Date,Open,High,Low,Close,Adj Close,Volume
1984-11-05,3.28125,3.3125,3.1875,3.25,2.7263400554656982,92000
1984-11-06,3.28125,3.40625,3.28125,3.34375,2.8049843311309814,172400
1984-11-07,3.375,3.375,3.3125,3.3125,2.7787697315216064,57600
1984-11-08,3.3125,3.375,3.3125,3.34375,2.8049843311309814,42000
1984-11-09,3.375,3.375,3.3125,3.34375,2.8049843311309814,70800
1984-11-12,3.3125,3.34375,3.3125,3.3125,2.7787697315216064,34800
1984-11-13,3.375,3.5,3.375,3.40625,2.8574137687683105,231200
1984-11-14,3.40625,3.40625,3.375,3.375,2.831200122833252,84000
1984-11-15,3.375,3.40625,3.375,3.375,2.831200122833252,28800
1984-11-16,3.375,3.40625,3.25,3.25,2.7263400554656982,87200
1984-11-19,3.28125,3.3125,3.21875,3.25,2.7263400554656982,84400
1984-11-20,3.25,3.3125,3.25,3.3125,2.7787697315216064,100800
1984-11-21,3.375,3.40625,3.34375,3.375,2.831200122833252,95600
1984-11-23,3.4375,3.5,3.4375,3.5,2.936058521270752,336000
1984-11-26,3.53125,3.53125,3.46875,3.5,2.936058521270752,102000
1984-11-27,3.46875,3.5,3.46875,3.5,2.936058521270752,188000
1984-11-28,3.53125,3.53125,3.4375,3.4375,2.8836288452148438,72000
1984-11-29,3.4375,3.4375,3.375,3.40625,2.8574137687683105,71600
1984-11-30,3.375,3.40625,3.3125,3.34375,2.8049843311309814,68800
1984-12-03,3.375,3.4375,3.375,3.4375,2.8836288452148438,66000
1984-12-04,3.5,3.59375,3.5,3.5625,2.98848819732666,591200
1984-12-05,3.5625,3.59375,3.53125,3.53125,2.962273359298706,288000
1984-12-06,3.5625,3.5625,3.5,3.5,2.936058521270752,72000
1984-12-07,3.53125,3.53125,3.5,3.53125,2.962273359298706,90400
1984-12-10,3.59375,3.59375,3.5,3.5,2.936058521270752,96000
1984-12-11,3.46875,3.46875,3.4375,3.4375,2.8836288452148438,50400
1984-12-12,3.46875,3.5,3.4375,3.5,2.936058521270752,82000
1984-12-13,3.5,3.5,3.4375,3.46875,2.909844160079956,71200
1984-12-14,3.46875,3.5,3.40625,3.46875,2.909844160079956,195200
1984-12-17,3.5,3.6875,3.46875,3.65625,3.0671327114105225,291600
1984-12-18,3.75,3.84375,3.75,3.8125,3.198206663131714,332400
1984-12-19,3.84375,3.875,3.75,3.78125,3.171992063522339,704800
1984-12-20,3.78125,3.8125,3.78125,3.8125,3.198206663131714,66800
1984-12-21,3.78125,3.78125,3.75,3.75,3.1457786560058594,44000
1984-12-24,3.78125,3.8125,3.75,3.78125,3.171992063522339,432400
1984-12-26,3.8125,3.8125,3.75,3.78125,3.171992063522339,29200
1984-12-27,3.75,3.75,3.71875,3.71875,3.1195621490478516,176400
1984-12-28,3.71875,3.84375,3.6875,3.84375,3.224421739578247,252000
1984-12-31,3.8125,3.84375,3.78125,3.78125,3.171992063522339,89600
1985-01-02,3.78125,3.78125,3.6875,3.71875,3.1195621490478516,236400
1985-01-03,3.6875,3.6875,3.59375,3.65625,3.0671327114105225,233200
1985-01-04,3.65625,3.6875,3.65625,3.65625,3.0671327114105225,107600
1985-01-07,3.6875,3.75,3.6875,3.75,3.1457786560058594,140400
1985-01-08,3.75,3.84375,3.75,3.84375,3.2319633960723877,177200
1985-01-09,3.84375,3.84375,3.8125,3.84375,3.2319633960723877,98000
1985-01-10,3.84375,3.84375,3.59375,3.75,3.153134822845459,274400
1985-01-11,3.75,3.78125,3.6875,3.6875,3.1005821228027344,96400
1985-01-14,3.71875,3.71875,3.6875,3.71875,3.126858711242676,91200
1985-01-15,3.71875,3.875,3.71875,3.78125,3.179410457611084,180400
1985-01-16,3.75,3.90625,3.75,3.875,3.2582380771636963,148000
1985-01-17,3.875,3.90625,3.5625,3.75,3.153134822845459,796800
1985-01-18,3.78125,3.90625,3.78125,3.90625,3.284515380859375,257200
1985-01-21,3.875,3.9375,3.84375,3.875,3.2582380771636963,145600
1985-01-22,3.9375,3.96875,3.84375,3.90625,3.284515380859375,268800
1985-01-23,3.90625,4.0625,3.90625,4.0,3.3633439540863037,317200
1985-01-24,4.0625,4.15625,4.0625,4.125,3.468446731567383,284000
1985-01-25,4.21875,4.21875,4.0625,4.09375,3.442172050476074,712000
1985-01-28,4.09375,4.1875,4.09375,4.125,3.468446731567383,199600
1985-01-29,4.21875,4.40625,4.21875,4.375,3.678657293319702,903200
1985-01-30,4.5625,4.59375,4.5,4.5,3.7837629318237305,1037600
1985-01-31,4.5,4.5625,4.5,4.53125,3.8100385665893555,387600
1985-02-01,4.5,4.5,4.375,4.46875,3.7574849128723145,571600
1985-02-04,4.46875,4.5,4.4375,4.5,3.7837629318237305,207200
1985-02-05,4.53125,4.65625,4.5,4.625,3.8888659477233887,418000
1985-02-06,4.5625,4.625,4.53125,4.5625,3.8363122940063477,204800
1985-02-07,4.53125,4.6875,4.53125,4.65625,3.9151439666748047,502400
1985-02-08,4.78125,4.90625,4.53125,4.53125,3.8100385665893555,933600
1985-02-11,4.59375,4.71875,4.5625,4.71875,3.9676952362060547,474800
1985-02-12,4.6875,4.8125,4.6875,4.75,3.9939708709716797,334800
1985-02-13,4.71875,4.75,4.6875,4.75,3.9939708709716797,588800
1985-02-14,4.75,4.75,4.6875,4.6875,3.941420078277588,443200
1985-02-15,4.6875,4.71875,4.625,4.6875,3.941420078277588,296800
1985-02-19,4.6875,4.875,4.6875,4.875,4.099074840545654,1018400
1985-02-20,4.875,4.875,4.625,4.78125,4.0202460289001465,1711200
1985-02-21,4.78125,4.78125,4.65625,4.65625,3.9151439666748047,880800
1985-02-22,4.625,4.65625,4.625,4.625,3.8888659477233887,181600
1985-02-25,4.59375,4.59375,4.4375,4.5,3.7837629318237305,190400
1985-02-26,4.4375,4.71875,4.28125,4.65625,3.9151439666748047,696800
1985-02-27,4.71875,4.71875,4.59375,4.625,3.8888659477233887,175200
1985-02-28,4.625,4.8125,4.625,4.78125,4.0202460289001465,338800
1985-03-01,4.75,4.90625,4.75,4.875,4.099074840545654,359600
1985-03-04,4.875,4.9375,4.75,4.78125,4.0202460289001465,1130800
1985-03-05,4.78125,4.8125,4.71875,4.71875,3.9676952362060547,346800
1985-03-06,4.71875,4.78125,4.6875,4.71875,3.9676952362060547,180800
1985-03-07,4.71875,4.75,4.71875,4.71875,3.9676952362060547,81200
1985-03-08,4.6875,4.75,4.6875,4.6875,3.941420078277588,126400
1985-03-11,4.6875,4.71875,4.625,4.65625,3.9151439666748047,378800
1985-03-12,4.625,4.625,4.5625,4.625,3.8888659477233887,206400
1985-03-13,4.625,4.65625,4.625,4.65625,3.9151439666748047,57200
1985-03-14,4.59375,4.6875,4.5625,4.65625,3.9151439666748047,245600
1985-03-15,4.625,4.65625,4.625,4.625,3.8888659477233887,87200
1985-03-18,4.625,4.6875,4.625,4.65625,3.9151439666748047,96000
1985-03-19,4.6875,4.78125,4.65625,4.75,3.9939708709716797,156800
1985-03-20,4.78125,4.8125,4.75,4.78125,4.0202460289001465,454000
1985-03-21,4.84375,4.84375,4.78125,4.8125,4.0465216636657715,118400
1985-03-22,4.84375,4.84375,4.78125,4.8125,4.0465216636657715,60000
1985-03-25,4.78125,4.8125,4.75,4.75,3.9939708709716797,49200
1985-03-26,4.78125,4.78125,4.6875,4.71875,3.9676952362060547,38400
1985-03-27,4.71875,4.8125,4.71875,4.8125,4.0465216636657715,94400
1985-03-28,4.8125,4.875,4.8125,4.875,4.099074840545654,137200
1985-03-29,4.875,4.90625,4.875,4.90625,4.1253509521484375,182000
1985-04-01,4.9375,5.03125,4.90625,5.0,4.2041802406311035,282000
1985-04-02,5.0625,5.3125,4.9375,4.96875,4.177903652191162,739200
1985-04-03,5.0,5.03125,4.875,4.90625,4.1253509521484375,97200
1985-04-04,4.9375,4.9375,4.8125,4.90625,4.1253509521484375,76000
1985-04-08,4.875,4.90625,4.8125,4.875,4.099074840545654,61200
1985-04-09,4.8125,4.84375,4.75,4.78125,4.027475357055664,55200
1985-04-10,4.75,4.8125,4.75,4.78125,4.027475357055664,85600
1985-04-11,4.8125,4.8125,4.78125,4.8125,4.053797721862793,30400
1985-04-12,4.78125,4.8125,4.78125,4.78125,4.027475357055664,30000
1985-04-15,4.78125,4.9375,4.78125,4.875,4.106446266174316,141600
1985-04-16,4.9375,5.0625,4.9375,5.0625,4.264386177062988,848800
1985-04-17,5.0625,5.25,5.0625,5.1875,4.369678497314453,340800
1985-04-18,5.3125,5.375,5.28125,5.28125,4.448648929595947,760000
1985-04-19,5.3125,5.4375,5.3125,5.4375,4.580266952514648,1132400
1985-04-22,5.4375,5.4375,5.3125,5.375,4.527620315551758,350000
1985-04-23,5.375,5.5625,5.375,5.53125,4.659237861633301,924800
1985-04-24,5.5625,5.5625,5.375,5.40625,4.553943634033203,471600
1985-04-25,5.40625,5.4375,5.375,5.4375,4.580266952514648,277200
1985-04-26,5.5,5.5,5.34375,5.34375,4.501297950744629,338400
1985-04-29,5.34375,5.34375,5.09375,5.1875,4.369678497314453,91200
1985-04-30,5.15625,5.1875,5.0625,5.125,4.317032814025879,238000
1985-05-01,5.125,5.1875,5.09375,5.09375,4.290709495544434,121600
1985-05-02,5.125,5.125,5.0625,5.09375,4.290709495544434,908400
1985-05-03,5.125,5.28125,5.125,5.25,4.422326564788818,226800
1985-05-06,5.3125,5.4375,5.25,5.40625,4.553943634033203,111600
1985-05-07,5.46875,5.5625,5.4375,5.53125,4.659237861633301,264400
1985-05-08,5.46875,5.5,5.4375,5.4375,4.580266952514648,210000
1985-05-09,5.4375,5.46875,5.4375,5.46875,4.606590270996094,406800
1985-05-10,5.46875,5.71875,5.46875,5.6875,4.790853977203369,366800
1985-05-13,5.6875,5.71875,5.65625,5.65625,4.764531135559082,132400
1985-05-14,5.625,5.625,5.4375,5.46875,4.606590270996094,252000
1985-05-15,5.46875,5.53125,5.46875,5.5,4.632913589477539,222000
1985-05-16,5.5,5.5625,5.5,5.5,4.632913589477539,328400
1985-05-17,5.5625,5.59375,5.46875,5.53125,4.659237861633301,185600
1985-05-20,5.59375,5.6875,5.59375,5.6875,4.790853977203369,261200
1985-05-21,5.6875,5.6875,5.625,5.65625,4.764531135559082,152000
1985-05-22,5.625,5.625,5.5625,5.5625,4.6855597496032715,396400
1985-05-23,5.59375,5.59375,5.5,5.53125,4.659237861633301,193600
1985-05-24,5.5,5.5625,5.46875,5.46875,4.606590270996094,598400
1985-05-28,5.4375,5.4375,5.375,5.40625,4.553943634033203,108400
1985-05-29,5.375,5.40625,5.375,5.375,4.527620315551758,85200
1985-05-30,5.40625,5.40625,5.34375,5.375,4.527620315551758,52800
1985-05-31,5.375,5.5,5.375,5.5,4.632913589477539,218400
1985-06-03,5.4375,5.53125,5.40625,5.5,4.632913589477539,471200
1985-06-04,5.53125,5.6875,5.46875,5.6875,4.790853977203369,245200
1985-06-05,5.78125,5.90625,5.78125,5.875,4.948792457580566,265200
1985-06-06,5.9375,6.1875,5.9375,6.125,5.1593804359436035,284400
1985-06-07,6.125,6.1875,6.125,6.125,5.1593804359436035,142800
1985-06-10,6.125,6.3125,6.125,6.25,5.264673709869385,285200
1985-06-11,6.3125,6.3125,6.0,6.0625,5.106734275817871,260000
1985-06-12,6.09375,6.09375,6.0,6.03125,5.080410003662109,75200
1985-06-13,5.96875,6.0625,5.9375,6.0,5.0540876388549805,429200
1985-06-14,6.0,6.03125,5.96875,5.96875,5.027765274047852,70000
1985-06-17,6.0,6.03125,5.96875,5.96875,5.027765274047852,49600
1985-06-18,6.0,6.125,5.96875,6.03125,5.080410003662109,135200
1985-06-19,6.0625,6.0625,6.0,6.03125,5.080410003662109,416000
1985-06-20,6.0625,6.0625,5.875,5.875,4.948792457580566,66400
1985-06-21,5.84375,5.875,5.71875,5.875,4.948792457580566,109200
1985-06-24,5.8125,5.8125,5.71875,5.75,4.843499183654785,240000
1985-06-25,5.78125,5.8125,5.71875,5.75,4.843499183654785,134400
1985-06-26,5.75,5.75,5.6875,5.71875,4.817175388336182,98000
1985-06-27,5.6875,5.90625,5.6875,5.84375,4.92247200012207,257600
1985-06-28,5.875,5.875,5.8125,5.8125,4.89614725112915,99200
1985-07-01,5.8125,5.84375,5.78125,5.84375,4.92247200012207,124400
1985-07-02,5.875,5.96875,5.875,5.9375,5.00144100189209,204000
1985-07-03,5.9375,5.9375,5.875,5.9375,5.00144100189209,71600
1985-07-05,5.875,5.9375,5.875,5.9375,5.00144100189209,75600
1985-07-08,5.9375,5.96875,5.90625,5.96875,5.027765274047852,78000
1985-07-09,5.90625,5.9375,5.90625,5.90625,4.983467102050781,90800
1985-07-10,5.9375,6.15625,5.90625,6.15625,5.194405555725098,164800
1985-07-11,6.25,6.25,6.125,6.125,5.168039321899414,746400
1985-07-12,6.125,6.25,6.125,6.25,5.273509502410889,510000
1985-07-15,6.25,6.375,6.21875,6.375,5.378979206085205,201600
1985-07-16,6.375,6.46875,6.375,6.46875,5.4580817222595215,611600
1985-07-17,6.5,6.59375,6.5,6.5,5.4844489097595215,376000
1985-07-18,6.46875,6.53125,6.4375,6.5,5.4844489097595215,483200
1985-07-19,6.5,6.5625,6.4375,6.5,5.4844489097595215,202000
1985-07-22,6.5,6.5,6.4375,6.46875,5.4580817222595215,80000
1985-07-23,6.46875,6.46875,6.40625,6.40625,5.40534782409668,354800
1985-07-24,6.375,6.375,6.28125,6.34375,5.352611541748047,168400
1985-07-25,6.34375,6.34375,6.15625,6.25,5.273509502410889,435200
1985-07-26,6.25,6.28125,6.1875,6.28125,5.299877643585205,130000
1985-07-29,6.28125,6.28125,6.21875,6.21875,5.247141361236572,52000
1985-07-30,6.21875,6.28125,6.21875,6.21875,5.247141361236572,66000
1985-07-31,6.25,6.34375,6.21875,6.25,5.273509502410889,241600
1985-08-01,6.3125,6.40625,6.3125,6.34375,5.352611541748047,159600
1985-08-02,6.375,6.4375,6.3125,6.3125,5.3262457847595215,119200
1985-08-05,6.34375,6.375,6.25,6.25,5.273509502410889,155200
1985-08-06,6.25,6.28125,6.0,6.03125,5.088935852050781,280400
1985-08-07,5.96875,6.0625,5.90625,6.0625,5.115303993225098,259600
1985-08-08,6.03125,6.1875,6.03125,6.15625,5.194405555725098,234000
1985-08-09,6.15625,6.28125,6.125,6.28125,5.299877643585205,372400
1985-08-12,6.25,6.3125,6.21875,6.28125,5.299877643585205,93600
1985-08-13,6.25,6.25,6.21875,6.21875,5.247141361236572,194800
1985-08-14,6.21875,6.3125,6.21875,6.25,5.273509502410889,342800
1985-08-15,6.28125,6.28125,6.21875,6.25,5.273509502410889,392400
1985-08-16,6.1875,6.21875,6.1875,6.1875,5.220775604248047,29600
1985-08-19,6.21875,6.34375,6.21875,6.3125,5.3262457847595215,162000
1985-08-20,6.375,6.53125,6.34375,6.46875,5.4580817222595215,400800
1985-08-21,6.5,6.5,6.375,6.375,5.378979206085205,168800
1985-08-22,6.34375,6.40625,6.28125,6.28125,5.299877643585205,555200
1985-08-23,6.1875,6.21875,5.75,5.84375,4.930730819702148,1390400
1985-08-26,5.8125,5.8125,5.625,5.75,4.85162878036499,298000
1985-08-27,5.75,5.78125,5.53125,5.5625,4.693422794342041,437600
1985-08-28,5.5625,5.5625,5.21875,5.34375,4.508850574493408,1820000
1985-08-29,5.3125,5.375,5.3125,5.34375,4.508850574493408,356000
1985-08-30,5.34375,5.40625,5.3125,5.375,4.53521728515625,568800
1985-09-03,5.375,5.375,5.03125,5.25,4.429747104644775,820400
1985-09-04,5.21875,5.3125,5.09375,5.1875,4.377012729644775,404800
1985-09-05,5.0625,5.28125,5.03125,5.25,4.429747104644775,1319600
1985-09-06,5.25,5.3125,5.25,5.3125,4.482481002807617,115600
1985-09-09,5.25,5.34375,5.25,5.34375,4.508850574493408,682800
1985-09-10,5.34375,5.46875,5.28125,5.4375,4.587952613830566,438400
1985-09-11,5.4375,5.4375,5.34375,5.375,4.53521728515625,159200
1985-09-12,5.3125,5.34375,5.28125,5.34375,4.508850574493408,120400
1985-09-13,5.28125,5.3125,5.09375,5.25,4.429747104644775,644800
1985-09-16,5.25,5.3125,5.21875,5.25,4.429747104644775,302800
1985-09-17,5.21875,5.21875,4.9375,4.96875,4.192440509796143,987600
1985-09-18,4.96875,4.96875,4.90625,4.90625,4.13970422744751,349600
1985-09-19,4.90625,5.0,4.84375,4.96875,4.192440509796143,345200
1985-09-20,5.0,5.0,4.96875,4.96875,4.192440509796143,102000
1985-09-23,5.03125,5.15625,5.03125,5.09375,4.297909259796143,345600
1985-09-24,5.0625,5.09375,5.0,5.0,4.218807697296143,99600
1985-09-25,5.0,5.0625,4.9375,4.9375,4.166072845458984,389600
1985-09-26,4.9375,4.96875,4.90625,4.9375,4.166072845458984,84800
1985-09-30,4.9375,4.96875,4.875,4.90625,4.13970422744751,228800
1985-10-01,4.875,4.96875,4.875,4.9375,4.166072845458984,159600
1985-10-02,5.0,5.21875,4.96875,5.1875,4.377012729644775,447600
1985-10-03,5.1875,5.40625,5.15625,5.40625,4.561585903167725,347600
1985-10-04,5.4375,5.4375,5.25,5.34375,4.508850574493408,219600
1985-10-07,5.34375,5.4375,5.34375,5.375,4.53521728515625,76800
1985-10-08,5.3125,5.375,5.28125,5.3125,4.490837574005127,55200
1985-10-09,5.28125,5.28125,5.09375,5.09375,4.30592155456543,223600
1985-10-10,5.125,5.125,5.09375,5.125,4.332338333129883,24400
1985-10-11,5.125,5.15625,5.09375,5.15625,4.358753681182861,90800
1985-10-14,5.125,5.15625,5.125,5.125,4.332338333129883,189600
1985-10-15,5.0625,5.0625,4.5,4.59375,3.8832550048828125,1324400
1985-10-16,4.59375,4.65625,4.46875,4.65625,3.9360878467559814,633600
1985-10-17,4.65625,4.65625,4.5,4.5625,3.856837511062622,769200
1985-10-18,4.5625,4.5625,4.4375,4.5,3.804004669189453,746000
1985-10-21,4.5,4.5,4.4375,4.4375,3.7511701583862305,190400
1985-10-22,4.46875,4.46875,4.375,4.4375,3.7511701583862305,334400
1985-10-23,4.4375,4.71875,4.40625,4.71875,3.9889209270477295,867200
1985-10-24,4.75,5.0,4.75,4.90625,4.147419452667236,791600
1985-10-25,4.875,4.875,4.625,4.625,3.9096691608428955,715200
1985-10-28,4.5625,4.5625,4.53125,4.5625,3.856837511062622,384800
1985-10-29,4.53125,4.53125,4.4375,4.53125,3.830420732498169,379200
1985-10-30,4.53125,4.625,4.46875,4.625,3.9096691608428955,885600
1985-10-31,4.625,4.875,4.5625,4.8125,4.06817102432251,2690400
1985-11-01,4.90625,5.03125,4.875,5.03125,4.253087997436523,1823600
1985-11-04,5.0,5.21875,5.0,5.1875,4.3851704597473145,776000
1985-11-05,5.15625,5.1875,5.03125,5.09375,4.30592155456543,387600
1985-11-06,5.09375,5.125,5.0,5.03125,4.253087997436523,580400
1985-11-07,5.03125,5.125,5.0,5.0625,4.279505252838135,1062000
1985-11-08,5.0625,5.0625,5.03125,5.0625,4.279505252838135,276400
1985-11-11,5.0625,5.09375,5.03125,5.03125,4.253087997436523,202000
1985-11-12,5.0,5.03125,4.78125,4.875,4.121004104614258,787200
1985-11-13,4.90625,5.0,4.875,4.9375,4.173835277557373,466000
1985-11-14,4.96875,5.03125,4.9375,5.03125,4.253087997436523,468800
1985-11-15,5.03125,5.0625,5.0,5.0625,4.279505252838135,242000
1985-11-18,5.03125,5.0625,4.9375,5.0,4.2266716957092285,384000
1985-11-19,5.0625,5.15625,5.0,5.0625,4.279505252838135,472000
1985-11-20,5.09375,5.09375,4.84375,4.875,4.121004104614258,450000
1985-11-21,4.84375,4.9375,4.59375,4.71875,3.9889209270477295,782400
1985-11-22,4.75,4.9375,4.65625,4.9375,4.173835277557373,675600
1985-11-25,4.96875,4.96875,4.8125,4.90625,4.147419452667236,210800
1985-11-26,4.90625,4.9375,4.84375,4.875,4.121004104614258,176800
1985-11-27,4.90625,4.90625,4.8125,4.875,4.121004104614258,439600
1985-11-29,4.84375,4.84375,4.78125,4.8125,4.06817102432251,138400
1985-12-02,4.8125,4.9375,4.78125,4.875,4.121004104614258,637600
1985-12-03,4.84375,4.96875,4.84375,4.9375,4.173835277557373,571200
1985-12-04,4.9375,5.03125,4.90625,5.0,4.2266716957092285,392400
1985-12-05,5.03125,5.125,5.0,5.0,4.2266716957092285,740800
1985-12-06,4.96875,4.96875,4.875,4.875,4.121004104614258,142000
1985-12-09,4.96875,5.125,4.96875,5.0625,4.279505252838135,578400
1985-12-10,5.0625,5.125,4.9375,5.0,4.2266716957092285,390400
1985-12-11,5.03125,5.03125,4.6875,4.75,4.01533842086792,1145200
1985-12-12,4.75,4.78125,4.5,4.625,3.9096691608428955,1072800
1985-12-13,4.625,4.625,4.25,4.28125,3.619086742401123,1161600
1985-12-16,4.28125,4.46875,4.25,4.40625,3.7247540950775146,644400
1985-12-17,4.4375,4.46875,4.34375,4.375,3.6983375549316406,283600
1985-12-18,4.3125,4.40625,4.28125,4.375,3.6983375549316406,562000
1985-12-19,4.34375,4.40625,4.3125,4.3125,3.6455037593841553,326400
1985-12-20,4.34375,4.375,4.3125,4.34375,3.6719205379486084,240000
1985-12-23,4.40625,4.40625,4.1875,4.1875,3.5398361682891846,376800
1985-12-24,4.15625,4.21875,4.125,4.15625,3.5134201049804688,455200
1985-12-26,4.125,4.15625,4.03125,4.0625,3.434170961380005,331200
1985-12-27,4.0625,4.21875,4.0625,4.1875,3.5398361682891846,516400
1985-12-30,4.15625,4.1875,4.0,4.0625,3.434170961380005,734000
1985-12-31,4.0,4.0625,3.9375,4.03125,3.4077534675598145,1074800
1986-01-02,4.03125,4.03125,3.96875,4.03125,3.4077534675598145,415600
1986-01-03,4.03125,4.0625,4.03125,4.03125,3.4077534675598145,506400
1986-01-06,4.0625,4.09375,3.9375,3.9375,3.3285040855407715,555200
1986-01-07,3.96875,4.03125,3.875,4.03125,3.4077534675598145,1501200
1986-01-08,4.03125,4.03125,3.9375,3.9375,3.3285040855407715,701200
1986-01-09,3.875,3.90625,3.8125,3.875,3.2840094566345215,1208400
1986-01-10,3.90625,4.0,3.90625,3.9375,3.3369789123535156,387200
1986-01-13,3.96875,3.96875,3.90625,3.96875,3.363461494445801,285200
1986-01-14,3.96875,4.125,3.96875,4.125,3.4958810806274414,591200
1986-01-15,4.1875,4.3125,4.1875,4.3125,3.6547858715057373,984400
1986-01-16,4.34375,4.4375,4.1875,4.4375,3.76072096824646,1280800
1986-01-17,4.4375,4.46875,4.34375,4.375,3.707753896713257,1152800
1986-01-20,4.375,4.40625,4.28125,4.40625,3.7342376708984375,622800
1986-01-21,4.375,4.4375,4.375,4.375,3.707753896713257,624400
1986-01-22,4.375,4.40625,4.25,4.25,3.6018171310424805,294400
1986-01-23,4.25,4.28125,4.125,4.25,3.6018171310424805,205200
1986-01-24,4.25,4.5625,4.25,4.46875,3.7872042655944824,1225200
1986-01-27,4.5,4.625,4.5,4.5,3.813690423965454,754800
1986-01-28,4.5,4.5,4.4375,4.4375,3.76072096824646,239200
1986-01-29,4.46875,4.53125,4.28125,4.28125,3.6283013820648193,480400
1986-01-30,4.3125,4.375,4.25,4.34375,3.681270122528076,174800
1986-01-31,4.3125,4.34375,4.25,4.34375,3.681270122528076,136000
1986-02-03,4.34375,4.34375,4.28125,4.34375,3.681270122528076,172400
1986-02-04,4.34375,4.53125,4.34375,4.40625,3.7342376708984375,710400
1986-02-05,4.4375,4.4375,4.375,4.40625,3.7342376708984375,287600
1986-02-06,4.40625,4.53125,4.40625,4.5,3.813690423965454,823200
1986-02-07,4.5,4.65625,4.5,4.625,3.919624090194702,668400
1986-02-10,4.59375,4.6875,4.59375,4.6875,3.9725940227508545,230400
1986-02-11,4.6875,4.6875,4.625,4.65625,3.9461100101470947,453600
1986-02-12,4.65625,4.6875,4.59375,4.65625,3.9461100101470947,704000
1986-02-13,4.625,4.65625,4.59375,4.625,3.919624090194702,354400
1986-02-14,4.65625,4.65625,4.625,4.65625,3.9461100101470947,245200
1986-02-18,4.65625,4.65625,4.59375,4.625,3.919624090194702,318800
1986-02-19,4.5625,4.59375,4.5625,4.5625,3.8666574954986572,642000
1986-02-20,4.46875,4.5625,4.46875,4.53125,3.8401737213134766,146000
1986-02-21,4.53125,4.65625,4.53125,4.59375,3.8931424617767334,212400
1986-02-24,4.625,4.71875,4.5625,4.625,3.919624090194702,514800
1986-02-25,4.59375,4.625,4.53125,4.5625,3.8666574954986572,199600
1986-02-26,4.5625,4.5625,4.5,4.53125,3.8401737213134766,768400
1986-02-27,4.5625,4.625,4.46875,4.53125,3.8401737213134766,495200
1986-02-28,4.5625,4.96875,4.5625,4.96875,4.210948467254639,1167200
1986-03-03,4.96875,5.25,4.96875,5.15625,4.369852066040039,802000
1986-03-04,5.1875,5.375,5.1875,5.28125,4.4757890701293945,814800
1986-03-05,5.25,5.28125,5.125,5.15625,4.369852066040039,270800
1986-03-06,5.09375,5.3125,5.09375,5.28125,4.4757890701293945,461200
1986-03-07,5.28125,5.28125,5.15625,5.21875,4.422819137573242,227600
1986-03-10,5.34375,5.375,5.25,5.25,4.449304103851318,316000
1986-03-11,5.25,5.3125,5.125,5.125,4.3433685302734375,346800
1986-03-12,5.15625,5.21875,5.15625,5.21875,4.422819137573242,325200
1986-03-13,5.4375,5.6875,5.4375,5.65625,4.793595790863037,1146800
1986-03-14,5.65625,5.6875,5.4375,5.4375,4.6082072257995605,438000
1986-03-17,5.25,5.375,5.1875,5.3125,4.502272129058838,456800
1986-03-18,5.34375,5.34375,5.25,5.3125,4.502272129058838,384000
1986-03-19,5.3125,5.3125,5.21875,5.25,4.449304103851318,233200
1986-03-20,5.1875,5.5,5.1875,5.4375,4.6082072257995605,546400
1986-03-21,5.40625,5.5625,5.40625,5.46875,4.634692668914795,790000
1986-03-24,5.4375,5.5,5.40625,5.40625,4.581723690032959,158400
1986-03-25,5.375,5.375,5.3125,5.34375,4.528756618499756,188800
1986-03-26,5.28125,5.3125,5.21875,5.3125,4.502272129058838,251600
1986-03-27,5.3125,5.3125,5.21875,5.28125,4.4757890701293945,454800
1986-03-31,5.28125,5.3125,5.125,5.1875,4.396335601806641,189200
1986-04-01,5.25,5.28125,5.125,5.15625,4.369852066040039,280400
1986-04-02,5.125,5.125,4.90625,5.03125,4.263916969299316,611200
1986-04-03,5.0625,5.09375,5.03125,5.0625,4.290401935577393,364800
1986-04-04,5.0625,5.125,5.0,5.0,4.237433910369873,280800
1986-04-07,5.0,5.0,4.8125,4.8125,4.078529357910156,354800
1986-04-08,4.84375,4.96875,4.84375,4.9375,4.184462547302246,346800
1986-04-09,5.0,5.0625,4.9375,5.0,4.246032238006592,284800
1986-04-10,5.0,5.03125,4.9375,5.03125,4.27256965637207,169600
1986-04-11,5.0625,5.09375,5.0,5.0,4.246032238006592,87200
1986-04-14,5.0,5.09375,4.96875,5.03125,4.27256965637207,288400
1986-04-15,5.0,5.0,4.90625,4.96875,4.219494819641113,363600
1986-04-16,5.0,5.1875,5.0,5.15625,4.378720283508301,701200
1986-04-17,5.1875,5.1875,5.125,5.125,4.352183818817139,688800
1986-04-18,5.125,5.15625,5.0,5.03125,4.27256965637207,279600
1986-04-21,5.0,5.0,4.90625,5.0,4.246032238006592,632000
1986-04-22,5.03125,5.125,5.0,5.03125,4.27256965637207,714000
1986-04-23,5.0625,5.09375,5.0,5.03125,4.27256965637207,245600
1986-04-24,5.0625,5.0625,5.0,5.0,4.246032238006592,79600
1986-04-25,5.0625,5.09375,4.96875,4.96875,4.219494819641113,197200
1986-04-28,5.0,5.03125,4.9375,4.96875,4.219494819641113,182800
1986-04-29,4.96875,5.0,4.84375,4.875,4.139880657196045,634800
1986-04-30,4.84375,4.875,4.59375,4.6875,3.980656623840332,354800
1986-05-01,4.71875,4.71875,4.5625,4.625,3.9275784492492676,281200
1986-05-02,4.65625,4.65625,4.625,4.65625,3.9541189670562744,142000
1986-05-05,4.65625,4.875,4.625,4.875,4.139880657196045,252800
1986-05-06,4.875,5.0,4.875,4.90625,4.166417121887207,263600
1986-05-07,4.90625,4.96875,4.875,4.96875,4.219494819641113,379200
1986-05-08,5.0,5.0625,5.0,5.0,4.246032238006592,250000
1986-05-09,5.0,5.0625,5.0,5.03125,4.27256965637207,190400
1986-05-12,5.0,5.0625,4.96875,5.0,4.246032238006592,163600
1986-05-13,4.96875,5.03125,4.96875,5.03125,4.27256965637207,246400
1986-05-14,5.0625,5.0625,5.0,5.0,4.246032238006592,163600
1986-05-15,5.0,5.0625,4.90625,4.9375,4.192955493927002,124000
1986-05-16,4.9375,4.9375,4.78125,4.8125,4.086805820465088,299600
1986-05-19,4.84375,4.875,4.78125,4.84375,4.11334228515625,159600
1986-05-20,4.84375,4.84375,4.71875,4.78125,4.060267925262451,135600
1986-05-21,4.75,4.75,4.6875,4.6875,3.980656623840332,134800
1986-05-22,4.65625,4.78125,4.65625,4.71875,4.007193088531494,265600
1986-05-23,4.75,4.875,4.71875,4.8125,4.086805820465088,396000
1986-05-27,4.8125,4.875,4.78125,4.84375,4.11334228515625,254400
1986-05-28,4.875,4.90625,4.84375,4.84375,4.11334228515625,161200
1986-05-29,4.84375,4.875,4.8125,4.84375,4.11334228515625,104800
1986-05-30,4.84375,4.90625,4.8125,4.8125,4.086805820465088,141600
1986-06-02,4.8125,4.84375,4.8125,4.84375,4.11334228515625,118000
1986-06-03,4.8125,4.90625,4.8125,4.84375,4.11334228515625,123200
1986-06-04,4.84375,4.875,4.78125,4.8125,4.086805820465088,246000
1986-06-05,4.8125,4.8125,4.5,4.5,3.8214290142059326,388800
1986-06-06,4.59375,4.625,4.5,4.5,3.8214290142059326,304000
1986-06-09,4.53125,4.53125,4.34375,4.40625,3.741816520690918,267200
1986-06-10,4.4375,4.4375,4.3125,4.40625,3.741816520690918,250000
1986-06-11,4.4375,4.46875,4.3125,4.3125,3.662203311920166,95600
1986-06-12,4.34375,4.34375,4.125,4.3125,3.662203311920166,622400
1986-06-13,4.25,4.3125,4.25,4.3125,3.662203311920166,632400
1986-06-16,4.34375,4.34375,4.15625,4.1875,3.55605149269104,887600
1986-06-17,4.125,4.21875,4.0,4.21875,3.582589626312256,488000
1986-06-18,4.15625,4.15625,4.03125,4.0625,3.449901819229126,696800
1986-06-19,4.0625,4.125,4.03125,4.09375,3.476438045501709,337200
1986-06-20,4.125,4.15625,4.0,4.0,3.3968253135681152,474000
1986-06-23,4.0,4.1875,4.0,4.1875,3.55605149269104,354400
1986-06-24,4.15625,4.25,4.09375,4.125,3.5029759407043457,524400
1986-06-25,4.125,4.15625,4.0625,4.09375,3.476438045501709,143200
1986-06-26,4.0625,4.09375,4.0,4.0,3.3968253135681152,266800
1986-06-27,4.0,4.09375,3.96875,4.09375,3.476438045501709,138800
1986-06-30,4.0625,4.125,4.03125,4.09375,3.476438045501709,136800
1986-07-01,4.09375,4.15625,4.0625,4.125,3.5029759407043457,206000
1986-07-02,4.15625,4.1875,4.09375,4.09375,3.476438045501709,151600
1986-07-03,4.09375,4.09375,3.96875,4.0,3.3968253135681152,546000
1986-07-07,4.0,4.0,3.90625,3.9375,3.343750238418579,280000
1986-07-08,3.96875,3.96875,3.875,3.9375,3.343750238418579,410000
1986-07-09,3.9375,4.0,3.9375,3.9375,3.352263927459717,180400
1986-07-10,3.9375,4.0,3.90625,3.96875,3.378868579864502,220000
1986-07-11,3.9375,3.96875,3.90625,3.96875,3.378868579864502,123200
1986-07-14,3.9375,3.9375,3.625,3.625,3.086211681365967,717200
1986-07-15,3.59375,3.6875,3.5625,3.65625,3.112816095352173,506000
1986-07-16,3.71875,3.75,3.6875,3.71875,3.166027069091797,720800
1986-07-17,3.71875,3.75,3.6875,3.71875,3.166027069091797,216000
1986-07-18,3.71875,3.78125,3.6875,3.75,3.1926326751708984,418000
1986-07-21,3.78125,3.78125,3.625,3.65625,3.112816095352173,511600
1986-07-22,3.65625,3.75,3.65625,3.75,3.1926326751708984,837200
1986-07-23,3.75,3.8125,3.71875,3.75,3.1926326751708984,344400
1986-07-24,3.75,4.0,3.75,3.96875,3.378868579864502,588800
1986-07-25,4.0,4.0,3.84375,3.875,3.2990527153015137,163200
1986-07-28,3.90625,3.9375,3.875,3.875,3.2990527153015137,94000
1986-07-29,3.875,3.96875,3.84375,3.875,3.2990527153015137,190800
1986-07-30,3.90625,3.90625,3.875,3.90625,3.3256583213806152,63600
1986-07-31,3.9375,3.9375,3.875,3.90625,3.3256583213806152,138400
1986-08-01,3.90625,3.90625,3.75,3.75,3.1926326751708984,241200
1986-08-04,3.75,3.84375,3.71875,3.8125,3.245842695236206,125200
1986-08-05,3.875,3.875,3.75,3.75,3.1926326751708984,164800
1986-08-06,3.78125,3.78125,3.625,3.65625,3.112816095352173,300800
1986-08-07,3.6875,3.71875,3.625,3.71875,3.166027069091797,355200
1986-08-08,3.75,3.75,3.6875,3.6875,3.139420986175537,63600
1986-08-11,3.6875,3.75,3.6875,3.75,3.1926326751708984,69600
1986-08-12,3.75,3.78125,3.71875,3.71875,3.166027069091797,174000
1986-08-13,3.75,3.9375,3.6875,3.90625,3.3256583213806152,390000
1986-08-14,3.90625,4.1875,3.90625,4.1875,3.56510591506958,696800
1986-08-15,4.1875,4.53125,4.125,4.5,3.8311591148376465,1156400
1986-08-18,4.5,4.5,4.4375,4.5,3.8311591148376465,485200
1986-08-19,4.46875,4.5,4.40625,4.4375,3.7779476642608643,465200
1986-08-20,4.4375,4.46875,4.34375,4.46875,3.8045525550842285,402800
1986-08-21,4.46875,4.65625,4.46875,4.59375,3.9109764099121094,737200
1986-08-22,4.59375,4.59375,4.375,4.4375,3.7779476642608643,128800
1986-08-25,4.375,4.53125,4.34375,4.46875,3.8045525550842285,279600
1986-08-26,4.5,4.5,4.40625,4.5,3.8311591148376465,219200
1986-08-27,4.46875,4.5,4.375,4.375,3.724738359451294,128400
1986-08-28,4.375,4.375,4.21875,4.25,3.618316411972046,128800
1986-08-29,4.25,4.34375,4.15625,4.3125,3.671527624130249,177600
1986-09-02,4.34375,4.375,4.3125,4.375,3.724738359451294,136400
1986-09-03,4.34375,4.375,4.25,4.25,3.618316411972046,202000
1986-09-04,4.25,4.375,4.21875,4.34375,3.6981329917907715,134000
1986-09-05,4.375,4.375,4.25,4.3125,3.671527624130249,153200
1986-09-08,4.3125,4.375,4.28125,4.34375,3.6981329917907715,103600
1986-09-09,4.34375,4.46875,4.3125,4.46875,3.8045525550842285,324400
1986-09-10,4.5,4.65625,4.5,4.65625,3.964186429977417,918800
1986-09-11,4.71875,4.84375,4.5,4.71875,4.017395496368408,1066800
1986-09-12,4.65625,4.71875,4.4375,4.71875,4.017395496368408,602800
1986-09-15,4.71875,4.78125,4.625,4.78125,4.070606708526611,959600
1986-09-16,4.75,4.8125,4.6875,4.78125,4.070606708526611,844800
1986-09-17,4.84375,5.09375,4.84375,4.96875,4.2302374839782715,1153200
1986-09-18,4.96875,5.0,4.90625,4.9375,4.20363187789917,416800
1986-09-19,4.9375,4.9375,4.78125,4.78125,4.070606708526611,191600
1986-09-22,4.78125,4.875,4.71875,4.875,4.150421619415283,724000
1986-09-23,4.9375,4.9375,4.84375,4.875,4.150421619415283,277200
1986-09-24,4.875,4.875,4.78125,4.78125,4.070606708526611,573600
1986-09-25,4.78125,4.8125,4.65625,4.75,4.04400110244751,447600
1986-09-26,4.65625,4.71875,4.625,4.65625,3.964186429977417,215200
1986-09-29,4.65625,4.65625,4.5,4.5625,3.884368658065796,232800
1986-09-30,4.5,4.53125,4.46875,4.5,3.8311591148376465,241200
1986-10-01,4.59375,4.71875,4.59375,4.6875,3.9907922744750977,620400
1986-10-02,4.71875,4.71875,4.6875,4.6875,3.9907922744750977,222000
1986-10-03,4.6875,4.71875,4.625,4.65625,3.964186429977417,200000
1986-10-06,4.59375,4.59375,4.53125,4.5625,3.884368658065796,95200
1986-10-07,4.5625,4.625,4.5625,4.59375,3.9109764099121094,274800
1986-10-08,4.9375,4.9375,4.5625,4.9375,4.212802886962891,1220000
1986-10-09,4.90625,5.0,4.84375,4.84375,4.132813453674316,606400
1986-10-10,4.8125,4.875,4.6875,4.75,4.052822589874268,420800
1986-10-13,4.75,4.75,4.6875,4.75,4.052822589874268,238400
1986-10-14,4.9375,4.9375,4.75,4.8125,4.106148719787598,600400
1986-10-15,4.84375,5.0,4.78125,4.90625,4.186140537261963,606000
1986-10-16,4.9375,4.96875,4.78125,4.8125,4.106148719787598,103200
1986-10-17,4.75,4.8125,4.75,4.8125,4.106148719787598,133600
1986-10-20,4.8125,4.8125,4.6875,4.75,4.052822589874268,98000
1986-10-21,4.75,4.78125,4.65625,4.6875,3.999497175216675,174400
1986-10-22,4.6875,4.84375,4.6875,4.8125,4.106148719787598,745600
1986-10-23,4.78125,4.9375,4.78125,4.9375,4.212802886962891,561600
1986-10-24,4.9375,5.0625,4.9375,5.0625,4.319456100463867,650800
1986-10-27,5.0,5.15625,5.0,5.0625,4.319456100463867,401200
1986-10-28,5.0625,5.09375,5.0,5.0625,4.319456100463867,267200
1986-10-29,5.0625,5.1875,5.03125,5.15625,4.3994460105896,898000
1986-10-30,5.21875,5.25,5.0625,5.09375,4.346120357513428,714400
1986-10-31,5.0625,5.09375,4.96875,5.09375,4.346120357513428,505200
1986-11-03,5.09375,5.09375,4.96875,5.0,4.266129970550537,540800
1986-11-04,5.0,5.09375,5.0,5.09375,4.346120357513428,343600
1986-11-05,5.09375,5.125,5.0,5.0625,4.319456100463867,188400
1986-11-06,5.03125,5.0625,4.9375,5.03125,4.292795658111572,262000
1986-11-07,5.0,5.0,4.90625,4.90625,4.186140537261963,97200
1986-11-10,4.875,4.96875,4.875,4.90625,4.186140537261963,74000
1986-11-11,4.90625,4.90625,4.75,4.78125,4.079488277435303,164000
1986-11-12,4.75,4.84375,4.75,4.78125,4.079488277435303,146800
1986-11-13,4.75,4.75,4.6875,4.6875,3.999497175216675,125600
1986-11-14,4.6875,4.6875,4.59375,4.6875,3.999497175216675,71600
1986-11-17,4.65625,4.75,4.625,4.75,4.052822589874268,258800
1986-11-18,4.8125,4.84375,4.65625,4.6875,3.999497175216675,171200
1986-11-19,4.65625,4.65625,4.4375,4.5,3.839517593383789,397600
1986-11-20,4.5,4.625,4.5,4.625,3.9461703300476074,321200
1986-11-21,4.625,4.625,4.59375,4.625,3.9461703300476074,428400
1986-11-24,4.625,4.625,4.5625,4.59375,3.9195079803466797,252000
1986-11-25,4.5625,4.65625,4.53125,4.65625,3.9728336334228516,295600
1986-11-26,4.625,4.6875,4.625,4.6875,3.999497175216675,35200
1986-11-28,4.65625,4.65625,4.59375,4.65625,3.9728336334228516,108000
1986-12-01,4.625,4.65625,4.625,4.65625,3.9728336334228516,72000
1986-12-02,4.65625,4.75,4.625,4.65625,3.9728336334228516,101600
1986-12-03,4.75,4.8125,4.71875,4.8125,4.106148719787598,141200
1986-12-04,4.8125,4.84375,4.78125,4.8125,4.106148719787598,86400
1986-12-05,4.8125,4.84375,4.78125,4.8125,4.106148719787598,125600
1986-12-08,4.84375,5.1875,4.8125,5.15625,4.3994460105896,1040000
1986-12-09,5.21875,5.21875,5.03125,5.09375,4.346120357513428,920800
1986-12-10,5.09375,5.1875,5.03125,5.09375,4.346120357513428,754400
1986-12-11,5.03125,5.125,5.03125,5.0625,4.319456100463867,181200
1986-12-12,5.0625,5.09375,4.9375,4.9375,4.212802886962891,262800
1986-12-15,4.96875,5.03125,4.78125,4.90625,4.186140537261963,405200
1986-12-16,4.9375,5.0,4.875,4.9375,4.212802886962891,492000
1986-12-17,4.875,4.90625,4.8125,4.90625,4.186140537261963,206000
1986-12-18,4.9375,4.96875,4.875,4.90625,4.186140537261963,166000
1986-12-19,4.9375,4.9375,4.8125,4.875,4.1594767570495605,240000
1986-12-22,4.84375,4.90625,4.84375,4.90625,4.186140537261963,187200
1986-12-23,4.875,5.15625,4.875,5.125,4.372783660888672,616800
1986-12-24,5.15625,5.15625,5.09375,5.15625,4.3994460105896,151200
1986-12-26,5.15625,5.1875,5.125,5.1875,4.42611026763916,183200
1986-12-29,5.15625,5.15625,5.09375,5.15625,4.3994460105896,363600
1986-12-30,5.09375,5.09375,5.0,5.0625,4.319456100463867,304400
1986-12-31,5.03125,5.03125,4.9375,5.0,4.266129970550537,262400
1987-01-02,5.03125,5.0625,5.0,5.0625,4.319456100463867,77200
1987-01-05,5.09375,5.15625,5.03125,5.15625,4.3994460105896,572800
1987-01-06,5.125,5.1875,5.09375,5.125,4.372783660888672,761200
1987-01-07,5.09375,5.15625,5.0625,5.125,4.372783660888672,292400
1987-01-08,5.1875,5.5,5.1875,5.5,4.692742347717285,2190400
1987-01-09,5.71875,5.75,5.4375,5.71875,4.888273239135742,1070000
1987-01-12,5.75,5.75,5.625,5.625,4.808139324188232,208400
1987-01-13,5.625,5.78125,5.625,5.75,4.91498327255249,710400
1987-01-14,5.75,5.9375,5.75,5.875,5.021834373474121,850000
1987-01-15,5.84375,5.84375,5.6875,5.71875,4.888273239135742,642400
1987-01-16,5.65625,5.75,5.59375,5.75,4.91498327255249,811200
1987-01-19,5.71875,6.0,5.6875,5.9375,5.075256824493408,687200
1987-01-20,5.9375,5.96875,5.75,5.75,4.91498327255249,372800
1987-01-21,5.625,5.65625,5.375,5.375,4.594444751739502,911600
1987-01-22,5.3125,5.78125,5.3125,5.6875,4.861562252044678,1161200
1987-01-23,5.65625,5.75,5.59375,5.71875,4.888273239135742,2270400
1987-01-26,5.65625,5.71875,5.625,5.65625,4.834850788116455,463200
1987-01-27,5.65625,5.90625,5.59375,5.6875,4.861562252044678,1255200
1987-01-28,5.75,5.875,5.6875,5.875,5.021834373474121,497600
1987-01-29,5.90625,5.96875,5.6875,5.96875,5.1019697189331055,890000
1987-01-30,5.9375,5.96875,5.8125,5.90625,5.048544406890869,418000
1987-02-02,5.90625,5.9375,5.78125,5.78125,4.941697120666504,887600
1987-02-03,5.78125,5.90625,5.78125,5.84375,4.995120525360107,635600
1987-02-04,5.875,5.90625,5.8125,5.84375,4.995120525360107,585200
1987-02-05,5.84375,6.1875,5.8125,6.15625,5.262240409851074,1128800
1987-02-06,6.1875,6.1875,5.90625,5.96875,5.1019697189331055,470800
1987-02-09,5.96875,6.0,5.875,5.9375,5.075256824493408,409200
1987-02-10,5.9375,5.96875,5.8125,5.90625,5.048544406890869,638000
1987-02-11,5.84375,5.90625,5.84375,5.875,5.021834373474121,620000
1987-02-12,5.90625,5.90625,5.75,5.75,4.91498327255249,234400
1987-02-13,5.75,5.96875,5.75,5.90625,5.048544406890869,505200
1987-02-17,5.90625,6.09375,5.90625,6.0625,5.18210506439209,569200
1987-02-18,6.21875,6.28125,5.96875,6.21875,5.3156633377075195,921200
1987-02-19,6.25,6.71875,6.25,6.59375,5.636205673217773,1019600
1987-02-20,6.71875,6.96875,6.6875,6.8125,5.8231892585754395,1183600
1987-02-23,6.8125,6.8125,6.5,6.625,5.662918567657471,783200
1987-02-24,6.6875,6.6875,6.5625,6.5625,5.609494209289551,387600
1987-02-25,6.5625,6.625,6.5625,6.625,5.662918567657471,854000
1987-02-26,6.625,6.875,6.59375,6.71875,5.7430524826049805,432400
1987-02-27,6.6875,6.71875,6.46875,6.625,5.662918567657471,309200
1987-03-02,6.5625,6.59375,6.28125,6.34375,5.422511577606201,354800
1987-03-03,6.34375,6.34375,6.125,6.15625,5.262240409851074,540400
1987-03-04,6.21875,6.84375,6.21875,6.65625,5.68963098526001,1308000
1987-03-05,6.625,6.625,6.28125,6.4375,5.502647399902344,871600
1987-03-06,6.40625,6.59375,6.40625,6.5,5.556070804595947,594400
1987-03-09,6.5,6.53125,6.34375,6.34375,5.422511577606201,509200
1987-03-10,6.40625,6.5625,6.375,6.46875,5.529358386993408,525600
1987-03-11,6.46875,6.5,6.375,6.4375,5.502647399902344,1396400
1987-03-12,6.40625,6.4375,6.375,6.40625,5.4759345054626465,637200
1987-03-13,6.375,6.40625,6.21875,6.25,5.342375755310059,625200
1987-03-16,6.15625,6.1875,6.0625,6.09375,5.2088165283203125,412400
1987-03-17,6.09375,6.09375,6.0,6.0,5.128682613372803,489600
1987-03-18,6.0,6.375,6.0,6.1875,5.2889533042907715,510400
1987-03-19,6.25,6.5625,6.25,6.5625,5.609494209289551,851600
1987-03-20,6.5,6.53125,6.34375,6.46875,5.529358386993408,259200
1987-03-23,6.375,6.53125,6.375,6.53125,5.582781791687012,251200
1987-03-24,6.59375,6.65625,6.53125,6.5625,5.609494209289551,642000
1987-03-25,6.5625,6.65625,6.40625,6.4375,5.502647399902344,987600
1987-03-26,6.375,6.5,6.34375,6.40625,5.4759345054626465,393600
1987-03-27,6.34375,6.375,6.3125,6.34375,5.422511577606201,84000
1987-03-30,6.21875,6.28125,6.09375,6.1875,5.2889533042907715,210000
1987-03-31,6.25,6.3125,6.0625,6.0625,5.18210506439209,333600
1987-04-01,5.9375,6.0625,5.6875,6.0625,5.18210506439209,504000
1987-04-02,6.09375,6.25,6.09375,6.15625,5.262240409851074,294400
1987-04-03,6.125,6.1875,6.09375,6.1875,5.2889533042907715,94000
1987-04-06,6.25,6.25,5.875,5.875,5.021834373474121,632000
1987-04-07,5.90625,5.9375,5.71875,5.71875,4.888273239135742,917600
1987-04-08,5.75,5.90625,5.6875,5.875,5.021834373474121,762800
1987-04-09,5.71875,6.0,5.71875,5.71875,4.896609306335449,586800
1987-04-10,5.65625,5.71875,5.59375,5.71875,4.896609306335449,306000
1987-04-13,5.6875,5.6875,5.625,5.625,4.816336631774902,237600
1987-04-14,5.5625,5.59375,5.1875,5.25,4.495247840881348,571200
1987-04-15,5.4375,5.5,5.28125,5.3125,4.548762321472168,496000
1987-04-16,5.375,5.4375,5.1875,5.25,4.495247840881348,629600
1987-04-20,5.28125,5.40625,5.25,5.25,4.495247840881348,248400
1987-04-21,5.125,5.40625,5.125,5.40625,4.629034519195557,563200
1987-04-22,5.40625,5.40625,5.3125,5.34375,4.575520038604736,276000
1987-04-23,5.3125,5.40625,5.25,5.375,4.602275371551514,209200
1987-04-24,5.34375,5.34375,5.28125,5.34375,4.575520038604736,125600
1987-04-27,5.28125,5.3125,5.21875,5.28125,4.522005081176758,216800
1987-04-28,5.25,5.34375,5.1875,5.21875,4.468489170074463,195600
1987-04-29,5.1875,5.25,4.9375,5.0625,4.334702491760254,401600
1987-04-30,5.03125,5.0625,4.5625,5.0625,4.334702491760254,1050000
1987-05-01,5.09375,5.125,5.03125,5.03125,4.30794620513916,135600
1987-05-04,5.0,5.03125,4.9375,5.0,4.281188011169434,487600
1987-05-05,5.03125,5.09375,4.9375,5.0625,4.334702491760254,322800
1987-05-06,5.09375,5.1875,5.0,5.03125,4.30794620513916,408000
1987-05-07,5.03125,5.09375,4.9375,4.96875,4.254431247711182,201600
1987-05-08,5.0,5.03125,4.90625,5.0,4.281188011169434,95200
1987-05-11,5.0,5.0,4.875,4.90625,4.200913906097412,219200
1987-05-12,4.9375,4.96875,4.875,4.90625,4.200913906097412,748400
1987-05-13,4.90625,4.9375,4.8125,4.875,4.17415714263916,455200
1987-05-14,4.90625,4.90625,4.6875,4.75,4.067127704620361,1284000
1987-05-15,4.75,4.8125,4.6875,4.78125,4.093885898590088,374000
1987-05-18,4.78125,4.78125,4.5625,4.71875,4.040371417999268,392000
1987-05-19,4.65625,4.875,4.65625,4.78125,4.093885898590088,489200
1987-05-20,4.71875,4.84375,4.6875,4.8125,4.120643138885498,234800
1987-05-21,4.84375,4.9375,4.8125,4.90625,4.200913906097412,651200
1987-05-22,4.9375,4.9375,4.875,4.90625,4.200913906097412,90000
1987-05-26,4.90625,5.0625,4.90625,5.0625,4.334702491760254,355600
1987-05-27,5.0625,5.09375,4.9375,5.0,4.281188011169434,566000
1987-05-28,5.0,5.0,4.90625,5.0,4.281188011169434,456800
1987-05-29,5.09375,5.09375,4.75,4.9375,4.227672576904297,368400
1987-06-01,4.9375,5.0,4.90625,4.9375,4.227672576904297,359600
1987-06-02,4.96875,4.96875,4.84375,4.84375,4.14739990234375,93600
1987-06-03,4.90625,4.90625,4.84375,4.90625,4.200913906097412,143600
1987-06-04,4.96875,4.96875,4.875,4.96875,4.254431247711182,199600
1987-06-05,5.03125,5.09375,5.0,5.03125,4.30794620513916,414800
1987-06-08,5.0,5.0,4.9375,5.0,4.281188011169434,108000
1987-06-09,5.0,5.40625,5.0,5.25,4.495247840881348,722400
1987-06-10,5.3125,5.5,5.3125,5.46875,4.682549953460693,1799200
1987-06-11,5.46875,5.65625,5.4375,5.5625,4.762820720672607,395600
1987-06-12,5.625,5.65625,5.5,5.5625,4.762820720672607,467200
1987-06-15,5.59375,5.65625,5.53125,5.625,4.816336631774902,318000
1987-06-16,5.65625,5.65625,5.40625,5.40625,4.629034519195557,236800
1987-06-17,5.40625,5.53125,5.40625,5.53125,4.73606538772583,291600
1987-06-18,5.5,5.5,5.4375,5.46875,4.682549953460693,188800
1987-06-19,5.5,5.5625,5.5,5.5,4.709305763244629,200400
1987-06-22,5.53125,5.625,5.5,5.5625,4.762820720672607,286400
1987-06-23,5.5625,5.625,5.46875,5.53125,4.73606538772583,969200
1987-06-24,5.5,5.53125,5.40625,5.40625,4.629034519195557,46000
1987-06-25,5.375,5.375,5.1875,5.25,4.495247840881348,429600
1987-06-26,5.25,5.28125,5.21875,5.21875,4.468489170074463,142400
1987-06-29,5.21875,5.25,5.1875,5.21875,4.468489170074463,186400
1987-06-30,5.1875,5.1875,5.03125,5.09375,4.361460208892822,279600
1987-07-01,5.03125,5.15625,5.0,5.0,4.281188011169434,426800
1987-07-02,5.0625,5.0625,4.90625,5.0,4.281188011169434,223200
1987-07-06,5.0625,5.0625,4.96875,5.0,4.281188011169434,34000
1987-07-07,5.03125,5.03125,4.90625,4.90625,4.200913906097412,316400
1987-07-08,4.875,5.1875,4.875,5.0625,4.334702491760254,736000
1987-07-09,5.25,5.34375,5.09375,5.25,4.504145622253418,454400
1987-07-10,5.28125,5.5,5.28125,5.5,4.718627452850342,316000
1987-07-13,5.4375,5.5,5.375,5.46875,4.6918182373046875,286400
1987-07-14,5.5,5.59375,5.46875,5.59375,4.799058437347412,348800
1987-07-15,5.8125,6.0,5.75,5.90625,5.067162036895752,1438800
1987-07-16,5.90625,5.90625,5.6875,5.75,4.933109760284424,331600
1987-07-17,5.78125,5.78125,5.625,5.75,4.933109760284424,404800
1987-07-20,5.6875,5.8125,5.6875,5.78125,4.959921360015869,442800
1987-07-21,5.8125,5.8125,5.65625,5.6875,4.879490375518799,141200
1987-07-22,5.65625,5.71875,5.65625,5.71875,4.906299591064453,140000
1987-07-23,5.75,5.78125,5.6875,5.75,4.933109760284424,302400
1987-07-24,5.8125,6.0,5.8125,5.9375,5.0939717292785645,433200
1987-07-27,5.96875,5.96875,5.78125,5.8125,4.986732006072998,191200
1987-07-28,5.78125,5.84375,5.6875,5.75,4.933109760284424,372800
1987-07-29,5.8125,5.9375,5.75,5.90625,5.067162036895752,434000
1987-07-30,5.96875,5.96875,5.875,5.96875,5.120782852172852,189200
1987-07-31,5.9375,5.96875,5.8125,5.875,5.040350437164307,452800
1987-08-03,5.875,5.875,5.6875,5.71875,4.906299591064453,108400
1987-08-04,5.65625,5.65625,5.5625,5.625,4.825869083404541,224000
1987-08-05,5.5625,5.71875,5.5625,5.6875,4.879490375518799,300000
1987-08-06,5.75,5.75,5.6875,5.75,4.933109760284424,195200
1987-08-07,5.71875,5.84375,5.71875,5.84375,5.013539791107178,295600
1987-08-10,5.875,5.875,5.71875,5.75,4.933109760284424,246400
1987-08-11,5.78125,5.78125,5.65625,5.6875,4.879490375518799,311600
1987-08-12,5.75,5.75,5.65625,5.6875,4.879490375518799,134400
1987-08-13,5.625,5.6875,5.59375,5.6875,4.879490375518799,226000
1987-08-14,5.6875,5.6875,5.5,5.53125,4.745438098907471,1178000
1987-08-17,5.53125,5.625,5.4375,5.4375,4.665006160736084,463600
1987-08-18,5.40625,5.46875,5.34375,5.46875,4.6918182373046875,120800
1987-08-19,5.4375,5.46875,5.40625,5.46875,4.6918182373046875,80800
1987-08-20,5.46875,5.59375,5.4375,5.59375,4.799058437347412,381200
1987-08-21,5.65625,5.6875,5.625,5.6875,4.879490375518799,627200
1987-08-24,5.625,5.78125,5.625,5.75,4.933109760284424,535200
1987-08-25,5.75,5.84375,5.71875,5.78125,4.959921360015869,356800
1987-08-26,5.78125,5.8125,5.75,5.78125,4.959921360015869,148800
1987-08-27,5.75,5.78125,5.71875,5.71875,4.906299591064453,96000
1987-08-28,5.71875,5.75,5.5625,5.59375,4.799058437347412,174400
1987-08-31,5.53125,5.65625,5.53125,5.59375,4.799058437347412,368800
1987-09-01,5.625,5.625,5.59375,5.59375,4.799058437347412,231200
1987-09-02,5.59375,5.59375,5.5,5.5,4.718627452850342,80400
1987-09-03,5.5,5.53125,5.4375,5.46875,4.6918182373046875,104000
1987-09-04,5.46875,5.46875,5.34375,5.34375,4.58457612991333,486800
1987-09-08,5.3125,5.3125,5.0,5.125,4.396903991699219,383600
1987-09-09,5.1875,5.375,5.09375,5.375,4.611385345458984,546800
1987-09-10,5.375,5.40625,5.3125,5.375,4.611385345458984,651600
1987-09-11,5.4375,5.46875,5.375,5.4375,4.665006160736084,159600
1987-09-14,5.5,5.5,5.375,5.40625,4.6381964683532715,385200
1987-09-15,5.40625,5.40625,5.3125,5.34375,4.58457612991333,286400
1987-09-16,5.34375,5.34375,5.25,5.25,4.504145622253418,134400
1987-09-17,5.3125,5.3125,5.25,5.28125,4.5309553146362305,122000
1987-09-18,5.3125,5.3125,5.15625,5.15625,4.423712253570557,146000
1987-09-21,5.1875,5.1875,5.0,5.0,4.289661407470703,182800
1987-09-22,4.96875,5.125,4.96875,5.0625,4.3432817459106445,812000
1987-09-23,5.0625,5.09375,5.0,5.03125,4.316471576690674,288800
1987-09-24,5.0,5.03125,4.875,4.875,4.1824188232421875,323200
1987-09-25,4.875,5.0625,4.875,5.0,4.289661407470703,371600
1987-09-28,5.0625,5.0625,5.0,5.0,4.289661407470703,38800
1987-09-29,5.0,5.03125,4.9375,4.9375,4.2360405921936035,356000
1987-09-30,4.9375,5.0,4.875,5.0,4.289661407470703,580000
1987-10-01,5.03125,5.09375,5.0,5.0625,4.3432817459106445,324000
1987-10-02,5.0,5.09375,4.9375,5.0625,4.3432817459106445,230000
1987-10-05,5.0625,5.09375,5.0,5.03125,4.316471576690674,73200
1987-10-06,5.03125,5.0625,4.9375,4.96875,4.262850761413574,286800
1987-10-07,4.96875,5.0,4.9375,5.0,4.289661407470703,125600
1987-10-08,4.96875,4.96875,4.875,4.96875,4.262850761413574,842800
1987-10-09,4.9375,4.96875,4.90625,4.9375,4.2360405921936035,71200
1987-10-12,4.9375,4.9375,4.875,4.875,4.1824188232421875,114800
1987-10-13,4.90625,4.90625,4.6875,4.71875,4.048368453979492,270800
1987-10-14,4.75,4.8125,4.59375,4.6875,4.021557807922363,416400
1987-10-15,4.625,4.8125,4.59375,4.78125,4.101988792419434,342000
1987-10-16,4.71875,4.71875,4.53125,4.53125,3.8875060081481934,327200
1987-10-19,4.125,4.71875,3.34375,3.375,2.895521640777588,510400
1987-10-20,3.25,3.75,3.25,3.59375,3.08319354057312,760800
1987-10-21,4.0,4.1875,4.0,4.09375,3.512160062789917,1378800
1987-10-22,4.03125,4.09375,3.875,4.09375,3.512160062789917,1401600
1987-10-23,3.9375,4.0,3.84375,3.90625,3.3512980937957764,222400
1987-10-26,3.90625,3.90625,3.46875,3.5,3.002762794494629,619600
1987-10-27,3.375,3.46875,3.25,3.375,2.895521640777588,1191600
1987-10-28,3.34375,3.34375,3.0625,3.25,2.7882795333862305,758400
1987-10-29,3.25,3.375,3.1875,3.25,2.7882795333862305,454400
1987-10-30,3.375,3.4375,3.21875,3.375,2.895521640777588,719600
1987-11-02,3.4375,3.59375,3.375,3.4375,2.9491419792175293,292400
1987-11-03,3.46875,3.46875,3.25,3.28125,2.8150901794433594,1485200
1987-11-04,3.3125,3.4375,3.28125,3.4375,2.9491419792175293,195600
1987-11-05,3.34375,3.46875,3.3125,3.4375,2.9491419792175293,205200
1987-11-06,3.46875,3.625,3.4375,3.5,3.002762794494629,256800
1987-11-09,3.375,3.375,3.25,3.25,2.7882795333862305,391200
1987-11-10,3.21875,3.25,3.15625,3.25,2.7882795333862305,261600
1987-11-11,3.1875,3.25,3.15625,3.21875,2.7614693641662598,131200
1987-11-12,3.25,3.375,3.25,3.34375,2.86871075630188,694800
1987-11-13,3.40625,3.625,3.375,3.5625,3.0563836097717285,233600
1987-11-16,3.625,3.625,3.53125,3.5625,3.0563836097717285,174000
1987-11-17,3.625,3.65625,3.40625,3.5,3.002762794494629,335200
1987-11-18,3.5,3.5,3.40625,3.5,3.002762794494629,200400
1987-11-19,3.4375,3.5625,3.375,3.5,3.002762794494629,116400
1987-11-20,3.40625,3.4375,3.34375,3.4375,2.9491419792175293,214400
1987-11-23,3.5,3.5625,3.46875,3.53125,3.0295729637145996,66400
1987-11-24,3.5,3.71875,3.5,3.625,3.1100051403045654,342000
1987-11-25,3.6875,3.71875,3.59375,3.6875,3.1636252403259277,192000
1987-11-27,3.6875,3.78125,3.65625,3.71875,3.1904351711273193,214800
1987-11-30,3.6875,3.6875,3.53125,3.59375,3.08319354057312,279600
1987-12-01,3.5625,3.625,3.46875,3.46875,2.975952386856079,178400
1987-12-02,3.46875,3.5,3.34375,3.375,2.895521640777588,322800
1987-12-03,3.375,3.375,3.25,3.3125,2.8419008255004883,236800
1987-12-04,3.3125,3.3125,3.1875,3.25,2.7882795333862305,246800
1987-12-07,3.25,3.375,3.21875,3.375,2.895521640777588,208400
1987-12-08,3.40625,3.5,3.28125,3.34375,2.86871075630188,247200
1987-12-09,3.375,3.375,3.28125,3.28125,2.8150901794433594,242800
1987-12-10,3.3125,3.3125,3.1875,3.1875,2.734659194946289,192000
1987-12-11,3.21875,3.3125,3.1875,3.21875,2.7614693641662598,94800
1987-12-14,3.25,3.4375,3.21875,3.4375,2.9491419792175293,356800
1987-12-15,3.5625,3.625,3.5,3.53125,3.0295729637145996,659200
1987-12-16,3.53125,3.75,3.5,3.6875,3.1636252403259277,1045600
1987-12-17,3.6875,3.8125,3.6875,3.71875,3.1904351711273193,819600
1987-12-18,3.65625,3.6875,3.53125,3.6875,3.1636252403259277,204800
1987-12-21,3.625,3.6875,3.5625,3.59375,3.08319354057312,156800
1987-12-22,3.625,3.65625,3.5625,3.59375,3.08319354057312,229600
1987-12-23,3.625,3.65625,3.375,3.375,2.895521640777588,278800
1987-12-24,3.4375,3.46875,3.40625,3.46875,2.975952386856079,58800
1987-12-28,3.4375,3.46875,3.375,3.40625,2.9223315715789795,373200
1987-12-29,3.40625,3.4375,3.3125,3.375,2.895521640777588,189200
1987-12-30,3.40625,3.53125,3.375,3.5,3.002762794494629,218400
1987-12-31,3.46875,3.5,3.3125,3.375,2.895521640777588,320000
1988-01-04,3.375,3.53125,3.375,3.5,3.002762794494629,236400
1988-01-05,3.53125,3.75,3.53125,3.625,3.1100051403045654,302400
1988-01-06,3.6875,3.8125,3.625,3.75,3.217245578765869,518000
1988-01-07,3.75,3.8125,3.625,3.8125,3.270866870880127,504800
1988-01-08,3.8125,3.8125,3.5,3.53125,3.0295729637145996,384000
1988-01-11,3.5,3.65625,3.375,3.65625,3.1457226276397705,454800
1988-01-12,3.65625,3.6875,3.53125,3.59375,3.0919506549835205,332800
1988-01-13,3.59375,3.59375,3.4375,3.5,3.0112905502319336,547200
1988-01-14,3.53125,3.53125,3.4375,3.46875,2.984403133392334,209600
1988-01-15,3.5625,3.59375,3.53125,3.59375,3.0919506549835205,265200
1988-01-18,3.59375,3.59375,3.5,3.5,3.0112905502319336,190400
1988-01-19,3.5,3.6875,3.5,3.6875,3.1726088523864746,328000
1988-01-20,3.6875,3.6875,3.5,3.53125,3.0381762981414795,358400
1988-01-21,3.59375,3.625,3.5,3.625,3.1188364028930664,545200
1988-01-22,3.625,3.6875,3.59375,3.6875,3.1726088523864746,281200
1988-01-25,3.6875,3.90625,3.65625,3.90625,3.3608150482177734,485600
1988-01-26,3.875,3.9375,3.84375,3.875,3.333928108215332,339200
1988-01-27,3.875,3.875,3.71875,3.71875,3.199495315551758,222800
1988-01-28,3.75,3.90625,3.71875,3.875,3.333928108215332,714000
1988-01-29,3.875,3.875,3.71875,3.8125,3.280155658721924,456000
1988-02-01,3.84375,3.84375,3.71875,3.71875,3.199495315551758,392800
1988-02-02,3.75,3.75,3.625,3.71875,3.199495315551758,537200
1988-02-03,3.75,3.75,3.65625,3.6875,3.1726088523864746,235600
1988-02-04,3.71875,3.71875,3.5,3.5625,3.065063953399658,338000
1988-02-05,3.59375,3.6875,3.59375,3.625,3.1188364028930664,253200
1988-02-08,3.5625,3.5625,3.53125,3.5625,3.065063953399658,131200
1988-02-09,3.5625,3.59375,3.5625,3.59375,3.0919506549835205,48800
1988-02-10,3.625,3.65625,3.59375,3.65625,3.1457226276397705,134800
1988-02-11,3.65625,3.6875,3.59375,3.6875,3.1726088523864746,147200
1988-02-12,3.71875,3.84375,3.6875,3.75,3.2263829708099365,628000
1988-02-16,3.75,3.84375,3.75,3.84375,3.3070414066314697,411600
1988-02-17,3.8125,3.8125,3.71875,3.75,3.2263829708099365,146000
1988-02-18,3.75,3.8125,3.65625,3.75,3.2263829708099365,945200
1988-02-19,3.78125,4.09375,3.75,4.0,3.441474437713623,1246400
1988-02-22,4.03125,4.09375,3.96875,4.09375,3.5221338272094727,525600
1988-02-23,4.09375,4.15625,4.03125,4.15625,3.5759074687957764,605200
1988-02-24,4.21875,4.21875,4.03125,4.0625,3.495248556137085,566000
1988-02-25,4.09375,4.21875,4.0,4.0625,3.495248556137085,530000
1988-02-26,4.03125,4.21875,4.03125,4.21875,3.6296799182891846,278000
1988-02-29,4.1875,4.46875,4.15625,4.375,3.764113187789917,800800
1988-03-01,4.375,4.40625,4.25,4.3125,3.710340976715088,500000
1988-03-02,4.25,4.28125,4.15625,4.25,3.656566858291626,518000
1988-03-03,4.25,4.375,4.21875,4.25,3.656566858291626,906000
1988-03-04,4.25,4.34375,4.15625,4.25,3.656566858291626,1280400
1988-03-07,4.28125,4.34375,4.25,4.3125,3.710340976715088,470800
1988-03-08,4.34375,4.34375,4.25,4.28125,3.683453321456909,184800
1988-03-09,4.21875,4.34375,4.1875,4.28125,3.683453321456909,280400
1988-03-10,4.25,4.34375,4.1875,4.1875,3.6027936935424805,230800
1988-03-11,4.125,4.28125,4.09375,4.28125,3.683453321456909,808400
1988-03-14,4.21875,4.28125,4.1875,4.25,3.656566858291626,448800
1988-03-15,4.25,4.4375,4.25,4.3125,3.710340976715088,742800
1988-03-16,4.3125,4.375,4.28125,4.34375,3.7372262477874756,202800
1988-03-17,4.375,4.40625,4.25,4.28125,3.683453321456909,605600
1988-03-18,4.28125,4.28125,4.21875,4.21875,3.6296799182891846,404000
1988-03-21,4.25,4.25,4.15625,4.25,3.656566858291626,130400
1988-03-22,4.25,4.375,4.15625,4.375,3.764113187789917,278000
1988-03-23,4.375,4.53125,4.375,4.4375,3.817884683609009,458800
1988-03-24,4.34375,4.40625,4.21875,4.40625,3.790999412536621,505200
1988-03-25,4.375,4.40625,4.28125,4.3125,3.710340976715088,217600
1988-03-28,4.25,4.28125,4.1875,4.25,3.656566858291626,294000
1988-03-29,4.28125,4.28125,4.25,4.28125,3.683453321456909,113600
1988-03-30,4.25,4.28125,4.25,4.28125,3.683453321456909,133200
1988-03-31,4.28125,4.28125,4.09375,4.21875,3.6296799182891846,536000
1988-04-04,4.21875,4.28125,4.15625,4.15625,3.5759074687957764,196400
1988-04-05,4.1875,4.3125,4.1875,4.3125,3.710340976715088,258000
1988-04-06,4.28125,4.28125,4.1875,4.25,3.656566858291626,704800
1988-04-07,4.25,4.28125,4.1875,4.21875,3.6296799182891846,266800
1988-04-08,4.21875,4.28125,4.1875,4.28125,3.683453321456909,310000
1988-04-11,4.21875,4.21875,4.15625,4.1875,3.6112287044525146,260400
1988-04-12,4.1875,4.28125,4.1875,4.25,3.6651275157928467,381200
1988-04-13,4.28125,4.28125,4.1875,4.21875,3.6381776332855225,116000
1988-04-14,4.1875,4.21875,4.03125,4.03125,3.4764814376831055,290400
1988-04-15,4.03125,4.09375,4.0,4.0625,3.503432035446167,266400
1988-04-18,4.0,4.40625,3.96875,4.40625,3.799875259399414,538400
1988-04-19,4.5,4.71875,4.5,4.65625,4.015470027923584,1391200
1988-04-20,4.625,4.625,4.40625,4.5,3.8807246685028076,605200
1988-04-21,4.5,4.6875,4.5,4.59375,3.961574077606201,726800
1988-04-22,4.65625,4.84375,4.65625,4.8125,4.150218486785889,1058800
1988-04-25,4.875,4.96875,4.84375,4.9375,4.258016109466553,471600
1988-04-26,4.90625,4.9375,4.78125,4.78125,4.123270511627197,590000
1988-04-27,4.8125,4.8125,4.75,4.78125,4.123270511627197,350800
1988-04-28,4.78125,4.8125,4.65625,4.75,4.096319198608398,400000
1988-04-29,4.6875,4.71875,4.625,4.71875,4.069367408752441,650800
1988-05-02,4.75,4.78125,4.6875,4.75,4.096319198608398,145200
1988-05-03,4.8125,4.84375,4.75,4.8125,4.150218486785889,547600
1988-05-04,4.84375,4.84375,4.75,4.78125,4.123270511627197,540400
1988-05-05,4.78125,4.78125,4.71875,4.75,4.096319198608398,246000
1988-05-06,4.75,4.78125,4.71875,4.75,4.096319198608398,204400
1988-05-09,4.75,4.75,4.625,4.6875,4.042419910430908,157600
1988-05-10,4.6875,4.6875,4.59375,4.59375,3.961574077606201,248400
1988-05-11,4.59375,4.9375,4.5,4.8125,4.150218486785889,1318800
1988-05-12,4.8125,4.875,4.75,4.78125,4.123270511627197,438800
1988-05-13,4.78125,4.8125,4.75,4.75,4.096319198608398,603600
1988-05-16,4.78125,4.78125,4.6875,4.75,4.096319198608398,160800
1988-05-17,4.6875,4.71875,4.46875,4.46875,3.853773832321167,418800
1988-05-18,4.5,4.5,4.28125,4.34375,3.745975971221924,486800
1988-05-19,4.34375,4.375,4.25,4.34375,3.745975971221924,537200
1988-05-20,4.375,4.375,4.3125,4.3125,3.7190279960632324,446400
1988-05-23,4.3125,4.3125,4.1875,4.1875,3.6112287044525146,240800
1988-05-24,4.25,4.25,4.15625,4.15625,3.5842795372009277,211200
1988-05-25,4.21875,4.25,4.1875,4.1875,3.6112287044525146,368800
1988-05-26,4.1875,4.25,4.15625,4.1875,3.6112287044525146,108400
1988-05-27,4.1875,4.25,4.15625,4.25,3.6651275157928467,240400
1988-05-31,4.3125,4.3125,4.25,4.3125,3.7190279960632324,283600
1988-06-01,4.34375,4.4375,4.25,4.4375,3.8268234729766846,1070000
1988-06-02,4.375,4.4375,4.34375,4.40625,3.799875259399414,128000
1988-06-03,4.4375,4.5,4.375,4.4375,3.8268234729766846,777200
1988-06-06,4.40625,4.59375,4.375,4.5625,3.934622287750244,215200
1988-06-07,4.5625,4.625,4.53125,4.625,3.988520622253418,244800
1988-06-08,4.625,4.78125,4.5625,4.75,4.096319198608398,807600
1988-06-09,4.75,4.75,4.65625,4.6875,4.042419910430908,406800
1988-06-10,4.65625,4.71875,4.625,4.6875,4.042419910430908,205600
1988-06-13,4.71875,4.71875,4.5,4.5,3.8807246685028076,434400
1988-06-14,4.5625,4.625,4.4375,4.5,3.8807246685028076,479200
1988-06-15,4.4375,4.59375,4.4375,4.5625,3.934622287750244,1004000
1988-06-16,4.5625,4.59375,4.5,4.59375,3.961574077606201,411600
1988-06-17,4.59375,4.59375,4.53125,4.59375,3.961574077606201,164400
1988-06-20,4.59375,4.59375,4.53125,4.53125,3.9076735973358154,356400
1988-06-21,4.53125,4.59375,4.5,4.5625,3.934622287750244,701200
1988-06-22,4.625,4.6875,4.625,4.65625,4.015470027923584,242000
1988-06-23,4.625,4.84375,4.625,4.71875,4.069367408752441,538400
1988-06-24,4.6875,4.71875,4.65625,4.71875,4.069367408752441,160400
1988-06-27,4.65625,4.71875,4.65625,4.6875,4.042419910430908,204000
1988-06-28,4.65625,4.78125,4.65625,4.6875,4.042419910430908,898400
1988-06-29,4.71875,4.71875,4.65625,4.65625,4.015470027923584,305200
1988-06-30,4.6875,4.78125,4.65625,4.78125,4.123270511627197,653600
1988-07-01,4.78125,4.875,4.71875,4.84375,4.1771674156188965,475200
1988-07-05,4.8125,4.84375,4.75,4.84375,4.1771674156188965,340000
1988-07-06,4.84375,4.875,4.78125,4.8125,4.150218486785889,615200
1988-07-07,4.8125,4.84375,4.78125,4.84375,4.1771674156188965,346800
1988-07-08,4.8125,4.90625,4.8125,4.84375,4.1771674156188965,229200
1988-07-11,4.8125,4.875,4.8125,4.875,4.2128143310546875,166800
1988-07-12,4.875,4.875,4.8125,4.8125,4.1588053703308105,236000
1988-07-13,4.84375,4.84375,4.71875,4.75,4.104794502258301,158400
1988-07-14,4.75,4.78125,4.71875,4.75,4.104794502258301,107200
1988-07-15,4.71875,4.78125,4.71875,4.75,4.104794502258301,221200
1988-07-18,4.75,4.75,4.65625,4.6875,4.050783157348633,176800
1988-07-19,4.71875,4.90625,4.71875,4.875,4.2128143310546875,710800
1988-07-20,4.90625,4.90625,4.8125,4.84375,4.185808181762695,154800
1988-07-21,4.84375,4.84375,4.6875,4.75,4.104794502258301,200000
1988-07-22,4.71875,4.71875,4.53125,4.59375,3.969768762588501,562000
1988-07-25,4.5625,4.5625,4.5,4.5625,3.942763328552246,147600
1988-07-26,4.5625,4.59375,4.53125,4.53125,3.915757417678833,240000
1988-07-27,4.5625,4.5625,4.34375,4.4375,3.83474063873291,192800
1988-07-28,4.4375,4.46875,4.40625,4.46875,3.861746311187744,166000
1988-07-29,4.46875,4.5625,4.4375,4.53125,3.915757417678833,299200
1988-08-01,4.5625,4.5625,4.5,4.53125,3.915757417678833,276000
1988-08-02,4.53125,4.65625,4.5,4.65625,4.023777961730957,509200
1988-08-03,4.625,4.65625,4.59375,4.59375,3.969768762588501,149200
1988-08-04,4.625,4.625,4.46875,4.5,3.8887531757354736,691200
1988-08-05,4.5,4.5,4.4375,4.46875,3.861746311187744,120400
1988-08-08,4.46875,4.59375,4.46875,4.5625,3.942763328552246,396000
1988-08-09,4.5625,4.5625,4.5,4.5,3.8887531757354736,115600
1988-08-10,4.5,4.53125,4.40625,4.40625,3.80773663520813,214000
1988-08-11,4.40625,4.53125,4.40625,4.5,3.8887531757354736,163600
1988-08-12,4.53125,4.53125,4.46875,4.46875,3.861746311187744,74400
1988-08-15,4.5,4.5,4.4375,4.4375,3.83474063873291,42400
1988-08-16,4.4375,4.6875,4.4375,4.6875,4.050783157348633,787200
1988-08-17,4.71875,4.9375,4.71875,4.75,4.104794502258301,870000
1988-08-18,4.75,4.84375,4.71875,4.84375,4.185808181762695,427200
1988-08-19,4.875,4.875,4.75,4.78125,4.131799697875977,178800
1988-08-22,4.78125,4.84375,4.625,4.625,3.996772050857544,573600
1988-08-23,4.6875,4.71875,4.59375,4.65625,4.023777961730957,305600
1988-08-24,4.6875,4.75,4.59375,4.71875,4.077788352966309,1162400
1988-08-25,4.6875,4.90625,4.65625,4.8125,4.1588053703308105,757200
1988-08-26,4.84375,4.90625,4.75,4.78125,4.131799697875977,262800
1988-08-29,4.8125,4.84375,4.78125,4.8125,4.1588053703308105,302800
1988-08-30,4.8125,4.84375,4.78125,4.8125,4.1588053703308105,129200
1988-08-31,4.84375,4.84375,4.78125,4.8125,4.1588053703308105,334800
1988-09-01,4.8125,4.8125,4.6875,4.75,4.104794502258301,218400
1988-09-02,4.78125,4.84375,4.75,4.8125,4.1588053703308105,208000
1988-09-06,4.875,5.0,4.84375,4.90625,4.2398200035095215,1138400
1988-09-07,4.875,4.9375,4.78125,4.84375,4.185808181762695,574400
1988-09-08,4.8125,4.90625,4.78125,4.8125,4.1588053703308105,726000
1988-09-09,4.8125,4.875,4.8125,4.875,4.2128143310546875,450000
1988-09-12,4.8125,4.875,4.78125,4.875,4.2128143310546875,371600
1988-09-13,4.84375,4.875,4.78125,4.8125,4.1588053703308105,449200
1988-09-14,4.8125,4.8125,4.75,4.75,4.104794502258301,280400
1988-09-15,4.75,4.84375,4.75,4.8125,4.1588053703308105,146000
1988-09-16,4.84375,4.90625,4.8125,4.90625,4.2398200035095215,1587600
1988-09-19,4.90625,4.90625,4.8125,4.875,4.2128143310546875,185600
1988-09-20,4.84375,4.90625,4.84375,4.875,4.2128143310546875,128800
1988-09-21,4.90625,5.21875,4.90625,5.15625,4.455860614776611,1460800
1988-09-22,5.21875,5.375,5.1875,5.34375,4.617893695831299,1720800
1988-09-23,5.3125,5.34375,5.25,5.28125,4.563882827758789,650800
1988-09-26,5.1875,5.25,5.09375,5.15625,4.455860614776611,1462000
1988-09-27,5.15625,5.1875,5.125,5.1875,4.4828667640686035,704400
1988-09-28,5.15625,5.1875,5.09375,5.15625,4.455860614776611,253600
1988-09-29,5.1875,5.28125,5.09375,5.28125,4.563882827758789,457200
1988-09-30,5.25,5.25,5.15625,5.21875,4.509871006011963,325200
1988-10-03,5.21875,5.21875,5.09375,5.1875,4.4828667640686035,119200
1988-10-04,5.21875,5.3125,5.125,5.1875,4.4828667640686035,390800
1988-10-05,5.25,5.3125,5.1875,5.25,4.5368781089782715,211200
1988-10-06,5.25,5.625,5.25,5.59375,4.8339362144470215,785600
1988-10-07,5.5625,5.5625,5.375,5.53125,4.788485527038574,680000
1988-10-10,5.5625,5.5625,5.4375,5.46875,4.734377384185791,117200
1988-10-11,5.46875,5.53125,5.40625,5.46875,4.734377384185791,520800
1988-10-12,5.34375,5.4375,5.3125,5.375,4.6532182693481445,270400
1988-10-13,5.34375,5.5,5.34375,5.4375,4.7073235511779785,196400
1988-10-14,5.4375,5.46875,5.40625,5.40625,4.680271625518799,170400
1988-10-17,5.4375,5.4375,5.34375,5.34375,4.626163482666016,70800
1988-10-18,5.40625,5.4375,5.375,5.40625,4.680271625518799,301600
1988-10-19,5.5,5.53125,5.40625,5.40625,4.680271625518799,541200
1988-10-20,5.375,5.5,5.375,5.46875,4.734377384185791,399200
1988-10-21,5.46875,5.5,5.40625,5.40625,4.680271625518799,237600
1988-10-24,5.40625,5.4375,5.40625,5.40625,4.680271625518799,404800
1988-10-25,5.4375,5.53125,5.4375,5.53125,4.788485527038574,401600
1988-10-26,5.53125,5.53125,5.46875,5.46875,4.734377384185791,202400
1988-10-27,5.5,5.5,5.28125,5.3125,4.599109649658203,476800
1988-10-28,5.375,5.375,5.3125,5.3125,4.599109649658203,128400
1988-10-31,5.34375,5.375,5.3125,5.3125,4.599109649658203,62400
1988-11-01,5.3125,5.40625,5.3125,5.34375,4.626163482666016,104000
1988-11-02,5.34375,5.375,5.1875,5.25,4.545001029968262,294000
1988-11-03,5.21875,5.28125,5.21875,5.25,4.545001029968262,541200
1988-11-04,5.28125,5.28125,5.25,5.28125,4.572054862976074,63200
1988-11-07,5.21875,5.21875,5.0625,5.09375,4.409733772277832,214000
1988-11-08,5.125,5.1875,5.09375,5.15625,4.463840007781982,222400
1988-11-09,5.125,5.15625,5.0,5.03125,4.355627536773682,197600
1988-11-10,5.09375,5.09375,4.96875,5.0,4.328573703765869,126400
1988-11-11,4.96875,4.96875,4.75,4.78125,4.1391987800598145,320400
1988-11-14,4.8125,4.84375,4.78125,4.8125,4.166252136230469,215200
1988-11-15,4.8125,4.9375,4.8125,4.9375,4.274466514587402,271200
1988-11-16,4.9375,4.96875,4.90625,4.90625,4.24741268157959,88000
1988-11-17,4.9375,4.9375,4.84375,4.875,4.2203593254089355,133600
1988-11-18,4.84375,4.9375,4.8125,4.90625,4.24741268157959,141600
1988-11-21,4.9375,4.9375,4.8125,4.875,4.2203593254089355,66000
1988-11-22,4.84375,4.90625,4.84375,4.875,4.2203593254089355,90800
1988-11-23,4.84375,4.90625,4.84375,4.875,4.2203593254089355,145200
1988-11-25,4.84375,4.875,4.8125,4.8125,4.166252136230469,160000
1988-11-28,4.8125,4.9375,4.78125,4.9375,4.274466514587402,377200
1988-11-29,4.90625,4.9375,4.875,4.875,4.2203593254089355,52000
1988-11-30,4.90625,5.0,4.90625,4.96875,4.301519870758057,86400
1988-12-01,4.96875,5.0625,4.96875,5.0,4.328573703765869,265600
1988-12-02,4.96875,5.0,4.90625,4.90625,4.24741268157959,82400
1988-12-05,4.9375,4.96875,4.90625,4.90625,4.24741268157959,393600
1988-12-06,4.9375,4.96875,4.9375,4.96875,4.301519870758057,86800
1988-12-07,5.0,5.0,4.90625,4.96875,4.301519870758057,293200
1988-12-08,4.9375,5.0,4.90625,4.96875,4.301519870758057,92800
1988-12-09,5.0,5.03125,4.90625,4.9375,4.274466514587402,138400
1988-12-12,4.96875,4.96875,4.875,4.875,4.2203593254089355,109600
1988-12-13,4.84375,4.875,4.84375,4.875,4.2203593254089355,76400
1988-12-14,4.875,4.96875,4.84375,4.96875,4.301519870758057,190000
1988-12-15,4.96875,4.96875,4.90625,4.90625,4.24741268157959,143600
1988-12-16,4.96875,4.96875,4.90625,4.96875,4.301519870758057,62000
1988-12-19,4.96875,5.0625,4.9375,5.0625,4.3826799392700195,509600
1988-12-20,5.125,5.15625,5.09375,5.09375,4.409733772277832,330800
1988-12-21,5.0625,5.15625,5.0625,5.15625,4.463840007781982,252800
1988-12-22,5.15625,5.15625,5.0625,5.125,4.436788082122803,363600
1988-12-23,5.09375,5.125,5.03125,5.03125,4.355627536773682,219200
1988-12-27,5.0625,5.0625,5.0,5.0,4.328573703765869,84000
1988-12-28,5.03125,5.03125,4.90625,4.9375,4.274466514587402,183200
1988-12-29,4.9375,5.0625,4.90625,5.0,4.328573703765869,208400
1988-12-30,5.0,5.09375,5.0,5.0,4.328573703765869,174000
1989-01-03,5.0625,5.09375,5.03125,5.0625,4.3826799392700195,66800
1989-01-04,5.0625,5.1875,4.84375,5.1875,4.490894794464111,161600
1989-01-05,5.15625,5.1875,5.125,5.1875,4.490894794464111,174800
1989-01-06,5.21875,5.21875,5.15625,5.15625,4.463840007781982,722000
1989-01-09,5.15625,5.1875,5.15625,5.15625,4.474689483642578,158400
1989-01-10,5.1875,5.1875,5.0,5.0,4.3390913009643555,211600
1989-01-11,5.0,5.0,4.96875,4.96875,4.311974048614502,163200
1989-01-12,5.0,5.125,4.96875,5.0625,4.393332004547119,563200
1989-01-13,5.09375,5.09375,5.03125,5.03125,4.366211414337158,308000
1989-01-16,5.03125,5.09375,5.03125,5.0625,4.393332004547119,140800
1989-01-17,5.09375,5.09375,5.0625,5.0625,4.393332004547119,130800
1989-01-18,5.0625,5.3125,5.0625,5.25,4.556049346923828,465600
1989-01-19,5.25,5.28125,5.25,5.25,4.556049346923828,392400
1989-01-20,5.21875,5.21875,5.125,5.1875,4.501810073852539,144400
1989-01-23,5.25,5.28125,5.15625,5.1875,4.501810073852539,620000
1989-01-24,5.15625,5.3125,5.15625,5.3125,4.610286712646484,344800
1989-01-25,5.3125,5.3125,5.25,5.28125,4.583166599273682,285600
1989-01-26,5.3125,5.34375,5.25,5.28125,4.583166599273682,274800
1989-01-27,5.34375,5.40625,5.3125,5.34375,4.637406349182129,560000
1989-01-30,5.375,5.53125,5.34375,5.5,4.7730021476745605,832800
1989-01-31,5.53125,5.71875,5.5,5.6875,4.935719013214111,826000
1989-02-01,5.6875,5.6875,5.5625,5.625,4.881479263305664,473200
1989-02-02,5.625,5.75,5.59375,5.65625,4.908598899841309,724400
1989-02-03,5.6875,5.71875,5.625,5.625,4.881479263305664,787600
1989-02-06,5.625,5.78125,5.625,5.78125,5.01707649230957,605600
1989-02-07,5.78125,5.84375,5.75,5.84375,5.071314811706543,464000
1989-02-08,5.84375,5.875,5.71875,5.75,4.989954948425293,690400
1989-02-09,5.6875,5.71875,5.625,5.65625,4.908598899841309,382400
1989-02-10,5.59375,5.59375,5.5,5.59375,4.854361057281494,238800
1989-02-13,5.5625,5.625,5.53125,5.59375,4.854361057281494,95600
1989-02-14,5.625,5.65625,5.59375,5.59375,4.854361057281494,169200
1989-02-15,5.625,5.78125,5.625,5.75,4.989954948425293,265600
1989-02-16,5.75,5.9375,5.75,5.875,5.098434925079346,643600
1989-02-17,5.90625,5.90625,5.84375,5.875,5.098434925079346,198800
1989-02-21,5.9375,5.96875,5.90625,5.90625,5.125553607940674,223200
1989-02-22,5.90625,5.90625,5.8125,5.84375,5.071314811706543,337600
1989-02-23,5.8125,5.96875,5.75,5.96875,5.179792881011963,698800
1989-02-24,6.0,6.28125,5.96875,6.25,5.42386531829834,1323600
1989-02-27,6.25,6.25,6.0625,6.125,5.315386772155762,528400
1989-02-28,6.09375,6.09375,5.9375,5.96875,5.179792881011963,370800
1989-03-01,6.0,6.0625,5.8125,5.875,5.098434925079346,556000
1989-03-02,5.875,6.40625,5.875,6.21875,5.396745204925537,1639200
1989-03-03,6.21875,6.3125,6.1875,6.21875,5.396745204925537,1076400
1989-03-06,6.25,6.3125,6.15625,6.21875,5.396745204925537,339200
1989-03-07,6.15625,6.625,6.15625,6.5625,5.695058345794678,1017600
1989-03-08,6.5,6.53125,6.375,6.4375,5.586583137512207,790000
1989-03-09,6.4375,6.4375,6.34375,6.375,5.532341957092285,1057600
1989-03-10,6.34375,6.375,6.28125,6.375,5.532341957092285,267200
1989-03-13,6.34375,6.40625,6.3125,6.34375,5.505223751068115,249600
1989-03-14,6.28125,6.3125,6.21875,6.28125,5.450985908508301,415200
1989-03-15,6.3125,6.34375,6.21875,6.21875,5.396745204925537,432000
1989-03-16,6.21875,6.25,6.125,6.21875,5.396745204925537,292800
1989-03-17,6.0625,6.1875,5.9375,5.96875,5.179792881011963,860000
1989-03-20,6.0,6.09375,6.0,6.0,5.206911563873291,424800
1989-03-21,6.03125,6.1875,6.03125,6.09375,5.288268089294434,641600
1989-03-22,6.15625,6.21875,6.125,6.21875,5.396745204925537,570400
1989-03-23,6.21875,6.3125,6.0,6.09375,5.288268089294434,914400
1989-03-27,6.09375,6.1875,6.0625,6.15625,5.342508792877197,83600
1989-03-28,6.1875,6.5625,6.15625,6.34375,5.505223751068115,1300800
1989-03-29,6.375,6.375,6.15625,6.1875,5.369626998901367,532800
1989-03-30,6.1875,6.1875,6.0625,6.09375,5.288268089294434,184400
1989-03-31,6.3125,6.34375,6.1875,6.28125,5.450985908508301,912000
1989-04-03,6.28125,6.34375,6.25,6.3125,5.478104591369629,576400
1989-04-04,6.34375,6.375,6.25,6.28125,5.450985908508301,236400
1989-04-05,6.25,6.28125,6.1875,6.25,5.42386531829834,390800
1989-04-06,6.28125,6.28125,6.09375,6.15625,5.342508792877197,248400
1989-04-07,6.15625,6.21875,6.09375,6.1875,5.369626998901367,183600
1989-04-10,6.21875,6.3125,6.21875,6.21875,5.407671928405762,92000
1989-04-11,6.25,6.28125,6.1875,6.25,5.4348464012146,202000
1989-04-12,6.21875,6.21875,6.125,6.15625,5.353322982788086,255600
1989-04-13,6.15625,6.15625,6.03125,6.03125,5.244624137878418,394000
1989-04-14,6.09375,6.21875,6.0625,6.21875,5.407671928405762,473200
1989-04-17,6.375,6.375,6.3125,6.3125,5.489195823669434,395600
1989-04-18,6.5,6.5625,6.46875,6.5625,5.706587791442871,1007200
1989-04-19,6.59375,6.875,6.53125,6.875,5.978331089019775,941600
1989-04-20,6.8125,6.84375,6.71875,6.78125,5.896807670593262,627200
1989-04-21,6.78125,6.9375,6.75,6.78125,5.896807670593262,639200
1989-04-24,6.8125,7.03125,6.78125,7.0,6.087027072906494,697600
1989-04-25,7.0,7.0625,6.8125,7.0625,6.14137601852417,444400
1989-04-26,7.0,7.0,6.875,6.90625,6.005504131317139,345600
1989-04-27,6.9375,6.9375,6.40625,6.78125,5.896807670593262,446000
1989-04-28,6.78125,6.96875,6.78125,6.90625,6.005504131317139,1250400
1989-05-01,6.96875,6.96875,6.875,6.9375,6.032678604125977,726000
1989-05-02,6.9375,6.9375,6.8125,6.84375,5.951154708862305,420000
1989-05-03,6.84375,6.90625,6.8125,6.90625,6.005504131317139,512000
1989-05-04,6.84375,6.96875,6.84375,6.90625,6.005504131317139,469600
1989-05-05,6.96875,6.96875,6.9375,6.9375,6.032678604125977,540000
1989-05-08,6.96875,6.96875,6.8125,6.84375,5.951154708862305,225600
1989-05-09,6.875,6.90625,6.8125,6.84375,5.951154708862305,178400
1989-05-10,6.875,6.875,6.8125,6.84375,5.951154708862305,228400
1989-05-11,6.84375,6.84375,6.625,6.625,5.760936260223389,325200
1989-05-12,6.75,6.78125,6.6875,6.71875,5.842458248138428,401600
1989-05-15,6.75,6.8125,6.71875,6.8125,5.923983097076416,446400
1989-05-16,6.8125,6.8125,6.71875,6.75,5.869633674621582,129200
1989-05-17,6.78125,6.84375,6.625,6.6875,5.815284729003906,314800
1989-05-18,6.71875,6.90625,6.6875,6.875,5.978331089019775,353600
1989-05-19,6.90625,7.0,6.90625,7.0,6.087027072906494,489600
1989-05-22,7.0625,7.0625,6.9375,6.96875,6.059852123260498,156400
1989-05-23,6.9375,6.9375,6.84375,6.875,5.978331089019775,221600
1989-05-24,6.875,6.90625,6.8125,6.875,5.978331089019775,101200
1989-05-25,6.875,6.9375,6.78125,6.8125,5.923983097076416,128000
1989-05-26,6.8125,6.84375,6.78125,6.84375,5.951154708862305,150000
1989-05-30,6.84375,6.84375,6.75,6.75,5.869633674621582,288000
1989-05-31,6.78125,6.96875,6.6875,6.75,5.869633674621582,448800
1989-06-01,6.75,6.75,6.65625,6.6875,5.815284729003906,264400
1989-06-02,6.75,6.875,6.75,6.78125,5.896807670593262,533200
1989-06-05,6.78125,6.8125,6.71875,6.75,5.869633674621582,242800
1989-06-06,6.8125,6.84375,6.8125,6.84375,5.951154708862305,417200
1989-06-07,6.84375,6.84375,6.78125,6.84375,5.951154708862305,218800
1989-06-08,6.84375,7.0,6.84375,7.0,6.087027072906494,271200
1989-06-09,7.03125,7.3125,7.03125,7.3125,6.35876989364624,832800
1989-06-12,7.28125,7.375,7.25,7.375,6.4131178855896,455200
1989-06-13,7.375,7.5,7.0625,7.125,6.195724010467529,947200
1989-06-14,7.125,7.125,6.875,6.875,5.978331089019775,1072400
1989-06-15,6.875,6.9375,6.625,6.78125,5.896807670593262,409200
1989-06-16,6.75,6.84375,6.71875,6.84375,5.951154708862305,205200
1989-06-19,6.84375,6.875,6.75,6.84375,5.951154708862305,193600
1989-06-20,6.875,6.9375,6.875,6.9375,6.032678604125977,206800
1989-06-21,6.9375,6.96875,6.9375,6.9375,6.032678604125977,219200
1989-06-22,6.90625,6.9375,6.84375,6.875,5.978331089019775,440000
1989-06-23,6.8125,6.9375,6.8125,6.90625,6.005504131317139,125200
1989-06-26,6.9375,6.96875,6.6875,6.6875,5.815284729003906,249600
1989-06-27,6.6875,6.875,6.6875,6.84375,5.951154708862305,278400
1989-06-28,6.8125,6.875,6.78125,6.8125,5.923983097076416,234400
1989-06-29,6.84375,6.84375,6.8125,6.8125,5.923983097076416,390400
1989-06-30,6.84375,6.84375,6.75,6.8125,5.923983097076416,167200
1989-07-03,6.78125,6.875,6.78125,6.84375,5.951154708862305,46800
1989-07-05,6.8125,6.90625,6.8125,6.875,5.978331089019775,598000
1989-07-06,6.90625,6.96875,6.875,6.90625,6.005504131317139,155600
1989-07-07,6.875,7.0625,6.875,7.0625,6.14137601852417,274800
1989-07-10,7.09375,7.1875,7.09375,7.09375,6.179487228393555,217600
1989-07-11,6.9375,7.15625,6.9375,7.09375,6.179487228393555,275600
1989-07-12,7.125,7.125,7.0,7.0,6.0978193283081055,106000
1989-07-13,7.0,7.0,6.90625,6.90625,6.016151428222656,184800
1989-07-14,6.96875,7.125,6.9375,7.125,6.206709384918213,144000
1989-07-17,7.125,7.25,7.09375,7.25,6.315598487854004,211200
1989-07-18,7.25,7.25,7.125,7.1875,6.261154651641846,348000
1989-07-19,7.25,7.375,7.21875,7.375,6.424488544464111,188400
1989-07-20,7.21875,7.21875,7.0,7.09375,6.179487228393555,1020800
1989-07-21,6.9375,6.96875,6.75,6.8125,5.934484958648682,1199600
1989-07-24,6.78125,6.78125,6.6875,6.75,5.880040168762207,296000
1989-07-25,6.75,6.78125,6.53125,6.59375,5.743927955627441,434800
1989-07-26,6.59375,6.75,6.59375,6.75,5.880040168762207,188400
1989-07-27,6.84375,6.875,6.6875,6.75,5.880040168762207,295200
1989-07-28,6.71875,6.84375,6.6875,6.78125,5.907262325286865,480800
1989-07-31,6.78125,6.8125,6.6875,6.8125,5.934484958648682,916400
1989-08-01,6.8125,6.84375,6.6875,6.71875,5.852817535400391,350800
1989-08-02,6.75,6.78125,6.65625,6.75,5.880040168762207,282800
1989-08-03,6.78125,6.78125,6.71875,6.75,5.880040168762207,356400
1989-08-04,6.75,6.78125,6.75,6.75,5.880040168762207,129600
1989-08-07,6.84375,7.09375,6.84375,7.0,6.0978193283081055,746800
1989-08-08,7.03125,7.125,7.03125,7.09375,6.179487228393555,620000
1989-08-09,7.09375,7.34375,7.09375,7.3125,6.370043754577637,966800
1989-08-10,7.3125,7.625,7.3125,7.5625,6.58782434463501,1480400
1989-08-11,7.5625,7.5625,7.28125,7.28125,6.3428215980529785,836000
1989-08-14,7.25,7.28125,7.21875,7.28125,6.3428215980529785,198800
1989-08-15,7.25,7.25,6.96875,7.0,6.0978193283081055,284000
1989-08-16,7.09375,7.09375,7.03125,7.09375,6.179487228393555,170800
1989-08-17,7.09375,7.1875,7.0625,7.09375,6.179487228393555,180000
1989-08-18,7.125,7.125,7.0625,7.09375,6.179487228393555,161200
1989-08-21,7.09375,7.09375,7.0625,7.09375,6.179487228393555,94800
1989-08-22,7.09375,7.09375,7.0,7.03125,6.125041484832764,224000
1989-08-23,7.0,7.03125,6.9375,7.03125,6.125041484832764,135200
1989-08-24,7.0625,7.0625,7.0,7.0625,6.152264595031738,224000
1989-08-25,7.0,7.09375,7.0,7.03125,6.125041484832764,248800
1989-08-28,7.03125,7.03125,6.9375,7.0,6.0978193283081055,378000
1989-08-29,7.0,7.375,7.0,7.375,6.424488544464111,1160400
1989-08-30,7.3125,7.46875,7.3125,7.34375,6.397266864776611,1132400
1989-08-31,7.3125,7.3125,7.0625,7.15625,6.233931541442871,716800
1989-09-01,7.1875,7.3125,7.1875,7.21875,6.2883758544921875,634800
1989-09-05,7.21875,7.25,7.1875,7.25,6.315598487854004,130400
1989-09-06,7.21875,7.21875,7.0,7.0,6.0978193283081055,442800
1989-09-07,7.0,7.0,6.875,6.875,5.988931655883789,282000
1989-09-08,6.8125,6.875,6.65625,6.75,5.880040168762207,697600
1989-09-11,6.71875,6.75,6.6875,6.75,5.880040168762207,80800
1989-09-12,6.75,6.75,6.625,6.71875,5.852817535400391,331600
1989-09-13,6.75,6.75,6.59375,6.625,5.771149635314941,517600
1989-09-14,6.59375,6.625,6.4375,6.5,5.66226053237915,256400
1989-09-15,6.59375,6.59375,6.25,6.25,5.444481372833252,486800
1989-09-18,6.3125,6.3125,6.15625,6.28125,5.471704483032227,346400
1989-09-19,6.28125,6.3125,6.25,6.3125,5.498928070068359,398400
1989-09-20,6.3125,6.4375,6.3125,6.4375,5.607816696166992,142400
1989-09-21,6.53125,6.53125,6.34375,6.40625,5.580592155456543,388800
1989-09-22,6.375,6.375,6.3125,6.34375,5.526148319244385,266000
1989-09-25,6.34375,6.34375,6.28125,6.28125,5.471704483032227,140000
1989-09-26,6.25,6.375,6.25,6.34375,5.526148319244385,197200
1989-09-27,6.3125,6.34375,6.28125,6.3125,5.498928070068359,34800
1989-09-28,6.3125,6.34375,6.28125,6.34375,5.526148319244385,208000
1989-09-29,6.34375,6.53125,6.34375,6.5,5.66226053237915,464800
1989-10-02,6.5,6.53125,6.4375,6.5,5.66226053237915,239200
1989-10-03,6.4375,6.46875,6.34375,6.34375,5.526148319244385,180800
1989-10-04,6.375,6.375,6.3125,6.375,5.553370952606201,144400
1989-10-05,6.46875,6.75,6.46875,6.625,5.771149635314941,1448400
1989-10-06,6.65625,6.75,6.65625,6.75,5.891157150268555,275600
1989-10-09,6.71875,6.75,6.6875,6.71875,5.863882064819336,122000
1989-10-10,6.75,6.84375,6.65625,6.8125,5.945703029632568,367200
1989-10-11,6.71875,6.71875,6.5,6.5625,5.727512359619141,177600
1989-10-12,6.5625,6.5625,6.53125,6.5625,5.727512359619141,143200
1989-10-13,6.53125,6.59375,6.03125,6.03125,5.263855457305908,231600
1989-10-16,6.0,6.15625,5.6875,6.15625,5.372950553894043,896400
1989-10-17,6.15625,6.15625,5.84375,6.0625,5.2911295890808105,351200
1989-10-18,6.09375,6.125,6.03125,6.125,5.345676898956299,321200
1989-10-19,6.125,6.125,6.09375,6.09375,5.318404197692871,79200
1989-10-20,6.125,6.125,5.96875,6.0,5.236582279205322,218400
1989-10-23,6.03125,6.0625,6.03125,6.0625,5.2911295890808105,227200
1989-10-24,6.03125,6.0625,5.78125,5.90625,5.15476131439209,344000
1989-10-25,5.90625,5.9375,5.875,5.90625,5.15476131439209,311600
1989-10-26,5.9375,5.9375,5.84375,5.84375,5.100213050842285,131600
1989-10-27,5.84375,5.875,5.8125,5.84375,5.100213050842285,155200
1989-10-30,5.84375,5.875,5.8125,5.8125,5.072938442230225,78000
1989-10-31,5.84375,5.875,5.84375,5.84375,5.100213050842285,91200
1989-11-01,5.875,5.96875,5.875,5.96875,5.209308624267578,136400
1989-11-02,6.0,6.125,6.0,6.09375,5.318404197692871,148000
1989-11-03,6.0625,6.125,5.96875,6.03125,5.263855457305908,228800
1989-11-06,6.03125,6.03125,5.9375,5.96875,5.209308624267578,245200
1989-11-07,5.90625,5.90625,5.8125,5.8125,5.072938442230225,662800
1989-11-08,5.84375,5.875,5.78125,5.78125,5.045665740966797,83200
1989-11-09,5.75,5.78125,5.6875,5.71875,4.99111795425415,348800
1989-11-10,5.71875,5.75,5.59375,5.625,4.909297466278076,529200
1989-11-13,5.625,5.625,5.53125,5.5625,4.854747295379639,599600
1989-11-14,5.5625,5.59375,5.5,5.5,4.80019998550415,454000
1989-11-15,5.53125,5.53125,5.375,5.46875,4.772927761077881,424400
1989-11-16,5.4375,5.46875,5.34375,5.375,4.691104888916016,786000
1989-11-17,5.375,5.625,5.375,5.53125,4.827475070953369,381200
1989-11-20,5.5625,5.59375,5.5,5.5625,4.854747295379639,234800
1989-11-21,5.5625,5.5625,5.4375,5.4375,4.74565315246582,402400
1989-11-22,5.46875,5.53125,5.4375,5.5,4.80019998550415,291600
1989-11-24,5.46875,5.5,5.46875,5.5,4.80019998550415,169600
1989-11-27,5.46875,5.53125,5.46875,5.5,4.80019998550415,298000
1989-11-28,5.5,5.5,5.46875,5.5,4.80019998550415,184400
1989-11-29,5.5,5.53125,5.46875,5.53125,4.827475070953369,638000
1989-11-30,5.59375,5.625,5.5625,5.59375,4.882022380828857,184800
1989-12-01,5.59375,5.6875,5.5,5.6875,4.963844299316406,688000
1989-12-04,5.71875,5.8125,5.625,5.8125,5.072938442230225,305200
1989-12-05,5.90625,5.9375,5.84375,5.84375,5.100213050842285,168800
1989-12-06,5.84375,6.0,5.84375,5.9375,5.182034969329834,135200
1989-12-07,5.9375,5.9375,5.875,5.90625,5.15476131439209,144000
1989-12-08,5.9375,5.9375,5.84375,5.875,5.127488613128662,167200
1989-12-11,5.875,5.875,5.75,5.75,5.01839017868042,127600
1989-12-12,5.78125,5.78125,5.71875,5.78125,5.045665740966797,153200
1989-12-13,5.78125,5.78125,5.6875,5.71875,4.99111795425415,142400
1989-12-14,5.75,5.75,5.625,5.625,4.909297466278076,322000
1989-12-15,5.59375,5.59375,5.46875,5.46875,4.772927761077881,140400
1989-12-18,5.5,5.5,5.34375,5.375,4.691104888916016,823600
1989-12-19,5.34375,5.40625,5.21875,5.25,4.582009792327881,206000
1989-12-20,5.28125,5.28125,5.125,5.1875,4.527462959289551,284000
1989-12-21,5.21875,5.21875,5.125,5.1875,4.527462959289551,684800
1989-12-22,5.1875,5.28125,5.15625,5.28125,4.609283447265625,308400
1989-12-26,5.28125,5.34375,5.28125,5.3125,4.636556625366211,129200
1989-12-27,5.3125,5.3125,5.125,5.15625,4.500187397003174,386400
1989-12-28,5.21875,5.28125,5.125,5.15625,4.500187397003174,289200
1989-12-29,5.125,5.21875,5.0,5.15625,4.500187397003174,1634000
1990-01-02,5.125,5.40625,5.125,5.34375,4.663832664489746,730800
1990-01-03,5.375,5.375,5.25,5.28125,4.609283447265625,302000
1990-01-04,5.25,5.3125,5.21875,5.25,4.582009792327881,317600
1990-01-05,5.28125,5.34375,5.28125,5.34375,4.663832664489746,292000
1990-01-08,5.3125,5.40625,5.28125,5.375,4.702104568481445,191200
1990-01-09,5.40625,5.46875,5.28125,5.3125,4.647429943084717,241600
1990-01-10,5.28125,5.34375,5.09375,5.1875,4.538076877593994,336400
1990-01-11,5.1875,5.1875,5.03125,5.0625,4.428726673126221,480400
1990-01-12,5.03125,5.0625,4.8125,4.96875,4.346713542938232,506800
1990-01-15,4.9375,5.125,4.9375,5.09375,4.456062316894531,212400
1990-01-16,5.125,5.34375,5.09375,5.3125,4.647429943084717,166800
1990-01-17,5.34375,5.375,5.25,5.28125,4.620090484619141,197200
1990-01-18,5.25,5.28125,5.1875,5.28125,4.620090484619141,265200
1990-01-19,5.28125,5.28125,5.21875,5.25,4.592753887176514,346800
1990-01-22,5.28125,5.28125,5.1875,5.1875,4.538076877593994,206800
1990-01-23,5.21875,5.4375,5.0625,5.40625,4.729442596435547,504800
1990-01-24,5.40625,5.40625,5.21875,5.375,4.702104568481445,660400
1990-01-25,5.34375,5.4375,5.3125,5.3125,4.647429943084717,510400
1990-01-26,5.3125,5.34375,5.25,5.28125,4.620090484619141,291600
1990-01-29,5.3125,5.375,5.1875,5.3125,4.647429943084717,417600
1990-01-30,5.28125,5.3125,5.25,5.28125,4.620090484619141,309600
1990-01-31,5.3125,5.375,5.25,5.3125,4.647429943084717,522000
1990-02-01,5.3125,5.34375,5.1875,5.25,4.592753887176514,787600
1990-02-02,5.25,5.375,5.25,5.375,4.702104568481445,210000
1990-02-05,5.375,5.46875,5.375,5.4375,4.756781101226807,582800
1990-02-06,5.4375,5.4375,5.40625,5.4375,4.756781101226807,224800
1990-02-07,5.40625,5.5625,5.40625,5.5,4.811455249786377,650000
1990-02-08,5.53125,5.59375,5.5,5.53125,4.838794231414795,331600
1990-02-09,5.5625,5.59375,5.5625,5.59375,4.893468856811523,224400
1990-02-12,5.59375,5.6875,5.59375,5.6875,4.975481033325195,181600
1990-02-13,5.65625,5.6875,5.625,5.65625,4.948145389556885,204400
1990-02-14,5.65625,5.71875,5.65625,5.65625,4.948145389556885,228000
1990-02-15,5.65625,5.65625,5.625,5.65625,4.948145389556885,715600
1990-02-16,5.625,5.65625,5.5625,5.5625,4.86613130569458,607600
1990-02-20,5.5625,5.65625,5.5625,5.65625,4.948145389556885,354800
1990-02-21,5.65625,5.6875,5.59375,5.59375,4.893468856811523,2998000
1990-02-22,5.46875,5.53125,5.46875,5.5,4.811455249786377,559200
1990-02-23,5.5,5.5,5.40625,5.5,4.811455249786377,327200
1990-02-26,5.53125,5.5625,5.5,5.5625,4.86613130569458,212000
1990-02-27,5.5625,5.59375,5.53125,5.53125,4.838794231414795,470000
1990-02-28,5.53125,5.65625,5.53125,5.59375,4.893468856811523,153600
1990-03-01,5.59375,5.59375,5.53125,5.5625,4.86613130569458,247200
1990-03-02,5.5625,5.6875,5.5625,5.6875,4.975481033325195,285600
1990-03-05,5.6875,5.75,5.65625,5.75,5.030158042907715,188400
1990-03-06,5.78125,5.96875,5.75,5.96875,5.221524238586426,295600
1990-03-07,5.96875,6.0,5.9375,5.9375,5.194186210632324,154000
1990-03-08,5.9375,6.0,5.90625,6.0,5.248860836029053,260400
1990-03-09,6.0,6.125,6.0,6.03125,5.27619743347168,160400
1990-03-12,6.03125,6.125,6.0,6.0,5.248860836029053,410800
1990-03-13,6.0,6.0,5.9375,5.96875,5.221524238586426,368800
1990-03-14,5.96875,6.0625,5.96875,6.03125,5.27619743347168,162400
1990-03-15,6.03125,6.0625,5.96875,5.96875,5.221524238586426,93200
1990-03-16,5.96875,6.0,5.9375,5.9375,5.194186210632324,81600
1990-03-19,5.9375,6.0,5.9375,5.96875,5.221524238586426,119600
1990-03-20,6.0,6.0,5.9375,5.96875,5.221524238586426,84000
1990-03-21,5.9375,5.9375,5.875,5.90625,5.166847229003906,29200
1990-03-22,5.9375,5.9375,5.78125,5.8125,5.084833145141602,95600
1990-03-23,5.78125,5.84375,5.78125,5.84375,5.1121721267700195,105200
1990-03-26,5.84375,5.875,5.8125,5.84375,5.1121721267700195,48000
1990-03-27,5.90625,5.96875,5.90625,5.9375,5.194186210632324,100400
1990-03-28,6.0,6.0,5.96875,5.96875,5.221524238586426,144800
1990-03-29,6.0,6.0,5.96875,5.96875,5.221524238586426,285200
1990-03-30,5.96875,6.0,5.90625,5.90625,5.166847229003906,169200
1990-04-02,5.90625,5.9375,5.875,5.90625,5.166847229003906,76000
1990-04-03,5.90625,5.9375,5.90625,5.90625,5.166847229003906,168000
1990-04-04,5.90625,5.9375,5.875,5.875,5.139509201049805,60800
1990-04-05,5.875,5.90625,5.84375,5.875,5.139509201049805,13200
1990-04-06,5.90625,5.9375,5.90625,5.9375,5.205260753631592,193600
1990-04-09,5.90625,5.90625,5.75,5.75,5.040881633758545,172400
1990-04-10,5.75,5.8125,5.75,5.78125,5.068279266357422,46800
1990-04-11,5.8125,5.875,5.8125,5.875,5.150467872619629,99600
1990-04-12,6.0,6.25,6.0,6.25,5.479220390319824,430800
1990-04-16,6.25,6.5,6.25,6.5,5.698390483856201,454800
1990-04-17,6.5,6.5,6.21875,6.25,5.479220390319824,372400
1990-04-18,6.25,6.28125,6.125,6.15625,5.397032260894775,104800
1990-04-19,6.125,6.15625,5.78125,5.84375,5.123071670532227,715600
1990-04-20,5.84375,5.875,5.75,5.75,5.040881633758545,264000
1990-04-23,5.75,5.78125,5.5,5.5625,4.87650728225708,378400
1990-04-24,5.5625,5.5625,5.4375,5.46875,4.794320106506348,392000
1990-04-25,5.5,5.5,5.4375,5.4375,4.766922473907471,156000
1990-04-26,5.46875,5.46875,5.40625,5.46875,4.794320106506348,664400
1990-04-27,5.46875,5.5,5.40625,5.4375,4.766922473907471,113600
1990-04-30,5.375,5.4375,5.375,5.4375,4.766922473907471,157200
1990-05-01,5.46875,5.46875,5.40625,5.4375,4.766922473907471,146400
1990-05-02,5.4375,5.4375,5.375,5.40625,4.739527225494385,58400
1990-05-03,5.4375,5.53125,5.40625,5.53125,4.849111080169678,164000
1990-05-04,5.5,5.53125,5.4375,5.46875,4.794320106506348,61200
1990-05-07,5.46875,5.46875,5.4375,5.46875,4.794320106506348,63200
1990-05-08,5.4375,5.46875,5.40625,5.4375,4.766922473907471,116400
1990-05-09,5.4375,5.46875,5.40625,5.46875,4.794320106506348,40000
1990-05-10,5.4375,5.46875,5.40625,5.46875,4.794320106506348,190000
1990-05-11,5.5,5.625,5.5,5.5625,4.87650728225708,146000
1990-05-14,5.625,5.65625,5.59375,5.59375,4.903903961181641,160400
1990-05-15,5.59375,5.65625,5.53125,5.5625,4.87650728225708,81200
1990-05-16,5.53125,5.5625,5.46875,5.46875,4.794320106506348,87600
1990-05-17,5.46875,5.5,5.4375,5.46875,4.794320106506348,130400
1990-05-18,5.46875,5.53125,5.46875,5.5,4.821714401245117,44400
1990-05-21,5.5,5.53125,5.5,5.53125,4.849111080169678,158400
1990-05-22,5.5,6.0,5.5,5.96875,5.232656955718994,677600
1990-05-23,5.96875,5.96875,5.84375,5.84375,5.123071670532227,206000
1990-05-24,5.84375,5.875,5.71875,5.71875,5.013487339019775,76400
1990-05-25,5.6875,5.75,5.65625,5.65625,4.958695411682129,172400
1990-05-29,5.65625,5.6875,5.625,5.6875,4.986091613769531,125200
1990-05-30,5.6875,5.75,5.65625,5.71875,5.013487339019775,124400
1990-05-31,5.75,5.78125,5.71875,5.75,5.040881633758545,48400
1990-06-01,5.8125,5.875,5.8125,5.84375,5.123071670532227,290800
1990-06-04,5.875,5.90625,5.84375,5.90625,5.177864074707031,145600
1990-06-05,5.90625,6.15625,5.90625,6.09375,5.3422393798828125,1157600
1990-06-06,6.09375,6.09375,6.0,6.0,5.260052680969238,92800
1990-06-07,6.0,6.03125,5.90625,5.9375,5.205260753631592,81200
1990-06-08,5.9375,5.9375,5.84375,5.84375,5.123071670532227,42400
1990-06-11,5.84375,6.0,5.84375,6.0,5.260052680969238,550000
1990-06-12,5.96875,5.96875,5.90625,5.9375,5.205260753631592,59600
1990-06-13,5.90625,6.03125,5.90625,6.0,5.260052680969238,400800
1990-06-14,5.9375,5.9375,5.90625,5.90625,5.177864074707031,118800
1990-06-15,5.90625,5.90625,5.78125,5.8125,5.095675945281982,122800
1990-06-18,5.8125,5.8125,5.65625,5.65625,4.958695411682129,46800
1990-06-19,5.65625,5.78125,5.65625,5.78125,5.068279266357422,270400
1990-06-20,5.71875,5.75,5.625,5.625,4.931299209594727,200400
1990-06-21,5.625,5.6875,5.5625,5.625,4.931299209594727,198000
1990-06-22,5.65625,5.71875,5.625,5.625,4.931299209594727,111600
1990-06-25,5.65625,5.65625,5.5625,5.59375,4.903903961181641,122400
1990-06-26,5.59375,5.625,5.5625,5.5625,4.87650728225708,58800
1990-06-27,5.53125,5.625,5.53125,5.625,4.931299209594727,112800
1990-06-28,5.65625,5.71875,5.65625,5.65625,4.958695411682129,142800
1990-06-29,5.65625,5.65625,5.5625,5.625,4.931299209594727,167200
1990-07-02,5.625,5.65625,5.59375,5.625,4.931299209594727,126800
1990-07-03,5.65625,5.6875,5.625,5.65625,4.958695411682129,80000
1990-07-05,5.65625,5.65625,5.5625,5.5625,4.87650728225708,139600
1990-07-06,5.53125,5.65625,5.5,5.625,4.931299209594727,108400
1990-07-09,5.625,5.6875,5.625,5.65625,4.9697394371032715,40800
1990-07-10,5.625,5.71875,5.625,5.6875,4.997196197509766,130400
1990-07-11,5.6875,5.71875,5.625,5.625,4.9422807693481445,73200
1990-07-12,5.625,5.71875,5.625,5.6875,4.997196197509766,91600
1990-07-13,5.71875,5.9375,5.6875,5.875,5.16193962097168,372800
1990-07-16,5.875,5.9375,5.84375,5.875,5.16193962097168,108400
1990-07-17,5.84375,5.84375,5.75,5.78125,5.0795674324035645,50000
1990-07-18,5.71875,5.78125,5.71875,5.71875,5.024653434753418,78000
1990-07-19,5.75,5.75,5.71875,5.75,5.052109241485596,42800
1990-07-20,5.71875,5.75,5.625,5.625,4.9422807693481445,152400
1990-07-23,5.5625,5.5625,5.34375,5.375,4.722624778747559,318800
1990-07-24,5.34375,5.375,5.15625,5.1875,4.557880878448486,160800
1990-07-25,5.1875,5.34375,5.1875,5.28125,4.640254020690918,198800
1990-07-26,5.25,5.28125,5.21875,5.25,4.612796783447266,38400
1990-07-27,5.25,5.25,5.1875,5.1875,4.557880878448486,156000
1990-07-30,5.1875,5.21875,5.1875,5.21875,4.585339546203613,78000
1990-07-31,5.21875,5.21875,5.125,5.125,4.502969264984131,120800
1990-08-01,5.125,5.15625,5.125,5.125,4.502969264984131,188000
1990-08-02,5.09375,5.09375,4.875,5.03125,4.420596599578857,412800
1990-08-03,4.96875,4.96875,4.6875,4.6875,4.118569374084473,522000
1990-08-06,4.5625,4.625,4.5,4.5625,4.008739948272705,518000
1990-08-07,4.5625,4.59375,4.53125,4.5625,4.008739948272705,270000
1990-08-08,4.59375,4.75,4.59375,4.75,4.173482418060303,306800
1990-08-09,4.78125,4.84375,4.71875,4.84375,4.25585412979126,163600
1990-08-10,4.875,4.875,4.75,4.8125,4.228394985198975,144000
1990-08-13,4.78125,4.78125,4.71875,4.75,4.173482418060303,124000
1990-08-14,4.71875,4.75,4.6875,4.6875,4.118569374084473,147200
1990-08-15,4.71875,4.75,4.6875,4.71875,4.146024227142334,126400
1990-08-16,4.6875,4.6875,4.53125,4.53125,3.9812817573547363,334800
1990-08-17,4.5,4.5,4.375,4.40625,3.8714542388916016,185200
1990-08-20,4.40625,4.46875,4.34375,4.375,3.84399676322937,96400
1990-08-21,4.34375,4.34375,4.125,4.15625,3.651797294616699,165200
1990-08-22,4.21875,4.28125,4.15625,4.21875,3.7067110538482666,427200
1990-08-23,4.0,4.1875,4.0,4.0625,3.5694267749786377,421600
1990-08-24,4.0625,4.1875,4.0625,4.15625,3.651797294616699,96800
1990-08-27,4.1875,4.375,4.1875,4.34375,3.816540002822876,150000
1990-08-28,4.375,4.40625,4.34375,4.375,3.84399676322937,96000
1990-08-29,4.40625,4.5,4.40625,4.5,3.9538259506225586,133200
1990-08-30,4.5,4.5,4.46875,4.5,3.9538259506225586,55200
1990-08-31,4.40625,4.40625,4.3125,4.34375,3.816540002822876,82800
1990-09-04,4.3125,4.34375,4.28125,4.3125,3.789083242416382,43600
1990-09-05,4.25,4.28125,4.21875,4.25,3.734168291091919,113200
1990-09-06,4.21875,4.21875,4.1875,4.21875,3.7067110538482666,76800
1990-09-07,4.21875,4.21875,4.1875,4.21875,3.7067110538482666,234800
1990-09-10,4.21875,4.21875,4.15625,4.1875,3.6792542934417725,183200
1990-09-11,4.1875,4.21875,4.15625,4.21875,3.7067110538482666,129600
1990-09-12,4.21875,4.25,4.1875,4.25,3.734168291091919,174800
1990-09-13,4.21875,4.25,4.1875,4.21875,3.7067110538482666,40800
1990-09-14,4.21875,4.21875,4.15625,4.15625,3.651797294616699,48000
1990-09-17,4.125,4.15625,4.125,4.15625,3.651797294616699,62400
1990-09-18,4.15625,4.15625,4.0625,4.09375,3.5968821048736572,153200
1990-09-19,4.125,4.125,4.0625,4.0625,3.5694267749786377,44000
1990-09-20,4.09375,4.09375,4.03125,4.0625,3.5694267749786377,46800
1990-09-21,4.09375,4.09375,4.0,4.03125,3.5419695377349854,90400
1990-09-24,4.0,4.0,3.9375,3.9375,3.459597587585449,106800
1990-09-25,3.90625,3.90625,3.78125,3.84375,3.3772265911102295,156800
1990-09-26,3.84375,3.84375,3.75,3.8125,3.349769115447998,98000
1990-09-27,3.84375,3.875,3.59375,3.59375,3.15756893157959,184000
1990-09-28,3.59375,3.75,3.46875,3.75,3.2948548793792725,199200
1990-10-01,3.8125,4.03125,3.8125,4.03125,3.5419695377349854,168000
1990-10-02,4.09375,4.375,4.09375,4.3125,3.789083242416382,312400
1990-10-03,4.34375,4.34375,4.25,4.25,3.734168291091919,48400
1990-10-04,4.25,4.28125,4.21875,4.21875,3.7067110538482666,31200
1990-10-05,4.1875,4.25,4.15625,4.25,3.745265245437622,172800
1990-10-08,4.21875,4.21875,4.125,4.21875,3.717726707458496,107200
1990-10-09,4.1875,4.21875,4.0,4.0,3.5249557495117188,90800
1990-10-10,4.0,4.03125,3.875,3.90625,3.442340135574341,100400
1990-10-11,3.90625,3.90625,3.75,3.84375,3.3872621059417725,116400
1990-10-12,3.875,4.0,3.8125,3.96875,3.4974172115325928,79200
1990-10-15,3.96875,4.03125,3.9375,4.0,3.5249557495117188,170800
1990-10-16,4.0,4.28125,4.0,4.25,3.745265245437622,206800
1990-10-17,4.21875,4.21875,4.125,4.1875,3.6901888847351074,67200
1990-10-18,4.21875,4.375,4.21875,4.375,3.855419874191284,602800
1990-10-19,4.4375,4.5625,4.40625,4.4375,3.91049861907959,870800
1990-10-22,4.4375,4.46875,4.34375,4.375,3.855419874191284,335200
1990-10-23,4.40625,4.5,4.375,4.46875,3.938035488128662,144000
1990-10-24,4.40625,4.4375,4.375,4.375,3.855419874191284,116800
1990-10-25,4.40625,4.40625,4.28125,4.28125,3.772803783416748,30400
1990-10-26,4.28125,4.3125,4.125,4.125,3.635110378265381,90800
1990-10-29,4.125,4.125,4.03125,4.03125,3.5524942874908447,28000
1990-10-30,4.03125,4.03125,3.90625,3.9375,3.4698784351348877,104800
1990-10-31,3.9375,3.96875,3.9375,3.96875,3.4974172115325928,121600
1990-11-01,3.96875,4.0625,3.9375,4.03125,3.5524942874908447,144000
1990-11-02,4.03125,4.03125,4.0,4.0,3.5249557495117188,61200
1990-11-05,4.0,4.125,4.0,4.09375,3.607571840286255,202400
1990-11-06,4.125,4.125,4.09375,4.125,3.635110378265381,31200
1990-11-07,4.09375,4.125,4.09375,4.125,3.635110378265381,149600
1990-11-08,4.09375,4.125,4.09375,4.09375,3.607571840286255,35200
1990-11-09,4.09375,4.09375,3.96875,3.96875,3.4974172115325928,256000
1990-11-12,4.0,4.15625,4.0,4.125,3.635110378265381,104400
1990-11-13,4.09375,4.15625,4.09375,4.15625,3.6626498699188232,48000
1990-11-14,4.125,4.1875,4.125,4.1875,3.6901888847351074,38800
1990-11-15,4.15625,4.1875,4.15625,4.15625,3.6626498699188232,40800
1990-11-16,4.15625,4.15625,4.0625,4.125,3.635110378265381,101600
1990-11-19,4.15625,4.15625,4.03125,4.125,3.635110378265381,65200
1990-11-20,4.0625,4.125,4.0625,4.0625,3.5800342559814453,108400
1990-11-21,4.0625,4.0625,4.0,4.0,3.5249557495117188,123600
1990-11-23,4.0,4.03125,3.96875,4.03125,3.5524942874908447,47600
1990-11-26,4.03125,4.03125,3.84375,3.875,3.4148008823394775,145200
1990-11-27,3.84375,3.9375,3.84375,3.9375,3.4698784351348877,66000
1990-11-28,3.9375,4.0,3.875,3.875,3.4148008823394775,218400
1990-11-29,3.875,3.90625,3.8125,3.875,3.4148008823394775,432800
1990-11-30,3.84375,4.0,3.8125,3.96875,3.4974172115325928,456000
1990-12-03,4.0625,4.21875,4.0625,4.1875,3.6901888847351074,366000
1990-12-04,4.1875,4.1875,4.0625,4.125,3.635110378265381,201600
1990-12-05,4.125,4.3125,4.09375,4.3125,3.8003435134887695,268000
1990-12-06,4.5,4.625,4.46875,4.46875,3.938035488128662,840000
1990-12-07,4.5,4.5,4.375,4.375,3.855419874191284,92800
1990-12-10,4.34375,4.40625,4.3125,4.34375,3.8278820514678955,69200
1990-12-11,4.3125,4.3125,4.21875,4.21875,3.717726707458496,108000
1990-12-12,4.21875,4.21875,4.09375,4.21875,3.717726707458496,183600
1990-12-13,4.1875,4.34375,4.1875,4.28125,3.772803783416748,388000
1990-12-14,4.28125,4.28125,4.21875,4.25,3.745265245437622,292400
1990-12-17,4.21875,4.21875,4.15625,4.21875,3.717726707458496,43200
1990-12-18,4.25,4.25,4.15625,4.15625,3.6626498699188232,336000
1990-12-19,4.1875,4.1875,4.125,4.15625,3.6626498699188232,770800
1990-12-20,4.09375,4.25,4.0625,4.21875,3.717726707458496,352400
1990-12-21,4.21875,4.375,4.21875,4.375,3.855419874191284,156800
1990-12-24,4.34375,4.375,4.28125,4.3125,3.8003435134887695,82400
1990-12-26,4.3125,4.34375,4.28125,4.34375,3.8278820514678955,43200
1990-12-27,4.3125,4.34375,4.3125,4.34375,3.8278820514678955,160800
1990-12-28,4.3125,4.34375,4.28125,4.3125,3.8003435134887695,90000
1990-12-31,4.3125,4.375,4.3125,4.375,3.855419874191284,442800
1991-01-02,4.40625,4.46875,4.375,4.46875,3.938035488128662,186400
1991-01-03,4.4375,4.5625,4.4375,4.53125,3.993114709854126,133600
1991-01-04,4.5,4.5625,4.5,4.53125,3.993114709854126,243600
1991-01-07,4.5,4.5,4.4375,4.46875,3.938035488128662,162000
1991-01-08,4.5,4.5625,4.46875,4.53125,3.993114709854126,269600
1991-01-09,4.53125,4.71875,4.5,4.53125,4.004160404205322,346400
1991-01-10,4.5625,4.5625,4.5,4.53125,4.004160404205322,345200
1991-01-11,4.5,4.5625,4.5,4.5625,4.031774520874023,324800
1991-01-14,4.5625,4.5625,4.46875,4.5,3.9765446186065674,167600
1991-01-15,4.5,4.53125,4.46875,4.5,3.9765446186065674,106000
1991-01-16,4.46875,4.59375,4.46875,4.59375,4.059389114379883,98000
1991-01-17,5.0,5.15625,4.9375,5.0625,4.473613262176514,951600
1991-01-18,5.0625,5.21875,5.03125,5.1875,4.584071636199951,500800
1991-01-21,5.15625,5.21875,5.125,5.125,4.528842449188232,288800
1991-01-22,5.125,5.28125,5.125,5.28125,4.666916847229004,712800
1991-01-23,5.25,5.5,5.21875,5.46875,4.832607746124268,394800
1991-01-24,5.46875,5.8125,5.46875,5.78125,5.1087541580200195,860000
1991-01-25,5.71875,5.75,5.5625,5.625,4.970681667327881,382400
1991-01-28,5.65625,5.75,5.59375,5.59375,4.943066596984863,395200
1991-01-29,5.5625,5.5625,5.3125,5.34375,4.722148418426514,239600
1991-01-30,5.3125,5.5,5.3125,5.5,4.860219955444336,255200
1991-01-31,5.46875,5.46875,5.3125,5.375,4.749762535095215,333200
1991-02-01,5.375,5.40625,5.28125,5.40625,4.777377605438232,118800
1991-02-04,5.40625,5.53125,5.40625,5.53125,4.887836456298828,177600
1991-02-05,5.5,5.84375,5.5,5.8125,5.1363701820373535,503600
1991-02-06,5.75,5.9375,5.71875,5.84375,5.163985729217529,570400
1991-02-07,5.84375,5.9375,5.8125,5.9375,5.246831893920898,582800
1991-02-08,5.875,5.875,5.6875,5.71875,5.053525924682617,358000
1991-02-11,5.65625,5.8125,5.65625,5.78125,5.1087541580200195,398800
1991-02-12,5.75,5.75,5.65625,5.65625,4.998295783996582,234400
1991-02-13,5.625,5.65625,5.53125,5.65625,4.998295783996582,142400
1991-02-14,5.65625,5.65625,5.5625,5.625,4.970681667327881,321200
1991-02-15,5.625,5.75,5.625,5.71875,5.053525924682617,618400
1991-02-19,5.65625,5.6875,5.5625,5.65625,4.998295783996582,96000
1991-02-20,5.65625,5.6875,5.5625,5.59375,4.943066596984863,190800
1991-02-21,5.625,5.625,5.4375,5.46875,4.832607746124268,66000
1991-02-22,5.40625,5.65625,5.40625,5.53125,4.887836456298828,150800
1991-02-25,5.625,5.65625,5.59375,5.625,4.970681667327881,186400
1991-02-26,5.5625,5.59375,5.5,5.59375,4.943066596984863,190800
1991-02-27,5.5625,5.71875,5.5625,5.71875,5.053525924682617,184400
1991-02-28,5.71875,5.71875,5.6875,5.71875,5.053525924682617,160400
1991-03-01,5.6875,5.71875,5.65625,5.71875,5.053525924682617,90400
1991-03-04,5.71875,5.75,5.59375,5.65625,4.998295783996582,224800
1991-03-05,5.8125,5.96875,5.8125,5.90625,5.21921443939209,1482800
1991-03-06,5.9375,5.96875,5.90625,5.9375,5.246831893920898,821200
1991-03-07,5.90625,5.9375,5.875,5.875,5.1915998458862305,197600
1991-03-08,5.875,5.90625,5.84375,5.875,5.1915998458862305,203200
1991-03-11,5.875,5.875,5.84375,5.84375,5.163985729217529,150000
1991-03-12,5.875,6.1875,5.875,6.0,5.302061557769775,737600
1991-03-13,6.125,6.21875,6.09375,6.1875,5.4677510261535645,782400
1991-03-14,6.1875,6.1875,6.03125,6.0625,5.357289791107178,235600
1991-03-15,6.125,6.1875,6.0625,6.15625,5.440134048461914,290400
1991-03-18,6.15625,6.1875,6.0625,6.125,5.412519931793213,1019600
1991-03-19,6.0625,6.34375,6.03125,6.28125,5.550593852996826,889200
1991-03-20,6.21875,6.28125,6.09375,6.25,5.522979736328125,581200
1991-03-21,6.21875,6.34375,6.21875,6.34375,5.605823993682861,472400
1991-03-22,6.34375,6.34375,6.1875,6.28125,5.550593852996826,227600
1991-03-25,6.25,6.28125,6.25,6.28125,5.550593852996826,178800
1991-03-26,6.25,6.34375,6.1875,6.28125,5.550593852996826,427200
1991-03-27,6.25,6.28125,6.1875,6.25,5.522979736328125,312000
1991-03-28,6.25,6.25,6.21875,6.25,5.522979736328125,342800
1991-04-01,6.25,6.25,5.96875,6.09375,5.384903430938721,284000
1991-04-02,6.03125,6.0625,6.0,6.0625,5.357289791107178,206400
1991-04-03,6.03125,6.15625,6.03125,6.0625,5.357289791107178,114400
1991-04-04,6.09375,6.1875,6.0625,6.09375,5.384903430938721,115200
1991-04-05,6.0625,6.1875,6.0625,6.1875,5.4677510261535645,204800
1991-04-08,6.21875,6.28125,6.21875,6.28125,5.550593852996826,183600
1991-04-09,6.25,6.25,6.1875,6.1875,5.478653907775879,173200
1991-04-10,6.15625,6.21875,6.15625,6.1875,5.478653907775879,508000
1991-04-11,6.21875,6.21875,6.0,6.0,5.3126325607299805,664000
1991-04-12,6.03125,6.0625,6.03125,6.03125,5.340301990509033,47600
1991-04-15,6.03125,6.0625,6.03125,6.03125,5.340301990509033,46800
1991-04-16,6.03125,6.0625,6.03125,6.03125,5.340301990509033,234800
1991-04-17,6.03125,6.09375,6.0,6.09375,5.395641326904297,788800
1991-04-18,6.0625,6.125,6.0625,6.09375,5.395641326904297,385200
1991-04-19,6.0625,6.0625,5.875,5.90625,5.229622840881348,257200
1991-04-22,5.90625,5.90625,5.4375,5.5,4.869912624359131,390000
1991-04-23,5.53125,5.5625,5.34375,5.4375,4.814571857452393,465600
1991-04-24,5.4375,5.4375,5.34375,5.375,4.7592339515686035,420400
1991-04-25,5.375,5.6875,5.375,5.6875,5.0359320640563965,487600
1991-04-26,5.6875,5.6875,5.59375,5.59375,4.95292329788208,132400
1991-04-29,5.59375,5.59375,5.5,5.53125,4.897583961486816,582400
1991-04-30,5.5,5.59375,5.46875,5.59375,4.95292329788208,375600
1991-05-01,5.5625,5.59375,5.5625,5.5625,4.925251483917236,269200
1991-05-02,5.5625,5.59375,5.5625,5.59375,4.95292329788208,225200
1991-05-03,5.5625,5.8125,5.5625,5.8125,5.14661169052124,532400
1991-05-06,5.78125,5.8125,5.75,5.78125,5.118942737579346,153200
1991-05-07,5.75,5.78125,5.71875,5.75,5.091273307800293,27200
1991-05-08,5.71875,5.71875,5.6875,5.71875,5.063603401184082,54800
1991-05-09,5.75,5.90625,5.75,5.90625,5.229622840881348,372800
1991-05-10,5.90625,5.9375,5.84375,5.875,5.2019524574279785,304000
1991-05-13,5.90625,5.9375,5.875,5.90625,5.229622840881348,212800
1991-05-14,5.875,5.90625,5.84375,5.84375,5.174283027648926,129600
1991-05-15,5.875,5.875,5.71875,5.71875,5.063603401184082,41200
1991-05-16,5.71875,5.75,5.71875,5.71875,5.063603401184082,20000
1991-05-17,5.6875,5.75,5.6875,5.71875,5.063603401184082,135200
1991-05-20,5.6875,5.71875,5.6875,5.6875,5.0359320640563965,105600
1991-05-21,5.71875,5.71875,5.5625,5.59375,4.95292329788208,118400
1991-05-22,5.5625,5.625,5.5625,5.5625,4.925251483917236,86000
1991-05-23,5.5625,5.6875,5.5625,5.6875,5.0359320640563965,83600
1991-05-24,5.65625,5.6875,5.65625,5.6875,5.0359320640563965,53200
1991-05-28,5.71875,5.75,5.71875,5.75,5.091273307800293,43200
1991-05-29,5.59375,5.625,5.53125,5.5625,4.925251483917236,462400
1991-05-30,5.5625,5.5625,5.46875,5.5,4.869912624359131,199600
1991-05-31,5.5625,5.75,5.53125,5.6875,5.0359320640563965,186000
1991-06-03,5.65625,5.6875,5.625,5.65625,5.008262634277344,128400
1991-06-04,5.65625,5.78125,5.65625,5.71875,5.063603401184082,454800
1991-06-05,5.71875,5.71875,5.65625,5.65625,5.008262634277344,417200
1991-06-06,5.65625,5.75,5.65625,5.75,5.091273307800293,298400
1991-06-07,5.75,5.75,5.625,5.625,4.980593204498291,246000
1991-06-10,5.6875,5.6875,5.625,5.625,4.980593204498291,36000
1991-06-11,5.625,5.65625,5.5,5.53125,4.897583961486816,181600
1991-06-12,5.53125,5.53125,5.46875,5.5,4.869912624359131,104800
1991-06-13,5.5,5.5,5.46875,5.5,4.869912624359131,175200
1991-06-14,5.5,5.59375,5.5,5.59375,4.95292329788208,219600
1991-06-17,5.59375,5.59375,5.46875,5.5,4.869912624359131,107200
1991-06-18,5.46875,5.53125,5.46875,5.53125,4.897583961486816,322800
1991-06-19,5.5,5.5625,5.5,5.5625,4.925251483917236,348400
1991-06-20,5.59375,5.625,5.53125,5.59375,4.95292329788208,266800
1991-06-21,5.59375,5.65625,5.5625,5.59375,4.95292329788208,266400
1991-06-24,5.53125,5.5625,5.5,5.53125,4.897583961486816,47200
1991-06-25,5.5625,5.5625,5.5,5.5,4.869912624359131,187600
1991-06-26,5.5,5.5,5.34375,5.46875,4.842244625091553,209200
1991-06-27,5.46875,5.5,5.375,5.375,4.7592339515686035,168800
1991-06-28,5.375,5.40625,5.375,5.375,4.7592339515686035,127200
1991-07-01,5.34375,5.40625,5.34375,5.40625,4.786904335021973,246000
1991-07-02,5.40625,5.53125,5.375,5.375,4.7592339515686035,508800
1991-07-03,5.40625,5.40625,5.375,5.40625,4.786904335021973,116000
1991-07-05,5.375,5.375,5.375,5.375,4.7592339515686035,20400
1991-07-08,5.40625,5.5625,5.40625,5.5625,4.925251483917236,85200
1991-07-09,5.5,5.75,5.5,5.71875,5.075006484985352,506800
1991-07-10,5.78125,5.84375,5.78125,5.8125,5.158203601837158,268800
1991-07-11,5.84375,5.84375,5.8125,5.84375,5.18593692779541,129200
1991-07-12,5.875,5.875,5.6875,5.6875,5.047275543212891,196800
1991-07-15,5.71875,5.78125,5.6875,5.78125,5.130472660064697,201600
1991-07-16,5.78125,5.84375,5.78125,5.8125,5.158203601837158,200000
1991-07-17,5.8125,5.84375,5.75,5.78125,5.130472660064697,54000
1991-07-18,5.75,5.9375,5.75,5.90625,5.241402626037598,256000
1991-07-19,5.90625,5.9375,5.875,5.875,5.2136688232421875,217600
1991-07-22,5.875,5.875,5.75,5.75,5.1027398109436035,111600
1991-07-23,5.75,5.75,5.65625,5.6875,5.047275543212891,123600
1991-07-24,5.6875,5.78125,5.6875,5.75,5.1027398109436035,80800
1991-07-25,5.75,5.84375,5.75,5.84375,5.18593692779541,50000
1991-07-26,5.8125,5.96875,5.8125,5.9375,5.2691330909729,218000
1991-07-29,5.90625,5.90625,5.875,5.875,5.2136688232421875,103600
1991-07-30,5.875,5.9375,5.8125,5.875,5.2136688232421875,123600
1991-07-31,5.875,5.875,5.8125,5.84375,5.18593692779541,70800
1991-08-01,5.8125,5.8125,5.78125,5.78125,5.130472660064697,25600
1991-08-02,5.8125,5.90625,5.75,5.90625,5.241402626037598,217600
1991-08-05,5.875,5.90625,5.875,5.875,5.2136688232421875,37600
1991-08-06,5.875,5.90625,5.8125,5.875,5.2136688232421875,144400
1991-08-07,5.8125,5.9375,5.8125,5.84375,5.18593692779541,220800
1991-08-08,5.875,5.875,5.71875,5.75,5.1027398109436035,93600
1991-08-09,5.75,5.75,5.6875,5.6875,5.047275543212891,94800
1991-08-12,5.71875,5.75,5.6875,5.71875,5.075006484985352,42000
1991-08-13,5.75,5.75,5.65625,5.6875,5.047275543212891,290400
1991-08-14,5.65625,5.71875,5.65625,5.65625,5.019543170928955,115600
1991-08-15,5.6875,5.78125,5.65625,5.78125,5.130472660064697,266000
1991-08-16,5.78125,5.8125,5.78125,5.78125,5.130472660064697,73600
1991-08-19,5.6875,5.71875,5.53125,5.53125,4.908614158630371,378000
1991-08-20,5.5625,5.5625,5.375,5.4375,4.8254170417785645,348000
1991-08-21,5.5,5.6875,5.5,5.6875,5.047275543212891,659200
1991-08-22,5.6875,5.75,5.6875,5.75,5.1027398109436035,84400
1991-08-23,5.75,5.8125,5.75,5.8125,5.158203601837158,148400
1991-08-26,5.8125,5.8125,5.75,5.75,5.1027398109436035,33200
1991-08-27,5.75,5.9375,5.75,5.875,5.2136688232421875,238400
1991-08-28,5.875,5.875,5.78125,5.78125,5.130472660064697,69600
1991-08-29,5.8125,5.8125,5.6875,5.75,5.1027398109436035,76800
1991-08-30,5.75,5.75,5.59375,5.65625,5.019543170928955,81200
1991-09-03,5.6875,5.6875,5.625,5.65625,5.019543170928955,160400
1991-09-04,5.625,5.65625,5.59375,5.59375,4.964077472686768,50400
1991-09-05,5.59375,5.59375,5.5625,5.5625,4.93634557723999,61200
1991-09-06,5.5625,5.59375,5.5,5.5625,4.93634557723999,179600
1991-09-09,5.5625,5.75,5.5625,5.75,5.1027398109436035,140800
1991-09-10,5.71875,5.75,5.59375,5.59375,4.964077472686768,169200
1991-09-11,5.59375,5.65625,5.53125,5.65625,5.019543170928955,517200
1991-09-12,5.71875,5.8125,5.6875,5.75,5.1027398109436035,216800
1991-09-13,5.75,5.75,5.6875,5.75,5.1027398109436035,237600
1991-09-16,5.75,5.75,5.6875,5.71875,5.075006484985352,66000
1991-09-17,5.6875,5.6875,5.40625,5.4375,4.8254170417785645,974000
1991-09-18,5.5,5.5625,5.46875,5.5625,4.93634557723999,147600
1991-09-19,5.53125,5.59375,5.5,5.5625,4.93634557723999,74400
1991-09-20,5.59375,5.65625,5.59375,5.625,4.991809844970703,152800
1991-09-23,5.5625,5.59375,5.46875,5.46875,4.8531494140625,99600
1991-09-24,5.5,5.53125,5.4375,5.53125,4.908614158630371,250000
1991-09-25,5.5,5.59375,5.46875,5.59375,4.964077472686768,52000
1991-09-26,5.59375,5.59375,5.5,5.53125,4.908614158630371,150800
1991-09-27,5.5,5.53125,5.5,5.5,4.880881309509277,49600
1991-09-30,5.53125,5.53125,5.46875,5.5,4.880881309509277,106800
1991-10-01,5.5,5.5,5.4375,5.5,4.880881309509277,85200
1991-10-02,5.5,5.5,5.4375,5.46875,4.8531494140625,94000
1991-10-03,5.5,5.5,5.40625,5.40625,4.7976837158203125,97600
1991-10-04,5.40625,5.4375,5.40625,5.40625,4.7976837158203125,346800
1991-10-07,5.375,5.375,5.125,5.125,4.548093795776367,574400
1991-10-08,5.09375,5.125,5.03125,5.03125,4.475812911987305,204400
1991-10-09,5.03125,5.03125,4.9375,5.0,4.4480133056640625,262800
1991-10-10,5.0,5.03125,4.9375,5.03125,4.475812911987305,426000
1991-10-11,5.0,5.0,4.9375,4.96875,4.4202141761779785,82800
1991-10-14,5.0,5.125,4.9375,5.125,4.559213638305664,452000
1991-10-15,5.15625,5.15625,5.09375,5.125,4.559213638305664,205600
1991-10-16,5.125,5.46875,5.09375,5.46875,4.865015506744385,591200
1991-10-17,5.46875,5.5,5.375,5.375,4.781615257263184,277600
1991-10-18,5.375,5.5,5.3125,5.3125,4.726014137268066,139600
1991-10-21,5.3125,5.3125,5.1875,5.21875,4.642614364624023,266000
1991-10-22,5.1875,5.21875,5.0625,5.09375,4.531413555145264,373600
1991-10-23,5.03125,5.03125,4.9375,4.96875,4.4202141761779785,204800
1991-10-24,4.96875,4.96875,4.875,4.9375,4.39241361618042,164800
1991-10-25,4.90625,4.9375,4.875,4.875,4.336812496185303,380800
1991-10-28,4.90625,5.0,4.90625,5.0,4.4480133056640625,301200
1991-10-29,4.96875,5.03125,4.9375,5.0,4.4480133056640625,105600
1991-10-30,5.0,5.1875,5.0,5.15625,4.587014198303223,165200
1991-10-31,5.15625,5.1875,5.0,5.0625,4.503615856170654,388000
1991-11-01,5.0625,5.09375,5.03125,5.0625,4.503615856170654,271600
1991-11-04,5.03125,5.0625,4.96875,5.03125,4.475812911987305,83200
1991-11-05,5.0625,5.0625,5.0,5.0,4.4480133056640625,44000
1991-11-06,5.0,5.09375,5.0,5.03125,4.475812911987305,158400
1991-11-07,5.03125,5.125,5.03125,5.125,4.559213638305664,183600
1991-11-08,5.125,5.125,5.0,5.0,4.4480133056640625,76000
1991-11-11,5.0,5.0,4.96875,5.0,4.4480133056640625,304400
1991-11-12,5.03125,5.0625,5.03125,5.03125,4.475812911987305,70800
1991-11-13,5.03125,5.03125,4.96875,5.0,4.4480133056640625,79200
1991-11-14,5.125,5.1875,5.0625,5.125,4.559213638305664,244400
1991-11-15,5.09375,5.09375,4.90625,4.9375,4.39241361618042,177600
1991-11-18,4.9375,5.03125,4.875,5.03125,4.475812911987305,125600
1991-11-19,5.0625,5.0625,4.96875,5.0,4.4480133056640625,362800
1991-11-20,5.0,5.03125,4.96875,5.0,4.4480133056640625,82800
1991-11-21,5.03125,5.0625,4.96875,4.96875,4.4202141761779785,158800
1991-11-22,4.96875,4.96875,4.78125,4.78125,4.253412246704102,202400
1991-11-25,4.8125,4.8125,4.78125,4.8125,4.281213760375977,81600
1991-11-26,4.8125,4.84375,4.78125,4.78125,4.253412246704102,89600
1991-11-27,4.75,4.875,4.75,4.875,4.336812496185303,100800
1991-11-29,4.84375,4.84375,4.71875,4.8125,4.281213760375977,96800
1991-12-02,4.78125,4.875,4.78125,4.84375,4.3090128898620605,123200
1991-12-03,4.8125,4.9375,4.8125,4.84375,4.3090128898620605,153200
1991-12-04,4.8125,4.8125,4.75,4.75,4.225614070892334,164400
1991-12-05,4.75,4.75,4.6875,4.6875,4.170012474060059,150000
1991-12-06,4.6875,4.71875,4.6875,4.71875,4.197812080383301,222000
1991-12-09,4.71875,4.75,4.65625,4.6875,4.170012474060059,619600
1991-12-10,4.6875,4.71875,4.65625,4.6875,4.170012474060059,88000
1991-12-11,4.6875,4.6875,4.625,4.6875,4.170012474060059,103600
1991-12-12,4.6875,4.84375,4.625,4.84375,4.3090128898620605,995600
1991-12-13,4.84375,4.9375,4.75,4.75,4.225614070892334,261600
1991-12-16,4.78125,4.8125,4.625,4.625,4.114413261413574,137600
1991-12-17,4.59375,4.65625,4.53125,4.59375,4.086613178253174,164000
1991-12-18,4.59375,4.625,4.5625,4.625,4.114413261413574,176400
1991-12-19,4.625,4.65625,4.5625,4.65625,4.142212867736816,334800
1991-12-20,4.6875,4.78125,4.59375,4.59375,4.086613178253174,344400
1991-12-23,4.59375,4.84375,4.59375,4.8125,4.281213760375977,421600
1991-12-24,4.84375,5.0,4.84375,5.0,4.4480133056640625,395600
1991-12-26,5.09375,5.34375,5.0625,5.34375,4.753814697265625,405600
1991-12-27,5.34375,5.34375,5.21875,5.34375,4.753814697265625,164000
1991-12-30,5.375,5.375,5.3125,5.375,4.781615257263184,296800
1991-12-31,5.34375,5.4375,5.34375,5.4375,4.837214946746826,636800
1992-01-02,5.40625,5.4375,5.40625,5.4375,4.837214946746826,416000
1992-01-03,5.46875,5.46875,5.375,5.40625,4.809413909912109,188400
1992-01-06,5.40625,5.4375,5.375,5.4375,4.837214946746826,117600
1992-01-07,5.4375,5.5,5.40625,5.5,4.892815113067627,140800
1992-01-08,5.46875,5.625,5.46875,5.59375,4.976214408874512,120800
1992-01-09,5.53125,5.5625,5.46875,5.5,4.903773784637451,704400
1992-01-10,5.46875,5.5625,5.46875,5.53125,4.931637763977051,138800
1992-01-13,5.5625,5.59375,5.5,5.5625,4.959498882293701,76000
1992-01-14,5.5625,5.625,5.5625,5.59375,4.987361431121826,56400
1992-01-15,5.5625,5.78125,5.5,5.71875,5.098809242248535,222800
1992-01-16,5.71875,5.875,5.6875,5.8125,5.18239688873291,323600
1992-01-17,5.90625,5.96875,5.8125,5.8125,5.18239688873291,235200
1992-01-20,5.78125,5.8125,5.75,5.78125,5.15453577041626,156800
1992-01-21,5.78125,5.8125,5.625,5.65625,5.043083667755127,251200
1992-01-22,5.65625,5.6875,5.625,5.625,5.015222072601318,55200
1992-01-23,5.65625,5.65625,5.59375,5.625,5.015222072601318,227200
1992-01-24,5.625,5.6875,5.625,5.65625,5.043083667755127,135600
1992-01-27,5.65625,5.6875,5.59375,5.625,5.015222072601318,306800
1992-01-28,5.625,5.75,5.625,5.75,5.126672267913818,539600
1992-01-29,5.75,5.75,5.625,5.65625,5.043083667755127,126000
1992-01-30,5.625,5.6875,5.625,5.6875,5.07094669342041,212800
1992-01-31,5.6875,5.6875,5.5625,5.625,5.015222072601318,305600
1992-02-03,5.5625,5.65625,5.5,5.5625,4.959498882293701,83600
1992-02-04,5.53125,5.625,5.5,5.53125,4.931637763977051,156000
1992-02-05,5.53125,5.6875,5.5,5.65625,5.043083667755127,467200
1992-02-06,5.625,5.71875,5.625,5.71875,5.098809242248535,107600
1992-02-07,5.6875,5.71875,5.59375,5.71875,5.098809242248535,256800
1992-02-10,5.65625,5.6875,5.625,5.6875,5.07094669342041,194800
1992-02-11,5.625,5.625,5.59375,5.625,5.015222072601318,648800
1992-02-12,5.625,5.625,5.5,5.5,4.903773784637451,345600
1992-02-13,5.5,5.53125,5.40625,5.40625,4.820186614990234,103200
1992-02-14,5.4375,5.4375,5.375,5.40625,4.820186614990234,150800
1992-02-18,5.40625,5.46875,5.375,5.4375,4.848048210144043,640000
1992-02-19,5.46875,5.5,5.4375,5.5,4.903773784637451,417200
1992-02-20,5.5,5.625,5.46875,5.59375,4.987361431121826,175600
1992-02-21,5.59375,5.59375,5.5,5.53125,4.931637763977051,145600
1992-02-24,5.53125,5.59375,5.53125,5.53125,4.931637763977051,94400
1992-02-25,5.53125,5.53125,5.5,5.5,4.903773784637451,41600
1992-02-26,5.5,5.625,5.5,5.5,4.903773784637451,435200
1992-02-27,5.53125,5.5625,5.5,5.53125,4.931637763977051,42800
1992-02-28,5.46875,5.53125,5.46875,5.53125,4.931637763977051,55200
1992-03-02,5.5,5.5625,5.46875,5.5,4.903773784637451,182800
1992-03-03,5.5,5.53125,5.5,5.5,4.903773784637451,176800
1992-03-04,5.5,5.53125,5.46875,5.5,4.903773784637451,312400
1992-03-05,5.46875,5.46875,5.3125,5.3125,4.736600399017334,94000
1992-03-06,5.28125,5.375,5.1875,5.21875,4.653013229370117,132800
1992-03-09,5.25,5.3125,5.1875,5.21875,4.653013229370117,118800
1992-03-10,5.21875,5.25,5.125,5.15625,4.597287178039551,126400
1992-03-11,5.125,5.15625,5.03125,5.0625,4.513700485229492,76800
1992-03-12,5.03125,5.0625,4.96875,5.0,4.457976818084717,414400
1992-03-13,5.0,5.0,4.9375,4.9375,4.402252197265625,156000
1992-03-16,4.9375,4.96875,4.9375,4.96875,4.430113792419434,133200
1992-03-17,4.96875,5.0,4.9375,4.96875,4.430113792419434,68000
1992-03-18,4.96875,5.0625,4.9375,4.9375,4.402252197265625,111600
1992-03-19,4.9375,4.96875,4.875,4.875,4.3465256690979,138000
1992-03-20,4.875,4.90625,4.875,4.875,4.3465256690979,112400
1992-03-23,4.875,4.875,4.78125,4.875,4.3465256690979,1016800
1992-03-24,4.875,4.875,4.75,4.8125,4.290801048278809,652800
1992-03-25,4.75,4.75,4.625,4.75,4.235076427459717,996400
1992-03-26,4.6875,4.71875,4.625,4.65625,4.151490211486816,434800
1992-03-27,4.625,4.6875,4.59375,4.59375,4.095765590667725,534000
1992-03-30,4.5625,4.75,4.5625,4.71875,4.207215309143066,396000
1992-03-31,4.71875,4.75,4.6875,4.75,4.235076427459717,168800
1992-04-01,4.75,4.75,4.65625,4.6875,4.1793532371521,82400
1992-04-02,4.65625,4.6875,4.5625,4.59375,4.095765590667725,98400
1992-04-03,4.59375,4.59375,4.5,4.5625,4.067902088165283,114400
1992-04-06,4.5625,4.59375,4.46875,4.5,4.012178421020508,169600
1992-04-07,4.5,4.53125,4.4375,4.4375,3.956454277038574,164800
1992-04-08,4.40625,4.4375,4.375,4.4375,3.956454277038574,325600
1992-04-09,4.375,4.40625,4.3125,4.375,3.911747932434082,333200
1992-04-10,4.40625,4.53125,4.375,4.53125,4.051453590393066,149600
1992-04-13,4.5,4.5,4.40625,4.4375,3.967630386352539,220800
1992-04-14,4.4375,4.4375,4.34375,4.375,3.911747932434082,356400
1992-04-15,4.375,4.46875,4.34375,4.46875,3.9955711364746094,259200
1992-04-16,4.4375,4.5625,4.4375,4.53125,4.051453590393066,255200
1992-04-20,4.53125,4.5625,4.4375,4.5,4.02351188659668,169600
1992-04-21,4.5,4.5,4.4375,4.46875,3.9955711364746094,172400
1992-04-22,4.46875,4.5,4.4375,4.46875,3.9955711364746094,180400
1992-04-23,4.4375,4.53125,4.4375,4.5,4.02351188659668,254000
1992-04-24,4.46875,4.46875,4.40625,4.4375,3.967630386352539,51200
1992-04-27,4.40625,4.40625,4.28125,4.28125,3.827925205230713,774400
1992-04-28,4.3125,4.40625,4.28125,4.40625,3.9396891593933105,442000
1992-04-29,4.40625,4.5,4.40625,4.5,4.02351188659668,80000
1992-04-30,4.5625,4.59375,4.53125,4.53125,4.051453590393066,209200
1992-05-01,4.53125,4.53125,4.4375,4.46875,3.9955711364746094,166400
1992-05-04,4.40625,4.46875,4.40625,4.4375,3.967630386352539,178800
1992-05-05,4.46875,4.53125,4.4375,4.5,4.02351188659668,210000
1992-05-06,4.53125,4.75,4.53125,4.6875,4.191159725189209,497600
1992-05-07,4.71875,4.84375,4.71875,4.84375,4.330863952636719,634000
1992-05-08,4.875,4.9375,4.84375,4.90625,4.386745452880859,345200
1992-05-11,4.90625,4.90625,4.84375,4.875,4.358804225921631,140800
1992-05-12,4.9375,4.96875,4.90625,4.9375,4.414687156677246,222000
1992-05-13,4.9375,4.96875,4.875,4.875,4.358804225921631,155200
1992-05-14,4.875,4.90625,4.71875,4.71875,4.219099998474121,416000
1992-05-15,4.75,4.75,4.625,4.65625,4.1632184982299805,101600
1992-05-18,4.65625,4.78125,4.65625,4.78125,4.274982929229736,218000
1992-05-19,4.78125,4.78125,4.71875,4.78125,4.274982929229736,384000
1992-05-20,4.90625,5.3125,4.90625,5.25,4.694097995758057,1279600
1992-05-21,5.28125,5.46875,5.1875,5.28125,4.7220377922058105,967200
1992-05-22,5.28125,5.40625,5.28125,5.375,4.805861949920654,351200
1992-05-26,5.3125,5.3125,5.125,5.1875,4.638216018676758,822000
1992-05-27,5.15625,5.1875,5.03125,5.09375,4.554393291473389,431200
1992-05-28,5.0625,5.0625,4.9375,5.0,4.470570087432861,246800
1992-05-29,4.96875,5.1875,4.96875,5.15625,4.610273838043213,257200
1992-06-01,5.1875,5.1875,5.03125,5.0625,4.526452541351318,246400
1992-06-02,5.0625,5.21875,5.03125,5.1875,4.638216018676758,400000
1992-06-03,5.1875,5.28125,5.1875,5.25,4.694097995758057,346800
1992-06-04,5.28125,5.34375,5.25,5.3125,4.749979496002197,63200
1992-06-05,5.375,5.375,5.3125,5.34375,4.777920722961426,143600
1992-06-08,5.34375,5.40625,5.34375,5.40625,4.833802700042725,372400
1992-06-09,5.40625,5.5,5.125,5.1875,4.638216018676758,573600
1992-06-10,5.1875,5.21875,5.0625,5.0625,4.526452541351318,268800
1992-06-11,5.0625,5.0625,4.9375,5.0,4.470570087432861,262000
1992-06-12,5.03125,5.1875,5.0,5.15625,4.610273838043213,63600
1992-06-15,5.15625,5.1875,5.125,5.125,4.582333564758301,55200
1992-06-16,5.125,5.15625,4.9375,4.96875,4.442628383636475,256800
1992-06-17,4.9375,4.9375,4.84375,4.875,4.358804225921631,192400
1992-06-18,4.875,4.875,4.78125,4.78125,4.274982929229736,228000
1992-06-19,4.8125,4.84375,4.78125,4.78125,4.274982929229736,316800
1992-06-22,4.75,4.75,4.65625,4.6875,4.191159725189209,164800
1992-06-23,4.6875,4.6875,4.625,4.625,4.1352763175964355,74400
1992-06-24,4.65625,4.65625,4.59375,4.59375,4.107336044311523,194400
1992-06-25,4.59375,4.59375,4.5625,4.59375,4.107336044311523,68800
1992-06-26,4.5625,4.59375,4.5625,4.5625,4.07939338684082,172800
1992-06-29,4.5625,4.6875,4.5625,4.6875,4.191159725189209,174000
1992-06-30,4.6875,4.75,4.59375,4.625,4.1352763175964355,188400
1992-07-01,4.59375,4.78125,4.59375,4.78125,4.274982929229736,174800
1992-07-02,4.75,4.75,4.65625,4.6875,4.191159725189209,144800
1992-07-06,4.6875,4.6875,4.625,4.625,4.1352763175964355,91200
1992-07-07,4.65625,4.78125,4.65625,4.75,4.247040748596191,164400
1992-07-08,4.78125,4.78125,4.71875,4.75,4.247040748596191,70400
1992-07-09,4.6875,4.8125,4.6875,4.71875,4.230231285095215,114800
1992-07-10,4.71875,4.75,4.65625,4.75,4.25824499130249,52400
1992-07-13,4.6875,4.8125,4.6875,4.8125,4.31427526473999,60000
1992-07-14,4.84375,4.875,4.71875,4.75,4.25824499130249,70400
1992-07-15,4.75,4.84375,4.71875,4.78125,4.286261081695557,156000
1992-07-16,4.78125,4.78125,4.71875,4.75,4.25824499130249,46400
1992-07-17,4.71875,4.75,4.71875,4.71875,4.230231285095215,101600
1992-07-20,4.71875,4.71875,4.65625,4.6875,4.202216148376465,46000
1992-07-21,4.65625,4.65625,4.53125,4.5625,4.0901594161987305,197600
1992-07-22,4.53125,4.5625,4.46875,4.46875,4.006113052368164,78400
1992-07-23,4.46875,4.46875,4.4375,4.4375,3.978098154067993,88000
1992-07-24,4.4375,4.5625,4.4375,4.53125,4.062142372131348,115200
1992-07-27,4.5625,4.5625,4.4375,4.4375,3.978098154067993,66000
1992-07-28,4.4375,4.5,4.4375,4.46875,4.006113052368164,35600
1992-07-29,4.46875,4.5,4.46875,4.5,4.034128665924072,174000
1992-07-30,4.5,4.5625,4.46875,4.5625,4.0901594161987305,55200
1992-07-31,4.5625,4.59375,4.5,4.53125,4.062142372131348,55600
1992-08-03,4.53125,4.5625,4.4375,4.4375,3.978098154067993,61600
1992-08-04,4.4375,4.53125,4.4375,4.53125,4.062142372131348,95600
1992-08-05,4.5,4.53125,4.46875,4.53125,4.062142372131348,148800
1992-08-06,4.53125,4.53125,4.5,4.53125,4.062142372131348,73600
1992-08-07,4.5,4.5,4.46875,4.46875,4.006113052368164,173200
1992-08-10,4.4375,4.46875,4.40625,4.46875,4.006113052368164,91600
1992-08-11,4.4375,4.46875,4.40625,4.40625,3.9500844478607178,138400
1992-08-12,4.375,4.40625,4.375,4.375,3.9220683574676514,105200
1992-08-13,4.34375,4.375,4.34375,4.375,3.9220683574676514,33200
1992-08-14,4.375,4.4375,4.375,4.4375,3.978098154067993,58400
1992-08-17,4.40625,4.6875,4.40625,4.6875,4.202216148376465,252000
1992-08-18,4.59375,4.65625,4.5625,4.5625,4.0901594161987305,198000
1992-08-19,4.5625,4.5625,4.40625,4.4375,3.978098154067993,208000
1992-08-20,4.40625,4.40625,4.34375,4.34375,3.894054889678955,147600
1992-08-21,4.34375,4.375,4.3125,4.375,3.9220683574676514,189200
1992-08-24,4.34375,4.34375,4.3125,4.34375,3.894054889678955,55600
1992-08-25,4.3125,4.34375,4.3125,4.3125,3.8660390377044678,35200
1992-08-26,4.34375,4.375,4.3125,4.375,3.9220683574676514,81600
1992-08-27,4.34375,4.375,4.34375,4.34375,3.894054889678955,114800
1992-08-28,4.34375,4.4375,4.34375,4.375,3.9220683574676514,23600
1992-08-31,4.40625,4.4375,4.375,4.375,3.9220683574676514,225600
1992-09-01,4.375,4.5,4.375,4.5,4.034128665924072,1320400
1992-09-02,4.5,4.53125,4.46875,4.5,4.034128665924072,80800
1992-09-03,4.53125,4.5625,4.46875,4.53125,4.062142372131348,296400
1992-09-04,4.5625,4.5625,4.375,4.4375,3.978098154067993,208800
1992-09-08,4.46875,4.46875,4.40625,4.40625,3.9500844478607178,27200
1992-09-09,4.4375,4.5,4.40625,4.5,4.034128665924072,144400
1992-09-10,4.46875,4.625,4.46875,4.59375,4.118173599243164,236400
1992-09-11,4.59375,4.625,4.5,4.59375,4.118173599243164,175600
1992-09-14,4.59375,4.59375,4.53125,4.53125,4.062142372131348,266400
1992-09-15,4.53125,4.53125,4.40625,4.40625,3.9500844478607178,44000
1992-09-16,4.4375,4.4375,4.375,4.4375,3.978098154067993,164800
1992-09-17,4.40625,4.46875,4.34375,4.46875,4.006113052368164,380400
1992-09-18,4.4375,4.46875,4.40625,4.4375,3.978098154067993,78000
1992-09-21,4.4375,4.4375,4.34375,4.40625,3.9500844478607178,197200
1992-09-22,4.40625,4.40625,4.34375,4.40625,3.9500844478607178,170800
1992-09-23,4.375,4.40625,4.34375,4.40625,3.9500844478607178,65600
1992-09-24,4.46875,4.46875,4.4375,4.4375,3.978098154067993,53600
1992-09-25,4.46875,4.46875,4.40625,4.40625,3.9500844478607178,15600
1992-09-28,4.4375,4.4375,4.40625,4.4375,3.978098154067993,66000
1992-09-29,4.4375,4.4375,4.375,4.375,3.9220683574676514,40800
1992-09-30,4.40625,4.40625,4.3125,4.34375,3.894054889678955,154000
1992-10-01,4.3125,4.3125,4.21875,4.25,3.8100101947784424,91600
1992-10-02,4.21875,4.25,4.1875,4.25,3.8100101947784424,268400
1992-10-05,4.21875,4.21875,4.09375,4.15625,3.725965976715088,241600
1992-10-06,4.125,4.125,4.03125,4.09375,3.669936180114746,88000
1992-10-07,4.09375,4.09375,3.96875,4.03125,3.6139066219329834,364800
1992-10-08,4.0,4.0625,3.9375,3.96875,3.5689432621002197,111200
1992-10-09,4.0,4.0,3.75,3.78125,3.400331497192383,275200
1992-10-12,3.78125,3.8125,3.71875,3.78125,3.400331497192383,312000
1992-10-13,3.8125,3.9375,3.78125,3.9375,3.5408411026000977,372400
1992-10-14,3.96875,3.96875,3.90625,3.9375,3.5408411026000977,139600
1992-10-15,3.9375,3.9375,3.8125,3.84375,3.456535577774048,220000
1992-10-16,3.84375,3.84375,3.6875,3.71875,3.3441286087036133,288400
1992-10-19,3.71875,3.84375,3.71875,3.84375,3.456535577774048,296000
1992-10-20,3.90625,3.9375,3.84375,3.90625,3.512739419937134,208400
1992-10-21,3.90625,3.90625,3.84375,3.875,3.4846372604370117,193600
1992-10-22,3.90625,4.09375,3.90625,4.09375,3.6813507080078125,188800
1992-10-23,4.09375,4.25,4.09375,4.1875,3.7656569480895996,334800
1992-10-26,4.1875,4.1875,4.0625,4.0625,3.653249740600586,241200
1992-10-27,4.09375,4.15625,4.03125,4.03125,3.6251468658447266,118400
1992-10-28,4.03125,4.03125,3.9375,3.9375,3.5408411026000977,218800
1992-10-29,3.96875,4.09375,3.9375,4.0625,3.653249740600586,160400
1992-10-30,4.0625,4.0625,4.0,4.0625,3.653249740600586,86000
1992-11-02,4.03125,4.1875,4.0,4.15625,3.737555980682373,678000
1992-11-03,4.15625,4.15625,4.03125,4.03125,3.6251468658447266,164800
1992-11-04,4.0625,4.125,4.0625,4.125,3.7094523906707764,49600
1992-11-05,4.125,4.3125,4.125,4.3125,3.8780646324157715,363600
1992-11-06,4.3125,4.375,4.21875,4.3125,3.8780646324157715,182800
1992-11-09,4.34375,4.34375,4.28125,4.3125,3.8780646324157715,250800
1992-11-10,4.34375,4.40625,4.3125,4.375,3.9342687129974365,144000
1992-11-11,4.40625,4.40625,4.3125,4.34375,3.9061660766601562,181200
1992-11-12,4.3125,4.40625,4.3125,4.3125,3.8780646324157715,128000
1992-11-13,4.34375,4.34375,4.25,4.25,3.8218607902526855,54000
1992-11-16,4.125,4.1875,4.125,4.15625,3.737555980682373,234400
1992-11-17,4.15625,4.1875,4.03125,4.0625,3.653249740600586,184800
1992-11-18,4.0625,4.125,4.0625,4.109375,3.695401668548584,130800
1992-11-19,4.09375,4.125,4.03125,4.09375,3.6813507080078125,50800
1992-11-20,4.0625,4.0625,4.0,4.03125,3.6251468658447266,160400
1992-11-23,4.0,4.03125,4.0,4.0,3.5970449447631836,48400
1992-11-24,3.96875,4.0,3.9375,3.96875,3.5689432621002197,298400
1992-11-25,3.96875,4.09375,3.9375,4.09375,3.6813507080078125,482800
1992-11-27,4.09375,4.1875,4.09375,4.15625,3.737555980682373,252000
1992-11-30,4.15625,4.1875,4.125,4.1875,3.7656569480895996,303600
1992-12-01,4.15625,4.21875,4.15625,4.21875,3.7937586307525635,177200
1992-12-02,4.1875,4.21875,4.03125,4.125,3.7094523906707764,306000
1992-12-03,4.125,4.1875,4.09375,4.1875,3.7656569480895996,283600
1992-12-04,4.21875,4.21875,4.15625,4.21875,3.7937586307525635,88400
1992-12-07,4.1875,4.21875,4.09375,4.125,3.7094523906707764,155200
1992-12-08,4.0625,4.09375,4.0,4.09375,3.6813507080078125,66400
1992-12-09,4.0625,4.125,4.03125,4.0625,3.653249740600586,90400
1992-12-10,4.125,4.15625,4.09375,4.15625,3.737555980682373,88000
1992-12-11,4.15625,4.15625,4.0625,4.0625,3.653249740600586,34800
1992-12-14,4.09375,4.09375,4.0,4.0,3.5970449447631836,69600
1992-12-15,3.96875,3.96875,3.875,3.96875,3.5689432621002197,157200
1992-12-16,3.96875,3.96875,3.78125,3.875,3.4846372604370117,179600
1992-12-17,3.875,3.96875,3.84375,3.96875,3.5689432621002197,126400
1992-12-18,4.0,4.125,3.96875,4.09375,3.6813507080078125,192400
1992-12-21,4.125,4.15625,3.96875,3.96875,3.5689432621002197,127600
1992-12-22,4.0,4.0,3.96875,4.0,3.5970449447631836,60800
1992-12-23,4.03125,4.03125,3.96875,3.96875,3.5689432621002197,68000
1992-12-24,4.0,4.0,3.96875,3.96875,3.5689432621002197,22000
1992-12-28,3.9375,4.0,3.875,4.0,3.5970449447631836,134000
1992-12-29,3.96875,4.125,3.96875,4.09375,3.6813507080078125,142000
1992-12-30,4.03125,4.09375,4.0,4.0625,3.653249740600586,216400
1992-12-31,4.09375,4.1875,4.09375,4.125,3.7094523906707764,162800
1993-01-04,4.21875,4.28125,4.1875,4.1875,3.7656569480895996,378400
1993-01-05,4.21875,4.34375,4.15625,4.25,3.8218607902526855,358800
1993-01-06,4.25,4.3125,4.25,4.28125,3.8499624729156494,432000
1993-01-07,4.25,4.40625,4.1875,4.3125,3.8780646324157715,510400
1993-01-08,4.3125,4.3125,4.21875,4.28125,3.8499624729156494,739200
1993-01-11,4.34375,4.375,4.34375,4.34375,3.9061660766601562,107200
1993-01-12,4.40625,4.53125,4.34375,4.5,4.046675682067871,410000
1993-01-13,4.375,4.375,4.28125,4.34375,3.9061660766601562,206400
1993-01-14,4.375,4.40625,4.3125,4.34375,3.9061660766601562,175200
1993-01-15,4.375,4.375,4.21875,4.28125,3.8499624729156494,236000
1993-01-18,4.3125,4.3125,4.25,4.28125,3.8499624729156494,122000
1993-01-19,4.25,4.3125,4.25,4.28125,3.8499624729156494,404400
1993-01-20,4.3125,4.3125,4.21875,4.25,3.8218607902526855,252000
1993-01-21,4.25,4.28125,4.21875,4.25,3.8218607902526855,204400
1993-01-22,4.25,4.28125,4.25,4.28125,3.8499624729156494,112400
1993-01-25,4.3125,4.3125,4.09375,4.3125,3.8780646324157715,327600
1993-01-26,4.3125,4.3125,4.28125,4.3125,3.8780646324157715,129600
1993-01-27,4.28125,4.28125,4.15625,4.21875,3.7937586307525635,315600
1993-01-28,4.21875,4.21875,4.125,4.15625,3.737555980682373,205600
1993-01-29,4.1875,4.21875,4.15625,4.1875,3.7656569480895996,90000
1993-02-01,4.1875,4.21875,4.15625,4.1875,3.7656569480895996,204800
1993-02-02,4.1875,4.1875,4.15625,4.15625,3.737555980682373,102000
1993-02-03,4.25,4.25,4.1875,4.21875,3.7937586307525635,131600
1993-02-04,4.25,4.375,4.25,4.375,3.9342687129974365,210400
1993-02-05,4.4375,4.4375,4.375,4.375,3.9342687129974365,136000
1993-02-08,4.375,4.375,4.3125,4.34375,3.9061660766601562,84400
1993-02-09,4.375,4.375,4.3125,4.34375,3.9061660766601562,81600
1993-02-10,4.34375,4.375,4.28125,4.28125,3.8499624729156494,63600
1993-02-11,4.28125,4.3125,4.1875,4.1875,3.7656569480895996,71600
1993-02-12,4.15625,4.25,4.15625,4.25,3.8218607902526855,78000
1993-02-16,4.25,4.25,4.125,4.15625,3.737555980682373,143200
1993-02-17,4.125,4.15625,4.09375,4.125,3.7094523906707764,102000
1993-02-18,4.15625,4.15625,4.0625,4.09375,3.6813507080078125,48400
1993-02-19,4.09375,4.09375,3.9375,4.0,3.5970449447631836,85200
1993-02-22,3.96875,4.0,3.90625,3.9375,3.5408411026000977,78400
1993-02-23,3.96875,4.0,3.9375,3.96875,3.5689432621002197,100800
1993-02-24,3.96875,4.0,3.90625,4.0,3.5970449447631836,73200
1993-02-25,3.96875,4.15625,3.96875,4.09375,3.6813507080078125,622400
1993-02-26,4.15625,4.15625,4.0625,4.125,3.7094523906707764,118000
1993-03-01,4.15625,4.15625,4.03125,4.0625,3.653249740600586,84400
1993-03-02,4.03125,4.09375,4.03125,4.0625,3.653249740600586,86800
1993-03-03,4.125,4.1875,4.125,4.1875,3.7656569480895996,133200
1993-03-04,4.1875,4.1875,4.125,4.15625,3.737555980682373,136400
1993-03-05,4.125,4.125,4.0625,4.09375,3.6813507080078125,63200
1993-03-08,4.09375,4.09375,4.0625,4.0625,3.653249740600586,58400
1993-03-09,4.0625,4.125,4.03125,4.125,3.7094523906707764,494800
1993-03-10,4.15625,4.25,4.15625,4.21875,3.7937586307525635,285600
1993-03-11,4.21875,4.21875,4.125,4.1875,3.7656569480895996,114800
1993-03-12,4.15625,4.15625,4.09375,4.15625,3.737555980682373,141200
1993-03-15,4.15625,4.21875,4.15625,4.21875,3.7937586307525635,92800
1993-03-16,4.1875,4.25,4.1875,4.25,3.8218607902526855,44000
1993-03-17,4.21875,4.25,4.21875,4.25,3.8218607902526855,62000
1993-03-18,4.25,4.25,4.1875,4.25,3.8218607902526855,84800
1993-03-19,4.25,4.25,4.21875,4.25,3.8218607902526855,69200
1993-03-22,4.1875,4.21875,4.1875,4.1875,3.7656569480895996,47200
1993-03-23,4.21875,4.375,4.21875,4.375,3.9342687129974365,168800
1993-03-24,4.34375,4.375,4.25,4.25,3.8218607902526855,66000
1993-03-25,4.3125,4.375,4.3125,4.34375,3.9061660766601562,116400
1993-03-26,4.34375,4.34375,4.3125,4.34375,3.9061660766601562,60800
1993-03-29,4.34375,4.46875,4.34375,4.4375,3.9904720783233643,355200
1993-03-30,4.375,4.4375,4.375,4.375,3.9342687129974365,283200
1993-03-31,4.40625,4.40625,4.25,4.28125,3.8499624729156494,545200
1993-04-01,4.25,4.3125,4.21875,4.21875,3.7937586307525635,415600
1993-04-02,4.1875,4.1875,4.0,4.03125,3.6251468658447266,447600
1993-04-05,4.0625,4.125,4.0625,4.125,3.7094523906707764,146800
1993-04-06,4.15625,4.28125,4.125,4.28125,3.8499624729156494,161200
1993-04-07,4.25,4.46875,4.25,4.40625,3.9623687267303467,318000
1993-04-08,4.4375,4.46875,4.3125,4.34375,3.9061660766601562,268400
1993-04-12,4.375,4.375,4.34375,4.34375,3.9061660766601562,128800
1993-04-13,4.375,4.4375,4.3125,4.4375,3.9904720783233643,164000
1993-04-14,4.40625,4.4375,4.375,4.40625,3.9623687267303467,178400
1993-04-15,4.375,4.375,4.25,4.3125,3.8780646324157715,366000
1993-04-16,4.34375,4.34375,4.28125,4.3125,3.8780646324157715,107200
1993-04-19,4.3125,4.3125,4.125,4.125,3.7094523906707764,255200
1993-04-20,4.15625,4.1875,4.0,4.0,3.5970449447631836,1316000
1993-04-21,4.03125,4.34375,4.0,4.28125,3.8499624729156494,656400
1993-04-22,4.28125,4.3125,4.21875,4.25,3.8218607902526855,300800
1993-04-23,4.25,4.28125,4.21875,4.28125,3.8499624729156494,201200
1993-04-26,4.3125,4.3125,4.15625,4.15625,3.737555980682373,254800
1993-04-27,4.15625,4.25,4.15625,4.21875,3.7937586307525635,234400
1993-04-28,4.25,4.25,4.15625,4.15625,3.737555980682373,48800
1993-04-29,4.1875,4.1875,4.09375,4.15625,3.737555980682373,124400
1993-04-30,4.125,4.15625,4.125,4.15625,3.737555980682373,136000
1993-05-03,4.15625,4.3125,4.15625,4.28125,3.8499624729156494,267600
1993-05-04,4.3125,4.3125,4.125,4.1875,3.7656569480895996,89600
1993-05-05,4.15625,4.21875,4.15625,4.1875,3.7656569480895996,252800
1993-05-06,4.1875,4.21875,4.15625,4.21875,3.7937586307525635,101200
1993-05-07,4.21875,4.21875,4.15625,4.1875,3.7656569480895996,164800
1993-05-10,4.1875,4.1875,4.09375,4.125,3.7094523906707764,86000
1993-05-11,4.125,4.125,4.0,4.0625,3.653249740600586,324800
1993-05-12,4.03125,4.15625,4.03125,4.15625,3.737555980682373,174400
1993-05-13,4.125,4.15625,4.125,4.125,3.7094523906707764,44000
1993-05-14,4.125,4.15625,4.0625,4.0625,3.653249740600586,98000
1993-05-17,4.0,4.0,3.9375,4.0,3.5970449447631836,406400
1993-05-18,4.0,4.09375,4.0,4.03125,3.6251468658447266,103600
1993-05-19,4.0625,4.15625,4.03125,4.15625,3.737555980682373,228800
1993-05-20,4.1875,4.21875,4.1875,4.21875,3.7937586307525635,81600
1993-05-21,4.1875,4.21875,4.15625,4.1875,3.7656569480895996,71200
1993-05-24,4.1875,4.21875,4.125,4.15625,3.737555980682373,89600
1993-05-25,4.1875,4.21875,4.125,4.15625,3.737555980682373,136400
1993-05-26,4.125,4.125,4.0625,4.0625,3.653249740600586,172800
1993-05-27,4.0625,4.0625,3.9375,4.0,3.5970449447631836,229200
1993-05-28,4.0,4.03125,3.9375,4.03125,3.6251468658447266,152400
1993-06-01,4.0,4.0625,4.0,4.03125,3.6251468658447266,377200
1993-06-02,4.0,4.0625,3.96875,4.0625,3.653249740600586,240400
1993-06-03,4.0,4.125,4.0,4.125,3.7094523906707764,149600
1993-06-04,4.125,4.15625,4.125,4.15625,3.737555980682373,521600
1993-06-07,4.15625,4.1875,4.09375,4.1875,3.7656569480895996,146000
1993-06-08,4.1875,4.1875,4.125,4.1875,3.7656569480895996,143600
1993-06-09,4.15625,4.1875,4.125,4.15625,3.737555980682373,450400
1993-06-10,4.15625,4.21875,4.125,4.15625,3.737555980682373,284800
1993-06-11,4.125,4.125,3.96875,4.0,3.5970449447631836,426800
1993-06-14,4.0,4.0,3.9375,3.9375,3.5408411026000977,251600
1993-06-15,3.9375,4.0,3.9375,4.0,3.5970449447631836,369600
1993-06-16,4.03125,4.03125,3.90625,3.96875,3.5689432621002197,136800
1993-06-17,3.9375,3.9375,3.75,3.78125,3.400331497192383,256400
1993-06-18,3.78125,3.875,3.6875,3.71875,3.3441286087036133,663600
1993-06-21,3.75,3.78125,3.6875,3.6875,3.316025972366333,240800
1993-06-22,3.71875,3.71875,3.5625,3.5625,3.203618288040161,303600
1993-06-23,3.59375,3.6875,3.5625,3.65625,3.2879245281219482,290000
1993-06-24,3.65625,3.78125,3.65625,3.75,3.372229814529419,136800
1993-06-25,3.71875,3.75,3.71875,3.71875,3.3441286087036133,135600
1993-06-28,3.75,3.78125,3.71875,3.75,3.372229814529419,448800
1993-06-29,3.75,3.78125,3.71875,3.75,3.372229814529419,294400
1993-06-30,3.71875,3.75,3.6875,3.75,3.372229814529419,112800
1993-07-01,3.75,3.75,3.71875,3.75,3.372229814529419,128400
1993-07-02,3.71875,3.78125,3.71875,3.75,3.372229814529419,175200
1993-07-06,3.75,3.75,3.6875,3.71875,3.3441286087036133,134800
1993-07-07,3.6875,3.71875,3.6875,3.71875,3.3441286087036133,93600
1993-07-08,3.6875,3.6875,3.65625,3.6875,3.316025972366333,136000
1993-07-09,3.65625,3.65625,3.5,3.53125,3.1755166053771973,598400
1993-07-12,3.5,3.53125,3.4375,3.4375,3.0912106037139893,210800
1993-07-13,3.4375,3.46875,3.25,3.34375,3.006904363632202,1299200
1993-07-14,3.34375,3.34375,3.21875,3.21875,2.8944971561431885,1052800
1993-07-15,3.25,3.3125,3.25,3.25,2.9225995540618896,610800
1993-07-16,3.28125,3.3125,3.25,3.25,2.9225995540618896,539600
1993-07-19,3.25,3.28125,3.21875,3.25,2.9225995540618896,268800
1993-07-20,3.25,3.25,3.15625,3.15625,2.8382933139801025,377600
1993-07-21,3.1875,3.3125,3.1875,3.25,2.9225995540618896,872800
1993-07-22,3.28125,3.4375,3.28125,3.34375,3.006904363632202,313600
1993-07-23,3.375,3.375,3.25,3.25,2.9225995540618896,612000
1993-07-26,3.25,3.28125,3.15625,3.15625,2.8382933139801025,326400
1993-07-27,3.15625,3.25,3.125,3.21875,2.8944971561431885,587200
1993-07-28,3.25,3.25,3.1875,3.21875,2.8944971561431885,378800
1993-07-29,3.21875,3.21875,3.1875,3.1875,2.8663952350616455,268800
1993-07-30,3.1875,3.25,3.125,3.1875,2.8663952350616455,250800
1993-08-02,3.1875,3.21875,3.15625,3.21875,2.8944971561431885,150800
1993-08-03,3.1875,3.21875,3.15625,3.1875,2.8663952350616455,219200
1993-08-04,3.1875,3.25,3.15625,3.1875,2.8663952350616455,269200
1993-08-05,3.1875,3.25,3.1875,3.1875,2.8663952350616455,132000
1993-08-06,3.1875,3.21875,3.15625,3.1875,2.8663952350616455,151600
1993-08-09,3.1875,3.1875,3.09375,3.125,2.810192108154297,170800
1993-08-10,3.125,3.125,3.0625,3.125,2.810192108154297,303200
1993-08-11,3.09375,3.125,3.0625,3.09375,2.7820894718170166,206000
1993-08-12,3.125,3.125,3.0625,3.125,2.810192108154297,132800
1993-08-13,3.09375,3.15625,3.09375,3.15625,2.8382933139801025,162400
1993-08-16,3.15625,3.15625,3.09375,3.125,2.810192108154297,143600
1993-08-17,3.125,3.25,3.09375,3.25,2.9225995540618896,163600
1993-08-18,3.21875,3.25,3.1875,3.21875,2.8944971561431885,167200
1993-08-19,3.21875,3.3125,3.21875,3.21875,2.8944971561431885,140800
1993-08-20,3.21875,3.25,3.21875,3.25,2.9225995540618896,150800
1993-08-23,3.25,3.25,3.21875,3.25,2.9225995540618896,80400
1993-08-24,3.25,3.28125,3.21875,3.25,2.9225995540618896,147600
1993-08-25,3.25,3.28125,3.21875,3.25,2.9225995540618896,754000
1993-08-26,3.25,3.25,3.21875,3.21875,2.8944971561431885,160000
1993-08-27,3.21875,3.25,3.1875,3.21875,2.8944971561431885,83600
1993-08-30,3.25,3.28125,3.21875,3.25,2.9225995540618896,310000
1993-08-31,3.25,3.28125,3.21875,3.28125,2.9507012367248535,102800
1993-09-01,3.28125,3.3125,3.25,3.28125,2.9507012367248535,182400
1993-09-02,3.28125,3.28125,3.25,3.25,2.9225995540618896,167600
1993-09-03,3.25,3.34375,3.25,3.3125,2.9788036346435547,180400
1993-09-07,3.3125,3.375,3.28125,3.3125,2.9788036346435547,128400
1993-09-08,3.28125,3.3125,3.21875,3.25,2.9225995540618896,97600
1993-09-09,3.21875,3.25,3.21875,3.21875,2.8944971561431885,40000
1993-09-10,3.40625,3.40625,3.34375,3.375,3.0350067615509033,694800
1993-09-13,3.375,3.40625,3.3125,3.3125,2.9788036346435547,283200
1993-09-14,3.3125,3.34375,3.3125,3.34375,3.006904363632202,126400
1993-09-15,3.34375,3.34375,3.21875,3.28125,2.9507012367248535,228000
1993-09-16,3.3125,3.3125,3.25,3.25,2.9225995540618896,43600
1993-09-17,3.25,3.3125,3.25,3.3125,2.9788036346435547,91200
1993-09-20,3.3125,3.3125,3.1875,3.21875,2.8944971561431885,274000
1993-09-21,3.21875,3.25,3.125,3.1875,2.8663952350616455,117600
1993-09-22,3.15625,3.1875,3.15625,3.1875,2.8663952350616455,90000
1993-09-23,3.15625,3.1875,3.15625,3.1875,2.8663952350616455,104800
1993-09-24,3.15625,3.1875,3.125,3.1875,2.8663952350616455,106800
1993-09-27,3.15625,3.21875,3.09375,3.21875,2.8944971561431885,127200
1993-09-28,3.21875,3.21875,3.1875,3.21875,2.8944971561431885,44000
1993-09-29,3.1875,3.21875,3.1875,3.21875,2.8944971561431885,224400
1993-09-30,3.1875,3.21875,3.1875,3.1875,2.8663952350616455,82000
1993-10-01,3.1875,3.1875,3.15625,3.1875,2.8663952350616455,120400
1993-10-04,3.15625,3.1875,3.125,3.125,2.810192108154297,162000
1993-10-05,3.15625,3.21875,3.15625,3.1875,2.8663952350616455,102800
1993-10-06,3.1875,3.28125,3.1875,3.21875,2.8944971561431885,137600
1993-10-07,3.21875,3.28125,3.21875,3.25,2.9225995540618896,68800
1993-10-08,3.25,3.25,3.21875,3.21875,2.8944971561431885,108400
1993-10-11,3.21875,3.28125,3.21875,3.28125,2.9507012367248535,88400
1993-10-12,3.28125,3.3125,3.25,3.3125,2.9788036346435547,245600
1993-10-13,3.3125,3.40625,3.28125,3.40625,3.0631086826324463,243200
1993-10-14,3.40625,3.4375,3.375,3.4375,3.0912106037139893,149200
1993-10-15,3.4375,3.5,3.4375,3.46875,3.1193125247955322,157200
1993-10-18,3.46875,3.5625,3.46875,3.53125,3.1755166053771973,111200
1993-10-19,3.5,3.53125,3.5,3.53125,3.1755166053771973,170800
1993-10-20,3.5,3.59375,3.5,3.53125,3.1755166053771973,160400
1993-10-21,3.53125,3.59375,3.53125,3.5625,3.203618288040161,202800
1993-10-22,3.5625,3.59375,3.5625,3.59375,3.2317209243774414,209600
1993-10-25,3.5625,3.59375,3.5625,3.59375,3.2317209243774414,66800
1993-10-26,3.59375,3.65625,3.59375,3.65625,3.2879245281219482,206000
1993-10-27,3.65625,3.84375,3.65625,3.8125,3.428434133529663,358800
1993-10-28,3.8125,4.0625,3.8125,4.0,3.5970449447631836,576000
1993-10-29,4.0,4.0625,3.96875,4.0,3.5970449447631836,319200
1993-11-01,4.0,4.0,3.9375,3.96875,3.5689432621002197,537600
1993-11-02,3.9375,4.0,3.9375,4.0,3.5970449447631836,268400
1993-11-03,4.0,4.03125,3.96875,3.96875,3.5689432621002197,170400
1993-11-04,3.96875,4.0,3.90625,3.90625,3.512739419937134,50000
1993-11-05,3.875,3.90625,3.8125,3.875,3.4846372604370117,93200
1993-11-08,3.875,3.9375,3.84375,3.90625,3.512739419937134,80000
1993-11-09,3.9375,3.9375,3.90625,3.9375,3.5408411026000977,110800
1993-11-10,3.9375,4.03125,3.9375,4.03125,3.6251468658447266,178800
1993-11-11,4.25,4.34375,4.21875,4.25,3.8218607902526855,851600
1993-11-12,4.25,4.3125,4.15625,4.15625,3.737555980682373,337600
1993-11-15,4.15625,4.21875,4.15625,4.1875,3.7656569480895996,298800
1993-11-16,4.1875,4.1875,4.15625,4.1875,3.7656569480895996,200400
1993-11-17,4.21875,4.21875,4.125,4.125,3.7094523906707764,44800
1993-11-18,4.125,4.15625,4.03125,4.09375,3.6813507080078125,145600
1993-11-19,4.09375,4.09375,4.03125,4.03125,3.6251468658447266,42000
1993-11-22,4.03125,4.09375,4.0,4.0,3.5970449447631836,104000
1993-11-23,4.0,4.0,3.875,3.9375,3.5408411026000977,123600
1993-11-24,3.9375,4.0,3.9375,4.0,3.5970449447631836,148400
1993-11-26,4.0,4.03125,4.0,4.03125,3.6251468658447266,29200
1993-11-29,4.0625,4.15625,4.03125,4.09375,3.6813507080078125,168800
1993-11-30,4.0625,4.09375,4.03125,4.0625,3.653249740600586,77200
1993-12-01,4.0625,4.09375,4.03125,4.09375,3.6813507080078125,36400
1993-12-02,4.0625,4.125,4.0625,4.09375,3.6813507080078125,111600
1993-12-03,4.125,4.125,4.09375,4.125,3.7094523906707764,77200
1993-12-06,4.09375,4.15625,4.03125,4.03125,3.6251468658447266,114000
1993-12-07,4.0625,4.21875,4.0625,4.21875,3.7937586307525635,164400
1993-12-08,4.21875,4.21875,4.0625,4.09375,3.6813507080078125,85200
1993-12-09,4.09375,4.125,4.0,4.0,3.5970449447631836,118000
1993-12-10,4.0,4.03125,3.96875,4.03125,3.6251468658447266,162800
1993-12-13,4.0,4.0,3.625,3.71875,3.3441286087036133,2547200
1993-12-14,3.6875,3.71875,3.59375,3.625,3.259822368621826,610800
1993-12-15,3.59375,3.65625,3.53125,3.59375,3.2317209243774414,641600
1993-12-16,3.625,3.625,3.5,3.59375,3.2317209243774414,534400
1993-12-17,3.59375,3.65625,3.59375,3.65625,3.2879245281219482,643600
1993-12-20,3.65625,3.65625,3.5625,3.5625,3.203618288040161,269200
1993-12-21,3.5625,3.625,3.5625,3.59375,3.2317209243774414,817200
1993-12-22,3.59375,3.625,3.5625,3.5625,3.203618288040161,583200
1993-12-23,3.5625,3.5625,3.5,3.53125,3.1755166053771973,86000
1993-12-27,3.5,3.53125,3.4375,3.5,3.1474149227142334,180000
1993-12-28,3.5,3.5625,3.46875,3.46875,3.1193125247955322,166400
1993-12-29,3.5,3.5625,3.5,3.53125,3.1755166053771973,183200
1993-12-30,3.5,3.5625,3.5,3.5625,3.203618288040161,283200
1993-12-31,3.5625,3.5625,3.5,3.53125,3.1755166053771973,263200
1994-01-03,3.53125,3.5625,3.53125,3.53125,3.1755166053771973,56000
1994-01-04,3.5625,3.5625,3.46875,3.5,3.1474149227142334,368400
1994-01-05,3.5,3.6875,3.5,3.6875,3.316025972366333,733200
1994-01-06,3.71875,3.71875,3.625,3.65625,3.2879245281219482,1261600
1994-01-07,3.65625,3.65625,3.5625,3.625,3.259822368621826,180000
1994-01-10,3.625,3.6875,3.625,3.65625,3.2879245281219482,285200
1994-01-11,3.65625,3.71875,3.65625,3.71875,3.3441286087036133,313600
1994-01-12,3.75,3.78125,3.71875,3.75,3.372229814529419,743600
1994-01-13,3.75,3.8125,3.71875,3.8125,3.428434133529663,508000
1994-01-14,3.84375,4.0,3.84375,3.96875,3.5689432621002197,1180800
1994-01-17,3.96875,4.09375,3.96875,4.03125,3.6251468658447266,469600
1994-01-18,4.0,4.0,3.96875,3.96875,3.5689432621002197,204000
1994-01-19,4.0,4.03125,3.9375,3.96875,3.5689432621002197,456400
1994-01-20,3.96875,4.03125,3.96875,4.0,3.5970449447631836,215600
1994-01-21,4.03125,4.0625,4.0,4.03125,3.6251468658447266,436400
1994-01-24,4.0,4.15625,4.0,4.09375,3.6813507080078125,569600
1994-01-25,4.09375,4.15625,4.09375,4.15625,3.737555980682373,399600
1994-01-26,4.15625,4.1875,4.125,4.1875,3.7656569480895996,438800
1994-01-27,4.1875,4.46875,4.03125,4.46875,4.018573760986328,1212000
1994-01-28,4.5625,4.5625,4.34375,4.40625,3.9623687267303467,722400
1994-01-31,4.40625,4.4375,4.375,4.375,3.9342687129974365,447200
1994-02-01,4.40625,4.46875,4.375,4.40625,3.9623687267303467,493600
1994-02-02,4.4375,4.65625,4.40625,4.5625,4.102880001068115,664400
1994-02-03,4.59375,4.71875,4.53125,4.65625,4.187185764312744,1800000
1994-02-04,4.65625,4.65625,4.40625,4.40625,3.9623687267303467,672800
1994-02-07,4.4375,4.5,4.34375,4.46875,4.018573760986328,333600
1994-02-08,4.5,4.59375,4.5,4.53125,4.074778079986572,334000
1994-02-09,4.53125,4.53125,4.46875,4.5,4.046675682067871,565600
1994-02-10,4.5,4.53125,4.46875,4.5,4.046675682067871,203600
1994-02-11,4.46875,4.5,4.375,4.40625,3.9623687267303467,192800
1994-02-14,4.40625,4.53125,4.40625,4.53125,4.074778079986572,419200
1994-02-15,4.53125,4.6875,4.21875,4.3125,3.8780646324157715,1861200
1994-02-16,4.34375,4.34375,4.09375,4.25,3.8218607902526855,2392000
1994-02-17,4.25,4.5,4.25,4.4375,3.9904720783233643,1628400
1994-02-18,4.4375,4.4375,4.375,4.40625,3.9623687267303467,289200
1994-02-22,4.375,4.40625,4.34375,4.34375,3.9061660766601562,1088000
1994-02-23,4.375,4.375,4.34375,4.375,3.9342687129974365,234400
1994-02-24,4.375,4.375,4.25,4.28125,3.8499624729156494,342000
1994-02-25,4.28125,4.28125,4.25,4.28125,3.8499624729156494,179200
1994-02-28,4.28125,4.3125,4.25,4.3125,3.8780646324157715,376800
1994-03-01,4.28125,4.3125,4.15625,4.1875,3.7656569480895996,280800
1994-03-02,4.125,4.1875,3.96875,4.15625,3.737555980682373,680000
1994-03-03,4.125,4.15625,4.125,4.15625,3.737555980682373,258000
1994-03-04,4.15625,4.15625,4.0625,4.09375,3.6813507080078125,78400
1994-03-07,4.09375,4.125,4.0625,4.125,3.7094523906707764,574800
1994-03-08,4.125,4.15625,4.0625,4.09375,3.6813507080078125,958000
1994-03-09,4.09375,4.21875,4.09375,4.21875,3.7937586307525635,353600
1994-03-10,4.1875,4.25,4.125,4.15625,3.737555980682373,536400
1994-03-11,4.125,4.25,4.125,4.21875,3.7937586307525635,456800
1994-03-14,4.21875,4.21875,4.125,4.125,3.7094523906707764,526800
1994-03-15,4.15625,4.15625,4.09375,4.125,3.7094523906707764,340800
1994-03-16,4.15625,4.25,4.09375,4.25,3.8218607902526855,406000
1994-03-17,4.25,4.25,4.15625,4.21875,3.7937586307525635,473600
1994-03-18,4.25,4.25,4.125,4.125,3.7094523906707764,585600
1994-03-21,4.125,4.125,4.09375,4.09375,3.6813507080078125,81600
1994-03-22,4.125,4.1875,4.0625,4.15625,3.737555980682373,604800
1994-03-23,4.1875,4.1875,4.125,4.125,3.7094523906707764,431600
1994-03-24,4.125,4.125,4.0625,4.0625,3.653249740600586,140000
1994-03-25,4.0625,4.0625,3.90625,3.96875,3.5689432621002197,493600
1994-03-28,3.90625,3.9375,3.875,3.90625,3.512739419937134,323200
1994-03-29,3.875,3.9375,3.71875,3.90625,3.512739419937134,699200
1994-03-30,3.96875,3.96875,3.6875,3.75,3.372229814529419,316800
1994-03-31,3.78125,3.78125,3.40625,3.65625,3.2879245281219482,946400
1994-04-04,3.59375,3.65625,3.5,3.65625,3.2879245281219482,376000
1994-04-05,3.75,4.0,3.75,3.875,3.4846372604370117,723200
1994-04-06,3.875,3.90625,3.84375,3.90625,3.512739419937134,178800
1994-04-07,3.875,3.875,3.71875,3.8125,3.428434133529663,822400
1994-04-08,3.875,3.96875,3.875,3.90625,3.512739419937134,930000
1994-04-11,3.90625,3.90625,3.875,3.875,3.4846372604370117,195600
1994-04-12,3.875,3.96875,3.875,3.90625,3.512739419937134,319600
1994-04-13,3.90625,3.9375,3.90625,3.9375,3.5408411026000977,507200
1994-04-14,3.9375,3.9375,3.8125,3.8125,3.428434133529663,178000
1994-04-15,3.84375,3.84375,3.75,3.78125,3.400331497192383,98000
1994-04-18,3.78125,3.78125,3.71875,3.75,3.372229814529419,32000
1994-04-19,3.75,3.75,3.53125,3.5625,3.203618288040161,538000
1994-04-20,3.5625,3.625,3.4375,3.5,3.1474149227142334,291600
1994-04-21,3.53125,3.75,3.53125,3.75,3.372229814529419,241600
1994-04-22,3.75,3.75,3.71875,3.75,3.372229814529419,298000
1994-04-25,3.71875,3.71875,3.65625,3.6875,3.316025972366333,346400
1994-04-26,3.71875,3.71875,3.625,3.71875,3.3441286087036133,157600
1994-04-28,3.6875,3.90625,3.6875,3.90625,3.512739419937134,579200
1994-04-29,3.875,3.96875,3.84375,3.90625,3.512739419937134,633200
1994-05-02,3.90625,4.03125,3.84375,4.0,3.5970449447631836,214400
1994-05-03,4.0,4.0,3.875,3.90625,3.512739419937134,133200
1994-05-04,3.875,3.96875,3.875,3.90625,3.512739419937134,200800
1994-05-05,3.90625,4.0,3.90625,4.0,3.5970449447631836,291600
1994-05-06,3.96875,3.96875,3.8125,3.90625,3.512739419937134,429200
1994-05-09,3.90625,3.90625,3.78125,3.78125,3.400331497192383,78400
1994-05-10,3.8125,3.84375,3.8125,3.8125,3.428434133529663,124400
1994-05-11,3.84375,3.875,3.8125,3.8125,3.428434133529663,79200
1994-05-12,3.84375,3.875,3.8125,3.84375,3.456535577774048,141200
1994-05-13,3.8125,3.84375,3.78125,3.78125,3.400331497192383,241200
1994-05-16,3.78125,3.84375,3.75,3.8125,3.428434133529663,44400
1994-05-17,3.84375,3.84375,3.8125,3.84375,3.456535577774048,78400
1994-05-18,3.96875,3.96875,3.90625,3.90625,3.512739419937134,405200
1994-05-19,3.96875,3.96875,3.9375,3.96875,3.5689432621002197,398800
1994-05-20,4.0,4.0,3.9375,3.96875,3.5689432621002197,274400
1994-05-23,3.96875,3.96875,3.9375,3.96875,3.5689432621002197,104400
1994-05-24,3.96875,3.96875,3.9375,3.9375,3.5408411026000977,32400
1994-05-25,3.9375,3.9375,3.90625,3.9375,3.5408411026000977,44000
1994-05-26,3.9375,3.9375,3.90625,3.9375,3.5408411026000977,195600
1994-05-27,3.9375,3.9375,3.90625,3.9375,3.5408411026000977,80800
1994-05-31,3.9375,3.9375,3.90625,3.9375,3.5408411026000977,69600
1994-06-01,3.90625,3.9375,3.875,3.90625,3.512739419937134,73600
1994-06-02,3.90625,3.90625,3.84375,3.84375,3.456535577774048,138800
1994-06-03,3.875,3.875,3.8125,3.84375,3.456535577774048,363600
1994-06-06,3.84375,3.84375,3.78125,3.78125,3.400331497192383,189200
1994-06-07,3.78125,3.8125,3.625,3.6875,3.316025972366333,269600
1994-06-08,3.6875,3.75,3.625,3.75,3.372229814529419,276400
1994-06-09,3.75,3.75,3.6875,3.71875,3.3441286087036133,112800
1994-06-10,3.6875,3.78125,3.6875,3.78125,3.400331497192383,402400
1994-06-13,3.78125,3.84375,3.78125,3.8125,3.428434133529663,244400
1994-06-14,3.78125,3.8125,3.78125,3.78125,3.400331497192383,167600
1994-06-15,3.8125,3.8125,3.78125,3.8125,3.428434133529663,105200
1994-06-16,3.78125,3.96875,3.78125,3.9375,3.5408411026000977,822800
1994-06-17,3.96875,4.0,3.875,3.90625,3.512739419937134,545600
1994-06-20,3.875,3.875,3.8125,3.8125,3.428434133529663,153200
1994-06-21,3.84375,3.84375,3.8125,3.84375,3.456535577774048,112400
1994-06-22,3.84375,3.9375,3.84375,3.90625,3.512739419937134,745600
1994-06-23,3.90625,3.90625,3.8125,3.84375,3.456535577774048,172000
1994-06-24,3.84375,3.84375,3.75,3.78125,3.400331497192383,272000
1994-06-27,3.75,4.0,3.71875,4.0,3.5970449447631836,592800
1994-06-28,3.75,3.875,3.75,3.8125,3.428434133529663,777600
1994-06-29,3.8125,3.84375,3.75,3.8125,3.428434133529663,656800
1994-06-30,3.8125,3.9375,3.6875,3.9375,3.5408411026000977,511600
1994-07-01,3.75,3.75,3.6875,3.75,3.372229814529419,234400
1994-07-05,3.75,3.75,3.703125,3.71875,3.3441286087036133,219600
1994-07-06,3.75,3.84375,3.71875,3.8125,3.428434133529663,669200
1994-07-07,3.84375,3.84375,3.8125,3.84375,3.456535577774048,194800
1994-07-08,3.8125,3.84375,3.78125,3.8125,3.428434133529663,91600
1994-07-11,3.8125,3.8125,3.71875,3.75,3.372229814529419,176000
1994-07-12,3.71875,3.71875,3.59375,3.71875,3.3441286087036133,495600
1994-07-13,3.71875,3.71875,3.625,3.6875,3.316025972366333,298400
1994-07-14,3.6875,3.6875,3.65625,3.6875,3.316025972366333,109600
1994-07-15,3.6875,3.875,3.6875,3.8125,3.428434133529663,1056400
1994-07-18,3.75,3.8125,3.75,3.78125,3.400331497192383,568000
1994-07-19,3.75,4.0625,3.75,4.0,3.5970449447631836,2646800
1994-07-20,4.03125,4.03125,3.875,3.96875,3.5689432621002197,800000
1994-07-21,3.9375,3.9375,3.84375,3.84375,3.456535577774048,168400
1994-07-22,3.875,3.9375,3.875,3.875,3.4846372604370117,413600
1994-07-25,3.90625,3.90625,3.875,3.90625,3.512739419937134,130000
1994-07-26,3.90625,4.0625,3.90625,4.03125,3.6251468658447266,687200
1994-07-27,4.0,4.0625,3.96875,4.0625,3.653249740600586,456000
1994-07-28,4.03125,4.09375,4.03125,4.0625,3.653249740600586,731600
1994-07-29,4.09375,4.125,4.03125,4.0625,3.653249740600586,394800
1994-08-01,4.0625,4.0625,4.0,4.03125,3.6251468658447266,484000
1994-08-02,3.96875,4.0625,3.96875,4.0625,3.653249740600586,624000
1994-08-03,4.0625,4.0625,4.03125,4.03125,3.6251468658447266,585200
1994-08-04,4.0625,4.125,4.03125,4.125,3.7094523906707764,664000
1994-08-05,4.09375,4.1875,4.09375,4.1875,3.7656569480895996,620400
1994-08-08,4.1875,4.1875,4.09375,4.125,3.7094523906707764,517200
1994-08-09,4.125,4.125,4.0625,4.09375,3.6813507080078125,213200
1994-08-10,4.09375,4.09375,4.03125,4.09375,3.6813507080078125,734800
1994-08-11,4.09375,4.125,4.09375,4.09375,3.6813507080078125,504400
1994-08-12,4.09375,4.15625,4.09375,4.15625,3.737555980682373,503600
1994-08-15,4.15625,4.15625,4.125,4.15625,3.737555980682373,475200
1994-08-16,4.15625,4.15625,4.09375,4.125,3.7094523906707764,627600
1994-08-17,4.09375,4.34375,4.09375,4.34375,3.9061660766601562,1141200
1994-08-18,4.3125,4.34375,4.25,4.34375,3.9061660766601562,276800
1994-08-19,4.28125,4.34375,4.28125,4.28125,3.8499624729156494,306400
1994-08-22,4.25,4.25,4.21875,4.25,3.8218607902526855,137200
1994-08-23,4.25,4.28125,4.21875,4.25,3.8218607902526855,245200
1994-08-24,4.21875,4.375,4.21875,4.375,3.9342687129974365,540400
1994-08-25,4.375,4.40625,4.34375,4.375,3.9342687129974365,529200
1994-08-26,4.40625,4.4375,4.375,4.4375,3.9904720783233643,344800
1994-08-29,4.4375,4.46875,4.375,4.375,3.9342687129974365,155200
1994-08-30,4.375,4.46875,4.34375,4.46875,4.018573760986328,235600
1994-08-31,4.4375,4.46875,4.40625,4.4375,3.9904720783233643,182800
1994-09-01,4.4375,4.4375,4.375,4.4375,3.9904720783233643,135200
1994-09-02,4.4375,4.4375,4.375,4.40625,3.9623687267303467,75200
1994-09-06,4.34375,4.375,4.34375,4.375,3.9342687129974365,180000
1994-09-07,4.375,4.375,4.28125,4.28125,3.8499624729156494,379200
1994-09-08,4.3125,4.3125,4.28125,4.3125,3.8780646324157715,234800
1994-09-09,4.28125,4.3125,4.25,4.3125,3.8780646324157715,237200
1994-09-12,4.28125,4.28125,4.25,4.25,3.8218607902526855,79600
1994-09-13,4.28125,4.28125,4.15625,4.1875,3.7656569480895996,722400
1994-09-14,4.1875,4.21875,4.125,4.15625,3.737555980682373,538800
1994-09-15,4.15625,4.21875,4.125,4.21875,3.7937586307525635,182800
1994-09-16,4.21875,4.21875,4.15625,4.1875,3.7656569480895996,194400
1994-09-19,4.1875,4.1875,4.125,4.125,3.7094523906707764,248000
1994-09-20,4.09375,4.15625,4.09375,4.15625,3.737555980682373,270000
1994-09-21,4.15625,4.15625,3.96875,4.0625,3.653249740600586,299600
1994-09-22,4.03125,4.03125,3.96875,4.0,3.5970449447631836,246800
1994-09-23,4.0,4.03125,3.9375,4.03125,3.6251468658447266,220800
1994-09-26,4.0,4.03125,4.0,4.03125,3.6251468658447266,363600
1994-09-27,4.0,4.15625,4.0,4.15625,3.737555980682373,531600
1994-09-28,4.125,4.1875,4.125,4.15625,3.737555980682373,340000
1994-09-29,4.15625,4.15625,4.125,4.15625,3.737555980682373,396800
1994-09-30,4.15625,4.1875,4.125,4.1875,3.7656569480895996,463200
1994-10-03,4.125,4.15625,4.09375,4.125,3.7094523906707764,253200
1994-10-04,4.09375,4.125,3.96875,3.96875,3.5689432621002197,308400
1994-10-05,3.90625,3.90625,3.6875,3.75,3.372229814529419,1592800
1994-10-06,3.75,3.75,3.6875,3.71875,3.3441286087036133,669200
1994-10-07,3.71875,3.71875,3.65625,3.65625,3.2879245281219482,826000
1994-10-10,3.6875,3.6875,3.65625,3.6875,3.316025972366333,268400
1994-10-11,3.6875,3.8125,3.6875,3.8125,3.428434133529663,827600
1994-10-12,3.78125,3.8125,3.71875,3.75,3.372229814529419,232400
1994-10-13,3.75,3.8125,3.71875,3.78125,3.400331497192383,777600
1994-10-14,3.78125,3.84375,3.78125,3.8125,3.428434133529663,121200
1994-10-17,3.8125,3.90625,3.78125,3.875,3.4846372604370117,303600
1994-10-18,3.875,3.96875,3.875,3.96875,3.5689432621002197,696000
1994-10-19,3.9375,4.25,3.9375,4.21875,3.7937586307525635,2030000
1994-10-20,4.21875,4.21875,4.125,4.1875,3.7656569480895996,379600
1994-10-21,4.15625,4.21875,4.125,4.21875,3.7937586307525635,414800
1994-10-24,4.1875,4.25,4.1875,4.25,3.8218607902526855,524000
1994-10-25,4.25,4.25,4.21875,4.21875,3.7937586307525635,303200
1994-10-26,4.21875,4.21875,4.15625,4.21875,3.7937586307525635,222400
1994-10-27,4.21875,4.375,4.1875,4.375,3.9342687129974365,608000
1994-10-28,4.375,4.40625,4.34375,4.40625,3.9623687267303467,997600
1994-10-31,4.4375,4.4375,4.34375,4.34375,3.9061660766601562,370000
1994-11-01,4.34375,4.375,4.3125,4.34375,3.9061660766601562,355200
1994-11-02,4.34375,4.34375,4.28125,4.3125,3.8780646324157715,491600
1994-11-03,4.3125,4.5,4.28125,4.5,4.046675682067871,1465200
1994-11-04,4.46875,4.46875,4.34375,4.375,3.9342687129974365,522800
1994-11-07,4.34375,4.34375,4.1875,4.1875,3.7656569480895996,548800
1994-11-08,4.21875,4.3125,4.15625,4.28125,3.8499624729156494,478800
1994-11-09,4.28125,4.3125,4.1875,4.28125,3.8499624729156494,397600
1994-11-10,4.28125,4.28125,4.1875,4.1875,3.7656569480895996,610800
1994-11-11,4.1875,4.1875,4.15625,4.1875,3.7656569480895996,718000
1994-11-14,4.15625,4.21875,4.125,4.21875,3.7937586307525635,218400
1994-11-15,4.21875,4.25,4.1875,4.21875,3.7937586307525635,169600
1994-11-16,4.25,4.3125,4.21875,4.25,3.8218607902526855,474400
1994-11-17,4.28125,4.28125,4.125,4.125,3.7094523906707764,279200
1994-11-18,4.15625,4.15625,4.09375,4.125,3.7094523906707764,171200
1994-11-21,4.09375,4.1875,4.09375,4.09375,3.6813507080078125,772400
1994-11-22,4.0625,4.0625,3.96875,4.0,3.5970449447631836,438000
1994-11-23,3.96875,4.0,3.9375,4.0,3.5970449447631836,383200
1994-11-25,4.0,4.03125,4.0,4.03125,3.6251468658447266,62400
1994-11-28,4.03125,4.03125,3.96875,4.0,3.5970449447631836,68800
1994-11-29,4.03125,4.09375,3.96875,4.09375,3.6813507080078125,471200
1994-11-30,4.09375,4.125,4.0625,4.09375,3.6813507080078125,155600
1994-12-01,4.0625,4.0625,4.0,4.03125,3.6251468658447266,250000
1994-12-02,4.03125,4.09375,4.03125,4.09375,3.6813507080078125,218400
1994-12-05,4.0625,4.1875,4.0625,4.0625,3.653249740600586,526800
1994-12-06,4.0625,4.09375,3.9375,4.0,3.5970449447631836,585200
1994-12-07,3.65625,3.6875,3.5,3.59375,3.2317209243774414,3248000
1994-12-08,3.59375,3.59375,3.4375,3.4375,3.0912106037139893,1309200
1994-12-09,3.4375,3.46875,3.28125,3.40625,3.0631086826324463,767600
1994-12-12,3.375,3.375,3.3125,3.375,3.0350067615509033,326400
1994-12-13,3.40625,3.40625,3.3125,3.375,3.0350067615509033,388000
1994-12-14,3.34375,3.4375,3.3125,3.4375,3.0912106037139893,728800
1994-12-15,3.40625,3.59375,3.40625,3.5625,3.203618288040161,612400
1994-12-16,3.53125,3.5625,3.5,3.5625,3.203618288040161,368400
1994-12-19,3.53125,3.53125,3.5,3.5,3.1474149227142334,399200
1994-12-20,3.53125,3.53125,3.46875,3.46875,3.1193125247955322,400000
1994-12-21,3.46875,3.5625,3.46875,3.5625,3.203618288040161,420800
1994-12-22,3.53125,3.5625,3.5,3.53125,3.1755166053771973,544400
1994-12-23,3.5,3.65625,3.46875,3.65625,3.2879245281219482,1016800
1994-12-27,3.65625,3.65625,3.5625,3.625,3.259822368621826,896000
1994-12-28,3.59375,3.59375,3.53125,3.59375,3.2317209243774414,572000
1994-12-29,3.5625,3.59375,3.53125,3.59375,3.2317209243774414,388400
1994-12-30,3.5625,3.75,3.53125,3.75,3.372229814529419,545200
1995-01-03,3.75,3.75,3.625,3.75,3.372229814529419,475200
1995-01-04,3.75,3.75,3.6875,3.6875,3.316025972366333,423200
1995-01-05,3.6875,3.6875,3.625,3.65625,3.2879245281219482,272800
1995-01-06,3.65625,3.6875,3.625,3.65625,3.2879245281219482,254800
1995-01-09,3.59375,3.6875,3.59375,3.65625,3.2879245281219482,554800
1995-01-10,3.65625,3.8125,3.65625,3.71875,3.3441286087036133,1126400
1995-01-11,3.71875,3.75,3.6875,3.75,3.372229814529419,529200
1995-01-12,3.71875,3.75,3.6875,3.75,3.372229814529419,283600
1995-01-13,3.71875,3.75,3.6875,3.75,3.372229814529419,171600
1995-01-16,3.75,3.75,3.71875,3.75,3.372229814529419,245600
1995-01-17,3.78125,3.84375,3.75,3.78125,3.400331497192383,310400
1995-01-18,3.78125,3.78125,3.71875,3.78125,3.400331497192383,549200
1995-01-19,3.78125,3.8125,3.71875,3.75,3.372229814529419,236800
1995-01-20,3.78125,3.875,3.78125,3.875,3.4846372604370117,1820000
1995-01-23,3.84375,3.96875,3.8125,3.96875,3.5689432621002197,966800
1995-01-24,3.9375,4.0625,3.9375,4.0625,3.653249740600586,652800
1995-01-25,4.03125,4.1875,4.03125,4.1875,3.7656569480895996,846000
1995-01-26,4.15625,4.15625,4.03125,4.03125,3.6251468658447266,357200
1995-01-27,4.03125,4.15625,4.03125,4.15625,3.737555980682373,314400
1995-01-30,3.90625,3.90625,3.8125,3.84375,3.456535577774048,577600
1995-01-31,3.78125,3.78125,3.6875,3.71875,3.3441286087036133,501200
1995-02-01,3.75,3.75,3.625,3.6875,3.316025972366333,541600
1995-02-02,3.65625,3.71875,3.65625,3.6875,3.316025972366333,272800
1995-02-03,3.71875,3.8125,3.6875,3.8125,3.428434133529663,575200
1995-02-06,3.8125,3.8125,3.75,3.78125,3.400331497192383,369600
1995-02-07,3.78125,3.84375,3.71875,3.75,3.372229814529419,734400
1995-02-08,3.75,3.78125,3.6875,3.6875,3.316025972366333,813200
1995-02-09,3.6875,3.71875,3.65625,3.65625,3.2879245281219482,241600
1995-02-10,3.6875,3.828125,3.59375,3.8125,3.428434133529663,1013600
1995-02-13,3.875,3.9375,3.8125,3.84375,3.456535577774048,539200
1995-02-14,3.84375,3.875,3.84375,3.875,3.4846372604370117,204800
1995-02-15,3.84375,3.90625,3.8125,3.84375,3.456535577774048,350800
1995-02-16,3.8125,3.8125,3.71875,3.71875,3.3441286087036133,225200
1995-02-17,3.71875,3.75,3.71875,3.71875,3.3441286087036133,219600
1995-02-21,3.6875,3.75,3.6875,3.71875,3.3441286087036133,532400
1995-02-22,3.71875,3.71875,3.6875,3.6875,3.316025972366333,83600
1995-02-23,3.6875,3.78125,3.6875,3.75,3.372229814529419,267200
1995-02-24,3.75,3.78125,3.75,3.75,3.372229814529419,226800
1995-02-27,3.75,3.78125,3.71875,3.78125,3.400331497192383,213600
1995-02-28,3.75,3.84375,3.75,3.84375,3.456535577774048,345600
1995-03-01,3.84375,3.84375,3.78125,3.78125,3.400331497192383,279600
1995-03-02,3.75,3.78125,3.6875,3.6875,3.316025972366333,134400
1995-03-03,3.6875,3.71875,3.6875,3.6875,3.316025972366333,72400
1995-03-06,3.6875,3.6875,3.59375,3.59375,3.2317209243774414,233600
1995-03-07,3.59375,3.59375,3.46875,3.46875,3.1193125247955322,1073600
1995-03-08,3.46875,3.46875,3.4375,3.46875,3.1193125247955322,518400
1995-03-09,3.5,3.5,3.40625,3.4375,3.0912106037139893,218000
1995-03-10,3.4375,3.46875,3.375,3.46875,3.1193125247955322,678800
1995-03-13,3.46875,3.46875,3.4375,3.4375,3.0912106037139893,107200
1995-03-14,3.46875,3.53125,3.40625,3.5,3.1474149227142334,432000
1995-03-15,3.53125,3.53125,3.4375,3.5,3.1474149227142334,334800
1995-03-16,3.5,3.5,3.4375,3.5,3.1474149227142334,208000
1995-03-17,3.46875,3.5,3.40625,3.4375,3.0912106037139893,1450000
1995-03-20,3.4375,3.6875,3.40625,3.6875,3.316025972366333,1866400
1995-03-21,3.625,3.6875,3.5,3.5,3.1474149227142334,425600
1995-03-22,3.53125,3.59375,3.5,3.59375,3.2317209243774414,348000
1995-03-23,3.59375,3.625,3.5625,3.5625,3.203618288040161,350800
1995-03-24,3.625,3.6875,3.59375,3.6875,3.316025972366333,1123600
1995-03-27,3.65625,3.9375,3.65625,3.9375,3.5408411026000977,1812400
1995-03-28,3.875,4.03125,3.875,4.0,3.5970449447631836,1515600
1995-03-29,3.96875,4.0,3.90625,3.9375,3.5408411026000977,618400
1995-03-30,3.9375,4.0,3.90625,4.0,3.5970449447631836,779200
1995-03-31,3.9375,3.96875,3.9375,3.96875,3.5689432621002197,293200
1995-04-03,3.90625,3.9375,3.90625,3.90625,3.512739419937134,435200
1995-04-04,3.90625,4.03125,3.90625,4.0,3.5970449447631836,588400
1995-04-05,4.0,4.0,3.9375,3.96875,3.5689432621002197,484400
1995-04-06,3.96875,3.96875,3.90625,3.96875,3.5689432621002197,294000
1995-04-07,3.96875,4.15625,3.96875,4.09375,3.6813507080078125,1372000
1995-04-10,4.09375,4.09375,4.0,4.03125,3.6251468658447266,652000
1995-04-11,4.03125,4.03125,3.84375,3.84375,3.456535577774048,460800
1995-04-12,3.8125,3.8125,3.75,3.75,3.372229814529419,380800
1995-04-13,3.75,3.78125,3.75,3.78125,3.400331497192383,239600
1995-04-17,3.6875,3.8125,3.625,3.75,3.372229814529419,1008000
1995-04-18,3.75,3.75,3.65625,3.71875,3.3441286087036133,410000
1995-04-19,3.6875,3.875,3.6875,3.84375,3.456535577774048,680800
1995-04-20,3.90625,4.0625,3.8125,4.0,3.5970449447631836,976400
1995-04-21,4.0,4.09375,3.96875,4.03125,3.6251468658447266,401200
1995-04-24,4.03125,4.125,4.03125,4.0625,3.653249740600586,649200
1995-04-25,4.03125,4.0625,4.0,4.03125,3.6251468658447266,442000
1995-04-26,4.03125,4.15625,4.03125,4.09375,3.6813507080078125,631200
1995-04-27,4.0625,4.1875,4.0625,4.15625,3.737555980682373,820400
1995-04-28,4.15625,4.3125,4.15625,4.28125,3.8499624729156494,654000
1995-05-01,4.28125,4.28125,4.1875,4.1875,3.7656569480895996,207600
1995-05-02,4.1875,4.21875,4.1875,4.1875,3.7656569480895996,464400
1995-05-03,4.1875,4.25,4.1875,4.25,3.8218607902526855,922800
1995-05-04,4.25,4.25,4.21875,4.21875,3.7937586307525635,607600
1995-05-05,4.21875,4.21875,4.125,4.15625,3.737555980682373,607600
1995-05-08,4.15625,4.1875,4.15625,4.15625,3.737555980682373,85200
1995-05-09,4.1875,4.1875,4.125,4.15625,3.737555980682373,118800
1995-05-10,4.15625,4.15625,4.09375,4.125,3.7094523906707764,869200
1995-05-11,4.09375,4.15625,4.09375,4.125,3.7094523906707764,106000
1995-05-12,4.09375,4.1875,4.09375,4.15625,3.737555980682373,266800
1995-05-15,4.15625,4.15625,4.09375,4.09375,3.6813507080078125,579600
1995-05-16,4.09375,4.1875,4.09375,4.1875,3.7656569480895996,249200
1995-05-17,4.1875,4.1875,4.09375,4.09375,3.6813507080078125,196400
1995-05-18,4.09375,4.15625,4.09375,4.15625,3.737555980682373,520800
1995-05-19,4.15625,4.15625,4.09375,4.09375,3.6813507080078125,374000
1995-05-22,4.125,4.15625,4.09375,4.09375,3.6813507080078125,222400
1995-05-23,4.15625,4.15625,4.125,4.15625,3.737555980682373,427600
1995-05-24,4.125,4.125,4.0625,4.09375,3.6813507080078125,415200
1995-05-25,4.09375,4.09375,4.0625,4.0625,3.653249740600586,18800
1995-05-26,4.0625,4.09375,4.0625,4.09375,3.6813507080078125,53200
1995-05-30,4.0625,4.09375,4.0625,4.0625,3.653249740600586,22400
1995-05-31,4.0625,4.15625,4.0625,4.15625,3.737555980682373,136400
1995-06-01,4.15625,4.1875,4.125,4.125,3.7094523906707764,123600
1995-06-02,4.15625,4.15625,3.96875,4.0,3.5970449447631836,562800
1995-06-05,4.0,4.0,3.9375,3.96875,3.5689432621002197,425600
1995-06-06,4.0,4.0,3.96875,4.0,3.5970449447631836,216000
1995-06-07,4.03125,4.125,4.03125,4.125,3.7094523906707764,274400
1995-06-08,4.125,4.125,4.03125,4.03125,3.6251468658447266,127600
1995-06-09,4.03125,4.09375,4.03125,4.09375,3.6813507080078125,246400
1995-06-12,4.0625,4.09375,4.0625,4.09375,3.6813507080078125,236800
1995-06-13,4.09375,4.28125,4.09375,4.25,3.8218607902526855,922000
1995-06-14,4.25,4.25,4.1875,4.21875,3.7937586307525635,313600
1995-06-15,4.21875,4.375,4.21875,4.34375,3.9061660766601562,672000
1995-06-16,4.375,4.375,4.28125,4.34375,3.9061660766601562,335200
1995-06-19,4.3125,4.40625,4.3125,4.375,3.9342687129974365,564800
1995-06-20,4.375,4.40625,4.34375,4.40625,3.9623687267303467,1625200
1995-06-21,4.375,4.40625,4.34375,4.40625,3.9623687267303467,2169200
1995-06-22,4.40625,4.59375,4.40625,4.59375,4.130981922149658,6290400
1995-06-23,4.59375,4.59375,4.53125,4.5625,4.102880001068115,925600
1995-06-26,4.59375,4.59375,4.5,4.5,4.046675682067871,617600
1995-06-27,4.46875,4.5,4.46875,4.5,4.046675682067871,529600
1995-06-28,4.46875,4.46875,4.4375,4.46875,4.018573760986328,1011200
1995-06-29,4.4375,4.46875,4.40625,4.46875,4.018573760986328,798800
1995-06-30,4.46875,4.59375,4.4375,4.5625,4.102880001068115,338000
1995-07-03,4.5625,4.59375,4.5625,4.5625,4.102880001068115,96400
1995-07-05,4.59375,4.6875,4.5625,4.6875,4.215286731719971,620000
1995-07-06,4.6875,4.78125,4.6875,4.71875,4.243390083312988,881200
1995-07-07,4.6875,4.75,4.6875,4.71875,4.243390083312988,520400
1995-07-10,4.75,4.84375,4.71875,4.8125,4.327694892883301,907200
1995-07-11,4.78125,4.84375,4.71875,4.75,4.271491050720215,756400
1995-07-12,4.75,4.75,4.65625,4.71875,4.243390083312988,717200
1995-07-13,4.6875,4.96875,4.6875,4.90625,4.41200065612793,1018800
1995-07-14,4.90625,4.9375,4.8125,4.84375,4.355797290802002,466000
1995-07-17,4.84375,4.875,4.84375,4.84375,4.355797290802002,230800
1995-07-18,4.875,4.875,4.78125,4.8125,4.327694892883301,491200
1995-07-19,4.78125,4.78125,4.59375,4.625,4.159083366394043,1034000
1995-07-20,4.625,4.71875,4.59375,4.71875,4.243390083312988,670000
1995-07-21,4.71875,4.9375,4.71875,4.875,4.3838982582092285,1420400
1995-07-24,4.90625,4.90625,4.84375,4.875,4.3838982582092285,440000
1995-07-25,4.875,5.03125,4.84375,5.0,4.496306419372559,1570000
1995-07-26,4.96875,5.0,4.90625,4.9375,4.440102577209473,445200
1995-07-27,4.9375,5.0,4.9375,4.96875,4.468204498291016,328000
1995-07-28,5.0,5.0,4.90625,4.90625,4.41200065612793,440000
1995-07-31,4.90625,4.90625,4.8125,4.8125,4.327694892883301,763200
1995-08-01,4.84375,4.84375,4.75,4.78125,4.299593925476074,147200
1995-08-02,4.71875,4.78125,4.59375,4.625,4.159083366394043,563200
1995-08-03,4.59375,4.75,4.5625,4.75,4.271491050720215,1388400
1995-08-04,4.75,4.78125,4.71875,4.78125,4.299593925476074,76400
1995-08-07,4.8125,4.8125,4.75,4.78125,4.299593925476074,96400
1995-08-08,4.78125,4.78125,4.75,4.75,4.271491050720215,513600
1995-08-09,4.75,4.75,4.65625,4.6875,4.215286731719971,79600
1995-08-10,4.6875,4.6875,4.5,4.5625,4.102880001068115,814000
1995-08-11,4.5625,4.625,4.5625,4.625,4.159083366394043,260800
1995-08-14,4.59375,4.65625,4.5625,4.59375,4.130981922149658,258400
1995-08-15,4.5625,4.59375,4.53125,4.59375,4.130981922149658,1135200
1995-08-16,4.5625,4.6875,4.5625,4.6875,4.215286731719971,164000
1995-08-17,4.65625,4.78125,4.65625,4.75,4.271491050720215,265600
1995-08-18,4.75,4.75,4.6875,4.71875,4.243390083312988,144400
1995-08-21,4.84375,4.96875,4.84375,4.96875,4.468204498291016,912000
1995-08-22,4.96875,5.0,4.9375,4.9375,4.440102577209473,1076400
1995-08-23,4.96875,4.96875,4.84375,4.9375,4.440102577209473,904400
1995-08-24,4.875,4.9375,4.875,4.9375,4.440102577209473,289600
1995-08-25,4.9375,4.96875,4.90625,4.96875,4.468204498291016,306800
1995-08-28,4.96875,4.96875,4.84375,4.9375,4.440102577209473,1444400
1995-08-29,4.9375,5.0,4.90625,4.96875,4.468204498291016,1546800
1995-08-30,4.96875,4.96875,4.90625,4.9375,4.440102577209473,268400
1995-08-31,4.90625,4.90625,4.84375,4.875,4.3838982582092285,498400
1995-09-01,4.84375,4.90625,4.84375,4.90625,4.41200065612793,46800
1995-09-05,4.90625,5.0,4.875,5.0,4.496306419372559,1394800
1995-09-06,5.0,5.25,5.0,5.1875,4.664918899536133,1193200
1995-09-07,5.25,5.34375,5.125,5.125,4.608713626861572,890800
1995-09-08,5.125,5.15625,4.96875,4.96875,4.468204498291016,1366000
1995-09-11,4.5625,4.5625,4.3125,4.3125,3.8780646324157715,3358800
1995-09-12,4.34375,4.375,4.1875,4.21875,3.7937586307525635,2826400
1995-09-13,4.25,4.3125,4.21875,4.25,3.8218607902526855,2692800
1995-09-14,4.25,4.28125,4.125,4.1875,3.7656569480895996,2123600
1995-09-15,4.1875,4.1875,4.125,4.125,3.7094523906707764,800400
1995-09-18,4.125,4.15625,4.0625,4.09375,3.6813507080078125,1140800
1995-09-19,4.09375,4.125,4.09375,4.125,3.7094523906707764,342400
1995-09-20,4.125,4.125,4.0,4.0,3.5970449447631836,913600
1995-09-21,3.96875,4.0,3.78125,3.84375,3.456535577774048,1415200
1995-09-22,3.84375,3.84375,3.84375,3.84375,3.456535577774048,282400
1995-09-25,3.84375,3.9375,3.8125,3.875,3.4846372604370117,1099200
1995-09-26,3.875,3.875,3.78125,3.8125,3.428434133529663,785200
1995-09-27,3.8125,3.8125,3.5,3.75,3.372229814529419,1560400
1995-09-28,3.75,3.875,3.6875,3.875,3.4846372604370117,1711600
1995-09-29,3.875,3.9375,3.84375,3.9375,3.5408411026000977,932000
1995-10-02,3.875,3.90625,3.8125,3.84375,3.456535577774048,290800
1995-10-03,3.9375,4.0625,3.875,3.90625,3.512739419937134,1911600
1995-10-04,3.875,3.90625,3.875,3.875,3.4846372604370117,124400
1995-10-05,3.84375,3.90625,3.8125,3.875,3.4846372604370117,482400
1995-10-06,3.84375,3.90625,3.84375,3.875,3.4846372604370117,216800
1995-10-09,3.875,3.875,3.71875,3.75,3.372229814529419,406000
1995-10-10,3.71875,3.734375,3.6875,3.6875,3.316025972366333,174400
1995-10-11,3.6875,3.75,3.6875,3.71875,3.3441286087036133,102800
1995-10-12,3.75,3.8125,3.75,3.8125,3.428434133529663,120400
1995-10-13,3.8125,3.875,3.78125,3.875,3.4846372604370117,237200
1995-10-16,3.84375,3.875,3.75,3.75,3.372229814529419,100400
1995-10-17,3.8125,3.8125,3.71875,3.75,3.372229814529419,209600
1995-10-18,3.71875,3.71875,3.5625,3.625,3.259822368621826,588800
1995-10-19,3.59375,3.59375,3.53125,3.53125,3.1755166053771973,1054800
1995-10-20,3.5625,3.5625,3.46875,3.46875,3.1193125247955322,1681200
1995-10-23,3.46875,3.5625,3.40625,3.5625,3.203618288040161,779600
1995-10-24,3.59375,3.625,3.53125,3.59375,3.2317209243774414,1968400
1995-10-25,3.625,3.625,3.46875,3.5,3.1474149227142334,1478000
1995-10-26,3.53125,3.53125,3.4375,3.4375,3.0912106037139893,1202000
1995-10-27,3.46875,3.53125,3.46875,3.53125,3.1755166053771973,428400
1995-10-30,3.53125,3.625,3.53125,3.625,3.259822368621826,1233600
1995-10-31,3.625,3.75,3.625,3.75,3.372229814529419,1318400
1995-11-01,3.71875,3.75,3.625,3.6875,3.316025972366333,291600
1995-11-02,3.71875,3.84375,3.71875,3.84375,3.456535577774048,673600
1995-11-03,3.84375,3.90625,3.84375,3.90625,3.512739419937134,362000
1995-11-06,3.90625,4.03125,3.90625,3.96875,3.5689432621002197,678000
1995-11-07,3.96875,3.96875,3.84375,3.90625,3.512739419937134,363600
1995-11-08,3.90625,3.90625,3.875,3.875,3.4846372604370117,160000
1995-11-09,3.84375,3.90625,3.84375,3.875,3.4846372604370117,291200
1995-11-10,3.84375,3.9375,3.8125,3.90625,3.512739419937134,209600
1995-11-13,3.90625,3.96875,3.90625,3.96875,3.5689432621002197,499600
1995-11-14,3.90625,3.90625,3.84375,3.875,3.4846372604370117,347600
1995-11-15,3.875,3.9375,3.84375,3.9375,3.5408411026000977,282400
1995-11-16,4.0625,4.125,4.03125,4.09375,3.6813507080078125,978000
1995-11-17,4.15625,4.28125,4.125,4.21875,3.7937586307525635,1068800
1995-11-20,4.21875,4.25,4.15625,4.21875,3.7937586307525635,526800
1995-11-21,4.21875,4.5,4.1875,4.5,4.046675682067871,1858000
1995-11-22,4.46875,4.46875,4.34375,4.46875,4.018573760986328,1702000
1995-11-24,4.4375,4.46875,4.40625,4.46875,4.018573760986328,120400
1995-11-27,4.46875,4.59375,4.4375,4.5625,4.102880001068115,1684800
1995-11-28,4.5625,4.5625,4.46875,4.46875,4.018573760986328,619600
1995-11-29,4.46875,4.53125,4.4375,4.5,4.046675682067871,452000
1995-11-30,4.53125,4.5625,4.4375,4.53125,4.074778079986572,635200
1995-12-01,4.5,4.625,4.5,4.625,4.159083366394043,682400
1995-12-04,4.59375,4.65625,4.59375,4.625,4.159083366394043,773200
1995-12-05,4.625,4.71875,4.625,4.6875,4.215286731719971,776800
1995-12-06,4.65625,4.71875,4.65625,4.65625,4.187185764312744,659200
1995-12-07,4.65625,4.65625,4.46875,4.5,4.046675682067871,504800
1995-12-08,4.46875,4.46875,4.375,4.4375,3.9904720783233643,355200
1995-12-11,4.40625,4.59375,4.40625,4.53125,4.074778079986572,544000
1995-12-12,4.46875,4.46875,4.4375,4.46875,4.018573760986328,163200
1995-12-13,4.5,4.53125,4.4375,4.46875,4.018573760986328,250400
1995-12-14,4.4375,4.53125,4.4375,4.5,4.046675682067871,565200
1995-12-15,4.5,4.5,4.40625,4.5,4.046675682067871,758800
1995-12-18,4.4375,4.4375,4.3125,4.3125,3.8780646324157715,358400
1995-12-19,4.28125,4.3125,4.25,4.3125,3.8780646324157715,1133200
1995-12-20,4.34375,4.5,4.34375,4.4375,3.9904720783233643,522800
1995-12-21,4.40625,4.40625,4.25,4.25,3.8218607902526855,334000
1995-12-22,4.21875,4.3125,4.21875,4.28125,3.8499624729156494,350000
1995-12-26,4.3125,4.40625,4.3125,4.375,3.9342687129974365,398800
1995-12-27,4.375,4.375,4.125,4.125,3.7094523906707764,1504000
1995-12-28,4.15625,4.15625,4.0625,4.0625,3.653249740600586,1235200
1995-12-29,4.0625,4.125,4.03125,4.0625,3.653249740600586,953200
1996-01-02,4.0625,4.09375,3.96875,4.03125,3.6251468658447266,968000
1996-01-03,4.03125,4.28125,4.03125,4.28125,3.8499624729156494,1365600
1996-01-04,4.34375,4.34375,4.09375,4.15625,3.737555980682373,373200
1996-01-05,4.15625,4.3125,4.125,4.28125,3.8499624729156494,688400
1996-01-08,4.34375,4.40625,4.25,4.375,3.9342687129974365,595200
1996-01-09,4.40625,4.40625,4.28125,4.34375,3.9061660766601562,718000
1996-01-10,4.28125,4.28125,4.21875,4.25,3.8218607902526855,869200
1996-01-11,4.21875,4.28125,4.21875,4.25,3.8218607902526855,486400
1996-01-12,4.25,4.25,4.1875,4.1875,3.7656569480895996,238400
1996-01-15,4.1875,4.21875,4.1875,4.1875,3.7656569480895996,183200
1996-01-16,4.1875,4.1875,4.09375,4.125,3.7094523906707764,264000
1996-01-17,4.125,4.28125,4.125,4.21875,3.7937586307525635,723200
1996-01-18,4.1875,4.3125,4.1875,4.3125,3.8780646324157715,439200
1996-01-19,4.25,4.3125,4.25,4.28125,3.8499624729156494,447200
1996-01-22,4.28125,4.34375,4.25,4.25,3.8218607902526855,313600
1996-01-23,4.28125,4.375,4.25,4.375,3.9342687129974365,237600
1996-01-24,4.375,4.375,4.34375,4.34375,3.9061660766601562,322800
1996-01-25,4.3125,4.46875,4.25,4.4375,3.9904720783233643,364400
1996-01-26,4.5625,4.78125,4.5,4.78125,4.299593925476074,2911600
1996-01-29,4.84375,4.90625,4.71875,4.75,4.271491050720215,1585600
1996-01-30,4.71875,4.8125,4.71875,4.8125,4.327694892883301,646800
1996-01-31,4.8125,4.96875,4.75,4.9375,4.440102577209473,1830800
1996-02-01,4.9375,4.96875,4.8125,4.8125,4.327694892883301,2980800
1996-02-02,4.90625,5.125,4.8125,5.03125,4.524409294128418,2921600
1996-02-05,5.03125,5.0625,4.96875,5.0625,4.552510738372803,1713600
1996-02-06,5.0625,5.1875,5.03125,5.125,4.608713626861572,2588400
1996-02-07,5.125,5.15625,5.09375,5.125,4.608713626861572,592000
1996-02-08,5.0625,5.09375,4.96875,5.0,4.496306419372559,374000
1996-02-09,5.0625,5.1875,5.0625,5.125,4.608713626861572,1272000
1996-02-12,5.125,5.125,5.03125,5.0625,4.552510738372803,464000
1996-02-13,5.03125,5.09375,5.0,5.0,4.496306419372559,727600
1996-02-14,5.0625,5.15625,5.03125,5.125,4.608713626861572,854400
1996-02-15,5.125,5.125,5.0,5.03125,4.524409294128418,599600
1996-02-16,5.0,5.0625,5.0,5.0,4.496306419372559,388400
1996-02-20,4.9375,5.0,4.9375,5.0,4.496306419372559,467200
1996-02-21,5.0,5.21875,5.0,5.21875,4.693020343780518,747200
1996-02-22,5.15625,5.34375,5.15625,5.3125,4.7773261070251465,1387600
1996-02-23,5.34375,5.34375,5.1875,5.28125,4.749224662780762,1038000
1996-02-26,5.25,5.25,5.09375,5.21875,4.693020343780518,756800
1996-02-27,5.25,5.375,5.15625,5.375,4.833530426025391,1399200
1996-02-28,5.375,5.4375,5.34375,5.375,4.833530426025391,740400
1996-02-29,5.40625,5.6875,5.40625,5.5625,5.002140998840332,2632400
1996-03-01,5.5625,5.5625,5.375,5.46875,4.917837142944336,654000
1996-03-04,5.46875,5.53125,5.46875,5.5,4.945937633514404,474800
1996-03-05,5.4375,5.46875,5.34375,5.46875,4.917837142944336,849600
1996-03-06,5.75,5.875,5.75,5.75,5.17075252532959,7446800
1996-03-07,5.78125,5.8125,5.65625,5.8125,5.226957321166992,2274800
1996-03-08,5.6875,5.84375,5.625,5.625,5.058345317840576,1236400
1996-03-11,5.65625,6.03125,5.65625,6.0,5.395568370819092,2494000
1996-03-12,6.0,6.0625,5.875,6.0625,5.451772689819336,1965200
1996-03-13,6.0625,6.15625,6.03125,6.125,5.507975101470947,2428400
1996-03-14,6.15625,6.375,6.09375,6.375,5.732790470123291,3596800
1996-03-15,6.375,6.46875,6.34375,6.40625,5.760892868041992,3479200
1996-03-18,6.3125,6.5625,6.3125,6.5,5.845199108123779,1328800
1996-03-19,6.53125,6.9375,6.53125,6.71875,6.0419111251831055,2906800
1996-03-20,6.75,6.78125,6.59375,6.75,6.070013523101807,1369200
1996-03-21,6.71875,6.75,6.625,6.6875,6.013808727264404,794800
1996-03-22,6.65625,6.75,6.5625,6.6875,6.013808727264404,487600
1996-03-25,6.71875,6.8125,6.71875,6.75,6.070013523101807,525200
1996-03-26,6.78125,6.8125,6.75,6.78125,6.09811544418335,856000
1996-03-27,6.75,6.78125,6.625,6.65625,5.985708236694336,790400
1996-03-28,6.65625,6.6875,6.625,6.6875,6.013808727264404,1236000
1996-03-29,6.71875,6.75,6.65625,6.6875,6.013808727264404,373600
1996-04-01,6.71875,6.9375,6.71875,6.9375,6.2386250495910645,752000
1996-04-02,6.9375,7.0625,6.90625,7.0,6.294829845428467,2105600
1996-04-03,7.15625,7.625,7.125,7.4375,6.688257217407227,5724400
1996-04-04,7.46875,7.6875,7.4375,7.5,6.744459629058838,2248400
1996-04-08,7.3125,7.34375,7.09375,7.28125,6.547746658325195,2148000
1996-04-09,7.40625,7.5,7.375,7.40625,6.660154342651367,1444400
1996-04-10,7.34375,7.53125,7.21875,7.21875,6.491543292999268,781600
1996-04-11,7.21875,7.28125,7.03125,7.09375,6.3791351318359375,686000
1996-04-12,7.15625,7.15625,6.9375,7.125,6.407236576080322,668400
1996-04-15,7.1875,7.21875,7.1875,7.21875,6.491543292999268,310800
1996-04-16,7.21875,7.3125,7.09375,7.25,6.519644737243652,647200
1996-04-17,7.28125,7.5,7.28125,7.5,6.744459629058838,1656000
1996-04-18,7.5,7.5,7.375,7.4375,6.688257217407227,540400
1996-04-19,7.46875,7.5,7.3125,7.4375,6.688257217407227,335200
1996-04-22,7.3125,7.3125,6.96875,7.0,6.294829845428467,1104400
1996-04-23,6.90625,6.9375,6.5625,6.59375,5.92950439453125,2401600
1996-04-24,6.625,6.6875,6.46875,6.5,5.845199108123779,1201200
1996-04-25,6.53125,6.5625,6.25,6.4375,5.788994312286377,2489600
1996-04-26,6.5,6.59375,6.4375,6.46875,5.8170976638793945,965200
1996-04-29,6.46875,6.59375,6.46875,6.5625,5.901402473449707,557200
1996-04-30,6.5625,6.5625,6.34375,6.375,5.732790470123291,2202800
1996-05-01,6.34375,6.5,6.3125,6.5,5.845199108123779,2033600
1996-05-02,6.46875,6.46875,6.34375,6.375,5.732790470123291,557600
1996-05-03,6.4375,6.4375,6.3125,6.375,5.732790470123291,821600
1996-05-06,6.40625,6.5,6.375,6.4375,5.788994312286377,1545200
1996-05-07,6.4375,6.5,6.3125,6.3125,5.676586627960205,892400
1996-05-08,6.28125,6.28125,6.0625,6.25,5.620384216308594,1141200
1996-05-09,6.28125,6.5,6.25,6.46875,5.8170976638793945,727600
1996-05-10,6.40625,6.84375,6.40625,6.8125,6.126217365264893,1629600
1996-05-13,6.78125,7.09375,6.78125,7.03125,6.322931289672852,1430400
1996-05-14,7.0625,7.15625,7.0,7.03125,6.322931289672852,1562800
1996-05-15,7.03125,7.09375,6.96875,7.0,6.294829845428467,767200
1996-05-16,7.0,7.09375,7.0,7.03125,6.322931289672852,512400
1996-05-17,7.0,7.09375,7.0,7.0625,6.3510332107543945,330800
1996-05-20,7.09375,7.09375,7.0,7.03125,6.322931289672852,390000
1996-05-21,7.0625,7.15625,7.03125,7.0625,6.3510332107543945,573200
1996-05-22,7.03125,7.03125,6.9375,7.0,6.294829845428467,362800
1996-05-23,6.96875,7.0,6.90625,6.9375,6.2386250495910645,513200
1996-05-24,6.9375,6.9375,6.875,6.9375,6.2386250495910645,295600
1996-05-28,6.90625,6.9375,6.78125,6.84375,6.154319763183594,398800
1996-05-29,6.8125,6.875,6.8125,6.84375,6.154319763183594,195200
1996-05-30,6.84375,6.84375,6.625,6.65625,5.985708236694336,232000
1996-05-31,6.65625,6.65625,6.46875,6.5,5.845199108123779,403600
1996-06-03,6.5625,6.6875,6.5,6.6875,6.013808727264404,644800
1996-06-04,6.71875,6.90625,6.6875,6.90625,6.21052360534668,805200
1996-06-05,6.84375,6.96875,6.84375,6.9375,6.2386250495910645,900000
1996-06-06,6.9375,7.0625,6.90625,7.03125,6.322931289672852,343200
1996-06-07,7.0,7.0,6.96875,6.96875,6.266727924346924,298800
1996-06-10,7.0,7.0625,6.96875,7.0,6.294829845428467,288400
1996-06-11,7.03125,7.15625,7.03125,7.15625,6.435338973999023,719600
1996-06-12,7.15625,7.1875,7.09375,7.1875,6.463441848754883,778400
1996-06-13,7.21875,7.25,7.125,7.125,6.407236576080322,633200
1996-06-14,7.125,7.125,7.0,7.0,6.294829845428467,503200
1996-06-17,7.0625,7.1875,7.0625,7.125,6.407236576080322,210800
1996-06-18,7.125,7.15625,7.0,7.03125,6.322931289672852,408800
1996-06-19,7.0625,7.0625,7.0,7.0,6.294829845428467,164800
1996-06-20,7.0625,7.0625,6.9375,6.96875,6.266727924346924,140800
1996-06-21,6.9375,7.03125,6.9375,6.96875,6.266727924346924,766000
1996-06-24,7.0,7.03125,6.96875,7.03125,6.322931289672852,380800
1996-06-25,7.0,7.09375,7.0,7.0,6.294829845428467,242400
1996-06-26,7.03125,7.125,7.0,7.0,6.294829845428467,526000
1996-06-27,7.0,7.0,6.84375,6.84375,6.154319763183594,220000
1996-06-28,6.875,6.875,6.78125,6.84375,6.154319763183594,417600
1996-07-01,6.875,6.90625,6.8125,6.90625,6.21052360534668,304000
1996-07-02,6.90625,7.03125,6.90625,6.9375,6.2386250495910645,156400
1996-07-03,6.9375,7.0,6.8125,6.8125,6.126217365264893,212400
1996-07-05,6.8125,6.8125,6.71875,6.71875,6.0419111251831055,82000
1996-07-08,6.6875,6.6875,6.4375,6.4375,5.788994312286377,443200
1996-07-09,6.5,6.625,6.4375,6.59375,5.92950439453125,550000
1996-07-10,6.59375,6.59375,6.3125,6.34375,5.704689025878906,605600
1996-07-11,6.40625,6.40625,6.15625,6.1875,5.564178943634033,452800
1996-07-12,6.3125,6.375,6.15625,6.25,5.620384216308594,479600
1996-07-15,6.34375,6.375,6.09375,6.15625,5.536077499389648,1126800
1996-07-16,6.125,6.15625,6.0,6.0,5.395568370819092,1009200
1996-07-17,6.0625,6.25,6.0625,6.21875,5.592280387878418,478000
1996-07-18,6.21875,6.21875,6.03125,6.1875,5.564178943634033,1039600
1996-07-19,6.125,6.15625,5.9375,5.96875,5.367466926574707,1988000
1996-07-22,6.0,6.03125,5.6875,5.78125,5.198854923248291,659600
1996-07-23,5.84375,6.03125,5.84375,5.90625,5.311262607574463,971600
1996-07-24,5.84375,5.84375,5.65625,5.78125,5.198854923248291,619200
1996-07-25,5.8125,5.90625,5.78125,5.78125,5.198854923248291,546400
1996-07-26,5.84375,5.9375,5.78125,5.90625,5.311262607574463,878000
1996-07-29,5.84375,5.90625,5.65625,5.6875,5.114548206329346,375200
1996-07-30,5.78125,5.8125,5.71875,5.78125,5.198854923248291,800000
1996-07-31,5.78125,6.03125,5.78125,6.0,5.395568370819092,619200
1996-08-01,6.0,6.0,5.9375,6.0,5.395568370819092,470400
1996-08-02,5.96875,6.1875,5.96875,6.1875,5.564178943634033,387600
1996-08-05,6.28125,6.3125,6.25,6.28125,5.6484856605529785,375200
1996-08-06,6.25,6.28125,6.0625,6.09375,5.479873180389404,668800
1996-08-07,6.09375,6.15625,6.03125,6.09375,5.479873180389404,783600
1996-08-08,6.125,6.15625,6.0,6.125,5.507975101470947,525200
1996-08-09,6.125,6.15625,5.96875,5.96875,5.367466926574707,522400
1996-08-12,6.0,6.0,5.84375,5.875,5.2831597328186035,635200
1996-08-13,5.875,5.90625,5.75,5.78125,5.198854923248291,1203600
1996-08-14,5.78125,5.84375,5.71875,5.75,5.17075252532959,342000
1996-08-15,5.78125,5.78125,5.65625,5.71875,5.142651081085205,424000
1996-08-16,5.75,5.78125,5.625,5.65625,5.0864458084106445,820000
1996-08-19,5.65625,5.75,5.59375,5.6875,5.114548206329346,1582400
1996-08-20,5.6875,5.71875,5.625,5.65625,5.0864458084106445,1482800
1996-08-21,5.65625,5.75,5.5,5.53125,4.974038600921631,1510400
1996-08-22,5.5625,5.59375,5.34375,5.375,4.833530426025391,3029600
1996-08-23,5.375,5.5,5.34375,5.46875,4.917837142944336,1253600
1996-08-26,5.46875,5.46875,5.3125,5.375,4.833530426025391,1534800
1996-08-27,5.375,5.40625,5.3125,5.375,4.833530426025391,1147600
1996-08-28,5.34375,5.34375,5.25,5.34375,4.8054280281066895,1222800
1996-08-29,5.34375,5.40625,5.3125,5.40625,4.86163330078125,640800
1996-08-30,5.40625,5.40625,5.1875,5.28125,4.749224662780762,980400
1996-09-03,5.25,5.25,5.125,5.1875,4.664918899536133,413600
1996-09-04,5.21875,5.21875,5.125,5.125,4.608713626861572,383600
1996-09-05,5.15625,5.15625,5.03125,5.0625,4.552510738372803,540800
1996-09-06,5.0625,5.3125,5.0625,5.25,4.721122741699219,686800
1996-09-09,5.21875,5.34375,5.21875,5.28125,4.749224662780762,726400
1996-09-10,5.3125,5.34375,5.28125,5.34375,4.8054280281066895,498400
1996-09-11,5.34375,5.34375,5.21875,5.21875,4.693020343780518,1094400
1996-09-12,5.25,5.25,4.8125,4.90625,4.41200065612793,4533600
1996-09-13,4.9375,4.9375,4.8125,4.875,4.3838982582092285,5126800
1996-09-16,4.875,4.96875,4.84375,4.875,4.3838982582092285,2978000
1996-09-17,4.875,4.875,4.78125,4.8125,4.327694892883301,1354000
1996-09-18,4.84375,4.875,4.8125,4.84375,4.355797290802002,726000
1996-09-19,4.8125,4.96875,4.8125,4.9375,4.440102577209473,2028000
1996-09-20,4.9375,5.09375,4.9375,5.03125,4.524409294128418,1625200
1996-09-23,5.0625,5.21875,5.03125,5.15625,4.636816501617432,2246000
1996-09-24,5.21875,5.21875,5.125,5.1875,4.664918899536133,1519600
1996-09-25,5.1875,5.25,5.1875,5.25,4.721122741699219,2014800
1996-09-26,5.28125,5.28125,5.15625,5.15625,4.636816501617432,702800
1996-09-27,5.1875,5.1875,5.109375,5.15625,4.636816501617432,605200
1996-09-30,5.15625,5.375,5.15625,5.34375,4.8054280281066895,1048000
1996-10-01,5.34375,5.34375,5.25,5.3125,4.7773261070251465,959600
1996-10-02,5.3125,5.375,5.3125,5.3125,4.7773261070251465,578800
1996-10-03,5.3125,5.40625,5.3125,5.34375,4.8054280281066895,919200
1996-10-04,5.375,5.46875,5.375,5.4375,4.889733791351318,704000
1996-10-07,5.4375,5.4375,5.375,5.375,4.833530426025391,448000
1996-10-08,5.375,5.375,5.1875,5.21875,4.693020343780518,885600
1996-10-09,5.34375,5.34375,5.1875,5.1875,4.664918899536133,584800
1996-10-10,5.1875,5.40625,5.15625,5.375,4.833530426025391,802000
1996-10-11,5.40625,5.40625,5.25,5.34375,4.8054280281066895,750800
1996-10-14,5.34375,5.375,5.3125,5.375,4.833530426025391,860400
1996-10-15,5.40625,5.40625,5.3125,5.3125,4.7773261070251465,462800
1996-10-16,5.3125,5.3125,5.28125,5.28125,4.749224662780762,376800
1996-10-17,5.3125,5.3125,5.28125,5.28125,4.749224662780762,374800
1996-10-18,5.25,5.28125,5.1875,5.1875,4.664918899536133,1153200
1996-10-21,5.15625,5.25,5.15625,5.21875,4.693020343780518,326000
1996-10-22,5.21875,5.5,5.21875,5.5,4.945937633514404,908400
1996-10-23,5.5,5.53125,5.5,5.53125,4.974038600921631,646800
1996-10-24,5.5625,5.625,5.4375,5.46875,4.917837142944336,820000
1996-10-25,5.40625,5.4375,5.34375,5.375,4.833530426025391,605600
1996-10-28,5.34375,5.34375,5.1875,5.25,4.721122741699219,734000
1996-10-29,5.3125,5.3125,5.25,5.25,4.721122741699219,150800
1996-10-30,5.25,5.375,5.25,5.34375,4.8054280281066895,396800
1996-10-31,5.34375,5.5,5.34375,5.5,4.945937633514404,564800
1996-11-01,5.46875,5.46875,5.40625,5.4375,4.889733791351318,304000
1996-11-04,5.40625,5.46875,5.40625,5.46875,4.917837142944336,905600
1996-11-05,5.46875,5.5,5.4375,5.5,4.945937633514404,403200
1996-11-06,5.46875,5.625,5.46875,5.59375,5.03024435043335,817600
1996-11-07,5.625,5.71875,5.59375,5.71875,5.142651081085205,549200
1996-11-08,5.6875,5.71875,5.5625,5.625,5.058345317840576,233200
1996-11-11,5.59375,5.78125,5.59375,5.75,5.17075252532959,300000
1996-11-12,5.71875,5.96875,5.6875,5.90625,5.311262607574463,956400
1996-11-13,5.875,5.90625,5.84375,5.875,5.2831597328186035,418800
1996-11-14,5.84375,5.96875,5.8125,5.9375,5.339364528656006,684800
1996-11-15,5.90625,5.96875,5.6875,5.71875,5.142651081085205,533200
1996-11-18,5.78125,5.90625,5.75,5.875,5.2831597328186035,595600
1996-11-19,5.8125,5.9375,5.8125,5.9375,5.339364528656006,550400
1996-11-20,5.9375,6.09375,5.875,6.0625,5.451772689819336,960000
1996-11-21,6.09375,6.15625,6.03125,6.0625,5.451772689819336,849600
1996-11-22,6.0625,6.125,6.0625,6.125,5.507975101470947,979600
1996-11-25,6.09375,6.28125,6.09375,6.09375,5.479873180389404,1498000
1996-11-26,6.0625,6.125,5.9375,5.9375,5.339364528656006,558800
1996-11-27,5.9375,5.96875,5.90625,5.9375,5.339364528656006,275200
1996-11-29,5.9375,6.0625,5.9375,6.03125,5.423670768737793,112800
1996-12-02,6.0625,6.0625,5.96875,6.0625,5.451772689819336,292000
1996-12-03,6.0625,6.21875,6.0625,6.0625,5.451772689819336,332800
1996-12-04,6.125,6.125,6.0,6.0625,5.451772689819336,297200
1996-12-05,6.09375,6.125,6.0,6.125,5.507975101470947,718400
1996-12-06,6.0625,6.0625,5.8125,6.03125,5.423670768737793,549600
1996-12-09,6.0,6.09375,6.0,6.0625,5.451772689819336,1378400
1996-12-10,6.09375,6.09375,5.96875,6.0625,5.451772689819336,909200
1996-12-11,5.875,5.9375,5.78125,5.9375,5.339364528656006,497600
1996-12-12,6.0,6.03125,5.84375,5.875,5.2831597328186035,400400
1996-12-13,5.84375,5.84375,5.65625,5.6875,5.114548206329346,864400
1996-12-16,5.65625,5.71875,5.59375,5.59375,5.03024435043335,538800
1996-12-17,5.5625,5.71875,5.53125,5.6875,5.114548206329346,456800
1996-12-18,5.6875,5.75,5.59375,5.59375,5.03024435043335,377600
1996-12-19,5.625,5.75,5.625,5.71875,5.142651081085205,828400
1996-12-20,5.5625,5.65625,5.53125,5.625,5.058345317840576,628400
1996-12-23,5.625,5.625,5.5,5.5625,5.002140998840332,428000
1996-12-24,5.5625,5.6875,5.5625,5.65625,5.0864458084106445,125200
1996-12-26,5.6875,5.6875,5.65625,5.65625,5.0864458084106445,136800
1996-12-27,5.65625,5.65625,5.5,5.53125,4.974038600921631,750800
1996-12-30,5.5,5.5,5.25,5.34375,4.8054280281066895,972000
1996-12-31,5.34375,5.34375,5.1875,5.25,4.721122741699219,1109600
1997-01-02,5.28125,5.28125,5.1875,5.28125,4.749224662780762,446800
1997-01-03,5.28125,5.3125,5.25,5.3125,4.7773261070251465,612400
1997-01-06,5.3125,5.3125,5.21875,5.28125,4.749224662780762,740000
1997-01-07,5.34375,5.40625,5.25,5.375,4.833530426025391,1118000
1997-01-08,5.375,5.375,5.28125,5.34375,4.8054280281066895,626800
1997-01-09,5.34375,5.375,5.25,5.375,4.833530426025391,810400
1997-01-10,5.34375,5.375,5.3125,5.3125,4.7773261070251465,961200
1997-01-13,5.3125,5.34375,5.1875,5.21875,4.693020343780518,668400
1997-01-14,5.21875,5.28125,5.1875,5.21875,4.693020343780518,1434800
1997-01-15,5.21875,5.5,5.21875,5.3125,4.7773261070251465,1766400
1997-01-16,5.3125,5.4375,5.3125,5.4375,4.889733791351318,908000
1997-01-17,5.4375,5.53125,5.4375,5.5,4.945937633514404,1482800
1997-01-20,5.5,5.625,5.5,5.59375,5.03024435043335,1044800
1997-01-21,5.53125,5.59375,5.53125,5.53125,4.974038600921631,534400
1997-01-22,5.5,5.53125,5.375,5.40625,4.86163330078125,983200
1997-01-23,5.4375,5.4375,5.34375,5.34375,4.8054280281066895,1709200
1997-01-24,5.34375,5.40625,5.34375,5.40625,4.86163330078125,638000
1997-01-27,5.46875,5.5,5.34375,5.34375,4.8054280281066895,495200
1997-01-28,5.28125,5.375,5.25,5.28125,4.749224662780762,735200
1997-01-29,5.28125,5.46875,5.28125,5.4375,4.889733791351318,580000
1997-01-30,5.375,5.4375,5.3125,5.3125,4.7773261070251465,587200
1997-01-31,5.28125,5.40625,5.28125,5.40625,4.86163330078125,627200
1997-02-03,5.34375,5.625,5.34375,5.59375,5.03024435043335,1064800
1997-02-04,5.625,5.6875,5.59375,5.625,5.058345317840576,567200
1997-02-05,5.625,5.625,5.46875,5.46875,4.917837142944336,577200
1997-02-06,5.46875,5.625,5.46875,5.59375,5.03024435043335,766800
1997-02-07,5.625,5.625,5.5625,5.5625,5.002140998840332,582400
1997-02-10,5.59375,5.59375,5.5,5.5,4.945937633514404,374800
1997-02-11,5.5,5.65625,5.46875,5.625,5.058345317840576,1118400
1997-02-12,5.59375,5.8125,5.5625,5.8125,5.226957321166992,982800
1997-02-13,5.8125,6.0625,5.8125,6.0,5.395568370819092,1681600
1997-02-14,5.96875,6.0,5.90625,5.90625,5.311262607574463,632400
1997-02-18,5.9375,5.9375,5.8125,5.8125,5.226957321166992,292000
1997-02-19,5.8125,5.96875,5.8125,5.9375,5.339364528656006,1224800
1997-02-20,5.9375,5.96875,5.90625,5.9375,5.339364528656006,734400
1997-02-21,5.9375,6.0625,5.9375,6.0625,5.451772689819336,791600
1997-02-24,6.0625,6.21875,6.0,6.21875,5.592280387878418,758000
1997-02-25,6.21875,6.28125,6.1875,6.21875,5.592280387878418,776400
1997-02-26,6.25,6.28125,6.125,6.1875,5.564178943634033,1084800
1997-02-27,6.1875,6.1875,6.0625,6.0625,5.451772689819336,683600
1997-02-28,6.09375,6.125,5.90625,5.9375,5.339364528656006,580400
1997-03-03,5.9375,5.9375,5.78125,5.84375,5.2550578117370605,1699600
1997-03-04,6.0,6.125,5.90625,6.03125,5.423670768737793,1066800
1997-03-05,6.125,6.3125,6.125,6.25,5.620384216308594,2118400
1997-03-06,6.25,6.25,6.15625,6.21875,5.592280387878418,372800
1997-03-07,6.1875,6.21875,6.125,6.1875,5.564178943634033,510400
1997-03-10,6.21875,6.21875,6.15625,6.21875,5.592280387878418,397600
1997-03-11,6.21875,6.5625,6.21875,6.5625,5.901402473449707,2238000
1997-03-12,6.53125,6.71875,6.4375,6.71875,6.0419111251831055,1217200
1997-03-13,6.65625,6.78125,6.53125,6.53125,5.873300552368164,1944400
1997-03-14,6.59375,6.75,6.5625,6.625,5.957607269287109,1037600
1997-03-17,6.625,6.625,6.46875,6.59375,5.92950439453125,460000
1997-03-18,6.5625,6.625,6.53125,6.59375,5.92950439453125,384400
1997-03-19,6.5,6.84375,6.4375,6.8125,6.126217365264893,2245600
1997-03-20,6.78125,6.90625,6.65625,6.71875,6.0419111251831055,1361200
1997-03-21,6.71875,6.78125,6.65625,6.75,6.070013523101807,968400
1997-03-24,6.78125,6.8125,6.65625,6.65625,5.985708236694336,688800
1997-03-25,6.65625,6.65625,6.4375,6.46875,5.8170976638793945,579600
1997-03-26,6.46875,6.78125,6.4375,6.78125,6.09811544418335,986000
1997-03-27,6.78125,6.78125,6.375,6.40625,5.760892868041992,663200
1997-03-31,6.40625,6.4375,6.375,6.40625,5.760892868041992,225200
1997-04-01,6.34375,6.375,6.125,6.28125,5.6484856605529785,1438000
1997-04-02,6.0,6.125,5.75,5.875,5.2831597328186035,3912400
1997-04-03,5.84375,6.125,5.84375,6.09375,5.479873180389404,1480400
1997-04-04,6.03125,6.40625,6.0,6.3125,5.676586627960205,1374000
1997-04-07,6.3125,6.3125,6.1875,6.28125,5.6484856605529785,526800
1997-04-08,6.25,6.25,6.125,6.15625,5.536077499389648,390400
1997-04-09,6.1875,6.21875,6.125,6.21875,5.592280387878418,406400
1997-04-10,6.15625,6.21875,6.125,6.125,5.507975101470947,306400
1997-04-11,6.125,6.125,5.875,5.875,5.2831597328186035,318400
1997-04-14,5.90625,6.0,5.8125,6.0,5.395568370819092,370000
1997-04-15,5.96875,6.21875,5.96875,6.21875,5.592280387878418,1389200
1997-04-16,6.21875,6.25,6.1875,6.1875,5.564178943634033,615600
1997-04-17,6.21875,6.28125,6.15625,6.1875,5.564178943634033,492800
1997-04-18,6.125,6.25,6.125,6.21875,5.592280387878418,669200
1997-04-21,6.25,6.25,6.09375,6.125,5.507975101470947,510400
1997-04-22,6.1875,6.25,6.15625,6.25,5.620384216308594,560400
1997-04-23,6.1875,6.40625,6.0625,6.40625,5.760892868041992,489600
1997-04-24,6.40625,6.5625,6.40625,6.5,5.845199108123779,1408800
1997-04-25,6.5,6.5,6.125,6.1875,5.564178943634033,616800
1997-04-28,6.1875,6.3125,6.15625,6.21875,5.592280387878418,613200
1997-04-29,6.28125,6.34375,6.15625,6.34375,5.704689025878906,402400
1997-04-30,6.3125,6.34375,6.21875,6.21875,5.592280387878418,819600
1997-05-01,6.0,6.15625,5.90625,6.09375,5.479873180389404,1186400
1997-05-02,6.09375,6.3125,6.0625,6.3125,5.676586627960205,767600
1997-05-05,6.3125,6.3125,6.21875,6.28125,5.6484856605529785,419200
1997-05-06,6.25,6.34375,6.125,6.125,5.507975101470947,997200
1997-05-07,6.15625,6.15625,6.125,6.15625,5.536077499389648,359200
1997-05-08,6.125,6.25,6.125,6.21875,5.592280387878418,558400
1997-05-09,6.25,6.34375,6.15625,6.15625,5.536077499389648,703600
1997-05-12,6.15625,6.15625,6.0625,6.09375,5.479873180389404,618000
1997-05-13,6.125,6.125,5.9375,5.9375,5.339364528656006,486000
1997-05-14,6.0,6.0625,5.96875,6.0,5.395568370819092,650800
1997-05-15,6.0,6.0,5.9375,6.0,5.395568370819092,269600
1997-05-16,5.96875,6.125,5.96875,6.03125,5.423670768737793,568800
1997-05-19,6.0625,6.15625,6.0625,6.15625,5.536077499389648,480400
1997-05-20,6.125,6.28125,6.125,6.25,5.620384216308594,478000
1997-05-21,6.3125,6.375,6.28125,6.28125,5.6484856605529785,872800
1997-05-22,6.25,6.28125,6.21875,6.21875,5.592280387878418,609600
1997-05-23,6.21875,6.34375,6.21875,6.3125,5.676586627960205,486000
1997-05-27,6.28125,6.34375,6.25,6.34375,5.704689025878906,242000
1997-05-28,6.34375,6.34375,6.1875,6.25,5.620384216308594,261600
1997-05-29,6.25,6.25,6.21875,6.21875,5.592280387878418,162800
1997-05-30,6.21875,6.25,6.1875,6.21875,5.592280387878418,140000
1997-06-02,6.15625,6.1875,6.09375,6.125,5.507975101470947,435600
1997-06-03,6.09375,6.15625,6.09375,6.15625,5.536077499389648,426800
1997-06-04,6.125,6.15625,6.125,6.15625,5.536077499389648,341200
1997-06-05,6.125,6.375,6.125,6.375,5.732790470123291,523200
1997-06-06,6.3125,6.40625,6.3125,6.375,5.732790470123291,295600
1997-06-09,6.375,6.375,6.25,6.28125,5.6484856605529785,256400
1997-06-10,6.3125,6.3125,6.15625,6.1875,5.564178943634033,361600
1997-06-11,6.15625,6.171875,6.0625,6.0625,5.451772689819336,275200
1997-06-12,6.09375,6.125,5.96875,5.96875,5.367466926574707,764000
1997-06-13,6.0,6.0625,6.0,6.0625,5.451772689819336,367600
1997-06-16,6.0625,6.0625,6.03125,6.0625,5.451772689819336,122800
1997-06-17,6.03125,6.03125,5.9375,5.9375,5.339364528656006,1113200
1997-06-18,5.9375,6.15625,5.90625,6.15625,5.536077499389648,345600
1997-06-19,6.125,6.25,6.125,6.25,5.620384216308594,2661600
1997-06-20,6.25,6.28125,6.25,6.28125,5.6484856605529785,1988000
1997-06-23,6.28125,6.34375,6.28125,6.3125,5.676586627960205,1223600
1997-06-24,6.3125,6.40625,6.296875,6.3125,5.676586627960205,1136800
1997-06-25,6.328125,6.34375,6.3125,6.328125,5.690639019012451,1313600
1997-06-26,6.3125,6.34375,6.3125,6.3125,5.676586627960205,157600
1997-06-27,6.3125,6.40625,6.3125,6.390625,5.7468414306640625,205200
1997-06-30,6.40625,6.40625,6.390625,6.40625,5.760892868041992,507200
1997-07-01,6.375,6.40625,6.328125,6.34375,5.704689025878906,242400
1997-07-02,6.328125,6.484375,6.328125,6.484375,5.831148147583008,669200
1997-07-03,6.46875,6.59375,6.46875,6.5625,5.901402473449707,729200
1997-07-07,6.5625,6.59375,6.46875,6.5,5.845199108123779,442400
1997-07-08,6.5,6.5,6.4375,6.4375,5.788994312286377,591200
1997-07-09,6.46875,6.5,6.359375,6.390625,5.7468414306640625,481600
1997-07-10,6.390625,6.40625,6.3125,6.34375,5.704689025878906,820400
1997-07-11,6.375,6.5625,6.359375,6.53125,5.873300552368164,325600
1997-07-14,6.5625,6.5625,6.46875,6.5,5.845199108123779,419600
1997-07-15,6.546875,6.640625,6.53125,6.625,5.957607269287109,429600
1997-07-16,6.65625,6.75,6.640625,6.6875,6.013808727264404,1308800
1997-07-17,6.65625,6.65625,6.4375,6.46875,5.8170976638793945,658800
1997-07-18,6.4375,6.5625,6.4375,6.5625,5.901402473449707,432400
1997-07-21,6.625,6.703125,6.609375,6.609375,5.943556785583496,638800
1997-07-22,6.625,6.765625,6.625,6.703125,6.027862071990967,1033200
1997-07-23,6.6875,6.875,6.6875,6.875,6.1824212074279785,1432400
1997-07-24,6.875,6.953125,6.765625,6.90625,6.21052360534668,1145600
1997-07-25,6.90625,7.234375,6.890625,7.15625,6.435338973999023,1027200
1997-07-28,7.09375,7.1875,7.09375,7.15625,6.435338973999023,356800
1997-07-29,7.140625,7.140625,7.0625,7.109375,6.393185615539551,566000
1997-07-30,7.109375,7.234375,7.109375,7.234375,6.505593299865723,1232400
1997-07-31,7.25,7.40625,7.234375,7.390625,6.646103382110596,658400
1997-08-01,7.375,7.5,7.28125,7.3125,6.5758490562438965,1511200
1997-08-04,7.328125,7.40625,7.328125,7.390625,6.646103382110596,822800
1997-08-05,7.40625,7.40625,7.296875,7.296875,6.56179666519165,1474400
1997-08-06,7.296875,7.3125,7.28125,7.296875,6.56179666519165,635600
1997-08-07,7.3125,7.4375,7.265625,7.265625,6.533695220947266,642400
1997-08-08,7.21875,7.21875,7.015625,7.109375,6.393185615539551,277600
1997-08-11,7.09375,7.203125,7.0625,7.171875,6.449390411376953,702000
1997-08-12,7.203125,7.203125,6.953125,6.953125,6.252676486968994,729600
1997-08-13,6.984375,7.0625,6.96875,7.015625,6.308879852294922,487200
1997-08-14,7.015625,7.046875,7.0,7.03125,6.322931289672852,90000
1997-08-15,7.015625,7.03125,6.84375,6.84375,6.154319763183594,870400
1997-08-18,6.875,6.875,6.78125,6.8125,6.126217365264893,389200
1997-08-19,6.828125,6.875,6.8125,6.859375,6.168370723724365,810000
1997-08-20,6.859375,6.90625,6.84375,6.90625,6.21052360534668,637200
1997-08-21,6.9375,7.0,6.9375,7.0,6.294829845428467,208800
1997-08-22,6.90625,6.90625,6.84375,6.90625,6.21052360534668,214400
1997-08-25,6.9375,7.109375,6.9375,7.0,6.294829845428467,282400
1997-08-26,6.984375,7.03125,6.921875,6.921875,6.224574089050293,532000
1997-08-27,6.921875,6.9375,6.859375,6.890625,6.19647216796875,100400
1997-08-28,6.875,6.890625,6.78125,6.78125,6.09811544418335,354800
1997-08-29,6.796875,6.921875,6.78125,6.859375,6.168370723724365,256000
1997-09-02,6.84375,6.90625,6.828125,6.890625,6.19647216796875,234000
1997-09-03,6.890625,7.03125,6.890625,7.015625,6.308879852294922,202000
1997-09-04,7.015625,7.140625,6.984375,7.078125,6.365084171295166,215600
1997-09-05,7.09375,7.203125,7.09375,7.203125,6.47749137878418,508400
1997-09-08,7.21875,7.5,7.21875,7.5,6.744459629058838,2128800
1997-09-09,7.453125,7.53125,7.34375,7.453125,6.702305793762207,1329600
1997-09-10,7.484375,7.609375,7.46875,7.5625,6.800662994384766,715200
1997-09-11,7.53125,7.703125,7.5,7.6875,6.913071155548096,2692400
1997-09-12,7.75,7.765625,7.609375,7.625,6.856868267059326,1633200
1997-09-15,7.578125,7.671875,7.53125,7.65625,6.884969711303711,558400
1997-09-16,7.65625,7.71875,7.59375,7.59375,6.828765869140625,825200
1997-09-17,7.59375,7.65625,7.5625,7.625,6.856868267059326,685200
1997-09-18,7.59375,7.625,7.46875,7.625,6.856868267059326,526800
1997-09-19,7.75,8.046875,7.75,8.0,7.194089889526367,2404400
1997-09-22,8.046875,8.1875,8.015625,8.015625,7.208142280578613,1662000
1997-09-23,8.0,8.0,7.5625,7.75,6.969274520874023,1264000
1997-09-24,7.8125,7.9375,7.78125,7.875,7.081682205200195,1090400
1997-09-25,7.890625,7.9375,7.875,7.875,7.081682205200195,641600
1997-09-26,7.921875,8.125,7.90625,7.9375,7.1378865242004395,682400
1997-09-29,7.9375,8.328125,7.9375,8.234375,7.4048566818237305,2866400
1997-09-30,8.25,8.25,8.140625,8.21875,7.390803337097168,564400
1997-10-01,8.234375,8.3125,7.859375,7.96875,7.165987491607666,1526000
1997-10-02,7.96875,8.015625,7.921875,7.921875,7.123835563659668,988000
1997-10-03,7.953125,7.984375,7.6875,7.6875,6.913071155548096,983600
1997-10-06,7.703125,7.828125,7.703125,7.796875,7.011427879333496,966800
1997-10-07,7.796875,7.875,7.796875,7.828125,7.0395307540893555,720000
1997-10-08,7.84375,7.890625,7.796875,7.890625,7.095734119415283,620800
1997-10-09,7.890625,7.984375,7.875,7.96875,7.165987491607666,634000
1997-10-10,7.96875,8.015625,7.921875,7.96875,7.165987491607666,348800
1997-10-13,7.96875,8.015625,7.90625,7.90625,7.109785079956055,198400
1997-10-14,7.9375,7.96875,7.859375,7.90625,7.109785079956055,557200
1997-10-15,7.921875,8.203125,7.921875,8.140625,7.3205485343933105,1030800
1997-10-16,8.171875,8.203125,7.9375,7.9375,7.1378865242004395,983200
1997-10-17,7.9375,7.96875,7.828125,7.96875,7.165987491607666,1080800
1997-10-20,7.96875,8.171875,7.96875,8.140625,7.3205485343933105,1162000
1997-10-21,8.15625,8.421875,8.15625,8.40625,7.559413909912109,1122400
1997-10-22,8.375,8.546875,8.375,8.546875,7.685873508453369,2650400
1997-10-23,8.5,8.625,8.390625,8.625,7.756129264831543,1267600
1997-10-24,8.625,8.75,8.375,8.375,7.531313896179199,1006800
1997-10-27,8.375,8.375,7.75,7.75,6.969274520874023,996000
1997-10-28,7.5625,8.03125,7.5,7.96875,7.165987491607666,803200
1997-10-29,8.03125,8.234375,8.03125,8.203125,7.376753807067871,919600
1997-10-30,8.109375,8.171875,8.0625,8.109375,7.292445659637451,566800
1997-10-31,8.109375,8.421875,8.09375,8.34375,7.503212928771973,779600
1997-11-03,8.40625,8.59375,8.40625,8.578125,7.7139763832092285,837200
1997-11-04,8.578125,8.578125,8.46875,8.53125,7.671825408935547,388400
1997-11-05,8.53125,8.671875,8.5,8.65625,7.784232139587402,794400
1997-11-06,8.6875,8.78125,8.6875,8.765625,7.882589340209961,586800
1997-11-07,8.71875,8.84375,8.703125,8.71875,7.840435981750488,803600
1997-11-10,8.75,8.75,8.546875,8.578125,7.7139763832092285,1256400
1997-11-11,8.5625,8.578125,8.5,8.53125,7.671825408935547,287600
1997-11-12,8.53125,8.53125,8.484375,8.484375,7.629672050476074,706400
1997-11-13,8.484375,8.5625,8.40625,8.46875,7.615617752075195,264000
1997-11-14,8.46875,8.875,8.46875,8.875,7.9809441566467285,656400
1997-11-17,8.96875,9.140625,8.953125,8.96875,8.065250396728516,1121600
1997-11-18,9.03125,9.03125,8.6875,8.78125,7.896640777587891,910400
1997-11-19,8.78125,8.8125,8.515625,8.515625,7.657770156860352,1117600
1997-11-20,8.578125,9.03125,8.578125,8.9375,8.037147521972656,3718000
1997-11-21,9.0,9.25,8.984375,9.21875,8.290066719055176,3051600
1997-11-24,9.203125,9.203125,8.9375,9.03125,8.121452331542969,694800
1997-11-25,9.03125,9.09375,9.0,9.046875,8.135503768920898,452400
1997-11-26,9.046875,9.203125,9.03125,9.1875,8.261963844299316,474800
1997-11-28,9.203125,9.375,9.203125,9.34375,8.402471542358398,190800
1997-12-01,9.40625,9.578125,9.40625,9.4375,8.486780166625977,1585600
1997-12-02,9.484375,9.875,9.4375,9.75,8.767796516418457,1652400
1997-12-03,9.75,10.015625,9.609375,10.0,8.992612838745117,2036400
1997-12-04,10.03125,10.03125,9.96875,10.015625,9.00666332244873,1708000
1997-12-05,9.6875,9.90625,9.609375,9.625,8.655389785766602,1597600
1997-12-08,9.625,9.953125,9.625,9.703125,8.725645065307617,1043200
1997-12-09,9.6875,9.6875,9.40625,9.546875,8.585135459899902,1178800
1997-12-10,9.546875,9.546875,9.40625,9.46875,8.514880180358887,1857200
1997-12-11,9.25,9.8125,9.25,9.6875,8.711594581604004,6418800
1997-12-12,9.6875,9.8125,9.578125,9.71875,8.73969554901123,1718800
1997-12-15,9.71875,9.71875,9.578125,9.671875,8.697542190551758,1672400
1997-12-16,9.5625,9.65625,9.390625,9.390625,8.444625854492188,1831600
1997-12-17,9.421875,9.4375,9.3125,9.390625,8.444625854492188,2593600
1997-12-18,9.4375,9.4375,9.09375,9.125,8.20576000213623,1560400
1997-12-19,8.8125,8.875,8.546875,8.8125,7.924737453460693,2144400
1997-12-22,8.9375,9.046875,8.921875,9.046875,8.135503768920898,1282000
1997-12-23,9.046875,9.09375,8.890625,9.09375,8.177656173706055,1055200
1997-12-24,9.125,9.140625,9.0625,9.109375,8.191707611083984,252400
1997-12-26,9.125,9.1875,9.109375,9.1875,8.261963844299316,304800
1997-12-29,9.1875,9.265625,9.15625,9.21875,8.290066719055176,560400
1997-12-30,9.21875,9.4375,9.21875,9.375,8.430573463439941,824800
1997-12-31,9.375,9.6875,9.375,9.6875,8.711594581604004,1230400
1998-01-02,9.875,9.875,9.5625,9.59375,8.627287864685059,1011600
1998-01-05,9.625,9.75,9.625,9.75,8.767796516418457,1876000
1998-01-06,9.75,10.0,9.71875,10.0,8.992612838745117,843200
1998-01-07,9.96875,10.140625,9.90625,10.140625,9.119070053100586,1201600
1998-01-08,10.09375,10.125,9.75,9.84375,8.85210132598877,1547600
1998-01-09,10.1875,10.4375,10.03125,10.03125,9.020711898803711,3666000
1998-01-12,9.9375,10.28125,9.859375,10.25,9.217427253723145,1596800
1998-01-13,10.265625,10.5625,10.234375,10.46875,9.414140701293945,1860400
1998-01-14,10.46875,10.515625,10.28125,10.515625,9.456295013427734,1659200
1998-01-15,10.515625,10.875,10.515625,10.6875,9.610856056213379,2300400
1998-01-16,10.6875,11.234375,10.59375,11.125,10.004281997680664,1644400
1998-01-20,11.234375,11.53125,11.140625,11.453125,10.299352645874023,2595200
1998-01-21,11.53125,11.75,11.53125,11.6875,10.510115623474121,2106800
1998-01-22,11.5625,11.734375,11.4375,11.453125,10.299352645874023,1026400
1998-01-23,11.46875,11.46875,10.9375,11.140625,10.018333435058594,994800
1998-01-26,11.203125,11.296875,11.0625,11.125,10.004281997680664,1032400
1998-01-27,11.125,11.140625,10.875,10.96875,9.863771438598633,1757200
1998-01-28,12.125,12.5625,11.953125,12.5,11.240768432617188,4126800
1998-01-29,12.46875,12.484375,12.171875,12.296875,11.05810546875,2104400
1998-01-30,12.28125,12.4375,12.09375,12.140625,10.917595863342285,1864000
1998-02-02,12.265625,12.40625,12.203125,12.21875,10.987848281860352,1508800
1998-02-03,12.21875,12.46875,12.140625,12.40625,11.156462669372559,1444400
1998-02-04,12.34375,12.34375,12.03125,12.03125,10.81923770904541,1448000
1998-02-05,12.078125,12.21875,12.046875,12.046875,10.833290100097656,1170800
1998-02-06,12.046875,12.265625,12.03125,12.15625,10.931646347045898,1160000
1998-02-09,12.3125,12.6875,12.296875,12.6875,11.409378051757812,2207600
1998-02-10,12.6875,13.3125,12.625,13.1875,11.8590087890625,2025600
1998-02-11,13.1875,13.53125,13.15625,13.46875,12.111926078796387,1171600
1998-02-12,13.453125,14.6875,13.359375,14.359375,12.91283130645752,3448800
1998-02-13,14.359375,15.25,14.1875,14.234375,12.800421714782715,5180400
1998-02-17,14.265625,14.75,14.125,14.296875,12.8566255569458,2405200
1998-02-18,14.265625,14.59375,13.828125,13.84375,12.449148178100586,2652800
1998-02-19,13.5625,13.796875,13.515625,13.59375,12.224334716796875,2460000
1998-02-20,13.40625,13.4375,12.84375,13.0625,11.746601104736328,2554800
1998-02-23,13.4375,13.96875,13.4375,13.96875,12.561554908752441,4439200
1998-02-24,13.96875,13.984375,13.25,13.25,11.915214538574219,1560000
1998-02-25,13.5625,13.84375,13.40625,13.765625,12.378894805908203,1663200
1998-02-26,13.6875,14.078125,13.46875,14.046875,12.63181209564209,2021200
1998-02-27,14.046875,14.234375,13.765625,13.765625,12.378894805908203,1648400
1998-03-02,14.0,14.0625,13.75,13.796875,12.406994819641113,935600
1998-03-03,13.859375,14.125,13.859375,13.953125,12.547504425048828,1732800
1998-03-04,13.9375,14.125,13.71875,13.734375,12.350791931152344,1220800
1998-03-05,13.671875,13.671875,13.03125,13.296875,11.957365036010742,1373200
1998-03-06,13.421875,13.9375,13.40625,13.765625,12.378894805908203,1287200
1998-03-09,13.90625,14.1875,13.875,13.953125,12.547504425048828,956400
1998-03-10,14.109375,14.375,14.109375,14.25,12.814473152160645,736000
1998-03-11,14.3125,14.453125,14.140625,14.25,12.814473152160645,1190000
1998-03-12,14.25,14.609375,14.25,14.5625,13.09549331665039,955200
1998-03-13,14.609375,14.65625,14.28125,14.328125,12.88472843170166,544400
1998-03-16,14.375,14.671875,14.375,14.65625,13.179797172546387,1110800
1998-03-17,14.65625,14.796875,14.453125,14.453125,12.997136116027832,1036800
1998-03-18,14.453125,14.5,14.171875,14.28125,12.842576026916504,829600
1998-03-19,14.5,14.53125,14.265625,14.46875,13.011186599731445,1011600
1998-03-20,14.46875,14.625,14.125,14.234375,12.800421714782715,1896000
1998-03-23,13.125,13.328125,12.96875,13.203125,11.873058319091797,5552800
1998-03-24,13.3125,13.609375,13.21875,13.4375,12.083822250366211,2579600
1998-03-25,13.5625,13.6875,13.34375,13.53125,12.168129920959473,1538400
1998-03-26,13.53125,13.546875,13.234375,13.359375,12.013569831848145,688000
1998-03-27,13.265625,13.59375,13.265625,13.34375,11.999519348144531,790000
1998-03-30,13.4375,13.46875,13.0,13.15625,11.830907821655273,906000
1998-03-31,13.21875,13.578125,13.21875,13.546875,12.182180404663086,2011200
1998-04-01,13.59375,13.625,13.203125,13.328125,11.985468864440918,1212400
1998-04-02,13.328125,13.671875,13.328125,13.671875,12.294588088989258,966400
1998-04-03,13.984375,14.234375,13.84375,14.140625,12.716116905212402,2824400
1998-04-06,14.25,14.3125,13.890625,14.03125,12.617759704589844,939600
1998-04-07,14.0,14.0625,13.6875,13.765625,12.378894805908203,509200
1998-04-08,13.765625,14.03125,13.703125,14.0,12.589659690856934,916800
1998-04-09,14.046875,14.375,14.046875,14.140625,12.716116905212402,833600
1998-04-13,14.25,14.515625,14.25,14.515625,13.053340911865234,1226400
1998-04-14,14.5625,14.6875,14.5625,14.640625,13.165748596191406,558000
1998-04-15,14.6875,15.109375,14.6875,15.0625,13.545125007629395,1806800
1998-04-16,15.078125,15.25,14.96875,15.140625,13.615378379821777,996000
1998-04-17,15.15625,15.15625,14.8125,14.96875,13.460817337036133,739200
1998-04-20,14.96875,14.984375,14.78125,14.96875,13.460817337036133,761200
1998-04-21,15.0625,15.59375,15.03125,15.59375,14.022855758666992,1501600
1998-04-22,15.625,15.640625,15.265625,15.625,14.050957679748535,980000
1998-04-23,15.25,15.390625,14.6875,14.90625,13.404611587524414,1643600
1998-04-24,15.03125,15.1875,14.671875,14.6875,13.207901000976562,1516800
1998-04-27,14.703125,14.703125,13.78125,13.796875,12.406994819641113,930800
1998-04-28,13.96875,14.015625,13.75,13.859375,12.463201522827148,1223200
1998-04-29,13.890625,14.03125,13.890625,13.9375,12.533455848693848,868400
1998-04-30,14.1875,14.296875,14.03125,14.046875,12.63181209564209,697200
1998-05-01,14.078125,14.078125,13.609375,13.640625,12.266487121582031,808400
1998-05-04,13.65625,13.6875,13.0625,13.1875,11.8590087890625,1820000
1998-05-05,12.90625,13.203125,12.8125,12.96875,11.662296295166016,1982400
1998-05-06,13.09375,13.25,11.828125,11.984375,10.777084350585938,5227200
1998-05-07,12.078125,12.109375,11.546875,11.78125,10.594425201416016,4391200
1998-05-08,11.984375,12.3125,11.921875,12.0,10.791136741638184,2959200
1998-05-11,12.375,12.6875,11.890625,11.96875,10.763033866882324,3184400
1998-05-12,11.9375,12.03125,11.6875,11.734375,10.552270889282227,1845200
1998-05-13,11.734375,12.0,11.46875,11.75,10.566319465637207,2236000
1998-05-14,11.625,11.984375,11.625,11.8125,10.622525215148926,3526000
1998-05-15,11.859375,11.984375,11.609375,11.78125,10.594425201416016,1532800
1998-05-18,11.75,11.828125,11.25,11.46875,10.313404083251953,1823200
1998-05-19,11.578125,11.828125,10.78125,10.875,9.779467582702637,2891200
1998-05-20,11.15625,11.65625,11.140625,11.5625,10.397709846496582,4564000
1998-05-21,11.5625,11.765625,11.25,11.75,10.566319465637207,1655600
1998-05-22,12.0,12.21875,11.921875,12.1875,10.959746360778809,1843200
1998-05-26,12.28125,12.4375,11.90625,11.90625,10.706829071044922,1392800
1998-05-27,11.78125,11.78125,11.28125,11.578125,10.411760330200195,1294000
1998-05-28,11.546875,11.625,11.421875,11.46875,10.313404083251953,1709600
1998-05-29,11.59375,11.703125,11.46875,11.578125,10.411760330200195,1068800
1998-06-01,11.625,11.84375,11.59375,11.609375,10.439861297607422,1322000
1998-06-02,11.65625,11.78125,11.515625,11.6875,10.510115623474121,917600
1998-06-03,11.8125,12.109375,11.78125,11.90625,10.706829071044922,1376800
1998-06-04,11.890625,11.984375,11.625,11.96875,10.763033866882324,869600
1998-06-05,12.03125,12.109375,11.875,11.984375,10.777084350585938,571600
1998-06-08,12.03125,12.359375,12.03125,12.234375,11.00190258026123,650800
1998-06-09,12.28125,13.171875,12.25,13.15625,11.830907821655273,2710000
1998-06-10,13.125,13.625,12.875,13.265625,11.929261207580566,2984000
1998-06-11,13.28125,13.359375,12.859375,13.171875,11.84495735168457,1282400
1998-06-12,13.125,13.375,12.9375,13.15625,11.830907821655273,1898800
1998-06-15,13.03125,13.3125,12.890625,12.96875,11.662296295166016,1732400
1998-06-16,13.125,13.125,12.9375,13.046875,11.732550621032715,782000
1998-06-17,13.046875,13.203125,12.890625,12.921875,11.620140075683594,793200
1998-06-18,12.921875,13.046875,12.453125,12.484375,11.226716041564941,1243600
1998-06-19,12.421875,12.5625,12.421875,12.546875,11.282918930053711,896400
1998-06-22,13.109375,13.109375,12.84375,12.96875,11.662296295166016,1292000
1998-06-23,12.953125,12.953125,12.515625,12.65625,11.381278038024902,1382800
1998-06-24,12.671875,13.453125,12.609375,13.34375,11.999519348144531,1792800
1998-06-25,13.34375,13.5625,13.140625,13.140625,11.816856384277344,1329200
1998-06-26,13.1875,13.34375,13.1875,13.328125,11.985468864440918,840800
1998-06-29,13.421875,13.78125,13.421875,13.671875,12.294588088989258,1274000
1998-06-30,13.65625,13.65625,13.40625,13.640625,12.266487121582031,1303200
1998-07-01,13.703125,14.03125,13.703125,13.90625,12.505352973937988,979600
1998-07-02,13.890625,13.890625,13.671875,13.671875,12.294588088989258,436800
1998-07-06,13.703125,14.1875,13.703125,14.125,12.702066421508789,971200
1998-07-07,14.3125,14.9375,14.3125,14.796875,13.306256294250488,2752800
1998-07-08,14.859375,15.0,14.65625,15.0,13.488919258117676,1638400
1998-07-09,14.96875,14.984375,14.78125,14.96875,13.460817337036133,1061600
1998-07-10,14.984375,14.984375,14.640625,14.734375,13.250052452087402,622800
1998-07-13,14.75,15.03125,14.75,14.984375,13.47486686706543,862800
1998-07-14,15.0625,15.296875,15.0625,15.15625,13.629430770874023,2138000
1998-07-15,15.140625,15.140625,14.578125,14.578125,13.10954475402832,1167600
1998-07-16,14.46875,14.46875,13.859375,14.25,12.814473152160645,1522400
1998-07-17,14.34375,14.546875,14.296875,14.3125,12.870677947998047,1235200
1998-07-20,14.375,14.5,14.046875,14.171875,12.744220733642578,1006400
1998-07-21,14.25,14.34375,13.984375,14.0,12.589659690856934,882800
1998-07-22,14.03125,14.296875,13.96875,14.078125,12.659912109375,827600
1998-07-23,14.265625,14.3125,13.21875,13.25,11.915214538574219,1367600
1998-07-24,13.0625,13.21875,12.125,12.515625,11.254819869995117,2862400
1998-07-27,12.28125,12.921875,12.28125,12.828125,11.535837173461914,1774000
1998-07-28,12.890625,12.890625,12.375,12.390625,11.142412185668945,942800
1998-07-29,12.421875,12.65625,11.375,11.4375,10.28530216217041,1868400
1998-07-30,11.5,11.84375,11.390625,11.59375,10.425811767578125,1949600
1998-07-31,11.609375,11.671875,10.25,10.53125,9.470346450805664,2431200
1998-08-03,10.5,10.625,10.25,10.5,9.442245483398438,1434800
1998-08-04,10.5625,10.734375,9.90625,10.140625,9.119070053100586,1464800
1998-08-05,10.359375,10.359375,9.6875,9.984375,8.97856330871582,1731200
1998-08-06,9.984375,10.296875,9.875,10.21875,9.189324378967285,1600000
1998-08-07,10.34375,10.90625,10.328125,10.765625,9.681110382080078,1631200
1998-08-10,10.8125,11.328125,10.75,11.015625,9.905927658081055,1848400
1998-08-11,10.8125,10.8125,10.453125,10.6875,9.610856056213379,786800
1998-08-12,10.84375,11.0,10.703125,10.828125,9.737316131591797,846000
1998-08-13,10.796875,10.828125,10.609375,10.65625,9.582756042480469,948400
1998-08-14,10.75,11.109375,10.65625,10.65625,9.582756042480469,726400
1998-08-17,10.703125,10.96875,10.65625,10.9375,9.835674285888672,526000
1998-08-18,11.0,11.96875,11.0,11.84375,10.650626182556152,1984400
1998-08-19,11.875,12.171875,11.375,11.515625,10.355557441711426,1750000
1998-08-20,11.453125,11.8125,11.21875,11.21875,10.088589668273926,663600
1998-08-21,11.09375,11.09375,10.4375,10.78125,9.695160865783691,957600
1998-08-24,10.84375,10.984375,10.71875,10.828125,9.737316131591797,536400
1998-08-25,10.953125,11.25,10.875,11.09375,9.976181030273438,865200
1998-08-26,11.0625,11.0625,10.75,10.84375,9.751364707946777,402400
1998-08-27,10.6875,10.6875,10.046875,10.328125,9.287681579589844,914800
1998-08-28,10.328125,10.578125,10.0,10.375,9.329837799072266,1242400
1998-08-31,10.5,10.53125,9.25,9.734375,8.75374698638916,1363600
1998-09-01,9.765625,9.875,9.125,9.53125,8.571083068847656,1668800
1998-09-02,9.5,9.8125,9.28125,9.328125,8.388422012329102,1510800
1998-09-03,9.125,9.125,8.15625,8.328125,7.489159107208252,4383200
1998-09-04,8.375,8.625,8.3125,8.484375,7.629672050476074,1468000
1998-09-08,8.78125,9.21875,8.78125,9.09375,8.177656173706055,1354400
1998-09-09,9.15625,9.359375,8.59375,8.625,7.756129264831543,1243200
1998-09-10,8.59375,8.625,8.34375,8.609375,7.742079734802246,792400
1998-09-11,8.546875,8.984375,8.546875,8.78125,7.896640777587891,1033200
1998-09-14,9.09375,9.546875,9.078125,9.46875,8.514880180358887,1526800
1998-09-15,9.421875,9.625,9.359375,9.59375,8.627287864685059,1461600
1998-09-16,9.6875,10.109375,9.640625,9.875,8.880205154418945,1456400
1998-09-17,9.6875,9.703125,9.390625,9.578125,8.613235473632812,786400
1998-09-18,9.84375,9.890625,9.3125,9.578125,8.613235473632812,1262800
1998-09-21,9.578125,10.0625,9.34375,10.0625,9.048818588256836,2425600
1998-09-22,10.125,10.515625,10.125,10.421875,9.371989250183105,1722400
1998-09-23,10.4375,10.65625,10.328125,10.609375,9.54060173034668,958400
1998-09-24,10.625,10.625,10.140625,10.21875,9.189324378967285,734800
1998-09-25,10.15625,10.15625,9.78125,9.875,8.880205154418945,691600
1998-09-28,9.859375,9.859375,9.515625,9.578125,8.613235473632812,973600
1998-09-29,9.5625,9.5625,8.78125,8.8125,7.924737453460693,2085600
1998-09-30,8.75,8.75,8.4375,8.515625,7.657770156860352,1532800
1998-10-01,8.28125,8.484375,8.265625,8.421875,7.57346773147583,1281600
1998-10-02,8.421875,8.671875,8.375,8.5,7.643721580505371,986800
1998-10-05,8.421875,8.421875,7.703125,7.96875,7.165987491607666,1362800
1998-10-06,8.15625,8.375,8.078125,8.15625,7.334600448608398,1236800
1998-10-07,8.171875,8.171875,7.625,7.78125,6.997379302978516,1890400
1998-10-08,7.65625,7.6875,6.5625,7.078125,6.365084171295166,3471200
1998-10-09,7.140625,7.21875,6.5,7.125,6.407236576080322,4953200
1998-10-12,7.5,7.75,7.34375,7.375,6.632051944732666,2410000
1998-10-13,7.5,7.5,6.84375,7.0,6.294829845428467,1816000
1998-10-14,7.03125,7.328125,6.875,7.234375,6.505593299865723,2050800
1998-10-15,7.234375,7.75,7.171875,7.6875,6.913071155548096,2864400
1998-10-16,7.84375,8.625,7.84375,8.234375,7.4048566818237305,4175200
1998-10-19,8.234375,8.421875,8.125,8.375,7.531313896179199,4430800
1998-10-20,8.4375,8.75,8.0,8.078125,7.264344215393066,2882400
1998-10-21,8.109375,8.265625,7.953125,8.171875,7.348650932312012,1857200
1998-10-22,8.1875,8.453125,8.015625,8.4375,7.587517261505127,1040400
1998-10-23,8.375,8.671875,8.21875,8.421875,7.57346773147583,1096000
1998-10-26,8.4375,8.59375,8.203125,8.453125,7.601569175720215,1510400
1998-10-27,8.390625,8.9375,8.34375,8.65625,7.784232139587402,3079600
1998-10-28,8.59375,8.796875,8.5,8.59375,7.728028297424316,946800
1998-10-29,8.546875,8.78125,8.453125,8.765625,7.882589340209961,1008800
1998-10-30,8.71875,9.28125,8.71875,8.984375,8.079301834106445,1764000
1998-11-02,9.25,9.578125,9.078125,9.5625,8.599187850952148,1343600
1998-11-03,9.75,9.75,9.34375,9.359375,8.416524887084961,1585600
1998-11-04,9.421875,9.734375,9.1875,9.1875,8.261963844299316,1422000
1998-11-05,8.96875,9.46875,8.96875,9.390625,8.444625854492188,1894000
1998-11-06,9.5,9.515625,9.21875,9.5,8.54298210144043,1232800
1998-11-09,9.375,9.375,9.078125,9.140625,8.219809532165527,1264400
1998-11-10,9.078125,9.109375,8.8125,8.8125,7.924737453460693,1002000
1998-11-11,8.875,8.96875,8.765625,8.90625,8.009045600891113,801600
1998-11-12,8.890625,8.921875,8.671875,8.671875,7.798281669616699,1216800
1998-11-13,8.6875,8.859375,8.578125,8.78125,7.896640777587891,827600
1998-11-16,8.71875,8.953125,8.640625,8.65625,7.784232139587402,1228800
1998-11-17,8.625,8.75,8.421875,8.75,7.868537425994873,1812800
1998-11-18,8.6875,8.96875,8.515625,8.875,7.9809441566467285,3007600
1998-11-19,8.875,8.875,8.21875,8.46875,7.615617752075195,3630800
1998-11-20,8.5,8.515625,8.03125,8.3125,7.475111961364746,2936400
1998-11-23,8.359375,8.859375,8.359375,8.828125,7.938791751861572,2349200
1998-11-24,8.875,9.359375,8.875,9.265625,8.3322172164917,2143200
1998-11-25,9.328125,9.4375,9.1875,9.40625,8.458674430847168,1276000
1998-11-27,9.46875,9.578125,9.46875,9.5625,8.599187850952148,514400
1998-11-30,9.5625,9.5625,9.15625,9.359375,8.416524887084961,1127200
1998-12-01,9.28125,9.796875,9.28125,9.78125,8.795900344848633,1935600
1998-12-02,9.765625,9.984375,9.53125,9.90625,8.908308982849121,2076000
1998-12-03,9.84375,9.875,9.6875,9.75,8.767796516418457,1339600
1998-12-04,9.75,9.96875,9.5,9.546875,8.585135459899902,1110800
1998-12-07,9.609375,10.09375,9.609375,10.078125,9.062870979309082,1601200
1998-12-08,10.109375,10.109375,9.5625,9.734375,8.75374698638916,1458400
1998-12-09,10.03125,10.09375,9.625,9.734375,8.75374698638916,1419600
1998-12-10,9.796875,9.828125,9.375,9.546875,8.585135459899902,1832800
1998-12-11,9.53125,9.546875,9.0625,9.296875,8.360318183898926,2512800
1998-12-14,9.296875,9.3125,9.0625,9.0625,8.149556159973145,1198400
1998-12-15,9.125,9.484375,9.125,9.484375,8.528935432434082,1124800
1998-12-16,9.515625,9.65625,9.21875,9.46875,8.514880180358887,878800
1998-12-17,9.53125,10.0,9.53125,10.0,8.992612838745117,1361600
1998-12-18,10.09375,10.40625,10.03125,10.3125,9.273633003234863,1835600
1998-12-21,10.359375,10.734375,10.34375,10.53125,9.470346450805664,1685600
1998-12-22,10.578125,10.578125,10.140625,10.34375,9.301735877990723,1496000
1998-12-23,10.40625,10.4375,10.21875,10.28125,9.245532035827637,974000
1998-12-24,10.25,10.25,10.125,10.21875,9.189324378967285,393200
1998-12-28,10.21875,10.375,10.125,10.140625,9.119070053100586,690400
1998-12-29,10.140625,10.46875,10.078125,10.453125,9.400091171264648,1239200
1998-12-30,10.453125,10.9375,10.453125,10.921875,9.82162094116211,1190000
1998-12-31,10.890625,11.453125,10.828125,11.0625,9.948077201843262,1434000
1999-01-04,11.125,11.34375,10.8125,10.859375,9.765416145324707,1043200
1999-01-05,10.8125,11.75,10.65625,11.71875,10.538216590881348,2637200
1999-01-06,11.859375,12.21875,11.8125,11.96875,10.763033866882324,1603600
1999-01-07,11.90625,12.28125,11.796875,12.25,11.015950202941895,1401600
1999-01-08,12.40625,12.609375,12.359375,12.5,11.240768432617188,2170000
1999-01-11,12.453125,12.5,11.8125,11.890625,10.692779541015625,2261200
1999-01-12,11.84375,12.359375,11.796875,11.890625,10.692779541015625,1372400
1999-01-13,11.40625,11.875,11.125,11.84375,10.650626182556152,2459200
1999-01-14,11.90625,12.15625,11.75,11.75,10.566319465637207,2478000
1999-01-15,12.25,12.4375,12.09375,12.328125,11.086204528808594,1080400
1999-01-19,12.5625,13.09375,12.53125,13.0625,11.746601104736328,2228000
1999-01-20,13.0,13.0,12.34375,12.46875,11.212663650512695,2831600
1999-01-21,12.609375,12.8125,12.265625,12.453125,11.198612213134766,2446800
1999-01-22,12.390625,12.53125,12.125,12.53125,11.268867492675781,1074000
1999-01-25,12.515625,12.640625,12.25,12.453125,11.198612213134766,781200
1999-01-26,12.4375,12.5,12.15625,12.25,11.015950202941895,898400
1999-01-27,12.484375,12.609375,11.703125,11.703125,10.524168968200684,2443600
1999-01-28,11.734375,11.78125,11.265625,11.40625,10.257201194763184,2733600
1999-01-29,11.46875,12.75,11.421875,12.59375,11.32507038116455,3800000
1999-02-01,12.75,13.484375,12.75,13.390625,12.041672706604004,2883200
1999-02-02,13.328125,13.484375,13.0,13.484375,12.125977516174316,1729200
1999-02-03,13.453125,13.625,13.34375,13.34375,11.999519348144531,1312000
1999-02-04,13.375,13.671875,13.234375,13.296875,11.957365036010742,1172800
1999-02-05,13.328125,13.328125,13.140625,13.265625,11.929261207580566,903200
1999-02-08,13.265625,13.265625,13.0625,13.171875,11.84495735168457,967200
1999-02-09,13.125,13.140625,12.875,12.953125,11.648244857788086,1309600
1999-02-10,12.90625,13.03125,12.828125,12.859375,11.563937187194824,569600
1999-02-11,12.921875,13.0625,12.5625,12.609375,11.339125633239746,817200
1999-02-12,12.640625,12.75,12.375,12.484375,11.226716041564941,1235600
1999-02-16,12.546875,12.734375,11.9375,12.125,10.903545379638672,1994000
1999-02-17,12.125,12.46875,12.03125,12.234375,11.00190258026123,1717600
1999-02-18,12.28125,12.28125,12.03125,12.203125,10.973800659179688,938400
1999-02-19,12.34375,12.84375,12.34375,12.53125,11.268867492675781,1778400
1999-02-22,12.875,13.03125,12.5,12.984375,11.676348686218262,1821600
1999-02-23,13.046875,13.171875,12.8125,12.9375,11.634195327758789,1363200
1999-02-24,13.046875,13.15625,12.453125,12.71875,11.437481880187988,2277200
1999-02-25,12.75,12.75,12.5625,12.6875,11.409378051757812,1353600
1999-02-26,12.734375,12.90625,12.609375,12.671875,11.395326614379883,787200
1999-03-01,12.609375,12.828125,12.546875,12.703125,11.423426628112793,743600
1999-03-02,12.921875,13.59375,12.921875,13.265625,11.929261207580566,1520400
1999-03-03,13.328125,13.484375,13.15625,13.234375,11.901163101196289,1247600
1999-03-04,13.21875,13.234375,12.828125,13.015625,11.704446792602539,708800
1999-03-05,13.078125,13.25,13.0,13.015625,11.704446792602539,600400
1999-03-08,13.140625,13.359375,12.875,12.953125,11.648244857788086,866400
1999-03-09,12.953125,12.96875,12.765625,12.9375,11.634195327758789,801200
1999-03-10,12.875,12.875,12.4375,12.453125,11.198612213134766,846000
1999-03-11,12.484375,12.5,12.21875,12.28125,11.044054985046387,1145200
1999-03-12,12.234375,12.6875,12.125,12.4375,11.184560775756836,2626800
1999-03-15,12.59375,13.375,12.59375,13.28125,11.943313598632812,1443200
1999-03-16,13.28125,13.296875,12.75,12.84375,11.549887657165527,1384800
1999-03-17,12.84375,12.953125,12.53125,12.828125,11.535837173461914,958800
1999-03-18,12.796875,13.296875,12.65625,13.265625,11.929261207580566,1384800
1999-03-19,13.234375,13.25,12.703125,12.75,11.465580940246582,1220000
1999-03-22,12.4375,12.4375,12.25,12.28125,11.044054985046387,902800
1999-03-23,12.15625,12.25,11.484375,11.71875,10.538216590881348,1652400
1999-03-24,11.71875,11.9375,11.375,11.84375,10.650626182556152,1120000
1999-03-25,11.90625,12.078125,11.84375,11.921875,10.720880508422852,1008800
1999-03-26,11.953125,12.0625,11.796875,12.046875,10.833290100097656,579600
1999-03-29,12.046875,12.234375,11.71875,11.78125,10.594425201416016,944800
1999-03-30,11.84375,12.21875,11.84375,11.90625,10.706829071044922,1207600
1999-03-31,11.96875,12.078125,11.84375,11.875,10.678729057312012,632400
1999-04-01,11.9375,12.171875,11.875,11.90625,10.706829071044922,531600
1999-04-05,11.9375,12.03125,11.78125,11.796875,10.608471870422363,573200
1999-04-06,11.65625,11.765625,11.4375,11.46875,10.313404083251953,1173600
1999-04-07,11.46875,11.5,11.375,11.390625,10.243149757385254,396800
1999-04-08,11.328125,11.59375,10.953125,11.59375,10.425811767578125,1300800
1999-04-09,11.5625,12.078125,11.5625,12.03125,10.81923770904541,1022800
1999-04-12,11.90625,11.96875,11.6875,11.9375,10.734933853149414,1417200
1999-04-13,11.9375,11.953125,11.625,11.625,10.453914642333984,853600
1999-04-14,11.640625,12.4375,11.640625,12.328125,11.086204528808594,1353200
1999-04-15,12.390625,12.59375,11.8125,11.984375,10.777084350585938,1569200
1999-04-16,11.953125,12.59375,11.953125,12.546875,11.282918930053711,1303600
1999-04-19,12.6875,12.984375,11.890625,11.953125,10.748985290527344,2244400
1999-04-20,11.984375,12.4375,11.96875,12.046875,10.833290100097656,2008000
1999-04-21,12.109375,12.46875,12.109375,12.46875,11.212663650512695,818800
1999-04-22,12.5,12.859375,12.5,12.53125,11.268867492675781,847200
1999-04-23,12.515625,12.71875,11.90625,12.0,10.791136741638184,2364000
1999-04-26,12.046875,12.125,11.65625,11.65625,10.482015609741211,1240400
1999-04-27,11.703125,11.703125,11.53125,11.578125,10.411760330200195,1077600
1999-04-28,11.578125,11.671875,11.484375,11.59375,10.425811767578125,1119600
1999-04-29,11.59375,11.78125,11.40625,11.5,10.34150505065918,693600
1999-04-30,11.46875,11.734375,10.796875,11.015625,9.905927658081055,2005200
1999-05-03,11.03125,11.25,10.8125,11.0,9.891875267028809,1391200
1999-05-04,11.046875,11.40625,11.046875,11.203125,10.07453727722168,1181200
1999-05-05,11.171875,11.40625,11.03125,11.390625,10.243149757385254,669200
1999-05-06,11.328125,11.5,11.203125,11.484375,10.327454566955566,493600
1999-05-07,11.421875,11.5,11.28125,11.34375,10.200997352600098,342800
1999-05-10,11.375,11.4375,11.125,11.15625,10.032382011413574,409200
1999-05-11,11.03125,11.140625,10.859375,11.109375,9.990233421325684,1222800
1999-05-12,11.125,11.46875,11.125,11.203125,10.07453727722168,1203200
1999-05-13,11.203125,11.359375,10.921875,11.046875,9.934027671813965,608000
1999-05-14,11.078125,11.125,10.9375,10.953125,9.849721908569336,384400
1999-05-17,10.96875,11.09375,10.59375,11.078125,9.96213150024414,594400
1999-05-18,11.109375,11.171875,10.875,11.15625,10.032382011413574,672000
1999-05-19,11.03125,11.078125,10.484375,10.484375,9.428194046020508,1155200
1999-05-20,10.5,10.734375,10.28125,10.421875,9.371989250183105,668400
1999-05-21,10.421875,10.484375,10.0625,10.0625,9.048818588256836,752000
1999-05-24,9.90625,10.171875,9.515625,9.53125,8.571083068847656,1728000
1999-05-25,9.65625,10.0,9.578125,9.921875,8.922358512878418,2262000
1999-05-26,9.984375,10.484375,9.84375,10.421875,9.371989250183105,1568400
1999-05-27,10.390625,10.578125,10.140625,10.1875,9.161226272583008,711200
1999-05-28,10.15625,10.390625,10.15625,10.375,9.329837799072266,567600
1999-06-01,10.375,10.625,10.1875,10.484375,9.428194046020508,1116000
1999-06-02,10.515625,10.515625,9.953125,10.28125,9.245532035827637,1391200
1999-06-03,10.5,10.609375,10.25,10.484375,9.428194046020508,902000
1999-06-04,10.4375,10.65625,10.40625,10.40625,9.357939720153809,646800
1999-06-07,10.296875,10.625,10.109375,10.625,9.554652214050293,887200
1999-06-08,10.59375,10.59375,10.15625,10.26953125,9.234992027282715,522000
1999-06-09,10.09375,10.109375,9.75,9.8125,8.82400131225586,662400
1999-06-10,9.75,9.9375,9.6875,9.921875,8.922358512878418,895600
1999-06-11,9.875,9.90625,9.640625,9.734375,8.75374698638916,381200
1999-06-14,9.734375,9.734375,9.5,9.53125,8.571083068847656,1677200
1999-06-15,9.5625,9.65625,9.515625,9.578125,8.613235473632812,857200
1999-06-16,9.640625,9.984375,9.640625,9.90625,8.908308982849121,1289200
1999-06-17,9.875,9.875,9.609375,9.625,8.655389785766602,400000
1999-06-18,9.6875,10.09375,9.6875,10.03125,9.020711898803711,1469200
1999-06-21,10.09375,10.15625,9.984375,10.09375,9.076918601989746,962400
1999-06-22,10.046875,10.09375,9.9375,10.0,8.992612838745117,664800
1999-06-23,10.03125,10.15625,10.0,10.140625,9.119070053100586,386800
1999-06-24,10.1875,10.21875,9.9375,9.9375,8.936408996582031,411600
1999-06-25,9.9375,9.953125,9.84375,9.875,8.880205154418945,292800
1999-06-28,9.8125,10.25,9.8125,10.25,9.217427253723145,638400
1999-06-29,10.21875,10.515625,10.21875,10.484375,9.428194046020508,999600
1999-06-30,10.5,10.609375,10.328125,10.4375,9.386040687561035,982000
1999-07-01,10.375,10.609375,10.375,10.5625,9.498449325561523,344800
1999-07-02,10.5,10.921875,10.5,10.875,9.779467582702637,727600
1999-07-06,10.9375,10.953125,10.640625,10.671875,9.596803665161133,410800
1999-07-07,10.65625,10.859375,10.59375,10.78125,9.695160865783691,465200
1999-07-08,10.71875,10.8125,10.671875,10.765625,9.681110382080078,331600
1999-07-09,10.734375,10.765625,10.515625,10.609375,9.54060173034668,351200
1999-07-12,10.609375,10.703125,10.59375,10.65625,9.582756042480469,303200
1999-07-13,10.65625,10.6875,10.5,10.546875,9.484396934509277,566800
1999-07-14,10.546875,10.609375,10.4375,10.609375,9.54060173034668,314400
1999-07-15,10.59375,10.609375,10.40625,10.53125,9.470346450805664,410000
1999-07-16,10.515625,10.578125,10.453125,10.46875,9.414140701293945,484800
1999-07-19,10.65625,11.234375,10.65625,10.8125,9.7232666015625,3204400
1999-07-20,10.875,11.3125,10.828125,11.15625,10.032382011413574,1916400
1999-07-21,11.1875,11.53125,11.125,11.453125,10.299352645874023,1316800
1999-07-22,11.453125,11.65625,11.390625,11.5,10.34150505065918,724800
1999-07-23,11.5,11.5625,11.34375,11.34375,10.200997352600098,395600
1999-07-26,11.28125,11.3125,11.046875,11.109375,9.990233421325684,453600
1999-07-27,11.15625,11.34375,11.15625,11.328125,10.186945915222168,486400
1999-07-28,11.375,11.4375,11.375,11.390625,10.243149757385254,506000
1999-07-29,11.34375,11.4375,11.140625,11.15625,10.032382011413574,450000
1999-07-30,11.1875,11.296875,11.0625,11.09375,9.976181030273438,1474400
1999-08-02,11.15625,11.359375,11.140625,11.296875,10.158843994140625,724800
1999-08-03,11.359375,11.421875,11.15625,11.203125,10.07453727722168,412400
1999-08-04,11.203125,11.375,10.921875,10.96875,9.863771438598633,359600
1999-08-05,11.0,11.0,10.765625,10.890625,9.793517112731934,514800
1999-08-06,10.859375,10.875,10.625,10.625,9.554652214050293,363600
1999-08-09,10.625,10.953125,10.578125,10.734375,9.653007507324219,523600
1999-08-10,10.703125,10.703125,10.21875,10.328125,9.287681579589844,514800
1999-08-11,10.328125,10.453125,10.203125,10.265625,9.231476783752441,427200
1999-08-12,10.328125,10.78125,10.328125,10.671875,9.596803665161133,773200
1999-08-13,10.71875,10.875,10.625,10.640625,9.568703651428223,415200
1999-08-16,10.578125,10.765625,10.5625,10.71875,9.638957023620605,422000
1999-08-17,10.78125,10.78125,10.46875,10.625,9.554652214050293,802400
1999-08-18,10.59375,10.921875,10.5625,10.84375,9.751364707946777,626800
1999-08-19,10.84375,10.984375,10.6875,10.703125,9.624907493591309,553600
1999-08-20,10.734375,10.75,10.5,10.65625,9.582756042480469,432800
1999-08-23,10.6875,10.921875,10.6875,10.84375,9.751364707946777,472000
1999-08-24,10.90625,11.046875,10.890625,11.0,9.891875267028809,327200
1999-08-25,10.96875,11.484375,10.9375,11.46875,10.313404083251953,812800
1999-08-26,11.46875,11.46875,11.125,11.171875,10.046435356140137,918400
1999-08-27,11.1875,11.28125,11.0,11.1875,10.0604887008667,537600
1999-08-30,11.15625,11.15625,10.96875,10.96875,9.863771438598633,268800
1999-08-31,10.953125,11.125,10.8125,10.8125,9.7232666015625,969600
1999-09-01,10.875,11.125,10.875,10.953125,9.849721908569336,491200
1999-09-02,10.890625,11.125,10.8125,11.046875,9.934027671813965,416800
1999-09-03,11.1875,11.40625,11.1875,11.28125,10.144791603088379,483600
1999-09-07,11.25,11.25,10.90625,10.921875,9.82162094116211,418800
1999-09-08,10.890625,10.890625,10.765625,10.796875,9.709212303161621,350400
1999-09-09,10.8125,11.1875,10.703125,11.171875,10.046435356140137,729200
1999-09-10,11.140625,11.234375,10.9375,11.015625,9.905927658081055,419600
1999-09-13,10.984375,11.3125,10.96875,11.140625,10.018333435058594,486400
1999-09-14,11.125,11.375,10.84375,11.28125,10.144791603088379,574800
1999-09-15,11.25,11.40625,11.125,11.1875,10.0604887008667,864800
1999-09-16,11.171875,11.171875,10.53125,10.53125,9.470346450805664,1382800
1999-09-17,10.546875,10.671875,10.265625,10.296875,9.259583473205566,467200
1999-09-20,10.1875,10.359375,9.9375,10.234375,9.203378677368164,1459600
1999-09-21,10.234375,10.3125,10.0,10.0625,9.048818588256836,1152000
1999-09-22,10.09375,10.09375,9.71875,9.984375,8.97856330871582,1702400
1999-09-23,10.015625,10.234375,9.75,9.8125,8.82400131225586,1370400
1999-09-24,9.84375,9.90625,9.59375,9.671875,8.697542190551758,1106000
1999-09-27,9.71875,9.796875,9.5625,9.703125,8.725645065307617,374400
1999-09-28,9.640625,9.8125,9.5,9.59375,8.627287864685059,1796800
1999-09-29,9.65625,10.0,9.59375,9.984375,8.97856330871582,2983600
1999-09-30,10.046875,10.1875,9.875,10.171875,9.147174835205078,663600
1999-10-01,10.15625,10.15625,9.96875,10.09375,9.076918601989746,406800
1999-10-04,10.09375,10.9375,10.09375,10.859375,9.765416145324707,1083600
1999-10-05,10.796875,10.953125,10.421875,10.53125,9.470346450805664,1141200
1999-10-06,10.59375,10.734375,10.546875,10.703125,9.624907493591309,530400
1999-10-07,10.75,10.8125,10.296875,10.375,9.329837799072266,1310000
1999-10-08,10.546875,10.921875,10.546875,10.671875,9.596803665161133,928400
1999-10-11,10.6875,10.6875,10.265625,10.28125,9.245532035827637,436800
1999-10-12,10.265625,10.3125,9.859375,9.9375,8.936408996582031,766000
1999-10-13,9.921875,10.265625,9.890625,10.03125,9.020711898803711,942800
1999-10-14,10.0625,10.15625,9.921875,9.984375,8.97856330871582,845600
1999-10-15,9.875,9.921875,9.5625,9.640625,8.669442176818848,647200
1999-10-18,9.671875,9.90625,9.53125,9.53125,8.571083068847656,585600
1999-10-19,9.625,9.78125,9.5625,9.5625,8.599187850952148,771200
1999-10-20,9.53125,9.578125,9.328125,9.4375,8.486780166625977,808400
1999-10-21,9.375,9.453125,9.25,9.359375,8.416524887084961,655600
1999-10-22,9.34375,9.75,9.25,9.65625,8.683491706848145,635600
1999-10-25,9.59375,9.59375,9.375,9.40625,8.458674430847168,820800
1999-10-26,9.421875,9.515625,9.078125,9.234375,8.304117202758789,2009600
1999-10-27,9.375,9.734375,9.328125,9.703125,8.725645065307617,1600800
1999-10-28,9.765625,9.875,9.4375,9.828125,8.838051795959473,1055200
1999-10-29,9.890625,10.109375,9.875,9.9375,8.936408996582031,766400
1999-11-01,9.953125,9.953125,9.734375,9.75,8.767796516418457,634800
1999-11-02,9.71875,9.984375,9.703125,9.796875,8.809950828552246,511600
1999-11-03,9.8125,10.078125,9.8125,10.0625,9.048818588256836,718000
1999-11-04,10.125,10.171875,9.875,10.0,8.992612838745117,676400
1999-11-05,10.0625,10.1875,9.90625,10.109375,9.09096622467041,920000
1999-11-08,10.078125,10.171875,9.984375,10.015625,9.00666332244873,541600
1999-11-09,9.984375,10.03125,9.875,9.90625,8.908308982849121,591200
1999-11-10,9.90625,10.0625,9.625,9.75,8.767796516418457,820000
1999-11-11,9.765625,9.8125,9.59375,9.75,8.767796516418457,472400
1999-11-12,9.875,9.90625,9.703125,9.828125,8.838051795959473,1055600
1999-11-15,9.796875,9.8125,9.703125,9.75,8.767796516418457,306000
1999-11-16,9.71875,9.828125,9.71875,9.8125,8.82400131225586,438400
1999-11-17,9.71875,9.71875,9.515625,9.5625,8.599187850952148,600400
1999-11-18,9.578125,9.578125,9.265625,9.515625,8.55703067779541,874800
1999-11-19,9.453125,9.453125,9.0625,9.3125,8.374371528625488,1172800
1999-11-22,9.265625,9.53125,9.140625,9.390625,8.444625854492188,858400
1999-11-23,9.421875,9.75,9.390625,9.71875,8.73969554901123,1594400
1999-11-24,9.71875,9.71875,9.515625,9.515625,8.55703067779541,700400
1999-11-26,9.515625,9.53125,9.40625,9.40625,8.458674430847168,112400
1999-11-29,9.21875,9.328125,9.15625,9.28125,8.346267700195312,1582400
1999-11-30,9.28125,9.578125,9.28125,9.5,8.54298210144043,791200
1999-12-01,9.484375,9.640625,9.234375,9.265625,8.3322172164917,1149200
1999-12-02,9.296875,9.34375,9.15625,9.25,8.318166732788086,621200
1999-12-03,9.28125,9.40625,9.234375,9.28125,8.346267700195312,648800
1999-12-06,9.15625,9.171875,9.015625,9.078125,8.163605690002441,744800
1999-12-07,9.125,9.25,9.09375,9.15625,8.233861923217773,1806800
1999-12-08,9.25,9.46875,8.78125,8.8125,7.924737453460693,1200400
1999-12-09,8.84375,9.0,8.5625,8.71875,7.840435981750488,952400
1999-12-10,8.8125,8.96875,8.796875,8.921875,8.023096084594727,696800
1999-12-13,8.8125,9.25,8.8125,8.90625,8.009045600891113,1190000
1999-12-14,8.8125,9.0625,8.625,8.828125,7.938791751861572,4164000
1999-12-15,8.828125,8.828125,8.640625,8.765625,7.882589340209961,536800
1999-12-16,8.796875,8.8125,8.34375,8.59375,7.728028297424316,957600
1999-12-17,8.59375,8.8125,8.34375,8.390625,7.5453643798828125,976800
1999-12-20,8.390625,8.515625,8.375,8.4375,7.587517261505127,1290400
1999-12-21,8.46875,8.5625,8.296875,8.53125,7.671825408935547,933600
1999-12-22,8.546875,8.59375,8.421875,8.453125,7.601569175720215,612800
1999-12-23,8.515625,8.9375,8.515625,8.84375,7.952841758728027,1100000
1999-12-27,8.890625,8.984375,8.796875,8.890625,7.994994163513184,744400
1999-12-28,8.765625,8.890625,8.6875,8.765625,7.882589340209961,1530800
1999-12-29,8.796875,8.828125,8.75,8.78125,7.896640777587891,572800
1999-12-30,8.796875,8.984375,8.78125,8.8125,7.924737453460693,1106000
1999-12-31,8.8125,8.84375,8.671875,8.78125,7.896640777587891,660800
2000-01-03,8.875,9.0,8.75,8.75,7.868537425994873,900400
2000-01-04,8.796875,8.84375,8.625,8.640625,7.770177841186523,892000
2000-01-05,8.703125,8.75,8.515625,8.6875,7.8123321533203125,1016800
2000-01-06,8.6875,8.765625,8.53125,8.695313453674316,7.819358825683594,1045200
2000-01-07,8.765625,9.078125,8.6875,9.015625,8.107401847839355,1304800
2000-01-10,9.078125,9.21875,8.8125,8.859375,7.966893196105957,1474800
2000-01-11,8.96875,9.109375,8.859375,8.859375,7.966893196105957,1962800
2000-01-12,8.921875,9.0,8.59375,8.609375,7.742079734802246,1040400
2000-01-13,8.515625,8.703125,8.46875,8.59375,7.728028297424316,1389600
2000-01-14,8.625,8.703125,8.5,8.546875,7.685873508453369,1209200
2000-01-18,8.578125,8.609375,8.53125,8.53125,7.671825408935547,765600
2000-01-19,8.515625,8.5625,8.3125,8.328125,7.489159107208252,941200
2000-01-20,8.34375,8.421875,8.078125,8.125,7.306499481201172,1241600
2000-01-21,8.0,8.140625,7.796875,7.953125,7.151937007904053,1471600
2000-01-24,7.96875,8.0,7.53125,7.53125,6.772562503814697,1567200
2000-01-25,7.59375,7.734375,7.578125,7.625,6.856868267059326,938000
2000-01-26,7.625,8.1875,7.578125,8.0625,7.250293731689453,1780000
2000-01-27,8.09375,8.09375,7.9375,7.96875,7.165987491607666,959200
2000-01-28,8.015625,8.21875,8.0,8.15625,7.334600448608398,824000
2000-01-31,8.125,8.171875,7.96875,7.96875,7.165987491607666,1047200
2000-02-01,7.46875,8.171875,7.375,7.9375,7.1378865242004395,3467600
2000-02-02,7.90625,8.03125,7.734375,7.953125,7.151937007904053,1629600
2000-02-03,7.84375,7.890625,7.71875,7.78125,6.997379302978516,1693200
2000-02-04,7.765625,7.796875,7.671875,7.671875,6.899020195007324,942400
2000-02-07,7.609375,7.75,7.546875,7.59375,6.828765869140625,1138800
2000-02-08,7.59375,7.59375,7.453125,7.515625,6.758511543273926,1420400
2000-02-09,7.5,7.5,7.390625,7.390625,6.646103382110596,782800
2000-02-10,7.484375,7.546875,7.296875,7.453125,6.702305793762207,1642800
2000-02-11,7.40625,7.453125,7.296875,7.296875,6.56179666519165,482400
2000-02-14,7.28125,7.296875,6.765625,6.828125,6.140268325805664,1692000
2000-02-15,6.875,7.0,6.75,6.921875,6.224574089050293,1457200
2000-02-16,6.921875,7.046875,6.859375,6.953125,6.252676486968994,1769200
2000-02-17,6.984375,7.140625,6.953125,7.09375,6.3791351318359375,1376800
2000-02-18,7.140625,7.171875,6.9375,7.03125,6.322931289672852,898000
2000-02-22,7.03125,7.03125,6.8125,6.859375,6.168370723724365,1195200
2000-02-23,6.890625,6.890625,6.765625,6.78125,6.09811544418335,1871600
2000-02-24,6.796875,6.828125,6.65625,6.8125,6.126217365264893,713200
2000-02-25,6.75,6.765625,6.625,6.65625,5.985708236694336,616000
2000-02-28,6.625,6.890625,6.625,6.765625,6.084064960479736,621600
2000-02-29,6.828125,6.828125,6.53125,6.625,5.957607269287109,987600
2000-03-01,6.6875,6.84375,6.65625,6.671875,5.999759674072266,907200
2000-03-02,6.640625,6.671875,6.5,6.53125,5.873300552368164,638800
2000-03-03,6.546875,6.828125,6.46875,6.796875,6.1121673583984375,1117600
2000-03-06,6.734375,6.75,6.40625,6.515625,5.859249114990234,1013200
2000-03-07,6.546875,6.546875,6.3125,6.375,5.732790470123291,880000
2000-03-08,6.4375,6.75,6.4375,6.6875,6.013808727264404,1961600
2000-03-09,6.5625,6.78125,6.375,6.5,5.845199108123779,1833200
2000-03-10,6.59375,6.859375,6.546875,6.71875,6.0419111251831055,888400
2000-03-13,6.71875,6.8125,6.5,6.765625,6.084064960479736,730400
2000-03-14,6.78125,6.84375,6.40625,6.484375,5.831148147583008,1840400
2000-03-15,6.53125,7.578125,6.53125,7.515625,6.758511543273926,2609600
2000-03-16,7.578125,8.3125,7.46875,8.125,7.306499481201172,2004800
2000-03-17,8.0625,8.15625,7.609375,7.671875,6.899020195007324,1437600
2000-03-20,7.25,7.65625,7.21875,7.5,6.744459629058838,2272000
2000-03-21,7.5,8.046875,7.46875,7.90625,7.109785079956055,1236400
2000-03-22,7.921875,7.921875,7.21875,7.234375,6.505593299865723,3377200
2000-03-23,7.234375,7.59375,7.140625,7.59375,6.828765869140625,1602000
2000-03-24,7.546875,7.765625,7.25,7.265625,6.533695220947266,2410000
2000-03-27,7.28125,7.453125,7.171875,7.234375,6.505593299865723,701600
2000-03-28,7.28125,7.5,7.28125,7.4375,6.688257217407227,1496800
2000-03-29,7.46875,7.609375,7.25,7.3125,6.5758490562438965,1274800
2000-03-30,7.375,7.375,7.1875,7.203125,6.47749137878418,1140000
2000-03-31,7.1875,7.546875,7.171875,7.515625,6.758511543273926,1852000
2000-04-03,7.5,7.53125,7.1875,7.25,6.519644737243652,1118800
2000-04-04,7.3125,7.453125,7.015625,7.25,6.519644737243652,1284000
2000-04-05,7.265625,7.875,7.25,7.75,6.969274520874023,1430000
2000-04-06,7.71875,7.84375,7.6875,7.71875,6.941174030303955,573200
2000-04-07,7.65625,7.734375,7.40625,7.484375,6.730408668518066,562800
2000-04-10,7.5,7.6875,7.5,7.59375,6.828765869140625,758800
2000-04-11,7.65625,7.875,7.625,7.84375,7.053581237792969,862400
2000-04-12,7.90625,7.96875,7.75,7.84375,7.053581237792969,886000
2000-04-13,7.90625,7.90625,7.78125,7.796875,7.011427879333496,1628400
2000-04-14,7.75,7.765625,7.234375,7.40625,6.660154342651367,1247600
2000-04-17,7.3125,7.359375,7.125,7.234375,6.505593299865723,1144000
2000-04-18,7.234375,7.5,7.21875,7.4375,6.688257217407227,961600
2000-04-19,7.34375,7.734375,7.234375,7.609375,6.842816352844238,1197200
2000-04-20,7.609375,7.609375,7.28125,7.4375,6.688257217407227,699200
2000-04-24,7.4375,7.4375,7.03125,7.109375,6.393185615539551,994800
2000-04-25,7.15625,7.4375,7.15625,7.4375,6.688257217407227,583600
2000-04-26,7.4375,7.4375,7.15625,7.234375,6.505593299865723,1038000
2000-04-27,7.1875,7.234375,7.0625,7.1875,6.463441848754883,564000
2000-04-28,7.1875,7.25,7.046875,7.1875,6.463441848754883,638000
2000-05-01,7.171875,7.5625,7.15625,7.46875,6.7163591384887695,820400
2000-05-02,7.4375,7.515625,7.203125,7.3125,6.5758490562438965,627200
2000-05-03,7.328125,7.328125,7.203125,7.21875,6.491543292999268,570000
2000-05-04,7.375,7.453125,7.34375,7.421875,6.6742048263549805,692800
2000-05-05,7.421875,7.6875,7.40625,7.53125,6.772562503814697,741200
2000-05-08,7.59375,7.8125,7.515625,7.75,6.969274520874023,778800
2000-05-09,7.765625,7.796875,7.359375,7.5625,6.800662994384766,903200
2000-05-10,7.515625,7.640625,7.3125,7.375,6.632051944732666,670400
2000-05-11,7.375,7.53125,7.375,7.453125,6.702305793762207,817200
2000-05-12,7.4375,7.484375,7.125,7.1875,6.463441848754883,1062400
2000-05-15,7.203125,7.375,7.125,7.296875,6.56179666519165,599600
2000-05-16,7.25,7.453125,7.1875,7.453125,6.702305793762207,1046400
2000-05-17,7.390625,7.71875,7.375,7.53125,6.772562503814697,688000
2000-05-18,7.5,7.515625,7.1875,7.265625,6.533695220947266,513600
2000-05-19,7.25,7.25,7.15625,7.15625,6.435338973999023,407600
2000-05-22,7.15625,7.203125,6.984375,6.984375,6.280777454376221,772400
2000-05-23,6.984375,7.171875,6.984375,7.140625,6.421288013458252,624400
2000-05-24,8.0,8.015625,7.375,7.5,6.744459629058838,3803600
2000-05-25,7.53125,7.6875,7.53125,7.609375,6.842816352844238,1075200
2000-05-26,7.609375,7.609375,7.515625,7.515625,6.758511543273926,584000
2000-05-30,7.53125,7.828125,7.53125,7.78125,6.997379302978516,850800
2000-05-31,7.78125,7.8125,7.765625,7.78125,6.997379302978516,764400
2000-06-01,7.8125,7.984375,7.796875,7.984375,7.180039405822754,485200
2000-06-02,8.28125,8.296875,7.03125,7.6875,6.913071155548096,4353200
2000-06-05,7.625,7.71875,7.40625,7.5,6.744459629058838,1676000
2000-06-06,7.5625,7.609375,7.265625,7.4375,6.688257217407227,1103200
2000-06-07,7.46875,7.625,7.3125,7.59375,6.828765869140625,1778400
2000-06-08,7.5625,7.734375,7.5,7.734375,6.955224514007568,639600
2000-06-09,7.703125,7.90625,7.6875,7.859375,7.067631244659424,936400
2000-06-12,7.875,7.875,7.34375,7.46875,6.7163591384887695,969600
2000-06-13,7.46875,7.46875,7.203125,7.34375,6.603950500488281,886400
2000-06-14,7.3125,7.4375,7.125,7.4375,6.688257217407227,984400
2000-06-15,7.3125,7.375,7.1875,7.25,6.519644737243652,1137200
2000-06-16,7.21875,7.234375,7.109375,7.203125,6.47749137878418,883600
2000-06-19,7.234375,7.296875,7.234375,7.25,6.519644737243652,531600
2000-06-20,7.3125,7.328125,7.203125,7.21875,6.491543292999268,1123600
2000-06-21,7.21875,7.21875,7.15625,7.171875,6.449390411376953,576000
2000-06-22,7.171875,7.171875,6.9375,6.953125,6.252676486968994,1477600
2000-06-23,6.96875,6.984375,6.828125,6.96875,6.266727924346924,666400
2000-06-26,6.984375,6.984375,6.78125,6.8125,6.126217365264893,499200
2000-06-27,6.8125,7.046875,6.8125,6.9375,6.2386250495910645,1252800
2000-06-28,6.984375,7.0625,6.890625,7.046875,6.336981296539307,979600
2000-06-29,6.6875,6.90625,6.609375,6.640625,5.971656799316406,2548000
2000-06-30,6.703125,7.125,6.640625,6.78125,6.09811544418335,1870400
2000-07-03,6.796875,6.828125,6.71875,6.765625,6.084064960479736,238000
2000-07-05,6.9375,7.046875,6.765625,6.984375,6.280777454376221,1492800
2000-07-06,7.0,7.0,6.65625,6.953125,6.252676486968994,1957600
2000-07-07,7.0,7.0625,6.96875,7.0,6.294829845428467,513600
2000-07-10,7.015625,7.015625,6.8125,6.890625,6.19647216796875,1211200
2000-07-11,6.9375,6.953125,6.78125,6.78125,6.09811544418335,523600
2000-07-12,6.828125,7.234375,6.828125,7.171875,6.449390411376953,1070400
2000-07-13,7.1875,7.234375,7.046875,7.109375,6.393185615539551,405200
2000-07-14,6.625,7.03125,6.5625,6.875,6.1824212074279785,2677200
2000-07-17,6.9375,7.15625,6.90625,7.078125,6.365084171295166,669200
2000-07-18,7.078125,7.109375,6.875,7.015625,6.308879852294922,696000
2000-07-19,6.9375,6.9375,6.703125,6.734375,6.055963039398193,1103200
2000-07-20,6.78125,6.828125,6.6875,6.78125,6.09811544418335,596800
2000-07-21,6.734375,6.90625,6.65625,6.875,6.1824212074279785,931200
2000-07-24,6.859375,7.0625,6.859375,6.921875,6.224574089050293,841600
2000-07-25,6.953125,7.046875,6.875,6.875,6.1824212074279785,626800
2000-07-26,6.875,7.1875,6.8125,7.140625,6.421288013458252,1017200
2000-07-27,7.171875,7.21875,6.9375,6.9375,6.2386250495910645,551600
2000-07-28,6.890625,6.921875,6.640625,6.703125,6.027862071990967,897600
2000-07-31,6.734375,6.90625,6.734375,6.859375,6.168370723724365,744400
2000-08-01,6.90625,6.96875,6.875,6.921875,6.224574089050293,622000
2000-08-02,6.96875,7.03125,6.953125,6.953125,6.252676486968994,857200
2000-08-03,7.0,7.09375,6.984375,6.984375,6.280777454376221,767200
2000-08-04,6.796875,6.984375,6.796875,6.984375,6.280777454376221,687600
2000-08-07,6.96875,7.03125,6.953125,7.015625,6.308879852294922,353600
2000-08-08,7.078125,7.125,6.984375,7.0625,6.3510332107543945,1265600
2000-08-09,7.03125,7.078125,6.890625,6.921875,6.224574089050293,898000
2000-08-10,6.9375,6.96875,6.828125,6.921875,6.224574089050293,802800
2000-08-11,6.890625,6.9375,6.796875,6.9375,6.2386250495910645,819200
2000-08-14,6.9375,6.9375,6.84375,6.859375,6.168370723724365,234800
2000-08-15,6.828125,6.828125,6.65625,6.8125,6.126217365264893,687600
2000-08-16,6.6875,6.75,6.578125,6.75,6.070013523101807,370000
2000-08-17,6.734375,6.734375,6.46875,6.609375,5.943556785583496,849600
2000-08-18,6.65625,6.65625,6.515625,6.609375,5.943556785583496,552000
2000-08-21,6.625,6.671875,6.5625,6.578125,5.915453910827637,371200
2000-08-22,6.5625,6.578125,6.46875,6.5625,5.901402473449707,507200
2000-08-23,6.53125,6.53125,6.421875,6.46875,5.8170976638793945,550000
2000-08-24,6.40625,6.515625,6.359375,6.484375,5.831148147583008,670400
2000-08-25,6.53125,6.671875,6.46875,6.609375,5.943556785583496,822400
2000-08-28,6.546875,6.640625,6.4375,6.453125,5.803046703338623,342000
2000-08-29,6.390625,6.453125,6.375,6.453125,5.803046703338623,373600
2000-08-30,6.4375,6.4375,6.359375,6.40625,5.760892868041992,409200
2000-08-31,6.421875,6.546875,6.40625,6.5,5.845199108123779,384800
2000-09-01,6.515625,6.53125,6.453125,6.453125,5.803046703338623,451200
2000-09-05,6.46875,6.59375,6.453125,6.59375,5.92950439453125,338000
2000-09-06,6.59375,6.703125,6.59375,6.640625,5.971656799316406,396000
2000-09-07,6.59375,6.609375,6.4375,6.5,5.845199108123779,284000
2000-09-08,6.515625,6.578125,6.453125,6.5,5.845199108123779,661200
2000-09-11,6.5,6.5625,6.328125,6.359375,5.718740940093994,2989600
2000-09-12,6.375,6.390625,6.265625,6.34375,5.704689025878906,542000
2000-09-13,6.3125,6.453125,6.3125,6.421875,5.774943828582764,517200
2000-09-14,6.453125,6.46875,6.28125,6.34375,5.704689025878906,279600
2000-09-15,6.28125,6.390625,6.28125,6.390625,5.7468414306640625,625200
2000-09-18,6.359375,6.40625,6.125,6.1875,5.564178943634033,1566800
2000-09-19,6.1875,6.1875,5.921875,6.0625,5.451772689819336,1216800
2000-09-20,5.96875,6.046875,5.90625,5.984375,5.381516933441162,651200
2000-09-21,6.015625,6.109375,5.828125,5.953125,5.353414535522461,608000
2000-09-22,5.9375,6.0,5.78125,5.984375,5.381516933441162,745600
2000-09-25,6.015625,6.109375,5.984375,6.078125,5.465823173522949,1450800
2000-09-26,6.03125,6.046875,5.859375,5.90625,5.311262607574463,383600
2000-09-27,5.890625,5.984375,5.828125,5.90625,5.311262607574463,462000
2000-09-28,5.890625,6.0625,5.84375,6.0625,5.451772689819336,499200
2000-09-29,5.984375,6.015625,5.8125,6.0,5.395568370819092,890000
2000-10-02,5.96875,5.96875,5.828125,5.84375,5.2550578117370605,271200
2000-10-03,5.875,6.015625,5.875,5.96875,5.367466926574707,480800
2000-10-04,5.96875,6.25,5.96875,6.125,5.507975101470947,1278800
2000-10-05,6.1875,6.5,6.1875,6.34375,5.704689025878906,914400
2000-10-06,6.34375,6.390625,6.0,6.0625,5.451772689819336,937200
2000-10-09,6.078125,6.1875,6.0,6.171875,5.550128936767578,762400
2000-10-10,6.171875,6.265625,6.15625,6.15625,5.536077499389648,393600
2000-10-11,5.625,5.640625,5.296875,5.296875,4.763275623321533,2043200
2000-10-12,5.5,5.5,5.203125,5.34375,4.8054280281066895,1442800
2000-10-13,5.3125,5.40625,5.25,5.375,4.833530426025391,856000
2000-10-16,5.375,5.40625,5.15625,5.28125,4.749224662780762,428800
2000-10-17,5.28125,5.359375,5.0,5.25,4.721122741699219,1423200
2000-10-18,5.125,5.25,4.875,5.234375,4.707070350646973,2388400
2000-10-19,5.234375,5.515625,5.234375,5.5,4.945937633514404,1005200
2000-10-20,5.4375,5.453125,5.09375,5.1875,4.664918899536133,2907600
2000-10-23,5.203125,5.5,5.171875,5.453125,4.903784275054932,2096400
2000-10-24,5.46875,5.484375,5.40625,5.453125,4.903784275054932,1011600
2000-10-25,5.4375,5.5,5.375,5.421875,4.875682353973389,537600
2000-10-26,5.46875,5.734375,5.359375,5.578125,5.016191005706787,1216400
2000-10-27,5.5625,6.234375,5.53125,6.15625,5.536077499389648,2166800
2000-10-30,6.15625,6.5625,6.0625,6.515625,5.859249114990234,1111200
2000-10-31,6.515625,6.53125,6.453125,6.484375,5.831148147583008,673200
2000-11-01,6.546875,6.859375,6.53125,6.703125,6.027862071990967,695600
2000-11-02,6.703125,6.703125,6.515625,6.625,5.957607269287109,695200
2000-11-03,6.625,6.671875,6.484375,6.640625,5.971656799316406,531200
2000-11-06,6.671875,6.734375,6.609375,6.703125,6.027862071990967,631200
2000-11-07,6.671875,6.703125,6.359375,6.59375,5.92950439453125,616800
2000-11-08,6.59375,6.703125,6.53125,6.640625,5.971656799316406,598400
2000-11-09,6.640625,6.640625,6.546875,6.578125,5.915453910827637,971600
2000-11-10,6.5625,6.5625,6.390625,6.46875,5.8170976638793945,316800
2000-11-13,6.4375,6.8125,6.4375,6.78125,6.09811544418335,722000
2000-11-14,6.828125,6.90625,6.734375,6.796875,6.1121673583984375,634000
2000-11-15,6.828125,7.0,6.828125,6.984375,6.280777454376221,666400
2000-11-16,6.953125,6.953125,6.765625,6.875,6.1824212074279785,314000
2000-11-17,6.9375,7.15625,6.90625,7.15625,6.435338973999023,814000
2000-11-20,7.1875,7.25,7.1875,7.234375,6.505593299865723,1009200
2000-11-21,7.171875,7.28125,7.171875,7.25,6.519644737243652,564400
2000-11-22,7.234375,7.234375,7.0625,7.078125,6.365084171295166,726800
2000-11-24,7.125,7.25,7.125,7.25,6.519644737243652,218000
2000-11-27,7.25,7.25,7.09375,7.125,6.407236576080322,372400
2000-11-28,6.875,7.03125,6.84375,6.984375,6.280777454376221,798800
2000-11-29,7.0,7.078125,6.859375,7.03125,6.322931289672852,480400
2000-11-30,7.03125,7.046875,6.90625,6.984375,6.280777454376221,513200
2000-12-01,6.953125,7.0,6.90625,6.984375,6.280777454376221,274800
2000-12-04,6.9375,6.9375,6.703125,6.796875,6.1121673583984375,412400
2000-12-05,6.8125,7.140625,6.765625,7.140625,6.421288013458252,619200
2000-12-06,7.046875,7.125,6.84375,6.9375,6.2386250495910645,806800
2000-12-07,6.828125,6.828125,6.515625,6.546875,5.887350559234619,1554800
2000-12-08,6.546875,6.796875,6.53125,6.6875,6.013808727264404,1944800
2000-12-11,6.703125,7.21875,6.671875,7.203125,6.47749137878418,904000
2000-12-12,7.1875,7.25,6.96875,6.984375,6.280777454376221,559200
2000-12-13,6.984375,7.140625,6.828125,6.859375,6.168370723724365,532000
2000-12-14,6.84375,6.875,6.515625,6.515625,5.859249114990234,1507600
2000-12-15,6.4375,6.5,6.4375,6.46875,5.8170976638793945,931600
2000-12-18,6.46875,6.5,6.34375,6.4375,5.788994312286377,1045200
2000-12-19,6.40625,6.484375,6.390625,6.46875,5.8170976638793945,886000
2000-12-20,6.4375,6.4375,6.078125,6.28125,5.6484856605529785,913200
2000-12-21,6.25,6.484375,6.25,6.484375,5.831148147583008,645600
2000-12-22,6.46875,6.546875,6.421875,6.515625,5.859249114990234,457200
2000-12-26,6.5,6.59375,6.5,6.546875,5.887350559234619,441200
2000-12-27,6.515625,6.828125,6.515625,6.6875,6.013808727264404,407200
2000-12-28,6.6875,7.09375,6.6875,7.09375,6.3791351318359375,816800
2000-12-29,7.09375,7.9375,7.09375,7.4375,6.688257217407227,1756800
2001-01-02,7.375,7.46875,7.25,7.390625,6.646103382110596,656000
2001-01-03,7.359375,8.0,7.359375,7.984375,7.180039405822754,1371600
2001-01-04,7.90625,8.5,7.90625,8.5,7.643721580505371,2179600
2001-01-05,8.5,8.515625,8.328125,8.453125,7.601569175720215,1447200
2001-01-08,8.5,8.8125,8.359375,8.46875,7.615617752075195,1600400
2001-01-09,8.1875,8.1875,7.703125,7.734375,6.955224514007568,2403200
2001-01-10,7.71875,7.71875,7.53125,7.71875,6.941174030303955,936800
2001-01-11,7.734375,7.8125,7.484375,7.546875,6.786611557006836,826800
2001-01-12,7.546875,7.5625,7.3125,7.46875,6.7163591384887695,1048400
2001-01-16,7.484375,7.5,7.421875,7.5,6.744459629058838,465200
2001-01-17,7.46875,7.484375,7.328125,7.375,6.632051944732666,310800
2001-01-18,7.375,7.5,7.296875,7.453125,6.702305793762207,512800
2001-01-19,7.4375,7.5,7.40625,7.5,6.744459629058838,694800
2001-01-22,7.4375,7.609375,7.375,7.578125,6.814715385437012,498000
2001-01-23,7.578125,8.046875,7.53125,8.046875,7.236243724822998,1103200
2001-01-24,8.015625,8.09375,7.625,7.625,6.856868267059326,474000
2001-01-25,7.59375,7.984375,7.59375,7.890625,7.095734119415283,412800
2001-01-26,7.640625,7.796875,7.578125,7.59375,6.828765869140625,682000
2001-01-29,7.599999904632568,7.829999923706055,7.590000152587891,7.800000190734863,7.0142364501953125,500400
2001-01-30,7.837500095367432,7.949999809265137,7.762499809265137,7.949999809265137,7.14912748336792,333200
2001-01-31,7.9375,8.149999618530273,7.9375,8.085000038146973,7.270528316497803,614400
2001-02-01,8.074999809265137,8.087499618530273,7.900000095367432,7.994999885559082,7.189594745635986,342800
2001-02-02,7.994999885559082,8.157500267028809,7.974999904632568,8.074999809265137,7.261534214019775,520400
2001-02-05,8.112500190734863,8.25,8.095000267028809,8.220000267028809,7.391927719116211,471200
2001-02-06,8.1875,8.412500381469727,8.1875,8.327500343322754,7.488598823547363,597600
2001-02-07,8.274999618530273,8.322500228881836,8.25,8.289999961853027,7.454875946044922,297600
2001-02-08,8.237500190734863,8.25,7.987500190734863,8.119999885559082,7.302000999450684,352400
2001-02-09,8.100000381469727,8.100000381469727,7.914999961853027,7.965000152587891,7.162616729736328,283200
2001-02-12,7.925000190734863,8.072500228881836,7.917500019073486,7.974999904632568,7.171610355377197,283200
2001-02-13,7.974999904632568,7.987500190734863,7.909999847412109,7.962500095367432,7.160367965698242,244400
2001-02-14,7.960000038146973,7.960000038146973,7.912499904632568,7.932499885559082,7.1333909034729,281200
2001-02-15,7.900000095367432,7.912499904632568,7.724999904632568,7.800000190734863,7.0142364501953125,1098000
2001-02-16,7.75,7.762499809265137,7.537499904632568,7.614999771118164,6.847874641418457,680000
2001-02-20,7.612500190734863,7.635000228881836,7.247499942779541,7.25,6.519644737243652,889600
2001-02-21,7.287499904632568,7.372499942779541,7.25,7.28000020980835,6.546621322631836,752800
2001-02-22,7.277500152587891,7.277500152587891,7.099999904632568,7.212500095367432,6.485921859741211,1023600
2001-02-23,7.212500095367432,7.212500095367432,7.014999866485596,7.125,6.407236576080322,530400
2001-02-26,7.112500190734863,7.400000095367432,7.112500190734863,7.397500038146973,6.652285575866699,566000
2001-02-27,7.387499809265137,7.387499809265137,7.1875,7.255000114440918,6.524140357971191,411600
2001-02-28,7.255000114440918,7.349999904632568,7.034999847412109,7.144999980926514,6.425222396850586,556400
2001-03-01,7.025000095367432,7.027500152587891,6.599999904632568,6.824999809265137,6.137458801269531,1275200
2001-03-02,6.775000095367432,7.097499847412109,6.75,7.059999942779541,6.348784923553467,624000
2001-03-05,7.059999942779541,7.059999942779541,6.912499904632568,6.965000152587891,6.263355255126953,1010800
2001-03-06,6.987500190734863,7.025000095367432,6.862500190734863,7.025000095367432,6.3173112869262695,1748800
2001-03-07,7.0,7.0625,6.900000095367432,7.059999942779541,6.348784923553467,585600
2001-03-08,7.059999942779541,7.25,7.054999828338623,7.212500095367432,6.485921859741211,712800
2001-03-09,7.162499904632568,7.162499904632568,7.0625,7.112500190734863,6.39599609375,601200
2001-03-12,7.074999809265137,7.122499942779541,7.0,7.0,6.294829845428467,607200
2001-03-13,6.875,7.09499979019165,6.862500190734863,7.09499979019165,6.380259037017822,1092000
2001-03-14,7.03249979019165,7.03249979019165,6.849999904632568,6.9375,6.2386250495910645,1005200
2001-03-15,6.875,6.962500095367432,6.875,6.900000095367432,6.204904079437256,375600
2001-03-16,6.837500095367432,6.862500190734863,6.662499904632568,6.672500133514404,6.000320911407471,951600
2001-03-19,6.672500133514404,6.6875,6.412499904632568,6.4375,5.788994312286377,1908000
2001-03-20,6.5,6.537499904632568,6.474999904632568,6.489999771118164,5.836206912994385,1131200
2001-03-21,6.4375,6.5,6.324999809265137,6.369999885559082,5.7282938957214355,527600
2001-03-22,6.375,6.375,6.099999904632568,6.262499809265137,5.631624221801758,522800
2001-03-23,6.324999809265137,6.387499809265137,6.287499904632568,6.387499809265137,5.7440314292907715,855600
2001-03-26,6.337500095367432,6.627500057220459,6.335000038146973,6.574999809265137,5.9126434326171875,1237600
2001-03-27,6.625,6.625,6.425000190734863,6.537499904632568,5.878920078277588,797200
2001-03-28,6.537499904632568,6.537499904632568,6.349999904632568,6.454999923706055,5.804732322692871,340400
2001-03-29,6.454999923706055,6.565000057220459,6.307499885559082,6.362500190734863,5.721550941467285,503200
2001-03-30,6.3125,6.46750020980835,6.3125,6.425000190734863,5.777754306793213,556000
2001-04-02,6.425000190734863,6.462500095367432,6.260000228881836,6.3125,5.676586627960205,969600
2001-04-03,6.275000095367432,6.295000076293945,6.1875,6.277500152587891,5.645112991333008,847200
2001-04-04,6.277500152587891,6.400000095367432,6.224999904632568,6.372499942779541,5.7305426597595215,720000
2001-04-05,6.425000190734863,6.5,6.362500190734863,6.487500190734863,5.833958625793457,459200
2001-04-06,6.4375,6.4375,6.239999771118164,6.275000095367432,5.642863750457764,561200
2001-04-09,6.287499904632568,6.402500152587891,6.150000095367432,6.255000114440918,5.624881267547607,740000
2001-04-10,6.275000095367432,6.632500171661377,6.25,6.552499771118164,5.892409801483154,502400
2001-04-11,6.599999904632568,6.599999904632568,6.387499809265137,6.525000095367432,5.867680072784424,408000
2001-04-12,6.5,6.574999809265137,6.349999904632568,6.512499809265137,5.856439590454102,430800
2001-04-16,6.550000190734863,6.599999904632568,6.462500095367432,6.53000020980835,5.872176647186279,430000
2001-04-17,6.550000190734863,6.662499904632568,6.507500171661377,6.637499809265137,5.968847274780273,399200
2001-04-18,6.71750020980835,7.047500133514404,6.675000190734863,6.775000095367432,6.092496871948242,730800
2001-04-19,6.925000190734863,7.050000190734863,6.662499904632568,6.997499942779541,6.292581081390381,916400
2001-04-20,6.974999904632568,6.974999904632568,6.699999809265137,6.84250020980835,6.153195858001709,302400
2001-04-23,6.78000020980835,6.800000190734863,6.650000095367432,6.75,6.070013523101807,1098400
2001-04-24,6.737500190734863,6.742499828338623,6.675000190734863,6.704999923706055,6.029548168182373,426400
2001-04-25,6.704999923706055,6.8125,6.690000057220459,6.747499942779541,6.067765712738037,617200
2001-04-26,6.737500190734863,6.974999904632568,6.71750020980835,6.875,6.1824212074279785,1072400
2001-04-27,6.877500057220459,7.125,6.877500057220459,7.072500228881836,6.360025405883789,540800
2001-04-30,7.072500228881836,7.230000019073486,7.037499904632568,7.037499904632568,6.328551769256592,572800
2001-05-01,7.039999961853027,7.039999961853027,6.977499961853027,6.985000133514404,6.2813401222229,432800
2001-05-02,6.985000133514404,7.077499866485596,6.949999809265137,7.047500133514404,6.337544918060303,478800
2001-05-03,7.050000190734863,7.130000114440918,6.864999771118164,7.099999904632568,6.384754657745361,353600
2001-05-04,7.099999904632568,7.15749979019165,7.0,7.15500020980835,6.4342145919799805,534800
2001-05-07,7.15500020980835,7.349999904632568,7.150000095367432,7.25,6.519644737243652,622000
2001-05-08,7.212500095367432,7.25,7.050000190734863,7.175000190734863,6.452200889587402,502000
2001-05-09,7.224999904632568,7.362500190734863,7.15749979019165,7.162499904632568,6.4409589767456055,259200
2001-05-10,7.25,7.25,7.130000114440918,7.192500114440918,6.46793794631958,187600
2001-05-11,7.195000171661377,7.195000171661377,7.022500038146973,7.117499828338623,6.400493621826172,311200
2001-05-14,7.114999771118164,7.15500020980835,7.0625,7.142499923706055,6.422972679138184,147200
2001-05-15,7.142499923706055,7.142499923706055,6.787499904632568,6.872499942779541,6.180172920227051,1004800
2001-05-16,6.875,7.0,6.862500190734863,6.985000133514404,6.2813401222229,413600
2001-05-17,7.025000095367432,7.175000190734863,7.022500038146973,7.175000190734863,6.452200889587402,609200
2001-05-18,7.125,7.244999885559082,7.119999885559082,7.150000095367432,6.429718971252441,263200
2001-05-21,7.175000190734863,7.224999904632568,7.15749979019165,7.197500228881836,6.4724345207214355,193600
2001-05-22,7.197500228881836,7.375,7.164999961853027,7.367499828338623,6.625306606292725,629200
2001-05-23,7.369999885559082,7.375,7.1875,7.21999979019165,6.492666244506836,358400
2001-05-24,7.162499904632568,7.21999979019165,7.0625,7.150000095367432,6.429718971252441,246400
2001-05-25,7.150000095367432,7.199999809265137,7.090000152587891,7.192500114440918,6.46793794631958,262000
2001-05-29,7.175000190734863,7.275000095367432,7.045000076293945,7.224999904632568,6.497162342071533,299600
2001-05-30,7.227499961853027,7.227499961853027,7.065000057220459,7.107500076293945,6.391499996185303,214000
2001-05-31,7.150000095367432,7.212500095367432,7.074999809265137,7.182499885559082,6.458944797515869,270000
2001-06-01,7.150000095367432,7.150000095367432,6.989999771118164,7.005000114440918,6.299327373504639,477600
2001-06-04,6.974999904632568,7.050000190734863,6.974999904632568,7.022500038146973,6.315062999725342,178000
2001-06-05,7.0,7.090000152587891,6.925000190734863,7.065000057220459,6.353280544281006,648800
2001-06-06,7.050000190734863,7.067500114440918,7.002500057220459,7.005000114440918,6.299327373504639,232400
2001-06-07,6.962500095367432,7.025000095367432,6.962500095367432,6.987500190734863,6.283587455749512,384400
2001-06-08,6.987500190734863,7.057499885559082,6.962500095367432,6.994999885559082,6.2903337478637695,445200
2001-06-11,6.974999904632568,7.012499809265137,6.972499847412109,6.972499847412109,6.27009916305542,300800
2001-06-12,6.9375,6.949999809265137,6.789999961853027,6.824999809265137,6.137458801269531,281200
2001-06-13,6.8125,6.952499866485596,6.8125,6.927499771118164,6.2296319007873535,178400
2001-06-14,6.917500019073486,6.920000076293945,6.872499942779541,6.872499942779541,6.180172920227051,451600
2001-06-15,6.8125,6.862500190734863,6.704999923706055,6.704999923706055,6.029548168182373,438000
2001-06-18,6.762499809265137,6.822500228881836,6.699999809265137,6.789999961853027,6.105984687805176,255200
2001-06-19,6.762499809265137,6.775000095367432,6.635000228881836,6.664999961853027,5.993576526641846,415200
2001-06-20,6.612500190734863,6.612500190734863,6.5,6.539999961853027,5.881169319152832,546400
2001-06-21,6.5,6.632500171661377,6.487500190734863,6.574999809265137,5.9126434326171875,540400
2001-06-22,6.574999809265137,6.65749979019165,6.512499809265137,6.610000133514404,5.944117069244385,275600
2001-06-25,6.9375,6.9375,6.449999809265137,6.457499980926514,5.806980133056641,1088000
2001-06-26,6.349999904632568,6.590000152587891,6.349999904632568,6.565000057220459,5.903650760650635,476000
2001-06-27,6.567500114440918,6.887499809265137,6.567500114440918,6.864999771118164,6.173429489135742,589600
2001-06-28,6.864999771118164,7.037499904632568,6.860000133514404,6.954999923706055,6.254363536834717,714800
2001-06-29,6.9375,7.224999904632568,6.922500133514404,7.224999904632568,6.497162342071533,622800
2001-07-02,7.162499904632568,7.262499809265137,7.099999904632568,7.199999809265137,6.4746809005737305,598800
2001-07-03,7.1875,7.235000133514404,7.139999866485596,7.170000076293945,6.447703838348389,203600
2001-07-05,7.137499809265137,7.175000190734863,7.074999809265137,7.162499904632568,6.4409589767456055,268000
2001-07-06,7.162499904632568,7.162499904632568,7.03249979019165,7.050000190734863,6.339792251586914,342000
2001-07-09,7.050000190734863,7.25,7.037499904632568,7.150000095367432,6.429718971252441,350800
2001-07-10,7.275000095367432,7.452499866485596,7.262499809265137,7.324999809265137,6.587090015411377,970800
2001-07-11,7.3125,7.400000095367432,7.275000095367432,7.349999904632568,6.609571933746338,612800
2001-07-12,7.355000019073486,7.497499942779541,7.329999923706055,7.494999885559082,6.739963054656982,746800
2001-07-13,7.462500095367432,7.682499885559082,7.4375,7.682499885559082,6.908575534820557,502800
2001-07-16,7.682499885559082,7.875,7.682499885559082,7.827499866485596,7.038968563079834,1522800
2001-07-17,7.827499866485596,7.875,7.8125,7.829999923706055,7.041215896606445,907200
2001-07-18,7.8125,7.827499866485596,7.630000114440918,7.652500152587891,6.881598949432373,1230000
2001-07-19,7.699999809265137,7.90749979019165,7.675000190734863,7.699999809265137,6.924312591552734,1346400
2001-07-20,7.699999809265137,8.024999618530273,7.679999828338623,7.887499809265137,7.092924118041992,1033200
2001-07-23,7.949999809265137,8.100000381469727,7.760000228881836,7.787499904632568,7.002997398376465,878000
2001-07-24,7.795000076293945,7.96750020980835,7.659999847412109,7.695000171661377,6.919816493988037,1036800
2001-07-25,7.650000095367432,7.8125,7.622499942779541,7.699999809265137,6.924312591552734,494000
2001-07-26,7.699999809265137,7.75,7.619999885559082,7.71750020980835,6.940048694610596,378000
2001-07-27,7.737500190734863,7.78249979019165,7.625,7.659999847412109,6.88834285736084,605200
2001-07-30,7.6875,7.787499904632568,7.599999904632568,7.644999980926514,6.874853610992432,343200
2001-07-31,7.644999980926514,7.954999923706055,7.644999980926514,7.909999847412109,7.113157749176025,690000
2001-08-01,7.912499904632568,8.125,7.900000095367432,8.037500381469727,7.227813243865967,586400
2001-08-02,8.037500381469727,8.050000190734863,7.9375,8.015000343322754,7.207580089569092,605200
2001-08-03,8.024999618530273,8.024999618530273,7.912499904632568,7.954999923706055,7.153623580932617,380000
2001-08-06,7.974999904632568,8.037500381469727,7.90500020980835,8.0,7.194089889526367,388000
2001-08-07,8.0,8.0,7.912499904632568,7.960000038146973,7.158120632171631,253200
2001-08-08,8.0,8.0649995803833,7.974999904632568,8.024999618530273,7.21657133102417,495600
2001-08-09,8.037500381469727,8.050000190734863,7.989999771118164,8.02750015258789,7.218821048736572,577600
2001-08-10,8.02750015258789,8.1875,7.977499961853027,8.119999885559082,7.302000999450684,633200
2001-08-13,8.112500190734863,8.119999885559082,8.0,8.100000381469727,7.2840166091918945,390800
2001-08-14,8.112500190734863,8.300000190734863,8.087499618530273,8.192500114440918,7.367198467254639,627600
2001-08-15,8.1875,8.272500038146973,8.15250015258789,8.25,7.418904781341553,518000
2001-08-16,8.2524995803833,8.414999961853027,8.25,8.387499809265137,7.542555332183838,444800
2001-08-17,8.350000381469727,8.350000381469727,8.225000381469727,8.25,7.418904781341553,529600
2001-08-20,8.162500381469727,8.162500381469727,8.024999618530273,8.055000305175781,7.24354887008667,748400
2001-08-21,8.074999809265137,8.087499618530273,7.962500095367432,7.994999885559082,7.189594745635986,832400
2001-08-22,8.005000114440918,8.149999618530273,7.987500190734863,8.104999542236328,7.288511753082275,533200
2001-08-23,8.100000381469727,8.162500381469727,8.095000267028809,8.100000381469727,7.2840166091918945,222400
2001-08-24,8.100000381469727,8.28499984741211,8.024999618530273,8.2524995803833,7.421153545379639,588800
2001-08-27,8.237500190734863,8.237500190734863,8.125,8.125,7.306499481201172,228800
2001-08-28,8.175000190734863,8.3774995803833,8.0600004196167,8.092499732971191,7.277271747589111,1002800
2001-08-29,8.092499732971191,8.117500305175781,7.992499828338623,8.017499923706055,7.209827899932861,576400
2001-08-30,7.987500190734863,8.09749984741211,7.9375,8.047499656677246,7.2368059158325195,481200
2001-08-31,8.024999618530273,8.210000038146973,7.920000076293945,8.15999984741211,7.337973117828369,318800
2001-09-04,8.149999618530273,8.204999923706055,8.100000381469727,8.135000228881836,7.315489768981934,451600
2001-09-05,8.125,8.135000228881836,7.989999771118164,8.082500457763672,7.268280029296875,608800
2001-09-06,7.949999809265137,8.0,7.849999904632568,7.894999980926514,7.099668502807617,935200
2001-09-07,7.875,7.875,7.545000076293945,7.650000095367432,6.8793487548828125,2224000
2001-09-10,7.599999904632568,7.650000095367432,7.474999904632568,7.587500095367432,6.823146343231201,691200
2001-09-17,5.5625,5.75,5.212500095367432,5.420000076293945,4.873995780944824,4160000
2001-09-18,5.537499904632568,5.612500190734863,5.0625,5.300000190734863,4.766086101531982,2839200
2001-09-19,5.362500190734863,5.387499809265137,4.9375,5.164999961853027,4.644684314727783,1354000
2001-09-20,5.0,5.0,4.699999809265137,4.775000095367432,4.293972492218018,2292000
2001-09-21,4.550000190734863,4.6875,4.425000190734863,4.519999980926514,4.064661026000977,1707600
2001-09-24,4.675000190734863,4.862500190734863,4.625,4.712500095367432,4.237768650054932,2326400
2001-09-25,4.71999979019165,4.722499847412109,4.502500057220459,4.534999847412109,4.078149318695068,2285200
2001-09-26,4.53249979019165,4.53249979019165,4.4375,4.449999809265137,4.001713275909424,802400
2001-09-27,4.487500190734863,4.487500190734863,4.349999904632568,4.425000190734863,3.9792308807373047,1656000
2001-09-28,4.487500190734863,4.992499828338623,4.445000171661377,4.992499828338623,4.489562034606934,2236000
2001-10-01,4.992499828338623,5.037499904632568,4.872499942779541,4.949999809265137,4.451344013214111,1348800
2001-10-02,5.025000095367432,5.349999904632568,5.025000095367432,5.289999961853027,4.757091999053955,1854800
2001-10-03,5.300000190734863,5.775000095367432,5.300000190734863,5.75,5.17075252532959,1501600
2001-10-04,5.775000095367432,5.974999904632568,5.559999942779541,5.617499828338623,5.051600456237793,1334400
2001-10-05,5.599999904632568,5.712500095367432,5.362500190734863,5.4375,4.889733791351318,677200
2001-10-08,5.440000057220459,5.482500076293945,5.150000095367432,5.292500019073486,4.759340286254883,705200
2001-10-09,5.292500019073486,5.304999828338623,5.162499904632568,5.224999904632568,4.6986403465271,392000
2001-10-10,5.224999904632568,5.487500190734863,5.224999904632568,5.477499961853027,4.9257049560546875,868800
2001-10-11,5.5625,5.760000228881836,5.557499885559082,5.735000133514404,5.157264232635498,826400
2001-10-12,5.75,5.75,5.25,5.25,4.721122741699219,1713200
2001-10-15,5.300000190734863,5.412499904632568,5.25,5.362500190734863,4.822288990020752,1170400
2001-10-16,5.380000114440918,5.460000038146973,5.300000190734863,5.402500152587891,4.858259677886963,395600
2001-10-17,5.412499904632568,5.425000190734863,4.974999904632568,5.019999980926514,4.514292240142822,854000
2001-10-18,5.25,5.25,4.815000057220459,4.927499771118164,4.43110990524292,1246400
2001-10-19,5.137499809265137,5.179999828338623,4.949999809265137,5.117499828338623,4.601968765258789,3152800
2001-10-22,5.137499809265137,5.525000095367432,5.137499809265137,5.46750020980835,4.916709899902344,1158800
2001-10-23,5.502500057220459,5.912499904632568,5.502500057220459,5.875,5.2831597328186035,2724400
2001-10-24,5.875,5.949999809265137,5.722499847412109,5.775000095367432,5.193233966827393,1856000
2001-10-25,5.762499809265137,5.822500228881836,5.712500095367432,5.787499904632568,5.204473495483398,1952400
2001-10-26,5.800000190734863,5.994999885559082,5.787499904632568,5.974999904632568,5.373085021972656,1270000
2001-10-29,5.974999904632568,6.0625,5.875,6.0,5.395568370819092,1086800
2001-10-30,5.974999904632568,6.0625,5.875,6.039999961853027,5.431538105010986,1317600
2001-10-31,6.125,6.142499923706055,6.025000095367432,6.099999904632568,5.485494136810303,1284400
2001-11-01,6.082499980926514,6.179999828338623,5.989999771118164,6.172500133514404,5.550689220428467,763200
2001-11-02,6.1875,6.244999885559082,6.050000190734863,6.1875,5.564178943634033,824000
2001-11-05,6.137499809265137,6.332499980926514,6.137499809265137,6.287499904632568,5.654106616973877,921600
2001-11-06,6.287499904632568,6.360000133514404,6.162499904632568,6.337500095367432,5.69906759262085,1132400
2001-11-07,6.320000171661377,6.622499942779541,6.287499904632568,6.612500190734863,5.946366310119629,1160800
2001-11-08,6.612500190734863,6.824999809265137,6.605000019073486,6.677499771118164,6.00481653213501,2442000
2001-11-09,6.637499809265137,6.664999961853027,6.295000076293945,6.382500171661377,5.739534854888916,1524400
2001-11-12,6.382500171661377,6.382500171661377,6.0,6.300000190734863,5.665346622467041,3286400
2001-11-13,6.425000190734863,6.712500095367432,6.425000190734863,6.699999809265137,6.025051593780518,1357200
2001-11-14,6.699999809265137,7.099999904632568,6.699999809265137,6.900000095367432,6.204904079437256,2326000
2001-11-15,6.862500190734863,7.1875,6.65749979019165,6.727499961853027,6.049780368804932,3290400
2001-11-16,6.525000095367432,6.724999904632568,6.412499904632568,6.617499828338623,5.950861930847168,2697200
2001-11-19,6.712500095367432,7.077499866485596,6.675000190734863,7.074999809265137,6.362274169921875,1328800
2001-11-20,7.057499885559082,7.057499885559082,6.875,6.974999904632568,6.272347450256348,1336800
2001-11-21,7.025000095367432,7.0625,6.775000095367432,7.0625,6.3510332107543945,1045200
2001-11-23,7.074999809265137,7.477499961853027,7.074999809265137,7.402500152587891,6.656782627105713,1159600
2001-11-26,7.412499904632568,7.449999809265137,7.150000095367432,7.272500038146973,6.539876937866211,1447200
2001-11-27,7.287499904632568,7.349999904632568,7.03249979019165,7.054999828338623,6.3442888259887695,2140800
2001-11-28,7.0,7.0,6.824999809265137,6.894999980926514,6.2004075050354,1417600
2001-11-29,7.050000190734863,7.28000020980835,6.974999904632568,7.275000095367432,6.5421271324157715,2052000
2001-11-30,7.287499904632568,7.337500095367432,7.162499904632568,7.162499904632568,6.4409589767456055,1654400
2001-12-03,7.199999809265137,7.267499923706055,7.037499904632568,7.177499771118164,6.4544477462768555,1358000
2001-12-04,7.1875,7.190000057220459,7.117499828338623,7.175000190734863,6.452200889587402,1372000
2001-12-05,7.237500190734863,7.449999809265137,7.212500095367432,7.364999771118164,6.623058319091797,1922800
2001-12-06,7.372499942779541,7.554999828338623,7.264999866485596,7.337500095367432,6.598330497741699,1876000
2001-12-07,7.400000095367432,7.675000190734863,7.355000019073486,7.622499942779541,6.854620456695557,1322400
2001-12-10,7.622499942779541,7.775000095367432,7.320000171661377,7.382500171661377,6.638796806335449,999600
2001-12-11,7.387499809265137,7.492499828338623,7.320000171661377,7.362500190734863,6.620813369750977,721600
2001-12-12,7.362500190734863,7.525000095367432,7.355000019073486,7.525000095367432,6.766941547393799,430000
2001-12-13,7.474999904632568,7.492499828338623,7.369999885559082,7.440000057220459,6.690504550933838,1174000
2001-12-14,7.497499942779541,7.550000190734863,7.287499904632568,7.375,6.632051944732666,802400
2001-12-17,7.400000095367432,7.425000190734863,7.037499904632568,7.147500038146973,6.4274702072143555,1172800
2001-12-18,7.199999809265137,7.372499942779541,7.037499904632568,7.372499942779541,6.6298041343688965,1102400
2001-12-19,7.362500190734863,7.512499809265137,7.21999979019165,7.324999809265137,6.587090015411377,933200
2001-12-20,7.324999809265137,7.487500190734863,7.162499904632568,7.162499904632568,6.4409589767456055,737200
2001-12-21,7.224999904632568,7.5625,7.212500095367432,7.552499771118164,6.791671276092529,1199600
2001-12-24,7.512499809265137,7.514999866485596,7.070000171661377,7.235000133514404,6.506155967712402,706800
2001-12-26,7.137499809265137,7.322500228881836,7.050000190734863,7.059999942779541,6.348784923553467,988400
2001-12-27,7.074999809265137,7.235000133514404,7.074999809265137,7.190000057220459,6.465689182281494,914800
2001-12-28,7.224999904632568,7.382500171661377,7.150000095367432,7.329999923706055,6.5915846824646,425200
2001-12-31,7.3125,7.434999942779541,7.275000095367432,7.275000095367432,6.5421271324157715,532000
2002-01-02,7.287499904632568,7.332499980926514,7.025000095367432,7.242499828338623,6.512900352478027,798400
2002-01-03,7.25,7.5,7.212500095367432,7.5,6.744459629058838,1114800
2002-01-04,7.525000095367432,8.0,7.507500171661377,7.972499847412109,7.1693620681762695,1569200
2002-01-07,7.949999809265137,7.974999904632568,7.802499771118164,7.837500095367432,7.047961235046387,644800
2002-01-08,7.949999809265137,8.067500114440918,7.800000190734863,7.887499809265137,7.092924118041992,1022400
2002-01-09,7.892499923706055,8.0625,7.887499809265137,7.949999809265137,7.14912748336792,1302800
2002-01-10,7.927499771118164,7.994999885559082,7.815000057220459,7.849999904632568,7.059200763702393,1141600
2002-01-11,7.824999809265137,7.862500190734863,7.525000095367432,7.602499961853027,6.836633205413818,902000
2002-01-14,7.602499961853027,7.602499961853027,7.297500133514404,7.324999809265137,6.587090015411377,758000
2002-01-15,7.454999923706055,7.744999885559082,7.454999923706055,7.697500228881836,6.922063827514648,973600
2002-01-16,7.697500228881836,7.787499904632568,7.552499771118164,7.607500076293945,6.84113073348999,946000
2002-01-17,7.610000133514404,7.610000133514404,7.300000190734863,7.400000095367432,6.654534339904785,1130400
2002-01-18,7.349999904632568,7.53000020980835,7.324999809265137,7.349999904632568,6.609571933746338,813200
2002-01-22,7.412499904632568,7.457499980926514,7.037499904632568,7.162499904632568,6.4409589767456055,1040400
2002-01-23,7.212500095367432,7.670000076293945,7.099999904632568,7.670000076293945,6.897336006164551,1343600
2002-01-24,7.627500057220459,7.695000171661377,7.537499904632568,7.607500076293945,6.84113073348999,748800
2002-01-25,7.400000095367432,7.739999771118164,7.262499809265137,7.71750020980835,6.940048694610596,1064800
2002-01-28,7.71750020980835,7.775000095367432,7.599999904632568,7.712500095367432,6.935552597045898,563600
2002-01-29,7.767499923706055,7.837500095367432,7.472499847412109,7.574999809265137,6.811904430389404,769600
2002-01-30,7.550000190734863,7.724999904632568,7.349999904632568,7.722499847412109,6.944545269012451,892800
2002-01-31,7.737500190734863,7.800000190734863,7.599999904632568,7.664999961853027,6.892838954925537,696000
2002-02-01,7.699999809265137,7.767499923706055,7.650000095367432,7.710000038146973,6.933304309844971,650800
2002-02-04,7.6875,7.6875,7.230000019073486,7.397500038146973,6.652285575866699,796800
2002-02-05,7.397500038146973,7.567500114440918,7.284999847412109,7.489999771118164,6.735466957092285,846800
2002-02-06,7.489999771118164,7.550000190734863,7.1875,7.195000171661377,6.470186233520508,707200
2002-02-07,7.275000095367432,7.304999828338623,7.09250020980835,7.09250020980835,6.3780107498168945,669600
2002-02-08,7.125,7.3125,7.125,7.304999828338623,6.569103717803955,644800
2002-02-11,7.287499904632568,7.369999885559082,7.224999904632568,7.267499923706055,6.53538179397583,776800
2002-02-12,7.25,7.429999828338623,7.195000171661377,7.349999904632568,6.609571933746338,746800
2002-02-13,7.362500190734863,7.369999885559082,7.144999980926514,7.179999828338623,6.456695556640625,640000
2002-02-14,7.117499828338623,7.304999828338623,6.987500190734863,6.992499828338623,6.288084030151367,1014400
2002-02-15,6.992499828338623,7.242499828338623,6.987500190734863,7.207499980926514,6.481426239013672,397600
2002-02-19,7.199999809265137,7.28249979019165,7.162499904632568,7.197500228881836,6.4724345207214355,415600
2002-02-20,7.375,7.5,7.300000190734863,7.485000133514404,6.73097038269043,961200
2002-02-21,7.485000133514404,7.832499980926514,7.485000133514404,7.744999885559082,6.964778900146484,1234800
2002-02-22,7.747499942779541,7.747499942779541,7.5,7.574999809265137,6.811904430389404,715200
2002-02-25,7.537499904632568,7.800000190734863,7.537499904632568,7.679999828338623,6.906327724456787,470400
2002-02-26,7.6875,7.872499942779541,7.6875,7.802499771118164,7.016485691070557,427200
2002-02-27,7.864999771118164,7.997499942779541,7.864999771118164,7.992499828338623,7.187345504760742,500800
2002-02-28,8.012499809265137,8.072500228881836,7.762499809265137,7.762499809265137,6.980515956878662,1372000
2002-03-01,7.800000190734863,8.029999732971191,7.762499809265137,8.02750015258789,7.218821048736572,476800
2002-03-04,8.0625,8.375,8.017499923706055,8.362500190734863,7.520071506500244,1624400
2002-03-05,8.287500381469727,8.317500114440918,7.875,7.875,7.081682205200195,1316000
2002-03-06,7.925000190734863,8.337499618530273,7.925000190734863,8.3125,7.475111961364746,661600
2002-03-07,8.3100004196167,8.3100004196167,8.074999809265137,8.100000381469727,7.2840166091918945,706000
2002-03-08,8.162500381469727,8.375,8.145000457763672,8.302499771118164,7.466116905212402,575600
2002-03-11,8.3125,8.4350004196167,8.154999732971191,8.399999618530273,7.553795337677002,830400
2002-03-12,8.287500381469727,8.369999885559082,8.225000381469727,8.350000381469727,7.50883150100708,621600
2002-03-13,8.350000381469727,8.359999656677246,8.212499618530273,8.257499694824219,7.425651550292969,1037600
2002-03-14,8.25,8.324999809265137,8.145000457763672,8.274999618530273,7.441388130187988,765600
2002-03-15,8.255000114440918,8.422499656677246,8.255000114440918,8.350000381469727,7.50883150100708,641600
2002-03-18,8.425000190734863,8.475000381469727,8.357500076293945,8.432499885559082,7.58302116394043,708400
2002-03-19,8.432499885559082,8.449999809265137,8.1875,8.212499618530273,7.3851823806762695,1730400
2002-03-20,8.162500381469727,8.1850004196167,8.0024995803833,8.100000381469727,7.2840166091918945,1136400
2002-03-21,8.112500190734863,8.175000190734863,7.852499961853027,7.949999809265137,7.14912748336792,1219600
2002-03-22,7.949999809265137,8.232500076293945,7.892499923706055,8.137499809265137,7.317739009857178,856400
2002-03-25,8.137499809265137,8.149999618530273,7.824999809265137,7.84499979019165,7.054705619812012,1626400
2002-03-26,7.84499979019165,8.262499809265137,7.84499979019165,8.25,7.418904781341553,816400
2002-03-27,8.199999809265137,8.397500038146973,8.092499732971191,8.237500190734863,7.407665252685547,1297600
2002-03-28,8.220000267028809,8.380000114440918,8.194999694824219,8.322500228881836,7.484102249145508,532800
2002-04-01,8.300000190734863,8.307499885559082,8.050000190734863,8.149999618530273,7.328978538513184,561600
2002-04-02,7.987500190734863,8.024999618530273,7.712500095367432,7.712500095367432,6.935552597045898,785600
2002-04-03,7.824999809265137,7.949999809265137,7.622499942779541,7.650000095367432,6.8793487548828125,802400
2002-04-04,7.650000095367432,7.800000190734863,7.647500038146973,7.737500190734863,6.958035945892334,1375600
2002-04-05,7.737500190734863,7.9375,7.6875,7.775000095367432,6.991757869720459,750800
2002-04-08,7.587500095367432,7.762499809265137,7.550000190734863,7.730000019073486,6.951290607452393,698000
2002-04-09,7.824999809265137,7.875,7.75,7.772500038146973,6.989509105682373,543200
2002-04-10,7.775000095367432,8.012499809265137,7.775000095367432,8.0,7.194089889526367,627600
2002-04-11,8.022500038146973,8.085000038146973,7.800000190734863,7.800000190734863,7.0142364501953125,500000
2002-04-12,7.862500190734863,8.082500457763672,7.862500190734863,8.082500457763672,7.268280029296875,1261600
2002-04-15,8.145000457763672,8.212499618530273,7.817500114440918,7.847499847412109,7.056953430175781,524000
2002-04-16,7.849999904632568,8.050000190734863,7.849999904632568,8.012499809265137,7.205333709716797,656000
2002-04-17,8.037500381469727,8.067500114440918,7.875,7.887499809265137,7.092924118041992,450000
2002-04-18,7.925000190734863,7.949999809265137,7.547500133514404,7.724999904632568,6.946794509887695,658400
2002-04-19,7.787499904632568,7.875,7.75,7.815000057220459,7.0277276039123535,450000
2002-04-22,7.815000057220459,7.822500228881836,7.682499885559082,7.75,6.969274520874023,702400
2002-04-23,7.737500190734863,7.837500095367432,7.525000095367432,7.712500095367432,6.935552597045898,758800
2002-04-24,7.875,7.925000190734863,7.737500190734863,7.760000228881836,6.978268146514893,1010000
2002-04-25,7.760000228881836,7.775000095367432,7.610000133514404,7.6875,6.913071155548096,579600
2002-04-26,7.637499809265137,7.824999809265137,7.637499809265137,7.699999809265137,6.924312591552734,418400
2002-04-29,7.724999904632568,7.809999942779541,7.505000114440918,7.542500019073486,6.782678127288818,362000
2002-04-30,7.542500019073486,7.699999809265137,7.477499961853027,7.65749979019165,6.886092185974121,499200
2002-05-01,7.65749979019165,7.699999809265137,7.552499771118164,7.695000171661377,6.919816493988037,779200
2002-05-02,7.699999809265137,7.769999980926514,7.565000057220459,7.647500038146973,6.877100944519043,536800
2002-05-03,7.662499904632568,7.664999961853027,7.4375,7.492499828338623,6.737714767456055,546400
2002-05-06,7.492499828338623,7.519999980926514,7.324999809265137,7.380000114440918,6.636549949645996,523600
2002-05-07,7.380000114440918,7.425000190734863,7.199999809265137,7.25,6.519644737243652,690800
2002-05-08,7.295000076293945,7.3125,7.1875,7.267499923706055,6.53538179397583,1236400
2002-05-09,7.275000095367432,7.275000095367432,7.105000019073486,7.122499942779541,6.404987812042236,533200
2002-05-10,7.125,7.137499809265137,6.777500152587891,6.797500133514404,6.112729072570801,588400
2002-05-13,6.912499904632568,6.992499828338623,6.744999885559082,6.940000057220459,6.240875244140625,1304000
2002-05-14,6.954999923706055,7.242499828338623,6.949999809265137,7.212500095367432,6.485921859741211,475200
2002-05-15,7.212500095367432,7.262499809265137,7.125,7.235000133514404,6.506155967712402,864800
2002-05-16,7.247499942779541,7.297500133514404,7.087500095367432,7.112500190734863,6.39599609375,362400
2002-05-17,7.175000190734863,7.244999885559082,7.144999980926514,7.232500076293945,6.503905773162842,522000
2002-05-20,7.09499979019165,7.202499866485596,7.074999809265137,7.130000114440918,6.411734580993652,669600
2002-05-21,7.224999904632568,7.25,7.042500019073486,7.067500114440918,6.355530261993408,761600
2002-05-22,7.074999809265137,7.117499828338623,7.03249979019165,7.057499885559082,6.3465375900268555,421600
2002-05-23,7.059999942779541,7.125,6.9375,7.09250020980835,6.3780107498168945,459200
2002-05-24,7.09250020980835,7.25,7.057499885559082,7.074999809265137,6.362274169921875,402000
2002-05-28,7.079999923706055,7.125,7.0,7.074999809265137,6.362274169921875,395200
2002-05-29,7.074999809265137,7.099999904632568,7.027500152587891,7.042500019073486,6.3330488204956055,516000
2002-05-30,6.980000019073486,6.994999885559082,6.860000133514404,6.925000190734863,6.227384567260742,535600
2002-05-31,6.925000190734863,7.074999809265137,6.912499904632568,6.962500095367432,6.261106967926025,552000
2002-06-03,6.949999809265137,6.949999809265137,6.755000114440918,6.755000114440918,6.074510097503662,724400
2002-06-04,6.75,6.752500057220459,6.347499847412109,6.552499771118164,5.892409801483154,742800
2002-06-05,6.474999904632568,6.59250020980835,6.465000152587891,6.5625,5.901402473449707,1015600
2002-06-06,6.585000038146973,6.612500190734863,6.525000095367432,6.590000152587891,5.926132678985596,702400
2002-06-07,6.574999809265137,6.602499961853027,6.462500095367432,6.525000095367432,5.867680072784424,893200
2002-06-10,6.525000095367432,6.789999961853027,6.525000095367432,6.78000020980835,6.096991539001465,586400
2002-06-11,6.789999961853027,6.934999942779541,6.65749979019165,6.677499771118164,6.00481653213501,580400
2002-06-12,6.677499771118164,6.767499923706055,6.537499904632568,6.742499828338623,6.063268661499023,824400
2002-06-13,6.742499828338623,6.887499809265137,6.487500190734863,6.519999980926514,5.863184928894043,708800
2002-06-14,6.507500171661377,6.507500171661377,6.25,6.375,5.732790470123291,711600
2002-06-17,6.375,6.637499809265137,6.375,6.625,5.957607269287109,612000
2002-06-18,6.625,6.772500038146973,6.587500095367432,6.672500133514404,6.000320911407471,611200
2002-06-19,6.650000095367432,6.65749979019165,6.417500019073486,6.449999809265137,5.800236225128174,522800
2002-06-20,6.449999809265137,6.610000133514404,6.397500038146973,6.534999847412109,5.876672744750977,562400
2002-06-21,6.537499904632568,6.679999828338623,6.522500038146973,6.557499885559082,5.896905899047852,856400
2002-06-24,6.550000190734863,6.5625,6.34499979019165,6.512499809265137,5.856439590454102,871200
2002-06-25,6.534999847412109,6.605000019073486,6.332499980926514,6.382500171661377,5.739534854888916,550400
2002-06-26,6.362500190734863,6.362500190734863,6.1875,6.260000228881836,5.6293768882751465,1276800
2002-06-27,6.275000095367432,6.400000095367432,6.190000057220459,6.387499809265137,5.7440314292907715,742800
2002-06-28,6.337500095367432,6.632500171661377,6.284999847412109,6.525000095367432,5.867680072784424,1033600
2002-07-01,6.527500152587891,6.537499904632568,6.127500057220459,6.150000095367432,5.530457019805908,604400
2002-07-02,6.139999866485596,6.164999961853027,5.712500095367432,5.852499961853027,5.262927055358887,1254400
2002-07-03,5.862500190734863,5.952499866485596,5.71999979019165,5.892499923706055,5.2988972663879395,1372000
2002-07-05,5.962500095367432,6.122499942779541,5.962500095367432,6.082499980926514,5.469757556915283,346800
2002-07-08,6.082499980926514,6.1875,5.962500095367432,5.982500076293945,5.379830360412598,556400
2002-07-09,6.012499809265137,6.09250020980835,5.847499847412109,5.872499942779541,5.280912399291992,379200
2002-07-10,5.872499942779541,5.985000133514404,5.619999885559082,5.650000095367432,5.080826282501221,543200
2002-07-11,5.625,5.625,5.400000095367432,5.525000095367432,4.968420028686523,540400
2002-07-12,5.550000190734863,5.619999885559082,5.449999809265137,5.489999771118164,4.936943531036377,297600
2002-07-15,5.5,5.507500171661377,5.212500095367432,5.487500190734863,4.934696674346924,498400
2002-07-16,5.487500190734863,5.632500171661377,5.362500190734863,5.412499904632568,4.867251873016357,527200
2002-07-17,5.5,5.632500171661377,5.235000133514404,5.40500020980835,4.860507965087891,660000
2002-07-18,5.412499904632568,5.442500114440918,5.224999904632568,5.287499904632568,4.7548441886901855,606000
2002-07-19,5.3125,5.3125,5.002500057220459,5.099999904632568,4.586233139038086,621200
2002-07-22,4.974999904632568,5.079999923706055,4.875,4.912499904632568,4.41762113571167,792000
2002-07-23,5.03249979019165,5.190000057220459,5.025000095367432,5.152500152587891,4.633443832397461,1812400
2002-07-24,5.152500152587891,5.369999885559082,5.0,5.309999942779541,4.7750773429870605,1528000
2002-07-25,5.315000057220459,5.392499923706055,5.125,5.349999904632568,4.81104850769043,1046800
2002-07-26,5.375,5.552499771118164,5.3125,5.5,4.945937633514404,610000
2002-07-29,5.537499904632568,6.012499809265137,5.534999847412109,5.989999771118164,5.386574745178223,855200
2002-07-30,5.989999771118164,6.237500190734863,5.864999771118164,5.90500020980835,5.310139179229736,1126400
2002-07-31,5.90500020980835,6.0625,5.775000095367432,5.875,5.2831597328186035,768000
2002-08-01,5.875,5.982500076293945,5.797500133514404,5.824999809265137,5.238197326660156,512400
2002-08-02,5.849999904632568,5.857500076293945,5.367499828338623,5.550000190734863,4.990901947021484,1026400
2002-08-05,5.537499904632568,5.625,5.347499847412109,5.377500057220459,4.835777759552002,1072800
2002-08-06,5.425000190734863,5.65500020980835,5.425000190734863,5.512499809265137,4.95717716217041,725600
2002-08-07,5.550000190734863,5.667500019073486,5.534999847412109,5.639999866485596,5.071832656860352,518800
2002-08-08,5.5625,5.962500095367432,5.545000076293945,5.962500095367432,5.361846446990967,684400
2002-08-09,5.912499904632568,5.96999979019165,5.804999828338623,5.922500133514404,5.325875759124756,542800
2002-08-12,5.5625,5.699999809265137,5.457499980926514,5.650000095367432,5.080826282501221,1191200
2002-08-13,5.642499923706055,5.934999942779541,5.599999904632568,5.690000057220459,5.116796493530273,1009200
2002-08-14,5.712500095367432,5.940000057220459,5.5,5.940000057220459,5.341612339019775,752000
2002-08-15,5.940000057220459,5.949999809265137,5.65749979019165,5.897500038146973,5.303394317626953,823200
2002-08-16,5.900000095367432,6.099999904632568,5.6875,6.059999942779541,5.449522495269775,1844400
2002-08-19,5.875,6.097499847412109,5.862500190734863,6.082499980926514,5.469757556915283,829200
2002-08-20,6.087500095367432,6.150000095367432,5.974999904632568,6.125,5.507975101470947,592800
2002-08-21,6.132500171661377,6.505000114440918,6.132500171661377,6.505000114440918,5.849695205688477,1012000
2002-08-22,6.550000190734863,6.807499885559082,6.425000190734863,6.742499828338623,6.063268661499023,761600
2002-08-23,6.587500095367432,6.699999809265137,6.502500057220459,6.505000114440918,5.849695205688477,615200
2002-08-26,6.510000228881836,6.587500095367432,6.302499771118164,6.349999904632568,5.710308074951172,909600
2002-08-27,6.412499904632568,6.4375,6.215000152587891,6.235000133514404,5.606893539428711,743200
2002-08-28,6.212500095367432,6.224999904632568,6.072500228881836,6.114999771118164,5.498981952667236,439200
2002-08-29,6.125,6.320000171661377,5.949999809265137,6.175000190734863,5.552939414978027,776400
2002-08-30,6.212500095367432,6.297500133514404,6.107500076293945,6.107500076293945,5.492237567901611,490800
2002-09-03,6.097499847412109,6.097499847412109,5.882500171661377,5.900000095367432,5.305642127990723,488800
2002-09-04,5.900000095367432,6.099999904632568,5.71750020980835,6.085000038146973,5.472004413604736,1187200
2002-09-05,6.037499904632568,6.037499904632568,5.690000057220459,5.690000057220459,5.116796493530273,630400
2002-09-06,5.75,6.112500190734863,5.75,6.077499866485596,5.465259075164795,723600
2002-09-09,6.025000095367432,6.162499904632568,5.892499923706055,6.119999885559082,5.503479957580566,862000
2002-09-10,5.824999809265137,5.867499828338623,5.505000114440918,5.679999828338623,5.107804298400879,2128000
2002-09-11,5.704999923706055,5.787499904632568,5.650000095367432,5.704999923706055,5.130285739898682,324400
2002-09-12,5.675000190734863,5.679999828338623,5.5,5.650000095367432,5.080826282501221,644000
2002-09-13,5.625,5.625,5.505000114440918,5.587500095367432,5.024622917175293,805600
2002-09-16,5.574999809265137,5.652500152587891,5.505000114440918,5.635000228881836,5.067337989807129,720000
2002-09-17,5.775000095367432,5.824999809265137,5.599999904632568,5.605000019073486,5.040360927581787,1150400
2002-09-18,5.514999866485596,5.537499904632568,5.3125,5.457499980926514,4.907718658447266,965600
2002-09-19,5.394999980926514,5.494999885559082,5.284999847412109,5.297500133514404,4.763836860656738,664800
2002-09-20,5.375,5.449999809265137,5.252500057220459,5.324999809265137,4.788566589355469,748800
2002-09-23,5.262499809265137,5.277500152587891,5.087500095367432,5.179999828338623,4.658173561096191,716000
2002-09-24,5.112500190734863,5.112500190734863,4.6875,4.864999771118164,4.374905586242676,2748400
2002-09-25,4.875,5.012499809265137,4.635000228881836,4.784999847412109,4.30296516418457,1964400
2002-09-26,4.809999942779541,5.03249979019165,4.809999942779541,4.965000152587891,4.464834213256836,1122400
2002-09-27,4.800000190734863,4.807499885559082,4.300000190734863,4.324999809265137,3.889305353164673,3372400
2002-09-30,4.324999809265137,4.462500095367432,4.059999942779541,4.425000190734863,3.9792308807373047,1859600
2002-10-01,4.400000095367432,4.587500095367432,4.215000152587891,4.565000057220459,4.105127811431885,1761200
2002-10-02,4.525000095367432,4.675000190734863,4.297500133514404,4.300000190734863,3.866823196411133,1474000
2002-10-03,4.302499771118164,4.302499771118164,4.012499809265137,4.15500020980835,3.736431360244751,2760800
2002-10-04,4.237500190734863,4.362500190734863,3.9749999046325684,4.0,3.5970449447631836,1791200
2002-10-07,3.9749999046325684,4.012499809265137,3.875,3.940000057220459,3.5430893898010254,1408800
2002-10-08,3.940000057220459,4.074999809265137,3.8450000286102295,4.007500171661377,3.603790044784546,1516400
2002-10-09,3.944999933242798,3.944999933242798,3.4749999046325684,3.5274999141693115,3.1721444129943848,2864800
2002-10-10,3.5274999141693115,3.6500000953674316,3.4149999618530273,3.612499952316284,3.2485811710357666,2829600
2002-10-11,3.6875,4.102499961853027,3.6875,3.942500114440918,3.5453379154205322,1816000
2002-10-14,3.875,4.085000038146973,3.825000047683716,3.994999885559082,3.5925486087799072,887600
2002-10-15,4.175000190734863,4.400000095367432,4.112500190734863,4.387499809265137,3.945509672164917,1197200
2002-10-16,4.389999866485596,4.389999866485596,4.037499904632568,4.097499847412109,3.684723377227783,1963600
2002-10-17,4.244999885559082,4.420000076293945,4.244999885559082,4.385000228881836,3.94326114654541,1078000
2002-10-18,4.385000228881836,4.400000095367432,4.224999904632568,4.260000228881836,3.830853223800659,1045600
2002-10-21,4.262499809265137,4.637499809265137,4.252500057220459,4.585000038146973,4.123113632202148,1260400
2002-10-22,4.525000095367432,4.849999904632568,4.349999904632568,4.409999847412109,3.965743064880371,2948000
2002-10-23,4.625,5.434999942779541,4.610000133514404,5.317500114440918,4.781822204589844,5305200
2002-10-24,5.300000190734863,5.6875,5.21750020980835,5.387499809265137,4.8447699546813965,3004800
2002-10-25,5.324999809265137,5.5625,5.289999961853027,5.512499809265137,4.95717716217041,1575200
2002-10-28,5.5,5.650000095367432,5.449999809265137,5.462500095367432,4.912215232849121,1790400
2002-10-29,5.4375,5.5625,5.329999923706055,5.434999942779541,4.887484550476074,1798000
2002-10-30,5.400000095367432,5.625,5.349999904632568,5.487500190734863,4.934696674346924,887200
2002-10-31,5.487500190734863,5.550000190734863,5.362500190734863,5.409999847412109,4.865004062652588,851600
2002-11-01,5.40500020980835,5.602499961853027,5.320000171661377,5.602499961853027,5.038111209869385,942400
2002-11-04,5.682499885559082,5.912499904632568,5.614999771118164,5.650000095367432,5.080826282501221,1932400
2002-11-05,5.625,5.637499809265137,5.40749979019165,5.590000152587891,5.0268707275390625,1202000
2002-11-06,5.712500095367432,5.929999828338623,5.5,5.929999828338623,5.332618713378906,1477600
2002-11-07,5.787499904632568,5.889999866485596,5.75,5.849999904632568,5.260679244995117,1200000
2002-11-08,5.849999904632568,5.875,5.627500057220459,5.732500076293945,5.1550140380859375,989600
2002-11-11,5.75,5.807499885559082,5.460000038146973,5.474999904632568,4.923454761505127,1346400
2002-11-12,5.537499904632568,5.599999904632568,5.425000190734863,5.534999847412109,4.977411270141602,1104000
2002-11-13,5.474999904632568,5.650000095367432,5.40749979019165,5.539999961853027,4.981907367706299,876000
2002-11-14,5.574999809265137,5.619999885559082,5.494999885559082,5.599999904632568,5.035862445831299,644000
2002-11-15,5.612500190734863,5.625,5.462500095367432,5.587500095367432,5.024622917175293,744400
2002-11-18,5.675000190734863,5.677499771118164,5.512499809265137,5.625,5.058345317840576,784400
2002-11-19,5.5625,5.582499980926514,5.349999904632568,5.375,4.833530426025391,1129600
2002-11-20,5.3125,5.324999809265137,5.0,5.099999904632568,4.586233139038086,1391200
2002-11-21,5.150000095367432,5.502500057220459,5.099999904632568,5.472499847412109,4.921206951141357,1402000
2002-11-22,5.472499847412109,5.5,5.302499771118164,5.487500190734863,4.934696674346924,707600
2002-11-25,5.449999809265137,5.599999904632568,5.34250020980835,5.369999885559082,4.829032897949219,909200
2002-11-26,5.362500190734863,5.5,5.117499828338623,5.175000190734863,4.653677463531494,966000
2002-11-27,5.237500190734863,5.457499980926514,5.232500076293945,5.357500076293945,4.817792892456055,866000
2002-11-29,5.275000095367432,5.315000057220459,5.25,5.292500019073486,4.759340286254883,311200
2002-12-02,5.5,5.550000190734863,5.28000020980835,5.375,4.833530426025391,952000
2002-12-03,5.247499942779541,5.262499809265137,5.019999980926514,5.059999942779541,4.550262451171875,1002000
2002-12-04,5.012499809265137,5.074999809265137,4.90500020980835,5.037499904632568,4.530029296875,893200
2002-12-05,5.045000076293945,5.599999904632568,5.045000076293945,5.427499771118164,4.880741119384766,2769600
2002-12-06,5.412499904632568,5.8125,5.362500190734863,5.737500190734863,5.159512519836426,1782400
2002-12-09,5.699999809265137,5.75,5.5,5.507500171661377,4.952681541442871,836000
2002-12-10,5.550000190734863,5.675000190734863,5.537499904632568,5.612500190734863,5.047104358673096,526400
2002-12-11,5.614999771118164,5.699999809265137,5.512499809265137,5.65500020980835,5.085322380065918,841200
2002-12-12,5.6875,5.797500133514404,5.662499904632568,5.757500171661377,5.177496910095215,489600
2002-12-13,5.737500190734863,5.737500190734863,5.545000076293945,5.617499828338623,5.051600456237793,820000
2002-12-16,5.637499809265137,5.690000057220459,5.577499866485596,5.690000057220459,5.116796493530273,705200
2002-12-17,5.627500057220459,5.71750020980835,5.559999942779541,5.599999904632568,5.035862445831299,689600
2002-12-18,5.462500095367432,5.522500038146973,5.375,5.425000190734863,4.878493309020996,774000
2002-12-19,5.425000190734863,5.510000228881836,5.300000190734863,5.317500114440918,4.781822204589844,1007600
2002-12-20,5.375,5.380000114440918,5.212500095367432,5.380000114440918,4.838025093078613,2114000
2002-12-23,5.317500114440918,5.317500114440918,5.184999942779541,5.287499904632568,4.7548441886901855,686400
2002-12-24,5.375,5.417500019073486,5.287499904632568,5.375,4.833530426025391,598800
2002-12-26,5.412499904632568,5.587500095367432,5.327499866485596,5.349999904632568,4.81104850769043,838400
2002-12-27,5.349999904632568,5.400000095367432,5.25,5.252500057220459,4.72337007522583,493200
2002-12-30,5.287499904632568,5.309999942779541,5.085000038146973,5.244999885559082,4.71662712097168,783600
2002-12-31,5.244999885559082,5.5,5.224999904632568,5.412499904632568,4.867251873016357,840400
2003-01-02,5.454999923706055,5.557499885559082,5.375,5.519999980926514,4.963923454284668,473600
2003-01-03,5.519999980926514,5.639999866485596,5.512499809265137,5.625,5.058345317840576,668400
2003-01-06,5.612500190734863,5.867499828338623,5.59250020980835,5.787499904632568,5.204473495483398,1059200
2003-01-07,5.787499904632568,6.0,5.787499904632568,5.912499904632568,5.316883087158203,893200
2003-01-08,5.875,6.050000190734863,5.800000190734863,5.889999866485596,5.296648025512695,916400
2003-01-09,5.889999866485596,6.037499904632568,5.867499828338623,5.945000171661377,5.346109390258789,914800
2003-01-10,5.925000190734863,5.987500190734863,5.824999809265137,5.880000114440918,5.287656307220459,752400
2003-01-13,5.877500057220459,5.994999885559082,5.815000057220459,5.974999904632568,5.373085021972656,708800
2003-01-14,5.974999904632568,6.087500095367432,5.942500114440918,5.997499942779541,5.393319606781006,1397200
2003-01-15,6.054999828338623,6.059999942779541,5.925000190734863,5.980000019073486,5.377583026885986,921200
2003-01-16,6.0,6.002500057220459,5.822500228881836,5.855000019073486,5.265174388885498,984400
2003-01-17,5.800000190734863,5.829999923706055,5.699999809265137,5.742499828338623,5.164007663726807,534400
2003-01-21,5.699999809265137,5.724999904632568,5.422500133514404,5.452499866485596,4.90322208404541,1184000
2003-01-22,5.389999866485596,5.445000171661377,5.21750020980835,5.235000133514404,4.7076334953308105,1040400
2003-01-23,5.322500228881836,5.397500038146973,5.204999923706055,5.267499923706055,4.736858367919922,798400
2003-01-24,5.224999904632568,5.224999904632568,4.982500076293945,5.097499847412109,4.583984375,784800
2003-01-27,5.087500095367432,5.119999885559082,4.8125,4.90749979019165,4.413125038146973,1230400
2003-01-28,4.914999961853027,5.037499904632568,4.837500095367432,5.022500038146973,4.516540050506592,1043200
2003-01-29,5.012499809265137,5.050000190734863,4.880000114440918,4.987500190734863,4.485067367553711,723200
2003-01-30,4.974999904632568,5.182499885559082,4.889999866485596,4.9375,4.440102577209473,1052400
2003-01-31,4.925000190734863,4.954999923706055,4.840000152587891,4.942500114440918,4.444599628448486,683200
2003-02-03,4.942500114440918,5.0,4.764999866485596,4.809999942779541,4.325446128845215,839200
2003-02-04,4.800000190734863,4.804999828338623,4.739999771118164,4.804999828338623,4.320950031280518,1280800
2003-02-05,4.824999809265137,4.989999771118164,4.809999942779541,4.860000133514404,4.370410919189453,624000
2003-02-06,4.824999809265137,4.949999809265137,4.775000095367432,4.860000133514404,4.370410919189453,965200
2003-02-07,4.860000133514404,4.875,4.692500114440918,4.695000171661377,4.2220330238342285,1183600
2003-02-10,4.724999904632568,4.807499885559082,4.707499980926514,4.807499885559082,4.3231987953186035,1036400
2003-02-11,4.849999904632568,4.849999904632568,4.652500152587891,4.690000057220459,4.217535018920898,1161600
2003-02-12,4.692500114440918,4.704999923706055,4.599999904632568,4.614999771118164,4.15009069442749,482800
2003-02-13,4.614999771118164,4.619999885559082,4.275000095367432,4.40749979019165,3.963494062423706,1885600
2003-02-14,4.409999847412109,4.572500228881836,4.409999847412109,4.537499904632568,4.080398082733154,610400
2003-02-18,4.547500133514404,4.712500095367432,4.525000095367432,4.614999771118164,4.15009069442749,592000
2003-02-19,4.5625,4.5625,4.375,4.480000019073486,4.02869176864624,1011600
2003-02-20,4.537499904632568,4.597499847412109,4.5,4.550000190734863,4.091639518737793,1092400
2003-02-21,4.574999809265137,4.662499904632568,4.512499809265137,4.619999885559082,4.154587745666504,624800
2003-02-24,4.625,4.625,4.335000038146973,4.335000038146973,3.8982973098754883,782400
2003-02-25,4.3125,4.525000095367432,4.252500057220459,4.519999980926514,4.064661026000977,678400
2003-02-26,4.574999809265137,4.585000038146973,4.412499904632568,4.502500057220459,4.048923969268799,1214400
2003-02-27,4.550000190734863,4.550000190734863,4.397500038146973,4.412499904632568,3.967989921569824,421600
2003-02-28,4.425000190734863,4.5625,4.425000190734863,4.537499904632568,4.080398082733154,552800
2003-03-03,4.590000152587891,4.800000190734863,4.590000152587891,4.792500019073486,4.309709548950195,1122000
2003-03-04,4.762499809265137,4.792500019073486,4.534999847412109,4.534999847412109,4.078149318695068,1047200
2003-03-05,4.537499904632568,4.695000171661377,4.512499809265137,4.647500038146973,4.179316997528076,668400
2003-03-06,4.650000095367432,4.650000095367432,4.53249979019165,4.59499979019165,4.132105350494385,540000
2003-03-07,4.537499904632568,4.775000095367432,4.512499809265137,4.775000095367432,4.293972492218018,659200
2003-03-10,4.75,4.75,4.487500190734863,4.599999904632568,4.13660192489624,1333600
2003-03-11,4.650000095367432,4.650000095367432,4.25,4.3125,3.8780646324157715,1155200
2003-03-12,4.287499904632568,4.375,4.264999866485596,4.362500190734863,3.923027753829956,1020400
2003-03-13,4.375,4.614999771118164,4.367499828338623,4.612500190734863,4.147842884063721,1077600
2003-03-14,4.650000095367432,4.795000076293945,4.585000038146973,4.737500190734863,4.260250091552734,1076800
2003-03-17,4.737500190734863,4.824999809265137,4.537499904632568,4.800000190734863,4.316455841064453,1130800
2003-03-18,4.449999809265137,4.452499866485596,4.252500057220459,4.287499904632568,3.855581283569336,19654000
2003-03-19,4.275000095367432,4.275000095367432,4.09250020980835,4.105000019073486,3.691467523574829,4990800
2003-03-20,4.107500076293945,4.137499809265137,3.924999952316284,4.097499847412109,3.684723377227783,4022800
2003-03-21,4.097499847412109,4.487500190734863,4.074999809265137,4.477499961853027,4.026442527770996,6234800
2003-03-24,4.300000190734863,4.300000190734863,4.152500152587891,4.184999942779541,3.763408660888672,1866800
2003-03-25,4.184999942779541,4.28000020980835,4.022500038146973,4.262499809265137,3.833101511001587,4824400
2003-03-26,4.262499809265137,4.275000095367432,4.150000095367432,4.204999923706055,3.781393527984619,696800
2003-03-27,4.112500190734863,4.204999923706055,4.065000057220459,4.099999904632568,3.686971664428711,890400
2003-03-28,4.037499904632568,4.037499904632568,3.930000066757202,3.994999885559082,3.5925486087799072,2156800
2003-03-31,3.8949999809265137,3.9749999046325684,3.819999933242798,3.9149999618530273,3.5206079483032227,2331600
2003-04-01,3.9774999618530273,3.994999885559082,3.872499942779541,3.944999933242798,3.5475857257843018,1582400
2003-04-02,4.087500095367432,4.195000171661377,4.0,4.179999828338623,3.7589120864868164,2510400
2003-04-03,4.324999809265137,4.324999809265137,4.099999904632568,4.110000133514404,3.6959638595581055,1211200
2003-04-04,4.137499809265137,4.204999923706055,4.125,4.164999961853027,3.7454237937927246,764400
2003-04-07,4.3125,4.355000019073486,4.175000190734863,4.21750020980835,3.792635202407837,1660400
2003-04-08,4.21750020980835,4.21750020980835,4.010000228881836,4.022500038146973,3.6172783374786377,1383600
2003-04-09,4.019999980926514,4.119999885559082,4.012499809265137,4.052499771118164,3.6442558765411377,791600
2003-04-10,4.025000095367432,4.045000076293945,3.9625000953674316,3.984999895095825,3.5835561752319336,825200
2003-04-11,4.03000020980835,4.059999942779541,3.9175000190734863,3.9375,3.5408411026000977,478000
2003-04-14,3.9749999046325684,4.0,3.887500047683716,3.997499942779541,3.594797372817993,685200
2003-04-15,3.9625000953674316,4.087500095367432,3.934999942779541,4.087500095367432,3.6757309436798096,996000
2003-04-16,4.125,4.135000228881836,3.944999933242798,3.952500104904175,3.554330825805664,810800
2003-04-17,3.9549999237060547,4.110000133514404,3.944999933242798,4.074999809265137,3.664489269256592,826400
2003-04-21,4.074999809265137,4.074999809265137,3.947499990463257,4.039999961853027,3.6330161094665527,1070000
2003-04-22,4.025000095367432,4.135000228881836,3.950000047683716,4.122499942779541,3.707204818725586,1062800
2003-04-23,4.184999942779541,4.332499980926514,4.175000190734863,4.329999923706055,3.8938028812408447,1790000
2003-04-24,4.300000190734863,4.412499904632568,4.25,4.409999847412109,3.965743064880371,1799600
2003-04-25,4.387499809265137,4.400000095367432,4.272500038146973,4.28000020980835,3.8488383293151855,716800
2003-04-28,4.337500095367432,4.457499980926514,4.302499771118164,4.4375,3.9904720783233643,899200
2003-04-29,4.412499904632568,4.4375,4.324999809265137,4.40749979019165,3.963494062423706,839200
2003-04-30,4.409999847412109,4.477499961853027,4.355000019073486,4.457499980926514,4.008457183837891,903600
2003-05-01,4.449999809265137,4.449999809265137,4.297500133514404,4.427499771118164,3.981478214263916,1189200
2003-05-02,4.590000152587891,4.974999904632568,4.574999809265137,4.942500114440918,4.444599628448486,5489600
2003-05-05,4.987500190734863,5.017499923706055,4.849999904632568,4.9375,4.440102577209473,2321600
2003-05-06,4.940000057220459,5.037499904632568,4.90500020980835,4.940000057220459,4.442351341247559,1523200
2003-05-07,4.864999771118164,4.925000190734863,4.762499809265137,4.762499809265137,4.2827324867248535,1662000
2003-05-08,4.699999809265137,4.862500190734863,4.690000057220459,4.764999866485596,4.284980773925781,1546800
2003-05-09,4.800000190734863,4.875,4.752500057220459,4.822500228881836,4.33668851852417,1012000
2003-05-12,4.849999904632568,4.912499904632568,4.775000095367432,4.880000114440918,4.388395309448242,715200
2003-05-13,4.880000114440918,4.947500228881836,4.78000020980835,4.912499904632568,4.41762113571167,595600
2003-05-14,4.887499809265137,4.897500038146973,4.775000095367432,4.775000095367432,4.293972492218018,719200
2003-05-15,4.837500095367432,4.875,4.769999980926514,4.775000095367432,4.293972492218018,509600
2003-05-16,4.737500190734863,4.800000190734863,4.637499809265137,4.667500019073486,4.197302341461182,890000
2003-05-19,4.667500019073486,4.667500019073486,4.324999809265137,4.537499904632568,4.080398082733154,1276800
2003-05-20,4.574999809265137,4.587500095367432,4.452499866485596,4.487500190734863,4.035436153411865,1157200
2003-05-21,4.487500190734863,4.489999771118164,4.375,4.375,3.9342687129974365,942000
2003-05-22,4.375,4.537499904632568,4.362500190734863,4.514999866485596,4.0601654052734375,639600
2003-05-23,4.550000190734863,4.605000019073486,4.447500228881836,4.554999828338623,4.096134662628174,294000
2003-05-27,4.525000095367432,4.800000190734863,4.525000095367432,4.800000190734863,4.316455841064453,824400
2003-05-28,4.8125,4.872499942779541,4.599999904632568,4.632500171661377,4.165827751159668,708800
2003-05-29,4.625,4.675000190734863,4.525000095367432,4.614999771118164,4.15009069442749,685200
2003-05-30,4.650000095367432,4.752500057220459,4.625,4.752500057220459,4.273739814758301,688000
2003-06-02,4.875,4.994999885559082,4.849999904632568,4.922500133514404,4.426613807678223,1228400
2003-06-03,4.900000095367432,4.925000190734863,4.699999809265137,4.75,4.271491050720215,985200
2003-06-04,4.775000095367432,4.927499771118164,4.760000228881836,4.925000190734863,4.428863048553467,1045200
2003-06-05,4.925000190734863,4.980000019073486,4.877500057220459,4.974999904632568,4.473825454711914,2410800
2003-06-06,5.037499904632568,5.130000114440918,5.0,5.039999961853027,4.532276630401611,1772000
2003-06-09,5.050000190734863,5.074999809265137,4.897500038146973,4.897500038146973,4.404131889343262,663600
2003-06-10,4.925000190734863,4.972499847412109,4.862500190734863,4.972499847412109,4.4715776443481445,552400
2003-06-11,4.972499847412109,5.0625,4.889999866485596,4.985000133514404,4.482818603515625,1123200
2003-06-12,5.0,5.050000190734863,4.875,5.034999847412109,4.527780532836914,966400
2003-06-13,5.074999809265137,5.099999904632568,4.900000095367432,4.952499866485596,4.453591823577881,643600
2003-06-16,5.052499771118164,5.212500095367432,5.050000190734863,5.137499809265137,4.619956016540527,949200
2003-06-17,5.137499809265137,5.269999980926514,5.09499979019165,5.199999809265137,4.676158428192139,836000
2003-06-18,5.252500057220459,5.3125,5.142499923706055,5.3125,4.7773261070251465,576800
2003-06-19,5.349999904632568,5.349999904632568,5.105000019073486,5.107500076293945,4.592977523803711,1670800
2003-06-20,5.15749979019165,5.224999904632568,5.127500057220459,5.199999809265137,4.676158428192139,660400
2003-06-23,5.199999809265137,5.199999809265137,5.025000095367432,5.070000171661377,4.559255123138428,805600
2003-06-24,5.050000190734863,5.087500095367432,5.007500171661377,5.065000057220459,4.5547590255737305,860000
2003-06-25,5.099999904632568,5.170000076293945,5.025000095367432,5.117499828338623,4.601968765258789,638400
2003-06-26,5.21999979019165,5.397500038146973,5.1875,5.34250020980835,4.804303169250488,1039600
2003-06-27,5.40500020980835,5.494999885559082,5.28000020980835,5.304999828338623,4.770581245422363,1046000
2003-06-30,5.349999904632568,5.462500095367432,5.3125,5.362500190734863,4.822288990020752,1248800
2003-07-01,5.362500190734863,5.412499904632568,5.204999923706055,5.409999847412109,4.865004062652588,957600
2003-07-02,5.409999847412109,5.527500152587891,5.409999847412109,5.494999885559082,4.941441059112549,1831600
2003-07-03,5.457499980926514,5.480000019073486,5.380000114440918,5.382500171661377,4.840274333953857,413200
2003-07-07,5.4375,5.59499979019165,5.4375,5.59499979019165,5.031367778778076,1477200
2003-07-08,5.5,5.537499904632568,5.462500095367432,5.489999771118164,4.936943531036377,3644800
2003-07-09,5.525000095367432,5.71999979019165,5.517499923706055,5.697500228881836,5.123539447784424,1276800
2003-07-10,5.662499904632568,5.662499904632568,5.349999904632568,5.377500057220459,4.835777759552002,1228400
2003-07-11,5.377500057220459,5.474999904632568,5.329999923706055,5.427499771118164,4.880741119384766,1310400
2003-07-14,5.5,5.650000095367432,5.457499980926514,5.637499809265137,5.06958532333374,864000
2003-07-15,5.699999809265137,5.699999809265137,5.587500095367432,5.614999771118164,5.049353122711182,1988000
2003-07-16,5.614999771118164,5.739999771118164,5.599999904632568,5.710000038146973,5.134782314300537,2946000
2003-07-17,5.6875,5.737500190734863,5.537499904632568,5.552499771118164,4.993148326873779,2066400
2003-07-18,5.614999771118164,5.662499904632568,5.525000095367432,5.607500076293945,5.04260778427124,1596800
2003-07-21,5.610000133514404,5.722499847412109,5.559999942779541,5.690000057220459,5.116796493530273,1787600
2003-07-22,5.752500057220459,6.042500019073486,5.730000019073486,6.039999961853027,5.431538105010986,2325600
2003-07-23,6.025000095367432,6.137499809265137,5.927499771118164,5.985000133514404,5.382080078125,2952000
2003-07-24,5.992499828338623,6.207499980926514,5.992499828338623,6.005000114440918,5.400063514709473,4836000
2003-07-25,6.054999828338623,6.150000095367432,5.982500076293945,6.022500038146973,5.415801525115967,1558400
2003-07-28,6.037499904632568,6.210000038146973,5.982500076293945,6.207499980926514,5.582165718078613,1319600
2003-07-29,6.212500095367432,6.212500095367432,6.014999866485596,6.067500114440918,5.456267356872559,1723600
2003-07-30,6.059999942779541,6.0625,5.96999979019165,6.005000114440918,5.400063514709473,2032000
2003-07-31,6.067500114440918,6.1875,6.0,6.114999771118164,5.498981952667236,746800
2003-08-01,6.052499771118164,6.072500228881836,5.900000095367432,5.922500133514404,5.325875759124756,1239200
2003-08-04,5.925000190734863,5.925000190734863,5.59499979019165,5.767499923706055,5.186489582061768,1888400
2003-08-05,5.767499923706055,5.767499923706055,5.599999904632568,5.602499961853027,5.038111209869385,1380000
2003-08-06,5.602499961853027,5.647500038146973,5.512499809265137,5.539999961853027,4.981907367706299,1459600
2003-08-07,5.5625,5.599999904632568,5.474999904632568,5.59250020980835,5.029119491577148,903600
2003-08-08,5.574999809265137,5.897500038146973,5.550000190734863,5.885000228881836,5.292153835296631,1308800
2003-08-11,6.0,6.045000076293945,5.902500152587891,6.045000076293945,5.436034202575684,2328000
2003-08-12,6.045000076293945,6.099999904632568,6.034999847412109,6.09499979019165,5.480997085571289,1212000
2003-08-13,6.087500095367432,6.087500095367432,6.022500038146973,6.042500019073486,5.433786392211914,826800
2003-08-14,6.025000095367432,6.150000095367432,6.012499809265137,6.150000095367432,5.530457019805908,1222800
2003-08-15,6.125,6.170000076293945,6.079999923706055,6.170000076293945,5.548442840576172,337600
2003-08-18,6.150000095367432,6.34250020980835,6.150000095367432,6.307499885559082,5.672089576721191,865200
2003-08-19,6.275000095367432,6.380000114440918,6.230000019073486,6.367499828338623,5.726046562194824,553600
2003-08-20,6.362500190734863,6.474999904632568,6.349999904632568,6.400000095367432,5.75527286529541,443200
2003-08-21,6.4375,6.510000228881836,6.427499771118164,6.489999771118164,5.836206912994385,896400
2003-08-22,6.565000057220459,6.587500095367432,6.449999809265137,6.480000019073486,5.827213764190674,1689600
2003-08-25,6.675000190734863,6.860000133514404,6.599999904632568,6.699999809265137,6.025051593780518,2338400
2003-08-26,6.702499866485596,6.75,6.567500114440918,6.65749979019165,5.986832618713379,789200
2003-08-27,6.632500171661377,6.724999904632568,6.574999809265137,6.699999809265137,6.025051593780518,1230400
2003-08-28,6.675000190734863,6.777500152587891,6.635000228881836,6.760000228881836,6.079007148742676,634800
2003-08-29,6.724999904632568,6.925000190734863,6.715000152587891,6.897500038146973,6.20265531539917,505600
2003-09-02,6.875,7.034999847412109,6.849999904632568,7.027500152587891,6.319558620452881,850000
2003-09-03,7.027500152587891,7.327499866485596,7.002500057220459,7.237500190734863,6.508403778076172,2042400
2003-09-04,7.224999904632568,7.3125,7.164999961853027,7.252500057220459,6.52189302444458,2351200
2003-09-05,7.255000114440918,7.34499979019165,7.1875,7.3125,6.5758490562438965,1245200
2003-09-08,7.324999809265137,7.440000057220459,7.302499771118164,7.34250020980835,6.602827072143555,3199600
2003-09-09,7.28000020980835,7.332499980926514,7.117499828338623,7.152500152587891,6.431966781616211,1406400
2003-09-10,7.150000095367432,7.152500152587891,7.050000190734863,7.067500114440918,6.355530261993408,949200
2003-09-11,7.0,7.090000152587891,6.962500095367432,7.070000171661377,6.357778072357178,3972000
2003-09-12,7.070000171661377,7.199999809265137,7.025000095367432,7.177499771118164,6.4544477462768555,2860400
2003-09-15,7.177499771118164,7.309999942779541,7.175000190734863,7.237500190734863,6.508403778076172,678800
2003-09-16,7.199999809265137,7.28249979019165,7.112500190734863,7.192500114440918,6.46793794631958,828000
2003-09-17,7.199999809265137,7.262499809265137,7.15500020980835,7.159999847412109,6.438711166381836,1296000
2003-09-18,7.162499904632568,7.277500152587891,7.112500190734863,7.272500038146973,6.539876937866211,1168400
2003-09-19,7.272500038146973,7.300000190734863,7.182499885559082,7.275000095367432,6.5421271324157715,918400
2003-09-22,7.162499904632568,7.277500152587891,7.142499923706055,7.230000019073486,6.501659870147705,1490800
2003-09-23,7.199999809265137,7.300000190734863,7.125,7.300000190734863,6.564608097076416,1015600
2003-09-24,7.275000095367432,7.385000228881836,7.207499980926514,7.224999904632568,6.497162342071533,2591200
2003-09-25,7.224999904632568,7.230000019073486,7.025000095367432,7.050000190734863,6.339792251586914,1604800
2003-09-26,7.099999904632568,7.112500190734863,6.862500190734863,6.909999847412109,6.213895320892334,1746800
2003-09-29,6.875,7.045000076293945,6.702499866485596,7.039999961853027,6.3308000564575195,3287600
2003-09-30,7.039999961853027,7.042500019073486,6.875,6.954999923706055,6.254363536834717,3562000
2003-10-01,6.987500190734863,7.210000038146973,6.980000019073486,7.190000057220459,6.465689182281494,956400
2003-10-02,7.192500114440918,7.262499809265137,7.099999904632568,7.184999942779541,6.461192607879639,584000
2003-10-03,7.247499942779541,7.474999904632568,7.247499942779541,7.429999828338623,6.681512355804443,958400
2003-10-06,7.429999828338623,7.5625,7.425000190734863,7.5625,6.800662994384766,1232400
2003-10-07,7.5625,7.612500190734863,7.485000133514404,7.610000133514404,6.84337854385376,4493600
2003-10-08,7.585000038146973,7.672500133514404,7.492499828338623,7.632500171661377,6.863613128662109,1501600
2003-10-09,7.762499809265137,7.965000152587891,7.737500190734863,7.900000095367432,7.104165554046631,3484800
2003-10-10,7.900000095367432,7.900000095367432,7.684999942779541,7.692500114440918,6.917567729949951,2212000
2003-10-13,7.690000057220459,7.925000190734863,7.690000057220459,7.917500019073486,7.119901180267334,880400
2003-10-14,7.855000019073486,7.909999847412109,7.775000095367432,7.8125,7.025478839874268,1111200
2003-10-15,7.837500095367432,7.84250020980835,7.712500095367432,7.747499942779541,6.967026710510254,730800
2003-10-16,7.75,7.84499979019165,7.684999942779541,7.722499847412109,6.944545269012451,1169600
2003-10-17,7.722499847412109,7.722499847412109,7.502500057220459,7.519999980926514,6.762445449829102,940000
2003-10-20,7.522500038146973,7.724999904632568,7.517499923706055,7.724999904632568,6.946794509887695,643200
2003-10-21,7.875,7.934999942779541,7.690000057220459,7.724999904632568,6.946794509887695,2279200
2003-10-22,7.375,7.375,7.0,7.1875,6.463441848754883,2477600
2003-10-23,7.112500190734863,7.137499809265137,6.887499809265137,6.912499904632568,6.216142654418945,2277600
2003-10-24,6.824999809265137,6.837500095367432,6.755000114440918,6.8125,6.126217365264893,1371600
2003-10-27,6.925000190734863,7.102499961853027,6.912499904632568,7.074999809265137,6.362274169921875,1031200
2003-10-28,7.137499809265137,7.269999980926514,7.137499809265137,7.264999866485596,6.533133506774902,1023200
2003-10-29,7.267499923706055,7.40749979019165,7.267499923706055,7.337500095367432,6.598330497741699,1304000
2003-10-30,7.362500190734863,7.400000095367432,7.262499809265137,7.347499847412109,6.607322692871094,840000
2003-10-31,7.34250020980835,7.34499979019165,7.1875,7.197500228881836,6.4724345207214355,1066000
2003-11-03,7.175000190734863,7.190000057220459,7.079999923706055,7.137499809265137,6.418477535247803,1711200
2003-11-04,7.125,7.125,7.0,7.037499904632568,6.328551769256592,1358400
2003-11-05,7.037499904632568,7.0625,6.960000038146973,7.039999961853027,6.3308000564575195,583600
2003-11-06,7.037499904632568,7.144999980926514,6.989999771118164,7.144999980926514,6.425222396850586,794000
2003-11-07,7.162499904632568,7.195000171661377,7.079999923706055,7.110000133514404,6.393748760223389,780400
2003-11-10,7.110000133514404,7.119999885559082,6.96999979019165,6.96999979019165,6.26785135269165,1611200
2003-11-11,6.96999979019165,6.96999979019165,6.90749979019165,6.927499771118164,6.2296319007873535,1057600
2003-11-12,6.869999885559082,7.034999847412109,6.869999885559082,7.022500038146973,6.315062999725342,905600
2003-11-13,7.022500038146973,7.022500038146973,6.927499771118164,6.949999809265137,6.249866008758545,933200
2003-11-14,6.9375,7.025000095367432,6.857500076293945,6.885000228881836,6.191414833068848,619200
2003-11-17,6.824999809265137,6.849999904632568,6.6875,6.724999904632568,6.047532081604004,876000
2003-11-18,6.712500095367432,6.78000020980835,6.579999923706055,6.625,5.957607269287109,662000
2003-11-19,6.627500057220459,6.675000190734863,6.534999847412109,6.599999904632568,5.935123443603516,862400
2003-11-20,6.5625,6.699999809265137,6.485000133514404,6.664999961853027,5.993576526641846,867600
2003-11-21,6.727499961853027,6.862500190734863,6.650000095367432,6.860000133514404,6.1689324378967285,2473600
2003-11-24,6.862500190734863,7.122499942779541,6.862500190734863,7.122499942779541,6.404987812042236,1724000
2003-11-25,7.21999979019165,7.247499942779541,7.167500019073486,7.222499847412109,6.4949140548706055,512000
2003-11-26,7.272500038146973,7.272500038146973,7.005000114440918,7.204999923706055,6.4791789054870605,602000
2003-11-28,7.1875,7.255000114440918,7.170000076293945,7.190000057220459,6.465689182281494,245600
2003-12-01,7.25,7.300000190734863,7.175000190734863,7.262499809265137,6.530884742736816,902800
2003-12-02,7.262499809265137,7.262499809265137,6.965000152587891,6.974999904632568,6.272347450256348,660800
2003-12-03,6.962500095367432,6.974999904632568,6.6875,6.712500095367432,6.036291599273682,1391600
2003-12-04,6.75,6.75,6.429999828338623,6.599999904632568,5.935123443603516,844800
2003-12-05,6.599999904632568,6.599999904632568,6.204999923706055,6.367499828338623,5.726046562194824,1806800
2003-12-08,6.494999885559082,6.5,6.307499885559082,6.40749979019165,5.762018203735352,1191600
2003-12-09,6.462500095367432,6.534999847412109,6.375,6.375,5.732790470123291,1177600
2003-12-10,6.4375,6.4375,6.190000057220459,6.237500190734863,5.609142780303955,956400
2003-12-11,6.25,6.619999885559082,6.25,6.619999885559082,5.9531097412109375,1138800
2003-12-12,6.619999885559082,6.787499904632568,6.577499866485596,6.662499904632568,5.99132776260376,782400
2003-12-15,6.762499809265137,6.775000095367432,6.482500076293945,6.482500076293945,5.829462051391602,960400
2003-12-16,6.525000095367432,6.715000152587891,6.382500171661377,6.675000190734863,6.002570152282715,2058000
2003-12-17,6.677499771118164,6.682499885559082,6.512499809265137,6.622499942779541,5.955357551574707,1480000
2003-12-18,6.647500038146973,6.824999809265137,6.622499942779541,6.800000190734863,6.1149773597717285,1056000
2003-12-19,6.824999809265137,6.855000019073486,6.75,6.807499885559082,6.121722221374512,750000
2003-12-22,6.807499885559082,6.809999942779541,6.679999828338623,6.809999942779541,6.123970031738281,650000
2003-12-23,6.775000095367432,6.892499923706055,6.755000114440918,6.885000228881836,6.191414833068848,577600
2003-12-24,6.9375,6.957499980926514,6.849999904632568,6.945000171661377,6.245370864868164,522000
2003-12-26,6.912499904632568,6.962500095367432,6.912499904632568,6.912499904632568,6.216142654418945,146000
2003-12-29,6.949999809265137,7.019999980926514,6.912499904632568,6.985000133514404,6.2813401222229,497200
2003-12-30,6.985000133514404,6.985000133514404,6.875,6.892499923706055,6.1981587409973145,358000
2003-12-31,6.925000190734863,6.980000019073486,6.822500228881836,6.822500228881836,6.13521146774292,624000
2004-01-02,6.880000114440918,7.045000076293945,6.880000114440918,6.949999809265137,6.249866008758545,504000
2004-01-05,7.0,7.034999847412109,6.887499809265137,6.934999942779541,6.236377239227295,718400
2004-01-06,6.900000095367432,7.275000095367432,6.875,7.244999885559082,6.5151495933532715,986800
2004-01-07,7.295000076293945,7.309999942779541,7.137499809265137,7.137499809265137,6.418477535247803,768400
2004-01-08,7.162499904632568,7.162499904632568,7.037499904632568,7.074999809265137,6.362274169921875,1004800
2004-01-09,7.025000095367432,7.057499885559082,6.917500019073486,6.917500019073486,6.220639705657959,656000
2004-01-12,6.920000076293945,6.982500076293945,6.855000019073486,6.894999980926514,6.2004075050354,580000
2004-01-13,6.957499980926514,6.957499980926514,6.837500095367432,6.912499904632568,6.216142654418945,657200
2004-01-14,6.912499904632568,7.097499847412109,6.849999904632568,7.054999828338623,6.3442888259887695,1292400
2004-01-15,7.117499828338623,7.125,6.8125,6.932499885559082,6.234129905700684,1282000
2004-01-16,7.007500171661377,7.042500019073486,6.914999961853027,7.042500019073486,6.3330488204956055,811200
2004-01-20,7.050000190734863,7.050000190734863,6.829999923706055,6.954999923706055,6.254363536834717,858000
2004-01-21,6.954999923706055,7.182499885559082,6.875,7.170000076293945,6.447703838348389,660000
2004-01-22,7.255000114440918,7.317500114440918,7.112500190734863,7.227499961853027,6.499410152435303,864400
2004-01-23,7.227499961853027,7.262499809265137,7.0625,7.204999923706055,6.4791789054870605,523200
2004-01-26,7.175000190734863,7.184999942779541,7.065000057220459,7.184999942779541,6.461192607879639,550800
2004-01-27,7.224999904632568,7.260000228881836,7.175000190734863,7.177499771118164,6.4544477462768555,676800
2004-01-28,7.15500020980835,7.15500020980835,6.474999904632568,6.652500152587891,5.98233699798584,2204000
2004-01-29,6.8125,7.15500020980835,6.8125,7.15500020980835,6.4342145919799805,3025600
2004-01-30,7.150000095367432,7.150000095367432,6.84499979019165,6.949999809265137,6.249866008758545,1200000
2004-02-02,7.025000095367432,7.03000020980835,6.827499866485596,6.852499961853027,6.162188529968262,1036800
2004-02-03,6.855000019073486,6.900000095367432,6.800000190734863,6.800000190734863,6.1149773597717285,842000
2004-02-04,6.787499904632568,6.817500114440918,6.644999980926514,6.65749979019165,5.986832618713379,736400
2004-02-05,6.659999847412109,6.789999961853027,6.627500057220459,6.684999942779541,6.011561393737793,954800
2004-02-06,6.684999942779541,6.90749979019165,6.664999961853027,6.894999980926514,6.2004075050354,551200
2004-02-09,6.894999980926514,6.894999980926514,6.742499828338623,6.775000095367432,6.092496871948242,602000
2004-02-10,6.775000095367432,6.862500190734863,6.632500171661377,6.71750020980835,6.040787696838379,640800
2004-02-11,6.642499923706055,6.824999809265137,6.642499923706055,6.8125,6.126217365264893,522800
2004-02-12,6.8125,6.892499923706055,6.795000076293945,6.824999809265137,6.137458801269531,479600
2004-02-13,6.837500095367432,6.862500190734863,6.625,6.737500190734863,6.058774471282959,573600
2004-02-17,6.724999904632568,6.912499904632568,6.715000152587891,6.892499923706055,6.1981587409973145,574800
2004-02-18,6.900000095367432,6.922500133514404,6.75,6.760000228881836,6.079007148742676,629600
2004-02-19,6.817500114440918,6.862500190734863,6.625,6.627500057220459,5.959853649139404,420000
2004-02-20,6.650000095367432,6.704999923706055,6.514999866485596,6.650000095367432,5.980087757110596,631200
2004-02-23,6.667500019073486,6.667500019073486,6.5,6.53249979019165,5.874424457550049,795600
2004-02-24,6.534999847412109,6.612500190734863,6.46750020980835,6.525000095367432,5.867680072784424,542400
2004-02-25,6.525000095367432,6.635000228881836,6.489999771118164,6.599999904632568,5.935123443603516,416000
2004-02-26,6.602499961853027,6.602499961853027,6.460000038146973,6.5,5.845199108123779,2111200
2004-02-27,6.5,6.537499904632568,6.375,6.434999942779541,5.786746501922607,779200
2004-03-01,6.420000076293945,6.550000190734863,6.414999961853027,6.525000095367432,5.867680072784424,1286800
2004-03-02,6.567500114440918,6.59250020980835,6.40500020980835,6.40500020980835,5.759768486022949,988400
2004-03-03,6.400000095367432,6.4375,6.315000057220459,6.394999980926514,5.750777244567871,1129200
2004-03-04,6.400000095367432,6.5,6.389999866485596,6.449999809265137,5.800236225128174,784000
2004-03-05,6.4375,6.487500190734863,6.377500057220459,6.434999942779541,5.786746501922607,422400
2004-03-08,6.397500038146973,6.525000095367432,6.324999809265137,6.329999923706055,5.692323207855225,877600
2004-03-09,6.329999923706055,6.329999923706055,6.014999866485596,6.079999923706055,5.467507839202881,2092400
2004-03-10,6.130000114440918,6.300000190734863,6.077499866485596,6.09499979019165,5.480997085571289,986000
2004-03-11,6.09499979019165,6.09499979019165,5.792500019073486,5.792500019073486,5.208971977233887,1492000
2004-03-12,5.855000019073486,6.057499885559082,5.855000019073486,6.03000020980835,5.422545433044434,1624000
2004-03-15,6.150000095367432,6.204999923706055,5.837500095367432,5.900000095367432,5.305642127990723,1756000
2004-03-16,5.927499771118164,5.96999979019165,5.75,5.767499923706055,5.186489582061768,1317200
2004-03-17,5.9375,6.119999885559082,5.855000019073486,6.102499961853027,5.487742900848389,1795600
2004-03-18,6.027500152587891,6.050000190734863,5.815000057220459,5.887499809265137,5.294402122497559,1091200
2004-03-19,5.889999866485596,5.912499904632568,5.832499980926514,5.875,5.2831597328186035,623200
2004-03-22,5.867499828338623,5.867499828338623,5.6875,5.724999904632568,5.148270606994629,1544000
2004-03-23,5.787499904632568,5.902500152587891,5.724999904632568,5.724999904632568,5.148270606994629,3972000
2004-03-24,5.699999809265137,5.735000133514404,5.574999809265137,5.607500076293945,5.04260778427124,1230000
2004-03-25,5.662499904632568,5.804999828338623,5.65749979019165,5.800000190734863,5.2157158851623535,2639600
2004-03-26,5.800000190734863,6.054999828338623,5.772500038146973,5.927499771118164,5.3303704261779785,955200
2004-03-29,6.012499809265137,6.105000019073486,6.012499809265137,6.057499885559082,5.447275638580322,1964800
2004-03-30,6.025000095367432,6.09250020980835,5.925000190734863,6.012499809265137,5.4068098068237305,1590400
2004-03-31,6.012499809265137,6.300000190734863,5.985000133514404,6.164999961853027,5.543945789337158,1466400
2004-04-01,6.150000095367432,6.212500095367432,6.012499809265137,6.170000076293945,5.548442840576172,1223200
2004-04-02,6.262499809265137,6.412499904632568,6.262499809265137,6.332499980926514,5.694573402404785,967200
2004-04-05,6.337500095367432,6.387499809265137,6.227499961853027,6.3125,5.676586627960205,1301200
2004-04-06,6.349999904632568,6.792500019073486,6.337500095367432,6.752500057220459,6.072263240814209,6208000
2004-04-07,6.712500095367432,6.712500095367432,6.53000020980835,6.617499828338623,5.950861930847168,2203200
2004-04-08,6.699999809265137,6.699999809265137,6.537499904632568,6.572500228881836,5.910394191741943,635600
2004-04-12,6.5625,6.672500133514404,6.502500057220459,6.53000020980835,5.872176647186279,584400
2004-04-13,6.474999904632568,6.512499809265137,6.309999942779541,6.332499980926514,5.694573402404785,1505200
2004-04-14,6.332499980926514,6.5,6.307499885559082,6.377500057220459,5.735040187835693,1052800
2004-04-15,6.389999866485596,6.40749979019165,6.230000019073486,6.322500228881836,5.685580730438232,3329200
2004-04-16,6.324999809265137,6.425000190734863,6.199999809265137,6.417500019073486,5.7710089683532715,1505600
2004-04-19,6.392499923706055,6.397500038146973,6.257500171661377,6.357500076293945,5.7170538902282715,912000
2004-04-20,6.412499904632568,6.525000095367432,6.302499771118164,6.322500228881836,5.685580730438232,710800
2004-04-21,6.362500190734863,6.574999809265137,6.292500019073486,6.514999866485596,5.858686923980713,1141200
2004-04-22,6.525000095367432,6.737500190734863,6.505000114440918,6.677499771118164,6.00481653213501,907200
2004-04-23,6.614999771118164,6.614999771118164,6.215000152587891,6.28249979019165,5.649609088897705,1999600
2004-04-26,6.275000095367432,6.275000095367432,6.045000076293945,6.110000133514404,5.494487285614014,1872800
2004-04-27,6.099999904632568,6.130000114440918,5.917500019073486,5.960000038146973,5.359598636627197,2691600
2004-04-28,5.96999979019165,5.96999979019165,5.75,5.775000095367432,5.193233966827393,1832800
2004-04-29,5.800000190734863,5.8125,5.554999828338623,5.679999828338623,5.107804298400879,1702400
2004-04-30,5.675000190734863,5.677499771118164,5.5,5.53249979019165,4.975162982940674,2327600
2004-05-03,5.552499771118164,5.619999885559082,5.380000114440918,5.46999979019165,4.918959617614746,2766400
2004-05-04,5.497499942779541,5.550000190734863,5.324999809265137,5.457499980926514,4.907718658447266,1196000
2004-05-05,5.550000190734863,5.59499979019165,5.46750020980835,5.525000095367432,4.968420028686523,1438000
2004-05-06,5.512499809265137,5.512499809265137,5.212500095367432,5.247499942779541,4.718873977661133,4398000
2004-05-07,5.247499942779541,5.297500133514404,5.110000133514404,5.114999771118164,4.599721908569336,2552800
2004-05-10,5.117499828338623,5.119999885559082,4.962500095367432,5.0,4.496306419372559,2882800
2004-05-11,5.002500057220459,5.135000228881836,4.985000133514404,5.019999980926514,4.514292240142822,2019200
2004-05-12,5.005000114440918,5.119999885559082,4.914999961853027,5.065000057220459,4.5547590255737305,3129600
2004-05-13,5.074999809265137,5.162499904632568,5.019999980926514,5.054999828338623,4.5457658767700195,1535600
2004-05-14,5.072500228881836,5.110000133514404,4.952499866485596,4.96750020980835,4.467080116271973,1286400
2004-05-17,4.925000190734863,4.96750020980835,4.815000057220459,4.887499809265137,4.395139217376709,1536000
2004-05-18,4.949999809265137,5.037499904632568,4.887499809265137,4.960000038146973,4.460334777832031,1676800
2004-05-19,4.987500190734863,5.150000095367432,4.982500076293945,5.067500114440918,4.5570068359375,3619600
2004-05-20,5.067500114440918,5.105000019073486,4.962500095367432,5.03000020980835,4.523285865783691,1149600
2004-05-21,5.0625,5.144999980926514,5.014999866485596,5.074999809265137,4.563750743865967,1667200
2004-05-24,5.137499809265137,5.25,5.037499904632568,5.122499942779541,4.606466770172119,2075600
2004-05-25,5.125,5.25,5.039999961853027,5.212500095367432,4.6874003410339355,2117200
2004-05-26,5.215000152587891,5.237500190734863,5.177499771118164,5.212500095367432,4.6874003410339355,776400
2004-05-27,5.244999885559082,5.327499866485596,5.175000190734863,5.21750020980835,4.691896915435791,845600
2004-05-28,5.212500095367432,5.269999980926514,5.144999980926514,5.150000095367432,4.631195545196533,670000
2004-06-01,5.150000095367432,5.150000095367432,5.025000095367432,5.099999904632568,4.586233139038086,1236000
2004-06-02,5.162499904632568,5.275000095367432,5.059999942779541,5.237500190734863,4.709880828857422,1457200
2004-06-03,5.224999904632568,5.237500190734863,5.0625,5.077499866485596,4.565999507904053,1410400
2004-06-04,5.199999809265137,5.275000095367432,5.087500095367432,5.262499809265137,4.732362270355225,1574000
2004-06-07,5.3125,5.454999923706055,5.3125,5.449999809265137,4.900974750518799,2351200
2004-06-08,5.46999979019165,5.724999904632568,5.462500095367432,5.622499942779541,5.056096076965332,2733600
2004-06-09,5.650000095367432,5.8125,5.599999904632568,5.625,5.058345317840576,2092400
2004-06-10,5.625,5.625,5.440000057220459,5.452499866485596,4.90322208404541,1990800
2004-06-14,5.449999809265137,5.525000095367432,5.400000095367432,5.462500095367432,4.912215232849121,1139600
2004-06-15,5.465000152587891,5.554999828338623,5.414999961853027,5.510000228881836,4.954929828643799,1407200
2004-06-16,5.510000228881836,5.612500190734863,5.440000057220459,5.53249979019165,4.975162982940674,960000
2004-06-17,5.53249979019165,5.545000076293945,5.440000057220459,5.522500038146973,4.9661712646484375,646800
2004-06-18,5.522500038146973,5.667500019073486,5.502500057220459,5.632500171661377,5.065089702606201,954400
2004-06-21,5.612500190734863,5.71750020980835,5.527500152587891,5.692500114440918,5.119044780731201,1233200
2004-06-22,5.6875,5.695000171661377,5.565000057220459,5.605000019073486,5.040360927581787,1076000
2004-06-23,5.637499809265137,5.737500190734863,5.5625,5.735000133514404,5.157264232635498,1057200
2004-06-24,5.735000133514404,5.760000228881836,5.650000095367432,5.6875,5.114548206329346,1199200
2004-06-25,5.712500095367432,5.762499809265137,5.682499885559082,5.752500057220459,5.173000812530518,707200
2004-06-28,5.869999885559082,5.974999904632568,5.775000095367432,5.889999866485596,5.296648025512695,1349600
2004-06-29,5.887499809265137,5.994999885559082,5.849999904632568,5.900000095367432,5.305642127990723,1210000
2004-06-30,5.900000095367432,5.96999979019165,5.875,5.96750020980835,5.366342544555664,1136400
2004-07-01,5.96750020980835,6.012499809265137,5.852499961853027,5.855000019073486,5.265174388885498,1290800
2004-07-02,5.867499828338623,5.867499828338623,5.724999904632568,5.772500038146973,5.190986633300781,712000
2004-07-06,5.772500038146973,5.802499771118164,5.627500057220459,5.764999866485596,5.184239864349365,1295200
2004-07-07,5.755000114440918,5.855000019073486,5.664999961853027,5.692500114440918,5.119044780731201,995600
2004-07-08,5.650000095367432,5.672500133514404,5.4375,5.4375,4.889733791351318,1224000
2004-07-09,5.474999904632568,5.522500038146973,5.382500171661377,5.425000190734863,4.878493309020996,1050000
2004-07-12,5.445000171661377,5.632500171661377,5.425000190734863,5.537499904632568,4.979660511016846,906000
2004-07-13,5.527500152587891,5.53000020980835,5.269999980926514,5.277500152587891,4.745852947235107,1127600
2004-07-14,5.25,5.284999847412109,5.102499961853027,5.21999979019165,4.694143295288086,2072400
2004-07-15,5.25,5.3125,5.175000190734863,5.262499809265137,4.732362270355225,830000
2004-07-16,5.257500171661377,5.257500171661377,4.945000171661377,4.962500095367432,4.462584018707275,1311200
2004-07-19,5.025000095367432,5.139999866485596,4.962500095367432,5.034999847412109,4.527780532836914,1408000
2004-07-20,5.045000076293945,5.357500076293945,5.025000095367432,5.332499980926514,4.79531192779541,1432400
2004-07-21,5.377500057220459,5.392499923706055,5.074999809265137,5.085000038146973,4.572743892669678,2030000
2004-07-22,5.090000152587891,5.304999828338623,4.927499771118164,5.137499809265137,4.619956016540527,2315200
2004-07-23,5.147500038146973,5.224999904632568,5.0625,5.067500114440918,4.5570068359375,1212400
2004-07-26,5.107500076293945,5.127500057220459,5.007500171661377,5.074999809265137,4.563750743865967,1156800
2004-07-27,5.072500228881836,5.117499828338623,5.005000114440918,5.09250020980835,4.579489231109619,1415200
2004-07-28,5.087500095367432,5.087500095367432,4.940000057220459,5.022500038146973,4.516540050506592,1040800
2004-07-29,5.085000038146973,5.3125,5.074999809265137,5.28249979019165,4.750347137451172,1147600
2004-07-30,5.25,5.25,5.102499961853027,5.207499980926514,4.682904243469238,913600
2004-08-02,5.207499980926514,5.207499980926514,5.0,5.082499980926514,4.570496559143066,1006000
2004-08-03,5.082499980926514,5.097499847412109,5.005000114440918,5.012499809265137,4.507546901702881,820000
2004-08-04,5.027500152587891,5.232500076293945,4.949999809265137,5.175000190734863,4.653677463531494,1902800
2004-08-05,5.137499809265137,5.139999866485596,4.962500095367432,4.977499961853027,4.476073741912842,1291200
2004-08-06,4.977499961853027,5.045000076293945,4.807499885559082,4.822500228881836,4.33668851852417,2024400
2004-08-09,4.824999809265137,4.900000095367432,4.684999942779541,4.71999979019165,4.244513511657715,1323200
2004-08-10,4.775000095367432,4.960000038146973,4.75,4.947500228881836,4.449095726013184,1192400
2004-08-11,4.912499904632568,5.074999809265137,4.817500114440918,5.007500171661377,4.5030517578125,1773600
2004-08-12,4.994999885559082,4.997499942779541,4.862500190734863,4.949999809265137,4.451344013214111,1142400
2004-08-13,4.949999809265137,5.0,4.837500095367432,4.894999980926514,4.401884078979492,846400
2004-08-16,4.9375,5.099999904632568,4.929999828338623,5.087500095367432,4.574991703033447,1057200
2004-08-17,5.102499961853027,5.192500114440918,5.087500095367432,5.142499923706055,4.624451637268066,566000
2004-08-18,5.125,5.369999885559082,5.0625,5.340000152587891,4.802055358886719,942800
2004-08-19,5.320000171661377,5.327499866485596,5.110000133514404,5.152500152587891,4.633443832397461,888000
2004-08-20,5.15500020980835,5.409999847412109,5.152500152587891,5.357500076293945,4.817792892456055,494800
2004-08-23,5.360000133514404,5.412499904632568,5.260000228881836,5.340000152587891,4.802055358886719,819600
2004-08-24,5.380000114440918,5.537499904632568,5.362500190734863,5.489999771118164,4.936943531036377,1158000
2004-08-25,5.5,5.622499942779541,5.40500020980835,5.617499828338623,5.051600456237793,908800
2004-08-26,5.627500057220459,5.855000019073486,5.612500190734863,5.817500114440918,5.231452465057373,1790800
2004-08-27,5.724999904632568,5.727499961853027,5.567500114440918,5.707499980926514,5.132534027099609,1747200
2004-08-30,5.710000038146973,5.954999923706055,5.625,5.900000095367432,5.305642127990723,2049200
2004-08-31,5.900000095367432,5.940000057220459,5.8125,5.885000228881836,5.292153835296631,1939200
2004-09-01,5.887499809265137,5.894999980926514,5.675000190734863,5.732500076293945,5.1550140380859375,1741600
2004-09-02,5.732500076293945,5.887499809265137,5.697500228881836,5.8125,5.226957321166992,1490400
2004-09-03,5.822500228881836,5.864999771118164,5.777500152587891,5.84499979019165,5.25618314743042,1445200
2004-09-07,5.900000095367432,5.949999809265137,5.762499809265137,5.872499942779541,5.280912399291992,1658000
2004-09-08,5.849999904632568,5.922500133514404,5.767499923706055,5.882500171661377,5.2899041175842285,2579200
2004-09-09,5.857500076293945,5.929999828338623,5.797500133514404,5.927499771118164,5.3303704261779785,2547200
2004-09-10,5.877500057220459,6.159999847412109,5.837500095367432,6.15500020980835,5.534953594207764,1531600
2004-09-13,6.15500020980835,6.192500114440918,6.042500019073486,6.125,5.507975101470947,1956000
2004-09-14,6.125,6.25,6.09499979019165,6.224999904632568,5.597901344299316,1332000
2004-09-15,6.244999885559082,6.244999885559082,6.087500095367432,6.15500020980835,5.534953594207764,1272400
2004-09-16,6.202499866485596,6.275000095367432,6.167500019073486,6.255000114440918,5.624881267547607,1099600
2004-09-17,6.300000190734863,6.300000190734863,6.102499961853027,6.21999979019165,5.593404769897461,1190000
2004-09-20,6.21999979019165,6.332499980926514,6.125,6.302499771118164,5.667593955993652,1516400
2004-09-21,6.349999904632568,6.425000190734863,6.297500133514404,6.412499904632568,5.766513347625732,1221200
2004-09-22,6.387499809265137,6.387499809265137,6.202499866485596,6.202499866485596,5.577668190002441,2272400
2004-09-23,6.204999923706055,6.239999771118164,6.117499828338623,6.167500019073486,5.5461955070495605,1388400
2004-09-24,6.170000076293945,6.199999809265137,6.022500038146973,6.057499885559082,5.447275638580322,1112800
2004-09-27,6.050000190734863,6.15749979019165,5.900000095367432,6.059999942779541,5.449522495269775,1527600
2004-09-28,6.059999942779541,6.137499809265137,5.974999904632568,6.112500190734863,5.496735095977783,1467200
2004-09-29,6.112500190734863,6.324999809265137,6.042500019073486,6.260000228881836,5.6293768882751465,2593200
2004-09-30,6.260000228881836,6.272500038146973,6.139999866485596,6.195000171661377,5.570924282073975,1436000
2004-10-01,6.224999904632568,6.375,6.130000114440918,6.375,5.732790470123291,2844400
2004-10-04,6.40500020980835,6.514999866485596,6.400000095367432,6.489999771118164,5.836206912994385,1169200
2004-10-05,6.4375,6.4375,6.147500038146973,6.207499980926514,5.582165718078613,1449600
2004-10-06,6.207499980926514,6.347499847412109,6.177499771118164,6.335000038146973,5.696821212768555,1143200
2004-10-07,6.300000190734863,6.300000190734863,6.15500020980835,6.162499904632568,5.5416975021362305,1231200
2004-10-08,6.15749979019165,6.244999885559082,6.132500171661377,6.152500152587891,5.532705783843994,821600
2004-10-11,6.152500152587891,6.212500095367432,6.122499942779541,6.15749979019165,5.53720235824585,917600
2004-10-12,6.09499979019165,6.182499885559082,6.045000076293945,6.144999980926514,5.5259599685668945,1755200
2004-10-13,6.375,6.375,6.210000038146973,6.255000114440918,5.624881267547607,2947200
2004-10-14,6.255000114440918,6.324999809265137,6.119999885559082,6.167500019073486,5.5461955070495605,1720400
2004-10-15,6.150000095367432,6.237500190734863,6.09250020980835,6.137499809265137,5.519217491149902,1190800
2004-10-18,6.142499923706055,6.142499923706055,5.9375,6.045000076293945,5.436034202575684,1738000
2004-10-19,6.125,6.135000228881836,5.900000095367432,5.9375,5.339364528656006,1246000
2004-10-20,5.887499809265137,5.887499809265137,5.732500076293945,5.800000190734863,5.2157158851623535,2038400
2004-10-21,6.025000095367432,6.150000095367432,5.894999980926514,6.150000095367432,5.530457019805908,2633200
2004-10-22,6.375,6.46999979019165,6.224999904632568,6.28249979019165,5.649609088897705,2767600
2004-10-25,6.28249979019165,6.505000114440918,6.224999904632568,6.40500020980835,5.759768486022949,2016800
2004-10-26,6.462500095367432,6.699999809265137,6.302499771118164,6.672500133514404,6.000320911407471,2386400
2004-10-27,6.650000095367432,6.662499904632568,6.507500171661377,6.630000114440918,5.962101936340332,3360000
2004-10-28,6.675000190734863,6.739999771118164,6.599999904632568,6.650000095367432,5.980087757110596,2896000
2004-10-29,6.662499904632568,6.71999979019165,6.585000038146973,6.585000038146973,5.921636581420898,1596800
2004-11-01,6.587500095367432,6.71999979019165,6.462500095367432,6.639999866485596,5.971094131469727,2361200
2004-11-02,6.695000171661377,7.107500076293945,6.644999980926514,7.017499923706055,6.310566425323486,2548400
2004-11-03,6.987500190734863,7.050000190734863,6.827499866485596,6.875,6.1824212074279785,2235200
2004-11-04,6.925000190734863,7.065000057220459,6.849999904632568,7.065000057220459,6.353280544281006,1185200
2004-11-05,7.125,7.199999809265137,7.065000057220459,7.105000019073486,6.389249801635742,1556400
2004-11-08,7.042500019073486,7.210000038146973,7.014999866485596,7.082499980926514,6.369019031524658,1783200
2004-11-09,7.162499904632568,7.227499961853027,7.114999771118164,7.21999979019165,6.492666244506836,1196800
2004-11-10,7.224999904632568,7.239999771118164,6.952499866485596,7.014999866485596,6.308318138122559,1143200
2004-11-11,7.025000095367432,7.184999942779541,7.0,7.164999961853027,6.443206787109375,1246000
2004-11-12,7.1875,7.222499847412109,7.050000190734863,7.210000038146973,6.483674049377441,1015200
2004-11-15,7.210000038146973,7.4375,7.144999980926514,7.34499979019165,6.60507345199585,4438800
2004-11-16,7.34499979019165,7.34499979019165,7.127500057220459,7.142499923706055,6.422972679138184,1892800
2004-11-17,7.142499923706055,7.25,7.107500076293945,7.212500095367432,6.485921859741211,1740000
2004-11-18,7.260000228881836,7.352499961853027,7.25,7.267499923706055,6.53538179397583,2755200
2004-11-19,7.267499923706055,7.269999980926514,7.034999847412109,7.074999809265137,6.362274169921875,1425600
2004-11-22,7.074999809265137,7.257500171661377,7.045000076293945,7.172500133514404,6.449952602386475,1268800
2004-11-23,7.224999904632568,7.397500038146973,7.195000171661377,7.357500076293945,6.616314888000488,2875600
2004-11-24,7.357500076293945,7.369999885559082,7.15749979019165,7.222499847412109,6.4949140548706055,1719200
2004-11-26,7.237500190734863,7.372499942779541,7.232500076293945,7.357500076293945,6.616314888000488,682000
2004-11-29,7.375,7.642499923706055,7.340000152587891,7.59499979019165,6.829890251159668,4872400
2004-11-30,7.587500095367432,7.849999904632568,7.552499771118164,7.807499885559082,7.020983695983887,3246000
2004-12-01,7.849999904632568,8.100000381469727,7.827499866485596,8.039999961853027,7.230060577392578,3237600
2004-12-02,8.085000038146973,8.367500305175781,8.072500228881836,8.225000381469727,7.396425724029541,7308000
2004-12-03,8.262499809265137,8.40999984741211,8.212499618530273,8.225000381469727,7.396425724029541,7256800
2004-12-06,8.225000381469727,8.324999809265137,8.100000381469727,8.1899995803833,7.364950656890869,2651200
2004-12-07,8.170000076293945,8.170000076293945,7.927499771118164,8.079999923706055,7.2660322189331055,2567200
2004-12-08,8.079999923706055,8.1850004196167,7.994999885559082,8.0625,7.250293731689453,2019600
2004-12-09,8.0625,8.074999809265137,7.902500152587891,8.015000343322754,7.207580089569092,1949200
2004-12-10,7.949999809265137,8.067500114440918,7.864999771118164,7.982500076293945,7.178354263305664,2199600
2004-12-13,7.987500190734863,8.032500267028809,7.9375,7.994999885559082,7.189594745635986,2304000
2004-12-14,7.997499942779541,8.117500305175781,7.989999771118164,8.015000343322754,7.207580089569092,2029200
2004-12-15,8.024999618530273,8.182499885559082,8.010000228881836,8.095000267028809,7.2795209884643555,2214800
2004-12-16,8.095000267028809,8.142499923706055,7.980000019073486,8.024999618530273,7.21657133102417,1381600
2004-12-17,8.024999618530273,8.057499885559082,7.914999961853027,7.925000190734863,7.126647472381592,1037200
2004-12-20,7.987500190734863,8.050000190734863,7.96999979019165,7.974999904632568,7.171610355377197,1450400
2004-12-21,7.987500190734863,8.0625,7.962500095367432,8.022500038146973,7.214324474334717,1853200
2004-12-22,8.022500038146973,8.119999885559082,7.987500190734863,8.074999809265137,7.261534214019775,3525200
2004-12-23,8.082500457763672,8.087499618530273,7.977499961853027,8.020000457763672,7.212076187133789,769600
2004-12-27,8.022500038146973,8.112500190734863,7.929999828338623,7.992499828338623,7.187345504760742,1089600
2004-12-28,7.994999885559082,8.104999542236328,7.994999885559082,8.067500114440918,7.25478982925415,698000
2004-12-29,8.069999694824219,8.220000267028809,8.050000190734863,8.210000038146973,7.382935047149658,1451200
2004-12-30,8.25,8.329999923706055,8.199999809265137,8.297499656677246,7.461621284484863,1684400
2004-12-31,8.300000190734863,8.417499542236328,8.270000457763672,8.3725004196167,7.529065132141113,1701600
2005-01-03,8.425000190734863,8.5,8.180000305175781,8.199999809265137,7.373943328857422,2088400
2005-01-04,8.199999809265137,8.227499961853027,7.792500019073486,7.815000057220459,7.0277276039123535,1828800
2005-01-05,7.815000057220459,7.817500114440918,7.534999847412109,7.637499809265137,6.868108749389648,4795200
2005-01-06,7.675000190734863,7.800000190734863,7.400000095367432,7.474999904632568,6.721979141235352,2708000
2005-01-07,7.5,7.5625,7.442500114440918,7.442500114440918,6.692752838134766,974400
2005-01-10,7.387499809265137,7.517499923706055,7.377500057220459,7.4375,6.688257217407227,1193600
2005-01-11,7.474999904632568,7.667500019073486,7.449999809265137,7.602499961853027,6.836633205413818,1572400
2005-01-12,7.587500095367432,7.587500095367432,7.397500038146973,7.545000076293945,6.7849273681640625,1717200
2005-01-13,7.545000076293945,7.662499904632568,7.445000171661377,7.462500095367432,6.710737705230713,1104800
2005-01-14,7.525000095367432,7.699999809265137,7.512499809265137,7.684999942779541,6.910822868347168,971200
2005-01-18,7.762499809265137,7.997499942779541,7.71999979019165,7.837500095367432,7.047961235046387,1997200
2005-01-19,7.857500076293945,7.857500076293945,7.542500019073486,7.570000171661377,6.807407379150391,1861200
2005-01-20,7.572500228881836,7.650000095367432,7.380000114440918,7.40500020980835,6.659030437469482,1743200
2005-01-21,7.412499904632568,7.5,7.210000038146973,7.215000152587891,6.488170146942139,2292000
2005-01-24,7.21750020980835,7.21750020980835,6.862500190734863,6.914999961853027,6.2183918952941895,3212800
2005-01-25,6.917500019073486,7.212500095367432,6.917500019073486,7.047500133514404,6.337544918060303,1862000
2005-01-26,7.132500171661377,7.212500095367432,7.090000152587891,7.1875,6.463441848754883,1420800
2005-01-27,7.170000076293945,7.197500228881836,7.090000152587891,7.15749979019165,6.43646240234375,972400
2005-01-28,7.362500190734863,7.387499809265137,7.164999961853027,7.260000228881836,6.528637409210205,1920000
2005-01-31,7.375,7.447500228881836,7.287499904632568,7.447500228881836,6.6972479820251465,1491200
2005-02-01,7.40749979019165,7.425000190734863,7.297500133514404,7.380000114440918,6.636549949645996,1439200
2005-02-02,7.362500190734863,7.550000190734863,7.309999942779541,7.472499847412109,6.719730377197266,1872400
2005-02-03,7.550000190734863,7.630000114440918,7.414999961853027,7.519999980926514,6.762445449829102,1991200
2005-02-04,7.522500038146973,7.71750020980835,7.517499923706055,7.625,6.856868267059326,1818000
2005-02-07,7.675000190734863,7.980000019073486,7.675000190734863,7.787499904632568,7.002997398376465,2036400
2005-02-08,7.800000190734863,7.804999828338623,7.494999885559082,7.554999828338623,6.793919563293457,1056000
2005-02-09,7.599999904632568,7.642499923706055,7.230000019073486,7.28000020980835,6.546621322631836,1600400
2005-02-10,7.28000020980835,7.362500190734863,7.137499809265137,7.277500152587891,6.544374942779541,709600
2005-02-11,7.287499904632568,7.349999904632568,7.125,7.349999904632568,6.609571933746338,1548800
2005-02-14,7.349999904632568,7.377500057220459,7.284999847412109,7.364999771118164,6.623058319091797,810000
2005-02-15,7.412499904632568,7.442500114440918,7.222499847412109,7.317500114440918,6.580346584320068,791200
2005-02-16,7.317500114440918,7.34250020980835,7.222499847412109,7.252500057220459,6.52189302444458,938800
2005-02-17,7.255000114440918,7.337500095367432,7.162499904632568,7.190000057220459,6.465689182281494,850000
2005-02-18,7.175000190734863,7.224999904632568,7.112500190734863,7.150000095367432,6.429718971252441,578800
2005-02-22,7.087500095367432,7.175000190734863,7.034999847412109,7.037499904632568,6.328551769256592,1069200
2005-02-23,7.077499866485596,7.15749979019165,7.025000095367432,7.110000133514404,6.393748760223389,1212400
2005-02-24,7.117499828338623,7.295000076293945,7.050000190734863,7.242499828338623,6.512900352478027,934000
2005-02-25,7.262499809265137,7.409999847412109,7.127500057220459,7.385000228881836,6.641045570373535,947200
2005-02-28,7.375,7.375,7.057499885559082,7.090000152587891,6.375763893127441,1142400
2005-03-01,7.150000095367432,7.537499904632568,7.150000095367432,7.512499809265137,6.755700588226318,1864000
2005-03-02,7.487500190734863,7.5,7.257500171661377,7.257500171661377,6.526388168334961,976800
2005-03-03,7.287499904632568,7.502500057220459,7.210000038146973,7.487500190734863,6.733218669891357,1242000
2005-03-04,7.53000020980835,7.707499980926514,7.514999866485596,7.599999904632568,6.834385395050049,812400
2005-03-07,7.599999904632568,7.835000038146973,7.550000190734863,7.675000190734863,6.901830673217773,1228400
2005-03-08,7.675000190734863,7.747499942779541,7.412499904632568,7.420000076293945,6.672519207000732,3018000
2005-03-09,7.420000076293945,7.525000095367432,7.324999809265137,7.380000114440918,6.636549949645996,1429200
2005-03-10,7.382500171661377,7.382500171661377,7.239999771118164,7.25,6.519644737243652,1180400
2005-03-11,7.275000095367432,7.377500057220459,7.195000171661377,7.369999885559082,6.627556324005127,980800
2005-03-14,7.432499885559082,7.5625,7.402500152587891,7.425000190734863,6.67701530456543,883200
2005-03-15,7.487500190734863,7.554999828338623,7.367499828338623,7.367499828338623,6.625306606292725,1094800
2005-03-16,7.369999885559082,7.402500152587891,7.119999885559082,7.182499885559082,6.458944797515869,1667600
2005-03-17,7.232500076293945,7.317500114440918,7.114999771118164,7.300000190734863,6.564608097076416,1188000
2005-03-18,7.337500095367432,7.337500095367432,7.112500190734863,7.162499904632568,6.4409589767456055,1169600
2005-03-21,7.159999847412109,7.257500171661377,7.072500228881836,7.207499980926514,6.481426239013672,969600
2005-03-22,7.1875,7.434999942779541,7.1875,7.21999979019165,6.492666244506836,1618800
2005-03-23,7.239999771118164,7.525000095367432,7.150000095367432,7.400000095367432,6.654534339904785,1369200
2005-03-24,7.369999885559082,7.412499904632568,7.307499885559082,7.307499885559082,6.571352958679199,856000
2005-03-28,7.329999923706055,7.409999847412109,7.242499828338623,7.25,6.519644737243652,557200
2005-03-29,7.275000095367432,7.349999904632568,7.137499809265137,7.25,6.519644737243652,898400
2005-03-30,7.34499979019165,7.522500038146973,7.332499980926514,7.485000133514404,6.73097038269043,6028000
2005-03-31,7.487500190734863,7.487500190734863,7.347499847412109,7.360000133514404,6.618564128875732,2314400
2005-04-01,7.360000133514404,7.482500076293945,7.284999847412109,7.347499847412109,6.607322692871094,1037200
2005-04-04,7.322500228881836,7.497499942779541,7.227499961853027,7.425000190734863,6.67701530456543,1425200
2005-04-05,7.480000019073486,7.702499866485596,7.480000019073486,7.65749979019165,6.886092185974121,1486800
2005-04-06,7.747499942779541,7.852499961853027,7.71750020980835,7.837500095367432,7.047961235046387,1465200
2005-04-07,7.824999809265137,7.849999904632568,7.724999904632568,7.75,6.969274520874023,4256400
2005-04-08,7.784999847412109,7.875,7.695000171661377,7.695000171661377,6.919816493988037,1221200
2005-04-11,7.712500095367432,7.764999866485596,7.537499904632568,7.5625,6.800662994384766,1274000
2005-04-12,7.550000190734863,7.715000152587891,7.389999866485596,7.715000152587891,6.937801361083984,1428400
2005-04-13,7.739999771118164,7.867499828338623,7.625,7.647500038146973,6.877100944519043,1109600
2005-04-14,7.647500038146973,7.747499942779541,7.517499923706055,7.537499904632568,6.778182506561279,1594400
2005-04-15,7.537499904632568,7.664999961853027,7.5,7.5,6.744459629058838,1594800
2005-04-18,7.5,7.652500152587891,7.422500133514404,7.517499923706055,6.760197162628174,1316400
2005-04-19,7.492499828338623,7.554999828338623,7.460000038146973,7.525000095367432,6.766941547393799,1893200
2005-04-20,7.525000095367432,7.525000095367432,7.272500038146973,7.272500038146973,6.539876937866211,1870400
2005-04-21,7.275000095367432,7.297500133514404,7.0625,7.232500076293945,6.503905773162842,2410000
2005-04-22,7.199999809265137,7.199999809265137,6.832499980926514,6.894999980926514,6.2004075050354,1787600
2005-04-25,6.949999809265137,6.992499828338623,6.90500020980835,6.920000076293945,6.2228875160217285,1329600
2005-04-26,6.920000076293945,6.927499771118164,6.744999885559082,6.787499904632568,6.103736400604248,1154000
2005-04-27,6.75,6.772500038146973,6.574999809265137,6.724999904632568,6.047532081604004,1760000
2005-04-28,6.692500114440918,6.800000190734863,6.630000114440918,6.642499923706055,5.973343849182129,1418000
2005-04-29,6.679999828338623,6.682499885559082,6.387499809265137,6.667500019073486,5.995825290679932,1982800
2005-05-02,6.78000020980835,6.90749979019165,6.692500114440918,6.78249979019165,6.099240303039551,1498000
2005-05-03,6.787499904632568,6.885000228881836,6.767499923706055,6.800000190734863,6.1149773597717285,1094400
2005-05-04,6.800000190734863,6.877500057220459,6.737500190734863,6.855000019073486,6.164437294006348,1213600
2005-05-05,6.855000019073486,6.90749979019165,6.772500038146973,6.797500133514404,6.112729072570801,965200
2005-05-06,6.8125,6.84499979019165,6.650000095367432,6.78249979019165,6.099240303039551,676800
2005-05-09,6.807499885559082,6.922500133514404,6.752500057220459,6.920000076293945,6.2228875160217285,1063200
2005-05-10,6.902500152587891,6.917500019073486,6.829999923706055,6.84499979019165,6.155442237854004,1661600
2005-05-11,6.887499809265137,6.909999847412109,6.677499771118164,6.875,6.1824212074279785,1350800
2005-05-12,6.875,6.887499809265137,6.670000076293945,6.742499828338623,6.063268661499023,1338000
2005-05-13,6.775000095367432,6.789999961853027,6.667500019073486,6.71750020980835,6.040787696838379,959200
2005-05-16,6.735000133514404,6.900000095367432,6.724999904632568,6.849999904632568,6.159939765930176,1182400
2005-05-17,6.837500095367432,6.90749979019165,6.829999923706055,6.860000133514404,6.1689324378967285,1309600
2005-05-18,6.922500133514404,7.112500190734863,6.90500020980835,7.087500095367432,6.373513698577881,1511200
2005-05-19,7.087500095367432,7.107500076293945,6.980000019073486,7.09250020980835,6.3780107498168945,1246000
2005-05-20,7.125,7.137499809265137,7.050000190734863,7.107500076293945,6.391499996185303,714400
2005-05-23,7.110000133514404,7.162499904632568,7.085000038146973,7.119999885559082,6.402740478515625,995200
2005-05-24,7.122499942779541,7.125,7.034999847412109,7.054999828338623,6.3442888259887695,1044800
2005-05-25,7.052499771118164,7.077499866485596,6.957499980926514,6.972499847412109,6.27009916305542,1071200
2005-05-26,7.012499809265137,7.197500228881836,7.012499809265137,7.175000190734863,6.452200889587402,2554800
2005-05-27,7.192500114440918,7.247499942779541,7.110000133514404,7.177499771118164,6.4544477462768555,1203200
2005-05-31,7.175000190734863,7.480000019073486,7.162499904632568,7.380000114440918,6.636549949645996,1576400
2005-06-01,7.387499809265137,7.525000095367432,7.28000020980835,7.414999961853027,6.668023109436035,1290800
2005-06-02,7.304999828338623,7.635000228881836,7.190000057220459,7.612500190734863,6.845627307891846,1407200
2005-06-03,7.587500095367432,7.587500095367432,7.389999866485596,7.485000133514404,6.73097038269043,7026800
2005-06-06,7.485000133514404,7.635000228881836,7.414999961853027,7.605000019073486,6.8388824462890625,1272400
2005-06-07,7.612500190734863,7.802499771118164,7.577499866485596,7.679999828338623,6.906327724456787,4566000
2005-06-08,7.699999809265137,7.800000190734863,7.542500019073486,7.5625,6.800662994384766,2112800
2005-06-09,7.5625,7.632500171661377,7.510000228881836,7.550000190734863,6.789422512054443,2508800
2005-06-10,7.552499771118164,7.710000038146973,7.550000190734863,7.707499980926514,6.931056976318359,1384800
2005-06-13,7.614999771118164,7.662499904632568,7.46999979019165,7.534999847412109,6.775934219360352,1554800
2005-06-14,7.552499771118164,7.6875,7.542500019073486,7.617499828338623,6.850124359130859,1427200
2005-06-15,7.642499923706055,7.662499904632568,7.552499771118164,7.65749979019165,6.886092185974121,1217200
2005-06-16,7.637499809265137,7.672500133514404,7.5625,7.650000095367432,6.8793487548828125,624800
2005-06-17,7.650000095367432,7.710000038146973,7.537499904632568,7.597499847412109,6.832137584686279,1834400
2005-06-20,7.572500228881836,7.664999961853027,7.465000152587891,7.599999904632568,6.834385395050049,1496000
2005-06-21,7.612500190734863,7.712500095367432,7.505000114440918,7.697500228881836,6.922063827514648,1098800
2005-06-22,7.697500228881836,7.724999904632568,7.625,7.712500095367432,6.935552597045898,749200
2005-06-23,7.675000190734863,7.75,7.420000076293945,7.440000057220459,6.690504550933838,1382000
2005-06-24,7.449999809265137,7.452499866485596,7.284999847412109,7.335000038146973,6.596080780029297,1068000
2005-06-27,7.362500190734863,7.364999771118164,7.210000038146973,7.289999961853027,6.555614471435547,1285600
2005-06-28,7.337500095367432,7.647500038146973,7.337500095367432,7.625,6.856868267059326,1065600
2005-06-29,7.632500171661377,7.752500057220459,7.512499809265137,7.622499942779541,6.854620456695557,630400
2005-06-30,7.625,7.639999866485596,7.4375,7.4375,6.688257217407227,911600
2005-07-01,7.474999904632568,7.539999961853027,7.355000019073486,7.427499771118164,6.679264068603516,914000
2005-07-05,7.432499885559082,7.517499923706055,7.362500190734863,7.454999923706055,6.7039923667907715,741600
2005-07-06,7.454999923706055,7.557499885559082,7.400000095367432,7.449999809265137,6.699495792388916,901600
2005-07-07,7.375,7.46999979019165,7.222499847412109,7.389999866485596,6.645542144775391,1060000
2005-07-08,7.375,7.695000171661377,7.317500114440918,7.644999980926514,6.874853610992432,1254000
2005-07-11,7.65749979019165,7.855000019073486,7.65749979019165,7.744999885559082,6.964778900146484,1146400
2005-07-12,7.699999809265137,7.762499809265137,7.537499904632568,7.730000019073486,6.951290607452393,1560000
2005-07-13,7.744999885559082,7.892499923706055,7.730000019073486,7.869999885559082,7.077187538146973,1186400
2005-07-14,7.927499771118164,8.010000228881836,7.835000038146973,7.864999771118164,7.072689533233643,1425600
2005-07-15,7.864999771118164,8.042499542236328,7.795000076293945,8.032500267028809,7.223318099975586,3274000
2005-07-18,8.0,8.305000305175781,8.0,8.140000343322754,7.319988250732422,2046400
2005-07-19,8.175000190734863,8.212499618530273,8.112500190734863,8.147500038146973,7.3267316818237305,945600
2005-07-20,8.425000190734863,8.617500305175781,8.279999732971191,8.555000305175781,7.693180561065674,3076400
2005-07-21,8.545000076293945,8.645000457763672,8.350000381469727,8.362500190734863,7.520071506500244,1645600
2005-07-22,8.149999618530273,8.3774995803833,8.149999618530273,8.3125,7.475111961364746,1849600
2005-07-25,8.335000038146973,8.492500305175781,8.324999809265137,8.324999809265137,7.486349582672119,1366400
2005-07-26,8.327500343322754,8.587499618530273,8.327500343322754,8.520000457763672,7.661706447601318,1583600
2005-07-27,8.487500190734863,8.5649995803833,8.359999656677246,8.430000305175781,7.5807719230651855,1192400
2005-07-28,8.4375,8.625,8.4350004196167,8.59000015258789,7.724653720855713,1086800
2005-07-29,8.5649995803833,8.75,8.5649995803833,8.744999885559082,7.864041328430176,2039600
2005-08-01,8.512499809265137,8.875,8.512499809265137,8.8100004196167,7.922492027282715,1648000
2005-08-02,8.824999809265137,8.899999618530273,8.710000038146973,8.774999618530273,7.891019344329834,1422800
2005-08-03,8.75,8.930000305175781,8.739999771118164,8.880000114440918,7.985439777374268,1539600
2005-08-04,8.837499618530273,8.882499694824219,8.587499618530273,8.617500305175781,7.749385356903076,1181200
2005-08-05,8.630000114440918,8.727499961853027,8.350000381469727,8.444999694824219,7.5942606925964355,1051200
2005-08-08,8.447500228881836,8.47249984741211,8.2475004196167,8.422499656677246,7.574029445648193,1239200
2005-08-09,8.447500228881836,8.47249984741211,8.3100004196167,8.357500076293945,7.5155768394470215,1245600
2005-08-10,8.352499961853027,8.662500381469727,8.317500114440918,8.392499923706055,7.547049045562744,1668400
2005-08-11,8.390000343322754,8.392499923706055,8.234999656677246,8.324999809265137,7.486349582672119,1444400
2005-08-12,8.322500228881836,8.324999809265137,8.095000267028809,8.300000190734863,7.463869571685791,1412000
2005-08-15,8.274999618530273,8.520000457763672,8.1899995803833,8.4399995803833,7.589766025543213,1606000
2005-08-16,8.462499618530273,8.672499656677246,8.417499542236328,8.577500343322754,7.713415145874023,1915600
2005-08-17,8.582500457763672,8.850000381469727,8.457500457763672,8.842499732971191,7.951717853546143,2374800
2005-08-18,8.774999618530273,8.8125,8.609999656677246,8.609999656677246,7.7426371574401855,2380400
2005-08-19,8.607500076293945,8.65250015258789,8.427499771118164,8.427499771118164,7.578525543212891,949200
2005-08-22,8.447500228881836,8.6274995803833,8.395000457763672,8.5,7.643721580505371,1148000
2005-08-23,8.5,8.5600004196167,8.407500267028809,8.475000381469727,7.621238708496094,3150400
2005-08-24,8.462499618530273,8.5625,8.367500305175781,8.40250015258789,7.55604362487793,1296400
2005-08-25,8.46500015258789,8.53499984741211,8.324999809265137,8.444999694824219,7.5942606925964355,1405200
2005-08-26,8.46500015258789,8.612500190734863,8.4375,8.510000228881836,7.652713775634766,1308400
2005-08-29,8.460000038146973,8.462499618530273,8.367500305175781,8.447500228881836,7.596511363983154,1381600
2005-08-30,8.449999809265137,8.492500305175781,8.149999618530273,8.239999771118164,7.409914016723633,1435200
2005-08-31,8.25,8.470000267028809,8.182499885559082,8.430000305175781,7.5807719230651855,1623200
2005-09-01,8.430000305175781,8.447500228881836,8.1850004196167,8.21500015258789,7.387431621551514,6332400
2005-09-02,8.194999694824219,8.350000381469727,8.119999885559082,8.172499656677246,7.349213600158691,1302400
2005-09-06,8.172499656677246,8.239999771118164,8.029999732971191,8.112500190734863,7.295258522033691,1730800
2005-09-07,8.147500038146973,8.25,8.069999694824219,8.220000267028809,7.391927719116211,1094000
2005-09-08,8.175000190734863,8.175000190734863,8.03499984741211,8.09000015258789,7.2750244140625,1381200
2005-09-09,8.079999923706055,8.079999923706055,7.892499923706055,8.005000114440918,7.198587894439697,1242400
2005-09-12,8.005000114440918,8.350000381469727,7.972499847412109,8.242500305175781,7.4121623039245605,1850400
2005-09-13,8.25,8.25,7.987500190734863,7.987500190734863,7.182850360870361,1443600
2005-09-14,7.989999771118164,8.045000076293945,7.800000190734863,7.809999942779541,7.02323055267334,1300400
2005-09-15,7.809999942779541,7.952499866485596,7.772500038146973,7.809999942779541,7.02323055267334,1980400
2005-09-16,7.8125,7.894999980926514,7.727499961853027,7.894999980926514,7.099668502807617,1683600
2005-09-19,7.894999980926514,7.894999980926514,7.635000228881836,7.677499771118164,6.904078006744385,1203200
2005-09-20,7.724999904632568,7.809999942779541,7.639999866485596,7.65500020980835,6.88384485244751,1122400
2005-09-21,7.65500020980835,7.65500020980835,7.210000038146973,7.269999980926514,6.537629127502441,3072000
2005-09-22,7.269999980926514,7.59250020980835,7.21750020980835,7.5,6.744459629058838,1859200
2005-09-23,7.502500057220459,7.642499923706055,7.425000190734863,7.539999961853027,6.780431270599365,1305200
2005-09-26,7.539999961853027,7.599999904632568,7.4375,7.497499942779541,6.742211818695068,2067600
2005-09-27,7.480000019073486,7.59499979019165,7.380000114440918,7.512499809265137,6.755700588226318,1367200
2005-09-28,7.5625,7.582499980926514,7.402500152587891,7.40749979019165,6.6612772941589355,1009200
2005-09-29,7.362500190734863,7.362500190734863,7.09499979019165,7.137499809265137,6.418477535247803,3140800
2005-09-30,7.125,7.304999828338623,7.125,7.264999866485596,6.533133506774902,1762400
2005-10-03,7.347499847412109,7.367499828338623,7.284999847412109,7.337500095367432,6.598330497741699,870400
2005-10-04,7.335000038146973,7.585000038146973,7.335000038146973,7.347499847412109,6.607322692871094,1345600
2005-10-05,7.362500190734863,7.377500057220459,7.177499771118164,7.237500190734863,6.508403778076172,1422400
2005-10-06,7.300000190734863,7.482500076293945,7.267499923706055,7.427499771118164,6.679264068603516,1723200
2005-10-07,7.429999828338623,7.505000114440918,7.244999885559082,7.442500114440918,6.692752838134766,927200
2005-10-10,7.445000171661377,7.537499904632568,7.304999828338623,7.340000152587891,6.6005778312683105,1064400
2005-10-11,7.349999904632568,7.369999885559082,7.057499885559082,7.099999904632568,6.384754657745361,1407600
2005-10-12,7.102499961853027,7.230000019073486,7.054999828338623,7.204999923706055,6.4791789054870605,2887200
2005-10-13,7.207499980926514,7.287499904632568,7.099999904632568,7.21750020980835,6.49041748046875,1521600
2005-10-14,7.269999980926514,7.425000190734863,7.164999961853027,7.402500152587891,6.656782627105713,1223200
2005-10-17,7.402500152587891,7.452499866485596,7.230000019073486,7.329999923706055,6.5915846824646,995200
2005-10-18,7.332499980926514,7.40500020980835,7.25,7.289999961853027,6.555614471435547,2318000
2005-10-19,7.292500019073486,7.397500038146973,7.112500190734863,7.375,6.632051944732666,2204000
2005-10-20,7.5,7.599999904632568,7.252500057220459,7.335000038146973,6.596080780029297,3105600
2005-10-21,7.347499847412109,7.597499847412109,7.347499847412109,7.505000114440918,6.74895715713501,1720400
2005-10-24,7.597499847412109,7.760000228881836,7.5,7.755000114440918,6.973771095275879,1554800
2005-10-25,7.75,7.75,7.449999809265137,7.514999866485596,6.757948875427246,1924800
2005-10-26,7.497499942779541,7.5625,7.40500020980835,7.489999771118164,6.735466957092285,1420800
2005-10-27,7.492499828338623,7.492499828338623,7.327499866485596,7.392499923706055,6.647789001464844,1536800
2005-10-28,7.4375,7.582499980926514,7.394999980926514,7.5,6.744459629058838,888000
2005-10-31,7.554999828338623,7.9375,7.537499904632568,7.882500171661377,7.088428020477295,2008400
2005-11-01,7.862500190734863,7.947500228881836,7.784999847412109,7.804999828338623,7.018734455108643,1396000
2005-11-02,7.900000095367432,8.345000267028809,7.894999980926514,8.345000267028809,7.504335880279541,4444800
2005-11-03,8.345000267028809,8.350000381469727,8.162500381469727,8.210000038146973,7.382935047149658,1812000
2005-11-04,8.22249984741211,8.292499542236328,8.137499809265137,8.28499984741211,7.450380325317383,1073600
2005-11-07,8.305000305175781,8.4375,8.2475004196167,8.422499656677246,7.574029445648193,1490400
2005-11-08,8.422499656677246,8.425000190734863,8.182499885559082,8.217499732971191,7.389679908752441,1330800
2005-11-09,8.287500381469727,8.359999656677246,8.177499771118164,8.305000305175781,7.468367099761963,1854400
2005-11-10,8.350000381469727,8.625,8.337499618530273,8.572500228881836,7.708919048309326,2487200
2005-11-11,8.557499885559082,8.720000267028809,8.555000305175781,8.640000343322754,7.769617557525635,1526800
2005-11-14,8.640000343322754,8.675000190734863,8.414999961853027,8.545000076293945,7.684187889099121,1884400
2005-11-15,8.547499656677246,8.664999961853027,8.387499809265137,8.387499809265137,7.542555332183838,1647600
2005-11-16,8.449999809265137,8.517499923706055,8.21500015258789,8.510000228881836,7.652713775634766,1435600
2005-11-17,8.547499656677246,8.827500343322754,8.547499656677246,8.827500343322754,7.938228607177734,1768400
2005-11-18,8.912500381469727,8.912500381469727,8.600000381469727,8.767499923706055,7.884270668029785,2325600
2005-11-21,8.867500305175781,8.869999885559082,8.6274995803833,8.737500190734863,7.857297897338867,1576400
2005-11-22,8.677499771118164,8.6899995803833,8.449999809265137,8.582500457763672,7.7179107666015625,1655200
2005-11-23,8.600000381469727,8.8725004196167,8.600000381469727,8.819999694824219,7.931486129760742,1949600
2005-11-25,8.819999694824219,8.862500190734863,8.802499771118164,8.824999809265137,7.935979843139648,698400
2005-11-28,8.912500381469727,8.982500076293945,8.734999656677246,8.734999656677246,7.855047702789307,1724400
2005-11-29,8.757499694824219,8.857500076293945,8.739999771118164,8.787500381469727,7.902259826660156,1243200
2005-11-30,8.787500381469727,8.875,8.774999618530273,8.807499885559082,7.920243740081787,1599600
2005-12-01,8.857500076293945,9.170000076293945,8.837499618530273,9.117500305175781,8.199016571044922,1947600
2005-12-02,9.140000343322754,9.354999542236328,9.140000343322754,9.332500457763672,8.392354965209961,2386000
2005-12-05,9.307499885559082,9.3100004196167,9.199999809265137,9.2524995803833,8.320416450500488,1888800
2005-12-06,9.300000190734863,9.449999809265137,9.239999771118164,9.329999923706055,8.390109062194824,3634800
2005-12-07,9.332500457763672,9.46500015258789,9.22249984741211,9.34000015258789,8.39909839630127,1679600
2005-12-08,9.375,9.375,9.135000228881836,9.182499885559082,8.257466316223145,6687200
2005-12-09,9.212499618530273,9.225000381469727,8.949999809265137,9.107500076293945,8.190023422241211,1546400
2005-12-12,9.107500076293945,9.194999694824219,9.032500267028809,9.137499809265137,8.217000007629395,1130000
2005-12-13,8.8125,8.829999923706055,8.6899995803833,8.78499984741211,7.90001106262207,3237200
2005-12-14,8.819999694824219,8.875,8.787500381469727,8.822500228881836,7.933733940124512,2592000
2005-12-15,8.899999618530273,9.055000305175781,8.854999542236328,9.039999961853027,8.129322052001953,2531600
2005-12-16,9.039999961853027,9.244999885559082,9.032500267028809,9.1875,8.261963844299316,4201600
2005-12-19,9.137499809265137,9.137499809265137,8.904999732971191,8.904999732971191,8.007922172546387,1544000
2005-12-20,8.987500190734863,9.0024995803833,8.782500267028809,8.890000343322754,7.994431495666504,1954400
2005-12-21,8.930000305175781,8.987500190734863,8.822500228881836,8.875,7.9809441566467285,2329600
2005-12-22,8.850000381469727,8.920000076293945,8.762499809265137,8.912500381469727,8.014664649963379,1795200
2005-12-23,8.912500381469727,9.010000228881836,8.795000076293945,8.835000038146973,7.944974422454834,1471200
2005-12-27,9.0,9.15999984741211,8.837499618530273,8.852499961853027,7.9607086181640625,2116400
2005-12-28,8.852499961853027,8.9375,8.510000228881836,8.852499961853027,7.9607086181640625,1740000
2005-12-29,8.949999809265137,9.082500457763672,8.949999809265137,9.024999618530273,8.115832328796387,1877200
2005-12-30,9.024999618530273,9.024999618530273,8.8100004196167,8.930000305175781,8.030405044555664,1016000
2006-01-03,8.957500457763672,8.960000038146973,8.642499923706055,8.8125,7.924737453460693,2075600
2006-01-04,8.875,9.047499656677246,8.8725004196167,8.987500190734863,8.082113265991211,2772800
2006-01-05,9.007499694824219,9.007499694824219,8.772500038146973,8.890000343322754,7.994431495666504,4323600
2006-01-06,8.890000343322754,8.890000343322754,8.670000076293945,8.8149995803833,7.926988124847412,1547200
2006-01-09,8.7524995803833,8.987500190734863,8.737500190734863,8.957500457763672,8.055131912231445,1998800
2006-01-10,8.925000190734863,8.942500114440918,8.805000305175781,8.885000228881836,7.989937782287598,877200
2006-01-11,8.925000190734863,8.925000190734863,8.324999809265137,8.337499618530273,7.497590065002441,3300000
2006-01-12,7.949999809265137,8.140000343322754,7.90500020980835,8.050000190734863,7.239055633544922,9614800
2006-01-13,8.104999542236328,8.157500267028809,7.815000057220459,7.934999942779541,7.135639190673828,4072800
2006-01-17,7.775000095367432,7.820000171661377,7.510000228881836,7.574999809265137,6.811904430389404,3967600
2006-01-18,7.512499809265137,7.84250020980835,7.462500095367432,7.715000152587891,6.937801361083984,3000000
2006-01-19,7.715000152587891,7.927499771118164,7.6875,7.71999979019165,6.942296981811523,2928000
2006-01-20,7.737500190734863,7.75,7.474999904632568,7.512499809265137,6.755700588226318,3000400
2006-01-23,7.550000190734863,7.672500133514404,7.512499809265137,7.644999980926514,6.874853610992432,1922800
2006-01-24,7.724999904632568,7.902500152587891,7.724999904632568,7.84499979019165,7.054705619812012,2392000
2006-01-25,7.869999885559082,7.900000095367432,7.675000190734863,7.820000171661377,7.032223224639893,2310000
2006-01-26,7.849999904632568,7.922500133514404,7.6875,7.704999923706055,6.92880916595459,3328000
2006-01-27,7.75,7.75,7.5,7.612500190734863,6.845627307891846,2585600
2006-01-30,7.692500114440918,7.772500038146973,7.579999923706055,7.614999771118164,6.847874641418457,2555200
2006-01-31,7.900000095367432,8.03499984741211,7.804999828338623,7.982500076293945,7.178354263305664,3661200
2006-02-01,8.017499923706055,8.047499656677246,7.737500190734863,7.84250020980835,7.052455425262451,2073600
2006-02-02,7.875,8.039999961853027,7.824999809265137,7.982500076293945,7.178354263305664,2375200
2006-02-03,7.949999809265137,7.952499866485596,7.769999980926514,7.897500038146973,7.101916313171387,1759200
2006-02-06,7.894999980926514,7.894999980926514,7.662499904632568,7.722499847412109,6.944545269012451,1777600
2006-02-07,7.747499942779541,7.747499942779541,7.587500095367432,7.632500171661377,6.863613128662109,1485600
2006-02-08,7.632500171661377,7.772500038146973,7.632500171661377,7.757500171661377,6.976020336151123,1649200
2006-02-09,7.807499885559082,7.934999942779541,7.75,7.889999866485596,7.0951714515686035,1876800
2006-02-10,7.929999828338623,7.974999904632568,7.784999847412109,7.9375,7.1378865242004395,1667600
2006-02-13,7.952499866485596,8.079999923706055,7.849999904632568,7.887499809265137,7.092924118041992,1632800
2006-02-14,7.912499904632568,8.177499771118164,7.892499923706055,8.1225004196167,7.304250240325928,3746800
2006-02-15,8.119999885559082,8.232500076293945,8.050000190734863,8.212499618530273,7.3851823806762695,4960400
2006-02-16,8.21500015258789,8.27750015258789,8.167499542236328,8.217499732971191,7.389679908752441,3310000
2006-02-17,7.980000019073486,8.21500015258789,7.980000019073486,8.012499809265137,7.205333709716797,1309200
2006-02-21,7.974999904632568,8.0,7.822500228881836,7.875,7.081682205200195,1182400
2006-02-22,7.9375,8.042499542236328,7.867499828338623,8.0,7.194089889526367,1132800
2006-02-23,8.0625,8.1875,8.017499923706055,8.0600004196167,7.248045921325684,2466800
2006-02-24,8.0,8.020000457763672,7.824999809265137,7.920000076293945,7.122150421142578,1604000
2006-02-27,7.974999904632568,8.15250015258789,7.974999904632568,8.09000015258789,7.2750244140625,1508400
2006-02-28,8.0649995803833,8.09749984741211,7.945000171661377,8.012499809265137,7.205333709716797,2072000
2006-03-01,8.050000190734863,8.072500228881836,7.894999980926514,7.977499961853027,7.173856258392334,2074800
2006-03-02,7.960000038146973,7.980000019073486,7.757500171661377,7.809999942779541,7.02323055267334,2265200
2006-03-03,7.797500133514404,7.800000190734863,7.574999809265137,7.597499847412109,6.832137584686279,3613600
2006-03-06,7.360000133514404,7.642499923706055,7.360000133514404,7.519999980926514,6.762445449829102,2084400
2006-03-07,7.507500171661377,7.670000076293945,7.4375,7.572500228881836,6.809656620025635,2476800
2006-03-08,7.572500228881836,7.742499828338623,7.525000095367432,7.707499980926514,6.931056976318359,2665600
2006-03-09,7.702499866485596,7.715000152587891,7.452499866485596,7.519999980926514,6.762445449829102,2030800
2006-03-10,7.570000171661377,7.610000133514404,7.507500171661377,7.585000038146973,6.820896148681641,1373200
2006-03-13,7.650000095367432,7.764999866485596,7.537499904632568,7.572500228881836,6.809656620025635,2275200
2006-03-14,7.587500095367432,7.747499942779541,7.587500095367432,7.715000152587891,6.937801361083984,2149600
2006-03-15,7.71999979019165,7.775000095367432,7.650000095367432,7.71999979019165,6.942296981811523,3337200
2006-03-16,7.8125,7.917500019073486,7.807499885559082,7.909999847412109,7.113157749176025,2740400
2006-03-17,7.962500095367432,8.100000381469727,7.925000190734863,8.095000267028809,7.2795209884643555,4505200
2006-03-20,8.112500190734863,8.407500267028809,8.100000381469727,8.382499694824219,7.538057327270508,5998800
2006-03-21,8.449999809265137,8.609999656677246,8.40999984741211,8.4399995803833,7.589766025543213,5441600
2006-03-22,8.4399995803833,8.6850004196167,8.4399995803833,8.672499656677246,7.798842430114746,4935600
2006-03-23,8.675000190734863,8.6875,8.512499809265137,8.5600004196167,7.697676658630371,6555200
2006-03-24,8.569999694824219,8.647500038146973,8.547499656677246,8.585000038146973,7.72015905380249,3514000
2006-03-27,8.625,8.805000305175781,8.6225004196167,8.7524995803833,7.870785236358643,3839200
2006-03-28,8.755000114440918,8.757499694824219,8.582500457763672,8.595000267028809,7.729151248931885,5042800
2006-03-29,8.645000457763672,8.8725004196167,8.612500190734863,8.859999656677246,7.9674553871154785,2925600
2006-03-30,8.862500190734863,8.885000228881836,8.672499656677246,8.774999618530273,7.891019344329834,3682400
2006-03-31,8.8125,8.987500190734863,8.8125,8.862500190734863,7.969704627990723,4160400
2006-04-03,8.975000381469727,8.975000381469727,8.649999618530273,8.704999923706055,7.82806921005249,4545200
2006-04-04,8.757499694824219,8.859999656677246,8.675000190734863,8.772500038146973,7.888768672943115,3015200
2006-04-05,8.772500038146973,8.824999809265137,8.645000457763672,8.710000038146973,7.832568168640137,1666800
2006-04-06,8.710000038146973,8.75,8.574999809265137,8.744999885559082,7.864041328430176,1996800
2006-04-07,8.822500228881836,8.925000190734863,8.737500190734863,8.8149995803833,7.926988124847412,2635200
2006-04-10,8.789999961853027,8.822500228881836,8.642499923706055,8.699999809265137,7.823572158813477,3270400
2006-04-11,8.699999809265137,8.739999771118164,8.5,8.529999732971191,7.670700550079346,2016000
2006-04-12,8.625,8.675000190734863,8.46500015258789,8.569999694824219,7.706670761108398,1155200
2006-04-13,8.572500228881836,8.982500076293945,8.550000190734863,8.802499771118164,7.915748119354248,1895200
2006-04-17,8.970000267028809,9.012499809265137,8.632499694824219,8.662500381469727,7.789852619171143,3805600
2006-04-18,8.657500267028809,9.039999961853027,8.625,8.869999885559082,7.976447105407715,2996400
2006-04-19,8.887499809265137,9.010000228881836,8.7524995803833,8.850000381469727,7.958461761474609,2292400
2006-04-20,9.375,9.375,9.125,9.262499809265137,8.329407691955566,5373600
2006-04-21,9.375,9.59749984741211,9.375,9.4375,8.486780166625977,4970000
2006-04-24,9.425000190734863,9.6225004196167,9.3149995803833,9.572500228881836,8.608180046081543,4569200
2006-04-25,9.537500381469727,9.779999732971191,9.422499656677246,9.630000114440918,8.659884452819824,3690800
2006-04-26,9.642499923706055,9.739999771118164,9.484999656677246,9.53499984741211,8.574457168579102,2404000
2006-04-27,9.545000076293945,9.842499732971191,9.524999618530273,9.677499771118164,8.702603340148926,1935200
2006-04-28,9.614999771118164,9.614999771118164,9.40999984741211,9.489999771118164,8.533989906311035,3345200
2006-05-01,9.489999771118164,9.59000015258789,9.300000190734863,9.34749984741211,8.405844688415527,3424400
2006-05-02,9.587499618530273,9.9375,9.539999961853027,9.869999885559082,8.87570858001709,4444400
2006-05-03,9.887499809265137,9.892499923706055,9.6875,9.859999656677246,8.866717338562012,5021200
2006-05-04,9.922499656677246,9.975000381469727,9.867500305175781,9.930000305175781,8.929668426513672,2620000
2006-05-05,9.904999732971191,9.954999923706055,9.864999771118164,9.9375,8.936408996582031,1761600
2006-05-08,9.977499961853027,10.092499732971191,9.859999656677246,9.920000076293945,8.920669555664062,1939600
2006-05-09,9.952500343322754,10.1225004196167,9.949999809265137,10.107500076293945,9.089282989501953,2118000
2006-05-10,10.067500114440918,10.135000228881836,9.782500267028809,9.845000267028809,8.853227615356445,2179200
2006-05-11,9.824999809265137,9.824999809265137,9.595000267028809,9.595000267028809,8.628410339355469,2256800
2006-05-12,9.595000267028809,9.6899995803833,9.357500076293945,9.375,8.430573463439941,2630000
2006-05-15,9.449999809265137,9.904999732971191,9.444999694824219,9.854999542236328,8.86221981048584,2884000
2006-05-16,9.854999542236328,9.899999618530273,9.350000381469727,9.397500038146973,8.450806617736816,2424800
2006-05-17,9.382499694824219,9.542499542236328,9.162500381469727,9.2524995803833,8.320416450500488,3185200
2006-05-18,9.302499771118164,9.512499809265137,9.239999771118164,9.2524995803833,8.320416450500488,1359600
2006-05-19,9.274999618530273,9.5649995803833,9.210000038146973,9.492500305175781,8.536238670349121,3163200
2006-05-22,9.449999809265137,9.587499618530273,9.397500038146973,9.492500305175781,8.536238670349121,3532400
2006-05-23,9.574999809265137,9.8125,9.574999809265137,9.645000457763672,8.67337703704834,3161200
2006-05-24,9.710000038146973,9.725000381469727,9.449999809265137,9.515000343322754,8.556473731994629,2903600
2006-05-25,9.612500190734863,9.649999618530273,9.5,9.520000457763672,8.560966491699219,2084400
2006-05-26,9.600000381469727,9.760000228881836,9.537500381469727,9.6274995803833,8.657635688781738,2990400
2006-05-30,9.630000114440918,9.75,9.352499961853027,9.380000114440918,8.435070037841797,3476800
2006-05-31,9.444999694824219,9.75,9.444999694824219,9.6850004196167,8.709345817565918,3459200
2006-06-01,9.7475004196167,9.9975004196167,9.7475004196167,9.957500457763672,8.95439624786377,1836000
2006-06-02,9.954999923706055,9.975000381469727,9.7475004196167,9.824999809265137,8.83524227142334,2006800
2006-06-05,9.774999618530273,9.77750015258789,9.512499809265137,9.567500114440918,8.603682518005371,3327200
2006-06-06,9.662500381469727,9.7475004196167,9.335000038146973,9.667499542236328,8.693607330322266,2606800
2006-06-07,9.7524995803833,9.949999809265137,9.65999984741211,9.6875,8.711594581604004,2886800
2006-06-08,9.65999984741211,9.65999984741211,9.114999771118164,9.462499618530273,8.509261131286621,2955200
2006-06-09,9.462499618530273,9.649999618530273,9.390000343322754,9.412500381469727,8.4642972946167,1156800
2006-06-12,9.470000267028809,9.470000267028809,8.944999694824219,8.954999923706055,8.052885055541992,2428000
2006-06-13,8.954999923706055,9.047499656677246,8.657500267028809,8.727499961853027,7.848304271697998,4010000
2006-06-14,8.755000114440918,9.072500228881836,8.755000114440918,8.989999771118164,8.08436107635498,2067600
2006-06-15,8.989999771118164,9.5600004196167,8.90999984741211,9.4975004196167,8.540733337402344,2427200
2006-06-16,9.5,9.7475004196167,9.427499771118164,9.5,8.54298210144043,3606000
2006-06-19,9.550000190734863,9.649999618530273,9.40999984741211,9.460000038146973,8.507011413574219,2232000
2006-06-20,9.470000267028809,9.857500076293945,9.452500343322754,9.675000190734863,8.70035457611084,1977200
2006-06-21,9.675000190734863,9.932499885559082,9.65250015258789,9.755000114440918,8.772294998168945,1894000
2006-06-22,9.712499618530273,9.845000267028809,9.635000228881836,9.779999732971191,8.79477596282959,2240400
2006-06-23,9.729999542236328,9.8100004196167,9.579999923706055,9.737500190734863,8.756556510925293,1357600
2006-06-26,9.762499809265137,9.8725004196167,9.585000038146973,9.84000015258789,8.848729133605957,1853600
2006-06-27,9.850000381469727,9.897500038146973,9.470000267028809,9.505000114440918,8.547479629516602,2075200
2006-06-28,9.550000190734863,9.59000015258789,9.142499923706055,9.272500038146973,8.338398933410645,3166000
2006-06-29,9.350000381469727,9.829999923706055,9.332500457763672,9.8100004196167,8.821752548217773,2282400
2006-06-30,9.8149995803833,9.854999542236328,9.482500076293945,9.854999542236328,8.86221981048584,3097200
2006-07-03,9.887499809265137,9.887499809265137,9.6850004196167,9.767499923706055,8.78353214263916,1015200
2006-07-05,9.75,9.927499771118164,9.484999656677246,9.869999885559082,8.87570858001709,2550400
2006-07-06,9.875,9.895000457763672,9.574999809265137,9.635000228881836,8.664383888244629,2226000
2006-07-07,9.59749984741211,9.802499771118164,9.454999923706055,9.642499923706055,8.671127319335938,1888800
2006-07-10,9.725000381469727,10.050000190734863,9.699999809265137,9.927499771118164,8.927417755126953,2429200
2006-07-11,9.875,9.912500381469727,9.625,9.907500267028809,8.909435272216797,2513600
2006-07-12,9.875,9.962499618530273,9.587499618530273,9.649999618530273,8.677870750427246,1607200
2006-07-13,9.625,9.625,9.024999618530273,9.050000190734863,8.138314247131348,2227600
2006-07-14,9.017499923706055,9.017499923706055,8.432499885559082,8.489999771118164,7.634727954864502,4808000
2006-07-17,8.489999771118164,8.720000267028809,8.399999618530273,8.600000381469727,7.733646392822266,2906000
2006-07-18,8.587499618530273,8.802499771118164,8.510000228881836,8.782500267028809,7.897762775421143,3341200
2006-07-19,8.864999771118164,9.170000076293945,8.822500228881836,9.142499923706055,8.22149658203125,3344800
2006-07-20,9.142499923706055,9.147500038146973,8.817500114440918,8.842499732971191,7.951717853546143,3127600
2006-07-21,8.842499732971191,8.842499732971191,8.522500038146973,8.6899995803833,7.8145833015441895,2243600
2006-07-24,8.850000381469727,9.020000457763672,8.800000190734863,8.975000381469727,8.07087230682373,1982000
2006-07-25,8.977499961853027,9.350000381469727,8.925000190734863,9.34000015258789,8.39909839630127,3296400
2006-07-26,9.46500015258789,9.600000381469727,9.287500381469727,9.53499984741211,8.574457168579102,3606000
2006-07-27,10.272500038146973,10.272500038146973,9.202500343322754,9.307499885559082,8.369874954223633,2450800
2006-07-28,9.387499809265137,9.702500343322754,9.322500228881836,9.697500228881836,8.720585823059082,1945200
2006-07-31,9.59749984741211,9.600000381469727,9.267499923706055,9.282500267028809,8.347393989562988,1964400
2006-08-01,9.212499618530273,9.21500015258789,8.904999732971191,8.949999809265137,8.048388481140137,2256000
2006-08-02,9.0,9.180000305175781,8.984999656677246,9.132499694824219,8.212508201599121,2459200
2006-08-03,9.069999694824219,9.637499809265137,9.007499694824219,9.587499618530273,8.62166690826416,2268000
2006-08-04,9.694999694824219,9.800000190734863,9.2524995803833,9.442500114440918,8.491273880004883,2607200
2006-08-07,9.28499984741211,9.404999732971191,9.140000343322754,9.324999809265137,8.385612487792969,1606000
2006-08-08,9.387499809265137,9.4375,9.074999809265137,9.09000015258789,8.174283981323242,991600
2006-08-09,9.175000190734863,9.180000305175781,8.727499961853027,8.75,7.868537425994873,2747200
2006-08-10,8.699999809265137,9.137499809265137,8.5,9.012499809265137,8.104592323303223,3413200
2006-08-11,9.010000228881836,9.03499984741211,8.522500038146973,8.585000038146973,7.72015905380249,1996800
2006-08-14,8.762499809265137,8.9975004196167,8.762499809265137,8.892499923706055,7.996679782867432,2755600
2006-08-15,9.0625,9.15999984741211,8.984999656677246,9.0600004196167,8.147308349609375,1926400
2006-08-16,9.15250015258789,9.380000114440918,9.142499923706055,9.3725004196167,8.428328514099121,1228400
2006-08-17,9.3725004196167,9.5,9.307499885559082,9.397500038146973,8.450806617736816,2039600
2006-08-18,9.397500038146973,9.397500038146973,9.082500457763672,9.1850004196167,8.259713172912598,1238000
2006-08-21,9.125,9.125,8.904999732971191,9.045000076293945,8.133818626403809,995200
2006-08-22,8.989999771118164,9.074999809265137,8.8149995803833,8.947500228881836,8.046142578125,2562400
2006-08-23,8.987500190734863,9.135000228881836,8.907500267028809,9.125,8.20576000213623,1760800
2006-08-24,9.172499656677246,9.172499656677246,8.962499618530273,9.052499771118164,8.1405611038208,1302800
2006-08-25,9.037500381469727,9.082500457763672,8.925000190734863,8.949999809265137,8.048388481140137,1028400
2006-08-28,9.010000228881836,9.270000457763672,8.962499618530273,9.157500267028809,8.234986305236816,1090000
2006-08-29,9.25,9.447500228881836,9.149999618530273,9.300000190734863,8.363129615783691,1495200
2006-08-30,9.274999618530273,9.520000457763672,9.202500343322754,9.432499885559082,8.482284545898438,1174000
2006-08-31,9.449999809265137,9.574999809265137,9.375,9.467499732971191,8.513757705688477,1116000
2006-09-01,9.517499923706055,9.522500038146973,9.319999694824219,9.4375,8.486780166625977,548800
2006-09-05,9.52750015258789,9.625,9.432499885559082,9.5024995803833,8.5452299118042,1893200
2006-09-06,9.452500343322754,9.454999923706055,9.199999809265137,9.22249984741211,8.293437957763672,1304400
2006-09-07,9.199999809265137,9.335000038146973,9.015000343322754,9.132499694824219,8.212508201599121,1514400
2006-09-08,9.135000228881836,9.260000228881836,8.967499732971191,9.229999542236328,8.30018138885498,1884000
2006-09-11,9.1850004196167,9.1875,8.8149995803833,9.077500343322754,8.163043975830078,2055200
2006-09-12,9.077500343322754,9.305000305175781,9.0625,9.237500190734863,8.306927680969238,3990000
2006-09-13,9.28499984741211,9.520000457763672,9.282500267028809,9.489999771118164,8.533989906311035,3424800
2006-09-14,9.425000190734863,9.602499961853027,9.375,9.487500190734863,8.531742095947266,2761200
2006-09-15,9.510000228881836,9.612500190734863,9.369999885559082,9.399999618530273,8.453055381774902,2830000
2006-09-18,9.332500457763672,9.479999542236328,9.194999694824219,9.229999542236328,8.30018138885498,1675600
2006-09-19,9.225000381469727,9.604999542236328,9.212499618530273,9.569999694824219,8.60593032836914,2147200
2006-09-20,9.654999732971191,9.842499732971191,9.632499694824219,9.734999656677246,8.75430965423584,1604000
2006-09-21,9.734999656677246,9.819999694824219,9.404999732971191,9.425000190734863,8.475537300109863,1734800
2006-09-22,9.34000015258789,9.569999694824219,9.319999694824219,9.505000114440918,8.547479629516602,1075600
2006-09-25,9.600000381469727,9.75,9.390000343322754,9.742500305175781,8.761053085327148,1510800
2006-09-26,9.762499809265137,9.8725004196167,9.657500267028809,9.819999694824219,8.830745697021484,1036800
2006-09-27,9.795000076293945,9.90999984741211,9.59749984741211,9.697500228881836,8.720585823059082,1217200
2006-09-28,9.699999809265137,9.797499656677246,9.475000381469727,9.617500305175781,8.64864730834961,774400
2006-09-29,9.657500267028809,9.8100004196167,9.4975004196167,9.510000228881836,8.551974296569824,1298400
2006-10-02,9.567500114440918,9.8725004196167,9.505000114440918,9.760000228881836,8.776790618896484,1376800
2006-10-03,9.859999656677246,10.34000015258789,9.845000267028809,10.207500457763672,9.179211616516113,3817600
2006-10-04,10.207500457763672,10.522500038146973,10.204999923706055,10.479999542236328,9.4242582321167,3906400
2006-10-05,10.430000305175781,10.432499885559082,10.132499694824219,10.367500305175781,9.32309341430664,2841600
2006-10-06,10.287500381469727,10.34749984741211,10.057499885559082,10.137499809265137,9.116262435913086,1955600
2006-10-09,10.074999809265137,10.170000076293945,9.864999771118164,10.119999885559082,9.10052490234375,2042400
2006-10-10,10.182499885559082,10.324999809265137,10.095000267028809,10.279999732971191,9.244405746459961,2959600
2006-10-11,10.262499809265137,10.300000190734863,10.082500457763672,10.21500015258789,9.185955047607422,2469600
2006-10-12,10.265000343322754,10.6875,10.255000114440918,10.649999618530273,9.577133178710938,2252000
2006-10-13,10.65250015258789,10.65250015258789,10.40250015258789,10.520000457763672,9.46023178100586,1709600
2006-10-16,10.5649995803833,10.805000305175781,10.414999961853027,10.414999961853027,9.365808486938477,1620400
2006-10-17,10.302499771118164,10.40250015258789,10.09000015258789,10.260000228881836,9.226421356201172,3486400
2006-10-18,10.3725004196167,10.542499542236328,10.147500038146973,10.529999732971191,9.469221115112305,2198000
2006-10-19,10.532500267028809,10.662500381469727,10.337499618530273,10.375,9.329837799072266,2292800
2006-10-20,10.40999984741211,10.994999885559082,10.375,10.827500343322754,9.736756324768066,2864000
2006-10-23,11.2475004196167,11.462499618530273,10.994999885559082,11.140000343322754,10.01777172088623,6408000
2006-10-24,10.425000190734863,10.505000114440918,10.0024995803833,10.34000015258789,9.298361778259277,10514400
2006-10-25,10.34000015258789,10.34000015258789,9.762499809265137,9.912500381469727,8.913926124572754,4504400
2006-10-26,9.914999961853027,10.350000381469727,9.914999961853027,10.229999542236328,9.199443817138672,2402800
2006-10-27,10.229999542236328,10.229999542236328,9.954999923706055,9.994999885559082,8.988115310668945,2479200
2006-10-30,10.0649995803833,10.282500267028809,10.039999961853027,10.21500015258789,9.185955047607422,2463200
2006-10-31,10.3149995803833,10.362500190734863,9.960000038146973,10.037500381469727,9.026333808898926,2602800
2006-11-01,10.087499618530273,10.112500190734863,9.84000015258789,9.862500190734863,8.868967056274414,2262000
2006-11-02,9.787500381469727,9.862500190734863,9.609999656677246,9.640000343322754,8.668880462646484,2505200
2006-11-03,9.65250015258789,9.737500190734863,9.5,9.567500114440918,8.603682518005371,1955200
2006-11-06,9.617500305175781,9.982500076293945,9.587499618530273,9.930000305175781,8.929668426513672,2041200
2006-11-07,9.930000305175781,10.202500343322754,9.925000190734863,10.102499961853027,9.084789276123047,1928800
2006-11-08,10.077500343322754,10.162500381469727,9.770000457763672,9.97249984741211,8.96788215637207,2965600
2006-11-09,9.800000190734863,9.8725004196167,9.682499885559082,9.8100004196167,8.821752548217773,2006400
2006-11-10,9.8725004196167,10.1225004196167,9.852499961853027,10.112500190734863,9.093779563903809,1848800
2006-11-13,10.237500190734863,10.432499885559082,10.220000267028809,10.3100004196167,9.271383285522461,2706000
2006-11-14,10.27750015258789,10.412500381469727,9.944999694824219,10.407500267028809,9.359064102172852,2662800
2006-11-15,10.75,11.112500190734863,10.734999656677246,10.949999809265137,9.846909523010254,4098000
2006-11-16,10.9975004196167,11.112500190734863,10.592499732971191,10.842499732971191,9.750240325927734,3854000
2006-11-17,10.842499732971191,10.932499885559082,10.545000076293945,10.71500015258789,9.63558578491211,2150800
2006-11-20,10.677499771118164,10.707500457763672,10.492500305175781,10.542499542236328,9.480462074279785,1711600
2006-11-21,10.539999961853027,10.827500343322754,10.515000343322754,10.744999885559082,9.662566184997559,2014400
2006-11-22,10.8149995803833,10.960000038146973,10.779999732971191,10.9375,9.835674285888672,1590400
2006-11-24,10.920000076293945,10.97249984741211,10.742500305175781,10.90250015258789,9.804198265075684,365600
2006-11-27,10.800000190734863,10.8149995803833,10.137499809265137,10.21500015258789,9.185955047607422,2902800
2006-11-28,10.21500015258789,10.357500076293945,10.020000457763672,10.244999885559082,9.212933540344238,2646800
2006-11-29,10.357500076293945,10.479999542236328,10.029999732971191,10.212499618530273,9.183706283569336,2112000
2006-11-30,10.212499618530273,10.369999885559082,10.095000267028809,10.282500267028809,9.246654510498047,3500400
2006-12-01,10.350000381469727,10.414999961853027,9.842499732971191,9.994999885559082,8.988115310668945,2417200
2006-12-04,10.087499618530273,10.197500228881836,9.982500076293945,10.180000305175781,9.15447998046875,1820400
2006-12-05,10.125,10.125,9.84749984741211,9.9975004196167,8.990363121032715,2316800
2006-12-06,10.017499923706055,10.045000076293945,9.914999961853027,9.962499618530273,8.95888900756836,2889600
2006-12-07,9.96500015258789,10.037500381469727,9.729999542236328,9.732500076293945,8.752059936523438,6818800
2006-12-08,9.5,9.712499618530273,9.375,9.600000381469727,8.632911682128906,4778000
2006-12-11,9.662500381469727,9.885000228881836,9.625,9.789999961853027,8.803768157958984,2319200
2006-12-12,9.699999809265137,9.699999809265137,9.390000343322754,9.494999885559082,8.538485527038574,2950400
2006-12-13,10.149999618530273,10.824999809265137,9.699999809265137,9.895000457763672,8.898191452026367,3580400
2006-12-14,9.875,10.0625,9.827500343322754,10.005000114440918,8.997110366821289,3364000
2006-12-15,10.192500114440918,10.192500114440918,10.032500267028809,10.15999984741211,9.136493682861328,3660400
2006-12-18,10.175000190734863,10.217499732971191,9.90250015258789,10.039999961853027,9.028584480285645,2802000
2006-12-19,10.0,10.020000457763672,9.787500381469727,9.984999656677246,8.979124069213867,1474000
2006-12-20,9.984999656677246,10.09000015258789,9.852499961853027,9.869999885559082,8.87570858001709,2024400
2006-12-21,9.8725004196167,9.97249984741211,9.682499885559082,9.712499618530273,8.734075546264648,1207200
2006-12-22,9.720000267028809,9.819999694824219,9.645000457763672,9.762499809265137,8.779037475585938,818000
2006-12-26,9.737500190734863,9.962499618530273,9.647500038146973,9.925000190734863,8.92516803741455,902800
2006-12-27,9.899999618530273,10.045000076293945,9.859999656677246,10.039999961853027,9.028584480285645,1374400
2006-12-28,10.015000343322754,10.197500228881836,9.975000381469727,10.137499809265137,9.116262435913086,2004000
2006-12-29,10.112500190734863,10.114999771118164,9.835000038146973,9.875,8.880205154418945,2658400
2007-01-03,10.0625,10.3125,9.979999542236328,10.2524995803833,9.21967601776123,2718400
2007-01-04,10.25,10.517499923706055,10.137499809265137,10.452500343322754,9.399527549743652,2907200
2007-01-05,10.362500190734863,10.362500190734863,9.9350004196167,10.074999809265137,9.06005859375,2025600
2007-01-08,10.050000190734863,10.34000015258789,9.892499923706055,10.287500381469727,9.251152038574219,2666800
2007-01-09,10.475000381469727,10.5649995803833,10.194999694824219,10.3725004196167,9.327588081359863,1387200
2007-01-10,10.462499618530273,10.682499885559082,10.375,10.609999656677246,9.541162490844727,1640400
2007-01-11,10.637499809265137,11.02750015258789,10.637499809265137,10.982500076293945,9.876137733459473,2423200
2007-01-12,10.9375,11.017499923706055,10.882499694824219,10.977499961853027,9.871641159057617,1548400
2007-01-16,11.050000190734863,11.130000114440918,10.975000381469727,11.117500305175781,9.997539520263672,2210400
2007-01-17,11.03499984741211,11.082500457763672,10.720000267028809,10.7524995803833,9.669306755065918,1844400
2007-01-18,10.7524995803833,10.854999542236328,10.515000343322754,10.547499656677246,9.48495864868164,2214800
2007-01-19,10.552499771118164,10.729999542236328,10.387499809265137,10.6875,9.610856056213379,1122400
2007-01-22,10.662500381469727,10.6875,10.369999885559082,10.484999656677246,9.428753852844238,1694400
2007-01-23,10.4399995803833,10.444999694824219,10.242500305175781,10.302499771118164,9.264638900756836,1786400
2007-01-24,10.302499771118164,10.582500457763672,10.25,10.399999618530273,9.352316856384277,1707600
2007-01-25,10.399999618530273,10.482500076293945,10.067500114440918,10.149999618530273,9.127501487731934,2160800
2007-01-26,10.149999618530273,10.212499618530273,9.952500343322754,10.182499885559082,9.156728744506836,2164000
2007-01-29,10.234999656677246,10.949999809265137,10.234999656677246,10.797499656677246,9.709774017333984,4146000
2007-01-30,10.837499618530273,10.864999771118164,10.4375,10.492500305175781,9.43549919128418,2335200
2007-01-31,10.467499732971191,10.75,10.414999961853027,10.712499618530273,9.63333511352539,2068800
2007-02-01,10.739999771118164,10.762499809265137,10.582500457763672,10.707500457763672,9.628841400146484,1562800
2007-02-02,10.710000038146973,10.857500076293945,10.617500305175781,10.65250015258789,9.579380989074707,1436800
2007-02-05,10.612500190734863,10.612500190734863,10.399999618530273,10.479999542236328,9.4242582321167,1763200
2007-02-06,10.454999923706055,10.914999961853027,10.454999923706055,10.904999732971191,9.80644416809082,2879600
2007-02-07,10.880000114440918,10.904999732971191,10.600000381469727,10.717499732971191,9.637833595275879,1935600
2007-02-08,10.699999809265137,10.7475004196167,10.59000015258789,10.6850004196167,9.608606338500977,1064400
2007-02-09,10.682499885559082,10.757499694824219,10.487500190734863,10.532500267028809,9.471470832824707,1200400
2007-02-12,10.637499809265137,10.789999961853027,10.587499618530273,10.739999771118164,9.658065795898438,1425200
2007-02-13,10.765000343322754,10.895000457763672,10.727499961853027,10.817500114440918,9.727762222290039,904800
2007-02-14,10.774999618530273,11.045000076293945,10.727499961853027,10.957500457763672,9.853657722473145,1520400
2007-02-15,10.957500457763672,11.050000190734863,10.850000381469727,10.9375,9.835674285888672,1615600
2007-02-16,10.975000381469727,11.0,10.852499961853027,10.944999694824219,9.842413902282715,1951200
2007-02-20,10.987500190734863,11.092499732971191,10.75,11.024999618530273,9.91435432434082,1319600
2007-02-21,10.987500190734863,11.125,10.962499618530273,11.005000114440918,9.896371841430664,1191200
2007-02-22,11.005000114440918,11.022500038146973,10.787500381469727,10.925000190734863,9.824430465698242,990400
2007-02-23,10.887499809265137,10.887499809265137,10.557499885559082,10.654999732971191,9.581629753112793,1069600
2007-02-26,10.664999961853027,10.682499885559082,10.442500114440918,10.604999542236328,9.536664962768555,1613600
2007-02-27,10.4375,10.4375,10.015000343322754,10.175000190734863,9.149983406066895,2426800
2007-02-28,10.199999809265137,10.3125,10.052499771118164,10.25,9.217427253723145,1903600
2007-03-01,10.024999618530273,10.292499542236328,9.8125,10.140000343322754,9.118510246276855,1704000
2007-03-02,10.100000381469727,10.2475004196167,9.842499732971191,9.862500190734863,8.868967056274414,3857200
2007-03-05,9.862500190734863,9.9375,9.65250015258789,9.65999984741211,8.686868667602539,2258000
2007-03-06,9.72249984741211,9.875,9.604999542236328,9.782500267028809,8.797022819519043,1276000
2007-03-07,9.755000114440918,9.829999923706055,9.672499656677246,9.712499618530273,8.734075546264648,1786000
2007-03-08,9.739999771118164,9.885000228881836,9.6899995803833,9.770000457763672,8.785782814025879,1791600
2007-03-09,9.822500228881836,9.922499656677246,9.765000343322754,9.850000381469727,8.857726097106934,1462400
2007-03-12,9.699999809265137,9.850000381469727,9.699999809265137,9.797499656677246,8.81051254272461,1204400
2007-03-13,9.762499809265137,9.762499809265137,9.547499656677246,9.579999923706055,8.614924430847168,1797600
2007-03-14,9.595000267028809,9.625,9.140000343322754,9.470000267028809,8.516005516052246,2982400
2007-03-15,9.512499809265137,9.694999694824219,9.510000228881836,9.614999771118164,8.646397590637207,1715600
2007-03-16,9.612500190734863,9.635000228881836,9.40250015258789,9.442500114440918,8.491273880004883,1746800
2007-03-19,9.479999542236328,9.65999984741211,9.432499885559082,9.632499694824219,8.662135124206543,1160000
2007-03-20,9.574999809265137,9.8125,9.574999809265137,9.795000076293945,8.808263778686523,1451200
2007-03-21,9.795000076293945,10.024999618530273,9.732500076293945,10.020000457763672,9.010599136352539,1700000
2007-03-22,9.9975004196167,10.012499809265137,9.7524995803833,9.8149995803833,8.826250076293945,2113200
2007-03-23,9.850000381469727,9.897500038146973,9.762499809265137,9.787500381469727,8.801522254943848,1433600
2007-03-26,9.787500381469727,9.8149995803833,9.507499694824219,9.582500457763672,8.617172241210938,1639200
2007-03-27,9.574999809265137,9.574999809265137,9.382499694824219,9.467499732971191,8.513757705688477,1186000
2007-03-28,9.404999732971191,9.529999732971191,9.307499885559082,9.454999923706055,8.502516746520996,2131600
2007-03-29,9.512499809265137,9.5600004196167,9.317500114440918,9.489999771118164,8.533989906311035,1417200
2007-03-30,9.520000457763672,9.65999984741211,9.40999984741211,9.524999618530273,8.565464973449707,1751600
2007-04-02,9.550000190734863,9.587499618530273,9.342499732971191,9.487500190734863,8.531742095947266,1210800
2007-04-03,9.59749984741211,9.7475004196167,9.550000190734863,9.59000015258789,8.623916625976562,2324400
2007-04-04,9.592499732971191,9.632499694824219,9.454999923706055,9.4975004196167,8.540733337402344,1949200
2007-04-05,9.4975004196167,9.662500381469727,9.470000267028809,9.645000457763672,8.67337703704834,1172400
2007-04-09,9.515000343322754,9.522500038146973,9.202500343322754,9.357500076293945,8.414838790893555,2593600
2007-04-10,9.357500076293945,9.357500076293945,9.199999809265137,9.225000381469727,8.295685768127441,1522000
2007-04-11,9.239999771118164,9.239999771118164,8.9975004196167,9.162500381469727,8.239480018615723,1791200
2007-04-12,9.130000114440918,9.220000267028809,8.967499732971191,9.09000015258789,8.174283981323242,1560000
2007-04-13,9.114999771118164,9.15250015258789,8.947500228881836,9.0649995803833,8.151803016662598,2497200
2007-04-16,9.067500114440918,9.202500343322754,9.017499923706055,9.0625,8.149556159973145,1797200
2007-04-17,9.125,9.272500038146973,9.09000015258789,9.164999961853027,8.241729736328125,2458800
2007-04-18,9.167499542236328,9.479999542236328,9.167499542236328,9.447500228881836,8.495772361755371,2497600
2007-04-19,9.447500228881836,9.447500228881836,9.177499771118164,9.197500228881836,8.270957946777344,1873200
2007-04-20,9.3125,9.375,9.077500343322754,9.112500190734863,8.194520950317383,2133200
2007-04-23,9.0625,9.1225004196167,8.90999984741211,8.947500228881836,8.046142578125,1784400
2007-04-24,8.9350004196167,8.992500305175781,8.78499984741211,8.914999961853027,8.016914367675781,2161600
2007-04-25,9.050000190734863,9.050000190734863,8.802499771118164,8.949999809265137,8.048388481140137,1866400
2007-04-26,8.949999809265137,9.375,8.862500190734863,8.895000457763672,7.998932361602783,2687200
2007-04-27,8.744999885559082,8.744999885559082,7.957499980926514,7.96999979019165,7.167112350463867,5872000
2007-04-30,8.032500267028809,8.125,7.377500057220459,7.400000095367432,6.654534339904785,9348400
2007-05-01,7.389999866485596,7.497499942779541,7.25,7.442500114440918,6.692752838134766,6646400
2007-05-02,7.392499923706055,7.587500095367432,7.317500114440918,7.46999979019165,6.7174811363220215,6348800
2007-05-03,7.514999866485596,7.577499866485596,7.385000228881836,7.477499961853027,6.724225997924805,4487200
2007-05-04,7.502500057220459,7.5625,7.454999923706055,7.502500057220459,6.746707916259766,3722400
2007-05-07,7.605000019073486,7.679999828338623,7.425000190734863,7.449999809265137,6.699495792388916,3110000
2007-05-08,7.402500152587891,7.46750020980835,7.289999961853027,7.380000114440918,6.636549949645996,3702400
2007-05-09,7.349999904632568,7.519999980926514,7.324999809265137,7.412499904632568,6.665774345397949,3433200
2007-05-10,7.414999961853027,7.474999904632568,7.264999866485596,7.28000020980835,6.546621322631836,4280800
2007-05-11,7.332499980926514,7.375,7.247499942779541,7.320000171661377,6.58259391784668,1971600
2007-05-14,7.324999809265137,7.357500076293945,7.182499885559082,7.230000019073486,6.501659870147705,1876400
2007-05-15,7.232500076293945,7.347499847412109,7.119999885559082,7.132500171661377,6.413982391357422,2247600
2007-05-16,7.135000228881836,7.28249979019165,7.072500228881836,7.15749979019165,6.43646240234375,5670800
2007-05-17,7.132500171661377,7.202499866485596,7.090000152587891,7.147500038146973,6.4274702072143555,3151200
2007-05-18,7.147500038146973,7.192500114440918,7.067500114440918,7.125,6.407236576080322,3489600
2007-05-21,7.125,7.162499904632568,7.03000020980835,7.059999942779541,6.348784923553467,2522800
2007-05-22,7.09250020980835,7.34499979019165,7.070000171661377,7.300000190734863,6.564608097076416,3945600
2007-05-23,7.232500076293945,7.287499904632568,6.837500095367432,6.885000228881836,6.191414833068848,6389600
2007-05-24,6.882500171661377,6.927499771118164,6.789999961853027,6.880000114440918,6.186917304992676,3822800
2007-05-25,6.90500020980835,6.957499980926514,6.840000152587891,6.932499885559082,6.234129905700684,2185600
2007-05-29,7.050000190734863,7.110000133514404,7.005000114440918,7.087500095367432,6.373513698577881,3464400
2007-05-30,7.074999809265137,7.267499923706055,7.002500057220459,7.267499923706055,6.53538179397583,3999600
2007-05-31,7.287499904632568,7.367499828338623,7.224999904632568,7.289999961853027,6.555614471435547,2620400
2007-06-01,7.315000057220459,7.324999809265137,7.125,7.184999942779541,6.461192607879639,3103200
2007-06-04,7.150000095367432,7.152500152587891,7.002500057220459,7.034999847412109,6.326302528381348,2700800
2007-06-05,7.034999847412109,7.074999809265137,6.940000057220459,6.992499828338623,6.288084030151367,2529600
2007-06-06,6.922500133514404,6.922500133514404,6.815000057220459,6.852499961853027,6.162188529968262,2542000
2007-06-07,6.852499961853027,6.852499961853027,6.675000190734863,6.679999828338623,6.007065296173096,2511600
2007-06-08,6.724999904632568,6.90500020980835,6.675000190734863,6.822500228881836,6.13521146774292,2956400
2007-06-11,6.817500114440918,6.817500114440918,6.699999809265137,6.755000114440918,6.074510097503662,1707200
2007-06-12,6.724999904632568,6.792500019073486,6.579999923706055,6.614999771118164,5.948612689971924,2325200
2007-06-13,6.695000171661377,6.695000171661377,6.474999904632568,6.627500057220459,5.959853649139404,4014800
2007-06-14,6.697500228881836,6.860000133514404,6.627500057220459,6.849999904632568,6.159939765930176,3210000
2007-06-15,6.980000019073486,6.980000019073486,6.71750020980835,6.742499828338623,6.063268661499023,3896400
2007-06-18,6.8125,6.829999923706055,6.722499847412109,6.75,6.070013523101807,2563200
2007-06-19,6.75,6.980000019073486,6.75,6.962500095367432,6.261106967926025,3544400
2007-06-20,6.989999771118164,7.119999885559082,6.965000152587891,7.047500133514404,6.337544918060303,3008400
2007-06-21,7.019999980926514,7.087500095367432,6.914999961853027,7.085000038146973,6.371267318725586,1977600
2007-06-22,7.085000038146973,7.09499979019165,6.925000190734863,6.980000019073486,6.276843070983887,2690000
2007-06-25,7.002500057220459,7.025000095367432,6.822500228881836,6.875,6.1824212074279785,3064000
2007-06-26,6.885000228881836,6.912499904632568,6.71999979019165,6.730000019073486,6.052029609680176,2346800
2007-06-27,6.664999961853027,6.747499942779541,6.577499866485596,6.739999771118164,6.061020851135254,2414800
2007-06-28,6.962500095367432,7.162499904632568,6.934999942779541,7.102499961853027,6.3870038986206055,4257200
2007-06-29,7.114999771118164,7.119999885559082,6.927499771118164,6.965000152587891,6.263355255126953,2610000
2007-07-02,7.0,7.127500057220459,6.952499866485596,7.117499828338623,6.400493621826172,1876800
2007-07-03,7.150000095367432,7.222499847412109,7.110000133514404,7.177499771118164,6.4544477462768555,2192400
2007-07-05,7.164999961853027,7.177499771118164,7.037499904632568,7.122499942779541,6.404987812042236,2592000
2007-07-06,7.105000019073486,7.272500038146973,7.050000190734863,7.269999980926514,6.537629127502441,1788800
2007-07-09,7.215000152587891,7.269999980926514,7.070000171661377,7.107500076293945,6.391499996185303,3148000
2007-07-10,7.074999809265137,7.09250020980835,6.852499961853027,6.869999885559082,6.177924633026123,2229600
2007-07-11,6.849999904632568,6.872499942779541,6.764999866485596,6.829999923706055,6.1419548988342285,2339200
2007-07-12,6.867499828338623,6.927499771118164,6.815000057220459,6.925000190734863,6.227384567260742,1992000
2007-07-13,6.900000095367432,6.90749979019165,6.815000057220459,6.849999904632568,6.159939765930176,1584800
2007-07-16,6.784999847412109,7.0,6.772500038146973,6.96999979019165,6.26785135269165,2228000
2007-07-17,7.022500038146973,7.15500020980835,6.96999979019165,7.087500095367432,6.373513698577881,2278400
2007-07-18,7.027500152587891,7.159999847412109,6.994999885559082,7.090000152587891,6.375763893127441,2317200
2007-07-19,7.215000152587891,7.25,7.079999923706055,7.097499847412109,6.382507801055908,2048800
2007-07-20,7.097499847412109,7.132500171661377,6.827499866485596,6.932499885559082,6.234129905700684,3014800
2007-07-23,6.940000057220459,7.005000114440918,6.840000152587891,6.947500228881836,6.247618198394775,2015600
2007-07-24,6.815000057220459,6.942500114440918,6.730000019073486,6.764999866485596,6.083502769470215,2855200
2007-07-25,6.84250020980835,6.894999980926514,6.622499942779541,6.772500038146973,6.090246200561523,2576800
2007-07-26,6.525000095367432,6.572500228881836,5.860000133514404,6.077499866485596,5.465259075164795,7218400
2007-07-27,6.289999961853027,6.362500190734863,6.022500038146973,6.125,5.507975101470947,5824400
2007-07-30,6.127500057220459,6.244999885559082,5.980000019073486,6.110000133514404,5.494487285614014,3910400
2007-07-31,6.147500038146973,6.230000019073486,5.815000057220459,5.832499980926514,5.244941711425781,3779200
2007-08-01,5.867499828338623,5.90749979019165,5.682499885559082,5.862500190734863,5.271920204162598,5594800
2007-08-02,5.9375,6.022500038146973,5.804999828338623,5.9375,5.339364528656006,3668400
2007-08-03,5.949999809265137,5.977499961853027,5.767499923706055,5.787499904632568,5.204473495483398,4700800
2007-08-06,5.829999923706055,5.849999904632568,5.507500171661377,5.699999809265137,5.125789165496826,4822400
2007-08-07,5.642499923706055,5.662499904632568,5.454999923706055,5.545000076293945,4.986403465270996,4891200
2007-08-08,5.637499809265137,6.097499847412109,5.625,6.054999828338623,5.4450273513793945,6376400
2007-08-09,6.039999961853027,6.364999771118164,5.989999771118164,6.255000114440918,5.624881267547607,5726800
2007-08-10,6.150000095367432,6.382500171661377,5.882500171661377,6.264999866485596,5.633871555328369,4058400
2007-08-13,6.385000228881836,6.554999828338623,6.017499923706055,6.15500020980835,5.534953594207764,3484400
2007-08-14,6.15500020980835,6.1875,5.960000038146973,5.980000019073486,5.377583026885986,2472400
2007-08-15,5.994999885559082,6.0625,5.53249979019165,5.559999942779541,4.999893665313721,3873600
2007-08-16,5.625,5.892499923706055,5.375,5.872499942779541,5.280912399291992,5324400
2007-08-17,6.114999771118164,6.164999961853027,5.807499885559082,5.985000133514404,5.382080078125,3628400
2007-08-20,6.002500057220459,6.0625,5.752500057220459,5.849999904632568,5.260679244995117,2009600
2007-08-21,5.815000057220459,6.147500038146973,5.809999942779541,6.110000133514404,5.494487285614014,2019600
2007-08-22,6.202499866485596,6.3125,6.139999866485596,6.264999866485596,5.633871555328369,2750800
2007-08-23,6.307499885559082,6.320000171661377,6.110000133514404,6.179999828338623,5.55743408203125,1562400
2007-08-24,6.195000171661377,6.375,6.132500171661377,6.375,5.732790470123291,1321200
2007-08-27,6.349999904632568,6.40500020980835,6.239999771118164,6.272500038146973,5.640615940093994,1620400
2007-08-28,6.260000228881836,6.272500038146973,6.03249979019165,6.047500133514404,5.4382829666137695,1420800
2007-08-29,6.037499904632568,6.125,5.947500228881836,6.105000019073486,5.489991664886475,2389600
2007-08-30,6.03000020980835,6.15500020980835,5.960000038146973,6.059999942779541,5.449522495269775,1486400
2007-08-31,6.137499809265137,6.255000114440918,6.059999942779541,6.204999923706055,5.579916477203369,1958800
2007-09-04,6.269999980926514,6.5,6.1875,6.394999980926514,5.750777244567871,3351200
2007-09-05,6.382500171661377,6.465000152587891,6.269999980926514,6.289999961853027,5.65635347366333,1745600
2007-09-06,6.315000057220459,6.329999923706055,6.065000057220459,6.170000076293945,5.548442840576172,1722800
2007-09-07,5.989999771118164,6.002500057220459,5.760000228881836,5.840000152587891,5.251685619354248,3360800
2007-09-10,5.877500057220459,5.927499771118164,5.724999904632568,5.767499923706055,5.186489582061768,2423200
2007-09-11,5.769999980926514,5.942500114440918,5.715000152587891,5.894999980926514,5.301145553588867,1543200
2007-09-12,5.867499828338623,5.900000095367432,5.662499904632568,5.71999979019165,5.143775939941406,2400800
2007-09-13,5.75,5.804999828338623,5.650000095367432,5.755000114440918,5.175250053405762,1389200
2007-09-14,5.824999809265137,6.224999904632568,5.792500019073486,6.102499961853027,5.487742900848389,3758000
2007-09-17,6.122499942779541,6.159999847412109,6.0,6.017499923706055,5.411303997039795,1750800
2007-09-18,6.070000171661377,6.360000133514404,6.007500171661377,6.340000152587891,5.7013163566589355,2032400
2007-09-19,6.4375,6.457499980926514,6.25,6.307499885559082,5.672089576721191,1846000
2007-09-20,6.152500152587891,6.207499980926514,5.875,5.987500190734863,5.384326457977295,3628400
2007-09-21,6.107500076293945,6.150000095367432,6.017499923706055,6.047500133514404,5.4382829666137695,2454400
2007-09-24,6.09250020980835,6.09250020980835,5.679999828338623,5.71750020980835,5.14152717590332,3799200
2007-09-25,5.699999809265137,5.78249979019165,5.697500228881836,5.722499847412109,5.146023273468018,2305600
2007-09-26,5.75,5.875,5.695000171661377,5.829999923706055,5.242693901062012,2993600
2007-09-27,5.852499961853027,5.894999980926514,5.815000057220459,5.832499980926514,5.244941711425781,1587600
2007-09-28,5.815000057220459,5.84499979019165,5.742499828338623,5.772500038146973,5.190986633300781,1624400
2007-10-01,5.772500038146973,5.877500057220459,5.772500038146973,5.840000152587891,5.251685619354248,2301200
2007-10-02,5.875,6.052499771118164,5.860000133514404,5.987500190734863,5.384326457977295,3532400
2007-10-03,5.925000190734863,6.199999809265137,5.900000095367432,6.177499771118164,5.555187702178955,3277200
2007-10-04,6.204999923706055,6.284999847412109,6.170000076293945,6.277500152587891,5.645112991333008,2558800
2007-10-05,6.364999771118164,6.542500019073486,6.287499904632568,6.434999942779541,5.786746501922607,2827200
2007-10-08,6.449999809265137,6.972499847412109,6.369999885559082,6.497499942779541,5.842950344085693,2555200
2007-10-09,6.514999866485596,6.739999771118164,6.512499809265137,6.622499942779541,5.955357551574707,3070400
2007-10-10,6.632500171661377,6.787499904632568,6.5625,6.637499809265137,5.968847274780273,2384400
2007-10-11,6.722499847412109,6.792500019073486,6.460000038146973,6.612500190734863,5.946366310119629,3464000
2007-10-12,6.449999809265137,6.514999866485596,6.082499980926514,6.382500171661377,5.739534854888916,3097200
2007-10-15,6.302499771118164,6.382500171661377,6.199999809265137,6.377500057220459,5.735040187835693,2264800
2007-10-16,6.34499979019165,6.537499904632568,6.315000057220459,6.457499980926514,5.806980133056641,2551600
2007-10-17,6.46999979019165,6.514999866485596,6.322500228881836,6.46999979019165,5.818221569061279,3180400
2007-10-18,6.425000190734863,6.442500114440918,6.262499809265137,6.292500019073486,5.658602714538574,2555200
2007-10-19,6.302499771118164,6.317500114440918,6.077499866485596,6.09499979019165,5.480997085571289,2887200
2007-10-22,6.042500019073486,6.375,6.019999980926514,6.300000190734863,5.665346622467041,4070000
2007-10-23,6.322500228881836,6.662499904632568,6.275000095367432,6.454999923706055,5.804732322692871,3024400
2007-10-24,6.409999847412109,6.559999942779541,6.252500057220459,6.392499923706055,5.748527526855469,2792400
2007-10-25,6.5625,6.735000133514404,6.269999980926514,6.502500057220459,5.847446441650391,4147600
2007-10-26,6.292500019073486,6.434999942779541,5.925000190734863,6.417500019073486,5.7710089683532715,4508400
2007-10-29,6.380000114440918,6.422500133514404,6.125,6.202499866485596,5.577668190002441,3506400
2007-10-30,6.21999979019165,6.502500057220459,6.202499866485596,6.357500076293945,5.7170538902282715,2878800
2007-10-31,6.349999904632568,6.432499885559082,6.244999885559082,6.349999904632568,5.710308074951172,3559200
2007-11-01,6.239999771118164,6.300000190734863,6.099999904632568,6.105000019073486,5.489991664886475,3717200
2007-11-02,6.28000020980835,6.295000076293945,6.0,6.107500076293945,5.492237567901611,3043600
2007-11-05,6.102499961853027,6.182499885559082,5.912499904632568,5.954999923706055,5.355101108551025,3054800
2007-11-06,6.014999866485596,6.014999866485596,5.695000171661377,5.840000152587891,5.251685619354248,4920000
2007-11-07,5.762499809265137,5.767499923706055,5.552499771118164,5.650000095367432,5.080826282501221,5788400
2007-11-08,5.659999847412109,5.659999847412109,5.292500019073486,5.505000114440918,4.950433254241943,5668800
2007-11-09,5.432499885559082,5.527500152587891,5.287499904632568,5.449999809265137,4.900974750518799,4520400
2007-11-12,5.537499904632568,5.849999904632568,5.502500057220459,5.78249979019165,5.199978351593018,5638800
2007-11-13,5.769999980926514,6.1875,5.769999980926514,6.150000095367432,5.530457019805908,4728400
2007-11-14,6.137499809265137,6.367499828338623,5.927499771118164,6.112500190734863,5.496735095977783,4833600
2007-11-15,6.112500190734863,6.235000133514404,5.980000019073486,6.039999961853027,5.431538105010986,3803200
2007-11-16,6.042500019073486,6.070000171661377,5.849999904632568,5.945000171661377,5.346109390258789,3119200
2007-11-19,5.912499904632568,5.912499904632568,5.599999904632568,5.617499828338623,5.051600456237793,4424000
2007-11-20,5.597499847412109,5.642499923706055,5.340000152587891,5.5,4.945937633514404,3650000
2007-11-21,5.452499866485596,5.797500133514404,5.362500190734863,5.627500057220459,5.060594081878662,3576400
2007-11-23,5.702499866485596,5.952499866485596,5.637499809265137,5.832499980926514,5.244941711425781,1584800
2007-11-26,5.832499980926514,5.947500228881836,5.605000019073486,5.605000019073486,5.040360927581787,3322800
2007-11-27,5.71750020980835,6.090000152587891,5.71750020980835,5.9375,5.339364528656006,4412400
2007-11-28,6.0,6.284999847412109,5.920000076293945,6.25,5.620384216308594,3631200
2007-11-29,6.139999866485596,6.222499847412109,6.074999809265137,6.139999866485596,5.521464824676514,2119200
2007-11-30,6.324999809265137,6.442500114440918,6.224999904632568,6.332499980926514,5.694573402404785,2768400
2007-12-03,6.28249979019165,6.360000133514404,6.122499942779541,6.142499923706055,5.5237135887146,1258800
2007-12-04,6.034999847412109,6.150000095367432,5.96750020980835,6.074999809265137,5.4630126953125,1704400
2007-12-05,6.105000019073486,6.227499961853027,5.929999828338623,6.019999980926514,5.413553237915039,2385600
2007-12-06,6.067500114440918,6.452499866485596,6.037499904632568,6.452499866485596,5.802483558654785,3202400
2007-12-07,6.462500095367432,6.702499866485596,6.4375,6.65749979019165,5.986832618713379,2369200
2007-12-10,6.690000057220459,6.739999771118164,6.517499923706055,6.732500076293945,6.054276943206787,1169200
2007-12-11,6.752500057220459,7.0,6.617499828338623,6.625,5.957607269287109,5040000
2007-12-12,6.84250020980835,6.877500057220459,6.257500171661377,6.364999771118164,5.7237982749938965,4634000
2007-12-13,6.302499771118164,6.482500076293945,6.152500152587891,6.4375,5.788994312286377,3765600
2007-12-14,6.375,6.552499771118164,6.307499885559082,6.472499847412109,5.820469379425049,2207200
2007-12-17,6.429999828338623,6.537499904632568,6.262499809265137,6.269999980926514,5.638369083404541,1761600
2007-12-18,6.317500114440918,6.449999809265137,6.260000228881836,6.429999828338623,5.782249927520752,1378000
2007-12-19,6.425000190734863,6.554999828338623,6.34499979019165,6.517499923706055,5.860935688018799,1136000
2007-12-20,6.622499942779541,6.682499885559082,6.369999885559082,6.582499980926514,5.919388294219971,2266800
2007-12-21,6.667500019073486,6.690000057220459,6.465000152587891,6.635000228881836,5.966599464416504,2378800
2007-12-24,6.625,6.820000171661377,6.597499847412109,6.809999942779541,6.123970031738281,559600
2007-12-26,6.744999885559082,6.815000057220459,6.635000228881836,6.764999866485596,6.083502769470215,918000
2007-12-27,6.742499828338623,6.742499828338623,6.434999942779541,6.482500076293945,5.829462051391602,1360000
2007-12-28,6.482500076293945,6.527500152587891,6.237500190734863,6.272500038146973,5.640615940093994,2096800
2007-12-31,6.230000019073486,6.360000133514404,6.190000057220459,6.252500057220459,5.622631072998047,1647600
2008-01-02,6.204999923706055,6.292500019073486,5.877500057220459,5.912499904632568,5.316883087158203,2580000
2008-01-03,5.934999942779541,6.037499904632568,5.769999980926514,5.800000190734863,5.2157158851623535,1962800
2008-01-04,5.732500076293945,5.772500038146973,5.552499771118164,5.730000019073486,5.152768135070801,2148000
2008-01-07,5.804999828338623,6.085000038146973,5.735000133514404,5.952499866485596,5.3528523445129395,3578800
2008-01-08,5.900000095367432,6.012499809265137,5.5,5.514999866485596,4.959425926208496,2842800
2008-01-09,5.554999828338623,5.599999904632568,5.277500152587891,5.550000190734863,4.990901947021484,4400000
2008-01-10,5.587500095367432,6.025000095367432,5.582499980926514,5.897500038146973,5.303394317626953,5533200
2008-01-11,5.860000133514404,5.9375,5.704999923706055,5.772500038146973,5.190986633300781,2802400
2008-01-14,5.775000095367432,5.900000095367432,5.704999923706055,5.795000076293945,5.2112202644348145,1775600
2008-01-15,5.682499885559082,5.972499847412109,5.682499885559082,5.934999942779541,5.33711576461792,4795600
2008-01-16,5.920000076293945,5.96999979019165,5.582499980926514,5.84499979019165,5.25618314743042,4392400
2008-01-17,5.880000114440918,6.122499942779541,5.697500228881836,5.764999866485596,5.184239864349365,2783200
2008-01-18,5.732500076293945,5.992499828338623,5.625,5.84499979019165,5.25618314743042,3850800
2008-01-22,5.599999904632568,5.954999923706055,5.409999847412109,5.755000114440918,5.175250053405762,3505200
2008-01-23,5.619999885559082,6.247499942779541,5.612500190734863,6.172500133514404,5.550689220428467,4029200
2008-01-24,6.025000095367432,6.025000095367432,5.602499961853027,5.677499771118164,5.105556964874268,3741600
2008-01-25,5.797500133514404,5.797500133514404,5.59250020980835,5.650000095367432,5.080826282501221,2276400
2008-01-28,5.639999866485596,5.96750020980835,5.635000228881836,5.9375,5.339364528656006,2707600
2008-01-29,5.985000133514404,6.142499923706055,5.772500038146973,5.789999961853027,5.206723213195801,3869200
2008-01-30,5.784999847412109,6.137499809265137,5.71999979019165,5.954999923706055,5.355101108551025,3352000
2008-01-31,5.887499809265137,6.385000228881836,5.862500190734863,6.324999809265137,5.687828063964844,4028400
2008-02-01,6.352499961853027,6.744999885559082,6.327499866485596,6.732500076293945,6.054276943206787,3228400
2008-02-04,6.710000038146973,6.807499885559082,6.335000038146973,6.400000095367432,5.75527286529541,3024000
2008-02-05,6.372499942779541,6.659999847412109,6.3125,6.465000152587891,5.813724517822266,3028000
2008-02-06,6.514999866485596,6.855000019073486,6.447500228881836,6.639999866485596,5.971094131469727,4192800
2008-02-07,6.675000190734863,7.122499942779541,6.627500057220459,7.052499771118164,6.342041969299316,5684000
2008-02-08,6.977499961853027,7.102499961853027,6.692500114440918,6.872499942779541,6.180172920227051,3374400
2008-02-11,6.869999885559082,6.982500076293945,6.652500152587891,6.917500019073486,6.220639705657959,3282400
2008-02-12,6.917500019073486,7.022500038146973,6.762499809265137,6.857500076293945,6.166684627532959,2231200
2008-02-13,6.96999979019165,7.0,6.800000190734863,6.957499980926514,6.256609916687012,2162400
2008-02-14,6.942500114440918,6.977499961853027,6.597499847412109,6.599999904632568,5.935123443603516,2358400
2008-02-15,6.659999847412109,7.007500171661377,6.59499979019165,6.982500076293945,6.279092311859131,3610400
2008-02-19,6.989999771118164,6.989999771118164,6.710000038146973,6.824999809265137,6.137458801269531,1970000
2008-02-20,6.820000171661377,6.977499961853027,6.65500020980835,6.962500095367432,6.261106967926025,3066800
2008-02-21,6.997499942779541,7.139999866485596,6.792500019073486,6.867499828338623,6.17567777633667,2284000
2008-02-22,6.902500152587891,6.947500228881836,6.670000076293945,6.925000190734863,6.227384567260742,2143200
2008-02-25,6.900000095367432,7.007500171661377,6.707499980926514,6.985000133514404,6.2813401222229,2664000
2008-02-26,6.857500076293945,7.099999904632568,6.824999809265137,6.862500190734863,6.171180725097656,3405200
2008-02-27,6.764999866485596,6.792500019073486,6.539999961853027,6.602499961853027,5.93737268447876,3470800
2008-02-28,6.557499885559082,6.647500038146973,6.192500114440918,6.207499980926514,5.582165718078613,2632800
2008-02-29,6.15500020980835,6.260000228881836,6.079999923706055,6.099999904632568,5.485494136810303,2449600
2008-03-03,6.144999980926514,6.164999961853027,5.847499847412109,5.96999979019165,5.368590831756592,2018000
2008-03-04,5.900000095367432,6.042500019073486,5.797500133514404,6.027500152587891,5.420297622680664,1956800
2008-03-05,6.027500152587891,6.179999828338623,5.824999809265137,6.139999866485596,5.521464824676514,4090000
2008-03-06,6.132500171661377,6.132500171661377,5.6875,5.724999904632568,5.148270606994629,6922800
2008-03-07,5.605000019073486,5.824999809265137,5.547500133514404,5.605000019073486,5.040360927581787,5864400
2008-03-10,5.605000019073486,5.712500095367432,5.297500133514404,5.34499979019165,4.806551456451416,7694400
2008-03-11,5.480000019073486,5.635000228881836,5.40500020980835,5.625,5.058345317840576,5557600
2008-03-12,5.352499961853027,5.352499961853027,4.565000057220459,4.590000152587891,4.127610206604004,10473200
2008-03-13,4.542500019073486,4.695000171661377,4.360000133514404,4.650000095367432,4.181564807891846,7517600
2008-03-14,4.929999828338623,4.929999828338623,4.382500171661377,4.510000228881836,4.05566930770874,4811200
2008-03-17,4.417500019073486,4.597499847412109,4.400000095367432,4.517499923706055,4.062412738800049,5891600
2008-03-18,4.632500171661377,4.787499904632568,4.480000019073486,4.769999980926514,4.28947639465332,3518000
2008-03-19,4.855000019073486,4.922500133514404,4.684999942779541,4.684999942779541,4.213039875030518,3288400
2008-03-20,4.699999809265137,4.880000114440918,4.65500020980835,4.744999885559082,4.266994953155518,4722800
2008-03-24,4.744999885559082,4.912499904632568,4.65500020980835,4.852499961853027,4.36366605758667,2836400
2008-03-25,4.90500020980835,5.002500057220459,4.792500019073486,4.972499847412109,4.4715776443481445,2471200
2008-03-26,4.927499771118164,4.947500228881836,4.587500095367432,4.712500095367432,4.237768650054932,2492800
2008-03-27,4.704999923706055,4.934999942779541,4.639999866485596,4.727499961853027,4.251258373260498,2171200
2008-03-28,4.777500152587891,4.815000057220459,4.627500057220459,4.735000133514404,4.258002758026123,2327600
2008-03-31,4.737500190734863,4.957499980926514,4.697500228881836,4.90500020980835,4.410876274108887,2489600
2008-04-01,4.997499942779541,5.21999979019165,4.952499866485596,5.147500038146973,4.6289472579956055,2147600
2008-04-02,5.195000171661377,5.260000228881836,4.985000133514404,5.050000190734863,4.5412702560424805,2508000
2008-04-03,5.09499979019165,5.162499904632568,5.005000114440918,5.107500076293945,4.592977523803711,2041200
2008-04-04,5.090000152587891,5.224999904632568,5.012499809265137,5.175000190734863,4.653677463531494,1991200
2008-04-07,5.175000190734863,5.235000133514404,5.085000038146973,5.162499904632568,4.6424360275268555,1855600
2008-04-08,5.164999961853027,5.204999923706055,5.099999904632568,5.182499885559082,4.660421848297119,2002400
2008-04-09,5.167500019073486,5.237500190734863,4.875,4.922500133514404,4.426613807678223,2300800
2008-04-10,4.849999904632568,5.167500019073486,4.849999904632568,5.037499904632568,4.530029296875,2998800
2008-04-11,4.947500228881836,5.074999809265137,4.732500076293945,4.775000095367432,4.293972492218018,3455200
2008-04-14,4.8125,4.96750020980835,4.78000020980835,4.909999847412109,4.415372848510742,2023600
2008-04-15,5.0,5.107500076293945,4.567500114440918,4.650000095367432,4.181564807891846,3183200
2008-04-16,4.710000038146973,4.914999961853027,4.597499847412109,4.84499979019165,4.356919765472412,2222000
2008-04-17,4.815000057220459,4.869999885559082,4.71999979019165,4.829999923706055,4.3434343338012695,1473600
2008-04-18,4.920000076293945,5.0625,4.829999923706055,5.054999828338623,4.5457658767700195,2167200
2008-04-21,5.025000095367432,5.0625,4.777500152587891,4.832499980926514,4.3456807136535645,1949200
2008-04-22,4.822500228881836,4.822500228881836,4.377500057220459,4.502500057220459,4.048923969268799,4414000
2008-04-23,4.567500114440918,4.622499942779541,4.40500020980835,4.547500133514404,4.089391231536865,2334400
2008-04-24,4.625,4.929999828338623,4.477499961853027,4.862500190734863,4.372658729553223,2956400
2008-04-25,4.667500019073486,4.96999979019165,4.667500019073486,4.952499866485596,4.453591823577881,2976800
2008-04-28,4.9375,5.09250020980835,4.747499942779541,5.005000114440918,4.500802516937256,2904400
2008-04-29,5.082499980926514,5.289999961853027,5.059999942779541,5.242499828338623,4.714376926422119,2157600
2008-04-30,5.264999866485596,5.567500114440918,5.199999809265137,5.369999885559082,4.829032897949219,3274400
2008-05-01,5.400000095367432,5.75,5.400000095367432,5.579999923706055,5.01787805557251,2900400
2008-05-02,5.632500171661377,5.637499809265137,5.362500190734863,5.460000038146973,4.909965991973877,2244800
2008-05-05,5.425000190734863,5.489999771118164,5.230000019073486,5.364999771118164,4.824536323547363,1556800
2008-05-06,5.275000095367432,5.275000095367432,5.054999828338623,5.184999942779541,4.662670612335205,1684800
2008-05-07,5.202499866485596,5.324999809265137,4.882500171661377,4.912499904632568,4.41762113571167,2225200
2008-05-08,4.897500038146973,5.019999980926514,4.837500095367432,4.942500114440918,4.444599628448486,1941600
2008-05-09,4.817500114440918,4.980000019073486,4.775000095367432,4.922500133514404,4.426613807678223,1683200
2008-05-12,4.96999979019165,5.139999866485596,4.96999979019165,5.112500190734863,4.597473621368408,1436400
2008-05-13,5.137499809265137,5.28249979019165,5.107500076293945,5.175000190734863,4.653677463531494,1501600
2008-05-14,5.197500228881836,5.429999828338623,5.190000057220459,5.289999961853027,4.757091999053955,2086000
2008-05-15,5.224999904632568,5.449999809265137,5.125,5.397500038146973,4.853762626647949,1498000
2008-05-16,5.289999961853027,5.477499961853027,5.199999809265137,5.347499847412109,4.808798313140869,2056800
2008-05-19,5.497499942779541,5.65749979019165,5.349999904632568,5.389999866485596,4.847018241882324,2678400
2008-05-20,5.360000133514404,5.360000133514404,5.097499847412109,5.150000095367432,4.631195545196533,1682000
2008-05-21,5.0625,5.087500095367432,4.632500171661377,4.682499885559082,4.210792541503906,4200800
2008-05-22,4.704999923706055,4.857500076293945,4.590000152587891,4.627500057220459,4.161332607269287,2194400
2008-05-23,4.505000114440918,4.527500152587891,4.332499980926514,4.40500020980835,3.9612460136413574,2220000
2008-05-27,4.519999980926514,4.84250020980835,4.5,4.792500019073486,4.309709548950195,2258000
2008-05-28,4.972499847412109,4.992499828338623,4.692500114440918,4.762499809265137,4.2827324867248535,1976800
2008-05-29,4.822500228881836,5.085000038146973,4.677499771118164,5.037499904632568,4.530029296875,2821200
2008-05-30,5.057499885559082,5.057499885559082,4.832499980926514,4.882500171661377,4.390643119812012,2424400
2008-06-02,4.917500019073486,4.957499980926514,4.6875,4.857500076293945,4.368161201477051,2229600
2008-06-03,4.942500114440918,5.03000020980835,4.837500095367432,4.962500095367432,4.462584018707275,2248400
2008-06-04,4.949999809265137,5.027500152587891,4.752500057220459,4.875,4.3838982582092285,3071600
2008-06-05,4.90749979019165,5.304999828338623,4.875,5.239999771118164,4.71212911605835,3872400
2008-06-06,5.019999980926514,5.057499885559082,4.820000171661377,4.849999904632568,4.361416816711426,5720800
2008-06-09,4.920000076293945,4.982500076293945,4.630000114440918,4.702499866485596,4.228776454925537,4202000
2008-06-10,4.625,4.887499809265137,4.510000228881836,4.704999923706055,4.231024265289307,5039600
2008-06-11,4.664999961853027,4.697500228881836,4.434999942779541,4.442500114440918,3.994968891143799,4086800
2008-06-12,4.5,4.675000190734863,4.324999809265137,4.46999979019165,4.019697189331055,5859600
2008-06-13,4.53000020980835,4.672500133514404,4.525000095367432,4.614999771118164,4.15009069442749,2296000
2008-06-16,4.537499904632568,4.697500228881836,4.449999809265137,4.662499904632568,4.192806243896484,5224000
2008-06-17,4.690000057220459,4.992499828338623,4.627500057220459,4.722499847412109,4.246762275695801,2346000
2008-06-18,4.684999942779541,4.684999942779541,4.474999904632568,4.534999847412109,4.078149318695068,2054800
2008-06-19,4.547500133514404,5.019999980926514,4.547500133514404,4.994999885559082,4.4918107986450195,3273200
2008-06-20,4.892499923706055,4.892499923706055,4.5,4.599999904632568,4.13660192489624,4672800
2008-06-23,4.65749979019165,4.679999828338623,4.324999809265137,4.340000152587891,3.9027960300445557,3186400
2008-06-24,4.349999904632568,4.400000095367432,4.074999809265137,4.292500019073486,3.860079526901245,3716000
2008-06-25,4.309999942779541,4.5625,4.292500019073486,4.387499809265137,3.945509672164917,2335200
2008-06-26,4.264999866485596,4.307499885559082,4.119999885559082,4.130000114440918,3.7139484882354736,2516000
2008-06-27,4.15500020980835,4.175000190734863,4.0,4.142499923706055,3.7251901626586914,4101200
2008-06-30,4.099999904632568,4.102499961853027,3.8350000381469727,3.8350000381469727,3.4486680030822754,3531200
2008-07-01,3.7799999713897705,3.817500114440918,3.497499942779541,3.674999952316284,3.304785966873169,4739200
2008-07-02,3.497499942779541,3.765000104904175,3.3924999237060547,3.424999952316284,3.079969882965088,4813600
2008-07-03,3.424999952316284,3.494999885559082,3.255000114440918,3.367500066757202,3.028262138366699,2201600
2008-07-07,3.549999952316284,3.9725000858306885,3.3475000858306885,3.424999952316284,3.079969882965088,3685200
2008-07-08,3.640000104904175,3.7049999237060547,3.5,3.700000047683716,3.3272671699523926,5016400
2008-07-09,3.6424999237060547,3.694999933242798,3.3424999713897705,3.375,3.0350067615509033,3568000
2008-07-10,3.3949999809265137,3.515000104904175,3.299999952316284,3.4000000953674316,3.0574886798858643,3229600
2008-07-11,3.3375000953674316,3.3375000953674316,2.805000066757202,2.950000047683716,2.6528210639953613,6547200
2008-07-14,2.9024999141693115,2.950000047683716,2.619999885559082,2.7325000762939453,2.4572319984436035,7677200
2008-07-15,2.7049999237060547,2.875,2.5250000953674316,2.700000047683716,2.4280056953430176,6701600
2008-07-16,2.7300000190734863,3.432499885559082,2.7249999046325684,3.3975000381469727,3.0552401542663574,7024400
2008-07-17,3.450000047683716,3.9075000286102295,3.2925000190734863,3.877500057220459,3.4868855476379395,7625200
2008-07-18,3.8450000286102295,4.300000190734863,3.7899999618530273,4.090000152587891,3.677978515625,7364800
2008-07-21,3.877500057220459,4.172500133514404,3.877500057220459,3.942500114440918,3.5453379154205322,3548000
2008-07-22,3.9825000762939453,4.787499904632568,3.9700000286102295,4.625,4.159083366394043,6890000
2008-07-23,4.702499866485596,4.957499980926514,4.510000228881836,4.712500095367432,4.237768650054932,8014000
2008-07-24,4.269999980926514,4.690000057220459,4.21999979019165,4.269999980926514,3.839846134185791,5327600
2008-07-25,4.337500095367432,4.625,4.337500095367432,4.422500133514404,3.976982593536377,4141600
2008-07-28,4.402500152587891,4.497499942779541,4.164999961853027,4.25,3.8218607902526855,3168400
2008-07-29,4.304999828338623,4.679999828338623,4.297500133514404,4.639999866485596,4.172572612762451,4105200
2008-07-30,4.804999828338623,4.804999828338623,4.102499961853027,4.244999885559082,3.817363977432251,5370000
2008-07-31,4.172500133514404,4.622499942779541,4.077499866485596,4.46999979019165,4.019697189331055,3369200
2008-08-01,4.5625,4.585000038146973,4.232500076293945,4.502500057220459,4.048923969268799,2730400
2008-08-04,4.497499942779541,4.787499904632568,4.3125,4.724999904632568,4.249011039733887,3253600
2008-08-05,4.8125,4.875,4.590000152587891,4.840000152587891,4.352425575256348,4779200
2008-08-06,4.650000095367432,4.875,4.585000038146973,4.815000057220459,4.329942226409912,3122000
2008-08-07,4.65749979019165,4.752500057220459,4.505000114440918,4.53249979019165,4.075901508331299,2959200
2008-08-08,4.742499828338623,5.03249979019165,4.574999809265137,4.980000019073486,4.4783220291137695,3572400
2008-08-11,4.977499961853027,5.585000038146973,4.767499923706055,5.295000076293945,4.761589527130127,5026400
2008-08-12,5.422500133514404,5.8125,5.422500133514404,5.639999866485596,5.071832656860352,7617600
2008-08-13,5.605000019073486,5.75,5.112500190734863,5.382500171661377,4.840274333953857,5732000
2008-08-14,5.357500076293945,5.644999980926514,5.307499885559082,5.462500095367432,4.912215232849121,4670800
2008-08-15,5.512499809265137,5.755000114440918,5.512499809265137,5.735000133514404,5.157264232635498,3833600
2008-08-18,5.744999885559082,5.78249979019165,5.449999809265137,5.477499961853027,4.9257049560546875,4230800
2008-08-19,5.425000190734863,5.559999942779541,5.224999904632568,5.297500133514404,4.763836860656738,3652800
2008-08-20,5.197500228881836,5.197500228881836,4.715000152587891,4.925000190734863,4.428863048553467,6347600
2008-08-21,4.704999923706055,4.96750020980835,4.682499885559082,4.885000228881836,4.3928914070129395,3790400
2008-08-22,5.097499847412109,5.247499942779541,4.96999979019165,5.222499847412109,4.69639253616333,2825600
2008-08-25,5.010000228881836,5.322500228881836,5.005000114440918,5.072500228881836,4.561503887176514,3602000
2008-08-26,5.072500228881836,5.125,4.630000114440918,4.724999904632568,4.249011039733887,3336800
2008-08-27,4.602499961853027,4.824999809265137,4.5625,4.724999904632568,4.249011039733887,4157200
2008-08-28,4.807499885559082,5.25,4.804999828338623,5.237500190734863,4.709880828857422,3797600
2008-08-29,5.1875,5.357500076293945,5.050000190734863,5.252500057220459,4.72337007522583,2510400
2008-09-02,5.572500228881836,5.722499847412109,5.347499847412109,5.489999771118164,4.936943531036377,4081600
2008-09-03,5.672500133514404,5.8125,5.477499961853027,5.5625,5.002140998840332,3201600
2008-09-04,5.492499828338623,5.699999809265137,5.335000038146973,5.417500019073486,4.871747970581055,3884800
2008-09-05,5.34499979019165,5.78000020980835,5.269999980926514,5.662499904632568,5.092068672180176,5936400
2008-09-08,5.829999923706055,6.005000114440918,5.099999904632568,5.882500171661377,5.2899041175842285,6818800
2008-09-09,5.929999828338623,6.170000076293945,5.707499980926514,5.8125,5.226957321166992,6636800
2008-09-10,5.857500076293945,5.857500076293945,5.429999828338623,5.639999866485596,5.071832656860352,4238800
2008-09-11,5.452499866485596,5.992499828338623,5.380000114440918,5.942500114440918,5.343859672546387,4773600
2008-09-12,5.840000152587891,5.940000057220459,5.699999809265137,5.797500133514404,5.213466644287109,3591600
2008-09-15,5.445000171661377,6.0,5.445000171661377,5.547500133514404,4.988651752471924,6162800
2008-09-16,5.707499980926514,5.900000095367432,5.565000057220459,5.889999866485596,5.296648025512695,7261200
2008-09-17,5.71750020980835,5.835000038146973,5.275000095367432,5.525000095367432,4.968420028686523,4994800
2008-09-18,5.487500190734863,5.699999809265137,5.15500020980835,5.677499771118164,5.105556964874268,5098800
2008-09-19,6.122499942779541,6.122499942779541,5.28249979019165,5.445000171661377,4.896478176116943,6775200
2008-09-22,5.332499980926514,5.465000152587891,5.002500057220459,5.072500228881836,4.561503887176514,2740400
2008-09-23,5.112500190734863,5.302499771118164,5.0,5.019999980926514,4.514292240142822,2979200
2008-09-24,4.977499961853027,5.135000228881836,4.889999866485596,5.007500171661377,4.5030517578125,2478000
2008-09-25,5.09499979019165,5.162499904632568,4.96750020980835,5.099999904632568,4.586233139038086,1578800
2008-09-26,5.079999923706055,5.34499979019165,4.952499866485596,5.114999771118164,4.599721908569336,2166400
2008-09-29,5.052499771118164,5.112500190734863,4.724999904632568,4.744999885559082,4.266994953155518,3116000
2008-09-30,4.840000152587891,5.135000228881836,4.65500020980835,5.097499847412109,4.583984375,1994400
2008-10-01,5.195000171661377,5.377500057220459,5.042500019073486,5.292500019073486,4.759340286254883,2340800
2008-10-02,5.372499942779541,5.462500095367432,4.957499980926514,4.982500076293945,4.480569362640381,1965600
2008-10-03,5.114999771118164,5.300000190734863,4.722499847412109,4.769999980926514,4.28947639465332,2271200
2008-10-06,4.579999923706055,4.764999866485596,4.107500076293945,4.547500133514404,4.089391231536865,4032000
2008-10-07,4.559999942779541,4.630000114440918,4.005000114440918,4.012499809265137,3.608285665512085,2614800
2008-10-08,3.799999952316284,4.144999980926514,3.7274999618530273,3.875,3.4846372604370117,4034400
2008-10-09,4.019999980926514,4.224999904632568,3.5299999713897705,3.5799999237060547,3.219355583190918,3396800
2008-10-10,3.2225000858306885,4.807499885559082,3.2225000858306885,4.699999809265137,4.226527690887451,6971200
2008-10-13,4.949999809265137,5.525000095367432,4.807499885559082,5.525000095367432,4.968420028686523,5260800
2008-10-14,5.857500076293945,5.875,5.03249979019165,5.172500133514404,4.651429653167725,5544400
2008-10-15,5.0625,5.1875,4.909999847412109,4.957499980926514,4.458089351654053,3419200
2008-10-16,4.835000038146973,6.012499809265137,4.835000038146973,5.96750020980835,5.366342544555664,6986000
2008-10-17,5.940000057220459,5.940000057220459,5.452499866485596,5.539999961853027,4.981907367706299,6201600
2008-10-20,5.452499866485596,5.84499979019165,5.262499809265137,5.795000076293945,5.2112202644348145,4644000
2008-10-21,5.652500152587891,6.072500228881836,5.652500152587891,5.9375,5.339364528656006,6298800
2008-10-22,5.867499828338623,6.139999866485596,5.650000095367432,5.875,5.2831597328186035,6806800
2008-10-23,5.527500152587891,5.994999885559082,5.237500190734863,5.65749979019165,5.087571144104004,4570000
2008-10-24,4.992499828338623,5.702499866485596,4.764999866485596,5.480000019073486,4.927953243255615,5386400
2008-10-27,5.340000152587891,5.6875,5.014999866485596,5.014999866485596,4.509795665740967,2273600
2008-10-28,5.204999923706055,5.497499942779541,4.887499809265137,5.497499942779541,4.943687915802002,3452000
2008-10-29,5.375,5.695000171661377,5.264999866485596,5.402500152587891,4.858259677886963,2928800
2008-10-30,5.650000095367432,5.992499828338623,5.465000152587891,5.949999809265137,5.350605010986328,2905200
2008-10-31,5.900000095367432,6.5,5.820000171661377,6.175000190734863,5.552939414978027,4515600
2008-11-03,6.222499847412109,6.820000171661377,6.215000152587891,6.639999866485596,5.971094131469727,4752000
2008-11-04,6.817500114440918,6.934999942779541,6.292500019073486,6.579999923706055,5.917139530181885,3441200
2008-11-05,6.485000133514404,6.732500076293945,6.34250020980835,6.355000019073486,5.714805603027344,2737200
2008-11-06,6.28000020980835,6.644999980926514,6.25,6.322500228881836,5.685580730438232,4251200
2008-11-07,6.394999980926514,6.454999923706055,6.117499828338623,6.297500133514404,5.663097381591797,2894800
2008-11-10,6.375,6.375,6.052499771118164,6.125,5.507975101470947,2110400
2008-11-11,6.03249979019165,6.40749979019165,6.03249979019165,6.237500190734863,5.609142780303955,5720400
2008-11-12,6.21999979019165,6.21999979019165,5.65500020980835,5.817500114440918,5.231452465057373,3948800
2008-11-13,5.864999771118164,6.367499828338623,5.757500171661377,6.322500228881836,5.685580730438232,5832400
2008-11-14,6.204999923706055,6.422500133514404,6.037499904632568,6.107500076293945,5.492237567901611,6026800
2008-11-17,6.047500133514404,6.392499923706055,5.987500190734863,6.262499809265137,5.631624221801758,4732400
2008-11-18,6.335000038146973,6.387499809265137,6.082499980926514,6.337500095367432,5.69906759262085,4426400
2008-11-19,6.262499809265137,6.362500190734863,5.192500114440918,5.204999923706055,4.680655002593994,5543200
2008-11-20,5.260000228881836,6.125,5.002500057220459,5.502500057220459,4.948185920715332,6827200
2008-11-21,5.684999942779541,5.684999942779541,4.642499923706055,4.722499847412109,4.246762275695801,6650000
2008-11-24,4.787499904632568,5.75,4.75,5.619999885559082,5.053848743438721,4803600
2008-11-25,5.679999828338623,5.909999847412109,5.527500152587891,5.852499961853027,5.262927055358887,3975600
2008-11-26,5.664999961853027,6.067500114440918,5.505000114440918,5.635000228881836,5.067337989807129,5645200
2008-11-28,5.59499979019165,5.824999809265137,5.482500076293945,5.737500190734863,5.159512519836426,1592400
2008-12-01,5.577499866485596,5.737500190734863,5.269999980926514,5.292500019073486,4.759340286254883,3091600
2008-12-02,5.425000190734863,5.857500076293945,5.202499866485596,5.829999923706055,5.242693901062012,3524000
2008-12-03,5.702499866485596,6.242499828338623,5.675000190734863,6.190000057220459,5.566427707672119,5532400
2008-12-04,6.099999904632568,6.425000190734863,5.880000114440918,6.097499847412109,5.483245849609375,4063200
2008-12-05,5.977499961853027,6.792500019073486,5.875,6.787499904632568,6.103736400604248,4873200
2008-12-08,6.75,6.875,6.579999923706055,6.724999904632568,6.047532081604004,3595600
2008-12-09,6.675000190734863,6.994999885559082,6.452499866485596,6.489999771118164,5.836206912994385,4025200
2008-12-10,6.519999980926514,6.537499904632568,6.130000114440918,6.369999885559082,5.7282938957214355,3326000
2008-12-11,6.179999828338623,6.275000095367432,6.014999866485596,6.199999809265137,5.57542085647583,4854400
2008-12-12,6.03249979019165,6.662499904632568,5.965000152587891,6.619999885559082,5.9531097412109375,3223200
2008-12-15,6.537499904632568,6.587500095367432,6.232500076293945,6.375,5.732790470123291,2648400
2008-12-16,6.400000095367432,6.869999885559082,6.322500228881836,6.777500152587891,6.094744682312012,3058800
2008-12-17,6.692500114440918,6.957499980926514,6.679999828338623,6.817500114440918,6.130714416503906,3221600
2008-12-18,6.897500038146973,7.077499866485596,6.752500057220459,6.902500152587891,6.207152366638184,4204800
2008-12-19,7.105000019073486,7.21999979019165,6.90500020980835,6.997499942779541,6.292581081390381,4875200
2008-12-22,6.952499866485596,7.25,6.695000171661377,7.25,6.519644737243652,4342000
2008-12-23,7.25,7.25,6.912499904632568,7.03249979019165,6.3240556716918945,3254400
2008-12-24,7.105000019073486,7.292500019073486,7.005000114440918,7.127500057220459,6.40948486328125,1667200
2008-12-26,7.195000171661377,7.25,7.074999809265137,7.139999866485596,6.420727252960205,1875600
2008-12-29,7.132500171661377,7.170000076293945,6.90749979019165,7.125,6.407236576080322,3046000
2008-12-30,7.199999809265137,7.34250020980835,7.127500057220459,7.202499866485596,6.476930141448975,3206400
2008-12-31,7.232500076293945,7.434999942779541,7.0,7.3125,6.5758490562438965,3479600
2009-01-02,7.315000057220459,7.445000171661377,7.137499809265137,7.397500038146973,6.652285575866699,4737600
2009-01-05,7.335000038146973,7.642499923706055,7.237500190734863,7.507500171661377,6.751204967498779,5855600
2009-01-06,7.457499980926514,7.737500190734863,7.457499980926514,7.690000057220459,6.915320873260498,5419200
2009-01-07,7.545000076293945,7.737500190734863,7.477499961853027,7.625,6.856868267059326,4759200
2009-01-08,7.525000095367432,7.662499904632568,7.442500114440918,7.644999980926514,6.874853610992432,3993600
2009-01-09,7.627500057220459,7.627500057220459,7.264999866485596,7.492499828338623,6.737714767456055,3077200
2009-01-12,7.550000190734863,7.625,7.262499809265137,7.389999866485596,6.645542144775391,2803200
2009-01-13,7.385000228881836,7.525000095367432,7.1875,7.247499942779541,6.517396450042725,2448000
2009-01-14,7.110000133514404,7.262499809265137,6.817500114440918,6.9375,6.2386250495910645,3122800
2009-01-15,6.992499828338623,7.295000076293945,6.672500133514404,7.002500057220459,6.297077178955078,4861200
2009-01-16,7.102499961853027,7.5,7.054999828338623,7.447500228881836,6.6972479820251465,3652400
2009-01-20,7.372499942779541,7.425000190734863,7.027500152587891,7.050000190734863,6.339792251586914,3376400
2009-01-21,7.144999980926514,7.147500038146973,6.28249979019165,6.53000020980835,5.872176647186279,6172000
2009-01-22,6.40500020980835,6.627500057220459,6.340000152587891,6.554999828338623,5.894658088684082,3408400
2009-01-23,6.394999980926514,6.880000114440918,6.362500190734863,6.639999866485596,5.971094131469727,3186800
2009-01-26,6.65500020980835,6.744999885559082,6.422500133514404,6.53249979019165,5.874424457550049,1967600
2009-01-27,6.554999828338623,6.554999828338623,6.130000114440918,6.289999961853027,5.65635347366333,2774800
2009-01-28,6.412499904632568,6.712500095367432,6.277500152587891,6.652500152587891,5.98233699798584,2364000
2009-01-29,6.525000095367432,7.527500152587891,6.497499942779541,6.889999866485596,6.1959099769592285,7230000
2009-01-30,6.867499828338623,6.997499942779541,6.317500114440918,6.590000152587891,5.926132678985596,5182000
2009-02-02,6.542500019073486,6.815000057220459,6.349999904632568,6.755000114440918,6.074510097503662,4706800
2009-02-03,6.75,6.795000076293945,6.487500190734863,6.644999980926514,5.97559118270874,2805600
2009-02-04,6.644999980926514,6.992499828338623,6.53249979019165,6.557499885559082,5.896905899047852,3237600
2009-02-05,6.5,7.114999771118164,6.389999866485596,6.90500020980835,6.209400653839111,3504400
2009-02-06,6.965000152587891,7.355000019073486,6.849999904632568,7.230000019073486,6.501659870147705,4734000
2009-02-09,7.184999942779541,7.320000171661377,7.039999961853027,7.179999828338623,6.456695556640625,2392000
2009-02-10,7.052499771118164,7.320000171661377,6.900000095367432,6.997499942779541,6.292581081390381,3267200
2009-02-11,7.050000190734863,7.102499961853027,6.664999961853027,6.767499923706055,6.085750579833984,4327200
2009-02-12,6.804999828338623,7.287499904632568,6.767499923706055,7.237500190734863,6.508403778076172,5237600
2009-02-13,7.212500095367432,7.355000019073486,7.03249979019165,7.152500152587891,6.431966781616211,2554800
2009-02-17,7.192500114440918,7.489999771118164,6.982500076293945,7.369999885559082,6.627556324005127,5087600
2009-02-18,7.317500114440918,7.367499828338623,6.699999809265137,6.787499904632568,6.103736400604248,4988400
2009-02-19,6.827499866485596,6.9375,6.554999828338623,6.602499961853027,5.93737268447876,2566800
2009-02-20,6.505000114440918,6.619999885559082,5.767499923706055,6.067500114440918,5.456267356872559,5369200
2009-02-23,6.127500057220459,6.347499847412109,5.804999828338623,5.96999979019165,5.368590831756592,4607200
2009-02-24,6.070000171661377,6.09250020980835,5.784999847412109,5.989999771118164,5.386574745178223,3596400
2009-02-25,5.932499885559082,5.932499885559082,5.287499904632568,5.567500114440918,5.006637096405029,5699600
2009-02-26,5.53249979019165,5.857500076293945,5.295000076293945,5.744999885559082,5.166255950927734,5872400
2009-02-27,5.627500057220459,5.767499923706055,5.432499885559082,5.477499961853027,4.9257049560546875,4048400
2009-03-02,5.367499828338623,5.525000095367432,5.114999771118164,5.147500038146973,4.6289472579956055,3727200
2009-03-03,5.162499904632568,5.224999904632568,4.550000190734863,4.599999904632568,4.13660192489624,4693600
2009-03-04,4.667500019073486,4.777500152587891,4.447500228881836,4.545000076293945,4.087141990661621,3682800
2009-03-05,4.5,4.5,3.6424999237060547,3.700000047683716,3.3272671699523926,9448400
2009-03-06,3.6875,3.8524999618530273,3.622499942779541,3.7699999809265137,3.3902156352996826,4637200
2009-03-09,3.7325000762939453,3.8375000953674316,3.4375,3.484999895095825,3.133925676345825,6224400
2009-03-10,3.4825000762939453,3.674999952316284,3.4024999141693115,3.637500047683716,3.2710635662078857,5824800
2009-03-11,3.6700000762939453,4.045000076293945,3.569999933242798,3.952500104904175,3.554330825805664,7582800
2009-03-12,3.887500047683716,4.247499942779541,3.802500009536743,4.179999828338623,3.7589120864868164,3966000
2009-03-13,4.244999885559082,4.447500228881836,4.235000133514404,4.315000057220459,3.8803114891052246,2570400
2009-03-16,4.317500114440918,4.474999904632568,4.085000038146973,4.107500076293945,3.693715810775757,4289600
2009-03-17,4.125,4.577499866485596,4.037499904632568,4.574999809265137,4.1141204833984375,4108400
2009-03-18,4.574999809265137,4.682499885559082,4.190000057220459,4.517499923706055,4.062412738800049,3791600
2009-03-19,4.5,4.554999828338623,4.139999866485596,4.207499980926514,3.783642292022705,2946800
2009-03-20,4.207499980926514,4.287499904632568,4.114999771118164,4.125,3.7094523906707764,2826000
2009-03-23,4.232500076293945,4.394999980926514,3.9800000190734863,4.394999980926514,3.952254295349121,2904400
2009-03-24,4.332499980926514,4.332499980926514,4.079999923706055,4.207499980926514,3.783642292022705,3583600
2009-03-25,4.159999847412109,4.552499771118164,4.159999847412109,4.317500114440918,3.8825607299804688,2804000
2009-03-26,4.382500171661377,4.809999942779541,4.362500190734863,4.662499904632568,4.192806243896484,3250400
2009-03-27,4.527500152587891,4.679999828338623,4.465000152587891,4.517499923706055,4.062412738800049,2281600
2009-03-30,4.442500114440918,4.482500076293945,4.119999885559082,4.1875,3.7656569480895996,3836800
2009-03-31,4.227499961853027,4.505000114440918,4.074999809265137,4.392499923706055,3.950005531311035,3081600
2009-04-01,4.372499942779541,4.542500019073486,4.199999809265137,4.517499923706055,4.062412738800049,2269200
2009-04-02,4.587500095367432,5.03000020980835,4.579999923706055,5.019999980926514,4.514292240142822,4752800
2009-04-03,4.960000038146973,5.079999923706055,4.855000019073486,4.945000171661377,4.446847438812256,2190400
2009-04-06,4.877500057220459,5.224999904632568,4.8125,5.039999961853027,4.532276630401611,3378800
2009-04-07,4.934999942779541,5.107500076293945,4.775000095367432,4.777500152587891,4.296220302581787,2481200
2009-04-08,4.795000076293945,4.992499828338623,4.777500152587891,4.925000190734863,4.428863048553467,1298000
2009-04-09,5.082499980926514,5.519999980926514,5.010000228881836,5.485000133514404,4.932449817657471,2427200
2009-04-13,5.409999847412109,5.480000019073486,5.269999980926514,5.394999980926514,4.8515143394470215,2341600
2009-04-14,5.297500133514404,5.447500228881836,4.909999847412109,4.965000152587891,4.464834213256836,2402800
2009-04-15,4.909999847412109,5.264999866485596,4.710000038146973,5.144999980926514,4.6266984939575195,2910000
2009-04-16,5.15749979019165,5.207499980926514,4.817500114440918,5.065000057220459,4.5547590255737305,2752000
2009-04-17,5.065000057220459,5.179999828338623,4.8125,4.949999809265137,4.451344013214111,3423200
2009-04-20,4.817500114440918,4.920000076293945,4.570000171661377,4.682499885559082,4.210792541503906,3585200
2009-04-21,4.677499771118164,5.074999809265137,4.542500019073486,4.952499866485596,4.453591823577881,2516800
2009-04-22,4.922500133514404,5.257500171661377,4.867499828338623,4.954999923706055,4.455840587615967,2724400
2009-04-23,4.977499961853027,4.977499961853027,4.045000076293945,4.34499979019165,3.9072916507720947,8406000
2009-04-24,4.452499866485596,4.59499979019165,4.375,4.454999923706055,4.006209373474121,3188400
2009-04-27,4.230000019073486,4.242499828338623,3.9674999713897705,4.137499809265137,3.720694065093994,6728000
2009-04-28,4.082499980926514,4.434999942779541,4.027500152587891,4.130000114440918,3.7139484882354736,4361200
2009-04-29,4.210000038146973,4.397500038146973,4.139999866485596,4.269999980926514,3.839846134185791,3480000
2009-04-30,4.322500228881836,4.389999866485596,4.152500152587891,4.195000171661377,3.7724015712738037,2573600
2009-05-01,4.260000228881836,4.329999923706055,4.147500038146973,4.315000057220459,3.8803114891052246,2193200
2009-05-04,4.429999828338623,4.590000152587891,4.3125,4.572500228881836,4.111871719360352,3869200
2009-05-05,4.557499885559082,4.767499923706055,4.537499904632568,4.670000076293945,4.199549198150635,3894800
2009-05-06,4.71750020980835,4.769999980926514,4.420000076293945,4.582499980926514,4.1208648681640625,2654800
2009-05-07,4.607500076293945,4.652500152587891,4.287499904632568,4.337500095367432,3.9005470275878906,3107600
2009-05-08,4.394999980926514,4.477499961853027,4.292500019073486,4.375,3.9342687129974365,3486400
2009-05-11,4.272500038146973,4.360000133514404,4.074999809265137,4.304999828338623,3.8713185787200928,3556800
2009-05-12,4.247499942779541,4.335000038146973,4.0,4.152500152587891,3.7341835498809814,3527200
2009-05-13,4.025000095367432,4.127500057220459,3.944999933242798,3.9800000190734863,3.5790603160858154,2860400
2009-05-14,3.9000000953674316,4.182499885559082,3.632499933242798,3.9749999046325684,3.57456374168396,5312400
2009-05-15,3.947499990463257,4.067500114440918,3.9075000286102295,3.994999885559082,3.5925486087799072,4153200
2009-05-18,4.03000020980835,4.119999885559082,3.9375,4.117499828338623,3.7027087211608887,2502800
2009-05-19,4.112500190734863,4.125,3.862499952316284,3.9175000190734863,3.5228562355041504,6228400
2009-05-20,4.017499923706055,4.232500076293945,3.9825000762939453,3.992500066757202,3.5903007984161377,6558800
2009-05-21,4.017499923706055,4.122499942779541,3.950000047683716,4.09250020980835,3.680227756500244,3914400
2009-05-22,4.137499809265137,4.1875,3.9749999046325684,4.03249979019165,3.6262707710266113,2386400
2009-05-26,3.9725000858306885,4.15749979019165,3.9725000858306885,4.037499904632568,3.6307671070098877,3803200
2009-05-27,4.034999847412109,4.070000171661377,3.759999990463257,3.7825000286102295,3.4014554023742676,4490000
2009-05-28,3.865000009536743,3.887500047683716,3.75,3.7674999237060547,3.387967109680176,4518000
2009-05-29,3.7699999809265137,3.942500114440918,3.7274999618530273,3.8924999237060547,3.5003747940063477,2945200
2009-06-01,3.990000009536743,4.050000190734863,3.9024999141693115,3.9625000953674316,3.563323736190796,3241200
2009-06-02,3.984999895095825,4.222499847412109,3.9700000286102295,4.065000057220459,3.6554980278015137,4086400
2009-06-03,4.010000228881836,4.087500095367432,3.950000047683716,4.045000076293945,3.63751220703125,3576800
2009-06-04,4.045000076293945,4.067500114440918,3.8524999618530273,3.9200000762939453,3.525104284286499,2801200
2009-06-05,3.990000009536743,4.017499923706055,3.8499999046325684,3.9774999618530273,3.5768117904663086,2854400
2009-06-08,3.9600000381469727,3.994999885559082,3.867500066757202,3.9574999809265137,3.5588266849517822,3915200
2009-06-09,3.9600000381469727,4.037499904632568,3.865000009536743,3.997499942779541,3.594797372817993,2551600
2009-06-10,4.025000095367432,4.052499771118164,3.862499952316284,3.922499895095825,3.527352809906006,3118800
2009-06-11,3.9175000190734863,4.022500038146973,3.8450000286102295,3.9000000953674316,3.5071182250976562,2982000
2009-06-12,3.9100000858306885,4.119999885559082,3.887500047683716,4.09499979019165,3.6824753284454346,2928000
2009-06-15,3.984999895095825,4.112500190734863,3.9549999237060547,4.074999809265137,3.664489269256592,2911600
2009-06-16,4.125,4.289999961853027,4.125,4.15500020980835,3.736431360244751,3533600
2009-06-17,4.204999923706055,4.364999771118164,4.144999980926514,4.302499771118164,3.8690710067749023,3290000
2009-06-18,4.34499979019165,4.572500228881836,4.192500114440918,4.517499923706055,4.062412738800049,3998800
2009-06-19,4.579999923706055,4.587500095367432,4.417500019073486,4.465000152587891,4.015202522277832,3103600
2009-06-22,4.389999866485596,4.427499771118164,4.25,4.25,3.8218607902526855,2686400
2009-06-23,4.244999885559082,4.269999980926514,4.017499923706055,4.127500057220459,3.7117013931274414,2867200
2009-06-24,4.164999961853027,4.332499980926514,4.085000038146973,4.175000190734863,3.75441575050354,2563600
2009-06-25,4.15749979019165,4.480000019073486,4.15749979019165,4.46999979019165,4.019697189331055,3844800
2009-06-26,4.465000152587891,4.517499923706055,4.412499904632568,4.487500190734863,4.035436153411865,2167600
2009-06-29,4.487500190734863,4.65749979019165,4.442500114440918,4.605000019073486,4.1410980224609375,2441200
2009-06-30,4.605000019073486,4.605000019073486,4.46750020980835,4.565000057220459,4.105127811431885,1546000
2009-07-01,4.537499904632568,4.697500228881836,4.537499904632568,4.675000190734863,4.204047679901123,2313600
2009-07-02,4.577499866485596,4.650000095367432,4.482500076293945,4.587500095367432,4.125361919403076,1462000
2009-07-06,4.607500076293945,4.75,4.602499961853027,4.710000038146973,4.23552131652832,1826800
2009-07-07,4.6875,4.730000019073486,4.537499904632568,4.679999828338623,4.208542346954346,1928000
2009-07-08,4.715000152587891,4.792500019073486,4.642499923706055,4.739999771118164,4.262500762939453,2056400
2009-07-09,4.787499904632568,4.787499904632568,4.684999942779541,4.699999809265137,4.226527690887451,1280800
2009-07-10,4.699999809265137,5.132500171661377,4.699999809265137,5.085000038146973,4.572743892669678,3815600
2009-07-13,5.112500190734863,5.222499847412109,4.945000171661377,5.190000057220459,4.6671648025512695,2128400
2009-07-14,5.1875,5.297500133514404,5.137499809265137,5.182499885559082,4.660421848297119,2883600
2009-07-15,5.284999847412109,5.402500152587891,5.182499885559082,5.372499942779541,4.831283092498779,2750800
2009-07-16,5.385000228881836,5.400000095367432,5.159999847412109,5.329999923706055,4.793063163757324,1502800
2009-07-17,5.34499979019165,5.364999771118164,5.215000152587891,5.284999847412109,4.752596855163574,1273600
2009-07-20,5.332499980926514,5.5625,5.222499847412109,5.507500171661377,4.952681541442871,2038000
2009-07-21,5.519999980926514,5.519999980926514,5.03000020980835,5.1875,4.664918899536133,2623600
2009-07-22,5.139999866485596,5.422500133514404,5.090000152587891,5.184999942779541,4.662670612335205,1762400
2009-07-23,5.447500228881836,5.617499828338623,5.224999904632568,5.505000114440918,4.950433254241943,3012000
2009-07-24,5.445000171661377,5.690000057220459,5.445000171661377,5.664999961853027,5.094315528869629,1824400
2009-07-27,5.610000133514404,5.71750020980835,5.502500057220459,5.617499828338623,5.051600456237793,1523200
2009-07-28,5.550000190734863,5.804999828338623,5.550000190734863,5.690000057220459,5.116796493530273,1293200
2009-07-29,5.617499828338623,5.755000114440918,5.572500228881836,5.737500190734863,5.159512519836426,1952400
2009-07-30,5.802499771118164,5.875,5.652500152587891,5.744999885559082,5.166255950927734,1964800
2009-07-31,5.697500228881836,5.869999885559082,5.692500114440918,5.764999866485596,5.184239864349365,1805600
2009-08-03,5.787499904632568,5.875,5.730000019073486,5.822500228881836,5.235949993133545,1823200
2009-08-04,5.867499828338623,6.057499885559082,5.784999847412109,5.962500095367432,5.361846446990967,1304800
2009-08-05,6.042500019073486,6.150000095367432,5.900000095367432,6.090000152587891,5.476501941680908,1684800
2009-08-06,6.002500057220459,6.025000095367432,5.610000133514404,5.632500171661377,5.065089702606201,3818400
2009-08-07,5.742499828338623,5.889999866485596,5.614999771118164,5.795000076293945,5.2112202644348145,2411600
2009-08-10,5.747499942779541,5.795000076293945,5.612500190734863,5.690000057220459,5.116796493530273,1099200
2009-08-11,5.652500152587891,5.735000133514404,5.537499904632568,5.635000228881836,5.067337989807129,1097200
2009-08-12,5.662499904632568,5.985000133514404,5.639999866485596,5.857500076293945,5.2674241065979,1844400
2009-08-13,5.857500076293945,5.920000076293945,5.675000190734863,5.78000020980835,5.197730541229248,1352400
2009-08-14,5.767499923706055,5.772500038146973,5.572500228881836,5.755000114440918,5.175250053405762,1386000
2009-08-17,5.637499809265137,5.690000057220459,5.552499771118164,5.599999904632568,5.035862445831299,1184000
2009-08-18,5.664999961853027,5.769999980926514,5.59250020980835,5.730000019073486,5.152768135070801,1162000
2009-08-19,5.627500057220459,5.742499828338623,5.605000019073486,5.637499809265137,5.06958532333374,1482000
2009-08-20,5.577499866485596,5.712500095367432,5.5625,5.642499923706055,5.07408332824707,1044800
2009-08-21,5.715000152587891,5.802499771118164,5.622499942779541,5.787499904632568,5.204473495483398,1478800
2009-08-24,5.820000171661377,6.0625,5.787499904632568,5.840000152587891,5.251685619354248,1755200
2009-08-25,5.902500152587891,6.647500038146973,5.902500152587891,6.622499942779541,5.955357551574707,5592800
2009-08-26,6.597499847412109,6.787499904632568,6.474999904632568,6.664999961853027,5.993576526641846,3108800
2009-08-27,6.670000076293945,6.702499866485596,6.387499809265137,6.457499980926514,5.806980133056641,1853200
2009-08-28,6.53249979019165,6.644999980926514,6.400000095367432,6.457499980926514,5.806980133056641,1335200
2009-08-31,6.380000114440918,6.412499904632568,6.287499904632568,6.307499885559082,5.672089576721191,1770800
2009-09-01,6.21750020980835,6.329999923706055,5.762499809265137,5.784999847412109,5.2022271156311035,3518400
2009-09-02,5.710000038146973,5.820000171661377,5.607500076293945,5.764999866485596,5.184239864349365,2352000
2009-09-03,5.739999771118164,5.96750020980835,5.684999942779541,5.90500020980835,5.310139179229736,1490800
2009-09-04,5.920000076293945,6.195000171661377,5.900000095367432,6.139999866485596,5.521464824676514,1418400
2009-09-08,6.144999980926514,6.235000133514404,6.017499923706055,6.192500114440918,5.568675518035889,1630400
2009-09-09,6.210000038146973,6.474999904632568,6.15500020980835,6.412499904632568,5.766513347625732,1630400
2009-09-10,6.46750020980835,6.739999771118164,6.297500133514404,6.735000133514404,6.056524276733398,3972400
2009-09-11,6.724999904632568,6.837500095367432,6.602499961853027,6.642499923706055,5.973343849182129,1958400
2009-09-14,6.572500228881836,6.650000095367432,6.412499904632568,6.554999828338623,5.894658088684082,1888000
2009-09-15,6.567500114440918,6.894999980926514,6.537499904632568,6.8125,6.126217365264893,1853200
2009-09-16,6.852499961853027,6.925000190734863,6.59250020980835,6.789999961853027,6.105984687805176,1881200
2009-09-17,6.84499979019165,6.867499828338623,6.599999904632568,6.670000076293945,5.998073101043701,1576400
2009-09-18,6.697500228881836,6.704999923706055,6.397500038146973,6.610000133514404,5.944117069244385,2208400
2009-09-21,6.510000228881836,6.800000190734863,6.510000228881836,6.75,6.070013523101807,2371200
2009-09-22,6.822500228881836,6.997499942779541,6.724999904632568,6.800000190734863,6.1149773597717285,2561200
2009-09-23,6.84499979019165,6.872499942779541,6.579999923706055,6.670000076293945,5.998073101043701,1846000
2009-09-24,6.695000171661377,6.702499866485596,6.40749979019165,6.542500019073486,5.883417129516602,1985600
2009-09-25,6.682499885559082,6.880000114440918,6.587500095367432,6.75,6.070013523101807,2353600
2009-09-28,6.800000190734863,6.962500095367432,6.65749979019165,6.699999809265137,6.025051593780518,1930800
2009-09-29,6.710000038146973,6.922500133514404,6.702499866485596,6.867499828338623,6.17567777633667,1791200
2009-09-30,6.925000190734863,6.932499885559082,6.625,6.697500228881836,6.022804260253906,2225600
2009-10-01,6.6875,6.6875,6.360000133514404,6.367499828338623,5.726046562194824,1892400
2009-10-02,6.300000190734863,6.5625,6.300000190734863,6.452499866485596,5.802483558654785,1546800
2009-10-05,6.502500057220459,6.71750020980835,6.385000228881836,6.597499847412109,5.932878494262695,1211200
2009-10-06,6.630000114440918,6.739999771118164,6.557499885559082,6.724999904632568,6.047532081604004,1910800
2009-10-07,6.712500095367432,6.807499885559082,6.587500095367432,6.605000019073486,5.9396209716796875,1386800
2009-10-08,6.670000076293945,6.920000076293945,6.574999809265137,6.832499980926514,6.1442036628723145,2029600
2009-10-09,6.800000190734863,6.947500228881836,6.625,6.934999942779541,6.236377239227295,1516000
2009-10-12,6.9375,7.03000020980835,6.824999809265137,6.949999809265137,6.249866008758545,1655600
2009-10-13,6.897500038146973,7.0,6.764999866485596,6.942500114440918,6.243122100830078,1164400
2009-10-14,7.03249979019165,7.227499961853027,6.90749979019165,7.212500095367432,6.485921859741211,2151200
2009-10-15,7.119999885559082,7.199999809265137,6.914999961853027,6.977499961853027,6.274596214294434,1357200
2009-10-16,7.010000228881836,7.010000228881836,6.78249979019165,6.860000133514404,6.1689324378967285,1174400
2009-10-19,6.942500114440918,6.994999885559082,6.880000114440918,6.972499847412109,6.27009916305542,1866000
2009-10-20,7.002500057220459,7.175000190734863,6.929999828338623,7.127500057220459,6.40948486328125,2522400
2009-10-21,7.059999942779541,7.247499942779541,6.762499809265137,6.900000095367432,6.204904079437256,4559600
2009-10-22,6.902500152587891,7.03000020980835,6.389999866485596,6.690000057220459,6.016058921813965,4448400
2009-10-23,6.690000057220459,6.84250020980835,6.639999866485596,6.747499942779541,6.067765712738037,2924400
2009-10-26,6.722499847412109,6.792500019073486,6.550000190734863,6.632500171661377,5.964351654052734,3374000
2009-10-27,6.642499923706055,6.827499866485596,6.5625,6.71999979019165,6.043035984039307,2191600
2009-10-28,6.715000152587891,6.762499809265137,6.400000095367432,6.412499904632568,5.766513347625732,2704800
2009-10-29,6.474999904632568,6.622499942779541,6.389999866485596,6.462500095367432,5.811476230621338,2571200
2009-10-30,6.414999961853027,6.527500152587891,6.292500019073486,6.429999828338623,5.782249927520752,3108800
2009-11-02,6.449999809265137,6.527500152587891,6.227499961853027,6.412499904632568,5.766513347625732,3191600
2009-11-03,6.34250020980835,6.537499904632568,6.297500133514404,6.474999904632568,5.822717189788818,2758400
2009-11-04,6.510000228881836,6.577499866485596,6.300000190734863,6.357500076293945,5.7170538902282715,2590000
2009-11-05,6.425000190734863,6.635000228881836,6.335000038146973,6.632500171661377,5.964351654052734,2158400
2009-11-06,6.599999904632568,6.920000076293945,6.570000171661377,6.872499942779541,6.180172920227051,1876800
2009-11-09,6.925000190734863,7.102499961853027,6.847499847412109,7.047500133514404,6.337544918060303,2466800
2009-11-10,7.042500019073486,7.192500114440918,7.017499923706055,7.130000114440918,6.411734580993652,2373200
2009-11-11,7.172500133514404,7.372499942779541,7.137499809265137,7.349999904632568,6.609571933746338,1968800
2009-11-12,7.317500114440918,7.385000228881836,7.079999923706055,7.097499847412109,6.382507801055908,1576800
2009-11-13,7.15500020980835,7.355000019073486,7.132500171661377,7.212500095367432,6.485921859741211,1618000
2009-11-16,7.300000190734863,7.492499828338623,7.267499923706055,7.369999885559082,6.627556324005127,1493600
2009-11-17,7.364999771118164,7.46750020980835,7.324999809265137,7.397500038146973,6.652285575866699,998000
2009-11-18,7.420000076293945,7.4375,7.28000020980835,7.349999904632568,6.609571933746338,1929600
2009-11-19,7.277500152587891,7.295000076293945,7.097499847412109,7.257500171661377,6.526388168334961,1528000
2009-11-20,7.184999942779541,7.347499847412109,7.15500020980835,7.320000171661377,6.58259391784668,986400
2009-11-23,7.409999847412109,7.494999885559082,7.362500190734863,7.414999961853027,6.668023109436035,1300800
2009-11-24,7.397500038146973,7.434999942779541,7.264999866485596,7.324999809265137,6.587090015411377,1076800
2009-11-25,7.355000019073486,7.417500019073486,7.277500152587891,7.369999885559082,6.627556324005127,1032400
2009-11-27,7.150000095367432,7.462500095367432,7.132500171661377,7.360000133514404,6.618564128875732,701600
2009-11-30,7.394999980926514,7.5,7.284999847412109,7.474999904632568,6.721979141235352,2493200
2009-12-01,7.510000228881836,7.75,7.497499942779541,7.724999904632568,6.946794509887695,2249600
2009-12-02,7.525000095367432,7.635000228881836,7.367499828338623,7.545000076293945,6.7849273681640625,3498000
2009-12-03,7.599999904632568,7.650000095367432,7.502500057220459,7.567500114440918,6.805160999298096,2457600
2009-12-04,7.6875,8.047499656677246,7.679999828338623,8.005000114440918,7.198587894439697,2112000
2009-12-07,7.974999904632568,8.237500190734863,7.942500114440918,8.140000343322754,7.319988250732422,1953200
2009-12-08,8.117500305175781,8.262499809265137,7.9375,8.177499771118164,7.353707790374756,2649200
2009-12-09,8.175000190734863,8.225000381469727,8.037500381469727,8.212499618530273,7.3851823806762695,1099200
2009-12-10,8.175000190734863,8.2475004196167,8.102499961853027,8.109999656677246,7.293009281158447,2040400
2009-12-11,8.125,8.694999694824219,8.114999771118164,8.662500381469727,7.789852619171143,3535200
2009-12-14,8.65250015258789,8.739999771118164,8.537500381469727,8.647500038146973,7.776362419128418,2109600
2009-12-15,8.5625,8.710000038146973,8.447500228881836,8.482500076293945,7.62798547744751,2508800
2009-12-16,8.587499618530273,8.6875,8.494999885559082,8.642499923706055,7.771867752075195,1187200
2009-12-17,8.547499656677246,8.640000343322754,8.430000305175781,8.574999809265137,7.711162567138672,1366800
2009-12-18,8.647500038146973,8.647500038146973,8.352499961853027,8.512499809265137,7.654963493347168,3496400
2009-12-21,8.550000190734863,8.707500457763672,8.52750015258789,8.65250015258789,7.780858039855957,1176800
2009-12-22,8.647500038146973,8.982500076293945,8.647500038146973,8.957500457763672,8.055131912231445,2013600
2009-12-23,8.992500305175781,9.107500076293945,8.800000190734863,9.03499984741211,8.124825477600098,1154800
2009-12-24,9.02750015258789,9.119999885559082,8.917499542236328,9.017499923706055,8.109088897705078,418400
2009-12-28,8.979999542236328,8.979999542236328,8.699999809265137,8.772500038146973,7.888768672943115,1411600
2009-12-29,8.829999923706055,8.829999923706055,8.675000190734863,8.767499923706055,7.884270668029785,1042400
2009-12-30,8.692500114440918,8.857500076293945,8.645000457763672,8.779999732971191,7.895513534545898,850400
2009-12-31,8.757499694824219,8.835000038146973,8.637499809265137,8.640000343322754,7.769617557525635,1492000
2010-01-04,8.704999923706055,8.819999694824219,8.600000381469727,8.717499732971191,7.839312553405762,1802400
2010-01-05,8.6899995803833,9.234999656677246,8.6899995803833,9.194999694824219,8.268707275390625,3052800
2010-01-06,9.0625,9.28499984741211,9.050000190734863,9.112500190734863,8.194520950317383,2994000
2010-01-07,9.137499809265137,9.420000076293945,9.039999961853027,9.0649995803833,8.151803016662598,2887200
2010-01-08,9.057499885559082,9.21500015258789,8.8100004196167,8.885000228881836,7.989937782287598,2457600
2010-01-11,8.957500457763672,8.987500190734863,8.712499618530273,8.829999923706055,7.940476894378662,2324000
2010-01-12,8.774999618530273,9.050000190734863,8.7524995803833,9.02750015258789,8.118082046508789,1866800
2010-01-13,9.082500457763672,9.399999618530273,8.987500190734863,9.335000038146973,8.394604682922363,1442000
2010-01-14,9.34749984741211,9.442500114440918,9.302499771118164,9.350000381469727,8.408095359802246,1028400
2010-01-15,9.182499885559082,9.194999694824219,8.912500381469727,9.015000343322754,8.106842994689941,2452800
2010-01-19,9.047499656677246,9.300000190734863,8.9975004196167,9.292499542236328,8.356385231018066,1736400
2010-01-20,9.1875,9.300000190734863,9.020000457763672,9.25,8.318166732788086,2017200
2010-01-21,9.300000190734863,9.487500190734863,9.210000038146973,9.307499885559082,8.369874954223633,2466000
2010-01-22,9.307499885559082,9.392499923706055,8.982500076293945,9.012499809265137,8.104592323303223,1602400
2010-01-25,9.0649995803833,9.199999809265137,9.039999961853027,9.1274995803833,8.208006858825684,1302800
2010-01-26,9.074999809265137,9.145000457763672,8.862500190734863,8.869999885559082,7.976447105407715,1676000
2010-01-27,8.84000015258789,9.167499542236328,8.734999656677246,9.125,8.20576000213623,2150800
2010-01-28,8.890000343322754,9.0,8.145000457763672,8.147500038146973,7.3267316818237305,7360000
2010-01-29,8.197500228881836,8.2475004196167,7.809999942779541,7.835000038146973,7.045712471008301,3382800
2010-02-01,7.84250020980835,8.0024995803833,7.809999942779541,7.992499828338623,7.187345504760742,1856800
2010-02-02,8.024999618530273,8.3125,8.010000228881836,8.3125,7.475111961364746,2856000
2010-02-03,8.289999961853027,8.390000343322754,8.172499656677246,8.3149995803833,7.477358341217041,3080400
2010-02-04,8.03499984741211,8.142499923706055,7.909999847412109,8.0,7.194089889526367,5684800
2010-02-05,7.974999904632568,8.085000038146973,7.877500057220459,8.039999961853027,7.230060577392578,3012000
2010-02-08,8.017499923706055,8.227499961853027,7.96999979019165,8.09749984741211,7.281769275665283,2164800
2010-02-09,8.225000381469727,8.425000190734863,8.192500114440918,8.342499732971191,7.502089023590088,2364400
2010-02-10,8.287500381469727,8.305000305175781,7.897500038146973,7.940000057220459,7.140135288238525,2656800
2010-02-11,7.949999809265137,8.162500381469727,7.900000095367432,8.082500457763672,7.268280029296875,3575200
2010-02-12,8.045000076293945,8.204999923706055,7.857500076293945,8.1875,7.362701416015625,2327200
2010-02-16,8.292499542236328,8.5625,8.2475004196167,8.5024995803833,7.645967960357666,1916000
2010-02-17,8.5625,8.625,8.462499618530273,8.5625,7.699924945831299,1792000
2010-02-18,8.577500343322754,8.897500038146973,8.555000305175781,8.890000343322754,7.994431495666504,2375600
2010-02-19,8.880000114440918,9.212499618530273,8.84000015258789,9.1225004196167,8.203511238098145,3352400
2010-02-22,9.132499694824219,9.295000076293945,8.867500305175781,8.882499694824219,7.9876885414123535,2300800
2010-02-23,8.864999771118164,8.977499961853027,8.682499885559082,8.729999542236328,7.850550174713135,1634400
2010-02-24,8.727499961853027,8.824999809265137,8.675000190734863,8.737500190734863,7.857297897338867,1399600
2010-02-25,8.520000457763672,8.6850004196167,8.510000228881836,8.654999732971191,7.783106803894043,1677600
2010-02-26,8.680000305175781,8.779999732971191,8.604999542236328,8.75,7.868537425994873,1939600
2010-03-01,8.805000305175781,9.375,8.802499771118164,9.292499542236328,8.356385231018066,4232000
2010-03-02,9.362500190734863,9.430000305175781,9.052499771118164,9.0649995803833,8.151803016662598,2903200
2010-03-03,9.112500190734863,9.225000381469727,8.9975004196167,9.154999732971191,8.232736587524414,1382400
2010-03-04,9.140000343322754,9.204999923706055,8.927499771118164,9.057499885559082,8.145060539245605,1340400
2010-03-05,9.142499923706055,9.292499542236328,9.0625,9.287500381469727,8.351890563964844,2717600
2010-03-08,9.25,9.392499923706055,8.989999771118164,9.024999618530273,8.115832328796387,2030800
2010-03-09,9.024999618530273,9.492500305175781,9.024999618530273,9.489999771118164,8.533989906311035,4521600
2010-03-10,9.479999542236328,10.095000267028809,9.479999542236328,10.024999618530273,9.015093803405762,5502000
2010-03-11,9.975000381469727,10.117500305175781,9.9375,10.095000267028809,9.078042984008789,3516400
2010-03-12,10.0625,10.15999984741211,9.947500228881836,10.140000343322754,9.118510246276855,2555600
2010-03-15,10.067500114440918,10.289999961853027,10.0649995803833,10.197500228881836,9.170218467712402,2671200
2010-03-16,10.192500114440918,10.227499961853027,10.03499984741211,10.079999923706055,9.064553260803223,2453600
2010-03-17,10.109999656677246,10.307499885559082,9.994999885559082,10.255000114440918,9.221923828125,2256800
2010-03-18,10.28499984741211,10.350000381469727,10.102499961853027,10.102499961853027,9.084789276123047,1341200
2010-03-19,10.042499542236328,10.132499694824219,9.8125,10.042499542236328,9.03083324432373,3152400
2010-03-22,9.952500343322754,10.357500076293945,9.875,10.322500228881836,9.282626152038574,1887600
2010-03-23,10.3725004196167,10.4975004196167,10.232500076293945,10.467499732971191,9.41301441192627,1567600
2010-03-24,10.380000114440918,10.494999885559082,10.1899995803833,10.267499923706055,9.233166694641113,1607600
2010-03-25,10.327500343322754,10.59749984741211,10.274999618530273,10.279999732971191,9.244405746459961,1910800
2010-03-26,10.34000015258789,10.647500038146973,10.279999732971191,10.332500457763672,9.291617393493652,1465200
2010-03-29,10.34000015258789,10.479999542236328,10.255000114440918,10.28499984741211,9.248903274536133,1010400
2010-03-30,10.300000190734863,10.40250015258789,10.1875,10.279999732971191,9.244405746459961,1028400
2010-03-31,10.220000267028809,10.5,10.207500457763672,10.307499885559082,9.269137382507324,2074400
2010-04-01,10.397500038146973,10.470000267028809,10.177499771118164,10.22249984741211,9.192697525024414,1848400
2010-04-05,10.244999885559082,10.279999732971191,10.102499961853027,10.274999618530273,9.239912033081055,1346400
2010-04-06,10.1875,10.385000228881836,10.1875,10.244999885559082,9.212933540344238,1208800
2010-04-07,10.244999885559082,10.244999885559082,9.970000267028809,10.010000228881836,9.001605033874512,1949600
2010-04-08,10.0,10.6850004196167,10.0,10.444999694824219,9.39278507232666,3802400
2010-04-09,10.52750015258789,10.550000190734863,10.292499542236328,10.539999961853027,9.478214263916016,1144000
2010-04-12,10.600000381469727,10.927499771118164,10.585000038146973,10.854999542236328,9.761482238769531,2223200
2010-04-13,10.8149995803833,10.989999771118164,10.71500015258789,10.897500038146973,9.799703598022461,2920400
2010-04-14,10.960000038146973,11.095000267028809,10.912500381469727,11.042499542236328,9.930095672607422,2156000
2010-04-15,11.079999923706055,11.359999656677246,11.039999961853027,11.265000343322754,10.130179405212402,2248000
2010-04-16,11.274999618530273,11.319999694824219,10.59000015258789,10.772500038146973,9.68729305267334,3186800
2010-04-19,10.425000190734863,10.782500267028809,10.357500076293945,10.470000267028809,9.415266990661621,1974800
2010-04-20,10.53499984741211,10.619999885559082,10.262499809265137,10.510000228881836,9.451237678527832,1592400
2010-04-21,10.5,10.642499923706055,10.029999732971191,10.27750015258789,9.242159843444824,2922800
2010-04-22,10.199999809265137,10.642499923706055,10.09749984741211,10.5024995803833,9.444491386413574,2683200
2010-04-23,10.6850004196167,11.0600004196167,10.637499809265137,10.947500228881836,9.8446626663208,2796400
2010-04-26,11.050000190734863,11.25,10.947500228881836,11.220000267028809,10.08971118927002,2401200
2010-04-27,11.109999656677246,11.430000305175781,10.467499732971191,10.522500038146973,9.462475776672363,2934000
2010-04-28,10.609999656677246,10.682499885559082,10.357500076293945,10.5600004196167,9.496200561523438,3124400
2010-04-29,10.65999984741211,10.734999656677246,10.444999694824219,10.505000114440918,9.44674015045166,1862400
2010-04-30,10.550000190734863,10.6850004196167,10.350000381469727,10.352499961853027,9.309605598449707,2348000
2010-05-03,10.824999809265137,11.517499923706055,10.765000343322754,11.300000190734863,10.161652565002441,5806400
2010-05-04,11.239999771118164,11.239999771118164,10.47249984741211,10.630000114440918,9.559149742126465,3158400
2010-05-05,10.475000381469727,10.789999961853027,10.2524995803833,10.592499732971191,9.525426864624023,3173200
2010-05-06,10.52750015258789,10.65250015258789,9.257499694824219,9.907500267028809,8.909435272216797,4126800
2010-05-07,9.949999809265137,10.550000190734863,9.807499885559082,10.257499694824219,9.224172592163086,5511600
2010-05-10,10.7475004196167,10.887499809265137,10.5600004196167,10.862500190734863,9.768226623535156,2487200
2010-05-11,10.6850004196167,11.132499694824219,10.592499732971191,11.077500343322754,9.961567878723145,2014400
2010-05-12,11.095000267028809,11.524999618530273,11.095000267028809,11.512499809265137,10.352747917175293,2092000
2010-05-13,11.47249984741211,11.725000381469727,11.329999923706055,11.404999732971191,10.256075859069824,1554400
2010-05-14,11.327500343322754,11.382499694824219,11.0649995803833,11.204999923706055,10.07622241973877,1351600
2010-05-17,11.239999771118164,11.524999618530273,10.975000381469727,11.362500190734863,10.217857360839844,1877200
2010-05-18,11.542499542236328,11.647500038146973,11.332500457763672,11.3774995803833,10.231343269348145,3063600
2010-05-19,11.28499984741211,11.515000343322754,11.15999984741211,11.354999542236328,10.211113929748535,3524800
2010-05-20,10.907500267028809,11.177499771118164,10.577500343322754,10.585000038146973,9.518680572509766,3647600
2010-05-21,10.292499542236328,11.202500343322754,10.279999732971191,11.087499618530273,9.97055721282959,3469200
2010-05-24,11.085000038146973,11.2475004196167,11.010000228881836,11.09000015258789,9.972806930541992,2300800
2010-05-25,10.760000228881836,11.552499771118164,10.720000267028809,11.487500190734863,10.330265045166016,3420400
2010-05-26,11.574999809265137,12.017499923706055,11.399999618530273,11.680000305175781,10.503371238708496,4450000
2010-05-27,11.875,12.262499809265137,11.782500267028809,12.175000190734863,10.948506355285645,3272000
2010-05-28,12.180000305175781,12.180000305175781,11.662500381469727,11.675000190734863,10.498876571655273,3305600
2010-06-01,11.712499618530273,11.770000457763672,11.505000114440918,11.545000076293945,10.381973266601562,2706400
2010-06-02,11.734999656677246,12.482500076293945,11.734999656677246,12.482500076293945,11.225028991699219,3725600
2010-06-03,12.3100004196167,12.675000190734863,12.3100004196167,12.572500228881836,11.305964469909668,2482000
2010-06-04,12.170000076293945,12.40999984741211,12.02750015258789,12.0625,10.847341537475586,2151200
2010-06-07,12.202500343322754,12.217499732971191,11.779999732971191,11.797499656677246,10.60903549194336,1407600
2010-06-08,11.882499694824219,12.022500038146973,11.567500114440918,11.887499809265137,10.689969062805176,1396000
2010-06-09,12.052499771118164,12.292499542236328,11.885000228881836,11.962499618530273,10.75741195678711,1836000
2010-06-10,12.050000190734863,12.292499542236328,11.9399995803833,12.2524995803833,11.018199920654297,2242400
2010-06-11,12.1225004196167,12.71500015258789,11.952500343322754,12.71500015258789,11.434107780456543,4062000
2010-06-14,12.930000305175781,13.149999618530273,12.760000228881836,12.817500114440918,11.52628231048584,2737200
2010-06-15,12.835000038146973,13.057499885559082,12.835000038146973,12.9399995803833,11.636443138122559,2402800
2010-06-16,12.875,13.297499656677246,12.614999771118164,13.199999809265137,11.870246887207031,3702000
2010-06-17,13.324999809265137,13.454999923706055,13.212499618530273,13.324999809265137,11.98265552520752,2630000
2010-06-18,13.3149995803833,13.532500267028809,13.077500343322754,13.147500038146973,11.823037147521973,2214800
2010-06-21,13.395000457763672,13.425000190734863,12.835000038146973,12.930000305175781,11.627449035644531,1553200
2010-06-22,12.967499732971191,13.022500038146973,12.395000457763672,12.407500267028809,11.157584190368652,2050800
2010-06-23,12.399999618530273,12.65999984741211,12.154999732971191,12.462499618530273,11.207043647766113,2415200
2010-06-24,12.337499618530273,12.479999542236328,12.09749984741211,12.117500305175781,10.896798133850098,1735600
2010-06-25,12.142499923706055,12.239999771118164,11.757499694824219,11.875,10.678729057312012,3320400
2010-06-28,11.90250015258789,12.34749984741211,11.895000457763672,12.082500457763672,10.865326881408691,1584000
2010-06-29,11.832500457763672,11.832500457763672,11.255000114440918,11.307499885559082,10.168400764465332,2298800
2010-06-30,11.364999771118164,11.729999542236328,11.227499961853027,11.237500190734863,10.105446815490723,2297600
2010-07-01,11.357500076293945,11.635000228881836,10.8125,11.0649995803833,9.950325965881348,2430400
2010-07-02,11.164999961853027,11.1850004196167,10.5,10.8100004196167,9.721015930175781,1719200
2010-07-06,10.885000228881836,11.717499732971191,10.885000228881836,11.167499542236328,10.042499542236328,3150000
2010-07-07,11.227499961853027,11.774999618530273,11.039999961853027,11.760000228881836,10.575312614440918,2097600
2010-07-08,11.789999961853027,11.9375,11.555000305175781,11.827500343322754,10.636013984680176,1606000
2010-07-09,11.827500343322754,11.97249984741211,11.762499809265137,11.90999984741211,10.71020221710205,964800
2010-07-12,11.837499618530273,11.904999732971191,11.454999923706055,11.725000381469727,10.543840408325195,1304800
2010-07-13,11.890000343322754,12.0,11.805000305175781,11.944999694824219,10.741677284240723,2056800
2010-07-14,11.920000076293945,12.342499732971191,11.920000076293945,12.207500457763672,10.97773265838623,1943200
2010-07-15,12.162500381469727,12.279999732971191,11.960000038146973,12.125,10.903545379638672,1924000
2010-07-16,12.107500076293945,12.162500381469727,11.952500343322754,11.96500015258789,10.759660720825195,2047600
2010-07-19,12.022500038146973,12.022500038146973,11.449999809265137,11.925000190734863,10.723692893981934,1846400
2010-07-20,11.880000114440918,12.242500305175781,11.767499923706055,12.232500076293945,11.000211715698242,2092000
2010-07-21,12.265000343322754,12.382499694824219,11.925000190734863,11.982500076293945,10.775400161743164,2027600
2010-07-22,12.199999809265137,12.327500343322754,12.020000457763672,12.3149995803833,11.0744047164917,2332400
2010-07-23,12.3149995803833,12.529999732971191,12.265000343322754,12.5,11.240768432617188,4671200
2010-07-26,12.595000267028809,12.992500305175781,12.5600004196167,12.970000267028809,11.663420677185059,2729200
2010-07-27,13.109999656677246,13.227499961853027,12.5,12.739999771118164,11.456587791442871,3223200
2010-07-28,12.6850004196167,13.042499542236328,12.6850004196167,12.864999771118164,11.568997383117676,1910400
2010-07-29,13.007499694824219,13.087499618530273,12.654999732971191,12.9375,11.634195327758789,1407200
2010-07-30,12.739999771118164,13.0024995803833,12.670000076293945,12.897500038146973,11.598220825195312,1517200
2010-08-02,13.199999809265137,13.25,13.020000457763672,13.237500190734863,11.903973579406738,1630000
2010-08-03,13.114999771118164,13.1850004196167,12.75,12.835000038146973,11.542017936706543,1120800
2010-08-04,12.9350004196167,12.954999923706055,12.662500381469727,12.824999809265137,11.533026695251465,1640800
2010-08-05,12.75,13.170000076293945,12.697500228881836,13.109999656677246,11.789316177368164,2479600
2010-08-06,12.9399995803833,13.212499618530273,12.774999618530273,13.175000190734863,11.847768783569336,1761600
2010-08-09,13.217499732971191,13.664999961853027,13.180000305175781,13.522500038146973,12.160262107849121,3949600
2010-08-10,13.477499961853027,13.477499961853027,13.1274995803833,13.2524995803833,11.917459487915039,1572800
2010-08-11,12.8774995803833,13.0625,12.420000076293945,12.4399995803833,11.186809539794922,1935600
2010-08-12,12.170000076293945,12.712499618530273,12.037500381469727,12.529999732971191,11.267743110656738,1579200
2010-08-13,12.457500457763672,12.850000381469727,12.332500457763672,12.77750015258789,11.490311622619629,1547200
2010-08-16,12.6899995803833,13.092499732971191,12.574999809265137,13.017499923706055,11.706134796142578,1416000
2010-08-17,13.172499656677246,13.470000267028809,13.15999984741211,13.302499771118164,11.962422370910645,1756400
2010-08-18,13.25,13.547499656677246,13.172499656677246,13.5024995803833,12.142274856567383,3057600
2010-08-19,13.4350004196167,13.547499656677246,12.84000015258789,12.859999656677246,11.564499855041504,2227200
2010-08-20,12.774999618530273,12.774999618530273,12.199999809265137,12.510000228881836,11.249762535095215,3047600
2010-08-23,12.567500114440918,12.789999961853027,12.0649995803833,12.072500228881836,10.856331825256348,1877600
2010-08-24,11.84000015258789,11.987500190734863,11.545000076293945,11.779999732971191,10.59329605102539,2091200
2010-08-25,11.642499923706055,11.642499923706055,11.2524995803833,11.390000343322754,10.242587089538574,4030800
2010-08-26,11.442500114440918,11.4975004196167,11.107500076293945,11.130000114440918,10.008780479431152,2464800
2010-08-27,11.227499961853027,11.27750015258789,11.020000457763672,11.199999809265137,10.071724891662598,3375600
2010-08-30,11.1875,11.319999694824219,11.09000015258789,11.092499732971191,9.975056648254395,2586400
2010-08-31,11.087499618530273,11.170000076293945,10.97249984741211,11.057499885559082,9.943582534790039,3633600
2010-09-01,11.232500076293945,11.382499694824219,10.984999656677246,11.302499771118164,10.163898468017578,3626000
2010-09-02,11.272500038146973,11.71500015258789,11.154999732971191,11.614999771118164,10.444920539855957,2334800
2010-09-03,11.842499732971191,12.050000190734863,11.742500305175781,11.829999923706055,10.638260841369629,2102400
2010-09-07,11.7475004196167,11.7475004196167,11.46500015258789,11.494999885559082,10.337006568908691,2116400
2010-09-08,11.505000114440918,11.5600004196167,11.255000114440918,11.329999923706055,10.188631057739258,1636800
2010-09-09,11.524999618530273,11.664999961853027,11.332500457763672,11.582500457763672,10.41569709777832,2425200
2010-09-10,11.65250015258789,11.737500190734863,11.557499885559082,11.5649995803833,10.399956703186035,1513600
2010-09-13,11.75,11.947500228881836,11.704999923706055,11.807499885559082,10.618027687072754,1616000
2010-09-14,11.7524995803833,12.162500381469727,11.675000190734863,11.859999656677246,10.665237426757812,1731200
2010-09-15,11.842499732971191,12.255000114440918,11.829999923706055,12.104999542236328,10.885557174682617,1988400
2010-09-16,12.067500114440918,12.067500114440918,11.850000381469727,11.984999656677246,10.777647018432617,1180800
2010-09-17,12.052499771118164,12.109999656677246,11.672499656677246,11.739999771118164,10.557329177856445,1693600
2010-09-20,11.8125,11.922499656677246,11.75,11.859999656677246,10.665237426757812,1424800
2010-09-21,11.885000228881836,12.425000190734863,11.875,12.324999809265137,11.083395004272461,2285200
2010-09-22,12.2475004196167,12.357500076293945,12.0649995803833,12.085000038146973,10.867572784423828,1116000
2010-09-23,12.015000343322754,12.157500267028809,11.720000267028809,11.774999618530273,10.588804244995117,1524800
2010-09-24,11.954999923706055,12.082500457763672,11.857500076293945,11.96500015258789,10.759660720825195,1134800
2010-09-27,12.085000038146973,12.75,12.02750015258789,12.492500305175781,11.23402214050293,2228000
2010-09-28,12.512499809265137,12.579999923706055,12.262499809265137,12.40999984741211,11.159832954406738,1256800
2010-09-29,12.375,12.822500228881836,12.3100004196167,12.729999542236328,11.447596549987793,2074400
2010-09-30,12.805000305175781,12.962499618530273,12.727499961853027,12.757499694824219,11.47232723236084,2580800
2010-10-01,12.932499885559082,12.962499618530273,12.367500305175781,12.447500228881836,11.193553924560547,1663600
2010-10-04,12.430000305175781,12.59000015258789,11.9975004196167,12.142499923706055,10.919282913208008,1512400
2010-10-05,12.260000228881836,12.28499984741211,11.944999694824219,12.21500015258789,10.984475135803223,2567200
2010-10-06,12.220000267028809,12.395000457763672,12.087499618530273,12.1875,10.959746360778809,1043600
2010-10-07,12.27750015258789,12.345000267028809,11.21500015258789,11.625,10.453914642333984,7682400
2010-10-08,11.654999732971191,12.172499656677246,11.65250015258789,12.047499656677246,10.83385181427002,3212400
2010-10-11,12.03499984741211,12.107500076293945,11.75,11.755000114440918,10.570816040039062,1256800
2010-10-12,11.6875,11.882499694824219,11.635000228881836,11.829999923706055,10.638260841369629,1434000
2010-10-13,11.912500381469727,11.9375,11.800000190734863,11.885000228881836,10.687719345092773,1598400
2010-10-14,11.857500076293945,11.897500038146973,11.7524995803833,11.845000267028809,10.651751518249512,1549200
2010-10-15,12.010000228881836,12.015000343322754,11.6899995803833,11.787500381469727,10.600044250488281,1681200
2010-10-18,11.787500381469727,11.90999984741211,11.757499694824219,11.897500038146973,10.69896125793457,1102800
2010-10-19,11.732500076293945,11.890000343322754,11.529999732971191,11.619999885559082,10.449416160583496,1471600
2010-10-20,11.699999809265137,12.425000190734863,11.699999809265137,12.352499961853027,11.108126640319824,2051600
2010-10-21,12.53499984741211,12.607500076293945,12.03499984741211,12.317500114440918,11.076650619506836,2862400
2010-10-22,12.359999656677246,12.612500190734863,12.324999809265137,12.585000038146973,11.317205429077148,1654800
2010-10-25,12.637499809265137,12.845000267028809,12.5600004196167,12.707500457763672,11.427364349365234,1340800
2010-10-26,12.712499618530273,12.979999542236328,12.539999961853027,12.829999923706055,11.53752326965332,1245600
2010-10-27,12.77750015258789,13.09749984741211,12.635000228881836,13.067500114440918,11.75109577178955,1369200
2010-10-28,13.125,13.255000114440918,12.920000076293945,13.202500343322754,11.872498512268066,1390400
2010-10-29,13.147500038146973,13.25,13.017499923706055,13.199999809265137,11.870246887207031,912800
2010-11-01,13.197500228881836,13.21500015258789,13.010000228881836,13.109999656677246,11.789316177368164,1336800
2010-11-02,13.217499732971191,13.345000267028809,13.135000228881836,13.3125,11.971416473388672,1144000
2010-11-03,13.324999809265137,13.567500114440918,13.22249984741211,13.510000228881836,12.149020195007324,1069600
2010-11-04,13.6899995803833,13.854999542236328,13.577500343322754,13.8125,12.42104721069336,1852000
2010-11-05,13.800000190734863,14.119999885559082,13.800000190734863,13.970000267028809,12.5626802444458,1722800
2010-11-08,13.882499694824219,13.925000190734863,13.675000190734863,13.774999618530273,12.387325286865234,1248400
2010-11-09,13.774999618530273,13.84000015258789,13.34000015258789,13.385000228881836,12.036611557006836,1208800
2010-11-10,13.385000228881836,13.542499542236328,13.260000228881836,13.520000457763672,12.158014297485352,1199200
2010-11-11,13.5,13.75,13.3125,13.425000190734863,12.072583198547363,1162400
2010-11-12,13.319999694824219,13.694999694824219,13.317500114440918,13.470000267028809,12.113048553466797,1358400
2010-11-15,13.59000015258789,13.619999885559082,13.380000114440918,13.512499809265137,12.151266098022461,832400
2010-11-16,13.407500267028809,13.585000038146973,13.319999694824219,13.542499542236328,12.178247451782227,1828000
2010-11-17,13.577500343322754,13.667499542236328,13.164999961853027,13.225000381469727,11.892732620239258,1340800
2010-11-18,13.272500038146973,13.6274995803833,13.272500038146973,13.53499984741211,12.171501159667969,1512000
2010-11-19,13.512499809265137,13.852499961853027,13.447500228881836,13.757499694824219,12.371589660644531,1362800
2010-11-22,13.727499961853027,13.899999618530273,13.642499923706055,13.862500190734863,12.466011047363281,1116400
2010-11-23,13.737500190734863,13.774999618530273,13.5600004196167,13.657500267028809,12.281661033630371,1037200
2010-11-24,13.6875,14.0,13.585000038146973,14.0,12.589659690856934,1357600
2010-11-26,13.914999961853027,14.0,13.850000381469727,13.979999542236328,12.571672439575195,727200
2010-11-29,13.880000114440918,14.039999961853027,13.664999961853027,13.875,12.477250099182129,970800
2010-11-30,13.717499732971191,13.835000038146973,13.637499809265137,13.75,12.364842414855957,998800
2010-12-01,13.949999809265137,14.0,13.755000114440918,13.864999771118164,12.468259811401367,1273600
2010-12-02,13.832500457763672,13.892499923706055,13.675000190734863,13.829999923706055,12.436783790588379,823200
2010-12-03,14.0,14.0,13.867500305175781,13.97249984741211,12.56492805480957,1138800
2010-12-06,13.962499618530273,14.087499618530273,13.882499694824219,14.010000228881836,12.598654747009277,986000
2010-12-07,14.164999961853027,14.229999542236328,13.922499656677246,14.050000190734863,12.634622573852539,1087600
2010-12-08,14.069999694824219,14.069999694824219,13.8125,14.007499694824219,12.596404075622559,800800
2010-12-09,14.104999542236328,14.157500267028809,13.975000381469727,14.092499732971191,12.672842979431152,1170000
2010-12-10,14.137499809265137,14.25,13.970000267028809,14.237500190734863,12.803234100341797,1433200
2010-12-13,14.27750015258789,14.357500076293945,14.057499885559082,14.1225004196167,12.699817657470703,1080400
2010-12-14,14.1225004196167,14.295000076293945,14.037500381469727,14.085000038146973,12.666097640991211,1175600
2010-12-15,14.114999771118164,14.257499694824219,14.0,14.147500038146973,12.72230052947998,1798400
2010-12-16,14.147500038146973,14.199999809265137,13.967499732971191,14.130000114440918,12.706561088562012,1432800
2010-12-17,14.1225004196167,14.414999961853027,14.010000228881836,14.3725004196167,12.92463207244873,3106400
2010-12-20,14.3725004196167,14.47249984741211,14.2524995803833,14.417499542236328,12.96510124206543,1622400
2010-12-21,14.475000381469727,14.792499542236328,14.412500381469727,14.765000343322754,13.277593612670898,1184400
2010-12-22,14.824999809265137,14.897500038146973,14.524999618530273,14.574999809265137,13.106735229492188,899600
2010-12-23,14.577500343322754,14.649999618530273,14.324999809265137,14.350000381469727,12.904401779174805,569200
2010-12-27,14.295000076293945,14.327500343322754,13.932499885559082,14.137499809265137,12.713308334350586,920000
2010-12-28,14.175000190734863,14.300000190734863,14.087499618530273,14.260000228881836,12.823469161987305,857600
2010-12-29,14.3100004196167,14.592499732971191,14.217499732971191,14.357500076293945,12.911144256591797,1160400
2010-12-30,14.34749984741211,14.46500015258789,14.342499732971191,14.3725004196167,12.92463207244873,638800
2010-12-31,14.369999885559082,14.475000381469727,14.172499656677246,14.172499656677246,12.744780540466309,751200
2011-01-03,14.375,14.5649995803833,14.335000038146973,14.470000267028809,13.012311935424805,924000
2011-01-04,14.577500343322754,14.592499732971191,14.132499694824219,14.352499961853027,12.906647682189941,941200
2011-01-05,14.289999961853027,14.962499618530273,14.279999732971191,14.77750015258789,13.288834571838379,2032000
2011-01-06,14.822500228881836,14.9399995803833,14.6899995803833,14.925000190734863,13.421475410461426,1522400
2011-01-07,15.0,15.77750015258789,14.944999694824219,15.680000305175781,14.100417137145996,2897600
2011-01-10,15.672499656677246,15.907500267028809,15.505000114440918,15.737500190734863,14.152125358581543,2208800
2011-01-11,15.774999618530273,15.787500381469727,15.369999885559082,15.552499771118164,13.985761642456055,1101200
2011-01-12,15.662500381469727,15.84000015258789,15.630000114440918,15.77750015258789,14.18809700012207,1136800
2011-01-13,15.779999732971191,15.9975004196167,15.712499618530273,15.920000076293945,14.316241264343262,769600
2011-01-14,15.835000038146973,16.084999084472656,15.737500190734863,16.024999618530273,14.410667419433594,852000
2011-01-18,15.987500190734863,16.0,15.5600004196167,15.742500305175781,14.156621932983398,1431600
2011-01-19,15.869999885559082,16.059999465942383,15.630000114440918,15.670000076293945,14.091424942016602,1392800
2011-01-20,15.637499809265137,15.729999542236328,15.135000228881836,15.3125,13.769939422607422,1963600
2011-01-21,15.359999656677246,15.425000190734863,14.9399995803833,14.977499961853027,13.468687057495117,2075600
2011-01-24,14.970000267028809,15.289999961853027,14.875,15.1899995803833,13.659780502319336,2092800
2011-01-25,15.3725004196167,15.582500457763672,14.755000114440918,15.282500267028809,13.742959976196289,2937200
2011-01-26,15.3149995803833,15.350000381469727,14.887499809265137,15.265000343322754,13.727226257324219,2970000
2011-01-27,15.149999618530273,15.787500381469727,15.149999618530273,15.710000038146973,14.127395629882812,1765600
2011-01-28,15.675000190734863,15.6899995803833,14.867500305175781,14.930000305175781,13.425971984863281,1784400
2011-01-31,14.952500343322754,15.177499771118164,14.802499771118164,14.8100004196167,13.318060874938965,1425600
2011-02-01,14.96500015258789,15.635000228881836,14.96500015258789,15.5625,13.994758605957031,2141200
2011-02-02,15.385000228881836,15.422499656677246,14.97249984741211,15.0,13.488919258117676,2047600
2011-02-03,15.079999923706055,15.157500267028809,14.77750015258789,14.912500381469727,13.410234451293945,2355600
2011-02-04,14.912500381469727,15.489999771118164,14.912500381469727,15.352499961853027,13.805907249450684,2311600
2011-02-07,15.412500381469727,15.670000076293945,15.297499656677246,15.324999809265137,13.781181335449219,990000
2011-02-08,15.279999732971191,15.65250015258789,15.279999732971191,15.484999656677246,13.925064086914062,983200
2011-02-09,15.28499984741211,15.602499961853027,15.265000343322754,15.592499732971191,14.021730422973633,1206800
2011-02-10,15.492500305175781,15.739999771118164,15.449999809265137,15.619999885559082,14.04646110534668,1436800
2011-02-11,15.5024995803833,16.09000015258789,15.420000076293945,15.975000381469727,14.365700721740723,1412400
2011-02-14,15.9350004196167,16.200000762939453,15.802499771118164,16.127500534057617,14.502836227416992,1502800
2011-02-15,16.010000228881836,16.1200008392334,16.0,16.1200008392334,14.496091842651367,1150400
2011-02-16,16.170000076293945,16.25,15.96500015258789,16.084999084472656,14.464618682861328,996000
2011-02-17,16.049999237060547,16.24250030517578,16.049999237060547,16.1825008392334,14.552300453186035,635200
2011-02-18,16.227500915527344,16.2450008392334,15.982500076293945,16.00749969482422,14.39492416381836,1239200
2011-02-22,15.6875,15.6875,14.875,15.0,13.488919258117676,3133200
2011-02-23,15.005000114440918,15.007499694824219,14.207500457763672,14.332500457763672,12.888666152954102,3493200
2011-02-24,14.369999885559082,14.65250015258789,14.069999694824219,14.539999961853027,13.075258255004883,2801600
2011-02-25,14.604999542236328,14.8125,14.5024995803833,14.805000305175781,13.313565254211426,1234800
2011-02-28,14.984999656677246,15.042499542236328,14.632499694824219,14.862500190734863,13.365270614624023,1880800
2011-03-01,14.887499809265137,14.90250015258789,14.067500114440918,14.232500076293945,12.798736572265625,2018800
2011-03-02,14.2475004196167,14.4399995803833,14.037500381469727,14.132499694824219,12.708808898925781,1754800
2011-03-03,14.337499618530273,14.800000190734863,14.302499771118164,14.699999809265137,13.219143867492676,2019200
2011-03-04,14.760000228881836,14.760000228881836,14.4399995803833,14.635000228881836,13.160693168640137,1126000
2011-03-07,14.522500038146973,14.739999771118164,14.1875,14.430000305175781,12.976340293884277,1559600
2011-03-08,14.470000267028809,15.289999961853027,14.425000190734863,15.180000305175781,13.650787353515625,2190800
2011-03-09,15.192500114440918,15.192500114440918,14.904999732971191,15.03499984741211,13.520394325256348,1436800
2011-03-10,14.920000076293945,15.237500190734863,14.647500038146973,15.087499618530273,13.567604064941406,2065600
2011-03-11,14.657500267028809,15.385000228881836,14.657500267028809,15.175000190734863,13.646292686462402,1666000
2011-03-14,14.989999771118164,15.1225004196167,14.734999656677246,14.9399995803833,13.434962272644043,1122000
2011-03-15,14.390000343322754,14.914999961853027,14.357500076293945,14.774999618530273,13.286587715148926,1367200
2011-03-16,14.645000457763672,14.970000267028809,14.454999923706055,14.53499984741211,13.07076358795166,2018000
2011-03-17,14.800000190734863,14.857500076293945,14.332500457763672,14.34749984741211,12.902152061462402,1323600
2011-03-18,14.552499771118164,15.22249984741211,14.542499542236328,15.007499694824219,13.495664596557617,2250800
2011-03-21,15.100000381469727,15.40250015258789,14.987500190734863,15.305000305175781,13.763197898864746,1210800
2011-03-22,15.342499732971191,15.452500343322754,14.97249984741211,15.020000457763672,13.506903648376465,1185600
2011-03-23,14.967499732971191,15.274999618530273,14.782500267028809,15.175000190734863,13.646292686462402,865200
2011-03-24,15.237500190734863,15.302499771118164,15.072500228881836,15.21500015258789,13.68226146697998,744000
2011-03-25,15.307499885559082,15.664999961853027,15.194999694824219,15.412500381469727,13.85986328125,956800
2011-03-28,15.484999656677246,15.542499542236328,15.380000114440918,15.420000076293945,13.866608619689941,1053600
2011-03-29,15.425000190734863,15.720000267028809,15.390000343322754,15.6899995803833,14.109411239624023,1131600
2011-03-30,15.720000267028809,15.994999885559082,15.710000038146973,15.912500381469727,14.309496879577637,621200
2011-03-31,15.944999694824219,16.0,15.774999618530273,15.854999542236328,14.257786750793457,1012400
2011-04-01,15.994999885559082,16.022499084472656,15.625,15.677499771118164,14.09816837310791,1212800
2011-04-04,15.677499771118164,15.7475004196167,15.5,15.635000228881836,14.059951782226562,951600
2011-04-05,15.649999618530273,15.8125,15.555000305175781,15.65250015258789,14.07568645477295,797600
2011-04-06,15.800000190734863,15.885000228881836,15.487500190734863,15.817500114440918,14.224066734313965,894000
2011-04-07,15.8725004196167,15.912500381469727,15.569999694824219,15.732500076293945,14.147629737854004,798800
2011-04-08,15.782500267028809,15.795000076293945,14.9975004196167,15.029999732971191,13.515897750854492,1710800
2011-04-11,15.050000190734863,15.157500267028809,14.880000114440918,15.0024995803833,13.491168022155762,1636000
2011-04-12,14.942500114440918,15.807499885559082,14.942500114440918,15.609999656677246,14.037468910217285,2989200
2011-04-13,15.682499885559082,15.682499885559082,15.082500457763672,15.204999923706055,13.673266410827637,1377600
2011-04-14,14.992500305175781,15.175000190734863,14.949999809265137,15.067500114440918,13.5496187210083,1302400
2011-04-15,15.022500038146973,15.1875,14.904999732971191,15.102499961853027,13.581096649169922,872000
2011-04-18,15.095000267028809,15.1850004196167,14.75,15.087499618530273,13.567604064941406,1324400
2011-04-19,15.15999984741211,15.22249984741211,14.932499885559082,15.039999961853027,13.524890899658203,1069600
2011-04-20,15.244999885559082,15.380000114440918,15.104999542236328,15.210000038146973,13.677764892578125,890400
2011-04-21,15.449999809265137,15.449999809265137,14.859999656677246,15.145000457763672,13.61931324005127,745600
2011-04-25,15.112500190734863,15.359999656677246,14.949999809265137,15.237500190734863,13.702494621276855,981600
2011-04-26,15.25,15.645000457763672,15.15250015258789,15.582500457763672,14.012740135192871,1924000
2011-04-27,15.619999885559082,16.137500762939453,15.5649995803833,16.112499237060547,14.489346504211426,1655200
2011-04-28,16.082500457763672,16.170000076293945,15.84749984741211,16.112499237060547,14.489346504211426,1235600
2011-04-29,16.170000076293945,16.522499084472656,15.947500228881836,16.467500686645508,14.808588027954102,1680000
2011-05-02,16.63249969482422,16.68000030517578,16.260000228881836,16.352500915527344,14.705172538757324,884000
2011-05-03,16.3700008392334,16.635000228881836,16.18000030517578,16.592500686645508,14.92099666595459,1635600
2011-05-04,16.61750030517578,16.895000457763672,16.362499237060547,16.559999465942383,14.891769409179688,1285200
2011-05-05,16.5,17.247499465942383,16.475000381469727,17.024999618530273,15.309926986694336,1554800
2011-05-06,17.219999313354492,17.332500457763672,16.975000381469727,17.13249969482422,15.40659236907959,1709200
2011-05-09,17.084999084472656,17.25,16.875,17.075000762939453,15.354888916015625,1008000
2011-05-10,17.190000534057617,17.415000915527344,17.112499237060547,17.22249984741211,15.487527847290039,1539600
2011-05-11,17.207500457763672,17.4325008392334,17.032499313354492,17.327499389648438,15.581947326660156,1119200
2011-05-12,17.290000915527344,17.517499923706055,17.107500076293945,17.4424991607666,15.685362815856934,1364000
2011-05-13,17.397499084472656,17.5,17.155000686645508,17.270000457763672,15.530242919921875,958800
2011-05-16,17.212499618530273,17.3700008392334,17.040000915527344,17.072500228881836,15.352643966674805,1473600
2011-05-17,16.954999923706055,17.237499237060547,16.93000030517578,17.110000610351562,15.386361122131348,904400
2011-05-18,17.114999771118164,17.217500686645508,16.84000015258789,17.145000457763672,15.417838096618652,797200
2011-05-19,17.267499923706055,17.5,17.102500915527344,17.440000534057617,15.683116912841797,748400
2011-05-20,17.375,17.5,17.19499969482422,17.397499084472656,15.644899368286133,914400
2011-05-23,17.207500457763672,17.325000762939453,16.982500076293945,17.024999618530273,15.309926986694336,1442400
2011-05-24,17.122499465942383,17.165000915527344,16.842500686645508,17.017499923706055,15.303181648254395,1390800
2011-05-25,16.959999084472656,17.157499313354492,16.707500457763672,16.875,15.175034523010254,1060400
2011-05-26,16.80500030517578,16.907499313354492,16.672500610351562,16.827499389648438,15.132320404052734,764800
2011-05-27,16.920000076293945,17.00749969482422,16.729999542236328,16.857500076293945,15.159297943115234,662400
2011-05-31,17.042499542236328,17.09000015258789,16.795000076293945,16.885000228881836,15.184025764465332,1428000
2011-06-01,16.84000015258789,16.979999542236328,16.30500030517578,16.3799991607666,14.729901313781738,1511200
2011-06-02,16.4424991607666,16.542499542236328,16.30500030517578,16.420000076293945,14.765870094299316,781200
2011-06-03,16.149999618530273,16.412500381469727,15.9350004196167,15.987500190734863,14.37693977355957,1520000
2011-06-06,15.9375,15.987500190734863,15.682499885559082,15.789999961853027,14.199337005615234,1238400
2011-06-07,15.869999885559082,16.139999389648438,15.670000076293945,15.927499771118164,14.32298469543457,1560800
2011-06-08,15.819999694824219,15.9975004196167,15.512499809265137,15.574999809265137,14.00599479675293,1250800
2011-06-09,15.574999809265137,15.607500076293945,15.3725004196167,15.40999984741211,13.85761833190918,818800
2011-06-10,15.404999732971191,15.574999809265137,15.327500343322754,15.387499809265137,13.837383270263672,1184800
2011-06-13,15.487500190734863,15.899999618530273,15.430000305175781,15.649999618530273,14.073437690734863,968400
2011-06-14,15.787500381469727,16.477500915527344,15.772500038146973,16.1924991607666,14.561286926269531,2418400
2011-06-15,15.9975004196167,16.155000686645508,15.75,16.00749969482422,14.39492416381836,1401600
2011-06-16,15.984999656677246,16.295000076293945,15.875,16.0674991607666,14.44887638092041,900800
2011-06-17,16.262500762939453,16.622499465942383,16.114999771118164,16.342500686645508,14.69617748260498,1568800
2011-06-20,16.329999923706055,16.947500228881836,16.315000534057617,16.729999542236328,15.044642448425293,1108400
2011-06-21,16.78499984741211,17.0575008392334,16.729999542236328,16.969999313354492,15.260464668273926,1362800
2011-06-22,16.920000076293945,17.042499542236328,16.700000762939453,16.71500015258789,15.031153678894043,943600
2011-06-23,16.72249984741211,17.225000381469727,16.72249984741211,17.145000457763672,15.417838096618652,1274400
2011-06-24,17.122499465942383,17.122499465942383,16.59749984741211,16.747499465942383,15.060376167297363,2022000
2011-06-27,16.825000762939453,17.135000228881836,16.739999771118164,16.97249984741211,15.262714385986328,1475200
2011-06-28,16.90999984741211,17.25,16.897499084472656,17.162500381469727,15.43356990814209,1222400
2011-06-29,17.157499313354492,17.235000610351562,16.834999084472656,17.075000762939453,15.354888916015625,1695200
2011-06-30,17.100000381469727,17.407499313354492,17.100000381469727,17.114999771118164,15.390856742858887,955600
2011-07-01,17.167499542236328,17.337499618530273,17.142499923706055,17.274999618530273,15.534737586975098,1399200
2011-07-05,17.25749969482422,17.302499771118164,16.989999771118164,17.18000030517578,15.449307441711426,1202000
2011-07-06,17.274999618530273,17.65250015258789,17.247499465942383,17.415000915527344,15.660636901855469,2180800
2011-07-07,17.5,17.552499771118164,17.217500686645508,17.274999618530273,15.534737586975098,2564000
2011-07-08,17.139999389648438,17.44499969482422,17.1200008392334,17.395000457763672,15.64264965057373,1083200
2011-07-11,17.1924991607666,17.264999389648438,16.885000228881836,16.947500228881836,15.240232467651367,859200
2011-07-12,16.872499465942383,16.940000534057617,16.522499084472656,16.764999389648438,15.076114654541016,1402800
2011-07-13,16.954999923706055,17.239999771118164,16.829999923706055,16.892499923706055,15.190771102905273,1822800
2011-07-14,17.0,17.27750015258789,16.725000381469727,16.802499771118164,15.109837532043457,1473200
2011-07-15,16.889999389648438,16.9375,16.65250015258789,16.77750015258789,15.08735466003418,1019200
2011-07-18,16.61750030517578,16.642499923706055,16.024999618530273,16.3075008392334,14.664702415466309,1576400
2011-07-19,16.337499618530273,16.712499618530273,16.297500610351562,16.704999923706055,15.022163391113281,1558800
2011-07-20,16.760000228881836,16.774999618530273,16.40250015258789,16.424999237060547,14.770364761352539,1733200
2011-07-21,16.542499542236328,16.797500610351562,16.302499771118164,16.487499237060547,14.826569557189941,1470800
2011-07-22,16.40999984741211,16.459999084472656,16.002500534057617,16.084999084472656,14.464618682861328,1272000
2011-07-25,15.9350004196167,15.952500343322754,15.404999732971191,15.729999542236328,14.145379066467285,3418800
2011-07-26,15.6850004196167,15.875,15.609999656677246,15.662500381469727,14.084680557250977,2156400
2011-07-27,15.5625,15.782500267028809,15.265000343322754,15.487500190734863,13.9273099899292,2346800
2011-07-28,15.489999771118164,15.65250015258789,15.137499809265137,15.175000190734863,13.646292686462402,1415200
2011-07-29,14.97249984741211,15.367500305175781,14.875,15.279999732971191,13.740714073181152,1503200
2011-08-01,15.617500305175781,15.869999885559082,14.957500457763672,15.017499923706055,13.504656791687012,3107200
2011-08-02,14.975000381469727,15.047499656677246,14.234999656677246,14.267499923706055,12.830209732055664,2429200
2011-08-03,14.329999923706055,14.682499885559082,13.984999656677246,14.642499923706055,13.167435646057129,2364800
2011-08-04,14.432499885559082,14.550000190734863,13.852499961853027,13.862500190734863,12.466011047363281,2840000
2011-08-05,14.082500457763672,14.192500114440918,13.22249984741211,13.767499923706055,12.38058090209961,2085200
2011-08-08,13.832500457763672,13.84749984741211,12.989999771118164,13.052499771118164,11.737608909606934,3103200
2011-08-09,13.342499732971191,14.045000076293945,12.947500228881836,14.042499542236328,12.627878189086914,3004400
2011-08-10,13.65250015258789,13.727499961853027,13.0600004196167,13.087499618530273,11.769082069396973,2750400
2011-08-11,13.095000267028809,13.927499771118164,13.057499885559082,13.699999809265137,12.319879531860352,1840400
2011-08-12,13.862500190734863,14.357500076293945,13.822500228881836,13.994999885559082,12.585162162780762,1528400
2011-08-15,14.114999771118164,14.475000381469727,14.114999771118164,14.364999771118164,12.917889595031738,1035600
2011-08-16,14.142499923706055,14.65250015258789,14.09000015258789,14.390000343322754,12.940372467041016,1792800
2011-08-17,14.414999961853027,14.595000267028809,14.082500457763672,14.324999809265137,12.881917953491211,1044000
2011-08-18,13.842499732971191,13.84749984741211,13.342499732971191,13.467499732971191,12.110803604125977,1646400
2011-08-19,13.192500114440918,13.837499618530273,13.192500114440918,13.332500457763672,11.989401817321777,1973200
2011-08-22,13.72249984741211,13.7524995803833,13.154999732971191,13.192500114440918,11.863507270812988,1718400
2011-08-23,13.265000343322754,13.734999656677246,13.182499885559082,13.664999961853027,12.288407325744629,1687600
2011-08-24,13.602499961853027,13.8100004196167,13.494999885559082,13.757499694824219,12.371589660644531,1531200
2011-08-25,13.857500076293945,14.02750015258789,13.352499961853027,13.392499923706055,12.043355941772461,1646400
2011-08-26,13.279999732971191,13.9975004196167,13.164999961853027,13.9975004196167,12.587408065795898,1758800
2011-08-29,14.147500038146973,14.670000076293945,14.147500038146973,14.65999984741211,13.1831693649292,1201600
2011-08-30,14.550000190734863,14.760000228881836,14.300000190734863,14.572500228881836,13.104488372802734,1057200
2011-08-31,14.6899995803833,14.845000267028809,14.350000381469727,14.432499885559082,12.978589057922363,995600
2011-09-01,14.404999732971191,14.572500228881836,13.922499656677246,13.947500228881836,12.542450904846191,1174000
2011-09-02,13.71500015258789,14.045000076293945,13.555000305175781,13.595000267028809,12.225458145141602,997200
2011-09-06,13.1875,13.522500038146973,13.162500381469727,13.492500305175781,12.133283615112305,1156400
2011-09-07,13.727499961853027,14.154999732971191,13.694999694824219,14.077500343322754,12.659351348876953,1314400
2011-09-08,13.9399995803833,14.029999732971191,13.539999961853027,13.677499771118164,12.29964542388916,1089600
2011-09-09,13.489999771118164,14.082500457763672,13.272500038146973,13.489999771118164,12.131035804748535,1442000
2011-09-12,13.289999961853027,13.59000015258789,13.25,13.569999694824219,12.202975273132324,910800
2011-09-13,13.667499542236328,14.375,13.430000305175781,14.107500076293945,12.686327934265137,1816800
2011-09-14,14.229999542236328,15.137499809265137,14.229999542236328,14.885000228881836,13.385505676269531,2651600
2011-09-15,15.154999732971191,15.22249984741211,14.8149995803833,14.927499771118164,13.423722267150879,1192400
2011-09-16,14.967499732971191,15.140000343322754,14.899999618530273,14.970000267028809,13.46194076538086,1847200
2011-09-19,14.755000114440918,14.9399995803833,14.632499694824219,14.787500381469727,13.29782772064209,855600
2011-09-20,14.850000381469727,14.987500190734863,14.479999542236328,14.482500076293945,13.023550987243652,1308800
2011-09-21,14.494999885559082,14.604999542236328,13.837499618530273,13.84749984741211,12.452521324157715,1144000
2011-09-22,13.404999732971191,13.932499885559082,13.404999732971191,13.862500190734863,12.466011047363281,2700400
2011-09-23,13.895000457763672,14.609999656677246,13.895000457763672,14.600000381469727,13.129216194152832,1975200
2011-09-26,14.762499809265137,14.84749984741211,14.40999984741211,14.664999961853027,13.187667846679688,1477200
2011-09-27,14.962499618530273,14.987500190734863,14.539999961853027,14.670000076293945,13.192161560058594,1309600
2011-09-28,14.677499771118164,14.789999961853027,14.329999923706055,14.350000381469727,12.904401779174805,1601200
2011-09-29,14.592499732971191,14.677499771118164,14.137499809265137,14.494999885559082,13.03479290008545,1164000
2011-09-30,14.25,14.47249984741211,14.03499984741211,14.072500228881836,12.654853820800781,1638000
2011-10-03,13.917499542236328,14.135000228881836,12.8149995803833,12.829999923706055,11.53752326965332,3052400
2011-10-04,12.779999732971191,13.682499885559082,12.774999618530273,13.642499923706055,12.268172264099121,2707200
2011-10-05,13.612500190734863,14.020000457763672,13.3725004196167,13.9399995803833,12.5357027053833,1717200
2011-10-06,13.725000381469727,14.520000457763672,13.725000381469727,14.512499809265137,13.050527572631836,2057200
2011-10-07,14.595000267028809,14.949999809265137,14.300000190734863,14.382499694824219,12.933624267578125,2062400
2011-10-10,14.760000228881836,15.012499809265137,14.550000190734863,15.010000228881836,13.49791431427002,1626800
2011-10-11,14.9399995803833,15.487500190734863,14.835000038146973,15.442500114440918,13.88684368133545,1541200
2011-10-12,15.487500190734863,15.710000038146973,15.417499542236328,15.522500038146973,13.958785057067871,1558400
2011-10-13,15.492500305175781,16.1875,15.390000343322754,16.0625,14.444385528564453,1734400
2011-10-14,16.1200008392334,16.122499465942383,15.6850004196167,15.922499656677246,14.318490028381348,1535600
2011-10-17,15.7475004196167,16.0575008392334,15.637499809265137,15.8100004196167,14.217323303222656,1658800
2011-10-18,15.887499809265137,16.3075008392334,15.734999656677246,16.142499923706055,14.516325950622559,2085600
2011-10-19,16.137500762939453,16.137500762939453,15.729999542236328,15.8100004196167,14.217323303222656,1529600
2011-10-20,16.1200008392334,16.497499465942383,15.662500381469727,16.477500915527344,14.817580223083496,2197200
2011-10-21,16.545000076293945,16.59000015258789,16.082500457763672,16.49250030517578,14.831068992614746,3230400
2011-10-24,16.63249969482422,17.327499389648438,16.552499771118164,17.15250015258789,15.424579620361328,1806000
2011-10-25,16.8700008392334,16.88249969482422,16.1825008392334,16.479999542236328,14.819828033447266,1804400
2011-10-26,16.547500610351562,16.697500228881836,16.165000915527344,16.385000228881836,14.734396934509277,2063600
2011-10-27,17.049999237060547,17.207500457763672,16.467500686645508,17.127500534057617,15.402095794677734,1746800
2011-10-28,17.107500076293945,17.142499923706055,16.75,16.8125,15.118827819824219,1201200
2011-10-31,16.540000915527344,16.90250015258789,16.420000076293945,16.63249969482422,14.956964492797852,1356800
2011-11-01,16.149999618530273,16.670000076293945,16.09749984741211,16.40250015258789,14.750133514404297,2214800
2011-11-02,16.6299991607666,16.74250030517578,16.25749969482422,16.350000381469727,14.702923774719238,1483200
2011-11-03,16.56999969482422,17.25,16.422500610351562,17.204999923706055,15.471792221069336,1891200
2011-11-04,17.102500915527344,17.40999984741211,16.975000381469727,17.200000762939453,15.467292785644531,1929200
2011-11-07,17.100000381469727,17.334999084472656,16.954999923706055,17.162500381469727,15.43356990814209,1263600
2011-11-08,17.309999465942383,17.322500228881836,16.829999923706055,17.290000915527344,15.548233032226562,1299200
2011-11-09,16.887500762939453,17.21500015258789,16.677499771118164,16.717500686645508,15.033402442932129,2230800
2011-11-10,16.950000762939453,17.06999969482422,16.252500534057617,16.385000228881836,14.734396934509277,2062400
2011-11-11,16.530000686645508,17.1200008392334,16.510000228881836,17.0,15.287443161010742,1283200
2011-11-14,17.0575008392334,17.387500762939453,16.712499618530273,16.752500534057617,15.064873695373535,1607600
2011-11-15,16.747499465942383,17.072500228881836,16.607500076293945,16.88249969482422,15.181778907775879,1442000
2011-11-16,16.662500381469727,16.8125,16.50749969482422,16.530000686645508,14.864790916442871,1525200
2011-11-17,16.5,16.642499923706055,16.077499389648438,16.207500457763672,14.57477855682373,1675600
2011-11-18,16.229999542236328,16.450000762939453,16.147499084472656,16.25749969482422,14.61974048614502,1134000
2011-11-21,15.9975004196167,16.032499313354492,15.672499656677246,15.944999694824219,14.338724136352539,1205600
2011-11-22,15.962499618530273,16.010000228881836,15.635000228881836,15.664999961853027,14.086926460266113,777200
2011-11-23,15.524999618530273,15.6225004196167,15.202500343322754,15.25,13.713736534118652,1453600
2011-11-25,15.1875,15.574999809265137,15.140000343322754,15.319999694824219,13.77668571472168,575200
2011-11-28,15.885000228881836,16.11750030517578,15.767499923706055,15.9350004196167,14.329729080200195,847200
2011-11-29,16.032499313354492,16.524999618530273,15.942500114440918,16.325000762939453,14.680439949035645,1376800
2011-11-30,16.40999984741211,17.364999771118164,16.40999984741211,17.354999542236328,15.60667896270752,2637200
2011-12-01,17.24250030517578,18.0,17.1924991607666,17.545000076293945,15.77753734588623,4703200
2011-12-02,17.487499237060547,17.649999618530273,17.209999084472656,17.415000915527344,15.660636901855469,1742000
2011-12-05,17.5,17.99250030517578,17.457500457763672,17.770000457763672,15.979875564575195,2025200
2011-12-06,17.68000030517578,18.0049991607666,17.627500534057617,17.717500686645508,15.93266487121582,2446000
2011-12-07,17.532499313354492,17.672500610351562,17.405000686645508,17.514999389648438,15.75056266784668,2429200
2011-12-08,17.407499313354492,17.407499313354492,16.782499313354492,16.977500915527344,15.2672119140625,2243600
2011-12-09,17.0674991607666,17.5625,17.0,17.4424991607666,15.685362815856934,1478400
2011-12-12,17.262500762939453,17.665000915527344,17.207500457763672,17.552499771118164,15.784285545349121,1596800
2011-12-13,17.707500457763672,17.81999969482422,17.53499984741211,17.584999084472656,15.813507080078125,4234000
2011-12-14,17.512500762939453,18.037500381469727,17.360000610351562,18.002500534057617,16.18895149230957,2811600
2011-12-15,18.207500457763672,18.5,18.082500457763672,18.3799991607666,16.52842140197754,2678800
2011-12-16,18.420000076293945,19.09749984741211,18.420000076293945,19.040000915527344,17.121932983398438,4332000
2011-12-19,19.037500381469727,19.127500534057617,18.522499084472656,18.575000762939453,16.703781127929688,1658400
2011-12-20,18.809999465942383,19.13249969482422,18.674999237060547,19.049999237060547,17.130929946899414,2253200
2011-12-21,18.947500228881836,19.237499237060547,18.75,19.127500534057617,17.200618743896484,1161600
2011-12-22,19.174999237060547,19.25,18.905000686645508,19.087499618530273,17.16464614868164,1081200
2011-12-23,19.104999542236328,19.104999542236328,18.577499389648438,19.0049991607666,17.0904598236084,1752400
2011-12-27,18.985000610351562,19.28499984741211,18.75,18.899999618530273,16.996044158935547,1242800
2011-12-28,18.815000534057617,18.97249984741211,18.5,18.712499618530273,16.827428817749023,1070400
2011-12-29,18.6825008392334,19.012500762939453,18.68000030517578,18.985000610351562,17.072477340698242,785600
2011-12-30,18.987499237060547,19.042499542236328,18.732500076293945,18.772499084472656,16.881376266479492,1045200
2012-01-03,19.107500076293945,19.165000915527344,18.44499969482422,18.487499237060547,16.625089645385742,2173600
2012-01-04,18.46500015258789,18.677499771118164,18.170000076293945,18.607500076293945,16.73300552368164,1688000
2012-01-05,18.5,18.8700008392334,18.397499084472656,18.809999465942383,16.91510581970215,1483200
2012-01-06,18.7450008392334,18.862499237060547,18.4424991607666,18.46500015258789,16.6048641204834,1942800
2012-01-09,18.584999084472656,18.88249969482422,18.399999618530273,18.690000534057617,16.80719757080078,1644000
2012-01-10,18.46500015258789,18.6924991607666,18.309999465942383,18.475000381469727,16.613855361938477,1745600
2012-01-11,18.30500030517578,18.502500534057617,18.104999542236328,18.212499618530273,16.37779998779297,2420800
2012-01-12,18.297500610351562,18.327499389648438,17.75749969482422,18.040000915527344,16.22267723083496,2230800
2012-01-13,17.94499969482422,18.167499542236328,17.725000381469727,18.127500534057617,16.301362991333008,1800000
2012-01-17,18.309999465942383,18.427499771118164,18.049999237060547,18.09000015258789,16.267637252807617,1016400
2012-01-18,18.114999771118164,18.5,17.877500534057617,18.352500915527344,16.503692626953125,1113600
2012-01-19,18.362499237060547,18.674999237060547,18.247499465942383,18.5049991607666,16.640832901000977,1579200
2012-01-20,18.415000915527344,18.662500381469727,18.322500228881836,18.3799991607666,16.52842140197754,1000000
2012-01-23,18.395000457763672,18.635000228881836,18.174999237060547,18.43000030517578,16.573389053344727,1347200
2012-01-24,18.377500534057617,18.684999465942383,18.264999389648438,18.565000534057617,16.694787979125977,1202800
2012-01-25,18.684999465942383,19.287500381469727,18.667499542236328,18.860000610351562,16.96006965637207,1987200
2012-01-26,18.11750030517578,18.65999984741211,17.797500610351562,18.177499771118164,16.346323013305664,3015600
2012-01-27,18.174999237060547,18.7450008392334,18.0,18.639999389648438,16.76222801208496,1625600
2012-01-30,18.447500228881836,18.834999084472656,18.44499969482422,18.637500762939453,16.75998306274414,1359600
2012-01-31,18.702499389648438,19.092500686645508,18.327499389648438,19.032499313354492,17.115190505981445,2098800
2012-02-01,19.1200008392334,19.469999313354492,19.00749969482422,19.420000076293945,17.463651657104492,1704400
2012-02-02,19.3174991607666,19.657499313354492,19.219999313354492,19.357500076293945,17.407453536987305,1512800
2012-02-03,19.622499465942383,19.88249969482422,19.53499984741211,19.592500686645508,17.6187801361084,1560000
2012-02-06,19.462499618530273,19.517499923706055,19.082500457763672,19.357500076293945,17.407453536987305,1407200
2012-02-07,19.362499237060547,19.485000610351562,19.19499969482422,19.207500457763672,17.272560119628906,1378000
2012-02-08,19.09000015258789,19.235000610351562,18.77750015258789,18.93000030517578,17.02301788330078,1442400
2012-02-09,19.06999969482422,19.06999969482422,18.6200008392334,19.00749969482422,17.09271240234375,1352000
2012-02-10,18.762500762939453,18.975000381469727,18.50749969482422,18.625,16.748743057250977,1110800
2012-02-13,18.842500686645508,18.9375,18.672500610351562,18.9375,17.029760360717773,913600
2012-02-14,18.887500762939453,19.079999923706055,18.75749969482422,19.0,17.08596420288086,1460400
2012-02-15,19.05500030517578,19.170000076293945,18.549999237060547,18.6875,16.804943084716797,2184800
2012-02-16,18.90999984741211,19.315000534057617,18.594999313354492,19.267499923706055,17.32651710510254,1939200
2012-02-17,19.389999389648438,19.65999984741211,19.024999618530273,19.094999313354492,17.171398162841797,1840000
2012-02-21,19.052499771118164,19.127500534057617,17.94499969482422,18.11750030517578,16.29236602783203,3622800
2012-02-22,18.012500762939453,18.225000381469727,17.452499389648438,17.520000457763672,15.755059242248535,4262000
2012-02-23,17.520000457763672,17.612499237060547,17.125,17.30500030517578,15.561716079711914,2714800
2012-02-24,17.252500534057617,17.469999313354492,16.842500686645508,16.96500015258789,15.25597095489502,2365600
2012-02-27,16.934999465942383,17.387500762939453,16.86750030517578,17.299999237060547,15.557221412658691,2110000
2012-02-28,17.322500228881836,17.482500076293945,17.139999389648438,17.377500534057617,15.626912117004395,2112800
2012-02-29,17.40999984741211,17.5625,17.092500686645508,17.142499923706055,15.4155912399292,2480400
2012-03-01,17.217500686645508,17.674999237060547,17.11750030517578,17.3799991607666,15.629166603088379,1930400
2012-03-02,17.389999389648438,17.6875,17.1825008392334,17.27750015258789,15.536986351013184,2253200
2012-03-05,17.15999984741211,17.22249984741211,17.0,17.127500534057617,15.402095794677734,1713200
2012-03-06,17.024999618530273,17.2450008392334,16.842500686645508,17.09000015258789,15.368375778198242,1802000
2012-03-07,17.065000534057617,17.174999237060547,16.9325008392334,17.094999313354492,15.372876167297363,1536000
2012-03-08,17.1299991607666,17.25,16.997499465942383,17.167499542236328,15.438067436218262,2642400
2012-03-09,17.147499084472656,17.497499465942383,17.092500686645508,17.3700008392334,15.620168685913086,1371200
2012-03-12,17.342500686645508,17.372499465942383,17.100000381469727,17.1924991607666,15.460546493530273,1340400
2012-03-13,17.25,17.50749969482422,17.142499923706055,17.5049991607666,15.741570472717285,1774400
2012-03-14,17.482500076293945,17.5674991607666,17.174999237060547,17.309999465942383,15.566213607788086,1910800
2012-03-15,17.40250015258789,18.15250015258789,17.282499313354492,17.989999771118164,16.17771339416504,3040800
2012-03-16,17.9375,18.084999084472656,17.375,17.447500228881836,15.689863204956055,7539200
2012-03-19,17.44499969482422,17.770000457763672,17.260000228881836,17.579999923706055,15.809017181396484,1676800
2012-03-20,17.540000915527344,17.71500015258789,17.30500030517578,17.649999618530273,15.871959686279297,1650200
2012-03-21,17.639999389648438,17.739999771118164,17.5,17.575000762939453,15.804519653320312,1228400
2012-03-22,17.524999618530273,17.645000457763672,17.25,17.299999237060547,15.557221412658691,2059400
2012-03-23,17.354999542236328,17.395000457763672,17.204999923706055,17.344999313354492,15.597684860229492,1427000
2012-03-26,17.469999313354492,17.9950008392334,17.469999313354492,17.9950008392334,16.18221092224121,1654000
2012-03-27,17.96500015258789,18.15999984741211,17.704999923706055,17.75,15.961888313293457,1190200
2012-03-28,17.815000534057617,18.239999771118164,17.674999237060547,18.03499984741211,16.218177795410156,2133800
2012-03-29,17.8799991607666,18.170000076293945,17.684999465942383,18.1200008392334,16.29461669921875,1250800
2012-03-30,18.165000915527344,18.165000915527344,17.774999618530273,17.90999984741211,16.105770111083984,1146600
2012-04-02,17.875,17.94499969482422,17.674999237060547,17.81999969482422,16.024837493896484,1587600
2012-04-03,17.81999969482422,18.28499984741211,17.81999969482422,18.049999237060547,16.231664657592773,1444600
2012-04-04,17.829999923706055,18.274999618530273,17.770000457763672,18.165000915527344,16.3350830078125,1771600
2012-04-05,18.110000610351562,18.309999465942383,17.979999542236328,18.040000915527344,16.22267723083496,1202800
2012-04-09,17.65999984741211,17.889999389648438,17.545000076293945,17.6299991607666,15.853976249694824,1530600
2012-04-10,17.635000228881836,17.71500015258789,17.114999771118164,17.125,15.399849891662598,2212000
2012-04-11,17.28499984741211,17.34000015258789,17.139999389648438,17.229999542236328,15.494272232055664,1364600
2012-04-12,17.31999969482422,17.815000534057617,17.31999969482422,17.635000228881836,15.858474731445312,1266000
2012-04-13,17.530000686645508,17.584999084472656,17.364999771118164,17.3799991607666,15.629166603088379,1060000
2012-04-16,17.420000076293945,17.704999923706055,17.344999313354492,17.450000762939453,15.692111015319824,1302200
2012-04-17,17.53499984741211,17.725000381469727,17.479999542236328,17.614999771118164,15.840487480163574,1704600
2012-04-18,17.559999465942383,17.764999389648438,17.459999084472656,17.485000610351562,15.72358512878418,1397600
2012-04-19,17.674999237060547,17.975000381469727,17.200000762939453,17.344999313354492,15.597684860229492,1953600
2012-04-20,17.549999237060547,17.729999542236328,17.19499969482422,17.2549991607666,15.516755104064941,1895800
2012-04-23,16.979999542236328,17.014999389648438,16.700000762939453,16.90999984741211,15.206507682800293,1751400
2012-04-24,16.905000686645508,17.155000686645508,16.905000686645508,16.975000381469727,15.264962196350098,1286800
2012-04-25,17.184999465942383,17.43000030517578,16.969999313354492,17.149999618530273,15.422325134277344,1218400
2012-04-26,17.110000610351562,17.260000228881836,16.934999465942383,16.9950008392334,15.282950401306152,1199200
2012-04-27,17.0049991607666,17.06999969482422,16.864999771118164,17.0,15.287443161010742,2031400
2012-04-30,17.014999389648438,17.075000762939453,16.795000076293945,16.899999618530273,15.19752025604248,2274000
2012-05-01,16.8799991607666,16.954999923706055,16.729999542236328,16.80500030517578,15.11208724975586,2708600
2012-05-02,16.7549991607666,16.8700008392334,16.325000762939453,16.510000228881836,14.846805572509766,3012000
2012-05-03,16.510000228881836,16.7549991607666,16.479999542236328,16.614999771118164,14.941225051879883,3073600
2012-05-04,16.6200008392334,16.760000228881836,16.5,16.565000534057617,14.89626407623291,2162000
2012-05-07,16.545000076293945,16.864999771118164,16.520000457763672,16.764999389648438,15.076114654541016,2101800
2012-05-08,16.704999923706055,17.114999771118164,16.684999465942383,17.049999237060547,15.332406044006348,2606800
2012-05-09,16.895000457763672,17.059999465942383,16.729999542236328,16.959999084472656,15.251469612121582,1612200
2012-05-10,17.024999618530273,17.209999084472656,16.915000915527344,17.0,15.287443161010742,1283400
2012-05-11,16.84000015258789,17.104999542236328,16.84000015258789,17.079999923706055,15.359384536743164,1004600
2012-05-14,16.889999389648438,17.059999465942383,16.889999389648438,16.96500015258789,15.25597095489502,1052400
2012-05-15,17.024999618530273,17.079999923706055,16.774999618530273,16.809999465942383,15.116581916809082,981200
2012-05-16,16.850000381469727,17.225000381469727,16.774999618530273,16.854999542236328,15.157051086425781,1230600
2012-05-17,16.825000762939453,16.850000381469727,16.045000076293945,16.100000381469727,14.478111267089844,1508200
2012-05-18,16.06999969482422,16.389999389648438,15.954999923706055,16.170000076293945,14.541056632995605,2745800
2012-05-21,16.165000915527344,16.454999923706055,16.110000610351562,16.3799991607666,14.729901313781738,1361600
2012-05-22,16.40999984741211,16.5049991607666,16.145000457763672,16.225000381469727,14.590517044067383,1003600
2012-05-23,16.094999313354492,16.15999984741211,15.645000457763672,16.114999771118164,14.491594314575195,1626000
2012-05-24,16.204999923706055,16.959999084472656,16.19499969482422,16.920000076293945,15.215500831604004,1953800
2012-05-25,16.920000076293945,17.15999984741211,16.84000015258789,16.979999542236328,15.269455909729004,1156600
2012-05-29,17.05500030517578,17.200000762939453,16.954999923706055,17.065000534057617,15.34589672088623,1466600
2012-05-30,16.954999923706055,17.075000762939453,16.725000381469727,16.809999465942383,15.116581916809082,1373200
2012-05-31,16.899999618530273,17.274999618530273,16.790000915527344,17.149999618530273,15.422325134277344,2012400
2012-06-01,16.864999771118164,17.09000015258789,16.825000762939453,16.905000686645508,15.202013969421387,1491800
2012-06-04,16.985000610351562,17.0049991607666,16.079999923706055,16.18000030517578,14.550048828125,1725800
2012-06-05,16.219999313354492,16.420000076293945,16.094999313354492,16.315000534057617,14.6714506149292,1301000
2012-06-06,16.434999465942383,16.7450008392334,16.334999084472656,16.735000610351562,15.049139976501465,1215200
2012-06-07,16.915000915527344,17.075000762939453,16.725000381469727,16.899999618530273,15.19752025604248,1903800
2012-06-08,17.145000457763672,17.5,17.014999389648438,17.364999771118164,15.615673065185547,1806400
2012-06-11,17.5,17.829999923706055,17.229999542236328,17.28499984741211,15.54373550415039,2258200
2012-06-12,17.325000762939453,17.6299991607666,17.209999084472656,17.360000610351562,15.611184120178223,1366400
2012-06-13,17.399999618530273,17.729999542236328,17.270000457763672,17.5,15.737074851989746,1441400
2012-06-14,17.760000228881836,17.795000076293945,17.459999084472656,17.604999542236328,15.831496238708496,2099000
2012-06-15,17.670000076293945,17.68000030517578,17.264999389648438,17.290000915527344,15.548233032226562,2013800
2012-06-18,17.18000030517578,17.684999465942383,17.1200008392334,17.625,15.849474906921387,1876000
2012-06-19,17.719999313354492,17.950000762939453,17.520000457763672,17.8799991607666,16.07878875732422,1361400
2012-06-20,17.905000686645508,18.165000915527344,17.700000762939453,18.049999237060547,16.231664657592773,1635200
2012-06-21,18.125,18.25,17.959999084472656,17.989999771118164,16.17771339416504,2377400
2012-06-22,18.18000030517578,18.204999923706055,18.049999237060547,18.065000534057617,16.245153427124023,6309600
2012-06-25,17.93000030517578,18.0049991607666,17.489999771118164,17.639999389648438,15.862972259521484,1250000
2012-06-26,17.639999389648438,17.93000030517578,17.59000015258789,17.854999542236328,16.056312561035156,1298000
2012-06-27,17.954999923706055,18.19499969482422,17.790000915527344,18.1200008392334,16.29461669921875,1525400
2012-06-28,18.0,18.110000610351562,17.665000915527344,18.0,16.186702728271484,1388200
2012-06-29,18.235000610351562,18.235000610351562,17.825000762939453,17.950000762939453,16.14174461364746,1690800
2012-07-02,18.059999465942383,18.270000457763672,17.920000076293945,18.21500015258789,16.380046844482422,1593400
2012-07-03,18.25,18.389999389648438,18.020000457763672,18.375,16.523927688598633,1257600
2012-07-05,18.395000457763672,18.81999969482422,18.30500030517578,18.809999465942383,16.91510581970215,2833000
2012-07-06,18.635000228881836,19.229999542236328,18.635000228881836,18.979999542236328,17.06797981262207,2238000
2012-07-09,18.829999923706055,18.829999923706055,17.850000381469727,18.06999969482422,16.249650955200195,3523400
2012-07-10,18.020000457763672,18.190000534057617,17.594999313354492,17.850000381469727,16.051815032958984,2186800
2012-07-11,17.924999237060547,18.364999771118164,17.844999313354492,18.299999237060547,16.45648193359375,3017200
2012-07-12,18.139999389648438,18.434999465942383,17.954999923706055,18.229999542236328,16.393531799316406,1811400
2012-07-13,18.309999465942383,18.575000762939453,18.309999465942383,18.479999542236328,16.618350982666016,1412600
2012-07-16,18.4950008392334,18.815000534057617,18.389999389648438,18.6299991607666,16.753232955932617,1123000
2012-07-17,18.7450008392334,18.78499984741211,18.364999771118164,18.614999771118164,16.739749908447266,1109200
2012-07-18,18.6200008392334,19.020000457763672,18.575000762939453,18.674999237060547,16.79370880126953,1881200
2012-07-19,18.7549991607666,18.920000076293945,18.2450008392334,18.2450008392334,16.40702247619629,2450000
2012-07-20,18.200000762939453,18.25,17.875,17.90999984741211,16.105770111083984,1930200
2012-07-23,17.719999313354492,17.8700008392334,17.389999389648438,17.780000686645508,15.988862991333008,1727400
2012-07-24,17.829999923706055,17.850000381469727,17.104999542236328,17.344999313354492,15.597684860229492,1639000
2012-07-25,17.450000762939453,17.524999618530273,17.104999542236328,17.225000381469727,15.489776611328125,2060000
2012-07-26,17.510000228881836,17.645000457763672,17.0,17.309999465942383,15.566213607788086,1569000
2012-07-27,17.28499984741211,17.670000076293945,17.024999618530273,17.540000915527344,15.77304458618164,1138400
2012-07-30,17.489999771118164,17.770000457763672,17.280000686645508,17.469999313354492,15.710095405578613,1926800
2012-07-31,17.479999542236328,17.55500030517578,17.3700008392334,17.424999237060547,15.669626235961914,1600400
2012-08-01,17.530000686645508,17.575000762939453,16.959999084472656,16.985000610351562,15.273958206176758,1608200
2012-08-02,16.850000381469727,17.170000076293945,16.770000457763672,16.889999389648438,15.188521385192871,1589200
2012-08-03,17.03499984741211,17.309999465942383,17.020000457763672,17.21500015258789,15.480786323547363,1046800
2012-08-06,17.25,17.510000228881836,17.25,17.424999237060547,15.669626235961914,1505200
2012-08-07,17.454999923706055,17.55500030517578,17.315000534057617,17.415000915527344,15.660636901855469,2568800
2012-08-08,17.315000534057617,17.540000915527344,17.200000762939453,17.290000915527344,15.548233032226562,2738800
2012-08-09,17.204999923706055,17.329999923706055,17.104999542236328,17.155000686645508,15.426830291748047,1667800
2012-08-10,17.155000686645508,17.375,16.905000686645508,17.09000015258789,15.368375778198242,1060800
2012-08-13,17.020000457763672,17.15999984741211,16.854999542236328,17.049999237060547,15.332406044006348,1048200
2012-08-14,17.114999771118164,17.204999923706055,16.93000030517578,16.985000610351562,15.273958206176758,955800
2012-08-15,17.0,17.155000686645508,16.94499969482422,17.05500030517578,15.336902618408203,1151400
2012-08-16,17.075000762939453,17.145000457763672,16.915000915527344,17.094999313354492,15.372876167297363,891400
2012-08-17,17.045000076293945,17.104999542236328,16.905000686645508,17.09000015258789,15.368375778198242,1004200
2012-08-20,17.100000381469727,17.520000457763672,17.049999237060547,17.385000228881836,15.633663177490234,1155200
2012-08-21,17.389999389648438,17.790000915527344,17.360000610351562,17.40999984741211,15.65613842010498,1184800
2012-08-22,17.364999771118164,17.399999618530273,17.094999313354492,17.235000610351562,15.498770713806152,899800
2012-08-23,17.190000534057617,17.299999237060547,16.94499969482422,17.020000457763672,15.305427551269531,1016800
2012-08-24,16.950000762939453,17.170000076293945,16.899999618530273,17.03499984741211,15.318915367126465,597600
2012-08-27,17.200000762939453,17.2549991607666,16.90999984741211,16.954999923706055,15.246979713439941,1014400
2012-08-28,16.895000457763672,16.969999313354492,16.690000534057617,16.790000915527344,15.098601341247559,1200600
2012-08-29,16.770000457763672,16.844999313354492,16.545000076293945,16.75,15.062627792358398,882200
2012-08-30,16.719999313354492,16.8700008392334,16.604999542236328,16.774999618530273,15.085110664367676,563600
2012-08-31,16.885000228881836,17.020000457763672,16.725000381469727,16.774999618530273,15.085110664367676,611400
2012-09-04,16.71500015258789,16.809999465942383,16.344999313354492,16.7450008392334,15.058130264282227,1154400
2012-09-05,16.68000030517578,17.1299991607666,16.65999984741211,16.915000915527344,15.211008071899414,1495800
2012-09-06,16.940000534057617,17.360000610351562,16.915000915527344,17.18000030517578,15.449307441711426,1064400
2012-09-07,17.264999389648438,17.440000534057617,17.114999771118164,17.395000457763672,15.64264965057373,875600
2012-09-10,17.424999237060547,17.739999771118164,17.325000762939453,17.40999984741211,15.65613842010498,1123400
2012-09-11,17.325000762939453,17.450000762939453,17.170000076293945,17.229999542236328,15.494272232055664,1071800
2012-09-12,17.219999313354492,17.420000076293945,17.219999313354492,17.360000610351562,15.611184120178223,877600
2012-09-13,17.334999084472656,17.524999618530273,17.170000076293945,17.434999465942383,15.678625106811523,769200
2012-09-14,17.434999465942383,17.434999465942383,17.0,17.290000915527344,15.548233032226562,1897200
2012-09-17,17.25,17.315000534057617,17.075000762939453,17.209999084472656,15.47628402709961,1129800
2012-09-18,17.145000457763672,17.239999771118164,16.885000228881836,17.040000915527344,15.323412895202637,1266200
2012-09-19,17.15999984741211,17.385000228881836,17.094999313354492,17.2549991607666,15.516755104064941,1345000
2012-09-20,17.135000228881836,17.260000228881836,17.0,17.059999465942383,15.341401100158691,872000
2012-09-21,17.174999237060547,17.229999542236328,16.790000915527344,16.860000610351562,15.161543846130371,1369600
2012-09-24,16.764999389648438,16.959999084472656,16.385000228881836,16.815000534057617,15.12108039855957,1702800
2012-09-25,16.860000610351562,17.049999237060547,16.670000076293945,16.834999084472656,15.139067649841309,2041400
2012-09-26,16.975000381469727,17.950000762939453,16.969999313354492,17.8700008392334,16.069799423217773,2362600
2012-09-27,17.934999465942383,17.969999313354492,17.704999923706055,17.764999389648438,15.975377082824707,1217000
2012-09-28,17.655000686645508,17.7450008392334,17.520000457763672,17.530000686645508,15.764052391052246,1430600
2012-10-01,17.469999313354492,17.655000686645508,17.28499984741211,17.584999084472656,15.813507080078125,1748400
2012-10-02,17.6200008392334,17.860000610351562,17.600000381469727,17.84000015258789,16.042818069458008,947000
2012-10-03,17.979999542236328,18.415000915527344,17.764999389648438,18.204999923706055,16.37105369567871,1384000
2012-10-04,18.204999923706055,18.270000457763672,17.985000610351562,18.145000457763672,16.31709861755371,942000
2012-10-05,18.235000610351562,18.579999923706055,18.165000915527344,18.260000228881836,16.42051124572754,672000
2012-10-08,18.239999771118164,18.56999969482422,18.145000457763672,18.475000381469727,16.613855361938477,1593600
2012-10-09,18.389999389648438,18.395000457763672,18.0,18.21500015258789,16.380046844482422,1123800
2012-10-10,18.25,18.389999389648438,17.924999237060547,18.28499984741211,16.4429931640625,1134000
2012-10-11,18.309999465942383,18.385000228881836,18.139999389648438,18.280000686645508,16.438499450683594,881400
2012-10-12,18.329999923706055,18.5049991607666,18.21500015258789,18.40999984741211,16.555400848388672,647600
2012-10-15,18.510000228881836,18.584999084472656,18.295000076293945,18.549999237060547,16.68130111694336,643400
2012-10-16,18.625,18.735000610351562,18.454999923706055,18.729999542236328,16.843170166015625,1140200
2012-10-17,18.739999771118164,18.885000228881836,18.450000762939453,18.885000228881836,16.982547760009766,1112600
2012-10-18,18.899999618530273,19.204999923706055,18.899999618530273,19.084999084472656,17.162395477294922,1351200
2012-10-19,19.045000076293945,19.09000015258789,18.790000915527344,18.885000228881836,16.982547760009766,1194200
2012-10-22,18.81999969482422,19.200000762939453,18.799999237060547,19.040000915527344,17.121932983398438,1262400
2012-10-23,18.9950008392334,19.184999465942383,18.760000228881836,19.110000610351562,17.18488121032715,1260000
2012-10-24,19.219999313354492,19.295000076293945,19.065000534057617,19.174999237060547,17.24333381652832,1392000
2012-10-25,19.149999618530273,19.21500015258789,18.834999084472656,19.084999084472656,17.162395477294922,1402800
2012-10-26,19.059999465942383,19.165000915527344,18.625,19.145000457763672,17.216360092163086,2113600
2012-10-31,19.024999618530273,19.19499969482422,18.625,19.1200008392334,17.193878173828125,1515800
2012-11-01,19.125,19.5,18.825000762939453,19.5,17.535593032836914,2068800
2012-11-02,19.559999465942383,19.690000534057617,19.40999984741211,19.520000457763672,17.55358123779297,1334200
2012-11-05,19.584999084472656,20.06999969482422,19.545000076293945,20.065000534057617,18.043672561645508,2141600
2012-11-06,20.094999313354492,20.75,19.885000228881836,20.729999542236328,18.641687393188477,2213800
2012-11-07,20.584999084472656,20.584999084472656,20.045000076293945,20.225000381469727,18.187559127807617,1898400
2012-11-08,20.2450008392334,20.719999313354492,20.110000610351562,20.579999923706055,18.506793975830078,2022800
2012-11-09,20.479999542236328,20.729999542236328,20.18000030517578,20.344999313354492,18.295475006103516,1566600
2012-11-12,20.450000762939453,20.75,20.295000076293945,20.670000076293945,18.587732315063477,1435800
2012-11-13,20.59000015258789,21.239999771118164,20.4950008392334,20.65999984741211,18.578737258911133,1856400
2012-11-14,20.704999923706055,20.96500015258789,20.209999084472656,20.260000228881836,18.219036102294922,1863800
2012-11-15,20.25,20.75,20.03499984741211,20.440000534057617,18.380903244018555,1922000
2012-11-16,20.375,20.389999389648438,19.780000686645508,20.360000610351562,18.3089599609375,1988000
2012-11-19,20.44499969482422,20.770000457763672,20.44499969482422,20.764999389648438,18.67316246032715,1756400
2012-11-20,20.71500015258789,20.94499969482422,20.545000076293945,20.90999984741211,18.803552627563477,1662000
2012-11-21,20.899999618530273,20.93000030517578,20.700000762939453,20.905000686645508,18.799055099487305,818800
2012-11-23,21.0,21.264999389648438,20.84000015258789,21.2450008392334,19.104808807373047,636800
2012-11-26,21.2450008392334,21.360000610351562,20.719999313354492,21.239999771118164,19.100309371948242,1164000
2012-11-27,21.15999984741211,21.375,21.094999313354492,21.135000228881836,19.005891799926758,1012200
2012-11-28,21.135000228881836,21.28499984741211,20.899999618530273,21.280000686645508,19.13628387451172,1643400
2012-11-29,21.389999389648438,21.399999618530273,21.114999771118164,21.30500030517578,19.158761978149414,959600
2012-11-30,21.309999465942383,21.53499984741211,21.135000228881836,21.375,19.221712112426758,3951400
2012-12-03,21.440000534057617,21.489999771118164,21.104999542236328,21.25,19.109304428100586,1196400
2012-12-04,21.30500030517578,21.4950008392334,21.024999618530273,21.295000076293945,19.149770736694336,1263200
2012-12-05,21.325000762939453,21.454999923706055,21.170000076293945,21.235000610351562,19.095809936523438,1409200
2012-12-06,21.225000381469727,21.420000076293945,21.135000228881836,21.260000228881836,19.11829948425293,1186200
2012-12-07,21.375,21.44499969482422,21.079999923706055,21.25,19.109304428100586,1364000
2012-12-10,21.219999313354492,21.399999618530273,21.05500030517578,21.274999618530273,19.13178253173828,1109400
2012-12-11,21.3799991607666,21.834999084472656,21.225000381469727,21.71500015258789,19.527462005615234,1160400
2012-12-12,21.69499969482422,21.915000915527344,21.520000457763672,21.559999465942383,19.388072967529297,828800
2012-12-13,21.524999618530273,21.934999465942383,21.524999618530273,21.670000076293945,19.48699188232422,761200
2012-12-14,21.604999542236328,21.80500030517578,21.344999313354492,21.579999923706055,19.406057357788086,1152800
2012-12-17,21.700000762939453,22.1200008392334,21.68000030517578,21.989999771118164,19.774751663208008,1264400
2012-12-18,22.020000457763672,22.209999084472656,21.920000076293945,22.184999465942383,19.95011329650879,1741800
2012-12-19,22.15999984741211,22.575000762939453,22.155000686645508,22.399999618530273,20.143449783325195,1552000
2012-12-20,22.434999465942383,22.520000457763672,22.174999237060547,22.459999084472656,20.197412490844727,1093800
2012-12-21,22.309999465942383,22.325000762939453,22.045000076293945,22.209999084472656,19.972593307495117,2223600
2012-12-24,22.165000915527344,22.2450008392334,21.96500015258789,22.075000762939453,19.8511962890625,380800
2012-12-26,22.05500030517578,22.170000076293945,21.670000076293945,21.739999771118164,19.549938201904297,1166800
2012-12-27,21.729999542236328,21.8700008392334,21.459999084472656,21.6299991607666,19.451021194458008,878200
2012-12-28,21.59000015258789,21.625,21.315000534057617,21.364999771118164,19.212717056274414,1180000
2012-12-31,21.415000915527344,21.635000228881836,21.315000534057617,21.545000076293945,19.37458610534668,1383200
2013-01-02,22.014999389648438,22.110000610351562,21.799999237060547,21.969999313354492,19.756771087646484,2173400
2013-01-03,22.014999389648438,22.40999984741211,21.65999984741211,22.3799991607666,20.125471115112305,2602600
2013-01-04,22.375,22.75,22.344999313354492,22.690000534057617,20.40424156188965,1215000
2013-01-07,22.68000030517578,23.44499969482422,22.68000030517578,23.174999237060547,20.840383529663086,2080200
2013-01-08,23.145000457763672,23.55500030517578,22.954999923706055,23.0,20.68301010131836,1748000
2013-01-09,23.079999923706055,23.2450008392334,23.030000686645508,23.155000686645508,20.822399139404297,1069200
2013-01-10,23.2549991607666,23.3700008392334,22.969999313354492,22.985000610351562,20.66952133178711,1035200
2013-01-11,23.084999084472656,23.43000030517578,23.0,23.420000076293945,21.060697555541992,1421200
2013-01-14,23.424999237060547,23.469999313354492,23.084999084472656,23.21500015258789,20.87635040283203,1008800
2013-01-15,23.225000381469727,23.489999771118164,22.905000686645508,23.350000381469727,20.997753143310547,860800
2013-01-16,23.354999542236328,23.56999969482422,23.200000762939453,23.489999771118164,21.12364959716797,1060200
2013-01-17,23.6200008392334,23.684999465942383,23.395000457763672,23.520000457763672,21.150625228881836,1293800
2013-01-18,23.479999542236328,23.520000457763672,23.174999237060547,23.31999969482422,20.970775604248047,1258800
2013-01-22,23.389999389648438,23.704999923706055,23.19499969482422,23.59000015258789,21.213577270507812,1733800
2013-01-23,23.704999923706055,23.704999923706055,23.219999313354492,23.325000762939453,20.97527503967285,1288800
2013-01-24,23.375,23.915000915527344,22.854999542236328,23.19499969482422,20.858366012573242,1729800
2013-01-25,23.190000534057617,23.450000762939453,22.725000381469727,23.30500030517578,20.957286834716797,1888200
2013-01-28,23.385000228881836,23.760000228881836,23.270000457763672,23.53499984741211,21.164119720458984,1687400
2013-01-29,23.344999313354492,23.4950008392334,22.975000381469727,23.18000030517578,20.844881057739258,1312600
2013-01-30,23.18000030517578,23.28499984741211,22.940000534057617,23.030000686645508,20.70998764038086,862800
2013-01-31,23.065000534057617,23.25,22.90999984741211,23.065000534057617,20.741464614868164,970800
2013-02-01,23.155000686645508,23.55500030517578,23.135000228881836,23.28499984741211,20.93929672241211,1484800
2013-02-04,23.05500030517578,23.34000015258789,22.885000228881836,23.2549991607666,20.912321090698242,1285400
2013-02-05,23.325000762939453,23.71500015258789,23.260000228881836,23.43000030517578,21.0696964263916,952600
2013-02-06,23.290000915527344,23.790000915527344,23.290000915527344,23.709999084472656,21.321481704711914,970000
2013-02-07,23.594999313354492,24.010000228881836,23.55500030517578,23.899999618530273,21.492340087890625,1174400
2013-02-08,23.9950008392334,24.434999465942383,23.940000534057617,24.334999084472656,21.88352394104004,1012600
2013-02-11,24.40999984741211,24.604999542236328,24.1200008392334,24.399999618530273,21.94197654724121,1125000
2013-02-12,24.405000686645508,24.559999465942383,24.270000457763672,24.43000030517578,21.968950271606445,1280200
2013-02-13,24.440000534057617,24.760000228881836,24.385000228881836,24.760000228881836,22.265710830688477,1146800
2013-02-14,24.665000915527344,24.68000030517578,24.149999618530273,24.354999542236328,21.90151023864746,1206000
2013-02-15,24.46500015258789,24.885000228881836,24.440000534057617,24.489999771118164,22.02290916442871,1269800
2013-02-19,24.459999084472656,25.15999984741211,24.31999969482422,25.149999618530273,22.616426467895508,1416200
2013-02-20,25.104999542236328,25.334999084472656,24.579999923706055,24.625,22.144309997558594,1034200
2013-02-21,24.80500030517578,24.975000381469727,24.56999969482422,24.81999969482422,22.319665908813477,1192400
2013-02-22,24.96500015258789,25.405000686645508,24.899999618530273,25.399999618530273,22.841232299804688,1261000
2013-02-25,25.475000381469727,25.760000228881836,24.7549991607666,24.774999618530273,22.279199600219727,1452200
2013-02-26,24.93000030517578,25.100000381469727,24.549999237060547,24.9950008392334,22.477041244506836,1853400
2013-02-27,24.920000076293945,25.895000457763672,24.920000076293945,25.719999313354492,23.128999710083008,1560600
2013-02-28,25.75,25.979999542236328,25.645000457763672,25.774999618530273,23.17845916748047,1862400
2013-03-01,25.68000030517578,26.360000610351562,25.655000686645508,26.200000762939453,23.560646057128906,1695000
2013-03-04,26.260000228881836,27.309999465942383,26.045000076293945,27.264999389648438,24.518360137939453,2497400
2013-03-05,27.395000457763672,28.1200008392334,27.295000076293945,27.924999237060547,25.111875534057617,2583800
2013-03-06,28.084999084472656,28.270000457763672,27.639999389648438,27.84000015258789,25.03543472290039,1924400
2013-03-07,27.899999618530273,28.024999618530273,27.665000915527344,28.014999389648438,25.192808151245117,1024800
2013-03-08,28.299999237060547,28.780000686645508,28.21500015258789,28.75,25.85376739501953,1817600
2013-03-11,28.559999465942383,28.725000381469727,28.385000228881836,28.55500030517578,25.67840576171875,1198000
2013-03-12,28.489999771118164,28.709999084472656,28.3700008392334,28.514999389648438,25.642438888549805,1227800
2013-03-13,28.71500015258789,29.940000534057617,28.71500015258789,29.729999542236328,26.735044479370117,2302400
2013-03-14,29.7549991607666,29.8799991607666,29.5,29.774999618530273,26.775503158569336,1690000
2013-03-15,29.764999389648438,29.875,29.420000076293945,29.6200008392334,26.63612174987793,1885200
2013-03-18,29.415000915527344,30.395000457763672,29.059999465942383,30.290000915527344,27.23862648010254,1182600
2013-03-19,30.424999237060547,30.815000534057617,30.024999618530273,30.459999084472656,27.391498565673828,1299200
2013-03-20,30.674999237060547,31.530000686645508,30.469999313354492,31.5,28.32672882080078,1905800
2013-03-21,31.354999542236328,31.639999389648438,30.725000381469727,30.924999237060547,27.809654235839844,1223800
2013-03-22,31.065000534057617,31.4950008392334,30.969999313354492,31.424999237060547,28.2592830657959,1042200
2013-03-25,31.584999084472656,31.809999465942383,31.020000457763672,31.15999984741211,28.020984649658203,1385200
2013-03-26,31.299999237060547,31.739999771118164,31.15999984741211,31.395000457763672,28.23230743408203,1466200
2013-03-27,31.190000534057617,31.7450008392334,31.020000457763672,31.645000457763672,28.457122802734375,735600
2013-03-28,31.815000534057617,32.275001525878906,31.815000534057617,31.979999542236328,28.758378982543945,1245800
2013-04-01,31.875,32.25,31.670000076293945,31.799999237060547,28.59650993347168,1364800
2013-04-02,31.485000610351562,31.559999465942383,29.415000915527344,29.6299991607666,26.645109176635742,3937600
2013-04-03,29.735000610351562,30.149999618530273,28.6299991607666,28.90999984741211,25.99764060974121,2820000
2013-04-04,28.829999923706055,29.954999923706055,28.760000228881836,29.934999465942383,26.919387817382812,1438400
2013-04-05,29.229999542236328,29.709999084472656,28.354999542236328,29.684999465942383,26.6945743560791,1144800
2013-04-08,29.770000457763672,30.1299991607666,29.46500015258789,30.104999542236328,27.0722599029541,1330000
2013-04-09,30.364999771118164,30.420000076293945,29.450000762939453,29.524999618530273,26.550687789916992,1217200
2013-04-10,29.530000686645508,29.975000381469727,29.459999084472656,29.850000381469727,26.84295082092285,1566600
2013-04-11,29.815000534057617,30.204999923706055,29.559999465942383,29.690000534057617,26.699071884155273,1289000
2013-04-12,29.549999237060547,29.979999542236328,29.31999969482422,29.56999969482422,26.591156005859375,1191200
2013-04-15,29.530000686645508,29.860000610351562,28.174999237060547,28.315000534057617,25.46258544921875,2257400
2013-04-16,29.125,30.674999237060547,28.915000915527344,30.559999465942383,27.481428146362305,3660600
2013-04-17,30.405000686645508,30.43000030517578,29.5,29.920000076293945,26.90589714050293,2121600
2013-04-18,29.905000686645508,29.969999313354492,29.239999771118164,29.354999542236328,26.39781951904297,1485400
2013-04-19,29.405000686645508,30.399999618530273,29.06999969482422,30.174999237060547,27.135208129882812,1615800
2013-04-22,30.174999237060547,30.225000381469727,29.31999969482422,29.790000915527344,26.788991928100586,1394600
2013-04-23,29.844999313354492,30.844999313354492,29.6299991607666,30.56999969482422,27.490415573120117,1728400
2013-04-24,30.524999618530273,30.625,30.014999389648438,30.440000534057617,27.37351417541504,1374400
2013-04-25,30.645000457763672,31.065000534057617,30.05500030517578,30.1200008392334,27.08574867248535,1468600
2013-04-26,30.209999084472656,30.614999771118164,29.924999237060547,30.329999923706055,27.27458953857422,1352000
2013-04-29,30.34000015258789,30.774999618530273,30.34000015258789,30.579999923706055,27.499414443969727,1132000
2013-04-30,30.610000610351562,30.889999389648438,30.290000915527344,30.81999969482422,27.71523666381836,1238400
2013-05-01,30.81999969482422,30.985000610351562,29.68000030517578,29.864999771118164,26.8564395904541,1651200
2013-05-02,30.049999237060547,30.424999237060547,29.78499984741211,30.350000381469727,27.292585372924805,970600
2013-05-03,30.670000076293945,31.424999237060547,30.565000534057617,31.364999771118164,28.205331802368164,1596800
2013-05-06,31.5,33.2400016784668,31.3799991607666,33.07500076293945,29.74306297302246,3252800
2013-05-07,33.2400016784668,33.83000183105469,33.150001525878906,33.73500061035156,30.336585998535156,2261200
2013-05-08,33.73500061035156,34.0,33.3849983215332,33.665000915527344,30.273635864257812,1825600
2013-05-09,33.720001220703125,33.900001525878906,32.85499954223633,32.915000915527344,29.59918975830078,1206800
2013-05-10,33.08000183105469,33.470001220703125,32.95000076293945,33.07500076293945,29.74306297302246,1238000
2013-05-13,32.61000061035156,33.32500076293945,32.54999923706055,32.959999084472656,29.63965606689453,1720400
2013-05-14,32.915000915527344,33.189998626708984,32.255001068115234,32.73500061035156,29.43731689453125,1816000
2013-05-15,32.59000015258789,33.970001220703125,32.57500076293945,32.95500183105469,29.635160446166992,2182200
2013-05-16,32.959999084472656,33.14500045776367,31.815000534057617,31.975000381469727,28.75387954711914,1819800
2013-05-17,32.07500076293945,32.779998779296875,32.06999969482422,32.60499954223633,29.320419311523438,1917400
2013-05-20,32.61000061035156,32.904998779296875,29.614999771118164,29.864999771118164,26.8564395904541,6260400
2013-05-21,29.625,29.850000381469727,27.96500015258789,29.270000457763672,26.321386337280273,5833200
2013-05-22,29.299999237060547,29.875,28.59000015258789,28.780000686645508,25.88074493408203,2385800
2013-05-23,28.450000762939453,29.690000534057617,28.354999542236328,29.579999923706055,26.600154876708984,2783000
2013-05-24,29.1299991607666,29.350000381469727,28.610000610351562,29.315000534057617,26.36184310913086,1224800
2013-05-28,29.635000228881836,29.704999923706055,28.0,28.094999313354492,25.264745712280273,2817400
2013-05-29,27.934999465942383,28.309999465942383,27.575000762939453,27.975000381469727,25.156829833984375,2218400
2013-05-30,27.954999923706055,28.43000030517578,27.954999923706055,28.1200008392334,25.287229537963867,1260000
2013-05-31,28.024999618530273,29.135000228881836,27.8799991607666,28.40999984741211,25.548015594482422,1934200
2013-06-03,28.475000381469727,28.834999084472656,27.815000534057617,28.209999084472656,25.368167877197266,2706000
2013-06-04,28.290000915527344,28.920000076293945,28.010000228881836,28.2549991607666,25.408628463745117,1513000
2013-06-05,28.139999389648438,28.2549991607666,27.350000381469727,27.475000381469727,24.707204818725586,1430800
2013-06-06,27.424999237060547,27.864999771118164,26.729999542236328,27.395000457763672,24.63526725769043,1635000
2013-06-07,27.700000762939453,28.80500030517578,27.520000457763672,28.704999923706055,25.813295364379883,1729800
2013-06-10,28.700000762939453,29.1200008392334,28.03499984741211,28.125,25.291725158691406,1201000
2013-06-11,27.665000915527344,28.364999771118164,27.235000610351562,28.135000228881836,25.30072021484375,1768600
2013-06-12,28.3799991607666,28.69499969482422,28.020000457763672,28.200000762939453,25.359169006347656,1210000
2013-06-13,28.200000762939453,28.649999618530273,27.950000762939453,28.46500015258789,25.59747314453125,996600
2013-06-14,28.46500015258789,28.860000610351562,27.864999771118164,28.010000228881836,25.188308715820312,993400
2013-06-17,28.229999542236328,28.360000610351562,27.360000610351562,27.665000915527344,24.878063201904297,990600
2013-06-18,27.735000610351562,28.25,27.415000915527344,28.139999389648438,25.30521011352539,935200
2013-06-19,28.049999237060547,28.155000686645508,27.405000686645508,27.415000915527344,24.653249740600586,1351000
2013-06-20,27.170000076293945,27.170000076293945,26.575000762939453,26.780000686645508,24.08221435546875,1327400
2013-06-21,26.954999923706055,26.96500015258789,25.479999542236328,26.075000762939453,23.4482364654541,2769200
2013-06-24,25.520000457763672,25.7450008392334,25.155000686645508,25.479999542236328,22.913175582885742,1728800
2013-06-25,25.674999237060547,25.854999542236328,25.43000030517578,25.594999313354492,23.01659393310547,1804200
2013-06-26,25.864999771118164,25.8700008392334,25.19499969482422,25.209999084472656,22.67037582397461,1550400
2013-06-27,25.440000534057617,26.065000534057617,25.260000228881836,26.045000076293945,23.42125701904297,2371800
2013-06-28,26.024999618530273,26.450000762939453,25.729999542236328,26.0,23.380796432495117,13313200
2013-07-01,26.100000381469727,26.934999465942383,26.040000915527344,26.424999237060547,23.762977600097656,1919000
2013-07-02,26.44499969482422,26.53499984741211,25.920000076293945,25.975000381469727,23.35831069946289,1999600
2013-07-03,25.645000457763672,26.149999618530273,25.579999923706055,25.90999984741211,23.299861907958984,1149600
2013-07-05,26.25,26.290000915527344,25.854999542236328,26.139999389648438,23.506690979003906,612400
2013-07-08,26.200000762939453,26.399999618530273,25.950000762939453,25.975000381469727,23.35831069946289,1879200
2013-07-09,26.299999237060547,28.530000686645508,26.299999237060547,27.96500015258789,25.14784812927246,3974800
2013-07-10,27.815000534057617,28.969999313354492,27.575000762939453,28.770000457763672,25.87175178527832,3138000
2013-07-11,29.28499984741211,29.834999084472656,28.75,29.780000686645508,26.78000259399414,3050800
2013-07-12,29.989999771118164,31.09000015258789,29.915000915527344,30.53499984741211,27.458942413330078,3161600
2013-07-15,30.559999465942383,30.790000915527344,30.25,30.53499984741211,27.458942413330078,1500600
2013-07-16,30.645000457763672,30.950000762939453,29.96500015258789,30.079999923706055,27.049781799316406,1607200
2013-07-17,30.100000381469727,30.979999542236328,30.045000076293945,30.854999542236328,27.7467041015625,1951800
2013-07-18,30.875,31.479999542236328,30.729999542236328,30.934999465942383,27.818647384643555,1944600
2013-07-19,30.5,31.020000457763672,30.389999389648438,30.625,27.539878845214844,1276600
2013-07-22,30.75,31.110000610351562,30.489999771118164,31.079999923706055,27.949039459228516,1238600
2013-07-23,31.334999084472656,31.385000228881836,30.530000686645508,31.0,27.877098083496094,1303400
2013-07-24,31.200000762939453,31.475000381469727,30.559999465942383,30.579999923706055,27.499414443969727,1393600
2013-07-25,30.600000381469727,30.924999237060547,29.334999084472656,30.184999465942383,27.144203186035156,2119000
2013-07-26,29.969999313354492,31.385000228881836,29.809999465942383,31.290000915527344,28.13788604736328,1372600
2013-07-29,31.110000610351562,31.235000610351562,29.729999542236328,29.774999618530273,26.775503158569336,2285800
2013-07-30,29.969999313354492,30.34000015258789,29.524999618530273,30.139999389648438,27.103736877441406,1393000
2013-07-31,30.399999618530273,30.94499969482422,30.149999618530273,30.584999084472656,27.50390625,1390600
2013-08-01,30.7549991607666,31.625,30.719999313354492,31.209999084472656,28.065942764282227,1562200
2013-08-02,31.03499984741211,31.594999313354492,30.280000686645508,31.559999465942383,28.471912384033203,1524200
2013-08-05,31.360000610351562,31.729999542236328,30.80500030517578,31.020000457763672,27.98474884033203,1844400
2013-08-06,31.014999389648438,31.139999389648438,29.975000381469727,30.385000228881836,27.411888122558594,1890200
2013-08-07,30.350000381469727,30.674999237060547,29.829999923706055,30.53499984741211,27.547208786010742,1174200
2013-08-08,30.969999313354492,31.165000915527344,30.7450008392334,30.959999084472656,27.930618286132812,1969600
2013-08-09,30.809999465942383,30.959999084472656,30.030000686645508,30.094999313354492,27.150264739990234,1513000
2013-08-12,30.0,30.760000228881836,29.8700008392334,30.30500030517578,27.33971405029297,2186400
2013-08-13,30.454999923706055,30.475000381469727,28.260000228881836,29.34000015258789,26.469133377075195,6106000
2013-08-14,29.239999771118164,29.614999771118164,28.53499984741211,29.280000686645508,26.415014266967773,2737800
2013-08-15,28.979999542236328,29.31999969482422,28.415000915527344,28.954999923706055,26.121809005737305,2129600
2013-08-16,28.940000534057617,29.510000228881836,28.940000534057617,29.2450008392334,26.383432388305664,1033600
2013-08-19,29.334999084472656,29.34000015258789,28.65999984741211,28.69499969482422,25.887250900268555,881000
2013-08-20,28.825000762939453,29.469999313354492,28.739999771118164,29.219999313354492,26.360877990722656,1255000
2013-08-21,29.204999923706055,29.514999389648438,29.024999618530273,29.325000762939453,26.455604553222656,809000
2013-08-22,29.450000762939453,30.135000228881836,29.440000534057617,30.125,27.177330017089844,834800
2013-08-23,30.18000030517578,30.530000686645508,29.969999313354492,30.5,27.515636444091797,1415000
2013-08-26,30.5049991607666,30.5049991607666,30.079999923706055,30.15999984741211,27.208906173706055,1288200
2013-08-27,29.674999237060547,29.674999237060547,28.190000534057617,28.485000610351562,25.697795867919922,1876600
2013-08-28,28.450000762939453,28.639999389648438,28.100000381469727,28.415000915527344,25.634645462036133,1303200
2013-08-29,28.43000030517578,29.174999237060547,28.280000686645508,28.864999771118164,26.04061508178711,1447200
2013-08-30,28.93000030517578,29.084999084472656,28.235000610351562,28.309999465942383,25.539920806884766,1393200
2013-09-03,28.84000015258789,29.149999618530273,28.03499984741211,28.2450008392334,25.48128318786621,1812000
2013-09-04,28.30500030517578,29.045000076293945,28.190000534057617,28.985000610351562,26.14887237548828,1257800
2013-09-05,29.059999465942383,29.639999389648438,28.959999084472656,28.979999542236328,26.144365310668945,1095800
2013-09-06,28.9950008392334,29.170000076293945,28.405000686645508,28.690000534057617,25.882741928100586,788400
2013-09-09,28.860000610351562,29.329999923706055,28.739999771118164,29.264999389648438,26.40147590637207,1095600
2013-09-10,29.735000610351562,30.739999771118164,29.704999923706055,30.709999084472656,27.705080032348633,1997200
2013-09-11,30.549999237060547,30.625,30.135000228881836,30.385000228881836,27.411888122558594,736800
2013-09-12,30.28499984741211,30.565000534057617,29.610000610351562,29.649999618530273,26.748804092407227,1120600
2013-09-13,29.81999969482422,30.264999389648438,29.6299991607666,30.170000076293945,27.21792221069336,891200
2013-09-16,30.625,30.8799991607666,30.315000534057617,30.80500030517578,27.790790557861328,1009600
2013-09-17,30.899999618530273,31.209999084472656,30.7450008392334,31.190000534057617,28.138120651245117,707600
2013-09-18,31.075000762939453,31.34000015258789,30.850000381469727,31.30500030517578,28.241863250732422,726600
2013-09-19,31.389999389648438,31.520000457763672,31.09000015258789,31.290000915527344,28.228334426879883,866800
2013-09-20,31.360000610351562,31.674999237060547,31.045000076293945,31.059999465942383,28.02083969116211,1392200
2013-09-23,31.170000076293945,31.53499984741211,30.8700008392334,31.399999618530273,28.32756805419922,982000
2013-09-24,31.43000030517578,32.369998931884766,31.43000030517578,31.8700008392334,28.751583099365234,1061600
2013-09-25,31.950000762939453,32.04499816894531,31.450000762939453,31.71500015258789,28.611745834350586,823400
2013-09-26,31.7549991607666,32.244998931884766,31.709999084472656,32.10499954223633,28.963586807250977,1031400
2013-09-27,31.7549991607666,31.9950008392334,31.385000228881836,31.795000076293945,28.683921813964844,965600
2013-09-30,31.290000915527344,31.510000228881836,31.020000457763672,31.309999465942383,28.246376037597656,1458800
2013-10-01,31.43000030517578,32.85499954223633,31.21500015258789,32.625,29.432708740234375,2363400
2013-10-02,32.60499954223633,32.70500183105469,32.130001068115234,32.45000076293945,29.274829864501953,841400
2013-10-03,32.42499923706055,32.529998779296875,31.760000228881836,32.400001525878906,29.229721069335938,995400
2013-10-04,32.29499816894531,32.6349983215332,32.150001525878906,32.38999938964844,29.220703125,758400
2013-10-07,32.16999816894531,32.654998779296875,31.75,32.310001373291016,29.148527145385742,1366800
2013-10-08,31.75,31.825000762939453,30.540000915527344,30.665000915527344,27.664491653442383,2265000
2013-10-09,30.719999313354492,31.030000686645508,30.1299991607666,30.719999313354492,27.714109420776367,1547000
2013-10-10,31.28499984741211,31.375,31.040000915527344,31.19499969482422,28.14263153076172,1178200
2013-10-11,31.405000686645508,31.450000762939453,30.834999084472656,31.25,28.19224739074707,1689400
2013-10-14,31.059999465942383,31.81999969482422,30.954999923706055,31.764999389648438,28.656850814819336,1319200
2013-10-15,31.790000915527344,31.959999084472656,31.30500030517578,31.350000381469727,28.28246307373047,1348600
2013-10-16,31.829999923706055,32.45000076293945,31.774999618530273,32.15999984741211,29.013202667236328,1749600
2013-10-17,32.185001373291016,32.83000183105469,32.07500076293945,32.72999954223633,29.527433395385742,1271800
2013-10-18,33.0,33.11000061035156,32.65999984741211,32.76499938964844,29.55900764465332,839600
2013-10-21,32.95000076293945,33.1150016784668,32.685001373291016,32.92499923706055,29.703353881835938,822800
2013-10-22,33.224998474121094,33.76499938964844,33.025001525878906,33.275001525878906,30.01911735534668,757400
2013-10-23,33.20000076293945,33.64500045776367,32.7599983215332,33.51499938964844,30.235626220703125,1523200
2013-10-24,34.494998931884766,35.14500045776367,34.150001525878906,34.84000015258789,31.430980682373047,1465200
2013-10-25,34.79499816894531,35.279998779296875,34.54999923706055,35.07500076293945,31.64297103881836,1060000
2013-10-28,34.959999084472656,35.375,34.685001373291016,35.05500030517578,31.62493324279785,1045200
2013-10-29,35.275001525878906,35.720001220703125,34.66999816894531,35.275001525878906,31.823413848876953,1454200
2013-10-30,35.345001220703125,35.46500015258789,34.30500030517578,34.869998931884766,31.458044052124023,1006800
2013-10-31,34.8650016784668,35.58000183105469,34.619998931884766,35.33000183105469,31.87303352355957,1171800
2013-11-01,35.56999969482422,36.16999816894531,35.279998779296875,36.099998474121094,32.56768035888672,1027200
2013-11-04,36.22999954223633,36.875,36.22999954223633,36.38999938964844,32.829307556152344,1175200
2013-11-05,36.11000061035156,36.46500015258789,35.73500061035156,36.209999084472656,32.66691589355469,985600
2013-11-06,36.54499816894531,36.68000030517578,35.76499938964844,36.01499938964844,32.49100112915039,1297200
2013-11-07,36.23500061035156,36.43000030517578,35.255001068115234,35.30500030517578,31.850481033325195,1234600
2013-11-08,35.755001068115234,36.66999816894531,35.7400016784668,36.369998931884766,32.8112678527832,1254600
2013-11-11,36.560001373291016,36.845001220703125,36.3650016784668,36.68000030517578,33.09093475341797,760000
2013-11-12,36.65999984741211,37.89500045776367,36.65999984741211,37.404998779296875,33.7449951171875,1536600
2013-11-13,37.345001220703125,37.44499969482422,36.89500045776367,37.3650016784668,33.708900451660156,934000
2013-11-14,37.599998474121094,38.36000061035156,37.599998474121094,38.03499984741211,34.3133544921875,1410800
2013-11-15,38.02000045776367,38.279998779296875,37.56999969482422,37.79499816894531,34.18670654296875,908200
2013-11-18,37.939998626708984,38.39500045776367,37.85499954223633,37.90999984741211,34.29073715209961,1127000
2013-11-19,38.334999084472656,38.72999954223633,37.630001068115234,37.845001220703125,34.23194122314453,1303200
2013-11-20,37.93000030517578,38.165000915527344,37.58000183105469,37.790000915527344,34.182193756103516,994200
2013-11-21,37.900001525878906,38.220001220703125,37.65999984741211,37.994998931884766,34.36761474609375,1536000
2013-11-22,38.11000061035156,38.709999084472656,38.02000045776367,38.57500076293945,34.89224624633789,809800
2013-11-25,38.79999923706055,39.095001220703125,38.65999984741211,38.994998931884766,35.27214813232422,974200
2013-11-26,38.994998931884766,39.02000045776367,38.025001525878906,38.4900016784668,34.81536865234375,1064200
2013-11-27,38.68000030517578,39.26499938964844,38.68000030517578,39.095001220703125,35.36260986328125,1038400
2013-11-29,39.084999084472656,39.185001373291016,38.72999954223633,38.869998931884766,35.159088134765625,570600
2013-12-02,38.8849983215332,39.19499969482422,38.400001525878906,38.470001220703125,34.797279357910156,983000
2013-12-03,38.474998474121094,38.474998474121094,37.439998626708984,37.92499923706055,34.30430603027344,1484200
2013-12-04,37.5,37.75,36.6150016784668,37.290000915527344,33.72993087768555,1356200
2013-12-05,37.275001525878906,37.5,36.48500061035156,37.209999084472656,33.657562255859375,1604600
2013-12-06,36.415000915527344,36.869998931884766,35.67499923706055,36.755001068115234,33.246002197265625,2282200
2013-12-09,36.939998626708984,37.48500061035156,36.79999923706055,37.349998474121094,33.78420639038086,2147400
2013-12-10,37.28499984741211,37.665000915527344,36.90999984741211,37.01499938964844,33.48118209838867,2232400
2013-12-11,37.1349983215332,37.220001220703125,36.66999816894531,36.73500061035156,33.22791290283203,1749200
2013-12-12,36.5,36.54999923706055,36.04999923706055,36.154998779296875,32.70328140258789,1814800
2013-12-13,36.310001373291016,36.494998931884766,35.88999938964844,36.1150016784668,32.66709899902344,1392600
2013-12-16,36.4900016784668,36.59000015258789,35.79499816894531,36.125,32.67613983154297,1203000
2013-12-17,36.21500015258789,36.275001525878906,35.21500015258789,35.34000015258789,31.966093063354492,1312400
2013-12-18,35.48500061035156,35.55500030517578,34.80500030517578,35.35499954223633,31.979671478271484,3635400
2013-12-19,35.560001373291016,35.790000915527344,35.150001525878906,35.28499984741211,31.91632652282715,1555400
2013-12-20,35.505001068115234,37.150001525878906,35.244998931884766,36.75,33.241485595703125,5830800
2013-12-23,36.755001068115234,36.959999084472656,35.75,36.165000915527344,32.71232986450195,1926400
2013-12-24,36.14500045776367,36.665000915527344,36.1150016784668,36.56999969482422,33.07866287231445,506000
2013-12-26,36.665000915527344,36.75,36.3650016784668,36.40999984741211,32.9339485168457,1002600
2013-12-27,36.54999923706055,36.61000061035156,35.625,36.005001068115234,32.567604064941406,972600
2013-12-30,36.005001068115234,36.220001220703125,35.79999923706055,36.02000045776367,32.5811767578125,686600
2013-12-31,36.224998474121094,36.775001525878906,36.13999938964844,36.685001373291016,33.18268585205078,1161000
2014-01-02,36.665000915527344,36.96500015258789,36.275001525878906,36.59000015258789,33.09675598144531,900200
2014-01-03,37.14500045776367,37.45500183105469,36.92499923706055,37.2599983215332,33.70277786254883,1615200
2014-01-06,37.630001068115234,37.79999923706055,36.92499923706055,37.01499938964844,33.48118209838867,1437200
2014-01-07,37.20000076293945,37.40999984741211,36.724998474121094,36.994998931884766,33.46308517456055,1223600
2014-01-08,36.93000030517578,37.935001373291016,36.88999938964844,37.900001525878906,34.28168487548828,1672600
2014-01-09,38.255001068115234,40.099998474121094,38.255001068115234,38.69499969482422,35.000789642333984,2613600
2014-01-10,38.56999969482422,39.744998931884766,38.5,39.540000915527344,35.7651252746582,1499400
2014-01-13,39.72999954223633,39.845001220703125,38.369998931884766,38.724998474121094,35.02793502807617,1523600
2014-01-14,38.88999938964844,39.7400016784668,38.7400016784668,39.689998626708984,35.90079879760742,1403200
2014-01-15,39.685001373291016,39.82500076293945,39.0099983215332,39.3650016784668,35.606834411621094,1523600
2014-01-16,39.279998779296875,39.82500076293945,39.1349983215332,39.584999084472656,35.80582046508789,802200
2014-01-17,39.64500045776367,39.82500076293945,39.17499923706055,39.255001068115234,35.50733184814453,1021400
2014-01-21,39.8849983215332,40.59000015258789,39.64500045776367,40.029998779296875,36.20833206176758,2652000
2014-01-22,40.064998626708984,40.970001220703125,40.025001525878906,40.935001373291016,37.026939392089844,2288800
2014-01-23,41.0,41.0,39.529998779296875,40.67499923706055,36.79176712036133,2202600
2014-01-24,40.5,41.040000915527344,39.6349983215332,39.82500076293945,36.022911071777344,2201600
2014-01-27,39.814998626708984,40.02000045776367,38.220001220703125,39.400001525878906,35.63849639892578,1733200
2014-01-28,39.29999923706055,40.40999984741211,39.29999923706055,39.76499938964844,35.9686393737793,1393400
2014-01-29,39.290000915527344,39.814998626708984,38.209999084472656,38.369998931884766,34.70683288574219,1200400
2014-01-30,38.85499954223633,39.28499984741211,38.435001373291016,38.939998626708984,35.22239685058594,756600
2014-01-31,39.27000045776367,40.0,39.04999923706055,39.53499984741211,35.76060104370117,1762600
2014-02-03,39.29999923706055,39.48500061035156,37.33000183105469,37.345001220703125,33.77968215942383,2608400
2014-02-04,37.17499923706055,37.95500183105469,36.310001373291016,37.810001373291016,34.200286865234375,2251600
2014-02-05,37.56999969482422,37.90999984741211,37.22999954223633,37.54999923706055,33.9650993347168,1373400
2014-02-06,37.584999084472656,38.77000045776367,37.584999084472656,38.16999816894531,34.52589797973633,1637800
2014-02-07,38.28499984741211,38.95500183105469,38.27000045776367,38.90999984741211,35.19527053833008,1632800
2014-02-10,38.95500183105469,39.0,37.82500076293945,38.35499954223633,34.6932487487793,1459000
2014-02-11,38.57500076293945,38.935001373291016,37.70500183105469,38.755001068115234,35.05506134033203,1683200
2014-02-12,38.755001068115234,39.185001373291016,38.380001068115234,39.119998931884766,35.385215759277344,1463800
2014-02-13,38.470001220703125,40.25,38.470001220703125,39.72999954223633,35.93697738647461,2090000
2014-02-14,39.79999923706055,41.0,39.60499954223633,40.744998931884766,36.85507583618164,1911600
2014-02-18,40.560001373291016,40.94499969482422,39.435001373291016,39.4900016784668,35.71989440917969,1722600
2014-02-19,39.29499816894531,39.66999816894531,39.119998931884766,39.16999816894531,35.43043518066406,1010800
2014-02-20,39.255001068115234,40.119998931884766,39.189998626708984,40.084999084472656,36.25809097290039,1185600
2014-02-21,40.07500076293945,41.025001525878906,40.06999969482422,40.77000045776367,36.99304962158203,1608200
2014-02-24,40.84000015258789,42.05500030517578,40.84000015258789,41.75,37.88227081298828,1422200
2014-02-25,42.939998626708984,43.26499938964844,42.150001525878906,42.54499816894531,38.60361099243164,1790800
2014-02-26,42.78499984741211,43.26499938964844,42.040000915527344,42.939998626708984,38.9620246887207,1370600
2014-02-27,42.89500045776367,43.6349983215332,42.779998779296875,43.150001525878906,39.15256881713867,1117600
2014-02-28,42.9900016784668,43.720001220703125,42.91999816894531,43.31999969482422,39.30681610107422,1276800
2014-03-03,42.689998626708984,43.34000015258789,42.150001525878906,43.05500030517578,39.06636428833008,1076800
2014-03-04,43.54999923706055,44.80500030517578,43.529998779296875,44.55500030517578,40.427406311035156,1634000
2014-03-05,44.55500030517578,44.9900016784668,44.52000045776367,44.73500061035156,40.590728759765625,1107000
2014-03-06,44.85499954223633,45.8650016784668,44.845001220703125,45.470001220703125,41.25764846801758,1396600
2014-03-07,45.60499954223633,45.73500061035156,44.2599983215332,44.70000076293945,40.55897521972656,1614400
2014-03-10,44.52000045776367,45.41999816894531,44.27000045776367,44.459999084472656,40.34121322631836,828400
2014-03-11,44.68000030517578,45.084999084472656,44.099998474121094,44.404998779296875,40.29130554199219,1066200
2014-03-12,44.279998779296875,44.654998779296875,43.939998626708984,44.415000915527344,40.300376892089844,883600
2014-03-13,44.44499969482422,44.6150016784668,43.19499969482422,43.70500183105469,39.656150817871094,1496600
2014-03-14,44.029998779296875,45.98500061035156,43.880001068115234,45.744998931884766,41.50716781616211,1939000
2014-03-17,46.1349983215332,46.54499816894531,45.28499984741211,45.95000076293945,41.693180084228516,1590400
2014-03-18,45.93000030517578,46.88999938964844,45.93000030517578,46.279998779296875,41.99260330200195,1399600
2014-03-19,46.209999084472656,46.974998474121094,46.03499984741211,46.189998626708984,41.91093444824219,1421400
2014-03-20,46.099998474121094,46.31999969482422,45.51499938964844,46.209999084472656,41.92909240722656,1118800
2014-03-21,46.599998474121094,46.82500076293945,45.36000061035156,45.380001068115234,41.17597579956055,1910800
2014-03-24,45.65999984741211,46.13999938964844,44.79999923706055,45.65999984741211,41.43003845214844,1387000
2014-03-25,45.959999084472656,46.90999984741211,45.8849983215332,46.415000915527344,42.11508560180664,1598800
2014-03-26,46.814998626708984,46.95500183105469,45.83000183105469,46.0099983215332,41.747615814208984,1636000
2014-03-27,45.7599983215332,46.154998779296875,45.03499984741211,45.790000915527344,41.54800033569336,1148600
2014-03-28,45.75,46.71500015258789,45.255001068115234,45.3650016784668,41.16236877441406,1417600
2014-03-31,45.57500076293945,46.80500030517578,45.40999984741211,46.654998779296875,42.33285903930664,1275600
2014-04-01,46.3650016784668,47.060001373291016,45.7599983215332,47.04999923706055,42.69126510620117,1990400
2014-04-02,47.0,47.9900016784668,46.810001373291016,47.439998626708984,43.04513931274414,1842600
2014-04-03,47.29499816894531,47.75,46.779998779296875,47.404998779296875,43.01338195800781,1621200
2014-04-04,47.525001525878906,47.72999954223633,45.845001220703125,46.165000915527344,41.88825225830078,1818800
2014-04-07,45.974998474121094,46.650001525878906,44.474998474121094,44.90999984741211,40.749515533447266,2768800
2014-04-08,45.189998626708984,45.56999969482422,43.90999984741211,45.404998779296875,41.19865417480469,2598600
2014-04-09,45.84000015258789,47.88999938964844,45.5,47.52000045776367,43.117733001708984,2521800
2014-04-10,47.43000030517578,47.540000915527344,45.71500015258789,45.834999084472656,41.588829040527344,2620600
2014-04-11,45.5,46.51499938964844,44.709999084472656,45.2599983215332,41.06709289550781,1597200
2014-04-14,45.779998779296875,46.02000045776367,44.11000061035156,44.67499923706055,40.536293029785156,1311200
2014-04-15,44.880001068115234,45.4900016784668,43.91999816894531,44.92499923706055,40.763118743896484,1244200
2014-04-16,44.9900016784668,46.25,44.9900016784668,46.15999984741211,41.88371658325195,1396000
2014-04-17,46.15999984741211,46.70500183105469,45.48500061035156,46.470001220703125,42.165000915527344,1184400
2014-04-21,46.470001220703125,46.470001220703125,45.689998626708984,46.310001373291016,42.01982116699219,1117200
2014-04-22,46.540000915527344,47.34000015258789,46.470001220703125,46.89500045776367,42.55061721801758,1127600
2014-04-23,47.46500015258789,48.3849983215332,47.375,47.97999954223633,43.535118103027344,2069800
2014-04-24,48.04499816894531,48.11000061035156,46.935001373291016,47.375,42.986148834228516,2436000
2014-04-25,47.525001525878906,47.82500076293945,46.435001373291016,46.71500015258789,42.387298583984375,1657600
2014-04-28,47.20000076293945,47.29999923706055,45.86000061035156,46.685001373291016,42.360084533691406,1535800
2014-04-29,46.88999938964844,47.095001220703125,46.2599983215332,46.970001220703125,42.61867904663086,1406800
2014-04-30,47.17499923706055,47.415000915527344,46.59000015258789,47.040000915527344,42.68219757080078,1317200
2014-05-01,47.220001220703125,48.26499938964844,47.095001220703125,47.9900016784668,43.544189453125,1639800
2014-05-02,48.005001068115234,48.17499923706055,47.54999923706055,47.79999923706055,43.37178039550781,1041000
2014-05-05,47.720001220703125,48.025001525878906,47.099998474121094,47.584999084472656,43.17670440673828,1101200
2014-05-06,47.7400016784668,47.89500045776367,46.89500045776367,47.345001220703125,42.95893859863281,1462600
2014-05-07,47.48500061035156,47.584999084472656,46.6150016784668,47.03499984741211,42.67766571044922,1353600
2014-05-08,46.994998931884766,47.9900016784668,46.76499938964844,47.349998474121094,42.963478088378906,1545600
2014-05-09,47.255001068115234,47.45500183105469,46.7400016784668,47.33000183105469,42.94533157348633,940000
2014-05-12,48.04499816894531,49.029998779296875,48.04499816894531,48.94499969482422,44.41072082519531,1560600
2014-05-13,48.83000183105469,49.2400016784668,48.70000076293945,48.90999984741211,44.37895965576172,1356000
2014-05-14,48.95000076293945,49.04999923706055,48.165000915527344,48.5099983215332,44.01601028442383,998600
2014-05-15,48.26499938964844,48.26499938964844,47.005001068115234,47.82500076293945,43.394466400146484,1368400
2014-05-16,47.70000076293945,48.0,47.30500030517578,47.80500030517578,43.376319885253906,867400
2014-05-19,47.744998931884766,48.875,47.51499938964844,48.505001068115234,44.01148223876953,928000
2014-05-20,48.59000015258789,48.779998779296875,47.41999816894531,47.904998779296875,43.467063903808594,1358400
2014-05-21,47.80500030517578,48.415000915527344,47.66999816894531,47.939998626708984,43.612613677978516,860000
2014-05-22,48.07500076293945,48.744998931884766,48.07500076293945,48.42499923706055,44.0538444519043,741600
2014-05-23,48.45000076293945,49.345001220703125,48.380001068115234,49.025001525878906,44.59968185424805,893200
2014-05-27,49.83000183105469,49.89500045776367,49.06999969482422,49.11000061035156,44.677001953125,1438400
2014-05-28,49.119998931884766,49.875,48.65999984741211,49.70500183105469,45.218292236328125,1471800
2014-05-29,49.744998931884766,50.04499816894531,49.130001068115234,49.70500183105469,45.218292236328125,890800
2014-05-30,49.130001068115234,49.63999938964844,48.95500183105469,49.22999954223633,44.786170959472656,1540200
2014-06-02,49.36000061035156,50.43000030517578,49.04499816894531,50.03499984741211,45.51850509643555,1227600
2014-06-03,50.04999923706055,50.4900016784668,49.75,49.94499969482422,45.43663787841797,1636600
2014-06-04,49.869998931884766,49.98500061035156,49.459999084472656,49.6150016784668,45.13642501831055,1901000
2014-06-05,49.94499969482422,50.35499954223633,49.279998779296875,49.45000076293945,44.9863166809082,1707600
2014-06-06,49.67499923706055,49.959999084472656,49.375,49.95500183105469,45.44572448730469,1617200
2014-06-09,50.0,50.03499984741211,49.31999969482422,49.505001068115234,45.03635787963867,1534800
2014-06-10,49.47999954223633,49.66999816894531,48.869998931884766,49.369998931884766,44.913536071777344,1119400
2014-06-11,48.849998474121094,48.91999816894531,48.25,48.41999816894531,44.049293518066406,1688000
2014-06-12,47.845001220703125,47.89500045776367,46.125,46.48500061035156,42.288963317871094,3068000
2014-06-13,46.525001525878906,47.82500076293945,46.525001525878906,47.56999969482422,43.276023864746094,1778400
2014-06-16,47.14500045776367,47.474998474121094,46.43000030517578,46.70500183105469,42.489097595214844,1756000
2014-06-17,46.79999923706055,47.709999084472656,46.77000045776367,47.470001220703125,43.18503952026367,1246800
2014-06-18,47.6150016784668,47.70000076293945,47.09000015258789,47.58000183105469,43.28511428833008,1153200
2014-06-19,47.685001373291016,47.959999084472656,46.91999816894531,47.439998626708984,43.15776062011719,1220400
2014-06-20,47.70000076293945,47.849998474121094,47.35499954223633,47.5099983215332,43.221431732177734,1365200
2014-06-23,47.44499969482422,47.724998474121094,46.31999969482422,46.90999984741211,42.67559814453125,1390200
2014-06-24,46.72999954223633,47.564998626708984,46.64500045776367,46.79499816894531,42.57097244262695,1631800
2014-06-25,46.76499938964844,47.67499923706055,46.45000076293945,47.650001525878906,43.348793029785156,1306200
2014-06-26,47.63999938964844,47.63999938964844,47.130001068115234,47.27000045776367,43.00310134887695,1239800
2014-06-27,47.209999084472656,47.709999084472656,46.900001525878906,47.689998626708984,43.385189056396484,2326400
2014-06-30,47.69499969482422,48.07500076293945,47.310001373291016,47.525001525878906,43.235076904296875,1709000
2014-07-01,47.625,48.904998779296875,47.625,48.790000915527344,44.385894775390625,1718400
2014-07-02,48.21500015258789,48.21500015258789,47.25,47.904998779296875,43.58078384399414,1709200
2014-07-03,48.005001068115234,48.720001220703125,47.95500183105469,48.400001525878906,44.03109359741211,675200
2014-07-07,48.43000030517578,48.70500183105469,47.209999084472656,47.32500076293945,43.05312728881836,1416600
2014-07-08,46.6150016784668,48.560001373291016,46.05500030517578,48.39500045776367,44.02655029296875,2644400
2014-07-09,48.994998931884766,49.45000076293945,48.02000045776367,48.43000030517578,44.05839157104492,2292000
2014-07-10,48.150001525878906,49.09000015258789,46.88999938964844,49.0099983215332,44.58603286743164,1597000
2014-07-11,49.130001068115234,49.779998779296875,49.0099983215332,49.34000015258789,44.8862419128418,1260500
2014-07-14,49.79999923706055,49.9900016784668,49.34000015258789,49.75,45.25922775268555,841800
2014-07-15,49.75,49.91999816894531,48.9900016784668,49.779998779296875,45.286529541015625,1118100
2014-07-16,50.029998779296875,50.13999938964844,49.310001373291016,49.439998626708984,44.97720718383789,1041400
2014-07-17,49.27000045776367,49.720001220703125,48.099998474121094,48.15999984741211,43.81275939941406,1221800
2014-07-18,48.150001525878906,49.099998474121094,48.150001525878906,48.72999954223633,44.3313102722168,901500
2014-07-21,48.61000061035156,48.61000061035156,48.13999938964844,48.349998474121094,43.9856071472168,964100
2014-07-22,48.779998779296875,48.93000030517578,48.349998474121094,48.869998931884766,44.458675384521484,977500
2014-07-23,49.189998626708984,49.90999984741211,48.959999084472656,49.689998626708984,45.20465087890625,1643400
2014-07-24,49.70000076293945,49.90999984741211,44.529998779296875,45.029998779296875,40.965293884277344,4454300
2014-07-25,45.810001373291016,46.880001068115234,45.16999816894531,45.77000045776367,41.638492584228516,3343700
2014-07-28,46.31999969482422,46.31999969482422,45.380001068115234,45.68000030517578,41.556617736816406,1889400
2014-07-29,45.97999954223633,46.790000915527344,45.68000030517578,46.18000030517578,42.01148223876953,2819200
2014-07-30,46.040000915527344,46.630001068115234,44.439998626708984,44.900001525878906,40.84703063964844,2556400
2014-07-31,44.5,44.77000045776367,43.880001068115234,43.970001220703125,40.000980377197266,1870400
2014-08-01,43.65999984741211,44.54999923706055,43.400001525878906,44.45000076293945,40.43765640258789,1667500
2014-08-04,44.459999084472656,44.81999969482422,43.349998474121094,43.5,39.573394775390625,1402000
2014-08-05,43.47999954223633,43.970001220703125,42.599998474121094,42.720001220703125,38.86380386352539,2185300
2014-08-06,42.70000076293945,43.2599983215332,42.119998931884766,42.939998626708984,39.06393814086914,1372200
2014-08-07,42.959999084472656,43.34000015258789,42.34000015258789,42.7599983215332,38.90019989013672,1482100
2014-08-08,42.709999084472656,43.27000045776367,41.84000015258789,43.209999084472656,39.30957794189453,1315200
2014-08-11,43.560001373291016,44.20000076293945,43.279998779296875,43.880001068115234,39.919097900390625,1023900
2014-08-12,43.880001068115234,44.189998626708984,43.439998626708984,43.66999816894531,39.72804641723633,955800
2014-08-13,43.79999923706055,44.90999984741211,43.59000015258789,44.66999816894531,40.63778305053711,1025700
2014-08-14,44.84000015258789,45.27000045776367,44.38999938964844,45.20000076293945,41.11994552612305,1338000
2014-08-15,45.439998626708984,45.66999816894531,44.970001220703125,45.459999084472656,41.471160888671875,1184100
2014-08-18,45.84000015258789,47.08000183105469,45.77000045776367,47.0099983215332,42.885169982910156,1480200
2014-08-19,47.18000030517578,47.189998626708984,46.36000061035156,46.79999923706055,42.6935920715332,931200
2014-08-20,46.81999969482422,47.36000061035156,46.7400016784668,47.13999938964844,43.00375747680664,1042200
2014-08-21,47.22999954223633,47.290000915527344,46.0,46.029998779296875,41.991153717041016,1214800
2014-08-22,46.150001525878906,46.7400016784668,45.869998931884766,46.4900016784668,42.410789489746094,1015600
2014-08-25,46.9900016784668,47.09000015258789,46.20000076293945,46.88999938964844,42.77569580078125,756600
2014-08-26,46.959999084472656,47.119998931884766,46.22999954223633,46.279998779296875,42.21921157836914,774400
2014-08-27,46.40999984741211,46.65999984741211,46.02000045776367,46.5,42.41991424560547,575600
2014-08-28,46.209999084472656,46.939998626708984,46.029998779296875,46.529998779296875,42.4472770690918,695900
2014-08-29,46.720001220703125,46.790000915527344,46.119998931884766,46.34000015258789,42.27395248413086,577800
2014-09-02,46.34000015258789,48.25,46.31999969482422,48.2400016784668,44.007232666015625,1610300
2014-09-03,48.04999923706055,48.04999923706055,47.11000061035156,47.540000915527344,43.36865997314453,1023100
2014-09-04,47.68000030517578,48.209999084472656,47.4900016784668,47.630001068115234,43.45075988769531,1016000
2014-09-05,47.02000045776367,47.220001220703125,46.33000183105469,47.13999938964844,43.00375747680664,905700
2014-09-08,47.27000045776367,47.54999923706055,47.060001373291016,47.33000183105469,43.17708206176758,888400
2014-09-09,47.08000183105469,47.59000015258789,46.540000915527344,46.599998474121094,42.511138916015625,825100
2014-09-10,46.810001373291016,47.70000076293945,46.40999984741211,47.4900016784668,43.32305145263672,811600
2014-09-11,47.54999923706055,47.849998474121094,46.970001220703125,47.36000061035156,43.2044563293457,769400
2014-09-12,47.43000030517578,47.63999938964844,47.0099983215332,47.27000045776367,43.12235641479492,987200
2014-09-15,47.279998779296875,47.310001373291016,46.209999084472656,46.2599983215332,42.20097732543945,894600
2014-09-16,46.220001220703125,47.08000183105469,45.70000076293945,46.75,42.647979736328125,1335500
2014-09-17,46.79999923706055,47.150001525878906,45.869998931884766,46.15999984741211,42.109745025634766,833900
2014-09-18,46.36000061035156,46.880001068115234,46.15999984741211,46.84000015258789,42.73007583618164,642400
2014-09-19,46.86000061035156,46.9900016784668,46.18000030517578,46.220001220703125,42.16447830200195,1466400
2014-09-22,46.25,46.310001373291016,45.18000030517578,45.209999084472656,41.24310302734375,1031600
2014-09-23,44.84000015258789,45.15999984741211,44.08000183105469,44.099998474121094,40.23049545288086,1188100
2014-09-24,44.13999938964844,45.04999923706055,43.91999816894531,44.84000015258789,40.90556716918945,872800
2014-09-25,44.56999969482422,44.72999954223633,43.709999084472656,43.720001220703125,39.88384246826172,947400
2014-09-26,43.81999969482422,44.540000915527344,43.599998474121094,44.41999816894531,40.522430419921875,970400
2014-09-29,43.790000915527344,44.31999969482422,43.54999923706055,43.849998474121094,40.002437591552734,1067000
2014-09-30,43.83000183105469,44.08000183105469,43.189998626708984,43.540000915527344,39.719635009765625,1353200
2014-10-01,43.13999938964844,43.16999816894531,42.209999084472656,42.7400016784668,38.98982620239258,1695600
2014-10-02,42.880001068115234,43.540000915527344,42.08000183105469,42.91999816894531,39.15403747558594,997100
2014-10-03,43.5099983215332,44.34000015258789,43.31999969482422,44.150001525878906,40.276119232177734,975700
2014-10-06,44.47999954223633,44.599998474121094,43.470001220703125,43.4900016784668,39.67402267456055,671900
2014-10-07,43.150001525878906,43.650001525878906,42.63999938964844,42.79999923706055,39.0445671081543,1554400
2014-10-08,42.79999923706055,43.04999923706055,41.0099983215332,42.86000061035156,39.09929275512695,2582800
2014-10-09,43.25,43.95000076293945,42.529998779296875,42.68000030517578,38.93510055541992,2433900
2014-10-10,42.56999969482422,43.40999984741211,42.25,42.459999084472656,38.734397888183594,1956400
2014-10-13,42.36000061035156,43.13999938964844,41.52000045776367,41.58000183105469,37.931617736816406,2459600
2014-10-14,42.02000045776367,43.22999954223633,41.83000183105469,42.689998626708984,38.94422149658203,2024300
2014-10-15,41.779998779296875,43.130001068115234,40.689998626708984,41.9900016784668,38.30564880371094,3095900
2014-10-16,41.4900016784668,43.9900016784668,41.029998779296875,43.79999923706055,39.956817626953125,2136100
2014-10-17,44.5099983215332,45.040000915527344,44.279998779296875,44.70000076293945,40.7778434753418,1553300
2014-10-20,44.70000076293945,46.22999954223633,44.529998779296875,46.220001220703125,42.16447830200195,1941300
2014-10-21,46.88999938964844,48.130001068115234,46.88999938964844,47.380001068115234,43.22270202636719,1845900
2014-10-22,47.63999938964844,47.84000015258789,46.689998626708984,46.77000045776367,42.666221618652344,1727700
2014-10-23,48.27000045776367,50.40999984741211,48.119998931884766,49.95000076293945,45.56719970703125,3616400
2014-10-24,49.209999084472656,50.2599983215332,48.95000076293945,50.20000076293945,45.795257568359375,1909800
2014-10-27,50.310001373291016,51.91999816894531,50.099998474121094,51.81999969482422,47.27312088012695,2342300
2014-10-28,52.060001373291016,53.08000183105469,51.599998474121094,52.790000915527344,48.15802001953125,2152800
2014-10-29,52.72999954223633,53.040000915527344,51.720001220703125,52.90999984741211,48.267478942871094,1559300
2014-10-30,51.959999084472656,52.619998931884766,51.59000015258789,52.13999938964844,47.565032958984375,1598700
2014-10-31,53.20000076293945,53.79999923706055,52.81999969482422,53.22999954223633,48.55939483642578,1501000
2014-11-03,53.220001220703125,54.47999954223633,53.11000061035156,54.43000030517578,49.65410232543945,1825400
2014-11-04,54.7400016784668,55.91999816894531,54.68000030517578,55.38999938964844,50.529869079589844,1492100
2014-11-05,55.970001220703125,55.9900016784668,53.86000061035156,53.970001220703125,49.23446273803711,1883000
2014-11-06,54.650001525878906,55.75,54.439998626708984,55.400001525878906,50.53900146484375,1219000
2014-11-07,55.400001525878906,55.959999084472656,54.900001525878906,55.13999938964844,50.30181121826172,1175300
2014-11-10,55.04999923706055,56.400001525878906,54.709999084472656,56.31999969482422,51.378265380859375,1028400
2014-11-11,56.5,56.81999969482422,55.79999923706055,56.13999938964844,51.21406555175781,770900
2014-11-12,55.869998931884766,56.2400016784668,55.2400016784668,56.16999816894531,51.24143981933594,879600
2014-11-13,56.34000015258789,56.939998626708984,55.880001068115234,56.2400016784668,51.30529022216797,1062800
2014-11-14,56.0099983215332,56.25,55.29999923706055,55.34000015258789,50.59672164916992,1244000
2014-11-17,55.220001220703125,55.72999954223633,54.66999816894531,54.86000061035156,50.15785217285156,1529400
2014-11-18,54.90999984741211,56.15999984741211,54.88999938964844,55.86000061035156,51.072147369384766,1186700
2014-11-19,55.5,55.75,54.58000183105469,54.79999923706055,50.102996826171875,1669900
2014-11-20,54.349998474121094,54.90999984741211,53.689998626708984,54.2400016784668,49.59099578857422,1321900
2014-11-21,54.61000061035156,54.709999084472656,53.310001373291016,54.5,49.828712463378906,1253300
2014-11-24,54.93000030517578,55.58000183105469,54.79999923706055,55.33000183105469,50.58757781982422,1015100
2014-11-25,55.099998474121094,56.13999938964844,55.02000045776367,55.90999984741211,51.117855072021484,1055600
2014-11-26,56.0,56.439998626708984,55.849998474121094,56.20000076293945,51.38298797607422,740000
2014-11-28,58.11000061035156,59.970001220703125,58.02000045776367,59.029998779296875,53.97043228149414,1212300
2014-12-01,58.529998779296875,58.540000915527344,55.33000183105469,55.40999984741211,50.66071319580078,2674600
2014-12-02,55.18000030517578,56.209999084472656,54.66999816894531,55.25,50.514434814453125,2064200
2014-12-03,55.380001068115234,56.83000183105469,55.279998779296875,56.7599983215332,51.894996643066406,1564200
2014-12-04,58.029998779296875,58.7599983215332,56.47999954223633,56.7400016784668,51.87672805786133,2184800
2014-12-05,57.209999084472656,57.939998626708984,57.099998474121094,57.2599983215332,52.352142333984375,1235000
2014-12-08,57.38999938964844,58.25,57.18000030517578,57.439998626708984,52.5167121887207,1173800
2014-12-09,56.119998931884766,56.5,55.060001373291016,56.400001525878906,51.56585693359375,1525700
2014-12-10,56.970001220703125,57.45000076293945,55.150001525878906,55.189998626708984,50.459571838378906,1486300
2014-12-11,55.79999923706055,56.13999938964844,55.31999969482422,55.970001220703125,51.17271423339844,1683800
2014-12-12,56.630001068115234,56.97999954223633,55.5,55.810001373291016,51.02643585205078,1610200
2014-12-15,56.27000045776367,58.0,55.810001373291016,57.650001525878906,52.70872116088867,1965900
2014-12-16,57.720001220703125,57.939998626708984,55.65999984741211,55.68000030517578,50.90757751464844,2090700
2014-12-17,55.72999954223633,56.54999923706055,54.540000915527344,56.029998779296875,51.227569580078125,1635700
2014-12-18,56.25,56.619998931884766,55.41999816894531,56.34000015258789,51.51100540161133,1125300
2014-12-19,56.189998626708984,56.630001068115234,55.529998779296875,56.15999984741211,51.346431732177734,1831800
2014-12-22,56.560001373291016,57.75,56.560001373291016,56.72999954223633,51.86757278442383,767200
2014-12-23,57.22999954223633,57.349998474121094,56.41999816894531,56.75,51.88585662841797,764600
2014-12-24,57.2400016784668,58.84000015258789,57.2400016784668,58.720001220703125,53.68701171875,629800
2014-12-26,58.75,59.47999954223633,58.560001373291016,59.02000045776367,53.9612922668457,706300
2014-12-29,58.83000183105469,59.95000076293945,58.560001373291016,59.72999954223633,54.61044692993164,839600
2014-12-30,59.7400016784668,60.5099983215332,59.470001220703125,59.77000045776367,54.647010803222656,833700
2014-12-31,60.2599983215332,60.939998626708984,59.7599983215332,59.7599983215332,54.63786315917969,902400
2015-01-02,60.540000915527344,60.86000061035156,59.470001220703125,60.33000183105469,55.15900802612305,1199600
2015-01-05,60.810001373291016,60.869998931884766,59.189998626708984,59.470001220703125,54.37272644042969,1288800
2015-01-06,59.779998779296875,60.290000915527344,57.709999084472656,58.77000045776367,53.73272705078125,1511700
2015-01-07,59.060001373291016,60.0,58.810001373291016,59.66999816894531,54.555572509765625,1039600
2015-01-08,60.0,61.459999084472656,59.689998626708984,60.70000076293945,55.49729919433594,1697500
2015-01-09,60.650001525878906,60.790000915527344,59.709999084472656,59.72999954223633,54.61044692993164,986900
2015-01-12,60.66999816894531,61.130001068115234,59.72999954223633,60.61000061035156,55.415016174316406,1100000
2015-01-13,61.529998779296875,62.9900016784668,60.58000183105469,61.40999984741211,56.146446228027344,1687200
2015-01-14,60.630001068115234,62.0,60.189998626708984,61.540000915527344,56.26530075073242,1557200
2015-01-15,61.689998626708984,62.099998474121094,60.599998474121094,61.470001220703125,56.20130920410156,1619300
2015-01-16,61.09000015258789,62.41999816894531,60.560001373291016,62.349998474121094,57.0058708190918,1618600
2015-01-20,63.400001525878906,64.80999755859375,63.11000061035156,64.5999984741211,59.063026428222656,1521200
2015-01-21,64.4000015258789,65.19999694824219,63.77000045776367,64.9800033569336,59.41044235229492,2314800
2015-01-22,66.9000015258789,68.0,64.55000305175781,67.94000244140625,62.11676025390625,2833200
2015-01-23,68.0999984741211,69.9000015258789,67.69999694824219,68.6500015258789,62.76591491699219,1883200
2015-01-26,68.7699966430664,70.51000213623047,68.6500015258789,70.44000244140625,64.40248107910156,2396600
2015-01-27,69.37000274658203,70.77999877929688,68.94000244140625,69.69999694824219,63.725887298583984,1536800
2015-01-28,70.5,70.55000305175781,68.41999816894531,68.69999694824219,62.81159210205078,1220500
2015-01-29,68.80000305175781,71.4000015258789,68.41999816894531,71.06999969482422,64.97848510742188,1966700
2015-01-30,70.37000274658203,70.87000274658203,67.26000213623047,67.87000274658203,62.05274200439453,2236800
2015-02-02,67.69999694824219,68.0,65.43000030517578,67.31999969482422,61.54987335205078,2284100
2015-02-03,66.0,66.38999938964844,64.08999633789062,65.18000030517578,59.59330749511719,2928500
2015-02-04,65.95999908447266,67.19999694824219,65.83999633789062,66.69999694824219,60.983028411865234,1823000
2015-02-05,66.80000305175781,66.94000244140625,65.0199966430664,66.81999969482422,61.092742919921875,1354300
2015-02-06,66.56999969482422,66.94000244140625,65.66999816894531,65.91999816894531,60.26987838745117,1570000
2015-02-09,65.1500015258789,65.1500015258789,62.529998779296875,63.5099983215332,58.06644821166992,2120500
2015-02-10,64.19000244140625,65.48999786376953,63.68000030517578,65.37000274658203,59.767032623291016,1965200
2015-02-11,65.9000015258789,66.43000030517578,64.38999938964844,64.51000213623047,58.98072814941406,1560900
2015-02-12,63.56999969482422,63.59000015258789,61.720001220703125,62.75,57.37158966064453,2822200
2015-02-13,62.15999984741211,62.599998474121094,61.349998474121094,62.560001373291016,57.19789123535156,1697700
2015-02-17,62.61000061035156,63.349998474121094,62.11000061035156,62.22999954223633,56.89615249633789,1200800
2015-02-18,63.119998931884766,63.880001068115234,62.060001373291016,63.83000183105469,58.35902786254883,1565000
2015-02-19,65.18000030517578,65.18000030517578,62.77000045776367,62.939998626708984,57.54530715942383,2091000
2015-02-20,62.7599983215332,64.1500015258789,62.400001525878906,64.13999938964844,58.82939910888672,1049600
2015-02-23,65.01000213623047,65.04000091552734,63.529998779296875,64.13999938964844,58.82939910888672,1247900
2015-02-24,63.540000915527344,64.5199966430664,62.400001525878906,64.43000030517578,59.09537887573242,1301500
2015-02-25,64.23999786376953,64.68000030517578,63.34000015258789,63.439998626708984,58.187347412109375,1216400
2015-02-26,64.12000274658203,64.19999694824219,63.0099983215332,63.97999954223633,58.68263626098633,1225400
2015-02-27,64.4800033569336,64.5999984741211,63.59000015258789,63.650001525878906,58.37995910644531,1944400
2015-03-02,64.4000015258789,65.52999877929688,64.31999969482422,65.44000244140625,60.02174758911133,1850400
2015-03-03,65.0,66.19999694824219,64.80999755859375,66.16000366210938,60.68214797973633,1629000
2015-03-04,65.68000030517578,66.01000213623047,64.8499984741211,65.7699966430664,60.324424743652344,1313800
2015-03-05,65.75,65.97000122070312,64.51000213623047,64.63999938964844,59.28799819946289,1118400
2015-03-06,64.33000183105469,64.63999938964844,63.56999969482422,63.72999954223633,58.45334243774414,948700
2015-03-09,63.720001220703125,64.48999786376953,63.56999969482422,63.97999954223633,58.68263626098633,1004200
2015-03-10,63.97999954223633,64.55999755859375,63.400001525878906,64.16999816894531,58.85690689086914,1226000
2015-03-11,64.01000213623047,65.31999969482422,63.599998474121094,65.08000183105469,59.691558837890625,1109300
2015-03-12,65.05999755859375,67.27999877929688,65.0199966430664,67.11000061035156,61.55349349975586,1339600
2015-03-13,67.25,67.86000061035156,66.23999786376953,66.66000366210938,61.1407356262207,932400
2015-03-16,67.51000213623047,67.98999786376953,67.16000366210938,67.56999969482422,61.975399017333984,1027700
2015-03-17,67.51000213623047,69.0,67.51000213623047,68.80000305175781,63.10356140136719,1473800
2015-03-18,68.91999816894531,69.41999816894531,67.4800033569336,67.97000122070312,62.3422737121582,1267600
2015-03-19,68.45999908447266,68.93000030517578,67.68000030517578,68.3499984741211,62.69081115722656,835200
2015-03-20,68.62999725341797,68.75,67.62999725341797,68.68000030517578,62.99349594116211,1790800
2015-03-23,68.68000030517578,69.0,67.48999786376953,67.48999786376953,61.90201950073242,1173500
2015-03-24,67.19999694824219,67.22000122070312,66.27999877929688,66.9800033569336,61.43423843383789,1127400
2015-03-25,66.88999938964844,66.98999786376953,64.36000061035156,64.5999984741211,59.251304626464844,1346400
2015-03-26,63.91999816894531,64.81999969482422,62.77000045776367,64.61000061035156,59.26047134399414,1622200
2015-03-27,64.93000030517578,65.94999694824219,64.81999969482422,65.58999633789062,60.15934371948242,852400
2015-03-30,66.20999908447266,66.63999938964844,65.6500015258789,66.19999694824219,60.71882629394531,761200
2015-03-31,66.12999725341797,66.4800033569336,65.27999877929688,66.18000030517578,60.700477600097656,929000
2015-04-01,65.33000183105469,65.58999633789062,63.529998779296875,64.0,58.700984954833984,1068600
2015-04-02,64.0199966430664,64.80999755859375,62.9900016784668,63.06999969482422,57.84798049926758,1220000
2015-04-06,61.95000076293945,63.0,61.540000915527344,62.400001525878906,57.233455657958984,1728400
2015-04-07,62.130001068115234,63.33000183105469,62.130001068115234,62.7599983215332,57.56364822387695,990900
2015-04-08,63.0099983215332,64.9800033569336,62.91999816894531,64.80999755859375,59.443912506103516,1219000
2015-04-09,64.95999908447266,65.58000183105469,63.66999816894531,64.1500015258789,58.838558197021484,1244500
2015-04-10,64.18000030517578,64.7699966430664,63.869998931884766,63.939998626708984,58.64594650268555,804400
2015-04-13,63.7599983215332,65.0199966430664,63.150001525878906,63.33000183105469,58.086456298828125,1233200
2015-04-14,63.20000076293945,63.529998779296875,62.189998626708984,62.529998779296875,57.352691650390625,1175400
2015-04-15,63.20000076293945,63.70000076293945,62.0099983215332,62.02000045776367,56.884918212890625,1332100
2015-04-16,62.02000045776367,63.560001373291016,61.63999938964844,63.5,58.242374420166016,1599100
2015-04-17,62.900001525878906,63.709999084472656,62.849998474121094,62.970001220703125,57.75625991821289,1419700
2015-04-20,63.369998931884766,63.59000015258789,62.5099983215332,63.400001525878906,58.150665283203125,1115900
2015-04-21,63.75,65.0,63.599998474121094,64.93000030517578,59.553985595703125,990800
2015-04-22,64.94000244140625,65.0,63.65999984741211,64.30999755859375,58.985321044921875,1280600
2015-04-23,63.650001525878906,66.86000061035156,63.29999923706055,66.33999633789062,60.847232818603516,1998800
2015-04-24,66.94000244140625,68.66000366210938,66.94000244140625,68.30000305175781,62.64494705200195,1530700
2015-04-27,68.22000122070312,68.68000030517578,67.1500015258789,67.4000015258789,61.81946563720703,1179800
2015-04-28,67.0,67.19000244140625,65.58000183105469,66.47000122070312,60.966468811035156,816500
2015-04-29,66.1500015258789,66.5199966430664,63.970001220703125,65.33999633789062,59.930030822753906,1193000
2015-04-30,64.91000366210938,65.6500015258789,63.84000015258789,64.05999755859375,58.756011962890625,1147700
2015-05-01,64.4800033569336,65.86000061035156,64.19000244140625,65.30000305175781,59.89334487915039,795800
2015-05-04,65.55000305175781,66.12000274658203,64.41999816894531,64.52999877929688,59.187095642089844,1118000
2015-05-05,63.400001525878906,63.81999969482422,62.900001525878906,62.970001220703125,57.75625991821289,999700
2015-05-06,62.5,63.7400016784668,62.150001525878906,63.2400016784668,58.003910064697266,1155200
2015-05-07,63.27000045776367,65.55000305175781,63.27000045776367,64.95999908447266,59.58149337768555,1049700
2015-05-08,65.86000061035156,66.79000091552734,65.7300033569336,66.2699966430664,60.78303146362305,1088100
2015-05-11,65.95999908447266,66.83000183105469,65.68000030517578,66.33000183105469,60.83805465698242,969600
2015-05-12,65.88999938964844,66.01000213623047,65.13999938964844,65.18000030517578,59.78327560424805,767400
2015-05-13,65.72000122070312,66.20999908447266,64.56999969482422,64.70999908447266,59.352195739746094,684400
2015-05-14,65.23999786376953,66.16999816894531,64.77999877929688,66.12999725341797,60.65461349487305,974800
2015-05-15,66.36000061035156,66.95999908447266,66.08999633789062,66.5,60.993980407714844,937900
2015-05-18,66.38999938964844,68.0,66.11000061035156,67.58000183105469,61.984561920166016,1247100
2015-05-19,67.87000274658203,68.2699966430664,66.6500015258789,66.98999786376953,61.625789642333984,1386800
2015-05-20,66.73999786376953,66.97000122070312,63.40999984741211,63.959999084472656,58.83842086791992,2179700
2015-05-21,64.08999633789062,64.83000183105469,63.5,64.69000244140625,59.509971618652344,1277800
2015-05-22,64.88999938964844,65.23999786376953,64.0,64.4000015258789,59.24319839477539,850700
2015-05-26,64.44000244140625,64.83000183105469,62.189998626708984,62.369998931884766,57.3757438659668,1295500
2015-05-27,62.720001220703125,63.47999954223633,62.56999969482422,63.400001525878906,58.323265075683594,1224500
2015-05-28,63.4900016784668,64.05000305175781,63.119998931884766,63.7400016784668,58.63603973388672,1044000
2015-05-29,63.70000076293945,64.8499984741211,63.380001068115234,64.63999938964844,59.46397399902344,1489500
2015-06-01,65.01000213623047,66.30000305175781,64.5,66.08999633789062,60.797847747802734,1808500
2015-06-02,65.0999984741211,66.30999755859375,64.79000091552734,65.72000122070312,60.457481384277344,941200
2015-06-03,65.94999694824219,66.33999633789062,65.36000061035156,65.86000061035156,60.58628463745117,794700
2015-06-04,65.80999755859375,66.66000366210938,65.02999877929688,65.51000213623047,60.26429748535156,966300
2015-06-05,65.4800033569336,65.97000122070312,64.86000061035156,65.66000366210938,60.40229797363281,946100
2015-06-08,65.0199966430664,65.69000244140625,62.310001373291016,62.529998779296875,57.52293014526367,1519800
2015-06-09,61.880001068115234,61.880001068115234,58.150001525878906,60.650001525878906,55.793460845947266,3734600
2015-06-10,60.150001525878906,61.689998626708984,59.86000061035156,60.7599983215332,55.894649505615234,1568900
2015-06-11,60.88999938964844,62.119998931884766,60.7599983215332,61.81999969482422,56.86977767944336,1426700
2015-06-12,61.709999084472656,63.77000045776367,61.61000061035156,63.5,58.415252685546875,1568300
2015-06-15,62.86000061035156,63.2400016784668,62.08000183105469,62.65999984741211,57.64250946044922,1128900
2015-06-16,62.68000030517578,63.34000015258789,61.88999938964844,62.279998779296875,57.29295349121094,780400
2015-06-17,62.150001525878906,62.66999816894531,61.650001525878906,62.029998779296875,57.06296920776367,1232900
2015-06-18,62.61000061035156,64.37000274658203,62.61000061035156,63.9900016784668,58.86601638793945,1461200
2015-06-19,64.30999755859375,65.41999816894531,63.90999984741211,64.6500015258789,59.47317123413086,4167400
2015-06-22,65.62000274658203,66.26000213623047,65.12000274658203,66.22000122070312,60.917457580566406,1732000
2015-06-23,67.06999969482422,67.4800033569336,66.43000030517578,66.5199966430664,61.193416595458984,1560400
2015-06-24,66.58000183105469,67.23999786376953,66.0199966430664,66.19999694824219,60.899051666259766,1153500
2015-06-25,66.66999816894531,67.1500015258789,65.41999816894531,65.43000030517578,60.190696716308594,1273500
2015-06-26,65.80000305175781,65.9000015258789,64.5,64.75,59.56515121459961,1872000
2015-06-29,64.29000091552734,65.5999984741211,63.79999923706055,63.86000061035156,58.746429443359375,1066600
2015-06-30,64.55000305175781,65.4800033569336,64.19999694824219,64.43000030517578,59.27079391479492,1332400
2015-07-01,65.55000305175781,65.63999938964844,62.59000015258789,64.30000305175781,59.15119171142578,1956600
2015-07-02,64.66000366210938,65.30999755859375,63.81999969482422,65.01000213623047,59.8043327331543,1109000
2015-07-06,64.61000061035156,66.38999938964844,64.54000091552734,66.16000366210938,60.862266540527344,1331400
2015-07-07,66.25,67.62999725341797,65.69999694824219,67.44000244140625,62.039756774902344,1464900
2015-07-08,67.04000091552734,67.08999633789062,65.5,66.12000274658203,60.82546615600586,1324600
2015-07-09,67.06999969482422,67.22000122070312,66.44000244140625,66.54000091552734,61.21183395385742,922700
2015-07-10,68.01000213623047,70.69000244140625,67.80000305175781,70.55000305175781,64.90071868896484,2292100
2015-07-13,71.51000213623047,72.6500015258789,71.51000213623047,72.25,66.46458435058594,1438200
2015-07-14,71.95999908447266,73.69999694824219,71.45999908447266,73.62000274658203,67.72490692138672,1782500
2015-07-15,73.48999786376953,74.54000091552734,72.12999725341797,73.72000122070312,67.81688690185547,1741500
2015-07-16,73.98999786376953,75.47000122070312,73.87999725341797,74.69000244140625,68.70922088623047,1555800
2015-07-17,74.98999786376953,75.3499984741211,74.31999969482422,74.7699966430664,68.78279113769531,1111500
2015-07-20,75.04000091552734,75.25,73.69999694824219,74.13999938964844,68.20325469970703,1355700
2015-07-21,74.22000122070312,75.02999877929688,73.97000122070312,74.94999694824219,68.94841003417969,1155700
2015-07-22,74.45999908447266,75.87999725341797,74.45999908447266,75.83000183105469,69.75792694091797,1630700
2015-07-23,76.87999725341797,77.80000305175781,72.61000061035156,73.79000091552734,67.88129425048828,2246900
2015-07-24,74.48999786376953,75.23999786376953,73.44999694824219,74.0999984741211,68.16645812988281,1551600
2015-07-27,73.38999938964844,73.55000305175781,72.55000305175781,73.0199966430664,67.17291259765625,1226900
2015-07-28,73.38999938964844,74.47000122070312,72.77999877929688,74.31999969482422,68.36885070800781,1540200
2015-07-29,74.36000061035156,75.0,73.36000061035156,74.77999877929688,68.79200744628906,1310300
2015-07-30,74.4000015258789,75.27999877929688,73.88999938964844,75.16000366210938,69.14159393310547,870000
2015-07-31,75.36000061035156,75.87000274658203,74.41000366210938,75.75,69.68434143066406,1186000
2015-08-03,76.13999938964844,78.31999969482422,76.01000213623047,78.0199966430664,71.77257537841797,1290500
2015-08-04,78.12000274658203,78.41999816894531,77.0,77.7699966430664,71.54258728027344,930000
2015-08-05,78.16000366210938,79.61000061035156,77.79000091552734,79.02999877929688,72.7016830444336,1438800
2015-08-06,80.08999633789062,80.52999877929688,76.87999725341797,77.75,71.5241928100586,1061900
2015-08-07,77.5999984741211,78.37000274658203,77.0199966430664,77.98999786376953,71.7449722290039,667900
2015-08-10,78.62999725341797,79.62000274658203,78.22000122070312,78.62999725341797,72.33373260498047,928300
2015-08-11,78.23999786376953,80.27999877929688,78.16999816894531,79.95999908447266,73.55721282958984,1257200
2015-08-12,79.2699966430664,79.41000366210938,76.44000244140625,78.54000091552734,72.25093078613281,1165300
2015-08-13,78.4800033569336,80.23999786376953,78.02999877929688,79.29000091552734,72.94085693359375,1076700
2015-08-14,78.58000183105469,79.81999969482422,78.58000183105469,79.5999984741211,73.41121673583984,527200
2015-08-17,79.61000061035156,81.75,79.0999984741211,81.51000213623047,75.1727294921875,1060400
2015-08-18,81.55999755859375,82.1500015258789,80.2699966430664,81.51000213623047,75.1727294921875,1116600
2015-08-19,80.75,82.0,80.5,80.98999786376953,74.69315338134766,1376400
2015-08-20,80.04000091552734,80.55999755859375,78.69999694824219,79.01000213623047,72.86710357666016,1292300
2015-08-21,77.6500015258789,79.08999633789062,76.12999725341797,76.13999938964844,70.22020721435547,1751700
2015-08-24,70.02999877929688,75.80000305175781,58.91999816894531,73.0999984741211,67.4166030883789,2515900
2015-08-25,75.87000274658203,77.87999725341797,74.30999755859375,74.55000305175781,68.75385284423828,1716900
2015-08-26,76.08000183105469,76.66999816894531,73.12999725341797,76.31999969482422,70.38624572753906,1473100
2015-08-27,77.16999816894531,77.69000244140625,74.87000274658203,76.23999786376953,70.3124771118164,1395400
2015-08-28,76.19999694824219,76.8499984741211,75.27999877929688,75.80999755859375,69.9158935546875,1262100
2015-08-31,75.88999938964844,76.81999969482422,74.61000061035156,74.86000061035156,69.03976440429688,1339200
2015-09-01,73.6500015258789,75.41000366210938,73.6500015258789,74.80000305175781,68.98441314697266,1367000
2015-09-02,76.08999633789062,78.83999633789062,75.62000274658203,78.83000183105469,72.70109558105469,1430600
2015-09-03,79.0,80.0,77.80999755859375,78.06999969482422,72.00018310546875,1248200
2015-09-04,77.16000366210938,79.8499984741211,77.04000091552734,78.58000183105469,72.47052764892578,1058200
2015-09-08,79.94999694824219,81.30999755859375,79.66999816894531,81.23999786376953,74.92371368408203,1350900
2015-09-09,82.0,82.43000030517578,80.56999969482422,81.7699966430664,75.41251373291016,1439300
2015-09-10,82.08999633789062,82.77999877929688,80.98999786376953,81.29000091552734,74.96983337402344,1147200
2015-09-11,80.8499984741211,82.0,80.75,81.87000274658203,75.50471496582031,878900
2015-09-14,81.80999755859375,82.43000030517578,80.55000305175781,80.73999786376953,74.46259307861328,1400400
2015-09-15,81.05000305175781,81.19999694824219,79.2699966430664,79.73999786376953,73.54034423828125,1589700
2015-09-16,79.5999984741211,80.63999938964844,78.38999938964844,79.12999725341797,72.9777603149414,1433400
2015-09-17,79.61000061035156,80.5999984741211,78.56999969482422,79.69000244140625,73.49422454833984,1294200
2015-09-18,78.81999969482422,79.81999969482422,78.48999786376953,78.73999786376953,72.61808776855469,3717800
2015-09-21,79.20999908447266,82.16999816894531,79.0999984741211,82.08999633789062,75.70762634277344,1951200
2015-09-22,80.83999633789062,81.76000213623047,78.05000305175781,78.6500015258789,72.53508758544922,1439300
2015-09-23,78.6500015258789,80.27999877929688,78.6500015258789,80.06999969482422,73.84467315673828,1104000
2015-09-24,79.4800033569336,79.91999816894531,78.36000061035156,78.9800033569336,72.83942413330078,1193300
2015-09-25,79.83999633789062,81.27999877929688,79.26000213623047,80.69999694824219,74.42569732666016,1116700
2015-09-28,80.41000366210938,80.58000183105469,77.44999694824219,78.11000061035156,72.03707885742188,1580400
2015-09-29,78.08000183105469,78.97000122070312,76.76000213623047,78.37999725341797,72.28606414794922,1082000
2015-09-30,79.06999969482422,80.1500015258789,78.31999969482422,79.44999694824219,73.27288818359375,1537800
2015-10-01,78.87999725341797,80.48999786376953,78.0,80.2300033569336,73.99224090576172,1230100
2015-10-02,79.0199966430664,79.37000274658203,77.20999908447266,79.26000213623047,73.09766387939453,1207900
2015-10-05,79.7300033569336,81.69999694824219,79.02999877929688,80.91000366210938,74.619384765625,1408800
2015-10-06,80.55000305175781,80.81999969482422,74.44000244140625,74.52999877929688,68.73540496826172,2874800
2015-10-07,74.69000244140625,77.30999755859375,72.88999938964844,75.97000122070312,70.06344604492188,2894600
2015-10-08,75.7300033569336,77.20999908447266,74.91999816894531,75.76000213623047,69.86979675292969,1413900
2015-10-09,75.16000366210938,77.7699966430664,75.16000366210938,75.91999816894531,70.01732635498047,2185000
2015-10-12,76.27999877929688,78.55000305175781,75.61000061035156,77.98999786376953,71.92638397216797,1651900
2015-10-13,76.7699966430664,77.37999725341797,73.88999938964844,73.91999816894531,68.17283630371094,2437100
2015-10-14,74.83000183105469,75.4000015258789,73.11000061035156,73.44999694824219,67.73937225341797,1813200
2015-10-15,74.05999755859375,76.2699966430664,73.1500015258789,75.9800033569336,70.07269287109375,2057000
2015-10-16,75.9000015258789,75.94999694824219,74.52999877929688,75.83000183105469,69.93433380126953,1657700
2015-10-19,75.73999786376953,77.41999816894531,75.44000244140625,76.87000274658203,70.89349365234375,1401400
2015-10-20,76.8499984741211,77.4800033569336,75.81999969482422,76.48999786376953,70.54303741455078,1269600
2015-10-21,76.43000030517578,77.18000030517578,74.68000030517578,74.7300033569336,68.91986083984375,1715400
2015-10-22,76.18000030517578,76.94999694824219,74.75,75.97000122070312,70.06344604492188,1474000
2015-10-23,76.88999938964844,79.30999755859375,76.88999938964844,79.08999633789062,72.94085693359375,1687400
2015-10-26,78.76000213623047,79.88999938964844,78.33000183105469,79.16000366210938,73.00545501708984,1373100
2015-10-27,79.05000305175781,79.55000305175781,77.01000213623047,77.94999694824219,71.88951110839844,1364400
2015-10-28,78.20999908447266,78.47000122070312,74.47000122070312,75.19000244140625,69.34410095214844,2020300
2015-10-29,75.16999816894531,76.58000183105469,74.73999786376953,75.7699966430664,69.87899780273438,923700
2015-10-30,75.77999877929688,77.4800033569336,75.5,76.25,70.32169342041016,947200
2015-11-02,76.54000091552734,77.68000030517578,76.44999694824219,77.12999725341797,71.13325500488281,858200
2015-11-03,77.80000305175781,77.80999755859375,75.94000244140625,77.68000030517578,71.64049530029297,1379000
2015-11-04,77.68000030517578,77.87000274658203,76.70999908447266,77.41000366210938,71.39147186279297,1009300
2015-11-05,77.87000274658203,78.16999816894531,76.8499984741211,78.05999755859375,71.99095916748047,896200
2015-11-06,77.95999908447266,79.0,77.37000274658203,78.08000183105469,72.00941467285156,699400
2015-11-09,78.06999969482422,78.12000274658203,76.79000091552734,77.30999755859375,71.29928588867188,1262200
2015-11-10,76.9800033569336,78.5999984741211,76.9000015258789,78.56999969482422,72.46131134033203,964700
2015-11-11,78.88999938964844,78.95999908447266,77.47000122070312,77.56999969482422,71.5390625,690000
2015-11-12,77.52999877929688,77.98999786376953,76.62000274658203,76.68000030517578,70.71824645996094,955000
2015-11-13,76.5199966430664,77.0999984741211,75.80999755859375,75.95999908447266,70.2374267578125,1054500
2015-11-16,75.37999725341797,76.87999725341797,74.81999969482422,76.8499984741211,71.06038665771484,1281700
2015-11-17,77.0,79.38999938964844,76.56999969482422,77.54000091552734,71.69840240478516,1540400
2015-11-18,77.55999755859375,78.31999969482422,76.5999984741211,78.08999633789062,72.20695495605469,1070100
2015-11-19,78.5199966430664,79.56999969482422,78.43000030517578,79.2300033569336,73.26107025146484,822900
2015-11-20,79.58999633789062,81.94000244140625,79.48999786376953,81.86000061035156,75.69294738769531,1331500
2015-11-23,81.94999694824219,82.20999908447266,80.29000091552734,80.41000366210938,74.35218048095703,1019500
2015-11-24,79.31999969482422,79.91000366210938,77.5,79.5999984741211,73.60320281982422,1164600
2015-11-25,80.01000213623047,80.30999755859375,79.0199966430664,79.61000061035156,73.6124496459961,669600
2015-11-27,79.80999755859375,80.61000061035156,79.0199966430664,79.76000213623047,73.75114440917969,451500
2015-11-30,79.7699966430664,80.37000274658203,79.02999877929688,79.7300033569336,73.72341918945312,1083200
2015-12-01,79.83999633789062,81.22000122070312,79.66000366210938,81.16999816894531,75.05492401123047,885400
2015-12-02,81.76000213623047,83.22000122070312,80.93000030517578,81.69999694824219,75.54499053955078,1238600
2015-12-03,82.1500015258789,82.63999938964844,80.31999969482422,80.55000305175781,74.48162841796875,1366300
2015-12-04,81.62999725341797,85.44000244140625,81.5,84.91000366210938,78.51317596435547,1906900
2015-12-07,86.11000061035156,87.16999816894531,85.44000244140625,86.33000183105469,79.82618713378906,1782000
2015-12-08,85.79000091552734,86.44999694824219,84.19000244140625,85.62000274658203,79.169677734375,1650300
2015-12-09,85.1500015258789,86.56999969482422,82.94000244140625,83.51000213623047,77.21863555908203,1578700
2015-12-10,84.44999694824219,85.5,84.13999938964844,84.36000061035156,78.00458526611328,1182400
2015-12-11,83.5,83.5,81.95999908447266,82.7699966430664,76.53438568115234,1539900
2015-12-14,82.98999786376953,83.4800033569336,80.86000061035156,82.1500015258789,75.96109008789062,1198800
2015-12-15,82.58000183105469,82.86000061035156,81.55999755859375,82.12999725341797,75.94259643554688,1196900
2015-12-16,82.58999633789062,83.04000091552734,81.0,82.75,76.5158920288086,1095300
2015-12-17,82.79000091552734,84.25,81.0,81.12999725341797,75.01792907714844,1050700
2015-12-18,80.97000122070312,82.29000091552734,79.9000015258789,79.94999694824219,73.92683410644531,1417100
2015-12-21,80.79000091552734,82.87000274658203,80.79000091552734,82.5,76.28472900390625,1129500
2015-12-22,81.77999877929688,81.97000122070312,79.62000274658203,81.72000122070312,75.5634994506836,1399400
2015-12-23,81.5999984741211,82.72000122070312,80.3499984741211,82.16000366210938,75.9703369140625,906800
2015-12-24,82.11000061035156,83.41999816894531,82.01000213623047,82.12000274658203,75.933349609375,387200
2015-12-28,82.12999725341797,82.87000274658203,81.02999877929688,82.41999816894531,76.21073913574219,606400
2015-12-29,82.55000305175781,83.2699966430664,82.30999755859375,82.7699966430664,76.53438568115234,614000
2015-12-30,82.7699966430664,82.7699966430664,81.30000305175781,81.44000244140625,75.3045883178711,599700
2015-12-31,81.0,81.44999694824219,79.80000305175781,80.51000213623047,74.44464111328125,817500
2016-01-04,79.16000366210938,79.29000091552734,77.33000183105469,78.4000015258789,72.49359130859375,1441300
2016-01-05,78.4000015258789,79.16999816894531,76.55999755859375,77.08999633789062,71.28227233886719,1547000
2016-01-06,76.52999877929688,78.25,76.30000305175781,78.19999694824219,72.30866241455078,1387100
2016-01-07,76.56999969482422,77.19000244140625,72.87999725341797,73.98999786376953,68.41584014892578,1797200
2016-01-08,74.88999938964844,74.88999938964844,70.25,70.37999725341797,65.07780456542969,2723500
2016-01-11,70.66000366210938,71.77999877929688,69.11000061035156,70.66999816894531,65.34595489501953,1969900
2016-01-12,71.16000366210938,71.87999725341797,69.44999694824219,71.04000091552734,65.68807983398438,1364100
2016-01-13,71.12999725341797,71.43000030517578,67.25,67.66000366210938,62.56272888183594,1518700
2016-01-14,67.33000183105469,69.9000015258789,66.08999633789062,68.75,63.57060241699219,1496500
2016-01-15,67.66000366210938,69.8499984741211,66.5,68.7300033569336,63.552101135253906,2050900
2016-01-19,69.41999816894531,69.73999786376953,66.63999938964844,67.05000305175781,61.99869155883789,2205100
2016-01-20,66.7300033569336,68.83000183105469,64.18000030517578,67.16000366210938,62.100379943847656,2789800
2016-01-21,68.61000061035156,72.79000091552734,67.8499984741211,72.61000061035156,67.13978576660156,3660600
2016-01-22,74.37999725341797,74.37999725341797,71.80000305175781,72.86000061035156,67.37096405029297,2125700
2016-01-25,73.02999877929688,73.79000091552734,69.56999969482422,69.79000091552734,64.53225708007812,1701800
2016-01-26,70.1500015258789,71.36000061035156,68.87000274658203,71.33000183105469,65.95623779296875,1430100
2016-01-27,71.45999908447266,72.6500015258789,69.41999816894531,70.0199966430664,64.74493408203125,1507000
2016-01-28,69.83000183105469,70.02999877929688,67.2300033569336,68.56999969482422,63.40415573120117,1458400
2016-01-29,68.12999725341797,70.4000015258789,67.61000061035156,70.4000015258789,65.09628295898438,1435700
2016-02-01,70.05000305175781,70.94000244140625,69.47000122070312,70.29000091552734,64.99459838867188,1443800
2016-02-02,69.98999786376953,70.29000091552734,67.81999969482422,67.95999908447266,62.84010696411133,1049300
2016-02-03,68.30000305175781,68.31999969482422,65.58999633789062,67.2699966430664,62.202091217041016,1256900
2016-02-04,67.11000061035156,69.16999816894531,67.0999984741211,68.91000366210938,63.71855545043945,1158500
2016-02-05,68.4800033569336,69.05000305175781,64.12000274658203,64.55999755859375,59.696266174316406,1705600
2016-02-08,63.36000061035156,64.3499984741211,61.58000183105469,63.060001373291016,58.309261322021484,1509600
2016-02-09,62.220001220703125,66.1500015258789,61.689998626708984,65.62999725341797,60.68564987182617,1766800
2016-02-10,66.83999633789062,67.93000030517578,66.20999908447266,66.83999633789062,61.80447769165039,1387000
2016-02-11,65.86000061035156,67.38999938964844,65.43000030517578,66.94000244140625,61.896968841552734,1246300
2016-02-12,67.83999633789062,68.75,66.16000366210938,68.44000244140625,63.283958435058594,1193600
2016-02-16,68.9000015258789,69.83000183105469,68.19000244140625,69.5999984741211,64.35655975341797,933600
2016-02-17,69.9000015258789,71.94999694824219,69.72000122070312,71.7699966430664,66.36309051513672,1136000
2016-02-18,72.0,72.37999725341797,70.93000030517578,72.31999969482422,66.87165069580078,1547000
2016-02-19,71.47000122070312,72.4800033569336,71.31999969482422,72.33999633789062,67.14546203613281,1195300
2016-02-22,73.0999984741211,73.69999694824219,71.80000305175781,72.38999938964844,67.1918716430664,1193400
2016-02-23,72.0999984741211,73.02999877929688,71.58999633789062,72.73999786376953,67.51676177978516,905600
2016-02-24,72.31999969482422,73.69999694824219,71.05999755859375,73.5999984741211,68.31500244140625,1026900
2016-02-25,73.68000030517578,75.0,73.20999908447266,74.91000366210938,69.53091430664062,998500
2016-02-26,75.0,75.51000213623047,73.62000274658203,74.56999969482422,69.21533203125,968400
2016-02-29,74.08999633789062,74.56999969482422,73.8499984741211,73.9000015258789,68.59344482421875,1033700
2016-03-01,74.19999694824219,77.0999984741211,73.95999908447266,77.06999969482422,71.53582000732422,1364700
2016-03-02,76.6500015258789,77.63999938964844,76.0,77.26000213623047,71.71217346191406,1069900
2016-03-03,77.06999969482422,78.48999786376953,76.7300033569336,78.25,72.6310806274414,1098500
2016-03-04,78.44999694824219,78.44999694824219,76.80000305175781,77.66999816894531,72.09272766113281,1106700
2016-03-07,77.05000305175781,77.7699966430664,76.18000030517578,77.19999694824219,71.6564712524414,1124200
2016-03-08,76.04000091552734,77.36000061035156,75.08000183105469,76.4000015258789,70.9139404296875,1543100
2016-03-09,76.97000122070312,78.0199966430664,76.05999755859375,77.31999969482422,71.76786041259766,822200
2016-03-10,77.38999938964844,77.80999755859375,75.1500015258789,76.38999938964844,70.90464782714844,1171700
2016-03-11,77.83000183105469,80.77999877929688,77.62000274658203,80.7699966430664,74.97013092041016,1735300
2016-03-14,80.23999786376953,80.69999694824219,79.19999694824219,79.79000091552734,74.06050109863281,1232600
2016-03-15,79.4000015258789,80.08000183105469,79.08999633789062,79.98999786376953,74.24613189697266,793900
2016-03-16,79.5,80.70999908447266,79.41999816894531,80.52999877929688,74.74736022949219,846400
2016-03-17,80.41999816894531,81.44999694824219,80.08999633789062,80.9800033569336,75.1650619506836,1109300
2016-03-18,80.69999694824219,83.0,80.55000305175781,82.02999877929688,76.1396484375,1966300
2016-03-21,82.27999877929688,82.58999633789062,81.91000366210938,82.26000213623047,76.35313415527344,1098300
2016-03-22,81.19999694824219,82.4800033569336,81.02999877929688,82.02999877929688,76.1396484375,694000
2016-03-23,81.80000305175781,82.04000091552734,80.55999755859375,81.12000274658203,75.29501342773438,1279200
2016-03-24,80.47000122070312,80.58999633789062,79.41999816894531,80.58999633789062,74.80305480957031,1159700
2016-03-28,80.5199966430664,82.9000015258789,80.04000091552734,81.48999786376953,75.63843536376953,1267900
2016-03-29,81.54000091552734,82.7300033569336,81.18000030517578,82.3499984741211,76.4366683959961,1196400
2016-03-30,82.58999633789062,83.0,82.0,82.33000183105469,76.41809844970703,985800
2016-03-31,82.38999938964844,83.08999633789062,81.80999755859375,82.0199966430664,76.13037872314453,1102400
2016-04-01,81.26000213623047,82.08000183105469,80.43000030517578,82.01000213623047,76.12108612060547,1021400
2016-04-04,78.22000122070312,78.9800033569336,77.01000213623047,78.91999816894531,73.25296020507812,6457100
2016-04-05,78.38999938964844,81.47000122070312,78.25,79.68000030517578,73.95840454101562,2760900
2016-04-06,79.95999908447266,80.0999984741211,78.29000091552734,79.63999938964844,73.9212646484375,1659300
2016-04-07,79.44999694824219,79.66000366210938,77.69000244140625,78.27999877929688,72.65892028808594,1481100
2016-04-08,78.70999908447266,79.44999694824219,78.16000366210938,79.08000183105469,73.4014892578125,910900
2016-04-11,79.77999877929688,80.44999694824219,78.47000122070312,78.4800033569336,72.8445816040039,1423100
2016-04-12,78.87999725341797,79.88999938964844,78.75,79.25,73.55928802490234,977500
2016-04-13,80.02999877929688,82.0,79.7300033569336,81.87000274658203,75.99114227294922,1118500
2016-04-14,82.13999938964844,83.26000213623047,81.81999969482422,81.86000061035156,75.98186492919922,1153200
2016-04-15,81.8499984741211,82.55000305175781,81.33000183105469,82.37999725341797,76.46451568603516,1103900
2016-04-18,82.51000213623047,82.75,81.0,82.23999786376953,76.3345718383789,970400
2016-04-19,82.36000061035156,82.72000122070312,81.33999633789062,82.12000274658203,76.22319030761719,932200
2016-04-20,82.0999984741211,82.68000030517578,81.52999877929688,81.5999984741211,75.74053192138672,1206800
2016-04-21,81.43000030517578,82.08999633789062,78.79000091552734,79.37999725341797,73.6799545288086,1503900
2016-04-22,77.69999694824219,78.20999908447266,75.7300033569336,76.80999755859375,71.29447937011719,2540600
2016-04-25,76.66999816894531,77.20999908447266,74.4000015258789,74.44999694824219,69.10395050048828,2335200
2016-04-26,74.56999969482422,75.4800033569336,73.08000183105469,74.3499984741211,69.0111312866211,1803100
2016-04-27,74.23999786376953,75.08999633789062,73.52999877929688,73.58000183105469,68.2964096069336,1357700
2016-04-28,73.5,73.58000183105469,71.83000183105469,72.01000213623047,66.83917236328125,1032700
2016-04-29,71.55999755859375,71.63999938964844,70.12000274658203,70.43000030517578,65.37261199951172,2065600
2016-05-02,70.55999755859375,71.0,70.27999877929688,70.52999877929688,65.46544647216797,1100200
2016-05-03,70.5,70.9000015258789,69.5999984741211,70.41000366210938,65.35404968261719,1408800
2016-05-04,69.68000030517578,69.88999938964844,68.9000015258789,69.0999984741211,64.13812255859375,1263100
2016-05-05,69.08999633789062,70.16999816894531,68.94000244140625,69.13999938964844,64.17524719238281,1249000
2016-05-06,68.68000030517578,69.0199966430664,67.19999694824219,68.51000213623047,63.590492248535156,1190400
2016-05-09,68.97000122070312,69.80000305175781,68.76000213623047,68.80000305175781,63.85966873168945,1278600
2016-05-10,69.30999755859375,69.87000274658203,68.80000305175781,69.33000183105469,64.35160827636719,935700
2016-05-11,68.69999694824219,69.41999816894531,67.41000366210938,67.5999984741211,62.745845794677734,3733300
2016-05-12,68.02999877929688,68.13999938964844,65.12000274658203,65.56999969482422,60.86160659790039,27347100
2016-05-13,65.72000122070312,67.13999938964844,65.5,66.26000213623047,61.502052307128906,2238100
2016-05-16,66.61000061035156,67.19999694824219,65.2699966430664,66.30999755859375,61.54845428466797,2451200
2016-05-17,66.38999938964844,67.27999877929688,65.0999984741211,65.44000244140625,60.740936279296875,2756600
2016-05-18,65.48999786376953,67.48999786376953,65.30000305175781,66.41999816894531,61.65056610107422,1734600
2016-05-19,66.05999755859375,66.58000183105469,64.43000030517578,65.38999938964844,60.694522857666016,1737400
2016-05-20,65.6500015258789,66.2699966430664,65.06999969482422,65.20999908447266,60.78307342529297,1131800
2016-05-23,65.54000091552734,66.04000091552734,65.18000030517578,65.33999633789062,60.90424728393555,1269800
2016-05-24,65.83999633789062,67.0,65.79000091552734,66.87000274658203,62.33039474487305,1724300
2016-05-25,66.8499984741211,68.0,66.7300033569336,66.91000366210938,62.36766815185547,1413800
2016-05-26,66.7699966430664,67.06999969482422,65.62000274658203,66.13999938964844,61.649940490722656,1347000
2016-05-27,66.29000091552734,67.08999633789062,66.16000366210938,66.81999969482422,62.28376770019531,1086700
2016-05-31,66.63999938964844,66.81999969482422,65.55999755859375,66.4000015258789,61.892303466796875,1329700
2016-06-01,66.4000015258789,66.4000015258789,65.69999694824219,65.95999908447266,61.48216247558594,1859700
2016-06-02,65.58999633789062,66.51000213623047,65.51000213623047,65.94000244140625,61.46352005004883,1296100
2016-06-03,65.9000015258789,65.95999908447266,64.2699966430664,65.08000183105469,60.661903381347656,1672800
2016-06-06,65.0,65.25,64.2300033569336,65.20999908447266,60.78307342529297,1453500
2016-06-07,65.0,66.79000091552734,65.0,66.33000183105469,61.82704544067383,1813200
2016-06-08,66.30999755859375,67.43000030517578,66.05999755859375,66.38999938964844,61.88297653198242,1553300
2016-06-09,66.38999938964844,67.94999694824219,66.38999938964844,67.5,62.91762161254883,2062500
2016-06-10,66.9000015258789,67.51000213623047,66.33999633789062,66.91999816894531,62.37698745727539,1117800
2016-06-13,66.30999755859375,66.4800033569336,64.22000122070312,64.29000091552734,59.9255256652832,1481900
2016-06-14,63.90999984741211,64.26000213623047,61.0,61.52000045776367,57.34357833862305,2078500
2016-06-15,61.619998931884766,63.209999084472656,60.970001220703125,61.15999984741211,57.00802230834961,2381200
2016-06-16,60.7400016784668,61.18000030517578,60.029998779296875,60.369998931884766,56.27164840698242,1750200
2016-06-17,60.310001373291016,60.650001525878906,59.47999954223633,59.880001068115234,55.81491470336914,2438000
2016-06-20,60.529998779296875,60.70000076293945,59.31999969482422,59.47999954223633,55.44207763671875,1786800
2016-06-21,60.11000061035156,61.43000030517578,59.790000915527344,60.459999084472656,56.35554504394531,1842700
2016-06-22,60.459999084472656,61.08000183105469,59.599998474121094,59.68000030517578,55.62849426269531,1331300
2016-06-23,60.349998474121094,60.470001220703125,58.7400016784668,59.13999938964844,55.125160217285156,1764500
2016-06-24,57.02000045776367,58.2400016784668,56.290000915527344,56.4900016784668,52.65504455566406,3622400
2016-06-27,55.54999923706055,55.900001525878906,54.5099983215332,55.65999984741211,51.88140106201172,3100800
2016-06-28,56.54999923706055,56.91999816894531,55.33000183105469,56.709999084472656,52.86012268066406,1969300
2016-06-29,57.13999938964844,58.06999969482422,56.880001068115234,57.689998626708984,53.77359390258789,1878600
2016-06-30,57.95000076293945,58.290000915527344,57.29999923706055,58.290000915527344,54.33285140991211,1792100
2016-07-01,58.2400016784668,59.060001373291016,58.04999923706055,58.7400016784668,54.752296447753906,1421500
2016-07-05,58.560001373291016,58.75,57.61000061035156,58.630001068115234,54.6497688293457,1352300
2016-07-06,57.869998931884766,58.59000015258789,56.45000076293945,58.540000915527344,54.56589126586914,2203500
2016-07-07,58.369998931884766,59.939998626708984,58.310001373291016,59.470001220703125,55.43274688720703,1228500
2016-07-08,59.720001220703125,60.540000915527344,59.720001220703125,59.86000061035156,55.79627227783203,2276400
2016-07-11,60.16999816894531,60.72999954223633,59.900001525878906,60.15999984741211,56.07590866088867,1519400
2016-07-12,61.27000045776367,63.45000076293945,61.189998626708984,63.25,58.95613479614258,2451400
2016-07-13,63.84000015258789,64.0,62.709999084472656,63.16999816894531,58.881561279296875,1772100
2016-07-14,63.709999084472656,64.88999938964844,63.290000915527344,64.86000061035156,60.456844329833984,2132100
2016-07-15,64.66999816894531,65.19000244140625,64.20999908447266,65.04000091552734,60.62461853027344,2810000
2016-07-18,64.91999816894531,65.44999694824219,64.18000030517578,64.23999786376953,59.878929138183594,1430600
2016-07-19,63.84000015258789,64.11000061035156,63.15999984741211,63.869998931884766,59.53404235839844,1253200
2016-07-20,64.02999877929688,64.20999908447266,63.22999954223633,63.4900016784668,59.179847717285156,1918300
2016-07-21,62.95000076293945,65.52999877929688,61.61000061035156,64.70999908447266,60.31702423095703,2829200
2016-07-22,65.16999816894531,65.55000305175781,64.30000305175781,64.5999984741211,60.21449279785156,1784800
2016-07-25,65.6500015258789,66.1500015258789,65.01000213623047,65.4000015258789,60.960174560546875,1580600
2016-07-26,65.66000366210938,66.58000183105469,64.88999938964844,66.52999877929688,62.013465881347656,1535100
2016-07-27,67.80000305175781,68.01000213623047,67.01000213623047,67.87000274658203,63.26251220703125,2404700
2016-07-28,67.69999694824219,68.55000305175781,67.47000122070312,68.45999908447266,63.81245040893555,1845900
2016-07-29,68.44000244140625,68.8499984741211,67.16999816894531,67.22000122070312,62.65663528442383,2003100
2016-08-01,67.3499984741211,67.68000030517578,66.6500015258789,67.6500015258789,63.057430267333984,1317600
2016-08-02,67.2300033569336,67.36000061035156,64.66999816894531,64.88999938964844,60.484806060791016,2138800
2016-08-03,64.6500015258789,65.56999969482422,64.5,65.0999984741211,60.680545806884766,1055400
2016-08-04,65.13999938964844,65.30999755859375,64.51000213623047,65.0999984741211,60.680545806884766,915600
2016-08-05,65.55999755859375,66.41000366210938,65.4000015258789,66.2300033569336,61.73383712768555,962200
2016-08-08,66.0999984741211,66.36000061035156,65.52999877929688,65.86000061035156,61.388954162597656,941000
2016-08-09,66.16000366210938,66.36000061035156,64.93000030517578,64.98999786376953,60.5780143737793,1032100
2016-08-10,64.95999908447266,65.05999755859375,64.25,64.83999633789062,60.43819046020508,958000
2016-08-11,65.52999877929688,66.61000061035156,65.47000122070312,66.11000061035156,61.62198257446289,1269700
2016-08-12,65.88999938964844,66.23999786376953,65.33000183105469,65.37999725341797,60.9415397644043,577400
2016-08-15,65.54000091552734,66.45999908447266,65.05000305175781,66.12000274658203,61.63130187988281,814600
2016-08-16,65.69000244140625,66.4000015258789,65.36000061035156,66.0,61.7763786315918,819500
2016-08-17,65.97000122070312,67.37000274658203,65.77999877929688,67.3499984741211,63.03998565673828,1514200
2016-08-18,67.19999694824219,67.91000366210938,66.7300033569336,67.69999694824219,63.367576599121094,2154300
2016-08-19,67.29000091552734,67.72000122070312,66.69999694824219,67.06999969482422,62.77790832519531,1094600
2016-08-22,66.80000305175781,67.06999969482422,66.36000061035156,66.86000061035156,62.581329345703125,789200
2016-08-23,67.13999938964844,67.87999725341797,66.94999694824219,67.3499984741211,63.03998565673828,839500
2016-08-24,67.18000030517578,68.30000305175781,67.18000030517578,67.91999816894531,63.5734977722168,840800
2016-08-25,67.72000122070312,68.4800033569336,67.68000030517578,68.33999633789062,63.96662521362305,1027200
2016-08-26,68.19000244140625,68.33000183105469,67.01000213623047,67.2699966430664,62.96510314941406,956700
2016-08-29,67.30999755859375,67.62000274658203,66.95999908447266,67.04000091552734,62.749820709228516,901300
2016-08-30,67.12000274658203,68.33000183105469,66.7300033569336,67.55000305175781,63.22719192504883,1461600
2016-08-31,67.43000030517578,67.86000061035156,66.5,67.52999877929688,63.20846939086914,1122900
2016-09-01,67.80999755859375,68.44000244140625,67.08000183105469,67.26000213623047,62.95574188232422,915900
2016-09-02,67.26000213623047,68.25,67.26000213623047,68.20999908447266,63.84494400024414,692600
2016-09-06,68.25,69.01000213623047,68.0199966430664,69.0,64.58440399169922,1030000
2016-09-07,69.27999877929688,71.30000305175781,69.2699966430664,71.02999877929688,66.48448181152344,1738800
2016-09-08,70.86000061035156,71.62999725341797,70.77999877929688,71.31999969482422,66.75592803955078,1437900
2016-09-09,70.95999908447266,71.08999633789062,68.86000061035156,68.86000061035156,64.45336151123047,1359300
2016-09-12,68.3499984741211,70.0,67.69000244140625,69.79000091552734,65.3238525390625,1170800
2016-09-13,69.56999969482422,70.29000091552734,68.1500015258789,68.31999969482422,63.947914123535156,1381500
2016-09-14,68.25,68.44000244140625,66.52999877929688,66.6500015258789,62.38479232788086,1305500
2016-09-15,66.58000183105469,67.4000015258789,65.95999908447266,66.80999755859375,62.534542083740234,1184700
2016-09-16,66.55999755859375,66.87000274658203,65.62999725341797,65.69999694824219,61.49558639526367,1140400
2016-09-19,65.80000305175781,66.56999969482422,65.55999755859375,65.69000244140625,61.486228942871094,1231800
2016-09-20,65.9000015258789,66.2699966430664,65.48999786376953,65.5,61.308380126953125,551100
2016-09-21,65.83000183105469,66.91000366210938,65.25,66.69999694824219,62.43157958984375,1320900
2016-09-22,67.05000305175781,67.9800033569336,65.58000183105469,66.04000091552734,61.81382369995117,2125700
2016-09-23,65.7300033569336,66.62999725341797,65.36000061035156,65.7699966430664,61.56109619140625,2330700
2016-09-26,65.62000274658203,65.69000244140625,64.19000244140625,64.5999984741211,60.465972900390625,1410300
2016-09-27,64.75,66.13999938964844,64.7300033569336,65.98999786376953,61.76702117919922,1118700
2016-09-28,66.29000091552734,67.69999694824219,66.02999877929688,66.19999694824219,61.96357727050781,1091100
2016-09-29,66.01000213623047,66.51000213623047,65.2699966430664,65.30999755859375,61.13053894042969,785000
2016-09-30,65.5999984741211,66.3499984741211,65.29000091552734,65.86000061035156,61.64533615112305,884100
2016-10-03,65.5999984741211,67.12000274658203,65.5999984741211,67.08999633789062,62.79662322998047,1041600
2016-10-04,68.41999816894531,69.62000274658203,68.0,68.70999908447266,64.31295776367188,1956100
2016-10-05,68.62000274658203,68.83999633789062,67.76000213623047,68.30999755859375,63.93854904174805,1010900
2016-10-06,68.37999725341797,69.11000061035156,68.16999816894531,69.08999633789062,64.66862487792969,821400
2016-10-07,69.06999969482422,69.19999694824219,67.88999938964844,68.11000061035156,63.751346588134766,1197700
2016-10-10,68.29000091552734,69.94000244140625,68.16999816894531,69.91000366210938,65.4361801147461,846100
2016-10-11,70.0,70.23999786376953,69.11000061035156,69.33000183105469,64.89327239990234,1454200
2016-10-12,69.86000061035156,71.25,69.86000061035156,70.43000030517578,65.9228744506836,2022000
2016-10-13,71.01000213623047,73.19000244140625,70.13999938964844,72.95999908447266,68.29098510742188,2156800
2016-10-14,73.18000030517578,73.69999694824219,71.69999694824219,72.30999755859375,67.68257141113281,1155900
2016-10-17,72.33000183105469,73.29000091552734,71.9000015258789,71.94000244140625,67.33625793457031,810300
2016-10-18,72.44999694824219,73.16999816894531,71.5999984741211,72.11000061035156,67.49537658691406,1098400
2016-10-19,72.04000091552734,73.5199966430664,71.77999877929688,73.45999908447266,68.75899505615234,1289700
2016-10-20,74.2300033569336,75.30999755859375,72.81999969482422,75.29000091552734,70.47186279296875,1623300
2016-10-21,74.33000183105469,75.05000305175781,73.87000274658203,74.55999755859375,69.78858184814453,1111300
2016-10-24,74.87999725341797,75.04000091552734,73.5,73.61000061035156,68.89937591552734,779500
2016-10-25,73.41999816894531,73.98999786376953,72.31999969482422,72.4000015258789,67.76680755615234,1235100
2016-10-26,70.5,72.87999725341797,70.44999694824219,71.12999725341797,66.57808685302734,1546700
2016-10-27,71.47000122070312,72.2699966430664,70.62999725341797,71.12000274658203,66.5687255859375,895300
2016-10-28,71.22000122070312,72.4000015258789,71.06999969482422,71.77999877929688,67.18648529052734,721500
2016-10-31,72.08000183105469,72.30999755859375,71.44000244140625,72.22000122070312,67.59833526611328,679800
2016-11-01,72.23999786376953,72.8499984741211,70.66000366210938,71.43000030517578,66.85889434814453,736400
2016-11-02,71.55000305175781,72.94000244140625,70.91000366210938,70.95999908447266,66.41896057128906,1027700
2016-11-03,70.95999908447266,71.2300033569336,69.56999969482422,69.66000366210938,65.20216369628906,884600
2016-11-04,69.69999694824219,71.05000305175781,69.12000274658203,70.26000213623047,65.76376342773438,1161100
2016-11-07,71.37999725341797,72.58999633789062,70.87999725341797,72.56999969482422,67.92593383789062,1119900
2016-11-08,72.45999908447266,73.0999984741211,71.7699966430664,72.70999908447266,68.0569839477539,839500
2016-11-09,71.23999786376953,73.62000274658203,70.87000274658203,73.18000030517578,68.49689483642578,859900
2016-11-10,73.33999633789062,75.41999816894531,73.29000091552734,74.97000122070312,70.4370346069336,1519400
2016-11-11,74.5199966430664,75.33000183105469,74.13999938964844,75.2300033569336,70.68132781982422,759500
2016-11-14,75.70999908447266,78.0999984741211,75.5999984741211,77.83000183105469,73.1241226196289,1269000
2016-11-15,79.20999908447266,80.4000015258789,77.6500015258789,78.23999786376953,73.50932312011719,1249600
2016-11-16,78.0,78.29000091552734,77.30999755859375,77.7699966430664,73.06774139404297,860600
2016-11-17,77.66000366210938,78.9000015258789,77.4800033569336,78.8499984741211,74.08245086669922,679900
2016-11-18,78.48999786376953,82.1500015258789,77.9000015258789,79.47000122070312,74.66495513916016,959800
2016-11-21,79.5,79.56999969482422,78.72000122070312,78.77999877929688,74.01667785644531,796000
2016-11-22,79.12999725341797,81.86000061035156,79.08999633789062,81.52999877929688,76.60040283203125,1464500
2016-11-23,81.47000122070312,83.0,80.51000213623047,82.95999908447266,77.94393920898438,1578200
2016-11-25,83.0,83.37999725341797,82.45999908447266,82.75,77.74664306640625,421900
2016-11-28,82.33999633789062,83.19999694824219,81.80999755859375,82.43000030517578,77.44599151611328,1003100
2016-11-29,82.47000122070312,83.47000122070312,82.0999984741211,82.77999877929688,77.77481842041016,705600
2016-11-30,81.41999816894531,83.26000213623047,80.0,82.2699966430664,77.295654296875,1742800
2016-12-01,81.9000015258789,83.66999816894531,80.72000122070312,82.86000061035156,77.84998321533203,1321300
2016-12-02,83.0,84.93000030517578,82.58999633789062,84.83000183105469,79.70088195800781,1808700
2016-12-05,84.9800033569336,85.08000183105469,82.12999725341797,83.12000274658203,78.0942611694336,1964100
2016-12-06,83.20999908447266,84.87999725341797,82.81999969482422,84.80000305175781,79.6727066040039,1539600
2016-12-07,84.70999908447266,88.12000274658203,84.5199966430664,87.66999816894531,82.36915588378906,1821000
2016-12-08,87.55999755859375,89.45999908447266,86.5,88.55000305175781,83.19596099853516,1555200
2016-12-09,88.88999938964844,90.2699966430664,88.88999938964844,89.7699966430664,84.34217071533203,1329000
2016-12-12,89.05000305175781,89.2300033569336,86.2699966430664,86.7300033569336,81.48599243164062,1274900
2016-12-13,87.01000213623047,88.81999969482422,86.55999755859375,86.87000274658203,81.61753845214844,1249900
2016-12-14,86.66000366210938,87.88999938964844,86.20999908447266,86.37999725341797,81.15714263916016,1033100
2016-12-15,87.26000213623047,91.62000274658203,87.0999984741211,90.12000274658203,84.67100524902344,1745800
2016-12-16,90.79000091552734,91.52999877929688,88.72000122070312,88.7300033569336,83.36505889892578,2476300
2016-12-19,88.91999816894531,90.68000030517578,88.91999816894531,90.33000183105469,84.86832427978516,1094000
2016-12-20,90.63999938964844,91.88999938964844,90.26000213623047,91.55999755859375,86.02395629882812,884100
2016-12-21,91.26000213623047,91.58999633789062,90.05000305175781,91.12000274658203,85.61056518554688,899500
2016-12-22,91.22000122070312,91.33999633789062,88.75,89.0999984741211,83.71269226074219,1099600
2016-12-23,89.37999725341797,90.47000122070312,89.36000061035156,90.43000030517578,84.96226501464844,794500
2016-12-27,90.87000274658203,91.37000274658203,90.12999725341797,90.54000091552734,85.06564331054688,654700
2016-12-28,90.44000244140625,91.0199966430664,88.63999938964844,88.69000244140625,83.32748413085938,666000
2016-12-29,88.70999908447266,89.36000061035156,87.83999633789062,88.52999877929688,83.17715454101562,770500
2016-12-30,88.73999786376953,89.13999938964844,88.0199966430664,88.7300033569336,83.36505889892578,931000
2017-01-03,88.91999816894531,91.0,87.91000366210938,88.0,82.67920684814453,1387500
2017-01-04,87.55000305175781,89.43000030517578,86.63999938964844,89.18000030517578,83.78784942626953,1362900
2017-01-05,89.16000366210938,89.7300033569336,87.5,87.76000213623047,82.45372772216797,1499700
2017-01-06,87.61000061035156,87.69000244140625,86.30000305175781,86.9800033569336,81.72090148925781,929700
2017-01-09,86.77999877929688,88.3499984741211,86.22000122070312,87.47000122070312,82.18124389648438,1287200
2017-01-10,88.45999908447266,92.48999786376953,88.45999908447266,92.0,86.4373550415039,2126500
2017-01-11,92.80000305175781,94.80000305175781,91.77999877929688,93.80000305175781,88.12850952148438,2537800
2017-01-12,93.22000122070312,93.97000122070312,91.63999938964844,93.26000213623047,87.62116241455078,1524900
2017-01-13,93.30000305175781,94.4000015258789,93.08999633789062,94.31999969482422,88.61707305908203,833300
2017-01-17,94.0,94.80000305175781,92.68000030517578,93.41000366210938,87.76210021972656,1092900
2017-01-18,92.48999786376953,93.4800033569336,91.75,92.93000030517578,87.31112670898438,1829100
2017-01-19,93.29000091552734,94.69999694824219,93.2300033569336,94.22000122070312,88.52311706542969,1505000
2017-01-20,94.29000091552734,94.7300033569336,93.80000305175781,94.70999908447266,88.98348999023438,1318800
2017-01-23,94.37999725341797,94.80000305175781,92.69999694824219,93.06999969482422,87.4426498413086,926100
2017-01-24,93.01000213623047,93.8499984741211,92.54000091552734,92.86000061035156,87.24534606933594,868600
2017-01-25,93.55000305175781,94.16999816894531,93.06999969482422,93.37999725341797,87.73390197753906,700300
2017-01-26,93.75,96.02999877929688,93.5199966430664,95.9000015258789,90.1015396118164,1266400
2017-01-27,96.05000305175781,96.2699966430664,95.0,95.12999725341797,89.37809753417969,1566800
2017-01-30,94.05999755859375,94.30999755859375,92.22000122070312,94.16000366210938,88.46675109863281,1173600
2017-01-31,93.68000030517578,94.0,92.87000274658203,93.81999969482422,88.1473159790039,932500
2017-02-01,93.83000183105469,94.68000030517578,93.02999877929688,93.62999725341797,87.96880340576172,830200
2017-02-02,92.94000244140625,94.6500015258789,92.37000274658203,94.52999877929688,88.81438446044922,1174700
2017-02-03,94.69000244140625,95.33999633789062,93.55000305175781,94.08999633789062,88.40097045898438,933000
2017-02-06,94.75,95.79000091552734,94.30999755859375,95.12000274658203,89.36869812011719,864000
2017-02-07,95.41999816894531,95.44999694824219,93.91999816894531,94.0999984741211,88.41038513183594,1572900
2017-02-08,95.0999984741211,98.80000305175781,94.9800033569336,97.19999694824219,91.32292175292969,2683600
2017-02-09,97.08000183105469,98.88999938964844,95.12000274658203,98.41000366210938,92.45978546142578,2164000
2017-02-10,98.37000274658203,98.83000183105469,97.16000366210938,97.3499984741211,91.4638671875,1258000
2017-02-13,97.47000122070312,98.4000015258789,97.36000061035156,98.0199966430664,92.09334564208984,1077600
2017-02-14,98.11000061035156,98.30000305175781,95.66000366210938,96.30000305175781,90.47734832763672,1252300
2017-02-15,97.11000061035156,97.75,96.30999755859375,96.95999908447266,91.09742736816406,1449100
2017-02-16,96.98999786376953,97.26000213623047,95.80000305175781,96.69000244140625,91.12572479248047,1296800
2017-02-17,96.12000274658203,96.69000244140625,95.30999755859375,96.5999984741211,91.0409164428711,910000
2017-02-21,96.33999633789062,97.0999984741211,95.91000366210938,96.61000061035156,91.05033111572266,1068200
2017-02-22,96.37999725341797,97.5199966430664,96.23999786376953,97.25,91.65349578857422,870900
2017-02-23,97.25,97.69000244140625,95.77999877929688,95.88999938964844,90.37176513671875,822100
2017-02-24,95.19999694824219,97.05999755859375,94.83000183105469,97.01000213623047,91.42731475830078,653800
2017-02-27,96.76000213623047,97.87000274658203,96.2300033569336,97.83999633789062,92.20954132080078,778800
2017-02-28,97.91000366210938,98.76000213623047,97.4000015258789,97.81999969482422,92.19070434570312,1163100
2017-03-01,98.04000091552734,101.43000030517578,98.04000091552734,100.23999786376953,94.47142791748047,1562400
2017-03-02,99.91000366210938,100.08999633789062,96.22000122070312,96.36000061035156,90.81471252441406,1838200
2017-03-03,96.55000305175781,99.22000122070312,96.51000213623047,98.94000244140625,93.24625396728516,1535800
2017-03-06,98.47000122070312,98.80999755859375,95.52999877929688,96.62999725341797,91.06917572021484,1770100
2017-03-07,96.1500015258789,96.43000030517578,94.88999938964844,95.12000274658203,89.64606475830078,1235200
2017-03-08,95.2699966430664,95.98999786376953,94.18000030517578,95.19999694824219,89.72146606445312,1298500
2017-03-09,95.38999938964844,96.33000183105469,94.4800033569336,94.77999877929688,89.32563781738281,1205000
2017-03-10,94.58000183105469,96.68000030517578,94.33999633789062,96.61000061035156,91.05033111572266,1217100
2017-03-13,96.33000183105469,98.30000305175781,96.16999816894531,96.58000183105469,91.02206420898438,1375500
2017-03-14,96.22000122070312,96.38999938964844,94.13999938964844,94.5,89.06175231933594,1132800
2017-03-15,93.11000061035156,95.9000015258789,92.33000183105469,95.36000061035156,89.87227630615234,1876100
2017-03-16,95.37999725341797,95.81999969482422,93.66000366210938,94.13999938964844,88.72246551513672,1396100
2017-03-17,94.55000305175781,94.58999633789062,93.2699966430664,93.36000061035156,87.98735809326172,1321300
2017-03-20,95.19000244140625,95.25,93.8499984741211,94.81999969482422,89.36334228515625,1498800
2017-03-21,95.4000015258789,95.4000015258789,92.01000213623047,92.11000061035156,86.80929565429688,1492900
2017-03-22,91.66000366210938,92.95999908447266,89.0,92.91999816894531,87.57268524169922,1678700
2017-03-23,92.98999786376953,95.23999786376953,92.36000061035156,94.05000305175781,88.63765716552734,1331300
2017-03-24,94.23999786376953,95.36000061035156,93.05999755859375,94.69999694824219,89.25023651123047,856900
2017-03-27,93.44000244140625,95.43000030517578,93.13999938964844,95.0,89.53298950195312,1063900
2017-03-28,94.97000122070312,97.05999755859375,94.7300033569336,96.33000183105469,90.78644561767578,1571800
2017-03-29,96.5,96.58000183105469,93.75,94.30000305175781,88.87325286865234,1317900
2017-03-30,94.36000061035156,94.93000030517578,93.4000015258789,93.66000366210938,88.27008819580078,2143600
2017-03-31,93.36000061035156,93.56999969482422,92.18000030517578,92.22000122070312,86.9129638671875,1856900
2017-04-03,92.41999816894531,92.56999969482422,90.69999694824219,92.37000274658203,87.05432891845703,1978900
2017-04-04,92.13999938964844,92.58999633789062,90.12000274658203,90.22000122070312,85.02804565429688,1278600
2017-04-05,90.80999755859375,91.41999816894531,89.97000122070312,90.05000305175781,84.86782836914062,1188500
2017-04-06,90.27999877929688,90.70999908447266,89.08999633789062,89.43000030517578,84.28353118896484,1509700
2017-04-07,88.98999786376953,89.81999969482422,88.41000366210938,89.16999816894531,84.03848266601562,1277000
2017-04-10,89.4000015258789,90.05000305175781,88.80000305175781,89.04000091552734,83.91596221923828,1056800
2017-04-11,88.79000091552734,89.66000366210938,87.73999786376953,88.83999633789062,83.72747039794922,1314400
2017-04-12,89.5999984741211,90.0,88.2699966430664,88.66000366210938,83.55781555175781,1545300
2017-04-13,88.33000183105469,88.55000305175781,86.30000305175781,86.33000183105469,81.36190795898438,1577600
2017-04-17,86.58999633789062,87.13999938964844,86.12000274658203,86.91000366210938,81.90855407714844,984800
2017-04-18,86.97000122070312,87.66000366210938,85.75,86.52999877929688,81.5504150390625,1106300
2017-04-19,86.94000244140625,87.94000244140625,86.58000183105469,87.19000244140625,82.17243957519531,894200
2017-04-20,87.5999984741211,88.63999938964844,87.19999694824219,88.37000274658203,83.2845230102539,797700
2017-04-21,88.44999694824219,89.30999755859375,88.11000061035156,89.11000061035156,83.98194122314453,1147000
2017-04-24,90.75,91.43000030517578,90.06999969482422,90.68000030517578,85.46157836914062,1342000
2017-04-25,91.0,91.91000366210938,90.69000244140625,91.41999816894531,86.15898132324219,1615500
2017-04-26,90.3499984741211,91.94999694824219,88.18000030517578,88.25,83.17141723632812,2385800
2017-04-27,86.18000030517578,86.33999633789062,83.76000213623047,84.93000030517578,80.04246520996094,3162800
2017-04-28,84.9800033569336,85.69000244140625,84.80000305175781,85.08999633789062,80.19326782226562,1172500
2017-05-01,85.33999633789062,85.62000274658203,84.41000366210938,84.41999816894531,79.56181335449219,1117100
2017-05-02,84.4000015258789,86.69000244140625,84.38999938964844,86.48999786376953,81.51270294189453,1680000
2017-05-03,86.4000015258789,86.83000183105469,85.54000091552734,86.5999984741211,81.61637878417969,1178600
2017-05-04,86.68000030517578,87.30999755859375,84.95999908447266,85.43000030517578,80.51371002197266,1256900
2017-05-05,85.72000122070312,85.83000183105469,84.62999725341797,85.23999786376953,80.33464813232422,947200
2017-05-08,85.2699966430664,85.44000244140625,83.44000244140625,83.52999877929688,78.7230453491211,2579300
2017-05-09,84.2300033569336,84.5999984741211,83.22000122070312,84.20999908447266,79.3639144897461,1635400
2017-05-10,84.08000183105469,84.41999816894531,83.11000061035156,83.19000244140625,78.40262603759766,1282100
2017-05-11,83.1500015258789,83.91000366210938,82.37000274658203,83.6500015258789,78.83615112304688,1804300
2017-05-12,83.44999694824219,84.33000183105469,83.37000274658203,83.58999633789062,78.77959442138672,1533500
2017-05-15,84.30999755859375,85.87999725341797,84.30999755859375,84.87000274658203,79.98594665527344,1494000
2017-05-16,85.22000122070312,85.22000122070312,83.81999969482422,84.7300033569336,79.85399627685547,1601900
2017-05-17,84.7300033569336,84.7300033569336,82.13999938964844,82.19000244140625,77.46016693115234,1246200
2017-05-18,82.12000274658203,83.55000305175781,82.02999877929688,83.04000091552734,78.2612533569336,1179100
2017-05-19,83.16999816894531,84.98999786376953,82.95999908447266,84.56999969482422,79.99217987060547,1201100
2017-05-22,84.8499984741211,85.77999877929688,84.70999908447266,85.27999877929688,80.66374969482422,847800
2017-05-23,85.23999786376953,86.41000366210938,84.44999694824219,85.77999877929688,81.13668823242188,1540200
2017-05-24,85.8499984741211,86.52999877929688,84.45999908447266,84.54000091552734,79.96380615234375,1320700
2017-05-25,84.75,86.80000305175781,84.51000213623047,86.58000183105469,81.89339447021484,1595000
2017-05-26,86.41999816894531,87.33999633789062,85.86000061035156,86.62000274658203,81.93122863769531,1325200
2017-05-30,86.12999725341797,86.83000183105469,85.70999908447266,85.80999755859375,81.1650619506836,1412300
2017-05-31,86.1500015258789,87.33999633789062,85.58000183105469,87.05000305175781,82.33795166015625,1412100
2017-06-01,87.26000213623047,88.55000305175781,87.04000091552734,88.2300033569336,83.45407104492188,1273700
2017-06-02,88.61000061035156,90.18000030517578,88.55999755859375,89.30999755859375,84.4756088256836,1481500
2017-06-05,89.12999725341797,89.66000366210938,88.68000030517578,89.30000305175781,84.46614837646484,1275500
2017-06-06,88.69000244140625,90.3499984741211,88.55000305175781,89.19999694824219,84.37156677246094,1268600
2017-06-07,89.4000015258789,92.19000244140625,88.7699966430664,91.69000244140625,86.7267837524414,1649900
2017-06-08,91.69000244140625,91.9800033569336,90.25,90.54000091552734,85.63903045654297,1888500
2017-06-09,90.77999877929688,91.27999877929688,89.72000122070312,89.93000030517578,85.06204223632812,1291500
2017-06-12,89.75,89.75,87.68000030517578,89.04000091552734,84.22021484375,817400
2017-06-13,89.43000030517578,89.93000030517578,87.83999633789062,88.91000366210938,84.09725952148438,1032600
2017-06-14,88.83000183105469,89.68000030517578,88.19999694824219,89.16999816894531,84.34319305419922,643300
2017-06-15,88.66999816894531,88.69000244140625,87.08999633789062,88.41000366210938,83.62432098388672,814700
2017-06-16,88.33999633789062,89.01000213623047,88.06999969482422,88.73999786376953,83.93647766113281,1218500
2017-06-19,89.33999633789062,90.81999969482422,88.97000122070312,90.7699966430664,85.85657501220703,760100
2017-06-20,90.7699966430664,90.98999786376953,89.31999969482422,89.38999938964844,84.55128479003906,769200
2017-06-21,90.01000213623047,91.01000213623047,89.55000305175781,90.83000183105469,85.91333770751953,824900
2017-06-22,91.69999694824219,91.94999694824219,90.29000091552734,91.0199966430664,86.0930404663086,917700
2017-06-23,91.08999633789062,92.16000366210938,90.91999816894531,91.62999725341797,86.67001342773438,1355100
2017-06-26,92.0199966430664,93.16000366210938,90.83000183105469,90.87000274658203,85.951171875,737200
2017-06-27,90.48999786376953,90.8499984741211,88.9000015258789,88.91999816894531,84.10672760009766,1211200
2017-06-28,89.51000213623047,89.83000183105469,88.33999633789062,88.41000366210938,83.62432098388672,1214000
2017-06-29,88.7300033569336,89.6500015258789,88.29000091552734,89.0999984741211,84.27698516845703,1019100
2017-06-30,89.4000015258789,90.30999755859375,88.83000183105469,89.76000213623047,84.90126037597656,1234000
2017-07-03,90.2699966430664,90.93000030517578,89.9000015258789,90.22000122070312,85.33633422851562,543200
2017-07-05,90.4800033569336,92.37000274658203,90.12000274658203,91.27999877929688,86.33898162841797,1061700
2017-07-06,91.0,92.11000061035156,90.23999786376953,91.4000015258789,86.4524917602539,1091000
2017-07-07,91.68000030517578,93.9800033569336,91.61000061035156,93.88999938964844,88.80768585205078,1127100
2017-07-10,93.05999755859375,93.77999877929688,92.80999755859375,92.94000244140625,87.90912628173828,1296600
2017-07-11,92.66000366210938,93.23999786376953,91.5199966430664,91.56999969482422,86.6132583618164,1092900
2017-07-12,92.5,94.75,92.20999908447266,94.62999725341797,89.50764465332031,1176800
2017-07-13,94.29000091552734,95.75,93.72000122070312,93.73999786376953,88.66581726074219,1116500
2017-07-14,94.0,94.19000244140625,92.44000244140625,92.62999725341797,87.61589050292969,911800
2017-07-17,92.70999908447266,93.0,91.83999633789062,92.08000183105469,87.09566497802734,965100
2017-07-18,91.75,91.91999816894531,90.52999877929688,90.75,85.83765411376953,948900
2017-07-19,90.55000305175781,90.83999633789062,89.66000366210938,90.2699966430664,85.3836441040039,1027500
2017-07-20,90.26000213623047,90.26000213623047,88.91000366210938,89.0999984741211,84.27698516845703,997600
2017-07-21,88.88999938964844,89.18000030517578,88.08000183105469,88.25,83.47297668457031,942800
2017-07-24,88.19000244140625,88.23999786376953,86.95999908447266,87.01000213623047,82.30011749267578,882700
2017-07-25,87.55000305175781,88.33999633789062,86.93000030517578,87.12999725341797,82.41361999511719,1162100
2017-07-26,85.27999877929688,88.73999786376953,83.41000366210938,87.72000122070312,82.9716796875,2873800
2017-07-27,87.0199966430664,88.44999694824219,84.63999938964844,87.9800033569336,83.21759796142578,2459600
2017-07-28,87.58000183105469,87.98999786376953,85.47000122070312,86.31999969482422,81.6474609375,1725400
2017-07-31,86.54000091552734,86.56999969482422,85.18000030517578,85.2300033569336,80.61647033691406,1253500
2017-08-01,85.9000015258789,87.16999816894531,84.91000366210938,85.51000213623047,80.88129425048828,1569300
2017-08-02,85.38999938964844,85.97000122070312,84.9800033569336,85.63999938964844,81.00426483154297,989700
2017-08-03,85.41000366210938,86.04000091552734,84.41999816894531,84.98999786376953,80.38944244384766,979100
2017-08-04,85.22000122070312,85.94999694824219,84.76000213623047,85.87000274658203,81.2218246459961,821400
2017-08-07,86.1500015258789,86.68000030517578,85.80999755859375,86.0,81.34477996826172,838600
2017-08-08,85.8499984741211,86.91999816894531,85.0199966430664,85.1500015258789,80.54080200195312,972300
2017-08-09,84.87000274658203,84.9000015258789,83.81999969482422,84.33999633789062,79.77464294433594,837800
2017-08-10,83.98999786376953,84.23999786376953,83.12999725341797,83.79000091552734,79.2544174194336,1099400
2017-08-11,83.61000061035156,84.95999908447266,83.30000305175781,84.47000122070312,79.89759826660156,1136900
2017-08-14,85.38999938964844,85.69999694824219,83.9000015258789,85.08999633789062,80.4840316772461,1127900
2017-08-15,84.79000091552734,85.0999984741211,83.16000366210938,83.91000366210938,79.36791229248047,1573700
2017-08-16,84.08999633789062,85.13999938964844,81.93000030517578,83.80999755859375,79.27333068847656,1191700
2017-08-17,83.70999908447266,83.98999786376953,79.93000030517578,80.0199966430664,75.6884765625,1358800
2017-08-18,79.7699966430664,80.01000213623047,78.44000244140625,78.44999694824219,74.48269653320312,1649900
2017-08-21,78.5,79.19000244140625,77.81999969482422,77.9800033569336,74.03646087646484,1178200
2017-08-22,78.2300033569336,78.62000274658203,76.70999908447266,77.11000061035156,73.21047973632812,1305200
2017-08-23,77.11000061035156,77.11000061035156,74.80000305175781,74.91000366210938,71.12173461914062,1577300
2017-08-24,75.18000030517578,75.18000030517578,73.29000091552734,73.5199966430664,69.80203247070312,1933600
2017-08-25,73.91000366210938,76.0,73.91000366210938,75.52999877929688,71.71038055419922,1675300
2017-08-28,75.68000030517578,75.68000030517578,74.20999908447266,74.30999755859375,70.55207061767578,1584600
2017-08-29,73.87000274658203,74.5,73.55000305175781,74.37999725341797,70.61853790283203,1163600
2017-08-30,74.30000305175781,74.41000366210938,73.4000015258789,74.12999725341797,70.38117218017578,919900
2017-08-31,74.51000213623047,75.2300033569336,74.38999938964844,74.66000366210938,70.88436126708984,999700
2017-09-01,75.0999984741211,75.6500015258789,74.58999633789062,75.1500015258789,71.34959411621094,1070700
2017-09-05,74.56999969482422,74.6500015258789,72.77999877929688,73.05000305175781,69.35579681396484,1616500
2017-09-06,72.45999908447266,73.87000274658203,71.69999694824219,73.68000030517578,69.95393371582031,2524000
2017-09-07,74.08000183105469,74.94999694824219,73.02999877929688,73.16000366210938,69.46023559570312,2114900
2017-09-08,73.01000213623047,74.66000366210938,72.94999694824219,74.30000305175781,70.54257202148438,1201000
2017-09-11,74.94999694824219,75.79000091552734,74.83000183105469,75.58999633789062,71.76734161376953,1832200
2017-09-12,75.7699966430664,76.41000366210938,75.1500015258789,76.31999969482422,72.4604263305664,1197800
2017-09-13,76.56999969482422,76.56999969482422,75.20999908447266,76.20999908447266,72.35598754882812,1131900
2017-09-14,76.77999877929688,78.44000244140625,76.75,77.48999786376953,73.57125854492188,2500100
2017-09-15,76.86000061035156,76.9800033569336,75.0199966430664,75.27999877929688,71.47303009033203,2224700
2017-09-18,75.12999725341797,75.26000213623047,72.72000122070312,73.06999969482422,69.3747787475586,2334400
2017-09-19,73.08000183105469,73.7699966430664,71.80999755859375,72.23999786376953,68.58675384521484,2148600
2017-09-20,72.45999908447266,73.63999938964844,71.93000030517578,73.0,69.30831909179688,1452300
2017-09-21,73.12000274658203,73.38999938964844,71.16999816894531,72.91000366210938,69.2228775024414,2426400
2017-09-22,72.8499984741211,74.91999816894531,72.55000305175781,74.75,70.96981811523438,1717700
2017-09-25,74.75,75.36000061035156,74.19000244140625,74.79000091552734,71.0077896118164,1489600
2017-09-26,75.5,76.2699966430664,74.80999755859375,74.95999908447266,71.16920471191406,1281500
2017-09-27,75.30999755859375,75.58000183105469,74.29000091552734,75.0999984741211,71.3021240234375,1304000
2017-09-28,74.97000122070312,76.0999984741211,74.66999816894531,75.87000274658203,72.03318786621094,1271100
2017-09-29,76.0,76.58999633789062,75.94000244140625,76.2699966430664,72.41294860839844,1032100
2017-10-02,76.30000305175781,77.25,76.20999908447266,77.02999877929688,73.134521484375,1353800
2017-10-03,77.06999969482422,80.19999694824219,77.05000305175781,80.1500015258789,76.09674072265625,1936600
2017-10-04,80.75,82.5,80.2699966430664,80.83999633789062,76.75183868408203,2358700
2017-10-05,80.75,80.83000183105469,78.87999725341797,79.75,75.71697235107422,1474600
2017-10-06,79.33999633789062,80.88999938964844,79.18000030517578,80.55999755859375,76.48600006103516,1549400
2017-10-09,80.5999984741211,80.87999725341797,79.87000274658203,80.41000366210938,76.34358978271484,1031200
2017-10-10,81.31999969482422,82.68000030517578,80.47000122070312,80.68000030517578,76.59992980957031,2428100
2017-10-11,80.83000183105469,81.7300033569336,80.68000030517578,81.5199966430664,77.3974609375,1194000
2017-10-12,80.81999969482422,80.93000030517578,79.12999725341797,80.4000015258789,76.33409118652344,2528200
2017-10-13,80.4000015258789,81.22000122070312,80.08999633789062,80.95999908447266,76.86578369140625,1325600
2017-10-16,80.69000244140625,81.0,79.66999816894531,80.47000122070312,76.40055847167969,1416600
2017-10-17,80.75,81.7699966430664,80.04000091552734,80.5199966430664,76.44802856445312,1150800
2017-10-18,80.5999984741211,80.93000030517578,80.33000183105469,80.43000030517578,76.3625717163086,690900
2017-10-19,79.68000030517578,80.16999816894531,77.4000015258789,78.83000183105469,74.84349060058594,1846600
2017-10-20,79.11000061035156,80.16999816894531,78.72000122070312,79.69000244140625,75.65999603271484,1213600
2017-10-23,79.88999938964844,79.88999938964844,78.62000274658203,78.73999786376953,74.7580337524414,814400
2017-10-24,78.25,79.5199966430664,77.68000030517578,79.38999938964844,75.37517547607422,1401200
2017-10-25,76.30000305175781,78.0,68.0999984741211,68.91999816894531,65.43464660644531,8088500
2017-10-26,69.37000274658203,70.45999908447266,65.26000213623047,65.37999725341797,62.073665618896484,6049300
2017-10-27,65.86000061035156,67.13999938964844,64.7699966430664,66.58000183105469,63.21297836303711,4118400
2017-10-30,66.0999984741211,66.87000274658203,65.16000366210938,66.45999908447266,63.09905242919922,1809300
2017-10-31,66.4000015258789,66.7699966430664,65.19999694824219,66.02999877929688,62.690792083740234,2471200
2017-11-01,65.6500015258789,66.0199966430664,64.70999908447266,65.77999877929688,62.45344161987305,2366500
2017-11-02,65.83000183105469,66.12000274658203,63.560001373291016,63.650001525878906,60.43115997314453,3153300
2017-11-03,63.59000015258789,63.91999816894531,62.650001525878906,63.650001525878906,60.43115997314453,1669100
2017-11-06,63.34000015258789,64.72000122070312,63.29999923706055,63.939998626708984,60.70649719238281,1385600
2017-11-07,64.08000183105469,64.13999938964844,62.16999816894531,62.20000076293945,59.054481506347656,1749800
2017-11-08,62.04999923706055,62.47999954223633,61.36000061035156,62.08000183105469,58.940555572509766,2022900
2017-11-09,61.939998626708984,62.41999816894531,61.650001525878906,62.380001068115234,59.22538375854492,1577900
2017-11-10,62.16999816894531,63.0,61.9900016784668,62.41999816894531,59.26336669921875,1672200
2017-11-13,62.13999938964844,62.369998931884766,61.380001068115234,61.720001220703125,58.59876251220703,1546100
2017-11-14,61.560001373291016,61.939998626708984,61.45000076293945,61.68000030517578,58.560787200927734,1670300
2017-11-15,62.33000183105469,64.77999877929688,61.099998474121094,64.44000244140625,61.181209564208984,2797300
2017-11-16,65.33000183105469,66.4000015258789,64.80000305175781,65.87000274658203,62.53888702392578,2483600
2017-11-17,65.7699966430664,67.04000091552734,65.37000274658203,66.4000015258789,63.04208755493164,1819100
2017-11-20,66.04000091552734,66.20999908447266,64.98999786376953,66.0999984741211,63.04208755493164,1897100
2017-11-21,66.22000122070312,66.4000015258789,65.06999969482422,66.19000244140625,63.12792205810547,1416600
2017-11-22,66.23999786376953,66.52999877929688,65.19999694824219,65.58000183105469,62.546142578125,1559300
2017-11-24,65.79000091552734,65.79000091552734,64.87999725341797,65.4000015258789,62.374473571777344,452400
2017-11-27,65.44999694824219,65.7699966430664,64.97000122070312,65.36000061035156,62.336326599121094,1254400
2017-11-28,65.41999816894531,67.41000366210938,65.2300033569336,67.29000091552734,64.17704010009766,1605500
2017-11-29,67.30000305175781,70.51000213623047,67.27999877929688,69.11000061035156,65.91283416748047,2883700
2017-11-30,69.5,70.16000366210938,68.62000274658203,69.16999816894531,65.97006225585938,1981000
2017-12-01,69.0999984741211,69.36000061035156,66.5,66.91000366210938,63.81462097167969,2765300
2017-12-04,67.5,69.54000091552734,67.5,68.27999877929688,65.12124633789062,3425200
2017-12-05,68.37999725341797,68.8499984741211,67.58999633789062,68.0999984741211,64.94956970214844,1862800
2017-12-06,67.8499984741211,68.91000366210938,67.5999984741211,67.83000183105469,64.69205474853516,1198700
2017-12-07,68.9000015258789,69.38999938964844,67.51000213623047,69.37000274658203,66.16080474853516,1395100
2017-12-08,69.70999908447266,70.56999969482422,69.5999984741211,69.73999786376953,66.5136947631836,1073400
2017-12-11,69.7699966430664,70.2699966430664,69.41000366210938,69.72000122070312,66.49462890625,917900
2017-12-12,70.37999725341797,70.97000122070312,69.76000213623047,69.80000305175781,66.5709228515625,2043100
2017-12-13,69.83999633789062,69.97000122070312,68.75,69.0199966430664,65.8270034790039,1633800
2017-12-14,69.3499984741211,70.33000183105469,69.0,69.38999938964844,66.17989349365234,1148100
2017-12-15,69.62000274658203,71.86000061035156,69.61000061035156,70.83000183105469,67.55326843261719,2635200
2017-12-18,72.37000274658203,73.77999877929688,71.9000015258789,73.55999755859375,70.15697479248047,2392300
2017-12-19,73.87000274658203,73.88999938964844,71.9000015258789,73.19000244140625,69.80408477783203,2119200
2017-12-20,73.37999725341797,74.0999984741211,72.80000305175781,73.7699966430664,70.35726165771484,1510300
2017-12-21,74.0,76.05999755859375,74.0,74.69000244140625,71.23470306396484,2020500
2017-12-22,74.69000244140625,74.91999816894531,73.97000122070312,74.27999877929688,70.84367370605469,1246700
2017-12-26,74.25,75.06999969482422,74.12000274658203,74.83999633789062,71.37775421142578,869500
2017-12-27,74.95999908447266,74.95999908447266,73.95999908447266,74.37000274658203,70.92950439453125,939300
2017-12-28,74.58000183105469,74.72000122070312,73.55000305175781,74.56999969482422,71.1202392578125,901700
2017-12-29,74.66999816894531,74.8499984741211,73.47000122070312,73.51000213623047,70.10928344726562,1038100
2018-01-02,74.04000091552734,75.12000274658203,73.81999969482422,75.01000213623047,71.53988647460938,1738000
2018-01-03,75.08000183105469,75.0999984741211,73.69000244140625,74.66000366210938,71.20609283447266,1653000
2018-01-04,74.79000091552734,75.08000183105469,72.81999969482422,73.8499984741211,70.43355560302734,1343900
2018-01-05,74.26000213623047,74.26000213623047,73.45999908447266,73.73999786376953,70.32865142822266,1087600
2018-01-08,73.73999786376953,73.73999786376953,72.20999908447266,72.75,69.38445281982422,1339900
2018-01-09,72.0999984741211,72.52999877929688,71.19999694824219,71.29000091552734,67.99198913574219,2398000
2018-01-10,70.37000274658203,72.41999816894531,70.0,72.05000305175781,68.71683502197266,1797700
2018-01-11,72.7300033569336,75.45999908447266,72.5999984741211,74.80999755859375,71.34915161132812,2401800
2018-01-12,75.0,75.13999938964844,73.06999969482422,73.5199966430664,70.11882781982422,2946900
2018-01-16,73.69999694824219,74.04000091552734,71.16000366210938,71.27999877929688,67.9824447631836,2360500
2018-01-17,71.66999816894531,72.52999877929688,70.73999786376953,70.81999969482422,67.54373168945312,2275400
2018-01-18,70.98999786376953,71.11000061035156,69.76000213623047,69.79000091552734,66.5613784790039,1979900
2018-01-19,70.30000305175781,70.31999969482422,68.3499984741211,68.87999725341797,65.6934814453125,3372500
2018-01-22,68.75,69.16999816894531,67.05999755859375,68.55000305175781,65.37875366210938,3007400
2018-01-23,68.55999755859375,70.0,68.44000244140625,69.47000122070312,66.25618743896484,2557600
2018-01-24,66.19999694824219,66.56999969482422,64.51000213623047,64.69000244140625,61.697322845458984,6209000
2018-01-25,62.310001373291016,63.529998779296875,59.25,62.06999969482422,59.19853210449219,10476000
2018-01-26,62.25,64.58999633789062,61.5099983215332,64.54000091552734,61.554256439208984,3973900
2018-01-29,64.26000213623047,65.93000030517578,64.1500015258789,65.4800033569336,62.450775146484375,3702700
2018-01-30,64.23999786376953,65.02999877929688,63.77000045776367,64.19999694824219,61.229984283447266,2677600
2018-01-31,64.37999725341797,67.02999877929688,64.37999725341797,65.7300033569336,62.6891975402832,3643100
2018-02-01,65.54000091552734,65.8499984741211,64.04000091552734,64.08000183105469,61.11553955078125,2492800
2018-02-02,65.19999694824219,65.87999725341797,64.0199966430664,64.55999755859375,61.57332992553711,5700900
2018-02-05,63.86000061035156,65.08999633789062,62.709999084472656,62.7400016784668,59.8375358581543,5581600
2018-02-06,62.2400016784668,63.650001525878906,61.08000183105469,63.189998626708984,60.2667121887207,4789400
2018-02-07,63.13999938964844,64.95999908447266,63.040000915527344,64.2300033569336,61.258602142333984,2025500
2018-02-08,64.25,65.2300033569336,63.81999969482422,64.04000091552734,61.07738494873047,4271900
2018-02-09,64.66999816894531,65.2300033569336,63.63999938964844,64.72000122070312,61.72593307495117,5140000
2018-02-12,65.11000061035156,66.79000091552734,64.94999694824219,66.01000213623047,62.95625305175781,3346500
2018-02-13,65.44999694824219,67.18000030517578,65.25,66.88999938964844,63.7955436706543,2906800
2018-02-14,66.5999984741211,67.5,65.72000122070312,66.76000213623047,63.67155838012695,2385900
2018-02-15,66.68000030517578,67.2699966430664,64.7699966430664,66.16999816894531,63.108856201171875,3555100
2018-02-16,65.83000183105469,66.33999633789062,64.81999969482422,64.97000122070312,62.26548385620117,1860500
2018-02-20,64.94000244140625,65.0,63.9900016784668,64.38999938964844,61.70962142944336,1540800
2018-02-21,64.5,66.61000061035156,64.36000061035156,64.69000244140625,61.99713897705078,2239100
2018-02-22,65.13999938964844,65.69999694824219,64.02999877929688,64.16999816894531,61.498783111572266,1246400
2018-02-23,64.44999694824219,65.16999816894531,63.939998626708984,64.9800033569336,62.27507400512695,1366000
2018-02-26,65.45999908447266,66.30999755859375,64.44000244140625,66.1500015258789,63.396358489990234,1631300
2018-02-27,66.23999786376953,66.63999938964844,64.80000305175781,64.88999938964844,62.188812255859375,1512900
2018-02-28,65.02999877929688,65.45999908447266,64.25,64.5,61.81504440307617,1130300
2018-03-01,64.29000091552734,66.06999969482422,63.849998474121094,64.6500015258789,61.95880889892578,2447800
2018-03-02,64.0,64.36000061035156,62.41999816894531,63.380001068115234,60.741668701171875,2071200
2018-03-05,63.04999923706055,64.16000366210938,62.52000045776367,63.619998931884766,60.9716796875,2347000
2018-03-06,63.75,64.44999694824219,63.220001220703125,64.30000305175781,61.62337875366211,1378900
2018-03-07,63.880001068115234,64.41000366210938,63.529998779296875,64.0,61.33586120605469,1290500
2018-03-08,64.2300033569336,65.47000122070312,64.02999877929688,64.80000305175781,62.102561950683594,1482800
2018-03-09,65.0999984741211,65.30000305175781,63.81999969482422,64.80000305175781,62.102561950683594,3008400
2018-03-12,64.98999786376953,66.04000091552734,64.38999938964844,65.77999877929688,63.0417594909668,3380100
2018-03-13,65.87000274658203,68.8499984741211,65.87000274658203,68.79000091552734,65.92646026611328,3274200
2018-03-14,68.54000091552734,69.16000366210938,65.5,65.66999816894531,62.93634033203125,2518000
2018-03-15,65.88999938964844,66.33999633789062,65.5,65.91999816894531,63.17594528198242,1124800
2018-03-16,66.16000366210938,67.22000122070312,66.12000274658203,66.51000213623047,63.741390228271484,1495600
2018-03-19,66.30999755859375,66.56999969482422,64.6500015258789,65.0999984741211,62.39006423950195,1272900
2018-03-20,65.38999938964844,65.43000030517578,64.58999633789062,65.19000244140625,62.476318359375,1003400
2018-03-21,63.9900016784668,64.55999755859375,62.95000076293945,64.20999908447266,61.5371208190918,2270400
2018-03-22,63.720001220703125,64.4000015258789,62.72999954223633,62.81999969482422,60.204978942871094,1692500
2018-03-23,62.66999816894531,63.29999923706055,61.810001373291016,61.880001068115234,59.304115295410156,1422900
2018-03-26,62.220001220703125,62.5,61.38999938964844,62.15999984741211,59.57245635986328,1449300
2018-03-27,62.43000030517578,62.59000015258789,61.20000076293945,61.4900016784668,58.93034362792969,2192300
2018-03-28,61.4900016784668,62.040000915527344,61.25,61.56999969482422,59.00700759887695,1788500
2018-03-29,61.650001525878906,62.349998474121094,61.5,61.959999084472656,59.380775451660156,2232200
2018-04-02,61.66999816894531,61.66999816894531,57.599998474121094,57.75,55.346031188964844,3570500
2018-04-03,58.459999084472656,60.2400016784668,57.599998474121094,60.11000061035156,57.607784271240234,4137900
2018-04-04,59.540000915527344,61.310001373291016,59.0099983215332,61.220001220703125,58.67158508300781,2019000
2018-04-05,61.5099983215332,62.34000015258789,61.209999084472656,62.11000061035156,59.524532318115234,1448600
2018-04-06,61.72999954223633,62.02000045776367,60.310001373291016,60.77000045776367,58.24031448364258,2201100
2018-04-09,60.9900016784668,61.31999969482422,59.70000076293945,59.810001373291016,57.320281982421875,1561200
2018-04-10,60.380001068115234,60.54999923706055,58.66999816894531,59.849998474121094,57.358612060546875,1813900
2018-04-11,59.470001220703125,60.220001220703125,59.029998779296875,59.060001373291016,56.601505279541016,1551300
2018-04-12,59.56999969482422,60.7400016784668,59.310001373291016,60.27000045776367,57.761131286621094,1515800
2018-04-13,61.02000045776367,65.0999984741211,60.93000030517578,63.95000076293945,61.28794479370117,4581000
2018-04-16,64.5999984741211,65.68000030517578,64.30000305175781,65.20999908447266,62.49549865722656,2808900
2018-04-17,65.66999816894531,66.16999816894531,64.66000366210938,64.98999786376953,62.28464889526367,1580100
2018-04-18,65.63999938964844,66.88999938964844,65.16000366210938,65.97000122070312,63.22385787963867,2212500
2018-04-19,65.94000244140625,66.01000213623047,64.61000061035156,65.5199966430664,62.792579650878906,1434300
2018-04-20,65.69000244140625,66.13999938964844,65.01000213623047,65.38999938964844,62.66800308227539,1755100
2018-04-23,67.33999633789062,70.25,66.88999938964844,69.11000061035156,66.233154296875,6424600
2018-04-24,68.41000366210938,68.5999984741211,64.45999908447266,65.26000213623047,62.54341125488281,3480400
2018-04-25,65.26000213623047,66.61000061035156,64.33000183105469,66.38999938964844,63.62637710571289,2328000
2018-04-26,65.79000091552734,66.44999694824219,64.76000213623047,65.9000015258789,63.15677261352539,2188000
2018-04-27,65.88999938964844,67.05999755859375,65.83000183105469,66.0199966430664,63.27177047729492,1628500
2018-04-30,66.16999816894531,66.47000122070312,64.5,64.93000030517578,62.22714614868164,1330000
2018-05-01,65.05999755859375,65.63999938964844,64.4000015258789,65.44000244140625,62.71592330932617,1119600
2018-05-02,65.01000213623047,65.70999908447266,63.33000183105469,63.38999938964844,60.75125503540039,3762100
2018-05-03,63.25,63.81999969482422,62.11000061035156,62.91999816894531,60.30081558227539,2706000
2018-05-04,62.47999954223633,62.90999984741211,61.95000076293945,62.79999923706055,60.18581771850586,2741500
2018-05-07,62.790000915527344,62.79999923706055,61.18000030517578,61.650001525878906,59.08368682861328,2064000
2018-05-08,61.58000183105469,62.310001373291016,61.02000045776367,61.630001068115234,59.06451416015625,2308900
2018-05-09,61.540000915527344,61.790000915527344,60.290000915527344,60.38999938964844,57.876136779785156,3331100
2018-05-10,60.650001525878906,60.790000915527344,59.86000061035156,60.560001373291016,58.03905487060547,2548900
2018-05-11,60.599998474121094,60.90999984741211,60.060001373291016,60.529998779296875,58.010311126708984,1456200
2018-05-14,60.40999984741211,60.709999084472656,59.45000076293945,60.04999923706055,57.550289154052734,2433300
2018-05-15,59.900001525878906,60.15999984741211,58.709999084472656,58.75,56.304405212402344,2713500
2018-05-16,58.70000076293945,59.79999923706055,57.83000183105469,59.099998474121094,56.63983154296875,2762000
2018-05-17,59.15999984741211,59.779998779296875,58.470001220703125,58.599998474121094,56.16064453125,1457400
2018-05-18,58.459999084472656,58.70000076293945,58.0099983215332,58.209999084472656,55.78687286376953,1253900
2018-05-21,58.279998779296875,58.849998474121094,57.529998779296875,57.939998626708984,55.83506393432617,2016700
2018-05-22,58.119998931884766,58.54999923706055,58.0099983215332,58.18000030517578,56.06634521484375,1647000
2018-05-23,58.029998779296875,58.45000076293945,57.650001525878906,58.41999816894531,56.29762649536133,1547300
2018-05-24,58.5,60.099998474121094,58.279998779296875,59.869998931884766,57.69495391845703,2145200
2018-05-25,60.099998474121094,62.66999816894531,59.90999984741211,61.869998931884766,59.62229537963867,2630500
2018-05-29,61.2599983215332,61.650001525878906,60.16999816894531,60.56999969482422,58.36951446533203,1799700
2018-05-30,60.63999938964844,60.869998931884766,59.310001373291016,60.279998779296875,58.09005355834961,2424500
2018-05-31,60.349998474121094,61.400001525878906,60.16999816894531,60.810001373291016,58.600799560546875,1871600
2018-06-01,61.0,61.58000183105469,60.459999084472656,60.86000061035156,58.64897918701172,1618800
2018-06-04,61.84000015258789,62.459999084472656,61.290000915527344,61.81999969482422,59.57411193847656,5296000
2018-06-05,61.5099983215332,61.88999938964844,60.81999969482422,61.2400016784668,59.01518249511719,2814100
2018-06-06,60.7400016784668,62.15999984741211,60.400001525878906,62.0099983215332,59.757205963134766,1760800
2018-06-07,62.099998474121094,62.66999816894531,61.900001525878906,62.16999816894531,59.91139221191406,2570300
2018-06-08,62.06999969482422,62.54999923706055,61.54999923706055,62.33000183105469,60.065582275390625,1438700
2018-06-11,62.38999938964844,63.2400016784668,62.13999938964844,62.869998931884766,60.58595275878906,2155400
2018-06-12,62.7400016784668,63.209999084472656,61.939998626708984,62.279998779296875,60.017398834228516,2327300
2018-06-13,62.2599983215332,62.2599983215332,61.209999084472656,61.63999938964844,59.4006462097168,2543400
2018-06-14,61.959999084472656,63.290000915527344,61.72999954223633,62.5,60.22939682006836,2403200
2018-06-15,62.060001373291016,63.65999984741211,61.75,63.040000915527344,60.749786376953125,2856500
2018-06-18,62.52000045776367,62.869998931884766,61.529998779296875,62.77000045776367,60.48958969116211,1433500
2018-06-19,62.2400016784668,62.939998626708984,62.20000076293945,62.470001220703125,60.20049285888672,1714200
2018-06-20,62.599998474121094,63.54999923706055,62.599998474121094,63.20000076293945,60.90397644042969,1359800
2018-06-21,63.29999923706055,64.75,63.220001220703125,64.05000305175781,61.72309112548828,1707900
2018-06-22,63.54999923706055,64.86000061035156,62.72999954223633,62.90999984741211,60.62450408935547,1637000
2018-06-25,62.59000015258789,62.900001525878906,61.369998931884766,61.7400016784668,59.49701690673828,970500
2018-06-26,61.939998626708984,61.95000076293945,60.599998474121094,60.630001068115234,58.42734146118164,1112300
2018-06-27,60.630001068115234,60.689998626708984,59.66999816894531,60.0099983215332,57.829864501953125,1873300
2018-06-28,60.040000915527344,60.529998779296875,59.529998779296875,60.33000183105469,58.138240814208984,1418500
2018-06-29,60.38999938964844,61.369998931884766,60.369998931884766,60.38999938964844,58.19605255126953,1126700
2018-07-02,60.16999816894531,61.279998779296875,59.43000030517578,61.18000030517578,58.95735549926758,1284100
2018-07-03,61.25,62.290000915527344,60.7400016784668,61.66999816894531,59.4295539855957,1669100
2018-07-05,61.90999984741211,62.349998474121094,61.79999923706055,62.13999938964844,59.882484436035156,1841400
2018-07-06,61.9900016784668,62.43000030517578,61.529998779296875,62.34000015258789,60.07521438598633,832600
2018-07-09,62.47999954223633,63.86000061035156,62.36000061035156,63.4900016784668,61.183441162109375,1499400
2018-07-10,63.470001220703125,63.470001220703125,62.02000045776367,62.88999938964844,60.60523223876953,1392600
2018-07-11,61.56999969482422,61.81999969482422,59.869998931884766,60.189998626708984,58.003326416015625,2632600
2018-07-12,60.83000183105469,61.349998474121094,59.849998474121094,60.86000061035156,58.64897918701172,1443300
2018-07-13,60.81999969482422,61.56999969482422,60.720001220703125,61.43000030517578,59.19827651977539,1057500
2018-07-16,61.4900016784668,62.06999969482422,61.18000030517578,61.40999984741211,59.17900085449219,1240300
2018-07-17,61.40999984741211,62.5099983215332,61.349998474121094,61.79999923706055,59.55483627319336,1239400
2018-07-18,62.529998779296875,64.5,62.529998779296875,63.189998626708984,60.89433288574219,2548100
2018-07-19,63.290000915527344,63.959999084472656,62.939998626708984,63.790000915527344,61.472537994384766,1335000
2018-07-20,63.40999984741211,63.459999084472656,60.58000183105469,60.630001068115234,58.42734146118164,3030100
2018-07-23,60.5,61.599998474121094,60.2599983215332,61.540000915527344,59.30427551269531,1926800
2018-07-24,61.459999084472656,61.5099983215332,58.83000183105469,59.0099983215332,56.86619186401367,2931200
2018-07-25,59.209999084472656,59.630001068115234,58.209999084472656,59.11000061035156,56.96255874633789,3050800
2018-07-26,58.0,64.87000274658203,57.970001220703125,64.76000213623047,62.40729904174805,6391700
2018-07-27,64.23999786376953,65.76000213623047,63.09000015258789,63.650001525878906,61.33762741088867,2802800
2018-07-30,62.5,63.2400016784668,61.18000030517578,62.380001068115234,60.113765716552734,1707000
2018-07-31,62.45000076293945,63.5099983215332,62.369998931884766,62.83000183105469,60.54741668701172,1454200
2018-08-01,62.54999923706055,62.900001525878906,60.88999938964844,61.08000183105469,58.860992431640625,2044100
2018-08-02,60.54999923706055,61.869998931884766,60.040000915527344,61.599998474121094,59.362098693847656,1853500
2018-08-03,61.84000015258789,63.08000183105469,61.83000183105469,62.79999923706055,60.51850509643555,1378500
2018-08-06,62.58000183105469,63.40999984741211,62.09000015258789,63.119998931884766,60.82687759399414,1170700
2018-08-07,63.52000045776367,64.45999908447266,63.25,63.86000061035156,61.53999328613281,1197200
2018-08-08,64.18000030517578,64.63999938964844,63.83000183105469,64.1500015258789,61.819461822509766,1095700
2018-08-09,64.23999786376953,64.4800033569336,63.709999084472656,63.75,61.433990478515625,739100
2018-08-10,63.560001373291016,63.560001373291016,62.56999969482422,63.22999954223633,60.93287658691406,973000
2018-08-13,63.0,63.02000045776367,61.310001373291016,61.88999938964844,59.641563415527344,1178700
2018-08-14,62.0,63.31999969482422,62.0,62.75,60.47031784057617,580800
2018-08-15,62.66999816894531,63.84000015258789,62.290000915527344,63.7400016784668,61.42435836791992,977300
2018-08-16,63.900001525878906,65.38999938964844,63.83000183105469,64.30999755859375,61.97364044189453,2064900
2018-08-17,64.51000213623047,65.44000244140625,64.37000274658203,65.0,62.63857650756836,1592400
2018-08-20,64.80000305175781,67.01000213623047,64.80000305175781,66.83999633789062,64.73040008544922,1489200
2018-08-21,66.95999908447266,67.69000244140625,66.58000183105469,66.58999633789062,64.48829650878906,1156200
2018-08-22,66.22000122070312,66.47000122070312,64.7300033569336,64.9000015258789,62.85163879394531,1042700
2018-08-23,64.9800033569336,65.31999969482422,64.58999633789062,64.69999694824219,62.6579475402832,865200
2018-08-24,64.66999816894531,64.97000122070312,63.95000076293945,64.83000183105469,62.78385543823242,1171100
2018-08-27,65.0,65.76000213623047,65.0,65.68000030517578,63.607025146484375,1429400
2018-08-28,65.86000061035156,67.66999816894531,65.7699966430664,66.91000366210938,64.79820251464844,2105400
2018-08-29,66.62000274658203,67.51000213623047,66.11000061035156,67.37000274658203,65.2436752319336,1039100
2018-08-30,67.43000030517578,68.08999633789062,66.94000244140625,67.19000244140625,65.0693588256836,1333300
2018-08-31,67.23999786376953,67.56999969482422,66.91999816894531,67.48999786376953,65.3598861694336,767200
2018-09-04,67.68000030517578,68.31999969482422,66.94000244140625,67.87000274658203,65.7279052734375,1567100
2018-09-05,68.0999984741211,69.04000091552734,67.52999877929688,68.37999725341797,66.2218017578125,2046500
2018-09-06,68.30000305175781,68.55999755859375,66.7699966430664,67.04000091552734,64.9240951538086,1019200
2018-09-07,66.80999755859375,67.70999908447266,66.44000244140625,66.87999725341797,64.7691421508789,1026000
2018-09-10,67.23999786376953,68.56999969482422,66.70999908447266,68.1500015258789,65.99906921386719,867700
2018-09-11,68.0,69.31999969482422,67.73999786376953,68.97000122070312,66.7931900024414,1498700
2018-09-12,69.1500015258789,69.30999755859375,67.58000183105469,67.76000213623047,65.62136840820312,1029300
2018-09-13,68.0,68.72000122070312,67.81999969482422,68.41999816894531,66.26054382324219,858100
2018-09-14,68.2300033569336,69.05000305175781,67.91999816894531,68.91000366210938,66.7350845336914,910700
2018-09-17,68.80000305175781,69.87999725341797,68.80000305175781,69.27999877929688,67.09339141845703,1265200
2018-09-18,69.13999938964844,69.69000244140625,68.1500015258789,69.23999786376953,67.05464935302734,1164200
2018-09-19,69.51000213623047,70.44000244140625,69.43000030517578,69.68000030517578,67.48077392578125,890100
2018-09-20,70.0,70.41000366210938,68.97000122070312,69.75,67.5485610961914,1008500
2018-09-21,69.87999725341797,70.75,69.75,70.08000183105469,67.8681411743164,1735400
2018-09-24,69.3499984741211,69.98999786376953,66.75,67.29000091552734,65.16620635986328,1436200
2018-09-25,67.41999816894531,67.87000274658203,66.06999969482422,66.1500015258789,64.06218719482422,2251300
2018-09-26,66.56999969482422,67.66000366210938,66.22000122070312,67.12000274658203,65.00157165527344,1326900
2018-09-27,68.33999633789062,70.0,68.20999908447266,68.9800033569336,66.80287170410156,2563000
2018-09-28,68.80999755859375,69.19000244140625,68.05999755859375,68.86000061035156,66.68665313720703,1397800
2018-10-01,68.70999908447266,69.13999938964844,67.41000366210938,67.76000213623047,65.62136840820312,1728900
2018-10-02,67.44999694824219,67.79000091552734,65.81999969482422,66.26000213623047,64.16871643066406,2153000
2018-10-03,66.69000244140625,66.87000274658203,65.94999694824219,66.69000244140625,64.58515167236328,2126500
2018-10-04,66.66999816894531,67.11000061035156,66.12999725341797,66.81999969482422,64.71104431152344,1243200
2018-10-05,66.58999633789062,66.87999725341797,65.9000015258789,66.08000183105469,63.99440383911133,1110100
2018-10-08,65.8499984741211,66.08999633789062,64.69999694824219,65.30999755859375,63.24869918823242,1933100
2018-10-09,64.56999969482422,65.0199966430664,62.36000061035156,62.61000061035156,60.633914947509766,3395100
2018-10-10,62.15999984741211,62.560001373291016,60.16999816894531,60.22999954223633,58.32902908325195,2617100
2018-10-11,60.7400016784668,61.560001373291016,59.630001068115234,59.810001373291016,57.92229080200195,2602200
2018-10-12,61.5,63.150001525878906,60.86000061035156,61.56999969482422,59.62673568725586,3094600
2018-10-15,61.70000076293945,62.41999816894531,61.25,61.86000061035156,59.9075813293457,1375400
2018-10-16,61.939998626708984,64.0199966430664,61.58000183105469,63.86000061035156,61.844459533691406,1369800
2018-10-17,64.83999633789062,65.98999786376953,63.90999984741211,64.48999786376953,62.45457458496094,1688500
2018-10-18,64.27999877929688,64.30999755859375,62.099998474121094,62.369998931884766,60.401485443115234,1712400
2018-10-19,62.36000061035156,62.90999984741211,61.869998931884766,62.58000183105469,60.6048583984375,1195900
2018-10-22,62.880001068115234,63.7599983215332,62.4900016784668,63.540000915527344,61.53456115722656,985300
2018-10-23,62.54999923706055,63.20000076293945,61.33000183105469,62.9900016784668,61.001922607421875,2098500
2018-10-24,63.130001068115234,63.540000915527344,60.86000061035156,61.11000061035156,59.18125534057617,2290600
2018-10-25,61.45000076293945,63.970001220703125,59.54999923706055,63.060001373291016,61.0697135925293,2672000
2018-10-26,61.880001068115234,62.79999923706055,60.220001220703125,61.470001220703125,59.5298957824707,1802800
2018-10-29,62.06999969482422,63.13999938964844,60.2400016784668,61.0,59.074729919433594,1086000
2018-10-30,61.0,63.40999984741211,60.880001068115234,63.2400016784668,61.2440299987793,1252200
2018-10-31,64.0,64.26000213623047,61.349998474121094,61.41999816894531,59.48147201538086,1821700
2018-11-01,61.720001220703125,63.959999084472656,61.720001220703125,63.689998626708984,61.67982482910156,1400100
2018-11-02,64.12000274658203,65.30000305175781,63.349998474121094,63.880001068115234,61.86383056640625,1686000
2018-11-05,63.849998474121094,64.36000061035156,63.279998779296875,63.900001525878906,61.88320541381836,1629800
2018-11-06,63.79999923706055,64.76000213623047,63.290000915527344,64.5999984741211,62.56110382080078,1154400
2018-11-07,64.83000183105469,66.91000366210938,64.83000183105469,66.19000244140625,64.10092163085938,1106200
2018-11-08,65.97000122070312,66.45999908447266,65.30999755859375,65.70999908447266,63.63606643676758,991100
2018-11-09,65.58000183105469,66.66000366210938,65.23999786376953,65.97000122070312,63.887874603271484,1046400
2018-11-12,66.01000213623047,66.73999786376953,65.05000305175781,65.76000213623047,63.68449783325195,982900
2018-11-13,66.27999877929688,67.9800033569336,66.27999877929688,67.58000183105469,65.44705200195312,1337400
2018-11-14,67.95999908447266,68.44999694824219,66.91000366210938,67.20999908447266,65.0887222290039,1030200
2018-11-15,67.08000183105469,67.87999725341797,66.2699966430664,67.70999908447266,65.57294464111328,933900
2018-11-16,67.22000122070312,68.2300033569336,66.70999908447266,67.98999786376953,65.84410858154297,902800
2018-11-19,67.75,68.6500015258789,67.01000213623047,67.30000305175781,65.48410034179688,1033600
2018-11-20,66.75,68.12999725341797,66.30999755859375,67.0199966430664,65.2116470336914,1415200
2018-11-21,67.4800033569336,70.0,67.36000061035156,68.5199966430664,66.67117309570312,1182200
2018-11-23,68.7699966430664,69.72000122070312,68.4800033569336,69.41000366210938,67.53717041015625,900200
2018-11-26,69.86000061035156,70.3499984741211,68.44999694824219,68.9000015258789,67.0409164428711,1786100
2018-11-27,69.19000244140625,71.66000366210938,68.83000183105469,70.75,68.84100341796875,3108900
2018-11-28,72.37000274658203,74.76000213623047,71.68000030517578,74.73999786376953,72.72334289550781,3739100
2018-11-29,74.5,74.83000183105469,72.87999725341797,72.94000244140625,70.97191619873047,2557000
2018-11-30,73.37000274658203,73.79000091552734,72.19999694824219,73.26000213623047,71.28327941894531,3025500
2018-12-03,73.87999725341797,74.56999969482422,72.63999938964844,72.83999633789062,70.87460327148438,2803500
2018-12-04,71.75,72.51000213623047,69.16999816894531,70.02999877929688,68.14043426513672,4564200
2018-12-06,69.48999786376953,70.02999877929688,68.81999969482422,69.61000061035156,67.73177337646484,2716000
2018-12-07,68.80999755859375,69.22000122070312,64.43000030517578,64.94000244140625,63.18777084350586,2372500
2018-12-10,64.94000244140625,65.62000274658203,62.869998931884766,63.47999954223633,61.76716232299805,2470800
2018-12-11,64.19999694824219,64.36000061035156,62.22999954223633,62.43000030517578,60.74549865722656,2137900
2018-12-12,63.040000915527344,63.279998779296875,61.650001525878906,62.02000045776367,60.3465576171875,2916100
2018-12-13,62.08000183105469,62.5,61.20000076293945,61.34000015258789,59.684906005859375,3666500
2018-12-14,60.619998931884766,63.56999969482422,60.5,62.29999923706055,60.61900329589844,2354100
2018-12-17,62.09000015258789,62.540000915527344,60.91999816894531,61.290000915527344,59.63625717163086,1449800
2018-12-18,62.31999969482422,63.189998626708984,62.08000183105469,62.65999984741211,60.96928787231445,1742800
2018-12-19,62.75,63.5,61.43000030517578,62.029998779296875,60.35628890991211,1364900
2018-12-20,61.5,61.9900016784668,59.369998931884766,60.68000030517578,59.04271697998047,2026400
2018-12-21,60.7599983215332,61.58000183105469,59.150001525878906,59.34000015258789,57.73887252807617,2229400
2018-12-24,58.790000915527344,59.0,57.41999816894531,57.58000183105469,56.026363372802734,857800
2018-12-26,57.97999954223633,60.79999923706055,57.65999984741211,60.790000915527344,59.149749755859375,1474200
2018-12-27,60.09000015258789,60.7400016784668,58.52000045776367,60.7400016784668,59.10110092163086,1084600
2018-12-28,60.90999984741211,61.619998931884766,59.540000915527344,60.310001373291016,58.682701110839844,1351500
2018-12-31,60.540000915527344,61.29999923706055,60.029998779296875,60.849998474121094,59.208126068115234,1564100
2019-01-02,59.93000030517578,61.90999984741211,59.310001373291016,61.52000045776367,59.860050201416016,1296400
2019-01-03,60.29999923706055,60.29999923706055,57.279998779296875,58.119998931884766,56.551788330078125,2421400
2019-01-04,58.95000076293945,60.650001525878906,58.66999816894531,60.0,58.38106155395508,2309900
2019-01-07,60.29999923706055,60.849998474121094,59.56999969482422,60.119998931884766,58.497825622558594,1552300
2019-01-08,61.029998779296875,61.29999923706055,60.2400016784668,60.650001525878906,59.01352310180664,1128000
2019-01-09,60.59000015258789,62.619998931884766,60.41999816894531,62.18000030517578,60.50223922729492,1345900
2019-01-10,61.400001525878906,63.4900016784668,59.470001220703125,63.400001525878906,61.68932342529297,1694100
2019-01-11,63.0,64.37000274658203,62.70000076293945,64.13999938964844,62.40935516357422,1370200
2019-01-14,63.38999938964844,64.9800033569336,62.63999938964844,64.36000061035156,62.62342071533203,1986000
2019-01-15,64.80999755859375,65.80000305175781,63.880001068115234,64.27999877929688,62.54557800292969,1308200
2019-01-16,65.44000244140625,65.83999633789062,64.86000061035156,64.9000015258789,63.14885330200195,1261400
2019-01-17,64.8499984741211,65.33999633789062,64.12999725341797,64.41999816894531,62.68180847167969,1404900
2019-01-18,64.83999633789062,64.97000122070312,64.18000030517578,64.86000061035156,63.109928131103516,1569800
2019-01-22,64.79000091552734,65.13999938964844,63.59000015258789,63.959999084472656,62.23420715332031,1094000
2019-01-23,64.31999969482422,64.69999694824219,63.18000030517578,63.709999084472656,61.99095916748047,1121100
2019-01-24,65.72000122070312,66.5999984741211,65.37999725341797,65.77999877929688,64.0051040649414,1984600
2019-01-25,64.23999786376953,64.93000030517578,62.52000045776367,63.47999954223633,61.76716232299805,3485700
2019-01-28,63.0099983215332,65.30000305175781,63.0099983215332,64.52999877929688,62.78883361816406,1627400
2019-01-29,64.5,64.98999786376953,63.77000045776367,64.55999755859375,62.818023681640625,1480900
2019-01-30,64.81999969482422,65.43000030517578,63.86000061035156,64.66000366210938,62.91532897949219,1601700
2019-01-31,64.48999786376953,64.70999908447266,63.20000076293945,63.95000076293945,62.224483489990234,1650100
2019-02-01,64.16999816894531,65.19999694824219,63.560001373291016,64.36000061035156,62.62342071533203,1105200
2019-02-04,64.63999938964844,64.80999755859375,63.45000076293945,64.4800033569336,62.74018478393555,1036600
2019-02-05,64.5999984741211,65.2300033569336,64.36000061035156,64.73999786376953,62.9931640625,975800
2019-02-06,64.3499984741211,64.81999969482422,63.849998474121094,64.81999969482422,63.07101058959961,909100
2019-02-07,64.66000366210938,65.29000091552734,64.41999816894531,65.2300033569336,63.46995162963867,958400
2019-02-08,64.69999694824219,65.27999877929688,64.0999984741211,65.2699966430664,63.50886535644531,723900
2019-02-11,65.44000244140625,66.45999908447266,65.4000015258789,66.30000305175781,64.51107788085938,1050300
2019-02-12,66.5999984741211,67.63999938964844,66.30000305175781,66.69000244140625,64.89056396484375,1588100
2019-02-13,66.94999694824219,67.47000122070312,66.55999755859375,66.69999694824219,64.90027618408203,868600
2019-02-14,66.41000366210938,67.06999969482422,65.68000030517578,66.56999969482422,64.7737808227539,741500
2019-02-15,66.91999816894531,67.12000274658203,66.08999633789062,66.31999969482422,64.8716049194336,837800
2019-02-19,65.86000061035156,66.16999816894531,64.52999877929688,64.55999755859375,63.15003967285156,2073300
2019-02-20,63.75,64.4000015258789,63.2400016784668,63.34000015258789,61.95669174194336,2483400
2019-02-21,63.439998626708984,64.04000091552734,62.5099983215332,62.86000061035156,61.4871711730957,1524900
2019-02-22,62.86000061035156,63.09000015258789,62.11000061035156,62.400001525878906,61.03721237182617,1617800
2019-02-25,62.79999923706055,63.380001068115234,62.560001373291016,62.75,61.379573822021484,1123200
2019-02-26,62.7400016784668,63.560001373291016,62.650001525878906,62.939998626708984,61.56542205810547,969600
2019-02-27,62.599998474121094,62.689998626708984,61.209999084472656,61.97999954223633,60.62639236450195,1523300
2019-02-28,61.97999954223633,62.130001068115234,60.970001220703125,61.70000076293945,60.35250473022461,1158500
2019-03-01,61.86000061035156,62.02000045776367,60.27000045776367,61.310001373291016,59.97101974487305,1952600
2019-03-04,61.2400016784668,61.34000015258789,59.220001220703125,59.5,58.20054626464844,1856200
2019-03-05,59.7599983215332,59.77000045776367,57.619998931884766,57.779998779296875,56.51811599731445,3691900
2019-03-06,57.900001525878906,57.91999816894531,55.83000183105469,55.83000183105469,54.61070251464844,4119000
2019-03-07,55.720001220703125,56.25,55.20000076293945,55.95000076293945,54.72808074951172,4077000
2019-03-08,55.380001068115234,55.91999816894531,54.95000076293945,55.619998931884766,54.40528869628906,2833800
2019-03-11,55.349998474121094,55.97999954223633,54.599998474121094,55.41999816894531,54.209651947021484,2414300
2019-03-12,55.439998626708984,55.439998626708984,53.70000076293945,54.09000015258789,52.90869903564453,4293900
2019-03-13,54.58000183105469,56.18000030517578,54.43000030517578,56.029998779296875,54.806331634521484,3544400
2019-03-14,56.15999984741211,56.720001220703125,55.2599983215332,55.4900016784668,54.27812957763672,2204300
2019-03-15,55.58000183105469,56.060001373291016,55.459999084472656,55.7599983215332,54.54222869873047,2798600
2019-03-18,55.72999954223633,56.099998474121094,55.220001220703125,55.810001373291016,54.59114074707031,1351500
2019-03-19,55.9900016784668,56.900001525878906,55.91999816894531,56.11000061035156,54.88458251953125,1478400
2019-03-20,56.0,56.189998626708984,54.880001068115234,55.189998626708984,53.984676361083984,1649300
2019-03-21,55.02000045776367,55.56999969482422,55.02000045776367,55.220001220703125,54.01402282714844,1544700
2019-03-22,55.08000183105469,55.380001068115234,54.2400016784668,54.25,53.065208435058594,1550500
2019-03-25,54.09000015258789,54.38999938964844,53.38999938964844,53.599998474121094,52.429405212402344,1435100
2019-03-26,53.93000030517578,54.4900016784668,53.529998779296875,53.90999984741211,52.73263168334961,1323900
2019-03-27,53.9900016784668,55.29999923706055,53.79999923706055,54.9900016784668,53.78904724121094,1873300
2019-03-28,55.16999816894531,55.380001068115234,54.72999954223633,55.16999816894531,53.96511459350586,1118000
2019-03-29,55.470001220703125,56.25,55.279998779296875,56.119998931884766,54.89436721801758,1521600
2019-04-01,56.29999923706055,57.88999938964844,56.11000061035156,57.31999969482422,56.06816482543945,1950700
2019-04-02,58.189998626708984,58.52000045776367,57.119998931884766,58.13999938964844,56.87025451660156,1563400
2019-04-03,58.63999938964844,59.060001373291016,57.720001220703125,57.790000915527344,56.52790069580078,1923000
2019-04-04,57.939998626708984,58.38999938964844,57.130001068115234,57.81999969482422,56.55724334716797,1055800
2019-04-05,57.9900016784668,58.849998474121094,57.9900016784668,58.540000915527344,57.26151657104492,1010800
2019-04-08,58.189998626708984,58.630001068115234,57.81999969482422,58.33000183105469,57.05610656738281,988700
2019-04-09,58.0099983215332,58.310001373291016,57.540000915527344,57.84000015258789,56.576805114746094,1026700
2019-04-10,58.65999984741211,59.040000915527344,57.720001220703125,58.779998779296875,57.496273040771484,1838400
2019-04-11,58.91999816894531,60.56999969482422,58.86000061035156,59.709999084472656,58.40596389770508,2174200
2019-04-12,60.38999938964844,61.09000015258789,59.77000045776367,60.630001068115234,59.305877685546875,1988600
2019-04-15,60.81999969482422,60.81999969482422,59.81999969482422,60.060001373291016,58.748321533203125,1065800
2019-04-16,60.29999923706055,61.11000061035156,60.189998626708984,60.970001220703125,59.638450622558594,1040700
2019-04-17,61.869998931884766,62.099998474121094,61.06999969482422,61.380001068115234,60.039493560791016,1156800
2019-04-18,61.290000915527344,61.75,60.70000076293945,61.66999816894531,60.32315444946289,976600
2019-04-22,61.15999984741211,61.20000076293945,60.04999923706055,60.29999923706055,58.98307800292969,2194100
2019-04-23,60.27000045776367,61.22999954223633,60.18000030517578,60.88999938964844,59.5601921081543,1118900
2019-04-24,60.9900016784668,61.54999923706055,60.279998779296875,60.79999923706055,59.4721565246582,985600
2019-04-25,60.790000915527344,61.25,58.25,59.16999816894531,57.87775802612305,1959900
2019-04-26,59.099998474121094,60.9900016784668,58.70000076293945,60.619998931884766,59.296085357666016,2519200
2019-04-29,60.29999923706055,60.97999954223633,60.150001525878906,60.540000915527344,59.217838287353516,1373200
2019-04-30,61.40999984741211,62.380001068115234,61.18000030517578,61.900001525878906,60.54813766479492,1500400
2019-05-01,62.0,62.459999084472656,61.720001220703125,62.06999969482422,60.71442413330078,1126300
2019-05-02,62.150001525878906,63.20000076293945,61.97999954223633,62.34000015258789,60.9785270690918,1166300
2019-05-03,62.349998474121094,63.2599983215332,62.349998474121094,62.47999954223633,61.1154670715332,702500
2019-05-06,61.369998931884766,62.290000915527344,61.150001525878906,62.189998626708984,60.83180618286133,716400
2019-05-07,61.709999084472656,61.709999084472656,60.25,61.09000015258789,59.755828857421875,944800
2019-05-08,60.84000015258789,61.27000045776367,60.310001373291016,60.689998626708984,59.36456298828125,762200
2019-05-09,60.209999084472656,60.400001525878906,59.459999084472656,60.29999923706055,58.98307800292969,1097500
2019-05-10,60.209999084472656,61.41999816894531,59.29999923706055,61.27000045776367,59.9318962097168,862200
2019-05-13,60.0099983215332,60.18000030517578,59.220001220703125,60.130001068115234,58.81679153442383,939800
2019-05-14,60.279998779296875,61.66999816894531,60.08000183105469,61.380001068115234,60.039493560791016,989300
2019-05-15,60.790000915527344,61.790000915527344,60.5,61.4900016784668,60.14708709716797,1128600
2019-05-16,61.709999084472656,63.189998626708984,61.599998474121094,62.63999938964844,61.27197265625,1353800
2019-05-17,61.939998626708984,63.20000076293945,61.68000030517578,62.38999938964844,61.02743148803711,870900
2019-05-20,61.5,62.45000076293945,61.220001220703125,61.95000076293945,60.93890380859375,935300
2019-05-21,62.130001068115234,62.869998931884766,61.900001525878906,62.619998931884766,61.597965240478516,803700
2019-05-22,62.08000183105469,62.25,60.599998474121094,60.68000030517578,59.689632415771484,1308500
2019-05-23,60.22999954223633,61.45000076293945,59.40999984741211,61.36000061035156,60.35853576660156,1104800
2019-05-24,61.34000015258789,61.880001068115234,60.369998931884766,60.59000015258789,59.60110092163086,722500
2019-05-28,60.54999923706055,60.810001373291016,59.849998474121094,60.04999923706055,59.06991195678711,853300
2019-05-29,60.0099983215332,60.2599983215332,58.72999954223633,59.27000045776367,58.302642822265625,957900
2019-05-30,59.5,59.75,58.5,58.779998779296875,57.82063674926758,1240000
2019-05-31,58.150001525878906,58.459999084472656,57.81999969482422,58.20000076293945,57.2501106262207,812400
2019-06-03,58.0099983215332,59.380001068115234,57.849998474121094,59.06999969482422,58.10590744018555,877500
2019-06-04,59.68000030517578,61.0,59.68000030517578,60.86000061035156,59.866695404052734,1197400
2019-06-05,61.459999084472656,61.81999969482422,61.209999084472656,61.61000061035156,60.604454040527344,1103100
2019-06-06,61.5099983215332,61.70000076293945,60.290000915527344,60.95000076293945,59.95522689819336,618500
2019-06-07,61.0,61.529998779296875,60.4900016784668,60.529998779296875,59.54207992553711,984100
2019-06-10,60.880001068115234,61.79999923706055,60.56999969482422,60.63999938964844,59.65028381347656,815000
2019-06-11,61.0,61.279998779296875,60.529998779296875,60.7599983215332,59.7683219909668,645400
2019-06-12,60.91999816894531,61.380001068115234,60.52000045776367,60.959999084472656,59.96506118774414,593900
2019-06-13,61.0099983215332,62.33000183105469,61.0099983215332,62.15999984741211,61.145477294921875,916600
2019-06-14,62.33000183105469,63.40999984741211,61.619998931884766,63.119998931884766,62.089805603027344,1236900
2019-06-17,63.20000076293945,63.20000076293945,62.4900016784668,62.52000045776367,61.499603271484375,916100
2019-06-18,62.70000076293945,63.630001068115234,62.5099983215332,62.939998626708984,61.91274642944336,673000
2019-06-19,63.16999816894531,63.220001220703125,62.380001068115234,62.86000061035156,61.834049224853516,589900
2019-06-20,63.25,63.29999923706055,60.31999969482422,60.720001220703125,59.728981018066406,2019300
2019-06-21,60.86000061035156,62.59000015258789,60.29999923706055,62.08000183105469,61.06678009033203,2177600
2019-06-24,62.22999954223633,62.66999816894531,61.90999984741211,62.41999816894531,61.4012336730957,936500
2019-06-25,62.369998931884766,63.20000076293945,61.650001525878906,61.939998626708984,60.9290657043457,1388300
2019-06-26,61.849998474121094,62.22999954223633,61.41999816894531,61.90999984741211,60.899559020996094,646500
2019-06-27,62.150001525878906,63.4900016784668,62.150001525878906,63.11000061035156,62.07997131347656,862600
2019-06-28,63.29999923706055,64.0,63.04999923706055,63.90999984741211,62.866912841796875,2179700
2019-07-01,64.0999984741211,64.5999984741211,62.90999984741211,63.709999084472656,62.6701774597168,1121500
2019-07-02,64.19999694824219,64.52999877929688,63.08000183105469,63.09000015258789,62.06029510498047,1096800
2019-07-03,63.41999816894531,64.69000244140625,63.29999923706055,63.84000015258789,62.798057556152344,759900
2019-07-05,63.720001220703125,64.22000122070312,63.150001525878906,64.06999969482422,63.0243034362793,566800
2019-07-08,64.16999816894531,64.91000366210938,64.08000183105469,64.68000030517578,63.62434387207031,1228500
2019-07-09,64.30000305175781,64.62000274658203,63.31999969482422,63.689998626708984,62.6505012512207,910700
2019-07-10,64.1500015258789,64.38999938964844,62.560001373291016,62.939998626708984,61.91274642944336,1197000
2019-07-11,63.20000076293945,63.54999923706055,62.41999816894531,63.310001373291016,62.27670669555664,982500
2019-07-12,63.560001373291016,64.61000061035156,63.33000183105469,64.23999786376953,63.191524505615234,958700
2019-07-15,64.13999938964844,64.58000183105469,63.25,63.36000061035156,62.325889587402344,946300
2019-07-16,63.36000061035156,65.62000274658203,63.29999923706055,65.41000366210938,64.34243774414062,1385000
2019-07-17,65.2699966430664,65.31999969482422,63.72999954223633,63.779998779296875,62.739036560058594,1179000
2019-07-18,63.75,64.41999816894531,63.34000015258789,64.36000061035156,63.3095703125,1018800
2019-07-19,64.5199966430664,65.13999938964844,63.47999954223633,63.4900016784668,62.453773498535156,1143300
2019-07-22,63.7599983215332,64.19999694824219,62.86000061035156,62.869998931884766,61.8438835144043,1303700
2019-07-23,63.099998474121094,65.4000015258789,62.83000183105469,65.0999984741211,64.03749084472656,1458400
2019-07-24,65.0999984741211,65.91000366210938,64.8499984741211,65.56999969482422,64.49982452392578,1007400
2019-07-25,64.7300033569336,65.56999969482422,63.31999969482422,63.86000061035156,62.81772994995117,1599000
2019-07-26,64.22000122070312,65.22000122070312,64.08000183105469,64.91999816894531,63.86042404174805,1637800
2019-07-29,64.2300033569336,64.23999786376953,62.66999816894531,63.970001220703125,62.925933837890625,1397800
2019-07-30,63.689998626708984,64.55999755859375,63.4900016784668,64.01000213623047,62.96528625488281,812300
2019-07-31,63.97999954223633,64.51000213623047,63.2599983215332,63.36000061035156,62.325889587402344,1171000
2019-08-01,63.56999969482422,64.25,62.900001525878906,63.13999938964844,62.10947799682617,1069500
2019-08-02,63.0,63.77000045776367,62.439998626708984,63.27000045776367,62.237361907958984,1021100
2019-08-05,62.540000915527344,62.650001525878906,60.5099983215332,61.52000045776367,60.51591873168945,1208400
2019-08-06,61.970001220703125,62.65999984741211,61.84000015258789,62.470001220703125,61.45042037963867,797300
2019-08-07,62.119998931884766,63.369998931884766,61.560001373291016,63.11000061035156,62.07997131347656,749700
2019-08-08,63.470001220703125,64.66999816894531,63.439998626708984,64.52999877929688,63.47679138183594,769000
2019-08-09,64.16000366210938,64.79000091552734,63.900001525878906,63.93000030517578,62.8865852355957,746600
2019-08-12,63.43000030517578,63.43000030517578,61.36000061035156,62.11000061035156,61.096290588378906,1041500
2019-08-13,61.81999969482422,62.790000915527344,61.11000061035156,61.16999816894531,60.171630859375,1160200
2019-08-14,60.599998474121094,60.9900016784668,58.33000183105469,59.22999954223633,58.26329803466797,1416600
2019-08-15,59.34000015258789,59.529998779296875,58.81999969482422,59.02000045776367,58.056724548339844,1223100
2019-08-16,59.310001373291016,60.5099983215332,59.20000076293945,60.36000061035156,59.374855041503906,952800
2019-08-19,60.68000030517578,61.5099983215332,60.47999954223633,60.59000015258789,59.94871520996094,903200
2019-08-20,60.310001373291016,60.34000015258789,59.5099983215332,60.11000061035156,59.473793029785156,740400
2019-08-21,60.38999938964844,60.63999938964844,59.66999816894531,59.810001373291016,59.176971435546875,1038900
2019-08-22,59.880001068115234,60.02000045776367,58.9900016784668,59.72999954223633,59.097816467285156,929300
2019-08-23,59.560001373291016,59.900001525878906,57.56999969482422,57.93000030517578,57.31686782836914,1180800
2019-08-26,58.439998626708984,58.849998474121094,57.72999954223633,58.380001068115234,57.762107849121094,1044900
2019-08-27,58.779998779296875,58.880001068115234,57.119998931884766,58.0099983215332,57.396018981933594,1455500
2019-08-28,57.790000915527344,59.040000915527344,57.709999084472656,58.7400016784668,58.1182975769043,728400
2019-08-29,59.33000183105469,60.16999816894531,59.060001373291016,59.959999084472656,59.32537841796875,788300
2019-08-30,60.130001068115234,60.34000015258789,59.369998931884766,59.720001220703125,59.08792495727539,842100
2019-09-03,59.43000030517578,60.5099983215332,59.43000030517578,60.43000030517578,59.7904052734375,1110600
2019-09-04,60.630001068115234,61.869998931884766,60.060001373291016,61.77000045776367,61.1162223815918,1067000
2019-09-05,62.18000030517578,63.91999816894531,62.060001373291016,63.38999938964844,62.719078063964844,1285700
2019-09-06,63.779998779296875,64.18000030517578,62.900001525878906,63.09000015258789,62.4222526550293,1034000
2019-09-09,63.08000183105469,65.05000305175781,62.650001525878906,64.7699966430664,64.08447265625,951200
2019-09-10,65.01000213623047,65.4800033569336,64.51000213623047,64.98999786376953,64.30213928222656,723000
2019-09-11,64.9800033569336,65.9000015258789,64.31999969482422,65.83000183105469,65.13325500488281,787500
2019-09-12,65.79000091552734,66.47000122070312,65.30000305175781,65.68000030517578,64.9848403930664,668200
2019-09-13,66.27999877929688,66.5199966430664,65.81999969482422,65.87000274658203,65.17283630371094,588400
2019-09-16,64.0,65.83999633789062,63.63999938964844,64.66000366210938,63.97563934326172,1295200
2019-09-17,64.25,65.48999786376953,64.16999816894531,64.91999816894531,64.23287963867188,657000
2019-09-18,64.81999969482422,64.98999786376953,64.08999633789062,64.93000030517578,64.24278259277344,758600
2019-09-19,64.70999908447266,65.30999755859375,64.43000030517578,64.58000183105469,63.896484375,604500
2019-09-20,64.94999694824219,65.45999908447266,64.61000061035156,65.0,64.31204223632812,1249100
2019-09-23,64.7300033569336,65.20999908447266,64.41999816894531,64.63999938964844,63.955848693847656,632600
2019-09-24,65.12999725341797,65.2699966430664,64.37999725341797,64.6500015258789,63.96574783325195,596500
2019-09-25,64.68000030517578,65.43000030517578,64.58999633789062,65.05000305175781,64.36151123046875,522600
2019-09-26,65.05000305175781,65.08000183105469,64.18000030517578,64.56999969482422,63.886592864990234,541200
2019-09-27,64.9800033569336,65.56999969482422,63.93000030517578,64.18000030517578,63.50071716308594,814000
2019-09-30,64.4000015258789,65.23999786376953,64.23999786376953,64.91000366210938,64.22299194335938,808800
2019-10-01,65.44999694824219,65.91000366210938,64.63999938964844,64.94999694824219,64.26256561279297,612700
2019-10-02,64.12999725341797,64.19999694824219,61.5,62.720001220703125,62.05617141723633,1334100
2019-10-03,62.689998626708984,62.869998931884766,61.150001525878906,62.29999923706055,61.6406135559082,980000
2019-10-04,62.380001068115234,63.630001068115234,62.25,63.5099983215332,62.837806701660156,478200
2019-10-07,63.599998474121094,64.19000244140625,63.47999954223633,63.959999084472656,63.283042907714844,621300
2019-10-08,63.279998779296875,64.76000213623047,62.959999084472656,63.18000030517578,62.51129913330078,962300
2019-10-09,64.05000305175781,64.68000030517578,64.02999877929688,64.11000061035156,63.43145751953125,536900
2019-10-10,63.0,64.95999908447266,62.7599983215332,64.87999725341797,64.19330596923828,565600
2019-10-11,66.0,67.62999725341797,65.0,66.08000183105469,65.380615234375,1585100
2019-10-14,65.87000274658203,66.58999633789062,65.38999938964844,66.20999908447266,65.50923156738281,593500
2019-10-15,66.41999816894531,67.7300033569336,65.9800033569336,67.33000183105469,66.61737823486328,928100
2019-10-16,67.33999633789062,67.47000122070312,66.56999969482422,66.83000183105469,66.12266540527344,942100
2019-10-17,67.13999938964844,67.76000213623047,66.51000213623047,66.9800033569336,66.27108001708984,749200
2019-10-18,66.61000061035156,67.5199966430664,66.08000183105469,66.83999633789062,66.13256072998047,969700
2019-10-21,67.91000366210938,69.27999877929688,67.3499984741211,69.04000091552734,68.30928039550781,1441600
2019-10-22,68.98999786376953,69.7699966430664,68.33000183105469,69.19000244140625,68.45769500732422,1129400
2019-10-23,69.08999633789062,69.37999725341797,68.8499984741211,68.91000366210938,68.18065643310547,741200
2019-10-24,69.30000305175781,69.69999694824219,68.27999877929688,68.76000213623047,68.0322494506836,1480900
2019-10-25,69.0,72.0,68.80000305175781,71.56999969482422,70.8125,1669900
2019-10-28,70.4000015258789,71.33000183105469,69.87000274658203,70.08000183105469,69.33827209472656,1438600
2019-10-29,70.0,70.41999816894531,69.56999969482422,69.76000213623047,69.02165985107422,801800
2019-10-30,69.63999938964844,70.47000122070312,69.3499984741211,70.37999725341797,69.63509368896484,932700
2019-10-31,69.9000015258789,70.1500015258789,69.04000091552734,69.43000030517578,68.69515228271484,715500
2019-11-01,69.88999938964844,70.56999969482422,69.63999938964844,70.1500015258789,69.40753173828125,666600
2019-11-04,70.83000183105469,71.0,70.25,70.62999725341797,69.88245391845703,740700
2019-11-05,70.8499984741211,71.91999816894531,70.7699966430664,71.37999725341797,70.62450408935547,777600
2019-11-06,71.06999969482422,71.47000122070312,70.4800033569336,71.37000274658203,70.6146240234375,709600
2019-11-07,71.58000183105469,72.22000122070312,70.63999938964844,70.93000030517578,70.17927551269531,681200
2019-11-08,70.79000091552734,71.26000213623047,69.94999694824219,71.16999816894531,70.41673278808594,506100
2019-11-11,71.02999877929688,71.91000366210938,70.55999755859375,71.91000366210938,71.14891052246094,603300
2019-11-12,71.9800033569336,71.9800033569336,70.5999984741211,70.83999633789062,70.09021759033203,513100
2019-11-13,70.2300033569336,70.62999725341797,69.94000244140625,70.5199966430664,69.77361297607422,414600
2019-11-14,70.26000213623047,70.80999755859375,70.05999755859375,70.41000366210938,69.66477966308594,459200
2019-11-15,70.94000244140625,70.94999694824219,70.18000030517578,70.37999725341797,69.63509368896484,468800
2019-11-18,70.3499984741211,70.3499984741211,69.70999908447266,70.05999755859375,69.66492462158203,432400
2019-11-19,70.12999725341797,70.45999908447266,69.5,70.06999969482422,69.67487335205078,561300
2019-11-20,69.43000030517578,69.54000091552734,67.94000244140625,68.44000244140625,68.05406188964844,789000
2019-11-21,68.44999694824219,68.8499984741211,67.95999908447266,68.0,67.61654663085938,688400
2019-11-22,68.30000305175781,68.83000183105469,68.08000183105469,68.76000213623047,68.37226104736328,613100
2019-11-25,68.80000305175781,69.30000305175781,68.68000030517578,68.79000091552734,68.40209197998047,493200
2019-11-26,68.70999908447266,69.48999786376953,68.61000061035156,69.44000244140625,69.04842376708984,564100
2019-11-27,69.5,69.77999877929688,68.73999786376953,69.16999816894531,68.77994537353516,635300
2019-11-29,69.20999908447266,69.7300033569336,68.86000061035156,69.01000213623047,68.620849609375,270600
2019-12-02,69.16999816894531,69.69999694824219,68.05999755859375,68.11000061035156,67.72592163085938,904700
2019-12-03,67.48999786376953,67.48999786376953,66.58000183105469,66.61000061035156,66.23438262939453,1078100
2019-12-04,66.83000183105469,68.0,66.75,66.91999816894531,66.54263305664062,776200
2019-12-05,67.05000305175781,67.63999938964844,67.05000305175781,67.29000091552734,66.9105453491211,560800
2019-12-06,67.87000274658203,68.47000122070312,67.37000274658203,68.31999969482422,67.93473815917969,834800
2019-12-09,68.02999877929688,68.23999786376953,67.86000061035156,67.98999786376953,67.60659790039062,860100
2019-12-10,67.30999755859375,67.9800033569336,66.8499984741211,67.23999786376953,66.86082458496094,744700
2019-12-11,67.33000183105469,67.56999969482422,66.5999984741211,66.73999786376953,66.3636474609375,854000
2019-12-12,67.41999816894531,68.47000122070312,67.16999816894531,67.69000244140625,67.30829620361328,1553800
2019-12-13,67.44000244140625,67.66000366210938,66.29000091552734,67.41000366210938,67.02987670898438,1120700
2019-12-16,67.80999755859375,69.13999938964844,67.80999755859375,69.0,68.61090087890625,1220300
2019-12-17,68.94000244140625,70.25,68.7300033569336,70.05999755859375,69.66492462158203,1545300
2019-12-18,70.41000366210938,70.41000366210938,68.54000091552734,69.02999877929688,68.64073181152344,1807200
2019-12-19,69.01000213623047,69.27999877929688,68.66000366210938,69.19999694824219,68.80977630615234,1106000
2019-12-20,69.62000274658203,69.62000274658203,69.0,69.33999633789062,68.94898223876953,1401900
2019-12-23,69.62999725341797,69.62999725341797,68.93000030517578,69.29000091552734,68.8992691040039,1099200
2019-12-24,69.58000183105469,69.58000183105469,68.77999877929688,69.08999633789062,68.70039367675781,360800
2019-12-26,69.18000030517578,69.58999633789062,68.75,69.06999969482422,68.68051147460938,519600
2019-12-27,69.23999786376953,69.30000305175781,68.12000274658203,68.29000091552734,67.9049072265625,1011800
2019-12-30,68.16999816894531,68.30000305175781,67.33000183105469,67.68000030517578,67.29834747314453,861800
2019-12-31,67.55999755859375,68.16000366210938,67.55999755859375,67.75,67.36795043945312,735300
2020-01-02,68.1500015258789,68.79000091552734,67.62000274658203,68.16999816894531,67.78558349609375,1396600
2020-01-03,66.80000305175781,67.11000061035156,66.0199966430664,66.91999816894531,66.54263305664062,1404600
2020-01-06,66.08999633789062,66.88999938964844,66.0199966430664,66.5999984741211,66.22443389892578,1342700
2020-01-07,66.55999755859375,66.81999969482422,66.05999755859375,66.18000030517578,65.80680847167969,1041500
2020-01-08,66.02999877929688,67.58999633789062,66.0199966430664,66.5,66.125,1438500
2020-01-09,67.0199966430664,67.0199966430664,66.19999694824219,66.37000274658203,65.99573516845703,1140400
2020-01-10,66.5999984741211,66.69999694824219,65.81999969482422,65.88999938964844,65.51844024658203,1007600
2020-01-13,65.83999633789062,66.19000244140625,65.63999938964844,65.87000274658203,65.4985580444336,629500
2020-01-14,66.76000213623047,67.44999694824219,66.0199966430664,66.18000030517578,65.80680847167969,994700
2020-01-15,66.01000213623047,67.05999755859375,65.95999908447266,66.58999633789062,66.21449279785156,782300
2020-01-16,67.0,67.43000030517578,65.8499984741211,66.54000091552734,66.16477966308594,966200
2020-01-17,66.83999633789062,67.11000061035156,66.04000091552734,66.62000274658203,66.24432373046875,943900
2020-01-21,66.04000091552734,66.41999816894531,64.18000030517578,64.98999786376953,64.6235122680664,1636300
2020-01-22,65.44000244140625,66.27999877929688,65.30000305175781,65.58999633789062,65.22013092041016,1398000
2020-01-23,65.0,67.30000305175781,64.44000244140625,67.18000030517578,66.8011703491211,1409800
2020-01-24,67.27999877929688,67.36000061035156,65.58999633789062,66.72000122070312,66.34376525878906,1127200
2020-01-27,64.87999725341797,65.62000274658203,64.19999694824219,65.33999633789062,64.97154235839844,1778300
2020-01-28,65.87000274658203,66.63999938964844,65.12999725341797,65.54000091552734,65.17041778564453,2214700
2020-01-29,65.75,67.4800033569336,65.58000183105469,66.88999938964844,66.51280212402344,2466200
2020-01-30,65.87000274658203,66.06999969482422,65.02999877929688,66.01000213623047,65.63776397705078,2127200
2020-01-31,65.61000061035156,65.62000274658203,64.16999816894531,64.58999633789062,64.22576904296875,1581600
2020-02-03,65.12999725341797,65.66000366210938,64.30000305175781,64.6500015258789,64.28543853759766,1696900
2020-02-04,65.58999633789062,66.4000015258789,65.43000030517578,65.7699966430664,65.39911651611328,1513900
2020-02-05,66.70999908447266,66.80000305175781,65.94000244140625,66.33000183105469,65.95596313476562,1332200
2020-02-06,66.83999633789062,66.83999633789062,63.84000015258789,64.0199966430664,63.65898132324219,1531100
2020-02-07,63.900001525878906,64.20999908447266,63.279998779296875,63.959999084472656,63.59932327270508,1338900
2020-02-10,63.540000915527344,64.4800033569336,63.439998626708984,64.43000030517578,64.0666732788086,812900
2020-02-11,64.47000122070312,65.27999877929688,64.43000030517578,64.55000305175781,64.18599700927734,788300
2020-02-12,65.0999984741211,66.1500015258789,64.80999755859375,65.54000091552734,65.17041778564453,932600
2020-02-13,65.16999816894531,66.7699966430664,65.13999938964844,66.5,66.125,1538600
2020-02-14,66.31999969482422,66.95999908447266,65.45999908447266,66.11000061035156,66.11000061035156,1006300
2020-02-18,65.94000244140625,66.30999755859375,65.4000015258789,65.48999786376953,65.48999786376953,1265900
2020-02-19,65.61000061035156,65.80999755859375,64.76000213623047,65.16999816894531,65.16999816894531,863800
2020-02-20,64.9000015258789,65.97000122070312,64.9000015258789,65.36000061035156,65.36000061035156,786900
2020-02-21,64.91000366210938,65.52999877929688,63.95000076293945,65.43000030517578,65.43000030517578,926500
2020-02-24,63.47999954223633,63.83000183105469,62.20000076293945,63.0099983215332,63.0099983215332,1285400
2020-02-25,63.16999816894531,63.209999084472656,58.65999984741211,58.810001373291016,58.810001373291016,1685800
2020-02-26,59.369998931884766,59.65999984741211,57.20000076293945,57.369998931884766,57.369998931884766,1813900
2020-02-27,54.790000915527344,56.68000030517578,52.90999984741211,52.959999084472656,52.959999084472656,2704600
2020-02-28,51.09000015258789,52.0099983215332,49.45000076293945,50.459999084472656,50.459999084472656,3535300
2020-03-02,50.849998474121094,51.29999923706055,48.380001068115234,50.029998779296875,50.029998779296875,3075000
2020-03-03,50.470001220703125,50.470001220703125,46.29999923706055,47.369998931884766,47.369998931884766,3415200
2020-03-04,48.189998626708984,49.709999084472656,46.56999969482422,49.689998626708984,49.689998626708984,3480600
2020-03-05,47.65999984741211,47.65999984741211,43.36000061035156,43.459999084472656,43.459999084472656,3859200
2020-03-06,41.5,48.400001525878906,41.400001525878906,45.209999084472656,45.209999084472656,5041700
2020-03-09,43.15999984741211,45.189998626708984,42.13999938964844,43.189998626708984,43.189998626708984,3413800
2020-03-10,45.310001373291016,47.689998626708984,43.369998931884766,46.779998779296875,46.779998779296875,3140000
2020-03-11,45.099998474121094,46.040000915527344,43.369998931884766,45.70000076293945,45.70000076293945,3184800
2020-03-12,40.11000061035156,43.400001525878906,35.0099983215332,35.08000183105469,35.08000183105469,4731500
2020-03-13,38.099998474121094,38.099998474121094,33.0,37.95000076293945,37.95000076293945,3947800
2020-03-16,32.02000045776367,34.400001525878906,28.920000076293945,32.529998779296875,32.529998779296875,4456900
2020-03-17,33.060001373291016,36.20000076293945,31.280000686645508,32.529998779296875,32.529998779296875,3707600
2020-03-18,29.530000686645508,30.040000915527344,20.020000457763672,25.1299991607666,25.1299991607666,5067400
2020-03-19,24.700000762939453,25.989999771118164,22.010000228881836,24.18000030517578,24.18000030517578,2901100
2020-03-20,25.709999084472656,27.969999313354492,23.34000015258789,23.559999465942383,23.559999465942383,4062500
2020-03-23,24.0,24.979999542236328,22.149999618530273,24.030000686645508,24.030000686645508,3694600
2020-03-24,29.440000534057617,31.260000228881836,27.3799991607666,28.90999984741211,28.90999984741211,4750600
2020-03-25,33.560001373291016,34.25,28.360000610351562,29.84000015258789,29.84000015258789,7739400
2020-03-26,31.90999984741211,33.369998931884766,30.020000457763672,32.4900016784668,32.4900016784668,4914800
2020-03-27,31.729999542236328,31.899999618530273,29.780000686645508,29.8700008392334,29.8700008392334,3546900
2020-03-30,29.1299991607666,29.950000762939453,26.549999237060547,28.329999923706055,28.329999923706055,2841700
2020-03-31,28.959999084472656,30.709999084472656,28.1299991607666,28.469999313354492,28.469999313354492,2667000
2020-04-01,26.920000076293945,27.549999237060547,25.25,26.350000381469727,26.350000381469727,3350000
2020-04-02,26.139999389648438,27.020000457763672,24.280000686645508,24.65999984741211,24.65999984741211,3065200
2020-04-03,25.15999984741211,25.649999618530273,23.579999923706055,24.690000534057617,24.690000534057617,2707500
2020-04-06,26.040000915527344,27.270000457763672,24.920000076293945,26.670000076293945,26.670000076293945,3724700
2020-04-07,29.34000015258789,31.770000457763672,28.540000915527344,29.030000686645508,29.030000686645508,3766500
2020-04-08,30.200000762939453,30.31999969482422,28.950000762939453,29.139999389648438,29.139999389648438,2940100
2020-04-09,31.239999771118164,33.599998474121094,30.389999389648438,31.610000610351562,31.610000610351562,4196700
2020-04-13,32.630001068115234,32.86000061035156,28.610000610351562,29.510000228881836,29.510000228881836,3181800
2020-04-14,30.579999923706055,31.920000076293945,30.420000076293945,31.049999237060547,31.049999237060547,2789900
2020-04-15,32.2400016784668,32.41999816894531,29.0,30.079999923706055,30.079999923706055,4253000
2020-04-16,29.239999771118164,29.450000762939453,27.510000228881836,28.260000228881836,28.260000228881836,3274700
2020-04-17,29.690000534057617,30.280000686645508,29.309999465942383,29.93000030517578,29.93000030517578,2491800
2020-04-20,28.940000534057617,29.959999084472656,28.1299991607666,29.229999542236328,29.229999542236328,1812500
2020-04-21,27.799999237060547,29.190000534057617,27.610000610351562,28.290000915527344,28.290000915527344,1884200
2020-04-22,29.0,29.229999542236328,27.020000457763672,27.530000686645508,27.530000686645508,2600000
2020-04-23,28.010000228881836,28.979999542236328,27.75,28.200000762939453,28.200000762939453,2399900
2020-04-24,28.559999465942383,28.81999969482422,27.209999084472656,28.010000228881836,28.010000228881836,3054900
2020-04-27,28.34000015258789,29.260000228881836,27.700000762939453,27.850000381469727,27.850000381469727,2766600
2020-04-28,28.889999389648438,32.25,28.700000762939453,31.579999923706055,31.579999923706055,3954700
2020-04-29,34.060001373291016,34.720001220703125,32.720001220703125,34.0,34.0,4002500
2020-04-30,32.779998779296875,33.5,31.399999618530273,32.52000045776367,32.52000045776367,2678800
2020-05-01,31.40999984741211,31.850000381469727,29.600000381469727,30.110000610351562,30.110000610351562,2392700
2020-05-04,27.1200008392334,28.899999618530273,26.559999465942383,28.770000457763672,28.770000457763672,4457700
2020-05-05,29.719999313354492,30.3700008392334,28.40999984741211,28.969999313354492,28.969999313354492,3958500
2020-05-06,28.8799991607666,29.059999465942383,27.200000762939453,27.829999923706055,27.829999923706055,2994900
2020-05-07,28.059999465942383,29.09000015258789,27.799999237060547,28.25,28.25,2906800
2020-05-08,28.770000457763672,30.15999984741211,28.559999465942383,30.0,30.0,2767400
2020-05-11,29.479999542236328,29.489999771118164,28.239999771118164,28.360000610351562,28.360000610351562,3003800
2020-05-12,28.459999084472656,28.989999771118164,26.81999969482422,26.850000381469727,26.850000381469727,2983600
2020-05-13,26.559999465942383,26.65999984741211,24.799999237060547,25.520000457763672,25.520000457763672,3449100
2020-05-14,24.420000076293945,26.18000030517578,23.389999389648438,26.139999389648438,26.139999389648438,3507200
2020-05-15,25.649999618530273,26.579999923706055,25.149999618530273,25.6299991607666,25.6299991607666,2787200
2020-05-18,27.670000076293945,29.5,27.079999923706055,29.049999237060547,29.049999237060547,4331200
2020-05-19,29.610000610351562,29.959999084472656,28.040000915527344,28.65999984741211,28.65999984741211,3189400
2020-05-20,29.350000381469727,30.469999313354492,29.1200008392334,30.260000228881836,30.260000228881836,2676500
2020-05-21,30.360000610351562,32.189998626708984,30.209999084472656,31.84000015258789,31.84000015258789,3278600
2020-05-22,32.31999969482422,32.61000061035156,30.31999969482422,31.020000457763672,31.020000457763672,2888300
2020-05-26,33.58000183105469,35.439998626708984,33.31999969482422,35.029998779296875,35.029998779296875,4605500
2020-05-27,38.529998779296875,39.470001220703125,34.43000030517578,35.7400016784668,35.7400016784668,5503600
2020-05-28,35.880001068115234,36.0,34.029998779296875,34.459999084472656,34.459999084472656,3265100
2020-05-29,33.189998626708984,35.119998931884766,32.779998779296875,34.189998626708984,34.189998626708984,3561800
2020-06-01,34.380001068115234,36.58000183105469,34.04999923706055,36.11000061035156,36.11000061035156,2884600
2020-06-02,37.04999923706055,37.400001525878906,35.630001068115234,36.20000076293945,36.20000076293945,3472800
2020-06-03,37.279998779296875,40.630001068115234,37.220001220703125,39.29999923706055,39.29999923706055,4513000
2020-06-04,41.0,43.40999984741211,39.56999969482422,42.31999969482422,42.31999969482422,6768600
2020-06-05,47.84000015258789,48.65999984741211,41.810001373291016,42.720001220703125,42.720001220703125,9437000
2020-06-08,45.900001525878906,50.810001373291016,45.25,50.2400016784668,50.2400016784668,13224900
2020-06-09,48.060001373291016,48.47999954223633,44.0099983215332,46.099998474121094,46.099998474121094,7384400
2020-06-10,44.2599983215332,44.2599983215332,39.810001373291016,41.47999954223633,41.47999954223633,8580800
2020-06-11,36.11000061035156,38.130001068115234,35.18000030517578,35.59000015258789,35.59000015258789,6825300
2020-06-12,39.720001220703125,39.79999923706055,36.33000183105469,38.470001220703125,38.470001220703125,6102200
2020-06-15,35.619998931884766,38.56999969482422,35.380001068115234,37.77000045776367,37.77000045776367,5526300
2020-06-16,40.5099983215332,40.79999923706055,37.77000045776367,38.209999084472656,38.209999084472656,5076300
2020-06-17,37.61000061035156,38.16999816894531,36.75,37.40999984741211,37.40999984741211,2490200
2020-06-18,36.58000183105469,37.84000015258789,36.130001068115234,37.45000076293945,37.45000076293945,3391200
2020-06-19,38.33000183105469,38.349998474121094,35.5099983215332,36.290000915527344,36.290000915527344,3873100
2020-06-22,35.5,36.790000915527344,35.22999954223633,36.470001220703125,36.470001220703125,2919200
2020-06-23,36.869998931884766,37.0,35.630001068115234,36.83000183105469,36.83000183105469,2825100
2020-06-24,36.08000183105469,36.34000015258789,34.29999923706055,34.38999938964844,34.38999938964844,3475500
2020-06-25,33.2400016784668,35.68000030517578,33.0,35.47999954223633,35.47999954223633,3049700
2020-06-26,35.45000076293945,35.650001525878906,33.5099983215332,34.29999923706055,34.29999923706055,3578700
2020-06-29,34.72999954223633,37.119998931884766,34.060001373291016,36.90999984741211,36.90999984741211,3558300
2020-06-30,36.439998626708984,36.810001373291016,35.31999969482422,36.2599983215332,36.2599983215332,3098800
2020-07-01,37.18000030517578,38.290000915527344,35.5,35.70000076293945,35.70000076293945,3146800
2020-07-02,37.20000076293945,37.4900016784668,36.27000045776367,36.4900016784668,36.4900016784668,2753500
2020-07-06,37.34000015258789,37.900001525878906,36.029998779296875,37.08000183105469,37.08000183105469,2133100
2020-07-07,36.220001220703125,36.54999923706055,35.650001525878906,36.099998474121094,36.099998474121094,2687500
2020-07-08,35.599998474121094,36.34000015258789,35.16999816894531,36.2599983215332,36.2599983215332,2143200
2020-07-09,36.0,36.119998931884766,34.380001068115234,34.439998626708984,34.439998626708984,2178000
2020-07-10,34.0,36.040000915527344,33.619998931884766,35.72999954223633,35.72999954223633,2016300
2020-07-13,35.95000076293945,36.130001068115234,34.630001068115234,34.880001068115234,34.880001068115234,2248700
2020-07-14,34.27000045776367,35.849998474121094,34.130001068115234,35.4900016784668,35.4900016784668,1734500
2020-07-15,37.58000183105469,38.939998626708984,36.88999938964844,38.7599983215332,38.7599983215332,3519600
2020-07-16,37.77000045776367,38.22999954223633,36.810001373291016,37.279998779296875,37.279998779296875,1743700
2020-07-17,37.25,37.52000045776367,36.58000183105469,37.0,37.0,1140700
2020-07-20,36.619998931884766,37.31999969482422,35.560001373291016,35.88999938964844,35.88999938964844,1892700
2020-07-21,35.88999938964844,36.689998626708984,35.75,36.20000076293945,36.20000076293945,1644100
2020-07-22,35.91999816894531,37.310001373291016,35.720001220703125,36.29999923706055,36.29999923706055,1781100
2020-07-23,36.45000076293945,37.95000076293945,34.849998474121094,36.66999816894531,36.66999816894531,3276500
2020-07-24,35.63999938964844,36.380001068115234,34.68000030517578,35.060001373291016,35.060001373291016,2781100
2020-07-27,35.02000045776367,35.439998626708984,33.880001068115234,34.150001525878906,34.150001525878906,2128900
2020-07-28,33.93000030517578,35.47999954223633,33.84000015258789,35.0,35.0,2243500
2020-07-29,35.119998931884766,35.349998474121094,34.29999923706055,34.7599983215332,34.7599983215332,1521300
2020-07-30,34.099998474121094,35.0,33.88999938964844,34.65999984741211,34.65999984741211,1695100
2020-07-31,34.209999084472656,34.59000015258789,33.650001525878906,34.439998626708984,34.439998626708984,2226000
2020-08-03,34.09000015258789,34.61000061035156,33.220001220703125,34.0,34.0,2632900
2020-08-04,34.0099983215332,35.02000045776367,33.95000076293945,34.29999923706055,34.29999923706055,2277000
2020-08-05,35.38999938964844,36.040000915527344,34.40999984741211,35.7599983215332,35.7599983215332,3037600
2020-08-06,35.75,36.689998626708984,35.33000183105469,36.41999816894531,36.41999816894531,2586200
2020-08-07,36.0,36.630001068115234,35.790000915527344,36.61000061035156,36.61000061035156,1588500
2020-08-10,36.97999954223633,39.470001220703125,36.959999084472656,39.25,39.25,3807200
2020-08-11,40.900001525878906,41.04999923706055,38.66999816894531,38.97999954223633,38.97999954223633,3604100
2020-08-12,39.529998779296875,39.7400016784668,37.56999969482422,38.459999084472656,38.459999084472656,2185200
2020-08-13,37.79999923706055,38.959999084472656,37.54999923706055,37.790000915527344,37.790000915527344,1802700
2020-08-14,37.060001373291016,38.04999923706055,36.849998474121094,37.68000030517578,37.68000030517578,1872000
2020-08-17,37.47999954223633,37.630001068115234,36.16999816894531,36.2599983215332,36.2599983215332,2085400
2020-08-18,36.54999923706055,36.849998474121094,35.83000183105469,36.189998626708984,36.189998626708984,1456800
2020-08-19,36.31999969482422,37.61000061035156,35.779998779296875,35.849998474121094,35.849998474121094,1966900
2020-08-20,35.5,35.9900016784668,35.040000915527344,35.77000045776367,35.77000045776367,1362800
2020-08-21,35.849998474121094,36.25,35.38999938964844,35.43000030517578,35.43000030517578,1370100
2020-08-24,35.77000045776367,37.70000076293945,35.439998626708984,37.52000045776367,37.52000045776367,2584600
2020-08-25,38.18000030517578,38.47999954223633,36.75,37.709999084472656,37.709999084472656,2345200
2020-08-26,37.52000045776367,37.709999084472656,36.599998474121094,36.689998626708984,36.689998626708984,1617000
2020-08-27,37.900001525878906,39.43000030517578,37.689998626708984,38.5,38.5,3452600
2020-08-28,39.04999923706055,40.7400016784668,38.560001373291016,40.72999954223633,40.72999954223633,3823800
2020-08-31,40.400001525878906,40.650001525878906,38.900001525878906,38.95000076293945,38.95000076293945,2831400
2020-09-01,38.099998474121094,40.060001373291016,37.81999969482422,39.150001525878906,39.150001525878906,2281500
2020-09-02,39.22999954223633,40.560001373291016,38.77000045776367,40.470001220703125,40.470001220703125,2375600
2020-09-03,41.029998779296875,42.38999938964844,39.2599983215332,40.38999938964844,40.38999938964844,3143500
2020-09-04,41.31999969482422,41.81999969482422,39.380001068115234,40.81999969482422,40.81999969482422,3242200
2020-09-08,40.16999816894531,42.56999969482422,40.060001373291016,41.599998474121094,41.599998474121094,2915000
2020-09-09,40.70000076293945,41.27000045776367,39.68000030517578,40.66999816894531,40.66999816894531,2248700
2020-09-10,41.290000915527344,41.66999816894531,40.810001373291016,40.88999938964844,40.88999938964844,2018800
2020-09-11,40.7599983215332,40.880001068115234,39.77000045776367,40.33000183105469,40.33000183105469,2445600
2020-09-14,40.79999923706055,41.630001068115234,40.439998626708984,41.5099983215332,41.5099983215332,1966800
2020-09-15,41.689998626708984,42.470001220703125,41.400001525878906,42.18000030517578,42.18000030517578,1725100
2020-09-16,42.130001068115234,43.939998626708984,41.56999969482422,43.119998931884766,43.119998931884766,2406300
2020-09-17,42.4900016784668,43.560001373291016,41.93000030517578,42.150001525878906,42.150001525878906,1743400
2020-09-18,41.619998931884766,41.900001525878906,40.439998626708984,41.040000915527344,41.040000915527344,3010800
2020-09-21,39.36000061035156,39.79999923706055,37.540000915527344,37.63999938964844,37.63999938964844,2862500
2020-09-22,37.849998474121094,38.470001220703125,37.52000045776367,37.880001068115234,37.880001068115234,1853000
2020-09-23,38.349998474121094,38.84000015258789,36.810001373291016,36.86000061035156,36.86000061035156,2097400
2020-09-24,36.540000915527344,36.59000015258789,34.83000183105469,35.70000076293945,35.70000076293945,3326000
2020-09-25,35.4900016784668,36.900001525878906,35.400001525878906,36.70000076293945,36.70000076293945,1767600
2020-09-28,37.59000015258789,38.2599983215332,36.7400016784668,37.540000915527344,37.540000915527344,2922800
2020-09-29,37.400001525878906,37.41999816894531,36.279998779296875,36.66999816894531,36.66999816894531,1743500
2020-09-30,37.59000015258789,38.27000045776367,36.47999954223633,36.630001068115234,36.630001068115234,1922300
2020-10-01,37.09000015258789,37.209999084472656,36.22999954223633,36.90999984741211,36.90999984741211,1858700
2020-10-02,35.599998474121094,38.150001525878906,35.310001373291016,37.52000045776367,37.52000045776367,3904400
2020-10-05,37.91999816894531,38.0,36.869998931884766,37.56999969482422,37.56999969482422,1987500
2020-10-06,38.220001220703125,38.439998626708984,36.060001373291016,36.09000015258789,36.09000015258789,2041000
2020-10-07,37.209999084472656,37.63999938964844,36.79999923706055,37.02000045776367,37.02000045776367,2102900
2020-10-08,37.72999954223633,39.459999084472656,37.619998931884766,38.630001068115234,38.630001068115234,3650600
2020-10-09,38.22999954223633,39.099998474121094,37.91999816894531,38.689998626708984,38.689998626708984,2633500
2020-10-12,38.31999969482422,38.59000015258789,37.81999969482422,38.40999984741211,38.40999984741211,2139600
2020-10-13,38.220001220703125,38.650001525878906,37.810001373291016,38.0,38.0,1941000
2020-10-14,38.09000015258789,39.349998474121094,38.09000015258789,38.54999923706055,38.54999923706055,2196700
2020-10-15,38.02000045776367,38.20000076293945,37.33000183105469,38.029998779296875,38.029998779296875,1818600
2020-10-16,38.18000030517578,39.75,38.060001373291016,39.349998474121094,39.349998474121094,2456800
2020-10-19,39.61000061035156,40.86000061035156,39.36000061035156,39.58000183105469,39.58000183105469,2153500
2020-10-20,40.33000183105469,40.779998779296875,39.689998626708984,39.93000030517578,39.93000030517578,1678000
2020-10-21,39.689998626708984,40.04999923706055,38.95000076293945,39.689998626708984,39.689998626708984,1722400
2020-10-22,39.150001525878906,41.31999969482422,38.900001525878906,40.59000015258789,40.59000015258789,2675800
2020-10-23,40.630001068115234,41.72999954223633,39.83000183105469,41.56999969482422,41.56999969482422,1974600
2020-10-26,40.880001068115234,41.119998931884766,37.93000030517578,38.58000183105469,38.58000183105469,2755400
2020-10-27,38.310001373291016,38.560001373291016,37.290000915527344,37.470001220703125,37.470001220703125,1757600
2020-10-28,36.5,36.77000045776367,35.060001373291016,35.709999084472656,35.709999084472656,1862300
2020-10-29,35.61000061035156,37.09000015258789,35.52000045776367,36.779998779296875,36.779998779296875,1971000
2020-10-30,36.54999923706055,37.95000076293945,36.2599983215332,37.88999938964844,37.88999938964844,2885600
2020-11-02,38.220001220703125,38.43000030517578,36.81999969482422,38.27000045776367,38.27000045776367,1722800
2020-11-03,39.369998931884766,39.709999084472656,38.220001220703125,38.560001373291016,38.560001373291016,2132200
2020-11-04,37.72999954223633,39.279998779296875,36.900001525878906,37.79999923706055,37.79999923706055,2425300
2020-11-05,38.22999954223633,39.54999923706055,38.099998474121094,39.18000030517578,39.18000030517578,1477000
2020-11-06,38.900001525878906,38.939998626708984,37.7599983215332,38.2599983215332,38.2599983215332,1340000
2020-11-09,44.7400016784668,46.279998779296875,43.45000076293945,45.90999984741211,45.90999984741211,7015100
2020-11-10,45.900001525878906,46.650001525878906,44.20000076293945,45.52000045776367,45.52000045776367,3642700
2020-11-11,45.20000076293945,45.40999984741211,43.68000030517578,44.34000015258789,44.34000015258789,2186400
2020-11-12,43.04999923706055,44.27000045776367,41.900001525878906,42.40999984741211,42.40999984741211,2473700
2020-11-13,43.11000061035156,44.869998931884766,42.779998779296875,44.65999984741211,44.65999984741211,1917000
2020-11-16,47.47999954223633,47.65999984741211,45.279998779296875,47.15999984741211,47.15999984741211,3729700
2020-11-17,46.34000015258789,48.04999923706055,46.0,47.459999084472656,47.459999084472656,1802400
2020-11-18,48.5,49.709999084472656,47.599998474121094,47.720001220703125,47.720001220703125,1985000
2020-11-19,47.36000061035156,48.540000915527344,47.0099983215332,48.4900016784668,48.4900016784668,1647100
2020-11-20,48.22999954223633,48.2599983215332,46.630001068115234,47.720001220703125,47.720001220703125,1928300
2020-11-23,48.400001525878906,49.970001220703125,48.18000030517578,49.720001220703125,49.720001220703125,1887400
2020-11-24,51.41999816894531,52.75,50.2599983215332,52.369998931884766,52.369998931884766,3327700
2020-11-25,51.939998626708984,52.7400016784668,50.81999969482422,52.470001220703125,52.470001220703125,1661400
2020-11-27,52.459999084472656,53.41999816894531,51.38999938964844,51.54999923706055,51.54999923706055,1338100
2020-11-30,52.0,52.0,49.619998931884766,50.970001220703125,50.970001220703125,2022600
2020-12-01,51.77000045776367,52.56999969482422,50.91999816894531,50.939998626708984,50.939998626708984,1428300
2020-12-02,50.189998626708984,51.4900016784668,49.90999984741211,51.290000915527344,51.290000915527344,1824300
2020-12-03,52.18000030517578,54.630001068115234,52.060001373291016,53.0099983215332,53.0099983215332,2647100
2020-12-04,54.04999923706055,54.959999084472656,52.34000015258789,52.939998626708984,52.939998626708984,2113600
2020-12-07,52.63999938964844,52.939998626708984,50.79999923706055,51.0099983215332,51.0099983215332,2707100
2020-12-08,50.5099983215332,51.7599983215332,50.15999984741211,50.970001220703125,50.970001220703125,1814100
2020-12-09,51.45000076293945,51.849998474121094,49.58000183105469,50.36000061035156,50.36000061035156,1627800
2020-12-10,49.13999938964844,51.369998931884766,49.099998474121094,51.290000915527344,51.290000915527344,1335500
2020-12-11,51.18000030517578,51.41999816894531,48.90999984741211,49.880001068115234,49.880001068115234,1964700
2020-12-14,50.84000015258789,51.0,48.540000915527344,48.93000030517578,48.93000030517578,2158300
2020-12-15,49.34000015258789,50.56999969482422,48.290000915527344,50.33000183105469,50.33000183105469,1626900
2020-12-16,49.83000183105469,50.060001373291016,49.04999923706055,49.75,49.75,1485700
2020-12-17,50.22999954223633,50.25,49.04999923706055,50.16999816894531,50.16999816894531,1582100
2020-12-18,49.7400016784668,50.630001068115234,49.599998474121094,50.349998474121094,50.349998474121094,2931500
2020-12-21,48.90999984741211,50.66999816894531,48.27000045776367,50.220001220703125,50.220001220703125,2142100
2020-12-22,50.709999084472656,50.7599983215332,49.70000076293945,50.349998474121094,50.349998474121094,1790900
2020-12-23,50.630001068115234,52.720001220703125,50.61000061035156,51.84000015258789,51.84000015258789,2143700
2020-12-24,52.25,52.560001373291016,51.119998931884766,52.25,52.25,814800
2020-12-28,52.95000076293945,53.7599983215332,52.40999984741211,52.58000183105469,52.58000183105469,1307900
2020-12-29,52.97999954223633,53.13999938964844,51.779998779296875,52.029998779296875,52.029998779296875,913000
2020-12-30,52.0,53.029998779296875,51.97999954223633,52.900001525878906,52.900001525878906,1243000
2020-12-31,52.61000061035156,52.619998931884766,51.869998931884766,52.0,52.0,1131600
2021-01-04,52.16999816894531,52.189998626708984,48.810001373291016,49.2400016784668,49.2400016784668,2218700
2021-01-05,48.84000015258789,50.689998626708984,48.790000915527344,49.86000061035156,49.86000061035156,1644900
2021-01-06,49.849998474121094,52.119998931884766,49.52000045776367,51.52000045776367,51.52000045776367,2015000
2021-01-07,51.720001220703125,52.459999084472656,51.279998779296875,51.31999969482422,51.31999969482422,1227900
2021-01-08,51.790000915527344,51.93000030517578,50.47999954223633,50.97999954223633,50.97999954223633,1043900
2021-01-11,50.099998474121094,50.849998474121094,49.599998474121094,50.150001525878906,50.150001525878906,1955800
2021-01-12,50.43000030517578,51.900001525878906,50.13999938964844,51.689998626708984,51.689998626708984,1958800
2021-01-13,51.459999084472656,52.369998931884766,50.630001068115234,51.849998474121094,51.849998474121094,1652500
2021-01-14,52.5099983215332,56.13999938964844,52.31999969482422,55.41999816894531,55.41999816894531,3174900
2021-01-15,55.529998779296875,56.18000030517578,53.56999969482422,53.650001525878906,53.650001525878906,2052400
2021-01-19,54.470001220703125,55.119998931884766,53.41999816894531,54.709999084472656,54.709999084472656,1194000
2021-01-20,54.9900016784668,56.099998474121094,54.65999984741211,55.810001373291016,55.810001373291016,1151600
2021-01-21,54.86000061035156,55.63999938964844,54.15999984741211,54.959999084472656,54.959999084472656,1334700
2021-01-22,54.20000076293945,54.650001525878906,53.709999084472656,54.470001220703125,54.470001220703125,935800
2021-01-25,54.0,54.04999923706055,51.22999954223633,52.900001525878906,52.900001525878906,2800300
2021-01-26,53.5,53.650001525878906,51.619998931884766,51.83000183105469,51.83000183105469,2737000
2021-01-27,50.970001220703125,51.220001220703125,48.09000015258789,48.849998474121094,48.849998474121094,3787600
2021-01-28,50.08000183105469,51.97999954223633,50.0099983215332,50.66999816894531,50.66999816894531,2884400
2021-01-29,50.47999954223633,50.560001373291016,48.130001068115234,48.83000183105469,48.83000183105469,2231000
2021-02-01,49.36000061035156,50.560001373291016,48.25,49.88999938964844,49.88999938964844,2704700
2021-02-02,50.849998474121094,51.2400016784668,50.18000030517578,50.65999984741211,50.65999984741211,2376100
2021-02-03,51.25,52.7400016784668,50.7599983215332,52.540000915527344,52.540000915527344,1530800
2021-02-04,52.79999923706055,54.709999084472656,52.720001220703125,54.47999954223633,54.47999954223633,1745400
2021-02-05,54.97999954223633,55.150001525878906,54.04999923706055,54.18000030517578,54.18000030517578,1163500
2021-02-08,54.599998474121094,57.599998474121094,54.59000015258789,57.08000183105469,57.08000183105469,1755200
2021-02-09,56.47999954223633,56.59000015258789,55.56999969482422,55.7400016784668,55.7400016784668,1296300
2021-02-10,56.11000061035156,57.68000030517578,55.650001525878906,57.36000061035156,57.36000061035156,1445100
2021-02-11,57.040000915527344,57.7400016784668,56.45000076293945,57.689998626708984,57.689998626708984,1362100
2021-02-12,57.189998626708984,58.16999816894531,56.91999816894531,57.560001373291016,57.560001373291016,967300
2021-02-16,58.540000915527344,60.099998474121094,57.689998626708984,59.939998626708984,59.939998626708984,1650700
2021-02-17,59.380001068115234,60.25,58.939998626708984,59.9900016784668,59.9900016784668,1355100
2021-02-18,59.209999084472656,60.18000030517578,58.43000030517578,59.900001525878906,59.900001525878906,1415500
2021-02-19,60.41999816894531,62.86000061035156,60.18000030517578,62.279998779296875,62.279998779296875,1986500
2021-02-22,63.90999984741211,66.12999725341797,62.63999938964844,63.61000061035156,63.61000061035156,4115900
2021-02-23,64.72000122070312,66.97000122070312,62.150001525878906,66.5199966430664,66.5199966430664,3113300
2021-02-24,66.9000015258789,68.98999786376953,66.63999938964844,67.44999694824219,67.44999694824219,3229500
2021-02-25,67.48999786376953,67.88999938964844,64.06999969482422,65.55999755859375,65.55999755859375,2035100
2021-02-26,65.31999969482422,66.56999969482422,63.58000183105469,65.0199966430664,65.0199966430664,2203700
2021-03-01,67.08000183105469,67.66999816894531,64.30999755859375,64.83000183105469,64.83000183105469,2444200
2021-03-02,64.56999969482422,65.81999969482422,64.05000305175781,65.41999816894531,65.41999816894531,1094500
2021-03-03,66.12999725341797,67.22000122070312,65.18000030517578,65.95999908447266,65.95999908447266,1212000
2021-03-04,65.31999969482422,66.69999694824219,61.849998474121094,64.62000274658203,64.62000274658203,1593000
2021-03-05,65.04000091552734,65.29000091552734,59.689998626708984,64.88999938964844,64.88999938964844,1784000
2021-03-08,65.98999786376953,69.16999816894531,65.61000061035156,67.98999786376953,67.98999786376953,2201400
2021-03-09,68.66000366210938,68.75,66.20999908447266,66.88999938964844,66.88999938964844,1448800
2021-03-10,66.36000061035156,67.68000030517578,65.1500015258789,66.38999938964844,66.38999938964844,1648300
2021-03-11,66.86000061035156,66.98999786376953,65.11000061035156,65.69000244140625,65.69000244140625,1998700
2021-03-12,66.01000213623047,68.87999725341797,65.80000305175781,68.0199966430664,68.0199966430664,1865600
2021-03-15,69.44000244140625,72.62000274658203,68.86000061035156,71.9800033569336,71.9800033569336,3736000
2021-03-16,72.41000366210938,72.5,70.19999694824219,70.5999984741211,70.5999984741211,2045500
2021-03-17,70.05000305175781,73.26000213623047,69.76000213623047,73.19999694824219,73.19999694824219,1948900
2021-03-18,72.69000244140625,73.75,70.20999908447266,70.58999633789062,70.58999633789062,1885800
2021-03-19,69.9800033569336,71.69000244140625,68.22000122070312,70.77999877929688,70.77999877929688,2414300
2021-03-22,70.41999816894531,70.41999816894531,68.23999786376953,68.55999755859375,68.55999755859375,1728300
2021-03-23,67.5999984741211,68.79000091552734,65.2300033569336,65.66000366210938,65.66000366210938,1669800
2021-03-24,66.69999694824219,68.63999938964844,65.37000274658203,65.41999816894531,65.41999816894531,1305200
2021-03-25,64.25,67.97000122070312,63.5,67.75,67.75,2027900
2021-03-26,68.5999984741211,69.54000091552734,66.87999725341797,68.31999969482422,68.31999969482422,1222300
2021-03-29,68.6500015258789,68.83000183105469,66.3499984741211,67.5,67.5,1478900
2021-03-30,68.01000213623047,70.33999633789062,67.75,69.94000244140625,69.94000244140625,1601800
2021-03-31,70.0199966430664,70.05000305175781,68.56999969482422,69.20999908447266,69.20999908447266,1184400
2021-04-01,69.66999816894531,70.44000244140625,68.94999694824219,69.48999786376953,69.48999786376953,810300
2021-04-05,70.73999786376953,72.75,70.48999786376953,71.08999633789062,71.08999633789062,1427300
2021-04-06,72.44000244140625,73.9000015258789,71.8499984741211,73.73999786376953,73.73999786376953,2764200
2021-04-07,73.69999694824219,74.25,71.72000122070312,72.36000061035156,72.36000061035156,1246700
2021-04-08,71.77999877929688,72.94999694824219,70.36000061035156,72.69000244140625,72.69000244140625,1278600
2021-04-09,72.69999694824219,72.94999694824219,71.58999633789062,72.62999725341797,72.62999725341797,909500
2021-04-12,72.0,72.47000122070312,70.66000366210938,71.30000305175781,71.30000305175781,1024900
2021-04-13,70.5199966430664,70.83000183105469,67.76000213623047,70.22000122070312,70.22000122070312,3012600
2021-04-14,71.58999633789062,72.4000015258789,70.41000366210938,70.56999969482422,70.56999969482422,1550200
2021-04-15,71.51000213623047,71.66000366210938,68.47000122070312,69.43000030517578,69.43000030517578,1750600
2021-04-16,69.69999694824219,70.55000305175781,68.69000244140625,69.33000183105469,69.33000183105469,1465800
2021-04-19,69.0,69.18000030517578,67.87999725341797,68.7699966430664,68.7699966430664,1286300
2021-04-20,67.88999938964844,68.02999877929688,65.44000244140625,66.9000015258789,66.9000015258789,1749800
2021-04-21,66.5,68.83000183105469,64.80999755859375,68.83000183105469,68.83000183105469,1668900
2021-04-22,70.0,70.23999786376953,66.95999908447266,66.95999908447266,66.95999908447266,2410600
2021-04-23,67.55000305175781,69.55000305175781,67.19999694824219,69.20999908447266,69.20999908447266,1187300
2021-04-26,70.4000015258789,70.94999694824219,68.70999908447266,69.4800033569336,69.4800033569336,1824100
2021-04-27,69.0,69.72000122070312,68.48999786376953,69.08000183105469,69.08000183105469,838300
2021-04-28,68.86000061035156,69.0,68.05000305175781,68.6500015258789,68.6500015258789,1023000
2021-04-29,69.2699966430664,69.51000213623047,68.19000244140625,68.56999969482422,68.56999969482422,889400
2021-04-30,67.95999908447266,69.72000122070312,67.8499984741211,69.13999938964844,69.13999938964844,1616300
2021-05-03,69.45999908447266,69.80000305175781,68.05000305175781,68.69000244140625,68.69000244140625,1186100
2021-05-04,68.12000274658203,68.88999938964844,65.87000274658203,66.55999755859375,66.55999755859375,1887800
2021-05-05,65.9800033569336,67.80000305175781,65.9800033569336,66.91000366210938,66.91000366210938,1159900
2021-05-06,67.0199966430664,67.4000015258789,65.77999877929688,67.04000091552734,67.04000091552734,1014700
2021-05-07,66.5,68.56999969482422,66.5,67.9000015258789,67.9000015258789,829200
2021-05-10,68.0,68.52999877929688,67.02999877929688,67.08999633789062,67.08999633789062,814300
2021-05-11,65.30000305175781,66.05000305175781,63.63999938964844,65.54000091552734,65.54000091552734,1279800
2021-05-12,65.2300033569336,66.48999786376953,64.55000305175781,64.7699966430664,64.7699966430664,1809400
2021-05-13,65.4000015258789,67.66000366210938,65.25,67.16000366210938,67.16000366210938,1592100
2021-05-14,68.08000183105469,70.25,68.08000183105469,69.83999633789062,69.83999633789062,1454300
2021-05-17,69.19999694824219,71.87000274658203,68.52999877929688,71.66999816894531,71.66999816894531,2057900
2021-05-18,72.0,72.91999816894531,70.29000091552734,70.29000091552734,70.29000091552734,1457200
2021-05-19,69.29000091552734,69.7699966430664,67.9000015258789,69.33000183105469,69.33000183105469,953200
2021-05-20,69.87999725341797,69.87999725341797,67.52999877929688,68.43000030517578,68.43000030517578,834500
2021-05-21,68.87999725341797,69.30000305175781,68.0,68.06999969482422,68.06999969482422,1083500
2021-05-24,68.43000030517578,69.36000061035156,67.75,69.25,69.25,794400
2021-05-25,68.95999908447266,70.30000305175781,68.0999984741211,68.25,68.25,1780700
2021-05-26,68.7699966430664,69.94999694824219,68.62999725341797,69.63999938964844,69.63999938964844,1143700
2021-05-27,70.13999938964844,70.61000061035156,69.38999938964844,70.43000030517578,70.43000030517578,856400
2021-05-28,70.3499984741211,70.37999725341797,68.94999694824219,69.19999694824219,69.19999694824219,1158100
2021-06-01,69.93000030517578,70.9000015258789,68.91000366210938,69.54000091552734,69.54000091552734,1557000
2021-06-02,69.83999633789062,69.8499984741211,67.54000091552734,67.83999633789062,67.83999633789062,1876100
2021-06-03,66.83000183105469,67.33999633789062,65.33000183105469,65.45999908447266,65.45999908447266,2206500
2021-06-04,65.77999877929688,66.16999816894531,64.81999969482422,65.44999694824219,65.44999694824219,1267500
2021-06-07,65.91000366210938,66.38999938964844,65.26000213623047,65.55999755859375,65.55999755859375,1094000
2021-06-08,66.0,66.94000244140625,65.16999816894531,66.30000305175781,66.30000305175781,1272400
2021-06-09,66.5999984741211,66.66000366210938,65.5,65.62000274658203,65.62000274658203,1010400
2021-06-10,67.01000213623047,67.01000213623047,64.76000213623047,64.9000015258789,64.9000015258789,1491800
2021-06-11,64.86000061035156,65.83000183105469,63.43000030517578,65.4800033569336,65.4800033569336,2844200
2021-06-14,65.12000274658203,65.75,64.2699966430664,64.44999694824219,64.44999694824219,1942800
2021-06-15,64.70999908447266,64.94000244140625,63.540000915527344,64.33000183105469,64.33000183105469,1720900
2021-06-16,64.4000015258789,64.91000366210938,63.619998931884766,63.93000030517578,63.93000030517578,1306500
2021-06-17,64.18000030517578,64.51000213623047,61.880001068115234,62.63999938964844,62.63999938964844,1720000
2021-06-18,62.43000030517578,64.12999725341797,62.0099983215332,63.310001373291016,63.310001373291016,3381600
2021-06-21,63.790000915527344,65.16000366210938,63.599998474121094,65.0199966430664,65.0199966430664,1516700
2021-06-22,64.61000061035156,64.97000122070312,63.099998474121094,64.20999908447266,64.20999908447266,1818000
2021-06-23,64.30000305175781,64.48999786376953,63.7400016784668,63.779998779296875,63.779998779296875,1495300
2021-06-24,64.19000244140625,64.4000015258789,63.060001373291016,63.54999923706055,63.54999923706055,1281800
2021-06-25,63.41999816894531,63.709999084472656,62.90999984741211,63.27000045776367,63.27000045776367,1693600
2021-06-28,62.45000076293945,62.689998626708984,60.52000045776367,61.45000076293945,61.45000076293945,2038700
2021-06-29,61.27000045776367,61.630001068115234,59.849998474121094,60.130001068115234,60.130001068115234,3916100
2021-06-30,60.0099983215332,60.619998931884766,59.83000183105469,60.310001373291016,60.310001373291016,4112700
2021-07-01,60.86000061035156,61.54999923706055,60.459999084472656,61.43000030517578,61.43000030517578,2243600
2021-07-02,61.689998626708984,61.75,60.40999984741211,60.709999084472656,60.709999084472656,1194700
2021-07-06,60.7400016784668,61.09000015258789,58.939998626708984,59.189998626708984,59.189998626708984,1452200
2021-07-07,58.9900016784668,59.630001068115234,57.220001220703125,57.619998931884766,57.619998931884766,2208000
2021-07-08,56.5,58.72999954223633,55.93000030517578,57.779998779296875,57.779998779296875,1830700
2021-07-09,58.650001525878906,59.59000015258789,58.27000045776367,59.380001068115234,59.380001068115234,1213500
2021-07-12,58.81999969482422,59.79999923706055,58.06999969482422,59.66999816894531,59.66999816894531,1297400
2021-07-13,59.029998779296875,59.11000061035156,57.470001220703125,57.619998931884766,57.619998931884766,1810300
2021-07-14,58.5,59.38999938964844,57.209999084472656,57.54999923706055,57.54999923706055,1533700
2021-07-15,57.09000015258789,58.0,56.0099983215332,56.90999984741211,56.90999984741211,1939000
2021-07-16,57.5,57.619998931884766,54.36000061035156,54.619998931884766,54.619998931884766,2810200
2021-07-19,52.84000015258789,53.709999084472656,51.75,52.83000183105469,52.83000183105469,3103700
2021-07-20,52.81999969482422,55.90999984741211,52.58000183105469,55.47999954223633,55.47999954223633,2404400
2021-07-21,56.33000183105469,58.220001220703125,56.2599983215332,57.59000015258789,57.59000015258789,2659100
2021-07-22,56.86000061035156,58.97999954223633,55.400001525878906,57.97999954223633,57.97999954223633,4907400
2021-07-23,58.86000061035156,59.47999954223633,57.7400016784668,58.25,58.25,1920000
2021-07-26,58.2599983215332,60.65999984741211,58.2599983215332,60.560001373291016,60.560001373291016,2326900
2021-07-27,60.34000015258789,60.4900016784668,59.08000183105469,59.31999969482422,59.31999969482422,1552500
2021-07-28,59.900001525878906,60.20000076293945,58.31999969482422,59.65999984741211,59.65999984741211,1586200
2021-07-29,60.290000915527344,60.5,58.81999969482422,58.849998474121094,58.849998474121094,1423400
2021-07-30,58.119998931884766,59.41999816894531,57.70000076293945,58.029998779296875,58.029998779296875,2072600
2021-08-02,58.209999084472656,59.72999954223633,56.619998931884766,56.709999084472656,56.709999084472656,2440100
2021-08-03,56.7400016784668,57.20000076293945,55.20000076293945,57.189998626708984,57.189998626708984,1833300
2021-08-04,56.13999938964844,56.959999084472656,54.790000915527344,55.2400016784668,55.2400016784668,2127400
2021-08-05,55.25,57.869998931884766,55.150001525878906,57.560001373291016,57.560001373291016,2223800
2021-08-06,58.13999938964844,58.4900016784668,57.02000045776367,57.869998931884766,57.869998931884766,1499300
2021-08-09,57.06999969482422,57.470001220703125,55.869998931884766,56.86000061035156,56.86000061035156,1344900
2021-08-10,56.810001373291016,58.97999954223633,56.52000045776367,58.470001220703125,58.470001220703125,1621300
2021-08-11,57.849998474121094,59.720001220703125,57.5099983215332,59.45000076293945,59.45000076293945,2010100
2021-08-12,59.119998931884766,59.25,57.709999084472656,58.56999969482422,58.56999969482422,1174800
2021-08-13,58.43000030517578,58.54999923706055,57.45000076293945,57.619998931884766,57.619998931884766,1099300
2021-08-16,57.119998931884766,57.52000045776367,56.09000015258789,57.36000061035156,57.36000061035156,1417000
2021-08-17,56.459999084472656,56.4900016784668,54.560001373291016,55.2400016784668,55.2400016784668,1861700
2021-08-18,55.08000183105469,56.16999816894531,54.75,54.88999938964844,54.88999938964844,2306300
2021-08-19,54.529998779296875,54.81999969482422,52.880001068115234,53.97999954223633,53.97999954223633,1745700
2021-08-20,53.83000183105469,54.459999084472656,53.599998474121094,54.349998474121094,54.349998474121094,1248900
2021-08-23,55.0,56.06999969482422,54.939998626708984,55.150001525878906,55.150001525878906,2324100
2021-08-24,56.040000915527344,57.47999954223633,55.959999084472656,57.119998931884766,57.119998931884766,1393500
2021-08-25,57.130001068115234,58.09000015258789,56.709999084472656,57.65999984741211,57.65999984741211,1336300
2021-08-26,57.22999954223633,58.18000030517578,56.650001525878906,57.18000030517578,57.18000030517578,1343800
2021-08-27,57.33000183105469,58.720001220703125,57.310001373291016,58.220001220703125,58.220001220703125,1415600
2021-08-30,58.5099983215332,58.5099983215332,56.529998779296875,56.709999084472656,56.709999084472656,1247100
2021-08-31,56.599998474121094,57.709999084472656,56.36000061035156,57.34000015258789,57.34000015258789,1413600
2021-09-01,57.779998779296875,57.869998931884766,56.61000061035156,57.22999954223633,57.22999954223633,1175200
2021-09-02,57.45000076293945,58.290000915527344,56.790000915527344,57.84000015258789,57.84000015258789,1148800
2021-09-03,57.63999938964844,58.560001373291016,56.849998474121094,57.11000061035156,57.11000061035156,1394900
2021-09-07,56.25,57.41999816894531,56.119998931884766,57.13999938964844,57.13999938964844,1255200
2021-09-08,57.27000045776367,58.099998474121094,56.150001525878906,56.38999938964844,56.38999938964844,1357300
2021-09-09,56.130001068115234,59.2400016784668,55.84000015258789,58.20000076293945,58.20000076293945,2208300
2021-09-10,58.36000061035156,58.40999984741211,56.02000045776367,56.09000015258789,56.09000015258789,2097900
2021-09-13,56.72999954223633,57.650001525878906,55.43000030517578,57.15999984741211,57.15999984741211,1363900
2021-09-14,56.7599983215332,57.130001068115234,55.95000076293945,56.29999923706055,56.29999923706055,1082900
2021-09-15,56.20000076293945,56.5099983215332,55.45000076293945,56.34000015258789,56.34000015258789,1565400
2021-09-16,56.849998474121094,57.599998474121094,56.720001220703125,57.02000045776367,57.02000045776367,1378800
2021-09-17,57.15999984741211,58.040000915527344,56.220001220703125,56.91999816894531,56.91999816894531,2370900
2021-09-20,56.400001525878906,57.43000030517578,55.72999954223633,56.959999084472656,56.959999084472656,2284900
2021-09-21,57.40999984741211,58.040000915527344,55.900001525878906,56.11000061035156,56.11000061035156,1565300
2021-09-22,56.56999969482422,58.08000183105469,56.56999969482422,57.45000076293945,57.45000076293945,1909900
2021-09-23,57.939998626708984,60.2599983215332,57.79999923706055,59.79999923706055,59.79999923706055,2608100
2021-09-24,59.86000061035156,61.38999938964844,59.70000076293945,60.790000915527344,60.790000915527344,2053500
2021-09-27,61.63999938964844,62.849998474121094,61.16999816894531,61.25,61.25,1880700
2021-09-28,61.27000045776367,62.369998931884766,61.0099983215332,61.220001220703125,61.220001220703125,1729100
2021-09-29,61.5,61.709999084472656,60.36000061035156,60.45000076293945,60.45000076293945,1795600
2021-09-30,60.18000030517578,60.18000030517578,58.15999984741211,58.599998474121094,58.599998474121094,2020300
2021-10-01,60.529998779296875,62.68000030517578,59.81999969482422,62.20000076293945,62.20000076293945,2619700
2021-10-04,62.77000045776367,63.7599983215332,61.970001220703125,62.09000015258789,62.09000015258789,1858100
2021-10-05,62.189998626708984,62.90999984741211,61.20000076293945,61.599998474121094,61.599998474121094,1705300
2021-10-06,59.900001525878906,61.08000183105469,59.5099983215332,61.04999923706055,61.04999923706055,1639100
2021-10-07,61.72999954223633,61.869998931884766,60.209999084472656,60.2400016784668,60.2400016784668,1522500
2021-10-08,60.4900016784668,60.72999954223633,59.45000076293945,59.79999923706055,59.79999923706055,899700
2021-10-11,59.209999084472656,60.02000045776367,58.33000183105469,58.459999084472656,58.459999084472656,1550700
2021-10-12,58.16999816894531,58.88999938964844,57.630001068115234,58.43000030517578,58.43000030517578,1783500
2021-10-13,58.040000915527344,58.040000915527344,56.43000030517578,57.040000915527344,57.040000915527344,2183600
2021-10-14,57.52000045776367,58.0099983215332,56.93000030517578,57.52000045776367,57.52000045776367,1243900
2021-10-15,58.939998626708984,59.119998931884766,57.68000030517578,57.77000045776367,57.77000045776367,1932900
2021-10-18,57.16999816894531,57.959999084472656,56.70000076293945,57.41999816894531,57.41999816894531,1257800
2021-10-19,57.56999969482422,57.619998931884766,56.439998626708984,56.939998626708984,56.939998626708984,1720600
2021-10-20,57.0099983215332,57.86000061035156,56.22999954223633,57.25,57.25,2070400
2021-10-21,57.47999954223633,58.0,55.88999938964844,56.20000076293945,56.20000076293945,2741800
2021-10-22,55.2400016784668,55.65999984741211,53.63999938964844,53.810001373291016,53.810001373291016,3087100
2021-10-25,53.70000076293945,54.630001068115234,53.400001525878906,53.939998626708984,53.939998626708984,1842600
2021-10-26,54.810001373291016,55.29999923706055,54.040000915527344,54.27000045776367,54.27000045776367,1588300
2021-10-27,54.369998931884766,54.470001220703125,52.689998626708984,52.709999084472656,52.709999084472656,1550300
2021-10-28,52.790000915527344,53.439998626708984,52.619998931884766,52.86000061035156,52.86000061035156,1527900
2021-10-29,52.90999984741211,53.5,52.20000076293945,52.79999923706055,52.79999923706055,1681700
2021-11-01,53.02000045776367,54.7400016784668,52.599998474121094,54.709999084472656,54.709999084472656,1755200
2021-11-02,54.5099983215332,54.619998931884766,53.61000061035156,54.45000076293945,54.45000076293945,1400700
2021-11-03,54.15999984741211,55.9900016784668,53.959999084472656,55.93000030517578,55.93000030517578,1690700
2021-11-04,56.16999816894531,56.400001525878906,55.2599983215332,55.72999954223633,55.72999954223633,1215000
2021-11-05,58.54999923706055,59.72999954223633,58.130001068115234,59.349998474121094,59.349998474121094,2460000
2021-11-08,59.68000030517578,60.119998931884766,58.63999938964844,58.880001068115234,58.880001068115234,1935900
2021-11-09,58.81999969482422,59.20000076293945,57.959999084472656,58.83000183105469,58.83000183105469,1510300
2021-11-10,58.189998626708984,58.81999969482422,57.2599983215332,57.540000915527344,57.540000915527344,1321700
2021-11-11,57.52000045776367,57.720001220703125,56.7400016784668,56.810001373291016,56.810001373291016,807000
2021-11-12,56.81999969482422,57.130001068115234,55.04999923706055,55.650001525878906,55.650001525878906,2387300
2021-11-15,56.04999923706055,56.400001525878906,55.380001068115234,55.66999816894531,55.66999816894531,1222800
2021-11-16,55.439998626708984,55.54999923706055,53.560001373291016,53.88999938964844,53.88999938964844,2343900
2021-11-17,53.70000076293945,54.060001373291016,52.95000076293945,53.540000915527344,53.540000915527344,1288700
2021-11-18,53.63999938964844,53.75,52.040000915527344,52.540000915527344,52.540000915527344,1805500
2021-11-19,51.900001525878906,52.84000015258789,50.97999954223633,52.7400016784668,52.7400016784668,3461100
2021-11-22,53.22999954223633,53.880001068115234,52.47999954223633,53.08000183105469,53.08000183105469,1918400
2021-11-23,53.68000030517578,54.09000015258789,52.470001220703125,52.72999954223633,52.72999954223633,1219400
2021-11-24,52.2400016784668,53.650001525878906,51.959999084472656,52.90999984741211,52.90999984741211,1524700
2021-11-26,50.0,50.06999969482422,47.380001068115234,49.45000076293945,49.45000076293945,3092200
2021-11-29,50.189998626708984,50.97999954223633,48.7599983215332,49.45000076293945,49.45000076293945,2660100
2021-11-30,48.5,49.130001068115234,47.560001373291016,48.56999969482422,48.56999969482422,2259100
2021-12-01,49.959999084472656,50.220001220703125,46.2599983215332,46.290000915527344,46.290000915527344,2593900
2021-12-02,47.0,49.849998474121094,46.79999923706055,49.52000045776367,49.52000045776367,2210000
2021-12-03,49.310001373291016,49.720001220703125,47.72999954223633,48.56999969482422,48.56999969482422,1682000
2021-12-06,49.5099983215332,52.27000045776367,49.470001220703125,50.619998931884766,50.619998931884766,2716100
2021-12-07,51.2599983215332,51.849998474121094,49.91999816894531,50.349998474121094,50.349998474121094,1873800
2021-12-08,50.77000045776367,52.900001525878906,50.61000061035156,51.43000030517578,51.43000030517578,2171100
2021-12-09,50.720001220703125,51.779998779296875,49.849998474121094,51.41999816894531,51.41999816894531,2309200
2021-12-10,51.439998626708984,52.060001373291016,50.720001220703125,51.66999816894531,51.66999816894531,2007000
2021-12-13,50.81999969482422,50.939998626708984,49.68000030517578,50.29999923706055,50.29999923706055,1627900
2021-12-14,50.20000076293945,51.689998626708984,50.0099983215332,50.13999938964844,50.13999938964844,1555000
2021-12-15,50.20000076293945,50.43000030517578,48.779998779296875,50.27000045776367,50.27000045776367,1837400
2021-12-16,50.810001373291016,51.13999938964844,49.040000915527344,49.220001220703125,49.220001220703125,1728700
2021-12-17,49.369998931884766,50.97999954223633,48.709999084472656,50.029998779296875,50.029998779296875,3779800
2021-12-20,48.9900016784668,50.20000076293945,48.27000045776367,49.34000015258789,49.34000015258789,1870100
2021-12-21,50.0,52.279998779296875,49.880001068115234,52.06999969482422,52.06999969482422,2166200
2021-12-22,52.2400016784668,52.720001220703125,51.56999969482422,52.189998626708984,52.189998626708984,1605000
2021-12-23,53.0,53.290000915527344,52.400001525878906,53.02000045776367,53.02000045776367,1996000
2021-12-27,51.83000183105469,52.970001220703125,51.439998626708984,52.619998931884766,52.619998931884766,1471900
2021-12-28,52.099998474121094,53.400001525878906,51.97999954223633,52.900001525878906,52.900001525878906,1292300
2021-12-29,52.40999984741211,52.5099983215332,51.84000015258789,52.13999938964844,52.13999938964844,1429400
2021-12-30,51.880001068115234,52.91999816894531,51.79999923706055,51.939998626708984,51.939998626708984,1667400
2021-12-31,51.93000030517578,52.439998626708984,51.619998931884766,52.099998474121094,52.099998474121094,1273400
2022-01-03,52.86000061035156,54.630001068115234,52.83000183105469,54.06999969482422,54.06999969482422,1942000
2022-01-04,55.189998626708984,55.61000061035156,54.33000183105469,55.45000076293945,55.45000076293945,2613800
2022-01-05,55.81999969482422,56.33000183105469,54.709999084472656,54.77000045776367,54.77000045776367,1914900
2022-01-06,55.689998626708984,55.9900016784668,54.16999816894531,54.459999084472656,54.459999084472656,1593400
2022-01-07,55.06999969482422,56.68000030517578,54.72999954223633,55.86000061035156,55.86000061035156,1831800
2022-01-10,56.25,56.560001373291016,54.52000045776367,55.099998474121094,55.099998474121094,2206300
2022-01-11,55.0,56.20000076293945,54.93000030517578,55.9900016784668,55.9900016784668,1222200
2022-01-12,55.61000061035156,56.18000030517578,55.02000045776367,55.150001525878906,55.150001525878906,1207600
2022-01-13,55.5,57.599998474121094,55.20000076293945,56.54999923706055,56.54999923706055,1901000
2022-01-14,55.880001068115234,56.34000015258789,54.95000076293945,55.790000915527344,55.790000915527344,1552400
2022-01-18,55.029998779296875,56.150001525878906,54.81999969482422,54.97999954223633,54.97999954223633,1335400
2022-01-19,55.130001068115234,55.70000076293945,54.29999923706055,54.369998931884766,54.369998931884766,1587500
2022-01-20,54.599998474121094,55.66999816894531,53.68000030517578,53.810001373291016,53.810001373291016,1646700
2022-01-21,53.4900016784668,53.7599983215332,51.81999969482422,52.02000045776367,52.02000045776367,2106200
2022-01-24,50.59000015258789,51.5,48.72999954223633,51.400001525878906,51.400001525878906,3193600
2022-01-25,50.75,52.5,50.66999816894531,52.189998626708984,52.189998626708984,2487400
2022-01-26,53.209999084472656,54.029998779296875,51.58000183105469,52.310001373291016,52.310001373291016,2531900
2022-01-27,53.86000061035156,56.04999923706055,52.38999938964844,52.599998474121094,52.599998474121094,3345000
2022-01-28,52.2599983215332,52.630001068115234,49.72999954223633,52.25,52.25,2280800
2022-01-31,51.56999969482422,54.84000015258789,51.380001068115234,54.7400016784668,54.7400016784668,2220100
2022-02-01,55.0099983215332,55.880001068115234,54.40999984741211,54.810001373291016,54.810001373291016,1908500
2022-02-02,54.560001373291016,54.900001525878906,53.599998474121094,54.349998474121094,54.349998474121094,1534800
2022-02-03,54.099998474121094,54.61000061035156,53.119998931884766,53.2400016784668,53.2400016784668,1374200
2022-02-04,52.81999969482422,53.7400016784668,52.33000183105469,53.4900016784668,53.4900016784668,1282400
2022-02-07,54.529998779296875,55.88999938964844,54.47999954223633,55.36000061035156,55.36000061035156,2038200
2022-02-08,55.93000030517578,57.7400016784668,55.349998474121094,57.650001525878906,57.650001525878906,2328500
2022-02-09,58.0,59.15999984741211,57.86000061035156,58.59000015258789,58.59000015258789,2096600
2022-02-10,58.09000015258789,59.869998931884766,57.88999938964844,58.619998931884766,58.619998931884766,2001100
2022-02-11,58.91999816894531,59.68000030517578,55.900001525878906,56.84000015258789,56.84000015258789,2248400
2022-02-14,57.04999923706055,58.08000183105469,56.56999969482422,57.0099983215332,57.0099983215332,2260200
2022-02-15,58.709999084472656,60.25,58.400001525878906,59.90999984741211,59.90999984741211,2514300
2022-02-16,59.369998931884766,61.06999969482422,59.150001525878906,60.310001373291016,60.310001373291016,1915900
2022-02-17,59.380001068115234,59.83000183105469,58.47999954223633,58.88999938964844,58.88999938964844,1207000
2022-02-18,58.79999923706055,59.91999816894531,58.40999984741211,58.790000915527344,58.790000915527344,2603700
2022-02-22,58.0,59.22999954223633,57.349998474121094,57.83000183105469,57.83000183105469,1745200
2022-02-23,58.290000915527344,58.5099983215332,55.63999938964844,55.81999969482422,55.81999969482422,1758700
2022-02-24,52.47999954223633,56.459999084472656,51.619998931884766,56.20000076293945,56.20000076293945,2608600
2022-02-25,56.75,58.150001525878906,56.34000015258789,57.56999969482422,57.56999969482422,2021700
2022-02-28,56.349998474121094,56.900001525878906,55.20000076293945,56.13999938964844,56.13999938964844,2879100
2022-03-01,55.349998474121094,55.7400016784668,51.95000076293945,52.34000015258789,52.34000015258789,3083700
2022-03-02,53.18000030517578,53.650001525878906,52.02000045776367,52.619998931884766,52.619998931884766,1975100
2022-03-03,53.22999954223633,53.75,51.040000915527344,51.41999816894531,51.41999816894531,1915300
2022-03-04,50.099998474121094,50.54999923706055,48.52000045776367,49.13999938964844,49.13999938964844,2533300
2022-03-07,48.5,48.869998931884766,43.619998931884766,43.689998626708984,43.689998626708984,3682500
2022-03-08,45.08000183105469,48.790000915527344,43.459999084472656,46.66999816894531,46.66999816894531,4209500
2022-03-09,48.560001373291016,50.060001373291016,48.290000915527344,48.630001068115234,48.630001068115234,3640700
2022-03-10,47.61000061035156,49.77000045776367,46.79999923706055,49.150001525878906,49.150001525878906,2121200
2022-03-11,50.560001373291016,50.7599983215332,48.599998474121094,48.81999969482422,48.81999969482422,2191800
2022-03-14,49.5,50.810001373291016,48.529998779296875,49.599998474121094,49.599998474121094,2467000
2022-03-15,52.18000030517578,53.33000183105469,50.540000915527344,51.7400016784668,51.7400016784668,2710600
2022-03-16,52.380001068115234,54.849998474121094,52.380001068115234,54.689998626708984,54.689998626708984,2889900
2022-03-17,53.16999816894531,54.54999923706055,52.70000076293945,54.31999969482422,54.31999969482422,2008900
2022-03-18,54.060001373291016,55.58000183105469,53.58000183105469,55.189998626708984,55.189998626708984,2435100
2022-03-21,54.540000915527344,54.7599983215332,53.029998779296875,53.7400016784668,53.7400016784668,2016800
2022-03-22,54.290000915527344,55.16999816894531,54.209999084472656,54.529998779296875,54.529998779296875,1738000
2022-03-23,54.04999923706055,54.7599983215332,53.79999923706055,54.119998931884766,54.119998931884766,2184600
2022-03-24,55.400001525878906,56.0,54.2599983215332,55.939998626708984,55.939998626708984,2265800
2022-03-25,56.529998779296875,57.77000045776367,56.099998474121094,57.439998626708984,57.439998626708984,2196600
2022-03-28,57.75,58.11000061035156,56.599998474121094,57.189998626708984,57.189998626708984,1931700
2022-03-29,58.880001068115234,59.540000915527344,57.47999954223633,58.38999938964844,58.38999938964844,2999800
2022-03-30,57.849998474121094,58.599998474121094,57.38999938964844,58.0099983215332,58.0099983215332,1635400
2022-03-31,58.16999816894531,58.849998474121094,57.630001068115234,58.0099983215332,58.0099983215332,1438000
2022-04-01,58.36000061035156,58.7599983215332,57.45000076293945,57.95000076293945,57.95000076293945,1601300
2022-04-04,57.58000183105469,57.790000915527344,56.72999954223633,57.15999984741211,57.15999984741211,1203500
2022-04-05,57.2400016784668,57.75,55.77000045776367,56.869998931884766,56.869998931884766,2614300
2022-04-06,55.400001525878906,55.77000045776367,53.47999954223633,55.040000915527344,55.040000915527344,2314400
2022-04-07,54.63999938964844,54.63999938964844,52.31999969482422,53.400001525878906,53.400001525878906,2139100
2022-04-08,53.470001220703125,53.68000030517578,52.189998626708984,52.290000915527344,52.290000915527344,1691400
2022-04-11,52.25,54.040000915527344,51.90999984741211,52.81999969482422,52.81999969482422,1474900
2022-04-12,53.0,53.959999084472656,52.529998779296875,53.45000076293945,53.45000076293945,1344800
2022-04-13,56.34000015258789,57.0,55.040000915527344,56.2400016784668,56.2400016784668,2348100
2022-04-14,56.68000030517578,57.880001068115234,56.52000045776367,57.11000061035156,57.11000061035156,1582200
2022-04-18,56.7599983215332,57.470001220703125,56.27000045776367,56.849998474121094,56.849998474121094,1269800
2022-04-19,57.470001220703125,58.81999969482422,57.189998626708984,58.27000045776367,58.27000045776367,2273400
2022-04-20,58.540000915527344,59.41999816894531,58.459999084472656,58.689998626708984,58.689998626708984,2533400
2022-04-21,61.0,61.54999923706055,58.43000030517578,58.779998779296875,58.779998779296875,4019600
2022-04-22,59.34000015258789,59.369998931884766,56.33000183105469,56.54999923706055,56.54999923706055,3021400
2022-04-25,56.040000915527344,56.79999923706055,55.029998779296875,56.439998626708984,56.439998626708984,2137100
2022-04-26,55.599998474121094,55.79999923706055,53.36000061035156,53.86000061035156,53.86000061035156,2646000
2022-04-27,53.70000076293945,54.90999984741211,52.790000915527344,54.290000915527344,54.290000915527344,2398900
2022-04-28,55.290000915527344,55.720001220703125,53.709999084472656,55.540000915527344,55.540000915527344,1721900
2022-04-29,55.060001373291016,56.08000183105469,54.18000030517578,54.38999938964844,54.38999938964844,1676900
2022-05-02,54.130001068115234,54.45000076293945,51.5099983215332,53.060001373291016,53.060001373291016,2680200
2022-05-03,53.58000183105469,53.779998779296875,52.41999816894531,53.060001373291016,53.060001373291016,1752400
2022-05-04,52.15999984741211,53.599998474121094,51.7400016784668,53.5,53.5,2085700
2022-05-05,52.5099983215332,53.08000183105469,50.7400016784668,51.13999938964844,51.13999938964844,1878100
2022-05-06,51.0,51.08000183105469,49.099998474121094,50.220001220703125,50.220001220703125,1577200
2022-05-09,49.22999954223633,49.5,47.04999923706055,47.27000045776367,47.27000045776367,2302500
2022-05-10,47.939998626708984,48.470001220703125,46.560001373291016,47.470001220703125,47.470001220703125,1888800
2022-05-11,47.349998474121094,48.599998474121094,45.65999984741211,45.810001373291016,45.810001373291016,1840700
2022-05-12,45.2400016784668,45.959999084472656,43.38999938964844,44.61000061035156,44.61000061035156,2423600
2022-05-13,45.279998779296875,46.45000076293945,45.04999923706055,46.150001525878906,46.150001525878906,2044100
2022-05-16,45.93000030517578,46.400001525878906,45.470001220703125,45.599998474121094,45.599998474121094,1224200
2022-05-17,47.2400016784668,48.2400016784668,46.709999084472656,48.02000045776367,48.02000045776367,1671000
2022-05-18,47.31999969482422,48.150001525878906,46.38999938964844,46.58000183105469,46.58000183105469,1580300
2022-05-19,45.95000076293945,47.70000076293945,45.86000061035156,46.7599983215332,46.7599983215332,1557500
2022-05-20,47.529998779296875,47.72999954223633,45.099998474121094,46.099998474121094,46.099998474121094,1428200
2022-05-23,46.97999954223633,47.29999923706055,45.849998474121094,46.459999084472656,46.459999084472656,1373300
2022-05-24,45.630001068115234,45.689998626708984,43.79999923706055,44.209999084472656,44.209999084472656,1490200
2022-05-25,44.20000076293945,45.7599983215332,43.880001068115234,45.15999984741211,45.15999984741211,2227400
2022-05-26,45.91999816894531,47.66999816894531,45.91999816894531,47.130001068115234,47.130001068115234,2332900
2022-05-27,47.310001373291016,48.529998779296875,47.310001373291016,48.43000030517578,48.43000030517578,1385300
2022-05-31,47.34000015258789,48.77000045776367,46.880001068115234,48.2599983215332,48.2599983215332,1818700
2022-06-01,48.68000030517578,48.970001220703125,46.0099983215332,46.56999969482422,46.56999969482422,1945200
2022-06-02,46.540000915527344,47.61000061035156,46.45000076293945,47.38999938964844,47.38999938964844,1270600
2022-06-03,47.02000045776367,49.29999923706055,46.459999084472656,48.880001068115234,48.880001068115234,3661400
2022-06-06,49.70000076293945,49.779998779296875,48.31999969482422,48.849998474121094,48.849998474121094,1417800
2022-06-07,48.150001525878906,49.5,48.060001373291016,49.33000183105469,49.33000183105469,1231200
2022-06-08,48.5099983215332,49.13999938964844,47.790000915527344,48.11000061035156,48.11000061035156,1309200
2022-06-09,47.5099983215332,47.84000015258789,46.060001373291016,46.06999969482422,46.06999969482422,1295900
2022-06-10,45.20000076293945,46.0099983215332,43.810001373291016,44.0,44.0,2083200
2022-06-13,42.70000076293945,43.0,40.70000076293945,40.93000030517578,40.93000030517578,3072500
2022-06-14,41.29999923706055,41.5099983215332,39.91999816894531,40.599998474121094,40.599998474121094,2137100
2022-06-15,41.18000030517578,42.0,40.720001220703125,41.18000030517578,41.18000030517578,1779600
2022-06-16,40.0,40.09000015258789,38.20000076293945,38.68000030517578,38.68000030517578,2241500
2022-06-17,39.2599983215332,40.63999938964844,38.189998626708984,40.41999816894531,40.41999816894531,3009500
2022-06-21,41.2400016784668,41.33000183105469,39.810001373291016,40.5099983215332,40.5099983215332,1786400
2022-06-22,40.11000061035156,40.939998626708984,39.9900016784668,40.369998931884766,40.369998931884766,1304400
2022-06-23,39.849998474121094,40.29999923706055,38.869998931884766,39.900001525878906,39.900001525878906,1824400
2022-06-24,39.91999816894531,42.06999969482422,39.849998474121094,41.91999816894531,41.91999816894531,1696600
2022-06-27,42.0,42.06999969482422,40.779998779296875,40.869998931884766,40.869998931884766,1514100
2022-06-28,41.540000915527344,42.81999969482422,40.68000030517578,40.779998779296875,40.779998779296875,1243900
2022-06-29,40.2599983215332,40.619998931884766,39.70000076293945,40.47999954223633,40.47999954223633,1825200
2022-06-30,39.630001068115234,40.439998626708984,38.58000183105469,40.04999923706055,40.04999923706055,1826700
2022-07-01,40.25,41.20000076293945,39.66999816894531,41.16999816894531,41.16999816894531,1420700
2022-07-05,40.119998931884766,41.650001525878906,39.81999969482422,41.540000915527344,41.540000915527344,2168700
2022-07-06,41.22999954223633,42.189998626708984,40.689998626708984,41.06999969482422,41.06999969482422,1166700
2022-07-07,41.540000915527344,41.720001220703125,40.380001068115234,40.970001220703125,40.970001220703125,1515300
2022-07-08,41.08000183105469,41.34000015258789,40.189998626708984,40.88999938964844,40.88999938964844,1369600
2022-07-11,40.400001525878906,40.880001068115234,40.119998931884766,40.34000015258789,40.34000015258789,1172300
2022-07-12,40.34000015258789,42.400001525878906,40.34000015258789,41.79999923706055,41.79999923706055,1657400
2022-07-13,40.54999923706055,41.40999984741211,40.099998474121094,41.2599983215332,41.2599983215332,1714400
2022-07-14,40.599998474121094,41.650001525878906,40.470001220703125,40.790000915527344,40.790000915527344,1695900
2022-07-15,41.47999954223633,41.68000030517578,40.47999954223633,41.310001373291016,41.310001373291016,1286500
2022-07-18,42.060001373291016,42.650001525878906,41.34000015258789,41.529998779296875,41.529998779296875,2112300
2022-07-19,42.119998931884766,42.869998931884766,42.11000061035156,42.790000915527344,42.790000915527344,1372700
2022-07-20,42.779998779296875,43.779998779296875,42.27000045776367,43.400001525878906,43.400001525878906,2016500
2022-07-21,43.56999969482422,43.61000061035156,42.0099983215332,43.189998626708984,43.189998626708984,2589700
2022-07-22,43.5099983215332,43.880001068115234,42.54999923706055,42.75,42.75,1580500
2022-07-25,42.91999816894531,43.84000015258789,42.47999954223633,43.7400016784668,43.7400016784668,2442700
2022-07-26,43.2400016784668,43.2400016784668,42.34000015258789,42.400001525878906,42.400001525878906,1300800
2022-07-27,43.25,44.040000915527344,42.66999816894531,43.790000915527344,43.790000915527344,1166200
2022-07-28,43.220001220703125,44.060001373291016,42.459999084472656,44.0099983215332,44.0099983215332,1594100
2022-07-29,43.689998626708984,44.5099983215332,43.59000015258789,44.33000183105469,44.33000183105469,1753300
2022-08-01,44.18000030517578,45.650001525878906,43.81999969482422,45.2400016784668,45.2400016784668,1622300
2022-08-02,44.560001373291016,45.060001373291016,43.939998626708984,44.5,44.5,1499700
2022-08-03,44.88999938964844,46.38999938964844,44.779998779296875,46.29999923706055,46.29999923706055,1210800
2022-08-04,46.29999923706055,46.93000030517578,46.029998779296875,46.91999816894531,46.91999816894531,1339200
2022-08-05,46.349998474121094,46.959999084472656,46.16999816894531,46.54999923706055,46.54999923706055,851300
2022-08-08,46.84000015258789,47.529998779296875,46.459999084472656,46.79999923706055,46.79999923706055,1419700
2022-08-09,46.5099983215332,46.70000076293945,45.439998626708984,45.72999954223633,45.72999954223633,956600
2022-08-10,46.849998474121094,47.369998931884766,46.58000183105469,46.61000061035156,46.61000061035156,990700
2022-08-11,47.13999938964844,47.63999938964844,46.11000061035156,46.22999954223633,46.22999954223633,1275500
2022-08-12,46.810001373291016,47.349998474121094,46.43000030517578,47.34000015258789,47.34000015258789,1364900
2022-08-15,47.15999984741211,48.7599983215332,47.15999984741211,48.45000076293945,48.45000076293945,1209700
2022-08-16,48.40999984741211,48.61000061035156,47.81999969482422,48.2400016784668,48.2400016784668,1435700
2022-08-17,47.279998779296875,47.61000061035156,46.45000076293945,46.63999938964844,46.63999938964844,1002300
2022-08-18,46.560001373291016,46.7400016784668,46.029998779296875,46.689998626708984,46.689998626708984,983500
2022-08-19,46.0,46.25,45.220001220703125,45.45000076293945,45.45000076293945,1148400
2022-08-22,44.43000030517578,44.880001068115234,43.720001220703125,44.189998626708984,44.189998626708984,1224300
2022-08-23,44.369998931884766,44.900001525878906,43.959999084472656,44.5,44.5,1239700
2022-08-24,44.65999984741211,45.5099983215332,44.5,45.40999984741211,45.40999984741211,977300
2022-08-25,45.720001220703125,46.70000076293945,45.58000183105469,46.20000076293945,46.20000076293945,885500
2022-08-26,46.2599983215332,46.5,44.81999969482422,44.88999938964844,44.88999938964844,911100
2022-08-29,44.27000045776367,45.029998779296875,44.2400016784668,44.63999938964844,44.63999938964844,973800
2022-08-30,45.189998626708984,45.369998931884766,44.29999923706055,44.869998931884766,44.869998931884766,1729200
2022-08-31,45.08000183105469,45.11000061035156,43.5099983215332,43.560001373291016,43.560001373291016,1317700
2022-09-01,43.18000030517578,43.709999084472656,42.2400016784668,43.689998626708984,43.689998626708984,1487100
2022-09-02,44.2599983215332,44.63999938964844,43.279998779296875,43.619998931884766,43.619998931884766,1127700
2022-09-06,44.02000045776367,44.529998779296875,43.400001525878906,43.900001525878906,43.900001525878906,1552200
2022-09-07,43.9900016784668,46.130001068115234,43.9900016784668,46.09000015258789,46.09000015258789,2008600
2022-09-08,45.27000045776367,46.31999969482422,45.09000015258789,45.689998626708984,45.689998626708984,1563300
2022-09-09,46.150001525878906,46.63999938964844,46.06999969482422,46.560001373291016,46.560001373291016,1368600
2022-09-12,46.970001220703125,47.40999984741211,46.47999954223633,46.81999969482422,46.81999969482422,1229200
2022-09-13,45.31999969482422,46.02000045776367,44.7400016784668,44.939998626708984,44.939998626708984,1392200
2022-09-14,44.72999954223633,46.02000045776367,44.119998931884766,45.959999084472656,45.959999084472656,1282100
2022-09-15,45.880001068115234,46.90999984741211,45.79999923706055,46.2599983215332,46.2599983215332,1776200
2022-09-16,45.459999084472656,45.459999084472656,44.2400016784668,44.380001068115234,44.380001068115234,2120400
2022-09-19,44.150001525878906,46.09000015258789,44.099998474121094,45.779998779296875,45.779998779296875,1659400
2022-09-20,45.54999923706055,45.900001525878906,44.790000915527344,45.33000183105469,45.33000183105469,1002600
2022-09-21,44.93000030517578,45.04999923706055,43.470001220703125,43.4900016784668,43.4900016784668,1748400
2022-09-22,43.400001525878906,43.400001525878906,41.34000015258789,41.880001068115234,41.880001068115234,1848800
2022-09-23,41.150001525878906,41.34000015258789,40.099998474121094,40.779998779296875,40.779998779296875,1672000
2022-09-26,40.4900016784668,40.97999954223633,38.75,38.810001373291016,38.810001373291016,2577700
2022-09-27,39.560001373291016,40.060001373291016,38.439998626708984,39.04999923706055,39.04999923706055,1839400
2022-09-28,39.0,40.59000015258789,38.650001525878906,40.349998474121094,40.349998474121094,1701800
2022-09-29,39.529998779296875,39.70000076293945,38.709999084472656,39.13999938964844,39.13999938964844,1375300
2022-09-30,38.83000183105469,39.79999923706055,38.83000183105469,39.150001525878906,39.150001525878906,1409300
2022-10-03,39.349998474121094,40.20000076293945,38.720001220703125,39.90999984741211,39.90999984741211,1380300
2022-10-04,41.380001068115234,42.68000030517578,41.22999954223633,42.650001525878906,42.650001525878906,1586400
2022-10-05,41.7599983215332,42.939998626708984,41.4900016784668,42.65999984741211,42.65999984741211,1149700
2022-10-06,42.36000061035156,42.939998626708984,41.86000061035156,42.459999084472656,42.459999084472656,1031500
2022-10-07,41.91999816894531,42.040000915527344,40.88999938964844,41.4900016784668,41.4900016784668,831000
2022-10-10,41.68000030517578,41.90999984741211,40.88999938964844,41.18000030517578,41.18000030517578,862500
2022-10-11,42.40999984741211,42.5,39.869998931884766,40.7400016784668,40.7400016784668,1510500
2022-10-12,40.34000015258789,41.54999923706055,39.869998931884766,41.209999084472656,41.209999084472656,1241000
2022-10-13,40.83000183105469,42.619998931884766,40.13999938964844,41.900001525878906,41.900001525878906,1480200
2022-10-14,42.86000061035156,43.09000015258789,41.689998626708984,41.83000183105469,41.83000183105469,1221500
2022-10-17,42.959999084472656,43.0,41.5,41.529998779296875,41.529998779296875,1542500
2022-10-18,42.40999984741211,42.86000061035156,41.88999938964844,42.34000015258789,42.34000015258789,1603500
2022-10-19,43.060001373291016,43.060001373291016,41.5099983215332,41.849998474121094,41.849998474121094,3404500
2022-10-20,41.38999938964844,41.630001068115234,39.459999084472656,39.880001068115234,39.880001068115234,4302100
2022-10-21,39.709999084472656,41.369998931884766,39.459999084472656,41.0099983215332,41.0099983215332,2551300
2022-10-24,41.41999816894531,42.779998779296875,40.939998626708984,42.58000183105469,42.58000183105469,2010600
2022-10-25,42.22999954223633,43.810001373291016,42.09000015258789,43.40999984741211,43.40999984741211,1748800
2022-10-26,43.43000030517578,44.20000076293945,42.779998779296875,42.86000061035156,42.86000061035156,1548200
2022-10-27,43.56999969482422,44.20000076293945,43.2400016784668,43.27000045776367,43.27000045776367,1375700
2022-10-28,43.31999969482422,44.439998626708984,43.119998931884766,44.43000030517578,44.43000030517578,1228600
2022-10-31,44.310001373291016,44.779998779296875,43.790000915527344,44.459999084472656,44.459999084472656,1288700
2022-11-01,45.04999923706055,45.20000076293945,44.400001525878906,44.52000045776367,44.52000045776367,1168500
2022-11-02,44.09000015258789,45.06999969482422,43.540000915527344,43.560001373291016,43.560001373291016,2197900
2022-11-03,42.880001068115234,44.15999984741211,42.34000015258789,43.84000015258789,43.84000015258789,1360400
2022-11-04,44.70000076293945,45.400001525878906,44.040000915527344,44.86000061035156,44.86000061035156,1214000
2022-11-07,45.400001525878906,45.5,44.130001068115234,45.040000915527344,45.040000915527344,1128700
2022-11-08,45.060001373291016,45.47999954223633,44.689998626708984,45.119998931884766,45.119998931884766,1093500
2022-11-09,44.65999984741211,45.130001068115234,44.130001068115234,44.2400016784668,44.2400016784668,1021000
2022-11-10,45.65999984741211,47.13999938964844,45.439998626708984,46.939998626708984,46.939998626708984,1795500
2022-11-11,47.209999084472656,47.599998474121094,46.599998474121094,47.25,47.25,1298300
2022-11-14,46.65999984741211,47.56999969482422,46.209999084472656,46.27000045776367,46.27000045776367,1119500
2022-11-15,46.91999816894531,47.66999816894531,46.41999816894531,46.849998474121094,46.849998474121094,1483700
2022-11-16,46.400001525878906,46.400001525878906,45.4900016784668,45.68000030517578,45.68000030517578,991800
2022-11-17,44.880001068115234,45.880001068115234,44.68000030517578,45.880001068115234,45.880001068115234,715300
2022-11-18,46.849998474121094,47.470001220703125,45.95000076293945,46.68000030517578,46.68000030517578,1057000
2022-11-21,46.5099983215332,47.209999084472656,46.13999938964844,46.29999923706055,46.29999923706055,1110600
2022-11-22,46.290000915527344,46.58000183105469,45.7400016784668,45.959999084472656,45.959999084472656,953800
2022-11-23,46.0,46.630001068115234,45.900001525878906,46.34000015258789,46.34000015258789,941600
2022-11-25,46.25,47.220001220703125,46.25,46.900001525878906,46.900001525878906,484300
2022-11-28,46.470001220703125,46.72999954223633,45.689998626708984,45.779998779296875,45.779998779296875,1201800
2022-11-29,45.939998626708984,46.720001220703125,45.81999969482422,46.630001068115234,46.630001068115234,1390500
2022-11-30,46.599998474121094,47.45000076293945,46.060001373291016,47.439998626708984,47.439998626708984,1005700
2022-12-01,47.58000183105469,47.9900016784668,47.31999969482422,47.40999984741211,47.40999984741211,878700
2022-12-02,46.83000183105469,46.900001525878906,46.5,46.70000076293945,46.70000076293945,1020800
2022-12-05,46.900001525878906,47.45000076293945,46.540000915527344,46.709999084472656,46.709999084472656,1049300
2022-12-06,46.83000183105469,47.290000915527344,45.68000030517578,46.29999923706055,46.29999923706055,1292000
2022-12-07,45.88999938964844,45.900001525878906,44.2599983215332,44.279998779296875,44.279998779296875,948400
2022-12-08,44.66999816894531,45.040000915527344,43.709999084472656,44.060001373291016,44.060001373291016,1217700
2022-12-09,43.7599983215332,44.68000030517578,43.720001220703125,44.560001373291016,44.560001373291016,1201300
2022-12-12,44.59000015258789,45.7599983215332,44.380001068115234,45.75,45.75,1094900
2022-12-13,47.20000076293945,47.5,44.43000030517578,45.279998779296875,45.279998779296875,2195800
2022-12-14,45.810001373291016,46.439998626708984,45.130001068115234,45.7400016784668,45.7400016784668,1540000
2022-12-15,45.119998931884766,45.290000915527344,43.560001373291016,43.72999954223633,43.72999954223633,1822600
2022-12-16,43.40999984741211,44.5099983215332,43.27000045776367,44.220001220703125,44.220001220703125,3204700
2022-12-19,44.22999954223633,44.59000015258789,42.880001068115234,42.900001525878906,42.900001525878906,1456900
2022-12-20,42.88999938964844,43.54999923706055,42.84000015258789,43.06999969482422,43.06999969482422,1135700
2022-12-21,43.66999816894531,44.29999923706055,43.5,43.86000061035156,43.86000061035156,1127300
2022-12-22,43.40999984741211,43.630001068115234,42.11000061035156,42.880001068115234,42.880001068115234,1141400
2022-12-23,42.86000061035156,43.459999084472656,42.61000061035156,43.310001373291016,43.310001373291016,970300
2022-12-27,42.869998931884766,43.02000045776367,41.880001068115234,42.2599983215332,42.2599983215332,1878300
2022-12-28,42.040000915527344,42.58000183105469,41.290000915527344,41.29999923706055,41.29999923706055,1681800
2022-12-29,41.4900016784668,42.81999969482422,41.40999984741211,42.810001373291016,42.810001373291016,1374500
2022-12-30,42.41999816894531,43.04999923706055,42.369998931884766,42.939998626708984,42.939998626708984,967600
2023-01-03,43.52000045776367,43.720001220703125,41.77000045776367,42.15999984741211,42.15999984741211,1512000
2023-01-04,42.59000015258789,44.630001068115234,42.439998626708984,44.29999923706055,44.29999923706055,1414600
2023-01-05,43.869998931884766,44.33000183105469,43.61000061035156,44.11000061035156,44.11000061035156,1157500
2023-01-06,44.060001373291016,45.369998931884766,43.869998931884766,45.279998779296875,45.279998779296875,1238200
2023-01-09,45.5,46.18000030517578,45.36000061035156,45.720001220703125,45.720001220703125,1217500
2023-01-10,45.4900016784668,47.369998931884766,45.439998626708984,47.29999923706055,47.29999923706055,1348700
2023-01-11,47.119998931884766,48.04999923706055,47.0,47.70000076293945,47.70000076293945,1246800
2023-01-12,48.459999084472656,49.470001220703125,47.97999954223633,49.400001525878906,49.400001525878906,1592400
2023-01-13,48.11000061035156,50.33000183105469,48.04999923706055,50.290000915527344,50.290000915527344,2466300
2023-01-17,50.220001220703125,50.540000915527344,49.869998931884766,50.29999923706055,50.29999923706055,1425100
2023-01-18,51.27000045776367,51.459999084472656,49.290000915527344,49.310001373291016,49.310001373291016,1747800
2023-01-19,48.65999984741211,49.52000045776367,48.08000183105469,49.400001525878906,49.400001525878906,1301000
2023-01-20,49.72999954223633,50.22999954223633,49.33000183105469,49.81999969482422,49.81999969482422,1161900
2023-01-23,50.0,50.380001068115234,49.65999984741211,50.099998474121094,50.099998474121094,961500
2023-01-24,49.79999923706055,50.720001220703125,49.63999938964844,49.72999954223633,49.72999954223633,1183400
2023-01-25,49.5,51.099998474121094,49.40999984741211,51.04999923706055,51.04999923706055,2365400
2023-01-26,51.220001220703125,51.810001373291016,49.880001068115234,51.31999969482422,51.31999969482422,3012100
2023-01-27,50.7599983215332,51.5,50.5,51.02000045776367,51.02000045776367,2094600
2023-01-30,50.58000183105469,51.58000183105469,50.029998779296875,50.15999984741211,50.15999984741211,1112400
2023-01-31,50.33000183105469,51.349998474121094,50.08000183105469,51.34000015258789,51.34000015258789,1371700
2023-02-01,50.95000076293945,52.11000061035156,50.58000183105469,51.84000015258789,51.84000015258789,1478900
2023-02-02,52.099998474121094,53.869998931884766,51.959999084472656,53.58000183105469,53.58000183105469,1790900
2023-02-03,53.0,53.959999084472656,52.79999923706055,53.470001220703125,53.470001220703125,1421300
2023-02-06,52.84000015258789,53.040000915527344,52.02000045776367,52.43000030517578,52.43000030517578,1233400
2023-02-07,52.20000076293945,52.43000030517578,50.7400016784668,51.79999923706055,51.79999923706055,1187600
2023-02-08,51.68000030517578,52.02000045776367,51.16999816894531,51.4900016784668,51.4900016784668,1004700
2023-02-09,51.900001525878906,52.040000915527344,50.52000045776367,50.7599983215332,50.7599983215332,887100
2023-02-10,50.0,50.06999969482422,49.22999954223633,49.58000183105469,49.58000183105469,926300
2023-02-13,49.650001525878906,50.45000076293945,49.38999938964844,50.15999984741211,50.15999984741211,782000
2023-02-14,50.029998779296875,50.88999938964844,49.66999816894531,50.58000183105469,50.58000183105469,974800
2023-02-15,50.02000045776367,50.47999954223633,49.900001525878906,50.27000045776367,50.27000045776367,835600
2023-02-16,49.529998779296875,49.7599983215332,49.06999969482422,49.119998931884766,49.119998931884766,934800
2023-02-17,49.09000015258789,49.5,48.63999938964844,49.09000015258789,49.09000015258789,859500
2023-02-21,48.5,48.7400016784668,47.40999984741211,47.779998779296875,47.779998779296875,1081500
2023-02-22,47.709999084472656,48.290000915527344,47.22999954223633,47.52000045776367,47.52000045776367,992700
2023-02-23,48.13999938964844,48.439998626708984,47.369998931884766,47.709999084472656,47.709999084472656,763400
2023-02-24,46.91999816894531,47.31999969482422,46.27000045776367,47.29999923706055,47.29999923706055,1302300
2023-02-27,47.939998626708984,48.369998931884766,47.720001220703125,47.91999816894531,47.91999816894531,1420500
2023-02-28,47.83000183105469,48.2400016784668,47.54999923706055,47.83000183105469,47.83000183105469,1585800
2023-03-01,47.72999954223633,48.47999954223633,47.43000030517578,48.220001220703125,48.220001220703125,1236000
2023-03-02,47.779998779296875,48.189998626708984,47.31999969482422,47.97999954223633,47.97999954223633,981900
2023-03-03,48.52000045776367,48.63999938964844,47.849998474121094,48.439998626708984,48.439998626708984,1473900
2023-03-06,48.54999923706055,49.18000030517578,47.869998931884766,47.900001525878906,47.900001525878906,1479600
2023-03-07,48.08000183105469,49.38999938964844,47.91999816894531,48.5099983215332,48.5099983215332,1480900
2023-03-08,48.720001220703125,49.25,48.380001068115234,49.209999084472656,49.209999084472656,1212400
2023-03-09,49.11000061035156,49.75,47.16999816894531,47.52000045776367,47.52000045776367,1329600
2023-03-10,48.529998779296875,48.779998779296875,45.68000030517578,46.099998474121094,46.099998474121094,2668900
2023-03-13,45.02000045776367,45.20000076293945,43.689998626708984,44.08000183105469,44.08000183105469,2229700
2023-03-14,45.09000015258789,45.349998474121094,41.77000045776367,42.2599983215332,42.2599983215332,3293200
2023-03-15,41.02000045776367,41.36000061035156,39.970001220703125,40.380001068115234,40.380001068115234,2807100
2023-03-16,40.029998779296875,40.689998626708984,39.70000076293945,40.47999954223633,40.47999954223633,2038800
2023-03-17,40.2400016784668,40.31999969482422,39.04999923706055,39.290000915527344,39.290000915527344,2577900
2023-03-20,39.33000183105469,39.900001525878906,39.06999969482422,39.27000045776367,39.27000045776367,1878700
2023-03-21,40.0,40.66999816894531,39.90999984741211,40.560001373291016,40.560001373291016,1835600
2023-03-22,40.599998474121094,40.95000076293945,39.349998474121094,39.400001525878906,39.400001525878906,1827800
2023-03-23,39.63999938964844,40.029998779296875,38.150001525878906,38.5,38.5,1549000
2023-03-24,38.0,38.220001220703125,37.20000076293945,38.130001068115234,38.130001068115234,2589400
2023-03-27,38.689998626708984,39.20000076293945,38.220001220703125,38.9900016784668,38.9900016784668,1619600
2023-03-28,39.06999969482422,39.86000061035156,39.040000915527344,39.810001373291016,39.810001373291016,1577000
2023-03-29,40.349998474121094,40.880001068115234,40.119998931884766,40.630001068115234,40.630001068115234,2122000
2023-03-30,41.15999984741211,41.47999954223633,40.7400016784668,40.97999954223633,40.97999954223633,1750200
2023-03-31,41.459999084472656,41.970001220703125,41.38999938964844,41.959999084472656,41.959999084472656,1288600
2023-04-03,42.2599983215332,42.47999954223633,41.470001220703125,42.09000015258789,42.09000015258789,2321000
2023-04-04,42.349998474121094,42.5,41.4900016784668,41.970001220703125,41.970001220703125,2071300
2023-04-05,41.5,41.970001220703125,41.25,41.95000076293945,41.95000076293945,1838500
2023-04-06,42.16999816894531,42.7400016784668,41.849998474121094,42.040000915527344,42.040000915527344,1674100
2023-04-10,41.880001068115234,42.63999938964844,41.75,42.43000030517578,42.43000030517578,1279300
2023-04-11,42.47999954223633,43.5099983215332,42.470001220703125,43.18000030517578,43.18000030517578,1576200
2023-04-12,42.90999984741211,43.13999938964844,41.529998779296875,41.97999954223633,41.97999954223633,3016000
2023-04-13,42.619998931884766,42.630001068115234,41.279998779296875,42.380001068115234,42.380001068115234,2404200
2023-04-14,42.43000030517578,42.599998474121094,41.45000076293945,41.90999984741211,41.90999984741211,1403300
2023-04-17,42.0,42.68000030517578,41.91999816894531,42.63999938964844,42.63999938964844,1267900
2023-04-18,42.849998474121094,42.849998474121094,42.18000030517578,42.54999923706055,42.54999923706055,2112700
2023-04-19,42.060001373291016,43.810001373291016,42.040000915527344,43.650001525878906,43.650001525878906,3274000
2023-04-20,43.630001068115234,44.38999938964844,42.97999954223633,43.560001373291016,43.560001373291016,3307400
2023-04-21,44.09000015258789,44.63999938964844,43.689998626708984,44.40999984741211,44.40999984741211,2053100
2023-04-24,44.7400016784668,44.869998931884766,43.380001068115234,44.04999923706055,44.04999923706055,2007000
2023-04-25,43.650001525878906,43.84000015258789,42.459999084472656,42.5,42.5,1788900
2023-04-26,42.40999984741211,42.83000183105469,42.11000061035156,42.2400016784668,42.2400016784668,1417800
2023-04-27,42.459999084472656,43.22999954223633,42.040000915527344,42.970001220703125,42.970001220703125,1550400
2023-04-28,43.09000015258789,44.06999969482422,43.02000045776367,43.459999084472656,43.459999084472656,1893900
2023-05-01,43.33000183105469,44.220001220703125,43.13999938964844,43.4900016784668,43.4900016784668,1197500
2023-05-02,43.060001373291016,43.41999816894531,42.130001068115234,43.369998931884766,43.369998931884766,1724100
2023-05-03,43.45000076293945,44.400001525878906,43.11000061035156,43.470001220703125,43.470001220703125,1574100
2023-05-04,43.15999984741211,43.29999923706055,41.689998626708984,42.09000015258789,42.09000015258789,1824600
2023-05-05,42.58000183105469,43.38999938964844,42.400001525878906,43.15999984741211,43.15999984741211,1366200
2023-05-08,43.33000183105469,43.66999816894531,42.93000030517578,43.459999084472656,43.459999084472656,1394200
2023-05-09,43.45000076293945,44.20000076293945,43.06999969482422,43.900001525878906,43.900001525878906,1506900
2023-05-10,44.630001068115234,44.65999984741211,42.470001220703125,43.11000061035156,43.11000061035156,1225500
2023-05-11,43.02000045776367,43.25,42.68000030517578,43.04999923706055,43.04999923706055,1276200
2023-05-12,43.209999084472656,43.2599983215332,42.27000045776367,42.720001220703125,42.720001220703125,1043400
2023-05-15,42.86000061035156,43.38999938964844,42.630001068115234,43.34000015258789,43.34000015258789,1287600
2023-05-16,43.16999816894531,43.310001373291016,42.56999969482422,42.63999938964844,42.63999938964844,1337300
2023-05-17,43.15999984741211,45.33000183105469,43.099998474121094,45.25,45.25,2223400
2023-05-18,45.25,45.5099983215332,44.720001220703125,45.119998931884766,45.119998931884766,1231800
2023-05-19,45.25,45.29999923706055,44.13999938964844,44.52000045776367,44.52000045776367,1007900
2023-05-22,44.79999923706055,45.119998931884766,44.2599983215332,44.91999816894531,44.91999816894531,1367800
2023-05-23,44.86000061035156,45.810001373291016,44.75,44.83000183105469,44.83000183105469,1135900
2023-05-24,44.380001068115234,44.529998779296875,43.349998474121094,44.029998779296875,44.029998779296875,1087200
2023-05-25,44.08000183105469,45.13999938964844,44.0,45.119998931884766,45.119998931884766,1215800
2023-05-26,45.29999923706055,45.7599983215332,45.02000045776367,45.099998474121094,45.099998474121094,1098900
2023-05-30,45.29999923706055,45.9900016784668,45.08000183105469,45.209999084472656,45.209999084472656,1430200
2023-05-31,45.75,45.75,44.43000030517578,44.93000030517578,44.93000030517578,1484900
2023-06-01,45.09000015258789,45.29999923706055,44.36000061035156,44.84000015258789,44.84000015258789,1020800
2023-06-02,45.43000030517578,46.4900016784668,45.209999084472656,46.099998474121094,46.099998474121094,1274400
2023-06-05,46.040000915527344,46.33000183105469,45.5099983215332,46.279998779296875,46.279998779296875,766500
2023-06-06,45.97999954223633,47.540000915527344,45.79999923706055,47.459999084472656,47.459999084472656,1092800
2023-06-07,47.7400016784668,48.40999984741211,47.4900016784668,48.36000061035156,48.36000061035156,1172000
2023-06-08,48.09000015258789,48.869998931884766,48.04999923706055,48.650001525878906,48.650001525878906,1131700
2023-06-09,48.81999969482422,49.279998779296875,48.650001525878906,48.650001525878906,48.650001525878906,2032900
2023-06-12,49.099998474121094,50.0,49.029998779296875,49.58000183105469,49.58000183105469,1147600
2023-06-13,49.790000915527344,50.81999969482422,49.75,50.81999969482422,50.81999969482422,2024800
2023-06-14,50.900001525878906,51.02000045776367,50.02000045776367,50.439998626708984,50.439998626708984,1515900
2023-06-15,50.060001373291016,50.380001068115234,49.7599983215332,50.34000015258789,50.34000015258789,1465900
2023-06-16,50.63999938964844,50.9900016784668,50.060001373291016,50.41999816894531,50.41999816894531,1688500
2023-06-20,49.959999084472656,50.15999984741211,49.33000183105469,49.5099983215332,49.5099983215332,1366600
2023-06-21,49.34000015258789,49.84000015258789,49.02000045776367,49.58000183105469,49.58000183105469,1288200
2023-06-22,49.209999084472656,49.790000915527344,48.779998779296875,49.66999816894531,49.66999816894531,1611100
2023-06-23,48.75,49.88999938964844,48.630001068115234,49.25,49.25,2410000
2023-06-26,49.720001220703125,50.29999923706055,49.04999923706055,49.959999084472656,49.959999084472656,961900
2023-06-27,50.349998474121094,52.279998779296875,50.13999938964844,51.93000030517578,51.93000030517578,1560300
2023-06-28,52.130001068115234,52.5099983215332,51.83000183105469,52.439998626708984,52.439998626708984,1223800
2023-06-29,52.56999969482422,53.09000015258789,52.13999938964844,52.27000045776367,52.27000045776367,1291700
2023-06-30,52.540000915527344,53.400001525878906,52.22999954223633,53.18000030517578,53.18000030517578,1555200
2023-07-03,53.06999969482422,53.7400016784668,52.959999084472656,53.189998626708984,53.189998626708984,636700
2023-07-05,52.91999816894531,54.290000915527344,52.5,53.650001525878906,53.650001525878906,1517600
2023-07-06,53.18000030517578,53.31999969482422,52.2599983215332,52.790000915527344,52.790000915527344,938100
2023-07-07,52.970001220703125,54.470001220703125,52.810001373291016,53.75,53.75,1643000
2023-07-10,53.75,55.56999969482422,53.75,55.54999923706055,55.54999923706055,1941100
2023-07-11,55.61000061035156,56.4900016784668,55.47999954223633,56.34000015258789,56.34000015258789,1468300
2023-07-12,56.7599983215332,57.099998474121094,55.7599983215332,55.9900016784668,55.9900016784668,1984000
2023-07-13,57.150001525878906,57.18000030517578,54.290000915527344,54.34000015258789,54.34000015258789,2856900
2023-07-14,54.060001373291016,54.060001373291016,52.060001373291016,52.36000061035156,52.36000061035156,2090100
2023-07-17,52.220001220703125,52.630001068115234,51.77000045776367,52.15999984741211,52.15999984741211,1227100
2023-07-18,52.41999816894531,53.45000076293945,52.40999984741211,53.41999816894531,53.41999816894531,1210500
2023-07-19,53.2599983215332,54.470001220703125,52.83000183105469,54.43000030517578,54.43000030517578,1477700
2023-07-20,54.09000015258789,54.20000076293945,52.72999954223633,54.08000183105469,54.08000183105469,1616600
2023-07-21,54.36000061035156,54.65999984741211,53.7599983215332,54.150001525878906,54.150001525878906,1040100
2023-07-24,53.650001525878906,53.939998626708984,53.20000076293945,53.33000183105469,53.33000183105469,2070900
2023-07-25,50.36000061035156,50.54999923706055,46.45000076293945,48.18000030517578,48.18000030517578,9779900
2023-07-26,48.060001373291016,48.43000030517578,47.130001068115234,47.86000061035156,47.86000061035156,3409700
2023-07-27,47.29999923706055,47.529998779296875,46.61000061035156,47.13999938964844,47.13999938964844,3422900
2023-07-28,47.45000076293945,48.47999954223633,47.34000015258789,48.119998931884766,48.119998931884766,1843200
2023-07-31,48.099998474121094,48.709999084472656,48.040000915527344,48.630001068115234,48.630001068115234,1475000
2023-08-01,48.0,48.22999954223633,47.16999816894531,47.900001525878906,47.900001525878906,2195600
2023-08-02,47.150001525878906,48.119998931884766,47.119998931884766,47.91999816894531,47.91999816894531,2068100
2023-08-03,47.4900016784668,47.560001373291016,46.619998931884766,46.810001373291016,46.810001373291016,1877800
2023-08-04,46.939998626708984,47.25,46.5,46.7400016784668,46.7400016784668,1730800
2023-08-07,46.77000045776367,47.220001220703125,46.099998474121094,46.790000915527344,46.790000915527344,1915500
2023-08-08,46.20000076293945,47.369998931884766,46.029998779296875,47.20000076293945,47.20000076293945,1217100
2023-08-09,47.0,47.150001525878906,46.2400016784668,46.61000061035156,46.61000061035156,1065200
2023-08-10,46.93000030517578,47.060001373291016,46.11000061035156,46.709999084472656,46.709999084472656,1488300
2023-08-11,46.4900016784668,46.59000015258789,45.95000076293945,46.08000183105469,46.08000183105469,1062100
2023-08-14,45.810001373291016,46.369998931884766,45.459999084472656,46.2400016784668,46.2400016784668,868100
2023-08-15,45.86000061035156,45.880001068115234,45.189998626708984,45.40999984741211,45.40999984741211,1319700
2023-08-16,45.290000915527344,45.91999816894531,44.540000915527344,44.59000015258789,44.59000015258789,1151400
2023-08-17,44.54999923706055,44.650001525878906,43.29999923706055,43.459999084472656,43.459999084472656,1338000
2023-08-18,43.0,43.470001220703125,42.70000076293945,42.77000045776367,42.77000045776367,1694100
2023-08-21,42.939998626708984,43.209999084472656,42.33000183105469,42.95000076293945,42.95000076293945,1987000
2023-08-22,43.099998474121094,43.27000045776367,42.43000030517578,42.72999954223633,42.72999954223633,1277900
2023-08-23,42.5,42.95000076293945,42.16999816894531,42.650001525878906,42.650001525878906,1125900
2023-08-24,42.2599983215332,42.77000045776367,42.04999923706055,42.119998931884766,42.119998931884766,1605600
2023-08-25,42.18000030517578,42.33000183105469,41.54999923706055,41.81999969482422,41.81999969482422,1145200
2023-08-28,42.130001068115234,42.439998626708984,41.72999954223633,41.9900016784668,41.9900016784668,1045200
2023-08-29,41.95000076293945,42.54999923706055,41.75,42.29999923706055,42.29999923706055,1647800
2023-08-30,42.27000045776367,42.630001068115234,41.970001220703125,42.08000183105469,42.08000183105469,1717200
2023-08-31,42.40999984741211,42.439998626708984,41.939998626708984,41.970001220703125,41.970001220703125,1360100
2023-09-01,42.2599983215332,42.43000030517578,41.459999084472656,41.779998779296875,41.779998779296875,1203200
2023-09-05,41.18000030517578,41.22999954223633,40.119998931884766,40.34000015258789,40.34000015258789,2679300
2023-09-06,39.939998626708984,41.38999938964844,39.91999816894531,40.540000915527344,40.540000915527344,2354800
2023-09-07,40.34000015258789,40.58000183105469,39.720001220703125,40.02000045776367,40.02000045776367,2549700
2023-09-08,40.06999969482422,40.189998626708984,39.290000915527344,39.810001373291016,39.810001373291016,2057900
2023-09-11,39.93000030517578,40.66999816894531,39.5,40.43000030517578,40.43000030517578,1853600
2023-09-12,40.52000045776367,40.88999938964844,40.060001373291016,40.11000061035156,40.11000061035156,1977500
2023-09-13,39.25,39.59000015258789,38.650001525878906,39.130001068115234,39.130001068115234,2599100
2023-09-14,39.40999984741211,39.4900016784668,38.869998931884766,39.36000061035156,39.36000061035156,1475000
2023-09-15,39.439998626708984,39.91999816894531,39.189998626708984,39.470001220703125,39.470001220703125,3042900
2023-09-18,39.34000015258789,39.439998626708984,38.7599983215332,38.880001068115234,38.880001068115234,2024500
2023-09-19,38.900001525878906,39.2400016784668,38.560001373291016,39.08000183105469,39.08000183105469,1706500
2023-09-20,39.310001373291016,39.400001525878906,38.560001373291016,38.61000061035156,38.61000061035156,1306900
2023-09-21,38.45000076293945,38.84000015258789,38.099998474121094,38.150001525878906,38.150001525878906,1775000
2023-09-22,38.189998626708984,38.29999923706055,37.349998474121094,37.5,37.5,1800800
2023-09-25,37.25,37.56999969482422,36.7400016784668,37.36000061035156,37.36000061035156,1692500
2023-09-26,37.08000183105469,37.7400016784668,36.77000045776367,36.84000015258789,36.84000015258789,1487200
2023-09-27,36.81999969482422,36.959999084472656,36.150001525878906,36.40999984741211,36.40999984741211,1591400
2023-09-28,36.43000030517578,37.22999954223633,36.189998626708984,36.83000183105469,36.83000183105469,1784300
2023-09-29,37.099998474121094,37.43000030517578,36.83000183105469,37.08000183105469,37.08000183105469,1519300
2023-10-02,37.040000915527344,37.34000015258789,36.599998474121094,36.83000183105469,36.83000183105469,1630800
2023-10-03,36.66999816894531,36.779998779296875,35.58000183105469,35.79999923706055,35.79999923706055,2505500
2023-10-04,35.900001525878906,36.5099983215332,35.52000045776367,36.130001068115234,36.130001068115234,2362400
2023-10-05,36.43000030517578,36.5099983215332,35.41999816894531,35.68000030517578,35.68000030517578,2545300
2023-10-06,35.400001525878906,35.81999969482422,34.970001220703125,35.06999969482422,35.06999969482422,2644100
2023-10-09,34.150001525878906,34.630001068115234,33.310001373291016,34.45000076293945,34.45000076293945,2995800
2023-10-10,34.88999938964844,35.43000030517578,34.619998931884766,34.93000030517578,34.93000030517578,1578700
2023-10-11,35.0,35.47999954223633,34.189998626708984,34.54999923706055,34.54999923706055,1590400
2023-10-12,34.84000015258789,34.84000015258789,33.279998779296875,33.63999938964844,33.63999938964844,2399000
2023-10-13,33.290000915527344,33.459999084472656,32.81999969482422,33.06999969482422,33.06999969482422,2154400
2023-10-16,33.33000183105469,34.38999938964844,33.15999984741211,34.29999923706055,34.29999923706055,2449100
2023-10-17,34.25,34.790000915527344,34.18000030517578,34.45000076293945,34.45000076293945,1819100
2023-10-18,33.91999816894531,33.95000076293945,32.599998474121094,32.65999984741211,32.65999984741211,4500800
2023-10-19,33.099998474121094,33.099998474121094,31.729999542236328,32.15999984741211,32.15999984741211,4917000
2023-10-20,32.08000183105469,32.439998626708984,31.860000610351562,32.02000045776367,32.02000045776367,3180200
2023-10-23,32.099998474121094,33.400001525878906,31.90999984741211,32.560001373291016,32.560001373291016,4202200
2023-10-24,32.59000015258789,32.7400016784668,31.6299991607666,31.860000610351562,31.860000610351562,3045000
2023-10-25,31.709999084472656,31.969999313354492,31.479999542236328,31.6200008392334,31.6200008392334,1839200
2023-10-26,31.610000610351562,32.220001220703125,31.15999984741211,31.770000457763672,31.770000457763672,3191300
2023-10-27,31.950000762939453,31.950000762939453,31.030000686645508,31.25,31.25,2099100
2023-10-30,31.559999465942383,31.809999465942383,31.25,31.799999237060547,31.799999237060547,2265700
2023-10-31,31.709999084472656,31.799999237060547,31.09000015258789,31.6299991607666,31.6299991607666,2360100
2023-11-01,31.6200008392334,31.670000076293945,30.75,31.079999923706055,31.079999923706055,2342500
2023-11-02,31.549999237060547,32.150001525878906,31.440000534057617,32.119998931884766,32.119998931884766,2332600
2023-11-03,32.90999984741211,33.810001373291016,32.83000183105469,33.560001373291016,33.560001373291016,3086500
2023-11-06,33.58000183105469,33.7400016784668,32.5099983215332,32.84000015258789,32.84000015258789,1885500
2023-11-07,33.02000045776367,33.36000061035156,32.66999816894531,33.15999984741211,33.15999984741211,1702100
2023-11-08,33.36000061035156,34.18000030517578,33.349998474121094,33.91999816894531,33.91999816894531,2587900
2023-11-09,34.20000076293945,34.29999923706055,33.11000061035156,33.5,33.5,2793300
2023-11-10,33.529998779296875,34.400001525878906,33.400001525878906,34.2599983215332,34.2599983215332,2980200
2023-11-13,34.0,34.66999816894531,33.72999954223633,34.349998474121094,34.349998474121094,1963400
2023-11-14,35.279998779296875,36.279998779296875,35.02000045776367,36.09000015258789,36.09000015258789,2868500
2023-11-15,36.33000183105469,37.779998779296875,36.31999969482422,37.0099983215332,37.0099983215332,3075900
2023-11-16,36.91999816894531,37.369998931884766,36.09000015258789,36.20000076293945,36.20000076293945,2259800
2023-11-17,36.630001068115234,36.95000076293945,36.220001220703125,36.7599983215332,36.7599983215332,2395700
2023-11-20,36.650001525878906,37.529998779296875,36.45000076293945,37.310001373291016,37.310001373291016,1885600
2023-11-21,36.9900016784668,37.040000915527344,36.310001373291016,36.65999984741211,36.65999984741211,1407500
2023-11-22,37.4900016784668,37.97999954223633,36.7400016784668,36.93000030517578,36.93000030517578,1426800
2023-11-24,37.060001373291016,37.29999923706055,36.81999969482422,37.20000076293945,37.20000076293945,568500
2023-11-27,36.83000183105469,37.220001220703125,36.68000030517578,36.84000015258789,36.84000015258789,1714200
2023-11-28,36.70000076293945,36.959999084472656,36.310001373291016,36.849998474121094,36.849998474121094,1172000
2023-11-29,37.220001220703125,37.7400016784668,37.18000030517578,37.540000915527344,37.540000915527344,2017300
2023-11-30,37.790000915527344,37.97999954223633,37.22999954223633,37.810001373291016,37.810001373291016,1999600
2023-12-01,37.93000030517578,39.849998474121094,37.900001525878906,39.72999954223633,39.72999954223633,2605000
2023-12-04,33.66999816894531,34.279998779296875,32.0,34.08000183105469,34.08000183105469,22669400
2023-12-05,34.29999923706055,35.90999984741211,34.290000915527344,35.56999969482422,35.56999969482422,9842500
2023-12-06,36.0,37.2400016784668,35.61000061035156,35.66999816894531,35.66999816894531,6042800
2023-12-07,36.0,36.31999969482422,35.029998779296875,35.970001220703125,35.970001220703125,6061800
2023-12-08,35.959999084472656,36.08000183105469,35.41999816894531,35.61000061035156,35.61000061035156,4249900
2023-12-11,35.650001525878906,36.060001373291016,35.0,35.75,35.75,3467700
2023-12-12,36.0,37.720001220703125,35.72999954223633,37.310001373291016,37.310001373291016,4305000
2023-12-13,36.900001525878906,38.650001525878906,36.220001220703125,38.630001068115234,38.630001068115234,4664900
2023-12-14,39.20000076293945,39.31999969482422,38.349998474121094,39.15999984741211,39.15999984741211,4972800
2023-12-15,38.939998626708984,39.25,38.43000030517578,38.95000076293945,38.95000076293945,33770200
2023-12-18,38.45000076293945,39.52000045776367,38.0099983215332,39.27000045776367,39.27000045776367,3542000
2023-12-19,39.5,40.59000015258789,39.290000915527344,40.20000076293945,40.20000076293945,4155800
2023-12-20,40.0,41.099998474121094,39.79999923706055,40.09000015258789,40.09000015258789,3427400
2023-12-21,40.66999816894531,41.060001373291016,40.40999984741211,40.59000015258789,40.59000015258789,2966500
2023-12-22,40.5,41.130001068115234,40.45000076293945,40.68000030517578,40.68000030517578,2276500
2023-12-26,40.5,41.220001220703125,40.150001525878906,40.15999984741211,40.15999984741211,2698600
2023-12-27,40.02000045776367,40.2599983215332,39.63999938964844,39.66999816894531,39.66999816894531,1967400
2023-12-28,39.33000183105469,39.959999084472656,39.20000076293945,39.91999816894531,39.91999816894531,1914400
2023-12-29,39.599998474121094,39.84000015258789,38.97999954223633,39.06999969482422,39.06999969482422,2093800
2024-01-02,38.689998626708984,39.20000076293945,38.2599983215332,38.34000015258789,38.34000015258789,2130200
2024-01-03,37.439998626708984,37.77000045776367,36.29999923706055,36.41999816894531,36.41999816894531,2376400
2024-01-04,36.68000030517578,37.25,36.560001373291016,36.810001373291016,36.810001373291016,1919400
2024-01-05,36.59000015258789,38.15999984741211,36.470001220703125,37.95000076293945,37.95000076293945,2548800
2024-01-08,36.09000015258789,38.099998474121094,35.58000183105469,37.869998931884766,37.869998931884766,8180800
2024-01-09,38.25,38.61000061035156,37.31999969482422,37.369998931884766,37.369998931884766,4444900
2024-01-10,37.099998474121094,37.27000045776367,36.7400016784668,37.060001373291016,37.060001373291016,2913000
2024-01-11,36.9900016784668,37.25,36.40999984741211,36.9900016784668,36.9900016784668,2211100
2024-01-12,36.040000915527344,36.2400016784668,34.400001525878906,35.16999816894531,35.16999816894531,4429500
2024-01-16,34.79999923706055,34.849998474121094,33.77000045776367,34.41999816894531,34.41999816894531,4061300
2024-01-17,33.959999084472656,34.349998474121094,33.2400016784668,33.61000061035156,33.61000061035156,2471800
2024-01-18,33.7400016784668,34.970001220703125,33.5,34.959999084472656,34.959999084472656,2855400
2024-01-19,34.970001220703125,35.0,34.18000030517578,34.84000015258789,34.84000015258789,1858100
2024-01-22,35.27000045776367,35.54999923706055,34.779998779296875,34.83000183105469,34.83000183105469,2065400
2024-01-23,35.97999954223633,36.65999984741211,35.630001068115234,35.83000183105469,35.83000183105469,2775200
2024-01-24,36.25,36.38999938964844,35.599998474121094,35.81999969482422,35.81999969482422,2685700
2024-01-25,36.79999923706055,37.959999084472656,36.279998779296875,37.41999816894531,37.41999816894531,5021700
2024-01-26,37.130001068115234,37.31999969482422,36.63999938964844,36.77000045776367,36.77000045776367,2692200
2024-01-29,36.79999923706055,37.25,36.130001068115234,37.220001220703125,37.220001220703125,2484500
2024-01-30,36.7400016784668,37.2400016784668,36.689998626708984,36.689998626708984,36.689998626708984,1616200
2024-01-31,36.560001373291016,36.689998626708984,35.720001220703125,35.83000183105469,35.83000183105469,2165600
2024-02-01,36.11000061035156,36.41999816894531,35.310001373291016,36.2599983215332,36.2599983215332,1613300
2024-02-02,36.029998779296875,36.59000015258789,35.970001220703125,36.130001068115234,36.130001068115234,1884200
2024-02-05,35.540000915527344,35.81999969482422,35.099998474121094,35.279998779296875,35.279998779296875,1904400
2024-02-06,35.2400016784668,36.45000076293945,35.150001525878906,35.9900016784668,35.9900016784668,2352600
2024-02-07,36.0099983215332,36.209999084472656,35.540000915527344,35.599998474121094,35.599998474121094,1892600
2024-02-08,35.7400016784668,36.540000915527344,35.31999969482422,36.5099983215332,36.5099983215332,2120100
2024-02-09,36.470001220703125,37.25,36.34000015258789,37.189998626708984,37.189998626708984,2244200
2024-02-12,36.77000045776367,37.66999816894531,36.70000076293945,37.33000183105469,37.33000183105469,1781200
2024-02-13,36.470001220703125,37.02000045776367,36.130001068115234,36.56999969482422,36.56999969482422,1808000
2024-02-14,37.029998779296875,37.400001525878906,36.77000045776367,37.29999923706055,37.29999923706055,1490500
2024-02-15,37.59000015258789,38.029998779296875,37.4900016784668,37.75,37.75,1807000
2024-02-16,37.349998474121094,37.9900016784668,36.75,37.52000045776367,37.52000045776367,1951200
2024-02-20,38.130001068115234,39.689998626708984,38.06999969482422,38.91999816894531,38.91999816894531,3538900
2024-02-21,38.470001220703125,39.2400016784668,38.310001373291016,39.18000030517578,39.18000030517578,1844100
2024-02-22,39.349998474121094,40.4900016784668,39.2400016784668,39.380001068115234,39.380001068115234,2091700
2024-02-23,39.130001068115234,39.150001525878906,38.47999954223633,38.650001525878906,38.650001525878906,1874800
2024-02-26,38.68000030517578,38.970001220703125,37.630001068115234,37.709999084472656,37.709999084472656,2447400
2024-02-27,38.18000030517578,38.849998474121094,37.9900016784668,38.5,38.5,1894300
2024-02-28,37.90999984741211,38.540000915527344,37.90999984741211,38.08000183105469,38.08000183105469,1256300
2024-02-29,38.08000183105469,38.400001525878906,37.130001068115234,37.38999938964844,37.38999938964844,2646900
2024-03-01,37.369998931884766,37.43000030517578,36.779998779296875,37.0,37.0,1946300
2024-03-04,36.91999816894531,37.33000183105469,36.220001220703125,36.869998931884766,36.869998931884766,2135200
2024-03-05,36.349998474121094,37.279998779296875,36.25,37.209999084472656,37.209999084472656,1405600
2024-03-06,37.31999969482422,37.61000061035156,36.88999938964844,36.959999084472656,36.959999084472656,1493900
2024-03-07,37.0099983215332,37.369998931884766,36.650001525878906,37.279998779296875,37.279998779296875,2564200
2024-03-08,37.54999923706055,37.619998931884766,36.29999923706055,36.59000015258789,36.59000015258789,1962900
2024-03-11,36.5,37.43000030517578,36.0,37.36000061035156,37.36000061035156,2116400
2024-03-12,37.540000915527344,38.86000061035156,37.27000045776367,38.61000061035156,38.61000061035156,4277200
2024-03-13,38.41999816894531,39.369998931884766,38.09000015258789,39.369998931884766,39.369998931884766,2963800
2024-03-14,39.18000030517578,39.279998779296875,37.97999954223633,38.15999984741211,38.15999984741211,2171000
2024-03-15,38.16999816894531,38.59000015258789,37.779998779296875,38.18000030517578,38.18000030517578,2906700
2024-03-18,38.18000030517578,38.400001525878906,37.58000183105469,38.209999084472656,38.209999084472656,1970900
2024-03-19,38.119998931884766,38.439998626708984,37.7400016784668,37.81999969482422,37.81999969482422,1835500
2024-03-20,37.88999938964844,38.790000915527344,37.66999816894531,38.779998779296875,38.779998779296875,2180200
2024-03-21,39.09000015258789,39.880001068115234,38.72999954223633,39.7599983215332,39.7599983215332,2569300
2024-03-22,39.79999923706055,39.959999084472656,39.41999816894531,39.560001373291016,39.560001373291016,1262300
2024-03-25,39.400001525878906,39.7599983215332,39.15999984741211,39.68000030517578,39.68000030517578,1556300
2024-03-26,39.869998931884766,40.439998626708984,39.689998626708984,39.869998931884766,39.869998931884766,2095300
2024-03-27,40.20000076293945,42.25,40.09000015258789,42.0099983215332,42.0099983215332,3014500
2024-03-28,42.029998779296875,43.27000045776367,41.970001220703125,42.9900016784668,42.9900016784668,3311000
2024-04-01,43.400001525878906,43.959999084472656,43.0099983215332,43.06999969482422,43.06999969482422,3213300
2024-04-02,42.25,42.27000045776367,41.540000915527344,42.060001373291016,42.060001373291016,2062300
2024-04-03,42.0,42.189998626708984,41.41999816894531,41.880001068115234,41.880001068115234,1855400
2024-04-04,42.130001068115234,44.290000915527344,41.630001068115234,41.7599983215332,41.7599983215332,3715700
2024-04-05,41.689998626708984,42.63999938964844,41.439998626708984,42.47999954223633,42.47999954223633,2763200
2024-04-08,42.720001220703125,43.540000915527344,42.5,42.58000183105469,42.58000183105469,2114100
2024-04-09,42.86000061035156,43.18000030517578,42.400001525878906,43.0099983215332,43.0099983215332,1814200
2024-04-10,42.630001068115234,43.27000045776367,41.54999923706055,41.959999084472656,41.959999084472656,2318100
2024-04-11,42.099998474121094,42.720001220703125,41.77000045776367,42.66999816894531,42.66999816894531,1828400
2024-04-12,41.90999984741211,42.02000045776367,41.04999923706055,41.29999923706055,41.29999923706055,1861700
2024-04-15,41.540000915527344,42.029998779296875,40.66999816894531,40.97999954223633,40.97999954223633,1866000
2024-04-16,40.790000915527344,41.2400016784668,40.06999969482422,40.79999923706055,40.79999923706055,1942300
2024-04-17,41.779998779296875,42.95000076293945,41.29999923706055,42.720001220703125,42.720001220703125,4534100
2024-04-18,44.119998931884766,45.7599983215332,43.2400016784668,44.439998626708984,44.439998626708984,5593400
2024-04-19,44.77000045776367,45.75,44.63999938964844,45.0099983215332,45.0099983215332,3135200
2024-04-22,45.2400016784668,46.150001525878906,45.06999969482422,45.529998779296875,45.529998779296875,2634800
2024-04-23,44.68000030517578,46.119998931884766,44.599998474121094,45.08000183105469,45.08000183105469,2105400
2024-04-24,44.880001068115234,45.02000045776367,43.91999816894531,44.22999954223633,44.22999954223633,1992300
2024-04-25,43.70000076293945,44.79999923706055,42.959999084472656,44.54999923706055,44.54999923706055,2790300
2024-04-26,44.66999816894531,44.7400016784668,43.40999984741211,43.959999084472656,43.959999084472656,2032400
2024-04-29,43.86000061035156,44.439998626708984,43.79999923706055,44.09000015258789,44.09000015258789,1609300
2024-04-30,43.70000076293945,44.130001068115234,42.97999954223633,43.02000045776367,43.02000045776367,1671800
2024-05-01,42.9900016784668,43.11000061035156,42.11000061035156,42.18000030517578,42.18000030517578,1675000
2024-05-02,42.900001525878906,42.900001525878906,42.20000076293945,42.70000076293945,42.70000076293945,1992500
2024-05-03,43.0,43.20000076293945,42.61000061035156,42.68000030517578,42.68000030517578,1858500
2024-05-06,43.029998779296875,44.29999923706055,42.630001068115234,43.849998474121094,43.849998474121094,1451800
2024-05-07,43.54999923706055,43.869998931884766,43.040000915527344,43.16999816894531,43.16999816894531,1352400
2024-05-08,42.95000076293945,43.470001220703125,42.790000915527344,43.290000915527344,43.290000915527344,1171600
2024-05-09,43.150001525878906,43.880001068115234,42.7599983215332,43.86000061035156,43.86000061035156,1791900
2024-05-10,43.9900016784668,44.220001220703125,43.310001373291016,43.7599983215332,43.7599983215332,1202300
2024-05-13,43.77000045776367,44.7400016784668,43.77000045776367,43.869998931884766,43.869998931884766,1767300
2024-05-14,44.0,44.41999816894531,43.59000015258789,43.779998779296875,43.779998779296875,1209600
2024-05-15,43.90999984741211,44.0099983215332,43.290000915527344,43.47999954223633,43.47999954223633,1155300
2024-05-16,43.599998474121094,43.75,43.02000045776367,43.279998779296875,43.279998779296875,1167300
2024-05-17,43.68000030517578,44.18000030517578,43.209999084472656,43.290000915527344,43.290000915527344,1686900
2024-05-20,43.220001220703125,44.130001068115234,43.220001220703125,43.88999938964844,43.88999938964844,1392800
2024-05-21,43.75,44.0099983215332,43.59000015258789,43.75,43.75,1216700
2024-05-22,43.709999084472656,44.27000045776367,43.369998931884766,43.599998474121094,43.599998474121094,1133100
2024-05-23,43.81999969482422,43.81999969482422,41.939998626708984,42.349998474121094,42.349998474121094,1581300
2024-05-24,42.619998931884766,42.88999938964844,42.29999923706055,42.70000076293945,42.70000076293945,1018300
2024-05-28,42.529998779296875,42.599998474121094,41.52000045776367,41.7400016784668,41.7400016784668,1322100
2024-05-29,40.61000061035156,41.33000183105469,39.20000076293945,40.650001525878906,40.650001525878906,2842100
2024-05-30,40.7400016784668,41.34000015258789,40.529998779296875,41.18000030517578,41.18000030517578,1589800
2024-05-31,41.560001373291016,42.099998474121094,41.369998931884766,42.02000045776367,42.02000045776367,1891100
2024-06-03,42.58000183105469,42.86000061035156,41.779998779296875,41.93000030517578,41.93000030517578,1644000
2024-06-04,41.650001525878906,42.45000076293945,41.560001373291016,41.7599983215332,41.7599983215332,1805700
2024-06-05,41.849998474121094,41.959999084472656,41.33000183105469,41.45000076293945,41.45000076293945,1369000
2024-06-06,41.45000076293945,42.02000045776367,40.90999984741211,40.97999954223633,40.97999954223633,1204700
2024-06-07,40.560001373291016,40.91999816894531,40.5,40.7400016784668,40.7400016784668,2090000
2024-06-10,40.459999084472656,41.380001068115234,40.0099983215332,41.349998474121094,41.349998474121094,2701300
2024-06-11,41.119998931884766,41.119998931884766,40.09000015258789,40.2400016784668,40.2400016784668,1024300
2024-06-12,40.650001525878906,42.029998779296875,40.650001525878906,41.5099983215332,41.5099983215332,1649100
2024-06-13,41.41999816894531,41.41999816894531,40.439998626708984,41.0099983215332,41.0099983215332,1744700
2024-06-14,40.33000183105469,40.47999954223633,39.209999084472656,40.33000183105469,40.33000183105469,1969700
2024-06-17,40.08000183105469,41.25,39.91999816894531,41.150001525878906,41.150001525878906,1524900
2024-06-18,41.2400016784668,41.58000183105469,40.650001525878906,41.5099983215332,41.5099983215332,1486900
2024-06-20,41.27000045776367,41.91999816894531,41.119998931884766,41.34000015258789,41.34000015258789,1272300
2024-06-21,41.33000183105469,41.34000015258789,40.72999954223633,41.18000030517578,41.18000030517578,2201700
2024-06-24,41.45000076293945,41.97999954223633,41.189998626708984,41.810001373291016,41.810001373291016,1275000
2024-06-25,41.84000015258789,41.86000061035156,40.7599983215332,40.81999969482422,40.81999969482422,1332100
2024-06-26,40.16999816894531,40.91999816894531,39.68000030517578,40.68000030517578,40.68000030517578,1541100
2024-06-27,40.470001220703125,41.02000045776367,40.470001220703125,40.7599983215332,40.7599983215332,1548300
2024-06-28,41.0,41.060001373291016,40.11000061035156,40.400001525878906,40.400001525878906,2180000
2024-07-01,40.56999969482422,40.619998931884766,39.45000076293945,40.09000015258789,40.09000015258789,1549500
2024-07-02,40.060001373291016,40.20000076293945,39.380001068115234,39.72999954223633,39.72999954223633,1898300
2024-07-03,40.0,40.290000915527344,39.54999923706055,40.290000915527344,40.290000915527344,980700
2024-07-05,39.70000076293945,39.779998779296875,38.29999923706055,38.33000183105469,38.33000183105469,2395800
2024-07-08,38.619998931884766,38.90999984741211,38.13999938964844,38.16999816894531,38.16999816894531,1396900
2024-07-09,37.93000030517578,38.09000015258789,37.2599983215332,37.38999938964844,37.38999938964844,2944800
2024-07-10,37.939998626708984,38.0099983215332,36.97999954223633,37.06999969482422,37.06999969482422,2494500
2024-07-11,35.7400016784668,37.939998626708984,35.310001373291016,37.90999984741211,37.90999984741211,2620900
2024-07-12,38.0,38.45000076293945,37.61000061035156,38.40999984741211,38.40999984741211,2325700
2024-07-15,38.5099983215332,38.849998474121094,38.04999923706055,38.45000076293945,38.45000076293945,2177900
2024-07-16,38.56999969482422,40.650001525878906,38.5099983215332,40.5,40.5,2127700
2024-07-17,39.900001525878906,40.540000915527344,39.72999954223633,40.029998779296875,40.029998779296875,2462100
2024-07-18,38.47999954223633,39.04999923706055,36.68000030517578,37.25,37.25,5556700
2024-07-19,36.97999954223633,38.18000030517578,36.58000183105469,37.93000030517578,37.93000030517578,3102500
2024-07-22,37.4900016784668,38.880001068115234,37.27000045776367,38.72999954223633,38.72999954223633,2292500
2024-07-23,39.11000061035156,39.27000045776367,37.93000030517578,38.060001373291016,38.060001373291016,3856800
2024-07-24,38.06999969482422,38.81999969482422,37.7599983215332,37.84000015258789,37.84000015258789,1739800
2024-07-25,37.7599983215332,39.11000061035156,37.7400016784668,38.68000030517578,38.68000030517578,1929700
2024-07-26,39.189998626708984,39.63999938964844,38.61000061035156,39.459999084472656,39.459999084472656,1640000
2024-07-29,39.58000183105469,39.63999938964844,38.65999984741211,38.77000045776367,38.77000045776367,1586000
2024-07-30,39.02000045776367,39.59000015258789,38.47999954223633,38.529998779296875,38.529998779296875,2100100
2024-07-31,38.58000183105469,38.75,37.470001220703125,37.529998779296875,37.529998779296875,2662700
2024-08-01,37.7400016784668,38.0,36.0099983215332,36.34000015258789,36.34000015258789,1953800
2024-08-02,35.38999938964844,35.560001373291016,34.47999954223633,34.529998779296875,34.529998779296875,2056400
2024-08-05,32.75,33.599998474121094,32.66999816894531,32.91999816894531,32.91999816894531,2560000
2024-08-06,33.220001220703125,34.08000183105469,32.619998931884766,33.599998474121094,33.599998474121094,2883100
2024-08-07,34.18000030517578,34.400001525878906,33.40999984741211,33.5,33.5,1622500
2024-08-08,33.7400016784668,34.599998474121094,33.7400016784668,34.560001373291016,34.560001373291016,1446000
2024-08-09,34.619998931884766,34.900001525878906,34.43000030517578,34.68000030517578,34.68000030517578,1753300
2024-08-12,34.619998931884766,34.97999954223633,34.47999954223633,34.59000015258789,34.59000015258789,1721900
2024-08-13,34.75,35.619998931884766,34.599998474121094,35.4900016784668,35.4900016784668,2271600
2024-08-14,35.630001068115234,35.77000045776367,34.70000076293945,34.77000045776367,34.77000045776367,1773100
2024-08-15,35.5099983215332,35.90999984741211,35.04999923706055,35.29999923706055,35.29999923706055,2981500
2024-08-16,35.130001068115234,35.459999084472656,34.7599983215332,34.779998779296875,34.779998779296875,2506500
2024-08-19,35.04999923706055,35.13999938964844,34.81999969482422,34.959999084472656,34.959999084472656,1687000
2024-08-20,35.0,35.2400016784668,34.650001525878906,34.970001220703125,34.970001220703125,3991400
2024-08-21,35.18000030517578,35.290000915527344,34.84000015258789,34.9900016784668,34.9900016784668,2219400
2024-08-22,34.90999984741211,35.0,34.439998626708984,34.529998779296875,34.529998779296875,2066100
2024-08-23,34.709999084472656,35.86000061035156,34.599998474121094,35.720001220703125,35.720001220703125,2164300
2024-08-26,35.86000061035156,36.11000061035156,35.27000045776367,35.279998779296875,35.279998779296875,2583400
2024-08-27,35.43000030517578,36.02000045776367,35.06999969482422,35.779998779296875,35.779998779296875,2481100
2024-08-28,35.83000183105469,36.099998474121094,35.38999938964844,35.75,35.75,2138500
2024-08-29,35.90999984741211,36.18000030517578,35.66999816894531,35.79999923706055,35.79999923706055,1722700
2024-08-30,35.939998626708984,36.279998779296875,35.849998474121094,36.11000061035156,36.11000061035156,1956700
2024-09-03,35.849998474121094,36.54999923706055,35.7599983215332,35.900001525878906,35.900001525878906,1969100
2024-09-04,35.779998779296875,36.59000015258789,35.77000045776367,36.119998931884766,36.119998931884766,1494100
2024-09-05,36.439998626708984,39.2400016784668,36.439998626708984,37.81999969482422,37.81999969482422,4269800
2024-09-06,37.68000030517578,38.2599983215332,37.0,37.59000015258789,37.59000015258789,1761100
2024-09-09,38.06999969482422,39.84000015258789,37.84000015258789,39.79999923706055,39.79999923706055,3291200
2024-09-10,39.97999954223633,40.0,39.150001525878906,39.79999923706055,39.79999923706055,2338200
2024-09-11,39.79999923706055,39.83000183105469,38.9900016784668,39.4900016784668,39.4900016784668,1613300
2024-09-12,40.939998626708984,40.939998626708984,38.970001220703125,39.95000076293945,39.95000076293945,3700900
2024-09-13,40.9900016784668,42.04999923706055,40.619998931884766,41.63999938964844,41.63999938964844,3824600
2024-09-16,41.68000030517578,41.7599983215332,41.06999969482422,41.34000015258789,41.34000015258789,1693000
2024-09-17,41.959999084472656,42.279998779296875,40.790000915527344,40.97999954223633,40.97999954223633,2986800
2024-09-18,41.08000183105469,41.119998931884766,39.63999938964844,39.7599983215332,39.7599983215332,3442600
2024-09-19,40.630001068115234,40.90999984741211,39.380001068115234,39.560001373291016,39.560001373291016,2475700
2024-09-20,39.31999969482422,40.060001373291016,39.099998474121094,40.02000045776367,40.02000045776367,3347400
2024-09-23,40.0099983215332,42.02000045776367,39.91999816894531,41.689998626708984,41.689998626708984,2914700
2024-09-24,42.15999984741211,42.45000076293945,41.13999938964844,41.619998931884766,41.619998931884766,3213100
2024-09-25,42.040000915527344,42.810001373291016,41.630001068115234,42.45000076293945,42.45000076293945,2899800
2024-09-26,43.290000915527344,44.5,43.290000915527344,44.45000076293945,44.45000076293945,3544300
2024-09-27,44.689998626708984,45.209999084472656,44.459999084472656,45.0,45.0,3552000
2024-09-30,44.279998779296875,45.56999969482422,44.13999938964844,45.209999084472656,45.209999084472656,2585300
2024-10-01,45.060001373291016,45.189998626708984,44.25,45.11000061035156,45.11000061035156,2404300
2024-10-02,44.709999084472656,44.77000045776367,43.93000030517578,44.16999816894531,44.16999816894531,1457200
2024-10-03,44.029998779296875,44.18000030517578,42.41999816894531,42.68000030517578,42.68000030517578,2470000
2024-10-04,43.36000061035156,43.93000030517578,41.720001220703125,42.47999954223633,42.47999954223633,3472900
2024-10-07,42.4900016784668,42.66999816894531,41.7400016784668,42.540000915527344,42.540000915527344,1950700
2024-10-08,42.61000061035156,43.349998474121094,42.470001220703125,42.7400016784668,42.7400016784668,2464300
2024-10-09,42.95000076293945,43.65999984741211,42.650001525878906,42.79999923706055,42.79999923706055,1435800
2024-10-10,42.40999984741211,43.2400016784668,42.290000915527344,42.959999084472656,42.959999084472656,2434700
2024-10-11,42.88999938964844,44.7400016784668,42.849998474121094,44.630001068115234,44.630001068115234,2684000
2024-10-14,44.70000076293945,44.939998626708984,44.16999816894531,44.689998626708984,44.689998626708984,2429200
2024-10-15,45.0,46.279998779296875,45.0,45.400001525878906,45.400001525878906,2025400
2024-10-16,45.77000045776367,46.869998931884766,45.599998474121094,46.38999938964844,46.38999938964844,2602100
2024-10-17,46.529998779296875,46.529998779296875,45.279998779296875,45.650001525878906,45.650001525878906,1714400
2024-10-18,45.06999969482422,45.54999923706055,44.720001220703125,44.939998626708984,44.939998626708984,1816500
2024-10-21,45.02000045776367,46.25,45.02000045776367,46.040000915527344,46.040000915527344,3372900
2024-10-22,46.040000915527344,46.040000915527344,45.4900016784668,45.97999954223633,45.97999954223633,1639800
2024-10-23,45.619998931884766,45.970001220703125,45.310001373291016,45.83000183105469,45.83000183105469,1922100
2024-10-24,46.0,46.619998931884766,45.209999084472656,45.61000061035156,45.61000061035156,2128600
2024-10-25,45.83000183105469,45.970001220703125,45.290000915527344,45.540000915527344,45.540000915527344,1356900
2024-10-28,46.970001220703125,47.45000076293945,46.75,47.099998474121094,47.099998474121094,1836200
2024-10-29,46.36000061035156,47.40999984741211,46.29999923706055,46.93000030517578,46.93000030517578,1928900
2024-10-30,46.599998474121094,47.459999084472656,46.5,47.27000045776367,47.27000045776367,1878900
2024-10-31,47.25,50.15999984741211,47.209999084472656,47.90999984741211,47.90999984741211,4086600
2024-11-01,48.63999938964844,49.349998474121094,48.060001373291016,49.22999954223633,49.22999954223633,3632300
