Date,Adj Close,Close,High,Low,Open,Volume
2020-07-29,13.34443473815918,18.950000762939453,19.799999237060547,18.809999465942383,19.799999237060547,1742100
2020-07-30,13.330345153808594,18.93000030517578,19.131000518798828,18.600000381469727,19.0,205300
2020-07-31,13.830327033996582,19.639999389648438,19.652999877929688,18.899999618530273,18.950000762939453,328200
2020-08-03,13.548646926879883,19.239999771118164,19.6299991607666,19.09000015258789,19.6299991607666,63300
2020-08-04,13.735258102416992,19.5049991607666,19.541000366210938,19.229999542236328,19.229999542236328,61000
2020-08-05,13.62611198425293,19.350000381469727,19.399999618530273,19.149999618530273,19.399999618530273,27300
2020-08-06,13.661324501037598,19.399999618530273,19.399999618530273,19.149999618530273,19.280000686645508,20400
2020-08-07,13.696527481079102,19.450000762939453,19.5,19.450000762939453,19.489999771118164,37000
2020-08-10,13.731739044189453,19.5,19.5,19.399999618530273,19.5,18600
2020-08-11,13.731739044189453,19.5,19.5,19.299999237060547,19.5,18100
2020-08-12,13.721179962158203,19.485000610351562,19.489999771118164,19.39699935913086,19.479999542236328,12800
2020-08-13,13.795116424560547,19.59000015258789,19.600000381469727,19.399999618530273,19.479999542236328,64300
2020-08-14,13.724695205688477,19.489999771118164,19.59000015258789,19.3439998626709,19.59000015258789,13300
2020-08-17,13.661324501037598,19.399999618530273,19.459999084472656,19.34000015258789,19.450000762939453,27500
2020-08-18,13.661324501037598,19.399999618530273,19.450000762939453,19.3799991607666,19.420000076293945,6200
2020-08-19,13.710612297058105,19.469999313354492,19.469999313354492,19.3700008392334,19.3700008392334,3400
2020-08-20,13.731739044189453,19.5,19.5,19.399999618530273,19.469999313354492,18300
2020-08-21,13.668363571166992,19.40999984741211,19.5,19.360000610351562,19.405000686645508,13300
2020-08-24,13.657796859741211,19.395000457763672,19.399999618530273,19.350000381469727,19.399999618530273,15600
2020-08-25,13.647232055664062,19.3799991607666,19.399999618530273,19.320999145507812,19.389999389648438,5500
2020-08-26,13.555689811706543,19.25,19.3799991607666,19.149999618530273,19.3799991607666,25200
2020-08-27,13.513435363769531,19.190000534057617,19.25,19.040000915527344,19.18400001525879,34100
2020-08-28,13.513435363769531,19.190000534057617,19.200000762939453,19.0,19.200000762939453,17300
2020-08-31,13.647232055664062,19.3799991607666,19.5,19.0,19.09000015258789,61800
2020-09-01,13.710612297058105,19.469999313354492,19.469999313354492,19.010000228881836,19.280000686645508,13200
2020-09-02,13.696527481079102,19.450000762939453,19.489999771118164,19.040000915527344,19.489999771118164,25400
2020-09-03,13.62611198425293,19.350000381469727,19.399999618530273,19.200000762939453,19.200000762939453,18800
2020-09-04,13.661324501037598,19.399999618530273,19.469999313354492,19.049999237060547,19.3799991607666,9000
2020-09-08,13.696527481079102,19.450000762939453,19.5,19.059999465942383,19.25,71200
2020-09-09,13.661324501037598,19.399999618530273,19.450000762939453,19.110000610351562,19.450000762939453,13400
2020-09-10,13.612030029296875,19.329999923706055,19.639999389648438,19.010000228881836,19.639999389648438,27200
2020-09-11,13.731739044189453,19.5,19.5,18.989999771118164,19.229999542236328,36200
2020-09-14,13.661324501037598,19.399999618530273,19.489999771118164,19.174999237060547,19.489999771118164,16900
2020-09-15,13.640190124511719,19.3700008392334,19.610000610351562,19.079999923706055,19.489999771118164,37700
2020-09-16,13.654277801513672,19.389999389648438,19.579999923706055,19.075000762939453,19.579999923706055,17700
2020-09-17,13.52048110961914,19.200000762939453,19.299999237060547,19.18899917602539,19.260000228881836,9800
2020-09-18,13.414856910705566,19.049999237060547,19.3799991607666,19.0,19.100000381469727,25800
2020-09-21,13.478228569030762,19.139999389648438,19.290000915527344,19.0,19.0,7200
2020-09-22,12.71770191192627,18.059999465942383,19.12700080871582,17.920000076293945,19.12700080871582,28500
2020-09-23,12.0628080368042,17.1299991607666,18.059999465942383,16.600000381469727,18.059999465942383,96200
2020-09-24,12.358566284179688,17.549999237060547,17.549999237060547,16.6200008392334,17.1200008392334,44100
2020-09-25,12.147308349609375,17.25,17.639999389648438,16.820999145507812,17.549999237060547,29300
2020-09-28,12.344483375549316,17.530000686645508,17.6200008392334,17.25,17.25,21600
2020-09-29,12.22476863861084,17.360000610351562,17.538999557495117,17.25,17.534000396728516,11900
2020-09-30,12.330398559570312,17.510000228881836,17.690000534057617,17.350000381469727,17.40999984741211,18100
2020-10-01,11.988871574401855,16.920000076293945,17.549999237060547,16.920000076293945,17.549999237060547,44200
2020-10-02,12.080986976623535,17.049999237060547,17.18000030517578,16.93000030517578,16.969999313354492,13500
2020-10-05,12.045552253723145,17.0,17.100000381469727,16.889999389648438,17.010000228881836,19900
2020-10-06,12.187267303466797,17.200000762939453,17.399999618530273,17.149999618530273,17.149999618530273,25800
2020-10-07,12.052637100219727,17.010000228881836,17.299999237060547,16.899999618530273,17.299999237060547,48300
2020-10-08,12.045552253723145,17.0,17.229999542236328,16.799999237060547,17.15999984741211,21500
2020-10-09,11.981786727905273,16.90999984741211,17.100000381469727,16.75,17.049999237060547,36500
2020-10-12,12.109326362609863,17.09000015258789,17.18000030517578,16.940000534057617,16.950000762939453,57600
2020-10-13,12.080986976623535,17.049999237060547,17.100000381469727,16.780000686645508,17.059999465942383,47200
2020-10-14,12.25103759765625,17.290000915527344,17.360000610351562,16.950000762939453,17.0,69600
2020-10-15,12.052637100219727,17.010000228881836,17.299999237060547,16.950000762939453,17.299999237060547,53100
2020-10-16,11.93927001953125,16.850000381469727,17.190000534057617,16.809999465942383,17.100000381469727,47100
2020-10-19,11.861328125,16.739999771118164,16.950000762939453,16.719999313354492,16.940000534057617,34900
2020-10-20,11.825901985168457,16.690000534057617,16.950000762939453,16.639999389648438,16.84000015258789,39600
2020-10-21,11.868413925170898,16.75,16.81999969482422,16.649999618530273,16.81999969482422,25400
2020-10-22,12.052637100219727,17.010000228881836,17.010000228881836,16.790000915527344,16.790000915527344,47800
2020-10-23,12.116410255432129,17.100000381469727,17.15999984741211,17.0,17.139999389648438,26900
2020-10-26,12.080986976623535,17.049999237060547,17.09000015258789,16.780000686645508,17.0,24600
2020-10-27,12.003042221069336,16.940000534057617,17.049999237060547,16.889999389648438,17.040000915527344,24200
2020-10-28,11.74087142944336,16.56999969482422,16.969999313354492,16.56999969482422,16.770000457763672,22900
2020-10-29,11.832988739013672,16.700000762939453,16.72100067138672,16.5,16.600000381469727,48100
2020-10-30,11.627501487731934,16.40999984741211,16.773000717163086,16.389999389648438,16.700000762939453,40000
2020-11-02,11.57614803314209,16.229999542236328,16.59000015258789,16.209999084472656,16.5,35400
2020-11-03,11.73306655883789,16.450000762939453,16.540000915527344,16.389999389648438,16.389999389648438,17700
2020-11-04,11.66174030303955,16.350000381469727,16.600000381469727,16.280000686645508,16.43000030517578,30100
2020-11-05,11.861448287963867,16.6299991607666,16.690000534057617,16.40999984741211,16.40999984741211,51900
2020-11-06,11.818655967712402,16.56999969482422,16.81999969482422,16.549999237060547,16.709999084472656,34700
2020-11-09,12.0682954788208,16.920000076293945,17.299999237060547,16.75,16.899999618530273,72400
2020-11-10,12.196680068969727,17.100000381469727,17.200000762939453,16.940000534057617,17.049999237060547,72600
2020-11-11,12.203816413879395,17.110000610351562,17.329999923706055,17.06999969482422,17.06999969482422,87200
2020-11-12,12.232344627380371,17.149999618530273,17.15999984741211,16.860000610351562,17.09000015258789,64300
2020-11-13,12.510519027709961,17.540000915527344,17.540000915527344,17.1299991607666,17.1299991607666,58700
2020-11-16,12.974132537841797,18.190000534057617,18.700000762939453,17.524999618530273,17.770000457763672,71100
2020-11-17,13.073988914489746,18.329999923706055,18.67799949645996,18.100000381469727,18.100000381469727,71400
2020-11-18,13.345023155212402,18.709999084472656,18.770000457763672,18.350000381469727,18.350000381469727,54800
2020-11-19,13.302225112915039,18.649999618530273,18.760000228881836,18.510000228881836,18.6200008392334,43400
2020-11-20,12.788687705993652,17.93000030517578,18.93000030517578,17.674999237060547,18.93000030517578,141100
2020-11-23,12.867143630981445,18.040000915527344,18.649999618530273,17.760000228881836,18.649999618530273,111100
2020-11-24,12.88140869140625,18.059999465942383,18.100000381469727,17.780000686645508,17.899999618530273,408600
2020-11-25,12.952733039855957,18.15999984741211,18.18000030517578,18.049999237060547,18.110000610351562,37700
2020-11-27,12.90280818939209,18.09000015258789,18.520000457763672,18.09000015258789,18.09000015258789,17800
2020-11-30,12.917070388793945,18.110000610351562,18.290000915527344,18.035999298095703,18.110000610351562,43500
2020-12-01,13.06273078918457,18.204999923706055,18.329999923706055,17.940000534057617,17.940000534057617,37000
2020-12-02,13.231348991394043,18.440000534057617,18.451000213623047,18.010000228881836,18.010000228881836,48400
2020-12-03,13.317451477050781,18.559999465942383,18.719999313354492,18.309999465942383,18.309999465942383,36500
2020-12-04,13.575769424438477,18.920000076293945,18.920000076293945,18.600000381469727,18.600000381469727,40700
2020-12-07,13.518362998962402,18.84000015258789,18.950000762939453,18.600000381469727,18.719999313354492,29300
2020-12-08,13.496832847595215,18.809999465942383,18.850000381469727,18.729999542236328,18.729999542236328,26500
2020-12-09,13.389209747314453,18.65999984741211,18.969999313354492,18.6299991607666,18.809999465942383,23800
2020-12-10,13.525543212890625,18.850000381469727,18.8700008392334,18.73900032043457,18.799999237060547,22900
2020-12-11,13.453790664672852,18.75,18.989999771118164,18.697999954223633,18.770000457763672,30600
2020-12-14,13.590118408203125,18.940000534057617,19.0,18.600000381469727,18.75,75100
2020-12-15,13.661872863769531,19.040000915527344,19.110000610351562,18.899999618530273,18.899999618530273,49400
2020-12-16,13.554240226745605,18.889999389648438,19.104000091552734,18.700000762939453,19.100000381469727,28500
2020-12-17,13.525543212890625,18.850000381469727,19.25,18.799999237060547,18.829999923706055,35600
2020-12-18,13.511191368103027,18.829999923706055,19.75,18.700000762939453,18.881999969482422,28500
2020-12-21,13.776679992675781,19.200000762939453,19.690000534057617,18.63599967956543,19.059999465942383,90700
2020-12-22,13.625996589660645,18.989999771118164,19.549999237060547,18.75,19.549999237060547,45400
2020-12-23,13.618821144104004,18.979999542236328,19.190000534057617,18.709999084472656,18.989999771118164,33500
2020-12-24,13.683404922485352,19.06999969482422,19.190000534057617,19.020000457763672,19.190000534057617,12700
2020-12-28,13.568591117858887,18.90999984741211,19.163000106811523,18.8700008392334,19.079999923706055,29200
2020-12-29,13.690577507019043,19.079999923706055,19.200000762939453,18.969999313354492,18.979999542236328,24800
2020-12-30,13.625996589660645,18.989999771118164,19.290000915527344,18.93000030517578,19.0,36300
2020-12-31,13.281577110290527,18.510000228881836,19.25,18.5,19.059999465942383,75300
2021-01-04,13.260051727294922,18.479999542236328,18.910999298095703,18.25,18.65999984741211,33500
2021-01-05,13.317451477050781,18.559999465942383,18.687000274658203,18.3700008392334,18.479999542236328,33600
2021-01-06,13.568591117858887,18.90999984741211,18.989999771118164,18.549999237060547,18.549999237060547,33900
2021-01-07,13.977587699890137,19.479999542236328,19.489999771118164,18.91699981689453,19.170000076293945,45300
2021-01-08,14.13544750213623,19.700000762939453,19.75,19.354000091552734,19.639999389648438,53700
2021-01-11,14.128271102905273,19.690000534057617,19.700000762939453,19.3799991607666,19.700000762939453,43700
2021-01-12,14.23590087890625,19.84000015258789,19.959999084472656,19.530000686645508,19.59000015258789,30100
2021-01-13,14.264602661132812,19.8799991607666,20.049999237060547,19.743999481201172,20.010000228881836,23400
2021-01-14,14.379405975341797,20.040000915527344,20.639999389648438,19.799999237060547,20.639999389648438,29500
2021-01-15,14.34711742401123,19.9950008392334,20.209999084472656,19.764999389648438,19.940000534057617,18800
2021-01-19,14.192843437194824,19.780000686645508,20.5,19.729999542236328,20.5,23800
2021-01-20,14.314827919006348,19.950000762939453,20.365999221801758,19.75,20.0,22400
2021-01-21,14.353068351745605,19.895000457763672,20.260000228881836,19.65999984741211,20.049999237060547,34000
2021-01-22,14.378320693969727,19.93000030517578,19.97100067138672,19.639999389648438,19.65999984741211,34100
2021-01-25,14.342248916625977,19.8799991607666,19.979999542236328,19.739999771118164,19.93000030517578,18900
2021-01-26,14.096954345703125,19.540000915527344,20.0,19.200000762939453,20.0,39100
2021-01-27,14.010381698608398,19.420000076293945,19.969999313354492,18.95800018310547,19.969999313354492,15900
2021-01-28,13.902167320251465,19.270000457763672,19.899999618530273,19.0,19.899999618530273,19500
2021-01-29,13.880525588989258,19.239999771118164,19.790000915527344,19.149999618530273,19.790000915527344,29300
2021-02-01,14.270100593566895,19.780000686645508,19.799999237060547,19.299999237060547,19.790000915527344,22100
2021-02-02,14.594749450683594,20.229999542236328,20.239999771118164,19.610000610351562,19.899999618530273,42900
2021-02-03,14.52981948852539,20.139999389648438,20.25,19.76099967956543,20.25,32600
2021-02-04,14.544245719909668,20.15999984741211,20.239999771118164,19.940000534057617,20.020000457763672,20800
2021-02-05,14.518997192382812,20.125,20.218000411987305,20.0,20.030000686645508,13500
2021-02-08,14.601963996887207,20.239999771118164,20.350000381469727,19.899999618530273,20.100000381469727,50700
2021-02-09,14.464889526367188,20.049999237060547,20.5,19.974000930786133,20.389999389648438,15900
2021-02-10,14.421608924865723,19.989999771118164,20.049999237060547,19.850000381469727,20.010000228881836,16000
2021-02-11,14.450462341308594,20.030000686645508,20.049999237060547,19.895999908447266,20.049999237060547,11300
2021-02-12,14.371100425720215,19.920000076293945,20.040000915527344,19.5,19.989999771118164,24600
2021-02-16,14.472101211547852,20.059999465942383,20.260000228881836,19.834999084472656,19.979999542236328,8700
2021-02-17,14.415830612182617,19.98200035095215,20.0,19.81999969482422,19.81999969482422,7200
2021-02-18,14.115531921386719,19.459999084472656,19.989999771118164,19.459999084472656,19.725000381469727,13900
2021-02-19,14.144540786743164,19.5,20.290000915527344,19.40999984741211,19.700000762939453,8000
2021-02-22,13.789117813110352,19.010000228881836,19.600000381469727,19.010000228881836,19.600000381469727,22200
2021-02-23,13.774615287780762,18.989999771118164,19.665000915527344,18.809999465942383,19.25,33100
2021-02-24,13.941442489624023,19.219999313354492,19.360000610351562,19.0,19.09000015258789,27500
2021-02-25,13.84134578704834,19.082000732421875,19.18000030517578,18.889999389648438,19.1200008392334,18500
2021-02-26,13.803627967834473,19.030000686645508,19.8799991607666,19.0,19.8799991607666,14500
2021-03-01,14.108278274536133,19.450000762939453,19.6299991607666,19.22599983215332,19.6299991607666,9400
2021-03-02,14.144540786743164,19.5,19.52899932861328,19.399999618530273,19.399999618530273,8800
2021-03-03,14.028489112854004,19.34000015258789,19.639999389648438,19.149999618530273,19.40999984741211,13700
2021-03-04,13.950142860412598,19.23200035095215,19.399999618530273,19.219999313354492,19.239999771118164,7800
2021-03-05,13.905172348022461,19.170000076293945,19.469999313354492,19.049999237060547,19.469999313354492,4300
2021-03-08,13.905172348022461,19.170000076293945,19.34000015258789,18.959999084472656,18.959999084472656,12600
2021-03-09,14.057501792907715,19.3799991607666,19.409000396728516,19.15999984741211,19.350000381469727,7000
2021-03-10,14.01180362701416,19.316999435424805,19.399999618530273,19.15999984741211,19.209999084472656,16900
2021-03-11,14.028489112854004,19.34000015258789,19.5,19.270000457763672,19.270000457763672,17800
2021-03-12,14.07201099395752,19.399999618530273,19.5,19.200000762939453,19.200000762939453,17000
2021-03-15,14.059679985046387,19.382999420166016,19.459999084472656,19.350000381469727,19.420000076293945,10800
2021-03-16,14.079262733459473,19.40999984741211,19.540000915527344,19.200000762939453,19.540000915527344,20200
2021-03-17,14.470963478088379,19.950000762939453,20.489999771118164,19.253000259399414,19.3700008392334,18400
2021-03-18,14.115531921386719,19.459999084472656,19.729999542236328,19.40999984741211,19.729999542236328,11000
2021-03-19,14.25334644317627,19.649999618530273,19.899999618530273,19.209999084472656,19.899999618530273,15700
2021-03-22,14.245372772216797,19.638999938964844,19.690000534057617,19.5,19.690000534057617,6100
2021-03-23,14.186290740966797,19.450000762939453,19.979999542236328,18.920000076293945,19.389999389648438,18500
2021-03-24,14.113354682922363,19.350000381469727,19.5,19.049999237060547,19.100000381469727,18500
2021-03-25,14.222759246826172,19.5,19.5,18.75,19.200000762939453,31200
2021-03-26,14.106060981750488,19.34000015258789,19.739999771118164,18.899999618530273,19.5,22700
2021-03-29,14.127943992614746,19.3700008392334,19.739999771118164,19.0,19.34000015258789,16200
2021-03-30,14.359879493713379,19.687999725341797,19.695999145507812,19.43199920654297,19.43199920654297,14200
2021-03-31,14.587446212768555,20.0,20.0,19.479999542236328,19.75,36400
2021-04-01,14.56556510925293,19.969999313354492,20.200000762939453,19.90999984741211,20.0,19300
2021-04-05,14.390512466430664,19.729999542236328,20.479999542236328,19.600000381469727,19.959999084472656,34300
2021-04-06,14.587446212768555,20.0,20.489999771118164,19.760000228881836,19.760000228881836,24300
2021-04-07,14.602032661437988,20.020000457763672,20.489999771118164,19.8799991607666,19.8799991607666,24500
2021-04-08,14.609329223632812,20.030000686645508,20.229000091552734,19.860000610351562,20.1200008392334,26400
2021-04-09,14.660381317138672,20.100000381469727,20.273000717163086,19.979999542236328,20.1299991607666,16600
2021-04-12,14.405105590820312,19.75,20.329999923706055,19.5,20.25,36900
2021-04-13,14.5254487991333,19.915000915527344,19.979999542236328,19.55299949645996,19.65999984741211,9000
2021-04-14,14.375927925109863,19.709999084472656,20.31800079345703,19.56999969482422,20.059999465942383,19800
2021-04-15,14.842729568481445,20.350000381469727,20.350000381469727,20.010000228881836,20.049999237060547,10700
2021-04-16,14.842729568481445,20.350000381469727,20.350000381469727,20.1299991607666,20.1299991607666,11700
2021-04-19,14.71873950958252,20.18000030517578,20.350000381469727,20.010000228881836,20.350000381469727,8900
2021-04-20,14.485335350036621,19.860000610351562,20.329999923706055,19.799999237060547,20.329999923706055,28000
2021-04-21,14.638503074645996,20.06999969482422,20.950000762939453,19.889999389648438,20.350000381469727,39500
2021-04-22,14.61504077911377,19.93000030517578,20.25,19.812000274658203,19.969999313354492,14400
2021-04-23,14.849703788757324,20.25,20.25,19.809999465942383,19.809999465942383,18100
2021-04-26,14.666365623474121,20.0,20.75,19.850000381469727,20.75,29500
2021-04-27,14.666365623474121,20.0,20.1200008392334,19.899999618530273,20.1200008392334,18400
2021-04-28,14.842365264892578,20.239999771118164,20.239999771118164,19.889999389648438,20.100000381469727,15200
2021-04-29,14.884167671203613,20.297000885009766,20.3799991607666,20.100000381469727,20.240999221801758,13800
2021-04-30,14.68836784362793,20.030000686645508,21.0,20.030000686645508,20.399999618530273,29100
2021-05-03,15.011026382446289,20.469999313354492,20.940000534057617,20.350000381469727,20.389999389648438,22300
2021-05-04,14.871696472167969,20.280000686645508,20.899999618530273,20.25,20.700000762939453,30000
2021-05-05,14.88636302947998,20.299999237060547,20.915000915527344,20.25,20.299999237060547,10200
2021-05-06,14.9230318069458,20.350000381469727,20.704999923706055,20.200000762939453,20.25,21300
2021-05-07,15.084360122680664,20.56999969482422,20.64699935913086,20.290000915527344,20.5,18900
2021-05-10,15.278692245483398,20.834999084472656,21.0,20.545000076293945,20.799999237060547,46800
2021-05-11,14.9230318069458,20.350000381469727,20.899999618530273,20.25,20.899999618530273,29900
2021-05-12,14.862898826599121,20.26799964904785,21.0,20.200000762939453,21.0,31300
2021-05-13,15.011026382446289,20.469999313354492,20.639999389648438,20.299999237060547,20.299999237060547,16600
2021-05-14,15.31902027130127,20.889999389648438,20.986000061035156,20.604000091552734,20.979999542236328,17300
2021-05-17,15.54635238647461,21.200000762939453,22.0,20.889999389648438,22.0,42000
2021-05-18,15.751678466796875,21.479999542236328,21.989999771118164,21.075000762939453,21.09000015258789,20600
2021-05-19,15.495018005371094,21.1299991607666,21.899999618530273,20.780000686645508,21.899999618530273,34900
2021-05-20,15.611475944519043,21.18000030517578,21.600000381469727,20.93000030517578,21.030000686645508,29400
2021-05-21,15.478800773620605,21.0,21.44499969482422,20.770000457763672,21.44499969482422,18200
2021-05-24,15.309271812438965,20.770000457763672,21.200000762939453,20.670000076293945,21.200000762939453,50400
2021-05-25,15.18397045135498,20.600000381469727,20.850000381469727,20.559999465942383,20.850000381469727,20500
2021-05-26,15.198708534240723,20.6200008392334,20.87299919128418,20.5,20.790000915527344,34700
2021-05-27,15.272419929504395,20.719999313354492,20.780000686645508,20.6200008392334,20.6200008392334,22300
2021-05-28,15.478800773620605,21.0,21.149999618530273,20.559999465942383,20.790000915527344,30700
2021-06-01,15.758896827697754,21.3799991607666,21.3799991607666,21.0,21.15999984741211,20300
2021-06-02,15.83260726928711,21.479999542236328,21.530000686645508,21.25,21.270000457763672,24800
2021-06-03,15.847344398498535,21.5,21.5,21.3700008392334,21.479999542236328,13200
2021-06-04,16.13480567932129,21.889999389648438,21.89699935913086,21.538999557495117,21.59000015258789,22700
2021-06-07,16.444385528564453,22.309999465942383,22.450000762939453,21.809999465942383,22.450000762939453,15000
2021-06-08,16.097957611083984,21.84000015258789,22.365999221801758,21.709999084472656,22.25,25300
2021-06-09,15.994765281677246,21.700000762939453,22.150999069213867,21.610000610351562,21.829999923706055,15700
2021-06-10,15.957907676696777,21.649999618530273,21.75,21.511999130249023,21.75,16500
2021-06-11,16.208518981933594,21.989999771118164,21.989999771118164,21.56999969482422,21.56999969482422,6700
2021-06-14,16.473873138427734,22.350000381469727,22.399999618530273,21.850000381469727,22.399999618530273,36400
2021-06-15,16.400163650512695,22.25,22.579999923706055,22.149999618530273,22.579999923706055,23700
2021-06-16,16.0316219329834,21.75,22.75,21.709999084472656,22.75,18900
2021-06-17,15.574628829956055,21.1299991607666,23.0,21.1200008392334,23.0,31800
2021-06-18,15.574628829956055,21.1299991607666,21.299999237060547,21.059999465942383,21.059999465942383,15700
2021-06-21,15.581997871398926,21.139999389648438,21.229999542236328,20.950000762939453,21.139999389648438,29300
2021-06-22,15.521245002746582,20.950000762939453,21.190000534057617,20.760000228881836,21.190000534057617,14400
2021-06-23,15.439748764038086,20.84000015258789,20.854000091552734,20.742000579833984,20.799999237060547,13900
2021-06-24,15.410111427307129,20.799999237060547,20.959999084472656,20.711000442504883,20.959999084472656,34300
2021-06-25,15.402706146240234,20.790000915527344,20.959999084472656,20.709999084472656,20.959999084472656,11000
2021-06-28,15.802774429321289,21.329999923706055,21.34000015258789,20.770000457763672,20.959999084472656,63900
2021-06-29,15.78054428100586,21.299999237060547,21.770000457763672,21.25,21.329999923706055,29700
2021-06-30,15.869453430175781,21.420000076293945,21.420000076293945,21.100000381469727,21.31999969482422,24400
2021-07-01,15.913908004760742,21.479999542236328,21.5,21.290000915527344,21.5,25100
2021-07-02,16.128751754760742,21.770000457763672,21.889999389648438,21.399999618530273,21.5,29100
2021-07-06,16.010221481323242,21.610000610351562,21.886999130249023,21.33799934387207,21.65999984741211,53300
2021-07-07,15.928722381591797,21.5,21.549999237060547,21.34600067138672,21.549999237060547,23600
2021-07-08,15.66942310333252,21.149999618530273,21.290000915527344,21.049999237060547,21.260000228881836,19200
2021-07-09,15.743501663208008,21.25,21.270000457763672,21.09000015258789,21.09000015258789,28700
2021-07-12,15.869453430175781,21.420000076293945,21.459999084472656,21.1299991607666,21.139999389648438,15800
2021-07-13,15.73609447479248,21.239999771118164,21.450000762939453,21.11199951171875,21.450000762939453,16600
2021-07-14,15.617558479309082,21.079999923706055,21.350000381469727,21.0,21.290000915527344,44500
2021-07-15,15.587920188903809,21.040000915527344,21.049999237060547,20.8799991607666,20.969999313354492,25900
2021-07-16,15.395296096801758,20.780000686645508,20.950000762939453,20.770000457763672,20.84000015258789,37000
2021-07-19,15.158220291137695,20.459999084472656,20.780000686645508,20.25,20.780000686645508,30000
2021-07-20,15.301207542419434,20.652999877929688,20.69099998474121,20.360000610351562,20.360000610351562,37500
2021-07-21,15.291569709777832,20.639999389648438,20.850000381469727,20.584999084472656,20.600000381469727,45000
2021-07-22,15.312424659729004,20.559999465942383,20.700000762939453,20.520000457763672,20.559999465942383,12700
2021-07-23,15.3496675491333,20.610000610351562,20.709999084472656,20.350000381469727,20.459999084472656,45600
2021-07-26,15.386908531188965,20.65999984741211,20.709999084472656,20.600000381469727,20.649999618530273,74800
2021-07-27,15.372004508972168,20.639999389648438,20.729999542236328,20.520999908447266,20.729999542236328,19300
2021-07-28,15.401802062988281,20.68000030517578,20.8799991607666,20.454999923706055,20.809999465942383,41700
2021-07-29,15.677361488342285,21.049999237060547,21.09000015258789,20.90999984741211,21.09000015258789,26700
2021-07-30,15.684807777404785,21.059999465942383,21.579999923706055,20.8700008392334,21.579999923706055,49200
2021-08-02,15.640127182006836,21.0,21.239999771118164,20.993000030517578,21.100000381469727,39500
2021-08-03,15.625229835510254,20.979999542236328,21.072999954223633,20.84000015258789,20.84000015258789,24900
2021-08-04,15.528412818908691,20.850000381469727,21.177000045776367,20.770000457763672,20.889999389648438,17800
2021-08-05,15.647568702697754,21.010000228881836,21.059999465942383,20.83099937438965,20.959999084472656,29500
2021-08-06,15.751843452453613,21.149999618530273,21.290000915527344,20.969999313354492,20.979999542236328,20300
2021-08-09,15.72949504852295,21.1200008392334,21.299999237060547,20.809999465942383,21.299999237060547,24500
2021-08-10,15.826311111450195,21.25,21.299999237060547,21.100000381469727,21.100000381469727,32700
2021-08-11,16.005054473876953,21.489999771118164,21.5,21.200000762939453,21.5,24300
2021-08-12,16.072092056274414,21.579999923706055,21.6200008392334,21.28700065612793,21.540000915527344,12800
2021-08-13,16.213592529296875,21.770000457763672,21.770000457763672,21.600000381469727,21.6200008392334,19400
2021-08-16,16.146568298339844,21.68000030517578,21.829999923706055,21.43600082397461,21.829999923706055,24400
2021-08-17,15.744394302368164,21.139999389648438,21.780000686645508,21.020000457763672,21.780000686645508,25100
2021-08-18,15.982718467712402,21.459999084472656,21.479999542236328,21.020000457763672,21.1200008392334,24200
2021-08-19,15.666837692260742,20.93000030517578,21.25,20.860000610351562,21.049999237060547,54700
2021-08-20,15.779112815856934,21.079999923706055,21.290000915527344,20.81999969482422,21.290000915527344,39700
2021-08-23,15.704264640808105,20.979999542236328,21.1299991607666,20.860000610351562,21.1299991607666,30800
2021-08-24,15.74168872833252,21.030000686645508,21.1200008392334,20.829999923706055,21.049999237060547,35400
2021-08-25,15.681805610656738,20.950000762939453,21.077999114990234,20.84000015258789,21.06999969482422,62000
2021-08-26,15.5321044921875,20.75,20.969999313354492,20.739999771118164,20.920000076293945,26600
2021-08-27,15.547070503234863,20.770000457763672,20.850000381469727,20.67099952697754,20.84000015258789,54100
2021-08-30,15.554555892944336,20.780000686645508,20.950000762939453,20.700000762939453,20.700000762939453,27000
2021-08-31,15.56204605102539,20.790000915527344,20.920000076293945,20.760000228881836,20.84000015258789,29800
2021-09-01,15.794093132019043,21.100000381469727,21.100000381469727,20.790000915527344,20.81999969482422,40500
2021-09-02,15.921344757080078,21.270000457763672,21.270000457763672,21.079999923706055,21.18000030517578,23900
2021-09-03,15.816542625427246,21.1299991607666,21.260000228881836,21.1299991607666,21.260000228881836,13600
2021-09-07,15.838997840881348,21.15999984741211,21.350000381469727,21.1299991607666,21.170000076293945,17100
2021-09-08,15.868937492370605,21.200000762939453,21.200000762939453,21.041000366210938,21.190000534057617,21500
2021-09-09,15.73420524597168,21.020000457763672,21.334999084472656,20.829999923706055,21.25,25500
2021-09-10,15.64438533782959,20.899999618530273,21.190000534057617,20.899999618530273,21.110000610351562,27300
2021-09-13,15.689294815063477,20.959999084472656,21.100000381469727,20.90999984741211,20.90999984741211,19900
2021-09-14,15.621929168701172,20.8700008392334,21.0,20.809999465942383,20.959999084472656,15000
2021-09-15,15.584498405456543,20.81999969482422,20.860000610351562,20.760000228881836,20.780000686645508,13000
2021-09-16,15.524614334106445,20.739999771118164,20.889999389648438,20.690000534057617,20.889999389648438,19900
2021-09-17,15.47043514251709,20.559999465942383,20.670000076293945,20.559999465942383,20.559999465942383,13800
2021-09-20,15.07916259765625,20.040000915527344,20.549999237060547,19.6299991607666,20.549999237060547,50200
2021-09-21,15.139359474182129,20.1200008392334,20.440000534057617,20.049999237060547,20.049999237060547,19300
2021-09-22,15.184505462646484,20.18000030517578,20.299999237060547,20.170000076293945,20.170000076293945,10700
2021-09-23,15.229654312133789,20.239999771118164,20.829999923706055,20.209999084472656,20.280000686645508,20300
2021-09-24,15.064117431640625,20.020000457763672,20.639999389648438,20.020000457763672,20.639999389648438,51200
2021-09-27,15.034015655517578,19.979999542236328,20.200000762939453,19.979999542236328,20.079999923706055,30700
2021-09-28,14.823328018188477,19.700000762939453,20.06999969482422,19.6200008392334,19.979999542236328,19000
2021-09-29,14.951248168945312,19.8700008392334,19.979999542236328,19.722000122070312,19.979999542236328,16600
2021-09-30,14.996394157409668,19.93000030517578,20.3799991607666,19.709999084472656,20.3799991607666,21100
2021-10-01,14.996394157409668,19.93000030517578,20.030000686645508,19.93000030517578,19.93000030517578,19200
2021-10-04,15.026484489440918,19.969999313354492,20.077999114990234,19.899999618530273,19.899999618530273,17400
2021-10-05,15.192030906677246,20.190000534057617,20.190000534057617,19.950000762939453,19.950000762939453,9900
2021-10-06,15.154407501220703,20.139999389648438,20.18000030517578,19.799999237060547,20.010000228881836,27300
2021-10-07,15.3726224899292,20.43000030517578,20.729999542236328,20.1200008392334,20.1200008392334,42100
2021-10-08,15.455389976501465,20.540000915527344,20.68000030517578,20.399999618530273,20.579999923706055,35600
2021-10-11,15.455389976501465,20.540000915527344,20.6200008392334,20.413000106811523,20.600000381469727,10500
2021-10-12,15.43281364440918,20.510000228881836,20.780000686645508,20.40999984741211,20.780000686645508,6800
2021-10-13,15.43281364440918,20.510000228881836,20.6299991607666,20.402999877929688,20.6299991607666,23600
2021-10-14,15.55321216583252,20.670000076293945,20.739999771118164,20.540000915527344,20.540000915527344,12700
2021-10-15,15.624688148498535,20.764999389648438,20.8799991607666,20.729999542236328,20.799999237060547,28500
2021-10-18,15.605875968933105,20.739999771118164,20.850000381469727,20.670000076293945,20.850000381469727,15400
2021-10-19,15.545681953430176,20.65999984741211,21.0,20.65999984741211,21.0,48500
2021-10-20,15.801515579223633,21.0,21.0,20.815000534057617,20.90999984741211,18900
2021-10-21,15.747060775756836,20.81999969482422,21.170000076293945,20.760000228881836,21.0,21700
2021-10-22,15.807568550109863,20.899999618530273,21.0,20.799999237060547,21.0,17400
2021-10-25,15.784875869750977,20.8700008392334,20.950000762939453,20.739999771118164,20.809999465942383,22000
2021-10-26,15.72058391571045,20.78499984741211,20.910999298095703,20.739999771118164,20.760000228881836,29200
2021-10-27,15.67142391204834,20.719999313354492,20.940000534057617,20.65999984741211,20.8799991607666,17100
2021-10-28,15.883199691772461,21.0,21.0,20.805999755859375,20.959999084472656,18000
2021-10-29,15.834041595458984,20.934999465942383,21.06999969482422,20.788999557495117,21.06999969482422,25400
2021-11-01,15.883199691772461,21.0,21.049999237060547,20.850000381469727,20.950000762939453,18500
2021-11-02,15.87563705444336,20.989999771118164,21.0,20.850000381469727,21.0,14100
2021-11-03,15.845385551452637,20.950000762939453,21.030000686645508,20.920000076293945,20.989999771118164,9700
2021-11-04,15.784875869750977,20.8700008392334,21.079999923706055,20.829999923706055,21.079999923706055,8100
2021-11-05,15.898333549499512,21.020000457763672,21.155000686645508,20.8799991607666,21.010000228881836,12300
2021-11-08,16.008752822875977,21.166000366210938,21.190000534057617,20.979999542236328,21.15999984741211,14600
2021-11-09,15.96639347076416,21.110000610351562,21.18000030517578,21.040000915527344,21.170000076293945,6800
2021-11-10,15.913458824157715,21.040000915527344,21.18899917602539,20.799999237060547,21.15999984741211,13200
2021-11-11,16.026906967163086,21.190000534057617,21.209999084472656,20.899999618530273,21.020000457763672,30700
2021-11-12,15.883199691772461,21.0,21.5,20.924999237060547,21.5,25700
2021-11-15,15.883199691772461,21.0,21.100000381469727,20.979999542236328,20.979999542236328,20700
2021-11-16,15.860513687133789,20.969999313354492,21.0,20.959999084472656,21.0,16600
2021-11-17,15.69411563873291,20.75,21.0,20.75,21.0,26700
2021-11-18,15.57855224609375,20.489999771118164,20.825000762939453,20.469999313354492,20.65999984741211,18600
2021-11-19,15.456900596618652,20.329999923706055,20.50200080871582,20.25,20.389999389648438,29800
2021-11-22,15.342854499816895,20.18000030517578,20.290000915527344,20.1299991607666,20.239999771118164,34100
2021-11-23,15.297233581542969,20.1200008392334,20.308000564575195,20.100000381469727,20.18000030517578,49300
2021-11-24,15.228811264038086,20.030000686645508,20.209999084472656,20.010000228881836,20.06999969482422,33900
2021-11-26,15.084355354309082,19.84000015258789,20.0,19.760000228881836,19.950000762939453,10900
2021-11-29,15.023531913757324,19.760000228881836,19.860000610351562,19.700000762939453,19.860000610351562,25400
2021-11-30,14.772631645202637,19.43000030517578,19.770000457763672,19.329999923706055,19.770000457763672,43800
2021-12-01,14.688998222351074,19.31999969482422,19.75,19.31999969482422,19.600000381469727,28200
2021-12-02,14.856270790100098,19.540000915527344,19.559999465942383,19.399999618530273,19.459999084472656,26000
2021-12-03,14.780237197875977,19.440000534057617,19.739999771118164,19.367000579833984,19.639999389648438,22300
2021-12-06,14.993112564086914,19.719999313354492,19.969999313354492,19.43000030517578,19.540000915527344,75900
2021-12-07,15.129974365234375,19.899999618530273,20.020000457763672,19.75,20.020000457763672,43700
2021-12-08,15.107169151306152,19.8700008392334,20.0,19.780000686645508,20.0,28900
2021-12-09,14.909485816955566,19.610000610351562,19.90999984741211,19.56999969482422,19.8700008392334,29100
2021-12-10,14.962708473205566,19.68000030517578,19.760000228881836,19.600000381469727,19.670000076293945,18000
2021-12-13,14.848665237426758,19.530000686645508,19.600000381469727,19.5,19.549999237060547,19000
2021-12-14,14.901886940002441,19.600000381469727,19.6299991607666,19.40999984741211,19.40999984741211,26500
2021-12-15,14.993112564086914,19.719999313354492,19.860000610351562,19.399999618530273,19.56999969482422,35100
2021-12-16,15.16799259185791,19.950000762939453,20.649999618530273,19.75,20.649999618530273,37700
2021-12-17,15.175591468811035,19.959999084472656,20.139999389648438,19.770000457763672,19.889999389648438,15100
2021-12-20,15.000724792480469,19.729999542236328,19.940000534057617,19.510000228881836,19.90999984741211,32600
2021-12-21,15.251618385314941,20.059999465942383,20.246999740600586,19.733999252319336,19.77199935913086,21600
2021-12-22,15.213605880737305,20.010000228881836,20.079999923706055,19.8700008392334,20.079999923706055,33800
2021-12-23,15.44170093536377,20.309999465942383,20.309999465942383,20.010000228881836,20.010000228881836,7600
2021-12-27,15.434093475341797,20.299999237060547,20.44300079345703,20.06999969482422,20.209999084472656,19700
2021-12-28,15.464505195617676,20.34000015258789,20.482999801635742,20.239999771118164,20.420000076293945,36800
2021-12-29,15.585271835327148,20.389999389648438,20.389999389648438,20.110000610351562,20.34000015258789,34000
2021-12-30,15.55470085144043,20.350000381469727,20.5,20.25,20.5,33200
2021-12-31,15.692286491394043,20.530000686645508,20.55900001525879,20.31999969482422,20.31999969482422,17100
2022-01-03,15.814584732055664,20.690000534057617,20.690000534057617,20.371000289916992,20.420000076293945,13200
2022-01-04,15.745789527893066,20.600000381469727,20.774999618530273,20.46500015258789,20.75,16300
2022-01-05,15.524127960205078,20.309999465942383,20.615999221801758,20.25,20.600000381469727,22400
2022-01-06,15.462977409362793,20.229999542236328,20.469999313354492,20.100000381469727,20.469999313354492,28200
2022-01-07,15.585271835327148,20.389999389648438,20.389999389648438,20.1200008392334,20.18000030517578,13200
2022-01-10,15.524127960205078,20.309999465942383,20.43000030517578,20.100000381469727,20.43000030517578,15300
2022-01-11,15.581450462341309,20.385000228881836,20.540000915527344,20.200000762939453,20.389999389648438,12700
2022-01-12,15.592917442321777,20.399999618530273,20.479999542236328,20.360000610351562,20.479999542236328,7900
2022-01-13,15.634193420410156,20.45400047302246,20.579999923706055,20.400999069213867,20.579999923706055,5200
2022-01-14,15.65406608581543,20.479999542236328,20.479999542236328,20.350000381469727,20.350000381469727,8800
2022-01-18,15.65406608581543,20.479999542236328,20.559999465942383,20.389999389648438,20.559999465942383,14100
2022-01-19,15.5164794921875,20.299999237060547,20.535999298095703,20.290000915527344,20.520000457763672,16500
2022-01-20,15.63113784790039,20.450000762939453,20.739999771118164,20.350000381469727,20.43000030517578,24000
2022-01-21,15.385239601135254,20.02199935913086,20.420000076293945,20.02199935913086,20.280000686645508,24600
2022-01-24,15.237704277038574,19.829999923706055,20.39699935913086,19.1299991607666,19.989999771118164,59200
2022-01-25,15.12552261352539,19.68400001525879,20.290000915527344,19.260000228881836,19.260000228881836,26400
2022-01-26,14.999497413635254,19.520000457763672,19.899999618530273,19.479999542236328,19.899999618530273,19600
2022-01-27,14.984126091003418,19.5,19.75,19.399999618530273,19.540000915527344,25000
2022-01-28,15.2069730758667,19.790000915527344,19.989999771118164,19.395000457763672,19.989999771118164,16400
2022-01-31,15.360655784606934,19.989999771118164,19.989999771118164,19.610000610351562,19.989999771118164,20100
2022-02-01,15.437492370605469,20.09000015258789,20.1299991607666,19.910999298095703,19.950000762939453,16600
2022-02-02,15.475913047790527,20.139999389648438,20.202999114990234,20.059999465942383,20.100000381469727,14500
2022-02-03,15.383707046508789,20.020000457763672,20.139999389648438,19.93000030517578,20.110000610351562,15700
2022-02-04,15.406756401062012,20.049999237060547,20.093000411987305,19.82200050354004,20.059999465942383,21500
2022-02-07,15.25307559967041,19.850000381469727,20.0049991607666,19.82200050354004,19.989999771118164,15400
2022-02-08,15.276128768920898,19.8799991607666,20.09000015258789,19.809999465942383,19.889999389648438,16800
2022-02-09,15.475913047790527,20.139999389648438,20.149999618530273,19.899999618530273,19.899999618530273,21000
2022-02-10,15.276128768920898,19.8799991607666,20.149999618530273,19.8799991607666,20.040000915527344,23900
2022-02-11,15.268444061279297,19.8700008392334,20.0,19.860000610351562,19.989999771118164,35100
2022-02-14,15.153183937072754,19.719999313354492,20.030000686645508,19.56999969482422,19.81999969482422,14300
2022-02-15,15.291492462158203,19.899999618530273,19.989999771118164,19.68000030517578,19.68000030517578,26600
2022-02-16,15.452863693237305,20.110000610351562,20.15999984741211,19.927000045776367,19.927000045776367,18200
2022-02-17,15.376025199890137,20.010000228881836,20.128999710083008,20.0,20.010000228881836,7900
2022-02-18,15.428553581237793,19.969999313354492,20.049999237060547,19.889999389648438,19.979999542236328,35400
2022-02-22,15.281766891479492,19.780000686645508,19.979999542236328,19.621000289916992,19.979999542236328,23400
2022-02-23,15.127251625061035,19.579999923706055,19.799999237060547,19.530000686645508,19.799999237060547,24400
2022-02-24,15.065439224243164,19.5,19.575000762939453,19.299999237060547,19.559999465942383,30200
2022-02-25,15.31266975402832,19.81999969482422,19.920000076293945,19.360000610351562,19.530000686645508,21800
2022-02-28,15.289490699768066,19.790000915527344,19.867000579833984,19.219999313354492,19.219999313354492,46600
2022-03-01,14.965003967285156,19.3700008392334,19.709999084472656,19.302000045776367,19.649999618530273,28900
2022-03-02,15.111795425415039,19.559999465942383,19.690000534057617,19.440000534057617,19.690000534057617,25300
2022-03-03,15.011360168457031,19.43000030517578,19.950000762939453,19.40999984741211,19.950000762939453,14500
2022-03-04,14.895476341247559,19.280000686645508,19.350000381469727,19.15999984741211,19.350000381469727,20900
2022-03-07,14.632796287536621,18.940000534057617,19.280000686645508,18.929000854492188,19.280000686645508,25400
2022-03-08,14.617341995239258,18.920000076293945,19.37700080871582,18.850000381469727,18.989999771118164,21600
2022-03-09,14.818218231201172,19.18000030517578,19.309999465942383,19.135000228881836,19.270000457763672,16500
2022-03-10,14.864571571350098,19.239999771118164,19.389999389648438,19.020000457763672,19.389999389648438,39400
2022-03-11,14.810489654541016,19.170000076293945,19.31999969482422,19.094999313354492,19.31999969482422,17400
2022-03-14,14.493729591369629,18.760000228881836,19.347999572753906,18.760000228881836,19.1299991607666,20300
2022-03-15,14.578714370727539,18.8700008392334,18.969999313354492,18.780000686645508,18.969999313354492,34000
2022-03-16,14.810489654541016,19.170000076293945,19.190000534057617,18.81999969482422,19.06999969482422,24600
2022-03-17,15.049994468688965,19.479999542236328,19.479999542236328,19.1200008392334,19.15999984741211,23500
2022-03-18,15.289490699768066,19.790000915527344,19.790000915527344,19.420000076293945,19.459999084472656,22000
2022-03-21,15.281766891479492,19.780000686645508,19.8700008392334,19.700000762939453,19.770000457763672,27400
2022-03-22,15.297218322753906,19.799999237060547,19.8700008392334,19.6200008392334,19.774999618530273,20100
2022-03-23,15.295663833618164,19.690000534057617,19.719999313354492,19.549999237060547,19.670000076293945,9200
2022-03-24,15.36557388305664,19.780000686645508,19.829999923706055,19.600000381469727,19.690000534057617,12300
2022-03-25,15.474331855773926,19.920000076293945,19.990999221801758,19.829999923706055,19.854999542236328,15400
2022-03-28,15.388886451721191,19.809999465942383,19.8700008392334,19.75,19.790000915527344,7400
2022-03-29,15.567549705505371,20.040000915527344,20.09000015258789,19.8799991607666,19.920000076293945,10700
2022-03-30,15.645231246948242,20.139999389648438,20.149999618530273,19.940000534057617,20.059999465942383,7000
2022-03-31,15.653003692626953,20.149999618530273,20.25,19.8799991607666,20.139999389648438,25000
2022-04-01,15.73068618774414,20.25,20.25,20.055999755859375,20.209999084472656,11000
2022-04-04,15.847212791442871,20.399999618530273,20.399999618530273,20.200000762939453,20.270000457763672,28500
2022-04-05,15.68407917022705,20.190000534057617,20.399999618530273,20.139999389648438,20.399999618530273,7500
2022-04-06,15.552018165588379,20.020000457763672,20.3700008392334,20.0,20.309999465942383,12800
2022-04-07,15.660770416259766,20.15999984741211,20.239999771118164,19.920000076293945,19.969999313354492,12400
2022-04-08,15.62969970703125,20.1200008392334,20.530000686645508,20.100000381469727,20.15999984741211,22600
2022-04-11,15.443259239196777,19.8799991607666,20.040000915527344,19.780000686645508,19.780000686645508,23700
2022-04-12,15.536478996276855,20.0,20.51099967956543,19.969999313354492,19.969999313354492,23000
2022-04-13,15.66854190826416,20.170000076293945,20.239999771118164,20.0,20.030000686645508,16300
2022-04-14,15.676307678222656,20.18000030517578,20.350000381469727,20.06999969482422,20.06999969482422,13900
2022-04-18,15.942756652832031,20.523000717163086,20.719999313354492,20.31999969482422,20.56999969482422,67400
2022-04-19,16.018115997314453,20.6200008392334,20.770000457763672,20.450000762939453,20.559999465942383,46500
2022-04-20,16.018115997314453,20.6200008392334,20.68899917602539,20.559999465942383,20.68000030517578,25800
2022-04-21,15.92434024810791,20.3799991607666,20.600000381469727,20.3799991607666,20.520000457763672,10100
2022-04-22,15.666497230529785,20.049999237060547,20.25,20.030000686645508,20.229999542236328,35200
2022-04-25,15.549287796020508,19.899999618530273,20.0,19.740999221801758,20.0,33000
2022-04-26,15.43208122253418,19.75,20.010000228881836,19.729999542236328,19.860000610351562,14600
2022-04-27,15.416457176208496,19.729999542236328,19.850000381469727,19.638999938964844,19.770000457763672,12100
2022-04-28,15.43989372253418,19.760000228881836,19.899999618530273,19.459999084472656,19.899999618530273,14600
2022-04-29,15.142976760864258,19.3799991607666,19.969999313354492,19.3799991607666,19.969999313354492,18500
2022-05-02,15.00857925415039,19.20800018310547,19.450000762939453,19.190000534057617,19.239999771118164,24500
2022-05-03,14.939823150634766,19.1200008392334,19.350000381469727,19.0,19.209999084472656,31800
2022-05-04,15.213298797607422,19.469999313354492,19.569000244140625,19.059999465942383,19.059999465942383,10500
2022-05-05,14.939823150634766,19.1200008392334,19.43000030517578,19.079999923706055,19.43000030517578,29500
2022-05-06,14.90856647491455,19.079999923706055,19.1299991607666,19.0,19.079999923706055,9300
2022-05-09,14.517878532409668,18.579999923706055,19.100000381469727,18.549999237060547,19.100000381469727,31200
2022-05-10,14.385045051574707,18.40999984741211,19.40999984741211,18.391000747680664,18.65999984741211,18900
2022-05-11,14.33034896850586,18.34000015258789,18.68000030517578,18.309999465942383,18.674999237060547,18600
2022-05-12,14.205331802368164,18.18000030517578,18.309999465942383,18.110000610351562,18.200000762939453,30600
2022-05-13,14.48661994934082,18.540000915527344,18.92799949645996,18.450000762939453,18.579999923706055,23500
2022-05-16,14.627272605895996,18.719999313354492,18.82900047302246,18.489999771118164,18.489999771118164,9000
2022-05-17,14.752281188964844,18.8799991607666,18.90999984741211,18.5,18.90999984741211,15700
2022-05-18,14.556946754455566,18.6299991607666,18.969999313354492,18.530000686645508,18.969999313354492,7200
2022-05-19,14.564812660217285,18.520000457763672,18.7189998626709,18.399999618530273,18.56999969482422,19600
2022-05-20,14.541216850280762,18.489999771118164,19.440000534057617,18.25,18.670000076293945,18500
2022-05-23,14.65131950378418,18.6299991607666,18.799999237060547,18.60300064086914,18.649999618530273,11900
2022-05-24,14.65131950378418,18.6299991607666,18.670000076293945,18.399999618530273,18.670000076293945,25700
2022-05-25,14.800741195678711,18.81999969482422,18.81999969482422,18.610000610351562,18.6299991607666,9600
2022-05-26,14.926568031311035,18.979999542236328,19.280000686645508,18.93000030517578,18.93000030517578,17500
2022-05-27,15.107451438903809,19.209999084472656,19.280000686645508,19.0,19.200000762939453,9500
2022-05-31,15.186092376708984,19.309999465942383,19.530000686645508,19.110000610351562,19.25,27200
2022-06-01,15.193962097167969,19.31999969482422,19.459999084472656,19.100000381469727,19.459999084472656,20600
2022-06-02,15.280467987060547,19.43000030517578,19.5,19.200000762939453,19.299999237060547,18000
2022-06-03,15.280467987060547,19.43000030517578,19.479999542236328,19.260000228881836,19.479999542236328,12500
2022-06-06,15.233284950256348,19.3700008392334,19.600000381469727,19.3700008392334,19.559999465942383,20700
2022-06-07,15.335522651672363,19.5,19.6200008392334,19.31999969482422,19.420000076293945,8600
2022-06-08,15.38270378112793,19.559999465942383,19.68000030517578,19.280000686645508,19.65999984741211,26400
2022-06-09,15.162504196166992,19.280000686645508,19.469999313354492,19.270000457763672,19.459999084472656,30200
2022-06-10,14.887249946594238,18.93000030517578,19.31999969482422,18.93000030517578,19.31999969482422,22600
2022-06-13,14.17159366607666,18.020000457763672,18.665000915527344,17.989999771118164,18.399999618530273,29700
2022-06-14,14.02216911315918,17.829999923706055,18.149999618530273,17.829999923706055,18.149999618530273,22200
2022-06-15,14.431117057800293,18.350000381469727,18.43000030517578,17.68000030517578,18.13800048828125,44900
2022-06-16,13.990714073181152,17.790000915527344,18.15999984741211,17.75,18.15999984741211,14000
2022-06-17,13.880609512329102,17.649999618530273,17.969999313354492,17.510000228881836,17.739999771118164,9500
2022-06-21,14.189417839050293,17.920000076293945,17.989999771118164,17.724000930786133,17.770000457763672,10000
2022-06-22,13.975627899169922,17.649999618530273,17.959999084472656,17.649999618530273,17.959999084472656,7900
2022-06-23,14.081730842590332,17.784000396728516,18.049999237060547,17.709999084472656,17.780000686645508,10400
2022-06-24,14.316115379333496,18.079999923706055,18.1299991607666,17.788999557495117,17.829999923706055,19600
2022-06-27,14.33986759185791,18.110000610351562,18.219999313354492,18.049999237060547,18.049999237060547,8300
2022-06-28,14.286816596984863,18.042999267578125,18.31399917602539,18.030000686645508,18.270000457763672,20800
2022-06-29,14.205262184143066,17.940000534057617,18.100000381469727,17.850000381469727,18.100000381469727,8600
2022-06-30,14.27652359008789,18.030000686645508,18.329999923706055,17.884000778198242,18.09000015258789,17000
2022-07-01,14.26860523223877,18.020000457763672,18.25,17.8799991607666,18.1200008392334,20900
2022-07-05,14.046893119812012,17.739999771118164,18.030000686645508,17.461000442504883,17.850000381469727,24700
2022-07-06,13.864771842956543,17.510000228881836,17.954999923706055,17.280000686645508,17.75,26200
2022-07-07,14.023140907287598,17.709999084472656,17.788999557495117,17.59000015258789,17.59000015258789,3900
2022-07-08,14.070649147033691,17.770000457763672,17.922000885009766,17.540000915527344,17.770000457763672,15300
2022-07-11,14.086485862731934,17.790000915527344,17.790000915527344,17.65999984741211,17.790000915527344,4100
2022-07-12,13.920198440551758,17.579999923706055,17.729999542236328,17.579999923706055,17.709999084472656,9400
2022-07-13,14.062726974487305,17.760000228881836,17.770000457763672,17.579999923706055,17.579999923706055,6700
2022-07-14,13.872693061828613,17.520000457763672,17.6200008392334,17.329999923706055,17.530000686645508,14600
2022-07-15,13.959790229797363,17.6299991607666,17.770000457763672,17.549999237060547,17.770000457763672,11600
2022-07-18,14.133995056152344,17.850000381469727,17.889999389648438,17.649999618530273,17.649999618530273,8900
2022-07-19,14.371537208557129,18.149999618530273,18.299999237060547,18.010000228881836,18.299999237060547,10800
2022-07-20,14.474478721618652,18.280000686645508,18.299999237060547,18.10300064086914,18.139999389648438,9200
2022-07-21,14.346949577331543,18.0,18.06999969482422,17.559999465942383,18.06999969482422,23900
2022-07-22,14.402737617492676,18.06999969482422,18.149999618530273,17.899999618530273,17.90999984741211,17500
2022-07-25,14.530269622802734,18.229999542236328,18.290000915527344,17.959999084472656,18.110000610351562,13600
2022-07-26,14.546210289001465,18.25,18.290000915527344,18.17099952697754,18.18400001525879,2400
2022-07-27,14.570125579833984,18.280000686645508,18.290000915527344,18.200000762939453,18.280000686645508,10500
2022-07-28,14.625916481018066,18.350000381469727,18.399999618530273,18.209999084472656,18.280000686645508,14700
2022-07-29,14.813218116760254,18.584999084472656,18.584999084472656,18.429000854492188,18.510000228881836,13900
2022-08-01,15.128055572509766,18.979999542236328,18.979999542236328,18.485000610351562,18.5,17900
2022-08-02,15.136821746826172,18.990999221801758,19.024999618530273,18.740999221801758,18.829999923706055,19400
2022-08-03,15.255587577819824,19.139999389648438,19.34000015258789,18.969999313354492,19.34000015258789,11400
2022-08-04,15.287466049194336,19.18000030517578,19.239999771118164,18.989999771118164,18.989999771118164,11900
2022-08-05,15.191823959350586,19.059999465942383,19.260000228881836,18.989999771118164,19.1299991607666,5500
2022-08-08,15.741789817810059,19.75,19.75,19.239999771118164,19.670000076293945,8300
2022-08-09,15.367176055908203,19.280000686645508,19.690000534057617,19.149999618530273,19.690000534057617,13100
2022-08-10,15.383110046386719,19.299999237060547,19.45599937438965,19.149999618530273,19.31999969482422,7100
2022-08-11,15.375144004821777,19.290000915527344,19.5,19.25,19.420000076293945,10400
2022-08-12,15.191823959350586,19.059999465942383,19.489999771118164,18.420000076293945,19.489999771118164,25400
2022-08-15,15.247614860534668,19.1299991607666,19.239999771118164,18.940000534057617,19.239999771118164,9200
2022-08-16,15.359207153320312,19.270000457763672,19.326000213623047,19.0,19.0,11200
2022-08-17,15.367176055908203,19.280000686645508,19.360000610351562,19.040000915527344,19.360000610351562,23100
2022-08-18,15.58158016204834,19.548999786376953,19.549999237060547,19.209999084472656,19.299999237060547,13200
2022-08-19,15.526581764221191,19.479999542236328,19.559999465942383,19.3700008392334,19.549999237060547,11000
2022-08-22,15.311382293701172,19.209999084472656,19.479999542236328,19.190000534057617,19.389999389648438,5000
2022-08-23,15.53596305847168,19.3700008392334,19.440000534057617,19.139999389648438,19.139999389648438,27300
2022-08-24,15.568041801452637,19.40999984741211,19.489999771118164,19.12299919128418,19.489999771118164,18600
2022-08-25,15.56002140045166,19.399999618530273,19.552000045776367,19.079999923706055,19.552000045776367,20400
2022-08-26,15.255239486694336,19.020000457763672,19.479999542236328,19.010000228881836,19.479999542236328,9200
2022-08-29,15.183050155639648,18.93000030517578,18.989999771118164,18.780000686645508,18.979999542236328,9100
2022-08-30,15.126904487609863,18.860000610351562,19.030000686645508,18.530000686645508,19.030000686645508,14600
2022-08-31,14.990557670593262,18.690000534057617,19.190000534057617,18.600000381469727,19.190000534057617,12600
2022-09-01,14.870244026184082,18.540000915527344,18.6299991607666,18.50200080871582,18.56999969482422,11500
2022-09-02,14.782018661499023,18.43000030517578,18.676000595092773,18.350000381469727,18.610000610351562,8200
2022-09-06,14.228595733642578,17.739999771118164,18.44099998474121,17.719999313354492,18.440000534057617,48100
2022-09-07,14.509318351745605,18.09000015258789,18.09000015258789,17.649999618530273,17.84000015258789,64600
2022-09-08,14.421092987060547,17.979999542236328,18.040000915527344,17.940000534057617,17.940000534057617,19700
2022-09-09,14.653687477111816,18.270000457763672,18.600000381469727,17.979999542236328,18.100000381469727,13300
2022-09-12,14.838167190551758,18.5,18.549999237060547,18.260000228881836,18.260000228881836,15600
2022-09-13,14.661711692810059,18.280000686645508,18.389999389648438,18.253000259399414,18.290000915527344,26100
2022-09-14,14.541400909423828,18.1299991607666,18.358999252319336,18.049999237060547,18.229999542236328,13100
2022-09-15,14.405050277709961,17.959999084472656,18.0939998626709,17.959999084472656,18.020000457763672,10200
2022-09-16,14.300782203674316,17.829999923706055,17.950000762939453,17.440000534057617,17.90999984741211,26200
2022-09-19,14.348906517028809,17.889999389648438,18.15999984741211,17.709999084472656,17.709999084472656,6900
2022-09-20,14.196515083312988,17.700000762939453,17.850000381469727,17.5,17.850000381469727,7400
2022-09-21,14.036103248596191,17.5,17.700000762939453,17.489999771118164,17.610000610351562,9600
2022-09-22,14.028027534484863,17.3700008392334,17.8700008392334,17.010000228881836,17.8700008392334,16300
2022-09-23,13.495007514953613,16.709999084472656,17.959999084472656,16.6299991607666,17.110000610351562,45900
2022-09-26,13.075058937072754,16.190000534057617,16.88800048828125,15.949999809265137,16.670000076293945,34900
2022-09-27,12.986220359802246,16.079999923706055,16.34000015258789,15.930000305175781,16.31999969482422,19900
2022-09-28,13.276958465576172,16.440000534057617,16.5,16.079999923706055,16.079999923706055,21000
2022-09-29,12.727787971496582,15.760000228881836,16.270000457763672,15.630000114440918,16.270000457763672,48500
2022-09-30,12.70356273651123,15.729999542236328,16.027000427246094,15.725000381469727,15.960000038146973,24100
2022-10-03,13.050826072692871,16.15999984741211,16.25,15.800000190734863,15.800000190734863,18700
2022-10-04,13.47885513305664,16.690000534057617,16.739999771118164,16.40999984741211,16.420000076293945,23100
2022-10-05,13.333489418029785,16.510000228881836,16.670000076293945,16.329999923706055,16.670000076293945,19100
2022-10-06,13.083134651184082,16.200000762939453,16.520000457763672,16.1299991607666,16.360000610351562,24700
2022-10-07,12.865081787109375,15.930000305175781,16.360000610351562,15.890000343322754,16.020000457763672,14400
2022-10-10,12.800472259521484,15.850000381469727,15.979999542236328,15.850000381469727,15.850000381469727,8200
2022-10-11,12.840850830078125,15.899999618530273,16.020000457763672,15.729999542236328,15.850000381469727,7000
2022-10-12,12.590495109558105,15.59000015258789,15.800000190734863,15.574999809265137,15.800000190734863,18400
2022-10-13,12.70356273651123,15.729999542236328,15.819999694824219,15.270000457763672,15.479999542236328,19500
2022-10-14,12.566269874572754,15.5600004196167,15.930000305175781,15.545000076293945,15.890000343322754,16400
2022-10-17,12.889309883117676,15.960000038146973,16.19700050354004,15.680000305175781,15.680000305175781,15900
2022-10-18,13.018522262573242,16.1200008392334,16.34000015258789,15.954999923706055,16.049999237060547,35400
2022-10-19,12.961992263793945,16.049999237060547,16.121999740600586,15.90999984741211,15.90999984741211,30800
2022-10-20,12.865081787109375,15.930000305175781,16.190000534057617,15.899999618530273,16.100000381469727,23100
2022-10-21,13.084789276123047,16.079999923706055,16.086000442504883,15.916999816894531,16.0,9300
2022-10-24,13.304494857788086,16.350000381469727,16.3700008392334,16.010000228881836,16.229999542236328,12500
2022-10-25,13.288222312927246,16.329999923706055,16.385000228881836,16.239999771118164,16.29400062561035,10200
2022-10-26,13.410279273986816,16.479999542236328,16.649999618530273,16.079999923706055,16.389999389648438,36900
2022-10-27,13.564888000488281,16.670000076293945,16.729999542236328,16.600000381469727,16.6200008392334,14500
2022-10-28,13.654398918151855,16.780000686645508,16.799999237060547,16.690000534057617,16.70400047302246,5400
2022-10-31,13.54047679901123,16.639999389648438,16.950000762939453,16.6200008392334,16.75,30600
2022-11-01,13.629989624023438,16.75,17.139999389648438,16.674999237060547,16.739999771118164,43200
2022-11-02,13.516064643859863,16.610000610351562,17.0,16.579999923706055,16.670000076293945,43400
2022-11-03,13.418416976928711,16.489999771118164,16.6200008392334,16.440000534057617,16.549999237060547,18900
2022-11-04,13.719499588012695,16.860000610351562,16.8799991607666,16.434999465942383,16.649999618530273,19400
2022-11-07,13.711360931396484,16.850000381469727,16.969999313354492,16.690000534057617,16.969999313354492,18400
2022-11-08,13.931068420410156,17.1200008392334,17.18000030517578,16.760000228881836,16.760000228881836,12600
2022-11-09,13.760181427001953,16.90999984741211,17.280000686645508,16.889999389648438,17.1200008392334,17000
2022-11-10,14.183323860168457,17.43000030517578,17.479999542236328,17.309999465942383,17.329999923706055,14800
2022-11-11,14.142637252807617,17.3799991607666,17.549999237060547,17.270000457763672,17.549999237060547,14800
2022-11-14,14.044988632202148,17.260000228881836,17.469999313354492,17.25,17.260000228881836,15000
2022-11-15,14.134500503540039,17.3700008392334,17.5,17.25,17.469999313354492,49200
2022-11-16,14.175187110900879,17.420000076293945,17.459999084472656,17.360000610351562,17.389999389648438,9600
2022-11-17,14.199599266052246,17.450000762939453,17.450000762939453,17.25,17.43000030517578,34300
2022-11-18,14.346070289611816,17.6299991607666,17.639999389648438,17.5,17.5,13600
2022-11-21,14.419809341430664,17.600000381469727,17.874000549316406,17.440000534057617,17.770000457763672,25600
2022-11-22,14.575472831726074,17.790000915527344,18.170000076293945,17.670000076293945,18.170000076293945,23200
2022-11-23,14.673792839050293,17.90999984741211,17.924999237060547,17.652999877929688,17.899999618530273,35000
2022-11-25,14.706561088562012,17.950000762939453,18.469999313354492,17.93000030517578,17.959999084472656,8200
2022-11-28,14.56728458404541,17.780000686645508,17.989999771118164,17.729999542236328,17.989999771118164,40500
2022-11-29,14.52631664276123,17.729999542236328,17.829999923706055,17.690000534057617,17.829999923706055,37800
2022-11-30,14.993319511413574,18.299999237060547,18.34000015258789,17.827999114990234,17.90999984741211,22300
2022-12-01,14.677894592285156,17.915000915527344,18.42799949645996,17.915000915527344,18.209999084472656,29200
2022-12-02,14.608245849609375,17.829999923706055,18.15999984741211,17.780000686645508,18.15999984741211,3800
2022-12-05,14.477157592773438,17.670000076293945,18.018999099731445,17.65999984741211,17.829999923706055,20200
2022-12-06,14.468962669372559,17.65999984741211,17.850000381469727,17.549999237060547,17.559999465942383,17200
2022-12-07,14.485352516174316,17.68000030517578,17.90999984741211,17.649999618530273,17.719999313354492,25500
2022-12-08,14.55089282989502,17.760000228881836,17.854999542236328,17.729999542236328,17.729999542236328,17200
2022-12-09,14.468962669372559,17.65999984741211,17.815000534057617,17.65999984741211,17.729999542236328,13300
2022-12-12,14.632829666137695,17.860000610351562,17.920000076293945,17.68000030517578,17.68000030517578,12500
2022-12-13,14.821266174316406,18.09000015258789,18.229999542236328,17.9950008392334,18.229999542236328,18600
2022-12-14,14.85404109954834,18.1299991607666,18.475000381469727,17.975000381469727,18.1299991607666,43400
2022-12-15,14.583669662475586,17.799999237060547,18.003000259399414,17.670000076293945,17.920000076293945,27300
2022-12-16,14.436193466186523,17.6200008392334,17.833999633789062,17.579999923706055,17.780000686645508,28900
2022-12-19,14.149436950683594,17.270000457763672,17.709999084472656,17.270000457763672,17.600000381469727,17500
2022-12-20,14.174015045166016,17.299999237060547,17.809999465942383,17.15999984741211,17.15999984741211,23400
2022-12-21,14.231367111206055,17.3700008392334,17.84000015258789,17.34000015258789,17.34000015258789,39500
2022-12-22,14.001957893371582,17.09000015258789,17.259000778198242,17.040000915527344,17.25,25700
2022-12-23,14.01834774017334,17.110000610351562,17.239999771118164,16.950000762939453,16.950000762939453,51300
2022-12-27,14.051117897033691,17.149999618530273,17.420000076293945,17.040000915527344,17.040000915527344,50400
2022-12-28,13.969186782836914,17.049999237060547,17.14900016784668,16.959999084472656,17.1299991607666,52100
2022-12-29,14.07645320892334,17.059999465942383,17.155000686645508,17.010000228881836,17.059999465942383,24500
2022-12-30,14.043449401855469,17.020000457763672,17.179000854492188,16.93000030517578,16.93000030517578,23900
2023-01-03,14.109458923339844,17.100000381469727,17.260000228881836,17.059999465942383,17.06999969482422,19600
2023-01-04,14.381747245788574,17.43000030517578,17.549999237060547,17.270000457763672,17.389999389648438,17400
2023-01-05,14.299235343933105,17.329999923706055,17.64900016784668,17.299999237060547,17.34000015258789,16100
2023-01-06,14.612776756286621,17.709999084472656,17.760000228881836,17.5,17.5,9200
2023-01-09,14.794303894042969,17.93000030517578,18.06399917602539,17.780000686645508,17.780000686645508,19300
2023-01-10,14.885065078735352,18.040000915527344,18.040000915527344,17.90999984741211,17.950000762939453,7800
2023-01-11,15.058338165283203,18.25,18.4060001373291,18.125,18.149999618530273,30000
2023-01-12,15.256368637084961,18.489999771118164,18.56999969482422,18.329999923706055,18.329999923706055,14700
2023-01-13,15.297624588012695,18.540000915527344,18.73900032043457,18.440000534057617,18.479999542236328,15500
2023-01-17,15.305876731872559,18.549999237060547,18.729999542236328,18.5,18.729999542236328,11600
2023-01-18,15.223361015319824,18.450000762939453,18.82699966430664,18.40999984741211,18.559999465942383,17900
2023-01-19,15.107842445373535,18.309999465942383,18.440000534057617,18.260000228881836,18.389999389648438,20100
2023-01-20,15.223361015319824,18.450000762939453,18.450000762939453,18.260000228881836,18.420000076293945,3200
2023-01-23,15.231668472290039,18.34000015258789,18.559999465942383,18.200000762939453,18.200000762939453,16300
2023-01-24,15.239975929260254,18.350000381469727,18.360000610351562,18.049999237060547,18.239999771118164,6700
2023-01-25,15.19844913482666,18.299999237060547,18.420000076293945,18.165000915527344,18.290000915527344,15300
2023-01-26,15.33963394165039,18.469999313354492,18.50200080871582,18.309999465942383,18.309999465942383,6000
2023-01-27,15.306412696838379,18.43000030517578,18.469999313354492,18.31800079345703,18.469999313354492,7100
2023-01-30,15.132002830505371,18.219999313354492,18.420000076293945,18.209999084472656,18.399999618530273,10300
2023-01-31,15.148616790771484,18.239999771118164,18.34000015258789,18.184999465942383,18.219999313354492,28700
2023-02-01,15.256585121154785,18.3700008392334,18.40999984741211,18.18000030517578,18.350000381469727,9800
2023-02-02,15.33963394165039,18.469999313354492,18.520000457763672,18.190000534057617,18.479999542236328,12300
2023-02-03,15.098783493041992,18.18000030517578,18.440000534057617,18.1299991607666,18.440000534057617,23900
2023-02-06,15.032341957092285,18.100000381469727,18.190000534057617,18.059999465942383,18.190000534057617,17800
2023-02-07,15.090481758117676,18.170000076293945,18.190000534057617,17.981000900268555,18.059999465942383,18000
2023-02-08,14.965899467468262,18.020000457763672,18.15999984741211,18.0,18.15999984741211,18900
2023-02-09,14.97420597076416,18.030000686645508,18.200000762939453,18.030000686645508,18.15999984741211,10400
2023-02-10,14.999124526977539,18.059999465942383,18.110000610351562,18.0,18.0,13400
2023-02-13,15.140310287475586,18.229999542236328,18.229999542236328,18.059999465942383,18.059999465942383,6100
2023-02-14,15.1569185256958,18.25,18.75,18.100000381469727,18.75,6600
2023-02-15,15.08633041381836,18.165000915527344,18.25,18.059999465942383,18.25,17200
2023-02-16,15.048954963684082,18.1200008392334,18.34000015258789,18.0,18.34000015258789,22700
2023-02-17,15.076539039611816,18.033000946044922,18.06399917602539,17.8799991607666,17.93000030517578,17400
2023-02-21,14.881741523742676,17.799999237060547,17.989999771118164,17.739999771118164,17.899999618530273,10400
2023-02-22,14.890104293823242,17.809999465942383,18.06999969482422,17.729999542236328,17.729999542236328,22400
2023-02-23,14.931906700134277,17.860000610351562,18.040000915527344,17.700000762939453,17.969999313354492,16800
2023-02-24,14.6978120803833,17.579999923706055,18.25,17.510000228881836,17.709999084472656,18300
2023-02-27,14.781418800354004,17.68000030517578,17.886999130249023,17.559999465942383,17.739999771118164,12000
2023-02-28,14.731256484985352,17.6200008392334,17.739999771118164,17.579999923706055,17.68000030517578,17100
2023-03-01,14.6978120803833,17.579999923706055,17.670000076293945,17.44499969482422,17.670000076293945,12600
2023-03-02,14.773056030273438,17.670000076293945,17.790000915527344,17.450000762939453,17.56999969482422,13100
2023-03-03,14.856659889221191,17.770000457763672,17.809999465942383,17.69700050354004,17.770000457763672,13900
2023-03-06,14.82321834564209,17.729999542236328,17.784000396728516,17.70800018310547,17.780000686645508,11000
2023-03-07,14.73961353302002,17.6299991607666,17.75,17.52400016784668,17.739999771118164,19000
2023-03-08,14.798140525817871,17.700000762939453,17.700000762939453,17.56999969482422,17.579999923706055,14700
2023-03-09,14.714530944824219,17.600000381469727,17.780000686645508,17.56999969482422,17.639999389648438,21700
2023-03-10,14.505520820617676,17.350000381469727,17.700000762939453,17.31999969482422,17.5939998626709,12100
2023-03-13,14.530597686767578,17.3799991607666,17.5,17.25,17.25,6600
2023-03-14,14.630927085876465,17.5,17.790000915527344,17.5,17.549999237060547,43200
2023-03-15,14.455358505249023,17.290000915527344,17.6200008392334,17.190000534057617,17.190000534057617,68700
2023-03-16,14.555681228637695,17.40999984741211,17.5,17.170000076293945,17.170000076293945,53000
2023-03-17,14.52224063873291,17.3700008392334,17.489999771118164,17.270000457763672,17.489999771118164,69300
2023-03-20,14.555681228637695,17.40999984741211,17.479999542236328,17.280000686645508,17.280000686645508,51600
2023-03-21,14.647649765014648,17.520000457763672,17.6200008392334,17.461999893188477,17.5,101000
2023-03-22,14.49715805053711,17.34000015258789,17.679000854492188,17.34000015258789,17.440000534057617,68600
2023-03-23,14.497159004211426,17.219999313354492,17.399999618530273,17.1299991607666,17.219999313354492,95900
2023-03-24,14.505577087402344,17.229999542236328,17.347000122070312,17.049999237060547,17.34000015258789,34300
2023-03-27,14.429804801940918,17.139999389648438,17.399999618530273,17.139999389648438,17.219999313354492,82700
2023-03-28,14.513997077941895,17.239999771118164,17.34000015258789,17.1200008392334,17.139999389648438,111000
2023-03-29,14.690793991088867,17.450000762939453,17.56999969482422,17.25,17.280000686645508,134500
2023-03-30,14.808653831481934,17.59000015258789,17.68000030517578,17.479999542236328,17.6200008392334,65400
2023-03-31,15.120144844055176,17.959999084472656,17.959999084472656,17.670000076293945,17.770000457763672,64700
2023-04-03,15.019123077392578,17.84000015258789,17.920000076293945,17.790000915527344,17.809999465942383,50800
2023-04-04,14.951769828796387,17.760000228881836,17.834999084472656,17.700000762939453,17.809999465942383,65100
2023-04-05,15.027542114257812,17.850000381469727,17.920000076293945,17.65999984741211,17.700000762939453,43700
2023-04-06,15.094892501831055,17.93000030517578,18.040000915527344,17.71500015258789,17.780000686645508,58300
2023-04-10,15.13698959350586,17.979999542236328,18.145000457763672,17.889999389648438,17.899999618530273,38500
2023-04-11,15.17908000946045,18.030000686645508,18.099000930786133,18.010000228881836,18.09000015258789,63900
2023-04-12,15.18750286102295,18.040000915527344,18.270000457763672,18.030000686645508,18.1299991607666,63700
2023-04-13,15.288524627685547,18.15999984741211,18.249000549316406,18.030000686645508,18.149999618530273,51800
2023-04-14,15.263266563415527,18.1299991607666,18.25,18.06999969482422,18.100000381469727,57400
2023-04-17,15.195918083190918,18.049999237060547,18.229999542236328,18.020000457763672,18.229999542236328,41400
2023-04-18,15.103309631347656,17.940000534057617,18.09000015258789,17.920000076293945,18.06999969482422,34600
2023-04-19,15.145401954650879,17.989999771118164,18.010000228881836,17.899999618530273,17.940000534057617,33900
2023-04-20,15.094551086425781,17.809999465942383,17.929000854492188,17.75,17.829999923706055,25800
2023-04-21,15.13692855834961,17.860000610351562,17.917999267578125,17.770000457763672,17.799999237060547,24100
2023-04-24,15.162357330322266,17.889999389648438,17.94499969482422,17.799999237060547,17.889999389648438,26500
2023-04-25,14.984378814697266,17.68000030517578,17.799999237060547,17.600000381469727,17.799999237060547,61400
2023-04-26,14.958946228027344,17.649999618530273,17.739999771118164,17.610000610351562,17.700000762939453,28100
2023-04-27,15.077601432800293,17.790000915527344,17.850000381469727,17.610000610351562,17.610000610351562,34200
2023-04-28,15.187782287597656,17.920000076293945,18.0,17.78499984741211,17.989999771118164,41800
2023-05-01,15.196259498596191,17.93000030517578,18.049999237060547,17.84000015258789,17.84000015258789,29300
2023-05-02,14.950471878051758,17.639999389648438,17.989999771118164,17.579999923706055,17.989999771118164,54700
2023-05-03,14.984378814697266,17.68000030517578,17.790000915527344,17.600000381469727,17.600000381469727,34500
2023-05-04,14.916570663452148,17.600000381469727,17.84000015258789,17.5,17.59000015258789,40400
2023-05-05,15.018278121948242,17.719999313354492,17.841999053955078,17.649999618530273,17.719999313354492,43200
2023-05-08,15.009796142578125,17.709999084472656,17.77199935913086,17.639999389648438,17.670000076293945,27600
2023-05-09,15.03522777557373,17.739999771118164,17.829999923706055,17.631000518798828,17.729999542236328,25800
2023-05-10,15.111501693725586,17.829999923706055,17.850000381469727,17.670000076293945,17.770000457763672,64900
2023-05-11,14.967422485351562,17.65999984741211,17.899999618530273,17.6200008392334,17.899999618530273,65100
2023-05-12,15.03522777557373,17.739999771118164,17.829999923706055,17.700000762939453,17.739999771118164,35500
2023-05-15,15.196259498596191,17.93000030517578,17.989999771118164,17.736000061035156,17.950000762939453,65400
2023-05-16,15.162357330322266,17.889999389648438,17.9689998626709,17.850000381469727,17.950000762939453,31100
2023-05-17,15.230156898498535,17.969999313354492,18.0,17.860000610351562,17.979999542236328,48800
2023-05-18,15.033916473388672,17.6200008392334,17.969999313354492,17.56999969482422,17.899999618530273,58400
2023-05-19,14.999788284301758,17.579999923706055,17.709999084472656,17.559999465942383,17.59000015258789,53000
2023-05-22,14.846202850341797,17.399999618530273,17.615999221801758,17.399999618530273,17.510000228881836,28400
2023-05-23,14.718216896057129,17.25,17.420000076293945,17.18000030517578,17.3799991607666,55000
2023-05-24,14.598767280578613,17.110000610351562,17.34000015258789,17.100000381469727,17.34000015258789,42500
2023-05-25,14.568906784057617,17.075000762939453,17.170000076293945,17.0,17.139999389648438,65200
2023-05-26,14.590237617492676,17.100000381469727,17.15999984741211,17.020000457763672,17.1299991607666,23600
2023-05-30,14.428122520446777,16.90999984741211,17.290000915527344,16.899999618530273,17.170000076293945,60600
2023-05-31,14.470785140991211,16.959999084472656,17.010000228881836,16.860000610351562,17.010000228881836,113400
2023-06-01,14.556106567382812,17.059999465942383,17.1200008392334,16.93000030517578,17.020000457763672,53700
2023-06-02,14.820608139038086,17.3700008392334,17.389999389648438,17.15999984741211,17.190000534057617,26800
2023-06-05,14.718216896057129,17.25,17.344999313354492,17.209999084472656,17.299999237060547,19800
2023-06-06,14.87180233001709,17.43000030517578,17.469999313354492,17.1299991607666,17.18000030517578,31500
2023-06-07,14.854735374450684,17.40999984741211,17.549999237060547,17.406999588012695,17.549999237060547,27000
2023-06-08,14.888869285583496,17.450000762939453,17.507999420166016,17.350000381469727,17.40999984741211,34400
2023-06-09,14.897396087646484,17.459999084472656,17.520000457763672,17.43600082397461,17.5,38100
2023-06-12,14.948594093322754,17.520000457763672,17.559999465942383,17.450000762939453,17.559999465942383,26600
2023-06-13,14.974190711975098,17.549999237060547,17.649999618530273,17.5,17.5,75900
2023-06-14,14.982721328735352,17.559999465942383,17.645000457763672,17.55299949645996,17.600000381469727,19600
2023-06-15,15.136303901672363,17.739999771118164,17.75,17.577999114990234,17.59000015258789,32100
2023-06-16,15.196027755737305,17.809999465942383,17.889999389648438,17.809999465942383,17.8799991607666,29800
2023-06-20,15.358144760131836,18.0,18.0,17.698999404907227,17.809999465942383,69600
2023-06-21,15.272820472717285,17.899999618530273,17.99799919128418,17.899999618530273,17.920000076293945,55300
2023-06-22,15.06666374206543,17.540000915527344,17.809999465942383,17.479999542236328,17.809999465942383,61400
2023-06-23,14.860504150390625,17.299999237060547,17.84000015258789,17.299999237060547,17.549999237060547,26900
2023-06-26,15.049483299255371,17.520000457763672,17.549999237060547,17.25,17.25,34600
2023-06-27,15.298590660095215,17.809999465942383,17.969999313354492,17.5,17.600000381469727,72400
2023-06-28,15.22986888885498,17.729999542236328,17.850000381469727,17.649999618530273,17.719999313354492,37200
2023-06-29,15.332948684692383,17.850000381469727,17.940000534057617,17.649999618530273,17.649999618530273,34400
2023-06-30,15.28140926361084,17.790000915527344,18.0,17.690000534057617,18.0,53300
2023-07-03,15.332948684692383,17.850000381469727,17.8799991607666,17.719999313354492,17.719999313354492,24300
2023-07-05,15.307177543640137,17.81999969482422,17.84000015258789,17.760000228881836,17.760000228881836,18800
2023-07-06,15.152558326721191,17.639999389648438,17.850000381469727,17.579999923706055,17.850000381469727,30100
2023-07-07,15.324359893798828,17.84000015258789,17.850000381469727,17.5,17.600000381469727,24700
2023-07-10,15.238459587097168,17.739999771118164,17.950000762939453,17.639999389648438,17.93000030517578,35600
2023-07-11,15.058073043823242,17.530000686645508,17.760000228881836,17.489999771118164,17.670000076293945,172500
2023-07-12,15.18692398071289,17.68000030517578,17.770000457763672,17.56999969482422,17.56999969482422,62200
2023-07-13,15.410257339477539,17.940000534057617,17.959999084472656,17.690000534057617,17.770000457763672,55400
2023-07-14,15.307177543640137,17.81999969482422,17.920000076293945,17.81999969482422,17.84000015258789,55900
2023-07-17,15.350127220153809,17.8700008392334,17.93199920654297,17.780000686645508,17.780000686645508,66100
2023-07-18,15.43602466583252,17.969999313354492,17.989999771118164,17.809999465942383,17.809999465942383,91000
2023-07-19,15.50474739074707,18.049999237060547,18.1200008392334,18.0,18.0,53900
2023-07-20,15.556288719177246,18.110000610351562,18.170000076293945,18.0,18.0,53500
2023-07-21,15.703287124633789,18.15999984741211,18.239999771118164,17.950000762939453,17.950000762939453,49600
2023-07-24,15.811380386352539,18.28499984741211,18.295000076293945,18.170000076293945,18.209999084472656,19800
2023-07-25,15.729231834411621,18.190000534057617,18.280000686645508,18.190000534057617,18.270000457763672,34000
2023-07-26,15.807055473327637,18.280000686645508,18.309999465942383,18.079999923706055,18.079999923706055,34200
2023-07-27,15.729231834411621,18.190000534057617,18.3700008392334,18.100000381469727,18.309999465942383,27900
2023-07-28,15.720580101013184,18.18000030517578,18.2549991607666,18.149999618530273,18.149999618530273,38700
2023-07-31,15.85029125213623,18.329999923706055,18.5,18.2810001373291,18.34000015258789,53200
2023-08-01,15.634111404418945,18.079999923706055,18.260000228881836,18.059999465942383,18.229999542236328,42600
2023-08-02,15.504402160644531,17.93000030517578,18.139999389648438,17.8799991607666,18.110000610351562,47200
2023-08-03,15.227693557739258,17.610000610351562,18.040000915527344,17.59000015258789,17.799999237060547,79900
2023-08-04,15.244985580444336,17.6299991607666,17.81999969482422,17.579999923706055,17.579999923706055,66200
2023-08-07,15.27957534790039,17.670000076293945,17.719999313354492,17.631000518798828,17.670000076293945,57000
2023-08-08,15.236342430114746,17.6200008392334,17.75,17.56999969482422,17.75,50400
2023-08-09,15.340106010437012,17.739999771118164,17.780000686645508,17.639999389648438,17.700000762939453,44300
2023-08-10,15.314164161682129,17.709999084472656,18.0,17.709999084472656,17.760000228881836,26100
2023-08-11,15.296871185302734,17.690000534057617,17.829999923706055,17.690000534057617,17.760000228881836,46100
2023-08-14,15.236342430114746,17.6200008392334,17.700000762939453,17.530000686645508,17.6200008392334,50700
2023-08-15,14.98557186126709,17.329999923706055,17.639999389648438,17.329999923706055,17.639999389648438,56900
2023-08-16,14.968276023864746,17.309999465942383,17.48699951171875,17.299999237060547,17.299999237060547,30600
2023-08-17,14.864511489868164,17.190000534057617,17.31999969482422,17.18000030517578,17.309999465942383,50900
2023-08-18,14.89909839630127,17.229999542236328,17.290000915527344,17.100000381469727,17.1299991607666,53100
2023-08-21,14.864511489868164,17.190000534057617,17.3799991607666,17.1200008392334,17.3799991607666,24800
2023-08-22,14.864511489868164,17.190000534057617,17.34000015258789,17.190000534057617,17.34000015258789,25900
2023-08-23,14.990776062011719,17.21500015258789,17.239999771118164,17.040000915527344,17.040000915527344,20900
2023-08-24,14.881927490234375,17.09000015258789,17.31999969482422,17.09000015258789,17.309999465942383,25700
2023-08-25,15.029963493347168,17.260000228881836,17.290000915527344,17.12700080871582,17.209999084472656,30800
2023-08-28,15.09091854095459,17.329999923706055,17.3799991607666,17.28499984741211,17.3799991607666,34500
2023-08-29,15.256367683410645,17.520000457763672,17.59000015258789,17.290000915527344,17.290000915527344,32200
2023-08-30,15.265080451965332,17.530000686645508,17.649999618530273,17.450000762939453,17.450000762939453,31000
2023-08-31,15.108335494995117,17.350000381469727,17.889999389648438,17.350000381469727,17.770000457763672,75200
2023-09-01,15.117045402526855,17.360000610351562,17.950000762939453,17.309999465942383,17.309999465942383,47100
2023-09-05,14.986422538757324,17.209999084472656,17.450000762939453,17.190000534057617,17.329999923706055,38400
2023-09-06,14.732150077819824,16.917999267578125,17.520000457763672,16.860000610351562,17.25,44500
2023-09-07,14.777434349060059,16.969999313354492,17.1299991607666,16.8799991607666,16.920000076293945,49100
2023-09-08,14.847092628479004,17.049999237060547,17.139999389648438,16.959999084472656,17.0,57400
2023-09-11,14.864511489868164,17.06999969482422,17.100000381469727,17.020000457763672,17.049999237060547,32200
2023-09-12,14.864511489868164,17.06999969482422,17.110000610351562,17.040000915527344,17.110000610351562,46800
2023-09-13,14.829679489135742,17.030000686645508,17.145000457763672,16.924999237060547,16.93000030517578,54500
2023-09-14,15.003837585449219,17.229999542236328,17.3799991607666,17.030000686645508,17.030000686645508,40700
2023-09-15,14.92546558380127,17.139999389648438,17.350000381469727,17.052000045776367,17.18000030517578,79900
2023-09-18,14.890637397766113,17.100000381469727,17.18000030517578,17.06999969482422,17.149999618530273,22200
2023-09-19,14.969006538391113,17.190000534057617,17.190000534057617,17.030000686645508,17.030000686645508,43100
2023-09-20,15.038670539855957,17.270000457763672,17.309999465942383,17.1299991607666,17.1299991607666,66600
2023-09-21,14.801911354064941,16.8799991607666,17.09000015258789,16.8700008392334,17.09000015258789,40900
2023-09-22,14.828216552734375,16.90999984741211,16.989999771118164,16.829999923706055,16.829999923706055,35400
2023-09-25,14.740527153015137,16.809999465942383,16.90999984741211,16.760000228881836,16.90999984741211,49600
2023-09-26,14.573918342590332,16.6200008392334,16.7549991607666,16.579999923706055,16.75,52400
2023-09-27,14.398542404174805,16.420000076293945,16.69499969482422,16.389999389648438,16.690000534057617,46400
2023-09-28,14.170548439025879,16.15999984741211,16.5,16.1200008392334,16.5,86400
2023-09-29,14.117937088012695,16.100000381469727,16.389999389648438,16.059999465942383,16.209999084472656,60600
2023-10-02,13.83733081817627,15.779999732971191,16.079999923706055,15.739999771118164,16.0,113000
2023-10-03,13.626876831054688,15.539999961853027,15.8149995803833,15.510000228881836,15.75,94000
2023-10-04,13.530418395996094,15.430000305175781,15.585000038146973,15.385000228881836,15.5,143500
2023-10-05,13.38134765625,15.260000228881836,15.399999618530273,15.229999542236328,15.319999694824219,59700
2023-10-06,13.50411319732666,15.399999618530273,15.4399995803833,15.140000343322754,15.25,124800
2023-10-09,13.512880325317383,15.40999984741211,15.40999984741211,15.260000228881836,15.300000190734863,106000
2023-10-10,13.749641418457031,15.680000305175781,15.729999542236328,15.270000457763672,15.40999984741211,107600
2023-10-11,13.889945030212402,15.84000015258789,15.859999656677246,15.65999984741211,15.65999984741211,102500
2023-10-12,13.626876831054688,15.539999961853027,15.75,15.510000228881836,15.75,50000
2023-10-13,13.58303165435791,15.489999771118164,15.680000305175781,15.470000267028809,15.5600004196167,159600
2023-10-16,13.697028160095215,15.619999885559082,15.75,15.489999771118164,15.489999771118164,98100
2023-10-17,13.710182189941406,15.635000228881836,15.6899995803833,15.460000038146973,15.460000038146973,85800
2023-10-18,13.58303165435791,15.489999771118164,15.59000015258789,15.47599983215332,15.529999732971191,85700
2023-10-19,13.460267066955566,15.350000381469727,15.489999771118164,15.34000015258789,15.40999984741211,30000
2023-10-20,13.363810539245605,15.239999771118164,15.484999656677246,15.229999542236328,15.399999618530273,75500
2023-10-23,13.354970932006836,15.109999656677246,15.170000076293945,15.039999961853027,15.100000381469727,35600
2023-10-24,13.47870922088623,15.25,15.289999961853027,15.170000076293945,15.180000305175781,65500
2023-10-25,13.47870922088623,15.25,15.390000343322754,15.109999656677246,15.140000343322754,76200
2023-10-26,13.363810539245605,15.119999885559082,15.255000114440918,15.059000015258789,15.140000343322754,87800
2023-10-27,13.275426864624023,15.020000457763672,15.305000305175781,14.960000038146973,15.180000305175781,73600
2023-10-30,13.434516906738281,15.199999809265137,15.279999732971191,15.119999885559082,15.130000114440918,70200
2023-10-31,13.62012767791748,15.40999984741211,15.5,15.274999618530273,15.350000381469727,118500
2023-11-01,13.858766555786133,15.680000305175781,15.699999809265137,15.449999809265137,15.449999809265137,64100
2023-11-02,14.397915840148926,16.290000915527344,16.329999923706055,15.779999732971191,15.779999732971191,92900
2023-11-03,14.503975868225098,16.40999984741211,16.530000686645508,16.280000686645508,16.299999237060547,108700
2023-11-06,14.477460861206055,16.3799991607666,16.5,16.329999923706055,16.329999923706055,97000
2023-11-07,14.38907527923584,16.280000686645508,16.31999969482422,16.232999801635742,16.260000228881836,111300
2023-11-08,14.37139892578125,16.260000228881836,16.399999618530273,16.20400047302246,16.350000381469727,41600
2023-11-09,14.247659683227539,16.1200008392334,16.329999923706055,16.100000381469727,16.270000457763672,126700
2023-11-10,14.336043357849121,16.219999313354492,16.239999771118164,16.1299991607666,16.1299991607666,29100
2023-11-13,14.3272066116333,16.209999084472656,16.350000381469727,16.200000762939453,16.280000686645508,179200
2023-11-14,14.786808967590332,16.729999542236328,16.809999465942383,16.290000915527344,16.290000915527344,200100
2023-11-15,14.831001281738281,16.780000686645508,17.09000015258789,16.690000534057617,16.690000534057617,56500
2023-11-16,14.884034156799316,16.84000015258789,16.915000915527344,16.709999084472656,16.719999313354492,44700
2023-11-17,15.04312515258789,17.020000457763672,17.040000915527344,16.770000457763672,16.770000457763672,62400
2023-11-20,15.069640159606934,17.049999237060547,17.135000228881836,16.969999313354492,16.969999313354492,48600
2023-11-21,15.060738563537598,16.920000076293945,17.030000686645508,16.899999618530273,16.899999618530273,29700
2023-11-22,15.051838874816895,16.90999984741211,16.989999771118164,16.860000610351562,16.860000610351562,45800
2023-11-24,15.158653259277344,17.030000686645508,17.159000396728516,16.905000686645508,16.93000030517578,14200
2023-11-27,15.131949424743652,17.0,17.065000534057617,16.979999542236328,16.989999771118164,42300
2023-11-28,15.216507911682129,17.094999313354492,17.25,16.979999542236328,16.979999542236328,86100
2023-11-29,15.238763809204102,17.1200008392334,17.25,17.100000381469727,17.100000381469727,42000
2023-11-30,15.541399002075195,17.459999084472656,17.6200008392334,17.142000198364258,17.270000457763672,137300
2023-12-01,15.407883644104004,17.309999465942383,17.43000030517578,17.219999313354492,17.40999984741211,136100
2023-12-04,15.336673736572266,17.229999542236328,17.34000015258789,17.229999542236328,17.299999237060547,99200
2023-12-05,15.238763809204102,17.1200008392334,17.239999771118164,17.09000015258789,17.100000381469727,182700
2023-12-06,15.345575332641602,17.239999771118164,17.360000610351562,17.1299991607666,17.1299991607666,108300
2023-12-07,15.41678524017334,17.31999969482422,17.389999389648438,17.229999542236328,17.239999771118164,56200
2023-12-08,15.461291313171387,17.3700008392334,17.3700008392334,17.25,17.25,56300
2023-12-11,15.398983001708984,17.299999237060547,17.389999389648438,17.28499984741211,17.299999237060547,23200
2023-12-12,15.505796432495117,17.420000076293945,17.540000915527344,17.280000686645508,17.3799991607666,78000
2023-12-13,15.701621055603027,17.639999389648438,17.639999389648438,17.420000076293945,17.420000076293945,121500
2023-12-14,15.999810218811035,17.975000381469727,18.079999923706055,17.610000610351562,17.610000610351562,54500
2023-12-15,15.977558135986328,17.950000762939453,18.079999923706055,17.791000366210938,17.899999618530273,86200
2023-12-18,15.870741844177246,17.829999923706055,17.940000534057617,17.799999237060547,17.889999389648438,72100
2023-12-19,15.86184310913086,17.81999969482422,17.93000030517578,17.719999313354492,17.850000381469727,65100
2023-12-20,15.781728744506836,17.729999542236328,17.90999984741211,17.719999313354492,17.81999969482422,69100
2023-12-21,15.728324890136719,17.670000076293945,17.850000381469727,17.65999984741211,17.700000762939453,78000
2023-12-22,15.950854301452637,17.920000076293945,17.950000762939453,17.709999084472656,17.809999465942383,52000
2023-12-26,15.95975112915039,17.93000030517578,18.010000228881836,17.84000015258789,17.8700008392334,62500
2023-12-27,15.915251731872559,17.8799991607666,18.0,17.799999237060547,17.93000030517578,130700
2023-12-28,16.004863739013672,17.860000610351562,17.950000762939453,17.639999389648438,17.639999389648438,65800
2023-12-29,16.07655143737793,17.940000534057617,18.030000686645508,17.690000534057617,17.729999542236328,90200
2024-01-02,16.013822555541992,17.8700008392334,17.969999313354492,17.809999465942383,17.940000534057617,142200
2024-01-03,15.906290054321289,17.75,17.940000534057617,17.6200008392334,17.940000534057617,48400
2024-01-04,15.897322654724121,17.739999771118164,17.799999237060547,17.670000076293945,17.790000915527344,59300
2024-01-05,16.040706634521484,17.899999618530273,17.93000030517578,17.540000915527344,17.59000015258789,64800
2024-01-08,16.13032341003418,18.0,18.049999237060547,17.899999618530273,17.899999618530273,73400
2024-01-09,16.255779266357422,18.139999389648438,18.489999771118164,18.010000228881836,18.010000228881836,253200
2024-01-10,16.291624069213867,18.18000030517578,18.549999237060547,18.1200008392334,18.270000457763672,92700
2024-01-11,16.372276306152344,18.270000457763672,18.389999389648438,18.1299991607666,18.149999618530273,142100
2024-01-12,16.354351043701172,18.25,18.341999053955078,18.149999618530273,18.270000457763672,114000
2024-01-16,16.255779266357422,18.139999389648438,18.31999969482422,18.1299991607666,18.299999237060547,105700
2024-01-17,16.148244857788086,18.020000457763672,18.110000610351562,17.959999084472656,18.09000015258789,63700
2024-01-18,15.942133903503418,17.790000915527344,18.1200008392334,17.790000915527344,18.020000457763672,85300
2024-01-19,15.879404067993164,17.719999313354492,17.889999389648438,17.68000030517578,17.81999969482422,58500
2024-01-22,15.879404067993164,17.719999313354492,17.860000610351562,17.709999084472656,17.860000610351562,83600
2024-01-23,15.933664321899414,17.6200008392334,17.684999465942383,17.6200008392334,17.65999984741211,77800
2024-01-24,15.725675582885742,17.389999389648438,17.780000686645508,17.389999389648438,17.75,71100
2024-01-25,15.707589149475098,17.3700008392334,17.600000381469727,17.350000381469727,17.350000381469727,91200
2024-01-26,15.870357513427734,17.549999237060547,17.549999237060547,17.290000915527344,17.3700008392334,94900
2024-01-29,15.834188461303711,17.510000228881836,17.6200008392334,17.440000534057617,17.6200008392334,61200
2024-01-30,15.788972854614258,17.459999084472656,17.579999923706055,17.350000381469727,17.540000915527344,65300
2024-01-31,15.68950366973877,17.350000381469727,17.559999465942383,17.350000381469727,17.399999618530273,140400
2024-02-01,15.888444900512695,17.56999969482422,17.56999969482422,17.360000610351562,17.3799991607666,131300
2024-02-02,15.770890235900879,17.440000534057617,17.610000610351562,17.3799991607666,17.610000610351562,83200
2024-02-05,15.725675582885742,17.389999389648438,17.437999725341797,17.260000228881836,17.399999618530273,80900
2024-02-06,15.834188461303711,17.510000228881836,17.614999771118164,17.450000762939453,17.459999084472656,75100
2024-02-07,15.897488594055176,17.579999923706055,17.59000015258789,17.469999313354492,17.510000228881836,27700
2024-02-08,15.978878021240234,17.670000076293945,17.709999084472656,17.520000457763672,17.520000457763672,51500
2024-02-09,15.969830513000488,17.65999984741211,17.690000534057617,17.600000381469727,17.639999389648438,47400
2024-02-12,15.834188461303711,17.510000228881836,17.75,17.510000228881836,17.719999313354492,45700
2024-02-13,15.726577758789062,17.391000747680664,17.65999984741211,17.3799991607666,17.459999084472656,67400
2024-02-14,15.590028762817383,17.239999771118164,17.433000564575195,17.219999313354492,17.3799991607666,63800
2024-02-15,15.617157936096191,17.270000457763672,17.395000457763672,17.200000762939453,17.200000762939453,72800
2024-02-16,15.590028762817383,17.239999771118164,17.34000015258789,17.110000610351562,17.200000762939453,94700
2024-02-20,15.535770416259766,17.18000030517578,17.350000381469727,17.15999984741211,17.219999313354492,31500
2024-02-21,15.782078742980957,17.299999237060547,17.299999237060547,17.15999984741211,17.200000762939453,89400
2024-02-22,15.645240783691406,17.149999618530273,17.3700008392334,17.135000228881836,17.3700008392334,67400
2024-02-23,15.626996040344238,17.1299991607666,17.260000228881836,17.09000015258789,17.260000228881836,88000
2024-02-26,15.508402824401855,17.0,17.152999877929688,16.982999801635742,17.110000610351562,64000
2024-02-27,15.654364585876465,17.15999984741211,17.170000076293945,16.979999542236328,16.979999542236328,57600
2024-02-28,15.636120796203613,17.139999389648438,17.190000534057617,17.1299991607666,17.1299991607666,38400
2024-02-29,15.709097862243652,17.219999313354492,17.3700008392334,17.15999984741211,17.260000228881836,96700
2024-03-01,15.791204452514648,17.309999465942383,17.34000015258789,17.190000534057617,17.34000015258789,86700
2024-03-04,15.98277759552002,17.520000457763672,17.59000015258789,17.350000381469727,17.440000534057617,99500
2024-03-05,15.845940589904785,17.3700008392334,17.540000915527344,17.34000015258789,17.530000686645508,97600
2024-03-06,15.97365665435791,17.510000228881836,17.520000457763672,17.389999389648438,17.389999389648438,62500
2024-03-07,16.092248916625977,17.639999389648438,17.65999984741211,17.510000228881836,17.510000228881836,89600
2024-03-08,16.119619369506836,17.670000076293945,17.75,17.59000015258789,17.6200008392334,40800
2024-03-11,16.137863159179688,17.690000534057617,17.749000549316406,17.570999145507812,17.739999771118164,52400
2024-03-12,16.11049461364746,17.65999984741211,17.75,17.56999969482422,17.65999984741211,265400
2024-03-13,16.137863159179688,17.690000534057617,17.799999237060547,17.610000610351562,17.610000610351562,39400
2024-03-14,15.937167167663574,17.469999313354492,17.780000686645508,17.437000274658203,17.780000686645508,68700
2024-03-15,15.937167167663574,17.469999313354492,17.545000076293945,17.440000534057617,17.440000534057617,69800
2024-03-18,16.229087829589844,17.790000915527344,17.799999237060547,17.469999313354492,17.5,139000
2024-03-19,16.265579223632812,17.829999923706055,17.850000381469727,17.670000076293945,17.790000915527344,78700
2024-03-20,16.31157684326172,17.729999542236328,17.760000228881836,17.399999618530273,17.719999313354492,52500
2024-03-21,16.256380081176758,17.670000076293945,17.860000610351562,17.639999389648438,17.850000381469727,82600
2024-03-22,16.21038055419922,17.6200008392334,17.711000442504883,17.6200008392334,17.68000030517578,53600
2024-03-25,16.182777404785156,17.59000015258789,17.639999389648438,17.549999237060547,17.600000381469727,53400
2024-03-26,16.10917854309082,17.510000228881836,17.600000381469727,17.510000228881836,17.56999969482422,55500
2024-03-27,16.329978942871094,17.75,17.75,17.510000228881836,17.510000228881836,58900
2024-03-28,16.329978942871094,17.75,17.8700008392334,17.75,17.850000381469727,85300
2024-04-01,16.28398323059082,17.700000762939453,17.8799991607666,17.670000076293945,17.850000381469727,85000
2024-04-02,16.265581130981445,17.68000030517578,17.700000762939453,17.6200008392334,17.639999389648438,127800
2024-04-03,16.090778350830078,17.489999771118164,17.649999618530273,17.479999542236328,17.649999618530273,132600
2024-04-04,16.053979873657227,17.450000762939453,17.649999618530273,17.450000762939453,17.649999618530273,46500
2024-04-05,16.053979873657227,17.450000762939453,17.5049991607666,17.440000534057617,17.450000762939453,58300
2024-04-08,16.06317710876465,17.459999084472656,17.479999542236328,17.420000076293945,17.420000076293945,62200
2024-04-09,16.118379592895508,17.520000457763672,17.56999969482422,17.450000762939453,17.450000762939453,55900
2024-04-10,15.906780242919922,17.290000915527344,17.479999542236328,17.28700065612793,17.459999084472656,65600
2024-04-11,15.842376708984375,17.219999313354492,17.309999465942383,17.149999618530273,17.309999465942383,104500
2024-04-12,15.612377166748047,16.969999313354492,17.239999771118164,16.950000762939453,17.200000762939453,62800
2024-04-15,15.400779724121094,16.739999771118164,17.114999771118164,16.729999542236328,17.040000915527344,59700
2024-04-16,15.276579856872559,16.604999542236328,16.899999618530273,16.579999923706055,16.790000915527344,83400
2024-04-17,15.400779724121094,16.739999771118164,16.770000457763672,16.639999389648438,16.639999389648438,64700
2024-04-18,15.400779724121094,16.739999771118164,16.8799991607666,16.739999771118164,16.760000228881836,87400
2024-04-19,15.56637954711914,16.920000076293945,16.940000534057617,16.829999923706055,16.829999923706055,45800
2024-04-22,15.75202465057373,16.969999313354492,17.0,16.770000457763672,16.860000610351562,56100
2024-04-23,15.956236839294434,17.190000534057617,17.200000762939453,16.920000076293945,16.959999084472656,47500
2024-04-24,16.067623138427734,17.309999465942383,17.309999465942383,17.125999450683594,17.229999542236328,50000
2024-04-25,16.0861873626709,17.329999923706055,17.360000610351562,17.174999237060547,17.239999771118164,59800
2024-04-26,15.974799156188965,17.209999084472656,17.420000076293945,17.200000762939453,17.399999618530273,46000
2024-04-29,16.095468521118164,17.34000015258789,17.40999984741211,17.219999313354492,17.219999313354492,69000
2024-04-30,15.956236839294434,17.190000534057617,17.3799991607666,17.18000030517578,17.3799991607666,45400
2024-05-01,16.076904296875,17.31999969482422,17.433000564575195,17.170000076293945,17.200000762939453,60900
2024-05-02,16.346092224121094,17.610000610351562,17.690000534057617,17.3799991607666,17.3799991607666,118200
2024-05-03,16.48532485961914,17.760000228881836,17.8799991607666,17.649999618530273,17.649999618530273,66900
2024-05-06,16.585573196411133,17.868000030517578,17.900999069213867,17.739999771118164,17.739999771118164,40000
2024-05-07,16.60599136352539,17.889999389648438,17.989999771118164,17.850000381469727,17.850000381469727,42900
2024-05-08,16.670969009399414,17.959999084472656,17.989999771118164,17.90999984741211,17.90999984741211,79400
2024-05-09,16.930871963500977,18.239999771118164,18.239999771118164,17.961000442504883,18.0,55200
2024-05-10,17.311447143554688,18.649999618530273,18.649999618530273,18.34000015258789,18.34000015258789,141500
2024-05-13,17.71058464050293,19.079999923706055,19.1200008392334,18.659000396728516,18.68000030517578,117600
2024-05-14,17.63632583618164,19.0,19.139999389648438,18.770000457763672,18.989999771118164,139700
2024-05-15,17.441402435302734,18.790000915527344,19.25,18.790000915527344,19.149999618530273,105300
2024-05-16,17.562068939208984,18.920000076293945,19.110000610351562,18.799999237060547,18.799999237060547,92900
2024-05-17,17.589916229248047,18.950000762939453,18.969999313354492,18.829999923706055,18.860000610351562,75500
2024-05-20,17.729150772094727,19.100000381469727,19.190000534057617,19.0,19.0,70200
2024-05-21,17.979774475097656,19.3700008392334,19.459999084472656,19.097999572753906,19.1200008392334,92300
2024-05-22,17.90473747253418,19.09000015258789,19.200000762939453,19.059999465942383,19.1200008392334,76000
2024-05-23,17.65150260925293,18.81999969482422,19.139999389648438,18.81999969482422,19.139999389648438,79900
2024-05-24,17.68902015686035,18.860000610351562,18.934999465942383,18.809999465942383,18.81999969482422,49200
2024-05-28,17.66088104248047,18.829999923706055,19.049999237060547,18.799999237060547,18.850000381469727,59200
2024-05-29,17.304475784301758,18.450000762939453,18.81999969482422,18.43000030517578,18.799999237060547,79200
2024-05-30,17.52019500732422,18.68000030517578,18.700000762939453,18.309999465942383,18.440000534057617,101700
2024-05-31,17.585847854614258,18.75,18.840999603271484,18.700000762939453,18.81999969482422,61000
2024-06-03,17.73591423034668,18.90999984741211,19.420000076293945,18.780000686645508,18.860000610351562,109200
2024-06-04,17.69839859008789,18.8700008392334,19.06999969482422,18.809999465942383,18.829999923706055,46900
2024-06-05,17.67963981628418,18.850000381469727,19.134000778198242,18.799999237060547,18.959999084472656,99700
2024-06-06,17.67963981628418,18.850000381469727,18.989999771118164,18.809999465942383,18.950000762939453,55200
2024-06-07,17.7171573638916,18.889999389648438,18.889999389648438,18.780000686645508,18.81999969482422,34400
2024-06-10,17.66088104248047,18.829999923706055,18.860000610351562,18.760000228881836,18.799999237060547,57600
2024-06-11,17.473299026489258,18.6299991607666,18.760000228881836,18.600000381469727,18.760000228881836,37300
2024-06-12,17.538955688476562,18.700000762939453,18.93000030517578,18.677000045776367,18.75,78900
2024-06-13,17.623367309570312,18.790000915527344,18.8700008392334,18.559999465942383,18.780000686645508,41300
2024-06-14,17.41702651977539,18.56999969482422,18.700000762939453,18.5049991607666,18.68000030517578,70800
2024-06-17,17.285717010498047,18.43000030517578,18.610000610351562,18.200000762939453,18.610000610351562,135200
2024-06-18,17.210683822631836,18.350000381469727,18.448999404907227,18.299999237060547,18.43000030517578,54400
2024-06-20,17.398265838623047,18.549999237060547,18.56999969482422,18.34000015258789,18.34000015258789,76000
2024-06-21,17.41249656677246,18.354999542236328,18.5,18.270000457763672,18.299999237060547,75300
2024-06-24,17.469417572021484,18.415000915527344,18.600000381469727,18.360000610351562,18.360000610351562,92200
2024-06-25,17.4836483001709,18.43000030517578,18.59000015258789,18.360000610351562,18.520000457763672,73600
2024-06-26,17.39826774597168,18.34000015258789,18.434999465942383,18.25,18.350000381469727,97000
2024-06-27,17.38878059387207,18.329999923706055,18.5,18.299999237060547,18.299999237060547,117500
2024-06-28,17.360321044921875,18.299999237060547,18.540000915527344,18.260000228881836,18.43000030517578,118200
2024-07-01,17.445697784423828,18.389999389648438,18.43000030517578,18.299999237060547,18.389999389648438,77000
2024-07-02,17.62594223022461,18.579999923706055,18.594999313354492,18.299999237060547,18.34000015258789,106700
2024-07-03,17.67337417602539,18.6299991607666,18.700000762939453,18.520000457763672,18.530000686645508,53400
2024-07-05,17.730295181274414,18.690000534057617,18.81999969482422,18.6200008392334,18.739999771118164,86300
2024-07-08,17.920024871826172,18.889999389648438,18.959999084472656,18.75,18.75,211300
2024-07-09,17.635427474975586,18.59000015258789,18.90999984741211,18.575000762939453,18.829999923706055,146100
2024-07-10,17.787214279174805,18.75,18.844999313354492,18.59000015258789,18.59000015258789,88700
2024-07-11,17.787214279174805,18.75,18.8799991607666,18.709999084472656,18.770000457763672,96700
2024-07-12,17.863107681274414,18.829999923706055,18.950000762939453,18.739999771118164,18.739999771118164,164100
2024-07-15,18.195133209228516,19.18000030517578,19.34000015258789,18.920000076293945,18.959999084472656,246100
2024-07-16,18.024377822875977,19.0,19.559999465942383,19.0,19.329999923706055,321800
2024-07-17,18.30897331237793,19.299999237060547,19.3700008392334,18.850000381469727,19.010000228881836,177600
2024-07-18,17.82516098022461,18.790000915527344,19.334999084472656,18.780000686645508,19.219999313354492,216600
2024-07-19,18.318458557128906,19.309999465942383,19.34000015258789,18.770000457763672,18.950000762939453,928200
2024-07-22,18.36589241027832,19.360000610351562,19.43000030517578,19.18899917602539,19.329999923706055,166800
2024-07-23,18.12872886657715,19.110000610351562,19.399999618530273,19.030000686645508,19.399999618530273,297800
2024-07-24,17.716493606567383,18.479999542236328,18.979999542236328,18.479999542236328,18.979999542236328,187500
2024-07-25,17.706907272338867,18.469999313354492,18.940000534057617,18.469999313354492,18.545000076293945,110100
2024-07-26,17.553516387939453,18.309999465942383,18.549999237060547,18.25,18.5,175700
2024-07-29,17.658973693847656,18.420000076293945,18.510000228881836,18.190000534057617,18.360000610351562,146700
2024-07-30,17.908231735229492,18.68000030517578,18.700000762939453,18.510000228881836,18.510000228881836,101400
2024-07-31,18.262943267822266,19.049999237060547,19.15999984741211,18.700000762939453,18.920000076293945,235900
2024-08-01,18.23418426513672,19.020000457763672,19.1200008392334,18.878000259399414,19.0,84100
2024-08-02,18.215011596679688,19.0,19.1200008392334,18.75,18.899999618530273,115800
2024-08-05,17.975337982177734,18.75,18.899999618530273,18.219999313354492,18.290000915527344,193500
2024-08-06,17.764429092407227,18.530000686645508,18.81999969482422,18.459999084472656,18.81999969482422,131200
2024-08-07,17.72608184814453,18.489999771118164,18.649999618530273,18.40999984741211,18.559999465942383,160300
2024-08-08,17.72608184814453,18.489999771118164,18.540000915527344,18.450000762939453,18.540000915527344,117100
2024-08-09,17.651304244995117,18.41200065612793,18.674999237060547,18.34000015258789,18.549999237060547,80900
2024-08-12,17.917818069458008,18.690000534057617,18.84000015258789,18.549999237060547,18.549999237060547,104000
2024-08-13,17.841121673583984,18.610000610351562,18.8799991607666,18.520000457763672,18.649999618530273,81400
2024-08-14,18.19583511352539,18.979999542236328,18.979999542236328,18.610000610351562,18.6299991607666,63800
2024-08-15,18.03285789489746,18.809999465942383,18.989999771118164,18.809999465942383,18.940000534057617,98500
2024-08-16,17.975337982177734,18.75,18.81999969482422,18.610000610351562,18.670000076293945,66000
2024-08-19,18.454681396484375,19.25,19.34000015258789,18.889999389648438,18.889999389648438,133500
2024-08-20,18.483442306518555,19.280000686645508,19.389999389648438,19.160999298095703,19.329999923706055,98100
2024-08-21,18.44509506225586,19.239999771118164,19.327999114990234,19.209999084472656,19.209999084472656,73600
2024-08-22,18.43550682067871,19.229999542236328,19.350000381469727,19.16699981689453,19.350000381469727,123100
2024-08-23,18.871448516845703,19.479999542236328,19.549999237060547,19.1200008392334,19.170000076293945,122000
2024-08-26,19.249267578125,19.8700008392334,19.8700008392334,19.479999542236328,19.59000015258789,128700
2024-08-27,19.07489013671875,19.690000534057617,19.84000015258789,19.520000457763672,19.84000015258789,95900
2024-08-28,18.474258422851562,19.06999969482422,19.860000610351562,19.06999969482422,19.799999237060547,176500
2024-08-29,18.697072982788086,19.299999237060547,19.34600067138672,19.170000076293945,19.170000076293945,83100
2024-08-30,19.123327255249023,19.739999771118164,19.760000228881836,19.399999618530273,19.399999618530273,145100
2024-09-03,18.97801399230957,19.59000015258789,19.809999465942383,19.5,19.809999465942383,123600
2024-09-04,18.948949813842773,19.559999465942383,19.75,19.479999542236328,19.65999984741211,88500
2024-09-05,19.11363983154297,19.729999542236328,19.81999969482422,19.479999542236328,19.690000534057617,137900
2024-09-06,19.084579467773438,19.700000762939453,19.8700008392334,19.625,19.770000457763672,140300
2024-09-09,19.11363983154297,19.729999542236328,19.850000381469727,19.709999084472656,19.709999084472656,117400
2024-09-10,18.997390747070312,19.610000610351562,19.829999923706055,19.600000381469727,19.829999923706055,140000
2024-09-11,19.229890823364258,19.850000381469727,19.889999389648438,19.6200008392334,19.670000076293945,163300
2024-09-12,19.229890823364258,19.850000381469727,20.099000930786133,19.701000213623047,19.899999618530273,165700
2024-09-13,19.413957595825195,20.040000915527344,20.174999237060547,19.920000076293945,19.950000762939453,115600
2024-09-16,19.249267578125,19.8700008392334,20.179000854492188,19.75,20.040000915527344,126800
2024-09-17,19.065202713012695,19.68000030517578,20.06999969482422,19.65999984741211,19.889999389648438,133200
2024-09-18,19.336454391479492,19.959999084472656,20.045000076293945,19.639999389648438,19.770000457763672,132300
2024-09-19,19.28801727294922,19.90999984741211,20.049999237060547,19.850000381469727,20.0,144100
2024-09-20,19.34676170349121,19.760000228881836,20.049999237060547,19.639999389648438,19.639999389648438,146200
2024-09-23,19.67965316772461,20.100000381469727,20.18000030517578,19.780000686645508,19.780000686645508,124400
2024-09-24,19.67965316772461,20.100000381469727,20.209999084472656,20.014999389648438,20.209999084472656,90500
2024-09-25,19.454463958740234,19.8700008392334,20.145000457763672,19.84000015258789,20.040000915527344,74600
2024-09-26,19.444669723510742,19.860000610351562,20.079999923706055,19.809999465942383,19.90999984741211,148300
2024-09-27,19.640487670898438,20.059999465942383,20.239999771118164,20.003999710083008,20.030000686645508,138600
2024-09-30,19.787349700927734,20.209999084472656,20.34600067138672,20.1200008392334,20.149999618530273,186200
2024-10-01,19.757978439331055,20.18000030517578,20.350000381469727,20.100000381469727,20.350000381469727,90900
2024-10-02,19.728605270385742,20.149999618530273,20.25,20.09000015258789,20.25,109500
2024-10-03,19.640487670898438,20.059999465942383,20.299999237060547,20.030000686645508,20.030000686645508,156100
2024-10-04,19.660070419311523,20.079999923706055,20.280000686645508,19.920000076293945,20.209999084472656,138500
2024-10-07,19.694337844848633,20.114999771118164,20.239999771118164,20.030000686645508,20.09000015258789,141900
2024-10-08,19.434879302978516,19.850000381469727,20.190000534057617,19.809999465942383,20.190000534057617,124800
2024-10-09,19.483835220336914,19.899999618530273,20.059999465942383,19.85099983215332,19.959999084472656,140900
2024-10-10,19.503416061401367,19.920000076293945,20.0,19.799999237060547,19.799999237060547,104500
2024-10-11,19.483835220336914,19.899999618530273,20.014999389648438,19.770000457763672,19.8799991607666,122300
2024-10-14,19.640487670898438,20.059999465942383,20.100000381469727,19.950000762939453,20.040000915527344,105500
2024-10-15,19.56216049194336,19.979999542236328,20.1299991607666,19.979999542236328,20.06999969482422,85900
2024-10-16,19.684547424316406,20.104999542236328,20.299999237060547,20.045000076293945,20.059999465942383,135500
2024-10-17,19.76287269592285,20.184999465942383,20.219999313354492,20.1200008392334,20.149999618530273,96000
2024-10-18,19.787349700927734,20.209999084472656,20.290000915527344,20.149999618530273,20.190000534057617,94400
2024-10-21,19.77756118774414,20.200000762939453,20.309999465942383,20.170000076293945,20.260000228881836,118400
2024-10-22,19.816722869873047,20.239999771118164,20.329999923706055,20.18000030517578,20.25,174700
2024-10-23,19.767770767211914,20.190000534057617,20.329999923706055,20.121000289916992,20.260000228881836,139200
2024-10-24,19.757875442504883,19.969999313354492,20.09000015258789,19.930999755859375,20.049999237060547,85400
2024-10-25,19.807344436645508,20.020000457763672,20.1299991607666,19.920000076293945,20.100000381469727,129900
2024-10-28,19.86670684814453,20.079999923706055,20.1200008392334,19.959999084472656,20.020000457763672,162800
2024-10-29,19.609468460083008,19.81999969482422,20.100000381469727,19.75,20.100000381469727,151500
2024-10-30,19.59957504272461,19.809999465942383,19.920000076293945,19.773000717163086,19.899999618530273,113800
2024-10-31,19.39180564880371,19.600000381469727,19.899999618530273,19.5,19.899999618530273,192500
2024-11-01,19.431381225585938,19.639999389648438,19.825000762939453,19.6200008392334,19.700000762939453,142800
2024-11-04,19.401700973510742,19.610000610351562,19.81800079345703,19.56999969482422,19.690000534057617,105700
2024-11-05,19.451168060302734,19.65999984741211,19.739999771118164,19.5,19.65999984741211,110600
2024-11-06,18.867435455322266,19.06999969482422,19.68000030517578,19.059999465942383,19.670000076293945,288300
2024-11-07,19.14446258544922,19.350000381469727,19.420000076293945,19.100000381469727,19.1200008392334,157600
2024-11-08,19.154356002807617,19.360000610351562,19.44499969482422,19.209999084472656,19.290000915527344,103100
2024-11-11,19.21371841430664,19.420000076293945,19.5,19.360000610351562,19.3700008392334,142400
2024-11-12,18.996055603027344,19.200000762939453,19.5,19.170000076293945,19.420000076293945,145300
2024-11-13,18.907011032104492,19.110000610351562,19.280000686645508,19.100000381469727,19.190000534057617,114900
2024-11-14,18.956480026245117,19.15999984741211,19.34600067138672,19.139999389648438,19.149999618530273,109300
2024-11-15,19.02573585510254,19.229999542236328,19.298999786376953,19.1200008392334,19.149999618530273,170400
2024-11-18,19.41159439086914,19.6200008392334,19.739999771118164,19.280000686645508,19.280000686645508,226000
2024-11-19,19.41159439086914,19.6200008392334,19.798999786376953,19.5,19.649999618530273,169000
2024-11-20,19.560001373291016,19.770000457763672,19.770000457763672,19.649999618530273,19.719999313354492,109300
2024-11-21,19.610000610351562,19.610000610351562,19.959999084472656,19.559999465942383,19.690000534057617,103900
2024-11-22,19.55500030517578,19.55500030517578,19.6200008392334,19.510000228881836,19.6200008392334,101400
2024-11-25,19.649999618530273,19.649999618530273,19.690000534057617,19.59000015258789,19.600000381469727,86200
2024-11-26,19.6299991607666,19.6299991607666,19.719999313354492,19.6299991607666,19.649999618530273,128700
2024-11-27,19.760000228881836,19.760000228881836,19.799999237060547,19.650999069213867,19.75,103000
2024-11-29,19.860000610351562,19.860000610351562,19.889999389648438,19.780000686645508,19.889999389648438,81800
2024-12-02,19.790000915527344,19.790000915527344,19.940000534057617,19.780000686645508,19.829999923706055,125700
2024-12-03,19.68000030517578,19.68000030517578,19.950000762939453,19.68000030517578,19.850000381469727,103100
2024-12-04,19.639999389648438,19.639999389648438,19.739999771118164,19.6200008392334,19.68000030517578,90700
2024-12-05,19.770000457763672,19.770000457763672,19.809999465942383,19.649999618530273,19.68000030517578,91000
2024-12-06,19.700000762939453,19.700000762939453,19.829999923706055,19.68000030517578,19.799999237060547,106300
