Date,Open,High,Low,Close,Adj Close,Volume
2021-11-10,10.09000015258789,10.180000305175781,10.069999694824219,10.180000305175781,10.180000305175781,13630003
2021-11-11,10.09000015258789,10.119999885559082,10.09000015258789,10.100000381469727,10.100000381469727,237583
2021-11-12,10.100000381469727,10.100000381469727,10.069999694824219,10.100000381469727,10.100000381469727,177927
2021-11-15,10.100000381469727,10.180000305175781,10.09000015258789,10.149999618530273,10.149999618530273,256596
2021-11-16,10.199999809265137,10.300000190734863,10.149999618530273,10.1899995803833,10.1899995803833,64452
2021-11-17,10.239999771118164,10.25,10.140000343322754,10.149999618530273,10.149999618530273,153981
2021-11-18,10.300000190734863,10.300000190734863,10.140000343322754,10.210000038146973,10.210000038146973,131413
2021-11-19,10.1899995803833,10.25,10.140000343322754,10.239999771118164,10.239999771118164,153875
2021-11-22,10.199999809265137,10.25,10.109999656677246,10.15999984741211,10.15999984741211,61773
2021-11-23,10.170000076293945,10.170000076293945,10.109999656677246,10.119999885559082,10.119999885559082,55694
2021-11-24,10.199999809265137,10.199999809265137,10.119999885559082,10.15999984741211,10.15999984741211,107003
2021-11-26,10.140000343322754,10.300000190734863,10.109999656677246,10.15999984741211,10.15999984741211,365603
2021-11-29,10.180000305175781,10.25,10.109999656677246,10.170000076293945,10.170000076293945,157631
2021-11-30,10.149999618530273,10.199999809265137,10.119999885559082,10.119999885559082,10.119999885559082,21403
2021-12-01,10.130000114440918,10.180000305175781,10.119999885559082,10.149999618530273,10.149999618530273,35102
2021-12-02,10.199999809265137,10.210000038146973,10.140000343322754,10.149999618530273,10.149999618530273,124790
2021-12-03,10.145099639892578,10.229999542236328,10.145099639892578,10.229999542236328,10.229999542236328,331390
2021-12-06,10.300000190734863,10.300000190734863,10.175000190734863,10.180000305175781,10.180000305175781,53716
2021-12-07,10.300000190734863,10.300000190734863,10.15999984741211,10.15999984741211,10.15999984741211,5038
2021-12-08,10.140000343322754,10.220000267028809,10.100000381469727,10.1899995803833,10.1899995803833,221296
2021-12-09,10.130000114440918,10.239999771118164,10.130000114440918,10.170000076293945,10.170000076293945,14151
2021-12-10,10.192500114440918,10.192500114440918,10.145000457763672,10.149999618530273,10.149999618530273,169266
2021-12-13,10.300000190734863,10.300000190734863,10.109999656677246,10.119999885559082,10.119999885559082,5849
2021-12-14,10.289999961853027,10.289999961853027,10.111599922180176,10.170000076293945,10.170000076293945,11564
2021-12-15,10.117500305175781,10.149999618530273,10.109999656677246,10.109999656677246,10.109999656677246,64805
2021-12-16,10.109999656677246,10.119999885559082,10.09000015258789,10.104999542236328,10.104999542236328,110386
2021-12-17,10.109999656677246,10.109999656677246,10.100000381469727,10.100000381469727,10.100000381469727,34959
2021-12-20,10.109999656677246,10.109999656677246,10.100000381469727,10.100000381469727,10.100000381469727,10935
2021-12-21,10.100000381469727,10.140000343322754,10.079999923706055,10.140000343322754,10.140000343322754,351772
2021-12-22,10.09000015258789,10.149999618530273,10.0600004196167,10.0600004196167,10.0600004196167,80222
2021-12-23,10.100000381469727,10.149999618530273,10.100000381469727,10.119999885559082,10.119999885559082,7131
2021-12-27,10.149999618530273,10.149999618530273,10.09000015258789,10.149999618530273,10.149999618530273,23257
2021-12-28,10.180000305175781,10.255399703979492,10.09000015258789,10.199999809265137,10.199999809265137,4374
2021-12-29,10.170000076293945,10.236300468444824,10.09000015258789,10.09000015258789,10.09000015258789,15912
2021-12-30,10.170000076293945,10.199999809265137,10.09000015258789,10.09000015258789,10.09000015258789,18331
2021-12-31,10.079999923706055,10.140000343322754,10.079999923706055,10.109999656677246,10.109999656677246,9165
2022-01-03,10.149999618530273,10.210000038146973,10.0600004196167,10.210000038146973,10.210000038146973,251898
2022-01-04,10.210000038146973,10.210000038146973,10.15999984741211,10.199999809265137,10.199999809265137,18176
2022-01-05,10.109999656677246,10.25,10.109999656677246,10.199999809265137,10.199999809265137,60011
2022-01-06,10.399999618530273,10.399999618530273,10.170000076293945,10.199999809265137,10.199999809265137,140735
2022-01-07,10.199999809265137,10.220000267028809,10.180000305175781,10.210000038146973,10.210000038146973,383909
2022-01-10,10.210000038146973,10.220000267028809,10.1899995803833,10.1899995803833,10.1899995803833,37479
2022-01-11,10.210000038146973,10.229999542236328,10.170000076293945,10.1899995803833,10.1899995803833,18501
2022-01-12,10.199999809265137,10.199999809265137,10.199999809265137,10.199999809265137,10.199999809265137,2762
2022-01-13,10.170000076293945,10.239999771118164,10.140000343322754,10.180000305175781,10.180000305175781,31472
2022-01-14,10.199999809265137,10.199999809265137,10.149999618530273,10.15999984741211,10.15999984741211,7670
2022-01-18,10.130000114440918,10.1899995803833,10.130000114440918,10.130000114440918,10.130000114440918,80840
2022-01-19,10.170000076293945,10.170000076293945,10.149999618530273,10.149999618530273,10.149999618530273,1238
2022-01-20,10.170000076293945,10.180000305175781,10.09000015258789,10.140000343322754,10.140000343322754,67048
2022-01-21,10.140000343322754,10.184200286865234,10.100000381469727,10.130000114440918,10.130000114440918,32546
2022-01-24,10.100000381469727,10.125,10.100000381469727,10.100000381469727,10.100000381469727,3570
2022-01-25,10.100000381469727,10.119999885559082,10.0600004196167,10.0600004196167,10.0600004196167,2154
2022-01-26,10.09000015258789,10.09000015258789,10.039999961853027,10.039999961853027,10.039999961853027,29938
2022-01-27,10.039999961853027,10.050000190734863,10.029999732971191,10.045000076293945,10.045000076293945,43800
2022-01-28,10.050000190734863,10.050000190734863,10.029999732971191,10.039999961853027,10.039999961853027,19764
2022-01-31,10.079999923706055,10.09000015258789,10.079999923706055,10.09000015258789,10.09000015258789,9396
2022-02-01,10.104999542236328,10.130000114440918,10.104999542236328,10.109999656677246,10.109999656677246,11000
2022-02-02,10.270000457763672,10.270000457763672,10.180000305175781,10.180000305175781,10.180000305175781,814
2022-02-03,10.149999618530273,10.170000076293945,10.149999618530273,10.170000076293945,10.170000076293945,611
2022-02-04,10.079999923706055,10.140000343322754,10.079999923706055,10.140000343322754,10.140000343322754,368
2022-02-07,10.140000343322754,10.140000343322754,10.140000343322754,10.140000343322754,10.140000343322754,0
2022-02-08,10.140000343322754,10.140000343322754,10.140000343322754,10.140000343322754,10.140000343322754,734
2022-02-09,10.140000343322754,10.140000343322754,10.140000343322754,10.140000343322754,10.140000343322754,614
2022-02-10,10.076399803161621,10.130000114440918,10.069999694824219,10.069999694824219,10.069999694824219,1003
2022-02-11,10.109999656677246,10.130000114440918,10.100000381469727,10.100000381469727,10.100000381469727,16009
2022-02-14,10.140000343322754,10.140000343322754,10.069999694824219,10.069999694824219,10.069999694824219,2363
2022-02-15,10.079999923706055,10.140000343322754,10.029999732971191,10.079999923706055,10.079999923706055,15226
2022-02-16,10.130000114440918,10.140000343322754,10.130000114440918,10.130000114440918,10.130000114440918,817
2022-02-17,10.130000114440918,10.130000114440918,10.100000381469727,10.130000114440918,10.130000114440918,833
2022-02-18,10.069999694824219,10.109999656677246,10.069999694824219,10.109999656677246,10.109999656677246,1324
2022-02-22,10.09000015258789,10.100000381469727,10.069999694824219,10.100000381469727,10.100000381469727,6251
2022-02-23,10.09000015258789,10.100000381469727,10.079999923706055,10.095000267028809,10.095000267028809,115911
2022-02-24,10.139900207519531,10.140000343322754,10.130000114440918,10.130000114440918,10.130000114440918,98846
2022-02-25,10.100000381469727,10.130000114440918,10.100000381469727,10.119999885559082,10.119999885559082,7748
2022-02-28,10.079999923706055,10.130000114440918,10.079999923706055,10.079999923706055,10.079999923706055,2496
2022-03-01,10.069999694824219,10.130000114440918,10.069999694824219,10.119999885559082,10.119999885559082,5629
2022-03-02,10.020000457763672,10.119999885559082,10.020000457763672,10.119999885559082,10.119999885559082,2337
2022-03-03,10.119999885559082,10.119999885559082,10.047300338745117,10.119999885559082,10.119999885559082,1450
2022-03-04,10.119999885559082,10.119999885559082,10.0600004196167,10.119999885559082,10.119999885559082,3391
2022-03-07,10.119999885559082,10.119999885559082,10.069999694824219,10.069999694824219,10.069999694824219,2412
2022-03-08,10.09000015258789,10.09000015258789,10.09000015258789,10.09000015258789,10.09000015258789,617
2022-03-09,10.079999923706055,10.130000114440918,10.0600004196167,10.130000114440918,10.130000114440918,30688
2022-03-10,10.130000114440918,10.130000114440918,10.130000114440918,10.130000114440918,10.130000114440918,0
2022-03-11,10.119999885559082,10.130000114440918,10.050000190734863,10.130000114440918,10.130000114440918,101184
2022-03-14,10.130000114440918,10.130000114440918,10.130000114440918,10.130000114440918,10.130000114440918,0
2022-03-15,10.130000114440918,10.130000114440918,10.130000114440918,10.130000114440918,10.130000114440918,0
2022-03-16,10.130000114440918,10.130000114440918,10.130000114440918,10.130000114440918,10.130000114440918,0
2022-03-17,10.03499984741211,10.09000015258789,10.03499984741211,10.09000015258789,10.09000015258789,1094
2022-03-18,10.09000015258789,10.09000015258789,10.09000015258789,10.09000015258789,10.09000015258789,0
2022-03-21,10.055000305175781,10.055000305175781,10.055000305175781,10.055000305175781,10.055000305175781,220
2022-03-22,10.0600004196167,10.0600004196167,10.0600004196167,10.0600004196167,10.0600004196167,969
2022-03-23,10.0600004196167,10.0600004196167,10.0600004196167,10.0600004196167,10.0600004196167,0
2022-03-24,10.0600004196167,10.0600004196167,10.0600004196167,10.0600004196167,10.0600004196167,0
2022-03-25,10.0649995803833,10.0649995803833,10.0649995803833,10.0649995803833,10.0649995803833,112
2022-03-28,10.109999656677246,10.109999656677246,10.109999656677246,10.109999656677246,10.109999656677246,2602
2022-03-29,10.127900123596191,10.127900123596191,10.127900123596191,10.127900123596191,10.127900123596191,336
2022-03-30,10.100000381469727,10.100000381469727,10.100000381469727,10.100000381469727,10.100000381469727,3589
2022-03-31,10.140000343322754,10.140000343322754,10.140000343322754,10.140000343322754,10.140000343322754,1468
2022-04-01,10.139900207519531,10.139900207519531,10.039999961853027,10.039999961853027,10.039999961853027,1210
2022-04-04,10.039999961853027,10.039999961853027,10.039999961853027,10.039999961853027,10.039999961853027,0
2022-04-05,10.039999961853027,10.039999961853027,10.039999961853027,10.039999961853027,10.039999961853027,0
2022-04-06,10.104999542236328,10.104999542236328,10.104999542236328,10.104999542236328,10.104999542236328,109
2022-04-07,10.109999656677246,10.125,10.109999656677246,10.125,10.125,265
2022-04-08,10.119999885559082,10.329999923706055,10.11989974975586,10.149999618530273,10.149999618530273,27306
2022-04-11,10.149999618530273,10.149999618530273,10.149999618530273,10.149999618530273,10.149999618530273,0
2022-04-12,10.125,10.125,10.125,10.125,10.125,121
2022-04-13,10.125,10.125,10.125,10.125,10.125,0
2022-04-14,10.125,10.125,10.125,10.125,10.125,0
2022-04-18,10.125,10.15999984741211,10.125,10.149999618530273,10.149999618530273,7945
2022-04-19,10.149999618530273,10.149999618530273,10.149999618530273,10.149999618530273,10.149999618530273,0
2022-04-20,10.149999618530273,10.170000076293945,10.149999618530273,10.151000022888184,10.151000022888184,9014
2022-04-21,10.180000305175781,10.1899995803833,10.154999732971191,10.154999732971191,10.154999732971191,3114
2022-04-22,10.154999732971191,10.154999732971191,10.154999732971191,10.154999732971191,10.154999732971191,0
2022-04-25,10.104999542236328,10.109999656677246,10.104999542236328,10.109999656677246,10.109999656677246,502
2022-04-26,10.100000381469727,10.100000381469727,10.050000190734863,10.050000190734863,10.050000190734863,12606
2022-04-27,10.09000015258789,10.09000015258789,10.09000015258789,10.09000015258789,10.09000015258789,100016
2022-04-28,10.09000015258789,10.09000015258789,10.09000015258789,10.09000015258789,10.09000015258789,0
2022-04-29,10.09000015258789,10.09000015258789,10.09000015258789,10.09000015258789,10.09000015258789,0
2022-05-02,10.109999656677246,10.130000114440918,10.109999656677246,10.109999656677246,10.109999656677246,11287
2022-05-03,10.15999984741211,10.15999984741211,10.15999984741211,10.15999984741211,10.15999984741211,448
2022-05-04,10.149999618530273,10.15999984741211,10.149999618530273,10.15999984741211,10.15999984741211,807
2022-05-05,10.15999984741211,10.15999984741211,10.15999984741211,10.15999984741211,10.15999984741211,612
2022-05-06,10.125,10.170000076293945,10.125,10.15999984741211,10.15999984741211,8186
2022-05-09,10.15999984741211,10.15999984741211,10.15999984741211,10.15999984741211,10.15999984741211,657
2022-05-10,10.039999961853027,10.100000381469727,10.039999961853027,10.100000381469727,10.100000381469727,1482
2022-05-11,10.100000381469727,10.100000381469727,10.020000457763672,10.020000457763672,10.020000457763672,11439
2022-05-12,10.020000457763672,10.020000457763672,10.020000457763672,10.020000457763672,10.020000457763672,0
2022-05-13,10.0600004196167,10.0600004196167,10.0600004196167,10.0600004196167,10.0600004196167,408
2022-05-16,10.039999961853027,10.039999961853027,10.039999961853027,10.039999961853027,10.039999961853027,609
2022-05-17,10.039999961853027,10.039999961853027,10.039999961853027,10.039999961853027,10.039999961853027,471
2022-05-18,10.029999732971191,10.039999961853027,10.029999732971191,10.039999961853027,10.039999961853027,549
2022-05-19,10.029999732971191,10.029999732971191,10.020000457763672,10.020000457763672,10.020000457763672,2082
2022-05-20,10.039999961853027,10.039999961853027,10.029999732971191,10.029999732971191,10.029999732971191,22928
2022-05-23,10.02180004119873,10.024999618530273,10.020000457763672,10.020000457763672,10.020000457763672,4038
2022-05-24,10.020000457763672,10.020000457763672,10.0,10.0,10.0,34909
2022-05-25,10.0,10.0,10.0,10.0,10.0,12821
2022-05-26,10.0,10.0,10.0,10.0,10.0,0
2022-05-27,10.0,10.0,10.0,10.0,10.0,397
2022-05-31,10.020000457763672,10.020000457763672,10.0,10.0,10.0,3989
2022-06-01,10.020000457763672,10.029999732971191,10.020000457763672,10.029999732971191,10.029999732971191,26949
2022-06-02,10.029999732971191,10.029999732971191,10.029999732971191,10.029999732971191,10.029999732971191,0
2022-06-03,10.050000190734863,10.0649995803833,10.050000190734863,10.050000190734863,10.050000190734863,31529
2022-06-06,10.050000190734863,10.050000190734863,10.050000190734863,10.050000190734863,10.050000190734863,0
2022-06-07,10.050000190734863,10.050000190734863,10.050000190734863,10.050000190734863,10.050000190734863,0
2022-06-08,10.0,10.0,10.0,10.0,10.0,25001
2022-06-09,10.0,10.015000343322754,9.999899864196777,10.0,10.0,41997
2022-06-10,9.997300148010254,10.0,9.994999885559082,9.994999885559082,9.994999885559082,4065
2022-06-13,9.989999771118164,10.029999732971191,9.989999771118164,10.029999732971191,10.029999732971191,7255
2022-06-14,9.994999885559082,10.0,9.989999771118164,10.0,10.0,6435
2022-06-15,10.0,10.0,10.0,10.0,10.0,0
2022-06-16,10.0,10.0,10.0,10.0,10.0,0
2022-06-17,9.989999771118164,9.990099906921387,9.960000038146973,9.966699600219727,9.966699600219727,10108
2022-06-21,9.949999809265137,9.979999542236328,9.949999809265137,9.979999542236328,9.979999542236328,1636
2022-06-22,9.979999542236328,9.979999542236328,9.979999542236328,9.979999542236328,9.979999542236328,0
2022-06-23,9.949999809265137,9.949999809265137,9.949999809265137,9.949999809265137,9.949999809265137,5104
2022-06-24,9.829999923706055,9.829999923706055,9.829999923706055,9.829999923706055,9.829999923706055,330
2022-06-27,9.949999809265137,9.979999542236328,9.949999809265137,9.979999542236328,9.979999542236328,1160
2022-06-28,9.979999542236328,9.979999542236328,9.979999542236328,9.979999542236328,9.979999542236328,0
2022-06-29,9.979999542236328,9.979999542236328,9.979999542236328,9.979999542236328,9.979999542236328,0
2022-06-30,9.979999542236328,9.979999542236328,9.979999542236328,9.979999542236328,9.979999542236328,0
2022-07-01,9.979999542236328,9.979999542236328,9.979999542236328,9.979999542236328,9.979999542236328,0
2022-07-05,10.010000228881836,10.010000228881836,10.010000228881836,10.010000228881836,10.010000228881836,150
2022-07-06,10.0,10.0,10.0,10.0,10.0,405
2022-07-07,10.0,10.0,10.0,10.0,10.0,0
2022-07-08,10.0,10.0,10.0,10.0,10.0,0
2022-07-11,10.0,10.0,10.0,10.0,10.0,0
2022-07-12,10.0,10.0,10.0,10.0,10.0,0
2022-07-13,10.0,10.0,10.0,10.0,10.0,0
2022-07-14,10.0,10.0,10.0,10.0,10.0,0
2022-07-15,10.0,10.0,9.989999771118164,9.989999771118164,9.989999771118164,3273
2022-07-18,10.0,10.0,9.989999771118164,9.989999771118164,9.989999771118164,2008
2022-07-19,9.989999771118164,9.989999771118164,9.989999771118164,9.989999771118164,9.989999771118164,0
2022-07-20,9.989999771118164,9.989999771118164,9.989999771118164,9.989999771118164,9.989999771118164,0
2022-07-21,9.989999771118164,9.989999771118164,9.989999771118164,9.989999771118164,9.989999771118164,0
2022-07-22,9.989999771118164,9.989999771118164,9.989999771118164,9.989999771118164,9.989999771118164,0
2022-07-25,10.020000457763672,10.020000457763672,9.960000038146973,10.010000228881836,10.010000228881836,369773
2022-07-26,10.0,10.010000228881836,10.0,10.010000228881836,10.010000228881836,10232
2022-07-27,10.010000228881836,10.010000228881836,10.010000228881836,10.010000228881836,10.010000228881836,303
2022-07-28,10.010000228881836,10.010000228881836,10.010000228881836,10.010000228881836,10.010000228881836,120
2022-07-29,10.010000228881836,10.010000228881836,10.010000228881836,10.010000228881836,10.010000228881836,0
2022-08-01,10.010000228881836,10.010000228881836,10.0,10.0,10.0,7407
2022-08-02,10.010000228881836,10.010000228881836,9.989999771118164,9.989999771118164,9.989999771118164,2284
2022-08-03,10.010000228881836,10.020000457763672,10.010000228881836,10.020000457763672,10.020000457763672,119841
2022-08-04,10.020000457763672,10.020000457763672,10.020000457763672,10.020000457763672,10.020000457763672,0
2022-08-05,9.990099906921387,10.020000457763672,9.990099906921387,10.0,10.0,2046
2022-08-08,10.03499984741211,10.03499984741211,10.010000228881836,10.010000228881836,10.010000228881836,1238
2022-08-09,10.010000228881836,10.010000228881836,10.010000228881836,10.010000228881836,10.010000228881836,0
2022-08-10,10.039999961853027,10.039999961853027,10.039999961853027,10.039999961853027,10.039999961853027,149
2022-08-11,10.039999961853027,10.039999961853027,10.039999961853027,10.039999961853027,10.039999961853027,0
2022-08-12,10.039999961853027,10.039999961853027,10.039999961853027,10.039999961853027,10.039999961853027,0
2022-08-15,10.050000190734863,10.0600004196167,10.050000190734863,10.0600004196167,10.0600004196167,11564
2022-08-16,10.079999923706055,10.079999923706055,10.010000228881836,10.050000190734863,10.050000190734863,5658
2022-08-17,10.050000190734863,10.050000190734863,10.050000190734863,10.050000190734863,10.050000190734863,0
2022-08-18,10.029999732971191,10.0600004196167,10.029999732971191,10.0600004196167,10.0600004196167,2790
2022-08-19,10.0600004196167,10.0600004196167,10.0600004196167,10.0600004196167,10.0600004196167,0
2022-08-22,10.0600004196167,10.0600004196167,10.029999732971191,10.0600004196167,10.0600004196167,4558
2022-08-23,10.0600004196167,10.0600004196167,10.0600004196167,10.0600004196167,10.0600004196167,0
2022-08-24,10.050000190734863,10.050000190734863,10.010000228881836,10.029999732971191,10.029999732971191,7129
2022-08-25,10.020000457763672,10.050000190734863,10.020000457763672,10.050000190734863,10.050000190734863,4454
2022-08-26,10.050000190734863,10.050000190734863,10.050000190734863,10.050000190734863,10.050000190734863,0
2022-08-29,10.050000190734863,10.050000190734863,10.050000190734863,10.050000190734863,10.050000190734863,0
2022-08-30,10.050000190734863,10.050000190734863,10.050000190734863,10.050000190734863,10.050000190734863,0
2022-08-31,10.039999961853027,10.039999961853027,10.0,10.0,10.0,3001
2022-09-01,10.039999961853027,10.069999694824219,10.039999961853027,10.0600004196167,10.0600004196167,17600
2022-09-02,9.979999542236328,10.020000457763672,9.979999542236328,10.0,10.0,4705
2022-09-06,10.03499984741211,10.03499984741211,10.03499984741211,10.03499984741211,10.03499984741211,266
2022-09-07,10.03499984741211,10.03499984741211,10.03499984741211,10.03499984741211,10.03499984741211,0
2022-09-08,10.0,10.029999732971191,10.0,10.029999732971191,10.029999732971191,2205
2022-09-09,10.029999732971191,10.029999732971191,10.029999732971191,10.029999732971191,10.029999732971191,0
2022-09-12,10.039999961853027,10.039999961853027,10.020000457763672,10.020000457763672,10.020000457763672,3903
2022-09-13,10.039999961853027,10.069999694824219,10.039999961853027,10.039999961853027,10.039999961853027,8263
2022-09-14,10.039999961853027,10.039999961853027,10.039999961853027,10.039999961853027,10.039999961853027,0
2022-09-15,10.0649995803833,10.0649995803833,10.029999732971191,10.0600004196167,10.0600004196167,2204
2022-09-16,10.100000381469727,10.100000381469727,10.029999732971191,10.069999694824219,10.069999694824219,4404
2022-09-19,10.069999694824219,10.069999694824219,10.069999694824219,10.069999694824219,10.069999694824219,0
2022-09-20,10.109999656677246,10.109999656677246,10.039999961853027,10.039999961853027,10.039999961853027,224
2022-09-21,10.069999694824219,10.079999923706055,10.069999694824219,10.079999923706055,10.079999923706055,5790
2022-09-22,10.109999656677246,10.109999656677246,10.069999694824219,10.069999694824219,10.069999694824219,5604
2022-09-23,10.079999923706055,10.079999923706055,10.050000190734863,10.050000190734863,10.050000190734863,1005
2022-09-26,10.09000015258789,10.09000015258789,10.09000015258789,10.09000015258789,10.09000015258789,3287
2022-09-27,10.085000038146973,10.09000015258789,10.050000190734863,10.079999923706055,10.079999923706055,12497
2022-09-28,10.100000381469727,10.100000381469727,10.100000381469727,10.100000381469727,10.100000381469727,607
2022-09-29,10.100000381469727,10.130000114440918,10.100000381469727,10.119999885559082,10.119999885559082,16038
2022-09-30,10.100000381469727,10.100000381469727,10.100000381469727,10.100000381469727,10.100000381469727,106
2022-10-03,10.109999656677246,10.109999656677246,10.109999656677246,10.109999656677246,10.109999656677246,204
2022-10-04,10.109999656677246,10.109999656677246,10.109999656677246,10.109999656677246,10.109999656677246,0
2022-10-05,10.109999656677246,10.109999656677246,10.109999656677246,10.109999656677246,10.109999656677246,0
2022-10-06,10.109999656677246,10.120100021362305,10.109999656677246,10.119999885559082,10.119999885559082,1402
2022-10-07,10.119999885559082,10.119999885559082,10.119999885559082,10.119999885559082,10.119999885559082,0
2022-10-10,10.119999885559082,10.119999885559082,10.119999885559082,10.119999885559082,10.119999885559082,0
2022-10-11,10.119999885559082,10.119999885559082,10.119999885559082,10.119999885559082,10.119999885559082,0
2022-10-12,10.079999923706055,10.080100059509277,10.079999923706055,10.079999923706055,10.079999923706055,3145
2022-10-13,10.079999923706055,10.079999923706055,10.079999923706055,10.079999923706055,10.079999923706055,0
2022-10-14,10.079999923706055,10.079999923706055,10.079999923706055,10.079999923706055,10.079999923706055,0
2022-10-17,10.079999923706055,10.079999923706055,10.079999923706055,10.079999923706055,10.079999923706055,0
2022-10-18,10.079999923706055,10.079999923706055,10.079999923706055,10.079999923706055,10.079999923706055,0
2022-10-19,10.100000381469727,10.100000381469727,10.079999923706055,10.100000381469727,10.100000381469727,7787
2022-10-20,10.100000381469727,10.100000381469727,10.100000381469727,10.100000381469727,10.100000381469727,0
2022-10-21,10.109999656677246,10.109999656677246,10.09000015258789,10.109999656677246,10.109999656677246,7212
2022-10-24,10.109999656677246,10.109999656677246,10.109999656677246,10.109999656677246,10.109999656677246,0
2022-10-25,10.109999656677246,10.109999656677246,10.109999656677246,10.109999656677246,10.109999656677246,0
2022-10-26,10.199999809265137,10.227800369262695,10.199999809265137,10.227800369262695,10.227800369262695,317
2022-10-27,10.140000343322754,10.140000343322754,10.140000343322754,10.140000343322754,10.140000343322754,117
2022-10-28,10.140000343322754,10.140000343322754,10.140000343322754,10.140000343322754,10.140000343322754,0
2022-10-31,10.140000343322754,10.140000343322754,10.140000343322754,10.140000343322754,10.140000343322754,0
2022-11-01,10.149999618530273,10.149999618530273,10.140000343322754,10.149999618530273,10.149999618530273,7818
2022-11-02,10.149999618530273,10.149999618530273,10.149999618530273,10.149999618530273,10.149999618530273,0
2022-11-03,10.1899995803833,10.1899995803833,10.109999656677246,10.109999656677246,10.109999656677246,1234
2022-11-04,10.109999656677246,10.109999656677246,10.109999656677246,10.109999656677246,10.109999656677246,0
2022-11-07,10.109999656677246,10.109999656677246,10.109999656677246,10.109999656677246,10.109999656677246,0
2022-11-08,10.109999656677246,10.109999656677246,10.109999656677246,10.109999656677246,10.109999656677246,0
2022-11-09,10.109999656677246,10.109999656677246,10.109999656677246,10.109999656677246,10.109999656677246,0
2022-11-10,10.140000343322754,10.149999618530273,10.110099792480469,10.149999618530273,10.149999618530273,4919
2022-11-11,10.149999618530273,10.149999618530273,10.149999618530273,10.149999618530273,10.149999618530273,0
2022-11-14,10.149999618530273,10.149999618530273,10.149999618530273,10.149999618530273,10.149999618530273,0
2022-11-15,10.149999618530273,10.149999618530273,10.149999618530273,10.149999618530273,10.149999618530273,0
2022-11-16,10.199999809265137,10.199999809265137,10.100000381469727,10.140000343322754,10.140000343322754,6501
2022-11-17,10.199999809265137,10.199999809265137,10.140000343322754,10.149999618530273,10.149999618530273,7115
2022-11-18,10.15999984741211,10.15999984741211,10.15999984741211,10.15999984741211,10.15999984741211,8999
2022-11-21,10.15999984741211,10.15999984741211,10.15999984741211,10.15999984741211,10.15999984741211,0
2022-11-22,10.15999984741211,10.15999984741211,10.15999984741211,10.15999984741211,10.15999984741211,0
2022-11-23,10.15999984741211,10.15999984741211,10.15999984741211,10.15999984741211,10.15999984741211,0
2022-11-25,10.15999984741211,10.15999984741211,10.15999984741211,10.15999984741211,10.15999984741211,0
2022-11-28,10.1899995803833,10.1899995803833,10.170000076293945,10.170000076293945,10.170000076293945,1293
2022-11-29,10.170000076293945,10.170000076293945,10.170000076293945,10.170000076293945,10.170000076293945,0
2022-11-30,10.170000076293945,10.170000076293945,10.170000076293945,10.170000076293945,10.170000076293945,0
2022-12-01,10.170000076293945,10.170000076293945,10.170000076293945,10.170000076293945,10.170000076293945,0
2022-12-02,10.170000076293945,10.170000076293945,10.170000076293945,10.170000076293945,10.170000076293945,0
2022-12-05,10.170000076293945,10.170000076293945,10.170000076293945,10.170000076293945,10.170000076293945,0
2022-12-06,10.1899995803833,10.1899995803833,10.1899995803833,10.1899995803833,10.1899995803833,100
2022-12-07,10.1899995803833,10.1899995803833,10.1899995803833,10.1899995803833,10.1899995803833,109
2022-12-08,10.199999809265137,10.199999809265137,10.199999809265137,10.199999809265137,10.199999809265137,100
2022-12-09,10.1899995803833,10.1899995803833,10.1899995803833,10.1899995803833,10.1899995803833,136
2022-12-12,10.199999809265137,10.199999809265137,10.199999809265137,10.199999809265137,10.199999809265137,105
2022-12-13,10.199999809265137,10.199999809265137,10.199999809265137,10.199999809265137,10.199999809265137,0
2022-12-14,10.199999809265137,10.199999809265137,10.199999809265137,10.199999809265137,10.199999809265137,0
2022-12-15,10.270000457763672,10.270000457763672,10.270000457763672,10.270000457763672,10.270000457763672,100
2022-12-16,10.270000457763672,10.270000457763672,10.270000457763672,10.270000457763672,10.270000457763672,0
2022-12-19,10.270000457763672,10.270000457763672,10.270000457763672,10.270000457763672,10.270000457763672,0
2022-12-20,10.229999542236328,10.229999542236328,10.229999542236328,10.229999542236328,10.229999542236328,104
2022-12-21,10.229999542236328,10.229999542236328,10.229999542236328,10.229999542236328,10.229999542236328,111
2022-12-22,10.270000457763672,10.270000457763672,10.270000457763672,10.270000457763672,10.270000457763672,100
2022-12-23,10.270000457763672,10.270000457763672,10.270000457763672,10.270000457763672,10.270000457763672,0
2022-12-27,10.270000457763672,10.270000457763672,10.270000457763672,10.270000457763672,10.270000457763672,0
2022-12-28,10.270000457763672,10.270000457763672,10.270000457763672,10.270000457763672,10.270000457763672,0
2022-12-29,10.270000457763672,10.270000457763672,10.270000457763672,10.270000457763672,10.270000457763672,0
2022-12-30,10.270000457763672,10.270000457763672,10.270000457763672,10.270000457763672,10.270000457763672,0
2023-01-03,10.289999961853027,10.289999961853027,10.289999961853027,10.289999961853027,10.289999961853027,104
2023-01-04,10.289999961853027,10.289999961853027,10.265000343322754,10.270000457763672,10.270000457763672,13266
2023-01-05,10.319999694824219,10.329999923706055,10.289999961853027,10.319999694824219,10.319999694824219,113950
2023-01-06,10.350000381469727,10.350000381469727,10.34000015258789,10.34000015258789,10.34000015258789,19641
2023-01-09,10.34000015258789,10.34000015258789,10.34000015258789,10.34000015258789,10.34000015258789,0
2023-01-10,10.34000015258789,10.34000015258789,10.34000015258789,10.34000015258789,10.34000015258789,0
2023-01-11,10.34000015258789,10.34000015258789,10.34000015258789,10.34000015258789,10.34000015258789,0
2023-01-12,10.34000015258789,10.34000015258789,10.34000015258789,10.34000015258789,10.34000015258789,0
2023-01-13,10.34000015258789,10.34000015258789,10.34000015258789,10.34000015258789,10.34000015258789,0
2023-01-17,10.34000015258789,10.34000015258789,10.34000015258789,10.34000015258789,10.34000015258789,0
2023-01-18,10.34000015258789,10.34000015258789,10.34000015258789,10.34000015258789,10.34000015258789,0
2023-01-19,10.34000015258789,10.34000015258789,10.34000015258789,10.34000015258789,10.34000015258789,0
2023-01-20,10.34000015258789,10.34000015258789,10.34000015258789,10.34000015258789,10.34000015258789,0
2023-01-23,10.210000038146973,10.210000038146973,10.199999809265137,10.199999809265137,10.199999809265137,1241
2023-01-24,10.239999771118164,10.239999771118164,10.239999771118164,10.239999771118164,10.239999771118164,505
2023-01-25,10.239999771118164,10.239999771118164,10.239999771118164,10.239999771118164,10.239999771118164,0
2023-01-26,10.239999771118164,10.239999771118164,10.239999771118164,10.239999771118164,10.239999771118164,0
2023-01-27,10.239999771118164,10.239999771118164,10.239999771118164,10.239999771118164,10.239999771118164,0
2023-01-30,10.239999771118164,10.239999771118164,10.239999771118164,10.239999771118164,10.239999771118164,0
2023-01-31,10.999799728393555,11.0,10.999799728393555,11.0,11.0,849
2023-02-01,10.819999694824219,10.819999694824219,10.819999694824219,10.819999694824219,10.819999694824219,278
2023-02-02,10.90999984741211,11.0,10.90999984741211,11.0,11.0,1416
2023-02-03,11.0,11.0,11.0,11.0,11.0,0
2023-02-06,11.0,11.0,11.0,11.0,11.0,0
2023-02-07,11.0,11.0,11.0,11.0,11.0,0
2023-02-08,11.0,11.0,11.0,11.0,11.0,0
2023-02-09,11.0,11.0,11.0,11.0,11.0,0
2023-02-10,11.0,11.0,11.0,11.0,11.0,0
2023-02-13,10.25,10.25,10.25,10.25,10.25,277
2023-02-14,10.289999961853027,10.289999961853027,10.25,10.25,10.25,1527
2023-02-15,10.300000190734863,10.300000190734863,10.300000190734863,10.300000190734863,10.300000190734863,200
2023-02-16,10.300000190734863,10.300000190734863,10.300000190734863,10.300000190734863,10.300000190734863,0
2023-02-17,10.300000190734863,10.300000190734863,10.300000190734863,10.300000190734863,10.300000190734863,0
2023-02-21,10.300000190734863,10.300000190734863,10.300000190734863,10.300000190734863,10.300000190734863,0
2023-02-22,10.300000190734863,10.300000190734863,10.300000190734863,10.300000190734863,10.300000190734863,0
2023-02-23,10.300000190734863,10.300000190734863,10.300000190734863,10.300000190734863,10.300000190734863,0
2023-02-24,10.300000190734863,10.300000190734863,10.300000190734863,10.300000190734863,10.300000190734863,0
2023-02-27,10.300000190734863,10.300000190734863,10.300000190734863,10.300000190734863,10.300000190734863,0
2023-02-28,10.75,10.75,10.75,10.75,10.75,111
2023-03-01,10.75,10.75,10.75,10.75,10.75,0
2023-03-02,10.75,10.75,10.75,10.75,10.75,0
2023-03-03,10.75,10.75,10.75,10.75,10.75,0
2023-03-06,10.75,10.75,10.75,10.75,10.75,0
2023-03-07,10.75,10.75,10.75,10.75,10.75,0
2023-03-08,10.75,10.75,10.75,10.75,10.75,0
2023-03-09,10.75,10.75,10.75,10.75,10.75,0
2023-03-10,10.75,10.75,10.75,10.75,10.75,0
2023-03-13,10.75,10.75,10.75,10.75,10.75,0
2023-03-14,10.75,10.75,10.75,10.75,10.75,0
2023-03-15,10.75,10.75,10.75,10.75,10.75,0
2023-03-16,10.75,10.75,10.75,10.75,10.75,0
2023-03-17,10.75,10.75,10.75,10.75,10.75,0
2023-03-20,10.75,10.75,10.75,10.75,10.75,0
2023-03-21,10.75,10.75,10.75,10.75,10.75,0
2023-03-22,10.75,10.75,10.75,10.75,10.75,0
2023-03-23,10.75,10.75,10.75,10.75,10.75,0
2023-03-24,10.75,10.75,10.75,10.75,10.75,0
2023-03-27,10.75,10.75,10.75,10.75,10.75,0
2023-03-28,10.75,10.75,10.75,10.75,10.75,0
2023-03-29,10.40999984741211,10.420000076293945,10.40999984741211,10.420000076293945,10.420000076293945,793
2023-03-30,10.420000076293945,10.420000076293945,10.420000076293945,10.420000076293945,10.420000076293945,0
2023-03-31,10.420000076293945,10.420000076293945,10.420000076293945,10.420000076293945,10.420000076293945,0
2023-04-03,10.420000076293945,10.420000076293945,10.420000076293945,10.420000076293945,10.420000076293945,0
2023-04-04,10.420000076293945,10.420000076293945,10.420000076293945,10.420000076293945,10.420000076293945,0
2023-04-05,10.420000076293945,10.420000076293945,10.420000076293945,10.420000076293945,10.420000076293945,0
2023-04-06,10.420000076293945,10.420000076293945,10.420000076293945,10.420000076293945,10.420000076293945,0
2023-04-10,10.420000076293945,10.420000076293945,10.420000076293945,10.420000076293945,10.420000076293945,0
2023-04-11,10.34000015258789,10.34000015258789,10.34000015258789,10.34000015258789,10.34000015258789,403
2023-04-12,10.34000015258789,10.34000015258789,10.34000015258789,10.34000015258789,10.34000015258789,0
2023-04-13,10.34000015258789,10.34000015258789,10.34000015258789,10.34000015258789,10.34000015258789,0
2023-04-14,10.34000015258789,10.34000015258789,10.34000015258789,10.34000015258789,10.34000015258789,0
2023-04-17,10.34000015258789,10.34000015258789,10.34000015258789,10.34000015258789,10.34000015258789,0
2023-04-18,10.34000015258789,10.34000015258789,10.34000015258789,10.34000015258789,10.34000015258789,0
2023-04-19,10.34000015258789,10.34000015258789,10.34000015258789,10.34000015258789,10.34000015258789,0
2023-04-20,10.479999542236328,10.479999542236328,10.479999542236328,10.479999542236328,10.479999542236328,260
2023-04-21,10.479999542236328,10.479999542236328,10.479999542236328,10.479999542236328,10.479999542236328,0
2023-04-24,10.479999542236328,10.479999542236328,10.479999542236328,10.479999542236328,10.479999542236328,0
2023-04-25,10.479999542236328,10.479999542236328,10.479999542236328,10.479999542236328,10.479999542236328,0
2023-04-26,10.479999542236328,10.479999542236328,10.479999542236328,10.479999542236328,10.479999542236328,0
2023-04-27,10.479999542236328,10.479999542236328,10.479999542236328,10.479999542236328,10.479999542236328,0
2023-04-28,10.479999542236328,10.479999542236328,10.479999542236328,10.479999542236328,10.479999542236328,0
2023-05-01,10.479999542236328,10.479999542236328,10.479999542236328,10.479999542236328,10.479999542236328,0
2023-05-02,10.479999542236328,10.479999542236328,10.479999542236328,10.479999542236328,10.479999542236328,0
2023-05-03,10.479999542236328,10.479999542236328,10.479999542236328,10.479999542236328,10.479999542236328,0
2023-05-04,10.479999542236328,10.479999542236328,10.479999542236328,10.479999542236328,10.479999542236328,0
2023-05-05,10.479999542236328,10.479999542236328,10.479999542236328,10.479999542236328,10.479999542236328,0
2023-05-08,10.479999542236328,10.479999542236328,10.479999542236328,10.479999542236328,10.479999542236328,0
2023-05-09,10.479999542236328,10.479999542236328,10.479999542236328,10.479999542236328,10.479999542236328,0
2023-05-10,10.479999542236328,10.479999542236328,10.479999542236328,10.479999542236328,10.479999542236328,0
2023-05-11,10.479999542236328,10.479999542236328,10.479999542236328,10.479999542236328,10.479999542236328,0
2023-05-12,10.479999542236328,10.479999542236328,10.479999542236328,10.479999542236328,10.479999542236328,0
2023-05-15,10.479999542236328,10.479999542236328,10.479999542236328,10.479999542236328,10.479999542236328,0
2023-05-16,10.479999542236328,10.479999542236328,10.479999542236328,10.479999542236328,10.479999542236328,0
2023-05-17,10.479999542236328,10.479999542236328,10.479999542236328,10.479999542236328,10.479999542236328,0
2023-05-18,10.479999542236328,10.479999542236328,10.479999542236328,10.479999542236328,10.479999542236328,0
2023-05-19,10.479999542236328,10.479999542236328,10.479999542236328,10.479999542236328,10.479999542236328,0
2023-05-22,10.479999542236328,10.479999542236328,10.479999542236328,10.479999542236328,10.479999542236328,0
2023-05-23,10.479999542236328,10.479999542236328,10.479999542236328,10.479999542236328,10.479999542236328,0
2023-05-24,10.479999542236328,10.479999542236328,10.479999542236328,10.479999542236328,10.479999542236328,0
2023-05-25,10.479999542236328,10.479999542236328,10.479999542236328,10.479999542236328,10.479999542236328,0
2023-05-26,10.479999542236328,10.479999542236328,10.479999542236328,10.479999542236328,10.479999542236328,0
2023-05-30,10.479999542236328,10.479999542236328,10.479999542236328,10.479999542236328,10.479999542236328,0
2023-05-31,10.479999542236328,10.479999542236328,10.479999542236328,10.479999542236328,10.479999542236328,0
2023-06-01,10.479999542236328,10.479999542236328,10.479999542236328,10.479999542236328,10.479999542236328,0
2023-06-02,10.510000228881836,10.510000228881836,10.510000228881836,10.510000228881836,10.510000228881836,112
2023-06-05,10.510000228881836,10.510000228881836,10.510000228881836,10.510000228881836,10.510000228881836,0
2023-06-06,10.510000228881836,10.510000228881836,10.510000228881836,10.510000228881836,10.510000228881836,0
2023-06-07,10.510000228881836,10.510000228881836,10.510000228881836,10.510000228881836,10.510000228881836,0
2023-06-08,10.510000228881836,10.510000228881836,10.510000228881836,10.510000228881836,10.510000228881836,0
2023-06-09,10.510000228881836,10.510000228881836,10.510000228881836,10.510000228881836,10.510000228881836,0
2023-06-12,10.510000228881836,10.510000228881836,10.510000228881836,10.510000228881836,10.510000228881836,0
2023-06-13,10.510000228881836,10.510000228881836,10.510000228881836,10.510000228881836,10.510000228881836,0
2023-06-14,10.510000228881836,10.510000228881836,10.510000228881836,10.510000228881836,10.510000228881836,0
2023-06-15,10.510000228881836,10.510000228881836,10.510000228881836,10.510000228881836,10.510000228881836,0
2023-06-16,10.510000228881836,10.510000228881836,10.510000228881836,10.510000228881836,10.510000228881836,0
2023-06-20,10.510000228881836,10.510000228881836,10.510000228881836,10.510000228881836,10.510000228881836,0
2023-06-21,10.5,10.5,10.5,10.5,10.5,1101
2023-06-22,10.5,10.5,10.5,10.5,10.5,0
2023-06-23,10.5,10.5,10.5,10.5,10.5,0
2023-06-26,10.5,10.5,10.5,10.5,10.5,0
2023-06-27,10.5,10.5,10.5,10.5,10.5,0
2023-06-28,10.5,10.5,10.5,10.5,10.5,0
2023-06-29,10.5,10.5,10.5,10.5,10.5,0
2023-06-30,10.5,10.5,10.5,10.5,10.5,0
2023-07-03,10.5,10.5,10.5,10.5,10.5,0
2023-07-05,10.5,10.5,10.5,10.5,10.5,0
2023-07-06,10.5,10.5,10.5,10.5,10.5,0
2023-07-07,10.5,10.5,10.5,10.5,10.5,0
2023-07-10,10.5,10.5,10.5,10.5,10.5,0
2023-07-11,10.5,10.5,10.5,10.5,10.5,0
2023-07-12,10.5,10.5,10.5,10.5,10.5,0
2023-07-13,10.739999771118164,10.75,10.739999771118164,10.75,10.75,1136
2023-07-14,10.75,10.75,10.75,10.75,10.75,0
2023-07-17,10.75,10.75,10.75,10.75,10.75,0
2023-07-18,10.75,10.75,10.75,10.75,10.75,0
2023-07-19,10.75,10.75,10.75,10.75,10.75,0
2023-07-20,11.479999542236328,11.479999542236328,11.479999542236328,11.479999542236328,11.479999542236328,505
2023-07-21,11.65999984741211,11.65999984741211,11.65999984741211,11.65999984741211,11.65999984741211,501
2023-07-24,11.65999984741211,11.65999984741211,11.65999984741211,11.65999984741211,11.65999984741211,0
2023-07-25,10.800000190734863,10.800000190734863,10.710000038146973,10.710000038146973,10.710000038146973,1104
2023-07-26,10.710000038146973,10.710000038146973,10.710000038146973,10.710000038146973,10.710000038146973,0
2023-07-27,10.710000038146973,10.710000038146973,10.710000038146973,10.710000038146973,10.710000038146973,0
2023-07-28,10.710000038146973,10.710000038146973,10.710000038146973,10.710000038146973,10.710000038146973,0
2023-07-31,10.710000038146973,10.710000038146973,10.710000038146973,10.710000038146973,10.710000038146973,0
2023-08-01,10.710000038146973,10.710000038146973,10.710000038146973,10.710000038146973,10.710000038146973,0
2023-08-02,10.710000038146973,10.710000038146973,10.710000038146973,10.710000038146973,10.710000038146973,0
2023-08-03,10.710000038146973,10.710000038146973,10.710000038146973,10.710000038146973,10.710000038146973,0
2023-08-04,10.710000038146973,10.710000038146973,10.710000038146973,10.710000038146973,10.710000038146973,0
2023-08-07,10.75,10.75,10.75,10.75,10.75,100
2023-08-08,11.149999618530273,11.149999618530273,10.670000076293945,10.670000076293945,10.670000076293945,5288
2023-08-09,10.670000076293945,10.670000076293945,10.670000076293945,10.670000076293945,10.670000076293945,0
2023-08-10,10.670000076293945,10.670000076293945,10.670000076293945,10.670000076293945,10.670000076293945,0
2023-08-11,10.670000076293945,10.670000076293945,10.670000076293945,10.670000076293945,10.670000076293945,0
2023-08-14,10.670000076293945,10.670000076293945,10.670000076293945,10.670000076293945,10.670000076293945,0
2023-08-15,10.670000076293945,10.670000076293945,10.670000076293945,10.670000076293945,10.670000076293945,0
2023-08-16,10.710000038146973,10.710000038146973,10.710000038146973,10.710000038146973,10.710000038146973,100
2023-08-17,10.710000038146973,10.710000038146973,10.710000038146973,10.710000038146973,10.710000038146973,0
2023-08-18,10.710000038146973,10.710000038146973,10.710000038146973,10.710000038146973,10.710000038146973,0
2023-08-21,10.710000038146973,10.710000038146973,10.710000038146973,10.710000038146973,10.710000038146973,0
2023-08-22,10.760000228881836,10.760000228881836,10.760000228881836,10.760000228881836,10.760000228881836,100
2023-08-23,10.760000228881836,10.760000228881836,10.760000228881836,10.760000228881836,10.760000228881836,0
2023-08-24,10.760000228881836,10.760000228881836,10.760000228881836,10.760000228881836,10.760000228881836,0
2023-08-25,10.760000228881836,10.760000228881836,10.760000228881836,10.760000228881836,10.760000228881836,0
2023-08-28,10.800000190734863,10.800000190734863,10.760000228881836,10.760000228881836,10.760000228881836,500
2023-08-29,10.829999923706055,10.829999923706055,10.829999923706055,10.829999923706055,10.829999923706055,507
2023-08-30,10.829999923706055,10.829999923706055,10.829999923706055,10.829999923706055,10.829999923706055,0
2023-08-31,10.829999923706055,10.829999923706055,10.829999923706055,10.829999923706055,10.829999923706055,0
2023-09-01,10.829999923706055,10.829999923706055,10.829999923706055,10.829999923706055,10.829999923706055,0
2023-09-05,10.829999923706055,10.829999923706055,10.829999923706055,10.829999923706055,10.829999923706055,0
2023-09-06,10.829999923706055,10.829999923706055,10.829999923706055,10.829999923706055,10.829999923706055,0
2023-09-07,10.829999923706055,10.829999923706055,10.829999923706055,10.829999923706055,10.829999923706055,0
2023-09-08,10.829999923706055,10.829999923706055,10.829999923706055,10.829999923706055,10.829999923706055,0
2023-09-11,10.829999923706055,10.829999923706055,10.829999923706055,10.829999923706055,10.829999923706055,0
2023-09-12,10.829999923706055,10.829999923706055,10.829999923706055,10.829999923706055,10.829999923706055,0
2023-09-13,10.829999923706055,10.829999923706055,10.829999923706055,10.829999923706055,10.829999923706055,0
2023-09-14,10.850000381469727,10.850000381469727,10.850000381469727,10.850000381469727,10.850000381469727,500
2023-09-15,10.850000381469727,10.850000381469727,10.850000381469727,10.850000381469727,10.850000381469727,0
2023-09-18,10.850000381469727,10.850000381469727,10.850000381469727,10.850000381469727,10.850000381469727,0
2023-09-19,10.850000381469727,10.850000381469727,10.850000381469727,10.850000381469727,10.850000381469727,0
2023-09-20,10.850000381469727,10.850000381469727,10.850000381469727,10.850000381469727,10.850000381469727,0
2023-09-21,10.850000381469727,10.850000381469727,10.850000381469727,10.850000381469727,10.850000381469727,0
2023-09-22,10.850000381469727,10.850000381469727,10.850000381469727,10.850000381469727,10.850000381469727,0
2023-09-25,10.850000381469727,10.850000381469727,10.850000381469727,10.850000381469727,10.850000381469727,0
2023-09-26,10.850000381469727,10.850000381469727,10.850000381469727,10.850000381469727,10.850000381469727,0
2023-09-27,10.850000381469727,10.850000381469727,10.850000381469727,10.850000381469727,10.850000381469727,0
2023-09-28,10.850000381469727,10.850000381469727,10.850000381469727,10.850000381469727,10.850000381469727,0
2023-09-29,10.850000381469727,10.850000381469727,10.850000381469727,10.850000381469727,10.850000381469727,0
2023-10-02,10.850000381469727,10.850000381469727,10.850000381469727,10.850000381469727,10.850000381469727,0
2023-10-03,10.850000381469727,10.850000381469727,10.850000381469727,10.850000381469727,10.850000381469727,0
2023-10-04,10.850000381469727,10.850000381469727,10.850000381469727,10.850000381469727,10.850000381469727,0
2023-10-05,10.850000381469727,10.850000381469727,10.850000381469727,10.850000381469727,10.850000381469727,0
2023-10-06,10.850000381469727,10.850000381469727,10.850000381469727,10.850000381469727,10.850000381469727,0
2023-10-09,10.850000381469727,10.850000381469727,10.850000381469727,10.850000381469727,10.850000381469727,0
2023-10-10,10.850000381469727,10.850000381469727,10.850000381469727,10.850000381469727,10.850000381469727,0
2023-10-11,10.850000381469727,10.850000381469727,10.850000381469727,10.850000381469727,10.850000381469727,0
2023-10-12,10.850000381469727,10.850000381469727,10.850000381469727,10.850000381469727,10.850000381469727,0
2023-10-13,10.850000381469727,10.850000381469727,10.850000381469727,10.850000381469727,10.850000381469727,0
2023-10-16,10.850000381469727,10.850000381469727,10.850000381469727,10.850000381469727,10.850000381469727,0
2023-10-17,10.850000381469727,10.850000381469727,10.850000381469727,10.850000381469727,10.850000381469727,0
2023-10-18,10.890000343322754,10.899999618530273,10.890000343322754,10.899999618530273,10.899999618530273,10498
2023-10-19,10.899999618530273,10.899999618530273,10.899999618530273,10.899999618530273,10.899999618530273,0
2023-10-20,11.1899995803833,11.1899995803833,11.1899995803833,11.1899995803833,11.1899995803833,101
2023-10-23,11.1899995803833,11.1899995803833,11.1899995803833,11.1899995803833,11.1899995803833,0
2023-10-24,11.1899995803833,11.1899995803833,11.1899995803833,11.1899995803833,11.1899995803833,0
2023-10-25,11.1899995803833,11.1899995803833,11.1899995803833,11.1899995803833,11.1899995803833,0
2023-10-26,11.1899995803833,11.1899995803833,11.1899995803833,11.1899995803833,11.1899995803833,0
2023-10-27,11.1899995803833,11.1899995803833,11.1899995803833,11.1899995803833,11.1899995803833,0
2023-10-30,11.1899995803833,11.1899995803833,11.1899995803833,11.1899995803833,11.1899995803833,0
2023-10-31,11.1899995803833,11.1899995803833,11.1899995803833,11.1899995803833,11.1899995803833,0
2023-11-01,11.1899995803833,11.1899995803833,11.1899995803833,11.1899995803833,11.1899995803833,0
2023-11-02,11.1899995803833,11.1899995803833,11.1899995803833,11.1899995803833,11.1899995803833,0
2023-11-03,11.1899995803833,11.1899995803833,11.1899995803833,11.1899995803833,11.1899995803833,0
2023-11-06,11.1899995803833,11.1899995803833,11.1899995803833,11.1899995803833,11.1899995803833,0
2023-11-07,11.1899995803833,11.1899995803833,11.1899995803833,11.1899995803833,11.1899995803833,0
2023-11-08,11.1899995803833,11.1899995803833,11.1899995803833,11.1899995803833,11.1899995803833,0
2023-11-09,11.1899995803833,11.1899995803833,11.1899995803833,11.1899995803833,11.1899995803833,0
2023-11-10,11.1899995803833,11.1899995803833,11.1899995803833,11.1899995803833,11.1899995803833,0
2023-11-13,11.1899995803833,11.1899995803833,11.1899995803833,11.1899995803833,11.1899995803833,0
2023-11-14,11.1899995803833,11.1899995803833,11.1899995803833,11.1899995803833,11.1899995803833,0
2023-11-15,11.1899995803833,11.1899995803833,11.1899995803833,11.1899995803833,11.1899995803833,303
2023-11-16,11.1899995803833,11.1899995803833,11.1899995803833,11.1899995803833,11.1899995803833,0
2023-11-17,11.1899995803833,11.1899995803833,11.1899995803833,11.1899995803833,11.1899995803833,0
2023-11-20,11.1899995803833,11.1899995803833,11.1899995803833,11.1899995803833,11.1899995803833,0
2023-11-21,11.1899995803833,11.1899995803833,11.1899995803833,11.1899995803833,11.1899995803833,0
2023-11-22,11.1899995803833,11.1899995803833,11.1899995803833,11.1899995803833,11.1899995803833,0
2023-11-24,11.1899995803833,11.1899995803833,11.1899995803833,11.1899995803833,11.1899995803833,0
2023-11-27,11.1899995803833,11.1899995803833,11.1899995803833,11.1899995803833,11.1899995803833,0
2023-11-28,11.1899995803833,11.1899995803833,11.1899995803833,11.1899995803833,11.1899995803833,0
2023-11-29,11.1899995803833,11.1899995803833,11.1899995803833,11.1899995803833,11.1899995803833,0
2023-11-30,11.1899995803833,11.1899995803833,11.1899995803833,11.1899995803833,11.1899995803833,0
2023-12-01,11.1899995803833,11.1899995803833,11.1899995803833,11.1899995803833,11.1899995803833,0
2023-12-04,11.1899995803833,11.1899995803833,11.1899995803833,11.1899995803833,11.1899995803833,0
2023-12-05,11.1899995803833,11.1899995803833,11.1899995803833,11.1899995803833,11.1899995803833,0
2023-12-06,11.1899995803833,11.1899995803833,11.1899995803833,11.1899995803833,11.1899995803833,0
2023-12-07,11.1899995803833,11.1899995803833,11.1899995803833,11.1899995803833,11.1899995803833,0
2023-12-08,11.1899995803833,11.1899995803833,11.1899995803833,11.1899995803833,11.1899995803833,0
2023-12-11,11.1899995803833,11.1899995803833,11.1899995803833,11.1899995803833,11.1899995803833,0
2023-12-12,11.1899995803833,11.1899995803833,11.1899995803833,11.1899995803833,11.1899995803833,0
2023-12-13,11.1899995803833,11.1899995803833,11.1899995803833,11.1899995803833,11.1899995803833,0
2023-12-14,11.1899995803833,11.1899995803833,11.1899995803833,11.1899995803833,11.1899995803833,0
2023-12-15,11.1899995803833,11.1899995803833,11.1899995803833,11.1899995803833,11.1899995803833,0
2023-12-18,11.1899995803833,11.1899995803833,11.1899995803833,11.1899995803833,11.1899995803833,0
2023-12-19,11.1899995803833,11.1899995803833,11.1899995803833,11.1899995803833,11.1899995803833,0
2023-12-20,11.1899995803833,11.1899995803833,11.1899995803833,11.1899995803833,11.1899995803833,0
2023-12-21,10.9399995803833,10.949999809265137,10.9399995803833,10.949999809265137,10.949999809265137,1503
2023-12-22,10.949999809265137,10.949999809265137,10.949999809265137,10.949999809265137,10.949999809265137,692
2023-12-26,10.949999809265137,10.949999809265137,10.949999809265137,10.949999809265137,10.949999809265137,0
2023-12-27,10.949999809265137,10.949999809265137,10.949999809265137,10.949999809265137,10.949999809265137,0
2023-12-28,10.949999809265137,10.949999809265137,10.949999809265137,10.949999809265137,10.949999809265137,0
2023-12-29,10.949999809265137,10.949999809265137,10.949999809265137,10.949999809265137,10.949999809265137,0
2024-01-02,10.949999809265137,10.949999809265137,10.949999809265137,10.949999809265137,10.949999809265137,0
2024-01-03,10.949999809265137,10.949999809265137,10.949999809265137,10.949999809265137,10.949999809265137,0
2024-01-04,10.949999809265137,10.949999809265137,10.949999809265137,10.949999809265137,10.949999809265137,0
2024-01-05,10.949999809265137,10.949999809265137,10.949999809265137,10.949999809265137,10.949999809265137,0
2024-01-08,10.949999809265137,10.949999809265137,10.949999809265137,10.949999809265137,10.949999809265137,0
2024-01-09,10.949999809265137,10.949999809265137,10.949999809265137,10.949999809265137,10.949999809265137,0
2024-01-10,10.949999809265137,10.949999809265137,10.949999809265137,10.949999809265137,10.949999809265137,0
2024-01-11,10.949999809265137,10.949999809265137,10.949999809265137,10.949999809265137,10.949999809265137,0
2024-01-12,10.949999809265137,10.949999809265137,10.949999809265137,10.949999809265137,10.949999809265137,0
2024-01-16,10.949999809265137,10.949999809265137,10.949999809265137,10.949999809265137,10.949999809265137,0
2024-01-17,10.949999809265137,10.949999809265137,10.949999809265137,10.949999809265137,10.949999809265137,0
2024-01-18,10.930000305175781,10.930000305175781,10.930000305175781,10.930000305175781,10.930000305175781,998
2024-01-19,10.930000305175781,10.930000305175781,10.930000305175781,10.930000305175781,10.930000305175781,0
2024-01-22,10.930000305175781,10.930000305175781,10.930000305175781,10.930000305175781,10.930000305175781,0
2024-01-23,10.930000305175781,10.930000305175781,10.930000305175781,10.930000305175781,10.930000305175781,0
2024-01-24,10.960000038146973,10.960000038146973,10.960000038146973,10.960000038146973,10.960000038146973,285
2024-01-25,10.960000038146973,10.960000038146973,10.960000038146973,10.960000038146973,10.960000038146973,0
2024-01-26,10.960000038146973,10.960000038146973,10.960000038146973,10.960000038146973,10.960000038146973,0
2024-01-29,10.960000038146973,10.960000038146973,10.960000038146973,10.960000038146973,10.960000038146973,0
2024-01-30,10.960000038146973,10.960000038146973,10.960000038146973,10.960000038146973,10.960000038146973,0
2024-01-31,10.960000038146973,10.960000038146973,10.960000038146973,10.960000038146973,10.960000038146973,0
2024-02-01,10.960000038146973,10.960000038146973,10.960000038146973,10.960000038146973,10.960000038146973,0
2024-02-02,10.960000038146973,10.960000038146973,10.960000038146973,10.960000038146973,10.960000038146973,0
2024-02-05,10.960000038146973,10.960000038146973,10.960000038146973,10.960000038146973,10.960000038146973,0
2024-02-06,10.960000038146973,10.960000038146973,10.960000038146973,10.960000038146973,10.960000038146973,0
2024-02-07,10.960000038146973,10.960000038146973,10.960000038146973,10.960000038146973,10.960000038146973,0
2024-02-08,10.960000038146973,10.960000038146973,10.960000038146973,10.960000038146973,10.960000038146973,0
2024-02-09,10.960000038146973,10.960000038146973,10.960000038146973,10.960000038146973,10.960000038146973,0
2024-02-12,10.960000038146973,10.960000038146973,10.960000038146973,10.960000038146973,10.960000038146973,0
2024-02-13,10.970000267028809,10.970000267028809,10.970000267028809,10.970000267028809,10.970000267028809,104
2024-02-14,10.970000267028809,10.970000267028809,10.970000267028809,10.970000267028809,10.970000267028809,0
2024-02-15,10.970000267028809,10.970000267028809,10.970000267028809,10.970000267028809,10.970000267028809,0
2024-02-16,10.970000267028809,10.970000267028809,10.970000267028809,10.970000267028809,10.970000267028809,0
2024-02-20,10.970000267028809,10.970000267028809,10.970000267028809,10.970000267028809,10.970000267028809,0
2024-02-21,10.970000267028809,10.970000267028809,10.970000267028809,10.970000267028809,10.970000267028809,0
2024-02-22,10.970000267028809,10.970000267028809,10.970000267028809,10.970000267028809,10.970000267028809,0
2024-02-23,10.970000267028809,10.970000267028809,10.970000267028809,10.970000267028809,10.970000267028809,0
2024-02-26,10.970000267028809,10.970000267028809,10.970000267028809,10.970000267028809,10.970000267028809,0
2024-02-27,10.970000267028809,10.970000267028809,10.970000267028809,10.970000267028809,10.970000267028809,0
2024-02-28,10.970000267028809,10.970000267028809,10.970000267028809,10.970000267028809,10.970000267028809,0
2024-02-29,10.970000267028809,10.970000267028809,10.970000267028809,10.970000267028809,10.970000267028809,0
2024-03-01,10.970000267028809,10.970000267028809,10.970000267028809,10.970000267028809,10.970000267028809,0
2024-03-04,10.970000267028809,10.970000267028809,10.970000267028809,10.970000267028809,10.970000267028809,0
2024-03-05,10.970000267028809,10.970000267028809,10.970000267028809,10.970000267028809,10.970000267028809,0
2024-03-06,10.970000267028809,10.970000267028809,10.970000267028809,10.970000267028809,10.970000267028809,0
2024-03-07,10.970000267028809,10.970000267028809,10.970000267028809,10.970000267028809,10.970000267028809,0
2024-03-08,10.970000267028809,10.970000267028809,10.970000267028809,10.970000267028809,10.970000267028809,0
2024-03-11,10.970000267028809,10.970000267028809,10.970000267028809,10.970000267028809,10.970000267028809,0
2024-03-12,10.970000267028809,10.970000267028809,10.970000267028809,10.970000267028809,10.970000267028809,0
2024-03-13,10.970000267028809,10.970000267028809,10.970000267028809,10.970000267028809,10.970000267028809,0
2024-03-14,10.970000267028809,10.970000267028809,10.970000267028809,10.970000267028809,10.970000267028809,0
2024-03-15,10.970000267028809,10.970000267028809,10.970000267028809,10.970000267028809,10.970000267028809,0
2024-03-18,10.970000267028809,10.970000267028809,10.970000267028809,10.970000267028809,10.970000267028809,0
2024-03-19,10.970000267028809,10.970000267028809,10.970000267028809,10.970000267028809,10.970000267028809,0
2024-03-20,10.970000267028809,10.970000267028809,10.970000267028809,10.970000267028809,10.970000267028809,0
2024-03-21,10.970000267028809,10.970000267028809,10.970000267028809,10.970000267028809,10.970000267028809,0
2024-03-22,10.970000267028809,10.970000267028809,10.970000267028809,10.970000267028809,10.970000267028809,0
2024-03-25,10.970000267028809,10.970000267028809,10.970000267028809,10.970000267028809,10.970000267028809,0
2024-03-26,10.970000267028809,10.970000267028809,10.970000267028809,10.970000267028809,10.970000267028809,0
2024-03-27,10.970000267028809,10.970000267028809,10.970000267028809,10.970000267028809,10.970000267028809,0
2024-03-28,10.970000267028809,10.970000267028809,10.970000267028809,10.970000267028809,10.970000267028809,0
2024-04-01,10.984999656677246,10.984999656677246,10.984999656677246,10.984999656677246,10.984999656677246,213
2024-04-02,10.984999656677246,10.984999656677246,10.984999656677246,10.984999656677246,10.984999656677246,0
2024-04-03,10.859999656677246,10.859999656677246,10.859999656677246,10.859999656677246,10.859999656677246,100
2024-04-04,10.859999656677246,10.859999656677246,10.859999656677246,10.859999656677246,10.859999656677246,0
2024-04-05,10.859999656677246,10.859999656677246,10.859999656677246,10.859999656677246,10.859999656677246,0
2024-04-08,10.859999656677246,10.859999656677246,10.859999656677246,10.859999656677246,10.859999656677246,0
2024-04-09,11.180000305175781,11.5,11.180000305175781,11.5,11.5,1892
2024-04-10,11.5,11.5,11.5,11.5,11.5,0
2024-04-11,11.5,11.5,11.5,11.5,11.5,0
2024-04-12,11.5,11.5,11.5,11.5,11.5,0
2024-04-15,11.5,11.5,11.5,11.5,11.5,0
2024-04-16,11.229999542236328,11.229999542236328,11.229999542236328,11.229999542236328,11.229999542236328,200
2024-04-17,11.229999542236328,11.229999542236328,11.229999542236328,11.229999542236328,11.229999542236328,0
2024-04-18,11.229999542236328,11.229999542236328,11.229999542236328,11.229999542236328,11.229999542236328,0
2024-04-19,11.239999771118164,11.239999771118164,11.239999771118164,11.239999771118164,11.239999771118164,165
2024-04-22,10.859999656677246,10.859999656677246,10.859999656677246,10.859999656677246,10.859999656677246,107
2024-04-23,10.859999656677246,10.859999656677246,10.859999656677246,10.859999656677246,10.859999656677246,0
2024-04-24,11.149999618530273,11.149999618530273,11.149999618530273,11.149999618530273,11.149999618530273,116
2024-04-25,11.25,11.25,11.25,11.25,11.25,2703
2024-04-26,11.5,11.59000015258789,11.170000076293945,11.25,11.25,397189
2024-04-29,11.220000267028809,11.265000343322754,11.210000038146973,11.25,11.25,58163
2024-04-30,11.210000038146973,11.255000114440918,11.210000038146973,11.25,11.25,9722
2024-05-01,11.210000038146973,11.229999542236328,11.210000038146973,11.210000038146973,11.210000038146973,3734
2024-05-02,11.210000038146973,11.244999885559082,11.210000038146973,11.229999542236328,11.229999542236328,5359
2024-05-03,11.210000038146973,11.244999885559082,11.199999809265137,11.199999809265137,11.199999809265137,5886
2024-05-06,11.180000305175781,11.204999923706055,11.010000228881836,11.010000228881836,11.010000228881836,1820
2024-05-07,11.140000343322754,11.140000343322754,11.140000343322754,11.140000343322754,11.140000343322754,902
2024-05-08,11.140000343322754,11.140000343322754,11.140000343322754,11.140000343322754,11.140000343322754,0
2024-05-09,11.140000343322754,11.140000343322754,11.140000343322754,11.140000343322754,11.140000343322754,0
2024-05-10,11.140000343322754,11.199999809265137,11.140000343322754,11.199999809265137,11.199999809265137,1299
2024-05-13,11.119999885559082,11.119999885559082,11.119999885559082,11.119999885559082,11.119999885559082,356
2024-05-14,11.119999885559082,11.119999885559082,11.119999885559082,11.119999885559082,11.119999885559082,573
2024-05-15,11.119999885559082,11.119999885559082,11.119999885559082,11.119999885559082,11.119999885559082,0
2024-05-16,11.119999885559082,11.119999885559082,11.119999885559082,11.119999885559082,11.119999885559082,0
2024-05-17,11.119999885559082,11.119999885559082,11.119999885559082,11.119999885559082,11.119999885559082,0
2024-05-20,11.119999885559082,11.1899995803833,11.119999885559082,11.119999885559082,11.119999885559082,3730
2024-05-21,11.119999885559082,11.119999885559082,11.119999885559082,11.119999885559082,11.119999885559082,668
2024-05-22,11.119999885559082,11.119999885559082,11.119999885559082,11.119999885559082,11.119999885559082,0
2024-05-23,11.119999885559082,11.119999885559082,11.119999885559082,11.119999885559082,11.119999885559082,0
2024-05-24,11.119999885559082,11.119999885559082,11.119999885559082,11.119999885559082,11.119999885559082,500
2024-05-28,11.119999885559082,11.119999885559082,11.119999885559082,11.119999885559082,11.119999885559082,0
2024-05-29,11.119999885559082,11.119999885559082,11.119999885559082,11.119999885559082,11.119999885559082,0
2024-05-30,11.119999885559082,11.119999885559082,11.119999885559082,11.119999885559082,11.119999885559082,190
2024-05-31,11.130000114440918,11.130000114440918,11.130000114440918,11.130000114440918,11.130000114440918,526
2024-06-03,11.130000114440918,11.130000114440918,11.130000114440918,11.130000114440918,11.130000114440918,804
2024-06-04,11.140000343322754,11.140000343322754,11.140000343322754,11.140000343322754,11.140000343322754,265
2024-06-05,11.173199653625488,11.173199653625488,11.130000114440918,11.130000114440918,11.130000114440918,666
2024-06-06,11.130000114440918,11.130000114440918,11.130000114440918,11.130000114440918,11.130000114440918,0
2024-06-07,11.180000305175781,11.180000305175781,11.180000305175781,11.180000305175781,11.180000305175781,6840
2024-06-10,11.180000305175781,11.180000305175781,11.180000305175781,11.180000305175781,11.180000305175781,0
2024-06-11,11.180000305175781,11.180000305175781,11.180000305175781,11.180000305175781,11.180000305175781,0
2024-06-12,11.180000305175781,11.180000305175781,11.180000305175781,11.180000305175781,11.180000305175781,0
2024-06-13,11.180000305175781,11.180000305175781,11.180000305175781,11.180000305175781,11.180000305175781,191
2024-06-14,11.180000305175781,11.180000305175781,11.180000305175781,11.180000305175781,11.180000305175781,0
2024-06-17,11.180000305175781,11.180000305175781,11.180000305175781,11.180000305175781,11.180000305175781,0
2024-06-18,11.180000305175781,11.180000305175781,11.180000305175781,11.180000305175781,11.180000305175781,0
2024-06-20,11.119999885559082,11.119999885559082,11.119999885559082,11.119999885559082,11.119999885559082,538
2024-06-21,11.119999885559082,11.119999885559082,11.119999885559082,11.119999885559082,11.119999885559082,0
2024-06-24,11.119999885559082,11.119999885559082,11.119999885559082,11.119999885559082,11.119999885559082,451
2024-06-25,11.119999885559082,11.119999885559082,11.119999885559082,11.119999885559082,11.119999885559082,0
2024-06-26,11.140000343322754,11.140000343322754,11.140000343322754,11.140000343322754,11.140000343322754,249
2024-06-27,11.140000343322754,11.140000343322754,11.140000343322754,11.140000343322754,11.140000343322754,0
2024-06-28,11.180000305175781,11.180000305175781,11.180000305175781,11.180000305175781,11.180000305175781,1330
2024-07-01,11.180000305175781,11.180000305175781,11.180000305175781,11.180000305175781,11.180000305175781,0
2024-07-02,11.149999618530273,11.149999618530273,11.149999618530273,11.149999618530273,11.149999618530273,160
2024-07-03,11.149999618530273,11.149999618530273,11.149999618530273,11.149999618530273,11.149999618530273,0
2024-07-05,11.149999618530273,11.149999618530273,11.149999618530273,11.149999618530273,11.149999618530273,0
2024-07-08,11.149999618530273,11.149999618530273,11.149999618530273,11.149999618530273,11.149999618530273,0
2024-07-09,11.149999618530273,11.149999618530273,11.149999618530273,11.149999618530273,11.149999618530273,0
2024-07-10,11.149999618530273,11.149999618530273,11.149999618530273,11.149999618530273,11.149999618530273,0
2024-07-11,11.149999618530273,11.149999618530273,11.149999618530273,11.149999618530273,11.149999618530273,0
2024-07-12,11.149999618530273,11.149999618530273,11.149999618530273,11.149999618530273,11.149999618530273,0
2024-07-15,11.149999618530273,11.149999618530273,11.149999618530273,11.149999618530273,11.149999618530273,0
2024-07-16,11.149999618530273,11.149999618530273,11.149999618530273,11.149999618530273,11.149999618530273,0
2024-07-17,11.149999618530273,11.149999618530273,11.149999618530273,11.149999618530273,11.149999618530273,0
2024-07-18,11.149999618530273,11.149999618530273,11.149999618530273,11.149999618530273,11.149999618530273,0
2024-07-19,11.149999618530273,11.149999618530273,11.149999618530273,11.149999618530273,11.149999618530273,0
2024-07-22,11.149999618530273,11.149999618530273,11.149999618530273,11.149999618530273,11.149999618530273,0
2024-07-23,11.149999618530273,11.149999618530273,11.149999618530273,11.149999618530273,11.149999618530273,0
2024-07-24,11.149999618530273,11.149999618530273,11.149999618530273,11.149999618530273,11.149999618530273,403
2024-07-25,11.149999618530273,11.149999618530273,11.149999618530273,11.149999618530273,11.149999618530273,0
2024-07-26,11.149999618530273,11.149999618530273,11.149999618530273,11.149999618530273,11.149999618530273,0
2024-07-29,11.149999618530273,11.149999618530273,11.149999618530273,11.149999618530273,11.149999618530273,0
2024-07-30,11.149999618530273,11.149999618530273,11.149999618530273,11.149999618530273,11.149999618530273,0
2024-07-31,11.149999618530273,11.149999618530273,11.149999618530273,11.149999618530273,11.149999618530273,0
2024-08-01,11.149999618530273,11.149999618530273,11.149999618530273,11.149999618530273,11.149999618530273,287
2024-08-02,11.149999618530273,11.149999618530273,11.149999618530273,11.149999618530273,11.149999618530273,0
2024-08-05,11.149999618530273,11.149999618530273,11.149999618530273,11.149999618530273,11.149999618530273,0
2024-08-06,11.220000267028809,11.220000267028809,11.220000267028809,11.220000267028809,11.220000267028809,1174
2024-08-07,11.220000267028809,11.220000267028809,11.220000267028809,11.220000267028809,11.220000267028809,0
2024-08-08,11.210000038146973,11.220000267028809,11.210000038146973,11.220000267028809,11.220000267028809,1657
2024-08-09,11.220000267028809,11.220000267028809,11.220000267028809,11.220000267028809,11.220000267028809,0
2024-08-12,11.220000267028809,11.220000267028809,11.220000267028809,11.220000267028809,11.220000267028809,0
2024-08-13,11.220000267028809,11.220000267028809,11.220000267028809,11.220000267028809,11.220000267028809,0
2024-08-14,11.220000267028809,11.220000267028809,11.220000267028809,11.220000267028809,11.220000267028809,0
2024-08-15,11.220000267028809,11.220000267028809,11.220000267028809,11.220000267028809,11.220000267028809,0
2024-08-16,11.220000267028809,11.220000267028809,11.220000267028809,11.220000267028809,11.220000267028809,0
2024-08-19,11.220000267028809,11.220000267028809,11.220000267028809,11.220000267028809,11.220000267028809,0
2024-08-20,11.220000267028809,11.220000267028809,11.220000267028809,11.220000267028809,11.220000267028809,0
2024-08-21,11.220000267028809,11.220000267028809,11.220000267028809,11.220000267028809,11.220000267028809,0
2024-08-22,11.220000267028809,11.220000267028809,11.220000267028809,11.220000267028809,11.220000267028809,0
2024-08-23,11.210000038146973,11.210000038146973,11.210000038146973,11.210000038146973,11.210000038146973,532
2024-08-26,11.130000114440918,11.130000114440918,11.079999923706055,11.079999923706055,11.079999923706055,1589
2024-08-27,11.199999809265137,11.220000267028809,11.199999809265137,11.220000267028809,11.220000267028809,1004
2024-08-28,11.220000267028809,11.220000267028809,11.220000267028809,11.220000267028809,11.220000267028809,0
2024-08-29,11.220000267028809,11.220000267028809,11.220000267028809,11.220000267028809,11.220000267028809,0
2024-08-30,11.0,11.0,11.0,11.0,11.0,203
2024-09-03,11.0,11.0,11.0,11.0,11.0,0
2024-09-04,11.210000038146973,11.210000038146973,11.210000038146973,11.210000038146973,11.210000038146973,372
2024-09-05,11.210000038146973,11.210000038146973,11.100000381469727,11.100000381469727,11.100000381469727,614
2024-09-06,11.100000381469727,11.100000381469727,11.100000381469727,11.100000381469727,11.100000381469727,0
2024-09-09,11.100000381469727,11.100000381469727,11.100000381469727,11.100000381469727,11.100000381469727,0
2024-09-10,11.130000114440918,11.1899995803833,11.130000114440918,11.1899995803833,11.1899995803833,1379
2024-09-11,11.130000114440918,11.130000114440918,11.130000114440918,11.130000114440918,11.130000114440918,608
2024-09-12,11.130000114440918,11.130000114440918,11.130000114440918,11.130000114440918,11.130000114440918,0
2024-09-13,11.130000114440918,11.130000114440918,11.130000114440918,11.130000114440918,11.130000114440918,0
2024-09-16,11.130000114440918,11.130000114440918,11.130000114440918,11.130000114440918,11.130000114440918,0
2024-09-17,11.130000114440918,11.130000114440918,11.130000114440918,11.130000114440918,11.130000114440918,0
2024-09-18,11.130000114440918,11.130000114440918,11.130000114440918,11.130000114440918,11.130000114440918,0
2024-09-19,11.130000114440918,11.130000114440918,11.130000114440918,11.130000114440918,11.130000114440918,0
2024-09-20,11.130000114440918,11.130000114440918,11.130000114440918,11.130000114440918,11.130000114440918,0
2024-09-23,11.100000381469727,11.100000381469727,11.100000381469727,11.100000381469727,11.100000381469727,524
2024-09-24,11.100000381469727,11.100000381469727,11.100000381469727,11.100000381469727,11.100000381469727,0
2024-09-25,11.100000381469727,11.100000381469727,11.100000381469727,11.100000381469727,11.100000381469727,0
2024-09-26,11.239999771118164,11.239999771118164,11.239999771118164,11.239999771118164,11.239999771118164,205
2024-09-27,11.229999542236328,11.239999771118164,11.229999542236328,11.239999771118164,11.239999771118164,813
2024-09-30,11.239999771118164,11.239999771118164,11.239999771118164,11.239999771118164,11.239999771118164,0
2024-10-01,11.239999771118164,11.239999771118164,11.239999771118164,11.239999771118164,11.239999771118164,0
2024-10-02,11.239999771118164,11.239999771118164,11.239999771118164,11.239999771118164,11.239999771118164,0
2024-10-03,11.239999771118164,11.239999771118164,11.239999771118164,11.239999771118164,11.239999771118164,0
2024-10-04,11.239999771118164,11.239999771118164,11.239999771118164,11.239999771118164,11.239999771118164,0
2024-10-07,11.239999771118164,11.239999771118164,11.239999771118164,11.239999771118164,11.239999771118164,0
2024-10-08,11.449999809265137,11.449999809265137,11.449999809265137,11.449999809265137,11.449999809265137,520
2024-10-09,11.449999809265137,11.449999809265137,11.449999809265137,11.449999809265137,11.449999809265137,0
2024-10-10,11.449999809265137,11.449999809265137,11.449999809265137,11.449999809265137,11.449999809265137,0
2024-10-11,11.449999809265137,11.449999809265137,11.449999809265137,11.449999809265137,11.449999809265137,0
2024-10-14,11.449999809265137,11.449999809265137,11.449999809265137,11.449999809265137,11.449999809265137,0
2024-10-15,11.449899673461914,11.449999809265137,11.449899673461914,11.449999809265137,11.449999809265137,349
2024-10-16,10.911600112915039,10.911600112915039,10.911600112915039,10.911600112915039,10.911600112915039,257
2024-10-17,10.911600112915039,10.911600112915039,10.911600112915039,10.911600112915039,10.911600112915039,0
2024-10-18,10.911600112915039,10.911600112915039,10.911600112915039,10.911600112915039,10.911600112915039,0
2024-10-21,10.911600112915039,10.911600112915039,10.911600112915039,10.911600112915039,10.911600112915039,0
2024-10-22,11.720000267028809,11.720000267028809,11.720000267028809,11.720000267028809,11.720000267028809,357
2024-10-23,11.720000267028809,11.720000267028809,11.720000267028809,11.720000267028809,11.720000267028809,0
2024-10-24,11.720000267028809,11.720000267028809,11.720000267028809,11.720000267028809,11.720000267028809,0
2024-10-25,11.720000267028809,11.720000267028809,11.720000267028809,11.720000267028809,11.720000267028809,0
2024-10-28,11.720000267028809,11.720000267028809,11.720000267028809,11.720000267028809,11.720000267028809,0
2024-10-29,11.720000267028809,11.720000267028809,11.720000267028809,11.720000267028809,11.720000267028809,0
2024-10-30,11.720000267028809,11.720000267028809,11.720000267028809,11.720000267028809,11.720000267028809,0
2024-10-31,11.720000267028809,11.720000267028809,11.720000267028809,11.720000267028809,11.720000267028809,0
2024-11-01,11.720000267028809,11.720000267028809,11.720000267028809,11.720000267028809,11.720000267028809,0
2024-11-04,11.720000267028809,11.720000267028809,11.720000267028809,11.720000267028809,11.720000267028809,0
2024-11-05,11.399999618530273,11.399999618530273,11.399999618530273,11.399999618530273,11.399999618530273,413
2024-11-06,11.399999618530273,11.399999618530273,11.399999618530273,11.399999618530273,11.399999618530273,0
2024-11-07,11.399999618530273,11.399999618530273,11.399999618530273,11.399999618530273,11.399999618530273,0
2024-11-08,11.449999809265137,11.449999809265137,11.449999809265137,11.449999809265137,11.449999809265137,207
