Date,Adj Close,Close,High,Low,Open,Volume
2021-01-08,29.90999984741211,29.90999984741211,43.0,27.979999542236328,42.0,4054300
2021-01-11,28.0,28.0,31.399999618530273,28.0,29.959999084472656,553400
2021-01-12,29.59000015258789,29.59000015258789,29.84000015258789,27.010000228881836,28.0,396100
2021-01-13,35.380001068115234,35.380001068115234,35.40999984741211,29.75,29.989999771118164,604200
2021-01-14,37.5,37.5,37.79999923706055,32.18000030517578,35.380001068115234,402000
2021-01-15,35.08000183105469,35.08000183105469,38.459999084472656,34.15999984741211,37.5,239000
2021-01-19,33.880001068115234,33.880001068115234,35.9900016784668,32.630001068115234,34.720001220703125,149800
2021-01-20,37.83000183105469,37.83000183105469,38.0,33.04999923706055,34.0,152100
2021-01-21,38.18000030517578,38.18000030517578,38.18000030517578,35.95000076293945,37.97999954223633,199900
2021-01-22,38.5,38.5,38.619998931884766,36.880001068115234,37.540000915527344,173900
2021-01-25,38.59000015258789,38.59000015258789,39.4900016784668,36.939998626708984,38.95000076293945,120700
2021-01-26,38.29999923706055,38.29999923706055,38.959999084472656,37.099998474121094,38.939998626708984,108100
2021-01-27,37.56999969482422,37.56999969482422,38.20000076293945,35.30500030517578,38.0,275000
2021-01-28,37.650001525878906,37.650001525878906,37.900001525878906,36.14099884033203,37.060001373291016,118500
2021-01-29,38.0099983215332,38.0099983215332,39.4900016784668,37.279998779296875,37.540000915527344,195800
2021-02-01,33.77000045776367,33.77000045776367,39.849998474121094,33.33000183105469,39.849998474121094,235800
2021-02-02,34.22999954223633,34.22999954223633,35.34000015258789,33.88999938964844,33.88999938964844,94400
2021-02-03,33.72999954223633,33.72999954223633,35.0,33.5,34.849998474121094,85800
2021-02-04,36.0,36.0,36.25,33.54999923706055,34.0,156800
2021-02-05,36.279998779296875,36.279998779296875,36.599998474121094,35.0,36.189998626708984,124400
2021-02-08,36.220001220703125,36.220001220703125,37.18000030517578,35.779998779296875,36.72999954223633,159400
2021-02-09,37.58000183105469,37.58000183105469,38.81999969482422,36.029998779296875,36.61000061035156,137400
2021-02-10,38.33000183105469,38.33000183105469,38.869998931884766,36.61000061035156,37.290000915527344,143300
2021-02-11,38.93000030517578,38.93000030517578,39.849998474121094,37.755001068115234,38.56999969482422,205400
2021-02-12,40.0,40.0,41.04999923706055,38.52000045776367,39.279998779296875,149500
2021-02-16,42.529998779296875,42.529998779296875,42.7599983215332,39.40999984741211,40.90999984741211,185200
2021-02-17,44.029998779296875,44.029998779296875,46.54999923706055,41.34000015258789,42.54999923706055,315000
2021-02-18,43.93000030517578,43.93000030517578,46.060001373291016,40.70000076293945,43.63999938964844,229100
2021-02-19,45.72999954223633,45.72999954223633,45.97999954223633,43.0099983215332,43.349998474121094,108800
2021-02-22,44.630001068115234,44.630001068115234,46.25,40.97100067138672,41.0,198800
2021-02-23,42.119998931884766,42.119998931884766,45.167999267578125,41.150001525878906,43.380001068115234,430000
2021-02-24,41.90999984741211,41.90999984741211,44.70000076293945,41.25,41.72999954223633,137200
2021-02-25,42.68000030517578,42.68000030517578,42.9900016784668,39.84000015258789,41.77000045776367,234800
2021-02-26,40.41999816894531,40.41999816894531,42.810001373291016,38.54399871826172,42.400001525878906,170400
2021-03-01,48.38999938964844,48.38999938964844,50.970001220703125,40.70000076293945,41.56999969482422,457300
2021-03-02,52.290000915527344,52.290000915527344,53.89500045776367,45.349998474121094,47.52000045776367,257700
2021-03-03,52.099998474121094,52.099998474121094,52.93000030517578,48.11000061035156,51.54999923706055,225200
2021-03-04,43.25,43.25,52.69499969482422,41.35499954223633,52.689998626708984,324700
2021-03-05,44.529998779296875,44.529998779296875,46.125,37.54999923706055,43.70000076293945,299600
2021-03-08,46.349998474121094,46.349998474121094,50.88999938964844,43.349998474121094,44.779998779296875,352500
2021-03-09,51.060001373291016,51.060001373291016,54.13999938964844,46.400001525878906,46.79999923706055,455400
2021-03-10,53.41999816894531,53.41999816894531,59.849998474121094,50.81999969482422,51.2599983215332,434500
2021-03-11,52.72999954223633,52.72999954223633,56.59000015258789,51.97999954223633,53.43000030517578,326800
2021-03-12,48.060001373291016,48.060001373291016,52.220001220703125,45.119998931884766,52.220001220703125,347100
2021-03-15,44.88999938964844,44.88999938964844,49.380001068115234,43.25,48.38999938964844,348300
2021-03-16,46.27000045776367,46.27000045776367,46.92499923706055,44.040000915527344,44.040000915527344,367500
2021-03-17,43.400001525878906,43.400001525878906,46.415000915527344,42.2400016784668,45.849998474121094,456800
2021-03-18,40.310001373291016,40.310001373291016,43.599998474121094,39.75,42.970001220703125,490100
2021-03-19,41.11000061035156,41.11000061035156,43.29999923706055,41.0,42.650001525878906,2558200
2021-03-22,42.81999969482422,42.81999969482422,43.52000045776367,40.47999954223633,41.040000915527344,521700
2021-03-23,40.02000045776367,40.02000045776367,42.45000076293945,38.505001068115234,42.36000061035156,637100
2021-03-24,37.65999984741211,37.65999984741211,40.79999923706055,37.060001373291016,40.0,212500
2021-03-25,39.18000030517578,39.18000030517578,39.9900016784668,36.36000061035156,38.810001373291016,163800
2021-03-26,39.630001068115234,39.630001068115234,42.72999954223633,37.849998474121094,39.29999923706055,243700
2021-03-29,38.04999923706055,38.04999923706055,39.47999954223633,37.400001525878906,39.189998626708984,168500
2021-03-30,39.72999954223633,39.72999954223633,40.36000061035156,36.66999816894531,38.02000045776367,225400
2021-03-31,41.66999816894531,41.66999816894531,41.939998626708984,39.599998474121094,40.08000183105469,160400
2021-04-01,41.25,41.25,42.70000076293945,40.34000015258789,41.81999969482422,143600
2021-04-05,41.02000045776367,41.02000045776367,42.0,40.0,41.470001220703125,103400
2021-04-06,35.13999938964844,35.13999938964844,41.08000183105469,34.779998779296875,40.810001373291016,323900
2021-04-07,35.939998626708984,35.939998626708984,37.13999938964844,34.19499969482422,35.0099983215332,242000
2021-04-08,34.18000030517578,34.18000030517578,36.380001068115234,33.86000061035156,36.099998474121094,98700
2021-04-09,32.29999923706055,32.29999923706055,34.79999923706055,31.6299991607666,33.88999938964844,74200
2021-04-12,29.8700008392334,29.8700008392334,32.34000015258789,29.135000228881836,32.34000015258789,194600
2021-04-13,32.279998779296875,32.279998779296875,33.439998626708984,29.049999237060547,30.0,548600
2021-04-14,35.470001220703125,35.470001220703125,36.224998474121094,32.33000183105469,32.33000183105469,257300
2021-04-15,35.90999984741211,35.90999984741211,36.31999969482422,34.790000915527344,35.630001068115234,329700
2021-04-16,35.20000076293945,35.20000076293945,36.97999954223633,34.65999984741211,36.310001373291016,167100
2021-04-19,32.09000015258789,32.09000015258789,35.7400016784668,31.53499984741211,35.029998779296875,98800
2021-04-20,31.299999237060547,31.299999237060547,32.91999816894531,31.030000686645508,31.6200008392334,185800
2021-04-21,33.84000015258789,33.84000015258789,34.630001068115234,29.690000534057617,31.260000228881836,219400
2021-04-22,32.47999954223633,32.47999954223633,34.650001525878906,31.940000534057617,33.70000076293945,117200
2021-04-23,31.489999771118164,31.489999771118164,32.75,31.200000762939453,32.650001525878906,112400
2021-04-26,31.68000030517578,31.68000030517578,32.900001525878906,30.739999771118164,31.6200008392334,141600
2021-04-27,34.66999816894531,34.66999816894531,36.380001068115234,32.529998779296875,33.70000076293945,290000
2021-04-28,33.220001220703125,33.220001220703125,35.63999938964844,33.060001373291016,34.93000030517578,103700
2021-04-29,32.779998779296875,32.779998779296875,33.380001068115234,31.34000015258789,33.380001068115234,52600
2021-04-30,32.459999084472656,32.459999084472656,33.053001403808594,31.90999984741211,32.720001220703125,66100
2021-05-03,34.25,34.25,34.4900016784668,32.2599983215332,32.79999923706055,88200
2021-05-04,31.860000610351562,31.860000610351562,33.7599983215332,31.469999313354492,33.630001068115234,78200
2021-05-05,28.8700008392334,28.8700008392334,32.2400016784668,28.530000686645508,32.220001220703125,176200
2021-05-06,29.0,29.0,31.496000289916992,27.09000015258789,28.510000228881836,106900
2021-05-07,29.860000610351562,29.860000610351562,30.959999084472656,29.110000610351562,29.170000076293945,51500
2021-05-10,28.6200008392334,28.6200008392334,30.059999465942383,27.459999084472656,30.059999465942383,58600
2021-05-11,28.420000076293945,28.420000076293945,30.0049991607666,27.260000228881836,27.959999084472656,125000
2021-05-12,30.450000762939453,30.450000762939453,31.0,27.610000610351562,28.139999389648438,377000
2021-05-13,27.75,27.75,31.93000030517578,27.5,30.690000534057617,142200
2021-05-14,27.65999984741211,27.65999984741211,29.739999771118164,27.020000457763672,28.350000381469727,179500
2021-05-17,28.3700008392334,28.3700008392334,28.6299991607666,27.260000228881836,27.59000015258789,200000
2021-05-18,31.3700008392334,31.3700008392334,31.790000915527344,28.18000030517578,28.299999237060547,190800
2021-05-19,31.200000762939453,31.200000762939453,32.29999923706055,30.149999618530273,30.5,382700
2021-05-20,30.40999984741211,30.40999984741211,31.4950008392334,28.0,31.399999618530273,323100
2021-05-21,27.190000534057617,27.190000534057617,29.860000610351562,26.56999969482422,29.770000457763672,494700
2021-05-24,28.510000228881836,28.510000228881836,29.170000076293945,27.239999771118164,27.239999771118164,167100
2021-05-25,28.389999389648438,28.389999389648438,29.299999237060547,28.040000915527344,28.260000228881836,122200
2021-05-26,30.770000457763672,30.770000457763672,31.739999771118164,28.799999237060547,29.0,280100
2021-05-27,30.09000015258789,30.09000015258789,31.190000534057617,29.520000457763672,31.190000534057617,332600
2021-05-28,29.729999542236328,29.729999542236328,31.40999984741211,29.520000457763672,30.25,130800
2021-06-01,29.100000381469727,29.100000381469727,30.579999923706055,28.799999237060547,29.90999984741211,97600
2021-06-02,28.280000686645508,28.280000686645508,29.43000030517578,27.809999465942383,29.190000534057617,106000
2021-06-03,29.760000228881836,29.760000228881836,29.80500030517578,28.219999313354492,28.530000686645508,393600
2021-06-04,33.11000061035156,33.11000061035156,37.65999984741211,31.770000457763672,37.59000015258789,1408300
2021-06-07,33.86000061035156,33.86000061035156,34.68600082397461,33.20000076293945,33.20000076293945,376100
2021-06-08,33.439998626708984,33.439998626708984,34.349998474121094,32.69499969482422,34.18000030517578,281000
2021-06-09,32.61000061035156,32.61000061035156,34.439998626708984,32.220001220703125,33.56999969482422,272900
2021-06-10,32.209999084472656,32.209999084472656,32.689998626708984,31.010000228881836,32.38999938964844,116800
2021-06-11,31.389999389648438,31.389999389648438,32.48500061035156,31.059999465942383,32.08000183105469,102300
2021-06-14,30.719999313354492,30.719999313354492,31.709999084472656,30.360000610351562,31.489999771118164,137700
2021-06-15,28.510000228881836,28.510000228881836,30.690000534057617,28.045000076293945,30.690000534057617,127300
2021-06-16,27.479999542236328,27.479999542236328,29.239999771118164,26.700000762939453,29.239999771118164,152500
2021-06-17,26.25,26.25,28.0,26.0,27.239999771118164,200300
2021-06-18,25.440000534057617,25.440000534057617,26.600000381469727,24.799999237060547,26.600000381469727,1071200
2021-06-21,26.030000686645508,26.030000686645508,26.239999771118164,25.0,25.739999771118164,334900
2021-06-22,24.959999084472656,24.959999084472656,26.290000915527344,24.729999542236328,26.290000915527344,115200
2021-06-23,25.3799991607666,25.3799991607666,25.860000610351562,24.559999465942383,24.889999389648438,101500
2021-06-24,26.110000610351562,26.110000610351562,26.290000915527344,25.469999313354492,25.469999313354492,137400
2021-06-25,27.5,27.5,28.299999237060547,25.950000762939453,26.209999084472656,536700
2021-06-28,26.15999984741211,26.15999984741211,27.65999984741211,25.450000762939453,27.65999984741211,331700
2021-06-29,26.010000228881836,26.010000228881836,27.114999771118164,25.059999465942383,26.049999237060547,315400
2021-06-30,25.75,25.75,26.959999084472656,25.690000534057617,26.010000228881836,157500
2021-07-01,26.899999618530273,26.899999618530273,27.270000457763672,25.81999969482422,26.25,260600
2021-07-02,25.850000381469727,25.850000381469727,27.270000457763672,25.799999237060547,26.8799991607666,154200
2021-07-06,25.219999313354492,25.219999313354492,25.950000762939453,25.0,25.760000228881836,168600
2021-07-07,26.209999084472656,26.209999084472656,26.469999313354492,24.350000381469727,25.200000762939453,339100
2021-07-08,27.549999237060547,27.549999237060547,27.690000534057617,25.540000915527344,25.899999618530273,192800
2021-07-09,27.200000762939453,27.200000762939453,27.75,26.610000610351562,27.59000015258789,96400
2021-07-12,29.270000457763672,29.270000457763672,29.920000076293945,27.0,27.260000228881836,203900
2021-07-13,29.649999618530273,29.649999618530273,29.8799991607666,28.299999237060547,29.229999542236328,187200
2021-07-14,26.860000610351562,26.860000610351562,29.90999984741211,26.600000381469727,29.90999984741211,431100
2021-07-15,26.729999542236328,26.729999542236328,27.25,26.139999389648438,26.700000762939453,132400
2021-07-16,26.959999084472656,26.959999084472656,27.299999237060547,26.299999237060547,26.600000381469727,150800
2021-07-19,26.530000686645508,26.530000686645508,27.68000030517578,25.8799991607666,26.469999313354492,208100
2021-07-20,27.3700008392334,27.3700008392334,27.700000762939453,26.198999404907227,26.559999465942383,259600
2021-07-21,26.959999084472656,26.959999084472656,28.25,26.440000534057617,27.68000030517578,171000
2021-07-22,26.1299991607666,26.1299991607666,27.010000228881836,25.68000030517578,26.8700008392334,66900
2021-07-23,25.809999465942383,25.809999465942383,26.295000076293945,25.510000228881836,26.030000686645508,72600
2021-07-26,25.059999465942383,25.059999465942383,26.739999771118164,24.19499969482422,25.899999618530273,339200
2021-07-27,24.739999771118164,24.739999771118164,25.739999771118164,24.184999465942383,24.989999771118164,160500
2021-07-28,25.510000228881836,25.510000228881836,26.0,24.56999969482422,25.010000228881836,157200
2021-07-29,24.739999771118164,24.739999771118164,25.90999984741211,24.6200008392334,25.81999969482422,85700
2021-07-30,22.93000030517578,22.93000030517578,25.155000686645508,22.59000015258789,24.739999771118164,123100
2021-08-02,24.15999984741211,24.15999984741211,24.59000015258789,22.93000030517578,23.09000015258789,198700
2021-08-03,24.3799991607666,24.3799991607666,25.260000228881836,23.65999984741211,24.200000762939453,285700
2021-08-04,23.850000381469727,23.850000381469727,25.09000015258789,23.6299991607666,24.329999923706055,123600
2021-08-05,27.09000015258789,27.09000015258789,27.190000534057617,23.850000381469727,23.850000381469727,139000
2021-08-06,27.6200008392334,27.6200008392334,27.899999618530273,26.31999969482422,26.940000534057617,91100
2021-08-09,26.700000762939453,26.700000762939453,27.895000457763672,25.979999542236328,27.34000015258789,113600
2021-08-10,28.489999771118164,28.489999771118164,28.829999923706055,25.975000381469727,26.729999542236328,362200
2021-08-11,28.770000457763672,28.770000457763672,29.149999618530273,27.850000381469727,28.989999771118164,130900
2021-08-12,28.43000030517578,28.43000030517578,29.030000686645508,27.270000457763672,28.420000076293945,138300
2021-08-13,27.709999084472656,27.709999084472656,28.364999771118164,27.059999465942383,28.079999923706055,66800
2021-08-16,27.149999618530273,27.149999618530273,28.204999923706055,25.8799991607666,27.739999771118164,53000
2021-08-17,28.15999984741211,28.15999984741211,28.3799991607666,25.90999984741211,27.0,86600
2021-08-18,26.8700008392334,26.8700008392334,28.399999618530273,26.8700008392334,28.209999084472656,86000
2021-08-19,26.5,26.5,27.020000457763672,25.399999618530273,26.690000534057617,92400
2021-08-20,28.139999389648438,28.139999389648438,28.299999237060547,26.25,26.350000381469727,117200
2021-08-23,29.200000762939453,29.200000762939453,29.540000915527344,27.420000076293945,28.639999389648438,264300
2021-08-24,29.68000030517578,29.68000030517578,29.850000381469727,29.06999969482422,29.329999923706055,167300
2021-08-25,26.729999542236328,26.729999542236328,30.07699966430664,26.6200008392334,29.469999313354492,200000
2021-08-26,27.420000076293945,27.420000076293945,28.639999389648438,26.450000762939453,26.450000762939453,129200
2021-08-27,28.639999389648438,28.639999389648438,29.579999923706055,26.700000762939453,27.209999084472656,201800
2021-08-30,29.549999237060547,29.549999237060547,29.600000381469727,28.274999618530273,28.899999618530273,213400
2021-08-31,28.219999313354492,28.219999313354492,30.299999237060547,26.959999084472656,29.68000030517578,190300
2021-09-01,28.809999465942383,28.809999465942383,29.809999465942383,27.947999954223633,28.260000228881836,237200
2021-09-02,29.670000076293945,29.670000076293945,29.899999618530273,28.514999389648438,29.280000686645508,511300
2021-09-03,28.950000762939453,28.950000762939453,30.15999984741211,28.579999923706055,29.270000457763672,189900
2021-09-07,29.0,29.0,29.540000915527344,28.59000015258789,29.15999984741211,296100
2021-09-08,28.90999984741211,28.90999984741211,29.280000686645508,27.354999542236328,28.799999237060547,275800
2021-09-09,28.829999923706055,28.829999923706055,30.325000762939453,28.549999237060547,28.959999084472656,318000
2021-09-10,28.75,28.75,29.170000076293945,28.549999237060547,29.0,229500
2021-09-13,28.889999389648438,28.889999389648438,29.329999923706055,28.100000381469727,29.0,162600
2021-09-14,28.690000534057617,28.690000534057617,29.420000076293945,28.260000228881836,28.850000381469727,183300
2021-09-15,29.0,29.0,29.489999771118164,28.469999313354492,28.739999771118164,386300
2021-09-16,28.799999237060547,28.799999237060547,29.229999542236328,28.15999984741211,28.959999084472656,404300
2021-09-17,26.420000076293945,26.420000076293945,28.8700008392334,26.059999465942383,28.84000015258789,2282900
2021-09-20,24.399999618530273,24.399999618530273,26.040000915527344,23.809999465942383,26.040000915527344,445800
2021-09-21,23.450000762939453,23.450000762939453,24.670000076293945,23.010000228881836,24.670000076293945,327400
2021-09-22,22.559999465942383,22.559999465942383,23.969999313354492,22.479999542236328,23.700000762939453,177000
2021-09-23,23.670000076293945,23.670000076293945,24.0,22.010000228881836,22.65999984741211,219400
2021-09-24,23.049999237060547,23.049999237060547,23.979999542236328,22.434999465942383,23.420000076293945,130800
2021-09-27,23.8799991607666,23.8799991607666,24.219999313354492,22.600000381469727,23.049999237060547,158300
2021-09-28,22.81999969482422,22.81999969482422,23.969999313354492,22.6299991607666,23.639999389648438,125900
2021-09-29,22.6299991607666,22.6299991607666,23.389999389648438,22.350000381469727,22.969999313354492,75200
2021-09-30,22.56999969482422,22.56999969482422,23.309999465942383,21.969999313354492,22.84000015258789,178100
2021-10-01,24.75,24.75,24.920000076293945,22.06999969482422,22.600000381469727,213100
2021-10-04,22.940000534057617,22.940000534057617,24.540000915527344,22.700000762939453,24.540000915527344,118400
2021-10-05,23.65999984741211,23.65999984741211,23.760000228881836,22.0,23.149999618530273,98900
2021-10-06,24.079999923706055,24.079999923706055,24.469999313354492,23.09000015258789,23.09000015258789,126300
2021-10-07,24.40999984741211,24.40999984741211,25.0,24.1299991607666,24.229999542236328,146400
2021-10-08,23.81999969482422,23.81999969482422,24.850000381469727,23.510000228881836,24.329999923706055,62900
2021-10-11,23.299999237060547,23.299999237060547,24.389999389648438,23.15999984741211,23.84000015258789,132300
2021-10-12,22.989999771118164,22.989999771118164,24.0,22.795000076293945,23.440000534057617,103300
2021-10-13,23.15999984741211,23.15999984741211,23.579999923706055,22.709999084472656,23.354999542236328,229500
2021-10-14,23.610000610351562,23.610000610351562,24.15999984741211,23.219999313354492,23.219999313354492,150400
2021-10-15,25.0,25.0,25.049999237060547,23.31999969482422,23.75,601200
2021-10-18,21.1200008392334,21.1200008392334,24.280000686645508,20.350000381469727,23.420000076293945,812000
2021-10-19,21.510000228881836,21.510000228881836,21.75,20.579999923706055,21.209999084472656,178100
2021-10-20,21.889999389648438,21.889999389648438,22.0,21.299999237060547,21.389999389648438,212700
2021-10-21,23.420000076293945,23.420000076293945,23.940000534057617,21.90999984741211,21.90999984741211,536200
2021-10-22,22.209999084472656,22.209999084472656,23.3799991607666,22.1299991607666,23.3799991607666,132500
2021-10-25,21.850000381469727,21.850000381469727,22.56999969482422,20.899999618530273,22.219999313354492,127600
2021-10-26,21.739999771118164,21.739999771118164,22.399999618530273,21.040000915527344,22.040000915527344,303200
2021-10-27,22.170000076293945,22.170000076293945,22.350000381469727,21.690000534057617,21.799999237060547,218900
2021-10-28,22.530000686645508,22.530000686645508,23.5,21.7450008392334,22.239999771118164,835200
2021-10-29,22.219999313354492,22.219999313354492,22.760000228881836,21.924999237060547,22.290000915527344,77000
2021-11-01,22.190000534057617,22.190000534057617,23.579999923706055,22.0,22.270000457763672,123000
2021-11-02,22.260000228881836,22.260000228881836,22.604999542236328,21.5,22.299999237060547,77900
2021-11-03,22.760000228881836,22.760000228881836,23.100000381469727,22.309999465942383,22.329999923706055,151200
2021-11-04,22.719999313354492,22.719999313354492,23.40999984741211,22.44499969482422,22.889999389648438,74400
2021-11-05,23.149999618530273,23.149999618530273,23.440000534057617,22.450000762939453,22.809999465942383,90100
2021-11-08,23.549999237060547,23.549999237060547,23.81999969482422,22.979999542236328,23.190000534057617,93500
2021-11-09,22.5,22.5,23.920000076293945,21.950000762939453,23.920000076293945,313700
2021-11-10,22.489999771118164,22.489999771118164,23.209999084472656,22.31999969482422,22.6200008392334,128800
2021-11-11,22.139999389648438,22.139999389648438,23.1200008392334,22.030000686645508,22.549999237060547,103000
2021-11-12,21.170000076293945,21.170000076293945,22.315000534057617,21.06999969482422,22.209999084472656,104700
2021-11-15,20.959999084472656,20.959999084472656,21.540000915527344,20.799999237060547,21.420000076293945,117500
2021-11-16,20.559999465942383,20.559999465942383,21.450000762939453,20.149999618530273,20.860000610351562,134700
2021-11-17,19.68000030517578,19.68000030517578,20.868000030517578,19.610000610351562,20.43000030517578,121900
2021-11-18,19.270000457763672,19.270000457763672,20.899999618530273,18.875,19.739999771118164,171400
2021-11-19,19.469999313354492,19.469999313354492,19.690000534057617,18.950000762939453,19.219999313354492,547500
2021-11-22,18.510000228881836,18.510000228881836,20.014999389648438,18.479999542236328,19.5,169200
2021-11-23,19.0,19.0,19.049999237060547,17.639999389648438,18.3799991607666,152600
2021-11-24,19.149999618530273,19.149999618530273,19.209999084472656,18.5,18.68000030517578,153400
2021-11-26,18.219999313354492,18.219999313354492,19.049999237060547,17.760000228881836,18.709999084472656,57600
2021-11-29,17.579999923706055,17.579999923706055,19.1200008392334,17.524999618530273,18.399999618530273,95000
2021-11-30,18.0,18.0,18.1299991607666,17.059999465942383,17.290000915527344,243100
2021-12-01,16.559999465942383,16.559999465942383,18.479999542236328,16.450000762939453,18.479999542236328,205100
2021-12-02,17.190000534057617,17.190000534057617,17.25,16.19499969482422,16.59000015258789,149200
2021-12-03,16.209999084472656,16.209999084472656,17.3700008392334,15.970000267028809,17.270000457763672,167300
2021-12-06,16.889999389648438,16.889999389648438,17.200000762939453,15.899999618530273,16.459999084472656,175200
2021-12-07,17.459999084472656,17.459999084472656,17.959999084472656,16.850000381469727,17.954999923706055,154700
2021-12-08,17.43000030517578,17.43000030517578,17.670000076293945,17.170000076293945,17.670000076293945,108100
2021-12-09,16.760000228881836,16.760000228881836,17.709999084472656,16.709999084472656,17.270000457763672,111000
2021-12-10,16.81999969482422,16.81999969482422,17.15999984741211,16.25,16.959999084472656,165900
2021-12-13,16.1299991607666,16.1299991607666,17.979999542236328,15.789999961853027,16.84000015258789,176200
2021-12-14,15.59000015258789,15.59000015258789,15.979999542236328,15.178000450134277,15.960000038146973,212600
2021-12-15,15.930000305175781,15.930000305175781,16.049999237060547,14.520000457763672,15.539999961853027,304800
2021-12-16,15.359999656677246,15.359999656677246,16.600000381469727,14.829999923706055,16.06999969482422,1914200
2021-12-17,15.65999984741211,15.65999984741211,15.800000190734863,14.40999984741211,15.430000305175781,2623100
2021-12-20,15.90999984741211,15.90999984741211,15.989999771118164,14.75,15.25,303400
2021-12-21,16.530000686645508,16.530000686645508,16.860000610351562,16.0,16.190000534057617,216900
2021-12-22,16.760000228881836,16.760000228881836,17.18000030517578,16.177000045776367,16.469999313354492,193200
2021-12-23,16.700000762939453,16.700000762939453,17.1299991607666,16.530000686645508,16.950000762939453,199400
2021-12-27,16.510000228881836,16.510000228881836,16.850000381469727,16.191999435424805,16.65999984741211,95000
2021-12-28,15.869999885559082,15.869999885559082,16.700000762939453,15.800000190734863,16.309999465942383,103800
2021-12-29,15.529999732971191,15.529999732971191,15.880000114440918,15.289999961853027,15.880000114440918,146600
2021-12-30,15.699999809265137,15.699999809265137,16.110000610351562,15.569999694824219,15.569999694824219,124200
2021-12-31,15.430000305175781,15.430000305175781,16.0,15.149999618530273,15.520000457763672,1493900
2022-01-03,16.489999771118164,16.489999771118164,16.8799991607666,15.279999732971191,15.699999809265137,181800
2022-01-04,16.75,16.75,18.459999084472656,16.239999771118164,17.030000686645508,541300
2022-01-05,15.630000114440918,15.630000114440918,16.976999282836914,15.53499984741211,16.559999465942383,280000
2022-01-06,15.4399995803833,15.4399995803833,16.049999237060547,14.8149995803833,15.630000114440918,198300
2022-01-07,14.6899995803833,14.6899995803833,15.890000343322754,14.40999984741211,15.649999618530273,137800
2022-01-10,14.670000076293945,14.670000076293945,15.164999961853027,13.869999885559082,15.164999961853027,172300
2022-01-11,14.630000114440918,14.630000114440918,15.279999732971191,14.289999961853027,14.670000076293945,135800
2022-01-12,13.710000038146973,13.710000038146973,14.760000228881836,13.675000190734863,14.760000228881836,192600
2022-01-13,13.34000015258789,13.34000015258789,13.975000381469727,13.239999771118164,13.75,169000
2022-01-14,13.6899995803833,13.6899995803833,13.789999961853027,12.6850004196167,13.109999656677246,216200
2022-01-18,12.819999694824219,12.819999694824219,13.550000190734863,12.789999961853027,13.34000015258789,175200
2022-01-19,12.84000015258789,12.84000015258789,13.364999771118164,12.550000190734863,12.90999984741211,133300
2022-01-20,12.520000457763672,12.520000457763672,13.510000228881836,12.390000343322754,13.050000190734863,174900
2022-01-21,12.359999656677246,12.359999656677246,12.78499984741211,12.0600004196167,12.289999961853027,195800
2022-01-24,13.579999923706055,13.579999923706055,13.6899995803833,11.869999885559082,12.020000457763672,324400
2022-01-25,13.4399995803833,13.4399995803833,13.774999618530273,12.760000228881836,13.170000076293945,171800
2022-01-26,12.890000343322754,12.890000343322754,13.829999923706055,12.720000267028809,13.729999542236328,206700
2022-01-27,12.350000381469727,12.350000381469727,13.414999961853027,12.260000228881836,13.140000343322754,232100
2022-01-28,12.84000015258789,12.84000015258789,12.850000381469727,12.104999542236328,12.300000190734863,160700
2022-01-31,13.479999542236328,13.479999542236328,13.5,12.699999809265137,12.720000267028809,188000
2022-02-01,13.970000267028809,13.970000267028809,14.170000076293945,12.800000190734863,13.479999542236328,207700
2022-02-02,13.210000038146973,13.210000038146973,13.859999656677246,13.140000343322754,13.859999656677246,131500
2022-02-03,12.800000190734863,12.800000190734863,13.229999542236328,12.739999771118164,12.989999771118164,133700
2022-02-04,13.199999809265137,13.199999809265137,13.489999771118164,12.619999885559082,13.010000228881836,156200
2022-02-07,14.0600004196167,14.0600004196167,14.079999923706055,12.960000038146973,13.15999984741211,201600
2022-02-08,13.760000228881836,13.760000228881836,14.199999809265137,13.5600004196167,13.970000267028809,124800
2022-02-09,14.350000381469727,14.350000381469727,14.515000343322754,13.59000015258789,13.779999732971191,189500
2022-02-10,14.140000343322754,14.140000343322754,15.039999961853027,13.760000228881836,13.760000228881836,224700
2022-02-11,13.600000381469727,13.600000381469727,14.795000076293945,13.479999542236328,14.199999809265137,164200
2022-02-14,13.619999885559082,13.619999885559082,13.920000076293945,13.494999885559082,13.609999656677246,116700
2022-02-15,14.779999732971191,14.779999732971191,14.90999984741211,14.0,14.0,183400
2022-02-16,14.720000267028809,14.720000267028809,14.829999923706055,14.279999732971191,14.600000381469727,120400
2022-02-17,14.449999809265137,14.449999809265137,14.600000381469727,14.199999809265137,14.510000228881836,151800
2022-02-18,14.270000457763672,14.270000457763672,14.630000114440918,13.734999656677246,14.350000381469727,226100
2022-02-22,14.229999542236328,14.229999542236328,14.71500015258789,14.100000381469727,14.100000381469727,332300
2022-02-23,13.390000343322754,13.390000343322754,14.520000457763672,13.279999732971191,14.420000076293945,118000
2022-02-24,14.539999961853027,14.539999961853027,14.600000381469727,12.09000015258789,12.920000076293945,158500
2022-02-25,14.5,14.5,14.710000038146973,13.84000015258789,14.529999732971191,109500
2022-02-28,14.34000015258789,14.34000015258789,14.994999885559082,14.119999885559082,14.34000015258789,95600
2022-03-01,13.989999771118164,13.989999771118164,14.869999885559082,13.920000076293945,14.5,282100
2022-03-02,14.350000381469727,14.350000381469727,14.4399995803833,13.880000114440918,14.140000343322754,82800
2022-03-03,13.569999694824219,13.569999694824219,14.59000015258789,13.420000076293945,14.59000015258789,112300
2022-03-04,12.930000305175781,12.930000305175781,13.649999618530273,12.819999694824219,13.489999771118164,98600
2022-03-07,13.270000457763672,13.270000457763672,13.649999618530273,12.704999923706055,12.920000076293945,99000
2022-03-08,13.350000381469727,13.350000381469727,13.880000114440918,12.649999618530273,13.300000190734863,89700
2022-03-09,14.539999961853027,14.539999961853027,14.75,13.529999732971191,13.789999961853027,126600
2022-03-10,14.449999809265137,14.449999809265137,14.710000038146973,14.020000457763672,14.4399995803833,161300
2022-03-11,13.949999809265137,13.949999809265137,14.729999542236328,13.850000381469727,14.640000343322754,110700
2022-03-14,12.619999885559082,12.619999885559082,14.210000038146973,12.34000015258789,14.0600004196167,267200
2022-03-15,12.739999771118164,12.739999771118164,12.90999984741211,12.180000305175781,12.829999923706055,105200
2022-03-16,12.25,12.25,13.220000267028809,11.520000457763672,12.859999656677246,262500
2022-03-17,12.8100004196167,12.8100004196167,12.850000381469727,11.770000457763672,11.9399995803833,217800
2022-03-18,13.329999923706055,13.329999923706055,13.694999694824219,12.5,12.550000190734863,760700
2022-03-21,12.819999694824219,12.819999694824219,13.520000457763672,12.479999542236328,13.300000190734863,172400
2022-03-22,12.619999885559082,12.619999885559082,13.470000267028809,12.479999542236328,12.9399995803833,127700
2022-03-23,12.050000190734863,12.050000190734863,12.508999824523926,11.84000015258789,12.40999984741211,159900
2022-03-24,12.220000267028809,12.220000267028809,12.4399995803833,11.850000381469727,12.140000343322754,123900
2022-03-25,11.479999542236328,11.479999542236328,12.319999694824219,11.40999984741211,12.319999694824219,103800
2022-03-28,11.199999809265137,11.199999809265137,11.859999656677246,10.65999984741211,11.510000228881836,119300
2022-03-29,11.4399995803833,11.4399995803833,11.680000305175781,11.135000228881836,11.25,212400
2022-03-30,11.109999656677246,11.109999656677246,11.574999809265137,10.84000015258789,11.350000381469727,414600
2022-03-31,10.470000267028809,10.470000267028809,11.199999809265137,10.420000076293945,11.199999809265137,128400
2022-04-01,10.989999771118164,10.989999771118164,11.119999885559082,10.350000381469727,10.619999885559082,635600
2022-04-04,12.039999961853027,12.039999961853027,12.149999618530273,10.960000038146973,11.050000190734863,208800
2022-04-05,12.140000343322754,12.140000343322754,12.600000381469727,11.880000114440918,11.880000114440918,326000
2022-04-06,12.970000267028809,12.970000267028809,13.489999771118164,12.4399995803833,12.710000038146973,308000
2022-04-07,12.119999885559082,12.119999885559082,13.40999984741211,12.020000457763672,12.9399995803833,137900
2022-04-08,11.75,11.75,12.220000267028809,11.270000457763672,11.930000305175781,135400
2022-04-11,11.079999923706055,11.079999923706055,11.510000228881836,10.880000114440918,11.510000228881836,150900
2022-04-12,11.199999809265137,11.199999809265137,11.470000267028809,11.0,11.270000457763672,96800
2022-04-13,11.59000015258789,11.59000015258789,11.779999732971191,10.949999809265137,11.25,128000
2022-04-14,11.199999809265137,11.199999809265137,11.6899995803833,10.979999542236328,11.59000015258789,171800
2022-04-18,10.779999732971191,10.779999732971191,11.329999923706055,10.64900016784668,11.210000038146973,121000
2022-04-19,11.079999923706055,11.079999923706055,11.40999984741211,10.6899995803833,10.739999771118164,154300
2022-04-20,11.079999923706055,11.079999923706055,11.295000076293945,10.819999694824219,11.229999542236328,72000
2022-04-21,10.569999694824219,10.569999694824219,11.390000343322754,10.520000457763672,11.210000038146973,199200
2022-04-22,10.65999984741211,10.65999984741211,10.770000457763672,10.199999809265137,10.470000267028809,170400
2022-04-25,11.109999656677246,11.109999656677246,11.130000114440918,10.5,10.569999694824219,91000
2022-04-26,10.300000190734863,10.300000190734863,11.180000305175781,10.210000038146973,10.920000076293945,197500
2022-04-27,10.199999809265137,10.199999809265137,10.479999542236328,10.039999961853027,10.25,130000
2022-04-28,10.4399995803833,10.4399995803833,10.510000228881836,9.5600004196167,10.4399995803833,167300
2022-04-29,9.8100004196167,9.8100004196167,10.729999542236328,9.760000228881836,10.380000114440918,165600
2022-05-02,10.529999732971191,10.529999732971191,10.5600004196167,9.765000343322754,9.800000190734863,152800
2022-05-03,10.6899995803833,10.6899995803833,10.729999542236328,10.34000015258789,10.520000457763672,63200
2022-05-04,11.010000228881836,11.010000228881836,11.0649995803833,10.25,10.670000076293945,162400
2022-05-05,10.40999984741211,10.40999984741211,11.130000114440918,10.199999809265137,10.779999732971191,149300
2022-05-06,10.3100004196167,10.3100004196167,10.734999656677246,9.805000305175781,10.220000267028809,211100
2022-05-09,8.819999694824219,8.819999694824219,10.414999961853027,8.75,10.149999618530273,366700
2022-05-10,8.59000015258789,8.59000015258789,9.510000228881836,8.399999618530273,9.420000076293945,415100
2022-05-11,7.309999942779541,7.309999942779541,8.704999923706055,7.300000190734863,8.539999961853027,1015000
2022-05-12,9.0,9.0,9.670000076293945,8.635000228881836,9.079999923706055,14668600
2022-05-13,10.619999885559082,10.619999885559082,10.6899995803833,9.09000015258789,9.329999923706055,1190300
2022-05-16,10.880000114440918,10.880000114440918,11.800000190734863,10.399999618530273,10.5600004196167,502800
2022-05-17,12.050000190734863,12.050000190734863,12.390000343322754,11.024999618530273,11.0600004196167,1958700
2022-05-18,11.369999885559082,11.369999885559082,12.210000038146973,11.288000106811523,11.600000381469727,376400
2022-05-19,10.800000190734863,10.800000190734863,11.479999542236328,10.734999656677246,11.1899995803833,245300
2022-05-20,11.34000015258789,11.34000015258789,11.505000114440918,10.520000457763672,10.9399995803833,625400
2022-05-23,11.210000038146973,11.210000038146973,11.550000190734863,11.079999923706055,11.510000228881836,184400
2022-05-24,10.59000015258789,10.59000015258789,10.989999771118164,9.979999542236328,10.989999771118164,202100
2022-05-25,11.069999694824219,11.069999694824219,11.279999732971191,10.59000015258789,10.59000015258789,398200
2022-05-26,10.5600004196167,10.5600004196167,11.069999694824219,10.319999694824219,11.050000190734863,374300
2022-05-27,11.479999542236328,11.479999542236328,11.640000343322754,10.529999732971191,10.630000114440918,572000
2022-05-31,10.6899995803833,10.6899995803833,11.529999732971191,10.4399995803833,11.529999732971191,478000
2022-06-01,11.34000015258789,11.34000015258789,11.4399995803833,10.5600004196167,10.880000114440918,1555800
2022-06-02,11.630000114440918,11.630000114440918,11.880000114440918,11.180000305175781,11.329999923706055,301400
2022-06-03,11.550000190734863,11.550000190734863,12.1850004196167,11.319999694824219,11.539999961853027,402200
2022-06-06,12.279999732971191,12.279999732971191,12.84000015258789,11.899999618530273,12.079999923706055,584900
2022-06-07,13.140000343322754,13.140000343322754,13.199999809265137,11.779999732971191,12.0,264900
2022-06-08,13.550000190734863,13.550000190734863,13.789999961853027,13.104999542236328,13.399999618530273,264600
2022-06-09,12.979999542236328,12.979999542236328,13.710000038146973,12.970000267028809,13.350000381469727,269600
2022-06-10,12.079999923706055,12.079999923706055,12.58899974822998,11.720000267028809,12.579999923706055,341000
2022-06-13,12.039999961853027,12.039999961853027,12.34000015258789,11.270000457763672,11.510000228881836,383700
2022-06-14,12.029999732971191,12.029999732971191,12.180000305175781,11.625,12.130000114440918,288900
2022-06-15,11.90999984741211,11.90999984741211,12.65999984741211,11.739999771118164,12.119999885559082,540800
2022-06-16,11.199999809265137,11.199999809265137,11.640000343322754,10.430000305175781,11.319999694824219,334800
2022-06-17,12.199999809265137,12.199999809265137,12.760000228881836,11.430000305175781,11.430000305175781,1425900
2022-06-21,12.600000381469727,12.600000381469727,13.0,12.40999984741211,12.40999984741211,305500
2022-06-22,12.729999542236328,12.729999542236328,12.930000305175781,12.260000228881836,12.260000228881836,440300
2022-06-23,13.319999694824219,13.319999694824219,13.350000381469727,12.699999809265137,12.880000114440918,295100
2022-06-24,13.390000343322754,13.390000343322754,13.5600004196167,12.670000076293945,13.34000015258789,878900
2022-06-27,12.949999809265137,12.949999809265137,13.359999656677246,12.739999771118164,13.350000381469727,144400
2022-06-28,12.449999809265137,12.449999809265137,13.119999885559082,12.34000015258789,12.949999809265137,175100
2022-06-29,12.399999618530273,12.399999618530273,12.479999542236328,12.079999923706055,12.460000038146973,174900
2022-06-30,12.819999694824219,12.819999694824219,12.835000038146973,11.90999984741211,12.0600004196167,160700
2022-07-01,12.930000305175781,12.930000305175781,13.170000076293945,12.770000457763672,12.819999694824219,145200
2022-07-05,13.369999885559082,13.369999885559082,13.430000305175781,12.760000228881836,12.760000228881836,253200
2022-07-06,13.430000305175781,13.430000305175781,13.670000076293945,13.130000114440918,13.479999542236328,311600
2022-07-07,13.739999771118164,13.739999771118164,14.050000190734863,13.329999923706055,13.479999542236328,193000
2022-07-08,14.239999771118164,14.239999771118164,14.545000076293945,13.539999961853027,13.539999961853027,432900
2022-07-11,13.40999984741211,13.40999984741211,14.210000038146973,12.819999694824219,14.100000381469727,178200
2022-07-12,13.6899995803833,13.6899995803833,13.739999771118164,12.829999923706055,13.460000038146973,130400
2022-07-13,13.510000228881836,13.510000228881836,14.050000190734863,13.170000076293945,13.789999961853027,228700
2022-07-14,13.899999618530273,13.899999618530273,13.920000076293945,13.289999961853027,13.390000343322754,318300
2022-07-15,14.720000267028809,14.720000267028809,14.770000457763672,13.6899995803833,14.170000076293945,248400
2022-07-18,14.699999809265137,14.699999809265137,15.239999771118164,14.40999984741211,14.890000343322754,222600
2022-07-19,15.420000076293945,15.420000076293945,15.489999771118164,14.819999694824219,14.819999694824219,202400
2022-07-20,15.260000228881836,15.260000228881836,15.890000343322754,15.119999885559082,15.4399995803833,592900
2022-07-21,15.289999961853027,15.289999961853027,15.569999694824219,14.989999771118164,15.300000190734863,190500
2022-07-22,14.550000190734863,14.550000190734863,15.270000457763672,14.40999984741211,15.25,194400
2022-07-25,14.520000457763672,14.520000457763672,14.760000228881836,14.130000114440918,14.550000190734863,114700
2022-07-26,14.390000343322754,14.390000343322754,14.859999656677246,14.319999694824219,14.380000114440918,118800
2022-07-27,14.0,14.0,14.40999984741211,13.539999961853027,14.40999984741211,147300
2022-07-28,13.710000038146973,13.710000038146973,14.050000190734863,13.529999732971191,14.050000190734863,115300
2022-07-29,13.510000228881836,13.510000228881836,13.760000228881836,13.100000381469727,13.600000381469727,123700
2022-08-01,13.300000190734863,13.300000190734863,13.59000015258789,13.119999885559082,13.279999732971191,105600
2022-08-02,14.130000114440918,14.130000114440918,14.180000305175781,13.050000190734863,13.050000190734863,102700
2022-08-03,14.09000015258789,14.09000015258789,14.6899995803833,13.984999656677246,14.399999618530273,144500
2022-08-04,14.529999732971191,14.529999732971191,14.5600004196167,13.970000267028809,14.010000228881836,150800
2022-08-05,14.8100004196167,14.8100004196167,14.869999885559082,14.0600004196167,14.229999542236328,90100
2022-08-08,14.430000305175781,14.430000305175781,15.039999961853027,14.170000076293945,14.819999694824219,210900
2022-08-09,14.050000190734863,14.050000190734863,14.364999771118164,13.369999885559082,14.15999984741211,178700
2022-08-10,13.930000305175781,13.930000305175781,14.270000457763672,13.619999885559082,13.859999656677246,215900
2022-08-11,13.270000457763672,13.270000457763672,14.369999885559082,13.100000381469727,13.84000015258789,169600
2022-08-12,13.680000305175781,13.680000305175781,13.765000343322754,13.220000267028809,13.220000267028809,102000
2022-08-15,14.15999984741211,14.15999984741211,14.210000038146973,13.430000305175781,13.630000114440918,117700
2022-08-16,13.640000343322754,13.640000343322754,14.119999885559082,13.479999542236328,14.119999885559082,107100
2022-08-17,13.100000381469727,13.100000381469727,13.760000228881836,13.010000228881836,13.510000228881836,133600
2022-08-18,13.210000038146973,13.210000038146973,13.289999961853027,12.739999771118164,12.960000038146973,119900
2022-08-19,13.15999984741211,13.15999984741211,13.420000076293945,12.614999771118164,12.960000038146973,142000
2022-08-22,12.930000305175781,12.930000305175781,13.22700023651123,12.800000190734863,12.9399995803833,124600
2022-08-23,13.180000305175781,13.180000305175781,13.3100004196167,12.75,12.880000114440918,82200
2022-08-24,13.329999923706055,13.329999923706055,13.65999984741211,13.020000457763672,13.199999809265137,69900
2022-08-25,13.420000076293945,13.420000076293945,13.630000114440918,13.170000076293945,13.430000305175781,77400
2022-08-26,12.8100004196167,12.8100004196167,13.59000015258789,12.75,13.420000076293945,86700
2022-08-29,12.600000381469727,12.600000381469727,13.010000228881836,12.479999542236328,12.619999885559082,116900
2022-08-30,12.640000343322754,12.640000343322754,12.869999885559082,12.039999961853027,12.670000076293945,171900
2022-08-31,13.479999542236328,13.479999542236328,13.569999694824219,12.470000267028809,12.619999885559082,453700
2022-09-01,13.020000457763672,13.020000457763672,13.5600004196167,12.531000137329102,13.369999885559082,252500
2022-09-02,13.199999809265137,13.199999809265137,13.479999542236328,12.864999771118164,13.220000267028809,598900
2022-09-06,12.680000305175781,12.680000305175781,13.289999961853027,12.550000190734863,13.289999961853027,148900
2022-09-07,13.359999656677246,13.359999656677246,13.399999618530273,12.39799976348877,12.579999923706055,142200
2022-09-08,13.720000267028809,13.720000267028809,13.880000114440918,13.199999809265137,13.199999809265137,130900
2022-09-09,13.5600004196167,13.5600004196167,14.03499984741211,13.460000038146973,13.800000190734863,92900
2022-09-12,13.720000267028809,13.720000267028809,13.970000267028809,13.0600004196167,13.609999656677246,89800
2022-09-13,13.069999694824219,13.069999694824219,13.5600004196167,12.949999809265137,13.3100004196167,115600
2022-09-14,13.279999732971191,13.279999732971191,13.390000343322754,12.6899995803833,13.069999694824219,131900
2022-09-15,13.0600004196167,13.0600004196167,13.3100004196167,12.75,13.229999542236328,182800
2022-09-16,12.489999771118164,12.489999771118164,12.925000190734863,12.300000190734863,12.699999809265137,418200
2022-09-19,12.59000015258789,12.59000015258789,12.789999961853027,12.09000015258789,12.289999961853027,220100
2022-09-20,12.25,12.25,12.680000305175781,11.930000305175781,12.59000015258789,245800
2022-09-21,12.09000015258789,12.09000015258789,12.470000267028809,11.979999542236328,12.289999961853027,136800
2022-09-22,11.859999656677246,11.859999656677246,12.039999961853027,11.510000228881836,12.020000457763672,222600
2022-09-23,11.819999694824219,11.819999694824219,11.84000015258789,11.359999656677246,11.760000228881836,139600
2022-09-26,12.119999885559082,12.119999885559082,12.265000343322754,11.819999694824219,11.819999694824219,132000
2022-09-27,12.289999961853027,12.289999961853027,12.550000190734863,12.15999984741211,12.329999923706055,83000
2022-09-28,12.65999984741211,12.65999984741211,12.805000305175781,12.449999809265137,12.470000267028809,342000
2022-09-29,12.4399995803833,12.4399995803833,12.479999542236328,11.890000343322754,12.479999542236328,89700
2022-09-30,12.819999694824219,12.819999694824219,13.109999656677246,12.260000228881836,12.359999656677246,120200
2022-10-03,12.829999923706055,12.829999923706055,13.010000228881836,12.449999809265137,12.890000343322754,112700
2022-10-04,12.5600004196167,12.5600004196167,13.380000114440918,12.1899995803833,13.010000228881836,255500
2022-10-05,12.399999618530273,12.399999618530273,12.75,12.270000457763672,12.470000267028809,192100
2022-10-06,13.0,13.0,13.079999923706055,12.399999618530273,12.399999618530273,114400
2022-10-07,12.609999656677246,12.609999656677246,13.0,12.449999809265137,12.869999885559082,118000
2022-10-10,12.640000343322754,12.640000343322754,13.0,12.579999923706055,12.680000305175781,87600
2022-10-11,13.010000228881836,13.010000228881836,13.1899995803833,12.3100004196167,12.529999732971191,184900
2022-10-12,12.5,12.5,13.010000228881836,12.029999732971191,13.010000228881836,158300
2022-10-13,12.880000114440918,12.880000114440918,13.069999694824219,12.085000038146973,12.350000381469727,108400
2022-10-14,12.619999885559082,12.619999885559082,13.140000343322754,12.4350004196167,12.960000038146973,76800
2022-10-17,12.649999618530273,12.649999618530273,12.930000305175781,12.40999984741211,12.6899995803833,85300
2022-10-18,12.699999809265137,12.699999809265137,13.199999809265137,12.529999732971191,12.930000305175781,190500
2022-10-19,11.5600004196167,11.5600004196167,12.744999885559082,11.319999694824219,12.649999618530273,139700
2022-10-20,12.210000038146973,12.210000038146973,12.432999610900879,11.569999694824219,11.739999771118164,101800
2022-10-21,12.279999732971191,12.279999732971191,12.5,12.039999961853027,12.149999618530273,89900
2022-10-24,12.270000457763672,12.270000457763672,12.4399995803833,11.914999961853027,12.4399995803833,117800
2022-10-25,13.010000228881836,13.010000228881836,13.5,12.25,12.25,184600
2022-10-26,13.380000114440918,13.380000114440918,13.984999656677246,13.010000228881836,13.319999694824219,185000
2022-10-27,13.079999923706055,13.079999923706055,13.479999542236328,12.649999618530273,13.479999542236328,115600
2022-10-28,13.619999885559082,13.619999885559082,13.710000038146973,12.84000015258789,13.15999984741211,148600
2022-10-31,13.140000343322754,13.140000343322754,13.619999885559082,12.930000305175781,13.489999771118164,145700
2022-11-01,13.260000228881836,13.260000228881836,13.510000228881836,12.829999923706055,13.260000228881836,193300
2022-11-02,12.930000305175781,12.930000305175781,13.550000190734863,12.680000305175781,13.119999885559082,184000
2022-11-03,12.130000114440918,12.130000114440918,12.949999809265137,12.130000114440918,12.75,163200
2022-11-04,12.4399995803833,12.4399995803833,12.579999923706055,11.899999618530273,12.279999732971191,110700
2022-11-07,12.220000267028809,12.220000267028809,12.59000015258789,12.119999885559082,12.5,99800
2022-11-08,12.479999542236328,12.479999542236328,12.59000015258789,12.180000305175781,12.329999923706055,99500
2022-11-09,11.59000015258789,11.59000015258789,12.420000076293945,11.574999809265137,12.390000343322754,85000
2022-11-10,12.350000381469727,12.350000381469727,13.029999732971191,11.979999542236328,12.130000114440918,308100
2022-11-11,12.289999961853027,12.289999961853027,12.880000114440918,12.029999732971191,12.3100004196167,120100
2022-11-14,12.59000015258789,12.59000015258789,13.300000190734863,12.510000228881836,12.989999771118164,153400
2022-11-15,12.760000228881836,12.760000228881836,13.539999961853027,12.550999641418457,13.149999618530273,301600
2022-11-16,12.40999984741211,12.40999984741211,13.100000381469727,12.164999961853027,12.9399995803833,99700
2022-11-17,12.0,12.0,12.279999732971191,11.84000015258789,12.279999732971191,74300
2022-11-18,12.40999984741211,12.40999984741211,12.59000015258789,11.850000381469727,12.260000228881836,168900
2022-11-21,12.760000228881836,12.760000228881836,13.100000381469727,12.420000076293945,13.100000381469727,159700
2022-11-22,13.199999809265137,13.199999809265137,13.289999961853027,12.59000015258789,12.829999923706055,111000
2022-11-23,13.40999984741211,13.40999984741211,13.449999809265137,12.90999984741211,13.180000305175781,185200
2022-11-25,13.279999732971191,13.279999732971191,13.569999694824219,12.960000038146973,13.359999656677246,154600
2022-11-28,12.5600004196167,12.5600004196167,13.25,12.329999923706055,13.210000038146973,188800
2022-11-29,12.25,12.25,12.90999984741211,12.229999542236328,12.479999542236328,101100
2022-11-30,12.430000305175781,12.430000305175781,12.729999542236328,11.869999885559082,12.180000305175781,152300
2022-12-01,12.260000228881836,12.260000228881836,13.010000228881836,12.029999732971191,12.529999732971191,109900
2022-12-02,12.109999656677246,12.109999656677246,12.914999961853027,11.970000267028809,12.210000038146973,90100
2022-12-05,11.609999656677246,11.609999656677246,12.024999618530273,11.25,11.989999771118164,96000
2022-12-06,11.8100004196167,11.8100004196167,11.960000038146973,11.289999961853027,11.569999694824219,95100
2022-12-07,11.819999694824219,11.819999694824219,12.204999923706055,11.6899995803833,11.829999923706055,85100
2022-12-08,11.949999809265137,11.949999809265137,12.119999885559082,11.600000381469727,11.829999923706055,92000
2022-12-09,11.649999618530273,11.649999618530273,11.944999694824219,11.630000114440918,11.880000114440918,68600
2022-12-12,11.920000076293945,11.920000076293945,12.100000381469727,11.350000381469727,11.619999885559082,82400
2022-12-13,11.850000381469727,11.850000381469727,12.319999694824219,11.59000015258789,12.239999771118164,75200
2022-12-14,11.920000076293945,11.920000076293945,12.180000305175781,11.6899995803833,11.859999656677246,83500
2022-12-15,11.449999809265137,11.449999809265137,11.760000228881836,11.390000343322754,11.760000228881836,94000
2022-12-16,11.4399995803833,11.4399995803833,11.529999732971191,10.920000076293945,11.170000076293945,180000
2022-12-19,11.020000457763672,11.020000457763672,11.470000267028809,10.699999809265137,11.470000267028809,254600
2022-12-20,10.390000343322754,10.390000343322754,11.220000267028809,10.350000381469727,11.119999885559082,129700
2022-12-21,10.09000015258789,10.09000015258789,10.40999984741211,10.0,10.1899995803833,188800
2022-12-22,10.25,10.25,10.289999961853027,9.65999984741211,9.989999771118164,108600
2022-12-23,10.239999771118164,10.239999771118164,10.40999984741211,9.819999694824219,10.270000457763672,68300
2022-12-27,9.720000267028809,9.720000267028809,10.6850004196167,9.680000305175781,10.1899995803833,86800
2022-12-28,10.119999885559082,10.119999885559082,10.199999809265137,9.649999618530273,9.720000267028809,75300
2022-12-29,10.420000076293945,10.420000076293945,10.569999694824219,9.699999809265137,10.170000076293945,88200
2022-12-30,10.550000190734863,10.550000190734863,10.600000381469727,10.069999694824219,10.319999694824219,86700
2023-01-03,10.680000305175781,10.680000305175781,11.390000343322754,10.5,10.619999885559082,169400
2023-01-04,10.760000228881836,10.760000228881836,10.960000038146973,10.489999771118164,10.710000038146973,125100
2023-01-05,10.880000114440918,10.880000114440918,10.9399995803833,10.489999771118164,10.6899995803833,129200
2023-01-06,10.869999885559082,10.869999885559082,11.164999961853027,10.550000190734863,10.970000267028809,67400
2023-01-09,10.489999771118164,10.489999771118164,10.90999984741211,10.4399995803833,10.90999984741211,57100
2023-01-10,10.579999923706055,10.579999923706055,10.84000015258789,10.420000076293945,10.420000076293945,88200
2023-01-11,10.25,10.25,11.260000228881836,10.0600004196167,10.520000457763672,161000
2023-01-12,10.859999656677246,10.859999656677246,10.904999732971191,10.050000190734863,10.260000228881836,150900
2023-01-13,10.979999542236328,10.979999542236328,11.609999656677246,10.670000076293945,10.819999694824219,149100
2023-01-17,10.729999542236328,10.729999542236328,11.010000228881836,10.680000305175781,10.970000267028809,111700
2023-01-18,10.5,10.5,11.520000457763672,10.449999809265137,10.699999809265137,76300
2023-01-19,10.4399995803833,10.4399995803833,10.550000190734863,10.130000114440918,10.390000343322754,62600
2023-01-20,10.640000343322754,10.640000343322754,10.65999984741211,10.420000076293945,10.619999885559082,69900
2023-01-23,10.479999542236328,10.479999542236328,10.65999984741211,10.260000228881836,10.640000343322754,70400
2023-01-24,11.0600004196167,11.0600004196167,11.170999526977539,10.569999694824219,10.630000114440918,430900
2023-01-25,11.149999618530273,11.149999618530273,11.369999885559082,10.680000305175781,11.010000228881836,320700
2023-01-26,11.149999618530273,11.149999618530273,11.449999809265137,11.050000190734863,11.15999984741211,75700
2023-01-27,11.470000267028809,11.470000267028809,11.579000473022461,11.069999694824219,11.069999694824219,114100
2023-01-30,11.3100004196167,11.3100004196167,11.6899995803833,11.300000190734863,11.470000267028809,152900
2023-01-31,11.640000343322754,11.640000343322754,11.699999809265137,11.199999809265137,11.319999694824219,234900
2023-02-01,11.579999923706055,11.579999923706055,11.9399995803833,11.449999809265137,11.680000305175781,136600
2023-02-02,11.90999984741211,11.90999984741211,11.920000076293945,11.510000228881836,11.5600004196167,395800
2023-02-03,11.770000457763672,11.770000457763672,11.970000267028809,11.359999656677246,11.84000015258789,351200
2023-02-06,11.399999618530273,11.399999618530273,11.895999908447266,11.399999618530273,11.800000190734863,124500
2023-02-07,11.4399995803833,11.4399995803833,11.510000228881836,11.119999885559082,11.350000381469727,137400
2023-02-08,11.550000190734863,11.550000190734863,11.6899995803833,11.34000015258789,11.34000015258789,239400
2023-02-09,11.399999618530273,11.399999618530273,11.668999671936035,11.350000381469727,11.640000343322754,193600
2023-02-10,11.350000381469727,11.350000381469727,11.420000076293945,11.024999618530273,11.359999656677246,201500
2023-02-13,11.050000190734863,11.050000190734863,11.359999656677246,10.949999809265137,11.359999656677246,106100
2023-02-14,11.380000114440918,11.380000114440918,11.600000381469727,11.0,11.069999694824219,564500
2023-02-15,11.550000190734863,11.550000190734863,11.729999542236328,11.234999656677246,11.260000228881836,407400
2023-02-16,11.0600004196167,11.0600004196167,11.65999984741211,11.010000228881836,11.359999656677246,81200
2023-02-17,11.34000015258789,11.34000015258789,11.449999809265137,10.869999885559082,11.09000015258789,141600
2023-02-21,10.989999771118164,10.989999771118164,11.460000038146973,10.755000114440918,11.270000457763672,198200
2023-02-22,11.029999732971191,11.029999732971191,11.239999771118164,10.920000076293945,11.029999732971191,113900
2023-02-23,11.0,11.0,11.369999885559082,10.899999618530273,11.069999694824219,132600
2023-02-24,11.0,11.0,11.220000267028809,10.949999809265137,10.949999809265137,190800
2023-02-27,11.130000114440918,11.130000114440918,11.3100004196167,10.989999771118164,11.3100004196167,510900
2023-02-28,11.289999961853027,11.289999961853027,11.505000114440918,10.944999694824219,11.149999618530273,218400
2023-03-01,11.329999923706055,11.329999923706055,11.541000366210938,11.199999809265137,11.350000381469727,101500
2023-03-02,11.3100004196167,11.3100004196167,11.4350004196167,11.074999809265137,11.260000228881836,123100
2023-03-03,11.5,11.5,11.600000381469727,11.359999656677246,11.359999656677246,136200
2023-03-06,11.319999694824219,11.319999694824219,11.520000457763672,11.0600004196167,11.510000228881836,250000
2023-03-07,11.100000381469727,11.100000381469727,11.319999694824219,10.975000381469727,11.319999694824219,144200
2023-03-08,11.0600004196167,11.0600004196167,11.25,10.859999656677246,11.100000381469727,135200
2023-03-09,11.069999694824219,11.069999694824219,11.449999809265137,10.9399995803833,10.9399995803833,190300
2023-03-10,10.890000343322754,10.890000343322754,11.100000381469727,10.680000305175781,10.930000305175781,263100
2023-03-13,11.0,11.0,11.199999809265137,10.65999984741211,10.710000038146973,211200
2023-03-14,11.420000076293945,11.420000076293945,11.829999923706055,11.180000305175781,11.25,310300
2023-03-15,11.210000038146973,11.210000038146973,11.295000076293945,10.920000076293945,11.279999732971191,383100
2023-03-16,10.859999656677246,10.859999656677246,11.192000389099121,10.824999809265137,11.069999694824219,325900
2023-03-17,11.399999618530273,11.399999618530273,11.40999984741211,10.319999694824219,10.710000038146973,1794300
2023-03-20,10.880000114440918,10.880000114440918,11.369999885559082,10.710000038146973,11.319999694824219,327000
2023-03-21,10.920000076293945,10.920000076293945,11.220000267028809,10.789999961853027,10.949999809265137,227000
2023-03-22,10.430000305175781,10.430000305175781,10.920000076293945,10.40999984741211,10.890000343322754,152100
2023-03-23,10.5600004196167,10.5600004196167,10.675000190734863,10.378000259399414,10.510000228881836,159700
2023-03-24,10.510000228881836,10.510000228881836,10.680000305175781,10.300000190734863,10.520000457763672,148200
2023-03-27,10.899999618530273,10.899999618530273,10.949999809265137,10.545000076293945,10.609999656677246,239600
2023-03-28,10.479999542236328,10.479999542236328,10.920000076293945,10.479999542236328,10.880000114440918,121400
2023-03-29,10.760000228881836,10.760000228881836,11.079999923706055,10.489999771118164,10.550000190734863,263100
2023-03-30,10.199999809265137,10.199999809265137,10.8100004196167,9.859999656677246,10.8100004196167,212900
2023-03-31,10.229999542236328,10.229999542236328,10.5,9.989999771118164,10.220000267028809,270200
2023-04-03,10.5,10.5,10.729999542236328,10.255000114440918,10.289999961853027,172400
2023-04-04,10.40999984741211,10.40999984741211,10.579999923706055,10.267999649047852,10.470000267028809,130400
2023-04-05,10.0,10.0,10.5600004196167,9.819999694824219,10.359999656677246,145000
2023-04-06,10.050000190734863,10.050000190734863,10.350000381469727,10.010000228881836,10.079999923706055,72100
2023-04-10,10.270000457763672,10.270000457763672,10.270000457763672,9.949999809265137,10.09000015258789,153700
2023-04-11,10.180000305175781,10.180000305175781,10.449999809265137,10.119999885559082,10.260000228881836,116900
2023-04-12,9.930000305175781,9.930000305175781,10.359999656677246,9.90999984741211,10.220000267028809,134800
2023-04-13,10.199999809265137,10.199999809265137,10.350000381469727,9.979999542236328,9.979999542236328,92800
2023-04-14,10.020000457763672,10.020000457763672,10.48799991607666,10.010000228881836,10.210000038146973,194400
2023-04-17,10.770000457763672,10.770000457763672,11.015000343322754,9.970000267028809,10.029999732971191,398000
2023-04-18,10.270000457763672,10.270000457763672,10.9399995803833,10.239999771118164,10.710000038146973,99700
2023-04-19,10.449999809265137,10.449999809265137,10.619999885559082,10.069999694824219,10.239999771118164,188300
2023-04-20,10.489999771118164,10.489999771118164,10.5600004196167,10.210000038146973,10.34000015258789,132500
2023-04-21,10.789999961853027,10.789999961853027,10.829999923706055,10.420000076293945,10.420000076293945,107500
2023-04-24,10.680000305175781,10.680000305175781,11.029999732971191,10.609999656677246,10.800000190734863,110300
2023-04-25,10.430000305175781,10.430000305175781,10.876999855041504,10.359999656677246,10.59000015258789,86600
2023-04-26,10.020000457763672,10.020000457763672,10.699999809265137,10.0,10.399999618530273,101600
2023-04-27,9.670000076293945,9.670000076293945,10.300000190734863,9.489999771118164,10.020000457763672,145600
2023-04-28,9.729999542236328,9.729999542236328,9.989999771118164,9.494999885559082,9.649999618530273,132600
2023-05-01,10.289999961853027,10.289999961853027,10.550000190734863,9.75,9.779999732971191,95200
2023-05-02,9.760000228881836,9.760000228881836,10.300000190734863,9.640000343322754,10.270000457763672,96500
2023-05-03,9.729999542236328,9.729999542236328,10.0,9.699999809265137,9.829999923706055,83300
2023-05-04,9.600000381469727,9.600000381469727,9.75,9.3100004196167,9.720000267028809,116300
2023-05-05,9.579999923706055,9.579999923706055,9.729999542236328,9.40999984741211,9.670000076293945,129900
2023-05-08,9.510000228881836,9.510000228881836,9.800000190734863,9.359999656677246,9.630000114440918,145900
2023-05-09,9.739999771118164,9.739999771118164,9.770000457763672,9.25,9.600000381469727,164800
2023-05-10,9.640000343322754,9.640000343322754,10.079999923706055,9.329999923706055,9.869999885559082,305000
2023-05-11,9.619999885559082,9.619999885559082,9.770000457763672,9.449999809265137,9.630000114440918,182600
2023-05-12,9.760000228881836,9.760000228881836,9.880000114440918,7.7820000648498535,8.75,505500
2023-05-15,9.9399995803833,9.9399995803833,10.0,9.579999923706055,9.789999961853027,180800
2023-05-16,9.130000114440918,9.130000114440918,9.779999732971191,8.970000267028809,9.770000457763672,346500
2023-05-17,8.829999923706055,8.829999923706055,9.140000343322754,8.5,9.130000114440918,200100
2023-05-18,8.800000190734863,8.800000190734863,8.890000343322754,8.579999923706055,8.760000228881836,144600
2023-05-19,9.170000076293945,9.170000076293945,9.319999694824219,8.84000015258789,8.930000305175781,139900
2023-05-22,9.140000343322754,9.140000343322754,9.199999809265137,9.039999961853027,9.069999694824219,128600
2023-05-23,9.140000343322754,9.140000343322754,9.260000228881836,8.989999771118164,9.260000228881836,114800
2023-05-24,9.1899995803833,9.1899995803833,9.199999809265137,9.020000457763672,9.140000343322754,134400
2023-05-25,9.5600004196167,9.5600004196167,9.569999694824219,9.039999961853027,9.180000305175781,214200
2023-05-26,10.050000190734863,10.050000190734863,10.90999984741211,9.5,9.539999961853027,2061600
2023-05-30,10.119999885559082,10.119999885559082,10.300000190734863,9.604999542236328,10.119999885559082,128600
2023-05-31,10.279999732971191,10.279999732971191,10.489999771118164,10.024999618530273,10.100000381469727,509200
2023-06-01,10.15999984741211,10.15999984741211,10.699999809265137,10.109999656677246,10.300000190734863,216700
2023-06-02,10.529999732971191,10.529999732971191,10.5600004196167,9.9350004196167,10.25,258300
2023-06-05,11.649999618530273,11.649999618530273,11.760000228881836,10.369999885559082,10.630000114440918,605800
2023-06-06,12.289999961853027,12.289999961853027,12.369999885559082,11.619999885559082,11.760000228881836,437200
2023-06-07,13.404999732971191,13.404999732971191,13.739999771118164,12.244999885559082,12.399999618530273,548000
2023-06-08,13.0,13.0,13.399999618530273,12.859999656677246,13.3100004196167,328900
2023-06-09,13.109999656677246,13.109999656677246,13.21500015258789,12.289999961853027,13.069999694824219,296500
2023-06-12,12.710000038146973,12.710000038146973,13.5600004196167,12.210000038146973,13.109999656677246,305700
2023-06-13,12.1899995803833,12.1899995803833,12.949999809265137,12.149999618530273,12.720000267028809,733000
2023-06-14,11.770000457763672,11.770000457763672,12.430000305175781,11.5,12.170000076293945,333000
2023-06-15,12.699999809265137,12.699999809265137,12.920000076293945,11.914999961853027,12.069999694824219,539000
2023-06-16,13.050000190734863,13.050000190734863,13.39900016784668,12.670000076293945,12.850000381469727,2890600
2023-06-20,13.069999694824219,13.069999694824219,13.520000457763672,12.8149995803833,12.9399995803833,463200
2023-06-21,12.869999885559082,12.869999885559082,13.069999694824219,12.404000282287598,13.069999694824219,457400
2023-06-22,12.390000343322754,12.390000343322754,13.281999588012695,12.170000076293945,12.850000381469727,370700
2023-06-23,12.420000076293945,12.420000076293945,12.520000457763672,12.03499984741211,12.220000267028809,694500
2023-06-26,11.375,11.375,12.470000267028809,11.170000076293945,12.40999984741211,222000
2023-06-27,11.430000305175781,11.430000305175781,11.729999542236328,11.069999694824219,11.34000015258789,185000
2023-06-28,11.239999771118164,11.239999771118164,11.460000038146973,11.149999618530273,11.399999618530273,125900
2023-06-29,11.0,11.0,11.204000473022461,10.970000267028809,11.1899995803833,125100
2023-06-30,10.760000228881836,10.760000228881836,11.119999885559082,10.739999771118164,11.079999923706055,147000
2023-07-03,10.699999809265137,10.699999809265137,11.109999656677246,10.59000015258789,10.710000038146973,114200
2023-07-05,10.649999618530273,10.649999618530273,10.869999885559082,10.510000228881836,10.649999618530273,225800
2023-07-06,10.479999542236328,10.479999542236328,10.59000015258789,10.239999771118164,10.59000015258789,126600
2023-07-07,10.279999732971191,10.279999732971191,10.545000076293945,10.234999656677246,10.40999984741211,135500
2023-07-10,9.979999542236328,9.979999542236328,10.430000305175781,9.9399995803833,10.270000457763672,167800
2023-07-11,10.039999961853027,10.039999961853027,10.180000305175781,9.800000190734863,9.970000267028809,275400
2023-07-12,10.369999885559082,10.369999885559082,10.420000076293945,9.930000305175781,10.170000076293945,201600
2023-07-13,11.520000457763672,11.520000457763672,11.579999923706055,10.265000343322754,10.399999618530273,309800
2023-07-14,11.720000267028809,11.720000267028809,11.755000114440918,11.289999961853027,11.510000228881836,164500
2023-07-17,11.329999923706055,11.329999923706055,12.182999610900879,11.300000190734863,11.739999771118164,184200
2023-07-18,11.350000381469727,11.350000381469727,11.609999656677246,11.210000038146973,11.289999961853027,218200
2023-07-19,11.149999618530273,11.149999618530273,11.569999694824219,11.109999656677246,11.369999885559082,180400
2023-07-20,10.930000305175781,10.930000305175781,11.260000228881836,10.89799976348877,11.109999656677246,436800
2023-07-21,10.470000267028809,10.470000267028809,11.029999732971191,10.430000305175781,11.010000228881836,81100
2023-07-24,10.319999694824219,10.319999694824219,10.699999809265137,10.204999923706055,10.460000038146973,116200
2023-07-25,10.25,10.25,10.329999923706055,10.1899995803833,10.289999961853027,97200
2023-07-26,10.100000381469727,10.100000381469727,10.300000190734863,10.029999732971191,10.220000267028809,135000
2023-07-27,9.949999809265137,9.949999809265137,10.699999809265137,9.824999809265137,10.180000305175781,136900
2023-07-28,10.199999809265137,10.199999809265137,10.279999732971191,10.029999732971191,10.0600004196167,98800
2023-07-31,10.59000015258789,10.59000015258789,10.729999542236328,10.020000457763672,10.260000228881836,180400
2023-08-01,10.380000114440918,10.380000114440918,10.619999885559082,10.180000305175781,10.510000228881836,84200
2023-08-02,10.270000457763672,10.270000457763672,10.295000076293945,10.050000190734863,10.25,109500
2023-08-03,10.010000228881836,10.010000228881836,10.40999984741211,9.930000305175781,10.220000267028809,186000
2023-08-04,9.960000038146973,9.960000038146973,10.130000114440918,9.880000114440918,10.050000190734863,113800
2023-08-07,10.069999694824219,10.069999694824219,10.390000343322754,9.949999809265137,10.0600004196167,162500
2023-08-08,10.520000457763672,10.520000457763672,10.569999694824219,9.800000190734863,10.0600004196167,243600
2023-08-09,10.359999656677246,10.359999656677246,10.789999961853027,10.279999732971191,10.529999732971191,143800
2023-08-10,10.289999961853027,10.289999961853027,10.649999618530273,10.09000015258789,10.09000015258789,173000
2023-08-11,10.8100004196167,10.8100004196167,11.086999893188477,10.260000228881836,10.34000015258789,210700
2023-08-14,10.270000457763672,10.270000457763672,10.770000457763672,10.149999618530273,10.6899995803833,165800
2023-08-15,10.210000038146973,10.210000038146973,10.649999618530273,10.069999694824219,10.260000228881836,168000
2023-08-16,10.020000457763672,10.020000457763672,10.319999694824219,9.930000305175781,10.119999885559082,470300
2023-08-17,10.079999923706055,10.079999923706055,10.300000190734863,9.819999694824219,9.989999771118164,175500
2023-08-18,10.479999542236328,10.479999542236328,10.5,9.989999771118164,10.0,186400
2023-08-21,10.539999961853027,10.539999961853027,10.579999923706055,10.229999542236328,10.449999809265137,97700
2023-08-22,11.069999694824219,11.069999694824219,11.109999656677246,10.550000190734863,10.609999656677246,131500
2023-08-23,11.279999732971191,11.279999732971191,11.39900016784668,11.079999923706055,11.109999656677246,99700
2023-08-24,11.109999656677246,11.109999656677246,11.319999694824219,11.039999961853027,11.239999771118164,105200
2023-08-25,10.899999618530273,10.899999618530273,11.164999961853027,10.800000190734863,11.069999694824219,74000
2023-08-28,10.800000190734863,10.800000190734863,10.899999618530273,10.53499984741211,10.899999618530273,60300
2023-08-29,10.899999618530273,10.899999618530273,11.069999694824219,10.729999542236328,10.8100004196167,55400
2023-08-30,10.890000343322754,10.890000343322754,11.010000228881836,10.779999732971191,10.90999984741211,593200
2023-08-31,10.350000381469727,10.350000381469727,10.890000343322754,10.319999694824219,10.890000343322754,237600
2023-09-01,10.850000381469727,10.850000381469727,10.979999542236328,10.369999885559082,10.369999885559082,132300
2023-09-05,11.239999771118164,11.239999771118164,11.260000228881836,10.8100004196167,10.859999656677246,318900
2023-09-06,11.100000381469727,11.100000381469727,11.270000457763672,10.829999923706055,11.239999771118164,106400
2023-09-07,10.600000381469727,10.600000381469727,11.100000381469727,10.5600004196167,11.100000381469727,120200
2023-09-08,10.300000190734863,10.300000190734863,10.600000381469727,10.15999984741211,10.5600004196167,111400
2023-09-11,10.579999923706055,10.579999923706055,10.649999618530273,10.359999656677246,10.4399995803833,104200
2023-09-12,10.529999732971191,10.529999732971191,10.84000015258789,10.454999923706055,10.720000267028809,98300
2023-09-13,9.859999656677246,9.859999656677246,10.869999885559082,9.789999961853027,10.5600004196167,237200
2023-09-14,9.640000343322754,9.640000343322754,9.979999542236328,9.350000381469727,9.880000114440918,245300
2023-09-15,9.960000038146973,9.960000038146973,10.050000190734863,9.404999732971191,9.640000343322754,680200
2023-09-18,10.050000190734863,10.050000190734863,10.260000228881836,9.664999961853027,9.890000343322754,288300
2023-09-19,10.239999771118164,10.239999771118164,10.40999984741211,9.920000076293945,10.0,226600
2023-09-20,9.529999732971191,9.529999732971191,10.25,9.510000228881836,10.229999542236328,82800
2023-09-21,9.609999656677246,9.609999656677246,9.699999809265137,9.199999809265137,9.460000038146973,106700
2023-09-22,9.489999771118164,9.489999771118164,9.729999542236328,9.199999809265137,9.630000114440918,148000
2023-09-25,9.6899995803833,9.6899995803833,9.8100004196167,9.270000457763672,9.399999618530273,133300
2023-09-26,10.020000457763672,10.020000457763672,10.140000343322754,9.59000015258789,9.65999984741211,86500
2023-09-27,10.140000343322754,10.140000343322754,10.347999572753906,9.774999618530273,10.079999923706055,81500
2023-09-28,9.6899995803833,9.6899995803833,10.100000381469727,9.609999656677246,10.100000381469727,80900
2023-09-29,9.050000190734863,9.050000190734863,9.699999809265137,9.020000457763672,9.699999809265137,129800
2023-10-02,8.380000114440918,8.380000114440918,8.970000267028809,8.140000343322754,8.970000267028809,150200
2023-10-03,8.149999618530273,8.149999618530273,8.329999923706055,7.831999778747559,8.329999923706055,118800
2023-10-04,8.119999885559082,8.119999885559082,8.460000038146973,8.020000457763672,8.100000381469727,136500
2023-10-05,8.630000114440918,8.630000114440918,8.699999809265137,8.109999656677246,8.109999656677246,94400
2023-10-06,8.760000228881836,8.760000228881836,9.029999732971191,8.640000343322754,8.789999961853027,95200
2023-10-09,8.75,8.75,8.829999923706055,8.3100004196167,8.600000381469727,676700
2023-10-10,8.880000114440918,8.880000114440918,9.069999694824219,8.649999618530273,8.649999618530273,129500
2023-10-11,8.720000267028809,8.720000267028809,9.079999923706055,8.255000114440918,8.899999618530273,132300
2023-10-12,8.720000267028809,8.720000267028809,8.800000190734863,8.390000343322754,8.699999809265137,157000
2023-10-13,8.800000190734863,8.800000190734863,8.869999885559082,8.350000381469727,8.729999542236328,160200
2023-10-16,8.920000076293945,8.920000076293945,9.015000343322754,8.460000038146973,8.84000015258789,95400
2023-10-17,9.020000457763672,9.020000457763672,9.140000343322754,8.649999618530273,8.84000015258789,164200
2023-10-18,9.039999961853027,9.039999961853027,9.15999984741211,8.920000076293945,8.979999542236328,112600
2023-10-19,8.5600004196167,8.5600004196167,9.069999694824219,8.510000228881836,9.050000190734863,150900
2023-10-20,8.729999542236328,8.729999542236328,8.920000076293945,8.489999771118164,8.619999885559082,221100
2023-10-23,8.40999984741211,8.40999984741211,8.729999542236328,8.3100004196167,8.699999809265137,114200
2023-10-24,8.569999694824219,8.569999694824219,8.625,8.463000297546387,8.510000228881836,105800
2023-10-25,8.520000457763672,8.520000457763672,8.604999542236328,8.399999618530273,8.520000457763672,146200
2023-10-26,8.5,8.5,8.670000076293945,8.460000038146973,8.579999923706055,89700
2023-10-27,8.430000305175781,8.430000305175781,8.5,8.260000228881836,8.5,101900
2023-10-30,8.6899995803833,8.6899995803833,8.75,8.454999923706055,8.550000190734863,82000
2023-10-31,9.329999923706055,9.329999923706055,9.40999984741211,8.510000228881836,8.600000381469727,134500
2023-11-01,9.279999732971191,9.279999732971191,9.619999885559082,9.100000381469727,9.300000190734863,146500
2023-11-02,9.399999618530273,9.399999618530273,9.850000381469727,9.1850004196167,9.390000343322754,130600
2023-11-03,9.920000076293945,9.920000076293945,10.020000457763672,9.550000190734863,9.600000381469727,154300
2023-11-06,9.800000190734863,9.800000190734863,10.0600004196167,9.6899995803833,9.930000305175781,106300
2023-11-07,9.859999656677246,9.859999656677246,10.0600004196167,9.4399995803833,9.779999732971191,129900
2023-11-08,9.9399995803833,9.9399995803833,10.270000457763672,9.635000228881836,9.880000114440918,123100
2023-11-09,9.59000015258789,9.59000015258789,10.3100004196167,9.5600004196167,10.100000381469727,151600
2023-11-10,9.09000015258789,9.09000015258789,9.649999618530273,8.84000015258789,9.649999618530273,182200
2023-11-13,8.770000457763672,8.770000457763672,9.0600004196167,8.074999809265137,9.029999732971191,172800
2023-11-14,9.489999771118164,9.489999771118164,9.890000343322754,9.029999732971191,9.029999732971191,489500
2023-11-15,8.869999885559082,8.869999885559082,9.4399995803833,8.819999694824219,9.390000343322754,185200
2023-11-16,8.970000267028809,8.970000267028809,9.069999694824219,8.630000114440918,8.869999885559082,90200
2023-11-17,8.800000190734863,8.800000190734863,9.270000457763672,8.760000228881836,9.0600004196167,134500
2023-11-20,8.760000228881836,8.760000228881836,9.15999984741211,8.649999618530273,8.869999885559082,104800
2023-11-21,8.649999618530273,8.649999618530273,9.005000114440918,8.579999923706055,8.779999732971191,134000
2023-11-22,8.479999542236328,8.479999542236328,8.880000114440918,8.399999618530273,8.779999732971191,61100
2023-11-24,8.760000228881836,8.760000228881836,8.8100004196167,8.5,8.5600004196167,68000
2023-11-27,8.510000228881836,8.510000228881836,9.015000343322754,8.390000343322754,8.699999809265137,100000
2023-11-28,8.609999656677246,8.609999656677246,8.729999542236328,8.289999961853027,8.520000457763672,96300
2023-11-29,8.609999656677246,8.609999656677246,9.180000305175781,8.375,8.640000343322754,118900
2023-11-30,8.1899995803833,8.1899995803833,8.90999984741211,8.180000305175781,8.670000076293945,334400
2023-12-01,8.65999984741211,8.65999984741211,8.720000267028809,7.900000095367432,8.170000076293945,291600
2023-12-04,8.59000015258789,8.59000015258789,9.199999809265137,8.520000457763672,8.850000381469727,321800
2023-12-05,8.4399995803833,8.4399995803833,8.720000267028809,8.34000015258789,8.550000190734863,299800
2023-12-06,8.119999885559082,8.119999885559082,8.819999694824219,7.980000019073486,8.529999732971191,160000
2023-12-07,8.100000381469727,8.100000381469727,8.295000076293945,7.775000095367432,8.130000114440918,234700
2023-12-08,8.109999656677246,8.109999656677246,8.3149995803833,7.730000019073486,8.039999961853027,225800
2023-12-11,7.929999828338623,7.929999828338623,8.130000114440918,7.75,8.119999885559082,175400
2023-12-12,7.889999866485596,7.889999866485596,8.020000457763672,7.639999866485596,7.809999942779541,104000
2023-12-13,8.479999542236328,8.479999542236328,8.479999542236328,7.940000057220459,7.940000057220459,219000
2023-12-14,8.510000228881836,8.510000228881836,8.725000381469727,8.359999656677246,8.65999984741211,334800
2023-12-15,8.239999771118164,8.239999771118164,8.829999923706055,8.199999809265137,8.609999656677246,1107900
2023-12-18,9.130000114440918,9.130000114440918,9.350000381469727,8.020000457763672,8.220000267028809,375300
2023-12-19,9.180000305175781,9.180000305175781,9.520000457763672,9.079999923706055,9.100000381469727,481000
2023-12-20,8.739999771118164,8.739999771118164,9.40999984741211,8.720000267028809,9.239999771118164,269900
2023-12-21,9.479999542236328,9.479999542236328,9.569999694824219,8.489999771118164,8.489999771118164,121400
2023-12-22,9.449999809265137,9.449999809265137,9.850000381469727,9.279999732971191,9.550000190734863,95200
2023-12-26,9.609999656677246,9.609999656677246,9.680000305175781,9.239999771118164,9.239999771118164,109500
2023-12-27,10.050000190734863,10.050000190734863,10.09000015258789,9.550000190734863,9.680000305175781,99000
2023-12-28,10.229999542236328,10.229999542236328,10.289999961853027,9.90999984741211,10.010000228881836,82500
2023-12-29,10.1899995803833,10.1899995803833,10.4399995803833,10.125,10.199999809265137,124700
2024-01-02,10.59000015258789,10.59000015258789,11.289999961853027,10.079999923706055,10.079999923706055,326400
2024-01-03,10.40999984741211,10.40999984741211,10.84000015258789,10.199999809265137,10.59000015258789,158900
2024-01-04,10.460000038146973,10.460000038146973,10.619999885559082,10.170000076293945,10.529999732971191,297200
2024-01-05,10.170000076293945,10.170000076293945,10.59000015258789,10.140000343322754,10.380000114440918,170400
2024-01-08,10.829999923706055,10.829999923706055,10.829999923706055,10.09000015258789,10.09000015258789,158900
2024-01-09,10.729999542236328,10.729999542236328,10.819999694824219,10.204999923706055,10.6899995803833,281400
2024-01-10,10.899999618530273,10.899999618530273,11.119999885559082,10.630000114440918,10.760000228881836,132000
2024-01-11,10.40999984741211,10.40999984741211,10.84000015258789,10.0,10.84000015258789,818400
2024-01-12,10.59000015258789,10.59000015258789,10.8149995803833,10.430000305175781,10.550000190734863,87500
2024-01-16,10.479999542236328,10.479999542236328,10.520000457763672,10.180000305175781,10.5,536600
2024-01-17,10.399999618530273,10.399999618530273,10.494999885559082,10.020000457763672,10.279999732971191,127500
2024-01-18,10.550000190734863,10.550000190734863,10.600000381469727,10.149999618530273,10.479999542236328,143500
2024-01-19,11.510000228881836,11.510000228881836,11.569999694824219,10.494999885559082,10.59000015258789,283600
2024-01-22,12.40999984741211,12.40999984741211,12.460000038146973,11.5600004196167,11.670000076293945,280800
2024-01-23,12.5,12.5,12.680000305175781,12.34000015258789,12.680000305175781,313900
2024-01-24,12.5,12.5,12.84000015258789,12.454999923706055,12.680000305175781,257800
2024-01-25,13.0,13.0,13.079999923706055,12.460000038146973,12.680000305175781,189700
2024-01-26,13.069999694824219,13.069999694824219,13.640000343322754,13.039999961853027,13.130000114440918,233700
2024-01-29,14.6899995803833,14.6899995803833,14.859999656677246,12.875,13.130000114440918,650900
2024-01-30,14.449999809265137,14.449999809265137,14.90999984741211,14.260000228881836,14.6899995803833,575600
2024-01-31,15.140000343322754,15.140000343322754,15.710000038146973,14.399999618530273,14.449999809265137,562100
2024-02-01,17.510000228881836,17.510000228881836,17.520000457763672,15.140000343322754,15.229999542236328,1056300
2024-02-02,17.75,17.75,18.104999542236328,16.739999771118164,17.479999542236328,838200
2024-02-05,18.0,18.0,18.18400001525879,16.79199981689453,17.399999618530273,509900
2024-02-06,18.469999313354492,18.469999313354492,18.610000610351562,17.510000228881836,17.8799991607666,961400
2024-02-07,18.229999542236328,18.229999542236328,18.780000686645508,18.01799964904785,18.440000534057617,584300
2024-02-08,17.989999771118164,17.989999771118164,18.920000076293945,17.760000228881836,18.290000915527344,290400
2024-02-09,18.700000762939453,18.700000762939453,19.110000610351562,17.850000381469727,17.940000534057617,782900
2024-02-12,19.020000457763672,19.020000457763672,19.68000030517578,18.600000381469727,18.790000915527344,619700
2024-02-13,17.90999984741211,17.90999984741211,18.489999771118164,17.760000228881836,18.350000381469727,339600
2024-02-14,17.709999084472656,17.709999084472656,18.219999313354492,17.610000610351562,17.940000534057617,442200
2024-02-15,18.43000030517578,18.43000030517578,18.902999877929688,17.889999389648438,18.459999084472656,415600
2024-02-16,18.229999542236328,18.229999542236328,18.81999969482422,18.1200008392334,18.3700008392334,371600
2024-02-20,17.399999618530273,17.399999618530273,18.645999908447266,16.860000610351562,18.049999237060547,400700
2024-02-21,17.06999969482422,17.06999969482422,17.450000762939453,16.90999984741211,17.389999389648438,488600
2024-02-22,17.540000915527344,17.540000915527344,17.6200008392334,16.959999084472656,17.06999969482422,362900
2024-02-23,18.0,18.0,18.209999084472656,17.5,17.59000015258789,477200
2024-02-26,17.850000381469727,17.850000381469727,18.549999237060547,17.579999923706055,17.979999542236328,286000
2024-02-27,17.979999542236328,17.979999542236328,18.219999313354492,17.530000686645508,18.219999313354492,248700
2024-02-28,18.079999923706055,18.079999923706055,19.34000015258789,17.729999542236328,17.93000030517578,876700
2024-02-29,18.469999313354492,18.469999313354492,19.049999237060547,17.709999084472656,18.309999465942383,414300
2024-03-01,18.510000228881836,18.510000228881836,19.18000030517578,18.389999389648438,19.100000381469727,453100
2024-03-04,18.299999237060547,18.299999237060547,18.760000228881836,17.91699981689453,18.510000228881836,230300
2024-03-05,18.09000015258789,18.09000015258789,18.450000762939453,17.510000228881836,18.200000762939453,219300
2024-03-06,17.780000686645508,17.780000686645508,18.940000534057617,17.660999298095703,18.170000076293945,535100
2024-03-07,16.350000381469727,16.350000381469727,17.489999771118164,16.059999465942383,17.420000076293945,648800
2024-03-08,16.790000915527344,16.790000915527344,17.094999313354492,16.3700008392334,16.739999771118164,345400
2024-03-11,16.06999969482422,16.06999969482422,17.049999237060547,16.040000915527344,16.770000457763672,301900
2024-03-12,16.940000534057617,16.940000534057617,17.010000228881836,15.914999961853027,16.059999465942383,358900
2024-03-13,16.979999542236328,16.979999542236328,17.1299991607666,16.799999237060547,16.969999313354492,333400
2024-03-14,16.90999984741211,16.90999984741211,17.389999389648438,16.559999465942383,16.790000915527344,384700
2024-03-15,15.930000305175781,15.930000305175781,17.06999969482422,15.774999618530273,16.8700008392334,1880000
2024-03-18,15.319999694824219,15.319999694824219,16.030000686645508,15.253000259399414,15.829999923706055,583800
2024-03-19,15.5,15.5,15.630000114440918,14.979999542236328,15.239999771118164,301800
2024-03-20,15.529999732971191,15.529999732971191,15.770000457763672,15.199999809265137,15.319999694824219,236800
2024-03-21,16.34000015258789,16.34000015258789,16.420000076293945,15.680000305175781,15.680000305175781,546100
2024-03-22,16.579999923706055,16.579999923706055,16.700000762939453,16.110000610351562,16.440000534057617,214000
2024-03-25,16.93000030517578,16.93000030517578,16.966999053955078,16.56999969482422,16.56999969482422,290200
2024-03-26,16.780000686645508,16.780000686645508,17.079999923706055,16.760000228881836,17.0,299700
2024-03-27,17.729999542236328,17.729999542236328,17.75,16.684999465942383,16.829999923706055,287300
2024-03-28,17.040000915527344,17.040000915527344,17.790000915527344,17.020000457763672,17.790000915527344,394200
2024-04-01,17.649999618530273,17.649999618530273,18.010000228881836,16.559999465942383,17.030000686645508,177200
2024-04-02,16.989999771118164,16.989999771118164,17.450000762939453,16.780000686645508,17.3799991607666,277500
2024-04-03,17.200000762939453,17.200000762939453,17.547000885009766,17.0,17.020000457763672,214300
2024-04-04,16.68000030517578,16.68000030517578,17.645000457763672,16.559999465942383,17.329999923706055,234800
2024-04-05,17.020000457763672,17.020000457763672,17.3700008392334,16.149999618530273,16.649999618530273,248000
2024-04-08,17.0,17.0,17.139999389648438,16.030000686645508,16.040000915527344,491800
2024-04-09,17.030000686645508,17.030000686645508,17.924999237060547,16.905000686645508,17.15999984741211,469600
2024-04-10,17.059999465942383,17.059999465942383,17.34000015258789,16.530000686645508,16.600000381469727,233300
2024-04-11,17.3700008392334,17.3700008392334,17.459999084472656,16.7450008392334,17.459999084472656,227900
2024-04-12,16.670000076293945,16.670000076293945,17.56999969482422,16.520000457763672,17.299999237060547,185100
2024-04-15,16.549999237060547,16.549999237060547,17.549999237060547,16.31999969482422,17.3799991607666,202500
2024-04-16,17.31999969482422,17.31999969482422,20.6200008392334,16.871000289916992,19.8700008392334,3354400
2024-04-17,17.8799991607666,17.8799991607666,19.975000381469727,17.610000610351562,18.010000228881836,1260600
2024-04-18,18.059999465942383,18.059999465942383,19.190000534057617,17.950000762939453,18.0,702300
2024-04-19,15.65999984741211,15.65999984741211,18.260000228881836,15.199999809265137,18.0,1179100
2024-04-22,15.630000114440918,15.630000114440918,16.31999969482422,15.289999961853027,15.630000114440918,968200
2024-04-23,16.670000076293945,16.670000076293945,16.899999618530273,15.4399995803833,15.4399995803833,966400
2024-04-24,18.889999389648438,18.889999389648438,19.549999237060547,16.530000686645508,16.690000534057617,1173700
2024-04-25,19.25,19.25,19.43000030517578,18.229999542236328,18.5,1550100
2024-04-26,25.299999237060547,25.299999237060547,25.71500015258789,19.270000457763672,19.270000457763672,4747700
2024-04-29,27.1200008392334,27.1200008392334,29.1200008392334,25.600000381469727,25.6200008392334,2703000
2024-04-30,27.010000228881836,27.010000228881836,28.030000686645508,26.34000015258789,27.149999618530273,1420100
2024-05-01,28.100000381469727,28.100000381469727,28.989999771118164,27.299999237060547,27.540000915527344,1442300
2024-05-02,27.579999923706055,27.579999923706055,28.219999313354492,26.729999542236328,28.219999313354492,986400
2024-05-03,28.350000381469727,28.350000381469727,29.25,27.8799991607666,27.8799991607666,975200
2024-05-06,28.399999618530273,28.399999618530273,28.85099983215332,27.34000015258789,28.399999618530273,767200
2024-05-07,29.350000381469727,29.350000381469727,30.18899917602539,27.90999984741211,28.399999618530273,873500
2024-05-08,27.719999313354492,27.719999313354492,29.290000915527344,27.604999542236328,29.0,1031700
2024-05-09,27.170000076293945,27.170000076293945,29.079999923706055,26.959999084472656,27.329999923706055,1224800
2024-05-10,26.56999969482422,26.56999969482422,28.190000534057617,26.25,27.299999237060547,589100
2024-05-13,26.1299991607666,26.1299991607666,27.600000381469727,26.06999969482422,27.100000381469727,717800
2024-05-14,26.3799991607666,26.3799991607666,27.329999923706055,26.139999389648438,26.170000076293945,641400
2024-05-15,26.719999313354492,26.719999313354492,28.110000610351562,26.6299991607666,26.690000534057617,709900
2024-05-16,23.809999465942383,23.809999465942383,26.795000076293945,23.18000030517578,26.790000915527344,866900
2024-05-17,23.170000076293945,23.170000076293945,24.264999389648438,22.75,23.760000228881836,827400
2024-05-20,23.979999542236328,23.979999542236328,24.440000534057617,23.170000076293945,23.170000076293945,610600
2024-05-21,23.15999984741211,23.15999984741211,24.1200008392334,22.360000610351562,23.81999969482422,772500
2024-05-22,23.139999389648438,23.139999389648438,23.7450008392334,22.690000534057617,23.219999313354492,591500
2024-05-23,22.649999618530273,22.649999618530273,23.826000213623047,22.520000457763672,23.149999618530273,595500
2024-05-24,24.1299991607666,24.1299991607666,24.209999084472656,22.270000457763672,22.610000610351562,604100
2024-05-28,23.030000686645508,23.030000686645508,24.98699951171875,22.84000015258789,24.43000030517578,698800
2024-05-29,22.68000030517578,22.68000030517578,23.139999389648438,22.309999465942383,22.31999969482422,310700
2024-05-30,22.790000915527344,22.790000915527344,23.1200008392334,22.350000381469727,22.780000686645508,304000
2024-05-31,23.5,23.5,23.729999542236328,22.575000762939453,22.850000381469727,948100
2024-06-03,22.540000915527344,22.540000915527344,24.30900001525879,22.0,22.860000610351562,642700
2024-06-04,22.399999618530273,22.399999618530273,22.739999771118164,21.790000915527344,22.170000076293945,587300
2024-06-05,22.84000015258789,22.84000015258789,23.739999771118164,22.350000381469727,23.040000915527344,608300
2024-06-06,22.540000915527344,22.540000915527344,23.25,22.395000457763672,22.670000076293945,348200
2024-06-07,22.399999618530273,22.399999618530273,22.780000686645508,22.049999237060547,22.40999984741211,270900
2024-06-10,22.969999313354492,22.969999313354492,23.35300064086914,21.780000686645508,21.799999237060547,1338700
2024-06-11,23.25,23.25,23.975000381469727,22.209999084472656,22.75,634600
2024-06-12,21.709999084472656,21.709999084472656,24.760000228881836,21.59000015258789,23.850000381469727,587400
2024-06-13,21.799999237060547,21.799999237060547,23.040000915527344,21.389999389648438,21.709999084472656,588200
2024-06-14,18.8799991607666,18.8799991607666,21.81999969482422,18.799999237060547,21.489999771118164,1586100
2024-06-17,19.020000457763672,19.020000457763672,19.15999984741211,16.190000534057617,18.270000457763672,2603200
2024-06-18,16.809999465942383,16.809999465942383,18.920000076293945,16.780000686645508,18.520000457763672,1342200
2024-06-20,17.510000228881836,17.510000228881836,17.68000030517578,16.5049991607666,16.829999923706055,1278600
2024-06-21,17.43000030517578,17.43000030517578,18.030000686645508,17.18000030517578,17.670000076293945,2416000
2024-06-24,17.3700008392334,17.3700008392334,17.549999237060547,16.979999542236328,17.479999542236328,990500
2024-06-25,16.420000076293945,16.420000076293945,17.579999923706055,16.229999542236328,17.299999237060547,741700
2024-06-26,16.5,16.5,16.700000762939453,15.569999694824219,16.520000457763672,547400
2024-06-27,17.09000015258789,17.09000015258789,17.1200008392334,16.209999084472656,16.540000915527344,457500
2024-06-28,17.440000534057617,17.440000534057617,17.709999084472656,17.0,17.420000076293945,3444700
2024-07-01,16.729999542236328,16.729999542236328,17.40999984741211,15.670000076293945,17.40999984741211,751800
2024-07-02,16.309999465942383,16.309999465942383,16.8799991607666,15.850000381469727,16.739999771118164,482100
2024-07-03,16.780000686645508,16.780000686645508,17.1200008392334,16.209999084472656,16.459999084472656,303700
2024-07-05,16.18000030517578,16.18000030517578,16.969999313354492,15.9399995803833,16.770000457763672,467300
2024-07-08,16.40999984741211,16.40999984741211,17.350000381469727,16.360000610351562,16.3700008392334,460700
2024-07-09,16.139999389648438,16.139999389648438,16.450000762939453,15.930000305175781,16.329999923706055,466800
2024-07-10,16.030000686645508,16.030000686645508,16.700000762939453,15.800000190734863,16.190000534057617,604300
2024-07-11,16.18000030517578,16.18000030517578,16.989999771118164,15.899999618530273,16.399999618530273,1101400
2024-07-12,16.450000762939453,16.450000762939453,17.040000915527344,15.970000267028809,16.3799991607666,471000
2024-07-15,16.59000015258789,16.59000015258789,17.59000015258789,16.579999923706055,16.729999542236328,493200
2024-07-16,19.079999923706055,19.079999923706055,19.14299964904785,16.674999237060547,16.739999771118164,1921300
2024-07-17,18.510000228881836,18.510000228881836,18.84000015258789,17.302000045776367,18.56999969482422,965100
2024-07-18,18.389999389648438,18.389999389648438,19.3799991607666,18.170000076293945,18.530000686645508,726900
2024-07-19,18.290000915527344,18.290000915527344,18.520000457763672,18.040000915527344,18.350000381469727,482000
2024-07-22,19.100000381469727,19.100000381469727,19.809999465942383,18.3799991607666,18.3799991607666,889300
2024-07-23,20.860000610351562,20.860000610351562,20.950000762939453,18.75,18.940000534057617,1093300
2024-07-24,20.309999465942383,20.309999465942383,21.010000228881836,20.270000457763672,20.56999969482422,844400
2024-07-25,19.90999984741211,19.90999984741211,20.959999084472656,19.59000015258789,20.34000015258789,721800
2024-07-26,20.15999984741211,20.15999984741211,20.739999771118164,19.700000762939453,20.3700008392334,594000
2024-07-29,19.350000381469727,19.350000381469727,20.364999771118164,18.84000015258789,20.18000030517578,515800
2024-07-30,19.049999237060547,19.049999237060547,19.790000915527344,18.59000015258789,19.530000686645508,518700
2024-07-31,19.350000381469727,19.350000381469727,19.829999923706055,18.860000610351562,19.399999618530273,783300
2024-08-01,18.760000228881836,18.760000228881836,19.5,18.440000534057617,19.329999923706055,701100
2024-08-02,17.760000228881836,17.760000228881836,18.290000915527344,16.96500015258789,17.440000534057617,644400
2024-08-05,17.549999237060547,17.549999237060547,17.709999084472656,16.450000762939453,16.450000762939453,692000
2024-08-06,17.219999313354492,17.219999313354492,18.5,17.100000381469727,17.530000686645508,953100
2024-08-07,16.540000915527344,16.540000915527344,17.6200008392334,16.530000686645508,17.5,862500
2024-08-08,16.3799991607666,16.3799991607666,17.200000762939453,15.699999809265137,17.0,706200
2024-08-09,16.770000457763672,16.770000457763672,17.190000534057617,15.944999694824219,16.899999618530273,1217000
2024-08-12,16.299999237060547,16.299999237060547,16.895000457763672,16.03499984741211,16.770000457763672,603500
2024-08-13,16.290000915527344,16.290000915527344,16.780000686645508,15.90999984741211,16.31999969482422,516900
2024-08-14,16.239999771118164,16.239999771118164,16.6299991607666,15.949999809265137,16.309999465942383,386400
2024-08-15,16.90999984741211,16.90999984741211,17.097000122070312,16.104999542236328,16.739999771118164,852800
2024-08-16,16.709999084472656,16.709999084472656,17.100000381469727,16.215999603271484,16.920000076293945,628400
2024-08-19,17.799999237060547,17.799999237060547,18.049999237060547,16.65999984741211,16.65999984741211,422900
2024-08-20,17.610000610351562,17.610000610351562,18.059999465942383,17.139999389648438,17.709999084472656,604700
2024-08-21,18.020000457763672,18.020000457763672,18.309999465942383,17.54199981689453,17.729999542236328,275500
2024-08-22,17.860000610351562,17.860000610351562,18.270000457763672,17.74799919128418,18.030000686645508,440500
2024-08-23,18.030000686645508,18.030000686645508,18.170000076293945,17.610000610351562,17.8799991607666,483800
2024-08-26,18.260000228881836,18.260000228881836,18.9950008392334,17.989999771118164,18.110000610351562,534100
2024-08-27,18.860000610351562,18.860000610351562,19.065000534057617,17.979999542236328,18.25,533400
2024-08-28,18.700000762939453,18.700000762939453,19.1299991607666,18.190000534057617,18.829999923706055,407600
2024-08-29,18.860000610351562,18.860000610351562,19.770000457763672,18.700000762939453,18.899999618530273,496800
2024-08-30,19.600000381469727,19.600000381469727,19.690000534057617,18.709999084472656,19.020000457763672,397300
2024-09-03,18.510000228881836,18.510000228881836,19.889999389648438,18.5,19.34000015258789,825300
2024-09-04,18.68000030517578,18.68000030517578,18.93000030517578,18.43000030517578,18.450000762939453,504800
2024-09-05,17.93000030517578,17.93000030517578,19.65999984741211,17.760000228881836,18.700000762939453,415200
2024-09-06,17.979999542236328,17.979999542236328,18.239999771118164,17.690000534057617,17.84000015258789,383900
2024-09-09,18.25,18.25,18.450000762939453,17.958999633789062,18.0,549200
2024-09-10,17.81999969482422,17.81999969482422,18.600000381469727,17.735000610351562,18.170000076293945,459800
2024-09-11,17.979999542236328,17.979999542236328,18.0,17.219999313354492,17.75,655000
2024-09-12,17.6200008392334,17.6200008392334,18.2549991607666,17.5,18.0,398300
2024-09-13,17.950000762939453,17.950000762939453,18.549999237060547,17.440000534057617,17.65999984741211,519300
2024-09-16,16.93000030517578,16.93000030517578,18.391000747680664,16.739999771118164,18.3799991607666,437200
2024-09-17,17.239999771118164,17.239999771118164,18.40999984741211,16.889999389648438,17.0,573000
2024-09-18,17.229999542236328,17.229999542236328,17.770000457763672,16.68000030517578,17.079999923706055,442700
2024-09-19,17.940000534057617,17.940000534057617,18.075000762939453,17.25,17.81999969482422,659800
2024-09-20,18.149999618530273,18.149999618530273,18.6200008392334,17.510000228881836,17.950000762939453,2970400
2024-09-23,16.6299991607666,16.6299991607666,18.1200008392334,15.90999984741211,18.1200008392334,1030300
2024-09-24,17.649999618530273,17.649999618530273,17.670000076293945,16.59000015258789,16.75,800800
2024-09-25,16.34000015258789,16.34000015258789,18.399999618530273,16.200000762939453,18.0,1055900
2024-09-26,17.299999237060547,17.299999237060547,17.360000610351562,16.3799991607666,16.510000228881836,453400
2024-09-27,17.190000534057617,17.190000534057617,17.716999053955078,17.100000381469727,17.5,394100
2024-09-30,16.739999771118164,16.739999771118164,17.540000915527344,16.540000915527344,17.049999237060547,344600
2024-10-01,16.760000228881836,16.760000228881836,16.790000915527344,16.1200008392334,16.719999313354492,631700
2024-10-02,16.489999771118164,16.489999771118164,16.719999313354492,16.15999984741211,16.719999313354492,359000
2024-10-03,16.100000381469727,16.100000381469727,16.3700008392334,15.800000190734863,16.3700008392334,358400
2024-10-04,16.34000015258789,16.34000015258789,16.5,16.174999237060547,16.360000610351562,227700
2024-10-07,16.040000915527344,16.040000915527344,16.260000228881836,15.970000267028809,16.25,232700
2024-10-08,16.110000610351562,16.110000610351562,16.360000610351562,16.030000686645508,16.09000015258789,255500
2024-10-09,15.449999809265137,15.449999809265137,16.1299991607666,15.399999618530273,16.1299991607666,261700
2024-10-10,15.869999885559082,15.869999885559082,15.920000076293945,14.859999656677246,15.3100004196167,618200
2024-10-11,16.219999313354492,16.219999313354492,16.2549991607666,15.680000305175781,15.890000343322754,389000
2024-10-14,16.229999542236328,16.229999542236328,16.524999618530273,16.010000228881836,16.1200008392334,204600
2024-10-15,16.239999771118164,16.239999771118164,17.201000213623047,15.859999656677246,16.219999313354492,305400
2024-10-16,17.610000610351562,17.610000610351562,17.975000381469727,16.219999313354492,16.360000610351562,651700
2024-10-17,17.3700008392334,17.3700008392334,17.899999618530273,17.110000610351562,17.59000015258789,434200
2024-10-18,16.770000457763672,16.770000457763672,17.790000915527344,16.690000534057617,17.399999618530273,389100
2024-10-21,16.200000762939453,16.200000762939453,16.790000915527344,16.049999237060547,16.719999313354492,476600
2024-10-22,15.949999809265137,15.949999809265137,16.260000228881836,15.6899995803833,15.989999771118164,325500
2024-10-23,15.609999656677246,15.609999656677246,15.90999984741211,15.470000267028809,15.829999923706055,258600
2024-10-24,15.859999656677246,15.859999656677246,16.18000030517578,15.470000267028809,16.09000015258789,506900
2024-10-25,15.960000038146973,15.960000038146973,16.6200008392334,15.760000228881836,15.890000343322754,296500
2024-10-28,16.149999618530273,16.149999618530273,16.540000915527344,16.030000686645508,16.170000076293945,324900
2024-10-29,16.920000076293945,16.920000076293945,16.93000030517578,16.0,16.010000228881836,385400
2024-10-30,16.219999313354492,16.219999313354492,16.790000915527344,16.201000213623047,16.790000915527344,196800
2024-10-31,15.550000190734863,15.550000190734863,16.209999084472656,15.550000190734863,16.079999923706055,271100
2024-11-01,15.779999732971191,15.779999732971191,15.899999618530273,15.449999809265137,15.710000038146973,463500
2024-11-04,15.920000076293945,15.920000076293945,16.117000579833984,15.274999618530273,15.720000267028809,406400
2024-11-05,15.979999542236328,15.979999542236328,16.0049991607666,15.145000457763672,15.84000015258789,390100
2024-11-06,16.479999542236328,16.479999542236328,17.0,15.710000038146973,16.8799991607666,600500
2024-11-07,15.579999923706055,15.579999923706055,17.190000534057617,15.369999885559082,16.5,520700
2024-11-08,16.020000457763672,16.020000457763672,16.450000762939453,15.670000076293945,15.84000015258789,490400
2024-11-11,17.270000457763672,17.270000457763672,17.5,16.010000228881836,16.3700008392334,1545400
2024-11-12,16.020000457763672,16.020000457763672,17.503000259399414,15.930000305175781,17.290000915527344,491500
2024-11-13,15.789999961853027,15.789999961853027,16.450000762939453,15.3100004196167,16.170000076293945,588700
2024-11-14,15.300000190734863,15.300000190734863,16.200000762939453,15.239999771118164,15.760000228881836,662500
2024-11-15,13.859999656677246,13.859999656677246,15.510000228881836,13.729999542236328,15.510000228881836,631800
2024-11-18,13.449999809265137,13.449999809265137,14.145000457763672,13.140000343322754,13.920000076293945,513800
2024-11-19,13.100000381469727,13.100000381469727,13.520000457763672,13.020000457763672,13.449999809265137,493500
2024-11-20,12.579999923706055,12.579999923706055,13.515000343322754,12.5,12.989999771118164,854700
2024-11-21,12.220000267028809,12.220000267028809,12.84000015258789,12.039999961853027,12.529999732971191,644800
2024-11-22,12.539999961853027,12.539999961853027,12.779999732971191,12.125,12.270000457763672,464954
