Date,Open,High,Low,Close,Adj Close,Volume
1984-11-05,1.578125,1.578125,1.546875,1.5703129768371582,0.6136288642883301,3872000
1984-11-06,1.5625,1.5859379768371582,1.5625,1.5859379768371582,0.6197345852851868,3380800
1984-11-07,1.578125,1.6015629768371582,1.5625,1.5859379768371582,0.6197345852851868,8185600
1984-11-08,1.5859379768371582,1.6171879768371582,1.578125,1.5859379768371582,0.6197345852851868,8592000
1984-11-09,1.5859379768371582,1.6015629768371582,1.5546879768371582,1.5625,0.6105757355690002,4366400
1984-11-12,1.546875,1.5625,1.5390629768371582,1.546875,0.6044701337814331,1606400
1984-11-13,1.5390629768371582,1.5625,1.5390629768371582,1.546875,0.6044701337814331,2144000
1984-11-14,1.5390629768371582,1.546875,1.53125,1.53125,0.5983642339706421,2972800
1984-11-15,1.53125,1.53125,1.515625,1.5234379768371582,0.5953115820884705,1352000
1984-11-16,1.5234379768371582,1.53125,1.5,1.515625,0.5922586917877197,2720000
1984-11-19,1.5703129768371582,1.5859379768371582,1.5390629768371582,1.5859379768371582,0.6197345852851868,6566400
1984-11-20,1.5859379768371582,1.609375,1.5859379768371582,1.609375,0.6288931965827942,6686400
1984-11-21,1.59375,1.625,1.59375,1.609375,0.6288931965827942,7769600
1984-11-23,1.6015629768371582,1.6171879768371582,1.5625,1.5703129768371582,0.6136288642883301,5027200
1984-11-26,1.5625,1.5703129768371582,1.546875,1.5625,0.6105757355690002,2560000
1984-11-27,1.5625,1.578125,1.5546879768371582,1.5703129768371582,0.6136288642883301,1977600
1984-11-28,1.5859379768371582,1.5859379768371582,1.5625,1.5703129768371582,0.6136288642883301,4326400
1984-11-29,1.5546879768371582,1.5546879768371582,1.53125,1.53125,0.5983642339706421,1427200
1984-11-30,1.53125,1.5390629768371582,1.5234379768371582,1.53125,0.5983642339706421,2505600
1984-12-03,1.5234379768371582,1.53125,1.5078129768371582,1.53125,0.5983642339706421,1913600
1984-12-04,1.53125,1.5703129768371582,1.53125,1.5546879768371582,0.6075229644775391,2662400
1984-12-05,1.546875,1.5625,1.546875,1.546875,0.6044701337814331,2044800
1984-12-06,1.546875,1.5625,1.5390629768371582,1.546875,0.6044701337814331,2510400
1984-12-07,1.5390629768371582,1.546875,1.5234379768371582,1.5390629768371582,0.6014171242713928,820800
1984-12-10,1.5390629768371582,1.546875,1.53125,1.546875,0.6044701337814331,3395200
1984-12-11,1.5390629768371582,1.546875,1.5078129768371582,1.515625,0.5922586917877197,1392000
1984-12-12,1.515625,1.5546879768371582,1.515625,1.5546879768371582,0.6075229644775391,5068800
1984-12-13,1.5234379768371582,1.546875,1.515625,1.546875,0.6044701337814331,4080000
1984-12-14,1.53125,1.5546879768371582,1.53125,1.5390629768371582,0.6014171242713928,1819200
1984-12-17,1.53125,1.6015629768371582,1.5234379768371582,1.53125,0.5983642339706421,3100800
1984-12-18,1.5390629768371582,1.546875,1.5078129768371582,1.5390629768371582,0.6014171242713928,4027200
1984-12-19,1.546875,1.5625,1.53125,1.5390629768371582,0.6014171242713928,3654400
1984-12-20,1.5390629768371582,1.546875,1.515625,1.5390629768371582,0.6014171242713928,1888000
1984-12-21,1.5234379768371582,1.5390629768371582,1.5234379768371582,1.53125,0.5983642339706421,1968000
1984-12-24,1.5390629768371582,1.5390629768371582,1.515625,1.53125,0.5983642339706421,576000
1984-12-26,1.5234379768371582,1.5234379768371582,1.5078129768371582,1.5078129768371582,0.589205801486969,489600
1984-12-27,1.515625,1.5390629768371582,1.515625,1.5234379768371582,0.5953115820884705,2198400
1984-12-28,1.5,1.5546879768371582,1.4765629768371582,1.5546879768371582,0.6075229644775391,4358400
1984-12-31,1.5703129768371582,1.578125,1.5390629768371582,1.5546879768371582,0.6075229644775391,2171200
1985-01-02,1.546875,1.5546879768371582,1.53125,1.53125,0.5983642339706421,1364800
1985-01-03,1.515625,1.53125,1.5078129768371582,1.5078129768371582,0.589205801486969,1166400
1985-01-04,1.5,1.515625,1.4921879768371582,1.5078129768371582,0.589205801486969,1091200
1985-01-07,1.515625,1.53125,1.5078129768371582,1.5234379768371582,0.5953115820884705,1368000
1985-01-08,1.53125,1.53125,1.5,1.515625,0.5922586917877197,1286400
1985-01-09,1.5078129768371582,1.515625,1.5078129768371582,1.5078129768371582,0.589205801486969,1406400
1985-01-10,1.5078129768371582,1.5625,1.5078129768371582,1.5625,0.6105757355690002,4052800
1985-01-11,1.5390629768371582,1.5546879768371582,1.5234379768371582,1.5390629768371582,0.6014171242713928,1993600
1985-01-14,1.5390629768371582,1.5546879768371582,1.5234379768371582,1.5546879768371582,0.6075229644775391,3956800
1985-01-15,1.546875,1.5546879768371582,1.5234379768371582,1.5390629768371582,0.6014171242713928,2886400
1985-01-16,1.53125,1.546875,1.5078129768371582,1.53125,0.5983642339706421,2080000
1985-01-17,1.5234379768371582,1.5390629768371582,1.5234379768371582,1.53125,0.5983642339706421,2600000
1985-01-18,1.5078129768371582,1.5234379768371582,1.5078129768371582,1.5234379768371582,0.6031902432441711,1702400
1985-01-21,1.515625,1.5390629768371582,1.515625,1.53125,0.6062828898429871,2001600
1985-01-22,1.5703129768371582,1.578125,1.546875,1.5703129768371582,0.6217498779296875,12169600
1985-01-23,1.5859379768371582,1.6328129768371582,1.5703129768371582,1.6328129768371582,0.646496057510376,12992000
1985-01-24,1.6328129768371582,1.6328129768371582,1.59375,1.6015629768371582,0.6341228485107422,2832000
1985-01-25,1.59375,1.6015629768371582,1.578125,1.59375,0.6310292482376099,2171200
1985-01-28,1.59375,1.59375,1.5703129768371582,1.5703129768371582,0.6217498779296875,1940800
1985-01-29,1.5703129768371582,1.59375,1.5703129768371582,1.5859379768371582,0.6279358863830566,3905600
1985-01-30,1.578125,1.5859379768371582,1.5234379768371582,1.5625,0.6186557412147522,12017600
1985-01-31,1.546875,1.546875,1.5234379768371582,1.5390629768371582,0.6093767881393433,4361600
1985-02-01,1.53125,1.5390629768371582,1.515625,1.53125,0.6062828898429871,2977600
1985-02-04,1.515625,1.546875,1.515625,1.53125,0.6062828898429871,2216000
1985-02-05,1.53125,1.5625,1.5234379768371582,1.5546879768371582,0.6155630350112915,5251200
1985-02-06,1.5625,1.578125,1.5390629768371582,1.546875,0.6124697923660278,2369600
1985-02-07,1.5546879768371582,1.578125,1.5546879768371582,1.5625,0.6186557412147522,4312000
1985-02-08,1.5625,1.578125,1.5546879768371582,1.5625,0.6186557412147522,2100800
1985-02-11,1.5625,1.5703129768371582,1.5390629768371582,1.546875,0.6124697923660278,3928000
1985-02-12,1.546875,1.5625,1.5390629768371582,1.546875,0.6124697923660278,1395200
1985-02-13,1.546875,1.5703129768371582,1.5390629768371582,1.5625,0.6186557412147522,5036800
1985-02-14,1.5625,1.5859379768371582,1.5546879768371582,1.5625,0.6186557412147522,5851200
1985-02-15,1.5625,1.5703129768371582,1.5,1.546875,0.6124697923660278,10312000
1985-02-19,1.5,1.5,1.4765629768371582,1.4921879768371582,0.5908167958259583,8164800
1985-02-20,1.484375,1.4921879768371582,1.46875,1.484375,0.5877233147621155,10321600
1985-02-21,1.46875,1.4765629768371582,1.421875,1.453125,0.5753500461578369,6334400
1985-02-22,1.4375,1.484375,1.4140629768371582,1.453125,0.5753500461578369,10153600
1985-02-25,1.4453129768371582,1.46875,1.4375,1.46875,0.5815368294715881,4523200
1985-02-26,1.46875,1.4921879768371582,1.4609379768371582,1.4765629768371582,0.5846303105354309,3971200
1985-02-27,1.484375,1.5078129768371582,1.4765629768371582,1.4921879768371582,0.5908167958259583,9641600
1985-02-28,1.484375,1.5,1.46875,1.484375,0.5877233147621155,5592000
1985-03-01,1.46875,1.484375,1.453125,1.46875,0.5815368294715881,2654400
1985-03-04,1.4609379768371582,1.46875,1.453125,1.453125,0.5753500461578369,3566400
1985-03-05,1.453125,1.484375,1.453125,1.484375,0.5877233147621155,4934400
1985-03-06,1.4921879768371582,1.53125,1.484375,1.5,0.5939102172851562,7193600
1985-03-07,1.4921879768371582,1.5078129768371582,1.4765629768371582,1.484375,0.5877233147621155,2822400
1985-03-08,1.4765629768371582,1.484375,1.453125,1.453125,0.5753500461578369,3438400
1985-03-11,1.453125,1.46875,1.4375,1.46875,0.5815368294715881,1984000
1985-03-12,1.46875,1.484375,1.453125,1.46875,0.5815368294715881,1446400
1985-03-13,1.46875,1.484375,1.4375,1.4375,0.5691637396812439,2596800
1985-03-14,1.4453129768371582,1.5078129768371582,1.4296879768371582,1.46875,0.5815368294715881,10340800
1985-03-15,1.4765629768371582,1.484375,1.421875,1.4765629768371582,0.5846303105354309,3040000
1985-03-18,1.484375,1.484375,1.453125,1.4609379768371582,0.5784437656402588,3780800
1985-03-19,1.46875,1.5,1.453125,1.5,0.5939102172851562,6113600
1985-03-20,1.515625,1.53125,1.5078129768371582,1.53125,0.6062828898429871,3896000
1985-03-21,1.515625,1.5546879768371582,1.515625,1.5546879768371582,0.6155630350112915,4046400
1985-03-22,1.546875,1.546875,1.484375,1.515625,0.6000965237617493,3059200
1985-03-25,1.5,1.515625,1.5,1.515625,0.6000965237617493,1558400
1985-03-26,1.5078129768371582,1.53125,1.5,1.53125,0.6062828898429871,2848000
1985-03-27,1.546875,1.546875,1.515625,1.53125,0.6062828898429871,1260800
1985-03-28,1.546875,1.5625,1.5390629768371582,1.546875,0.6124697923660278,4126400
1985-03-29,1.5625,1.5625,1.546875,1.5546879768371582,0.6155630350112915,2436800
1985-04-01,1.546875,1.546875,1.515625,1.53125,0.6062828898429871,1673600
1985-04-02,1.53125,1.53125,1.4921879768371582,1.5,0.5939102172851562,1723200
1985-04-03,1.4921879768371582,1.5078129768371582,1.484375,1.4921879768371582,0.5908167958259583,2288000
1985-04-04,1.5,1.5078129768371582,1.4921879768371582,1.5078129768371582,0.5970032215118408,1827200
1985-04-08,1.5,1.515625,1.4765629768371582,1.484375,0.5877233147621155,1089600
1985-04-09,1.5,1.5078129768371582,1.4453129768371582,1.484375,0.5877233147621155,1040000
1985-04-10,1.4921879768371582,1.515625,1.4921879768371582,1.5,0.5939102172851562,3382400
1985-04-11,1.515625,1.578125,1.5078129768371582,1.5625,0.6186557412147522,9686400
1985-04-12,1.5703129768371582,1.578125,1.546875,1.5625,0.6186557412147522,4164800
1985-04-15,1.5546879768371582,1.5703129768371582,1.5546879768371582,1.5546879768371582,0.6155630350112915,1916800
1985-04-16,1.5625,1.5625,1.5390629768371582,1.546875,0.6124697923660278,956800
1985-04-17,1.546875,1.5703129768371582,1.5390629768371582,1.5625,0.6186557412147522,1756800
1985-04-18,1.578125,1.5859379768371582,1.5625,1.5625,0.6186557412147522,3184000
1985-04-19,1.5546879768371582,1.59375,1.546875,1.5703129768371582,0.6298112273216248,7532800
1985-04-22,1.5703129768371582,1.6015629768371582,1.5703129768371582,1.59375,0.6392112374305725,3609600
1985-04-23,1.59375,1.609375,1.5859379768371582,1.6015629768371582,0.6423450112342834,5659200
1985-04-24,1.609375,1.6171879768371582,1.578125,1.5859379768371582,0.636077880859375,4382400
1985-04-25,1.59375,1.59375,1.5703129768371582,1.5859379768371582,0.636077880859375,3659200
1985-04-26,1.59375,1.625,1.5859379768371582,1.609375,0.6454780697822571,3657600
1985-04-29,1.5859379768371582,1.6015629768371582,1.578125,1.578125,0.632944643497467,1744000
1985-04-30,1.578125,1.5859379768371582,1.5546879768371582,1.5703129768371582,0.6298112273216248,3945600
1985-05-01,1.578125,1.5859379768371582,1.546875,1.5625,0.6266776919364929,2468800
1985-05-02,1.546875,1.5625,1.5390629768371582,1.5546879768371582,0.6235442757606506,1667200
1985-05-03,1.546875,1.5625,1.53125,1.5390629768371582,0.6172776818275452,1796800
1985-05-06,1.53125,1.5546879768371582,1.5234379768371582,1.546875,0.6204107999801636,3075200
1985-05-07,1.546875,1.5625,1.546875,1.546875,0.6204107999801636,1617600
1985-05-08,1.546875,1.5546879768371582,1.5,1.53125,0.6141437888145447,3574400
1985-05-09,1.53125,1.5625,1.53125,1.5546879768371582,0.6235442757606506,5324800
1985-05-10,1.5625,1.5703129768371582,1.5390629768371582,1.5390629768371582,0.6172776818275452,3294400
1985-05-13,1.5546879768371582,1.5546879768371582,1.53125,1.5390629768371582,0.6172776818275452,1587200
1985-05-14,1.5390629768371582,1.546875,1.5234379768371582,1.5390629768371582,0.6172776818275452,1955200
1985-05-15,1.546875,1.5859379768371582,1.5390629768371582,1.578125,0.632944643497467,7089600
1985-05-16,1.5703129768371582,1.578125,1.5625,1.5625,0.6266776919364929,4105600
1985-05-17,1.5625,1.5703129768371582,1.5625,1.5625,0.6266776919364929,3990400
1985-05-20,1.578125,1.578125,1.53125,1.546875,0.6204107999801636,7040000
1985-05-21,1.546875,1.546875,1.53125,1.546875,0.6204107999801636,2667200
1985-05-22,1.5390629768371582,1.546875,1.515625,1.5234379768371582,0.6110109686851501,5364800
1985-05-23,1.5234379768371582,1.53125,1.5078129768371582,1.5078129768371582,0.6047438383102417,2873600
1985-05-24,1.515625,1.5234379768371582,1.5078129768371582,1.5234379768371582,0.6110109686851501,1518400
1985-05-28,1.5234379768371582,1.53125,1.515625,1.5234379768371582,0.6110109686851501,1921600
1985-05-29,1.53125,1.546875,1.5234379768371582,1.5390629768371582,0.6172776818275452,1280000
1985-05-30,1.546875,1.578125,1.5390629768371582,1.578125,0.632944643497467,4614400
1985-05-31,1.5703129768371582,1.5859379768371582,1.5625,1.5859379768371582,0.636077880859375,3292800
1985-06-03,1.59375,1.6015629768371582,1.578125,1.578125,0.632944643497467,3984000
1985-06-04,1.578125,1.625,1.578125,1.625,0.6517444849014282,6224000
1985-06-05,1.640625,1.640625,1.609375,1.6171879768371582,0.6486117243766785,4705600
1985-06-06,1.609375,1.625,1.6015629768371582,1.625,0.6517444849014282,2609600
1985-06-07,1.625,1.625,1.6015629768371582,1.6015629768371582,0.6423450112342834,2337600
1985-06-10,1.59375,1.609375,1.5859379768371582,1.609375,0.6454780697822571,1590400
1985-06-11,1.59375,1.6171879768371582,1.59375,1.609375,0.6454780697822571,1396800
1985-06-12,1.6171879768371582,1.6796879768371582,1.609375,1.671875,0.6705449819564819,13318400
1985-06-13,1.671875,1.703125,1.6484379768371582,1.6796879768371582,0.6736787557601929,8473600
1985-06-14,1.671875,1.671875,1.640625,1.6640629768371582,0.6674115657806396,3732800
1985-06-17,1.671875,1.671875,1.6484379768371582,1.65625,0.6642782688140869,1107200
1985-06-18,1.6484379768371582,1.6875,1.625,1.6875,0.676811695098877,5528000
1985-06-19,1.6953129768371582,1.7109379768371582,1.671875,1.671875,0.6705449819564819,4636800
1985-06-20,1.6640629768371582,1.671875,1.65625,1.6640629768371582,0.6674115657806396,2153600
1985-06-21,1.6640629768371582,1.6796879768371582,1.6328129768371582,1.65625,0.6642782688140869,11750400
1985-06-24,1.671875,1.671875,1.640625,1.6484379768371582,0.6611453294754028,2988800
1985-06-25,1.65625,1.6640629768371582,1.6328129768371582,1.6484379768371582,0.6611453294754028,3460800
1985-06-26,1.6484379768371582,1.65625,1.640625,1.65625,0.6642782688140869,2849600
1985-06-27,1.65625,1.671875,1.6484379768371582,1.671875,0.6705449819564819,2672000
1985-06-28,1.671875,1.6796879768371582,1.65625,1.6640629768371582,0.6674115657806396,4577600
1985-07-01,1.65625,1.65625,1.640625,1.6484379768371582,0.6611453294754028,1436800
1985-07-02,1.6484379768371582,1.6484379768371582,1.6328129768371582,1.6484379768371582,0.6611453294754028,4059200
1985-07-03,1.640625,1.671875,1.640625,1.6484379768371582,0.6611453294754028,2278400
1985-07-05,1.65625,1.671875,1.6328129768371582,1.65625,0.6642782688140869,2131200
1985-07-08,1.6484379768371582,1.6484379768371582,1.6328129768371582,1.6328129768371582,0.6548784375190735,1422400
1985-07-09,1.6484379768371582,1.6640629768371582,1.6484379768371582,1.6484379768371582,0.6611453294754028,2734400
1985-07-10,1.65625,1.671875,1.6484379768371582,1.671875,0.6705449819564819,4720000
1985-07-11,1.6796879768371582,1.703125,1.671875,1.6875,0.676811695098877,4353600
1985-07-12,1.6953129768371582,1.7109379768371582,1.6875,1.7109379768371582,0.686212420463562,3750400
1985-07-15,1.7109379768371582,1.75,1.7109379768371582,1.71875,0.6893457174301147,8582400
1985-07-16,1.71875,1.734375,1.71875,1.734375,0.6956119537353516,2880000
1985-07-17,1.734375,1.7421879768371582,1.703125,1.7265629768371582,0.6924790740013123,8558400
1985-07-18,1.7265629768371582,1.7265629768371582,1.703125,1.7109379768371582,0.686212420463562,1777600
1985-07-19,1.6796879768371582,1.6953129768371582,1.671875,1.6796879768371582,0.681646466255188,9081600
1985-07-22,1.6875,1.6875,1.671875,1.6796879768371582,0.681646466255188,2340800
1985-07-23,1.6796879768371582,1.6875,1.65625,1.671875,0.6784761548042297,2971200
1985-07-24,1.671875,1.671875,1.640625,1.6484379768371582,0.6689646244049072,2995200
1985-07-25,1.6640629768371582,1.671875,1.6484379768371582,1.65625,0.6721351146697998,1707200
1985-07-26,1.6640629768371582,1.6640629768371582,1.6484379768371582,1.6640629768371582,0.6753058433532715,1294400
1985-07-29,1.6875,1.71875,1.6796879768371582,1.71875,0.6974985003471375,5315200
1985-07-30,1.71875,1.7890629768371582,1.71875,1.7890629768371582,0.726033091545105,8067200
1985-07-31,1.7734379768371582,1.8046879768371582,1.734375,1.7421879768371582,0.7070102095603943,22928000
1985-08-01,1.75,1.7578129768371582,1.7421879768371582,1.7578129768371582,0.7133511304855347,8409600
1985-08-02,1.75,1.7578129768371582,1.7421879768371582,1.75,0.7101805806159973,11062400
1985-08-05,1.7421879768371582,1.75,1.7265629768371582,1.7421879768371582,0.7070102095603943,10756800
1985-08-06,1.734375,1.7421879768371582,1.71875,1.7265629768371582,0.7006694078445435,3732800
1985-08-07,1.7265629768371582,1.7265629768371582,1.6953129768371582,1.703125,0.6911583542823792,9121600
1985-08-08,1.703125,1.7109379768371582,1.6875,1.6953129768371582,0.6879875659942627,9396800
1985-08-09,1.6875,1.703125,1.6875,1.703125,0.6911583542823792,3600000
1985-08-12,1.6953129768371582,1.7109379768371582,1.6875,1.703125,0.6911583542823792,6924800
1985-08-13,1.703125,1.71875,1.703125,1.7109379768371582,0.6943284273147583,9246400
1985-08-14,1.703125,1.71875,1.703125,1.703125,0.6911583542823792,30704000
1985-08-15,1.6953129768371582,1.6953129768371582,1.671875,1.6796879768371582,0.681646466255188,6867200
1985-08-16,1.6796879768371582,1.6796879768371582,1.6640629768371582,1.6640629768371582,0.6753058433532715,2769600
1985-08-19,1.65625,1.6640629768371582,1.625,1.6328129768371582,0.662624180316925,979200
1985-08-20,1.625,1.6484379768371582,1.625,1.640625,0.6657939553260803,963200
1985-08-21,1.6484379768371582,1.671875,1.640625,1.671875,0.6784761548042297,1003200
1985-08-22,1.671875,1.6796879768371582,1.65625,1.671875,0.6784761548042297,1116800
1985-08-23,1.6640629768371582,1.671875,1.65625,1.6640629768371582,0.6753058433532715,302400
1985-08-26,1.6640629768371582,1.671875,1.65625,1.6640629768371582,0.6753058433532715,796800
1985-08-27,1.671875,1.671875,1.65625,1.6640629768371582,0.6753058433532715,568000
1985-08-28,1.6640629768371582,1.671875,1.6484379768371582,1.65625,0.6721351146697998,3827200
1985-08-29,1.6640629768371582,1.6640629768371582,1.6484379768371582,1.6484379768371582,0.6689646244049072,963200
1985-08-30,1.65625,1.65625,1.6328129768371582,1.640625,0.6657939553260803,1049600
1985-09-03,1.640625,1.640625,1.609375,1.625,0.6594535708427429,1113600
1985-09-04,1.6171879768371582,1.6328129768371582,1.6015629768371582,1.6328129768371582,0.662624180316925,1260800
1985-09-05,1.6328129768371582,1.6328129768371582,1.625,1.6328129768371582,0.662624180316925,835200
1985-09-06,1.65625,1.65625,1.625,1.625,0.6594535708427429,2852800
1985-09-09,1.625,1.6328129768371582,1.625,1.625,0.6594535708427429,1556800
1985-09-10,1.640625,1.640625,1.625,1.625,0.6594535708427429,3737600
1985-09-11,1.625,1.6328129768371582,1.6171879768371582,1.6171879768371582,0.6562830805778503,2441600
1985-09-12,1.6171879768371582,1.6484379768371582,1.6171879768371582,1.6328129768371582,0.662624180316925,4707200
1985-09-13,1.625,1.640625,1.625,1.6328129768371582,0.662624180316925,3592000
1985-09-16,1.6328129768371582,1.640625,1.6171879768371582,1.6328129768371582,0.662624180316925,1795200
1985-09-17,1.6171879768371582,1.625,1.609375,1.625,0.6594535708427429,1756800
1985-09-18,1.6171879768371582,1.625,1.609375,1.609375,0.6531124114990234,1208000
1985-09-19,1.609375,1.6328129768371582,1.609375,1.625,0.6594535708427429,2104000
1985-09-20,1.625,1.6484379768371582,1.625,1.625,0.6594535708427429,2134400
1985-09-23,1.65625,1.6796879768371582,1.65625,1.671875,0.6784761548042297,3502400
1985-09-24,1.6640629768371582,1.671875,1.640625,1.6484379768371582,0.6689646244049072,2137600
1985-09-25,1.6484379768371582,1.65625,1.6328129768371582,1.6328129768371582,0.662624180316925,1270400
1985-09-26,1.6328129768371582,1.6875,1.6328129768371582,1.6875,0.6848170757293701,3945600
1985-09-30,1.671875,1.6796879768371582,1.640625,1.671875,0.6784761548042297,1672000
1985-10-01,1.65625,1.6640629768371582,1.625,1.6640629768371582,0.6753058433532715,10363200
1985-10-02,1.6640629768371582,1.7109379768371582,1.6640629768371582,1.6875,0.6848170757293701,6179200
1985-10-03,1.703125,1.7109379768371582,1.6875,1.703125,0.6911583542823792,3624000
1985-10-04,1.7109379768371582,1.7109379768371582,1.6796879768371582,1.6875,0.6848170757293701,2227200
1985-10-07,1.6796879768371582,1.6875,1.6640629768371582,1.671875,0.6784761548042297,1948800
1985-10-08,1.671875,1.6796879768371582,1.65625,1.671875,0.6784761548042297,1262400
1985-10-09,1.6640629768371582,1.671875,1.65625,1.671875,0.6784761548042297,3419200
1985-10-10,1.671875,1.6796879768371582,1.6640629768371582,1.6796879768371582,0.681646466255188,3030400
1985-10-11,1.671875,1.703125,1.671875,1.6875,0.6848170757293701,6195200
1985-10-14,1.6796879768371582,1.7265629768371582,1.6796879768371582,1.7265629768371582,0.7006694078445435,5396800
1985-10-15,1.75,1.9296879768371582,1.7421879768371582,1.9296879768371582,0.7831012606620789,30368000
1985-10-16,1.9453129768371582,2.085937976837158,1.9375,2.015625,0.8179758787155151,32640000
1985-10-17,2.03125,2.03125,1.953125,1.984375,0.8052943348884583,15582400
1985-10-18,1.9765629768371582,1.984375,1.9140629768371582,1.9140629768371582,0.7767603397369385,8200000
1985-10-21,1.875,1.921875,1.8671879768371582,1.875,0.7694507241249084,13686400
1985-10-22,1.875,1.875,1.8125,1.8359379768371582,0.7534198760986328,9164800
1985-10-23,1.8359379768371582,1.8671879768371582,1.828125,1.859375,0.7630382776260376,3652800
1985-10-24,1.8671879768371582,1.9296879768371582,1.8671879768371582,1.8671879768371582,0.7662442326545715,5580800
1985-10-25,1.8671879768371582,1.890625,1.84375,1.859375,0.7630382776260376,2430400
1985-10-28,1.859375,1.859375,1.7890629768371582,1.8359379768371582,0.7534198760986328,4251200
1985-10-29,1.8359379768371582,1.84375,1.8203129768371582,1.8203129768371582,0.7470079660415649,3139200
1985-10-30,1.8359379768371582,1.8671879768371582,1.828125,1.8515629768371582,0.7598320841789246,3209600
1985-10-31,1.8515629768371582,1.921875,1.8359379768371582,1.8828129768371582,0.7726563811302185,6404800
1985-11-01,1.8828129768371582,1.890625,1.8515629768371582,1.8828129768371582,0.7726563811302185,4720000
1985-11-04,1.875,1.8828129768371582,1.8515629768371582,1.859375,0.7630382776260376,1992000
1985-11-05,1.859375,1.8828129768371582,1.84375,1.875,0.7694507241249084,3716800
1985-11-06,1.875,1.8984379768371582,1.8671879768371582,1.8984379768371582,0.7790688872337341,6617600
1985-11-07,1.90625,1.921875,1.890625,1.9140629768371582,0.7854806780815125,7080000
1985-11-08,1.921875,1.9453129768371582,1.921875,1.9375,0.7950990796089172,4592000
1985-11-11,1.921875,1.9296879768371582,1.890625,1.90625,0.782274603843689,1872000
1985-11-12,1.9140629768371582,1.921875,1.890625,1.890625,0.7758627533912659,4707200
1985-11-13,1.8828129768371582,1.8984379768371582,1.875,1.875,0.7694507241249084,24416000
1985-11-14,1.890625,1.9296879768371582,1.8828129768371582,1.921875,0.7886866927146912,6619200
1985-11-15,1.90625,1.921875,1.890625,1.890625,0.7758627533912659,7502400
1985-11-18,1.90625,1.9140629768371582,1.875,1.8984379768371582,0.7790688872337341,3352000
1985-11-19,1.90625,1.90625,1.8828129768371582,1.890625,0.7758627533912659,2153600
1985-11-20,1.890625,1.90625,1.890625,1.90625,0.782274603843689,3992000
1985-11-21,1.8984379768371582,1.9375,1.8984379768371582,1.9140629768371582,0.7854806780815125,2200000
1985-11-22,1.921875,1.953125,1.9140629768371582,1.921875,0.7886866927146912,5016000
1985-11-25,1.9296879768371582,1.9296879768371582,1.90625,1.90625,0.782274603843689,2196800
1985-11-26,1.8984379768371582,1.90625,1.875,1.8828129768371582,0.7726563811302185,2027200
1985-11-27,1.890625,1.90625,1.875,1.8828129768371582,0.7726563811302185,4297600
1985-11-29,1.890625,1.8984379768371582,1.8515629768371582,1.859375,0.7630382776260376,3899200
1985-12-02,1.8671879768371582,1.875,1.859375,1.8671879768371582,0.7662442326545715,2366400
1985-12-03,1.8671879768371582,1.8984379768371582,1.859375,1.8828129768371582,0.7726563811302185,2992000
1985-12-04,1.8828129768371582,1.90625,1.8828129768371582,1.8984379768371582,0.7790688872337341,4563200
1985-12-05,1.90625,1.9140629768371582,1.875,1.875,0.7694507241249084,2974400
1985-12-06,1.859375,1.859375,1.828125,1.8359379768371582,0.7534198760986328,6116800
1985-12-09,1.8359379768371582,1.890625,1.8359379768371582,1.8671879768371582,0.7662442326545715,4409600
1985-12-10,1.875,1.875,1.8515629768371582,1.8671879768371582,0.7662442326545715,5092800
1985-12-11,1.890625,1.8984379768371582,1.859375,1.8671879768371582,0.7662442326545715,5603200
1985-12-12,1.90625,2.0,1.8984379768371582,1.9921879768371582,0.8175410032272339,17440000
1985-12-13,2.0,2.015625,1.9765629768371582,2.015625,0.82715904712677,6424000
1985-12-16,2.015625,2.054687976837158,2.0,2.054687976837158,0.843189537525177,10361600
1985-12-17,2.054687976837158,2.0625,2.015625,2.015625,0.82715904712677,4508800
1985-12-18,2.046875,2.0625,2.03125,2.039062976837158,0.8367772698402405,4444800
1985-12-19,2.023437976837158,2.054687976837158,2.023437976837158,2.054687976837158,0.843189537525177,2153600
1985-12-20,2.054687976837158,2.054687976837158,2.023437976837158,2.039062976837158,0.8367772698402405,3097600
1985-12-23,2.023437976837158,2.023437976837158,1.984375,1.9921879768371582,0.8175410032272339,3654400
1985-12-24,1.9921879768371582,2.007812976837158,1.984375,2.0,0.8207469582557678,915200
1985-12-26,1.9921879768371582,2.0,1.9765629768371582,1.9765629768371582,0.8111286759376526,1963200
1985-12-27,1.9765629768371582,2.0,1.96875,1.9921879768371582,0.8175410032272339,1300800
1985-12-30,2.0,2.007812976837158,1.984375,1.9921879768371582,0.8175410032272339,1816000
1985-12-31,2.0,2.0625,1.9921879768371582,2.046875,0.8399831056594849,3553600
1986-01-02,2.039062976837158,2.039062976837158,2.0,2.015625,0.82715904712677,6008000
1986-01-03,2.0,2.015625,1.984375,2.0,0.8207469582557678,4614400
1986-01-06,2.007812976837158,2.007812976837158,1.9921879768371582,2.0,0.8207469582557678,1683200
1986-01-07,2.023437976837158,2.046875,2.015625,2.046875,0.8399831056594849,4664000
1986-01-08,2.0625,2.070312976837158,1.9765629768371582,1.9921879768371582,0.8175410032272339,10268800
1986-01-09,1.96875,1.9765629768371582,1.9375,1.9453129768371582,0.798305094242096,3425600
1986-01-10,1.9609379768371582,1.9921879768371582,1.9453129768371582,1.953125,0.8015109896659851,2843200
1986-01-13,1.953125,1.96875,1.9453129768371582,1.953125,0.8015109896659851,6115200
1986-01-14,1.953125,1.9609379768371582,1.921875,1.9375,0.7950990796089172,5622400
1986-01-15,1.9375,1.9375,1.921875,1.9375,0.7950990796089172,2704000
1986-01-16,1.953125,1.9765629768371582,1.9375,1.96875,0.8079225420951843,3201600
1986-01-17,1.9296879768371582,1.953125,1.921875,1.9296879768371582,0.800533652305603,7163200
1986-01-20,1.9296879768371582,1.9375,1.921875,1.9296879768371582,0.800533652305603,1134400
1986-01-21,1.9375,1.953125,1.8984379768371582,1.8984379768371582,0.7875696420669556,2531200
1986-01-22,1.8984379768371582,1.9375,1.8984379768371582,1.921875,0.7972922325134277,4440000
1986-01-23,1.921875,1.96875,1.9140629768371582,1.9609379768371582,0.8134973049163818,3115200
1986-01-24,1.9765629768371582,2.054687976837158,1.96875,2.046875,0.8491485714912415,4992000
1986-01-27,2.046875,2.046875,1.9609379768371582,2.023437976837158,0.8394259810447693,2131200
1986-01-28,2.039062976837158,2.046875,2.03125,2.046875,0.8491485714912415,2148800
1986-01-29,2.046875,2.0625,2.023437976837158,2.03125,0.8426664471626282,2875200
1986-01-30,2.015625,2.09375,2.015625,2.046875,0.8491485714912415,4828800
1986-01-31,2.0625,2.078125,2.039062976837158,2.046875,0.8491485714912415,2622400
1986-02-03,2.03125,2.046875,2.007812976837158,2.039062976837158,0.8459077477455139,4302400
1986-02-04,2.09375,2.125,2.03125,2.09375,0.868594765663147,6105600
1986-02-05,2.101562976837158,2.109375,2.046875,2.0625,0.8556309342384338,2452800
1986-02-06,2.0625,2.085937976837158,2.046875,2.078125,0.8621123433113098,3921600
1986-02-07,2.0625,2.085937976837158,2.03125,2.0625,0.8556309342384338,5750400
1986-02-10,2.03125,2.0625,2.0,2.0625,0.8556309342384338,6774400
1986-02-11,2.0625,2.070312976837158,2.046875,2.054687976837158,0.8523899912834167,4849600
1986-02-12,2.070312976837158,2.070312976837158,2.0625,2.070312976837158,0.8588719367980957,3198400
1986-02-13,2.078125,2.117187976837158,2.070312976837158,2.117187976837158,0.8783181309700012,4924800
1986-02-14,2.15625,2.179687976837158,2.140625,2.171875,0.9010046124458313,7961600
1986-02-18,2.171875,2.195312976837158,2.164062976837158,2.171875,0.9010046124458313,4803200
1986-02-19,2.164062976837158,2.171875,2.078125,2.085937976837158,0.8653543591499329,2988800
1986-02-20,2.09375,2.125,2.070312976837158,2.125,0.881558358669281,3422400
1986-02-21,2.15625,2.1875,2.148437976837158,2.164062976837158,0.8977640867233276,3057600
1986-02-24,2.148437976837158,2.15625,2.125,2.125,0.881558358669281,2924800
1986-02-25,2.109375,2.140625,2.109375,2.140625,0.8880410194396973,1953600
1986-02-26,2.15625,2.171875,2.125,2.140625,0.8880410194396973,2248000
1986-02-27,2.148437976837158,2.164062976837158,2.132812976837158,2.15625,0.894523024559021,2641600
1986-02-28,2.203125,2.210937976837158,2.15625,2.1875,0.9074867963790894,3731200
1986-03-03,2.1875,2.195312976837158,2.164062976837158,2.171875,0.9010046124458313,2241600
1986-03-04,2.210937976837158,2.25,2.1875,2.210937976837158,0.9172102212905884,5622400
1986-03-05,2.234375,2.234375,2.179687976837158,2.1875,0.9074867963790894,3147200
1986-03-06,2.171875,2.203125,2.164062976837158,2.171875,0.9010046124458313,2635200
1986-03-07,2.1875,2.195312976837158,2.15625,2.171875,0.9010046124458313,2526400
1986-03-10,2.1875,2.1875,2.164062976837158,2.1875,0.9074867963790894,1470400
1986-03-11,2.195312976837158,2.234375,2.179687976837158,2.21875,0.9204511046409607,5288000
1986-03-12,2.242187976837158,2.328125,2.226562976837158,2.273437976837158,0.9431379437446594,5238400
1986-03-13,2.265625,2.289062976837158,2.25,2.273437976837158,0.9431379437446594,6217600
1986-03-14,2.265625,2.296875,2.257812976837158,2.265625,0.9398977160453796,4451200
1986-03-17,2.257812976837158,2.28125,2.21875,2.265625,0.9398977160453796,3992000
1986-03-18,2.234375,2.28125,2.234375,2.265625,0.9398977160453796,5153600
1986-03-19,2.265625,2.335937976837158,2.234375,2.328125,0.9658257961273193,5592000
1986-03-20,2.34375,2.390625,2.335937976837158,2.359375,0.9787890911102295,5764800
1986-03-21,2.398437976837158,2.453125,2.382812976837158,2.398437976837158,0.9949941635131836,5948800
1986-03-24,2.382812976837158,2.414062976837158,2.382812976837158,2.40625,0.9982360601425171,4459200
1986-03-25,2.40625,2.414062976837158,2.398437976837158,2.414062976837158,1.0014773607254028,2598400
1986-03-26,2.40625,2.421875,2.390625,2.40625,0.9982360601425171,4104000
1986-03-27,2.390625,2.398437976837158,2.34375,2.375,0.9852714538574219,3745600
1986-03-31,2.367187976837158,2.375,2.296875,2.328125,0.9658257961273193,4680000
1986-04-01,2.335937976837158,2.34375,2.289062976837158,2.3125,0.9593437314033508,4787200
1986-04-02,2.28125,2.304687976837158,2.257812976837158,2.304687976837158,0.9561023116111755,2712000
1986-04-03,2.304687976837158,2.414062976837158,2.304687976837158,2.375,0.9852714538574219,8188800
1986-04-04,2.367187976837158,2.4375,2.367187976837158,2.390625,0.9917537569999695,8993600
1986-04-07,2.375,2.382812976837158,2.34375,2.382812976837158,0.9885125160217285,2798400
1986-04-08,2.375,2.40625,2.367187976837158,2.398437976837158,0.9949941635131836,5451200
1986-04-09,2.414062976837158,2.429687976837158,2.359375,2.375,0.9852714538574219,5688000
1986-04-10,2.367187976837158,2.382812976837158,2.359375,2.382812976837158,0.9885125160217285,2147200
1986-04-11,2.398437976837158,2.40625,2.375,2.375,0.9852714538574219,2011200
1986-04-14,2.382812976837158,2.390625,2.375,2.375,0.9852714538574219,1872000
1986-04-15,2.367187976837158,2.375,2.34375,2.351562976837158,0.9755486845970154,7036800
1986-04-16,2.414062976837158,2.421875,2.390625,2.40625,0.9982360601425171,4305600
1986-04-17,2.40625,2.414062976837158,2.390625,2.398437976837158,0.9949941635131836,4611200
1986-04-18,2.398437976837158,2.421875,2.398437976837158,2.40625,0.9982360601425171,2897600
1986-04-21,2.382812976837158,2.398437976837158,2.367187976837158,2.382812976837158,0.9973198771476746,16320000
1986-04-22,2.390625,2.429687976837158,2.375,2.414062976837158,1.0104007720947266,9292800
1986-04-23,2.421875,2.5,2.390625,2.5,1.0463688373565674,9680000
1986-04-24,2.5,2.554687976837158,2.492187976837158,2.539062976837158,1.062718152999878,9873600
1986-04-25,2.53125,2.539062976837158,2.484375,2.492187976837158,1.043099284172058,4243200
1986-04-28,2.476562976837158,2.484375,2.4375,2.460937976837158,1.0300192832946777,6091200
1986-04-29,2.460937976837158,2.484375,2.421875,2.4375,1.0202096700668335,3609600
1986-04-30,2.421875,2.429687976837158,2.34375,2.34375,0.9809706211090088,3179200
1986-05-01,2.34375,2.359375,2.3125,2.328125,0.9744301438331604,3110400
1986-05-02,2.320312976837158,2.328125,2.273437976837158,2.273437976837158,0.9515417218208313,5721600
1986-05-05,2.28125,2.375,2.28125,2.375,0.9940497875213623,4766400
1986-05-06,2.414062976837158,2.429687976837158,2.390625,2.40625,1.0071301460266113,4588800
1986-05-07,2.398437976837158,2.414062976837158,2.375,2.382812976837158,0.9973198771476746,3288000
1986-05-08,2.40625,2.414062976837158,2.390625,2.390625,1.000589370727539,2608000
1986-05-09,2.375,2.375,2.328125,2.359375,0.9875103235244751,2548800
1986-05-12,2.367187976837158,2.367187976837158,2.320312976837158,2.320312976837158,0.9711612462997437,2121600
1986-05-13,2.320312976837158,2.351562976837158,2.3125,2.328125,0.9744301438331604,3416000
1986-05-14,2.34375,2.398437976837158,2.34375,2.390625,1.000589370727539,2577600
1986-05-15,2.40625,2.40625,2.367187976837158,2.367187976837158,0.9907801747322083,4694400
1986-05-16,2.359375,2.359375,2.328125,2.328125,0.9744301438331604,3480000
1986-05-19,2.320312976837158,2.335937976837158,2.3125,2.320312976837158,0.9711612462997437,1643200
1986-05-20,2.320312976837158,2.34375,2.3125,2.34375,0.9809706211090088,2246400
1986-05-21,2.34375,2.351562976837158,2.328125,2.335937976837158,0.9777004718780518,2499200
1986-05-22,2.351562976837158,2.414062976837158,2.335937976837158,2.390625,1.000589370727539,2628800
1986-05-23,2.414062976837158,2.4375,2.398437976837158,2.414062976837158,1.0104007720947266,2587200
1986-05-27,2.421875,2.492187976837158,2.414062976837158,2.492187976837158,1.043099284172058,4315200
1986-05-28,2.476562976837158,2.554687976837158,2.46875,2.5,1.0463688373565674,15638400
1986-05-29,2.484375,2.492187976837158,2.476562976837158,2.492187976837158,1.043099284172058,2686400
1986-05-30,2.484375,2.492187976837158,2.46875,2.484375,1.039828896522522,2052800
1986-06-02,2.484375,2.484375,2.429687976837158,2.460937976837158,1.0300192832946777,1307200
1986-06-03,2.429687976837158,2.445312976837158,2.429687976837158,2.4375,1.0202096700668335,1817600
1986-06-04,2.453125,2.484375,2.429687976837158,2.476562976837158,1.036558985710144,4888000
1986-06-05,2.46875,2.507812976837158,2.46875,2.5,1.0463688373565674,4142400
1986-06-06,2.492187976837158,2.585937976837158,2.492187976837158,2.5625,1.07252836227417,9324800
1986-06-09,2.554687976837158,2.5625,2.523437976837158,2.53125,1.059448003768921,4835200
1986-06-10,2.523437976837158,2.53125,2.5,2.515625,1.0529083013534546,5022400
1986-06-11,2.523437976837158,2.585937976837158,2.5,2.578125,1.0790678262710571,5601600
1986-06-12,2.59375,2.632812976837158,2.585937976837158,2.625,1.0986874103546143,3222400
1986-06-13,2.617187976837158,2.65625,2.617187976837158,2.640625,1.1052268743515015,3417600
1986-06-16,2.632812976837158,2.648437976837158,2.601562976837158,2.617187976837158,1.0954174995422363,3190400
1986-06-17,2.609375,2.632812976837158,2.578125,2.585937976837158,1.0823386907577515,1252800
1986-06-18,2.601562976837158,2.617187976837158,2.5625,2.617187976837158,1.0954174995422363,3198400
1986-06-19,2.617187976837158,2.632812976837158,2.601562976837158,2.601562976837158,1.0888779163360596,2388800
1986-06-20,2.59375,2.625,2.59375,2.625,1.0986874103546143,2649600
1986-06-23,2.601562976837158,2.632812976837158,2.59375,2.625,1.0986874103546143,1857600
1986-06-24,2.609375,2.65625,2.609375,2.640625,1.1052268743515015,2390400
1986-06-25,2.625,2.703125,2.625,2.695312976837158,1.1281157732009888,5008000
1986-06-26,2.679687976837158,2.695312976837158,2.648437976837158,2.65625,1.1117666959762573,3473600
1986-06-27,2.65625,2.664062976837158,2.632812976837158,2.648437976837158,1.1084967851638794,1427200
1986-06-30,2.648437976837158,2.71875,2.640625,2.65625,1.1117666959762573,2627200
1986-07-01,2.664062976837158,2.671875,2.640625,2.671875,1.1183065176010132,1459200
1986-07-02,2.664062976837158,2.6875,2.648437976837158,2.671875,1.1183065176010132,3096000
1986-07-03,2.671875,2.679687976837158,2.648437976837158,2.65625,1.1117666959762573,2054400
1986-07-07,2.65625,2.65625,2.5625,2.570312976837158,1.0757980346679688,3945600
1986-07-08,2.460937976837158,2.53125,2.453125,2.53125,1.059448003768921,7505600
1986-07-09,2.53125,2.539062976837158,2.5,2.515625,1.0529083013534546,2692800
1986-07-10,2.507812976837158,2.507812976837158,2.46875,2.492187976837158,1.043099284172058,2977600
1986-07-11,2.492187976837158,2.492187976837158,2.46875,2.492187976837158,1.043099284172058,1985600
1986-07-14,2.484375,2.492187976837158,2.46875,2.476562976837158,1.036558985710144,1531200
1986-07-15,2.453125,2.476562976837158,2.421875,2.421875,1.013669490814209,3868800
1986-07-16,2.4375,2.5,2.421875,2.5,1.0463688373565674,2982400
1986-07-17,2.484375,2.53125,2.484375,2.5,1.0463688373565674,5140800
1986-07-18,2.476562976837158,2.492187976837158,2.421875,2.460937976837158,1.0300192832946777,9512000
1986-07-21,2.4375,2.445312976837158,2.429687976837158,2.4375,1.0290958881378174,9358400
1986-07-22,2.429687976837158,2.4375,2.414062976837158,2.429687976837158,1.0257973670959473,2337600
1986-07-23,2.429687976837158,2.5,2.421875,2.46875,1.0422887802124023,3147200
1986-07-24,2.46875,2.5,2.460937976837158,2.484375,1.0488860607147217,2166400
1986-07-25,2.5,2.59375,2.5,2.59375,1.095062494277954,7726400
1986-07-28,2.578125,2.617187976837158,2.546875,2.5625,1.0818700790405273,4904000
1986-07-29,2.539062976837158,2.546875,2.492187976837158,2.515625,1.0620794296264648,4027200
1986-07-30,2.515625,2.546875,2.492187976837158,2.53125,1.0686763525009155,4512000
1986-07-31,2.539062976837158,2.539062976837158,2.5,2.515625,1.0620794296264648,1896000
1986-08-01,2.515625,2.523437976837158,2.492187976837158,2.492187976837158,1.0521847009658813,1187200
1986-08-04,2.492187976837158,2.515625,2.476562976837158,2.5,1.055483102798462,1529600
1986-08-05,2.492187976837158,2.523437976837158,2.484375,2.492187976837158,1.0521847009658813,1505600
1986-08-06,2.5,2.507812976837158,2.484375,2.492187976837158,1.0521847009658813,1728000
1986-08-07,2.492187976837158,2.5,2.484375,2.492187976837158,1.0521847009658813,1344000
1986-08-08,2.5,2.5,2.484375,2.5,1.055483102798462,984000
1986-08-11,2.5,2.515625,2.492187976837158,2.507812976837158,1.0587819814682007,2091200
1986-08-12,2.515625,2.5625,2.507812976837158,2.5625,1.0818700790405273,4659200
1986-08-13,2.570312976837158,2.570312976837158,2.539062976837158,2.546875,1.075272798538208,2515200
1986-08-14,2.539062976837158,2.546875,2.507812976837158,2.515625,1.0620794296264648,2073600
1986-08-15,2.507812976837158,2.507812976837158,2.492187976837158,2.507812976837158,1.0587819814682007,3742400
1986-08-18,2.492187976837158,2.5,2.46875,2.476562976837158,1.0455876588821411,2337600
1986-08-19,2.492187976837158,2.515625,2.46875,2.515625,1.0620794296264648,3184000
1986-08-20,2.515625,2.5625,2.515625,2.5625,1.0818700790405273,3340800
1986-08-21,2.5625,2.578125,2.53125,2.539062976837158,1.071974515914917,2524800
1986-08-22,2.539062976837158,2.539062976837158,2.5,2.53125,1.0686763525009155,1395200
1986-08-25,2.523437976837158,2.539062976837158,2.5,2.5,1.055483102798462,3060800
1986-08-26,2.492187976837158,2.546875,2.492187976837158,2.539062976837158,1.071974515914917,5201600
1986-08-27,2.539062976837158,2.554687976837158,2.507812976837158,2.523437976837158,1.0653783082962036,2195200
1986-08-28,2.507812976837158,2.507812976837158,2.492187976837158,2.5,1.055483102798462,4833600
1986-08-29,2.492187976837158,2.5,2.476562976837158,2.492187976837158,1.0521847009658813,1036800
1986-09-02,2.484375,2.5,2.453125,2.484375,1.0488860607147217,2392000
1986-09-03,2.460937976837158,2.484375,2.4375,2.484375,1.0488860607147217,2084800
1986-09-04,2.46875,2.492187976837158,2.453125,2.492187976837158,1.0521847009658813,2233600
1986-09-05,2.5,2.5,2.421875,2.4375,1.0290958881378174,4608000
1986-09-08,2.414062976837158,2.414062976837158,2.34375,2.359375,0.9961116909980774,3606400
1986-09-09,2.351562976837158,2.390625,2.351562976837158,2.375,1.002708077430725,3857600
1986-09-10,2.382812976837158,2.382812976837158,2.351562976837158,2.375,1.002708077430725,5070400
1986-09-11,2.375,2.375,2.3125,2.320312976837158,0.9796199202537537,6596800
1986-09-12,2.328125,2.328125,2.242187976837158,2.28125,0.9631280303001404,7600000
1986-09-15,2.296875,2.304687976837158,2.28125,2.289062976837158,0.9664263725280762,3598400
1986-09-16,2.289062976837158,2.296875,2.265625,2.289062976837158,0.9664263725280762,2969600
1986-09-17,2.265625,2.3125,2.265625,2.3125,0.9763214588165283,4345600
1986-09-18,2.296875,2.320312976837158,2.296875,2.320312976837158,0.9796199202537537,3948800
1986-09-19,2.304687976837158,2.359375,2.304687976837158,2.359375,0.9961116909980774,2475200
1986-09-22,2.34375,2.359375,2.320312976837158,2.335937976837158,0.9862161874771118,1182400
1986-09-23,2.328125,2.335937976837158,2.304687976837158,2.3125,0.9763214588165283,2931200
1986-09-24,2.320312976837158,2.351562976837158,2.3125,2.320312976837158,0.9796199202537537,1932800
1986-09-25,2.320312976837158,2.351562976837158,2.296875,2.296875,0.9697244763374329,3750400
1986-09-26,2.304687976837158,2.304687976837158,2.25,2.273437976837158,0.9598296284675598,5124800
1986-09-29,2.265625,2.273437976837158,2.226562976837158,2.25,0.9499343037605286,2003200
1986-09-30,2.265625,2.296875,2.257812976837158,2.289062976837158,0.9664263725280762,3964800
1986-10-01,2.296875,2.359375,2.289062976837158,2.335937976837158,0.9862161874771118,2041600
1986-10-02,2.328125,2.398437976837158,2.320312976837158,2.382812976837158,1.0060069561004639,1835200
1986-10-03,2.398437976837158,2.40625,2.390625,2.390625,1.0093047618865967,2358400
1986-10-06,2.382812976837158,2.40625,2.382812976837158,2.390625,1.0093047618865967,3436800
1986-10-07,2.375,2.40625,2.375,2.382812976837158,1.0060069561004639,2307200
1986-10-08,2.382812976837158,2.421875,2.382812976837158,2.414062976837158,1.019201397895813,2526400
1986-10-09,2.421875,2.445312976837158,2.414062976837158,2.421875,1.0224988460540771,4272000
1986-10-10,2.429687976837158,2.429687976837158,2.390625,2.390625,1.0093047618865967,2448000
1986-10-13,2.390625,2.398437976837158,2.382812976837158,2.398437976837158,1.0126038789749146,1020800
1986-10-14,2.382812976837158,2.398437976837158,2.382812976837158,2.382812976837158,1.0060069561004639,838400
1986-10-15,2.398437976837158,2.414062976837158,2.382812976837158,2.40625,1.0159021615982056,1891200
1986-10-16,2.40625,2.421875,2.390625,2.414062976837158,1.019201397895813,974400
1986-10-17,2.40625,2.414062976837158,2.390625,2.40625,1.0159021615982056,2691200
1986-10-20,2.367187976837158,2.382812976837158,2.359375,2.367187976837158,1.008314609527588,4988800
1986-10-21,2.367187976837158,2.390625,2.367187976837158,2.390625,1.0182973146438599,873600
1986-10-22,2.382812976837158,2.429687976837158,2.382812976837158,2.421875,1.0316089391708374,1139200
1986-10-23,2.4375,2.445312976837158,2.421875,2.445312976837158,1.0415922403335571,3232000
1986-10-24,2.453125,2.460937976837158,2.421875,2.421875,1.0316089391708374,3486400
1986-10-27,2.421875,2.429687976837158,2.382812976837158,2.421875,1.0316089391708374,984000
1986-10-28,2.421875,2.445312976837158,2.40625,2.4375,1.0382649898529053,2908800
1986-10-29,2.4375,2.4375,2.390625,2.414062976837158,1.0282812118530273,6504000
1986-10-30,2.421875,2.445312976837158,2.40625,2.421875,1.0316089391708374,5763200
1986-10-31,2.414062976837158,2.421875,2.40625,2.414062976837158,1.0282812118530273,1500800
1986-11-03,2.421875,2.4375,2.414062976837158,2.4375,1.0382649898529053,2668800
1986-11-04,2.429687976837158,2.53125,2.429687976837158,2.523437976837158,1.0748704671859741,7628800
1986-11-05,2.523437976837158,2.546875,2.492187976837158,2.507812976837158,1.068215250968933,4848000
1986-11-06,2.523437976837158,2.578125,2.5,2.523437976837158,1.0748704671859741,11374400
1986-11-07,2.5625,2.578125,2.546875,2.546875,1.0848532915115356,2430400
1986-11-10,2.554687976837158,2.554687976837158,2.515625,2.546875,1.0848532915115356,892800
1986-11-11,2.546875,2.554687976837158,2.515625,2.523437976837158,1.0748704671859741,4185600
1986-11-12,2.53125,2.53125,2.492187976837158,2.507812976837158,1.068215250968933,5056000
1986-11-13,2.515625,2.515625,2.46875,2.476562976837158,1.0549038648605347,3038400
1986-11-14,2.492187976837158,2.585937976837158,2.484375,2.5625,1.0915088653564453,11715200
1986-11-17,2.515625,2.578125,2.515625,2.546875,1.0848532915115356,4081600
1986-11-18,2.539062976837158,2.554687976837158,2.476562976837158,2.484375,1.058231234550476,3496000
1986-11-19,2.46875,2.484375,2.460937976837158,2.476562976837158,1.0549038648605347,3483200
1986-11-20,2.53125,2.53125,2.492187976837158,2.5,1.064886212348938,2953600
1986-11-21,2.484375,2.515625,2.476562976837158,2.5,1.064886212348938,4006400
1986-11-24,2.515625,2.53125,2.492187976837158,2.515625,1.0715420246124268,7716800
1986-11-25,2.515625,2.53125,2.507812976837158,2.515625,1.0715420246124268,2718400
1986-11-26,2.640625,2.9375,2.632812976837158,2.8125,1.1979973316192627,23680000
1986-11-28,2.773437976837158,2.773437976837158,2.71875,2.765625,1.1780307292938232,4076800
1986-12-01,2.765625,2.765625,2.640625,2.71875,1.1580641269683838,7376000
1986-12-02,2.78125,2.828125,2.765625,2.8125,1.1979973316192627,11620800
1986-12-03,2.796875,2.820312976837158,2.789062976837158,2.796875,1.1913418769836426,9318400
1986-12-04,2.796875,2.84375,2.78125,2.8125,1.1979973316192627,9528000
1986-12-05,2.773437976837158,2.789062976837158,2.75,2.75,1.1713758707046509,7627200
1986-12-08,2.78125,2.796875,2.640625,2.6875,1.1447532176971436,4734400
1986-12-09,2.695312976837158,2.695312976837158,2.5625,2.601562976837158,1.1081480979919434,5211200
1986-12-10,2.601562976837158,2.648437976837158,2.578125,2.648437976837158,1.1281145811080933,4006400
1986-12-11,2.632812976837158,2.679687976837158,2.601562976837158,2.679687976837158,1.1414254903793335,3931200
1986-12-12,2.679687976837158,2.679687976837158,2.625,2.632812976837158,1.1214592456817627,2902400
1986-12-15,2.632812976837158,2.648437976837158,2.601562976837158,2.625,1.118131399154663,3937600
1986-12-16,2.625,2.742187976837158,2.617187976837158,2.726562976837158,1.1613922119140625,17120000
1986-12-17,2.710937976837158,2.734375,2.6875,2.726562976837158,1.1613922119140625,3880000
1986-12-18,2.71875,2.726562976837158,2.671875,2.671875,1.1380980014801025,3929600
1986-12-19,2.664062976837158,2.703125,2.609375,2.703125,1.1514090299606323,7470400
1986-12-22,2.6875,2.6875,2.65625,2.6875,1.1447532176971436,4412800
1986-12-23,2.671875,2.6875,2.640625,2.6875,1.1447532176971436,4521600
1986-12-24,2.671875,2.679687976837158,2.625,2.648437976837158,1.1281145811080933,2478400
1986-12-26,2.664062976837158,2.664062976837158,2.625,2.640625,1.1247872114181519,1750400
1986-12-29,2.648437976837158,2.648437976837158,2.59375,2.601562976837158,1.1081480979919434,4672000
1986-12-30,2.601562976837158,2.601562976837158,2.554687976837158,2.5625,1.0915088653564453,2848000
1986-12-31,2.570312976837158,2.570312976837158,2.554687976837158,2.554687976837158,1.088181495666504,2857600
1987-01-02,2.570312976837158,2.632812976837158,2.570312976837158,2.632812976837158,1.1214592456817627,2107200
1987-01-05,2.640625,2.710937976837158,2.640625,2.703125,1.1514090299606323,11166400
1987-01-06,2.703125,2.726562976837158,2.679687976837158,2.679687976837158,1.1414254903793335,2291200
1987-01-07,2.695312976837158,2.78125,2.671875,2.75,1.1713758707046509,9044800
1987-01-08,2.734375,2.8125,2.71875,2.796875,1.1913418769836426,7368000
1987-01-09,2.796875,2.84375,2.78125,2.8125,1.1979973316192627,3702400
1987-01-12,2.796875,2.796875,2.75,2.757812976837158,1.1747039556503296,4284800
1987-01-13,2.742187976837158,2.773437976837158,2.734375,2.757812976837158,1.1747039556503296,3340800
1987-01-14,2.742187976837158,2.75,2.703125,2.726562976837158,1.1613922119140625,2560000
1987-01-15,2.75,2.796875,2.734375,2.796875,1.1913418769836426,3704000
1987-01-16,2.8125,2.859375,2.789062976837158,2.828125,1.204653263092041,6262400
1987-01-19,2.84375,2.898437976837158,2.789062976837158,2.875,1.224619746208191,4777600
1987-01-20,2.828125,2.867187976837158,2.789062976837158,2.828125,1.2136235237121582,3715200
1987-01-21,2.8125,2.867187976837158,2.804687976837158,2.820312976837158,1.2102717161178589,4862400
1987-01-22,2.820312976837158,2.9375,2.820312976837158,2.90625,1.2471483945846558,5433600
1987-01-23,2.953125,2.96875,2.828125,2.835937976837158,1.216976523399353,9470400
1987-01-26,2.828125,2.859375,2.8125,2.851562976837158,1.223682165145874,3609600
1987-01-27,2.90625,2.9375,2.84375,2.890625,1.2404437065124512,5729600
1987-01-28,2.929687976837158,2.984375,2.921875,2.984375,1.2806745767593384,6481600
1987-01-29,2.984375,2.984375,2.90625,2.914062976837158,1.2505019903182983,5225600
1987-01-30,2.921875,2.921875,2.875,2.882812976837158,1.2370916604995728,3502400
1987-02-02,2.875,2.882812976837158,2.851562976837158,2.875,1.2337390184402466,3097600
1987-02-03,2.867187976837158,2.890625,2.828125,2.84375,1.2203291654586792,6158400
1987-02-04,2.867187976837158,2.898437976837158,2.828125,2.875,1.2337390184402466,4112000
1987-02-05,2.851562976837158,2.875,2.828125,2.835937976837158,1.216976523399353,6123200
1987-02-06,2.875,2.875,2.851562976837158,2.859375,1.227033019065857,3632000
1987-02-09,2.867187976837158,2.875,2.851562976837158,2.859375,1.227033019065857,1721600
1987-02-10,2.859375,2.875,2.851562976837158,2.867187976837158,1.2303863763809204,2867200
1987-02-11,2.875,2.898437976837158,2.859375,2.898437976837158,1.2437973022460938,3200000
1987-02-12,2.90625,2.914062976837158,2.859375,2.859375,1.227033019065857,4651200
1987-02-13,2.851562976837158,2.898437976837158,2.851562976837158,2.882812976837158,1.2370916604995728,3896000
1987-02-17,2.890625,2.960937976837158,2.882812976837158,2.890625,1.2404437065124512,8344000
1987-02-18,2.90625,2.953125,2.90625,2.929687976837158,1.2572075128555298,8216000
1987-02-19,2.9375,2.960937976837158,2.929687976837158,2.945312976837158,1.263912320137024,3520000
1987-02-20,2.945312976837158,2.953125,2.921875,2.921875,1.2538535594940186,2601600
1987-02-23,2.914062976837158,2.929687976837158,2.890625,2.921875,1.2538535594940186,2152000
1987-02-24,2.921875,2.976562976837158,2.90625,2.90625,1.2471483945846558,1334400
1987-02-25,2.929687976837158,2.953125,2.914062976837158,2.921875,1.2538535594940186,2281600
1987-02-26,2.9375,2.9375,2.882812976837158,2.890625,1.2404437065124512,1264000
1987-02-27,2.90625,2.914062976837158,2.875,2.890625,1.2404437065124512,1712000
1987-03-02,2.90625,2.914062976837158,2.84375,2.851562976837158,1.223682165145874,2176000
1987-03-03,2.882812976837158,2.882812976837158,2.835937976837158,2.84375,1.2203291654586792,1206400
1987-03-04,2.84375,2.84375,2.78125,2.8125,1.2069177627563477,6163200
1987-03-05,2.820312976837158,2.875,2.820312976837158,2.84375,1.2203291654586792,4923200
1987-03-06,2.84375,2.84375,2.804687976837158,2.820312976837158,1.2102717161178589,4659200
1987-03-09,2.929687976837158,2.9375,2.765625,2.929687976837158,1.2572075128555298,12412800
1987-03-10,2.929687976837158,2.976562976837158,2.890625,2.929687976837158,1.2572075128555298,7462400
1987-03-11,2.945312976837158,2.953125,2.890625,2.898437976837158,1.2437973022460938,3720000
1987-03-12,2.929687976837158,2.929687976837158,2.90625,2.90625,1.2471483945846558,1955200
1987-03-13,2.9375,2.96875,2.914062976837158,2.953125,1.267264485359192,4888000
1987-03-16,2.9375,2.9375,2.90625,2.90625,1.2471483945846558,3860800
1987-03-17,2.890625,2.898437976837158,2.875,2.882812976837158,1.2370916604995728,4363200
1987-03-18,2.882812976837158,2.90625,2.8125,2.851562976837158,1.223682165145874,3680000
1987-03-19,2.859375,2.90625,2.851562976837158,2.898437976837158,1.2437973022460938,2856000
1987-03-20,2.921875,2.953125,2.898437976837158,2.953125,1.267264485359192,4488000
1987-03-23,2.953125,2.96875,2.929687976837158,2.9375,1.2605589628219604,6766400
1987-03-24,2.9375,2.992187976837158,2.929687976837158,2.960937976837158,1.2706162929534912,4531200
1987-03-25,2.96875,2.984375,2.960937976837158,2.976562976837158,1.2773220539093018,2076800
1987-03-26,2.984375,3.054687976837158,2.976562976837158,3.039062976837158,1.304142951965332,6582400
1987-03-27,3.039062976837158,3.039062976837158,2.984375,3.0,1.2873793840408325,4134400
1987-03-30,2.8125,2.9375,2.8125,2.898437976837158,1.2437973022460938,6211200
1987-03-31,2.9375,2.9375,2.882812976837158,2.898437976837158,1.2437973022460938,2268800
1987-04-01,2.867187976837158,2.875,2.84375,2.867187976837158,1.2303863763809204,3569600
1987-04-02,2.898437976837158,2.921875,2.851562976837158,2.867187976837158,1.2303863763809204,3384000
1987-04-03,2.875,2.984375,2.84375,2.984375,1.2806745767593384,5745600
1987-04-06,3.007812976837158,3.007812976837158,2.960937976837158,2.992187976837158,1.284027099609375,2955200
1987-04-07,2.976562976837158,2.984375,2.890625,2.890625,1.2404437065124512,2780800
1987-04-08,2.890625,2.921875,2.859375,2.875,1.2337390184402466,4763200
1987-04-09,2.882812976837158,2.882812976837158,2.851562976837158,2.859375,1.227033019065857,4244800
1987-04-10,2.84375,2.859375,2.835937976837158,2.84375,1.2203291654586792,2760000
1987-04-13,2.84375,2.859375,2.765625,2.773437976837158,1.190155029296875,3723200
1987-04-14,2.75,2.75,2.523437976837158,2.6875,1.153277039527893,9004800
1987-04-15,2.695312976837158,2.742187976837158,2.6875,2.734375,1.17339289188385,3459200
1987-04-16,2.757812976837158,2.796875,2.757812976837158,2.765625,1.1868040561676025,4371200
1987-04-20,2.734375,2.765625,2.726562976837158,2.734375,1.182478904724121,2768000
1987-04-21,2.726562976837158,2.75,2.6875,2.75,1.189236044883728,7153600
1987-04-22,2.726562976837158,2.75,2.695312976837158,2.710937976837158,1.1723434925079346,5208000
1987-04-23,2.726562976837158,2.734375,2.703125,2.710937976837158,1.1723434925079346,2508800
1987-04-24,2.710937976837158,2.726562976837158,2.679687976837158,2.6875,1.1622072458267212,3192000
1987-04-27,2.695312976837158,2.695312976837158,2.625,2.640625,1.1419358253479004,7326400
1987-04-28,2.65625,2.710937976837158,2.648437976837158,2.65625,1.1486934423446655,4172800
1987-04-29,2.679687976837158,2.710937976837158,2.664062976837158,2.679687976837158,1.1588289737701416,4224000
1987-04-30,2.695312976837158,2.742187976837158,2.6875,2.71875,1.1757217645645142,3523200
1987-05-01,2.726562976837158,2.75,2.71875,2.726562976837158,1.1790997982025146,2908800
1987-05-04,2.71875,2.757812976837158,2.71875,2.757812976837158,1.1926140785217285,1963200
1987-05-05,2.742187976837158,2.796875,2.742187976837158,2.78125,1.2027498483657837,1889600
1987-05-06,2.765625,2.773437976837158,2.71875,2.726562976837158,1.1790997982025146,2120000
1987-05-07,2.726562976837158,2.742187976837158,2.664062976837158,2.671875,1.1554502248764038,3744000
1987-05-08,2.65625,2.664062976837158,2.625,2.65625,1.1486934423446655,7316800
1987-05-11,2.6875,2.78125,2.6875,2.695312976837158,1.1655857563018799,4705600
1987-05-12,2.679687976837158,2.710937976837158,2.679687976837158,2.679687976837158,1.1588289737701416,2657600
1987-05-13,2.671875,2.671875,2.609375,2.625,1.1351795196533203,4875200
1987-05-14,2.640625,2.648437976837158,2.601562976837158,2.640625,1.1419358253479004,4798400
1987-05-15,2.617187976837158,2.632812976837158,2.570312976837158,2.570312976837158,1.1115301847457886,3590400
1987-05-18,2.570312976837158,2.578125,2.492187976837158,2.53125,1.0946378707885742,4115200
1987-05-19,2.53125,2.53125,2.46875,2.46875,1.0676089525222778,3976000
1987-05-20,2.484375,2.492187976837158,2.375,2.476562976837158,1.0709879398345947,10944000
1987-05-21,2.5,2.695312976837158,2.5,2.632812976837158,1.1385576725006104,5259200
1987-05-22,2.6875,2.734375,2.65625,2.703125,1.1689646244049072,4116800
1987-05-26,2.742187976837158,2.78125,2.726562976837158,2.75,1.189236044883728,4542400
1987-05-27,2.765625,2.765625,2.710937976837158,2.710937976837158,1.1723434925079346,3652800
1987-05-28,2.710937976837158,2.757812976837158,2.703125,2.75,1.189236044883728,1470400
1987-05-29,2.765625,2.8125,2.757812976837158,2.789062976837158,1.2061281204223633,5931200
1987-06-01,2.8125,2.828125,2.789062976837158,2.804687976837158,1.212885856628418,2584000
1987-06-02,2.804687976837158,2.804687976837158,2.78125,2.78125,1.2027498483657837,1844800
1987-06-03,2.796875,2.820312976837158,2.789062976837158,2.8125,1.2162647247314453,1942400
1987-06-04,2.796875,2.835937976837158,2.796875,2.8125,1.2162647247314453,2419200
1987-06-05,2.796875,2.8125,2.796875,2.804687976837158,1.212885856628418,2585600
1987-06-08,2.804687976837158,2.835937976837158,2.789062976837158,2.820312976837158,1.2196425199508667,1028800
1987-06-09,2.8125,2.828125,2.796875,2.8125,1.2162647247314453,2320000
1987-06-10,2.828125,2.882812976837158,2.828125,2.867187976837158,1.2399131059646606,8344000
1987-06-11,2.859375,2.898437976837158,2.851562976837158,2.851562976837158,1.2331568002700806,3497600
1987-06-12,2.882812976837158,2.882812976837158,2.851562976837158,2.867187976837158,1.2399131059646606,4169600
1987-06-15,2.875,2.929687976837158,2.867187976837158,2.921875,1.2635622024536133,5768000
1987-06-16,2.921875,2.929687976837158,2.90625,2.914062976837158,1.260184407234192,1856000
1987-06-17,2.914062976837158,2.945312976837158,2.90625,2.90625,1.2568058967590332,2358400
1987-06-18,2.945312976837158,3.039062976837158,2.9375,3.007812976837158,1.3007268905639648,17760000
1987-06-19,3.023437976837158,3.148437976837158,3.007812976837158,3.148437976837158,1.3615401983261108,14912000
1987-06-22,3.179687976837158,3.226562976837158,3.125,3.140625,1.3581615686416626,8052800
1987-06-23,3.117187976837158,3.15625,3.046875,3.054687976837158,1.3209978342056274,5691200
1987-06-24,3.085937976837158,3.09375,3.015625,3.03125,1.3108618259429932,4859200
1987-06-25,3.054687976837158,3.101562976837158,3.054687976837158,3.070312976837158,1.3277543783187866,4052800
1987-06-26,3.039062976837158,3.0625,3.007812976837158,3.023437976837158,1.3074839115142822,2833600
1987-06-29,3.039062976837158,3.039062976837158,3.007812976837158,3.007812976837158,1.3007268905639648,1630400
1987-06-30,3.007812976837158,3.015625,2.921875,2.9375,1.2703194618225098,2662400
1987-07-01,2.960937976837158,3.023437976837158,2.9375,3.0,1.2973483800888062,3092800
1987-07-02,3.023437976837158,3.0625,3.023437976837158,3.046875,1.3176193237304688,3478400
1987-07-06,3.054687976837158,3.054687976837158,2.96875,2.984375,1.290590763092041,1862400
1987-07-07,2.96875,3.078125,2.96875,3.054687976837158,1.3209978342056274,3193600
1987-07-08,3.0625,3.210937976837158,3.054687976837158,3.117187976837158,1.3480254411697388,8942400
1987-07-09,3.148437976837158,3.179687976837158,3.125,3.140625,1.3581615686416626,5008000
1987-07-10,3.164062976837158,3.164062976837158,3.09375,3.125,1.351404070854187,2668800
1987-07-13,3.109375,3.109375,3.023437976837158,3.085937976837158,1.3345123529434204,3723200
1987-07-14,3.078125,3.179687976837158,3.0625,3.164062976837158,1.3682966232299805,3500800
1987-07-15,3.140625,3.203125,3.125,3.140625,1.3581615686416626,5926400
1987-07-16,3.140625,3.140625,3.0625,3.125,1.351404070854187,1870400
1987-07-17,3.148437976837158,3.195312976837158,3.132812976837158,3.15625,1.3649181127548218,4000000
1987-07-20,3.085937976837158,3.125,3.078125,3.085937976837158,1.3435581922531128,11592000
1987-07-21,3.085937976837158,3.101562976837158,2.976562976837158,2.992187976837158,1.3027406930923462,3270400
1987-07-22,3.015625,3.046875,3.0,3.015625,1.3129452466964722,1739200
1987-07-23,3.007812976837158,3.046875,2.96875,3.015625,1.3129452466964722,2331200
1987-07-24,3.03125,3.0625,3.03125,3.0625,1.3333535194396973,2179200
1987-07-27,3.0625,3.164062976837158,3.0625,3.148437976837158,1.3707691431045532,3012800
1987-07-28,3.148437976837158,3.15625,3.125,3.125,1.3605643510818481,1438400
1987-07-29,3.164062976837158,3.265625,3.125,3.25,1.4149874448776245,6948800
1987-07-30,3.242187976837158,3.265625,3.164062976837158,3.1875,1.3877756595611572,4412800
1987-07-31,3.1875,3.195312976837158,3.109375,3.164062976837158,1.3775715827941895,2004800
1987-08-03,3.125,3.140625,3.09375,3.109375,1.3537617921829224,2760000
1987-08-04,3.101562976837158,3.117187976837158,3.03125,3.054687976837158,1.3299518823623657,2302400
1987-08-05,3.070312976837158,3.140625,3.070312976837158,3.117187976837158,1.3571628332138062,2942400
1987-08-06,3.140625,3.234375,3.140625,3.21875,1.4013808965682983,9835200
1987-08-07,3.203125,3.210937976837158,3.15625,3.164062976837158,1.3775715827941895,2908800
1987-08-10,3.179687976837158,3.242187976837158,3.164062976837158,3.242187976837158,1.4115855693817139,4038400
1987-08-11,3.25,3.289062976837158,3.210937976837158,3.242187976837158,1.4115855693817139,6120000
1987-08-12,3.210937976837158,3.25,3.1875,3.210937976837158,1.3979806900024414,2625600
1987-08-13,3.195312976837158,3.242187976837158,3.195312976837158,3.226562976837158,1.4047834873199463,2894400
1987-08-14,3.234375,3.242187976837158,3.203125,3.21875,1.4013808965682983,2766400
1987-08-17,3.210937976837158,3.25,3.171875,3.226562976837158,1.4047834873199463,5702400
1987-08-18,3.234375,3.234375,3.132812976837158,3.171875,1.3809733390808105,2392000
1987-08-19,3.171875,3.203125,3.164062976837158,3.195312976837158,1.391177773475647,2323200
1987-08-20,3.21875,3.242187976837158,3.203125,3.226562976837158,1.4047834873199463,6624000
1987-08-21,3.210937976837158,3.242187976837158,3.210937976837158,3.226562976837158,1.4047834873199463,2420800
1987-08-24,3.203125,3.203125,3.171875,3.171875,1.3809733390808105,1948800
1987-08-25,3.179687976837158,3.203125,3.148437976837158,3.148437976837158,1.3707691431045532,6348800
1987-08-26,3.164062976837158,3.171875,3.132812976837158,3.140625,1.3673675060272217,2265600
1987-08-27,3.09375,3.140625,3.085937976837158,3.085937976837158,1.3435581922531128,2323200
1987-08-28,3.054687976837158,3.117187976837158,3.054687976837158,3.109375,1.3537617921829224,3867200
1987-08-31,3.078125,3.117187976837158,3.078125,3.117187976837158,1.3571628332138062,2412800
1987-09-01,3.117187976837158,3.125,3.007812976837158,3.039062976837158,1.3231487274169922,3752000
1987-09-02,3.039062976837158,3.054687976837158,2.921875,2.960937976837158,1.2891343832015991,5697600
1987-09-03,2.976562976837158,3.03125,2.96875,3.03125,1.3197475671768188,5603200
1987-09-04,3.03125,3.039062976837158,2.96875,2.992187976837158,1.3027406930923462,2752000
1987-09-08,2.992187976837158,3.0,2.9375,2.945312976837158,1.2823318243026733,2428800
1987-09-09,2.945312976837158,2.945312976837158,2.914062976837158,2.914062976837158,1.2687262296676636,4659200
1987-09-10,2.96875,2.984375,2.921875,2.960937976837158,1.2891343832015991,5579200
1987-09-11,2.960937976837158,3.078125,2.960937976837158,3.046875,1.3265504837036133,7024000
1987-09-14,3.085937976837158,3.101562976837158,3.03125,3.046875,1.3265504837036133,3596800
1987-09-15,3.0625,3.0625,3.0,3.007812976837158,1.3095436096191406,2073600
1987-09-16,3.015625,3.0625,3.007812976837158,3.007812976837158,1.3095436096191406,1745600
1987-09-17,3.023437976837158,3.03125,2.984375,3.0,1.3061424493789673,984000
1987-09-18,3.015625,3.023437976837158,3.0,3.007812976837158,1.3095436096191406,1872000
1987-09-21,3.023437976837158,3.054687976837158,2.90625,2.929687976837158,1.2755297422409058,2740800
1987-09-22,2.929687976837158,2.992187976837158,2.914062976837158,2.960937976837158,1.2891343832015991,3422400
1987-09-23,2.992187976837158,3.015625,2.992187976837158,3.0,1.3061424493789673,3060800
1987-09-24,2.992187976837158,3.132812976837158,2.992187976837158,3.132812976837158,1.363966703414917,4697600
1987-09-25,3.101562976837158,3.132812976837158,3.078125,3.085937976837158,1.3435581922531128,1721600
1987-09-28,3.117187976837158,3.117187976837158,3.0625,3.085937976837158,1.3435581922531128,5067200
1987-09-29,3.070312976837158,3.210937976837158,3.070312976837158,3.203125,1.3945788145065308,8068800
1987-09-30,3.15625,3.203125,3.140625,3.203125,1.3945788145065308,5713600
1987-10-01,3.203125,3.210937976837158,3.15625,3.171875,1.3809733390808105,3068800
1987-10-02,3.1875,3.195312976837158,3.148437976837158,3.179687976837158,1.3843739032745361,2217600
1987-10-05,3.171875,3.234375,3.148437976837158,3.203125,1.3945788145065308,3094400
1987-10-06,3.15625,3.164062976837158,3.054687976837158,3.054687976837158,1.3299518823623657,2860800
1987-10-07,3.0625,3.0625,2.960937976837158,3.023437976837158,1.316346526145935,4694400
1987-10-08,3.007812976837158,3.023437976837158,2.96875,3.015625,1.3129452466964722,3638400
1987-10-09,3.015625,3.023437976837158,2.960937976837158,2.992187976837158,1.3027406930923462,1683200
1987-10-12,2.976562976837158,2.976562976837158,2.914062976837158,2.953125,1.2857329845428467,1875200
1987-10-13,2.976562976837158,2.976562976837158,2.929687976837158,2.960937976837158,1.2891343832015991,3347200
1987-10-14,2.9375,2.992187976837158,2.84375,2.96875,1.2925360202789307,13974400
1987-10-15,2.90625,2.960937976837158,2.90625,2.9375,1.2789300680160522,7616000
1987-10-16,2.929687976837158,2.945312976837158,2.75,2.75,1.1972969770431519,10590400
1987-10-19,2.625,2.679687976837158,2.21875,2.21875,0.9660005569458008,18078400
1987-10-20,2.195312976837158,2.359375,1.75,2.25,0.9899241328239441,10632000
1987-10-21,2.4375,2.65625,2.4375,2.59375,1.141162633895874,11481600
1987-10-22,2.34375,2.5625,2.34375,2.53125,1.1136646270751953,6384000
1987-10-23,2.375,2.648437976837158,2.375,2.625,1.1549113988876343,6120000
1987-10-26,2.53125,2.546875,2.484375,2.5,1.0999153852462769,4291200
1987-10-27,2.625,2.671875,2.539062976837158,2.539062976837158,1.1171014308929443,3110400
1987-10-28,2.40625,2.640625,2.390625,2.625,1.1549113988876343,5742400
1987-10-29,2.601562976837158,2.742187976837158,2.601562976837158,2.65625,1.1686604022979736,6632000
1987-10-30,2.703125,2.726562976837158,2.5625,2.585937976837158,1.1377253532409668,6960000
1987-11-02,2.625,2.625,2.585937976837158,2.625,1.1549113988876343,3400000
1987-11-03,2.617187976837158,2.617187976837158,2.539062976837158,2.585937976837158,1.1377253532409668,3868800
1987-11-04,2.554687976837158,2.585937976837158,2.539062976837158,2.585937976837158,1.1377253532409668,2918400
1987-11-05,2.546875,2.703125,2.546875,2.65625,1.1686604022979736,4116800
1987-11-06,2.640625,2.679687976837158,2.5625,2.578125,1.1342874765396118,1532800
1987-11-09,2.578125,2.578125,2.484375,2.484375,1.0930413007736206,2513600
1987-11-10,2.445312976837158,2.476562976837158,2.414062976837158,2.414062976837158,1.062105417251587,7396800
1987-11-11,2.429687976837158,2.460937976837158,2.421875,2.421875,1.0655431747436523,2467200
1987-11-12,2.484375,2.507812976837158,2.460937976837158,2.492187976837158,1.0964781045913696,1982400
1987-11-13,2.476562976837158,2.492187976837158,2.453125,2.460937976837158,1.0827288627624512,1988800
1987-11-16,2.492187976837158,2.492187976837158,2.414062976837158,2.414062976837158,1.062105417251587,2144000
1987-11-17,2.421875,2.421875,2.351562976837158,2.398437976837158,1.0552319288253784,2875200
1987-11-18,2.414062976837158,2.507812976837158,2.382812976837158,2.5,1.0999153852462769,3768000
1987-11-19,2.507812976837158,2.507812976837158,2.414062976837158,2.414062976837158,1.062105417251587,1896000
1987-11-20,2.382812976837158,2.453125,2.382812976837158,2.445312976837158,1.0758551359176636,2524800
1987-11-23,2.429687976837158,2.460937976837158,2.421875,2.453125,1.0792924165725708,1046400
1987-11-24,2.460937976837158,2.5,2.453125,2.46875,1.0861663818359375,2012800
1987-11-25,2.453125,2.476562976837158,2.445312976837158,2.46875,1.0861663818359375,2260800
1987-11-27,2.484375,2.484375,2.429687976837158,2.429687976837158,1.0689809322357178,980800
1987-11-30,2.398437976837158,2.398437976837158,2.257812976837158,2.34375,1.0311706066131592,6140800
1987-12-01,2.328125,2.375,2.3125,2.3125,1.0174219608306885,1153600
1987-12-02,2.328125,2.351562976837158,2.296875,2.320312976837158,1.0208587646484375,1310400
1987-12-03,2.335937976837158,2.34375,2.234375,2.234375,0.9830498695373535,2196800
1987-12-04,2.226562976837158,2.257812976837158,2.148437976837158,2.179687976837158,0.9589886665344238,2288000
1987-12-07,2.171875,2.226562976837158,2.171875,2.21875,0.9761745929718018,2966400
1987-12-08,2.25,2.25,2.203125,2.242187976837158,0.9864872097969055,3635200
1987-12-09,2.226562976837158,2.375,2.226562976837158,2.351562976837158,1.0346087217330933,5899200
1987-12-10,2.3125,2.40625,2.289062976837158,2.367187976837158,1.0414822101593018,3825600
1987-12-11,2.375,2.375,2.25,2.3125,1.0174219608306885,4744000
1987-12-14,2.304687976837158,2.328125,2.28125,2.328125,1.0242959260940552,4779200
1987-12-15,2.328125,2.34375,2.28125,2.296875,1.0105472803115845,3014400
1987-12-16,2.304687976837158,2.359375,2.28125,2.359375,1.0380456447601318,4049600
1987-12-17,2.367187976837158,2.445312976837158,2.359375,2.390625,1.051794171333313,3665600
1987-12-18,2.429687976837158,2.445312976837158,2.390625,2.4375,1.0724178552627563,3889600
1987-12-21,2.445312976837158,2.460937976837158,2.421875,2.445312976837158,1.0758551359176636,2414400
1987-12-22,2.46875,2.46875,2.367187976837158,2.453125,1.0792924165725708,2428800
1987-12-23,2.46875,2.476562976837158,2.398437976837158,2.40625,1.058668613433838,1556800
1987-12-24,2.414062976837158,2.453125,2.40625,2.4375,1.0724178552627563,614400
1987-12-28,2.4375,2.4375,2.34375,2.390625,1.051794171333313,2259200
1987-12-29,2.382812976837158,2.398437976837158,2.34375,2.359375,1.0380456447601318,1641600
1987-12-30,2.351562976837158,2.4375,2.351562976837158,2.429687976837158,1.0689809322357178,1644800
1987-12-31,2.414062976837158,2.484375,2.390625,2.453125,1.0792924165725708,1940800
1988-01-04,2.453125,2.5625,2.445312976837158,2.539062976837158,1.1171014308929443,2758400
1988-01-05,2.609375,2.625,2.585937976837158,2.617187976837158,1.151473879814148,3632000
1988-01-06,2.601562976837158,2.6875,2.570312976837158,2.671875,1.1755343675613403,3102400
1988-01-07,2.640625,2.679687976837158,2.59375,2.679687976837158,1.178971767425537,1225600
1988-01-08,2.640625,2.648437976837158,2.40625,2.414062976837158,1.062105417251587,2678400
1988-01-11,2.445312976837158,2.554687976837158,2.421875,2.554687976837158,1.1239763498306274,3646400
1988-01-12,2.539062976837158,2.554687976837158,2.515625,2.53125,1.1136646270751953,2768000
1988-01-13,2.53125,2.625,2.484375,2.59375,1.141162633895874,2296000
1988-01-14,2.578125,2.632812976837158,2.570312976837158,2.617187976837158,1.151473879814148,3185600
1988-01-15,2.65625,2.664062976837158,2.625,2.65625,1.1686604022979736,3467200
1988-01-18,2.648437976837158,2.648437976837158,2.609375,2.640625,1.1617851257324219,1840000
1988-01-19,2.617187976837158,2.648437976837158,2.609375,2.609375,1.158179521560669,1982400
1988-01-20,2.601562976837158,2.625,2.554687976837158,2.578125,1.14430832862854,2246400
1988-01-21,2.5625,2.5625,2.523437976837158,2.539062976837158,1.1269710063934326,878400
1988-01-22,2.554687976837158,2.570312976837158,2.507812976837158,2.515625,1.1165683269500732,1163200
1988-01-25,2.515625,2.578125,2.5,2.5625,1.1373735666275024,4988800
1988-01-26,2.578125,2.609375,2.53125,2.554687976837158,1.133906602859497,1984000
1988-01-27,2.53125,2.640625,2.53125,2.632812976837158,1.1685826778411865,4688000
1988-01-28,2.640625,2.710937976837158,2.625,2.710937976837158,1.203258991241455,1718400
1988-01-29,2.710937976837158,2.726562976837158,2.65625,2.679687976837158,1.1893879175186157,1659200
1988-02-01,2.6875,2.6875,2.601562976837158,2.617187976837158,1.1616469621658325,1961600
1988-02-02,2.625,2.625,2.578125,2.585937976837158,1.1477774381637573,1315200
1988-02-03,2.585937976837158,2.59375,2.53125,2.546875,1.1304384469985962,3003200
1988-02-04,2.539062976837158,2.5625,2.515625,2.546875,1.1304384469985962,3105600
1988-02-05,2.5625,2.59375,2.539062976837158,2.554687976837158,1.133906602859497,2065600
1988-02-08,2.53125,2.539062976837158,2.484375,2.484375,1.1026978492736816,1019200
1988-02-09,2.492187976837158,2.5625,2.492187976837158,2.5625,1.1373735666275024,4536000
1988-02-10,2.5625,2.671875,2.539062976837158,2.664062976837158,1.1824524402618408,2912000
1988-02-11,2.679687976837158,2.679687976837158,2.609375,2.640625,1.1720504760742188,2609600
1988-02-12,2.75,2.78125,2.726562976837158,2.773437976837158,1.2309985160827637,4505600
1988-02-16,2.75,2.75,2.726562976837158,2.742187976837158,1.217128872871399,2688000
1988-02-17,2.742187976837158,2.765625,2.695312976837158,2.71875,1.2067255973815918,2328000
1988-02-18,2.703125,2.710937976837158,2.6875,2.710937976837158,1.203258991241455,980800
1988-02-19,2.695312976837158,2.742187976837158,2.695312976837158,2.726562976837158,1.2101936340332031,2249600
1988-02-22,2.726562976837158,2.742187976837158,2.710937976837158,2.734375,1.213661551475525,2996800
1988-02-23,2.71875,2.734375,2.6875,2.734375,1.213661551475525,1486400
1988-02-24,2.742187976837158,2.742187976837158,2.695312976837158,2.71875,1.2067255973815918,3006400
1988-02-25,2.71875,2.789062976837158,2.695312976837158,2.734375,1.213661551475525,3414400
1988-02-26,2.726562976837158,2.734375,2.6875,2.710937976837158,1.203258991241455,745600
1988-02-29,2.71875,2.765625,2.710937976837158,2.765625,1.2275310754776,1633600
1988-03-01,2.765625,2.773437976837158,2.695312976837158,2.71875,1.2067255973815918,2811200
1988-03-02,2.726562976837158,2.742187976837158,2.664062976837158,2.71875,1.2067255973815918,1244800
1988-03-03,2.710937976837158,2.75,2.710937976837158,2.734375,1.213661551475525,1934400
1988-03-04,2.703125,2.835937976837158,2.703125,2.8125,1.2483371496200562,4678400
1988-03-07,2.8125,2.828125,2.773437976837158,2.796875,1.2414026260375977,1782400
1988-03-08,2.796875,2.828125,2.796875,2.8125,1.2483371496200562,1204800
1988-03-09,2.804687976837158,2.828125,2.757812976837158,2.78125,1.2344672679901123,1476800
1988-03-10,2.765625,2.765625,2.6875,2.695312976837158,1.1963231563568115,3329600
1988-03-11,2.703125,2.726562976837158,2.65625,2.726562976837158,1.2101936340332031,2126400
1988-03-14,2.742187976837158,2.75,2.695312976837158,2.75,1.220596432685852,2011200
1988-03-15,2.734375,2.757812976837158,2.71875,2.734375,1.213661551475525,1265600
1988-03-16,2.71875,2.78125,2.710937976837158,2.765625,1.2275310754776,1193600
1988-03-17,2.765625,2.78125,2.734375,2.765625,1.2275310754776,1214400
1988-03-18,2.78125,2.789062976837158,2.75,2.789062976837158,1.2379343509674072,3435200
1988-03-21,2.78125,2.78125,2.71875,2.71875,1.2067255973815918,1281600
1988-03-22,2.726562976837158,2.734375,2.703125,2.726562976837158,1.2101936340332031,1043200
1988-03-23,2.710937976837158,2.773437976837158,2.710937976837158,2.773437976837158,1.2309985160827637,4635200
1988-03-24,2.734375,2.734375,2.695312976837158,2.71875,1.2067255973815918,1632000
1988-03-25,2.796875,2.804687976837158,2.71875,2.75,1.220596432685852,4777600
1988-03-28,2.71875,2.71875,2.695312976837158,2.710937976837158,1.203258991241455,1936000
1988-03-29,2.710937976837158,2.71875,2.695312976837158,2.710937976837158,1.203258991241455,2700800
1988-03-30,2.710937976837158,2.71875,2.65625,2.671875,1.185920238494873,1592000
1988-03-31,2.671875,2.679687976837158,2.609375,2.679687976837158,1.1893879175186157,2440000
1988-04-04,2.664062976837158,2.671875,2.585937976837158,2.601562976837158,1.154712200164795,1097600
1988-04-05,2.59375,2.640625,2.5625,2.5625,1.1373735666275024,2713600
1988-04-06,2.585937976837158,2.679687976837158,2.585937976837158,2.679687976837158,1.1893879175186157,1726400
1988-04-07,2.679687976837158,2.6875,2.664062976837158,2.6875,1.1928550004959106,688000
1988-04-08,2.679687976837158,2.710937976837158,2.679687976837158,2.703125,1.1997900009155273,1491200
1988-04-11,2.695312976837158,2.703125,2.65625,2.695312976837158,1.1963231563568115,3124800
1988-04-12,2.695312976837158,2.695312976837158,2.648437976837158,2.6875,1.1928550004959106,852800
1988-04-13,2.671875,2.695312976837158,2.625,2.695312976837158,1.1963231563568115,2974400
1988-04-14,2.65625,2.664062976837158,2.539062976837158,2.539062976837158,1.1269710063934326,2406400
1988-04-15,2.554687976837158,2.5625,2.515625,2.539062976837158,1.1269710063934326,2027200
1988-04-18,2.539062976837158,2.554687976837158,2.492187976837158,2.507812976837158,1.1131006479263306,3881600
1988-04-19,2.484375,2.523437976837158,2.484375,2.484375,1.1129610538482666,2616000
1988-04-20,2.5,2.53125,2.5,2.507812976837158,1.1234599351882935,2000000
1988-04-21,2.523437976837158,2.53125,2.484375,2.492187976837158,1.1164610385894775,3227200
1988-04-22,2.507812976837158,2.53125,2.492187976837158,2.5,1.1199601888656616,2305600
1988-04-25,2.53125,2.539062976837158,2.507812976837158,2.515625,1.126960039138794,2252800
1988-04-26,2.515625,2.546875,2.5,2.523437976837158,1.1304600238800049,1838400
1988-04-27,2.515625,2.570312976837158,2.515625,2.546875,1.1409597396850586,2907200
1988-04-28,2.554687976837158,2.710937976837158,2.53125,2.710937976837158,1.2144575119018555,14900800
1988-04-29,2.75,2.765625,2.703125,2.75,1.2319567203521729,14908800
1988-05-02,2.757812976837158,2.765625,2.703125,2.726562976837158,1.2214562892913818,2737600
1988-05-03,2.726562976837158,2.742187976837158,2.726562976837158,2.726562976837158,1.2214562892913818,1993600
1988-05-04,2.695312976837158,2.703125,2.664062976837158,2.664062976837158,1.193457841873169,3896000
1988-05-05,2.648437976837158,2.664062976837158,2.632812976837158,2.640625,1.182958722114563,1699200
1988-05-06,2.640625,2.671875,2.578125,2.59375,1.1619588136672974,1822400
1988-05-09,2.5625,2.585937976837158,2.5625,2.570312976837158,1.1514592170715332,2214400
1988-05-10,2.578125,2.640625,2.578125,2.640625,1.182958722114563,3342400
1988-05-11,2.609375,2.617187976837158,2.585937976837158,2.609375,1.1689586639404297,2112000
1988-05-12,2.601562976837158,2.609375,2.585937976837158,2.609375,1.1689586639404297,1065600
1988-05-13,2.617187976837158,2.65625,2.617187976837158,2.632812976837158,1.1794588565826416,3476800
1988-05-16,2.648437976837158,2.648437976837158,2.609375,2.632812976837158,1.1794588565826416,2360000
1988-05-17,2.65625,2.664062976837158,2.617187976837158,2.617187976837158,1.1724587678909302,2835200
1988-05-18,2.632812976837158,2.632812976837158,2.539062976837158,2.5625,1.1479591131210327,3987200
1988-05-19,2.5625,2.578125,2.53125,2.5625,1.1479591131210327,2849600
1988-05-20,2.578125,2.601562976837158,2.570312976837158,2.601562976837158,1.1654589176177979,2416000
1988-05-23,2.617187976837158,2.617187976837158,2.570312976837158,2.585937976837158,1.1584596633911133,2856000
1988-05-24,2.5625,2.609375,2.5625,2.609375,1.1689586639404297,3104000
1988-05-25,2.625,2.65625,2.601562976837158,2.640625,1.182958722114563,3593600
1988-05-26,2.640625,2.648437976837158,2.625,2.632812976837158,1.1794588565826416,1292800
1988-05-27,2.625,2.640625,2.617187976837158,2.625,1.175958514213562,2320000
1988-05-31,2.625,2.742187976837158,2.625,2.734375,1.224956750869751,4036800
1988-06-01,2.742187976837158,2.8125,2.71875,2.804687976837158,1.256455421447754,4168000
1988-06-02,2.773437976837158,2.8125,2.75,2.773437976837158,1.2424557209014893,2518400
1988-06-03,2.78125,2.859375,2.773437976837158,2.8125,1.259954810142517,4030400
1988-06-06,2.8125,2.820312976837158,2.789062976837158,2.789062976837158,1.2494560480117798,1915200
1988-06-07,2.789062976837158,2.796875,2.75,2.789062976837158,1.2494560480117798,2425600
1988-06-08,2.773437976837158,2.828125,2.742187976837158,2.8125,1.259954810142517,6372800
1988-06-09,2.804687976837158,2.8125,2.773437976837158,2.789062976837158,1.2494560480117798,1464000
1988-06-10,2.78125,2.8125,2.78125,2.796875,1.2529561519622803,833600
1988-06-13,2.78125,2.78125,2.742187976837158,2.765625,1.2389559745788574,2260800
1988-06-14,2.765625,2.804687976837158,2.757812976837158,2.773437976837158,1.2424557209014893,1939200
1988-06-15,2.78125,2.78125,2.726562976837158,2.75,1.2319567203521729,3209600
1988-06-16,2.71875,2.726562976837158,2.679687976837158,2.695312976837158,1.207457184791565,2739200
1988-06-17,2.6875,2.742187976837158,2.679687976837158,2.742187976837158,1.2284563779830933,3897600
1988-06-20,2.710937976837158,2.71875,2.695312976837158,2.703125,1.2109569311141968,1315200
1988-06-21,2.695312976837158,2.726562976837158,2.6875,2.726562976837158,1.2214562892913818,1534400
1988-06-22,2.742187976837158,2.757812976837158,2.734375,2.742187976837158,1.2284563779830933,3611200
1988-06-23,2.742187976837158,2.75,2.71875,2.726562976837158,1.2214562892913818,4878400
1988-06-24,2.71875,2.734375,2.710937976837158,2.710937976837158,1.2144575119018555,1091200
1988-06-27,2.703125,2.734375,2.703125,2.703125,1.2109569311141968,2030400
1988-06-28,2.710937976837158,2.734375,2.695312976837158,2.734375,1.224956750869751,1377600
1988-06-29,2.71875,2.726562976837158,2.695312976837158,2.71875,1.2179566621780396,2758400
1988-06-30,2.703125,2.734375,2.703125,2.734375,1.224956750869751,1985600
1988-07-01,2.734375,2.742187976837158,2.703125,2.710937976837158,1.2144575119018555,2332800
1988-07-05,2.695312976837158,2.742187976837158,2.695312976837158,2.742187976837158,1.2284563779830933,2300800
1988-07-06,2.742187976837158,2.773437976837158,2.71875,2.726562976837158,1.2214562892913818,2820800
1988-07-07,2.710937976837158,2.726562976837158,2.664062976837158,2.6875,1.203957200050354,1811200
1988-07-08,2.6875,2.726562976837158,2.6875,2.703125,1.2109569311141968,1929600
1988-07-11,2.703125,2.734375,2.703125,2.703125,1.2109569311141968,1593600
1988-07-12,2.703125,2.71875,2.679687976837158,2.679687976837158,1.2004576921463013,940800
1988-07-13,2.671875,2.679687976837158,2.601562976837158,2.640625,1.182958722114563,2233600
1988-07-14,2.65625,2.671875,2.625,2.65625,1.189958095550537,2196800
1988-07-15,2.640625,2.664062976837158,2.640625,2.65625,1.189958095550537,1572800
1988-07-18,2.640625,2.640625,2.601562976837158,2.617187976837158,1.1724587678909302,9806400
1988-07-19,2.59375,2.609375,2.554687976837158,2.578125,1.1652538776397705,2412800
1988-07-20,2.578125,2.609375,2.5625,2.609375,1.1793794631958008,2816000
1988-07-21,2.59375,2.71875,2.59375,2.648437976837158,1.1970349550247192,3739200
1988-07-22,2.617187976837158,2.648437976837158,2.578125,2.617187976837158,1.1829110383987427,2307200
1988-07-25,2.609375,2.640625,2.609375,2.632812976837158,1.189972996711731,993600
1988-07-26,2.632812976837158,2.632812976837158,2.601562976837158,2.625,1.1864413022994995,2504000
1988-07-27,2.609375,2.65625,2.601562976837158,2.601562976837158,1.175848364830017,2396800
1988-07-28,2.585937976837158,2.6875,2.585937976837158,2.6875,1.2146899700164795,3611200
1988-07-29,2.703125,2.75,2.65625,2.742187976837158,1.2394077777862549,4273600
1988-08-01,2.742187976837158,2.742187976837158,2.6875,2.734375,1.2358770370483398,1028800
1988-08-02,2.726562976837158,2.742187976837158,2.671875,2.671875,1.2076276540756226,1948800
1988-08-03,2.671875,2.710937976837158,2.664062976837158,2.703125,1.2217519283294678,2545600
1988-08-04,2.726562976837158,2.734375,2.703125,2.710937976837158,1.225284218788147,2398400
1988-08-05,2.695312976837158,2.726562976837158,2.6875,2.710937976837158,1.225284218788147,705600
1988-08-08,2.695312976837158,2.710937976837158,2.6875,2.6875,1.2146899700164795,1846400
1988-08-09,2.695312976837158,2.695312976837158,2.648437976837158,2.671875,1.2076276540756226,1758400
1988-08-10,2.679687976837158,2.679687976837158,2.632812976837158,2.640625,1.1935043334960938,1716800
1988-08-11,2.625,2.625,2.585937976837158,2.617187976837158,1.1829110383987427,1376000
1988-08-12,2.625,2.664062976837158,2.617187976837158,2.640625,1.1935043334960938,1067200
1988-08-15,2.625,2.632812976837158,2.609375,2.617187976837158,1.1829110383987427,724800
1988-08-16,2.601562976837158,2.710937976837158,2.59375,2.664062976837158,1.204097032546997,2369600
1988-08-17,2.664062976837158,2.6875,2.632812976837158,2.6875,1.2146899700164795,1796800
1988-08-18,2.6875,2.71875,2.671875,2.695312976837158,1.2182214260101318,3929600
1988-08-19,2.695312976837158,2.695312976837158,2.640625,2.640625,1.1935043334960938,2873600
1988-08-22,2.640625,2.640625,2.570312976837158,2.578125,1.1652538776397705,2030400
1988-08-23,2.578125,2.617187976837158,2.5625,2.59375,1.1723171472549438,3544000
1988-08-24,2.59375,2.632812976837158,2.59375,2.609375,1.1793794631958008,2604800
1988-08-25,2.601562976837158,2.609375,2.585937976837158,2.601562976837158,1.175848364830017,2126400
1988-08-26,2.601562976837158,2.640625,2.601562976837158,2.617187976837158,1.1829110383987427,2305600
1988-08-29,2.625,2.6875,2.625,2.679687976837158,1.2111592292785645,2822400
1988-08-30,2.679687976837158,2.695312976837158,2.664062976837158,2.679687976837158,1.2111592292785645,1814400
1988-08-31,2.6875,2.6875,2.65625,2.65625,1.200566291809082,1702400
1988-09-01,2.640625,2.640625,2.609375,2.617187976837158,1.1829110383987427,1841600
1988-09-02,2.648437976837158,2.671875,2.632812976837158,2.671875,1.2076276540756226,1459200
1988-09-06,2.671875,2.75,2.671875,2.734375,1.2358770370483398,2868800
1988-09-07,2.765625,2.796875,2.757812976837158,2.773437976837158,1.253531575202942,2028800
1988-09-08,2.765625,2.773437976837158,2.734375,2.765625,1.2500009536743164,1283200
1988-09-09,2.75,2.75,2.710937976837158,2.71875,1.2288142442703247,1944000
1988-09-12,2.75,2.8125,2.726562976837158,2.796875,1.2641257047653198,9520000
1988-09-13,2.78125,2.890625,2.773437976837158,2.820312976837158,1.2747182846069336,13097600
1988-09-14,2.875,2.890625,2.828125,2.835937976837158,1.2817810773849487,8451200
1988-09-15,2.851562976837158,2.851562976837158,2.796875,2.796875,1.2641257047653198,3128000
1988-09-16,2.75,2.765625,2.734375,2.757812976837158,1.2464696168899536,4822400
1988-09-19,2.726562976837158,2.726562976837158,2.679687976837158,2.679687976837158,1.2111592292785645,2692800
1988-09-20,2.703125,2.710937976837158,2.6875,2.703125,1.2217519283294678,2899200
1988-09-21,2.710937976837158,2.757812976837158,2.710937976837158,2.75,1.2429392337799072,2400000
1988-09-22,2.765625,2.789062976837158,2.703125,2.71875,1.2288142442703247,2724800
1988-09-23,2.726562976837158,2.765625,2.71875,2.75,1.2429392337799072,1814400
1988-09-26,2.75,2.757812976837158,2.742187976837158,2.75,1.2429392337799072,822400
1988-09-27,2.734375,2.765625,2.734375,2.757812976837158,1.2464696168899536,1308800
1988-09-28,2.742187976837158,2.765625,2.742187976837158,2.75,1.2429392337799072,945600
1988-09-29,2.765625,2.8125,2.757812976837158,2.8125,1.2711870670318604,5401600
1988-09-30,2.796875,2.835937976837158,2.789062976837158,2.804687976837158,1.2676564455032349,2712000
1988-10-03,2.789062976837158,2.789062976837158,2.757812976837158,2.78125,1.2570632696151733,2870400
1988-10-04,2.796875,2.835937976837158,2.796875,2.835937976837158,1.2817810773849487,4076800
1988-10-05,2.820312976837158,2.929687976837158,2.820312976837158,2.921875,1.3206219673156738,10508800
1988-10-06,2.90625,2.945312976837158,2.882812976837158,2.890625,1.3064978122711182,4443200
1988-10-07,2.90625,3.023437976837158,2.90625,3.0,1.3559330701828003,7756800
1988-10-10,3.0,3.0,2.945312976837158,2.953125,1.334747314453125,2560000
1988-10-11,2.9375,2.9375,2.890625,2.914062976837158,1.3170922994613647,4016000
1988-10-12,2.875,2.890625,2.8125,2.820312976837158,1.2747182846069336,5120000
1988-10-13,2.796875,2.859375,2.796875,2.828125,1.278248906135559,5648000
1988-10-14,2.84375,2.890625,2.835937976837158,2.835937976837158,1.2817810773849487,3571200
1988-10-17,2.84375,2.859375,2.820312976837158,2.84375,1.285312294960022,9062400
1988-10-18,2.867187976837158,2.945312976837158,2.867187976837158,2.945312976837158,1.3421307802200317,6273600
1988-10-19,2.945312976837158,3.0,2.875,2.921875,1.331449270248413,4742400
1988-10-20,2.9375,3.09375,2.9375,3.0625,1.3955307006835938,7292800
1988-10-21,3.054687976837158,3.054687976837158,2.992187976837158,3.046875,1.3884098529815674,7411200
1988-10-24,3.046875,3.046875,2.992187976837158,3.007812976837158,1.370610237121582,4244800
1988-10-25,2.992187976837158,3.015625,2.976562976837158,2.992187976837158,1.363490104675293,2547200
1988-10-26,2.992187976837158,3.0,2.9375,2.9375,1.3385698795318604,2667200
1988-10-27,2.875,2.90625,2.84375,2.898437976837158,1.3207695484161377,4398400
1988-10-28,2.90625,2.921875,2.867187976837158,2.875,1.3100899457931519,1497600
1988-10-31,2.859375,2.898437976837158,2.84375,2.875,1.3100899457931519,3302400
1988-11-01,2.890625,2.898437976837158,2.851562976837158,2.859375,1.3029693365097046,2083200
1988-11-02,2.851562976837158,2.890625,2.851562976837158,2.875,1.3100899457931519,3976000
1988-11-03,2.875,2.929687976837158,2.875,2.90625,1.3243296146392822,2862400
1988-11-04,2.882812976837158,2.929687976837158,2.875,2.875,1.3100899457931519,2921600
1988-11-07,2.851562976837158,2.867187976837158,2.796875,2.796875,1.2744892835617065,2320000
1988-11-08,2.835937976837158,2.875,2.828125,2.859375,1.3029693365097046,3225600
1988-11-09,2.875,2.898437976837158,2.859375,2.875,1.3100899457931519,2251200
1988-11-10,2.875,2.882812976837158,2.828125,2.851562976837158,1.2994099855422974,2825600
1988-11-11,2.828125,2.835937976837158,2.78125,2.78125,1.2673698663711548,2408000
1988-11-14,2.796875,2.796875,2.710937976837158,2.734375,1.2460092306137085,4440000
1988-11-15,2.742187976837158,2.765625,2.734375,2.75,1.253129482269287,1596800
1988-11-16,2.75,2.757812976837158,2.640625,2.640625,1.2032884359359741,2364800
1988-11-17,2.671875,2.6875,2.65625,2.65625,1.2104086875915527,2211200
1988-11-18,2.664062976837158,2.695312976837158,2.664062976837158,2.695312976837158,1.2282085418701172,2748800
1988-11-21,2.6875,2.695312976837158,2.65625,2.671875,1.2175284624099731,1796800
1988-11-22,2.671875,2.710937976837158,2.65625,2.703125,1.2317687273025513,2667200
1988-11-23,2.6875,2.726562976837158,2.671875,2.695312976837158,1.2282085418701172,1852800
1988-11-25,2.6875,2.695312976837158,2.664062976837158,2.671875,1.2175284624099731,755200
1988-11-28,2.664062976837158,2.71875,2.664062976837158,2.703125,1.2317687273025513,1233600
1988-11-29,2.6875,2.710937976837158,2.671875,2.703125,1.2317687273025513,1982400
1988-11-30,2.71875,2.765625,2.6875,2.742187976837158,1.2495684623718262,3795200
1988-12-01,2.757812976837158,2.78125,2.742187976837158,2.765625,1.2602492570877075,2182400
1988-12-02,2.75,2.773437976837158,2.742187976837158,2.765625,1.2602492570877075,1942400
1988-12-05,2.78125,2.84375,2.765625,2.84375,1.2958498001098633,3478400
1988-12-06,2.835937976837158,2.867187976837158,2.835937976837158,2.859375,1.3029693365097046,2611200
1988-12-07,2.851562976837158,2.867187976837158,2.828125,2.859375,1.3029693365097046,1747200
1988-12-08,2.835937976837158,2.851562976837158,2.828125,2.84375,1.2958498001098633,1307200
1988-12-09,2.828125,2.882812976837158,2.828125,2.84375,1.2958498001098633,1121600
1988-12-12,2.835937976837158,2.914062976837158,2.835937976837158,2.875,1.3100899457931519,2363200
1988-12-13,2.867187976837158,2.898437976837158,2.851562976837158,2.898437976837158,1.3207695484161377,1356800
1988-12-14,2.875,2.875,2.851562976837158,2.851562976837158,1.2994099855422974,1040000
1988-12-15,2.851562976837158,2.867187976837158,2.820312976837158,2.84375,1.2958498001098633,1148800
1988-12-16,2.859375,2.882812976837158,2.84375,2.859375,1.3029693365097046,2702400
1988-12-19,2.859375,2.898437976837158,2.851562976837158,2.898437976837158,1.3207695484161377,1286400
1988-12-20,2.921875,2.921875,2.859375,2.859375,1.3029693365097046,2126400
1988-12-21,2.851562976837158,2.859375,2.828125,2.835937976837158,1.2922894954681396,1992000
1988-12-22,2.84375,2.84375,2.820312976837158,2.828125,1.2887287139892578,1508800
1988-12-23,2.835937976837158,2.851562976837158,2.820312976837158,2.851562976837158,1.2994099855422974,1342400
1988-12-27,2.875,2.882812976837158,2.851562976837158,2.851562976837158,1.2994099855422974,1315200
1988-12-28,2.859375,2.898437976837158,2.859375,2.875,1.3100899457931519,2027200
1988-12-29,2.859375,2.914062976837158,2.859375,2.898437976837158,1.3207695484161377,1704000
1988-12-30,2.898437976837158,2.9375,2.867187976837158,2.9375,1.3385698795318604,2328000
1989-01-03,2.929687976837158,2.929687976837158,2.78125,2.828125,1.2887287139892578,8142400
1989-01-04,2.835937976837158,2.882812976837158,2.8125,2.882812976837158,1.3136497735977173,2998400
1989-01-05,2.875,2.882812976837158,2.84375,2.851562976837158,1.2994099855422974,1494400
1989-01-06,2.859375,2.867187976837158,2.8125,2.8125,1.2816091775894165,1132800
1989-01-09,2.789062976837158,2.804687976837158,2.765625,2.804687976837158,1.2780486345291138,5923200
1989-01-10,2.820312976837158,2.828125,2.78125,2.804687976837158,1.2780486345291138,3076800
1989-01-11,2.804687976837158,2.820312976837158,2.789062976837158,2.8125,1.2816091775894165,1979200
1989-01-12,2.820312976837158,2.851562976837158,2.789062976837158,2.84375,1.2958498001098633,3859200
1989-01-13,2.828125,2.875,2.828125,2.84375,1.2958498001098633,1992000
1989-01-16,2.84375,2.90625,2.84375,2.898437976837158,1.3207695484161377,3000000
1989-01-17,2.875,2.890625,2.859375,2.867187976837158,1.3065292835235596,3531200
1989-01-18,2.875,2.921875,2.851562976837158,2.921875,1.331449270248413,10297600
1989-01-19,2.898437976837158,2.898437976837158,2.875,2.882812976837158,1.324129343032837,2054400
1989-01-20,2.875,2.882812976837158,2.84375,2.851562976837158,1.3097753524780273,1227200
1989-01-23,2.851562976837158,2.867187976837158,2.820312976837158,2.835937976837158,1.302599549293518,1046400
1989-01-24,2.828125,2.890625,2.828125,2.882812976837158,1.324129343032837,1678400
1989-01-25,2.867187976837158,2.867187976837158,2.8125,2.820312976837158,1.2954225540161133,2268800
1989-01-26,2.828125,2.882812976837158,2.8125,2.867187976837158,1.316951870918274,2862400
1989-01-27,2.882812976837158,2.914062976837158,2.859375,2.890625,1.3277174234390259,6708800
1989-01-30,2.875,2.882812976837158,2.859375,2.882812976837158,1.324129343032837,1438400
1989-01-31,2.898437976837158,2.929687976837158,2.851562976837158,2.921875,1.3420706987380981,3347200
1989-02-01,2.898437976837158,2.929687976837158,2.882812976837158,2.914062976837158,1.3384826183319092,6852800
1989-02-02,2.929687976837158,2.929687976837158,2.898437976837158,2.921875,1.3420706987380981,1875200
1989-02-03,2.90625,2.929687976837158,2.90625,2.914062976837158,1.3384826183319092,985600
1989-02-06,2.921875,2.960937976837158,2.90625,2.945312976837158,1.3528364896774292,5340800
1989-02-07,2.9375,2.960937976837158,2.9375,2.960937976837158,1.3600131273269653,3897600
1989-02-08,2.960937976837158,2.960937976837158,2.929687976837158,2.9375,1.349247932434082,1827200
1989-02-09,2.921875,2.953125,2.914062976837158,2.914062976837158,1.3384826183319092,5404800
1989-02-10,2.875,2.90625,2.828125,2.84375,1.3061870336532593,1851200
1989-02-13,2.828125,2.84375,2.820312976837158,2.835937976837158,1.302599549293518,2176000
1989-02-14,2.84375,2.882812976837158,2.835937976837158,2.84375,1.3061870336532593,3299200
1989-02-15,2.835937976837158,2.859375,2.835937976837158,2.84375,1.3061870336532593,1624000
1989-02-16,2.84375,2.882812976837158,2.84375,2.859375,1.3133639097213745,5131200
1989-02-17,2.859375,2.898437976837158,2.859375,2.898437976837158,1.3313058614730835,3046400
1989-02-21,2.898437976837158,2.898437976837158,2.859375,2.867187976837158,1.316951870918274,1531200
1989-02-22,2.859375,2.875,2.8125,2.820312976837158,1.2954225540161133,3296000
1989-02-23,2.820312976837158,2.859375,2.8125,2.859375,1.3133639097213745,1456000
1989-02-24,2.84375,2.867187976837158,2.796875,2.796875,1.2846564054489136,2443200
1989-02-27,2.78125,2.789062976837158,2.757812976837158,2.78125,1.2774800062179565,1614400
1989-02-28,2.789062976837158,2.796875,2.773437976837158,2.78125,1.2774800062179565,3681600
1989-03-01,2.78125,2.820312976837158,2.765625,2.765625,1.2703025341033936,3889600
1989-03-02,2.773437976837158,2.8125,2.765625,2.804687976837158,1.2882444858551025,1737600
1989-03-03,2.804687976837158,2.8125,2.773437976837158,2.773437976837158,1.273890733718872,880000
1989-03-06,2.789062976837158,2.867187976837158,2.789062976837158,2.859375,1.3133639097213745,2064000
1989-03-07,2.84375,2.859375,2.828125,2.828125,1.299010157585144,1620800
1989-03-08,2.828125,2.898437976837158,2.820312976837158,2.867187976837158,1.316951870918274,2435200
1989-03-09,2.851562976837158,2.890625,2.851562976837158,2.882812976837158,1.324129343032837,1068800
1989-03-10,2.867187976837158,2.890625,2.851562976837158,2.882812976837158,1.324129343032837,4801600
1989-03-13,2.882812976837158,2.921875,2.882812976837158,2.90625,1.334894061088562,1403200
1989-03-14,2.90625,2.914062976837158,2.890625,2.898437976837158,1.3313058614730835,2134400
1989-03-15,2.898437976837158,2.90625,2.882812976837158,2.890625,1.3277174234390259,2657600
1989-03-16,2.890625,2.9375,2.890625,2.9375,1.349247932434082,4464000
1989-03-17,2.90625,2.914062976837158,2.882812976837158,2.90625,1.334894061088562,4785600
1989-03-20,2.898437976837158,2.898437976837158,2.875,2.890625,1.3277174234390259,3321600
1989-03-21,2.898437976837158,2.921875,2.890625,2.921875,1.3420706987380981,3134400
1989-03-22,2.90625,2.914062976837158,2.898437976837158,2.90625,1.334894061088562,2920000
1989-03-23,2.898437976837158,2.921875,2.875,2.890625,1.3277174234390259,1844800
1989-03-27,2.898437976837158,2.929687976837158,2.890625,2.914062976837158,1.3384826183319092,2350400
1989-03-28,2.90625,2.921875,2.898437976837158,2.90625,1.334894061088562,2283200
1989-03-29,2.898437976837158,2.921875,2.898437976837158,2.90625,1.334894061088562,3547200
1989-03-30,2.921875,3.007812976837158,2.921875,2.976562976837158,1.3671903610229492,6947200
1989-03-31,3.0,3.007812976837158,2.976562976837158,2.992187976837158,1.3743678331375122,6622400
1989-04-03,2.992187976837158,3.0,2.96875,2.992187976837158,1.3743678331375122,3475200
1989-04-04,2.976562976837158,3.023437976837158,2.976562976837158,2.992187976837158,1.3743678331375122,5574400
1989-04-05,2.992187976837158,3.015625,2.992187976837158,3.007812976837158,1.3815444707870483,3612800
1989-04-06,2.976562976837158,2.984375,2.953125,2.953125,1.3564246892929077,1184000
1989-04-07,2.929687976837158,2.953125,2.914062976837158,2.953125,1.3564246892929077,2902400
1989-04-10,2.9375,3.007812976837158,2.929687976837158,3.007812976837158,1.3815444707870483,4064000
1989-04-11,3.015625,3.085937976837158,3.007812976837158,3.070312976837158,1.4102511405944824,6780800
1989-04-12,3.070312976837158,3.09375,3.023437976837158,3.023437976837158,1.388720989227295,3547200
1989-04-13,3.023437976837158,3.039062976837158,2.953125,2.976562976837158,1.3671903610229492,2038400
1989-04-14,3.023437976837158,3.03125,2.992187976837158,3.03125,1.3923088312149048,2545600
1989-04-17,3.023437976837158,3.070312976837158,3.023437976837158,3.054687976837158,1.4030743837356567,2616000
1989-04-18,3.09375,3.109375,3.0625,3.078125,1.4138402938842773,12008000
1989-04-19,3.046875,3.0625,3.03125,3.03125,1.4028478860855103,2558400
1989-04-20,3.046875,3.0625,2.976562976837158,3.007812976837158,1.392001986503601,3280000
1989-04-21,3.0,3.046875,3.0,3.023437976837158,1.3992329835891724,3958400
1989-04-24,3.03125,3.03125,3.015625,3.023437976837158,1.3992329835891724,3281600
1989-04-25,3.046875,3.078125,3.039062976837158,3.054687976837158,1.4136950969696045,5350400
1989-04-26,3.046875,3.0625,3.039062976837158,3.054687976837158,1.4136950969696045,2721600
1989-04-27,3.054687976837158,3.125,3.046875,3.101562976837158,1.4353896379470825,4240000
1989-04-28,3.109375,3.148437976837158,3.101562976837158,3.101562976837158,1.4353896379470825,4204800
1989-05-01,3.078125,3.078125,3.046875,3.070312976837158,1.4209260940551758,3830400
1989-05-02,3.070312976837158,3.085937976837158,3.039062976837158,3.046875,1.410079836845398,2198400
1989-05-03,3.054687976837158,3.117187976837158,3.054687976837158,3.101562976837158,1.4353896379470825,4456000
1989-05-04,3.085937976837158,3.125,3.085937976837158,3.117187976837158,1.4426194429397583,2955200
1989-05-05,3.117187976837158,3.171875,3.109375,3.109375,1.43900465965271,6139200
1989-05-08,3.109375,3.109375,3.0625,3.085937976837158,1.4281576871871948,3561600
1989-05-09,3.078125,3.09375,3.0625,3.070312976837158,1.4209260940551758,3849600
1989-05-10,3.070312976837158,3.078125,3.046875,3.070312976837158,1.4209260940551758,2665600
1989-05-11,3.0625,3.101562976837158,3.0625,3.09375,1.431773066520691,3160000
1989-05-12,3.140625,3.171875,3.132812976837158,3.164062976837158,1.4643137454986572,12676800
1989-05-15,3.179687976837158,3.203125,3.171875,3.203125,1.4823912382125854,6220800
1989-05-16,3.195312976837158,3.203125,3.179687976837158,3.179687976837158,1.4715453386306763,5724800
1989-05-17,3.195312976837158,3.242187976837158,3.179687976837158,3.226562976837158,1.4932383298873901,2950400
1989-05-18,3.234375,3.234375,3.210937976837158,3.21875,1.4896228313446045,2796800
1989-05-19,3.226562976837158,3.28125,3.226562976837158,3.273437976837158,1.5149319171905518,5145600
1989-05-22,3.296875,3.296875,3.25,3.257812976837158,1.5077004432678223,4387200
1989-05-23,3.226562976837158,3.25,3.15625,3.164062976837158,1.4643137454986572,3745600
1989-05-24,3.164062976837158,3.203125,3.164062976837158,3.203125,1.4823912382125854,3048000
1989-05-25,3.1875,3.226562976837158,3.179687976837158,3.195312976837158,1.478776454925537,1606400
1989-05-26,3.210937976837158,3.25,3.210937976837158,3.21875,1.4896228313446045,2214400
1989-05-30,3.226562976837158,3.226562976837158,3.15625,3.164062976837158,1.4643137454986572,3652800
1989-05-31,3.164062976837158,3.179687976837158,3.125,3.164062976837158,1.4643137454986572,2014400
1989-06-01,3.179687976837158,3.179687976837158,3.140625,3.140625,1.4534672498703003,2420800
1989-06-02,3.171875,3.234375,3.164062976837158,3.234375,1.4968539476394653,2982400
1989-06-05,3.234375,3.257812976837158,3.15625,3.164062976837158,1.4643137454986572,2424000
1989-06-06,3.203125,3.257812976837158,3.179687976837158,3.226562976837158,1.4932383298873901,3934400
1989-06-07,3.21875,3.242187976837158,3.210937976837158,3.21875,1.4896228313446045,1942400
1989-06-08,3.21875,3.21875,3.203125,3.21875,1.4896228313446045,2224000
1989-06-09,3.195312976837158,3.21875,3.171875,3.195312976837158,1.478776454925537,2536000
1989-06-12,3.171875,3.234375,3.15625,3.234375,1.4968539476394653,4872000
1989-06-13,3.1875,3.203125,3.140625,3.15625,1.4606977701187134,5192000
1989-06-14,3.171875,3.179687976837158,3.101562976837158,3.101562976837158,1.4353896379470825,3913600
1989-06-15,3.109375,3.117187976837158,3.101562976837158,3.117187976837158,1.4426194429397583,2374400
1989-06-16,3.085937976837158,3.117187976837158,3.085937976837158,3.117187976837158,1.4426194429397583,3115200
1989-06-19,3.117187976837158,3.1875,3.101562976837158,3.179687976837158,1.4715453386306763,2123200
1989-06-20,3.1875,3.203125,3.179687976837158,3.195312976837158,1.478776454925537,4185600
1989-06-21,3.21875,3.226562976837158,3.195312976837158,3.203125,1.4823912382125854,3772800
1989-06-22,3.203125,3.203125,3.171875,3.195312976837158,1.478776454925537,2832000
1989-06-23,3.1875,3.265625,3.1875,3.265625,1.5113164186477661,3198400
1989-06-26,3.265625,3.328125,3.25,3.289062976837158,1.5221624374389648,5348800
1989-06-27,3.320312976837158,3.34375,3.304687976837158,3.328125,1.5402411222457886,2715200
1989-06-28,3.34375,3.34375,3.296875,3.3125,1.5330098867416382,3520000
1989-06-29,3.265625,3.273437976837158,3.21875,3.25,1.504085659980774,3694400
1989-06-30,3.242187976837158,3.242187976837158,3.15625,3.226562976837158,1.4932383298873901,2883200
1989-07-03,3.210937976837158,3.226562976837158,3.1875,3.210937976837158,1.4860066175460815,3686400
1989-07-05,3.203125,3.21875,3.195312976837158,3.210937976837158,1.4860066175460815,2083200
1989-07-06,3.210937976837158,3.25,3.210937976837158,3.25,1.504085659980774,1811200
1989-07-07,3.25,3.265625,3.21875,3.257812976837158,1.5077004432678223,3219200
1989-07-10,3.265625,3.296875,3.257812976837158,3.28125,1.5185465812683105,2228800
1989-07-11,3.3125,3.3125,3.273437976837158,3.28125,1.5185465812683105,3662400
1989-07-12,3.28125,3.304687976837158,3.265625,3.304687976837158,1.5293939113616943,1416000
1989-07-13,3.289062976837158,3.3125,3.28125,3.3125,1.5330098867416382,3544000
1989-07-14,3.328125,3.367187976837158,3.320312976837158,3.359375,1.5547035932540894,4555200
1989-07-17,3.375,3.40625,3.359375,3.398437976837158,1.5727813243865967,2033600
1989-07-18,3.390625,3.40625,3.375,3.40625,1.5763970613479614,2161600
1989-07-19,3.398437976837158,3.414062976837158,3.320312976837158,3.335937976837158,1.5544097423553467,3300800
1989-07-20,3.375,3.46875,3.359375,3.453125,1.6090147495269775,6563200
1989-07-21,3.445312976837158,3.484375,3.445312976837158,3.484375,1.6235753297805786,4868800
1989-07-24,3.484375,3.484375,3.398437976837158,3.398437976837158,1.5835316181182861,3563200
1989-07-25,3.429687976837158,3.507812976837158,3.429687976837158,3.46875,1.616294264793396,4356800
1989-07-26,3.5,3.625,3.46875,3.609375,1.6818206310272217,6200000
1989-07-27,3.609375,3.6875,3.609375,3.6875,1.718222737312317,7356800
1989-07-28,3.695312976837158,3.703125,3.648437976837158,3.65625,1.703660488128662,6224000
1989-07-31,3.664062976837158,3.664062976837158,3.625,3.648437976837158,1.7000212669372559,1886400
1989-08-01,3.640625,3.65625,3.601562976837158,3.617187976837158,1.6854603290557861,3528000
1989-08-02,3.609375,3.648437976837158,3.601562976837158,3.617187976837158,1.6854603290557861,4552000
1989-08-03,3.601562976837158,3.632812976837158,3.601562976837158,3.609375,1.6818206310272217,2120000
1989-08-04,3.59375,3.601562976837158,3.539062976837158,3.5625,1.6599780321121216,3611200
1989-08-07,3.5625,3.578125,3.554687976837158,3.5625,1.6599780321121216,4684800
1989-08-08,3.585937976837158,3.585937976837158,3.554687976837158,3.570312976837158,1.663618564605713,2094400
1989-08-09,3.5625,3.609375,3.546875,3.546875,1.6526963710784912,1764800
1989-08-10,3.546875,3.625,3.546875,3.625,1.689100980758667,5292800
1989-08-11,3.671875,3.695312976837158,3.59375,3.617187976837158,1.6854603290557861,4459200
1989-08-14,3.609375,3.648437976837158,3.601562976837158,3.625,1.689100980758667,1995200
1989-08-15,3.609375,3.640625,3.609375,3.617187976837158,1.6854603290557861,1996800
1989-08-16,3.632812976837158,3.640625,3.609375,3.625,1.689100980758667,1844800
1989-08-17,3.625,3.625,3.59375,3.601562976837158,1.6781798601150513,3096000
1989-08-18,3.585937976837158,3.609375,3.578125,3.601562976837158,1.6781798601150513,2766400
1989-08-21,3.585937976837158,3.609375,3.5625,3.5625,1.6599780321121216,2243200
1989-08-22,3.546875,3.554687976837158,3.5,3.523437976837158,1.641776442527771,2592000
1989-08-23,3.507812976837158,3.585937976837158,3.507812976837158,3.585937976837158,1.6708992719650269,3832000
1989-08-24,3.609375,3.703125,3.609375,3.695312976837158,1.7218633890151978,3859200
1989-08-25,3.71875,3.734375,3.6875,3.6875,1.718222737312317,2382400
1989-08-28,3.671875,3.742187976837158,3.671875,3.71875,1.7327837944030762,5488000
1989-08-29,3.71875,3.726562976837158,3.703125,3.710937976837158,1.7291443347930908,3454400
1989-08-30,3.703125,3.71875,3.6875,3.6875,1.718222737312317,1740800
1989-08-31,3.695312976837158,3.703125,3.6875,3.695312976837158,1.7218633890151978,681600
1989-09-01,3.6875,3.710937976837158,3.6875,3.695312976837158,1.7218633890151978,2387200
1989-09-05,3.6875,3.695312976837158,3.65625,3.6875,1.718222737312317,2468800
1989-09-06,3.6875,3.695312976837158,3.671875,3.679687976837158,1.7145825624465942,3587200
1989-09-07,3.695312976837158,3.742187976837158,3.6875,3.703125,1.7255045175552368,5307200
1989-09-08,3.71875,3.742187976837158,3.710937976837158,3.726562976837158,1.7364248037338257,2670400
1989-09-11,3.710937976837158,3.726562976837158,3.703125,3.71875,1.7327837944030762,2934400
1989-09-12,3.734375,3.773437976837158,3.734375,3.75,1.747344732284546,3129600
1989-09-13,3.75,3.765625,3.664062976837158,3.664062976837158,1.7073029279708862,3758400
1989-09-14,3.679687976837158,3.679687976837158,3.65625,3.65625,1.703660488128662,2444800
1989-09-15,3.671875,3.679687976837158,3.617187976837158,3.65625,1.703660488128662,3611200
1989-09-18,3.640625,3.664062976837158,3.640625,3.65625,1.703660488128662,2660800
1989-09-19,3.640625,3.6875,3.640625,3.679687976837158,1.7145825624465942,3747200
1989-09-20,3.671875,3.6875,3.664062976837158,3.664062976837158,1.7073029279708862,2131200
1989-09-21,3.664062976837158,3.679687976837158,3.632812976837158,3.679687976837158,1.7145825624465942,1584000
1989-09-22,3.617187976837158,3.632812976837158,3.617187976837158,3.625,1.689100980758667,1603200
1989-09-25,3.625,3.648437976837158,3.617187976837158,3.632812976837158,1.6927403211593628,2264000
1989-09-26,3.648437976837158,3.703125,3.648437976837158,3.671875,1.7109419107437134,3012800
1989-09-27,3.6875,3.75,3.679687976837158,3.75,1.747344732284546,4507200
1989-09-28,3.78125,3.804687976837158,3.765625,3.804687976837158,1.7728271484375,5123200
1989-09-29,3.804687976837158,3.804687976837158,3.734375,3.765625,1.7546253204345703,2012800
1989-10-02,3.765625,3.765625,3.742187976837158,3.757812976837158,1.7509864568710327,1633600
1989-10-03,3.78125,3.90625,3.765625,3.90625,1.8201521635055542,5593600
1989-10-04,3.90625,4.03125,3.898437976837158,4.0,1.8638348579406738,7088000
1989-10-05,4.015625,4.023437976837158,3.984375,4.0,1.8638348579406738,4595200
1989-10-06,4.007812976837158,4.039062976837158,3.992187976837158,3.992187976837158,1.8601946830749512,5915200
1989-10-09,4.0,4.0,3.976562976837158,4.0,1.8638348579406738,1547200
1989-10-10,4.007812976837158,4.023437976837158,4.0,4.015625,1.8711148500442505,2876800
1989-10-11,4.015625,4.023437976837158,3.976562976837158,3.992187976837158,1.8601946830749512,2772800
1989-10-12,3.992187976837158,4.03125,3.984375,4.0,1.8638348579406738,4448000
1989-10-13,3.984375,3.992187976837158,3.640625,3.65625,1.703660488128662,6323200
1989-10-16,3.609375,3.859375,3.609375,3.859375,1.7983100414276123,11424000
1989-10-17,3.828125,3.859375,3.734375,3.835937976837158,1.787388563156128,4846400
1989-10-18,3.820312976837158,4.023437976837158,3.8125,3.9375,1.8347125053405762,5321600
1989-10-19,3.9375,4.039062976837158,3.9375,4.0,1.877243995666504,7708800
1989-10-20,4.0,4.023437976837158,3.953125,4.0,1.877243995666504,5995200
1989-10-23,3.984375,4.0,3.9375,3.953125,1.85524582862854,3865600
1989-10-24,3.9375,3.953125,3.859375,3.953125,1.85524582862854,6208000
1989-10-25,3.96875,3.96875,3.90625,3.929687976837158,1.8442457914352417,2380800
1989-10-26,3.914062976837158,3.914062976837158,3.789062976837158,3.835937976837158,1.8002480268478394,6153600
1989-10-27,3.84375,3.851562976837158,3.75,3.757812976837158,1.7635821104049683,2518400
1989-10-30,3.773437976837158,3.804687976837158,3.773437976837158,3.773437976837158,1.7709145545959473,2065600
1989-10-31,3.796875,3.851562976837158,3.78125,3.851562976837158,1.8075810670852661,3523200
1989-11-01,3.851562976837158,3.867187976837158,3.828125,3.859375,1.8112468719482422,1388800
1989-11-02,3.84375,3.84375,3.773437976837158,3.796875,1.7819149494171143,1707200
1989-11-03,3.796875,3.828125,3.796875,3.8125,1.7892485857009888,1534400
1989-11-06,3.789062976837158,3.796875,3.75,3.757812976837158,1.7635821104049683,1793600
1989-11-07,3.75,3.757812976837158,3.734375,3.75,1.7599164247512817,2270400
1989-11-08,3.757812976837158,3.828125,3.757812976837158,3.789062976837158,1.7782483100891113,2579200
1989-11-09,3.796875,3.796875,3.703125,3.703125,1.7379169464111328,2470400
1989-11-10,3.710937976837158,3.734375,3.710937976837158,3.726562976837158,1.7489171028137207,1396800
1989-11-13,3.734375,3.773437976837158,3.71875,3.765625,1.7672480344772339,1680000
1989-11-14,3.78125,3.851562976837158,3.78125,3.8125,1.7892485857009888,2366400
1989-11-15,3.84375,3.867187976837158,3.820312976837158,3.851562976837158,1.8075810670852661,2860800
1989-11-16,3.867187976837158,3.867187976837158,3.828125,3.859375,1.8112468719482422,1686400
1989-11-17,3.851562976837158,3.859375,3.828125,3.828125,1.7965813875198364,1484800
1989-11-20,3.8125,3.820312976837158,3.773437976837158,3.796875,1.7819149494171143,1073600
1989-11-21,3.796875,3.8125,3.765625,3.78125,1.774583101272583,1348800
1989-11-22,3.773437976837158,3.84375,3.765625,3.84375,1.8039140701293945,1739200
1989-11-24,3.851562976837158,3.9375,3.851562976837158,3.9375,1.8479119539260864,1456000
1989-11-27,3.9375,3.945312976837158,3.890625,3.921875,1.8405793905258179,3139200
1989-11-28,3.929687976837158,3.953125,3.898437976837158,3.898437976837158,1.82957923412323,1728000
1989-11-29,3.882812976837158,3.914062976837158,3.875,3.875,1.8185806274414062,1622400
1989-11-30,3.882812976837158,3.882812976837158,3.859375,3.859375,1.8112468719482422,3155200
1989-12-01,3.875,3.9375,3.875,3.9375,1.8479119539260864,3518400
1989-12-04,3.9375,3.945312976837158,3.921875,3.929687976837158,1.8442457914352417,2740800
1989-12-05,3.9375,3.9375,3.875,3.882812976837158,1.8222463130950928,1913600
1989-12-06,3.90625,3.929687976837158,3.882812976837158,3.882812976837158,1.8222463130950928,1542400
1989-12-07,3.882812976837158,3.898437976837158,3.875,3.875,1.8185806274414062,2022400
1989-12-08,3.898437976837158,3.90625,3.890625,3.90625,1.833244800567627,1070400
1989-12-11,3.90625,3.90625,3.882812976837158,3.898437976837158,1.82957923412323,2867200
1989-12-12,3.890625,3.953125,3.890625,3.953125,1.85524582862854,3048000
1989-12-13,3.992187976837158,4.054687976837158,3.976562976837158,4.015625,1.884576439857483,4728000
1989-12-14,4.015625,4.03125,3.9375,4.0,1.877243995666504,3937600
1989-12-15,4.015625,4.015625,3.960937976837158,4.007812976837158,1.8809113502502441,4086400
1989-12-18,4.007812976837158,4.039062976837158,3.921875,3.960937976837158,1.858911156654358,5971200
1989-12-19,3.929687976837158,3.9375,3.84375,3.84375,1.8039140701293945,7748800
1989-12-20,3.84375,3.859375,3.8125,3.835937976837158,1.8002480268478394,4587200
1989-12-21,3.828125,3.828125,3.789062976837158,3.789062976837158,1.7782483100891113,2816000
1989-12-22,3.773437976837158,3.851562976837158,3.773437976837158,3.84375,1.8039140701293945,2884800
1989-12-26,3.84375,3.859375,3.828125,3.84375,1.8039140701293945,1630400
1989-12-27,3.835937976837158,3.851562976837158,3.828125,3.84375,1.8039140701293945,1475200
1989-12-28,3.851562976837158,3.875,3.835937976837158,3.875,1.8185806274414062,2548800
1989-12-29,3.875,3.96875,3.875,3.96875,1.862578272819519,3576000
1990-01-02,3.96875,3.992187976837158,3.921875,3.984375,1.869910717010498,2020800
1990-01-03,4.0,4.0,3.953125,3.96875,1.862578272819519,2315200
1990-01-04,3.953125,3.953125,3.882812976837158,3.929687976837158,1.8442457914352417,2857600
1990-01-05,3.890625,3.898437976837158,3.789062976837158,3.796875,1.7819149494171143,3929600
1990-01-08,3.789062976837158,3.8125,3.75,3.804687976837158,1.7855819463729858,2668800
1990-01-09,3.820312976837158,3.890625,3.8125,3.851562976837158,1.8075810670852661,4395200
1990-01-10,3.851562976837158,3.867187976837158,3.796875,3.835937976837158,1.8002480268478394,2006400
1990-01-11,3.859375,3.90625,3.851562976837158,3.890625,1.8259135484695435,3462400
1990-01-12,3.84375,3.859375,3.820312976837158,3.835937976837158,1.8002480268478394,4368000
1990-01-15,3.796875,3.875,3.789062976837158,3.875,1.8185806274414062,2454400
1990-01-16,3.8125,3.835937976837158,3.804687976837158,3.820312976837158,1.7929143905639648,4465600
1990-01-17,3.828125,3.835937976837158,3.78125,3.804687976837158,1.7855819463729858,2252800
1990-01-18,3.789062976837158,3.804687976837158,3.757812976837158,3.804687976837158,1.7855819463729858,3283200
1990-01-19,3.765625,3.804687976837158,3.757812976837158,3.804687976837158,1.7988791465759277,2348800
1990-01-22,3.789062976837158,3.804687976837158,3.6875,3.6875,1.7434717416763306,3145600
1990-01-23,3.695312976837158,3.71875,3.625,3.632812976837158,1.7176151275634766,3102400
1990-01-24,3.546875,3.585937976837158,3.515625,3.570312976837158,1.6880654096603394,11124800
1990-01-25,3.601562976837158,3.601562976837158,3.453125,3.453125,1.632657766342163,3593600
1990-01-26,3.484375,3.507812976837158,3.382812976837158,3.40625,1.6104950904846191,5921600
1990-01-29,3.390625,3.421875,3.328125,3.382812976837158,1.5994139909744263,3512000
1990-01-30,3.359375,3.375,3.296875,3.320312976837158,1.5698637962341309,3131200
1990-01-31,3.3125,3.414062976837158,3.3125,3.398437976837158,1.606801986694336,3228800
1990-02-01,3.398437976837158,3.46875,3.398437976837158,3.4375,1.625270128250122,3750400
1990-02-02,3.4375,3.53125,3.4375,3.523437976837158,1.6659018993377686,2030400
1990-02-05,3.523437976837158,3.554687976837158,3.515625,3.554687976837158,1.6806786060333252,2340800
1990-02-06,3.539062976837158,3.5625,3.539062976837158,3.554687976837158,1.6806786060333252,4756800
1990-02-07,3.546875,3.601562976837158,3.515625,3.601562976837158,1.7028402090072632,3648000
1990-02-08,3.601562976837158,3.703125,3.601562976837158,3.664062976837158,1.732391119003296,4387200
1990-02-09,3.664062976837158,3.6875,3.640625,3.6875,1.7434717416763306,2460800
1990-02-12,3.671875,3.679687976837158,3.585937976837158,3.585937976837158,1.69545316696167,2219200
1990-02-13,3.585937976837158,3.59375,3.539062976837158,3.554687976837158,1.6806786060333252,1227200
1990-02-14,3.539062976837158,3.578125,3.484375,3.523437976837158,1.6659018993377686,1883200
1990-02-15,3.515625,3.570312976837158,3.515625,3.5625,1.6843713521957397,2083200
1990-02-16,3.585937976837158,3.585937976837158,3.515625,3.515625,1.6622079610824585,2324800
1990-02-20,3.507812976837158,3.515625,3.4375,3.46875,1.6400455236434937,1571200
1990-02-21,3.445312976837158,3.5,3.429687976837158,3.5,1.6548210382461548,3297600
1990-02-22,3.515625,3.539062976837158,3.476562976837158,3.476562976837158,1.6437395811080933,2596800
1990-02-23,3.453125,3.453125,3.421875,3.453125,1.632657766342163,2792000
1990-02-26,3.421875,3.46875,3.421875,3.460937976837158,1.6363524198532104,3204800
1990-02-27,3.5,3.5625,3.484375,3.523437976837158,1.6659018993377686,2392000
1990-02-28,3.507812976837158,3.554687976837158,3.507812976837158,3.546875,1.6769838333129883,1233600
1990-03-01,3.554687976837158,3.5625,3.484375,3.484375,1.6474331617355347,2193600
1990-03-02,3.492187976837158,3.5,3.390625,3.46875,1.6400455236434937,3827200
1990-03-05,3.460937976837158,3.46875,3.429687976837158,3.429687976837158,1.6215773820877075,2947200
1990-03-06,3.4375,3.476562976837158,3.429687976837158,3.46875,1.6400455236434937,4105600
1990-03-07,3.5,3.585937976837158,3.5,3.585937976837158,1.69545316696167,5915200
1990-03-08,3.625,3.703125,3.609375,3.679687976837158,1.7397782802581787,4484800
1990-03-09,3.695312976837158,3.695312976837158,3.625,3.625,1.7139216661453247,4832000
1990-03-12,3.640625,3.6875,3.625,3.679687976837158,1.7397782802581787,1417600
1990-03-13,3.664062976837158,3.664062976837158,3.625,3.648437976837158,1.7250028848648071,1979200
1990-03-14,3.648437976837158,3.664062976837158,3.640625,3.664062976837158,1.732391119003296,1348800
1990-03-15,3.679687976837158,3.75,3.664062976837158,3.75,1.7730231285095215,1953600
1990-03-16,3.765625,3.804687976837158,3.75,3.773437976837158,1.7841039896011353,3963200
1990-03-19,3.734375,3.789062976837158,3.71875,3.789062976837158,1.7914910316467285,4462400
1990-03-20,3.757812976837158,3.804687976837158,3.726562976837158,3.734375,1.7656340599060059,2425600
1990-03-21,3.726562976837158,3.789062976837158,3.726562976837158,3.757812976837158,1.776716709136963,1102400
1990-03-22,3.742187976837158,3.765625,3.632812976837158,3.65625,1.7286972999572754,3260800
1990-03-23,3.664062976837158,3.6875,3.65625,3.679687976837158,1.7397782802581787,2739200
1990-03-26,3.664062976837158,3.679687976837158,3.648437976837158,3.65625,1.7286972999572754,1534400
1990-03-27,3.632812976837158,3.671875,3.625,3.671875,1.736083984375,1300800
1990-03-28,3.65625,3.71875,3.65625,3.703125,1.7508597373962402,854400
1990-03-29,3.6875,3.71875,3.6875,3.710937976837158,1.754554271697998,1409600
1990-03-30,3.695312976837158,3.71875,3.671875,3.71875,1.758247971534729,979200
1990-04-02,3.703125,3.703125,3.664062976837158,3.6875,1.7434717416763306,1156800
1990-04-03,3.679687976837158,3.71875,3.679687976837158,3.710937976837158,1.754554271697998,2873600
1990-04-04,3.6875,3.695312976837158,3.617187976837158,3.648437976837158,1.7250028848648071,3929600
1990-04-05,3.664062976837158,3.664062976837158,3.640625,3.65625,1.7286972999572754,1745600
1990-04-06,3.65625,3.65625,3.570312976837158,3.578125,1.6917591094970703,1937600
1990-04-09,3.578125,3.585937976837158,3.523437976837158,3.585937976837158,1.69545316696167,3683200
1990-04-10,3.609375,3.609375,3.585937976837158,3.601562976837158,1.7028402090072632,1862400
1990-04-11,3.578125,3.585937976837158,3.554687976837158,3.5625,1.6843713521957397,3740800
1990-04-12,3.546875,3.640625,3.546875,3.632812976837158,1.7176151275634766,3140800
1990-04-16,3.632812976837158,3.671875,3.632812976837158,3.648437976837158,1.7250028848648071,3108800
1990-04-17,3.617187976837158,3.640625,3.585937976837158,3.617187976837158,1.7102279663085938,2686400
1990-04-18,3.617187976837158,3.617187976837158,3.539062976837158,3.554687976837158,1.6806786060333252,2811200
1990-04-19,3.53125,3.570312976837158,3.523437976837158,3.539062976837158,1.68663489818573,3188800
1990-04-20,3.585937976837158,3.585937976837158,3.539062976837158,3.570312976837158,1.7015289068222046,5160000
1990-04-23,3.554687976837158,3.554687976837158,3.507812976837158,3.507812976837158,1.6717416048049927,1436800
1990-04-24,3.507812976837158,3.539062976837158,3.507812976837158,3.523437976837158,1.6791883707046509,1726400
1990-04-25,3.523437976837158,3.546875,3.523437976837158,3.539062976837158,1.68663489818573,3227200
1990-04-26,3.5625,3.578125,3.53125,3.570312976837158,1.7015289068222046,2347200
1990-04-27,3.5625,3.578125,3.539062976837158,3.554687976837158,1.694081425666809,2502400
1990-04-30,3.539062976837158,3.539062976837158,3.507812976837158,3.523437976837158,1.6791883707046509,1262400
1990-05-01,3.546875,3.5625,3.5,3.507812976837158,1.6717416048049927,4081600
1990-05-02,3.523437976837158,3.53125,3.5,3.523437976837158,1.6791883707046509,2361600
1990-05-03,3.53125,3.585937976837158,3.53125,3.585937976837158,1.7089744806289673,4558400
1990-05-04,3.625,3.632812976837158,3.601562976837158,3.632812976837158,1.731313705444336,2166400
1990-05-07,3.632812976837158,3.710937976837158,3.632812976837158,3.703125,1.764823317527771,4158400
1990-05-08,3.6875,3.695312976837158,3.671875,3.6875,1.7573763132095337,2251200
1990-05-09,3.671875,3.703125,3.664062976837158,3.703125,1.764823317527771,3084800
1990-05-10,3.710937976837158,3.78125,3.703125,3.765625,1.7946090698242188,4312000
1990-05-11,3.8125,3.851562976837158,3.78125,3.835937976837158,1.8281190395355225,9641600
1990-05-14,3.84375,3.898437976837158,3.8125,3.859375,1.8392887115478516,6496000
1990-05-15,3.84375,3.867187976837158,3.820312976837158,3.820312976837158,1.8206729888916016,3209600
1990-05-16,3.8125,3.835937976837158,3.804687976837158,3.835937976837158,1.8281190395355225,2392000
1990-05-17,3.835937976837158,3.867187976837158,3.820312976837158,3.851562976837158,1.8355664014816284,4518400
1990-05-18,3.859375,3.875,3.851562976837158,3.859375,1.8392887115478516,4300800
1990-05-21,3.867187976837158,3.9375,3.828125,3.9375,1.876520037651062,4718400
1990-05-22,4.0,4.0,3.929687976837158,3.960937976837158,1.887691617012024,6585600
1990-05-23,3.976562976837158,3.992187976837158,3.9375,3.992187976837158,1.9025834798812866,2662400
1990-05-24,3.976562976837158,3.984375,3.945312976837158,3.96875,1.891413688659668,2336000
1990-05-25,3.953125,3.96875,3.90625,3.9375,1.876520037651062,2691200
1990-05-29,3.945312976837158,3.960937976837158,3.921875,3.945312976837158,1.8802446126937866,2614400
1990-05-30,3.96875,4.015625,3.96875,3.992187976837158,1.9025834798812866,2520000
1990-05-31,3.96875,4.085937976837158,3.96875,4.039062976837158,1.9249236583709717,5408000
1990-06-01,4.0625,4.09375,4.054687976837158,4.070312976837158,1.9398163557052612,5694400
1990-06-04,4.101562976837158,4.109375,4.046875,4.101562976837158,1.9547091722488403,4059200
1990-06-05,4.09375,4.109375,4.046875,4.0625,1.9360929727554321,4494400
1990-06-06,4.0625,4.0625,4.0,4.03125,1.9211992025375366,3187200
1990-06-07,4.03125,4.046875,3.96875,3.984375,1.8988604545593262,2142400
1990-06-08,3.96875,3.984375,3.914062976837158,3.914062976837158,1.865351915359497,2297600
1990-06-11,3.929687976837158,3.960937976837158,3.914062976837158,3.953125,1.8839670419692993,1643200
1990-06-12,3.960937976837158,4.039062976837158,3.953125,4.03125,1.9211992025375366,2670400
1990-06-13,4.039062976837158,4.15625,4.023437976837158,4.140625,1.9733256101608276,9259200
1990-06-14,4.15625,4.1875,4.132812976837158,4.132812976837158,1.9696024656295776,3484800
1990-06-15,4.117187976837158,4.140625,4.101562976837158,4.125,1.9658784866333008,5676800
1990-06-18,4.117187976837158,4.117187976837158,4.078125,4.085937976837158,1.947263479232788,3678400
1990-06-19,4.078125,4.148437976837158,4.078125,4.132812976837158,1.9696024656295776,2630400
1990-06-20,4.140625,4.171875,4.125,4.140625,1.9733256101608276,2649600
1990-06-21,4.140625,4.195312976837158,4.140625,4.195312976837158,1.9993890523910522,3321600
1990-06-22,4.195312976837158,4.21875,4.140625,4.140625,1.9733256101608276,5204800
1990-06-25,4.15625,4.171875,4.15625,4.164062976837158,1.9844951629638672,2427200
1990-06-26,4.164062976837158,4.21875,4.164062976837158,4.1875,1.9956647157669067,5203200
1990-06-27,4.1875,4.273437976837158,4.179687976837158,4.242187976837158,2.0217278003692627,2774400
1990-06-28,4.25,4.320312976837158,4.25,4.304687976837158,2.051513195037842,3550400
1990-06-29,4.296875,4.296875,4.25,4.273437976837158,2.036621332168579,11244800
1990-07-02,4.265625,4.289062976837158,4.242187976837158,4.28125,2.04034423828125,3697600
1990-07-03,4.296875,4.359375,4.289062976837158,4.359375,2.0775749683380127,2024000
1990-07-05,4.359375,4.359375,4.265625,4.289062976837158,2.0440680980682373,3057600
1990-07-06,4.234375,4.296875,4.226562976837158,4.296875,2.047790765762329,1875200
1990-07-09,4.3125,4.34375,4.304687976837158,4.34375,2.0701301097869873,3336000
1990-07-10,4.359375,4.367187976837158,4.320312976837158,4.320312976837158,2.058960437774658,2675200
1990-07-11,4.328125,4.460937976837158,4.3125,4.453125,2.122255563735962,4619200
1990-07-12,4.46875,4.601562976837158,4.46875,4.59375,2.1892752647399902,5323200
1990-07-13,4.59375,4.609375,4.5625,4.5625,2.1743805408477783,4518400
1990-07-16,4.5625,4.617187976837158,4.554687976837158,4.601562976837158,2.192998170852661,2289600
1990-07-17,4.601562976837158,4.625,4.570312976837158,4.617187976837158,2.2004451751708984,2299200
1990-07-18,4.578125,4.585937976837158,4.5625,4.578125,2.181828498840332,7460800
1990-07-19,4.539062976837158,4.546875,4.46875,4.492187976837158,2.1541054248809814,4296000
1990-07-20,4.492187976837158,4.5625,4.484375,4.484375,2.1503586769104004,5980800
1990-07-23,4.46875,4.46875,4.304687976837158,4.328125,2.075432777404785,5560000
1990-07-24,4.328125,4.40625,4.328125,4.40625,2.112896680831909,4822400
1990-07-25,4.4375,4.445312976837158,4.414062976837158,4.414062976837158,2.1166419982910156,5316800
1990-07-26,4.398437976837158,4.398437976837158,4.351562976837158,4.367187976837158,2.0941665172576904,2473600
1990-07-27,4.382812976837158,4.390625,4.34375,4.359375,2.090418815612793,2387200
1990-07-30,4.335937976837158,4.34375,4.304687976837158,4.335937976837158,2.0791804790496826,2584000
1990-07-31,4.375,4.398437976837158,4.359375,4.375,2.0979108810424805,2059200
1990-08-01,4.375,4.4375,4.375,4.421875,2.120388984680176,4572800
1990-08-02,4.359375,4.359375,4.265625,4.273437976837158,2.0492098331451416,6523200
1990-08-03,4.273437976837158,4.273437976837158,3.90625,4.148437976837158,1.9892699718475342,7961600
1990-08-06,4.015625,4.0625,3.9375,4.0625,1.948060154914856,4300800
1990-08-07,4.109375,4.117187976837158,4.054687976837158,4.070312976837158,1.9518071413040161,4544000
1990-08-08,4.101562976837158,4.21875,4.078125,4.210937976837158,2.0192389488220215,3148800
1990-08-09,4.210937976837158,4.289062976837158,4.179687976837158,4.273437976837158,2.0492098331451416,2283200
1990-08-10,4.242187976837158,4.242187976837158,4.109375,4.140625,1.9855237007141113,3056000
1990-08-13,4.109375,4.226562976837158,4.109375,4.21875,2.0229861736297607,2948800
1990-08-14,4.203125,4.34375,4.203125,4.304687976837158,2.064194679260254,2108800
1990-08-15,4.3125,4.351562976837158,4.3125,4.328125,2.075432777404785,2787200
1990-08-16,4.296875,4.3125,4.226562976837158,4.234375,2.0304789543151855,2708800
1990-08-17,4.21875,4.21875,4.085937976837158,4.117187976837158,1.974285364151001,4097600
1990-08-20,4.078125,4.117187976837158,4.0625,4.117187976837158,1.974285364151001,2152000
1990-08-21,4.03125,4.054687976837158,3.953125,4.039062976837158,1.9368220567703247,3073600
1990-08-22,4.039062976837158,4.0625,3.914062976837158,3.929687976837158,1.8843740224838257,3163200
1990-08-23,3.84375,3.84375,3.71875,3.726562976837158,1.7869713306427002,3584000
1990-08-24,3.796875,3.90625,3.765625,3.890625,1.8656429052352905,3692800
1990-08-27,4.0,4.0625,4.0,4.03125,1.933074951171875,2881600
1990-08-28,4.015625,4.078125,4.015625,4.054687976837158,1.9443137645721436,1284800
1990-08-29,4.039062976837158,4.125,4.039062976837158,4.109375,1.9705390930175781,1620800
1990-08-30,4.125,4.125,4.070312976837158,4.078125,1.9555542469024658,2294400
1990-08-31,4.101562976837158,4.101562976837158,4.046875,4.09375,1.9630457162857056,1587200
1990-09-04,4.070312976837158,4.085937976837158,4.046875,4.085937976837158,1.9593002796173096,1564800
1990-09-05,4.078125,4.078125,4.046875,4.0625,1.948060154914856,3520000
1990-09-06,4.046875,4.046875,3.9375,4.0,1.9180909395217896,1628800
1990-09-07,3.984375,4.0625,3.96875,4.023437976837158,1.9293299913406372,2220800
1990-09-10,4.070312976837158,4.09375,4.03125,4.039062976837158,1.9368220567703247,2587200
1990-09-11,4.054687976837158,4.054687976837158,4.0,4.023437976837158,1.9293299913406372,2340800
1990-09-12,4.039062976837158,4.039062976837158,4.0,4.015625,1.9255822896957397,2552000
1990-09-13,4.023437976837158,4.023437976837158,3.992187976837158,4.0,1.9180909395217896,2265600
1990-09-14,3.984375,3.992187976837158,3.9375,3.953125,1.8956127166748047,1753600
1990-09-17,3.9375,3.960937976837158,3.90625,3.960937976837158,1.899358868598938,1036800
1990-09-18,3.953125,3.953125,3.867187976837158,3.921875,1.880627989768982,2561600
1990-09-19,3.929687976837158,3.9375,3.898437976837158,3.914062976837158,1.8768823146820068,892800
1990-09-20,3.898437976837158,3.898437976837158,3.75,3.75,1.7982101440429688,3246400
1990-09-21,3.734375,3.734375,3.664062976837158,3.703125,1.7757322788238525,3057600
1990-09-24,3.695312976837158,3.695312976837158,3.546875,3.59375,1.7232842445373535,3134400
1990-09-25,3.609375,3.6875,3.601562976837158,3.664062976837158,1.75700044631958,2488000
1990-09-26,3.679687976837158,3.695312976837158,3.617187976837158,3.671875,1.7607470750808716,2622400
1990-09-27,3.6875,3.710937976837158,3.625,3.632812976837158,1.7420154809951782,2155200
1990-09-28,3.601562976837158,3.71875,3.59375,3.71875,1.7832247018814087,2756800
1990-10-01,3.75,3.9375,3.75,3.921875,1.880627989768982,4905600
1990-10-02,4.0,4.015625,3.976562976837158,3.984375,1.9105967283248901,2587200
1990-10-03,3.992187976837158,3.992187976837158,3.953125,3.976562976837158,1.9068509340286255,2438400
1990-10-04,3.96875,3.992187976837158,3.921875,3.953125,1.8956127166748047,3094400
1990-10-05,3.898437976837158,3.976562976837158,3.875,3.96875,1.9031052589416504,2843200
1990-10-08,4.0,4.015625,3.921875,3.921875,1.880627989768982,1822400
1990-10-09,3.898437976837158,3.90625,3.8125,3.828125,1.83567214012146,2281600
1990-10-10,3.78125,3.835937976837158,3.75,3.75,1.7982101440429688,1841600
1990-10-11,3.75,3.757812976837158,3.640625,3.65625,1.7532546520233154,1556800
1990-10-12,3.6875,3.78125,3.671875,3.734375,1.7907178401947021,2033600
1990-10-15,3.765625,3.890625,3.75,3.867187976837158,1.8544034957885742,1776000
1990-10-16,3.875,3.945312976837158,3.84375,3.851562976837158,1.8469115495681763,1547200
1990-10-17,3.84375,3.90625,3.820312976837158,3.835937976837158,1.839418888092041,4316800
1990-10-18,3.890625,4.0625,3.875,4.046875,1.9405688047409058,11107200
1990-10-19,4.125,4.140625,4.070312976837158,4.140625,1.9994189739227295,4620800
1990-10-22,4.109375,4.234375,4.109375,4.1875,2.0220541954040527,4998400
1990-10-23,4.179687976837158,4.179687976837158,4.117187976837158,4.125,1.9918742179870605,1438400
1990-10-24,4.101562976837158,4.203125,4.101562976837158,4.179687976837158,2.0182807445526123,3681600
1990-10-25,4.1875,4.210937976837158,4.164062976837158,4.1875,2.0220541954040527,3036800
1990-10-26,4.164062976837158,4.171875,4.125,4.125,1.9918742179870605,1689600
1990-10-29,4.117187976837158,4.164062976837158,4.09375,4.101562976837158,1.9805564880371094,1812800
1990-10-30,4.078125,4.148437976837158,4.078125,4.148437976837158,2.0031912326812744,2518400
1990-10-31,4.15625,4.1875,4.148437976837158,4.179687976837158,2.0182807445526123,2846400
1990-11-01,4.179687976837158,4.179687976837158,4.101562976837158,4.171875,2.014509439468384,2587200
1990-11-02,4.171875,4.234375,4.15625,4.203125,2.0295979976654053,2844800
1990-11-05,4.203125,4.242187976837158,4.171875,4.242187976837158,2.0484607219696045,3857600
1990-11-06,4.242187976837158,4.335937976837158,4.234375,4.28125,2.0673232078552246,3472000
1990-11-07,4.265625,4.265625,4.21875,4.226562976837158,2.0409164428710938,2009600
1990-11-08,4.210937976837158,4.257812976837158,4.210937976837158,4.242187976837158,2.0484607219696045,1958400
1990-11-09,4.265625,4.34375,4.25,4.34375,2.097503662109375,2915200
1990-11-12,4.34375,4.460937976837158,4.34375,4.445312976837158,2.1465463638305664,4209600
1990-11-13,4.429687976837158,4.429687976837158,4.351562976837158,4.382812976837158,2.1163673400878906,3321600
1990-11-14,4.359375,4.359375,4.296875,4.328125,2.089959144592285,2931200
1990-11-15,4.28125,4.289062976837158,4.171875,4.179687976837158,2.0182807445526123,5776000
1990-11-16,4.1875,4.203125,4.125,4.15625,2.0069642066955566,4419200
1990-11-19,4.15625,4.21875,4.15625,4.21875,2.0371437072753906,2809600
1990-11-20,4.3125,4.328125,4.242187976837158,4.257812976837158,2.0560061931610107,4796800
1990-11-21,4.320312976837158,4.359375,4.3125,4.328125,2.089959144592285,3105600
1990-11-23,4.328125,4.328125,4.3125,4.328125,2.089959144592285,1059200
1990-11-26,4.320312976837158,4.328125,4.273437976837158,4.328125,2.089959144592285,2552000
1990-11-27,4.34375,4.359375,4.296875,4.359375,2.105048179626465,2614400
1990-11-28,4.34375,4.421875,4.328125,4.351562976837158,2.1012768745422363,2190400
1990-11-29,4.367187976837158,4.398437976837158,4.34375,4.367187976837158,2.1088218688964844,3364800
1990-11-30,4.375,4.429687976837158,4.359375,4.414062976837158,2.1314549446105957,1454400
1990-12-03,4.445312976837158,4.46875,4.429687976837158,4.46875,2.157864809036255,1784000
1990-12-04,4.46875,4.53125,4.445312976837158,4.515625,2.1804986000061035,3219200
1990-12-05,4.515625,4.59375,4.515625,4.59375,2.218222141265869,2212800
1990-12-06,4.65625,4.65625,4.484375,4.492187976837158,2.1691818237304688,4644800
1990-12-07,4.515625,4.515625,4.453125,4.484375,2.1654083728790283,2736000
1990-12-10,4.492187976837158,4.578125,4.492187976837158,4.554687976837158,2.1993610858917236,2284800
1990-12-11,4.554687976837158,4.578125,4.539062976837158,4.570312976837158,2.206906795501709,1363200
1990-12-12,4.570312976837158,4.601562976837158,4.554687976837158,4.585937976837158,2.2144505977630615,1937600
1990-12-13,4.59375,4.6875,4.59375,4.648437976837158,2.2446300983428955,3529600
1990-12-14,4.640625,4.640625,4.609375,4.625,2.2333126068115234,3408000
1990-12-17,4.578125,4.617187976837158,4.570312976837158,4.609375,2.2257683277130127,1585600
1990-12-18,4.601562976837158,4.625,4.570312976837158,4.617187976837158,2.229541301727295,3348800
1990-12-19,4.640625,4.71875,4.632812976837158,4.632812976837158,2.237086057662964,4897600
1990-12-20,4.609375,4.71875,4.609375,4.6875,2.2634942531585693,3585600
1990-12-21,4.65625,4.671875,4.640625,4.65625,2.2484030723571777,3344000
1990-12-24,4.648437976837158,4.648437976837158,4.625,4.625,2.2333126068115234,464000
1990-12-26,4.625,4.664062976837158,4.617187976837158,4.664062976837158,2.252175807952881,1664000
1990-12-27,4.648437976837158,4.710937976837158,4.640625,4.640625,2.2408573627471924,1744000
1990-12-28,4.640625,4.648437976837158,4.625,4.625,2.2333126068115234,1392000
1990-12-31,4.640625,4.640625,4.578125,4.609375,2.2257683277130127,1737600
1991-01-02,4.59375,4.59375,4.484375,4.492187976837158,2.1691818237304688,2304000
1991-01-03,4.476562976837158,4.484375,4.328125,4.367187976837158,2.1088218688964844,3422400
1991-01-04,4.34375,4.390625,4.28125,4.375,2.1125922203063965,3070400
1991-01-07,4.375,4.375,4.328125,4.359375,2.105048179626465,1420800
1991-01-08,4.359375,4.367187976837158,4.296875,4.296875,2.074869155883789,1718400
1991-01-09,4.359375,4.421875,4.203125,4.21875,2.0371437072753906,3289600
1991-01-10,4.21875,4.304687976837158,4.21875,4.289062976837158,2.0710954666137695,3059200
1991-01-11,4.273437976837158,4.359375,4.273437976837158,4.34375,2.097503662109375,2088000
1991-01-14,4.28125,4.351562976837158,4.265625,4.351562976837158,2.1012768745422363,2248000
1991-01-15,4.34375,4.359375,4.320312976837158,4.328125,2.089959144592285,2252800
1991-01-16,4.3125,4.359375,4.3125,4.351562976837158,2.1012768745422363,1555200
1991-01-17,4.5,4.5,4.421875,4.492187976837158,2.1691818237304688,6972800
1991-01-18,4.445312976837158,4.515625,4.445312976837158,4.5,2.186643123626709,3947200
1991-01-21,4.46875,4.476562976837158,4.445312976837158,4.453125,2.1638665199279785,1792000
1991-01-22,4.4375,4.453125,4.40625,4.429687976837158,2.1524767875671387,1883200
1991-01-23,4.429687976837158,4.4375,4.40625,4.414062976837158,2.144883632659912,2083200
1991-01-24,4.390625,4.460937976837158,4.390625,4.429687976837158,2.1524767875671387,6465600
1991-01-25,4.445312976837158,4.445312976837158,4.375,4.375,2.1259024143218994,6027200
1991-01-28,4.390625,4.40625,4.351562976837158,4.367187976837158,2.1221084594726562,3248000
1991-01-29,4.351562976837158,4.351562976837158,4.234375,4.265625,2.0727555751800537,7416000
1991-01-30,4.28125,4.320312976837158,4.265625,4.304687976837158,2.0917367935180664,5814400
1991-01-31,4.328125,4.375,4.304687976837158,4.375,2.1259024143218994,3249600
1991-02-01,4.375,4.4375,4.359375,4.414062976837158,2.144883632659912,2774400
1991-02-04,4.445312976837158,4.53125,4.4375,4.53125,2.201828956604004,4772800
1991-02-05,4.585937976837158,4.671875,4.546875,4.585937976837158,2.2284023761749268,6952000
1991-02-06,4.59375,4.609375,4.546875,4.601562976837158,2.2359955310821533,3654400
1991-02-07,4.640625,4.664062976837158,4.53125,4.546875,2.209420680999756,4553600
1991-02-08,4.53125,4.617187976837158,4.53125,4.59375,2.2321975231170654,2334400
1991-02-11,4.609375,4.703125,4.609375,4.703125,2.285346746444702,4057600
1991-02-12,4.671875,4.71875,4.609375,4.609375,2.2397913932800293,4059200
1991-02-13,4.640625,4.742187976837158,4.640625,4.726562976837158,2.2967352867126465,3868800
1991-02-14,4.75,4.835937976837158,4.484375,4.570312976837158,2.220810890197754,13484800
1991-02-15,4.640625,4.703125,4.625,4.664062976837158,2.2663652896881104,6224000
1991-02-19,4.6875,4.6875,4.609375,4.625,2.2473833560943604,4480000
1991-02-20,4.625,4.664062976837158,4.554687976837158,4.554687976837158,2.2132177352905273,2896000
1991-02-21,4.546875,4.601562976837158,4.523437976837158,4.578125,2.2246060371398926,4184000
1991-02-22,4.59375,4.71875,4.578125,4.625,2.2473833560943604,4169600
1991-02-25,4.734375,4.75,4.679687976837158,4.6875,2.277754783630371,8574400
1991-02-26,4.664062976837158,4.671875,4.601562976837158,4.609375,2.2397913932800293,1947200
1991-02-27,4.617187976837158,4.640625,4.585937976837158,4.617187976837158,2.243588447570801,4024000
1991-02-28,4.648437976837158,4.671875,4.609375,4.609375,2.2397913932800293,3252800
1991-03-01,4.601562976837158,4.640625,4.585937976837158,4.617187976837158,2.243588447570801,2721600
1991-03-04,4.640625,4.65625,4.609375,4.609375,2.2397913932800293,1857600
1991-03-05,4.625,4.6875,4.601562976837158,4.6875,2.277754783630371,6657600
1991-03-06,4.703125,4.71875,4.671875,4.703125,2.285346746444702,6406400
1991-03-07,4.695312976837158,4.710937976837158,4.671875,4.679687976837158,2.2739579677581787,7024000
1991-03-08,4.703125,4.734375,4.671875,4.6875,2.277754783630371,6108800
1991-03-11,4.664062976837158,4.671875,4.617187976837158,4.625,2.2473833560943604,2270400
1991-03-12,4.609375,4.640625,4.609375,4.617187976837158,2.243588447570801,1880000
1991-03-13,4.601562976837158,4.65625,4.578125,4.65625,2.262568473815918,3492800
1991-03-14,4.671875,4.820312976837158,4.65625,4.773437976837158,2.3195126056671143,4363200
1991-03-15,4.796875,4.8125,4.75,4.765625,2.315715789794922,7222400
1991-03-18,4.773437976837158,4.804687976837158,4.726562976837158,4.773437976837158,2.3195126056671143,3316800
1991-03-19,4.6875,4.734375,4.671875,4.671875,2.270162343978882,2667200
1991-03-20,4.65625,4.734375,4.640625,4.734375,2.3005309104919434,1732800
1991-03-21,4.75,4.804687976837158,4.75,4.75,2.308124542236328,2401600
1991-03-22,4.734375,4.75,4.6875,4.71875,2.292938709259033,1556800
1991-03-25,4.71875,4.742187976837158,4.6875,4.742187976837158,2.3043272495269775,1273600
1991-03-26,4.726562976837158,4.796875,4.726562976837158,4.773437976837158,2.3195126056671143,2161600
1991-03-27,4.789062976837158,4.828125,4.773437976837158,4.789062976837158,2.32710599899292,3427200
1991-03-28,4.804687976837158,4.835937976837158,4.773437976837158,4.773437976837158,2.3195126056671143,1355200
1991-04-01,4.773437976837158,4.796875,4.765625,4.773437976837158,2.3195126056671143,1116800
1991-04-02,4.773437976837158,4.851562976837158,4.773437976837158,4.820312976837158,2.342289447784424,2107200
1991-04-03,4.875,4.945312976837158,4.859375,4.9375,2.3992345333099365,4752000
1991-04-04,4.9375,5.023437976837158,4.921875,5.015625,2.437197208404541,3936000
1991-04-05,5.015625,5.015625,4.96875,4.984375,2.4220094680786133,4036800
1991-04-08,4.984375,5.0,4.921875,5.0,2.4296042919158936,2286400
1991-04-09,5.0,5.023437976837158,4.929687976837158,4.9375,2.3992345333099365,2099200
1991-04-10,4.945312976837158,4.984375,4.929687976837158,4.953125,2.4068260192871094,1897600
1991-04-11,4.960937976837158,5.015625,4.953125,4.960937976837158,2.4106228351593018,3964800
1991-04-12,4.976562976837158,4.992187976837158,4.960937976837158,4.984375,2.4220094680786133,1366400
1991-04-15,4.976562976837158,5.054687976837158,4.976562976837158,5.03125,2.4447896480560303,2196800
1991-04-16,5.03125,5.09375,5.0,5.09375,2.475158452987671,3488000
1991-04-17,5.125,5.296875,5.125,5.28125,2.566269874572754,4416000
1991-04-18,5.25,5.328125,5.25,5.289062976837158,2.570066213607788,5164800
1991-04-19,5.234375,5.25,5.125,5.164062976837158,2.525139331817627,4500800
1991-04-22,5.164062976837158,5.164062976837158,5.039062976837158,5.085937976837158,2.4869394302368164,2600000
1991-04-23,5.085937976837158,5.140625,5.070312976837158,5.085937976837158,2.4869394302368164,1659200
1991-04-24,5.078125,5.078125,4.96875,4.984375,2.437274694442749,4324800
1991-04-25,4.984375,5.0,4.929687976837158,4.96875,2.4296352863311768,2707200
1991-04-26,4.960937976837158,5.015625,4.929687976837158,5.0,2.444916009902954,1532800
1991-04-29,5.0,5.046875,4.9375,4.9375,2.4143550395965576,1740800
1991-04-30,4.929687976837158,4.984375,4.929687976837158,4.96875,2.4296352863311768,2124800
1991-05-01,4.976562976837158,5.0,4.96875,4.992187976837158,2.441096305847168,2276800
1991-05-02,5.0,5.046875,4.976562976837158,5.039062976837158,2.464017152786255,2987200
1991-05-03,5.046875,5.046875,5.0,5.03125,2.4601972103118896,1339200
1991-05-06,5.015625,5.015625,4.90625,4.914062976837158,2.4028937816619873,2238400
1991-05-07,4.921875,4.976562976837158,4.921875,4.953125,2.421994686126709,2710400
1991-05-08,4.953125,4.992187976837158,4.9375,4.96875,2.4296352863311768,1272000
1991-05-09,4.953125,5.023437976837158,4.953125,5.007812976837158,2.4487366676330566,1771200
1991-05-10,5.0,5.03125,4.953125,4.953125,2.421994686126709,2392000
1991-05-13,4.945312976837158,4.953125,4.914062976837158,4.929687976837158,2.4105348587036133,1182400
1991-05-14,4.929687976837158,4.929687976837158,4.8125,4.835937976837158,2.3646936416625977,3134400
1991-05-15,4.84375,4.859375,4.757812976837158,4.789062976837158,2.3417718410491943,2427200
1991-05-16,4.765625,4.8125,4.71875,4.71875,2.307389497756958,5232000
1991-05-17,4.734375,4.796875,4.703125,4.75,2.322671413421631,3505600
1991-05-20,4.734375,4.890625,4.734375,4.875,2.3837926387786865,1945600
1991-05-21,4.828125,4.953125,4.828125,4.875,2.3837926387786865,1499200
1991-05-22,4.890625,4.9375,4.890625,4.921875,2.40671443939209,1797600
1991-05-23,4.921875,4.984375,4.90625,4.96875,2.4296352863311768,1600000
1991-05-24,4.984375,5.046875,4.96875,5.0,2.444916009902954,1259200
1991-05-28,5.03125,5.0625,5.0,5.0625,2.475478172302246,1676800
1991-05-29,5.03125,5.078125,5.03125,5.03125,2.4601972103118896,2944000
1991-05-30,5.0625,5.109375,5.046875,5.109375,2.498399496078491,980800
1991-05-31,5.078125,5.15625,5.0625,5.15625,2.52131986618042,1276800
1991-06-03,5.15625,5.15625,4.984375,5.0,2.444916009902954,2019200
1991-06-04,4.984375,5.0,4.953125,4.96875,2.4296352863311768,2319200
1991-06-05,4.984375,4.984375,4.921875,4.953125,2.421994686126709,1722400
1991-06-06,4.984375,4.984375,4.90625,4.921875,2.40671443939209,1931200
1991-06-07,4.859375,4.890625,4.796875,4.8125,2.3532309532165527,2212800
1991-06-10,4.84375,4.875,4.828125,4.84375,2.3685131072998047,1386400
1991-06-11,4.84375,4.90625,4.828125,4.859375,2.376152753829956,1711200
1991-06-12,4.859375,4.890625,4.796875,4.84375,2.3685131072998047,1040800
1991-06-13,4.859375,4.96875,4.84375,4.96875,2.4296352863311768,2230400
1991-06-14,4.96875,5.046875,4.96875,5.03125,2.4601972103118896,1892000
1991-06-17,5.015625,5.015625,4.890625,4.9375,2.4143550395965576,1559200
1991-06-18,4.96875,5.03125,4.953125,4.984375,2.437274694442749,3040000
1991-06-19,4.984375,4.984375,4.84375,4.84375,2.3685131072998047,2736000
1991-06-20,4.859375,4.90625,4.734375,4.8125,2.3532309532165527,3872800
1991-06-21,4.8125,4.8125,4.765625,4.8125,2.3532309532165527,2671200
1991-06-24,4.75,4.78125,4.65625,4.671875,2.284468650817871,1745600
1991-06-25,4.703125,4.734375,4.671875,4.703125,2.2997496128082275,2979200
1991-06-26,4.671875,4.6875,4.578125,4.65625,2.2768280506134033,2741600
1991-06-27,4.671875,4.6875,4.625,4.640625,2.2691869735717773,1940800
1991-06-28,4.609375,4.640625,4.546875,4.59375,2.2462661266326904,1985600
1991-07-01,4.625,4.703125,4.578125,4.65625,2.2768280506134033,2584800
1991-07-02,4.59375,4.65625,4.59375,4.625,2.2615468502044678,2016800
1991-07-03,4.59375,4.65625,4.578125,4.640625,2.2691869735717773,1955200
1991-07-05,4.609375,4.671875,4.609375,4.671875,2.284468650817871,772000
1991-07-08,4.625,4.703125,4.609375,4.703125,2.2997496128082275,2142400
1991-07-09,4.703125,4.71875,4.59375,4.625,2.2615468502044678,2228800
1991-07-10,4.625,4.640625,4.484375,4.5,2.200425148010254,3633600
1991-07-11,4.453125,4.53125,4.453125,4.53125,2.2157063484191895,3784800
1991-07-12,4.546875,4.625,4.515625,4.609375,2.2539076805114746,3531200
1991-07-15,4.609375,4.71875,4.609375,4.703125,2.2997496128082275,2311200
1991-07-16,4.71875,4.75,4.703125,4.75,2.322671413421631,2760800
1991-07-17,4.71875,4.734375,4.6875,4.71875,2.307389497756958,2397600
1991-07-18,4.734375,4.90625,4.734375,4.890625,2.3914334774017334,3321600
1991-07-19,4.9375,4.953125,4.890625,4.9375,2.430819034576416,3875200
1991-07-22,4.921875,4.921875,4.8125,4.875,2.400048017501831,1868000
1991-07-23,4.890625,4.890625,4.78125,4.78125,2.3538949489593506,1183200
1991-07-24,4.8125,4.859375,4.765625,4.859375,2.3923566341400146,1900000
1991-07-25,4.875,4.953125,4.875,4.9375,2.430819034576416,1645600
1991-07-26,4.96875,4.984375,4.9375,4.9375,2.430819034576416,1277600
1991-07-29,4.90625,4.921875,4.84375,4.875,2.400048017501831,2692000
1991-07-30,4.90625,4.984375,4.890625,4.96875,2.446204662322998,1438400
1991-07-31,4.96875,5.03125,4.96875,5.015625,2.469282627105713,1784000
1991-08-01,5.015625,5.015625,4.921875,4.921875,2.423128366470337,1630400
1991-08-02,4.921875,4.9375,4.875,4.890625,2.4077422618865967,2729600
1991-08-05,4.875,4.921875,4.875,4.921875,2.423128366470337,1356000
1991-08-06,4.921875,5.03125,4.875,5.0,2.4615883827209473,2405600
1991-08-07,5.015625,5.09375,5.0,5.0625,2.492358684539795,1763200
1991-08-08,5.03125,5.0625,4.921875,4.921875,2.423128366470337,2148800
1991-08-09,4.984375,5.0,4.9375,4.984375,2.4538958072662354,1392800
1991-08-12,5.0,5.015625,4.96875,5.0,2.4615883827209473,1425600
1991-08-13,5.015625,5.046875,4.984375,5.015625,2.469282627105713,1333600
1991-08-14,5.03125,5.03125,4.953125,4.96875,2.446204662322998,1320000
1991-08-15,4.984375,5.0,4.96875,4.984375,2.4538958072662354,1460800
1991-08-16,5.0,5.015625,4.921875,4.9375,2.430819034576416,3889600
1991-08-19,4.78125,4.84375,4.765625,4.8125,2.3692781925201416,2621600
1991-08-20,4.84375,4.859375,4.71875,4.8125,2.3692781925201416,2268800
1991-08-21,4.84375,4.9375,4.828125,4.921875,2.423128366470337,3847200
1991-08-22,4.953125,5.0,4.921875,5.0,2.4615883827209473,1241600
1991-08-23,5.0,5.0625,4.984375,5.0625,2.492358684539795,2730400
1991-08-26,5.09375,5.109375,5.046875,5.109375,2.5154364109039307,1639200
1991-08-27,5.109375,5.109375,5.078125,5.09375,2.5077431201934814,1299200
1991-08-28,5.0625,5.109375,5.046875,5.109375,2.5154364109039307,1759200
1991-08-29,5.109375,5.15625,5.078125,5.140625,2.530820608139038,1963200
1991-08-30,5.15625,5.171875,5.09375,5.140625,2.530820608139038,1055200
1991-09-03,5.140625,5.171875,5.09375,5.09375,2.5077431201934814,3022400
1991-09-04,5.09375,5.09375,5.0,5.046875,2.484666347503662,1564800
1991-09-05,5.046875,5.109375,5.046875,5.09375,2.5077431201934814,1388000
1991-09-06,5.09375,5.109375,5.046875,5.09375,2.5077431201934814,1164800
1991-09-09,5.0625,5.09375,5.046875,5.078125,2.500051498413086,618400
1991-09-10,5.0625,5.078125,5.015625,5.078125,2.500051498413086,1841600
1991-09-11,5.046875,5.046875,4.984375,5.03125,2.47697377204895,1153600
1991-09-12,5.03125,5.09375,4.859375,4.953125,2.4385111331939697,6063200
1991-09-13,5.0,5.03125,4.9375,4.953125,2.4385111331939697,5047200
1991-09-16,4.9375,5.0,4.921875,5.0,2.4615883827209473,1881600
1991-09-17,4.953125,5.0,4.953125,4.953125,2.4385111331939697,2156800
1991-09-18,4.9375,5.03125,4.9375,5.03125,2.47697377204895,2684800
1991-09-19,5.015625,5.09375,5.015625,5.078125,2.500051498413086,2036800
1991-09-20,5.09375,5.09375,5.0625,5.0625,2.492358684539795,3708800
1991-09-23,5.0625,5.125,5.046875,5.09375,2.5077431201934814,4258400
1991-09-24,5.09375,5.234375,5.078125,5.234375,2.5769760608673096,2538400
1991-09-25,5.1875,5.234375,5.15625,5.234375,2.5769760608673096,2314400
1991-09-26,5.203125,5.3125,5.171875,5.3125,2.615438938140869,2672000
1991-09-27,5.28125,5.296875,5.25,5.296875,2.607746124267578,2275200
1991-09-30,5.296875,5.390625,5.28125,5.390625,2.653900623321533,2488800
1991-10-01,5.40625,5.4375,5.40625,5.4375,2.6769793033599854,1605600
1991-10-02,5.46875,5.46875,5.40625,5.421875,2.6692864894866943,1368000
1991-10-03,5.40625,5.421875,5.328125,5.375,2.6462085247039795,2020800
1991-10-04,5.375,5.4375,5.375,5.40625,2.661592721939087,2490400
1991-10-07,5.375,5.390625,5.1875,5.234375,2.5769760608673096,2290400
1991-10-08,5.15625,5.296875,5.15625,5.25,2.5846688747406006,2689600
1991-10-09,5.265625,5.296875,5.234375,5.265625,2.5923614501953125,1916000
1991-10-10,5.25,5.390625,5.25,5.375,2.6462085247039795,1700000
1991-10-11,5.390625,5.390625,5.3125,5.328125,2.6231307983398438,1264800
1991-10-14,5.3125,5.375,5.3125,5.375,2.6462085247039795,446400
1991-10-15,5.375,5.5,5.375,5.484375,2.7000551223754883,1400000
1991-10-16,5.421875,5.546875,5.421875,5.53125,2.723132848739624,2175200
1991-10-17,5.390625,5.390625,5.28125,5.328125,2.6231307983398438,5457600
1991-10-18,5.328125,5.328125,5.25,5.296875,2.607746124267578,4187200
1991-10-21,5.21875,5.21875,5.171875,5.203125,2.577711343765259,1842400
1991-10-22,5.15625,5.171875,5.09375,5.109375,2.531266450881958,2765600
1991-10-23,5.078125,5.078125,5.03125,5.046875,2.5003035068511963,3662400
1991-10-24,5.046875,5.109375,5.03125,5.109375,2.531266450881958,1159200
1991-10-25,5.09375,5.109375,5.03125,5.046875,2.5003035068511963,1240800
1991-10-28,5.03125,5.265625,5.03125,5.265625,2.6086745262145996,1210400
1991-10-29,5.265625,5.328125,5.15625,5.3125,2.6318979263305664,1976800
1991-10-30,5.3125,5.328125,5.1875,5.203125,2.577711343765259,1479200
1991-10-31,5.21875,5.234375,5.171875,5.21875,2.585451364517212,1294400
1991-11-01,5.15625,5.1875,5.09375,5.125,2.5390067100524902,1467200
1991-11-04,5.078125,5.109375,5.0625,5.078125,2.5157835483551025,1269600
1991-11-05,5.125,5.140625,5.109375,5.140625,2.546748161315918,1816000
1991-11-06,5.140625,5.140625,5.078125,5.109375,2.531266450881958,1099200
1991-11-07,5.09375,5.203125,5.078125,5.203125,2.577711343765259,2709600
1991-11-08,5.203125,5.25,5.1875,5.203125,2.577711343765259,2484000
1991-11-11,5.1875,5.21875,5.171875,5.171875,2.562228202819824,793600
1991-11-12,5.1875,5.34375,5.171875,5.34375,2.647379159927368,2036800
1991-11-13,5.28125,5.296875,5.25,5.296875,2.6241559982299805,1819200
1991-11-14,5.296875,5.34375,5.265625,5.328125,2.639636993408203,1776000
1991-11-15,5.328125,5.34375,5.25,5.25,2.6009345054626465,2617600
1991-11-18,5.25,5.28125,5.125,5.1875,2.569969892501831,3096800
1991-11-19,5.09375,5.125,5.0,5.0,2.4770798683166504,2410400
1991-11-20,5.0,5.0625,5.0,5.03125,2.4925620555877686,22286400
1991-11-21,5.03125,5.125,5.03125,5.125,2.5390067100524902,5590400
1991-11-22,5.109375,5.15625,5.0625,5.140625,2.546748161315918,4380000
1991-11-25,5.109375,5.15625,5.0625,5.140625,2.546748161315918,2471200
1991-11-26,5.21875,5.265625,5.15625,5.265625,2.6086745262145996,5724800
1991-11-27,5.265625,5.328125,5.25,5.28125,2.616415500640869,3750400
1991-11-29,5.265625,5.28125,5.234375,5.28125,2.616415500640869,1680800
1991-12-02,5.15625,5.421875,5.125,5.390625,2.670602321624756,3528800
1991-12-03,5.34375,5.375,5.328125,5.359375,2.6551196575164795,3505600
1991-12-04,5.359375,5.375,5.328125,5.359375,2.6551196575164795,2692800
1991-12-05,5.359375,5.484375,5.359375,5.375,2.662860870361328,4344800
1991-12-06,5.359375,5.4375,5.296875,5.390625,2.670602321624756,4480800
1991-12-09,5.390625,5.421875,5.359375,5.421875,2.686084508895874,4196000
1991-12-10,5.390625,5.4375,5.390625,5.4375,2.69382381439209,1402400
1991-12-11,5.40625,5.5,5.40625,5.484375,2.7170469760894775,1770400
1991-12-12,5.5,5.59375,5.46875,5.59375,2.7712340354919434,3722400
1991-12-13,5.609375,5.71875,5.59375,5.71875,2.8331596851348877,3683200
1991-12-16,5.671875,5.71875,5.65625,5.671875,2.809937000274658,2227200
1991-12-17,5.65625,5.78125,5.65625,5.75,2.848642587661743,4110400
1991-12-18,5.734375,5.75,5.671875,5.75,2.848642587661743,3416800
1991-12-19,5.71875,5.75,5.703125,5.71875,2.8331596851348877,3007200
1991-12-20,5.8125,5.8125,5.734375,5.78125,2.8641228675842285,5659200
1991-12-23,5.75,5.96875,5.75,5.921875,2.9337916374206543,4644000
1991-12-24,5.921875,5.9375,5.84375,5.859375,2.902827739715576,3326400
1991-12-26,5.828125,6.03125,5.796875,6.015625,2.980236053466797,1692800
1991-12-27,6.015625,6.03125,5.921875,6.015625,2.980236053466797,2696800
1991-12-30,6.015625,6.140625,5.984375,6.09375,3.0189402103424072,3655200
1991-12-31,6.078125,6.109375,6.046875,6.109375,3.026682138442993,2305600
1992-01-02,6.0625,6.078125,5.890625,6.046875,2.9957175254821777,2405600
1992-01-03,6.015625,6.046875,5.921875,5.984375,2.9647552967071533,2900000
1992-01-06,5.96875,5.984375,5.90625,5.9375,2.9415318965911865,2950400
1992-01-07,5.9375,5.953125,5.921875,5.921875,2.9337916374206543,2232000
1992-01-08,5.890625,6.140625,5.890625,6.125,3.034423589706421,4588000
1992-01-09,6.109375,6.34375,6.109375,6.28125,3.1118321418762207,3871200
1992-01-10,6.25,6.265625,6.15625,6.21875,3.080869197845459,4740800
1992-01-13,6.15625,6.25,6.140625,6.15625,3.0499045848846436,2504000
1992-01-14,6.125,6.1875,6.09375,6.15625,3.0499045848846436,2144000
1992-01-15,6.1875,6.21875,6.046875,6.0625,3.003458023071289,3202400
1992-01-16,5.96875,6.0,5.875,5.921875,2.9337916374206543,5696000
1992-01-17,5.890625,5.90625,5.71875,5.828125,2.8873469829559326,3892000
1992-01-20,5.828125,5.84375,5.75,5.828125,2.8873469829559326,1873600
1992-01-21,5.8125,5.859375,5.78125,5.859375,2.919420003890991,2318400
1992-01-22,5.875,6.0625,5.828125,6.015625,2.9972732067108154,2035200
1992-01-23,6.015625,6.046875,5.890625,5.890625,2.9349894523620605,2388800
1992-01-24,5.890625,5.921875,5.796875,5.890625,2.9349894523620605,3639200
1992-01-27,5.828125,5.9375,5.796875,5.90625,2.942777395248413,1729600
1992-01-28,5.890625,6.09375,5.890625,6.046875,3.0128426551818848,2991200
1992-01-29,5.96875,6.09375,5.796875,5.796875,2.8882806301116943,2303200
1992-01-30,5.828125,6.03125,5.828125,5.984375,2.981701135635376,2192000
1992-01-31,5.984375,6.0,5.890625,5.890625,2.9349894523620605,1756800
1992-02-03,5.890625,5.921875,5.796875,5.859375,2.919420003890991,2962400
1992-02-04,5.828125,5.859375,5.796875,5.859375,2.919420003890991,1480000
1992-02-05,5.875,6.015625,5.875,5.953125,2.966132879257202,3625600
1992-02-06,5.96875,6.0,5.921875,6.0,2.9894871711730957,2336000
1992-02-07,6.0,6.015625,5.90625,5.96875,2.9739162921905518,1344800
1992-02-10,5.953125,6.015625,5.953125,6.015625,2.9972732067108154,1269600
1992-02-11,6.0,6.015625,5.953125,5.984375,2.981701135635376,1472000
1992-02-12,5.984375,6.0,5.875,5.921875,2.9505600929260254,2213600
1992-02-13,5.859375,6.09375,5.796875,5.84375,2.911635637283325,5866400
1992-02-14,5.796875,5.859375,5.765625,5.84375,2.911635637283325,2284000
1992-02-18,5.859375,5.875,5.75,5.828125,2.9038503170013428,2857600
1992-02-19,5.8125,5.828125,5.71875,5.734375,2.8571419715881348,2310400
1992-02-20,5.796875,5.9375,5.75,5.828125,2.9038503170013428,4098400
1992-02-21,5.796875,5.828125,5.78125,5.8125,2.8960647583007812,1820800
1992-02-24,5.78125,5.828125,5.71875,5.828125,2.9038503170013428,2250400
1992-02-25,5.796875,5.984375,5.78125,5.9375,2.958346366882324,2620800
1992-02-26,5.9375,6.03125,5.890625,6.0,2.9894871711730957,2683200
1992-02-27,6.015625,6.03125,5.984375,6.03125,3.005059003829956,1243200
1992-02-28,6.0625,6.09375,5.890625,5.890625,2.9349894523620605,2677600
1992-03-02,5.8125,5.875,5.78125,5.859375,2.919420003890991,1967200
1992-03-03,5.875,5.90625,5.84375,5.90625,2.942777395248413,1789600
1992-03-04,5.890625,5.90625,5.796875,5.796875,2.8882806301116943,2525600
1992-03-05,5.78125,5.78125,5.671875,5.765625,2.872711658477783,2380800
1992-03-06,5.8125,5.890625,5.8125,5.84375,2.911635637283325,1530400
1992-03-09,5.765625,5.828125,5.765625,5.828125,2.9038503170013428,2565600
1992-03-10,5.8125,5.84375,5.796875,5.8125,2.8960647583007812,2671200
1992-03-11,5.828125,5.828125,5.6875,5.796875,2.8882806301116943,2463200
1992-03-12,5.765625,5.78125,5.640625,5.6875,2.83378529548645,2455200
1992-03-13,5.71875,5.84375,5.6875,5.84375,2.911635637283325,2658400
1992-03-16,5.84375,5.890625,5.78125,5.875,2.927205801010132,1496000
1992-03-17,5.875,5.890625,5.78125,5.84375,2.911635637283325,2358400
1992-03-18,5.875,5.90625,5.765625,5.78125,2.880495548248291,1980800
1992-03-19,5.828125,5.875,5.796875,5.859375,2.919420003890991,1317600
1992-03-20,5.859375,6.0625,5.828125,6.046875,3.0128426551818848,3783200
1992-03-23,6.015625,6.015625,5.953125,6.0,2.9894871711730957,2432000
1992-03-24,6.03125,6.109375,6.03125,6.09375,3.0361971855163574,3641600
1992-03-25,6.109375,6.1875,6.09375,6.15625,3.067337989807129,3651200
1992-03-26,6.171875,6.1875,6.109375,6.15625,3.067337989807129,1938400
1992-03-27,6.109375,6.125,6.0,6.0,2.9894871711730957,1542400
1992-03-30,6.0,6.234375,5.984375,6.234375,3.1062614917755127,3148000
1992-03-31,6.171875,6.25,6.140625,6.171875,3.075122356414795,3976000
1992-04-01,6.109375,6.15625,6.046875,6.15625,3.067337989807129,2328000
1992-04-02,6.125,6.15625,6.015625,6.015625,2.9972732067108154,1808800
1992-04-03,5.984375,6.03125,5.96875,6.03125,3.005059003829956,2740000
1992-04-06,6.046875,6.0625,5.96875,5.984375,2.981701135635376,2186400
1992-04-07,5.984375,5.984375,5.828125,5.84375,2.911635637283325,1726400
1992-04-08,5.828125,6.046875,5.703125,5.8125,2.8960647583007812,3464800
1992-04-09,5.84375,6.0,5.8125,5.921875,2.9505600929260254,1868800
1992-04-10,5.953125,6.046875,5.9375,5.96875,2.9739162921905518,1781600
1992-04-13,6.0,6.0,5.96875,6.0,2.9894871711730957,1621600
1992-04-14,6.046875,6.15625,6.03125,6.15625,3.067337989807129,3881600
1992-04-15,6.15625,6.25,6.109375,6.25,3.1140480041503906,3110400
1992-04-16,6.25,6.25,6.140625,6.171875,3.075122356414795,3270400
1992-04-20,6.125,6.171875,6.0625,6.171875,3.075122356414795,2820800
1992-04-21,6.15625,6.1875,6.109375,6.15625,3.0838894844055176,3198400
1992-04-22,6.15625,6.34375,6.125,6.34375,3.1778149604797363,2941600
1992-04-23,6.3125,6.328125,6.1875,6.28125,3.1465060710906982,2370400
1992-04-24,6.3125,6.34375,6.203125,6.203125,3.1073691844940186,3156000
1992-04-27,6.21875,6.25,6.171875,6.234375,3.123023748397827,2129600
1992-04-28,6.25,6.25,6.125,6.21875,3.1151983737945557,2144800
1992-04-29,6.203125,6.21875,6.109375,6.140625,3.0760624408721924,1675200
1992-04-30,6.171875,6.25,6.140625,6.25,3.1308512687683105,2046400
1992-05-01,6.21875,6.21875,6.078125,6.125,3.0682358741760254,1476800
1992-05-04,6.125,6.21875,6.109375,6.203125,3.1073691844940186,3364000
1992-05-05,6.234375,6.390625,6.234375,6.375,3.1934704780578613,3560000
1992-05-06,6.375,6.484375,6.375,6.46875,3.2404327392578125,4273600
1992-05-07,6.5,6.5,6.375,6.375,3.1934704780578613,2732000
1992-05-08,6.375,6.390625,6.25,6.375,3.1934704780578613,3640800
1992-05-11,6.421875,6.453125,6.390625,6.4375,3.2247772216796875,1388000
1992-05-12,6.4375,6.4375,6.328125,6.328125,3.1699881553649902,2603200
1992-05-13,6.3125,6.375,6.28125,6.3125,3.1621623039245605,1447200
1992-05-14,6.3125,6.328125,6.265625,6.28125,3.1465060710906982,5025600
1992-05-15,6.296875,6.421875,6.265625,6.375,3.1934704780578613,4384800
1992-05-18,6.4375,6.484375,6.421875,6.46875,3.2404327392578125,1587200
1992-05-19,6.5,6.578125,6.46875,6.546875,3.279569149017334,2305600
1992-05-20,6.546875,6.609375,6.5,6.546875,3.279569149017334,3160800
1992-05-21,6.5625,6.5625,6.4375,6.453125,3.232606887817383,2689600
1992-05-22,6.453125,6.484375,6.390625,6.421875,3.2169511318206787,1449600
1992-05-26,6.421875,6.421875,6.328125,6.328125,3.1699881553649902,2436000
1992-05-27,6.328125,6.4375,6.3125,6.40625,3.209124803543091,2895200
1992-05-28,6.4375,6.578125,6.421875,6.546875,3.279569149017334,3045600
1992-05-29,6.5625,6.65625,6.546875,6.625,3.318704128265381,2433600
1992-06-01,6.59375,6.6875,6.5625,6.671875,3.3421850204467773,3552800
1992-06-02,6.640625,6.671875,6.59375,6.609375,3.31087589263916,2628000
1992-06-03,6.59375,6.640625,6.578125,6.625,3.318704128265381,3211200
1992-06-04,6.625,6.625,6.453125,6.53125,3.2717418670654297,4592800
1992-06-05,6.515625,6.546875,6.484375,6.546875,3.279569149017334,3548800
1992-06-08,6.515625,6.546875,6.46875,6.53125,3.2717418670654297,1910400
1992-06-09,6.5,6.515625,6.375,6.40625,3.209124803543091,3614400
1992-06-10,6.375,6.421875,6.28125,6.3125,3.1621623039245605,2699200
1992-06-11,6.28125,6.296875,6.21875,6.234375,3.123023748397827,3839200
1992-06-12,6.28125,6.296875,6.234375,6.28125,3.1465060710906982,1590400
1992-06-15,6.265625,6.390625,6.265625,6.375,3.1934704780578613,1677600
1992-06-16,6.390625,6.484375,6.375,6.40625,3.209124803543091,2660000
1992-06-17,6.375,6.46875,6.265625,6.265625,3.1386795043945312,3554400
1992-06-18,6.21875,6.21875,6.125,6.15625,3.0838894844055176,3848800
1992-06-19,6.15625,6.21875,6.15625,6.15625,3.0838894844055176,3391200
1992-06-22,6.09375,6.15625,6.0625,6.125,3.0682358741760254,2062400
1992-06-23,6.171875,6.296875,6.15625,6.265625,3.1386795043945312,3510400
1992-06-24,6.28125,6.390625,6.28125,6.375,3.1934704780578613,2074400
1992-06-25,6.375,6.40625,6.328125,6.375,3.1934704780578613,2037600
1992-06-26,6.375,6.421875,6.359375,6.421875,3.2169511318206787,1102400
1992-06-29,6.421875,6.53125,6.421875,6.53125,3.2717418670654297,2008000
1992-06-30,6.546875,6.546875,6.4375,6.46875,3.2404327392578125,2268000
1992-07-01,6.5,6.59375,6.453125,6.59375,3.303049087524414,2432000
1992-07-02,6.65625,6.703125,6.59375,6.609375,3.31087589263916,2472000
1992-07-06,6.5625,6.671875,6.53125,6.671875,3.3421850204467773,2792000
1992-07-07,6.640625,6.640625,6.46875,6.5,3.2560875415802,3396000
1992-07-08,6.46875,6.484375,6.359375,6.40625,3.209124803543091,2480800
1992-07-09,6.4375,6.59375,6.4375,6.578125,3.2952218055725098,2886400
1992-07-10,6.578125,6.578125,6.53125,6.578125,3.2952218055725098,1510400
1992-07-13,6.609375,6.609375,6.546875,6.59375,3.303049087524414,948000
1992-07-14,6.609375,6.6875,6.5625,6.6875,3.350010871887207,1614400
1992-07-15,6.703125,6.71875,6.59375,6.640625,3.3265297412872314,1648800
1992-07-16,6.625,6.734375,6.59375,6.671875,3.3421850204467773,3618400
1992-07-17,6.671875,6.671875,6.5625,6.640625,3.3265297412872314,3446400
1992-07-20,6.5,6.5625,6.5,6.546875,3.279569149017334,3057600
1992-07-21,6.5,6.5625,6.5,6.5625,3.3069682121276855,1308800
1992-07-22,6.546875,6.546875,6.453125,6.46875,3.2597270011901855,2414400
1992-07-23,6.40625,6.4375,6.328125,6.4375,3.2439777851104736,3746400
1992-07-24,6.28125,6.375,6.28125,6.359375,3.2046096324920654,3144800
1992-07-27,6.328125,6.390625,6.3125,6.390625,3.220357894897461,2984800
1992-07-28,6.390625,6.515625,6.390625,6.515625,3.2833471298217773,4456800
1992-07-29,6.515625,6.5625,6.5,6.515625,3.2833471298217773,4200800
1992-07-30,6.53125,6.546875,6.484375,6.53125,3.291222333908081,1751200
1992-07-31,6.53125,6.5625,6.5,6.5625,3.3069682121276855,2744000
1992-08-03,6.53125,6.546875,6.5,6.546875,3.2990965843200684,1935200
1992-08-04,6.546875,6.5625,6.53125,6.546875,3.2990965843200684,1581600
1992-08-05,6.515625,6.515625,6.484375,6.5,3.275475025177002,2551200
1992-08-06,6.515625,6.53125,6.5,6.53125,3.291222333908081,1516000
1992-08-07,6.546875,6.609375,6.53125,6.609375,3.3305890560150146,2204000
1992-08-10,6.609375,6.65625,6.59375,6.640625,3.346336603164673,1840000
1992-08-11,6.640625,6.65625,6.578125,6.640625,3.346336603164673,2716000
1992-08-12,6.6875,6.71875,6.640625,6.65625,3.3542110919952393,3232800
1992-08-13,6.6875,6.6875,6.640625,6.671875,3.3620848655700684,1492000
1992-08-14,6.671875,6.765625,6.671875,6.703125,3.3778319358825684,2583200
1992-08-17,6.6875,6.859375,6.6875,6.84375,3.4486963748931885,2849600
1992-08-18,6.8125,6.984375,6.8125,6.984375,3.5195586681365967,3716800
1992-08-19,7.0,7.03125,6.921875,6.953125,3.503812551498413,2922400
1992-08-20,6.96875,6.96875,6.890625,6.9375,3.495939016342163,2142400
1992-08-21,6.96875,7.015625,6.890625,6.921875,3.488065004348755,3397600
1992-08-24,6.890625,6.890625,6.78125,6.828125,3.440821409225464,1768800
1992-08-25,6.765625,6.8125,6.625,6.8125,3.4329488277435303,2893600
1992-08-26,6.796875,6.890625,6.765625,6.890625,3.4723169803619385,1390400
1992-08-27,6.90625,6.921875,6.8125,6.84375,3.4486963748931885,1668800
1992-08-28,6.875,7.0,6.859375,6.984375,3.5195586681365967,4071200
1992-08-31,6.984375,7.015625,6.9375,6.96875,3.5116872787475586,1566400
1992-09-01,6.96875,7.0,6.875,6.953125,3.503812551498413,1827200
1992-09-02,6.953125,7.0625,6.921875,7.046875,3.5510551929473877,1268000
1992-09-03,7.09375,7.09375,6.984375,6.984375,3.5195586681365967,1557600
1992-09-04,6.953125,7.0,6.953125,6.96875,3.5116872787475586,1761600
1992-09-08,6.9375,6.96875,6.875,6.921875,3.488065004348755,1253600
1992-09-09,6.921875,6.9375,6.890625,6.9375,3.495939016342163,1002400
1992-09-10,6.953125,7.109375,6.921875,7.078125,3.5668015480041504,3212000
1992-09-11,7.109375,7.171875,7.078125,7.171875,3.6140434741973877,2451200
1992-09-14,7.1875,7.1875,7.015625,7.046875,3.5510551929473877,1667200
1992-09-15,7.046875,7.046875,6.9375,7.015625,3.5353074073791504,2910400
1992-09-16,6.984375,7.109375,6.9375,6.9375,3.495939016342163,1246400
1992-09-17,6.96875,7.015625,6.953125,7.015625,3.5353074073791504,1518400
1992-09-18,7.0625,7.15625,7.046875,7.140625,3.5982956886291504,2664800
1992-09-21,7.140625,7.171875,7.109375,7.15625,3.6061713695526123,1353600
1992-09-22,7.125,7.140625,7.03125,7.0625,3.558929443359375,1336800
1992-09-23,7.078125,7.109375,7.03125,7.03125,3.5431816577911377,3034400
1992-09-24,7.0625,7.203125,7.0625,7.15625,3.6061713695526123,2273600
1992-09-25,7.15625,7.1875,7.0625,7.109375,3.5825486183166504,2146400
1992-09-28,7.140625,7.21875,7.140625,7.203125,3.629791498184204,1326400
1992-09-29,7.21875,7.25,7.15625,7.171875,3.6140434741973877,2178400
1992-09-30,7.1875,7.1875,7.09375,7.1875,3.6219184398651123,1808800
1992-10-01,7.234375,7.3125,7.21875,7.28125,3.6691606044769287,2905600
1992-10-02,7.359375,7.359375,7.234375,7.3125,3.684908866882324,2112000
1992-10-05,7.25,7.25,6.78125,7.15625,3.6061713695526123,7430400
1992-10-06,7.15625,7.15625,7.0625,7.09375,3.574673652648926,2788000
1992-10-07,7.109375,7.125,7.046875,7.0625,3.558929443359375,2392800
1992-10-08,7.0625,7.28125,7.0625,7.28125,3.6691606044769287,2861600
1992-10-09,7.265625,7.265625,7.1875,7.1875,3.6219184398651123,1972000
1992-10-12,7.203125,7.265625,7.203125,7.25,3.6534130573272705,1160800
1992-10-13,7.25,7.3125,7.234375,7.296875,3.6770339012145996,2815200
1992-10-14,7.28125,7.3125,7.21875,7.25,3.6534130573272705,2638400
1992-10-15,7.25,7.265625,7.21875,7.21875,3.637666940689087,1536800
1992-10-16,7.25,7.25,7.140625,7.21875,3.637666940689087,2876000
1992-10-19,7.171875,7.25,7.171875,7.25,3.6534130573272705,1444000
1992-10-20,7.296875,7.359375,7.25,7.34375,3.7205429077148438,3032000
1992-10-21,7.4375,7.453125,7.34375,7.390625,3.744288444519043,1617600
1992-10-22,7.34375,7.390625,7.328125,7.359375,3.72845721244812,3653600
1992-10-23,7.359375,7.359375,7.28125,7.28125,3.6888768672943115,1200000
1992-10-26,7.265625,7.4375,7.265625,7.4375,3.7680373191833496,1758400
1992-10-27,7.46875,7.578125,7.46875,7.5,3.7997002601623535,2823200
1992-10-28,7.40625,7.46875,7.359375,7.46875,3.7838687896728516,1614400
1992-10-29,7.46875,7.484375,7.4375,7.46875,3.7838687896728516,998400
1992-10-30,7.4375,7.484375,7.4375,7.46875,3.7838687896728516,1340000
1992-11-02,7.453125,7.46875,7.34375,7.359375,3.72845721244812,1933600
1992-11-03,7.359375,7.359375,7.140625,7.15625,3.625547409057617,4964000
1992-11-04,7.15625,7.171875,7.078125,7.078125,3.5859694480895996,3567200
1992-11-05,7.09375,7.109375,7.046875,7.078125,3.5859694480895996,2076000
1992-11-06,7.046875,7.140625,7.046875,7.125,3.6097171306610107,1705600
1992-11-09,7.125,7.21875,7.109375,7.21875,3.6572141647338867,2404000
1992-11-10,7.21875,7.21875,7.109375,7.15625,3.625547409057617,3489600
1992-11-11,7.15625,7.265625,7.140625,7.265625,3.6809606552124023,3013600
1992-11-12,7.3125,7.40625,7.3125,7.390625,3.744288444519043,3373600
1992-11-13,7.390625,7.453125,7.3125,7.453125,3.775951862335205,1876000
1992-11-16,7.46875,7.46875,7.375,7.390625,3.744288444519043,2404000
1992-11-17,7.359375,7.421875,7.34375,7.375,3.73637318611145,1023200
1992-11-18,7.375,7.375,7.28125,7.328125,3.7126247882843018,2177600
1992-11-19,7.328125,7.375,7.296875,7.375,3.73637318611145,1615200
1992-11-20,7.4375,7.53125,7.328125,7.53125,3.8155341148376465,2496000
1992-11-23,7.5625,7.5625,7.484375,7.53125,3.8155341148376465,1961600
1992-11-24,7.546875,7.546875,7.484375,7.5,3.7997002601623535,2206400
1992-11-25,7.53125,7.546875,7.484375,7.484375,3.791783571243286,2642400
1992-11-27,7.515625,7.546875,7.484375,7.53125,3.8155341148376465,1308000
1992-11-30,7.546875,7.546875,7.375,7.390625,3.744288444519043,1724000
1992-12-01,7.390625,7.46875,7.375,7.4375,3.7680373191833496,2336000
1992-12-02,7.46875,7.46875,7.3125,7.3125,3.70470929145813,2453600
1992-12-03,7.3125,7.375,7.3125,7.34375,3.7205429077148438,951200
1992-12-04,7.375,7.4375,7.328125,7.421875,3.7601211071014404,1806400
1992-12-07,7.421875,7.453125,7.40625,7.453125,3.775951862335205,1334400
1992-12-08,7.5,7.5,7.265625,7.296875,3.696793794631958,2309600
1992-12-09,7.328125,7.34375,7.140625,7.21875,3.6572141647338867,5003200
1992-12-10,7.125,7.28125,7.078125,7.25,3.673044204711914,4206400
1992-12-11,7.234375,7.25,7.140625,7.1875,3.6413791179656982,1756000
1992-12-14,7.21875,7.3125,7.203125,7.28125,3.6888768672943115,2991200
1992-12-15,7.1875,7.234375,7.15625,7.203125,3.6492977142333984,3399200
1992-12-16,7.21875,7.25,7.171875,7.203125,3.6492977142333984,1716800
1992-12-17,7.203125,7.25,7.171875,7.1875,3.6413791179656982,2684800
1992-12-18,7.21875,7.21875,7.046875,7.1875,3.6413791179656982,7714400
1992-12-21,7.1875,7.1875,7.109375,7.15625,3.625547409057617,2913600
1992-12-22,7.203125,7.21875,7.0625,7.078125,3.5859694480895996,2842400
1992-12-23,7.046875,7.109375,6.953125,7.09375,3.593883514404297,4637600
1992-12-24,7.09375,7.171875,7.078125,7.140625,3.6176323890686035,2261600
1992-12-28,7.140625,7.15625,7.09375,7.09375,3.593883514404297,1660000
1992-12-29,7.0625,7.109375,6.953125,6.96875,3.5305569171905518,3493600
1992-12-30,6.984375,7.046875,6.984375,7.015625,3.5543031692504883,4256000
1992-12-31,7.015625,7.0625,6.96875,6.96875,3.5305569171905518,1600800
1993-01-04,6.96875,6.984375,6.78125,6.8125,3.451395273208618,4773600
1993-01-05,7.03125,7.046875,6.90625,6.9375,3.514726161956787,5418400
1993-01-06,6.953125,6.96875,6.90625,6.9375,3.514726161956787,4823200
1993-01-07,6.921875,6.9375,6.84375,6.84375,3.467228651046753,3277600
1993-01-08,6.875,6.890625,6.796875,6.8125,3.451395273208618,3044800
1993-01-11,6.8125,6.890625,6.8125,6.875,3.483060836791992,4596800
1993-01-12,6.90625,6.9375,6.859375,6.9375,3.514726161956787,4196800
1993-01-13,6.953125,6.984375,6.875,6.96875,3.5305569171905518,4656000
1993-01-14,7.015625,7.0625,6.984375,7.015625,3.5543031692504883,3119200
1993-01-15,7.015625,7.1875,7.015625,7.046875,3.570133686065674,4455200
1993-01-18,7.078125,7.09375,7.015625,7.03125,3.5622193813323975,1563200
1993-01-19,7.015625,7.078125,6.984375,7.0,3.5660390853881836,2680800
1993-01-20,7.046875,7.09375,7.015625,7.046875,3.5899181365966797,3543200
1993-01-21,7.0625,7.0625,6.90625,6.9375,3.53420352935791,3491200
1993-01-22,6.9375,7.015625,6.921875,6.921875,3.5262415409088135,2014400
1993-01-25,6.921875,7.0,6.890625,6.96875,3.550122022628784,2041600
1993-01-26,7.0,7.09375,6.984375,7.046875,3.5899181365966797,3441600
1993-01-27,7.078125,7.171875,7.046875,7.09375,3.613799810409546,3299200
1993-01-28,7.125,7.140625,7.078125,7.09375,3.613799810409546,2032800
1993-01-29,7.09375,7.125,7.046875,7.078125,3.605841875076294,3367200
1993-02-01,7.078125,7.109375,7.046875,7.109375,3.621757984161377,2602400
1993-02-02,7.140625,7.296875,7.140625,7.28125,3.7093193531036377,4498400
1993-02-03,7.296875,7.4375,7.296875,7.4375,3.7889182567596436,4308800
1993-02-04,7.4375,7.515625,7.328125,7.484375,3.812796115875244,5055200
1993-02-05,7.453125,7.484375,7.421875,7.484375,3.812796115875244,3184000
1993-02-08,7.484375,7.53125,7.484375,7.515625,3.8287181854248047,2704000
1993-02-09,7.515625,7.5625,7.515625,7.5625,3.852598190307617,2346400
1993-02-10,7.546875,7.578125,7.46875,7.5,3.8207569122314453,4835200
1993-02-11,7.46875,7.484375,7.421875,7.421875,3.780958414077759,2310400
1993-02-12,7.4375,7.4375,7.328125,7.34375,3.7411606311798096,2832800
1993-02-16,7.34375,7.359375,7.21875,7.21875,3.677480697631836,3892800
1993-02-17,7.21875,7.234375,7.09375,7.09375,3.613799810409546,3361600
1993-02-18,7.140625,7.25,7.140625,7.203125,3.669520854949951,3821600
1993-02-19,7.25,7.328125,7.25,7.328125,3.733198881149292,2885600
1993-02-22,7.328125,7.359375,7.28125,7.359375,3.7491190433502197,3458400
1993-02-23,7.375,7.546875,7.34375,7.5,3.8207569122314453,5293600
1993-02-24,7.4375,7.578125,7.4375,7.5625,3.852598190307617,3116800
1993-02-25,7.625,7.71875,7.609375,7.71875,3.932196855545044,3916000
1993-02-26,7.6875,7.796875,7.6875,7.796875,3.9719953536987305,3780800
1993-03-01,7.78125,7.796875,7.703125,7.78125,3.964035987854004,3823200
1993-03-02,7.8125,7.96875,7.8125,7.96875,4.0595574378967285,4776000
1993-03-03,7.90625,8.03125,7.90625,7.96875,4.0595574378967285,6079200
1993-03-04,7.96875,7.984375,7.90625,7.9375,4.043635845184326,2782400
1993-03-05,7.9375,8.0625,7.84375,8.0,4.075473785400391,6536800
1993-03-08,8.0,8.234375,7.984375,8.15625,4.155074119567871,5790400
1993-03-09,8.078125,8.203125,8.078125,8.125,4.139154434204102,3812800
1993-03-10,8.09375,8.171875,8.046875,8.15625,4.155074119567871,2182400
1993-03-11,8.125,8.203125,8.125,8.171875,4.163032531738281,3190400
1993-03-12,8.109375,8.171875,8.0625,8.15625,4.155074119567871,2915200
1993-03-15,8.125,8.15625,8.0625,8.078125,4.115275859832764,1847200
1993-03-16,8.0625,8.09375,8.015625,8.078125,4.115275859832764,2628800
1993-03-17,8.078125,8.265625,8.078125,8.203125,4.178954124450684,3656800
1993-03-18,8.1875,8.34375,8.171875,8.34375,4.2505927085876465,3883200
1993-03-19,8.390625,8.40625,8.3125,8.328125,4.242631912231445,5127200
1993-03-22,8.296875,8.296875,8.171875,8.28125,4.218754291534424,1949600
1993-03-23,8.234375,8.234375,8.0625,8.09375,4.123234272003174,3164800
1993-03-24,8.0625,8.1875,8.015625,8.15625,4.155074119567871,3595200
1993-03-25,8.140625,8.296875,8.125,8.25,4.202836036682129,2598400
1993-03-26,8.265625,8.296875,8.21875,8.21875,4.186912536621094,2048000
1993-03-29,8.203125,8.265625,8.1875,8.234375,4.1948747634887695,2096800
1993-03-30,8.203125,8.265625,8.203125,8.25,4.202836036682129,1876000
1993-03-31,8.28125,8.328125,8.21875,8.265625,4.2107930183410645,1464800
1993-04-01,8.28125,8.296875,8.203125,8.234375,4.1948747634887695,2280000
1993-04-02,8.1875,8.21875,8.09375,8.09375,4.123234272003174,1821600
1993-04-05,7.9375,7.984375,7.609375,7.765625,3.956075668334961,16326400
1993-04-06,7.65625,7.6875,7.3125,7.5,3.8207569122314453,24519200
1993-04-07,7.5,7.515625,7.4375,7.5,3.8207569122314453,7717600
1993-04-08,7.515625,7.59375,7.484375,7.515625,3.8287181854248047,3412800
1993-04-12,7.59375,7.734375,7.59375,7.65625,3.9003562927246094,2178400
1993-04-13,7.6875,7.796875,7.671875,7.765625,3.956075668334961,1860800
1993-04-14,7.78125,7.78125,7.65625,7.765625,3.956075668334961,2359200
1993-04-15,7.765625,7.78125,7.6875,7.765625,3.956075668334961,2077600
1993-04-16,7.703125,7.71875,7.375,7.375,3.7570791244506836,10034400
1993-04-19,7.390625,7.390625,7.21875,7.21875,3.677480697631836,7723200
1993-04-20,7.1875,7.359375,7.171875,7.359375,3.7693517208099365,3984800
1993-04-21,7.390625,7.46875,7.3125,7.375,3.777355909347534,4823200
1993-04-22,7.3125,7.59375,7.296875,7.53125,3.8573825359344482,5265600
1993-04-23,7.46875,7.515625,7.421875,7.484375,3.833373546600342,2012800
1993-04-26,7.375,7.4375,7.3125,7.421875,3.8013620376586914,3686400
1993-04-27,7.375,7.40625,7.3125,7.328125,3.7533459663391113,4167200
1993-04-28,7.359375,7.421875,7.21875,7.25,3.713331699371338,2672000
1993-04-29,7.28125,7.359375,7.1875,7.359375,3.7693517208099365,2236000
1993-04-30,7.390625,7.5,7.390625,7.46875,3.8253726959228516,2807200
1993-05-03,7.484375,7.484375,7.390625,7.46875,3.8253726959228516,2798400
1993-05-04,7.46875,7.65625,7.453125,7.59375,3.8893961906433105,2951200
1993-05-05,7.515625,7.671875,7.515625,7.625,3.9054019451141357,2510400
1993-05-06,7.59375,7.625,7.484375,7.515625,3.8493847846984863,1592000
1993-05-07,7.53125,7.625,7.53125,7.578125,3.8813931941986084,1324800
1993-05-10,7.546875,7.65625,7.546875,7.609375,3.8973982334136963,1463200
1993-05-11,7.65625,7.8125,7.53125,7.8125,4.001436233520508,3601600
1993-05-12,7.75,7.765625,7.6875,7.71875,3.953418493270874,1593600
1993-05-13,7.734375,7.734375,7.546875,7.59375,3.8893961906433105,2592800
1993-05-14,7.5625,7.578125,7.40625,7.421875,3.8013620376586914,4658400
1993-05-17,7.421875,7.421875,7.328125,7.375,3.777355909347534,1780000
1993-05-18,7.375,7.375,7.28125,7.28125,3.729336977005005,2718400
1993-05-19,7.28125,7.4375,7.21875,7.421875,3.8013620376586914,2081600
1993-05-20,7.359375,7.546875,7.359375,7.546875,3.8653879165649414,2897600
1993-05-21,7.53125,7.578125,7.375,7.421875,3.8013620376586914,3612000
1993-05-24,7.375,7.46875,7.359375,7.453125,3.817369222640991,1441600
1993-05-25,7.421875,7.5,7.375,7.5,3.841378927230835,1731200
1993-05-26,7.484375,7.53125,7.4375,7.5,3.841378927230835,1143200
1993-05-27,7.484375,7.5,7.375,7.375,3.777355909347534,2143200
1993-05-28,7.34375,7.34375,7.28125,7.3125,3.745342254638672,2196000
1993-06-01,7.28125,7.28125,6.984375,7.015625,3.5932886600494385,6926400
1993-06-02,7.078125,7.15625,7.0625,7.09375,3.6333038806915283,9811200
1993-06-03,7.09375,7.109375,7.0625,7.0625,3.6172983646392822,3916000
1993-06-04,7.0,7.015625,6.875,6.875,3.5212628841400146,5438400
1993-06-07,6.90625,6.921875,6.59375,6.6875,3.425229072570801,8013600
1993-06-08,6.75,6.8125,6.671875,6.6875,3.425229072570801,6449600
1993-06-09,6.703125,6.71875,6.578125,6.609375,3.3852155208587646,17118400
1993-06-10,6.65625,6.84375,6.640625,6.703125,3.433231830596924,8136000
1993-06-11,6.765625,6.859375,6.71875,6.71875,3.441234588623047,4804000
1993-06-14,6.765625,6.859375,6.765625,6.828125,3.4972569942474365,4339200
1993-06-15,6.828125,6.90625,6.828125,6.90625,3.537269353866577,5624000
1993-06-16,6.859375,6.984375,6.859375,6.984375,3.5772817134857178,4281600
1993-06-17,6.984375,7.015625,6.9375,6.96875,3.5692806243896484,3426400
1993-06-18,6.96875,7.078125,6.953125,6.984375,3.5772817134857178,4258400
1993-06-21,7.046875,7.125,7.015625,7.125,3.6493115425109863,3315200
1993-06-22,7.15625,7.203125,7.15625,7.171875,3.6733169555664062,2627200
1993-06-23,7.140625,7.140625,7.015625,7.015625,3.5932886600494385,3284000
1993-06-24,6.96875,7.015625,6.9375,7.015625,3.5932886600494385,2453600
1993-06-25,7.0,7.125,7.0,7.109375,3.641306161880493,2742400
1993-06-28,7.125,7.21875,7.109375,7.15625,3.665313959121704,3456800
1993-06-29,7.203125,7.234375,7.1875,7.21875,3.69732928276062,3366400
1993-06-30,7.25,7.34375,7.25,7.28125,3.729336977005005,3376000
1993-07-01,7.25,7.265625,7.171875,7.203125,3.6893248558044434,3287200
1993-07-02,7.171875,7.203125,7.125,7.140625,3.657313108444214,2448000
1993-07-06,7.109375,7.125,6.921875,6.984375,3.5772817134857178,4060000
1993-07-07,6.953125,6.96875,6.90625,6.9375,3.5532758235931396,4100800
1993-07-08,6.96875,7.140625,6.921875,7.125,3.6493115425109863,4520800
1993-07-09,7.125,7.203125,7.09375,7.203125,3.6893248558044434,2240000
1993-07-12,7.203125,7.28125,7.1875,7.265625,3.7213363647460938,1481600
1993-07-13,7.265625,7.375,7.171875,7.21875,3.69732928276062,3968000
1993-07-14,7.203125,7.234375,7.078125,7.109375,3.641306161880493,4779200
1993-07-15,7.109375,7.109375,7.0,7.0625,3.6172983646392822,4888800
1993-07-16,7.046875,7.046875,6.828125,6.84375,3.5052578449249268,7778400
1993-07-19,6.8125,6.8125,6.578125,6.625,3.393218517303467,7143200
1993-07-20,6.625,6.671875,6.609375,6.65625,3.4325385093688965,3833600
1993-07-21,6.734375,6.734375,6.125,6.34375,3.271385669708252,19759200
1993-07-22,6.28125,6.296875,6.015625,6.09375,3.1424643993377686,21856000
1993-07-23,6.078125,6.21875,6.078125,6.1875,3.1908116340637207,10803200
1993-07-26,6.203125,6.296875,6.15625,6.1875,3.1908116340637207,6614400
1993-07-27,6.234375,6.28125,6.1875,6.25,3.2230403423309326,10965600
1993-07-28,6.28125,6.40625,6.265625,6.328125,3.263329029083252,10320800
1993-07-29,6.34375,6.421875,6.328125,6.390625,3.295560121536255,4426400
1993-07-30,6.40625,6.5,6.375,6.421875,3.311673641204834,4756000
1993-08-02,6.421875,6.453125,6.3125,6.34375,3.271385669708252,6187200
1993-08-03,6.328125,6.375,6.3125,6.34375,3.271385669708252,3323200
1993-08-04,6.3125,6.3125,6.21875,6.25,3.2230403423309326,7975200
1993-08-05,6.234375,6.265625,6.203125,6.21875,3.206925392150879,4730400
1993-08-06,6.21875,6.21875,6.140625,6.140625,3.166637420654297,3302400
1993-08-09,6.15625,6.203125,6.140625,6.171875,3.182753324508667,4437600
1993-08-10,6.171875,6.21875,6.09375,6.125,3.1585803031921387,6738400
1993-08-11,6.125,6.15625,6.015625,6.03125,3.110234498977661,5331200
1993-08-12,6.015625,6.03125,5.953125,5.96875,3.0780038833618164,8586400
1993-08-13,5.953125,5.96875,5.84375,5.859375,3.0216007232666016,8104800
1993-08-16,5.921875,5.953125,5.890625,5.953125,3.069946765899658,6471200
1993-08-17,5.96875,6.140625,5.96875,6.125,3.1585803031921387,7450400
1993-08-18,6.171875,6.421875,6.171875,6.421875,3.311673641204834,11056800
1993-08-19,6.421875,6.5,6.375,6.484375,3.343906879425049,7268000
1993-08-20,6.46875,6.46875,6.40625,6.453125,3.327791929244995,3757600
1993-08-23,6.453125,6.484375,6.34375,6.390625,3.295560121536255,5818400
1993-08-24,6.390625,6.40625,6.359375,6.390625,3.295560121536255,3576800
1993-08-25,6.390625,6.453125,6.375,6.453125,3.327791929244995,4806400
1993-08-26,6.453125,6.46875,6.375,6.4375,3.3197333812713623,2340800
1993-08-27,6.375,6.40625,6.375,6.390625,3.295560121536255,2892800
1993-08-30,6.375,6.4375,6.375,6.40625,3.303617238998413,2240800
1993-08-31,6.4375,6.515625,6.421875,6.5,3.3519606590270996,3313600
1993-09-01,6.46875,6.59375,6.4375,6.546875,3.376136064529419,3575200
1993-09-02,6.546875,6.546875,6.375,6.453125,3.327791929244995,4597600
1993-09-03,6.453125,6.484375,6.40625,6.421875,3.311673641204834,2836800
1993-09-07,6.453125,6.546875,6.4375,6.4375,3.3197333812713623,3661600
1993-09-08,6.421875,6.421875,6.375,6.40625,3.303617238998413,4392000
1993-09-09,6.390625,6.46875,6.375,6.40625,3.303617238998413,3608000
1993-09-10,6.421875,6.5,6.390625,6.484375,3.343906879425049,2600800
1993-09-13,6.5625,6.6875,6.5625,6.59375,3.4003076553344727,6121600
1993-09-14,6.625,6.671875,6.609375,6.625,3.4164228439331055,2270400
1993-09-15,6.640625,6.734375,6.625,6.734375,3.4728262424468994,3745600
1993-09-16,6.734375,6.734375,6.6875,6.71875,3.4647679328918457,2466400
1993-09-17,6.65625,6.71875,6.46875,6.515625,3.360020637512207,8132000
1993-09-20,6.59375,6.671875,6.59375,6.625,3.4164228439331055,3360800
1993-09-21,6.625,6.71875,6.609375,6.671875,3.4405975341796875,2620800
1993-09-22,6.6875,6.75,6.671875,6.703125,3.4567108154296875,3569600
1993-09-23,6.703125,6.71875,6.609375,6.609375,3.4083664417266846,4773600
1993-09-24,6.625,6.671875,6.625,6.640625,3.4244816303253174,3680000
1993-09-27,6.640625,6.6875,6.625,6.671875,3.4405975341796875,2804000
1993-09-28,6.6875,6.6875,6.625,6.671875,3.4405975341796875,4771200
1993-09-29,6.703125,6.703125,6.609375,6.625,3.4164228439331055,3022400
1993-09-30,6.625,6.625,6.5625,6.578125,3.3922500610351562,2732000
1993-10-01,6.5625,6.578125,6.5625,6.578125,3.3922500610351562,1657600
1993-10-04,6.5625,6.8125,6.5625,6.734375,3.4728262424468994,4913600
1993-10-05,6.78125,6.875,6.765625,6.828125,3.5211727619171143,5176000
1993-10-06,6.8125,6.859375,6.8125,6.84375,3.5292296409606934,2989600
1993-10-07,6.84375,6.84375,6.8125,6.8125,3.513115882873535,1863200
1993-10-08,6.859375,6.875,6.828125,6.84375,3.5292296409606934,1618400
1993-10-11,6.84375,6.953125,6.828125,6.921875,3.5695178508758545,2648000
1993-10-12,6.921875,6.96875,6.890625,6.9375,3.5775763988494873,3353600
1993-10-13,6.9375,6.96875,6.921875,6.9375,3.5775763988494873,1294400
1993-10-14,6.9375,7.21875,6.9375,7.171875,3.6984381675720215,5654400
1993-10-15,7.25,7.4375,7.234375,7.375,3.803189754486084,8156800
1993-10-18,7.3125,7.359375,7.21875,7.234375,3.730670690536499,4589600
1993-10-19,7.125,7.15625,7.0625,7.078125,3.6729414463043213,4046400
1993-10-20,7.125,7.1875,7.09375,7.171875,3.721590042114258,2812000
1993-10-21,7.15625,7.28125,7.0625,7.21875,3.745913505554199,7774400
1993-10-22,7.21875,7.25,7.140625,7.140625,3.7053725719451904,6619200
1993-10-25,7.1875,7.359375,7.1875,7.34375,3.810777187347412,6304800
1993-10-26,7.34375,7.34375,7.25,7.265625,3.7702364921569824,2419200
1993-10-27,7.28125,7.375,7.265625,7.375,3.826993703842163,1711200
1993-10-28,7.3125,7.390625,7.3125,7.390625,3.8351011276245117,3568800
1993-10-29,7.375,7.390625,7.3125,7.34375,3.810777187347412,2657600
1993-11-01,7.28125,7.390625,7.28125,7.390625,3.8351011276245117,2354400
1993-11-02,7.390625,7.390625,7.3125,7.34375,3.810777187347412,1791200
1993-11-03,7.3125,7.328125,7.21875,7.25,3.7621281147003174,4226400
1993-11-04,7.25,7.25,7.1875,7.203125,3.7378053665161133,5451200
1993-11-05,7.09375,7.1875,7.09375,7.140625,3.7053725719451904,4244000
1993-11-08,7.15625,7.1875,7.09375,7.140625,3.7053725719451904,3956800
1993-11-09,7.171875,7.1875,7.125,7.15625,3.713479995727539,5471200
1993-11-10,7.140625,7.15625,7.109375,7.125,3.697268486022949,1485600
1993-11-11,7.125,7.125,7.0,7.015625,3.6405084133148193,3275200
1993-11-12,7.015625,7.15625,7.015625,7.09375,3.681051731109619,3548800
1993-11-15,7.09375,7.140625,7.0625,7.09375,3.681051731109619,1824800
1993-11-16,7.125,7.421875,7.109375,7.34375,3.810777187347412,3908000
1993-11-17,7.328125,7.328125,7.25,7.296875,3.7864513397216797,3088000
1993-11-18,7.25,7.3125,7.203125,7.3125,3.7945609092712402,2465600
1993-11-19,7.3125,7.3125,7.21875,7.265625,3.7702364921569824,2385600
1993-11-22,7.265625,7.34375,7.15625,7.328125,3.8026692867279053,3406400
1993-11-23,7.359375,7.40625,7.265625,7.28125,3.7783432006835938,1937600
1993-11-24,7.296875,7.328125,7.234375,7.265625,3.7702364921569824,2411200
1993-11-26,7.265625,7.28125,7.21875,7.234375,3.754023790359497,584800
1993-11-29,7.265625,7.296875,7.234375,7.265625,3.7702364921569824,3526400
1993-11-30,7.234375,7.421875,7.234375,7.40625,3.843209743499756,4033600
1993-12-01,7.4375,7.484375,7.421875,7.46875,3.8756420612335205,4132000
1993-12-02,7.40625,7.484375,7.390625,7.46875,3.8756420612335205,2187200
1993-12-03,7.484375,7.515625,7.421875,7.46875,3.8756420612335205,2732800
1993-12-06,7.46875,7.609375,7.46875,7.609375,3.948613166809082,2628000
1993-12-07,7.578125,7.6875,7.578125,7.6875,3.9891529083251953,2818400
1993-12-08,7.5625,7.640625,7.5625,7.609375,3.948613166809082,2966400
1993-12-09,7.578125,7.625,7.578125,7.609375,3.948613166809082,1993600
1993-12-10,7.578125,7.578125,7.484375,7.515625,3.8999650478363037,2062400
1993-12-13,7.484375,7.546875,7.484375,7.53125,3.9080731868743896,2603200
1993-12-14,7.515625,7.640625,7.5,7.609375,3.948613166809082,2708800
1993-12-15,7.578125,7.6875,7.546875,7.609375,3.948613166809082,4485600
1993-12-16,7.59375,7.640625,7.578125,7.609375,3.948613166809082,3078400
1993-12-17,7.59375,7.59375,7.53125,7.578125,3.9323976039886475,3532000
1993-12-20,7.5625,7.578125,7.515625,7.546875,3.916182041168213,2644800
1993-12-21,7.484375,7.546875,7.46875,7.546875,3.916182041168213,3705600
1993-12-22,7.546875,7.65625,7.515625,7.65625,3.9729366302490234,2378400
1993-12-23,7.625,7.625,7.59375,7.609375,3.948613166809082,2500000
1993-12-27,7.578125,7.609375,7.53125,7.609375,3.948613166809082,1808000
1993-12-28,7.59375,7.6875,7.546875,7.65625,3.9729366302490234,2616000
1993-12-29,7.625,7.65625,7.625,7.625,3.9567227363586426,1960000
1993-12-30,7.609375,7.6875,7.609375,7.671875,3.9810445308685303,2000800
1993-12-31,7.6875,7.84375,7.671875,7.796875,4.0459113121032715,2888000
1994-01-03,7.75,7.78125,7.59375,7.609375,3.948613166809082,4948000
1994-01-04,7.609375,7.625,7.484375,7.5,3.8918590545654297,5761600
1994-01-05,7.46875,7.46875,7.375,7.46875,3.8756420612335205,4338400
1994-01-06,7.4375,7.453125,7.390625,7.390625,3.8351011276245117,1756000
1994-01-07,7.375,7.5,7.3125,7.5,3.8918590545654297,2872000
1994-01-10,7.5,7.625,7.484375,7.59375,3.9405055046081543,2419200
1994-01-11,7.59375,7.65625,7.578125,7.640625,3.9648277759552,3583200
1994-01-12,7.609375,7.703125,7.578125,7.640625,3.9648277759552,4645600
1994-01-13,7.640625,7.640625,7.578125,7.59375,3.9405055046081543,2920000
1994-01-14,7.59375,7.625,7.578125,7.609375,3.948613166809082,2965600
1994-01-17,7.609375,7.609375,7.515625,7.53125,3.9080731868743896,1978400
1994-01-18,7.515625,7.546875,7.5,7.515625,3.8999650478363037,2364800
1994-01-19,7.4375,7.453125,7.390625,7.421875,3.8745157718658447,3060800
1994-01-20,7.421875,7.578125,7.40625,7.5625,3.9479291439056396,4000800
1994-01-21,7.625,7.625,7.5,7.53125,3.9316136837005615,4024000
1994-01-24,7.53125,7.53125,7.5,7.515625,3.92345929145813,3230400
1994-01-25,7.5,7.515625,7.40625,7.4375,3.882671594619751,4658400
1994-01-26,7.421875,7.4375,7.34375,7.34375,3.833733081817627,2643200
1994-01-27,7.34375,7.421875,7.3125,7.40625,3.8663604259490967,3691200
1994-01-28,7.421875,7.46875,7.40625,7.4375,3.882671594619751,2386400
1994-01-31,7.46875,7.515625,7.453125,7.453125,3.8908326625823975,2156800
1994-02-01,7.484375,7.484375,7.421875,7.4375,3.882671594619751,2233600
1994-02-02,7.46875,7.609375,7.453125,7.59375,3.9642436504364014,2113600
1994-02-03,7.59375,7.703125,7.59375,7.65625,3.996870517730713,4738400
1994-02-04,7.6875,7.734375,7.609375,7.609375,3.972400426864624,4030400
1994-02-07,7.546875,7.6875,7.546875,7.640625,3.9887118339538574,4610400
1994-02-08,7.640625,7.6875,7.59375,7.671875,4.005024433135986,4412000
1994-02-09,7.703125,7.75,7.65625,7.734375,4.037654876708984,4428800
1994-02-10,7.75,7.75,7.609375,7.609375,3.972400426864624,3720800
1994-02-11,7.640625,7.671875,7.59375,7.65625,3.996870517730713,2372800
1994-02-14,7.671875,7.78125,7.671875,7.75,4.045810222625732,3418400
1994-02-15,7.734375,7.96875,7.734375,7.953125,4.151851177215576,5399200
1994-02-16,7.953125,8.109375,7.9375,8.109375,4.233418941497803,3892000
1994-02-17,8.09375,8.109375,7.96875,8.015625,4.184479236602783,4147200
1994-02-18,8.015625,8.03125,7.921875,7.953125,4.151851177215576,3416800
1994-02-22,7.984375,8.109375,7.984375,8.109375,4.233418941497803,2520000
1994-02-23,8.109375,8.109375,8.03125,8.078125,4.217105388641357,2398400
1994-02-24,8.09375,8.109375,8.015625,8.0625,4.2089457511901855,3008000
1994-02-25,8.078125,8.171875,8.046875,8.15625,4.257889270782471,4156800
1994-02-28,8.171875,8.171875,8.109375,8.140625,4.249732494354248,4858400
1994-03-01,8.109375,8.109375,8.015625,8.078125,4.217105388641357,2432800
1994-03-02,7.96875,8.078125,7.90625,8.078125,4.217105388641357,4295200
1994-03-03,8.0625,8.078125,7.984375,8.015625,4.184479236602783,3408800
1994-03-04,8.015625,8.09375,8.0,8.03125,4.192636013031006,2567200
1994-03-07,8.0625,8.15625,8.0625,8.125,4.241576194763184,1788000
1994-03-08,8.09375,8.171875,8.0625,8.078125,4.217105388641357,3905600
1994-03-09,8.078125,8.15625,8.0,8.109375,4.233418941497803,2562400
1994-03-10,8.125,8.125,8.0625,8.09375,4.225261211395264,2764000
1994-03-11,8.078125,8.09375,8.015625,8.0625,4.2089457511901855,1780000
1994-03-14,8.0625,8.0625,7.984375,8.0,4.1763200759887695,1501600
1994-03-15,8.046875,8.15625,7.984375,8.046875,4.200789451599121,3776000
1994-03-16,8.0625,8.0625,7.953125,7.984375,4.168163299560547,2754400
1994-03-17,8.015625,8.03125,7.90625,7.90625,4.12738037109375,2733600
1994-03-18,7.84375,7.921875,7.828125,7.859375,4.102910041809082,5092800
1994-03-21,7.859375,7.859375,7.796875,7.828125,4.086596488952637,2193600
1994-03-22,7.84375,7.875,7.8125,7.828125,4.086596488952637,2183200
1994-03-23,7.5625,7.671875,7.53125,7.578125,3.9560842514038086,5116800
1994-03-24,7.53125,7.546875,7.359375,7.421875,3.8745157718658447,9742400
1994-03-25,7.421875,7.484375,7.40625,7.4375,3.882671594619751,3360800
1994-03-28,7.453125,7.46875,7.28125,7.375,3.8500473499298096,3713600
1994-03-29,7.34375,7.359375,7.21875,7.28125,3.801103353500366,3667200
1994-03-30,7.28125,7.296875,7.15625,7.234375,3.776634454727173,4106400
1994-03-31,7.25,7.265625,6.953125,7.234375,3.776634454727173,3121600
1994-04-04,7.0,7.203125,7.0,7.15625,3.7358484268188477,3048000
1994-04-05,7.1875,7.234375,7.140625,7.21875,3.76847767829895,3068800
1994-04-06,7.21875,7.21875,7.109375,7.140625,3.7276933193206787,2491200
1994-04-07,7.171875,7.171875,7.078125,7.09375,3.703221321105957,1960000
1994-04-08,7.0625,7.078125,7.0,7.03125,3.670593023300171,3264800
1994-04-11,7.015625,7.0625,6.984375,7.0625,3.68690824508667,3157600
1994-04-12,7.078125,7.078125,7.0,7.03125,3.670593023300171,2976000
1994-04-13,7.03125,7.046875,6.953125,7.046875,3.678750991821289,2034400
1994-04-14,7.0625,7.203125,7.03125,7.203125,3.7603189945220947,5064800
1994-04-15,7.203125,7.21875,7.109375,7.140625,3.7276933193206787,2508800
1994-04-18,7.125,7.140625,7.0625,7.109375,3.711378574371338,4003200
1994-04-19,7.03125,7.109375,7.0,7.046875,3.702183723449707,1987200
1994-04-20,7.0625,7.21875,7.046875,7.21875,3.792482614517212,4192800
1994-04-21,7.234375,7.234375,7.171875,7.203125,3.784271717071533,3081600
1994-04-22,7.203125,7.3125,7.1875,7.25,3.808898687362671,2913600
1994-04-25,7.296875,7.3125,7.21875,7.25,3.808898687362671,1457600
1994-04-26,7.28125,7.28125,7.234375,7.28125,3.825317859649658,2284000
1994-04-28,7.28125,7.296875,7.203125,7.203125,3.784271717071533,1836000
1994-04-29,7.234375,7.375,7.21875,7.328125,3.8499433994293213,2571200
1994-05-02,7.296875,7.4375,7.234375,7.4375,3.907405138015747,5591200
1994-05-03,7.4375,7.4375,7.25,7.359375,3.866363286972046,1990400
1994-05-04,7.390625,7.390625,7.21875,7.3125,3.841735363006592,2890400
1994-05-05,7.328125,7.328125,7.09375,7.140625,3.751438856124878,2720000
1994-05-06,7.109375,7.125,7.046875,7.125,3.7432291507720947,3092800
1994-05-09,7.15625,7.15625,6.953125,7.0,3.677558422088623,2049600
1994-05-10,7.046875,7.078125,7.0,7.0625,3.7103922367095947,1707200
1994-05-11,7.03125,7.078125,7.03125,7.046875,3.702183723449707,1957600
1994-05-12,7.0625,7.15625,7.046875,7.09375,3.726808786392212,1392800
1994-05-13,7.109375,7.125,7.046875,7.046875,3.702183723449707,2205600
1994-05-16,7.0,7.078125,7.0,7.0625,3.7103922367095947,1649600
1994-05-17,7.078125,7.21875,7.03125,7.203125,3.784271717071533,2159200
1994-05-18,7.21875,7.234375,7.09375,7.21875,3.792482614517212,2992000
1994-05-19,7.25,7.328125,7.21875,7.296875,3.8335256576538086,3556000
1994-05-20,7.296875,7.3125,7.25,7.28125,3.825317859649658,3456000
1994-05-23,7.296875,7.3125,7.21875,7.3125,3.841735363006592,2720800
1994-05-24,7.3125,7.328125,7.25,7.265625,3.8171095848083496,2678400
1994-05-25,7.234375,7.25,7.21875,7.234375,3.8006913661956787,1505600
1994-05-26,7.21875,7.265625,7.21875,7.25,3.808898687362671,2398400
1994-05-27,7.234375,7.28125,7.21875,7.265625,3.8171095848083496,2696800
1994-05-31,7.265625,7.265625,7.125,7.15625,3.759645700454712,5218400
1994-06-01,7.1875,7.1875,7.09375,7.09375,3.726808786392212,1470400
1994-06-02,7.09375,7.234375,7.09375,7.203125,3.784271717071533,1987200
1994-06-03,7.15625,7.203125,7.15625,7.203125,3.784271717071533,1485600
1994-06-06,7.21875,7.25,7.1875,7.21875,3.792482614517212,1777600
1994-06-07,7.1875,7.234375,7.140625,7.234375,3.8006913661956787,1753600
1994-06-08,7.28125,7.28125,7.171875,7.1875,3.7760629653930664,1245600
1994-06-09,7.171875,7.21875,7.15625,7.171875,3.7678558826446533,2168800
1994-06-10,7.203125,7.203125,7.09375,7.125,3.7432291507720947,1648800
1994-06-13,7.109375,7.140625,7.0,7.140625,3.751438856124878,4144800
1994-06-14,7.15625,7.203125,7.140625,7.203125,3.784271717071533,1276800
1994-06-15,7.28125,7.28125,7.125,7.171875,3.7678558826446533,2143200
1994-06-16,7.140625,7.171875,7.109375,7.15625,3.759645700454712,2205600
1994-06-17,7.140625,7.1875,7.09375,7.109375,3.735018730163574,4624000
1994-06-20,7.09375,7.15625,7.046875,7.046875,3.702183723449707,2497600
1994-06-21,6.96875,6.96875,6.765625,6.859375,3.603679895401001,7859200
1994-06-22,6.828125,6.84375,6.65625,6.6875,3.513381004333496,6733600
1994-06-23,6.703125,6.796875,6.625,6.625,3.4805452823638916,7666400
1994-06-24,6.59375,6.59375,6.40625,6.546875,3.4395008087158203,5042400
1994-06-27,6.5,6.703125,6.484375,6.671875,3.5051722526550293,3523200
1994-06-28,6.640625,6.671875,6.59375,6.65625,3.4969654083251953,5247200
1994-06-29,6.65625,6.703125,6.59375,6.625,3.4805452823638916,2549600
1994-06-30,6.65625,6.65625,6.5,6.53125,3.4312925338745117,2384800
1994-07-01,6.59375,6.59375,6.515625,6.53125,3.4312925338745117,1411200
1994-07-05,6.53125,6.609375,6.453125,6.484375,3.4066665172576904,3036000
1994-07-06,6.5,6.609375,6.484375,6.609375,3.4723358154296875,6151200
1994-07-07,6.625,6.703125,6.625,6.640625,3.488755226135254,4825600
1994-07-08,6.609375,6.703125,6.59375,6.703125,3.521589994430542,2888000
1994-07-11,6.71875,6.75,6.640625,6.65625,3.4969654083251953,4070400
1994-07-12,6.65625,6.6875,6.59375,6.671875,3.5051722526550293,2988800
1994-07-13,6.640625,6.6875,6.484375,6.53125,3.4312925338745117,8252000
1994-07-14,6.5625,6.671875,6.546875,6.625,3.4805452823638916,5544800
1994-07-15,6.625,6.6875,6.609375,6.640625,3.488755226135254,3311200
1994-07-18,6.640625,6.6875,6.59375,6.65625,3.4969654083251953,4138400
1994-07-19,6.59375,6.625,6.46875,6.515625,3.449643611907959,2988000
1994-07-20,6.46875,6.53125,6.46875,6.53125,3.4579169750213623,1502400
1994-07-21,6.515625,6.53125,6.1875,6.3125,3.342101573944092,13788800
1994-07-22,6.3125,6.484375,6.28125,6.484375,3.4330999851226807,10649600
1994-07-25,6.4375,6.5,6.4375,6.478516101837158,3.4299986362457275,7042400
1994-07-26,6.5,6.578125,6.484375,6.578125,3.4827346801757812,4588000
1994-07-27,6.5625,6.578125,6.5,6.515625,3.449643611907959,3936800
1994-07-28,6.515625,6.625,6.5,6.609375,3.499279022216797,3205600
1994-07-29,6.640625,6.671875,6.625,6.671875,3.5323710441589355,1940800
1994-08-01,6.671875,6.671875,6.5625,6.59375,3.4910078048706055,1797600
1994-08-02,6.578125,6.59375,6.484375,6.515625,3.449643611907959,5130400
1994-08-03,6.53125,6.53125,6.484375,6.5,3.441372871398926,3336800
1994-08-04,6.5,6.5625,6.46875,6.484375,3.4330999851226807,4056000
1994-08-05,6.46875,6.53125,6.46875,6.5,3.441372871398926,2480800
1994-08-08,6.53125,6.578125,6.484375,6.5625,3.4744632244110107,2032800
1994-08-09,6.65625,6.71875,6.65625,6.65625,3.5240981578826904,5281600
1994-08-10,6.6875,6.796875,6.625,6.796875,3.5985491275787354,3477600
1994-08-11,6.859375,6.921875,6.734375,6.75,3.5737340450286865,4997600
1994-08-12,6.78125,6.890625,6.765625,6.859375,3.6316404342651367,4366400
1994-08-15,6.875,6.875,6.84375,6.859375,3.6316404342651367,2155200
1994-08-16,6.875,6.953125,6.828125,6.90625,3.6564555168151855,3446400
1994-08-17,6.9375,6.984375,6.921875,6.984375,3.6978211402893066,5443200
1994-08-18,6.953125,6.96875,6.890625,6.96875,3.6895477771759033,3322400
1994-08-19,6.96875,6.984375,6.921875,6.96875,3.6895477771759033,2484800
1994-08-22,6.96875,7.109375,6.953125,7.109375,3.7640011310577393,3608000
1994-08-23,7.140625,7.15625,7.046875,7.046875,3.730909585952759,4416800
1994-08-24,7.078125,7.125,7.03125,7.125,3.7722725868225098,5699200
1994-08-25,7.09375,7.140625,7.09375,7.140625,3.7805469036102295,3387200
1994-08-26,7.15625,7.25,7.140625,7.234375,3.83018159866333,2524000
1994-08-29,7.25,7.3125,7.140625,7.234375,3.83018159866333,4010400
1994-08-30,7.25,7.265625,7.171875,7.1875,3.8053629398345947,2762400
1994-08-31,7.1875,7.1875,7.140625,7.15625,3.788817882537842,3260000
1994-09-01,7.171875,7.1875,7.125,7.1875,3.8053629398345947,3955200
1994-09-02,7.171875,7.171875,7.09375,7.09375,3.755727529525757,2566400
1994-09-06,7.125,7.140625,7.078125,7.078125,3.7474570274353027,1488800
1994-09-07,7.078125,7.09375,6.96875,6.96875,3.6895477771759033,2727200
1994-09-08,6.96875,6.984375,6.90625,6.90625,3.6564555168151855,3140800
1994-09-09,6.84375,6.890625,6.8125,6.890625,3.648186683654785,2585600
1994-09-12,6.90625,6.9375,6.90625,6.9375,3.673003911972046,1552800
1994-09-13,6.921875,6.9375,6.703125,6.703125,3.548915386199951,3880000
1994-09-14,6.8125,6.921875,6.8125,6.921875,3.664731979370117,4871200
1994-09-15,6.9375,7.046875,6.921875,7.015625,3.7143642902374268,4132000
1994-09-16,6.96875,7.015625,6.9375,7.015625,3.7143642902374268,5433600
1994-09-19,7.015625,7.03125,6.984375,6.984375,3.6978211402893066,2062400
1994-09-20,6.96875,7.046875,6.953125,6.953125,3.681274652481079,4379200
1994-09-21,6.984375,7.078125,6.9375,7.0625,3.739182710647583,4467200
1994-09-22,7.078125,7.109375,7.046875,7.0625,3.739182710647583,2112800
1994-09-23,7.0625,7.0625,6.984375,6.984375,3.6978211402893066,1960000
1994-09-26,7.0,7.234375,7.0,7.234375,3.83018159866333,3020800
1994-09-27,7.21875,7.25,7.140625,7.234375,3.83018159866333,4298400
1994-09-28,7.28125,7.328125,7.265625,7.28125,3.8549985885620117,3689600
1994-09-29,7.3125,7.3125,7.171875,7.25,3.8384549617767334,2456800
1994-09-30,7.234375,7.28125,7.171875,7.25,3.8384549617767334,2476800
1994-10-03,7.25,7.265625,7.1875,7.265625,3.8467283248901367,1564000
1994-10-04,7.234375,7.296875,7.21875,7.28125,3.8549985885620117,2626400
1994-10-05,7.28125,7.296875,7.1875,7.21875,3.8219094276428223,2381600
1994-10-06,7.234375,7.234375,7.125,7.171875,3.7970921993255615,2446400
1994-10-07,7.15625,7.1875,7.125,7.15625,3.788817882537842,1172000
1994-10-10,7.140625,7.234375,7.140625,7.234375,3.83018159866333,1500000
1994-10-11,7.25,7.484375,7.25,7.328125,3.879816770553589,2691200
1994-10-12,7.328125,7.390625,7.328125,7.375,3.9046342372894287,2557600
1994-10-13,7.4375,7.5,7.390625,7.4375,3.93772292137146,3993600
1994-10-14,7.421875,7.5,7.3125,7.484375,3.9625418186187744,5879200
1994-10-17,7.46875,7.625,7.46875,7.546875,3.995633363723755,3011200
1994-10-18,7.578125,7.625,7.53125,7.609375,4.028723239898682,2620800
1994-10-19,7.5625,7.59375,7.53125,7.578125,4.039381504058838,4273600
1994-10-20,7.578125,7.609375,7.375,7.46875,3.9810829162597656,4551200
1994-10-21,7.4375,7.546875,7.421875,7.515625,4.006066799163818,1956000
1994-10-24,7.5,7.546875,7.421875,7.421875,3.9560976028442383,1932000
1994-10-25,7.390625,7.484375,7.390625,7.46875,3.9810829162597656,1563200
1994-10-26,7.453125,7.46875,7.4375,7.46875,3.9810829162597656,3238400
1994-10-27,7.46875,7.5625,7.4375,7.546875,4.0227251052856445,3303200
1994-10-28,7.5625,7.625,7.53125,7.546875,4.0227251052856445,2741600
1994-10-31,7.59375,7.671875,7.578125,7.59375,4.047711372375488,2296800
1994-11-01,7.59375,7.671875,7.578125,7.65625,4.081023693084717,2958400
1994-11-02,7.65625,7.65625,7.546875,7.609375,4.056039333343506,2796000
1994-11-03,7.59375,7.65625,7.546875,7.578125,4.039381504058838,2120800
1994-11-04,7.609375,7.609375,7.484375,7.5,3.997739553451538,1893600
1994-11-07,7.515625,7.5625,7.5,7.5625,4.031055450439453,1200800
1994-11-08,7.5625,7.640625,7.5625,7.625,4.064367771148682,2827200
1994-11-09,7.6875,7.6875,7.53125,7.59375,4.047711372375488,2686400
1994-11-10,7.609375,7.65625,7.5625,7.59375,4.047711372375488,2027200
1994-11-11,7.53125,7.5625,7.46875,7.5625,4.031055450439453,2560000
1994-11-14,7.578125,7.671875,7.546875,7.640625,4.072697162628174,1359200
1994-11-15,7.640625,7.65625,7.609375,7.640625,4.072697162628174,2176800
1994-11-16,7.625,7.765625,7.625,7.75,4.130997180938721,1808000
1994-11-17,7.75,7.84375,7.734375,7.828125,4.172638893127441,5544000
1994-11-18,7.828125,7.828125,7.71875,7.765625,4.139327526092529,3639200
1994-11-21,7.765625,7.796875,7.703125,7.71875,4.1143412590026855,2838400
1994-11-22,7.671875,7.734375,7.546875,7.578125,4.039381504058838,2938400
1994-11-23,7.5625,7.59375,7.453125,7.5625,4.031055450439453,5124800
1994-11-25,7.53125,7.59375,7.515625,7.53125,4.01439905166626,294400
1994-11-28,7.53125,7.546875,7.46875,7.5,3.997739553451538,1839200
1994-11-29,7.484375,7.5,7.421875,7.5,3.997739553451538,1746400
1994-11-30,7.5,7.53125,7.484375,7.515625,4.006066799163818,3683200
1994-12-01,7.484375,7.484375,7.4375,7.4375,3.9644243717193604,948000
1994-12-02,7.40625,7.484375,7.3125,7.484375,3.989410877227783,2361600
1994-12-05,7.484375,7.5625,7.453125,7.5,3.997739553451538,1157600
1994-12-06,7.578125,7.625,7.5625,7.625,4.064367771148682,1898400
1994-12-07,7.609375,7.671875,7.5625,7.640625,4.072697162628174,3184000
1994-12-08,7.625,7.703125,7.578125,7.625,4.064367771148682,2297600
1994-12-09,7.59375,7.609375,7.5625,7.609375,4.056039333343506,4631200
1994-12-12,7.609375,7.8125,7.59375,7.8125,4.164311408996582,2933600
1994-12-13,7.8125,7.9375,7.734375,7.921875,4.222613334655762,3308800
1994-12-14,7.90625,8.046875,7.875,7.96875,4.247598171234131,6096800
1994-12-15,7.9375,7.96875,7.8125,7.890625,4.205955505371094,2605600
1994-12-16,7.875,8.015625,7.828125,8.015625,4.2725830078125,7877600
1994-12-19,7.96875,8.09375,7.96875,8.0625,4.297570705413818,3108800
1994-12-20,8.03125,8.078125,8.015625,8.0625,4.297570705413818,3714400
1994-12-21,8.03125,8.0625,7.890625,7.890625,4.205955505371094,5200000
1994-12-22,7.8125,7.828125,7.6875,7.6875,4.097683906555176,12957600
1994-12-23,7.78125,7.84375,7.71875,7.828125,4.172638893127441,2343200
1994-12-27,7.8125,7.875,7.8125,7.875,4.197626113891602,1999200
1994-12-28,7.875,7.875,7.765625,7.859375,4.189298629760742,3352000
1994-12-29,7.828125,7.921875,7.75,7.90625,4.214283466339111,2698400
1994-12-30,7.90625,7.96875,7.90625,7.921875,4.222613334655762,2727200
1995-01-03,7.890625,7.921875,7.8125,7.859375,4.189298629760742,3244800
1995-01-04,7.828125,7.84375,7.71875,7.765625,4.139327526092529,4828000
1995-01-05,7.71875,7.71875,7.484375,7.515625,4.006066799163818,6736800
1995-01-06,7.515625,7.65625,7.5,7.5,3.997739553451538,4729600
1995-01-09,7.515625,7.59375,7.46875,7.46875,3.9810829162597656,6267200
1995-01-10,7.4375,7.4375,7.328125,7.359375,3.922783613204956,5591200
1995-01-11,7.3125,7.4375,7.296875,7.4375,3.9644243717193604,5115200
1995-01-12,7.453125,7.5,7.34375,7.5,3.997739553451538,3240000
1995-01-13,7.53125,7.578125,7.4375,7.515625,4.006066799163818,3261600
1995-01-16,7.484375,7.546875,7.453125,7.5,3.997739553451538,2544000
1995-01-17,7.453125,7.46875,7.34375,7.46875,3.9810829162597656,2562400
1995-01-18,7.46875,7.46875,7.3125,7.34375,3.914454936981201,2985600
1995-01-19,7.3125,7.34375,7.28125,7.328125,3.933575391769409,1776000
1995-01-20,7.328125,7.34375,7.265625,7.328125,3.933575391769409,2728000
1995-01-23,7.3125,7.34375,7.265625,7.34375,3.9419636726379395,1842400
1995-01-24,7.34375,7.390625,7.3125,7.328125,3.933575391769409,1944800
1995-01-25,7.296875,7.453125,7.25,7.359375,3.950350522994995,3949600
1995-01-26,7.328125,7.453125,7.328125,7.390625,3.9671242237091064,3536000
1995-01-27,7.4375,7.71875,7.4375,7.71875,4.143256187438965,4961600
1995-01-30,7.71875,7.734375,7.5625,7.6875,4.126481533050537,2876800
1995-01-31,7.6875,7.859375,7.65625,7.859375,4.218741416931152,5108000
1995-02-01,7.8125,7.828125,7.726562976837158,7.734375,4.151642799377441,2575200
1995-02-02,7.734375,7.828125,7.6875,7.796875,4.185191631317139,2690400
1995-02-03,7.84375,7.890625,7.84375,7.890625,4.235515594482422,6204800
1995-02-06,7.875,7.96875,7.859375,7.9375,4.260676860809326,4873600
1995-02-07,7.953125,8.03125,7.953125,8.015625,4.302611351013184,3066400
1995-02-08,8.015625,8.09375,8.0,8.03125,4.311000347137451,3395200
1995-02-09,8.015625,8.03125,7.859375,7.875,4.2271270751953125,3816000
1995-02-10,7.875,7.875,7.703125,7.796875,4.185191631317139,2124800
1995-02-13,7.8125,7.875,7.8125,7.875,4.2271270751953125,3025600
1995-02-14,7.875,7.875,7.75,7.75,4.160030364990234,2588000
1995-02-15,7.75,7.875,7.734375,7.859375,4.218741416931152,4507200
1995-02-16,7.875,7.875,7.78125,7.796875,4.185191631317139,4601600
1995-02-17,7.796875,7.828125,7.734375,7.734375,4.151642799377441,2942400
1995-02-21,7.75,7.875,7.71875,7.8125,4.193577289581299,3298400
1995-02-22,7.8125,7.8125,7.734375,7.75,4.160030364990234,2899200
1995-02-23,7.78125,7.9375,7.765625,7.859375,4.218741416931152,5434400
1995-02-24,7.828125,8.125,7.828125,8.109375,4.352932453155518,3702400
1995-02-27,8.046875,8.09375,7.96875,8.0625,4.3277716636657715,3203200
1995-02-28,8.09375,8.171875,8.046875,8.0625,4.3277716636657715,4888000
1995-03-01,8.0625,8.109375,7.96875,7.96875,4.277449131011963,2218400
1995-03-02,7.953125,8.03125,7.859375,8.015625,4.302611351013184,3802400
1995-03-03,8.0,8.109375,8.0,8.0625,4.3277716636657715,1688800
1995-03-06,8.015625,8.078125,8.0,8.078125,4.3361592292785645,3230400
1995-03-07,8.09375,8.125,7.90625,7.96875,4.277449131011963,5684800
1995-03-08,7.96875,7.984375,7.84375,7.84375,4.210350513458252,3807200
1995-03-09,7.84375,7.890625,7.8125,7.84375,4.210350513458252,3800000
1995-03-10,7.875,7.921875,7.828125,7.875,4.2271270751953125,6254400
1995-03-13,7.9375,8.015625,7.90625,7.953125,4.269064426422119,7085600
1995-03-14,8.0,8.171875,7.984375,8.140625,4.369708061218262,8085600
1995-03-15,8.140625,8.296875,8.140625,8.15625,4.378095626831055,6905600
1995-03-16,8.140625,8.390625,8.140625,8.296875,4.453580379486084,6068800
1995-03-17,8.28125,8.359375,8.25,8.328125,4.470353603363037,10071200
1995-03-20,8.3125,8.34375,8.234375,8.3125,4.461967945098877,3288800
1995-03-21,8.3125,8.390625,8.3125,8.34375,4.478740692138672,5129600
1995-03-22,8.328125,8.421875,8.328125,8.390625,4.50390100479126,3413600
1995-03-23,8.40625,8.484375,8.390625,8.484375,4.554225921630859,3216800
1995-03-24,8.484375,8.484375,8.421875,8.46875,4.545839309692383,2620000
1995-03-27,8.515625,8.515625,8.359375,8.421875,4.520678520202637,2144800
1995-03-28,8.40625,8.46875,8.328125,8.46875,4.545839309692383,2247200
1995-03-29,8.453125,8.515625,8.328125,8.34375,4.478740692138672,5192000
1995-03-30,8.375,8.375,8.203125,8.21875,4.411641597747803,3031200
1995-03-31,8.125,8.25,8.125,8.25,4.42841911315918,4507200
1995-04-03,8.15625,8.28125,8.109375,8.28125,4.445194244384766,4735200
1995-04-04,8.265625,8.46875,8.265625,8.46875,4.545839309692383,4743200
1995-04-05,8.46875,8.515625,8.4375,8.515625,4.571000099182129,3394400
1995-04-06,8.484375,8.53125,8.421875,8.515625,4.571000099182129,2094400
1995-04-07,8.515625,8.546875,8.453125,8.53125,4.579387187957764,2012800
1995-04-10,8.5,8.515625,8.453125,8.453125,4.537452220916748,1746400
1995-04-11,8.4375,8.484375,8.421875,8.4375,4.529064655303955,2949600
1995-04-12,8.421875,8.515625,8.390625,8.5,4.562612056732178,2277600
1995-04-13,8.5,8.546875,8.359375,8.359375,4.487128734588623,2368000
1995-04-17,8.4375,8.53125,8.4375,8.484375,4.554225921630859,3449600
1995-04-18,8.5,8.640625,8.5,8.546875,4.587775230407715,4376800
1995-04-19,8.5,8.65625,8.5,8.65625,4.6745147705078125,3379200
1995-04-20,8.640625,8.703125,8.546875,8.640625,4.666076183319092,3275200
1995-04-21,8.65625,8.796875,8.640625,8.734375,4.716701984405518,5980800
1995-04-24,8.78125,8.8125,8.71875,8.8125,4.758890151977539,3509600
1995-04-25,8.8125,8.8125,8.703125,8.75,4.725141525268555,3507200
1995-04-26,8.765625,8.765625,8.5625,8.609375,4.649200916290283,2844000
1995-04-27,8.65625,8.75,8.625,8.75,4.725141525268555,2263200
1995-04-28,8.75,8.78125,8.625,8.78125,4.742016792297363,2169600
1995-05-01,8.75,8.75,8.609375,8.65625,4.6745147705078125,2492000
1995-05-02,8.640625,8.640625,8.546875,8.625,4.657639026641846,1516800
1995-05-03,8.65625,8.9375,8.640625,8.921875,4.817957401275635,3395200
1995-05-04,8.96875,9.0625,8.875,9.015625,4.868581295013428,3873600
1995-05-05,9.0625,9.0625,8.953125,9.0,4.860146522521973,1664800
1995-05-08,9.046875,9.125,8.96875,9.109375,4.9192094802856445,1672800
1995-05-09,9.1875,9.21875,9.109375,9.15625,4.944521903991699,2504000
1995-05-10,9.15625,9.203125,9.109375,9.140625,4.936085224151611,2292800
1995-05-11,9.109375,9.109375,9.015625,9.046875,4.88545560836792,2028800
1995-05-12,9.0,9.046875,8.859375,8.90625,4.8095173835754395,3908800
1995-05-15,8.890625,9.15625,8.890625,9.0625,4.893898010253906,3356800
1995-05-16,9.09375,9.09375,9.015625,9.0625,4.893898010253906,1565600
1995-05-17,9.03125,9.046875,8.921875,8.9375,4.826392650604248,2220000
1995-05-18,8.9375,8.953125,8.890625,8.921875,4.817957401275635,3280800
1995-05-19,8.9375,9.015625,8.921875,8.984375,4.851707935333252,4837600
1995-05-22,9.0,9.046875,8.9375,8.96875,4.843270778656006,1904000
1995-05-23,8.984375,9.0625,8.953125,9.015625,4.868581295013428,4317600
1995-05-24,9.0625,9.171875,9.046875,9.125,4.927647113800049,4989600
1995-05-25,9.125,9.3125,9.109375,9.203125,4.969834327697754,2698400
1995-05-26,9.1875,9.375,9.171875,9.3125,5.028899192810059,4118400
1995-05-30,9.34375,9.4375,9.34375,9.40625,5.079524993896484,3064000
1995-05-31,9.421875,9.625,9.359375,9.625,5.197656631469727,3410400
1995-06-01,9.59375,9.671875,9.5625,9.59375,5.180776596069336,8144800
1995-06-02,9.5625,9.640625,9.375,9.453125,5.104838848114014,5840000
1995-06-05,9.484375,9.484375,9.34375,9.421875,5.087964057922363,2268000
1995-06-06,9.359375,9.421875,9.328125,9.421875,5.087964057922363,2722400
1995-06-07,9.421875,9.46875,9.375,9.4375,5.096402645111084,1816800
1995-06-08,9.4375,9.515625,9.421875,9.5,5.130153179168701,1671200
1995-06-09,9.4375,9.453125,9.34375,9.390625,5.0710883140563965,2540000
1995-06-12,9.375,9.484375,9.328125,9.46875,5.113276958465576,1917600
1995-06-13,9.484375,9.5,9.4375,9.46875,5.113276958465576,1680000
1995-06-14,9.46875,9.46875,9.421875,9.4375,5.096402645111084,1475200
1995-06-15,9.453125,9.609375,9.453125,9.59375,5.180776596069336,5040000
1995-06-16,9.609375,9.625,9.578125,9.625,5.197656631469727,4816000
1995-06-19,9.625,9.671875,9.609375,9.625,5.197656631469727,2441600
1995-06-20,9.625,9.65625,9.296875,9.3125,5.028899192810059,10615200
1995-06-21,9.296875,9.375,9.265625,9.296875,5.02046012878418,8133600
1995-06-22,9.3125,9.4375,9.3125,9.4375,5.096402645111084,6468000
1995-06-23,9.421875,9.421875,9.296875,9.359375,5.054213523864746,2631200
1995-06-26,9.3125,9.421875,9.3125,9.40625,5.079524993896484,2125600
1995-06-27,9.40625,9.4375,9.3125,9.3125,5.028899192810059,2956000
1995-06-28,9.265625,9.296875,9.1875,9.25,4.99514627456665,3633600
1995-06-29,9.25,9.265625,9.15625,9.1875,4.961398601531982,1920800
1995-06-30,9.1875,9.25,9.125,9.140625,4.936085224151611,1846400
1995-07-03,9.125,9.125,9.0625,9.109375,4.9192094802856445,858400
1995-07-05,9.109375,9.15625,9.03125,9.078125,4.9023356437683105,2225600
1995-07-06,9.109375,9.109375,8.8125,8.828125,4.767329692840576,6665600
1995-07-07,8.828125,9.0,8.8125,8.96875,4.843270778656006,8822400
1995-07-10,9.046875,9.203125,9.03125,9.125,4.927647113800049,6011200
1995-07-11,9.15625,9.15625,9.109375,9.140625,4.936085224151611,1979200
1995-07-12,9.109375,9.125,8.96875,9.09375,4.910772323608398,3092800
1995-07-13,9.09375,9.109375,9.015625,9.015625,4.868581295013428,2574400
1995-07-14,8.375,8.5625,8.3125,8.53125,4.607011795043945,24598400
1995-07-17,8.5625,8.59375,8.515625,8.578125,4.632326602935791,8903200
1995-07-18,8.546875,8.546875,8.328125,8.484375,4.581699371337891,8985600
1995-07-19,8.4375,8.4375,8.328125,8.375,4.5226359367370605,6534400
1995-07-20,8.40625,8.46875,8.328125,8.390625,4.531073093414307,5000800
1995-07-21,8.359375,8.390625,8.28125,8.375,4.554523944854736,7810400
1995-07-24,8.375,8.46875,8.320313453674316,8.46875,4.605510711669922,5445600
1995-07-25,8.46875,8.5,8.40625,8.421875,4.580017566680908,4861600
1995-07-26,8.5,8.609375,8.453125,8.53125,4.63949728012085,18343200
1995-07-27,8.546875,8.671875,8.546875,8.625,4.690481185913086,8535200
1995-07-28,8.640625,8.765625,8.640625,8.703125,4.732967376708984,7047200
1995-07-31,8.734375,8.859375,8.71875,8.75,4.75846004486084,5757600
1995-08-01,8.796875,8.828125,8.734375,8.8125,4.792445182800293,3793600
1995-08-02,8.84375,8.9375,8.828125,8.859375,4.817939758300781,4359200
1995-08-03,8.859375,8.890625,8.78125,8.8125,4.792445182800293,3008000
1995-08-04,8.8125,8.859375,8.765625,8.8125,4.792445182800293,4943200
1995-08-07,8.796875,8.796875,8.734375,8.734375,4.749961853027344,3081600
1995-08-08,8.71875,8.71875,8.578125,8.578125,4.664990425109863,5673600
1995-08-09,8.59375,8.671875,8.578125,8.640625,4.698976993560791,4992000
1995-08-10,8.625,8.640625,8.578125,8.578125,4.664990425109863,2684800
1995-08-11,8.578125,8.609375,8.515625,8.53125,4.63949728012085,2948800
1995-08-14,8.546875,8.625,8.546875,8.625,4.690481185913086,1796800
1995-08-15,8.609375,8.625,8.515625,8.578125,4.664990425109863,2440000
1995-08-16,8.5625,8.5625,8.40625,8.46875,4.605510711669922,4714400
1995-08-17,8.484375,8.484375,8.40625,8.4375,4.588512897491455,1602400
1995-08-18,8.4375,8.453125,8.34375,8.34375,4.537529945373535,3642400
1995-08-21,8.40625,8.453125,8.390625,8.40625,4.571517467498779,3396800
1995-08-22,8.40625,8.53125,8.40625,8.53125,4.63949728012085,3908800
1995-08-23,8.625,8.625,8.5,8.515625,4.631000995635986,2266400
1995-08-24,8.515625,8.53125,8.4375,8.46875,4.605510711669922,2637600
1995-08-25,8.421875,8.4375,8.359375,8.359375,4.546029090881348,2886400
1995-08-28,8.375,8.453125,8.296875,8.40625,4.571517467498779,5417600
1995-08-29,8.421875,8.453125,8.375,8.453125,4.597011089324951,2228000
1995-08-30,8.453125,8.453125,8.390625,8.4375,4.588512897491455,2118400
1995-08-31,8.4375,8.5,8.40625,8.5,4.622503757476807,1432000
1995-09-01,8.546875,8.625,8.515625,8.5625,4.656491279602051,1766400
1995-09-05,8.59375,8.640625,8.578125,8.625,4.690481185913086,2180800
1995-09-06,8.625,8.625,8.546875,8.59375,4.673484802246094,3632000
1995-09-07,8.59375,8.625,8.546875,8.5625,4.656491279602051,2096800
1995-09-08,8.5625,8.625,8.53125,8.625,4.690481185913086,1641600
1995-09-11,8.59375,8.71875,8.59375,8.671875,4.715972900390625,2895200
1995-09-12,8.671875,8.6875,8.5625,8.671875,4.715972900390625,2134400
1995-09-13,8.671875,8.96875,8.640625,8.890625,4.834935188293457,3629600
1995-09-14,8.890625,9.125,8.890625,9.0625,4.928404808044434,3082400
1995-09-15,9.0625,9.0625,8.90625,8.9375,4.8604254722595215,7408000
1995-09-18,8.84375,8.875,8.703125,8.875,4.826436996459961,3241600
1995-09-19,8.90625,8.984375,8.859375,8.96875,4.8774213790893555,1912800
1995-09-20,8.15625,8.40625,8.03125,8.390625,4.563023567199707,47013600
1995-09-21,8.375,8.46875,8.34375,8.40625,4.571517467498779,20102400
1995-09-22,8.34375,8.359375,8.296875,8.3125,4.520535469055176,10738400
1995-09-25,8.328125,8.34375,8.265625,8.3125,4.520535469055176,4400800
1995-09-26,8.28125,8.296875,8.1875,8.21875,4.469551086425781,7598400
1995-09-27,8.1875,8.3125,8.1875,8.234375,4.478050708770752,5691200
1995-09-28,8.21875,8.328125,8.203125,8.3125,4.520535469055176,4872800
1995-09-29,8.375,8.390625,8.28125,8.328125,4.529033660888672,6420800
1995-10-02,8.34375,8.34375,8.265625,8.265625,4.495043754577637,4184800
1995-10-03,8.265625,8.34375,8.265625,8.3125,4.520535469055176,3408800
1995-10-04,8.3125,8.375,8.25,8.359375,4.546029090881348,5472000
1995-10-05,8.390625,8.484375,8.390625,8.453125,4.597011089324951,4028800
1995-10-06,8.5,8.53125,8.46875,8.46875,4.605510711669922,2870400
1995-10-09,8.484375,8.5,8.4375,8.5,4.622503757476807,1138400
1995-10-10,8.453125,8.5,8.421875,8.484375,4.614006042480469,3133600
1995-10-11,8.5,8.5,8.421875,8.46875,4.605510711669922,2703200
1995-10-12,8.484375,8.5,8.375,8.40625,4.571517467498779,4640000
1995-10-13,8.4375,8.4375,8.390625,8.40625,4.571517467498779,4836800
1995-10-16,8.375,8.40625,8.328125,8.328125,4.529033660888672,3423200
1995-10-17,8.375,8.421875,8.328125,8.34375,4.537529945373535,3565600
1995-10-18,8.359375,8.5,8.359375,8.484375,4.614006042480469,2687200
1995-10-19,8.53125,8.8125,8.53125,8.796875,4.7839531898498535,7405600
1995-10-20,8.765625,8.890625,8.765625,8.78125,4.775455474853516,6829600
1995-10-23,8.75,8.828125,8.671875,8.78125,4.807619094848633,3700800
1995-10-24,8.8125,8.984375,8.78125,8.921875,4.884609222412109,2413600
1995-10-25,8.921875,8.921875,8.75,8.875,4.858945369720459,2881600
1995-10-26,8.84375,8.859375,8.6875,8.78125,4.807619094848633,3423200
1995-10-27,8.65625,8.71875,8.609375,8.625,4.722073078155518,3459200
1995-10-30,8.59375,8.6875,8.578125,8.671875,4.747736930847168,2176800
1995-10-31,8.6875,8.78125,8.65625,8.65625,4.739181041717529,2656000
1995-11-01,8.65625,8.734375,8.640625,8.734375,4.781952857971191,2343200
1995-11-02,8.75,8.78125,8.65625,8.671875,4.747736930847168,3620000
1995-11-03,8.6875,8.828125,8.6875,8.8125,4.8247270584106445,2660000
1995-11-06,8.828125,8.890625,8.703125,8.703125,4.7648444175720215,3132800
1995-11-07,8.734375,8.75,8.578125,8.59375,4.704965114593506,3236800
1995-11-08,8.578125,8.625,8.53125,8.59375,4.704965114593506,3371200
1995-11-09,8.578125,8.625,8.53125,8.609375,4.7135186195373535,2488000
1995-11-10,8.59375,8.640625,8.578125,8.640625,4.730628967285156,2376800
1995-11-13,8.640625,8.640625,8.578125,8.625,4.722073078155518,2371200
1995-11-14,8.609375,8.734375,8.609375,8.640625,4.730628967285156,3204800
1995-11-15,8.640625,8.84375,8.609375,8.8125,4.8247270584106445,3469600
1995-11-16,8.9375,9.03125,8.875,9.0,4.9273810386657715,7020000
1995-11-17,8.96875,8.984375,8.875,8.953125,4.9017181396484375,4687200
1995-11-20,8.953125,9.0625,8.90625,8.921875,4.884609222412109,6391200
1995-11-21,8.890625,8.953125,8.84375,8.859375,4.850390434265137,4522400
1995-11-22,8.875,8.875,8.796875,8.8125,4.8247270584106445,6606400
1995-11-24,8.84375,8.84375,8.78125,8.796875,4.8161725997924805,605600
1995-11-27,8.875,8.921875,8.828125,8.890625,4.867501258850098,3421600
1995-11-28,8.90625,9.03125,8.8125,9.03125,4.944492816925049,2678400
1995-11-29,9.0,9.09375,8.875,9.09375,4.9787092208862305,2330400
1995-11-30,9.3125,9.3125,9.109375,9.15625,5.012924671173096,5505600
1995-12-01,9.171875,9.171875,9.03125,9.09375,4.9787092208862305,1421600
1995-12-04,9.109375,9.109375,9.03125,9.109375,4.9872612953186035,1964000
1995-12-05,9.125,9.21875,9.078125,9.171875,5.02147912979126,5371200
1995-12-06,9.1875,9.3125,9.1875,9.25,5.064250469207764,4820800
1995-12-07,9.375,9.375,9.25,9.296875,5.089915752410889,4812000
1995-12-08,9.34375,9.34375,9.25,9.28125,5.081360816955566,2348000
1995-12-11,9.25,9.34375,9.15625,9.34375,5.115579128265381,2920000
1995-12-12,9.3125,9.375,9.3125,9.359375,5.124134540557861,2437600
1995-12-13,9.359375,9.375,9.28125,9.359375,5.124134540557861,3010400
1995-12-14,9.390625,9.609375,9.359375,9.546875,5.226790904998779,5404800
1995-12-15,9.546875,9.546875,9.375,9.375,5.132689476013184,7740800
1995-12-18,9.21875,9.359375,9.0625,9.140625,5.004373550415039,5093600
1995-12-19,9.0625,9.171875,9.0625,9.09375,4.9787092208862305,4534400
1995-12-20,9.0625,9.09375,8.90625,8.90625,4.8760552406311035,3658400
1995-12-21,8.90625,8.96875,8.859375,8.875,4.858945369720459,2741600
1995-12-22,8.828125,8.9375,8.609375,8.625,4.722073078155518,4092000
1995-12-26,8.671875,8.859375,8.65625,8.828125,4.833281517028809,2012800
1995-12-27,8.84375,8.890625,8.8125,8.84375,4.841838836669922,2508000
1995-12-28,8.84375,8.84375,8.71875,8.75,4.790510654449463,1921600
1995-12-29,8.75,8.78125,8.71875,8.78125,4.807619094848633,1346400
1996-01-02,8.75,8.90625,8.734375,8.859375,4.850390434265137,2901600
1996-01-03,8.921875,9.03125,8.921875,9.015625,4.935934066772461,4685600
1996-01-04,9.125,9.203125,9.03125,9.109375,4.9872612953186035,3729600
1996-01-05,9.0,9.0,8.75,8.9375,4.893162727355957,5063200
1996-01-08,8.953125,9.0,8.9375,9.0,4.9273810386657715,827200
1996-01-09,8.96875,9.015625,8.859375,8.96875,4.910272598266602,4268800
1996-01-10,8.8125,8.8125,8.609375,8.609375,4.7135186195373535,4810400
1996-01-11,8.6875,8.71875,8.625,8.671875,4.747736930847168,1926400
1996-01-12,8.671875,8.765625,8.609375,8.75,4.790510654449463,2918400
1996-01-15,8.71875,8.765625,8.703125,8.75,4.790510654449463,1524800
1996-01-16,8.78125,8.890625,8.75,8.84375,4.841838836669922,2718400
1996-01-17,8.875,8.890625,8.71875,8.734375,4.781952857971191,3105600
1996-01-18,8.75,8.96875,8.75,8.9375,4.893162727355957,2611200
1996-01-19,8.890625,8.921875,8.828125,8.890625,4.867501258850098,2926400
1996-01-22,8.90625,8.96875,8.828125,8.921875,4.884609222412109,1779200
1996-01-23,8.859375,9.0625,8.859375,9.015625,4.968653678894043,2720000
1996-01-24,8.9375,9.03125,8.875,8.875,4.8911542892456055,2940000
1996-01-25,8.875,8.984375,8.734375,8.90625,4.908373832702637,2940000
1996-01-26,8.921875,8.9375,8.90625,8.921875,4.916987895965576,1558400
1996-01-29,8.9375,8.96875,8.921875,8.96875,4.9428229331970215,2680800
1996-01-30,8.96875,9.109375,8.96875,9.109375,5.020318984985352,3300800
1996-01-31,9.125,9.25,9.109375,9.25,5.0978217124938965,4145600
1996-02-01,9.234375,9.234375,9.125,9.15625,5.04615592956543,2005600
1996-02-02,9.125,9.125,9.0,9.078125,5.003098964691162,2132000
1996-02-05,9.0,9.046875,8.84375,9.015625,4.968653678894043,4194400
1996-02-06,9.0,9.171875,8.9375,9.125,5.028934001922607,3068800
1996-02-07,9.109375,9.21875,9.0625,9.09375,5.011712551116943,2977600
1996-02-08,9.25,9.6875,9.234375,9.515625,5.244210243225098,9770400
1996-02-09,9.515625,10.015625,9.484375,9.96875,5.493933200836182,10528000
1996-02-12,9.84375,9.859375,9.640625,9.765625,5.381991386413574,6146400
1996-02-13,9.765625,9.875,9.734375,9.875,5.442269802093506,6109600
1996-02-14,9.828125,9.84375,9.71875,9.75,5.373380184173584,3423200
1996-02-15,9.78125,9.859375,9.75,9.765625,5.381991386413574,3322400
1996-02-16,9.75,9.921875,9.734375,9.890625,5.450880527496338,5952000
1996-02-20,9.8125,9.859375,9.765625,9.78125,5.3906025886535645,3072000
1996-02-21,9.765625,9.875,9.765625,9.8125,5.407824993133545,2502400
1996-02-22,9.84375,9.9375,9.78125,9.859375,5.433659076690674,3993600
1996-02-23,9.875,9.984375,9.828125,9.890625,5.450880527496338,3029600
1996-02-26,9.859375,9.921875,9.8125,9.8125,5.407824993133545,1883200
1996-02-27,9.8125,9.84375,9.765625,9.765625,5.381991386413574,2776000
1996-02-28,9.796875,9.796875,9.734375,9.765625,5.381991386413574,4336800
1996-02-29,9.71875,9.96875,9.703125,9.78125,5.3906025886535645,4407200
1996-03-01,10.0,10.453125,9.953125,10.375,5.717828273773193,8968800
1996-03-04,10.375,10.5,10.296875,10.328125,5.691993713378906,4246400
1996-03-05,10.078125,10.1875,10.0625,10.171875,5.605882167816162,3740800
1996-03-06,10.171875,10.25,10.046875,10.0625,5.545602798461914,2604800
1996-03-07,10.03125,10.0625,10.0,10.0625,5.545602798461914,2860800
1996-03-08,9.75,10.0,9.75,9.96875,5.493933200836182,5212000
1996-03-11,9.9375,10.015625,9.8125,9.953125,5.485326290130615,6205600
1996-03-12,9.921875,10.109375,9.921875,10.0625,5.545602798461914,2920800
1996-03-13,10.03125,10.0625,9.96875,10.046875,5.536991119384766,1523200
1996-03-14,10.015625,10.015625,9.828125,9.84375,5.425048828125,5496000
1996-03-15,9.84375,9.921875,9.796875,9.890625,5.450880527496338,2789600
1996-03-18,9.90625,9.984375,9.84375,9.96875,5.493933200836182,3196800
1996-03-19,10.0,10.078125,9.890625,10.015625,5.519768238067627,3413600
1996-03-20,9.9375,10.109375,9.890625,10.046875,5.536991119384766,3848800
1996-03-21,10.015625,10.046875,9.9375,10.0,5.511157512664795,1582400
1996-03-22,9.984375,10.109375,9.984375,10.078125,5.554214954376221,1780000
1996-03-25,10.109375,10.15625,9.890625,9.953125,5.485326290130615,2972000
1996-03-26,9.90625,10.0625,9.890625,10.0,5.511157512664795,4074400
1996-03-27,10.0,10.0,9.8125,9.875,5.442269802093506,2588800
1996-03-28,9.8125,9.8125,9.734375,9.765625,5.381991386413574,4531200
1996-03-29,9.75,9.75,9.71875,9.734375,5.3647685050964355,4351200
1996-04-01,9.734375,9.875,9.734375,9.796875,5.399211883544922,2405600
1996-04-02,9.765625,9.78125,9.640625,9.703125,5.347548007965088,2457600
1996-04-03,9.703125,9.75,9.671875,9.75,5.373380184173584,2280000
1996-04-04,9.75,9.921875,9.75,9.890625,5.450880527496338,2491200
1996-04-08,9.75,9.75,9.625,9.6875,5.338934421539307,2852000
1996-04-09,9.71875,9.734375,9.609375,9.640625,5.313102722167969,3208800
1996-04-10,9.640625,9.640625,9.40625,9.421875,5.192544460296631,4672800
1996-04-11,9.421875,9.46875,9.25,9.453125,5.209768295288086,3792800
1996-04-12,9.453125,9.546875,9.40625,9.546875,5.261435508728027,1548000
1996-04-15,9.546875,9.578125,9.4375,9.53125,5.2528228759765625,1424800
1996-04-16,9.546875,9.671875,9.5,9.625,5.304490089416504,1740000
1996-04-17,9.625,9.65625,9.484375,9.484375,5.226988792419434,6520800
1996-04-18,9.5,9.625,9.46875,9.625,5.304490089416504,3380800
1996-04-19,9.578125,9.625,9.53125,9.546875,5.261435508728027,2736000
1996-04-22,9.59375,9.6875,9.578125,9.6875,5.338934421539307,2085600
1996-04-23,9.609375,9.65625,9.5625,9.578125,5.310863971710205,3380800
1996-04-24,9.59375,9.609375,9.453125,9.46875,5.250218868255615,1718400
1996-04-25,9.46875,9.5625,9.4375,9.5625,5.302204132080078,1700000
1996-04-26,9.625,9.65625,9.515625,9.53125,5.284875392913818,1272800
1996-04-29,9.5,9.59375,9.453125,9.46875,5.250218868255615,1317600
1996-04-30,9.515625,9.59375,9.453125,9.578125,5.310863971710205,1089600
1996-05-01,9.546875,9.65625,9.515625,9.53125,5.284875392913818,1880800
1996-05-02,9.4375,9.5,9.296875,9.46875,5.250218868255615,2452800
1996-05-03,9.46875,9.59375,9.46875,9.53125,5.284875392913818,4271200
1996-05-06,9.59375,9.609375,9.359375,9.46875,5.250218868255615,2592000
1996-05-07,9.4375,9.53125,9.40625,9.53125,5.284875392913818,1601600
1996-05-08,9.515625,9.6875,9.40625,9.671875,5.362848281860352,3251200
1996-05-09,9.625,9.71875,9.609375,9.71875,5.388836860656738,2156800
1996-05-10,9.8125,9.859375,9.671875,9.828125,5.449484348297119,2288800
1996-05-13,9.84375,9.96875,9.828125,9.953125,5.518795490264893,2029600
1996-05-14,9.96875,10.078125,9.96875,10.015625,5.553448677062988,2903200
1996-05-15,10.0,10.015625,9.921875,9.96875,5.527454853057861,3254400
1996-05-16,9.9375,10.015625,9.84375,9.84375,5.458150863647461,4700800
1996-05-17,9.875,9.9375,9.828125,9.90625,5.492799758911133,2371200
1996-05-20,9.90625,9.921875,9.84375,9.890625,5.4841389656066895,2215200
1996-05-21,9.921875,9.921875,9.796875,9.90625,5.492799758911133,3210400
1996-05-22,9.90625,10.03125,9.890625,9.984375,5.536118507385254,4083200
1996-05-23,9.875,10.0,9.84375,9.96875,5.527454853057861,3675200
1996-05-24,10.0,10.0625,9.984375,10.046875,5.570777893066406,1930400
1996-05-28,10.078125,10.078125,9.953125,10.0,5.544783592224121,2699200
1996-05-29,10.0,10.03125,9.921875,10.015625,5.553448677062988,3808800
1996-05-30,9.96875,10.03125,9.84375,9.984375,5.536118507385254,3083200
1996-05-31,9.984375,10.078125,9.765625,9.84375,5.458150863647461,3633600
1996-06-03,9.78125,9.96875,9.75,9.96875,5.527454853057861,1973600
1996-06-04,10.03125,10.28125,9.921875,10.28125,5.700732231140137,5070400
1996-06-05,10.25,10.375,10.125,10.359375,5.744052886962891,5276800
1996-06-06,10.46875,10.46875,10.3125,10.40625,5.770042896270752,3068800
1996-06-07,10.21875,10.40625,10.140625,10.40625,5.770042896270752,3516000
1996-06-10,10.390625,10.390625,10.234375,10.296875,5.709396839141846,1965600
1996-06-11,10.296875,10.375,10.25,10.25,5.683406829833984,2249600
1996-06-12,10.265625,10.28125,10.125,10.15625,5.631423473358154,1545600
1996-06-13,10.15625,10.234375,10.140625,10.234375,5.674740314483643,1697600
1996-06-14,10.265625,10.3125,10.15625,10.203125,5.657413959503174,2357600
1996-06-17,10.203125,10.203125,10.046875,10.09375,5.596766948699951,2214400
1996-06-18,10.0625,10.234375,10.0625,10.09375,5.596766948699951,2205600
1996-06-19,10.09375,10.25,10.078125,10.21875,5.66607666015625,1702400
1996-06-20,10.21875,10.390625,10.1875,10.34375,5.735385417938232,2457600
1996-06-21,10.375,10.4375,10.3125,10.40625,5.770042896270752,4117600
1996-06-24,10.421875,10.71875,10.390625,10.671875,5.917324066162109,7300000
1996-06-25,10.65625,10.71875,10.59375,10.703125,5.934650897979736,4114400
1996-06-26,10.671875,10.71875,10.5625,10.578125,5.8653411865234375,4244000
1996-06-27,10.546875,10.546875,10.3125,10.515625,5.830689907073975,6096000
1996-06-28,10.546875,10.640625,10.515625,10.59375,5.874007701873779,2320800
1996-07-01,10.609375,10.640625,10.5,10.578125,5.8653411865234375,1703200
1996-07-02,10.546875,10.5625,10.453125,10.515625,5.830689907073975,2728800
1996-07-03,10.484375,10.53125,10.421875,10.46875,5.804696559906006,2699200
1996-07-05,10.359375,10.40625,10.25,10.265625,5.692070484161377,1051200
1996-07-08,10.21875,10.4375,10.171875,10.3125,5.71806001663208,2625600
1996-07-09,10.4375,10.53125,10.3125,10.328125,5.726723670959473,3288800
1996-07-10,10.296875,10.296875,10.140625,10.28125,5.700732231140137,4093600
1996-07-11,10.21875,10.328125,10.140625,10.1875,5.648749828338623,3334400
1996-07-12,10.21875,10.4375,10.1875,10.375,5.752714157104492,3574400
1996-07-15,10.421875,10.4375,10.234375,10.265625,5.692070484161377,3508800
1996-07-16,10.25,10.25,9.875,10.09375,5.596766948699951,4841600
1996-07-17,10.25,10.25,10.0625,10.140625,5.622759819030762,3047200
1996-07-18,10.15625,10.265625,10.109375,10.171875,5.640087127685547,2101600
1996-07-19,10.1875,10.3125,10.15625,10.28125,5.700732231140137,2468800
1996-07-22,10.25,10.25,10.15625,10.1875,5.648749828338623,1360000
1996-07-23,10.15625,10.359375,10.15625,10.234375,5.707658290863037,2868000
1996-07-24,10.25,10.375,10.09375,10.28125,5.733796119689941,4874400
1996-07-25,10.0625,10.0625,9.875,9.953125,5.550806045532227,6372800
1996-07-26,9.890625,10.0,9.84375,9.96875,5.559515476226807,4130400
1996-07-29,9.96875,9.984375,9.734375,9.765625,5.446237087249756,2917600
1996-07-30,9.8125,9.875,9.78125,9.859375,5.4985246658325195,2986400
1996-07-31,9.859375,9.953125,9.765625,9.8125,5.472379207611084,3403200
1996-08-01,9.875,9.921875,9.8125,9.875,5.507237911224365,3701600
1996-08-02,9.90625,10.03125,9.84375,9.984375,5.56823205947876,2645600
1996-08-05,9.96875,10.140625,9.96875,10.078125,5.620516777038574,1672000
1996-08-06,10.0625,10.21875,10.03125,10.203125,5.690227508544922,1846400
1996-08-07,10.25,10.3125,10.125,10.140625,5.655372619628906,2805600
1996-08-08,10.171875,10.1875,10.0,10.15625,5.66408634185791,2211200
1996-08-09,10.1875,10.28125,10.171875,10.234375,5.707658290863037,2144000
1996-08-12,10.203125,10.3125,10.15625,10.265625,5.7250871658325195,1612000
1996-08-13,10.25,10.328125,10.203125,10.21875,5.698940753936768,1972000
1996-08-14,10.25,10.296875,10.234375,10.265625,5.7250871658325195,1324800
1996-08-15,10.265625,10.390625,10.234375,10.234375,5.707658290863037,1709600
1996-08-16,10.265625,10.4375,10.25,10.296875,5.742512226104736,2674400
1996-08-19,10.265625,10.296875,10.234375,10.234375,5.707658290863037,1521600
1996-08-20,10.234375,10.28125,10.15625,10.15625,5.66408634185791,1908000
1996-08-21,10.203125,10.203125,10.078125,10.171875,5.672800540924072,1794400
1996-08-22,10.203125,10.34375,10.1875,10.3125,5.751227855682373,1712000
1996-08-23,10.34375,10.34375,10.25,10.296875,5.742512226104736,1612000
1996-08-26,10.28125,10.390625,10.265625,10.375,5.786081790924072,1419200
1996-08-27,10.359375,10.421875,10.3125,10.40625,5.8035125732421875,1400800
1996-08-28,10.390625,10.515625,10.390625,10.484375,5.847076892852783,2625600
1996-08-29,10.484375,10.484375,10.265625,10.34375,5.768651485443115,2245600
1996-08-30,10.328125,10.34375,10.140625,10.15625,5.66408634185791,1616800
1996-09-03,10.078125,10.21875,10.015625,10.203125,5.690227508544922,1777600
1996-09-04,10.1875,10.203125,10.03125,10.140625,5.655372619628906,1896000
1996-09-05,10.109375,10.28125,10.03125,10.234375,5.707658290863037,3390400
1996-09-06,10.21875,10.390625,10.203125,10.359375,5.777371406555176,4187200
1996-09-09,10.359375,10.5,10.359375,10.46875,5.838367462158203,2701600
1996-09-10,10.484375,10.5,10.375,10.390625,5.794794082641602,2296000
1996-09-11,10.359375,10.421875,10.328125,10.328125,5.759938716888428,6037600
1996-09-12,10.328125,10.609375,10.328125,10.546875,5.881937026977539,6392800
1996-09-13,10.625,10.78125,10.625,10.65625,5.942934036254883,3209600
1996-09-16,10.640625,10.8125,10.640625,10.75,5.995218276977539,2783200
1996-09-17,10.71875,10.71875,10.5625,10.6875,5.960361957550049,2105600
1996-09-18,10.640625,10.84375,10.53125,10.828125,6.0387864112854,3294400
1996-09-19,10.84375,10.96875,10.84375,10.875,6.0649309158325195,4212800
1996-09-20,10.90625,10.984375,10.828125,10.984375,6.1259260177612305,3958400
1996-09-23,10.96875,10.984375,10.84375,10.9375,6.099787712097168,1804000
1996-09-24,10.890625,11.09375,10.875,10.953125,6.108499050140381,3218400
1996-09-25,11.03125,11.046875,10.96875,10.96875,6.117212772369385,2492800
1996-09-26,10.984375,11.21875,10.984375,11.09375,6.186926364898682,2027200
1996-09-27,11.109375,11.109375,10.984375,11.046875,6.160780429840088,2847200
1996-09-30,10.984375,11.046875,10.859375,10.859375,6.056210517883301,2232800
1996-10-01,10.90625,11.15625,10.875,11.09375,6.186926364898682,2881600
1996-10-02,11.046875,11.046875,10.875,11.0,6.134641647338867,2349600
1996-10-03,11.0,11.015625,10.671875,10.75,5.995218276977539,4558400
1996-10-04,10.8125,11.09375,10.796875,11.03125,6.15207052230835,5583200
1996-10-07,11.0,11.171875,10.984375,11.109375,6.1956400871276855,2219200
1996-10-08,11.09375,11.15625,11.0,11.03125,6.15207052230835,2243200
1996-10-09,11.0625,11.078125,10.84375,10.921875,6.09106969833374,2189600
1996-10-10,10.90625,10.921875,10.84375,10.890625,6.073644638061523,1632800
1996-10-11,10.90625,11.046875,10.875,10.96875,6.117212772369385,3330400
1996-10-14,11.0,11.125,11.0,11.0625,6.169496536254883,1644000
1996-10-15,11.09375,11.1875,11.0625,11.078125,6.178211688995361,1774400
1996-10-16,11.046875,11.109375,10.96875,11.109375,6.1956400871276855,1654400
1996-10-17,11.078125,11.28125,10.953125,10.96875,6.117212772369385,3744000
1996-10-18,11.0,11.25,11.0,11.234375,6.265353202819824,3513600
1996-10-21,11.21875,11.40625,11.203125,11.28125,6.291493892669678,4258400
1996-10-22,11.265625,11.390625,11.21875,11.375,6.343780040740967,2016000
1996-10-23,11.28125,11.3125,11.21875,11.296875,6.332914352416992,2416800
1996-10-24,11.296875,11.34375,11.140625,11.171875,6.262845993041992,2232000
1996-10-25,11.140625,11.15625,11.078125,11.140625,6.245324611663818,1242400
1996-10-28,11.109375,11.21875,11.0625,11.140625,6.245324611663818,1404800
1996-10-29,11.15625,11.375,11.0625,11.296875,6.332914352416992,1893600
1996-10-30,11.375,11.390625,11.3125,11.328125,6.350435733795166,1530400
1996-10-31,11.359375,11.546875,11.34375,11.515625,6.455546855926514,2456800
1996-11-01,11.5,11.5625,11.40625,11.453125,6.420505523681641,3691200
1996-11-04,11.46875,11.59375,11.453125,11.546875,6.473067283630371,2404800
1996-11-05,11.59375,11.65625,11.546875,11.59375,6.499340057373047,2200800
1996-11-06,11.640625,11.78125,11.578125,11.6875,6.551895618438721,2770400
1996-11-07,11.59375,11.6875,11.53125,11.640625,6.525619029998779,4567200
1996-11-08,11.6875,11.90625,11.6875,11.765625,6.595693111419678,4298400
1996-11-11,11.78125,11.90625,11.765625,11.828125,6.630728721618652,1361600
1996-11-12,11.828125,11.84375,11.6875,11.6875,6.551895618438721,2514400
1996-11-13,11.75,11.78125,11.671875,11.75,6.586929798126221,2145600
1996-11-14,11.734375,11.828125,11.6875,11.75,6.586929798126221,1179200
1996-11-15,11.875,12.0625,11.828125,11.84375,6.639488220214844,2966400
1996-11-18,11.875,12.015625,11.859375,11.9375,6.692043304443359,1448800
1996-11-19,11.90625,11.9375,11.796875,11.875,6.657003879547119,1463200
1996-11-20,11.875,11.953125,11.71875,11.875,6.657003879547119,3381600
1996-11-21,11.828125,11.921875,11.796875,11.84375,6.639488220214844,2056000
1996-11-22,11.890625,11.921875,11.65625,11.6875,6.551895618438721,2454400
1996-11-25,11.671875,11.71875,11.640625,11.6875,6.551895618438721,2365600
1996-11-26,11.6875,11.78125,11.578125,11.65625,6.534379005432129,2421600
1996-11-27,11.671875,11.6875,11.5625,11.609375,6.5081024169921875,1564800
1996-11-29,11.625,11.671875,11.578125,11.578125,6.4905805587768555,800800
1996-12-02,11.625,11.625,11.234375,11.34375,6.359191417694092,3969600
1996-12-03,11.4375,11.609375,11.421875,11.515625,6.455546855926514,3813600
1996-12-04,11.515625,11.5625,11.265625,11.3125,6.341674327850342,4020800
1996-12-05,11.3125,11.390625,11.109375,11.15625,6.2540812492370605,4199200
1996-12-06,10.96875,11.296875,10.8125,11.1875,6.271596431732178,4314400
1996-12-09,11.203125,11.453125,11.1875,11.390625,6.385469913482666,3082400
1996-12-10,11.5,11.59375,11.4375,11.46875,6.429266929626465,2685600
1996-12-11,11.375,11.453125,11.234375,11.28125,6.324155330657959,3602400
1996-12-12,11.3125,11.375,11.15625,11.328125,6.350435733795166,3490400
1996-12-13,11.296875,11.625,11.28125,11.59375,6.499340057373047,4687200
1996-12-16,11.59375,11.609375,11.375,11.375,6.376712322235107,2028800
1996-12-17,11.28125,11.453125,11.1875,11.453125,6.420505523681641,2236800
1996-12-18,11.453125,11.453125,11.3125,11.375,6.376712322235107,1896000
1996-12-19,11.375,11.515625,11.203125,11.453125,6.420505523681641,4183200
1996-12-20,11.625,11.625,11.453125,11.53125,6.464304447174072,6204000
1996-12-23,11.5625,11.640625,11.453125,11.46875,6.429266929626465,1876800
1996-12-24,11.40625,11.515625,11.40625,11.484375,6.438022613525391,1029600
1996-12-26,11.515625,11.578125,11.40625,11.5,6.446784973144531,1420800
1996-12-27,11.53125,11.625,11.484375,11.59375,6.499340057373047,1234400
1996-12-30,11.625,11.75,11.59375,11.65625,6.534379005432129,1871200
1996-12-31,11.65625,11.65625,11.53125,11.53125,6.464304447174072,1480800
1997-01-02,11.53125,11.53125,11.25,11.375,6.376712322235107,2240800
1997-01-03,11.46875,11.46875,11.3125,11.359375,6.367950916290283,4512800
1997-01-06,11.4375,11.625,11.390625,11.515625,6.455546855926514,4342400
1997-01-07,11.5,11.5,11.296875,11.40625,6.394229412078857,3064800
1997-01-08,11.421875,11.484375,11.296875,11.453125,6.420505523681641,4462400
1997-01-09,11.5,11.625,11.46875,11.5,6.446784973144531,3933600
1997-01-10,11.4375,11.453125,11.296875,11.453125,6.420505523681641,3621600
1997-01-13,11.484375,11.546875,11.390625,11.4375,6.411749362945557,2204000
1997-01-14,11.46875,11.609375,11.421875,11.546875,6.473067283630371,3330400
1997-01-15,11.5625,11.625,11.5,11.578125,6.4905805587768555,4144800
1997-01-16,11.59375,11.8125,11.578125,11.765625,6.595693111419678,2978400
1997-01-17,11.796875,12.046875,11.78125,11.984375,6.718322277069092,3417600
1997-01-20,12.0,12.15625,12.0,12.125,6.79715633392334,4050400
1997-01-21,12.09375,12.109375,11.984375,11.984375,6.718322277069092,3092800
1997-01-22,12.015625,12.015625,11.9375,12.015625,6.735838413238525,3434400
1997-01-23,12.03125,12.109375,11.890625,11.890625,6.6985182762146,2917600
1997-01-24,11.921875,11.921875,11.703125,11.78125,6.636902809143066,1777600
1997-01-27,11.71875,11.90625,11.65625,11.734375,6.610495090484619,3039200
1997-01-28,11.84375,12.0,11.6875,11.71875,6.601693630218506,3290400
1997-01-29,11.734375,11.8125,11.671875,11.734375,6.610495090484619,1706400
1997-01-30,11.84375,11.875,11.71875,11.875,6.6897125244140625,2464000
1997-01-31,11.875,12.09375,11.703125,12.09375,6.812949180603027,4504800
1997-02-03,12.15625,12.15625,11.984375,12.03125,6.777739524841309,2442400
1997-02-04,12.046875,12.390625,12.046875,12.359375,6.962587833404541,6626400
1997-02-05,12.359375,12.515625,12.25,12.3125,6.936182498931885,6105600
1997-02-06,12.3125,12.46875,12.265625,12.453125,7.015401840209961,2888000
1997-02-07,12.546875,12.90625,12.53125,12.90625,7.270665168762207,4647200
1997-02-10,12.75,12.875,12.71875,12.828125,7.226653575897217,4522400
1997-02-11,12.859375,12.882813453674316,12.796875,12.875,7.253058910369873,4468000
1997-02-12,12.875,13.328125,12.875,13.28125,7.48192024230957,5434400
1997-02-13,13.3125,13.65625,13.25,13.46875,7.587550163269043,5539200
1997-02-14,13.25,13.421875,12.8125,13.0625,7.358687400817871,6732800
1997-02-18,13.09375,13.40625,13.078125,13.40625,7.552336692810059,3597600
1997-02-19,13.28125,13.28125,13.109375,13.109375,7.385095119476318,3105600
1997-02-20,13.109375,13.203125,12.921875,12.984375,7.314676284790039,3674400
1997-02-21,12.984375,13.03125,12.90625,12.90625,7.270665168762207,2260800
1997-02-24,12.875,12.90625,12.75,12.859375,7.244260311126709,4400800
1997-02-25,12.875,13.09375,12.828125,12.875,7.253058910369873,3398400
1997-02-26,12.875,12.875,12.625,12.84375,7.235455513000488,5701600
1997-02-27,12.9375,13.15625,12.921875,13.0625,7.358687400817871,3886400
1997-02-28,13.03125,13.0625,12.921875,12.9375,7.288272380828857,3750400
1997-03-03,12.75,13.171875,12.75,13.15625,7.411506175994873,3148000
1997-03-04,13.1875,13.28125,13.0,13.03125,7.3410844802856445,4195200
1997-03-05,13.03125,13.359375,13.0,13.328125,7.508327960968018,4695200
1997-03-06,13.4375,13.6875,13.421875,13.640625,7.684368133544922,5694400
1997-03-07,13.640625,14.25,13.640625,14.21875,8.010050773620605,7490400
1997-03-10,14.203125,14.203125,13.84375,14.03125,7.904426097869873,6074400
1997-03-11,14.0625,14.09375,13.90625,14.015625,7.895625114440918,2886400
1997-03-12,13.8125,13.828125,13.609375,13.75,7.745985984802246,3880800
1997-03-13,13.71875,13.71875,13.4375,13.53125,7.622754096984863,2868000
1997-03-14,13.515625,13.734375,13.515625,13.625,7.675570964813232,3732800
1997-03-17,13.5625,13.65625,13.40625,13.578125,7.649167537689209,3023200
1997-03-18,13.53125,13.609375,13.4375,13.515625,7.61395263671875,3158400
1997-03-19,13.5,13.640625,13.421875,13.46875,7.587550163269043,3368000
1997-03-20,13.53125,13.546875,13.25,13.3125,7.499522686004639,2980000
1997-03-21,13.40625,13.4375,13.234375,13.25,7.464314937591553,5012000
1997-03-24,13.25,13.59375,13.25,13.578125,7.649167537689209,3743200
1997-03-25,13.59375,13.640625,13.453125,13.484375,7.596348285675049,1951200
1997-03-26,13.484375,13.53125,13.328125,13.4375,7.56994104385376,2912800
1997-03-27,13.4375,13.4375,12.90625,12.921875,7.2794671058654785,3136800
1997-03-31,12.890625,12.890625,12.40625,12.453125,7.015401840209961,5324000
1997-04-01,12.375,12.828125,12.328125,12.828125,7.226653575897217,5827200
1997-04-02,12.875,13.21875,12.6875,12.953125,7.2970709800720215,5074400
1997-04-03,12.9375,12.953125,12.40625,12.75,7.182643413543701,5659200
1997-04-04,12.6875,12.90625,12.421875,12.890625,7.261865139007568,5984000
1997-04-07,12.9375,13.046875,12.90625,12.90625,7.270665168762207,3108800
1997-04-08,12.875,12.875,12.6875,12.703125,7.156236171722412,2101600
1997-04-09,12.5,12.765625,12.5,12.734375,7.173840045928955,3568000
1997-04-10,12.703125,12.8125,12.65625,12.703125,7.156236171722412,2174400
1997-04-11,12.640625,12.65625,12.40625,12.4375,7.006598472595215,1914400
1997-04-14,12.4375,12.671875,12.3125,12.609375,7.10342264175415,2383200
1997-04-15,12.90625,13.09375,12.859375,13.09375,7.376289367675781,4862400
1997-04-16,13.03125,13.46875,13.0,13.390625,7.543537139892578,4290400
1997-04-17,13.390625,13.390625,13.109375,13.140625,7.402698516845703,3257600
1997-04-18,13.15625,13.484375,13.125,13.453125,7.578742027282715,4276000
1997-04-21,13.421875,13.5625,13.421875,13.484375,7.596348285675049,2533600
1997-04-22,13.484375,13.734375,13.4375,13.65625,7.69317102432251,4505600
1997-04-23,13.609375,13.609375,13.375,13.5,7.6436309814453125,4258400
1997-04-24,13.625,13.65625,13.296875,13.3125,7.5374674797058105,3128800
1997-04-25,13.28125,13.5,13.265625,13.359375,7.564007759094238,2003200
1997-04-28,13.34375,13.578125,13.34375,13.53125,7.6613264083862305,1671200
1997-04-29,13.875,13.984375,13.6875,13.984375,7.91788387298584,3309600
1997-04-30,13.9375,14.109375,13.8125,13.875,7.855952739715576,2832000
1997-05-01,13.84375,13.953125,13.6875,13.71875,7.767488956451416,2667200
1997-05-02,13.734375,13.796875,13.609375,13.71875,7.767488956451416,2219200
1997-05-05,13.71875,13.90625,13.625,13.84375,7.838260173797607,3280800
1997-05-06,13.90625,14.15625,13.828125,13.921875,7.882495880126953,4798400
1997-05-07,13.953125,14.078125,13.6875,13.75,7.785180568695068,3305600
1997-05-08,13.75,14.046875,13.640625,13.921875,7.882495880126953,3600000
1997-05-09,14.03125,14.109375,13.875,13.984375,7.91788387298584,3467200
1997-05-12,14.0,14.296875,13.984375,14.21875,8.050585746765137,2591200
1997-05-13,14.25,14.296875,14.015625,14.21875,8.050585746765137,3527200
1997-05-14,14.34375,14.484375,14.21875,14.375,8.139052391052246,4924000
1997-05-15,14.390625,14.609375,14.375,14.46875,8.192133903503418,5972800
1997-05-16,14.5,14.625,13.84375,14.0,7.926728248596191,5495600
1997-05-19,14.0625,14.28125,14.03125,14.28125,8.085967063903809,2020800
1997-05-20,14.28125,14.28125,14.0625,14.1875,8.032891273498535,2778400
1997-05-21,14.625,14.6875,14.375,14.53125,8.227519989013672,4569600
1997-05-22,14.625,14.75,14.5625,14.625,8.280600547790527,4235600
1997-05-23,14.8125,15.0625,14.75,14.9375,8.457535743713379,2396400
1997-05-27,14.875,15.5,14.71875,15.4375,8.74063491821289,6620400
1997-05-28,15.4375,15.4375,15.171875,15.21875,8.616780281066895,3713200
1997-05-29,15.34375,15.625,15.21875,15.28125,8.652167320251465,7760400
1997-05-30,15.28125,15.59375,15.0625,15.5,8.776021957397461,3001200
1997-06-02,15.5,15.53125,15.15625,15.21875,8.616780281066895,2460000
1997-06-03,15.0625,15.375,15.03125,15.25,8.634469985961914,1375200
1997-06-04,15.1875,15.34375,15.03125,15.1875,8.59908390045166,1591600
1997-06-05,15.4375,15.5625,15.40625,15.53125,8.793715476989746,1500400
1997-06-06,15.46875,15.8125,15.40625,15.8125,8.952956199645996,2202800
1997-06-09,15.8125,16.1875,15.8125,16.0625,9.094511985778809,4097600
1997-06-10,16.125,16.21875,16.0,16.21875,9.18297290802002,3185200
1997-06-11,16.21875,16.40625,16.1875,16.28125,9.21835994720459,3472000
1997-06-12,16.40625,16.5,16.25,16.40625,9.289132118225098,2688400
1997-06-13,16.46875,16.75,16.4375,16.625,9.412991523742676,3301200
1997-06-16,16.5625,16.625,16.40625,16.5625,9.377609252929688,2791600
1997-06-17,16.25,16.53125,16.21875,16.3125,9.236054420471191,3438800
1997-06-18,16.25,16.25,16.0625,16.1875,9.165278434753418,2112000
1997-06-19,16.34375,16.59375,16.28125,16.46875,9.32452392578125,2242400
1997-06-20,16.5,16.5,16.21875,16.25,9.20067024230957,3295200
1997-06-23,16.28125,16.34375,16.03125,16.03125,9.076813697814941,1690400
1997-06-24,16.078125,16.5,16.0625,16.390625,9.280289649963379,2266400
1997-06-25,16.3125,16.34375,15.90625,16.203125,9.174129486083984,2444400
1997-06-26,16.1875,16.484375,16.171875,16.3125,9.236054420471191,2582000
1997-06-27,16.4375,16.5625,16.375,16.5,9.342217445373535,2545200
1997-06-30,16.5,16.625,16.25,16.3125,9.236054420471191,3253200
1997-07-01,16.203125,16.34375,15.96875,16.28125,9.21835994720459,3014000
1997-07-02,16.4375,16.59375,16.21875,16.484375,9.333373069763184,2583200
1997-07-03,16.625,16.78125,16.609375,16.734375,9.474913597106934,2222400
1997-07-07,16.703125,16.9375,16.40625,16.4375,9.306828498840332,2693200
1997-07-08,16.4375,16.953125,16.4375,16.8125,9.51915454864502,2643600
1997-07-09,17.125,17.265625,16.515625,16.65625,9.430681228637695,2894400
1997-07-10,16.59375,16.984375,16.4375,16.828125,9.527999877929688,2915600
1997-07-11,16.828125,17.171875,16.8125,16.84375,9.536847114562988,2027200
1997-07-14,16.84375,17.4375,16.8125,17.203125,9.74032211303711,2960400
1997-07-15,17.5,18.34375,17.4375,18.28125,10.350749969482422,6594000
1997-07-16,18.5,18.59375,18.140625,18.140625,10.27112865447998,5520800
1997-07-17,18.078125,18.09375,17.75,17.828125,10.094199180603027,3831600
1997-07-18,17.78125,18.09375,17.5,17.875,10.120734214782715,3535600
1997-07-21,17.8125,17.984375,17.546875,17.90625,10.138421058654785,2276400
1997-07-22,18.015625,18.5625,17.6875,18.390625,10.412677764892578,3863600
1997-07-23,19.0625,19.25,18.796875,18.796875,10.68262767791748,4150000
1997-07-24,19.125,19.484375,18.625,19.25,10.94015121459961,5129600
1997-07-25,19.25,19.671875,19.21875,19.28125,10.957911491394043,3258000
1997-07-28,19.28125,19.28125,18.8125,18.8125,10.691511154174805,3189200
1997-07-29,18.859375,18.875,18.671875,18.703125,10.629347801208496,4296800
1997-07-30,18.71875,19.03125,18.546875,18.96875,10.780313491821289,3219200
1997-07-31,19.0,19.0625,18.875,18.9375,10.76254653930664,3041600
1997-08-01,18.984375,19.09375,18.40625,18.640625,10.593832969665527,3565600
1997-08-04,18.40625,18.609375,18.328125,18.609375,10.576066017150879,4096800
1997-08-05,18.625,18.65625,18.28125,18.34375,10.425114631652832,2804000
1997-08-06,18.328125,18.65625,18.125,18.46875,10.496150016784668,3762000
1997-08-07,18.515625,18.6875,17.890625,17.96875,10.21198844909668,4003200
1997-08-08,17.90625,17.90625,17.46875,17.5,9.945590019226074,4710400
1997-08-11,17.734375,17.75,17.21875,17.453125,9.91894817352295,4421600
1997-08-12,17.125,17.40625,16.9375,16.96875,9.643671989440918,4905200
1997-08-13,17.3125,17.5625,16.875,17.390625,9.883431434631348,5428400
1997-08-14,17.5,17.8125,17.4375,17.546875,9.972227096557617,5414800
1997-08-15,17.40625,17.40625,16.125,16.3125,9.270709037780762,6226800
1997-08-18,16.625,16.8125,16.3125,16.53125,9.395027160644531,7532000
1997-08-19,16.65625,17.109375,16.59375,17.0,9.661431312561035,6973200
1997-08-20,16.984375,17.0,16.71875,16.9375,9.625911712646484,4009200
1997-08-21,16.9375,16.984375,16.40625,16.484375,9.368393898010254,3614800
1997-08-22,16.0625,16.375,15.9375,16.34375,9.288470268249512,3665600
1997-08-25,16.25,16.59375,16.1875,16.40625,9.323992729187012,4459200
1997-08-26,16.375,16.546875,16.09375,16.140625,9.173029899597168,4566800
1997-08-27,16.140625,16.265625,15.90625,16.03125,9.110873222351074,3942800
1997-08-28,15.796875,15.953125,15.640625,15.875,9.022071838378906,6033600
1997-08-29,15.71875,15.78125,15.53125,15.65625,8.89775276184082,4150400
1997-09-02,15.625,16.6875,15.59375,16.5625,9.41279125213623,4850000
1997-09-03,16.515625,17.0625,16.359375,16.5625,9.41279125213623,3931200
1997-09-04,16.5,16.5625,16.1875,16.421875,9.332868576049805,4136400
1997-09-05,16.375,16.515625,16.0,16.5,9.377273559570312,5124800
1997-09-08,16.375,16.4375,16.21875,16.28125,9.252954483032227,3492800
1997-09-09,16.34375,16.421875,16.140625,16.1875,9.199673652648926,3818800
1997-09-10,15.9375,16.125,15.71875,15.828125,8.995433807373047,4298800
1997-09-11,15.78125,15.8125,15.265625,15.453125,8.782310485839844,7330000
1997-09-12,15.671875,15.78125,15.4375,15.78125,8.968791007995605,7394400
1997-09-15,15.84375,16.53125,15.75,16.46875,9.359511375427246,11512800
1997-09-16,16.59375,17.328125,16.5,17.234375,9.794635772705078,5280800
1997-09-17,17.28125,17.34375,17.03125,17.09375,9.714710235595703,3998000
1997-09-18,17.09375,17.5,17.09375,17.25,9.803508758544922,3811200
1997-09-19,17.265625,17.5,17.109375,17.5,9.945590019226074,3320000
1997-09-22,17.5,17.5,17.109375,17.140625,9.741353034973145,2825600
1997-09-23,17.140625,17.140625,16.828125,16.9375,9.625911712646484,1909600
1997-09-24,16.9375,17.171875,16.765625,16.921875,9.61703109741211,2308800
1997-09-25,16.875,16.9375,16.59375,16.625,9.448308944702148,3402000
1997-09-26,16.859375,17.125,16.78125,16.875,9.590386390686035,2437600
1997-09-29,17.0,17.375,16.828125,17.359375,9.86567211151123,2158800
1997-09-30,17.359375,17.609375,17.25,17.421875,9.90119457244873,5149200
1997-10-01,17.3125,17.4375,17.0625,17.34375,9.856790542602539,3375200
1997-10-02,17.40625,17.71875,17.375,17.46875,9.927830696105957,2184800
1997-10-03,17.6875,18.0625,17.546875,17.75,10.087675094604492,3078800
1997-10-06,18.0,18.4375,17.9375,18.34375,10.425114631652832,2948000
1997-10-07,18.34375,18.375,18.09375,18.34375,10.425114631652832,1622000
1997-10-08,18.40625,18.484375,18.125,18.421875,10.469514846801758,3063200
1997-10-09,18.25,18.375,18.0625,18.125,10.300787925720215,2632000
1997-10-10,18.0,18.265625,17.90625,18.203125,10.345193862915039,1608800
1997-10-13,18.265625,18.5,18.265625,18.390625,10.451750755310059,1292400
1997-10-14,18.46875,18.59375,18.1875,18.390625,10.451750755310059,2826000
1997-10-15,18.28125,18.28125,17.90625,17.953125,10.203112602233887,2762000
1997-10-16,18.0,18.453125,17.890625,18.203125,10.345193862915039,5236400
1997-10-17,18.203125,18.4375,18.0,18.28125,10.389592170715332,4564000
1997-10-20,18.265625,18.3125,17.984375,18.171875,10.327431678771973,1942800
1997-10-21,18.28125,18.65625,18.25,18.625,10.584948539733887,1919600
1997-10-22,18.6875,18.71875,18.4375,18.5625,10.549430847167969,1824800
1997-10-23,17.875,18.234375,17.8125,18.0625,10.30342960357666,2940000
1997-10-24,18.125,18.3125,17.765625,17.90625,10.214299201965332,2415600
1997-10-27,17.5,17.765625,16.75,16.875,9.62603759765625,4310000
1997-10-28,16.4375,17.625,16.125,17.59375,10.036040306091309,9638400
1997-10-29,17.3125,17.796875,17.25,17.3125,9.87560749053955,2991600
1997-10-30,17.0625,17.28125,16.78125,16.984375,9.68843936920166,5131200
1997-10-31,17.0,17.0625,16.0625,16.1875,9.233874320983887,11432800
1997-11-03,16.25,16.4375,16.125,16.3125,9.305171966552734,9747200
1997-11-04,16.25,16.296875,15.921875,15.9375,9.091262817382812,7097600
1997-11-05,16.0625,16.625,16.015625,16.40625,9.35865592956543,10636800
1997-11-06,16.28125,16.359375,16.125,16.125,9.198222160339355,4207600
1997-11-07,15.5625,15.75,15.4375,15.640625,8.921915054321289,6292000
1997-11-10,15.703125,15.828125,15.59375,15.609375,8.904086112976074,3915200
1997-11-11,15.9375,16.015625,15.578125,15.765625,8.993220329284668,4762000
1997-11-12,15.625,15.9375,15.53125,15.5625,8.877348899841309,3129200
1997-11-13,15.6875,15.8125,15.515625,15.625,8.91300106048584,5604000
1997-11-14,15.75,15.96875,15.640625,15.90625,9.073434829711914,3679600
1997-11-17,16.375,16.625,16.3125,16.5625,9.447783470153809,4128800
1997-11-18,16.25,16.265625,15.75,15.984375,9.118005752563477,7861600
1997-11-19,15.921875,16.09375,15.78125,15.921875,9.082347869873047,4898400
1997-11-20,16.125,16.703125,16.0625,16.5,9.412134170532227,7511600
1997-11-21,16.75,16.828125,16.65625,16.6875,9.519086837768555,4474000
1997-11-24,16.625,16.625,16.5,16.515625,9.42104434967041,3264800
1997-11-25,16.65625,16.671875,16.5,16.578125,9.456695556640625,4475200
1997-11-26,16.59375,16.640625,16.40625,16.40625,9.35865592956543,2344400
1997-11-28,16.5625,16.75,16.53125,16.703125,9.528002738952637,761200
1997-12-01,16.78125,17.109375,16.75,16.953125,9.670613288879395,3065200
1997-12-02,17.015625,17.453125,16.953125,17.25,9.839954376220703,4425600
1997-12-03,17.25,17.78125,17.15625,17.6875,10.089520454406738,3330400
1997-12-04,17.671875,18.0,17.578125,17.65625,10.071693420410156,2405600
1997-12-05,17.75,18.1875,17.5,18.015625,10.276693344116211,2591200
1997-12-08,17.953125,17.984375,17.6875,17.890625,10.205384254455566,2144400
1997-12-09,17.828125,17.828125,17.421875,17.578125,10.027128219604492,1484000
1997-12-10,17.53125,17.734375,17.4375,17.59375,10.036040306091309,2707200
1997-12-11,17.53125,17.828125,17.359375,17.359375,9.902347564697266,4824400
1997-12-12,17.375,17.375,16.8125,17.109375,9.759732246398926,3602000
1997-12-15,16.953125,16.953125,16.4375,16.6875,9.519086837768555,5630800
1997-12-16,16.5625,16.875,16.5,16.796875,9.581478118896484,8169600
1997-12-17,16.875,17.203125,16.84375,17.03125,9.715174674987793,6147600
1997-12-18,17.125,17.25,16.875,17.109375,9.759732246398926,6650400
1997-12-19,16.875,17.375,16.609375,17.03125,9.715174674987793,4764000
1997-12-22,17.0625,17.3125,16.796875,17.296875,9.866692543029785,1946400
1997-12-23,17.265625,17.34375,17.015625,17.125,9.76865291595459,2244400
1997-12-24,17.0625,17.140625,17.0,17.0,9.697348594665527,953200
1997-12-26,17.0625,17.25,17.0625,17.25,9.839954376220703,814800
1997-12-29,17.4375,17.8125,17.4375,17.609375,10.04495620727539,3140800
1997-12-30,17.953125,18.3125,17.875,18.21875,10.392561912536621,2652000
1997-12-31,18.5625,18.5625,18.359375,18.375,10.481693267822266,2752400
1998-01-02,18.625,18.625,18.171875,18.3125,10.446039199829102,1806000
1998-01-05,18.5,18.71875,18.3125,18.71875,10.677779197692871,3080000
1998-01-06,18.734375,18.734375,17.9375,17.984375,10.258862495422363,3446400
1998-01-07,17.5625,17.90625,17.46875,17.90625,10.214299201965332,4500400
1998-01-08,17.90625,17.9375,17.34375,17.4375,9.946905136108398,3798800
1998-01-09,17.25,17.265625,16.875,17.0,9.697348594665527,7184800
1998-01-12,16.8125,17.109375,16.8125,16.96875,9.679523468017578,5404000
1998-01-13,17.015625,17.0625,16.875,17.0,9.697348594665527,4805600
1998-01-14,17.0625,17.375,16.96875,17.359375,9.902347564697266,6706000
1998-01-15,17.359375,17.359375,16.9375,17.296875,9.866692543029785,4201200
1998-01-16,17.5,17.75,17.421875,17.671875,10.080608367919922,4352800
1998-01-20,17.640625,17.8125,17.578125,17.765625,10.134084701538086,3250400
1998-01-21,17.75,17.8125,17.4375,17.5,9.982562065124512,3684400
1998-01-22,17.28125,17.46875,17.21875,17.359375,9.902347564697266,2885600
1998-01-23,17.4375,17.546875,17.1875,17.265625,9.888025283813477,4733600
1998-01-26,17.40625,17.546875,17.265625,17.453125,9.99540901184082,1775600
1998-01-27,17.421875,17.8125,17.40625,17.65625,10.111737251281738,3916000
1998-01-28,17.71875,17.921875,17.609375,17.875,10.237015724182129,3054000
1998-01-29,17.953125,18.15625,17.765625,18.078125,10.353347778320312,6764000
1998-01-30,18.125,18.453125,18.03125,18.3125,10.487571716308594,4874000
1998-02-02,18.5,18.625,18.40625,18.625,10.666543006896973,3761200
1998-02-03,18.703125,18.9375,18.3125,18.9375,10.845510482788086,8025200
1998-02-04,18.875,19.125,18.75,19.046875,10.908157348632812,5222000
1998-02-05,19.171875,19.40625,19.125,19.40625,11.113968849182129,3946000
1998-02-06,19.375,19.5625,19.359375,19.40625,11.113968849182129,4397200
1998-02-09,19.46875,19.6875,19.28125,19.578125,11.212398529052734,3120400
1998-02-10,19.53125,19.71875,19.40625,19.671875,11.266090393066406,2692400
1998-02-11,19.640625,20.125,19.5625,20.078125,11.498745918273926,3664000
1998-02-12,19.9375,20.421875,19.8125,20.28125,11.61507797241211,3589200
1998-02-13,20.25,20.25,19.8125,20.03125,11.471906661987305,2594000
1998-02-17,20.0,20.078125,19.40625,19.46875,11.149754524230957,5459600
1998-02-18,19.515625,19.984375,19.5,19.828125,11.355575561523438,3008400
1998-02-19,20.125,20.125,19.5625,19.5625,11.203450202941895,2685200
1998-02-20,19.703125,20.03125,19.5625,20.015625,11.462958335876465,2729600
1998-02-23,20.0,20.015625,19.65625,19.75,11.310832977294922,2227200
1998-02-24,19.6875,19.96875,19.59375,19.625,11.239240646362305,2291200
1998-02-25,19.71875,19.921875,19.640625,19.71875,11.292938232421875,2954400
1998-02-26,19.65625,19.75,19.5625,19.75,11.310832977294922,1381200
1998-02-27,19.8125,20.453125,19.6875,20.296875,11.624027252197266,2623600
1998-03-02,20.234375,20.390625,20.015625,20.28125,11.61507797241211,2444000
1998-03-03,20.0625,20.3125,19.875,20.0625,11.489801406860352,2444000
1998-03-04,19.9375,20.03125,19.6875,19.828125,11.355575561523438,4170800
1998-03-05,19.75,19.859375,19.65625,19.796875,11.337677955627441,3659600
1998-03-06,20.0625,21.0625,20.0625,20.984375,12.017755508422852,6921600
1998-03-09,20.984375,21.875,20.875,21.6875,12.420440673828125,5458400
1998-03-10,21.96875,21.96875,21.34375,21.703125,12.429387092590332,3965600
1998-03-11,21.5625,22.0,21.5,21.953125,12.572563171386719,2600800
1998-03-12,21.78125,21.84375,21.3125,21.359375,12.232522964477539,3401200
1998-03-13,21.125,21.375,20.71875,20.953125,11.999866485595703,3263200
1998-03-16,21.0,21.15625,20.8125,20.890625,11.964065551757812,2680400
1998-03-17,20.953125,21.234375,20.875,21.1875,12.134090423583984,3038400
1998-03-18,21.1875,21.578125,21.15625,21.484375,12.304101943969727,2362000
1998-03-19,21.421875,21.625,21.046875,21.296875,12.196723937988281,2303600
1998-03-20,21.359375,21.421875,21.125,21.40625,12.259363174438477,3004800
1998-03-23,21.34375,21.5,21.171875,21.40625,12.259363174438477,1669600
1998-03-24,21.5625,21.6875,21.4375,21.6875,12.420440673828125,1454000
1998-03-25,21.6875,21.8125,21.140625,21.4375,12.27725887298584,2297200
1998-03-26,21.6875,22.21875,21.453125,21.71875,12.438334465026855,2818000
1998-03-27,22.1875,22.1875,21.28125,21.65625,12.402544021606445,3282000
1998-03-30,21.59375,21.875,21.3125,21.640625,12.393586158752441,1831600
1998-03-31,21.640625,21.859375,21.40625,21.6875,12.420440673828125,2141200
1998-04-01,21.625,22.0,21.546875,21.9375,12.563611030578613,2120000
1998-04-02,22.0,22.03125,21.5,21.78125,12.474128723144531,4270000
1998-04-03,21.9375,22.015625,21.625,21.9375,12.563611030578613,2189600
1998-04-06,22.0,22.15625,21.765625,21.765625,12.465178489685059,2435600
1998-04-07,21.796875,21.8125,21.1875,21.40625,12.259363174438477,2716800
1998-04-08,21.3125,21.4375,21.140625,21.15625,12.116189002990723,2339200
1998-04-09,21.234375,21.53125,21.1875,21.4375,12.27725887298584,1882000
1998-04-13,21.375,21.484375,20.90625,21.359375,12.232522964477539,2436000
1998-04-14,21.296875,21.296875,21.078125,21.09375,12.08039665222168,1528000
1998-04-15,21.25,21.25,20.75,20.796875,11.910379409790039,3404000
1998-04-16,20.8125,20.84375,20.375,20.609375,11.802996635437012,2876000
1998-04-17,20.875,21.5625,20.671875,21.4375,12.27725887298584,3352400
1998-04-20,21.90625,21.984375,21.5,21.9375,12.563611030578613,3726000
1998-04-21,21.6875,21.6875,21.40625,21.46875,12.29516315460205,1918800
1998-04-22,21.5625,22.46875,21.34375,22.375,12.814166069030762,7570800
1998-04-23,22.4375,22.875,22.03125,22.328125,12.826736450195312,4783200
1998-04-24,22.375,22.40625,21.6875,21.9375,12.602334022521973,4446400
1998-04-27,21.6875,21.796875,21.40625,21.75,12.494619369506836,6045200
1998-04-28,21.9375,22.0,21.515625,21.703125,12.467695236206055,3702400
1998-04-29,21.71875,21.96875,21.5625,21.921875,12.593358993530273,2710400
1998-04-30,22.0,22.59375,21.96875,22.421875,12.880586624145508,3491200
1998-05-01,22.375,22.75,22.375,22.546875,12.952401161193848,1711200
1998-05-04,22.71875,22.71875,22.203125,22.28125,12.79980754852295,3342800
1998-05-05,22.28125,22.5,22.09375,22.28125,12.79980754852295,2299200
1998-05-06,22.25,22.25,21.90625,22.0,12.638236999511719,2497600
1998-05-07,22.0,22.28125,21.9375,22.078125,12.68311595916748,3947200
1998-05-08,22.078125,22.609375,22.0,22.015625,12.647214889526367,2610800
1998-05-11,22.015625,22.125,21.78125,21.9375,12.602334022521973,2867600
1998-05-12,21.84375,22.203125,21.84375,22.09375,12.692096710205078,2448800
1998-05-13,22.0625,22.125,21.921875,22.0,12.638236999511719,1853200
1998-05-14,21.84375,22.53125,21.765625,22.421875,12.880586624145508,2792000
1998-05-15,22.375,22.421875,22.125,22.234375,12.772878646850586,2149200
1998-05-18,22.1875,22.71875,22.015625,22.65625,13.01523494720459,1309200
1998-05-19,22.65625,22.65625,22.3125,22.46875,12.907523155212402,2325200
1998-05-20,22.65625,22.703125,21.9375,22.25,12.781859397888184,3913600
1998-05-21,22.3125,22.625,22.25,22.359375,12.844690322875977,1980800
1998-05-22,22.359375,22.390625,22.0,22.140625,12.719029426574707,1443600
1998-05-26,22.1875,22.265625,21.578125,21.578125,12.395892143249512,2380800
1998-05-27,21.46875,21.78125,21.21875,21.78125,12.51257610321045,3276400
1998-05-28,21.75,21.796875,21.5,21.640625,12.43178653717041,2136000
1998-05-29,21.703125,21.875,21.65625,21.75,12.494619369506836,2279600
1998-06-01,21.75,22.1875,21.5625,21.96875,12.620285987854004,2016000
1998-06-02,22.0625,22.125,21.65625,21.75,12.494619369506836,3200800
1998-06-03,21.75,22.09375,21.671875,21.75,12.494619369506836,2417200
1998-06-04,21.703125,22.0,21.46875,21.96875,12.620285987854004,1307600
1998-06-05,22.1875,22.375,21.890625,22.375,12.853660583496094,1727200
1998-06-08,22.375,22.625,22.25,22.46875,12.907523155212402,1685200
1998-06-09,22.4375,22.453125,22.046875,22.203125,12.754931449890137,2156000
1998-06-10,22.140625,22.625,21.96875,22.078125,12.68311595916748,2291200
1998-06-11,22.03125,22.21875,21.90625,22.015625,12.647214889526367,2186800
1998-06-12,22.015625,22.09375,21.5625,21.859375,12.557453155517578,2584400
1998-06-15,21.6875,21.90625,21.5625,21.609375,12.413837432861328,2307600
1998-06-16,21.578125,21.75,21.234375,21.65625,12.440767288208008,2152400
1998-06-17,21.8125,22.5,21.6875,22.421875,12.880586624145508,3155200
1998-06-18,22.421875,23.03125,22.3125,22.859375,13.131921768188477,2734000
1998-06-19,22.75,22.75,21.8125,21.96875,12.620285987854004,5437600
1998-06-22,21.84375,21.9375,21.640625,21.8125,12.53052806854248,2951200
1998-06-23,21.75,22.234375,21.65625,21.953125,12.611311912536621,3358000
1998-06-24,22.0,22.484375,21.71875,22.4375,12.889564514160156,2329600
1998-06-25,22.4375,22.484375,21.8125,21.921875,12.593358993530273,2312400
1998-06-26,21.9375,22.25,21.859375,22.03125,12.656188011169434,2107600
1998-06-29,22.25,22.484375,22.125,22.25,12.781859397888184,2146800
1998-06-30,22.15625,22.265625,22.0,22.0,12.638236999511719,3062400
1998-07-01,22.0625,22.203125,21.9375,22.15625,12.727997779846191,2958000
1998-07-02,22.15625,22.25,21.953125,22.0625,12.674141883850098,1902000
1998-07-06,22.0,22.875,22.0,22.78125,13.087039947509766,2105600
1998-07-07,22.8125,22.96875,22.703125,22.875,13.140896797180176,2191200
1998-07-08,22.828125,23.25,22.8125,23.234375,13.347342491149902,3301600
1998-07-09,23.25,23.25,22.6875,22.734375,13.060117721557617,2882800
1998-07-10,22.6875,23.796875,22.6875,23.53125,13.517889022827148,2921600
1998-07-13,23.5625,23.625,23.0,23.4375,13.464037895202637,3104800
1998-07-14,23.6875,24.453125,23.65625,23.953125,13.76024341583252,3153600
1998-07-15,24.015625,24.28125,23.96875,24.046875,13.814096450805664,2165600
1998-07-16,23.9375,24.015625,23.59375,23.78125,13.661500930786133,2612400
1998-07-17,23.78125,23.96875,23.140625,23.921875,13.742293357849121,2972800
1998-07-20,24.15625,24.40625,23.625,23.859375,13.706389427185059,1926800
1998-07-21,23.796875,24.09375,23.5,23.71875,13.62560749053955,3079600
1998-07-22,23.625,23.984375,23.609375,23.75,13.643549919128418,2252400
1998-07-23,23.8125,24.625,23.8125,24.234375,13.962226867675781,4343200
1998-07-24,24.53125,24.71875,23.96875,24.09375,13.881211280822754,3732400
1998-07-27,24.03125,24.03125,23.5,23.90625,13.773184776306152,3363200
1998-07-28,23.84375,23.96875,23.171875,23.9375,13.791190147399902,3044800
1998-07-29,24.0,24.28125,23.875,24.078125,13.872203826904297,2663200
1998-07-30,24.234375,24.34375,23.5625,24.0625,13.863197326660156,2732400
1998-07-31,23.90625,24.0,23.0,23.0625,13.287073135375977,2649600
1998-08-03,23.1875,23.328125,22.75,22.9375,13.215055465698242,2502400
1998-08-04,23.125,23.1875,22.46875,22.46875,12.944988250732422,3916400
1998-08-05,22.5625,22.8125,22.15625,22.4375,12.92698860168457,6030800
1998-08-06,22.34375,22.640625,21.875,22.578125,13.008005142211914,3075200
1998-08-07,22.546875,22.546875,21.78125,22.046875,12.701934814453125,4032400
1998-08-10,22.0,22.3125,21.734375,21.921875,12.629923820495605,2886800
1998-08-11,21.75,21.765625,21.09375,21.40625,12.332856178283691,3357600
1998-08-12,21.4375,21.890625,21.375,21.875,12.60290813446045,2578400
1998-08-13,21.875,22.0625,21.359375,21.59375,12.440877914428711,2288400
1998-08-14,21.59375,21.625,21.140625,21.296875,12.269838333129883,1706800
1998-08-17,21.125,22.0,21.03125,21.859375,12.593912124633789,3395200
1998-08-18,21.859375,22.0,21.40625,21.453125,12.359854698181152,2254000
1998-08-19,21.625,21.625,21.125,21.1875,12.206827163696289,2660800
1998-08-20,21.203125,21.203125,20.484375,20.5,11.810731887817383,4970000
1998-08-21,20.5,20.75,20.125,20.75,11.954769134521484,6640000
1998-08-24,20.8125,21.25,20.6875,21.21875,12.224821090698242,3392800
1998-08-25,21.3125,21.71875,20.9375,20.9375,12.062785148620605,3486000
1998-08-26,20.8125,21.546875,20.75,21.40625,12.332856178283691,3276800
1998-08-27,20.9375,21.0625,20.1875,20.21875,11.648693084716797,5564000
1998-08-28,20.25,20.625,19.28125,19.484375,11.225594520568848,7325600
1998-08-31,19.5,19.578125,17.96875,18.03125,10.388402938842773,7579600
1998-09-01,18.03125,18.96875,17.65625,18.75,10.802497863769531,6798800
1998-09-02,19.25,19.25,18.046875,18.25,10.51442813873291,7056800
1998-09-03,18.0,18.53125,17.75,17.9375,10.334390640258789,8738400
1998-09-04,17.96875,18.0625,17.25,17.5,10.082332611083984,4528000
1998-09-08,18.25,18.875,17.640625,18.6875,10.766490936279297,5219600
1998-09-09,18.5625,18.5625,17.640625,17.71875,10.208362579345703,4887200
1998-09-10,17.0625,17.3125,16.421875,17.03125,9.812265396118164,6347600
1998-09-11,16.6875,17.59375,16.5625,17.4375,10.046319961547852,8485600
1998-09-14,18.0,18.8125,17.875,18.234375,10.505433082580566,4578800
1998-09-15,18.25,18.59375,18.15625,18.546875,10.685473442077637,4692400
1998-09-16,19.125,19.125,17.8125,18.125,10.442414283752441,7027200
1998-09-17,17.25,17.375,16.875,17.125,9.866281509399414,9941200
1998-09-18,17.125,17.46875,16.828125,17.0,9.794264793395996,7114400
1998-09-21,16.625,16.6875,16.265625,16.390625,9.4431791305542,6017600
1998-09-22,16.6875,16.875,16.5,16.75,9.65023136138916,5881600
1998-09-23,17.0625,17.8125,16.9375,17.734375,10.21735954284668,6232000
1998-09-24,17.625,17.71875,17.375,17.640625,10.163351058959961,4058800
1998-09-25,17.1875,17.46875,17.0625,17.359375,10.001313209533691,7650000
1998-09-28,17.6875,18.34375,17.625,18.15625,10.460416793823242,3380800
1998-09-29,18.0,18.546875,17.6875,18.21875,10.496426582336426,4334400
1998-09-30,18.0,18.0625,17.125,17.1875,9.902286529541016,5072400
1998-10-01,17.140625,17.5,16.78125,17.0,9.794264793395996,5440800
1998-10-02,16.9375,18.0625,16.8125,17.984375,10.3613920211792,5694400
1998-10-05,17.8125,18.21875,17.25,18.03125,10.388402938842773,3464000
1998-10-06,18.25,19.03125,18.21875,18.34375,10.568445205688477,4142400
1998-10-07,18.359375,19.4375,18.25,18.75,10.802497863769531,9169200
1998-10-08,18.28125,19.421875,18.1875,18.34375,10.568445205688477,8991200
1998-10-09,18.5625,19.25,18.375,19.09375,11.000544548034668,5955600
1998-10-12,19.375,19.9375,19.09375,19.71875,11.360629081726074,4682400
1998-10-13,19.734375,19.734375,19.125,19.25,11.090567588806152,3291600
1998-10-14,19.1875,19.34375,18.828125,19.1875,11.054547309875488,3554400
1998-10-15,19.234375,20.5625,19.03125,20.390625,11.74771785736084,9337200
1998-10-16,20.59375,21.671875,20.5625,21.5625,12.422869682312012,7619200
1998-10-19,21.5,21.71875,21.09375,21.5,12.386856079101562,5132800
1998-10-20,21.4375,21.65625,20.90625,20.953125,12.071793556213379,6402400
1998-10-21,20.953125,21.53125,20.90625,21.234375,12.233826637268066,3759600
1998-10-22,21.21875,22.0,20.9375,21.734375,12.521892547607422,3486000
1998-10-23,21.59375,22.234375,21.515625,21.671875,12.525510787963867,3335200
1998-10-26,21.75,22.453125,21.75,22.3125,12.895759582519531,3740400
1998-10-27,22.46875,22.5,22.0,22.09375,12.769330978393555,5621200
1998-10-28,21.875,21.90625,21.21875,21.421875,12.381017684936523,4522400
1998-10-29,21.5625,21.734375,21.25,21.5625,12.462288856506348,2923200
1998-10-30,21.65625,22.125,21.40625,22.09375,12.769330978393555,3975200
1998-11-02,22.1875,22.1875,21.8125,21.984375,12.706119537353516,3846400
1998-11-03,22.0,22.90625,21.875,22.75,13.148619651794434,5510400
1998-11-04,23.125,23.125,22.3125,22.34375,12.913822174072266,4888400
1998-11-05,22.25,22.84375,22.0,22.75,13.148619651794434,2951600
1998-11-06,22.84375,23.625,22.6875,23.546875,13.609184265136719,4297600
1998-11-09,23.5,23.5,22.828125,23.0,13.29311466217041,2763200
1998-11-10,22.875,23.3125,22.71875,23.0625,13.329235076904297,2692400
1998-11-11,23.1875,23.296875,22.375,22.59375,13.058318138122559,3138400
1998-11-12,22.5,22.578125,22.296875,22.46875,12.986064910888672,2231200
1998-11-13,22.5,23.203125,22.46875,23.046875,13.320199012756348,2228800
1998-11-16,23.15625,23.5,23.15625,23.40625,13.52790355682373,2014000
1998-11-17,23.46875,23.6875,22.984375,23.125,13.365358352661133,3472000
1998-11-18,23.0,23.203125,22.796875,23.1875,13.40148639678955,2012400
1998-11-19,23.125,23.734375,23.0,23.5625,13.618218421936035,2263200
1998-11-20,23.65625,23.75,23.21875,23.296875,13.46469783782959,3643200
1998-11-23,23.25,23.6875,23.03125,23.6875,13.69045352935791,3291200
1998-11-24,23.0625,23.28125,22.4375,22.515625,13.013155937194824,7187200
1998-11-25,22.3125,22.3125,21.375,21.546875,12.453261375427246,6785200
1998-11-27,21.75,21.796875,21.625,21.625,12.498411178588867,1648000
1998-11-30,21.625,21.8125,21.390625,21.40625,12.371991157531738,4187600
1998-12-01,21.40625,21.59375,21.1875,21.1875,12.245562553405762,3126800
1998-12-02,21.0,21.046875,20.75,21.046875,12.164284706115723,4051200
1998-12-03,21.015625,21.21875,20.5,20.53125,11.866271018981934,4442000
1998-12-04,20.75,21.59375,20.40625,21.3125,12.317800521850586,4322000
1998-12-07,21.5,21.59375,21.046875,21.265625,12.29071044921875,3178400
1998-12-08,21.40625,21.46875,20.9375,21.0625,12.173312187194824,4230800
1998-12-09,20.8125,21.015625,20.484375,20.921875,12.092036247253418,4004000
1998-12-10,20.875,21.203125,20.640625,20.859375,12.055915832519531,4624400
1998-12-11,20.859375,20.859375,20.1875,20.5,11.848209381103516,5575200
1998-12-14,20.3125,20.9375,20.3125,20.71875,11.974637985229492,4055600
1998-12-15,20.875,21.5,20.8125,21.234375,12.2726469039917,3295600
1998-12-16,21.234375,21.375,20.875,21.1875,12.245562553405762,3029600
1998-12-17,21.0625,21.4375,21.03125,21.109375,12.200400352478027,2785200
1998-12-18,20.9375,21.59375,20.9375,21.53125,12.444234848022461,3311200
1998-12-21,21.46875,21.96875,21.375,21.78125,12.588724136352539,2557600
1998-12-22,21.65625,22.53125,21.4375,22.34375,12.913822174072266,3247200
1998-12-23,22.34375,23.5,22.3125,23.375,13.509846687316895,3266800
1998-12-24,23.25,23.421875,23.046875,23.046875,13.320199012756348,884000
1998-12-28,23.0625,23.125,22.765625,22.90625,13.23892593383789,1617600
1998-12-29,22.9375,23.5,22.75,23.453125,13.55500602722168,1629200
1998-12-30,23.3125,23.375,22.9375,23.15625,13.383414268493652,1324000
1998-12-31,23.203125,23.375,23.015625,23.21875,13.419538497924805,1416000
1999-01-04,23.25,23.4375,22.40625,22.5,13.004133224487305,3316800
1999-01-05,22.5625,22.859375,22.375,22.75,13.148619651794434,2203200
1999-01-06,22.765625,22.765625,22.40625,22.625,13.076376914978027,3107600
1999-01-07,22.5,22.59375,22.0,22.25,12.859643936157227,3973200
1999-01-08,22.125,22.1875,21.25,21.421875,12.381017684936523,5590400
1999-01-11,21.453125,21.703125,20.84375,21.15625,12.22749137878418,9854800
1999-01-12,21.1875,21.375,20.921875,21.125,12.209434509277344,7105200
1999-01-13,19.5,20.265625,19.4375,19.59375,11.324432373046875,13084800
1999-01-14,19.6875,19.84375,18.9375,18.984375,10.972238540649414,7164000
1999-01-15,18.9375,19.59375,18.8125,19.0,10.98126220703125,13244400
1999-01-19,19.125,19.34375,18.28125,19.328125,11.170916557312012,10394400
1999-01-20,19.5,20.0,19.1875,19.65625,11.360553741455078,9825200
1999-01-21,19.625,19.65625,19.28125,19.34375,11.179938316345215,7150400
1999-01-22,18.6875,18.9375,18.5625,18.8125,10.911681175231934,11233200
1999-01-25,18.828125,19.0,18.640625,18.765625,10.884492874145508,6559600
1999-01-26,18.625,18.78125,18.390625,18.78125,10.893555641174316,11136000
1999-01-27,18.875,19.1875,18.75,19.0625,11.056682586669922,8416000
1999-01-28,19.15625,19.8125,19.0625,19.75,11.45544719696045,7653600
1999-01-29,20.0,20.25,19.90625,20.109375,11.66388988494873,6703200
1999-02-01,20.15625,21.0,19.9375,21.0,12.18048095703125,4275600
1999-02-02,20.875,20.875,20.15625,20.421875,11.845161437988281,4759200
1999-02-03,20.125,20.625,19.9375,20.609375,11.95390510559082,6786000
1999-02-04,20.75,21.78125,20.5,21.171875,12.280170440673828,7756800
1999-02-05,21.15625,21.234375,20.8125,21.0,12.18048095703125,5143200
1999-02-08,21.15625,21.1875,20.578125,20.609375,11.95390510559082,3116800
1999-02-09,20.640625,20.96875,20.375,20.640625,11.972034454345703,2741200
1999-02-10,20.65625,21.15625,20.5625,21.15625,12.271106719970703,2662400
1999-02-11,21.21875,21.8125,21.203125,21.8125,12.651753425598145,3657200
1999-02-12,21.75,21.84375,21.46875,21.703125,12.588311195373535,3299200
1999-02-16,21.53125,22.0625,21.453125,21.671875,12.570182800292969,2435600
1999-02-17,21.3125,21.9375,21.3125,21.5,12.470488548278809,3131200
1999-02-18,21.5625,22.21875,21.53125,21.875,12.687999725341797,5171600
1999-02-19,21.90625,22.09375,21.390625,21.4375,12.43424129486084,2375200
1999-02-22,21.40625,22.125,21.40625,22.015625,12.769570350646973,2877200
1999-02-23,22.125,22.125,21.59375,21.734375,12.60643196105957,2790800
1999-02-24,21.84375,21.90625,21.34375,21.515625,12.4795560836792,2332400
1999-02-25,21.484375,21.6875,20.875,21.3125,12.361738204956055,2846000
1999-02-26,21.375,21.4375,20.65625,21.21875,12.307361602783203,2424400
1999-03-01,21.15625,21.21875,20.734375,21.125,12.252984046936035,3077200
1999-03-02,21.125,21.59375,20.84375,21.484375,12.461424827575684,3854800
1999-03-03,21.421875,21.96875,21.328125,21.6875,12.57925033569336,3693200
1999-03-04,21.8125,22.625,21.78125,22.59375,13.10489273071289,5662400
1999-03-05,22.875,23.1875,22.625,23.140625,13.422093391418457,5196400
1999-03-08,22.9375,23.140625,22.65625,23.015625,13.349583625793457,5324400
1999-03-09,23.25,23.34375,23.0,23.140625,13.422093391418457,5179200
1999-03-10,23.25,23.25,22.84375,23.125,13.413028717041016,3287200
1999-03-11,23.3125,23.796875,23.125,23.375,13.558032989501953,3636000
1999-03-12,23.40625,23.5625,22.734375,23.125,13.413028717041016,3129200
1999-03-15,23.0625,23.125,22.65625,22.890625,13.277090072631836,4695200
1999-03-16,23.0,23.03125,22.390625,22.46875,13.032387733459473,10775200
1999-03-17,22.4375,22.4375,22.046875,22.296875,12.932694435119629,4043600
1999-03-18,22.21875,22.3125,22.046875,22.3125,12.941761016845703,2548400
1999-03-19,22.359375,22.578125,22.15625,22.15625,12.851130485534668,2853600
1999-03-22,22.15625,22.84375,21.8125,22.765625,13.204585075378418,2842400
1999-03-23,22.625,22.6875,22.25,22.34375,12.959881782531738,4438400
1999-03-24,22.46875,22.515625,22.1875,22.5,13.050515174865723,4325200
1999-03-25,22.5,23.3125,22.453125,23.28125,13.503655433654785,4385200
1999-03-26,23.25,23.3125,22.90625,23.140625,13.422093391418457,4537600
1999-03-29,23.40625,23.625,23.265625,23.53125,13.648665428161621,3279600
1999-03-30,23.578125,23.578125,23.078125,23.375,13.558032989501953,4991200
1999-03-31,23.3125,23.40625,22.90625,23.0,13.340523719787598,4815200
1999-04-01,23.28125,23.421875,23.203125,23.25,13.485528945922852,4375600
1999-04-05,23.28125,23.84375,23.28125,23.625,13.703045845031738,3713600
1999-04-06,23.5,23.53125,23.28125,23.4375,13.59428596496582,6798000
1999-04-07,23.4375,23.5625,23.375,23.375,13.558032989501953,3052800
1999-04-08,23.40625,23.90625,23.375,23.828125,13.820856094360352,4088800
1999-04-09,23.78125,23.78125,23.3125,23.40625,13.576154708862305,2462000
1999-04-12,23.25,24.09375,23.21875,23.96875,13.902422904968262,2324400
1999-04-13,24.25,24.28125,23.640625,23.734375,13.766480445861816,2458800
1999-04-14,23.671875,23.71875,23.28125,23.328125,13.530838966369629,2068800
1999-04-15,23.28125,23.359375,22.65625,22.890625,13.277090072631836,4562400
1999-04-16,22.875,23.625,22.8125,23.390625,13.567096710205078,3798000
1999-04-19,23.390625,24.40625,23.375,24.0,13.920551300048828,4638400
1999-04-20,23.9375,23.953125,22.8125,23.25,13.485528945922852,5832800
1999-04-21,23.75,25.09375,23.75,25.09375,14.554954528808594,7795200
1999-04-22,25.015625,25.21875,24.4375,24.703125,14.367737770080566,6258800
1999-04-23,24.671875,25.125,24.65625,25.0625,14.576761245727539,3386800
1999-04-26,25.0,25.6875,24.96875,25.265625,14.694897651672363,5410800
1999-04-27,25.3125,25.40625,24.75,25.0,14.540410995483398,4425200
1999-04-28,25.0,25.0625,24.71875,24.78125,14.413175582885742,2606400
1999-04-29,24.796875,25.234375,24.796875,25.015625,14.549491882324219,4235600
1999-04-30,25.015625,26.0,24.8125,25.609375,14.894834518432617,6512000
1999-05-03,25.671875,25.9375,25.25,25.515625,14.84030532836914,3186000
1999-05-04,25.46875,25.46875,24.609375,25.046875,14.567671775817871,5992000
1999-05-05,24.984375,25.03125,24.40625,24.734375,14.385917663574219,5980400
1999-05-06,24.5625,24.9375,24.375,24.765625,14.404086112976074,2460800
1999-05-07,24.75,24.875,24.09375,24.34375,14.158722877502441,2873600
1999-05-10,24.28125,24.28125,23.578125,23.625,13.740692138671875,3621200
1999-05-11,23.71875,24.1875,23.65625,23.984375,13.949707984924316,3143200
1999-05-12,24.09375,24.4375,23.75,24.15625,14.04967212677002,3514400
1999-05-13,24.125,24.28125,23.71875,24.1875,14.06784439086914,2010800
1999-05-14,23.875,23.875,23.453125,23.703125,13.786128997802734,2919600
1999-05-17,23.6875,24.15625,23.328125,24.078125,14.004232406616211,2330000
1999-05-18,24.125,24.125,23.53125,23.5625,13.704338073730469,2551200
1999-05-19,23.609375,24.25,23.59375,24.078125,14.004232406616211,2712400
1999-05-20,24.03125,24.5625,24.03125,24.484375,14.240519523620605,2107200
1999-05-21,24.484375,24.484375,23.84375,23.890625,13.895174026489258,3091600
1999-05-24,23.828125,24.0,23.296875,23.421875,13.622539520263672,3148400
1999-05-25,22.75,23.734375,22.75,23.625,13.740692138671875,6269200
1999-05-26,23.6875,24.8125,23.625,24.515625,14.258683204650879,4568000
1999-05-27,24.875,25.203125,24.765625,25.125,14.61311149597168,7555600
1999-05-28,25.140625,25.3125,24.9375,24.96875,14.522235870361328,2639200
1999-06-01,24.90625,25.8125,24.640625,25.8125,15.012972831726074,3452000
1999-06-02,25.71875,25.796875,25.28125,25.53125,14.849390029907227,3722000
1999-06-03,25.4375,25.4375,25.140625,25.203125,14.658550262451172,3352400
1999-06-04,25.25,25.6875,25.21875,25.625,14.903915405273438,3390000
1999-06-07,25.71875,26.4375,25.4921875,26.203125,15.240168571472168,4331600
1999-06-08,26.0,26.203125,25.75,25.890625,15.05841064453125,3618800
1999-06-09,25.875,25.90625,25.234375,25.734375,14.967529296875,2945200
1999-06-10,25.5,25.515625,25.15625,25.375,14.75851058959961,2286000
1999-06-11,25.0625,25.40625,24.921875,24.96875,14.522235870361328,5870400
1999-06-14,25.0625,25.703125,25.0625,25.4375,14.794864654541016,2700400
1999-06-15,25.6875,25.71875,25.0,25.0625,14.576761245727539,2762000
1999-06-16,25.25,25.28125,24.875,24.875,14.4677095413208,3700000
1999-06-17,24.875,25.3125,24.78125,25.109375,14.604023933410645,4721600
1999-06-18,25.0,25.09375,24.875,25.09375,14.594937324523926,5698800
1999-06-21,25.0,25.09375,24.859375,25.046875,14.567671775817871,1735200
1999-06-22,25.09375,25.3125,24.953125,25.0,14.540410995483398,2516800
1999-06-23,24.90625,25.0,24.796875,24.984375,14.531315803527832,2634800
1999-06-24,24.96875,25.09375,24.484375,24.984375,14.531315803527832,4613200
1999-06-25,24.96875,25.03125,24.4375,24.53125,14.267779350280762,2130800
1999-06-28,24.53125,24.75,24.15625,24.1875,14.06784439086914,3533600
1999-06-29,24.25,24.53125,24.09375,24.453125,14.222339630126953,2692400
1999-06-30,24.515625,24.6875,24.046875,24.625,14.322301864624023,4405600
1999-07-01,24.625,24.625,23.8125,24.34375,14.158722877502441,1996000
1999-07-02,24.25,24.25,23.5,24.0,13.958792686462402,1827400
1999-07-06,24.0,24.0,23.5,23.75,13.813387870788574,2946000
1999-07-07,23.4375,23.75,23.25,23.65625,13.758861541748047,2920000
1999-07-08,23.625,23.625,23.0625,23.375,13.595280647277832,2065800
1999-07-09,23.40625,24.625,23.40625,24.625,14.322301864624023,3890600
1999-07-12,24.40625,24.5,24.0,24.28125,14.122371673583984,1608000
1999-07-13,24.09375,24.6875,24.0,24.46875,14.231414794921875,1867000
1999-07-14,24.5,25.3125,24.25,25.125,14.61311149597168,2218200
1999-07-15,24.9375,25.03125,24.46875,24.8125,14.431353569030762,2106000
1999-07-16,24.9375,25.6875,24.75,25.5625,14.867572784423828,1681400
1999-07-19,25.4375,25.46875,24.53125,24.96875,14.522235870361328,1360800
1999-07-20,24.75,25.96875,24.5625,25.90625,15.067490577697754,2937400
1999-07-21,25.9375,26.21875,25.09375,25.21875,14.667640686035156,2962800
1999-07-22,25.25,25.46875,24.5,25.46875,14.859593391418457,2369400
1999-07-23,25.4375,25.5,24.75,25.125,14.65903091430664,2299200
1999-07-26,25.0,25.125,24.3125,24.59375,14.349069595336914,3137000
1999-07-27,24.6875,25.0625,24.25,24.78125,14.45846939086914,2765800
1999-07-28,24.6875,24.96875,24.5,24.53125,14.312617301940918,3637800
1999-07-29,24.375,24.984375,24.21875,24.65625,14.385537147521973,2821800
1999-07-30,24.75,25.1875,24.46875,24.6875,14.40377426147461,3018200
1999-08-02,24.25,24.5,23.84375,24.0,14.002659797668457,1801000
1999-08-03,24.03125,24.9375,23.96875,24.6875,14.40377426147461,2881800
1999-08-04,24.75,24.8125,24.0,24.03125,14.020891189575195,2254400
1999-08-05,24.0,24.875,23.6875,24.625,14.36730670928955,1795600
1999-08-06,24.53125,25.0,24.4375,25.0,14.586098670959473,2013800
1999-08-09,24.96875,25.0625,24.28125,24.34375,14.203210830688477,1918600
1999-08-10,24.3125,24.5,23.28125,24.25,14.148517608642578,2307200
1999-08-11,24.25,24.8125,24.09375,24.78125,14.45846939086914,4116400
1999-08-12,24.71875,24.75,24.125,24.34375,14.203210830688477,3929400
1999-08-13,24.5625,24.9375,24.4375,24.65625,14.385537147521973,3399400
1999-08-16,24.65625,24.96875,24.65625,24.78125,14.45846939086914,1444000
1999-08-17,24.8125,24.90625,24.5625,24.875,14.51317024230957,1553200
1999-08-18,24.75,24.9375,24.53125,24.5625,14.330842971801758,2167400
1999-08-19,24.4375,24.65625,23.96875,24.34375,14.203210830688477,1307800
1999-08-20,24.4375,25.375,24.21875,25.34375,14.786665916442871,1616800
1999-08-23,25.28125,25.6875,25.25,25.6875,14.987218856811523,1616400
1999-08-24,25.6875,26.875,25.5625,26.09375,15.224234580993652,3024600
1999-08-25,26.625,27.4375,26.25,27.375,15.971773147583008,2845200
1999-08-26,27.5,28.125,27.4375,27.5,16.044708251953125,4326000
1999-08-27,27.25,27.4375,26.25,26.625,15.53419303894043,2565000
1999-08-30,26.75,27.375,26.625,26.96875,15.734758377075195,1551800
1999-08-31,27.0,27.46875,26.625,26.75,15.607128143310547,2078200
1999-09-01,27.125,27.125,26.28125,26.71875,15.58889102935791,1528000
1999-09-02,26.71875,27.1875,26.25,26.5,15.46126937866211,1817600
1999-09-03,27.375,27.84375,26.625,27.53125,16.06294822692871,2619800
1999-09-07,27.53125,28.4375,27.28125,28.28125,16.500524520874023,2598800
1999-09-08,28.25,29.4375,27.96875,29.1875,17.029277801513672,3784600
1999-09-09,28.5,28.59375,27.0625,27.75,16.190570831298828,3531800
1999-09-10,27.5625,27.6875,26.875,27.375,15.971773147583008,2319400
1999-09-13,27.25,27.3125,26.5,26.75,15.607128143310547,2318800
1999-09-14,26.5625,26.6875,25.8125,26.40625,15.406571388244629,2238800
1999-09-15,26.5,26.6875,26.0625,26.1875,15.278934478759766,2658600
1999-09-16,25.625,25.96875,25.125,25.75,15.02368450164795,1977800
1999-09-17,26.0625,26.1875,25.375,25.9375,15.133076667785645,3101800
1999-09-20,25.5625,26.03125,25.375,26.03125,15.187780380249023,1340600
1999-09-21,26.03125,26.03125,25.0,25.28125,14.750188827514648,1936200
1999-09-22,25.15625,25.5,24.4375,25.0,14.586098670959473,3536400
1999-09-23,25.125,25.1875,24.03125,24.375,14.221445083618164,4223400
1999-09-24,24.5,24.75,24.0625,24.75,14.4402437210083,3590800
1999-09-27,24.71875,25.3125,24.375,24.65625,14.385537147521973,2499400
1999-09-28,24.375,24.9375,23.78125,24.5,14.294380187988281,2502000
1999-09-29,23.875,23.9375,22.84375,23.03125,13.43744945526123,4143200
1999-09-30,23.125,23.3125,22.15625,22.875,13.346281051635742,5386000
1999-10-01,23.0,24.1875,22.53125,23.90625,13.947959899902344,5080800
1999-10-04,24.3125,25.15625,24.125,24.96875,14.567870140075684,3285600
1999-10-05,25.3125,26.1875,24.65625,25.40625,14.823136329650879,3586800
1999-10-06,25.4375,26.5,25.25,26.46875,15.443037033081055,2840600
1999-10-07,26.375,26.625,26.0,26.28125,15.333639144897461,2570200
1999-10-08,26.28125,26.78125,25.9375,26.65625,15.5524320602417,2393200
1999-10-11,26.53125,26.84375,26.1875,26.75,15.607128143310547,1798600
1999-10-12,26.5,26.5,25.6875,25.8125,15.060152053833008,2334400
1999-10-13,25.71875,25.75,25.34375,25.375,14.804887771606445,2426800
1999-10-14,25.34375,26.3125,25.0625,26.0,15.16954231262207,2025200
1999-10-15,25.5,25.6875,24.9375,25.09375,14.64079761505127,2671400
1999-10-18,25.1875,26.0,25.125,25.9375,15.133076667785645,2246400
1999-10-19,26.375,27.0,26.3125,26.71875,15.58889102935791,1855600
1999-10-20,26.71875,27.0,26.0625,27.0,15.752991676330566,3025000
1999-10-21,27.875,29.0,27.625,28.875,16.846942901611328,4616000
1999-10-22,29.0,29.0,28.375,28.5,16.673776626586914,4038800
1999-10-25,28.125,28.375,27.875,28.15625,16.4726619720459,2603400
1999-10-26,27.625,28.875,27.625,28.25,16.527517318725586,2380800
1999-10-27,28.25,28.96875,28.21875,28.53125,16.692052841186523,3084000
1999-10-28,29.0625,29.59375,28.875,29.5,17.258819580078125,3603800
1999-10-29,29.9375,30.34375,29.625,30.25,17.697601318359375,3719800
1999-11-01,30.25,31.4375,30.21875,30.90625,18.081541061401367,2790000
1999-11-02,30.4375,30.5625,29.875,29.96875,17.533056259155273,3365200
1999-11-03,29.75,29.75,28.5,28.875,16.893165588378906,3665200
1999-11-04,28.9375,29.0625,28.3125,28.53125,16.692052841186523,3341200
1999-11-05,28.875,29.03125,28.375,28.8125,16.856595993041992,2095800
1999-11-08,28.6875,29.3125,28.6875,29.21875,17.094276428222656,1984800
1999-11-09,29.5625,29.59375,28.53125,28.53125,16.692052841186523,1592000
1999-11-10,28.3125,29.25,28.25,29.125,17.0394229888916,1912000
1999-11-11,29.09375,29.3125,28.84375,29.0,16.966297149658203,3118800
1999-11-12,29.125,29.1875,28.6875,28.96875,16.94801902770996,1448000
1999-11-15,28.8125,29.28125,28.6875,29.0625,17.00286293029785,2088800
1999-11-16,29.0625,29.125,28.625,28.625,16.74690055847168,2168000
1999-11-17,28.875,29.0,28.5625,28.6875,16.78346824645996,3079000
1999-11-18,28.625,28.65625,28.09375,28.375,16.600635528564453,1712400
1999-11-19,28.25,28.625,28.0625,28.4375,16.637208938598633,3365800
1999-11-22,28.40625,28.5,27.875,28.3125,16.564075469970703,2151000
1999-11-23,28.25,28.75,27.8125,28.125,16.45438003540039,2042400
1999-11-24,27.875,28.40625,27.625,27.8125,16.271556854248047,2836000
1999-11-26,27.875,27.875,27.25,27.4375,16.05217170715332,1217200
1999-11-29,26.875,27.3125,26.625,27.21875,15.924180030822754,3506000
1999-11-30,27.34375,28.375,27.25,27.875,16.308116912841797,3782600
1999-12-01,26.9375,28.09375,26.75,27.546875,16.11615753173828,3356800
1999-12-02,27.875,28.34375,27.5625,28.1875,16.49094581604004,3383400
1999-12-03,29.25,29.71875,29.0,29.03125,16.984575271606445,3268400
1999-12-06,29.25,29.84375,29.125,29.5,17.258819580078125,2315800
1999-12-07,29.4375,29.53125,28.375,28.8125,16.856595993041992,2795400
1999-12-08,29.25,29.375,28.4375,28.953125,16.938871383666992,1991000
1999-12-09,29.5,29.9375,28.78125,29.5625,17.29538345336914,1977200
1999-12-10,29.6875,30.40625,29.4375,30.125,17.62446403503418,2572600
1999-12-13,30.125,30.25,29.75,29.75,17.405078887939453,1641600
1999-12-14,29.5625,30.125,29.40625,29.46875,17.240520477294922,2678000
1999-12-15,29.5,30.46875,29.34375,29.78125,17.423364639282227,2767200
1999-12-16,30.125,30.125,28.6875,29.1875,17.07599449157715,2311200
1999-12-17,29.75,30.625,29.59375,30.375,17.770736694335938,4097600
1999-12-20,30.3125,30.46875,29.9375,30.21875,17.67930793762207,1490600
1999-12-21,30.1875,30.5625,29.59375,30.03125,17.56962013244629,1703800
1999-12-22,30.4375,31.9375,30.21875,31.125,18.209514617919922,2623000
1999-12-23,31.4375,31.625,30.75,31.3125,18.319210052490234,1261000
1999-12-27,31.0625,31.5,30.4375,31.5,18.428903579711914,1736400
1999-12-28,31.375,31.625,30.875,31.15625,18.22779655456543,1150800
1999-12-29,31.1875,31.1875,30.75,31.0,18.136381149291992,715200
1999-12-30,31.125,31.5,30.96875,31.25,18.282649993896484,872200
1999-12-31,31.375,32.5,31.28125,32.5,19.013952255249023,1123000
2000-01-03,32.0,32.0,31.0,31.125,18.209514617919922,2434800
2000-01-04,30.625,30.96875,30.25,30.3125,17.734163284301758,2358400
2000-01-05,30.375,30.625,28.875,29.28125,17.130844116210938,3169400
2000-01-06,29.0,30.0,28.9375,29.21875,17.094276428222656,5802200
2000-01-07,29.5625,31.15625,29.0,30.96875,18.118104934692383,5570200
2000-01-10,31.75,31.8125,30.875,31.8125,18.611726760864258,3049600
2000-01-11,31.5,32.40625,31.46875,31.96875,18.703153610229492,3850800
2000-01-12,31.625,32.21875,31.40625,32.1875,18.83112335205078,2332600
2000-01-13,32.0625,32.84375,31.90625,32.40625,18.959104537963867,2643000
2000-01-14,33.0,33.375,31.03125,31.65625,18.52031707763672,4695800
2000-01-18,31.53125,31.8125,31.03125,31.5,18.428903579711914,2902000
2000-01-19,31.5,31.625,30.5625,30.75,17.99012565612793,2470200
2000-01-20,30.6875,31.875,30.25,30.96875,18.118104934692383,3082000
2000-01-21,31.625,31.625,30.1875,30.65625,17.935277938842773,3642200
2000-01-24,31.375,31.5,30.25,30.34375,17.798315048217773,3024800
2000-01-25,30.875,30.90625,29.625,29.8125,17.486705780029297,1929000
2000-01-26,29.875,30.3125,29.46875,30.09375,17.65167236328125,1368000
2000-01-27,29.875,30.65625,29.875,30.15625,17.68832778930664,2075200
2000-01-28,30.28125,30.5625,29.25,29.75,17.450048446655273,3138400
2000-01-31,29.375,29.84375,29.25,29.625,17.376728057861328,3411800
2000-02-01,29.625,30.09375,29.21875,29.8125,17.486705780029297,3090800
2000-02-02,30.25,30.8125,29.875,30.65625,17.981616973876953,3010400
2000-02-03,30.5,30.875,29.1875,30.0,17.5966796875,4268600
2000-02-04,29.75,29.78125,27.5,28.125,16.49689292907715,6497800
2000-02-07,28.125,28.40625,26.78125,28.1875,16.533544540405273,5906200
2000-02-08,28.1875,29.6875,28.1875,29.34375,17.211759567260742,5455600
2000-02-09,29.875,29.875,28.75,29.09375,17.065120697021484,4435400
2000-02-10,29.125,29.25,28.6875,28.75,16.86348533630371,2444400
2000-02-11,28.8125,28.8125,27.8125,27.9375,16.386913299560547,3301200
2000-02-14,27.96875,27.96875,26.5,27.0,15.837018013000488,3962000
2000-02-15,27.375,27.90625,26.90625,27.84375,16.331918716430664,4309200
2000-02-16,27.9375,28.375,27.5625,27.6875,16.24027442932129,3066000
2000-02-17,27.8125,28.0,26.75,26.96875,15.818687438964844,2682200
2000-02-18,26.25,27.4375,26.0,26.53125,15.562067985534668,4189600
2000-02-22,26.53125,26.96875,25.34375,26.1875,15.360432624816895,3111000
2000-02-23,25.9375,25.96875,25.46875,25.6875,15.067158699035645,3062800
2000-02-24,25.375,25.8125,23.9375,24.53125,14.388957023620605,4953400
2000-02-25,24.59375,24.875,24.0,24.125,14.150671005249023,5931200
2000-02-28,24.4375,25.65625,24.0,25.5,14.95718002319336,5317400
2000-02-29,25.625,26.75,25.3125,26.09375,15.305442810058594,4971800
2000-03-01,26.125,26.8125,25.75,26.5,15.54373836517334,3489600
2000-03-02,26.625,26.6875,26.25,26.3125,15.43376350402832,3090400
2000-03-03,26.3125,27.5625,26.28125,27.4375,16.093631744384766,2866200
2000-03-06,27.5,27.5,26.3125,26.40625,15.488753318786621,2239600
2000-03-07,23.0,24.875,22.875,23.375,13.710750579833984,16743200
2000-03-08,23.5625,23.9375,21.1875,21.96875,12.885904312133789,15871800
2000-03-09,21.875,22.1875,21.5,22.0,12.90423583984375,5240400
2000-03-10,22.0,22.0,20.4375,21.375,12.537635803222656,8014200
2000-03-13,20.25,22.09375,20.25,21.6875,12.720942497253418,5746000
2000-03-14,21.125,21.78125,21.0,21.59375,12.665946006774902,3185400
2000-03-15,21.9375,27.0,21.875,25.90625,15.195465087890625,11815800
2000-03-16,25.90625,26.1875,24.875,25.625,15.030497550964355,9545400
2000-03-17,25.125,25.96875,24.90625,24.96875,14.645576477050781,5084800
2000-03-20,24.96875,25.5,24.5625,25.125,14.737225532531738,3725000
2000-03-21,24.9375,25.75,24.875,25.15625,14.7555570602417,4182400
2000-03-22,24.9375,25.46875,24.25,25.28125,14.828874588012695,4988400
2000-03-23,25.09375,27.0,25.0,26.5625,15.580406188964844,5917400
2000-03-24,26.59375,28.0,26.59375,27.1875,15.946992874145508,4643000
2000-03-27,27.5,27.75,26.96875,27.09375,15.89200210571289,3348600
2000-03-28,26.6875,28.4375,26.6875,28.4375,16.680192947387695,4296200
2000-03-29,28.5,28.8125,27.84375,28.21875,16.5518741607666,4349200
2000-03-30,27.625,28.21875,27.28125,28.09375,16.478557586669922,5765000
2000-03-31,28.1875,29.1875,27.96875,28.1875,16.533544540405273,4308000
2000-04-03,28.3125,30.4375,28.21875,30.25,17.74332046508789,3763600
2000-04-04,30.0,30.8125,29.625,30.34375,17.798315048217773,5783400
2000-04-05,30.1875,30.875,29.125,29.21875,17.13843536376953,3419600
2000-04-06,29.28125,30.0,28.5,29.5,17.30340576171875,3068000
2000-04-07,29.5,30.0,29.375,29.65625,17.39505958557129,2512000
2000-04-10,29.0,30.4375,28.9375,30.125,17.670000076293945,4362600
2000-04-11,30.4375,31.4375,30.375,31.3125,18.366540908813477,5006600
2000-04-12,31.3125,32.625,30.9375,31.0,18.183238983154297,6154800
2000-04-13,30.5,30.75,28.90625,29.5,17.30340576171875,5849000
2000-04-14,27.875,28.6875,27.21875,27.875,16.350255966186523,5026600
2000-04-17,27.5,28.8125,27.28125,28.8125,16.900148391723633,4526400
2000-04-18,28.5,28.5,27.3125,27.625,16.203615188598633,4614000
2000-04-19,28.0,28.0,26.40625,27.84375,16.331918716430664,7988800
2000-04-20,27.625,28.6875,27.3125,28.5625,16.753511428833008,5521400
2000-04-24,28.46875,29.375,28.375,29.3125,17.241107940673828,3939600
2000-04-25,29.28125,30.0,29.0625,29.59375,17.40653419494629,5268000
2000-04-26,29.75,29.75,28.46875,28.84375,16.965408325195312,3325400
2000-04-27,28.4375,29.9375,28.1875,29.34375,17.259496688842773,4569400
2000-04-28,28.25,28.875,27.4375,28.5625,16.799976348876953,3996600
2000-05-01,28.0,28.25,27.5625,27.5625,16.211790084838867,2593200
2000-05-02,27.5625,28.40625,27.46875,28.0625,16.505889892578125,2553600
2000-05-03,28.09375,28.90625,27.65625,27.75,16.322078704833984,2155800
2000-05-04,27.875,28.03125,27.625,27.96875,16.450742721557617,2007200
2000-05-05,28.125,29.03125,27.875,28.5625,16.799976348876953,2314800
2000-05-08,28.75,29.75,28.46875,28.8125,16.947023391723633,2149200
2000-05-09,28.875,29.71875,28.84375,29.5,17.351404190063477,3556200
2000-05-10,29.125,29.875,29.0,29.09375,17.112459182739258,3791600
2000-05-11,29.5,30.375,29.3125,30.09375,17.700632095336914,4046600
2000-05-12,30.09375,30.09375,28.9375,29.421875,17.305450439453125,1950200
2000-05-15,29.375,29.875,29.3125,29.625,17.424922943115234,2104200
2000-05-16,29.53125,29.53125,28.8125,29.03125,17.07569122314453,2380800
2000-05-17,29.0625,29.4375,28.71875,29.28125,17.22273063659668,1715200
2000-05-18,28.625,29.75,28.625,29.53125,17.369783401489258,1831600
2000-05-19,29.4375,29.4375,28.21875,28.46875,16.74483299255371,2620800
2000-05-22,28.5,28.8125,28.0,28.28125,16.634550094604492,1882800
2000-05-23,28.28125,28.6875,27.84375,27.96875,16.450742721557617,3081200
2000-05-24,27.84375,28.5,27.84375,28.3125,16.65293312072754,3518200
2000-05-25,28.0,28.25,27.8125,28.0,16.469125747680664,3250000
2000-05-26,28.09375,28.5,27.625,27.875,16.39560317993164,1628000
2000-05-30,28.0625,28.125,26.90625,27.0625,15.917703628540039,2711000
2000-05-31,26.75,27.0,25.78125,26.3125,15.4765625,7400200
2000-06-01,27.0625,27.46875,26.25,26.65625,15.678753852844238,5130000
2000-06-02,27.125,27.4375,26.96875,27.25,16.027990341186523,2571400
2000-06-05,27.3125,27.3125,26.53125,26.53125,15.605231285095215,2122400
2000-06-06,26.0,27.375,26.0,27.28125,16.046367645263672,2427400
2000-06-07,27.5,29.0625,27.46875,28.5,16.763214111328125,4333200
2000-06-08,27.875,28.40625,27.25,28.25,16.616168975830078,3807600
2000-06-09,28.4375,28.78125,28.375,28.4375,16.726451873779297,1743600
2000-06-12,28.5,29.28125,28.5,28.71875,16.891887664794922,1842400
2000-06-13,28.71875,28.75,27.375,27.78125,16.340469360351562,3657600
2000-06-14,27.78125,28.8125,27.71875,28.5625,16.799976348876953,3620400
2000-06-15,28.65625,29.40625,28.65625,29.25,17.2043399810791,3005000
2000-06-16,29.0,29.125,28.65625,28.9375,17.020551681518555,4297600
2000-06-19,28.875,29.125,28.59375,28.8125,16.947023391723633,1971600
2000-06-20,28.375,28.90625,27.9375,28.6875,16.87350082397461,3100200
2000-06-21,28.625,28.78125,27.78125,28.5,16.763214111328125,2376000
2000-06-22,28.5,28.5,27.8125,28.0,16.469125747680664,2824000
2000-06-23,28.0,28.03125,27.5,27.78125,16.340469360351562,2454400
2000-06-26,27.8125,28.4375,27.78125,28.25,16.616168975830078,2509200
2000-06-27,28.25,28.71875,28.125,28.46875,16.74483299255371,3791000
2000-06-28,28.5,28.75,27.75,28.3046875,16.648334503173828,2480600
2000-06-29,28.28125,28.71875,28.03125,28.375,16.689687728881836,3524000
2000-06-30,28.3125,29.9921875,28.3125,29.9375,17.60873031616211,4368000
2000-07-03,29.8125,30.0,29.3125,29.9375,17.60873031616211,1729000
2000-07-05,29.5,29.90625,29.4375,29.65625,17.443300247192383,3221200
2000-07-06,29.9375,30.125,29.375,29.40625,17.296253204345703,2711800
2000-07-07,28.75,28.96875,28.4375,28.59375,16.8183536529541,4249800
2000-07-10,28.625,28.9375,27.75,27.84375,16.37721824645996,2950800
2000-07-11,27.875,27.96875,26.78125,27.3125,16.06475830078125,7081800
2000-07-12,27.3125,27.3125,26.34375,26.5,15.5868558883667,7025200
2000-07-13,26.5,26.6875,25.5,26.53125,15.605231285095215,11218400
2000-07-14,26.59375,27.3125,26.1875,27.125,15.954461097717285,6776400
2000-07-17,26.6875,27.8125,26.34375,27.46875,16.15665626525879,4697600
2000-07-18,27.75,27.75,27.34375,27.46875,16.15665626525879,3507200
2000-07-19,27.5,27.59375,26.53125,27.25,16.027990341186523,4077600
2000-07-20,27.5625,28.0,27.0,27.6875,16.28531837463379,4747800
2000-07-21,28.0625,28.625,27.6875,28.3125,16.65293312072754,4007800
2000-07-24,28.28125,28.46875,27.8125,28.0,16.51519775390625,2197000
2000-07-25,28.375,28.53125,27.875,28.15625,16.607362747192383,3403600
2000-07-26,28.28125,28.3125,27.5625,27.78125,16.386178970336914,2994400
2000-07-27,27.90625,28.3125,27.375,28.1875,16.62580680847168,2564200
2000-07-28,28.625,28.75,27.65625,28.0,16.51519775390625,2619800
2000-07-31,28.0,28.8125,27.84375,27.84375,16.423044204711914,2217000
2000-08-01,27.8125,28.875,27.65625,28.4375,16.773256301879883,4269200
2000-08-02,28.5625,28.6875,27.6875,28.28125,16.681100845336914,1903600
2000-08-03,28.25,28.75,28.0625,28.1875,16.62580680847168,2359000
2000-08-04,28.1875,28.1875,27.25,27.5,16.220293045043945,1873600
2000-08-07,27.625,27.96875,26.3125,26.78125,15.796353340148926,4255400
2000-08-08,26.875,26.875,25.8125,26.4375,15.593599319458008,5334800
2000-08-09,26.4375,26.8125,25.78125,26.0625,15.372410774230957,2715600
2000-08-10,26.65625,27.03125,26.59375,26.8125,15.814787864685059,2331200
2000-08-11,27.1875,27.21875,26.28125,26.6875,15.741055488586426,2267200
2000-08-14,27.125,27.125,26.375,26.96875,15.906946182250977,1568600
2000-08-15,27.09375,27.4375,26.90625,27.0,15.925371170043945,2350200
2000-08-16,27.0625,27.3125,26.8125,26.9375,15.88851547241211,2216800
2000-08-17,26.96875,26.96875,25.8125,26.375,15.556734085083008,3338000
2000-08-18,26.4375,26.46875,25.84375,26.1875,15.446137428283691,3528800
2000-08-21,26.5,26.75,26.09375,26.34375,15.538298606872559,2369600
2000-08-22,25.9375,26.3125,25.28125,25.46875,15.02220630645752,3514400
2000-08-23,26.0,26.6875,26.0,26.53125,15.648896217346191,4010600
2000-08-24,26.0,26.53125,25.9375,26.40625,15.575172424316406,2450000
2000-08-25,26.0,26.625,25.53125,26.5,15.630467414855957,2607600
2000-08-28,26.6875,27.0625,26.21875,26.3125,15.519868850708008,2282400
2000-08-29,26.25,26.3125,25.625,25.90625,15.280254364013672,2182400
2000-08-30,25.625,26.0,25.5,25.6875,15.151229858398438,2721000
2000-08-31,25.8125,26.09375,25.375,25.46875,15.02220630645752,2311400
2000-09-01,25.8125,26.0625,25.625,25.90625,15.280254364013672,1664600
2000-09-05,25.78125,26.21875,25.4375,26.0625,15.372410774230957,2259400
2000-09-06,26.4375,27.375,26.4375,27.3125,16.109703063964844,5447000
2000-09-07,27.28125,27.28125,26.34375,26.65625,15.722622871398926,3693800
2000-09-08,26.53125,27.21875,26.4375,27.03125,15.94381046295166,3502800
2000-09-11,27.0,27.53125,26.78125,27.5,16.220293045043945,3516600
2000-09-12,27.4375,27.875,27.1875,27.8125,16.40461540222168,3012600
2000-09-13,27.84375,28.3125,27.40625,28.09375,16.57050132751465,4295800
2000-09-14,24.25,24.8125,23.25,23.71875,13.990005493164062,37791600
2000-09-15,23.625,23.875,23.03125,23.28125,13.731950759887695,21937000
2000-09-18,22.8125,23.15625,22.125,22.25,13.123695373535156,10663200
2000-09-19,22.5,22.625,22.03125,22.25,13.123695373535156,13161800
2000-09-20,22.125,22.46875,21.375,21.53125,12.699749946594238,8694000
2000-09-21,21.59375,23.0,21.25,21.9375,12.939369201660156,10351200
2000-09-22,22.25,23.09375,22.1875,22.53125,13.289578437805176,9132400
2000-09-25,22.575000762939453,22.774999618530273,22.024999618530273,22.274999618530273,13.138439178466797,4211600
2000-09-26,22.875,22.875,22.440000534057617,22.594999313354492,13.327184677124023,3537600
2000-09-27,22.5,22.5,22.125,22.25,13.123695373535156,3093800
2000-09-28,22.274999618530273,23.774999618530273,22.024999618530273,23.559999465942383,13.896363258361816,4532200
2000-09-29,23.75,24.014999389648438,23.575000762939453,23.600000381469727,13.919961929321289,3941400
2000-10-02,23.625,23.625,23.125,23.489999771118164,13.855076789855957,1889400
2000-10-03,23.899999618530273,23.899999618530273,23.100000381469727,23.25,13.713519096374512,2678800
2000-10-04,23.875,23.875,23.389999389648438,23.46500015258789,13.84033203125,3225600
2000-10-05,24.0,25.25,24.0,24.80500030517578,14.630712509155273,7062800
2000-10-06,25.075000762939453,25.625,24.809999465942383,24.9950008392334,14.742773056030273,5045200
2000-10-09,25.0,25.125,24.700000762939453,25.05500030517578,14.778167724609375,2752000
2000-10-10,24.93000030517578,25.469999313354492,24.924999237060547,25.1200008392334,14.816503524780273,2692400
2000-10-11,25.375,25.475000381469727,25.075000762939453,25.079999923706055,14.792905807495117,2483400
2000-10-12,25.024999618530273,25.059999465942383,23.875,24.399999618530273,14.391827583312988,7673600
2000-10-13,24.399999618530273,25.21500015258789,24.375,25.209999084472656,14.869585037231445,6730600
2000-10-16,24.899999618530273,26.014999389648438,24.899999618530273,25.825000762939453,15.232337951660156,4659000
2000-10-17,25.524999618530273,25.725000381469727,25.375,25.450000762939453,15.011141777038574,3330400
2000-10-18,25.5,25.75,25.125,25.584999084472656,15.090771675109863,3454000
2000-10-19,25.100000381469727,25.450000762939453,24.690000534057617,25.1299991607666,14.82239055633545,4183600
2000-10-20,25.149999618530273,25.549999237060547,25.075000762939453,25.309999465942383,14.928564071655273,3057200
2000-10-23,25.299999237060547,25.309999465942383,24.670000076293945,24.700000762939453,14.568777084350586,4272000
2000-10-24,25.100000381469727,26.975000381469727,25.100000381469727,26.524999618530273,15.695411682128906,6049800
2000-10-25,27.375,27.940000534057617,27.125,27.774999618530273,16.4350643157959,4629000
2000-10-26,27.7549991607666,28.440000534057617,27.375,27.7549991607666,16.4232234954834,5267600
2000-10-27,27.7450008392334,28.809999465942383,27.575000762939453,28.809999465942383,17.0474910736084,4526600
2000-10-30,28.899999618530273,29.5,28.524999618530273,29.4950008392334,17.45282554626465,3893400
2000-10-31,29.0,29.475000381469727,28.149999618530273,29.3799991607666,17.384775161743164,5617600
2000-11-01,29.450000762939453,29.645000457763672,27.875,28.450000762939453,16.834474563598633,6131600
2000-11-02,28.375,29.424999237060547,28.094999313354492,29.174999237060547,17.263471603393555,3126000
2000-11-03,29.18000030517578,29.674999237060547,28.975000381469727,29.25,17.30784797668457,2168000
2000-11-06,29.0,29.049999237060547,28.635000228881836,28.829999923706055,17.059322357177734,2366400
2000-11-07,29.225000381469727,29.5,28.809999465942383,29.424999237060547,17.411396026611328,2945600
2000-11-08,29.75,29.75,29.139999389648438,29.344999313354492,17.364059448242188,2264600
2000-11-09,29.399999618530273,30.299999237060547,29.024999618530273,29.424999237060547,17.411396026611328,4310600
2000-11-10,29.43000030517578,29.979999542236328,29.274999618530273,29.7549991607666,17.60666275024414,4465200
2000-11-13,29.950000762939453,30.049999237060547,29.225000381469727,29.579999923706055,17.50312614440918,4565400
2000-11-14,29.5,29.625,28.674999237060547,29.420000076293945,17.408451080322266,3792000
2000-11-15,29.75,29.924999237060547,29.475000381469727,29.809999465942383,17.63921546936035,2998000
2000-11-16,29.5,29.625,29.125,29.43000030517578,17.41436195373535,2586400
2000-11-17,29.524999618530273,29.850000381469727,29.354999542236328,29.524999618530273,17.470569610595703,2376400
2000-11-20,30.0,30.399999618530273,29.524999618530273,29.940000534057617,17.716144561767578,2931000
2000-11-21,29.899999618530273,29.9950008392334,29.375,29.700000762939453,17.574127197265625,2751200
2000-11-22,29.7549991607666,29.985000610351562,29.329999923706055,29.600000381469727,17.51494598388672,2836800
2000-11-24,29.100000381469727,29.25,28.7549991607666,28.899999618530273,17.10074234008789,1365600
2000-11-27,28.799999237060547,28.9950008392334,28.2450008392334,28.479999542236328,16.852218627929688,2628200
2000-11-28,28.950000762939453,29.524999618530273,28.850000381469727,29.21500015258789,17.287137985229492,3693600
2000-11-29,29.125,30.065000534057617,29.094999313354492,29.790000915527344,17.62737274169922,2854800
2000-11-30,29.875,30.280000686645508,29.280000686645508,29.375,17.381816864013672,3075800
2000-12-01,29.875,29.989999771118164,29.450000762939453,29.844999313354492,17.659921646118164,2768200
2000-12-04,29.524999618530273,30.200000762939453,29.524999618530273,29.959999084472656,17.72797393798828,2824800
2000-12-05,29.850000381469727,29.854999542236328,28.649999618530273,29.040000915527344,17.183589935302734,4257200
2000-12-06,29.125,29.28499984741211,27.719999313354492,28.239999771118164,16.710214614868164,7009800
2000-12-07,27.774999618530273,29.649999618530273,27.774999618530273,29.625,17.529743194580078,5417000
2000-12-08,29.5,29.825000762939453,28.875,29.174999237060547,17.263471603393555,3128400
2000-12-11,28.899999618530273,28.899999618530273,28.024999618530273,28.274999618530273,16.730926513671875,3573000
2000-12-12,29.25,29.950000762939453,29.174999237060547,29.489999771118164,17.449867248535156,4037600
2000-12-13,29.399999618530273,29.405000686645508,28.899999618530273,29.075000762939453,17.204294204711914,2997800
2000-12-14,28.625,29.0,28.625,28.8799991607666,17.088909149169922,3088000
2000-12-15,27.850000381469727,28.774999618530273,27.75,28.579999923706055,16.91140365600586,5375400
2000-12-18,28.75,29.700000762939453,28.75,29.614999771118164,17.523832321166992,2215200
2000-12-19,29.625,30.075000762939453,29.149999618530273,29.510000228881836,17.461702346801758,2785800
2000-12-20,29.375,30.0,29.375,29.655000686645508,17.54749870300293,2295600
2000-12-21,29.655000686645508,30.415000915527344,29.6299991607666,30.415000915527344,17.997207641601562,4101800
2000-12-22,29.940000534057617,30.219999313354492,29.3799991607666,29.8799991607666,17.680635452270508,2581600
2000-12-26,30.0,31.329999923706055,30.0,31.174999237060547,18.446916580200195,2584400
2000-12-27,31.75,32.48500061035156,31.719999313354492,32.279998779296875,19.10076904296875,3656800
2000-12-28,32.224998474121094,32.525001525878906,31.44499969482422,32.25,19.08302116394043,2890000
2000-12-29,32.625,32.845001220703125,32.224998474121094,32.275001525878906,19.097810745239258,2540000
2001-01-02,31.674999237060547,32.20000076293945,31.209999084472656,31.25,18.491296768188477,3234000
2001-01-03,32.375,32.375,29.700000762939453,30.05500030517578,17.7841854095459,5100000
2001-01-04,30.25,30.25,27.875,27.959999084472656,16.54452896118164,8699400
2001-01-05,28.450000762939453,29.225000381469727,28.395000457763672,28.799999237060547,17.041580200195312,4510600
2001-01-08,28.80500030517578,29.649999618530273,28.80500030517578,29.43000030517578,17.41436195373535,4684000
2001-01-09,29.625,30.075000762939453,28.975000381469727,29.975000381469727,17.736854553222656,4910800
2001-01-10,29.799999237060547,29.864999771118164,29.274999618530273,29.579999923706055,17.50312614440918,2970400
2001-01-11,29.649999618530273,29.649999618530273,28.950000762939453,29.079999923706055,17.20725440979004,3423200
2001-01-12,29.079999923706055,29.424999237060547,28.549999237060547,28.950000762939453,17.130338668823242,2856800
2001-01-16,28.950000762939453,29.225000381469727,28.5,28.950000762939453,17.130338668823242,3030200
2001-01-17,28.950000762939453,28.950000762939453,27.94499969482422,28.274999618530273,16.730926513671875,2873000
2001-01-18,28.264999389648438,29.045000076293945,27.799999237060547,28.440000534057617,16.828556060791016,3026200
2001-01-19,28.440000534057617,28.700000762939453,27.75,28.325000762939453,16.76051139831543,2802600
2001-01-22,28.329999923706055,28.649999618530273,27.924999237060547,28.389999389648438,16.798965454101562,2788800
2001-01-23,28.514999389648438,29.135000228881836,28.40999984741211,28.864999771118164,17.080039978027344,2749200
2001-01-24,28.65999984741211,29.2450008392334,28.020000457763672,29.049999237060547,17.236679077148438,2841400
2001-01-25,28.649999618530273,29.375,28.1299991607666,29.174999237060547,17.31084632873535,2803800
2001-01-26,29.274999618530273,29.559999465942383,28.450000762939453,28.5049991607666,16.913307189941406,3021600
2001-01-29,28.510000228881836,28.575000762939453,27.875,28.190000534057617,16.726411819458008,2488600
2001-01-30,28.25,29.655000686645508,28.200000762939453,29.360000610351562,17.420623779296875,3565800
2001-01-31,29.235000610351562,30.049999237060547,28.524999618530273,30.040000915527344,17.8240909576416,3374200
2001-02-01,30.040000915527344,30.75,30.040000915527344,30.540000915527344,18.12076759338379,4760600
2001-02-02,30.575000762939453,30.875,29.954999923706055,30.399999618530273,18.037696838378906,3541000
2001-02-05,30.399999618530273,30.725000381469727,29.850000381469727,29.924999237060547,17.755863189697266,3516400
2001-02-06,30.024999618530273,30.395000457763672,29.625,30.024999618530273,17.815189361572266,2478400
2001-02-07,29.0,29.700000762939453,28.739999771118164,29.674999237060547,17.60751724243164,10432400
2001-02-08,29.799999237060547,30.049999237060547,29.25,29.954999923706055,17.773658752441406,5343400
2001-02-09,30.040000915527344,30.049999237060547,29.600000381469727,29.690000534057617,17.616418838500977,2211800
2001-02-12,29.690000534057617,29.80500030517578,28.75,29.40999984741211,17.450286865234375,3202000
2001-02-13,29.40999984741211,29.415000915527344,28.799999237060547,29.0,17.207006454467773,3961200
2001-02-14,29.0,29.0,28.149999618530273,28.200000762939453,16.732332229614258,4497000
2001-02-15,28.049999237060547,28.594999313354492,27.905000686645508,28.350000381469727,16.821346282958984,3723600
2001-02-16,29.125,29.69499969482422,29.100000381469727,29.625,17.577852249145508,4063600
2001-02-20,29.75,30.125,29.625,30.024999618530273,17.815189361572266,2877200
2001-02-21,29.899999618530273,30.0,29.149999618530273,29.575000762939453,17.54818344116211,3691200
2001-02-22,29.850000381469727,30.125,29.174999237060547,29.625,17.577852249145508,4147400
2001-02-23,29.5,29.545000076293945,28.700000762939453,29.200000762939453,17.325681686401367,2825800
2001-02-26,28.799999237060547,29.25,28.674999237060547,29.075000762939453,17.251514434814453,2759600
2001-02-27,29.049999237060547,29.700000762939453,29.010000228881836,29.375,17.429513931274414,3416000
2001-02-28,29.5,29.709999084472656,29.299999237060547,29.524999618530273,17.51852035522461,2216600
2001-03-01,29.399999618530273,29.5,28.6299991607666,28.774999618530273,17.073505401611328,2392000
2001-03-02,28.700000762939453,29.260000228881836,28.700000762939453,29.059999465942383,17.242616653442383,3081000
2001-03-05,29.100000381469727,29.299999237060547,28.725000381469727,29.25,17.3553466796875,2092800
2001-03-06,29.25,29.25,28.799999237060547,28.899999618530273,17.147682189941406,2447200
2001-03-07,28.600000381469727,29.549999237060547,28.600000381469727,29.09000015258789,17.26041030883789,3433200
2001-03-08,29.375,30.149999618530273,29.174999237060547,30.0,17.800355911254883,3189000
2001-03-09,30.0,30.049999237060547,29.100000381469727,29.450000762939453,17.474018096923828,2250200
2001-03-12,29.125,29.5,28.344999313354492,28.424999237060547,16.86583137512207,2893800
2001-03-13,28.450000762939453,28.450000762939453,27.625,28.200000762939453,16.732332229614258,2928400
2001-03-14,28.075000762939453,28.200000762939453,27.524999618530273,27.735000610351562,16.456430435180664,2918400
2001-03-15,27.735000610351562,27.735000610351562,26.625,27.450000762939453,16.287334442138672,4126200
2001-03-16,26.75,27.625,26.75,27.110000610351562,16.085590362548828,4838800
2001-03-19,27.0,27.165000915527344,26.690000534057617,26.725000381469727,15.857148170471191,2833600
2001-03-20,26.725000381469727,27.489999771118164,26.700000762939453,26.829999923706055,15.919449806213379,4046600
2001-03-21,26.75,26.799999237060547,25.674999237060547,25.674999237060547,15.234132766723633,4904600
2001-03-22,25.375,25.625,24.25,25.5,15.130303382873535,6359800
2001-03-23,25.375,25.899999618530273,25.149999618530273,25.75,15.278639793395996,5829600
2001-03-26,26.200000762939453,26.600000381469727,25.885000228881836,26.549999237060547,15.75332260131836,4004000
2001-03-27,26.524999618530273,27.850000381469727,26.424999237060547,27.604999542236328,16.37929344177246,5860200
2001-03-28,27.600000381469727,27.80500030517578,26.875,27.704999923706055,16.438629150390625,3422000
2001-03-29,27.625,27.625,26.799999237060547,27.100000381469727,16.079652786254883,3570800
2001-03-30,27.100000381469727,27.790000915527344,26.885000228881836,27.6299991607666,16.394126892089844,2498000
2001-04-02,27.700000762939453,28.165000915527344,27.200000762939453,27.424999237060547,16.272493362426758,2825400
2001-04-03,27.350000381469727,27.399999618530273,26.549999237060547,26.700000762939453,15.842317581176758,3189400
2001-04-04,26.575000762939453,27.399999618530273,26.145000457763672,27.024999618530273,16.035158157348633,3050200
2001-04-05,27.25,27.75,26.649999618530273,27.75,16.4653377532959,2947000
2001-04-06,27.25,27.325000762939453,26.049999237060547,26.875,15.946149826049805,3298600
2001-04-09,26.0,26.709999084472656,26.0,26.049999237060547,15.45664119720459,5604200
2001-04-10,25.799999237060547,26.125,25.68000030517578,25.774999618530273,15.293479919433594,4896800
2001-04-11,25.774999618530273,25.799999237060547,25.299999237060547,25.6299991607666,15.207442283630371,4111600
2001-04-12,25.850000381469727,26.600000381469727,25.75,26.600000381469727,15.782988548278809,3740800
2001-04-16,26.75,26.979999542236328,26.450000762939453,26.674999237060547,15.827489852905273,2279200
2001-04-17,26.350000381469727,26.625,26.1299991607666,26.434999465942383,15.685075759887695,3249400
2001-04-18,26.549999237060547,26.655000686645508,25.75,25.875,15.352815628051758,6061600
2001-04-19,26.5,26.625,26.174999237060547,26.28499984741211,15.596080780029297,6557000
2001-04-20,26.325000762939453,26.825000762939453,25.950000762939453,26.649999618530273,15.812649726867676,5099400
2001-04-23,26.75,26.985000610351562,26.424999237060547,26.520000457763672,15.735519409179688,3262600
2001-04-24,26.325000762939453,26.600000381469727,26.059999465942383,26.200000762939453,15.59208869934082,3496600
2001-04-25,26.200000762939453,26.75,26.09000015258789,26.690000534057617,15.883691787719727,2992000
2001-04-26,26.75,27.329999923706055,26.5,26.899999618530273,16.008676528930664,4396000
2001-04-27,27.25,27.924999237060547,27.125,27.825000762939453,16.559162139892578,3880600
2001-04-30,28.149999618530273,28.450000762939453,27.625,27.924999237060547,16.61866569519043,3329000
2001-05-01,28.25,28.545000076293945,27.75,28.229999542236328,16.80018424987793,5687400
2001-05-02,28.125,28.350000381469727,27.600000381469727,28.0,16.663301467895508,4706200
2001-05-03,28.0,28.149999618530273,27.600000381469727,27.924999237060547,16.61866569519043,2610600
2001-05-04,27.950000762939453,28.479999542236328,27.850000381469727,28.399999618530273,16.90135383605957,1849400
2001-05-07,28.424999237060547,28.670000076293945,28.3799991607666,28.59000015258789,17.014427185058594,1895000
2001-05-08,28.700000762939453,28.75,28.149999618530273,28.639999389648438,17.0441837310791,2392000
2001-05-09,28.75,28.924999237060547,28.450000762939453,28.69499969482422,17.076902389526367,1872000
2001-05-10,28.875,29.0,28.69499969482422,29.0,17.2584228515625,2211200
2001-05-11,29.200000762939453,29.3700008392334,28.825000762939453,29.06999969482422,17.300086975097656,1768400
2001-05-14,29.174999237060547,29.190000534057617,28.924999237060547,29.094999313354492,17.314958572387695,2153200
2001-05-15,29.100000381469727,29.15999984741211,28.25,28.350000381469727,16.871599197387695,4564600
2001-05-16,28.450000762939453,29.299999237060547,28.174999237060547,29.260000228881836,17.41315460205078,4119400
2001-05-17,29.424999237060547,29.530000686645508,28.795000076293945,29.024999618530273,17.27330207824707,2957400
2001-05-18,29.024999618530273,29.149999618530273,28.5,28.700000762939453,17.07988929748535,2460400
2001-05-21,28.575000762939453,28.899999618530273,28.350000381469727,28.799999237060547,17.1393985748291,2385200
2001-05-22,28.475000381469727,28.6299991607666,28.084999084472656,28.110000610351562,16.728761672973633,3180800
2001-05-23,28.100000381469727,28.625,28.100000381469727,28.389999389648438,16.895401000976562,3099800
2001-05-24,28.325000762939453,28.700000762939453,28.25,28.594999313354492,17.01740074157715,1591400
2001-05-25,28.475000381469727,28.625,28.204999923706055,28.389999389648438,16.895401000976562,1379600
2001-05-29,28.389999389648438,29.100000381469727,28.354999542236328,28.989999771118164,17.252470016479492,2398200
2001-05-30,28.950000762939453,29.045000076293945,28.459999084472656,28.764999389648438,17.11856460571289,2269400
2001-05-31,28.625,28.709999084472656,28.219999313354492,28.31999969482422,16.85373878479004,3290200
2001-06-01,28.375,28.729999542236328,28.09000015258789,28.625,17.03524398803711,1859800
2001-06-04,28.75,28.790000915527344,28.25,28.729999542236328,17.09774398803711,1984600
2001-06-05,28.825000762939453,29.200000762939453,28.6200008392334,29.100000381469727,17.317934036254883,2122400
2001-06-06,29.225000381469727,29.524999618530273,29.040000915527344,29.225000381469727,17.3923282623291,3070000
2001-06-07,29.350000381469727,29.625,29.280000686645508,29.375,17.48159408569336,2625000
2001-06-08,29.350000381469727,29.479999542236328,29.049999237060547,29.434999465942383,17.51729965209961,2218600
2001-06-11,29.440000534057617,29.440000534057617,29.200000762939453,29.40999984741211,17.502418518066406,1670200
2001-06-12,29.450000762939453,29.524999618530273,29.100000381469727,29.415000915527344,17.505399703979492,2007000
2001-06-13,29.149999618530273,29.299999237060547,28.899999618530273,28.950000762939453,17.22866439819336,2413400
2001-06-14,28.924999237060547,29.075000762939453,28.549999237060547,28.854999542236328,17.172128677368164,1917000
2001-06-15,28.860000610351562,29.25,28.684999465942383,28.950000762939453,17.22866439819336,5860800
2001-06-18,28.950000762939453,29.100000381469727,28.700000762939453,28.954999923706055,17.231653213500977,2543000
2001-06-19,28.950000762939453,29.155000686645508,28.7450008392334,29.09000015258789,17.311981201171875,2714200
2001-06-20,28.975000381469727,29.889999389648438,28.975000381469727,29.600000381469727,17.615495681762695,2976000
2001-06-21,29.700000762939453,30.5,29.424999237060547,30.5,18.151105880737305,4543800
2001-06-22,30.200000762939453,30.204999923706055,29.475000381469727,29.674999237060547,17.66012954711914,3683400
2001-06-25,29.725000381469727,29.795000076293945,28.924999237060547,29.450000762939453,17.526226043701172,3920200
2001-06-26,29.299999237060547,30.350000381469727,29.21500015258789,30.350000381469727,18.06184196472168,4602400
2001-06-27,30.25,30.375,29.954999923706055,30.299999237060547,18.03208351135254,2879600
2001-06-28,30.375,30.5,30.165000915527344,30.475000381469727,18.136220932006836,2956400
2001-06-29,30.475000381469727,30.5,29.44499969482422,29.4950008392334,17.553009033203125,6990000
2001-07-02,29.4950008392334,30.104999542236328,29.4950008392334,29.989999771118164,17.84758758544922,4171000
2001-07-03,30.0,30.225000381469727,29.690000534057617,30.125,17.92793083190918,1415000
2001-07-05,30.049999237060547,30.049999237060547,29.524999618530273,29.815000534057617,17.74344825744629,2311200
2001-07-06,29.815000534057617,29.850000381469727,29.399999618530273,29.520000457763672,17.567886352539062,2006200
2001-07-09,29.520000457763672,29.53499984741211,29.0,29.21500015258789,17.386371612548828,3962600
2001-07-10,29.274999618530273,29.274999618530273,28.5,28.625,17.03524398803711,5028800
2001-07-11,28.75,28.774999618530273,27.149999618530273,27.625,16.440135955810547,8892400
2001-07-12,27.725000381469727,27.795000076293945,27.0,27.440000534057617,16.33003807067871,6944600
2001-07-13,27.125,27.674999237060547,27.0,27.604999542236328,16.428232192993164,4277400
2001-07-16,27.549999237060547,28.350000381469727,27.5,27.924999237060547,16.61866569519043,3809600
2001-07-17,28.174999237060547,28.274999618530273,27.94499969482422,28.149999618530273,16.752574920654297,3210600
2001-07-18,27.899999618530273,28.139999389648438,27.5,27.639999389648438,16.44906234741211,4192800
2001-07-19,27.899999618530273,28.030000686645508,27.5049991607666,27.700000762939453,16.484773635864258,3554000
2001-07-20,27.700000762939453,28.075000762939453,27.700000762939453,27.905000686645508,16.606767654418945,2849800
2001-07-23,27.25,27.475000381469727,26.600000381469727,27.325000762939453,16.261606216430664,5614600
2001-07-24,27.25,27.295000076293945,26.860000610351562,27.075000762939453,16.166065216064453,3723200
2001-07-25,27.024999618530273,27.299999237060547,26.975000381469727,27.19499969482422,16.237722396850586,2588200
2001-07-26,27.19499969482422,27.25,26.774999618530273,27.049999237060547,16.151140213012695,4049400
2001-07-27,27.100000381469727,27.100000381469727,26.75,26.9950008392334,16.118301391601562,3247200
2001-07-30,26.9950008392334,27.200000762939453,26.75,27.09000015258789,16.175020217895508,3276400
2001-07-31,27.049999237060547,27.5,27.040000915527344,27.100000381469727,16.18099594116211,5643800
2001-08-01,27.174999237060547,27.200000762939453,26.350000381469727,26.475000381469727,15.807818412780762,3572400
2001-08-02,26.600000381469727,26.825000762939453,26.424999237060547,26.469999313354492,15.804829597473145,3569000
2001-08-03,26.594999313354492,26.799999237060547,26.375,26.700000762939453,15.942167282104492,2418800
2001-08-06,26.549999237060547,26.649999618530273,26.139999389648438,26.440000534057617,15.78691291809082,2573800
2001-08-07,26.674999237060547,26.924999237060547,26.290000915527344,26.475000381469727,15.807818412780762,2343600
2001-08-08,26.450000762939453,26.854999542236328,26.280000686645508,26.4950008392334,15.819750785827637,3010200
2001-08-09,26.4950008392334,26.975000381469727,26.424999237060547,26.75,15.972021102905273,4463800
2001-08-10,26.875,27.100000381469727,26.700000762939453,26.75,15.972021102905273,3210600
2001-08-13,26.875,27.524999618530273,26.850000381469727,27.375,16.345191955566406,2997400
2001-08-14,27.375,27.59000015258789,27.145000457763672,27.30500030517578,16.303401947021484,2231000
2001-08-15,27.30500030517578,27.450000762939453,27.139999389648438,27.190000534057617,16.234731674194336,2233200
2001-08-16,27.350000381469727,27.709999084472656,27.299999237060547,27.68000030517578,16.527305603027344,3278000
2001-08-17,27.725000381469727,27.899999618530273,27.549999237060547,27.639999389648438,16.503421783447266,2257000
2001-08-20,27.514999389648438,27.825000762939453,27.450000762939453,27.725000381469727,16.554166793823242,1941400
2001-08-21,27.774999618530273,28.024999618530273,27.625,27.75,16.569095611572266,3051200
2001-08-22,27.850000381469727,28.200000762939453,27.55500030517578,28.100000381469727,16.778078079223633,3165600
2001-08-23,28.100000381469727,28.104999542236328,27.700000762939453,27.985000610351562,16.709415435791016,3896000
2001-08-24,27.985000610351562,28.030000686645508,27.764999389648438,27.93000030517578,16.676570892333984,3114600
2001-08-27,27.93000030517578,27.93000030517578,27.575000762939453,27.68000030517578,16.527305603027344,3464600
2001-08-28,27.80500030517578,27.80500030517578,27.350000381469727,27.354999542236328,16.333255767822266,2655400
2001-08-29,27.479999542236328,27.479999542236328,27.145000457763672,27.25,16.270557403564453,1738800
2001-08-30,27.274999618530273,27.450000762939453,26.989999771118164,27.149999618530273,16.210845947265625,2665800
2001-08-31,26.825000762939453,27.405000686645508,26.825000762939453,27.075000762939453,16.166065216064453,1690800
2001-09-04,27.125,27.674999237060547,27.014999389648438,27.350000381469727,16.330265045166016,2418800
2001-09-05,27.399999618530273,28.100000381469727,27.0049991607666,27.864999771118164,16.637760162353516,6285400
2001-09-06,27.864999771118164,28.200000762939453,27.7549991607666,28.155000686645508,16.810922622680664,3686200
2001-09-07,28.274999618530273,28.364999771118164,27.889999389648438,28.0,16.718366622924805,5306200
2001-09-10,27.924999237060547,28.71500015258789,27.75,28.6299991607666,17.09453582763672,4357800
2001-09-17,28.375,28.75,27.924999237060547,28.700000762939453,17.136337280273438,5216400
2001-09-18,29.149999618530273,29.25,28.625,29.0,17.31545639038086,5810400
2001-09-19,29.0,29.0049991607666,28.19499969482422,28.475000381469727,17.001983642578125,6391400
2001-09-20,28.149999618530273,28.184999465942383,27.2450008392334,27.415000915527344,16.369083404541016,4653800
2001-09-21,26.450000762939453,26.75,25.764999389648438,26.31999969482422,15.715271949768066,7057800
2001-09-24,26.625,27.360000610351562,26.625,27.264999389648438,16.27952003479004,3235800
2001-09-25,27.75,27.875,27.5,27.799999237060547,16.59895133972168,4801800
2001-09-26,28.174999237060547,28.450000762939453,27.850000381469727,28.350000381469727,16.927352905273438,4947800
2001-09-27,28.350000381469727,29.024999618530273,28.25,28.985000610351562,17.306503295898438,4150800
2001-09-28,28.985000610351562,29.125,28.649999618530273,29.125,17.390100479125977,4458400
2001-10-01,28.875,28.950000762939453,28.325000762939453,28.700000762939453,17.136337280273438,4315000
2001-10-02,28.5,28.75,28.3700008392334,28.75,17.166187286376953,2368400
2001-10-03,28.5,28.610000610351562,27.75,28.375,16.94228172302246,4104200
2001-10-04,28.344999313354492,28.43000030517578,27.924999237060547,28.075000762939453,16.76314926147461,2733200
2001-10-05,28.075000762939453,29.0,27.975000381469727,28.924999237060547,17.27067756652832,3236400
2001-10-08,28.75,28.7549991607666,28.264999389648438,28.485000610351562,17.007953643798828,1915200
2001-10-09,28.549999237060547,28.75,28.25,28.6299991607666,17.09453582763672,1924200
2001-10-10,28.5,29.200000762939453,28.420000076293945,28.9950008392334,17.31247901916504,2472600
2001-10-11,29.0,29.174999237060547,28.524999618530273,28.829999923706055,17.213956832885742,2877400
2001-10-12,28.850000381469727,28.924999237060547,28.350000381469727,28.700000762939453,17.136337280273438,2219800
2001-10-15,28.725000381469727,28.825000762939453,28.375,28.549999237060547,17.046772003173828,1960600
2001-10-16,28.075000762939453,28.700000762939453,27.700000762939453,28.614999771118164,17.085575103759766,4124200
2001-10-17,28.649999618530273,28.655000686645508,28.125,28.385000228881836,16.948240280151367,3006800
2001-10-18,28.1299991607666,28.950000762939453,28.049999237060547,28.799999237060547,17.196043014526367,2299800
2001-10-19,28.80500030517578,29.165000915527344,28.75,29.079999923706055,17.363224029541016,3638400
2001-10-22,29.049999237060547,29.825000762939453,29.0049991607666,29.704999923706055,17.736398696899414,2828200
2001-10-23,29.625,29.6299991607666,29.200000762939453,29.360000610351562,17.530406951904297,2969400
2001-10-24,29.225000381469727,29.524999618530273,29.024999618530273,29.2450008392334,17.51543617248535,3385800
2001-10-25,29.1200008392334,29.489999771118164,28.575000762939453,29.450000762939453,17.638206481933594,2259200
2001-10-26,29.325000762939453,29.375,28.850000381469727,29.25,17.5184268951416,3409000
2001-10-29,29.200000762939453,29.219999313354492,28.44499969482422,28.809999465942383,17.254901885986328,4116000
2001-10-30,28.375,29.049999237060547,28.375,28.889999389648438,17.302825927734375,2209800
2001-10-31,28.799999237060547,28.899999618530273,28.545000076293945,28.760000228881836,17.224958419799805,2912000
2001-11-01,28.635000228881836,28.975000381469727,28.415000915527344,28.8799991607666,17.296825408935547,4045400
2001-11-02,28.8799991607666,29.25,28.674999237060547,29.25,17.5184268951416,3057800
2001-11-05,29.375,29.565000534057617,29.135000228881836,29.274999618530273,17.533403396606445,2755000
2001-11-06,29.174999237060547,29.4950008392334,29.030000686645508,29.43000030517578,17.626230239868164,2187200
2001-11-07,29.434999465942383,29.68000030517578,29.21500015258789,29.325000762939453,17.563350677490234,1787400
2001-11-08,29.274999618530273,29.375,28.725000381469727,28.875,17.293834686279297,3682600
2001-11-09,29.0,29.049999237060547,28.600000381469727,28.68000030517578,17.17704963684082,3119200
2001-11-12,28.700000762939453,28.700000762939453,28.125,28.399999618530273,17.00934600830078,3210600
2001-11-13,28.674999237060547,28.975000381469727,28.549999237060547,28.93000030517578,17.326772689819336,2744800
2001-11-14,28.93000030517578,28.969999313354492,28.674999237060547,28.864999771118164,17.287851333618164,2517800
2001-11-15,28.799999237060547,29.280000686645508,28.799999237060547,29.200000762939453,17.48848533630371,3632000
2001-11-16,29.075000762939453,29.450000762939453,29.0,29.274999618530273,17.533403396606445,2829200
2001-11-19,29.350000381469727,29.475000381469727,29.075000762939453,29.309999465942383,17.554367065429688,2105800
2001-11-20,29.049999237060547,29.450000762939453,29.049999237060547,29.334999084472656,17.569337844848633,2300600
2001-11-21,29.274999618530273,29.4950008392334,29.125,29.290000915527344,17.542388916015625,1883400
2001-11-23,29.225000381469727,29.375,29.030000686645508,29.315000534057617,17.557355880737305,967800
2001-11-26,29.225000381469727,29.530000686645508,29.100000381469727,29.420000076293945,17.62024688720703,2501400
2001-11-27,29.375,29.44499969482422,28.875,28.895000457763672,17.305803298950195,2843400
2001-11-28,28.895000457763672,29.235000610351562,28.725000381469727,28.975000381469727,17.353717803955078,2011600
2001-11-29,29.049999237060547,29.049999237060547,28.5049991607666,28.84000015258789,17.272869110107422,2637000
2001-11-30,28.674999237060547,29.280000686645508,28.524999618530273,29.18000030517578,17.476497650146484,2587200
2001-12-03,29.024999618530273,29.174999237060547,28.700000762939453,29.049999237060547,17.398639678955078,3405400
2001-12-04,28.950000762939453,29.174999237060547,28.875,29.135000228881836,17.449554443359375,1698400
2001-12-05,29.010000228881836,29.399999618530273,28.875,28.969999313354492,17.350732803344727,3583200
2001-12-06,28.674999237060547,28.795000076293945,28.399999618530273,28.399999618530273,17.00934600830078,3876800
2001-12-07,28.424999237060547,28.514999389648438,28.075000762939453,28.329999923706055,16.967422485351562,2746200
2001-12-10,28.18000030517578,28.510000228881836,28.045000076293945,28.30500030517578,16.95245361328125,2972000
2001-12-11,28.325000762939453,28.5,27.924999237060547,28.315000534057617,16.958438873291016,2862600
2001-12-12,28.75,28.924999237060547,28.450000762939453,28.479999542236328,17.057254791259766,2743000
2001-12-13,28.549999237060547,28.7450008392334,28.420000076293945,28.510000228881836,17.075225830078125,2299600
2001-12-14,28.549999237060547,28.549999237060547,27.934999465942383,28.274999618530273,16.934478759765625,2470600
2001-12-17,28.274999618530273,28.450000762939453,28.06999969482422,28.174999237060547,16.874582290649414,1914600
2001-12-18,28.274999618530273,28.795000076293945,28.209999084472656,28.774999618530273,17.233928680419922,3061000
2001-12-19,28.600000381469727,29.270000457763672,28.524999618530273,29.200000762939453,17.48848533630371,3389000
2001-12-20,29.0,29.290000915527344,28.950000762939453,29.094999313354492,17.425594329833984,3269400
2001-12-21,29.125,29.165000915527344,28.399999618530273,28.834999084472656,17.269878387451172,4628000
2001-12-24,28.875,28.950000762939453,28.75,28.815000534057617,17.257902145385742,890200
2001-12-26,28.774999618530273,29.25,28.764999389648438,29.024999618530273,17.3836669921875,1533800
2001-12-27,28.950000762939453,29.100000381469727,28.875,29.079999923706055,17.416616439819336,1187800
2001-12-28,29.079999923706055,29.149999618530273,28.760000228881836,29.06999969482422,17.410619735717773,2533000
2001-12-31,29.0,29.19499969482422,28.774999618530273,28.875,17.293834686279297,2051200
2002-01-02,28.625,28.875,28.325000762939453,28.809999465942383,17.254901885986328,2360400
2002-01-03,28.684999465942383,28.709999084472656,28.434999465942383,28.709999084472656,17.195018768310547,2003200
2002-01-04,28.584999084472656,28.59000015258789,27.815000534057617,28.1200008392334,16.841650009155273,4467600
2002-01-07,27.875,28.024999618530273,27.700000762939453,27.825000762939453,16.664962768554688,3746800
2002-01-08,27.950000762939453,28.1200008392334,27.875,28.0,16.7697811126709,6180800
2002-01-09,28.274999618530273,28.274999618530273,28.0,28.125,16.844636917114258,3999000
2002-01-10,28.174999237060547,28.174999237060547,27.604999542236328,27.700000762939453,16.59010124206543,2821800
2002-01-11,27.700000762939453,27.979999542236328,27.565000534057617,27.635000228881836,16.55116844177246,2567400
2002-01-14,27.450000762939453,28.25,27.450000762939453,27.920000076293945,16.721860885620117,2359200
2002-01-15,27.950000762939453,28.584999084472656,27.950000762939453,28.424999237060547,17.024314880371094,2662000
2002-01-16,28.350000381469727,28.635000228881836,28.219999313354492,28.44499969482422,17.036291122436523,3064200
2002-01-17,28.299999237060547,28.639999389648438,28.174999237060547,28.549999237060547,17.09918975830078,1725600
2002-01-18,28.450000762939453,28.649999618530273,28.350000381469727,28.575000762939453,17.11415672302246,1947600
2002-01-22,28.399999618530273,28.5,28.100000381469727,28.375,16.994367599487305,2537600
2002-01-23,28.200000762939453,28.375,27.860000610351562,28.149999618530273,16.913249969482422,3579600
2002-01-24,28.125,28.225000381469727,27.924999237060547,27.950000762939453,16.7930908203125,2437800
2002-01-25,27.975000381469727,28.399999618530273,27.850000381469727,28.209999084472656,16.949310302734375,2565200
2002-01-28,28.049999237060547,28.274999618530273,27.829999923706055,28.2450008392334,16.970346450805664,2131800
2002-01-29,28.075000762939453,28.200000762939453,27.739999771118164,27.760000228881836,16.678936004638672,3023400
2002-01-30,27.635000228881836,28.2450008392334,27.600000381469727,28.049999237060547,16.85317611694336,3658000
2002-01-31,28.125,28.575000762939453,27.875,28.575000762939453,17.168611526489258,3966800
2002-02-01,28.575000762939453,28.674999237060547,28.149999618530273,28.575000762939453,17.168611526489258,2576600
2002-02-04,28.575000762939453,28.75,28.045000076293945,28.165000915527344,16.922269821166992,2946800
2002-02-05,26.875,28.174999237060547,26.7450008392334,27.979999542236328,16.81111717224121,10797000
2002-02-06,27.875,27.875,27.450000762939453,27.684999465942383,16.633880615234375,5850800
2002-02-07,27.625,27.625,27.084999084472656,27.21500015258789,16.35148811340332,6470200
2002-02-08,27.100000381469727,27.21500015258789,26.850000381469727,27.200000762939453,16.34246826171875,4806400
2002-02-11,27.149999618530273,27.25,27.0,27.075000762939453,16.267372131347656,3361400
2002-02-12,27.125,27.360000610351562,27.05500030517578,27.299999237060547,16.402557373046875,4608400
2002-02-13,27.424999237060547,27.545000076293945,27.094999313354492,27.545000076293945,16.54976463317871,2927600
2002-02-14,27.375,27.610000610351562,27.299999237060547,27.520000457763672,16.534738540649414,2371800
2002-02-15,27.5,28.200000762939453,27.479999542236328,28.0,16.823143005371094,3170000
2002-02-19,28.100000381469727,28.100000381469727,27.625,27.799999237060547,16.702974319458008,2722200
2002-02-20,27.799999237060547,28.190000534057617,27.530000686645508,28.094999313354492,16.880220413208008,2535200
2002-02-21,28.174999237060547,28.424999237060547,27.985000610351562,28.0,16.823143005371094,3069200
2002-02-22,27.924999237060547,28.649999618530273,27.78499984741211,28.350000381469727,17.033430099487305,3240800
2002-02-25,28.600000381469727,28.690000534057617,28.075000762939453,28.475000381469727,17.108535766601562,2353800
2002-02-26,28.475000381469727,28.479999542236328,28.020000457763672,28.309999465942383,17.009395599365234,2975600
2002-02-27,28.399999618530273,28.424999237060547,28.024999618530273,28.200000762939453,16.943302154541016,3190200
2002-02-28,28.049999237060547,28.375,27.825000762939453,27.989999771118164,16.817129135131836,4424400
2002-03-01,28.100000381469727,28.450000762939453,28.024999618530273,28.424999237060547,17.0784912109375,2458200
2002-03-04,28.475000381469727,28.475000381469727,27.924999237060547,28.190000534057617,16.937297821044922,2892200
2002-03-05,27.875,27.895000457763672,27.239999771118164,27.674999237060547,16.627872467041016,4458200
2002-03-06,27.774999618530273,28.100000381469727,27.575000762939453,27.950000762939453,16.7930908203125,3076400
2002-03-07,27.875,27.875,27.125,27.270000457763672,16.384532928466797,4227600
2002-03-08,27.25,27.399999618530273,26.934999465942383,27.165000915527344,16.321449279785156,4707800
2002-03-11,27.100000381469727,27.125,26.665000915527344,27.049999237060547,16.252342224121094,3618400
2002-03-12,26.924999237060547,27.635000228881836,26.8700008392334,27.635000228881836,16.603832244873047,4117800
2002-03-13,27.635000228881836,27.670000076293945,27.184999465942383,27.350000381469727,16.432601928710938,3132400
2002-03-14,27.399999618530273,27.454999923706055,27.25,27.274999618530273,16.387542724609375,2544200
2002-03-15,27.399999618530273,28.0,27.3700008392334,27.989999771118164,16.817129135131836,5317600
2002-03-18,28.0,28.325000762939453,27.829999923706055,28.21500015258789,16.952316284179688,3556000
2002-03-19,28.25,28.825000762939453,28.25,28.440000534057617,17.087501525878906,5880200
2002-03-20,28.5,28.639999389648438,28.399999618530273,28.405000686645508,17.066469192504883,2413200
2002-03-21,28.405000686645508,28.53499984741211,28.100000381469727,28.309999465942383,17.009395599365234,2782800
2002-03-22,28.200000762939453,28.559999465942383,28.155000686645508,28.450000762939453,17.093515396118164,2487000
2002-03-25,28.350000381469727,28.354999542236328,28.030000686645508,28.040000915527344,16.84717559814453,2441600
2002-03-26,28.149999618530273,28.524999618530273,28.03499984741211,28.334999084472656,17.024412155151367,3623800
2002-03-27,28.424999237060547,28.75,28.299999237060547,28.655000686645508,17.216684341430664,2991600
2002-03-28,28.5,28.764999389648438,28.475000381469727,28.575000762939453,17.168611526489258,2249400
2002-04-01,28.450000762939453,28.4950008392334,28.125,28.299999237060547,17.003379821777344,8098600
2002-04-02,28.350000381469727,28.549999237060547,28.174999237060547,28.415000915527344,17.07246971130371,2092600
2002-04-03,28.350000381469727,28.399999618530273,28.010000228881836,28.239999771118164,16.967342376708984,2556000
2002-04-04,28.200000762939453,28.725000381469727,28.200000762939453,28.690000534057617,17.237701416015625,3370200
2002-04-05,28.739999771118164,28.764999389648438,28.524999618530273,28.68000030517578,17.231704711914062,2074800
2002-04-08,28.575000762939453,28.799999237060547,28.530000686645508,28.770000457763672,17.2857666015625,2031000
2002-04-09,28.75,28.81999969482422,28.450000762939453,28.674999237060547,17.22869300842285,2373800
2002-04-10,28.625,29.264999389648438,28.5,29.204999923706055,17.54712677001953,4911000
2002-04-11,29.079999923706055,29.190000534057617,28.670000076293945,28.704999923706055,17.246726989746094,3718400
2002-04-12,28.709999084472656,29.43000030517578,28.709999084472656,29.364999771118164,17.64326286315918,2842600
2002-04-15,29.424999237060547,29.424999237060547,28.825000762939453,28.934999465942383,17.384916305541992,2764600
2002-04-16,28.850000381469727,29.219999313354492,28.725000381469727,29.174999237060547,17.52910804748535,4591000
2002-04-17,29.174999237060547,29.399999618530273,28.799999237060547,28.875,17.348859786987305,5098400
2002-04-18,27.024999618530273,27.899999618530273,26.549999237060547,26.975000381469727,16.207286834716797,23881000
2002-04-19,27.399999618530273,27.399999618530273,27.0,27.200000762939453,16.34246826171875,10715200
2002-04-22,27.325000762939453,27.53499984741211,27.0,27.325000762939453,16.41758155822754,5539400
2002-04-23,27.360000610351562,27.764999389648438,27.229999542236328,27.549999237060547,16.55276107788086,4319800
2002-04-24,27.459999084472656,27.764999389648438,27.459999084472656,27.65999984741211,16.673328399658203,8353400
2002-04-25,27.649999618530273,27.8700008392334,27.3799991607666,27.81999969482422,16.769771575927734,4682600
2002-04-26,27.774999618530273,27.809999465942383,27.545000076293945,27.545000076293945,16.604007720947266,4137800
2002-04-29,27.424999237060547,27.614999771118164,26.985000610351562,26.989999771118164,16.26944351196289,3978600
2002-04-30,26.75,27.075000762939453,26.5049991607666,26.5049991607666,15.977091789245605,5674200
2002-05-01,26.6299991607666,26.950000762939453,26.6299991607666,26.774999618530273,16.139850616455078,4238000
2002-05-02,26.799999237060547,27.454999923706055,26.700000762939453,27.395000457763672,16.513586044311523,5300600
2002-05-03,27.395000457763672,27.579999923706055,27.21500015258789,27.274999618530273,16.44124984741211,4610600
2002-05-06,27.375,27.84000015258789,27.325000762939453,27.59000015258789,16.63113784790039,4083200
2002-05-07,27.700000762939453,27.875,27.454999923706055,27.475000381469727,16.561803817749023,3586000
2002-05-08,27.674999237060547,27.69499969482422,27.34000015258789,27.69499969482422,16.694425582885742,4626800
2002-05-09,27.625,27.924999237060547,27.415000915527344,27.450000762939453,16.546735763549805,2592200
2002-05-10,27.454999923706055,27.799999237060547,27.389999389648438,27.760000228881836,16.733604431152344,2877000
2002-05-13,27.65999984741211,27.924999237060547,27.6299991607666,27.799999237060547,16.757713317871094,2394800
2002-05-14,27.80500030517578,27.899999618530273,27.6299991607666,27.825000762939453,16.772785186767578,3302000
2002-05-15,27.75,27.850000381469727,27.530000686645508,27.7549991607666,16.73058319091797,3357800
2002-05-16,27.7549991607666,27.915000915527344,27.600000381469727,27.834999084472656,16.778812408447266,3230800
2002-05-17,27.75,27.850000381469727,27.290000915527344,27.520000457763672,16.58893394470215,3671400
2002-05-20,27.399999618530273,27.649999618530273,27.329999923706055,27.424999237060547,16.531661987304688,2018400
2002-05-21,27.524999618530273,27.575000762939453,27.0,27.030000686645508,16.29356575012207,2651600
2002-05-22,26.825000762939453,27.09000015258789,26.774999618530273,27.040000915527344,16.299585342407227,4404200
2002-05-23,27.075000762939453,27.100000381469727,26.559999465942383,26.969999313354492,16.257394790649414,3982200
2002-05-24,26.975000381469727,27.024999618530273,26.649999618530273,26.729999542236328,16.11271858215332,3172000
2002-05-28,26.604999542236328,26.725000381469727,26.0,26.110000610351562,15.738990783691406,4953800
2002-05-29,26.075000762939453,26.225000381469727,25.649999618530273,25.875,15.59734058380127,5588000
2002-05-30,25.899999618530273,26.174999237060547,25.700000762939453,25.950000762939453,15.642549514770508,6183800
2002-05-31,26.100000381469727,27.2549991607666,26.079999923706055,27.100000381469727,16.33576011657715,7214600
2002-06-03,26.975000381469727,27.450000762939453,26.969999313354492,27.024999618530273,16.290546417236328,4395000
2002-06-04,27.024999618530273,27.309999465942383,26.875,26.985000610351562,16.266433715820312,4174400
2002-06-05,26.875,27.8799991607666,26.75,27.790000915527344,16.751691818237305,6204400
2002-06-06,27.799999237060547,27.954999923706055,27.530000686645508,27.575000762939453,16.622079849243164,5598600
2002-06-07,27.5,27.725000381469727,27.174999237060547,27.575000762939453,16.622079849243164,3723600
2002-06-10,27.200000762939453,27.34000015258789,26.774999618530273,26.96500015258789,16.254375457763672,7772800
2002-06-11,27.200000762939453,27.225000381469727,26.549999237060547,26.549999237060547,16.00421905517578,3558800
2002-06-12,26.700000762939453,27.049999237060547,26.584999084472656,26.93000030517578,16.233285903930664,5003200
2002-06-13,26.75,26.90999984741211,26.325000762939453,26.399999618530273,15.913799285888672,2806600
2002-06-14,26.075000762939453,26.325000762939453,25.850000381469727,26.274999618530273,15.838456153869629,4187000
2002-06-17,26.5,26.875,26.43000030517578,26.864999771118164,16.1940975189209,2751600
2002-06-18,26.850000381469727,26.875,26.364999771118164,26.469999313354492,15.955992698669434,3797800
2002-06-19,26.299999237060547,26.56999969482422,26.190000534057617,26.395000457763672,15.910787582397461,3874400
2002-06-20,26.075000762939453,26.25,25.799999237060547,25.799999237060547,15.552122116088867,5341600
2002-06-21,25.625,25.850000381469727,24.950000762939453,25.239999771118164,15.214559555053711,6165600
2002-06-24,25.125,25.399999618530273,24.03499984741211,24.825000762939453,14.96440601348877,8228800
2002-06-25,24.725000381469727,24.75,23.850000381469727,23.975000381469727,14.452020645141602,6528200
2002-06-26,23.700000762939453,24.875,22.950000762939453,24.829999923706055,14.967411994934082,11144000
2002-06-27,25.25,25.924999237060547,25.075000762939453,25.774999618530273,15.537052154541016,10043800
2002-06-28,25.649999618530273,25.875,25.010000228881836,25.024999618530273,15.08495807647705,6462200
2002-07-01,25.125,25.975000381469727,25.100000381469727,25.84000015258789,15.576231956481934,4940400
2002-07-02,25.600000381469727,25.649999618530273,25.200000762939453,25.274999618530273,15.235658645629883,5780200
2002-07-03,25.25,25.43000030517578,24.770000457763672,25.075000762939453,15.115097999572754,4631800
2002-07-05,25.450000762939453,25.8700008392334,25.200000762939453,25.8700008392334,15.59432315826416,2756200
2002-07-08,25.799999237060547,25.989999771118164,25.514999389648438,25.645000457763672,15.458697319030762,2043400
2002-07-09,25.450000762939453,25.625,24.924999237060547,25.020000457763672,15.081941604614258,3587800
2002-07-10,25.0,25.100000381469727,24.764999389648438,24.774999618530273,14.934255599975586,3699400
2002-07-11,24.75,25.270000457763672,24.55500030517578,25.260000228881836,15.226621627807617,6802200
2002-07-12,25.299999237060547,25.375,24.40999984741211,24.739999771118164,14.913165092468262,6915800
2002-07-15,24.5,24.549999237060547,22.985000610351562,24.375,14.693142890930176,5612600
2002-07-16,24.125,24.149999618530273,23.21500015258789,23.844999313354492,14.37366008758545,3683000
2002-07-17,24.25,24.299999237060547,23.43000030517578,23.575000762939453,14.210907936096191,5371400
2002-07-18,23.625,24.024999618530273,23.010000228881836,23.09000015258789,13.918548583984375,4285000
2002-07-19,22.5,22.825000762939453,22.024999618530273,22.18000030517578,13.370007514953613,6525400
2002-07-22,22.399999618530273,23.280000686645508,22.274999618530273,22.655000686645508,13.656344413757324,5810400
2002-07-23,23.024999618530273,24.100000381469727,22.69499969482422,23.600000381469727,14.22597599029541,7528200
2002-07-24,23.510000228881836,25.25,23.454999923706055,24.9950008392334,15.12454891204834,8307000
2002-07-25,25.1200008392334,25.375,24.424999237060547,25.295000076293945,15.306082725524902,5757600
2002-07-26,25.5,25.5,24.899999618530273,25.125,15.203208923339844,7259400
2002-07-29,25.5,26.25,25.344999313354492,26.235000610351562,15.874872207641602,5283000
2002-07-30,25.950000762939453,26.0,25.424999237060547,25.649999618530273,15.520903587341309,5529600
2002-07-31,25.649999618530273,25.71500015258789,24.940000534057617,25.674999237060547,15.536016464233398,6566000
2002-08-01,25.649999618530273,26.4950008392334,25.549999237060547,26.209999084472656,15.859758377075195,6087200
2002-08-02,26.209999084472656,26.475000381469727,25.709999084472656,26.174999237060547,15.838571548461914,5616200
2002-08-05,26.100000381469727,26.145000457763672,25.385000228881836,25.459999084472656,15.405933380126953,4305400
2002-08-06,25.584999084472656,26.260000228881836,25.584999084472656,25.825000762939453,15.626789093017578,6216200
2002-08-07,25.829999923706055,26.25,25.760000228881836,26.25,15.883959770202637,4765600
2002-08-08,26.350000381469727,27.125,26.30500030517578,27.065000534057617,16.377111434936523,3970800
2002-08-09,27.024999618530273,27.100000381469727,26.604999542236328,27.03499984741211,16.358966827392578,3806800
2002-08-12,26.75,26.975000381469727,26.604999542236328,26.854999542236328,16.25004005432129,2191200
2002-08-13,26.5,27.104999542236328,26.399999618530273,26.614999771118164,16.104820251464844,4047000
2002-08-14,26.739999771118164,27.209999084472656,26.299999237060547,27.209999084472656,16.464860916137695,2828800
2002-08-15,27.21500015258789,27.399999618530273,27.014999389648438,27.399999618530273,16.5798282623291,2828400
2002-08-16,26.950000762939453,27.25,26.75,26.975000381469727,16.322662353515625,3688600
2002-08-19,26.975000381469727,27.459999084472656,26.825000762939453,27.450000762939453,16.61008644104004,2857200
2002-08-20,27.325000762939453,27.375,26.924999237060547,27.149999618530273,16.428552627563477,2958800
2002-08-21,27.200000762939453,27.44499969482422,27.139999389648438,27.354999542236328,16.552597045898438,2184800
2002-08-22,27.399999618530273,27.5,27.145000457763672,27.315000534057617,16.528390884399414,2566200
2002-08-23,27.31999969482422,27.375,26.799999237060547,26.885000228881836,16.268192291259766,2979400
2002-08-26,26.799999237060547,26.850000381469727,26.3799991607666,26.6299991607666,16.1138973236084,3163600
2002-08-27,26.75,27.1200008392334,26.5049991607666,27.03499984741211,16.358966827392578,3762400
2002-08-28,27.040000915527344,27.18000030517578,26.65999984741211,26.829999923706055,16.23492431640625,2870200
2002-08-29,26.600000381469727,27.100000381469727,26.5,26.825000762939453,16.231895446777344,3470200
2002-08-30,26.825000762939453,27.575000762939453,26.799999237060547,27.274999618530273,16.504196166992188,2765600
2002-09-03,26.774999618530273,27.05500030517578,26.315000534057617,26.34000015258789,15.9384183883667,4055800
2002-09-04,26.46500015258789,27.309999465942383,26.43000030517578,27.2549991607666,16.492088317871094,4562200
2002-09-05,27.5,28.625,27.260000228881836,28.06999969482422,16.985244750976562,11297000
2002-09-06,28.0,28.100000381469727,27.364999771118164,27.450000762939453,16.61008644104004,5692000
2002-09-09,27.25,28.075000762939453,27.229999542236328,27.924999237060547,16.89749526977539,3919400
2002-09-10,27.825000762939453,28.100000381469727,27.700000762939453,27.850000381469727,16.85213279724121,3821400
2002-09-11,28.075000762939453,28.19499969482422,27.905000686645508,27.954999923706055,16.91565704345703,2202200
2002-09-12,27.700000762939453,27.825000762939453,27.28499984741211,27.450000762939453,16.61008644104004,2920200
2002-09-13,27.299999237060547,27.875,27.049999237060547,27.75,16.79161834716797,2749600
2002-09-16,27.875,28.100000381469727,27.524999618530273,28.030000686645508,16.961036682128906,3191800
2002-09-17,28.125,28.31999969482422,27.395000457763672,27.399999618530273,16.5798282623291,5354200
2002-09-18,27.125,27.450000762939453,26.954999923706055,27.274999618530273,16.504196166992188,2613000
2002-09-19,27.049999237060547,27.174999237060547,26.65999984741211,26.704999923706055,16.15928077697754,3175200
2002-09-20,26.655000686645508,26.774999618530273,26.385000228881836,26.649999618530273,16.12600326538086,5027600
2002-09-23,26.649999618530273,26.975000381469727,26.350000381469727,26.7450008392334,16.183486938476562,2394400
2002-09-24,26.75,26.809999465942383,26.25,26.25,15.883959770202637,4816000
2002-09-25,26.385000228881836,26.979999542236328,26.31999969482422,26.84000015258789,16.2409725189209,4702800
2002-09-26,26.899999618530273,27.825000762939453,26.829999923706055,27.760000228881836,16.797666549682617,4182400
2002-09-27,27.774999618530273,27.825000762939453,27.25,27.354999542236328,16.552597045898438,6176000
2002-09-30,27.100000381469727,27.375,26.864999771118164,26.975000381469727,16.322662353515625,6348000
2002-10-01,27.0,27.459999084472656,27.0,27.399999618530273,16.5798282623291,4161200
2002-10-02,27.0,27.545000076293945,26.565000534057617,27.079999923706055,16.38619041442871,3432200
2002-10-03,27.0,27.274999618530273,26.850000381469727,27.09000015258789,16.392248153686523,3605200
2002-10-04,27.149999618530273,27.325000762939453,26.729999542236328,27.084999084472656,16.389217376708984,3271000
2002-10-07,27.049999237060547,27.825000762939453,27.049999237060547,27.375,16.564697265625,5263000
2002-10-08,27.5,27.915000915527344,27.2549991607666,27.655000686645508,16.7341251373291,4692600
2002-10-09,27.299999237060547,27.55500030517578,27.155000686645508,27.290000915527344,16.51326560974121,4618800
2002-10-10,27.274999618530273,27.780000686645508,27.149999618530273,27.674999237060547,16.746227264404297,5682400
2002-10-11,27.774999618530273,28.415000915527344,27.549999237060547,28.200000762939453,17.06390953063965,4522000
2002-10-14,27.950000762939453,28.5,27.950000762939453,28.5,17.245437622070312,4484000
2002-10-15,28.875,28.875,27.44499969482422,28.045000076293945,16.97011947631836,9482600
2002-10-16,27.975000381469727,28.094999313354492,27.34000015258789,27.399999618530273,16.5798282623291,5606800
2002-10-17,28.149999618530273,28.165000915527344,27.514999389648438,27.850000381469727,16.85213279724121,4919400
2002-10-18,27.5,28.625,27.5,28.34000015258789,17.14862060546875,4469800
2002-10-21,28.34000015258789,28.9950008392334,28.145000457763672,28.954999923706055,17.52076530456543,3968000
2002-10-22,28.6299991607666,28.649999618530273,28.100000381469727,28.309999465942383,17.130475997924805,4771000
2002-10-23,28.225000381469727,28.4950008392334,27.8700008392334,28.299999237060547,17.17902946472168,3466600
2002-10-24,28.625,28.625,27.625,27.700000762939453,16.814809799194336,2799600
2002-10-25,27.549999237060547,27.924999237060547,27.375,27.885000228881836,16.927112579345703,2436000
2002-10-28,27.850000381469727,27.850000381469727,27.155000686645508,27.385000228881836,16.62360191345215,4234000
2002-10-29,27.604999542236328,27.905000686645508,27.165000915527344,27.844999313354492,16.902833938598633,3681800
2002-10-30,28.024999618530273,28.139999389648438,27.799999237060547,27.975000381469727,16.98175048828125,2765200
2002-10-31,27.979999542236328,28.0,27.350000381469727,27.489999771118164,16.687335968017578,3231200
2002-11-01,27.614999771118164,27.614999771118164,27.049999237060547,27.5,16.69341278076172,4177800
2002-11-04,27.450000762939453,27.5049991607666,26.549999237060547,26.645000457763672,16.174386978149414,5181800
2002-11-05,26.770000457763672,27.25,26.770000457763672,27.25,16.541645050048828,3657000
2002-11-06,27.174999237060547,27.19499969482422,26.475000381469727,26.700000762939453,16.207780838012695,4871600
2002-11-07,26.700000762939453,27.024999618530273,26.600000381469727,26.920000076293945,16.341320037841797,4684600
2002-11-08,27.0,27.475000381469727,26.799999237060547,27.014999389648438,16.39900016784668,2787400
2002-11-11,27.25,27.399999618530273,26.69499969482422,26.975000381469727,16.374719619750977,3508200
2002-11-12,27.149999618530273,27.225000381469727,26.31999969482422,26.440000534057617,16.04995346069336,4507400
2002-11-13,26.375,26.575000762939453,26.104999542236328,26.299999237060547,15.964964866638184,6292000
2002-11-14,26.375,26.46500015258789,26.030000686645508,26.46500015258789,16.065122604370117,4537800
2002-11-15,26.469999313354492,26.549999237060547,26.075000762939453,26.545000076293945,16.113683700561523,5395200
2002-11-18,26.575000762939453,26.670000076293945,26.274999618530273,26.325000762939453,15.98015022277832,2381200
2002-11-19,26.200000762939453,26.719999313354492,26.200000762939453,26.395000457763672,16.02263069152832,3369600
2002-11-20,26.575000762939453,26.700000762939453,25.975000381469727,26.565000534057617,16.125831604003906,3301200
2002-11-21,26.56999969482422,26.56999969482422,25.4950008392334,25.700000762939453,15.600739479064941,7770200
2002-11-22,25.899999618530273,26.325000762939453,25.75,25.78499984741211,15.652338981628418,6574200
2002-11-25,25.90999984741211,25.93000030517578,25.450000762939453,25.520000457763672,15.491484642028809,4986600
2002-11-26,25.5,25.780000686645508,25.25,25.575000762939453,15.52486515045166,4884400
2002-11-27,25.575000762939453,26.25,25.475000381469727,25.950000762939453,15.752508163452148,3061800
2002-11-29,25.924999237060547,25.93000030517578,25.65999984741211,25.69499969482422,15.597709655761719,1351600
2002-12-02,25.700000762939453,25.75,25.5,25.700000762939453,15.600739479064941,3031600
2002-12-03,25.825000762939453,26.104999542236328,25.80500030517578,25.850000381469727,15.691800117492676,3315800
2002-12-04,25.924999237060547,26.69499969482422,25.924999237060547,26.55500030517578,16.119760513305664,4342200
2002-12-05,26.559999465942383,26.825000762939453,26.274999618530273,26.280000686645508,15.95281982421875,3395800
2002-12-06,26.280000686645508,26.739999771118164,26.209999084472656,26.739999771118164,16.2320556640625,3293200
2002-12-09,26.780000686645508,26.899999618530273,26.524999618530273,26.825000762939453,16.283662796020508,3477600
2002-12-10,26.829999923706055,27.06999969482422,26.6200008392334,27.049999237060547,16.42023277282715,2493200
2002-12-11,27.05500030517578,27.05500030517578,26.545000076293945,26.764999389648438,16.247243881225586,3705000
2002-12-12,26.725000381469727,26.815000534057617,26.239999771118164,26.540000915527344,16.11065673828125,2577600
2002-12-13,26.545000076293945,26.545000076293945,26.094999313354492,26.450000762939453,16.05601692199707,4488600
2002-12-16,26.399999618530273,26.489999771118164,26.075000762939453,26.375,16.010494232177734,4094200
2002-12-17,26.200000762939453,26.389999389648438,26.030000686645508,26.209999084472656,15.910330772399902,4438800
2002-12-18,26.149999618530273,26.424999237060547,26.1299991607666,26.334999084472656,15.986211776733398,2956600
2002-12-19,26.200000762939453,26.295000076293945,25.905000686645508,25.950000762939453,15.752508163452148,3996600
2002-12-20,26.0,26.325000762939453,26.0,26.200000762939453,15.904267311096191,4394400
2002-12-23,26.19499969482422,26.545000076293945,26.094999313354492,26.325000762939453,15.98015022277832,1982200
2002-12-24,26.264999389648438,26.329999923706055,26.125,26.219999313354492,15.916411399841309,822400
2002-12-26,26.299999237060547,26.524999618530273,26.264999389648438,26.309999465942383,15.971035957336426,1456400
2002-12-27,26.209999084472656,26.270000457763672,26.0049991607666,26.075000762939453,15.828383445739746,1432600
2002-12-30,26.049999237060547,26.25,25.950000762939453,26.09000015258789,15.837491989135742,1802600
2002-12-31,26.040000915527344,26.295000076293945,25.795000076293945,26.21500015258789,15.91336727142334,1996200
2003-01-02,26.260000228881836,26.915000915527344,26.260000228881836,26.899999618530273,16.32918357849121,2932600
2003-01-03,26.625,26.825000762939453,26.510000228881836,26.579999923706055,16.134937286376953,2150000
2003-01-06,26.579999923706055,27.225000381469727,26.55500030517578,27.15999984741211,16.487016677856445,2743800
2003-01-07,27.125,27.165000915527344,26.790000915527344,26.790000915527344,16.262413024902344,3488200
2003-01-08,26.825000762939453,27.06999969482422,26.600000381469727,26.600000381469727,16.147071838378906,3868000
2003-01-09,26.5,26.7450008392334,26.450000762939453,26.549999237060547,16.116716384887695,3377600
2003-01-10,26.5,26.549999237060547,26.329999923706055,26.46500015258789,16.065122604370117,2800600
2003-01-13,26.475000381469727,26.549999237060547,26.235000610351562,26.424999237060547,16.04084587097168,2739200
2003-01-14,26.299999237060547,26.34000015258789,26.190000534057617,26.290000915527344,15.958895683288574,2297200
2003-01-15,26.299999237060547,26.350000381469727,26.0,26.149999618530273,15.87391185760498,1827600
2003-01-16,26.225000381469727,27.125,26.19499969482422,27.0,16.38988494873047,3488800
2003-01-17,27.0049991607666,27.309999465942383,26.774999618530273,26.8799991607666,16.31704330444336,3719000
2003-01-21,27.0,27.225000381469727,26.53499984741211,26.53499984741211,16.107622146606445,3211400
2003-01-22,26.475000381469727,26.549999237060547,25.940000534057617,25.989999771118164,15.776785850524902,3720000
2003-01-23,25.75,26.19499969482422,25.75,26.184999465942383,15.89515209197998,2562400
2003-01-24,26.190000534057617,26.200000762939453,25.6200008392334,25.80500030517578,15.664474487304688,3267600
2003-01-27,25.774999618530273,25.780000686645508,25.204999923706055,25.424999237060547,15.43381404876709,4140200
2003-01-28,25.424999237060547,25.954999923706055,25.274999618530273,25.760000228881836,15.63717269897461,3323000
2003-01-29,25.600000381469727,25.6200008392334,25.139999389648438,25.40999984741211,15.424702644348145,4102800
2003-01-30,25.415000915527344,25.415000915527344,24.75,24.809999465942383,15.114023208618164,7305600
2003-01-31,24.774999618530273,25.575000762939453,24.774999618530273,25.454999923706055,15.50694465637207,3951400
2003-02-03,25.625,25.674999237060547,25.225000381469727,25.375,15.458210945129395,3584600
2003-02-04,25.575000762939453,26.1299991607666,25.299999237060547,26.094999313354492,15.896827697753906,7404600
2003-02-05,25.975000381469727,26.1200008392334,25.700000762939453,25.75,15.68665885925293,4200600
2003-02-06,25.7450008392334,25.7450008392334,25.5,25.709999084472656,15.662290573120117,2958000
2003-02-07,25.799999237060547,25.899999618530273,25.545000076293945,25.600000381469727,15.595272064208984,2783000
2003-02-10,25.799999237060547,25.94499969482422,25.450000762939453,25.75,15.68665885925293,2825600
2003-02-11,25.875,25.924999237060547,25.19499969482422,25.30500030517578,15.415566444396973,2931400
2003-02-12,25.299999237060547,25.350000381469727,25.0,25.084999084472656,15.281547546386719,2788600
2003-02-13,25.084999084472656,25.350000381469727,24.625,25.190000534057617,15.345507621765137,2716400
2003-02-14,25.19499969482422,25.364999771118164,24.825000762939453,25.364999771118164,15.452116012573242,2361600
2003-02-18,25.399999618530273,25.575000762939453,25.315000534057617,25.459999084472656,15.509995460510254,2584800
2003-02-19,25.375,25.530000686645508,25.100000381469727,25.25,15.382060050964355,2096800
2003-02-20,25.200000762939453,25.325000762939453,24.959999084472656,25.03499984741211,15.251086235046387,2770200
2003-02-21,25.25,25.674999237060547,25.139999389648438,25.5,15.534356117248535,2642200
2003-02-24,25.5,25.510000228881836,25.15999984741211,25.184999465942383,15.342464447021484,2003400
2003-02-25,25.184999465942383,25.5,24.950000762939453,25.485000610351562,15.525225639343262,2786400
2003-02-26,25.485000610351562,25.545000076293945,25.280000686645508,25.405000686645508,15.476493835449219,2390800
2003-02-27,25.479999542236328,25.700000762939453,25.219999313354492,25.395000457763672,15.4703950881958,2276200
2003-02-28,25.5,25.549999237060547,25.020000457763672,25.155000686645508,15.324185371398926,2760400
2003-03-03,25.299999237060547,25.334999084472656,24.940000534057617,25.024999618530273,15.244996070861816,2078600
2003-03-04,25.075000762939453,25.1200008392334,24.7450008392334,24.864999771118164,15.147529602050781,2759600
2003-03-05,24.834999084472656,25.075000762939453,24.700000762939453,25.075000762939453,15.275465965270996,2866200
2003-03-06,25.075000762939453,25.075000762939453,24.665000915527344,24.825000762939453,15.123163223266602,2219800
2003-03-07,24.5,24.850000381469727,24.375,24.825000762939453,15.123163223266602,4476000
2003-03-10,24.700000762939453,24.739999771118164,24.479999542236328,24.549999237060547,14.9556245803833,2793600
2003-03-11,24.424999237060547,25.155000686645508,24.424999237060547,24.924999237060547,15.184081077575684,3618000
2003-03-12,24.799999237060547,25.549999237060547,24.774999618530273,25.549999237060547,15.564820289611816,4852400
2003-03-13,25.75,26.05500030517578,25.489999771118164,26.0049991607666,15.841998100280762,3984800
2003-03-14,26.0049991607666,26.31999969482422,25.84000015258789,26.100000381469727,15.899881362915039,3226600
2003-03-17,25.950000762939453,26.950000762939453,25.950000762939453,26.875,16.37199592590332,4262000
2003-03-18,26.825000762939453,26.975000381469727,26.600000381469727,26.725000381469727,16.28061866760254,4075600
2003-03-19,26.850000381469727,27.209999084472656,26.780000686645508,27.209999084472656,16.576074600219727,3516000
2003-03-20,27.100000381469727,27.385000228881836,26.8799991607666,27.295000076293945,16.62785530090332,4027200
2003-03-21,27.5,27.875,27.299999237060547,27.875,16.981197357177734,3456200
2003-03-24,27.524999618530273,27.530000686645508,26.850000381469727,27.05500030517578,16.481657028198242,3658800
2003-03-25,27.0,27.05500030517578,26.700000762939453,26.899999618530273,16.387231826782227,4228400
2003-03-26,26.75,27.040000915527344,26.69499969482422,26.895000457763672,16.384185791015625,2673200
2003-03-27,26.75,27.31999969482422,26.44499969482422,27.040000915527344,16.47250747680664,2373400
2003-03-28,27.040000915527344,27.270000457763672,26.825000762939453,27.174999237060547,16.55475425720215,2436400
2003-03-31,27.295000076293945,27.655000686645508,26.84000015258789,27.219999313354492,16.582162857055664,2814000
2003-04-01,27.25,27.735000610351562,27.0,27.5,16.752744674682617,4238000
2003-04-02,27.649999618530273,27.899999618530273,27.524999618530273,27.75,16.90504264831543,3689200
2003-04-03,27.725000381469727,27.729999542236328,27.174999237060547,27.270000457763672,16.612628936767578,3340200
2003-04-04,27.600000381469727,27.6200008392334,27.145000457763672,27.260000228881836,16.60654067993164,2719600
2003-04-07,27.875,27.975000381469727,27.420000076293945,27.450000762939453,16.722280502319336,4325400
2003-04-08,27.399999618530273,27.75,27.375,27.579999923706055,16.80147361755371,2250600
2003-04-09,27.75,28.100000381469727,27.6299991607666,27.75,16.90504264831543,3625400
2003-04-10,27.774999618530273,27.975000381469727,27.524999618530273,27.84000015258789,16.95986557006836,3746000
2003-04-11,28.0,28.290000915527344,27.760000228881836,27.760000228881836,16.9111270904541,2046200
2003-04-14,27.774999618530273,28.350000381469727,27.770000457763672,28.309999465942383,17.246192932128906,2379400
2003-04-15,28.309999465942383,28.815000534057617,28.25,28.594999313354492,17.419801712036133,5162800
2003-04-16,28.5,28.600000381469727,28.0049991607666,28.174999237060547,17.16394805908203,4675000
2003-04-17,28.049999237060547,28.05500030517578,27.424999237060547,27.875,16.981197357177734,8181400
2003-04-21,28.0,28.235000610351562,27.954999923706055,28.15999984741211,17.154804229736328,3237400
2003-04-22,28.299999237060547,28.7450008392334,28.15999984741211,28.649999618530273,17.45331382751465,4803600
2003-04-23,28.53499984741211,28.725000381469727,28.299999237060547,28.709999084472656,17.563419342041016,4129200
2003-04-24,28.65999984741211,28.75,28.549999237060547,28.600000381469727,17.496137619018555,3776600
2003-04-25,28.575000762939453,28.614999771118164,28.239999771118164,28.34000015258789,17.337078094482422,2989200
2003-04-28,28.360000610351562,28.829999923706055,28.280000686645508,28.704999923706055,17.56036949157715,2449800
2003-04-29,28.625,28.864999771118164,28.520000457763672,28.75,17.587894439697266,3908600
2003-04-30,28.7549991607666,28.825000762939453,28.5,28.584999084472656,17.486955642700195,3690800
2003-05-01,28.424999237060547,28.575000762939453,28.1299991607666,28.44499969482422,17.401308059692383,2432200
2003-05-02,28.44499969482422,28.575000762939453,28.114999771118164,28.575000762939453,17.48084259033203,3331800
2003-05-05,28.540000915527344,28.799999237060547,28.3799991607666,28.799999237060547,17.618480682373047,3394800
2003-05-06,28.75,28.815000534057617,28.5,28.774999618530273,17.60318946838379,4358800
2003-05-07,28.649999618530273,29.0,28.649999618530273,28.875,17.664365768432617,3207600
2003-05-08,28.5,28.674999237060547,28.385000228881836,28.489999771118164,17.4288387298584,3539000
2003-05-09,28.530000686645508,28.735000610351562,28.415000915527344,28.684999465942383,17.54813575744629,2653800
2003-05-12,28.665000915527344,29.170000076293945,28.53499984741211,29.170000076293945,17.84484100341797,3940200
2003-05-13,29.125,29.125,28.639999389648438,28.69499969482422,17.55423927307129,3495800
2003-05-14,28.774999618530273,28.9950008392334,28.7450008392334,28.885000228881836,17.670488357543945,3376200
2003-05-15,28.885000228881836,29.2549991607666,28.799999237060547,29.170000076293945,17.84484100341797,3431800
2003-05-16,29.049999237060547,29.299999237060547,29.030000686645508,29.28499984741211,17.915189743041992,2971000
2003-05-19,29.28499984741211,29.28499984741211,28.989999771118164,29.25,17.89377212524414,3241000
2003-05-20,29.5,29.655000686645508,29.375,29.575000762939453,18.092588424682617,6203600
2003-05-21,29.600000381469727,29.6200008392334,29.200000762939453,29.225000381469727,17.87847328186035,5135000
2003-05-22,29.299999237060547,29.55500030517578,29.25,29.44499969482422,18.013063430786133,2823200
2003-05-23,29.424999237060547,29.5,29.2549991607666,29.399999618530273,17.98552894592285,2381000
2003-05-27,29.299999237060547,29.520000457763672,29.25,29.44499969482422,18.013063430786133,4247600
2003-05-28,29.485000610351562,29.530000686645508,29.354999542236328,29.46500015258789,18.025299072265625,3453600
2003-05-29,29.325000762939453,29.725000381469727,29.325000762939453,29.56999969482422,18.08953285217285,4188000
2003-05-30,29.549999237060547,29.885000228881836,29.540000915527344,29.809999465942383,18.236351013183594,3479800
2003-06-02,29.924999237060547,30.06999969482422,29.709999084472656,29.7450008392334,18.196598052978516,3188800
2003-06-03,29.75,29.905000686645508,29.639999389648438,29.764999389648438,18.208826065063477,2244800
2003-06-04,29.770000457763672,29.94499969482422,29.549999237060547,29.649999618530273,18.13847541809082,3446800
2003-06-05,29.600000381469727,29.764999389648438,29.3799991607666,29.540000915527344,18.07118797302246,3605600
2003-06-06,29.549999237060547,29.674999237060547,29.209999084472656,29.299999237060547,17.924358367919922,3837400
2003-06-09,29.299999237060547,29.68000030517578,29.21500015258789,29.385000228881836,17.97635841369629,3245200
2003-06-10,29.385000228881836,29.385000228881836,28.764999389648438,29.315000534057617,17.93354606628418,5230800
2003-06-11,29.25,29.46500015258789,29.235000610351562,29.450000762939453,18.0161190032959,3142800
2003-06-12,29.549999237060547,29.915000915527344,29.399999618530273,29.8799991607666,18.27918243408203,2929800
2003-06-13,29.799999237060547,30.075000762939453,29.7450008392334,29.989999771118164,18.346471786499023,4217000
2003-06-16,29.959999084472656,30.440000534057617,29.954999923706055,30.440000534057617,18.621749877929688,4336200
2003-06-17,30.450000762939453,30.450000762939453,30.15999984741211,30.325000762939453,18.55140495300293,3929400
2003-06-18,30.25,30.424999237060547,30.104999542236328,30.389999389648438,18.591169357299805,3029000
2003-06-19,30.360000610351562,30.4950008392334,29.93000030517578,29.940000534057617,18.31588363647461,2865000
2003-06-20,30.0,30.100000381469727,29.524999618530273,29.954999923706055,18.325057983398438,3824000
2003-06-23,29.75,29.825000762939453,29.579999923706055,29.815000534057617,18.23940658569336,2559600
2003-06-24,29.725000381469727,30.155000686645508,29.665000915527344,30.084999084472656,18.40458106994629,2805800
2003-06-25,29.649999618530273,29.885000228881836,29.299999237060547,29.375,17.970245361328125,3964800
2003-06-26,29.149999618530273,29.405000686645508,28.860000610351562,29.15999984741211,17.83871841430664,5510600
2003-06-27,29.0,29.270000457763672,28.75,28.84000015258789,17.642953872680664,3557600
2003-06-30,28.899999618530273,29.264999389648438,28.850000381469727,28.975000381469727,17.725540161132812,3822000
2003-07-01,28.975000381469727,29.299999237060547,28.725000381469727,29.125,17.81730079650879,4033000
2003-07-02,29.25,29.290000915527344,29.100000381469727,29.155000686645508,17.83565330505371,3773200
2003-07-03,29.075000762939453,29.15999984741211,28.905000686645508,28.93000030517578,17.698013305664062,2399400
2003-07-07,28.934999465942383,29.1299991607666,28.93000030517578,29.0,17.7408390045166,4092000
2003-07-08,28.875,29.084999084472656,28.649999618530273,29.0,17.7408390045166,4329200
2003-07-09,28.899999618530273,29.0,28.674999237060547,28.809999465942383,17.624608993530273,2716600
2003-07-10,28.809999465942383,28.8700008392334,28.4950008392334,28.649999618530273,17.526723861694336,3282600
2003-07-11,28.649999618530273,28.69499969482422,28.5,28.625,17.511425018310547,2853000
2003-07-14,28.649999618530273,28.81999969482422,28.475000381469727,28.489999771118164,17.4288387298584,3566400
2003-07-15,28.475000381469727,28.610000610351562,28.350000381469727,28.475000381469727,17.41966438293457,4247600
2003-07-16,28.5,28.559999465942383,28.030000686645508,28.260000228881836,17.288137435913086,3166200
2003-07-17,28.225000381469727,28.25,27.864999771118164,27.979999542236328,17.11684799194336,4403200
2003-07-18,28.0,28.225000381469727,27.8799991607666,28.149999618530273,17.220849990844727,4187600
2003-07-21,28.274999618530273,28.350000381469727,28.049999237060547,28.149999618530273,17.220849990844727,4603000
2003-07-22,28.25,28.739999771118164,27.950000762939453,28.299999237060547,17.312610626220703,5402200
2003-07-23,28.200000762939453,28.315000534057617,28.03499984741211,28.139999389648438,17.288026809692383,2568000
2003-07-24,28.145000457763672,28.344999313354492,27.915000915527344,27.969999313354492,17.183584213256836,2487400
2003-07-25,27.899999618530273,28.045000076293945,27.625,27.950000762939453,17.171306610107422,2867600
2003-07-28,27.825000762939453,27.885000228881836,27.674999237060547,27.774999618530273,17.063793182373047,2903600
2003-07-29,27.75,27.915000915527344,27.514999389648438,27.625,16.971641540527344,2981000
2003-07-30,27.649999618530273,27.760000228881836,27.389999389648438,27.559999465942383,16.93170738220215,3032200
2003-07-31,27.700000762939453,27.84000015258789,27.299999237060547,27.299999237060547,16.77197265625,3489000
2003-08-01,27.040000915527344,27.299999237060547,26.799999237060547,27.149999618530273,16.6798152923584,2909800
2003-08-04,27.059999465942383,27.235000610351562,26.774999618530273,27.165000915527344,16.68903160095215,2954800
2003-08-05,27.239999771118164,27.405000686645508,27.100000381469727,27.149999618530273,16.6798152923584,3008000
2003-08-06,27.149999618530273,27.6200008392334,27.075000762939453,27.424999237060547,16.848770141601562,2747200
2003-08-07,27.424999237060547,27.424999237060547,27.155000686645508,27.360000610351562,16.8088321685791,2699200
2003-08-08,27.360000610351562,27.549999237060547,27.344999313354492,27.510000228881836,16.900985717773438,2191400
2003-08-11,27.575000762939453,27.809999465942383,27.549999237060547,27.6200008392334,16.968568801879883,3013600
2003-08-12,27.725000381469727,28.06999969482422,27.559999465942383,28.024999618530273,17.217384338378906,3094600
2003-08-13,28.125,28.125,27.700000762939453,27.809999465942383,17.085296630859375,2205800
2003-08-14,27.924999237060547,28.020000457763672,27.625,27.875,17.12523078918457,2220000
2003-08-15,27.825000762939453,27.854999542236328,27.450000762939453,27.4950008392334,16.89176368713379,2486400
2003-08-18,27.424999237060547,27.475000381469727,27.270000457763672,27.290000915527344,16.76583480834961,2956400
2003-08-19,27.389999389648438,27.40999984741211,27.100000381469727,27.219999313354492,16.722820281982422,2152000
2003-08-20,27.219999313354492,27.350000381469727,27.079999923706055,27.239999771118164,16.735105514526367,2400400
2003-08-21,27.239999771118164,27.395000457763672,27.075000762939453,27.174999237060547,16.695175170898438,2953400
2003-08-22,27.149999618530273,27.174999237060547,26.600000381469727,26.674999237060547,16.38799476623535,3900600
2003-08-25,26.625,26.7549991607666,26.475000381469727,26.700000762939453,16.40335464477539,2669600
2003-08-26,26.725000381469727,27.040000915527344,26.635000228881836,26.954999923706055,16.560012817382812,3148600
2003-08-27,27.75,27.905000686645508,27.325000762939453,27.674999237060547,17.00235366821289,6355600
2003-08-28,27.774999618530273,27.774999618530273,27.5,27.665000915527344,16.9962100982666,2464600
2003-08-29,27.700000762939453,27.844999313354492,27.5,27.639999389648438,16.98085594177246,2586800
2003-09-02,27.75,28.184999465942383,27.674999237060547,28.049999237060547,17.232738494873047,2830600
2003-09-03,28.149999618530273,28.475000381469727,28.09000015258789,28.274999618530273,17.370973587036133,3603800
2003-09-04,28.280000686645508,28.549999237060547,28.114999771118164,28.149999618530273,17.29418182373047,2398800
2003-09-05,28.075000762939453,28.149999618530273,27.924999237060547,28.114999771118164,17.272672653198242,2757200
2003-09-08,28.065000534057617,28.2450008392334,27.950000762939453,28.2450008392334,17.3525390625,3106600
2003-09-09,28.2450008392334,28.274999618530273,27.975000381469727,27.975000381469727,17.18667221069336,2379000
2003-09-10,27.924999237060547,28.295000076293945,27.924999237060547,28.020000457763672,17.214311599731445,2581000
2003-09-11,28.075000762939453,28.489999771118164,28.075000762939453,28.225000381469727,17.340251922607422,2734400
2003-09-12,28.125,28.184999465942383,27.875,28.059999465942383,17.2388858795166,2502600
2003-09-15,27.825000762939453,27.905000686645508,27.625,27.674999237060547,17.00235366821289,4047800
2003-09-16,27.674999237060547,27.8799991607666,27.5,27.809999465942383,17.085296630859375,3050200
2003-09-17,27.75,27.75,27.53499984741211,27.594999313354492,16.953216552734375,2301800
2003-09-18,27.524999618530273,27.6200008392334,27.315000534057617,27.424999237060547,16.848770141601562,5787400
2003-09-19,27.350000381469727,27.68000030517578,27.350000381469727,27.674999237060547,17.00235366821289,3764600
2003-09-22,27.625,27.625,27.25,27.40999984741211,16.839548110961914,2988600
2003-09-23,27.5,27.799999237060547,27.5,27.71500015258789,17.026933670043945,3302200
2003-09-24,27.924999237060547,28.075000762939453,27.774999618530273,27.78499984741211,17.069936752319336,4863600
2003-09-25,27.725000381469727,27.989999771118164,27.700000762939453,27.854999542236328,17.112945556640625,5563000
2003-09-26,27.854999542236328,27.94499969482422,27.540000915527344,27.649999618530273,16.986997604370117,2519000
2003-09-29,27.75,27.940000534057617,27.639999389648438,27.8799991607666,17.12830352783203,3557400
2003-09-30,27.799999237060547,28.299999237060547,27.75,27.94499969482422,17.16823387145996,4133200
2003-10-01,27.94499969482422,28.5,27.94499969482422,28.485000610351562,17.499990463256836,3313200
2003-10-02,28.485000610351562,28.770000457763672,28.385000228881836,28.614999771118164,17.579849243164062,4219800
2003-10-03,28.739999771118164,29.03499984741211,28.645000457763672,28.670000076293945,17.6136417388916,4435200
2003-10-06,28.725000381469727,28.93000030517578,28.674999237060547,28.844999313354492,17.721153259277344,2248400
2003-10-07,28.844999313354492,29.06999969482422,28.71500015258789,28.975000381469727,17.801021575927734,2642800
2003-10-08,28.975000381469727,28.975000381469727,28.729999542236328,28.899999618530273,17.75494384765625,2236000
2003-10-09,29.0,29.125,28.575000762939453,28.825000762939453,17.708864212036133,3522000
2003-10-10,28.864999771118164,29.045000076293945,28.78499984741211,28.950000762939453,17.785661697387695,1875800
2003-10-13,29.25,29.25,28.924999237060547,29.040000915527344,17.840961456298828,2225800
2003-10-14,29.225000381469727,29.225000381469727,29.0,29.1299991607666,17.896240234375,3024000
2003-10-15,29.1299991607666,29.360000610351562,29.06999969482422,29.309999465942383,18.006839752197266,3557400
2003-10-16,29.200000762939453,29.235000610351562,28.834999084472656,29.014999389648438,17.82559585571289,4609600
2003-10-17,28.850000381469727,28.889999389648438,28.5,28.674999237060547,17.616714477539062,4147000
2003-10-20,28.649999618530273,28.774999618530273,28.440000534057617,28.684999465942383,17.622859954833984,3800200
2003-10-21,28.684999465942383,28.924999237060547,28.639999389648438,28.80500030517578,17.696575164794922,2831400
2003-10-22,28.649999618530273,28.885000228881836,28.43000030517578,28.8799991607666,17.81688117980957,3637600
2003-10-23,26.9950008392334,28.395000457763672,26.5,26.594999313354492,16.407201766967773,21786400
2003-10-24,26.594999313354492,26.594999313354492,25.649999618530273,25.924999237060547,15.993864059448242,15592000
2003-10-27,25.850000381469727,26.100000381469727,25.375,25.545000076293945,15.759428977966309,13343400
2003-10-28,25.545000076293945,25.725000381469727,25.2549991607666,25.579999923706055,15.78101921081543,10890800
2003-10-29,25.5,26.149999618530273,25.475000381469727,26.110000610351562,16.10799217224121,9273400
2003-10-30,26.149999618530273,26.5,25.700000762939453,25.809999465942383,15.922904968261719,6986600
2003-10-31,26.299999237060547,26.729999542236328,26.21500015258789,26.594999313354492,16.407201766967773,8605800
2003-11-03,26.625,26.864999771118164,26.545000076293945,26.575000762939453,16.39486312866211,4324600
2003-11-04,26.625,26.799999237060547,26.575000762939453,26.649999618530273,16.44113540649414,5883200
2003-11-05,26.725000381469727,26.790000915527344,26.1200008392334,26.184999465942383,16.15425682067871,6975600
2003-11-06,26.25,26.2549991607666,25.975000381469727,26.145000457763672,16.129592895507812,5332800
2003-11-07,26.125,26.5,26.0049991607666,26.049999237060547,16.07097625732422,5198800
2003-11-10,26.174999237060547,26.290000915527344,25.875,25.969999313354492,16.021625518798828,3426000
2003-11-11,25.969999313354492,26.165000915527344,25.969999313354492,26.165000915527344,16.14192008972168,4619400
2003-11-12,26.125,26.46500015258789,26.075000762939453,26.360000610351562,16.262224197387695,5808000
2003-11-13,26.325000762939453,26.5,26.165000915527344,26.399999618530273,16.286897659301758,4433800
2003-11-14,26.420000076293945,26.450000762939453,26.030000686645508,26.049999237060547,16.07097625732422,4581800
2003-11-17,26.05500030517578,26.204999923706055,25.375,26.049999237060547,16.07097625732422,5393400
2003-11-18,26.024999618530273,26.110000610351562,25.69499969482422,25.71500015258789,15.864299774169922,5491800
2003-11-19,25.674999237060547,26.024999618530273,25.649999618530273,25.850000381469727,15.947586059570312,7062200
2003-11-20,25.75,26.045000076293945,25.75,25.885000228881836,15.969183921813965,5807600
2003-11-21,25.975000381469727,26.0,25.764999389648438,25.934999465942383,16.000032424926758,3087000
2003-11-24,26.049999237060547,26.2450008392334,25.989999771118164,26.225000381469727,16.17894172668457,4786400
2003-11-25,26.225000381469727,26.469999313354492,26.149999618530273,26.209999084472656,16.169681549072266,5351800
2003-11-26,26.209999084472656,26.2450008392334,26.049999237060547,26.170000076293945,16.145009994506836,3989600
2003-11-28,26.174999237060547,26.405000686645508,26.149999618530273,26.25,16.194358825683594,1379600
2003-12-01,26.299999237060547,26.600000381469727,26.295000076293945,26.450000762939453,16.3177490234375,4540200
2003-12-02,26.434999465942383,26.594999313354492,26.385000228881836,26.520000457763672,16.360933303833008,3596000
2003-12-03,26.514999389648438,26.69499969482422,26.334999084472656,26.5,16.348596572875977,6735400
2003-12-04,26.530000686645508,26.854999542236328,26.524999618530273,26.850000381469727,16.56452178955078,6727600
2003-12-05,26.75,27.0,26.735000610351562,26.93000030517578,16.61387062072754,4626200
2003-12-08,26.899999618530273,26.924999237060547,26.575000762939453,26.795000076293945,16.530590057373047,4638200
2003-12-09,26.799999237060547,26.889999389648438,26.434999465942383,26.46500015258789,16.327001571655273,7445400
2003-12-10,26.469999313354492,26.5,26.174999237060547,26.30500030517578,16.228294372558594,4934400
2003-12-11,26.25,26.450000762939453,26.225000381469727,26.299999237060547,16.225204467773438,4045400
2003-12-12,26.475000381469727,26.924999237060547,26.334999084472656,26.80500030517578,16.536760330200195,3368200
2003-12-15,26.875,26.96500015258789,26.665000915527344,26.780000686645508,16.521324157714844,3683600
2003-12-16,26.78499984741211,26.854999542236328,26.454999923706055,26.579999923706055,16.3979434967041,5375400
2003-12-17,26.649999618530273,26.959999084472656,26.600000381469727,26.940000534057617,16.620040893554688,5775800
2003-12-18,26.25,26.450000762939453,24.924999237060547,25.149999618530273,15.515739440917969,32205200
2003-12-19,24.899999618530273,25.075000762939453,24.280000686645508,24.594999313354492,15.173349380493164,19924200
2003-12-22,24.600000381469727,24.94499969482422,24.459999084472656,24.565000534057617,15.154837608337402,9572600
2003-12-23,24.649999618530273,24.71500015258789,24.510000228881836,24.670000076293945,15.21961498260498,6008200
2003-12-24,24.625,24.68000030517578,24.5,24.584999084472656,15.1671781539917,2964800
2003-12-26,24.584999084472656,24.674999237060547,24.514999389648438,24.649999618530273,15.207280158996582,1961800
2003-12-29,24.575000762939453,24.989999771118164,24.575000762939453,24.989999771118164,15.417036056518555,4567400
2003-12-30,24.989999771118164,25.100000381469727,24.825000762939453,24.954999923706055,15.395440101623535,4399400
2003-12-31,24.954999923706055,25.114999771118164,24.954999923706055,25.024999618530273,15.43862533569336,5505400
2004-01-02,24.975000381469727,25.049999237060547,24.709999084472656,24.809999465942383,15.305978775024414,4031800
2004-01-05,24.90999984741211,25.040000915527344,24.825000762939453,25.024999618530273,15.43862533569336,10084600
2004-01-06,25.0,25.270000457763672,24.934999465942383,25.190000534057617,15.540410995483398,9328400
2004-01-07,25.25,25.385000228881836,25.209999084472656,25.325000762939453,15.62370491027832,8397800
2004-01-08,25.34000015258789,25.46500015258789,25.260000228881836,25.385000228881836,15.660723686218262,5105800
2004-01-09,25.264999389648438,25.475000381469727,25.174999237060547,25.2450008392334,15.574348449707031,7539200
2004-01-12,25.290000915527344,25.31999969482422,25.049999237060547,25.18000030517578,15.53425407409668,6511200
2004-01-13,25.375,25.450000762939453,25.135000228881836,25.290000915527344,15.6021146774292,6906200
2004-01-14,25.424999237060547,25.459999084472656,25.040000915527344,25.209999084472656,15.552756309509277,7140200
2004-01-15,25.260000228881836,25.565000534057617,25.200000762939453,25.524999618530273,15.74708366394043,7675800
2004-01-16,25.725000381469727,25.75,25.510000228881836,25.614999771118164,15.802611351013184,4143600
2004-01-20,25.75,25.860000610351562,25.450000762939453,25.540000915527344,15.75635051727295,6880400
2004-01-21,25.649999618530273,25.7450008392334,25.614999771118164,25.725000381469727,15.870473861694336,5002000
2004-01-22,25.790000915527344,25.790000915527344,25.3799991607666,25.6200008392334,15.879776000976562,4465600
2004-01-23,25.665000915527344,25.799999237060547,25.475000381469727,25.4950008392334,15.802294731140137,3283400
2004-01-26,25.674999237060547,25.75,25.584999084472656,25.69499969482422,15.926258087158203,6931000
2004-01-27,25.725000381469727,25.850000381469727,25.610000610351562,25.6299991607666,15.885968208312988,6221600
2004-01-28,25.524999618530273,25.600000381469727,25.395000457763672,25.424999237060547,15.758902549743652,7475800
2004-01-29,25.524999618530273,26.0,25.5,25.975000381469727,16.099807739257812,6366000
2004-01-30,26.110000610351562,26.125,25.579999923706055,25.635000228881836,15.889071464538574,6084800
2004-02-02,25.639999389648438,25.665000915527344,25.0,25.170000076293945,15.600850105285645,9798000
2004-02-03,25.170000076293945,26.049999237060547,24.940000534057617,25.924999237060547,16.06881332397461,11273400
2004-02-04,26.200000762939453,27.079999923706055,26.049999237060547,26.8799991607666,16.66073989868164,13922000
2004-02-05,27.0,27.354999542236328,26.915000915527344,27.309999465942383,16.92726707458496,8064000
2004-02-06,27.325000762939453,27.510000228881836,27.260000228881836,27.399999618530273,16.983049392700195,9425600
2004-02-09,27.479999542236328,27.5,27.149999618530273,27.459999084472656,17.020235061645508,4588600
2004-02-10,27.53499984741211,27.875,27.5,27.5,17.0450382232666,6653200
2004-02-11,27.625,27.639999389648438,27.424999237060547,27.53499984741211,17.066726684570312,6322000
2004-02-12,27.514999389648438,27.625,27.5,27.530000686645508,17.063627243041992,2683200
2004-02-13,27.530000686645508,27.875,27.5049991607666,27.514999389648438,17.054332733154297,2398600
2004-02-17,27.700000762939453,27.790000915527344,27.625,27.674999237060547,17.153501510620117,3745600
2004-02-18,27.799999237060547,27.799999237060547,27.670000076293945,27.75,17.19997787475586,2639400
2004-02-19,27.825000762939453,28.450000762939453,27.80500030517578,28.25,17.50990104675293,6181000
2004-02-20,28.325000762939453,28.520000457763672,27.954999923706055,28.024999618530273,17.37043571472168,4899400
2004-02-23,28.030000686645508,28.084999084472656,27.864999771118164,28.0049991607666,17.358043670654297,4706600
2004-02-24,27.93000030517578,27.975000381469727,27.549999237060547,27.610000610351562,17.113210678100586,5123400
2004-02-25,27.725000381469727,27.924999237060547,27.5,27.5,17.0450382232666,3259800
2004-02-26,27.489999771118164,27.790000915527344,27.475000381469727,27.735000610351562,17.190690994262695,2906400
2004-02-27,27.774999618530273,27.8799991607666,27.579999923706055,27.725000381469727,17.184490203857422,4417600
2004-03-01,27.825000762939453,28.174999237060547,27.774999618530273,28.1200008392334,17.429311752319336,3323800
2004-03-02,28.049999237060547,28.100000381469727,27.889999389648438,28.065000534057617,17.395233154296875,3717800
2004-03-03,27.924999237060547,28.190000534057617,27.90999984741211,28.155000686645508,17.45101547241211,2919800
2004-03-04,28.174999237060547,28.19499969482422,27.979999542236328,28.020000457763672,17.367341995239258,2212200
2004-03-05,27.969999313354492,28.25,27.739999771118164,28.174999237060547,17.463409423828125,2580800
2004-03-08,28.139999389648438,28.389999389648438,28.09000015258789,28.260000228881836,17.516090393066406,2682400
2004-03-09,28.149999618530273,28.31999969482422,28.010000228881836,28.1299991607666,17.435518264770508,3379000
2004-03-10,28.274999618530273,28.625,28.225000381469727,28.274999618530273,17.525392532348633,4976000
2004-03-11,28.049999237060547,28.149999618530273,27.375,27.450000762939453,17.0140438079834,5668200
2004-03-12,27.40999984741211,27.56999969482422,27.329999923706055,27.459999084472656,17.020235061645508,4309200
2004-03-15,27.475000381469727,27.475000381469727,27.184999465942383,27.239999771118164,16.883874893188477,3167400
2004-03-16,27.274999618530273,27.5049991607666,27.219999313354492,27.329999923706055,16.939661026000977,4216200
2004-03-17,27.375,27.59000015258789,27.309999465942383,27.5,17.0450382232666,3826800
2004-03-18,27.5,27.729999542236328,27.354999542236328,27.5,17.0450382232666,3092400
2004-03-19,27.5,27.549999237060547,27.350000381469727,27.375,16.96755599975586,4241600
2004-03-22,27.375,27.395000457763672,26.75,26.825000762939453,16.62666130065918,3835600
2004-03-23,26.774999618530273,26.809999465942383,26.450000762939453,26.4950008392334,16.422115325927734,6473000
2004-03-24,26.424999237060547,26.6299991607666,26.325000762939453,26.399999618530273,16.363231658935547,4447800
2004-03-25,26.75,27.524999618530273,26.68000030517578,27.454999923706055,17.017141342163086,7263600
2004-03-26,27.514999389648438,27.549999237060547,27.350000381469727,27.360000610351562,16.9582576751709,2393000
2004-03-29,27.274999618530273,27.690000534057617,27.174999237060547,27.674999237060547,17.153501510620117,2897000
2004-03-30,27.649999618530273,28.075000762939453,27.635000228881836,28.024999618530273,17.37043571472168,3965800
2004-03-31,27.924999237060547,27.924999237060547,27.424999237060547,27.549999237060547,17.07602310180664,4988400
2004-04-01,27.575000762939453,27.575000762939453,27.399999618530273,27.459999084472656,17.020235061645508,3314800
2004-04-02,27.489999771118164,27.93000030517578,27.489999771118164,27.809999465942383,17.2371826171875,2865000
2004-04-05,27.75,27.75,27.295000076293945,27.420000076293945,16.995445251464844,2934600
2004-04-06,27.225000381469727,27.540000915527344,27.184999465942383,27.489999771118164,17.03883171081543,3967800
2004-04-07,27.325000762939453,27.43000030517578,27.065000534057617,27.18000030517578,16.846683502197266,3254400
2004-04-08,27.274999618530273,27.475000381469727,27.040000915527344,27.135000228881836,16.81879234313965,3129600
2004-04-12,27.149999618530273,27.174999237060547,26.93000030517578,26.989999771118164,16.728918075561523,2711800
2004-04-13,27.0,27.135000228881836,26.635000228881836,26.780000686645508,16.598756790161133,4553000
2004-04-14,26.75,27.485000610351562,26.704999923706055,27.424999237060547,16.998544692993164,6340600
2004-04-15,27.524999618530273,27.829999923706055,27.450000762939453,27.75,17.19997787475586,3773600
2004-04-16,27.899999618530273,27.975000381469727,27.770000457763672,27.875,17.277469635009766,2744000
2004-04-19,28.0,28.174999237060547,27.895000457763672,28.155000686645508,17.45101547241211,4562400
2004-04-20,28.225000381469727,28.4950008392334,28.174999237060547,28.30500030517578,17.543996810913086,4839200
2004-04-21,28.5,28.735000610351562,27.9950008392334,28.125,17.432418823242188,6866200
2004-04-22,28.049999237060547,28.274999618530273,27.764999389648438,28.209999084472656,17.56002426147461,4438400
2004-04-23,28.110000610351562,28.399999618530273,27.9950008392334,28.31999969482422,17.628501892089844,2949400
2004-04-26,28.44499969482422,28.625,28.264999389648438,28.530000686645508,17.75922393798828,6618600
2004-04-27,28.5,28.565000534057617,28.450000762939453,28.510000228881836,17.74676513671875,3562400
2004-04-28,28.434999465942383,28.434999465942383,28.125,28.200000762939453,17.55380630493164,3497800
2004-04-29,28.270000457763672,29.075000762939453,28.204999923706055,28.924999237060547,18.00510597229004,4937800
2004-04-30,29.075000762939453,29.239999771118164,28.885000228881836,28.940000534057617,18.01443862915039,5161200
2004-05-03,28.94499969482422,29.485000610351562,28.895000457763672,29.459999084472656,18.33811378479004,4152800
2004-05-04,29.334999084472656,29.5,29.114999771118164,29.364999771118164,18.27898406982422,5725000
2004-05-05,29.280000686645508,29.3799991607666,29.079999923706055,29.290000915527344,18.232303619384766,3476400
2004-05-06,29.149999618530273,29.334999084472656,28.889999389648438,29.2450008392334,18.20429229736328,3515800
2004-05-07,29.170000076293945,29.299999237060547,28.69499969482422,28.815000534057617,17.93662452697754,3215800
2004-05-10,28.725000381469727,28.940000534057617,28.434999465942383,28.5049991607666,17.743650436401367,3541600
2004-05-11,28.655000686645508,28.655000686645508,28.174999237060547,28.53499984741211,17.7623291015625,3396200
2004-05-12,28.434999465942383,28.549999237060547,28.170000076293945,28.454999923706055,17.712533950805664,2880200
2004-05-13,28.46500015258789,28.579999923706055,27.94499969482422,27.9950008392334,17.426193237304688,4065400
2004-05-14,27.975000381469727,28.174999237060547,27.575000762939453,27.875,17.351497650146484,4935200
2004-05-17,27.75,28.399999618530273,27.739999771118164,28.084999084472656,17.48221778869629,3169800
2004-05-18,28.174999237060547,28.325000762939453,27.9950008392334,28.075000762939453,17.475984573364258,2152000
2004-05-19,28.125,28.270000457763672,27.954999923706055,27.954999923706055,17.401296615600586,2600400
2004-05-20,27.875,28.100000381469727,27.7549991607666,27.985000610351562,17.419973373413086,2502800
2004-05-21,28.25,28.780000686645508,28.100000381469727,28.614999771118164,17.812131881713867,4303400
2004-05-24,28.739999771118164,28.885000228881836,28.3799991607666,28.399999618530273,17.67830467224121,2852000
2004-05-25,28.40999984741211,28.649999618530273,28.184999465942383,28.579999923706055,17.790346145629883,3398400
2004-05-26,28.579999923706055,29.0,28.405000686645508,28.94499969482422,18.01755142211914,2963800
2004-05-27,28.94499969482422,29.260000228881836,28.7549991607666,28.760000228881836,17.902387619018555,3792400
2004-05-28,28.790000915527344,28.790000915527344,28.5049991607666,28.600000381469727,17.802791595458984,2672000
2004-06-01,28.639999389648438,28.815000534057617,28.440000534057617,28.770000457763672,17.908611297607422,2636600
2004-06-02,28.895000457763672,28.985000610351562,28.545000076293945,28.709999084472656,17.87126350402832,2201800
2004-06-03,28.559999465942383,28.69499969482422,28.5,28.524999618530273,17.7561092376709,2620400
2004-06-04,28.655000686645508,28.709999084472656,28.280000686645508,28.459999084472656,17.715641021728516,3161600
2004-06-07,28.46500015258789,28.799999237060547,28.46500015258789,28.799999237060547,17.92728614807129,2148800
2004-06-08,28.625,28.924999237060547,28.530000686645508,28.885000228881836,17.980199813842773,2609600
2004-06-09,28.889999389648438,29.1200008392334,28.875,29.05500030517578,18.086023330688477,2888800
2004-06-10,28.954999923706055,29.1200008392334,28.920000076293945,29.075000762939453,18.09846305847168,2030400
2004-06-14,28.899999618530273,29.059999465942383,28.885000228881836,29.049999237060547,18.082904815673828,2415200
2004-06-15,29.084999084472656,29.190000534057617,28.9950008392334,29.094999313354492,18.11092185974121,2253000
2004-06-16,29.125,29.25,29.09000015258789,29.235000610351562,18.198060989379883,2244200
2004-06-17,29.170000076293945,29.450000762939453,29.1299991607666,29.174999237060547,18.160707473754883,2794200
2004-06-18,29.18000030517578,29.360000610351562,29.075000762939453,29.190000534057617,18.17005729675293,1694600
2004-06-21,29.100000381469727,29.25,29.075000762939453,29.139999389648438,18.138931274414062,1791800
2004-06-22,29.100000381469727,29.520000457763672,29.024999618530273,29.34000015258789,18.263425827026367,2690000
2004-06-23,29.225000381469727,29.364999771118164,29.135000228881836,29.209999084472656,18.18250274658203,3117200
2004-06-24,29.075000762939453,29.139999389648438,28.959999084472656,29.079999923706055,18.10158348083496,2130600
2004-06-25,29.040000915527344,29.084999084472656,28.674999237060547,28.674999237060547,17.84947395324707,3207000
2004-06-28,28.850000381469727,28.969999313354492,28.799999237060547,28.8799991607666,17.977083206176758,2393200
2004-06-29,28.885000228881836,29.399999618530273,28.850000381469727,29.299999237060547,18.238523483276367,3271800
2004-06-30,29.225000381469727,29.325000762939453,29.049999237060547,29.225000381469727,18.19183921813965,2907000
2004-07-01,29.299999237060547,29.485000610351562,29.299999237060547,29.364999771118164,18.27898406982422,3957200
2004-07-02,29.299999237060547,29.375,29.075000762939453,29.190000534057617,18.17005729675293,1370800
2004-07-06,29.084999084472656,29.200000762939453,28.924999237060547,29.145000457763672,18.142047882080078,2727600
2004-07-07,29.125,29.34000015258789,29.040000915527344,29.049999237060547,18.082904815673828,2747000
2004-07-08,29.0,29.225000381469727,28.9950008392334,29.030000686645508,18.070453643798828,2289600
2004-07-09,29.014999389648438,29.110000610351562,28.81999969482422,28.8799991607666,17.977083206176758,1890000
2004-07-12,28.825000762939453,28.924999237060547,28.655000686645508,28.829999923706055,17.94596290588379,1467400
2004-07-13,28.6299991607666,28.81999969482422,28.6299991607666,28.739999771118164,17.889942169189453,1856600
2004-07-14,28.649999618530273,28.7549991607666,28.344999313354492,28.44499969482422,17.706308364868164,2596000
2004-07-15,28.44499969482422,28.485000610351562,28.260000228881836,28.450000762939453,17.709428787231445,2512200
2004-07-16,28.450000762939453,28.450000762939453,27.950000762939453,28.15999984741211,17.528900146484375,3262800
2004-07-19,28.209999084472656,28.309999465942383,28.0049991607666,28.065000534057617,17.46976661682129,1835200
2004-07-20,28.014999389648438,28.309999465942383,27.94499969482422,28.309999465942383,17.62227439880371,4349200
2004-07-21,27.649999618530273,27.959999084472656,27.125,27.5,17.118074417114258,12577600
2004-07-22,27.200000762939453,27.204999923706055,26.799999237060547,26.924999237060547,16.833600997924805,5885200
2004-07-23,26.825000762939453,26.94499969482422,26.149999618530273,26.31999969482422,16.455352783203125,5978600
2004-07-26,26.385000228881836,26.520000457763672,26.104999542236328,26.350000381469727,16.474109649658203,6497400
2004-07-27,26.44499969482422,26.639999389648438,26.21500015258789,26.530000686645508,16.58664321899414,3479400
2004-07-28,26.420000076293945,26.799999237060547,26.2450008392334,26.725000381469727,16.70855712890625,4924000
2004-07-29,26.799999237060547,26.809999465942383,26.5049991607666,26.645000457763672,16.658544540405273,3037000
2004-07-30,26.510000228881836,26.614999771118164,26.260000228881836,26.600000381469727,16.630414962768555,3335400
2004-08-02,26.604999542236328,26.780000686645508,26.579999923706055,26.670000076293945,16.674171447753906,2739600
2004-08-03,26.594999313354492,26.729999542236328,26.454999923706055,26.485000610351562,16.558509826660156,2124200
2004-08-04,26.485000610351562,26.5,26.264999389648438,26.40999984741211,16.51162338256836,3450600
2004-08-05,26.434999465942383,26.434999465942383,26.049999237060547,26.125,16.33344078063965,2023600
2004-08-06,26.049999237060547,26.190000534057617,25.75,25.875,16.177135467529297,2591600
2004-08-09,25.850000381469727,25.96500015258789,25.594999313354492,25.774999618530273,16.11461639404297,2684800
2004-08-10,25.875,26.125,25.78499984741211,26.114999771118164,16.327184677124023,2637600
2004-08-11,26.114999771118164,26.219999313354492,25.674999237060547,26.104999542236328,16.320934295654297,5618200
2004-08-12,26.020000457763672,26.170000076293945,25.915000915527344,25.989999771118164,16.249040603637695,2427200
2004-08-13,26.049999237060547,26.094999313354492,25.75,25.864999771118164,16.17088508605957,2301400
2004-08-16,25.93000030517578,26.239999771118164,25.795000076293945,25.975000381469727,16.239662170410156,2628800
2004-08-17,26.075000762939453,26.125,25.75,25.809999465942383,16.136505126953125,2912600
2004-08-18,25.815000534057617,26.06999969482422,25.774999618530273,26.065000534057617,16.29592514038086,2940400
2004-08-19,25.975000381469727,25.9950008392334,25.704999923706055,25.940000534057617,16.2177791595459,2802200
2004-08-20,25.96500015258789,26.3799991607666,25.895000457763672,26.329999923706055,16.461606979370117,2292400
2004-08-23,26.454999923706055,26.774999618530273,26.325000762939453,26.670000076293945,16.674171447753906,4202000
2004-08-24,26.774999618530273,26.825000762939453,26.579999923706055,26.68000030517578,16.68043327331543,1645400
2004-08-25,26.649999618530273,26.954999923706055,26.559999465942383,26.924999237060547,16.833600997924805,2170800
2004-08-26,26.809999465942383,27.014999389648438,26.80500030517578,26.975000381469727,16.86486053466797,2040200
2004-08-27,26.934999465942383,27.024999618530273,26.864999771118164,26.975000381469727,16.86486053466797,1384600
2004-08-30,26.889999389648438,27.024999618530273,26.854999542236328,26.860000610351562,16.79296875,1414600
2004-08-31,26.829999923706055,27.049999237060547,26.760000228881836,27.0,16.880495071411133,2786800
2004-09-01,26.954999923706055,27.274999618530273,26.885000228881836,27.19499969482422,17.002403259277344,1967200
2004-09-02,27.25,27.530000686645508,27.139999389648438,27.454999923706055,17.164958953857422,2601400
2004-09-03,27.440000534057617,27.625,27.389999389648438,27.424999237060547,17.146198272705078,1896400
2004-09-07,27.5,27.56999969482422,27.399999618530273,27.5,17.193096160888672,1782200
2004-09-08,27.5,27.5,27.21500015258789,27.25,17.03679084777832,2964600
2004-09-09,27.325000762939453,27.329999923706055,27.06999969482422,27.110000610351562,16.94926643371582,1765800
2004-09-10,27.049999237060547,27.235000610351562,26.979999542236328,27.200000762939453,17.005531311035156,1555400
2004-09-13,27.149999618530273,27.53499984741211,27.075000762939453,27.235000610351562,17.027421951293945,3857200
2004-09-14,27.25,27.315000534057617,26.950000762939453,27.174999237060547,16.989906311035156,2898000
2004-09-15,27.174999237060547,27.25,27.010000228881836,27.184999465942383,16.99616241455078,2410200
2004-09-16,27.170000076293945,27.274999618530273,27.040000915527344,27.149999618530273,16.97427749633789,1571200
2004-09-17,27.274999618530273,27.364999771118164,27.139999389648438,27.165000915527344,16.9836483001709,4441400
2004-09-20,24.760000228881836,24.760000228881836,24.045000076293945,24.114999771118164,15.076787948608398,31664800
2004-09-21,24.149999618530273,24.149999618530273,22.8799991607666,23.03499984741211,14.401562690734863,38854400
2004-09-22,22.975000381469727,23.075000762939453,22.899999618530273,22.924999237060547,14.33278751373291,19724600
2004-09-23,22.975000381469727,23.174999237060547,22.850000381469727,22.899999618530273,14.317160606384277,14731600
2004-09-24,22.915000915527344,22.959999084472656,22.524999618530273,22.575000762939453,14.113967895507812,14173200
2004-09-27,22.700000762939453,22.774999618530273,22.575000762939453,22.614999771118164,14.138980865478516,9241400
2004-09-28,22.649999618530273,22.825000762939453,22.600000381469727,22.674999237060547,14.176486015319824,12249600
2004-09-29,22.690000534057617,22.854999542236328,22.639999389648438,22.75,14.223381996154785,8136600
2004-09-30,22.75,22.760000228881836,22.510000228881836,22.59000015258789,14.123345375061035,8082200
2004-10-01,22.600000381469727,22.875,22.549999237060547,22.559999465942383,14.104588508605957,10333200
2004-10-04,22.450000762939453,22.655000686645508,22.235000610351562,22.450000762939453,14.035816192626953,14763400
2004-10-05,22.350000381469727,22.385000228881836,22.174999237060547,22.25,13.91077995300293,11672400
2004-10-06,22.299999237060547,22.424999237060547,22.200000762939453,22.274999618530273,13.926409721374512,7895200
2004-10-07,22.309999465942383,22.5049991607666,22.19499969482422,22.204999923706055,13.882644653320312,5864400
2004-10-08,22.239999771118164,22.405000686645508,22.0,22.075000762939453,13.801368713378906,9990200
2004-10-11,22.059999465942383,22.145000457763672,21.854999542236328,21.9950008392334,13.751348495483398,4764600
2004-10-12,21.924999237060547,21.959999084472656,21.645000457763672,21.674999237060547,13.551284790039062,9495400
2004-10-13,21.84000015258789,21.844999313354492,21.559999465942383,21.725000381469727,13.582545280456543,9564600
2004-10-14,21.850000381469727,21.850000381469727,21.610000610351562,21.725000381469727,13.582545280456543,6559600
2004-10-15,22.125,22.184999465942383,21.905000686645508,21.96500015258789,13.732589721679688,7753400
2004-10-18,21.854999542236328,22.049999237060547,21.854999542236328,21.959999084472656,13.729467391967773,4985000
2004-10-19,21.959999084472656,21.96500015258789,21.44499969482422,21.530000686645508,13.460630416870117,10983800
2004-10-20,22.0,22.71500015258789,21.975000381469727,22.674999237060547,14.176486015319824,18407200
2004-10-21,23.09000015258789,23.09000015258789,22.799999237060547,22.924999237060547,14.409041404724121,13276600
2004-10-22,22.924999237060547,22.975000381469727,22.834999084472656,22.850000381469727,14.361903190612793,5275800
2004-10-25,22.9950008392334,22.9950008392334,22.334999084472656,22.475000381469727,14.126206398010254,6860600
2004-10-26,22.5,22.69499969482422,22.375,22.690000534057617,14.261344909667969,4989600
2004-10-27,22.690000534057617,22.7549991607666,22.399999618530273,22.709999084472656,14.273903846740723,5769200
2004-10-28,22.834999084472656,22.885000228881836,22.46500015258789,22.475000381469727,14.126206398010254,7929600
2004-10-29,22.43000030517578,22.579999923706055,22.219999313354492,22.309999465942383,14.022493362426758,8150200
2004-11-01,22.309999465942383,22.4950008392334,22.270000457763672,22.350000381469727,14.047639846801758,6800200
2004-11-02,22.475000381469727,22.75,22.18000030517578,22.510000228881836,14.148205757141113,6815800
2004-11-03,22.774999618530273,22.80500030517578,22.559999465942383,22.739999771118164,14.292770385742188,4795600
2004-11-04,22.825000762939453,23.295000076293945,22.75,23.260000228881836,14.619608879089355,7096800
2004-11-05,23.350000381469727,23.55500030517578,23.299999237060547,23.454999923706055,14.742165565490723,4823600
2004-11-08,23.424999237060547,23.479999542236328,23.165000915527344,23.190000534057617,14.575603485107422,4496400
2004-11-09,23.364999771118164,23.489999771118164,23.239999771118164,23.334999084472656,14.666744232177734,4527600
2004-11-10,23.399999618530273,23.434999465942383,23.174999237060547,23.225000381469727,14.597604751586914,4036400
2004-11-11,23.424999237060547,23.80500030517578,23.375,23.690000534057617,14.889870643615723,5124000
2004-11-12,23.825000762939453,23.825000762939453,23.6299991607666,23.809999465942383,14.965292930603027,4836200
2004-11-15,23.940000534057617,24.045000076293945,23.795000076293945,23.950000762939453,15.053284645080566,5187200
2004-11-16,23.950000762939453,24.19499969482422,23.850000381469727,24.06999969482422,15.12870979309082,4716800
2004-11-17,24.200000762939453,24.450000762939453,24.15999984741211,24.3700008392334,15.317270278930664,6152600
2004-11-18,23.875,23.899999618530273,23.329999923706055,23.459999084472656,14.745306015014648,11301600
2004-11-19,23.450000762939453,23.450000762939453,23.024999618530273,23.110000610351562,14.525317192077637,6442400
2004-11-22,23.149999618530273,23.174999237060547,22.875,23.014999389648438,14.465609550476074,5024200
2004-11-23,23.049999237060547,23.05500030517578,22.875,23.0,14.456184387207031,3429400
2004-11-24,22.950000762939453,23.079999923706055,22.799999237060547,22.895000457763672,14.390189170837402,4517000
2004-11-26,22.950000762939453,23.104999542236328,22.950000762939453,22.950000762939453,14.424757957458496,1334600
2004-11-29,23.0,23.204999923706055,22.950000762939453,23.0,14.456184387207031,3842000
2004-11-30,22.924999237060547,23.03499984741211,22.895000457763672,22.9950008392334,14.453039169311523,3552000
2004-12-01,23.110000610351562,23.399999618530273,23.075000762939453,23.360000610351562,14.682456016540527,4894600
2004-12-02,23.399999618530273,23.7549991607666,23.350000381469727,23.68000030517578,14.88358211517334,5072400
2004-12-03,23.725000381469727,23.725000381469727,23.295000076293945,23.450000762939453,14.739022254943848,6743200
2004-12-06,23.424999237060547,23.450000762939453,23.065000534057617,23.145000457763672,14.547320365905762,4780200
2004-12-07,23.985000610351562,25.219999313354492,23.885000228881836,25.03499984741211,15.735246658325195,28786800
2004-12-08,25.03499984741211,25.18000030517578,24.75,24.774999618530273,15.571820259094238,13170200
2004-12-09,24.774999618530273,25.219999313354492,24.739999771118164,25.125,15.791805267333984,7195200
2004-12-10,25.024999618530273,25.360000610351562,24.899999618530273,25.229999542236328,15.857804298400879,4800600
2004-12-13,25.049999237060547,25.065000534057617,24.69499969482422,25.010000228881836,15.719532012939453,7061200
2004-12-14,24.975000381469727,25.274999618530273,24.959999084472656,25.239999771118164,15.864089012145996,3742600
2004-12-15,25.149999618530273,25.170000076293945,24.829999923706055,25.110000610351562,15.782382011413574,4372400
2004-12-16,24.924999237060547,25.030000686645508,24.625,24.950000762939453,15.681814193725586,5996800
2004-12-17,24.75,25.049999237060547,24.69499969482422,24.959999084472656,15.688106536865234,6134000
2004-12-20,24.959999084472656,25.309999465942383,24.920000076293945,25.155000686645508,15.810667991638184,5314400
2004-12-21,25.100000381469727,25.299999237060547,25.024999618530273,25.225000381469727,15.854666709899902,4299600
2004-12-22,25.149999618530273,25.315000534057617,25.125,25.25,15.870379447937012,4247600
2004-12-23,25.25,25.514999389648438,25.25,25.364999771118164,15.942652702331543,2978400
2004-12-27,25.385000228881836,25.46500015258789,25.139999389648438,25.139999389648438,15.801226615905762,2601000
2004-12-28,25.174999237060547,25.30500030517578,25.110000610351562,25.165000915527344,15.816953659057617,2657800
2004-12-29,25.209999084472656,25.225000381469727,25.0049991607666,25.15999984741211,15.813806533813477,3203000
2004-12-30,25.25,25.739999771118164,25.25,25.6299991607666,16.109214782714844,4265600
2004-12-31,25.649999618530273,25.670000076293945,25.40999984741211,25.579999923706055,16.07778549194336,2463600
2005-01-03,25.454999923706055,25.575000762939453,24.985000610351562,25.010000228881836,15.719532012939453,5383200
2005-01-04,25.059999465942383,25.239999771118164,24.834999084472656,24.834999084472656,15.60953140258789,3895800
2005-01-05,24.524999618530273,24.739999771118164,24.2450008392334,24.274999618530273,15.25755786895752,8916000
2005-01-06,24.75,25.2549991607666,24.625,24.864999771118164,15.628389358520508,5987200
2005-01-07,24.864999771118164,25.174999237060547,24.674999237060547,25.040000915527344,15.738382339477539,3691600
2005-01-10,25.040000915527344,25.420000076293945,25.024999618530273,25.270000457763672,15.88294506072998,4684000
2005-01-11,25.18000030517578,25.315000534057617,25.0,25.225000381469727,15.854666709899902,4142200
2005-01-12,25.05500030517578,25.149999618530273,24.94499969482422,25.104999542236328,15.7792387008667,4678400
2005-01-13,25.25,25.434999465942383,24.854999542236328,24.950000762939453,15.681814193725586,4201400
2005-01-14,24.950000762939453,25.049999237060547,24.760000228881836,25.040000915527344,15.738382339477539,3377800
2005-01-18,24.875,25.149999618530273,24.764999389648438,25.06999969482422,15.75723934173584,3426000
2005-01-19,25.06999969482422,25.239999771118164,24.950000762939453,25.03499984741211,15.735246658325195,2423600
2005-01-20,25.059999465942383,25.229999542236328,24.940000534057617,25.059999465942383,15.750956535339355,3227800
2005-01-21,25.059999465942383,25.135000228881836,24.719999313354492,24.899999618530273,15.650386810302734,3754400
2005-01-24,24.899999618530273,24.950000762939453,24.559999465942383,24.6299991607666,15.555654525756836,3898600
2005-01-25,24.7549991607666,25.020000457763672,24.610000610351562,24.899999618530273,15.726181030273438,5636000
2005-01-26,25.0,25.19499969482422,24.924999237060547,24.940000534057617,15.751450538635254,4044200
2005-01-27,25.975000381469727,26.459999084472656,25.485000610351562,26.344999313354492,16.63880729675293,14601800
2005-01-28,26.155000686645508,26.290000915527344,25.18000030517578,25.829999923706055,16.313539505004883,14362000
2005-01-31,26.0,26.274999618530273,25.8799991607666,26.270000457763672,16.591434478759766,7571800
2005-02-01,26.270000457763672,26.625,26.100000381469727,26.604999542236328,16.80301284790039,5782000
2005-02-02,26.625,27.19499969482422,26.625,27.145000457763672,17.144058227539062,7078800
2005-02-03,27.25,27.71500015258789,27.155000686645508,27.389999389648438,17.298795700073242,11066600
2005-02-04,27.174999237060547,27.469999313354492,27.1200008392334,27.415000915527344,17.314586639404297,7439000
2005-02-07,27.415000915527344,27.684999465942383,27.229999542236328,27.600000381469727,17.431427001953125,6113400
2005-02-08,27.59000015258789,27.649999618530273,27.334999084472656,27.450000762939453,17.336687088012695,5810800
2005-02-09,27.454999923706055,27.5,27.219999313354492,27.2549991607666,17.213539123535156,3523600
2005-02-10,27.260000228881836,27.290000915527344,26.854999542236328,27.0,17.052494049072266,5097800
2005-02-11,27.049999237060547,27.405000686645508,27.049999237060547,27.325000762939453,17.257741928100586,4423800
2005-02-14,27.329999923706055,27.395000457763672,27.165000915527344,27.2450008392334,17.207216262817383,2855800
2005-02-15,27.25,27.25,26.815000534057617,26.959999084472656,17.027225494384766,6124400
2005-02-16,26.959999084472656,27.065000534057617,26.790000915527344,26.989999771118164,17.04616928100586,4582200
2005-02-17,27.0,27.1200008392334,26.795000076293945,26.959999084472656,17.027225494384766,4638000
2005-02-18,27.024999618530273,27.045000076293945,26.600000381469727,26.600000381469727,16.799850463867188,3953600
2005-02-22,26.600000381469727,26.639999389648438,26.200000762939453,26.200000762939453,16.547229766845703,3937000
2005-02-23,26.25,26.3799991607666,26.145000457763672,26.299999237060547,16.61037826538086,3773600
2005-02-24,26.25,26.434999465942383,26.040000915527344,26.420000076293945,16.686172485351562,3542200
2005-02-25,26.25,26.454999923706055,26.170000076293945,26.299999237060547,16.61037826538086,3566200
2005-02-28,26.209999084472656,26.489999771118164,26.100000381469727,26.459999084472656,16.711429595947266,4051600
2005-03-01,26.459999084472656,26.780000686645508,26.389999389648438,26.434999465942383,16.695648193359375,4736800
2005-03-02,26.434999465942383,26.649999618530273,26.1200008392334,26.354999542236328,16.64512062072754,4765000
2005-03-03,26.450000762939453,26.56999969482422,26.155000686645508,26.34000015258789,16.63564682006836,2756000
2005-03-04,26.3799991607666,26.479999542236328,26.184999465942383,26.420000076293945,16.686172485351562,3368000
2005-03-07,26.4950008392334,26.575000762939453,26.385000228881836,26.46500015258789,16.714590072631836,2718400
2005-03-08,26.440000534057617,26.5,26.325000762939453,26.40999984741211,16.679855346679688,2662800
2005-03-09,26.280000686645508,26.364999771118164,25.850000381469727,25.8799991607666,16.345121383666992,3889600
2005-03-10,25.84000015258789,26.454999923706055,25.829999923706055,26.350000381469727,16.641956329345703,3909600
2005-03-11,26.274999618530273,26.625,26.125,26.170000076293945,16.528276443481445,3240400
2005-03-14,26.170000076293945,26.290000915527344,26.05500030517578,26.290000915527344,16.604066848754883,2828200
2005-03-15,26.415000915527344,26.56999969482422,26.274999618530273,26.299999237060547,16.61037826538086,3012000
2005-03-16,26.30500030517578,26.34000015258789,26.0,26.104999542236328,16.487220764160156,2418200
2005-03-17,26.149999618530273,26.155000686645508,25.81999969482422,25.979999542236328,16.408275604248047,2429600
2005-03-18,25.895000457763672,26.1299991607666,25.709999084472656,26.06999969482422,16.465118408203125,4777000
2005-03-21,26.06999969482422,26.100000381469727,25.739999771118164,25.829999923706055,16.313539505004883,2926400
2005-03-22,25.71500015258789,25.829999923706055,25.274999618530273,25.295000076293945,15.975648880004883,4660200
2005-03-23,25.299999237060547,26.204999923706055,25.299999237060547,26.065000534057617,16.461959838867188,5533600
2005-03-24,26.0,26.104999542236328,25.864999771118164,25.885000228881836,16.348276138305664,2897000
2005-03-28,25.885000228881836,26.014999389648438,25.78499984741211,25.809999465942383,16.3009033203125,2215400
2005-03-29,25.75,25.989999771118164,25.65999984741211,25.71500015258789,16.240903854370117,3059400
2005-03-30,25.674999237060547,26.229999542236328,25.670000076293945,26.139999389648438,16.50933074951172,3002400
2005-03-31,26.225000381469727,26.25,26.010000228881836,26.084999084472656,16.47459602355957,2223600
2005-04-01,26.149999618530273,26.235000610351562,25.625,25.760000228881836,16.269329071044922,3690800
2005-04-04,25.774999618530273,25.924999237060547,25.649999618530273,25.889999389648438,16.351442337036133,2768800
2005-04-05,26.010000228881836,26.2450008392334,26.010000228881836,26.135000228881836,16.506174087524414,2807000
2005-04-06,26.2450008392334,26.434999465942383,26.1299991607666,26.40999984741211,16.679855346679688,2531000
2005-04-07,26.454999923706055,26.770000457763672,26.315000534057617,26.770000457763672,16.9072208404541,3203400
2005-04-08,26.770000457763672,26.924999237060547,26.584999084472656,26.770000457763672,16.9072208404541,2967200
2005-04-11,26.854999542236328,27.03499984741211,26.719999313354492,26.854999542236328,16.960899353027344,2711800
2005-04-12,26.8700008392334,27.06999969482422,26.520000457763672,26.975000381469727,17.03669548034668,3655400
2005-04-13,27.03499984741211,27.174999237060547,26.764999389648438,26.96500015258789,17.030376434326172,3672800
2005-04-14,26.96500015258789,27.040000915527344,26.6299991607666,26.649999618530273,16.831432342529297,4442000
2005-04-15,26.655000686645508,27.040000915527344,26.389999389648438,26.40999984741211,16.679855346679688,5432400
2005-04-18,26.360000610351562,26.450000762939453,26.0,26.18000030517578,16.534595489501953,3755600
2005-04-19,26.165000915527344,26.235000610351562,25.940000534057617,26.059999465942383,16.45880126953125,3824200
2005-04-20,25.985000610351562,25.989999771118164,25.5,25.545000076293945,16.133541107177734,4875800
2005-04-21,25.799999237060547,26.125,25.71500015258789,26.0,16.420907974243164,3920600
2005-04-22,25.809999465942383,25.815000534057617,25.420000076293945,25.690000534057617,16.316112518310547,3136200
2005-04-25,25.735000610351562,25.915000915527344,25.510000228881836,25.825000762939453,16.4018497467041,3125000
2005-04-26,25.850000381469727,25.8700008392334,25.350000381469727,25.350000381469727,16.10017204284668,4756400
2005-04-27,25.325000762939453,25.440000534057617,24.25,25.364999771118164,16.109704971313477,7670000
2005-04-28,25.315000534057617,25.540000915527344,25.165000915527344,25.209999084472656,16.011255264282227,4446000
2005-04-29,25.28499984741211,25.354999542236328,24.764999389648438,24.895000457763672,15.81119441986084,5624800
2005-05-02,24.96500015258789,25.059999465942383,24.875,25.05500030517578,15.91281795501709,5363800
2005-05-03,25.010000228881836,25.045000076293945,24.80500030517578,24.924999237060547,15.830255508422852,4871200
2005-05-04,24.9950008392334,25.049999237060547,24.829999923706055,25.020000457763672,15.890585899353027,4175000
2005-05-05,25.03499984741211,25.03499984741211,24.670000076293945,24.790000915527344,15.744511604309082,4954800
2005-05-06,24.885000228881836,24.895000457763672,24.46500015258789,24.584999084472656,15.614314079284668,4227800
2005-05-09,24.625,24.639999389648438,24.459999084472656,24.4950008392334,15.557161331176758,5998200
2005-05-10,24.4950008392334,24.524999618530273,24.149999618530273,24.299999237060547,15.433300971984863,4373400
2005-05-11,24.360000610351562,24.65999984741211,24.299999237060547,24.645000457763672,15.652420043945312,4499800
2005-05-12,24.645000457763672,24.799999237060547,24.55500030517578,24.625,15.639716148376465,4034800
2005-05-13,24.674999237060547,24.674999237060547,24.125,24.299999237060547,15.433300971984863,4894600
2005-05-16,24.375,24.635000228881836,24.350000381469727,24.59000015258789,15.617485046386719,4026200
2005-05-17,24.46500015258789,24.795000076293945,24.46500015258789,24.795000076293945,15.74768352508545,5239600
2005-05-18,24.829999923706055,25.299999237060547,24.815000534057617,25.200000762939453,16.004905700683594,5376000
2005-05-19,25.19499969482422,25.375,25.19499969482422,25.344999313354492,16.097003936767578,2693800
2005-05-20,25.489999771118164,25.579999923706055,25.290000915527344,25.559999465942383,16.233549118041992,3552600
2005-05-23,25.559999465942383,25.575000762939453,25.280000686645508,25.360000610351562,16.106517791748047,4506400
2005-05-24,25.450000762939453,25.475000381469727,25.200000762939453,25.405000686645508,16.135114669799805,2933200
2005-05-25,25.385000228881836,25.440000534057617,25.1299991607666,25.229999542236328,16.023963928222656,2853200
2005-05-26,25.299999237060547,25.325000762939453,25.125,25.145000457763672,15.969974517822266,2415800
2005-05-27,25.110000610351562,25.235000610351562,25.010000228881836,25.030000686645508,15.896947860717773,2411400
2005-05-31,25.079999923706055,25.1299991607666,24.940000534057617,24.985000610351562,15.868359565734863,2566400
2005-06-01,24.9950008392334,25.350000381469727,24.93000030517578,25.125,15.957267761230469,2949000
2005-06-02,25.0,25.06999969482422,24.760000228881836,24.80500030517578,15.754040718078613,3157600
2005-06-03,24.68000030517578,24.790000915527344,24.5,24.545000076293945,15.588908195495605,3876400
2005-06-06,24.459999084472656,24.530000686645508,24.274999618530273,24.479999542236328,15.547625541687012,3844000
2005-06-07,24.450000762939453,24.940000534057617,24.450000762939453,24.834999084472656,15.773090362548828,4558600
2005-06-08,24.825000762939453,24.9950008392334,24.735000610351562,24.899999618530273,15.814374923706055,3708200
2005-06-09,24.825000762939453,24.940000534057617,24.770000457763672,24.850000381469727,15.782621383666992,4095000
2005-06-10,24.899999618530273,25.075000762939453,24.81999969482422,24.8799991607666,15.80167293548584,3685800
2005-06-13,24.850000381469727,25.059999465942383,24.764999389648438,24.844999313354492,15.779438018798828,2559200
2005-06-14,24.774999618530273,24.899999618530273,24.735000610351562,24.825000762939453,15.766743659973145,2546800
2005-06-15,24.875,24.875,24.579999923706055,24.770000457763672,15.73180866241455,2575800
2005-06-16,24.725000381469727,24.7549991607666,24.440000534057617,24.450000762939453,15.528572082519531,4148800
2005-06-17,24.5,24.729999542236328,24.475000381469727,24.665000915527344,15.665120124816895,5806400
2005-06-20,24.924999237060547,25.44499969482422,24.844999313354492,25.3700008392334,16.112878799438477,6404000
2005-06-21,25.325000762939453,25.43000030517578,25.139999389648438,25.420000076293945,16.144634246826172,3817600
2005-06-22,25.625,25.68000030517578,25.415000915527344,25.600000381469727,16.258949279785156,4416400
2005-06-23,25.700000762939453,25.735000610351562,25.565000534057617,25.674999237060547,16.306589126586914,4745400
2005-06-24,25.700000762939453,25.7450008392334,25.155000686645508,25.299999237060547,16.068418502807617,6054600
2005-06-27,25.344999313354492,25.344999313354492,24.979999542236328,25.075000762939453,15.925518989562988,5025600
2005-06-28,25.15999984741211,25.489999771118164,25.075000762939453,25.315000534057617,16.077951431274414,4817000
2005-06-29,25.28499984741211,25.53499984741211,25.28499984741211,25.434999465942383,16.15416145324707,4197200
2005-06-30,25.450000762939453,25.4950008392334,24.94499969482422,24.954999923706055,15.849300384521484,5119600
2005-07-01,25.06999969482422,25.325000762939453,24.96500015258789,25.024999618530273,15.893760681152344,3393000
2005-07-05,24.950000762939453,25.315000534057617,24.864999771118164,25.184999465942383,15.99537467956543,2903200
2005-07-06,25.125,25.1299991607666,24.75,24.774999618530273,15.734986305236816,4903400
2005-07-07,24.75,25.040000915527344,24.524999618530273,24.9950008392334,15.874706268310547,6156200
2005-07-08,25.059999465942383,25.239999771118164,24.889999389648438,25.229999542236328,16.023963928222656,3800200
2005-07-11,25.299999237060547,25.385000228881836,25.084999084472656,25.209999084472656,16.011255264282227,3156800
2005-07-12,25.149999618530273,25.59000015258789,25.149999618530273,25.415000915527344,16.141464233398438,3069800
2005-07-13,25.46500015258789,25.735000610351562,25.450000762939453,25.594999313354492,16.255775451660156,3607000
2005-07-14,25.594999313354492,25.81999969482422,25.549999237060547,25.6299991607666,16.278005599975586,3109800
2005-07-15,25.59000015258789,25.799999237060547,25.549999237060547,25.774999618530273,16.370094299316406,3507800
2005-07-18,25.774999618530273,25.954999923706055,25.729999542236328,25.739999771118164,16.34787368774414,3592400
2005-07-19,25.850000381469727,25.895000457763672,25.614999771118164,25.71500015258789,16.331989288330078,2545000
2005-07-20,25.674999237060547,25.81999969482422,25.450000762939453,25.71500015258789,16.331989288330078,3046600
2005-07-21,25.709999084472656,25.954999923706055,25.524999618530273,25.924999237060547,16.465364456176758,5047800
2005-07-22,25.809999465942383,26.010000228881836,25.649999618530273,25.989999771118164,16.599491119384766,3528800
2005-07-25,25.9950008392334,25.9950008392334,25.829999923706055,25.93000030517578,16.561166763305664,2773000
2005-07-26,25.889999389648438,26.114999771118164,25.84000015258789,25.875,16.52604103088379,4318200
2005-07-27,26.024999618530273,26.280000686645508,26.0,26.0,16.605873107910156,6243200
2005-07-28,26.125,26.729999542236328,26.079999923706055,26.649999618530273,17.021026611328125,7042200
2005-07-29,26.700000762939453,26.739999771118164,26.450000762939453,26.469999313354492,16.906064987182617,4439000
2005-08-01,26.575000762939453,26.684999465942383,26.350000381469727,26.524999618530273,16.94118881225586,3779800
2005-08-02,26.514999389648438,26.575000762939453,26.28499984741211,26.469999313354492,16.906064987182617,3945800
2005-08-03,26.895000457763672,26.895000457763672,26.424999237060547,26.559999465942383,16.96354103088379,4168800
2005-08-04,26.559999465942383,26.559999465942383,26.125,26.190000534057617,16.72722816467285,3551800
2005-08-05,26.200000762939453,26.375,26.125,26.309999465942383,16.80387306213379,2299600
2005-08-08,26.399999618530273,26.454999923706055,26.204999923706055,26.290000915527344,16.79109764099121,2409600
2005-08-09,26.364999771118164,26.389999389648438,26.239999771118164,26.315000534057617,16.807065963745117,2637400
2005-08-10,26.485000610351562,26.6200008392334,26.184999465942383,26.375,16.845388412475586,3381800
2005-08-11,26.375,26.5,26.270000457763672,26.350000381469727,16.82942008972168,2888800
2005-08-12,26.299999237060547,26.485000610351562,26.155000686645508,26.399999618530273,16.861356735229492,3200200
2005-08-15,26.434999465942383,26.485000610351562,26.299999237060547,26.385000228881836,16.851781845092773,1995400
2005-08-16,26.424999237060547,26.485000610351562,26.145000457763672,26.190000534057617,16.72722816467285,1746600
2005-08-17,26.149999618530273,26.209999084472656,25.924999237060547,25.950000762939453,16.573942184448242,2719400
2005-08-18,25.934999465942383,26.5,25.924999237060547,26.375,16.845388412475586,3597200
2005-08-19,26.350000381469727,26.350000381469727,26.059999465942383,26.059999465942383,16.644201278686523,3379600
2005-08-22,26.075000762939453,26.31999969482422,26.075000762939453,26.204999923706055,16.73680877685547,3521200
2005-08-23,26.225000381469727,26.6200008392334,26.200000762939453,26.5049991607666,16.92841339111328,4036000
2005-08-24,26.479999542236328,26.635000228881836,26.1200008392334,26.325000762939453,16.813459396362305,5822000
2005-08-25,26.295000076293945,26.315000534057617,26.174999237060547,26.235000610351562,16.755970001220703,2413200
2005-08-26,26.21500015258789,26.21500015258789,26.0049991607666,26.084999084472656,16.66016960144043,3266800
2005-08-29,25.975000381469727,26.5,25.975000381469727,26.420000076293945,16.874130249023438,2334200
2005-08-30,26.350000381469727,26.3700008392334,25.989999771118164,26.204999923706055,16.73680877685547,3629600
2005-08-31,26.204999923706055,26.295000076293945,26.0,26.25,16.76555061340332,3578600
2005-09-01,26.274999618530273,26.43000030517578,26.079999923706055,26.31999969482422,16.810260772705078,2779600
2005-09-02,26.350000381469727,26.350000381469727,26.125,26.2450008392334,16.762357711791992,2467600
2005-09-06,26.59000015258789,26.81999969482422,26.5,26.7549991607666,17.088088989257812,4504400
2005-09-07,26.799999237060547,27.149999618530273,26.780000686645508,27.030000686645508,17.263731002807617,5519800
2005-09-08,26.600000381469727,26.885000228881836,26.56999969482422,26.700000762939453,17.052963256835938,4409000
2005-09-09,26.799999237060547,26.850000381469727,26.635000228881836,26.670000076293945,17.033796310424805,2615800
2005-09-12,26.625,26.684999465942383,26.454999923706055,26.549999237060547,16.9571590423584,2329000
2005-09-13,26.375,26.454999923706055,26.200000762939453,26.3799991607666,16.84857749938965,3276400
2005-09-14,26.28499984741211,26.434999465942383,26.15999984741211,26.274999618530273,16.781517028808594,2829400
2005-09-15,26.325000762939453,26.565000534057617,26.19499969482422,26.4950008392334,16.922027587890625,2955800
2005-09-16,26.600000381469727,26.854999542236328,26.375,26.809999465942383,17.123218536376953,4585600
2005-09-19,26.71500015258789,26.774999618530273,26.2549991607666,26.40999984741211,16.867746353149414,2328800
2005-09-20,26.405000686645508,26.524999618530273,26.19499969482422,26.295000076293945,16.79429054260254,3128000
2005-09-21,26.1200008392334,26.145000457763672,25.8700008392334,25.975000381469727,16.58991241455078,4608000
2005-09-22,25.850000381469727,26.05500030517578,25.665000915527344,25.985000610351562,16.596298217773438,4094000
2005-09-23,26.06999969482422,26.174999237060547,25.829999923706055,26.040000915527344,16.631427764892578,2368000
2005-09-26,26.149999618530273,26.219999313354492,25.594999313354492,25.674999237060547,16.398305892944336,3897200
2005-09-27,25.645000457763672,26.065000534057617,25.6299991607666,25.989999771118164,16.599491119384766,3496200
2005-09-28,25.979999542236328,26.295000076293945,25.959999084472656,26.184999465942383,16.724035263061523,3183800
2005-09-29,26.094999313354492,26.405000686645508,25.895000457763672,26.280000686645508,16.78470802307129,3728600
2005-09-30,26.21500015258789,26.405000686645508,25.90999984741211,26.395000457763672,16.858169555664062,3272200
2005-10-03,26.489999771118164,26.56999969482422,26.209999084472656,26.5,16.925214767456055,4713800
2005-10-04,26.375,26.69499969482422,26.100000381469727,26.514999389648438,16.93480682373047,5266600
2005-10-05,26.329999923706055,26.489999771118164,26.204999923706055,26.204999923706055,16.73680877685547,4054000
2005-10-06,26.295000076293945,26.475000381469727,25.924999237060547,26.100000381469727,16.66974639892578,5154400
2005-10-07,26.225000381469727,26.350000381469727,25.989999771118164,26.31999969482422,16.810260772705078,3394600
2005-10-10,26.25,26.395000457763672,26.110000610351562,26.1299991607666,16.68890953063965,2982600
2005-10-11,26.170000076293945,26.395000457763672,26.03499984741211,26.06999969482422,16.65058708190918,3238800
2005-10-12,25.850000381469727,26.059999465942383,25.825000762939453,25.979999542236328,16.593107223510742,4120800
2005-10-13,25.854999542236328,26.06999969482422,25.78499984741211,25.889999389648438,16.53562355041504,2980000
2005-10-14,25.889999389648438,26.40999984741211,25.68000030517578,26.200000762939453,16.733617782592773,3785000
2005-10-17,26.079999923706055,26.225000381469727,25.90999984741211,26.19499969482422,16.730419158935547,4067400
2005-10-18,26.0,26.200000762939453,25.875,26.05500030517578,16.641006469726562,2886200
2005-10-19,25.8799991607666,26.34000015258789,25.850000381469727,26.34000015258789,16.823034286499023,3405600
2005-10-20,26.309999465942383,26.44499969482422,26.0049991607666,26.045000076293945,16.63461685180664,2731600
2005-10-21,26.09000015258789,26.2549991607666,25.815000534057617,26.014999389648438,16.61544418334961,3905600
2005-10-24,25.979999542236328,26.25,25.90999984741211,26.25,16.859521865844727,2416800
2005-10-25,26.239999771118164,26.44499969482422,25.96500015258789,26.200000762939453,16.82740592956543,2675000
2005-10-26,26.049999237060547,26.395000457763672,26.045000076293945,26.075000762939453,16.747121810913086,3386000
2005-10-27,26.049999237060547,26.139999389648438,25.889999389648438,26.040000915527344,16.72464370727539,2631000
2005-10-28,26.139999389648438,26.56999969482422,26.114999771118164,26.56999969482422,17.065052032470703,4725600
2005-10-31,26.600000381469727,26.700000762939453,26.34000015258789,26.479999542236328,17.00724220275879,6649200
2005-11-01,26.625,26.795000076293945,26.05500030517578,26.18000030517578,16.8145694732666,5574200
2005-11-02,26.235000610351562,26.405000686645508,26.014999389648438,26.145000457763672,16.792083740234375,4223200
2005-11-03,26.149999618530273,26.299999237060547,25.875,26.0,16.698955535888672,6350200
2005-11-04,25.850000381469727,26.079999923706055,25.850000381469727,25.924999237060547,16.65079116821289,3724000
2005-11-07,25.975000381469727,26.010000228881836,25.594999313354492,25.985000610351562,16.689321517944336,4898000
2005-11-08,25.829999923706055,26.434999465942383,25.829999923706055,26.329999923706055,16.910905838012695,5274000
2005-11-09,26.40999984741211,26.639999389648438,26.350000381469727,26.579999923706055,17.07147216796875,4498200
2005-11-10,26.485000610351562,26.875,26.469999313354492,26.825000762939453,17.228818893432617,3725400
2005-11-11,26.815000534057617,26.860000610351562,26.655000686645508,26.815000534057617,17.222402572631836,2524800
2005-11-14,26.764999389648438,26.940000534057617,26.520000457763672,26.584999084472656,17.074684143066406,3162400
2005-11-15,26.760000228881836,26.875,26.575000762939453,26.764999389648438,17.19029426574707,2971400
2005-11-16,26.899999618530273,26.899999618530273,26.700000762939453,26.799999237060547,17.2127628326416,2622600
2005-11-17,26.780000686645508,27.149999618530273,26.729999542236328,27.100000381469727,17.40545082092285,3781000
2005-11-18,27.295000076293945,27.295000076293945,26.735000610351562,26.93000030517578,17.296262741088867,5701200
2005-11-21,26.975000381469727,27.315000534057617,26.899999618530273,27.19499969482422,17.46646499633789,3057000
2005-11-22,27.139999389648438,27.200000762939453,26.81999969482422,26.934999465942383,17.299476623535156,3237000
2005-11-23,26.9950008392334,27.049999237060547,26.825000762939453,27.0,17.341228485107422,2126600
2005-11-25,27.09000015258789,27.19499969482422,27.024999618530273,27.024999618530273,17.35727882385254,1077200
2005-11-28,27.059999465942383,27.295000076293945,26.950000762939453,27.155000686645508,17.440767288208008,4280000
2005-11-29,27.149999618530273,27.270000457763672,27.040000915527344,27.145000457763672,17.434350967407227,3429800
2005-11-30,27.225000381469727,27.485000610351562,27.21500015258789,27.260000228881836,17.50820541381836,4390600
2005-12-01,27.350000381469727,27.665000915527344,27.350000381469727,27.594999313354492,17.72336769104004,4745600
2005-12-02,27.450000762939453,27.545000076293945,27.350000381469727,27.479999542236328,17.64950942993164,3287600
2005-12-05,27.485000610351562,27.655000686645508,27.450000762939453,27.625,17.74264144897461,3710600
2005-12-06,27.69499969482422,27.795000076293945,27.600000381469727,27.764999389648438,17.83255958557129,3633800
2005-12-07,27.729999542236328,27.7450008392334,27.315000534057617,27.454999923706055,17.633453369140625,3795000
2005-12-08,27.524999618530273,27.7549991607666,27.399999618530273,27.6299991607666,17.745847702026367,3427600
2005-12-09,27.600000381469727,27.700000762939453,27.424999237060547,27.520000457763672,17.67520523071289,2100600
2005-12-12,27.479999542236328,27.4950008392334,27.25,27.434999465942383,17.6205997467041,3476400
2005-12-13,27.375,27.825000762939453,27.364999771118164,27.825000762939453,17.871095657348633,3796200
2005-12-14,28.0,28.30500030517578,27.899999618530273,28.125,18.063783645629883,4190600
2005-12-15,28.100000381469727,28.225000381469727,27.75,28.19499969482422,18.10873031616211,3204200
2005-12-16,28.270000457763672,28.575000762939453,27.934999465942383,27.969999313354492,17.964218139648438,5266800
2005-12-19,27.96500015258789,28.020000457763672,27.684999465942383,27.940000534057617,17.944955825805664,3143200
2005-12-20,27.975000381469727,28.030000686645508,27.670000076293945,27.674999237060547,17.774747848510742,3687800
2005-12-21,27.69499969482422,27.8799991607666,27.524999618530273,27.625,17.74264144897461,3229200
2005-12-22,27.579999923706055,27.7450008392334,27.5049991607666,27.709999084472656,17.79722785949707,2995400
2005-12-23,27.799999237060547,27.825000762939453,27.604999542236328,27.75,17.822919845581055,1376400
2005-12-27,27.729999542236328,27.770000457763672,27.485000610351562,27.514999389648438,17.67198944091797,1972200
2005-12-28,27.44499969482422,27.725000381469727,27.395000457763672,27.625,17.74264144897461,2769200
2005-12-29,27.725000381469727,27.764999389648438,27.545000076293945,27.649999618530273,17.75869369506836,2426400
2005-12-30,27.469999313354492,27.614999771118164,27.415000915527344,27.424999237060547,17.61418342590332,1948400
2006-01-03,27.489999771118164,27.559999465942383,27.2549991607666,27.454999923706055,17.633453369140625,3674200
2006-01-04,27.420000076293945,27.829999923706055,27.415000915527344,27.780000686645508,17.84218406677246,3951600
2006-01-05,27.854999542236328,27.969999313354492,27.350000381469727,27.364999771118164,17.57564926147461,3866400
2006-01-06,27.424999237060547,27.53499984741211,27.290000915527344,27.40999984741211,17.60455322265625,3814000
2006-01-09,27.34000015258789,27.809999465942383,27.309999465942383,27.735000610351562,17.813282012939453,3398600
2006-01-10,27.579999923706055,27.655000686645508,27.405000686645508,27.454999923706055,17.633453369140625,4161800
2006-01-11,27.424999237060547,27.584999084472656,27.274999618530273,27.34000015258789,17.559587478637695,5182600
2006-01-12,27.325000762939453,27.325000762939453,27.049999237060547,27.125,17.421506881713867,4095400
2006-01-13,27.190000534057617,27.5,27.165000915527344,27.375,17.582069396972656,2844600
2006-01-17,27.360000610351562,27.43000030517578,27.204999923706055,27.2450008392334,17.49857521057129,2697200
2006-01-18,27.184999465942383,27.30500030517578,27.059999465942383,27.260000228881836,17.50820541381836,2934000
2006-01-19,27.375,27.549999237060547,27.25,27.5049991607666,17.665565490722656,5214600
2006-01-20,27.424999237060547,27.469999313354492,26.760000228881836,26.850000381469727,17.24488067626953,8190400
2006-01-23,26.950000762939453,27.145000457763672,26.815000534057617,26.959999084472656,17.31553077697754,4680400
2006-01-24,26.860000610351562,27.040000915527344,26.704999923706055,26.875,17.354278564453125,3732800
2006-01-25,27.3700008392334,27.899999618530273,27.329999923706055,27.825000762939453,17.967727661132812,8615000
2006-01-26,27.889999389648438,27.899999618530273,27.19499969482422,27.30500030517578,17.631938934326172,6338600
2006-01-27,28.0,28.049999237060547,27.549999237060547,27.9950008392334,18.077503204345703,6117400
2006-01-30,28.03499984741211,28.049999237060547,27.649999618530273,27.674999237060547,17.870859146118164,3842600
2006-01-31,27.5,27.59000015258789,27.219999313354492,27.44499969482422,17.72234344482422,7559200
2006-02-01,27.399999618530273,27.709999084472656,27.399999618530273,27.649999618530273,17.854724884033203,4047800
2006-02-02,27.649999618530273,27.649999618530273,27.389999389648438,27.420000076293945,17.706207275390625,4866200
2006-02-03,27.225000381469727,27.44499969482422,27.165000915527344,27.270000457763672,17.609344482421875,2999000
2006-02-06,27.100000381469727,27.19499969482422,26.9950008392334,27.075000762939453,17.48342514038086,2830400
2006-02-07,27.0,27.049999237060547,26.795000076293945,26.90999984741211,17.376874923706055,3252200
2006-02-08,26.860000610351562,27.09000015258789,26.780000686645508,26.940000534057617,17.39624786376953,2634000
2006-02-09,26.84000015258789,27.135000228881836,26.81999969482422,26.8799991607666,17.35750389099121,3074400
2006-02-10,26.924999237060547,27.139999389648438,26.8799991607666,27.010000228881836,17.44145965576172,2953000
2006-02-13,27.0,27.065000534057617,26.850000381469727,27.045000076293945,17.46404457092285,2370400
2006-02-14,27.079999923706055,27.225000381469727,27.0,27.125,17.515718460083008,2721600
2006-02-15,27.135000228881836,27.299999237060547,26.854999542236328,27.2549991607666,17.599647521972656,3252200
2006-02-16,27.25,27.405000686645508,27.174999237060547,27.405000686645508,17.696514129638672,2445400
2006-02-17,27.385000228881836,27.450000762939453,27.25,27.399999618530273,17.69329071044922,3213800
2006-02-21,27.25,27.295000076293945,27.114999771118164,27.15999984741211,17.538307189941406,2740000
2006-02-22,27.084999084472656,27.489999771118164,27.010000228881836,27.28499984741211,17.61902618408203,2921000
2006-02-23,27.174999237060547,27.4950008392334,27.125,27.325000762939453,17.644859313964844,2954600
2006-02-24,27.399999618530273,27.5,27.25,27.309999465942383,17.635168075561523,3006600
2006-02-27,27.184999465942383,27.764999389648438,27.149999618530273,27.71500015258789,17.89669418334961,3451800
2006-02-28,27.649999618530273,27.8700008392334,27.225000381469727,27.239999771118164,17.589975357055664,3622800
2006-03-01,27.34000015258789,27.475000381469727,27.2450008392334,27.385000228881836,17.683603286743164,2252600
2006-03-02,27.274999618530273,27.3700008392334,27.049999237060547,27.2549991607666,17.599647521972656,1961600
2006-03-03,27.18000030517578,27.645000457763672,27.170000076293945,27.43000030517578,17.712661743164062,2738400
2006-03-06,27.364999771118164,27.489999771118164,27.059999465942383,27.149999618530273,17.53185272216797,2400800
2006-03-07,27.03499984741211,27.424999237060547,27.010000228881836,27.31999969482422,17.641626358032227,2993200
2006-03-08,27.375,28.280000686645508,27.360000610351562,28.270000457763672,18.25508689880371,7145400
2006-03-09,28.125,28.834999084472656,28.010000228881836,28.639999389648438,18.494001388549805,8716800
2006-03-10,28.75,29.0,28.575000762939453,28.860000610351562,18.636072158813477,5021400
2006-03-13,29.0,29.145000457763672,28.84000015258789,28.905000686645508,18.66512107849121,3917600
2006-03-14,28.65999984741211,28.670000076293945,28.209999084472656,28.325000762939453,18.29058837890625,9052000
2006-03-15,28.325000762939453,28.584999084472656,28.290000915527344,28.334999084472656,18.297060012817383,4101400
2006-03-16,28.350000381469727,28.540000915527344,28.155000686645508,28.325000762939453,18.29058837890625,5665800
2006-03-17,28.440000534057617,28.44499969482422,28.184999465942383,28.344999313354492,18.303512573242188,3994200
2006-03-20,28.469999313354492,28.545000076293945,28.405000686645508,28.5,18.403606414794922,3082400
2006-03-21,28.5,28.94499969482422,28.5,28.790000915527344,18.590869903564453,4153600
2006-03-22,28.44499969482422,29.045000076293945,28.44499969482422,29.010000228881836,18.73293113708496,3318200
2006-03-23,28.899999618530273,28.924999237060547,28.450000762939453,28.670000076293945,18.513378143310547,3403400
2006-03-24,28.649999618530273,28.905000686645508,28.514999389648438,28.899999618530273,18.661895751953125,3625400
2006-03-27,28.934999465942383,29.049999237060547,28.809999465942383,28.885000228881836,18.6522159576416,2576600
2006-03-28,29.0,29.0,28.549999237060547,28.604999542236328,18.471406936645508,4380400
2006-03-29,28.729999542236328,28.9950008392334,28.510000228881836,28.829999923706055,18.616697311401367,4686600
2006-03-30,28.704999923706055,29.204999923706055,28.600000381469727,29.139999389648438,18.816879272460938,4910400
2006-03-31,29.010000228881836,29.100000381469727,28.549999237060547,28.549999237060547,18.43588638305664,5275000
2006-04-03,28.75,29.219999313354492,28.655000686645508,28.915000915527344,18.67158317565918,4444200
2006-04-04,29.049999237060547,29.065000534057617,28.795000076293945,28.934999465942383,18.68450355529785,3564400
2006-04-05,29.0,29.079999923706055,28.860000610351562,28.989999771118164,18.720020294189453,3392200
2006-04-06,28.989999771118164,29.084999084472656,28.850000381469727,29.014999389648438,18.736162185668945,2677200
2006-04-07,29.014999389648438,29.05500030517578,28.735000610351562,28.774999618530273,18.58118438720703,3163800
2006-04-10,28.649999618530273,28.954999923706055,28.575000762939453,28.899999618530273,18.661895751953125,2217400
2006-04-11,28.774999618530273,28.860000610351562,28.405000686645508,28.530000686645508,18.422983169555664,4133600
2006-04-12,28.600000381469727,28.700000762939453,28.40999984741211,28.440000534057617,18.36486053466797,2542800
2006-04-13,28.200000762939453,28.360000610351562,28.104999542236328,28.299999237060547,18.274450302124023,3192600
2006-04-17,28.25,28.360000610351562,28.0,28.1299991607666,18.16468048095703,2929600
2006-04-18,28.139999389648438,28.40999984741211,28.100000381469727,28.3700008392334,18.319664001464844,3049200
2006-04-19,28.334999084472656,28.5,28.219999313354492,28.46500015258789,18.380996704101562,2424400
2006-04-20,28.30500030517578,28.725000381469727,28.30500030517578,28.469999313354492,18.488143920898438,3480800
2006-04-21,28.649999618530273,28.670000076293945,28.274999618530273,28.43000030517578,18.46217918395996,3435600
2006-04-24,28.545000076293945,28.96500015258789,28.514999389648438,28.670000076293945,18.618030548095703,3609600
2006-04-25,28.799999237060547,28.950000762939453,28.625,28.674999237060547,18.621278762817383,4341400
2006-04-26,29.024999618530273,29.635000228881836,29.0,29.475000381469727,19.140783309936523,7632200
2006-04-27,29.8700008392334,29.8700008392334,29.44499969482422,29.719999313354492,19.299888610839844,6648400
2006-04-28,29.524999618530273,29.639999389648438,29.299999237060547,29.559999465942383,19.195987701416016,6421000
2006-05-01,29.625,29.700000762939453,29.290000915527344,29.375,19.075843811035156,4354800
2006-05-02,29.475000381469727,29.844999313354492,29.44499969482422,29.690000534057617,19.280410766601562,4697200
2006-05-03,29.469999313354492,29.729999542236328,29.139999389648438,29.674999237060547,19.27066993713379,4061800
2006-05-04,29.549999237060547,30.0,29.549999237060547,29.895000457763672,19.413536071777344,4144600
2006-05-05,29.895000457763672,30.309999465942383,29.700000762939453,30.165000915527344,19.588871002197266,4498600
2006-05-08,30.075000762939453,30.5,30.075000762939453,30.405000686645508,19.74472427368164,4341400
2006-05-09,30.309999465942383,30.46500015258789,29.729999542236328,30.03499984741211,19.504451751708984,3943000
2006-05-10,29.950000762939453,29.979999542236328,29.700000762939453,29.7450008392334,19.316131591796875,4040800
2006-05-11,29.735000610351562,29.764999389648438,29.235000610351562,29.53499984741211,19.179752349853516,4771800
2006-05-12,29.565000534057617,29.790000915527344,29.510000228881836,29.6200008392334,19.234956741333008,5469600
2006-05-15,29.549999237060547,29.834999084472656,29.405000686645508,29.825000762939453,19.368070602416992,4728200
2006-05-16,30.110000610351562,30.450000762939453,29.969999313354492,30.299999237060547,19.67654037475586,8269800
2006-05-17,30.299999237060547,31.05500030517578,30.274999618530273,30.489999771118164,19.7999267578125,16189000
2006-05-18,30.149999618530273,30.399999618530273,29.915000915527344,30.049999237060547,19.514183044433594,9518800
2006-05-19,30.03499984741211,30.059999465942383,29.524999618530273,29.735000610351562,19.309629440307617,6841200
2006-05-22,29.739999771118164,30.184999465942383,29.735000610351562,29.9950008392334,19.478469848632812,4480600
2006-05-23,30.010000228881836,30.19499969482422,29.69499969482422,29.71500015258789,19.29664421081543,4212200
2006-05-24,29.760000228881836,30.030000686645508,29.594999313354492,29.895000457763672,19.413536071777344,7402200
2006-05-25,29.889999389648438,30.024999618530273,29.80500030517578,29.975000381469727,19.465486526489258,2931600
2006-05-26,30.049999237060547,30.434999465942383,30.0,30.364999771118164,19.718746185302734,3424200
2006-05-30,30.100000381469727,30.389999389648438,30.014999389648438,30.114999771118164,19.556398391723633,3398400
2006-05-31,30.114999771118164,30.2450008392334,30.010000228881836,30.170000076293945,19.592113494873047,3581200
2006-06-01,30.110000610351562,30.385000228881836,30.024999618530273,30.385000228881836,19.731740951538086,2894200
2006-06-02,30.5,30.5,29.854999542236328,30.110000610351562,19.55315589904785,3433600
2006-06-05,30.0,30.229999542236328,29.735000610351562,29.795000076293945,19.348596572875977,3392800
2006-06-06,29.799999237060547,30.1299991607666,29.7549991607666,30.104999542236328,19.549907684326172,4250800
2006-06-07,30.209999084472656,30.5,30.1299991607666,30.364999771118164,19.718746185302734,5092400
2006-06-08,30.299999237060547,30.549999237060547,30.15999984741211,30.53499984741211,19.829143524169922,7099600
2006-06-09,30.53499984741211,30.860000610351562,30.5,30.7549991607666,19.97200584411621,5932800
2006-06-12,30.799999237060547,31.15999984741211,30.649999618530273,30.65999984741211,19.91031837463379,6605200
2006-06-13,30.625,30.969999313354492,30.40999984741211,30.700000762939453,19.936296463012695,5419600
2006-06-14,30.649999618530273,30.719999313354492,29.875,30.174999237060547,19.595359802246094,7676800
2006-06-15,30.05500030517578,30.315000534057617,29.799999237060547,30.125,19.562896728515625,6765800
2006-06-16,30.200000762939453,30.635000228881836,30.170000076293945,30.344999313354492,19.705751419067383,6999200
2006-06-19,30.344999313354492,30.44499969482422,30.0049991607666,30.18000030517578,19.598609924316406,3947800
2006-06-20,30.165000915527344,30.325000762939453,30.045000076293945,30.084999084472656,19.536914825439453,4821400
2006-06-21,30.235000610351562,30.315000534057617,30.059999465942383,30.170000076293945,19.592113494873047,4772200
2006-06-22,30.200000762939453,30.200000762939453,29.924999237060547,30.149999618530273,19.579130172729492,3118400
2006-06-23,30.0,30.239999771118164,29.969999313354492,30.03499984741211,19.504451751708984,2308200
2006-06-26,30.030000686645508,30.219999313354492,29.96500015258789,30.104999542236328,19.549907684326172,4068000
2006-06-27,30.049999237060547,30.104999542236328,29.850000381469727,30.065000534057617,19.523935317993164,5811600
2006-06-28,29.950000762939453,29.989999771118164,29.229999542236328,29.670000076293945,19.267417907714844,5662200
2006-06-29,29.649999618530273,30.1299991607666,29.6200008392334,30.075000762939453,19.530431747436523,4018400
2006-06-30,30.149999618530273,30.15999984741211,29.875,29.950000762939453,19.449247360229492,4765200
2006-07-03,29.635000228881836,29.985000610351562,29.635000228881836,29.940000534057617,19.44275665283203,1909000
2006-07-05,29.90999984741211,29.96500015258789,29.454999923706055,29.885000228881836,19.40703773498535,4898400
2006-07-06,29.950000762939453,30.530000686645508,29.93000030517578,30.514999389648438,19.8161563873291,4462200
2006-07-07,30.3799991607666,30.600000381469727,30.3799991607666,30.440000534057617,19.7674503326416,3195800
2006-07-10,30.450000762939453,30.8799991607666,30.450000762939453,30.809999465942383,20.00772476196289,2051400
2006-07-11,30.75,30.8799991607666,30.604999542236328,30.81999969482422,20.01422119140625,1932800
2006-07-12,30.875,30.924999237060547,30.610000610351562,30.709999084472656,19.942787170410156,2477400
2006-07-13,30.469999313354492,30.985000610351562,30.44499969482422,30.799999237060547,20.00123405456543,3330800
2006-07-14,30.65999984741211,30.65999984741211,30.204999923706055,30.5049991607666,19.809661865234375,3139800
2006-07-17,30.475000381469727,30.655000686645508,30.364999771118164,30.440000534057617,19.7674503326416,3821400
2006-07-18,30.540000915527344,30.540000915527344,30.15999984741211,30.434999465942383,19.764204025268555,3346400
2006-07-19,30.549999237060547,31.2549991607666,30.479999542236328,31.135000228881836,20.218774795532227,3489200
2006-07-20,31.040000915527344,31.354999542236328,30.80500030517578,31.225000381469727,20.277225494384766,3134200
2006-07-21,31.475000381469727,31.579999923706055,30.959999084472656,31.03499984741211,20.153844833374023,4261600
2006-07-24,30.9950008392334,31.200000762939453,30.9950008392334,31.045000076293945,20.26480484008789,3559000
2006-07-25,30.649999618530273,30.725000381469727,30.0049991607666,30.325000762939453,19.794822692871094,7165200
2006-07-26,29.899999618530273,30.065000534057617,29.600000381469727,29.725000381469727,19.403167724609375,6218400
2006-07-27,29.774999618530273,29.875,29.31999969482422,29.459999084472656,19.230192184448242,5336000
2006-07-28,29.600000381469727,29.969999313354492,29.489999771118164,29.834999084472656,19.474973678588867,3376600
2006-07-31,29.709999084472656,29.96500015258789,29.610000610351562,29.65999984741211,19.36073875427246,3745600
2006-08-01,29.559999465942383,29.59000015258789,29.110000610351562,29.264999389648438,19.102901458740234,4370400
2006-08-02,29.155000686645508,29.6200008392334,29.024999618530273,29.5,19.256296157836914,4511800
2006-08-03,29.424999237060547,29.6200008392334,29.100000381469727,29.110000610351562,19.001712799072266,5359000
2006-08-04,29.149999618530273,29.299999237060547,29.0049991607666,29.219999313354492,19.07352066040039,4852000
2006-08-07,29.344999313354492,29.530000686645508,29.25,29.5,19.256296157836914,4233000
2006-08-08,29.559999465942383,29.68000030517578,29.325000762939453,29.454999923706055,19.226930618286133,4502400
2006-08-09,29.524999618530273,29.825000762939453,29.43000030517578,29.4950008392334,19.253042221069336,3333400
2006-08-10,29.55500030517578,30.045000076293945,29.514999389648438,29.895000457763672,19.514141082763672,3856400
2006-08-11,29.799999237060547,29.8700008392334,29.5049991607666,29.7549991607666,19.422748565673828,3201600
2006-08-14,30.024999618530273,30.09000015258789,29.790000915527344,29.829999923706055,19.471704483032227,2680800
2006-08-15,30.149999618530273,30.225000381469727,29.954999923706055,30.049999237060547,19.61530876159668,3008400
2006-08-16,29.950000762939453,30.045000076293945,29.78499984741211,29.885000228881836,19.50760841369629,3899000
2006-08-17,29.885000228881836,29.885000228881836,29.344999313354492,29.510000228881836,19.262828826904297,6150600
2006-08-18,29.540000915527344,29.649999618530273,29.420000076293945,29.5,19.256296157836914,2446000
2006-08-21,29.610000610351562,29.799999237060547,29.53499984741211,29.6299991607666,19.341154098510742,2532800
2006-08-22,29.700000762939453,29.770000457763672,29.3700008392334,29.44499969482422,19.220394134521484,3068800
2006-08-23,29.43000030517578,29.719999313354492,29.399999618530273,29.610000610351562,19.328100204467773,2196400
2006-08-24,29.645000457763672,29.725000381469727,29.53499984741211,29.579999923706055,19.30851936340332,1819600
2006-08-25,29.454999923706055,29.5,29.225000381469727,29.395000457763672,19.18777084350586,2106000
2006-08-28,29.475000381469727,29.53499984741211,29.389999389648438,29.44499969482422,19.220394134521484,2575800
2006-08-29,29.375,29.739999771118164,29.334999084472656,29.725000381469727,19.403167724609375,3311800
2006-08-30,29.649999618530273,29.899999618530273,29.559999465942383,29.825000762939453,19.46843910217285,2655600
2006-08-31,29.764999389648438,30.03499984741211,29.719999313354492,29.93000030517578,19.536983489990234,2771600
2006-09-01,30.15999984741211,30.360000610351562,29.989999771118164,30.325000762939453,19.794822692871094,3355200
2006-09-05,30.375,30.469999313354492,30.170000076293945,30.385000228881836,19.833993911743164,3187800
2006-09-06,30.325000762939453,30.704999923706055,30.2450008392334,30.665000915527344,20.016759872436523,3958200
2006-09-07,30.635000228881836,30.850000381469727,30.309999465942383,30.34000015258789,19.804622650146484,4904400
2006-09-08,30.43000030517578,30.610000610351562,30.280000686645508,30.3799991607666,19.830724716186523,2772400
2006-09-11,30.350000381469727,31.030000686645508,30.350000381469727,31.024999618530273,20.251754760742188,5047600
2006-09-12,31.049999237060547,31.2450008392334,30.969999313354492,31.149999618530273,20.33333969116211,4765000
2006-09-13,30.94499969482422,31.024999618530273,30.454999923706055,30.6299991607666,19.993913650512695,6060200
2006-09-14,30.399999618530273,30.93000030517578,30.290000915527344,30.889999389648438,20.163631439208984,4013800
2006-09-15,30.950000762939453,31.139999389648438,30.84000015258789,31.06999969482422,20.281126022338867,4689000
2006-09-18,31.174999237060547,31.174999237060547,30.885000228881836,30.959999084472656,20.209320068359375,2189200
2006-09-19,30.875,31.0,30.75,30.920000076293945,20.183208465576172,1842400
2006-09-20,30.899999618530273,31.110000610351562,30.774999618530273,30.924999237060547,20.186473846435547,2223400
2006-09-21,31.06999969482422,31.219999313354492,30.7549991607666,30.875,20.153833389282227,3024600
2006-09-22,30.850000381469727,30.969999313354492,30.700000762939453,30.799999237060547,20.104883193969727,2792800
2006-09-25,31.049999237060547,31.149999618530273,30.885000228881836,31.104999542236328,20.303970336914062,3346800
2006-09-26,31.079999923706055,31.450000762939453,31.024999618530273,31.18000030517578,20.35292625427246,4371200
2006-09-27,31.065000534057617,31.174999237060547,30.954999923706055,31.020000457763672,20.248483657836914,4265000
2006-09-28,31.049999237060547,31.299999237060547,30.934999465942383,31.28499984741211,20.421464920043945,2640200
2006-09-29,31.209999084472656,31.3700008392334,30.94499969482422,31.049999237060547,20.268068313598633,4343800
2006-10-02,31.149999618530273,31.2450008392334,30.875,31.204999923706055,20.36924934387207,2727600
2006-10-03,31.100000381469727,31.21500015258789,30.959999084472656,31.030000686645508,20.255014419555664,3125400
2006-10-04,30.950000762939453,31.2549991607666,30.899999618530273,31.200000762939453,20.365985870361328,6487400
2006-10-05,31.125,31.475000381469727,31.104999542236328,31.44499969482422,20.525903701782227,4472200
2006-10-06,31.350000381469727,31.5,31.204999923706055,31.325000762939453,20.447572708129883,2935400
2006-10-09,31.125,31.344999313354492,31.0049991607666,31.309999465942383,20.43778419494629,2718400
2006-10-10,31.325000762939453,31.375,31.045000076293945,31.125,20.31702995300293,3274800
2006-10-11,31.0049991607666,31.299999237060547,30.8700008392334,31.014999389648438,20.245223999023438,3788600
2006-10-12,31.100000381469727,31.100000381469727,30.575000762939453,30.739999771118164,20.065717697143555,5364800
2006-10-13,30.655000686645508,30.684999465942383,30.389999389648438,30.399999618530273,19.84378433227539,4668400
2006-10-16,30.200000762939453,30.235000610351562,29.9950008392334,30.045000076293945,19.612049102783203,6898600
2006-10-17,29.895000457763672,30.014999389648438,29.674999237060547,29.895000457763672,19.514141082763672,6189800
2006-10-18,30.0,30.354999542236328,29.969999313354492,30.209999084472656,19.719758987426758,5037400
2006-10-19,30.174999237060547,30.34000015258789,30.110000610351562,30.114999771118164,19.65774154663086,5113200
2006-10-20,30.149999618530273,30.43000030517578,30.09000015258789,30.3700008392334,19.93008804321289,6463000
2006-10-23,30.34000015258789,30.360000610351562,30.075000762939453,30.155000686645508,19.78899383544922,4678000
2006-10-24,30.075000762939453,30.34000015258789,30.0,30.235000610351562,19.84149169921875,5002800
2006-10-25,30.875,31.360000610351562,30.764999389648438,31.084999084472656,20.39929962158203,8936600
2006-10-26,31.399999618530273,31.4950008392334,31.0049991607666,31.389999389648438,20.599458694458008,6323200
2006-10-27,31.389999389648438,31.78499984741211,31.364999771118164,31.655000686645508,20.773359298706055,5045200
2006-10-30,31.610000610351562,31.940000534057617,31.584999084472656,31.899999618530273,20.934131622314453,3681800
2006-10-31,31.7450008392334,32.03499984741211,31.65999984741211,31.985000610351562,20.989917755126953,4976200
2006-11-01,32.11000061035156,32.1150016784668,31.829999923706055,32.005001068115234,21.003040313720703,3078400
2006-11-02,31.950000762939453,32.040000915527344,31.65999984741211,31.780000686645508,20.85539436340332,3334200
2006-11-03,31.834999084472656,31.985000610351562,31.65999984741211,31.834999084472656,20.891483306884766,2985400
2006-11-06,31.899999618530273,32.099998474121094,31.854999542236328,32.029998779296875,21.019447326660156,3409400
2006-11-07,32.099998474121094,32.5,32.025001525878906,32.5,21.327884674072266,4441600
2006-11-08,32.5,32.53499984741211,32.31999969482422,32.5,21.327884674072266,5107400
2006-11-09,32.599998474121094,32.599998474121094,32.26499938964844,32.525001525878906,21.34429359436035,2806600
2006-11-10,32.61000061035156,32.67499923706055,32.404998779296875,32.619998931884766,21.406627655029297,2165200
2006-11-13,32.560001373291016,32.61000061035156,32.334999084472656,32.435001373291016,21.28522491455078,2800400
2006-11-14,32.5,32.55500030517578,32.150001525878906,32.3650016784668,21.239288330078125,4229000
2006-11-15,32.2599983215332,32.375,32.04499816894531,32.15999984741211,21.10476303100586,5195000
2006-11-16,32.275001525878906,32.900001525878906,32.224998474121094,32.82500076293945,21.54115867614746,3948800
2006-11-17,32.73500061035156,33.005001068115234,32.64500045776367,33.005001068115234,21.659282684326172,3835400
2006-11-20,33.40999984741211,33.459999084472656,32.70500183105469,32.9900016784668,21.649438858032227,5786600
2006-11-21,32.92499923706055,33.540000915527344,32.92499923706055,33.415000915527344,21.928346633911133,5692800
2006-11-22,33.119998931884766,33.400001525878906,33.040000915527344,33.369998931884766,21.89881134033203,3224800
2006-11-24,33.150001525878906,33.2599983215332,32.75,32.98500061035156,21.646162033081055,1955400
2006-11-27,32.814998626708984,32.86000061035156,32.369998931884766,32.505001068115234,21.33116340637207,4282600
2006-11-28,32.790000915527344,32.790000915527344,32.255001068115234,32.540000915527344,21.354135513305664,3142000
2006-11-29,32.5,32.60499954223633,32.255001068115234,32.56999969482422,21.373815536499023,2505800
2006-11-30,32.67499923706055,32.73500061035156,32.415000915527344,32.525001525878906,21.34429359436035,3165200
2006-12-01,32.599998474121094,32.70000076293945,32.32500076293945,32.68000030517578,21.446008682250977,3178600
2006-12-04,32.75,33.119998931884766,32.744998931884766,33.119998931884766,21.734743118286133,2777200
2006-12-05,33.13999938964844,33.2400016784668,32.755001068115234,32.790000915527344,21.5181941986084,3185200
2006-12-06,32.79499816894531,32.959999084472656,32.755001068115234,32.93000030517578,21.610071182250977,2638400
2006-12-07,32.849998474121094,33.06999969482422,32.76499938964844,32.814998626708984,21.53459358215332,1676600
2006-12-08,32.82500076293945,32.849998474121094,32.525001525878906,32.79999923706055,21.524755477905273,1798800
2006-12-11,32.83000183105469,32.95500183105469,32.73500061035156,32.94499969482422,21.619909286499023,2108800
2006-12-12,32.9900016784668,32.994998931884766,32.7599983215332,32.845001220703125,21.55428123474121,3156800
2006-12-13,32.9900016784668,33.064998626708984,32.584999084472656,32.779998779296875,21.51163101196289,2518400
2006-12-14,32.88999938964844,33.0099983215332,32.744998931884766,32.849998474121094,21.557565689086914,3119200
2006-12-15,32.724998474121094,32.810001373291016,32.650001525878906,32.665000915527344,21.436166763305664,4455600
2006-12-18,32.54499816894531,32.70000076293945,32.505001068115234,32.595001220703125,21.39022445678711,2514200
2006-12-19,32.54999923706055,32.63999938964844,32.415000915527344,32.54499816894531,21.35740852355957,4122000
2006-12-20,32.595001220703125,32.720001220703125,32.529998779296875,32.584999084472656,21.383663177490234,3989800
2006-12-21,32.57500076293945,32.685001373291016,32.20500183105469,32.345001220703125,21.226158142089844,3882400
2006-12-22,32.2599983215332,32.400001525878906,32.08000183105469,32.29499816894531,21.1933536529541,2563800
2006-12-26,32.32500076293945,32.560001373291016,32.27000045776367,32.5,21.327884674072266,1923200
2006-12-27,32.625,32.65999984741211,32.375,32.52000045776367,21.34101104736328,2289200
2006-12-28,32.6150016784668,32.88999938964844,32.540000915527344,32.85499954223633,21.560850143432617,1816600
2006-12-29,32.86000061035156,32.935001373291016,32.56999969482422,32.619998931884766,21.406627655029297,2344600
2007-01-03,32.974998474121094,33.06999969482422,32.709999084472656,32.84000015258789,21.550996780395508,3206600
2007-01-04,32.724998474121094,32.97999954223633,32.505001068115234,32.880001068115234,21.577259063720703,3025200
2007-01-05,32.875,32.95000076293945,32.66999816894531,32.72999954223633,21.478816986083984,3619200
2007-01-08,32.68000030517578,32.91999816894531,32.56999969482422,32.85499954223633,21.560850143432617,4049600
2007-01-09,33.025001525878906,33.154998779296875,32.71500015258789,32.84000015258789,21.550996780395508,4146800
2007-01-10,32.775001525878906,33.11000061035156,32.70000076293945,33.02000045776367,21.669118881225586,3155800
2007-01-11,33.02000045776367,33.224998474121094,32.91999816894531,33.150001525878906,21.754438400268555,2874600
2007-01-12,33.14500045776367,33.5099983215332,32.97999954223633,33.41999816894531,21.931629180908203,3438800
2007-01-16,33.869998931884766,34.01499938964844,33.375,33.43000030517578,21.938186645507812,2985000
2007-01-17,33.30500030517578,33.47999954223633,33.11000061035156,33.275001525878906,21.83646583557129,5280000
2007-01-18,33.255001068115234,33.40999984741211,33.1150016784668,33.2400016784668,21.813508987426758,2710800
2007-01-19,33.275001525878906,33.42499923706055,33.119998931884766,33.42499923706055,21.934907913208008,2695000
2007-01-22,33.45000076293945,33.58000183105469,32.93000030517578,33.2599983215332,21.82662582397461,3742200
2007-01-23,33.1349983215332,33.27000045776367,32.959999084472656,33.15999984741211,21.760997772216797,2760400
2007-01-24,33.06999969482422,33.2599983215332,33.0,33.244998931884766,21.922565460205078,3126200
2007-01-25,33.04999923706055,33.16999816894531,32.904998779296875,33.0,21.760997772216797,5411600
2007-01-26,33.025001525878906,33.13999938964844,32.814998626708984,33.09000015258789,21.820350646972656,3357000
2007-01-29,33.099998474121094,33.529998779296875,33.099998474121094,33.35499954223633,21.995101928710938,6465800
2007-01-30,33.2599983215332,33.775001525878906,33.0,33.709999084472656,22.229188919067383,8629200
2007-01-31,33.85499954223633,34.279998779296875,33.70500183105469,34.150001525878906,22.51933479309082,6510400
2007-02-01,34.119998931884766,34.130001068115234,33.845001220703125,34.05500030517578,22.456693649291992,5019600
2007-02-02,33.95000076293945,34.05500030517578,33.75,33.869998931884766,22.334701538085938,4740400
2007-02-05,33.76499938964844,33.79499816894531,33.47999954223633,33.744998931884766,22.252273559570312,3623200
2007-02-06,33.619998931884766,33.8650016784668,33.404998779296875,33.494998931884766,22.08741569519043,5123200
2007-02-07,33.57500076293945,33.709999084472656,33.439998626708984,33.5,22.090715408325195,3267200
2007-02-08,33.57500076293945,33.685001373291016,33.3849983215332,33.51499938964844,22.100608825683594,3133800
2007-02-09,33.59000015258789,33.70000076293945,33.334999084472656,33.459999084472656,22.064340591430664,3514800
2007-02-12,33.584999084472656,33.650001525878906,33.435001373291016,33.45500183105469,22.061038970947266,3046000
2007-02-13,33.415000915527344,33.814998626708984,33.415000915527344,33.779998779296875,22.27535629272461,3699400
2007-02-14,33.755001068115234,33.98500061035156,33.67499923706055,33.95000076293945,22.38745880126953,3465400
2007-02-15,34.04499816894531,34.064998626708984,33.79499816894531,33.95500183105469,22.39075469970703,3063600
2007-02-16,34.334999084472656,34.435001373291016,34.07500076293945,34.380001068115234,22.671001434326172,4235600
2007-02-20,34.224998474121094,34.494998931884766,34.02000045776367,34.435001373291016,22.707277297973633,3328400
2007-02-21,34.28499984741211,34.36000061035156,34.2400016784668,34.25,22.585283279418945,2499800
2007-02-22,34.099998474121094,34.20500183105469,33.970001220703125,34.18000030517578,22.539125442504883,2997600
2007-02-23,34.095001220703125,34.220001220703125,33.869998931884766,34.165000915527344,22.529232025146484,2630600
2007-02-26,34.26499938964844,34.380001068115234,34.02000045776367,34.23500061035156,22.57538604736328,2831800
2007-02-27,34.189998626708984,34.5,33.375,33.66999816894531,22.20281410217285,8682200
2007-02-28,33.64500045776367,34.1150016784668,33.525001525878906,33.70500183105469,22.225893020629883,5933200
2007-03-01,33.18000030517578,33.619998931884766,32.935001373291016,33.46500015258789,22.0676326751709,4852000
2007-03-02,33.435001373291016,33.529998779296875,33.255001068115234,33.32500076293945,21.97531509399414,4891200
2007-03-05,33.20000076293945,33.53499984741211,33.125,33.29999923706055,21.958829879760742,4862800
2007-03-06,33.404998779296875,33.5,33.150001525878906,33.29499816894531,21.955524444580078,4574600
2007-03-07,33.310001373291016,33.310001373291016,32.935001373291016,32.935001373291016,21.718137741088867,5254200
2007-03-08,32.900001525878906,33.150001525878906,32.85499954223633,33.1150016784668,21.83684539794922,3590200
2007-03-09,33.1150016784668,33.380001068115234,33.04999923706055,33.314998626708984,21.96871566772461,3331800
2007-03-12,33.314998626708984,33.39500045776367,33.165000915527344,33.29999923706055,21.958829879760742,2715000
2007-03-13,33.209999084472656,33.27000045776367,32.8849983215332,32.935001373291016,21.718137741088867,4286600
2007-03-14,33.0,33.07500076293945,32.435001373291016,32.665000915527344,21.540102005004883,6446400
2007-03-15,32.689998626708984,32.810001373291016,32.5099983215332,32.630001068115234,21.517019271850586,4366800
2007-03-16,32.709999084472656,32.73500061035156,32.42499923706055,32.54999923706055,21.464263916015625,4823000
2007-03-19,32.560001373291016,32.904998779296875,32.529998779296875,32.689998626708984,21.55657958984375,3244600
2007-03-20,32.650001525878906,32.95500183105469,32.625,32.904998779296875,21.698354721069336,3341200
2007-03-21,32.96500015258789,33.435001373291016,32.7599983215332,33.404998779296875,22.02806854248047,3109200
2007-03-22,33.84000015258789,33.84000015258789,32.97999954223633,33.525001525878906,22.107200622558594,3364000
2007-03-23,33.5,33.59000015258789,33.375,33.560001373291016,22.130277633666992,2764400
2007-03-26,33.595001220703125,33.595001220703125,33.130001068115234,33.470001220703125,22.07093048095703,2748200
2007-03-27,33.36000061035156,33.39500045776367,33.130001068115234,33.23500061035156,21.915964126586914,2728000
2007-03-28,33.16999816894531,33.4900016784668,33.040000915527344,33.439998626708984,22.0511531829834,3885800
2007-03-29,33.525001525878906,33.540000915527344,33.28499984741211,33.41999816894531,22.037954330444336,3706600
2007-03-30,33.459999084472656,33.689998626708984,33.1349983215332,33.39500045776367,22.0214786529541,3509400
2007-04-02,33.35499954223633,33.5099983215332,32.98500061035156,33.029998779296875,21.78078269958496,4609200
2007-04-03,33.224998474121094,33.28499984741211,32.959999084472656,33.0099983215332,21.767593383789062,3891200
2007-04-04,33.11000061035156,33.150001525878906,33.005001068115234,33.09000015258789,21.820350646972656,2780400
2007-04-05,33.119998931884766,33.34000015258789,33.025001525878906,33.314998626708984,21.96871566772461,2376600
2007-04-09,33.32500076293945,33.375,33.20500183105469,33.35499954223633,21.995101928710938,3335400
2007-04-10,33.32500076293945,33.45500183105469,32.880001068115234,32.98500061035156,21.751113891601562,4631200
2007-04-11,32.900001525878906,32.95000076293945,32.70500183105469,32.94499969482422,21.724735260009766,3860200
2007-04-12,32.875,33.17499923706055,32.755001068115234,33.16999816894531,21.873096466064453,3005200
2007-04-13,33.14500045776367,33.29999923706055,33.084999084472656,33.20500183105469,21.896183013916016,3616800
2007-04-16,33.185001373291016,33.25,32.98500061035156,33.099998474121094,21.826950073242188,4508600
2007-04-17,33.05500030517578,33.375,32.9900016784668,33.334999084472656,21.981908798217773,3682200
2007-04-18,33.5,33.7599983215332,33.224998474121094,33.369998931884766,22.00499153137207,3096400
2007-04-19,33.79499816894531,33.79499816894531,33.25,33.5,22.090715408325195,4226800
2007-04-20,33.3650016784668,33.650001525878906,33.28499984741211,33.64500045776367,22.306180953979492,3754200
2007-04-23,33.70000076293945,33.70000076293945,33.45000076293945,33.529998779296875,22.229928970336914,2272200
2007-04-24,33.95000076293945,34.06999969482422,33.404998779296875,33.959999084472656,22.515024185180664,5380600
2007-04-25,34.29999923706055,34.494998931884766,33.540000915527344,33.720001220703125,22.35590934753418,6581200
2007-04-26,33.595001220703125,33.689998626708984,33.255001068115234,33.279998779296875,22.064186096191406,7773200
2007-04-27,33.20500183105469,33.619998931884766,33.15999984741211,33.52000045776367,22.22330665588379,5057200
2007-04-30,33.75,33.88999938964844,33.599998474121094,33.869998931884766,22.45535659790039,6271600
2007-05-01,33.92499923706055,34.05500030517578,33.599998474121094,34.04999923706055,22.574695587158203,4810800
2007-05-02,34.125,34.375,33.869998931884766,34.0,22.541536331176758,4722000
2007-05-03,34.01499938964844,34.060001373291016,33.564998626708984,33.72999954223633,22.362531661987305,5982000
2007-05-04,33.75,34.095001220703125,33.619998931884766,34.07500076293945,22.59127426147461,5560600
2007-05-07,33.959999084472656,34.099998474121094,33.68000030517578,33.709999084472656,22.349273681640625,6238400
2007-05-08,33.625,33.92499923706055,33.58000183105469,33.75,22.37579917907715,4620000
2007-05-09,33.70000076293945,34.0,33.51499938964844,33.91999816894531,22.48850440979004,3296400
2007-05-10,33.900001525878906,33.93000030517578,33.560001373291016,33.560001373291016,22.249826431274414,4552200
2007-05-11,33.654998779296875,33.709999084472656,33.32500076293945,33.47999954223633,22.19678497314453,3814200
2007-05-14,33.505001068115234,33.5099983215332,33.064998626708984,33.10499954223633,21.948171615600586,6198200
2007-05-15,33.20000076293945,33.435001373291016,33.130001068115234,33.16999816894531,21.991262435913086,4764400
2007-05-16,33.224998474121094,33.7599983215332,33.165000915527344,33.7599983215332,22.382436752319336,4973000
2007-05-17,33.86000061035156,33.88999938964844,33.5,33.70500183105469,22.34596824645996,3970000
2007-05-18,33.744998931884766,33.75,33.5,33.650001525878906,22.309499740600586,3574800
2007-05-21,33.65999984741211,33.65999984741211,33.26499938964844,33.51499938964844,22.21999168395996,5068000
2007-05-22,33.474998474121094,33.53499984741211,33.31999969482422,33.474998474121094,22.193477630615234,3123200
2007-05-23,33.48500061035156,33.560001373291016,33.125,33.415000915527344,22.15369415283203,5803800
2007-05-24,33.4900016784668,33.505001068115234,33.19499969482422,33.220001220703125,22.0244140625,4787400
2007-05-25,33.36000061035156,33.5,33.2599983215332,33.28499984741211,22.06751251220703,3763600
2007-05-29,33.224998474121094,33.5,33.17499923706055,33.415000915527344,22.15369415283203,3113000
2007-05-30,33.290000915527344,33.459999084472656,33.189998626708984,33.459999084472656,22.183528900146484,6017000
2007-05-31,33.459999084472656,33.564998626708984,33.255001068115234,33.47999954223633,22.19678497314453,5966600
2007-06-01,33.474998474121094,33.71500015258789,33.404998779296875,33.70500183105469,22.34596824645996,3750400
2007-06-04,33.54999923706055,33.689998626708984,33.435001373291016,33.6349983215332,22.299551010131836,3051600
2007-06-05,33.7400016784668,33.775001525878906,33.42499923706055,33.45000076293945,22.17690086364746,4644400
2007-06-06,33.32500076293945,33.525001525878906,33.150001525878906,33.20500183105469,22.014469146728516,4361600
2007-06-07,33.125,33.244998931884766,33.0,33.10499954223633,21.948171615600586,5008600
2007-06-08,33.11000061035156,33.3849983215332,32.95500183105469,33.345001220703125,22.107290267944336,4357200
2007-06-11,33.2599983215332,33.650001525878906,33.18000030517578,33.61000061035156,22.282983779907227,4186000
2007-06-12,33.494998931884766,33.78499984741211,33.41999816894531,33.744998931884766,22.372486114501953,5662800
2007-06-13,33.83000183105469,33.89500045776367,33.3650016784668,33.72999954223633,22.362531661987305,9809600
2007-06-14,33.6349983215332,33.709999084472656,33.34000015258789,33.42499923706055,22.160324096679688,4880400
2007-06-15,33.48500061035156,33.61000061035156,33.189998626708984,33.314998626708984,22.087387084960938,6199800
2007-06-18,33.36000061035156,33.39500045776367,33.060001373291016,33.189998626708984,22.00452423095703,3221200
2007-06-19,33.09000015258789,33.09000015258789,32.779998779296875,32.86000061035156,21.785737991333008,3822000
2007-06-20,33.345001220703125,33.52000045776367,33.20000076293945,33.20000076293945,22.011154174804688,7606800
2007-06-21,33.150001525878906,33.29999923706055,32.90999984741211,33.13999938964844,21.971376419067383,5888600
2007-06-22,32.9900016784668,33.02000045776367,32.529998779296875,32.6349983215332,21.636558532714844,8913800
2007-06-25,32.685001373291016,33.029998779296875,32.654998779296875,32.70500183105469,21.6829776763916,4836200
2007-06-26,32.77000045776367,32.775001525878906,32.28499984741211,32.32500076293945,21.43103790283203,7936400
2007-06-27,32.334999084472656,32.45000076293945,32.20500183105469,32.220001220703125,21.361431121826172,5830400
2007-06-28,32.16999816894531,32.7400016784668,32.08000183105469,32.68000030517578,21.666400909423828,5541600
2007-06-29,32.685001373291016,32.8849983215332,32.22999954223633,32.42499923706055,21.497344970703125,4606600
2007-07-02,32.61000061035156,32.779998779296875,32.43000030517578,32.57500076293945,21.596782684326172,3654800
2007-07-03,32.70000076293945,32.86000061035156,32.64500045776367,32.790000915527344,21.73933219909668,3900200
2007-07-05,33.0,33.06999969482422,32.849998474121094,33.025001525878906,21.8951358795166,4479200
2007-07-06,33.025001525878906,33.03499984741211,32.755001068115234,33.005001068115234,21.881872177124023,3300400
2007-07-09,33.04999923706055,33.15999984741211,32.959999084472656,33.10499954223633,21.948171615600586,4619000
2007-07-10,32.97999954223633,33.125,32.84000015258789,32.8849983215332,21.802309036254883,5391200
2007-07-11,32.75,33.494998931884766,32.75,33.44499969482422,22.1735782623291,4498600
2007-07-12,33.5,34.185001373291016,33.44499969482422,34.16999816894531,22.65425682067871,5538400
2007-07-13,33.9900016784668,34.375,33.96500015258789,34.224998474121094,22.69071388244629,5591800
2007-07-16,34.095001220703125,34.26499938964844,34.01499938964844,34.095001220703125,22.604534149169922,4885800
2007-07-17,34.275001525878906,34.375,34.03499984741211,34.03499984741211,22.564746856689453,5183800
2007-07-18,33.8849983215332,34.064998626708984,33.66999816894531,33.875,22.45867156982422,6275600
2007-07-19,33.92499923706055,34.29999923706055,33.85499954223633,34.25,22.828598022460938,4506400
2007-07-20,34.185001373291016,34.369998931884766,33.78499984741211,33.84000015258789,22.555316925048828,6288400
2007-07-23,33.95500183105469,34.48500061035156,33.904998779296875,34.34000015258789,22.888580322265625,4834600
2007-07-24,34.17499923706055,34.68000030517578,33.98500061035156,34.125,22.745277404785156,7586600
2007-07-25,34.85499954223633,35.08000183105469,34.064998626708984,34.83000183105469,23.215181350708008,10763400
2007-07-26,34.42499923706055,34.94499969482422,34.255001068115234,34.39500045776367,22.925241470336914,12762400
2007-07-27,34.435001373291016,34.64500045776367,34.11000061035156,34.224998474121094,22.811931610107422,8409200
2007-07-30,34.44499969482422,35.08000183105469,33.59000015258789,33.70000076293945,22.462003707885742,6734000
2007-07-31,34.369998931884766,34.369998931884766,32.994998931884766,33.0,21.995431900024414,9104200
2007-08-01,33.380001068115234,33.775001525878906,33.07500076293945,33.64500045776367,22.42534065246582,7164400
2007-08-02,34.005001068115234,34.04499816894531,33.314998626708984,33.625,22.412015914916992,6789800
2007-08-03,33.95000076293945,33.95000076293945,33.064998626708984,33.099998474121094,22.062091827392578,7974200
2007-08-06,33.23500061035156,33.935001373291016,33.20500183105469,33.92499923706055,22.611974716186523,5341400
2007-08-07,34.03499984741211,34.564998626708984,33.470001220703125,34.404998779296875,22.931909561157227,7487800
2007-08-08,34.345001220703125,34.79999923706055,33.7599983215332,34.18000030517578,22.781938552856445,5553400
2007-08-09,33.334999084472656,33.92499923706055,33.23500061035156,33.25,22.162067413330078,8344800
2007-08-10,32.95000076293945,33.67499923706055,32.845001220703125,33.474998474121094,22.31203842163086,7152000
2007-08-13,33.650001525878906,33.650001525878906,32.779998779296875,33.150001525878906,22.095413208007812,6015400
2007-08-14,33.04999923706055,33.130001068115234,32.689998626708984,32.724998474121094,21.812145233154297,4459800
2007-08-15,32.654998779296875,33.19499969482422,32.3650016784668,32.45500183105469,21.632177352905273,6438000
2007-08-16,32.275001525878906,32.814998626708984,31.875,32.720001220703125,21.80881118774414,10346400
2007-08-17,33.14500045776367,33.689998626708984,32.404998779296875,33.685001373291016,22.452003479003906,6679600
2007-08-20,33.564998626708984,33.935001373291016,33.025001525878906,33.29999923706055,22.195398330688477,5067400
2007-08-21,33.040000915527344,33.29999923706055,32.76499938964844,33.189998626708984,22.122068405151367,3431200
2007-08-22,33.5,33.529998779296875,33.04999923706055,33.39500045776367,22.258708953857422,3292000
2007-08-23,33.650001525878906,33.650001525878906,33.165000915527344,33.34000015258789,22.222057342529297,3103600
2007-08-24,33.45500183105469,33.75,33.255001068115234,33.72999954223633,22.481998443603516,2298000
2007-08-27,33.60499954223633,33.69499969482422,33.07500076293945,33.1150016784668,22.072092056274414,2760400
2007-08-28,33.04499816894531,33.119998931884766,32.665000915527344,32.66999816894531,21.775474548339844,7645200
2007-08-29,32.775001525878906,33.2599983215332,32.755001068115234,33.2400016784668,22.15540313720703,3168600
2007-08-30,32.91999816894531,33.10499954223633,32.81999969482422,32.96500015258789,21.97211265563965,3027800
2007-08-31,33.13999938964844,33.3849983215332,32.915000915527344,33.15999984741211,22.10207748413086,3417200
2007-09-04,33.125,33.19499969482422,32.724998474121094,32.94499969482422,21.958768844604492,3528600
2007-09-05,32.75,32.97999954223633,32.5,32.685001373291016,21.785478591918945,4182000
2007-09-06,32.53499984741211,33.064998626708984,32.53499984741211,33.0,21.995431900024414,3003800
2007-09-07,32.71500015258789,33.1150016784668,32.60499954223633,32.71500015258789,21.805471420288086,4723000
2007-09-10,32.654998779296875,33.525001525878906,32.650001525878906,33.345001220703125,22.225387573242188,6455600
2007-09-11,33.44499969482422,33.83000183105469,33.209999084472656,33.654998779296875,22.4320125579834,4656200
2007-09-12,33.61000061035156,34.19499969482422,33.39500045776367,34.07500076293945,22.711957931518555,4619600
2007-09-13,34.20500183105469,34.54999923706055,33.6349983215332,33.79999923706055,22.528661727905273,5534400
2007-09-14,33.69499969482422,34.119998931884766,33.6349983215332,34.01499938964844,22.67194938659668,4368000
2007-09-17,33.779998779296875,34.334999084472656,33.77000045776367,34.119998931884766,22.7419490814209,4495800
2007-09-18,34.20000076293945,34.70500183105469,34.125,34.55500030517578,23.031875610351562,5100200
2007-09-19,34.72999954223633,35.025001525878906,34.25,34.94499969482422,23.291833877563477,5188600
2007-09-20,34.904998779296875,35.23500061035156,34.8650016784668,34.95000076293945,23.295167922973633,3586600
2007-09-21,35.2400016784668,35.2400016784668,34.849998474121094,34.92499923706055,23.27849769592285,5123800
2007-09-24,34.775001525878906,34.970001220703125,34.55500030517578,34.834999084472656,23.218507766723633,4773600
2007-09-25,34.7400016784668,35.45500183105469,34.625,35.349998474121094,23.561771392822266,6286800
2007-09-26,35.5,35.939998626708984,35.32500076293945,35.810001373291016,23.868385314941406,5011800
2007-09-27,35.82500076293945,35.95500183105469,35.56999969482422,35.790000915527344,23.85504722595215,4417400
2007-09-28,35.70000076293945,35.744998931884766,35.45500183105469,35.65999984741211,23.76840591430664,3913000
2007-10-01,35.849998474121094,35.90999984741211,35.564998626708984,35.779998779296875,23.848377227783203,7214800
2007-10-02,35.904998779296875,36.19499969482422,35.685001373291016,36.154998779296875,24.098325729370117,3973600
2007-10-03,35.974998474121094,36.08000183105469,35.595001220703125,35.689998626708984,23.78839111328125,3684000
2007-10-04,35.689998626708984,36.25,35.689998626708984,35.86000061035156,23.901708602905273,4172200
2007-10-05,35.900001525878906,36.154998779296875,35.720001220703125,36.064998626708984,24.038339614868164,4766400
2007-10-08,36.09000015258789,36.20000076293945,35.959999084472656,36.0,23.995019912719727,3944400
2007-10-09,36.150001525878906,36.5,36.005001068115234,36.43000030517578,24.2816219329834,5384200
2007-10-10,36.43000030517578,36.54999923706055,36.0,36.3849983215332,24.251625061035156,7857600
2007-10-11,36.525001525878906,36.84000015258789,36.3849983215332,36.79999923706055,24.528236389160156,9430800
2007-10-12,36.75,37.244998931884766,36.57500076293945,37.16999816894531,24.774852752685547,5370000
2007-10-15,37.224998474121094,37.2599983215332,36.65999984741211,36.83000183105469,24.548236846923828,4994400
2007-10-16,36.81999969482422,36.880001068115234,36.415000915527344,36.64500045776367,24.424928665161133,4480800
2007-10-17,36.67499923706055,36.79499816894531,36.334999084472656,36.42499923706055,24.278297424316406,4859800
2007-10-18,36.3650016784668,36.5,36.154998779296875,36.43000030517578,24.2816219329834,3355800
2007-10-19,36.279998779296875,36.595001220703125,35.91999816894531,35.91999816894531,23.941688537597656,5218200
2007-10-22,35.650001525878906,36.44499969482422,35.6349983215332,36.39500045776367,24.2582950592041,3668000
2007-10-23,36.51499938964844,36.709999084472656,36.255001068115234,36.60499954223633,24.398265838623047,3991600
2007-10-24,36.34000015258789,36.904998779296875,36.314998626708984,36.8650016784668,24.692995071411133,6451800
2007-10-25,36.91999816894531,36.94499969482422,36.595001220703125,36.845001220703125,24.679588317871094,5313800
2007-10-26,37.1349983215332,37.21500015258789,36.64500045776367,36.974998474121094,24.76666831970215,3752600
2007-10-29,37.005001068115234,37.349998474121094,36.80500030517578,37.130001068115234,24.870498657226562,5138600
2007-10-30,37.0,38.19499969482422,36.654998779296875,37.630001068115234,25.20541000366211,12118600
2007-10-31,37.689998626708984,38.1349983215332,37.375,38.1349983215332,25.543670654296875,6567800
2007-11-01,37.814998626708984,37.9900016784668,37.209999084472656,37.2599983215332,24.95755958557129,5966200
2007-11-02,37.92499923706055,38.060001373291016,36.92499923706055,37.36000061035156,25.024553298950195,6282800
2007-11-05,37.380001068115234,37.849998474121094,37.03499984741211,37.685001373291016,25.24224281311035,5425600
2007-11-06,37.720001220703125,37.93000030517578,37.525001525878906,37.7599983215332,25.29249382019043,4752400
2007-11-07,37.724998474121094,37.994998931884766,37.224998474121094,37.65999984741211,25.22550392150879,6666200
2007-11-08,38.03499984741211,38.03499984741211,37.23500061035156,38.0099983215332,25.45993995666504,7059000
2007-11-09,37.71500015258789,38.54999923706055,37.525001525878906,38.255001068115234,25.624034881591797,6883200
2007-11-12,38.255001068115234,38.790000915527344,38.09000015258789,38.38999938964844,25.714458465576172,6894600
2007-11-13,38.6349983215332,38.79999923706055,37.974998474121094,38.75,25.955608367919922,5515600
2007-11-14,39.0,39.5099983215332,38.525001525878906,39.060001373291016,26.16324234008789,8137800
2007-11-15,38.98500061035156,39.33000183105469,38.79999923706055,38.95000076293945,26.089570999145508,4768600
2007-11-16,39.15999984741211,39.525001525878906,38.95000076293945,39.400001525878906,26.3909854888916,7075000
2007-11-19,39.43000030517578,39.43000030517578,38.654998779296875,38.744998931884766,25.952259063720703,8075000
2007-11-20,38.72999954223633,39.70000076293945,38.72999954223633,39.435001373291016,26.41443634033203,9569800
2007-11-21,39.13999938964844,39.96500015258789,38.96500015258789,39.01499938964844,26.133115768432617,8023000
2007-11-23,39.19499969482422,39.630001068115234,39.19499969482422,39.5,26.457963943481445,2712400
2007-11-26,39.5,39.86000061035156,39.11000061035156,39.11000061035156,26.196748733520508,5513000
2007-11-27,39.349998474121094,39.650001525878906,39.1150016784668,39.57500076293945,26.508203506469727,6445600
2007-11-28,39.45500183105469,40.0,39.1349983215332,39.869998931884766,26.705808639526367,7651800
2007-11-29,40.0,40.09000015258789,39.5,40.07500076293945,26.843116760253906,5051000
2007-11-30,40.5,40.5,39.66999816894531,40.040000915527344,26.81968116760254,12290200
2007-12-03,40.0,40.29499816894531,39.67499923706055,40.025001525878906,26.80962562561035,5918400
2007-12-04,39.8650016784668,40.064998626708984,39.345001220703125,39.52000045776367,26.471370697021484,9703400
2007-12-05,39.90999984741211,39.994998931884766,39.5,39.61000061035156,26.53165054321289,6228400
2007-12-06,39.595001220703125,39.85499954223633,39.494998931884766,39.7400016784668,26.618728637695312,4721200
2007-12-07,39.875,40.1349983215332,39.845001220703125,39.904998779296875,26.729257583618164,4236400
2007-12-10,39.935001373291016,40.05500030517578,39.43000030517578,39.43000030517578,26.411081314086914,4604600
2007-12-11,39.40999984741211,39.79999923706055,39.224998474121094,39.525001525878906,26.474721908569336,5874400
2007-12-12,40.125,40.15999984741211,39.48500061035156,39.900001525878906,26.72589874267578,5539200
2007-12-13,39.78499984741211,40.369998931884766,39.76499938964844,40.19499969482422,26.92349624633789,3993800
2007-12-14,40.16999816894531,40.6349983215332,40.04999923706055,40.31999969482422,27.00722312927246,5126000
2007-12-17,40.224998474121094,40.45000076293945,39.470001220703125,39.529998779296875,26.478059768676758,6334200
2007-12-18,39.73500061035156,39.73500061035156,38.86000061035156,38.900001525878906,26.056081771850586,6664600
2007-12-19,39.095001220703125,39.099998474121094,38.744998931884766,38.97999954223633,26.10967445373535,5624000
2007-12-20,38.97999954223633,39.255001068115234,38.97999954223633,39.185001373291016,26.24698257446289,3243400
2007-12-21,39.22999954223633,39.70500183105469,39.15999984741211,39.3650016784668,26.367538452148438,5547000
2007-12-24,39.5,39.65999984741211,39.13999938964844,39.22999954223633,26.277114868164062,1581000
2007-12-26,39.0,39.59000015258789,39.0,39.494998931884766,26.454612731933594,1757200
2007-12-27,39.33000183105469,39.625,39.16999816894531,39.255001068115234,26.293867111206055,2143800
2007-12-28,39.095001220703125,39.54499816894531,39.095001220703125,39.369998931884766,26.37088394165039,1836800
2007-12-31,39.21500015258789,39.56999969482422,38.97999954223633,38.97999954223633,26.10967445373535,2375000
2008-01-02,39.0,39.17499923706055,38.43000030517578,38.66999816894531,25.902023315429688,4151800
2008-01-03,38.720001220703125,39.26499938964844,38.66999816894531,38.94499969482422,26.08622169494629,3275800
2008-01-04,38.69499969482422,39.625,38.69499969482422,39.38999938964844,26.384294509887695,6706200
2008-01-07,39.60499954223633,40.05500030517578,39.60499954223633,39.98500061035156,26.782835006713867,6082200
2008-01-08,40.0,40.79999923706055,39.630001068115234,39.9900016784668,26.78618621826172,8614400
2008-01-09,39.92499923706055,40.9900016784668,39.92499923706055,40.4900016784668,27.121091842651367,7698600
2008-01-10,40.26499938964844,40.814998626708984,40.26499938964844,40.45000076293945,27.094308853149414,5372400
2008-01-11,40.15999984741211,40.22999954223633,39.59000015258789,39.70500183105469,26.595294952392578,8826800
2008-01-14,39.970001220703125,40.04999923706055,39.665000915527344,39.685001373291016,26.581884384155273,4767200
2008-01-15,39.27000045776367,40.025001525878906,39.165000915527344,39.31999969482422,26.33739471435547,8005000
2008-01-16,39.11000061035156,39.970001220703125,39.11000061035156,39.35499954223633,26.36083984375,6995800
2008-01-17,39.38999938964844,39.63999938964844,38.56999969482422,38.64500045776367,25.88528060913086,8405400
2008-01-18,38.83000183105469,38.939998626708984,37.83000183105469,38.5,25.788150787353516,13300000
2008-01-22,36.564998626708984,38.26499938964844,36.0,37.474998474121094,25.101579666137695,12495800
2008-01-23,36.61000061035156,37.7599983215332,36.505001068115234,37.689998626708984,25.36744499206543,10327000
2008-01-24,37.755001068115234,37.935001373291016,37.16999816894531,37.22999954223633,25.057830810546875,7645800
2008-01-25,37.560001373291016,37.744998931884766,36.72999954223633,36.875,24.81890106201172,7556800
2008-01-28,36.560001373291016,37.34000015258789,36.560001373291016,37.15999984741211,25.010725021362305,5714000
2008-01-29,37.349998474121094,37.494998931884766,36.8849983215332,37.02000045776367,24.916484832763672,4790400
2008-01-30,37.14500045776367,37.494998931884766,36.5099983215332,36.75,24.73476219177246,5965600
2008-01-31,37.439998626708984,38.60499954223633,37.064998626708984,38.25,25.744348526000977,11878000
2008-02-01,38.435001373291016,38.459999084472656,37.57500076293945,37.709999084472656,25.38089942932129,8075000
2008-02-04,37.720001220703125,37.94499969482422,37.25,37.34000015258789,25.13186264038086,5376000
2008-02-05,37.505001068115234,37.61000061035156,36.94499969482422,37.435001373291016,25.195810317993164,7904600
2008-02-06,37.685001373291016,37.935001373291016,37.154998779296875,37.22999954223633,25.057830810546875,5173800
2008-02-07,37.08000183105469,37.89500045776367,37.08000183105469,37.810001373291016,25.448200225830078,6742800
2008-02-08,37.68000030517578,37.775001525878906,37.1150016784668,37.15999984741211,25.010725021362305,4292600
2008-02-11,37.224998474121094,37.810001373291016,37.165000915527344,37.80500030517578,25.444826126098633,4161600
2008-02-12,37.959999084472656,38.36000061035156,37.68000030517578,38.36000061035156,25.818374633789062,4660600
2008-02-13,38.57500076293945,38.57500076293945,38.13999938964844,38.55500030517578,25.949636459350586,5315400
2008-02-14,38.69499969482422,38.744998931884766,38.060001373291016,38.10499954223633,25.646759033203125,4330000
2008-02-15,38.03499984741211,38.19499969482422,37.564998626708984,37.65999984741211,25.347251892089844,5199200
2008-02-19,38.01499938964844,38.09000015258789,37.275001525878906,37.459999084472656,25.2126407623291,5486400
2008-02-20,37.209999084472656,38.01499938964844,37.18000030517578,38.0099983215332,25.58281707763672,5499600
2008-02-21,38.064998626708984,38.1150016784668,37.560001373291016,37.584999084472656,25.296762466430664,4142400
2008-02-22,37.665000915527344,38.20000076293945,37.619998931884766,38.09000015258789,25.636653900146484,4154200
2008-02-25,38.185001373291016,38.57500076293945,38.060001373291016,38.564998626708984,25.95635414123535,3851400
2008-02-26,38.31999969482422,38.654998779296875,38.084999084472656,38.4900016784668,25.9058780670166,5210800
2008-02-27,38.334999084472656,38.849998474121094,38.334999084472656,38.7400016784668,26.074155807495117,5397600
2008-02-28,38.540000915527344,38.834999084472656,38.45500183105469,38.61000061035156,25.98665428161621,4490800
2008-02-29,38.2599983215332,38.79499816894531,38.0,38.04499816894531,25.60637664794922,3909600
2008-03-03,38.07500076293945,38.43000030517578,37.994998931884766,38.41999816894531,25.858762741088867,3277000
2008-03-04,38.0,38.54499816894531,38.0,38.470001220703125,25.892419815063477,5967800
2008-03-05,38.73500061035156,38.73500061035156,37.94499969482422,38.314998626708984,25.788095474243164,4637200
2008-03-06,38.20500183105469,38.29999923706055,37.814998626708984,37.849998474121094,25.475126266479492,6212800
2008-03-07,37.724998474121094,37.88999938964844,37.279998779296875,37.44499969482422,25.202533721923828,5497800
2008-03-10,37.404998779296875,37.994998931884766,37.404998779296875,37.595001220703125,25.303503036499023,5614200
2008-03-11,38.040000915527344,38.21500015258789,37.599998474121094,38.209999084472656,25.717424392700195,5102200
2008-03-12,38.35499954223633,38.55500030517578,38.154998779296875,38.21500015258789,25.720788955688477,3559000
2008-03-13,37.76499938964844,38.73500061035156,37.76499938964844,38.560001373291016,25.952991485595703,5324800
2008-03-14,38.849998474121094,38.849998474121094,37.720001220703125,38.13999938964844,25.670305252075195,7629800
2008-03-17,37.314998626708984,38.525001525878906,37.314998626708984,38.33000183105469,25.798200607299805,7001600
2008-03-18,38.529998779296875,38.814998626708984,38.20500183105469,38.80500030517578,26.11789321899414,5408000
2008-03-19,39.04999923706055,39.15999984741211,38.63999938964844,38.63999938964844,26.0068359375,4983000
2008-03-20,38.689998626708984,38.83000183105469,38.42499923706055,38.75,26.08087730407715,5673000
2008-03-24,38.83000183105469,38.95500183105469,38.564998626708984,38.810001373291016,26.121259689331055,4187000
2008-03-25,38.900001525878906,39.21500015258789,38.55500030517578,39.04499816894531,26.279422760009766,4642400
2008-03-26,39.03499984741211,39.099998474121094,38.654998779296875,38.779998779296875,26.101064682006836,4261400
2008-03-27,38.939998626708984,39.03499984741211,38.6150016784668,38.849998474121094,26.148178100585938,4563600
2008-03-28,39.125,39.25,38.95000076293945,39.060001373291016,26.289518356323242,3568200
2008-03-31,38.970001220703125,39.084999084472656,38.52000045776367,38.95500183105469,26.218854904174805,5186200
2008-04-01,39.150001525878906,39.23500061035156,38.81999969482422,39.19499969482422,26.380380630493164,5707800
2008-04-02,39.165000915527344,39.375,38.849998474121094,38.880001068115234,26.168365478515625,6451400
2008-04-03,38.95000076293945,39.06999969482422,38.790000915527344,38.95000076293945,26.215486526489258,3911400
2008-04-04,38.935001373291016,39.70000076293945,38.880001068115234,39.44499969482422,26.54865074157715,5369400
2008-04-07,39.654998779296875,39.654998779296875,38.88999938964844,39.17499923706055,26.36692237854004,5169000
2008-04-08,39.005001068115234,39.290000915527344,38.92499923706055,39.20000076293945,26.38375473022461,3378800
2008-04-09,39.25,39.474998474121094,39.04999923706055,39.31999969482422,26.464509963989258,3697000
2008-04-10,39.244998931884766,39.630001068115234,39.189998626708984,39.3650016784668,26.494802474975586,5086200
2008-04-11,39.0,39.494998931884766,38.93000030517578,39.0,26.249135971069336,3793000
2008-04-14,39.0,39.30500030517578,38.970001220703125,39.209999084472656,26.390480041503906,3267000
2008-04-15,39.314998626708984,39.314998626708984,38.85499954223633,39.154998779296875,26.35344886779785,3740800
2008-04-16,39.40999984741211,39.40999984741211,39.025001525878906,39.14500045776367,26.34674072265625,5998600
2008-04-17,39.15999984741211,39.32500076293945,38.81999969482422,38.849998474121094,26.148178100585938,4335800
2008-04-18,39.41999816894531,39.41999816894531,38.599998474121094,38.70500183105469,26.05059242248535,6704600
2008-04-21,38.689998626708984,38.84000015258789,38.625,38.72999954223633,26.067411422729492,5113200
2008-04-22,38.63999938964844,38.654998779296875,38.0,38.27000045776367,25.89150619506836,4355800
2008-04-23,38.4900016784668,38.4900016784668,37.97999954223633,38.20500183105469,25.847545623779297,4497400
2008-04-24,38.18000030517578,38.57500076293945,37.92499923706055,38.20500183105469,25.847545623779297,5538400
2008-04-25,38.505001068115234,38.505001068115234,37.92499923706055,38.04999923706055,25.74268341064453,5179000
2008-04-28,37.97999954223633,38.255001068115234,37.92499923706055,38.01499938964844,25.718990325927734,6174000
2008-04-29,38.0,38.540000915527344,37.88999938964844,37.88999938964844,25.634431838989258,5941200
2008-04-30,36.814998626708984,37.099998474121094,35.20500183105469,35.349998474121094,23.91598892211914,25013000
2008-05-01,35.939998626708984,36.61000061035156,35.66999816894531,36.380001068115234,24.612831115722656,14816000
2008-05-02,36.654998779296875,36.974998474121094,36.25,36.84000015258789,24.924049377441406,12315000
2008-05-05,36.86000061035156,36.86000061035156,36.52000045776367,36.6150016784668,24.771835327148438,5307000
2008-05-06,36.529998779296875,36.779998779296875,36.290000915527344,36.685001373291016,24.81917953491211,5295000
2008-05-07,36.685001373291016,36.755001068115234,35.91999816894531,35.93000030517578,24.308385848999023,8445000
2008-05-08,36.040000915527344,36.19499969482422,35.68000030517578,35.845001220703125,24.250898361206055,7469600
2008-05-09,35.6349983215332,35.814998626708984,35.54499816894531,35.60499954223633,24.088504791259766,7500200
2008-05-12,35.625,35.79499816894531,35.375,35.505001068115234,24.020858764648438,6306600
2008-05-13,35.525001525878906,35.7400016784668,35.35499954223633,35.404998779296875,23.953208923339844,9324600
2008-05-14,35.494998931884766,35.8849983215332,35.404998779296875,35.79999923706055,24.22044563293457,8330800
2008-05-15,35.88999938964844,36.150001525878906,35.6349983215332,36.150001525878906,24.457229614257812,9032800
2008-05-16,36.20000076293945,36.42499923706055,36.0,36.25,24.524885177612305,6690200
2008-05-19,36.25,36.375,35.935001373291016,36.040000915527344,24.382816314697266,8492600
2008-05-20,35.935001373291016,36.30500030517578,35.775001525878906,35.88999938964844,24.281326293945312,7292800
2008-05-21,35.88999938964844,36.29499816894531,35.689998626708984,35.76499938964844,24.19676399230957,10621800
2008-05-22,35.744998931884766,36.1150016784668,35.57500076293945,36.07500076293945,24.406492233276367,8771400
2008-05-23,35.939998626708984,36.23500061035156,35.869998931884766,36.06999969482422,24.403106689453125,5084800
2008-05-27,36.11000061035156,36.44499969482422,36.06999969482422,36.224998474121094,24.507966995239258,6696000
2008-05-28,36.3650016784668,36.4900016784668,36.13999938964844,36.42499923706055,24.643281936645508,5322000
2008-05-29,36.43000030517578,36.79999923706055,36.25,36.75,24.8631591796875,5061800
2008-05-30,36.78499984741211,37.25,36.685001373291016,37.18000030517578,25.15407943725586,12800000
2008-06-02,37.0,37.13999938964844,36.345001220703125,36.58000183105469,24.748144149780273,7952000
2008-06-03,36.6349983215332,36.939998626708984,36.494998931884766,36.67499923706055,24.812416076660156,8187800
2008-06-04,36.6349983215332,37.290000915527344,36.400001525878906,37.244998931884766,25.19805335998535,6785200
2008-06-05,37.3650016784668,37.58000183105469,36.959999084472656,37.52000045776367,25.38410186767578,8674000
2008-06-06,37.28499984741211,37.28499984741211,36.314998626708984,36.345001220703125,24.589160919189453,7465400
2008-06-09,36.494998931884766,36.52000045776367,36.130001068115234,36.45000076293945,24.660188674926758,5067200
2008-06-10,36.14500045776367,37.5,36.14500045776367,37.165000915527344,25.1439266204834,6730800
2008-06-11,37.0,37.279998779296875,36.775001525878906,36.900001525878906,24.964649200439453,5101200
2008-06-12,36.900001525878906,37.209999084472656,36.529998779296875,36.67499923706055,24.812416076660156,4629600
2008-06-13,36.720001220703125,36.779998779296875,36.10499954223633,36.650001525878906,24.795501708984375,4909000
2008-06-16,36.48500061035156,36.505001068115234,36.0,36.41999816894531,24.6398983001709,4273000
2008-06-17,36.529998779296875,36.58000183105469,36.154998779296875,36.19499969482422,24.487668991088867,4676600
2008-06-18,36.01499938964844,36.45000076293945,35.775001525878906,35.85499954223633,24.257648468017578,4925000
2008-06-19,35.77000045776367,36.08000183105469,35.6150016784668,35.779998779296875,24.20690155029297,6933200
2008-06-20,35.744998931884766,35.744998931884766,34.56999969482422,34.80500030517578,23.547273635864258,10807400
2008-06-23,34.88999938964844,34.88999938964844,34.35499954223633,34.41999816894531,23.28679656982422,9214800
2008-06-24,34.29999923706055,34.415000915527344,34.11000061035156,34.220001220703125,23.1514892578125,9330400
2008-06-25,34.279998779296875,35.064998626708984,34.1349983215332,34.84000015258789,23.57094955444336,7256000
2008-06-26,34.505001068115234,35.040000915527344,34.334999084472656,34.60499954223633,23.411964416503906,8795400
2008-06-27,34.57500076293945,34.79499816894531,34.005001068115234,34.10499954223633,23.073686599731445,6826200
2008-06-30,34.224998474121094,35.165000915527344,34.10499954223633,34.54999923706055,23.374757766723633,8218000
2008-07-01,34.21500015258789,34.70500183105469,34.0099983215332,34.70000076293945,23.476240158081055,6148200
2008-07-02,34.845001220703125,34.86000061035156,34.45000076293945,34.51499938964844,23.35107421875,5440200
2008-07-03,34.73500061035156,35.28499984741211,34.625,35.17499923706055,23.797609329223633,3819000
2008-07-07,35.255001068115234,35.619998931884766,34.31999969482422,34.779998779296875,23.53036880493164,8658200
2008-07-08,34.79999923706055,35.040000915527344,34.625,34.939998626708984,23.638607025146484,7330200
2008-07-09,35.03499984741211,35.474998474121094,34.79499816894531,35.154998779296875,23.7840633392334,4891200
2008-07-10,35.19499969482422,35.38999938964844,34.64500045776367,34.935001373291016,23.635223388671875,5202400
2008-07-11,34.630001068115234,34.915000915527344,34.310001373291016,34.595001220703125,23.405197143554688,5562400
2008-07-14,34.65999984741211,35.025001525878906,34.2599983215332,34.47999954223633,23.327390670776367,5401600
2008-07-15,33.915000915527344,34.90999984741211,33.10499954223633,34.53499984741211,23.364601135253906,18791200
2008-07-16,34.5099983215332,34.75,34.189998626708984,34.57500076293945,23.39166259765625,8726600
2008-07-17,34.665000915527344,35.03499984741211,34.0,34.849998474121094,23.57771873474121,7107600
2008-07-18,34.92499923706055,34.92499923706055,34.349998474121094,34.41999816894531,23.28679656982422,6401400
2008-07-21,34.40999984741211,34.5099983215332,34.08000183105469,34.29499816894531,23.202224731445312,3508400
2008-07-22,34.1150016784668,35.08000183105469,34.1150016784668,35.04499816894531,23.84872817993164,6542400
2008-07-23,35.185001373291016,35.29999923706055,34.95000076293945,35.05500030517578,23.85552978515625,5792600
2008-07-24,34.92499923706055,35.255001068115234,34.755001068115234,34.994998931884766,23.814697265625,5286000
2008-07-25,35.14500045776367,35.38999938964844,34.470001220703125,34.599998474121094,23.545894622802734,5200200
2008-07-28,34.654998779296875,34.834999084472656,34.279998779296875,34.279998779296875,23.3281307220459,4475200
2008-07-29,35.599998474121094,37.31999969482422,35.599998474121094,37.07500076293945,25.230175018310547,13710200
2008-07-30,37.349998474121094,37.665000915527344,37.04999923706055,37.48500061035156,25.50918197631836,8878000
2008-07-31,37.345001220703125,37.584999084472656,36.89500045776367,37.1349983215332,25.270999908447266,6710200
2008-08-01,37.400001525878906,37.435001373291016,36.88999938964844,37.220001220703125,25.328859329223633,6107400
2008-08-04,37.244998931884766,37.64500045776367,37.11000061035156,37.45500183105469,25.4887752532959,5802200
2008-08-05,37.599998474121094,38.095001220703125,37.5,37.91999816894531,25.805206298828125,9203200
2008-08-06,37.85499954223633,38.119998931884766,37.185001373291016,38.060001373291016,25.900474548339844,6614000
2008-08-07,37.82500076293945,38.25,37.595001220703125,37.880001068115234,25.777986526489258,6079000
2008-08-08,37.88999938964844,39.290000915527344,37.56999969482422,39.1349983215332,26.632034301757812,9334200
2008-08-11,39.099998474121094,39.17499923706055,38.61000061035156,38.92499923706055,26.489133834838867,5805400
2008-08-12,38.75,39.21500015258789,38.67499923706055,38.970001220703125,26.519765853881836,4090000
2008-08-13,39.04499816894531,39.209999084472656,38.35499954223633,38.689998626708984,26.32921028137207,3670000
2008-08-14,38.3650016784668,38.939998626708984,38.275001525878906,38.755001068115234,26.373443603515625,4528200
2008-08-15,38.89500045776367,39.47999954223633,38.505001068115234,39.209999084472656,26.683076858520508,5791600
2008-08-18,39.220001220703125,39.255001068115234,38.560001373291016,38.875,26.455093383789062,4874800
2008-08-19,38.790000915527344,39.19499969482422,38.525001525878906,38.665000915527344,26.31219482421875,4665600
2008-08-20,38.58000183105469,38.75,38.04499816894531,38.244998931884766,26.026371002197266,6788800
2008-08-21,38.125,38.209999084472656,37.83000183105469,38.130001068115234,25.948110580444336,4228400
2008-08-22,38.20500183105469,38.685001373291016,38.17499923706055,38.630001068115234,26.288389205932617,3160800
2008-08-25,38.404998779296875,38.60499954223633,37.915000915527344,37.9900016784668,25.85285186767578,3065000
2008-08-26,38.04499816894531,38.150001525878906,37.650001525878906,37.93000030517578,25.812009811401367,3341800
2008-08-27,37.84000015258789,38.16999816894531,37.630001068115234,38.1150016784668,25.937908172607422,2379400
2008-08-28,38.26499938964844,38.5,37.92499923706055,38.404998779296875,26.13525390625,3199200
2008-08-29,38.255001068115234,38.54499816894531,38.01499938964844,38.01499938964844,25.869850158691406,3070800
2008-09-02,38.290000915527344,38.790000915527344,38.189998626708984,38.36000061035156,26.10463523864746,4082000
2008-09-03,38.03499984741211,38.7599983215332,38.03499984741211,38.529998779296875,26.220327377319336,5908000
2008-09-04,38.42499923706055,38.84000015258789,38.150001525878906,38.224998474121094,26.012765884399414,6581200
2008-09-05,38.23500061035156,38.60499954223633,37.915000915527344,38.53499984741211,26.22372817993164,6101800
2008-09-08,38.790000915527344,39.69499969482422,38.654998779296875,39.625,26.96548080444336,7849200
2008-09-09,39.685001373291016,39.775001525878906,39.28499984741211,39.29499816894531,26.74092674255371,7191000
2008-09-10,39.404998779296875,39.73500061035156,39.03499984741211,39.099998474121094,26.608224868774414,6252600
2008-09-11,38.91999816894531,39.7599983215332,38.625,39.7599983215332,27.057348251342773,7594000
2008-09-12,39.470001220703125,39.994998931884766,39.470001220703125,39.994998931884766,27.21728515625,6894400
2008-09-15,38.97999954223633,40.244998931884766,38.97999954223633,39.09000015258789,26.60140609741211,8569200
2008-09-16,38.665000915527344,39.505001068115234,38.61000061035156,39.25,26.71029281616211,9813600
2008-09-17,38.68000030517578,39.040000915527344,38.0099983215332,38.18000030517578,25.982145309448242,10422000
2008-09-18,38.31999969482422,38.81999969482422,37.27000045776367,38.439998626708984,26.159076690673828,12411600
2008-09-19,38.529998779296875,39.06999969482422,37.439998626708984,37.85499954223633,25.760974884033203,11386200
2008-09-22,37.529998779296875,37.994998931884766,36.619998931884766,36.75,25.009000778198242,5120600
2008-09-23,36.744998931884766,37.55500030517578,36.51499938964844,36.82500076293945,25.06005096435547,6069800
2008-09-24,37.01499938964844,37.505001068115234,36.439998626708984,37.404998779296875,25.454740524291992,4945600
2008-09-25,37.5099983215332,38.290000915527344,37.46500015258789,38.0,25.85964584350586,7383200
2008-09-26,37.619998931884766,38.665000915527344,37.619998931884766,38.529998779296875,26.220327377319336,5476800
2008-09-29,38.20000076293945,38.83000183105469,37.095001220703125,37.334999084472656,25.407108306884766,9029200
2008-09-30,37.584999084472656,37.78499984741211,37.07500076293945,37.67499923706055,25.63849449157715,7704200
2008-10-01,37.459999084472656,38.185001373291016,37.439998626708984,38.15999984741211,25.968538284301758,4906800
2008-10-02,38.0,38.73500061035156,37.34000015258789,38.380001068115234,26.118253707885742,10684600
2008-10-03,38.81999969482422,38.81999969482422,37.685001373291016,37.75,25.689525604248047,8116200
2008-10-06,37.224998474121094,37.60499954223633,35.55500030517578,36.314998626708984,24.71298599243164,11244000
2008-10-07,36.94499969482422,37.119998931884766,35.70000076293945,35.82500076293945,24.379526138305664,11646400
2008-10-08,34.66999816894531,35.66999816894531,33.834999084472656,33.93000030517578,23.089956283569336,16983400
2008-10-09,34.040000915527344,34.154998779296875,31.764999389648438,31.764999389648438,21.616626739501953,11007000
2008-10-10,30.600000381469727,32.10499954223633,28.704999923706055,30.375,20.67070960998535,20202200
2008-10-13,31.375,33.650001525878906,31.094999313354492,33.564998626708984,22.841554641723633,11127200
2008-10-14,34.375,34.5,31.31999969482422,32.0,21.77655029296875,13569000
2008-10-15,31.469999313354492,31.625,30.0,30.28499984741211,20.609460830688477,9371600
2008-10-16,30.485000610351562,31.5,29.229999542236328,31.30500030517578,21.303590774536133,12212800
2008-10-17,30.309999465942383,32.16999816894531,30.309999465942383,31.094999313354492,21.160676956176758,7984800
2008-10-20,31.809999465942383,32.30500030517578,31.165000915527344,32.30500030517578,21.98410415649414,6597800
2008-10-21,31.8700008392334,32.4900016784668,31.2549991607666,31.440000534057617,21.39546012878418,5335800
2008-10-22,30.850000381469727,31.114999771118164,28.915000915527344,29.40999984741211,20.14213752746582,10646800
2008-10-23,29.565000534057617,30.100000381469727,27.934999465942383,29.145000457763672,19.960647583007812,11125400
2008-10-24,27.5049991607666,28.790000915527344,27.30500030517578,27.969999313354492,19.155925750732422,8117200
2008-10-27,27.459999084472656,28.700000762939453,27.18000030517578,27.385000228881836,18.75527000427246,7561400
2008-10-28,27.860000610351562,30.059999465942383,27.764999389648438,29.959999084472656,20.518821716308594,12468000
2008-10-29,30.114999771118164,31.579999923706055,29.6299991607666,30.0,20.54621124267578,12126800
2008-10-30,32.005001068115234,32.75,31.28499984741211,32.1150016784668,21.99472427368164,12907600
2008-10-31,32.01499938964844,33.47999954223633,30.920000076293945,31.3799991607666,21.491350173950195,14387800
2008-11-03,32.290000915527344,32.290000915527344,31.575000762939453,31.764999389648438,21.75501823425293,7666400
2008-11-04,32.56999969482422,33.2599983215332,32.185001373291016,33.07500076293945,22.652202606201172,7230400
2008-11-05,32.724998474121094,32.93000030517578,31.59000015258789,31.854999542236328,21.816659927368164,7904200
2008-11-06,31.6299991607666,32.27000045776367,30.524999618530273,30.799999237060547,21.094118118286133,8843800
2008-11-07,31.065000534057617,31.510000228881836,30.735000610351562,31.510000228881836,21.58037757873535,6377800
2008-11-10,31.75,32.27000045776367,31.2549991607666,31.774999618530273,21.761863708496094,4780400
2008-11-11,31.600000381469727,32.06999969482422,30.540000915527344,30.954999923706055,21.200265884399414,7028000
2008-11-12,30.3799991607666,30.6200008392334,29.700000762939453,29.7549991607666,20.378419876098633,7035800
2008-11-13,29.979999542236328,31.850000381469727,29.30500030517578,31.850000381469727,21.813234329223633,8868400
2008-11-14,31.18000030517578,32.5,30.889999389648438,31.030000686645508,21.251636505126953,8332000
2008-11-17,30.704999923706055,32.21500015258789,30.704999923706055,31.040000915527344,21.258485794067383,6938200
2008-11-18,31.040000915527344,32.095001220703125,30.5,32.025001525878906,21.933082580566406,9638800
2008-11-19,32.0,32.61000061035156,31.4950008392334,31.4950008392334,21.570096969604492,9961400
2008-11-20,31.15999984741211,32.060001373291016,30.020000457763672,30.25,20.71743392944336,12410800
2008-11-21,30.899999618530273,31.5,29.625,31.325000762939453,21.45366859436035,13177600
2008-11-24,31.40999984741211,32.46500015258789,31.165000915527344,31.94499969482422,21.878292083740234,10444400
2008-11-25,32.06999969482422,32.599998474121094,30.8700008392334,31.3700008392334,21.484485626220703,9341200
2008-11-26,30.799999237060547,31.780000686645508,30.5,31.7450008392334,21.74132537841797,6487400
2008-11-28,31.65999984741211,32.65999984741211,31.65999984741211,32.53499984741211,22.282371520996094,3690400
2008-12-01,31.790000915527344,32.060001373291016,30.639999389648438,30.71500015258789,21.035905838012695,7131600
2008-12-02,31.229999542236328,31.395000457763672,30.21500015258789,31.325000762939453,21.45366859436035,7199000
2008-12-03,30.700000762939453,31.875,30.1299991607666,31.81999969482422,21.792680740356445,6291400
2008-12-04,31.520000457763672,31.854999542236328,30.489999771118164,30.8799991607666,21.148900985717773,6221800
2008-12-05,30.434999465942383,31.6200008392334,29.96500015258789,31.5049991607666,21.57695198059082,7937800
2008-12-08,32.0,32.185001373291016,30.389999389648438,30.690000534057617,21.018779754638672,8576000
2008-12-09,30.565000534057617,31.084999084472656,29.854999542236328,29.989999771118164,20.539365768432617,7801400
2008-12-10,30.315000534057617,30.364999771118164,29.264999389648438,29.584999084472656,20.261993408203125,7205200
2008-12-11,29.69499969482422,29.9950008392334,28.959999084472656,29.280000686645508,20.053110122680664,8894400
2008-12-12,28.565000534057617,29.719999313354492,28.565000534057617,29.610000610351562,20.279115676879883,7036200
2008-12-15,29.834999084472656,30.049999237060547,29.209999084472656,29.700000762939453,20.34075355529785,5970400
2008-12-16,29.704999923706055,31.354999542236328,29.674999237060547,31.309999465942383,21.443401336669922,9460600
2008-12-17,30.924999237060547,31.424999237060547,30.795000076293945,31.09000015258789,21.292734146118164,6604400
2008-12-18,31.350000381469727,32.5,31.260000228881836,31.959999084472656,21.888565063476562,10490000
2008-12-19,32.41999816894531,32.834999084472656,32.005001068115234,32.5,22.25839614868164,11334200
2008-12-22,32.79499816894531,33.150001525878906,32.380001068115234,33.06999969482422,22.648773193359375,6930000
2008-12-23,33.16999816894531,33.48500061035156,32.724998474121094,32.92499923706055,22.54947280883789,7869600
2008-12-24,33.17499923706055,33.869998931884766,33.0,33.810001373291016,23.15558624267578,3317400
2008-12-26,33.91999816894531,34.18000030517578,33.595001220703125,34.04999923706055,23.31995391845703,5504000
2008-12-29,33.9900016784668,34.09000015258789,33.16999816894531,33.69499969482422,23.07682228088379,6049400
2008-12-30,33.9900016784668,34.334999084472656,33.70000076293945,34.0099983215332,23.29255485534668,5864800
2008-12-31,34.02000045776367,34.44499969482422,33.86000061035156,34.27000045776367,23.470632553100586,7437400
2009-01-02,34.23500061035156,34.85499954223633,33.849998474121094,34.65999984741211,23.73773193359375,6090600
2009-01-05,34.54499816894531,34.619998931884766,33.77000045776367,34.01499938964844,23.295978546142578,7160800
2009-01-06,34.0099983215332,34.380001068115234,33.15999984741211,33.25,22.77205467224121,9178400
2009-01-07,32.92499923706055,33.22999954223633,32.790000915527344,32.959999084472656,22.57344627380371,6319000
2009-01-08,32.8849983215332,33.10499954223633,32.400001525878906,32.77000045776367,22.443313598632812,7237800
2009-01-09,32.689998626708984,32.9900016784668,32.375,32.45000076293945,22.22416114807129,6939800
2009-01-12,32.59000015258789,32.93000030517578,32.400001525878906,32.79499816894531,22.460433959960938,6264000
2009-01-13,32.82500076293945,33.03499984741211,31.9950008392334,32.224998474121094,22.0700626373291,7967000
2009-01-14,32.060001373291016,32.125,31.100000381469727,31.40999984741211,21.511886596679688,7007600
2009-01-15,31.3700008392334,31.625,30.834999084472656,31.530000686645508,21.594070434570312,6604400
2009-01-16,31.860000610351562,31.940000534057617,31.219999313354492,31.770000457763672,21.758434295654297,8621800
2009-01-20,31.729999542236328,32.154998779296875,31.25,31.280000686645508,21.4228572845459,8358400
2009-01-21,31.5049991607666,31.78499984741211,30.979999542236328,31.71500015258789,21.72076988220215,6846800
2009-01-22,31.274999618530273,31.4950008392334,30.670000076293945,31.28499984741211,21.562253952026367,7801600
2009-01-23,30.94499969482422,31.06999969482422,30.299999237060547,30.84000015258789,21.255544662475586,7613200
2009-01-26,30.84000015258789,31.15999984741211,30.584999084472656,30.889999389648438,21.290014266967773,4914200
2009-01-27,30.989999771118164,31.450000762939453,30.975000381469727,31.110000610351562,21.441638946533203,6133200
2009-01-28,31.315000534057617,32.16999816894531,31.094999313354492,31.924999237060547,22.00335693359375,8023400
2009-01-29,32.25,33.5,32.21500015258789,32.61000061035156,22.475461959838867,10304400
2009-01-30,32.77000045776367,32.97999954223633,32.345001220703125,32.52000045776367,22.4134464263916,9636600
2009-02-02,32.2599983215332,32.599998474121094,31.704999923706055,32.16999816894531,22.17220687866211,6558400
2009-02-03,32.31999969482422,33.125,32.150001525878906,32.880001068115234,22.66156768798828,7202600
2009-02-04,33.040000915527344,33.439998626708984,31.864999771118164,32.029998779296875,22.07572364807129,8991200
2009-02-05,31.895000457763672,32.3849983215332,31.46500015258789,32.209999084472656,22.199785232543945,8184200
2009-02-06,32.29499816894531,32.95500183105469,32.209999084472656,32.83000183105469,22.627094268798828,5313600
2009-02-09,32.709999084472656,32.994998931884766,31.809999465942383,32.07500076293945,22.10672950744629,7440800
2009-02-10,31.96500015258789,32.33000183105469,31.094999313354492,31.31999969482422,21.586381912231445,6832000
2009-02-11,31.510000228881836,31.635000228881836,31.135000228881836,31.450000762939453,21.67597198486328,4242200
2009-02-12,31.344999313354492,31.655000686645508,30.844999313354492,31.655000686645508,21.817264556884766,4379200
2009-02-13,31.614999771118164,32.08000183105469,31.43000030517578,31.565000534057617,21.755233764648438,5013600
2009-02-17,31.200000762939453,31.239999771118164,30.299999237060547,30.549999237060547,21.05567741394043,6260400
2009-02-18,30.760000228881836,30.875,30.25,30.44499969482422,20.983314514160156,5025200
2009-02-19,30.639999389648438,30.8700008392334,30.229999542236328,30.360000610351562,20.92473030090332,4831800
2009-02-20,30.05500030517578,30.3700008392334,29.6200008392334,29.739999771118164,20.497407913208008,9235600
2009-02-23,29.7549991607666,30.045000076293945,29.174999237060547,29.200000762939453,20.12523078918457,6735800
2009-02-24,29.3799991607666,29.889999389648438,29.165000915527344,29.760000228881836,20.511199951171875,6594200
2009-02-25,29.665000915527344,29.829999923706055,29.260000228881836,29.43000030517578,20.283756256103516,6509000
2009-02-26,29.559999465942383,30.0,29.375,29.670000076293945,20.449155807495117,8933000
2009-02-27,29.434999465942383,30.489999771118164,29.135000228881836,30.09000015258789,20.73863983154297,9568400
2009-03-02,29.7450008392334,29.770000457763672,29.020000457763672,29.06999969482422,20.035634994506836,8626600
2009-03-03,29.204999923706055,29.399999618530273,28.5,28.65999984741211,19.753053665161133,7474400
2009-03-04,28.940000534057617,29.71500015258789,28.559999465942383,29.299999237060547,20.19415283203125,7195200
2009-03-05,28.770000457763672,29.0,27.780000686645508,28.014999389648438,19.30850601196289,7896400
2009-03-06,28.110000610351562,28.655000686645508,27.399999618530273,28.024999618530273,19.315397262573242,9560000
2009-03-09,27.735000610351562,27.905000686645508,27.2549991607666,27.524999618530273,18.97078514099121,8615000
2009-03-10,27.895000457763672,27.950000762939453,27.454999923706055,27.920000076293945,19.24302864074707,9061200
2009-03-11,28.049999237060547,28.5,27.93000030517578,28.190000534057617,19.429126739501953,5569200
2009-03-12,28.114999771118164,28.309999465942383,27.65999984741211,28.2549991607666,19.473920822143555,9433400
2009-03-13,28.434999465942383,28.899999618530273,28.1299991607666,28.809999465942383,19.8564395904541,6373400
2009-03-16,29.06999969482422,29.264999389648438,28.594999313354492,28.65999984741211,19.753053665161133,6898400
2009-03-17,28.6299991607666,29.514999389648438,28.610000610351562,29.454999923706055,20.300979614257812,5401000
2009-03-18,29.334999084472656,29.360000610351562,28.69499969482422,28.8700008392334,19.897789001464844,7761400
2009-03-19,29.0,29.114999771118164,28.55500030517578,28.655000686645508,19.74960708618164,6654200
2009-03-20,28.684999465942383,29.274999618530273,28.674999237060547,28.684999465942383,19.770282745361328,7520800
2009-03-23,29.084999084472656,29.65999984741211,28.8700008392334,29.655000686645508,20.438823699951172,5760000
2009-03-24,29.389999389648438,29.774999618530273,29.225000381469727,29.235000610351562,20.149354934692383,6087800
2009-03-25,29.5049991607666,29.8700008392334,29.25,29.614999771118164,20.411256790161133,6344000
2009-03-26,29.799999237060547,30.174999237060547,29.40999984741211,30.145000457763672,20.77654457092285,8249600
2009-03-27,29.790000915527344,30.110000610351562,29.549999237060547,29.7549991607666,20.50774574279785,4654600
2009-03-30,29.5,29.55500030517578,28.950000762939453,29.395000457763672,20.259632110595703,5664200
2009-03-31,29.530000686645508,29.895000457763672,29.290000915527344,29.489999771118164,20.32509994506836,5539200
2009-04-01,29.065000534057617,29.530000686645508,28.5,29.399999618530273,20.26307487487793,10762400
2009-04-02,29.575000762939453,30.924999237060547,29.575000762939453,30.614999771118164,21.100481033325195,11422400
2009-04-03,30.71500015258789,30.7549991607666,29.899999618530273,30.219999313354492,20.82823371887207,7900400
2009-04-06,30.104999542236328,30.604999542236328,30.010000228881836,30.55500030517578,21.059125900268555,5404600
2009-04-07,30.229999542236328,30.43000030517578,29.969999313354492,30.165000915527344,20.790328979492188,5179600
2009-04-08,30.19499969482422,30.459999084472656,29.875,30.309999465942383,20.890260696411133,6959600
2009-04-09,30.420000076293945,30.639999389648438,29.43000030517578,29.899999618530273,20.60767936706543,8280600
2009-04-13,29.895000457763672,29.895000457763672,29.125,29.2450008392334,20.156248092651367,7106400
2009-04-14,29.225000381469727,29.229999542236328,28.584999084472656,28.645000457763672,19.742713928222656,7471600
2009-04-15,28.575000762939453,29.024999618530273,28.575000762939453,29.014999389648438,19.997726440429688,7496000
2009-04-16,29.19499969482422,29.760000228881836,29.079999923706055,29.610000610351562,20.407812118530273,8947600
2009-04-17,29.719999313354492,30.65999984741211,29.459999084472656,30.40999984741211,20.959186553955078,9646600
2009-04-20,30.299999237060547,30.565000534057617,30.114999771118164,30.239999771118164,20.842016220092773,6097000
2009-04-21,30.079999923706055,30.665000915527344,30.049999237060547,30.299999237060547,20.883373260498047,5864000
2009-04-22,30.030000686645508,30.104999542236328,29.565000534057617,29.614999771118164,20.5605411529541,7943800
2009-04-23,29.530000686645508,29.735000610351562,29.184999465942383,29.485000610351562,20.470287322998047,6511000
2009-04-24,29.645000457763672,29.78499984741211,29.204999923706055,29.579999923706055,20.536243438720703,5394600
2009-04-27,29.540000915527344,30.100000381469727,29.395000457763672,29.684999465942383,20.609146118164062,6155200
2009-04-28,29.6200008392334,29.844999313354492,29.315000534057617,29.489999771118164,20.473756790161133,4782200
2009-04-29,29.655000686645508,30.030000686645508,29.46500015258789,29.854999542236328,20.727161407470703,7450200
2009-04-30,30.219999313354492,30.219999313354492,29.09000015258789,29.5,20.48070526123047,11936200
2009-05-01,29.559999465942383,30.989999771118164,29.415000915527344,30.700000762939453,21.31381607055664,14063000
2009-05-04,30.905000686645508,31.25,30.7450008392334,31.135000228881836,21.615808486938477,8247400
2009-05-05,31.290000915527344,31.290000915527344,30.510000228881836,30.780000686645508,21.36935806274414,8345800
2009-05-06,31.065000534057617,31.149999618530273,30.424999237060547,30.674999237060547,21.29645538330078,8936400
2009-05-07,30.850000381469727,31.075000762939453,30.604999542236328,30.934999465942383,21.47696304321289,9419400
2009-05-08,31.170000076293945,31.225000381469727,30.55500030517578,30.90999984741211,21.459609985351562,6750400
2009-05-11,30.610000610351562,31.19499969482422,30.5,31.094999313354492,21.588041305541992,7236000
2009-05-12,31.170000076293945,31.795000076293945,31.0,31.729999542236328,22.02890396118164,9083000
2009-05-13,31.524999618530273,32.20500183105469,31.25,32.06999969482422,22.264944076538086,12716800
2009-05-14,32.125,32.20500183105469,31.575000762939453,31.719999313354492,22.021957397460938,8056600
2009-05-15,31.71500015258789,32.0099983215332,31.594999313354492,31.7450008392334,22.03931999206543,6349600
2009-05-18,32.025001525878906,32.2400016784668,31.78499984741211,32.2400016784668,22.382972717285156,6383200
2009-05-19,32.11000061035156,32.25,31.950000762939453,32.10499954223633,22.289247512817383,6902400
2009-05-20,31.8799991607666,32.19499969482422,31.6299991607666,31.950000762939453,22.181642532348633,9370800
2009-05-21,31.600000381469727,31.959999084472656,31.375,31.950000762939453,22.181642532348633,7062800
2009-05-22,31.950000762939453,32.31999969482422,31.795000076293945,32.05500030517578,22.254535675048828,6333000
2009-05-26,31.90999984741211,32.459999084472656,31.780000686645508,32.380001068115234,22.48017692565918,7397000
2009-05-27,32.32500076293945,32.380001068115234,31.649999618530273,31.75,22.04278564453125,6959800
2009-05-28,31.84000015258789,32.04999923706055,31.450000762939453,31.985000610351562,22.205944061279297,7615000
2009-05-29,32.01499938964844,32.97999954223633,31.959999084472656,32.974998474121094,22.89326286315918,9748800
2009-06-01,33.14500045776367,34.779998779296875,33.14500045776367,34.709999084472656,24.097803115844727,14844800
2009-06-02,34.560001373291016,35.2599983215332,34.540000915527344,35.119998931884766,24.382455825805664,15511400
2009-06-03,34.90999984741211,35.44499969482422,34.77000045776367,35.41999816894531,24.590728759765625,13098200
2009-06-04,35.345001220703125,35.65999984741211,35.07500076293945,35.65999984741211,24.75735855102539,10542800
2009-06-05,35.6349983215332,35.849998474121094,35.25,35.45000076293945,24.611553192138672,7664600
2009-06-08,35.119998931884766,35.665000915527344,34.96500015258789,35.439998626708984,24.60460662841797,6432600
2009-06-09,35.44499969482422,35.45000076293945,34.98500061035156,35.084999084472656,24.3581485748291,6111000
2009-06-10,35.07500076293945,35.400001525878906,34.974998474121094,35.18000030517578,24.424102783203125,8693400
2009-06-11,35.17499923706055,35.595001220703125,35.095001220703125,35.130001068115234,24.389400482177734,5168400
2009-06-12,34.97999954223633,36.0,34.89500045776367,35.689998626708984,24.77817153930664,6137200
2009-06-15,35.40999984741211,35.40999984741211,34.880001068115234,34.97999954223633,24.28525733947754,5656000
2009-06-16,35.150001525878906,35.150001525878906,34.15999984741211,34.29999923706055,23.813148498535156,9194400
2009-06-17,34.26499938964844,34.994998931884766,34.25,34.7599983215332,24.132516860961914,5595200
2009-06-18,34.85499954223633,35.540000915527344,34.71500015258789,35.404998779296875,24.58031463623047,5114000
2009-06-19,35.69499969482422,35.84000015258789,35.099998474121094,35.28499984741211,24.496999740600586,8596400
2009-06-22,34.994998931884766,35.58000183105469,34.97999954223633,35.275001525878906,24.49005889892578,4858800
2009-06-23,35.29499816894531,35.400001525878906,34.939998626708984,35.18000030517578,24.424102783203125,4324400
2009-06-24,35.369998931884766,35.43000030517578,34.90999984741211,35.095001220703125,24.36509132385254,5642200
2009-06-25,35.03499984741211,35.869998931884766,34.82500076293945,35.720001220703125,24.79900550842285,6864600
2009-06-26,35.619998931884766,36.095001220703125,35.560001373291016,35.880001068115234,24.910093307495117,5538600
2009-06-29,35.8849983215332,36.244998931884766,35.7400016784668,35.869998931884766,24.90314483642578,5767200
2009-06-30,35.72999954223633,35.94499969482422,35.04999923706055,35.369998931884766,24.556020736694336,7424200
2009-07-01,35.46500015258789,36.189998626708984,35.46500015258789,36.06999969482422,25.041990280151367,5827400
2009-07-02,35.845001220703125,36.220001220703125,35.724998474121094,36.040000915527344,25.02117347717285,5853200
2009-07-06,36.09000015258789,37.244998931884766,35.790000915527344,37.189998626708984,25.819564819335938,10624800
2009-07-07,37.13999938964844,37.13999938964844,36.45500183105469,36.560001373291016,25.382192611694336,7122000
2009-07-08,36.459999084472656,36.814998626708984,36.349998474121094,36.66999816894531,25.45854377746582,6205400
2009-07-09,36.86000061035156,36.935001373291016,36.42499923706055,36.529998779296875,25.36135482788086,4157600
2009-07-10,36.41999816894531,36.41999816894531,35.494998931884766,35.6150016784668,24.726112365722656,8419400
2009-07-13,35.67499923706055,36.619998931884766,35.6349983215332,36.41999816894531,25.284988403320312,5881000
2009-07-14,36.505001068115234,36.68000030517578,36.334999084472656,36.66999816894531,25.45854377746582,3790600
2009-07-15,37.0,37.0,36.45000076293945,36.54999923706055,25.375246047973633,6244200
2009-07-16,36.3849983215332,37.06999969482422,36.3849983215332,36.77000045776367,25.527982711791992,4793800
2009-07-17,36.79999923706055,36.994998931884766,36.625,36.7599983215332,25.521039962768555,4821400
2009-07-20,36.869998931884766,36.92499923706055,36.334999084472656,36.71500015258789,25.48980140686035,4901000
2009-07-21,36.95000076293945,37.21500015258789,36.525001525878906,36.900001525878906,25.618240356445312,5915000
2009-07-22,36.71500015258789,37.13999938964844,36.599998474121094,36.720001220703125,25.64617156982422,6398400
2009-07-23,36.7400016784668,37.630001068115234,36.654998779296875,37.290000915527344,26.044273376464844,5858400
2009-07-24,37.22999954223633,37.619998931884766,37.209999084472656,37.54999923706055,26.22585105895996,4331200
2009-07-27,37.619998931884766,37.630001068115234,37.30500030517578,37.54999923706055,26.22585105895996,4093000
2009-07-28,37.41999816894531,37.7400016784668,37.41999816894531,37.685001373291016,26.32015037536621,3867600
2009-07-29,37.45000076293945,38.0,37.349998474121094,37.92499923706055,26.487768173217773,4886600
2009-07-30,37.099998474121094,37.150001525878906,35.54499816894531,35.915000915527344,25.083942413330078,23081800
2009-07-31,36.1150016784668,36.525001525878906,35.564998626708984,36.220001220703125,25.29695701599121,9985400
2009-08-03,36.31999969482422,36.31999969482422,35.720001220703125,36.064998626708984,25.188701629638672,9429600
2009-08-04,36.04999923706055,36.35499954223633,35.98500061035156,36.10499954223633,25.21664810180664,5950800
2009-08-05,36.13999938964844,36.13999938964844,35.595001220703125,35.79999923706055,25.003618240356445,5519800
2009-08-06,35.845001220703125,35.8650016784668,35.5099983215332,35.75,24.968698501586914,5720600
2009-08-07,35.83000183105469,36.04999923706055,35.439998626708984,35.5099983215332,24.80107879638672,5716800
2009-08-10,35.45500183105469,35.68000030517578,35.2599983215332,35.650001525878906,24.898855209350586,5451600
2009-08-11,35.63999938964844,36.09000015258789,35.54999923706055,35.8849983215332,25.06298828125,5185000
2009-08-12,35.80500030517578,36.209999084472656,35.584999084472656,35.90999984741211,25.080440521240234,5017400
2009-08-13,35.8849983215332,36.03499984741211,35.5,36.01499938964844,25.153779983520508,3523000
2009-08-14,36.06999969482422,36.189998626708984,35.60499954223633,35.875,25.055999755859375,3252200
2009-08-17,35.44499969482422,35.7400016784668,35.35499954223633,35.66999816894531,24.912826538085938,3826600
2009-08-18,35.665000915527344,35.709999084472656,35.35499954223633,35.6349983215332,24.88838768005371,2967400
2009-08-19,35.435001373291016,36.06999969482422,35.3650016784668,35.98500061035156,25.132823944091797,3865000
2009-08-20,35.970001220703125,36.46500015258789,35.77000045776367,36.3849983215332,25.412195205688477,5105600
2009-08-21,36.650001525878906,36.810001373291016,36.34000015258789,36.58000183105469,25.54839515686035,5911200
2009-08-24,36.64500045776367,36.7400016784668,36.17499923706055,36.40999984741211,25.429651260375977,3456600
2009-08-25,36.474998474121094,36.709999084472656,36.314998626708984,36.54499816894531,25.52393913269043,4257200
2009-08-26,36.529998779296875,36.744998931884766,36.35499954223633,36.650001525878906,25.597286224365234,3808400
2009-08-27,36.70500183105469,36.7400016784668,36.400001525878906,36.6150016784668,25.572843551635742,3550200
2009-08-28,36.595001220703125,36.85499954223633,36.334999084472656,36.380001068115234,25.408702850341797,3375000
2009-08-31,36.22999954223633,36.63999938964844,36.18000030517578,36.349998474121094,25.387752532958984,3920800
2009-09-01,36.20000076293945,36.375,35.78499984741211,35.88999938964844,25.06647491455078,4819600
2009-09-02,35.85499954223633,36.119998931884766,35.6349983215332,36.0,25.143310546875,3995800
2009-09-03,36.13999938964844,36.13999938964844,35.224998474121094,35.584999084472656,24.853464126586914,6738000
2009-09-04,35.540000915527344,35.57500076293945,35.349998474121094,35.540000915527344,24.82203483581543,3965000
2009-09-08,35.720001220703125,35.95500183105469,35.599998474121094,35.744998931884766,24.965200424194336,4430000
2009-09-09,35.72999954223633,36.040000915527344,35.310001373291016,36.02000045776367,25.15727424621582,5466400
2009-09-10,36.08000183105469,36.6150016784668,35.970001220703125,36.6150016784668,25.572843551635742,8159000
2009-09-11,37.125,37.845001220703125,37.125,37.6150016784668,26.271263122558594,9739400
2009-09-14,37.28499984741211,37.73500061035156,37.20000076293945,37.525001525878906,26.208398818969727,7033800
2009-09-15,37.54999923706055,37.54999923706055,37.18000030517578,37.224998474121094,25.998872756958008,5164800
2009-09-16,37.310001373291016,37.790000915527344,37.20000076293945,37.755001068115234,26.36904525756836,5084400
2009-09-17,37.76499938964844,38.130001068115234,37.56999969482422,37.630001068115234,26.281742095947266,4281000
2009-09-18,37.849998474121094,38.31999969482422,37.79999923706055,38.04999923706055,26.57508087158203,8068600
2009-09-21,38.005001068115234,38.11000061035156,37.7400016784668,37.849998474121094,26.435388565063477,2862600
2009-09-22,37.84000015258789,37.95500183105469,37.625,37.83000183105469,26.42142105102539,5748400
2009-09-23,37.75,38.720001220703125,37.75,38.18000030517578,26.66587257385254,5430000
2009-09-24,38.209999084472656,38.625,38.04499816894531,38.189998626708984,26.672849655151367,4650600
2009-09-25,38.185001373291016,38.595001220703125,38.099998474121094,38.25,26.714759826660156,4824800
2009-09-28,38.435001373291016,38.540000915527344,38.150001525878906,38.189998626708984,26.672849655151367,3635800
2009-09-29,38.25,38.459999084472656,37.900001525878906,38.275001525878906,26.732221603393555,5111800
2009-09-30,38.279998779296875,38.349998474121094,37.959999084472656,38.13999938964844,26.637929916381836,5721200
2009-10-01,38.29999923706055,38.29999923706055,37.72999954223633,37.90999984741211,26.477294921875,6378800
2009-10-02,37.77000045776367,38.56999969482422,37.599998474121094,38.41999816894531,26.833494186401367,6175800
2009-10-05,38.415000915527344,38.529998779296875,37.83000183105469,38.43000030517578,26.840473175048828,6034800
2009-10-06,38.564998626708984,39.060001373291016,38.540000915527344,38.959999084472656,27.210643768310547,4391200
2009-10-07,38.83000183105469,38.915000915527344,38.6349983215332,38.880001068115234,27.154756546020508,3057000
2009-10-08,39.064998626708984,39.51499938964844,38.90999984741211,39.35499954223633,27.486509323120117,4960000
2009-10-09,39.41999816894531,39.42499923706055,39.150001525878906,39.35499954223633,27.486509323120117,3933200
2009-10-12,39.5099983215332,40.0099983215332,39.2599983215332,39.810001373291016,27.80429458618164,4450200
2009-10-13,39.75,39.75,39.13999938964844,39.33000183105469,27.46906280517578,4809600
2009-10-14,39.51499938964844,39.51499938964844,39.10499954223633,39.33000183105469,27.46906280517578,5493200
2009-10-15,39.26499938964844,39.459999084472656,39.10499954223633,39.3849983215332,27.507471084594727,5157200
2009-10-16,39.26499938964844,39.845001220703125,39.17499923706055,39.630001068115234,27.678590774536133,4797800
2009-10-19,39.619998931884766,39.845001220703125,39.28499984741211,39.73500061035156,27.751930236816406,4479800
2009-10-20,39.69499969482422,40.20500183105469,39.4900016784668,39.720001220703125,27.741443634033203,4260200
2009-10-21,39.689998626708984,40.07500076293945,39.40999984741211,39.459999084472656,27.55985450744629,4405000
2009-10-22,39.209999084472656,39.79499816894531,39.1150016784668,39.689998626708984,27.87590789794922,5971600
2009-10-23,39.81999969482422,39.900001525878906,38.71500015258789,38.86000061035156,27.2929630279541,6374000
2009-10-26,38.959999084472656,39.290000915527344,38.59000015258789,38.709999084472656,27.1876163482666,5445000
2009-10-27,38.67499923706055,39.17499923706055,38.619998931884766,38.92499923706055,27.338623046875,5342800
2009-10-28,38.959999084472656,39.349998474121094,38.625,38.84000015258789,27.278919219970703,6507400
2009-10-29,38.42499923706055,39.73500061035156,38.03499984741211,39.470001220703125,27.721393585205078,8522400
2009-10-30,39.4900016784668,40.04999923706055,39.040000915527344,39.314998626708984,27.612529754638672,9892600
2009-11-02,39.45500183105469,39.75,38.939998626708984,39.349998474121094,27.63711166381836,6205000
2009-11-03,39.22999954223633,39.32500076293945,38.630001068115234,38.775001525878906,27.23326873779297,6450400
2009-11-04,38.834999084472656,39.5099983215332,38.71500015258789,39.165000915527344,27.507171630859375,5717600
2009-11-05,39.29499816894531,39.82500076293945,39.099998474121094,39.79999923706055,27.953166961669922,4308200
2009-11-06,39.63999938964844,40.150001525878906,39.54499816894531,39.935001373291016,28.047977447509766,4932800
2009-11-09,40.02000045776367,40.654998779296875,39.57500076293945,40.6150016784668,28.52557945251465,6299400
2009-11-10,40.584999084472656,41.02000045776367,40.415000915527344,40.73500061035156,28.60985565185547,4930600
2009-11-11,40.91999816894531,41.040000915527344,40.6349983215332,40.86000061035156,28.697650909423828,4315800
2009-11-12,40.79499816894531,40.974998474121094,40.18000030517578,40.25,28.26922035217285,6447600
2009-11-13,40.35499954223633,40.834999084472656,40.35499954223633,40.744998931884766,28.616884231567383,5465800
2009-11-16,40.92499923706055,41.2599983215332,40.83000183105469,41.20000076293945,28.936437606811523,3756200
2009-11-17,41.18000030517578,41.44499969482422,41.025001525878906,41.41999816894531,29.090959548950195,4297400
2009-11-18,41.310001373291016,43.69499969482422,41.060001373291016,42.935001373291016,30.154998779296875,27909800
2009-11-19,42.5,42.5,41.790000915527344,42.209999084472656,29.645801544189453,10827800
2009-11-20,42.060001373291016,42.5099983215332,41.939998626708984,41.98500061035156,29.487781524658203,8190400
2009-11-23,42.310001373291016,42.54999923706055,42.18000030517578,42.28499984741211,29.698484420776367,4478200
2009-11-24,42.46500015258789,42.56999969482422,42.0,42.529998779296875,29.870563507080078,4345600
2009-11-25,42.63999938964844,42.7400016784668,42.185001373291016,42.22999954223633,29.65985870361328,3835000
2009-11-27,41.67499923706055,42.08000183105469,41.04999923706055,41.814998626708984,29.368392944335938,2629200
2009-11-30,41.84000015258789,42.34000015258789,41.56999969482422,42.095001220703125,29.565046310424805,5738200
2009-12-01,42.095001220703125,42.994998931884766,42.07500076293945,42.875,30.112865447998047,6139800
2009-12-02,42.935001373291016,43.29499816894531,42.67499923706055,43.15999984741211,30.313032150268555,6133000
2009-12-03,43.23500061035156,43.3849983215332,42.744998931884766,42.82500076293945,30.077756881713867,4573800
2009-12-04,43.0099983215332,43.3650016784668,42.375,42.60499954223633,29.92323875427246,4195400
2009-12-07,42.095001220703125,42.290000915527344,41.08000183105469,41.4900016784668,29.140125274658203,8540800
2009-12-08,41.290000915527344,41.310001373291016,40.88999938964844,41.0,28.795984268188477,6224600
2009-12-09,41.06999969482422,41.61000061035156,41.06999969482422,41.25,28.971555709838867,6148200
2009-12-10,41.470001220703125,41.64500045776367,41.31999969482422,41.40999984741211,29.083932876586914,4766400
2009-12-11,41.59000015258789,42.314998626708984,41.45000076293945,41.959999084472656,29.47021484375,4226800
2009-12-14,42.16999816894531,42.435001373291016,42.02000045776367,42.244998931884766,29.670387268066406,3478800
2009-12-15,42.20000076293945,42.334999084472656,41.810001373291016,42.25,29.673887252807617,4503800
2009-12-16,42.345001220703125,42.52000045776367,42.165000915527344,42.310001373291016,29.716039657592773,4721600
2009-12-17,42.07500076293945,42.11000061035156,41.25,41.439998626708984,29.104991912841797,4363600
2009-12-18,41.4900016784668,41.494998931884766,40.5,41.310001373291016,29.013710021972656,8689200
2009-12-21,41.38999938964844,41.90999984741211,41.369998931884766,41.6150016784668,29.227914810180664,4686200
2009-12-22,41.60499954223633,41.86000061035156,41.41999816894531,41.619998931884766,29.231430053710938,3145400
2009-12-23,41.654998779296875,41.84000015258789,41.525001525878906,41.720001220703125,29.301668167114258,3231600
2009-12-24,41.685001373291016,41.83000183105469,41.45000076293945,41.57500076293945,29.199831008911133,1893000
2009-12-28,41.720001220703125,41.720001220703125,41.2599983215332,41.474998474121094,29.129592895507812,5156400
2009-12-29,41.45000076293945,41.68000030517578,41.38999938964844,41.43000030517578,29.097978591918945,3511200
2009-12-30,41.334999084472656,41.6150016784668,41.25,41.42499923706055,29.09446907043457,3206000
2009-12-31,41.470001220703125,41.53499984741211,41.060001373291016,41.07500076293945,28.84865379333496,2650600
2010-01-04,41.244998931884766,41.439998626708984,40.93000030517578,41.42499923706055,29.09446907043457,4874200
2010-01-05,41.30500030517578,41.834999084472656,40.97999954223633,41.7599983215332,29.329757690429688,5296800
2010-01-06,41.810001373291016,41.875,41.20000076293945,41.665000915527344,29.26304054260254,7195200
2010-01-07,41.529998779296875,41.53499984741211,41.125,41.5,29.147130966186523,3752200
2010-01-08,40.10499954223633,40.83000183105469,40.04999923706055,40.755001068115234,28.623910903930664,8150200
2010-01-11,40.31999969482422,40.665000915527344,39.755001068115234,40.57500076293945,28.49748420715332,7054200
2010-01-12,39.814998626708984,40.599998474121094,39.814998626708984,40.34000015258789,28.332426071166992,5733800
2010-01-13,40.26499938964844,40.70000076293945,40.21500015258789,40.529998779296875,28.465883255004883,4570600
2010-01-14,40.38999938964844,40.4900016784668,40.07500076293945,40.209999084472656,28.241132736206055,5403800
2010-01-15,40.27000045776367,40.60499954223633,39.790000915527344,40.0,28.093637466430664,7913200
2010-01-19,40.01499938964844,40.3650016784668,39.89500045776367,40.29499816894531,28.30082893371582,4460400
2010-01-20,40.060001373291016,40.060001373291016,39.20000076293945,39.60499954223633,27.81621551513672,7762000
2010-01-21,40.119998931884766,40.47999954223633,39.130001068115234,39.53499984741211,27.922149658203125,9020200
2010-01-22,39.525001525878906,40.59000015258789,39.18000030517578,40.35499954223633,28.50128746032715,10959000
2010-01-25,40.564998626708984,40.724998474121094,39.915000915527344,40.23500061035156,28.416528701782227,6220000
2010-01-26,39.93000030517578,40.380001068115234,39.75,40.189998626708984,28.384748458862305,5581400
2010-01-27,40.19499969482422,40.40999984741211,39.83000183105469,40.19499969482422,28.388286590576172,6222200
2010-01-28,40.35499954223633,40.8650016784668,39.834999084472656,39.994998931884766,28.247028350830078,8153400
2010-01-29,40.23500061035156,40.43000030517578,39.650001525878906,40.01499938964844,28.261152267456055,6692600
2010-02-01,40.209999084472656,40.209999084472656,39.5099983215332,39.970001220703125,28.2293758392334,6400400
2010-02-02,39.91999816894531,40.53499984741211,39.7400016784668,40.525001525878906,28.621355056762695,5937400
2010-02-03,40.474998474121094,40.6150016784668,40.220001220703125,40.40999984741211,28.540136337280273,5777600
2010-02-04,40.22999954223633,40.375,39.80500030517578,39.834999084472656,28.134029388427734,7284000
2010-02-05,39.81999969482422,40.025001525878906,39.03499984741211,39.630001068115234,27.989242553710938,6091800
2010-02-08,39.76499938964844,39.89500045776367,39.474998474121094,39.54499816894531,27.929208755493164,3262400
2010-02-09,39.755001068115234,40.29999923706055,39.54999923706055,40.084999084472656,28.31058692932129,4059600
2010-02-10,40.13999938964844,40.13999938964844,39.529998779296875,39.90999984741211,28.18699836730957,3793400
2010-02-11,39.78499984741211,40.19499969482422,39.625,40.165000915527344,28.36710548400879,3524000
2010-02-12,40.05500030517578,40.130001068115234,39.54499816894531,39.83000183105469,28.1304931640625,4864600
2010-02-16,39.959999084472656,40.39500045776367,39.650001525878906,40.310001373291016,28.469501495361328,3914400
2010-02-17,40.40999984741211,40.689998626708984,40.275001525878906,40.599998474121094,28.674312591552734,3467800
2010-02-18,40.525001525878906,41.3650016784668,40.51499938964844,41.220001220703125,29.112207412719727,4855200
2010-02-19,41.209999084472656,41.209999084472656,40.6150016784668,40.875,28.868541717529297,4863000
2010-02-22,40.92499923706055,41.17499923706055,40.75,41.040000915527344,28.985065460205078,4043400
2010-02-23,41.064998626708984,41.244998931884766,40.619998931884766,40.94499969482422,28.91798210144043,4416600
2010-02-24,41.040000915527344,41.52000045776367,40.92499923706055,41.47999954223633,29.29583740234375,4016000
2010-02-25,40.869998931884766,41.654998779296875,40.435001373291016,41.55500030517578,29.348798751831055,5434400
2010-02-26,41.689998626708984,41.69499969482422,41.255001068115234,41.470001220703125,29.288776397705078,3667400
2010-03-01,41.61000061035156,41.91999816894531,41.45000076293945,41.89500045776367,29.588943481445312,3972200
2010-03-02,42.07500076293945,42.125,41.79499816894531,41.93000030517578,29.613649368286133,5687800
2010-03-03,41.880001068115234,42.130001068115234,41.79999923706055,41.93000030517578,29.613649368286133,3841400
2010-03-04,41.959999084472656,42.31999969482422,41.779998779296875,42.08000183105469,29.719602584838867,3954800
2010-03-05,42.189998626708984,42.19499969482422,41.82500076293945,42.10499954223633,29.737258911132812,5870000
2010-03-08,42.029998779296875,42.13999938964844,41.720001220703125,41.974998474121094,29.64543914794922,3466000
2010-03-09,41.810001373291016,42.46500015258789,41.7400016784668,42.25,29.83965301513672,4540800
2010-03-10,42.345001220703125,42.35499954223633,41.60499954223633,41.790000915527344,29.5147762298584,5145400
2010-03-11,41.625,42.040000915527344,41.38999938964844,42.040000915527344,29.69133949279785,4436200
2010-03-12,41.875,42.150001525878906,41.85499954223633,42.07500076293945,29.7160587310791,4126400
2010-03-15,41.9900016784668,42.224998474121094,41.91999816894531,42.185001373291016,29.79376220703125,3536800
2010-03-16,42.220001220703125,42.415000915527344,42.04499816894531,42.310001373291016,29.882034301757812,3490600
2010-03-17,42.3650016784668,42.3650016784668,41.900001525878906,42.314998626708984,29.88555908203125,4796600
2010-03-18,42.255001068115234,42.435001373291016,41.95500183105469,42.3849983215332,29.93500328063965,2695800
2010-03-19,42.41999816894531,42.54499816894531,42.14500045776367,42.41999816894531,29.95972442626953,5987200
2010-03-22,42.185001373291016,42.80500030517578,42.185001373291016,42.474998474121094,29.998563766479492,4573800
2010-03-23,42.474998474121094,42.78499984741211,42.2400016784668,42.66999816894531,30.13627815246582,4531200
2010-03-24,42.58000183105469,42.59000015258789,42.04499816894531,42.16999816894531,29.78314971923828,4359600
2010-03-25,42.23500061035156,42.27000045776367,41.685001373291016,41.70500183105469,29.454742431640625,5516600
2010-03-26,41.744998931884766,42.34000015258789,41.744998931884766,42.220001220703125,29.8184757232666,5112200
2010-03-29,42.17499923706055,42.6150016784668,42.125,42.4900016784668,30.009151458740234,2998400
2010-03-30,42.459999084472656,42.814998626708984,42.31999969482422,42.72999954223633,30.17865753173828,3925800
2010-03-31,42.595001220703125,42.775001525878906,42.48500061035156,42.630001068115234,30.108030319213867,3754600
2010-04-01,42.67499923706055,42.96500015258789,42.6349983215332,42.904998779296875,30.30225944519043,3489200
2010-04-05,42.994998931884766,43.07500076293945,42.69499969482422,42.810001373291016,30.235158920288086,3914400
2010-04-06,42.64500045776367,42.65999984741211,42.154998779296875,42.46500015258789,29.991506576538086,4068200
2010-04-07,42.400001525878906,42.67499923706055,42.25,42.55500030517578,30.055057525634766,4380000
2010-04-08,42.53499984741211,42.625,42.20500183105469,42.279998779296875,29.860841751098633,4190600
2010-04-09,42.275001525878906,42.375,42.005001068115234,42.1349983215332,29.758424758911133,5346000
2010-04-12,42.244998931884766,42.41999816894531,42.084999084472656,42.39500045776367,29.942066192626953,3557000
2010-04-13,42.38999938964844,42.494998931884766,42.10499954223633,42.275001525878906,29.85732078552246,3755000
2010-04-14,42.19499969482422,42.3650016784668,41.96500015258789,42.31999969482422,29.88909339904785,2644800
2010-04-15,42.275001525878906,42.279998779296875,41.7599983215332,42.125,29.751375198364258,5188400
2010-04-16,41.994998931884766,42.369998931884766,41.849998474121094,42.125,29.751375198364258,5536400
2010-04-19,41.625,42.099998474121094,41.505001068115234,42.07500076293945,29.7160587310791,5416000
2010-04-20,42.165000915527344,42.33000183105469,41.90999984741211,42.27000045776367,29.853782653808594,3439600
2010-04-21,42.310001373291016,42.459999084472656,42.10499954223633,42.349998474121094,29.9102840423584,4145000
2010-04-22,41.91999816894531,42.150001525878906,41.82500076293945,41.9900016784668,29.842771530151367,3404000
2010-04-23,41.94499969482422,41.94499969482422,41.290000915527344,41.6349983215332,29.5904598236084,6383600
2010-04-26,41.77000045776367,42.20000076293945,41.65999984741211,42.099998474121094,29.92095184326172,4110600
2010-04-27,41.900001525878906,42.279998779296875,41.75,41.79499816894531,29.704174041748047,4482200
2010-04-28,41.97999954223633,42.56999969482422,41.584999084472656,42.5,30.20522689819336,6286000
2010-04-29,42.25,42.90999984741211,42.18000030517578,42.400001525878906,30.134159088134766,6213200
2010-04-30,42.619998931884766,42.72999954223633,42.0099983215332,42.04999923706055,29.885408401489258,5243600
2010-05-03,42.150001525878906,42.22999954223633,41.7599983215332,42.1349983215332,29.94580841064453,4227200
2010-05-04,41.91999816894531,41.96500015258789,41.36000061035156,41.435001373291016,29.448326110839844,5942000
2010-05-05,41.45500183105469,41.83000183105469,41.224998474121094,41.36000061035156,29.395004272460938,5291000
2010-05-06,41.3650016784668,41.755001068115234,39.75,40.8849983215332,29.057432174682617,9461800
2010-05-07,40.79999923706055,40.959999084472656,39.849998474121094,40.10499954223633,28.503068923950195,8095800
2010-05-10,40.900001525878906,41.66999816894531,40.76499938964844,41.59000015258789,29.55847930908203,5709200
2010-05-11,41.29999923706055,41.755001068115234,41.1150016784668,41.415000915527344,29.43410301208496,5098000
2010-05-12,41.400001525878906,41.84000015258789,41.22999954223633,41.775001525878906,29.689956665039062,4711400
2010-05-13,42.005001068115234,42.005001068115234,41.540000915527344,41.564998626708984,29.54071044921875,3443000
2010-05-14,41.70000076293945,41.875,41.22999954223633,41.380001068115234,29.409231185913086,5933600
2010-05-17,41.4900016784668,42.09000015258789,41.44499969482422,41.904998779296875,29.782346725463867,5550400
2010-05-18,42.04499816894531,42.125,41.4900016784668,41.57500076293945,29.54781723022461,4739600
2010-05-19,41.42499923706055,41.619998931884766,40.85499954223633,41.07500076293945,29.192468643188477,6132000
2010-05-20,40.529998779296875,40.82500076293945,40.150001525878906,40.150001525878906,28.535051345825195,6360200
2010-05-21,39.935001373291016,40.1150016784668,39.35499954223633,39.79499816894531,28.282743453979492,10941400
2010-05-24,39.6150016784668,39.76499938964844,39.2400016784668,39.3650016784668,27.97714614868164,5781800
2010-05-25,38.56999969482422,39.19499969482422,38.27000045776367,39.165000915527344,27.835002899169922,5927800
2010-05-26,39.3650016784668,39.56999969482422,38.939998626708984,38.9900016784668,27.71062660217285,8645000
2010-05-27,39.404998779296875,39.61000061035156,39.1349983215332,39.3849983215332,27.99135971069336,5342000
2010-05-28,39.064998626708984,39.44499969482422,39.005001068115234,39.04499816894531,27.749713897705078,5300600
2010-06-01,38.8849983215332,39.1150016784668,38.42499923706055,38.46500015258789,27.33749771118164,6696000
2010-06-02,38.6349983215332,39.119998931884766,38.31999969482422,39.11000061035156,27.79591941833496,9404000
2010-06-03,39.3849983215332,39.525001525878906,38.91999816894531,39.439998626708984,28.03044319152832,4201000
2010-06-04,38.994998931884766,39.19499969482422,38.51499938964844,38.619998931884766,27.44765853881836,5903800
2010-06-07,38.60499954223633,39.25,38.60499954223633,38.81999969482422,27.589818954467773,5416600
2010-06-08,38.81999969482422,39.44499969482422,38.75,39.380001068115234,27.987815856933594,4894400
2010-06-09,39.415000915527344,39.60499954223633,39.20500183105469,39.36000061035156,27.973602294921875,5436600
2010-06-10,39.59000015258789,39.869998931884766,39.57500076293945,39.73500061035156,28.2401123046875,3870200
2010-06-11,39.46500015258789,39.599998474121094,39.1349983215332,39.57500076293945,28.126401901245117,3579400
2010-06-14,39.6349983215332,39.95000076293945,39.6349983215332,39.65999984741211,28.186800003051758,3712200
2010-06-15,39.869998931884766,40.43000030517578,39.84000015258789,40.404998779296875,28.716276168823242,4172200
2010-06-16,40.09000015258789,40.375,40.09000015258789,40.314998626708984,28.652318954467773,2863400
2010-06-17,40.40999984741211,40.470001220703125,40.084999084472656,40.45000076293945,28.748266220092773,3043600
2010-06-18,40.47999954223633,40.61000061035156,40.2599983215332,40.29499816894531,28.638105392456055,5187800
2010-06-21,40.57500076293945,40.775001525878906,40.41999816894531,40.58000183105469,28.840662002563477,5114400
2010-06-22,40.584999084472656,40.974998474121094,40.41999816894531,40.470001220703125,28.762483596801758,5446200
2010-06-23,40.35499954223633,40.540000915527344,40.025001525878906,40.165000915527344,28.54572296142578,4431200
2010-06-24,40.150001525878906,40.5,39.970001220703125,40.15999984741211,28.54216194152832,4429800
2010-06-25,40.25,40.29499816894531,39.5,39.51499938964844,28.083757400512695,9237400
2010-06-28,39.560001373291016,39.78499984741211,39.279998779296875,39.619998931884766,28.15838623046875,3760200
2010-06-29,39.349998474121094,39.41999816894531,38.709999084472656,39.0,27.71774673461914,6413600
2010-06-30,39.005001068115234,39.625,38.8650016784668,39.380001068115234,27.987815856933594,7761200
2010-07-01,39.310001373291016,39.4900016784668,38.79999923706055,39.41999816894531,28.016239166259766,7912800
2010-07-02,39.66999816894531,39.66999816894531,39.19499969482422,39.36000061035156,27.973602294921875,3917800
2010-07-06,39.599998474121094,39.66999816894531,39.084999084472656,39.3849983215332,27.99135971069336,4166000
2010-07-07,39.56999969482422,40.494998931884766,39.334999084472656,40.4900016784668,28.776697158813477,5472000
2010-07-08,40.6349983215332,41.03499984741211,40.560001373291016,40.97999954223633,29.12494659423828,4827200
2010-07-09,40.880001068115234,41.224998474121094,40.845001220703125,41.07500076293945,29.192468643188477,4259400
2010-07-12,40.93000030517578,41.4900016784668,40.8849983215332,41.41999816894531,29.43765640258789,6071000
2010-07-13,41.650001525878906,41.744998931884766,41.42499923706055,41.57500076293945,29.54781723022461,4135800
2010-07-14,41.48500061035156,41.68000030517578,41.2400016784668,41.654998779296875,29.60467529296875,2638200
2010-07-15,41.57500076293945,41.72999954223633,41.255001068115234,41.54499816894531,29.526500701904297,3370600
2010-07-16,41.439998626708984,41.6150016784668,41.099998474121094,41.415000915527344,29.43410301208496,4734600
2010-07-19,41.57500076293945,41.79499816894531,41.3849983215332,41.55500030517578,29.53359603881836,3807400
2010-07-20,41.314998626708984,42.005001068115234,41.28499984741211,41.98500061035156,29.839204788208008,3872000
2010-07-21,42.05500030517578,42.099998474121094,41.34000015258789,41.51499938964844,29.505186080932617,4568800
2010-07-22,41.54499816894531,41.68000030517578,41.16999816894531,41.28499984741211,29.530210494995117,5431600
2010-07-23,41.275001525878906,41.75,41.1349983215332,41.73500061035156,29.852083206176758,3247400
2010-07-26,41.69499969482422,41.9900016784668,41.59000015258789,41.869998931884766,29.948640823364258,2953800
2010-07-27,41.92499923706055,42.35499954223633,41.650001525878906,42.29499816894531,30.25263786315918,4770200
2010-07-28,42.29499816894531,42.334999084472656,41.76499938964844,41.93000030517578,29.991567611694336,5583400
2010-07-29,39.5,39.810001373291016,38.33000183105469,39.060001373291016,27.9387264251709,32939000
2010-07-30,38.90999984741211,39.7400016784668,38.904998779296875,39.4900016784668,28.24629020690918,17946000
2010-08-02,39.78499984741211,39.78499984741211,39.04999923706055,39.125,27.985214233398438,11233600
2010-08-03,38.95000076293945,39.16999816894531,38.814998626708984,39.06999969482422,27.945873260498047,7014800
2010-08-04,39.04999923706055,39.275001525878906,39.0,39.029998779296875,27.91725730895996,4265200
2010-08-05,39.025001525878906,39.09000015258789,38.474998474121094,38.564998626708984,27.584653854370117,6605600
2010-08-06,38.310001373291016,38.48500061035156,38.02000045776367,38.25,27.359342575073242,7069600
2010-08-09,38.42499923706055,38.474998474121094,37.915000915527344,38.1349983215332,27.277090072631836,6702600
2010-08-10,37.904998779296875,39.29499816894531,37.900001525878906,38.98500061035156,27.88506317138672,10654000
2010-08-11,38.599998474121094,38.68000030517578,38.23500061035156,38.23500061035156,27.34861183166504,5965000
2010-08-12,38.03499984741211,38.650001525878906,37.95000076293945,38.5099983215332,27.545320510864258,5652800
2010-08-13,38.369998931884766,38.584999084472656,38.150001525878906,38.19499969482422,27.31999969482422,4805400
2010-08-16,37.95500183105469,38.154998779296875,37.755001068115234,38.084999084472656,27.241331100463867,4632400
2010-08-17,38.220001220703125,38.38999938964844,38.0,38.224998474121094,27.341468811035156,3880600
2010-08-18,38.14500045776367,38.54499816894531,38.060001373291016,38.400001525878906,27.46663475036621,3802200
2010-08-19,38.32500076293945,38.46500015258789,38.064998626708984,38.375,27.448749542236328,5859000
2010-08-20,38.209999084472656,38.369998931884766,37.94499969482422,38.01499938964844,27.191259384155273,5389200
2010-08-23,38.09000015258789,38.290000915527344,37.720001220703125,37.7599983215332,27.00885772705078,4743600
2010-08-24,37.32500076293945,37.970001220703125,37.32500076293945,37.73500061035156,26.99097442626953,4310400
2010-08-25,37.51499938964844,37.78499984741211,37.459999084472656,37.63999938964844,26.92302894592285,4848600
2010-08-26,37.80500030517578,37.849998474121094,36.959999084472656,36.994998931884766,26.4616641998291,7080400
2010-08-27,37.09000015258789,37.23500061035156,36.560001373291016,37.125,26.55464744567871,6941600
2010-08-30,37.060001373291016,37.310001373291016,36.93000030517578,36.93000030517578,26.415180206298828,4520800
2010-08-31,36.8849983215332,37.415000915527344,36.849998474121094,36.91999816894531,26.408016204833984,7446600
2010-09-01,37.369998931884766,37.654998779296875,37.20000076293945,37.459999084472656,26.794279098510742,5829800
2010-09-02,37.439998626708984,37.54999923706055,37.255001068115234,37.415000915527344,26.762081146240234,5507000
2010-09-03,37.505001068115234,37.619998931884766,37.060001373291016,37.42499923706055,26.76923942565918,7356800
2010-09-07,37.349998474121094,37.875,37.255001068115234,37.380001068115234,26.737056732177734,7220000
2010-09-08,37.48500061035156,37.5,37.084999084472656,37.29499816894531,26.67624855041504,5151400
2010-09-09,37.525001525878906,37.60499954223633,37.19499969482422,37.279998779296875,26.665523529052734,4286000
2010-09-10,37.369998931884766,37.70000076293945,37.345001220703125,37.59000015258789,26.887264251708984,7164200
2010-09-13,37.75,37.79499816894531,37.45000076293945,37.525001525878906,26.840768814086914,4388000
2010-09-14,37.51499938964844,37.89500045776367,37.51499938964844,37.71500015258789,26.976673126220703,5886600
2010-09-15,37.720001220703125,38.275001525878906,37.564998626708984,38.1349983215332,27.277090072631836,5240800
2010-09-16,38.15999984741211,38.290000915527344,37.875,38.290000915527344,27.387950897216797,5804200
2010-09-17,38.34000015258789,38.71500015258789,38.34000015258789,38.685001373291016,27.670482635498047,9000400
2010-09-20,38.59000015258789,39.224998474121094,38.57500076293945,39.125,27.985214233398438,6515400
2010-09-21,39.07500076293945,39.5,38.939998626708984,39.275001525878906,28.092487335205078,8600200
2010-09-22,39.25,39.43000030517578,39.18000030517578,39.224998474121094,28.056737899780273,5327400
2010-09-23,38.970001220703125,39.21500015258789,38.81999969482422,39.029998779296875,27.91725730895996,5026800
2010-09-24,39.31999969482422,39.494998931884766,39.064998626708984,39.2599983215332,28.08177947998047,5762800
2010-09-27,39.125,39.595001220703125,39.06999969482422,39.46500015258789,28.228397369384766,4768000
2010-09-28,39.58000183105469,39.595001220703125,39.165000915527344,39.404998779296875,28.18549346923828,6266000
2010-09-29,39.369998931884766,39.5,39.06999969482422,39.154998779296875,28.006675720214844,4592400
2010-09-30,38.400001525878906,38.94499969482422,38.17499923706055,38.43000030517578,27.488094329833984,11758800
2010-10-01,38.55500030517578,38.689998626708984,38.220001220703125,38.28499984741211,27.38437843322754,9056800
2010-10-04,38.22999954223633,38.619998931884766,38.125,38.209999084472656,27.33072280883789,5963200
2010-10-05,37.95000076293945,38.04999923706055,37.20000076293945,37.459999084472656,26.794279098510742,15187600
2010-10-06,37.3650016784668,37.52000045776367,36.875,36.97999954223633,26.45093536376953,9862400
2010-10-07,37.220001220703125,37.25,36.834999084472656,36.875,26.37583351135254,7566800
2010-10-08,36.8849983215332,37.52000045776367,36.810001373291016,37.45000076293945,26.78712272644043,6490400
2010-10-11,37.57500076293945,37.8650016784668,37.275001525878906,37.42499923706055,26.76923942565918,4662600
2010-10-12,37.470001220703125,37.66999816894531,37.290000915527344,37.470001220703125,26.80143165588379,6356200
2010-10-13,37.67499923706055,38.005001068115234,37.564998626708984,37.8650016784668,27.08396339416504,5276600
2010-10-14,37.85499954223633,38.22999954223633,37.775001525878906,37.91999816894531,27.12330436706543,4183200
2010-10-15,38.07500076293945,38.189998626708984,37.79499816894531,37.94499969482422,27.141185760498047,5683000
2010-10-18,38.099998474121094,38.470001220703125,38.04999923706055,38.3650016784668,27.441600799560547,5691400
2010-10-19,38.150001525878906,38.44499969482422,37.974998474121094,38.125,27.269929885864258,4975000
2010-10-20,38.23500061035156,38.7599983215332,38.150001525878906,38.59000015258789,27.602542877197266,6251600
2010-10-21,38.665000915527344,38.775001525878906,38.154998779296875,38.349998474121094,27.620542526245117,4943600
2010-10-22,38.470001220703125,38.75,38.29999923706055,38.41999816894531,27.67096519470215,2964000
2010-10-25,38.56999969482422,38.64500045776367,38.29999923706055,38.435001373291016,27.681766510009766,3994800
2010-10-26,38.27000045776367,38.27000045776367,37.845001220703125,38.224998474121094,27.530519485473633,7292600
2010-10-27,37.959999084472656,38.060001373291016,37.584999084472656,37.75,27.188404083251953,5880600
2010-10-28,37.95000076293945,38.0,37.19499969482422,37.459999084472656,26.97954750061035,15811800
2010-10-29,37.68000030517578,38.720001220703125,37.45000076293945,38.560001373291016,27.771799087524414,8847000
2010-11-01,38.46500015258789,38.6349983215332,38.415000915527344,38.630001068115234,27.822206497192383,5421400
2010-11-02,38.685001373291016,39.125,38.685001373291016,39.025001525878906,28.10669708251953,6532200
2010-11-03,39.130001068115234,39.22999954223633,38.71500015258789,39.22999954223633,28.254344940185547,6120800
2010-11-04,39.5,39.55500030517578,39.095001220703125,39.220001220703125,28.24713706970215,6851000
2010-11-05,39.150001525878906,39.150001525878906,38.564998626708984,38.78499984741211,27.933839797973633,5781000
2010-11-08,38.58000183105469,38.834999084472656,38.435001373291016,38.7599983215332,27.915834426879883,4638200
2010-11-09,38.63999938964844,38.82500076293945,38.39500045776367,38.494998931884766,27.7249813079834,5745000
2010-11-10,38.59000015258789,38.59000015258789,38.21500015258789,38.470001220703125,27.706974029541016,3476800
2010-11-11,38.3650016784668,38.5099983215332,38.19499969482422,38.375,27.6385440826416,4405600
2010-11-12,38.150001525878906,38.40999984741211,38.130001068115234,38.290000915527344,27.577322006225586,4214200
2010-11-15,39.05500030517578,39.505001068115234,38.80500030517578,39.185001373291016,28.221940994262695,9339800
2010-11-16,39.20000076293945,39.20000076293945,38.20500183105469,38.404998779296875,27.660158157348633,8066600
2010-11-17,38.29999923706055,38.84000015258789,38.209999084472656,38.685001373291016,27.861812591552734,6586800
2010-11-18,38.959999084472656,39.244998931884766,38.90999984741211,39.10499954223633,28.164308547973633,4312600
2010-11-19,39.165000915527344,39.29499816894531,38.98500061035156,39.26499938964844,28.279537200927734,4925600
2010-11-22,39.220001220703125,39.255001068115234,38.779998779296875,39.19499969482422,28.229129791259766,2817400
2010-11-23,38.904998779296875,38.92499923706055,38.70000076293945,38.880001068115234,28.002260208129883,3700800
2010-11-24,39.005001068115234,39.119998931884766,38.65999984741211,38.98500061035156,28.077871322631836,5101600
2010-11-26,38.779998779296875,38.939998626708984,38.564998626708984,38.69499969482422,27.869009017944336,1707000
2010-11-29,38.61000061035156,38.69499969482422,38.18000030517578,38.595001220703125,27.796998977661133,3018400
2010-11-30,38.35499954223633,38.6150016784668,38.25,38.275001525878906,27.5665340423584,5459400
2010-12-01,38.540000915527344,38.724998474121094,38.459999084472656,38.6150016784668,27.811405181884766,4992800
2010-12-02,38.654998779296875,39.0,38.64500045776367,38.880001068115234,28.002260208129883,5585600
2010-12-03,38.814998626708984,39.0,38.7400016784668,38.974998474121094,28.070682525634766,3047800
2010-12-06,39.03499984741211,39.084999084472656,38.82500076293945,38.869998931884766,27.99506378173828,3966000
2010-12-07,39.06999969482422,39.20000076293945,38.935001373291016,39.084999084472656,28.149917602539062,6150600
2010-12-08,39.01499938964844,39.38999938964844,39.0,39.32500076293945,28.32276725769043,4426000
2010-12-09,39.439998626708984,39.54999923706055,39.03499984741211,39.095001220703125,28.157119750976562,4348400
2010-12-10,39.095001220703125,39.380001068115234,38.994998931884766,39.10499954223633,28.164308547973633,3927800
2010-12-13,39.125,39.85499954223633,39.10499954223633,39.67499923706055,28.574840545654297,5752600
2010-12-14,39.84000015258789,40.4900016784668,39.810001373291016,40.38999938964844,29.08979606628418,6626000
2010-12-15,40.39500045776367,40.654998779296875,40.27000045776367,40.494998931884766,29.165416717529297,5406600
2010-12-16,40.375,40.59000015258789,40.165000915527344,40.59000015258789,29.233848571777344,6601800
2010-12-17,40.51499938964844,40.625,40.31999969482422,40.5,29.16901969909668,7349000
2010-12-20,40.64500045776367,40.65999984741211,40.220001220703125,40.220001220703125,28.967369079589844,3850600
2010-12-21,40.28499984741211,40.43000030517578,39.685001373291016,39.95000076293945,28.77290916442871,5964200
2010-12-22,40.02000045776367,40.52000045776367,39.77000045776367,40.459999084472656,29.140216827392578,3753200
2010-12-23,40.345001220703125,40.63999938964844,40.189998626708984,40.26499938964844,28.9997615814209,2650200
2010-12-27,40.224998474121094,40.33000183105469,40.07500076293945,40.20500183105469,28.956558227539062,1822000
2010-12-28,40.3849983215332,40.45500183105469,40.0,40.38999938964844,29.08979606628418,4481200
2010-12-29,40.349998474121094,40.45500183105469,40.22999954223633,40.22999954223633,28.974573135375977,2249800
2010-12-30,40.209999084472656,40.22999954223633,40.07500076293945,40.150001525878906,28.91694450378418,1972000
2010-12-31,40.08000183105469,40.32500076293945,40.064998626708984,40.185001373291016,28.942167282104492,2218400
2011-01-03,40.16999816894531,40.310001373291016,39.57500076293945,39.89500045776367,28.733291625976562,6693400
2011-01-04,39.76499938964844,40.130001068115234,39.665000915527344,39.84000015258789,28.693687438964844,5136000
2011-01-05,39.23500061035156,39.69499969482422,39.20000076293945,39.59000015258789,28.513622283935547,7206600
2011-01-06,39.45500183105469,39.650001525878906,39.16999816894531,39.35499954223633,28.344364166259766,8646800
2011-01-07,39.345001220703125,39.38999938964844,39.0,39.165000915527344,28.207523345947266,6400600
2011-01-10,38.97999954223633,39.23500061035156,38.81999969482422,38.94499969482422,28.04907989501953,6887600
2011-01-11,39.029998779296875,39.154998779296875,38.915000915527344,39.10499954223633,28.164308547973633,3457600
2011-01-12,39.28499984741211,39.439998626708984,38.8849983215332,39.20500183105469,28.236337661743164,5763200
2011-01-13,39.400001525878906,39.400001525878906,38.915000915527344,39.154998779296875,28.200326919555664,4260200
2011-01-14,39.07500076293945,39.154998779296875,38.90999984741211,39.154998779296875,28.200326919555664,4035800
2011-01-18,39.17499923706055,39.48500061035156,39.08000183105469,39.20000076293945,28.23273468017578,5760800
2011-01-19,39.29499816894531,39.56999969482422,39.125,39.5,28.44879913330078,5880400
2011-01-20,39.48500061035156,39.709999084472656,39.25,39.494998931884766,28.445199966430664,5106400
2011-01-21,39.29999923706055,39.57500076293945,39.005001068115234,39.5,28.640972137451172,6760800
2011-01-24,39.43000030517578,39.95000076293945,39.43000030517578,39.91999816894531,28.945507049560547,5271200
2011-01-25,39.939998626708984,40.18000030517578,39.724998474121094,40.060001373291016,29.047029495239258,5345200
2011-01-26,39.994998931884766,40.224998474121094,39.935001373291016,40.0,29.00351905822754,4402600
2011-01-27,38.7400016784668,39.2599983215332,38.65999984741211,38.69499969482422,28.057262420654297,15442400
2011-01-28,38.6349983215332,38.845001220703125,38.415000915527344,38.494998931884766,27.912260055541992,6718800
2011-01-31,38.380001068115234,38.46500015258789,38.20000076293945,38.3849983215332,27.83248519897461,6763600
2011-02-01,38.505001068115234,38.595001220703125,38.30500030517578,38.35499954223633,27.810745239257812,12784400
2011-02-02,38.1150016784668,38.1150016784668,37.43000030517578,38.025001525878906,27.571470260620117,15127600
2011-02-03,38.025001525878906,38.19499969482422,37.88999938964844,37.96500015258789,27.52796173095703,7590800
2011-02-04,37.96500015258789,38.154998779296875,37.875,38.119998931884766,27.64034652709961,6769800
2011-02-07,38.21500015258789,38.224998474121094,37.900001525878906,38.13999938964844,27.65485191345215,9052800
2011-02-08,38.630001068115234,39.529998779296875,38.599998474121094,39.279998779296875,28.48145294189453,11213600
2011-02-09,39.16999816894531,39.35499954223633,38.900001525878906,39.15999984741211,28.39444351196289,5434200
2011-02-10,39.130001068115234,39.25,38.665000915527344,38.8650016784668,28.180545806884766,9367200
2011-02-11,38.779998779296875,39.53499984741211,38.61000061035156,39.459999084472656,28.61197853088379,7893000
2011-02-14,39.41999816894531,39.84000015258789,39.20500183105469,39.505001068115234,28.64459228515625,9117400
2011-02-15,39.48500061035156,39.5,39.03499984741211,39.119998931884766,28.365447998046875,5812800
2011-02-16,39.07500076293945,39.310001373291016,38.97999954223633,39.27000045776367,28.47419548034668,4828400
2011-02-17,39.119998931884766,39.20000076293945,38.9900016784668,39.20000076293945,28.42345428466797,4111000
2011-02-18,39.29499816894531,39.400001525878906,39.14500045776367,39.209999084472656,28.430700302124023,5642400
2011-02-22,39.05500030517578,39.45500183105469,38.90999984741211,39.29999923706055,28.495960235595703,5638000
2011-02-23,39.32500076293945,39.55500030517578,39.06999969482422,39.185001373291016,28.412574768066406,4921400
2011-02-24,39.1349983215332,39.2599983215332,38.625,38.83000183105469,28.15516471862793,5621800
2011-02-25,38.9900016784668,39.189998626708984,38.76499938964844,39.060001373291016,28.32194709777832,2969000
2011-02-28,39.125,39.310001373291016,39.0,39.2599983215332,28.46694564819336,3830600
2011-03-01,39.150001525878906,39.459999084472656,38.814998626708984,38.81999969482422,28.147911071777344,5588600
2011-03-02,38.915000915527344,38.91999816894531,38.57500076293945,38.650001525878906,28.024646759033203,5767000
2011-03-03,38.89500045776367,39.18000030517578,38.75,39.03499984741211,28.303802490234375,5616600
2011-03-04,39.025001525878906,39.095001220703125,38.625,38.75,28.097169876098633,6091800
2011-03-07,38.755001068115234,38.86000061035156,38.54999923706055,38.77000045776367,28.111661911010742,5569400
2011-03-08,38.939998626708984,39.18000030517578,38.775001525878906,39.095001220703125,28.34731101989746,5980200
2011-03-09,38.95500183105469,39.505001068115234,38.95500183105469,39.5,28.640972137451172,3783600
2011-03-10,39.345001220703125,39.650001525878906,39.209999084472656,39.4900016784668,28.633726119995117,5688800
2011-03-11,39.29499816894531,39.70500183105469,39.20000076293945,39.59000015258789,28.70623207092285,3771200
2011-03-14,39.35499954223633,39.439998626708984,38.96500015258789,39.1349983215332,28.376312255859375,5188400
2011-03-15,38.64500045776367,38.86000061035156,38.470001220703125,38.6349983215332,28.01375961303711,6373600
2011-03-16,38.53499984741211,38.54499816894531,38.29999923706055,38.33000183105469,27.792625427246094,7681000
2011-03-17,38.67499923706055,38.779998779296875,38.26499938964844,38.349998474121094,27.8071231842041,6285000
2011-03-18,38.625,38.67499923706055,38.19499969482422,38.474998474121094,27.89775276184082,8786400
2011-03-21,38.665000915527344,39.255001068115234,38.63999938964844,39.20500183105469,28.42707633972168,6728800
2011-03-22,39.19499969482422,39.57500076293945,39.084999084472656,39.21500015258789,28.434328079223633,4960600
2011-03-23,39.209999084472656,39.39500045776367,38.939998626708984,39.14500045776367,28.383562088012695,5456200
2011-03-24,39.345001220703125,40.16999816894531,39.19499969482422,40.150001525878906,29.11228370666504,7165400
2011-03-25,39.724998474121094,40.25,39.67499923706055,40.07500076293945,29.057893753051758,4327000
2011-03-28,40.06999969482422,40.474998474121094,40.06999969482422,40.244998931884766,29.181156158447266,6445600
2011-03-29,40.1349983215332,40.375,40.125,40.209999084472656,29.155778884887695,4509800
2011-03-30,40.22999954223633,40.619998931884766,40.10499954223633,40.60499954223633,29.442195892333984,4420000
2011-03-31,40.529998779296875,40.68000030517578,40.310001373291016,40.380001068115234,29.279052734375,4148600
2011-04-01,40.5,40.66999816894531,40.15999984741211,40.2599983215332,29.192031860351562,4520800
2011-04-04,40.30500030517578,40.564998626708984,40.27000045776367,40.5099983215332,29.373315811157227,2608800
2011-04-05,40.415000915527344,40.55500030517578,40.130001068115234,40.41999816894531,29.308046340942383,3474000
2011-04-06,40.5,40.83000183105469,40.41999816894531,40.76499938964844,29.558218002319336,5786800
2011-04-07,40.81999969482422,40.845001220703125,40.5,40.779998779296875,29.56907081604004,4862400
2011-04-08,40.79499816894531,40.91999816894531,40.47999954223633,40.63999938964844,29.467567443847656,3974000
2011-04-11,40.54999923706055,40.86000061035156,40.54999923706055,40.80500030517578,29.58721160888672,4217200
2011-04-12,40.810001373291016,41.86000061035156,40.709999084472656,41.27000045776367,29.92438316345215,9322800
2011-04-13,41.290000915527344,41.334999084472656,40.79499816894531,40.80500030517578,29.58721160888672,5330800
2011-04-14,40.720001220703125,41.07500076293945,40.630001068115234,40.91999816894531,29.67059326171875,6710000
2011-04-15,40.900001525878906,40.98500061035156,40.775001525878906,40.904998779296875,29.659717559814453,6609200
2011-04-18,40.70000076293945,40.845001220703125,40.54499816894531,40.67499923706055,29.492952346801758,4185000
2011-04-19,40.654998779296875,40.78499984741211,40.474998474121094,40.709999084472656,29.51832389831543,5560200
2011-04-20,41.064998626708984,41.064998626708984,40.54999923706055,40.6349983215332,29.46394920349121,5601800
2011-04-21,40.415000915527344,40.595001220703125,40.20500183105469,40.32500076293945,29.44934844970703,4190200
2011-04-25,40.154998779296875,40.244998931884766,39.900001525878906,39.95000076293945,29.175477981567383,4346800
2011-04-26,40.029998779296875,40.415000915527344,40.0,40.275001525878906,29.4128360748291,6781600
2011-04-27,40.47999954223633,40.665000915527344,40.29499816894531,40.529998779296875,29.599048614501953,4868400
2011-04-28,40.3849983215332,41.625,40.0,41.48500061035156,30.296483993530273,9176000
2011-04-29,41.834999084472656,42.5,41.834999084472656,42.17499923706055,30.80039405822754,9857400
2011-05-02,42.20500183105469,42.369998931884766,42.0,42.275001525878906,30.873430252075195,5176200
2011-05-03,42.099998474121094,42.404998779296875,42.05500030517578,42.349998474121094,30.928192138671875,5027600
2011-05-04,42.279998779296875,42.93000030517578,42.189998626708984,42.82500076293945,31.275100708007812,9848200
2011-05-05,42.709999084472656,42.80500030517578,42.380001068115234,42.45000076293945,31.001216888427734,5351800
2011-05-06,42.665000915527344,42.724998474121094,42.29999923706055,42.439998626708984,30.993915557861328,4097200
2011-05-09,42.45500183105469,42.584999084472656,42.244998931884766,42.4900016784668,31.03043556213379,3274600
2011-05-10,42.51499938964844,42.814998626708984,42.51499938964844,42.72999954223633,31.205707550048828,3917200
2011-05-11,42.54499816894531,42.79499816894531,42.415000915527344,42.53499984741211,31.06329917907715,4254400
2011-05-12,42.5099983215332,43.72999954223633,42.404998779296875,43.60499954223633,31.844728469848633,7400000
2011-05-13,43.439998626708984,43.56999969482422,43.150001525878906,43.275001525878906,31.603734970092773,5354600
2011-05-16,43.290000915527344,43.40999984741211,42.95500183105469,42.974998474121094,31.384641647338867,4838400
2011-05-17,42.849998474121094,43.2599983215332,42.849998474121094,43.1349983215332,31.50148582458496,4063400
2011-05-18,43.150001525878906,43.21500015258789,42.77000045776367,43.10499954223633,31.479557037353516,4759000
2011-05-19,43.17499923706055,43.474998474121094,43.07500076293945,43.45000076293945,31.731529235839844,3589800
2011-05-20,43.38999938964844,43.494998931884766,43.224998474121094,43.275001525878906,31.603734970092773,3543400
2011-05-23,43.095001220703125,43.28499984741211,42.834999084472656,43.03499984741211,31.42845344543457,4220800
2011-05-24,43.0,43.029998779296875,42.67499923706055,42.79999923706055,31.256834030151367,3033200
2011-05-25,42.525001525878906,42.6150016784668,42.22999954223633,42.540000915527344,31.06695556640625,4389200
2011-05-26,42.43000030517578,42.790000915527344,42.290000915527344,42.65999984741211,31.15459442138672,3827600
2011-05-27,42.78499984741211,42.939998626708984,42.650001525878906,42.86000061035156,31.300649642944336,2344600
2011-05-31,43.09000015258789,43.790000915527344,43.0,43.76499938964844,31.961563110351562,6172200
2011-06-01,43.525001525878906,43.654998779296875,43.3849983215332,43.45500183105469,31.73517608642578,5999800
2011-06-02,43.42499923706055,43.42499923706055,42.59000015258789,42.7400016784668,31.213014602661133,5045600
2011-06-03,42.31999969482422,42.5,41.959999084472656,42.05500030517578,30.7127742767334,5099200
2011-06-06,42.05500030517578,42.39500045776367,41.92499923706055,42.21500015258789,30.82961082458496,4025800
2011-06-07,42.185001373291016,42.33000183105469,41.94499969482422,41.94499969482422,30.632427215576172,4422600
2011-06-08,41.97999954223633,42.209999084472656,41.80500030517578,42.10499954223633,30.749267578125,4298400
2011-06-09,42.220001220703125,42.689998626708984,42.17499923706055,42.54999923706055,31.074256896972656,4473600
2011-06-10,42.04999923706055,42.51499938964844,41.95500183105469,42.349998474121094,30.928192138671875,6594200
2011-06-13,42.380001068115234,42.775001525878906,42.150001525878906,42.66999816894531,31.16189956665039,6105200
2011-06-14,42.76499938964844,43.43000030517578,42.67499923706055,43.29999923706055,31.62198257446289,6611400
2011-06-15,43.084999084472656,43.369998931884766,42.724998474121094,42.880001068115234,31.315269470214844,5845800
2011-06-16,43.029998779296875,43.3650016784668,42.89500045776367,43.28499984741211,31.61103630065918,5717000
2011-06-17,43.45000076293945,44.0099983215332,43.32500076293945,43.939998626708984,32.08937454223633,8481600
2011-06-20,43.96500015258789,44.63999938964844,43.900001525878906,44.55500030517578,32.538516998291016,7005000
2011-06-21,44.68000030517578,44.68000030517578,44.1349983215332,44.459999084472656,32.469120025634766,6509800
2011-06-22,44.369998931884766,44.564998626708984,43.744998931884766,43.76499938964844,31.961563110351562,5510600
2011-06-23,43.47999954223633,43.47999954223633,42.689998626708984,43.10499954223633,31.479557037353516,8119000
2011-06-24,43.04499816894531,43.2599983215332,42.6150016784668,42.72999954223633,31.205707550048828,6827800
2011-06-27,42.814998626708984,42.915000915527344,42.70500183105469,42.70500183105469,31.187463760375977,4582600
2011-06-28,42.89500045776367,42.97999954223633,42.77000045776367,42.90999984741211,31.337160110473633,3188600
2011-06-29,43.029998779296875,43.45500183105469,42.994998931884766,43.369998931884766,31.673099517822266,4652800
2011-06-30,43.345001220703125,43.76499938964844,43.20000076293945,43.70500183105469,31.917760848999023,3861600
2011-07-01,43.65999984741211,44.30500030517578,43.57500076293945,44.23500061035156,32.304805755615234,4042400
2011-07-05,44.290000915527344,44.34000015258789,43.81999969482422,43.9900016784668,32.125885009765625,4290600
2011-07-06,43.845001220703125,44.209999084472656,43.83000183105469,44.209999084472656,32.28656768798828,4055400
2011-07-07,44.43000030517578,44.51499938964844,44.275001525878906,44.38999938964844,32.41801071166992,3319000
2011-07-08,44.16999816894531,44.375,43.915000915527344,44.209999084472656,32.28656768798828,3548800
2011-07-11,43.935001373291016,44.334999084472656,43.869998931884766,44.150001525878906,32.24274444580078,4276000
2011-07-12,44.244998931884766,44.439998626708984,43.92499923706055,43.974998474121094,32.11493682861328,4624800
2011-07-13,44.17499923706055,44.375,43.869998931884766,43.95000076293945,32.0966682434082,2664200
2011-07-14,43.939998626708984,44.01499938964844,43.45000076293945,43.540000915527344,31.797256469726562,5098200
2011-07-15,43.505001068115234,44.54999923706055,43.334999084472656,44.505001068115234,32.50199890136719,8058600
2011-07-18,44.224998474121094,44.44499969482422,43.810001373291016,43.994998931884766,32.129539489746094,4148000
2011-07-19,44.1150016784668,44.400001525878906,43.939998626708984,44.2599983215332,32.323055267333984,3779800
2011-07-20,44.23500061035156,44.45500183105469,44.130001068115234,44.279998779296875,32.337669372558594,2769600
2011-07-21,44.505001068115234,44.71500015258789,44.28499984741211,44.5,32.498355865478516,3847000
2011-07-22,44.13999938964844,44.209999084472656,43.724998474121094,43.810001373291016,32.20430374145508,3446000
2011-07-25,43.474998474121094,43.65999984741211,43.35499954223633,43.38999938964844,31.89557456970215,3677600
2011-07-26,43.38999938964844,43.75,43.345001220703125,43.44499969482422,31.935991287231445,2804200
2011-07-27,43.19499969482422,43.40999984741211,42.709999084472656,42.744998931884766,31.421428680419922,5197000
2011-07-28,42.540000915527344,43.165000915527344,42.31999969482422,42.439998626708984,31.19722557067871,5712800
2011-07-29,42.34000015258789,42.650001525878906,42.16999816894531,42.189998626708984,31.013460159301758,4304800
2011-08-01,42.48500061035156,42.525001525878906,41.48500061035156,42.0099983215332,30.881149291992188,4906200
2011-08-02,41.915000915527344,42.650001525878906,41.8849983215332,42.38999938964844,31.160478591918945,7853600
2011-08-03,42.22999954223633,42.290000915527344,41.81999969482422,42.15999984741211,30.99140739440918,6139000
2011-08-04,41.75,42.439998626708984,41.21500015258789,41.290000915527344,30.35188102722168,9213200
2011-08-05,41.654998779296875,42.415000915527344,40.935001373291016,42.07500076293945,30.928930282592773,9120800
2011-08-08,41.38999938964844,42.40999984741211,41.255001068115234,41.400001525878906,30.4327392578125,12356800
2011-08-09,41.71500015258789,41.7400016784668,39.310001373291016,41.650001525878906,30.616514205932617,14092800
2011-08-10,41.095001220703125,41.494998931884766,39.9900016784668,40.09000015258789,29.469768524169922,10443600
2011-08-11,40.474998474121094,42.56999969482422,40.279998779296875,42.084999084472656,30.93628692626953,11204600
2011-08-12,42.27000045776367,42.93000030517578,42.15999984741211,42.66999816894531,31.366291046142578,5925000
2011-08-15,42.94499969482422,43.130001068115234,42.54499816894531,43.130001068115234,31.704442977905273,5299200
2011-08-16,42.82500076293945,43.43000030517578,42.720001220703125,43.11000061035156,31.689743041992188,4065200
2011-08-17,43.25,43.540000915527344,42.744998931884766,43.154998779296875,31.72282600402832,3630000
2011-08-18,42.4900016784668,42.939998626708984,41.76499938964844,42.52000045776367,31.256046295166016,7562200
2011-08-19,42.150001525878906,42.93000030517578,42.029998779296875,42.494998931884766,31.2376708984375,8272200
2011-08-22,43.029998779296875,43.095001220703125,42.404998779296875,42.599998474121094,31.31484603881836,4744600
2011-08-23,42.61000061035156,43.505001068115234,42.57500076293945,43.505001068115234,31.9801082611084,4991400
2011-08-24,43.45500183105469,43.7400016784668,43.16999816894531,43.650001525878906,32.086692810058594,6631600
2011-08-25,43.85499954223633,44.04999923706055,43.279998779296875,43.42499923706055,31.921302795410156,5548800
2011-08-26,43.310001373291016,44.0099983215332,42.52000045776367,43.91999816894531,32.28515625,4417400
2011-08-29,44.209999084472656,44.900001525878906,44.13999938964844,44.8849983215332,32.99452590942383,4597800
2011-08-30,44.88999938964844,45.45000076293945,44.5,45.31999969482422,33.31429672241211,4772000
2011-08-31,45.32500076293945,45.494998931884766,44.81999969482422,44.98500061035156,33.06804275512695,6008400
2011-09-01,45.0,45.404998779296875,44.80500030517578,44.95000076293945,33.04230880737305,4504600
2011-09-02,44.67499923706055,44.82500076293945,44.244998931884766,44.2599983215332,32.535099029541016,4411400
2011-09-06,43.459999084472656,44.57500076293945,43.459999084472656,44.494998931884766,32.70784378051758,6368800
2011-09-07,44.915000915527344,45.90999984741211,44.85499954223633,45.904998779296875,33.744319915771484,6716600
2011-09-08,45.60499954223633,46.0,45.20000076293945,45.22999954223633,33.24813461303711,7282000
2011-09-09,44.9900016784668,45.06999969482422,44.314998626708984,44.47999954223633,32.696807861328125,5230600
2011-09-12,44.255001068115234,44.349998474121094,43.125,43.86000061035156,32.24105453491211,7486400
2011-09-13,43.974998474121094,44.88999938964844,43.54999923706055,44.72999954223633,32.8806037902832,5570200
2011-09-14,44.755001068115234,46.11000061035156,44.72999954223633,45.69499969482422,33.589942932128906,8185000
2011-09-15,45.994998931884766,46.15999984741211,45.46500015258789,46.14500045776367,33.92073059082031,5005400
2011-09-16,45.8849983215332,46.8650016784668,45.8849983215332,46.81999969482422,34.41691970825195,8423800
2011-09-19,46.26499938964844,46.775001525878906,46.14500045776367,46.65999984741211,34.29930877685547,5026000
2011-09-20,46.71500015258789,47.44499969482422,46.67499923706055,46.97999954223633,34.53453826904297,4885400
2011-09-21,46.94499969482422,46.970001220703125,44.9900016784668,44.994998931884766,33.07538986206055,8199000
2011-09-22,44.415000915527344,44.619998931884766,42.8650016784668,43.70500183105469,32.12712478637695,12041200
2011-09-23,43.685001373291016,44.625,43.5,44.459999084472656,32.68211364746094,6220600
2011-09-26,44.79499816894531,45.65999984741211,44.775001525878906,45.44499969482422,33.40619659423828,6402400
2011-09-27,46.029998779296875,46.43000030517578,45.380001068115234,45.53499984741211,33.47233200073242,5937400
2011-09-28,45.119998931884766,45.5,44.314998626708984,44.3650016784668,32.61226272583008,7382200
2011-09-29,44.79999923706055,45.14500045776367,44.099998474121094,44.77000045776367,32.90999984741211,5136800
2011-09-30,44.51499938964844,44.994998931884766,44.314998626708984,44.34000015258789,32.59390640258789,5520800
2011-10-03,44.18000030517578,44.91999816894531,44.1150016784668,44.150001525878906,32.45425033569336,5884400
2011-10-04,43.720001220703125,44.28499984741211,43.19499969482422,44.209999084472656,32.498355865478516,6600000
2011-10-05,44.19499969482422,44.814998626708984,43.78499984741211,44.75,32.89529037475586,6267800
2011-10-06,44.845001220703125,45.10499954223633,44.52000045776367,45.095001220703125,33.148895263671875,5129000
2011-10-07,45.31999969482422,45.625,45.029998779296875,45.20500183105469,33.229766845703125,3892200
2011-10-10,45.60499954223633,45.95500183105469,45.25,45.869998931884766,33.718589782714844,3497000
2011-10-11,45.79499816894531,45.80500030517578,45.07500076293945,45.17499923706055,33.20771789550781,4008000
2011-10-12,45.244998931884766,46.040000915527344,45.244998931884766,45.61000061035156,33.5274658203125,3683000
2011-10-13,45.599998474121094,45.84000015258789,45.33000183105469,45.55500030517578,33.48704147338867,3413400
2011-10-14,45.93000030517578,46.22999954223633,45.814998626708984,46.16999816894531,33.939117431640625,2951400
2011-10-17,45.95000076293945,46.290000915527344,45.415000915527344,45.470001220703125,33.424556732177734,3115600
2011-10-18,45.29999923706055,46.40999984741211,45.185001373291016,46.16999816894531,33.939117431640625,4034200
2011-10-19,46.029998779296875,46.439998626708984,45.974998474121094,46.09000015258789,33.88030242919922,3479600
2011-10-20,46.09000015258789,46.494998931884766,45.709999084472656,45.810001373291016,33.67448425292969,3796400
2011-10-21,45.92499923706055,46.959999084472656,45.85499954223633,46.959999084472656,34.73976516723633,6095600
2011-10-24,46.814998626708984,46.814998626708984,45.459999084472656,45.619998931884766,33.74846649169922,7195200
2011-10-25,45.625,45.650001525878906,44.875,44.9900016784668,33.28239822387695,6079600
2011-10-26,45.400001525878906,45.6349983215332,44.369998931884766,45.27000045776367,33.48953628540039,7540800
2011-10-27,45.77000045776367,45.89500045776367,43.209999084472656,45.665000915527344,33.78175735473633,10546400
2011-10-28,45.20500183105469,45.869998931884766,44.93000030517578,45.61000061035156,33.741058349609375,4726800
2011-10-31,45.38999938964844,45.79499816894531,45.17499923706055,45.185001373291016,33.42666244506836,5125200
2011-11-01,44.46500015258789,44.935001373291016,44.0,44.04499816894531,32.58331298828125,7302600
2011-11-02,44.5,44.54999923706055,43.82500076293945,43.970001220703125,32.52783966064453,4431200
2011-11-03,44.11000061035156,44.38999938964844,43.810001373291016,44.2599983215332,32.742374420166016,6782200
2011-11-04,44.0099983215332,44.11000061035156,43.57500076293945,44.029998779296875,32.57221984863281,5767400
2011-11-07,44.22999954223633,44.61000061035156,43.5099983215332,44.224998474121094,32.71647644042969,4856800
2011-11-08,44.459999084472656,44.79999923706055,44.25,44.720001220703125,33.08266830444336,5662200
2011-11-09,44.04999923706055,44.244998931884766,43.57500076293945,43.724998474121094,32.346588134765625,5402800
2011-11-10,44.0099983215332,44.189998626708984,43.595001220703125,44.06999969482422,32.601806640625,3877600
2011-11-11,44.26499938964844,44.70000076293945,44.26499938964844,44.584999084472656,32.98280334472656,2960800
2011-11-14,44.334999084472656,44.54999923706055,44.064998626708984,44.32500076293945,32.79045867919922,2543800
2011-11-15,44.380001068115234,44.55500030517578,44.185001373291016,44.39500045776367,32.84225082397461,4131400
2011-11-16,44.165000915527344,44.8849983215332,44.0,44.31999969482422,32.78675842285156,4620800
2011-11-17,44.1349983215332,44.36000061035156,43.72999954223633,44.02000045776367,32.56483459472656,4001200
2011-11-18,44.22999954223633,44.54999923706055,44.08000183105469,44.30500030517578,32.775665283203125,3874000
2011-11-21,43.7599983215332,44.1150016784668,43.494998931884766,43.720001220703125,32.3428840637207,4075200
2011-11-22,43.8849983215332,44.54499816894531,43.79499816894531,44.099998474121094,32.62401580810547,4613200
2011-11-23,43.72999954223633,43.93000030517578,43.095001220703125,43.2400016784668,31.987794876098633,4408600
2011-11-25,43.29499816894531,43.70500183105469,43.21500015258789,43.3650016784668,32.08028030395508,1153200
2011-11-28,44.04999923706055,44.29999923706055,43.900001525878906,44.13999938964844,32.65359115600586,3898600
2011-11-29,44.334999084472656,44.94499969482422,44.23500061035156,44.849998474121094,33.1788330078125,4760600
2011-11-30,45.314998626708984,45.81999969482422,45.2599983215332,45.75,33.844635009765625,6007400
2011-12-01,45.60499954223633,45.9900016784668,44.994998931884766,45.05500030517578,33.33049011230469,5925600
2011-12-02,45.44499969482422,45.625,45.04499816894531,45.095001220703125,33.36008071899414,3954600
2011-12-05,45.42499923706055,45.4900016784668,45.04999923706055,45.209999084472656,33.44515609741211,3482600
2011-12-06,45.334999084472656,45.42499923706055,45.029998779296875,45.27000045776367,33.48953628540039,3442200
2011-12-07,45.290000915527344,45.78499984741211,44.95000076293945,45.599998474121094,33.73366928100586,3932000
2011-12-08,45.43000030517578,45.630001068115234,45.13999938964844,45.275001525878906,33.49323272705078,3609000
2011-12-09,45.2400016784668,45.5099983215332,45.1349983215332,45.22999954223633,33.45995330810547,2969400
2011-12-12,45.220001220703125,45.41999816894531,44.69499969482422,45.10499954223633,33.36748504638672,3299600
2011-12-13,45.095001220703125,45.29499816894531,44.755001068115234,44.845001220703125,33.175140380859375,4277800
2011-12-14,44.904998779296875,45.220001220703125,44.564998626708984,44.650001525878906,33.030879974365234,3762200
2011-12-15,44.88999938964844,45.400001525878906,44.79499816894531,45.290000915527344,33.504337310791016,3940800
2011-12-16,45.5,45.52000045776367,44.63999938964844,44.94499969482422,33.249122619628906,6571400
2011-12-19,45.22999954223633,45.619998931884766,44.8650016784668,44.95500183105469,33.25651550292969,3302800
2011-12-20,45.2400016784668,45.79999923706055,45.165000915527344,45.775001525878906,33.86312484741211,3367000
2011-12-21,45.875,46.5,45.790000915527344,46.48500061035156,34.38837432861328,5460400
2011-12-22,46.44499969482422,46.44499969482422,45.95000076293945,46.20500183105469,34.18122863769531,3233200
2011-12-23,46.18000030517578,46.57500076293945,46.18000030517578,46.54499816894531,34.43275451660156,2386400
2011-12-27,46.54499816894531,46.92499923706055,46.5099983215332,46.66999816894531,34.52521514892578,2254200
2011-12-28,46.724998474121094,46.810001373291016,46.30500030517578,46.3650016784668,34.299598693847656,2821000
2011-12-29,46.375,46.654998779296875,46.209999084472656,46.61000061035156,34.48085021972656,3420400
2011-12-30,46.400001525878906,46.54499816894531,46.04999923706055,46.19499969482422,34.173831939697266,2985400
2012-01-03,45.69499969482422,46.060001373291016,45.29999923706055,45.540000915527344,33.68928146362305,6347600
2012-01-04,45.5,45.540000915527344,45.064998626708984,45.29999923706055,33.51174545288086,4350200
2012-01-05,45.08000183105469,45.224998474121094,44.755001068115234,45.06999969482422,33.341583251953125,5232800
2012-01-06,45.20500183105469,45.224998474121094,44.69499969482422,44.900001525878906,33.21582794189453,3881000
2012-01-09,45.06999969482422,45.125,44.7400016784668,44.88999938964844,33.20843505859375,4152400
2012-01-10,45.005001068115234,45.07500076293945,44.625,44.724998474121094,33.08634948730469,5679200
2012-01-11,44.685001373291016,44.69499969482422,44.07500076293945,44.255001068115234,32.73868179321289,5438000
2012-01-12,44.375,44.525001525878906,44.1150016784668,44.275001525878906,32.753475189208984,15039200
2012-01-13,44.1349983215332,44.32500076293945,43.92499923706055,44.2599983215332,32.742374420166016,14450200
2012-01-17,44.51499938964844,44.939998626708984,44.51499938964844,44.8650016784668,33.189937591552734,14860200
2012-01-18,44.875,45.25,44.77000045776367,45.154998779296875,33.40446472167969,3905400
2012-01-19,44.9900016784668,45.2400016784668,44.79499816894531,44.98500061035156,33.27870559692383,5160600
2012-01-20,44.80500030517578,44.83000183105469,44.154998779296875,44.5,33.133514404296875,6467200
2012-01-23,44.290000915527344,44.474998474121094,44.08000183105469,44.185001373291016,32.89898681640625,4333600
2012-01-24,43.8650016784668,44.20000076293945,43.61000061035156,44.125,32.85429000854492,5123200
2012-01-25,43.959999084472656,44.79499816894531,43.959999084472656,44.720001220703125,33.297325134277344,4835000
2012-01-26,44.93000030517578,46.06999969482422,44.869998931884766,45.67499923706055,34.00839614868164,9754800
2012-01-27,45.38999938964844,45.45000076293945,45.02000045776367,45.20000076293945,33.65472412109375,5654600
2012-01-30,45.290000915527344,45.345001220703125,44.61000061035156,44.755001068115234,33.323387145996094,5652400
2012-01-31,44.88999938964844,45.46500015258789,44.8849983215332,45.36000061035156,33.77384567260742,5923200
2012-02-01,45.54499816894531,45.875,45.3849983215332,45.564998626708984,33.926475524902344,4334400
2012-02-02,45.84000015258789,45.935001373291016,45.38999938964844,45.44499969482422,33.83714294433594,3845000
2012-02-03,45.77000045776367,46.04999923706055,45.65999984741211,45.77000045776367,34.07912063598633,4805000
2012-02-06,45.6349983215332,45.8849983215332,45.474998474121094,45.619998931884766,33.967445373535156,3161200
2012-02-07,45.51499938964844,45.88999938964844,45.505001068115234,45.77000045776367,34.07912063598633,2961200
2012-02-08,45.91999816894531,45.91999816894531,45.45500183105469,45.73500061035156,34.05305862426758,3217400
2012-02-09,45.720001220703125,45.900001525878906,45.529998779296875,45.880001068115234,34.16102600097656,3353800
2012-02-10,45.654998779296875,45.790000915527344,45.45500183105469,45.584999084472656,33.94137191772461,3855200
2012-02-13,45.75,45.994998931884766,45.625,45.81999969482422,34.11634826660156,2681600
2012-02-14,45.744998931884766,45.95500183105469,45.625,45.95000076293945,34.2131462097168,2877400
2012-02-15,45.959999084472656,46.29499816894531,45.880001068115234,46.08000183105469,34.3099365234375,3347400
2012-02-16,46.189998626708984,46.709999084472656,46.189998626708984,46.65999984741211,34.741798400878906,3708600
2012-02-17,46.79999923706055,46.92499923706055,46.439998626708984,46.625,34.71574020385742,3483800
2012-02-21,46.78499984741211,46.904998779296875,46.470001220703125,46.685001373291016,34.760406494140625,3421600
2012-02-22,46.540000915527344,46.7400016784668,46.20500183105469,46.56999969482422,34.674774169921875,2930400
2012-02-23,46.42499923706055,46.95000076293945,46.32500076293945,46.665000915527344,34.745521545410156,4214200
2012-02-24,46.8650016784668,46.8650016784668,46.334999084472656,46.650001525878906,34.73434829711914,3677400
2012-02-27,46.494998931884766,46.60499954223633,46.10499954223633,46.19499969482422,34.395572662353516,4871200
2012-02-28,46.334999084472656,46.52000045776367,46.13999938964844,46.48500061035156,34.61149597167969,3728200
2012-02-29,46.4900016784668,46.744998931884766,46.310001373291016,46.59000015258789,34.68968200683594,4390000
2012-03-01,46.5,46.75,46.30500030517578,46.42499923706055,34.56681823730469,4123600
2012-03-02,46.404998779296875,46.63999938964844,46.3650016784668,46.599998474121094,34.69712448120117,2521600
2012-03-05,46.5,46.76499938964844,46.474998474121094,46.67499923706055,34.752960205078125,2335000
2012-03-06,46.71500015258789,46.904998779296875,46.42499923706055,46.66999816894531,34.74923324584961,5260200
2012-03-07,46.6349983215332,46.775001525878906,46.25,46.415000915527344,34.559383392333984,4056000
2012-03-08,46.70000076293945,46.98500061035156,46.63999938964844,46.970001220703125,34.972625732421875,2766400
2012-03-09,46.88999938964844,47.04999923706055,46.64500045776367,46.9900016784668,34.98750686645508,3145400
2012-03-12,47.165000915527344,47.310001373291016,46.994998931884766,47.2400016784668,35.17366409301758,2965800
2012-03-13,47.400001525878906,47.625,47.224998474121094,47.6150016784668,35.45287322998047,4342200
2012-03-14,47.57500076293945,47.869998931884766,47.53499984741211,47.57500076293945,35.42308044433594,3552000
2012-03-15,47.41999816894531,47.834999084472656,47.41999816894531,47.709999084472656,35.52360153198242,3156000
2012-03-16,47.7400016784668,47.83000183105469,47.279998779296875,47.39500045776367,35.2890625,6149200
2012-03-19,47.689998626708984,47.779998779296875,47.400001525878906,47.685001373291016,35.50498962402344,3946600
2012-03-20,47.439998626708984,48.03499984741211,47.439998626708984,47.82500076293945,35.60923385620117,2969200
2012-03-21,47.755001068115234,48.20000076293945,47.755001068115234,48.084999084472656,35.80282211303711,3887800
2012-03-22,47.90999984741211,48.189998626708984,47.869998931884766,48.13999938964844,35.84376525878906,2968400
2012-03-23,48.099998474121094,48.165000915527344,47.814998626708984,47.970001220703125,35.717193603515625,2988400
2012-03-26,48.1150016784668,48.41999816894531,48.04499816894531,48.404998779296875,36.04107666015625,3088800
2012-03-27,48.5,48.64500045776367,48.31999969482422,48.35499954223633,36.00383758544922,2962800
2012-03-28,48.224998474121094,48.27000045776367,47.92499923706055,48.025001525878906,35.75812911987305,4100000
2012-03-29,47.82500076293945,48.435001373291016,47.76499938964844,48.345001220703125,35.99641036987305,4815000
2012-03-30,48.5,48.96500015258789,48.46500015258789,48.88999938964844,36.402198791503906,6021800
2012-04-02,48.84000015258789,49.224998474121094,48.83000183105469,49.220001220703125,36.64790344238281,5235400
2012-04-03,49.244998931884766,49.380001068115234,48.994998931884766,49.1150016784668,36.56972122192383,4879600
2012-04-04,48.790000915527344,49.125,48.78499984741211,48.92499923706055,36.42826843261719,3540400
2012-04-05,48.900001525878906,49.13999938964844,48.63999938964844,49.08000183105469,36.543670654296875,4318800
2012-04-09,48.83000183105469,48.83000183105469,48.435001373291016,48.52000045776367,36.1266975402832,3772800
2012-04-10,48.3849983215332,48.404998779296875,47.935001373291016,48.084999084472656,35.80282211303711,4731600
2012-04-11,48.48500061035156,48.70500183105469,48.27000045776367,48.27000045776367,35.9405632019043,7085000
2012-04-12,48.21500015258789,48.814998626708984,48.189998626708984,48.720001220703125,36.2756233215332,14848400
2012-04-13,48.72999954223633,48.970001220703125,48.369998931884766,48.60499954223633,36.18998718261719,12762000
2012-04-16,48.76499938964844,49.099998474121094,48.685001373291016,48.834999084472656,36.36123275756836,13182200
2012-04-17,49.025001525878906,49.36000061035156,48.72999954223633,49.29499816894531,36.7037467956543,3506200
2012-04-18,49.11000061035156,49.3849983215332,48.95500183105469,49.25,36.67024612426758,2653000
2012-04-19,49.345001220703125,49.3849983215332,48.875,49.09000015258789,36.55110549926758,3531200
2012-04-20,48.90999984741211,49.5,48.900001525878906,49.439998626708984,37.045654296875,4065200
2012-04-23,49.084999084472656,49.09000015258789,48.619998931884766,48.86000061035156,36.611045837402344,3243200
2012-04-24,49.0,49.26499938964844,48.86000061035156,49.21500015258789,36.87705612182617,2960400
2012-04-25,49.32500076293945,49.869998931884766,49.209999084472656,49.790000915527344,37.30790328979492,4974200
2012-04-26,49.779998779296875,49.91999816894531,49.2599983215332,49.73500061035156,37.26669692993164,3556400
2012-04-27,49.380001068115234,49.45000076293945,49.029998779296875,49.189998626708984,36.858341217041016,5788200
2012-04-30,49.07500076293945,49.470001220703125,49.025001525878906,49.470001220703125,37.068138122558594,4164400
2012-05-01,49.48500061035156,49.79499816894531,49.27000045776367,49.54999923706055,37.128074645996094,3598200
2012-05-02,49.595001220703125,50.17499923706055,49.54499816894531,50.17499923706055,37.59639358520508,3708000
2012-05-03,50.06999969482422,50.404998779296875,49.875,49.994998931884766,37.46151351928711,4760600
2012-05-04,50.08000183105469,50.08000183105469,49.54999923706055,49.564998626708984,37.13932418823242,3420400
2012-05-07,49.619998931884766,49.89500045776367,49.5,49.79999923706055,37.31540298461914,3400600
2012-05-08,49.650001525878906,49.72999954223633,49.415000915527344,49.59000015258789,37.15804672241211,3518000
2012-05-09,49.290000915527344,49.834999084472656,49.290000915527344,49.540000915527344,37.120582580566406,3820200
2012-05-10,49.76499938964844,49.994998931884766,49.564998626708984,49.82500076293945,37.33413314819336,4669400
2012-05-11,49.75,49.904998779296875,49.650001525878906,49.654998779296875,37.20674133300781,4174600
2012-05-14,49.380001068115234,49.67499923706055,49.380001068115234,49.505001068115234,37.09436798095703,3184600
2012-05-15,49.84000015258789,50.90999984741211,49.83000183105469,50.52000045776367,37.854896545410156,13296200
2012-05-16,50.57500076293945,50.970001220703125,50.505001068115234,50.65999984741211,37.95979309082031,4099400
2012-05-17,50.60499954223633,50.689998626708984,49.904998779296875,49.904998779296875,37.394073486328125,4256200
2012-05-18,50.060001373291016,50.1150016784668,49.2599983215332,49.39500045776367,37.01194763183594,6050600
2012-05-21,49.5,49.51499938964844,49.0,49.47999954223633,37.07563018798828,4970000
2012-05-22,49.564998626708984,50.05500030517578,49.47999954223633,49.595001220703125,37.161808013916016,4480600
2012-05-23,49.40999984741211,49.540000915527344,48.85499954223633,49.19499969482422,36.86205291748047,4600000
2012-05-24,49.220001220703125,49.81999969482422,49.220001220703125,49.564998626708984,37.13932418823242,3501000
2012-05-25,49.665000915527344,49.81999969482422,49.334999084472656,49.400001525878906,37.01567459106445,2481600
2012-05-29,49.58000183105469,49.75,49.375,49.68000030517578,37.225494384765625,2796200
2012-05-30,49.494998931884766,49.73500061035156,49.23500061035156,49.415000915527344,37.026912689208984,5429800
2012-05-31,49.505001068115234,49.505001068115234,49.02000045776367,49.150001525878906,36.82836151123047,4892400
2012-06-01,48.85499954223633,49.029998779296875,48.209999084472656,48.2400016784668,36.146484375,4616800
2012-06-04,48.244998931884766,48.650001525878906,48.10499954223633,48.584999084472656,36.40498733520508,3371400
2012-06-05,48.525001525878906,48.744998931884766,48.185001373291016,48.625,36.434967041015625,3095200
2012-06-06,48.73500061035156,49.165000915527344,48.54499816894531,49.165000915527344,36.83959197998047,4058000
2012-06-07,49.369998931884766,49.70500183105469,49.30500030517578,49.375,36.996944427490234,3901600
2012-06-08,49.400001525878906,50.150001525878906,49.375,50.084999084472656,37.52894592285156,3109600
2012-06-11,50.275001525878906,50.34000015258789,49.935001373291016,49.994998931884766,37.46151351928711,3559800
2012-06-12,49.994998931884766,50.095001220703125,49.64500045776367,50.025001525878906,37.48398971557617,3719600
2012-06-13,49.79999923706055,50.275001525878906,49.665000915527344,50.10499954223633,37.543941497802734,3333000
2012-06-14,50.23500061035156,50.724998474121094,50.1349983215332,50.65999984741211,37.95979309082031,3255200
2012-06-15,50.79999923706055,50.96500015258789,50.654998779296875,50.76499938964844,38.038490295410156,4105600
2012-06-18,50.70000076293945,50.875,50.44499969482422,50.834999084472656,38.0909309387207,3005600
2012-06-19,50.81999969482422,50.98500061035156,50.505001068115234,50.650001525878906,37.95232009887695,3321800
2012-06-20,50.084999084472656,50.3650016784668,49.810001373291016,50.3650016784668,37.738765716552734,5206000
2012-06-21,50.45000076293945,50.45000076293945,49.720001220703125,49.724998474121094,37.25920104980469,3446000
2012-06-22,49.959999084472656,50.25,49.900001525878906,49.95000076293945,37.42780685424805,6369000
2012-06-25,49.584999084472656,49.775001525878906,49.5,49.65999984741211,37.21049880981445,3051800
2012-06-26,49.83000183105469,50.275001525878906,49.7400016784668,50.04999923706055,37.50271224975586,3040600
2012-06-27,50.13999938964844,50.79999923706055,50.1349983215332,50.75,38.027244567871094,2985600
2012-06-28,50.560001373291016,51.0,50.46500015258789,50.994998931884766,38.210819244384766,2936000
2012-06-29,51.369998931884766,52.165000915527344,50.98500061035156,52.04999923706055,39.00133514404297,5399200
2012-07-02,51.70500183105469,51.915000915527344,51.5,51.86000061035156,38.858970642089844,3448000
2012-07-03,51.849998474121094,52.58000183105469,51.7599983215332,52.30500030517578,39.19240188598633,2071600
2012-07-05,52.209999084472656,52.5,51.959999084472656,52.32500076293945,39.20740509033203,2461200
2012-07-06,52.04999923706055,52.314998626708984,51.959999084472656,52.14500045776367,39.07252883911133,1952000
2012-07-09,52.28499984741211,52.30500030517578,51.88999938964844,52.130001068115234,39.06127166748047,2553800
2012-07-10,52.2400016784668,52.255001068115234,51.849998474121094,51.95000076293945,38.92641067504883,2585400
2012-07-11,52.08000183105469,52.08000183105469,51.685001373291016,51.915000915527344,38.900169372558594,3325400
2012-07-12,51.84000015258789,52.03499984741211,51.48500061035156,51.80500030517578,38.817771911621094,3586000
2012-07-13,51.85499954223633,52.880001068115234,51.85499954223633,52.72999954223633,39.510868072509766,2849200
2012-07-16,52.540000915527344,52.72999954223633,52.17499923706055,52.185001373291016,39.10249710083008,3687600
2012-07-17,52.3849983215332,52.724998474121094,52.310001373291016,52.58000183105469,39.398468017578125,2958400
2012-07-18,52.494998931884766,53.029998779296875,52.3849983215332,52.63999938964844,39.44342041015625,2789200
2012-07-19,52.63999938964844,52.93000030517578,52.27000045776367,52.810001373291016,39.57080841064453,3061000
2012-07-20,52.44499969482422,52.665000915527344,51.834999084472656,51.95000076293945,39.15626525878906,5090400
2012-07-23,51.61000061035156,51.904998779296875,51.29999923706055,51.39500045776367,38.73794937133789,2995000
2012-07-24,51.39500045776367,51.42499923706055,50.7599983215332,51.04999923706055,38.4779052734375,3574400
2012-07-25,51.18000030517578,51.39500045776367,50.79499816894531,51.125,38.534420013427734,3331200
2012-07-26,52.3849983215332,53.415000915527344,52.09000015258789,53.189998626708984,40.09088134765625,5617400
2012-07-27,52.404998779296875,53.84000015258789,52.345001220703125,53.584999084472656,40.38861083984375,6594800
2012-07-30,53.6349983215332,54.25,53.58000183105469,53.73500061035156,40.50166702270508,3473400
2012-07-31,53.625,53.86000061035156,53.43000030517578,53.68000030517578,40.460208892822266,3465000
2012-08-01,53.904998779296875,54.91999816894531,53.1349983215332,53.29999923706055,40.173797607421875,3948600
2012-08-02,52.935001373291016,53.189998626708984,52.38999938964844,52.685001373291016,39.71025466918945,4284200
2012-08-03,53.27000045776367,53.744998931884766,53.08000183105469,53.22999954223633,40.12103271484375,3599400
2012-08-06,53.185001373291016,53.474998474121094,52.974998474121094,53.17499923706055,40.0795783996582,2405800
2012-08-07,53.29999923706055,53.525001525878906,52.404998779296875,52.439998626708984,39.52559280395508,4507600
2012-08-08,52.42499923706055,52.70500183105469,52.34000015258789,52.6349983215332,39.67255783081055,3280000
2012-08-09,52.529998779296875,52.70500183105469,52.3849983215332,52.474998474121094,39.55196762084961,3117600
2012-08-10,52.380001068115234,52.72999954223633,52.36000061035156,52.685001373291016,39.71025466918945,2454400
2012-08-13,52.5,52.83000183105469,52.38999938964844,52.775001525878906,39.77809524536133,2173000
2012-08-14,52.72999954223633,52.904998779296875,52.525001525878906,52.709999084472656,39.729095458984375,2428000
2012-08-15,52.53499984741211,53.255001068115234,52.5,52.75,39.75923538208008,3286200
2012-08-16,52.689998626708984,52.96500015258789,52.564998626708984,52.915000915527344,39.88361740112305,2100200
2012-08-17,53.04999923706055,53.20000076293945,52.935001373291016,53.09000015258789,40.015506744384766,2992000
2012-08-20,53.09000015258789,53.18000030517578,52.6349983215332,52.974998474121094,39.92882537841797,2601600
2012-08-21,52.939998626708984,53.20500183105469,52.69499969482422,52.849998474121094,39.834617614746094,2243800
2012-08-22,52.65999984741211,52.8650016784668,52.5,52.685001373291016,39.71025466918945,1870600
2012-08-23,52.65999984741211,52.744998931884766,52.33000183105469,52.35499954223633,39.46152114868164,1942800
2012-08-24,52.45500183105469,52.95500183105469,52.25,52.8849983215332,39.861000061035156,2335800
2012-08-27,52.7599983215332,53.0,52.6349983215332,52.900001525878906,39.87229537963867,2283400
2012-08-28,52.709999084472656,53.33000183105469,52.709999084472656,53.17499923706055,40.0795783996582,3483600
2012-08-29,53.375,53.45000076293945,53.18000030517578,53.21500015258789,40.10972595214844,2672200
2012-08-30,52.98500061035156,53.060001373291016,52.900001525878906,52.904998779296875,39.87607192993164,1894600
2012-08-31,53.07500076293945,53.2599983215332,52.880001068115234,53.154998779296875,40.06449890136719,2697200
2012-09-04,53.08000183105469,53.70000076293945,52.959999084472656,53.61000061035156,40.40745544433594,4388400
2012-09-05,53.2599983215332,53.68000030517578,53.220001220703125,53.25,40.136104583740234,4020600
2012-09-06,53.54499816894531,53.81999969482422,53.439998626708984,53.744998931884766,40.50920486450195,3355800
2012-09-07,53.83000183105469,54.0,52.974998474121094,53.150001525878906,40.06072998046875,3502200
2012-09-10,52.90999984741211,52.95000076293945,51.61000061035156,51.849998474121094,39.08088684082031,9646000
2012-09-11,51.650001525878906,51.84000015258789,51.279998779296875,51.40999984741211,38.749244689941406,5936400
2012-09-12,51.43000030517578,51.76499938964844,51.25,51.310001373291016,38.67387390136719,4108000
2012-09-13,51.51499938964844,52.349998474121094,51.345001220703125,52.27000045776367,39.39744567871094,5306800
2012-09-14,52.21500015258789,52.375,51.75,51.875,39.099727630615234,5587600
2012-09-17,51.345001220703125,52.73500061035156,51.345001220703125,52.57500076293945,39.627349853515625,5985600
2012-09-18,52.334999084472656,53.1150016784668,52.0,53.005001068115234,39.95143508911133,4507800
2012-09-19,53.005001068115234,53.189998626708984,52.77000045776367,52.94499969482422,39.90621566772461,3657200
2012-09-20,52.8650016784668,53.6150016784668,52.8650016784668,53.39500045776367,40.24540328979492,3586000
2012-09-21,53.5,53.57500076293945,53.04999923706055,53.26499938964844,40.14740753173828,11937600
2012-09-24,53.1349983215332,53.619998931884766,53.07500076293945,53.470001220703125,40.30192947387695,2546000
2012-09-25,53.654998779296875,53.904998779296875,53.314998626708984,53.32500076293945,40.1926383972168,3584000
2012-09-26,53.38999938964844,53.8849983215332,53.32500076293945,53.375,40.2303352355957,3162000
2012-09-27,53.525001525878906,53.79999923706055,53.16999816894531,53.67499923706055,40.456443786621094,2638600
2012-09-28,53.71500015258789,53.73500061035156,53.244998931884766,53.61000061035156,40.40745544433594,3019800
2012-10-01,53.41999816894531,54.369998931884766,53.26499938964844,53.994998931884766,40.69763946533203,3412400
2012-10-02,54.1349983215332,54.28499984741211,53.75,53.959999084472656,40.671268463134766,2655400
2012-10-03,54.02000045776367,54.220001220703125,53.78499984741211,54.01499938964844,40.71270751953125,2630600
2012-10-04,54.25,54.540000915527344,54.05500030517578,54.22999954223633,40.874755859375,2598400
2012-10-05,54.29499816894531,54.34000015258789,53.939998626708984,54.224998474121094,40.871002197265625,3713200
2012-10-08,54.18000030517578,54.40999984741211,53.974998474121094,54.244998931884766,40.886077880859375,1822200
2012-10-09,54.189998626708984,54.38999938964844,53.650001525878906,53.71500015258789,40.48659896850586,2794400
2012-10-10,53.72999954223633,54.025001525878906,53.564998626708984,53.845001220703125,40.58457565307617,3013000
2012-10-11,54.21500015258789,54.310001373291016,53.93000030517578,54.01499938964844,40.71270751953125,2968400
2012-10-12,54.20500183105469,54.3650016784668,53.65999984741211,53.94499969482422,40.65996170043945,2574800
2012-10-15,54.0099983215332,54.27000045776367,53.790000915527344,54.22999954223633,40.874755859375,2830400
2012-10-16,54.375,54.415000915527344,54.04999923706055,54.29499816894531,40.923744201660156,2413600
2012-10-17,54.28499984741211,55.48500061035156,54.28499984741211,55.28499984741211,41.669944763183594,4812000
2012-10-18,55.275001525878906,55.44499969482422,54.88999938964844,55.310001373291016,41.68879699707031,2506200
2012-10-19,54.880001068115234,54.900001525878906,53.720001220703125,53.869998931884766,40.8322639465332,4758400
2012-10-22,53.7599983215332,54.04999923706055,53.53499984741211,53.845001220703125,40.81332015991211,2180200
2012-10-23,53.564998626708984,53.625,53.029998779296875,53.26499938964844,40.37370300292969,2678400
2012-10-24,53.5099983215332,53.755001068115234,53.084999084472656,53.279998779296875,40.385074615478516,2859200
2012-10-25,53.5,53.5,51.525001525878906,52.29999923706055,39.64224624633789,6010000
2012-10-26,52.349998474121094,52.494998931884766,51.849998474121094,51.935001373291016,39.3655891418457,4940400
2012-10-31,51.97999954223633,52.61000061035156,51.779998779296875,52.47999954223633,39.778690338134766,4664400
2012-11-01,52.34000015258789,53.06999969482422,52.119998931884766,52.935001373291016,40.12356948852539,3944800
2012-11-02,53.02000045776367,53.29499816894531,52.43000030517578,52.47999954223633,39.778690338134766,2789800
2012-11-05,52.27000045776367,52.875,52.27000045776367,52.6150016784668,39.88101577758789,1935800
2012-11-06,52.744998931884766,53.005001068115234,52.53499984741211,52.81999969482422,40.03639602661133,2978400
2012-11-07,52.79999923706055,52.79999923706055,52.165000915527344,52.48500061035156,39.7824592590332,2817800
2012-11-08,52.43000030517578,52.59000015258789,52.0,52.03499984741211,39.441383361816406,2874800
2012-11-09,51.90999984741211,52.345001220703125,51.834999084472656,51.935001373291016,39.3655891418457,2813600
2012-11-12,51.994998931884766,52.435001373291016,51.755001068115234,52.154998779296875,39.5323371887207,1892000
2012-11-13,51.970001220703125,52.69499969482422,51.900001525878906,52.13999938964844,39.520965576171875,3007800
2012-11-14,52.244998931884766,52.47999954223633,51.58000183105469,51.76499938964844,39.23672866821289,3215200
2012-11-15,51.66999816894531,52.07500076293945,51.625,51.8849983215332,39.327701568603516,2772600
2012-11-16,51.939998626708984,52.625,51.89500045776367,52.57500076293945,39.850704193115234,4087400
2012-11-19,52.95500183105469,53.45500183105469,52.900001525878906,53.45500183105469,40.517723083496094,3025800
2012-11-20,53.30500030517578,53.54499816894531,53.0,53.45500183105469,40.517723083496094,2351200
2012-11-21,53.41999816894531,53.525001525878906,53.040000915527344,53.400001525878906,40.476036071777344,2120200
2012-11-23,53.255001068115234,54.0,53.2400016784668,54.0,40.93081283569336,1423600
2012-11-26,53.654998779296875,54.04499816894531,53.54499816894531,53.93000030517578,40.87774658203125,1964800
2012-11-27,53.92499923706055,54.2400016784668,53.71500015258789,53.81999969482422,40.794368743896484,2469400
2012-11-28,53.689998626708984,53.95500183105469,53.584999084472656,53.880001068115234,40.83985137939453,2202400
2012-11-29,53.970001220703125,54.165000915527344,53.70000076293945,54.005001068115234,40.934600830078125,1873000
2012-11-30,54.06999969482422,54.375,53.935001373291016,54.25,41.12030792236328,3135000
2012-12-03,54.314998626708984,54.5,54.005001068115234,54.04499816894531,40.96492004394531,2029200
2012-12-04,54.0,54.04999923706055,53.76499938964844,53.790000915527344,40.771636962890625,2070400
2012-12-05,53.849998474121094,53.89500045776367,53.494998931884766,53.60499954223633,40.631412506103516,2765400
2012-12-06,53.505001068115234,53.60499954223633,53.150001525878906,53.32500076293945,40.41917419433594,3161000
2012-12-07,53.564998626708984,54.19499969482422,53.54999923706055,54.185001373291016,41.0710334777832,3134800
2012-12-10,53.82500076293945,54.18000030517578,53.314998626708984,53.39500045776367,40.47224426269531,3695800
2012-12-11,53.53499984741211,54.099998474121094,53.494998931884766,53.939998626708984,40.88533020019531,2862600
2012-12-12,54.0,54.095001220703125,53.34000015258789,53.494998931884766,40.548030853271484,2731200
2012-12-13,53.6150016784668,53.68000030517578,52.994998931884766,53.08000183105469,40.23347473144531,3116400
2012-12-14,53.08000183105469,53.5,52.849998474121094,52.91999816894531,40.11219024658203,3452400
2012-12-17,52.97999954223633,53.349998474121094,52.849998474121094,53.10499954223633,40.252418518066406,2951200
2012-12-18,53.209999084472656,53.67499923706055,52.994998931884766,53.630001068115234,40.65036392211914,3721400
2012-12-19,53.57500076293945,53.75,53.0099983215332,53.01499938964844,40.18421173095703,2961200
2012-12-20,53.02000045776367,53.279998779296875,52.67499923706055,52.89500045776367,40.093238830566406,2994200
2012-12-21,52.59000015258789,53.040000915527344,52.41999816894531,52.54999923706055,39.83175277709961,5503400
2012-12-24,52.314998626708984,52.68000030517578,52.29999923706055,52.525001525878906,39.81278991699219,1251000
2012-12-26,52.525001525878906,52.66999816894531,52.185001373291016,52.35499954223633,39.683937072753906,2688400
2012-12-27,52.279998779296875,52.77000045776367,52.2599983215332,52.6349983215332,39.89616775512695,2801800
2012-12-28,52.39500045776367,52.6349983215332,51.97999954223633,52.02000045776367,39.430015563964844,2012600
2012-12-31,51.8849983215332,52.314998626708984,51.40999984741211,52.27000045776367,39.619503021240234,3558400
2013-01-02,52.80500030517578,53.154998779296875,52.6150016784668,53.154998779296875,40.29032516479492,4150200
2013-01-03,53.095001220703125,53.42499923706055,52.994998931884766,53.33000183105469,40.4229736328125,2959600
2013-01-04,53.345001220703125,54.029998779296875,53.34000015258789,53.95000076293945,40.89291000366211,2504800
2013-01-07,53.6349983215332,53.6349983215332,52.92499923706055,53.040000915527344,40.20314407348633,2803600
2013-01-08,52.95500183105469,53.15999984741211,52.875,53.15999984741211,40.29410934448242,1771200
2013-01-09,53.17499923706055,53.31999969482422,52.94499969482422,53.064998626708984,40.22209167480469,1967800
2013-01-10,53.150001525878906,53.69499969482422,53.025001525878906,53.69499969482422,40.699615478515625,2521600
2013-01-11,53.779998779296875,53.959999084472656,53.4900016784668,53.54499816894531,40.58595275878906,2032000
2013-01-14,53.654998779296875,54.060001373291016,53.5,53.96500015258789,40.90428161621094,1464400
2013-01-15,53.650001525878906,53.95500183105469,53.404998779296875,53.869998931884766,40.8322639465332,2236000
2013-01-16,53.70000076293945,53.994998931884766,53.5099983215332,53.915000915527344,40.86638641357422,1461000
2013-01-17,54.17499923706055,54.64500045776367,54.09000015258789,54.470001220703125,41.287052154541016,1881200
2013-01-18,54.380001068115234,54.505001068115234,54.1150016784668,54.505001068115234,41.3135871887207,2743200
2013-01-22,54.02000045776367,54.22999954223633,53.869998931884766,54.22999954223633,41.34026336669922,2610400
2013-01-23,54.11000061035156,54.435001373291016,53.970001220703125,54.404998779296875,41.47367858886719,2253200
2013-01-24,54.64500045776367,55.064998626708984,54.6349983215332,54.8849983215332,41.83958435058594,3297000
2013-01-25,55.0099983215332,55.209999084472656,54.70000076293945,55.07500076293945,41.98441696166992,2874600
2013-01-28,55.095001220703125,55.23500061035156,54.619998931884766,55.07500076293945,41.98441696166992,3188000
2013-01-29,54.97999954223633,55.5,54.709999084472656,55.45500183105469,42.274105072021484,3249400
2013-01-30,55.48500061035156,55.685001373291016,55.2400016784668,55.42499923706055,42.25123977661133,2889600
2013-01-31,54.06999969482422,55.540000915527344,53.369998931884766,53.685001373291016,40.92481231689453,9270000
2013-02-01,54.41999816894531,54.96500015258789,54.23500061035156,54.91999816894531,41.86626052856445,4831800
2013-02-04,54.41999816894531,54.70000076293945,54.31999969482422,54.3650016784668,41.44317626953125,3299000
2013-02-05,54.73500061035156,55.060001373291016,54.630001068115234,54.72999954223633,41.72142791748047,4633600
2013-02-06,54.584999084472656,54.939998626708984,54.20000076293945,54.904998779296875,41.854827880859375,4342200
2013-02-07,54.90999984741211,55.10499954223633,54.665000915527344,55.095001220703125,41.999664306640625,3165600
2013-02-08,55.025001525878906,55.42499923706055,54.209999084472656,54.244998931884766,41.351715087890625,7647200
2013-02-11,54.08000183105469,54.47999954223633,53.814998626708984,54.14500045776367,41.275482177734375,3744200
2013-02-12,54.20000076293945,54.2400016784668,53.89500045776367,54.025001525878906,41.18399429321289,2875600
2013-02-13,54.1349983215332,54.165000915527344,53.685001373291016,53.95000076293945,41.126827239990234,3292400
2013-02-14,53.810001373291016,54.3650016784668,53.78499984741211,54.165000915527344,41.29071807861328,3427800
2013-02-15,54.349998474121094,55.15999984741211,54.349998474121094,55.0099983215332,41.93487548828125,5396400
2013-02-19,55.08000183105469,56.02000045776367,54.959999084472656,55.95500183105469,42.655269622802734,5458400
2013-02-20,56.0,56.5,55.974998474121094,56.05500030517578,42.73149108886719,3273800
2013-02-21,55.875,56.810001373291016,55.755001068115234,56.54499816894531,43.105018615722656,4462400
2013-02-22,56.54999923706055,57.099998474121094,56.404998779296875,56.98500061035156,43.4404296875,3723600
2013-02-25,57.125,57.85499954223633,56.880001068115234,57.005001068115234,43.45569610595703,4942600
2013-02-26,56.45000076293945,57.06999969482422,56.2400016784668,56.95500183105469,43.417572021484375,5666400
2013-02-27,56.775001525878906,57.459999084472656,56.415000915527344,57.22999954223633,43.6272087097168,4004200
2013-02-28,57.33000183105469,57.845001220703125,57.20500183105469,57.21500015258789,43.61577606201172,3905800
2013-03-01,57.04499816894531,57.209999084472656,56.70000076293945,57.05500030517578,43.493804931640625,3515200
2013-03-04,57.040000915527344,57.439998626708984,56.93000030517578,57.41999816894531,43.77205276489258,2275200
2013-03-05,57.6150016784668,58.084999084472656,57.54999923706055,57.85499954223633,44.10365295410156,2893000
2013-03-06,57.92499923706055,57.974998474121094,57.41999816894531,57.67499923706055,43.96644592285156,2423400
2013-03-07,58.35499954223633,58.35499954223633,57.64500045776367,57.70500183105469,43.98930740356445,3718800
2013-03-08,57.915000915527344,57.974998474121094,57.5,57.869998931884766,44.11509323120117,2969400
2013-03-11,57.915000915527344,57.97999954223633,57.619998931884766,57.81999969482422,44.07697296142578,2661000
2013-03-12,57.845001220703125,57.875,57.5,57.529998779296875,43.85590362548828,2449600
2013-03-13,57.529998779296875,57.58000183105469,57.310001373291016,57.45000076293945,43.79492950439453,2309000
2013-03-14,57.474998474121094,57.4900016784668,56.85499954223633,56.91999816894531,43.390892028808594,4585400
2013-03-15,56.470001220703125,56.55500030517578,56.040000915527344,56.040000915527344,42.72005844116211,8422800
2013-03-18,55.81999969482422,56.224998474121094,55.65999984741211,56.130001068115234,42.788673400878906,3896800
2013-03-19,56.05500030517578,56.34000015258789,55.98500061035156,56.27000045776367,42.895381927490234,4108000
2013-03-20,56.43000030517578,57.400001525878906,56.43000030517578,57.29999923706055,43.68057632446289,3447800
2013-03-21,57.05500030517578,57.290000915527344,56.849998474121094,56.85499954223633,43.341339111328125,2341800
2013-03-22,56.875,57.5,56.67499923706055,57.20500183105469,43.608158111572266,4500400
2013-03-25,57.3849983215332,57.54499816894531,57.04999923706055,57.20000076293945,43.604347229003906,3294600
2013-03-26,57.400001525878906,58.68000030517578,57.400001525878906,58.65999984741211,44.71732711791992,3123400
2013-03-27,58.25,58.47999954223633,58.03499984741211,58.36000061035156,44.48862838745117,2134800
2013-03-28,58.55500030517578,59.224998474121094,58.13999938964844,59.01499938964844,44.98794174194336,3380000
2013-04-01,58.935001373291016,59.06999969482422,58.63999938964844,58.85499954223633,44.865966796875,1855600
2013-04-02,59.025001525878906,59.48500061035156,58.98500061035156,59.45000076293945,45.31954574584961,2619800
2013-04-03,59.5,59.560001373291016,58.52000045776367,58.654998779296875,44.713504791259766,3354000
2013-04-04,58.77000045776367,58.8650016784668,58.369998931884766,58.540000915527344,44.6258430480957,2603000
2013-04-05,58.20000076293945,58.45500183105469,58.0099983215332,58.36000061035156,44.48862838745117,1962000
2013-04-08,58.54999923706055,58.86000061035156,58.07500076293945,58.86000061035156,44.86979293823242,1488200
2013-04-09,59.0,59.040000915527344,58.314998626708984,58.625,44.690635681152344,2649400
2013-04-10,58.72999954223633,59.26499938964844,58.650001525878906,59.1349983215332,45.07942199707031,2460600
2013-04-11,59.14500045776367,59.595001220703125,59.10499954223633,59.41999816894531,45.29667663574219,2118400
2013-04-12,59.290000915527344,59.619998931884766,59.0,59.185001373291016,45.1175422668457,2151000
2013-04-15,59.0,59.31999969482422,58.435001373291016,58.435001373291016,44.545799255371094,3040400
2013-04-16,58.72999954223633,59.7400016784668,58.53499984741211,59.665000915527344,45.483436584472656,3551800
2013-04-17,59.505001068115234,59.584999084472656,58.630001068115234,58.92499923706055,44.91933822631836,3133000
2013-04-18,59.025001525878906,59.59000015258789,59.0,59.28499984741211,45.19376754760742,2743400
2013-04-19,59.33000183105469,59.94499969482422,59.290000915527344,59.86000061035156,45.89530944824219,2951600
2013-04-22,59.81999969482422,60.54499816894531,59.665000915527344,60.20500183105469,46.159820556640625,3267200
2013-04-23,60.279998779296875,60.720001220703125,59.83000183105469,60.71500015258789,46.55084991455078,3784800
2013-04-24,60.525001525878906,60.525001525878906,58.845001220703125,58.95000076293945,45.19761276245117,4436200
2013-04-25,60.29999923706055,61.20000076293945,59.65999984741211,59.709999084472656,45.78029251098633,5879800
2013-04-26,59.939998626708984,60.46500015258789,59.2599983215332,59.494998931884766,45.615447998046875,3885600
2013-04-29,59.625,59.96500015258789,59.529998779296875,59.685001373291016,45.761146545410156,2610600
2013-04-30,59.529998779296875,59.88999938964844,59.15999984741211,59.70500183105469,45.776458740234375,3388000
2013-05-01,59.720001220703125,60.22999954223633,59.439998626708984,59.56999969482422,45.67295455932617,2393600
2013-05-02,59.58000183105469,60.54999923706055,59.380001068115234,60.3650016784668,46.28250503540039,2341200
2013-05-03,60.6349983215332,60.779998779296875,60.04999923706055,60.57500076293945,46.443504333496094,2120800
2013-05-06,60.57500076293945,60.6349983215332,60.005001068115234,60.099998474121094,46.079307556152344,1797200
2013-05-07,60.185001373291016,60.25,59.915000915527344,60.165000915527344,46.12915802001953,2657800
2013-05-08,60.07500076293945,60.349998474121094,59.91999816894531,60.2599983215332,46.201995849609375,2090800
2013-05-09,60.16999816894531,60.35499954223633,59.89500045776367,60.095001220703125,46.07548522949219,3025200
2013-05-10,60.25,60.4900016784668,60.05500030517578,60.36000061035156,46.27867126464844,2484000
2013-05-13,60.400001525878906,60.599998474121094,60.15999984741211,60.45500183105469,46.35149383544922,1837600
2013-05-14,60.5,61.67499923706055,60.5,61.67499923706055,47.28689193725586,3101000
2013-05-15,61.41999816894531,62.369998931884766,61.33000183105469,62.275001525878906,47.74689483642578,7490600
2013-05-16,62.310001373291016,62.70000076293945,61.33000183105469,62.380001068115234,47.8274040222168,3077800
2013-05-17,62.13999938964844,62.400001525878906,61.779998779296875,62.040000915527344,47.56673049926758,4148300
2013-05-20,62.040000915527344,62.04999923706055,61.41999816894531,61.54999923706055,47.1910514831543,2321300
2013-05-21,61.599998474121094,62.08000183105469,61.189998626708984,61.58000183105469,47.214054107666016,2895900
2013-05-22,61.5,62.130001068115234,61.220001220703125,61.40999984741211,47.08371353149414,3059500
2013-05-23,61.06999969482422,61.33000183105469,60.869998931884766,60.970001220703125,46.74635314941406,3159600
2013-05-24,60.869998931884766,61.310001373291016,60.47999954223633,61.16999816894531,46.899688720703125,1756700
2013-05-28,61.86000061035156,62.25,61.38999938964844,61.630001068115234,47.25238037109375,2717100
2013-05-29,61.09000015258789,61.18000030517578,59.400001525878906,59.58000183105469,45.68062210083008,4483400
2013-05-30,59.75,60.099998474121094,59.33000183105469,59.630001068115234,45.71896743774414,2961000
2013-05-31,59.41999816894531,59.470001220703125,57.83000183105469,57.84000015258789,44.34653854370117,4731300
2013-06-03,57.90999984741211,58.66999816894531,57.52000045776367,58.599998474121094,44.92924880981445,4101400
2013-06-04,58.79999923706055,59.220001220703125,58.2400016784668,58.869998931884766,45.13625717163086,3066800
2013-06-05,58.72999954223633,58.77000045776367,57.900001525878906,57.900001525878906,44.39255905151367,2584900
2013-06-06,57.79999923706055,58.220001220703125,57.06999969482422,58.040000915527344,44.49989318847656,3861600
2013-06-07,58.5099983215332,59.13999938964844,58.41999816894531,59.099998474121094,45.3126106262207,2980200
2013-06-10,59.279998779296875,59.349998474121094,58.650001525878906,58.81999969482422,45.0979118347168,2710200
2013-06-11,58.45000076293945,59.2400016784668,58.060001373291016,58.619998931884766,44.944580078125,2338900
2013-06-12,58.9900016784668,59.5,58.150001525878906,58.15999984741211,44.591896057128906,2344900
2013-06-13,58.119998931884766,58.650001525878906,57.189998626708984,58.459999084472656,44.821903228759766,2516500
2013-06-14,58.5099983215332,59.0099983215332,58.209999084472656,58.81999969482422,45.0979118347168,3099100
2013-06-17,59.099998474121094,59.91999816894531,59.029998779296875,59.63999938964844,45.72661209106445,3724200
2013-06-18,59.70000076293945,59.91999816894531,59.47999954223633,59.70000076293945,45.77263641357422,3156100
2013-06-19,59.66999816894531,59.79999923706055,57.97999954223633,58.0,44.46923065185547,4256400
2013-06-20,57.599998474121094,57.720001220703125,55.689998626708984,55.869998931884766,42.836124420166016,7546900
2013-06-21,56.38999938964844,57.09000015258789,56.0099983215332,56.810001373291016,43.55683517456055,6013600
2013-06-24,56.279998779296875,56.7400016784668,55.470001220703125,56.150001525878906,43.050819396972656,4418700
2013-06-25,56.4900016784668,56.65999984741211,55.86000061035156,56.220001220703125,43.10448455810547,4152100
2013-06-26,56.779998779296875,57.20000076293945,56.41999816894531,57.0,43.702518463134766,4130400
2013-06-27,57.5099983215332,57.83000183105469,57.13999938964844,57.38999938964844,44.001529693603516,2983100
2013-06-28,57.099998474121094,57.66999816894531,56.79999923706055,57.290000915527344,43.92486572265625,5508900
2013-07-01,57.599998474121094,58.65999984741211,57.58000183105469,57.95000076293945,44.430885314941406,3727600
2013-07-02,57.939998626708984,58.20000076293945,57.5,57.720001220703125,44.254554748535156,3355700
2013-07-03,57.540000915527344,57.939998626708984,57.189998626708984,57.81999969482422,44.33121871948242,2443200
2013-07-05,58.0,58.220001220703125,57.11000061035156,57.86000061035156,44.361900329589844,2501300
2013-07-08,57.97999954223633,58.63999938964844,57.97999954223633,58.58000183105469,44.91391372680664,2492100
2013-07-09,59.029998779296875,59.2400016784668,58.81999969482422,58.97999954223633,45.22060775756836,2916100
2013-07-10,58.9900016784668,59.27000045776367,58.4900016784668,58.619998931884766,44.944580078125,2434900
2013-07-11,59.2400016784668,59.36000061035156,58.630001068115234,58.95000076293945,45.19761276245117,4292100
2013-07-12,58.97999954223633,59.22999954223633,58.66999816894531,59.13999938964844,45.34326934814453,2651200
2013-07-15,59.2400016784668,59.27000045776367,58.58000183105469,58.81999969482422,45.0979118347168,3302400
2013-07-16,58.709999084472656,58.79999923706055,58.09000015258789,58.47999954223633,44.83724594116211,3068000
2013-07-17,58.599998474121094,58.709999084472656,58.06999969482422,58.36000061035156,44.7452392578125,2873500
2013-07-18,58.33000183105469,58.9900016784668,58.209999084472656,58.79999923706055,45.08259201049805,3242900
2013-07-19,58.470001220703125,58.91999816894531,58.25,58.880001068115234,45.40648651123047,3135900
2013-07-22,58.7599983215332,59.06999969482422,58.45000076293945,58.650001525878906,45.22911834716797,2303700
2013-07-23,58.61000061035156,58.790000915527344,58.22999954223633,58.40999984741211,45.044029235839844,2627100
2013-07-24,58.5,58.65999984741211,58.20000076293945,58.470001220703125,45.09030532836914,3935200
2013-07-25,58.70000076293945,59.900001525878906,58.5,59.619998931884766,45.977149963378906,4558000
2013-07-26,59.459999084472656,60.2599983215332,59.150001525878906,60.25,46.46299362182617,4022400
2013-07-29,59.9900016784668,60.36000061035156,59.849998474121094,60.08000183105469,46.33189010620117,2992400
2013-07-30,60.400001525878906,60.68000030517578,59.90999984741211,60.2400016784668,46.455265045166016,3269000
2013-07-31,60.34000015258789,60.66999816894531,59.849998474121094,59.869998931884766,46.169944763183594,3867500
2013-08-01,60.27000045776367,60.81999969482422,60.2400016784668,60.560001373291016,46.70206069946289,2799300
2013-08-02,60.2599983215332,60.58000183105469,60.0099983215332,60.529998779296875,46.67892074584961,2508800
2013-08-05,60.4900016784668,61.08000183105469,60.459999084472656,60.97999954223633,47.02593994140625,2965100
2013-08-06,60.81999969482422,61.25,60.7599983215332,60.9900016784668,47.03364944458008,2586100
2013-08-07,60.79999923706055,61.16999816894531,60.650001525878906,60.939998626708984,46.995086669921875,2469800
2013-08-08,61.27000045776367,61.5,60.5,60.90999984741211,46.971954345703125,2817000
2013-08-09,60.83000183105469,61.04999923706055,60.470001220703125,60.68000030517578,46.794586181640625,1656000
2013-08-12,60.29999923706055,60.97999954223633,60.2400016784668,60.959999084472656,47.010520935058594,2276400
2013-08-13,61.0,61.20000076293945,60.790000915527344,61.08000183105469,47.103057861328125,2430100
2013-08-14,61.0,61.13999938964844,60.439998626708984,60.66999816894531,46.786869049072266,2383200
2013-08-15,60.29999923706055,60.58000183105469,59.689998626708984,59.810001373291016,46.12367248535156,2814400
2013-08-16,59.52000045776367,59.66999816894531,59.119998931884766,59.470001220703125,45.861473083496094,3130100
2013-08-19,59.279998779296875,59.380001068115234,58.90999984741211,59.150001525878906,45.61471176147461,2351400
2013-08-20,59.2400016784668,59.619998931884766,59.02000045776367,59.09000015258789,45.56843185424805,1946300
2013-08-21,59.0,59.04999923706055,58.439998626708984,58.5099983215332,45.12114715576172,3036800
2013-08-22,58.470001220703125,58.59000015258789,58.25,58.45000076293945,45.07488250732422,3035500
2013-08-23,58.5099983215332,59.08000183105469,58.439998626708984,59.029998779296875,45.52215576171875,2728900
2013-08-26,59.08000183105469,59.25,58.20000076293945,58.220001220703125,44.897518157958984,1960700
2013-08-27,57.560001373291016,57.900001525878906,57.40999984741211,57.63999938964844,44.450225830078125,2780300
2013-08-28,57.5099983215332,57.5099983215332,57.13999938964844,57.27000045776367,44.16490173339844,2641000
2013-08-29,57.09000015258789,57.560001373291016,56.939998626708984,57.25,44.14947509765625,2627300
2013-08-30,57.33000183105469,57.81999969482422,57.25,57.77000045776367,44.55047607421875,3502500
2013-09-03,58.349998474121094,58.38999938964844,57.380001068115234,57.45000076293945,44.303714752197266,3376100
2013-09-04,57.45000076293945,58.189998626708984,57.2599983215332,57.79999923706055,44.57362747192383,2797900
2013-09-05,57.68000030517578,57.779998779296875,57.36000061035156,57.529998779296875,44.36540985107422,2758900
2013-09-06,57.7599983215332,58.22999954223633,57.470001220703125,58.0,44.72785186767578,2752700
2013-09-09,58.0,58.779998779296875,58.0,58.56999969482422,45.167423248291016,2094000
2013-09-10,58.790000915527344,59.09000015258789,58.290000915527344,58.59000015258789,45.18285369873047,2351100
2013-09-11,58.4900016784668,59.2599983215332,58.43000030517578,59.25,45.691810607910156,2194100
2013-09-12,59.11000061035156,59.380001068115234,58.91999816894531,59.279998779296875,45.71493911743164,1737700
2013-09-13,59.43000030517578,59.689998626708984,59.27000045776367,59.43000030517578,45.830631256103516,1754500
2013-09-16,59.779998779296875,60.2400016784668,59.66999816894531,60.02000045776367,46.285614013671875,2384100
2013-09-17,59.66999816894531,59.9900016784668,59.34000015258789,59.79999923706055,46.11595916748047,2898000
2013-09-18,60.060001373291016,61.189998626708984,59.79999923706055,61.189998626708984,47.1878776550293,3832500
2013-09-19,61.2400016784668,61.279998779296875,60.79999923706055,60.970001220703125,47.018226623535156,3252800
2013-09-20,60.84000015258789,60.9900016784668,60.439998626708984,60.439998626708984,46.60950469970703,3985400
2013-09-23,60.45000076293945,60.470001220703125,59.939998626708984,60.20000076293945,46.42441940307617,1935500
2013-09-24,60.02000045776367,60.41999816894531,59.83000183105469,59.869998931884766,46.169944763183594,2600300
2013-09-25,60.02000045776367,60.130001068115234,59.290000915527344,59.34000015258789,45.7612190246582,2714500
2013-09-26,59.630001068115234,60.40999984741211,59.4900016784668,60.38999938964844,46.57094955444336,2687700
2013-09-27,60.06999969482422,60.279998779296875,59.650001525878906,59.93000030517578,46.21621322631836,2945800
2013-09-30,60.15999984741211,60.540000915527344,59.09000015258789,59.29999923706055,45.730377197265625,5172800
2013-10-01,59.22999954223633,60.18000030517578,59.08000183105469,60.09000015258789,46.33958435058594,2676400
2013-10-02,59.70000076293945,59.75,59.029998779296875,59.43000030517578,45.830631256103516,2736900
2013-10-03,59.119998931884766,59.5099983215332,58.720001220703125,59.220001220703125,45.66868209838867,2620000
2013-10-04,59.220001220703125,59.4900016784668,58.900001525878906,59.33000183105469,45.753509521484375,2172500
2013-10-07,59.0099983215332,59.41999816894531,58.880001068115234,59.209999084472656,45.660972595214844,3725600
2013-10-08,59.29999923706055,59.599998474121094,58.939998626708984,58.959999084472656,45.468177795410156,3958200
2013-10-09,59.06999969482422,60.27000045776367,58.939998626708984,59.83000183105469,46.13908767700195,4594700
2013-10-10,60.650001525878906,60.79999923706055,60.11000061035156,60.790000915527344,46.87942123413086,3003900
2013-10-11,60.689998626708984,61.470001220703125,60.52000045776367,61.45000076293945,47.38838577270508,2573500
2013-10-14,61.150001525878906,61.59000015258789,61.060001373291016,61.529998779296875,47.450069427490234,1954300
2013-10-15,61.5099983215332,61.75,61.09000015258789,61.22999954223633,47.21873474121094,3007400
2013-10-16,61.33000183105469,62.349998474121094,61.22999954223633,62.279998779296875,48.02845764160156,2544400
2013-10-17,61.88999938964844,63.630001068115234,61.790000915527344,63.40999984741211,48.899871826171875,4795900
2013-10-18,63.130001068115234,63.130001068115234,62.130001068115234,62.810001373291016,48.69830322265625,4716400
2013-10-21,62.7599983215332,62.779998779296875,61.86000061035156,62.2599983215332,48.27186584472656,3253500
2013-10-22,62.38999938964844,63.61000061035156,62.25,63.470001220703125,49.21001434326172,3688600
2013-10-23,63.189998626708984,63.7599983215332,63.08000183105469,63.470001220703125,49.21001434326172,4075600
2013-10-24,62.41999816894531,63.29999923706055,61.93000030517578,63.040000915527344,48.876617431640625,5188300
2013-10-25,63.2400016784668,63.720001220703125,63.08000183105469,63.599998474121094,49.31079864501953,4429800
2013-10-28,63.689998626708984,64.79000091552734,63.65999984741211,64.76000213623047,50.210182189941406,4087300
2013-10-29,64.88999938964844,66.0,64.72000122070312,65.94000244140625,51.125064849853516,4525900
2013-10-30,65.9800033569336,66.04000091552734,65.05999755859375,65.22000122070312,50.56682586669922,2721700
2013-10-31,65.0,65.2300033569336,64.66999816894531,64.7300033569336,50.18693161010742,3944900
2013-11-01,64.81999969482422,65.55999755859375,64.55999755859375,65.38999938964844,50.698638916015625,3770700
2013-11-04,65.55999755859375,65.80000305175781,65.20999908447266,65.7300033569336,50.9622688293457,2657200
2013-11-05,65.55000305175781,65.76000213623047,65.05000305175781,65.36000061035156,50.675392150878906,3571100
2013-11-06,65.61000061035156,66.05000305175781,65.38999938964844,66.01000213623047,51.17934036254883,2523600
2013-11-07,65.97000122070312,65.97000122070312,64.62000274658203,64.80000305175781,50.2412109375,4245600
2013-11-08,64.6500015258789,64.8499984741211,64.12999725341797,64.83000183105469,50.264461517333984,3020200
2013-11-11,64.9000015258789,65.11000061035156,64.55000305175781,64.62000274658203,50.101646423339844,1940000
2013-11-12,64.44000244140625,64.86000061035156,64.0,64.72000122070312,50.179195404052734,3570800
2013-11-13,64.5999984741211,65.12000274658203,64.41999816894531,65.08999633789062,50.46603775024414,2727600
2013-11-14,65.33000183105469,65.70999908447266,65.23999786376953,65.5999984741211,50.861454010009766,2673700
2013-11-15,65.72000122070312,65.97000122070312,65.37999725341797,65.77999877929688,51.00102233886719,2364300
2013-11-18,65.80000305175781,65.93000030517578,65.0199966430664,65.18000030517578,50.53581619262695,2039200
2013-11-19,64.97000122070312,65.38999938964844,64.94999694824219,65.27999877929688,50.61334991455078,2381900
2013-11-20,65.44000244140625,65.75,65.04000091552734,65.26000213623047,50.59785079956055,2202300
2013-11-21,65.37000274658203,66.04000091552734,65.31999969482422,65.9800033569336,51.15607452392578,3404500
2013-11-22,65.95999908447266,66.41999816894531,65.83999633789062,66.26000213623047,51.3731803894043,2780700
2013-11-25,66.41999816894531,66.48999786376953,65.83000183105469,65.94999694824219,51.1328125,2165800
2013-11-26,66.0999984741211,66.44000244140625,65.77999877929688,66.01000213623047,51.17934036254883,2539800
2013-11-27,66.2300033569336,66.25,65.44000244140625,65.83000183105469,51.03978729248047,1764000
2013-11-29,65.9000015258789,66.4000015258789,65.7300033569336,65.80999755859375,51.02426528930664,1621600
2013-12-02,65.63999938964844,65.95999908447266,65.05999755859375,65.27999877929688,50.61334991455078,2458500
2013-12-03,65.01000213623047,65.43000030517578,64.87999725341797,65.37000274658203,50.68312072753906,2183700
2013-12-04,64.94000244140625,65.13999938964844,64.31999969482422,65.04000091552734,50.427284240722656,2762600
2013-12-05,64.83999633789062,65.05000305175781,64.47000122070312,64.54000091552734,50.03961944580078,2057100
2013-12-06,65.12999725341797,65.87000274658203,65.08999633789062,65.66000366210938,50.90798568725586,2389300
2013-12-09,65.7300033569336,65.98999786376953,65.5,65.69000244140625,50.93124771118164,2340700
2013-12-10,65.45999908447266,65.45999908447266,64.55999755859375,64.69000244140625,50.15590286254883,3225300
2013-12-11,64.83000183105469,65.33999633789062,64.75,64.94000244140625,50.3497314453125,3187900
2013-12-12,65.0199966430664,65.08000183105469,63.959999084472656,63.970001220703125,49.59766387939453,3165000
2013-12-13,64.12999725341797,64.26000213623047,63.63999938964844,63.97999954223633,49.60543441772461,2130400
2013-12-16,64.13999938964844,64.4000015258789,63.83000183105469,64.04000091552734,49.651939392089844,2676600
2013-12-17,64.0,64.08000183105469,63.279998779296875,63.58000183105469,49.295310974121094,2243900
2013-12-18,63.779998779296875,64.68000030517578,62.79999923706055,64.63999938964844,50.11715316772461,3940300
2013-12-19,64.43000030517578,64.55999755859375,64.05000305175781,64.23999786376953,49.8070182800293,3558000
2013-12-20,64.2699966430664,65.05000305175781,64.16999816894531,64.73999786376953,50.194671630859375,4667700
2013-12-23,64.91999816894531,64.91999816894531,64.3499984741211,64.62999725341797,50.10939407348633,2525900
2013-12-24,64.70999908447266,64.88999938964844,64.55000305175781,64.70999908447266,50.17142868041992,1051200
2013-12-26,64.70999908447266,64.87000274658203,64.48999786376953,64.83000183105469,50.264461517333984,1683300
2013-12-27,65.06999969482422,65.44999694824219,64.98999786376953,65.37000274658203,50.68312072753906,1814500
2013-12-30,65.43000030517578,65.61000061035156,65.19999694824219,65.43000030517578,50.729644775390625,1892700
2013-12-31,65.41999816894531,65.5199966430664,65.0,65.20999908447266,50.5590705871582,1827400
2014-01-02,64.88999938964844,65.02999877929688,64.0,64.30000305175781,49.853538513183594,3004300
2014-01-03,64.20999908447266,64.48999786376953,63.9900016784668,64.18000030517578,49.76049041748047,2113700
2014-01-06,64.44000244140625,64.55000305175781,63.9900016784668,64.13999938964844,49.7294921875,2583500
2014-01-07,64.48999786376953,64.58000183105469,64.02999877929688,64.19999694824219,49.775997161865234,2872100
2014-01-08,64.16999816894531,64.19999694824219,63.40999984741211,63.540000915527344,49.264286041259766,3286300
2014-01-09,64.12999725341797,65.27999877929688,63.79999923706055,65.0199966430664,50.411773681640625,4826400
2014-01-10,65.12000274658203,65.45999908447266,64.87999725341797,65.08000183105469,50.45828628540039,2956500
2014-01-13,64.9000015258789,65.38999938964844,64.54000091552734,64.69000244140625,50.15590286254883,3140800
2014-01-14,64.69999694824219,64.98999786376953,64.55999755859375,64.8499984741211,50.27996063232422,2480000
2014-01-15,64.86000061035156,64.97000122070312,64.3499984741211,64.77999877929688,50.22568893432617,2287400
2014-01-16,64.58000183105469,65.12000274658203,64.38999938964844,64.9800033569336,50.38076400756836,2636400
2014-01-17,64.91000366210938,65.11000061035156,64.68000030517578,64.69999694824219,50.16365432739258,3937400
2014-01-21,65.05000305175781,65.41000366210938,64.29000091552734,64.73999786376953,50.194671630859375,2828700
2014-01-22,64.54000091552734,64.69999694824219,63.869998931884766,64.01000213623047,49.89070129394531,2323200
2014-01-23,63.43000030517578,63.7400016784668,63.22999954223633,63.439998626708984,49.446441650390625,3263800
2014-01-24,63.38999938964844,63.95000076293945,62.38999938964844,62.38999938964844,48.62805938720703,5429400
2014-01-27,62.470001220703125,62.650001525878906,61.95000076293945,62.11000061035156,48.4098014831543,4636800
2014-01-28,62.20000076293945,62.93000030517578,62.20000076293945,62.869998931884766,49.00217056274414,3377600
2014-01-29,62.790000915527344,62.790000915527344,61.43000030517578,61.59000015258789,48.0045051574707,5682200
2014-01-30,63.439998626708984,63.810001373291016,61.130001068115234,61.4900016784668,47.92656707763672,5456400
2014-01-31,60.61000061035156,61.59000015258789,60.0,61.22999954223633,47.723907470703125,6831800
2014-02-03,61.220001220703125,61.29999923706055,59.75,60.16999816894531,46.89772415161133,6868200
2014-02-04,60.349998474121094,60.66999816894531,60.13999938964844,60.349998474121094,47.038021087646484,5220800
2014-02-05,60.150001525878906,60.790000915527344,60.02000045776367,60.41999816894531,47.09257888793945,5981000
2014-02-06,60.5099983215332,60.84000015258789,60.27000045776367,60.599998474121094,47.23286819458008,4190900
2014-02-07,60.779998779296875,61.150001525878906,60.540000915527344,60.86000061035156,47.4355354309082,3651200
2014-02-10,60.84000015258789,61.619998931884766,60.810001373291016,61.52000045776367,47.94994354248047,4451800
2014-02-11,61.66999816894531,62.47999954223633,61.38999938964844,62.400001525878906,48.635826110839844,3701400
2014-02-12,62.40999984741211,62.7400016784668,61.68000030517578,61.91999816894531,48.261714935302734,3972100
2014-02-13,61.45000076293945,62.40999984741211,61.439998626708984,62.310001373291016,48.56568908691406,3090900
2014-02-14,62.380001068115234,62.900001525878906,61.810001373291016,62.68000030517578,48.85407638549805,3116100
2014-02-18,62.86000061035156,62.86000061035156,62.0,62.38999938964844,48.62805938720703,2951100
2014-02-19,61.970001220703125,62.189998626708984,61.439998626708984,61.529998779296875,47.95772933959961,3358500
2014-02-20,61.47999954223633,62.11000061035156,61.349998474121094,61.86000061035156,48.214942932128906,2658300
2014-02-21,61.959999084472656,62.540000915527344,61.529998779296875,61.560001373291016,47.981136322021484,3166400
2014-02-24,61.810001373291016,62.470001220703125,61.58000183105469,61.95000076293945,48.28510284423828,3236300
2014-02-25,62.040000915527344,62.22999954223633,61.68000030517578,62.06999969482422,48.378623962402344,3961200
2014-02-26,62.11000061035156,62.540000915527344,61.86000061035156,61.95000076293945,48.28510284423828,3026300
2014-02-27,61.7400016784668,62.209999084472656,61.619998931884766,62.119998931884766,48.4175910949707,2469700
2014-02-28,62.38999938964844,63.150001525878906,62.09000015258789,62.83000183105469,48.97098159790039,3366200
2014-03-03,62.22999954223633,62.630001068115234,62.0,62.220001220703125,48.495540618896484,2714800
2014-03-04,62.66999816894531,63.2599983215332,62.66999816894531,63.0099983215332,49.11127853393555,2937600
2014-03-05,62.81999969482422,62.95000076293945,62.540000915527344,62.619998931884766,48.80730438232422,2401100
2014-03-06,62.779998779296875,63.189998626708984,62.63999938964844,63.02000045776367,49.119083404541016,2665900
2014-03-07,63.09000015258789,63.22999954223633,62.849998474121094,63.130001068115234,49.204803466796875,1992800
2014-03-10,62.939998626708984,63.20000076293945,62.86000061035156,63.04999923706055,49.14246368408203,1955500
2014-03-11,63.16999816894531,63.81999969482422,63.060001373291016,63.290000915527344,49.32951354980469,3367300
2014-03-12,62.90999984741211,63.400001525878906,62.869998931884766,63.220001220703125,49.274967193603516,2368700
2014-03-13,63.31999969482422,63.880001068115234,63.11000061035156,63.22999954223633,49.282745361328125,2633000
2014-03-14,63.13999938964844,63.9900016784668,63.060001373291016,63.83000183105469,49.75041198730469,3620000
2014-03-17,64.05000305175781,64.69000244140625,63.90999984741211,64.4000015258789,50.19466781616211,2838300
2014-03-18,64.5199966430664,64.58999633789062,64.20999908447266,64.33999633789062,50.14790725708008,2148700
2014-03-19,64.2699966430664,64.31999969482422,63.13999938964844,63.38999938964844,49.4074592590332,2285500
2014-03-20,63.29999923706055,63.70000076293945,63.06999969482422,63.59000015258789,49.5633430480957,1978900
2014-03-21,64.05999755859375,64.12999725341797,63.31999969482422,63.459999084472656,49.46201705932617,5963400
2014-03-24,63.77000045776367,64.05000305175781,63.2599983215332,63.310001373291016,49.345115661621094,2417900
2014-03-25,63.720001220703125,64.30000305175781,63.310001373291016,63.77000045776367,49.703643798828125,3161400
2014-03-26,63.869998931884766,64.55000305175781,63.70000076293945,64.2699966430664,50.093345642089844,2737000
2014-03-27,64.25,65.91999816894531,63.9900016784668,64.05999755859375,49.92966842651367,8116000
2014-03-28,64.04000091552734,64.5999984741211,63.720001220703125,64.0999984741211,49.960853576660156,2857600
2014-03-31,64.5,64.91999816894531,64.02999877929688,64.87000274658203,50.56101608276367,3568300
2014-04-01,64.87000274658203,65.0999984741211,64.02999877929688,64.22000122070312,50.05437469482422,3089100
2014-04-02,64.33000183105469,64.5999984741211,63.869998931884766,64.30000305175781,50.11674880981445,2969600
2014-04-03,64.48999786376953,64.66000366210938,64.20999908447266,64.27999877929688,50.101158142089844,2426400
2014-04-04,64.56999969482422,64.6500015258789,64.12999725341797,64.22000122070312,50.05437469482422,2435300
2014-04-07,63.91999816894531,65.30000305175781,63.90999984741211,64.91999816894531,50.599979400634766,4229000
2014-04-08,64.83999633789062,65.66999816894531,64.73999786376953,65.62999725341797,51.15336227416992,4400900
2014-04-09,65.5999984741211,65.9800033569336,65.45999908447266,65.7300033569336,51.23130798339844,3408700
2014-04-10,65.58999633789062,66.30999755859375,65.38999938964844,65.94000244140625,51.394996643066406,6901000
2014-04-11,65.76000213623047,66.2699966430664,65.25,65.30999755859375,50.903953552246094,4838300
2014-04-14,65.66000366210938,66.01000213623047,65.52999877929688,65.86000061035156,51.3326416015625,3040300
2014-04-15,66.08999633789062,66.47000122070312,65.83000183105469,66.37000274658203,51.730140686035156,4172700
2014-04-16,66.56999969482422,67.4000015258789,66.41000366210938,67.18000030517578,52.361454010009766,3575800
2014-04-17,66.75,67.16999816894531,66.52999877929688,66.94000244140625,52.455501556396484,3599300
2014-04-21,66.69999694824219,67.05000305175781,66.1500015258789,66.83999633789062,52.37712860107422,2132200
2014-04-22,66.91000366210938,67.08999633789062,66.3499984741211,66.36000061035156,52.000999450683594,3283700
2014-04-23,66.37999725341797,66.56999969482422,65.80000305175781,65.87000274658203,51.61702346801758,3688200
2014-04-24,66.05000305175781,66.45999908447266,65.94999694824219,66.43000030517578,52.05584716796875,3992000
2014-04-25,66.5,66.94000244140625,65.91999816894531,66.23999786376953,51.906959533691406,3169500
2014-04-28,66.66000366210938,67.94999694824219,66.58000183105469,67.86000061035156,53.176429748535156,4539000
2014-04-29,67.75,67.81999969482422,67.02999877929688,67.04000091552734,52.53386688232422,4473600
2014-04-30,67.30999755859375,67.68000030517578,67.08000183105469,67.30000305175781,52.73760986328125,3839500
2014-05-01,67.18000030517578,67.41999816894531,66.54000091552734,67.01000213623047,52.51036834716797,2652400
2014-05-02,66.9000015258789,67.33000183105469,66.80000305175781,67.0999984741211,52.58088302612305,2538900
2014-05-05,66.87000274658203,67.13999938964844,66.66999816894531,66.9000015258789,52.424163818359375,2032600
2014-05-06,66.62999725341797,67.1500015258789,66.61000061035156,66.70999908447266,52.2752685546875,2012900
2014-05-07,66.76000213623047,67.4000015258789,66.76000213623047,67.2300033569336,52.6827507019043,2191000
2014-05-08,67.13999938964844,67.36000061035156,66.87999725341797,67.0999984741211,52.58088302612305,1714000
2014-05-09,67.0199966430664,67.7300033569336,67.0199966430664,67.6500015258789,53.01185989379883,2418100
2014-05-12,67.75,67.75,67.06999969482422,67.19000244140625,52.65140151977539,1690900
2014-05-13,67.20999908447266,67.38999938964844,67.0,67.26000213623047,52.70627975463867,1797000
2014-05-14,67.22000122070312,67.58000183105469,66.9000015258789,66.95999908447266,52.47116470336914,1604000
2014-05-15,66.73999786376953,67.08999633789062,66.30999755859375,66.41000366210938,52.04018783569336,2440500
2014-05-16,66.30000305175781,66.97000122070312,66.30000305175781,66.91999816894531,52.43983459472656,2840300
2014-05-19,66.55999755859375,66.80999755859375,66.31999969482422,66.7300033569336,52.290950775146484,1832500
2014-05-20,66.69999694824219,66.91999816894531,66.37999725341797,66.55999755859375,52.1577262878418,1778900
2014-05-21,66.69000244140625,66.8499984741211,66.45999908447266,66.80999755859375,52.35361862182617,1706400
2014-05-22,66.70999908447266,66.80000305175781,66.37000274658203,66.61000061035156,52.1969108581543,2679200
2014-05-23,66.80000305175781,67.16000366210938,66.5,66.7300033569336,52.290950775146484,3253500
2014-05-27,66.88999938964844,66.94000244140625,66.5199966430664,66.70999908447266,52.2752685546875,3614400
2014-05-28,66.69999694824219,66.70999908447266,66.0999984741211,66.12000274658203,51.812923431396484,3281200
2014-05-29,66.37999725341797,66.95999908447266,66.26000213623047,66.91999816894531,52.43983459472656,6367200
2014-05-30,66.94000244140625,68.47000122070312,66.8499984741211,68.4000015258789,53.59958267211914,7885400
2014-06-02,68.12999725341797,68.2699966430664,67.80999755859375,68.20999908447266,53.45071029663086,2924900
2014-06-03,68.02999877929688,68.1500015258789,67.12000274658203,67.23999786376953,52.69059371948242,3143700
2014-06-04,67.33999633789062,67.7300033569336,66.9800033569336,67.70999908447266,53.05887985229492,2659500
2014-06-05,67.83999633789062,68.19999694824219,67.70999908447266,67.95999908447266,53.254783630371094,2872700
2014-06-06,68.05000305175781,68.19999694824219,67.86000061035156,68.0199966430664,53.30179214477539,2941800
2014-06-09,67.88999938964844,68.63999938964844,67.87999725341797,68.44000244140625,53.630924224853516,2260000
2014-06-10,68.29000091552734,68.94000244140625,68.2699966430664,68.69000244140625,53.82682418823242,2931800
2014-06-11,68.61000061035156,68.69999694824219,68.30999755859375,68.62000274658203,53.77198791503906,2063900
2014-06-12,68.3499984741211,68.5999984741211,67.62999725341797,67.83999633789062,53.160743713378906,2131500
2014-06-13,67.77999877929688,67.97000122070312,67.72000122070312,67.86000061035156,53.176429748535156,1559000
2014-06-16,67.62999725341797,68.18000030517578,67.33000183105469,68.08999633789062,53.356666564941406,1810000
2014-06-17,68.02999877929688,68.05000305175781,67.66999816894531,67.88999938964844,53.19995880126953,1644400
2014-06-18,67.76000213623047,68.7699966430664,67.76000213623047,68.7300033569336,53.85818099975586,2337700
2014-06-19,68.91000366210938,69.44999694824219,68.91000366210938,69.43000030517578,54.406715393066406,3072200
2014-06-20,69.30000305175781,69.47000122070312,68.33000183105469,68.37999725341797,53.58391189575195,4035200
2014-06-23,68.3499984741211,68.36000061035156,67.70999908447266,67.83000183105469,53.15292739868164,2656100
2014-06-24,67.76000213623047,68.22000122070312,67.55000305175781,67.94999694824219,53.246978759765625,2438700
2014-06-25,67.91000366210938,68.08999633789062,67.69999694824219,67.94999694824219,53.246978759765625,2117200
2014-06-26,67.83999633789062,68.02999877929688,67.51000213623047,67.9000015258789,53.2077751159668,2154600
2014-06-27,67.77999877929688,68.48999786376953,67.56999969482422,68.43000030517578,53.623104095458984,4109300
2014-06-30,68.30999755859375,68.86000061035156,67.91999816894531,68.18000030517578,53.42719268798828,2711400
2014-07-01,68.5,68.5999984741211,67.94999694824219,68.4800033569336,53.66227722167969,2150000
2014-07-02,68.36000061035156,68.75,68.30000305175781,68.47000122070312,53.65443801879883,1194200
2014-07-03,68.44000244140625,68.81999969482422,68.44000244140625,68.81999969482422,53.9287109375,1205500
2014-07-07,68.79000091552734,68.94999694824219,68.61000061035156,68.86000061035156,53.96004867553711,1951800
2014-07-08,68.58999633789062,69.58000183105469,68.55000305175781,69.5,54.46156692504883,3835000
2014-07-09,69.52999877929688,69.88999938964844,69.41999816894531,69.6500015258789,54.5791130065918,2497500
2014-07-10,69.33000183105469,69.72000122070312,69.30000305175781,69.41999816894531,54.398887634277344,2933900
2014-07-11,69.47000122070312,69.62000274658203,69.25,69.5199966430664,54.47723388671875,1681500
2014-07-14,69.77999877929688,70.11000061035156,69.7300033569336,69.79000091552734,54.68881607055664,2198500
2014-07-15,69.66000366210938,69.80000305175781,69.3499984741211,69.66000366210938,54.58694839477539,2835200
2014-07-16,69.5999984741211,69.9000015258789,69.33000183105469,69.44999694824219,54.70509338378906,2499400
2014-07-17,69.36000061035156,69.5,68.5999984741211,68.5999984741211,54.035560607910156,2366300
2014-07-18,68.77999877929688,69.01000213623047,68.55000305175781,68.9000015258789,54.27186965942383,2395800
2014-07-21,68.55999755859375,68.88999938964844,68.44000244140625,68.76000213623047,54.16160583496094,1516400
2014-07-22,68.76000213623047,68.98999786376953,68.4000015258789,68.58999633789062,54.027671813964844,1965700
2014-07-23,68.5999984741211,68.69000244140625,67.97000122070312,68.16999816894531,53.69685745239258,1919700
2014-07-24,68.33000183105469,68.33999633789062,67.98999786376953,68.11000061035156,53.64959716796875,1917300
2014-07-25,68.0999984741211,68.16999816894531,67.52999877929688,67.58999633789062,53.239986419677734,1594300
2014-07-28,67.63999938964844,67.88999938964844,67.08999633789062,67.33000183105469,53.035194396972656,1711600
2014-07-29,67.06999969482422,67.31999969482422,66.26000213623047,66.36000061035156,52.27113723754883,4919000
2014-07-30,66.45999908447266,66.7300033569336,66.0199966430664,66.11000061035156,52.07421112060547,3740600
2014-07-31,64.7300033569336,64.98999786376953,63.400001525878906,63.400001525878906,49.93955612182617,6849300
2014-08-01,63.060001373291016,64.66999816894531,62.88999938964844,63.95000076293945,50.372802734375,5261900
2014-08-04,63.880001068115234,64.12999725341797,63.560001373291016,63.7599983215332,50.2231330871582,4342400
2014-08-05,63.5,64.06999969482422,63.47999954223633,63.77000045776367,50.231021881103516,4336500
2014-08-06,63.91999816894531,65.25,63.91999816894531,64.80000305175781,51.042335510253906,5742500
2014-08-07,64.97000122070312,65.06999969482422,64.30999755859375,64.44999694824219,50.76664352416992,2797600
2014-08-08,64.37000274658203,65.22000122070312,64.31999969482422,65.18000030517578,51.34165954589844,2175300
2014-08-11,65.33999633789062,65.69999694824219,65.01000213623047,65.05999755859375,51.24714279174805,4085500
2014-08-12,64.52999877929688,64.83999633789062,64.33000183105469,64.41999816894531,50.74302291870117,4138700
2014-08-13,64.5999984741211,64.69999694824219,64.05000305175781,64.37999725341797,50.71151351928711,3686800
2014-08-14,64.4000015258789,64.55000305175781,64.04000091552734,64.20999908447266,50.57759094238281,4143700
2014-08-15,64.4000015258789,64.66999816894531,63.689998626708984,64.12999725341797,50.51459503173828,3972300
2014-08-18,64.3499984741211,65.0,64.30000305175781,64.62000274658203,50.90056610107422,3797400
2014-08-19,64.52999877929688,64.54000091552734,64.04000091552734,64.26000213623047,50.61699295043945,3273800
2014-08-20,64.41999816894531,64.80999755859375,64.23999786376953,64.66999816894531,50.939945220947266,2815800
2014-08-21,64.55000305175781,65.01000213623047,64.55000305175781,64.80999755859375,51.05022048950195,2500000
2014-08-22,64.9000015258789,64.97000122070312,64.52999877929688,64.56999969482422,50.86117172241211,1642200
2014-08-25,64.91999816894531,65.13999938964844,64.72000122070312,64.87000274658203,51.09748840332031,1556800
2014-08-26,64.9000015258789,65.11000061035156,64.70999908447266,64.79000091552734,51.03445816040039,2390400
2014-08-27,64.79000091552734,64.93000030517578,64.58000183105469,64.83000183105469,51.06596755981445,2084400
2014-08-28,64.62999725341797,64.73999786376953,64.44999694824219,64.51000213623047,50.81391525268555,2204600
2014-08-29,64.73999786376953,64.76000213623047,64.4000015258789,64.7300033569336,50.98721694946289,2102500
2014-09-02,64.44000244140625,64.69999694824219,64.16000366210938,64.41999816894531,50.74302291870117,3045400
2014-09-03,64.8499984741211,64.88999938964844,64.30999755859375,64.41999816894531,50.74302291870117,3304200
2014-09-04,64.4800033569336,64.62999725341797,64.08000183105469,64.30999755859375,50.6563835144043,3288600
2014-09-05,64.2699966430664,64.87999725341797,64.12000274658203,64.86000061035156,51.08960723876953,3441700
2014-09-08,64.44000244140625,64.52999877929688,63.630001068115234,63.63999938964844,50.12862014770508,3739100
2014-09-09,63.5,63.720001220703125,63.369998931884766,63.43000030517578,49.963199615478516,3520600
2014-09-10,63.5,64.08000183105469,63.36000061035156,64.0,50.41218948364258,2769700
2014-09-11,63.970001220703125,64.5,63.779998779296875,64.41999816894531,50.74302291870117,3271900
2014-09-12,64.18000030517578,64.55999755859375,64.08000183105469,64.4800033569336,50.790283203125,3230400
2014-09-15,64.22000122070312,64.79000091552734,64.12999725341797,64.51000213623047,50.81391525268555,3135900
2014-09-16,64.37999725341797,65.4000015258789,64.25,65.13999938964844,51.310157775878906,4466400
2014-09-17,65.41000366210938,65.41999816894531,64.83999633789062,65.23999786376953,51.38893127441406,3709500
2014-09-18,65.27999877929688,65.44999694824219,65.04000091552734,65.30999755859375,51.444053649902344,3443400
2014-09-19,65.5999984741211,65.66999816894531,65.2300033569336,65.27999877929688,51.42042922973633,5260800
2014-09-22,65.44999694824219,65.88999938964844,65.30999755859375,65.69000244140625,51.74337387084961,2871100
2014-09-23,65.45999908447266,65.83999633789062,65.3499984741211,65.4000015258789,51.51496505737305,3138500
2014-09-24,65.45999908447266,66.36000061035156,65.45999908447266,66.2300033569336,52.168731689453125,4024400
2014-09-25,66.0199966430664,66.05999755859375,65.45999908447266,65.4800033569336,51.577972412109375,2553000
2014-09-26,65.43000030517578,65.8499984741211,65.05999755859375,65.69999694824219,51.75126266479492,1988000
2014-09-29,65.41000366210938,65.69000244140625,65.19000244140625,65.62999725341797,51.69612503051758,3073900
2014-09-30,65.76000213623047,65.83000183105469,65.16000366210938,65.22000122070312,51.37317657470703,5033900
2014-10-01,65.22000122070312,65.29000091552734,64.80000305175781,64.88999938964844,51.11322784423828,3385200
2014-10-02,64.75,64.9800033569336,64.51000213623047,64.77999877929688,51.02657699584961,3230500
2014-10-03,65.20999908447266,65.61000061035156,64.86000061035156,65.45999908447266,51.56220626831055,3793100
2014-10-06,65.16000366210938,65.48999786376953,64.94000244140625,65.2699966430664,51.41255187988281,3154700
2014-10-07,64.76000213623047,65.27999877929688,64.63999938964844,64.9000015258789,51.12111282348633,4280100
2014-10-08,64.9000015258789,65.86000061035156,64.8499984741211,65.81999969482422,51.845787048339844,3696600
2014-10-09,65.5199966430664,65.91999816894531,65.1500015258789,65.19999694824219,51.357418060302734,4065400
2014-10-10,65.38999938964844,65.76000213623047,65.23999786376953,65.29000091552734,51.428314208984375,3860900
2014-10-13,65.3499984741211,65.3499984741211,64.16000366210938,64.19000244140625,50.56184768676758,3706800
2014-10-14,64.36000061035156,66.12000274658203,64.0,64.41000366210938,50.73514938354492,4631700
2014-10-15,63.66999816894531,64.04000091552734,62.68000030517578,63.529998779296875,50.323238372802734,5418100
2014-10-16,62.810001373291016,63.400001525878906,62.529998779296875,63.11000061035156,49.990543365478516,4995000
2014-10-17,63.5,63.880001068115234,63.02000045776367,63.72999954223633,50.48166275024414,3832000
2014-10-20,63.58000183105469,64.5999984741211,63.58000183105469,64.54000091552734,51.12327194213867,3018100
2014-10-21,64.8499984741211,65.56999969482422,64.30999755859375,65.41999816894531,51.82033920288086,3013100
2014-10-22,65.41000366210938,65.69999694824219,65.26000213623047,65.31999969482422,51.74112319946289,4656000
2014-10-23,65.73999786376953,65.7699966430664,64.83999633789062,65.05000305175781,51.527259826660156,4083000
2014-10-24,64.16999816894531,65.80000305175781,64.0,65.3499984741211,51.764892578125,4384400
2014-10-27,65.33000183105469,66.31999969482422,65.26000213623047,66.11000061035156,52.36689376831055,3265300
2014-10-28,66.37000274658203,66.43000030517578,65.58000183105469,65.79000091552734,52.11343765258789,2840000
2014-10-29,65.79000091552734,66.11000061035156,65.31999969482422,65.8499984741211,52.16094970703125,2384200
2014-10-30,65.76000213623047,66.66000366210938,65.5199966430664,66.41000366210938,52.60454177856445,2161800
2014-10-31,67.0199966430664,67.12000274658203,66.45999908447266,66.87999725341797,52.97683334350586,4362600
2014-11-03,66.80000305175781,67.45999908447266,66.70999908447266,67.41000366210938,53.39665985107422,2817400
2014-11-04,67.16999816894531,68.1500015258789,67.13999938964844,68.05000305175781,53.903602600097656,3836300
2014-11-05,68.80999755859375,68.80999755859375,67.87999725341797,68.1500015258789,53.98281478881836,2529900
2014-11-06,68.18000030517578,68.19999694824219,67.73999786376953,68.11000061035156,53.95113754272461,2507300
2014-11-07,68.08000183105469,68.19999694824219,67.55000305175781,68.05000305175781,53.903602600097656,1892500
2014-11-10,67.91999816894531,68.55999755859375,67.81999969482422,68.55000305175781,54.29969024658203,2475000
2014-11-11,68.51000213623047,68.69999694824219,68.30000305175781,68.47000122070312,54.23629379272461,1510000
2014-11-12,68.23999786376953,68.87000274658203,68.12999725341797,68.69999694824219,54.418487548828125,2156300
2014-11-13,68.94000244140625,68.98999786376953,68.26000213623047,68.29000091552734,54.093719482421875,2316700
2014-11-14,68.19999694824219,68.33999633789062,67.51000213623047,67.55999755859375,53.51546859741211,3054800
2014-11-17,67.4800033569336,67.97000122070312,67.33999633789062,67.91999816894531,53.800636291503906,1950200
2014-11-18,68.0,68.11000061035156,67.62999725341797,67.97000122070312,53.840240478515625,1880800
2014-11-19,67.91999816894531,68.31999969482422,67.63999938964844,68.29000091552734,54.093719482421875,2136700
2014-11-20,68.11000061035156,68.4000015258789,67.91000366210938,68.05999755859375,53.911529541015625,1654400
2014-11-21,68.62999725341797,68.86000061035156,68.33000183105469,68.33999633789062,54.13331604003906,3142700
2014-11-24,68.5,68.54000091552734,67.91000366210938,67.94999694824219,53.82438278198242,2521200
2014-11-25,67.97000122070312,68.44999694824219,67.81999969482422,68.33000183105469,54.12542724609375,2570600
2014-11-26,68.47000122070312,68.73999786376953,68.33000183105469,68.69000244140625,54.41056823730469,1895200
2014-11-28,68.87999725341797,69.9000015258789,68.83000183105469,69.58999633789062,55.123477935791016,1876700
2014-12-01,68.66999816894531,69.80000305175781,68.62999725341797,69.4000015258789,54.972965240478516,2507600
2014-12-02,69.51000213623047,69.9000015258789,69.1500015258789,69.86000061035156,55.33735275268555,2365500
2014-12-03,69.69999694824219,69.69999694824219,68.77999877929688,69.05999755859375,54.703651428222656,2408700
2014-12-04,69.05999755859375,69.56999969482422,68.83000183105469,69.44999694824219,55.01256561279297,3071000
2014-12-05,69.25,69.37999725341797,68.55999755859375,69.37000274658203,54.94921875,2521900
2014-12-08,69.5,69.80999755859375,69.22000122070312,69.44000244140625,55.00464630126953,2613700
2014-12-09,68.93000030517578,69.37000274658203,68.7699966430664,69.33000183105469,54.91752624511719,2781900
2014-12-10,69.41999816894531,69.69000244140625,68.81999969482422,68.87000274658203,54.55316925048828,2323100
2014-12-11,68.95999908447266,69.9800033569336,68.95999908447266,69.27999877929688,54.877925872802734,2607000
2014-12-12,68.7699966430664,69.5999984741211,68.55999755859375,68.56999969482422,54.31549835205078,3369900
2014-12-15,68.6500015258789,69.16000366210938,67.77999877929688,67.94999694824219,53.82438278198242,4459400
2014-12-16,67.76000213623047,68.51000213623047,67.25,67.51000213623047,53.475868225097656,4427400
2014-12-17,67.58999633789062,69.0199966430664,67.52999877929688,68.66000366210938,54.38681411743164,3811700
2014-12-18,69.4000015258789,69.4800033569336,68.61000061035156,69.4800033569336,55.03635025024414,4104900
2014-12-19,69.66000366210938,70.30999755859375,69.58000183105469,69.9800033569336,55.432395935058594,5595600
2014-12-22,69.95999908447266,70.48999786376953,69.80000305175781,70.26000213623047,55.65419387817383,2562700
2014-12-23,70.37999725341797,71.20999908447266,70.30000305175781,71.0,56.24034118652344,2251200
2014-12-24,71.0,71.30999755859375,70.43000030517578,70.47000122070312,55.820533752441406,1126900
2014-12-26,70.56999969482422,71.0199966430664,70.56999969482422,70.87999725341797,56.14530563354492,1303300
2014-12-29,70.6500015258789,70.86000061035156,70.33000183105469,70.4800033569336,55.828453063964844,1715200
2014-12-30,70.33999633789062,70.69000244140625,69.8499984741211,70.04000091552734,55.47991180419922,2085900
2014-12-31,70.08999633789062,70.41000366210938,69.12000274658203,69.19000244140625,54.806640625,2202300
2015-01-02,69.16999816894531,69.26000213623047,68.69999694824219,69.04000091552734,54.68782043457031,2522800
2015-01-05,68.94000244140625,69.43000030517578,68.44999694824219,68.52999877929688,54.283836364746094,2950700
2015-01-06,68.7300033569336,68.87000274658203,67.62999725341797,67.80999755859375,53.713497161865234,3437400
2015-01-07,68.12999725341797,68.44000244140625,67.73999786376953,68.3499984741211,54.14124298095703,2908000
2015-01-08,68.94999694824219,69.30999755859375,68.68000030517578,69.27999877929688,54.877925872802734,2745200
2015-01-09,69.3499984741211,69.44000244140625,68.55000305175781,68.5999984741211,54.339271545410156,2284300
2015-01-12,68.5999984741211,68.95999908447266,67.7699966430664,68.26000213623047,54.0699577331543,2353900
2015-01-13,68.66000366210938,69.33000183105469,68.33000183105469,68.7300033569336,54.44224548339844,4434200
2015-01-14,67.88999938964844,68.62999725341797,67.83999633789062,68.44999694824219,54.220455169677734,2579200
2015-01-15,68.76000213623047,68.94000244140625,68.20999908447266,68.31999969482422,54.11748123168945,2383700
2015-01-16,68.26000213623047,69.26000213623047,68.0199966430664,69.16999816894531,54.790775299072266,3787800
2015-01-20,69.04000091552734,69.19000244140625,68.37999725341797,68.95999908447266,54.624427795410156,3275000
2015-01-21,68.13999938964844,68.95999908447266,67.76000213623047,68.3499984741211,54.42536926269531,3373100
2015-01-22,68.4800033569336,69.44000244140625,68.0999984741211,69.31999969482422,55.19776153564453,3084400
2015-01-23,68.8499984741211,69.0,67.0999984741211,67.13999938964844,53.461875915527344,4587800
2015-01-26,66.95999908447266,67.08999633789062,66.2300033569336,66.29000091552734,52.7850456237793,5433500
2015-01-27,65.69000244140625,65.93000030517578,64.87000274658203,65.66000366210938,52.283390045166016,5951000
2015-01-28,66.05000305175781,66.20999908447266,64.94999694824219,65.12000274658203,51.8533935546875,6750300
2015-01-29,68.5999984741211,69.45999908447266,68.22000122070312,69.02999877929688,54.96684646606445,6902200
2015-01-30,68.3499984741211,68.58999633789062,67.45999908447266,67.5199966430664,53.76445770263672,5926600
2015-02-02,67.36000061035156,69.08999633789062,66.9800033569336,68.98999786376953,54.935001373291016,4609000
2015-02-03,69.19000244140625,69.22000122070312,68.5,69.19000244140625,55.09425354003906,3345500
2015-02-04,69.25,69.79000091552734,69.04000091552734,69.19999694824219,55.102210998535156,3075300
2015-02-05,69.48999786376953,70.18000030517578,69.30000305175781,69.79000091552734,55.572017669677734,3408400
2015-02-06,69.70999908447266,69.73999786376953,68.95999908447266,69.30000305175781,55.18185043334961,2667900
2015-02-09,69.12999725341797,69.41000366210938,68.9000015258789,69.06999969482422,54.998695373535156,2113000
2015-02-10,69.37000274658203,69.62000274658203,68.91000366210938,69.44000244140625,55.29330062866211,1962700
2015-02-11,69.55000305175781,69.87000274658203,69.05999755859375,69.47000122070312,55.31719207763672,2232000
2015-02-12,69.31999969482422,69.86000061035156,69.31999969482422,69.8499984741211,55.61978530883789,2829900
2015-02-13,69.52999877929688,70.1500015258789,69.5,70.08000183105469,55.80293655395508,2554900
2015-02-17,70.0,70.45999908447266,69.62999725341797,70.19000244140625,55.8905029296875,3342300
2015-02-18,69.76000213623047,70.61000061035156,69.76000213623047,70.54000091552734,56.169219970703125,2771400
2015-02-19,70.36000061035156,70.79000091552734,69.91999816894531,70.20999908447266,55.90643310546875,3245500
2015-02-20,70.12999725341797,70.3499984741211,69.56999969482422,70.23999786376953,55.93033218383789,2358900
2015-02-23,71.01000213623047,71.01000213623047,70.45999908447266,70.68000030517578,56.28068542480469,2389100
2015-02-24,70.86000061035156,71.22000122070312,70.47000122070312,71.01000213623047,56.54344940185547,2497100
2015-02-25,71.05000305175781,71.19000244140625,70.75,71.01000213623047,56.54344940185547,2498500
2015-02-26,70.94000244140625,71.29000091552734,70.66000366210938,71.11000061035156,56.623085021972656,1855900
2015-02-27,71.04000091552734,71.12999725341797,70.7300033569336,70.81999969482422,56.39216232299805,1997300
2015-03-02,70.81999969482422,71.08000183105469,70.38999938964844,71.01000213623047,56.54344940185547,1787700
2015-03-03,71.0,71.0,70.29000091552734,70.68000030517578,56.28068542480469,2010300
2015-03-04,70.4800033569336,70.76000213623047,70.2300033569336,70.68000030517578,56.28068542480469,2715900
2015-03-05,70.97000122070312,71.55999755859375,70.79000091552734,71.45999908447266,56.90179443359375,3713300
2015-03-06,70.83000183105469,70.9800033569336,69.13999938964844,69.25,55.142024993896484,3555200
2015-03-09,69.12000274658203,69.80000305175781,69.05999755859375,69.58999633789062,55.41275405883789,2564500
2015-03-10,69.27999877929688,69.30000305175781,68.4000015258789,68.4000015258789,54.46517562866211,2492600
2015-03-11,68.2699966430664,68.41999816894531,67.69000244140625,67.88999938964844,54.05908203125,2643200
2015-03-12,68.31999969482422,68.58000183105469,68.1500015258789,68.52999877929688,54.56871032714844,2456700
2015-03-13,68.29000091552734,68.5199966430664,67.91999816894531,68.45999908447266,54.51295852661133,3451400
2015-03-16,68.69999694824219,69.1500015258789,68.58000183105469,69.0199966430664,54.958866119384766,2969300
2015-03-17,68.55000305175781,68.80999755859375,68.33000183105469,68.41000366210938,54.47315979003906,2843100
2015-03-18,68.25,68.73999786376953,66.87999725341797,68.33000183105469,54.40946578979492,5386900
2015-03-19,68.18000030517578,68.52999877929688,67.80999755859375,68.29000091552734,54.37759780883789,2881200
2015-03-20,68.6500015258789,69.61000061035156,68.5199966430664,69.55999755859375,55.388858795166016,4508200
2015-03-23,69.6500015258789,70.38999938964844,69.30000305175781,70.16999816894531,55.87459945678711,3123400
2015-03-24,69.9800033569336,70.6500015258789,69.30999755859375,69.30999755859375,55.18980026245117,2849300
2015-03-25,69.70999908447266,69.91000366210938,68.81999969482422,68.88999938964844,54.85536193847656,3458500
2015-03-26,68.72000122070312,69.20999908447266,68.4800033569336,68.73999786376953,54.73591995239258,2890600
2015-03-27,68.91000366210938,69.08999633789062,68.41999816894531,68.75,54.743873596191406,2004200
2015-03-30,68.75,69.5,68.54000091552734,69.29000091552734,55.173851013183594,1967200
2015-03-31,68.86000061035156,69.73999786376953,68.83999633789062,69.33999633789062,55.21366882324219,4180400
2015-04-01,69.33999633789062,69.33999633789062,68.61000061035156,69.08999633789062,55.01461410522461,3075100
2015-04-02,69.05000305175781,69.44999694824219,68.80999755859375,69.33000183105469,55.205726623535156,1914000
2015-04-06,69.0199966430664,70.30000305175781,68.87999725341797,69.94999694824219,55.69940948486328,2021700
2015-04-07,69.93000030517578,70.44000244140625,69.69000244140625,69.70999908447266,55.508304595947266,1777400
2015-04-08,69.73999786376953,70.25,69.41999816894531,69.9000015258789,55.65959167480469,1498700
2015-04-09,69.80000305175781,70.05999755859375,69.27999877929688,69.95999908447266,55.70737075805664,1853100
2015-04-10,69.88999938964844,70.04000091552734,69.58000183105469,69.61000061035156,55.42867660522461,1708400
2015-04-13,69.3499984741211,69.7699966430664,69.12999725341797,69.30999755859375,55.18980026245117,1553600
2015-04-14,69.04000091552734,70.0199966430664,69.0,69.62999725341797,55.44459915161133,2468600
2015-04-15,69.72000122070312,70.36000061035156,69.62000274658203,69.87999725341797,55.6436653137207,2370700
2015-04-16,69.95999908447266,70.30000305175781,69.66000366210938,70.08000183105469,55.80293655395508,2166500
2015-04-17,69.69000244140625,69.83999633789062,68.9800033569336,69.27999877929688,55.16591262817383,2238000
2015-04-20,68.69999694824219,69.19999694824219,68.30999755859375,68.45999908447266,54.51295852661133,4681500
2015-04-21,68.63999938964844,69.33000183105469,68.63999938964844,69.01000213623047,55.25762176513672,2934100
2015-04-22,69.0,69.30999755859375,68.69000244140625,69.27999877929688,55.47383117675781,2350100
2015-04-23,68.93000030517578,69.5,68.79000091552734,69.22000122070312,55.425777435302734,2378200
2015-04-24,69.25,69.45999908447266,69.01000213623047,69.16999816894531,55.385746002197266,2282600
2015-04-27,69.30000305175781,69.43000030517578,68.81999969482422,68.9800033569336,55.233612060546875,2265400
2015-04-28,68.79000091552734,69.18000030517578,68.43000030517578,68.7699966430664,55.06545639038086,2420700
2015-04-29,68.48999786376953,68.9800033569336,68.30000305175781,68.51000213623047,54.857269287109375,4647300
2015-04-30,67.48999786376953,67.66999816894531,66.77999877929688,67.27999877929688,53.87238693237305,5582300
2015-05-01,67.27999877929688,67.69999694824219,66.9000015258789,67.68000030517578,54.19266128540039,3135600
2015-05-04,67.83000183105469,68.25,67.70999908447266,67.86000061035156,54.33679962158203,2377400
2015-05-05,68.13999938964844,68.23999786376953,67.31999969482422,67.37999725341797,53.952457427978516,3182200
2015-05-06,67.75,67.87000274658203,67.13999938964844,67.79000091552734,54.28074645996094,2248800
2015-05-07,67.97000122070312,68.25,67.5,67.87999725341797,54.35280990600586,2338200
2015-05-08,68.5,68.63999938964844,67.9800033569336,68.19999694824219,54.60905075073242,3029900
2015-05-11,67.91000366210938,68.45999908447266,67.81999969482422,67.83000183105469,54.31279754638672,2187500
2015-05-12,67.5199966430664,68.11000061035156,67.33000183105469,67.87999725341797,54.35280990600586,3209000
2015-05-13,68.0199966430664,68.4800033569336,67.48999786376953,67.5999984741211,54.12861633300781,2315500
2015-05-14,68.0199966430664,68.72000122070312,68.01000213623047,68.62999725341797,54.95335388183594,2269900
2015-05-15,68.55999755859375,68.9000015258789,68.43000030517578,68.62999725341797,54.95335388183594,1946000
2015-05-18,68.48999786376953,68.81999969482422,68.4000015258789,68.61000061035156,54.93734359741211,3359800
2015-05-19,68.66999816894531,69.19000244140625,68.48999786376953,69.13999938964844,55.361732482910156,2505800
2015-05-20,69.18000030517578,69.27999877929688,68.88999938964844,68.88999938964844,55.16154479980469,2020700
2015-05-21,68.80999755859375,68.86000061035156,68.47000122070312,68.81999969482422,55.10548782348633,1808800
2015-05-22,68.88999938964844,68.9000015258789,68.45999908447266,68.5,54.84925079345703,1714600
2015-05-26,68.41999816894531,68.5,67.11000061035156,67.1500015258789,53.76829147338867,4847100
2015-05-27,67.30000305175781,67.75,67.27999877929688,67.54000091552734,54.08057403564453,3315600
2015-05-28,67.54000091552734,67.62999725341797,67.16999816894531,67.33000183105469,53.91242218017578,2077400
2015-05-29,67.20999908447266,67.3499984741211,66.73999786376953,66.79000091552734,53.48002624511719,4755200
2015-06-01,66.70999908447266,67.12000274658203,66.36000061035156,66.9000015258789,53.56812286376953,3447100
2015-06-02,66.87000274658203,67.06999969482422,66.55000305175781,66.7300033569336,53.43199157714844,2537300
2015-06-03,66.80000305175781,66.97000122070312,66.5,66.56999969482422,53.30387878417969,2668200
2015-06-04,66.20999908447266,66.9000015258789,65.8499984741211,65.91999816894531,52.78339767456055,3280400
2015-06-05,65.88999938964844,66.0,64.95999908447266,65.4800033569336,52.431095123291016,5740400
2015-06-08,65.38999938964844,65.54000091552734,64.83000183105469,65.33999633789062,52.318973541259766,3079300
2015-06-09,65.43000030517578,66.5199966430664,65.16000366210938,66.02999877929688,52.87147903442383,5780600
2015-06-10,66.73999786376953,67.47000122070312,66.66000366210938,67.06999969482422,53.70424270629883,4716500
2015-06-11,66.44999694824219,66.73999786376953,66.16999816894531,66.55000305175781,53.287864685058594,3863300
2015-06-12,66.44000244140625,66.44000244140625,66.05000305175781,66.29000091552734,53.07966232299805,2543300
2015-06-15,65.66000366210938,65.9000015258789,65.20999908447266,65.33999633789062,52.318973541259766,3378200
2015-06-16,65.16999816894531,66.08000183105469,65.16999816894531,65.9800033569336,52.831451416015625,2204600
2015-06-17,66.08000183105469,66.58000183105469,66.0,66.41000366210938,53.17576599121094,2356100
2015-06-18,66.58999633789062,67.52999877929688,66.56999969482422,67.16999816894531,53.78429412841797,4435100
2015-06-19,66.79000091552734,67.18000030517578,66.5999984741211,66.9000015258789,53.56812286376953,3674400
2015-06-22,67.19000244140625,67.56999969482422,67.08999633789062,67.23999786376953,53.84035110473633,3128700
2015-06-23,67.06999969482422,67.2699966430664,66.83999633789062,67.01000213623047,53.65618896484375,1727500
2015-06-24,66.93000030517578,67.12000274658203,66.4800033569336,66.48999786376953,53.23982238769531,2815400
2015-06-25,66.51000213623047,66.80000305175781,66.31999969482422,66.45999908447266,53.215789794921875,2680600
2015-06-26,66.76000213623047,67.0,66.44000244140625,66.5,53.24782180786133,2588200
2015-06-29,66.0,66.33999633789062,65.37000274658203,65.4000015258789,52.36702346801758,2270400
2015-06-30,65.8499984741211,65.87999725341797,65.30999755859375,65.41000366210938,52.37504577636719,2786600
2015-07-01,65.58999633789062,66.19000244140625,65.55000305175781,66.16000366210938,52.9755859375,2986600
2015-07-02,66.37999725341797,66.58000183105469,65.9800033569336,66.16000366210938,52.9755859375,2024700
2015-07-06,65.68000030517578,66.30999755859375,65.62999725341797,65.95999908447266,52.815433502197266,1835600
2015-07-07,66.13999938964844,67.37999725341797,65.95999908447266,67.30999755859375,53.89640426635742,2893500
2015-07-08,66.93000030517578,67.16000366210938,66.44999694824219,66.44999694824219,53.20779800415039,2104600
2015-07-09,67.1500015258789,67.18000030517578,66.1500015258789,66.16999816894531,52.983585357666016,3004700
2015-07-10,66.76000213623047,66.91000366210938,66.52999877929688,66.63999938964844,53.359920501708984,2221800
2015-07-13,66.94999694824219,67.5,66.91000366210938,67.44000244140625,54.00052261352539,2087300
2015-07-14,67.5,67.5,66.93000030517578,67.2699966430664,53.864376068115234,2143600
2015-07-15,67.04000091552734,67.58000183105469,66.76000213623047,66.91000366210938,53.57612609863281,3360300
2015-07-16,67.33000183105469,67.7300033569336,67.18000030517578,67.62000274658203,54.144630432128906,1912000
2015-07-17,67.36000061035156,67.62000274658203,67.19999694824219,67.5,54.04854202270508,1792000
2015-07-20,67.37000274658203,67.95999908447266,67.13999938964844,67.80000305175781,54.28874969482422,2214900
2015-07-21,67.56999969482422,67.63999938964844,66.7699966430664,66.94000244140625,53.90223693847656,2699400
2015-07-22,66.94000244140625,67.18000030517578,66.7300033569336,67.0,53.95055389404297,2825500
2015-07-23,67.0,67.18000030517578,66.80999755859375,67.04000091552734,53.982765197753906,2667900
2015-07-24,67.01000213623047,67.1500015258789,66.77999877929688,67.0,53.95055389404297,2317000
2015-07-27,66.76000213623047,67.30999755859375,66.54000091552734,67.30000305175781,54.19212341308594,3576300
2015-07-28,67.44000244140625,68.47000122070312,67.2699966430664,68.38999938964844,55.069847106933594,5569600
2015-07-29,68.25,69.2300033569336,68.12999725341797,68.93000030517578,55.50466537475586,4974900
2015-07-30,68.75,68.80000305175781,67.30999755859375,68.0199966430664,54.771888732910156,5488800
2015-07-31,68.05999755859375,68.29000091552734,67.80000305175781,68.0199966430664,54.771888732910156,3548000
2015-08-03,67.66000366210938,68.47000122070312,67.58999633789062,68.41999816894531,55.093990325927734,3069700
2015-08-04,68.33999633789062,68.70999908447266,68.05999755859375,68.44999694824219,55.11814498901367,2770500
2015-08-05,68.7699966430664,69.2300033569336,68.33999633789062,69.08000183105469,55.62544250488281,2578900
2015-08-06,69.19999694824219,69.30000305175781,68.63999938964844,68.6500015258789,55.27919387817383,2989000
2015-08-07,68.62999725341797,68.69999694824219,68.30000305175781,68.48999786376953,55.15034484863281,2286500
2015-08-10,68.83999633789062,69.08000183105469,68.66999816894531,68.73999786376953,55.351661682128906,3016200
2015-08-11,68.37999725341797,68.55999755859375,68.19000244140625,68.26000213623047,54.96513748168945,2592600
2015-08-12,67.98999786376953,68.12999725341797,66.97000122070312,68.0,54.75579071044922,3310600
2015-08-13,68.02999877929688,68.18000030517578,67.56999969482422,67.66000366210938,54.482017517089844,2225900
2015-08-14,67.76000213623047,67.94000244140625,67.48999786376953,67.79000091552734,54.58669662475586,1829600
2015-08-17,67.45999908447266,67.80000305175781,67.08000183105469,67.66000366210938,54.482017517089844,1870500
2015-08-18,67.66999816894531,68.0199966430664,67.48999786376953,67.69000244140625,54.506187438964844,2230700
2015-08-19,67.33999633789062,67.5,66.5999984741211,66.73999786376953,53.741207122802734,3165400
2015-08-20,66.19999694824219,66.55000305175781,65.95999908447266,65.98999786376953,53.137290954589844,3715900
2015-08-21,65.81999969482422,66.08000183105469,64.86000061035156,64.9800033569336,52.32399368286133,5799400
2015-08-24,61.900001525878906,62.5,50.84000015258789,61.95000076293945,49.88413619995117,9060100
2015-08-25,63.2400016784668,63.4900016784668,60.31999969482422,60.369998931884766,48.611873626708984,6483500
2015-08-26,61.529998779296875,62.400001525878906,60.540000915527344,62.22999954223633,50.10961151123047,5329000
2015-08-27,62.58000183105469,63.290000915527344,61.939998626708984,63.09000015258789,50.80210876464844,5006900
2015-08-28,63.0099983215332,63.380001068115234,62.52000045776367,63.349998474121094,51.01146697998047,3486900
2015-08-31,62.880001068115234,63.04999923706055,62.400001525878906,62.810001373291016,50.576629638671875,3634600
2015-09-01,61.619998931884766,62.27000045776367,60.90999984741211,61.27000045776367,49.336578369140625,4289000
2015-09-02,62.0,62.220001220703125,61.529998779296875,62.18000030517578,50.0693473815918,3402200
2015-09-03,62.2400016784668,63.130001068115234,62.2400016784668,62.91999816894531,50.66521453857422,4046500
2015-09-04,61.86000061035156,62.189998626708984,61.38999938964844,61.459999084472656,49.48957443237305,5100300
2015-09-08,62.47999954223633,63.65999984741211,62.150001525878906,63.43000030517578,51.07588577270508,6568500
2015-09-09,64.04000091552734,64.12999725341797,62.2599983215332,62.38999938964844,50.23844528198242,3645900
2015-09-10,62.279998779296875,62.47999954223633,61.310001373291016,61.93000030517578,49.8680419921875,5223900
2015-09-11,61.380001068115234,62.11000061035156,61.380001068115234,61.91999816894531,49.8599739074707,3463100
2015-09-14,61.83000183105469,62.13999938964844,61.54999923706055,62.11000061035156,50.01297378540039,3704100
2015-09-15,62.06999969482422,62.63999938964844,61.369998931884766,62.43000030517578,50.27064895629883,3467400
2015-09-16,62.599998474121094,63.22999954223633,62.5,63.06999969482422,50.7859992980957,2889600
2015-09-17,63.0099983215332,64.08999633789062,62.97999954223633,63.27000045776367,50.94704818725586,4595500
2015-09-18,62.68000030517578,63.65999984741211,62.650001525878906,62.689998626708984,50.480010986328125,13468600
2015-09-21,63.15999984741211,63.43000030517578,62.93000030517578,63.099998474121094,50.81015396118164,3991200
2015-09-22,62.5,62.72999954223633,61.7400016784668,62.15999984741211,50.05323028564453,3911000
2015-09-23,62.040000915527344,62.31999969482422,61.75,62.099998474121094,50.00492858886719,4005600
2015-09-24,61.79999923706055,62.41999816894531,61.459999084472656,62.25,50.12569808959961,3791600
2015-09-25,62.77000045776367,63.689998626708984,62.63999938964844,63.13999938964844,50.84236145019531,4545600
2015-09-28,62.970001220703125,63.279998779296875,62.15999984741211,62.15999984741211,50.05323028564453,4581800
2015-09-29,62.15999984741211,63.189998626708984,62.099998474121094,63.06999969482422,50.7859992980957,3884500
2015-09-30,63.65999984741211,63.9900016784668,63.09000015258789,63.459999084472656,51.100040435791016,3529400
2015-10-01,63.58000183105469,63.95000076293945,63.209999084472656,63.720001220703125,51.309391021728516,4253800
2015-10-02,63.220001220703125,64.27999877929688,63.060001373291016,64.27999877929688,51.76033020019531,3504100
2015-10-05,64.58999633789062,65.51000213623047,64.33999633789062,65.3499984741211,52.62193298339844,3690200
2015-10-06,65.30000305175781,65.30000305175781,64.7300033569336,64.79000091552734,52.1710090637207,2941500
2015-10-07,65.05000305175781,65.4800033569336,64.80000305175781,65.3499984741211,52.62193298339844,2278100
2015-10-08,65.18000030517578,65.94000244140625,65.0199966430664,65.9000015258789,53.0648078918457,2587600
2015-10-09,66.0,66.41999816894531,65.77999877929688,66.33999633789062,53.41911315917969,3478400
2015-10-12,66.33000183105469,66.58000183105469,65.98999786376953,66.25,53.34664535522461,2419400
2015-10-13,65.97000122070312,66.29000091552734,65.77999877929688,65.97000122070312,53.121185302734375,2200800
2015-10-14,65.97000122070312,66.11000061035156,65.5,65.75,52.94402313232422,2326100
2015-10-15,66.16000366210938,66.66000366210938,65.95999908447266,66.56999969482422,53.60431671142578,2418300
2015-10-16,66.9000015258789,67.26000213623047,66.70999908447266,67.12000274658203,54.04718017578125,2410800
2015-10-19,67.0199966430664,67.43000030517578,66.88999938964844,67.25,54.15187072753906,2384400
2015-10-20,66.94999694824219,67.23999786376953,66.86000061035156,67.05999755859375,53.99886703491211,3281900
2015-10-21,66.80999755859375,67.5,66.54000091552734,66.83000183105469,54.1203498840332,2755100
2015-10-22,67.1500015258789,68.86000061035156,66.66999816894531,68.63999938964844,55.58612060546875,3660400
2015-10-23,68.72000122070312,69.19999694824219,68.3499984741211,68.94000244140625,55.82906723022461,3956700
2015-10-26,68.81999969482422,69.31999969482422,68.66000366210938,68.72000122070312,55.65090560913086,3933600
2015-10-27,68.38999938964844,69.0,68.30999755859375,68.94999694824219,55.8371696472168,3307500
2015-10-28,69.0,69.16000366210938,68.12000274658203,68.83000183105469,55.739994049072266,3364000
2015-10-29,68.62000274658203,69.44000244140625,68.41999816894531,69.2300033569336,56.06392288208008,3511000
2015-10-30,67.69000244140625,68.06999969482422,66.3499984741211,66.3499984741211,53.731624603271484,7455100
2015-11-02,66.7699966430664,67.56999969482422,66.36000061035156,67.48999786376953,54.65483093261719,5351700
2015-11-03,67.23999786376953,68.11000061035156,66.9000015258789,68.0,55.067832946777344,3728100
2015-11-04,67.93000030517578,68.05000305175781,67.0,67.4800033569336,54.6467399597168,3732800
2015-11-05,67.51000213623047,67.88999938964844,67.19999694824219,67.5999984741211,54.74391555786133,2802700
2015-11-06,67.20999908447266,67.20999908447266,65.4000015258789,65.81999969482422,53.302433013916016,5226700
2015-11-09,65.4800033569336,65.97000122070312,65.27999877929688,65.7699966430664,53.26193618774414,3623800
2015-11-10,65.66999816894531,66.58000183105469,65.58000183105469,66.37999725341797,53.755924224853516,2813700
2015-11-11,66.69000244140625,67.22000122070312,66.44000244140625,66.44999694824219,53.8126220703125,2622600
2015-11-12,66.1500015258789,66.31999969482422,65.23999786376953,65.2699966430664,52.857025146484375,2811200
2015-11-13,65.18000030517578,65.55999755859375,64.51000213623047,64.55999755859375,52.282047271728516,3499100
2015-11-16,64.5999984741211,65.69999694824219,64.5999984741211,65.56999969482422,53.0999755859375,3187400
2015-11-17,65.91999816894531,65.95999908447266,65.13999938964844,65.31999969482422,52.89750671386719,2296600
2015-11-18,65.31999969482422,66.13999938964844,65.12000274658203,66.05999755859375,53.49677276611328,2921400
2015-11-19,66.31999969482422,66.94999694824219,66.19999694824219,66.37999725341797,53.755924224853516,2964600
2015-11-20,66.75,67.18000030517578,66.04000091552734,66.0999984741211,53.529178619384766,3027900
2015-11-23,66.0999984741211,66.94000244140625,66.06999969482422,66.88999938964844,54.168941497802734,2811100
2015-11-24,66.43000030517578,67.08999633789062,66.41999816894531,66.81999969482422,54.112247467041016,2242000
2015-11-25,66.93000030517578,67.02999877929688,66.41000366210938,66.43000030517578,53.79643249511719,2996000
2015-11-27,66.51000213623047,66.75,66.19000244140625,66.55999755859375,53.90168762207031,1265500
2015-11-30,66.55999755859375,66.7699966430664,65.6500015258789,65.68000030517578,53.18906021118164,3561800
2015-12-01,65.7699966430664,66.06999969482422,65.31999969482422,65.83000183105469,53.31053161621094,4519000
2015-12-02,65.81999969482422,66.41000366210938,65.58000183105469,65.68000030517578,53.18906021118164,3667300
2015-12-03,65.69999694824219,65.95999908447266,64.98999786376953,65.58000183105469,53.108070373535156,4809300
2015-12-04,65.97000122070312,66.76000213623047,65.69999694824219,66.33999633789062,53.72353744506836,4603800
2015-12-07,66.38999938964844,66.55999755859375,66.08999633789062,66.33999633789062,53.72353744506836,3895600
2015-12-08,66.05000305175781,66.5,65.87999725341797,66.18000030517578,53.593971252441406,2436600
2015-12-09,66.0199966430664,67.0999984741211,65.75,66.08000183105469,53.51298904418945,3052500
2015-12-10,66.08000183105469,66.66000366210938,65.9800033569336,66.12999725341797,53.553470611572266,2628300
2015-12-11,65.37000274658203,65.77999877929688,65.02999877929688,65.20999908447266,52.80843734741211,3525600
2015-12-14,65.29000091552734,65.9000015258789,65.0,65.8499984741211,53.32673263549805,3353800
2015-12-15,66.33000183105469,67.11000061035156,66.2300033569336,66.76000213623047,54.06366729736328,3726300
2015-12-16,67.0,68.48999786376953,66.98999786376953,68.33000183105469,55.3350830078125,5133100
2015-12-17,68.19000244140625,68.30000305175781,67.30000305175781,67.33000183105469,54.52526092529297,4224800
2015-12-18,66.9000015258789,66.97000122070312,65.56999969482422,65.56999969482422,53.0999755859375,5115600
2015-12-21,66.0199966430664,66.1500015258789,65.5,65.9800033569336,53.4320068359375,2725300
2015-12-22,66.1500015258789,66.69000244140625,65.69000244140625,66.58000183105469,53.91789245605469,2104300
2015-12-23,66.86000061035156,67.38999938964844,66.77999877929688,67.16000366210938,54.3875846862793,1675500
2015-12-24,67.0,67.27999877929688,66.86000061035156,66.98999786376953,54.249908447265625,882100
2015-12-28,66.76000213623047,66.94999694824219,66.6500015258789,66.88999938964844,54.168941497802734,1525700
2015-12-29,67.33000183105469,67.7300033569336,67.2300033569336,67.6500015258789,54.7844123840332,1671700
2015-12-30,67.66000366210938,68.06999969482422,67.38999938964844,67.52999877929688,54.687225341796875,1707200
2015-12-31,67.20999908447266,67.29000091552734,66.61000061035156,66.62000274658203,53.950294494628906,2002100
2016-01-04,65.4000015258789,65.41000366210938,63.97999954223633,64.70999908447266,52.40353012084961,5722600
2016-01-05,64.7300033569336,65.26000213623047,64.5999984741211,65.0,52.63837432861328,4307000
2016-01-06,64.20999908447266,64.63999938964844,63.959999084472656,64.13999938964844,51.94192123413086,4407600
2016-01-07,63.400001525878906,63.900001525878906,62.7599983215332,63.0099983215332,51.02682113647461,4476300
2016-01-08,63.099998474121094,63.41999816894531,62.369998931884766,62.54999923706055,50.6543083190918,3219800
2016-01-11,62.849998474121094,63.20000076293945,62.08000183105469,62.810001373291016,50.86486053466797,3079100
2016-01-12,63.27000045776367,63.5,62.66999816894531,63.380001068115234,51.32645797729492,2834900
2016-01-13,63.599998474121094,63.939998626708984,62.79999923706055,62.90999984741211,50.94585037231445,3575600
2016-01-14,63.029998779296875,64.13999938964844,62.97999954223633,63.529998779296875,51.44793701171875,3894200
2016-01-15,62.369998931884766,63.91999816894531,62.31999969482422,63.349998474121094,51.30217361450195,6703000
2016-01-19,63.790000915527344,64.5199966430664,63.70000076293945,64.29000091552734,52.06340026855469,5106800
2016-01-20,63.459999084472656,63.68000030517578,61.400001525878906,62.45000076293945,50.573326110839844,8221500
2016-01-21,62.31999969482422,63.959999084472656,61.90999984741211,63.650001525878906,51.86067581176758,5645300
2016-01-22,64.33000183105469,64.91000366210938,63.869998931884766,64.61000061035156,52.64287185668945,4360100
2016-01-25,64.33000183105469,64.61000061035156,63.7599983215332,63.93000030517578,52.08881759643555,3728100
2016-01-26,64.01000213623047,64.80999755859375,63.97999954223633,64.33000183105469,52.41473388671875,3658900
2016-01-27,64.29000091552734,65.0999984741211,63.880001068115234,64.30000305175781,52.39030456542969,3265900
2016-01-28,64.55999755859375,65.55000305175781,64.31999969482422,65.0199966430664,52.97693634033203,5576500
2016-01-29,64.98999786376953,67.6500015258789,64.3499984741211,67.52999877929688,55.02202606201172,9512900
2016-02-01,66.93000030517578,67.08000183105469,65.88999938964844,66.19999694824219,53.93836212158203,4897600
2016-02-02,65.62000274658203,66.08000183105469,65.16999816894531,65.36000061035156,53.25395202636719,3717000
2016-02-03,65.83999633789062,66.26000213623047,65.0,66.02999877929688,53.79985046386719,4037600
2016-02-04,65.9000015258789,66.2300033569336,65.5,65.98999786376953,53.76727294921875,3078800
2016-02-05,65.98999786376953,66.31999969482422,65.41000366210938,66.19000244140625,53.93022918701172,3899900
2016-02-08,65.6500015258789,66.29000091552734,65.23999786376953,66.06999969482422,53.83243942260742,4029200
2016-02-09,65.4800033569336,66.30999755859375,64.93000030517578,65.87999725341797,53.677642822265625,4423900
2016-02-10,66.38999938964844,66.83000183105469,65.70999908447266,65.80999755859375,53.620609283447266,3117500
2016-02-11,64.70999908447266,65.30000305175781,64.0,64.44000244140625,52.504371643066406,4744300
2016-02-12,64.77999877929688,65.75,64.54000091552734,65.69999694824219,53.53098678588867,2579100
2016-02-16,66.5199966430664,66.69999694824219,65.5199966430664,65.80999755859375,53.620609283447266,3481200
2016-02-17,66.12000274658203,67.19999694824219,65.95999908447266,67.05999755859375,54.63908004760742,3112400
2016-02-18,66.9000015258789,67.33999633789062,66.62999725341797,67.22000122070312,54.76944351196289,2470100
2016-02-19,67.19999694824219,67.4800033569336,66.36000061035156,67.45999908447266,54.96499252319336,3373200
2016-02-22,67.45999908447266,68.38999938964844,67.38999938964844,67.61000061035156,55.08721923828125,2900800
2016-02-23,67.38999938964844,67.70999908447266,67.0199966430664,67.19999694824219,54.75314712524414,2083200
2016-02-24,66.94000244140625,66.98999786376953,66.02999877929688,66.31999969482422,54.0361442565918,5260200
2016-02-25,66.61000061035156,67.44999694824219,66.33000183105469,67.41999816894531,54.932403564453125,3008400
2016-02-26,67.19999694824219,67.52999877929688,66.06999969482422,66.27999877929688,54.00355529785156,3273400
2016-02-29,66.44000244140625,66.69999694824219,65.61000061035156,65.63999938964844,53.482093811035156,3625900
2016-03-01,66.05999755859375,67.38999938964844,65.93000030517578,67.33000183105469,54.85906982421875,3629600
2016-03-02,67.05999755859375,67.41999816894531,66.38999938964844,67.08000183105469,54.65536880493164,2546900
2016-03-03,66.86000061035156,67.61000061035156,66.70999908447266,67.61000061035156,55.08721923828125,2415000
2016-03-04,67.41999816894531,68.31999969482422,67.27999877929688,68.16000366210938,55.53533172607422,2827300
2016-03-07,67.80000305175781,67.94000244140625,67.37000274658203,67.56999969482422,55.05460739135742,2764100
2016-03-08,67.20999908447266,67.93000030517578,66.86000061035156,67.52999877929688,55.02202606201172,2253000
2016-03-09,67.87999725341797,68.58000183105469,67.30000305175781,67.9800033569336,55.388675689697266,2711800
2016-03-10,68.11000061035156,68.44999694824219,67.52999877929688,68.2300033569336,55.592369079589844,2454300
2016-03-11,68.27999877929688,68.48999786376953,67.94999694824219,68.37000274658203,55.706443786621094,3186900
2016-03-14,68.33999633789062,68.58999633789062,67.83000183105469,68.23999786376953,55.60053253173828,2280100
2016-03-15,67.83000183105469,68.75,67.69999694824219,68.58999633789062,55.88568878173828,2474800
2016-03-16,68.41000366210938,68.81999969482422,67.86000061035156,68.68000030517578,55.95901870727539,2603300
2016-03-17,68.76000213623047,69.98999786376953,68.58000183105469,69.86000061035156,56.92045974731445,4243300
2016-03-18,69.9800033569336,70.5,69.66000366210938,70.4800033569336,57.425621032714844,7731800
2016-03-21,70.06999969482422,70.87000274658203,69.80000305175781,70.43000030517578,57.3848876953125,4128700
2016-03-22,70.0,70.30000305175781,69.27999877929688,69.55999755859375,56.676029205322266,3637400
2016-03-23,69.5999984741211,70.08000183105469,69.54000091552734,69.80000305175781,56.871585845947266,2296900
2016-03-24,69.54000091552734,69.95999908447266,69.37999725341797,69.91000366210938,56.961212158203125,3806000
2016-03-28,69.9800033569336,70.38999938964844,69.73999786376953,69.91000366210938,56.961212158203125,1926200
2016-03-29,70.0,70.66999816894531,69.55000305175781,70.51000213623047,57.45008087158203,3217100
2016-03-30,70.51000213623047,71.25,70.18000030517578,70.72000122070312,57.62117385864258,4354100
2016-03-31,70.72000122070312,71.0,70.51000213623047,70.6500015258789,57.56412887573242,2944600
2016-04-01,70.20999908447266,71.2699966430664,70.08999633789062,71.19999694824219,58.01226043701172,3257300
2016-04-04,70.87000274658203,71.2699966430664,70.58999633789062,71.16000366210938,57.979671478271484,2641100
2016-04-05,71.12999725341797,71.47000122070312,70.98999786376953,71.13999938964844,57.96337890625,3870600
2016-04-06,71.11000061035156,71.41999816894531,70.87000274658203,71.41000366210938,58.183372497558594,3442000
2016-04-07,70.9000015258789,70.94999694824219,70.27999877929688,70.63999938964844,57.55598449707031,2995100
2016-04-08,71.08999633789062,71.1500015258789,70.5,71.06999969482422,57.90633773803711,2816000
2016-04-11,71.12000274658203,71.4000015258789,70.80000305175781,70.94000244140625,57.80042266845703,2996300
2016-04-12,70.83000183105469,71.37000274658203,70.7699966430664,71.2300033569336,58.03671646118164,2549000
2016-04-13,71.33000183105469,71.5,70.58000183105469,70.83000183105469,57.71078872680664,2600000
2016-04-14,70.80999755859375,71.19000244140625,70.70999908447266,70.80000305175781,57.68634796142578,2744900
2016-04-15,70.83000183105469,71.45999908447266,70.72000122070312,71.25,58.05302047729492,2799700
2016-04-18,70.9000015258789,71.47000122070312,70.77999877929688,71.31999969482422,58.11004638671875,2152700
2016-04-19,71.47000122070312,71.79000091552734,71.05000305175781,71.66000366210938,58.38705825805664,3609900
2016-04-20,71.33999633789062,71.52999877929688,70.30000305175781,70.30999755859375,57.60060119628906,3467800
2016-04-21,70.19999694824219,70.31999969482422,68.80999755859375,68.9800033569336,56.51100540161133,4127600
2016-04-22,68.76000213623047,69.08999633789062,68.23999786376953,69.05999755859375,56.5765266418457,3228600
2016-04-25,68.87000274658203,69.5199966430664,68.58000183105469,69.41999816894531,56.87147521972656,3038600
2016-04-26,69.73999786376953,69.75,68.77999877929688,68.95999908447266,56.49462890625,2913400
2016-04-27,69.11000061035156,69.73999786376953,68.87000274658203,69.30999755859375,56.78136444091797,4470900
2016-04-28,69.4000015258789,71.58999633789062,69.38999938964844,71.16000366210938,58.29694747924805,6293900
2016-04-29,71.02999877929688,71.58999633789062,70.43000030517578,70.91999816894531,58.10031509399414,4889600
2016-05-02,71.47000122070312,72.38999938964844,71.41999816894531,72.37000274658203,59.288230895996094,4687500
2016-05-03,72.0,72.44999694824219,71.61000061035156,71.8499984741211,58.86222839355469,3671900
2016-05-04,71.55000305175781,72.0,71.11000061035156,71.87999725341797,58.886810302734375,3314800
2016-05-05,71.66000366210938,72.30999755859375,71.19000244140625,71.47000122070312,58.550899505615234,3006200
2016-05-06,71.48999786376953,71.8499984741211,71.19000244140625,71.81999969482422,58.83763122558594,2467600
2016-05-09,71.9800033569336,72.25,71.58000183105469,71.76000213623047,58.78850173950195,2352900
2016-05-10,71.86000061035156,72.25,71.76000213623047,72.19999694824219,59.14895248413086,2710900
2016-05-11,72.25,72.38999938964844,71.80999755859375,71.9800033569336,58.96872329711914,3044600
2016-05-12,72.29000091552734,72.72000122070312,71.91999816894531,72.6500015258789,59.51760482788086,2966100
2016-05-13,72.58000183105469,72.58000183105469,71.52999877929688,71.66999816894531,58.714752197265625,2630000
2016-05-16,71.58999633789062,72.22000122070312,71.47000122070312,72.0199966430664,59.00147247314453,2143400
2016-05-17,71.95999908447266,71.97000122070312,70.45999908447266,70.8499984741211,58.04294967651367,3467300
2016-05-18,70.69000244140625,70.69000244140625,69.7300033569336,70.12999725341797,57.453125,3433400
2016-05-19,69.95999908447266,70.44999694824219,69.52999877929688,70.43000030517578,57.69890594482422,2728300
2016-05-20,70.79000091552734,70.79000091552734,69.91999816894531,70.0199966430664,57.363014221191406,2978000
2016-05-23,70.05000305175781,70.23999786376953,69.83000183105469,70.08000183105469,57.41217041015625,2068000
2016-05-24,70.43000030517578,71.08000183105469,70.33000183105469,70.87000274658203,58.059383392333984,2515500
2016-05-25,70.95999908447266,71.1500015258789,70.63999938964844,70.66999816894531,57.89553451538086,2098500
2016-05-26,70.68000030517578,70.94999694824219,70.3499984741211,70.48999786376953,57.74805450439453,6419500
2016-05-27,70.54000091552734,70.80999755859375,70.30999755859375,70.58999633789062,57.82997131347656,2326600
2016-05-31,70.76000213623047,70.95999908447266,70.0999984741211,70.41000366210938,57.68251037597656,3567400
2016-06-01,70.41000366210938,71.22000122070312,70.16999816894531,71.19999694824219,58.3297119140625,3017800
2016-06-02,71.0199966430664,71.41999816894531,70.87000274658203,71.41999816894531,58.50993347167969,2241500
2016-06-03,71.41999816894531,71.79000091552734,71.25,71.5999984741211,58.657405853271484,2290900
2016-06-06,71.5999984741211,72.06999969482422,71.41000366210938,71.83999633789062,58.85403823852539,2287900
2016-06-07,71.9000015258789,72.0199966430664,71.47000122070312,71.58999633789062,58.64922332763672,2103300
2016-06-08,71.45999908447266,72.0999984741211,71.3499984741211,72.0,58.985107421875,1907000
2016-06-09,71.8499984741211,72.41000366210938,71.73999786376953,72.33999633789062,59.26365280151367,1943200
2016-06-10,72.0,72.2300033569336,71.73999786376953,72.12000274658203,59.08340835571289,2232300
2016-06-13,72.1500015258789,72.44999694824219,71.66000366210938,71.66999816894531,58.714752197265625,2887000
2016-06-14,71.4800033569336,72.16999816894531,71.22000122070312,72.08999633789062,59.058834075927734,2485000
2016-06-15,72.19000244140625,72.29000091552734,71.62000274658203,71.72000122070312,58.75572967529297,2152900
2016-06-16,71.55999755859375,72.06999969482422,71.36000061035156,72.0,58.985107421875,2161200
2016-06-17,71.87000274658203,72.08000183105469,70.97000122070312,71.44000244140625,58.526329040527344,4064400
2016-06-20,71.9000015258789,72.4000015258789,71.61000061035156,71.63999938964844,58.690181732177734,2557400
2016-06-21,72.02999877929688,72.13999938964844,71.7300033569336,71.80000305175781,58.82126998901367,3072000
2016-06-22,71.9800033569336,72.5,71.87999725341797,72.25,59.18990707397461,3564600
2016-06-23,72.63999938964844,72.7300033569336,72.33999633789062,72.66999816894531,59.53398895263672,2015300
2016-06-24,71.11000061035156,71.80000305175781,70.1500015258789,70.58000183105469,57.82179641723633,11070000
2016-06-27,70.13999938964844,70.2300033569336,69.70999908447266,69.98999786376953,57.33844757080078,3421800
2016-06-28,70.37000274658203,71.1500015258789,70.02999877929688,71.12999725341797,58.27235412597656,2878600
2016-06-29,71.36000061035156,71.93000030517578,71.31999969482422,71.86000061035156,58.87040710449219,2264100
2016-06-30,71.9000015258789,73.19999694824219,71.86000061035156,73.19999694824219,59.96817398071289,3798800
2016-07-01,73.19999694824219,73.41999816894531,72.86000061035156,72.94999694824219,59.76338195800781,2652600
2016-07-05,72.69000244140625,73.69000244140625,72.62999725341797,73.27999877929688,60.033729553222656,3128000
2016-07-06,73.31999969482422,73.44999694824219,72.77999877929688,73.27999877929688,60.033729553222656,2568600
2016-07-07,73.27999877929688,73.70999908447266,73.08000183105469,73.4000015258789,60.13205337524414,2782200
2016-07-08,73.7699966430664,74.2699966430664,73.41999816894531,74.25,60.828407287597656,2921200
2016-07-11,74.05000305175781,74.58000183105469,73.72000122070312,74.48999786376953,61.025020599365234,3040700
2016-07-12,74.26000213623047,74.4000015258789,73.72000122070312,73.94999694824219,60.58262252807617,3909900
2016-07-13,74.18000030517578,74.5,73.88999938964844,74.47000122070312,61.008636474609375,2648300
2016-07-14,74.48999786376953,75.33000183105469,74.33000183105469,74.70999908447266,61.205223083496094,5222200
2016-07-15,74.94000244140625,75.29000091552734,74.5,74.72000122070312,61.213436126708984,4633500
2016-07-18,74.77999877929688,74.91999816894531,74.44000244140625,74.5,61.03318405151367,2675800
2016-07-19,74.20999908447266,74.55999755859375,74.08999633789062,74.55999755859375,61.08234786987305,3396500
2016-07-20,74.2699966430664,74.51000213623047,74.08999633789062,74.12000274658203,61.041175842285156,2961800
2016-07-21,73.87999725341797,74.08999633789062,73.61000061035156,73.87000274658203,60.83530044555664,2618300
2016-07-22,74.12000274658203,74.62000274658203,73.94000244140625,74.61000061035156,61.444725036621094,3407200
2016-07-25,74.4000015258789,74.56999969482422,73.98999786376953,74.2300033569336,61.13175964355469,1856700
2016-07-26,74.04000091552734,74.63999938964844,73.80000305175781,73.9800033569336,60.92589569091797,2145600
2016-07-27,74.16999816894531,74.16999816894531,72.91000366210938,73.27999877929688,60.349395751953125,3291700
2016-07-28,74.75,74.75,73.05999755859375,73.25,60.324684143066406,4066300
2016-07-29,73.12000274658203,74.97000122070312,73.06999969482422,74.43000030517578,61.29648208618164,4459800
2016-08-01,74.44000244140625,75.13999938964844,74.43000030517578,75.11000061035156,61.85649108886719,2903700
2016-08-02,75.25,75.33999633789062,74.45999908447266,74.87000274658203,61.65883255004883,3748000
2016-08-03,75.02999877929688,75.08999633789062,73.88999938964844,74.08000183105469,61.00822067260742,2651900
2016-08-04,74.20999908447266,75.05999755859375,74.20999908447266,74.77999877929688,61.584739685058594,3026300
2016-08-05,74.69999694824219,74.87999725341797,74.20999908447266,74.58000183105469,61.42000198364258,2290200
2016-08-08,74.4800033569336,74.51000213623047,73.94000244140625,74.43000030517578,61.29648208618164,2223400
2016-08-09,74.55000305175781,75.02999877929688,74.47000122070312,74.77999877929688,61.584739685058594,1535700
2016-08-10,74.81999969482422,75.06999969482422,74.58000183105469,74.83999633789062,61.6341438293457,1949900
2016-08-11,74.94999694824219,75.26000213623047,74.79000091552734,74.88999938964844,61.67530822753906,2345100
2016-08-12,75.0,75.37999725341797,74.83999633789062,74.97000122070312,61.74120330810547,1658300
2016-08-15,75.0,75.23999786376953,74.63999938964844,74.70999908447266,61.52705001831055,2375800
2016-08-16,74.5,74.8499984741211,74.2699966430664,74.31999969482422,61.205875396728516,1807400
2016-08-17,74.38999938964844,74.6500015258789,73.9000015258789,74.58000183105469,61.42000198364258,1977800
2016-08-18,74.58000183105469,74.86000061035156,74.4800033569336,74.58999633789062,61.42822265625,2059600
2016-08-19,74.33000183105469,74.51000213623047,74.08999633789062,74.48999786376953,61.34589385986328,2088500
2016-08-22,74.37999725341797,74.6500015258789,74.11000061035156,74.5,61.354103088378906,1623800
2016-08-23,74.4800033569336,74.83999633789062,74.41999816894531,74.54000091552734,61.38706970214844,1460600
2016-08-24,74.4000015258789,74.45999908447266,74.0,74.36000061035156,61.238861083984375,1742700
2016-08-25,74.43000030517578,74.93000030517578,74.22000122070312,74.62999725341797,61.46117401123047,1567600
2016-08-26,74.63999938964844,75.3499984741211,74.20999908447266,74.47000122070312,61.329429626464844,2040000
2016-08-29,74.44000244140625,74.93000030517578,74.43000030517578,74.80999755859375,61.60941696166992,2397600
2016-08-30,74.70999908447266,74.80000305175781,74.33999633789062,74.5,61.354103088378906,2057400
2016-08-31,74.47000122070312,74.58000183105469,74.0,74.33999633789062,61.22232437133789,2597400
2016-09-01,74.37999725341797,74.43000030517578,73.87000274658203,74.2699966430664,61.16471481323242,3016300
2016-09-02,74.61000061035156,75.3499984741211,74.58999633789062,74.88999938964844,61.67530822753906,2981300
2016-09-06,74.69999694824219,75.27999877929688,74.61000061035156,75.2699966430664,61.988250732421875,2139300
2016-09-07,74.95999908447266,75.0,73.68000030517578,73.76000213623047,60.744712829589844,3297100
2016-09-08,73.7300033569336,73.75,72.94000244140625,72.98999786376953,60.11056137084961,3775400
2016-09-09,72.3499984741211,72.4800033569336,70.86000061035156,70.86000061035156,58.35641860961914,5626300
2016-09-12,71.38999938964844,72.83999633789062,71.27999877929688,72.77999877929688,59.937618255615234,5928700
2016-09-13,72.31999969482422,72.31999969482422,71.70999908447266,71.83999633789062,59.16350555419922,4278300
2016-09-14,72.02999877929688,72.26000213623047,71.6500015258789,71.8499984741211,59.17173767089844,3188500
2016-09-15,71.8499984741211,72.31999969482422,71.56999969482422,72.0999984741211,59.37760925292969,3032500
2016-09-16,71.83000183105469,72.08000183105469,71.37999725341797,71.95999908447266,59.2623176574707,3959700
2016-09-19,72.0199966430664,72.5,71.93000030517578,72.19000244140625,59.45172119140625,2272000
2016-09-20,72.66000366210938,72.9000015258789,72.45999908447266,72.4800033569336,59.690574645996094,2438200
2016-09-21,72.4800033569336,73.08999633789062,72.1500015258789,73.0,60.118804931640625,3268300
2016-09-22,73.19999694824219,73.62999725341797,73.1500015258789,73.52999877929688,60.55529022216797,2974200
2016-09-23,73.5199966430664,73.52999877929688,73.08999633789062,73.25,60.324684143066406,3613100
2016-09-26,73.05000305175781,73.38999938964844,72.80999755859375,73.11000061035156,60.20939254760742,2502800
2016-09-27,73.33999633789062,73.70999908447266,73.02999877929688,73.45999908447266,60.497650146484375,2292200
2016-09-28,73.86000061035156,73.94999694824219,72.98999786376953,73.5999984741211,60.6129264831543,2684600
2016-09-29,73.55999755859375,73.62000274658203,73.04000091552734,73.29000091552734,60.35763931274414,2944200
2016-09-30,73.55000305175781,74.5,73.51000213623047,74.13999938964844,61.05765914916992,4652300
2016-10-03,73.93000030517578,74.06999969482422,73.41999816894531,73.62000274658203,60.629417419433594,2691100
2016-10-04,73.63999938964844,73.7300033569336,72.58000183105469,72.80000305175781,59.954105377197266,3267300
2016-10-05,73.0199966430664,73.0999984741211,72.58999633789062,72.97000122070312,60.094085693359375,2365500
2016-10-06,72.87000274658203,73.5199966430664,72.66999816894531,73.27999877929688,60.349395751953125,2561700
2016-10-07,73.4000015258789,73.61000061035156,72.45999908447266,73.05000305175781,60.160011291503906,3315800
2016-10-10,73.36000061035156,73.5,72.4000015258789,72.61000061035156,59.79764175415039,2986100
2016-10-11,72.54000091552734,72.62999725341797,71.88999938964844,72.19999694824219,59.45997619628906,2971900
2016-10-12,72.1500015258789,72.5999984741211,72.0199966430664,72.43000030517578,59.64936447143555,2202800
2016-10-13,72.06999969482422,72.48999786376953,71.76000213623047,72.16000366210938,59.42703628540039,2991600
2016-10-14,72.4000015258789,72.9000015258789,72.16000366210938,72.30999755859375,59.5505485534668,2875000
2016-10-17,72.41000366210938,72.72000122070312,72.05000305175781,72.08000183105469,59.36114501953125,2273400
2016-10-18,72.63999938964844,72.63999938964844,71.93000030517578,71.93000030517578,59.23762512207031,2729900
2016-10-19,71.80999755859375,72.0199966430664,71.44999694824219,71.69999694824219,59.048213958740234,2941000
2016-10-20,71.31999969482422,71.62000274658203,70.86000061035156,70.91999816894531,58.725242614746094,3317200
2016-10-21,70.94000244140625,71.1500015258789,70.61000061035156,70.91999816894531,58.725242614746094,3633100
2016-10-24,71.0,71.36000061035156,70.86000061035156,71.02999877929688,58.81635665893555,2408600
2016-10-25,71.37000274658203,71.72000122070312,71.18000030517578,71.30999755859375,59.04819869995117,2535600
2016-10-26,71.30000305175781,71.3499984741211,70.70999908447266,71.26000213623047,59.006805419921875,2941300
2016-10-27,71.72000122070312,71.87000274658203,70.25,70.56999969482422,58.43543243408203,4366800
2016-10-28,70.75,71.33000183105469,70.61000061035156,71.16999816894531,58.9322624206543,3295100
2016-10-31,71.27999877929688,71.69000244140625,71.0199966430664,71.36000061035156,59.089595794677734,2785900
2016-11-01,71.45999908447266,71.58000183105469,70.80000305175781,70.98999786376953,58.78321838378906,2329700
2016-11-02,70.94000244140625,71.41999816894531,70.83999633789062,71.18000030517578,58.9405403137207,3437000
2016-11-03,71.31999969482422,71.37999725341797,70.41000366210938,70.56999969482422,58.43543243408203,4144400
2016-11-04,70.75,70.91000366210938,69.55999755859375,69.56999969482422,57.607398986816406,3874300
2016-11-07,70.26000213623047,70.69000244140625,70.05999755859375,70.54000091552734,58.410614013671875,3596700
2016-11-08,70.51000213623047,71.7300033569336,70.36000061035156,71.58999633789062,59.28004455566406,4051400
2016-11-09,70.4000015258789,70.62999725341797,69.37000274658203,70.37000274658203,58.26982498168945,4901000
2016-11-10,69.76000213623047,69.9000015258789,66.63999938964844,67.19999694824219,55.6449089050293,9784900
2016-11-11,67.23999786376953,67.7699966430664,66.81999969482422,67.41999816894531,55.82707977294922,4008400
2016-11-14,67.13999938964844,67.36000061035156,66.52999877929688,66.58000183105469,55.13151550292969,3894000
2016-11-15,66.66999816894531,67.0,66.22000122070312,66.58999633789062,55.13978958129883,5253200
2016-11-16,66.93000030517578,66.94000244140625,66.33000183105469,66.73999786376953,55.26401138305664,3000800
2016-11-17,66.6500015258789,66.83000183105469,65.93000030517578,65.98999786376953,54.64298629760742,3831600
2016-11-18,65.73999786376953,66.0,65.5,65.86000061035156,54.53533172607422,4747500
2016-11-21,65.86000061035156,66.37999725341797,65.81999969482422,66.22000122070312,54.83343505859375,3494600
2016-11-22,66.43000030517578,66.7300033569336,66.23999786376953,66.33000183105469,54.92451477050781,3556100
2016-11-23,66.01000213623047,66.27999877929688,65.87000274658203,65.98999786376953,54.64298629760742,2230100
2016-11-25,66.33000183105469,66.69999694824219,66.30000305175781,66.52999877929688,55.090118408203125,1302300
2016-11-28,66.38999938964844,66.69000244140625,66.04000091552734,66.43000030517578,55.00732421875,3102200
2016-11-29,66.6500015258789,66.75,66.26000213623047,66.52999877929688,55.090118408203125,2674100
2016-11-30,66.2699966430664,66.66999816894531,65.2300033569336,65.2300033569336,54.01366424560547,4515900
2016-12-01,65.2300033569336,65.37999725341797,64.63999938964844,65.08000183105469,53.88945770263672,4204700
2016-12-02,65.18000030517578,65.47000122070312,64.45999908447266,64.72000122070312,53.59135437011719,4486800
2016-12-05,64.94999694824219,65.19999694824219,64.5199966430664,64.62999725341797,53.51683044433594,4401800
2016-12-06,64.77999877929688,65.12999725341797,64.51000213623047,65.02999877929688,53.848045349121094,4540800
2016-12-07,65.12999725341797,65.94999694824219,64.91999816894531,65.93000030517578,54.59329605102539,6570000
2016-12-08,65.66000366210938,66.0,65.30000305175781,65.69999694824219,54.40284729003906,3204400
2016-12-09,65.69999694824219,66.37000274658203,65.63999938964844,66.29000091552734,54.891380310058594,2465300
2016-12-12,66.27999877929688,66.94999694824219,66.27999877929688,66.75,55.272281646728516,3126500
2016-12-13,66.76000213623047,67.30000305175781,66.69999694824219,66.88999938964844,55.388221740722656,3456400
2016-12-14,66.91999816894531,67.13999938964844,65.79000091552734,65.91000366210938,54.57672119140625,3809300
2016-12-15,65.72000122070312,66.3499984741211,64.98999786376953,66.2300033569336,54.841712951660156,4838100
2016-12-16,66.31999969482422,66.47000122070312,65.69999694824219,66.2300033569336,54.841712951660156,4382800
2016-12-19,66.11000061035156,66.48999786376953,65.8499984741211,66.05999755859375,54.700931549072266,2408800
2016-12-20,66.44000244140625,66.44999694824219,65.97000122070312,66.38999938964844,54.97418212890625,2635800
2016-12-21,66.19000244140625,66.7300033569336,66.02999877929688,66.05000305175781,54.692657470703125,2007100
2016-12-22,65.97000122070312,66.43000030517578,65.83999633789062,66.37000274658203,54.95762252807617,1673600
2016-12-23,66.38999938964844,66.5,66.0,66.2699966430664,54.874820709228516,1210700
2016-12-27,66.19999694824219,66.41999816894531,65.81999969482422,66.01000213623047,54.659542083740234,1629500
2016-12-28,66.01000213623047,66.23999786376953,65.58000183105469,65.61000061035156,54.328304290771484,1671300
2016-12-29,65.7300033569336,66.0,65.63999938964844,65.88999938964844,54.5601692199707,2108800
2016-12-30,65.83999633789062,66.06999969482422,65.27999877929688,65.44000244140625,54.18756103515625,3491300
2017-01-03,65.55999755859375,65.6500015258789,65.0999984741211,65.54000091552734,54.270355224609375,3038900
2017-01-04,65.80999755859375,66.37000274658203,65.80000305175781,66.26000213623047,54.86655044555664,4047900
2017-01-05,66.30999755859375,66.98999786376953,66.12999725341797,66.8499984741211,55.35508346557617,2857800
2017-01-06,66.80999755859375,67.48999786376953,66.5999984741211,67.36000061035156,55.77739334106445,2994800
2017-01-09,67.0199966430664,67.0999984741211,66.2300033569336,66.41999816894531,54.99903106689453,3184000
2017-01-10,66.41999816894531,66.43000030517578,65.3499984741211,65.38999938964844,54.146156311035156,3492400
2017-01-11,65.30000305175781,65.41000366210938,65.0,65.30999755859375,54.079898834228516,3809000
2017-01-12,65.37000274658203,65.94000244140625,65.26000213623047,65.8499984741211,54.52704620361328,2992400
2017-01-13,65.9000015258789,66.02999877929688,65.61000061035156,65.87999725341797,54.5518913269043,1888100
2017-01-17,65.91999816894531,67.18000030517578,65.87000274658203,67.0999984741211,55.562110900878906,5136600
2017-01-18,67.19999694824219,68.19000244140625,67.18000030517578,67.86000061035156,56.19142532348633,5127300
2017-01-19,67.48999786376953,67.55000305175781,66.91000366210938,67.04000091552734,55.83330535888672,2767900
2017-01-20,67.43000030517578,68.3499984741211,67.30999755859375,67.94999694824219,56.59119415283203,3940600
2017-01-23,67.69999694824219,67.87999725341797,67.5199966430664,67.55000305175781,56.258060455322266,2872900
2017-01-24,67.66999816894531,68.3499984741211,67.63999938964844,68.26000213623047,56.8493537902832,2786300
2017-01-25,68.19999694824219,68.44999694824219,68.0199966430664,68.43000030517578,56.9909553527832,3034800
2017-01-26,68.3499984741211,68.5,67.77999877929688,68.23999786376953,56.832706451416016,4655900
2017-01-27,65.0,65.05000305175781,63.43000030517578,64.68000030517578,53.8678092956543,14874900
2017-01-30,64.29000091552734,64.8499984741211,63.95000076293945,64.52999877929688,53.742889404296875,7992400
2017-01-31,64.52999877929688,65.08999633789062,64.33999633789062,64.58000183105469,53.78453063964844,6983200
2017-02-01,64.5,65.0,64.43000030517578,64.72000122070312,53.90113830566406,4915800
2017-02-02,65.08999633789062,66.0199966430664,64.81999969482422,65.68000030517578,54.700660705566406,7063600
2017-02-03,66.33999633789062,66.33999633789062,65.75,65.97000122070312,54.94218063354492,4478200
2017-02-06,66.08000183105469,66.08000183105469,65.44999694824219,65.48999786376953,54.542415618896484,2897500
2017-02-07,65.7300033569336,66.79000091552734,65.72000122070312,66.55999755859375,55.43354415893555,3255600
2017-02-08,66.66999816894531,66.98999786376953,66.4000015258789,66.58999633789062,55.458526611328125,3575100
2017-02-09,66.58999633789062,66.80999755859375,66.26000213623047,66.5999984741211,55.466861724853516,3223700
2017-02-10,66.66000366210938,67.8499984741211,66.47000122070312,67.72000122070312,56.39963150024414,5568100
2017-02-13,67.86000061035156,67.86000061035156,67.29000091552734,67.70999908447266,56.39131546020508,4798200
2017-02-14,67.5,68.12000274658203,67.19000244140625,67.73999786376953,56.416290283203125,5137800
2017-02-15,67.52999877929688,68.73999786376953,67.5199966430664,68.61000061035156,57.14086151123047,4576200
2017-02-16,68.61000061035156,69.04000091552734,68.02999877929688,69.0,57.46565628051758,5172700
2017-02-17,70.94999694824219,72.87000274658203,70.58000183105469,71.9800033569336,59.94753646850586,15036900
2017-02-21,72.76000213623047,73.9000015258789,72.63999938964844,73.18000030517578,60.946922302246094,10553800
2017-02-22,73.30000305175781,73.58000183105469,72.8499984741211,73.48999786376953,61.20509719848633,5811800
2017-02-23,73.87999725341797,75.08999633789062,73.79000091552734,74.44000244140625,61.99628448486328,7203800
2017-02-24,73.56999969482422,74.11000061035156,72.80999755859375,73.3499984741211,61.088497161865234,6461600
2017-02-27,72.69000244140625,73.0199966430664,72.18000030517578,72.6500015258789,60.5055046081543,5201400
2017-02-28,72.66999816894531,73.56999969482422,72.41000366210938,72.9800033569336,60.78036880493164,4497900
2017-03-01,73.05000305175781,73.56999969482422,72.69999694824219,73.45999908447266,61.18012619018555,4093000
2017-03-02,72.98999786376953,73.80000305175781,72.69999694824219,73.73999786376953,61.41331481933594,4442400
2017-03-03,73.47000122070312,73.69999694824219,72.58000183105469,73.58999633789062,61.28839111328125,3807700
2017-03-06,73.23999786376953,73.8499984741211,73.1500015258789,73.79000091552734,61.4549446105957,3994700
2017-03-07,73.5999984741211,73.88999938964844,73.54000091552734,73.72000122070312,61.39664077758789,3216200
2017-03-08,73.31999969482422,73.77999877929688,73.13999938964844,73.16000366210938,60.93025207519531,4141700
2017-03-09,73.41000366210938,73.6500015258789,73.11000061035156,73.37000274658203,61.10515213012695,4049600
2017-03-10,73.73999786376953,74.33999633789062,73.44999694824219,74.26000213623047,61.84638214111328,3375600
2017-03-13,73.91999816894531,74.2699966430664,73.75,73.9000015258789,61.546546936035156,3024500
2017-03-14,73.55999755859375,74.05999755859375,73.48999786376953,73.6500015258789,61.3383674621582,3502300
2017-03-15,73.58999633789062,74.0999984741211,73.33000183105469,73.94000244140625,61.57988357543945,4176100
2017-03-16,73.83000183105469,74.02999877929688,73.56999969482422,73.9000015258789,61.546546936035156,3182200
2017-03-17,74.0199966430664,74.2699966430664,73.70999908447266,73.95999908447266,61.596527099609375,5099000
2017-03-20,73.80000305175781,73.98999786376953,73.58000183105469,73.80000305175781,61.46328353881836,2796100
2017-03-21,73.95999908447266,74.01000213623047,73.5,73.69999694824219,61.3800163269043,3694700
2017-03-22,74.01000213623047,74.25,73.45999908447266,73.68000030517578,61.363338470458984,2810900
2017-03-23,73.61000061035156,74.44000244140625,73.5199966430664,73.91999816894531,61.56321716308594,2843700
2017-03-24,73.91999816894531,74.0,73.3499984741211,73.66999816894531,61.35500717163086,2621900
2017-03-27,73.41000366210938,73.73999786376953,73.02999877929688,73.43000030517578,61.15510940551758,3052400
2017-03-28,73.22000122070312,74.02999877929688,73.08999633789062,73.7699966430664,61.43827438354492,3605200
2017-03-29,73.58999633789062,73.83000183105469,73.44000244140625,73.55999755859375,61.26339340209961,2450200
2017-03-30,73.31999969482422,73.55000305175781,73.11000061035156,73.2300033569336,60.988582611083984,2346000
2017-03-31,72.9800033569336,73.51000213623047,72.77999877929688,73.19000244140625,60.95524978637695,2849500
2017-04-03,73.0999984741211,73.6500015258789,72.98999786376953,73.37000274658203,61.10515213012695,3397000
2017-04-04,73.5,73.7699966430664,73.18000030517578,73.62000274658203,61.31337356567383,4043800
2017-04-05,73.55000305175781,74.05000305175781,73.30999755859375,73.45999908447266,61.18012619018555,3882300
2017-04-06,73.4000015258789,73.69999694824219,72.95999908447266,73.12999725341797,60.9052848815918,4064700
2017-04-07,73.18000030517578,73.88999938964844,72.93000030517578,73.44999694824219,61.171783447265625,3250900
2017-04-10,73.38999938964844,73.95999908447266,73.20999908447266,73.7300033569336,61.404972076416016,2230900
2017-04-11,73.63999938964844,73.95999908447266,73.43000030517578,73.69999694824219,61.3800163269043,2517900
2017-04-12,73.62999725341797,74.0999984741211,73.44000244140625,74.0,61.62984848022461,2816600
2017-04-13,73.70999908447266,73.91000366210938,73.58000183105469,73.66000366210938,61.346675872802734,2334200
2017-04-17,73.63999938964844,74.16999816894531,73.5199966430664,74.06999969482422,61.68815231323242,1949500
2017-04-18,74.06999969482422,74.87999725341797,73.97000122070312,74.37000274658203,61.93799591064453,3914500
2017-04-19,73.80999755859375,73.88999938964844,73.22000122070312,73.38999938964844,61.452335357666016,3246100
2017-04-20,73.33999633789062,73.5199966430664,72.94999694824219,73.18000030517578,61.27649688720703,3114700
2017-04-21,73.02999877929688,73.38999938964844,72.91999816894531,73.0199966430664,61.14250946044922,2718200
2017-04-24,73.29000091552734,73.76000213623047,73.20999908447266,73.66000366210938,61.67841720581055,3311300
2017-04-25,73.91000366210938,74.37000274658203,73.7300033569336,74.22000122070312,62.14733123779297,3623100
2017-04-26,74.16000366210938,74.16000366210938,73.45999908447266,73.5,61.5444450378418,3244900
2017-04-27,73.5199966430664,73.8499984741211,73.25,73.30000305175781,61.37697982788086,3907000
2017-04-28,71.18000030517578,72.54000091552734,70.16999816894531,72.04000091552734,60.321922302246094,7466000
2017-05-01,72.29000091552734,72.55999755859375,71.7699966430664,71.80000305175781,60.120967864990234,3369900
2017-05-02,72.0199966430664,72.11000061035156,70.75,70.76000213623047,59.25012969970703,4405700
2017-05-03,70.9000015258789,71.18000030517578,70.66000366210938,71.08000183105469,59.5180778503418,3703900
2017-05-04,71.4000015258789,72.22000122070312,71.0999984741211,71.94999694824219,60.24656677246094,4348300
2017-05-05,72.01000213623047,72.13999938964844,71.54000091552734,71.80999755859375,60.12934112548828,2700400
2017-05-08,71.83000183105469,72.08000183105469,71.6500015258789,71.83999633789062,60.15446090698242,2177600
2017-05-09,71.8499984741211,72.12000274658203,71.37000274658203,71.5,59.8697509765625,2251200
2017-05-10,71.47000122070312,71.9000015258789,71.2699966430664,71.80000305175781,60.120967864990234,3240200
2017-05-11,71.4800033569336,71.66000366210938,71.33000183105469,71.62000274658203,59.97025680541992,2538000
2017-05-12,71.5999984741211,71.66999816894531,71.18000030517578,71.25,59.66042709350586,1972800
2017-05-15,71.30000305175781,71.83999633789062,71.27999877929688,71.6500015258789,59.995361328125,2489600
2017-05-16,71.77999877929688,71.9800033569336,71.54000091552734,71.58000183105469,59.936763763427734,2907500
2017-05-17,71.58000183105469,76.86000061035156,71.58000183105469,75.69000244140625,63.37822723388672,18843900
2017-05-18,73.97000122070312,74.9000015258789,73.0199966430664,73.93000030517578,61.90449142456055,7494600
2017-05-19,74.2699966430664,75.9000015258789,74.01000213623047,74.81999969482422,62.64971923828125,6902700
2017-05-22,75.0,75.2300033569336,74.18000030517578,74.27999877929688,62.19755554199219,4182700
2017-05-23,74.36000061035156,74.77999877929688,73.73999786376953,73.83999633789062,61.82912063598633,2799700
2017-05-24,74.05000305175781,74.72000122070312,73.93000030517578,74.5999984741211,62.46553039550781,2595700
2017-05-25,74.75,75.58000183105469,74.6500015258789,75.37000274658203,63.11027145385742,3410500
2017-05-26,75.18000030517578,75.62999725341797,75.11000061035156,75.44999694824219,63.17723083496094,2153800
2017-05-30,75.5199966430664,76.16000366210938,75.23999786376953,76.08999633789062,63.71314239501953,4698400
2017-05-31,76.19000244140625,76.83000183105469,76.06999969482422,76.36000061035156,63.939231872558594,6266700
2017-06-01,76.5,76.69000244140625,76.05000305175781,76.69000244140625,64.21556854248047,2638400
2017-06-02,77.0,77.11000061035156,76.5,77.11000061035156,64.5672378540039,2305000
2017-06-05,77.0,77.26000213623047,76.55000305175781,77.2300033569336,64.6677017211914,2091500
2017-06-06,77.0,77.25,76.62000274658203,77.0,64.4751205444336,2544500
2017-06-07,77.0,77.2699966430664,76.80999755859375,77.16000366210938,64.60909271240234,2099500
2017-06-08,77.16000366210938,77.16000366210938,75.5199966430664,75.79000091552734,63.46195602416992,3361600
2017-06-09,75.8499984741211,76.08999633789062,75.36000061035156,75.7699966430664,63.4452018737793,2985600
2017-06-12,75.86000061035156,76.0,75.08000183105469,75.55000305175781,63.261009216308594,2571700
2017-06-13,75.29000091552734,75.80999755859375,75.05999755859375,75.69000244140625,63.37822723388672,2591000
2017-06-14,76.16999816894531,76.3499984741211,75.5999984741211,75.87999725341797,63.53730392456055,2532800
2017-06-15,75.70999908447266,76.56999969482422,75.5199966430664,76.3499984741211,63.93085861206055,2226500
2017-06-16,76.0,76.5999984741211,75.80000305175781,76.30999755859375,63.89736557006836,3813700
2017-06-19,76.5,76.9000015258789,76.08999633789062,76.9000015258789,64.39136505126953,2889900
2017-06-20,76.87000274658203,77.23999786376953,76.33000183105469,76.3499984741211,63.93085861206055,2383200
2017-06-21,76.3499984741211,76.36000061035156,75.55999755859375,75.68000030517578,63.36982727050781,2522800
2017-06-22,75.69999694824219,75.86000061035156,75.41000366210938,75.52999877929688,63.24425506591797,2373500
2017-06-23,75.62999725341797,76.4800033569336,75.44999694824219,75.91999816894531,63.5708122253418,3114300
2017-06-26,76.1500015258789,76.19000244140625,75.80999755859375,75.88999938964844,63.5456657409668,1906700
2017-06-27,75.83000183105469,75.97000122070312,75.33000183105469,75.37000274658203,63.11027145385742,3541100
2017-06-28,75.69000244140625,75.83000183105469,75.0,75.08999633789062,62.87582015991211,2078600
2017-06-29,74.81999969482422,75.04000091552734,74.04000091552734,74.12000274658203,62.0635871887207,2882800
2017-06-30,74.30999755859375,74.47000122070312,74.12000274658203,74.12999725341797,62.071964263916016,3619100
2017-07-03,74.33999633789062,74.47000122070312,73.93000030517578,73.94000244140625,61.912872314453125,1489900
2017-07-05,74.0,74.19000244140625,73.70999908447266,73.76000213623047,61.762149810791016,2197400
2017-07-06,73.68000030517578,74.0,73.30000305175781,73.44999694824219,61.5025634765625,2854000
2017-07-07,73.69000244140625,73.76000213623047,73.1500015258789,73.33999633789062,61.41046905517578,2670400
2017-07-10,73.2699966430664,73.69000244140625,72.80999755859375,73.08000183105469,61.19275665283203,2427900
2017-07-11,73.08999633789062,73.0999984741211,72.33999633789062,72.4000015258789,60.623355865478516,3099000
2017-07-12,72.75,72.86000061035156,72.22000122070312,72.27999877929688,60.52287673950195,2192100
2017-07-13,72.20999908447266,72.58999633789062,71.79000091552734,72.2300033569336,60.48100662231445,3913500
2017-07-14,72.16999816894531,72.66999816894531,72.01000213623047,72.48999786376953,61.036739349365234,2484100
2017-07-17,72.41000366210938,72.87000274658203,72.13999938964844,72.58999633789062,61.12095642089844,3297000
2017-07-18,72.5999984741211,72.86000061035156,72.36000061035156,72.5199966430664,61.0620002746582,2872600
2017-07-19,72.41999816894531,72.68000030517578,72.29000091552734,72.48999786376953,61.036739349365234,2877400
2017-07-20,72.58999633789062,72.87999725341797,72.08000183105469,72.08999633789062,60.69993591308594,3683600
2017-07-21,69.80000305175781,73.68000030517578,69.77999877929688,73.2699966430664,61.69350814819336,7173300
2017-07-24,73.05999755859375,73.0999984741211,71.63999938964844,71.8499984741211,60.49785614013672,4678700
2017-07-25,72.33000183105469,72.33000183105469,71.47000122070312,72.05000305175781,60.6662712097168,3923400
2017-07-26,71.83000183105469,74.58999633789062,71.55999755859375,73.0,61.46617126464844,6080800
2017-07-27,73.19999694824219,73.4000015258789,72.33000183105469,72.94999694824219,61.4240608215332,4326500
2017-07-28,72.83000183105469,73.11000061035156,72.26000213623047,72.54000091552734,61.07883834838867,3407500
2017-07-31,72.44999694824219,72.77999877929688,72.18000030517578,72.19999694824219,60.79255676269531,3196200
2017-08-01,72.11000061035156,72.29000091552734,71.62000274658203,71.69999694824219,60.37155532836914,3052900
2017-08-02,71.58999633789062,71.91999816894531,71.16000366210938,71.62000274658203,60.30421829223633,3059500
2017-08-03,71.9000015258789,72.0,71.4000015258789,71.5999984741211,60.28737258911133,2660200
2017-08-04,71.83999633789062,71.87999725341797,71.2699966430664,71.4800033569336,60.18632125854492,2297300
2017-08-07,71.45999908447266,71.81999969482422,71.2699966430664,71.73999786376953,60.40523910522461,2049200
2017-08-08,71.72000122070312,72.08000183105469,71.54000091552734,71.69999694824219,60.37155532836914,1909000
2017-08-09,71.56999969482422,71.93000030517578,71.4800033569336,71.56999969482422,60.262088775634766,2486500
2017-08-10,71.4000015258789,71.83999633789062,71.20999908447266,71.55000305175781,60.24525451660156,2567900
2017-08-11,71.77999877929688,71.87999725341797,71.2300033569336,71.26000213623047,60.00107192993164,2023500
2017-08-14,71.4800033569336,71.68000030517578,71.2699966430664,71.44999694824219,60.16105651855469,3043200
2017-08-15,71.44999694824219,72.01000213623047,71.44999694824219,71.80000305175781,60.45576477050781,2307900
2017-08-16,71.79000091552734,72.0,71.51000213623047,71.93000030517578,60.56523132324219,2258600
2017-08-17,71.98999786376953,72.3499984741211,71.2699966430664,71.30000305175781,60.0347785949707,3250900
2017-08-18,71.33999633789062,71.5199966430664,71.01000213623047,71.0199966430664,59.79898452758789,3317600
2017-08-21,71.08000183105469,71.75,71.08000183105469,71.61000061035156,60.295780181884766,2436300
2017-08-22,71.68000030517578,71.95999908447266,71.44999694824219,71.63999938964844,60.321048736572266,2360600
2017-08-23,71.5,71.5,71.05999755859375,71.22000122070312,59.96739196777344,2148100
2017-08-24,71.33999633789062,71.41999816894531,70.69000244140625,70.77999877929688,59.596920013427734,3685800
2017-08-25,71.12000274658203,71.51000213623047,70.87999725341797,71.1500015258789,59.908470153808594,2162200
2017-08-28,71.27999877929688,71.33000183105469,70.66000366210938,70.9000015258789,59.69795608520508,3106100
2017-08-29,70.77999877929688,71.86000061035156,70.66999816894531,71.30000305175781,60.0347785949707,2691800
2017-08-30,71.0999984741211,71.26000213623047,70.77999877929688,70.94999694824219,59.74004364013672,2076800
2017-08-31,71.04000091552734,71.73999786376953,71.04000091552734,71.63999938964844,60.321048736572266,2947800
2017-09-01,71.66000366210938,71.75,71.04000091552734,71.30000305175781,60.0347785949707,2132400
2017-09-05,71.0999984741211,71.44000244140625,70.7699966430664,71.11000061035156,59.874778747558594,2795100
2017-09-06,71.11000061035156,71.77999877929688,70.9800033569336,71.48999786376953,60.19473648071289,3007800
2017-09-07,71.44999694824219,71.72000122070312,71.11000061035156,71.55999755859375,60.2536735534668,2124600
2017-09-08,71.31999969482422,72.29000091552734,71.11000061035156,71.81999969482422,60.472599029541016,2952600
2017-09-11,71.81999969482422,72.1500015258789,71.72000122070312,72.0199966430664,60.641014099121094,2351700
2017-09-12,72.0,72.47000122070312,71.86000061035156,71.94999694824219,60.582061767578125,1413700
2017-09-13,71.94000244140625,72.08999633789062,71.55000305175781,71.6500015258789,60.32946014404297,1806600
2017-09-14,71.56999969482422,72.19000244140625,71.4000015258789,72.13999938964844,60.742042541503906,2011400
2017-09-15,72.33000183105469,72.62000274658203,71.72000122070312,72.27999877929688,60.85991668701172,4662400
2017-09-18,72.27999877929688,72.52999877929688,72.0,72.38999938964844,60.952552795410156,1950900
2017-09-19,72.52999877929688,73.08000183105469,72.37000274658203,72.80999755859375,61.30617141723633,2727900
2017-09-20,72.8499984741211,73.22000122070312,72.0999984741211,72.55000305175781,61.08727264404297,2084100
2017-09-21,72.5,72.66000366210938,71.30999755859375,71.37000274658203,60.09370422363281,2378700
2017-09-22,71.37999725341797,71.6500015258789,71.0,71.19000244140625,59.94213104248047,2533300
2017-09-25,73.05000305175781,73.91000366210938,72.61000061035156,73.0,61.46617126464844,7226300
2017-09-26,73.0,73.54000091552734,72.55999755859375,73.38999938964844,61.79454803466797,3307000
2017-09-27,73.18000030517578,73.43000030517578,72.33000183105469,73.08000183105469,61.53352737426758,4255400
2017-09-28,72.97000122070312,73.41000366210938,72.8499984741211,73.1500015258789,61.592464447021484,2956800
2017-09-29,73.12999725341797,73.29000091552734,72.7699966430664,72.8499984741211,61.3398551940918,2968400
2017-10-02,73.0199966430664,73.43000030517578,72.9000015258789,72.94999694824219,61.4240608215332,2554400
2017-10-03,72.77999877929688,72.98999786376953,72.36000061035156,72.44000244140625,60.994632720947266,2310000
2017-10-04,72.3499984741211,73.33000183105469,72.31999969482422,72.87999725341797,61.36511993408203,2345300
2017-10-05,73.06999969482422,73.61000061035156,73.04000091552734,73.20999908447266,61.642982482910156,3037200
2017-10-06,73.06999969482422,73.19999694824219,72.48999786376953,72.72000122070312,61.23039627075195,1771000
2017-10-09,72.80999755859375,72.95999908447266,72.22000122070312,72.36000061035156,60.92728805541992,1513900
2017-10-10,72.6500015258789,73.31999969482422,72.51000213623047,72.9000015258789,61.3819580078125,2078600
2017-10-11,74.44000244140625,75.1500015258789,74.13999938964844,74.7300033569336,62.922813415527344,6491400
2017-10-12,74.69000244140625,75.2699966430664,74.22000122070312,75.16000366210938,63.28489685058594,3172500
2017-10-13,75.4800033569336,76.02999877929688,75.26000213623047,75.98999786376953,63.98375701904297,3761300
2017-10-16,75.88999938964844,76.0999984741211,75.31999969482422,75.75,63.78166580200195,2229600
2017-10-17,75.5,75.52999877929688,74.62000274658203,74.95999908447266,63.11648941040039,3217600
2017-10-18,74.81999969482422,74.8499984741211,74.26000213623047,74.44000244140625,62.678646087646484,2682100
2017-10-19,73.83999633789062,74.0,72.9800033569336,73.13999938964844,61.58403778076172,4369200
2017-10-20,72.6500015258789,73.05000305175781,72.0,72.31999969482422,61.22846221923828,4317700
2017-10-23,72.04000091552734,72.5,71.77999877929688,72.19000244140625,61.1183967590332,4308200
2017-10-24,72.1500015258789,72.19000244140625,71.62000274658203,71.83999633789062,60.822086334228516,4000100
2017-10-25,71.7300033569336,71.81999969482422,70.73999786376953,71.41999816894531,60.466495513916016,3944700
2017-10-26,71.7699966430664,72.16999816894531,71.0999984741211,71.20999908447266,60.28870391845703,4020700
2017-10-27,70.4000015258789,70.9000015258789,69.13999938964844,70.4000015258789,59.60292434692383,8704000
2017-10-30,70.13999938964844,70.4800033569336,69.05000305175781,69.19999694824219,58.58694839477539,4444500
2017-10-31,69.3499984741211,70.5199966430664,69.0999984741211,70.44999694824219,59.645259857177734,4734000
2017-11-01,70.72000122070312,70.9000015258789,70.38999938964844,70.55999755859375,59.73838806152344,3279600
2017-11-02,70.62999725341797,71.11000061035156,70.0199966430664,70.94000244140625,60.06012725830078,4638200
2017-11-03,70.9800033569336,71.13999938964844,70.04000091552734,70.1500015258789,59.391273498535156,2506100
2017-11-06,70.2699966430664,70.62999725341797,69.75,70.25,59.475929260253906,3197200
2017-11-07,70.27999877929688,71.0999984741211,69.86000061035156,70.9000015258789,60.0262336730957,3351200
2017-11-08,73.1500015258789,73.62000274658203,72.5199966430664,73.2699966430664,62.032752990722656,5569100
2017-11-09,72.95999908447266,73.37999725341797,72.5199966430664,72.91000366210938,61.727962493896484,4411400
2017-11-10,72.56999969482422,73.45999908447266,72.51000213623047,73.20999908447266,61.98196029663086,2523700
2017-11-13,73.26000213623047,73.83000183105469,73.0,73.69999694824219,62.39682388305664,2511500
2017-11-14,73.45999908447266,73.66000366210938,73.12000274658203,73.45999908447266,62.19361877441406,2970100
2017-11-15,73.45999908447266,73.47000122070312,72.41999816894531,72.4800033569336,61.363914489746094,3063900
2017-11-16,72.83000183105469,73.0,72.30999755859375,72.62999725341797,61.49090576171875,3689200
2017-11-17,72.30999755859375,72.62000274658203,71.77999877929688,71.88999938964844,60.86439514160156,4627400
2017-11-20,71.94000244140625,72.41000366210938,71.87000274658203,72.06999969482422,61.01681900024414,2799500
2017-11-21,72.2300033569336,72.72000122070312,72.08999633789062,72.22000122070312,61.143829345703125,2831900
2017-11-22,72.27999877929688,72.51000213623047,71.58000183105469,71.75,60.745872497558594,2951100
2017-11-24,71.93000030517578,72.3499984741211,71.93000030517578,72.01000213623047,60.96601104736328,988500
2017-11-27,72.29000091552734,72.45999908447266,71.91000366210938,72.0,60.95752716064453,3295100
2017-11-28,72.30999755859375,72.83999633789062,72.25,72.76000213623047,61.600982666015625,2703600
2017-11-29,71.41999816894531,72.72000122070312,71.30999755859375,72.01000213623047,60.96601104736328,3646400
2017-11-30,71.91000366210938,72.97000122070312,71.91000366210938,72.44999694824219,61.33851623535156,4557500
2017-12-01,72.51000213623047,73.08000183105469,71.93000030517578,73.04000091552734,61.83802795410156,4478100
2017-12-04,73.08999633789062,74.62999725341797,72.94999694824219,74.5199966430664,63.091033935546875,3615800
2017-12-05,74.62999725341797,74.81999969482422,74.01000213623047,74.58999633789062,63.15031433105469,3463200
2017-12-06,74.36000061035156,74.75,74.12000274658203,74.25,62.862457275390625,2698300
2017-12-07,73.94000244140625,74.22000122070312,73.13999938964844,73.19999694824219,61.97348403930664,3696200
2017-12-08,73.16000366210938,73.3499984741211,72.69999694824219,73.31999969482422,62.075077056884766,3048000
2017-12-11,73.13999938964844,73.27999877929688,72.48999786376953,73.16999816894531,61.94809341430664,4432500
2017-12-12,73.16000366210938,73.16000366210938,72.41000366210938,72.48999786376953,61.372379302978516,3296600
2017-12-13,72.69000244140625,73.80000305175781,72.63999938964844,73.3499984741211,62.10049057006836,3817700
2017-12-14,73.3499984741211,73.5,73.01000213623047,73.23999786376953,62.007354736328125,1873600
2017-12-15,73.8499984741211,74.66000366210938,73.81999969482422,74.05000305175781,62.69313430786133,4444600
2017-12-18,74.1500015258789,74.7699966430664,73.9800033569336,73.98999786376953,62.642330169677734,3252200
2017-12-19,74.69999694824219,75.5,74.66999816894531,74.8499984741211,63.370445251464844,4352200
2017-12-20,75.29000091552734,75.33999633789062,74.38999938964844,74.5199966430664,63.091033935546875,3770400
2017-12-21,74.83000183105469,75.08999633789062,74.58000183105469,74.66000366210938,63.20957946777344,1916600
2017-12-22,74.98999786376953,75.29000091552734,74.73999786376953,75.1500015258789,63.62443923950195,2186200
2017-12-26,75.1500015258789,75.72000122070312,75.0,75.4800033569336,63.90380859375,1213900
2017-12-27,75.58000183105469,75.69999694824219,75.26000213623047,75.37000274658203,63.8106803894043,1227600
2017-12-28,75.38999938964844,75.54000091552734,74.9800033569336,75.13999938964844,63.6159553527832,1506100
2017-12-29,75.33000183105469,75.69000244140625,75.27999877929688,75.44999694824219,63.878395080566406,1905200
2018-01-02,75.43000030517578,76.0,74.83999633789062,75.13999938964844,63.6159553527832,4352500
2018-01-03,75.11000061035156,75.72000122070312,74.66000366210938,74.8499984741211,63.370445251464844,3310000
2018-01-04,75.05000305175781,75.95999908447266,74.9800033569336,75.33000183105469,63.77683639526367,2501700
2018-01-05,75.5,75.58000183105469,75.13999938964844,75.41999816894531,63.85301208496094,2852800
2018-01-08,75.16000366210938,75.62999725341797,75.0,75.52999877929688,63.94615173339844,1688600
2018-01-09,75.58000183105469,75.87000274658203,75.25,75.63999938964844,64.03927612304688,2518300
2018-01-10,75.19999694824219,75.4800033569336,74.48999786376953,74.81999969482422,63.34503936767578,3138300
2018-01-11,74.95999908447266,74.98999786376953,74.37999725341797,74.55000305175781,63.1164665222168,2007400
2018-01-12,74.76000213623047,74.83000183105469,74.20999908447266,74.62000274658203,63.175716400146484,2338200
2018-01-16,74.94000244140625,75.7300033569336,74.5999984741211,75.41999816894531,63.85301208496094,4580500
2018-01-17,75.81999969482422,77.12000274658203,75.66999816894531,76.68000030517578,64.9197769165039,3455200
2018-01-18,76.72000122070312,77.29000091552734,76.3499984741211,76.62999725341797,64.8774185180664,4040100
2018-01-19,76.95999908447266,77.91000366210938,76.80000305175781,77.5,65.61398315429688,4480600
2018-01-22,76.87000274658203,77.55000305175781,76.63999938964844,77.37999725341797,65.852294921875,2824700
2018-01-23,77.0,77.16999816894531,76.37000274658203,76.9000015258789,65.44379425048828,3388900
2018-01-24,76.98999786376953,77.1500015258789,76.44999694824219,76.80000305175781,65.35871124267578,3767900
2018-01-25,77.06999969482422,77.36000061035156,76.62000274658203,77.30999755859375,65.79271697998047,4236300
2018-01-26,73.83999633789062,74.29000091552734,72.44999694824219,73.55999755859375,62.60138702392578,13162400
2018-01-29,73.41000366210938,74.4000015258789,72.83000183105469,73.79000091552734,62.797115325927734,8636800
2018-01-30,73.77999877929688,74.76000213623047,73.12000274658203,74.66999816894531,63.5460319519043,6027700
2018-01-31,74.7699966430664,74.7699966430664,73.13999938964844,74.23999786376953,63.18008041381836,5458900
2018-02-01,74.33000183105469,74.62999725341797,73.18000030517578,73.33000183105469,62.405635833740234,3900300
2018-02-02,72.98999786376953,73.1500015258789,72.29000091552734,72.43000030517578,61.63973617553711,5130500
2018-02-05,72.33999633789062,72.9800033569336,69.77999877929688,69.80999755859375,59.4100341796875,6278000
2018-02-06,69.0999984741211,71.04000091552734,68.19000244140625,70.41000366210938,59.920650482177734,6903800
2018-02-07,70.4000015258789,71.04000091552734,70.0199966430664,70.16999816894531,59.71641540527344,4413200
2018-02-08,70.16999816894531,70.29000091552734,68.94000244140625,68.94999694824219,58.67816162109375,4875200
2018-02-09,69.54000091552734,70.05999755859375,68.48999786376953,69.76000213623047,59.36750030517578,6097600
2018-02-12,70.01000213623047,70.87000274658203,69.73999786376953,70.19000244140625,59.73344039916992,3457600
2018-02-13,69.94999694824219,70.44999694824219,69.69000244140625,70.30000305175781,59.82704162597656,3528600
2018-02-14,69.77999877929688,70.02999877929688,69.0,69.62000274658203,59.24837112426758,3579200
2018-02-15,69.81999969482422,71.22000122070312,69.5,71.22000122070312,60.609989166259766,3617100
2018-02-16,70.94000244140625,71.83999633789062,70.80999755859375,71.45999908447266,60.81422424316406,4421700
2018-02-20,70.80000305175781,70.97000122070312,69.79000091552734,70.02999877929688,59.59727478027344,3016700
2018-02-21,69.9800033569336,70.44999694824219,69.13999938964844,69.13999938964844,58.839866638183594,2749100
2018-02-22,69.27999877929688,69.77999877929688,69.16000366210938,69.38999938964844,59.0526123046875,3162100
2018-02-23,69.76000213623047,70.30000305175781,69.4000015258789,70.30000305175781,59.82704162597656,2398500
2018-02-26,70.7699966430664,71.12999725341797,70.48999786376953,71.06999969482422,60.48233413696289,2844700
2018-02-27,71.18000030517578,71.29000091552734,69.91999816894531,69.91999816894531,59.503639221191406,3071100
2018-02-28,70.30000305175781,70.36000061035156,68.97000122070312,68.97000122070312,58.6951904296875,3796000
2018-03-01,68.87000274658203,69.45999908447266,68.38999938964844,68.86000061035156,58.6015739440918,4997400
2018-03-02,68.5,69.38999938964844,68.5,69.2699966430664,58.95048522949219,3189300
2018-03-05,68.98999786376953,70.1500015258789,68.97000122070312,70.06999969482422,59.63131332397461,3096900
2018-03-06,70.08999633789062,70.41000366210938,69.2300033569336,69.63999938964844,59.26536560058594,2948300
2018-03-07,69.08000183105469,69.9000015258789,69.01000213623047,69.68000030517578,59.299415588378906,3303300
2018-03-08,69.75,71.05000305175781,69.6500015258789,71.0199966430664,60.43977737426758,4134800
2018-03-09,71.1500015258789,71.56999969482422,70.76000213623047,71.23999786376953,60.62700653076172,2928200
2018-03-12,71.36000061035156,71.6500015258789,70.88999938964844,71.08000183105469,60.4908332824707,2975200
2018-03-13,71.23999786376953,71.4000015258789,70.51000213623047,70.87000274658203,60.31211853027344,4666500
2018-03-14,70.87999725341797,70.9800033569336,69.70999908447266,69.98999786376953,59.56322479248047,4161400
2018-03-15,70.02999877929688,70.20999908447266,69.30000305175781,69.55999755859375,59.19728469848633,3040000
2018-03-16,69.62999725341797,69.97000122070312,69.44000244140625,69.62000274658203,59.24837112426758,7050400
2018-03-19,69.97000122070312,71.30000305175781,69.77999877929688,70.05999755859375,59.622798919677734,3776900
2018-03-20,70.22000122070312,70.55999755859375,69.33000183105469,69.69000244140625,59.30791473388672,2403300
2018-03-21,69.63999938964844,69.66999816894531,68.58000183105469,68.69000244140625,58.45690155029297,4184500
2018-03-22,68.55000305175781,69.58000183105469,68.55000305175781,68.81999969482422,58.56753158569336,4115800
2018-03-23,68.91999816894531,69.47000122070312,68.26000213623047,68.37999725341797,58.193077087402344,3743700
2018-03-26,68.87999725341797,69.11000061035156,67.86000061035156,68.19000244140625,58.03137969970703,3271100
2018-03-27,68.19000244140625,69.8499984741211,68.19000244140625,69.27999877929688,58.9589958190918,3760200
2018-03-28,69.55000305175781,71.05999755859375,69.55000305175781,70.80000305175781,60.2525520324707,4174400
2018-03-29,71.12000274658203,72.29000091552734,71.02999877929688,71.68000030517578,61.00144958496094,4829800
2018-04-02,71.31999969482422,71.66999816894531,69.91999816894531,70.1500015258789,59.69939422607422,4109300
2018-04-03,70.30999755859375,71.05999755859375,69.97000122070312,70.94999694824219,60.38021469116211,3717400
2018-04-04,70.5199966430664,72.01000213623047,70.31999969482422,71.6500015258789,60.97593307495117,3569200
2018-04-05,71.66999816894531,72.16000366210938,71.36000061035156,71.80999755859375,61.112091064453125,3294400
2018-04-06,71.6500015258789,72.41000366210938,71.13999938964844,71.63999938964844,60.96741485595703,2922600
2018-04-09,72.0,72.0,71.20999908447266,71.41999816894531,60.78019714355469,2665100
2018-04-10,71.61000061035156,72.01000213623047,71.16999816894531,71.7300033569336,61.04400634765625,2901800
2018-04-11,71.55999755859375,71.88999938964844,71.05000305175781,71.37999725341797,60.74615478515625,4078500
2018-04-12,71.51000213623047,71.8499984741211,70.8499984741211,70.94000244140625,60.3717155456543,2681900
2018-04-13,71.01000213623047,71.66000366210938,70.91000366210938,71.5999984741211,60.93337631225586,3847900
2018-04-16,71.94999694824219,72.52999877929688,71.70999908447266,72.44000244140625,61.64824676513672,4089800
2018-04-17,72.51000213623047,72.52999877929688,71.83999633789062,72.2300033569336,61.469520568847656,3307300
2018-04-18,72.30000305175781,72.61000061035156,72.04000091552734,72.08000183105469,61.341861724853516,3840600
2018-04-19,70.95999908447266,70.9800033569336,69.44000244140625,69.7699966430664,59.724002838134766,5536900
2018-04-20,69.56999969482422,69.75,67.43000030517578,67.5199966430664,57.797969818115234,8636900
2018-04-23,67.19999694824219,67.3499984741211,66.01000213623047,66.37000274658203,56.813560485839844,7617300
2018-04-24,66.69000244140625,66.91000366210938,65.8499984741211,66.62999725341797,57.0361213684082,5004600
2018-04-25,66.4000015258789,67.05999755859375,66.23999786376953,66.41000366210938,56.84781265258789,4209700
2018-04-26,66.38999938964844,66.87999725341797,66.23999786376953,66.58999633789062,57.00187301635742,4860500
2018-04-27,65.88999938964844,67.12000274658203,64.83999633789062,66.58000183105469,56.99333190917969,6539200
2018-04-30,65.91999816894531,66.1500015258789,64.98999786376953,65.2300033569336,55.83771514892578,7395300
2018-05-01,64.77999877929688,65.38999938964844,64.62999725341797,65.0,55.64081573486328,4952300
2018-05-02,64.73999786376953,64.8499984741211,63.02000045776367,63.13999938964844,54.048641204833984,7998900
2018-05-03,63.04999923706055,63.75,62.84000015258789,63.31999969482422,54.20273208618164,6479800
2018-05-04,63.40999984741211,64.0199966430664,63.33000183105469,63.709999084472656,54.53656768798828,3904400
2018-05-07,63.869998931884766,64.01000213623047,62.790000915527344,62.81999969482422,53.774715423583984,4296300
2018-05-08,63.0099983215332,63.27000045776367,62.22999954223633,62.279998779296875,53.312469482421875,5336100
2018-05-09,62.529998779296875,62.65999984741211,61.75,61.90999984741211,52.995750427246094,5007100
2018-05-10,62.36000061035156,62.7599983215332,62.060001373291016,62.47999954223633,53.483673095703125,4036100
2018-05-11,62.810001373291016,63.5,62.5,62.709999084472656,53.68055725097656,4014400
2018-05-14,62.70000076293945,62.84000015258789,61.869998931884766,62.040000915527344,53.10703659057617,5345200
2018-05-15,61.790000915527344,61.900001525878906,61.279998779296875,61.650001525878906,52.77317428588867,6573100
2018-05-16,61.630001068115234,62.40999984741211,61.5,62.09000015258789,53.14982604980469,3813900
2018-05-17,62.209999084472656,62.380001068115234,61.81999969482422,62.290000915527344,53.32103729248047,4080900
2018-05-18,62.31999969482422,62.36000061035156,61.79999923706055,62.220001220703125,53.26111602783203,5046000
2018-05-21,62.4900016784668,62.7400016784668,62.16999816894531,62.25,53.28678894042969,4456000
2018-05-22,62.47999954223633,62.91999816894531,62.279998779296875,62.40999984741211,53.42374038696289,4308800
2018-05-23,62.400001525878906,63.0099983215332,62.22999954223633,62.720001220703125,53.689117431640625,3409500
2018-05-24,62.72999954223633,63.119998931884766,62.349998474121094,62.4900016784668,53.49222946166992,3433900
2018-05-25,63.2400016784668,64.04000091552734,63.060001373291016,63.75,54.57080841064453,5197700
2018-05-29,63.66999816894531,64.08000183105469,63.36000061035156,63.560001373291016,54.408164978027344,5033600
2018-05-30,63.7400016784668,64.62999725341797,63.470001220703125,64.38999938964844,55.1186637878418,4403700
2018-05-31,64.2300033569336,64.26000213623047,62.90999984741211,63.09000015258789,54.00584030151367,4738000
2018-06-01,63.25,63.439998626708984,62.279998779296875,62.689998626708984,53.663429260253906,3758600
2018-06-04,62.689998626708984,63.040000915527344,62.52000045776367,62.709999084472656,53.68055725097656,3441400
2018-06-05,62.75,62.810001373291016,62.2400016784668,62.290000915527344,53.32103729248047,3334800
2018-06-06,62.31999969482422,62.630001068115234,61.970001220703125,62.56999969482422,53.56071472167969,3390600
2018-06-07,62.31999969482422,63.56999969482422,62.099998474121094,62.7599983215332,53.723350524902344,5698500
2018-06-08,62.95000076293945,63.81999969482422,62.900001525878906,63.34000015258789,54.2198600769043,4782400
2018-06-11,63.349998474121094,63.90999984741211,63.349998474121094,63.75,54.57080841064453,3220300
2018-06-12,63.75,64.04000091552734,63.47999954223633,63.72999954223633,54.55368423461914,3355500
2018-06-13,63.779998779296875,63.93000030517578,62.970001220703125,63.060001373291016,53.980159759521484,4252400
2018-06-14,63.02000045776367,63.59000015258789,62.66999816894531,63.310001373291016,54.19416809082031,4312500
2018-06-15,63.279998779296875,64.7699966430664,63.25,64.7300033569336,55.40970993041992,9744900
2018-06-18,64.20999908447266,64.37000274658203,62.70000076293945,63.310001373291016,54.19416809082031,7904900
2018-06-19,64.01000213623047,64.56999969482422,63.630001068115234,64.0,54.784812927246094,4580300
2018-06-20,63.81999969482422,64.05000305175781,63.45000076293945,63.900001525878906,54.69921875,4898800
2018-06-21,63.68000030517578,63.900001525878906,63.2599983215332,63.4900016784668,54.34824752807617,3646000
2018-06-22,63.54999923706055,64.77999877929688,63.5099983215332,64.62999725341797,55.324092864990234,4871600
2018-06-25,64.31999969482422,65.25,64.19999694824219,65.11000061035156,55.73497772216797,4432500
2018-06-26,65.11000061035156,65.5,64.4800033569336,65.13999938964844,55.76066589355469,3900900
2018-06-27,65.1500015258789,65.66999816894531,64.63999938964844,64.70999908447266,55.39257049560547,4228800
2018-06-28,64.6500015258789,64.9800033569336,64.33000183105469,64.93000030517578,55.580909729003906,2891900
2018-06-29,65.0,65.29000091552734,64.51000213623047,64.80999755859375,55.478179931640625,4223700
2018-07-02,64.5999984741211,65.11000061035156,64.02999877929688,64.58000183105469,55.28129959106445,3057200
2018-07-03,65.16000366210938,65.2300033569336,64.5,64.66999816894531,55.35833740234375,2298400
2018-07-05,64.94000244140625,65.97000122070312,64.94000244140625,65.95999908447266,56.46259689331055,3670200
2018-07-06,65.9800033569336,66.25,65.62000274658203,65.77999877929688,56.30851364135742,3310800
2018-07-09,65.44999694824219,65.56999969482422,64.94999694824219,65.0,55.64081573486328,4102300
2018-07-10,65.0999984741211,65.7699966430664,64.69999694824219,65.7300033569336,56.265716552734375,2613800
2018-07-11,65.7300033569336,65.9000015258789,65.16999816894531,65.23999786376953,55.84626770019531,2345800
2018-07-12,65.22000122070312,65.62999725341797,64.97000122070312,65.16999816894531,55.78634262084961,2501300
2018-07-13,65.23999786376953,65.80999755859375,65.19000244140625,65.75,56.2828254699707,2684800
2018-07-16,65.58000183105469,65.66000366210938,65.0999984741211,65.62000274658203,56.171566009521484,2409100
2018-07-17,65.04000091552734,65.94999694824219,65.04000091552734,65.55999755859375,56.481693267822266,3120500
2018-07-18,65.11000061035156,65.52999877929688,64.36000061035156,64.80999755859375,55.8355598449707,3713500
2018-07-19,65.3499984741211,66.05000305175781,64.80000305175781,65.75,56.6453857421875,4346100
2018-07-20,65.6500015258789,66.12999725341797,65.38999938964844,65.94999694824219,56.81768798828125,3264300
2018-07-23,65.95999908447266,66.13999938964844,65.54000091552734,65.83999633789062,56.72291564941406,5332400
2018-07-24,65.5199966430664,65.70999908447266,64.93000030517578,65.2699966430664,56.23185729980469,5407100
2018-07-25,65.30999755859375,66.08000183105469,65.26000213623047,65.94999694824219,56.81768798828125,3334800
2018-07-26,66.0199966430664,67.91999816894531,66.0199966430664,66.94000244140625,57.67060470581055,5836700
2018-07-27,65.91999816894531,67.37999725341797,64.91999816894531,66.66000366210938,57.42937088012695,5497100
2018-07-30,65.43000030517578,66.6500015258789,65.36000061035156,66.45999908447266,57.257080078125,4801200
2018-07-31,66.5,67.3499984741211,66.43000030517578,67.01000213623047,57.730918884277344,4741600
2018-08-01,66.83000183105469,67.0,65.80000305175781,66.08000183105469,56.9296989440918,4375900
2018-08-02,66.13999938964844,67.43000030517578,66.12999725341797,67.23999786376953,57.92906188964844,3607800
2018-08-03,67.37000274658203,68.43000030517578,66.83000183105469,67.5,58.15304946899414,4324100
2018-08-06,67.44999694824219,67.61000061035156,67.18000030517578,67.37999725341797,58.04967498779297,2542400
2018-08-07,67.4000015258789,67.4000015258789,66.54000091552734,67.2300033569336,57.92045211791992,2181100
2018-08-08,67.06999969482422,67.16000366210938,66.56999969482422,66.58999633789062,57.36906433105469,1910500
2018-08-09,66.45999908447266,66.66999816894531,65.87999725341797,65.93000030517578,56.80047607421875,2979200
2018-08-10,65.76000213623047,65.8499984741211,65.2699966430664,65.43000030517578,56.36970901489258,2936600
2018-08-13,65.47000122070312,65.7699966430664,65.01000213623047,65.55000305175781,56.47309494018555,2725100
2018-08-14,65.55999755859375,65.9000015258789,65.48999786376953,65.5199966430664,56.44723892211914,2532400
2018-08-15,65.44000244140625,65.91000366210938,65.12000274658203,65.83000183105469,56.71432876586914,4245700
2018-08-16,66.05999755859375,66.86000061035156,66.05999755859375,66.72000122070312,57.4810676574707,3163000
2018-08-17,66.72000122070312,67.58999633789062,66.43000030517578,67.5,58.15304946899414,3523500
2018-08-20,67.62000274658203,67.88999938964844,67.58000183105469,67.66000366210938,58.290924072265625,2151800
2018-08-21,67.55999755859375,67.69000244140625,67.02999877929688,67.4000015258789,58.06691360473633,2323800
2018-08-22,67.4000015258789,67.44999694824219,66.98999786376953,66.98999786376953,57.71368408203125,2099900
2018-08-23,66.72000122070312,67.0999984741211,66.47000122070312,66.56999969482422,57.35184860229492,2460400
2018-08-24,66.55000305175781,67.01000213623047,66.33999633789062,66.87999725341797,57.618919372558594,2046000
2018-08-27,67.13999938964844,67.31999969482422,66.61000061035156,67.08999633789062,57.79983139038086,2078100
2018-08-28,67.27999877929688,67.4000015258789,66.68000030517578,66.77999877929688,57.532772064208984,2012100
2018-08-29,66.87000274658203,67.25,66.8499984741211,66.95999908447266,57.68784713745117,2322000
2018-08-30,66.75,66.9800033569336,66.04000091552734,66.23999786376953,57.067535400390625,2754000
2018-08-31,66.19999694824219,66.4800033569336,65.93000030517578,66.41000366210938,57.21400833129883,3257200
2018-09-04,65.73999786376953,65.98999786376953,65.01000213623047,65.2300033569336,56.19740295410156,4515900
2018-09-05,65.05000305175781,66.6500015258789,64.94999694824219,66.58999633789062,57.36906433105469,3977800
2018-09-06,66.33000183105469,67.16999816894531,66.08999633789062,67.0,57.72230529785156,3295100
2018-09-07,66.69999694824219,67.05999755859375,66.2699966430664,67.01000213623047,57.730918884277344,2980200
2018-09-10,67.01000213623047,67.63999938964844,67.0,67.16000366210938,57.860137939453125,3353200
2018-09-11,66.80000305175781,67.30000305175781,66.5999984741211,67.18000030517578,57.877384185791016,2985000
2018-09-12,67.08000183105469,68.0999984741211,67.06999969482422,67.9800033569336,58.56660079956055,2623100
2018-09-13,68.06999969482422,68.19000244140625,67.5,68.16000366210938,58.72166442871094,3093200
2018-09-14,68.19000244140625,68.30999755859375,67.72000122070312,67.98999786376953,58.57521057128906,1843300
2018-09-17,68.0,68.81999969482422,67.88999938964844,68.80999755859375,59.28166198730469,2874500
2018-09-18,68.76000213623047,68.86000061035156,68.19000244140625,68.26000213623047,58.807830810546875,2625300
2018-09-19,68.25,68.58999633789062,67.9000015258789,67.93000030517578,58.523521423339844,3017100
2018-09-20,68.30000305175781,69.05000305175781,68.22000122070312,68.79000091552734,59.26442337036133,3428700
2018-09-21,68.79000091552734,69.29000091552734,68.7699966430664,69.08999633789062,59.52290725708008,4687500
2018-09-24,68.9800033569336,69.16999816894531,67.8499984741211,67.94000244140625,58.53213882446289,2734100
2018-09-25,68.13999938964844,68.19999694824219,67.08000183105469,67.13999938964844,57.84291076660156,2347700
2018-09-26,67.25,67.80000305175781,67.01000213623047,67.0999984741211,57.80845260620117,2288700
2018-09-27,67.05000305175781,67.3499984741211,66.68000030517578,66.7300033569336,57.489688873291016,2498600
2018-09-28,66.7300033569336,66.94999694824219,66.61000061035156,66.94999694824219,57.67921447753906,2491400
2018-10-01,66.95999908447266,67.30999755859375,66.88999938964844,67.06999969482422,57.7826042175293,2116300
2018-10-02,67.13999938964844,67.80000305175781,66.95999908447266,67.38999938964844,58.05830001831055,2722600
2018-10-03,67.52999877929688,67.58000183105469,65.83000183105469,65.91999816894531,56.791847229003906,3764500
2018-10-04,65.44000244140625,65.45999908447266,64.5199966430664,64.91999816894531,55.9303092956543,3707900
2018-10-05,64.7699966430664,65.04000091552734,64.5999984741211,64.70999908447266,55.7494010925293,2972200
2018-10-08,64.66000366210938,65.55000305175781,64.51000213623047,65.3499984741211,56.300785064697266,4090800
2018-10-09,65.47000122070312,65.69000244140625,65.05999755859375,65.06999969482422,56.05955123901367,4603300
2018-10-10,64.54000091552734,65.37999725341797,63.79999923706055,63.83000183105469,54.99126052856445,4789000
2018-10-11,63.869998931884766,64.13999938964844,62.119998931884766,62.349998474121094,53.7161979675293,7242600
2018-10-12,62.63999938964844,62.900001525878906,61.90999984741211,62.540000915527344,53.87989044189453,4297100
2018-10-15,62.41999816894531,63.060001373291016,62.2400016784668,62.54999923706055,53.88850402832031,3439100
2018-10-16,62.709999084472656,62.93000030517578,62.41999816894531,62.61000061035156,53.94020080566406,3226000
2018-10-17,62.16999816894531,63.619998931884766,62.02000045776367,63.54999923706055,54.750038146972656,5446700
2018-10-18,62.79999923706055,63.130001068115234,62.33000183105469,62.63999938964844,54.3250732421875,3947300
2018-10-19,64.41999816894531,65.52999877929688,64.25,64.5199966430664,55.95551681518555,6907700
2018-10-22,64.55999755859375,64.79000091552734,63.4900016784668,63.63999938964844,55.19233703613281,3051800
2018-10-23,63.2400016784668,63.720001220703125,62.7599983215332,63.400001525878906,54.98419189453125,3766000
2018-10-24,63.380001068115234,65.37000274658203,63.369998931884766,64.63999938964844,56.059593200683594,6235600
2018-10-25,64.81999969482422,65.04000091552734,63.61000061035156,63.81999969482422,55.34843444824219,6263100
2018-10-26,61.4900016784668,62.2599983215332,59.2599983215332,59.58000183105469,51.671260833740234,9628700
2018-10-29,59.130001068115234,59.810001373291016,57.40999984741211,57.880001068115234,50.19692611694336,9710000
2018-10-30,58.310001373291016,60.310001373291016,57.939998626708984,60.189998626708984,52.200286865234375,8210200
2018-10-31,60.099998474121094,60.22999954223633,58.709999084472656,59.54999923706055,51.6452522277832,8714200
2018-11-01,59.630001068115234,60.47999954223633,59.31999969482422,60.08000183105469,52.104888916015625,4764100
2018-11-02,60.90999984741211,60.90999984741211,59.869998931884766,60.290000915527344,52.28702163696289,5253500
2018-11-05,60.15999984741211,61.11000061035156,59.68000030517578,60.22999954223633,52.2349853515625,7833700
2018-11-06,60.27000045776367,61.099998474121094,60.130001068115234,60.5099983215332,52.47781753540039,5171700
2018-11-07,60.790000915527344,61.439998626708984,60.27000045776367,61.33000183105469,53.188968658447266,5777500
2018-11-08,61.08000183105469,61.099998474121094,60.380001068115234,60.900001525878906,52.8160514831543,5212800
2018-11-09,61.150001525878906,63.9900016784668,60.95000076293945,63.79999923706055,55.33108901977539,9735400
2018-11-12,62.97999954223633,63.380001068115234,61.25,61.349998474121094,53.2063102722168,8800800
2018-11-13,61.560001373291016,62.59000015258789,61.130001068115234,61.86000061035156,53.64860916137695,5982000
2018-11-14,62.29999923706055,62.95000076293945,61.970001220703125,62.470001220703125,54.17763137817383,6798800
2018-11-15,62.18000030517578,62.65999984741211,61.72999954223633,62.400001525878906,54.1169319152832,4688600
2018-11-16,62.439998626708984,63.7400016784668,62.290000915527344,63.2400016784668,54.845436096191406,5368300
2018-11-19,62.97999954223633,63.58000183105469,62.56999969482422,62.77000045776367,54.43781280517578,4480900
2018-11-20,62.939998626708984,63.59000015258789,62.279998779296875,62.310001373291016,54.03887939453125,3866400
2018-11-21,62.54999923706055,62.75,61.779998779296875,61.91999816894531,53.70064926147461,3935300
2018-11-23,61.849998474121094,62.220001220703125,61.540000915527344,61.779998779296875,53.57923889160156,1367700
2018-11-26,62.02000045776367,62.93000030517578,61.90999984741211,62.7400016784668,54.41180419921875,5082200
2018-11-27,62.72999954223633,63.310001373291016,62.5099983215332,63.2400016784668,54.845436096191406,3708900
2018-11-28,63.029998779296875,63.5,62.59000015258789,62.83000183105469,54.48984909057617,4940700
2018-11-29,62.720001220703125,63.34000015258789,62.61000061035156,63.040000915527344,54.67198181152344,3239700
2018-11-30,62.83000183105469,63.59000015258789,62.70000076293945,63.52000045776367,55.0882682800293,3568700
2018-12-03,63.459999084472656,63.900001525878906,63.11000061035156,63.7599983215332,55.29640579223633,4878600
2018-12-04,64.01000213623047,64.61000061035156,62.9900016784668,63.08000183105469,54.706668853759766,4237100
2018-12-06,62.849998474121094,63.290000915527344,61.869998931884766,63.22999954223633,54.83675765991211,5080700
2018-12-07,63.290000915527344,64.29000091552734,62.65999984741211,62.709999084472656,54.38578796386719,4072700
2018-12-10,63.0,63.709999084472656,62.18000030517578,63.540000915527344,55.10560989379883,3903500
2018-12-11,63.97999954223633,65.0,63.869998931884766,64.55000305175781,55.98155212402344,4703200
2018-12-12,64.88999938964844,65.63999938964844,64.7699966430664,65.27999877929688,56.6146240234375,5902200
2018-12-13,65.36000061035156,65.87999725341797,65.12999725341797,65.47000122070312,56.7794189453125,4066900
2018-12-14,65.11000061035156,65.6500015258789,64.87999725341797,65.16999816894531,56.51923751831055,4976000
2018-12-17,65.1500015258789,65.3499984741211,62.41999816894531,62.91999816894531,54.567909240722656,7167600
2018-12-18,63.38999938964844,63.439998626708984,62.0099983215332,62.459999084472656,54.16897201538086,4294400
2018-12-19,62.43000030517578,63.150001525878906,61.5,61.880001068115234,53.665950775146484,4225400
2018-12-20,61.7400016784668,61.959999084472656,60.5099983215332,60.97999954223633,52.88542175292969,5552000
2018-12-21,60.61000061035156,62.08000183105469,59.88999938964844,59.90999984741211,51.957454681396484,10032400
2018-12-24,59.959999084472656,60.0,57.849998474121094,58.040000915527344,50.3356819152832,3872300
2018-12-26,58.20000076293945,59.400001525878906,57.5099983215332,59.400001525878906,51.51515579223633,6616200
2018-12-27,58.9900016784668,59.689998626708984,57.970001220703125,59.689998626708984,51.766658782958984,6546100
2018-12-28,59.84000015258789,60.349998474121094,59.40999984741211,59.619998931884766,51.70595932006836,5655700
2018-12-31,59.34000015258789,59.869998931884766,58.900001525878906,59.52000045776367,51.619239807128906,4271300
2019-01-02,59.2400016784668,59.52000045776367,58.619998931884766,59.25,51.385066986083984,4559400
2019-01-03,59.189998626708984,59.9900016784668,58.869998931884766,58.970001220703125,51.142242431640625,4156100
2019-01-04,59.11000061035156,59.54999923706055,58.86000061035156,59.52000045776367,51.619239807128906,7087600
2019-01-07,59.439998626708984,60.459999084472656,59.310001373291016,59.880001068115234,51.93143844604492,4575200
2019-01-08,60.02000045776367,60.95000076293945,60.02000045776367,60.54999923706055,52.51250076293945,5614400
2019-01-09,61.970001220703125,62.22999954223633,60.959999084472656,61.29999923706055,53.162940979003906,6284000
2019-01-10,61.02000045776367,61.869998931884766,60.720001220703125,61.81999969482422,53.61393356323242,3983100
2019-01-11,62.2599983215332,62.540000915527344,61.75,62.099998474121094,53.85676193237305,2616900
2019-01-14,61.810001373291016,62.040000915527344,61.369998931884766,61.61000061035156,53.43179702758789,3887100
2019-01-15,61.650001525878906,62.5099983215332,61.599998474121094,62.220001220703125,53.9608268737793,2580300
2019-01-16,61.849998474121094,62.33000183105469,61.70000076293945,62.130001068115234,53.88276672363281,3017600
2019-01-17,62.119998931884766,62.5,61.90999984741211,62.0,53.77003479003906,3549400
2019-01-18,62.43000030517578,63.70000076293945,62.33000183105469,62.630001068115234,54.31639862060547,5200400
2019-01-22,62.130001068115234,62.45000076293945,61.04999923706055,61.7400016784668,53.906044006347656,5542200
2019-01-23,61.93000030517578,62.529998779296875,61.63999938964844,62.349998474121094,54.43864440917969,4038100
2019-01-24,62.16999816894531,62.25,61.27000045776367,62.20000076293945,54.30767059326172,6024300
2019-01-25,60.959999084472656,63.599998474121094,60.959999084472656,61.84000015258789,53.993350982666016,8478900
2019-01-28,61.709999084472656,62.84000015258789,61.599998474121094,62.7400016784668,54.77914810180664,5768200
2019-01-29,62.70000076293945,63.79999923706055,62.70000076293945,63.689998626708984,55.608604431152344,4593100
2019-01-30,63.65999984741211,64.33999633789062,63.459999084472656,63.95000076293945,55.83562469482422,6663900
2019-01-31,63.7599983215332,64.8499984741211,63.439998626708984,64.68000030517578,56.472991943359375,6182900
2019-02-01,64.9000015258789,65.25,64.19999694824219,65.05000305175781,56.796051025390625,5314500
2019-02-04,65.29000091552734,65.43000030517578,64.61000061035156,65.19000244140625,56.918277740478516,3612600
2019-02-05,65.2699966430664,65.55000305175781,64.63999938964844,64.73999786376953,56.5253791809082,4255300
2019-02-06,64.5199966430664,65.5,64.5,65.33000183105469,57.04051971435547,3474600
2019-02-07,64.83999633789062,65.37999725341797,64.55000305175781,65.05000305175781,56.796051025390625,3145300
2019-02-08,64.91999816894531,65.69000244140625,64.75,65.69000244140625,57.354835510253906,3040100
2019-02-11,65.58999633789062,65.83999633789062,65.33999633789062,65.79000091552734,57.44215774536133,4212800
2019-02-12,66.11000061035156,66.4800033569336,65.4800033569336,66.0199966430664,57.64295959472656,4450400
2019-02-13,65.9000015258789,66.1500015258789,65.5,65.94000244140625,57.573116302490234,3505500
2019-02-14,65.62999725341797,65.86000061035156,65.33000183105469,65.44999694824219,57.14529800415039,2501500
2019-02-15,66.0,66.54000091552734,65.80000305175781,66.4800033569336,58.04460144042969,5370600
2019-02-19,66.44000244140625,67.0,66.12000274658203,66.72000122070312,58.254150390625,4584000
2019-02-20,66.8499984741211,67.11000061035156,66.22000122070312,66.51000213623047,58.07080078125,3458600
2019-02-21,66.47000122070312,66.93000030517578,66.25,66.69999694824219,58.23667526245117,3765600
2019-02-22,66.70999908447266,67.47000122070312,66.45999908447266,66.9000015258789,58.41130065917969,4025000
2019-02-25,67.0,67.36000061035156,66.4000015258789,66.5199966430664,58.07952117919922,2939700
2019-02-26,66.6500015258789,66.9000015258789,66.13999938964844,66.48999786376953,58.0533332824707,2922500
2019-02-27,66.05000305175781,66.33999633789062,65.76000213623047,65.87000274658203,57.512001037597656,3378300
2019-02-28,66.02999877929688,66.19000244140625,65.43000030517578,65.87000274658203,57.512001037597656,4128700
2019-03-01,65.91999816894531,66.05999755859375,65.36000061035156,66.0,57.6254997253418,2712500
2019-03-04,66.30999755859375,66.33000183105469,65.44000244140625,66.02999877929688,57.651710510253906,3352200
2019-03-05,66.05999755859375,66.18000030517578,65.55000305175781,65.72000122070312,57.381038665771484,3483900
2019-03-06,65.72000122070312,65.91000366210938,65.12000274658203,65.61000061035156,57.28497314453125,2764200
2019-03-07,65.23999786376953,65.73999786376953,64.77999877929688,65.33999633789062,57.04923629760742,4365700
2019-03-08,65.43000030517578,65.80999755859375,64.94000244140625,65.3499984741211,57.0579833984375,2586500
2019-03-11,65.30000305175781,65.88999938964844,65.22000122070312,65.8499984741211,57.49454879760742,2722600
2019-03-12,65.97000122070312,66.38999938964844,65.58999633789062,65.73999786376953,57.39849090576172,2502900
2019-03-13,65.80999755859375,66.61000061035156,65.80999755859375,66.5199966430664,58.07952117919922,3894700
2019-03-14,66.44000244140625,66.6500015258789,66.05999755859375,66.25,57.843780517578125,3293700
2019-03-15,66.36000061035156,67.20999908447266,66.19999694824219,67.19999694824219,58.67325210571289,6641100
2019-03-18,67.25,67.3499984741211,66.0999984741211,66.29000091552734,57.878700256347656,2939900
2019-03-19,66.20999908447266,66.20999908447266,65.43000030517578,65.75,57.4072265625,4623600
2019-03-20,65.87999725341797,65.87999725341797,64.88999938964844,65.11000061035156,56.84842300415039,3788900
2019-03-21,65.0,65.94999694824219,64.94999694824219,65.83000183105469,57.47707748413086,2793800
2019-03-22,65.77999877929688,66.44000244140625,65.19999694824219,66.0,57.6254997253418,2877600
2019-03-25,65.91000366210938,66.47000122070312,65.83000183105469,66.26000213623047,57.85251235961914,2972600
2019-03-26,66.61000061035156,67.30999755859375,66.47000122070312,66.91999816894531,58.428768157958984,2297300
2019-03-27,67.02999877929688,67.3499984741211,66.47000122070312,67.01000213623047,58.507354736328125,2918900
2019-03-28,67.12000274658203,67.55999755859375,67.12000274658203,67.37000274658203,58.82167434692383,2958900
2019-03-29,67.5,68.61000061035156,67.37000274658203,68.54000091552734,59.84321975708008,4598700
2019-04-01,68.37999725341797,68.5199966430664,67.83000183105469,68.30000305175781,59.633670806884766,4139300
2019-04-02,68.20999908447266,68.68000030517578,67.79000091552734,68.37000274658203,59.69478225708008,3130000
2019-04-03,68.22000122070312,68.2699966430664,67.56999969482422,67.81999969482422,59.21457290649414,3791300
2019-04-04,68.0,68.0,67.25,67.55000305175781,58.97882843017578,2541700
2019-04-05,67.54000091552734,67.91999816894531,67.45999908447266,67.91999816894531,59.301876068115234,1981000
2019-04-08,68.05000305175781,68.18000030517578,67.76000213623047,68.0199966430664,59.389198303222656,1678100
2019-04-09,67.80999755859375,68.13999938964844,67.5999984741211,68.11000061035156,59.46776580810547,2102100
2019-04-10,68.05000305175781,68.38999938964844,67.81999969482422,68.11000061035156,59.46776580810547,2023100
2019-04-11,68.30999755859375,68.4800033569336,67.75,68.08999633789062,59.45029830932617,2508900
2019-04-12,68.01000213623047,68.7699966430664,67.69000244140625,68.7699966430664,60.04402160644531,3849700
2019-04-15,68.51000213623047,68.88999938964844,68.43000030517578,68.70999908447266,59.99162292480469,2907500
2019-04-16,68.72000122070312,69.2699966430664,68.72000122070312,69.04000091552734,60.279754638671875,3183400
2019-04-17,68.88999938964844,68.95999908447266,68.55000305175781,68.68000030517578,60.341278076171875,2633600
2019-04-18,69.0,69.38999938964844,68.7699966430664,69.3499984741211,60.9299201965332,3369000
2019-04-22,69.37000274658203,70.05999755859375,69.3499984741211,69.5999984741211,61.149574279785156,3901700
2019-04-23,69.33000183105469,69.77999877929688,68.87000274658203,69.01000213623047,60.63119888305664,3388000
2019-04-24,68.58999633789062,69.4800033569336,68.20999908447266,68.86000061035156,60.49940490722656,3600900
2019-04-25,68.5,68.97000122070312,68.04000091552734,68.69000244140625,60.35006332397461,3191200
2019-04-26,69.58000183105469,71.5,69.4800033569336,71.30000305175781,62.64316940307617,5956000
2019-04-29,71.25,71.58000183105469,70.79000091552734,71.37999725341797,62.71344757080078,3383900
2019-04-30,71.51000213623047,72.8499984741211,71.2300033569336,72.79000091552734,63.9522705078125,4050200
2019-05-01,72.08000183105469,72.47000122070312,71.23999786376953,71.29000091552734,62.63439178466797,3919100
2019-05-02,71.30999755859375,71.93000030517578,71.2300033569336,71.81999969482422,63.10002136230469,2209900
2019-05-03,71.86000061035156,72.05999755859375,71.58000183105469,71.94999694824219,63.214237213134766,2436700
2019-05-06,71.52999877929688,71.77999877929688,71.19999694824219,71.69000244140625,62.98582458496094,2383300
2019-05-07,71.2699966430664,71.58000183105469,69.55000305175781,70.51000213623047,61.94907760620117,4125500
2019-05-08,70.62000274658203,71.5,70.05000305175781,70.98999786376953,62.37080001831055,3273900
2019-05-09,70.73999786376953,71.08000183105469,70.30999755859375,70.8499984741211,62.247798919677734,2415200
2019-05-10,70.55999755859375,71.58000183105469,70.27999877929688,71.5,62.81886672973633,2341200
2019-05-13,70.87999725341797,71.6500015258789,70.5999984741211,71.55999755859375,62.87160873413086,2601300
2019-05-14,71.5,71.97000122070312,71.12999725341797,71.1500015258789,62.5113639831543,2855400
2019-05-15,71.18000030517578,71.43000030517578,70.98999786376953,71.33999633789062,62.67831039428711,4454400
2019-05-16,71.75,73.0999984741211,71.58000183105469,72.5,63.69745635986328,3581300
2019-05-17,71.95999908447266,72.3499984741211,71.72000122070312,71.97000122070312,63.23182678222656,2764200
2019-05-20,72.08000183105469,72.58000183105469,71.58999633789062,71.69999694824219,62.994590759277344,3149900
2019-05-21,71.70999908447266,71.91000366210938,71.48999786376953,71.52999877929688,62.845245361328125,2538200
2019-05-22,71.2699966430664,71.6500015258789,71.0199966430664,71.52999877929688,62.845245361328125,3862500
2019-05-23,71.37000274658203,71.77999877929688,71.11000061035156,71.75,63.038536071777344,2855100
2019-05-24,71.9000015258789,72.0,71.13999938964844,71.19999694824219,62.55531692504883,2267800
2019-05-28,71.29000091552734,71.61000061035156,70.08000183105469,70.11000061035156,61.59764862060547,3327700
2019-05-29,69.91999816894531,70.22000122070312,69.66000366210938,69.97000122070312,61.47463607788086,3580200
2019-05-30,70.19999694824219,70.87999725341797,70.19999694824219,70.8499984741211,62.247798919677734,1834400
2019-05-31,70.51000213623047,70.66000366210938,69.44000244140625,69.62000274658203,61.16714096069336,3031300
2019-06-03,69.69999694824219,70.80000305175781,69.58999633789062,70.69000244140625,62.10722732543945,3652200
2019-06-04,71.01000213623047,71.2699966430664,70.54000091552734,70.81999969482422,62.22144317626953,3757600
2019-06-05,71.12000274658203,71.94999694824219,70.63999938964844,71.91999816894531,63.18788528442383,2675200
2019-06-06,72.11000061035156,73.25,72.05999755859375,73.11000061035156,64.23340606689453,3866500
2019-06-07,73.19999694824219,74.13999938964844,73.12999725341797,73.98999786376953,65.00655364990234,3453800
2019-06-10,73.86000061035156,74.08999633789062,72.87000274658203,73.02999877929688,64.16312408447266,3191000
2019-06-11,73.19000244140625,73.3499984741211,72.77999877929688,73.33000183105469,64.42669677734375,3184700
2019-06-12,73.62999725341797,74.08999633789062,72.8499984741211,73.05000305175781,64.18070983886719,3230000
2019-06-13,73.08000183105469,73.19999694824219,71.98999786376953,72.75,63.91709899902344,2944600
2019-06-14,72.87000274658203,73.4800033569336,72.76000213623047,73.3499984741211,64.44425964355469,2591900
2019-06-17,73.3499984741211,73.58000183105469,72.80000305175781,73.41000366210938,64.49699401855469,2702200
2019-06-18,73.9800033569336,74.05999755859375,72.68000030517578,72.88999938964844,64.04010772705078,2677100
2019-06-19,72.69999694824219,73.62999725341797,72.37999725341797,73.52999877929688,64.60240173339844,3096500
2019-06-20,73.80999755859375,74.12000274658203,73.30999755859375,73.5999984741211,64.66390228271484,2754500
2019-06-21,73.68000030517578,74.0,72.87999725341797,72.94999694824219,64.09282684326172,6209400
2019-06-24,73.54000091552734,74.18000030517578,73.23999786376953,73.97000122070312,64.9889907836914,3508100
2019-06-25,73.87000274658203,74.25,73.30999755859375,73.91000366210938,64.93628692626953,3178100
2019-06-26,73.72000122070312,73.7300033569336,72.2699966430664,72.3499984741211,63.565677642822266,2831100
2019-06-27,72.33999633789062,72.44999694824219,71.91000366210938,72.13999938964844,63.38117218017578,2470800
2019-06-28,72.5199966430664,72.76000213623047,71.4000015258789,71.66999816894531,62.96824264526367,5443800
2019-07-01,71.95999908447266,72.26000213623047,71.58999633789062,72.08000183105469,63.328453063964844,3161800
2019-07-02,72.12000274658203,72.98999786376953,72.05999755859375,72.73999786376953,63.908321380615234,2298100
2019-07-03,73.08999633789062,74.05000305175781,73.0,74.0,65.01533508300781,2291600
2019-07-05,73.48999786376953,73.66000366210938,72.33999633789062,73.13999938964844,64.25975036621094,3771900
2019-07-08,73.12999725341797,73.55000305175781,73.0,73.37999725341797,64.47063446044922,2989300
2019-07-09,72.69000244140625,73.29000091552734,72.69000244140625,73.11000061035156,64.23340606689453,3885600
2019-07-10,73.41999816894531,74.08000183105469,73.4000015258789,73.48999786376953,64.5672607421875,2392300
2019-07-11,73.77999877929688,73.91000366210938,73.18000030517578,73.88999938964844,64.91869354248047,2878200
2019-07-12,73.98999786376953,74.43000030517578,73.55999755859375,74.37999725341797,65.3492202758789,2937500
2019-07-15,74.41999816894531,75.5199966430664,73.87000274658203,74.0,65.01533508300781,2487700
2019-07-16,74.20999908447266,74.63999938964844,73.95999908447266,74.5,65.45464324951172,3485400
2019-07-17,73.94999694824219,74.13999938964844,73.63999938964844,73.75,65.17184448242188,2775100
2019-07-18,73.73999786376953,73.94999694824219,73.41000366210938,73.87999725341797,65.28675079345703,2412700
2019-07-19,73.7699966430664,73.87999725341797,72.69000244140625,72.69999694824219,64.24398803710938,2417400
2019-07-22,72.83999633789062,72.9800033569336,72.0999984741211,72.3499984741211,63.934688568115234,2945000
2019-07-23,72.87999725341797,73.1500015258789,72.0999984741211,72.27999877929688,63.872840881347656,3986700
2019-07-24,71.83999633789062,72.31999969482422,71.22000122070312,71.27999877929688,62.9891471862793,3246900
2019-07-25,71.12999725341797,72.22000122070312,71.12999725341797,71.93000030517578,63.563541412353516,4383400
2019-07-26,71.91999816894531,73.77999877929688,71.79000091552734,73.69000244140625,65.11885070800781,4036200
2019-07-29,73.8499984741211,75.66999816894531,73.72000122070312,75.56999969482422,66.7801513671875,4635900
2019-07-30,75.51000213623047,76.41000366210938,74.41999816894531,74.73999786376953,66.04670715332031,5020600
2019-07-31,74.58999633789062,74.93000030517578,71.3499984741211,71.73999786376953,63.395660400390625,5187400
2019-08-01,71.62999725341797,72.47000122070312,71.20999908447266,71.26000213623047,62.97148513793945,4618400
2019-08-02,71.30000305175781,71.7699966430664,70.83000183105469,71.19999694824219,62.9184684753418,3813500
2019-08-05,70.98999786376953,71.2300033569336,68.41000366210938,68.80000305175781,60.7976188659668,5215500
2019-08-06,69.08000183105469,70.16999816894531,68.83999633789062,69.8499984741211,61.725486755371094,4868600
2019-08-07,69.44000244140625,70.7699966430664,68.47000122070312,70.44000244140625,62.24687194824219,4222100
2019-08-08,70.66999816894531,71.7699966430664,70.0999984741211,71.70999908447266,63.36913299560547,2712900
2019-08-09,71.80000305175781,72.08999633789062,70.95999908447266,71.5199966430664,63.201236724853516,2993200
2019-08-12,71.4000015258789,71.4000015258789,70.26000213623047,70.7300033569336,62.503116607666016,2457900
2019-08-13,70.87000274658203,71.94999694824219,70.66000366210938,71.69000244140625,63.35146713256836,2513600
2019-08-14,71.01000213623047,71.73999786376953,70.5,70.5199966430664,62.31755447387695,3990000
2019-08-15,70.87000274658203,71.68000030517578,70.61000061035156,71.37000274658203,63.06868362426758,3698800
2019-08-16,71.69000244140625,72.5,71.62000274658203,72.27999877929688,63.872840881347656,2549000
2019-08-19,73.01000213623047,73.26000213623047,72.63999938964844,73.08000183105469,64.57978820800781,2139500
2019-08-20,72.95999908447266,73.27999877929688,72.43000030517578,72.54000091552734,64.10259246826172,2463700
2019-08-21,73.0,73.16999816894531,72.45999908447266,72.61000061035156,64.16446685791016,2527100
2019-08-22,72.66000366210938,73.29000091552734,72.37000274658203,73.04000091552734,64.54444885253906,1526600
2019-08-23,73.11000061035156,73.87999725341797,71.80999755859375,72.2300033569336,63.828670501708984,3910900
2019-08-26,72.66000366210938,72.94000244140625,72.20999908447266,72.7699966430664,64.30585479736328,1770300
2019-08-27,73.27999877929688,73.7300033569336,73.02999877929688,73.44000244140625,64.89790344238281,2582100
2019-08-28,73.5,74.06999969482422,73.31999969482422,74.0,65.39279174804688,2050600
2019-08-29,74.47000122070312,74.55000305175781,73.37999725341797,74.19999694824219,65.56952667236328,1819700
2019-08-30,74.47000122070312,74.51000213623047,73.91000366210938,74.1500015258789,65.52534484863281,2899700
2019-09-03,73.66999816894531,74.55000305175781,73.45999908447266,74.30999755859375,65.66673278808594,1963800
2019-09-04,74.83000183105469,75.0,74.45999908447266,74.87000274658203,66.16158294677734,2422900
2019-09-05,75.0,75.0,74.08999633789062,74.29000091552734,65.64904022216797,3430900
2019-09-06,74.41000366210938,74.70999908447266,74.2300033569336,74.69999694824219,66.01136779785156,2333300
2019-09-09,74.5999984741211,74.5999984741211,72.86000061035156,73.19000244140625,64.67700958251953,5153000
2019-09-10,72.51000213623047,72.5199966430664,71.18000030517578,72.12000274658203,63.73145294189453,4712900
2019-09-11,71.94999694824219,72.86000061035156,71.4000015258789,72.8499984741211,64.37654876708984,2305700
2019-09-12,73.37000274658203,73.86000061035156,72.23999786376953,72.29000091552734,63.88167953491211,2644200
2019-09-13,71.5999984741211,71.72000122070312,70.38999938964844,70.70999908447266,62.48544692993164,4679600
2019-09-16,70.0999984741211,70.38999938964844,68.97000122070312,69.43000030517578,61.354347229003906,4116900
2019-09-17,69.56999969482422,70.69999694824219,69.52999877929688,69.86000061035156,61.73432159423828,3381800
2019-09-18,70.18000030517578,70.80999755859375,69.87999725341797,70.75,62.52079772949219,3532800
2019-09-19,70.94000244140625,71.11000061035156,70.66000366210938,70.94999694824219,62.69753646850586,3831300
2019-09-20,71.0199966430664,71.26000213623047,70.76000213623047,70.94999694824219,62.69753646850586,4770000
2019-09-23,70.8499984741211,71.72000122070312,70.83999633789062,71.5,63.18357849121094,3952000
2019-09-24,71.95999908447266,72.93000030517578,71.79000091552734,72.48999786376953,64.05840301513672,4395800
2019-09-25,72.54000091552734,72.80000305175781,71.88999938964844,72.23999786376953,63.837501525878906,2784500
2019-09-26,72.30000305175781,73.08000183105469,72.19999694824219,72.72000122070312,64.26165771484375,2265200
2019-09-27,73.13999938964844,73.3499984741211,72.6500015258789,73.26000213623047,64.73885345458984,3766200
2019-09-30,73.1500015258789,74.27999877929688,73.1500015258789,73.51000213623047,64.95977020263672,3387800
2019-10-01,72.77999877929688,73.20999908447266,71.48999786376953,71.7300033569336,63.38682174682617,3241800
2019-10-02,71.4000015258789,71.8499984741211,70.06999969482422,70.5199966430664,62.31755447387695,3352600
2019-10-03,70.80999755859375,71.41000366210938,70.44000244140625,70.87000274658203,62.626834869384766,2269700
2019-10-04,70.97000122070312,72.13999938964844,70.83000183105469,72.06999969482422,63.6872673034668,2415100
2019-10-07,71.97000122070312,72.18000030517578,71.55999755859375,71.62000274658203,63.28961181640625,2484400
2019-10-08,71.48999786376953,71.58000183105469,70.62999725341797,70.68000030517578,62.45892333984375,2539200
2019-10-09,70.87999725341797,71.12000274658203,70.08000183105469,70.62999725341797,62.41476058959961,1844200
2019-10-10,69.95999908447266,70.87999725341797,69.69999694824219,70.7699966430664,62.53847122192383,2219600
2019-10-11,71.11000061035156,71.12000274658203,70.22000122070312,70.51000213623047,62.3087158203125,2574100
2019-10-14,70.61000061035156,70.79000091552734,69.36000061035156,69.41000366210938,61.336666107177734,2556400
2019-10-15,69.43000030517578,69.5199966430664,68.2300033569336,68.4000015258789,60.44412612915039,4404000
2019-10-16,68.37999725341797,68.37999725341797,67.37000274658203,67.8499984741211,59.95810317993164,4436000
2019-10-17,68.16000366210938,68.6500015258789,67.88999938964844,68.08000183105469,60.161354064941406,3760600
2019-10-18,68.01000213623047,68.29000091552734,67.47000122070312,68.02999877929688,60.11717987060547,4022600
2019-10-21,68.0,68.37999725341797,67.8499984741211,68.30000305175781,60.35578536987305,2520300
2019-10-22,68.55000305175781,68.5999984741211,66.97000122070312,67.05999755859375,59.63544845581055,3864500
2019-10-23,66.81999969482422,67.69999694824219,66.80000305175781,67.54000091552734,60.06230163574219,4092600
2019-10-24,67.75,68.54000091552734,67.55000305175781,68.33999633789062,60.773738861083984,4994800
2019-10-25,68.4000015258789,68.75,68.20999908447266,68.41000366210938,60.83599090576172,3850300
2019-10-28,68.63999938964844,68.69999694824219,66.95999908447266,67.3499984741211,59.89333724975586,4595500
2019-10-29,67.16999816894531,67.95999908447266,67.01000213623047,67.91999816894531,60.400230407714844,3018800
2019-10-30,67.9800033569336,68.63999938964844,67.80000305175781,68.58000183105469,60.9871711730957,2575700
2019-10-31,68.41999816894531,68.95999908447266,67.91999816894531,68.5999984741211,61.004940032958984,4374200
2019-11-01,67.44000244140625,67.5,65.58000183105469,66.80999755859375,59.413116455078125,6128500
2019-11-04,66.52999877929688,66.9800033569336,65.23999786376953,65.41000366210938,58.16813659667969,6528500
2019-11-05,65.16999816894531,66.19000244140625,64.75,65.95999908447266,58.65724182128906,5394100
2019-11-06,66.30999755859375,66.88999938964844,66.19000244140625,66.5199966430664,59.15522766113281,4412600
2019-11-07,66.58000183105469,66.94000244140625,65.93000030517578,66.87000274658203,59.46648025512695,4332100
2019-11-08,66.76000213623047,67.05999755859375,66.37999725341797,66.62999725341797,59.253055572509766,3489400
2019-11-11,66.4000015258789,66.80000305175781,65.94999694824219,66.54000091552734,59.17302703857422,2640400
2019-11-12,66.66999816894531,66.97000122070312,66.52999877929688,66.63999938964844,59.2619514465332,3315900
2019-11-13,67.0,67.08000183105469,66.5199966430664,66.87999725341797,59.475379943847656,3454600
2019-11-14,66.62999725341797,67.01000213623047,66.54000091552734,66.63999938964844,59.2619514465332,2956200
2019-11-15,66.66000366210938,66.73999786376953,66.12999725341797,66.37000274658203,59.0218505859375,5146800
2019-11-18,66.80999755859375,67.94000244140625,66.70999908447266,67.12999725341797,59.697696685791016,4568200
2019-11-19,67.12999725341797,67.30999755859375,66.5199966430664,67.16000366210938,59.7243766784668,3710400
2019-11-20,67.2300033569336,67.58999633789062,66.81999969482422,67.20999908447266,59.76883316040039,3008600
2019-11-21,67.5199966430664,67.69999694824219,66.70999908447266,66.75,59.359764099121094,3432900
2019-11-22,66.61000061035156,66.87999725341797,66.22000122070312,66.70999908447266,59.32420349121094,2616300
2019-11-25,66.83000183105469,66.9800033569336,66.33999633789062,66.9800033569336,59.564308166503906,3020200
2019-11-26,67.19999694824219,67.80000305175781,67.0199966430664,67.79000091552734,60.28462219238281,3513800
2019-11-27,67.79000091552734,67.88999938964844,67.22000122070312,67.68000030517578,60.186805725097656,2517600
2019-11-29,67.80999755859375,67.9800033569336,67.48999786376953,67.81999969482422,60.311309814453125,1385100
2019-12-02,68.0,68.0,67.12999725341797,67.56999969482422,60.088966369628906,3487800
2019-12-03,67.62999725341797,67.62999725341797,66.80000305175781,67.30000305175781,59.8488883972168,3677000
2019-12-04,67.12000274658203,68.16000366210938,67.12000274658203,68.08000183105469,60.54251480102539,3279000
2019-12-05,67.86000061035156,67.91999816894531,67.36000061035156,67.81999969482422,60.311309814453125,4056500
2019-12-06,67.87999725341797,68.33000183105469,67.38999938964844,68.23999786376953,60.68480682373047,3504700
2019-12-09,68.25,68.66999816894531,68.01000213623047,68.5999984741211,61.004940032958984,3610200
2019-12-10,68.30999755859375,68.66999816894531,67.8499984741211,67.93000030517578,60.409122467041016,3820600
2019-12-11,67.91999816894531,68.68000030517578,67.30000305175781,67.45999908447266,59.99116134643555,3229300
2019-12-12,67.55000305175781,67.83000183105469,66.94000244140625,67.2300033569336,59.78662872314453,3658400
2019-12-13,67.2300033569336,68.87000274658203,67.06999969482422,68.69000244140625,61.08497619628906,5179600
2019-12-16,68.83999633789062,69.2300033569336,68.5199966430664,68.87000274658203,61.24506378173828,3371200
2019-12-17,68.6500015258789,68.6500015258789,67.80999755859375,67.83999633789062,60.3290901184082,4647600
2019-12-18,68.12999725341797,68.43000030517578,67.69000244140625,68.2699966430664,60.71148681640625,5846100
2019-12-19,67.2699966430664,68.4800033569336,67.2699966430664,68.33999633789062,60.773738861083984,4266400
2019-12-20,69.0999984741211,69.30000305175781,68.76000213623047,68.8499984741211,61.22727966308594,6008000
2019-12-23,69.01000213623047,69.05999755859375,68.5999984741211,68.72000122070312,61.111656188964844,2776000
2019-12-24,68.6500015258789,68.7300033569336,68.26000213623047,68.55000305175781,60.96049880981445,816700
2019-12-26,68.80000305175781,68.9800033569336,68.43000030517578,68.58000183105469,60.9871711730957,2493600
2019-12-27,68.83999633789062,69.33999633789062,68.83000183105469,69.18000030517578,61.52073669433594,2943700
2019-12-30,68.87000274658203,69.0999984741211,68.55000305175781,68.79000091552734,61.17390823364258,1810700
2019-12-31,68.7699966430664,68.91999816894531,68.37999725341797,68.83999633789062,61.21836853027344,1960200
2020-01-02,68.83999633789062,68.94000244140625,67.88999938964844,68.12000274658203,60.57809829711914,3441800
2020-01-03,67.83999633789062,68.47000122070312,67.68000030517578,68.0199966430664,60.489158630371094,3473800
2020-01-06,68.08000183105469,68.8499984741211,68.01000213623047,68.48999786376953,60.90713882446289,4607500
2020-01-07,68.45999908447266,68.45999908447266,67.47000122070312,67.55000305175781,60.07120132446289,4500000
2020-01-08,67.80000305175781,69.6500015258789,67.7300033569336,69.2699966430664,61.60076141357422,4676100
2020-01-09,69.37999725341797,69.94000244140625,69.05999755859375,69.86000061035156,62.125450134277344,3996100
2020-01-10,69.7300033569336,70.43000030517578,69.45999908447266,70.1500015258789,62.38334274291992,3724000
2020-01-13,70.16000366210938,70.55999755859375,69.80000305175781,70.13999938964844,62.37443923950195,4641300
2020-01-14,70.13999938964844,70.4000015258789,70.02999877929688,70.29000091552734,62.507835388183594,4711900
2020-01-15,70.33999633789062,71.05000305175781,70.33999633789062,70.80000305175781,62.961387634277344,3606200
2020-01-16,70.95999908447266,71.18000030517578,70.66999816894531,70.75,62.91689682006836,2720300
2020-01-17,70.43000030517578,71.30000305175781,70.43000030517578,71.18000030517578,63.29931640625,4019700
2020-01-21,71.06999969482422,71.37999725341797,70.25,71.29000091552734,63.39712142944336,6470400
2020-01-22,70.87999725341797,71.08000183105469,70.51000213623047,70.52999877929688,63.101890563964844,2890800
2020-01-23,70.06999969482422,71.06999969482422,70.0,70.61000061035156,63.17345428466797,2581600
2020-01-24,70.83000183105469,71.08000183105469,70.08000183105469,70.30000305175781,62.89611053466797,2938300
2020-01-27,70.1500015258789,70.79000091552734,69.7699966430664,70.0999984741211,62.717166900634766,3688100
2020-01-28,70.12000274658203,70.48999786376953,69.55999755859375,69.70999908447266,62.36823272705078,2770600
2020-01-29,69.75,69.88999938964844,68.80999755859375,68.83000183105469,61.5809211730957,3233400
2020-01-30,68.80000305175781,69.69999694824219,68.55999755859375,69.47000122070312,62.15351104736328,3539300
2020-01-31,73.63999938964844,74.97000122070312,73.37000274658203,73.77999877929688,66.00959014892578,13592300
2020-02-03,74.05999755859375,75.45999908447266,74.05999755859375,74.93000030517578,67.03846740722656,7725400
2020-02-04,75.27999877929688,76.19999694824219,75.19000244140625,75.4000015258789,67.45897674560547,4671800
2020-02-05,75.25,75.87000274658203,74.51000213623047,75.7300033569336,67.75423431396484,4282900
2020-02-06,75.97000122070312,76.5999984741211,75.83000183105469,76.30999755859375,68.27312469482422,4663900
2020-02-07,76.4000015258789,76.5199966430664,75.9000015258789,76.02999877929688,68.02263641357422,3222700
2020-02-10,75.95999908447266,77.41000366210938,75.95999908447266,77.3499984741211,69.20359802246094,4418400
2020-02-11,77.23999786376953,77.29000091552734,76.0999984741211,76.11000061035156,68.09420013427734,3992600
2020-02-12,76.20999908447266,76.31999969482422,75.5,75.94999694824219,67.95104217529297,3735400
2020-02-13,75.72000122070312,76.61000061035156,75.62999725341797,76.37000274658203,68.32682037353516,2907800
2020-02-14,76.36000061035156,76.69999694824219,76.11000061035156,76.69000244140625,68.6131362915039,2820400
2020-02-18,76.61000061035156,76.69000244140625,76.05000305175781,76.06999969482422,68.05842590332031,4370500
2020-02-19,76.0,76.2699966430664,75.5,75.54000091552734,67.58423614501953,2686700
2020-02-20,75.45999908447266,75.6500015258789,74.25,75.16000366210938,67.24427032470703,3350900
2020-02-21,75.19000244140625,76.54000091552734,75.11000061035156,76.2699966430664,68.23734283447266,5341500
2020-02-24,71.70999908447266,75.72000122070312,71.19000244140625,74.41999816894531,66.58218383789062,5584400
2020-02-25,74.4000015258789,74.98999786376953,73.5199966430664,73.80000305175781,66.02748107910156,5739500
2020-02-26,74.0,74.47000122070312,72.9000015258789,72.91999816894531,65.24016571044922,4188700
2020-02-27,73.05999755859375,73.72000122070312,70.12999725341797,70.1500015258789,62.76189041137695,6181100
2020-02-28,68.98999786376953,69.36000061035156,66.31999969482422,67.56999969482422,60.453609466552734,11130900
2020-03-02,68.51000213623047,72.55999755859375,68.51000213623047,72.44000244140625,64.81072235107422,7940800
2020-03-03,72.55000305175781,74.11000061035156,71.23999786376953,71.77999877929688,64.22023010253906,7487800
2020-03-04,73.9000015258789,75.47000122070312,73.01000213623047,75.37000274658203,67.43213653564453,7174700
2020-03-05,73.70999908447266,74.33000183105469,71.80000305175781,72.33999633789062,64.72125244140625,5877500
2020-03-06,70.37000274658203,72.76000213623047,69.51000213623047,72.51000213623047,64.87334442138672,6339600
2020-03-09,69.30000305175781,71.61000061035156,69.0,69.98999786376953,62.618743896484375,7399300
2020-03-10,71.62000274658203,72.01000213623047,68.08999633789062,71.80999755859375,64.2470703125,7521500
2020-03-11,70.13999938964844,70.80999755859375,67.77999877929688,68.9000015258789,61.6435432434082,6860400
2020-03-12,64.93000030517578,67.44999694824219,63.20000076293945,63.88999938964844,57.16119384765625,9772200
2020-03-13,66.43000030517578,69.20999908447266,64.19999694824219,69.0999984741211,61.82249069213867,11952900
2020-03-16,62.15999984741211,66.30999755859375,62.040000915527344,62.34000015258789,55.77444076538086,8849300
2020-03-17,64.19000244140625,70.43000030517578,63.310001373291016,70.19999694824219,62.806617736816406,9389100
2020-03-18,67.80000305175781,72.13999938964844,65.3499984741211,67.69000244140625,60.56099319458008,9189300
2020-03-19,67.9800033569336,68.98999786376953,65.05999755859375,66.6500015258789,59.630523681640625,8926800
2020-03-20,66.73999786376953,66.8499984741211,61.38999938964844,62.08000183105469,55.54182434082031,9168300
2020-03-23,62.09000015258789,63.470001220703125,58.4900016784668,60.470001220703125,54.10138702392578,8306800
2020-03-24,61.11000061035156,65.87999725341797,59.61000061035156,61.18000030517578,54.73660659790039,9887200
2020-03-25,60.7599983215332,62.220001220703125,59.0099983215332,59.88999938964844,53.58246612548828,10375500
2020-03-26,60.36000061035156,64.33999633789062,60.189998626708984,63.81999969482422,57.098567962646484,9053300
2020-03-27,64.02999877929688,66.62999725341797,63.36000061035156,65.26000213623047,58.38690948486328,6366500
2020-03-30,65.98999786376953,66.93000030517578,64.97000122070312,66.58000183105469,59.56789016723633,4950500
2020-03-31,66.01000213623047,66.48999786376953,64.95999908447266,66.36000061035156,59.37104034423828,5784400
2020-04-01,64.75,65.8499984741211,64.08999633789062,65.55000305175781,58.64636993408203,4247700
2020-04-02,64.77999877929688,68.69000244140625,64.70999908447266,68.16999816894531,60.990421295166016,5676700
2020-04-03,67.94999694824219,68.69000244140625,66.75,67.62000274658203,60.498348236083984,4720800
2020-04-06,69.5999984741211,71.7300033569336,69.12999725341797,70.5,63.07503890991211,5172800
2020-04-07,70.27999877929688,71.79000091552734,68.83000183105469,69.04000091552734,61.7688102722168,5964900
2020-04-08,69.63999938964844,70.75,68.8499984741211,70.22000122070312,62.82453536987305,4265600
2020-04-09,70.66000366210938,71.47000122070312,69.76000213623047,69.91000366210938,62.54718017578125,3582500
2020-04-13,69.62999725341797,70.20999908447266,69.20999908447266,69.48999786376953,62.1713981628418,3335000
2020-04-14,71.33000183105469,73.88999938964844,70.61000061035156,73.11000061035156,65.41014862060547,4940600
2020-04-15,72.19999694824219,72.94000244140625,71.69000244140625,72.6500015258789,64.99859619140625,3390500
2020-04-16,72.9000015258789,73.27999877929688,71.73999786376953,72.83999633789062,65.1685791015625,3561800
2020-04-17,72.70999908447266,73.69999694824219,71.52999877929688,73.41999816894531,66.08671569824219,3762400
2020-04-20,72.93000030517578,73.30999755859375,72.12999725341797,72.16000366210938,64.95256805419922,3187400
2020-04-21,71.5,71.75,70.25,70.61000061035156,63.55738830566406,3142800
2020-04-22,71.19999694824219,71.7300033569336,70.55999755859375,71.20999908447266,64.09745788574219,3498100
2020-04-23,71.05000305175781,71.5999984741211,70.69999694824219,71.2300033569336,64.1154556274414,4041800
2020-04-24,70.75,71.91000366210938,70.5999984741211,71.4000015258789,64.26847076416016,3549700
2020-04-27,71.91999816894531,71.94999694824219,70.88999938964844,71.02999877929688,63.93544006347656,2926700
2020-04-28,71.94000244140625,71.94000244140625,70.44000244140625,71.11000061035156,64.00743103027344,2995700
2020-04-29,70.54000091552734,70.83999633789062,68.83999633789062,70.16000366210938,63.152320861816406,4675700
2020-04-30,69.75,70.79000091552734,69.16999816894531,70.2699966430664,63.25132369995117,7128300
2020-05-01,70.19999694824219,71.0,68.30999755859375,68.52999877929688,61.68513107299805,4497000
2020-05-04,68.6500015258789,69.86000061035156,68.0199966430664,69.4800033569336,62.54024887084961,5031500
2020-05-05,69.5,70.12999725341797,69.0199966430664,69.5199966430664,62.576236724853516,2458000
2020-05-06,69.38999938964844,69.48999786376953,67.80000305175781,67.83999633789062,61.06404495239258,4551400
2020-05-07,68.9000015258789,69.6500015258789,68.16000366210938,68.80000305175781,61.928165435791016,3985800
2020-05-08,69.75,69.81999969482422,68.77999877929688,69.37000274658203,62.44123458862305,3938600
2020-05-11,69.52999877929688,70.0,68.91999816894531,69.37999725341797,62.45021057128906,2797200
2020-05-12,69.73999786376953,69.9800033569336,68.5,68.7300033569336,61.86515808105469,3961400
2020-05-13,69.01000213623047,69.55000305175781,67.83999633789062,68.30000305175781,61.478118896484375,3864200
2020-05-14,68.11000061035156,68.29000091552734,65.54000091552734,67.05999755859375,60.36195755004883,4999800
2020-05-15,66.7699966430664,68.97000122070312,66.4000015258789,68.94999694824219,62.06318664550781,7939700
2020-05-18,69.91999816894531,70.75,69.18000030517578,70.22000122070312,63.20634078979492,5017700
2020-05-19,69.81999969482422,70.37999725341797,69.13999938964844,69.25,62.33321762084961,5304100
2020-05-20,69.66999816894531,70.58999633789062,69.45999908447266,70.47000122070312,63.43137741088867,3406100
2020-05-21,71.01000213623047,71.01000213623047,69.76000213623047,70.26000213623047,63.242340087890625,5171900
2020-05-22,70.08999633789062,70.93000030517578,70.0199966430664,70.75,63.68339538574219,3427400
2020-05-26,71.33999633789062,71.4800033569336,69.0999984741211,69.43000030517578,62.495243072509766,6475600
2020-05-27,69.68000030517578,70.66000366210938,69.44000244140625,70.58999633789062,63.53936004638672,3811400
2020-05-28,71.5999984741211,72.47000122070312,71.19999694824219,72.08999633789062,64.8895492553711,4685600
2020-05-29,72.13999938964844,72.58000183105469,71.55999755859375,72.33000183105469,65.10559844970703,4317000
2020-06-01,72.2699966430664,72.98999786376953,71.95999908447266,72.7300033569336,65.46564483642578,2640600
2020-06-02,72.6500015258789,73.11000061035156,71.62999725341797,72.44000244140625,65.20459747314453,3751300
2020-06-03,72.9000015258789,72.9000015258789,71.61000061035156,71.6500015258789,64.4935073852539,4535700
2020-06-04,71.41999816894531,72.3499984741211,70.58999633789062,70.75,63.68339538574219,4985800
2020-06-05,71.16999816894531,72.58000183105469,70.29000091552734,72.4000015258789,65.16858673095703,5976200
2020-06-08,71.94000244140625,73.54000091552734,71.76000213623047,73.51000213623047,66.16773986816406,5033300
2020-06-09,73.29000091552734,73.55999755859375,72.13999938964844,73.27999877929688,65.96070098876953,4608100
2020-06-10,73.73999786376953,74.9000015258789,73.43000030517578,74.36000061035156,66.93281555175781,5726600
2020-06-11,73.8499984741211,75.0,72.81999969482422,73.0999984741211,65.79867553710938,5547300
2020-06-12,73.58999633789062,73.76000213623047,72.36000061035156,72.79000091552734,65.51963806152344,4357600
2020-06-15,72.36000061035156,73.26000213623047,71.73999786376953,72.88999938964844,65.60964965820312,3350500
2020-06-16,73.7300033569336,74.37999725341797,72.73999786376953,73.52999877929688,66.18572235107422,3034200
2020-06-17,73.80000305175781,74.4800033569336,73.54000091552734,73.80999755859375,66.4377670288086,2410500
2020-06-18,73.73999786376953,73.98999786376953,73.19000244140625,73.61000061035156,66.25772094726562,2975800
2020-06-19,74.69999694824219,75.4000015258789,73.33999633789062,73.36000061035156,66.03269958496094,5842700
2020-06-22,73.38999938964844,73.45999908447266,72.72000122070312,73.0999984741211,65.79867553710938,2220400
2020-06-23,73.33999633789062,73.87000274658203,72.80000305175781,72.91999816894531,65.63665008544922,3489000
2020-06-24,72.58999633789062,72.68000030517578,71.76000213623047,72.02999877929688,64.8355484008789,3243000
2020-06-25,72.11000061035156,72.7300033569336,71.26000213623047,72.63999938964844,65.38463592529297,3379900
2020-06-26,72.66000366210938,72.91999816894531,71.20999908447266,71.5199966430664,64.37649536132812,5402400
2020-06-29,71.88999938964844,72.5,71.88999938964844,72.43000030517578,65.19559478759766,3176600
2020-06-30,72.58999633789062,73.51000213623047,72.2699966430664,73.26000213623047,65.94271087646484,3556100
2020-07-01,73.26000213623047,73.58000183105469,72.97000122070312,73.02999877929688,65.73566436767578,3286300
2020-07-02,73.63999938964844,73.87000274658203,73.06999969482422,73.27999877929688,65.96070098876953,2658600
2020-07-06,73.72000122070312,73.87999725341797,72.87999725341797,73.44999694824219,66.11370849609375,4026300
2020-07-07,73.19000244140625,74.22000122070312,73.18000030517578,73.97000122070312,66.58179473876953,4043800
2020-07-08,74.05999755859375,74.56999969482422,73.73999786376953,74.48999786376953,67.04984283447266,3166900
2020-07-09,74.05999755859375,74.62000274658203,73.2300033569336,73.31999969482422,65.99669647216797,2916700
2020-07-10,73.2699966430664,73.95999908447266,72.69000244140625,73.68000030517578,66.32073974609375,4418600
2020-07-13,73.62999725341797,74.12999725341797,73.25,73.45999908447266,66.12271118164062,3142900
2020-07-14,73.30000305175781,74.91999816894531,73.27999877929688,74.8499984741211,67.37387084960938,3181600
2020-07-15,75.0,75.48999786376953,74.36000061035156,74.69000244140625,67.22987365722656,3270900
2020-07-16,74.80000305175781,75.12000274658203,74.19999694824219,74.9800033569336,67.49089050292969,2557800
2020-07-17,74.91999816894531,75.29000091552734,74.37999725341797,75.19999694824219,68.08846282958984,2871800
2020-07-20,74.97000122070312,75.18000030517578,73.88999938964844,74.19999694824219,67.18304443359375,2134600
2020-07-21,74.36000061035156,74.8499984741211,73.97000122070312,74.04000091552734,67.0381851196289,2920200
2020-07-22,73.58999633789062,74.20999908447266,72.61000061035156,74.13999938964844,67.12872314453125,4239400
2020-07-23,74.88999938964844,75.18000030517578,74.16000366210938,74.2300033569336,67.21021270751953,3868000
2020-07-24,74.7300033569336,75.23999786376953,73.97000122070312,74.31999969482422,67.29170989990234,2630700
2020-07-27,74.0999984741211,74.7300033569336,74.0,74.6500015258789,67.59050750732422,3182800
2020-07-28,74.91999816894531,75.98999786376953,74.75,75.70999908447266,68.55024719238281,4035900
2020-07-29,75.58000183105469,76.4800033569336,75.52999877929688,76.19999694824219,68.9939193725586,3186700
2020-07-30,75.87000274658203,77.19000244140625,75.72000122070312,76.87000274658203,69.6005630493164,4858400
2020-07-31,76.61000061035156,77.45999908447266,75.80999755859375,77.19999694824219,69.89935302734375,4346700
2020-08-03,76.69999694824219,77.2699966430664,76.5,76.56999969482422,69.32891845703125,3127500
2020-08-04,76.52999877929688,76.87999725341797,76.02999877929688,76.7699966430664,69.510009765625,3410900
2020-08-05,76.79000091552734,77.0999984741211,75.94999694824219,76.18000030517578,68.97581481933594,2730200
2020-08-06,75.91999816894531,76.0999984741211,75.5999984741211,75.86000061035156,68.68607330322266,3156100
2020-08-07,75.83000183105469,76.2699966430664,75.5999984741211,76.23999786376953,69.03013610839844,2968000
2020-08-10,76.5,76.9000015258789,76.26000213623047,76.6500015258789,69.40137481689453,3407300
2020-08-11,76.70999908447266,76.94999694824219,75.80999755859375,75.95999908447266,68.77661895751953,3398400
2020-08-12,76.36000061035156,77.77999877929688,76.26000213623047,77.23999786376953,69.93556213378906,3844300
2020-08-13,76.9800033569336,77.19000244140625,76.5199966430664,76.9800033569336,69.70015716552734,2964900
2020-08-14,76.88999938964844,77.36000061035156,76.66000366210938,77.05000305175781,69.76354217529297,2538400
2020-08-17,76.86000061035156,77.7699966430664,76.83000183105469,77.20999908447266,69.90840148925781,2762300
2020-08-18,77.2300033569336,78.19000244140625,76.94000244140625,77.6500015258789,70.3067855834961,4286200
2020-08-19,77.86000061035156,78.19000244140625,77.68000030517578,77.94999694824219,70.57840728759766,2470600
2020-08-20,77.83000183105469,78.30999755859375,77.55000305175781,78.25,70.85005187988281,2009200
2020-08-21,78.36000061035156,78.83999633789062,77.87999725341797,78.69000244140625,71.24845123291016,3405200
2020-08-24,78.80999755859375,79.19000244140625,78.62999725341797,79.12999725341797,71.64683532714844,2796800
2020-08-25,79.30000305175781,79.30999755859375,78.47000122070312,78.58999633789062,71.15788269042969,2374100
2020-08-26,78.27999877929688,79.16999816894531,78.0199966430664,78.6500015258789,71.21222686767578,3476800
2020-08-27,78.98999786376953,79.4800033569336,78.83000183105469,79.05999755859375,71.58344268798828,2208900
2020-08-28,79.0,79.51000213623047,78.44000244140625,79.37000274658203,71.8641357421875,3039800
2020-08-31,79.19999694824219,79.48999786376953,78.91999816894531,79.26000213623047,71.76453399658203,3272700
2020-09-01,79.1500015258789,79.16999816894531,77.80000305175781,78.08999633789062,70.70518493652344,2968800
2020-09-02,78.12999725341797,79.79000091552734,78.01000213623047,79.47000122070312,71.95468139648438,3405200
2020-09-03,79.62000274658203,80.0999984741211,77.08000183105469,77.66999816894531,70.32489776611328,4486600
2020-09-04,77.52999877929688,78.41999816894531,76.33999633789062,77.20999908447266,69.90840148925781,3643800
2020-09-08,77.19999694824219,77.31999969482422,75.56999969482422,75.63999938964844,68.48687744140625,4816200
2020-09-09,76.45999908447266,78.36000061035156,76.45999908447266,77.56999969482422,70.23435974121094,3128600
2020-09-10,77.11000061035156,77.77999877929688,76.26000213623047,76.41000366210938,69.1840591430664,4165800
2020-09-11,76.73999786376953,77.26000213623047,76.41000366210938,76.75,69.49191284179688,2736900
2020-09-14,76.97000122070312,77.69000244140625,76.94999694824219,77.1500015258789,69.85406494140625,2529300
2020-09-15,77.22000122070312,77.72000122070312,76.91999816894531,76.94000244140625,69.6639404296875,2093300
2020-09-16,77.2300033569336,77.76000213623047,76.87000274658203,76.91000366210938,69.63676452636719,2498900
2020-09-17,76.58000183105469,77.20999908447266,76.16999816894531,76.70999908447266,69.45569610595703,2525300
2020-09-18,76.30000305175781,76.94000244140625,75.27999877929688,75.83000183105469,68.65889739990234,4563600
2020-09-21,75.31999969482422,75.93000030517578,74.3499984741211,75.19000244140625,68.07942962646484,3004500
2020-09-22,75.23999786376953,76.56999969482422,75.22000122070312,76.06999969482422,68.87623596191406,2852500
2020-09-23,76.16999816894531,76.2300033569336,75.02999877929688,75.13999938964844,68.03414916992188,2962100
2020-09-24,75.30000305175781,76.2699966430664,74.95999908447266,75.76000213623047,68.59552001953125,2385200
2020-09-25,75.38999938964844,76.11000061035156,75.33000183105469,75.94999694824219,68.76754760742188,2803300
2020-09-28,76.7300033569336,77.51000213623047,76.41999816894531,76.61000061035156,69.36514282226562,2586300
2020-09-29,76.66999816894531,76.77999877929688,75.8499984741211,76.22000122070312,69.01202392578125,2076000
2020-09-30,76.58000183105469,77.44999694824219,76.41000366210938,77.1500015258789,69.85406494140625,3962100
2020-10-01,77.52999877929688,77.7300033569336,76.73999786376953,77.05999755859375,69.7725830078125,4048600
2020-10-02,76.58999633789062,77.95999908447266,76.45999908447266,77.4000015258789,70.0804443359375,3540200
2020-10-05,77.5,78.48999786376953,77.43000030517578,78.41999816894531,71.00397491455078,2768600
2020-10-06,78.55000305175781,78.62999725341797,77.19999694824219,77.54000091552734,70.20720672607422,2640900
2020-10-07,77.83000183105469,78.38999938964844,77.69000244140625,78.12999725341797,70.74140930175781,1928300
2020-10-08,78.2300033569336,78.83999633789062,78.08000183105469,78.73999786376953,71.29370880126953,2144500
2020-10-09,79.08999633789062,80.12999725341797,78.88999938964844,79.7699966430664,72.22631072998047,2870600
2020-10-12,79.69000244140625,80.95999908447266,79.62000274658203,80.62999725341797,73.00497436523438,2691100
2020-10-13,80.5,80.98999786376953,79.8499984741211,80.26000213623047,72.66998291015625,3042800
2020-10-14,80.44000244140625,80.62999725341797,79.41999816894531,79.86000061035156,72.30780792236328,2200100
2020-10-15,79.41999816894531,80.13999938964844,79.27999877929688,79.70999908447266,72.17198944091797,3375800
2020-10-16,80.12000274658203,80.58999633789062,80.02999877929688,80.30999755859375,72.7152328491211,2963600
2020-10-19,80.44999694824219,80.9000015258789,79.01000213623047,79.20999908447266,71.71926879882812,2854800
2020-10-20,80.06999969482422,80.76000213623047,79.70999908447266,79.83000183105469,72.2806396484375,2960900
2020-10-21,79.5199966430664,80.73999786376953,79.5199966430664,80.19999694824219,72.61564636230469,3591700
2020-10-22,79.37999725341797,79.68000030517578,78.68000030517578,79.29000091552734,72.18772888183594,2516400
2020-10-23,79.55000305175781,80.0,79.31999969482422,79.33999633789062,72.23326110839844,2259400
2020-10-26,78.86000061035156,79.22000122070312,78.12000274658203,78.69000244140625,71.64151000976562,3886700
2020-10-27,79.22000122070312,79.63999938964844,78.79000091552734,78.8499984741211,71.78716278076172,2828600
2020-10-28,77.41999816894531,78.18000030517578,76.69999694824219,76.86000061035156,69.97541809082031,4767300
2020-10-29,76.54000091552734,77.44000244140625,75.55999755859375,76.66999816894531,69.80242156982422,3939600
2020-10-30,79.94000244140625,81.08999633789062,77.68000030517578,78.88999938964844,71.82357788085938,7362900
2020-11-02,80.18000030517578,81.0199966430664,79.51000213623047,80.16000366210938,72.97982025146484,4217700
2020-11-03,80.87999725341797,83.41999816894531,80.83000183105469,83.11000061035156,75.66558074951172,5327800
2020-11-04,83.3499984741211,85.63999938964844,83.08999633789062,83.86000061035156,76.34839630126953,5653400
2020-11-05,84.75,84.75,82.9800033569336,83.01000213623047,75.57453155517578,3914000
2020-11-06,83.08000183105469,83.55000305175781,82.44999694824219,83.02999877929688,75.59273529052734,3481300
2020-11-09,83.80000305175781,84.56999969482422,81.54000091552734,81.77999877929688,74.4547119140625,6633800
2020-11-10,81.88999938964844,83.76000213623047,81.38999938964844,83.3499984741211,75.88406372070312,4494500
2020-11-11,84.0,85.25,83.44000244140625,84.93000030517578,77.32254028320312,3896900
2020-11-12,85.0,85.12000274658203,84.20999908447266,84.7300033569336,77.14047241210938,3705200
2020-11-13,84.77999877929688,85.41000366210938,84.69000244140625,85.36000061035156,77.71404266357422,3742400
2020-11-16,85.37999725341797,85.94000244140625,85.20999908447266,85.93000030517578,78.23297882080078,3701500
2020-11-17,85.38999938964844,86.05999755859375,85.27999877929688,85.3499984741211,77.70492553710938,3406800
2020-11-18,85.63999938964844,85.94000244140625,84.5999984741211,84.61000061035156,77.03121185302734,4168500
2020-11-19,84.98999786376953,85.63999938964844,84.69999694824219,85.37999725341797,77.73225402832031,4400800
2020-11-20,85.5199966430664,86.41000366210938,85.12000274658203,85.16000366210938,77.53194427490234,3719000
2020-11-23,85.2300033569336,85.2300033569336,83.97000122070312,84.54000091552734,76.96749114990234,3046000
2020-11-24,84.94999694824219,85.6500015258789,84.12000274658203,84.70999908447266,77.12226104736328,4223200
2020-11-25,85.13999938964844,85.47000122070312,84.44000244140625,84.75,77.15869140625,3135700
2020-11-27,84.94999694824219,85.05999755859375,84.30000305175781,84.9000015258789,77.29524230957031,2188300
2020-11-30,84.98999786376953,85.66000366210938,84.19999694824219,85.63999938964844,77.96895599365234,4355900
2020-12-01,85.76000213623047,86.33999633789062,85.37999725341797,86.26000213623047,78.53343200683594,3372300
2020-12-02,86.06999969482422,86.37999725341797,85.25,85.73999786376953,78.05998229980469,2740100
2020-12-03,85.5199966430664,85.7300033569336,84.41000366210938,85.19000244140625,77.55927276611328,3842100
2020-12-04,85.23999786376953,85.68000030517578,84.41999816894531,85.02999877929688,77.41361236572266,3142600
2020-12-07,84.80000305175781,85.86000061035156,84.75,85.38999938964844,77.74134063720703,2966800
2020-12-08,84.47000122070312,85.44000244140625,84.19000244140625,85.16999816894531,77.54106140136719,2664500
2020-12-09,85.16000366210938,85.33999633789062,84.38999938964844,84.75,77.15869140625,2582900
2020-12-10,84.88999938964844,85.3499984741211,84.38999938964844,84.58999633789062,77.01300048828125,2856500
2020-12-11,84.16000366210938,85.08999633789062,84.1500015258789,84.68000030517578,77.09495544433594,2610200
2020-12-14,85.08000183105469,85.44999694824219,84.13999938964844,84.19000244140625,76.64884185791016,2684400
2020-12-15,84.51000213623047,85.06999969482422,84.20999908447266,84.75,77.15869140625,2555800
2020-12-16,85.13999938964844,85.76000213623047,84.63999938964844,85.04000091552734,77.42269897460938,2862000
2020-12-17,85.5,86.05000305175781,85.33999633789062,85.66000366210938,77.9871597290039,3086500
2020-12-18,85.66000366210938,86.19999694824219,84.95999908447266,85.93000030517578,78.23297882080078,6089800
2020-12-21,85.05000305175781,85.48999786376953,84.37000274658203,85.30999755859375,77.66853332519531,2757900
2020-12-22,85.19999694824219,85.41999816894531,84.2699966430664,84.4000015258789,76.84002685546875,2341500
2020-12-23,84.58999633789062,84.95999908447266,84.19999694824219,84.43000030517578,76.8673324584961,2690400
2020-12-24,84.62000274658203,85.0999984741211,84.48999786376953,85.04000091552734,77.42269897460938,733200
2020-12-28,85.27999877929688,85.68000030517578,84.9800033569336,85.41000366210938,77.75955963134766,1225800
2020-12-29,85.83000183105469,86.20999908447266,84.91999816894531,85.02999877929688,77.41361236572266,2390900
2020-12-30,85.18000030517578,85.33999633789062,84.55000305175781,84.7300033569336,77.14047241210938,2158000
2020-12-31,84.95999908447266,85.5999984741211,84.52999877929688,85.51000213623047,77.8506088256836,1893100
2021-01-04,84.77999877929688,85.55999755859375,83.52999877929688,84.33000183105469,76.77629089355469,3506000
2021-01-05,84.33000183105469,84.81999969482422,83.37000274658203,84.5199966430664,76.94927978515625,2559300
2021-01-06,84.16000366210938,84.79000091552734,81.87000274658203,82.25,74.88259887695312,9053900
2021-01-07,81.91000366210938,82.55000305175781,81.13999938964844,81.80000305175781,74.4729232788086,5061000
2021-01-08,82.08999633789062,82.61000061035156,81.81999969482422,82.3499984741211,74.97364044189453,5569300
2021-01-11,82.3499984741211,83.05999755859375,82.0999984741211,82.13999938964844,74.7824478149414,4430800
2021-01-12,81.87999725341797,82.75,81.8499984741211,82.26000213623047,74.89171600341797,4359800
2021-01-13,82.25,82.93000030517578,82.25,82.48999786376953,75.10111999511719,4069400
2021-01-14,82.7699966430664,82.77999877929688,81.62000274658203,81.94000244140625,74.60037994384766,3732500
2021-01-15,81.94000244140625,82.44000244140625,81.69000244140625,81.87999725341797,74.5457534790039,6359600
2021-01-19,82.55000305175781,82.55000305175781,80.73999786376953,80.8499984741211,73.60801696777344,4004300
2021-01-20,79.5,80.44999694824219,78.9000015258789,80.19999694824219,73.0162353515625,6897200
2021-01-21,80.18000030517578,80.43000030517578,78.76000213623047,79.27999877929688,72.17863464355469,5772000
2021-01-22,78.77999877929688,78.91999816894531,77.9000015258789,78.19000244140625,71.58357238769531,4816300
2021-01-25,78.20999908447266,79.0999984741211,78.1500015258789,78.61000061035156,71.96807861328125,7750400
2021-01-26,78.87000274658203,79.08999633789062,77.93000030517578,78.75,72.09624481201172,5788400
2021-01-27,78.55000305175781,78.98999786376953,77.83999633789062,78.02999877929688,71.43708038330078,6289700
2021-01-28,78.04000091552734,79.83000183105469,78.02999877929688,79.1500015258789,72.46245574951172,8037900
2021-01-29,78.91000366210938,80.19999694824219,77.83999633789062,78.0,71.40961456298828,7405100
2021-02-01,78.63999938964844,79.69999694824219,78.31999969482422,78.5199966430664,71.88567352294922,6514500
2021-02-02,78.8499984741211,79.75,78.55999755859375,78.8499984741211,72.18778991699219,5018800
2021-02-03,79.0,79.41000366210938,78.52999877929688,78.87999725341797,72.21527099609375,3863600
2021-02-04,78.7699966430664,79.27999877929688,78.44999694824219,78.93000030517578,72.26103210449219,3869600
2021-02-05,79.16000366210938,80.06999969482422,79.11000061035156,79.87000274658203,73.1216049194336,3579200
2021-02-08,80.0,80.12999725341797,79.2699966430664,79.69999694824219,72.96598052978516,3828700
2021-02-09,79.63999938964844,79.66000366210938,78.36000061035156,78.69999694824219,72.05046844482422,3682200
2021-02-10,79.0,79.47000122070312,78.2699966430664,79.11000061035156,72.42583465576172,4882700
2021-02-11,79.25,79.30000305175781,78.3499984741211,78.41000366210938,71.78498077392578,3106000
2021-02-12,78.33000183105469,78.5,77.77999877929688,78.43000030517578,71.80329132080078,2732400
2021-02-16,78.05000305175781,78.22000122070312,77.06999969482422,78.19000244140625,71.58357238769531,5147600
2021-02-17,77.9000015258789,78.91999816894531,77.86000061035156,78.44000244140625,71.81243896484375,3145000
2021-02-18,78.33999633789062,78.86000061035156,78.08999633789062,78.72000122070312,72.06878662109375,2565600
2021-02-19,78.62000274658203,78.75,77.11000061035156,77.19999694824219,70.67720794677734,4540200
2021-02-22,77.22000122070312,77.44000244140625,76.87999725341797,77.2699966430664,70.74128723144531,2573400
2021-02-23,77.80000305175781,78.44000244140625,77.0,77.48999786376953,70.94270324707031,4131400
2021-02-24,77.08999633789062,77.63999938964844,76.62999725341797,76.63999938964844,70.1645278930664,4083400
2021-02-25,76.5999984741211,77.16999816894531,76.27999877929688,76.69000244140625,70.21029663085938,4178100
2021-02-26,76.66000366210938,76.66000366210938,75.1500015258789,75.19999694824219,68.84618377685547,5421200
2021-03-01,75.44000244140625,76.36000061035156,75.33000183105469,75.5999984741211,69.2123794555664,3872400
2021-03-02,75.63999938964844,76.05000305175781,75.26000213623047,75.41999816894531,69.04759979248047,4977000
2021-03-03,75.0999984741211,75.2699966430664,74.18000030517578,74.61000061035156,68.30604553222656,5705600
2021-03-04,74.91999816894531,75.94000244140625,74.2699966430664,74.44000244140625,68.1504135131836,6337500
2021-03-05,74.61000061035156,76.23999786376953,74.56999969482422,76.05999755859375,69.63351440429688,10241200
2021-03-08,75.76000213623047,77.26000213623047,75.37999725341797,76.44999694824219,69.99058532714844,4676200
2021-03-09,76.7300033569336,77.33999633789062,74.8499984741211,74.94000244140625,68.608154296875,7085400
2021-03-10,75.29000091552734,76.33000183105469,74.13999938964844,75.80000305175781,69.39550018310547,7028500
2021-03-11,75.56999969482422,75.86000061035156,75.11000061035156,75.2699966430664,68.9102783203125,4842600
2021-03-12,75.87000274658203,76.25,75.38999938964844,75.51000213623047,69.12999725341797,3141700
2021-03-15,76.04000091552734,76.12000274658203,74.91000366210938,75.68000030517578,69.28562927246094,4860300
2021-03-16,75.8499984741211,76.38999938964844,75.5,75.86000061035156,69.45043182373047,4268600
2021-03-17,76.1500015258789,76.41999816894531,75.4000015258789,75.80000305175781,69.39550018310547,3914900
2021-03-18,75.66000366210938,76.20999908447266,74.66999816894531,76.06999969482422,69.6427001953125,3366700
2021-03-19,76.0999984741211,76.5,74.8499984741211,74.9800033569336,68.64476776123047,11878800
2021-03-22,74.9800033569336,75.93000030517578,74.83999633789062,75.7699966430664,69.36802673339844,8160500
2021-03-23,76.19999694824219,78.31999969482422,75.81999969482422,77.75,71.18073272705078,6060800
2021-03-24,76.9000015258789,78.26000213623047,76.9000015258789,77.7699966430664,71.19904327392578,4255400
2021-03-25,78.30000305175781,78.54000091552734,77.47000122070312,77.88999938964844,71.30890655517578,4769500
2021-03-26,77.79000091552734,79.26000213623047,77.5199966430664,79.22000122070312,72.52652740478516,4170300
2021-03-29,79.11000061035156,79.97000122070312,79.11000061035156,79.9000015258789,73.1490707397461,3811800
2021-03-30,79.47000122070312,79.73999786376953,79.01000213623047,79.33000183105469,72.62725067138672,4841700
2021-03-31,79.75,79.81999969482422,78.61000061035156,78.83000183105469,72.16946411132812,4493200
2021-04-01,78.52999877929688,79.05999755859375,77.58000183105469,78.55000305175781,71.91314697265625,4881300
2021-04-05,78.7300033569336,79.91000366210938,78.61000061035156,79.52999877929688,72.81034088134766,4026900
2021-04-06,79.25,80.13999938964844,79.20999908447266,79.86000061035156,73.11248016357422,3814800
2021-04-07,80.2300033569336,80.33000183105469,79.45999908447266,79.62000274658203,72.89274597167969,5027800
2021-04-08,79.69999694824219,79.8499984741211,79.19000244140625,79.63999938964844,72.91107177734375,3773000
2021-04-09,79.66999816894531,80.16999816894531,79.16999816894531,79.77999877929688,73.0392074584961,3509000
2021-04-12,79.80000305175781,80.45999908447266,79.62000274658203,80.16000366210938,73.38711547851562,3510400
2021-04-13,79.5,79.83000183105469,79.12000274658203,79.7300033569336,72.99345397949219,4442500
2021-04-14,79.79000091552734,79.80999755859375,79.0,79.4000015258789,72.69131469726562,4129600
2021-04-15,79.7699966430664,80.76000213623047,79.56999969482422,80.45999908447266,73.66177368164062,4010400
2021-04-16,80.87999725341797,80.95999908447266,80.30000305175781,80.69999694824219,73.88148498535156,8134800
2021-04-19,80.4800033569336,80.58000183105469,79.70999908447266,80.37000274658203,73.57937622070312,4021200
2021-04-20,79.93000030517578,81.87999725341797,79.81999969482422,81.33000183105469,74.87749481201172,4307300
2021-04-21,81.7300033569336,82.05000305175781,80.80999755859375,81.1500015258789,74.71178436279297,3755200
2021-04-22,80.93000030517578,81.62999725341797,80.72000122070312,81.05000305175781,74.61973571777344,4036400
2021-04-23,80.41000366210938,80.62999725341797,79.4800033569336,79.79000091552734,73.45967102050781,3908400
2021-04-26,79.75,79.88999938964844,78.97000122070312,79.27999877929688,72.9901351928711,3920000
2021-04-27,78.95999908447266,79.12999725341797,78.41000366210938,78.55999755859375,72.3272705078125,4148900
2021-04-28,79.05999755859375,79.2699966430664,78.58000183105469,78.7699966430664,72.52059173583984,3353300
2021-04-29,79.06999969482422,80.2300033569336,79.0199966430664,79.81999969482422,73.48729705810547,4828400
2021-04-30,79.61000061035156,81.16000366210938,79.61000061035156,80.69999694824219,74.29747772216797,7252300
2021-05-03,80.83999633789062,81.25,80.19000244140625,81.06999969482422,74.63813018798828,3709100
2021-05-04,81.19999694824219,82.0,80.8499984741211,81.08999633789062,74.65653228759766,4129500
2021-05-05,80.94999694824219,81.55000305175781,80.52999877929688,81.31999969482422,74.8682861328125,3093300
2021-05-06,81.62999725341797,82.4000015258789,81.37000274658203,82.30999755859375,75.77974700927734,3850100
2021-05-07,82.22000122070312,82.54000091552734,81.86000061035156,82.18000030517578,75.66006469726562,2263700
2021-05-10,82.6500015258789,83.93000030517578,82.44000244140625,83.33999633789062,76.7280502319336,4206000
2021-05-11,83.56999969482422,83.62999725341797,82.19000244140625,82.44000244140625,75.89944458007812,5119300
2021-05-12,82.51000213623047,82.83999633789062,81.93000030517578,82.05000305175781,75.54039001464844,4075100
2021-05-13,81.76000213623047,83.76000213623047,81.44999694824219,83.26000213623047,76.65438842773438,4300200
2021-05-14,83.48999786376953,84.01000213623047,83.36000061035156,83.55999755859375,76.93058776855469,4146500
2021-05-17,83.79000091552734,84.2699966430664,83.37999725341797,83.55000305175781,76.92138671875,3522100
2021-05-18,83.16000366210938,83.87999725341797,82.76000213623047,83.11000061035156,76.51628875732422,3024200
2021-05-19,82.80000305175781,83.26000213623047,82.44000244140625,83.20999908447266,76.60835266113281,4078400
2021-05-20,83.26000213623047,84.68000030517578,83.16999816894531,84.08999633789062,77.41851806640625,3966900
2021-05-21,84.29000091552734,84.66000366210938,84.0199966430664,84.2300033569336,77.54744720458984,3497900
2021-05-24,84.44000244140625,84.91000366210938,84.0999984741211,84.4000015258789,77.70394134521484,3196200
2021-05-25,84.47000122070312,84.68000030517578,83.9000015258789,84.58999633789062,77.87886810302734,3472800
2021-05-26,84.87999725341797,84.87999725341797,84.19999694824219,84.43000030517578,77.73155212402344,2601700
2021-05-27,84.37000274658203,84.66999816894531,83.69000244140625,83.69000244140625,77.05026245117188,4686300
2021-05-28,83.95999908447266,84.58999633789062,83.72000122070312,83.77999877929688,77.13312530517578,3971700
2021-06-01,84.94999694824219,85.01000213623047,82.12000274658203,82.4800033569336,75.93627166748047,5587000
2021-06-02,82.7699966430664,83.27999877929688,82.51000213623047,82.87999725341797,76.30453491210938,3749600
2021-06-03,82.93000030517578,83.95999908447266,82.7300033569336,83.94999694824219,77.28963470458984,3967000
2021-06-04,84.4000015258789,84.5199966430664,83.69999694824219,83.97000122070312,77.30804443359375,3660200
2021-06-07,84.08999633789062,84.08999633789062,83.37000274658203,83.9000015258789,77.24360656738281,3211600
2021-06-08,84.05999755859375,84.2300033569336,82.87000274658203,82.93000030517578,76.3505630493164,3233100
2021-06-09,83.44999694824219,83.87999725341797,82.52999877929688,82.55999755859375,76.00991821289062,6530200
2021-06-10,82.55000305175781,83.66999816894531,82.55000305175781,83.5999984741211,76.96739959716797,4075900
2021-06-11,83.69999694824219,83.88999938964844,83.11000061035156,83.62999725341797,76.9950180053711,2560000
2021-06-14,83.66000366210938,83.66000366210938,82.86000061035156,83.41000366210938,76.79248046875,2345200
2021-06-15,83.69000244140625,83.87000274658203,83.1500015258789,83.2699966430664,76.66358947753906,3220700
2021-06-16,83.9000015258789,83.9000015258789,81.91000366210938,81.94999694824219,75.44831085205078,3615200
2021-06-17,81.80999755859375,82.6500015258789,81.47000122070312,82.43000030517578,75.8902359008789,3253100
2021-06-18,81.91999816894531,82.22000122070312,81.0,81.0199966430664,74.59210205078125,7471300
2021-06-21,81.2699966430664,81.58999633789062,81.12999725341797,81.44000244140625,74.9787826538086,4226700
2021-06-22,81.45999908447266,81.69000244140625,81.02999877929688,81.29000091552734,74.8406753540039,3159900
2021-06-23,81.27999877929688,81.33999633789062,80.23999786376953,80.25,73.8831787109375,3673800
2021-06-24,80.2699966430664,80.86000061035156,80.20999908447266,80.55999755859375,74.16858673095703,3449800
2021-06-25,80.61000061035156,81.51000213623047,80.33000183105469,81.45999908447266,74.9971923828125,9475300
2021-06-28,81.5999984741211,82.30000305175781,81.5199966430664,81.72000122070312,75.23656463623047,2735300
2021-06-29,81.86000061035156,82.08000183105469,81.06999969482422,81.25,74.80386352539062,3056700
2021-06-30,81.56999969482422,81.66999816894531,80.81999969482422,81.3499984741211,74.89591979980469,4687700
2021-07-01,81.5,81.87999725341797,81.25,81.73999786376953,75.2549819946289,3596100
2021-07-02,81.91999816894531,82.12000274658203,81.58999633789062,81.69999694824219,75.21813201904297,2752200
2021-07-06,81.66999816894531,82.0999984741211,81.44999694824219,81.97000122070312,75.46675109863281,3221000
2021-07-07,82.0999984741211,83.08999633789062,81.91000366210938,82.66000366210938,76.10197448730469,3220200
2021-07-08,82.58000183105469,83.0,82.05000305175781,82.33999633789062,75.80735778808594,3514800
2021-07-09,82.66999816894531,82.81999969482422,82.2699966430664,82.43000030517578,75.8902359008789,2801600
2021-07-12,82.51000213623047,83.12000274658203,82.4800033569336,82.93000030517578,76.3505630493164,4482600
2021-07-13,82.77999877929688,83.31999969482422,82.3499984741211,82.63999938964844,76.08356475830078,2733700
2021-07-14,82.62999725341797,83.37999725341797,82.27999877929688,83.2300033569336,76.62676239013672,2959200
2021-07-15,83.33000183105469,83.7699966430664,82.6500015258789,83.62999725341797,76.9950180053711,4200800
2021-07-16,83.66000366210938,84.5,83.66000366210938,84.38999938964844,77.69473266601562,6527500
2021-07-19,84.37999725341797,84.95999908447266,83.18000030517578,83.97000122070312,77.30804443359375,4960200
2021-07-20,83.81999969482422,84.77999877929688,82.66999816894531,82.69000244140625,76.53978729248047,4884100
2021-07-21,82.77999877929688,82.9800033569336,82.05999755859375,82.18000030517578,76.06771087646484,3579600
2021-07-22,81.63999938964844,82.4800033569336,81.29000091552734,81.83999633789062,75.75299835205078,3659900
2021-07-23,81.72000122070312,83.45999908447266,81.52999877929688,83.27999877929688,77.08590698242188,3107500
2021-07-26,83.1500015258789,84.30000305175781,82.94999694824219,84.08999633789062,77.83564758300781,5947500
2021-07-27,83.77999877929688,84.56999969482422,83.44000244140625,83.94999694824219,77.7060546875,4136700
2021-07-28,84.01000213623047,84.26000213623047,83.13999938964844,83.18000030517578,76.99335479736328,3110700
2021-07-29,83.4800033569336,83.83000183105469,83.02999877929688,83.5199966430664,77.30804443359375,3974400
2021-07-30,80.5199966430664,81.05999755859375,79.22000122070312,79.5,73.58706665039062,9513700
2021-08-02,79.48999786376953,79.81999969482422,78.6500015258789,79.54000091552734,73.62405395507812,5339300
2021-08-03,79.33999633789062,79.87999725341797,79.08999633789062,79.41999816894531,73.51300048828125,3635700
2021-08-04,79.26000213623047,79.47000122070312,77.81999969482422,78.25,72.43001556396484,4194400
2021-08-05,78.7699966430664,79.37999725341797,78.4000015258789,78.9000015258789,73.03168487548828,4135100
2021-08-06,78.97000122070312,79.25,78.30000305175781,78.62999725341797,72.7817611694336,2877400
2021-08-09,78.7699966430664,78.93000030517578,78.02999877929688,78.33999633789062,72.51331329345703,2563700
2021-08-10,78.55000305175781,78.7699966430664,77.98999786376953,78.7300033569336,72.87432098388672,2740600
2021-08-11,78.58000183105469,79.33999633789062,78.58000183105469,79.0999984741211,73.216796875,4239100
2021-08-12,79.5999984741211,79.63999938964844,78.77999877929688,78.79000091552734,72.92986297607422,3595500
2021-08-13,78.73999786376953,79.58000183105469,78.68000030517578,79.44000244140625,73.5315170288086,3521600
2021-08-16,79.48999786376953,80.1500015258789,79.48999786376953,79.77999877929688,73.8462142944336,6098900
2021-08-17,79.54000091552734,80.72000122070312,79.5199966430664,80.02999877929688,74.07760620117188,3356600
2021-08-18,79.83999633789062,79.88999938964844,78.12000274658203,78.16000366210938,72.34671020507812,3654100
2021-08-19,78.19000244140625,79.27999877929688,78.19000244140625,78.97000122070312,73.09646606445312,3527800
2021-08-20,79.12000274658203,79.43000030517578,78.55999755859375,78.80000305175781,72.93911743164062,3026100
2021-08-23,78.7300033569336,78.9800033569336,78.33000183105469,78.37999725341797,72.55034637451172,3163400
2021-08-24,78.0,78.29000091552734,77.66000366210938,77.66999816894531,71.89314270019531,2923000
2021-08-25,77.5,77.83000183105469,76.98999786376953,77.6500015258789,71.8746566772461,3636600
2021-08-26,77.66999816894531,77.79000091552734,77.05000305175781,77.30999755859375,71.55992126464844,2317300
2021-08-27,77.30999755859375,77.80999755859375,77.20999908447266,77.44000244140625,71.6802749633789,2294200
2021-08-30,77.62999725341797,77.94000244140625,77.44999694824219,77.6500015258789,71.8746566772461,1960800
2021-08-31,77.6500015258789,78.27999877929688,77.5199966430664,77.94999694824219,72.15232849121094,3786900
2021-09-01,77.83999633789062,78.47000122070312,77.83000183105469,78.33000183105469,72.50406646728516,2658000
2021-09-02,78.33000183105469,78.55999755859375,78.08999633789062,78.5199966430664,72.67992401123047,2549700
2021-09-03,78.4000015258789,78.44999694824219,77.7699966430664,77.91000366210938,72.11530303955078,3030200
2021-09-07,77.9000015258789,77.94999694824219,76.83000183105469,76.9000015258789,71.18042755126953,3246400
2021-09-08,76.61000061035156,77.86000061035156,76.5999984741211,77.77999877929688,71.99496459960938,3863900
2021-09-09,78.06999969482422,78.22000122070312,77.2300033569336,77.30000305175781,71.55067443847656,3956900
2021-09-10,77.47000122070312,77.47000122070312,76.79000091552734,77.04000091552734,71.31000518798828,3360100
2021-09-13,77.33999633789062,78.18000030517578,77.16000366210938,77.37999725341797,71.6247329711914,3371400
2021-09-14,77.37999725341797,77.58999633789062,77.08999633789062,77.30000305175781,71.55067443847656,2950600
2021-09-15,77.4800033569336,77.83999633789062,77.08000183105469,77.20999908447266,71.46736907958984,3662100
2021-09-16,77.12999725341797,77.25,75.86000061035156,76.47000122070312,70.78240966796875,4170600
2021-09-17,76.26000213623047,76.94999694824219,76.16999816894531,76.2300033569336,70.56025695800781,7334200
2021-09-20,77.0199966430664,77.2300033569336,75.69000244140625,76.16999816894531,70.50472259521484,4942500
2021-09-21,76.27999877929688,77.11000061035156,76.26000213623047,76.38999938964844,70.70836639404297,4247500
2021-09-22,76.76000213623047,77.04000091552734,76.25,76.43000030517578,70.7453842163086,2811500
2021-09-23,76.7300033569336,76.91000366210938,76.30999755859375,76.66999816894531,70.967529296875,2393100
2021-09-24,76.5999984741211,76.94999694824219,76.5,76.62999725341797,70.93050384521484,2214000
2021-09-27,76.5,76.66000366210938,75.91999816894531,76.01000213623047,70.35662078857422,2899700
2021-09-28,75.62000274658203,76.16000366210938,75.41000366210938,75.81999969482422,70.1807632446289,4949500
2021-09-29,75.81999969482422,77.36000061035156,75.69000244140625,77.08000183105469,71.34705352783203,4094300
2021-09-30,77.12000274658203,77.29000091552734,75.58000183105469,75.58000183105469,69.95860290527344,4178800
2021-10-01,75.8499984741211,76.0199966430664,75.06999969482422,75.58000183105469,69.95860290527344,3473400
2021-10-04,75.51000213623047,75.93000030517578,74.61000061035156,75.05999755859375,69.47727966308594,3943600
2021-10-05,75.0,75.08000183105469,74.37000274658203,74.41999816894531,68.8848876953125,4915400
2021-10-06,74.06999969482422,75.19000244140625,74.01000213623047,75.0999984741211,69.51428985595703,4052700
2021-10-07,75.52999877929688,76.41000366210938,75.5199966430664,75.58999633789062,69.9678726196289,3642200
2021-10-08,75.54000091552734,75.88999938964844,75.30999755859375,75.58999633789062,69.9678726196289,3327900
2021-10-11,75.9000015258789,76.16000366210938,75.56999969482422,75.80000305175781,70.1622543334961,3742400
2021-10-12,75.6500015258789,76.19999694824219,75.4000015258789,75.66999816894531,70.04190826416016,2788900
2021-10-13,75.75,76.22000122070312,75.08000183105469,76.06999969482422,70.41217041015625,3684000
2021-10-14,76.20999908447266,76.80999755859375,76.0,76.5999984741211,70.90274810791016,3739000
2021-10-15,76.66000366210938,76.98999786376953,76.0,76.25,70.57878112792969,4076000
2021-10-18,75.93000030517578,76.01000213623047,75.16999816894531,75.27999877929688,69.68090057373047,4331000
2021-10-19,74.69999694824219,74.9000015258789,74.29000091552734,74.77999877929688,69.21810150146484,5206800
2021-10-20,74.56999969482422,75.62999725341797,74.5199966430664,75.0999984741211,69.93513488769531,5317600
2021-10-21,75.43000030517578,75.5999984741211,74.83000183105469,74.88999938964844,69.73958587646484,4370500
2021-10-22,74.80999755859375,75.69000244140625,74.58000183105469,75.5,70.30763244628906,7665400
2021-10-25,75.0199966430664,75.3499984741211,74.19999694824219,75.13999938964844,69.97239685058594,6205900
2021-10-26,75.44000244140625,76.19000244140625,75.2300033569336,76.16000366210938,70.92224884033203,5400200
2021-10-27,76.30999755859375,76.61000061035156,75.61000061035156,75.9000015258789,70.68013000488281,4583100
2021-10-28,75.9000015258789,76.91000366210938,75.69999694824219,76.87999725341797,71.59272766113281,4849900
2021-10-29,77.02999877929688,77.44999694824219,75.66999816894531,76.19000244140625,70.95018768310547,6683300
2021-11-01,75.98999786376953,76.5999984741211,75.66999816894531,75.94999694824219,70.72669219970703,4008000
2021-11-02,75.79000091552734,76.61000061035156,75.56999969482422,76.2699966430664,71.02468872070312,4132200
2021-11-03,76.31999969482422,77.29000091552734,75.95999908447266,77.2699966430664,71.95588684082031,3916000
2021-11-04,76.88999938964844,77.52999877929688,76.87000274658203,77.29000091552734,71.97453308105469,3407000
2021-11-05,77.55000305175781,77.94999694824219,77.08000183105469,77.83999633789062,72.48670959472656,3560300
2021-11-08,77.8499984741211,77.94999694824219,77.01000213623047,77.73999786376953,72.39360809326172,3335900
2021-11-09,77.87000274658203,78.18000030517578,77.48999786376953,78.05000305175781,72.6822738647461,3854900
2021-11-10,77.94000244140625,78.52999877929688,77.58999633789062,78.4800033569336,73.08270263671875,3263500
2021-11-11,78.38999938964844,78.43000030517578,77.83999633789062,77.98999786376953,72.62639617919922,2788500
2021-11-12,77.91999816894531,78.45999908447266,77.66000366210938,78.02999877929688,72.66364288330078,3057200
2021-11-15,78.25,78.3499984741211,77.87999725341797,78.30000305175781,72.9150619506836,3263900
2021-11-16,78.5,78.77999877929688,77.83999633789062,77.87999725341797,72.52397155761719,3140500
2021-11-17,77.7699966430664,77.77999877929688,77.16999816894531,77.58000183105469,72.24459075927734,3144600
2021-11-18,77.48999786376953,77.55000305175781,76.16999816894531,76.38999938964844,71.13642883300781,3416600
2021-11-19,76.47000122070312,77.66000366210938,76.47000122070312,77.19999694824219,71.89071655273438,3978200
2021-11-22,77.41000366210938,78.30999755859375,77.30000305175781,77.55999755859375,72.2259521484375,3601000
2021-11-23,77.69000244140625,78.18000030517578,77.23999786376953,77.93000030517578,72.57051849365234,2941800
2021-11-24,78.06999969482422,78.16000366210938,77.37000274658203,77.76000213623047,72.41221618652344,2350400
2021-11-26,77.77999877929688,78.5999984741211,76.95999908447266,77.05999755859375,71.7603530883789,2439900
2021-11-29,77.08000183105469,78.08000183105469,76.94000244140625,77.70999908447266,72.36566925048828,3923000
2021-11-30,77.13999938964844,77.4000015258789,75.01000213623047,75.0199966430664,69.86064910888672,8702400
2021-12-01,75.5,76.52999877929688,75.31999969482422,75.38999938964844,70.20520782470703,3716700
2021-12-02,75.72000122070312,76.2699966430664,75.37000274658203,75.4800033569336,70.28901672363281,4665300
2021-12-03,76.0199966430664,76.77999877929688,75.44000244140625,76.7699966430664,71.49028015136719,5206200
2021-12-06,77.29000091552734,79.08000183105469,77.16000366210938,78.58000183105469,73.17581939697266,6525000
2021-12-07,78.25,78.81999969482422,77.66999816894531,77.80999755859375,72.45877838134766,3952500
2021-12-08,77.38999938964844,77.97000122070312,76.7699966430664,77.76000213623047,72.41221618652344,4311200
2021-12-09,77.66999816894531,78.30000305175781,77.30999755859375,78.0,72.63569641113281,2928500
2021-12-10,78.5,79.5999984741211,78.19000244140625,79.47000122070312,74.00460815429688,4294500
2021-12-13,79.27999877929688,81.25,79.27999877929688,81.13999938964844,75.55975341796875,5950900
2021-12-14,81.19999694824219,82.33999633789062,81.06999969482422,82.12999725341797,76.48168182373047,7682500
2021-12-15,81.93000030517578,83.22000122070312,81.81999969482422,82.76000213623047,77.06835174560547,6124500
2021-12-16,82.70999908447266,84.05999755859375,82.48999786376953,83.94999694824219,78.1764907836914,5237600
2021-12-17,83.58000183105469,84.2699966430664,82.23999786376953,82.4800033569336,76.80760192871094,10299800
2021-12-20,82.08999633789062,82.8499984741211,81.81999969482422,82.5199966430664,76.8448486328125,5162300
2021-12-21,82.30999755859375,82.73999786376953,81.7699966430664,82.08999633789062,76.44441986083984,4630800
2021-12-22,82.18000030517578,82.55000305175781,81.88999938964844,82.45999908447266,76.78897857666016,3373000
2021-12-23,82.47000122070312,83.01000213623047,82.20999908447266,82.79000091552734,77.09628295898438,3936400
2021-12-27,83.0,84.05000305175781,82.88999938964844,83.91000366210938,78.13925170898438,3189600
2021-12-28,83.9000015258789,84.66999816894531,83.83000183105469,84.45999908447266,78.65143585205078,2201000
2021-12-29,84.58999633789062,85.08999633789062,84.25,84.91000366210938,79.07049560546875,2628900
2021-12-30,85.0999984741211,85.18000030517578,84.48999786376953,84.58999633789062,78.7724838256836,2772000
2021-12-31,84.58999633789062,85.4000015258789,84.58999633789062,85.33999633789062,79.47091674804688,2940200
2022-01-03,84.55000305175781,84.80000305175781,83.48999786376953,84.58999633789062,78.7724838256836,5327000
2022-01-04,84.43000030517578,85.29000091552734,84.18000030517578,84.87000274658203,79.03324127197266,4405100
2022-01-05,84.70999908447266,85.61000061035156,84.70999908447266,85.22000122070312,79.3591537475586,4445900
2022-01-06,84.9800033569336,85.61000061035156,84.16000366210938,84.66000366210938,78.83767700195312,4154800
2022-01-07,84.77999877929688,84.93000030517578,84.11000061035156,84.44000244140625,78.6328125,2818200
2022-01-10,84.29000091552734,84.51000213623047,83.29000091552734,83.70999908447266,77.95301055908203,4138000
2022-01-11,83.41999816894531,83.55999755859375,82.43000030517578,83.16999816894531,77.45014190673828,3562400
2022-01-12,83.0199966430664,83.31999969482422,82.55000305175781,82.87000274658203,77.17079162597656,5112700
2022-01-13,82.80999755859375,82.83999633789062,81.97000122070312,82.54000091552734,76.86348724365234,6698400
2022-01-14,82.61000061035156,83.62000274658203,82.04000091552734,83.44999694824219,77.71088409423828,4431900
2022-01-18,82.77999877929688,83.16999816894531,81.9800033569336,83.12000274658203,77.40357971191406,6746200
2022-01-19,83.62999725341797,85.04000091552734,83.5,84.05999755859375,78.2789535522461,5614600
2022-01-20,83.9000015258789,84.6500015258789,83.23999786376953,83.29000091552734,77.56189727783203,6377000
2022-01-21,83.61000061035156,84.69999694824219,83.0999984741211,83.66999816894531,78.33901977539062,5690900
2022-01-24,84.18000030517578,84.75,82.23999786376953,83.66999816894531,78.33901977539062,7339800
2022-01-25,83.19000244140625,83.31999969482422,81.48999786376953,81.73999786376953,76.53197479248047,7643300
2022-01-26,79.93000030517578,81.72000122070312,79.58999633789062,81.38999938964844,76.20426940917969,7455000
2022-01-27,81.95999908447266,83.61000061035156,81.5999984741211,82.69999694824219,77.43081665039062,6242100
2022-01-28,81.95999908447266,83.16999816894531,80.52999877929688,83.05000305175781,77.75850677490234,5987300
2022-01-31,82.23999786376953,82.9000015258789,81.55000305175781,82.44999694824219,77.19673919677734,6372200
2022-02-01,82.75,82.94999694824219,81.5199966430664,81.91999816894531,76.70051574707031,5174700
2022-02-02,82.05999755859375,83.02999877929688,81.81999969482422,82.80000305175781,77.52444458007812,6814700
2022-02-03,82.77999877929688,83.2699966430664,82.37999725341797,82.7300033569336,77.45890808105469,4292100
2022-02-04,82.20999908447266,82.38999938964844,80.80999755859375,81.12000274658203,75.95148468017578,5173100
2022-02-07,81.47000122070312,81.7300033569336,80.37000274658203,81.12000274658203,75.95148468017578,3502800
2022-02-08,81.30000305175781,81.52999877929688,80.83999633789062,80.91999816894531,75.76423645019531,4014100
2022-02-09,81.0999984741211,81.36000061035156,80.30999755859375,80.87000274658203,75.71741485595703,3757200
2022-02-10,80.37999725341797,80.70999908447266,79.43000030517578,79.72000122070312,74.64067840576172,3728300
2022-02-11,80.05999755859375,80.2300033569336,79.38999938964844,79.52999877929688,74.46278381347656,5658400
2022-02-14,79.55999755859375,79.94000244140625,78.01000213623047,79.26000213623047,74.20999145507812,5624200
2022-02-15,79.66000366210938,79.94000244140625,78.19999694824219,78.58000183105469,73.57331848144531,4422000
2022-02-16,78.63999938964844,79.0199966430664,77.37999725341797,78.33999633789062,73.34859466552734,3825700
2022-02-17,78.1500015258789,79.3499984741211,77.87999725341797,79.1500015258789,74.10700988769531,3840700
2022-02-18,79.30999755859375,79.6500015258789,78.94000244140625,79.55000305175781,74.48150634765625,3351800
2022-02-22,79.36000061035156,79.80000305175781,78.55000305175781,78.8499984741211,73.82611083984375,4752300
2022-02-23,79.22000122070312,79.5199966430664,78.54000091552734,78.63999938964844,73.6294937133789,3703600
2022-02-24,78.13999938964844,78.41999816894531,75.45999908447266,75.58000183105469,70.76446533203125,7890900
2022-02-25,76.02999877929688,78.3499984741211,75.97000122070312,78.13999938964844,73.16134643554688,5249900
2022-02-28,77.12999725341797,77.33000183105469,76.13999938964844,76.94999694824219,72.04716491699219,4801100
2022-03-01,77.0,77.18000030517578,75.7300033569336,76.04000091552734,71.19515228271484,3966500
2022-03-02,75.97000122070312,77.02999877929688,75.7699966430664,76.69999694824219,71.81309509277344,3952800
2022-03-03,76.81999969482422,77.91999816894531,76.81999969482422,77.4000015258789,72.468505859375,3884400
2022-03-04,76.69999694824219,77.51000213623047,76.38999938964844,77.36000061035156,72.43106079101562,3670900
2022-03-07,76.91000366210938,77.23999786376953,75.86000061035156,76.68000030517578,71.79438018798828,4298600
2022-03-08,76.7699966430664,77.05999755859375,74.77999877929688,74.87000274658203,70.09970092773438,5263700
2022-03-09,76.18000030517578,76.63999938964844,75.44000244140625,75.54000091552734,70.72699737548828,7013200
2022-03-10,75.1500015258789,75.37999725341797,73.33999633789062,73.83999633789062,69.13533020019531,6384200
2022-03-11,74.20999908447266,75.18000030517578,73.69999694824219,73.7699966430664,69.06977081298828,4278900
2022-03-14,74.30999755859375,75.2699966430664,73.79000091552734,73.95999908447266,69.2476806640625,4080800
2022-03-15,74.80000305175781,75.73999786376953,74.5199966430664,75.48999786376953,70.6801986694336,4319400
2022-03-16,75.52999877929688,75.9000015258789,74.44000244140625,75.1500015258789,70.36187744140625,4519900
2022-03-17,75.16000366210938,75.43000030517578,74.61000061035156,75.12999725341797,70.34313201904297,4187800
2022-03-18,75.38999938964844,75.4000015258789,72.19999694824219,72.19999694824219,67.59982299804688,14746300
2022-03-21,73.5999984741211,74.19999694824219,72.86000061035156,74.1500015258789,69.42559051513672,10092700
2022-03-22,74.37999725341797,74.69000244140625,73.47000122070312,74.5,69.75328063964844,4958700
2022-03-23,74.69999694824219,74.91000366210938,73.54000091552734,73.62999725341797,68.93871307373047,3875900
2022-03-24,73.66000366210938,74.01000213623047,73.16999816894531,73.6500015258789,68.95744323730469,3539500
2022-03-25,73.91000366210938,75.05999755859375,73.77999877929688,74.77999877929688,70.01542663574219,4401000
2022-03-28,74.83999633789062,75.41999816894531,74.83999633789062,75.38999938964844,70.5865707397461,3646200
2022-03-29,76.13999938964844,76.79000091552734,75.75,76.19999694824219,71.34494018554688,4651500
2022-03-30,75.55000305175781,76.37999725341797,75.38999938964844,76.36000061035156,71.49478149414062,4191400
2022-03-31,76.19999694824219,76.37999725341797,75.37999725341797,75.83000183105469,70.99852752685547,7711400
2022-04-01,75.87000274658203,76.44000244140625,75.11000061035156,76.41999816894531,71.55094909667969,6464700
2022-04-04,75.81999969482422,76.62999725341797,74.87999725341797,76.58999633789062,71.71011352539062,4791900
2022-04-05,76.27999877929688,77.80999755859375,76.27999877929688,77.44999694824219,72.51531219482422,4398500
2022-04-06,77.18000030517578,78.87999725341797,76.72000122070312,78.80999755859375,73.7886734008789,9991400
2022-04-07,78.87000274658203,80.62000274658203,78.61000061035156,80.41999816894531,75.29608154296875,8557200
2022-04-08,80.43000030517578,80.55999755859375,79.81999969482422,80.25,75.13691711425781,6428000
2022-04-11,80.37000274658203,80.83000183105469,79.95999908447266,80.44000244140625,75.3148193359375,9495700
2022-04-12,80.19000244140625,81.22000122070312,80.08999633789062,81.0,75.8391342163086,6488300
2022-04-13,81.0,81.36000061035156,80.83000183105469,80.98999786376953,75.82976531982422,4481200
2022-04-14,81.36000061035156,81.47000122070312,80.87000274658203,80.94000244140625,75.78296661376953,7663700
2022-04-18,80.86000061035156,81.18000030517578,79.72000122070312,80.01000213623047,74.9122085571289,5230900
2022-04-19,79.8499984741211,80.87999725341797,79.80000305175781,80.61000061035156,75.4739761352539,4644600
2022-04-20,80.23999786376953,81.80000305175781,80.22000122070312,81.52999877929688,76.78304290771484,8789900
2022-04-21,81.5999984741211,82.5199966430664,81.48999786376953,82.0999984741211,77.31985473632812,4661100
2022-04-22,83.0,83.38999938964844,81.01000213623047,81.0999984741211,76.3780746459961,6136800
2022-04-25,81.4800033569336,82.16000366210938,80.05999755859375,81.80999755859375,77.04674530029297,5778300
2022-04-26,81.93000030517578,82.37000274658203,80.44000244140625,80.5199966430664,75.83185577392578,4716400
2022-04-27,80.27999877929688,81.69999694824219,80.19999694824219,80.69000244140625,75.99195861816406,4415500
2022-04-28,80.87000274658203,81.52999877929688,80.26000213623047,81.22000122070312,76.4910888671875,5400200
2022-04-29,77.73999786376953,77.94999694824219,76.18000030517578,77.05000305175781,72.56389617919922,14943400
2022-05-02,77.06999969482422,77.37000274658203,74.20999908447266,75.18000030517578,70.80277252197266,7133000
2022-05-03,74.87000274658203,75.45999908447266,73.93000030517578,74.48999786376953,70.15293884277344,6073200
2022-05-04,74.47000122070312,77.55000305175781,74.30000305175781,77.0,72.51679992675781,8806000
2022-05-05,76.48999786376953,76.87000274658203,75.55999755859375,76.08999633789062,71.65978240966797,5056300
2022-05-06,76.06999969482422,77.05999755859375,75.7699966430664,76.83999633789062,72.3661117553711,5379600
2022-05-09,76.3499984741211,78.44000244140625,76.05999755859375,77.66999816894531,73.14778900146484,5666800
2022-05-10,77.66000366210938,77.98999786376953,76.37999725341797,76.66999816894531,72.20600891113281,6030700
2022-05-11,76.80999755859375,78.05999755859375,76.5,76.75,72.2813491821289,5555500
2022-05-12,77.41999816894531,77.87999725341797,76.72000122070312,77.55000305175781,73.03477478027344,5244700
2022-05-13,77.8499984741211,78.44000244140625,76.9800033569336,78.4000015258789,73.83529663085938,5068600
2022-05-16,78.13999938964844,79.23999786376953,77.61000061035156,78.7300033569336,74.14608764648438,3981100
2022-05-17,78.51000213623047,78.88999938964844,77.44999694824219,78.7699966430664,74.18373107910156,4017100
2022-05-18,78.27999877929688,78.47000122070312,75.51000213623047,75.70999908447266,71.30191040039062,4590300
2022-05-19,74.66999816894531,75.36000061035156,73.91999816894531,75.12000274658203,70.74625396728516,5477100
2022-05-20,75.37999725341797,75.62999725341797,73.87000274658203,75.12999725341797,70.75568389892578,6937200
2022-05-23,75.58000183105469,76.77999877929688,75.37000274658203,76.5199966430664,72.06473541259766,3754700
2022-05-24,76.63999938964844,78.30000305175781,76.36000061035156,78.12000274658203,73.57159423828125,3539700
2022-05-25,77.30999755859375,77.93000030517578,76.87000274658203,77.48999786376953,72.978271484375,3733900
2022-05-26,78.38999938964844,78.70999908447266,77.58000183105469,78.16000366210938,73.6092529296875,4139100
2022-05-27,78.38999938964844,79.06999969482422,78.13999938964844,78.86000061035156,74.26850891113281,2742300
2022-05-31,78.5199966430664,79.30999755859375,77.83000183105469,78.80999755859375,74.22142028808594,5916500
2022-06-01,79.01000213623047,79.05999755859375,77.91999816894531,78.19999694824219,73.64692687988281,3963400
2022-06-02,78.51000213623047,79.30000305175781,77.26000213623047,79.2699966430664,74.65463256835938,3588900
2022-06-03,79.0199966430664,79.55999755859375,78.76000213623047,78.93000030517578,74.33443450927734,3150100
2022-06-06,79.19999694824219,79.68000030517578,78.58999633789062,78.77999877929688,74.19316864013672,2715500
2022-06-07,77.98999786376953,78.76000213623047,77.5999984741211,78.70999908447266,74.12723541259766,6609400
2022-06-08,78.58000183105469,78.5999984741211,77.77999877929688,77.87000274658203,73.33614349365234,3131300
2022-06-09,78.08999633789062,78.91000366210938,76.72000122070312,76.8499984741211,72.37553405761719,6327300
2022-06-10,76.18000030517578,77.25,75.1500015258789,76.62999725341797,72.16832733154297,4294600
2022-06-13,75.43000030517578,76.83000183105469,75.43000030517578,76.19000244140625,71.75395965576172,4490600
2022-06-14,75.86000061035156,76.04000091552734,73.66000366210938,74.2699966430664,69.94574737548828,3960400
2022-06-15,74.37999725341797,75.47000122070312,73.05999755859375,74.16000366210938,69.84215545654297,6023400
2022-06-16,73.43000030517578,74.77999877929688,72.69000244140625,73.91999816894531,69.61612701416016,5342900
2022-06-17,73.66000366210938,74.43000030517578,73.01000213623047,74.04000091552734,69.72914123535156,11016400
2022-06-21,74.9000015258789,76.58000183105469,74.4000015258789,76.45999908447266,72.00823974609375,4456700
2022-06-22,76.52999877929688,78.1500015258789,76.36000061035156,77.91000366210938,73.37381744384766,4653700
2022-06-23,78.1500015258789,79.18000030517578,78.12000274658203,78.87999725341797,74.28733825683594,3932400
2022-06-24,79.37999725341797,80.5199966430664,79.16999816894531,80.37999725341797,75.70000457763672,5193400
2022-06-27,79.55999755859375,80.33999633789062,79.36000061035156,79.87999725341797,75.22911834716797,4564600
2022-06-28,80.0,80.37000274658203,78.7699966430664,78.87999725341797,74.28733825683594,3193800
2022-06-29,79.22000122070312,79.98999786376953,78.9800033569336,79.66999816894531,75.03133392333984,2156900
2022-06-30,79.41000366210938,80.56999969482422,79.01000213623047,80.13999938964844,75.47398376464844,3565600
2022-07-01,80.55000305175781,82.0199966430664,80.3499984741211,81.97000122070312,77.19744873046875,4252900
2022-07-05,81.33000183105469,81.8499984741211,80.08999633789062,81.0,76.2839126586914,3068500
2022-07-06,81.4000015258789,81.97000122070312,80.94999694824219,81.0199966430664,76.30274963378906,4797900
2022-07-07,80.69000244140625,80.75,78.31999969482422,79.45999908447266,74.83356475830078,5148000
2022-07-08,79.29000091552734,79.58000183105469,78.2300033569336,78.3499984741211,73.78820037841797,3668500
2022-07-11,78.5,78.98999786376953,78.08999633789062,78.69999694824219,74.1178207397461,5459600
2022-07-12,78.61000061035156,79.33000183105469,77.94999694824219,78.30999755859375,73.75051879882812,3074500
2022-07-13,77.91000366210938,79.19000244140625,77.91000366210938,78.43000030517578,73.8635482788086,3343300
2022-07-14,77.36000061035156,78.47000122070312,77.08999633789062,78.33999633789062,73.77877044677734,5753200
2022-07-15,78.75,78.98999786376953,77.97000122070312,78.1500015258789,73.59984588623047,4830600
2022-07-18,78.01000213623047,78.16999816894531,76.97000122070312,77.12000274658203,72.62982177734375,3526600
2022-07-19,77.48999786376953,77.91999816894531,77.2699966430664,77.52999877929688,73.01593017578125,3712500
2022-07-20,77.12999725341797,77.18000030517578,75.19000244140625,75.61000061035156,71.64203643798828,5405900
2022-07-21,75.4800033569336,76.2699966430664,75.27999877929688,76.16000366210938,72.16316223144531,4054400
2022-07-22,76.16000366210938,77.5199966430664,76.05999755859375,77.47000122070312,73.4044189453125,2537700
2022-07-25,77.5,78.1500015258789,77.29000091552734,77.8499984741211,73.76448822021484,2427800
2022-07-26,77.31999969482422,78.61000061035156,77.1500015258789,78.52999877929688,74.4087905883789,2572400
2022-07-27,78.18000030517578,79.01000213623047,77.75,78.76000213623047,74.62671661376953,2421400
2022-07-28,79.02999877929688,79.69999694824219,78.51000213623047,79.19000244140625,75.03416442871094,5078100
2022-07-29,78.5999984741211,79.16000366210938,77.29000091552734,78.73999786376953,74.60775756835938,5749800
2022-08-01,78.95999908447266,81.69999694824219,78.76000213623047,81.0999984741211,76.84391021728516,6899200
2022-08-02,81.5199966430664,81.55999755859375,80.11000061035156,80.26000213623047,76.04800415039062,20428800
2022-08-03,80.0,81.76000213623047,79.47000122070312,81.43000030517578,77.15660858154297,3587300
2022-08-04,81.1500015258789,81.5199966430664,80.45999908447266,80.88999938964844,76.64493560791016,2787900
2022-08-05,80.69999694824219,80.69999694824219,79.69000244140625,80.43000030517578,76.2090835571289,2408200
2022-08-08,80.73999786376953,81.0199966430664,80.44000244140625,80.80999755859375,76.56912994384766,5039700
2022-08-09,80.83000183105469,80.83000183105469,80.01000213623047,80.05999755859375,75.8584976196289,3254200
2022-08-10,80.5,80.77999877929688,79.9000015258789,80.33999633789062,76.12380981445312,3480300
2022-08-11,80.30000305175781,80.62000274658203,79.3499984741211,79.5,75.32791137695312,4932800
2022-08-12,79.68000030517578,80.5,79.58999633789062,80.29000091552734,76.07642364501953,3277500
2022-08-15,80.5,81.33999633789062,80.33000183105469,81.23999786376953,76.97657775878906,4257600
2022-08-16,81.44000244140625,82.37999725341797,81.44000244140625,82.18000030517578,77.86724853515625,2905800
2022-08-17,82.05000305175781,82.26000213623047,81.72000122070312,82.16999816894531,77.85777282714844,2128500
2022-08-18,81.91999816894531,82.9800033569336,81.73999786376953,82.8499984741211,78.50208282470703,2634300
2022-08-19,82.98999786376953,83.80999755859375,82.58000183105469,83.2699966430664,78.90003967285156,4663000
2022-08-22,82.98999786376953,83.06999969482422,81.9000015258789,81.95999908447266,77.65878295898438,4144100
2022-08-23,81.41000366210938,81.45999908447266,80.6500015258789,80.95999908447266,76.71127319335938,2567700
2022-08-24,81.19000244140625,81.19000244140625,80.45999908447266,81.0,76.74918365478516,2390900
2022-08-25,80.7699966430664,81.05000305175781,80.45999908447266,80.91999816894531,76.67337799072266,2660000
2022-08-26,80.87000274658203,81.19999694824219,79.06999969482422,79.20999908447266,75.05310821533203,3407600
2022-08-29,78.97000122070312,79.86000061035156,78.44000244140625,79.58999633789062,75.41316986083984,2273600
2022-08-30,79.75,79.97000122070312,78.80000305175781,79.0,74.8541259765625,3095500
2022-08-31,79.25,79.56999969482422,78.13999938964844,78.20999908447266,74.1055908203125,4054100
2022-09-01,78.12999725341797,79.80000305175781,77.7699966430664,79.80000305175781,75.6121597290039,5924100
2022-09-02,80.13999938964844,80.41999816894531,77.91000366210938,78.16999816894531,74.06769561767578,3111700
2022-09-06,77.68000030517578,79.11000061035156,77.55999755859375,77.7699966430664,73.68867492675781,4137000
2022-09-07,78.08999633789062,78.66000366210938,77.91000366210938,78.55000305175781,74.42774200439453,4264500
2022-09-08,77.95999908447266,78.30000305175781,76.8499984741211,77.83999633789062,73.75501251220703,5775200
2022-09-09,77.62000274658203,78.81999969482422,77.20999908447266,78.02999877929688,73.9350357055664,6405300
2022-09-12,78.13999938964844,78.62000274658203,77.62999725341797,77.9000015258789,73.81185913085938,6390600
2022-09-13,77.55999755859375,77.83000183105469,75.33000183105469,75.43000030517578,71.47148132324219,3988500
2022-09-14,75.80000305175781,77.37000274658203,75.47000122070312,76.05999755859375,72.06841278076172,8077500
2022-09-15,76.22000122070312,76.2699966430664,74.52999877929688,75.2300033569336,71.28197479248047,4982400
2022-09-16,75.33999633789062,75.79000091552734,75.08999633789062,75.69000244140625,71.71782684326172,5304400
2022-09-19,75.4800033569336,76.08000183105469,75.44000244140625,76.01000213623047,72.02104949951172,3646200
2022-09-20,75.69999694824219,75.87999725341797,74.80000305175781,75.16000366210938,71.21565246582031,2738600
2022-09-21,75.58000183105469,76.31999969482422,74.88999938964844,74.9000015258789,70.96929931640625,2884500
2022-09-22,74.8499984741211,75.7300033569336,74.70999908447266,75.36000061035156,71.40515899658203,3452100
2022-09-23,75.20999908447266,75.93000030517578,74.79000091552734,75.52999877929688,71.56623840332031,4471900
2022-09-26,75.52999877929688,75.77999877929688,74.77999877929688,75.0,71.06404113769531,3797200
2022-09-27,75.36000061035156,75.63999938964844,72.52999877929688,72.58000183105469,68.77104187011719,5260600
2022-09-28,73.1500015258789,73.41000366210938,72.19999694824219,72.91000366210938,69.08374786376953,6450900
2022-09-29,72.91999816894531,73.19999694824219,71.23999786376953,71.7699966430664,68.00355529785156,4617200
2022-09-30,72.0,72.29000091552734,70.16000366210938,70.25,66.56332397460938,7510600
2022-10-03,70.83000183105469,71.37000274658203,70.08000183105469,71.11000061035156,67.3781967163086,3840300
2022-10-04,71.27999877929688,72.41999816894531,71.22000122070312,71.83999633789062,68.06988525390625,4066900
2022-10-05,72.0999984741211,72.0999984741211,70.61000061035156,71.11000061035156,67.3781967163086,3467800
2022-10-06,70.97000122070312,71.05999755859375,69.48999786376953,69.55999755859375,65.90953063964844,3383000
2022-10-07,69.54000091552734,69.6500015258789,68.73999786376953,68.98999786376953,65.36945343017578,4316300
2022-10-10,69.0199966430664,69.4000015258789,67.83999633789062,68.4800033569336,64.8862075805664,4756700
2022-10-11,68.69000244140625,69.62999725341797,68.66000366210938,69.05000305175781,65.42630767822266,3974400
2022-10-12,69.2300033569336,69.80999755859375,69.06999969482422,69.11000061035156,65.483154296875,2819400
2022-10-13,69.58000183105469,71.2699966430664,68.72000122070312,71.01000213623047,67.28343963623047,4459900
2022-10-14,71.31999969482422,72.13999938964844,70.88999938964844,71.33000183105469,67.5866470336914,4964800
2022-10-17,71.54000091552734,72.70999908447266,71.2699966430664,72.13999938964844,68.35413360595703,4118000
2022-10-18,72.94000244140625,74.9000015258789,72.43000030517578,72.91999816894531,69.09319305419922,10417100
2022-10-19,72.87000274658203,73.30000305175781,71.56999969482422,71.75,67.98461151123047,5301800
2022-10-20,71.26000213623047,71.77999877929688,70.19000244140625,70.25,67.00222778320312,3436100
2022-10-21,70.4800033569336,71.7699966430664,70.25,71.47000122070312,68.16582489013672,5947100
2022-10-24,72.04000091552734,72.58999633789062,71.22000122070312,72.0199966430664,68.69039154052734,3500900
2022-10-25,72.0,72.94999694824219,71.79000091552734,72.76000213623047,69.39619445800781,3983300
2022-10-26,73.01000213623047,73.66000366210938,72.51000213623047,73.43000030517578,70.03520965576172,3624800
2022-10-27,73.69000244140625,74.23999786376953,73.05999755859375,73.2300033569336,69.84445190429688,5128900
2022-10-28,71.63999938964844,74.68000030517578,71.29000091552734,74.63999938964844,71.18927001953125,5613100
2022-10-31,74.61000061035156,75.0999984741211,73.56999969482422,73.83999633789062,70.4262466430664,6690600
2022-11-01,73.75,74.55000305175781,73.54000091552734,73.73999786376953,70.33087158203125,3716000
2022-11-02,73.62000274658203,74.4000015258789,72.76000213623047,72.7699966430664,69.40571594238281,3991800
2022-11-03,72.20999908447266,72.76000213623047,72.06999969482422,72.38999938964844,69.04329681396484,3001600
2022-11-04,73.0,73.68000030517578,72.30999755859375,73.19000244140625,69.80630493164062,3947400
2022-11-07,73.48999786376953,74.01000213623047,73.11000061035156,73.5,70.10197448730469,3052500
2022-11-08,73.87000274658203,74.75,73.3499984741211,73.80999755859375,70.39763641357422,3291500
2022-11-09,73.7699966430664,73.87999725341797,73.41999816894531,73.45999908447266,70.06382751464844,3368700
2022-11-10,74.77999877929688,75.11000061035156,73.79000091552734,74.97000122070312,71.50401306152344,3828200
2022-11-11,74.87000274658203,75.37999725341797,73.63999938964844,74.56999969482422,71.12250518798828,3160000
2022-11-14,74.9000015258789,76.11000061035156,74.55000305175781,74.56999969482422,71.12250518798828,3243300
2022-11-15,75.4800033569336,75.91999816894531,74.58000183105469,75.31999969482422,71.83783721923828,3495900
2022-11-16,75.69000244140625,76.56999969482422,75.6500015258789,76.01000213623047,72.49594116210938,2799000
2022-11-17,75.8499984741211,76.25,75.04000091552734,75.29000091552734,71.8092269897461,4618500
2022-11-18,76.06999969482422,76.68000030517578,75.72000122070312,76.45999908447266,72.92511749267578,4060900
2022-11-21,76.69999694824219,77.29000091552734,76.33999633789062,76.91999816894531,73.36386108398438,4228200
2022-11-22,77.22000122070312,77.38999938964844,76.08999633789062,76.37000274658203,72.83928680419922,4288800
2022-11-23,76.54000091552734,77.01000213623047,76.4800033569336,76.93000030517578,73.37339782714844,3861400
2022-11-25,77.12999725341797,77.2300033569336,76.66000366210938,76.7699966430664,73.22078704833984,1388800
2022-11-28,76.54000091552734,76.97000122070312,76.25,76.37999725341797,72.84882354736328,2511800
2022-11-29,75.95999908447266,76.37999725341797,75.63999938964844,75.97000122070312,72.45777893066406,2499800
2022-11-30,75.86000061035156,77.4800033569336,75.69999694824219,77.4800033569336,73.89796447753906,5816100
2022-12-01,77.7699966430664,78.44999694824219,77.68000030517578,77.75,74.15548706054688,3507100
2022-12-02,77.47000122070312,78.25,77.2699966430664,78.16999816894531,74.55607604980469,2797000
2022-12-05,77.4800033569336,77.7300033569336,76.95999908447266,77.12000274658203,73.55462646484375,3160000
2022-12-06,77.22000122070312,77.66999816894531,76.69000244140625,77.20999908447266,73.64045715332031,3020100
2022-12-07,77.26000213623047,77.68000030517578,77.0,77.55000305175781,73.96473693847656,4032600
2022-12-08,77.37999725341797,78.16999816894531,77.05999755859375,78.13999938964844,74.52745819091797,2672300
2022-12-09,77.97000122070312,78.36000061035156,77.69999694824219,77.77999877929688,74.1841049194336,2516700
2022-12-12,77.98999786376953,78.70999908447266,77.62000274658203,78.61000061035156,74.97572326660156,4774600
2022-12-13,79.25,79.44999694824219,78.0199966430664,78.75,75.10926055908203,3760500
2022-12-14,78.94000244140625,79.83999633789062,78.56999969482422,79.33999633789062,75.67198181152344,3692000
2022-12-15,78.51000213623047,78.86000061035156,77.22000122070312,77.87999725341797,74.27947998046875,4021200
2022-12-16,77.47000122070312,78.12000274658203,77.25,77.76000213623047,74.16503143310547,9426200
2022-12-19,77.5999984741211,78.91999816894531,77.41999816894531,77.9800033569336,74.3748550415039,3440300
2022-12-20,77.9000015258789,78.06999969482422,77.12999725341797,77.69000244140625,74.09827423095703,2831900
2022-12-21,78.0199966430664,78.98999786376953,78.0,78.98999786376953,75.33816528320312,3025200
2022-12-22,78.98999786376953,79.30999755859375,78.22000122070312,79.27999877929688,75.61476135253906,2548400
2022-12-23,79.20999908447266,79.58000183105469,78.94000244140625,79.44999694824219,75.77689361572266,1488500
2022-12-27,79.55999755859375,80.2300033569336,79.26000213623047,79.94000244140625,76.24424743652344,3078600
2022-12-28,80.16999816894531,80.44000244140625,78.80999755859375,78.81999969482422,75.17601776123047,1918700
2022-12-29,79.29000091552734,79.66000366210938,78.95999908447266,79.37000274658203,75.70059204101562,1954200
2022-12-30,79.33000183105469,79.44999694824219,78.20999908447266,78.79000091552734,75.14740753173828,2238600
2023-01-03,78.79000091552734,79.16999816894531,77.72000122070312,79.12999725341797,75.47168731689453,2920200
2023-01-04,79.19999694824219,80.12999725341797,79.19000244140625,79.63999938964844,75.95809936523438,3976800
2023-01-05,79.5199966430664,79.80999755859375,78.44000244140625,78.54000091552734,74.9089584350586,2295600
2023-01-06,79.4000015258789,80.45999908447266,79.16999816894531,79.9800033569336,76.28240203857422,2274500
2023-01-09,79.95999908447266,80.4000015258789,78.55999755859375,78.7300033569336,75.09017944335938,2826000
2023-01-10,78.97000122070312,78.97000122070312,78.0199966430664,78.30999755859375,74.68959045410156,3397200
2023-01-11,78.44000244140625,78.72000122070312,76.69000244140625,77.12999725341797,73.56414794921875,9122200
2023-01-12,77.36000061035156,77.5999984741211,76.3499984741211,76.83999633789062,73.28755187988281,6059000
2023-01-13,76.69000244140625,78.0,76.56999969482422,77.8499984741211,74.2508544921875,3800100
2023-01-17,78.16000366210938,78.97000122070312,78.08000183105469,78.2300033569336,74.61331176757812,5615100
2023-01-18,77.98999786376953,78.33000183105469,76.30999755859375,76.31999969482422,72.7916030883789,3996300
2023-01-19,75.7699966430664,76.52999877929688,75.19000244140625,75.19999694824219,71.72337341308594,4436400
2023-01-20,74.75,75.54000091552734,74.02999877929688,75.44000244140625,72.40481567382812,11899800
2023-01-23,75.54000091552734,75.66999816894531,74.94000244140625,75.5,72.46240997314453,2463400
2023-01-24,75.38999938964844,75.98999786376953,74.5,75.94000244140625,72.88471221923828,4219100
2023-01-25,75.4800033569336,75.98999786376953,74.62999725341797,75.7699966430664,72.7215347290039,3142700
2023-01-26,75.62000274658203,75.80999755859375,75.12000274658203,75.52999877929688,72.49119567871094,3744000
2023-01-27,72.8499984741211,73.04000091552734,70.94000244140625,71.58999633789062,68.709716796875,13482900
2023-01-30,72.19999694824219,73.7300033569336,72.05000305175781,72.87999725341797,69.94781494140625,9191600
2023-01-31,73.37999725341797,74.54000091552734,73.26000213623047,74.52999877929688,71.53142547607422,5890100
2023-02-01,74.43000030517578,75.30000305175781,74.11000061035156,74.98999786376953,71.97291564941406,3722200
2023-02-02,74.18000030517578,74.19999694824219,73.30999755859375,73.7300033569336,70.76360321044922,5024700
2023-02-03,73.95999908447266,74.4000015258789,73.22000122070312,74.29000091552734,71.30108642578125,3861200
2023-02-06,74.19999694824219,74.41000366210938,73.27999877929688,73.8499984741211,70.87879180908203,4186900
2023-02-07,73.43000030517578,73.55000305175781,72.70999908447266,73.44999694824219,70.49488067626953,3755100
2023-02-08,73.12000274658203,73.68000030517578,72.80999755859375,73.36000061035156,70.40850830078125,3230100
2023-02-09,73.51000213623047,73.75,72.80999755859375,72.83000183105469,69.89983367919922,3740400
2023-02-10,72.93000030517578,73.7300033569336,72.7300033569336,73.55000305175781,70.59085845947266,3524300
2023-02-13,73.87000274658203,74.04000091552734,73.45999908447266,73.7699966430664,70.802001953125,3664300
2023-02-14,73.91000366210938,73.91000366210938,72.9000015258789,73.18000030517578,70.2357406616211,2382500
2023-02-15,72.87000274658203,72.98999786376953,72.29000091552734,72.69999694824219,69.7750473022461,4399200
2023-02-16,72.31999969482422,72.97000122070312,71.73999786376953,72.7699966430664,69.84222412109375,4701800
2023-02-17,72.95999908447266,74.95999908447266,72.95999908447266,74.5199966430664,71.5218276977539,5019100
2023-02-21,73.9000015258789,74.7300033569336,73.9000015258789,74.26000213623047,71.27230072021484,4098100
2023-02-22,74.5,75.04000091552734,74.19000244140625,74.41000366210938,71.416259765625,3645600
2023-02-23,74.41000366210938,74.7699966430664,72.91999816894531,73.66000366210938,70.6964340209961,3008600
2023-02-24,73.27999877929688,73.36000061035156,72.75,73.12999725341797,70.18775177001953,3115000
2023-02-27,73.41999816894531,74.13999938964844,73.22000122070312,73.5999984741211,70.63884735107422,3434600
2023-02-28,73.29000091552734,73.6500015258789,72.87000274658203,73.30000305175781,70.35091400146484,3614300
2023-03-01,73.3499984741211,73.3499984741211,71.81999969482422,72.55000305175781,69.63109588623047,2880800
2023-03-02,72.58999633789062,73.94999694824219,72.54000091552734,73.7699966430664,70.802001953125,2916000
2023-03-03,74.0,74.08999633789062,73.25,73.94999694824219,70.97476196289062,2532600
2023-03-06,73.69999694824219,74.04000091552734,73.22000122070312,73.29000091552734,70.34130859375,3001600
2023-03-07,73.25,73.37000274658203,71.05000305175781,71.5,68.62333679199219,6423000
2023-03-08,71.43000030517578,72.04000091552734,71.23999786376953,71.95999908447266,69.0648193359375,2942800
2023-03-09,72.33000183105469,72.52999877929688,70.91999816894531,71.33999633789062,68.46977233886719,4893200
2023-03-10,71.7300033569336,71.77999877929688,71.19000244140625,71.30999755859375,68.44097137451172,3694600
2023-03-13,71.3499984741211,73.12999725341797,71.3499984741211,71.5,68.62333679199219,5949900
2023-03-14,71.69999694824219,72.31999969482422,71.37999725341797,72.23999786376953,69.33356475830078,5098000
2023-03-15,71.55000305175781,73.05999755859375,71.55000305175781,72.93000030517578,69.99580383300781,5993500
2023-03-16,73.30999755859375,73.44999694824219,72.62000274658203,72.94999694824219,70.0149917602539,4256400
2023-03-17,73.05000305175781,73.05000305175781,71.83000183105469,72.19999694824219,69.295166015625,9106100
2023-03-20,72.44000244140625,73.30000305175781,72.38999938964844,73.08000183105469,70.1397705078125,4557500
2023-03-21,73.0199966430664,73.26000213623047,71.97000122070312,72.37999725341797,69.46792602539062,4561200
2023-03-22,72.69999694824219,73.27999877929688,72.12000274658203,72.12999725341797,69.22798156738281,3180800
2023-03-23,72.0999984741211,72.70999908447266,71.77999877929688,71.83000183105469,68.94005584716797,3494500
2023-03-24,72.25,73.54000091552734,72.0999984741211,73.41999816894531,70.46607971191406,5013500
2023-03-27,73.81999969482422,74.47000122070312,73.69999694824219,74.1500015258789,71.16671752929688,4203900
2023-03-28,74.44999694824219,74.79000091552734,74.23999786376953,74.5,71.50263977050781,4241900
2023-03-29,75.0,75.1500015258789,74.38999938964844,74.47000122070312,71.47384643554688,2873200
2023-03-30,74.52999877929688,75.4000015258789,74.47000122070312,75.25,72.22245788574219,4181600
2023-03-31,75.61000061035156,75.86000061035156,75.05999755859375,75.1500015258789,72.12649536132812,5153600
2023-04-03,75.23999786376953,75.75,74.87000274658203,75.36000061035156,72.32804107666016,3188700
2023-04-04,75.55000305175781,75.9000015258789,74.69999694824219,74.7300033569336,71.72338104248047,3002600
2023-04-05,75.33000183105469,76.08999633789062,75.31999969482422,75.36000061035156,72.32804107666016,4949500
2023-04-06,75.58999633789062,76.06999969482422,75.01000213623047,75.68000030517578,72.6351547241211,3261800
2023-04-10,75.16999816894531,75.33000183105469,74.62000274658203,75.13999938964844,72.11688232421875,2735100
2023-04-11,75.58000183105469,76.20999908447266,75.30000305175781,76.0199966430664,72.96146392822266,7115700
2023-04-12,76.0199966430664,76.5999984741211,75.62000274658203,76.05000305175781,72.99028015136719,4438400
2023-04-13,76.05000305175781,76.62999725341797,75.83000183105469,76.5199966430664,73.44136047363281,3315000
2023-04-14,76.12999725341797,76.26000213623047,75.3499984741211,75.58999633789062,72.54878234863281,3756800
2023-04-17,75.7699966430664,76.12999725341797,75.41999816894531,75.69999694824219,72.65435028076172,4727500
2023-04-18,75.72000122070312,75.98999786376953,75.16999816894531,75.54000091552734,72.50078582763672,3499300
2023-04-19,75.69999694824219,75.9000015258789,75.12999725341797,75.58999633789062,72.54878234863281,3629700
2023-04-20,75.3499984741211,76.45999908447266,75.2300033569336,76.36000061035156,73.75616455078125,7763200
2023-04-21,77.18000030517578,77.5,76.7300033569336,76.80000305175781,74.18115997314453,11708600
2023-04-24,76.77999877929688,77.94000244140625,76.77999877929688,77.87999725341797,75.22431945800781,5350900
2023-04-25,78.04000091552734,78.55999755859375,77.51000213623047,77.69999694824219,75.05045318603516,6437500
2023-04-26,77.16000366210938,77.6500015258789,76.61000061035156,76.68000030517578,74.06525421142578,4592000
2023-04-27,76.98999786376953,77.97000122070312,76.77999877929688,77.93000030517578,75.27261352539062,5652600
2023-04-28,79.06999969482422,81.48999786376953,79.06999969482422,79.80000305175781,77.078857421875,9633400
2023-05-01,79.83999633789062,81.02999877929688,79.37999725341797,80.69000244140625,77.93851470947266,6111100
2023-05-02,80.80000305175781,81.05999755859375,80.26000213623047,80.8499984741211,78.09304809570312,5963300
2023-05-03,80.80000305175781,81.83000183105469,80.62000274658203,81.26000213623047,78.48907470703125,6380000
2023-05-04,81.52999877929688,81.76000213623047,80.45999908447266,80.79000091552734,78.03510284423828,7441500
2023-05-05,80.5999984741211,81.0,80.33999633789062,80.58999633789062,77.8419189453125,5359300
2023-05-08,80.48999786376953,80.97000122070312,80.16999816894531,80.75,77.9964599609375,6564700
2023-05-09,81.0199966430664,81.19999694824219,80.55000305175781,80.63999938964844,77.89021301269531,3363500
2023-05-10,80.55000305175781,81.33000183105469,80.3499984741211,81.0999984741211,78.33451843261719,5094400
2023-05-11,81.37000274658203,81.66999816894531,80.91000366210938,81.62999725341797,78.8464584350586,3243300
2023-05-12,81.47000122070312,82.05000305175781,81.30999755859375,81.9800033569336,79.18451690673828,3483800
2023-05-15,81.88999938964844,82.08999633789062,80.81999969482422,81.08000183105469,78.3152084350586,4477100
2023-05-16,81.1500015258789,81.29000091552734,80.4000015258789,80.7699966430664,78.01577758789062,7159500
2023-05-17,80.73999786376953,81.06999969482422,80.13999938964844,80.51000213623047,77.7646484375,3083000
2023-05-18,80.11000061035156,80.26000213623047,79.01000213623047,79.69000244140625,76.97260284423828,4043700
2023-05-19,79.87000274658203,80.04000091552734,79.37000274658203,79.93000030517578,77.20442199707031,3763300
2023-05-22,79.58000183105469,79.66000366210938,78.22000122070312,78.41000366210938,75.73625183105469,6066200
2023-05-23,78.29000091552734,78.31999969482422,77.04000091552734,77.04000091552734,74.41297149658203,5299300
2023-05-24,77.23999786376953,77.43000030517578,76.47000122070312,76.4800033569336,73.8720703125,7584200
2023-05-25,76.25,76.62999725341797,75.54000091552734,76.25,73.64990997314453,6149900
2023-05-26,76.19999694824219,76.72000122070312,76.13999938964844,76.20999908447266,73.61127471923828,5750000
2023-05-30,75.4800033569336,75.87999725341797,74.66999816894531,74.94999694824219,72.39423370361328,4341300
2023-05-31,75.13999938964844,75.22000122070312,74.30000305175781,74.37999725341797,71.84367370605469,19133300
2023-06-01,74.91000366210938,75.2699966430664,74.63999938964844,74.9000015258789,72.34593963623047,4704100
2023-06-02,74.75,76.12000274658203,74.5999984741211,76.05000305175781,73.45673370361328,4755200
2023-06-05,75.81999969482422,77.01000213623047,75.81999969482422,76.25,73.64990997314453,4681300
2023-06-06,76.36000061035156,76.52999877929688,75.29000091552734,75.56999969482422,72.99309539794922,5154500
2023-06-07,75.22000122070312,75.43000030517578,74.43000030517578,75.19999694824219,72.63570404052734,3879600
2023-06-08,75.2699966430664,75.76000213623047,75.06999969482422,75.7300033569336,73.14764404296875,3218800
2023-06-09,75.45999908447266,76.05999755859375,75.33000183105469,75.83999633789062,73.25389099121094,3186700
2023-06-12,76.19000244140625,76.29000091552734,75.18000030517578,75.72000122070312,73.13797760009766,3374700
2023-06-13,75.29000091552734,75.51000213623047,75.04000091552734,75.23999786376953,72.67434692382812,4121200
2023-06-14,75.2300033569336,75.81999969482422,74.98999786376953,75.41999816894531,72.84821319580078,2979000
2023-06-15,75.8499984741211,76.81999969482422,75.5,76.80000305175781,74.18115997314453,3947600
2023-06-16,77.08999633789062,78.04000091552734,77.08999633789062,77.77999877929688,75.12773132324219,7368900
2023-06-20,77.94000244140625,78.52999877929688,77.61000061035156,77.62000274658203,74.97318267822266,5232000
2023-06-21,77.62999725341797,77.94000244140625,77.22000122070312,77.62000274658203,74.97318267822266,3618100
2023-06-22,78.02999877929688,78.18000030517578,77.44999694824219,78.0,75.34022521972656,3939100
2023-06-23,78.33000183105469,78.33000183105469,77.04000091552734,77.11000061035156,74.48058319091797,10964300
2023-06-26,76.6500015258789,76.91000366210938,75.61000061035156,76.63999938964844,74.02660369873047,4236600
2023-06-27,76.41000366210938,76.62000274658203,75.62000274658203,75.7300033569336,73.14764404296875,7488500
2023-06-28,75.33000183105469,75.94000244140625,74.6500015258789,75.91000366210938,73.3215103149414,5100300
2023-06-29,75.44999694824219,76.73999786376953,75.13999938964844,76.55999755859375,73.9493408203125,4419100
2023-06-30,76.72000122070312,77.41000366210938,76.56999969482422,77.04000091552734,74.41297149658203,4781800
2023-07-03,76.6500015258789,77.44000244140625,76.5199966430664,77.13999938964844,74.50956726074219,2092200
2023-07-05,77.30000305175781,77.44000244140625,76.66000366210938,76.87000274658203,74.24876403808594,4796400
2023-07-06,76.4800033569336,77.08999633789062,76.27999877929688,76.91000366210938,74.28740692138672,3287700
2023-07-07,76.70999908447266,76.75,75.52999877929688,75.58999633789062,73.01241302490234,4420200
2023-07-10,75.79000091552734,76.51000213623047,75.58000183105469,75.88999938964844,73.30218505859375,3724900
2023-07-11,75.97000122070312,75.97000122070312,74.6500015258789,75.38999938964844,72.81922912597656,5200200
2023-07-12,75.45999908447266,75.7300033569336,75.01000213623047,75.16000366210938,72.59707641601562,5291500
2023-07-13,75.38999938964844,76.02999877929688,75.02999877929688,75.86000061035156,73.27320861816406,4346200
2023-07-14,75.81999969482422,76.62999725341797,75.54000091552734,76.44000244140625,73.83342742919922,2978000
2023-07-17,76.29000091552734,76.37999725341797,75.41999816894531,75.58000183105469,73.00275421142578,5938900
2023-07-18,75.81999969482422,76.95999908447266,75.66000366210938,75.83999633789062,73.25389099121094,3916200
2023-07-19,76.05000305175781,76.55999755859375,75.6500015258789,76.41999816894531,73.81411743164062,5717700
2023-07-20,75.94000244140625,77.16999816894531,75.43000030517578,77.0,74.84443664550781,4345900
2023-07-21,77.25,77.56999969482422,76.70999908447266,77.19000244140625,75.02912902832031,11117900
2023-07-24,77.12000274658203,77.61000061035156,76.77999877929688,77.4800033569336,75.31100463867188,3494500
2023-07-25,77.83000183105469,77.91999816894531,77.16999816894531,77.83999633789062,75.66091918945312,4787400
2023-07-26,77.75,78.36000061035156,77.19999694824219,77.95999908447266,75.77755737304688,4116700
2023-07-27,77.93000030517578,78.38999938964844,77.08999633789062,77.11000061035156,74.95135498046875,5637200
2023-07-28,75.19999694824219,75.73999786376953,73.75,75.62000274658203,73.50306701660156,10891400
2023-07-31,75.66000366210938,76.51000213623047,75.41999816894531,76.26000213623047,74.12515258789062,8106100
2023-08-01,76.12000274658203,77.0999984741211,76.12000274658203,76.63999938964844,74.4945068359375,4721400
2023-08-02,76.63999938964844,77.8499984741211,76.51000213623047,77.54000091552734,75.36932373046875,4275700
2023-08-03,77.31999969482422,77.37000274658203,76.22000122070312,76.58000183105469,74.43619537353516,4935300
2023-08-04,76.44999694824219,77.16000366210938,76.20999908447266,76.26000213623047,74.12515258789062,4574900
2023-08-07,76.45999908447266,77.19000244140625,76.45999908447266,76.9000015258789,74.74723815917969,2469400
2023-08-08,77.0199966430664,77.12999725341797,76.18000030517578,76.33000183105469,74.19319152832031,3796200
2023-08-09,76.37999725341797,77.01000213623047,76.29000091552734,76.48999786376953,74.34870147705078,3314900
2023-08-10,76.66000366210938,77.19000244140625,76.12000274658203,76.27999877929688,74.14459228515625,2552400
2023-08-11,76.45999908447266,76.91999816894531,76.26000213623047,76.9000015258789,74.74723815917969,2742300
2023-08-14,77.0999984741211,77.16000366210938,75.58000183105469,75.72000122070312,73.60026550292969,4249000
2023-08-15,75.47000122070312,75.58000183105469,74.43000030517578,74.63999938964844,72.55050659179688,4476300
2023-08-16,74.7699966430664,74.97000122070312,74.20999908447266,74.41999816894531,72.33666229248047,3639900
2023-08-17,74.44000244140625,74.86000061035156,73.94999694824219,74.0,71.92842102050781,2873100
2023-08-18,73.62000274658203,74.66999816894531,73.52999877929688,74.55000305175781,72.46302795410156,3681500
2023-08-21,74.30000305175781,74.37999725341797,73.51000213623047,73.80000305175781,71.7340316772461,3157300
2023-08-22,73.58999633789062,73.79000091552734,73.12999725341797,73.51000213623047,71.45213317871094,3096500
2023-08-23,73.86000061035156,74.16999816894531,73.12999725341797,73.51000213623047,71.45213317871094,2615300
2023-08-24,73.55000305175781,74.30999755859375,73.30000305175781,73.31999969482422,71.2674560546875,3692900
2023-08-25,73.4800033569336,74.11000061035156,73.25,73.83000183105469,71.76317596435547,2663300
2023-08-28,73.94000244140625,74.01000213623047,73.18000030517578,73.63999938964844,71.5784912109375,2871100
2023-08-29,73.51000213623047,73.66999816894531,72.44999694824219,73.47000122070312,71.41325378417969,3566500
2023-08-30,73.62000274658203,74.02999877929688,73.45999908447266,73.8499984741211,71.78262329101562,2415500
2023-08-31,74.0,74.11000061035156,73.41999816894531,73.47000122070312,71.41325378417969,5205300
2023-09-01,73.94999694824219,73.97000122070312,73.0,73.2699966430664,71.21884155273438,2412800
2023-09-05,73.0,73.66000366210938,72.7300033569336,72.77999877929688,70.74256896972656,2976200
2023-09-06,72.72000122070312,72.83999633789062,72.27999877929688,72.31999969482422,70.29544830322266,2869100
2023-09-07,72.6500015258789,74.18000030517578,72.63999938964844,73.55999755859375,71.50072479248047,5704300
2023-09-08,73.56999969482422,73.80000305175781,73.08999633789062,73.19999694824219,71.15081024169922,3804500
2023-09-11,73.19999694824219,74.12999725341797,73.19000244140625,73.94999694824219,71.87981414794922,3286600
2023-09-12,73.98999786376953,73.98999786376953,72.48999786376953,72.5199966430664,70.4898452758789,3639400
2023-09-13,72.93000030517578,73.22000122070312,72.47000122070312,72.83000183105469,70.79117584228516,3111800
2023-09-14,72.88999938964844,73.47000122070312,72.56999969482422,73.45999908447266,71.40352630615234,3409500
2023-09-15,73.29000091552734,73.79000091552734,72.91999816894531,73.16999816894531,71.12164306640625,5586000
2023-09-18,73.4000015258789,74.11000061035156,72.8499984741211,73.8499984741211,71.78262329101562,4042700
2023-09-19,73.66000366210938,73.69000244140625,72.5999984741211,73.22000122070312,71.17025756835938,3016000
2023-09-20,73.47000122070312,73.94999694824219,73.02999877929688,73.76000213623047,71.69513702392578,4212100
2023-09-21,73.8499984741211,73.9800033569336,73.19999694824219,73.22000122070312,71.17025756835938,3315200
2023-09-22,73.31999969482422,73.68000030517578,72.33999633789062,72.44999694824219,70.42180633544922,4242600
2023-09-25,72.25,72.66999816894531,71.86000061035156,72.22000122070312,70.19824981689453,3296400
2023-09-26,71.9800033569336,72.41999816894531,71.91000366210938,72.0,69.98440551757812,3789400
2023-09-27,71.93000030517578,72.22000122070312,70.81999969482422,71.05000305175781,69.06100463867188,3572800
2023-09-28,71.29000091552734,71.52999877929688,70.87000274658203,71.30999755859375,69.313720703125,3364000
2023-09-29,71.79000091552734,71.79000091552734,70.72000122070312,71.11000061035156,69.11932373046875,3226300
2023-10-02,70.91000366210938,70.9800033569336,70.25,70.76000213623047,68.77912139892578,2634400
2023-10-03,70.83999633789062,71.13999938964844,70.36000061035156,70.47000122070312,68.49723815917969,3174300
2023-10-04,70.54000091552734,70.93000030517578,70.0,70.55999755859375,68.584716796875,2777200
2023-10-05,70.12000274658203,70.2699966430664,69.16000366210938,69.2699966430664,67.3308334350586,3565300
2023-10-06,69.01000213623047,69.56999969482422,67.62000274658203,69.43000030517578,67.48635864257812,6481000
2023-10-09,69.19999694824219,69.55000305175781,68.44000244140625,69.30999755859375,67.36971282958984,3983500
2023-10-10,69.58999633789062,70.05999755859375,69.2699966430664,69.48999786376953,67.544677734375,4737800
2023-10-11,69.61000061035156,70.04000091552734,68.55000305175781,68.87000274658203,66.9420394897461,3310200
2023-10-12,68.8499984741211,70.16000366210938,68.54000091552734,69.69999694824219,67.74878692626953,7153500
2023-10-13,69.87000274658203,71.02999877929688,69.80000305175781,70.94999694824219,68.96379852294922,3898000
2023-10-16,71.62000274658203,72.26000213623047,71.06999969482422,72.1500015258789,70.13021087646484,6437400
2023-10-17,72.05999755859375,72.29000091552734,71.22000122070312,72.08000183105469,70.06217193603516,10084500
2023-10-18,72.44999694824219,73.43000030517578,72.29000091552734,73.06999969482422,71.02445220947266,6058300
2023-10-19,73.25,73.72000122070312,72.55999755859375,73.19000244140625,71.1410903930664,8005100
2023-10-20,73.18000030517578,73.61000061035156,72.91000366210938,73.2699966430664,71.68900299072266,6560000
2023-10-23,73.0,73.12999725341797,71.87000274658203,71.95999908447266,70.40727233886719,4517600
2023-10-24,72.11000061035156,72.91999816894531,72.08999633789062,72.83999633789062,71.2682876586914,4163300
2023-10-25,72.83000183105469,73.45999908447266,72.58000183105469,73.41000366210938,71.82599639892578,5355300
2023-10-26,73.29000091552734,73.94000244140625,72.88999938964844,73.08000183105469,71.50311279296875,6871000
2023-10-27,73.30999755859375,74.55000305175781,71.47000122070312,71.79000091552734,70.24095153808594,12666500
2023-10-30,72.7699966430664,74.19999694824219,72.36000061035156,73.87999725341797,72.28585815429688,6534000
2023-10-31,74.22000122070312,75.27999877929688,73.97000122070312,75.12000274658203,73.49909973144531,7591100
2023-11-01,75.1500015258789,75.30000305175781,74.4000015258789,74.93000030517578,73.31319427490234,4757700
2023-11-02,74.70999908447266,75.05000305175781,74.22000122070312,74.80000305175781,73.1860122680664,5624700
2023-11-03,74.87999725341797,75.3499984741211,74.56999969482422,74.81999969482422,73.20556640625,4362500
2023-11-06,74.86000061035156,75.44000244140625,74.72000122070312,75.20999908447266,73.58715057373047,4288100
2023-11-07,75.08000183105469,75.55999755859375,74.76000213623047,75.2300033569336,73.6067123413086,3275000
2023-11-08,75.19000244140625,75.68000030517578,74.87000274658203,75.23999786376953,73.61650848388672,3113100
2023-11-09,75.44999694824219,75.55999755859375,74.80000305175781,75.13999938964844,73.5186538696289,2631900
2023-11-10,75.30999755859375,75.5999984741211,74.66999816894531,75.43000030517578,73.80239868164062,3667800
2023-11-13,75.80000305175781,76.26000213623047,75.72000122070312,75.94999694824219,74.3111801147461,2805500
2023-11-14,75.80000305175781,76.8499984741211,75.70999908447266,76.66000366210938,75.00586700439453,2919900
2023-11-15,76.55000305175781,77.05000305175781,75.37000274658203,75.47000122070312,73.84154510498047,4810900
2023-11-16,75.56999969482422,76.44999694824219,75.55999755859375,75.9800033569336,74.34054565429688,4432800
2023-11-17,76.0,76.16000366210938,75.5,75.58000183105469,73.94917297363281,3231700
2023-11-20,75.27999877929688,75.75,75.16999816894531,75.47000122070312,73.84154510498047,3150200
2023-11-21,75.6500015258789,76.58999633789062,75.38999938964844,76.56999969482422,74.91780853271484,3669500
2023-11-22,76.9000015258789,77.5,76.86000061035156,77.27999877929688,75.61248779296875,3217300
2023-11-24,77.4800033569336,77.4800033569336,77.0199966430664,77.30999755859375,75.64183807373047,1150400
2023-11-27,77.37999725341797,77.45999908447266,77.01000213623047,77.11000061035156,75.44615936279297,3706600
2023-11-28,77.30000305175781,78.0,77.08000183105469,77.87000274658203,76.18975830078125,3471200
2023-11-29,77.83999633789062,78.05999755859375,77.47000122070312,77.87999725341797,76.19954681396484,4010200
2023-11-30,77.87999725341797,79.0199966430664,77.47000122070312,78.7699966430664,77.07032775878906,7148500
2023-12-01,78.86000061035156,78.98999786376953,78.3499984741211,78.69999694824219,77.00184631347656,3488400
2023-12-04,78.5,79.19000244140625,78.5,78.9800033569336,77.27581024169922,4154400
2023-12-05,79.0,79.02999877929688,77.54000091552734,77.68000030517578,76.00385284423828,4075300
2023-12-06,77.6500015258789,77.8499984741211,77.12999725341797,77.47000122070312,75.79838562011719,3595400
2023-12-07,77.62000274658203,77.9800033569336,77.16999816894531,77.62000274658203,75.94514465332031,3107200
2023-12-08,77.55999755859375,77.55999755859375,76.69000244140625,77.16999816894531,75.5048599243164,4317800
2023-12-11,77.3499984741211,77.87999725341797,77.26000213623047,77.63999938964844,75.96471405029297,3958200
2023-12-12,77.81999969482422,78.5999984741211,77.52999877929688,78.58999633789062,76.89421844482422,3798500
2023-12-13,78.41999816894531,79.44000244140625,78.04000091552734,79.38999938964844,77.67695617675781,4000100
2023-12-14,78.29000091552734,78.77999877929688,76.19999694824219,76.2699966430664,74.62428283691406,8434000
2023-12-15,75.86000061035156,77.01000213623047,75.5,76.9800033569336,75.31896209716797,10223900
2023-12-18,77.52999877929688,78.30000305175781,77.36000061035156,78.05999755859375,76.37564849853516,4212400
2023-12-19,78.01000213623047,78.55999755859375,77.83000183105469,78.12999725341797,76.44414520263672,3370700
2023-12-20,77.73999786376953,78.33000183105469,77.33999633789062,77.3499984741211,75.68096923828125,5326800
2023-12-21,77.63999938964844,77.97000122070312,76.95999908447266,77.91000366210938,76.22889709472656,5267000
2023-12-22,78.13999938964844,78.72000122070312,77.9800033569336,78.5,76.80615997314453,4042400
2023-12-26,78.47000122070312,79.3499984741211,78.30000305175781,79.04000091552734,77.33450317382812,3572700
2023-12-27,78.69000244140625,79.23999786376953,78.52999877929688,79.0999984741211,77.3932113647461,3268700
2023-12-28,79.44000244140625,79.48999786376953,78.91999816894531,79.23999786376953,77.53019714355469,2317100
2023-12-29,79.12000274658203,79.77999877929688,79.0999984741211,79.70999908447266,77.99005126953125,2463300
2024-01-02,79.62999725341797,80.7300033569336,79.38999938964844,80.72000122070312,78.97825622558594,6099500
2024-01-03,80.95999908447266,81.30000305175781,79.81999969482422,79.88999938964844,78.1661605834961,4959600
2024-01-04,79.88999938964844,80.58999633789062,79.76000213623047,80.33999633789062,78.60645294189453,4441900
2024-01-05,80.43000030517578,80.5199966430664,79.5199966430664,79.9800033569336,78.25422668457031,2825100
2024-01-08,80.12000274658203,80.44000244140625,79.7699966430664,80.4000015258789,78.6651611328125,3703300
2024-01-09,80.30000305175781,80.86000061035156,79.9800033569336,80.81999969482422,79.07611083984375,3714500
2024-01-10,80.87000274658203,81.19999694824219,80.20999908447266,80.55000305175781,78.81193542480469,4491000
2024-01-11,80.5199966430664,80.63999938964844,79.91000366210938,80.55999755859375,78.82170867919922,5186500
2024-01-12,81.08999633789062,81.25,80.6500015258789,80.91000366210938,79.16416931152344,5562200
2024-01-16,81.0,81.13999938964844,80.01000213623047,80.43000030517578,78.69451141357422,4252000
2024-01-17,80.0999984741211,81.19000244140625,79.77999877929688,80.95999908447266,79.21307373046875,5357800
2024-01-18,80.43000030517578,80.87000274658203,80.05000305175781,80.83000183105469,79.08588409423828,4027100
2024-01-19,80.2300033569336,80.58999633789062,80.04000091552734,80.37999725341797,79.11540985107422,5147500
2024-01-22,80.33000183105469,80.55000305175781,79.69000244140625,80.41999816894531,79.15479278564453,6237700
2024-01-23,81.11000061035156,81.81999969482422,80.80999755859375,81.41000366210938,80.12921142578125,7078300
2024-01-24,80.87000274658203,81.0199966430664,80.05000305175781,80.08000183105469,78.82013702392578,5880900
2024-01-25,80.23999786376953,81.44000244140625,80.02999877929688,81.22000122070312,79.94219970703125,7526400
2024-01-26,81.5199966430664,83.62000274658203,81.08000183105469,82.83000183105469,81.52686309814453,8668700
2024-01-29,83.30000305175781,84.0,83.0999984741211,83.95999908447266,82.63909912109375,6426000
2024-01-30,84.0,84.58999633789062,83.51000213623047,84.2300033569336,82.90485382080078,5659900
2024-01-31,84.38999938964844,84.94999694824219,83.91000366210938,84.19999694824219,82.87531280517578,6330600
2024-02-01,84.01000213623047,86.13999938964844,83.72000122070312,86.12000274658203,84.7651138305664,6904600
2024-02-02,85.0999984741211,86.08000183105469,84.0999984741211,84.62000274658203,83.28871154785156,6441000
2024-02-05,84.41000366210938,85.11000061035156,83.73999786376953,84.08999633789062,82.76704406738281,6627300
2024-02-06,84.05999755859375,84.22000122070312,83.37999725341797,83.73999786376953,82.42255401611328,6564400
2024-02-07,84.08999633789062,84.29000091552734,83.5999984741211,83.86000061035156,82.54066467285156,5530400
2024-02-08,83.79000091552734,84.30000305175781,83.48999786376953,84.26000213623047,82.93437194824219,4819100
2024-02-09,84.26000213623047,84.2699966430664,83.16999816894531,83.45999908447266,82.14695739746094,4533000
2024-02-12,83.30999755859375,83.7699966430664,82.68000030517578,83.55999755859375,82.24539184570312,4746500
2024-02-13,83.80000305175781,84.25,82.7699966430664,83.47000122070312,82.15680694580078,4469900
2024-02-14,83.26000213623047,83.80999755859375,82.83000183105469,83.70999908447266,82.39302825927734,6611200
2024-02-15,84.44999694824219,84.72000122070312,83.19999694824219,83.56999969482422,82.2552261352539,5268900
2024-02-16,83.73999786376953,84.23999786376953,83.29000091552734,83.4800033569336,82.1666488647461,4805600
2024-02-20,83.94999694824219,85.12999725341797,83.69999694824219,84.61000061035156,83.27886962890625,5404600
2024-02-21,84.98999786376953,85.5999984741211,84.91999816894531,85.30999755859375,83.96785736083984,3369000
2024-02-22,84.91000366210938,86.0,84.44999694824219,86.0,84.6469955444336,4114700
2024-02-23,86.0,86.83000183105469,85.63999938964844,86.25,84.89306640625,3161500
2024-02-26,86.3499984741211,86.68000030517578,86.0999984741211,86.1500015258789,84.79464721679688,2831700
2024-02-27,85.80999755859375,86.51000213623047,85.66999816894531,86.41000366210938,85.05055236816406,2638800
2024-02-28,86.44999694824219,86.86000061035156,86.08000183105469,86.80999755859375,85.44425964355469,2936800
2024-02-29,86.87999725341797,86.97000122070312,85.91999816894531,86.5199966430664,85.15882110595703,7900500
2024-03-01,86.37000274658203,86.55999755859375,85.75,86.48999786376953,85.12928771972656,2402000
2024-03-04,86.12999725341797,87.25,85.94999694824219,86.83000183105469,85.46394348144531,3968300
2024-03-05,87.19999694824219,87.2699966430664,86.20999908447266,86.7300033569336,85.36552429199219,3719400
2024-03-06,86.75,87.36000061035156,86.58999633789062,87.18000030517578,85.80842590332031,3522700
2024-03-07,87.41000366210938,88.16000366210938,87.02999877929688,88.13999938964844,86.75332641601562,3215800
2024-03-08,87.87000274658203,88.5,87.54000091552734,88.06999969482422,86.6844253540039,2929400
2024-03-11,88.02999877929688,88.62000274658203,87.41000366210938,88.12999725341797,86.74348449707031,3423400
2024-03-12,88.1500015258789,89.19000244140625,88.01000213623047,88.76000213623047,87.36357116699219,4251800
2024-03-13,88.91999816894531,89.36000061035156,88.52999877929688,89.19999694824219,87.7966537475586,3193100
2024-03-14,88.86000061035156,89.05000305175781,88.08999633789062,88.3499984741211,86.96002960205078,4895500
2024-03-15,87.45999908447266,88.77999877929688,87.45999908447266,88.44999694824219,87.0584487915039,6631000
2024-03-18,88.25,88.9800033569336,88.08999633789062,88.2699966430664,86.88127899169922,3430700
2024-03-19,88.5,88.77999877929688,88.0999984741211,88.7699966430664,87.37342071533203,3265000
2024-03-20,88.37999725341797,88.81999969482422,88.23999786376953,88.3499984741211,86.96002960205078,3366600
2024-03-21,88.3499984741211,89.11000061035156,87.91999816894531,88.7699966430664,87.37342071533203,3416200
2024-03-22,88.9800033569336,89.30999755859375,88.83000183105469,89.19999694824219,87.7966537475586,3563000
2024-03-25,89.23999786376953,89.41999816894531,88.31999969482422,88.63999938964844,87.24546813964844,3178500
2024-03-26,88.7300033569336,89.16999816894531,88.58999633789062,88.9000015258789,87.50137329101562,3287700
2024-03-27,89.5999984741211,90.2699966430664,89.33000183105469,89.94999694824219,88.53485107421875,4078600
2024-03-28,90.19999694824219,90.37000274658203,89.9000015258789,90.05000305175781,88.63328552246094,3459700
2024-04-01,89.81999969482422,89.81999969482422,88.7699966430664,89.05999755859375,87.65885925292969,3070200
2024-04-02,88.7699966430664,89.25,88.66999816894531,89.05999755859375,87.65885925292969,3307300
2024-04-03,89.0,89.11000061035156,87.80000305175781,88.0999984741211,86.71395874023438,4429200
2024-04-04,88.5199966430664,88.62999725341797,87.27999877929688,87.4000015258789,86.02497100830078,3155400
2024-04-05,87.7300033569336,88.12000274658203,87.1500015258789,87.87999725341797,86.49742126464844,3479600
2024-04-08,87.66999816894531,88.0,87.5199966430664,87.72000122070312,86.33993530273438,3086900
2024-04-09,88.2699966430664,88.33000183105469,87.20999908447266,87.6500015258789,86.27104187011719,3176300
2024-04-10,87.33000183105469,87.58000183105469,86.37000274658203,86.55999755859375,85.19818878173828,4750300
2024-04-11,86.9800033569336,86.9800033569336,85.93000030517578,86.0,84.6469955444336,3908300
2024-04-12,85.7300033569336,86.25,85.68000030517578,85.8499984741211,84.49935913085938,5907600
2024-04-15,86.47000122070312,86.88999938964844,86.0999984741211,86.16999816894531,84.81432342529297,4716200
2024-04-16,86.55999755859375,86.7300033569336,86.12000274658203,86.16999816894531,84.81432342529297,3220400
2024-04-17,86.5,86.83000183105469,85.91999816894531,86.75,85.38520812988281,3886200
2024-04-18,87.0,87.30999755859375,86.4000015258789,86.70999908447266,85.3458251953125,4880800
2024-04-19,86.0999984741211,87.26000213623047,85.91000366210938,87.12999725341797,86.25660705566406,6005100
2024-04-22,87.4000015258789,88.7300033569336,87.23999786376953,88.33000183105469,87.44457244873047,3954100
2024-04-23,89.16999816894531,89.30000305175781,88.38999938964844,88.58000183105469,87.69207000732422,4014800
2024-04-24,88.2300033569336,89.18000030517578,87.37000274658203,88.87000274658203,87.97916412353516,4066500
2024-04-25,89.0,89.5,88.83999633789062,89.29000091552734,88.39495849609375,6363600
2024-04-26,91.0,92.25,89.19000244140625,91.01000213623047,90.09770965576172,7541500
2024-04-29,91.0,91.25,89.95999908447266,90.48999786376953,89.58291625976562,4472100
2024-04-30,90.94999694824219,92.08999633789062,90.79000091552734,91.91999816894531,90.99858856201172,5286700
2024-05-01,91.5,92.54000091552734,90.83000183105469,91.9000015258789,90.97879028320312,5219900
2024-05-02,91.83999633789062,93.25,91.36000061035156,92.91000366210938,91.97866821289062,9506000
2024-05-03,92.93000030517578,93.05000305175781,91.30999755859375,92.87999725341797,91.94895935058594,5432700
2024-05-06,93.22000122070312,93.30000305175781,92.44999694824219,93.18000030517578,92.24596405029297,3181900
2024-05-07,93.58000183105469,94.20999908447266,93.1500015258789,94.08000183105469,93.1369400024414,4008300
2024-05-08,94.2699966430664,94.4000015258789,93.44000244140625,93.47000122070312,92.5330581665039,7252100
2024-05-09,93.75,94.31999969482422,93.51000213623047,94.08000183105469,93.1369400024414,4639600
2024-05-10,94.31999969482422,95.26000213623047,94.05999755859375,95.0999984741211,94.1467056274414,3007600
2024-05-13,95.02999877929688,95.58999633789062,94.25,94.45999908447266,93.51312255859375,3229300
2024-05-14,94.41000366210938,94.72000122070312,93.75,94.56999969482422,93.62202453613281,3971500
2024-05-15,94.29000091552734,94.76000213623047,94.20999908447266,94.52999877929688,93.58242797851562,2536100
2024-05-16,94.6500015258789,94.80999755859375,94.11000061035156,94.52999877929688,93.58242797851562,3240600
2024-05-17,94.54000091552734,94.54000091552734,93.75,94.12999725341797,93.18643951416016,4135200
2024-05-20,94.12999725341797,94.54000091552734,93.80999755859375,94.38999938964844,93.44383239746094,3900100
2024-05-21,94.83000183105469,95.2300033569336,94.43000030517578,95.16999816894531,94.21601104736328,4998200
2024-05-22,94.87000274658203,95.08000183105469,94.51000213623047,94.76000213623047,93.81012725830078,3849900
2024-05-23,94.5199966430664,95.01000213623047,93.6500015258789,93.7300033569336,92.79045104980469,3948900
2024-05-24,93.83999633789062,94.12999725341797,93.20999908447266,93.30000305175781,92.36476135253906,2554800
2024-05-28,92.87000274658203,93.58999633789062,91.7300033569336,91.94000244140625,91.01839447021484,4276900
2024-05-29,91.72000122070312,91.91000366210938,91.2300033569336,91.29000091552734,90.37490844726562,3115000
2024-05-30,91.2699966430664,91.4800033569336,90.7699966430664,90.93000030517578,90.01851654052734,3148000
2024-05-31,90.93000030517578,93.04000091552734,90.7699966430664,92.95999908447266,92.02816009521484,6648000
2024-06-03,92.44999694824219,93.26000213623047,91.77999877929688,92.47000122070312,91.54307556152344,3197900
2024-06-04,92.69999694824219,94.0199966430664,92.4800033569336,93.80999755859375,92.86964416503906,3599100
2024-06-05,93.66999816894531,93.95999908447266,93.16000366210938,93.66000366210938,92.72114562988281,2636800
2024-06-06,93.80999755859375,94.56999969482422,93.56999969482422,93.9800033569336,93.03794860839844,4217400
2024-06-07,94.08999633789062,94.56999969482422,93.79000091552734,93.88999938964844,92.94883728027344,2596200
2024-06-10,93.66999816894531,94.01000213623047,93.12000274658203,93.9000015258789,92.95874786376953,2542900
2024-06-11,93.75,93.9800033569336,92.94000244140625,93.95999908447266,93.01814270019531,3553600
2024-06-12,93.88999938964844,93.94000244140625,92.86000061035156,93.2300033569336,92.29546356201172,3812900
2024-06-13,93.66000366210938,94.9000015258789,93.37999725341797,94.76000213623047,93.81012725830078,4051700
2024-06-14,94.5,94.72000122070312,93.83000183105469,94.62000274658203,93.6715316772461,2722800
2024-06-17,94.52999877929688,96.08000183105469,94.08999633789062,95.94999694824219,94.98818969726562,3445400
2024-06-18,95.72000122070312,97.08000183105469,95.68000030517578,97.01000213623047,96.0375747680664,3722000
2024-06-20,96.79000091552734,97.41000366210938,96.25,96.94999694824219,95.97816467285156,4381700
2024-06-21,96.98999786376953,97.66999816894531,96.73999786376953,97.2699966430664,96.29496002197266,6378200
2024-06-24,98.0,99.05999755859375,97.29000091552734,98.98999786376953,97.99771881103516,4444000
2024-06-25,99.0,99.08000183105469,98.31999969482422,98.69999694824219,97.71062469482422,6376800
2024-06-26,98.06999969482422,98.48999786376953,97.87000274658203,98.2300033569336,97.2453384399414,3443900
2024-06-27,98.22000122070312,98.52999877929688,97.76000213623047,98.16999816894531,97.1859359741211,3616400
2024-06-28,98.19999694824219,98.47000122070312,96.77999877929688,97.04000091552734,96.06726837158203,11036200
2024-07-01,97.44000244140625,97.69999694824219,95.41999816894531,95.54000091552734,94.58230590820312,4205200
2024-07-02,95.5,96.25,95.0199966430664,96.12000274658203,95.156494140625,4205800
2024-07-03,95.7300033569336,96.22000122070312,95.5199966430664,95.88999938964844,94.92879486083984,2114700
2024-07-05,96.0,97.20999908447266,95.88999938964844,97.05000305175781,96.0771713256836,2844900
2024-07-08,97.2300033569336,97.94000244140625,97.12000274658203,97.58000183105469,96.60186004638672,2857300
2024-07-09,97.52999877929688,97.63999938964844,96.48999786376953,97.04000091552734,96.06726837158203,3390800
2024-07-10,97.16000366210938,97.62000274658203,96.8499984741211,97.38999938964844,96.41375732421875,2740600
2024-07-11,97.3499984741211,97.97000122070312,97.22000122070312,97.76000213623047,96.7800521850586,3719900
2024-07-12,98.0,98.63999938964844,97.87999725341797,98.06999969482422,97.08694458007812,2564800
2024-07-15,98.08999633789062,98.30000305175781,97.20999908447266,97.25,96.27516174316406,3093600
2024-07-16,97.38999938964844,97.94999694824219,97.02999877929688,97.4000015258789,96.42366027832031,2859800
2024-07-17,97.95999908447266,99.62999725341797,97.73999786376953,99.38999938964844,98.39370727539062,4117500
2024-07-18,99.22000122070312,99.62000274658203,98.37999725341797,98.51000213623047,97.52253723144531,3286400
2024-07-19,99.02999877929688,99.06999969482422,97.6500015258789,98.08000183105469,97.5921859741211,4229200
2024-07-22,98.12999725341797,98.13999938964844,97.30999755859375,97.94999694824219,97.46282958984375,3265100
2024-07-23,98.1500015258789,98.18000030517578,96.36000061035156,96.55000305175781,96.06979370117188,4202100
2024-07-24,95.41999816894531,97.08000183105469,95.41999816894531,96.5999984741211,96.11954498291016,4880300
2024-07-25,97.08999633789062,98.30999755859375,96.37000274658203,96.48999786376953,96.01009368896484,4633900
2024-07-26,99.0,100.61000061035156,98.31999969482422,99.38999938964844,98.89566802978516,7137400
2024-07-29,100.80000305175781,101.41999816894531,99.7699966430664,100.87999725341797,100.37825775146484,5398100
2024-07-30,98.94999694824219,100.75,98.44000244140625,100.48999786376953,99.99019622802734,5236100
2024-07-31,100.48999786376953,100.76000213623047,98.44999694824219,99.19000244140625,98.69666290283203,6410200
2024-08-01,99.55000305175781,101.12999725341797,98.7300033569336,100.93000030517578,100.42800903320312,4921300
2024-08-02,102.0,103.3499984741211,100.68000030517578,102.80999755859375,102.29866027832031,5088900
2024-08-05,102.98999786376953,104.1500015258789,99.94999694824219,100.97000122070312,100.46781158447266,5930000
2024-08-06,101.29000091552734,103.5999984741211,101.1500015258789,102.66000366210938,102.14940643310547,5267200
2024-08-07,102.73999786376953,104.02999877929688,102.23999786376953,102.43000030517578,101.92054748535156,4075800
2024-08-08,101.61000061035156,103.11000061035156,101.26000213623047,102.70999908447266,102.19915771484375,3215400
2024-08-09,102.47000122070312,102.7300033569336,101.33000183105469,102.06999969482422,101.56233978271484,3646700
2024-08-12,101.8499984741211,101.93000030517578,100.58999633789062,101.27999877929688,100.7762680053711,3660100
2024-08-13,101.48999786376953,101.58999633789062,99.87000274658203,100.58999633789062,100.0896987915039,4655900
2024-08-14,100.18000030517578,102.41999816894531,99.75,102.18000030517578,101.67179107666016,3149400
2024-08-15,102.4800033569336,102.95999908447266,101.16000366210938,101.44000244140625,100.93547821044922,3303400
2024-08-16,101.66000366210938,102.08000183105469,101.2300033569336,101.98999786376953,101.48273468017578,3172700
2024-08-19,102.05000305175781,102.30999755859375,101.58000183105469,101.8499984741211,101.34342956542969,2976500
2024-08-20,102.0,103.0999984741211,101.72000122070312,103.05999755859375,102.54741668701172,2691700
2024-08-21,103.11000061035156,103.6500015258789,102.6500015258789,103.47000122070312,102.95537567138672,3029300
2024-08-22,103.8499984741211,104.05000305175781,103.4800033569336,103.94999694824219,103.4329833984375,2803500
2024-08-23,104.30000305175781,104.33999633789062,103.11000061035156,104.20999908447266,103.69169616699219,3212500
2024-08-26,104.06999969482422,105.2300033569336,104.05000305175781,105.08999633789062,104.56731414794922,2430100
2024-08-27,105.30999755859375,106.04000091552734,104.62000274658203,105.91999816894531,105.3931884765625,3139400
2024-08-28,106.41000366210938,106.72000122070312,105.2300033569336,105.79000091552734,105.26383972167969,3217000
2024-08-29,105.80000305175781,106.0999984741211,105.27999877929688,105.80999755859375,105.28373718261719,2580800
2024-08-30,105.8499984741211,106.69999694824219,105.66999816894531,106.5,105.97030639648438,5033800
2024-09-03,106.5,107.94999694824219,106.3499984741211,107.77999877929688,107.24394226074219,4230000
2024-09-04,108.16000366210938,108.9800033569336,107.80999755859375,108.7699966430664,108.22901153564453,4447000
2024-09-05,109.0,109.30000305175781,108.13999938964844,108.52999877929688,107.9902114868164,4489800
2024-09-06,108.56999969482422,109.04000091552734,107.77999877929688,107.86000061035156,107.32353973388672,3937400
2024-09-09,107.36000061035156,107.81999969482422,106.5,107.11000061035156,106.5772705078125,4561500
2024-09-10,107.0,107.76000213623047,106.58999633789062,106.83999633789062,106.30860900878906,4201100
2024-09-11,106.37000274658203,106.43000030517578,104.83000183105469,106.12999725341797,105.60214233398438,4991500
2024-09-12,105.9000015258789,106.44000244140625,105.25,106.33999633789062,105.81109619140625,2963100
2024-09-13,105.66000366210938,106.26000213623047,105.11000061035156,105.7300033569336,105.20413970947266,3802300
2024-09-16,105.18000030517578,105.91999816894531,105.13999938964844,105.43000030517578,104.90563201904297,4088700
2024-09-17,104.87999725341797,105.37000274658203,104.23999786376953,104.55999755859375,104.03995513916016,4031900
2024-09-18,104.2300033569336,104.75,102.26000213623047,103.18000030517578,102.66681671142578,4253500
2024-09-19,103.0999984741211,103.0999984741211,101.88999938964844,102.01000213623047,101.50263977050781,4897900
2024-09-20,102.27999877929688,103.05999755859375,101.87000274658203,103.05999755859375,102.54741668701172,10926700
2024-09-23,102.68000030517578,104.16000366210938,102.4800033569336,103.30999755859375,102.79617309570312,3780800
2024-09-24,103.48999786376953,104.13999938964844,102.70999908447266,103.79000091552734,103.27378845214844,2882600
2024-09-25,104.13999938964844,104.48999786376953,103.44999694824219,103.75,103.2339859008789,3258900
2024-09-26,102.63999938964844,104.02999877929688,102.26000213623047,103.05999755859375,102.54741668701172,3603200
2024-09-27,102.77999877929688,103.87999725341797,102.66000366210938,103.66000366210938,103.1444320678711,4461700
2024-09-30,104.0999984741211,104.16000366210938,103.44999694824219,103.80999755859375,103.29368591308594,4655500
2024-10-01,103.7699966430664,103.81999969482422,102.05999755859375,102.33000183105469,101.821044921875,4076600
2024-10-02,102.05999755859375,102.36000061035156,101.58999633789062,102.05999755859375,101.55238342285156,4272800
2024-10-03,101.6500015258789,101.75,99.7699966430664,99.97000122070312,99.47278594970703,4695000
2024-10-04,99.25,99.8499984741211,98.44000244140625,99.04000091552734,98.54740905761719,6029900
2024-10-07,99.58000183105469,99.91000366210938,98.33000183105469,98.56999969482422,98.07975006103516,4829600
2024-10-08,98.45999908447266,100.69000244140625,97.8499984741211,100.58000183105469,100.07975006103516,5095000
2024-10-09,100.58000183105469,101.30000305175781,100.27999877929688,101.0,100.4976577758789,3542200
2024-10-10,101.22000122070312,101.22000122070312,98.93000030517578,99.23999786376953,98.74641418457031,4406600
2024-10-11,99.62999725341797,100.11000061035156,98.9000015258789,100.0999984741211,99.60213470458984,4858700
2024-10-14,100.01000213623047,100.83999633789062,99.91999816894531,100.7300033569336,100.22900390625,3180600
2024-10-15,100.94999694824219,102.61000061035156,100.94999694824219,101.55000305175781,101.04492950439453,3844800
2024-10-16,100.87999725341797,101.4000015258789,100.66000366210938,101.19000244140625,100.68672180175781,4188300
2024-10-17,101.83000183105469,101.88999938964844,100.06999969482422,100.52999877929688,100.02999877929688,3377400
2024-10-18,99.7300033569336,100.54000091552734,98.76000213623047,100.45999908447266,100.45999908447266,4502600
2024-10-21,100.0,100.48999786376953,99.19000244140625,99.36000061035156,99.36000061035156,2456300
2024-10-22,98.7300033569336,99.94999694824219,98.68000030517578,99.66999816894531,99.66999816894531,4018700
2024-10-23,99.31999969482422,99.7699966430664,98.77999877929688,98.9800033569336,98.9800033569336,3949600
2024-10-24,99.0,99.9800033569336,98.83000183105469,99.73999786376953,99.73999786376953,5259700
2024-10-25,96.54000091552734,97.79000091552734,95.1500015258789,95.61000061035156,95.61000061035156,7978900
2024-10-28,95.22000122070312,96.61000061035156,95.22000122070312,95.73999786376953,95.73999786376953,4570900
2024-10-29,95.0199966430664,95.5199966430664,94.43000030517578,94.72000122070312,94.72000122070312,5415000
2024-10-30,94.55999755859375,95.16999816894531,94.0199966430664,94.66000366210938,94.66000366210938,4551200
2024-10-31,94.55000305175781,95.30000305175781,93.6500015258789,93.70999908447266,93.70999908447266,4989700
2024-11-01,93.91999816894531,94.63999938964844,93.08000183105469,93.33000183105469,93.33000183105469,4859700
