Date,Open,High,Low,Close,Adj Close,Volume
2010-10-07,9.979999542236328,10.729999542236328,9.949999809265137,10.25,10.25,3848800
2010-10-08,10.25,10.569999694824219,10.100000381469727,10.130000114440918,10.130000114440918,1135300
2010-10-11,10.1899995803833,12.0,9.850000381469727,11.130000114440918,11.130000114440918,712500
2010-10-12,11.050000190734863,12.75,10.960000038146973,12.050000190734863,12.050000190734863,777000
2010-10-13,12.25,12.800000190734863,11.859999656677246,12.710000038146973,12.710000038146973,1413100
2010-10-14,12.899999618530273,14.789999961853027,12.75,13.9399995803833,13.9399995803833,1895200
2010-10-15,14.4399995803833,14.890000343322754,14.109999656677246,14.210000038146973,14.210000038146973,1648700
2010-10-18,14.5600004196167,14.5600004196167,13.300000190734863,13.399999618530273,13.399999618530273,814900
2010-10-19,12.880000114440918,13.199999809265137,11.609999656677246,11.710000038146973,11.710000038146973,1287200
2010-10-20,12.199999809265137,12.899999618530273,11.6899995803833,12.0,12.0,591400
2010-10-21,12.380000114440918,12.380000114440918,11.550000190734863,11.90999984741211,11.90999984741211,583800
2010-10-22,12.699999809265137,13.529999732971191,12.100000381469727,13.399999618530273,13.399999618530273,783200
2010-10-25,14.09000015258789,14.199999809265137,13.600000381469727,13.84000015258789,13.84000015258789,910800
2010-10-26,14.0,14.0,13.15999984741211,13.25,13.25,543200
2010-10-27,13.329999923706055,13.899999618530273,13.15999984741211,13.5,13.5,370100
2010-10-28,13.710000038146973,13.789999961853027,13.119999885559082,13.319999694824219,13.319999694824219,239100
2010-10-29,13.399999618530273,13.399999618530273,12.130000114440918,12.760000228881836,12.760000228881836,491500
2010-11-01,12.819999694824219,13.1899995803833,12.100000381469727,12.119999885559082,12.119999885559082,343900
2010-11-02,12.199999809265137,13.039999961853027,11.869999885559082,12.899999618530273,12.899999618530273,343600
2010-11-03,12.989999771118164,13.470000267028809,12.989999771118164,13.390000343322754,13.390000343322754,631200
2010-11-04,13.649999618530273,14.25,13.479999542236328,14.239999771118164,14.239999771118164,985100
2010-11-05,14.4399995803833,14.850000381469727,13.600000381469727,13.8100004196167,13.8100004196167,536400
2010-11-08,14.0,14.380000114440918,13.270000457763672,14.319999694824219,14.319999694824219,293900
2010-11-09,14.779999732971191,15.0,13.869999885559082,14.390000343322754,14.390000343322754,631200
2010-11-10,14.199999809265137,14.5600004196167,13.850000381469727,14.239999771118164,14.239999771118164,152200
2010-11-11,14.0,14.6899995803833,14.0,14.609999656677246,14.609999656677246,285400
2010-11-12,14.5,15.430000305175781,13.699999809265137,13.960000038146973,13.960000038146973,931500
2010-11-15,14.210000038146973,14.5,13.800000190734863,14.130000114440918,14.130000114440918,239800
2010-11-16,13.899999618530273,14.199999809265137,13.25,13.390000343322754,13.390000343322754,496200
2010-11-17,12.989999771118164,12.989999771118164,10.84000015258789,11.1899995803833,11.1899995803833,1698800
2010-11-18,11.720000267028809,12.149999618530273,11.319999694824219,11.489999771118164,11.489999771118164,575300
2010-11-19,11.600000381469727,11.710000038146973,11.220000267028809,11.520000457763672,11.520000457763672,379900
2010-11-22,11.600000381469727,11.890000343322754,11.210000038146973,11.680000305175781,11.680000305175781,385600
2010-11-23,11.550000190734863,11.579999923706055,11.350000381469727,11.5,11.5,101600
2010-11-24,11.800000190734863,12.100000381469727,11.619999885559082,12.050000190734863,12.050000190734863,293100
2010-11-26,12.25,12.3100004196167,11.289999961853027,11.569999694824219,11.569999694824219,265500
2010-11-29,11.5,11.600000381469727,10.8100004196167,11.100000381469727,11.100000381469727,258400
2010-11-30,10.930000305175781,11.119999885559082,10.220000267028809,10.510000228881836,10.510000228881836,401500
2010-12-01,10.619999885559082,11.609999656677246,10.600000381469727,11.359999656677246,11.359999656677246,531900
2010-12-02,11.449999809265137,11.850000381469727,11.449999809265137,11.729999542236328,11.729999542236328,186400
2010-12-03,11.729999542236328,11.869999885559082,11.430000305175781,11.770000457763672,11.770000457763672,80500
2010-12-06,11.539999961853027,11.699999809265137,11.520000457763672,11.600000381469727,11.600000381469727,127700
2010-12-07,11.800000190734863,11.800000190734863,11.0600004196167,11.149999618530273,11.149999618530273,451000
2010-12-08,11.149999618530273,11.430000305175781,11.069999694824219,11.319999694824219,11.319999694824219,104800
2010-12-09,11.420000076293945,11.510000228881836,11.260000228881836,11.380000114440918,11.380000114440918,119500
2010-12-10,11.579999923706055,11.579999923706055,11.050000190734863,11.119999885559082,11.119999885559082,110600
2010-12-13,11.100000381469727,11.109999656677246,10.770000457763672,10.970000267028809,10.970000267028809,167200
2010-12-14,11.029999732971191,11.029999732971191,10.359999656677246,10.460000038146973,10.460000038146973,142200
2010-12-15,10.40999984741211,10.539999961853027,10.199999809265137,10.300000190734863,10.300000190734863,109800
2010-12-16,10.420000076293945,10.5,10.149999618530273,10.1899995803833,10.1899995803833,67900
2010-12-17,10.319999694824219,10.319999694824219,9.699999809265137,10.140000343322754,10.140000343322754,390300
2010-12-20,10.1899995803833,10.460000038146973,9.850000381469727,10.229999542236328,10.229999542236328,189100
2010-12-21,10.260000228881836,10.4399995803833,10.010000228881836,10.079999923706055,10.079999923706055,80900
2010-12-22,10.140000343322754,10.140000343322754,9.84000015258789,9.989999771118164,9.989999771118164,159100
2010-12-23,10.020000457763672,10.449999809265137,9.989999771118164,10.449999809265137,10.449999809265137,169000
2010-12-27,10.359999656677246,10.380000114440918,10.199999809265137,10.260000228881836,10.260000228881836,92100
2010-12-28,10.300000190734863,10.300000190734863,9.920000076293945,10.020000457763672,10.020000457763672,120300
2010-12-29,10.050000190734863,10.34000015258789,10.010000228881836,10.079999923706055,10.079999923706055,109900
2010-12-30,10.100000381469727,10.180000305175781,9.859999656677246,10.0,10.0,258500
2010-12-31,10.050000190734863,10.210000038146973,9.880000114440918,10.15999984741211,10.15999984741211,131900
2011-01-03,10.34000015258789,10.5,10.170000076293945,10.3100004196167,10.3100004196167,115500
2011-01-04,10.350000381469727,10.449999809265137,10.149999618530273,10.390000343322754,10.390000343322754,90200
2011-01-05,10.550000190734863,11.279999732971191,10.449999809265137,11.270000457763672,11.270000457763672,488400
2011-01-06,11.899999618530273,14.149999618530273,11.850000381469727,13.5,13.5,1805500
2011-01-07,13.329999923706055,13.369999885559082,12.760000228881836,13.25,13.25,284300
2011-01-10,13.319999694824219,13.4399995803833,12.850000381469727,13.079999923706055,13.079999923706055,207300
2011-01-11,13.170000076293945,13.619999885559082,13.149999618530273,13.600000381469727,13.600000381469727,216000
2011-01-12,13.649999618530273,14.050000190734863,13.350000381469727,13.520000457763672,13.520000457763672,292100
2011-01-13,13.609999656677246,13.699999809265137,13.0,13.350000381469727,13.350000381469727,108600
2011-01-14,13.329999923706055,13.329999923706055,12.699999809265137,12.90999984741211,12.90999984741211,186200
2011-01-18,12.899999618530273,13.5,12.699999809265137,13.079999923706055,13.079999923706055,319700
2011-01-19,13.079999923706055,13.079999923706055,12.1899995803833,12.390000343322754,12.390000343322754,238000
2011-01-20,12.380000114440918,12.619999885559082,12.069999694824219,12.140000343322754,12.140000343322754,135200
2011-01-21,12.300000190734863,12.380000114440918,12.0,12.039999961853027,12.039999961853027,143300
2011-01-24,12.109999656677246,13.100000381469727,12.09000015258789,12.899999618530273,12.899999618530273,558600
2011-01-25,12.880000114440918,13.079999923706055,12.550000190734863,12.619999885559082,12.619999885559082,302100
2011-01-26,13.079999923706055,13.539999961853027,12.979999542236328,13.170000076293945,13.170000076293945,618800
2011-01-27,13.09000015258789,13.619999885559082,13.09000015258789,13.279999732971191,13.279999732971191,196200
2011-01-28,13.369999885559082,13.600000381469727,12.920000076293945,13.109999656677246,13.109999656677246,269400
2011-01-31,13.010000228881836,13.270000457763672,12.979999542236328,13.140000343322754,13.140000343322754,80800
2011-02-01,13.119999885559082,14.100000381469727,13.050000190734863,13.829999923706055,13.829999923706055,739400
2011-02-02,13.8100004196167,14.850000381469727,13.550000190734863,14.739999771118164,14.739999771118164,1242300
2011-02-03,14.739999771118164,14.970000267028809,14.109999656677246,14.489999771118164,14.489999771118164,353900
2011-02-04,14.550000190734863,14.550000190734863,13.039999961853027,13.180000305175781,13.180000305175781,632800
2011-02-07,13.210000038146973,13.859999656677246,13.210000038146973,13.739999771118164,13.739999771118164,241800
2011-02-08,13.789999961853027,13.9399995803833,13.199999809265137,13.390000343322754,13.390000343322754,80600
2011-02-09,13.449999809265137,13.520000457763672,13.15999984741211,13.279999732971191,13.279999732971191,65300
2011-02-10,13.149999618530273,13.449999809265137,12.800000190734863,13.350000381469727,13.350000381469727,145800
2011-02-11,13.109999656677246,13.850000381469727,13.029999732971191,13.350000381469727,13.350000381469727,218200
2011-02-14,13.479999542236328,13.640000343322754,12.680000305175781,12.75,12.75,345700
2011-02-15,12.75,13.25,12.649999618530273,13.079999923706055,13.079999923706055,112000
2011-02-16,13.25,13.520000457763672,12.970000267028809,13.520000457763672,13.520000457763672,493800
2011-02-17,13.699999809265137,13.800000190734863,13.460000038146973,13.5,13.5,191400
2011-02-18,13.800000190734863,14.25,13.460000038146973,13.529999732971191,13.529999732971191,249300
2011-02-22,13.329999923706055,13.470000267028809,12.529999732971191,12.770000457763672,12.770000457763672,365300
2011-02-23,12.720000267028809,12.800000190734863,12.109999656677246,12.3100004196167,12.3100004196167,357900
2011-02-24,12.199999809265137,12.510000228881836,12.0,12.300000190734863,12.300000190734863,481300
2011-02-25,12.449999809265137,12.600000381469727,11.920000076293945,12.069999694824219,12.069999694824219,345300
2011-02-28,12.289999961853027,12.399999618530273,12.100000381469727,12.15999984741211,12.15999984741211,381200
2011-03-01,12.279999732971191,12.279999732971191,11.800000190734863,11.850000381469727,11.850000381469727,210400
2011-03-02,11.920000076293945,12.09000015258789,11.90999984741211,11.949999809265137,11.949999809265137,181600
2011-03-03,12.1899995803833,12.390000343322754,12.020000457763672,12.260000228881836,12.260000228881836,488300
2011-03-04,12.34000015258789,12.34000015258789,12.0,12.180000305175781,12.180000305175781,159500
2011-03-07,12.90999984741211,13.1899995803833,11.920000076293945,12.140000343322754,12.140000343322754,909300
2011-03-08,11.9399995803833,12.460000038146973,11.899999618530273,12.3100004196167,12.3100004196167,214800
2011-03-09,12.3100004196167,12.34000015258789,12.010000228881836,12.119999885559082,12.119999885559082,193800
2011-03-10,11.949999809265137,11.949999809265137,10.979999542236328,11.199999809265137,11.199999809265137,708100
2011-03-11,11.0,11.420000076293945,10.850000381469727,11.40999984741211,11.40999984741211,106700
2011-03-14,11.399999618530273,12.239999771118164,11.329999923706055,12.239999771118164,12.239999771118164,209700
2011-03-15,12.390000343322754,13.0600004196167,11.8100004196167,12.75,12.75,539900
2011-03-16,12.779999732971191,12.829999923706055,12.300000190734863,12.789999961853027,12.789999961853027,243100
2011-03-17,12.970000267028809,13.229999542236328,12.75,13.0600004196167,13.0600004196167,304100
2011-03-18,12.989999771118164,13.109999656677246,12.609999656677246,12.899999618530273,12.899999618530273,396400
2011-03-21,12.680000305175781,13.1899995803833,12.680000305175781,13.15999984741211,13.15999984741211,324000
2011-03-22,13.1899995803833,13.369999885559082,12.970000267028809,13.199999809265137,13.199999809265137,252700
2011-03-23,13.130000114440918,13.25,13.0,13.140000343322754,13.140000343322754,183100
2011-03-24,13.279999732971191,13.279999732971191,12.720000267028809,13.130000114440918,13.130000114440918,174000
2011-03-25,13.020000457763672,13.25,12.960000038146973,13.1899995803833,13.1899995803833,111100
2011-03-28,13.399999618530273,13.649999618530273,13.210000038146973,13.25,13.25,192900
2011-03-29,13.279999732971191,13.279999732971191,12.869999885559082,12.979999542236328,12.979999542236328,432600
2011-03-30,13.119999885559082,13.119999885559082,12.960000038146973,12.989999771118164,12.989999771118164,409600
2011-03-31,13.220000267028809,13.220000267028809,12.819999694824219,12.880000114440918,12.880000114440918,327500
2011-04-01,13.0,13.050000190734863,12.15999984741211,12.420000076293945,12.420000076293945,335000
2011-04-04,12.300000190734863,12.350000381469727,11.850000381469727,11.930000305175781,11.930000305175781,279400
2011-04-05,11.859999656677246,12.300000190734863,11.850000381469727,12.239999771118164,12.239999771118164,83800
2011-04-06,12.34000015258789,12.34000015258789,12.109999656677246,12.260000228881836,12.260000228881836,65600
2011-04-07,12.119999885559082,12.25,12.0600004196167,12.119999885559082,12.119999885559082,39800
2011-04-08,12.270000457763672,12.329999923706055,11.640000343322754,11.710000038146973,11.710000038146973,153400
2011-04-11,11.75,11.829999923706055,11.149999618530273,11.1899995803833,11.1899995803833,133300
2011-04-12,11.199999809265137,11.630000114440918,10.890000343322754,11.130000114440918,11.130000114440918,219300
2011-04-13,11.3100004196167,11.600000381469727,11.1899995803833,11.470000267028809,11.470000267028809,73600
2011-04-14,11.350000381469727,11.539999961853027,11.180000305175781,11.210000038146973,11.210000038146973,123600
2011-04-15,11.119999885559082,11.319999694824219,10.9399995803833,11.180000305175781,11.180000305175781,124300
2011-04-18,11.100000381469727,11.109999656677246,10.600000381469727,10.920000076293945,10.920000076293945,232900
2011-04-19,10.9399995803833,11.699999809265137,10.9399995803833,11.5,11.5,269100
2011-04-20,11.710000038146973,12.100000381469727,11.550000190734863,11.979999542236328,11.979999542236328,264800
2011-04-21,11.920000076293945,12.09000015258789,11.65999984741211,12.0600004196167,12.0600004196167,110800
2011-04-25,12.050000190734863,12.109999656677246,11.720000267028809,12.09000015258789,12.09000015258789,85100
2011-04-26,12.09000015258789,12.199999809265137,12.010000228881836,12.149999618530273,12.149999618530273,114100
2011-04-27,12.199999809265137,12.300000190734863,12.050000190734863,12.289999961853027,12.289999961853027,127700
2011-04-28,12.289999961853027,12.300000190734863,11.949999809265137,12.0,12.0,379300
2011-04-29,12.239999771118164,12.34000015258789,12.119999885559082,12.270000457763672,12.270000457763672,120000
2011-05-02,12.170000076293945,12.470000267028809,12.119999885559082,12.369999885559082,12.369999885559082,433500
2011-05-03,12.390000343322754,12.449999809265137,11.890000343322754,11.920000076293945,11.920000076293945,103000
2011-05-04,11.920000076293945,12.010000228881836,11.649999618530273,12.010000228881836,12.010000228881836,85000
2011-05-05,11.850000381469727,12.350000381469727,11.760000228881836,12.319999694824219,12.319999694824219,198600
2011-05-06,12.449999809265137,12.489999771118164,12.390000343322754,12.460000038146973,12.460000038146973,268600
2011-05-09,12.710000038146973,13.020000457763672,12.119999885559082,13.0,13.0,529800
2011-05-10,13.020000457763672,13.399999618530273,12.899999618530273,13.380000114440918,13.380000114440918,507900
2011-05-11,13.5,13.6899995803833,13.420000076293945,13.59000015258789,13.59000015258789,490100
2011-05-12,13.5600004196167,13.5600004196167,13.15999984741211,13.329999923706055,13.329999923706055,285000
2011-05-13,13.210000038146973,13.350000381469727,13.069999694824219,13.25,13.25,165200
2011-05-16,13.100000381469727,13.149999618530273,11.739999771118164,11.8100004196167,11.8100004196167,311900
2011-05-17,11.640000343322754,11.890000343322754,11.199999809265137,11.289999961853027,11.289999961853027,240700
2011-05-18,11.289999961853027,11.720000267028809,11.25,11.640000343322754,11.640000343322754,118100
2011-05-19,11.75,11.75,11.380000114440918,11.649999618530273,11.649999618530273,247600
2011-05-20,11.470000267028809,11.600000381469727,11.199999809265137,11.25,11.25,276800
2011-05-23,11.199999809265137,11.380000114440918,11.149999618530273,11.25,11.25,95600
2011-05-24,11.289999961853027,11.460000038146973,11.149999618530273,11.40999984741211,11.40999984741211,172300
2011-05-25,11.260000228881836,11.720000267028809,10.949999809265137,10.960000038146973,10.960000038146973,356500
2011-05-26,11.0600004196167,11.100000381469727,10.829999923706055,10.949999809265137,10.949999809265137,249100
2011-05-27,10.979999542236328,11.289999961853027,10.869999885559082,10.949999809265137,10.949999809265137,126100
2011-05-31,11.149999618530273,11.270000457763672,10.880000114440918,10.960000038146973,10.960000038146973,297600
2011-06-01,10.899999618530273,11.039999961853027,10.520000457763672,10.529999732971191,10.529999732971191,107600
2011-06-02,10.460000038146973,10.670000076293945,10.350000381469727,10.350000381469727,10.350000381469727,95100
2011-06-03,9.989999771118164,10.0,9.020000457763672,9.279999732971191,9.279999732971191,380600
2011-06-06,9.25,9.380000114440918,8.6899995803833,8.829999923706055,8.829999923706055,193700
2011-06-07,8.829999923706055,9.010000228881836,8.470000267028809,8.600000381469727,8.600000381469727,177300
2011-06-08,8.600000381469727,8.600000381469727,8.199999809265137,8.279999732971191,8.279999732971191,177100
2011-06-09,8.380000114440918,8.430000305175781,8.210000038146973,8.399999618530273,8.399999618530273,138700
2011-06-10,8.380000114440918,8.420000076293945,7.880000114440918,7.889999866485596,7.889999866485596,246700
2011-06-13,7.909999847412109,8.420000076293945,7.909999847412109,8.390000343322754,8.390000343322754,111600
2011-06-14,8.449999809265137,9.130000114440918,8.4399995803833,8.75,8.75,207200
2011-06-15,8.520000457763672,8.84000015258789,8.479999542236328,8.600000381469727,8.600000381469727,182700
2011-06-16,8.569999694824219,8.680000305175781,8.3100004196167,8.430000305175781,8.430000305175781,218400
2011-06-17,8.630000114440918,8.6899995803833,7.980000019073486,8.239999771118164,8.239999771118164,288000
2011-06-20,8.039999961853027,8.229999542236328,7.619999885559082,7.690000057220459,7.690000057220459,319400
2011-06-21,7.710000038146973,8.050000190734863,7.710000038146973,7.989999771118164,7.989999771118164,161100
2011-06-22,8.010000228881836,8.279999732971191,8.010000228881836,8.260000228881836,8.260000228881836,163800
2011-06-23,8.140000343322754,8.140000343322754,7.75,7.829999923706055,7.829999923706055,154600
2011-06-24,7.860000133514404,7.860000133514404,7.539999961853027,7.599999904632568,7.599999904632568,112500
2011-06-27,7.659999847412109,7.78000020980835,7.550000190734863,7.570000171661377,7.570000171661377,150700
2011-06-28,7.690000057220459,7.699999809265137,7.369999885559082,7.550000190734863,7.550000190734863,159700
2011-06-29,7.650000095367432,7.849999904632568,7.429999828338623,7.829999923706055,7.829999923706055,168000
2011-06-30,7.800000190734863,7.949999809265137,7.789999961853027,7.840000152587891,7.840000152587891,122400
2011-07-01,8.020000457763672,8.3100004196167,7.800000190734863,7.829999923706055,7.829999923706055,118800
2011-07-05,7.159999847412109,7.619999885559082,6.829999923706055,7.449999809265137,7.449999809265137,688800
2011-07-06,7.300000190734863,7.300000190734863,7.039999961853027,7.110000133514404,7.110000133514404,159300
2011-07-07,7.380000114440918,7.380000114440918,7.110000133514404,7.170000076293945,7.170000076293945,86700
2011-07-08,7.170000076293945,7.269999980926514,7.050000190734863,7.110000133514404,7.110000133514404,122700
2011-07-11,7.110000133514404,7.170000076293945,6.909999847412109,6.980000019073486,6.980000019073486,131900
2011-07-12,6.929999828338623,6.929999828338623,6.210000038146973,6.429999828338623,6.429999828338623,437700
2011-07-13,6.440000057220459,6.829999923706055,6.300000190734863,6.539999961853027,6.539999961853027,395600
2011-07-14,6.630000114440918,6.690000057220459,6.269999980926514,6.369999885559082,6.369999885559082,199800
2011-07-15,6.460000038146973,6.460000038146973,6.300000190734863,6.400000095367432,6.400000095367432,92800
2011-07-18,6.320000171661377,6.420000076293945,6.159999847412109,6.300000190734863,6.300000190734863,150000
2011-07-19,6.380000114440918,6.579999923706055,6.269999980926514,6.539999961853027,6.539999961853027,215800
2011-07-20,6.639999866485596,6.699999809265137,6.329999923706055,6.429999828338623,6.429999828338623,150700
2011-07-21,6.340000152587891,6.460000038146973,6.28000020980835,6.389999866485596,6.389999866485596,126300
2011-07-22,6.349999904632568,6.440000057220459,6.0,6.360000133514404,6.360000133514404,364400
2011-07-25,6.320000171661377,6.46999979019165,6.179999828338623,6.409999847412109,6.409999847412109,110500
2011-07-26,6.400000095367432,6.650000095367432,6.150000095367432,6.5,6.5,202200
2011-07-27,6.409999847412109,6.440000057220459,6.039999961853027,6.119999885559082,6.119999885559082,257400
2011-07-28,6.179999828338623,6.480000019073486,6.050000190734863,6.400000095367432,6.400000095367432,141200
2011-07-29,6.639999866485596,6.699999809265137,6.269999980926514,6.329999923706055,6.329999923706055,284700
2011-08-01,6.380000114440918,6.880000114440918,6.380000114440918,6.769999980926514,6.769999980926514,203700
2011-08-02,6.75,7.420000076293945,6.75,7.190000057220459,7.190000057220459,350100
2011-08-03,7.289999961853027,7.710000038146973,7.059999942779541,7.510000228881836,7.510000228881836,353400
2011-08-04,7.460000038146973,7.460000038146973,6.380000114440918,6.460000038146973,6.460000038146973,258500
2011-08-05,6.650000095367432,6.670000076293945,6.099999904632568,6.400000095367432,6.400000095367432,152100
2011-08-08,6.130000114440918,6.260000228881836,5.550000190734863,5.75,5.75,209000
2011-08-09,5.869999885559082,6.059999942779541,5.409999847412109,6.059999942779541,6.059999942779541,139100
2011-08-10,5.960000038146973,6.010000228881836,5.710000038146973,5.769999980926514,5.769999980926514,198800
2011-08-11,5.769999980926514,6.460000038146973,5.710000038146973,6.25,6.25,161700
2011-08-12,6.409999847412109,6.489999771118164,6.349999904632568,6.400000095367432,6.400000095367432,105300
2011-08-15,6.659999847412109,6.940000057220459,6.650000095367432,6.789999961853027,6.789999961853027,270100
2011-08-16,6.78000020980835,6.789999961853027,6.0,6.230000019073486,6.230000019073486,265600
2011-08-17,6.210000038146973,6.349999904632568,6.150000095367432,6.25,6.25,54100
2011-08-18,6.0,6.010000228881836,5.619999885559082,5.690000057220459,5.690000057220459,282600
2011-08-19,5.639999866485596,5.920000076293945,5.090000152587891,5.139999866485596,5.139999866485596,259000
2011-08-22,5.28000020980835,5.369999885559082,5.090000152587891,5.179999828338623,5.179999828338623,131300
2011-08-23,5.260000228881836,5.75,5.260000228881836,5.619999885559082,5.619999885559082,187900
2011-08-24,5.550000190734863,5.639999866485596,5.090000152587891,5.360000133514404,5.360000133514404,208400
2011-08-25,5.340000152587891,5.46999979019165,5.150000095367432,5.420000076293945,5.420000076293945,79400
2011-08-26,5.420000076293945,6.070000171661377,5.420000076293945,5.929999828338623,5.929999828338623,177000
2011-08-29,6.099999904632568,6.400000095367432,6.0,6.389999866485596,6.389999866485596,194800
2011-08-30,6.360000133514404,6.360000133514404,5.75,5.789999961853027,5.789999961853027,190400
2011-08-31,5.920000076293945,6.139999866485596,5.599999904632568,5.610000133514404,5.610000133514404,149700
2011-09-01,5.690000057220459,5.760000228881836,5.300000190734863,5.329999923706055,5.329999923706055,236700
2011-09-02,5.559999942779541,5.75,5.349999904632568,5.389999866485596,5.389999866485596,180300
2011-09-06,5.300000190734863,5.360000133514404,5.199999809265137,5.239999771118164,5.239999771118164,359200
2011-09-07,5.429999828338623,5.489999771118164,5.289999961853027,5.369999885559082,5.369999885559082,99500
2011-09-08,5.349999904632568,5.389999866485596,5.25,5.269999980926514,5.269999980926514,96700
2011-09-09,5.28000020980835,5.289999961853027,4.699999809265137,4.739999771118164,4.739999771118164,322700
2011-09-12,4.599999904632568,5.0,4.599999904632568,4.909999847412109,4.909999847412109,149300
2011-09-13,4.989999771118164,5.190000057220459,4.980000019073486,5.019999980926514,5.019999980926514,50000
2011-09-14,5.119999885559082,5.130000114440918,4.559999942779541,4.789999961853027,4.789999961853027,292600
2011-09-15,4.920000076293945,4.980000019073486,4.610000133514404,4.840000152587891,4.840000152587891,115000
2011-09-16,4.940000057220459,4.949999809265137,4.730000019073486,4.849999904632568,4.849999904632568,241700
2011-09-19,4.800000190734863,4.800000190734863,4.349999904632568,4.449999809265137,4.449999809265137,302600
2011-09-20,4.389999866485596,4.900000095367432,4.230000019073486,4.510000228881836,4.510000228881836,202200
2011-09-21,4.5,4.619999885559082,4.199999809265137,4.199999809265137,4.199999809265137,205900
2011-09-22,4.059999942779541,4.059999942779541,3.630000114440918,3.6500000953674316,3.6500000953674316,258800
2011-09-23,3.609999895095825,3.950000047683716,3.609999895095825,3.75,3.75,91200
2011-09-26,3.75,3.819999933242798,3.369999885559082,3.450000047683716,3.450000047683716,206700
2011-09-27,3.5399999618530273,3.630000114440918,3.4200000762939453,3.4800000190734863,3.4800000190734863,177100
2011-09-28,3.5199999809265137,3.7200000286102295,3.299999952316284,3.4100000858306885,3.4100000858306885,467700
2011-09-29,3.4700000286102295,3.7100000381469727,3.2799999713897705,3.7100000381469727,3.7100000381469727,614100
2011-09-30,3.700000047683716,3.700000047683716,3.5,3.5,3.5,349300
2011-10-03,3.509999990463257,3.5799999237060547,3.069999933242798,3.0999999046325684,3.0999999046325684,151800
2011-10-04,3.0799999237060547,3.430000066757202,3.009999990463257,3.390000104904175,3.390000104904175,126900
2011-10-05,3.359999895095825,3.619999885559082,3.3499999046325684,3.509999990463257,3.509999990463257,360000
2011-10-06,3.5999999046325684,4.210000038146973,3.569999933242798,4.03000020980835,4.03000020980835,516000
2011-10-07,4.289999961853027,4.289999961853027,3.7699999809265137,3.890000104904175,3.890000104904175,160100
2011-10-10,4.059999942779541,4.059999942779541,3.7799999713897705,3.950000047683716,3.950000047683716,43000
2011-10-11,3.880000114440918,3.9200000762939453,3.7899999618530273,3.9000000953674316,3.9000000953674316,39900
2011-10-12,4.010000228881836,4.079999923706055,3.9600000381469727,3.990000009536743,3.990000009536743,86700
2011-10-13,3.9000000953674316,3.950000047683716,3.700000047683716,3.75,3.75,162500
2011-10-14,3.809999942779541,3.869999885559082,3.680000066757202,3.7200000286102295,3.7200000286102295,132300
2011-10-17,3.690000057220459,3.759999990463257,3.4200000762939453,3.4700000286102295,3.4700000286102295,110500
2011-10-18,3.430000066757202,3.609999895095825,3.4000000953674316,3.5999999046325684,3.5999999046325684,63500
2011-10-19,3.5299999713897705,3.6700000762939453,3.25,3.299999952316284,3.299999952316284,57200
2011-10-20,3.2799999713897705,3.549999952316284,3.2799999713897705,3.5,3.5,29600
2011-10-21,3.5299999713897705,3.5399999618530273,3.3299999237060547,3.3499999046325684,3.3499999046325684,49400
2011-10-24,3.359999895095825,3.549999952316284,3.309999942779541,3.359999895095825,3.359999895095825,202700
2011-10-25,3.3499999046325684,3.4800000190734863,3.200000047683716,3.240000009536743,3.240000009536743,149700
2011-10-26,3.059999942779541,3.25,3.059999942779541,3.190000057220459,3.190000057220459,150100
2011-10-27,3.359999895095825,3.4600000381469727,3.2100000381469727,3.440000057220459,3.440000057220459,671700
2011-10-28,3.5,4.0,3.450000047683716,3.6600000858306885,3.6600000858306885,706900
2011-10-31,3.609999895095825,3.609999895095825,3.450000047683716,3.5199999809265137,3.5199999809265137,278100
2011-11-01,3.4000000953674316,3.5199999809265137,3.0799999237060547,3.119999885559082,3.119999885559082,569500
2011-11-02,3.2200000286102295,3.3299999237060547,3.0299999713897705,3.259999990463257,3.259999990463257,408200
2011-11-03,3.4800000190734863,3.4800000190734863,3.0999999046325684,3.2899999618530273,3.2899999618530273,329300
2011-11-04,3.299999952316284,3.4200000762939453,3.1700000762939453,3.240000009536743,3.240000009536743,413600
2011-11-07,3.240000009536743,3.240000009536743,3.0399999618530273,3.1700000762939453,3.1700000762939453,170700
2011-11-08,3.240000009536743,3.240000009536743,3.119999885559082,3.1500000953674316,3.1500000953674316,123400
2011-11-09,3.009999990463257,3.069999933242798,2.869999885559082,2.9000000953674316,2.9000000953674316,168400
2011-11-10,2.890000104904175,3.009999990463257,2.6600000858306885,2.740000009536743,2.740000009536743,416800
2011-11-11,2.799999952316284,2.880000114440918,2.7200000286102295,2.8299999237060547,2.8299999237060547,356100
2011-11-14,2.8499999046325684,2.8499999046325684,2.6700000762939453,2.7100000381469727,2.7100000381469727,120500
2011-11-15,2.5999999046325684,2.619999885559082,2.200000047683716,2.2100000381469727,2.2100000381469727,481600
2011-11-16,2.369999885559082,2.369999885559082,2.2200000286102295,2.25,2.25,182700
2011-11-17,2.2699999809265137,2.299999952316284,1.7599999904632568,1.8799999952316284,1.8799999952316284,740400
2011-11-18,1.850000023841858,2.109999895095825,1.809999942779541,2.0,2.0,270400
2011-11-21,1.9700000286102295,1.9700000286102295,1.7799999713897705,1.840000033378601,1.840000033378601,213600
2011-11-22,1.850000023841858,2.0,1.8300000429153442,1.9700000286102295,1.9700000286102295,87600
2011-11-23,1.9700000286102295,2.1600000858306885,1.8899999856948853,2.119999885559082,2.119999885559082,178100
2011-11-25,2.059999942779541,2.059999942779541,1.9800000190734863,2.009999990463257,2.009999990463257,44400
2011-11-28,2.0199999809265137,2.119999885559082,2.009999990463257,2.119999885559082,2.119999885559082,126300
2011-11-29,2.1600000858306885,2.2699999809265137,2.0799999237060547,2.2100000381469727,2.2100000381469727,142600
2011-11-30,2.2799999713897705,2.2799999713897705,2.109999895095825,2.1500000953674316,2.1500000953674316,294500
2011-12-01,2.190000057220459,2.299999952316284,2.1500000953674316,2.299999952316284,2.299999952316284,203800
2011-12-02,2.299999952316284,2.3499999046325684,2.2300000190734863,2.259999990463257,2.259999990463257,179000
2011-12-05,2.2899999618530273,2.2899999618530273,1.9800000190734863,2.059999942779541,2.059999942779541,208900
2011-12-06,1.9800000190734863,2.069999933242798,1.9199999570846558,1.9299999475479126,1.9299999475479126,133300
2011-12-07,1.9299999475479126,1.9800000190734863,1.850000023841858,1.9299999475479126,1.9299999475479126,197600
2011-12-08,1.8799999952316284,1.9299999475479126,1.7799999713897705,1.809999942779541,1.809999942779541,128600
2011-12-09,1.850000023841858,1.9800000190734863,1.850000023841858,1.8799999952316284,1.8799999952316284,137800
2011-12-12,1.9600000381469727,1.9900000095367432,1.850000023841858,1.8600000143051147,1.8600000143051147,96100
2011-12-13,1.899999976158142,1.899999976158142,1.7000000476837158,1.7000000476837158,1.7000000476837158,142900
2011-12-14,1.7000000476837158,1.7400000095367432,1.649999976158142,1.690000057220459,1.690000057220459,48100
2011-12-15,1.7000000476837158,1.7300000190734863,1.649999976158142,1.659999966621399,1.659999966621399,47700
2011-12-16,1.6799999475479126,1.7000000476837158,1.5099999904632568,1.590000033378601,1.590000033378601,127200
2011-12-19,1.5299999713897705,1.5499999523162842,1.409999966621399,1.4299999475479126,1.4299999475479126,189800
2011-12-20,1.4900000095367432,1.649999976158142,1.4600000381469727,1.6100000143051147,1.6100000143051147,301400
2011-12-21,1.590000033378601,1.6399999856948853,1.4900000095367432,1.6399999856948853,1.6399999856948853,190300
2011-12-22,1.6200000047683716,1.7999999523162842,1.5800000429153442,1.6699999570846558,1.6699999570846558,266800
2011-12-23,1.7000000476837158,1.7400000095367432,1.649999976158142,1.7000000476837158,1.7000000476837158,92900
2011-12-27,1.590000033378601,1.6299999952316284,1.5099999904632568,1.5800000429153442,1.5800000429153442,211100
2011-12-28,1.6299999952316284,1.7599999904632568,1.5700000524520874,1.690000057220459,1.690000057220459,252100
2011-12-29,1.690000057220459,1.8799999952316284,1.6399999856948853,1.7200000286102295,1.7200000286102295,626700
2011-12-30,1.7000000476837158,1.7799999713897705,1.659999966621399,1.6699999570846558,1.6699999570846558,54100
2012-01-03,1.7699999809265137,1.8700000047683716,1.75,1.840000033378601,1.840000033378601,99700
2012-01-04,1.840000033378601,1.9500000476837158,1.8200000524520874,1.840000033378601,1.840000033378601,82800
2012-01-05,1.899999976158142,1.899999976158142,1.8200000524520874,1.899999976158142,1.899999976158142,105100
2012-01-06,1.899999976158142,2.069999933242798,1.840000033378601,2.049999952316284,2.049999952316284,311900
2012-01-09,2.049999952316284,2.0999999046325684,1.909999966621399,2.0999999046325684,2.0999999046325684,98300
2012-01-10,2.1600000858306885,2.1600000858306885,2.049999952316284,2.0999999046325684,2.0999999046325684,40600
2012-01-11,2.059999942779541,2.619999885559082,2.059999942779541,2.509999990463257,2.509999990463257,820800
2012-01-12,2.809999942779541,2.809999942779541,2.3299999237060547,2.549999952316284,2.549999952316284,334900
2012-01-13,2.359999895095825,2.509999990463257,2.25,2.4200000762939453,2.4200000762939453,184700
2012-01-17,2.4200000762939453,2.6600000858306885,2.4100000858306885,2.4700000286102295,2.4700000286102295,148700
2012-01-18,2.5,2.869999885559082,2.4000000953674316,2.809999942779541,2.809999942779541,475000
2012-01-19,2.819999933242798,2.950000047683716,2.4000000953674316,2.430000066757202,2.430000066757202,714800
2012-01-20,2.440000057220459,2.5,2.4000000953674316,2.4000000953674316,2.4000000953674316,163800
2012-01-23,2.440000057220459,2.490000009536743,2.430000066757202,2.4600000381469727,2.4600000381469727,110500
2012-01-24,2.4000000953674316,2.4700000286102295,2.3299999237060547,2.4000000953674316,2.4000000953674316,141400
2012-01-25,2.3299999237060547,2.4700000286102295,2.299999952316284,2.450000047683716,2.450000047683716,83300
2012-01-26,2.4800000190734863,2.75,2.4800000190734863,2.5899999141693115,2.5899999141693115,354800
2012-01-27,2.5799999237060547,2.740000009536743,2.450000047683716,2.700000047683716,2.700000047683716,275100
2012-01-30,2.619999885559082,2.740000009536743,2.5999999046325684,2.680000066757202,2.680000066757202,130200
2012-01-31,2.680000066757202,2.7100000381469727,2.5,2.5999999046325684,2.5999999046325684,231800
2012-02-01,2.609999895095825,2.690000057220459,2.5,2.509999990463257,2.509999990463257,140200
2012-02-02,2.5399999618530273,2.5899999141693115,2.4000000953674316,2.5,2.5,160200
2012-02-03,2.5,2.640000104904175,2.5,2.549999952316284,2.549999952316284,128800
2012-02-06,2.5299999713897705,2.819999933242798,2.5199999809265137,2.7899999618530273,2.7899999618530273,382600
2012-02-07,2.7899999618530273,3.2300000190734863,2.6700000762939453,3.2100000381469727,3.2100000381469727,809200
2012-02-08,3.1500000953674316,3.75,3.130000114440918,3.440000057220459,3.440000057220459,722900
2012-02-09,3.4700000286102295,4.150000095367432,3.2300000190734863,4.010000228881836,4.010000228881836,807800
2012-02-10,3.869999885559082,3.9800000190734863,3.5199999809265137,3.640000104904175,3.640000104904175,593000
2012-02-13,3.6700000762939453,3.9600000381469727,3.6700000762939453,3.799999952316284,3.799999952316284,256500
2012-02-14,3.799999952316284,3.869999885559082,3.369999885559082,3.549999952316284,3.549999952316284,298500
2012-02-15,3.5299999713897705,3.5999999046325684,3.4200000762939453,3.509999990463257,3.509999990463257,106000
2012-02-16,3.430000066757202,3.5,3.2200000286102295,3.2799999713897705,3.2799999713897705,169500
2012-02-17,3.369999885559082,3.7300000190734863,3.2799999713897705,3.5899999141693115,3.5899999141693115,289600
2012-02-21,3.630000114440918,3.8499999046325684,3.630000114440918,3.8499999046325684,3.8499999046325684,364600
2012-02-22,3.890000104904175,3.890000104904175,3.5999999046325684,3.6500000953674316,3.6500000953674316,180700
2012-02-23,3.609999895095825,3.609999895095825,3.319999933242798,3.359999895095825,3.359999895095825,171800
2012-02-24,3.3299999237060547,3.440000057220459,3.2799999713897705,3.309999942779541,3.309999942779541,99900
2012-02-27,3.2799999713897705,3.3499999046325684,3.0999999046325684,3.240000009536743,3.240000009536743,131800
2012-02-28,3.2699999809265137,3.3499999046325684,3.2100000381469727,3.259999990463257,3.259999990463257,70300
2012-02-29,3.2799999713897705,3.2899999618530273,2.9200000762939453,2.940000057220459,2.940000057220459,194700
2012-03-01,2.950000047683716,3.0,2.809999942779541,2.9000000953674316,2.9000000953674316,77000
2012-03-02,2.859999895095825,2.990000009536743,2.7300000190734863,2.75,2.75,114100
2012-03-05,2.75,2.759999990463257,2.4100000858306885,2.490000009536743,2.490000009536743,261900
2012-03-06,2.4800000190734863,3.0999999046325684,2.380000114440918,2.880000114440918,2.880000114440918,431900
2012-03-07,2.890000104904175,2.890000104904175,2.700000047683716,2.759999990463257,2.759999990463257,66800
2012-03-08,2.759999990463257,2.859999895095825,2.5199999809265137,2.5999999046325684,2.5999999046325684,175500
2012-03-09,2.640000104904175,3.0399999618530273,2.640000104904175,2.990000009536743,2.990000009536743,240300
2012-03-12,2.9600000381469727,3.0299999713897705,2.890000104904175,2.9000000953674316,2.9000000953674316,46200
2012-03-13,2.890000104904175,3.009999990463257,2.890000104904175,2.890000104904175,2.890000104904175,134300
2012-03-14,2.9200000762939453,2.9700000286102295,2.7200000286102295,2.7899999618530273,2.7899999618530273,70200
2012-03-15,2.75,2.7899999618530273,2.619999885559082,2.7899999618530273,2.7899999618530273,52400
2012-03-16,2.759999990463257,3.0,2.6600000858306885,2.7300000190734863,2.7300000190734863,215400
2012-03-19,2.7799999713897705,2.859999895095825,2.75,2.7799999713897705,2.7799999713897705,46800
2012-03-20,2.7899999618530273,2.8499999046325684,2.549999952316284,2.7899999618530273,2.7899999618530273,399100
2012-03-21,2.5,2.640000104904175,2.4600000381469727,2.5799999237060547,2.5799999237060547,175000
2012-03-22,2.509999990463257,2.549999952316284,2.380000114440918,2.4800000190734863,2.4800000190734863,114800
2012-03-23,2.4600000381469727,2.4700000286102295,2.4000000953674316,2.4200000762939453,2.4200000762939453,168900
2012-03-26,2.490000009536743,2.5199999809265137,2.319999933242798,2.319999933242798,2.319999933242798,86300
2012-03-27,2.319999933242798,2.4200000762939453,2.319999933242798,2.359999895095825,2.359999895095825,84600
2012-03-28,2.309999942779541,2.369999885559082,2.1500000953674316,2.190000057220459,2.190000057220459,138800
2012-03-29,2.1600000858306885,2.190000057220459,2.0899999141693115,2.130000114440918,2.130000114440918,269700
2012-03-30,2.190000057220459,2.259999990463257,2.0999999046325684,2.109999895095825,2.109999895095825,69500
2012-04-02,2.0999999046325684,2.1500000953674316,2.069999933242798,2.109999895095825,2.109999895095825,68200
2012-04-03,2.0799999237060547,2.0999999046325684,2.009999990463257,2.069999933242798,2.069999933242798,106300
2012-04-04,2.0299999713897705,2.0899999141693115,2.009999990463257,2.0899999141693115,2.0899999141693115,33500
2012-04-05,2.0299999713897705,2.069999933242798,2.0299999713897705,2.049999952316284,2.049999952316284,30300
2012-04-09,2.0399999618530273,2.0399999618530273,1.909999966621399,1.909999966621399,1.909999966621399,41900
2012-04-10,1.899999976158142,1.9700000286102295,1.8600000143051147,1.8600000143051147,1.8600000143051147,68100
2012-04-11,1.850000023841858,1.9800000190734863,1.850000023841858,1.9500000476837158,1.9500000476837158,87500
2012-04-12,1.940000057220459,1.9900000095367432,1.899999976158142,1.9900000095367432,1.9900000095367432,50500
2012-04-13,1.9600000381469727,2.0,1.9299999475479126,1.9900000095367432,1.9900000095367432,21100
2012-04-16,2.009999990463257,2.069999933242798,1.899999976158142,1.9299999475479126,1.9299999475479126,35500
2012-04-17,1.9900000095367432,2.0399999618530273,1.899999976158142,1.9299999475479126,1.9299999475479126,91600
2012-04-18,1.940000057220459,1.9500000476837158,1.850000023841858,1.8799999952316284,1.8799999952316284,37500
2012-04-19,1.909999966621399,1.909999966621399,1.7999999523162842,1.8300000429153442,1.8300000429153442,30000
2012-04-20,1.850000023841858,1.850000023841858,1.7200000286102295,1.7799999713897705,1.7799999713897705,27100
2012-04-23,1.7400000095367432,1.7400000095367432,1.649999976158142,1.6799999475479126,1.6799999475479126,45800
2012-04-24,1.6299999952316284,1.809999942779541,1.6299999952316284,1.809999942779541,1.809999942779541,47300
2012-04-25,1.8300000429153442,1.9299999475479126,1.8200000524520874,1.8899999856948853,1.8899999856948853,44900
2012-04-26,1.909999966621399,1.9900000095367432,1.8799999952316284,1.940000057220459,1.940000057220459,10700
2012-04-27,1.9199999570846558,1.940000057220459,1.7999999523162842,1.8300000429153442,1.8300000429153442,31500
2012-04-30,1.850000023841858,1.909999966621399,1.850000023841858,1.899999976158142,1.899999976158142,19000
2012-05-01,1.940000057220459,2.0899999141693115,1.8799999952316284,1.9800000190734863,1.9800000190734863,69800
2012-05-02,1.9900000095367432,1.9900000095367432,1.899999976158142,1.909999966621399,1.909999966621399,59000
2012-05-03,1.8799999952316284,1.9199999570846558,1.840000033378601,1.840000033378601,1.840000033378601,33000
2012-05-04,1.7899999618530273,1.909999966621399,1.7899999618530273,1.809999942779541,1.809999942779541,32400
2012-05-07,1.7999999523162842,1.8700000047683716,1.7300000190734863,1.7300000190734863,1.7300000190734863,32000
2012-05-08,1.7400000095367432,1.7899999618530273,1.6799999475479126,1.6799999475479126,1.6799999475479126,20800
2012-05-09,1.6799999475479126,1.840000033378601,1.649999976158142,1.649999976158142,1.649999976158142,48500
2012-05-10,1.659999966621399,1.7999999523162842,1.659999966621399,1.6799999475479126,1.6799999475479126,45500
2012-05-11,1.690000057220459,1.8200000524520874,1.690000057220459,1.7799999713897705,1.7799999713897705,36000
2012-05-14,1.7999999523162842,1.899999976158142,1.6699999570846558,1.7400000095367432,1.7400000095367432,33200
2012-05-15,1.7200000286102295,1.7200000286102295,1.600000023841858,1.6299999952316284,1.6299999952316284,45000
2012-05-16,1.6299999952316284,1.649999976158142,1.5800000429153442,1.5800000429153442,1.5800000429153442,59200
2012-05-17,1.600000023841858,1.600000023841858,1.409999966621399,1.4600000381469727,1.4600000381469727,67900
2012-05-18,1.4600000381469727,1.5800000429153442,1.4199999570846558,1.5499999523162842,1.5499999523162842,130000
2012-05-21,1.5,1.5399999618530273,1.409999966621399,1.4700000286102295,1.4700000286102295,73000
2012-05-22,1.4900000095367432,1.5,1.3200000524520874,1.4199999570846558,1.4199999570846558,111500
2012-05-23,1.3799999952316284,1.3799999952316284,1.2999999523162842,1.350000023841858,1.350000023841858,51000
2012-05-24,1.3600000143051147,1.3899999856948853,1.2999999523162842,1.3300000429153442,1.3300000429153442,26900
2012-05-25,1.309999942779541,1.3200000524520874,1.25,1.2599999904632568,1.2599999904632568,21900
2012-05-29,1.25,1.309999942779541,1.2300000190734863,1.2300000190734863,1.2300000190734863,24700
2012-05-30,1.0299999713897705,1.25,1.0299999713897705,1.2100000381469727,1.2100000381469727,21400
2012-05-31,1.2000000476837158,1.2100000381469727,1.1200000047683716,1.2000000476837158,1.2000000476837158,37900
2012-06-01,1.149999976158142,1.3799999952316284,1.149999976158142,1.2799999713897705,1.2799999713897705,37300
2012-06-04,1.2899999618530273,1.2899999618530273,1.190000057220459,1.2000000476837158,1.2000000476837158,19600
2012-06-05,1.2000000476837158,1.2400000095367432,1.159999966621399,1.2100000381469727,1.2100000381469727,15600
2012-06-06,1.2100000381469727,1.25,1.1799999475479126,1.1799999475479126,1.1799999475479126,18900
2012-06-07,1.2000000476837158,1.25,1.1799999475479126,1.2400000095367432,1.2400000095367432,11000
2012-06-08,1.2200000286102295,1.25,1.190000057220459,1.2400000095367432,1.2400000095367432,9700
2012-06-11,1.2300000190734863,1.25,1.1799999475479126,1.2400000095367432,1.2400000095367432,10800
2012-06-12,1.2400000095367432,1.2999999523162842,1.1799999475479126,1.2200000286102295,1.2200000286102295,53000
2012-06-13,1.1799999475479126,1.2699999809265137,1.090000033378601,1.1200000047683716,1.1200000047683716,87800
2012-06-14,1.1699999570846558,1.2400000095367432,1.0,1.0,1.0,120300
2012-06-15,1.0199999809265137,1.090000033378601,0.9900000095367432,1.0800000429153442,1.0800000429153442,228100
2012-06-18,1.100000023841858,1.1399999856948853,1.0099999904632568,1.0700000524520874,1.0700000524520874,377200
2012-06-19,1.0499999523162842,1.1100000143051147,1.0,1.0,1.0,317000
2012-06-20,1.0299999713897705,1.059999942779541,0.9800000190734863,1.0199999809265137,1.0199999809265137,175500
2012-06-21,1.0499999523162842,1.0499999523162842,0.9700000286102295,0.9900000095367432,0.9900000095367432,91900
2012-06-22,1.0,1.0199999809265137,0.9599999785423279,0.9599999785423279,0.9599999785423279,47500
2012-06-25,0.8799999952316284,1.0399999618530273,0.8799999952316284,0.9700000286102295,0.9700000286102295,81100
2012-06-26,0.9300000071525574,0.9700000286102295,0.9100000262260437,0.9100000262260437,0.9100000262260437,63100
2012-06-27,0.8799999952316284,0.9399999976158142,0.8500000238418579,0.8700000047683716,0.8700000047683716,253000
2012-06-28,0.9399999976158142,0.9399999976158142,0.7799999713897705,0.7799999713897705,0.7799999713897705,555600
2012-06-29,0.800000011920929,0.8700000047683716,0.7799999713897705,0.8500000238418579,0.8500000238418579,136500
2012-07-02,0.8600000143051147,0.8700000047683716,0.8199999928474426,0.8199999928474426,0.8199999928474426,33600
2012-07-03,0.8100000023841858,0.8999999761581421,0.8100000023841858,0.8899999856948853,0.8899999856948853,46000
2012-07-05,0.8899999856948853,0.8899999856948853,0.8399999737739563,0.8700000047683716,0.8700000047683716,37600
2012-07-06,0.8500000238418579,0.8700000047683716,0.8199999928474426,0.8399999737739563,0.8399999737739563,26600
2012-07-09,0.8700000047683716,0.949999988079071,0.8299999833106995,0.8999999761581421,0.8999999761581421,207600
2012-07-10,0.9200000166893005,0.949999988079071,0.8899999856948853,0.9100000262260437,0.9100000262260437,73800
2012-07-11,0.9300000071525574,1.0,0.9300000071525574,0.9300000071525574,0.9300000071525574,49200
2012-07-12,0.9599999785423279,0.9700000286102295,0.9200000166893005,0.9599999785423279,0.9599999785423279,41300
2012-07-13,0.9599999785423279,0.9800000190734863,0.8799999952316284,0.9399999976158142,0.9399999976158142,39000
2012-07-16,0.949999988079071,1.0199999809265137,0.9100000262260437,0.9599999785423279,0.9599999785423279,27400
2012-07-17,0.949999988079071,0.9700000286102295,0.8999999761581421,0.949999988079071,0.949999988079071,63200
2012-07-18,0.9800000190734863,0.9800000190734863,0.949999988079071,0.9700000286102295,0.9700000286102295,13600
2012-07-19,0.949999988079071,0.9700000286102295,0.949999988079071,0.9700000286102295,0.9700000286102295,21600
2012-07-20,0.9300000071525574,1.0,0.9200000166893005,0.949999988079071,0.949999988079071,78300
2012-07-23,0.949999988079071,0.949999988079071,0.8799999952316284,0.9200000166893005,0.9200000166893005,66700
2012-07-24,0.949999988079071,0.949999988079071,0.8999999761581421,0.9399999976158142,0.9399999976158142,47700
2012-07-25,0.9399999976158142,0.949999988079071,0.8399999737739563,0.949999988079071,0.949999988079071,49000
2012-07-26,0.949999988079071,1.0199999809265137,0.8799999952316284,0.9599999785423279,0.9599999785423279,68500
2012-07-27,0.949999988079071,0.9599999785423279,0.8199999928474426,0.949999988079071,0.949999988079071,132600
2012-07-30,0.949999988079071,0.949999988079071,0.8500000238418579,0.8899999856948853,0.8899999856948853,104200
2012-07-31,0.8999999761581421,0.9300000071525574,0.8600000143051147,0.8999999761581421,0.8999999761581421,47500
2012-08-01,0.9300000071525574,0.9599999785423279,0.8600000143051147,0.9599999785423279,0.9599999785423279,48600
2012-08-02,0.949999988079071,0.9800000190734863,0.8899999856948853,0.949999988079071,0.949999988079071,36700
2012-08-03,0.949999988079071,0.949999988079071,0.8999999761581421,0.9100000262260437,0.9100000262260437,40400
2012-08-06,0.9200000166893005,0.9800000190734863,0.8999999761581421,0.9800000190734863,0.9800000190734863,22800
2012-08-07,0.9800000190734863,1.0199999809265137,0.9599999785423279,0.9900000095367432,0.9900000095367432,29800
2012-08-08,1.0099999904632568,1.0199999809265137,0.9900000095367432,1.0,1.0,32700
2012-08-09,1.0,1.0,0.9599999785423279,0.9700000286102295,0.9700000286102295,2100
2012-08-10,0.9700000286102295,0.9900000095367432,0.9300000071525574,0.9800000190734863,0.9800000190734863,36300
2012-08-13,0.9700000286102295,0.9700000286102295,0.9100000262260437,0.949999988079071,0.949999988079071,34800
2012-08-14,0.949999988079071,0.9800000190734863,0.9100000262260437,0.9800000190734863,0.9800000190734863,35600
2012-08-15,0.949999988079071,1.0,0.8999999761581421,0.9599999785423279,0.9599999785423279,33700
2012-08-16,0.949999988079071,0.9900000095367432,0.8999999761581421,0.9300000071525574,0.9300000071525574,54600
2012-08-17,0.949999988079071,0.9599999785423279,0.9300000071525574,0.9599999785423279,0.9599999785423279,7900
2012-08-20,0.9900000095367432,0.9900000095367432,0.949999988079071,0.9700000286102295,0.9700000286102295,12600
2012-08-21,0.949999988079071,0.9900000095367432,0.9200000166893005,0.9599999785423279,0.9599999785423279,28800
2012-08-22,0.9200000166893005,0.9700000286102295,0.8799999952316284,0.9700000286102295,0.9700000286102295,54900
2012-08-23,0.9200000166893005,0.9900000095367432,0.9200000166893005,0.9900000095367432,0.9900000095367432,38600
2012-08-24,0.949999988079071,0.9800000190734863,0.9300000071525574,0.9700000286102295,0.9700000286102295,58200
2012-08-27,0.949999988079071,0.9800000190734863,0.949999988079071,0.9700000286102295,0.9700000286102295,44800
2012-08-28,0.949999988079071,0.9900000095367432,0.8999999761581421,0.949999988079071,0.949999988079071,93900
2012-08-29,0.9300000071525574,0.9800000190734863,0.9300000071525574,0.9300000071525574,0.9300000071525574,29300
2012-08-30,0.9200000166893005,0.9800000190734863,0.7799999713897705,0.8399999737739563,0.8399999737739563,85500
2012-08-31,0.8399999737739563,0.949999988079071,0.8399999737739563,0.8700000047683716,0.8700000047683716,23200
2012-09-04,0.8199999928474426,0.8700000047683716,0.8199999928474426,0.8399999737739563,0.8399999737739563,23400
2012-09-05,0.8100000023841858,0.8600000143051147,0.7400000095367432,0.8299999833106995,0.8299999833106995,27700
2012-09-06,0.8100000023841858,0.8799999952316284,0.7900000214576721,0.8100000023841858,0.8100000023841858,37300
2012-09-07,0.8500000238418579,0.8999999761581421,0.800000011920929,0.8399999737739563,0.8399999737739563,23800
2012-09-10,0.8600000143051147,0.8700000047683716,0.800000011920929,0.800000011920929,0.800000011920929,37300
2012-09-11,0.7799999713897705,0.8600000143051147,0.75,0.800000011920929,0.800000011920929,34600
2012-09-12,0.7699999809265137,0.8700000047683716,0.7699999809265137,0.8299999833106995,0.8299999833106995,44700
2012-09-13,0.8199999928474426,0.8700000047683716,0.8199999928474426,0.8500000238418579,0.8500000238418579,31300
2012-09-14,0.8199999928474426,0.8700000047683716,0.8100000023841858,0.8100000023841858,0.8100000023841858,43700
2012-09-17,0.8500000238418579,0.8700000047683716,0.8100000023841858,0.8399999737739563,0.8399999737739563,34800
2012-09-18,0.8199999928474426,0.8700000047683716,0.8199999928474426,0.8600000143051147,0.8600000143051147,29100
2012-09-19,0.8600000143051147,0.8799999952316284,0.8399999737739563,0.8799999952316284,0.8799999952316284,36400
2012-09-20,0.8700000047683716,0.8799999952316284,0.8100000023841858,0.8100000023841858,0.8100000023841858,42700
2012-09-21,0.8100000023841858,0.8600000143051147,0.7400000095367432,0.7400000095367432,0.7400000095367432,138700
2012-09-24,0.7599999904632568,0.8299999833106995,0.7599999904632568,0.8199999928474426,0.8199999928474426,36100
2012-09-25,0.800000011920929,0.8299999833106995,0.800000011920929,0.8100000023841858,0.8100000023841858,28700
2012-09-26,0.800000011920929,0.8199999928474426,0.7599999904632568,0.800000011920929,0.800000011920929,28100
2012-09-27,0.7900000214576721,0.8199999928474426,0.7900000214576721,0.8199999928474426,0.8199999928474426,29400
2012-09-28,0.8199999928474426,0.8500000238418579,0.7699999809265137,0.7699999809265137,0.7699999809265137,31800
2012-10-01,0.7799999713897705,0.8299999833106995,0.7799999713897705,0.8100000023841858,0.8100000023841858,18600
2012-10-02,0.8100000023841858,0.8299999833106995,0.800000011920929,0.8199999928474426,0.8199999928474426,17900
2012-10-03,0.800000011920929,0.8299999833106995,0.7900000214576721,0.8299999833106995,0.8299999833106995,27000
2012-10-04,0.8199999928474426,0.8500000238418579,0.7900000214576721,0.8399999737739563,0.8399999737739563,26700
2012-10-05,0.8299999833106995,0.8500000238418579,0.8299999833106995,0.8500000238418579,0.8500000238418579,20000
2012-10-08,0.8399999737739563,0.8600000143051147,0.8100000023841858,0.8199999928474426,0.8199999928474426,26100
2012-10-09,0.800000011920929,0.8500000238418579,0.800000011920929,0.8399999737739563,0.8399999737739563,18700
2012-10-10,0.8399999737739563,0.8700000047683716,0.8199999928474426,0.8500000238418579,0.8500000238418579,27000
2012-10-11,0.8500000238418579,0.8500000238418579,0.800000011920929,0.8399999737739563,0.8399999737739563,21900
2012-10-12,0.8100000023841858,0.8500000238418579,0.800000011920929,0.800000011920929,0.800000011920929,45300
2012-10-15,0.8199999928474426,0.8500000238418579,0.7900000214576721,0.7900000214576721,0.7900000214576721,29100
2012-10-16,0.800000011920929,0.8399999737739563,0.800000011920929,0.8399999737739563,0.8399999737739563,18800
2012-10-17,0.8199999928474426,0.8399999737739563,0.7900000214576721,0.8199999928474426,0.8199999928474426,33300
2012-10-18,0.8100000023841858,0.8299999833106995,0.800000011920929,0.8199999928474426,0.8199999928474426,14300
2012-10-19,0.8299999833106995,0.8799999952316284,0.8199999928474426,0.8600000143051147,0.8600000143051147,91700
2012-10-22,0.8299999833106995,0.8600000143051147,0.8199999928474426,0.8500000238418579,0.8500000238418579,23500
2012-10-23,0.8199999928474426,0.8500000238418579,0.75,0.8199999928474426,0.8199999928474426,22300
2012-10-24,0.7900000214576721,0.8500000238418579,0.7799999713897705,0.8500000238418579,0.8500000238418579,37500
2012-10-25,0.8399999737739563,0.8500000238418579,0.75,0.7900000214576721,0.7900000214576721,24600
2012-10-26,0.7799999713897705,0.8399999737739563,0.7699999809265137,0.7900000214576721,0.7900000214576721,17700
2012-10-31,0.7599999904632568,0.800000011920929,0.7599999904632568,0.7900000214576721,0.7900000214576721,26900
2012-11-01,0.7699999809265137,0.800000011920929,0.7599999904632568,0.7900000214576721,0.7900000214576721,16100
2012-11-02,0.800000011920929,0.8500000238418579,0.7900000214576721,0.8500000238418579,0.8500000238418579,29800
2012-11-05,0.800000011920929,0.8199999928474426,0.7599999904632568,0.7599999904632568,0.7599999904632568,45700
2012-11-06,0.7699999809265137,0.800000011920929,0.7699999809265137,0.800000011920929,0.800000011920929,11300
2012-11-07,0.7699999809265137,0.8199999928474426,0.7699999809265137,0.7799999713897705,0.7799999713897705,25100
2012-11-08,0.7799999713897705,0.800000011920929,0.7799999713897705,0.800000011920929,0.800000011920929,15000
2012-11-09,0.800000011920929,0.800000011920929,0.7699999809265137,0.800000011920929,0.800000011920929,11400
2012-11-12,0.7900000214576721,0.800000011920929,0.75,0.800000011920929,0.800000011920929,14400
2012-11-13,0.7699999809265137,0.800000011920929,0.75,0.800000011920929,0.800000011920929,12500
2012-11-14,0.7799999713897705,0.800000011920929,0.7799999713897705,0.800000011920929,0.800000011920929,6000
2012-11-15,0.75,0.800000011920929,0.75,0.7900000214576721,0.7900000214576721,13700
2012-11-16,0.7599999904632568,0.7900000214576721,0.75,0.75,0.75,30600
2012-11-19,0.75,0.800000011920929,0.7400000095367432,0.7900000214576721,0.7900000214576721,19800
2012-11-20,0.75,0.800000011920929,0.75,0.7900000214576721,0.7900000214576721,10800
2012-11-21,0.75,0.7599999904632568,0.7400000095367432,0.7599999904632568,0.7599999904632568,7500
2012-11-23,0.7599999904632568,0.8100000023841858,0.7599999904632568,0.800000011920929,0.800000011920929,15800
2012-11-26,0.800000011920929,0.8500000238418579,0.800000011920929,0.8500000238418579,0.8500000238418579,56400
2012-11-27,0.800000011920929,0.9200000166893005,0.800000011920929,0.8799999952316284,0.8799999952316284,130300
2012-11-28,0.8999999761581421,0.8999999761581421,0.800000011920929,0.8500000238418579,0.8500000238418579,69800
2012-11-29,0.8299999833106995,0.8500000238418579,0.7799999713897705,0.8299999833106995,0.8299999833106995,50300
2012-11-30,0.800000011920929,0.800000011920929,0.6800000071525574,0.7599999904632568,0.7599999904632568,119900
2012-12-03,0.7300000190734863,0.75,0.7200000286102295,0.75,0.75,8600
2012-12-04,0.75,0.800000011920929,0.75,0.7799999713897705,0.7799999713897705,7500
2012-12-05,0.800000011920929,0.800000011920929,0.7799999713897705,0.800000011920929,0.800000011920929,8700
2012-12-06,0.7799999713897705,0.7799999713897705,0.7200000286102295,0.75,0.75,28200
2012-12-07,0.75,0.800000011920929,0.699999988079071,0.7799999713897705,0.7799999713897705,54500
2012-12-10,0.800000011920929,0.800000011920929,0.75,0.7799999713897705,0.7799999713897705,51800
2012-12-11,0.7699999809265137,0.800000011920929,0.7599999904632568,0.800000011920929,0.800000011920929,26800
2012-12-12,0.800000011920929,1.0800000429153442,0.800000011920929,1.0499999523162842,1.0499999523162842,467100
2012-12-13,0.949999988079071,0.9599999785423279,0.8799999952316284,0.9399999976158142,0.9399999976158142,215800
2012-12-14,0.8299999833106995,1.0399999618530273,0.8299999833106995,1.0,1.0,239400
2012-12-17,0.8999999761581421,1.0199999809265137,0.8799999952316284,1.0,1.0,131400
2012-12-18,0.9100000262260437,1.0199999809265137,0.9100000262260437,0.9700000286102295,0.9700000286102295,113800
2012-12-19,0.8999999761581421,1.1799999475479126,0.8999999761581421,1.1100000143051147,1.1100000143051147,227000
2012-12-20,1.1100000143051147,1.2100000381469727,1.1100000143051147,1.2000000476837158,1.2000000476837158,46800
2012-12-21,1.190000057220459,1.2699999809265137,1.1200000047683716,1.2480000257492065,1.2480000257492065,307000
2012-12-24,1.2740000486373901,1.4199999570846558,1.2740000486373901,1.3799999952316284,1.3799999952316284,214500
2012-12-26,1.3899999856948853,1.9320000410079956,1.3899999856948853,1.6299999952316284,1.6299999952316284,156000
2012-12-27,1.6419999599456787,1.7999999523162842,1.3700000047683716,1.6239999532699585,1.6239999532699585,713000
2012-12-28,1.593999981880188,1.6200000047683716,1.5080000162124634,1.5440000295639038,1.5440000295639038,172000
2012-12-31,1.5399999618530273,1.7200000286102295,1.406000018119812,1.5920000076293945,1.5920000076293945,255500
2013-01-02,1.600000023841858,1.6660000085830688,1.5959999561309814,1.659999966621399,1.659999966621399,143500
2013-01-03,1.6640000343322754,1.7400000095367432,1.6619999408721924,1.715999960899353,1.715999960899353,239000
2013-01-04,1.7300000190734863,1.7300000190734863,1.6119999885559082,1.6579999923706055,1.6579999923706055,93000
2013-01-07,1.6080000400543213,1.7359999418258667,1.5219999551773071,1.6100000143051147,1.6100000143051147,426500
2013-01-08,1.6139999628067017,1.6699999570846558,1.503999948501587,1.6399999856948853,1.6399999856948853,152500
2013-01-09,1.6920000314712524,1.9299999475479126,1.6759999990463257,1.8899999856948853,1.8899999856948853,661000
2013-01-10,1.8799999952316284,1.934000015258789,1.7999999523162842,1.840000033378601,1.840000033378601,139500
2013-01-11,1.8240000009536743,1.8240000009536743,1.781999945640564,1.809999942779541,1.809999942779541,52500
2013-01-14,1.8020000457763672,1.8020000457763672,1.649999976158142,1.7339999675750732,1.7339999675750732,96000
2013-01-15,1.75,1.75,1.600000023841858,1.6640000343322754,1.6640000343322754,89000
2013-01-16,1.6640000343322754,1.7319999933242798,1.6080000400543213,1.7319999933242798,1.7319999933242798,87000
2013-01-17,1.6799999475479126,1.8300000429153442,1.6799999475479126,1.7999999523162842,1.7999999523162842,61000
2013-01-18,1.8420000076293945,2.069999933242798,1.8420000076293945,2.0480000972747803,2.0480000972747803,354500
2013-01-22,2.0399999618530273,2.6480000019073486,2.0399999618530273,2.559999942779541,2.559999942779541,772000
2013-01-23,2.5160000324249268,3.177999973297119,2.440000057220459,2.9579999446868896,2.9579999446868896,1367000
2013-01-24,2.9579999446868896,3.3399999141693115,2.6419999599456787,2.7660000324249268,2.7660000324249268,1171500
2013-01-25,2.696000099182129,2.890000104904175,2.5239999294281006,2.631999969482422,2.631999969482422,285000
2013-01-28,2.631999969482422,2.7060000896453857,2.430000066757202,2.4739999771118164,2.4739999771118164,344500
2013-01-29,2.4159998893737793,2.4560000896453857,2.2780001163482666,2.4000000953674316,2.4000000953674316,279000
2013-01-30,2.4579999446868896,2.7060000896453857,2.3359999656677246,2.4519999027252197,2.4519999027252197,226500
2013-01-31,2.450000047683716,2.5,2.299999952316284,2.328000068664551,2.328000068664551,158500
2013-02-01,2.3299999237060547,2.364000082015991,2.2660000324249268,2.2980000972747803,2.2980000972747803,30500
2013-02-04,2.318000078201294,2.3399999141693115,2.25,2.319999933242798,2.319999933242798,92500
2013-02-05,2.2660000324249268,2.3399999141693115,2.242000102996826,2.2839999198913574,2.2839999198913574,150000
2013-02-06,2.253999948501587,2.318000078201294,2.0980000495910645,2.140000104904175,2.140000104904175,149000
2013-02-07,2.1600000858306885,2.2320001125335693,2.119999885559082,2.2200000286102295,2.2200000286102295,120500
2013-02-08,2.2039999961853027,2.24399995803833,2.180000066757202,2.2239999771118164,2.2239999771118164,34500
2013-02-11,2.1519999504089355,2.5260000228881836,2.1519999504089355,2.4860000610351562,2.4860000610351562,154500
2013-02-12,2.4860000610351562,2.9040000438690186,2.4800000190734863,2.8299999237060547,2.8299999237060547,562500
2013-02-13,2.8299999237060547,2.864000082015991,2.677999973297119,2.7260000705718994,2.7260000705718994,149000
2013-02-14,2.7820000648498535,3.0959999561309814,2.75600004196167,2.9600000381469727,2.9600000381469727,346000
2013-02-15,2.9079999923706055,2.9820001125335693,2.640000104904175,2.76200008392334,2.76200008392334,281500
2013-02-19,2.6659998893737793,2.884000062942505,2.6440000534057617,2.7119998931884766,2.7119998931884766,434000
2013-02-20,2.7200000286102295,2.742000102996826,2.359999895095825,2.440000057220459,2.440000057220459,170000
2013-02-21,2.440000057220459,2.440000057220459,2.259999990463257,2.437999963760376,2.437999963760376,180000
2013-02-22,2.4839999675750732,2.565999984741211,2.3299999237060547,2.381999969482422,2.381999969482422,139000
2013-02-25,2.3540000915527344,2.4019999504089355,2.2200000286102295,2.240000009536743,2.240000009536743,114000
2013-02-26,2.2079999446868896,2.2079999446868896,2.118000030517578,2.171999931335449,2.171999931335449,41000
2013-02-27,2.140000104904175,2.1600000858306885,2.069999933242798,2.125999927520752,2.125999927520752,65500
2013-02-28,2.2679998874664307,2.2799999713897705,2.1500000953674316,2.2799999713897705,2.2799999713897705,113500
2013-03-01,2.200000047683716,2.240000009536743,2.1559998989105225,2.197999954223633,2.197999954223633,26500
2013-03-04,2.184000015258789,2.184000015258789,2.0,2.058000087738037,2.058000087738037,97000
2013-03-05,1.9800000190734863,1.9859999418258667,1.8600000143051147,1.9320000410079956,1.9320000410079956,109500
2013-03-06,1.9320000410079956,1.9980000257492065,1.840000033378601,1.9839999675750732,1.9839999675750732,91000
2013-03-07,1.9839999675750732,2.009999990463257,1.9240000247955322,1.9240000247955322,1.9240000247955322,33500
2013-03-08,1.940000057220459,1.944000005722046,1.8559999465942383,1.8799999952316284,1.8799999952316284,114000
2013-03-11,1.909999966621399,1.9140000343322754,1.850000023841858,1.850000023841858,1.850000023841858,29500
2013-03-12,1.8200000524520874,1.8200000524520874,1.6740000247955322,1.7740000486373901,1.7740000486373901,128000
2013-03-13,1.7899999618530273,1.7899999618530273,1.7020000219345093,1.753999948501587,1.753999948501587,12000
2013-03-14,1.7079999446868896,1.718000054359436,1.5080000162124634,1.559999942779541,1.559999942779541,165000
2013-03-15,1.5420000553131104,1.7200000286102295,1.4980000257492065,1.6959999799728394,1.6959999799728394,251500
2013-03-18,1.6200000047683716,1.6399999856948853,1.5520000457763672,1.5980000495910645,1.5980000495910645,65000
2013-03-19,1.555999994277954,1.6460000276565552,1.555999994277954,1.6200000047683716,1.6200000047683716,49000
2013-03-20,1.6519999504089355,1.687999963760376,1.6339999437332153,1.6339999437332153,1.6339999437332153,49000
2013-03-21,1.6180000305175781,1.6180000305175781,1.4880000352859497,1.5199999809265137,1.5199999809265137,43500
2013-03-22,1.5019999742507935,1.590000033378601,1.437999963760376,1.4739999771118164,1.4739999771118164,235000
2013-03-25,1.399999976158142,1.409999966621399,1.3760000467300415,1.3880000114440918,1.3880000114440918,62000
2013-03-26,1.3760000467300415,1.4119999408721924,1.3760000467300415,1.3899999856948853,1.3899999856948853,68500
2013-03-27,1.3899999856948853,1.3899999856948853,1.3380000591278076,1.3639999628067017,1.3639999628067017,79500
2013-03-28,1.3480000495910645,1.503999948501587,1.3300000429153442,1.3860000371932983,1.3860000371932983,115500
2013-04-01,1.3420000076293945,1.3420000076293945,1.2000000476837158,1.2000000476837158,1.2000000476837158,100500
2013-04-02,1.215999960899353,1.2999999523162842,1.215999960899353,1.2619999647140503,1.2619999647140503,89000
2013-04-03,1.2999999523162842,1.2999999523162842,1.2039999961853027,1.2359999418258667,1.2359999418258667,82500
2013-04-04,1.2200000286102295,1.2400000095367432,1.1160000562667847,1.121999979019165,1.121999979019165,171000
2013-04-05,1.1380000114440918,1.1440000534057617,0.9819999933242798,1.00600004196167,1.00600004196167,241000
2013-04-08,1.0759999752044678,1.0759999752044678,0.9779999852180481,1.0440000295639038,1.0440000295639038,186500
2013-04-09,1.2300000190734863,1.2999999523162842,1.027999997138977,1.2480000257492065,1.2480000257492065,509500
2013-04-10,1.3079999685287476,1.3539999723434448,1.2000000476837158,1.2000000476837158,1.2000000476837158,375000
2013-04-11,1.218000054359436,1.3420000076293945,1.218000054359436,1.2339999675750732,1.2339999675750732,201000
2013-04-12,1.2580000162124634,1.2680000066757202,1.2339999675750732,1.2339999675750732,1.2339999675750732,50500
2013-04-15,1.2339999675750732,1.25,1.0299999713897705,1.065999984741211,1.065999984741211,161000
2013-04-16,1.128000020980835,1.128000020980835,0.9760000109672546,1.0160000324249268,1.0160000324249268,335000
2013-04-17,0.9760000109672546,1.0299999713897705,0.9419999718666077,0.9539999961853027,0.9539999961853027,204500
2013-04-18,0.9079999923706055,0.9359999895095825,0.8640000224113464,0.8759999871253967,0.8759999871253967,206000
2013-04-19,0.8999999761581421,0.8999999761581421,0.828000009059906,0.828000009059906,0.828000009059906,79500
2013-04-22,0.828000009059906,0.8500000238418579,0.8100000023841858,0.8140000104904175,0.8140000104904175,246500
2013-04-23,0.8040000200271606,0.8539999723434448,0.8040000200271606,0.8399999737739563,0.8399999737739563,270000
2013-04-24,0.8460000157356262,0.9480000138282776,0.8199999928474426,0.9200000166893005,0.9200000166893005,245500
2013-04-25,0.8999999761581421,0.9620000123977661,0.8999999761581421,0.9319999814033508,0.9319999814033508,126500
2013-04-26,0.949999988079071,1.0800000429153442,0.906000018119812,0.9860000014305115,0.9860000014305115,472000
2013-04-29,0.9959999918937683,1.1119999885559082,0.9679999947547913,1.0700000524520874,1.0700000524520874,344000
2013-04-30,1.0920000076293945,1.1859999895095825,1.055999994277954,1.0800000429153442,1.0800000429153442,252000
2013-05-01,1.0800000429153442,1.0980000495910645,0.9940000176429749,0.9940000176429749,0.9940000176429749,201000
2013-05-02,1.0,1.065999984741211,1.0,1.0399999618530273,1.0399999618530273,209000
2013-05-03,1.0160000324249268,1.1160000562667847,1.0140000581741333,1.055999994277954,1.055999994277954,211500
2013-05-06,1.0240000486373901,1.100000023841858,1.0240000486373901,1.0839999914169312,1.0839999914169312,86500
2013-05-07,1.0640000104904175,1.0640000104904175,0.9639999866485596,0.9900000095367432,0.9900000095367432,209000
2013-05-08,1.003999948501587,1.027999997138977,0.9860000014305115,1.0119999647140503,1.0119999647140503,83500
2013-05-09,0.9900000095367432,1.0759999752044678,0.9860000014305115,1.055999994277954,1.055999994277954,112000
2013-05-10,1.0360000133514404,1.218000054359436,1.0360000133514404,1.1519999504089355,1.1519999504089355,566000
2013-05-13,1.1720000505447388,1.2599999904632568,1.1720000505447388,1.190000057220459,1.190000057220459,358000
2013-05-14,1.1920000314712524,1.1920000314712524,1.0880000591278076,1.1059999465942383,1.1059999465942383,266000
2013-05-15,1.1119999885559082,1.3480000495910645,1.1119999885559082,1.2879999876022339,1.2879999876022339,706000
2013-05-16,1.4600000381469727,1.659999966621399,1.399999976158142,1.621999979019165,1.621999979019165,1126500
2013-05-17,1.6380000114440918,1.7319999933242798,1.503999948501587,1.5740000009536743,1.5740000009536743,999500
2013-05-20,1.6160000562667847,2.0959999561309814,1.5980000495910645,1.9220000505447388,1.9220000505447388,1651000
2013-05-21,1.9919999837875366,2.131999969482422,1.8220000267028809,1.9119999408721924,1.9119999408721924,981000
2013-05-22,1.944000005722046,1.944000005722046,1.5460000038146973,1.6160000562667847,1.6160000562667847,103000
2013-05-23,1.5180000066757202,1.5859999656677246,1.4199999570846558,1.5199999809265137,1.5199999809265137,617000
2013-05-24,1.5199999809265137,1.6119999885559082,1.468000054359436,1.5360000133514404,1.5360000133514404,234000
2013-05-28,1.600000023841858,1.6920000314712524,1.555999994277954,1.5859999656677246,1.5859999656677246,614000
2013-05-29,1.5779999494552612,1.7120000123977661,1.5779999494552612,1.6239999532699585,1.6239999532699585,434500
2013-05-30,1.6480000019073486,1.687999963760376,1.5399999618530273,1.5420000553131104,1.5420000553131104,220000
2013-05-31,1.503999948501587,1.5099999904632568,1.4259999990463257,1.4359999895095825,1.4359999895095825,316000
2013-06-03,1.399999976158142,1.4579999446868896,1.2740000486373901,1.3339999914169312,1.3339999914169312,691500
2013-06-04,1.3600000143051147,1.4459999799728394,1.3320000171661377,1.3539999723434448,1.3539999723434448,479000
2013-06-05,1.3600000143051147,1.437999963760376,1.3600000143051147,1.3980000019073486,1.3980000019073486,290000
2013-06-06,1.399999976158142,1.4279999732971191,1.3700000047683716,1.3899999856948853,1.3899999856948853,137500
2013-06-07,1.4040000438690186,1.5080000162124634,1.371999979019165,1.3960000276565552,1.3960000276565552,329500
2013-06-10,1.4040000438690186,1.4700000286102295,1.3880000114440918,1.4700000286102295,1.4700000286102295,333500
2013-06-11,1.4579999446868896,1.4579999446868896,1.371999979019165,1.371999979019165,1.371999979019165,174000
2013-06-12,1.4079999923706055,1.4079999923706055,1.3639999628067017,1.3660000562667847,1.3660000562667847,132500
2013-06-13,1.3660000562667847,1.4539999961853027,1.3660000562667847,1.4420000314712524,1.4420000314712524,160000
2013-06-14,1.4199999570846558,1.4459999799728394,1.3799999952316284,1.434000015258789,1.434000015258789,51500
2013-06-17,1.434000015258789,1.6959999799728394,1.434000015258789,1.6820000410079956,1.6820000410079956,557000
2013-06-18,1.7000000476837158,1.7899999618530273,1.7000000476837158,1.7799999713897705,1.7799999713897705,302000
2013-06-19,1.75,2.0480000972747803,1.7380000352859497,1.8860000371932983,1.8860000371932983,803000
2013-06-20,1.8799999952316284,1.8799999952316284,1.562000036239624,1.593999981880188,1.593999981880188,747000
2013-06-21,1.6740000247955322,1.8179999589920044,1.6679999828338623,1.8179999589920044,1.8179999589920044,396500
2013-06-24,1.7239999771118164,1.7239999771118164,1.5800000429153442,1.628000020980835,1.628000020980835,250000
2013-06-25,1.6260000467300415,1.809999942779541,1.6260000467300415,1.753999948501587,1.753999948501587,263000
2013-06-26,1.753999948501587,1.8359999656677246,1.753999948501587,1.7960000038146973,1.7960000038146973,188500
2013-06-27,1.8799999952316284,1.9299999475479126,1.8140000104904175,1.8200000524520874,1.8200000524520874,172500
2013-06-28,1.7999999523162842,1.8600000143051147,1.7660000324249268,1.840000033378601,1.840000033378601,69500
2013-07-01,1.840000033378601,2.0,1.8200000524520874,1.996000051498413,1.996000051498413,258000
2013-07-02,2.0179998874664307,2.1700000762939453,1.9980000257492065,2.003999948501587,2.003999948501587,348500
2013-07-03,2.0840001106262207,2.1559998989105225,2.059999942779541,2.069999933242798,2.069999933242798,126000
2013-07-05,2.1459999084472656,2.1519999504089355,1.996000051498413,2.0940001010894775,2.0940001010894775,211500
2013-07-08,2.131999969482422,2.131999969482422,1.649999976158142,1.6699999570846558,1.6699999570846558,83000
2013-07-09,1.75,1.7940000295639038,1.5199999809265137,1.562000036239624,1.562000036239624,774000
2013-07-10,1.531999945640564,1.7200000286102295,1.531999945640564,1.6519999504089355,1.6519999504089355,484000
2013-07-11,1.7039999961853027,1.722000002861023,1.6239999532699585,1.7120000123977661,1.7120000123977661,322000
2013-07-12,1.7120000123977661,1.7400000095367432,1.6699999570846558,1.718000054359436,1.718000054359436,262000
2013-07-15,1.722000002861023,1.8660000562667847,1.7200000286102295,1.8200000524520874,1.8200000524520874,660500
2013-07-16,1.8200000524520874,1.8799999952316284,1.777999997138977,1.8200000524520874,1.8200000524520874,362000
2013-07-17,1.8320000171661377,1.9259999990463257,1.8200000524520874,1.9179999828338623,1.9179999828338623,397500
2013-07-18,2.0380001068115234,2.2899999618530273,2.0380001068115234,2.1080000400543213,2.1080000400543213,923000
2013-07-19,2.1080000400543213,2.130000114440918,2.0,2.0199999809265137,2.0199999809265137,252000
2013-07-22,2.0199999809265137,2.0959999561309814,1.9900000095367432,2.0920000076293945,2.0920000076293945,391000
2013-07-23,2.184000015258789,2.388000011444092,2.184000015258789,2.25,2.25,959500
2013-07-24,2.23799991607666,2.315999984741211,2.135999917984009,2.1419999599456787,2.1419999599456787,132000
2013-07-25,2.140000104904175,2.140000104904175,2.002000093460083,2.0399999618530273,2.0399999618530273,236500
2013-07-26,2.0360000133514404,2.0380001068115234,2.0,2.0,2.0,103500
2013-07-29,2.180000066757202,2.196000099182129,1.9600000381469727,1.9859999418258667,1.9859999418258667,502000
2013-07-30,2.0,2.0280001163482666,1.9420000314712524,1.996000051498413,1.996000051498413,176000
2013-07-31,1.9759999513626099,2.007999897003174,1.9359999895095825,1.965999960899353,1.965999960899353,105000
2013-08-01,1.9559999704360962,1.9980000257492065,1.8700000047683716,1.899999976158142,1.899999976158142,330500
2013-08-02,1.8700000047683716,1.9199999570846558,1.753999948501587,1.7660000324249268,1.7660000324249268,357000
2013-08-05,1.7960000038146973,1.8179999589920044,1.718000054359436,1.7259999513626099,1.7259999513626099,300000
2013-08-06,1.7760000228881836,1.7999999523162842,1.7100000381469727,1.7339999675750732,1.7339999675750732,111500
2013-08-07,1.7200000286102295,1.7200000286102295,1.649999976158142,1.6720000505447388,1.6720000505447388,138000
2013-08-08,1.690000057220459,1.7239999771118164,1.659999966621399,1.659999966621399,1.659999966621399,122500
2013-08-09,1.6779999732971191,1.6779999732971191,1.659999966621399,1.6759999990463257,1.6759999990463257,50500
2013-08-12,1.7000000476837158,1.7940000295639038,1.7000000476837158,1.7680000066757202,1.7680000066757202,212000
2013-08-13,1.8079999685287476,1.909999966621399,1.7999999523162842,1.809999942779541,1.809999942779541,226500
2013-08-14,1.8259999752044678,1.9079999923706055,1.8240000009536743,1.9079999923706055,1.9079999923706055,313000
2013-08-15,1.9479999542236328,1.9639999866485596,1.8700000047683716,1.8860000371932983,1.8860000371932983,354500
2013-08-16,1.8960000276565552,1.9259999990463257,1.843999981880188,1.8919999599456787,1.8919999599456787,170500
2013-08-19,1.8799999952316284,1.8960000276565552,1.74399995803833,1.7879999876022339,1.7879999876022339,77000
2013-08-20,1.7699999809265137,1.899999976158142,1.7699999809265137,1.8339999914169312,1.8339999914169312,107000
2013-08-21,1.8359999656677246,1.8880000114440918,1.8359999656677246,1.8580000400543213,1.8580000400543213,64500
2013-08-22,1.8760000467300415,1.9800000190734863,1.8760000467300415,1.9800000190734863,1.9800000190734863,123500
2013-08-23,2.0460000038146973,2.055999994277954,2.00600004196167,2.0360000133514404,2.0360000133514404,130000
2013-08-26,2.0439999103546143,2.069999933242798,2.0239999294281006,2.053999900817871,2.053999900817871,215000
2013-08-27,2.0160000324249268,2.065999984741211,1.8799999952316284,1.909999966621399,1.909999966621399,246500
2013-08-28,1.9819999933242798,1.9819999933242798,1.909999966621399,1.9220000505447388,1.9220000505447388,148000
2013-08-29,1.9240000247955322,1.9359999895095825,1.899999976158142,1.906000018119812,1.906000018119812,19500
2013-08-30,1.9199999570846558,1.934000015258789,1.8300000429153442,1.8660000562667847,1.8660000562667847,46000
2013-09-03,1.9079999923706055,1.9079999923706055,1.8040000200271606,1.8700000047683716,1.8700000047683716,131000
2013-09-04,1.9019999504089355,2.059999942779541,1.8760000467300415,2.0,2.0,194500
2013-09-05,2.0139999389648438,2.2739999294281006,2.0139999389648438,2.200000047683716,2.200000047683716,404000
2013-09-06,2.24399995803833,2.4000000953674316,2.240000009536743,2.25,2.25,345000
2013-09-09,2.2760000228881836,2.5920000076293945,2.200000047683716,2.5380001068115234,2.5380001068115234,370500
2013-09-10,2.5999999046325684,2.7119998931884766,2.4019999504089355,2.427999973297119,2.427999973297119,746500
2013-09-11,2.450000047683716,2.9600000381469727,2.302000045776367,2.5380001068115234,2.5380001068115234,720500
2013-09-12,2.5420000553131104,2.687999963760376,2.5399999618530273,2.5439999103546143,2.5439999103546143,511500
2013-09-13,2.5739998817443848,2.618000030517578,2.436000108718872,2.5,2.5,198000
2013-09-16,2.49399995803833,2.559999942779541,2.359999895095825,2.4639999866485596,2.4639999866485596,244000
2013-09-17,2.5239999294281006,2.7980000972747803,2.5239999294281006,2.7860000133514404,2.7860000133514404,541500
2013-09-18,2.878000020980835,3.069999933242798,2.871999979019165,3.049999952316284,3.049999952316284,722000
2013-09-19,3.0799999237060547,3.5,3.0799999237060547,3.4820001125335693,3.4820001125335693,866000
2013-09-20,3.5139999389648438,4.420000076293945,3.5139999389648438,4.420000076293945,4.420000076293945,1941000
2013-09-23,4.349999904632568,4.374000072479248,3.809999942779541,3.946000099182129,3.946000099182129,1169000
2013-09-24,3.9000000953674316,6.960000038146973,3.875999927520752,6.357999801635742,6.357999801635742,8122500
2013-09-25,5.800000190734863,5.892000198364258,4.783999919891357,4.880000114440918,4.880000114440918,3434500
2013-09-26,5.067999839782715,5.880000114440918,4.840000152587891,4.8420000076293945,4.8420000076293945,2489000
2013-09-27,4.940000057220459,5.375999927520752,4.940000057220459,5.021999835968018,5.021999835968018,1427500
2013-09-30,5.059999942779541,5.77400016784668,4.624000072479248,5.291999816894531,5.291999816894531,1856000
2013-10-01,5.671999931335449,5.880000114440918,5.303999900817871,5.432000160217285,5.432000160217285,907000
2013-10-02,5.432000160217285,5.639999866485596,5.199999809265137,5.289999961853027,5.289999961853027,751500
2013-10-03,5.458000183105469,5.458000183105469,5.0960001945495605,5.369999885559082,5.369999885559082,539000
2013-10-04,5.150000095367432,5.296000003814697,5.079999923706055,5.164000034332275,5.164000034332275,609500
2013-10-07,5.164000034332275,5.164000034332275,4.659999847412109,4.754000186920166,4.754000186920166,694000
2013-10-08,4.754000186920166,5.478000164031982,4.619999885559082,4.840000152587891,4.840000152587891,1551500
2013-10-09,4.964000225067139,5.127999782562256,4.656000137329102,5.004000186920166,5.004000186920166,770500
2013-10-10,5.480000019073486,5.5,5.251999855041504,5.3379998207092285,5.3379998207092285,698000
2013-10-11,5.550000190734863,5.570000171661377,5.421999931335449,5.51800012588501,5.51800012588501,423000
2013-10-14,5.466000080108643,6.119999885559082,5.415999889373779,5.835999965667725,5.835999965667725,999000
2013-10-15,5.920000076293945,6.702000141143799,5.920000076293945,6.624000072479248,6.624000072479248,1643500
2013-10-16,6.860000133514404,7.590000152587891,6.4039998054504395,6.800000190734863,6.800000190734863,1896000
2013-10-17,6.992000102996826,7.0,6.461999893188477,6.581999778747559,6.581999778747559,712500
2013-10-18,6.886000156402588,8.62600040435791,6.886000156402588,8.23799991607666,8.23799991607666,2125500
2013-10-21,8.144000053405762,8.319999694824219,7.409999847412109,7.5920000076293945,7.5920000076293945,1098500
2013-10-22,7.599999904632568,7.869999885559082,6.946000099182129,7.001999855041504,7.001999855041504,1446500
2013-10-23,7.0,7.377999782562256,6.947999954223633,7.039999961853027,7.039999961853027,536000
2013-10-24,7.182000160217285,7.257999897003174,7.001999855041504,7.110000133514404,7.110000133514404,350500
2013-10-25,7.7779998779296875,7.7779998779296875,6.427999973297119,6.6539998054504395,6.6539998054504395,805000
2013-10-28,6.599999904632568,6.6020002365112305,5.73199987411499,6.013999938964844,6.013999938964844,863000
2013-10-29,6.139999866485596,6.685999870300293,6.139999866485596,6.685999870300293,6.685999870300293,362500
2013-10-30,6.7779998779296875,6.875999927520752,6.320000171661377,6.4039998054504395,6.4039998054504395,245500
2013-10-31,6.400000095367432,6.622000217437744,6.2220001220703125,6.245999813079834,6.245999813079834,272000
2013-11-01,6.245999813079834,6.679999828338623,6.21999979019165,6.27400016784668,6.27400016784668,205500
2013-11-04,6.5,7.328000068664551,6.473999977111816,7.1479997634887695,7.1479997634887695,550500
2013-11-05,7.300000190734863,7.6479997634887695,7.00600004196167,7.5,7.5,519000
2013-11-06,7.699999809265137,7.900000095367432,7.300000190734863,7.581999778747559,7.581999778747559,465500
2013-11-07,7.400000095367432,7.565999984741211,6.4019999504089355,6.673999786376953,6.673999786376953,530500
2013-11-08,6.400000095367432,7.322000026702881,6.400000095367432,7.320000171661377,7.320000171661377,456000
2013-11-11,6.728000164031982,7.199999809265137,6.728000164031982,7.0879998207092285,7.0879998207092285,279500
2013-11-12,6.892000198364258,7.099999904632568,6.802000045776367,6.923999786376953,6.923999786376953,221000
2013-11-13,7.239999771118164,9.800000190734863,6.826000213623047,9.3100004196167,9.3100004196167,3214000
2013-11-14,9.13599967956543,9.199999809265137,8.300000190734863,8.387999534606934,8.387999534606934,554000
2013-11-15,8.65999984741211,8.946000099182129,8.411999702453613,8.503999710083008,8.503999710083008,321000
2013-11-18,8.64799976348877,9.918000221252441,8.630000114440918,9.152000427246094,9.152000427246094,840500
2013-11-19,9.15999984741211,9.661999702453613,8.503999710083008,8.57800006866455,8.57800006866455,434500
2013-11-20,8.970000267028809,9.345999717712402,8.628000259399414,8.937999725341797,8.937999725341797,938000
2013-11-21,9.079999923706055,9.223999977111816,8.906000137329102,9.020000457763672,9.020000457763672,265000
2013-11-22,9.017999649047852,9.116000175476074,8.64799976348877,8.763999938964844,8.763999938964844,331000
2013-11-25,8.763999938964844,8.79800033569336,7.71999979019165,7.791999816894531,7.791999816894531,477000
2013-11-26,7.664000034332275,7.861999988555908,7.300000190734863,7.679999828338623,7.679999828338623,441000
2013-11-27,7.659999847412109,8.378000259399414,7.659999847412109,7.869999885559082,7.869999885559082,321500
2013-11-29,8.081999778747559,8.100000381469727,7.616000175476074,7.6519999504089355,7.6519999504089355,142000
2013-12-02,7.6479997634887695,7.829999923706055,7.619999885559082,7.688000202178955,7.688000202178955,61000
2013-12-03,7.599999904632568,7.605999946594238,7.320000171661377,7.355999946594238,7.355999946594238,214000
2013-12-04,7.4679999351501465,7.8420000076293945,7.23199987411499,7.5980000495910645,7.5980000495910645,288500
2013-12-05,7.699999809265137,7.820000171661377,7.3460001945495605,7.369999885559082,7.369999885559082,236000
2013-12-06,7.300000190734863,7.539999961853027,7.1539998054504395,7.349999904632568,7.349999904632568,291500
2013-12-09,7.400000095367432,7.515999794006348,7.139999866485596,7.139999866485596,7.139999866485596,210000
2013-12-10,7.145999908447266,7.473999977111816,6.533999919891357,6.7820000648498535,6.7820000648498535,468000
2013-12-11,6.760000228881836,6.760000228881836,6.041999816894531,6.124000072479248,6.124000072479248,619000
2013-12-12,6.0,6.179999828338623,5.949999809265137,6.119999885559082,6.119999885559082,315000
2013-12-13,6.131999969482422,6.5,6.131999969482422,6.329999923706055,6.329999923706055,189000
2013-12-16,6.507999897003174,6.7179999351501465,6.302000045776367,6.452000141143799,6.452000141143799,195500
2013-12-17,6.579999923706055,6.691999912261963,6.328000068664551,6.670000076293945,6.670000076293945,179000
2013-12-18,6.504000186920166,7.0920000076293945,6.5,7.085999965667725,7.085999965667725,354500
2013-12-19,7.150000095367432,7.561999797821045,7.150000095367432,7.559999942779541,7.559999942779541,409500
2013-12-20,7.679999828338623,7.760000228881836,7.409999847412109,7.699999809265137,7.699999809265137,187000
2013-12-23,7.723999977111816,7.723999977111816,7.211999893188477,7.323999881744385,7.323999881744385,197000
2013-12-24,7.3379998207092285,7.3379998207092285,6.820000171661377,6.940000057220459,6.940000057220459,159000
2013-12-26,6.929999828338623,7.335999965667725,6.771999835968018,6.7779998779296875,6.7779998779296875,175500
2013-12-27,6.776000022888184,6.9019999504089355,6.739999771118164,6.8379998207092285,6.8379998207092285,107000
2013-12-30,6.7779998779296875,7.486000061035156,6.77400016784668,7.400000095367432,7.400000095367432,201000
2013-12-31,7.3460001945495605,7.599999904632568,7.118000030517578,7.260000228881836,7.260000228881836,392500
2014-01-02,7.076000213623047,7.639999866485596,6.742000102996826,7.599999904632568,7.599999904632568,694000
2014-01-03,7.699999809265137,7.961999893188477,7.480000019073486,7.817999839782715,7.817999839782715,762000
2014-01-06,7.949999809265137,8.260000228881836,7.820000171661377,8.010000228881836,8.010000228881836,566500
2014-01-07,8.211999893188477,8.531999588012695,8.199999809265137,8.38599967956543,8.38599967956543,516000
2014-01-08,8.692000389099121,8.692000389099121,8.052000045776367,8.47599983215332,8.47599983215332,354500
2014-01-09,8.739999771118164,8.739999771118164,7.980000019073486,7.989999771118164,7.989999771118164,372000
2014-01-10,8.199999809265137,8.220000267028809,7.900000095367432,7.940000057220459,7.940000057220459,187000
2014-01-13,7.940000057220459,7.973999977111816,7.691999912261963,7.708000183105469,7.708000183105469,200000
2014-01-14,7.855999946594238,8.076000213623047,7.730000019073486,8.039999961853027,8.039999961853027,223000
2014-01-15,8.27400016784668,8.354000091552734,7.914000034332275,8.163999557495117,8.163999557495117,319500
2014-01-16,8.175999641418457,9.100000381469727,8.175999641418457,8.942000389099121,8.942000389099121,615500
2014-01-17,9.04800033569336,9.425999641418457,8.670000076293945,8.75,8.75,357000
2014-01-21,8.723999977111816,8.75,8.270000457763672,8.555999755859375,8.555999755859375,294000
2014-01-22,8.539999961853027,8.70199966430664,8.303999900817871,8.399999618530273,8.399999618530273,210000
2014-01-23,8.288000106811523,8.288000106811523,7.881999969482422,8.074000358581543,8.074000358581543,553500
2014-01-24,7.926000118255615,7.926000118255615,7.599999904632568,7.745999813079834,7.745999813079834,513000
2014-01-27,7.739999771118164,7.802000045776367,7.072000026702881,7.125999927520752,7.125999927520752,452000
2014-01-28,7.2179999351501465,7.611999988555908,7.138000011444092,7.427999973297119,7.427999973297119,307000
2014-01-29,7.320000171661377,7.579999923706055,7.25,7.550000190734863,7.550000190734863,129500
2014-01-30,7.676000118255615,7.940000057220459,7.599999904632568,7.693999767303467,7.693999767303467,191000
2014-01-31,7.71999979019165,8.199999809265137,7.619999885559082,7.9039998054504395,7.9039998054504395,363500
2014-02-03,8.0,8.0,7.6620001792907715,7.914000034332275,7.914000034332275,355500
2014-02-04,7.998000144958496,8.486000061035156,7.75,8.291999816894531,8.291999816894531,471000
2014-02-05,8.29800033569336,8.423999786376953,7.440000057220459,7.73199987411499,7.73199987411499,319000
2014-02-06,7.682000160217285,8.251999855041504,7.679999828338623,7.8520002365112305,7.8520002365112305,178500
2014-02-07,8.005999565124512,8.15999984741211,7.918000221252441,7.960000038146973,7.960000038146973,79000
2014-02-10,7.960000038146973,8.0,7.757999897003174,7.814000129699707,7.814000129699707,161500
2014-02-11,7.822000026702881,8.0,7.822000026702881,7.886000156402588,7.886000156402588,180000
2014-02-12,7.71999979019165,8.149999618530273,7.71999979019165,8.055999755859375,8.055999755859375,93500
2014-02-13,8.008000373840332,8.458000183105469,7.802000045776367,8.395999908447266,8.395999908447266,407500
2014-02-14,8.295999526977539,8.407999992370605,7.941999912261963,8.130000114440918,8.130000114440918,425500
2014-02-18,8.20199966430664,8.98799991607666,8.182000160217285,8.862000465393066,8.862000465393066,445500
2014-02-19,8.800000190734863,8.84000015258789,8.29800033569336,8.430000305175781,8.430000305175781,174000
2014-02-20,8.472000122070312,8.555999755859375,8.199999809265137,8.434000015258789,8.434000015258789,163500
2014-02-21,8.473999977111816,8.631999969482422,8.307999610900879,8.354000091552734,8.354000091552734,84000
2014-02-24,8.402000427246094,9.112000465393066,8.381999969482422,8.84000015258789,8.84000015258789,361500
2014-02-25,8.741999626159668,8.819999694824219,8.479999542236328,8.661999702453613,8.661999702453613,391000
2014-02-26,8.649999618530273,9.406000137329102,8.555999755859375,9.211999893188477,9.211999893188477,408000
2014-02-27,9.140000343322754,9.383999824523926,8.800000190734863,9.133999824523926,9.133999824523926,519000
2014-02-28,9.119999885559082,9.284000396728516,8.800000190734863,9.140000343322754,9.140000343322754,156500
2014-03-03,9.100000381469727,9.142000198364258,8.854000091552734,9.022000312805176,9.022000312805176,165000
2014-03-04,9.076000213623047,10.79800033569336,9.001999855041504,10.57800006866455,10.57800006866455,799000
2014-03-05,10.260000228881836,10.399999618530273,9.96399974822998,10.338000297546387,10.338000297546387,390500
2014-03-06,10.300000190734863,11.395999908447266,10.236000061035156,10.965999603271484,10.965999603271484,502500
2014-03-07,11.0,11.039999961853027,10.699999809265137,10.746000289916992,10.746000289916992,344500
2014-03-10,10.72599983215332,10.760000228881836,10.199999809265137,10.321999549865723,10.321999549865723,276500
2014-03-11,10.104000091552734,10.300000190734863,9.880000114440918,9.95199966430664,9.95199966430664,145000
2014-03-12,9.46399974822998,10.100000381469727,9.407999992370605,9.800000190734863,9.800000190734863,193000
2014-03-13,9.76200008392334,10.133999824523926,9.109999656677246,9.359999656677246,9.359999656677246,265000
2014-03-14,9.300000190734863,9.571999549865723,8.935999870300293,8.994000434875488,8.994000434875488,232500
2014-03-17,9.196000099182129,9.317999839782715,8.843999862670898,8.883999824523926,8.883999824523926,126500
2014-03-18,8.420000076293945,9.053999900817871,8.350000381469727,8.960000038146973,8.960000038146973,220000
2014-03-19,8.819999694824219,9.258000373840332,8.819999694824219,8.925999641418457,8.925999641418457,120000
2014-03-20,8.845999717712402,8.845999717712402,8.211999893188477,8.300000190734863,8.300000190734863,453500
2014-03-21,8.288000106811523,8.34000015258789,7.800000190734863,7.800000190734863,7.800000190734863,879000
2014-03-24,7.938000202178955,8.067999839782715,7.119999885559082,7.21999979019165,7.21999979019165,988000
2014-03-25,7.25600004196167,7.946000099182129,7.21999979019165,7.668000221252441,7.668000221252441,368000
2014-03-26,7.946000099182129,8.526000022888184,7.854000091552734,8.137999534606934,8.137999534606934,795000
2014-03-27,8.039999961853027,8.52400016784668,7.877999782562256,8.22599983215332,8.22599983215332,293500
2014-03-28,8.260000228881836,8.545999526977539,8.074000358581543,8.404000282287598,8.404000282287598,1698500
2014-03-31,8.434000015258789,8.894000053405762,8.362000465393066,8.565999984741211,8.565999984741211,274500
2014-04-01,8.718000411987305,8.718000411987305,8.402000427246094,8.531999588012695,8.531999588012695,170000
2014-04-02,8.501999855041504,8.793999671936035,8.501999855041504,8.732000350952148,8.732000350952148,63000
2014-04-03,8.767999649047852,9.166000366210938,8.682000160217285,8.77400016784668,8.77400016784668,161000
2014-04-04,8.612000465393066,9.350000381469727,8.5,9.199999809265137,9.199999809265137,236000
2014-04-07,9.197999954223633,9.197999954223633,8.51200008392334,8.652000427246094,8.652000427246094,313000
2014-04-08,8.727999687194824,8.767999649047852,8.324000358581543,8.642000198364258,8.642000198364258,143500
2014-04-09,8.699999809265137,9.065999984741211,8.699999809265137,9.01200008392334,9.01200008392334,107500
2014-04-10,9.07800006866455,9.07800006866455,8.281999588012695,8.406000137329102,8.406000137329102,170000
2014-04-11,8.149999618530273,8.4399995803833,7.886000156402588,8.206000328063965,8.206000328063965,185000
2014-04-14,8.208000183105469,8.208000183105469,7.8460001945495605,7.947999954223633,7.947999954223633,186500
2014-04-15,7.9679999351501465,8.045999526977539,7.133999824523926,7.420000076293945,7.420000076293945,326500
2014-04-16,7.6579999923706055,7.814000129699707,7.23199987411499,7.811999797821045,7.811999797821045,115000
2014-04-17,7.691999912261963,8.022000312805176,7.5960001945495605,7.941999912261963,7.941999912261963,71000
2014-04-21,7.980000019073486,7.980000019073486,7.670000076293945,7.854000091552734,7.854000091552734,64000
2014-04-22,7.953999996185303,8.720000267028809,7.835999965667725,8.543999671936035,8.543999671936035,189500
2014-04-23,8.668000221252441,8.668000221252441,8.152000427246094,8.35200023651123,8.35200023651123,110000
2014-04-24,8.35200023651123,9.07800006866455,8.140000343322754,8.670000076293945,8.670000076293945,233500
2014-04-25,8.550000190734863,8.998000144958496,8.300000190734863,8.994000434875488,8.994000434875488,144000
2014-04-28,8.994000434875488,8.994000434875488,8.020000457763672,8.265999794006348,8.265999794006348,110500
2014-04-29,8.277999877929688,8.394000053405762,7.702000141143799,8.067999839782715,8.067999839782715,75500
2014-04-30,8.336000442504883,8.336000442504883,8.100000381469727,8.279999732971191,8.279999732971191,25000
2014-05-01,8.166000366210938,8.565999984741211,7.900000095367432,8.302000045776367,8.302000045776367,61500
2014-05-02,8.118000030517578,8.569999694824219,8.118000030517578,8.541999816894531,8.541999816894531,66500
2014-05-05,8.378000259399414,8.692000389099121,8.156000137329102,8.32800006866455,8.32800006866455,194500
2014-05-06,8.128000259399414,8.515999794006348,8.12600040435791,8.342000007629395,8.342000007629395,50500
2014-05-07,8.227999687194824,8.368000030517578,7.644000053405762,7.892000198364258,7.892000198364258,93000
2014-05-08,7.811999797821045,7.863999843597412,7.1020002365112305,7.1620001792907715,7.1620001792907715,236500
2014-05-09,7.124000072479248,7.432000160217285,6.8979997634887695,7.368000030517578,7.368000030517578,264000
2014-05-12,7.544000148773193,7.926000118255615,7.355999946594238,7.556000232696533,7.556000232696533,189000
2014-05-13,7.239999771118164,7.498000144958496,6.670000076293945,6.682000160217285,6.682000160217285,904000
2014-05-14,6.682000160217285,6.800000190734863,5.815999984741211,5.817999839782715,5.817999839782715,802500
2014-05-15,5.691999912261963,5.696000099182129,4.900000095367432,5.019999980926514,5.019999980926514,9591500
2014-05-16,4.953999996185303,5.079999923706055,4.579999923706055,4.581999778747559,4.581999778747559,2450000
2014-05-19,4.613999843597412,4.872000217437744,4.610000133514404,4.72599983215332,4.72599983215332,838000
2014-05-20,4.702000141143799,4.800000190734863,4.355999946594238,4.372000217437744,4.372000217437744,1334500
2014-05-21,4.50600004196167,4.71999979019165,4.50600004196167,4.604000091552734,4.604000091552734,836000
2014-05-22,4.760000228881836,4.840000152587891,4.53000020980835,4.599999904632568,4.599999904632568,683500
2014-05-23,4.6020002365112305,4.809999942779541,4.550000190734863,4.748000144958496,4.748000144958496,494000
2014-05-27,4.78000020980835,5.079999923706055,4.78000020980835,5.059999942779541,5.059999942779541,602500
2014-05-28,5.0980000495910645,5.478000164031982,5.064000129699707,5.400000095367432,5.400000095367432,1268000
2014-05-29,5.400000095367432,5.73799991607666,5.340000152587891,5.48799991607666,5.48799991607666,1026500
2014-05-30,5.426000118255615,5.46999979019165,5.329999923706055,5.400000095367432,5.400000095367432,510500
2014-06-02,5.420000076293945,5.473999977111816,5.360000133514404,5.400000095367432,5.400000095367432,245000
2014-06-03,5.427999973297119,5.447999954223633,5.334000110626221,5.395999908447266,5.395999908447266,425000
2014-06-04,5.314000129699707,5.570000171661377,5.199999809265137,5.515999794006348,5.515999794006348,573000
2014-06-05,5.441999912261963,5.5980000495910645,5.331999778747559,5.434000015258789,5.434000015258789,375500
2014-06-06,5.49399995803833,5.51200008392334,5.130000114440918,5.420000076293945,5.420000076293945,485000
2014-06-09,5.420000076293945,5.6539998054504395,5.420000076293945,5.446000099182129,5.446000099182129,215500
2014-06-10,5.4019999504089355,5.550000190734863,5.375999927520752,5.432000160217285,5.432000160217285,393500
2014-06-11,5.400000095367432,5.53000020980835,5.380000114440918,5.400000095367432,5.400000095367432,313500
2014-06-12,5.449999809265137,5.6539998054504395,5.400000095367432,5.418000221252441,5.418000221252441,346500
2014-06-13,5.443999767303467,5.498000144958496,5.400000095367432,5.458000183105469,5.458000183105469,262000
2014-06-16,5.458000183105469,5.561999797821045,5.400000095367432,5.418000221252441,5.418000221252441,209500
2014-06-17,5.429999828338623,5.769999980926514,5.400000095367432,5.5980000495910645,5.5980000495910645,572500
2014-06-18,5.5320000648498535,5.776000022888184,5.52400016784668,5.659999847412109,5.659999847412109,389500
2014-06-19,5.679999828338623,6.119999885559082,5.559999942779541,5.964000225067139,5.964000225067139,839000
2014-06-20,5.980000019073486,6.440000057220459,5.808000087738037,6.429999828338623,6.429999828338623,1096000
2014-06-23,6.460000038146973,6.677999973297119,6.173999786376953,6.328000068664551,6.328000068664551,635000
2014-06-24,6.303999900817871,6.438000202178955,5.935999870300293,6.033999919891357,6.033999919891357,563000
2014-06-25,6.164000034332275,6.300000190734863,5.877999782562256,6.26800012588501,6.26800012588501,379000
2014-06-26,6.269999980926514,6.3979997634887695,6.24399995803833,6.300000190734863,6.300000190734863,375500
2014-06-27,6.26800012588501,6.317999839782715,5.946000099182129,6.047999858856201,6.047999858856201,454500
2014-06-30,6.001999855041504,6.3979997634887695,5.998000144958496,6.395999908447266,6.395999908447266,361500
2014-07-01,6.443999767303467,6.51800012588501,6.0980000495910645,6.159999847412109,6.159999847412109,230000
2014-07-02,6.133999824523926,6.25600004196167,5.980000019073486,6.01200008392334,6.01200008392334,317000
2014-07-03,6.291999816894531,6.291999816894531,5.8460001945495605,6.038000106811523,6.038000106811523,228500
2014-07-07,6.196000099182129,6.260000228881836,6.035999774932861,6.208000183105469,6.208000183105469,759500
2014-07-08,6.122000217437744,6.139999866485596,5.765999794006348,5.9039998054504395,5.9039998054504395,691500
2014-07-09,5.881999969482422,5.949999809265137,5.599999904632568,5.708000183105469,5.708000183105469,644000
2014-07-10,5.473999977111816,5.8979997634887695,5.205999851226807,5.826000213623047,5.826000213623047,564000
2014-07-11,5.754000186920166,5.789999961853027,5.639999866485596,5.685999870300293,5.685999870300293,247500
2014-07-14,5.742000102996826,5.886000156402588,5.685999870300293,5.751999855041504,5.751999855041504,191000
2014-07-15,5.831999778747559,5.920000076293945,5.622000217437744,5.664000034332275,5.664000034332275,217000
2014-07-16,5.736000061035156,5.789999961853027,5.510000228881836,5.553999900817871,5.553999900817871,213000
2014-07-17,5.519999980926514,5.539999961853027,5.1479997634887695,5.1519999504089355,5.1519999504089355,727500
2014-07-18,5.245999813079834,5.357999801635742,5.127999782562256,5.1539998054504395,5.1539998054504395,368500
2014-07-21,5.203999996185303,5.300000190734863,5.1539998054504395,5.1539998054504395,5.1539998054504395,176000
2014-07-22,5.202000141143799,5.349999904632568,5.199999809265137,5.302000045776367,5.302000045776367,113000
2014-07-23,5.360000133514404,5.449999809265137,4.909999847412109,4.960000038146973,4.960000038146973,494500
2014-07-24,4.96999979019165,5.150000095367432,4.9019999504089355,4.961999893188477,4.961999893188477,230000
2014-07-25,4.929999828338623,4.929999828338623,4.710000038146973,4.877999782562256,4.877999782562256,213000
2014-07-28,4.829999923706055,5.001999855041504,4.745999813079834,4.927999973297119,4.927999973297119,268000
2014-07-29,4.918000221252441,5.127999782562256,4.9019999504089355,5.02400016784668,5.02400016784668,364000
2014-07-30,5.050000190734863,5.193999767303467,4.98799991607666,5.053999900817871,5.053999900817871,499000
2014-07-31,5.064000129699707,5.064000129699707,4.960000038146973,4.97599983215332,4.97599983215332,613500
2014-08-01,5.113999843597412,5.113999843597412,4.900000095367432,4.986000061035156,4.986000061035156,1017500
2014-08-04,5.019999980926514,5.311999797821045,4.984000205993652,5.211999893188477,5.211999893188477,313500
2014-08-05,5.230000019073486,5.572000026702881,5.124000072479248,5.546000003814697,5.546000003814697,367000
2014-08-06,5.438000202178955,5.788000106811523,5.311999797821045,5.6620001792907715,5.6620001792907715,301500
2014-08-07,5.585999965667725,5.77400016784668,5.4039998054504395,5.51200008392334,5.51200008392334,249000
2014-08-08,5.4079999923706055,5.546000003814697,5.4019999504089355,5.414000034332275,5.414000034332275,220000
2014-08-11,5.400000095367432,5.6479997634887695,5.400000095367432,5.578000068664551,5.578000068664551,169500
2014-08-12,5.5980000495910645,5.730000019073486,5.3460001945495605,5.599999904632568,5.599999904632568,741000
2014-08-13,5.728000164031982,5.728000164031982,5.48799991607666,5.650000095367432,5.650000095367432,264000
2014-08-14,5.760000228881836,6.196000099182129,5.75,5.953999996185303,5.953999996185303,835500
2014-08-15,6.460000038146973,7.0,6.354000091552734,6.625999927520752,6.625999927520752,1755500
2014-08-18,6.800000190734863,7.386000156402588,6.797999858856201,7.190000057220459,7.190000057220459,1065500
2014-08-19,7.27400016784668,7.406000137329102,6.757999897003174,6.817999839782715,6.817999839782715,734000
2014-08-20,6.679999828338623,7.144000053405762,6.665999889373779,6.935999870300293,6.935999870300293,484000
2014-08-21,6.8379998207092285,7.090000152587891,6.7220001220703125,7.052000045776367,7.052000045776367,391000
2014-08-22,7.0,7.0,6.699999809265137,6.98199987411499,6.98199987411499,355000
2014-08-25,7.010000228881836,7.199999809265137,6.829999923706055,6.9039998054504395,6.9039998054504395,381000
2014-08-26,6.823999881744385,6.934000015258789,6.619999885559082,6.734000205993652,6.734000205993652,360000
2014-08-27,6.710000038146973,6.934000015258789,6.513999938964844,6.883999824523926,6.883999824523926,427000
2014-08-28,6.771999835968018,6.815999984741211,6.613999843597412,6.6620001792907715,6.6620001792907715,266000
2014-08-29,6.757999897003174,7.130000114440918,6.619999885559082,7.079999923706055,7.079999923706055,376500
2014-09-02,7.196000099182129,7.269999980926514,6.900000095367432,6.953999996185303,6.953999996185303,167000
2014-09-03,7.056000232696533,7.26800012588501,7.039999961853027,7.23199987411499,7.23199987411499,247500
2014-09-04,7.320000171661377,7.880000114440918,7.320000171661377,7.539999961853027,7.539999961853027,830000
2014-09-05,7.458000183105469,7.97599983215332,7.447999954223633,7.7779998779296875,7.7779998779296875,554500
2014-09-08,7.918000221252441,8.618000030517578,7.860000133514404,8.362000465393066,8.362000465393066,1199500
2014-09-09,8.22599983215332,8.82800006866455,8.149999618530273,8.234000205993652,8.234000205993652,1277000
2014-09-10,8.5,9.63599967956543,8.326000213623047,9.42199993133545,9.42199993133545,1756000
2014-09-11,9.130000114440918,9.42199993133545,9.11400032043457,9.196000099182129,9.196000099182129,575000
2014-09-12,9.199999809265137,9.571999549865723,9.133999824523926,9.541999816894531,9.541999816894531,1132500
2014-09-15,9.35200023651123,9.534000396728516,8.51200008392334,8.621999740600586,8.621999740600586,712000
2014-09-16,8.682000160217285,8.770000457763672,8.317999839782715,8.513999938964844,8.513999938964844,431500
2014-09-17,8.482000350952148,9.0600004196167,8.482000350952148,8.866000175476074,8.866000175476074,777500
2014-09-18,8.760000228881836,9.541999816894531,8.675999641418457,9.081999778747559,9.081999778747559,786000
2014-09-19,9.0,9.194000244140625,8.15999984741211,8.539999961853027,8.539999961853027,1427500
2014-09-22,8.371999740600586,8.40999984741211,7.7220001220703125,7.815999984741211,7.815999984741211,875000
2014-09-23,7.815999984741211,8.270000457763672,7.734000205993652,8.038000106811523,8.038000106811523,555000
2014-09-24,8.0,8.515999794006348,7.78000020980835,8.47599983215332,8.47599983215332,656500
2014-09-25,8.449999809265137,8.449999809265137,8.005999565124512,8.086000442504883,8.086000442504883,554500
2014-09-26,8.0600004196167,8.4399995803833,8.0600004196167,8.170000076293945,8.170000076293945,367500
2014-09-29,8.005999565124512,8.204000473022461,7.892000198364258,7.980000019073486,7.980000019073486,1034000
2014-09-30,8.59000015258789,8.970000267028809,8.40999984741211,8.562000274658203,8.562000274658203,1474500
2014-10-01,8.390000343322754,8.404000282287598,7.923999786376953,8.053999900817871,8.053999900817871,454500
2014-10-02,8.0,8.739999771118164,7.809999942779541,8.654000282287598,8.654000282287598,833500
2014-10-03,8.715999603271484,8.880000114440918,8.510000228881836,8.564000129699707,8.564000129699707,651500
2014-10-06,8.789999961853027,8.789999961853027,8.04800033569336,8.10200023651123,8.10200023651123,817500
2014-10-07,8.04800033569336,8.484000205993652,8.0,8.418000221252441,8.418000221252441,752500
2014-10-08,8.454000473022461,8.685999870300293,8.031999588012695,8.477999687194824,8.477999687194824,1231500
2014-10-09,8.329999923706055,8.633999824523926,8.105999946594238,8.133999824523926,8.133999824523926,511000
2014-10-10,8.140000343322754,8.140000343322754,7.263999938964844,7.289999961853027,7.289999961853027,973500
2014-10-13,7.059999942779541,7.2820000648498535,6.599999904632568,6.624000072479248,6.624000072479248,980000
2014-10-14,6.705999851226807,7.190000057220459,6.638000011444092,6.834000110626221,6.834000110626221,892500
2014-10-15,6.679999828338623,7.296000003814697,6.599999904632568,7.211999893188477,7.211999893188477,1209500
2014-10-16,7.196000099182129,8.157999992370605,7.113999843597412,8.020000457763672,8.020000457763672,731500
2014-10-17,8.081999778747559,8.489999771118164,8.081999778747559,8.338000297546387,8.338000297546387,824500
2014-10-20,8.399999618530273,8.494000434875488,8.157999992370605,8.392000198364258,8.392000198364258,469500
2014-10-21,8.399999618530273,8.784000396728516,8.28600025177002,8.694000244140625,8.694000244140625,1012000
2014-10-22,8.541999816894531,8.692000389099121,7.769999980926514,7.769999980926514,7.769999980926514,873000
2014-10-23,7.7820000648498535,7.940000057220459,7.400000095367432,7.703999996185303,7.703999996185303,1879500
2014-10-24,7.604000091552734,7.958000183105469,7.604000091552734,7.829999923706055,7.829999923706055,220500
2014-10-27,7.803999900817871,7.840000152587891,7.504000186920166,7.579999923706055,7.579999923706055,322000
2014-10-28,7.599999904632568,8.175999641418457,7.599999904632568,8.095999717712402,8.095999717712402,843500
2014-10-29,7.868000030517578,8.0,7.51200008392334,7.633999824523926,7.633999824523926,595500
2014-10-30,7.631999969482422,7.642000198364258,7.291999816894531,7.432000160217285,7.432000160217285,438000
2014-10-31,7.800000190734863,7.809999942779541,7.699999809265137,7.783999919891357,7.783999919891357,1057500
2014-11-03,7.677999973297119,7.872000217437744,7.6539998054504395,7.690000057220459,7.690000057220459,583000
2014-11-04,7.76200008392334,7.76200008392334,7.0980000495910645,7.553999900817871,7.553999900817871,966500
2014-11-05,7.71999979019165,7.71999979019165,7.052000045776367,7.150000095367432,7.150000095367432,839000
2014-11-06,7.179999828338623,7.498000144958496,7.093999862670898,7.269999980926514,7.269999980926514,641000
2014-11-07,7.239999771118164,7.239999771118164,7.00600004196167,7.076000213623047,7.076000213623047,375000
2014-11-10,7.119999885559082,7.49399995803833,7.03000020980835,7.455999851226807,7.455999851226807,1031500
2014-11-11,7.335999965667725,7.409999847412109,7.004000186920166,7.041999816894531,7.041999816894531,390500
2014-11-12,7.059999942779541,7.257999897003174,6.909999847412109,7.007999897003174,7.007999897003174,887500
2014-11-13,7.159999847412109,7.320000171661377,6.260000228881836,6.50600004196167,6.50600004196167,1839000
2014-11-14,6.77400016784668,6.77400016784668,6.260000228881836,6.631999969482422,6.631999969482422,1158500
2014-11-17,6.644000053405762,6.723999977111816,6.329999923706055,6.432000160217285,6.432000160217285,325500
2014-11-18,6.432000160217285,6.800000190734863,6.306000232696533,6.757999897003174,6.757999897003174,736500
2014-11-19,6.570000171661377,6.802000045776367,6.52400016784668,6.5879998207092285,6.5879998207092285,255500
2014-11-20,6.458000183105469,6.8979997634887695,6.386000156402588,6.857999801635742,6.857999801635742,301000
2014-11-21,6.958000183105469,7.165999889373779,6.769999980926514,6.8480000495910645,6.8480000495910645,439000
2014-11-24,6.8480000495910645,7.131999969482422,6.4039998054504395,6.414000034332275,6.414000034332275,445000
2014-11-25,6.599999904632568,6.599999904632568,6.388000011444092,6.447999954223633,6.447999954223633,451500
2014-11-26,6.374000072479248,6.659999847412109,6.25,6.613999843597412,6.613999843597412,307000
2014-11-28,6.480000019073486,6.546000003814697,5.995999813079834,6.0,6.0,513000
2014-12-01,5.860000133514404,5.900000095367432,5.3420000076293945,5.395999908447266,5.395999908447266,735000
2014-12-02,5.492000102996826,5.794000148773193,5.443999767303467,5.513999938964844,5.513999938964844,436500
2014-12-03,5.498000144958496,5.8480000495910645,5.4039998054504395,5.705999851226807,5.705999851226807,543500
2014-12-04,5.519999980926514,5.76800012588501,5.515999794006348,5.607999801635742,5.607999801635742,656000
2014-12-05,5.6519999504089355,6.190000057220459,5.616000175476074,6.046000003814697,6.046000003814697,658000
2014-12-08,5.995999813079834,5.995999813079834,5.202000141143799,5.23199987411499,5.23199987411499,1016000
2014-12-09,5.199999809265137,5.308000087738037,4.835999965667725,5.308000087738037,5.308000087738037,1195500
2014-12-10,5.199999809265137,5.210000038146973,4.611999988555908,4.763999938964844,4.763999938964844,1656000
2014-12-11,4.76200008392334,4.935999870300293,4.76200008392334,4.906000137329102,4.906000137329102,385000
2014-12-12,4.7820000648498535,5.145999908447266,4.7820000648498535,4.940000057220459,4.940000057220459,445000
2014-12-15,5.090000152587891,5.360000133514404,4.918000221252441,5.216000080108643,5.216000080108643,793500
2014-12-16,5.211999893188477,5.498000144958496,5.116000175476074,5.320000171661377,5.320000171661377,654500
2014-12-17,5.4039998054504395,5.579999923706055,5.26800012588501,5.464000225067139,5.464000225067139,461500
2014-12-18,5.559999942779541,5.6539998054504395,5.3520002365112305,5.559999942779541,5.559999942779541,601500
2014-12-19,5.642000198364258,5.966000080108643,5.547999858856201,5.9120001792907715,5.9120001792907715,806000
2014-12-22,5.843999862670898,5.966000080108643,5.627999782562256,5.946000099182129,5.946000099182129,582500
2014-12-23,6.00600004196167,6.00600004196167,5.414000034332275,5.460000038146973,5.460000038146973,469000
2014-12-24,5.447999954223633,5.650000095367432,5.386000156402588,5.599999904632568,5.599999904632568,204000
2014-12-26,5.558000087738037,5.800000190734863,5.558000087738037,5.664000034332275,5.664000034332275,182000
2014-12-29,5.625999927520752,5.710000038146973,5.303999900817871,5.343999862670898,5.343999862670898,379000
2014-12-30,5.381999969482422,5.381999969482422,5.061999797821045,5.081999778747559,5.081999778747559,473500
2014-12-31,5.050000190734863,5.420000076293945,5.013999938964844,5.26800012588501,5.26800012588501,427000
2015-01-02,5.357999801635742,5.357999801635742,4.960000038146973,5.093999862670898,5.093999862670898,510500
2015-01-05,5.035999774932861,5.079999923706055,4.659999847412109,4.665999889373779,4.665999889373779,567500
2015-01-06,4.682000160217285,4.745999813079834,4.164000034332275,4.360000133514404,4.360000133514404,819000
2015-01-07,4.489999771118164,4.679999828338623,4.4019999504089355,4.533999919891357,4.533999919891357,331500
2015-01-08,4.677999973297119,4.789999961853027,4.556000232696533,4.7779998779296875,4.7779998779296875,393500
2015-01-09,4.75600004196167,4.835999965667725,4.604000091552734,4.796000003814697,4.796000003814697,421000
2015-01-12,4.760000228881836,4.760000228881836,4.309999942779541,4.349999904632568,4.349999904632568,730000
2015-01-13,4.400000095367432,4.645999908447266,4.300000190734863,4.480000019073486,4.480000019073486,470500
2015-01-14,4.3979997634887695,4.599999904632568,4.3480000495910645,4.599999904632568,4.599999904632568,322000
2015-01-15,4.6579999923706055,4.6579999923706055,4.228000164031982,4.300000190734863,4.300000190734863,325500
2015-01-16,4.320000171661377,4.3520002365112305,4.001999855041504,4.0980000495910645,4.0980000495910645,556500
2015-01-20,4.085999965667725,4.099999904632568,3.5399999618530273,3.6459999084472656,3.6459999084472656,1030500
2015-01-21,3.630000114440918,3.8559999465942383,3.5920000076293945,3.8459999561309814,3.8459999561309814,251000
2015-01-22,3.940000057220459,3.940000057220459,3.759999990463257,3.921999931335449,3.921999931335449,229000
2015-01-23,3.950000047683716,3.9719998836517334,3.7739999294281006,3.865999937057495,3.865999937057495,265500
2015-01-26,3.9000000953674316,4.010000228881836,3.803999900817871,3.871999979019165,3.871999979019165,193000
2015-01-27,3.8459999561309814,4.019999980926514,3.7899999618530273,3.9619998931884766,3.9619998931884766,167500
2015-01-28,3.936000108718872,4.007999897003174,3.888000011444092,3.9059998989105225,3.9059998989105225,389000
2015-01-29,3.9519999027252197,3.9700000286102295,3.7860000133514404,3.8420000076293945,3.8420000076293945,255000
2015-01-30,3.7839999198913574,4.0,3.7839999198913574,3.936000108718872,3.936000108718872,172500
2015-02-02,3.9800000190734863,4.677999973297119,3.871999979019165,4.579999923706055,4.579999923706055,578000
2015-02-03,4.668000221252441,4.900000095367432,4.584000110626221,4.668000221252441,4.668000221252441,512500
2015-02-04,4.650000095367432,4.796000003814697,4.360000133514404,4.372000217437744,4.372000217437744,844000
2015-02-05,4.27400016784668,4.291999816894531,3.8380000591278076,3.9639999866485596,3.9639999866485596,2007500
2015-02-06,4.015999794006348,4.159999847412109,3.9639999866485596,3.9839999675750732,3.9839999675750732,453000
2015-02-09,3.9119999408721924,4.039999961853027,3.8499999046325684,3.9779999256134033,3.9779999256134033,299000
2015-02-10,3.9800000190734863,4.007999897003174,3.8399999141693115,3.9119999408721924,3.9119999408721924,327000
2015-02-11,3.940000057220459,4.0,3.7739999294281006,3.946000099182129,3.946000099182129,203500
2015-02-12,3.930000066757202,4.458000183105469,3.921999931335449,4.25,4.25,920000
2015-02-13,4.300000190734863,4.323999881744385,4.1479997634887695,4.208000183105469,4.208000183105469,297000
2015-02-17,4.283999919891357,4.283999919891357,4.053999900817871,4.122000217437744,4.122000217437744,136000
2015-02-18,4.150000095367432,4.184000015258789,4.0320000648498535,4.070000171661377,4.070000171661377,122500
2015-02-19,4.038000106811523,4.1479997634887695,3.9600000381469727,4.044000148773193,4.044000148773193,190500
2015-02-20,4.090000152587891,4.208000183105469,4.039999961853027,4.1620001792907715,4.1620001792907715,250500
2015-02-23,4.210000038146973,4.216000080108643,4.084000110626221,4.139999866485596,4.139999866485596,116000
2015-02-24,4.22599983215332,4.4039998054504395,4.053999900817871,4.119999885559082,4.119999885559082,408000
2015-02-25,4.0980000495910645,4.190000057220459,4.001999855041504,4.105999946594238,4.105999946594238,384000
2015-02-26,4.047999858856201,4.320000171661377,4.047999858856201,4.199999809265137,4.199999809265137,348500
2015-02-27,4.309999942779541,4.579999923706055,4.309999942779541,4.473999977111816,4.473999977111816,1086500
2015-03-02,4.48199987411499,5.854000091552734,4.48199987411499,5.619999885559082,5.619999885559082,2533500
2015-03-03,5.638000011444092,5.699999809265137,5.02400016784668,5.291999816894531,5.291999816894531,1308000
2015-03-04,5.242000102996826,5.446000099182129,5.0980000495910645,5.329999923706055,5.329999923706055,618000
2015-03-05,5.381999969482422,5.446000099182129,5.265999794006348,5.377999782562256,5.377999782562256,717000
2015-03-06,5.23199987411499,5.480000019073486,5.23199987411499,5.3979997634887695,5.3979997634887695,483000
2015-03-09,5.478000164031982,5.478000164031982,4.932000160217285,4.9720001220703125,4.9720001220703125,559000
2015-03-10,4.96999979019165,4.96999979019165,4.438000202178955,4.48199987411499,4.48199987411499,1127500
2015-03-11,4.452000141143799,4.673999786376953,4.452000141143799,4.590000152587891,4.590000152587891,424500
2015-03-12,4.622000217437744,4.834000110626221,4.585999965667725,4.831999778747559,4.831999778747559,458500
2015-03-13,4.789999961853027,4.789999961853027,4.613999843597412,4.714000225067139,4.714000225067139,272000
2015-03-16,4.716000080108643,4.76800012588501,4.223999977111816,4.374000072479248,4.374000072479248,748500
2015-03-17,4.400000095367432,4.949999809265137,4.400000095367432,4.829999923706055,4.829999923706055,799000
2015-03-18,4.947999954223633,4.952000141143799,4.671999931335449,4.823999881744385,4.823999881744385,1594500
2015-03-19,4.734000205993652,5.079999923706055,4.734000205993652,5.026000022888184,5.026000022888184,646000
2015-03-20,5.081999778747559,5.519999980926514,4.960000038146973,5.519999980926514,5.519999980926514,1559000
2015-03-23,5.400000095367432,5.519999980926514,5.291999816894531,5.429999828338623,5.429999828338623,924000
2015-03-24,5.458000183105469,5.783999919891357,5.440000057220459,5.691999912261963,5.691999912261963,1120500
2015-03-25,5.691999912261963,5.716000080108643,5.205999851226807,5.366000175476074,5.366000175476074,1170000
2015-03-26,5.300000190734863,5.4019999504089355,5.191999912261963,5.228000164031982,5.228000164031982,756000
2015-03-27,5.260000228881836,5.3420000076293945,5.170000076293945,5.317999839782715,5.317999839782715,294000
2015-03-30,5.3520002365112305,5.380000114440918,5.1479997634887695,5.26800012588501,5.26800012588501,595500
2015-03-31,5.25,5.320000171661377,5.203999996185303,5.302000045776367,5.302000045776367,253000
2015-04-01,5.288000106811523,5.432000160217285,5.223999977111816,5.4019999504089355,5.4019999504089355,501500
2015-04-02,5.383999824523926,5.435999870300293,5.27400016784668,5.2820000648498535,5.2820000648498535,725000
2015-04-06,5.2820000648498535,5.3979997634887695,5.056000232696533,5.368000030517578,5.368000030517578,284000
2015-04-07,5.349999904632568,5.375999927520752,5.188000202178955,5.314000129699707,5.314000129699707,371500
2015-04-08,5.372000217437744,5.447999954223633,5.197999954223633,5.228000164031982,5.228000164031982,675500
2015-04-09,5.199999809265137,5.5960001945495605,5.199999809265137,5.418000221252441,5.418000221252441,1383000
2015-04-10,5.699999809265137,5.934000015258789,5.452000141143799,5.840000152587891,5.840000152587891,2092000
2015-04-13,5.8420000076293945,6.164000034332275,5.751999855041504,6.070000171661377,6.070000171661377,1106000
2015-04-14,6.105999946594238,6.130000114440918,5.984000205993652,6.021999835968018,6.021999835968018,456000
2015-04-15,6.073999881744385,6.073999881744385,5.806000232696533,5.918000221252441,5.918000221252441,620500
2015-04-16,5.888000011444092,6.122000217437744,5.783999919891357,6.119999885559082,6.119999885559082,708000
2015-04-17,6.0,6.289999961853027,5.900000095367432,6.2179999351501465,6.2179999351501465,798000
2015-04-20,6.306000232696533,6.357999801635742,5.874000072479248,5.955999851226807,5.955999851226807,601000
2015-04-21,5.966000080108643,5.966000080108643,5.757999897003174,5.806000232696533,5.806000232696533,576500
2015-04-22,5.800000190734863,5.947999954223633,5.785999774932861,5.811999797821045,5.811999797821045,251500
2015-04-23,5.802000045776367,5.98199987411499,5.688000202178955,5.771999835968018,5.771999835968018,826500
2015-04-24,5.771999835968018,5.940000057220459,5.742000102996826,5.800000190734863,5.800000190734863,480000
2015-04-27,5.820000171661377,5.9019999504089355,5.51800012588501,5.51800012588501,5.51800012588501,561000
2015-04-28,5.521999835968018,5.679999828338623,5.374000072479248,5.561999797821045,5.561999797821045,434500
2015-04-29,5.51800012588501,5.989999771118164,5.51800012588501,5.760000228881836,5.760000228881836,491500
2015-04-30,5.788000106811523,5.788000106811523,5.440000057220459,5.489999771118164,5.489999771118164,442500
2015-05-01,5.409999847412109,5.429999828338623,5.199999809265137,5.423999786376953,5.423999786376953,547000
2015-05-04,5.438000202178955,5.7220001220703125,5.328000068664551,5.340000152587891,5.340000152587891,489500
2015-05-05,5.380000114440918,5.427999973297119,4.900000095367432,4.961999893188477,4.961999893188477,596000
2015-05-06,4.973999977111816,5.01200008392334,4.900000095367432,4.9039998054504395,4.9039998054504395,250000
2015-05-07,4.900000095367432,4.96999979019165,4.730000019073486,4.800000190734863,4.800000190734863,425000
2015-05-08,4.800000190734863,5.165999889373779,4.570000171661377,4.697999954223633,4.697999954223633,703000
2015-05-11,4.760000228881836,4.973999977111816,4.682000160217285,4.868000030517578,4.868000030517578,847500
2015-05-12,4.877999782562256,5.2820000648498535,4.868000030517578,5.171999931335449,5.171999931335449,574500
2015-05-13,5.223999977111816,5.269999980926514,4.9079999923706055,4.927999973297119,4.927999973297119,334000
2015-05-14,4.923999786376953,5.111999988555908,4.9120001792907715,5.02400016784668,5.02400016784668,341500
2015-05-15,4.980000019073486,5.122000217437744,4.9079999923706055,5.099999904632568,5.099999904632568,186000
2015-05-18,5.059999942779541,5.081999778747559,4.943999767303467,4.986000061035156,4.986000061035156,198000
2015-05-19,4.961999893188477,5.052000045776367,4.803999900817871,4.9039998054504395,4.9039998054504395,380000
2015-05-20,4.900000095367432,4.923999786376953,4.73199987411499,4.76800012588501,4.76800012588501,332500
2015-05-21,4.800000190734863,4.978000164031982,4.71999979019165,4.76200008392334,4.76200008392334,254000
2015-05-22,4.703999996185303,4.8460001945495605,4.460000038146973,4.564000129699707,4.564000129699707,445500
2015-05-26,4.556000232696533,4.558000087738037,4.263999938964844,4.446000099182129,4.446000099182129,684500
2015-05-27,4.464000225067139,4.510000228881836,4.400000095367432,4.501999855041504,4.501999855041504,276000
2015-05-28,4.49399995803833,4.538000106811523,4.443999767303467,4.484000205993652,4.484000205993652,166000
2015-05-29,4.5,4.507999897003174,4.395999908447266,4.4079999923706055,4.4079999923706055,137000
2015-06-01,4.579999923706055,4.579999923706055,4.3379998207092285,4.420000076293945,4.420000076293945,275500
2015-06-02,4.421999931335449,4.538000106811523,4.357999801635742,4.510000228881836,4.510000228881836,180500
2015-06-03,4.53000020980835,4.71999979019165,4.526000022888184,4.710000038146973,4.710000038146973,221500
2015-06-04,4.659999847412109,4.659999847412109,4.480000019073486,4.546000003814697,4.546000003814697,158000
2015-06-05,4.406000137329102,4.900000095367432,4.406000137329102,4.7179999351501465,4.7179999351501465,1097000
2015-06-08,4.73799991607666,4.73799991607666,4.51200008392334,4.535999774932861,4.535999774932861,233000
2015-06-09,4.561999797821045,4.561999797821045,4.251999855041504,4.4039998054504395,4.4039998054504395,325500
2015-06-10,4.432000160217285,4.6579999923706055,4.395999908447266,4.573999881744385,4.573999881744385,301500
2015-06-11,4.564000129699707,4.697999954223633,4.53000020980835,4.616000175476074,4.616000175476074,259500
2015-06-12,4.619999885559082,4.943999767303467,4.599999904632568,4.906000137329102,4.906000137329102,636000
2015-06-15,4.843999862670898,4.980000019073486,4.814000129699707,4.940000057220459,4.940000057220459,202000
2015-06-16,4.9039998054504395,4.914000034332275,4.677999973297119,4.677999973297119,4.677999973297119,206000
2015-06-17,4.745999813079834,4.760000228881836,4.639999866485596,4.730000019073486,4.730000019073486,249500
2015-06-18,4.734000205993652,5.03000020980835,4.702000141143799,5.03000020980835,5.03000020980835,345500
2015-06-19,4.960000038146973,5.182000160217285,4.73799991607666,5.182000160217285,5.182000160217285,830500
2015-06-22,5.196000099182129,5.196000099182129,4.71999979019165,4.734000205993652,4.734000205993652,798000
2015-06-23,4.769999980926514,4.96999979019165,4.760000228881836,4.909999847412109,4.909999847412109,344500
2015-06-24,4.9120001792907715,4.932000160217285,4.789999961853027,4.794000148773193,4.794000148773193,118000
2015-06-25,4.849999904632568,4.920000076293945,4.776000022888184,4.820000171661377,4.820000171661377,373000
2015-06-26,4.77400016784668,4.8460001945495605,4.539999961853027,4.544000148773193,4.544000148773193,796500
2015-06-29,4.460000038146973,4.6479997634887695,4.328000068664551,4.480000019073486,4.480000019073486,982000
2015-06-30,4.550000190734863,4.8480000495910645,4.541999816894531,4.710000038146973,4.710000038146973,297500
2015-07-01,4.765999794006348,4.881999969482422,4.576000213623047,4.685999870300293,4.685999870300293,218500
2015-07-02,4.711999893188477,4.711999893188477,4.415999889373779,4.4679999351501465,4.4679999351501465,406000
2015-07-06,4.423999786376953,4.423999786376953,4.076000213623047,4.179999828338623,4.179999828338623,1098500
2015-07-07,4.159999847412109,4.173999786376953,3.509999990463257,3.684000015258789,3.684000015258789,2073000
2015-07-08,3.5880000591278076,3.946000099182129,3.257999897003174,3.9240000247955322,3.9240000247955322,2006500
2015-07-09,4.131999969482422,4.355999946594238,3.9579999446868896,4.064000129699707,4.064000129699707,1261500
2015-07-10,4.111999988555908,4.294000148773193,4.001999855041504,4.038000106811523,4.038000106811523,424500
2015-07-13,4.093999862670898,4.199999809265137,4.076000213623047,4.076000213623047,4.076000213623047,398000
2015-07-14,4.1020002365112305,4.288000106811523,4.1020002365112305,4.22599983215332,4.22599983215332,348000
2015-07-15,4.22599983215332,4.25,4.0,4.085999965667725,4.085999965667725,347000
2015-07-16,4.0980000495910645,4.234000205993652,4.0980000495910645,4.191999912261963,4.191999912261963,435000
2015-07-17,4.216000080108643,4.216000080108643,4.046000003814697,4.1020002365112305,4.1020002365112305,239500
2015-07-20,4.099999904632568,4.23199987411499,4.0320000648498535,4.081999778747559,4.081999778747559,451000
2015-07-21,4.099999904632568,4.104000091552734,3.9700000286102295,3.99399995803833,3.99399995803833,308000
2015-07-22,3.950000047683716,3.9519999027252197,3.7660000324249268,3.7980000972747803,3.7980000972747803,233000
2015-07-23,3.8299999237060547,3.996000051498413,3.7780001163482666,3.799999952316284,3.799999952316284,233000
2015-07-24,3.8259999752044678,3.878000020980835,3.615999937057495,3.6559998989105225,3.6559998989105225,313500
2015-07-27,3.48799991607666,3.638000011444092,3.315999984741211,3.5320000648498535,3.5320000648498535,290000
2015-07-28,3.507999897003174,3.691999912261963,3.431999921798706,3.572000026702881,3.572000026702881,279000
2015-07-29,3.578000068664551,3.7699999809265137,3.4639999866485596,3.6500000953674316,3.6500000953674316,302500
2015-07-30,3.6080000400543213,3.73799991607666,3.559999942779541,3.631999969482422,3.631999969482422,191000
2015-07-31,3.6640000343322754,3.6659998893737793,3.5,3.51200008392334,3.51200008392334,275500
2015-08-03,3.5139999389648438,3.5160000324249268,3.3239998817443848,3.3480000495910645,3.3480000495910645,250000
2015-08-04,3.4000000953674316,3.4119999408721924,3.2339999675750732,3.257999897003174,3.257999897003174,474500
2015-08-05,3.25,3.388000011444092,3.2279999256134033,3.375999927520752,3.375999927520752,604000
2015-08-06,3.361999988555908,3.496000051498413,3.361999988555908,3.4119999408721924,3.4119999408721924,371000
2015-08-07,3.385999917984009,3.4539999961853027,3.2679998874664307,3.2780001163482666,3.2780001163482666,152500
2015-08-10,3.25,3.558000087738037,3.25,3.50600004196167,3.50600004196167,496000
2015-08-11,3.441999912261963,3.441999912261963,2.950000047683716,3.0859999656677246,3.0859999656677246,827500
2015-08-12,3.055999994277954,3.2300000190734863,2.940000057220459,3.2019999027252197,3.2019999027252197,486500
2015-08-13,3.200000047683716,3.2320001125335693,3.115999937057495,3.1459999084472656,3.1459999084472656,426000
2015-08-14,3.191999912261963,3.2639999389648438,3.1419999599456787,3.247999906539917,3.247999906539917,181500
2015-08-17,3.2720000743865967,3.2839999198913574,3.0999999046325684,3.121999979019165,3.121999979019165,307500
2015-08-18,3.0999999046325684,3.114000082015991,2.9000000953674316,2.944000005722046,2.944000005722046,800000
2015-08-19,2.931999921798706,2.992000102996826,2.8320000171661377,2.9000000953674316,2.9000000953674316,663500
2015-08-20,2.878000020980835,2.878000020980835,2.75,2.757999897003174,2.757999897003174,414500
2015-08-21,2.681999921798706,2.686000108718872,2.368000030517578,2.441999912261963,2.441999912261963,1360000
2015-08-24,2.681999921798706,2.681999921798706,2.322000026702881,2.322000026702881,2.322000026702881,580000
2015-08-25,2.390000104904175,2.5299999713897705,2.259999990463257,2.315999984741211,2.315999984741211,583000
2015-08-26,2.559999942779541,2.5799999237060547,2.2939999103546143,2.4519999027252197,2.4519999027252197,453500
2015-08-27,2.5320000648498535,2.8340001106262207,2.4779999256134033,2.686000108718872,2.686000108718872,909000
2015-08-28,2.6640000343322754,2.927999973297119,2.6640000343322754,2.8259999752044678,2.8259999752044678,336500
2015-08-31,2.7860000133514404,2.884000062942505,2.7060000896453857,2.813999891281128,2.813999891281128,157500
2015-09-01,2.7260000705718994,2.868000030517578,2.6740000247955322,2.677999973297119,2.677999973297119,246000
2015-09-02,2.742000102996826,2.7739999294281006,2.5179998874664307,2.747999906539917,2.747999906539917,291000
2015-09-03,2.753999948501587,2.884000062942505,2.7060000896453857,2.7820000648498535,2.7820000648498535,166500
2015-09-04,2.7139999866485596,2.805999994277954,2.700000047683716,2.7780001163482666,2.7780001163482666,143500
2015-09-08,2.7960000038146973,3.078000068664551,2.7960000038146973,3.0160000324249268,3.0160000324249268,183500
2015-09-09,3.1040000915527344,3.1040000915527344,2.9260001182556152,2.9739999771118164,2.9739999771118164,167000
2015-09-10,2.9760000705718994,3.109999895095825,2.930000066757202,3.009999990463257,3.009999990463257,257500
2015-09-11,3.00600004196167,3.559999942779541,3.00600004196167,3.4679999351501465,3.4679999351501465,550500
2015-09-14,3.441999912261963,3.441999912261963,2.9240000247955322,2.9600000381469727,2.9600000381469727,645000
2015-09-15,2.9779999256134033,3.109999895095825,2.874000072479248,2.9600000381469727,2.9600000381469727,491000
2015-09-16,2.9660000801086426,3.1579999923706055,2.940000057220459,3.063999891281128,3.063999891281128,318000
2015-09-17,3.0360000133514404,3.1500000953674316,3.0,3.0320000648498535,3.0320000648498535,235000
2015-09-18,3.0399999618530273,3.2780001163482666,2.940000057220459,2.940000057220459,2.940000057220459,722500
2015-09-21,3.0220000743865967,3.069999933242798,2.9159998893737793,2.9539999961853027,2.9539999961853027,214500
2015-09-22,2.9000000953674316,3.0980000495910645,2.7899999618530273,2.8380000591278076,2.8380000591278076,931000
2015-09-23,2.8380000591278076,3.200000047683716,2.7780001163482666,3.1600000858306885,3.1600000858306885,1269500
2015-09-24,3.0980000495910645,3.2060000896453857,3.00600004196167,3.125999927520752,3.125999927520752,416500
2015-09-25,3.1500000953674316,3.1559998989105225,3.0160000324249268,3.0799999237060547,3.0799999237060547,347500
2015-09-28,3.0439999103546143,3.0439999103546143,2.864000082015991,2.997999906539917,2.997999906539917,509500
2015-09-29,3.0439999103546143,3.0439999103546143,2.9119999408721924,2.9800000190734863,2.9800000190734863,877500
2015-09-30,3.0280001163482666,3.2200000286102295,3.007999897003174,3.197999954223633,3.197999954223633,201500
2015-10-01,3.257999897003174,3.4739999771118164,3.128000020980835,3.1619999408721924,3.1619999408721924,368500
2015-10-02,3.121999979019165,3.565999984741211,3.121999979019165,3.565999984741211,3.565999984741211,354000
2015-10-05,3.5959999561309814,3.7820000648498535,3.5380001068115234,3.6740000247955322,3.6740000247955322,334000
2015-10-06,3.6619999408721924,3.819999933242798,3.5199999809265137,3.630000114440918,3.630000114440918,417000
2015-10-07,3.6440000534057617,3.888000011444092,3.5799999237060547,3.6459999084472656,3.6459999084472656,655000
2015-10-08,3.634000062942505,3.684000015258789,3.440000057220459,3.6480000019073486,3.6480000019073486,403000
2015-10-09,3.6659998893737793,3.746000051498413,3.5380001068115234,3.6640000343322754,3.6640000343322754,233500
2015-10-12,3.7100000381469727,3.7100000381469727,3.450000047683716,3.619999885559082,3.619999885559082,361500
2015-10-13,3.5799999237060547,3.7300000190734863,3.503999948501587,3.6679999828338623,3.6679999828338623,327000
2015-10-14,3.697999954223633,3.7880001068115234,3.6080000400543213,3.7760000228881836,3.7760000228881836,246500
2015-10-15,3.7980000972747803,3.818000078201294,3.640000104904175,3.7960000038146973,3.7960000038146973,223000
2015-10-16,3.822000026702881,3.822000026702881,3.6579999923706055,3.7300000190734863,3.7300000190734863,214000
2015-10-19,3.687999963760376,3.828000068664551,3.619999885559082,3.7980000972747803,3.7980000972747803,310000
2015-10-20,3.746000051498413,3.812000036239624,3.6419999599456787,3.6579999923706055,3.6579999923706055,282500
2015-10-21,3.6440000534057617,3.6440000534057617,3.444000005722046,3.4779999256134033,3.4779999256134033,288000
2015-10-22,3.5299999713897705,3.628000020980835,3.4839999675750732,3.50600004196167,3.50600004196167,174000
2015-10-23,3.558000087738037,3.558000087738037,3.305999994277954,3.359999895095825,3.359999895095825,257500
2015-10-26,3.364000082015991,3.388000011444092,3.2739999294281006,3.3239998817443848,3.3239998817443848,231500
2015-10-27,3.26200008392334,3.313999891281128,3.191999912261963,3.23799991607666,3.23799991607666,127500
2015-10-28,3.25600004196167,3.3519999980926514,3.25600004196167,3.315999984741211,3.315999984741211,182000
2015-10-29,3.253999948501587,3.2920000553131104,3.1559998989105225,3.2820000648498535,3.2820000648498535,268500
2015-10-30,3.2860000133514404,3.374000072479248,3.25600004196167,3.3399999141693115,3.3399999141693115,136500
2015-11-02,3.3340001106262207,3.365999937057495,3.2679998874664307,3.3480000495910645,3.3480000495910645,309500
2015-11-03,3.3259999752044678,3.364000082015991,3.252000093460083,3.2679998874664307,3.2679998874664307,224500
2015-11-04,3.259999990463257,3.312000036239624,3.259999990463257,3.2820000648498535,3.2820000648498535,130000
2015-11-05,3.242000102996826,3.2980000972747803,3.242000102996826,3.2660000324249268,3.2660000324249268,109500
2015-11-06,3.253999948501587,3.2899999618530273,3.2260000705718994,3.259999990463257,3.259999990463257,116000
2015-11-09,3.2679998874664307,3.2720000743865967,3.1519999504089355,3.187999963760376,3.187999963760376,113500
2015-11-10,3.1760001182556152,3.2079999446868896,2.7360000610351562,2.73799991607666,2.73799991607666,727000
2015-11-11,2.73799991607666,3.072000026702881,2.73799991607666,3.0220000743865967,3.0220000743865967,380500
2015-11-12,2.936000108718872,2.936000108718872,2.5199999809265137,2.6459999084472656,2.6459999084472656,741000
2015-11-13,2.638000011444092,2.638000011444092,2.5179998874664307,2.552000045776367,2.552000045776367,268000
2015-11-16,2.552000045776367,2.609999895095825,2.5139999389648438,2.5399999618530273,2.5399999618530273,194500
2015-11-17,2.562000036239624,2.562000036239624,2.378000020980835,2.431999921798706,2.431999921798706,482500
2015-11-18,2.619999885559082,2.8399999141693115,2.509999990463257,2.809999942779541,2.809999942779541,1062500
2015-11-19,2.7880001068115234,2.9119999408721924,2.7639999389648438,2.808000087738037,2.808000087738037,778000
2015-11-20,2.8459999561309814,3.0220000743865967,2.813999891281128,3.009999990463257,3.009999990463257,453000
2015-11-23,3.0160000324249268,3.109999895095825,2.9179999828338623,3.0739998817443848,3.0739998817443848,474500
2015-11-24,3.0999999046325684,3.134000062942505,3.0759999752044678,3.0980000495910645,3.0980000495910645,85000
2015-11-25,3.052000045776367,3.114000082015991,2.98799991607666,3.062000036239624,3.062000036239624,365000
2015-11-27,3.0880000591278076,3.109999895095825,3.0460000038146973,3.0820000171661377,3.0820000171661377,32500
2015-11-30,3.0439999103546143,3.1679999828338623,3.0420000553131104,3.1659998893737793,3.1659998893737793,143000
2015-12-01,3.1600000858306885,3.2360000610351562,3.1080000400543213,3.2200000286102295,3.2200000286102295,179500
2015-12-02,3.181999921798706,3.2639999389648438,3.1740000247955322,3.246000051498413,3.246000051498413,62000
2015-12-03,3.253999948501587,3.378000020980835,3.2139999866485596,3.3359999656677246,3.3359999656677246,407000
2015-12-04,3.3320000171661377,3.5199999809265137,3.2200000286102295,3.4079999923706055,3.4079999923706055,710500
2015-12-07,3.365999937057495,3.5759999752044678,3.359999895095825,3.5480000972747803,3.5480000972747803,597500
2015-12-08,3.4760000705718994,3.553999900817871,3.430000066757202,3.4739999771118164,3.4739999771118164,128000
2015-12-09,3.5179998874664307,3.5959999561309814,3.430000066757202,3.502000093460083,3.502000093460083,491500
2015-12-10,3.4839999675750732,3.4860000610351562,3.299999952316284,3.313999891281128,3.313999891281128,171500
2015-12-11,3.2760000228881836,3.3299999237060547,3.197999954223633,3.2279999256134033,3.2279999256134033,211000
2015-12-14,3.2780001163482666,3.2980000972747803,3.125999927520752,3.2320001125335693,3.2320001125335693,430500
2015-12-15,3.2660000324249268,3.5239999294281006,3.252000093460083,3.427999973297119,3.427999973297119,1036500
2015-12-16,3.5399999618530273,3.572000026702881,3.3940000534057617,3.444000005722046,3.444000005722046,301500
2015-12-17,3.5320000648498535,3.5320000648498535,3.1679999828338623,3.2300000190734863,3.2300000190734863,298000
2015-12-18,3.2660000324249268,3.4760000705718994,3.2200000286102295,3.4679999351501465,3.4679999351501465,905000
2015-12-21,3.490000009536743,3.51200008392334,3.2760000228881836,3.3540000915527344,3.3540000915527344,311500
2015-12-22,3.4019999504089355,3.436000108718872,3.2660000324249268,3.390000104904175,3.390000104904175,559500
2015-12-23,3.4159998893737793,3.5,3.390000104904175,3.4679999351501465,3.4679999351501465,290500
2015-12-24,3.3480000495910645,3.569999933242798,3.3480000495910645,3.549999952316284,3.549999952316284,123000
2015-12-28,3.552000045776367,3.552000045776367,3.490000009536743,3.5220000743865967,3.5220000743865967,53000
2015-12-29,3.5239999294281006,3.5360000133514404,3.328000068664551,3.4179999828338623,3.4179999828338623,393000
2015-12-30,3.4119999408721924,3.4119999408721924,3.2360000610351562,3.2920000553131104,3.2920000553131104,167500
2015-12-31,3.25600004196167,3.369999885559082,3.2239999771118164,3.3299999237060547,3.3299999237060547,146000
2016-01-04,3.2760000228881836,3.3299999237060547,3.1019999980926514,3.319999933242798,3.319999933242798,200000
2016-01-05,3.3440001010894775,3.375999927520752,3.257999897003174,3.2739999294281006,3.2739999294281006,72000
2016-01-06,3.191999912261963,3.2639999389648438,3.1040000915527344,3.130000114440918,3.130000114440918,281000
2016-01-07,3.059999942779541,3.0920000076293945,2.934000015258789,2.934000015258789,2.934000015258789,260000
2016-01-08,3.003999948501587,3.114000082015991,2.9860000610351562,3.078000068664551,3.078000068664551,176500
2016-01-11,3.0739998817443848,3.0739998817443848,2.799999952316284,2.8420000076293945,2.8420000076293945,387000
2016-01-12,2.881999969482422,2.940000057220459,2.74399995803833,2.799999952316284,2.799999952316284,102000
2016-01-13,2.8359999656677246,2.8580000400543213,2.6040000915527344,2.619999885559082,2.619999885559082,164000
2016-01-14,2.630000114440918,2.680000066757202,2.5260000228881836,2.631999969482422,2.631999969482422,132500
2016-01-15,2.4800000190734863,2.5980000495910645,2.4800000190734863,2.5799999237060547,2.5799999237060547,133000
2016-01-19,2.631999969482422,2.7139999866485596,2.4800000190734863,2.4800000190734863,2.4800000190734863,103000
2016-01-20,2.4019999504089355,2.5959999561309814,2.312000036239624,2.5460000038146973,2.5460000038146973,247500
2016-01-21,2.5320000648498535,2.6480000019073486,2.49399995803833,2.5820000171661377,2.5820000171661377,240500
2016-01-22,2.700000047683716,2.7660000324249268,2.5759999752044678,2.6419999599456787,2.6419999599456787,106500
2016-01-25,2.615999937057495,2.7139999866485596,2.578000068664551,2.6760001182556152,2.6760001182556152,137000
2016-01-26,2.7179999351501465,2.752000093460083,2.630000114440918,2.7360000610351562,2.7360000610351562,166000
2016-01-27,2.7360000610351562,2.9839999675750732,2.7320001125335693,2.759999990463257,2.759999990463257,493500
2016-01-28,2.813999891281128,2.9200000762939453,2.742000102996826,2.9200000762939453,2.9200000762939453,363000
2016-01-29,2.936000108718872,3.1500000953674316,2.9200000762939453,3.055999994277954,3.055999994277954,269000
2016-02-01,3.1679999828338623,3.1760001182556152,3.0,3.1480000019073486,3.1480000019073486,486000
2016-02-02,3.0799999237060547,3.0799999237060547,2.940000057220459,3.0320000648498535,3.0320000648498535,156500
2016-02-03,3.062000036239624,3.171999931335449,3.0220000743865967,3.1640000343322754,3.1640000343322754,146500
2016-02-04,3.1419999599456787,3.4100000858306885,3.0880000591278076,3.4000000953674316,3.4000000953674316,453500
2016-02-05,3.384000062942505,3.384000062942505,3.2119998931884766,3.253999948501587,3.253999948501587,100000
2016-02-08,3.196000099182129,3.200000047683716,2.759999990463257,2.805999994277954,2.805999994277954,187500
2016-02-09,2.7939999103546143,2.828000068664551,2.7660000324249268,2.7799999713897705,2.7799999713897705,77000
2016-02-10,2.746000051498413,2.878000020980835,2.7179999351501465,2.818000078201294,2.818000078201294,100000
2016-02-11,2.7839999198913574,2.8259999752044678,2.740000009536743,2.74399995803833,2.74399995803833,128500
2016-02-12,2.812000036239624,2.868000030517578,2.75,2.8420000076293945,2.8420000076293945,98000
2016-02-16,2.9119999408721924,3.053999900817871,2.9119999408721924,2.950000047683716,2.950000047683716,93000
2016-02-17,3.0239999294281006,3.177999973297119,2.98799991607666,3.118000030517578,3.118000030517578,128500
2016-02-18,3.177999973297119,3.299999952316284,3.135999917984009,3.2820000648498535,3.2820000648498535,136500
2016-02-19,3.23799991607666,3.5439999103546143,3.1040000915527344,3.299999952316284,3.299999952316284,898000
2016-02-22,3.3499999046325684,4.179999828338623,3.3499999046325684,3.7939999103546143,3.7939999103546143,935000
2016-02-23,3.6500000953674316,3.799999952316284,3.552000045776367,3.5980000495910645,3.5980000495910645,472500
2016-02-24,3.5,3.8580000400543213,3.2939999103546143,3.746000051498413,3.746000051498413,295000
2016-02-25,3.7279999256134033,3.7279999256134033,3.378000020980835,3.7200000286102295,3.7200000286102295,637000
2016-02-26,3.757999897003174,3.822000026702881,3.7360000610351562,3.7939999103546143,3.7939999103546143,101500
2016-02-29,3.874000072479248,3.874000072479248,3.614000082015991,3.687999963760376,3.687999963760376,154000
2016-03-01,3.742000102996826,3.809999942779541,3.6500000953674316,3.808000087738037,3.808000087738037,109500
2016-03-02,3.740000009536743,3.9000000953674316,3.7339999675750732,3.7799999713897705,3.7799999713897705,560000
2016-03-03,3.753999948501587,3.874000072479248,3.6500000953674316,3.7239999771118164,3.7239999771118164,239000
2016-03-04,3.7239999771118164,3.880000114440918,3.6419999599456787,3.802000045776367,3.802000045776367,340000
2016-03-07,3.759999990463257,3.875999927520752,3.75600004196167,3.7899999618530273,3.7899999618530273,105000
2016-03-08,3.7639999389648438,3.8499999046325684,3.7300000190734863,3.7760000228881836,3.7760000228881836,61500
2016-03-09,3.8320000171661377,3.875999927520752,3.742000102996826,3.8399999141693115,3.8399999141693115,98000
2016-03-10,3.8940000534057617,3.8940000534057617,3.7739999294281006,3.8499999046325684,3.8499999046325684,54000
2016-03-11,3.871999979019165,3.875999927520752,3.7219998836517334,3.808000087738037,3.808000087738037,127000
2016-03-14,3.815999984741211,3.815999984741211,3.75,3.809999942779541,3.809999942779541,47500
2016-03-15,3.7799999713897705,3.7820000648498535,3.686000108718872,3.75,3.75,49500
2016-03-16,3.7639999389648438,3.7639999389648438,3.6659998893737793,3.700000047683716,3.700000047683716,170500
2016-03-17,3.684000015258789,3.747999906539917,3.6579999923706055,3.6700000762939453,3.6700000762939453,252500
2016-03-18,3.690000057220459,3.7160000801086426,3.4579999446868896,3.559999942779541,3.559999942779541,794500
2016-03-21,3.5,3.5360000133514404,3.4000000953674316,3.509999990463257,3.509999990463257,205500
2016-03-22,3.4679999351501465,3.6600000858306885,3.4019999504089355,3.631999969482422,3.631999969482422,534500
2016-03-23,3.558000087738037,3.5940001010894775,3.4079999923706055,3.5179998874664307,3.5179998874664307,342000
2016-03-24,3.6440000534057617,3.75,3.450000047683716,3.5179998874664307,3.5179998874664307,463500
2016-03-28,3.5959999561309814,3.5959999561309814,3.302000045776367,3.380000114440918,3.380000114440918,374000
2016-03-29,3.3540000915527344,3.4159998893737793,3.2060000896453857,3.359999895095825,3.359999895095825,241500
2016-03-30,3.388000011444092,3.671999931335449,3.378000020980835,3.628000020980835,3.628000020980835,349500
2016-03-31,3.628000020980835,3.799999952316284,3.628000020980835,3.7219998836517334,3.7219998836517334,353500
2016-04-01,3.757999897003174,3.799999952316284,3.569999933242798,3.7200000286102295,3.7200000286102295,226500
2016-04-04,3.799999952316284,3.871999979019165,3.7219998836517334,3.7860000133514404,3.7860000133514404,510500
2016-04-05,3.7279999256134033,3.799999952316284,3.6679999828338623,3.740000009536743,3.740000009536743,204500
2016-04-06,3.75600004196167,3.8259999752044678,3.7300000190734863,3.7839999198913574,3.7839999198913574,428000
2016-04-07,3.7799999713897705,3.8259999752044678,3.74399995803833,3.808000087738037,3.808000087738037,123500
2016-04-08,3.865999937057495,3.865999937057495,3.6679999828338623,3.805999994277954,3.805999994277954,193000
2016-04-11,3.8959999084472656,3.8959999084472656,3.74399995803833,3.7899999618530273,3.7899999618530273,294500
2016-04-12,3.7699999809265137,3.880000114440918,3.6619999408721924,3.874000072479248,3.874000072479248,333000
2016-04-13,3.874000072479248,4.360000133514404,3.8380000591278076,4.205999851226807,4.205999851226807,2079000
2016-04-14,4.27400016784668,4.800000190734863,4.214000225067139,4.800000190734863,4.800000190734863,1409000
2016-04-15,4.800000190734863,4.828000068664551,4.423999786376953,4.593999862670898,4.593999862670898,487500
2016-04-18,4.693999767303467,5.1020002365112305,4.607999801635742,5.078000068664551,5.078000068664551,1080000
2016-04-19,5.1620001792907715,5.196000099182129,4.800000190734863,5.052000045776367,5.052000045776367,695500
2016-04-20,5.03000020980835,5.150000095367432,4.958000183105469,5.099999904632568,5.099999904632568,494000
2016-04-21,5.177999973297119,5.269999980926514,5.1020002365112305,5.173999786376953,5.173999786376953,415000
2016-04-22,5.173999786376953,5.269999980926514,5.124000072479248,5.214000225067139,5.214000225067139,415000
2016-04-25,5.099999904632568,5.099999904632568,4.696000099182129,4.802000045776367,4.802000045776367,468500
2016-04-26,4.803999900817871,5.104000091552734,4.800000190734863,5.007999897003174,5.007999897003174,272000
2016-04-27,4.97599983215332,5.297999858856201,4.927999973297119,5.193999767303467,5.193999767303467,535500
2016-04-28,5.208000183105469,5.3979997634887695,5.208000183105469,5.389999866485596,5.389999866485596,243000
2016-04-29,5.389999866485596,5.489999771118164,5.136000156402588,5.190000057220459,5.190000057220459,506500
2016-05-02,5.1479997634887695,5.1579999923706055,4.78000020980835,4.932000160217285,4.932000160217285,305000
2016-05-03,4.943999767303467,4.9720001220703125,4.889999866485596,4.938000202178955,4.938000202178955,283000
2016-05-04,4.921999931335449,4.989999771118164,4.826000213623047,4.929999828338623,4.929999828338623,222500
2016-05-05,5.019999980926514,5.202000141143799,4.98799991607666,5.1579999923706055,5.1579999923706055,352500
2016-05-06,5.122000217437744,5.177999973297119,4.964000225067139,5.076000213623047,5.076000213623047,288000
2016-05-09,5.099999904632568,5.118000030517578,4.938000202178955,4.949999809265137,4.949999809265137,393500
2016-05-10,4.98799991607666,5.039999961853027,4.50600004196167,5.01200008392334,5.01200008392334,419000
2016-05-11,4.932000160217285,5.328000068664551,4.932000160217285,5.2820000648498535,5.2820000648498535,534000
2016-05-12,5.329999923706055,5.329999923706055,5.165999889373779,5.205999851226807,5.205999851226807,297500
2016-05-13,5.248000144958496,5.248000144958496,4.803999900817871,4.863999843597412,4.863999843597412,380000
2016-05-16,4.872000217437744,5.171999931335449,4.872000217437744,5.107999801635742,5.107999801635742,226500
2016-05-17,5.056000232696533,5.056000232696533,4.866000175476074,4.9039998054504395,4.9039998054504395,267000
2016-05-18,4.860000133514404,4.960000038146973,4.771999835968018,4.900000095367432,4.900000095367432,232000
2016-05-19,4.869999885559082,4.869999885559082,4.697999954223633,4.77400016784668,4.77400016784668,433500
2016-05-20,4.888000011444092,4.938000202178955,4.7820000648498535,4.860000133514404,4.860000133514404,154500
2016-05-23,4.8979997634887695,5.216000080108643,4.8979997634887695,5.0960001945495605,5.0960001945495605,989500
2016-05-24,5.139999866485596,5.28000020980835,5.139999866485596,5.234000205993652,5.234000205993652,256000
2016-05-25,5.271999835968018,5.328000068664551,5.208000183105469,5.223999977111816,5.223999977111816,278500
2016-05-26,5.25,5.25,4.958000183105469,4.995999813079834,4.995999813079834,279500
2016-05-27,4.98199987411499,5.0320000648498535,4.803999900817871,4.938000202178955,4.938000202178955,336000
2016-05-31,4.9679999351501465,5.182000160217285,4.926000118255615,4.973999977111816,4.973999977111816,188500
2016-06-01,4.9679999351501465,5.010000228881836,4.814000129699707,4.9039998054504395,4.9039998054504395,92000
2016-06-02,4.9039998054504395,4.9039998054504395,4.803999900817871,4.803999900817871,4.803999900817871,96000
2016-06-03,4.800000190734863,4.802000045776367,4.501999855041504,4.546000003814697,4.546000003814697,506000
2016-06-06,4.6479997634887695,4.6579999923706055,4.415999889373779,4.495999813079834,4.495999813079834,509500
2016-06-07,4.526000022888184,4.892000198364258,4.526000022888184,4.8420000076293945,4.8420000076293945,414500
2016-06-08,4.866000175476074,4.998000144958496,4.866000175476074,4.955999851226807,4.955999851226807,379500
2016-06-09,4.955999851226807,4.955999851226807,4.624000072479248,4.796000003814697,4.796000003814697,336500
2016-06-10,4.754000186920166,4.754000186920166,4.599999904632568,4.599999904632568,4.599999904632568,265500
2016-06-13,4.567999839782715,4.599999904632568,4.340000152587891,4.418000221252441,4.418000221252441,502000
2016-06-14,4.360000133514404,4.578000068664551,4.176000118255615,4.317999839782715,4.317999839782715,418500
2016-06-15,4.317999839782715,4.546000003814697,4.260000228881836,4.335999965667725,4.335999965667725,289000
2016-06-16,4.323999881744385,4.389999866485596,4.196000099182129,4.260000228881836,4.260000228881836,303500
2016-06-17,4.28000020980835,4.4079999923706055,3.992000102996826,4.0,4.0,494500
2016-06-20,4.199999809265137,4.22599983215332,4.061999797821045,4.1020002365112305,4.1020002365112305,325000
2016-06-21,4.072000026702881,4.142000198364258,3.99399995803833,4.010000228881836,4.010000228881836,301500
2016-06-22,4.059999942779541,4.111999988555908,4.0,4.03000020980835,4.03000020980835,74500
2016-06-23,4.073999881744385,4.260000228881836,4.0279998779296875,4.21999979019165,4.21999979019165,190000
2016-06-24,4.010000228881836,4.309999942779541,4.010000228881836,4.21999979019165,4.21999979019165,309000
2016-06-27,4.211999893188477,4.420000076293945,4.050000190734863,4.340000152587891,4.340000152587891,517500
2016-06-28,4.486000061035156,4.728000164031982,4.429999828338623,4.5960001945495605,4.5960001945495605,526500
2016-06-29,4.633999824523926,4.742000102996826,4.145999908447266,4.3460001945495605,4.3460001945495605,1288500
2016-06-30,4.394000053405762,4.559999942779541,4.23199987411499,4.513999938964844,4.513999938964844,214500
2016-07-01,4.452000141143799,4.714000225067139,4.440000057220459,4.638000011444092,4.638000011444092,390000
2016-07-05,4.510000228881836,4.607999801635742,4.406000137329102,4.590000152587891,4.590000152587891,361000
2016-07-06,4.593999862670898,4.791999816894531,4.449999809265137,4.668000221252441,4.668000221252441,295000
2016-07-07,4.730000019073486,4.739999771118164,4.51800012588501,4.550000190734863,4.550000190734863,87500
2016-07-08,4.650000095367432,4.7220001220703125,4.559999942779541,4.665999889373779,4.665999889373779,63500
2016-07-11,4.72599983215332,4.835999965667725,4.682000160217285,4.705999851226807,4.705999851226807,341000
2016-07-12,4.794000148773193,4.796000003814697,4.607999801635742,4.642000198364258,4.642000198364258,343000
2016-07-13,4.696000099182129,4.708000183105469,4.504000186920166,4.570000171661377,4.570000171661377,152000
2016-07-14,4.576000213623047,4.5980000495910645,4.25600004196167,4.366000175476074,4.366000175476074,250500
2016-07-15,4.392000198364258,4.453999996185303,4.165999889373779,4.3979997634887695,4.3979997634887695,157500
2016-07-18,4.400000095367432,4.541999816894531,4.311999797821045,4.4039998054504395,4.4039998054504395,197000
2016-07-19,4.4120001792907715,4.46999979019165,4.315999984741211,4.4019999504089355,4.4019999504089355,151500
2016-07-20,4.394000053405762,4.48799991607666,4.361999988555908,4.386000156402588,4.386000156402588,96000
2016-07-21,4.375999927520752,4.521999835968018,4.375999927520752,4.440000057220459,4.440000057220459,117500
2016-07-22,4.414000034332275,4.5320000648498535,4.409999847412109,4.447999954223633,4.447999954223633,80000
2016-07-25,4.427999973297119,4.478000164031982,4.395999908447266,4.440000057220459,4.440000057220459,40000
2016-07-26,4.461999893188477,4.498000144958496,4.355999946594238,4.375999927520752,4.375999927520752,174500
2016-07-27,4.421999931335449,4.593999862670898,4.291999816894531,4.389999866485596,4.389999866485596,256500
2016-07-28,4.355999946594238,4.484000205993652,4.323999881744385,4.374000072479248,4.374000072479248,117500
2016-07-29,4.361999988555908,4.664000034332275,4.361999988555908,4.572000026702881,4.572000026702881,256000
2016-08-01,4.573999881744385,4.748000144958496,4.541999816894531,4.579999923706055,4.579999923706055,164000
2016-08-02,4.605999946594238,4.889999866485596,4.605999946594238,4.796000003814697,4.796000003814697,557500
2016-08-03,4.791999816894531,5.150000095367432,4.703999996185303,5.090000152587891,5.090000152587891,1160500
2016-08-04,5.076000213623047,5.182000160217285,4.849999904632568,4.881999969482422,4.881999969482422,121500
2016-08-05,4.918000221252441,5.125999927520752,4.895999908447266,4.926000118255615,4.926000118255615,242000
2016-08-08,5.001999855041504,5.24399995803833,5.001999855041504,5.1620001792907715,5.1620001792907715,1003500
2016-08-09,5.400000095367432,5.519999980926514,4.48199987411499,4.960000038146973,4.960000038146973,1244500
2016-08-10,4.776000022888184,5.144000053405762,4.619999885559082,5.050000190734863,5.050000190734863,509000
2016-08-11,5.019999980926514,5.046000003814697,4.5320000648498535,4.630000114440918,4.630000114440918,1130500
2016-08-12,4.636000156402588,4.751999855041504,4.599999904632568,4.679999828338623,4.679999828338623,363500
2016-08-15,4.745999813079834,4.915999889373779,4.684000015258789,4.699999809265137,4.699999809265137,162500
2016-08-16,4.728000164031982,4.728000164031982,4.553999900817871,4.639999866485596,4.639999866485596,272000
2016-08-17,4.638000011444092,4.8460001945495605,4.559999942779541,4.791999816894531,4.791999816894531,296500
2016-08-18,4.806000232696533,4.953999996185303,4.751999855041504,4.909999847412109,4.909999847412109,210500
2016-08-19,4.9120001792907715,4.949999809265137,4.802000045776367,4.877999782562256,4.877999782562256,210000
2016-08-22,4.880000114440918,4.9720001220703125,4.843999862670898,4.953999996185303,4.953999996185303,880000
2016-08-23,4.923999786376953,5.046000003814697,4.900000095367432,4.9679999351501465,4.9679999351501465,185500
2016-08-24,4.952000141143799,4.978000164031982,4.854000091552734,4.918000221252441,4.918000221252441,145500
2016-08-25,4.860000133514404,4.966000080108643,4.75600004196167,4.886000156402588,4.886000156402588,183000
2016-08-26,4.861999988555908,4.938000202178955,4.849999904632568,4.927999973297119,4.927999973297119,101000
2016-08-29,4.96999979019165,4.98799991607666,4.918000221252441,4.941999912261963,4.941999912261963,89500
2016-08-30,4.940000057220459,4.978000164031982,4.915999889373779,4.935999870300293,4.935999870300293,96500
2016-08-31,4.843999862670898,4.894000053405762,4.73199987411499,4.811999797821045,4.811999797821045,190500
2016-09-01,4.808000087738037,4.920000076293945,4.808000087738037,4.868000030517578,4.868000030517578,129500
2016-09-02,4.8460001945495605,4.97599983215332,4.826000213623047,4.973999977111816,4.973999977111816,356000
2016-09-06,4.935999870300293,5.0,4.815999984741211,4.9720001220703125,4.9720001220703125,378000
2016-09-07,4.952000141143799,4.96999979019165,4.834000110626221,4.915999889373779,4.915999889373779,274500
2016-09-08,4.877999782562256,5.138000011444092,4.730000019073486,5.026000022888184,5.026000022888184,1999000
2016-09-09,5.052000045776367,5.116000175476074,4.875999927520752,4.973999977111816,4.973999977111816,689500
2016-09-12,5.019999980926514,5.1519999504089355,4.973999977111816,5.0879998207092285,5.0879998207092285,383500
2016-09-13,5.046000003814697,5.131999969482422,4.855999946594238,4.895999908447266,4.895999908447266,812500
2016-09-14,4.894000053405762,4.918000221252441,4.605999946594238,4.723999977111816,4.723999977111816,960000
2016-09-15,4.785999774932861,4.860000133514404,4.599999904632568,4.599999904632568,4.599999904632568,617000
2016-09-16,4.570000171661377,4.570000171661377,4.361999988555908,4.420000076293945,4.420000076293945,552000
2016-09-19,4.420000076293945,4.420000076293945,4.033999919891357,4.070000171661377,4.070000171661377,789000
2016-09-20,4.059999942779541,4.118000030517578,3.9700000286102295,3.9860000610351562,3.9860000610351562,226000
2016-09-21,3.9579999446868896,4.111999988555908,3.822000026702881,3.9779999256134033,3.9779999256134033,658500
2016-09-22,3.98799991607666,4.111999988555908,3.9579999446868896,4.041999816894531,4.041999816894531,273500
2016-09-23,4.044000148773193,4.214000225067139,4.001999855041504,4.185999870300293,4.185999870300293,284500
2016-09-26,4.179999828338623,4.334000110626221,4.139999866485596,4.188000202178955,4.188000202178955,461500
2016-09-27,4.1620001792907715,4.420000076293945,4.144000053405762,4.355999946594238,4.355999946594238,427000
2016-09-28,4.357999801635742,4.564000129699707,4.357999801635742,4.48199987411499,4.48199987411499,741500
2016-09-29,4.455999851226807,4.4720001220703125,4.199999809265137,4.23799991607666,4.23799991607666,379500
2016-09-30,4.191999912261963,4.303999900817871,4.191999912261963,4.239999771118164,4.239999771118164,293500
2016-10-03,4.25,4.349999904632568,4.205999851226807,4.328000068664551,4.328000068664551,168500
2016-10-04,4.328000068664551,4.328000068664551,4.085999965667725,4.090000152587891,4.090000152587891,110500
2016-10-05,4.144000053405762,4.368000030517578,4.130000114440918,4.289999961853027,4.289999961853027,230000
2016-10-06,4.349999904632568,4.8379998207092285,4.349999904632568,4.489999771118164,4.489999771118164,2755500
2016-10-07,4.48199987411499,4.869999885559082,4.48199987411499,4.5980000495910645,4.5980000495910645,807500
2016-10-10,4.6479997634887695,4.671999931335449,4.453999996185303,4.618000030517578,4.618000030517578,779500
2016-10-11,4.593999862670898,4.593999862670898,4.48199987411499,4.5279998779296875,4.5279998779296875,152500
2016-10-12,4.53000020980835,4.656000137329102,4.426000118255615,4.452000141143799,4.452000141143799,346000
2016-10-13,4.369999885559082,4.8420000076293945,4.2820000648498535,4.691999912261963,4.691999912261963,1258500
2016-10-14,4.685999870300293,4.714000225067139,4.515999794006348,4.526000022888184,4.526000022888184,516000
2016-10-17,4.513999938964844,4.665999889373779,4.5,4.630000114440918,4.630000114440918,225500
2016-10-18,4.627999782562256,4.673999786376953,4.539999961853027,4.624000072479248,4.624000072479248,243000
2016-10-19,4.6020002365112305,4.7179999351501465,4.6020002365112305,4.693999767303467,4.693999767303467,323000
2016-10-20,4.664000034332275,4.802000045776367,4.664000034332275,4.760000228881836,4.760000228881836,149500
2016-10-21,4.7179999351501465,4.783999919891357,4.664000034332275,4.679999828338623,4.679999828338623,246000
2016-10-24,4.659999847412109,4.760000228881836,4.593999862670898,4.711999893188477,4.711999893188477,226500
2016-10-25,4.688000202178955,4.7220001220703125,4.605999946594238,4.684000015258789,4.684000015258789,159500
2016-10-26,4.622000217437744,4.823999881744385,4.622000217437744,4.697999954223633,4.697999954223633,221500
2016-10-27,4.699999809265137,4.800000190734863,4.610000133514404,4.691999912261963,4.691999912261963,760000
2016-10-28,4.685999870300293,4.74399995803833,4.625999927520752,4.6539998054504395,4.6539998054504395,150000
2016-10-31,4.625999927520752,4.696000099182129,4.51200008392334,4.521999835968018,4.521999835968018,408000
2016-11-01,4.558000087738037,4.599999904632568,4.363999843597412,4.533999919891357,4.533999919891357,398500
2016-11-02,4.513999938964844,4.728000164031982,4.504000186920166,4.699999809265137,4.699999809265137,116000
2016-11-03,4.659999847412109,4.73799991607666,4.659999847412109,4.670000076293945,4.670000076293945,358000
2016-11-04,4.6579999923706055,4.734000205993652,4.631999969482422,4.645999908447266,4.645999908447266,120000
2016-11-07,4.736000061035156,4.806000232696533,4.671999931335449,4.684000015258789,4.684000015258789,370500
2016-11-08,4.711999893188477,4.734000205993652,4.6479997634887695,4.6479997634887695,4.6479997634887695,94000
2016-11-09,4.489999771118164,4.745999813079834,4.427999973297119,4.6539998054504395,4.6539998054504395,279500
2016-11-10,4.676000118255615,4.688000202178955,4.458000183105469,4.461999893188477,4.461999893188477,268000
2016-11-11,4.489999771118164,4.6020002365112305,4.440000057220459,4.466000080108643,4.466000080108643,211500
2016-11-14,4.435999870300293,4.507999897003174,4.377999782562256,4.377999782562256,4.377999782562256,219500
2016-11-15,4.383999824523926,4.6539998054504395,4.383999824523926,4.605999946594238,4.605999946594238,238000
2016-11-16,4.627999782562256,4.627999782562256,4.541999816894531,4.573999881744385,4.573999881744385,130500
2016-11-17,4.561999797821045,4.664000034332275,4.498000144958496,4.526000022888184,4.526000022888184,292500
2016-11-18,4.526000022888184,4.526000022888184,4.1620001792907715,4.271999835968018,4.271999835968018,437000
2016-11-21,4.199999809265137,4.199999809265137,3.992000102996826,4.139999866485596,4.139999866485596,515000
2016-11-22,4.159999847412109,4.230000019073486,4.124000072479248,4.230000019073486,4.230000019073486,238000
2016-11-23,4.199999809265137,4.357999801635742,4.124000072479248,4.329999923706055,4.329999923706055,503500
2016-11-25,4.329999923706055,4.375999927520752,4.23799991607666,4.372000217437744,4.372000217437744,129500
2016-11-28,4.392000198364258,4.392000198364258,4.00600004196167,4.076000213623047,4.076000213623047,539500
2016-11-29,4.104000091552734,4.104000091552734,3.9040000438690186,4.004000186920166,4.004000186920166,468000
2016-11-30,4.059999942779541,4.078000068664551,3.98799991607666,4.039999961853027,4.039999961853027,252500
2016-12-01,4.078000068664551,4.23799991607666,3.885999917984009,3.992000102996826,3.992000102996826,396500
2016-12-02,4.001999855041504,4.065999984741211,3.940000057220459,3.9839999675750732,3.9839999675750732,273500
2016-12-05,4.004000186920166,4.079999923706055,3.9619998931884766,3.9839999675750732,3.9839999675750732,411500
2016-12-06,3.9679999351501465,3.9779999256134033,3.9019999504089355,3.946000099182129,3.946000099182129,187500
2016-12-07,3.946000099182129,4.291999816894531,3.934000015258789,4.25,4.25,456000
2016-12-08,4.289999961853027,4.289999961853027,4.113999843597412,4.245999813079834,4.245999813079834,716500
2016-12-09,4.245999813079834,4.285999774932861,4.184000015258789,4.234000205993652,4.234000205993652,152500
2016-12-12,4.190000057220459,4.248000144958496,4.052000045776367,4.1579999923706055,4.1579999923706055,268000
2016-12-13,4.205999851226807,4.288000106811523,4.064000129699707,4.25,4.25,346000
2016-12-14,4.236000061035156,4.25600004196167,4.168000221252441,4.193999767303467,4.193999767303467,253000
2016-12-15,4.188000202178955,4.208000183105469,4.004000186920166,4.081999778747559,4.081999778747559,278000
2016-12-16,4.110000133514404,4.234000205993652,4.070000171661377,4.142000198364258,4.142000198364258,566000
2016-12-19,4.170000076293945,4.182000160217285,4.104000091552734,4.170000076293945,4.170000076293945,151000
2016-12-20,4.1539998054504395,4.366000175476074,4.1539998054504395,4.26200008392334,4.26200008392334,377000
2016-12-21,4.230000019073486,4.340000152587891,4.230000019073486,4.254000186920166,4.254000186920166,126000
2016-12-22,4.21999979019165,4.234000205993652,4.052000045776367,4.177999973297119,4.177999973297119,263500
2016-12-23,4.139999866485596,4.254000186920166,3.997999906539917,4.099999904632568,4.099999904632568,350000
2016-12-27,4.099999904632568,4.245999813079834,3.9000000953674316,3.9800000190734863,3.9800000190734863,657000
2016-12-28,3.936000108718872,4.015999794006348,3.9000000953674316,3.934000015258789,3.934000015258789,214500
2016-12-29,3.9059998989105225,3.9820001125335693,3.8959999084472656,3.9200000762939453,3.9200000762939453,263000
2016-12-30,3.9040000438690186,3.9200000762939453,3.8540000915527344,3.859999895095825,3.859999895095825,128500
2017-01-03,3.936000108718872,4.0,3.9019999504089355,3.9700000286102295,3.9700000286102295,392500
2017-01-04,4.0,4.0,3.9519999027252197,3.9519999027252197,3.9519999027252197,358500
2017-01-05,3.9839999675750732,4.050000190734863,3.9140000343322754,4.044000148773193,4.044000148773193,402500
2017-01-06,4.044000148773193,4.093999862670898,3.99399995803833,4.093999862670898,4.093999862670898,183500
2017-01-09,4.059999942779541,4.156000137329102,4.059999942779541,4.122000217437744,4.122000217437744,189000
2017-01-10,4.119999885559082,4.1479997634887695,4.1020002365112305,4.124000072479248,4.124000072479248,83500
2017-01-11,4.1020002365112305,4.269999980926514,4.1020002365112305,4.228000164031982,4.228000164031982,260500
2017-01-12,4.21999979019165,4.251999855041504,4.124000072479248,4.251999855041504,4.251999855041504,74000
2017-01-13,4.248000144958496,4.271999835968018,4.1539998054504395,4.265999794006348,4.265999794006348,309000
2017-01-17,4.2820000648498535,4.624000072479248,4.26200008392334,4.567999839782715,4.567999839782715,468000
2017-01-18,4.49399995803833,4.593999862670898,4.447999954223633,4.567999839782715,4.567999839782715,403500
2017-01-19,4.5320000648498535,4.599999904632568,4.464000225067139,4.590000152587891,4.590000152587891,155500
2017-01-20,4.599999904632568,4.656000137329102,4.564000129699707,4.656000137329102,4.656000137329102,210000
2017-01-23,4.599999904632568,4.622000217437744,4.544000148773193,4.622000217437744,4.622000217437744,112000
2017-01-24,4.585999965667725,4.605999946594238,4.449999809265137,4.579999923706055,4.579999923706055,243000
2017-01-25,4.552000045776367,4.676000118255615,4.552000045776367,4.671999931335449,4.671999931335449,146500
2017-01-26,4.670000076293945,4.691999912261963,4.638000011444092,4.6539998054504395,4.6539998054504395,117000
2017-01-27,5.0,5.230000019073486,4.889999866485596,5.010000228881836,5.010000228881836,826500
2017-01-30,5.019999980926514,5.1020002365112305,4.763999938964844,4.8379998207092285,4.8379998207092285,269000
2017-01-31,4.875999927520752,4.932000160217285,4.711999893188477,4.883999824523926,4.883999824523926,237000
2017-02-01,4.952000141143799,5.0,4.849999904632568,4.960000038146973,4.960000038146973,239500
2017-02-02,4.926000118255615,4.943999767303467,4.843999862670898,4.9019999504089355,4.9019999504089355,72500
2017-02-03,4.926000118255615,4.926000118255615,4.860000133514404,4.9019999504089355,4.9019999504089355,137000
2017-02-06,4.9019999504089355,4.9019999504089355,4.676000118255615,4.809999942779541,4.809999942779541,131000
2017-02-07,4.863999843597412,4.863999843597412,4.426000118255615,4.49399995803833,4.49399995803833,365500
2017-02-08,4.521999835968018,4.699999809265137,4.400000095367432,4.699999809265137,4.699999809265137,383000
2017-02-09,4.739999771118164,4.789999961853027,4.6620001792907715,4.723999977111816,4.723999977111816,466500
2017-02-10,4.699999809265137,4.710000038146973,4.604000091552734,4.699999809265137,4.699999809265137,465000
2017-02-13,4.699999809265137,4.797999858856201,4.677999973297119,4.699999809265137,4.699999809265137,416500
2017-02-14,4.697999954223633,4.802000045776367,4.676000118255615,4.763999938964844,4.763999938964844,186000
2017-02-15,4.76200008392334,5.099999904632568,4.73199987411499,5.078000068664551,5.078000068664551,877000
2017-02-16,5.050000190734863,5.059999942779541,4.806000232696533,5.0,5.0,405500
2017-02-17,4.995999813079834,5.081999778747559,4.940000057220459,5.013999938964844,5.013999938964844,202500
2017-02-21,5.047999858856201,5.257999897003174,5.015999794006348,5.236000061035156,5.236000061035156,723000
2017-02-22,5.210000038146973,5.426000118255615,5.150000095367432,5.389999866485596,5.389999866485596,934500
2017-02-23,5.418000221252441,5.418000221252441,5.156000137329102,5.24399995803833,5.24399995803833,432500
2017-02-24,5.228000164031982,5.291999816894531,5.033999919891357,5.1579999923706055,5.1579999923706055,507000
2017-02-27,5.0960001945495605,5.296000003814697,5.0960001945495605,5.125999927520752,5.125999927520752,282500
2017-02-28,5.144000053405762,5.164000034332275,4.883999824523926,4.958000183105469,4.958000183105469,381000
2017-03-01,4.986000061035156,5.139999866485596,4.567999839782715,4.604000091552734,4.604000091552734,906500
2017-03-02,4.556000232696533,4.828000068664551,4.556000232696533,4.690000057220459,4.690000057220459,248500
2017-03-03,4.711999893188477,4.926000118255615,4.697999954223633,4.894000053405762,4.894000053405762,476000
2017-03-06,4.914000034332275,5.131999969482422,4.849999904632568,5.1020002365112305,5.1020002365112305,551500
2017-03-07,4.630000114440918,5.0,4.5,4.788000106811523,4.788000106811523,985000
2017-03-08,4.889999866485596,5.039999961853027,4.5960001945495605,4.664000034332275,4.664000034332275,403500
2017-03-09,4.671999931335449,4.771999835968018,4.650000095367432,4.697999954223633,4.697999954223633,318000
2017-03-10,4.710000038146973,4.789999961853027,4.702000141143799,4.75600004196167,4.75600004196167,146000
2017-03-13,4.800000190734863,4.800000190734863,4.611999988555908,4.630000114440918,4.630000114440918,285500
2017-03-14,4.659999847412109,4.659999847412109,4.486000061035156,4.565999984741211,4.565999984741211,547500
2017-03-15,4.533999919891357,4.6020002365112305,4.458000183105469,4.464000225067139,4.464000225067139,605500
2017-03-16,4.519999980926514,4.6539998054504395,4.519999980926514,4.616000175476074,4.616000175476074,524000
2017-03-17,4.607999801635742,4.607999801635742,4.4039998054504395,4.420000076293945,4.420000076293945,611000
2017-03-20,4.420000076293945,4.501999855041504,4.414000034332275,4.464000225067139,4.464000225067139,457500
2017-03-21,4.443999767303467,4.460000038146973,4.360000133514404,4.389999866485596,4.389999866485596,639500
2017-03-22,4.368000030517578,4.440000057220459,4.308000087738037,4.361999988555908,4.361999988555908,299000
2017-03-23,4.3480000495910645,4.414000034332275,4.289999961853027,4.343999862670898,4.343999862670898,256500
2017-03-24,4.3460001945495605,4.441999912261963,4.311999797821045,4.381999969482422,4.381999969482422,472500
2017-03-27,4.380000114440918,4.440000057220459,4.065999984741211,4.130000114440918,4.130000114440918,1103500
2017-03-28,4.138000011444092,4.23799991607666,4.059999942779541,4.191999912261963,4.191999912261963,434000
2017-03-29,4.188000202178955,4.188000202178955,3.940000057220459,3.9519999027252197,3.9519999027252197,507000
2017-03-30,3.937999963760376,3.997999906539917,3.7200000286102295,3.7839999198913574,3.7839999198913574,794000
2017-03-31,3.759999990463257,3.9179999828338623,3.609999895095825,3.753999948501587,3.753999948501587,1493500
2017-04-03,3.859999895095825,3.9179999828338623,3.6600000858306885,3.747999906539917,3.747999906539917,1205000
2017-04-04,3.7179999351501465,3.7699999809265137,3.6440000534057617,3.7019999027252197,3.7019999027252197,763500
2017-04-05,3.686000108718872,3.874000072479248,3.6619999408721924,3.7739999294281006,3.7739999294281006,656000
2017-04-06,3.7820000648498535,3.9619998931884766,3.7639999389648438,3.930000066757202,3.930000066757202,517500
2017-04-07,3.9240000247955322,4.001999855041504,3.8459999561309814,3.890000104904175,3.890000104904175,449000
2017-04-10,3.874000072479248,4.0920000076293945,3.802000045776367,4.013999938964844,4.013999938964844,586000
2017-04-11,4.019999980926514,4.019999980926514,3.8420000076293945,3.9579999446868896,3.9579999446868896,329500
2017-04-12,3.9619998931884766,3.9619998931884766,3.802000045776367,3.815999984741211,3.815999984741211,304000
2017-04-13,3.819999933242798,3.8519999980926514,3.746000051498413,3.752000093460083,3.752000093460083,184000
2017-04-17,3.73799991607666,3.73799991607666,3.640000104904175,3.6700000762939453,3.6700000762939453,402500
2017-04-18,3.6579999923706055,3.7699999809265137,3.6019999980926514,3.753999948501587,3.753999948501587,270000
2017-04-19,3.7799999713897705,3.8340001106262207,3.7320001125335693,3.7760000228881836,3.7760000228881836,323000
2017-04-20,3.7820000648498535,3.815999984741211,3.7019999027252197,3.7260000705718994,3.7260000705718994,94000
2017-04-21,3.7119998931884766,3.7119998931884766,3.628000020980835,3.6619999408721924,3.6619999408721924,222000
2017-04-24,3.7019999027252197,3.7279999256134033,3.6659998893737793,3.7019999027252197,3.7019999027252197,160500
2017-04-25,3.7019999027252197,3.7200000286102295,3.6500000953674316,3.696000099182129,3.696000099182129,202500
2017-04-26,3.7019999027252197,3.9200000762939453,3.7019999027252197,3.757999897003174,3.757999897003174,454500
2017-04-27,3.742000102996826,3.746000051498413,3.611999988555908,3.7139999866485596,3.7139999866485596,298000
2017-04-28,3.73799991607666,3.759999990463257,3.624000072479248,3.7219998836517334,3.7219998836517334,219000
2017-05-01,3.75,3.9019999504089355,3.7239999771118164,3.7920000553131104,3.7920000553131104,613500
2017-05-02,3.7960000038146973,3.871999979019165,3.7079999446868896,3.747999906539917,3.747999906539917,155500
2017-05-03,3.7339999675750732,3.7679998874664307,3.6459999084472656,3.7679998874664307,3.7679998874664307,148500
2017-05-04,3.7760000228881836,3.7760000228881836,3.680000066757202,3.7039999961853027,3.7039999961853027,321000
2017-05-05,3.697999954223633,3.7960000038146973,3.677999973297119,3.7799999713897705,3.7799999713897705,138000
2017-05-08,3.8499999046325684,4.0,3.7899999618530273,3.941999912261963,3.941999912261963,460500
2017-05-09,4.360000133514404,4.5320000648498535,4.260000228881836,4.435999870300293,4.435999870300293,2639000
2017-05-10,4.449999809265137,4.794000148773193,4.449999809265137,4.710000038146973,4.710000038146973,1797500
2017-05-11,4.682000160217285,4.849999904632568,4.619999885559082,4.783999919891357,4.783999919891357,978500
2017-05-12,4.78000020980835,4.788000106811523,4.585999965667725,4.6519999504089355,4.6519999504089355,533000
2017-05-15,4.739999771118164,4.800000190734863,4.51200008392334,4.6539998054504395,4.6539998054504395,323000
2017-05-16,4.668000221252441,4.73199987411499,4.51200008392334,4.73199987411499,4.73199987411499,225500
2017-05-17,4.682000160217285,4.682000160217285,4.440000057220459,4.464000225067139,4.464000225067139,388000
2017-05-18,4.449999809265137,4.489999771118164,4.409999847412109,4.409999847412109,4.409999847412109,312500
2017-05-19,4.435999870300293,4.5320000648498535,4.360000133514404,4.507999897003174,4.507999897003174,184000
2017-05-22,4.507999897003174,4.682000160217285,4.507999897003174,4.659999847412109,4.659999847412109,198500
2017-05-23,4.684000015258789,4.745999813079834,4.546000003814697,4.607999801635742,4.607999801635742,126000
2017-05-24,4.619999885559082,4.619999885559082,4.567999839782715,4.604000091552734,4.604000091552734,98500
2017-05-25,4.625999927520752,4.625999927520752,4.510000228881836,4.550000190734863,4.550000190734863,162500
2017-05-26,4.53000020980835,4.581999778747559,4.426000118255615,4.46999979019165,4.46999979019165,174000
2017-05-30,4.453999996185303,4.504000186920166,4.357999801635742,4.361999988555908,4.361999988555908,295500
2017-05-31,4.3520002365112305,4.388000011444092,4.223999977111816,4.3520002365112305,4.3520002365112305,480500
2017-06-01,4.3480000495910645,4.434000015258789,4.205999851226807,4.317999839782715,4.317999839782715,328500
2017-06-02,4.308000087738037,4.363999843597412,4.182000160217285,4.211999893188477,4.211999893188477,412000
2017-06-05,4.164000034332275,4.164000034332275,4.004000186920166,4.044000148773193,4.044000148773193,517000
2017-06-06,3.9860000610351562,4.0960001945495605,3.8380000591278076,4.013999938964844,4.013999938964844,413000
2017-06-07,3.9860000610351562,4.099999904632568,3.921999931335449,4.073999881744385,4.073999881744385,437000
2017-06-08,4.084000110626221,4.300000190734863,3.9660000801086426,4.27400016784668,4.27400016784668,475500
2017-06-09,4.263999938964844,4.276000022888184,3.9560000896453857,3.9860000610351562,3.9860000610351562,534000
2017-06-12,3.9619998931884766,4.073999881744385,3.9000000953674316,3.921999931335449,3.921999931335449,253000
2017-06-13,3.940000057220459,4.2220001220703125,3.940000057220459,4.2220001220703125,4.2220001220703125,255500
2017-06-14,4.199999809265137,4.199999809265137,3.950000047683716,3.9679999351501465,3.9679999351501465,284000
2017-06-15,3.940000057220459,4.00600004196167,3.8499999046325684,3.864000082015991,3.864000082015991,371000
2017-06-16,3.871999979019165,4.039999961853027,3.8499999046325684,3.9600000381469727,3.9600000381469727,588000
2017-06-19,3.9600000381469727,3.9860000610351562,3.799999952316284,3.881999969482422,3.881999969482422,425000
2017-06-20,3.885999917984009,3.9560000896453857,3.805999994277954,3.8559999465942383,3.8559999465942383,274000
2017-06-21,3.8480000495910645,3.936000108718872,3.805999994277954,3.805999994277954,3.805999994277954,326000
2017-06-22,3.8959999084472656,3.9000000953674316,3.828000068664551,3.8580000400543213,3.8580000400543213,468500
2017-06-23,3.8580000400543213,4.111999988555908,3.8420000076293945,4.019999980926514,4.019999980926514,428500
2017-06-26,4.03000020980835,4.079999923706055,3.8959999084472656,3.946000099182129,3.946000099182129,194000
2017-06-27,3.9579999446868896,4.0960001945495605,3.931999921798706,4.01200008392334,4.01200008392334,274500
2017-06-28,4.015999794006348,4.191999912261963,3.9560000896453857,4.1539998054504395,4.1539998054504395,350500
2017-06-29,4.156000137329102,4.171999931335449,4.052000045776367,4.1519999504089355,4.1519999504089355,315500
2017-06-30,4.156000137329102,4.236000061035156,4.004000186920166,4.1519999504089355,4.1519999504089355,233000
2017-07-03,4.184000015258789,4.184000015258789,4.039999961853027,4.050000190734863,4.050000190734863,419000
2017-07-05,4.044000148773193,4.0960001945495605,3.990000009536743,4.0,4.0,115500
2017-07-06,3.9800000190734863,4.139999866485596,3.9200000762939453,3.9539999961853027,3.9539999961853027,347000
2017-07-07,3.9600000381469727,4.099999904632568,3.9600000381469727,4.079999923706055,4.079999923706055,200000
2017-07-10,4.079999923706055,4.171999931335449,3.9860000610351562,4.0,4.0,297500
2017-07-11,4.03000020980835,4.136000156402588,4.03000020980835,4.081999778747559,4.081999778747559,131000
2017-07-12,4.1479997634887695,4.28000020980835,4.1479997634887695,4.179999828338623,4.179999828338623,230000
2017-07-13,4.159999847412109,4.199999809265137,4.085999965667725,4.1020002365112305,4.1020002365112305,102000
2017-07-14,4.113999843597412,4.296000003814697,4.113999843597412,4.28000020980835,4.28000020980835,192000
2017-07-17,4.289999961853027,4.289999961853027,4.111999988555908,4.150000095367432,4.150000095367432,337500
2017-07-18,4.1539998054504395,4.452000141143799,4.125999927520752,4.434000015258789,4.434000015258789,364500
2017-07-19,4.489999771118164,4.75,4.489999771118164,4.742000102996826,4.742000102996826,807000
2017-07-20,4.71999979019165,4.754000186920166,4.599999904632568,4.684000015258789,4.684000015258789,369500
2017-07-21,4.690000057220459,4.757999897003174,4.510000228881836,4.75,4.75,277500
2017-07-24,4.757999897003174,4.929999828338623,4.711999893188477,4.923999786376953,4.923999786376953,596500
2017-07-25,4.973999977111816,5.236000061035156,4.909999847412109,4.966000080108643,4.966000080108643,648000
2017-07-26,5.015999794006348,5.116000175476074,4.921999931335449,5.0,5.0,416000
2017-07-27,5.0279998779296875,5.0960001945495605,4.645999908447266,4.829999923706055,4.829999923706055,544500
2017-07-28,4.869999885559082,5.019999980926514,4.835999965667725,4.874000072479248,4.874000072479248,564000
2017-07-31,4.995999813079834,5.072000026702881,4.921999931335449,5.072000026702881,5.072000026702881,479500
2017-08-01,5.139999866485596,5.139999866485596,4.940000057220459,5.056000232696533,5.056000232696533,363500
2017-08-02,5.059999942779541,5.176000118255615,4.989999771118164,5.053999900817871,5.053999900817871,792500
2017-08-03,5.001999855041504,5.119999885559082,4.96999979019165,5.056000232696533,5.056000232696533,297500
2017-08-04,5.133999824523926,5.550000190734863,5.133999824523926,5.519999980926514,5.519999980926514,1149000
2017-08-07,5.5960001945495605,6.159999847412109,5.5960001945495605,5.869999885559082,5.869999885559082,1869000
2017-08-08,5.375999927520752,5.631999969482422,5.199999809265137,5.2779998779296875,5.2779998779296875,2437000
2017-08-09,5.202000141143799,5.519999980926514,5.202000141143799,5.429999828338623,5.429999828338623,644000
2017-08-10,5.3520002365112305,5.5960001945495605,4.9720001220703125,5.136000156402588,5.136000156402588,1006000
2017-08-11,4.840000152587891,5.2779998779296875,4.840000152587891,5.236000061035156,5.236000061035156,330500
2017-08-14,5.21999979019165,5.389999866485596,5.164000034332275,5.291999816894531,5.291999816894531,430000
2017-08-15,5.329999923706055,5.369999885559082,5.191999912261963,5.314000129699707,5.314000129699707,236000
2017-08-16,5.340000152587891,5.340000152587891,5.052000045776367,5.0920000076293945,5.0920000076293945,419000
2017-08-17,5.084000110626221,5.159999847412109,4.9079999923706055,4.947999954223633,4.947999954223633,388500
2017-08-18,4.961999893188477,5.0920000076293945,4.926000118255615,5.065999984741211,5.065999984741211,453500
2017-08-21,5.052000045776367,5.065999984741211,4.734000205993652,4.800000190734863,4.800000190734863,679500
2017-08-22,4.829999923706055,4.9720001220703125,4.783999919891357,4.868000030517578,4.868000030517578,408000
2017-08-23,4.880000114440918,4.927999973297119,4.809999942779541,4.9019999504089355,4.9019999504089355,209500
2017-08-24,4.900000095367432,5.033999919891357,4.877999782562256,4.989999771118164,4.989999771118164,287500
2017-08-25,5.033999919891357,5.047999858856201,4.96999979019165,5.039999961853027,5.039999961853027,247000
2017-08-28,5.010000228881836,5.067999839782715,4.984000205993652,5.041999816894531,5.041999816894531,262000
2017-08-29,4.9679999351501465,5.0,4.8420000076293945,4.866000175476074,4.866000175476074,281500
2017-08-30,4.9019999504089355,5.047999858856201,4.872000217437744,5.010000228881836,5.010000228881836,265000
2017-08-31,5.047999858856201,5.090000152587891,4.9720001220703125,5.0879998207092285,5.0879998207092285,340000
2017-09-01,5.050000190734863,5.291999816894531,5.033999919891357,5.289999961853027,5.289999961853027,294000
2017-09-05,5.199999809265137,5.285999774932861,5.052000045776367,5.156000137329102,5.156000137329102,517000
2017-09-06,5.122000217437744,5.285999774932861,5.00600004196167,5.251999855041504,5.251999855041504,399000
2017-09-07,5.234000205993652,5.328000068664551,5.210000038146973,5.303999900817871,5.303999900817871,342500
2017-09-08,5.2779998779296875,5.343999862670898,5.23199987411499,5.311999797821045,5.311999797821045,380000
2017-09-11,5.3480000495910645,5.420000076293945,5.335999965667725,5.4019999504089355,5.4019999504089355,501000
2017-09-12,5.414000034332275,5.427999973297119,5.165999889373779,5.21999979019165,5.21999979019165,234500
2017-09-13,5.23199987411499,5.3480000495910645,5.168000221252441,5.191999912261963,5.191999912261963,237500
2017-09-14,5.2220001220703125,5.357999801635742,5.2220001220703125,5.323999881744385,5.323999881744385,465000
2017-09-15,5.360000133514404,5.900000095367432,5.360000133514404,5.630000114440918,5.630000114440918,1608000
2017-09-18,5.796000003814697,5.952000141143799,5.639999866485596,5.74399995803833,5.74399995803833,999500
2017-09-19,5.820000171661377,5.915999889373779,5.796000003814697,5.883999824523926,5.883999824523926,700000
2017-09-20,5.900000095367432,5.900000095367432,5.578000068664551,5.644000053405762,5.644000053405762,494000
2017-09-21,5.611999988555908,5.611999988555908,5.440000057220459,5.593999862670898,5.593999862670898,522000
2017-09-22,5.585999965667725,5.739999771118164,5.455999851226807,5.668000221252441,5.668000221252441,291500
2017-09-25,5.671999931335449,5.771999835968018,5.415999889373779,5.492000102996826,5.492000102996826,538000
2017-09-26,5.510000228881836,5.572000026702881,5.4720001220703125,5.521999835968018,5.521999835968018,180000
2017-09-27,5.567999839782715,5.800000190734863,5.52400016784668,5.699999809265137,5.699999809265137,762500
2017-09-28,5.723999977111816,5.900000095367432,5.723999977111816,5.8979997634887695,5.8979997634887695,844000
2017-09-29,5.886000156402588,5.929999828338623,5.690000057220459,5.803999900817871,5.803999900817871,384000
2017-10-02,5.868000030517578,5.920000076293945,5.7179999351501465,5.776000022888184,5.776000022888184,389500
2017-10-03,5.808000087738037,6.144000053405762,5.791999816894531,6.076000213623047,6.076000213623047,1057500
2017-10-04,6.079999923706055,6.133999824523926,5.880000114440918,5.98799991607666,5.98799991607666,471000
2017-10-05,6.050000190734863,6.1479997634887695,5.973999977111816,6.125999927520752,6.125999927520752,678500
2017-10-06,6.019999980926514,6.1519999504089355,6.019999980926514,6.084000110626221,6.084000110626221,369500
2017-10-09,6.122000217437744,6.400000095367432,6.065999984741211,6.386000156402588,6.386000156402588,828000
2017-10-10,6.4679999351501465,6.927999973297119,6.389999866485596,6.875999927520752,6.875999927520752,1603500
2017-10-11,6.803999900817871,6.815999984741211,6.453999996185303,6.519999980926514,6.519999980926514,797500
2017-10-12,6.561999797821045,6.754000186920166,6.452000141143799,6.519999980926514,6.519999980926514,459000
2017-10-13,6.546000003814697,6.624000072479248,6.501999855041504,6.5960001945495605,6.5960001945495605,422500
2017-10-16,6.633999824523926,6.633999824523926,6.300000190734863,6.349999904632568,6.349999904632568,659500
2017-10-17,6.289999961853027,6.291999816894531,6.041999816894531,6.0920000076293945,6.0920000076293945,1182500
2017-10-18,6.139999866485596,6.355999946594238,6.104000091552734,6.3379998207092285,6.3379998207092285,437000
2017-10-19,6.297999858856201,6.547999858856201,6.199999809265137,6.539999961853027,6.539999961853027,800500
2017-10-20,6.618000030517578,7.400000095367432,6.618000030517578,7.389999866485596,7.389999866485596,1678500
2017-10-23,7.48199987411499,7.5,7.199999809265137,7.214000225067139,7.214000225067139,542000
2017-10-24,7.199999809265137,7.466000080108643,7.164000034332275,7.374000072479248,7.374000072479248,717000
2017-10-25,7.3520002365112305,7.547999858856201,7.122000217437744,7.182000160217285,7.182000160217285,514500
2017-10-26,7.171999931335449,7.23799991607666,7.073999881744385,7.124000072479248,7.124000072479248,466500
2017-10-27,7.1579999923706055,7.374000072479248,7.1579999923706055,7.3460001945495605,7.3460001945495605,394000
2017-10-30,7.340000152587891,7.599999904632568,7.340000152587891,7.5960001945495605,7.5960001945495605,512000
2017-10-31,7.670000076293945,7.742000102996826,7.489999771118164,7.539999961853027,7.539999961853027,425000
2017-11-01,7.630000114440918,8.07800006866455,7.618000030517578,8.04800033569336,8.04800033569336,1142500
2017-11-02,7.980000019073486,8.10200023651123,7.808000087738037,8.074000358581543,8.074000358581543,323000
2017-11-03,8.0600004196167,8.144000053405762,7.868000030517578,7.955999851226807,7.955999851226807,289500
2017-11-06,8.039999961853027,8.039999961853027,7.906000137329102,7.961999893188477,7.961999893188477,350000
2017-11-07,7.964000225067139,7.980000019073486,7.699999809265137,7.869999885559082,7.869999885559082,314500
2017-11-08,7.863999843597412,8.133999824523926,7.702000141143799,8.09000015258789,8.09000015258789,1788500
2017-11-09,7.9720001220703125,8.062000274658203,7.75,7.797999858856201,7.797999858856201,723000
2017-11-10,7.823999881744385,8.076000213623047,7.809999942779541,7.961999893188477,7.961999893188477,1160500
2017-11-13,7.96999979019165,8.305999755859375,7.949999809265137,8.034000396728516,8.034000396728516,1541000
2017-11-14,8.642000198364258,8.89799976348877,8.052000045776367,8.569999694824219,8.569999694824219,2479000
2017-11-15,8.472000122070312,8.472000122070312,7.703999996185303,7.955999851226807,7.955999851226807,1775000
2017-11-16,8.140000343322754,8.142000198364258,7.860000133514404,7.973999977111816,7.973999977111816,920000
2017-11-17,7.940000057220459,8.657999992370605,7.863999843597412,8.612000465393066,8.612000465393066,1335000
2017-11-20,8.805999755859375,9.425999641418457,8.657999992370605,9.406000137329102,9.406000137329102,3079500
2017-11-21,9.468000411987305,9.609999656677246,9.065999984741211,9.260000228881836,9.260000228881836,2292000
2017-11-22,9.321999549865723,9.956000328063965,9.321999549865723,9.890000343322754,9.890000343322754,2898500
2017-11-24,9.973999977111816,10.722000122070312,9.899999618530273,10.670000076293945,10.670000076293945,1777500
2017-11-27,10.65999984741211,10.739999771118164,9.916000366210938,10.272000312805176,10.272000312805176,2693000
2017-11-28,10.239999771118164,10.795999526977539,9.979999542236328,10.763999938964844,10.763999938964844,3102000
2017-11-29,10.763999938964844,10.800000190734863,10.050000190734863,10.402000427246094,10.402000427246094,2215500
2017-11-30,10.423999786376953,10.996000289916992,10.406000137329102,10.916000366210938,10.916000366210938,1961500
2017-12-01,10.916000366210938,11.697999954223633,10.640000343322754,11.390000343322754,11.390000343322754,2793500
2017-12-04,11.51200008392334,11.550000190734863,9.017999649047852,9.407999992370605,9.407999992370605,5463000
2017-12-05,9.399999618530273,10.239999771118164,9.3100004196167,9.842000007629395,9.842000007629395,2067500
2017-12-06,9.781999588012695,9.960000038146973,9.416000366210938,9.473999977111816,9.473999977111816,2110500
2017-12-07,9.406000137329102,9.555999755859375,9.020000457763672,9.295999526977539,9.295999526977539,2235500
2017-12-08,9.40999984741211,9.979999542236328,9.355999946594238,9.881999969482422,9.881999969482422,2158000
2017-12-11,10.579999923706055,10.95199966430664,10.279999732971191,10.4399995803833,10.4399995803833,3191000
2017-12-12,10.4399995803833,10.767999649047852,10.001999855041504,10.119999885559082,10.119999885559082,1653000
2017-12-13,10.1899995803833,10.289999961853027,9.510000228881836,9.666000366210938,9.666000366210938,1453500
2017-12-14,9.67199993133545,9.732000350952148,9.208000183105469,9.366000175476074,9.366000175476074,1812500
2017-12-15,9.399999618530273,9.494000434875488,9.029999732971191,9.434000015258789,9.434000015258789,1835500
2017-12-18,9.482000350952148,10.289999961853027,9.482000350952148,10.052000045776367,10.052000045776367,2331000
2017-12-19,10.20199966430664,10.218000411987305,9.619999885559082,9.699999809265137,9.699999809265137,1092000
2017-12-20,9.800000190734863,9.949999809265137,9.5,9.60200023651123,9.60200023651123,1456500
2017-12-21,9.545999526977539,10.359999656677246,9.517999649047852,10.178000450134277,10.178000450134277,1720000
2017-12-22,10.244000434875488,10.800000190734863,10.244000434875488,10.800000190734863,10.800000190734863,1892500
2017-12-26,10.67199993133545,10.78600025177002,10.053999900817871,10.579999923706055,10.579999923706055,1487000
2017-12-27,10.612000465393066,11.5600004196167,10.447999954223633,11.442000389099121,11.442000389099121,2463500
2017-12-28,11.644000053405762,12.545999526977539,11.644000053405762,12.133999824523926,12.133999824523926,3154000
2017-12-29,12.302000045776367,12.791999816894531,11.847999572753906,11.887999534606934,11.887999534606934,2449500
2018-01-02,12.02400016784668,12.744000434875488,12.010000228881836,12.513999938964844,12.513999938964844,1954500
2018-01-03,12.644000053405762,12.949999809265137,12.369999885559082,12.628000259399414,12.628000259399414,1736000
2018-01-04,12.666000366210938,12.899999618530273,12.423999786376953,12.5,12.5,1084000
2018-01-05,12.553999900817871,13.100000381469727,12.513999938964844,12.956000328063965,12.956000328063965,1096500
2018-01-08,12.795999526977539,12.795999526977539,10.407999992370605,11.170000076293945,11.170000076293945,7442000
2018-01-09,11.454000473022461,12.432000160217285,11.444000244140625,11.986000061035156,11.986000061035156,4152000
2018-01-10,11.923999786376953,12.508000373840332,11.920000076293945,12.105999946594238,12.105999946594238,1581000
2018-01-11,12.210000038146973,12.979999542236328,12.119999885559082,12.800000190734863,12.800000190734863,1295000
2018-01-12,12.800000190734863,13.95199966430664,12.699999809265137,13.64799976348877,13.64799976348877,2947500
2018-01-16,13.911999702453613,14.5,12.404000282287598,12.850000381469727,12.850000381469727,3293000
2018-01-17,12.979999542236328,13.197999954223633,12.456000328063965,12.720000267028809,12.720000267028809,1461000
2018-01-18,12.814000129699707,13.076000213623047,12.59000015258789,12.694000244140625,12.694000244140625,1201500
2018-01-19,12.675999641418457,12.675999641418457,11.800000190734863,12.199999809265137,12.199999809265137,2622500
2018-01-22,11.960000038146973,12.831999778747559,11.868000030517578,12.649999618530273,12.649999618530273,1896500
2018-01-23,11.802000045776367,12.868000030517578,11.802000045776367,12.510000228881836,12.510000228881836,1949000
2018-01-24,12.673999786376953,12.673999786376953,11.607999801635742,11.732000350952148,11.732000350952148,1928500
2018-01-25,11.800000190734863,12.144000053405762,11.72599983215332,11.843999862670898,11.843999862670898,1175000
2018-01-26,11.843999862670898,12.076000213623047,11.600000381469727,11.697999954223633,11.697999954223633,1648000
2018-01-29,11.600000381469727,12.258000373840332,11.25,12.118000030517578,12.118000030517578,2182000
2018-01-30,11.87600040435791,11.960000038146973,11.430000305175781,11.432000160217285,11.432000160217285,1195000
2018-01-31,11.5,11.595999717712402,10.751999855041504,10.887999534606934,10.887999534606934,1939500
2018-02-01,10.682000160217285,11.055999755859375,10.552000045776367,10.675999641418457,10.675999641418457,2128000
2018-02-02,10.52400016784668,10.668000221252441,10.199999809265137,10.291999816894531,10.291999816894531,1375500
2018-02-05,10.199999809265137,10.5600004196167,9.505999565124512,9.675999641418457,9.675999641418457,2180000
2018-02-06,9.3100004196167,10.586000442504883,9.3100004196167,10.460000038146973,10.460000038146973,2007000
2018-02-07,10.394000053405762,10.399999618530273,9.850000381469727,10.026000022888184,10.026000022888184,1373500
2018-02-08,10.071999549865723,10.307999610900879,9.720000267028809,9.803999900817871,9.803999900817871,1443000
2018-02-09,9.904000282287598,10.038000106811523,9.27400016784668,9.946000099182129,9.946000099182129,1565000
2018-02-12,10.043999671936035,10.362000465393066,9.744000434875488,9.895999908447266,9.895999908447266,989500
2018-02-13,9.859999656677246,10.359999656677246,9.70199966430664,10.314000129699707,10.314000129699707,677500
2018-02-14,10.21399974822998,10.868000030517578,10.001999855041504,10.678000450134277,10.678000450134277,916500
2018-02-15,10.75,11.109999656677246,10.503999710083008,10.657999992370605,10.657999992370605,931000
2018-02-16,10.600000381469727,10.817999839782715,10.369999885559082,10.654000282287598,10.654000282287598,1513000
2018-02-20,10.538000106811523,12.553999900817871,10.538000106811523,12.302000045776367,12.302000045776367,3101500
2018-02-21,12.29800033569336,12.998000144958496,11.842000007629395,12.461999893188477,12.461999893188477,2237500
2018-02-22,12.491999626159668,12.887999534606934,12.133999824523926,12.381999969482422,12.381999969482422,1397500
2018-02-23,12.517999649047852,12.684000015258789,11.720000267028809,11.92199993133545,11.92199993133545,1598000
2018-02-26,11.76200008392334,11.996000289916992,11.156000137329102,11.34000015258789,11.34000015258789,2285000
2018-02-27,11.34000015258789,11.581999778747559,10.720000267028809,11.07800006866455,11.07800006866455,2370000
2018-02-28,12.0,12.010000228881836,9.062000274658203,9.82800006866455,9.82800006866455,6733500
2018-03-01,9.746000289916992,10.079999923706055,9.342000007629395,9.545999526977539,9.545999526977539,2123500
2018-03-02,9.357999801635742,9.640000343322754,8.607999801635742,9.593999862670898,9.593999862670898,4547500
2018-03-05,9.52400016784668,9.631999969482422,8.84000015258789,9.345999717712402,9.345999717712402,3326500
2018-03-06,9.406000137329102,9.739999771118164,9.131999969482422,9.4399995803833,9.4399995803833,1614000
2018-03-07,9.434000015258789,9.6899995803833,9.350000381469727,9.654000282287598,9.654000282287598,1588000
2018-03-08,9.489999771118164,9.600000381469727,9.020000457763672,9.020000457763672,9.020000457763672,2204500
2018-03-09,9.053999900817871,9.307999610900879,8.567999839782715,8.90999984741211,8.90999984741211,3653000
2018-03-12,8.989999771118164,9.562000274658203,8.920000076293945,9.416000366210938,9.416000366210938,2631000
2018-03-13,9.37600040435791,9.430000305175781,8.994000434875488,9.001999855041504,9.001999855041504,1829500
2018-03-14,9.050000190734863,9.154000282287598,8.92199993133545,9.01200008392334,9.01200008392334,1216000
2018-03-15,9.0600004196167,9.199999809265137,8.88599967956543,9.079999923706055,9.079999923706055,1318500
2018-03-16,9.116000175476074,9.526000022888184,8.947999954223633,9.491999626159668,9.491999626159668,1942500
2018-03-19,9.305999755859375,9.630000114440918,8.880000114440918,8.887999534606934,8.887999534606934,2544500
2018-03-20,8.946000099182129,9.342000007629395,8.934000015258789,9.199999809265137,9.199999809265137,1960500
2018-03-21,9.168000221252441,10.369999885559082,9.168000221252441,10.043999671936035,10.043999671936035,2964000
2018-03-22,9.697999954223633,10.494000434875488,9.605999946594238,10.154000282287598,10.154000282287598,2054000
2018-03-23,10.116000175476074,10.531999588012695,9.895999908447266,9.918000221252441,9.918000221252441,1442000
2018-03-26,10.204000473022461,10.277999877929688,9.916000366210938,10.223999977111816,10.223999977111816,919000
2018-03-27,10.265999794006348,10.369999885559082,9.454000473022461,9.503999710083008,9.503999710083008,1469000
2018-03-28,9.565999984741211,9.692000389099121,9.12600040435791,9.343999862670898,9.343999862670898,1205000
2018-03-29,9.362000465393066,10.083999633789062,9.362000465393066,9.789999961853027,9.789999961853027,1308500
2018-04-02,9.73799991607666,10.013999938964844,9.300000190734863,9.715999603271484,9.715999603271484,1487000
2018-04-03,9.958000183105469,10.39799976348877,9.906000137329102,10.192000389099121,10.192000389099121,1366000
2018-04-04,10.039999961853027,11.039999961853027,10.031999588012695,10.90999984741211,10.90999984741211,2015000
2018-04-05,11.02400016784668,11.434000015258789,10.656000137329102,10.760000228881836,10.760000228881836,2047500
2018-04-06,10.631999969482422,11.258000373840332,10.52400016784668,11.168000221252441,11.168000221252441,2586500
2018-04-09,11.359999656677246,12.112000465393066,11.354000091552734,11.484000205993652,11.484000205993652,2771500
2018-04-10,12.170000076293945,12.338000297546387,11.543999671936035,12.211999893188477,12.211999893188477,1935500
2018-04-11,12.081999778747559,12.13599967956543,11.704000473022461,11.85200023651123,11.85200023651123,2491500
2018-04-12,11.081999778747559,11.137999534606934,10.510000228881836,10.593999862670898,10.593999862670898,9615000
2018-04-13,10.503999710083008,10.64799976348877,9.961999893188477,10.329999923706055,10.329999923706055,3836500
2018-04-16,10.473999977111816,10.473999977111816,10.130000114440918,10.258000373840332,10.258000373840332,1304500
2018-04-17,10.300000190734863,10.612000465393066,10.258000373840332,10.458000183105469,10.458000183105469,2346500
2018-04-18,10.569999694824219,10.998000144958496,10.303999900817871,10.928000450134277,10.928000450134277,2468500
2018-04-19,10.765999794006348,10.881999969482422,10.534000396728516,10.663999557495117,10.663999557495117,2167000
2018-04-20,10.654000282287598,10.949999809265137,10.607999801635742,10.902000427246094,10.902000427246094,1218500
2018-04-23,11.052000045776367,11.079999923706055,10.552000045776367,10.760000228881836,10.760000228881836,1337000
2018-04-24,10.866000175476074,10.890000343322754,10.407999992370605,10.619999885559082,10.619999885559082,2018000
2018-04-25,10.569999694824219,10.62399959564209,10.173999786376953,10.406000137329102,10.406000137329102,888500
2018-04-26,10.468000411987305,10.949999809265137,10.454000473022461,10.916000366210938,10.916000366210938,1849000
2018-04-27,10.960000038146973,10.996000289916992,10.678000450134277,10.89799976348877,10.89799976348877,1010000
2018-04-30,10.881999969482422,10.9399995803833,10.420000076293945,10.670000076293945,10.670000076293945,1799000
2018-05-01,10.663999557495117,10.741999626159668,10.460000038146973,10.489999771118164,10.489999771118164,570500
2018-05-02,10.581999778747559,10.973999977111816,10.534000396728516,10.86400032043457,10.86400032043457,1083500
2018-05-03,10.78600025177002,10.855999946594238,10.307999610900879,10.642000198364258,10.642000198364258,1160000
2018-05-04,10.640000343322754,10.838000297546387,10.402000427246094,10.802000045776367,10.802000045776367,1583500
2018-05-07,10.925999641418457,11.09000015258789,10.817999839782715,10.869999885559082,10.869999885559082,2026500
2018-05-08,10.800000190734863,11.29800033569336,10.45199966430664,10.86400032043457,10.86400032043457,2773000
2018-05-09,10.902000427246094,11.083999633789062,10.5600004196167,10.982000350952148,10.982000350952148,1970000
2018-05-10,11.045999526977539,11.067999839782715,10.829999923706055,10.986000061035156,10.986000061035156,1380500
2018-05-11,11.010000228881836,11.07800006866455,10.855999946594238,11.022000312805176,11.022000312805176,1243500
2018-05-14,11.022000312805176,12.513999938964844,11.015999794006348,12.052000045776367,12.052000045776367,4532000
2018-05-15,11.96399974822998,12.11400032043457,11.62600040435791,11.814000129699707,11.814000129699707,1925000
2018-05-16,11.977999687194824,13.5,11.90999984741211,13.454000473022461,13.454000473022461,4055500
2018-05-17,13.45199966430664,13.63599967956543,12.96399974822998,13.02400016784668,13.02400016784668,2640500
2018-05-18,13.0,13.343999862670898,12.928000450134277,12.973999977111816,12.973999977111816,1823500
2018-05-21,13.180000305175781,13.312000274658203,13.0,13.104000091552734,13.104000091552734,1578000
2018-05-22,13.303999900817871,14.300000190734863,13.223999977111816,13.595999717712402,13.595999717712402,3446500
2018-05-23,13.565999984741211,13.565999984741211,12.534000396728516,12.75,12.75,2972500
2018-05-24,12.986000061035156,13.288000106811523,12.90999984741211,12.918000221252441,12.918000221252441,1496500
2018-05-25,12.788000106811523,13.300000190734863,12.60200023651123,13.140000343322754,13.140000343322754,1620500
2018-05-29,13.092000007629395,13.267999649047852,12.732000350952148,13.003999710083008,13.003999710083008,1841500
2018-05-30,13.100000381469727,13.100000381469727,11.267999649047852,11.430000305175781,11.430000305175781,5428000
2018-05-31,11.399999618530273,12.050000190734863,11.3100004196167,11.531999588012695,11.531999588012695,3943000
2018-06-01,11.550000190734863,11.645999908447266,10.204000473022461,10.543999671936035,10.543999671936035,5270000
2018-06-04,10.152000427246094,10.199999809265137,7.921999931335449,8.359999656677246,8.359999656677246,18403000
2018-06-05,8.302000045776367,8.538000106811523,7.849999904632568,8.437999725341797,8.437999725341797,9842000
2018-06-06,8.413999557495117,8.477999687194824,7.800000190734863,8.031999588012695,8.031999588012695,6725000
2018-06-07,7.926000118255615,8.329999923706055,7.9079999923706055,8.031999588012695,8.031999588012695,4211000
2018-06-08,8.071999549865723,8.675999641418457,7.96999979019165,7.992000102996826,7.992000102996826,8711000
2018-06-11,8.086000442504883,8.315999984741211,7.75,7.874000072479248,7.874000072479248,5388500
2018-06-12,7.938000202178955,8.034000396728516,7.659999847412109,7.986000061035156,7.986000061035156,7297000
2018-06-13,7.940000057220459,8.029999732971191,7.736000061035156,7.938000202178955,7.938000202178955,3618000
2018-06-14,7.8379998207092285,7.915999889373779,7.190000057220459,7.547999858856201,7.547999858856201,8890000
2018-06-15,7.473999977111816,7.5,6.77400016784668,7.02400016784668,7.02400016784668,5641500
2018-06-18,6.710000038146973,7.164000034332275,6.668000221252441,6.943999767303467,6.943999767303467,2841500
2018-06-19,6.834000110626221,7.104000091552734,6.716000080108643,7.076000213623047,7.076000213623047,3145000
2018-06-20,7.133999824523926,7.289999961853027,6.822000026702881,6.984000205993652,6.984000205993652,3023000
2018-06-21,7.001999855041504,7.145999908447266,6.888000011444092,6.923999786376953,6.923999786376953,2296500
2018-06-22,6.958000183105469,7.271999835968018,6.9019999504089355,7.053999900817871,7.053999900817871,2597000
2018-06-25,7.067999839782715,7.067999839782715,6.550000190734863,6.699999809265137,6.699999809265137,2360500
2018-06-26,6.656000137329102,7.179999828338623,6.625999927520752,7.041999816894531,7.041999816894531,1809500
2018-06-27,6.989999771118164,7.202000141143799,6.78000020980835,7.019999980926514,7.019999980926514,3314000
2018-06-28,6.97599983215332,7.216000080108643,6.915999889373779,7.1020002365112305,7.1020002365112305,2819000
2018-06-29,7.193999767303467,7.315999984741211,7.0879998207092285,7.107999801635742,7.107999801635742,1563500
2018-07-02,7.033999919891357,7.5279998779296875,7.033999919891357,7.276000022888184,7.276000022888184,2152500
2018-07-03,7.306000232696533,7.619999885559082,7.2820000648498535,7.420000076293945,7.420000076293945,2038000
2018-07-05,7.435999870300293,7.918000221252441,7.435999870300293,7.73799991607666,7.73799991607666,6665500
2018-07-06,7.71999979019165,7.75600004196167,7.585999965667725,7.710000038146973,7.710000038146973,2118500
2018-07-09,7.78000020980835,8.197999954223633,7.769999980926514,7.877999782562256,7.877999782562256,3861000
2018-07-10,7.800000190734863,7.96999979019165,7.473999977111816,7.625999927520752,7.625999927520752,3270000
2018-07-11,7.535999774932861,7.696000099182129,7.170000076293945,7.435999870300293,7.435999870300293,3512500
2018-07-12,7.498000144958496,7.550000190734863,7.374000072479248,7.466000080108643,7.466000080108643,1261500
2018-07-13,7.372000217437744,8.083999633789062,7.294000148773193,7.46999979019165,7.46999979019165,4830500
2018-07-16,7.46999979019165,7.473999977111816,7.004000186920166,7.0960001945495605,7.0960001945495605,3695500
2018-07-17,7.065999984741211,7.300000190734863,7.019999980926514,7.23799991607666,7.23799991607666,2191500
2018-07-18,7.26200008392334,7.684000015258789,7.239999771118164,7.5279998779296875,7.5279998779296875,2038500
2018-07-19,7.521999835968018,7.573999881744385,7.354000091552734,7.480000019073486,7.480000019073486,1654000
2018-07-20,7.50600004196167,7.50600004196167,7.308000087738037,7.369999885559082,7.369999885559082,853500
2018-07-23,7.389999866485596,7.730000019073486,7.308000087738037,7.572000026702881,7.572000026702881,2052500
2018-07-24,7.6519999504089355,7.820000171661377,7.453999996185303,7.650000095367432,7.650000095367432,2033500
2018-07-25,7.616000175476074,7.894000053405762,7.607999801635742,7.710000038146973,7.710000038146973,2206000
2018-07-26,7.714000225067139,7.817999839782715,7.51800012588501,7.581999778747559,7.581999778747559,1505500
2018-07-27,7.5960001945495605,7.5960001945495605,7.296000003814697,7.3979997634887695,7.3979997634887695,1279000
2018-07-30,7.389999866485596,7.466000080108643,7.145999908447266,7.214000225067139,7.214000225067139,1621000
2018-07-31,7.170000076293945,7.27400016784668,6.915999889373779,7.053999900817871,7.053999900817871,2432500
2018-08-01,7.03000020980835,7.289999961853027,6.995999813079834,7.21999979019165,7.21999979019165,1366000
2018-08-02,7.168000221252441,7.26200008392334,6.973999977111816,7.046000003814697,7.046000003814697,1600500
2018-08-03,7.010000228881836,7.133999824523926,6.920000076293945,7.099999904632568,7.099999904632568,1735500
2018-08-06,7.050000190734863,7.7220001220703125,6.949999809265137,7.49399995803833,7.49399995803833,3161500
2018-08-07,7.765999794006348,8.859999656677246,7.638000011444092,8.0600004196167,8.0600004196167,7382500
2018-08-08,8.359999656677246,8.40999984741211,7.814000129699707,8.001999855041504,8.001999855041504,2998500
2018-08-09,8.020000457763672,8.34000015258789,7.918000221252441,7.96999979019165,7.96999979019165,1916000
2018-08-10,7.877999782562256,7.961999893188477,7.670000076293945,7.739999771118164,7.739999771118164,1205000
2018-08-13,7.673999786376953,7.869999885559082,7.289999961853027,7.418000221252441,7.418000221252441,1449000
2018-08-14,7.432000160217285,7.570000171661377,7.203999996185303,7.5320000648498535,7.5320000648498535,1648000
2018-08-15,7.432000160217285,7.441999912261963,7.234000205993652,7.343999862670898,7.343999862670898,749000
2018-08-16,7.3379998207092285,7.48799991607666,7.138000011444092,7.421999931335449,7.421999931335449,1512000
2018-08-17,7.380000114440918,7.380000114440918,6.880000114440918,7.026000022888184,7.026000022888184,2312500
2018-08-20,7.007999897003174,7.302000045776367,6.96999979019165,7.039999961853027,7.039999961853027,2661000
2018-08-21,7.044000148773193,7.156000137329102,6.849999904632568,6.866000175476074,6.866000175476074,2132000
2018-08-22,6.881999969482422,6.927999973297119,6.51800012588501,6.7179999351501465,6.7179999351501465,2305000
2018-08-23,6.742000102996826,6.918000221252441,6.631999969482422,6.823999881744385,6.823999881744385,1132500
2018-08-24,6.96999979019165,7.429999828338623,6.964000225067139,7.331999778747559,7.331999778747559,1971000
2018-08-27,7.420000076293945,7.788000106811523,7.375999927520752,7.429999828338623,7.429999828338623,2153000
2018-08-28,7.440000057220459,7.510000228881836,7.2820000648498535,7.369999885559082,7.369999885559082,1167500
2018-08-29,7.3420000076293945,7.5,7.3420000076293945,7.446000099182129,7.446000099182129,821000
2018-08-30,7.4079999923706055,7.414000034332275,6.98199987411499,7.026000022888184,7.026000022888184,1646000
2018-08-31,7.010000228881836,7.150000095367432,6.8979997634887695,7.133999824523926,7.133999824523926,1000000
2018-09-04,7.079999923706055,7.176000118255615,6.900000095367432,7.168000221252441,7.168000221252441,601000
2018-09-05,7.130000114440918,7.145999908447266,6.613999843597412,6.618000030517578,6.618000030517578,2200000
2018-09-06,6.6020002365112305,6.77400016784668,6.349999904632568,6.665999889373779,6.665999889373779,1218000
2018-09-07,6.599999904632568,6.630000114440918,6.171999931335449,6.210000038146973,6.210000038146973,1484000
2018-09-10,6.291999816894531,6.291999816894531,6.044000148773193,6.25600004196167,6.25600004196167,1418000
2018-09-11,6.228000164031982,6.48199987411499,6.145999908447266,6.343999862670898,6.343999862670898,1365500
2018-09-12,6.263999938964844,6.363999843597412,6.199999809265137,6.2220001220703125,6.2220001220703125,769500
2018-09-13,6.24399995803833,6.434000015258789,6.199999809265137,6.329999923706055,6.329999923706055,886500
2018-09-14,6.331999778747559,6.374000072479248,6.105999946594238,6.159999847412109,6.159999847412109,986500
2018-09-17,6.118000030517578,6.214000225067139,5.800000190734863,5.914000034332275,5.914000034332275,1833500
2018-09-18,5.929999828338623,6.033999919891357,5.886000156402588,5.952000141143799,5.952000141143799,1124500
2018-09-19,5.918000221252441,6.03000020980835,5.699999809265137,5.909999847412109,5.909999847412109,2716000
2018-09-20,5.918000221252441,6.26800012588501,5.909999847412109,6.173999786376953,6.173999786376953,1098000
2018-09-21,6.196000099182129,6.23799991607666,5.829999923706055,6.041999816894531,6.041999816894531,1347000
2018-09-24,5.998000144958496,6.1579999923706055,5.8420000076293945,6.150000095367432,6.150000095367432,1369500
2018-09-25,6.1020002365112305,6.139999866485596,5.426000118255615,5.547999858856201,5.547999858856201,3914500
2018-09-26,5.539999961853027,5.559999942779541,5.150000095367432,5.326000213623047,5.326000213623047,3702000
2018-09-27,5.340000152587891,5.3460001945495605,4.826000213623047,5.113999843597412,5.113999843597412,5407500
2018-09-28,5.139999866485596,5.3480000495910645,5.076000213623047,5.2220001220703125,5.2220001220703125,1201000
2018-10-01,5.216000080108643,5.380000114440918,5.216000080108643,5.2820000648498535,5.2820000648498535,715000
2018-10-02,5.357999801635742,5.578000068664551,5.309999942779541,5.5,5.5,1356500
2018-10-03,5.504000186920166,5.665999889373779,5.4120001792907715,5.604000091552734,5.604000091552734,756000
2018-10-04,5.579999923706055,5.579999923706055,5.4039998054504395,5.460000038146973,5.460000038146973,835000
2018-10-05,5.427999973297119,5.4679999351501465,5.24399995803833,5.27400016784668,5.27400016784668,1480000
2018-10-08,5.199999809265137,5.329999923706055,5.119999885559082,5.260000228881836,5.260000228881836,581000
2018-10-09,5.276000022888184,5.354000091552734,5.139999866485596,5.230000019073486,5.230000019073486,640000
2018-10-10,5.203999996185303,5.21999979019165,5.001999855041504,5.02400016784668,5.02400016784668,1181000
2018-10-11,5.0,5.164000034332275,4.803999900817871,5.038000106811523,5.038000106811523,798000
2018-10-12,5.199999809265137,5.199999809265137,5.004000186920166,5.150000095367432,5.150000095367432,492000
2018-10-15,5.173999786376953,5.633999824523926,5.065999984741211,5.406000137329102,5.406000137329102,1221500
2018-10-16,5.453999996185303,5.576000213623047,5.300000190734863,5.559999942779541,5.559999942779541,744000
2018-10-17,5.460000038146973,5.460000038146973,4.9679999351501465,4.986000061035156,4.986000061035156,1553000
2018-10-18,5.0,5.360000133514404,4.849999904632568,4.921999931335449,4.921999931335449,2251000
2018-10-19,4.926000118255615,5.007999897003174,4.619999885559082,4.631999969482422,4.631999969482422,976500
2018-10-22,4.673999786376953,4.702000141143799,4.418000221252441,4.5920000076293945,4.5920000076293945,1147000
2018-10-23,4.4720001220703125,4.53000020980835,4.202000141143799,4.47599983215332,4.47599983215332,1013500
2018-10-24,4.4039998054504395,4.4679999351501465,4.199999809265137,4.202000141143799,4.202000141143799,903000
2018-10-25,4.210000038146973,4.392000198364258,4.210000038146973,4.374000072479248,4.374000072479248,557000
2018-10-26,4.23799991607666,4.303999900817871,4.110000133514404,4.210000038146973,4.210000038146973,684000
2018-10-29,4.25600004196167,4.381999969482422,4.085999965667725,4.184000015258789,4.184000015258789,700000
2018-10-30,4.156000137329102,4.366000175476074,4.156000137329102,4.234000205993652,4.234000205993652,571500
2018-10-31,4.300000190734863,4.3379998207092285,4.210000038146973,4.269999980926514,4.269999980926514,689500
2018-11-01,4.302000045776367,4.920000076293945,4.302000045776367,4.831999778747559,4.831999778747559,1481500
2018-11-02,4.946000099182129,5.447999954223633,4.9079999923706055,5.144000053405762,5.144000053405762,2804500
2018-11-05,5.460000038146973,5.995999813079834,5.202000141143799,5.236000061035156,5.236000061035156,5272000
2018-11-06,5.145999908447266,5.473999977111816,5.019999980926514,5.394000053405762,5.394000053405762,1654500
2018-11-07,5.5,5.78000020980835,5.311999797821045,5.611999988555908,5.611999988555908,2206500
2018-11-08,5.552000045776367,5.556000232696533,5.038000106811523,5.131999969482422,5.131999969482422,1629500
2018-11-09,5.202000141143799,5.248000144958496,4.938000202178955,5.124000072479248,5.124000072479248,1076500
2018-11-12,5.142000198364258,5.196000099182129,4.9120001792907715,5.0,5.0,1702500
2018-11-13,4.6020002365112305,4.860000133514404,4.070000171661377,4.285999774932861,4.285999774932861,4622500
2018-11-14,4.28000020980835,4.478000164031982,4.199999809265137,4.323999881744385,4.323999881744385,1789500
2018-11-15,4.26200008392334,4.705999851226807,4.168000221252441,4.638000011444092,4.638000011444092,1294000
2018-11-16,4.619999885559082,4.914000034332275,4.619999885559082,4.849999904632568,4.849999904632568,827000
2018-11-19,4.8480000495910645,5.079999923706055,4.745999813079834,4.8379998207092285,4.8379998207092285,1418500
2018-11-20,4.705999851226807,4.716000080108643,4.438000202178955,4.599999904632568,4.599999904632568,1260500
2018-11-21,4.710000038146973,4.826000213623047,4.618000030517578,4.791999816894531,4.791999816894531,387500
2018-11-23,4.697999954223633,4.823999881744385,4.697999954223633,4.757999897003174,4.757999897003174,277500
2018-11-26,4.883999824523926,4.9019999504089355,4.501999855041504,4.558000087738037,4.558000087738037,1507000
2018-11-27,4.559999942779541,5.199999809265137,4.559999942779541,5.099999904632568,5.099999904632568,1306000
2018-11-28,5.144000053405762,5.473999977111816,5.021999835968018,5.434000015258789,5.434000015258789,1128500
2018-11-29,5.394000053405762,5.394000053405762,5.145999908447266,5.199999809265137,5.199999809265137,638500
2018-11-30,5.190000057220459,5.2820000648498535,5.113999843597412,5.223999977111816,5.223999977111816,506000
2018-12-03,5.427999973297119,5.572000026702881,5.223999977111816,5.300000190734863,5.300000190734863,610000
2018-12-04,5.26800012588501,5.2779998779296875,4.96999979019165,4.99399995803833,4.99399995803833,691000
2018-12-06,4.796000003814697,5.026000022888184,4.794000148773193,5.001999855041504,5.001999855041504,866000
2018-12-07,5.004000186920166,5.122000217437744,4.840000152587891,4.860000133514404,4.860000133514404,379000
2018-12-10,4.800000190734863,5.073999881744385,4.800000190734863,5.02400016784668,5.02400016784668,328000
2018-12-11,5.093999862670898,5.0980000495910645,4.789999961853027,4.941999912261963,4.941999912261963,656500
2018-12-12,4.932000160217285,5.185999870300293,4.874000072479248,5.065999984741211,5.065999984741211,781500
2018-12-13,5.130000114440918,5.2220001220703125,5.038000106811523,5.0960001945495605,5.0960001945495605,524000
2018-12-14,5.013999938964844,5.085999965667725,4.892000198364258,4.918000221252441,4.918000221252441,646500
2018-12-17,4.9120001792907715,5.076000213623047,4.769999980926514,4.874000072479248,4.874000072479248,473000
2018-12-18,4.927999973297119,5.044000148773193,4.883999824523926,4.955999851226807,4.955999851226807,345500
2018-12-19,4.98799991607666,5.289999961853027,4.840000152587891,4.947999954223633,4.947999954223633,1180500
2018-12-20,4.927999973297119,5.079999923706055,4.5320000648498535,4.757999897003174,4.757999897003174,956000
2018-12-21,4.814000129699707,4.814000129699707,4.360000133514404,4.438000202178955,4.438000202178955,1541000
2018-12-24,4.440000057220459,4.690000057220459,4.328000068664551,4.513999938964844,4.513999938964844,498000
2018-12-26,4.556000232696533,4.699999809265137,4.438000202178955,4.690000057220459,4.690000057220459,726000
2018-12-27,4.593999862670898,4.794000148773193,4.492000102996826,4.788000106811523,4.788000106811523,781000
2018-12-28,4.8520002365112305,4.880000114440918,4.685999870300293,4.716000080108643,4.716000080108643,474500
2018-12-31,4.7220001220703125,4.76800012588501,4.558000087738037,4.679999828338623,4.679999828338623,586500
2019-01-02,4.6020002365112305,4.881999969482422,4.507999897003174,4.809999942779541,4.809999942779541,392000
2019-01-03,4.763999938964844,4.820000171661377,4.645999908447266,4.659999847412109,4.659999847412109,245500
2019-01-04,4.763999938964844,5.041999816894531,4.723999977111816,4.947999954223633,4.947999954223633,423000
2019-01-07,5.010000228881836,5.386000156402588,4.978000164031982,5.311999797821045,5.311999797821045,577500
2019-01-08,5.386000156402588,5.4679999351501465,5.165999889373779,5.210000038146973,5.210000038146973,798000
2019-01-09,5.296000003814697,5.335999965667725,5.125999927520752,5.164000034332275,5.164000034332275,410500
2019-01-10,5.159999847412109,5.381999969482422,5.070000171661377,5.372000217437744,5.372000217437744,660500
2019-01-11,5.349999904632568,5.3520002365112305,5.27400016784668,5.296000003814697,5.296000003814697,436500
2019-01-14,5.230000019073486,5.357999801635742,5.065999984741211,5.1579999923706055,5.1579999923706055,366500
2019-01-15,5.203999996185303,5.296000003814697,5.079999923706055,5.1620001792907715,5.1620001792907715,370500
2019-01-16,5.185999870300293,5.659999847412109,5.185999870300293,5.415999889373779,5.415999889373779,1368500
2019-01-17,5.418000221252441,5.690000057220459,5.315999984741211,5.610000133514404,5.610000133514404,1056000
2019-01-18,5.6620001792907715,6.038000106811523,5.6620001792907715,5.866000175476074,5.866000175476074,1473000
2019-01-22,5.831999778747559,6.058000087738037,5.633999824523926,6.056000232696533,6.056000232696533,2340500
2019-01-23,6.150000095367432,6.533999919891357,6.150000095367432,6.236000061035156,6.236000061035156,2701000
2019-01-24,6.420000076293945,6.803999900817871,6.383999824523926,6.631999969482422,6.631999969482422,2451000
2019-01-25,6.742000102996826,7.039999961853027,6.682000160217285,6.9079999923706055,6.9079999923706055,2055000
2019-01-28,6.800000190734863,6.989999771118164,6.51200008392334,6.938000202178955,6.938000202178955,1095000
2019-01-29,7.013999938964844,7.019999980926514,6.622000217437744,6.736000061035156,6.736000061035156,1015000
2019-01-30,6.955999851226807,7.395999908447266,6.691999912261963,7.386000156402588,7.386000156402588,2043000
2019-01-31,7.501999855041504,8.199999809265137,7.432000160217285,8.01200008392334,8.01200008392334,3337500
2019-02-01,8.069999694824219,8.069999694824219,6.789999961853027,6.955999851226807,6.955999851226807,3654500
2019-02-04,6.973999977111816,7.199999809265137,6.8460001945495605,6.861999988555908,6.861999988555908,728000
2019-02-05,6.880000114440918,7.076000213623047,6.696000099182129,6.73199987411499,6.73199987411499,1109000
2019-02-06,6.829999923706055,7.013999938964844,6.75600004196167,6.8480000495910645,6.8480000495910645,935500
2019-02-07,6.800000190734863,6.849999904632568,6.368000030517578,6.495999813079834,6.495999813079834,1165500
2019-02-08,6.4120001792907715,6.484000205993652,6.02400016784668,6.269999980926514,6.269999980926514,1514500
2019-02-11,6.2820000648498535,6.895999908447266,6.2820000648498535,6.644000053405762,6.644000053405762,1454000
2019-02-12,6.840000152587891,6.886000156402588,6.671999931335449,6.861999988555908,6.861999988555908,928000
2019-02-13,6.881999969482422,6.9720001220703125,6.710000038146973,6.861999988555908,6.861999988555908,813500
2019-02-14,6.76800012588501,7.116000175476074,6.76800012588501,6.99399995803833,6.99399995803833,914000
2019-02-15,6.989999771118164,7.064000129699707,6.104000091552734,6.119999885559082,6.119999885559082,2792000
2019-02-19,6.360000133514404,6.900000095367432,6.323999881744385,6.763999938964844,6.763999938964844,2723500
2019-02-20,6.826000213623047,7.050000190734863,6.679999828338623,6.734000205993652,6.734000205993652,1446000
2019-02-21,6.920000076293945,7.650000095367432,6.920000076293945,7.125999927520752,7.125999927520752,2682000
2019-02-22,7.173999786376953,7.984000205993652,7.173999786376953,7.96999979019165,7.96999979019165,1932500
2019-02-25,8.015999794006348,8.399999618530273,7.677999973297119,7.809999942779541,7.809999942779541,2896500
2019-02-26,7.677999973297119,7.785999774932861,7.248000144958496,7.375999927520752,7.375999927520752,1398500
2019-02-27,7.228000164031982,7.375999927520752,6.96999979019165,7.27400016784668,7.27400016784668,2130000
2019-02-28,7.28000020980835,7.394000053405762,7.234000205993652,7.276000022888184,7.276000022888184,1395000
2019-03-01,7.380000114440918,7.8520002365112305,7.329999923706055,7.734000205993652,7.734000205993652,2359000
2019-03-04,7.800000190734863,7.978000164031982,7.489999771118164,7.599999904632568,7.599999904632568,2007500
2019-03-05,7.613999843597412,7.6620001792907715,7.228000164031982,7.271999835968018,7.271999835968018,729500
2019-03-06,7.320000171661377,7.429999828338623,6.8979997634887695,7.026000022888184,7.026000022888184,1840500
2019-03-07,6.978000164031982,6.978000164031982,6.627999782562256,6.702000141143799,6.702000141143799,1861500
2019-03-08,6.599999904632568,6.679999828338623,6.4120001792907715,6.480000019073486,6.480000019073486,1718000
2019-03-11,6.599999904632568,7.038000106811523,6.579999923706055,6.855999946594238,6.855999946594238,2381000
2019-03-12,6.855999946594238,7.01800012588501,6.639999866485596,6.8520002365112305,6.8520002365112305,1671000
2019-03-13,6.980000019073486,6.980000019073486,6.369999885559082,6.736000061035156,6.736000061035156,4819000
2019-03-14,6.730000019073486,7.119999885559082,6.6620001792907715,6.72599983215332,6.72599983215332,3366500
2019-03-15,6.688000202178955,6.961999893188477,6.570000171661377,6.578000068664551,6.578000068664551,2190000
2019-03-18,6.559999942779541,6.77400016784668,6.559999942779541,6.71999979019165,6.71999979019165,1213000
2019-03-19,6.730000019073486,7.119999885559082,6.730000019073486,7.052000045776367,7.052000045776367,1190000
2019-03-20,7.01800012588501,7.242000102996826,6.98199987411499,7.139999866485596,7.139999866485596,1560500
2019-03-21,7.058000087738037,7.090000152587891,6.5,6.5279998779296875,6.5279998779296875,1794500
2019-03-22,6.486000061035156,6.521999835968018,6.145999908447266,6.289999961853027,6.289999961853027,2096000
2019-03-25,6.257999897003174,6.4039998054504395,6.150000095367432,6.340000152587891,6.340000152587891,826500
2019-03-26,6.386000156402588,6.392000198364258,6.0879998207092285,6.234000205993652,6.234000205993652,730500
2019-03-27,6.188000202178955,6.24399995803833,6.033999919891357,6.210000038146973,6.210000038146973,1008500
2019-03-28,6.210000038146973,6.645999908447266,6.177999973297119,6.473999977111816,6.473999977111816,1328000
2019-03-29,6.552000045776367,6.624000072479248,6.432000160217285,6.605999946594238,6.605999946594238,561000
2019-04-01,6.71999979019165,7.236000061035156,6.71999979019165,7.104000091552734,7.104000091552734,1852500
2019-04-02,7.104000091552734,7.400000095367432,6.938000202178955,6.97599983215332,6.97599983215332,980000
2019-04-03,7.070000171661377,7.119999885559082,6.6519999504089355,6.855999946594238,6.855999946594238,1799000
2019-04-04,6.854000091552734,7.168000221252441,6.808000087738037,7.124000072479248,7.124000072479248,975500
2019-04-05,7.079999923706055,7.269999980926514,6.900000095367432,7.248000144958496,7.248000144958496,667000
2019-04-08,7.257999897003174,7.421999931335449,7.139999866485596,7.372000217437744,7.372000217437744,1608000
2019-04-09,7.302000045776367,7.331999778747559,6.929999828338623,7.021999835968018,7.021999835968018,949500
2019-04-10,6.98799991607666,7.127999782562256,6.51200008392334,7.026000022888184,7.026000022888184,3247000
2019-04-11,6.998000144958496,7.046000003814697,6.656000137329102,6.690000057220459,6.690000057220459,1308500
2019-04-12,6.831999778747559,7.315999984741211,6.829999923706055,7.015999794006348,7.015999794006348,2203500
2019-04-15,7.001999855041504,7.23199987411499,6.776000022888184,6.947999954223633,6.947999954223633,1243500
2019-04-16,6.99399995803833,7.223999977111816,6.9679999351501465,7.125999927520752,7.125999927520752,2796000
2019-04-17,7.193999767303467,7.521999835968018,7.159999847412109,7.49399995803833,7.49399995803833,3800500
2019-04-18,7.561999797821045,7.659999847412109,7.300000190734863,7.460000038146973,7.460000038146973,1144500
2019-04-22,7.440000057220459,7.5980000495910645,7.440000057220459,7.526000022888184,7.526000022888184,813500
2019-04-23,7.5279998779296875,7.76800012588501,7.510000228881836,7.578000068664551,7.578000068664551,1715500
2019-04-24,7.581999778747559,7.714000225067139,7.556000232696533,7.590000152587891,7.590000152587891,1155500
2019-04-25,7.585999965667725,7.665999889373779,7.440000057220459,7.492000102996826,7.492000102996826,693000
2019-04-26,7.464000225067139,7.593999862670898,7.386000156402588,7.47599983215332,7.47599983215332,1199000
2019-04-29,7.478000164031982,7.604000091552734,7.331999778747559,7.3979997634887695,7.3979997634887695,800000
2019-04-30,7.363999843597412,7.50600004196167,7.3379998207092285,7.409999847412109,7.409999847412109,507500
2019-05-01,7.489999771118164,7.633999824523926,7.415999889373779,7.427999973297119,7.427999973297119,697500
2019-05-02,7.432000160217285,7.642000198364258,7.415999889373779,7.5960001945495605,7.5960001945495605,1081500
2019-05-03,7.699999809265137,7.800000190734863,7.565999984741211,7.6519999504089355,7.6519999504089355,686000
2019-05-06,7.395999908447266,7.440000057220459,6.854000091552734,7.133999824523926,7.133999824523926,1905500
2019-05-07,7.142000198364258,7.285999774932861,7.015999794006348,7.145999908447266,7.145999908447266,1009500
2019-05-08,7.111999988555908,7.156000137329102,6.9019999504089355,7.038000106811523,7.038000106811523,626000
2019-05-09,6.920000076293945,6.96999979019165,6.699999809265137,6.74399995803833,6.74399995803833,1843500
2019-05-10,6.73799991607666,7.076000213623047,6.73799991607666,6.881999969482422,6.881999969482422,770500
2019-05-13,6.699999809265137,6.77400016784668,6.447999954223633,6.480000019073486,6.480000019073486,1637500
2019-05-14,6.552000045776367,6.840000152587891,6.552000045776367,6.679999828338623,6.679999828338623,840000
2019-05-15,6.696000099182129,7.021999835968018,6.6020002365112305,6.97599983215332,6.97599983215332,1821000
2019-05-16,6.973999977111816,7.335999965667725,6.973999977111816,7.25,7.25,894000
2019-05-17,7.093999862670898,7.0960001945495605,6.552000045776367,6.553999900817871,6.553999900817871,1284500
2019-05-20,6.5279998779296875,6.572000026702881,6.150000095367432,6.228000164031982,6.228000164031982,1833500
2019-05-21,6.400000095367432,7.395999908447266,6.400000095367432,7.176000118255615,7.176000118255615,2708500
2019-05-22,7.28000020980835,7.7820000648498535,7.099999904632568,7.710000038146973,7.710000038146973,3518000
2019-05-23,7.4019999504089355,7.6620001792907715,7.144000053405762,7.288000106811523,7.288000106811523,1974000
2019-05-24,7.372000217437744,7.381999969482422,7.159999847412109,7.311999797821045,7.311999797821045,841500
2019-05-28,7.486000061035156,7.599999904632568,7.053999900817871,7.314000129699707,7.314000129699707,1539000
2019-05-29,7.254000186920166,7.285999774932861,7.127999782562256,7.190000057220459,7.190000057220459,364000
2019-05-30,7.179999828338623,7.576000213623047,7.179999828338623,7.552000045776367,7.552000045776367,799500
2019-05-31,7.400000095367432,7.860000133514404,7.380000114440918,7.599999904632568,7.599999904632568,1978500
2019-06-03,7.645999908447266,8.631999969482422,7.599999904632568,8.61400032043457,8.61400032043457,3044500
2019-06-04,8.616000175476074,8.800000190734863,7.964000225067139,8.428000450134277,8.428000450134277,2557500
2019-06-05,8.527999877929688,8.527999877929688,8.149999618530273,8.37600040435791,8.37600040435791,1330500
2019-06-06,8.241999626159668,8.357999801635742,7.964000225067139,8.291999816894531,8.291999816894531,1868000
2019-06-07,8.303999900817871,8.538000106811523,7.98799991607666,8.47599983215332,8.47599983215332,1444500
2019-06-10,8.486000061035156,9.161999702453613,8.486000061035156,9.144000053405762,9.144000053405762,2030500
2019-06-11,9.119999885559082,9.239999771118164,8.862000465393066,9.008000373840332,9.008000373840332,1831500
2019-06-12,8.831999778747559,8.942000389099121,8.729999542236328,8.793999671936035,8.793999671936035,529500
2019-06-13,8.899999618530273,9.116000175476074,8.831999778747559,9.10200023651123,9.10200023651123,1009000
2019-06-14,9.003999710083008,9.14799976348877,8.932000160217285,9.095999717712402,9.095999717712402,788000
2019-06-17,9.0600004196167,9.064000129699707,8.199999809265137,8.359999656677246,8.359999656677246,1196500
2019-06-18,8.470000267028809,8.777999877929688,8.407999992370605,8.545999526977539,8.545999526977539,2021000
2019-06-19,8.553999900817871,8.892000198364258,8.267999649047852,8.824000358581543,8.824000358581543,1371000
2019-06-20,9.026000022888184,9.196000099182129,8.539999961853027,8.60200023651123,8.60200023651123,1269500
2019-06-21,8.550000190734863,8.739999771118164,8.315999984741211,8.468000411987305,8.468000411987305,1198500
2019-06-24,8.63599967956543,8.67199993133545,8.399999618530273,8.513999938964844,8.513999938964844,541500
2019-06-25,8.508000373840332,8.588000297546387,7.941999912261963,7.984000205993652,7.984000205993652,898000
2019-06-26,8.131999969482422,8.272000312805176,8.001999855041504,8.192000389099121,8.192000389099121,556500
2019-06-27,8.173999786376953,8.416000366210938,8.029999732971191,8.345999717712402,8.345999717712402,1142500
2019-06-28,8.329999923706055,8.526000022888184,8.23799991607666,8.473999977111816,8.473999977111816,879500
2019-07-01,8.75,9.15999984741211,8.75,8.807999610900879,8.807999610900879,1309000
2019-07-02,8.711999893188477,8.845999717712402,8.555999755859375,8.72599983215332,8.72599983215332,845000
2019-07-03,8.727999687194824,8.76200008392334,8.42199993133545,8.491999626159668,8.491999626159668,524500
2019-07-05,8.461999893188477,8.711999893188477,8.359999656677246,8.708000183105469,8.708000183105469,754000
2019-07-08,8.61400032043457,8.640000343322754,8.208000183105469,8.211999893188477,8.211999893188477,542000
2019-07-09,8.199999809265137,8.331999778747559,8.022000312805176,8.100000381469727,8.100000381469727,452000
2019-07-10,8.112000465393066,8.277999877929688,7.934000015258789,8.197999954223633,8.197999954223633,1168000
2019-07-11,8.20199966430664,8.27400016784668,7.711999893188477,7.7220001220703125,7.7220001220703125,1283500
2019-07-12,8.0,8.553999900817871,7.989999771118164,8.531999588012695,8.531999588012695,1612500
2019-07-15,8.531999588012695,8.644000053405762,8.303999900817871,8.619999885559082,8.619999885559082,833500
2019-07-16,8.567999839782715,8.63599967956543,8.289999961853027,8.416000366210938,8.416000366210938,669500
2019-07-17,8.432000160217285,8.633999824523926,8.392000198364258,8.555999755859375,8.555999755859375,716500
2019-07-18,8.541999816894531,8.64799976348877,8.489999771118164,8.552000045776367,8.552000045776367,1113500
2019-07-19,8.595999717712402,9.001999855041504,8.541999816894531,8.829999923706055,8.829999923706055,1198000
2019-07-22,8.829999923706055,8.904000282287598,8.442000389099121,8.534000396728516,8.534000396728516,1306500
2019-07-23,8.612000465393066,8.723999977111816,8.432000160217285,8.710000038146973,8.710000038146973,676500
2019-07-24,8.552000045776367,8.819999694824219,8.432000160217285,8.788000106811523,8.788000106811523,653500
2019-07-25,8.776000022888184,8.826000213623047,8.508000373840332,8.539999961853027,8.539999961853027,501000
2019-07-26,8.571999549865723,8.739999771118164,8.468000411987305,8.619999885559082,8.619999885559082,412500
2019-07-29,8.612000465393066,8.612000465393066,8.157999992370605,8.416000366210938,8.416000366210938,908500
2019-07-30,8.315999984741211,8.715999603271484,8.25,8.661999702453613,8.661999702453613,713000
2019-07-31,8.673999786376953,8.704000473022461,8.326000213623047,8.390000343322754,8.390000343322754,502500
2019-08-01,8.425999641418457,9.074000358581543,8.423999786376953,8.515999794006348,8.515999794006348,1086500
2019-08-02,8.472000122070312,8.899999618530273,8.315999984741211,8.723999977111816,8.723999977111816,928500
2019-08-05,8.394000053405762,8.395999908447266,7.822000026702881,7.966000080108643,7.966000080108643,1451000
2019-08-06,8.121999740600586,8.168000221252441,7.927999973297119,8.112000465393066,8.112000465393066,747000
2019-08-07,8.095999717712402,8.446000099182129,7.98199987411499,8.258000373840332,8.258000373840332,997000
2019-08-08,8.312000274658203,8.656000137329102,8.265999794006348,8.541999816894531,8.541999816894531,520000
2019-08-09,8.465999603271484,8.616000175476074,8.192000389099121,8.430000305175781,8.430000305175781,586000
2019-08-12,8.350000381469727,8.79800033569336,8.175999641418457,8.62600040435791,8.62600040435791,785500
2019-08-13,8.621999740600586,8.838000297546387,8.321999549865723,8.45199966430664,8.45199966430664,905000
2019-08-14,8.010000228881836,8.37399959564209,7.802000045776367,7.932000160217285,7.932000160217285,2600000
2019-08-15,7.995999813079834,8.555999755859375,7.9019999504089355,8.267999649047852,8.267999649047852,1346500
2019-08-16,8.199999809265137,8.777999877929688,8.187999725341797,8.739999771118164,8.739999771118164,1281500
2019-08-19,8.916000366210938,9.156000137329102,8.657999992370605,8.859999656677246,8.859999656677246,1009500
2019-08-20,8.855999946594238,9.137999534606934,8.79800033569336,9.093999862670898,9.093999862670898,663500
2019-08-21,9.5600004196167,10.600000381469727,9.52400016784668,10.600000381469727,10.600000381469727,3252000
2019-08-22,10.574000358581543,10.574000358581543,9.765999794006348,10.029999732971191,10.029999732971191,1342000
2019-08-23,9.942000389099121,10.12399959564209,9.609999656677246,9.734000205993652,9.734000205993652,644500
2019-08-26,9.859999656677246,10.196000099182129,9.777999877929688,10.107999801635742,10.107999801635742,1256000
2019-08-27,10.220000267028809,10.697999954223633,10.105999946594238,10.303999900817871,10.303999900817871,1257000
2019-08-28,10.244000434875488,10.381999969482422,10.104000091552734,10.289999961853027,10.289999961853027,622000
2019-08-29,10.416000366210938,10.52400016784668,9.87399959564209,10.305999755859375,10.305999755859375,1010000
2019-08-30,10.34000015258789,10.355999946594238,9.87399959564209,10.319999694824219,10.319999694824219,762500
2019-09-03,10.281999588012695,10.57800006866455,9.996000289916992,10.057999610900879,10.057999610900879,1013500
2019-09-04,10.251999855041504,10.479999542236328,10.128000259399414,10.326000213623047,10.326000213623047,1118000
2019-09-05,10.470000267028809,10.470000267028809,10.109999656677246,10.1899995803833,10.1899995803833,1015000
2019-09-06,10.241999626159668,10.357999801635742,10.031999588012695,10.199999809265137,10.199999809265137,577000
2019-09-09,10.215999603271484,10.319999694824219,9.432000160217285,9.654000282287598,9.654000282287598,1135500
2019-09-10,9.63599967956543,9.836000442504883,9.302000045776367,9.678000450134277,9.678000450134277,849500
2019-09-11,9.815999984741211,10.260000228881836,9.776000022888184,9.88599967956543,9.88599967956543,966500
2019-09-12,9.934000015258789,9.998000144958496,9.42199993133545,9.534000396728516,9.534000396728516,1650500
2019-09-13,9.592000007629395,9.960000038146973,9.394000053405762,9.640000343322754,9.640000343322754,562000
2019-09-16,9.640000343322754,10.258000373840332,9.640000343322754,10.20199966430664,10.20199966430664,1210000
2019-09-17,10.175999641418457,10.300000190734863,10.038000106811523,10.223999977111816,10.223999977111816,799500
2019-09-18,10.199999809265137,10.345999717712402,10.069999694824219,10.23799991607666,10.23799991607666,1655500
2019-09-19,10.258000373840332,10.5,10.182000160217285,10.265999794006348,10.265999794006348,1149000
2019-09-20,10.303999900817871,10.3100004196167,10.097999572753906,10.166000366210938,10.166000366210938,3239000
2019-09-23,9.765999794006348,10.312000274658203,9.656000137329102,10.293999671936035,10.293999671936035,910500
2019-09-24,10.112000465393066,10.263999938964844,9.579999923706055,9.579999923706055,9.579999923706055,1626500
2019-09-25,9.579999923706055,9.699999809265137,9.418000221252441,9.552000045776367,9.552000045776367,746000
2019-09-26,9.491999626159668,9.586000442504883,9.204000473022461,9.260000228881836,9.260000228881836,533500
2019-09-27,9.315999984741211,9.406000137329102,8.663999557495117,8.907999992370605,8.907999992370605,2457500
2019-09-30,9.107999801635742,9.336000442504883,8.800000190734863,9.218000411987305,9.218000411987305,1337000
2019-10-01,9.218000411987305,9.319999694824219,8.92199993133545,8.98799991607666,8.98799991607666,479500
2019-10-02,8.949999809265137,8.949999809265137,8.62600040435791,8.772000312805176,8.772000312805176,847000
2019-10-03,8.760000228881836,8.95199966430664,8.663999557495117,8.92199993133545,8.92199993133545,458000
2019-10-04,8.96399974822998,9.095999717712402,8.767999649047852,9.076000213623047,9.076000213623047,277500
2019-10-07,8.958000183105469,9.083999633789062,8.715999603271484,8.77400016784668,8.77400016784668,619000
2019-10-08,8.70199966430664,8.89799976348877,8.628000259399414,8.760000228881836,8.760000228881836,448000
2019-10-09,8.918000221252441,8.932000160217285,8.682000160217285,8.723999977111816,8.723999977111816,434500
2019-10-10,8.729999542236328,8.989999771118164,8.71399974822998,8.784000396728516,8.784000396728516,317000
2019-10-11,8.923999786376953,8.96399974822998,8.484000205993652,8.711999893188477,8.711999893188477,676500
2019-10-14,8.741999626159668,8.954000473022461,8.720000267028809,8.807999610900879,8.807999610900879,423000
2019-10-15,8.76200008392334,8.88599967956543,8.515999794006348,8.70199966430664,8.70199966430664,2465000
2019-10-16,8.564000129699707,8.604000091552734,8.057999610900879,8.097999572753906,8.097999572753906,1624500
2019-10-17,8.118000030517578,8.329999923706055,8.020000457763672,8.168000221252441,8.168000221252441,769500
2019-10-18,8.067999839782715,8.32800006866455,8.039999961853027,8.041999816894531,8.041999816894531,386000
2019-10-21,8.0600004196167,8.196000099182129,7.921999931335449,7.99399995803833,7.99399995803833,771000
2019-10-22,8.064000129699707,8.064000129699707,7.826000213623047,7.880000114440918,7.880000114440918,559500
2019-10-23,7.826000213623047,8.005999565124512,7.800000190734863,7.888000011444092,7.888000011444092,594000
2019-10-24,8.039999961853027,8.359999656677246,7.978000164031982,8.27400016784668,8.27400016784668,954000
2019-10-25,8.29800033569336,8.29800033569336,7.995999813079834,8.116000175476074,8.116000175476074,298500
2019-10-28,8.13599967956543,8.206000328063965,7.921999931335449,7.940000057220459,7.940000057220459,450000
2019-10-29,7.869999885559082,8.145999908447266,7.803999900817871,7.918000221252441,7.918000221252441,356000
2019-10-30,7.803999900817871,7.892000198364258,7.271999835968018,7.354000091552734,7.354000091552734,1646500
2019-10-31,7.377999782562256,7.697999954223633,7.242000102996826,7.5920000076293945,7.5920000076293945,1721000
2019-11-01,7.599999904632568,7.820000171661377,7.4019999504089355,7.72599983215332,7.72599983215332,732000
2019-11-04,7.849999904632568,7.849999904632568,7.455999851226807,7.495999813079834,7.495999813079834,811000
2019-11-05,7.51800012588501,7.599999904632568,7.145999908447266,7.513999938964844,7.513999938964844,3850500
2019-11-06,7.538000106811523,7.645999908447266,7.440000057220459,7.4720001220703125,7.4720001220703125,317000
2019-11-07,7.484000205993652,7.607999801635742,7.190000057220459,7.27400016784668,7.27400016784668,864500
2019-11-08,7.234000205993652,7.427999973297119,7.188000202178955,7.3379998207092285,7.3379998207092285,335500
2019-11-11,7.254000186920166,7.426000118255615,7.254000186920166,7.374000072479248,7.374000072479248,337500
2019-11-12,7.861999988555908,8.640000343322754,7.751999855041504,8.118000030517578,8.118000030517578,3023500
2019-11-13,8.100000381469727,8.15999984741211,7.622000217437744,7.636000156402588,7.636000156402588,1128000
2019-11-14,7.809999942779541,7.938000202178955,7.53000020980835,7.808000087738037,7.808000087738037,889000
2019-11-15,7.75,7.857999801635742,7.690000057220459,7.828000068664551,7.828000068664551,741000
2019-11-18,7.835999965667725,7.935999870300293,7.699999809265137,7.77400016784668,7.77400016784668,607500
2019-11-19,7.791999816894531,7.978000164031982,7.631999969482422,7.765999794006348,7.765999794006348,1030500
2019-11-20,7.763999938964844,7.949999809265137,7.7179999351501465,7.906000137329102,7.906000137329102,826500
2019-11-21,7.854000091552734,7.900000095367432,7.242000102996826,7.547999858856201,7.547999858856201,2860500
2019-11-22,7.541999816894531,7.631999969482422,7.320000171661377,7.564000129699707,7.564000129699707,523500
2019-11-25,7.558000087738037,7.558000087738037,7.1579999923706055,7.4019999504089355,7.4019999504089355,1735500
2019-11-26,7.453999996185303,7.46999979019165,7.242000102996826,7.400000095367432,7.400000095367432,657000
2019-11-27,7.4079999923706055,7.6539998054504395,7.326000213623047,7.627999782562256,7.627999782562256,445500
2019-11-29,7.763999938964844,7.77400016784668,7.5320000648498535,7.616000175476074,7.616000175476074,418500
2019-12-02,7.638000011444092,8.227999687194824,7.636000156402588,8.008000373840332,8.008000373840332,1452500
2019-12-03,7.947999954223633,8.163999557495117,7.855999946594238,8.069999694824219,8.069999694824219,1334500
2019-12-04,8.013999938964844,8.628000259399414,8.013999938964844,8.416000366210938,8.416000366210938,956500
2019-12-05,8.4399995803833,8.92199993133545,8.4399995803833,8.755999565124512,8.755999565124512,1558000
2019-12-06,8.795999526977539,9.194000244140625,8.795999526977539,9.142000198364258,9.142000198364258,2610000
2019-12-09,9.270000457763672,9.399999618530273,9.013999938964844,9.291999816894531,9.291999816894531,2534500
2019-12-10,9.161999702453613,9.194000244140625,8.699999809265137,9.0,9.0,1308500
2019-12-11,8.984000205993652,9.399999618530273,8.95199966430664,9.281999588012695,9.281999588012695,1164500
2019-12-12,9.25,9.515999794006348,9.199999809265137,9.505999565124512,9.505999565124512,1556500
2019-12-13,9.442000389099121,9.880000114440918,9.442000389099121,9.484000205993652,9.484000205993652,772000
2019-12-16,9.5600004196167,10.020000457763672,9.432000160217285,9.934000015258789,9.934000015258789,4017500
2019-12-17,9.954000473022461,10.09000015258789,9.824000358581543,9.9399995803833,9.9399995803833,812000
2019-12-18,9.942000389099121,9.98799991607666,9.666000366210938,9.71399974822998,9.71399974822998,557500
2019-12-19,9.682000160217285,9.767999649047852,9.628000259399414,9.767999649047852,9.767999649047852,647000
2019-12-20,9.723999977111816,10.07800006866455,9.680000305175781,9.991999626159668,9.991999626159668,937000
2019-12-23,9.984000205993652,10.270000457763672,9.95199966430664,10.206000328063965,10.206000328063965,604500
2019-12-24,10.199999809265137,10.357999801635742,10.118000030517578,10.32800006866455,10.32800006866455,423500
2019-12-26,10.319999694824219,10.411999702453613,10.208000183105469,10.302000045776367,10.302000045776367,335000
2019-12-27,10.300000190734863,10.411999702453613,10.199999809265137,10.32800006866455,10.32800006866455,427000
2019-12-30,10.32800006866455,10.336000442504883,10.020000457763672,10.071999549865723,10.071999549865723,815500
2019-12-31,10.052000045776367,10.25,9.960000038146973,10.239999771118164,10.239999771118164,377500
2020-01-02,10.239999771118164,11.031999588012695,10.239999771118164,10.996000289916992,10.996000289916992,1278000
2020-01-03,10.956000328063965,11.10200023651123,10.8100004196167,10.890000343322754,10.890000343322754,879500
2020-01-06,10.838000297546387,10.84000015258789,10.501999855041504,10.770000457763672,10.770000457763672,621000
2020-01-07,10.697999954223633,10.833999633789062,10.5600004196167,10.67199993133545,10.67199993133545,475500
2020-01-08,10.682000160217285,10.932000160217285,10.682000160217285,10.87600040435791,10.87600040435791,773500
2020-01-09,11.0,11.663999557495117,11.0,11.133999824523926,11.133999824523926,978500
2020-01-10,11.175999641418457,11.354000091552734,11.069999694824219,11.211999893188477,11.211999893188477,1024000
2020-01-13,11.288000106811523,12.029999732971191,11.279999732971191,11.887999534606934,11.887999534606934,1365500
2020-01-14,11.795999526977539,11.881999969482422,11.541999816894531,11.78600025177002,11.78600025177002,1001000
2020-01-15,11.776000022888184,11.803999900817871,10.996000289916992,11.013999938964844,11.013999938964844,1464000
2020-01-16,11.260000228881836,11.434000015258789,10.581999778747559,10.729999542236328,10.729999542236328,1619500
2020-01-17,10.746000289916992,10.920000076293945,10.482000350952148,10.72599983215332,10.72599983215332,1104500
2020-01-21,10.753999710083008,11.5,10.734000205993652,11.083999633789062,11.083999633789062,1707500
2020-01-22,11.166000366210938,11.26200008392334,10.57800006866455,10.618000030517578,10.618000030517578,686000
2020-01-23,10.597999572753906,10.718000411987305,10.145999908447266,10.472000122070312,10.472000122070312,878000
2020-01-24,10.484000205993652,10.597999572753906,10.208000183105469,10.26200008392334,10.26200008392334,348000
2020-01-27,10.0,10.144000053405762,9.944000244140625,10.076000213623047,10.076000213623047,1420000
2020-01-28,10.095999717712402,10.239999771118164,10.0600004196167,10.194000244140625,10.194000244140625,302500
2020-01-29,10.284000396728516,10.763999938964844,10.279999732971191,10.656000137329102,10.656000137329102,1107500
2020-01-30,10.486000061035156,10.5,10.220000267028809,10.45199966430664,10.45199966430664,1045000
2020-01-31,10.380000114440918,10.39799976348877,10.027999877929688,10.116000175476074,10.116000175476074,657500
2020-02-03,10.145999908447266,10.461999893188477,10.013999938964844,10.378000259399414,10.378000259399414,438500
2020-02-04,10.541999816894531,11.595999717712402,10.5,11.496000289916992,11.496000289916992,3691000
2020-02-05,11.616000175476074,11.843999862670898,11.279999732971191,11.656000137329102,11.656000137329102,769000
2020-02-06,11.90999984741211,12.765999794006348,11.821999549865723,12.54800033569336,12.54800033569336,1686000
2020-02-07,12.4399995803833,12.4399995803833,11.293999671936035,11.550000190734863,11.550000190734863,1302000
2020-02-10,11.498000144958496,11.843999862670898,11.399999618530273,11.574000358581543,11.574000358581543,528000
2020-02-11,12.831999778747559,13.593999862670898,12.5600004196167,13.347999572753906,13.347999572753906,2936500
2020-02-12,13.420000076293945,15.097999572753906,13.395999908447266,15.050000190734863,15.050000190734863,3662000
2020-02-13,14.800000190734863,14.878000259399414,13.826000213623047,14.295999526977539,14.295999526977539,2022000
2020-02-14,14.369999885559082,14.8100004196167,14.20199966430664,14.51200008392334,14.51200008392334,1517000
2020-02-18,14.51200008392334,14.904000282287598,13.949999809265137,14.715999603271484,14.715999603271484,1397000
2020-02-19,14.928000450134277,15.800000190734863,14.928000450134277,15.527999877929688,15.527999877929688,1478000
2020-02-20,15.527999877929688,16.29199981689453,14.954000473022461,15.303999900817871,15.303999900817871,1852500
2020-02-21,15.178000450134277,15.354000091552734,14.612000465393066,15.241999626159668,15.241999626159668,2699500
2020-02-24,14.36400032043457,15.026000022888184,14.184000015258789,14.576000213623047,14.576000213623047,917500
2020-02-25,14.720000267028809,14.868000030517578,13.86400032043457,14.206000328063965,14.206000328063965,766500
2020-02-26,14.305999755859375,14.657999992370605,13.97599983215332,14.234000205993652,14.234000205993652,501500
2020-02-27,13.838000297546387,13.881999969482422,13.038000106811523,13.394000053405762,13.394000053405762,1389500
2020-02-28,12.699999809265137,13.156000137329102,12.105999946594238,13.11400032043457,13.11400032043457,1650000
2020-03-02,13.211999893188477,13.258000373840332,11.902000427246094,12.979999542236328,12.979999542236328,2289000
2020-03-03,12.977999687194824,13.59000015258789,12.534000396728516,12.645999908447266,12.645999908447266,1407500
2020-03-04,12.87600040435791,13.14799976348877,12.303999900817871,12.663999557495117,12.663999557495117,1043500
2020-03-05,12.378000259399414,13.145999908447266,12.199999809265137,12.333999633789062,12.333999633789062,1597500
2020-03-06,11.934000015258789,12.083999633789062,11.307999610900879,11.800000190734863,11.800000190734863,1336000
2020-03-09,10.67199993133545,10.708000183105469,10.052000045776367,10.145999908447266,10.145999908447266,2491000
2020-03-10,10.949999809265137,11.581999778747559,10.61400032043457,11.369999885559082,11.369999885559082,2343500
2020-03-11,11.800000190734863,12.645999908447266,11.0600004196167,11.539999961853027,11.539999961853027,4382500
2020-03-12,10.588000297546387,11.253999710083008,10.366000175476074,10.569999694824219,10.569999694824219,1834500
2020-03-13,11.399999618530273,11.47599983215332,10.538000106811523,11.329999923706055,11.329999923706055,2039000
2020-03-16,9.59000015258789,11.390000343322754,9.501999855041504,10.520000457763672,10.520000457763672,1696500
2020-03-17,10.62399959564209,11.595999717712402,10.319999694824219,11.069999694824219,11.069999694824219,1338500
2020-03-18,10.260000228881836,11.211999893188477,8.454000473022461,8.565999984741211,8.565999984741211,1622000
2020-03-19,8.73799991607666,9.770000457763672,8.317999839782715,9.732000350952148,9.732000350952148,1412000
2020-03-20,10.069999694824219,10.454000473022461,9.022000312805176,9.116000175476074,9.116000175476074,2070500
2020-03-23,9.119999885559082,9.411999702453613,8.371999740600586,8.895999908447266,8.895999908447266,2128000
2020-03-24,9.472000122070312,11.592000007629395,9.430000305175781,11.383999824523926,11.383999824523926,1486000
2020-03-25,11.442000389099121,12.38599967956543,10.902000427246094,11.96399974822998,11.96399974822998,1203500
2020-03-26,12.0,12.199999809265137,11.567999839782715,11.925999641418457,11.925999641418457,1066000
2020-03-27,11.470000267028809,11.470000267028809,10.645999908447266,10.755999565124512,10.755999565124512,1148000
2020-03-30,10.755999565124512,11.175999641418457,10.682000160217285,11.118000030517578,11.118000030517578,1364000
2020-03-31,11.100000381469727,11.800000190734863,11.04800033569336,11.583999633789062,11.583999633789062,1441500
2020-04-01,11.03600025177002,11.185999870300293,10.003999710083008,10.09000015258789,10.09000015258789,1481000
2020-04-02,10.187999725341797,10.934000015258789,10.163999557495117,10.817999839782715,10.817999839782715,989000
2020-04-03,10.729999542236328,10.829999923706055,10.0,10.284000396728516,10.284000396728516,1634500
2020-04-06,10.890000343322754,11.168000221252441,10.37600040435791,10.53600025177002,10.53600025177002,926500
2020-04-07,10.968000411987305,10.968000411987305,9.944000244140625,10.038000106811523,10.038000106811523,936000
2020-04-08,10.241999626159668,10.696000099182129,10.152000427246094,10.62399959564209,10.62399959564209,579000
2020-04-09,10.800000190734863,11.223999977111816,9.946000099182129,9.982000350952148,9.982000350952148,1217000
2020-04-13,10.022000312805176,10.699999809265137,9.899999618530273,10.552000045776367,10.552000045776367,638000
2020-04-14,10.890000343322754,10.970000267028809,10.071999549865723,10.460000038146973,10.460000038146973,1164500
2020-04-15,10.199999809265137,10.350000381469727,9.789999961853027,9.954000473022461,9.954000473022461,2918000
2020-04-16,10.057999610900879,10.144000053405762,9.166000366210938,9.644000053405762,9.644000053405762,1487000
2020-04-17,9.977999687194824,10.055999755859375,9.270000457763672,9.338000297546387,9.338000297546387,1206500
2020-04-20,9.333999633789062,9.640000343322754,9.21399974822998,9.583999633789062,9.583999633789062,751000
2020-04-21,9.395999908447266,9.395999908447266,8.857999801635742,8.932000160217285,8.932000160217285,529500
2020-04-22,9.170000076293945,9.486000061035156,9.12600040435791,9.442000389099121,9.442000389099121,505500
2020-04-23,9.291999816894531,9.744000434875488,9.291999816894531,9.435999870300293,9.435999870300293,859000
2020-04-24,9.473999977111816,9.592000007629395,9.010000228881836,9.244000434875488,9.244000434875488,747500
2020-04-27,9.281999588012695,9.692000389099121,9.281999588012695,9.486000061035156,9.486000061035156,460500
2020-04-28,9.552000045776367,9.779999732971191,9.425999641418457,9.628000259399414,9.628000259399414,847500
2020-04-29,9.699999809265137,10.531999588012695,9.520000457763672,10.241999626159668,10.241999626159668,775000
2020-04-30,10.192000389099121,10.685999870300293,10.163999557495117,10.425999641418457,10.425999641418457,1152500
2020-05-01,10.137999534606934,10.137999534606934,9.329999923706055,9.925999641418457,9.925999641418457,1022000
2020-05-04,9.751999855041504,10.092000007629395,9.28600025177002,9.640000343322754,9.640000343322754,512500
2020-05-05,9.829999923706055,10.208000183105469,9.755999565124512,9.78600025177002,9.78600025177002,366500
2020-05-06,10.050000190734863,11.368000030517578,9.996000289916992,11.105999946594238,11.105999946594238,1419000
2020-05-07,11.272000312805176,11.359999656677246,10.800000190734863,10.935999870300293,10.935999870300293,690500
2020-05-08,11.175999641418457,11.359999656677246,11.079999923706055,11.255999565124512,11.255999565124512,413500
2020-05-11,11.199999809265137,11.199999809265137,10.746000289916992,11.053999900817871,11.053999900817871,804000
2020-05-12,11.118000030517578,11.279999732971191,10.631999969482422,10.779999732971191,10.779999732971191,663500
2020-05-13,10.821999549865723,10.847999572753906,9.847999572753906,10.022000312805176,10.022000312805176,796500
2020-05-14,9.87600040435791,9.87600040435791,9.270000457763672,9.746000289916992,9.746000289916992,1512500
2020-05-15,9.682000160217285,9.727999687194824,9.281999588012695,9.640000343322754,9.640000343322754,824000
2020-05-18,10.01200008392334,10.458000183105469,10.003999710083008,10.211999893188477,10.211999893188477,656000
2020-05-19,10.300000190734863,11.137999534606934,10.300000190734863,10.973999977111816,10.973999977111816,1087500
2020-05-20,11.960000038146973,12.538000106811523,11.319999694824219,11.892000198364258,11.892000198364258,2699500
2020-05-21,11.868000030517578,11.973999977111816,11.428000450134277,11.562000274658203,11.562000274658203,1393500
2020-05-22,11.277999877929688,11.281999588012695,10.420000076293945,10.456000328063965,10.456000328063965,1794500
2020-05-26,10.819999694824219,11.258000373840332,10.434000015258789,10.501999855041504,10.501999855041504,956000
2020-05-27,10.630000114440918,10.763999938964844,10.079999923706055,10.378000259399414,10.378000259399414,1703500
2020-05-28,10.4399995803833,10.5,10.0,10.057999610900879,10.057999610900879,607500
2020-05-29,10.083999633789062,10.5,10.043999671936035,10.234000205993652,10.234000205993652,1297000
2020-06-01,10.241999626159668,11.331999778747559,10.234000205993652,10.855999946594238,10.855999946594238,1276000
2020-06-02,10.96399974822998,11.187999725341797,10.62399959564209,10.687999725341797,10.687999725341797,596500
2020-06-03,10.788000106811523,11.157999992370605,10.718000411987305,11.097999572753906,11.097999572753906,630500
2020-06-04,10.996000289916992,11.513999938964844,10.965999603271484,11.234000205993652,11.234000205993652,863500
2020-06-05,12.093999862670898,12.197999954223633,11.538000106811523,11.776000022888184,11.776000022888184,1693000
2020-06-08,11.920000076293945,12.420000076293945,11.895999908447266,12.39799976348877,12.39799976348877,1890500
2020-06-09,12.173999786376953,12.173999786376953,11.449999809265137,11.470000267028809,11.470000267028809,1093000
2020-06-10,11.65999984741211,12.029999732971191,11.251999855041504,11.748000144958496,11.748000144958496,1031000
2020-06-11,11.23799991607666,11.779999732971191,11.050000190734863,11.312000274658203,11.312000274658203,1229000
2020-06-12,11.682000160217285,12.038000106811523,11.508000373840332,11.60200023651123,11.60200023651123,650500
2020-06-15,11.324000358581543,11.51200008392334,11.07800006866455,11.366000175476074,11.366000175476074,681500
2020-06-16,11.729999542236328,11.855999946594238,10.965999603271484,11.166000366210938,11.166000366210938,1010000
2020-06-17,11.277999877929688,11.654000282287598,11.088000297546387,11.39799976348877,11.39799976348877,549000
2020-06-18,11.336000442504883,12.107999801635742,11.331999778747559,11.881999969482422,11.881999969482422,1201500
2020-06-19,12.0,12.526000022888184,11.89799976348877,11.996000289916992,11.996000289916992,1638500
2020-06-22,12.0,12.156000137329102,11.454000473022461,12.041999816894531,12.041999816894531,1786000
2020-06-23,12.199999809265137,13.781999588012695,12.170000076293945,13.770000457763672,13.770000457763672,2193000
2020-06-24,13.770000457763672,14.850000381469727,13.404000282287598,14.661999702453613,14.661999702453613,3315500
2020-06-25,14.38599967956543,14.842000007629395,14.079999923706055,14.291999816894531,14.291999816894531,1895500
2020-06-26,14.29800033569336,14.29800033569336,13.862000465393066,13.95199966430664,13.95199966430664,735500
2020-06-29,14.303999900817871,15.315999984741211,13.996000289916992,15.263999938964844,15.263999938964844,2910000
2020-06-30,15.199999809265137,15.314000129699707,14.543999671936035,14.847999572753906,14.847999572753906,2628500
2020-07-01,14.899999618530273,17.892000198364258,14.899999618530273,17.191999435424805,17.191999435424805,3942000
2020-07-02,17.492000579833984,18.172000885009766,16.700000762939453,17.030000686645508,17.030000686645508,2507000
2020-07-06,17.805999755859375,19.601999282836914,17.558000564575195,19.43400001525879,19.43400001525879,2292500
2020-07-07,18.940000534057617,18.940000534057617,17.326000213623047,17.738000869750977,17.738000869750977,2708000
2020-07-08,18.128000259399414,18.780000686645508,18.011999130249023,18.43400001525879,18.43400001525879,1981000
2020-07-09,18.628000259399414,18.854000091552734,17.555999755859375,17.99799919128418,17.99799919128418,1930000
2020-07-10,17.84600067138672,18.158000946044922,17.13599967956543,17.923999786376953,17.923999786376953,777500
2020-07-13,18.121999740600586,19.591999053955078,17.5,17.534000396728516,17.534000396728516,1639500
2020-07-14,17.75200080871582,18.95199966430664,17.139999389648438,18.552000045776367,18.552000045776367,1489500
2020-07-15,19.31599998474121,19.777999877929688,18.308000564575195,18.628000259399414,18.628000259399414,2085000
2020-07-16,18.27199935913086,18.3799991607666,17.350000381469727,17.52199935913086,17.52199935913086,977500
2020-07-17,17.979999542236328,17.99799919128418,17.29800033569336,17.742000579833984,17.742000579833984,852000
2020-07-20,20.441999435424805,22.530000686645508,20.365999221801758,22.222000122070312,22.222000122070312,4511500
2020-07-21,22.013999938964844,22.246000289916992,20.507999420166016,21.356000900268555,21.356000900268555,2067500
2020-07-22,20.99799919128418,21.986000061035156,20.993999481201172,21.892000198364258,21.892000198364258,865000
2020-07-23,22.200000762939453,23.851999282836914,21.399999618530273,21.889999389648438,21.889999389648438,2202500
2020-07-24,21.34600067138672,21.969999313354492,20.408000946044922,21.709999084472656,21.709999084472656,1024000
2020-07-27,22.152000427246094,22.347999572753906,20.621999740600586,21.878000259399414,21.878000259399414,1153000
2020-07-28,22.0,22.0,20.780000686645508,20.854000091552734,20.854000091552734,853500
2020-07-29,21.195999145507812,21.586000442504883,20.780000686645508,21.0,21.0,1045000
2020-07-30,21.326000213623047,22.642000198364258,21.246000289916992,22.194000244140625,22.194000244140625,1750000
2020-07-31,22.621999740600586,22.99799919128418,21.799999237060547,22.18199920654297,22.18199920654297,994500
2020-08-03,22.23200035095215,23.715999603271484,22.23200035095215,23.32200050354004,23.32200050354004,1323000
2020-08-04,23.743999481201172,25.27199935913086,23.743999481201172,24.8439998626709,24.8439998626709,1941000
2020-08-05,24.799999237060547,25.70599937438965,23.440000534057617,24.93000030517578,24.93000030517578,1568000
2020-08-06,24.447999954223633,24.785999298095703,23.214000701904297,23.770000457763672,23.770000457763672,1367000
2020-08-07,23.408000946044922,24.770000457763672,23.079999923706055,24.510000228881836,24.510000228881836,997000
2020-08-10,24.506000518798828,25.75200080871582,23.746000289916992,23.827999114990234,23.827999114990234,2154500
2020-08-11,23.961999893188477,24.0,22.663999557495117,23.209999084472656,23.209999084472656,734500
2020-08-12,23.54400062561035,23.871999740600586,22.667999267578125,23.805999755859375,23.805999755859375,858500
2020-08-13,23.56800079345703,24.128000259399414,23.190000534057617,23.190000534057617,23.190000534057617,1142500
2020-08-14,23.309999465942383,23.309999465942383,21.90999984741211,22.42799949645996,22.42799949645996,1182500
2020-08-17,22.649999618530273,23.74799919128418,22.649999618530273,22.881999969482422,22.881999969482422,1484500
2020-08-18,24.700000762939453,25.67799949645996,24.110000610351562,24.483999252319336,24.483999252319336,2425000
2020-08-19,24.003999710083008,25.540000915527344,23.799999237060547,25.038000106811523,25.038000106811523,1363500
2020-08-20,24.540000915527344,24.802000045776367,23.31999969482422,24.573999404907227,24.573999404907227,1881500
2020-08-21,24.29599952697754,24.643999099731445,23.950000762939453,24.601999282836914,24.601999282836914,720500
2020-08-24,24.600000381469727,25.398000717163086,24.45199966430664,24.917999267578125,24.917999267578125,1182000
2020-08-25,24.780000686645508,26.799999237060547,24.3700008392334,26.673999786376953,26.673999786376953,2964500
2020-08-26,26.940000534057617,27.4060001373291,25.492000579833984,25.77199935913086,25.77199935913086,1108000
2020-08-27,25.851999282836914,26.106000900268555,24.20599937438965,24.639999389648438,24.639999389648438,1496500
2020-08-28,24.799999237060547,25.54400062561035,24.68600082397461,25.034000396728516,25.034000396728516,758500
2020-08-31,25.052000045776367,25.242000579833984,22.530000686645508,22.562000274658203,22.562000274658203,2372500
2020-09-01,23.007999420166016,23.833999633789062,22.474000930786133,22.711999893188477,22.711999893188477,1749000
2020-09-02,22.826000213623047,23.076000213623047,21.81999969482422,22.374000549316406,22.374000549316406,1486000
2020-09-03,22.006000518798828,22.04599952697754,19.98200035095215,20.187999725341797,20.187999725341797,1973500
2020-09-04,20.200000762939453,20.399999618530273,18.224000930786133,19.856000900268555,19.856000900268555,1948000
2020-09-08,18.851999282836914,20.549999237060547,18.694000244140625,20.062000274658203,20.062000274658203,1290500
2020-09-09,20.218000411987305,20.709999084472656,19.483999252319336,19.77400016784668,19.77400016784668,1390000
2020-09-10,19.775999069213867,20.104000091552734,19.172000885009766,19.305999755859375,19.305999755859375,680500
2020-09-11,21.697999954223633,23.374000549316406,21.224000930786133,22.513999938964844,22.513999938964844,3270000
2020-09-14,22.945999145507812,23.743999481201172,22.010000228881836,23.378000259399414,23.378000259399414,2053500
2020-09-15,23.604000091552734,24.38800048828125,23.326000213623047,24.0,24.0,1801000
2020-09-16,24.076000213623047,24.336000442504883,22.634000778198242,23.77400016784668,23.77400016784668,1316000
2020-09-17,22.865999221801758,23.086000442504883,22.007999420166016,22.8439998626709,22.8439998626709,1120500
2020-09-18,23.143999099731445,23.312000274658203,22.261999130249023,22.281999588012695,22.281999588012695,2100000
2020-09-21,21.827999114990234,22.61199951171875,21.56999969482422,22.555999755859375,22.555999755859375,1125000
2020-09-22,22.600000381469727,23.110000610351562,21.79199981689453,23.02199935913086,23.02199935913086,1740500
2020-09-23,23.513999938964844,26.38800048828125,23.506000518798828,24.90399932861328,24.90399932861328,2188000
2020-09-24,24.416000366210938,25.190000534057617,22.166000366210938,24.277999877929688,24.277999877929688,1606000
2020-09-25,24.41200065612793,24.649999618530273,23.709999084472656,24.374000549316406,24.374000549316406,1186500
2020-09-28,25.416000366210938,25.983999252319336,24.856000900268555,25.983999252319336,25.983999252319336,1309500
2020-09-29,25.989999771118164,26.729999542236328,25.573999404907227,26.110000610351562,26.110000610351562,2138500
2020-09-30,26.25200080871582,28.365999221801758,26.25200080871582,27.04800033569336,27.04800033569336,3248500
2020-10-01,27.555999755859375,30.02199935913086,27.378000259399414,29.832000732421875,29.832000732421875,3219500
2020-10-02,28.445999145507812,30.31399917602539,27.513999938964844,29.757999420166016,29.757999420166016,2869000
2020-10-05,30.5,33.75400161743164,30.34600067138672,33.599998474121094,33.599998474121094,3354000
2020-10-06,33.512001037597656,35.698001861572266,31.739999771118164,34.400001525878906,34.400001525878906,2612000
2020-10-07,35.939998626708984,38.534000396728516,34.68199920654297,37.75600051879883,37.75600051879883,3849000
2020-10-08,38.65999984741211,39.933998107910156,36.46200180053711,37.30799865722656,37.30799865722656,3053000
2020-10-09,36.481998443603516,39.77000045776367,35.36199951171875,39.305999755859375,39.305999755859375,2425500
2020-10-12,40.25,43.34000015258789,38.150001525878906,39.22600173950195,39.22600173950195,5323000
2020-10-13,39.0,45.24399948120117,39.0,42.444000244140625,42.444000244140625,4481000
2020-10-14,43.0,44.900001525878906,42.481998443603516,43.75199890136719,43.75199890136719,3077000
2020-10-15,41.987998962402344,42.619998931884766,39.77000045776367,40.33599853515625,40.33599853515625,3551500
2020-10-16,39.652000427246094,40.86000061035156,35.46200180053711,40.00199890136719,40.00199890136719,9760500
2020-10-19,38.257999420166016,42.54199981689453,38.257999420166016,42.22800064086914,42.22800064086914,3965000
2020-10-20,42.72200012207031,48.72800064086914,42.72200012207031,48.39799880981445,48.39799880981445,4286500
2020-10-21,47.00400161743164,47.00400161743164,39.74599838256836,39.821998596191406,39.821998596191406,6730000
2020-10-22,40.0,40.597999572753906,38.066001892089844,39.599998474121094,39.599998474121094,4666500
2020-10-23,39.987998962402344,41.20600128173828,37.698001861572266,39.61800003051758,39.61800003051758,2233500
2020-10-26,38.0,38.20000076293945,35.0,35.762001037597656,35.762001037597656,3677000
2020-10-27,35.79999923706055,37.19200134277344,34.20000076293945,34.77799987792969,34.77799987792969,3181500
2020-10-28,34.97800064086914,36.79399871826172,33.33399963378906,35.875999450683594,35.875999450683594,3570500
2020-10-29,36.507999420166016,38.65800094604492,36.130001068115234,37.53799819946289,37.53799819946289,2187000
2020-10-30,36.96200180053711,37.198001861572266,35.10200119018555,36.52199935913086,36.52199935913086,1313500
2020-11-02,37.03799819946289,40.492000579833984,36.86399841308594,39.82400131225586,39.82400131225586,2165000
2020-11-03,39.80799865722656,40.09000015258789,38.220001220703125,40.02799987792969,40.02799987792969,1251500
2020-11-04,38.0,38.400001525878906,36.599998474121094,37.34199905395508,37.34199905395508,3256000
2020-11-05,38.68600082397461,44.57600021362305,38.68600082397461,44.284000396728516,44.284000396728516,2889500
2020-11-06,45.0,47.694000244140625,42.80400085449219,44.55799865722656,44.55799865722656,3633000
2020-11-09,46.400001525878906,46.652000427246094,41.7859992980957,41.89799880981445,41.89799880981445,2181500
2020-11-10,40.53200149536133,42.02799987792969,38.20000076293945,40.0,40.0,1872500
2020-11-11,40.698001861572266,44.965999603271484,40.41600036621094,44.374000549316406,44.374000549316406,2204500
2020-11-12,44.05799865722656,44.52000045776367,42.03200149536133,42.630001068115234,42.630001068115234,1215500
2020-11-13,43.47200012207031,44.34199905395508,42.763999938964844,43.47600173950195,43.47600173950195,1056000
2020-11-16,43.141998291015625,44.0,42.00199890136719,43.683998107910156,43.683998107910156,1598000
2020-11-17,47.099998474121094,47.52000045776367,41.72999954223633,43.58000183105469,43.58000183105469,1532800
2020-11-18,42.5,43.36000061035156,39.619998931884766,39.869998931884766,39.869998931884766,1917500
2020-11-19,40.560001373291016,40.72999954223633,39.150001525878906,40.08000183105469,40.08000183105469,1440200
2020-11-20,40.400001525878906,42.25,40.099998474121094,41.709999084472656,41.709999084472656,2118500
2020-11-23,40.0,41.04999923706055,38.2599983215332,40.84000015258789,40.84000015258789,2025500
2020-11-24,41.15999984741211,44.529998779296875,40.150001525878906,42.529998779296875,42.529998779296875,2565400
2020-11-25,41.119998931884766,44.08000183105469,40.959999084472656,43.09000015258789,43.09000015258789,1167300
2020-11-27,43.66999816894531,48.04999923706055,43.65999984741211,45.2599983215332,45.2599983215332,2318700
2020-11-30,47.0099983215332,47.599998474121094,41.209999084472656,43.02000045776367,43.02000045776367,2279400
2020-12-01,43.65999984741211,44.4900016784668,40.099998474121094,40.31999969482422,40.31999969482422,1489500
2020-12-02,39.900001525878906,41.29999923706055,38.91999816894531,40.13999938964844,40.13999938964844,1638900
2020-12-03,40.70000076293945,41.290000915527344,39.04999923706055,39.20000076293945,39.20000076293945,997000
2020-12-04,39.290000915527344,40.369998931884766,38.79999923706055,39.720001220703125,39.720001220703125,1542600
2020-12-07,39.41999816894531,40.04999923706055,37.02000045776367,39.15999984741211,39.15999984741211,2377600
2020-12-08,40.5,43.88999938964844,40.18000030517578,41.709999084472656,41.709999084472656,1914200
2020-12-09,42.0,42.720001220703125,39.619998931884766,41.02000045776367,41.02000045776367,1711200
2020-12-10,40.97999954223633,44.29999923706055,40.18000030517578,42.4900016784668,42.4900016784668,1285700
2020-12-11,42.61000061035156,45.29999923706055,41.2599983215332,43.13999938964844,43.13999938964844,1479900
2020-12-14,45.29999923706055,48.599998474121094,43.540000915527344,48.310001373291016,48.310001373291016,2933000
2020-12-15,49.5,56.959999084472656,47.369998931884766,55.9900016784668,55.9900016784668,5768300
2020-12-16,54.810001373291016,58.0,52.040000915527344,57.279998779296875,57.279998779296875,3009000
2020-12-17,58.0,58.52000045776367,54.79999923706055,57.13999938964844,57.13999938964844,3964800
2020-12-18,57.279998779296875,63.849998474121094,56.97999954223633,58.2599983215332,58.2599983215332,6008800
2020-12-21,59.5,62.380001068115234,57.5099983215332,61.220001220703125,61.220001220703125,2881400
2020-12-22,61.7400016784668,68.62000274658203,61.540000915527344,64.79000091552734,64.79000091552734,2630900
2020-12-23,68.0,68.80999755859375,58.29999923706055,58.38999938964844,58.38999938964844,3693000
2020-12-24,58.25,58.41999816894531,53.16999816894531,54.77000045776367,54.77000045776367,2340300
2020-12-28,59.310001373291016,63.459999084472656,55.560001373291016,56.650001525878906,56.650001525878906,3494100
2020-12-29,57.0,57.61000061035156,54.630001068115234,55.790000915527344,55.790000915527344,1718200
2020-12-30,56.790000915527344,58.41999816894531,56.349998474121094,57.060001373291016,57.060001373291016,2790800
2020-12-31,57.75,59.47999954223633,55.63999938964844,57.36000061035156,57.36000061035156,1529300
2021-01-04,59.77000045776367,67.5,59.119998931884766,62.33000183105469,62.33000183105469,3220400
2021-01-05,60.599998474121094,69.5199966430664,60.43000030517578,68.80000305175781,68.80000305175781,2844800
2021-01-06,74.08999633789062,77.5,71.80999755859375,73.5,73.5,3980500
2021-01-07,79.0999984741211,83.19000244140625,74.51000213623047,79.77999877929688,79.77999877929688,3442800
2021-01-08,80.5,84.77999877929688,74.0999984741211,77.11000061035156,77.11000061035156,4215400
2021-01-11,73.80000305175781,77.5,71.52999877929688,76.52999877929688,76.52999877929688,2403100
2021-01-12,78.61000061035156,85.55000305175781,77.30000305175781,85.30000305175781,85.30000305175781,2154900
2021-01-13,82.5199966430664,83.66999816894531,76.6500015258789,77.41000366210938,77.41000366210938,3346000
2021-01-14,80.05999755859375,81.44000244140625,74.0,75.66999816894531,75.66999816894531,3052400
2021-01-15,74.4800033569336,75.98999786376953,71.45999908447266,72.0,72.0,3085300
2021-01-19,73.70999908447266,82.93000030517578,73.70999908447266,82.83000183105469,82.83000183105469,3375400
2021-01-20,82.94999694824219,85.41999816894531,80.61000061035156,83.55999755859375,83.55999755859375,2573300
2021-01-21,85.08000183105469,95.29000091552734,82.5,94.47000122070312,94.47000122070312,3912400
2021-01-22,92.5,98.75,91.23999786376953,96.7699966430664,96.7699966430664,2609400
2021-01-25,100.72000122070312,109.7699966430664,91.5999984741211,96.13999938964844,96.13999938964844,3784600
2021-01-26,96.55000305175781,102.72000122070312,92.5,101.88999938964844,101.88999938964844,2732000
2021-01-27,97.76000213623047,108.77999877929688,96.55999755859375,103.87999725341797,103.87999725341797,2642900
2021-01-28,102.73999786376953,103.16999816894531,90.01000213623047,97.33999633789062,97.33999633789062,3245000
2021-01-29,96.13999938964844,98.2300033569336,84.05000305175781,88.05999755859375,88.05999755859375,3281800
2021-02-01,92.75,104.51000213623047,92.73999786376953,103.41000366210938,103.41000366210938,2808000
2021-02-02,111.77999877929688,118.9000015258789,104.0999984741211,115.8499984741211,115.8499984741211,3079900
2021-02-03,116.01000213623047,121.22000122070312,110.26000213623047,119.69999694824219,119.69999694824219,2053600
2021-02-04,117.55000305175781,118.56999969482422,105.0,108.66999816894531,108.66999816894531,2766400
2021-02-05,110.30999755859375,111.55000305175781,103.43000030517578,109.19000244140625,109.19000244140625,1405900
2021-02-08,112.0,119.41000366210938,111.33999633789062,114.08999633789062,114.08999633789062,2421400
2021-02-09,115.7699966430664,127.63999938964844,115.7699966430664,124.12999725341797,124.12999725341797,2675400
2021-02-10,125.19999694824219,130.3300018310547,117.01000213623047,119.52999877929688,119.52999877929688,2188700
2021-02-11,121.26000213623047,121.70999908447266,115.11000061035156,118.91000366210938,118.91000366210938,1258200
2021-02-12,116.13999938964844,126.12999725341797,113.05999755859375,123.83000183105469,123.83000183105469,1155100
2021-02-16,125.06999969482422,129.2100067138672,116.61000061035156,120.22000122070312,120.22000122070312,1601800
2021-02-17,116.0,116.5999984741211,104.16000366210938,112.51000213623047,112.51000213623047,2853000
2021-02-18,105.5,108.69000244140625,100.66000366210938,107.2699966430664,107.2699966430664,3578700
2021-02-19,111.66999816894531,112.22000122070312,103.8499984741211,104.80000305175781,104.80000305175781,1858300
2021-02-22,100.02999877929688,106.4000015258789,94.61000061035156,95.25,95.25,2137100
2021-02-23,92.79000091552734,95.43000030517578,81.51000213623047,92.75,92.75,3430600
2021-02-24,97.66000366210938,105.9800033569336,90.48999786376953,105.4000015258789,105.4000015258789,2113500
2021-02-25,105.02999877929688,107.3499984741211,96.44999694824219,97.9000015258789,97.9000015258789,2955700
2021-02-26,96.0199966430664,107.25,94.56999969482422,104.25,104.25,7164700
2021-03-01,109.16999816894531,118.0,108.0,117.45999908447266,117.45999908447266,2059100
2021-03-02,112.30999755859375,117.5,107.19999694824219,109.9000015258789,109.9000015258789,2111300
2021-03-03,108.56999969482422,110.33999633789062,94.05000305175781,94.51000213623047,94.51000213623047,2258100
2021-03-04,93.62999725341797,98.83000183105469,80.5199966430664,86.13999938964844,86.13999938964844,4195700
2021-03-05,88.05999755859375,89.97000122070312,73.27999877929688,79.9800033569336,79.9800033569336,4302900
2021-03-08,75.30999755859375,80.95999908447266,70.30000305175781,72.04000091552734,72.04000091552734,4120800
2021-03-09,82.0,89.61000061035156,81.29000091552734,87.9800033569336,87.9800033569336,4082600
2021-03-10,94.44999694824219,94.47000122070312,77.43000030517578,78.37999725341797,78.37999725341797,3410100
2021-03-11,86.0,93.19999694824219,85.44000244140625,91.20999908447266,91.20999908447266,3245500
2021-03-12,84.0,95.41000366210938,83.05000305175781,94.22000122070312,94.22000122070312,2182100
2021-03-15,88.8499984741211,91.44000244140625,86.62000274658203,88.06999969482422,88.06999969482422,2512800
2021-03-16,88.06999969482422,93.38999938964844,84.80000305175781,85.7300033569336,85.7300033569336,1697000
2021-03-17,83.0,90.33000183105469,82.83000183105469,87.98999786376953,87.98999786376953,1856200
2021-03-18,85.33999633789062,86.58000183105469,80.30000305175781,81.20999908447266,81.20999908447266,1904900
2021-03-19,82.69999694824219,84.23999786376953,79.2300033569336,79.2300033569336,79.2300033569336,3759800
2021-03-22,83.88999938964844,87.70999908447266,80.0999984741211,80.47000122070312,80.47000122070312,2230200
2021-03-23,80.9000015258789,82.86000061035156,73.51000213623047,74.44000244140625,74.44000244140625,2508400
2021-03-24,76.86000061035156,76.86000061035156,65.9000015258789,66.08999633789062,66.08999633789062,3596800
2021-03-25,62.43000030517578,70.62999725341797,62.41999816894531,68.0199966430664,68.0199966430664,3655700
2021-03-26,70.51000213623047,71.44999694824219,66.7300033569336,70.33999633789062,70.33999633789062,2256700
2021-03-29,69.48999786376953,71.4800033569336,60.560001373291016,62.15999984741211,62.15999984741211,3091800
2021-03-30,65.02999877929688,72.33999633789062,63.0,70.58000183105469,70.58000183105469,5481900
2021-03-31,74.08000183105469,77.05999755859375,71.55000305175781,75.5,75.5,3429500
2021-04-01,77.0999984741211,79.19999694824219,74.37999725341797,75.19000244140625,75.19000244140625,1885300
2021-04-05,77.0,77.08999633789062,68.0199966430664,70.12000274658203,70.12000274658203,2726900
2021-04-06,71.31999969482422,74.69999694824219,70.58000183105469,71.25,71.25,2796200
2021-04-07,70.48999786376953,70.81999969482422,67.19999694824219,68.08000183105469,68.08000183105469,2487000
2021-04-08,68.54000091552734,69.02999877929688,64.6500015258789,66.22000122070312,66.22000122070312,2132800
2021-04-09,64.2699966430664,70.08999633789062,64.05999755859375,69.29000091552734,69.29000091552734,3036700
2021-04-12,67.0,68.29000091552734,65.41000366210938,67.22000122070312,67.22000122070312,1405900
2021-04-13,68.02999877929688,68.66999816894531,64.9000015258789,67.91999816894531,67.91999816894531,2106600
2021-04-14,68.18000030517578,71.30000305175781,65.62999725341797,66.30000305175781,66.30000305175781,2461700
2021-04-15,67.0,69.19999694824219,65.5999984741211,67.6500015258789,67.6500015258789,3117100
2021-04-16,67.88999938964844,70.94999694824219,67.20999908447266,70.26000213623047,70.26000213623047,9787800
2021-04-19,73.0,76.62999725341797,66.5,66.94000244140625,66.94000244140625,3810800
2021-04-20,68.37000274658203,73.69999694824219,67.5199966430664,69.04000091552734,69.04000091552734,3939800
2021-04-21,69.3499984741211,75.5,68.02999877929688,74.88999938964844,74.88999938964844,3540500
2021-04-22,78.30999755859375,86.4800033569336,76.70999908447266,85.5999984741211,85.5999984741211,6064400
2021-04-23,85.44999694824219,89.80000305175781,82.66999816894531,89.51000213623047,89.51000213623047,2854500
2021-04-26,86.66999816894531,92.0,85.2699966430664,91.98999786376953,91.98999786376953,2664300
2021-04-27,91.12000274658203,91.12000274658203,83.86000061035156,85.62000274658203,85.62000274658203,3715700
2021-04-28,84.63999938964844,87.55999755859375,82.29000091552734,85.72000122070312,85.72000122070312,1295300
2021-04-29,86.91999816894531,86.91999816894531,80.66000366210938,83.58000183105469,83.58000183105469,1166600
2021-04-30,81.5999984741211,82.94000244140625,79.44999694824219,80.48999786376953,80.48999786376953,1857400
2021-05-03,81.98999786376953,82.66000366210938,77.6500015258789,79.54000091552734,79.54000091552734,1369800
2021-05-04,77.0,77.76000213623047,72.44000244140625,74.51000213623047,74.51000213623047,1561900
2021-05-05,76.6500015258789,80.56999969482422,75.4000015258789,77.19999694824219,77.19999694824219,2147100
2021-05-06,76.12999725341797,76.62999725341797,71.88999938964844,73.58999633789062,73.58999633789062,1148400
2021-05-07,74.79000091552734,77.4000015258789,73.41999816894531,74.69999694824219,74.69999694824219,1342300
2021-05-10,76.98999786376953,77.93000030517578,70.58000183105469,72.1500015258789,72.1500015258789,1760900
2021-05-11,70.45999908447266,77.19999694824219,68.5,75.45999908447266,75.45999908447266,2939900
2021-05-12,74.58000183105469,77.72000122070312,71.69000244140625,72.37000274658203,72.37000274658203,1992300
2021-05-13,72.2699966430664,73.72000122070312,63.81999969482422,65.11000061035156,65.11000061035156,2343300
2021-05-14,68.43000030517578,71.9000015258789,67.75,71.7300033569336,71.7300033569336,1648100
2021-05-17,69.54000091552734,71.87999725341797,68.51000213623047,71.23999786376953,71.23999786376953,1597700
2021-05-18,68.83999633789062,72.91000366210938,67.51000213623047,71.2300033569336,71.2300033569336,2776400
2021-05-19,70.81999969482422,77.68000030517578,69.55000305175781,76.7699966430664,76.7699966430664,2500500
2021-05-20,76.87000274658203,80.48999786376953,75.83999633789062,78.41000366210938,78.41000366210938,2545200
2021-05-21,79.83999633789062,80.4000015258789,76.47000122070312,77.95999908447266,77.95999908447266,1426000
2021-05-24,78.19999694824219,78.19999694824219,71.6500015258789,72.58999633789062,72.58999633789062,1890000
2021-05-25,74.05000305175781,74.05000305175781,68.87000274658203,71.9800033569336,71.9800033569336,1886200
2021-05-26,72.04000091552734,79.36000061035156,72.04000091552734,78.62999725341797,78.62999725341797,1712600
2021-05-27,77.0,78.0,74.01000213623047,77.94000244140625,77.94000244140625,2775900
2021-05-28,77.19999694824219,78.4000015258789,74.19999694824219,74.37999725341797,74.37999725341797,2119500
2021-06-01,76.5,83.58000183105469,76.01000213623047,78.94999694824219,78.94999694824219,3969900
2021-06-02,78.23999786376953,78.5,73.41000366210938,76.4000015258789,76.4000015258789,2016300
2021-06-03,74.79000091552734,81.27999877929688,74.12999725341797,76.93000030517578,76.93000030517578,2953000
2021-06-04,78.55000305175781,82.44000244140625,77.18000030517578,80.83999633789062,80.83999633789062,3256600
2021-06-07,79.0,79.69000244140625,72.69999694824219,74.48999786376953,74.48999786376953,3457700
2021-06-08,74.38999938964844,74.80000305175781,69.5999984741211,70.7699966430664,70.7699966430664,3342000
2021-06-09,70.19000244140625,72.56999969482422,68.47000122070312,68.75,68.75,2797200
2021-06-10,71.33999633789062,72.22000122070312,67.37999725341797,67.44999694824219,67.44999694824219,2312600
2021-06-11,67.44999694824219,69.83999633789062,66.66000366210938,68.69000244140625,68.69000244140625,2663500
2021-06-14,69.08000183105469,70.16999816894531,68.0999984741211,68.66000366210938,68.66000366210938,1170400
2021-06-15,70.93000030517578,71.02999877929688,64.4000015258789,65.04000091552734,65.04000091552734,1759800
2021-06-16,64.19000244140625,66.29000091552734,63.02000045776367,64.16000366210938,64.16000366210938,1723500
2021-06-17,63.5,65.66999816894531,61.04999923706055,61.40999984741211,61.40999984741211,2886700
2021-06-18,61.90999984741211,62.099998474121094,59.349998474121094,60.5,60.5,3529500
2021-06-21,59.900001525878906,60.470001220703125,56.29999923706055,58.70000076293945,58.70000076293945,3474600
2021-06-22,57.290000915527344,57.58000183105469,54.400001525878906,56.5,56.5,5648200
2021-06-23,56.5,59.369998931884766,56.5,58.08000183105469,58.08000183105469,3223200
2021-06-24,53.79999923706055,59.5,52.459999084472656,56.47999954223633,56.47999954223633,5873100
2021-06-25,57.56999969482422,60.869998931884766,57.029998779296875,58.65999984741211,58.65999984741211,3203700
2021-06-28,60.0,68.37000274658203,60.0,66.16999816894531,66.16999816894531,5727500
2021-06-29,66.9000015258789,67.33999633789062,64.08999633789062,66.77999877929688,66.77999877929688,3565700
2021-06-30,65.97000122070312,66.52999877929688,63.619998931884766,65.0199966430664,65.0199966430664,1659200
2021-07-01,65.73999786376953,66.5,62.86000061035156,66.04000091552734,66.04000091552734,1761300
2021-07-02,64.25,65.54000091552734,62.09000015258789,62.54999923706055,62.54999923706055,1474800
2021-07-06,62.34000015258789,66.87999725341797,61.5099983215332,66.83000183105469,66.83000183105469,3129300
2021-07-07,68.9000015258789,74.45999908447266,68.80000305175781,71.25,71.25,5642200
2021-07-08,68.08000183105469,69.56999969482422,65.88999938964844,68.98999786376953,68.98999786376953,2036700
2021-07-09,71.05999755859375,71.18000030517578,67.55000305175781,67.80000305175781,67.80000305175781,2413400
2021-07-12,70.93000030517578,71.80000305175781,66.9000015258789,68.2699966430664,68.2699966430664,2385300
2021-07-13,70.3499984741211,73.31999969482422,66.70999908447266,72.3499984741211,72.3499984741211,3881600
2021-07-14,71.79000091552734,74.80000305175781,68.94000244140625,68.94000244140625,68.94000244140625,2214300
2021-07-15,69.9800033569336,73.0,67.2699966430664,68.83000183105469,68.83000183105469,2198600
2021-07-16,69.2699966430664,69.44000244140625,65.3499984741211,66.43000030517578,66.43000030517578,2098400
2021-07-19,64.12000274658203,65.06999969482422,61.900001525878906,64.33999633789062,64.33999633789062,1341200
2021-07-20,65.2300033569336,66.69999694824219,61.5,66.08000183105469,66.08000183105469,1736500
2021-07-21,68.1500015258789,79.69999694824219,68.1500015258789,79.37999725341797,79.37999725341797,5239200
2021-07-22,90.0999984741211,90.4800033569336,66.77999877929688,67.66999816894531,67.66999816894531,10622300
2021-07-23,64.19000244140625,65.9000015258789,56.91999816894531,59.06999969482422,59.06999969482422,5682600
2021-07-26,58.02000045776367,61.9900016784668,55.880001068115234,56.47999954223633,56.47999954223633,3664700
2021-07-27,54.0,56.290000915527344,51.72999954223633,53.75,53.75,4770300
2021-07-28,57.70000076293945,62.7400016784668,55.5,60.36000061035156,60.36000061035156,4509200
2021-07-29,59.36000061035156,60.779998779296875,57.310001373291016,59.38999938964844,59.38999938964844,1793600
2021-07-30,58.0,61.20000076293945,57.06999969482422,59.25,59.25,1224100
2021-08-02,59.61000061035156,63.06999969482422,58.56999969482422,61.029998779296875,61.029998779296875,1911200
2021-08-03,60.65999984741211,62.189998626708984,58.599998474121094,60.84000015258789,60.84000015258789,1148300
2021-08-04,62.400001525878906,63.709999084472656,58.880001068115234,59.77000045776367,59.77000045776367,1653400
2021-08-05,60.58000183105469,61.349998474121094,58.25,58.560001373291016,58.560001373291016,1380600
2021-08-06,58.630001068115234,60.540000915527344,56.47999954223633,58.150001525878906,58.150001525878906,1386100
2021-08-09,58.7599983215332,61.27000045776367,56.79999923706055,60.630001068115234,60.630001068115234,1233600
2021-08-10,60.45000076293945,61.599998474121094,59.2400016784668,60.84000015258789,60.84000015258789,1447200
2021-08-11,61.400001525878906,61.45000076293945,55.81999969482422,57.459999084472656,57.459999084472656,2174900
2021-08-12,56.650001525878906,58.470001220703125,55.18000030517578,56.61000061035156,56.61000061035156,1294400
2021-08-13,55.95000076293945,56.0099983215332,51.29999923706055,51.5,51.5,1951900
2021-08-16,51.70000076293945,52.439998626708984,49.220001220703125,49.83000183105469,49.83000183105469,2088100
2021-08-17,49.79999923706055,49.79999923706055,47.130001068115234,48.720001220703125,48.720001220703125,2176100
2021-08-18,51.0,52.470001220703125,46.2599983215332,47.95000076293945,47.95000076293945,3284100
2021-08-19,47.90999984741211,49.41999816894531,45.45000076293945,45.91999816894531,45.91999816894531,2521200
2021-08-20,45.540000915527344,49.38999938964844,45.11000061035156,47.08000183105469,47.08000183105469,1945300
2021-08-23,48.08000183105469,49.16999816894531,47.22999954223633,49.0,49.0,1553400
2021-08-24,50.54999923706055,52.5,49.20000076293945,50.369998931884766,50.369998931884766,2900400
2021-08-25,51.2400016784668,55.40999984741211,50.81999969482422,54.0099983215332,54.0099983215332,3152900
2021-08-26,52.13999938964844,54.90999984741211,51.13999938964844,52.02000045776367,52.02000045776367,1648100
2021-08-27,53.779998779296875,55.20000076293945,52.619998931884766,54.470001220703125,54.470001220703125,1966800
2021-08-30,55.880001068115234,64.05000305175781,55.369998931884766,64.0,64.0,5489400
2021-08-31,60.849998474121094,64.13999938964844,59.5,61.310001373291016,61.310001373291016,3090500
2021-09-01,58.0,61.95000076293945,58.0,60.959999084472656,60.959999084472656,1872400
2021-09-02,64.11000061035156,69.95999908447266,63.220001220703125,64.44000244140625,64.44000244140625,4715000
2021-09-03,62.81999969482422,63.2400016784668,60.5099983215332,61.75,61.75,1653400
2021-09-07,62.900001525878906,65.2699966430664,62.75,63.95000076293945,63.95000076293945,1203500
2021-09-08,63.560001373291016,64.5,60.20000076293945,60.709999084472656,60.709999084472656,1495600
2021-09-09,60.220001220703125,63.81999969482422,60.060001373291016,63.130001068115234,63.130001068115234,1016600
2021-09-10,64.5,66.23999786376953,61.040000915527344,61.349998474121094,61.349998474121094,1593100
2021-09-13,60.9900016784668,63.380001068115234,58.0099983215332,62.220001220703125,62.220001220703125,1553700
2021-09-14,60.970001220703125,62.189998626708984,60.209999084472656,61.0,61.0,1295100
2021-09-15,61.75,63.869998931884766,58.849998474121094,62.15999984741211,62.15999984741211,1472100
2021-09-16,59.91999816894531,61.060001373291016,59.5,60.43000030517578,60.43000030517578,1036200
2021-09-17,60.56999969482422,62.130001068115234,59.2599983215332,61.93000030517578,61.93000030517578,1711900
2021-09-20,59.2400016784668,59.36000061035156,55.540000915527344,56.75,56.75,1651300
2021-09-21,57.599998474121094,59.5099983215332,56.810001373291016,58.63999938964844,58.63999938964844,666400
2021-09-22,59.189998626708984,61.5,58.779998779296875,61.06999969482422,61.06999969482422,1991500
2021-09-23,61.65999984741211,61.95000076293945,54.790000915527344,57.0099983215332,57.0099983215332,3423700
2021-09-24,55.880001068115234,56.619998931884766,53.31999969482422,53.81999969482422,53.81999969482422,1555400
2021-09-27,52.83000183105469,54.939998626708984,51.380001068115234,54.209999084472656,54.209999084472656,1375200
2021-09-28,53.459999084472656,54.22999954223633,51.529998779296875,51.790000915527344,51.790000915527344,1392700
2021-09-29,52.95000076293945,53.88999938964844,51.34000015258789,52.349998474121094,52.349998474121094,2043000
2021-09-30,53.599998474121094,57.310001373291016,53.25,57.0,57.0,2356600
2021-10-01,55.63999938964844,58.34000015258789,55.29999923706055,57.90999984741211,57.90999984741211,1424700
2021-10-04,57.0,57.02000045776367,54.529998779296875,54.790000915527344,54.790000915527344,1235200
2021-10-05,55.959999084472656,58.400001525878906,55.099998474121094,57.29999923706055,57.29999923706055,948600
2021-10-06,55.54999923706055,57.599998474121094,55.02000045776367,56.439998626708984,56.439998626708984,910400
2021-10-07,58.400001525878906,58.97999954223633,56.65999984741211,56.86000061035156,56.86000061035156,1219800
2021-10-08,56.599998474121094,57.97999954223633,55.08000183105469,56.0,56.0,847700
2021-10-11,58.11000061035156,63.08000183105469,57.81999969482422,61.40999984741211,61.40999984741211,2377600
2021-10-12,61.79999923706055,67.30000305175781,61.79999923706055,65.66000366210938,65.66000366210938,2554100
2021-10-13,68.0,69.11000061035156,66.3499984741211,66.97000122070312,66.97000122070312,1662200
2021-10-14,67.5,67.87000274658203,63.099998474121094,63.5,63.5,1929800
2021-10-15,64.68000030517578,65.94999694824219,62.63999938964844,63.970001220703125,63.970001220703125,2039800
2021-10-18,64.83999633789062,69.19999694824219,64.29000091552734,68.08999633789062,68.08999633789062,1906700
2021-10-19,68.3499984741211,72.1500015258789,66.23999786376953,71.9000015258789,71.9000015258789,2211400
2021-10-20,72.80000305175781,74.4000015258789,71.06999969482422,72.76000213623047,72.76000213623047,1840600
2021-10-21,71.41000366210938,73.51000213623047,71.1500015258789,72.41000366210938,72.41000366210938,1449100
2021-10-22,72.12999725341797,72.19999694824219,69.58999633789062,71.37000274658203,71.37000274658203,1118900
2021-10-25,74.0,76.25,73.25,74.43000030517578,74.43000030517578,1470500
2021-10-26,73.69000244140625,74.62000274658203,70.3499984741211,70.87999725341797,70.87999725341797,964400
2021-10-27,73.94999694824219,79.2699966430664,73.62999725341797,76.22000122070312,76.22000122070312,2599700
2021-10-28,74.01000213623047,77.11000061035156,72.11000061035156,76.51000213623047,76.51000213623047,2397200
2021-10-29,80.0,81.0999984741211,76.5199966430664,77.79000091552734,77.79000091552734,2014500
2021-11-01,76.12999725341797,76.5,73.62000274658203,75.0,75.0,1275600
2021-11-02,72.80000305175781,73.0,66.80000305175781,68.08999633789062,68.08999633789062,2328700
2021-11-03,65.51000213623047,69.66999816894531,64.4000015258789,69.54000091552734,69.54000091552734,1648500
2021-11-04,70.33000183105469,71.3499984741211,66.62999725341797,69.30999755859375,69.30999755859375,1269900
2021-11-05,67.54000091552734,68.1500015258789,64.19999694824219,65.91999816894531,65.91999816894531,1708800
2021-11-08,67.62999725341797,68.2699966430664,65.98999786376953,67.13999938964844,67.13999938964844,1418100
2021-11-09,67.30999755859375,68.19999694824219,65.0,66.73999786376953,66.73999786376953,833200
2021-11-10,65.63999938964844,66.9000015258789,64.02999877929688,65.44999694824219,65.44999694824219,1223000
2021-11-11,68.19000244140625,72.19999694824219,67.79000091552734,70.7699966430664,70.7699966430664,2207000
2021-11-12,70.54000091552734,73.62999725341797,70.54000091552734,72.5199966430664,72.5199966430664,1508800
2021-11-15,72.70999908447266,72.91000366210938,69.81999969482422,71.12999725341797,71.12999725341797,1179800
2021-11-16,71.51000213623047,71.68000030517578,68.23999786376953,69.20999908447266,69.20999908447266,1097300
2021-11-17,69.61000061035156,70.81999969482422,67.61000061035156,68.1500015258789,68.1500015258789,671500
2021-11-18,68.19999694824219,69.80000305175781,66.77999877929688,68.69000244140625,68.69000244140625,1135500
2021-11-19,68.80000305175781,69.80000305175781,65.80000305175781,66.33000183105469,66.33000183105469,1297100
2021-11-22,66.76000213623047,67.33000183105469,61.630001068115234,63.36000061035156,63.36000061035156,1375300
2021-11-23,62.4900016784668,63.09000015258789,59.810001373291016,61.970001220703125,61.970001220703125,767000
2021-11-24,60.790000915527344,61.43000030517578,58.79999923706055,60.29999923706055,60.29999923706055,1032200
2021-11-26,58.0,58.720001220703125,56.540000915527344,58.52000045776367,58.52000045776367,823600
2021-11-29,58.59000015258789,59.349998474121094,57.0,58.0099983215332,58.0099983215332,1024200
2021-11-30,57.04999923706055,59.369998931884766,54.79999923706055,57.34000015258789,57.34000015258789,1791500
2021-12-01,57.099998474121094,59.25,54.060001373291016,54.349998474121094,54.349998474121094,1461400
2021-12-02,54.79999923706055,55.119998931884766,47.880001068115234,48.209999084472656,48.209999084472656,3418100
2021-12-03,48.119998931884766,48.22999954223633,42.41999816894531,43.31999969482422,43.31999969482422,3798600
2021-12-06,43.20000076293945,44.25,40.97999954223633,44.060001373291016,44.060001373291016,3184800
2021-12-07,46.189998626708984,48.599998474121094,46.04999923706055,47.29999923706055,47.29999923706055,2160400
2021-12-08,47.0099983215332,47.83000183105469,45.310001373291016,46.4900016784668,46.4900016784668,1469400
2021-12-09,46.88999938964844,47.349998474121094,44.04999923706055,44.06999969482422,44.06999969482422,996600
2021-12-10,44.720001220703125,44.720001220703125,42.40999984741211,43.4900016784668,43.4900016784668,1139600
2021-12-13,43.90999984741211,45.43000030517578,42.81999969482422,43.83000183105469,43.83000183105469,1177700
2021-12-14,41.91999816894531,42.619998931884766,39.70000076293945,41.93000030517578,41.93000030517578,1524900
2021-12-15,41.5,42.29999923706055,39.5,41.83000183105469,41.83000183105469,1766900
2021-12-16,43.0099983215332,44.33000183105469,40.29999923706055,40.790000915527344,40.790000915527344,1605600
2021-12-17,39.2400016784668,41.08000183105469,38.65999984741211,40.70000076293945,40.70000076293945,2661700
2021-12-20,39.02000045776367,39.09000015258789,37.099998474121094,38.04999923706055,38.04999923706055,1575500
2021-12-21,39.150001525878906,41.099998474121094,39.06999969482422,40.900001525878906,40.900001525878906,1440600
2021-12-22,39.970001220703125,40.349998474121094,38.84000015258789,39.91999816894531,39.91999816894531,992900
2021-12-23,39.400001525878906,39.880001068115234,37.79999923706055,38.93000030517578,38.93000030517578,1109000
2021-12-27,38.79999923706055,39.439998626708984,37.09000015258789,37.59000015258789,37.59000015258789,1270700
2021-12-28,38.0,39.90999984741211,37.27000045776367,37.810001373291016,37.810001373291016,1821500
2021-12-29,37.5,38.70000076293945,36.45000076293945,37.869998931884766,37.869998931884766,903100
2021-12-30,37.81999969482422,41.470001220703125,37.25,40.939998626708984,40.939998626708984,2405900
2021-12-31,40.77000045776367,41.58000183105469,40.08000183105469,40.31999969482422,40.31999969482422,807900
2022-01-03,41.220001220703125,43.720001220703125,40.79999923706055,41.970001220703125,41.970001220703125,1793200
2022-01-04,42.220001220703125,43.060001373291016,40.83000183105469,42.0099983215332,42.0099983215332,1560000
2022-01-05,41.400001525878906,43.25,39.900001525878906,39.9900016784668,39.9900016784668,1695600
2022-01-06,39.900001525878906,41.209999084472656,38.77000045776367,39.869998931884766,39.869998931884766,1274400
2022-01-07,40.52000045776367,41.34000015258789,39.310001373291016,40.09000015258789,40.09000015258789,1811900
2022-01-10,39.59000015258789,39.88999938964844,37.09000015258789,39.58000183105469,39.58000183105469,1113000
2022-01-11,39.880001068115234,41.150001525878906,39.47999954223633,39.599998474121094,39.599998474121094,1064300
2022-01-12,40.91999816894531,43.560001373291016,40.52000045776367,41.7400016784668,41.7400016784668,1296600
2022-01-13,42.7400016784668,43.63999938964844,41.06999969482422,41.220001220703125,41.220001220703125,1074400
2022-01-14,41.0099983215332,43.11000061035156,41.0,42.369998931884766,42.369998931884766,1774300
2022-01-18,41.79999923706055,42.9900016784668,41.099998474121094,41.130001068115234,41.130001068115234,1642500
2022-01-19,41.38999938964844,43.58000183105469,40.560001373291016,42.75,42.75,1741400
2022-01-20,43.900001525878906,45.790000915527344,43.33000183105469,43.369998931884766,43.369998931884766,1814900
2022-01-21,42.36000061035156,42.88999938964844,40.25,40.529998779296875,40.529998779296875,1290200
2022-01-24,37.61000061035156,39.08000183105469,34.849998474121094,38.88999938964844,38.88999938964844,3330500
2022-01-25,37.20000076293945,38.33000183105469,36.70000076293945,37.25,37.25,1571600
2022-01-26,39.540000915527344,40.400001525878906,37.540000915527344,37.81999969482422,37.81999969482422,1532100
2022-01-27,38.470001220703125,38.470001220703125,35.61000061035156,36.06999969482422,36.06999969482422,1095300
2022-01-28,35.5,36.400001525878906,34.470001220703125,35.869998931884766,35.869998931884766,1231800
2022-01-31,36.720001220703125,40.150001525878906,36.689998626708984,40.119998931884766,40.119998931884766,1059900
2022-02-01,40.4900016784668,40.599998474121094,38.77000045776367,39.630001068115234,39.630001068115234,706500
2022-02-02,40.0,40.25,37.41999816894531,37.709999084472656,37.709999084472656,1400000
2022-02-03,36.9900016784668,37.54999923706055,35.5099983215332,35.720001220703125,35.720001220703125,1456200
2022-02-04,36.099998474121094,38.08000183105469,35.650001525878906,37.779998779296875,37.779998779296875,700900
2022-02-07,38.0,38.380001068115234,37.02000045776367,37.16999816894531,37.16999816894531,591100
2022-02-08,36.75,39.08000183105469,36.709999084472656,38.91999816894531,38.91999816894531,923400
2022-02-09,41.0,42.400001525878906,40.400001525878906,42.400001525878906,42.400001525878906,2076200
2022-02-10,40.58000183105469,42.400001525878906,40.25,40.58000183105469,40.58000183105469,1040800
2022-02-11,40.439998626708984,41.459999084472656,38.380001068115234,38.790000915527344,38.790000915527344,661800
2022-02-14,38.63999938964844,39.90999984741211,38.119998931884766,38.20000076293945,38.20000076293945,824700
2022-02-15,39.2400016784668,41.40999984741211,39.20000076293945,41.34000015258789,41.34000015258789,696200
2022-02-16,40.93000030517578,41.5099983215332,40.27000045776367,40.84000015258789,40.84000015258789,1102800
2022-02-17,40.47999954223633,41.75,40.060001373291016,40.20000076293945,40.20000076293945,620500
2022-02-18,40.20000076293945,40.4900016784668,39.369998931884766,39.529998779296875,39.529998779296875,627800
2022-02-22,38.29999923706055,39.18000030517578,37.5,38.029998779296875,38.029998779296875,1210600
2022-02-23,40.22999954223633,40.45000076293945,38.90999984741211,39.09000015258789,39.09000015258789,814000
2022-02-24,37.16999816894531,41.849998474121094,35.22999954223633,41.68000030517578,41.68000030517578,2211400
2022-02-25,41.689998626708984,43.0,41.0,42.91999816894531,42.91999816894531,990300
2022-02-28,42.380001068115234,49.45000076293945,42.380001068115234,47.959999084472656,47.959999084472656,3788900
2022-03-01,47.130001068115234,52.72999954223633,46.75,52.220001220703125,52.220001220703125,2420600
2022-03-02,52.279998779296875,52.369998931884766,49.63999938964844,50.93000030517578,50.93000030517578,1719000
2022-03-03,51.61000061035156,51.7400016784668,48.84000015258789,49.77000045776367,49.77000045776367,1274700
2022-03-04,49.06999969482422,49.5,46.20000076293945,47.630001068115234,47.630001068115234,1551900
2022-03-07,49.0,49.45000076293945,46.7599983215332,47.209999084472656,47.209999084472656,1574400
2022-03-08,48.13999938964844,52.25,47.900001525878906,51.310001373291016,51.310001373291016,2406300
2022-03-09,51.040000915527344,53.599998474121094,50.25,52.38999938964844,52.38999938964844,1685400
2022-03-10,49.25,49.970001220703125,45.52000045776367,47.7400016784668,47.7400016784668,1872700
2022-03-11,49.16999816894531,50.369998931884766,40.83000183105469,41.70000076293945,41.70000076293945,2663400
2022-03-14,38.709999084472656,38.97999954223633,34.72999954223633,35.93000030517578,35.93000030517578,2551200
2022-03-15,34.5,38.4900016784668,32.20000076293945,36.79999923706055,36.79999923706055,2792500
2022-03-16,42.04999923706055,43.369998931884766,38.79999923706055,43.11000061035156,43.11000061035156,3003800
2022-03-17,40.599998474121094,42.83000183105469,40.560001373291016,41.54999923706055,41.54999923706055,1340200
2022-03-18,40.72999954223633,45.95000076293945,40.5099983215332,44.93000030517578,44.93000030517578,2186000
2022-03-21,44.470001220703125,45.79999923706055,42.720001220703125,44.25,44.25,936200
2022-03-22,45.25,47.560001373291016,45.2400016784668,46.70000076293945,46.70000076293945,1044200
2022-03-23,45.209999084472656,47.310001373291016,44.849998474121094,45.68000030517578,45.68000030517578,1180500
2022-03-24,45.709999084472656,46.58000183105469,44.13999938964844,46.040000915527344,46.040000915527344,1059800
2022-03-25,44.5,44.79999923706055,43.4900016784668,44.189998626708984,44.189998626708984,1053400
2022-03-28,44.959999084472656,45.22999954223633,42.630001068115234,44.88999938964844,44.88999938964844,1146200
2022-03-29,45.790000915527344,46.369998931884766,44.369998931884766,46.349998474121094,46.349998474121094,1296700
2022-03-30,46.5,46.599998474121094,42.900001525878906,43.060001373291016,43.060001373291016,1054700
2022-03-31,43.75,44.06999969482422,40.7400016784668,41.31999969482422,41.31999969482422,1321600
2022-04-01,43.72999954223633,45.72999954223633,42.349998474121094,43.189998626708984,43.189998626708984,1466800
2022-04-04,45.0,47.0,44.36000061035156,46.29999923706055,46.29999923706055,1608500
2022-04-05,45.880001068115234,46.560001373291016,44.40999984741211,45.150001525878906,45.150001525878906,1462900
2022-04-06,44.40999984741211,44.5,42.43000030517578,43.900001525878906,43.900001525878906,1664500
2022-04-07,43.84000015258789,45.04999923706055,43.0099983215332,43.95000076293945,43.95000076293945,1375000
2022-04-08,43.66999816894531,45.599998474121094,42.369998931884766,42.41999816894531,42.41999816894531,1442600
2022-04-11,42.0099983215332,44.540000915527344,41.41999816894531,43.0099983215332,43.0099983215332,1306200
2022-04-12,44.06999969482422,45.529998779296875,40.29999923706055,40.34000015258789,40.34000015258789,1972600
2022-04-13,40.650001525878906,44.959999084472656,40.119998931884766,44.709999084472656,44.709999084472656,1722800
2022-04-14,44.970001220703125,46.849998474121094,44.18000030517578,44.18000030517578,44.18000030517578,1219600
2022-04-18,44.18000030517578,45.66999816894531,43.529998779296875,44.279998779296875,44.279998779296875,1091300
2022-04-19,44.540000915527344,46.79999923706055,44.290000915527344,46.7400016784668,46.7400016784668,794600
2022-04-20,47.25,47.599998474121094,44.13999938964844,44.40999984741211,44.40999984741211,1012100
2022-04-21,45.939998626708984,47.77000045776367,38.599998474121094,40.529998779296875,40.529998779296875,2921600
2022-04-22,41.599998474121094,43.380001068115234,40.45000076293945,41.279998779296875,41.279998779296875,2331100
2022-04-25,40.349998474121094,41.16999816894531,38.68000030517578,40.77000045776367,40.77000045776367,1769400
2022-04-26,40.470001220703125,40.810001373291016,39.04999923706055,39.56999969482422,39.56999969482422,924600
2022-04-27,40.869998931884766,41.40999984741211,39.54999923706055,39.86000061035156,39.86000061035156,874600
2022-04-28,40.0,41.619998931884766,39.279998779296875,41.220001220703125,41.220001220703125,1291600
2022-04-29,42.540000915527344,44.099998474121094,41.34000015258789,41.56999969482422,41.56999969482422,978800
2022-05-02,40.2400016784668,42.18000030517578,38.56999969482422,40.349998474121094,40.349998474121094,1051400
2022-05-03,40.209999084472656,42.619998931884766,40.0,42.56999969482422,42.56999969482422,584900
2022-05-04,42.400001525878906,46.88999938964844,42.029998779296875,46.849998474121094,46.849998474121094,1492200
2022-05-05,45.400001525878906,46.79999923706055,42.56999969482422,44.209999084472656,44.209999084472656,1019700
2022-05-06,43.90999984741211,43.90999984741211,41.04999923706055,42.0099983215332,42.0099983215332,755700
2022-05-09,41.0,41.88999938964844,37.560001373291016,38.040000915527344,38.040000915527344,1320800
2022-05-10,39.16999816894531,40.22999954223633,37.59000015258789,39.709999084472656,39.709999084472656,1007200
2022-05-11,39.20000076293945,41.279998779296875,37.40999984741211,37.58000183105469,37.58000183105469,939300
2022-05-12,37.209999084472656,40.56999969482422,36.029998779296875,38.790000915527344,38.790000915527344,904700
2022-05-13,40.0099983215332,42.099998474121094,39.90999984741211,41.15999984741211,41.15999984741211,828100
2022-05-16,41.220001220703125,41.75,39.970001220703125,40.349998474121094,40.349998474121094,408100
2022-05-17,42.45000076293945,44.40999984741211,42.45000076293945,44.06999969482422,44.06999969482422,1099200
2022-05-18,43.36000061035156,45.900001525878906,43.099998474121094,45.029998779296875,45.029998779296875,1021500
2022-05-19,45.16999816894531,46.7400016784668,44.75,45.95000076293945,45.95000076293945,1473400
2022-05-20,47.15999984741211,47.540000915527344,45.15999984741211,47.459999084472656,47.459999084472656,940000
2022-05-23,48.0,48.7400016784668,46.310001373291016,46.45000076293945,46.45000076293945,854800
2022-05-24,45.31999969482422,45.33000183105469,43.400001525878906,44.11000061035156,44.11000061035156,640300
2022-05-25,43.650001525878906,47.15999984741211,43.29999923706055,46.560001373291016,46.560001373291016,836000
2022-05-26,46.61000061035156,49.150001525878906,46.189998626708984,48.61000061035156,48.61000061035156,1033400
2022-05-27,48.79999923706055,49.0,46.91999816894531,47.560001373291016,47.560001373291016,570600
2022-05-31,49.119998931884766,50.29999923706055,47.220001220703125,48.900001525878906,48.900001525878906,1533400
2022-06-01,50.41999816894531,51.95000076293945,49.790000915527344,49.97999954223633,49.97999954223633,1568600
2022-06-02,50.040000915527344,54.56999969482422,50.0,54.150001525878906,54.150001525878906,2076500
2022-06-03,53.52000045776367,56.40999984741211,52.81999969482422,55.08000183105469,55.08000183105469,1046500
2022-06-06,59.150001525878906,63.939998626708984,58.9900016784668,61.72999954223633,61.72999954223633,3199200
2022-06-07,60.34000015258789,64.19000244140625,59.29999923706055,64.01000213623047,64.01000213623047,1871800
2022-06-08,64.0,67.05999755859375,62.59000015258789,63.63999938964844,63.63999938964844,2249200
2022-06-09,59.900001525878906,63.290000915527344,59.130001068115234,60.9900016784668,60.9900016784668,1550900
2022-06-10,60.0,65.37000274658203,60.0,62.220001220703125,62.220001220703125,1884900
2022-06-13,58.810001373291016,59.970001220703125,55.68000030517578,58.43000030517578,58.43000030517578,1717400
2022-06-14,59.709999084472656,59.84000015258789,55.41999816894531,56.56999969482422,56.56999969482422,1350800
2022-06-15,57.33000183105469,58.41999816894531,55.63999938964844,57.08000183105469,57.08000183105469,1175700
2022-06-16,54.91999816894531,56.779998779296875,52.75,53.970001220703125,53.970001220703125,1158300
2022-06-17,56.0099983215332,59.18000030517578,55.91999816894531,58.439998626708984,58.439998626708984,2689300
2022-06-21,60.540000915527344,67.56999969482422,60.5099983215332,67.0,67.0,3591100
2022-06-22,64.30000305175781,70.0,64.19999694824219,67.44999694824219,67.44999694824219,3167200
2022-06-23,68.0999984741211,69.47000122070312,65.26000213623047,66.2699966430664,66.2699966430664,1578900
2022-06-24,68.93000030517578,69.0,64.75,67.20999908447266,67.20999908447266,1467000
2022-06-27,67.22000122070312,74.0,66.56999969482422,72.11000061035156,72.11000061035156,4169100
2022-06-28,74.0,74.0999984741211,67.30999755859375,67.52999877929688,67.52999877929688,2606600
2022-06-29,65.79000091552734,68.30999755859375,63.4900016784668,67.16999816894531,67.16999816894531,1796300
2022-06-30,67.30000305175781,72.1500015258789,66.9000015258789,71.37999725341797,71.37999725341797,2958800
2022-07-01,70.08000183105469,71.0,68.23999786376953,70.69000244140625,70.69000244140625,1475300
2022-07-05,72.45999908447266,74.38999938964844,68.04000091552734,70.95999908447266,70.95999908447266,2592000
2022-07-06,70.02999877929688,71.45999908447266,65.18000030517578,67.0,67.0,1932000
2022-07-07,68.13999938964844,77.18000030517578,68.12000274658203,77.0,77.0,3200200
2022-07-08,76.8499984741211,77.05999755859375,71.5199966430664,73.83000183105469,73.83000183105469,2566100
2022-07-11,71.62000274658203,71.69999694824219,68.05000305175781,68.83999633789062,68.83999633789062,1652100
2022-07-12,68.44000244140625,69.20999908447266,65.11000061035156,65.5999984741211,65.5999984741211,1871900
2022-07-13,66.19999694824219,70.29000091552734,65.66000366210938,69.5,69.5,1938600
2022-07-14,69.0,70.9800033569336,67.0999984741211,70.1500015258789,70.1500015258789,883100
2022-07-15,67.30000305175781,67.30000305175781,60.70000076293945,66.83999633789062,66.83999633789062,3027100
2022-07-18,68.41000366210938,70.5199966430664,66.88999938964844,67.0999984741211,67.0999984741211,1183100
2022-07-19,67.38999938964844,67.98999786376953,65.16000366210938,67.45999908447266,67.45999908447266,1199700
2022-07-20,67.41999816894531,70.38999938964844,64.58999633789062,66.12999725341797,66.12999725341797,1486600
2022-07-21,65.56999969482422,66.30000305175781,63.220001220703125,64.41999816894531,64.41999816894531,1131200
2022-07-22,61.38999938964844,62.58000183105469,59.06999969482422,59.720001220703125,59.720001220703125,1839800
2022-07-25,59.59000015258789,60.790000915527344,57.81999969482422,60.369998931884766,60.369998931884766,1210000
2022-07-26,60.7400016784668,61.45000076293945,59.66999816894531,60.34000015258789,60.34000015258789,1812300
2022-07-27,61.040000915527344,64.91999816894531,59.95000076293945,64.43000030517578,64.43000030517578,1536000
2022-07-28,65.80000305175781,67.4000015258789,62.47999954223633,64.25,64.25,2366100
2022-07-29,63.369998931884766,65.6500015258789,63.0099983215332,64.69999694824219,64.69999694824219,1731500
2022-08-01,64.0,64.0,60.849998474121094,61.22999954223633,61.22999954223633,1176100
2022-08-02,58.77000045776367,63.31999969482422,58.470001220703125,61.65999984741211,61.65999984741211,1712700
2022-08-03,66.0,67.87999725341797,60.16999816894531,62.5099983215332,62.5099983215332,3022000
2022-08-04,63.099998474121094,66.94999694824219,62.029998779296875,66.81999969482422,66.81999969482422,1396200
2022-08-05,66.48999786376953,67.69000244140625,63.84000015258789,64.52999877929688,64.52999877929688,1570400
2022-08-08,66.08000183105469,69.98999786376953,63.349998474121094,64.0999984741211,64.0999984741211,1505200
2022-08-09,63.90999984741211,66.2300033569336,63.02000045776367,66.05000305175781,66.05000305175781,899800
2022-08-10,66.55000305175781,70.80000305175781,65.11000061035156,70.70999908447266,70.70999908447266,1797700
2022-08-11,70.91000366210938,72.20999908447266,69.4000015258789,70.7300033569336,70.7300033569336,1160500
2022-08-12,68.77999877929688,69.77999877929688,67.01000213623047,68.73999786376953,68.73999786376953,1220100
2022-08-15,69.0,71.63999938964844,67.33000183105469,68.58000183105469,68.58000183105469,1113000
2022-08-16,67.7300033569336,69.33999633789062,67.5,68.25,68.25,803700
2022-08-17,67.5,67.97000122070312,64.55999755859375,66.58000183105469,66.58000183105469,1182100
2022-08-18,67.6500015258789,68.47000122070312,65.41999816894531,66.7300033569336,66.7300033569336,1132800
2022-08-19,65.9800033569336,66.16000366210938,62.29999923706055,63.06999969482422,63.06999969482422,1446500
2022-08-22,61.79999923706055,63.68000030517578,60.68000030517578,62.290000915527344,62.290000915527344,1706100
2022-08-23,62.75,63.34000015258789,60.130001068115234,62.72999954223633,62.72999954223633,1374600
2022-08-24,62.2400016784668,63.5,62.18000030517578,62.22999954223633,62.22999954223633,1404600
2022-08-25,63.709999084472656,67.25,63.529998779296875,66.55999755859375,66.55999755859375,1692200
2022-08-26,68.83999633789062,73.36000061035156,68.29000091552734,71.87000274658203,71.87000274658203,5579100
2022-08-29,70.55999755859375,71.37000274658203,67.80999755859375,67.98999786376953,67.98999786376953,1330700
2022-08-30,69.13999938964844,69.43000030517578,64.06999969482422,64.7300033569336,64.7300033569336,1580200
2022-08-31,65.5,67.0,65.0,66.66999816894531,66.66999816894531,1184500
2022-09-01,64.91999816894531,68.38999938964844,64.73999786376953,68.27999877929688,68.27999877929688,1232900
2022-09-02,68.19999694824219,69.45999908447266,64.4000015258789,64.43000030517578,64.43000030517578,946300
2022-09-06,66.0199966430664,66.76000213623047,63.18000030517578,64.80999755859375,64.80999755859375,1288600
2022-09-07,64.62999725341797,68.69999694824219,63.34000015258789,68.56999969482422,68.56999969482422,934100
2022-09-08,64.30999755859375,64.80000305175781,61.099998474121094,63.41999816894531,63.41999816894531,2453400
2022-09-09,65.05000305175781,65.80000305175781,63.33000183105469,64.94999694824219,64.94999694824219,972500
2022-09-12,65.79000091552734,65.79000091552734,63.58000183105469,64.19000244140625,64.19000244140625,926900
2022-09-13,61.88999938964844,64.08000183105469,61.59000015258789,61.939998626708984,61.939998626708984,995200
2022-09-14,61.599998474121094,62.790000915527344,60.380001068115234,62.630001068115234,62.630001068115234,760200
2022-09-15,58.95000076293945,60.75,57.70000076293945,57.810001373291016,57.810001373291016,2089500
2022-09-16,56.900001525878906,57.41999816894531,55.029998779296875,56.380001068115234,56.380001068115234,3058700
2022-09-19,54.72999954223633,56.86000061035156,54.72999954223633,56.40999984741211,56.40999984741211,651900
2022-09-20,56.79999923706055,57.849998474121094,55.2599983215332,55.9900016784668,55.9900016784668,818500
2022-09-21,56.02000045776367,56.959999084472656,53.54999923706055,55.209999084472656,55.209999084472656,840100
2022-09-22,54.97999954223633,55.5,50.619998931884766,51.63999938964844,51.63999938964844,2504800
2022-09-23,49.97999954223633,52.11000061035156,49.47999954223633,51.77000045776367,51.77000045776367,1791100
2022-09-26,51.560001373291016,53.63999938964844,51.560001373291016,51.880001068115234,51.880001068115234,2594100
2022-09-27,53.439998626708984,53.72999954223633,51.099998474121094,51.33000183105469,51.33000183105469,1142600
2022-09-28,50.560001373291016,53.209999084472656,49.400001525878906,52.84000015258789,52.84000015258789,1132600
2022-09-29,51.459999084472656,51.459999084472656,49.209999084472656,49.95000076293945,49.95000076293945,1492400
2022-09-30,50.130001068115234,53.40999984741211,49.36000061035156,53.08000183105469,53.08000183105469,1666500
2022-10-03,53.31999969482422,54.689998626708984,53.130001068115234,53.40999984741211,53.40999984741211,622100
2022-10-04,54.810001373291016,56.470001220703125,53.88999938964844,55.65999984741211,55.65999984741211,763200
2022-10-05,55.15999984741211,56.45000076293945,53.20000076293945,55.25,55.25,833800
2022-10-06,54.79999923706055,55.36000061035156,51.25,51.63999938964844,51.63999938964844,1302600
2022-10-07,50.56999969482422,51.400001525878906,49.939998626708984,50.34000015258789,50.34000015258789,718300
2022-10-10,50.02000045776367,50.040000915527344,48.66999816894531,49.439998626708984,49.439998626708984,1011600
2022-10-11,48.599998474121094,49.540000915527344,47.83000183105469,48.84000015258789,48.84000015258789,882900
2022-10-12,49.58000183105469,50.54999923706055,48.75,49.7400016784668,49.7400016784668,846100
2022-10-13,48.0,51.45000076293945,47.66999816894531,50.63999938964844,50.63999938964844,817000
2022-10-14,52.93000030517578,53.400001525878906,50.5099983215332,50.720001220703125,50.720001220703125,998100
2022-10-17,51.95000076293945,52.47999954223633,47.619998931884766,48.09000015258789,48.09000015258789,1449400
2022-10-18,49.9900016784668,53.41999816894531,49.369998931884766,50.970001220703125,50.970001220703125,1489000
2022-10-19,49.5,50.2599983215332,48.16999816894531,49.099998474121094,49.099998474121094,863300
2022-10-20,49.09000015258789,49.34000015258789,46.959999084472656,47.52000045776367,47.52000045776367,1191500
2022-10-21,47.5,49.33000183105469,46.970001220703125,48.369998931884766,48.369998931884766,1877500
2022-10-24,45.189998626708984,46.099998474121094,41.029998779296875,45.13999938964844,45.13999938964844,2325100
2022-10-25,46.31999969482422,48.09000015258789,46.18000030517578,47.130001068115234,47.130001068115234,919400
2022-10-26,48.290000915527344,50.779998779296875,47.810001373291016,50.72999954223633,50.72999954223633,1684200
2022-10-27,49.310001373291016,50.70000076293945,47.599998474121094,48.380001068115234,48.380001068115234,1194500
2022-10-28,46.16999816894531,47.36000061035156,43.0099983215332,46.369998931884766,46.369998931884766,1377600
2022-10-31,43.84000015258789,45.59000015258789,43.380001068115234,43.9900016784668,43.9900016784668,1120800
2022-11-01,45.880001068115234,46.9900016784668,44.04999923706055,44.04999923706055,44.04999923706055,1076400
2022-11-02,44.65999984741211,47.040000915527344,43.31999969482422,44.59000015258789,44.59000015258789,979300
2022-11-03,45.119998931884766,46.150001525878906,45.0,45.2599983215332,45.2599983215332,913600
2022-11-04,48.619998931884766,48.869998931884766,45.2400016784668,46.11000061035156,46.11000061035156,1227800
2022-11-07,48.83000183105469,51.68000030517578,48.83000183105469,51.099998474121094,51.099998474121094,2299300
2022-11-08,51.66999816894531,52.470001220703125,50.65999984741211,52.29999923706055,52.29999923706055,1431400
2022-11-09,50.91999816894531,54.43000030517578,50.7599983215332,51.720001220703125,51.720001220703125,1450900
2022-11-10,53.560001373291016,55.7400016784668,52.18000030517578,55.66999816894531,55.66999816894531,1825300
2022-11-11,57.040000915527344,58.09000015258789,55.20000076293945,55.709999084472656,55.709999084472656,946800
2022-11-14,56.099998474121094,56.189998626708984,53.66999816894531,53.90999984741211,53.90999984741211,804400
2022-11-15,56.150001525878906,57.95000076293945,56.0,57.45000076293945,57.45000076293945,1234600
2022-11-16,56.59000015258789,58.439998626708984,55.189998626708984,55.22999954223633,55.22999954223633,791800
2022-11-17,53.93000030517578,56.09000015258789,53.290000915527344,55.630001068115234,55.630001068115234,629900
2022-11-18,55.0,55.66999816894531,52.43000030517578,53.09000015258789,53.09000015258789,834800
2022-11-21,52.38999938964844,52.97999954223633,51.290000915527344,52.25,52.25,471600
2022-11-22,51.650001525878906,51.95000076293945,50.2400016784668,51.849998474121094,51.849998474121094,464700
2022-11-23,52.540000915527344,52.959999084472656,50.849998474121094,51.20000076293945,51.20000076293945,778700
2022-11-25,50.0099983215332,50.40999984741211,48.130001068115234,49.81999969482422,49.81999969482422,724000
2022-11-28,49.5,50.61000061035156,48.400001525878906,50.45000076293945,50.45000076293945,642400
2022-11-29,52.119998931884766,53.31999969482422,50.75,50.7599983215332,50.7599983215332,740900
2022-11-30,53.2599983215332,56.97999954223633,53.0,56.90999984741211,56.90999984741211,1932900
2022-12-01,55.470001220703125,55.70000076293945,52.81999969482422,53.2400016784668,53.2400016784668,1577800
2022-12-02,52.540000915527344,55.130001068115234,52.04999923706055,54.029998779296875,54.029998779296875,1050200
2022-12-05,54.58000183105469,54.70000076293945,50.650001525878906,51.709999084472656,51.709999084472656,1608500
2022-12-06,51.790000915527344,52.25,48.33000183105469,49.27000045776367,49.27000045776367,1579100
2022-12-07,48.43000030517578,49.45000076293945,47.4900016784668,47.68000030517578,47.68000030517578,1290000
2022-12-08,47.040000915527344,49.0,46.29999923706055,46.7599983215332,46.7599983215332,1335800
2022-12-09,47.68000030517578,50.11000061035156,47.4900016784668,49.61000061035156,49.61000061035156,1127800
2022-12-12,48.88999938964844,49.209999084472656,47.02000045776367,47.790000915527344,47.790000915527344,1126200
2022-12-13,49.56999969482422,49.650001525878906,46.40999984741211,46.86000061035156,46.86000061035156,2603400
2022-12-14,47.09000015258789,47.09000015258789,45.290000915527344,46.189998626708984,46.189998626708984,1923100
2022-12-15,46.970001220703125,49.369998931884766,45.90999984741211,46.02000045776367,46.02000045776367,1023900
2022-12-16,46.7400016784668,47.0099983215332,44.290000915527344,44.56999969482422,44.56999969482422,4100800
2022-12-19,45.0,45.72999954223633,44.290000915527344,44.900001525878906,44.900001525878906,899900
2022-12-20,44.119998931884766,45.16999816894531,44.099998474121094,44.2599983215332,44.2599983215332,833900
2022-12-21,44.65999984741211,45.209999084472656,44.11000061035156,44.900001525878906,44.900001525878906,794400
2022-12-22,44.61000061035156,44.7400016784668,41.33000183105469,42.18000030517578,42.18000030517578,1501900
2022-12-23,42.56999969482422,42.77000045776367,39.939998626708984,40.5099983215332,40.5099983215332,1482000
2022-12-27,43.119998931884766,43.119998931884766,39.560001373291016,40.27000045776367,40.27000045776367,1410600
2022-12-28,39.63999938964844,40.45000076293945,38.90999984741211,39.130001068115234,39.130001068115234,1042600
2022-12-29,39.65999984741211,39.9900016784668,39.0099983215332,39.36000061035156,39.36000061035156,714000
2022-12-30,38.77000045776367,39.13999938964844,38.15999984741211,38.61000061035156,38.61000061035156,714700
2023-01-03,39.310001373291016,41.38999938964844,38.95000076293945,39.95000076293945,39.95000076293945,1400400
2023-01-04,39.400001525878906,40.0,37.61000061035156,38.86000061035156,38.86000061035156,1663500
2023-01-05,40.0,40.4900016784668,36.90999984741211,37.11000061035156,37.11000061035156,1455800
2023-01-06,37.59000015258789,40.63999938964844,37.59000015258789,39.7599983215332,39.7599983215332,1630600
2023-01-09,40.52000045776367,40.90999984741211,39.43000030517578,39.619998931884766,39.619998931884766,1329100
2023-01-10,40.689998626708984,45.2400016784668,40.45000076293945,44.529998779296875,44.529998779296875,3048100
2023-01-11,45.5,47.20000076293945,44.04999923706055,45.15999984741211,45.15999984741211,1899300
2023-01-12,44.459999084472656,45.58000183105469,43.7599983215332,44.41999816894531,44.41999816894531,999100
2023-01-13,43.970001220703125,44.5,42.66999816894531,43.650001525878906,43.650001525878906,1232000
2023-01-17,44.150001525878906,46.93000030517578,43.5099983215332,46.779998779296875,46.779998779296875,1695700
2023-01-18,46.70000076293945,46.97999954223633,43.650001525878906,43.79999923706055,43.79999923706055,1524000
2023-01-19,44.04999923706055,45.209999084472656,43.25,44.47999954223633,44.47999954223633,1146900
2023-01-20,46.0,47.90999984741211,45.15999984741211,47.31999969482422,47.31999969482422,1522800
2023-01-23,47.40999984741211,48.70000076293945,46.810001373291016,47.90999984741211,47.90999984741211,786000
2023-01-24,47.720001220703125,49.0,46.40999984741211,46.66999816894531,46.66999816894531,1255400
2023-01-25,46.0,46.599998474121094,45.209999084472656,46.43000030517578,46.43000030517578,537000
2023-01-26,47.75,47.81999969482422,46.36000061035156,46.7599983215332,46.7599983215332,403400
2023-01-27,47.0,47.34000015258789,45.65999984741211,45.66999816894531,45.66999816894531,559500
2023-01-30,44.59000015258789,44.939998626708984,43.349998474121094,43.529998779296875,43.529998779296875,868200
2023-01-31,43.29999923706055,46.47999954223633,43.20000076293945,45.5099983215332,45.5099983215332,1007200
2023-02-01,48.0,48.959999084472656,46.81999969482422,47.619998931884766,47.619998931884766,1657500
2023-02-02,47.9900016784668,48.13999938964844,45.540000915527344,46.11000061035156,46.11000061035156,981800
2023-02-03,43.95000076293945,44.900001525878906,43.25,43.439998626708984,43.439998626708984,1473300
2023-02-06,42.599998474121094,43.279998779296875,41.43000030517578,43.09000015258789,43.09000015258789,1262000
2023-02-07,43.369998931884766,44.2400016784668,41.86000061035156,43.52000045776367,43.52000045776367,889800
2023-02-08,44.58000183105469,45.29999923706055,41.810001373291016,42.56999969482422,42.56999969482422,1699400
2023-02-09,43.83000183105469,44.40999984741211,42.08000183105469,42.36000061035156,42.36000061035156,1012200
2023-02-10,42.02000045776367,43.099998474121094,41.650001525878906,42.119998931884766,42.119998931884766,806100
2023-02-13,42.720001220703125,42.95000076293945,41.86000061035156,42.06999969482422,42.06999969482422,856000
2023-02-14,41.790000915527344,43.20000076293945,41.56999969482422,42.84000015258789,42.84000015258789,861200
2023-02-15,42.27000045776367,44.18000030517578,42.2599983215332,43.91999816894531,43.91999816894531,785300
2023-02-16,43.0,43.9900016784668,42.959999084472656,43.369998931884766,43.369998931884766,815200
2023-02-17,42.599998474121094,43.0,41.279998779296875,42.099998474121094,42.099998474121094,1072600
2023-02-21,41.9900016784668,43.220001220703125,40.88999938964844,43.040000915527344,43.040000915527344,2357200
2023-02-22,42.9900016784668,45.79999923706055,42.66999816894531,45.04999923706055,45.04999923706055,1745500
2023-02-23,45.7400016784668,46.959999084472656,45.400001525878906,46.41999816894531,46.41999816894531,2035400
2023-02-24,45.36000061035156,45.9900016784668,43.810001373291016,44.52000045776367,44.52000045776367,1699300
2023-02-27,45.720001220703125,46.209999084472656,44.63999938964844,44.97999954223633,44.97999954223633,1487500
2023-02-28,43.83000183105469,46.189998626708984,43.220001220703125,44.18000030517578,44.18000030517578,2004700
2023-03-01,46.15999984741211,47.5099983215332,45.2400016784668,47.290000915527344,47.290000915527344,2335600
2023-03-02,46.900001525878906,49.0099983215332,46.849998474121094,48.779998779296875,48.779998779296875,2278300
2023-03-03,48.900001525878906,52.93000030517578,48.75,52.02000045776367,52.02000045776367,2508500
2023-03-06,52.88999938964844,55.599998474121094,52.88999938964844,54.939998626708984,54.939998626708984,2815000
2023-03-07,54.63999938964844,54.83000183105469,53.369998931884766,53.83000183105469,53.83000183105469,1498500
2023-03-08,53.75,54.47999954223633,51.5099983215332,52.560001373291016,52.560001373291016,1187100
2023-03-09,52.06999969482422,53.040000915527344,50.7400016784668,50.75,50.75,1058700
2023-03-10,49.689998626708984,51.45000076293945,48.5,49.900001525878906,49.900001525878906,1121800
2023-03-13,49.06999969482422,51.380001068115234,48.91999816894531,49.83000183105469,49.83000183105469,1105400
2023-03-14,50.150001525878906,51.84000015258789,50.060001373291016,50.70000076293945,50.70000076293945,1254600
2023-03-15,49.5099983215332,49.720001220703125,48.189998626708984,49.2599983215332,49.2599983215332,1077800
2023-03-16,48.540000915527344,48.63999938964844,47.11000061035156,48.220001220703125,48.220001220703125,1012500
2023-03-17,47.9900016784668,48.20000076293945,45.18000030517578,45.68000030517578,45.68000030517578,1811600
2023-03-20,45.380001068115234,49.04999923706055,45.380001068115234,48.0,48.0,769700
2023-03-21,49.380001068115234,50.560001373291016,48.79999923706055,49.529998779296875,49.529998779296875,625200
2023-03-22,50.04999923706055,50.5,48.02000045776367,48.08000183105469,48.08000183105469,1357300
2023-03-23,49.25,50.7400016784668,48.470001220703125,49.02000045776367,49.02000045776367,898600
2023-03-24,48.290000915527344,50.810001373291016,48.25,50.650001525878906,50.650001525878906,1078400
2023-03-27,50.380001068115234,50.9900016784668,49.13999938964844,49.52000045776367,49.52000045776367,1193600
2023-03-28,49.86000061035156,49.86000061035156,48.380001068115234,49.09000015258789,49.09000015258789,960800
2023-03-29,48.790000915527344,49.0099983215332,46.20000076293945,46.75,46.75,1548900
2023-03-30,47.310001373291016,47.5099983215332,46.5,46.65999984741211,46.65999984741211,954200
2023-03-31,46.959999084472656,47.7599983215332,46.20000076293945,46.84000015258789,46.84000015258789,2108400
2023-04-03,46.810001373291016,47.33000183105469,45.119998931884766,45.779998779296875,45.779998779296875,916900
2023-04-04,45.2599983215332,45.95000076293945,44.68000030517578,45.130001068115234,45.130001068115234,559400
2023-04-05,44.66999816894531,45.2400016784668,43.11000061035156,44.0,44.0,906500
2023-04-06,44.0,44.939998626708984,43.790000915527344,44.470001220703125,44.470001220703125,1174200
2023-04-10,44.38999938964844,47.279998779296875,44.18000030517578,47.25,47.25,688300
2023-04-11,47.720001220703125,48.7599983215332,47.45000076293945,48.439998626708984,48.439998626708984,1279900
2023-04-12,48.310001373291016,48.7599983215332,45.65999984741211,45.65999984741211,45.65999984741211,890700
2023-04-13,45.97999954223633,47.029998779296875,45.560001373291016,45.61000061035156,45.61000061035156,542500
2023-04-14,45.56999969482422,46.2599983215332,44.5099983215332,45.61000061035156,45.61000061035156,987000
2023-04-17,46.540000915527344,46.939998626708984,45.81999969482422,45.86000061035156,45.86000061035156,698000
2023-04-18,46.0099983215332,46.16999816894531,44.84000015258789,45.709999084472656,45.709999084472656,481700
2023-04-19,45.0,45.38999938964844,44.560001373291016,45.369998931884766,45.369998931884766,571500
2023-04-20,44.65999984741211,45.630001068115234,44.45000076293945,44.7599983215332,44.7599983215332,483400
2023-04-21,44.040000915527344,44.59000015258789,43.400001525878906,43.849998474121094,43.849998474121094,454000
2023-04-24,43.29999923706055,43.459999084472656,42.08000183105469,42.79999923706055,42.79999923706055,885200
2023-04-25,42.0,42.70000076293945,41.68000030517578,42.459999084472656,42.459999084472656,737500
2023-04-26,42.5,42.970001220703125,41.849998474121094,42.33000183105469,42.33000183105469,926200
2023-04-27,41.0,44.33000183105469,41.0,43.90999984741211,43.90999984741211,2037800
2023-04-28,43.15999984741211,46.290000915527344,42.599998474121094,45.91999816894531,45.91999816894531,1170900
2023-05-01,45.849998474121094,48.310001373291016,45.75,47.779998779296875,47.779998779296875,1271300
2023-05-02,47.09000015258789,47.5,45.25,45.41999816894531,45.41999816894531,825100
2023-05-03,45.0,46.13999938964844,42.560001373291016,42.77000045776367,42.77000045776367,1252200
2023-05-04,43.0099983215332,43.11000061035156,41.060001373291016,41.88999938964844,41.88999938964844,1125600
2023-05-05,43.0099983215332,45.0099983215332,42.119998931884766,44.72999954223633,44.72999954223633,866900
2023-05-08,44.150001525878906,44.86000061035156,43.119998931884766,43.84000015258789,43.84000015258789,882000
2023-05-09,43.0,43.0,41.150001525878906,42.11000061035156,42.11000061035156,1183500
2023-05-10,41.970001220703125,42.689998626708984,41.060001373291016,41.47999954223633,41.47999954223633,995200
2023-05-11,41.209999084472656,43.38999938964844,40.849998474121094,43.25,43.25,938500
2023-05-12,43.18000030517578,44.08000183105469,42.61000061035156,42.779998779296875,42.779998779296875,1023100
2023-05-15,42.93000030517578,43.41999816894531,41.7400016784668,42.66999816894531,42.66999816894531,1066200
2023-05-16,42.0099983215332,43.31999969482422,41.630001068115234,41.65999984741211,41.65999984741211,1242300
2023-05-17,41.060001373291016,41.689998626708984,40.849998474121094,41.189998626708984,41.189998626708984,874700
2023-05-18,41.11000061035156,41.18000030517578,39.0,39.720001220703125,39.720001220703125,1720000
2023-05-19,39.849998474121094,40.20000076293945,38.279998779296875,38.52000045776367,38.52000045776367,1271700
2023-05-22,39.0,39.02000045776367,37.11000061035156,37.7400016784668,37.7400016784668,1388000
2023-05-23,38.779998779296875,40.04999923706055,37.900001525878906,39.7400016784668,39.7400016784668,1233300
2023-05-24,39.93000030517578,40.13999938964844,38.79999923706055,39.18000030517578,39.18000030517578,737700
2023-05-25,39.040000915527344,39.22999954223633,37.720001220703125,38.34000015258789,38.34000015258789,896600
2023-05-26,38.599998474121094,38.63999938964844,37.31999969482422,38.189998626708984,38.189998626708984,572400
2023-05-30,38.0,38.09000015258789,36.310001373291016,36.91999816894531,36.91999816894531,1451100
2023-05-31,36.56999969482422,36.56999969482422,35.70000076293945,35.95000076293945,35.95000076293945,1480500
2023-06-01,35.9900016784668,37.599998474121094,35.4900016784668,37.38999938964844,37.38999938964844,1170200
2023-06-02,38.5,38.81999969482422,37.45000076293945,38.36000061035156,38.36000061035156,778000
2023-06-05,38.33000183105469,38.70000076293945,37.619998931884766,37.86000061035156,37.86000061035156,468600
2023-06-06,37.77000045776367,38.54999923706055,37.33000183105469,38.18000030517578,38.18000030517578,397800
2023-06-07,37.900001525878906,39.290000915527344,37.59000015258789,39.130001068115234,39.130001068115234,1450200
2023-06-08,39.4900016784668,39.880001068115234,38.27000045776367,39.7400016784668,39.7400016784668,1128000
2023-06-09,39.59000015258789,42.529998779296875,39.36000061035156,41.58000183105469,41.58000183105469,2338400
2023-06-12,41.439998626708984,41.5,40.29999923706055,40.709999084472656,40.709999084472656,881500
2023-06-13,41.11000061035156,41.790000915527344,40.08000183105469,40.47999954223633,40.47999954223633,917000
2023-06-14,40.68000030517578,42.15999984741211,40.31999969482422,41.75,41.75,1176700
2023-06-15,41.90999984741211,43.65999984741211,41.84000015258789,42.59000015258789,42.59000015258789,1177100
2023-06-16,43.209999084472656,43.65999984741211,42.22999954223633,42.650001525878906,42.650001525878906,1414100
2023-06-20,41.5,41.54999923706055,38.97999954223633,39.43000030517578,39.43000030517578,1444300
2023-06-21,39.209999084472656,39.52000045776367,38.709999084472656,39.04999923706055,39.04999923706055,400800
2023-06-22,38.900001525878906,38.91999816894531,37.939998626708984,38.25,38.25,613800
2023-06-23,38.0,38.150001525878906,37.77000045776367,37.77000045776367,37.77000045776367,472200
2023-06-26,37.75,38.9900016784668,37.060001373291016,37.220001220703125,37.220001220703125,782400
2023-06-27,38.0,38.0,37.040000915527344,37.47999954223633,37.47999954223633,654300
2023-06-28,37.599998474121094,37.66999816894531,36.810001373291016,37.54999923706055,37.54999923706055,502700
2023-06-29,37.5,38.56999969482422,37.06999969482422,38.22999954223633,38.22999954223633,773700
2023-06-30,38.38999938964844,40.209999084472656,37.72999954223633,39.70000076293945,39.70000076293945,927100
2023-07-03,39.9900016784668,41.43000030517578,38.810001373291016,39.060001373291016,39.060001373291016,498100
2023-07-05,38.95000076293945,39.779998779296875,38.63999938964844,38.7599983215332,38.7599983215332,693800
2023-07-06,38.20000076293945,38.650001525878906,37.38999938964844,37.779998779296875,37.779998779296875,585700
2023-07-07,38.04999923706055,39.619998931884766,38.0,39.22999954223633,39.22999954223633,647000
2023-07-10,39.4900016784668,39.970001220703125,39.0,39.459999084472656,39.459999084472656,645100
2023-07-11,39.47999954223633,39.58000183105469,37.900001525878906,38.880001068115234,38.880001068115234,551400
2023-07-12,39.650001525878906,40.79999923706055,39.459999084472656,40.09000015258789,40.09000015258789,934900
2023-07-13,40.7599983215332,41.369998931884766,39.86000061035156,40.09000015258789,40.09000015258789,891000
2023-07-14,40.09000015258789,40.13999938964844,38.38999938964844,38.72999954223633,38.72999954223633,903400
2023-07-17,38.75,39.2400016784668,38.279998779296875,38.9900016784668,38.9900016784668,791100
2023-07-18,38.45000076293945,39.220001220703125,38.209999084472656,38.2599983215332,38.2599983215332,711100
2023-07-19,38.72999954223633,39.189998626708984,38.0099983215332,38.38999938964844,38.38999938964844,523300
2023-07-20,38.04999923706055,38.220001220703125,37.400001525878906,37.63999938964844,37.63999938964844,535200
2023-07-21,37.79999923706055,37.900001525878906,37.0,37.22999954223633,37.22999954223633,703200
2023-07-24,37.09000015258789,37.97999954223633,36.93000030517578,37.70000076293945,37.70000076293945,567700
2023-07-25,38.61000061035156,38.650001525878906,37.380001068115234,37.439998626708984,37.439998626708984,574900
2023-07-26,37.209999084472656,38.720001220703125,37.0,38.15999984741211,38.15999984741211,857400
2023-07-27,38.5,38.619998931884766,37.310001373291016,37.38999938964844,37.38999938964844,748000
2023-07-28,38.20000076293945,38.689998626708984,37.75,38.290000915527344,38.290000915527344,608400
2023-07-31,38.599998474121094,40.130001068115234,38.5,39.06999969482422,39.06999969482422,833300
2023-08-01,38.709999084472656,39.36000061035156,37.93000030517578,38.04999923706055,38.04999923706055,730300
2023-08-02,37.459999084472656,37.630001068115234,35.849998474121094,36.04999923706055,36.04999923706055,1070600
2023-08-03,33.880001068115234,35.91999816894531,33.400001525878906,34.34000015258789,34.34000015258789,3138900
2023-08-04,34.709999084472656,36.91999816894531,34.599998474121094,36.25,36.25,1603900
2023-08-07,36.4900016784668,38.02000045776367,36.4900016784668,37.400001525878906,37.400001525878906,1634500
2023-08-08,36.34000015258789,37.029998779296875,36.029998779296875,36.900001525878906,36.900001525878906,1053000
2023-08-09,37.18000030517578,38.77000045776367,37.040000915527344,38.34000015258789,38.34000015258789,1338500
2023-08-10,38.720001220703125,38.90999984741211,37.720001220703125,37.7599983215332,37.7599983215332,1223800
2023-08-11,36.63999938964844,36.79999923706055,34.630001068115234,35.11000061035156,35.11000061035156,1399100
2023-08-14,34.779998779296875,36.13999938964844,33.93000030517578,35.869998931884766,35.869998931884766,1131000
2023-08-15,35.310001373291016,35.709999084472656,34.88999938964844,35.439998626708984,35.439998626708984,571300
2023-08-16,35.040000915527344,36.209999084472656,34.77000045776367,35.29999923706055,35.29999923706055,1237300
2023-08-17,35.45000076293945,36.22999954223633,35.13999938964844,35.61000061035156,35.61000061035156,1399900
2023-08-18,34.959999084472656,35.22999954223633,34.45000076293945,35.13999938964844,35.13999938964844,1397000
2023-08-21,34.90999984741211,35.33000183105469,34.349998474121094,34.790000915527344,34.790000915527344,544300
2023-08-22,35.7400016784668,35.97999954223633,34.220001220703125,34.400001525878906,34.400001525878906,926900
2023-08-23,34.40999984741211,36.06999969482422,34.40999984741211,35.709999084472656,35.709999084472656,894400
2023-08-24,36.0,36.47999954223633,35.29999923706055,35.459999084472656,35.459999084472656,723800
2023-08-25,35.66999816894531,35.959999084472656,34.439998626708984,35.720001220703125,35.720001220703125,787800
2023-08-28,36.0,36.20000076293945,35.599998474121094,36.11000061035156,36.11000061035156,400500
2023-08-29,36.22999954223633,37.40999984741211,36.06999969482422,37.099998474121094,37.099998474121094,561400
2023-08-30,36.5,37.08000183105469,36.5,36.790000915527344,36.790000915527344,574000
2023-08-31,36.5099983215332,37.400001525878906,36.400001525878906,36.970001220703125,36.970001220703125,1006900
2023-09-01,37.619998931884766,37.91999816894531,36.66999816894531,36.810001373291016,36.810001373291016,456300
2023-09-05,37.0,37.20000076293945,35.5099983215332,36.2400016784668,36.2400016784668,703400
2023-09-06,35.83000183105469,36.77000045776367,35.150001525878906,35.380001068115234,35.380001068115234,859200
2023-09-07,34.59000015258789,35.380001068115234,33.29999923706055,33.7599983215332,33.7599983215332,1024400
2023-09-08,33.88999938964844,34.2599983215332,33.369998931884766,33.97999954223633,33.97999954223633,621200
2023-09-11,34.439998626708984,34.880001068115234,33.22999954223633,33.47999954223633,33.47999954223633,675700
2023-09-12,33.31999969482422,33.529998779296875,32.7599983215332,32.869998931884766,32.869998931884766,721100
2023-09-13,33.0,33.04999923706055,31.770000457763672,32.33000183105469,32.33000183105469,616000
2023-09-14,32.880001068115234,33.63999938964844,32.790000915527344,33.40999984741211,33.40999984741211,1048100
2023-09-15,33.27000045776367,33.369998931884766,32.33000183105469,32.4900016784668,32.4900016784668,1117700
2023-09-18,32.130001068115234,32.439998626708984,31.420000076293945,31.6200008392334,31.6200008392334,575000
2023-09-19,30.920000076293945,31.350000381469727,30.360000610351562,30.559999465942383,30.559999465942383,862800
2023-09-20,30.639999389648438,30.8700008392334,30.010000228881836,30.209999084472656,30.209999084472656,756300
2023-09-21,29.940000534057617,30.6299991607666,29.600000381469727,30.549999237060547,30.549999237060547,872700
2023-09-22,31.280000686645508,31.280000686645508,30.06999969482422,30.219999313354492,30.219999313354492,585600
2023-09-25,29.700000762939453,30.920000076293945,29.610000610351562,30.110000610351562,30.110000610351562,449500
2023-09-26,29.959999084472656,31.149999618530273,29.920000076293945,30.719999313354492,30.719999313354492,594200
2023-09-27,30.959999084472656,31.190000534057617,30.020000457763672,30.3700008392334,30.3700008392334,517700
2023-09-28,30.350000381469727,30.350000381469727,29.479999542236328,29.719999313354492,29.719999313354492,469100
2023-09-29,30.399999618530273,31.110000610351562,30.110000610351562,30.270000457763672,30.270000457763672,754600
2023-10-02,29.959999084472656,30.09000015258789,29.299999237060547,29.56999969482422,29.56999969482422,738300
2023-10-03,29.059999465942383,29.420000076293945,28.34000015258789,28.770000457763672,28.770000457763672,988500
2023-10-04,28.479999542236328,28.719999313354492,27.149999618530273,27.479999542236328,27.479999542236328,1161700
2023-10-05,27.40999984741211,27.559999465942383,25.610000610351562,26.170000076293945,26.170000076293945,1502600
2023-10-06,26.06999969482422,26.690000534057617,25.969999313354492,26.229999542236328,26.229999542236328,900100
2023-10-09,25.989999771118164,26.190000534057617,25.06999969482422,25.8799991607666,25.8799991607666,844700
2023-10-10,26.1299991607666,28.450000762939453,26.1200008392334,27.719999313354492,27.719999313354492,1008900
2023-10-11,28.200000762939453,28.3700008392334,27.1200008392334,27.559999465942383,27.559999465942383,760000
2023-10-12,27.670000076293945,27.700000762939453,26.610000610351562,27.040000915527344,27.040000915527344,776500
2023-10-13,26.860000610351562,27.010000228881836,26.34000015258789,26.889999389648438,26.889999389648438,573600
2023-10-16,26.700000762939453,26.700000762939453,25.600000381469727,26.270000457763672,26.270000457763672,866900
2023-10-17,26.0,27.290000915527344,25.670000076293945,27.049999237060547,27.049999237060547,678300
2023-10-18,26.610000610351562,26.850000381469727,25.84000015258789,25.979999542236328,25.979999542236328,603200
2023-10-19,25.729999542236328,26.100000381469727,25.360000610351562,25.469999313354492,25.469999313354492,793300
2023-10-20,24.989999771118164,25.350000381469727,24.56999969482422,24.860000610351562,24.860000610351562,888400
2023-10-23,24.5,24.719999313354492,24.06999969482422,24.360000610351562,24.360000610351562,772300
2023-10-24,24.84000015258789,25.3700008392334,24.420000076293945,24.719999313354492,24.719999313354492,920000
2023-10-25,24.360000610351562,24.479999542236328,23.579999923706055,23.81999969482422,23.81999969482422,669000
2023-10-26,24.020000457763672,24.020000457763672,23.239999771118164,23.56999969482422,23.56999969482422,981400
2023-10-27,23.8700008392334,23.889999389648438,22.940000534057617,23.329999923706055,23.329999923706055,1305200
2023-10-30,24.040000915527344,27.149999618530273,23.920000076293945,24.700000762939453,24.700000762939453,2238200
2023-10-31,24.3700008392334,25.860000610351562,24.290000915527344,25.459999084472656,25.459999084472656,1216300
2023-11-01,25.329999923706055,25.600000381469727,24.600000381469727,24.899999618530273,24.899999618530273,1494300
2023-11-02,25.020000457763672,25.850000381469727,24.979999542236328,25.489999771118164,25.489999771118164,1627400
2023-11-03,26.0,26.809999465942383,25.5,26.1200008392334,26.1200008392334,1823000
2023-11-06,26.18000030517578,26.850000381469727,25.649999618530273,26.389999389648438,26.389999389648438,1047900
2023-11-07,26.149999618530273,26.610000610351562,25.3700008392334,26.309999465942383,26.309999465942383,1096600
2023-11-08,25.940000534057617,26.639999389648438,25.700000762939453,26.209999084472656,26.209999084472656,1486200
2023-11-09,26.389999389648438,27.149999618530273,26.049999237060547,26.239999771118164,26.239999771118164,1223100
2023-11-10,26.139999389648438,26.950000762939453,25.889999389648438,26.8799991607666,26.8799991607666,756100
2023-11-13,26.690000534057617,28.079999923706055,26.6200008392334,27.540000915527344,27.540000915527344,1358500
2023-11-14,27.920000076293945,28.6200008392334,27.920000076293945,28.559999465942383,28.559999465942383,1309000
2023-11-15,28.280000686645508,30.010000228881836,28.280000686645508,29.0,29.0,1447100
2023-11-16,28.030000686645508,28.489999771118164,27.190000534057617,27.809999465942383,27.809999465942383,1142400
2023-11-17,27.43000030517578,27.770000457763672,26.780000686645508,26.979999542236328,26.979999542236328,471200
2023-11-20,27.31999969482422,27.360000610351562,26.920000076293945,27.15999984741211,27.15999984741211,559600
2023-11-21,26.889999389648438,26.899999618530273,25.809999465942383,26.100000381469727,26.100000381469727,686100
2023-11-22,26.309999465942383,26.5,25.860000610351562,26.31999969482422,26.31999969482422,608500
2023-11-24,26.010000228881836,26.229999542236328,25.889999389648438,25.969999313354492,25.969999313354492,303100
2023-11-27,25.739999771118164,25.739999771118164,24.420000076293945,24.829999923706055,24.829999923706055,1363100
2023-11-28,24.6299991607666,24.719999313354492,23.219999313354492,24.010000228881836,24.010000228881836,1925200
2023-11-29,24.030000686645508,24.75,24.0,24.280000686645508,24.280000686645508,1557000
2023-11-30,24.450000762939453,24.530000686645508,23.540000915527344,23.65999984741211,23.65999984741211,1527700
2023-12-01,23.40999984741211,24.889999389648438,23.399999618530273,24.780000686645508,24.780000686645508,1666300
2023-12-04,24.5,25.1200008392334,24.229999542236328,24.649999618530273,24.649999618530273,834700
2023-12-05,24.219999313354492,24.389999389648438,23.670000076293945,23.719999313354492,23.719999313354492,834300
2023-12-06,23.969999313354492,24.450000762939453,22.950000762939453,22.959999084472656,22.959999084472656,1385700
2023-12-07,23.0,23.56999969482422,22.6299991607666,23.170000076293945,23.170000076293945,1585200
2023-12-08,23.040000915527344,23.850000381469727,22.81999969482422,23.110000610351562,23.110000610351562,751700
2023-12-11,23.010000228881836,23.530000686645508,22.829999923706055,23.190000534057617,23.190000534057617,719600
2023-12-12,23.200000762939453,23.209999084472656,21.969999313354492,22.110000610351562,22.110000610351562,805700
2023-12-13,22.0,22.5,21.479999542236328,22.360000610351562,22.360000610351562,2488500
2023-12-14,22.959999084472656,23.700000762939453,22.709999084472656,23.030000686645508,23.030000686645508,1988500
2023-12-15,23.5,24.489999771118164,23.399999618530273,23.729999542236328,23.729999542236328,2627900
2023-12-18,23.579999923706055,23.969999313354492,23.09000015258789,23.34000015258789,23.34000015258789,1255100
2023-12-19,23.420000076293945,24.31999969482422,23.399999618530273,24.31999969482422,24.31999969482422,1579200
2023-12-20,24.09000015258789,24.719999313354492,23.25,23.270000457763672,23.270000457763672,1480300
2023-12-21,23.93000030517578,25.399999618530273,23.729999542236328,25.329999923706055,25.329999923706055,921200
2023-12-22,24.979999542236328,25.270000457763672,24.780000686645508,25.0,25.0,1004000
2023-12-26,24.510000228881836,25.8700008392334,24.5,25.40999984741211,25.40999984741211,836100
2023-12-27,25.65999984741211,25.84000015258789,25.440000534057617,25.639999389648438,25.639999389648438,643200
2023-12-28,26.40999984741211,27.65999984741211,26.219999313354492,26.549999237060547,26.549999237060547,1192700
2023-12-29,26.600000381469727,26.829999923706055,26.079999923706055,26.600000381469727,26.600000381469727,1011300
2024-01-02,26.0,26.18000030517578,24.889999389648438,25.18000030517578,25.18000030517578,794400
2024-01-03,24.829999923706055,24.90999984741211,23.75,24.280000686645508,24.280000686645508,768200
2024-01-04,24.09000015258789,24.399999618530273,23.549999237060547,23.600000381469727,23.600000381469727,592200
2024-01-05,23.510000228881836,23.84000015258789,23.219999313354492,23.610000610351562,23.610000610351562,768600
2024-01-08,23.399999618530273,23.8700008392334,23.049999237060547,23.209999084472656,23.209999084472656,1118500
2024-01-09,22.979999542236328,23.25,22.489999771118164,23.149999618530273,23.149999618530273,1084200
2024-01-10,23.09000015258789,23.360000610351562,22.440000534057617,22.90999984741211,22.90999984741211,671900
2024-01-11,23.200000762939453,23.239999771118164,22.6299991607666,22.700000762939453,22.700000762939453,618200
2024-01-12,22.920000076293945,23.65999984741211,22.739999771118164,22.8799991607666,22.8799991607666,715500
2024-01-16,22.690000534057617,23.149999618530273,21.299999237060547,21.389999389648438,21.389999389648438,1249500
2024-01-17,20.34000015258789,20.969999313354492,20.260000228881836,20.700000762939453,20.700000762939453,1044200
2024-01-18,21.190000534057617,21.549999237060547,21.010000228881836,21.270000457763672,21.270000457763672,1075700
2024-01-19,21.110000610351562,21.34000015258789,20.200000762939453,20.3799991607666,20.3799991607666,1064500
2024-01-22,20.040000915527344,20.6200008392334,19.520000457763672,20.09000015258789,20.09000015258789,1100300
2024-01-23,21.0,22.229999542236328,20.440000534057617,20.959999084472656,20.959999084472656,1338300
2024-01-24,21.530000686645508,21.549999237060547,19.6200008392334,19.6299991607666,19.6299991607666,1332100
2024-01-25,19.760000228881836,20.260000228881836,19.350000381469727,19.65999984741211,19.65999984741211,950700
2024-01-26,19.639999389648438,19.780000686645508,19.170000076293945,19.18000030517578,19.18000030517578,611300
2024-01-29,18.959999084472656,19.100000381469727,18.309999465942383,19.020000457763672,19.020000457763672,1041200
2024-01-30,18.709999084472656,19.139999389648438,18.31999969482422,18.459999084472656,18.459999084472656,647100
2024-01-31,18.520000457763672,18.770000457763672,18.049999237060547,18.049999237060547,18.049999237060547,964800
2024-02-01,18.420000076293945,18.59000015258789,17.959999084472656,18.18000030517578,18.18000030517578,1008400
2024-02-02,17.8700008392334,17.989999771118164,17.479999542236328,17.850000381469727,17.850000381469727,1146300
2024-02-05,17.5,17.860000610351562,17.299999237060547,17.790000915527344,17.790000915527344,1445400
2024-02-06,18.6299991607666,18.950000762939453,17.940000534057617,18.149999618530273,18.149999618530273,1142300
2024-02-07,18.25,19.829999923706055,18.25,19.399999618530273,19.399999618530273,1232900
2024-02-08,19.34000015258789,19.610000610351562,19.170000076293945,19.5,19.5,991300
2024-02-09,19.65999984741211,20.049999237060547,19.1299991607666,19.829999923706055,19.829999923706055,700100
2024-02-12,19.940000534057617,20.59000015258789,19.809999465942383,20.079999923706055,20.079999923706055,1045800
2024-02-13,19.219999313354492,19.600000381469727,18.389999389648438,18.549999237060547,18.549999237060547,772200
2024-02-14,18.8799991607666,19.200000762939453,18.5,19.040000915527344,19.040000915527344,701900
2024-02-15,19.209999084472656,19.600000381469727,19.059999465942383,19.270000457763672,19.270000457763672,665800
2024-02-16,19.25,19.969999313354492,19.219999313354492,19.6200008392334,19.6200008392334,943900
2024-02-20,19.350000381469727,19.350000381469727,18.420000076293945,19.09000015258789,19.09000015258789,883900
2024-02-21,18.829999923706055,19.040000915527344,18.309999465942383,18.5,18.5,1147500
2024-02-22,19.049999237060547,19.049999237060547,18.079999923706055,18.239999771118164,18.239999771118164,979400
2024-02-23,18.209999084472656,18.690000534057617,17.809999465942383,18.5,18.5,826000
2024-02-26,18.530000686645508,19.1200008392334,18.420000076293945,19.06999969482422,19.06999969482422,706500
2024-02-27,19.18000030517578,20.030000686645508,19.059999465942383,19.489999771118164,19.489999771118164,1324500
2024-02-28,20.799999237060547,21.399999618530273,19.5,20.860000610351562,20.860000610351562,1830900
2024-02-29,21.239999771118164,22.719999313354492,20.709999084472656,21.280000686645508,21.280000686645508,8750000
2024-03-01,21.479999542236328,23.40999984741211,21.15999984741211,22.889999389648438,22.889999389648438,1824500
2024-03-04,23.299999237060547,23.469999313354492,22.639999389648438,22.93000030517578,22.93000030517578,1558900
2024-03-05,22.440000534057617,23.59000015258789,22.0,22.489999771118164,22.489999771118164,1605100
2024-03-06,23.040000915527344,24.469999313354492,22.93000030517578,24.299999237060547,24.299999237060547,2023600
2024-03-07,24.5,25.989999771118164,23.90999984741211,25.860000610351562,25.860000610351562,2632800
2024-03-08,26.030000686645508,28.329999923706055,26.0,28.049999237060547,28.049999237060547,2791900
2024-03-11,29.079999923706055,29.809999465942383,27.489999771118164,28.920000076293945,28.920000076293945,3455600
2024-03-12,28.43000030517578,30.030000686645508,27.950000762939453,29.40999984741211,29.40999984741211,2534900
2024-03-13,29.190000534057617,29.389999389648438,28.110000610351562,29.209999084472656,29.209999084472656,1583600
2024-03-14,28.969999313354492,29.0,26.899999618530273,27.110000610351562,27.110000610351562,1687300
2024-03-15,26.59000015258789,27.190000534057617,26.1299991607666,26.690000534057617,26.690000534057617,1856000
2024-03-18,27.040000915527344,27.329999923706055,26.139999389648438,26.200000762939453,26.200000762939453,1192900
2024-03-19,25.8700008392334,26.440000534057617,25.559999465942383,26.229999542236328,26.229999542236328,785000
2024-03-20,25.770000457763672,27.1299991607666,25.469999313354492,27.079999923706055,27.079999923706055,1266200
2024-03-21,27.149999618530273,27.6299991607666,26.31999969482422,26.809999465942383,26.809999465942383,1749900
2024-03-22,26.6299991607666,27.969999313354492,26.020000457763672,27.469999313354492,27.469999313354492,1927600
2024-03-25,27.479999542236328,27.979999542236328,26.329999923706055,26.59000015258789,26.59000015258789,1062800
2024-03-26,26.959999084472656,27.260000228881836,26.15999984741211,26.34000015258789,26.34000015258789,940600
2024-03-27,26.329999923706055,26.84000015258789,26.059999465942383,26.709999084472656,26.709999084472656,1700200
2024-03-28,26.729999542236328,28.979999542236328,26.700000762939453,28.149999618530273,28.149999618530273,1533900
2024-04-01,28.579999923706055,28.700000762939453,27.729999542236328,28.040000915527344,28.040000915527344,1092600
2024-04-02,27.510000228881836,27.559999465942383,26.440000534057617,26.979999542236328,26.979999542236328,896000
2024-04-03,26.610000610351562,27.030000686645508,25.760000228881836,26.90999984741211,26.90999984741211,925600
2024-04-04,26.799999237060547,28.100000381469727,26.489999771118164,26.700000762939453,26.700000762939453,1059000
2024-04-05,26.829999923706055,27.260000228881836,26.31999969482422,27.040000915527344,27.040000915527344,506600
2024-04-08,27.049999237060547,27.1200008392334,25.920000076293945,25.920000076293945,25.920000076293945,860200
2024-04-09,26.139999389648438,27.1200008392334,26.139999389648438,26.959999084472656,26.959999084472656,679800
2024-04-10,26.0,26.5,25.3799991607666,25.709999084472656,25.709999084472656,979400
2024-04-11,25.8700008392334,25.950000762939453,24.81999969482422,24.90999984741211,24.90999984741211,534000
2024-04-12,24.40999984741211,24.649999618530273,23.020000457763672,23.34000015258789,23.34000015258789,917100
2024-04-15,23.489999771118164,24.3700008392334,23.229999542236328,23.729999542236328,23.729999542236328,820900
2024-04-16,23.5,23.81999969482422,23.25,23.360000610351562,23.360000610351562,552900
2024-04-17,23.6299991607666,23.809999465942383,22.3799991607666,22.389999389648438,22.389999389648438,702800
2024-04-18,22.43000030517578,23.1200008392334,22.1200008392334,22.709999084472656,22.709999084472656,688700
2024-04-19,22.59000015258789,22.860000610351562,22.010000228881836,22.110000610351562,22.110000610351562,304500
2024-04-22,22.18000030517578,22.559999465942383,21.899999618530273,22.290000915527344,22.290000915527344,416400
2024-04-23,22.139999389648438,23.18000030517578,22.010000228881836,23.010000228881836,23.010000228881836,529100
2024-04-24,23.5,23.770000457763672,23.25,23.75,23.75,575800
2024-04-25,23.3700008392334,24.030000686645508,23.25,23.559999465942383,23.559999465942383,850400
2024-04-26,23.729999542236328,24.489999771118164,23.729999542236328,23.739999771118164,23.739999771118164,703000
2024-04-29,21.75,23.65999984741211,21.350000381469727,21.549999237060547,21.549999237060547,1425800
2024-04-30,21.030000686645508,21.540000915527344,19.079999923706055,19.200000762939453,19.200000762939453,1544500
2024-05-01,19.290000915527344,19.43000030517578,18.549999237060547,18.760000228881836,18.760000228881836,1428600
2024-05-02,19.209999084472656,19.40999984741211,18.84000015258789,19.139999389648438,19.139999389648438,1843300
2024-05-03,19.520000457763672,19.84000015258789,18.59000015258789,18.90999984741211,18.90999984741211,1490500
2024-05-06,18.889999389648438,19.450000762939453,18.8700008392334,19.020000457763672,19.020000457763672,908700
2024-05-07,18.809999465942383,19.15999984741211,18.75,18.760000228881836,18.760000228881836,938000
2024-05-08,18.610000610351562,18.959999084472656,17.979999542236328,18.579999923706055,18.579999923706055,1247000
2024-05-09,18.610000610351562,19.34000015258789,18.3700008392334,18.989999771118164,18.989999771118164,1745400
2024-05-10,19.170000076293945,19.229999542236328,17.93000030517578,17.93000030517578,17.93000030517578,2400200
2024-05-13,18.450000762939453,19.579999923706055,18.450000762939453,18.81999969482422,18.81999969482422,1245000
2024-05-14,19.09000015258789,19.510000228881836,18.829999923706055,19.260000228881836,19.260000228881836,592900
2024-05-15,19.6200008392334,19.6200008392334,19.0,19.139999389648438,19.139999389648438,512800
2024-05-16,19.170000076293945,19.260000228881836,18.739999771118164,18.940000534057617,18.940000534057617,616600
2024-05-17,19.049999237060547,19.18000030517578,18.610000610351562,18.709999084472656,18.709999084472656,658600
2024-05-20,18.65999984741211,18.8799991607666,18.600000381469727,18.809999465942383,18.809999465942383,412800
2024-05-21,18.90999984741211,19.40999984741211,18.739999771118164,19.110000610351562,19.110000610351562,597000
2024-05-22,20.219999313354492,23.0,20.219999313354492,22.3700008392334,22.3700008392334,3238800
2024-05-23,21.030000686645508,21.700000762939453,19.93000030517578,20.209999084472656,20.209999084472656,1367700
2024-05-24,20.209999084472656,20.540000915527344,19.93000030517578,20.389999389648438,20.389999389648438,613000
2024-05-28,20.290000915527344,20.299999237060547,19.309999465942383,19.93000030517578,19.93000030517578,724300
2024-05-29,20.299999237060547,21.81999969482422,20.0,21.280000686645508,21.280000686645508,1472700
2024-05-30,21.149999618530273,23.360000610351562,20.709999084472656,22.81999969482422,22.81999969482422,2033100
2024-05-31,22.639999389648438,23.15999984741211,21.799999237060547,22.520000457763672,22.520000457763672,1374000
2024-06-03,23.0,23.020000457763672,22.079999923706055,22.639999389648438,22.639999389648438,675900
2024-06-04,22.610000610351562,22.719999313354492,21.899999618530273,21.90999984741211,21.90999984741211,845500
2024-06-05,22.049999237060547,23.530000686645508,21.940000534057617,23.350000381469727,23.350000381469727,940100
2024-06-06,23.010000228881836,23.100000381469727,21.1200008392334,21.200000762939453,21.200000762939453,931400
2024-06-07,21.010000228881836,21.440000534057617,20.020000457763672,20.020000457763672,20.020000457763672,763700
2024-06-10,20.0,20.5,19.8799991607666,20.149999618530273,20.149999618530273,686900
2024-06-11,19.950000762939453,20.75,19.860000610351562,20.6299991607666,20.6299991607666,680800
2024-06-12,21.209999084472656,21.3799991607666,20.260000228881836,20.399999618530273,20.399999618530273,558200
2024-06-13,20.399999618530273,20.5,19.889999389648438,19.989999771118164,19.989999771118164,453200
2024-06-14,19.729999542236328,19.729999542236328,18.8799991607666,18.920000076293945,18.920000076293945,735900
2024-06-17,18.889999389648438,19.18000030517578,18.5,18.8700008392334,18.8700008392334,598000
2024-06-18,18.770000457763672,18.940000534057617,18.399999618530273,18.399999618530273,18.399999618530273,534700
2024-06-20,18.399999618530273,18.540000915527344,18.010000228881836,18.049999237060547,18.049999237060547,895100
2024-06-21,18.0,18.219999313354492,17.770000457763672,17.850000381469727,17.850000381469727,1933400
2024-06-24,17.799999237060547,18.18000030517578,16.75,16.850000381469727,16.850000381469727,1288800
2024-06-25,16.799999237060547,16.799999237060547,15.420000076293945,15.470000267028809,15.470000267028809,1155500
2024-06-26,15.489999771118164,15.5,14.859999656677246,15.3100004196167,15.3100004196167,1585300
2024-06-27,15.140000343322754,15.420000076293945,14.899999618530273,15.289999961853027,15.289999961853027,663700
2024-06-28,15.270000457763672,15.390000343322754,14.479999542236328,14.600000381469727,14.600000381469727,741400
2024-07-01,14.600000381469727,14.800000190734863,14.210000038146973,14.3100004196167,14.3100004196167,745500
2024-07-02,14.40999984741211,14.829999923706055,14.239999771118164,14.65999984741211,14.65999984741211,715300
2024-07-03,14.789999961853027,16.040000915527344,14.789999961853027,15.829999923706055,15.829999923706055,874400
2024-07-05,15.600000381469727,15.770000457763672,15.1899995803833,15.640000343322754,15.640000343322754,669000
2024-07-08,15.699999809265137,15.880000114440918,15.430000305175781,15.609999656677246,15.609999656677246,528100
2024-07-09,15.600000381469727,15.829999923706055,15.399999618530273,15.479999542236328,15.479999542236328,803000
2024-07-10,15.539999961853027,16.09000015258789,15.479999542236328,15.899999618530273,15.899999618530273,783300
2024-07-11,16.579999923706055,17.170000076293945,16.139999389648438,16.420000076293945,16.420000076293945,1217600
2024-07-12,16.690000534057617,16.959999084472656,16.270000457763672,16.889999389648438,16.889999389648438,559900
2024-07-15,15.930000305175781,16.200000762939453,15.569999694824219,15.84000015258789,15.84000015258789,763200
2024-07-16,16.030000686645508,17.270000457763672,15.770000457763672,17.200000762939453,17.200000762939453,781100
2024-07-17,16.579999923706055,16.670000076293945,16.059999465942383,16.450000762939453,16.450000762939453,727000
2024-07-18,16.700000762939453,17.6299991607666,16.3700008392334,16.649999618530273,16.649999618530273,740300
2024-07-19,16.639999389648438,16.90999984741211,16.079999923706055,16.079999923706055,16.079999923706055,619500
2024-07-22,17.690000534057617,18.270000457763672,16.969999313354492,17.149999618530273,17.149999618530273,1624500
2024-07-23,16.860000610351562,17.59000015258789,16.850000381469727,17.56999969482422,17.56999969482422,723700
2024-07-24,17.290000915527344,17.639999389648438,16.6299991607666,16.729999542236328,16.729999542236328,587700
2024-07-25,16.719999313354492,17.610000610351562,16.719999313354492,17.229999542236328,17.229999542236328,598800
2024-07-26,17.5,17.84000015258789,17.299999237060547,17.610000610351562,17.610000610351562,490600
2024-07-29,17.610000610351562,17.829999923706055,17.059999465942383,17.350000381469727,17.350000381469727,373300
2024-07-30,17.399999618530273,17.399999618530273,16.670000076293945,16.850000381469727,16.850000381469727,604600
2024-07-31,17.399999618530273,18.3700008392334,17.280000686645508,17.530000686645508,17.530000686645508,765600
2024-08-01,17.469999313354492,17.610000610351562,15.930000305175781,16.09000015258789,16.09000015258789,804900
2024-08-02,16.0,16.09000015258789,15.199999809265137,15.260000228881836,15.260000228881836,955800
2024-08-05,14.600000381469727,16.09000015258789,14.3100004196167,15.789999961853027,15.789999961853027,1198300
2024-08-06,16.020000457763672,17.290000915527344,16.0,16.6200008392334,16.6200008392334,984600
2024-08-07,17.149999618530273,17.200000762939453,16.639999389648438,16.969999313354492,16.969999313354492,804400
2024-08-08,16.950000762939453,17.0,16.600000381469727,16.889999389648438,16.889999389648438,385300
2024-08-09,17.18000030517578,17.190000534057617,16.3799991607666,16.860000610351562,16.860000610351562,383600
2024-08-12,16.639999389648438,16.850000381469727,15.869999885559082,16.059999465942383,16.059999465942383,489500
2024-08-13,16.190000534057617,16.649999618530273,15.949999809265137,16.450000762939453,16.450000762939453,537000
2024-08-14,16.239999771118164,16.31999969482422,15.819999694824219,15.819999694824219,15.819999694824219,359200
2024-08-15,16.1200008392334,16.780000686645508,16.110000610351562,16.5,16.5,493300
2024-08-16,16.3700008392334,16.420000076293945,15.539999961853027,15.65999984741211,15.65999984741211,765800
2024-08-19,15.789999961853027,15.960000038146973,15.520000457763672,15.8100004196167,15.8100004196167,440600
2024-08-20,15.699999809265137,15.789999961853027,15.050000190734863,15.239999771118164,15.239999771118164,591400
2024-08-21,15.390000343322754,15.640000343322754,15.069999694824219,15.479999542236328,15.479999542236328,523400
2024-08-22,15.380000114440918,15.390000343322754,14.949999809265137,15.069999694824219,15.069999694824219,542900
2024-08-23,15.260000228881836,15.300000190734863,14.8100004196167,15.199999809265137,15.199999809265137,1080500
2024-08-26,14.0,15.100000381469727,13.619999885559082,14.6899995803833,14.6899995803833,2062200
2024-08-27,14.8100004196167,15.600000381469727,14.5,14.850000381469727,14.850000381469727,954900
2024-08-28,14.609999656677246,14.670000076293945,13.899999618530273,14.039999961853027,14.039999961853027,950900
2024-08-29,14.470000267028809,14.760000228881836,14.399999618530273,14.5600004196167,14.5600004196167,723100
2024-08-30,14.65999984741211,14.789999961853027,14.479999542236328,14.729999542236328,14.729999542236328,652100
2024-09-03,14.680000305175781,14.789999961853027,14.119999885559082,14.289999961853027,14.289999961853027,773300
2024-09-04,14.289999961853027,15.229999542236328,14.229999542236328,15.029999732971191,15.029999732971191,499700
2024-09-05,15.020000457763672,15.75,14.920000076293945,15.350000381469727,15.350000381469727,537500
2024-09-06,15.239999771118164,15.600000381469727,14.90999984741211,15.1899995803833,15.1899995803833,492300
2024-09-09,15.220000267028809,15.289999961853027,14.6899995803833,14.6899995803833,14.6899995803833,420900
2024-09-10,14.649999618530273,14.670000076293945,14.25,14.40999984741211,14.40999984741211,505400
2024-09-11,14.979999542236328,15.380000114440918,14.680000305175781,15.239999771118164,15.239999771118164,659400
2024-09-12,15.25,15.579999923706055,15.100000381469727,15.319999694824219,15.319999694824219,354400
2024-09-13,15.59000015258789,16.190000534057617,15.449999809265137,16.190000534057617,16.190000534057617,450300
