Date,Open,High,Low,Close,Adj Close,Volume
1997-01-22,27.5,30.0,26.25,30.0,28.403446197509766,15820
1997-01-23,30.0,30.0,27.5,28.125,26.628231048583984,18980
1997-01-24,27.5,30.0,27.5,27.5,26.0364933013916,6100
1997-01-27,27.5,30.0,27.5,28.75,27.219970703125,5440
1997-01-28,27.5,28.75,26.25,27.5,26.0364933013916,19160
1997-01-29,27.5,27.5,26.25,26.25,24.853015899658203,8380
1997-01-30,26.25,26.25,25.625,25.625,24.26127815246582,2260
1997-01-31,25.625,27.5,25.625,26.25,24.853015899658203,5460
1997-02-03,26.25,27.5,26.25,26.25,24.853015899658203,4300
1997-02-04,27.5,27.5,26.25,26.25,24.853015899658203,5020
1997-02-05,26.25,26.25,25.625,25.625,24.26127815246582,2400
1997-02-06,25.625,27.5,25.625,27.5,26.0364933013916,3820
1997-02-07,25.625,26.25,25.0,25.0,23.669538497924805,5840
1997-02-10,25.0,26.25,25.0,25.0,23.669538497924805,11800
1997-02-11,25.0,26.25,25.0,26.25,24.853015899658203,4940
1997-02-12,25.0,25.0,25.0,25.0,23.669538497924805,700
1997-02-13,25.0,25.0,25.0,25.0,23.669538497924805,5360
1997-02-14,25.0,27.5,25.0,27.5,26.0364933013916,2860
1997-02-18,25.0,26.25,25.0,25.0,23.669538497924805,3480
1997-02-19,25.0,26.25,25.0,25.0,23.669538497924805,4200
1997-02-20,25.0,25.0,23.75,23.75,22.486061096191406,16440
1997-02-21,23.75,25.0,23.75,24.375,23.077800750732422,3240
1997-02-24,25.0,27.5,25.0,25.0,23.669538497924805,11020
1997-02-25,25.0,26.875,24.375,24.375,23.077800750732422,5940
1997-02-26,24.375,25.0,24.375,24.375,23.077800750732422,860
1997-02-27,24.375,24.375,24.375,24.375,23.077800750732422,1240
1997-02-28,24.375,24.375,24.375,24.375,23.077800750732422,6300
1997-03-03,24.375,24.375,23.75,23.75,22.486061096191406,2300
1997-03-04,23.75,25.0,23.125,23.125,21.894323348999023,3340
1997-03-05,23.125,23.125,23.125,23.125,21.894323348999023,1400
1997-03-06,23.125,23.125,21.875,21.875,20.710847854614258,4260
1997-03-07,21.25,22.5,20.625,21.25,20.119108200073242,18760
1997-03-10,21.25,21.25,21.25,21.25,20.119108200073242,800
1997-03-11,21.5625,21.5625,21.25,21.25,20.119108200073242,500
1997-03-12,21.25,21.25,21.25,21.25,20.119108200073242,320
1997-03-13,21.25,21.25,21.25,21.25,20.119108200073242,2640
1997-03-14,21.25,21.25,21.25,21.25,20.119108200073242,600
1997-03-17,21.25,21.25,21.25,21.25,20.119108200073242,1000
1997-03-18,21.25,21.25,21.25,21.25,20.119108200073242,1000
1997-03-19,21.25,21.875,20.625,20.625,19.52737045288086,2600
1997-03-20,20.625,20.625,19.375,19.375,18.34389305114746,4420
1997-03-21,19.375,19.375,19.375,19.375,18.34389305114746,1140
1997-03-24,19.375,19.6875,18.125,18.75,17.752153396606445,5640
1997-03-25,18.75,19.6875,18.75,18.75,17.752153396606445,1220
1997-03-26,18.75,19.6875,18.75,18.75,17.752153396606445,3280
1997-03-27,18.75,18.75,18.75,18.75,17.752153396606445,200
1997-03-31,18.75,18.75,18.75,18.75,17.752153396606445,60
1997-04-01,18.75,18.75,17.5,17.5,16.568675994873047,840
1997-04-02,17.5,17.5,17.5,17.5,16.568675994873047,1200
1997-04-03,17.5,17.5,17.5,17.5,16.568675994873047,120
1997-04-04,17.5,19.375,16.25,16.25,15.385200500488281,2320
1997-04-07,16.25,16.25,15.0,15.0,14.201723098754883,1760
1997-04-08,15.0,15.9375,15.0,15.625,14.793461799621582,3280
1997-04-09,15.625,15.625,15.625,15.625,14.793461799621582,80
1997-04-10,15.625,15.625,15.0,15.0,14.201723098754883,1860
1997-04-11,15.0,15.0,15.0,15.0,14.201723098754883,220
1997-04-14,15.0,15.0,15.0,15.0,14.201723098754883,540
1997-04-15,15.0,16.09375,15.0,16.09375,15.237265586853027,420
1997-04-16,16.09375,16.09375,16.09375,16.09375,15.237265586853027,0
1997-04-17,15.0,15.0,14.375,14.375,13.6099853515625,580
1997-04-18,14.375,14.375,14.375,14.375,13.6099853515625,200
1997-04-21,14.375,14.375,14.375,14.375,13.6099853515625,200
1997-04-22,14.375,14.375,11.875,11.875,11.243030548095703,5400
1997-04-23,11.875,11.875,11.25,11.875,11.243030548095703,4980
1997-04-24,12.8125,13.125,12.5,12.8125,12.13063907623291,4520
1997-04-25,12.8125,12.8125,12.8125,12.8125,12.13063907623291,0
1997-04-28,13.125,13.75,12.5,13.75,13.0182466506958,8120
1997-04-29,13.75,13.75,13.75,13.75,13.0182466506958,0
1997-04-30,13.75,14.375,13.75,14.375,13.6099853515625,1400
1997-05-01,13.75,14.375,13.75,14.375,13.6099853515625,340
1997-05-02,13.75,13.75,13.75,13.75,13.0182466506958,140
1997-05-05,13.75,14.375,13.75,14.0625,13.314115524291992,1580
1997-05-06,14.0625,14.0625,14.0625,14.0625,13.314115524291992,0
1997-05-07,14.0625,14.0625,14.0625,14.0625,13.314115524291992,0
1997-05-08,14.0625,14.0625,14.0625,14.0625,13.314115524291992,1200
1997-05-09,14.0625,14.0625,13.75,13.75,13.0182466506958,380
1997-05-12,13.75,13.75,13.125,13.125,12.426507949829102,2100
1997-05-13,13.125,13.125,13.125,13.125,12.426507949829102,0
1997-05-14,13.125,13.125,13.125,13.125,12.426507949829102,0
1997-05-15,13.4375,14.375,13.4375,14.375,13.6099853515625,8000
1997-05-16,14.375,14.375,14.375,14.375,13.6099853515625,0
1997-05-19,13.75,13.75,13.75,13.75,13.0182466506958,100
1997-05-20,13.75,13.75,13.75,13.75,13.0182466506958,60
1997-05-21,13.75,13.75,13.75,13.75,13.0182466506958,0
1997-05-22,13.75,13.75,13.75,13.75,13.0182466506958,0
1997-05-23,13.75,13.75,13.75,13.75,13.0182466506958,40
1997-05-27,16.25,16.25,16.25,16.25,15.385200500488281,40
1997-05-28,13.75,13.75,13.75,13.75,13.0182466506958,700
1997-05-29,13.75,14.375,13.75,14.375,13.6099853515625,8840
1997-05-30,14.375,15.0,14.375,14.375,13.6099853515625,2600
1997-06-02,14.375,14.6875,14.375,14.6875,13.905854225158691,2400
1997-06-03,16.875,16.875,14.375,15.0,14.201723098754883,1680
1997-06-04,16.875,16.875,14.375,15.0,14.201723098754883,3440
1997-06-05,14.6875,14.6875,14.6875,14.6875,13.905854225158691,100
1997-06-06,14.6875,14.6875,14.6875,14.6875,13.905854225158691,760
1997-06-09,14.6875,14.6875,14.6875,14.6875,13.905854225158691,200
1997-06-10,14.6875,14.6875,14.6875,14.6875,13.905854225158691,720
1997-06-11,14.6875,14.6875,14.6875,14.6875,13.905854225158691,820
1997-06-12,14.6875,14.6875,14.6875,14.6875,13.905854225158691,480
1997-06-13,14.6875,15.0,14.6875,14.6875,13.905854225158691,3020
1997-06-16,14.6875,14.6875,14.6875,14.6875,13.905854225158691,1040
1997-06-17,14.6875,14.6875,14.6875,14.6875,13.905854225158691,40
1997-06-18,14.375,14.375,13.125,13.75,13.0182466506958,2000
1997-06-19,13.125,13.4375,13.125,13.4375,12.722376823425293,1640
1997-06-20,13.4375,13.4375,13.125,13.125,12.426507949829102,2840
1997-06-23,15.0,15.0,13.125,14.375,13.6099853515625,1680
1997-06-24,12.5,13.4375,12.5,13.4375,12.722376823425293,5800
1997-06-25,13.125,14.0625,13.125,13.125,12.426507949829102,420
1997-06-26,13.4375,13.4375,13.4375,13.4375,12.722376823425293,1100
1997-06-27,13.125,13.125,12.8125,12.8125,12.13063907623291,1800
1997-06-30,12.1875,12.1875,12.1875,12.1875,11.538900375366211,1600
1997-07-01,11.875,11.875,11.875,11.875,11.243030548095703,600
1997-07-02,13.75,14.375,11.875,11.875,11.243030548095703,600
1997-07-03,14.375,14.375,11.875,11.875,11.243030548095703,120
1997-07-07,12.5,12.5,12.5,12.5,11.834769248962402,200
1997-07-08,14.375,14.375,13.75,13.75,13.0182466506958,160
1997-07-09,11.875,11.875,11.875,11.875,11.243030548095703,800
1997-07-10,13.75,13.75,11.875,11.875,11.243030548095703,280
1997-07-11,11.875,13.125,11.875,13.125,12.426507949829102,360
1997-07-14,13.125,13.125,13.125,13.125,12.426507949829102,0
1997-07-15,13.125,13.125,11.875,11.875,11.243030548095703,540
1997-07-16,11.875,12.5,11.875,12.5,11.834769248962402,980
1997-07-17,11.5625,11.5625,11.25,11.25,10.65129280090332,1300
1997-07-18,11.5625,12.5,11.5625,12.5,11.834769248962402,160
1997-07-21,12.5,12.5,12.5,12.5,11.834769248962402,0
1997-07-22,11.5625,13.75,11.5625,11.5625,10.947161674499512,340
1997-07-23,11.5625,11.5625,9.375,9.6875,9.17194652557373,2300
1997-07-24,9.375,9.375,9.375,9.375,8.876076698303223,200
1997-07-25,11.875,11.875,10.0,10.0,9.467815399169922,240
1997-07-28,9.375,10.0,9.375,10.0,9.467815399169922,3460
1997-07-29,10.0,10.0,9.6875,10.0,9.467815399169922,4800
1997-07-30,9.6875,9.6875,9.6875,9.6875,9.17194652557373,40
1997-07-31,9.6875,9.6875,9.6875,9.6875,9.17194652557373,0
1997-08-01,10.0,10.0,10.0,10.0,9.467815399169922,200
1997-08-04,10.0,10.0,10.0,10.0,9.467815399169922,20
1997-08-05,10.0,10.0,10.0,10.0,9.467815399169922,160
1997-08-06,10.0,11.875,10.0,10.0,9.467815399169922,1600
1997-08-07,10.0,10.0,10.0,10.0,9.467815399169922,0
1997-08-08,10.0,10.0,10.0,10.0,9.467815399169922,1180
1997-08-11,10.0,10.0,10.0,10.0,9.467815399169922,0
1997-08-12,10.0,10.0,10.0,10.0,9.467815399169922,200
1997-08-13,10.0,10.0,10.0,10.0,9.467815399169922,400
1997-08-14,10.0,10.625,10.0,10.0,9.467815399169922,1940
1997-08-15,10.0,10.0,10.0,10.0,9.467815399169922,0
1997-08-18,8.75,10.0,8.125,10.0,9.467815399169922,1040
1997-08-19,8.75,9.375,8.75,8.75,8.284337997436523,1140
1997-08-20,8.125,10.0,6.875,10.0,9.467815399169922,440
1997-08-21,7.5,10.0,7.5,10.0,9.467815399169922,440
1997-08-22,10.0,10.0,10.0,10.0,9.467815399169922,200
1997-08-25,8.125,8.125,6.875,6.875,6.5091233253479,300
1997-08-26,8.125,8.125,5.625,6.25,5.917384624481201,1680
1997-08-27,5.625,6.5625,5.3125,5.9375,5.621515274047852,2900
1997-08-28,5.9375,7.5,5.9375,6.5625,6.213253974914551,2480
1997-08-29,5.9375,7.1875,5.9375,7.1875,6.80499267578125,40
1997-09-02,8.4375,9.0625,5.9375,9.0625,8.580207824707031,780
1997-09-03,9.0625,9.0625,7.5,8.75,8.284337997436523,300
1997-09-04,8.75,8.75,8.75,8.75,8.284337997436523,200
1997-09-05,10.0,10.0,10.0,10.0,9.467815399169922,100
1997-09-08,10.625,10.625,8.4375,8.75,8.284337997436523,440
1997-09-09,10.078125,10.078125,10.078125,10.078125,9.54178237915039,400
1997-09-10,10.9375,10.9375,8.4375,8.75,8.284337997436523,1920
1997-09-11,10.9375,10.9375,10.3125,10.3125,9.76368522644043,780
1997-09-12,10.9375,10.9375,8.75,10.3125,9.76368522644043,1360
1997-09-15,8.75,9.375,8.75,8.75,8.284337997436523,1300
1997-09-16,10.9375,11.25,9.375,9.375,8.876076698303223,2040
1997-09-17,9.375,10.625,8.75,10.625,10.059554100036621,1180
1997-09-18,10.625,10.625,10.625,10.625,10.059554100036621,0
1997-09-19,10.625,10.625,10.625,10.625,10.059554100036621,0
1997-09-22,11.25,11.25,8.75,10.0,9.467815399169922,1280
1997-09-23,8.75,10.0,8.75,10.0,9.467815399169922,700
1997-09-24,9.6875,9.6875,8.75,8.75,8.284337997436523,2140
1997-09-25,8.75,8.75,8.75,8.75,8.284337997436523,0
1997-09-26,9.375,9.375,9.375,9.375,8.876076698303223,120
1997-09-29,10.0,14.375,10.0,12.5,11.834769248962402,10700
1997-09-30,16.25,16.875,14.375,14.375,13.6099853515625,4500
1997-10-01,17.5,17.5,15.625,17.5,16.568675994873047,640
1997-10-02,17.5,17.5,15.0,15.625,14.793461799621582,2460
1997-10-03,15.625,15.625,14.375,15.0,14.201723098754883,1680
1997-10-06,14.6875,15.0,14.6875,15.0,14.201723098754883,500
1997-10-07,15.3125,16.25,14.6875,14.6875,13.905854225158691,2540
1997-10-08,14.6875,14.6875,14.6875,14.6875,13.905854225158691,0
1997-10-09,14.6875,15.625,14.6875,15.0,14.201723098754883,1240
1997-10-10,15.0,15.625,15.0,15.0,14.201723098754883,1140
1997-10-13,15.0,15.625,15.0,15.0,14.201723098754883,1320
1997-10-14,16.875,16.875,15.0,15.0,14.201723098754883,240
1997-10-15,15.0,15.0,14.375,14.375,13.6099853515625,300
1997-10-16,15.0,15.0,15.0,15.0,14.201723098754883,1000
1997-10-17,15.0,15.0,15.0,15.0,14.201723098754883,2080
1997-10-20,15.0,15.0,14.375,14.375,13.6099853515625,2400
1997-10-21,13.125,13.125,13.125,13.125,12.426507949829102,200
1997-10-22,12.5,13.75,12.5,12.5,11.834769248962402,1560
1997-10-23,11.25,12.5,11.25,11.25,10.65129280090332,840
1997-10-24,11.25,11.25,10.0,10.625,10.059554100036621,1160
1997-10-27,10.0,10.625,10.0,10.625,10.059554100036621,300
1997-10-28,10.0,10.625,10.0,10.625,10.059554100036621,3260
1997-10-29,10.625,10.625,10.625,10.625,10.059554100036621,0
1997-10-30,10.625,10.625,10.625,10.625,10.059554100036621,300
1997-10-31,10.625,10.625,10.625,10.625,10.059554100036621,0
1997-11-03,10.625,10.625,10.625,10.625,10.059554100036621,2000
1997-11-04,10.9375,10.9375,10.625,10.625,10.059554100036621,80
1997-11-05,10.0,10.625,9.6875,10.625,10.059554100036621,2320
1997-11-06,10.3125,10.625,8.75,8.75,8.284337997436523,2460
1997-11-07,10.625,11.25,10.0,10.0,9.467815399169922,2000
1997-11-10,10.625,10.625,10.625,10.625,10.059554100036621,4160
1997-11-11,11.25,11.25,10.625,10.625,10.059554100036621,3040
1997-11-12,10.0,10.0,10.0,10.0,9.467815399169922,320
1997-11-13,10.0,10.0,10.0,10.0,9.467815399169922,40
1997-11-14,10.0,10.0,10.0,10.0,9.467815399169922,360
1997-11-17,10.0,10.9375,10.0,10.9375,10.355423927307129,2300
1997-11-18,10.0,10.625,8.984375,9.6875,9.17194652557373,4000
1997-11-19,10.0,10.0,9.6875,9.6875,9.17194652557373,2800
1997-11-20,9.6875,9.6875,8.4375,8.75,8.284337997436523,5740
1997-11-21,9.375,9.375,8.75,8.75,8.284337997436523,1400
1997-11-24,8.125,8.125,8.125,8.125,7.692600250244141,300
1997-11-25,8.125,8.75,8.125,8.125,7.692600250244141,1500
1997-11-26,8.4375,9.375,8.4375,9.375,8.876076698303223,5300
1997-11-28,9.375,9.375,9.375,9.375,8.876076698303223,0
1997-12-01,10.625,10.625,8.125,8.125,7.692600250244141,1020
1997-12-02,7.8125,8.125,6.875,8.125,7.692600250244141,1760
1997-12-03,8.125,8.125,7.1875,8.125,7.692600250244141,300
1997-12-04,6.875,6.875,6.875,6.875,6.5091233253479,40
1997-12-05,6.875,6.875,6.875,6.875,6.5091233253479,0
1997-12-08,6.875,8.75,6.875,8.75,8.284337997436523,3540
1997-12-09,10.3125,10.3125,7.5,7.5,7.100861549377441,2160
1997-12-10,8.75,10.0,7.8125,10.0,9.467815399169922,2360
1997-12-11,10.0,10.0,7.5,7.5,7.100861549377441,840
1997-12-12,10.0,10.0,9.375,9.375,8.876076698303223,560
1997-12-15,7.8125,7.8125,7.5,7.5,7.100861549377441,800
1997-12-16,8.125,8.75,7.5,8.75,8.284337997436523,1100
1997-12-17,7.5,7.5,5.0,5.078125,4.807875156402588,67860
1997-12-18,7.5,7.8125,5.15625,6.875,6.5091233253479,32340
1997-12-19,6.875,6.875,6.875,6.875,6.5091233253479,0
1997-12-22,6.875,6.875,6.25,6.25,5.917384624481201,3240
1997-12-23,8.75,8.75,6.5625,6.875,6.5091233253479,1280
1997-12-24,5.625,6.875,5.625,6.25,5.917384624481201,2140
1997-12-26,6.25,6.25,6.25,6.25,5.917384624481201,600
1997-12-29,6.25,6.25,6.25,6.25,5.917384624481201,1800
1997-12-30,6.875,6.875,5.0,5.0,4.733907699584961,27500
1997-12-31,6.25,6.875,5.0,5.0,4.733907699584961,6400
1998-01-02,7.5,7.5,5.9375,6.09375,5.7694501876831055,1600
1998-01-05,6.875,6.875,5.9375,5.9375,5.621515274047852,3200
1998-01-06,6.25,6.25,6.25,6.25,5.917384624481201,600
1998-01-07,6.25,8.125,6.25,6.875,6.5091233253479,2540
1998-01-08,6.25,6.875,5.9375,5.9375,5.621515274047852,860
1998-01-09,6.875,6.875,6.25,6.25,5.917384624481201,1380
1998-01-12,5.9375,6.25,5.9375,5.9375,5.621515274047852,2180
1998-01-13,6.875,6.875,6.875,6.875,6.5091233253479,220
1998-01-14,6.875,6.875,6.875,6.875,6.5091233253479,0
1998-01-15,5.9375,6.25,5.9375,6.25,5.917384624481201,460
1998-01-16,5.9375,7.8125,5.9375,6.25,5.917384624481201,2740
1998-01-20,5.9375,6.25,5.9375,6.25,5.917384624481201,700
1998-01-21,5.9375,5.9375,5.9375,5.9375,5.621515274047852,200
1998-01-22,5.9375,5.9375,5.625,5.625,5.32564640045166,1600
1998-01-23,5.625,5.625,5.625,5.625,5.32564640045166,0
1998-01-26,6.25,6.25,5.3125,5.9375,5.621515274047852,5900
1998-01-27,5.625,6.5625,5.625,6.5625,6.213253974914551,4840
1998-01-28,7.1875,7.1875,6.5625,6.875,6.5091233253479,1200
1998-01-29,6.25,6.25,6.25,6.25,5.917384624481201,1620
1998-01-30,6.25,6.25,6.25,6.25,5.917384624481201,0
1998-02-02,6.25,6.25,6.25,6.25,5.917384624481201,15200
1998-02-03,6.25,6.25,6.25,6.25,5.917384624481201,220
1998-02-04,6.25,6.25,6.25,6.25,5.917384624481201,0
1998-02-05,6.5625,6.5625,6.25,6.25,5.917384624481201,2600
1998-02-06,5.9375,5.9375,5.9375,5.9375,5.621515274047852,200
1998-02-09,5.9375,5.9375,5.9375,5.9375,5.621515274047852,320
1998-02-10,5.9375,5.9375,5.9375,5.9375,5.621515274047852,0
1998-02-11,5.9375,6.875,5.9375,6.25,5.917384624481201,6160
1998-02-12,6.25,6.25,6.25,6.25,5.917384624481201,680
1998-02-13,6.875,6.875,6.875,6.875,6.5091233253479,600
1998-02-17,6.875,6.875,6.875,6.875,6.5091233253479,200
1998-02-18,5.625,6.875,5.625,6.875,6.5091233253479,7920
1998-02-19,6.25,6.25,6.25,6.25,5.917384624481201,400
1998-02-20,6.25,6.25,6.25,6.25,5.917384624481201,0
1998-02-23,5.9375,7.03125,5.9375,6.5625,6.213253974914551,1400
1998-02-24,7.03125,7.03125,6.875,6.875,6.5091233253479,260
1998-02-25,6.875,9.0625,6.875,7.5,7.100861549377441,2880
1998-02-26,7.5,7.5,7.5,7.5,7.100861549377441,1720
1998-02-27,7.5,7.5,7.5,7.5,7.100861549377441,0
1998-03-02,7.5,7.5,7.5,7.5,7.100861549377441,40
1998-03-03,7.5,7.5,7.5,7.5,7.100861549377441,200
1998-03-04,8.125,8.125,8.125,8.125,7.692600250244141,400
1998-03-05,7.5,7.5,7.5,7.5,7.100861549377441,2020
1998-03-06,7.5,7.5,7.5,7.5,7.100861549377441,240
1998-03-09,9.6875,9.6875,7.5,9.375,8.876076698303223,1000
1998-03-10,7.8125,8.125,7.8125,7.8125,7.396730899810791,1200
1998-03-11,7.8125,7.8125,7.8125,7.8125,7.396730899810791,0
1998-03-12,7.8125,7.8125,7.8125,7.8125,7.396730899810791,120
1998-03-13,7.1875,7.1875,7.1875,7.1875,6.80499267578125,60
1998-03-16,7.1875,7.1875,7.1875,7.1875,6.80499267578125,0
1998-03-17,8.125,8.125,6.5625,6.5625,6.213253974914551,2740
1998-03-18,6.5625,6.5625,6.5625,6.5625,6.213253974914551,0
1998-03-19,6.5625,6.5625,6.5625,6.5625,6.213253974914551,200
1998-03-20,7.5,7.5,7.5,7.5,7.100861549377441,200
1998-03-23,7.5,7.5,7.5,7.5,7.100861549377441,0
1998-03-24,6.5625,6.5625,6.5625,6.5625,6.213253974914551,100
1998-03-25,7.5,7.5,6.5625,6.5625,6.213253974914551,1380
1998-03-26,6.5625,6.5625,6.5625,6.5625,6.213253974914551,1000
1998-03-27,6.5625,6.5625,6.5625,6.5625,6.213253974914551,2240
1998-03-30,6.875,6.875,6.875,6.875,6.5091233253479,240
1998-03-31,6.875,6.875,6.71875,6.71875,6.3611884117126465,920
1998-04-01,6.71875,6.71875,6.71875,6.71875,6.3611884117126465,0
1998-04-02,7.8125,7.8125,6.875,6.875,6.5091233253479,1820
1998-04-03,6.875,6.875,6.71875,6.71875,6.3611884117126465,500
1998-04-06,6.71875,7.5,6.71875,6.71875,6.3611884117126465,1360
1998-04-07,6.875,8.125,6.875,7.5,7.100861549377441,680
1998-04-08,7.8125,7.8125,7.34375,7.34375,6.952927112579346,1820
1998-04-09,7.5,7.8125,7.5,7.8125,7.396730899810791,3220
1998-04-13,7.5,7.8125,7.5,7.8125,7.396730899810791,2400
1998-04-14,7.8125,7.8125,7.8125,7.8125,7.396730899810791,0
1998-04-15,7.8125,7.8125,7.8125,7.8125,7.396730899810791,1280
1998-04-16,7.8125,7.8125,7.8125,7.8125,7.396730899810791,460
1998-04-17,7.8125,7.8125,7.8125,7.8125,7.396730899810791,200
1998-04-20,7.8125,8.125,7.8125,8.125,7.692600250244141,1300
1998-04-21,8.75,8.75,7.8125,8.75,8.284337997436523,7020
1998-04-22,10.0,10.0,8.75,8.75,8.284337997436523,13920
1998-04-23,9.375,9.375,8.4375,8.4375,7.98846960067749,3740
1998-04-24,8.4375,8.4375,8.4375,8.4375,7.98846960067749,400
1998-04-27,8.4375,8.59375,8.4375,8.59375,8.136404037475586,2200
1998-04-28,8.59375,8.59375,8.59375,8.59375,8.136404037475586,0
1998-04-29,8.4375,8.4375,8.4375,8.4375,7.98846960067749,60
1998-04-30,8.59375,8.59375,8.59375,8.59375,8.136404037475586,800
1998-05-01,8.59375,8.59375,8.59375,8.59375,8.136404037475586,0
1998-05-04,8.75,8.75,8.75,8.75,8.284337997436523,340
1998-05-05,8.4375,8.75,8.4375,8.59375,8.136404037475586,1800
1998-05-06,8.4375,8.59375,8.4375,8.59375,8.136404037475586,2600
1998-05-07,8.4375,8.59375,8.4375,8.59375,8.136404037475586,3200
1998-05-08,8.4375,8.4375,8.4375,8.4375,7.98846960067749,40
1998-05-11,10.3125,10.3125,10.3125,10.3125,9.76368522644043,60
1998-05-12,10.0,10.3125,9.6875,10.0,9.467815399169922,15920
1998-05-13,10.0,10.0,10.0,10.0,9.467815399169922,0
1998-05-14,10.0,10.0,10.0,10.0,9.467815399169922,0
1998-05-15,9.0625,9.0625,9.0625,9.0625,8.580207824707031,200
1998-05-18,9.0625,9.0625,9.0625,9.0625,8.580207824707031,0
1998-05-19,9.0625,9.375,9.0625,9.375,8.876076698303223,2360
1998-05-20,9.375,9.375,9.375,9.375,8.876076698303223,0
1998-05-21,9.375,9.375,9.375,9.375,8.876076698303223,0
1998-05-22,9.0625,9.0625,9.0625,9.0625,8.580207824707031,200
1998-05-26,9.0625,9.0625,9.0625,9.0625,8.580207824707031,0
1998-05-27,9.0625,9.0625,9.0625,9.0625,8.580207824707031,400
1998-05-28,9.0625,9.0625,9.0625,9.0625,8.580207824707031,0
1998-05-29,9.0625,9.0625,9.0625,9.0625,8.580207824707031,0
1998-06-01,10.0,11.5625,9.0625,9.375,8.876076698303223,2520
1998-06-02,9.375,9.375,9.375,9.375,8.876076698303223,0
1998-06-03,9.0625,9.375,9.0625,9.0625,8.580207824707031,8900
1998-06-04,9.0625,9.375,9.0625,9.375,8.876076698303223,8000
1998-06-05,9.375,9.375,9.375,9.375,8.876076698303223,0
1998-06-08,9.0625,9.375,9.0625,9.0625,8.580207824707031,9600
1998-06-09,9.0625,9.0625,9.0625,9.0625,8.580207824707031,600
1998-06-10,9.0625,9.0625,9.0625,9.0625,8.580207824707031,60
1998-06-11,9.0625,9.375,9.0625,9.140625,8.654175758361816,6240
1998-06-12,9.140625,9.140625,9.140625,9.140625,8.654175758361816,0
1998-06-15,9.0625,9.375,9.0625,9.375,8.876076698303223,3420
1998-06-16,9.0625,9.0625,9.0625,9.0625,8.580207824707031,400
1998-06-17,9.0625,9.0625,9.0625,9.0625,8.580207824707031,0
1998-06-18,9.0625,9.0625,9.0625,9.0625,8.580207824707031,100
1998-06-19,9.0625,9.0625,9.0625,9.0625,8.580207824707031,0
1998-06-22,9.0625,9.0625,9.0625,9.0625,8.580207824707031,40
1998-06-23,9.0625,9.0625,9.0625,9.0625,8.580207824707031,0
1998-06-24,9.0625,9.375,9.0625,9.0625,8.580207824707031,5060
1998-06-25,8.125,8.125,7.1875,7.1875,6.80499267578125,640
1998-06-26,7.1875,7.1875,7.1875,7.1875,6.80499267578125,0
1998-06-29,7.1875,7.1875,7.1875,7.1875,6.80499267578125,0
1998-06-30,7.1875,7.1875,7.1875,7.1875,6.80499267578125,0
1998-07-01,7.1875,7.1875,7.1875,7.1875,6.80499267578125,0
1998-07-02,6.5625,6.5625,6.5625,6.5625,6.213253974914551,1200
1998-07-06,6.5625,6.5625,6.5625,6.5625,6.213253974914551,0
1998-07-07,6.5625,6.5625,6.5625,6.5625,6.213253974914551,0
1998-07-08,6.5625,7.1875,6.5625,7.1875,6.80499267578125,1260
1998-07-09,5.9375,7.1875,5.9375,7.1875,6.80499267578125,1200
1998-07-10,7.1875,7.5,7.1875,7.5,7.100861549377441,2000
1998-07-13,6.875,7.5,6.875,7.5,7.100861549377441,1300
1998-07-14,8.125,8.125,8.125,8.125,7.692600250244141,500
1998-07-15,7.8125,8.125,7.8125,8.125,7.692600250244141,900
1998-07-16,6.875,6.875,5.625,5.625,5.32564640045166,1040
1998-07-17,5.625,5.625,5.625,5.625,5.32564640045166,0
1998-07-20,6.5625,7.8125,6.5625,7.8125,7.396730899810791,680
1998-07-21,7.8125,7.8125,7.8125,7.8125,7.396730899810791,0
1998-07-22,7.8125,7.8125,7.8125,7.8125,7.396730899810791,0
1998-07-23,7.8125,7.8125,7.8125,7.8125,7.396730899810791,0
1998-07-24,7.8125,7.8125,7.8125,7.8125,7.396730899810791,0
1998-07-27,6.5625,6.5625,5.625,5.625,5.32564640045166,840
1998-07-28,5.625,5.625,5.625,5.625,5.32564640045166,0
1998-07-29,5.625,5.625,5.625,5.625,5.32564640045166,20
1998-07-30,5.625,5.625,5.625,5.625,5.32564640045166,0
1998-07-31,5.9375,5.9375,5.9375,5.9375,5.621515274047852,200
1998-08-03,5.9375,5.9375,5.9375,5.9375,5.621515274047852,0
1998-08-04,5.9375,5.9375,5.9375,5.9375,5.621515274047852,0
1998-08-05,5.9375,5.9375,5.625,5.9375,5.621515274047852,1020
1998-08-06,5.625,6.5625,5.625,6.5625,6.213253974914551,1440
1998-08-07,6.25,6.40625,6.25,6.40625,6.065319538116455,400
1998-08-10,6.875,6.875,6.875,6.875,6.5091233253479,600
1998-08-11,6.875,6.875,6.875,6.875,6.5091233253479,0
1998-08-12,7.1875,7.8125,7.1875,7.8125,7.396730899810791,1500
1998-08-13,7.1875,7.5,6.875,6.875,6.5091233253479,6000
1998-08-14,6.875,6.875,6.875,6.875,6.5091233253479,0
1998-08-17,8.75,8.75,8.125,8.125,7.692600250244141,1560
1998-08-18,8.75,9.375,8.75,9.0625,8.580207824707031,2060
1998-08-19,9.0625,9.6875,9.0625,9.0625,8.580207824707031,2380
1998-08-20,9.53125,9.53125,9.0625,9.375,8.876076698303223,1000
1998-08-21,8.125,9.375,8.125,9.375,8.876076698303223,2060
1998-08-24,8.75,9.375,8.75,9.375,8.876076698303223,1080
1998-08-25,9.375,9.375,9.375,9.375,8.876076698303223,700
1998-08-26,9.0625,9.0625,9.0625,9.0625,8.580207824707031,100
1998-08-27,9.0625,9.0625,9.0625,9.0625,8.580207824707031,0
1998-08-28,7.8125,9.375,7.8125,9.375,8.876076698303223,720
1998-08-31,7.8125,9.0625,7.1875,9.0625,8.580207824707031,1340
1998-09-01,7.1875,7.8125,6.25,6.5625,6.213253974914551,600
1998-09-02,6.5625,6.5625,6.5625,6.5625,6.213253974914551,0
1998-09-03,8.75,8.75,8.75,8.75,8.284337997436523,120
1998-09-04,6.875,6.875,6.25,6.25,5.917384624481201,600
1998-09-08,4.375,5.625,4.375,5.3125,5.0297770500183105,800
1998-09-09,5.3125,5.3125,5.3125,5.3125,5.0297770500183105,0
1998-09-10,5.9375,5.9375,5.0,5.0,4.733907699584961,520
1998-09-11,5.0,5.0,5.0,5.0,4.733907699584961,0
1998-09-14,5.0,5.0,5.0,5.0,4.733907699584961,0
1998-09-15,5.0,5.0,5.0,5.0,4.733907699584961,0
1998-09-16,5.625,5.625,5.625,5.625,5.32564640045166,600
1998-09-17,5.625,5.625,5.625,5.625,5.32564640045166,0
1998-09-18,5.0,6.25,5.0,6.25,5.917384624481201,540
1998-09-21,6.25,6.25,6.25,6.25,5.917384624481201,0
1998-09-22,6.25,6.25,6.25,6.25,5.917384624481201,0
1998-09-23,5.0,5.0,5.0,5.0,4.733907699584961,200
1998-09-24,5.0,6.25,5.0,6.25,5.917384624481201,860
1998-09-25,6.25,6.25,6.25,6.25,5.917384624481201,0
1998-09-28,6.25,6.25,5.9375,5.9375,5.621515274047852,1480
1998-09-29,6.25,6.25,6.25,6.25,5.917384624481201,2660
1998-09-30,6.25,6.25,6.25,6.25,5.917384624481201,0
1998-10-01,6.25,6.25,6.25,6.25,5.917384624481201,0
1998-10-02,6.25,6.25,6.25,6.25,5.917384624481201,0
1998-10-05,6.25,6.25,6.25,6.25,5.917384624481201,0
1998-10-06,5.0,5.0,4.375,4.375,4.142168998718262,400
1998-10-07,4.375,4.375,4.375,4.375,4.142168998718262,0
1998-10-08,4.53125,4.53125,2.1875,2.5,2.3669538497924805,151840
1998-10-09,2.5,2.5,2.5,2.5,2.3669538497924805,0
1998-10-12,4.6875,4.6875,3.75,3.75,3.5504307746887207,400
1998-10-13,3.75,5.3125,3.125,5.3125,5.0297770500183105,7100
1998-10-14,4.0625,4.0625,2.8125,3.75,3.5504307746887207,940
1998-10-15,3.75,3.75,3.75,3.75,3.5504307746887207,0
1998-10-16,3.75,3.75,3.75,3.75,3.5504307746887207,0
1998-10-19,4.375,4.375,4.375,4.375,4.142168998718262,200
1998-10-20,4.375,4.375,4.375,4.375,4.142168998718262,0
1998-10-21,4.375,4.375,4.375,4.375,4.142168998718262,0
1998-10-22,4.0625,4.0625,4.0625,4.0625,3.8463001251220703,200
1998-10-23,4.0625,4.0625,4.0625,4.0625,3.8463001251220703,0
1998-10-26,5.0,5.0,5.0,5.0,4.733907699584961,80
1998-10-27,4.0625,4.0625,4.0625,4.0625,3.8463001251220703,2000
1998-10-28,4.0625,4.6875,4.0625,4.6875,4.438038349151611,540
1998-10-29,4.6875,4.6875,4.6875,4.6875,4.438038349151611,800
1998-10-30,5.0,5.0,5.0,5.0,4.733907699584961,60
1998-11-02,5.0,5.0,5.0,5.0,4.733907699584961,0
1998-11-03,5.0,5.0,5.0,5.0,4.733907699584961,0
1998-11-04,5.0,5.0,5.0,5.0,4.733907699584961,0
1998-11-05,5.0,5.0,5.0,5.0,4.733907699584961,0
1998-11-06,5.0,5.0,5.0,5.0,4.733907699584961,0
1998-11-09,4.0625,4.0625,3.4375,3.4375,3.25456166267395,240
1998-11-10,3.4375,3.4375,3.4375,3.4375,3.25456166267395,0
1998-11-11,3.4375,3.4375,3.4375,3.4375,3.25456166267395,0
1998-11-12,3.75,4.84375,3.75,4.375,4.142168998718262,13200
1998-11-13,4.375,4.375,4.375,4.375,4.142168998718262,0
1998-11-16,4.375,4.375,4.375,4.375,4.142168998718262,0
1998-11-17,3.75,3.75,3.75,3.75,3.5504307746887207,200
1998-11-18,4.0625,4.0625,4.0625,4.0625,3.8463001251220703,600
1998-11-19,4.0625,4.0625,4.0625,4.0625,3.8463001251220703,0
1998-11-20,4.375,4.53125,4.375,4.53125,4.290103912353516,1320
1998-11-23,4.375,4.6875,4.375,4.53125,4.290103912353516,1100
1998-11-24,4.53125,4.53125,4.53125,4.53125,4.290103912353516,0
1998-11-25,4.84375,4.84375,4.84375,4.84375,4.585973262786865,1100
1998-11-27,4.84375,5.0,4.84375,5.0,4.733907699584961,5900
1998-11-30,5.625,6.25,5.625,6.25,5.917384624481201,1900
1998-12-01,6.25,6.25,6.25,6.25,5.917384624481201,0
1998-12-02,5.9375,5.9375,5.9375,5.9375,5.621515274047852,320
1998-12-03,5.625,6.875,5.625,6.875,6.5091233253479,8900
1998-12-04,6.875,7.1875,6.875,7.1875,6.80499267578125,400
1998-12-07,7.1875,7.5,6.875,7.5,7.100861549377441,2400
1998-12-08,7.1875,7.5,6.875,6.875,6.5091233253479,4120
1998-12-09,7.5,7.5,6.875,7.1875,6.80499267578125,1800
1998-12-10,7.34375,8.28125,7.1875,7.8125,7.396730899810791,7440
1998-12-11,7.5,8.4375,7.5,8.125,7.692600250244141,5560
1998-12-14,8.125,8.75,8.125,8.4375,7.98846960067749,4460
1998-12-15,8.125,8.75,7.8125,8.75,8.284337997436523,11100
1998-12-16,8.75,8.75,8.75,8.75,8.284337997436523,200
1998-12-17,8.75,8.75,8.125,8.75,8.284337997436523,2100
1998-12-18,8.125,8.59375,8.125,8.4375,7.98846960067749,2300
1998-12-21,8.125,8.4375,7.5,8.125,7.692600250244141,2820
1998-12-22,7.8125,8.4375,7.5,7.5,7.100861549377441,4100
1998-12-23,7.1875,7.8125,6.875,7.8125,7.396730899810791,2840
1998-12-24,7.5,7.8125,7.5,7.8125,7.396730899810791,2700
1998-12-28,8.75,8.75,5.625,6.25,5.917384624481201,5900
1998-12-29,5.625,6.25,5.0,6.25,5.917384624481201,2740
1998-12-30,6.25,7.5,4.375,4.375,4.142168998718262,2520
1998-12-31,6.875,7.5,4.53125,4.53125,4.290103912353516,45380
1999-01-04,5.78125,6.25,5.3125,5.3125,5.0297770500183105,1480
1999-01-05,5.0,6.25,5.0,6.25,5.917384624481201,1060
1999-01-06,5.625,5.625,5.625,5.625,5.32564640045166,20
1999-01-07,6.25,6.25,6.09375,6.09375,5.7694501876831055,1100
1999-01-08,6.09375,6.09375,6.09375,6.09375,5.7694501876831055,0
1999-01-11,6.25,6.25,5.3125,5.3125,5.0297770500183105,2900
1999-01-12,5.3125,5.3125,5.3125,5.3125,5.0297770500183105,40
1999-01-13,6.5625,6.5625,6.5625,6.5625,6.213253974914551,140
1999-01-14,6.5625,6.5625,6.5625,6.5625,6.213253974914551,0
1999-01-15,5.0,5.0,4.84375,5.0,4.733907699584961,3900
1999-01-19,5.0,5.0,5.0,5.0,4.733907699584961,0
1999-01-20,5.0,5.0,5.0,5.0,4.733907699584961,0
1999-01-21,5.0,5.0,4.84375,4.84375,4.585973262786865,9360
1999-01-22,4.84375,4.84375,4.84375,4.84375,4.585973262786865,0
1999-01-25,4.84375,4.84375,4.84375,4.84375,4.585973262786865,0
1999-01-26,4.375,6.25,4.375,5.3125,5.0297770500183105,7360
1999-01-27,5.0,5.3125,5.0,5.0,4.733907699584961,3300
1999-01-28,5.0,5.0,5.0,5.0,4.733907699584961,40
1999-01-29,5.0,5.0,5.0,5.0,4.733907699584961,800
1999-02-01,5.0,5.0,5.0,5.0,4.733907699584961,1460
1999-02-02,5.0,5.0,5.0,5.0,4.733907699584961,0
1999-02-03,5.0,5.0,5.0,5.0,4.733907699584961,0
1999-02-04,5.0,5.0,5.0,5.0,4.733907699584961,1760
1999-02-05,5.0,5.625,5.0,5.0,4.733907699584961,11040
1999-02-08,4.375,4.375,4.375,4.375,4.142168998718262,760
1999-02-09,4.375,4.375,4.375,4.375,4.142168998718262,300
1999-02-10,4.375,4.375,4.375,4.375,4.142168998718262,0
1999-02-11,4.375,4.375,4.375,4.375,4.142168998718262,0
1999-02-12,4.375,4.375,4.375,4.375,4.142168998718262,0
1999-02-16,4.6875,4.6875,4.6875,4.6875,4.438038349151611,660
1999-02-17,4.6875,4.6875,4.6875,4.6875,4.438038349151611,0
1999-02-18,4.6875,4.6875,4.6875,4.6875,4.438038349151611,0
1999-02-19,4.6875,4.6875,4.6875,4.6875,4.438038349151611,0
1999-02-22,4.53125,4.53125,4.53125,4.53125,4.290103912353516,80
1999-02-23,4.53125,4.53125,4.53125,4.53125,4.290103912353516,0
1999-02-24,4.53125,4.53125,4.53125,4.53125,4.290103912353516,0
1999-02-25,5.625,5.625,5.625,5.625,5.32564640045166,60
1999-02-26,5.625,5.625,5.625,5.625,5.32564640045166,0
1999-03-01,4.375,4.375,4.375,4.375,4.142168998718262,2000
1999-03-02,5.3125,5.3125,5.0,5.0,4.733907699584961,160
1999-03-03,5.0,5.0,5.0,5.0,4.733907699584961,0
1999-03-04,5.3125,5.9375,5.3125,5.9375,5.621515274047852,360
1999-03-05,6.875,6.875,5.9375,5.9375,5.621515274047852,2140
1999-03-08,6.25,6.25,6.25,6.25,5.917384624481201,380
1999-03-09,5.9375,5.9375,4.6875,4.6875,4.438038349151611,100
1999-03-10,5.625,5.625,5.625,5.625,5.32564640045166,200
1999-03-11,5.625,5.625,5.625,5.625,5.32564640045166,100
1999-03-12,5.625,5.625,5.625,5.625,5.32564640045166,920
1999-03-15,5.625,5.9375,4.6875,5.9375,5.621515274047852,300
1999-03-16,5.9375,6.25,5.9375,6.25,5.917384624481201,4440
1999-03-17,6.25,6.25,6.25,6.25,5.917384624481201,1640
1999-03-18,6.5625,6.5625,6.5625,6.5625,6.213253974914551,600
1999-03-19,6.5625,6.5625,6.5625,6.5625,6.213253974914551,0
1999-03-22,6.25,6.5625,6.25,6.25,5.917384624481201,2300
1999-03-23,5.9375,5.9375,5.3125,5.3125,5.0297770500183105,80
1999-03-24,6.25,6.25,6.25,6.25,5.917384624481201,300
1999-03-25,6.25,6.875,6.25,6.875,6.5091233253479,4200
1999-03-26,5.625,5.625,5.625,5.625,5.32564640045166,960
1999-03-29,5.9375,5.9375,5.9375,5.9375,5.621515274047852,220
1999-03-30,5.9375,5.9375,5.9375,5.9375,5.621515274047852,0
1999-03-31,5.9375,5.9375,5.9375,5.9375,5.621515274047852,100
1999-04-01,5.9375,5.9375,5.9375,5.9375,5.621515274047852,0
1999-04-05,5.625,5.625,5.625,5.625,5.32564640045166,100
1999-04-06,5.625,5.625,5.625,5.625,5.32564640045166,0
1999-04-07,5.625,5.625,5.625,5.625,5.32564640045166,0
1999-04-08,5.625,5.9375,5.625,5.625,5.32564640045166,2140
1999-04-09,5.625,5.625,5.625,5.625,5.32564640045166,0
1999-04-12,5.3125,5.625,5.3125,5.3125,5.0297770500183105,620
1999-04-13,5.3125,5.3125,5.3125,5.3125,5.0297770500183105,0
1999-04-14,5.3125,5.3125,5.3125,5.3125,5.0297770500183105,0
1999-04-15,5.3125,5.3125,5.3125,5.3125,5.0297770500183105,20
1999-04-16,5.3125,5.3125,5.3125,5.3125,5.0297770500183105,0
1999-04-19,5.0,5.0,4.6875,5.0,4.733907699584961,360
1999-04-20,5.0,5.0,5.0,5.0,4.733907699584961,160
1999-04-21,5.0,5.0,5.0,5.0,4.733907699584961,0
1999-04-22,5.0,5.0,5.0,5.0,4.733907699584961,0
1999-04-23,5.0,5.0,5.0,5.0,4.733907699584961,0
1999-04-26,5.0,5.0,5.0,5.0,4.733907699584961,0
1999-04-27,4.375,5.0,4.375,5.0,4.733907699584961,340
1999-04-28,5.0,5.0,5.0,5.0,4.733907699584961,0
1999-04-29,5.0,5.0,5.0,5.0,4.733907699584961,0
1999-04-30,4.375,4.375,4.375,4.375,4.142168998718262,640
1999-05-03,4.375,4.375,4.375,4.375,4.142168998718262,60
1999-05-04,4.375,4.375,4.375,4.375,4.142168998718262,880
1999-05-05,4.375,4.375,4.375,4.375,4.142168998718262,0
1999-05-06,4.375,4.375,4.375,4.375,4.142168998718262,200
1999-05-07,4.375,4.375,4.375,4.375,4.142168998718262,0
1999-05-10,4.375,4.375,4.375,4.375,4.142168998718262,0
1999-05-11,4.375,4.375,4.375,4.375,4.142168998718262,0
1999-05-12,4.53125,4.53125,4.53125,4.53125,4.290103912353516,200
1999-05-13,4.53125,4.53125,4.53125,4.53125,4.290103912353516,0
1999-05-14,4.53125,4.53125,4.53125,4.53125,4.290103912353516,0
1999-05-17,4.53125,4.53125,4.53125,4.53125,4.290103912353516,0
1999-05-18,4.53125,4.53125,4.53125,4.53125,4.290103912353516,0
1999-05-19,5.0,5.0,4.6875,4.6875,4.438038349151611,1240
1999-05-20,5.625,5.625,5.625,5.625,5.32564640045166,240
1999-05-21,5.625,5.625,5.625,5.625,5.32564640045166,0
1999-05-24,5.625,5.625,5.625,5.625,5.32564640045166,0
1999-05-25,5.3125,5.3125,5.3125,5.3125,5.0297770500183105,360
1999-05-26,5.3125,5.3125,5.3125,5.3125,5.0297770500183105,0
1999-05-27,5.3125,5.3125,5.3125,5.3125,5.0297770500183105,0
1999-05-28,5.3125,5.3125,5.3125,5.3125,5.0297770500183105,0
1999-06-01,5.3125,5.3125,5.3125,5.3125,5.0297770500183105,0
1999-06-02,5.0,5.0,5.0,5.0,4.733907699584961,600
1999-06-03,5.0,5.0,5.0,5.0,4.733907699584961,0
1999-06-04,5.0,5.0,5.0,5.0,4.733907699584961,0
1999-06-07,4.6875,4.6875,4.53125,4.6875,4.438038349151611,740
1999-06-08,4.6875,4.6875,4.6875,4.6875,4.438038349151611,0
1999-06-09,4.6875,4.6875,4.6875,4.6875,4.438038349151611,0
1999-06-10,4.53125,4.53125,4.53125,4.53125,4.290103912353516,300
1999-06-11,4.53125,4.53125,4.53125,4.53125,4.290103912353516,0
1999-06-14,4.53125,4.53125,4.53125,4.53125,4.290103912353516,0
1999-06-15,4.375,4.375,4.375,4.375,4.142168998718262,200
1999-06-16,4.375,4.375,4.375,4.375,4.142168998718262,0
1999-06-17,5.0,5.0,5.0,5.0,4.733907699584961,800
1999-06-18,4.375,4.375,4.375,4.375,4.142168998718262,800
1999-06-21,4.375,4.375,4.375,4.375,4.142168998718262,400
1999-06-22,4.375,4.375,4.375,4.375,4.142168998718262,0
1999-06-23,4.375,4.375,4.375,4.375,4.142168998718262,0
1999-06-24,4.375,4.375,4.375,4.375,4.142168998718262,0
1999-06-25,4.375,4.375,4.375,4.375,4.142168998718262,0
1999-06-28,4.375,4.6875,4.0625,4.0625,3.8463001251220703,2320
1999-06-29,4.0625,4.0625,4.0625,4.0625,3.8463001251220703,0
1999-06-30,4.0625,4.0625,4.0625,4.0625,3.8463001251220703,200
1999-07-01,4.53125,4.53125,4.53125,4.53125,4.290103912353516,40
1999-07-02,4.53125,4.53125,4.53125,4.53125,4.290103912353516,0
1999-07-06,4.53125,4.53125,4.53125,4.53125,4.290103912353516,0
1999-07-07,4.53125,4.53125,4.53125,4.53125,4.290103912353516,0
1999-07-08,4.0625,4.0625,3.75,3.75,3.5504307746887207,180
1999-07-09,4.375,4.375,4.375,4.375,4.142168998718262,200
1999-07-12,4.296875,4.375,4.21875,4.375,4.142168998718262,440
1999-07-13,4.375,4.375,4.375,4.375,4.142168998718262,600
1999-07-14,4.375,4.375,4.375,4.375,4.142168998718262,0
1999-07-15,4.375,4.375,4.375,4.375,4.142168998718262,0
1999-07-16,4.375,4.375,4.375,4.375,4.142168998718262,0
1999-07-19,4.21875,4.375,4.21875,4.21875,3.994234800338745,2840
1999-07-20,4.21875,4.375,3.75,3.75,3.5504307746887207,8720
1999-07-21,3.75,3.75,3.75,3.75,3.5504307746887207,0
1999-07-22,3.90625,4.0625,3.90625,4.0625,3.8463001251220703,320
1999-07-23,4.0625,4.0625,4.0625,4.0625,3.8463001251220703,1200
1999-07-26,4.296875,5.0,4.296875,5.0,4.733907699584961,420
1999-07-27,5.0,5.0,5.0,5.0,4.733907699584961,0
1999-07-28,5.0,5.0,5.0,5.0,4.733907699584961,0
1999-07-29,4.53125,4.53125,4.53125,4.53125,4.290103912353516,240
1999-07-30,5.0,5.0,4.53125,4.53125,4.290103912353516,1540
1999-08-02,4.53125,4.53125,4.53125,4.53125,4.290103912353516,0
1999-08-03,4.53125,4.53125,3.90625,3.90625,3.6983654499053955,80
1999-08-04,3.90625,3.90625,3.59375,3.59375,3.402496337890625,1620
1999-08-05,3.59375,3.59375,3.59375,3.59375,3.402496337890625,120
1999-08-06,3.59375,3.59375,3.59375,3.59375,3.402496337890625,0
1999-08-09,3.59375,3.75,3.28125,3.75,3.5504307746887207,2320
1999-08-10,3.75,3.75,3.75,3.75,3.5504307746887207,0
1999-08-11,3.75,3.75,3.75,3.75,3.5504307746887207,0
1999-08-12,3.75,3.75,3.75,3.75,3.5504307746887207,0
1999-08-13,3.75,3.75,3.75,3.75,3.5504307746887207,0
1999-08-16,3.75,3.75,3.75,3.75,3.5504307746887207,0
1999-08-17,3.75,3.75,3.75,3.75,3.5504307746887207,0
1999-08-18,4.375,4.6875,4.375,4.6875,4.438038349151611,1240
1999-08-19,4.6875,4.6875,4.6875,4.6875,4.438038349151611,0
1999-08-20,4.0625,4.0625,3.75,3.75,3.5504307746887207,820
1999-08-23,3.75,3.75,3.75,3.75,3.5504307746887207,0
1999-08-24,3.75,3.75,3.75,3.75,3.5504307746887207,200
1999-08-25,3.75,3.75,3.75,3.75,3.5504307746887207,420
1999-08-26,3.75,3.75,3.4375,3.4375,3.25456166267395,1620
1999-08-27,3.4375,3.4375,3.4375,3.4375,3.25456166267395,300
1999-08-30,3.4375,3.4375,3.4375,3.4375,3.25456166267395,0
1999-08-31,3.75,3.90625,3.75,3.90625,3.6983654499053955,2400
1999-09-01,3.90625,3.90625,3.90625,3.90625,3.6983654499053955,0
1999-09-02,3.90625,3.90625,3.90625,3.90625,3.6983654499053955,0
1999-09-03,3.90625,3.90625,3.90625,3.90625,3.6983654499053955,0
1999-09-07,3.90625,3.90625,3.90625,3.90625,3.6983654499053955,0
1999-09-08,4.21875,4.375,4.21875,4.375,4.142168998718262,2500
1999-09-09,4.375,4.375,4.375,4.375,4.142168998718262,0
1999-09-10,4.375,4.375,4.375,4.375,4.142168998718262,0
1999-09-13,4.375,4.375,4.375,4.375,4.142168998718262,1540
1999-09-14,4.375,4.375,4.375,4.375,4.142168998718262,0
1999-09-15,4.375,4.375,4.375,4.375,4.142168998718262,0
1999-09-16,4.375,4.375,4.375,4.375,4.142168998718262,0
1999-09-17,4.375,4.375,4.375,4.375,4.142168998718262,0
1999-09-20,4.375,4.375,4.375,4.375,4.142168998718262,0
1999-09-21,4.375,4.375,4.375,4.375,4.142168998718262,0
1999-09-22,4.375,4.375,4.375,4.375,4.142168998718262,0
1999-09-23,4.0625,4.0625,4.0625,4.0625,3.8463001251220703,20
1999-09-24,4.0625,4.0625,3.4375,4.0625,3.8463001251220703,3100
1999-09-27,4.375,4.375,4.375,4.375,4.142168998718262,180
1999-09-28,4.375,4.375,4.375,4.375,4.142168998718262,0
1999-09-29,3.90625,3.90625,3.90625,3.90625,3.6983654499053955,120
1999-09-30,3.90625,3.90625,3.90625,3.90625,3.6983654499053955,0
1999-10-01,3.90625,3.90625,3.90625,3.90625,3.6983654499053955,0
1999-10-04,3.90625,4.0625,3.75,3.75,3.5504307746887207,340
1999-10-05,3.75,3.75,3.75,3.75,3.5504307746887207,0
1999-10-06,3.75,3.75,3.4375,3.4375,3.25456166267395,1420
1999-10-07,4.0625,4.0625,4.0625,4.0625,3.8463001251220703,260
1999-10-08,3.75,4.0625,3.75,4.0625,3.8463001251220703,920
1999-10-11,4.375,4.375,4.0625,4.375,4.142168998718262,5360
1999-10-12,4.375,4.6875,4.0625,4.0625,3.8463001251220703,4100
1999-10-13,3.75,4.0625,3.75,4.0625,3.8463001251220703,2060
1999-10-14,4.0625,4.0625,4.0625,4.0625,3.8463001251220703,0
1999-10-15,4.0625,4.0625,4.0625,4.0625,3.8463001251220703,0
1999-10-18,4.0625,4.0625,4.0625,4.0625,3.8463001251220703,0
1999-10-19,4.0625,4.0625,4.0625,4.0625,3.8463001251220703,0
1999-10-20,4.0625,4.0625,4.0625,4.0625,3.8463001251220703,0
1999-10-21,3.59375,3.59375,3.59375,3.59375,3.402496337890625,80
1999-10-22,3.59375,3.59375,3.59375,3.59375,3.402496337890625,0
1999-10-25,4.0625,4.0625,4.0625,4.0625,3.8463001251220703,500
1999-10-26,3.59375,4.0625,3.59375,4.0625,3.8463001251220703,5800
1999-10-27,4.0625,4.0625,4.0625,4.0625,3.8463001251220703,0
1999-10-28,4.0625,4.0625,4.0625,4.0625,3.8463001251220703,0
1999-10-29,4.0625,4.0625,4.0625,4.0625,3.8463001251220703,0
1999-11-01,4.0625,4.0625,4.0625,4.0625,3.8463001251220703,0
1999-11-02,4.0625,4.0625,4.0625,4.0625,3.8463001251220703,0
1999-11-03,3.75,3.90625,3.75,3.90625,3.6983654499053955,7180
1999-11-04,3.75,4.0625,3.75,4.0625,3.8463001251220703,700
1999-11-05,3.75,3.75,3.75,3.75,3.5504307746887207,1200
1999-11-08,3.75,3.75,3.75,3.75,3.5504307746887207,0
1999-11-09,3.59375,3.59375,3.59375,3.59375,3.402496337890625,200
1999-11-10,3.59375,3.59375,3.59375,3.59375,3.402496337890625,100
1999-11-11,3.59375,3.59375,3.59375,3.59375,3.402496337890625,0
1999-11-12,3.59375,3.59375,3.59375,3.59375,3.402496337890625,0
1999-11-15,3.59375,3.59375,3.59375,3.59375,3.402496337890625,0
1999-11-16,3.59375,3.59375,3.59375,3.59375,3.402496337890625,80
1999-11-17,4.0625,5.0,4.0625,5.0,4.733907699584961,16240
1999-11-18,4.84375,4.84375,4.84375,4.84375,4.585973262786865,10760
1999-11-19,3.984375,5.0,3.28125,4.84375,4.585973262786865,9060
1999-11-22,4.84375,10.0,4.84375,9.6875,9.17194652557373,11720
1999-11-23,7.5,11.25,6.875,10.15625,9.615750312805176,20660
1999-11-24,10.9375,15.3125,9.0625,13.75,13.0182466506958,29920
1999-11-26,13.90625,14.0625,11.25,11.25,10.65129280090332,8220
1999-11-29,13.75,13.75,10.0,11.25,10.65129280090332,4620
1999-11-30,9.375,10.0,6.875,6.875,6.5091233253479,7820
1999-12-01,7.8125,9.6875,7.5,8.75,8.284337997436523,3080
1999-12-02,8.90625,8.90625,8.90625,8.90625,8.432272911071777,200
1999-12-03,9.296875,10.3125,9.296875,10.0,9.467815399169922,1940
1999-12-06,9.6875,10.0,8.90625,9.0625,8.580207824707031,3100
1999-12-07,9.0625,9.6875,9.0625,9.375,8.876076698303223,1560
1999-12-08,9.375,10.0,9.375,9.375,8.876076698303223,5740
1999-12-09,10.3125,15.0,10.0,12.5,11.834769248962402,10860
1999-12-10,12.5,12.5,12.5,12.5,11.834769248962402,180
1999-12-13,11.09375,12.8125,11.09375,11.875,11.243030548095703,5920
1999-12-14,12.5,17.1875,12.5,15.3125,14.497591972351074,46600
1999-12-15,15.625,16.25,15.0,15.625,14.793461799621582,16160
1999-12-16,15.9375,17.5,15.0,16.25,15.385200500488281,13880
1999-12-17,17.1875,17.1875,14.375,14.375,13.6099853515625,2020
1999-12-20,12.03125,13.125,11.875,11.875,11.243030548095703,2820
1999-12-21,13.125,13.125,10.625,10.625,10.059554100036621,2880
1999-12-22,11.875,15.625,11.25,14.6875,13.905854225158691,12720
1999-12-23,15.3125,16.875,11.875,13.125,12.426507949829102,13820
1999-12-27,15.625,15.625,14.375,15.0,14.201723098754883,3140
1999-12-28,14.375,14.375,12.5,13.125,12.426507949829102,6020
1999-12-29,13.125,13.125,12.5,12.5,11.834769248962402,1560
1999-12-30,13.75,13.75,13.75,13.75,13.0182466506958,80
1999-12-31,12.5,15.0,12.1875,15.0,14.201723098754883,3260
2000-01-03,11.875,12.8125,11.25,12.5,11.834769248962402,12340
2000-01-04,14.84375,15.0,13.125,13.75,13.0182466506958,13500
2000-01-05,14.375,14.375,13.125,13.125,12.426507949829102,740
2000-01-06,13.125,13.125,13.125,13.125,12.426507949829102,400
2000-01-07,13.75,13.75,13.125,13.4375,12.722376823425293,3020
2000-01-10,14.375,15.0,14.375,15.0,14.201723098754883,11300
2000-01-11,15.0,15.0,13.75,14.375,13.6099853515625,6100
2000-01-12,15.3125,15.3125,14.375,14.375,13.6099853515625,440
2000-01-13,13.75,13.75,13.75,13.75,13.0182466506958,1980
2000-01-14,15.0,15.0,12.5,13.125,12.426507949829102,1120
2000-01-18,12.5,12.5,12.5,12.5,11.834769248962402,860
2000-01-19,12.8125,14.375,12.8125,14.375,13.6099853515625,240
2000-01-20,14.375,16.25,13.75,15.0,14.201723098754883,12220
2000-01-21,15.625,15.625,15.0,15.0,14.201723098754883,1960
2000-01-24,15.625,16.875,15.0,16.875,15.97693920135498,4440
2000-01-25,16.5625,16.5625,15.0,16.25,15.385200500488281,1980
2000-01-26,15.625,15.625,14.375,15.0,14.201723098754883,2940
2000-01-27,14.6875,14.6875,14.6875,14.6875,13.905854225158691,4460
2000-01-28,13.59375,13.75,13.59375,13.75,13.0182466506958,3620
2000-01-31,14.375,14.375,14.375,14.375,13.6099853515625,400
2000-02-01,13.75,13.75,13.75,13.75,13.0182466506958,1480
2000-02-02,15.0,15.625,15.0,15.0,14.201723098754883,1580
2000-02-03,14.375,23.75,14.375,17.1875,16.272808074951172,50000
2000-02-04,18.75,20.625,15.625,15.625,14.793461799621582,26360
2000-02-07,16.25,19.0625,16.25,18.4375,17.45628547668457,15380
2000-02-08,19.375,20.0,17.5,18.75,17.752153396606445,16720
2000-02-09,18.4375,18.75,17.5,17.65625,16.716611862182617,3640
2000-02-10,17.65625,18.75,17.1875,17.1875,16.272808074951172,25680
2000-02-11,17.5,23.4375,17.5,20.625,19.52737045288086,53500
2000-02-14,21.875,26.875,21.875,24.0625,22.781930923461914,69280
2000-02-15,25.9375,27.1875,23.4375,24.375,23.077800750732422,53280
2000-02-16,25.0,26.71875,23.75,24.6875,23.373668670654297,41340
2000-02-17,25.0,25.625,24.375,25.0,23.669538497924805,36620
2000-02-18,24.84375,25.625,23.75,24.21875,22.929866790771484,13380
2000-02-22,24.21875,25.0,23.125,23.75,22.486061096191406,14520
2000-02-23,25.0,25.0,23.4375,23.4375,22.1901912689209,14460
2000-02-24,24.0625,24.6875,22.5,24.0625,22.781930923461914,9640
2000-02-25,23.125,25.0,23.125,24.375,23.077800750732422,53040
2000-02-28,23.75,33.59375,23.4375,29.53125,27.95964241027832,91500
2000-02-29,31.25,44.84375,31.25,39.375,37.27952575683594,127480
2000-03-01,40.0,40.0,34.0625,36.875,34.91257095336914,37900
2000-03-02,37.5,38.125,31.5625,32.65625,30.9183349609375,32040
2000-03-03,34.53125,35.3125,31.875,35.0,33.137351989746094,28120
2000-03-06,35.390625,35.46875,31.5625,31.5625,29.882793426513672,36800
2000-03-07,32.8125,32.8125,26.25,26.25,24.853015899658203,46100
2000-03-08,27.8125,32.1875,27.8125,30.0,28.403446197509766,28600
2000-03-09,30.0,32.1875,29.0625,29.375,27.811708450317383,24100
2000-03-10,29.0625,30.0,26.5625,27.5,26.0364933013916,34460
2000-03-13,27.5,27.8125,23.125,26.25,24.853015899658203,51580
2000-03-14,26.25,27.03125,23.75,23.75,22.486061096191406,33560
2000-03-15,23.75,25.0,23.125,23.4375,22.1901912689209,14620
2000-03-16,25.0,25.625,21.875,23.75,22.486061096191406,11940
2000-03-17,23.828125,27.1875,23.28125,24.6875,23.373668670654297,22200
2000-03-20,24.375,25.625,21.875,21.875,20.710847854614258,17120
2000-03-21,22.03125,22.03125,17.03125,18.4375,17.45628547668457,24800
2000-03-22,18.75,22.5,18.75,22.5,21.30258560180664,18680
2000-03-23,22.578125,23.90625,21.875,21.875,20.710847854614258,5560
2000-03-24,21.875,23.4375,21.40625,21.40625,20.26704216003418,9000
2000-03-27,21.25,21.875,18.90625,21.875,20.710847854614258,12200
2000-03-28,22.5,22.5,17.5,19.375,18.34389305114746,7600
2000-03-29,20.9375,21.875,16.25,21.875,20.710847854614258,13800
2000-03-30,19.6875,20.0,15.9375,19.375,18.34389305114746,6180
2000-03-31,20.625,22.1875,19.375,21.25,20.119108200073242,11480
2000-04-03,21.25,21.875,17.5,17.5,16.568675994873047,10020
2000-04-04,18.59375,18.59375,12.5,17.8125,16.864545822143555,29360
2000-04-05,17.5,20.0,15.625,17.8125,16.864545822143555,10140
2000-04-06,20.0,20.625,19.375,19.84375,18.787694931030273,17920
2000-04-07,19.6875,20.3125,17.5,17.65625,16.716611862182617,11700
2000-04-10,18.90625,20.0,17.8125,19.0625,18.048023223876953,21500
2000-04-11,18.75,20.0,18.125,18.4375,17.45628547668457,6340
2000-04-12,18.4375,19.375,16.25,16.5625,15.681069374084473,9780
2000-04-13,16.25,18.4375,15.625,17.5,16.568675994873047,17140
2000-04-14,17.5,20.0,12.5,15.0,14.201723098754883,18120
2000-04-17,14.6875,17.5,12.65625,15.0,14.201723098754883,34180
2000-04-18,14.375,17.5,13.75,16.875,15.97693920135498,15760
2000-04-19,17.1875,17.8125,16.875,16.875,15.97693920135498,3140
2000-04-20,18.4375,18.4375,15.625,15.9375,15.089330673217773,5940
2000-04-24,15.9375,15.9375,14.375,15.0,14.201723098754883,3380
2000-04-25,16.25,16.5625,14.0625,16.5625,15.681069374084473,4380
2000-04-26,16.5625,17.5,15.0,15.0,14.201723098754883,5800
2000-04-27,15.625,18.4375,15.0,18.125,17.160415649414062,10420
2000-04-28,17.5,18.75,16.25,16.25,15.385200500488281,4240
2000-05-01,17.5,19.84375,17.5,18.59375,17.604219436645508,6560
2000-05-02,18.75,19.84375,18.125,19.6875,18.63976287841797,7560
2000-05-03,19.375,20.0,17.8125,17.8125,16.864545822143555,7980
2000-05-04,19.0625,19.0625,17.8125,18.75,17.752153396606445,4260
2000-05-05,19.375,21.875,19.375,20.3125,19.23150062561035,17960
2000-05-08,20.0,20.625,19.6875,20.0,18.935630798339844,18420
2000-05-09,20.0,20.625,20.0,20.625,19.52737045288086,14600
2000-05-10,20.625,21.25,16.875,16.875,15.97693920135498,10880
2000-05-11,18.28125,20.0,17.34375,18.125,17.160415649414062,10900
2000-05-12,19.53125,21.09375,19.53125,20.78125,19.675304412841797,18900
2000-05-15,22.5,22.5,19.375,20.0,18.935630798339844,12480
2000-05-16,21.09375,21.25,19.6875,20.0,18.935630798339844,12280
2000-05-17,20.46875,21.5625,20.3125,20.9375,19.823238372802734,10760
2000-05-18,20.3125,21.25,19.375,21.25,20.119108200073242,14320
2000-05-19,20.3125,20.3125,19.375,19.375,18.34389305114746,520
2000-05-22,21.5625,21.5625,17.5,18.125,17.160415649414062,9980
2000-05-23,20.0,20.625,16.875,17.8125,16.864545822143555,13280
2000-05-24,18.75,20.0,18.4375,20.0,18.935630798339844,14080
2000-05-25,20.625,21.25,18.75,21.25,20.119108200073242,6020
2000-05-26,20.0,20.0,16.875,18.4375,17.45628547668457,2500
2000-05-30,18.75,20.0,18.75,20.0,18.935630798339844,1860
2000-05-31,18.75,18.75,17.8125,18.75,17.752153396606445,7840
2000-06-01,19.6875,20.625,19.6875,20.625,19.52737045288086,10180
2000-06-02,19.6875,20.0,17.5,18.75,17.752153396606445,1320
2000-06-05,20.0,20.0,20.0,20.0,18.935630798339844,4560
2000-06-06,16.875,21.25,15.625,20.0,18.935630798339844,8000
2000-06-07,20.625,22.5,17.5,18.75,17.752153396606445,5840
2000-06-08,20.0,20.625,20.0,20.0,18.935630798339844,3860
2000-06-09,18.75,19.375,18.75,19.375,18.34389305114746,440
2000-06-12,20.0,20.0,18.75,20.0,18.935630798339844,3520
2000-06-13,19.0625,22.03125,18.75,21.25,20.119108200073242,13120
2000-06-14,20.625,23.4375,20.0,22.5,21.30258560180664,27340
2000-06-15,22.5,25.0,19.375,22.34375,21.15464973449707,38000
2000-06-16,23.75,23.75,20.625,20.625,19.52737045288086,4340
2000-06-19,21.5625,21.875,20.0,21.25,20.119108200073242,7680
2000-06-20,20.9375,21.40625,20.0,20.3125,19.23150062561035,3740
2000-06-21,20.3125,20.625,19.375,19.375,18.34389305114746,8660
2000-06-22,18.125,21.25,18.125,20.0,18.935630798339844,8860
2000-06-23,19.0625,20.625,19.0625,20.0,18.935630798339844,2960
2000-06-26,20.3125,20.625,18.125,19.375,18.34389305114746,10600
2000-06-27,19.375,20.3125,19.375,20.0,18.935630798339844,8960
2000-06-28,19.84375,22.34375,19.6875,21.875,20.710847854614258,20660
2000-06-29,21.875,25.0,21.875,25.0,23.669538497924805,28100
2000-06-30,24.375,26.25,24.0625,24.84375,23.521604537963867,18580
2000-07-03,25.0,27.8125,24.6875,27.5,26.0364933013916,16380
2000-07-05,27.5,28.125,26.25,26.25,24.853015899658203,18080
2000-07-06,27.5,27.5,24.0625,24.0625,22.781930923461914,4980
2000-07-07,25.0,26.25,23.125,26.25,24.853015899658203,5200
2000-07-10,24.6875,25.0,24.6875,24.6875,23.373668670654297,2780
2000-07-11,24.0625,24.6875,22.5,23.75,22.486061096191406,4220
2000-07-12,23.125,25.0,22.65625,24.375,23.077800750732422,13620
2000-07-13,23.4375,23.75,22.5,23.75,22.486061096191406,8100
2000-07-14,24.375,25.0,23.75,25.0,23.669538497924805,3740
2000-07-17,23.125,26.25,22.5,26.25,24.853015899658203,10380
2000-07-18,26.25,26.25,24.375,24.375,23.077800750732422,11760
2000-07-19,25.3125,25.625,23.90625,24.375,23.077800750732422,8980
2000-07-20,25.15625,25.78125,24.6875,25.15625,23.817474365234375,11280
2000-07-21,25.15625,26.25,24.6875,25.0,23.669538497924805,8440
2000-07-24,26.25,26.25,24.6875,24.6875,23.373668670654297,8780
2000-07-25,26.09375,26.09375,25.0,25.0,23.669538497924805,3780
2000-07-26,25.625,25.625,24.6875,24.6875,23.373668670654297,3160
2000-07-27,24.6875,25.0,22.65625,25.0,23.669538497924805,8100
2000-07-28,25.0,25.625,23.4375,24.6875,23.373668670654297,2980
2000-07-31,22.65625,23.125,22.5,23.125,21.894323348999023,2760
2000-08-01,23.125,23.125,21.25,21.875,20.710847854614258,3440
2000-08-02,22.5,23.75,21.875,23.75,22.486061096191406,10000
2000-08-03,24.6875,24.6875,23.4375,24.0625,22.781930923461914,4060
2000-08-04,23.4375,23.4375,22.65625,23.4375,22.1901912689209,680
2000-08-07,22.5,23.125,21.875,22.5,21.30258560180664,2280
2000-08-08,22.5,22.5,22.5,22.5,21.30258560180664,560
2000-08-09,22.5,22.5,22.5,22.5,21.30258560180664,460
2000-08-10,23.75,25.0,21.875,22.5,21.30258560180664,960
2000-08-11,22.03125,23.75,21.875,22.5,21.30258560180664,840
2000-08-14,20.3125,21.875,20.0,20.3125,19.23150062561035,7220
2000-08-15,20.0,20.9375,19.375,19.6875,18.63976287841797,9580
2000-08-16,20.0,21.25,20.0,21.25,20.119108200073242,500
2000-08-17,20.9375,21.875,20.0,20.0,18.935630798339844,2980
2000-08-18,20.0,20.625,19.375,20.3125,19.23150062561035,2600
2000-08-21,21.875,21.875,21.875,21.875,20.710847854614258,2420
2000-08-22,22.5,23.75,20.625,23.125,21.894323348999023,5960
2000-08-23,23.125,23.125,21.25,21.25,20.119108200073242,6480
2000-08-24,21.875,23.125,21.5625,21.5625,20.41497802734375,660
2000-08-25,20.625,20.625,20.625,20.625,19.52737045288086,120
2000-08-28,20.78125,21.875,20.625,21.875,20.710847854614258,1640
2000-08-29,21.25,30.0,21.25,27.1875,25.740623474121094,121440
2000-08-30,28.125,28.125,25.625,27.5,26.0364933013916,18860
2000-08-31,27.5,29.6875,24.6875,28.4375,26.924100875854492,10180
2000-09-01,29.375,30.625,27.1875,27.1875,25.740623474121094,5440
2000-09-05,29.0625,29.0625,27.1875,27.1875,25.740623474121094,8480
2000-09-06,28.75,30.9375,27.8125,28.75,27.219970703125,17140
2000-09-07,29.21875,33.75,28.75,32.8125,31.06627082824707,45480
2000-09-08,32.34375,33.125,30.0,32.5,30.770401000976562,21560
2000-09-11,33.125,33.75,31.875,31.875,30.178661346435547,17800
2000-09-12,32.1875,32.8125,29.0625,29.0625,27.515840530395508,13700
2000-09-13,30.0,32.1875,28.125,28.125,26.628231048583984,9940
2000-09-14,28.125,30.625,26.875,28.125,26.628231048583984,11180
2000-09-15,26.71875,28.75,26.5625,26.875,25.444753646850586,3320
2000-09-18,29.375,29.375,27.5,28.4375,26.924100875854492,11620
2000-09-19,28.4375,29.375,27.1875,29.375,27.811708450317383,5820
2000-09-20,28.75,28.75,26.875,28.75,27.219970703125,4540
2000-09-21,28.125,30.0,26.875,30.0,28.403446197509766,3460
2000-09-22,27.5,30.0,27.03125,30.0,28.403446197509766,10260
2000-09-25,30.0,30.0,28.75,29.6875,28.107576370239258,5640
2000-09-26,29.6875,29.6875,27.5,29.6875,28.107576370239258,8420
2000-09-27,28.75,28.75,27.1875,28.75,27.219970703125,6860
2000-09-28,30.625,30.625,26.25,29.0625,27.515840530395508,4200
2000-09-29,28.125,29.53125,28.125,29.375,27.811708450317383,2260
2000-10-02,27.5,30.3125,27.5,27.5,26.0364933013916,4600
2000-10-03,27.5,27.5,25.9375,26.25,24.853015899658203,7980
2000-10-04,26.5625,28.75,26.25,28.75,27.219970703125,2060
2000-10-05,26.25,27.8125,26.25,26.5625,25.14888572692871,1420
2000-10-06,26.25,27.8125,26.25,26.5625,25.14888572692871,3620
2000-10-09,27.421875,27.421875,25.625,26.5625,25.14888572692871,860
2000-10-10,25.625,25.625,21.875,22.5,21.30258560180664,13640
2000-10-11,22.5,22.5,20.625,22.5,21.30258560180664,14520
2000-10-12,21.25,21.25,17.1875,18.75,17.752153396606445,11040
2000-10-13,18.125,23.4375,17.5,23.4375,22.1901912689209,8340
2000-10-16,22.5,23.59375,22.5,23.125,21.894323348999023,12860
2000-10-17,23.75,23.75,22.5,23.125,21.894323348999023,6800
2000-10-18,20.625,23.125,15.9375,20.625,19.52737045288086,20880
2000-10-19,21.875,25.625,20.625,25.625,24.26127815246582,6880
2000-10-20,25.0,25.0,22.5,23.125,21.894323348999023,3320
2000-10-23,22.578125,24.0625,22.5,22.8125,21.59845542907715,6600
2000-10-24,21.875,22.8125,21.875,22.8125,21.59845542907715,1220
2000-10-25,21.25,22.8125,20.9375,20.9375,19.823238372802734,1620
2000-10-26,21.5625,22.8125,20.9375,21.25,20.119108200073242,3900
2000-10-27,21.25,23.125,21.25,23.125,21.894323348999023,1520
2000-10-30,23.359375,24.375,22.8125,23.4375,22.1901912689209,2620
2000-10-31,23.75,23.75,22.5,22.8125,21.59845542907715,3740
2000-11-01,22.8125,23.125,21.875,22.5,21.30258560180664,2980
2000-11-02,23.75,25.3125,21.875,23.75,22.486061096191406,6360
2000-11-03,25.0,25.0,25.0,25.0,23.669538497924805,20
2000-11-06,25.0,27.5,25.0,27.5,26.0364933013916,3840
2000-11-07,26.875,27.1875,24.0625,27.1875,25.740623474121094,2940
2000-11-08,27.5,29.0625,24.375,25.0,23.669538497924805,11760
2000-11-09,29.375,29.375,25.0,26.25,24.853015899658203,2300
2000-11-10,27.5,27.5,25.625,25.625,24.26127815246582,1620
2000-11-13,25.0,26.875,21.875,26.875,25.444753646850586,3220
2000-11-14,26.875,26.875,25.0,26.875,25.444753646850586,3460
2000-11-15,25.0,26.875,25.0,25.0,23.669538497924805,2220
2000-11-16,25.0,25.0,23.75,23.75,22.486061096191406,1360
2000-11-17,23.75,23.75,23.75,23.75,22.486061096191406,0
2000-11-20,23.125,23.75,21.875,22.8125,21.59845542907715,5680
2000-11-21,22.890625,23.125,21.875,22.5,21.30258560180664,1700
2000-11-22,21.875,22.5,19.375,19.6875,18.63976287841797,3900
2000-11-24,20.0,21.5625,18.90625,19.6875,18.63976287841797,6600
2000-11-27,20.0,20.625,18.75,18.75,17.752153396606445,8100
2000-11-28,19.84375,19.84375,14.0625,16.25,15.385200500488281,29420
2000-11-29,16.25,17.5,14.6875,15.0,14.201723098754883,6780
2000-11-30,15.0,15.625,14.6875,15.0,14.201723098754883,13480
2000-12-01,15.3125,17.5,15.3125,15.3125,14.497591972351074,5780
2000-12-04,17.5,20.0,15.625,16.25,15.385200500488281,7780
2000-12-05,18.125,19.0625,17.1875,19.0625,18.048023223876953,4280
2000-12-06,20.3125,20.3125,18.75,20.0,18.935630798339844,2540
2000-12-07,20.0,20.0,18.75,19.84375,18.787694931030273,700
2000-12-08,19.6875,20.0,19.6875,20.0,18.935630798339844,860
2000-12-11,20.625,20.625,19.6875,19.6875,18.63976287841797,9540
2000-12-12,21.171875,21.25,20.625,20.9375,19.823238372802734,3240
2000-12-13,21.71875,22.5,20.625,20.9375,19.823238372802734,10720
2000-12-14,20.9375,21.09375,20.9375,20.9375,19.823238372802734,1760
2000-12-15,21.09375,21.09375,20.625,20.625,19.52737045288086,1380
2000-12-18,20.9375,21.875,19.0625,19.0625,18.048023223876953,5200
2000-12-19,18.75,19.6875,17.5,17.5,16.568675994873047,4600
2000-12-20,17.5,18.125,16.25,16.875,15.97693920135498,14580
2000-12-21,16.25,20.0,16.25,17.8125,16.864545822143555,3120
2000-12-22,19.53125,21.09375,17.1875,17.1875,16.272808074951172,7340
2000-12-26,16.875,20.0,16.25,18.75,17.752153396606445,11340
2000-12-27,16.25,20.0,16.25,17.1875,16.272808074951172,5600
2000-12-28,16.875,18.4375,16.25,16.5625,15.681069374084473,9460
2000-12-29,18.046875,18.046875,15.0,16.875,15.97693920135498,9600
2001-01-02,16.875,16.875,16.875,16.875,15.97693920135498,1160
2001-01-03,13.4375,18.125,13.4375,18.125,17.160415649414062,3940
2001-01-04,18.125,18.125,15.0,15.625,14.793461799621582,1240
2001-01-05,15.0,17.5,15.0,17.5,16.568675994873047,460
2001-01-08,16.25,18.125,15.0,15.0,14.201723098754883,5320
2001-01-09,15.15625,16.875,15.15625,16.25,15.385200500488281,1380
2001-01-10,15.3125,16.875,15.3125,16.875,15.97693920135498,720
2001-01-11,17.1875,18.125,17.1875,18.125,17.160415649414062,1100
2001-01-12,16.875,17.8125,15.3125,16.25,15.385200500488281,4840
2001-01-16,17.421875,17.5,16.25,17.5,16.568675994873047,320
2001-01-17,17.5,20.3125,16.875,19.375,18.34389305114746,7160
2001-01-18,18.125,19.375,18.125,18.90625,17.900089263916016,4720
2001-01-19,20.0,20.0,18.75,18.75,17.752153396606445,1800
2001-01-22,20.0,20.3125,19.375,20.3125,19.23150062561035,6700
2001-01-23,20.625,20.625,18.75,18.828125,17.826120376586914,3840
2001-01-24,20.0,20.0,19.0625,19.0625,18.048023223876953,2860
2001-01-25,18.75,19.0625,18.125,18.125,17.160415649414062,1520
2001-01-26,18.75,18.75,18.75,18.75,17.752153396606445,220
2001-01-29,20.0,20.0,18.125,18.75,17.752153396606445,1080
2001-01-30,18.515625,20.0,17.5,19.0625,18.048023223876953,5220
2001-01-31,18.4375,20.0,18.4375,20.0,18.935630798339844,3040
2001-02-01,17.8125,17.8125,17.8125,17.8125,16.864545822143555,200
2001-02-02,19.0625,19.0625,19.0625,19.0625,18.048023223876953,40
2001-02-05,19.375,19.375,18.75,19.375,18.34389305114746,800
2001-02-06,18.125,19.84375,18.125,19.84375,18.787694931030273,340
2001-02-07,18.75,19.84375,16.875,18.125,17.160415649414062,2460
2001-02-08,18.75,18.75,18.75,18.75,17.752153396606445,1480
2001-02-09,19.375,19.375,18.4375,18.4375,17.45628547668457,720
2001-02-12,17.5,18.75,17.5,18.125,17.160415649414062,1300
2001-02-13,18.75,18.75,18.125,18.75,17.752153396606445,1180
2001-02-14,18.984375,20.625,18.984375,20.0,18.935630798339844,7620
2001-02-15,20.0,20.3125,18.90625,19.6875,18.63976287841797,1560
2001-02-16,20.0,20.0,17.1875,18.75,17.752153396606445,1180
2001-02-20,17.5,18.75,17.5,17.5,16.568675994873047,1960
2001-02-21,17.5,17.5,16.875,17.5,16.568675994873047,2160
2001-02-22,17.5,17.5,16.25,16.5625,15.681069374084473,3460
2001-02-23,16.25,17.1875,16.25,17.1875,16.272808074951172,240
2001-02-26,17.5,17.5,16.875,17.1875,16.272808074951172,2660
2001-02-27,17.5,17.5,16.5625,17.5,16.568675994873047,1980
2001-02-28,18.4375,19.375,17.5,17.5,16.568675994873047,7700
2001-03-01,17.5,18.125,17.1875,17.5,16.568675994873047,2940
2001-03-02,18.125,18.75,18.125,18.75,17.752153396606445,580
2001-03-05,19.6875,19.6875,18.75,19.375,18.34389305114746,2340
2001-03-06,19.84375,21.5625,19.84375,20.3125,19.23150062561035,6160
2001-03-07,20.3125,20.625,19.6875,20.625,19.52737045288086,2100
2001-03-08,20.625,21.25,20.0,20.0,18.935630798339844,1660
2001-03-09,19.375,19.375,19.375,19.375,18.34389305114746,320
2001-03-12,19.0625,19.0625,18.125,18.75,17.752153396606445,1900
2001-03-13,18.125,19.375,17.1875,19.375,18.34389305114746,8540
2001-03-14,16.5625,17.5,16.5625,17.5,16.568675994873047,940
2001-03-15,19.375,19.375,17.5,18.75,17.752153396606445,1080
2001-03-16,17.5,19.375,16.875,16.875,15.97693920135498,1460
2001-03-19,16.875,17.96875,15.625,17.96875,17.012481689453125,1200
2001-03-20,16.5625,16.5625,16.25,16.25,15.385200500488281,1400
2001-03-21,15.15625,18.125,15.15625,18.125,17.160415649414062,4940
2001-03-22,15.3125,17.5,15.3125,15.625,14.793461799621582,1220
2001-03-23,15.625,16.25,15.625,16.25,15.385200500488281,1040
2001-03-26,16.25,16.875,14.53125,15.625,14.793461799621582,4480
2001-03-27,14.6875,18.125,14.6875,16.875,15.97693920135498,5180
2001-03-28,15.625,17.5,15.46875,17.5,16.568675994873047,720
2001-03-29,16.25,17.5,15.625,16.875,15.97693920135498,640
2001-03-30,15.0,17.5,15.0,17.5,16.568675994873047,480
2001-04-02,15.625,17.5,15.625,17.5,16.568675994873047,500
2001-04-03,15.625,17.34375,15.625,17.34375,16.42074203491211,140
2001-04-04,17.734375,17.734375,15.0,17.1875,16.272808074951172,2540
2001-04-05,15.625,15.625,15.0,15.625,14.793461799621582,3460
2001-04-06,15.3125,15.3125,13.75,15.0,14.201723098754883,2480
2001-04-09,14.5,14.5,14.5,14.5,13.72833251953125,100
2001-04-10,15.649999618530273,15.649999618530273,14.75,14.75,13.965027809143066,860
2001-04-11,14.399999618530273,15.300000190734863,14.399999618530273,15.300000190734863,14.485757827758789,4320
2001-04-12,16.549999237060547,16.700000762939453,14.75,16.25,15.385200500488281,1600
2001-04-16,16.200000762939453,16.200000762939453,14.0,15.300000190734863,14.485757827758789,3060
2001-04-17,14.800000190734863,15.850000381469727,14.800000190734863,15.850000381469727,15.006488800048828,260
2001-04-18,14.899999618530273,15.850000381469727,14.899999618530273,15.050000190734863,14.249062538146973,840
2001-04-19,15.399999618530273,17.950000762939453,15.0,17.5,16.568675994873047,7860
2001-04-20,15.5,17.450000762939453,15.5,17.450000762939453,16.521337509155273,580
2001-04-23,16.299999237060547,16.299999237060547,16.25,16.25,15.385200500488281,740
2001-04-24,16.0,16.350000381469727,16.0,16.350000381469727,15.479878425598145,220
2001-04-25,17.450000762939453,17.75,17.399999618530273,17.75,16.80537223815918,1680
2001-04-26,16.25,17.450000762939453,15.850000381469727,17.0,16.095287322998047,1800
2001-04-27,17.899999618530273,17.899999618530273,15.0,17.5,16.568675994873047,280
2001-04-30,15.5,16.75,15.5,16.75,15.858591079711914,400
2001-05-01,16.75,18.799999237060547,16.75,17.0,16.095287322998047,3180
2001-05-02,16.049999237060547,17.399999618530273,16.049999237060547,17.399999618530273,16.4739990234375,3180
2001-05-03,17.950000762939453,18.0,16.25,16.25,15.385200500488281,1160
2001-05-04,16.25,16.25,16.25,16.25,15.385200500488281,20
2001-05-07,17.200000762939453,17.200000762939453,16.0,16.0,15.148505210876465,180
2001-05-08,16.0,16.0,16.0,16.0,15.148505210876465,120
2001-05-09,16.0,16.25,14.75,16.049999237060547,15.195843696594238,4500
2001-05-10,15.75,15.800000190734863,15.050000190734863,15.050000190734863,14.249062538146973,1020
2001-05-11,15.149999618530273,15.25,15.100000381469727,15.199999809265137,14.391079902648926,620
2001-05-14,15.199999809265137,15.199999809265137,14.800000190734863,14.800000190734863,14.012367248535156,580
2001-05-15,14.550000190734863,19.75,14.550000190734863,17.25,16.331981658935547,5500
2001-05-16,18.100000381469727,18.100000381469727,17.5,17.5,16.568675994873047,120
2001-05-17,16.75,19.450000762939453,16.25,18.75,17.752153396606445,6720
2001-05-18,18.0,18.100000381469727,18.0,18.0,17.042068481445312,60
2001-05-21,16.549999237060547,18.100000381469727,16.549999237060547,18.100000381469727,17.136747360229492,760
2001-05-22,17.950000762939453,19.450000762939453,17.399999618530273,19.0,17.988849639892578,17200
2001-05-23,19.149999618530273,23.200000762939453,18.75,21.25,20.119108200073242,13480
2001-05-24,21.399999618530273,22.350000381469727,20.25,21.5,20.355804443359375,3440
2001-05-25,21.0,22.549999237060547,21.0,21.25,20.119108200073242,5080
2001-05-29,21.0,21.0,20.299999237060547,20.5,19.409021377563477,2080
2001-05-30,20.5,20.75,19.75,20.649999618530273,19.55103874206543,4500
2001-05-31,21.149999618530273,21.149999618530273,20.399999618530273,21.149999618530273,20.024429321289062,4280
2001-06-01,21.149999618530273,21.149999618530273,21.149999618530273,21.149999618530273,20.024429321289062,0
2001-06-04,20.899999618530273,20.899999618530273,20.5,20.850000381469727,19.740394592285156,1280
2001-06-05,21.0,21.25,20.5,21.0,19.882413864135742,1320
2001-06-06,21.149999618530273,21.5,20.75,21.25,20.119108200073242,5920
2001-06-07,21.450000762939453,21.899999618530273,21.450000762939453,21.5,20.355804443359375,1920
2001-06-08,21.899999618530273,21.899999618530273,21.450000762939453,21.5,20.355804443359375,700
2001-06-11,21.5,21.5,20.75,21.049999237060547,19.929752349853516,2380
2001-06-12,21.049999237060547,21.299999237060547,20.5,21.0,19.882413864135742,2700
2001-06-13,21.200000762939453,21.25,20.5,20.75,19.645715713500977,1920
2001-06-14,20.899999618530273,20.899999618530273,20.25,20.25,19.172327041625977,1560
2001-06-15,20.25,21.399999618530273,19.75,21.049999237060547,19.929752349853516,6320
2001-06-18,21.200000762939453,21.200000762939453,20.049999237060547,20.5,19.409021377563477,3380
2001-06-19,21.350000381469727,21.350000381469727,19.549999237060547,20.399999618530273,19.314342498779297,4060
2001-06-20,20.049999237060547,21.450000762939453,18.799999237060547,20.399999618530273,19.314342498779297,3860
2001-06-21,20.350000381469727,20.399999618530273,19.399999618530273,20.399999618530273,19.314342498779297,560
2001-06-22,20.75,21.200000762939453,20.75,20.899999618530273,19.787734985351562,1120
2001-06-25,21.200000762939453,21.25,20.0,21.0,19.882413864135742,4100
2001-06-26,21.25,21.25,19.0,20.899999618530273,19.787734985351562,4820
2001-06-27,19.25,21.149999618530273,19.25,20.0,18.935630798339844,2580
2001-06-28,20.450000762939453,20.450000762939453,19.25,19.25,18.225543975830078,2660
2001-06-29,19.950000762939453,20.0,19.299999237060547,20.0,18.935630798339844,2480
2001-07-02,20.149999618530273,20.25,19.799999237060547,20.200000762939453,19.124988555908203,4500
2001-07-03,20.149999618530273,20.700000762939453,18.75,20.700000762939453,19.598379135131836,3920
2001-07-05,20.0,20.049999237060547,18.850000381469727,19.899999618530273,18.840953826904297,2200
2001-07-06,19.899999618530273,19.950000762939453,18.799999237060547,19.950000762939453,18.88829231262207,1020
2001-07-09,20.0,20.0,19.25,19.899999618530273,18.840953826904297,1040
2001-07-10,20.0,20.0,19.5,19.5,18.46224021911621,1120
2001-07-11,19.75,19.75,18.75,18.75,17.752153396606445,3160
2001-07-12,19.200000762939453,19.600000381469727,18.75,19.350000381469727,18.32022476196289,3460
2001-07-13,19.75,19.75,18.25,19.25,18.225543975830078,500
2001-07-16,18.299999237060547,19.700000762939453,18.25,19.0,17.988849639892578,720
2001-07-17,17.450000762939453,19.5,17.450000762939453,19.0,17.988849639892578,4080
2001-07-18,19.950000762939453,20.0,17.5,17.799999237060547,16.852712631225586,2100
2001-07-19,17.950000762939453,18.100000381469727,17.5,17.950000762939453,16.99472999572754,4160
2001-07-20,18.0,18.0,17.450000762939453,17.649999618530273,16.710693359375,1760
2001-07-23,17.75,17.75,17.450000762939453,17.75,16.80537223815918,2300
2001-07-24,17.450000762939453,17.5,17.450000762939453,17.5,16.568675994873047,340
2001-07-25,17.450000762939453,17.450000762939453,17.450000762939453,17.450000762939453,16.521337509155273,360
2001-07-26,17.450000762939453,17.450000762939453,16.149999618530273,16.149999618530273,15.290521621704102,3820
2001-07-27,16.200000762939453,16.799999237060547,16.149999618530273,16.5,15.621895790100098,820
2001-07-30,17.200000762939453,17.75,17.0,17.450000762939453,16.521337509155273,2260
2001-07-31,17.799999237060547,17.799999237060547,17.0,17.5,16.568675994873047,1920
2001-08-01,17.75,18.75,17.75,18.75,17.752153396606445,1480
2001-08-02,19.25,20.0,19.25,19.899999618530273,18.840953826904297,2200
2001-08-03,19.950000762939453,20.0,19.549999237060547,20.0,18.935630798339844,160
2001-08-06,19.799999237060547,19.850000381469727,19.0,19.5,18.46224021911621,800
2001-08-07,19.700000762939453,20.0,19.0,19.950000762939453,18.88829231262207,1540
2001-08-08,19.75,19.75,19.299999237060547,19.700000762939453,18.65159797668457,280
2001-08-09,19.350000381469727,19.350000381469727,18.75,19.299999237060547,18.27288246154785,560
2001-08-10,18.850000381469727,18.850000381469727,18.0,18.700000762939453,17.704814910888672,920
2001-08-13,18.799999237060547,18.799999237060547,18.0,18.0,17.042068481445312,5100
2001-08-14,19.25,19.75,19.0,19.5,18.46224021911621,6500
2001-08-15,19.700000762939453,19.75,19.0,19.75,18.698936462402344,1340
2001-08-16,18.5,18.5,17.75,18.0,17.042068481445312,3700
2001-08-17,17.549999237060547,18.450000762939453,17.549999237060547,18.0,17.042068481445312,960
2001-08-20,17.75,18.25,17.75,17.75,16.80537223815918,660
2001-08-21,19.5,19.5,17.75,17.75,16.80537223815918,880
2001-08-22,18.0,18.0,16.299999237060547,17.0,16.095287322998047,1340
2001-08-23,16.5,17.25,16.299999237060547,16.75,15.858591079711914,1260
2001-08-24,16.799999237060547,17.0,15.5,15.75,14.911808967590332,1540
2001-08-27,12.100000381469727,16.75,11.850000381469727,15.0,14.201723098754883,9540
2001-08-28,15.0,15.25,14.25,14.25,13.491637229919434,6160
2001-08-29,14.25,15.800000190734863,14.25,14.25,13.491637229919434,940
2001-08-30,14.25,14.75,13.25,13.949999809265137,13.207602500915527,1740
2001-08-31,12.550000190734863,13.649999618530273,11.149999618530273,12.600000381469727,11.929448127746582,5140
2001-09-04,13.449999809265137,13.699999809265137,12.600000381469727,12.600000381469727,11.929448127746582,2160
2001-09-05,14.699999809265137,14.699999809265137,12.600000381469727,12.600000381469727,11.929448127746582,300
2001-09-06,13.699999809265137,13.75,12.25,12.5,11.834769248962402,2800
2001-09-07,10.100000381469727,12.75,10.0,11.5,10.887988090515137,3000
2001-09-10,11.550000190734863,11.550000190734863,10.0,10.600000381469727,10.035884857177734,5400
2001-09-17,8.25,9.899999618530273,7.599999904632568,8.75,8.284337997436523,4400
2001-09-18,8.75,9.550000190734863,8.75,8.75,8.284337997436523,1080
2001-09-19,9.800000190734863,9.800000190734863,7.5,7.599999904632568,7.195539951324463,3300
2001-09-20,8.5,8.5,8.25,8.5,8.047643661499023,1120
2001-09-21,8.5,9.5,8.300000190734863,9.100000381469727,8.615713119506836,4060
2001-09-24,9.199999809265137,12.199999809265137,8.75,10.5,9.941206932067871,2700
2001-09-25,12.5,12.550000190734863,11.0,11.75,11.124683380126953,1500
2001-09-26,12.25,12.25,10.800000190734863,10.800000190734863,10.225240707397461,1860
2001-09-27,10.0,13.0,9.899999618530273,11.100000381469727,10.509275436401367,260
2001-09-28,10.199999809265137,10.899999618530273,10.199999809265137,10.899999618530273,10.319918632507324,140
2001-10-01,12.0,12.0,11.5,11.550000190734863,10.935327529907227,880
2001-10-02,11.050000190734863,13.0,11.050000190734863,12.0,11.361379623413086,160
2001-10-03,13.0,13.5,13.0,13.5,12.781550407409668,100
2001-10-04,13.0,13.0,11.350000381469727,11.350000381469727,10.7459716796875,940
2001-10-05,10.350000381469727,11.5,8.5,10.649999618530273,10.083223342895508,3500
2001-10-08,11.449999809265137,11.5,10.050000190734863,11.25,10.65129280090332,560
2001-10-09,11.25,11.25,11.25,11.25,10.65129280090332,0
2001-10-10,11.0,11.5,10.649999618530273,10.649999618530273,10.083223342895508,920
2001-10-11,10.850000381469727,11.25,10.850000381469727,11.0,10.414596557617188,1260
2001-10-12,11.050000190734863,12.0,11.050000190734863,11.75,11.124683380126953,1460
2001-10-15,12.100000381469727,12.100000381469727,10.850000381469727,11.0,10.414596557617188,1520
2001-10-16,11.0,11.0,11.0,11.0,10.414596557617188,0
2001-10-17,10.5,10.5,10.5,10.5,9.941206932067871,220
2001-10-18,10.5,10.5,10.5,10.5,9.941206932067871,200
2001-10-19,10.5,10.600000381469727,10.5,10.600000381469727,10.035884857177734,120
2001-10-22,10.550000190734863,11.0,10.550000190734863,11.0,10.414596557617188,340
2001-10-23,10.699999809265137,11.0,10.600000381469727,10.850000381469727,10.27258014678955,1460
2001-10-24,10.550000190734863,10.850000381469727,10.149999618530273,10.149999618530273,9.609832763671875,1900
2001-10-25,9.550000190734863,10.0,9.550000190734863,10.0,9.467815399169922,1260
2001-10-26,9.850000381469727,10.0,9.850000381469727,10.0,9.467815399169922,760
2001-10-29,10.0,10.0,9.300000190734863,9.350000381469727,8.852407455444336,620
2001-10-30,9.300000190734863,9.300000190734863,8.300000190734863,8.300000190734863,7.8582868576049805,1000
2001-10-31,8.300000190734863,8.5,8.25,8.25,7.810947895050049,1140
2001-11-01,8.300000190734863,8.949999809265137,8.300000190734863,8.75,8.284337997436523,520
2001-11-02,8.25,8.5,8.25,8.5,8.047643661499023,280
2001-11-05,8.399999618530273,8.5,8.399999618530273,8.5,8.047643661499023,600
2001-11-06,8.399999618530273,8.75,7.949999809265137,8.0,7.574252605438232,1520
2001-11-07,8.75,8.800000190734863,8.0,8.199999809265137,7.763608455657959,2500
2001-11-08,8.100000381469727,8.199999809265137,7.5,7.5,7.100861549377441,4200
2001-11-09,8.25,8.25,8.25,8.25,7.810947895050049,120
2001-11-12,8.300000190734863,8.949999809265137,7.550000190734863,8.25,7.810947895050049,4300
2001-11-13,8.5,11.5,8.5,10.0,9.467815399169922,4380
2001-11-14,9.5,11.0,9.5,10.300000190734863,9.751850128173828,4500
2001-11-15,10.300000190734863,10.300000190734863,9.800000190734863,10.100000381469727,9.562494277954102,2360
2001-11-16,11.0,11.0,9.899999618530273,10.5,9.941206932067871,1460
2001-11-19,10.949999809265137,10.949999809265137,10.0,10.0,9.467815399169922,620
2001-11-20,9.800000190734863,10.0,9.600000381469727,9.600000381469727,9.089102745056152,860
2001-11-21,9.600000381469727,9.850000381469727,9.100000381469727,9.600000381469727,9.089102745056152,900
2001-11-23,9.25,9.25,8.850000381469727,8.850000381469727,8.379016876220703,2200
2001-11-26,8.5,9.25,8.5,9.0,8.521034240722656,4460
2001-11-27,8.5,9.0,8.0,8.149999618530273,7.716269493103027,4040
2001-11-28,8.25,8.649999618530273,8.25,8.449999809265137,8.000304222106934,460
2001-11-29,8.5,8.899999618530273,8.5,8.600000381469727,8.142321586608887,4960
2001-11-30,8.899999618530273,9.199999809265137,8.350000381469727,9.199999809265137,8.710390090942383,1700
2001-12-03,8.600000381469727,8.75,8.25,8.449999809265137,8.000304222106934,6320
2001-12-04,8.149999618530273,8.300000190734863,7.5,8.0,7.574252605438232,3820
2001-12-05,8.0,10.050000190734863,8.0,10.0,9.467815399169922,10160
2001-12-06,9.199999809265137,9.949999809265137,9.199999809265137,9.5,8.994424819946289,2860
2001-12-07,9.699999809265137,9.699999809265137,9.699999809265137,9.699999809265137,9.183781623840332,20
2001-12-10,9.899999618530273,10.050000190734863,9.5,9.949999809265137,9.420476913452148,3240
2001-12-11,10.0,10.0,9.449999809265137,9.800000190734863,9.278459548950195,3980
2001-12-12,9.75,9.75,9.75,9.75,9.231120109558105,80
2001-12-13,10.050000190734863,10.050000190734863,9.600000381469727,9.649999618530273,9.136441230773926,320
2001-12-14,9.600000381469727,9.600000381469727,9.550000190734863,9.550000190734863,9.041763305664062,1480
2001-12-17,9.100000381469727,9.25,8.75,8.850000381469727,8.379016876220703,5560
2001-12-18,8.75,8.75,8.350000381469727,8.600000381469727,8.142321586608887,2100
2001-12-19,8.5,8.600000381469727,8.5,8.600000381469727,8.142321586608887,2920
2001-12-20,8.25,9.0,8.25,9.0,8.521034240722656,6080
2001-12-21,8.5,8.649999618530273,8.350000381469727,8.649999618530273,8.18966007232666,440
2001-12-24,8.600000381469727,9.25,8.350000381469727,9.25,8.757729530334473,1140
2001-12-26,9.0,9.350000381469727,8.550000190734863,9.350000381469727,8.852407455444336,3120
2001-12-27,9.0,9.050000190734863,8.699999809265137,9.050000190734863,8.568373680114746,1840
2001-12-28,8.649999618530273,8.850000381469727,8.649999618530273,8.850000381469727,8.379016876220703,880
2001-12-31,8.699999809265137,9.0,8.449999809265137,8.600000381469727,8.142321586608887,9100
2002-01-02,8.949999809265137,9.399999618530273,8.75,9.25,8.757729530334473,5900
2002-01-03,9.399999618530273,9.5,9.25,9.5,8.994424819946289,3720
2002-01-04,9.699999809265137,9.949999809265137,9.699999809265137,9.949999809265137,9.420476913452148,1540
2002-01-07,9.899999618530273,10.0,9.699999809265137,10.0,9.467815399169922,1880
2002-01-08,10.0,10.0,10.0,10.0,9.467815399169922,0
2002-01-09,9.699999809265137,9.699999809265137,9.5,9.5,8.994424819946289,100
2002-01-10,9.199999809265137,9.199999809265137,9.199999809265137,9.199999809265137,8.710390090942383,1040
2002-01-11,9.25,9.25,9.25,9.25,8.757729530334473,400
2002-01-14,9.300000190734863,9.75,9.25,9.75,9.231120109558105,1720
2002-01-15,9.850000381469727,9.850000381469727,9.399999618530273,9.399999618530273,8.89974594116211,140
2002-01-16,9.449999809265137,9.5,9.300000190734863,9.300000190734863,8.805068969726562,2680
2002-01-17,9.300000190734863,9.300000190734863,9.300000190734863,9.300000190734863,8.805068969726562,320
2002-01-18,9.350000381469727,9.5,9.350000381469727,9.5,8.994424819946289,820
2002-01-22,9.300000190734863,9.5,9.300000190734863,9.300000190734863,8.805068969726562,1100
2002-01-23,9.550000190734863,9.600000381469727,9.300000190734863,9.600000381469727,9.089102745056152,4900
2002-01-24,9.550000190734863,9.75,9.300000190734863,9.550000190734863,9.041763305664062,3620
2002-01-25,9.399999618530273,9.5,9.300000190734863,9.5,8.994424819946289,180
2002-01-28,9.300000190734863,10.0,9.300000190734863,9.800000190734863,9.278459548950195,4540
2002-01-29,10.149999618530273,10.149999618530273,9.800000190734863,10.0,9.467815399169922,1480
2002-01-30,9.800000190734863,10.0,9.350000381469727,9.75,9.231120109558105,3280
2002-01-31,9.5,9.550000190734863,9.350000381469727,9.5,8.994424819946289,1880
2002-02-01,9.5,9.5,9.5,9.5,8.994424819946289,0
2002-02-04,9.100000381469727,9.449999809265137,9.100000381469727,9.149999618530273,8.663050651550293,960
2002-02-05,9.199999809265137,9.199999809265137,9.199999809265137,9.199999809265137,8.710390090942383,320
2002-02-06,9.100000381469727,9.100000381469727,9.0,9.0,8.521034240722656,760
2002-02-07,9.199999809265137,9.199999809265137,9.0,9.0,8.521034240722656,360
2002-02-08,9.050000190734863,9.199999809265137,8.75,9.199999809265137,8.710390090942383,1060
2002-02-11,9.149999618530273,9.149999618530273,9.0,9.0,8.521034240722656,100
2002-02-12,8.75,9.149999618530273,8.75,9.149999618530273,8.663050651550293,400
2002-02-13,9.149999618530273,9.149999618530273,9.149999618530273,9.149999618530273,8.663050651550293,0
2002-02-14,8.75,9.0,6.25,9.0,8.521034240722656,420
2002-02-15,7.25,8.75,7.25,8.75,8.284337997436523,140
2002-02-19,8.0,9.0,8.0,9.0,8.521034240722656,60
2002-02-20,8.0,8.75,8.0,8.75,8.284337997436523,1680
2002-02-21,7.849999904632568,8.75,7.849999904632568,8.75,8.284337997436523,10440
2002-02-22,8.5,8.5,8.5,8.5,8.047643661499023,3900
2002-02-25,8.25,8.75,8.25,8.5,8.047643661499023,2160
2002-02-26,8.25,8.5,8.25,8.5,8.047643661499023,1020
2002-02-27,8.800000190734863,9.25,8.699999809265137,9.25,8.757729530334473,1280
2002-02-28,9.0,9.0,9.0,9.0,8.521034240722656,40
2002-03-01,9.0,9.0,9.0,9.0,8.521034240722656,0
2002-03-04,8.75,9.399999618530273,8.25,9.050000190734863,8.568373680114746,3620
2002-03-05,9.5,9.5,8.600000381469727,8.600000381469727,8.142321586608887,500
2002-03-06,8.5,9.0,8.5,9.0,8.521034240722656,1740
2002-03-07,9.350000381469727,9.350000381469727,9.0,9.0,8.521034240722656,220
2002-03-08,9.0,9.0,9.0,9.0,8.521034240722656,0
2002-03-11,8.800000190734863,9.0,8.800000190734863,9.0,8.521034240722656,3100
2002-03-12,8.800000190734863,9.149999618530273,8.800000190734863,9.149999618530273,8.663050651550293,820
2002-03-13,9.149999618530273,9.149999618530273,9.149999618530273,9.149999618530273,8.663050651550293,0
2002-03-14,9.0,9.0,9.0,9.0,8.521034240722656,400
2002-03-15,8.800000190734863,9.25,8.75,9.25,8.757729530334473,1920
2002-03-18,9.25,9.25,8.75,8.75,8.284337997436523,640
2002-03-19,8.75,8.75,8.75,8.75,8.284337997436523,200
2002-03-20,8.649999618530273,9.0,8.649999618530273,8.75,8.284337997436523,840
2002-03-21,9.0,9.0,9.0,9.0,8.521034240722656,40
2002-03-22,9.0,9.0,9.0,9.0,8.521034240722656,0
2002-03-25,9.0,9.0,9.0,9.0,8.521034240722656,0
2002-03-26,8.75,8.899999618530273,8.399999618530273,8.5,8.047643661499023,1380
2002-03-27,8.75,8.75,8.75,8.75,8.284337997436523,1660
2002-03-28,8.899999618530273,9.149999618530273,8.75,9.149999618530273,8.663050651550293,580
2002-04-01,8.75,9.0,8.75,9.0,8.521034240722656,820
2002-04-02,9.0,9.0,9.0,9.0,8.521034240722656,0
2002-04-03,8.550000190734863,9.0,8.25,8.5,8.047643661499023,1420
2002-04-04,8.5,8.75,8.300000190734863,8.300000190734863,7.8582868576049805,2020
2002-04-05,8.300000190734863,8.5,8.0,8.5,8.047643661499023,1560
2002-04-08,8.25,8.75,8.25,8.75,8.284337997436523,1380
2002-04-09,8.550000190734863,9.0,8.550000190734863,8.600000381469727,8.142321586608887,1380
2002-04-10,8.600000381469727,8.600000381469727,8.600000381469727,8.600000381469727,8.142321586608887,0
2002-04-11,8.75,8.75,8.600000381469727,8.600000381469727,8.142321586608887,1360
2002-04-12,8.550000190734863,8.75,8.5,8.75,8.284337997436523,1700
2002-04-15,8.5,8.5,8.5,8.5,8.047643661499023,20
2002-04-16,8.25,8.300000190734863,8.25,8.25,7.810947895050049,1920
2002-04-17,8.5,8.5,8.5,8.5,8.047643661499023,900
2002-04-18,8.300000190734863,8.300000190734863,8.25,8.25,7.810947895050049,80
2002-04-19,8.300000190734863,8.300000190734863,8.25,8.25,7.810947895050049,500
2002-04-22,8.5,8.5,8.5,8.5,8.047643661499023,800
2002-04-23,8.5,8.5,8.5,8.5,8.047643661499023,0
2002-04-24,8.25,8.5,8.25,8.25,7.810947895050049,500
2002-04-25,8.25,8.25,8.25,8.25,7.810947895050049,300
2002-04-26,8.25,8.5,8.25,8.5,8.047643661499023,1840
2002-04-29,8.25,8.5,8.25,8.5,8.047643661499023,1900
2002-04-30,8.25,8.75,8.25,8.75,8.284337997436523,1580
2002-05-01,8.25,8.75,8.25,8.5,8.047643661499023,1200
2002-05-02,8.25,8.5,8.25,8.5,8.047643661499023,5440
2002-05-03,8.0,8.0,7.75,8.0,7.574252605438232,1140
2002-05-06,8.25,8.25,7.75,8.0,7.574252605438232,2960
2002-05-07,7.75,7.75,7.050000190734863,7.050000190734863,6.67480993270874,840
2002-05-08,8.0,8.0,7.75,8.0,7.574252605438232,800
2002-05-09,8.0,8.050000190734863,8.0,8.0,7.574252605438232,1000
2002-05-10,8.0,8.0,8.0,8.0,7.574252605438232,240
2002-05-13,8.0,8.0,7.800000190734863,7.800000190734863,7.384896278381348,220
2002-05-14,8.0,8.899999618530273,8.0,8.75,8.284337997436523,1420
2002-05-15,8.649999618530273,8.649999618530273,8.649999618530273,8.649999618530273,8.18966007232666,100
2002-05-16,8.75,8.75,8.649999618530273,8.649999618530273,8.18966007232666,200
2002-05-17,8.399999618530273,8.399999618530273,8.399999618530273,8.399999618530273,7.952964782714844,40
2002-05-20,8.600000381469727,8.600000381469727,8.600000381469727,8.600000381469727,8.142321586608887,320
2002-05-21,8.300000190734863,8.600000381469727,8.25,8.5,8.047643661499023,5220
2002-05-22,8.5,8.5,8.25,8.25,7.810947895050049,2980
2002-05-23,8.25,8.25,8.25,8.25,7.810947895050049,80
2002-05-24,8.25,8.25,8.25,8.25,7.810947895050049,0
2002-05-28,8.25,8.5,8.25,8.449999809265137,8.000304222106934,980
2002-05-29,8.5,8.5,8.449999809265137,8.449999809265137,8.000304222106934,220
2002-05-30,8.449999809265137,8.449999809265137,8.449999809265137,8.449999809265137,8.000304222106934,0
2002-05-31,8.5,8.5,8.5,8.5,8.047643661499023,200
2002-06-03,8.25,8.25,8.25,8.25,7.810947895050049,100
2002-06-04,8.0,8.0,8.0,8.0,7.574252605438232,60
2002-06-05,8.0,8.0,6.25,7.0,6.627470970153809,1060
2002-06-06,7.0,7.0,5.5,6.449999809265137,6.106740951538086,2260
2002-06-07,5.949999809265137,6.25,5.800000190734863,5.949999809265137,5.633349895477295,920
2002-06-10,6.0,6.0,5.75,6.0,5.680689811706543,1000
2002-06-11,6.050000190734863,6.050000190734863,6.050000190734863,6.050000190734863,5.728028774261475,200
2002-06-12,6.699999809265137,7.0,6.699999809265137,6.75,6.390775203704834,940
2002-06-13,7.150000095367432,7.150000095367432,7.150000095367432,7.150000095367432,6.769488334655762,100
2002-06-14,7.199999809265137,7.650000095367432,7.199999809265137,7.5,7.100861549377441,340
2002-06-17,7.400000095367432,7.400000095367432,6.800000190734863,6.800000190734863,6.438115119934082,220
2002-06-18,6.75,6.75,6.75,6.75,6.390775203704834,40
2002-06-19,7.0,7.099999904632568,6.800000190734863,6.900000095367432,6.532793045043945,820
2002-06-20,6.800000190734863,6.800000190734863,6.400000095367432,6.400000095367432,6.0594024658203125,720
2002-06-21,6.0,6.5,6.0,6.5,6.154080390930176,1140
2002-06-24,7.0,7.0,6.0,6.0,5.680689811706543,1520
2002-06-25,6.5,6.5,5.849999904632568,5.849999904632568,5.538671970367432,980
2002-06-26,5.849999904632568,5.849999904632568,5.849999904632568,5.849999904632568,5.538671970367432,20
2002-06-27,5.900000095367432,6.0,5.599999904632568,5.949999809265137,5.633349895477295,1000
2002-06-28,5.949999809265137,6.150000095367432,5.900000095367432,6.0,5.680689811706543,540
2002-07-01,6.25,6.25,6.25,6.25,5.917384624481201,20
2002-07-02,6.0,6.0,5.050000190734863,5.949999809265137,5.633349895477295,2080
2002-07-03,5.550000190734863,5.699999809265137,5.25,5.25,4.9706034660339355,1180
2002-07-05,5.150000095367432,5.25,5.0,5.0,4.733907699584961,100
2002-07-08,5.050000190734863,5.25,4.650000095367432,4.849999904632568,4.591890811920166,3720
2002-07-09,4.849999904632568,5.0,4.849999904632568,5.0,4.733907699584961,1140
2002-07-10,5.0,5.0,5.0,5.0,4.733907699584961,0
2002-07-11,5.0,5.0,5.0,5.0,4.733907699584961,0
2002-07-12,4.949999809265137,5.199999809265137,4.849999904632568,5.199999809265137,4.9232635498046875,100
2002-07-15,4.849999904632568,5.199999809265137,4.849999904632568,4.949999809265137,4.686568737030029,1480
2002-07-16,4.949999809265137,5.0,4.949999809265137,5.0,4.733907699584961,360
2002-07-17,5.0,5.0,5.0,5.0,4.733907699584961,0
2002-07-18,5.050000190734863,5.050000190734863,5.0,5.0,4.733907699584961,40
2002-07-19,5.0,5.0,5.0,5.0,4.733907699584961,680
2002-07-22,4.849999904632568,4.849999904632568,4.5,4.5,4.260517120361328,520
2002-07-23,4.949999809265137,5.0,4.75,5.0,4.733907699584961,4140
2002-07-24,4.25,4.949999809265137,4.199999809265137,4.949999809265137,4.686568737030029,460
2002-07-25,4.5,4.5,4.099999904632568,4.300000190734863,4.071160793304443,2460
2002-07-26,4.150000095367432,4.349999904632568,4.150000095367432,4.349999904632568,4.118499755859375,640
2002-07-29,4.300000190734863,4.75,4.150000095367432,4.75,4.4972124099731445,320
2002-07-30,4.75,4.75,4.75,4.75,4.4972124099731445,0
2002-07-31,4.75,4.75,4.650000095367432,4.650000095367432,4.402534484863281,200
2002-08-01,4.599999904632568,4.599999904632568,4.5,4.5,4.260517120361328,1020
2002-08-02,4.5,4.5,4.5,4.5,4.260517120361328,0
2002-08-05,4.5,4.5,4.5,4.5,4.260517120361328,80
2002-08-06,4.5,4.5,2.799999952316284,3.0,2.8403449058532715,4240
2002-08-07,3.1500000953674316,3.25,3.1500000953674316,3.25,3.077040195465088,220
2002-08-08,4.400000095367432,4.5,4.0,4.0,3.787126302719116,2520
2002-08-09,4.0,4.0,4.0,4.0,3.787126302719116,0
2002-08-12,4.449999809265137,4.5,4.400000095367432,4.5,4.260517120361328,900
2002-08-13,4.400000095367432,4.599999904632568,4.400000095367432,4.550000190734863,4.307856559753418,260
2002-08-14,4.599999904632568,4.75,4.599999904632568,4.650000095367432,4.402534484863281,700
2002-08-15,4.650000095367432,4.800000190734863,4.650000095367432,4.800000190734863,4.544551372528076,2540
2002-08-16,4.800000190734863,4.800000190734863,4.800000190734863,4.800000190734863,4.544551372528076,0
2002-08-19,4.75,4.949999809265137,4.599999904632568,4.650000095367432,4.402534484863281,1860
2002-08-20,5.300000190734863,5.300000190734863,4.599999904632568,4.599999904632568,4.355195045471191,180
2002-08-21,4.599999904632568,4.599999904632568,4.599999904632568,4.599999904632568,4.355195045471191,0
2002-08-22,4.599999904632568,4.599999904632568,4.599999904632568,4.599999904632568,4.355195045471191,0
2002-08-23,5.050000190734863,5.050000190734863,4.0,4.75,4.4972124099731445,2760
2002-08-26,4.75,4.849999904632568,4.75,4.849999904632568,4.591890811920166,180
2002-08-27,4.849999904632568,4.849999904632568,4.849999904632568,4.849999904632568,4.591890811920166,0
2002-08-28,4.849999904632568,4.849999904632568,4.849999904632568,4.849999904632568,4.591890811920166,0
2002-08-29,5.0,5.0,5.0,5.0,4.733907699584961,4000
2002-08-30,5.0,5.0,5.0,5.0,4.733907699584961,0
2002-09-03,4.900000095367432,5.0,4.900000095367432,5.0,4.733907699584961,1600
2002-09-04,5.0,5.0,5.0,5.0,4.733907699584961,160
2002-09-05,4.849999904632568,5.0,4.5,4.5,4.260517120361328,4560
2002-09-06,4.5,4.5,4.5,4.5,4.260517120361328,0
2002-09-09,4.599999904632568,4.849999904632568,4.599999904632568,4.650000095367432,4.402534484863281,9500
2002-09-10,4.650000095367432,4.849999904632568,4.599999904632568,4.599999904632568,4.355195045471191,9000
2002-09-11,4.699999809265137,4.75,4.699999809265137,4.75,4.4972124099731445,1000
2002-09-12,4.699999809265137,4.699999809265137,4.599999904632568,4.599999904632568,4.355195045471191,9080
2002-09-13,4.550000190734863,4.550000190734863,4.5,4.5,4.260517120361328,40
2002-09-16,5.0,5.0,5.0,5.0,4.733907699584961,20
2002-09-17,4.5,4.75,4.5,4.699999809265137,4.449872970581055,640
2002-09-18,4.550000190734863,4.550000190734863,4.25,4.25,4.023821830749512,360
2002-09-19,4.050000190734863,4.050000190734863,4.050000190734863,4.050000190734863,3.834465503692627,80
2002-09-20,4.050000190734863,4.050000190734863,4.050000190734863,4.050000190734863,3.834465503692627,0
2002-09-23,4.050000190734863,4.050000190734863,3.75,3.75,3.5504307746887207,1040
2002-09-24,3.950000047683716,3.950000047683716,3.4000000953674316,3.4000000953674316,3.219057559967041,4060
2002-09-25,3.5999999046325684,3.5999999046325684,3.5,3.5,3.3137354850769043,5220
2002-09-26,3.6500000953674316,3.6500000953674316,3.4000000953674316,3.6500000953674316,3.4557528495788574,660
2002-09-27,3.6500000953674316,3.6500000953674316,3.6500000953674316,3.6500000953674316,3.4557528495788574,0
2002-09-30,3.549999952316284,3.549999952316284,3.5,3.5,3.3137354850769043,640
2002-10-01,3.450000047683716,3.5,3.299999952316284,3.3499999046325684,3.171718120574951,1400
2002-10-02,3.5,3.6500000953674316,3.450000047683716,3.5,3.3137354850769043,800
2002-10-03,3.5,3.5,3.5,3.5,3.3137354850769043,0
2002-10-04,3.4000000953674316,3.4000000953674316,3.4000000953674316,3.4000000953674316,3.219057559967041,320
2002-10-07,3.4000000953674316,3.5,2.8499999046325684,2.8499999046325684,2.6983273029327393,2500
2002-10-08,2.950000047683716,2.950000047683716,2.5999999046325684,2.75,2.603649139404297,1640
2002-10-09,2.5,2.700000047683716,2.5,2.700000047683716,2.5563101768493652,1320
2002-10-10,2.9000000953674316,3.0999999046325684,2.799999952316284,3.0999999046325684,2.9350228309631348,2520
2002-10-11,3.0999999046325684,3.0999999046325684,3.0999999046325684,3.0999999046325684,2.9350228309631348,160
2002-10-14,3.0,3.0,2.6500000953674316,2.700000047683716,2.5563101768493652,700
2002-10-15,2.799999952316284,2.799999952316284,2.75,2.75,2.603649139404297,800
2002-10-16,2.75,2.75,2.5,2.549999952316284,2.414292812347412,1560
2002-10-17,2.950000047683716,3.0,2.950000047683716,3.0,2.8403449058532715,440
2002-10-18,2.549999952316284,2.6500000953674316,2.549999952316284,2.6500000953674316,2.5089712142944336,140
2002-10-21,2.6500000953674316,2.6500000953674316,2.6500000953674316,2.6500000953674316,2.5089712142944336,0
2002-10-22,2.0,2.549999952316284,2.0,2.549999952316284,2.414292812347412,620
2002-10-23,2.5999999046325684,2.8499999046325684,2.0999999046325684,2.8499999046325684,2.6983273029327393,600
2002-10-24,2.0999999046325684,2.5,2.0,2.0,1.893563151359558,2100
2002-10-25,2.0999999046325684,2.25,2.0999999046325684,2.25,2.130258560180664,900
2002-10-28,2.8499999046325684,2.8499999046325684,2.25,2.5,2.3669538497924805,3700
2002-10-29,2.5,2.549999952316284,2.5,2.5,2.3669538497924805,300
2002-10-30,2.4000000953674316,2.5999999046325684,2.4000000953674316,2.5999999046325684,2.4616317749023438,1700
2002-10-31,2.450000047683716,2.5,2.4000000953674316,2.5,2.3669538497924805,1740
2002-11-01,2.5,2.5,2.5,2.5,2.3669538497924805,0
2002-11-04,2.75,2.75,2.5,2.5,2.3669538497924805,620
2002-11-05,2.5,2.549999952316284,2.3499999046325684,2.4000000953674316,2.272275686264038,1840
2002-11-06,2.5,2.5,2.5,2.5,2.3669538497924805,200
2002-11-07,2.5999999046325684,2.5999999046325684,2.1500000953674316,2.5,2.3669538497924805,4700
2002-11-08,2.549999952316284,2.549999952316284,2.5,2.5,2.3669538497924805,420
2002-11-11,2.5,2.549999952316284,2.0,2.5,2.3669538497924805,3640
2002-11-12,2.200000047683716,2.200000047683716,2.200000047683716,2.200000047683716,2.0829193592071533,1000
2002-11-13,2.200000047683716,2.299999952316284,2.200000047683716,2.299999952316284,2.1775975227355957,280
2002-11-14,2.450000047683716,2.450000047683716,2.450000047683716,2.450000047683716,2.319614887237549,120
2002-11-15,2.5,2.75,2.5,2.75,2.603649139404297,440
2002-11-18,2.75,2.75,2.75,2.75,2.603649139404297,0
2002-11-19,2.549999952316284,2.549999952316284,2.549999952316284,2.549999952316284,2.414292812347412,40
2002-11-20,2.5,2.5,2.25,2.299999952316284,2.1775975227355957,2180
2002-11-21,2.5,2.5,2.5,2.5,2.3669538497924805,400
2002-11-22,2.299999952316284,2.299999952316284,2.299999952316284,2.299999952316284,2.1775975227355957,340
2002-11-25,2.299999952316284,2.549999952316284,2.049999952316284,2.4000000953674316,2.272275686264038,6260
2002-11-26,2.450000047683716,2.5,2.450000047683716,2.450000047683716,2.319614887237549,1180
2002-11-27,2.5,2.5,2.5,2.5,2.3669538497924805,340
2002-11-29,2.700000047683716,2.799999952316284,2.700000047683716,2.75,2.603649139404297,1900
2002-12-02,2.75,2.799999952316284,2.700000047683716,2.700000047683716,2.5563101768493652,1000
2002-12-03,2.5,2.5,2.5,2.5,2.3669538497924805,80
2002-12-04,2.5,2.5,2.5,2.5,2.3669538497924805,40
2002-12-05,2.5,2.5,2.5,2.5,2.3669538497924805,0
2002-12-06,2.450000047683716,2.450000047683716,2.049999952316284,2.049999952316284,1.9409021139144897,200
2002-12-09,2.299999952316284,2.299999952316284,2.0999999046325684,2.0999999046325684,1.988241195678711,640
2002-12-10,2.25,2.3499999046325684,2.25,2.3499999046325684,2.2249364852905273,600
2002-12-11,2.200000047683716,2.25,2.049999952316284,2.25,2.130258560180664,1100
2002-12-12,2.25,2.299999952316284,2.0999999046325684,2.200000047683716,2.0829193592071533,3040
2002-12-13,2.0999999046325684,2.0999999046325684,2.0,2.0999999046325684,1.988241195678711,2540
2002-12-16,2.0,2.049999952316284,2.0,2.0,1.893563151359558,1780
2002-12-17,1.9500000476837158,2.0,1.899999976158142,1.899999976158142,1.7988849878311157,4680
2002-12-18,2.049999952316284,2.25,1.75,2.200000047683716,2.0829193592071533,5520
2002-12-19,1.7999999523162842,1.7999999523162842,1.7999999523162842,1.7999999523162842,1.7042068243026733,740
2002-12-20,1.899999976158142,1.899999976158142,1.899999976158142,1.899999976158142,1.7988849878311157,200
2002-12-23,1.899999976158142,1.899999976158142,1.7999999523162842,1.7999999523162842,1.7042068243026733,1160
2002-12-24,1.7999999523162842,2.0999999046325684,1.7999999523162842,2.0999999046325684,1.988241195678711,2340
2002-12-26,1.7999999523162842,1.7999999523162842,1.7999999523162842,1.7999999523162842,1.7042068243026733,800
2002-12-27,1.75,1.75,1.5,1.5499999523162842,1.4675114154815674,10000
2002-12-30,1.7000000476837158,1.7000000476837158,1.399999976158142,1.5,1.4201724529266357,3920
2002-12-31,1.5499999523162842,1.75,1.5499999523162842,1.600000023841858,1.5148506164550781,1460
2003-01-02,1.600000023841858,1.600000023841858,1.600000023841858,1.600000023841858,1.5148506164550781,0
2003-01-03,1.600000023841858,1.600000023841858,1.600000023841858,1.600000023841858,1.5148506164550781,0
2003-01-06,1.600000023841858,1.600000023841858,1.600000023841858,1.600000023841858,1.5148506164550781,0
2003-01-07,1.600000023841858,1.600000023841858,1.600000023841858,1.600000023841858,1.5148506164550781,0
2003-01-08,1.7999999523162842,1.7999999523162842,1.7999999523162842,1.7999999523162842,1.7042068243026733,100
2003-01-09,1.899999976158142,1.899999976158142,1.899999976158142,1.899999976158142,1.7988849878311157,200
2003-01-10,1.899999976158142,1.899999976158142,1.899999976158142,1.899999976158142,1.7988849878311157,0
2003-01-13,1.9500000476837158,2.049999952316284,1.9500000476837158,2.0,1.893563151359558,820
2003-01-14,1.9500000476837158,1.9500000476837158,1.7999999523162842,1.7999999523162842,1.7042068243026733,1400
2003-01-15,1.7999999523162842,2.0,1.7000000476837158,1.9500000476837158,1.846224069595337,2460
2003-01-16,1.7000000476837158,1.75,1.7000000476837158,1.75,1.6568677425384521,300
2003-01-17,1.7999999523162842,1.7999999523162842,1.7999999523162842,1.7999999523162842,1.7042068243026733,20
2003-01-21,1.7999999523162842,1.7999999523162842,1.7999999523162842,1.7999999523162842,1.7042068243026733,0
2003-01-22,1.7999999523162842,1.7999999523162842,1.7999999523162842,1.7999999523162842,1.7042068243026733,0
2003-01-23,1.7999999523162842,1.7999999523162842,1.7999999523162842,1.7999999523162842,1.7042068243026733,0
2003-01-24,1.75,1.75,1.75,1.75,1.6568677425384521,780
2003-01-27,1.649999976158142,1.649999976158142,1.600000023841858,1.600000023841858,1.5148506164550781,2100
2003-01-28,1.600000023841858,1.600000023841858,1.600000023841858,1.600000023841858,1.5148506164550781,0
2003-01-29,1.600000023841858,1.600000023841858,1.600000023841858,1.600000023841858,1.5148506164550781,0
2003-01-30,1.75,1.899999976158142,1.75,1.75,1.6568677425384521,800
2003-01-31,1.899999976158142,2.0,1.899999976158142,2.0,1.893563151359558,460
2003-02-03,1.600000023841858,1.75,1.600000023841858,1.75,1.6568677425384521,820
2003-02-04,1.7999999523162842,1.7999999523162842,1.7999999523162842,1.7999999523162842,1.7042068243026733,40
2003-02-05,1.75,1.75,1.75,1.75,1.6568677425384521,200
2003-02-06,1.75,1.75,1.75,1.75,1.6568677425384521,0
2003-02-07,1.75,1.75,1.75,1.75,1.6568677425384521,0
2003-02-10,1.75,1.75,1.75,1.75,1.6568677425384521,0
2003-02-11,1.75,1.75,1.75,1.75,1.6568677425384521,20
2003-02-12,1.75,1.75,1.75,1.75,1.6568677425384521,0
2003-02-13,1.75,1.75,1.75,1.75,1.6568677425384521,0
2003-02-14,1.75,1.75,1.75,1.75,1.6568677425384521,0
2003-02-18,1.9500000476837158,1.9500000476837158,1.899999976158142,1.9500000476837158,1.846224069595337,1720
2003-02-19,1.9500000476837158,1.9500000476837158,1.9500000476837158,1.9500000476837158,1.846224069595337,20
2003-02-20,1.9500000476837158,2.049999952316284,1.9500000476837158,2.049999952316284,1.9409021139144897,540
2003-02-21,2.0999999046325684,2.1500000953674316,2.0999999046325684,2.1500000953674316,2.0355803966522217,1120
2003-02-24,2.1500000953674316,2.1500000953674316,2.1500000953674316,2.1500000953674316,2.0355803966522217,600
2003-02-25,2.1500000953674316,2.1500000953674316,2.1500000953674316,2.1500000953674316,2.0355803966522217,0
2003-02-26,2.1500000953674316,2.1500000953674316,2.1500000953674316,2.1500000953674316,2.0355803966522217,0
2003-02-27,2.0,2.0,2.0,2.0,1.893563151359558,4720
2003-02-28,2.0,2.0,2.0,2.0,1.893563151359558,0
2003-03-03,2.0,2.0,1.9500000476837158,1.9500000476837158,1.846224069595337,660
2003-03-04,1.850000023841858,1.9500000476837158,1.850000023841858,1.899999976158142,1.7988849878311157,1080
2003-03-05,1.899999976158142,1.899999976158142,1.899999976158142,1.899999976158142,1.7988849878311157,0
2003-03-06,1.899999976158142,1.899999976158142,1.899999976158142,1.899999976158142,1.7988849878311157,100
2003-03-07,1.899999976158142,1.899999976158142,1.899999976158142,1.899999976158142,1.7988849878311157,0
2003-03-10,1.899999976158142,1.899999976158142,1.899999976158142,1.899999976158142,1.7988849878311157,0
2003-03-11,1.899999976158142,1.899999976158142,1.899999976158142,1.899999976158142,1.7988849878311157,200
2003-03-12,1.899999976158142,1.899999976158142,1.899999976158142,1.899999976158142,1.7988849878311157,0
2003-03-13,1.899999976158142,1.899999976158142,1.899999976158142,1.899999976158142,1.7988849878311157,0
2003-03-14,2.0,2.0,2.0,2.0,1.893563151359558,300
2003-03-17,2.0,2.0,2.0,2.0,1.893563151359558,0
2003-03-18,2.0,2.0,2.0,2.0,1.893563151359558,0
2003-03-19,2.0,2.0,2.0,2.0,1.893563151359558,0
2003-03-20,2.0,2.0,2.0,2.0,1.893563151359558,0
2003-03-21,2.0,2.0,2.0,2.0,1.893563151359558,260
2003-03-24,2.0,2.0,2.0,2.0,1.893563151359558,0
2003-03-25,2.0,2.0,2.0,2.0,1.893563151359558,200
2003-03-26,2.0,2.0,2.0,2.0,1.893563151359558,0
2003-03-27,1.899999976158142,1.899999976158142,1.899999976158142,1.899999976158142,1.7988849878311157,700
2003-03-28,1.7000000476837158,1.7000000476837158,1.7000000476837158,1.7000000476837158,1.6095287799835205,40
2003-03-31,1.5499999523162842,1.75,1.5499999523162842,1.5499999523162842,1.4675114154815674,3340
2003-04-01,1.5499999523162842,1.5499999523162842,1.5499999523162842,1.5499999523162842,1.4675114154815674,40
2003-04-02,1.5499999523162842,1.649999976158142,1.5499999523162842,1.649999976158142,1.5621895790100098,300
2003-04-03,1.649999976158142,1.649999976158142,1.649999976158142,1.649999976158142,1.5621895790100098,0
2003-04-04,1.7000000476837158,1.7000000476837158,1.649999976158142,1.649999976158142,1.5621895790100098,2940
2003-04-07,1.649999976158142,1.649999976158142,1.649999976158142,1.649999976158142,1.5621895790100098,400
2003-04-08,1.649999976158142,1.649999976158142,1.649999976158142,1.649999976158142,1.5621895790100098,0
2003-04-09,1.649999976158142,1.649999976158142,1.649999976158142,1.649999976158142,1.5621895790100098,1100
2003-04-10,1.649999976158142,1.649999976158142,1.649999976158142,1.649999976158142,1.5621895790100098,0
2003-04-11,1.600000023841858,1.600000023841858,1.600000023841858,1.600000023841858,1.5148506164550781,200
2003-04-14,1.600000023841858,1.600000023841858,1.600000023841858,1.600000023841858,1.5148506164550781,0
2003-04-15,1.649999976158142,1.649999976158142,1.600000023841858,1.600000023841858,1.5148506164550781,1160
2003-04-16,1.600000023841858,1.600000023841858,1.600000023841858,1.600000023841858,1.5148506164550781,0
2003-04-17,1.600000023841858,1.600000023841858,1.600000023841858,1.600000023841858,1.5148506164550781,0
2003-04-21,1.649999976158142,1.649999976158142,1.649999976158142,1.649999976158142,1.5621895790100098,100
2003-04-22,1.75,1.75,1.75,1.75,1.6568677425384521,600
2003-04-23,1.75,1.75,1.75,1.75,1.6568677425384521,0
2003-04-24,1.75,1.7999999523162842,1.75,1.7999999523162842,1.7042068243026733,1080
2003-04-25,1.7999999523162842,1.7999999523162842,1.7999999523162842,1.7999999523162842,1.7042068243026733,240
2003-04-28,1.7999999523162842,1.850000023841858,1.7999999523162842,1.850000023841858,1.7515459060668945,1180
2003-04-29,1.899999976158142,1.899999976158142,1.899999976158142,1.899999976158142,1.7988849878311157,700
2003-04-30,2.1500000953674316,2.299999952316284,2.1500000953674316,2.200000047683716,2.0829193592071533,1840
2003-05-01,2.25,2.25,2.25,2.25,2.130258560180664,60
2003-05-02,2.25,2.25,2.25,2.25,2.130258560180664,2300
2003-05-05,2.75,3.0,2.5,2.75,2.603649139404297,12480
2003-05-06,3.1500000953674316,3.25,3.1500000953674316,3.25,3.077040195465088,2460
2003-05-07,3.5,3.5,3.0999999046325684,3.0999999046325684,2.9350228309631348,580
2003-05-08,3.1500000953674316,3.4000000953674316,2.9000000953674316,2.950000047683716,2.7930054664611816,6180
2003-05-09,2.75,2.75,2.75,2.75,2.603649139404297,1000
2003-05-12,2.299999952316284,2.799999952316284,2.299999952316284,2.799999952316284,2.6509883403778076,3680
2003-05-13,2.799999952316284,2.799999952316284,2.799999952316284,2.799999952316284,2.6509883403778076,0
2003-05-14,2.5,2.75,1.850000023841858,2.75,2.603649139404297,5640
2003-05-15,2.950000047683716,2.950000047683716,2.5999999046325684,2.5999999046325684,2.4616317749023438,1820
2003-05-16,2.950000047683716,2.950000047683716,2.6500000953674316,2.6500000953674316,2.5089712142944336,1960
2003-05-19,2.950000047683716,3.0,2.75,2.75,2.603649139404297,4240
2003-05-20,2.6500000953674316,2.6500000953674316,2.549999952316284,2.549999952316284,2.414292812347412,1440
2003-05-21,2.549999952316284,3.049999952316284,2.549999952316284,3.049999952316284,2.887683868408203,7740
2003-05-22,3.0,3.0,3.0,3.0,2.8403449058532715,560
2003-05-23,3.0,3.049999952316284,3.0,3.049999952316284,2.887683868408203,1280
2003-05-27,3.0,3.0,3.0,3.0,2.8403449058532715,1100
2003-05-28,3.0,3.0,3.0,3.0,2.8403449058532715,40
2003-05-29,3.0,3.0,2.700000047683716,2.799999952316284,2.6509883403778076,12480
2003-05-30,2.950000047683716,2.950000047683716,2.950000047683716,2.950000047683716,2.7930054664611816,200
2003-06-02,2.950000047683716,2.950000047683716,2.799999952316284,2.799999952316284,2.6509883403778076,1860
2003-06-03,2.799999952316284,2.799999952316284,2.799999952316284,2.799999952316284,2.6509883403778076,0
2003-06-04,2.799999952316284,2.799999952316284,2.799999952316284,2.799999952316284,2.6509883403778076,0
2003-06-05,2.75,3.0,2.75,3.0,2.8403449058532715,2340
2003-06-06,3.0,3.1500000953674316,3.0,3.1500000953674316,2.9823620319366455,1000
2003-06-09,3.1500000953674316,3.1500000953674316,3.1500000953674316,3.1500000953674316,2.9823620319366455,0
2003-06-10,3.1500000953674316,3.549999952316284,2.549999952316284,3.299999952316284,3.1243791580200195,4960
2003-06-11,3.299999952316284,3.5,3.25,3.5,3.3137354850769043,6180
2003-06-12,3.9000000953674316,3.950000047683716,3.549999952316284,3.75,3.5504307746887207,12640
2003-06-13,3.700000047683716,3.700000047683716,3.5,3.5,3.3137354850769043,5420
2003-06-16,3.5999999046325684,3.6500000953674316,3.5999999046325684,3.6500000953674316,3.4557528495788574,860
2003-06-17,3.6500000953674316,3.6500000953674316,3.6500000953674316,3.6500000953674316,3.4557528495788574,0
2003-06-18,3.6500000953674316,3.6500000953674316,3.25,3.299999952316284,3.1243791580200195,400
2003-06-19,3.299999952316284,3.299999952316284,3.299999952316284,3.299999952316284,3.1243791580200195,0
2003-06-20,3.299999952316284,3.299999952316284,2.8499999046325684,3.1500000953674316,2.9823620319366455,5560
2003-06-23,3.1500000953674316,3.1500000953674316,3.1500000953674316,3.1500000953674316,2.9823620319366455,0
2003-06-24,3.25,3.25,3.0,3.0,2.8403449058532715,120
2003-06-25,3.25,3.25,3.25,3.25,3.077040195465088,1000
2003-06-26,3.0999999046325684,3.0999999046325684,3.0,3.0,2.8403449058532715,160
2003-06-27,3.0,3.0,3.0,3.0,2.8403449058532715,140
2003-06-30,3.049999952316284,3.200000047683716,2.9000000953674316,2.9000000953674316,2.74566650390625,5160
2003-07-01,2.9000000953674316,2.9000000953674316,2.799999952316284,2.799999952316284,2.6509883403778076,1760
2003-07-02,2.5999999046325684,2.799999952316284,2.549999952316284,2.6500000953674316,2.5089712142944336,3160
2003-07-03,2.5,2.6500000953674316,2.5,2.6500000953674316,2.5089712142944336,680
2003-07-07,2.5,2.75,2.5,2.75,2.603649139404297,1700
2003-07-08,2.549999952316284,2.6500000953674316,2.549999952316284,2.549999952316284,2.414292812347412,860
2003-07-09,2.549999952316284,3.3499999046325684,2.5,3.3499999046325684,3.171718120574951,7320
2003-07-10,3.3499999046325684,3.4000000953674316,3.049999952316284,3.049999952316284,2.887683868408203,500
2003-07-11,3.200000047683716,3.200000047683716,3.0999999046325684,3.0999999046325684,2.9350228309631348,580
2003-07-14,3.0999999046325684,3.0999999046325684,2.75,2.75,2.603649139404297,460
2003-07-15,3.0999999046325684,3.450000047683716,3.0,3.450000047683716,3.2663965225219727,2540
2003-07-16,3.700000047683716,4.949999809265137,3.3499999046325684,4.349999904632568,4.118499755859375,11580
2003-07-17,4.349999904632568,4.400000095367432,3.25,3.799999952316284,3.5977699756622314,6060
2003-07-18,3.549999952316284,3.799999952316284,3.549999952316284,3.75,3.5504307746887207,400
2003-07-21,3.200000047683716,4.0,3.200000047683716,3.549999952316284,3.361074447631836,2560
2003-07-22,3.9000000953674316,3.9000000953674316,3.299999952316284,3.299999952316284,3.1243791580200195,320
2003-07-23,3.700000047683716,3.75,3.200000047683716,3.200000047683716,3.0297012329101562,2940
2003-07-24,3.1500000953674316,3.4000000953674316,3.0999999046325684,3.0999999046325684,2.9350228309631348,1500
2003-07-25,3.0999999046325684,3.0999999046325684,3.0999999046325684,3.0999999046325684,2.9350228309631348,200
2003-07-28,3.0,3.0,2.950000047683716,2.950000047683716,2.7930054664611816,220
2003-07-29,3.0,3.049999952316284,2.950000047683716,3.0,2.8403449058532715,1300
2003-07-30,3.0,3.0,3.0,3.0,2.8403449058532715,0
2003-07-31,3.049999952316284,3.200000047683716,3.0,3.200000047683716,3.0297012329101562,400
2003-08-01,3.1500000953674316,3.1500000953674316,3.1500000953674316,3.1500000953674316,2.9823620319366455,100
2003-08-04,3.0999999046325684,3.4000000953674316,3.0999999046325684,3.25,3.077040195465088,560
2003-08-05,3.5,3.5,3.3499999046325684,3.3499999046325684,3.171718120574951,720
2003-08-06,3.4000000953674316,3.4000000953674316,3.4000000953674316,3.4000000953674316,3.219057559967041,100
2003-08-07,3.0,4.150000095367432,3.0,4.150000095367432,3.9291434288024902,1000
2003-08-08,3.049999952316284,3.4000000953674316,3.0,3.25,3.077040195465088,5080
2003-08-11,3.299999952316284,3.299999952316284,3.25,3.25,3.077040195465088,440
2003-08-12,3.25,3.25,3.0,3.0,2.8403449058532715,5800
2003-08-13,3.049999952316284,3.049999952316284,3.049999952316284,3.049999952316284,2.887683868408203,100
2003-08-14,3.049999952316284,3.049999952316284,3.049999952316284,3.049999952316284,2.887683868408203,0
2003-08-15,3.049999952316284,3.049999952316284,3.049999952316284,3.049999952316284,2.887683868408203,0
2003-08-18,3.049999952316284,3.049999952316284,3.049999952316284,3.049999952316284,2.887683868408203,1800
2003-08-19,3.1500000953674316,3.1500000953674316,3.1500000953674316,3.1500000953674316,2.9823620319366455,240
2003-08-20,3.1500000953674316,3.1500000953674316,2.9000000953674316,2.9000000953674316,2.74566650390625,2020
2003-08-21,2.700000047683716,2.950000047683716,2.549999952316284,2.75,2.603649139404297,2820
2003-08-22,2.75,2.799999952316284,2.75,2.799999952316284,2.6509883403778076,220
2003-08-25,2.950000047683716,2.950000047683716,2.950000047683716,2.950000047683716,2.7930054664611816,1180
2003-08-26,2.9000000953674316,3.0,2.799999952316284,2.799999952316284,2.6509883403778076,800
2003-08-27,2.549999952316284,2.8499999046325684,2.549999952316284,2.8499999046325684,2.6983273029327393,300
2003-08-28,3.0,3.549999952316284,2.9000000953674316,2.950000047683716,2.7930054664611816,3040
2003-08-29,2.950000047683716,2.950000047683716,2.950000047683716,2.950000047683716,2.7930054664611816,0
2003-09-02,2.950000047683716,2.950000047683716,2.950000047683716,2.950000047683716,2.7930054664611816,0
2003-09-03,3.0,3.5,3.0,3.5,3.3137354850769043,1820
2003-09-04,3.25,3.799999952316284,2.950000047683716,3.4000000953674316,3.219057559967041,6200
2003-09-05,3.4000000953674316,3.4000000953674316,3.4000000953674316,3.4000000953674316,3.219057559967041,0
2003-09-08,2.8499999046325684,3.299999952316284,2.8499999046325684,3.299999952316284,3.1243791580200195,2220
2003-09-09,3.0,3.0,3.0,3.0,2.8403449058532715,60
2003-09-10,3.0,3.0,3.0,3.0,2.8403449058532715,0
2003-09-11,3.049999952316284,3.049999952316284,3.049999952316284,3.049999952316284,2.887683868408203,1200
2003-09-12,3.049999952316284,3.049999952316284,3.049999952316284,3.049999952316284,2.887683868408203,0
2003-09-15,3.049999952316284,3.049999952316284,3.049999952316284,3.049999952316284,2.887683868408203,0
2003-09-16,2.9000000953674316,3.049999952316284,2.8499999046325684,3.049999952316284,2.887683868408203,1200
2003-09-17,3.0999999046325684,3.0999999046325684,3.049999952316284,3.049999952316284,2.887683868408203,1760
2003-09-18,2.9000000953674316,3.049999952316284,2.9000000953674316,2.950000047683716,2.7930054664611816,8200
2003-09-19,2.9000000953674316,2.9000000953674316,2.9000000953674316,2.9000000953674316,2.74566650390625,2380
2003-09-22,3.0,3.200000047683716,2.9000000953674316,3.200000047683716,3.0297012329101562,1820
2003-09-23,3.1500000953674316,3.200000047683716,3.0,3.0,2.8403449058532715,2660
2003-09-24,3.0,3.4000000953674316,3.0,3.4000000953674316,3.219057559967041,2940
2003-09-25,3.549999952316284,3.5999999046325684,3.450000047683716,3.450000047683716,3.2663965225219727,1060
2003-09-26,3.450000047683716,3.450000047683716,3.450000047683716,3.450000047683716,3.2663965225219727,0
2003-09-29,3.549999952316284,3.5999999046325684,3.5,3.5999999046325684,3.4084136486053467,2340
2003-09-30,3.6500000953674316,3.6500000953674316,3.6500000953674316,3.6500000953674316,3.4557528495788574,2140
2003-10-01,3.6500000953674316,3.6500000953674316,3.0999999046325684,3.200000047683716,3.0297012329101562,640
2003-10-02,3.9000000953674316,3.9000000953674316,3.450000047683716,3.5,3.3137354850769043,2740
2003-10-03,3.5,3.549999952316284,3.5,3.5,3.3137354850769043,1200
2003-10-06,3.450000047683716,3.5,3.450000047683716,3.5,3.3137354850769043,2020
2003-10-07,3.5,3.5,3.25,3.299999952316284,3.1243791580200195,780
2003-10-08,3.5,3.5,3.3499999046325684,3.5,3.3137354850769043,1520
2003-10-09,3.3499999046325684,3.75,3.3499999046325684,3.6500000953674316,3.4557528495788574,1000
2003-10-10,3.3499999046325684,3.3499999046325684,3.3499999046325684,3.3499999046325684,3.171718120574951,80
2003-10-13,3.6500000953674316,3.6500000953674316,3.5,3.5,3.3137354850769043,260
2003-10-14,3.6500000953674316,3.950000047683716,3.5999999046325684,3.950000047683716,3.7397871017456055,7740
2003-10-15,4.400000095367432,6.949999809265137,3.6500000953674316,5.300000190734863,5.017942428588867,28480
2003-10-16,5.949999809265137,5.949999809265137,5.0,5.699999809265137,5.3966546058654785,11400
2003-10-17,5.949999809265137,6.650000095367432,5.300000190734863,6.25,5.917384624481201,9880
2003-10-20,6.25,7.300000190734863,5.800000190734863,7.300000190734863,6.911505699157715,28440
2003-10-21,9.199999809265137,9.199999809265137,6.849999904632568,7.150000095367432,6.769488334655762,32140
2003-10-22,7.25,7.349999904632568,6.349999904632568,6.349999904632568,6.0120625495910645,18620
2003-10-23,6.349999904632568,6.599999904632568,5.5,5.900000095367432,5.586010932922363,10660
2003-10-24,5.449999809265137,5.75,5.300000190734863,5.550000190734863,5.254637718200684,5620
2003-10-27,5.349999904632568,5.650000095367432,5.25,5.5,5.207298278808594,13520
2003-10-28,5.5,5.75,5.349999904632568,5.400000095367432,5.1126203536987305,5020
2003-10-29,5.5,5.5,5.25,5.400000095367432,5.1126203536987305,6360
2003-10-30,5.5,5.5,5.0,5.25,4.9706034660339355,4780
2003-10-31,5.449999809265137,5.449999809265137,5.300000190734863,5.400000095367432,5.1126203536987305,3020
2003-11-03,5.5,6.449999809265137,5.5,6.0,5.680689811706543,6200
2003-11-04,6.099999904632568,6.150000095367432,5.75,5.75,5.443994045257568,8840
2003-11-05,6.099999904632568,6.099999904632568,5.5,5.75,5.443994045257568,6120
2003-11-06,5.75,6.0,5.75,5.75,5.443994045257568,5840
2003-11-07,5.75,5.75,5.75,5.75,5.443994045257568,0
2003-11-10,5.599999904632568,5.599999904632568,5.300000190734863,5.5,5.207298278808594,5700
2003-11-11,5.400000095367432,5.75,5.199999809265137,5.75,5.443994045257568,5740
2003-11-12,5.800000190734863,5.800000190734863,5.349999904632568,5.75,5.443994045257568,1240
2003-11-13,5.349999904632568,5.699999809265137,5.25,5.300000190734863,5.017942428588867,1260
2003-11-14,5.75,5.75,5.449999809265137,5.449999809265137,5.159959316253662,760
2003-11-17,5.5,5.5,5.25,5.300000190734863,5.017942428588867,2840
2003-11-18,5.400000095367432,5.5,5.099999904632568,5.25,4.9706034660339355,7620
2003-11-19,5.150000095367432,5.75,5.150000095367432,5.75,5.443994045257568,7420
2003-11-20,6.199999809265137,6.199999809265137,5.5,5.75,5.443994045257568,3160
2003-11-21,5.5,5.5,5.25,5.25,4.9706034660339355,300
2003-11-24,6.199999809265137,6.199999809265137,5.449999809265137,5.449999809265137,5.159959316253662,880
2003-11-25,5.699999809265137,5.699999809265137,5.25,5.349999904632568,5.065281391143799,2080
2003-11-26,5.25,5.400000095367432,5.25,5.349999904632568,5.065281391143799,2280
2003-11-28,5.449999809265137,5.449999809265137,5.25,5.25,4.9706034660339355,920
2003-12-01,5.150000095367432,5.349999904632568,5.150000095367432,5.349999904632568,5.065281391143799,3320
2003-12-02,5.25,6.949999809265137,5.150000095367432,6.849999904632568,6.4854536056518555,21580
2003-12-03,7.099999904632568,7.199999809265137,6.0,6.25,5.917384624481201,21100
2003-12-04,6.25,6.449999809265137,6.0,6.0,5.680689811706543,11600
2003-12-05,6.0,6.099999904632568,6.0,6.099999904632568,5.775367736816406,840
2003-12-08,6.0,6.099999904632568,5.849999904632568,6.0,5.680689811706543,7200
2003-12-09,6.0,6.0,5.75,5.800000190734863,5.4913330078125,4600
2003-12-10,5.800000190734863,5.949999809265137,5.800000190734863,5.900000095367432,5.586010932922363,2280
2003-12-11,6.0,6.349999904632568,5.900000095367432,6.0,5.680689811706543,6340
2003-12-12,6.25,6.300000190734863,6.25,6.300000190734863,5.964724063873291,160
2003-12-15,6.099999904632568,6.349999904632568,5.550000190734863,6.199999809265137,5.8700456619262695,4880
2003-12-16,5.75,6.400000095367432,5.75,6.400000095367432,6.0594024658203125,5320
2003-12-17,6.25,6.349999904632568,5.900000095367432,5.900000095367432,5.586010932922363,5820
2003-12-18,6.099999904632568,6.099999904632568,5.75,5.849999904632568,5.538671970367432,1600
2003-12-19,5.849999904632568,5.849999904632568,5.849999904632568,5.849999904632568,5.538671970367432,0
2003-12-22,6.199999809265137,6.199999809265137,5.849999904632568,5.849999904632568,5.538671970367432,1820
2003-12-23,5.800000190734863,5.800000190734863,5.599999904632568,5.650000095367432,5.349316120147705,2080
2003-12-24,5.550000190734863,5.75,5.449999809265137,5.75,5.443994045257568,640
2003-12-26,5.150000095367432,5.699999809265137,5.150000095367432,5.699999809265137,5.3966546058654785,140
2003-12-29,5.449999809265137,6.0,5.449999809265137,6.0,5.680689811706543,2000
2003-12-30,5.75,6.099999904632568,5.75,6.0,5.680689811706543,8780
2003-12-31,5.800000190734863,6.599999904632568,5.800000190734863,6.099999904632568,5.775367736816406,10580
2004-01-02,6.099999904632568,6.5,6.099999904632568,6.099999904632568,5.775367736816406,2180
2004-01-05,6.099999904632568,7.25,5.949999809265137,7.150000095367432,6.769488334655762,11340
2004-01-06,7.25,8.199999809265137,7.199999809265137,8.0,7.574252605438232,25100
2004-01-07,8.100000381469727,8.75,7.0,7.0,6.627470970153809,11320
2004-01-08,7.050000190734863,7.800000190734863,7.050000190734863,7.75,7.337556838989258,4640
2004-01-09,8.25,8.850000381469727,7.550000190734863,7.75,7.337556838989258,7780
2004-01-12,7.699999809265137,8.899999618530273,7.699999809265137,8.25,7.810947895050049,11540
2004-01-13,8.899999618530273,8.899999618530273,8.050000190734863,8.050000190734863,7.621591567993164,8200
2004-01-14,8.25,8.899999618530273,8.100000381469727,8.850000381469727,8.379016876220703,9200
2004-01-15,8.899999618530273,9.600000381469727,8.699999809265137,9.600000381469727,9.089102745056152,13500
2004-01-16,9.899999618530273,10.75,9.800000190734863,10.75,10.177902221679688,15620
2004-01-20,12.100000381469727,12.100000381469727,10.25,10.300000190734863,9.751850128173828,35080
2004-01-21,10.800000190734863,11.199999809265137,9.75,10.199999809265137,9.657171249389648,7660
2004-01-22,11.050000190734863,11.050000190734863,9.75,10.199999809265137,9.657171249389648,7180
2004-01-23,10.0,10.25,9.649999618530273,10.25,9.704510688781738,2740
2004-01-26,10.25,10.5,9.649999618530273,9.75,9.231120109558105,5620
2004-01-27,10.0,10.5,10.0,10.050000190734863,9.515154838562012,4220
2004-01-28,10.449999809265137,10.5,10.0,10.0,9.467815399169922,4140
2004-01-29,10.100000381469727,10.100000381469727,8.5,8.949999809265137,8.473694801330566,5220
2004-01-30,9.0,9.0,8.75,8.949999809265137,8.473694801330566,1700
2004-02-02,9.0,9.75,8.5,9.199999809265137,8.710390090942383,3900
2004-02-03,9.75,9.75,8.300000190734863,8.600000381469727,8.142321586608887,4660
2004-02-04,9.75,9.75,8.050000190734863,8.100000381469727,7.668931007385254,12700
2004-02-05,8.050000190734863,8.199999809265137,8.050000190734863,8.100000381469727,7.668931007385254,1020
2004-02-06,8.199999809265137,8.199999809265137,7.5,7.900000095367432,7.479574203491211,4420
2004-02-09,8.449999809265137,9.050000190734863,7.900000095367432,9.050000190734863,8.568373680114746,10100
2004-02-10,8.850000381469727,9.449999809265137,8.649999618530273,9.449999809265137,8.9470853805542,7900
2004-02-11,9.699999809265137,10.0,9.449999809265137,9.5,8.994424819946289,16840
2004-02-12,9.5,10.199999809265137,9.100000381469727,9.25,8.757729530334473,10140
2004-02-13,9.449999809265137,9.899999618530273,8.75,9.399999618530273,8.89974594116211,3900
2004-02-17,9.449999809265137,10.0,8.800000190734863,9.75,9.231120109558105,7200
2004-02-18,9.199999809265137,9.449999809265137,8.850000381469727,9.350000381469727,8.852407455444336,1360
2004-02-19,9.300000190734863,10.0,9.300000190734863,9.75,9.231120109558105,3140
2004-02-20,9.850000381469727,9.850000381469727,9.300000190734863,9.850000381469727,9.325798988342285,260
2004-02-23,9.850000381469727,9.850000381469727,9.0,9.25,8.757729530334473,1460
2004-02-24,8.899999618530273,9.0,8.850000381469727,9.0,8.521034240722656,3020
2004-02-25,8.850000381469727,8.850000381469727,8.75,8.75,8.284337997436523,3220
2004-02-26,8.600000381469727,8.899999618530273,8.25,8.550000190734863,8.094982147216797,1820
2004-02-27,8.300000190734863,8.300000190734863,8.050000190734863,8.100000381469727,7.668931007385254,2320
2004-03-01,8.649999618530273,9.800000190734863,8.5,9.300000190734863,8.805068969726562,3980
2004-03-02,9.899999618530273,9.899999618530273,8.5,9.100000381469727,8.615713119506836,3480
2004-03-03,9.100000381469727,9.5,9.050000190734863,9.5,8.994424819946289,1540
2004-03-04,9.800000190734863,9.800000190734863,9.300000190734863,9.449999809265137,8.9470853805542,2960
2004-03-05,10.0,10.0,9.300000190734863,9.350000381469727,8.852407455444336,2080
2004-03-08,9.300000190734863,9.350000381469727,9.300000190734863,9.300000190734863,8.805068969726562,1000
2004-03-09,9.300000190734863,9.399999618530273,9.300000190734863,9.300000190734863,8.805068969726562,1560
2004-03-10,9.5,9.5,8.800000190734863,9.199999809265137,8.710390090942383,2300
2004-03-11,8.800000190734863,9.0,8.800000190734863,8.850000381469727,8.379016876220703,2000
2004-03-12,8.75,14.199999809265137,8.550000190734863,10.300000190734863,9.751850128173828,196040
2004-03-15,10.600000381469727,10.949999809265137,9.25,9.25,8.757729530334473,40680
2004-03-16,9.449999809265137,9.5,8.5,9.199999809265137,8.710390090942383,22780
2004-03-17,9.449999809265137,9.449999809265137,8.350000381469727,8.850000381469727,8.379016876220703,9620
2004-03-18,9.449999809265137,12.449999809265137,8.75,10.149999618530273,9.609832763671875,78060
2004-03-19,10.399999618530273,11.300000190734863,9.5,11.25,10.65129280090332,32100
2004-03-22,11.149999618530273,11.5,10.399999618530273,11.350000381469727,10.7459716796875,29740
2004-03-23,11.699999809265137,12.199999809265137,10.399999618530273,10.5,9.941206932067871,30480
2004-03-24,12.199999809265137,12.199999809265137,10.100000381469727,10.449999809265137,9.893867492675781,2860
2004-03-25,10.550000190734863,10.850000381469727,10.399999618530273,10.649999618530273,10.083223342895508,1400
2004-03-26,10.850000381469727,10.850000381469727,9.600000381469727,9.699999809265137,9.183781623840332,11740
2004-03-29,9.899999618530273,10.25,9.100000381469727,9.649999618530273,9.136441230773926,15220
2004-03-30,9.649999618530273,9.699999809265137,9.100000381469727,9.449999809265137,8.9470853805542,2380
2004-03-31,9.449999809265137,9.699999809265137,8.850000381469727,9.550000190734863,9.041763305664062,5680
2004-04-01,9.850000381469727,9.850000381469727,9.199999809265137,9.300000190734863,8.805068969726562,5320
2004-04-02,9.149999618530273,9.5,9.149999618530273,9.5,8.994424819946289,1980
2004-04-05,9.449999809265137,9.5,9.199999809265137,9.350000381469727,8.852407455444336,4800
2004-04-06,9.149999618530273,9.5,9.100000381469727,9.100000381469727,8.615713119506836,2500
2004-04-07,9.5,9.5,9.0,9.449999809265137,8.9470853805542,4540
2004-04-08,9.850000381469727,9.850000381469727,8.949999809265137,9.5,8.994424819946289,9300
2004-04-12,9.5,9.550000190734863,9.199999809265137,9.449999809265137,8.9470853805542,3540
2004-04-13,9.800000190734863,11.350000381469727,9.75,10.350000381469727,9.799189567565918,24400
2004-04-14,11.5,11.5,10.25,10.800000190734863,10.225240707397461,13180
2004-04-15,11.5,11.5,10.25,10.699999809265137,10.130562782287598,5120
2004-04-16,11.399999618530273,11.399999618530273,9.800000190734863,10.699999809265137,10.130562782287598,9540
2004-04-19,10.25,10.5,10.149999618530273,10.449999809265137,9.893867492675781,2780
2004-04-20,10.5,10.75,10.100000381469727,10.300000190734863,9.751850128173828,3120
2004-04-21,10.399999618530273,10.449999809265137,9.75,10.0,9.467815399169922,4380
2004-04-22,10.0,10.399999618530273,10.0,10.350000381469727,9.799189567565918,540
2004-04-23,10.149999618530273,10.199999809265137,10.100000381469727,10.100000381469727,9.562494277954102,920
2004-04-26,9.600000381469727,10.449999809265137,9.600000381469727,10.199999809265137,9.657171249389648,4220
2004-04-27,10.0,10.25,9.75,10.050000190734863,9.515154838562012,2560
2004-04-28,9.600000381469727,10.050000190734863,9.300000190734863,9.350000381469727,8.852407455444336,3660
2004-04-29,9.100000381469727,9.5,8.5,8.850000381469727,8.379016876220703,3900
2004-04-30,8.5,8.800000190734863,8.5,8.699999809265137,8.23699951171875,4240
2004-05-03,9.149999618530273,9.149999618530273,7.349999904632568,8.25,7.810947895050049,5820
2004-05-04,7.349999904632568,8.399999618530273,7.349999904632568,8.100000381469727,7.668931007385254,1700
2004-05-05,7.949999809265137,8.300000190734863,7.949999809265137,8.199999809265137,7.763608455657959,2640
2004-05-06,8.449999809265137,8.449999809265137,7.400000095367432,8.050000190734863,7.621591567993164,2440
2004-05-07,7.800000190734863,8.0,7.800000190734863,8.0,7.574252605438232,540
2004-05-10,7.75,7.849999904632568,7.150000095367432,7.449999809265137,7.053522109985352,5880
2004-05-11,7.900000095367432,7.900000095367432,7.550000190734863,7.800000190734863,7.384896278381348,380
2004-05-12,7.199999809265137,7.699999809265137,7.050000190734863,7.699999809265137,7.290217876434326,760
2004-05-13,7.75,7.949999809265137,7.75,7.949999809265137,7.526913642883301,340
2004-05-14,7.5,8.0,7.050000190734863,8.0,7.574252605438232,340
2004-05-17,7.099999904632568,7.650000095367432,7.050000190734863,7.650000095367432,7.2428789138793945,1540
2004-05-18,8.449999809265137,8.449999809265137,7.199999809265137,8.300000190734863,7.8582868576049805,380
2004-05-19,8.550000190734863,9.050000190734863,7.900000095367432,8.199999809265137,7.763608455657959,1240
2004-05-20,8.199999809265137,8.199999809265137,8.199999809265137,8.199999809265137,7.763608455657959,0
2004-05-21,7.449999809265137,8.449999809265137,7.449999809265137,7.949999809265137,7.526913642883301,880
2004-05-24,8.25,8.25,8.25,8.25,7.810947895050049,300
2004-05-25,8.25,8.25,8.25,8.25,7.810947895050049,0
2004-05-26,7.75,8.600000381469727,7.75,8.399999618530273,7.952964782714844,1380
2004-05-27,8.399999618530273,8.399999618530273,8.399999618530273,8.399999618530273,7.952964782714844,1200
2004-05-28,7.75,7.75,7.75,7.75,7.337556838989258,60
2004-06-01,7.5,7.5,7.25,7.5,7.100861549377441,2300
2004-06-02,7.5,8.0,7.199999809265137,8.0,7.574252605438232,2780
2004-06-03,7.599999904632568,7.599999904632568,7.199999809265137,7.199999809265137,6.816827297210693,1200
2004-06-04,7.550000190734863,7.550000190734863,7.550000190734863,7.550000190734863,7.148200988769531,460
2004-06-07,8.0,8.75,8.0,8.0,7.574252605438232,3880
2004-06-08,8.0,8.25,8.0,8.100000381469727,7.668931007385254,6140
2004-06-09,8.5,8.5,8.0,8.0,7.574252605438232,2020
2004-06-10,8.149999618530273,8.350000381469727,8.0,8.0,7.574252605438232,880
2004-06-14,8.300000190734863,8.300000190734863,7.449999809265137,7.449999809265137,7.053522109985352,2180
2004-06-15,7.650000095367432,7.849999904632568,7.650000095367432,7.650000095367432,7.2428789138793945,420
2004-06-16,7.849999904632568,7.849999904632568,7.349999904632568,7.400000095367432,7.006183624267578,800
2004-06-17,7.349999904632568,7.349999904632568,7.349999904632568,7.349999904632568,6.958844184875488,140
2004-06-18,7.150000095367432,7.5,6.900000095367432,7.5,7.100861549377441,2320
2004-06-21,7.650000095367432,7.650000095367432,6.900000095367432,7.0,6.627470970153809,1360
2004-06-22,6.949999809265137,6.949999809265137,6.800000190734863,6.900000095367432,6.532793045043945,1600
2004-06-23,6.699999809265137,6.949999809265137,6.650000095367432,6.949999809265137,6.580131530761719,460
2004-06-24,6.599999904632568,6.949999809265137,6.599999904632568,6.949999809265137,6.580131530761719,360
2004-06-25,7.0,8.0,6.949999809265137,7.449999809265137,7.053522109985352,2040
2004-06-28,8.0,8.699999809265137,7.150000095367432,8.5,8.047643661499023,7760
2004-06-29,7.949999809265137,8.199999809265137,7.900000095367432,8.0,7.574252605438232,1120
2004-06-30,7.349999904632568,8.75,7.349999904632568,8.699999809265137,8.23699951171875,3660
2004-07-01,8.75,9.0,8.75,8.75,8.284337997436523,4860
2004-07-02,8.75,8.75,8.75,8.75,8.284337997436523,0
2004-07-06,8.449999809265137,8.449999809265137,8.300000190734863,8.300000190734863,7.8582868576049805,60
2004-07-07,8.25,8.25,7.900000095367432,7.900000095367432,7.479574203491211,680
2004-07-08,7.949999809265137,8.350000381469727,7.900000095367432,8.0,7.574252605438232,540
2004-07-09,8.050000190734863,8.050000190734863,7.699999809265137,7.699999809265137,7.290217876434326,960
2004-07-12,7.650000095367432,7.75,7.449999809265137,7.449999809265137,7.053522109985352,860
2004-07-13,7.400000095367432,7.400000095367432,7.400000095367432,7.400000095367432,7.006183624267578,200
2004-07-14,7.25,7.25,7.050000190734863,7.050000190734863,6.67480993270874,980
2004-07-15,7.0,7.400000095367432,7.0,7.400000095367432,7.006183624267578,380
2004-07-16,7.0,7.0,7.0,7.0,6.627470970153809,300
2004-07-19,7.0,7.0,6.650000095367432,7.0,6.627470970153809,1300
2004-07-20,6.699999809265137,7.25,6.699999809265137,7.25,6.864166259765625,40
2004-07-21,7.050000190734863,7.050000190734863,6.550000190734863,7.050000190734863,6.67480993270874,880
2004-07-22,6.25,7.0,6.150000095367432,6.400000095367432,6.0594024658203125,2760
2004-07-23,6.699999809265137,6.900000095367432,6.5,6.5,6.154080390930176,660
2004-07-26,7.0,7.0,6.150000095367432,6.199999809265137,5.8700456619262695,1840
2004-07-27,6.199999809265137,6.199999809265137,6.199999809265137,6.199999809265137,5.8700456619262695,0
2004-07-28,6.550000190734863,6.599999904632568,6.150000095367432,6.150000095367432,5.822706699371338,1720
2004-07-29,6.349999904632568,7.050000190734863,6.349999904632568,7.050000190734863,6.67480993270874,800
2004-07-30,6.5,6.5,6.5,6.5,6.154080390930176,200
2004-08-02,6.0,7.199999809265137,6.0,6.550000190734863,6.201419353485107,1560
2004-08-03,6.5,6.5,6.150000095367432,6.199999809265137,5.8700456619262695,500
2004-08-04,6.0,6.150000095367432,6.0,6.150000095367432,5.822706699371338,740
2004-08-05,6.449999809265137,6.5,6.400000095367432,6.5,6.154080390930176,200
2004-08-06,6.5,6.5,6.5,6.5,6.154080390930176,0
2004-08-09,6.199999809265137,6.199999809265137,6.199999809265137,6.199999809265137,5.8700456619262695,20
2004-08-10,6.150000095367432,6.150000095367432,6.150000095367432,6.150000095367432,5.822706699371338,280
2004-08-11,6.0,6.050000190734863,6.0,6.0,5.680689811706543,500
2004-08-12,5.900000095367432,6.0,5.900000095367432,6.0,5.680689811706543,460
2004-08-13,5.900000095367432,5.900000095367432,5.199999809265137,5.550000190734863,5.254637718200684,1920
2004-08-16,5.25,5.599999904632568,5.25,5.599999904632568,5.301976680755615,360
2004-08-17,5.699999809265137,5.699999809265137,5.449999809265137,5.449999809265137,5.159959316253662,280
2004-08-18,5.25,5.25,5.199999809265137,5.25,4.9706034660339355,400
2004-08-19,5.199999809265137,5.199999809265137,5.199999809265137,5.199999809265137,4.9232635498046875,400
2004-08-20,5.199999809265137,5.199999809265137,5.199999809265137,5.199999809265137,4.9232635498046875,40
2004-08-23,5.400000095367432,5.400000095367432,5.400000095367432,5.400000095367432,5.1126203536987305,200
2004-08-24,5.099999904632568,5.349999904632568,5.099999904632568,5.300000190734863,5.017942428588867,1320
2004-08-25,5.300000190734863,5.300000190734863,5.300000190734863,5.300000190734863,5.017942428588867,0
2004-08-26,5.349999904632568,5.349999904632568,5.0,5.300000190734863,5.017942428588867,360
2004-08-27,5.349999904632568,5.400000095367432,5.349999904632568,5.400000095367432,5.1126203536987305,440
2004-08-30,5.099999904632568,5.099999904632568,5.050000190734863,5.050000190734863,4.781247138977051,40
2004-08-31,5.300000190734863,5.300000190734863,5.300000190734863,5.300000190734863,5.017942428588867,20
2004-09-01,5.300000190734863,5.300000190734863,5.300000190734863,5.300000190734863,5.017942428588867,0
2004-09-02,5.300000190734863,5.5,5.300000190734863,5.349999904632568,5.065281391143799,700
2004-09-03,5.300000190734863,5.300000190734863,5.300000190734863,5.300000190734863,5.017942428588867,0
2004-09-07,5.599999904632568,5.599999904632568,5.550000190734863,5.550000190734863,5.254637718200684,40
2004-09-08,5.550000190734863,5.550000190734863,5.550000190734863,5.550000190734863,5.254637718200684,0
2004-09-09,5.550000190734863,5.550000190734863,5.550000190734863,5.550000190734863,5.254637718200684,0
2004-09-10,5.349999904632568,5.550000190734863,5.349999904632568,5.550000190734863,5.254637718200684,300
2004-09-13,5.150000095367432,5.449999809265137,5.150000095367432,5.199999809265137,4.9232635498046875,240
2004-09-14,5.25,5.300000190734863,4.75,5.0,4.733907699584961,2220
2004-09-15,4.75,4.949999809265137,4.75,4.949999809265137,4.686568737030029,660
2004-09-16,4.949999809265137,4.949999809265137,4.949999809265137,4.949999809265137,4.686568737030029,100
2004-09-17,4.949999809265137,4.949999809265137,4.949999809265137,4.949999809265137,4.686568737030029,0
2004-09-20,4.900000095367432,6.400000095367432,4.900000095367432,6.199999809265137,5.8700456619262695,7640
2004-09-21,6.75,6.75,6.300000190734863,6.300000190734863,5.964724063873291,1340
2004-09-22,7.050000190734863,7.25,5.900000095367432,6.949999809265137,6.580131530761719,1460
2004-09-23,7.099999904632568,7.099999904632568,6.400000095367432,6.699999809265137,6.343436241149902,1060
2004-09-24,6.75,6.75,6.099999904632568,6.099999904632568,5.775367736816406,220
2004-09-27,5.599999904632568,5.650000095367432,5.400000095367432,5.400000095367432,5.1126203536987305,3780
2004-09-28,5.25,5.949999809265137,5.0,5.0,4.733907699584961,8200
2004-09-29,5.099999904632568,5.300000190734863,5.050000190734863,5.25,4.9706034660339355,1020
2004-09-30,4.849999904632568,5.400000095367432,4.849999904632568,5.400000095367432,5.1126203536987305,1100
2004-10-01,5.400000095367432,5.400000095367432,5.400000095367432,5.400000095367432,5.1126203536987305,100
2004-10-04,5.400000095367432,5.5,5.050000190734863,5.349999904632568,5.065281391143799,860
2004-10-05,5.5,5.550000190734863,5.099999904632568,5.5,5.207298278808594,3840
2004-10-06,5.349999904632568,5.449999809265137,5.349999904632568,5.449999809265137,5.159959316253662,40
2004-10-07,5.449999809265137,5.449999809265137,5.449999809265137,5.449999809265137,5.159959316253662,0
2004-10-08,5.5,5.75,5.050000190734863,5.050000190734863,4.781247138977051,820
2004-10-11,6.599999904632568,6.599999904632568,5.150000095367432,5.5,5.207298278808594,1900
2004-10-12,5.150000095367432,5.150000095367432,5.099999904632568,5.099999904632568,4.828585624694824,320
2004-10-13,5.300000190734863,5.300000190734863,5.300000190734863,5.300000190734863,5.017942428588867,900
2004-10-14,5.199999809265137,5.199999809265137,5.099999904632568,5.099999904632568,4.828585624694824,640
2004-10-15,5.150000095367432,5.150000095367432,5.150000095367432,5.150000095367432,4.875925064086914,260
2004-10-18,5.199999809265137,5.199999809265137,5.099999904632568,5.199999809265137,4.9232635498046875,840
2004-10-19,5.099999904632568,5.099999904632568,5.099999904632568,5.099999904632568,4.828585624694824,380
2004-10-20,5.099999904632568,5.099999904632568,5.0,5.0,4.733907699584961,2820
2004-10-21,5.0,5.050000190734863,5.0,5.0,4.733907699584961,400
2004-10-22,4.900000095367432,4.900000095367432,4.900000095367432,4.900000095367432,4.639229774475098,680
2004-10-25,4.849999904632568,4.949999809265137,4.25,4.949999809265137,4.686568737030029,1080
2004-10-26,4.5,5.050000190734863,4.5,5.050000190734863,4.781247138977051,100
2004-10-27,4.400000095367432,4.949999809265137,4.25,4.949999809265137,4.686568737030029,840
2004-10-28,4.949999809265137,4.949999809265137,4.849999904632568,4.849999904632568,4.591890811920166,760
2004-10-29,4.449999809265137,4.449999809265137,4.400000095367432,4.400000095367432,4.165838718414307,80
2004-11-01,4.550000190734863,4.599999904632568,4.550000190734863,4.599999904632568,4.355195045471191,200
2004-11-02,4.550000190734863,4.550000190734863,4.349999904632568,4.349999904632568,4.118499755859375,1600
2004-11-03,4.449999809265137,4.5,4.449999809265137,4.5,4.260517120361328,360
2004-11-04,4.5,4.5,4.5,4.5,4.260517120361328,0
2004-11-05,4.650000095367432,4.650000095367432,4.5,4.5,4.260517120361328,1900
2004-11-08,5.5,5.5,4.5,4.599999904632568,4.355195045471191,800
2004-11-09,4.5,4.650000095367432,4.5,4.5,4.260517120361328,1500
2004-11-10,4.099999904632568,4.699999809265137,4.099999904632568,4.5,4.260517120361328,2720
2004-11-11,4.849999904632568,4.849999904632568,4.849999904632568,4.849999904632568,4.591890811920166,40
2004-11-12,4.849999904632568,4.849999904632568,4.849999904632568,4.849999904632568,4.591890811920166,0
2004-11-15,4.949999809265137,5.650000095367432,4.949999809265137,5.5,5.207298278808594,4640
2004-11-16,5.75,6.449999809265137,5.699999809265137,6.300000190734863,5.964724063873291,4960
2004-11-17,6.0,6.050000190734863,5.699999809265137,5.699999809265137,5.3966546058654785,1100
2004-11-18,5.550000190734863,5.550000190734863,5.550000190734863,5.550000190734863,5.254637718200684,300
2004-11-19,5.699999809265137,5.699999809265137,5.599999904632568,5.699999809265137,5.3966546058654785,380
2004-11-22,5.800000190734863,5.800000190734863,5.699999809265137,5.699999809265137,5.3966546058654785,120
2004-11-23,5.25,5.849999904632568,5.25,5.699999809265137,5.3966546058654785,1380
2004-11-24,5.5,5.949999809265137,5.5,5.949999809265137,5.633349895477295,2500
2004-11-26,7.150000095367432,8.5,7.0,7.800000190734863,7.384896278381348,53360
2004-11-29,7.800000190734863,8.550000190734863,6.949999809265137,7.050000190734863,6.67480993270874,22660
2004-11-30,7.0,7.150000095367432,6.5,6.699999809265137,6.343436241149902,5760
2004-12-01,6.300000190734863,6.5,6.300000190734863,6.449999809265137,6.106740951538086,2560
2004-12-02,6.050000190734863,6.550000190734863,6.050000190734863,6.449999809265137,6.106740951538086,4340
2004-12-03,6.150000095367432,6.150000095367432,5.599999904632568,6.099999904632568,5.775367736816406,2840
2004-12-06,6.300000190734863,6.300000190734863,5.699999809265137,6.099999904632568,5.775367736816406,4380
2004-12-07,6.5,6.650000095367432,6.449999809265137,6.599999904632568,6.248758316040039,3960
2004-12-08,6.5,6.5,6.25,6.25,5.917384624481201,2220
2004-12-09,6.300000190734863,6.300000190734863,6.099999904632568,6.300000190734863,5.964724063873291,2540
2004-12-10,6.25,6.599999904632568,6.199999809265137,6.449999809265137,6.106740951538086,3800
2004-12-13,6.449999809265137,6.449999809265137,6.199999809265137,6.25,5.917384624481201,980
2004-12-14,6.199999809265137,6.25,6.199999809265137,6.25,5.917384624481201,1680
2004-12-15,6.099999904632568,6.550000190734863,6.099999904632568,6.550000190734863,6.201419353485107,3260
2004-12-16,6.550000190734863,6.599999904632568,5.849999904632568,6.5,6.154080390930176,5460
2004-12-17,6.150000095367432,6.449999809265137,6.099999904632568,6.400000095367432,6.0594024658203125,880
2004-12-20,6.300000190734863,6.449999809265137,6.300000190734863,6.449999809265137,6.106740951538086,1060
2004-12-21,6.349999904632568,6.349999904632568,6.349999904632568,6.349999904632568,6.0120625495910645,700
2004-12-22,6.349999904632568,6.599999904632568,6.349999904632568,6.449999809265137,6.106740951538086,7000
2004-12-23,6.449999809265137,6.550000190734863,6.449999809265137,6.449999809265137,6.106740951538086,900
2004-12-27,6.400000095367432,6.550000190734863,6.400000095367432,6.550000190734863,6.201419353485107,1740
2004-12-28,6.25,6.5,6.25,6.449999809265137,6.106740951538086,2980
2004-12-29,6.400000095367432,6.449999809265137,6.400000095367432,6.400000095367432,6.0594024658203125,3580
2004-12-30,6.400000095367432,6.400000095367432,6.400000095367432,6.400000095367432,6.0594024658203125,360
2004-12-31,6.449999809265137,6.449999809265137,6.400000095367432,6.400000095367432,6.0594024658203125,2420
2005-01-03,6.75,7.949999809265137,6.5,7.199999809265137,6.816827297210693,17460
2005-01-04,7.449999809265137,7.75,6.650000095367432,6.949999809265137,6.580131530761719,10620
2005-01-05,6.800000190734863,7.0,6.75,7.0,6.627470970153809,2900
2005-01-06,6.900000095367432,7.400000095367432,6.849999904632568,7.0,6.627470970153809,3600
2005-01-07,7.199999809265137,7.349999904632568,7.199999809265137,7.199999809265137,6.816827297210693,1200
2005-01-10,7.099999904632568,7.949999809265137,7.099999904632568,7.75,7.337556838989258,3420
2005-01-11,6.949999809265137,7.300000190734863,6.949999809265137,7.0,6.627470970153809,660
2005-01-12,7.300000190734863,7.300000190734863,7.300000190734863,7.300000190734863,6.911505699157715,20
2005-01-13,7.300000190734863,7.300000190734863,7.300000190734863,7.300000190734863,6.911505699157715,0
2005-01-14,6.900000095367432,6.900000095367432,6.900000095367432,6.900000095367432,6.532793045043945,300
2005-01-18,6.800000190734863,6.800000190734863,6.5,6.5,6.154080390930176,2840
2005-01-19,6.650000095367432,6.75,6.650000095367432,6.699999809265137,6.343436241149902,6440
2005-01-20,6.75,6.75,6.550000190734863,6.550000190734863,6.201419353485107,880
2005-01-21,6.550000190734863,6.900000095367432,6.550000190734863,6.900000095367432,6.532793045043945,240
2005-01-24,6.699999809265137,6.75,6.699999809265137,6.75,6.390775203704834,400
2005-01-25,6.849999904632568,6.900000095367432,6.25,6.5,6.154080390930176,3100
2005-01-26,6.650000095367432,6.699999809265137,6.650000095367432,6.699999809265137,6.343436241149902,260
2005-01-27,6.050000190734863,6.900000095367432,6.050000190734863,6.900000095367432,6.532793045043945,1340
2005-01-28,6.900000095367432,6.900000095367432,6.900000095367432,6.900000095367432,6.532793045043945,0
2005-01-31,6.900000095367432,6.900000095367432,6.900000095367432,6.900000095367432,6.532793045043945,1380
2005-02-01,6.650000095367432,6.650000095367432,6.650000095367432,6.650000095367432,6.296097278594971,680
2005-02-02,6.699999809265137,6.699999809265137,6.650000095367432,6.699999809265137,6.343436241149902,920
2005-02-03,6.349999904632568,6.949999809265137,6.349999904632568,6.900000095367432,6.532793045043945,2400
2005-02-04,6.349999904632568,7.949999809265137,6.349999904632568,7.550000190734863,7.148200988769531,5800
2005-02-07,7.449999809265137,8.300000190734863,7.349999904632568,8.25,7.810947895050049,3480
2005-02-08,8.550000190734863,8.75,7.650000095367432,8.350000381469727,7.90562629699707,10380
2005-02-09,8.100000381469727,8.199999809265137,8.050000190734863,8.050000190734863,7.621591567993164,60
2005-02-10,7.75,8.0,7.599999904632568,7.949999809265137,7.526913642883301,4180
2005-02-11,7.949999809265137,7.949999809265137,7.949999809265137,7.949999809265137,7.526913642883301,0
2005-02-14,7.25,8.0,7.25,7.650000095367432,7.2428789138793945,1400
2005-02-15,7.75,8.25,7.699999809265137,8.149999618530273,7.716269493103027,1680
2005-02-16,8.25,8.25,8.0,8.0,7.574252605438232,2820
2005-02-17,7.800000190734863,8.25,7.800000190734863,7.949999809265137,7.526913642883301,3560
2005-02-18,8.25,8.25,8.149999618530273,8.25,7.810947895050049,1380
2005-02-22,7.949999809265137,7.949999809265137,7.699999809265137,7.949999809265137,7.526913642883301,500
2005-02-23,8.0,8.0,7.150000095367432,7.849999904632568,7.432234764099121,6260
2005-02-24,7.550000190734863,8.25,7.550000190734863,8.050000190734863,7.621591567993164,3380
2005-02-25,8.0,8.0,8.0,8.0,7.574252605438232,200
2005-02-28,7.75,7.75,7.5,7.5,7.100861549377441,1160
2005-03-01,8.350000381469727,8.399999618530273,7.5,7.5,7.100861549377441,620
2005-03-02,7.5,7.550000190734863,7.5,7.550000190734863,7.148200988769531,200
2005-03-03,7.900000095367432,7.949999809265137,7.550000190734863,7.550000190734863,7.148200988769531,1220
2005-03-04,7.800000190734863,8.399999618530273,7.800000190734863,8.050000190734863,7.621591567993164,1920
2005-03-07,7.849999904632568,9.399999618530273,7.849999904632568,9.149999618530273,8.663050651550293,8660
2005-03-08,9.25,9.300000190734863,8.75,9.050000190734863,8.568373680114746,1800
2005-03-09,9.0,9.100000381469727,8.699999809265137,9.100000381469727,8.615713119506836,5940
2005-03-10,9.100000381469727,9.399999618530273,8.899999618530273,9.399999618530273,8.89974594116211,10520
2005-03-11,9.350000381469727,9.550000190734863,8.5,9.5,8.994424819946289,3540
2005-03-14,9.449999809265137,10.0,9.199999809265137,9.699999809265137,9.183781623840332,26700
2005-03-15,9.699999809265137,9.699999809265137,9.149999618530273,9.149999618530273,8.663050651550293,2180
2005-03-16,9.399999618530273,9.399999618530273,8.550000190734863,9.25,8.757729530334473,1820
2005-03-17,9.5,9.5,8.850000381469727,9.25,8.757729530334473,3440
2005-03-18,9.25,9.25,8.5,8.5,8.047643661499023,3740
2005-03-21,8.25,9.75,8.100000381469727,9.600000381469727,9.089102745056152,16780
2005-03-22,11.350000381469727,18.950000762939453,10.800000190734863,18.75,17.752153396606445,986660
2005-03-23,20.950000762939453,28.75,20.399999618530273,22.25,21.065889358520508,2118780
2005-03-24,21.75,22.700000762939453,19.049999237060547,20.350000381469727,19.267004013061523,480340
2005-03-28,21.0,32.0,20.549999237060547,26.75,25.326406478881836,2400200
2005-03-29,27.399999618530273,29.0,23.100000381469727,23.450000762939453,22.202028274536133,969620
2005-03-30,24.299999237060547,26.200000762939453,21.799999237060547,23.299999237060547,22.060009002685547,503280
2005-03-31,22.700000762939453,23.899999618530273,20.75,21.600000381469727,20.450481414794922,311720
2005-04-01,20.75,22.5,19.299999237060547,19.350000381469727,18.32022476196289,367280
2005-04-04,19.350000381469727,21.0,18.100000381469727,19.5,18.46224021911621,255920
2005-04-05,19.25,22.399999618530273,19.149999618530273,20.200000762939453,19.124988555908203,547200
2005-04-06,20.950000762939453,22.200000762939453,19.049999237060547,20.25,19.172327041625977,317820
2005-04-07,21.200000762939453,21.600000381469727,17.700000762939453,18.100000381469727,17.136747360229492,259440
2005-04-08,17.950000762939453,18.350000381469727,15.850000381469727,16.149999618530273,15.290521621704102,241700
2005-04-11,16.200000762939453,17.25,14.649999618530273,15.25,14.438419342041016,278200
2005-04-12,15.350000381469727,15.600000381469727,13.949999809265137,14.600000381469727,13.82301139831543,221280
2005-04-13,14.600000381469727,17.200000762939453,14.0,15.100000381469727,14.296401977539062,490740
2005-04-14,14.949999809265137,15.5,13.5,13.699999809265137,12.970907211303711,146500
2005-04-15,13.699999809265137,13.75,12.600000381469727,12.649999618530273,11.976785659790039,134620
2005-04-18,12.5,13.399999618530273,12.449999809265137,12.75,12.071464538574219,67520
2005-04-19,12.850000381469727,15.75,12.850000381469727,14.75,13.965027809143066,330640
2005-04-20,15.75,15.75,12.649999618530273,13.0,12.308160781860352,176780
2005-04-21,13.449999809265137,14.550000190734863,12.550000190734863,13.800000190734863,13.06558609008789,149140
2005-04-22,13.800000190734863,13.850000381469727,13.0,13.25,12.544855117797852,53900
2005-04-25,13.149999618530273,14.949999809265137,13.100000381469727,14.25,13.491637229919434,110020
2005-04-26,14.350000381469727,15.0,13.699999809265137,14.100000381469727,13.34961986541748,57360
2005-04-27,14.5,14.5,13.050000190734863,13.399999618530273,12.686872482299805,52020
2005-04-28,13.350000381469727,13.899999618530273,11.550000190734863,11.850000381469727,11.219361305236816,113980
2005-04-29,12.0,12.350000381469727,10.600000381469727,11.449999809265137,10.840648651123047,135380
2005-05-02,11.600000381469727,11.649999618530273,10.649999618530273,10.75,10.177902221679688,70520
2005-05-03,10.899999618530273,12.649999618530273,10.5,11.350000381469727,10.7459716796875,198700
2005-05-04,11.449999809265137,11.600000381469727,10.800000190734863,11.100000381469727,10.509275436401367,71900
2005-05-05,11.25,11.850000381469727,10.800000190734863,11.0,10.414596557617188,54280
2005-05-06,11.050000190734863,12.0,10.899999618530273,11.350000381469727,10.7459716796875,88300
2005-05-09,12.199999809265137,13.649999618530273,11.25,13.050000190734863,12.355499267578125,204680
2005-05-10,13.050000190734863,14.850000381469727,12.600000381469727,12.649999618530273,11.976785659790039,238040
2005-05-11,12.550000190734863,13.600000381469727,12.25,13.350000381469727,12.639533996582031,71360
2005-05-12,13.699999809265137,14.25,12.550000190734863,13.050000190734863,12.355499267578125,64920
2005-05-13,13.449999809265137,14.649999618530273,12.800000190734863,13.649999618530273,12.923567771911621,131880
2005-05-16,14.100000381469727,15.550000190734863,13.100000381469727,15.25,14.438419342041016,148420
2005-05-17,16.0,16.899999618530273,14.550000190734863,15.600000381469727,14.769792556762695,313020
2005-05-18,15.899999618530273,16.0,15.0,15.100000381469727,14.296401977539062,67520
2005-05-19,15.100000381469727,15.5,13.5,14.050000190734863,13.30228042602539,97020
2005-05-20,14.350000381469727,14.699999809265137,13.350000381469727,14.300000190734863,13.538976669311523,69980
2005-05-23,14.25,15.350000381469727,13.75,14.649999618530273,13.870349884033203,98360
2005-05-24,11.050000190734863,11.899999618530273,10.75,11.149999618530273,10.55661392211914,298780
2005-05-25,11.050000190734863,11.199999809265137,10.5,10.600000381469727,10.035884857177734,85580
2005-05-26,10.550000190734863,10.75,9.649999618530273,9.75,9.231120109558105,104380
2005-05-27,10.25,10.25,9.5,9.699999809265137,9.183781623840332,51140
2005-05-31,9.699999809265137,10.649999618530273,9.699999809265137,10.199999809265137,9.657171249389648,61820
2005-06-01,10.100000381469727,10.300000190734863,8.899999618530273,9.350000381469727,8.852407455444336,81500
2005-06-02,9.649999618530273,9.649999618530273,9.149999618530273,9.25,8.757729530334473,39780
2005-06-03,9.149999618530273,9.25,8.800000190734863,8.949999809265137,8.473694801330566,35800
2005-06-06,9.100000381469727,9.100000381469727,8.350000381469727,8.800000190734863,8.331677436828613,41780
2005-06-07,8.100000381469727,8.949999809265137,8.100000381469727,8.449999809265137,8.000304222106934,40280
2005-06-08,8.350000381469727,9.75,8.350000381469727,9.399999618530273,8.89974594116211,83780
2005-06-09,9.399999618530273,9.399999618530273,8.899999618530273,9.050000190734863,8.568373680114746,22080
2005-06-10,8.949999809265137,9.100000381469727,8.649999618530273,8.949999809265137,8.473694801330566,29020
2005-06-13,8.899999618530273,9.600000381469727,8.600000381469727,9.149999618530273,8.663050651550293,56920
2005-06-14,9.199999809265137,9.399999618530273,8.75,9.100000381469727,8.615713119506836,14380
2005-06-15,9.149999618530273,9.149999618530273,8.550000190734863,8.850000381469727,8.379016876220703,21500
2005-06-16,8.850000381469727,9.149999618530273,8.649999618530273,8.850000381469727,8.379016876220703,15860
2005-06-17,8.899999618530273,9.399999618530273,8.800000190734863,9.050000190734863,8.568373680114746,35960
2005-06-20,8.949999809265137,9.050000190734863,8.75,8.75,8.284337997436523,15800
2005-06-21,8.800000190734863,10.25,8.350000381469727,9.649999618530273,9.136441230773926,198380
2005-06-22,9.699999809265137,9.699999809265137,9.25,9.5,8.994424819946289,30860
2005-06-23,9.550000190734863,9.899999618530273,8.850000381469727,9.050000190734863,8.568373680114746,34820
2005-06-24,8.75,9.050000190734863,8.550000190734863,8.600000381469727,8.142321586608887,21860
2005-06-27,8.649999618530273,8.899999618530273,8.550000190734863,8.800000190734863,8.331677436828613,23500
2005-06-28,8.699999809265137,9.25,8.699999809265137,8.800000190734863,8.331677436828613,25960
2005-06-29,8.649999618530273,9.399999618530273,8.449999809265137,8.75,8.284337997436523,63040
2005-06-30,8.850000381469727,9.0,8.600000381469727,9.0,8.521034240722656,20640
2005-07-01,8.949999809265137,8.949999809265137,8.399999618530273,8.75,8.284337997436523,24720
2005-07-05,8.75,9.149999618530273,8.600000381469727,9.050000190734863,8.568373680114746,35980
2005-07-06,9.0,9.5,8.800000190734863,8.800000190734863,8.331677436828613,13020
2005-07-07,8.899999618530273,9.25,8.850000381469727,9.199999809265137,8.710390090942383,18500
2005-07-08,9.199999809265137,9.199999809265137,8.949999809265137,9.050000190734863,8.568373680114746,7320
2005-07-11,8.850000381469727,9.050000190734863,8.850000381469727,8.850000381469727,8.379016876220703,6260
2005-07-12,8.949999809265137,9.949999809265137,8.949999809265137,9.25,8.757729530334473,63680
2005-07-13,9.5,10.199999809265137,9.199999809265137,10.100000381469727,9.562494277954102,74700
2005-07-14,10.600000381469727,14.100000381469727,10.399999618530273,14.100000381469727,13.34961986541748,431380
2005-07-15,13.75,14.0,11.300000190734863,11.600000381469727,10.982666015625,199660
2005-07-18,11.600000381469727,12.25,11.350000381469727,11.800000190734863,11.172021865844727,52500
2005-07-19,11.800000190734863,11.949999809265137,10.800000190734863,11.050000190734863,10.461935997009277,65180
2005-07-20,11.100000381469727,13.550000190734863,11.0,12.649999618530273,11.976785659790039,200100
2005-07-21,12.850000381469727,12.850000381469727,11.600000381469727,11.949999809265137,11.31403923034668,44300
2005-07-22,11.899999618530273,13.100000381469727,11.649999618530273,12.25,11.598073959350586,53140
2005-07-25,12.5,13.899999618530273,12.5,13.600000381469727,12.876230239868164,86100
2005-07-26,13.800000190734863,16.200000762939453,12.800000190734863,15.300000190734863,14.485757827758789,308960
2005-07-27,15.350000381469727,16.850000381469727,13.800000190734863,14.050000190734863,13.30228042602539,208740
2005-07-28,14.5,14.75,14.050000190734863,14.149999618530273,13.396958351135254,49620
2005-07-29,14.350000381469727,14.5,13.149999618530273,13.649999618530273,12.923567771911621,68780
2005-08-01,13.75,14.600000381469727,13.75,14.050000190734863,13.30228042602539,37200
2005-08-02,14.5,15.600000381469727,13.800000190734863,14.300000190734863,13.538976669311523,50700
2005-08-03,15.0,15.850000381469727,14.649999618530273,15.149999618530273,14.343740463256836,68500
2005-08-04,15.300000190734863,16.450000762939453,14.899999618530273,15.600000381469727,14.769792556762695,64620
2005-08-05,15.600000381469727,15.600000381469727,14.5,15.149999618530273,14.343740463256836,30420
2005-08-08,15.75,17.75,15.149999618530273,16.399999618530273,15.527216911315918,145840
2005-08-09,16.399999618530273,18.200000762939453,16.399999618530273,17.5,16.568675994873047,75700
2005-08-10,18.0,19.799999237060547,18.0,19.5,18.46224021911621,135660
2005-08-11,20.0,20.0,17.75,19.100000381469727,18.083526611328125,108520
2005-08-12,22.149999618530273,22.149999618530273,16.049999237060547,17.100000381469727,16.189964294433594,258000
2005-08-15,19.149999618530273,19.5,17.5,18.450000762939453,17.468120574951172,188340
2005-08-16,17.200000762939453,18.299999237060547,16.549999237060547,16.549999237060547,15.669233322143555,54440
2005-08-17,17.0,17.899999618530273,16.549999237060547,16.850000381469727,15.953269958496094,51800
2005-08-18,16.649999618530273,17.049999237060547,15.850000381469727,15.949999809265137,15.101165771484375,53600
2005-08-19,16.5,16.700000762939453,15.850000381469727,16.450000762939453,15.574557304382324,13780
2005-08-22,16.649999618530273,17.5,16.049999237060547,17.450000762939453,16.521337509155273,23260
2005-08-23,17.5,17.799999237060547,16.649999618530273,16.75,15.858591079711914,16580
2005-08-24,16.649999618530273,16.850000381469727,16.0,16.0,15.148505210876465,13080
2005-08-25,16.049999237060547,16.200000762939453,15.25,15.350000381469727,14.533097267150879,24820
2005-08-26,15.350000381469727,15.75,15.100000381469727,15.399999618530273,14.580435752868652,11180
2005-08-29,15.100000381469727,16.899999618530273,15.050000190734863,16.350000381469727,15.479878425598145,19980
2005-08-30,16.299999237060547,16.700000762939453,15.850000381469727,16.299999237060547,15.432538986206055,6860
2005-08-31,16.25,16.75,16.25,16.5,15.621895790100098,5500
2005-09-01,16.25,17.200000762939453,16.25,17.0,16.095287322998047,19300
2005-09-02,16.899999618530273,16.899999618530273,16.549999237060547,16.549999237060547,15.669233322143555,7360
2005-09-06,17.0,17.0,16.350000381469727,17.0,16.095287322998047,11300
2005-09-07,17.25,18.350000381469727,17.149999618530273,17.950000762939453,16.99472999572754,40880
2005-09-08,18.25,18.899999618530273,17.950000762939453,18.850000381469727,17.846832275390625,35080
2005-09-09,19.0,19.0,18.5,18.75,17.752153396606445,12080
2005-09-12,19.549999237060547,19.799999237060547,18.75,19.75,18.698936462402344,30100
2005-09-13,20.0,20.0,19.399999618530273,19.600000381469727,18.55691909790039,31160
2005-09-14,19.75,19.950000762939453,19.25,19.399999618530273,18.367563247680664,20300
2005-09-15,19.5,19.5,18.299999237060547,18.649999618530273,17.6574764251709,15740
2005-09-16,19.049999237060547,19.450000762939453,18.549999237060547,19.450000762939453,18.41490364074707,14700
2005-09-19,19.399999618530273,20.25,19.0,19.149999618530273,18.1308650970459,14960
2005-09-20,19.0,19.149999618530273,18.5,18.850000381469727,17.846832275390625,17300
2005-09-21,18.75,18.799999237060547,18.149999618530273,18.5,17.515459060668945,18120
2005-09-22,19.100000381469727,19.100000381469727,18.0,19.100000381469727,18.083526611328125,12140
2005-09-23,19.100000381469727,19.100000381469727,18.700000762939453,18.799999237060547,17.79949188232422,5860
2005-09-26,19.25,19.75,18.649999618530273,19.0,17.988849639892578,13140
2005-09-27,19.0,19.600000381469727,19.0,19.299999237060547,18.27288246154785,8660
2005-09-28,19.5,21.450000762939453,19.5,20.850000381469727,19.740394592285156,61820
2005-09-29,21.200000762939453,21.200000762939453,19.75,20.200000762939453,19.124988555908203,31800
2005-09-30,19.649999618530273,20.549999237060547,19.649999618530273,20.549999237060547,19.45635986328125,4440
2005-10-03,20.0,20.700000762939453,19.799999237060547,20.049999237060547,18.982969284057617,20060
2005-10-04,19.350000381469727,20.350000381469727,19.350000381469727,20.100000381469727,19.030309677124023,3120
2005-10-05,20.149999618530273,20.549999237060547,19.950000762939453,20.100000381469727,19.030309677124023,9640
2005-10-06,21.549999237060547,23.75,20.25,20.950000762939453,19.83507537841797,65740
2005-10-07,21.100000381469727,21.100000381469727,20.200000762939453,20.5,19.409021377563477,15920
2005-10-10,22.0,22.0,20.0,21.0,19.882413864135742,17120
2005-10-11,21.899999618530273,21.899999618530273,20.899999618530273,21.049999237060547,19.929752349853516,11880
2005-10-12,20.899999618530273,21.25,20.350000381469727,20.450000762939453,19.361682891845703,5860
2005-10-13,20.350000381469727,20.649999618530273,19.799999237060547,20.399999618530273,19.314342498779297,11800
2005-10-14,20.25,20.25,19.100000381469727,19.600000381469727,18.55691909790039,17640
2005-10-17,20.0,20.350000381469727,19.399999618530273,20.350000381469727,19.267004013061523,10700
2005-10-18,19.899999618530273,20.25,19.75,19.950000762939453,18.88829231262207,3960
2005-10-19,19.450000762939453,20.25,19.450000762939453,20.149999618530273,19.077648162841797,9720
2005-10-20,20.25,20.350000381469727,20.200000762939453,20.299999237060547,19.21966552734375,4360
2005-10-21,20.25,20.75,20.25,20.299999237060547,19.21966552734375,13440
2005-10-24,20.299999237060547,20.75,20.299999237060547,20.5,19.409021377563477,16760
2005-10-25,20.450000762939453,21.450000762939453,20.450000762939453,21.200000762939453,20.07176971435547,12100
2005-10-26,21.850000381469727,21.850000381469727,20.899999618530273,20.950000762939453,19.83507537841797,8280
2005-10-27,21.25,21.25,20.600000381469727,21.149999618530273,20.024429321289062,3960
2005-10-28,21.149999618530273,21.75,20.75,21.75,20.592498779296875,4220
2005-10-31,21.899999618530273,22.25,21.649999618530273,21.899999618530273,20.734516143798828,21840
2005-11-01,22.25,22.450000762939453,21.649999618530273,22.049999237060547,20.87653160095215,11440
2005-11-02,22.0,22.149999618530273,21.549999237060547,21.649999618530273,20.497819900512695,13880
2005-11-03,21.649999618530273,22.0,21.600000381469727,21.799999237060547,20.63983726501465,9060
2005-11-04,21.950000762939453,22.450000762939453,21.899999618530273,22.350000381469727,21.160568237304688,15140
2005-11-07,22.5,22.5,22.0,22.399999618530273,21.20790672302246,17980
2005-11-08,22.5,22.5,21.25,21.399999618530273,20.261125564575195,14240
2005-11-09,21.75,22.100000381469727,20.5,21.25,20.119108200073242,24040
2005-11-10,20.75,21.0,20.5,20.5,19.409021377563477,5460
2005-11-11,20.5,20.75,18.549999237060547,19.200000762939453,18.178205490112305,28720
2005-11-14,19.600000381469727,21.200000762939453,19.5,20.299999237060547,19.21966552734375,14480
2005-11-15,20.75,21.049999237060547,20.149999618530273,20.799999237060547,19.69305419921875,5400
2005-11-16,20.950000762939453,21.200000762939453,20.149999618530273,21.049999237060547,19.929752349853516,6840
2005-11-17,20.850000381469727,21.200000762939453,20.600000381469727,21.100000381469727,19.977092742919922,4900
2005-11-18,21.149999618530273,21.350000381469727,21.100000381469727,21.350000381469727,20.213787078857422,4920
2005-11-21,21.100000381469727,21.25,19.649999618530273,20.149999618530273,19.077648162841797,27380
2005-11-22,20.399999618530273,21.850000381469727,19.850000381469727,21.850000381469727,20.687177658081055,33500
2005-11-23,21.399999618530273,21.399999618530273,20.100000381469727,20.350000381469727,19.267004013061523,20220
2005-11-25,20.149999618530273,20.5,20.100000381469727,20.299999237060547,19.21966552734375,1340
2005-11-28,20.049999237060547,20.25,19.5,19.549999237060547,18.509578704833984,10880
2005-11-29,19.25,19.75,19.25,19.350000381469727,18.32022476196289,3780
2005-11-30,19.5,19.5,19.25,19.350000381469727,18.32022476196289,4180
2005-12-01,18.450000762939453,20.200000762939453,18.450000762939453,20.149999618530273,19.077648162841797,10660
2005-12-02,20.25,20.25,20.0,20.149999618530273,19.077648162841797,2100
2005-12-05,20.049999237060547,20.200000762939453,19.5,19.649999618530273,18.604257583618164,10580
2005-12-06,20.0,20.0,18.600000381469727,19.200000762939453,18.178205490112305,18380
2005-12-07,19.5,19.5,18.700000762939453,18.899999618530273,17.8941707611084,8740
2005-12-08,18.049999237060547,19.100000381469727,18.049999237060547,18.649999618530273,17.6574764251709,9960
2005-12-09,19.0,19.700000762939453,19.0,19.399999618530273,18.367563247680664,5200
2005-12-12,19.25,20.100000381469727,19.25,19.850000381469727,18.793615341186523,8760
2005-12-13,19.75,21.75,19.75,21.700000762939453,20.5451602935791,31580
2005-12-14,21.0,21.700000762939453,20.600000381469727,20.899999618530273,19.787734985351562,12800
2005-12-15,21.25,22.200000762939453,20.600000381469727,21.350000381469727,20.213787078857422,15040
2005-12-16,21.899999618530273,21.899999618530273,20.5,20.950000762939453,19.83507537841797,4820
2005-12-19,21.899999618530273,22.399999618530273,21.5,21.5,20.355804443359375,14220
2005-12-20,21.649999618530273,22.450000762939453,21.649999618530273,22.299999237060547,21.11322784423828,13360
2005-12-21,22.25,22.25,21.75,21.899999618530273,20.734516143798828,7100
2005-12-22,22.25,22.25,21.200000762939453,21.600000381469727,20.450481414794922,7700
2005-12-23,21.75,22.0,21.399999618530273,22.0,20.829193115234375,2940
2005-12-27,21.350000381469727,21.899999618530273,21.0,21.5,20.355804443359375,4000
2005-12-28,21.5,21.899999618530273,21.100000381469727,21.100000381469727,19.977092742919922,1580
2005-12-29,21.600000381469727,22.100000381469727,21.0,21.75,20.592498779296875,9140
2005-12-30,22.0,22.0,21.450000762939453,21.5,20.355804443359375,2860
2006-01-03,22.5,23.5,21.850000381469727,23.350000381469727,22.107349395751953,31560
2006-01-04,23.5,25.450000762939453,23.350000381469727,24.399999618530273,23.101470947265625,66980
2006-01-05,24.299999237060547,25.200000762939453,23.350000381469727,24.75,23.432844161987305,31160
2006-01-06,24.950000762939453,26.25,24.5,25.25,23.906232833862305,28180
2006-01-09,25.5,26.75,25.299999237060547,25.950000762939453,24.56898307800293,40260
2006-01-10,25.549999237060547,25.950000762939453,25.350000381469727,25.5,24.142929077148438,16200
2006-01-11,25.299999237060547,25.5,24.5,25.299999237060547,23.953571319580078,18340
2006-01-12,25.0,25.75,24.799999237060547,24.950000762939453,23.62220001220703,19180
2006-01-13,25.299999237060547,25.299999237060547,24.600000381469727,24.75,23.432844161987305,7140
2006-01-17,24.75,25.0,24.5,24.75,23.432844161987305,7180
2006-01-18,24.549999237060547,24.549999237060547,22.549999237060547,24.049999237060547,22.770095825195312,20180
2006-01-19,24.75,25.200000762939453,24.049999237060547,24.549999237060547,23.243486404418945,11200
2006-01-20,25.149999618530273,25.450000762939453,24.649999618530273,24.75,23.432844161987305,10040
2006-01-23,25.299999237060547,25.5,23.649999618530273,25.200000762939453,23.858896255493164,14480
2006-01-24,25.100000381469727,25.75,24.549999237060547,25.299999237060547,23.953571319580078,10800
2006-01-25,25.450000762939453,25.649999618530273,24.75,25.100000381469727,23.764217376708984,14320
2006-01-26,25.0,25.0,24.5,24.950000762939453,23.62220001220703,10940
2006-01-27,25.149999618530273,25.149999618530273,24.700000762939453,24.899999618530273,23.574859619140625,4140
2006-01-30,25.0,25.299999237060547,24.850000381469727,24.850000381469727,23.52752113342285,11700
2006-01-31,25.0,25.0,24.049999237060547,24.950000762939453,23.62220001220703,11240
2006-02-01,25.0,25.0,24.25,24.5,23.196147918701172,4200
2006-02-02,24.5,24.75,24.25,24.350000381469727,23.05413246154785,7200
2006-02-03,24.049999237060547,24.399999618530273,24.0,24.299999237060547,23.006792068481445,1400
2006-02-06,24.5,24.75,23.799999237060547,23.850000381469727,22.580739974975586,5960
2006-02-07,23.75,23.850000381469727,23.299999237060547,23.799999237060547,22.53339958190918,10500
2006-02-08,23.350000381469727,23.850000381469727,23.0,23.600000381469727,22.344043731689453,11700
2006-02-09,23.649999618530273,24.25,23.5,23.5,22.249366760253906,4020
2006-02-10,23.850000381469727,23.850000381469727,23.25,23.299999237060547,22.060009002685547,1000
2006-02-13,23.0,24.5,21.600000381469727,22.350000381469727,21.160568237304688,25540
2006-02-14,22.25,23.549999237060547,21.649999618530273,21.950000762939453,20.7818546295166,11300
2006-02-15,21.5,22.450000762939453,21.5,22.450000762939453,21.255247116088867,6480
2006-02-16,22.5,23.450000762939453,22.5,23.100000381469727,21.870655059814453,8540
2006-02-17,23.399999618530273,23.700000762939453,23.149999618530273,23.25,22.012670516967773,4320
2006-02-21,23.200000762939453,23.5,22.5,22.5,21.30258560180664,3840
2006-02-22,22.5,23.149999618530273,21.799999237060547,22.600000381469727,21.39726448059082,6860
2006-02-23,23.100000381469727,23.200000762939453,22.75,23.100000381469727,21.870655059814453,8120
2006-02-24,23.299999237060547,23.299999237060547,22.75,22.799999237060547,21.586618423461914,7140
2006-02-27,22.700000762939453,23.350000381469727,21.899999618530273,22.600000381469727,21.39726448059082,4600
2006-02-28,22.350000381469727,22.549999237060547,22.149999618530273,22.5,21.30258560180664,1740
2006-03-01,22.350000381469727,22.600000381469727,22.350000381469727,22.549999237060547,21.349924087524414,1740
2006-03-02,23.0,23.0,22.100000381469727,22.5,21.30258560180664,5260
2006-03-03,22.5,23.049999237060547,22.5,22.950000762939453,21.7286376953125,1020
2006-03-06,23.100000381469727,23.100000381469727,22.25,22.399999618530273,21.20790672302246,2720
2006-03-07,21.899999618530273,22.450000762939453,21.600000381469727,22.450000762939453,21.255247116088867,4920
2006-03-08,22.25,22.549999237060547,21.600000381469727,21.799999237060547,20.63983726501465,2620
2006-03-09,22.149999618530273,22.149999618530273,21.5,22.0,20.829193115234375,2380
2006-03-10,21.799999237060547,22.25,21.5,22.25,21.065889358520508,3720
2006-03-13,22.25,22.399999618530273,21.799999237060547,21.950000762939453,20.7818546295166,5000
2006-03-14,22.100000381469727,22.299999237060547,21.850000381469727,21.850000381469727,20.687177658081055,7280
2006-03-15,22.0,23.0,21.850000381469727,22.899999618530273,21.681297302246094,17180
2006-03-16,24.850000381469727,24.850000381469727,21.299999237060547,21.450000762939453,20.3084659576416,44480
2006-03-17,21.450000762939453,21.950000762939453,20.549999237060547,20.75,19.645715713500977,8980
2006-03-20,20.5,21.399999618530273,19.100000381469727,20.600000381469727,19.503700256347656,29020
2006-03-21,19.75,20.75,19.5,19.75,18.698936462402344,4800
2006-03-22,18.950000762939453,20.100000381469727,18.950000762939453,20.049999237060547,18.982969284057617,16900
2006-03-23,20.049999237060547,20.25,19.799999237060547,20.25,19.172327041625977,5980
2006-03-24,20.049999237060547,20.600000381469727,19.850000381469727,20.600000381469727,19.503700256347656,3260
2006-03-27,20.850000381469727,21.75,20.75,21.75,20.592498779296875,13080
2006-03-28,21.600000381469727,22.0,21.0,21.0,19.882413864135742,980
2006-03-29,21.25,22.0,20.5,22.0,20.829193115234375,11580
2006-03-30,22.0,22.149999618530273,21.149999618530273,21.5,20.355804443359375,4820
2006-03-31,21.100000381469727,21.75,20.700000762939453,21.75,20.592498779296875,15220
2006-04-03,21.700000762939453,21.700000762939453,20.5,20.75,19.645715713500977,7520
2006-04-04,20.5,21.25,20.5,20.950000762939453,19.83507537841797,2500
2006-04-05,20.5,21.5,19.850000381469727,21.149999618530273,20.024429321289062,3400
2006-04-06,21.100000381469727,21.799999237060547,19.899999618530273,21.5,20.355804443359375,9720
2006-04-07,20.5,21.299999237060547,20.5,21.149999618530273,20.024429321289062,2760
2006-04-10,21.450000762939453,21.649999618530273,20.5,21.200000762939453,20.07176971435547,7200
2006-04-11,21.25,21.25,20.549999237060547,21.200000762939453,20.07176971435547,1280
2006-04-12,21.0,21.200000762939453,20.600000381469727,21.0,19.882413864135742,1460
2006-04-13,20.899999618530273,20.899999618530273,20.5,20.799999237060547,19.69305419921875,1460
2006-04-17,21.149999618530273,21.149999618530273,20.25,20.850000381469727,19.740394592285156,3640
2006-04-18,20.450000762939453,21.200000762939453,20.299999237060547,20.75,19.645715713500977,4140
2006-04-19,20.200000762939453,21.0,18.5,20.5,19.409021377563477,7640
2006-04-20,20.5,20.5,19.700000762939453,20.450000762939453,19.361682891845703,6520
2006-04-21,20.25,20.350000381469727,20.149999618530273,20.25,19.172327041625977,1680
2006-04-24,20.5,20.5,20.0,20.299999237060547,19.21966552734375,4620
2006-04-25,21.600000381469727,23.799999237060547,21.600000381469727,21.700000762939453,20.5451602935791,49840
2006-04-26,21.700000762939453,22.350000381469727,21.100000381469727,21.149999618530273,20.024429321289062,13200
2006-04-27,22.0,22.0,20.899999618530273,21.600000381469727,20.450481414794922,5080
2006-04-28,21.799999237060547,22.100000381469727,21.549999237060547,21.75,20.592498779296875,1680
2006-05-01,22.100000381469727,22.149999618530273,21.799999237060547,21.850000381469727,20.687177658081055,5520
2006-05-02,21.799999237060547,21.799999237060547,21.5,21.5,20.355804443359375,2360
2006-05-03,21.950000762939453,21.950000762939453,21.0,21.899999618530273,20.734516143798828,3440
2006-05-04,22.0,22.450000762939453,22.0,22.450000762939453,21.255247116088867,2540
2006-05-05,22.5,22.950000762939453,21.850000381469727,22.899999618530273,21.681297302246094,3400
2006-05-08,22.899999618530273,22.950000762939453,21.5,22.0,20.829193115234375,8440
2006-05-09,21.600000381469727,22.75,21.600000381469727,22.700000762939453,21.491943359375,6800
2006-05-10,22.950000762939453,23.0,22.149999618530273,22.299999237060547,21.11322784423828,2700
2006-05-11,22.350000381469727,22.350000381469727,21.5,21.5,20.355804443359375,5100
2006-05-12,21.799999237060547,21.799999237060547,21.049999237060547,21.049999237060547,19.929752349853516,4000
2006-05-15,21.049999237060547,21.100000381469727,20.549999237060547,20.549999237060547,19.45635986328125,4180
2006-05-16,20.5,21.850000381469727,20.299999237060547,21.450000762939453,20.3084659576416,5700
2006-05-17,21.5,21.5,20.850000381469727,21.100000381469727,19.977092742919922,2800
2006-05-18,21.0,21.0,19.399999618530273,20.950000762939453,19.83507537841797,6280
2006-05-19,20.299999237060547,20.5,20.299999237060547,20.350000381469727,19.267004013061523,3360
2006-05-22,19.899999618530273,20.25,19.799999237060547,20.149999618530273,19.077648162841797,4240
2006-05-23,19.850000381469727,21.100000381469727,19.850000381469727,20.799999237060547,19.69305419921875,2300
2006-05-24,20.75,20.75,20.0,20.200000762939453,19.124988555908203,4120
2006-05-25,20.350000381469727,21.0,19.899999618530273,20.850000381469727,19.740394592285156,4160
2006-05-26,21.25,21.25,20.75,20.75,19.645715713500977,3240
2006-05-30,20.5,20.5,20.0,20.200000762939453,19.124988555908203,3380
2006-05-31,19.899999618530273,21.5,19.799999237060547,21.350000381469727,20.213787078857422,18520
2006-06-01,21.149999618530273,22.149999618530273,21.149999618530273,21.549999237060547,20.403141021728516,1620
2006-06-02,21.5,21.549999237060547,21.0,21.5,20.355804443359375,2320
2006-06-05,21.5,21.5,20.850000381469727,21.0,19.882413864135742,4780
2006-06-06,23.75,25.25,22.100000381469727,22.600000381469727,21.39726448059082,398780
2006-06-07,22.600000381469727,22.75,21.25,21.450000762939453,20.3084659576416,54940
2006-06-08,22.0,22.0,20.0,21.0,19.882413864135742,39400
2006-06-09,22.049999237060547,22.049999237060547,20.200000762939453,20.200000762939453,19.124988555908203,14200
2006-06-12,20.450000762939453,20.850000381469727,20.0,20.0,18.935630798339844,23780
2006-06-13,19.850000381469727,20.350000381469727,18.700000762939453,18.799999237060547,17.79949188232422,24940
2006-06-14,19.950000762939453,20.100000381469727,18.950000762939453,19.5,18.46224021911621,9900
2006-06-15,20.350000381469727,20.5,19.649999618530273,19.649999618530273,18.604257583618164,13880
2006-06-16,19.75,20.100000381469727,19.700000762939453,20.100000381469727,19.030309677124023,3020
2006-06-19,20.0,20.0,19.200000762939453,19.5,18.46224021911621,3580
2006-06-20,19.799999237060547,19.799999237060547,19.0,19.299999237060547,18.27288246154785,8580
2006-06-21,19.200000762939453,19.850000381469727,19.200000762939453,19.350000381469727,18.32022476196289,4140
2006-06-22,19.399999618530273,19.799999237060547,19.100000381469727,19.549999237060547,18.509578704833984,4280
2006-06-23,20.0,20.0,19.149999618530273,19.649999618530273,18.604257583618164,3460
2006-06-26,19.600000381469727,19.950000762939453,19.549999237060547,19.850000381469727,18.793615341186523,1540
2006-06-27,19.5,19.5,19.049999237060547,19.049999237060547,18.03618812561035,4260
2006-06-28,19.25,19.25,18.850000381469727,19.200000762939453,18.178205490112305,7080
2006-06-29,18.899999618530273,19.450000762939453,18.75,18.799999237060547,17.79949188232422,5060
2006-06-30,19.049999237060547,19.399999618530273,18.899999618530273,19.399999618530273,18.367563247680664,2420
2006-07-03,19.5,19.5,19.200000762939453,19.200000762939453,18.178205490112305,280
2006-07-05,20.350000381469727,20.399999618530273,19.700000762939453,20.0,18.935630798339844,8280
2006-07-06,19.600000381469727,20.350000381469727,19.600000381469727,20.100000381469727,19.030309677124023,5320
2006-07-07,20.549999237060547,20.549999237060547,19.899999618530273,20.049999237060547,18.982969284057617,3240
2006-07-10,21.0,21.100000381469727,19.049999237060547,19.649999618530273,18.604257583618164,12480
2006-07-11,19.549999237060547,19.549999237060547,19.149999618530273,19.299999237060547,18.27288246154785,4340
2006-07-12,19.049999237060547,19.549999237060547,19.049999237060547,19.149999618530273,18.1308650970459,1660
2006-07-13,19.0,19.049999237060547,18.049999237060547,18.049999237060547,17.089406967163086,15960
2006-07-14,17.899999618530273,17.899999618530273,16.25,17.149999618530273,16.237302780151367,7260
2006-07-17,17.25,18.149999618530273,17.25,18.0,17.042068481445312,2920
2006-07-18,18.100000381469727,18.649999618530273,17.200000762939453,17.399999618530273,16.4739990234375,6040
2006-07-19,17.399999618530273,18.049999237060547,17.350000381469727,18.0,17.042068481445312,2400
2006-07-20,17.5,18.649999618530273,17.5,18.5,17.515459060668945,540
2006-07-21,17.549999237060547,18.350000381469727,17.549999237060547,17.75,16.80537223815918,1220
2006-07-24,17.75,18.25,17.75,18.200000762939453,17.231426239013672,3200
2006-07-25,17.600000381469727,18.649999618530273,17.5,18.600000381469727,17.610137939453125,6700
2006-07-26,18.25,18.899999618530273,18.25,18.799999237060547,17.79949188232422,3080
2006-07-27,18.850000381469727,18.850000381469727,18.5,18.5,17.515459060668945,460
2006-07-28,18.0,18.899999618530273,18.0,18.899999618530273,17.8941707611084,3260
2006-07-31,18.100000381469727,18.600000381469727,18.100000381469727,18.5,17.515459060668945,10700
2006-08-01,18.5,18.950000762939453,18.5,18.950000762939453,17.941511154174805,6560
2006-08-02,18.899999618530273,18.899999618530273,18.0,18.350000381469727,17.373441696166992,5860
2006-08-03,18.100000381469727,18.600000381469727,17.950000762939453,18.600000381469727,17.610137939453125,10980
2006-08-04,18.75,19.149999618530273,18.75,18.75,17.752153396606445,5880
2006-08-07,18.899999618530273,18.950000762939453,18.049999237060547,18.049999237060547,17.089406967163086,1740
2006-08-08,18.450000762939453,18.450000762939453,18.25,18.450000762939453,17.468120574951172,320
2006-08-09,18.450000762939453,18.450000762939453,17.850000381469727,18.0,17.042068481445312,4300
2006-08-10,18.0,18.0,17.600000381469727,18.0,17.042068481445312,2200
2006-08-11,17.850000381469727,18.350000381469727,17.75,17.899999618530273,16.947389602661133,2220
2006-08-14,17.399999618530273,18.549999237060547,17.399999618530273,18.149999618530273,17.184085845947266,11100
2006-08-15,18.149999618530273,18.549999237060547,17.600000381469727,17.600000381469727,16.663354873657227,14100
2006-08-16,17.600000381469727,17.899999618530273,16.25,16.799999237060547,15.905929565429688,39700
2006-08-17,16.799999237060547,16.950000762939453,16.200000762939453,16.25,15.385200500488281,9520
2006-08-18,17.299999237060547,17.299999237060547,15.550000190734863,16.350000381469727,15.479878425598145,7500
2006-08-21,17.299999237060547,17.299999237060547,16.399999618530273,16.399999618530273,15.527216911315918,3540
2006-08-22,15.699999809265137,16.049999237060547,14.350000381469727,15.600000381469727,14.769792556762695,19580
2006-08-23,16.100000381469727,16.100000381469727,15.25,15.5,14.675113677978516,5600
2006-08-24,15.5,15.5,15.0,15.25,14.438419342041016,6080
2006-08-25,15.550000190734863,15.699999809265137,15.350000381469727,15.550000190734863,14.722453117370605,1820
2006-08-28,15.399999618530273,15.600000381469727,15.25,15.25,14.438419342041016,600
2006-08-29,15.300000190734863,15.850000381469727,15.300000190734863,15.75,14.911808967590332,2320
2006-08-30,15.75,16.0,15.050000190734863,15.699999809265137,14.864469528198242,1700
2006-08-31,15.699999809265137,16.0,15.600000381469727,15.75,14.911808967590332,2820
2006-09-01,15.800000190734863,15.949999809265137,15.800000190734863,15.899999618530273,15.053827285766602,1300
2006-09-05,17.75,17.75,16.75,17.100000381469727,16.189964294433594,16180
2006-09-06,17.25,17.350000381469727,16.850000381469727,16.850000381469727,15.953269958496094,6900
2006-09-07,16.850000381469727,16.950000762939453,16.450000762939453,16.75,15.858591079711914,46480
2006-09-08,16.850000381469727,17.25,16.600000381469727,16.799999237060547,15.905929565429688,2820
2006-09-11,16.75,17.0,16.5,16.700000762939453,15.81125259399414,4340
2006-09-12,16.549999237060547,16.700000762939453,16.25,16.350000381469727,15.479878425598145,6640
2006-09-13,16.649999618530273,16.899999618530273,16.649999618530273,16.799999237060547,15.905929565429688,940
2006-09-14,16.799999237060547,16.799999237060547,16.5,16.75,15.858591079711914,4720
2006-09-15,17.0,17.299999237060547,16.75,16.899999618530273,16.000608444213867,1860
2006-09-18,17.25,18.5,17.25,18.399999618530273,17.420780181884766,15820
2006-09-19,20.0,20.0,18.450000762939453,18.899999618530273,17.8941707611084,21920
2006-09-20,19.350000381469727,19.5,18.049999237060547,18.350000381469727,17.373441696166992,8060
2006-09-21,18.5,19.25,17.799999237060547,19.200000762939453,18.178205490112305,7420
2006-09-22,19.049999237060547,19.600000381469727,19.0,19.25,18.225543975830078,3200
2006-09-25,19.600000381469727,20.25,19.149999618530273,20.200000762939453,19.124988555908203,12820
2006-09-26,20.5,21.0,19.299999237060547,21.0,19.882413864135742,18480
2006-09-27,20.25,21.25,20.25,20.799999237060547,19.69305419921875,11100
2006-09-28,20.799999237060547,21.100000381469727,20.75,20.950000762939453,19.83507537841797,6160
2006-09-29,20.75,21.0,20.600000381469727,20.600000381469727,19.503700256347656,3400
2006-10-02,20.700000762939453,21.100000381469727,20.700000762939453,20.75,19.645715713500977,860
2006-10-03,20.100000381469727,20.5,19.649999618530273,19.799999237060547,18.746274948120117,4980
2006-10-04,19.299999237060547,20.149999618530273,19.299999237060547,20.149999618530273,19.077648162841797,3200
2006-10-05,19.75,21.100000381469727,19.75,20.950000762939453,19.83507537841797,4620
2006-10-06,21.100000381469727,21.100000381469727,20.899999618530273,21.0,19.882413864135742,1180
2006-10-09,20.75,21.0,20.149999618530273,20.450000762939453,19.361682891845703,4360
2006-10-10,20.700000762939453,20.75,20.350000381469727,20.350000381469727,19.267004013061523,440
2006-10-11,20.700000762939453,20.700000762939453,20.450000762939453,20.5,19.409021377563477,1880
2006-10-12,20.5,20.75,20.5,20.649999618530273,19.55103874206543,3280
2006-10-13,20.549999237060547,20.75,20.5,20.700000762939453,19.598379135131836,1960
2006-10-16,20.799999237060547,20.950000762939453,20.25,20.700000762939453,19.598379135131836,3860
2006-10-17,19.850000381469727,22.399999618530273,19.850000381469727,21.600000381469727,20.450481414794922,10780
2006-10-18,18.100000381469727,21.600000381469727,18.100000381469727,20.75,19.645715713500977,2960
2006-10-19,21.350000381469727,21.600000381469727,21.149999618530273,21.149999618530273,20.024429321289062,2720
2006-10-20,20.200000762939453,21.450000762939453,20.200000762939453,20.649999618530273,19.55103874206543,860
2006-10-23,21.25,22.25,20.950000762939453,22.0,20.829193115234375,9520
2006-10-24,22.149999618530273,22.399999618530273,21.5,22.149999618530273,20.971210479736328,6900
2006-10-25,22.200000762939453,22.450000762939453,22.0,22.0,20.829193115234375,3600
2006-10-26,21.850000381469727,22.25,21.75,21.75,20.592498779296875,2280
2006-10-27,21.75,21.75,21.25,21.350000381469727,20.213787078857422,4480
2006-10-30,21.100000381469727,21.5,20.350000381469727,20.649999618530273,19.55103874206543,3940
2006-10-31,20.549999237060547,20.649999618530273,20.299999237060547,20.450000762939453,19.361682891845703,6560
2006-11-01,20.450000762939453,20.75,20.149999618530273,20.399999618530273,19.314342498779297,3200
2006-11-02,20.399999618530273,20.549999237060547,20.149999618530273,20.200000762939453,19.124988555908203,5000
2006-11-03,20.600000381469727,20.600000381469727,20.200000762939453,20.25,19.172327041625977,680
2006-11-06,20.25,20.25,19.950000762939453,20.100000381469727,19.030309677124023,8680
2006-11-07,19.549999237060547,20.100000381469727,19.350000381469727,20.0,18.935630798339844,6160
2006-11-08,20.5,20.5,19.149999618530273,19.649999618530273,18.604257583618164,11800
2006-11-09,19.600000381469727,19.600000381469727,19.0,19.200000762939453,18.178205490112305,4920
2006-11-10,19.350000381469727,19.850000381469727,19.100000381469727,19.649999618530273,18.604257583618164,6880
2006-11-13,20.5,20.5,18.350000381469727,19.549999237060547,18.509578704833984,26380
2006-11-14,19.549999237060547,19.700000762939453,19.200000762939453,19.25,18.225543975830078,4920
2006-11-15,19.200000762939453,19.25,18.5,19.049999237060547,18.03618812561035,4800
2006-11-16,19.0,19.049999237060547,18.600000381469727,18.600000381469727,17.610137939453125,5600
2006-11-17,18.649999618530273,18.649999618530273,17.75,17.850000381469727,16.90005111694336,6800
2006-11-20,18.200000762939453,19.25,18.149999618530273,18.649999618530273,17.6574764251709,9740
2006-11-21,19.200000762939453,20.399999618530273,18.350000381469727,19.899999618530273,18.840953826904297,9740
2006-11-22,20.299999237060547,20.450000762939453,19.5,19.75,18.698936462402344,5500
2006-11-24,20.049999237060547,20.600000381469727,19.850000381469727,19.850000381469727,18.793615341186523,7440
2006-11-27,19.850000381469727,19.850000381469727,19.100000381469727,19.850000381469727,18.793615341186523,4200
2006-11-28,22.5,22.5,19.100000381469727,19.850000381469727,18.793615341186523,6960
2006-11-29,19.950000762939453,19.950000762939453,19.399999618530273,19.700000762939453,18.65159797668457,4320
2006-11-30,19.5,19.899999618530273,19.5,19.799999237060547,18.746274948120117,1860
2006-12-01,19.950000762939453,19.950000762939453,19.600000381469727,19.649999618530273,18.604257583618164,2340
2006-12-04,18.350000381469727,19.950000762939453,18.350000381469727,19.950000762939453,18.88829231262207,3740
2006-12-05,23.299999237060547,23.299999237060547,19.649999618530273,20.5,19.409021377563477,2740
2006-12-06,21.0,21.0,20.149999618530273,20.450000762939453,19.361682891845703,4720
2006-12-07,20.5,20.600000381469727,20.450000762939453,20.549999237060547,19.45635986328125,960
2006-12-08,20.75,20.75,20.049999237060547,20.200000762939453,19.124988555908203,940
2006-12-11,20.049999237060547,20.25,20.049999237060547,20.049999237060547,18.982969284057617,1560
2006-12-12,20.200000762939453,20.200000762939453,19.950000762939453,20.0,18.935630798339844,1600
2006-12-13,20.0,20.0,20.0,20.0,18.935630798339844,0
2006-12-14,19.950000762939453,20.0,19.850000381469727,19.950000762939453,18.88829231262207,1780
2006-12-15,19.850000381469727,19.899999618530273,19.75,19.75,18.698936462402344,1920
2006-12-18,20.0,20.0,19.299999237060547,19.799999237060547,18.746274948120117,3480
2006-12-19,19.600000381469727,19.950000762939453,19.5,19.5,18.46224021911621,1200
2006-12-20,19.450000762939453,19.75,19.299999237060547,19.600000381469727,18.55691909790039,1560
2006-12-21,19.399999618530273,19.5,19.25,19.5,18.46224021911621,800
2006-12-22,19.549999237060547,19.950000762939453,19.350000381469727,19.399999618530273,18.367563247680664,800
2006-12-26,19.950000762939453,20.0,19.549999237060547,19.549999237060547,18.509578704833984,5060
2006-12-27,19.399999618530273,19.75,19.399999618530273,19.549999237060547,18.509578704833984,900
2006-12-28,19.350000381469727,19.799999237060547,19.200000762939453,19.350000381469727,18.32022476196289,3660
2006-12-29,19.350000381469727,19.950000762939453,19.25,19.600000381469727,18.55691909790039,4660
2007-01-03,20.0,20.0,19.5,19.75,18.698936462402344,2320
2007-01-04,20.0,20.0,19.799999237060547,19.950000762939453,18.88829231262207,3520
2007-01-05,20.0,20.0,19.399999618530273,19.700000762939453,18.65159797668457,1660
2007-01-08,20.5,20.899999618530273,20.0,20.350000381469727,19.267004013061523,8980
2007-01-09,21.0,21.5,20.75,21.5,20.355804443359375,8220
2007-01-10,21.399999618530273,21.5,21.100000381469727,21.450000762939453,20.3084659576416,6440
2007-01-11,21.5,21.5,21.049999237060547,21.200000762939453,20.07176971435547,4020
2007-01-12,20.899999618530273,21.100000381469727,20.600000381469727,20.75,19.645715713500977,2020
2007-01-16,20.5,21.149999618530273,20.5,20.600000381469727,19.503700256347656,1680
2007-01-17,20.600000381469727,21.0,20.5,20.899999618530273,19.787734985351562,2180
2007-01-18,20.700000762939453,20.75,20.049999237060547,20.399999618530273,19.314342498779297,1440
2007-01-19,20.75,20.75,20.0,20.0,18.935630798339844,2260
2007-01-22,20.0,20.649999618530273,19.5,20.600000381469727,19.503700256347656,6820
2007-01-23,21.149999618530273,21.149999618530273,20.649999618530273,20.799999237060547,19.69305419921875,720
2007-01-24,20.950000762939453,21.200000762939453,20.799999237060547,21.100000381469727,19.977092742919922,2580
2007-01-25,21.200000762939453,21.200000762939453,20.549999237060547,20.700000762939453,19.598379135131836,1600
2007-01-26,21.200000762939453,21.200000762939453,20.649999618530273,20.799999237060547,19.69305419921875,620
2007-01-29,20.899999618530273,21.399999618530273,20.850000381469727,21.149999618530273,20.024429321289062,3780
2007-01-30,21.200000762939453,21.450000762939453,21.200000762939453,21.450000762939453,20.3084659576416,3120
2007-01-31,21.299999237060547,21.450000762939453,20.899999618530273,21.25,20.119108200073242,2020
2007-02-01,21.100000381469727,21.149999618530273,20.850000381469727,20.850000381469727,19.740394592285156,3120
2007-02-02,21.299999237060547,22.25,21.0,21.950000762939453,20.7818546295166,17500
2007-02-05,21.850000381469727,22.200000762939453,21.549999237060547,21.75,20.592498779296875,6780
2007-02-06,21.600000381469727,21.600000381469727,21.350000381469727,21.350000381469727,20.213787078857422,580
2007-02-07,21.399999618530273,22.25,21.399999618530273,22.25,21.065889358520508,7200
2007-02-08,22.399999618530273,22.399999618530273,22.100000381469727,22.25,21.065889358520508,7520
2007-02-09,21.850000381469727,22.200000762939453,21.399999618530273,22.0,20.829193115234375,3420
2007-02-12,22.25,22.25,21.75,21.75,20.592498779296875,2500
2007-02-13,22.049999237060547,22.049999237060547,21.700000762939453,21.899999618530273,20.734516143798828,1020
2007-02-14,22.200000762939453,22.5,21.850000381469727,21.850000381469727,20.687177658081055,3640
2007-02-15,21.649999618530273,22.0,21.549999237060547,21.649999618530273,20.497819900512695,1960
2007-02-16,21.549999237060547,21.75,21.549999237060547,21.75,20.592498779296875,2260
2007-02-20,21.75,21.75,21.450000762939453,21.75,20.592498779296875,5280
2007-02-21,21.850000381469727,22.0,21.399999618530273,21.75,20.592498779296875,3780
2007-02-22,21.549999237060547,21.549999237060547,21.299999237060547,21.299999237060547,20.166446685791016,1980
2007-02-23,21.600000381469727,21.600000381469727,21.25,21.450000762939453,20.3084659576416,1680
2007-02-26,21.600000381469727,21.75,21.200000762939453,21.299999237060547,20.166446685791016,1740
2007-02-27,21.75,21.75,19.850000381469727,19.899999618530273,18.840953826904297,4420
2007-02-28,20.399999618530273,21.0,19.75,19.950000762939453,18.88829231262207,10260
2007-03-01,20.0,20.0,19.600000381469727,19.899999618530273,18.840953826904297,3900
2007-03-02,19.649999618530273,20.0,19.299999237060547,19.549999237060547,18.509578704833984,2860
2007-03-05,19.100000381469727,19.299999237060547,18.5,19.0,17.988849639892578,8800
2007-03-06,20.0,20.0,19.299999237060547,19.299999237060547,18.27288246154785,3160
2007-03-07,19.5,20.0,19.5,19.899999618530273,18.840953826904297,2380
2007-03-08,19.850000381469727,20.5,18.850000381469727,20.0,18.935630798339844,3360
2007-03-09,20.450000762939453,20.450000762939453,19.600000381469727,19.600000381469727,18.55691909790039,3360
2007-03-12,20.350000381469727,20.450000762939453,19.850000381469727,20.350000381469727,19.267004013061523,6880
2007-03-13,20.450000762939453,20.899999618530273,20.25,20.399999618530273,19.314342498779297,3960
2007-03-14,21.299999237060547,21.549999237060547,20.75,21.350000381469727,20.213787078857422,7680
2007-03-15,21.649999618530273,22.450000762939453,21.399999618530273,21.950000762939453,20.7818546295166,23480
2007-03-16,22.200000762939453,22.200000762939453,21.5,21.899999618530273,20.734516143798828,3100
2007-03-19,22.100000381469727,22.399999618530273,21.600000381469727,21.799999237060547,20.63983726501465,3440
2007-03-20,22.25,22.399999618530273,21.799999237060547,22.0,20.829193115234375,6020
2007-03-21,22.25,22.25,21.850000381469727,21.950000762939453,20.7818546295166,620
2007-03-22,22.149999618530273,22.399999618530273,21.850000381469727,22.0,20.829193115234375,1840
2007-03-23,22.200000762939453,22.25,22.0,22.0,20.829193115234375,1040
2007-03-26,22.25,22.399999618530273,21.549999237060547,21.950000762939453,20.7818546295166,3820
2007-03-27,22.5,22.75,19.399999618530273,21.25,20.119108200073242,30380
2007-03-28,21.25,21.850000381469727,20.700000762939453,21.450000762939453,20.3084659576416,9000
2007-03-29,21.799999237060547,21.799999237060547,21.299999237060547,21.549999237060547,20.403141021728516,8540
2007-03-30,21.600000381469727,21.75,20.850000381469727,21.450000762939453,20.3084659576416,3820
2007-04-02,21.5,21.5,20.649999618530273,20.75,19.645715713500977,4260
2007-04-03,21.25,21.25,20.75,20.850000381469727,19.740394592285156,1400
2007-04-04,20.700000762939453,20.950000762939453,20.5,20.799999237060547,19.69305419921875,2900
2007-04-05,21.0,21.0,20.549999237060547,20.600000381469727,19.503700256347656,2980
2007-04-09,20.549999237060547,20.75,20.5,20.649999618530273,19.55103874206543,3680
2007-04-10,20.649999618530273,21.5,20.649999618530273,21.350000381469727,20.213787078857422,1960
2007-04-11,21.200000762939453,21.700000762939453,20.799999237060547,20.799999237060547,19.69305419921875,2160
2007-04-12,21.100000381469727,21.100000381469727,20.799999237060547,20.799999237060547,19.69305419921875,740
2007-04-13,20.950000762939453,21.0,20.799999237060547,20.899999618530273,19.787734985351562,1860
2007-04-16,21.25,21.5,20.899999618530273,21.0,19.882413864135742,6080
2007-04-17,21.0,21.5,21.0,21.100000381469727,19.977092742919922,6760
2007-04-18,21.049999237060547,21.950000762939453,20.899999618530273,21.799999237060547,20.63983726501465,10540
2007-04-19,21.600000381469727,21.799999237060547,21.399999618530273,21.799999237060547,20.63983726501465,3000
2007-04-20,21.799999237060547,22.399999618530273,21.700000762939453,22.0,20.829193115234375,6000
2007-04-23,22.25,22.25,21.850000381469727,21.950000762939453,20.7818546295166,2880
2007-04-24,21.649999618530273,22.399999618530273,21.350000381469727,22.350000381469727,21.160568237304688,8920
2007-04-25,23.200000762939453,23.200000762939453,22.0,22.399999618530273,21.20790672302246,18200
2007-04-26,22.799999237060547,22.799999237060547,22.25,22.5,21.30258560180664,9000
2007-04-27,22.899999618530273,22.899999618530273,21.899999618530273,22.350000381469727,21.160568237304688,3280
2007-04-30,22.25,22.299999237060547,22.149999618530273,22.149999618530273,20.971210479736328,340
2007-05-01,22.049999237060547,22.899999618530273,21.700000762939453,22.899999618530273,21.681297302246094,12300
2007-05-02,22.899999618530273,23.0,22.200000762939453,22.399999618530273,21.20790672302246,4600
2007-05-03,22.5,22.850000381469727,22.399999618530273,22.399999618530273,21.20790672302246,4200
2007-05-04,22.549999237060547,22.600000381469727,21.950000762939453,22.450000762939453,21.255247116088867,4940
2007-05-07,22.350000381469727,22.450000762939453,22.350000381469727,22.350000381469727,21.160568237304688,4040
2007-05-08,22.100000381469727,22.450000762939453,21.950000762939453,22.0,20.829193115234375,2700
2007-05-09,22.0,22.5,21.75,22.450000762939453,21.255247116088867,4040
2007-05-10,22.5,22.5,22.049999237060547,22.399999618530273,21.20790672302246,900
2007-05-11,22.399999618530273,22.450000762939453,22.049999237060547,22.200000762939453,21.018550872802734,1100
2007-05-14,22.0,22.350000381469727,21.850000381469727,22.0,20.829193115234375,3580
2007-05-15,22.0,22.350000381469727,21.5,22.100000381469727,20.923871994018555,5220
2007-05-16,22.049999237060547,22.200000762939453,22.049999237060547,22.200000762939453,21.018550872802734,460
2007-05-17,22.0,22.450000762939453,21.950000762939453,22.200000762939453,21.018550872802734,5320
2007-05-18,22.25,22.350000381469727,21.799999237060547,22.350000381469727,21.160568237304688,3260
2007-05-21,22.350000381469727,22.5,22.0,22.5,21.30258560180664,3860
2007-05-22,22.450000762939453,23.399999618530273,22.450000762939453,23.350000381469727,22.107349395751953,3960
2007-05-23,23.350000381469727,23.5,23.100000381469727,23.100000381469727,21.870655059814453,1300
2007-05-24,22.850000381469727,23.100000381469727,22.649999618530273,22.799999237060547,21.586618423461914,1300
2007-05-25,22.75,23.0,22.75,22.799999237060547,21.586618423461914,580
2007-05-29,21.450000762939453,22.649999618530273,21.450000762939453,22.299999237060547,21.11322784423828,7660
2007-05-30,22.0,22.200000762939453,21.799999237060547,22.200000762939453,21.018550872802734,6540
2007-05-31,22.399999618530273,22.399999618530273,21.75,22.25,21.065889358520508,2340
2007-06-01,22.200000762939453,22.850000381469727,21.950000762939453,22.850000381469727,21.63395881652832,4040
2007-06-04,22.899999618530273,24.600000381469727,22.350000381469727,22.700000762939453,21.491943359375,34040
2007-06-05,23.299999237060547,23.700000762939453,21.149999618530273,21.799999237060547,20.63983726501465,15600
2007-06-06,22.0,22.049999237060547,21.25,21.950000762939453,20.7818546295166,5000
2007-06-07,21.0,21.799999237060547,21.0,21.200000762939453,20.07176971435547,7880
2007-06-08,21.149999618530273,22.5,21.149999618530273,22.200000762939453,21.018550872802734,7060
2007-06-11,22.0,22.399999618530273,21.200000762939453,21.5,20.355804443359375,5880
2007-06-12,21.700000762939453,22.100000381469727,21.649999618530273,22.0,20.829193115234375,4520
2007-06-13,22.5,22.5,22.0,22.0,20.829193115234375,2960
2007-06-14,22.0,22.0,21.75,21.799999237060547,20.63983726501465,3840
2007-06-15,21.649999618530273,22.100000381469727,21.649999618530273,21.700000762939453,20.5451602935791,1300
2007-06-18,21.299999237060547,21.75,21.0,21.549999237060547,20.403141021728516,5360
2007-06-19,21.299999237060547,21.450000762939453,21.0,21.200000762939453,20.07176971435547,5380
2007-06-20,21.0,21.200000762939453,20.899999618530273,21.149999618530273,20.024429321289062,8760
2007-06-21,21.0,21.75,21.0,21.5,20.355804443359375,3820
2007-06-22,21.450000762939453,21.75,21.450000762939453,21.75,20.592498779296875,1700
2007-06-25,21.649999618530273,22.0,21.649999618530273,21.799999237060547,20.63983726501465,3840
2007-06-26,21.75,21.75,21.049999237060547,21.350000381469727,20.213787078857422,3060
2007-06-27,21.600000381469727,21.649999618530273,21.149999618530273,21.600000381469727,20.450481414794922,6720
2007-06-28,21.5,21.5,21.25,21.5,20.355804443359375,1740
2007-06-29,21.649999618530273,21.75,21.399999618530273,21.700000762939453,20.5451602935791,2020
2007-07-02,21.75,21.75,21.350000381469727,21.399999618530273,20.261125564575195,860
2007-07-03,21.600000381469727,21.600000381469727,20.799999237060547,20.950000762939453,19.83507537841797,9160
2007-07-05,20.75,20.75,18.100000381469727,18.149999618530273,17.184085845947266,53700
2007-07-06,17.5,17.850000381469727,16.600000381469727,17.100000381469727,16.189964294433594,28140
2007-07-09,17.350000381469727,17.600000381469727,16.5,17.0,16.095287322998047,14300
2007-07-10,16.75,17.549999237060547,16.75,17.299999237060547,16.37932014465332,3520
2007-07-11,17.5,18.0,17.5,17.799999237060547,16.852712631225586,11520
2007-07-12,17.700000762939453,17.799999237060547,17.5,17.5,16.568675994873047,8100
2007-07-13,16.850000381469727,16.899999618530273,15.449999809265137,15.75,14.911808967590332,59560
2007-07-16,15.399999618530273,15.850000381469727,15.149999618530273,15.199999809265137,14.391079902648926,27060
2007-07-17,15.149999618530273,16.200000762939453,15.100000381469727,15.649999618530273,14.817131042480469,5800
2007-07-18,15.649999618530273,15.800000190734863,15.0,15.199999809265137,14.391079902648926,7000
2007-07-19,15.350000381469727,15.699999809265137,15.149999618530273,15.5,14.675113677978516,3140
2007-07-20,15.350000381469727,15.5,15.050000190734863,15.100000381469727,14.296401977539062,4820
2007-07-23,15.5,15.699999809265137,15.25,15.449999809265137,14.627775192260742,11260
2007-07-24,15.5,15.649999618530273,15.399999618530273,15.449999809265137,14.627775192260742,3820
2007-07-25,15.5,15.5,15.25,15.399999618530273,14.580435752868652,2440
2007-07-26,15.899999618530273,15.899999618530273,15.0,15.0,14.201723098754883,2460
2007-07-27,15.25,15.25,14.649999618530273,14.899999618530273,14.107044219970703,9060
2007-07-30,14.949999809265137,15.199999809265137,14.25,14.5,13.72833251953125,5300
2007-07-31,14.550000190734863,14.600000381469727,13.75,13.75,13.0182466506958,21840
2007-08-01,13.649999618530273,13.899999618530273,13.300000190734863,13.550000190734863,12.828890800476074,9360
2007-08-02,13.649999618530273,13.899999618530273,13.25,13.699999809265137,12.970907211303711,3560
2007-08-03,13.899999618530273,13.899999618530273,13.050000190734863,13.050000190734863,12.355499267578125,6040
2007-08-06,12.850000381469727,12.850000381469727,11.850000381469727,12.5,11.834769248962402,6540
2007-08-07,12.649999618530273,13.100000381469727,12.399999618530273,12.649999618530273,11.976785659790039,4940
2007-08-08,12.850000381469727,13.550000190734863,12.850000381469727,13.050000190734863,12.355499267578125,29680
2007-08-09,13.149999618530273,14.699999809265137,13.050000190734863,14.550000190734863,13.77567195892334,18720
2007-08-10,14.899999618530273,14.899999618530273,13.449999809265137,14.149999618530273,13.396958351135254,3100
2007-08-13,13.649999618530273,14.449999809265137,13.399999618530273,13.399999618530273,12.686872482299805,5000
2007-08-14,14.350000381469727,14.350000381469727,12.850000381469727,13.300000190734863,12.592194557189941,3540
2007-08-15,12.850000381469727,13.449999809265137,12.300000190734863,12.300000190734863,11.645413398742676,5680
2007-08-16,12.399999618530273,12.649999618530273,11.75,12.350000381469727,11.692752838134766,4460
2007-08-17,12.25,13.0,12.100000381469727,12.449999809265137,11.787429809570312,900
2007-08-20,11.75,13.5,11.75,13.449999809265137,12.734210968017578,3020
2007-08-21,13.600000381469727,13.600000381469727,13.25,13.300000190734863,12.592194557189941,1200
2007-08-22,13.25,13.5,13.25,13.449999809265137,12.734210968017578,880
2007-08-23,13.449999809265137,13.699999809265137,13.399999618530273,13.5,12.781550407409668,1700
2007-08-24,13.75,13.75,13.5,13.649999618530273,12.923567771911621,240
2007-08-27,13.75,14.0,13.100000381469727,13.399999618530273,12.686872482299805,1360
2007-08-28,13.25,13.949999809265137,13.199999809265137,13.300000190734863,12.592194557189941,1540
2007-08-29,13.149999618530273,13.25,12.399999618530273,12.850000381469727,12.166143417358398,4900
2007-08-30,12.899999618530273,13.100000381469727,12.899999618530273,13.0,12.308160781860352,120
2007-08-31,13.949999809265137,13.949999809265137,13.25,13.300000190734863,12.592194557189941,2660
2007-09-04,13.5,13.899999618530273,13.5,13.600000381469727,12.876230239868164,2700
2007-09-05,13.75,14.399999618530273,13.550000190734863,14.100000381469727,13.34961986541748,2380
2007-09-06,14.5,14.5,13.850000381469727,13.949999809265137,13.207602500915527,340
2007-09-07,14.399999618530273,14.399999618530273,13.899999618530273,14.25,13.491637229919434,580
2007-09-10,14.449999809265137,14.5,14.199999809265137,14.25,13.491637229919434,2680
2007-09-11,14.25,14.300000190734863,13.949999809265137,14.25,13.491637229919434,1120
2007-09-12,14.449999809265137,15.649999618530273,14.449999809265137,15.25,14.438419342041016,5540
2007-09-13,15.600000381469727,15.600000381469727,15.25,15.600000381469727,14.769792556762695,420
2007-09-14,15.600000381469727,15.649999618530273,15.300000190734863,15.649999618530273,14.817131042480469,1640
2007-09-17,15.949999809265137,15.949999809265137,15.399999618530273,15.449999809265137,14.627775192260742,2340
2007-09-18,15.899999618530273,16.25,15.350000381469727,16.149999618530273,15.290521621704102,2220
2007-09-19,16.200000762939453,16.899999618530273,16.100000381469727,16.700000762939453,15.81125259399414,4460
2007-09-20,16.5,16.950000762939453,16.25,16.75,15.858591079711914,4140
2007-09-21,16.850000381469727,16.899999618530273,16.600000381469727,16.600000381469727,15.716573715209961,380
2007-09-24,16.799999237060547,16.799999237060547,16.0,16.25,15.385200500488281,2100
2007-09-25,16.25,16.5,16.25,16.450000762939453,15.574557304382324,2740
2007-09-26,16.049999237060547,16.450000762939453,16.0,16.200000762939453,15.337862014770508,540
2007-09-27,15.800000190734863,16.450000762939453,15.75,16.0,15.148505210876465,1720
2007-09-28,16.0,16.399999618530273,15.850000381469727,15.949999809265137,15.101165771484375,680
2007-10-01,15.699999809265137,16.149999618530273,15.699999809265137,15.850000381469727,15.006488800048828,2280
2007-10-02,15.699999809265137,16.149999618530273,15.699999809265137,16.149999618530273,15.290521621704102,1360
2007-10-03,15.949999809265137,16.100000381469727,15.800000190734863,16.0,15.148505210876465,1280
2007-10-04,15.5,16.149999618530273,15.449999809265137,16.149999618530273,15.290521621704102,700
2007-10-05,15.75,16.049999237060547,15.5,15.850000381469727,15.006488800048828,1420
2007-10-08,15.350000381469727,15.800000190734863,14.800000190734863,15.600000381469727,14.769792556762695,2980
2007-10-09,15.149999618530273,16.100000381469727,15.149999618530273,16.049999237060547,15.195843696594238,1080
2007-10-10,15.800000190734863,16.0,15.75,15.850000381469727,15.006488800048828,1260
2007-10-11,15.899999618530273,16.0,15.5,15.550000190734863,14.722453117370605,1520
2007-10-12,15.600000381469727,15.75,14.850000381469727,15.75,14.911808967590332,3860
2007-10-15,15.050000190734863,16.5,14.649999618530273,16.25,15.385200500488281,7380
2007-10-16,16.299999237060547,16.850000381469727,16.25,16.549999237060547,15.669233322143555,3000
2007-10-17,18.0,20.200000762939453,17.600000381469727,18.549999237060547,17.56279754638672,36280
2007-10-18,18.5,18.5,15.050000190734863,17.5,16.568675994873047,11800
2007-10-19,17.299999237060547,18.399999618530273,16.950000762939453,18.0,17.042068481445312,2300
2007-10-22,16.399999618530273,18.299999237060547,16.399999618530273,17.850000381469727,16.90005111694336,4540
2007-10-23,18.25,18.25,17.549999237060547,17.850000381469727,16.90005111694336,1180
2007-10-24,17.5,18.100000381469727,17.200000762939453,18.0,17.042068481445312,1360
2007-10-25,17.799999237060547,17.950000762939453,17.799999237060547,17.950000762939453,16.99472999572754,80
2007-10-26,17.950000762939453,17.950000762939453,17.350000381469727,17.950000762939453,16.99472999572754,380
2007-10-29,17.899999618530273,17.899999618530273,17.25,17.649999618530273,16.710693359375,820
2007-10-30,17.649999618530273,17.649999618530273,17.649999618530273,17.649999618530273,16.710693359375,0
2007-10-31,17.799999237060547,17.799999237060547,17.75,17.75,16.80537223815918,60
2007-11-01,17.200000762939453,17.600000381469727,17.200000762939453,17.299999237060547,16.37932014465332,480
2007-11-02,17.200000762939453,17.25,17.200000762939453,17.200000762939453,16.284643173217773,300
2007-11-05,16.5,17.0,15.649999618530273,16.149999618530273,15.290521621704102,3700
2007-11-06,15.75,16.75,15.75,16.5,15.621895790100098,3140
2007-11-07,16.100000381469727,16.75,16.100000381469727,16.549999237060547,15.669233322143555,960
2007-11-08,15.600000381469727,16.549999237060547,15.600000381469727,16.299999237060547,15.432538986206055,2200
2007-11-09,16.0,16.100000381469727,15.600000381469727,15.850000381469727,15.006488800048828,1060
2007-11-12,15.600000381469727,15.649999618530273,14.050000190734863,14.550000190734863,13.77567195892334,6800
2007-11-13,14.699999809265137,15.5,14.699999809265137,15.350000381469727,14.533097267150879,2000
2007-11-14,16.049999237060547,16.049999237060547,15.600000381469727,15.600000381469727,14.769792556762695,480
2007-11-15,15.5,15.5,14.75,15.0,14.201723098754883,900
2007-11-16,14.699999809265137,14.899999618530273,14.699999809265137,14.899999618530273,14.107044219970703,880
2007-11-19,14.649999618530273,14.75,14.0,14.75,13.965027809143066,4020
2007-11-20,14.800000190734863,15.0,14.25,14.5,13.72833251953125,1480
2007-11-21,14.5,15.25,14.5,15.25,14.438419342041016,1720
2007-11-23,14.800000190734863,15.350000381469727,14.25,15.350000381469727,14.533097267150879,1620
2007-11-26,15.5,15.5,14.050000190734863,14.699999809265137,13.917688369750977,1500
2007-11-27,14.699999809265137,15.25,14.449999809265137,15.0,14.201723098754883,1060
2007-11-28,14.949999809265137,15.0,14.699999809265137,15.0,14.201723098754883,1000
2007-11-29,14.600000381469727,15.0,14.5,15.0,14.201723098754883,2460
2007-11-30,15.100000381469727,15.100000381469727,14.399999618530273,14.800000190734863,14.012367248535156,2080
2007-12-03,14.350000381469727,15.100000381469727,14.050000190734863,14.75,13.965027809143066,3900
2007-12-04,14.75,15.350000381469727,14.75,15.100000381469727,14.296401977539062,1440
2007-12-05,15.300000190734863,15.350000381469727,15.0,15.300000190734863,14.485757827758789,2160
2007-12-06,14.850000381469727,15.5,14.850000381469727,15.5,14.675113677978516,2060
2007-12-07,15.25,15.300000190734863,15.100000381469727,15.25,14.438419342041016,1400
2007-12-10,15.449999809265137,15.5,15.25,15.5,14.675113677978516,1400
2007-12-11,15.5,15.5,15.5,15.5,14.675113677978516,0
2007-12-12,15.149999618530273,15.300000190734863,15.0,15.300000190734863,14.485757827758789,320
2007-12-13,15.050000190734863,15.300000190734863,14.300000190734863,14.550000190734863,13.77567195892334,980
2007-12-14,14.399999618530273,15.350000381469727,14.399999618530273,15.25,14.438419342041016,5840
2007-12-17,15.0,15.25,15.0,15.25,14.438419342041016,80
2007-12-18,14.949999809265137,14.949999809265137,14.350000381469727,14.899999618530273,14.107044219970703,500
2007-12-19,15.0,15.0,14.149999618530273,14.600000381469727,13.82301139831543,1680
2007-12-20,14.199999809265137,14.399999618530273,13.5,14.0,13.254941940307617,13160
2007-12-21,13.949999809265137,14.399999618530273,13.949999809265137,14.149999618530273,13.396958351135254,3320
2007-12-24,13.949999809265137,14.0,13.5,14.0,13.254941940307617,5580
2007-12-26,13.75,13.949999809265137,13.399999618530273,13.399999618530273,12.686872482299805,6400
2007-12-27,13.399999618530273,13.399999618530273,12.550000190734863,12.600000381469727,11.929448127746582,8340
2007-12-28,12.850000381469727,13.0,12.649999618530273,12.800000190734863,12.118804931640625,11520
2007-12-31,12.5,13.699999809265137,12.5,12.800000190734863,12.118804931640625,9680
2008-01-02,13.25,15.5,13.100000381469727,15.199999809265137,14.391079902648926,28740
2008-01-03,15.399999618530273,15.399999618530273,14.550000190734863,14.550000190734863,13.77567195892334,1120
2008-01-04,14.850000381469727,14.949999809265137,14.0,14.800000190734863,14.012367248535156,140
2008-01-07,14.800000190734863,14.800000190734863,13.949999809265137,14.5,13.72833251953125,1300
2008-01-08,14.25,14.25,12.550000190734863,13.0,12.308160781860352,17320
2008-01-09,13.050000190734863,13.350000381469727,12.5,12.850000381469727,12.166143417358398,3720
2008-01-10,12.550000190734863,12.949999809265137,12.199999809265137,12.949999809265137,12.260821342468262,2340
2008-01-11,12.5,12.850000381469727,12.5,12.649999618530273,11.976785659790039,740
2008-01-14,12.5,13.0,12.5,13.0,12.308160781860352,3480
2008-01-15,13.350000381469727,13.350000381469727,12.949999809265137,13.0,12.308160781860352,300
2008-01-16,13.350000381469727,13.350000381469727,12.75,12.949999809265137,12.260821342468262,260
2008-01-17,12.699999809265137,12.899999618530273,12.5,12.899999618530273,12.213481903076172,480
2008-01-18,12.5,12.949999809265137,12.5,12.5,11.834769248962402,1040
2008-01-22,12.5,13.25,12.25,12.699999809265137,12.024125099182129,3800
2008-01-23,12.75,12.75,12.100000381469727,12.449999809265137,11.787429809570312,1900
2008-01-24,12.600000381469727,12.800000190734863,12.100000381469727,12.449999809265137,11.787429809570312,300
2008-01-25,12.649999618530273,12.649999618530273,12.649999618530273,12.649999618530273,11.976785659790039,40
2008-01-28,12.100000381469727,12.649999618530273,11.600000381469727,11.899999618530273,11.26669979095459,2400
2008-01-29,12.100000381469727,12.100000381469727,11.350000381469727,12.050000190734863,11.40871810913086,1060
2008-01-30,11.649999618530273,14.5,11.649999618530273,14.350000381469727,13.586316108703613,8720
2008-01-31,14.350000381469727,14.350000381469727,13.649999618530273,13.800000190734863,13.06558609008789,3480
2008-02-01,13.850000381469727,13.899999618530273,13.600000381469727,13.600000381469727,12.876230239868164,380
2008-02-04,13.949999809265137,14.0,13.25,13.550000190734863,12.828890800476074,2940
2008-02-05,14.050000190734863,14.100000381469727,13.25,13.75,13.0182466506958,3680
2008-02-06,13.899999618530273,13.899999618530273,13.899999618530273,13.899999618530273,13.160263061523438,20
2008-02-07,13.75,13.949999809265137,13.75,13.949999809265137,13.207602500915527,360
2008-02-08,13.949999809265137,13.949999809265137,13.949999809265137,13.949999809265137,13.207602500915527,0
2008-02-11,14.0,14.75,13.300000190734863,14.449999809265137,13.680994033813477,2000
2008-02-12,13.850000381469727,13.850000381469727,13.850000381469727,13.850000381469727,13.112924575805664,300
2008-02-13,14.399999618530273,14.399999618530273,12.899999618530273,13.699999809265137,12.970907211303711,3820
2008-02-14,13.149999618530273,13.5,13.0,13.5,12.781550407409668,1100
2008-02-15,13.5,13.5,13.5,13.5,12.781550407409668,0
2008-02-19,13.550000190734863,13.550000190734863,12.850000381469727,13.5,12.781550407409668,820
2008-02-20,13.100000381469727,13.699999809265137,13.100000381469727,13.699999809265137,12.970907211303711,520
2008-02-21,13.75,13.75,13.449999809265137,13.550000190734863,12.828890800476074,100
2008-02-22,13.600000381469727,13.600000381469727,13.100000381469727,13.550000190734863,12.828890800476074,220
2008-02-25,13.25,13.649999618530273,13.25,13.649999618530273,12.923567771911621,520
2008-02-26,13.75,13.75,13.75,13.75,13.0182466506958,20
2008-02-27,13.5,13.75,13.5,13.75,13.0182466506958,160
2008-02-28,13.100000381469727,13.5,12.5,13.0,12.308160781860352,3220
2008-02-29,13.649999618530273,13.649999618530273,12.550000190734863,13.100000381469727,12.402838706970215,80
2008-03-03,13.600000381469727,13.699999809265137,13.449999809265137,13.699999809265137,12.970907211303711,5220
2008-03-04,13.600000381469727,13.600000381469727,13.600000381469727,13.600000381469727,12.876230239868164,60
2008-03-05,13.399999618530273,13.550000190734863,13.300000190734863,13.550000190734863,12.828890800476074,180
2008-03-06,13.550000190734863,15.100000381469727,13.550000190734863,14.0,13.254941940307617,10720
2008-03-07,13.899999618530273,14.0,13.899999618530273,14.0,13.254941940307617,260
2008-03-10,14.0,14.0,13.100000381469727,13.75,13.0182466506958,1380
2008-03-11,13.75,14.0,13.149999618530273,13.75,13.0182466506958,1720
2008-03-12,13.25,13.699999809265137,13.100000381469727,13.699999809265137,12.970907211303711,6920
2008-03-13,13.149999618530273,13.5,13.050000190734863,13.5,12.781550407409668,2980
2008-03-14,13.149999618530273,13.899999618530273,13.050000190734863,13.449999809265137,12.734210968017578,1720
2008-03-17,12.949999809265137,12.949999809265137,12.0,12.5,11.834769248962402,3360
2008-03-18,7.550000190734863,12.949999809265137,7.550000190734863,12.449999809265137,11.787429809570312,3080
2008-03-19,11.949999809265137,12.25,11.699999809265137,12.25,11.598073959350586,440
2008-03-20,11.949999809265137,12.350000381469727,11.699999809265137,12.25,11.598073959350586,1020
2008-03-24,12.050000190734863,12.100000381469727,11.449999809265137,12.0,11.361379623413086,700
2008-03-25,12.0,12.350000381469727,11.949999809265137,12.350000381469727,11.692752838134766,460
2008-03-26,11.300000190734863,11.949999809265137,11.050000190734863,11.449999809265137,10.840648651123047,2160
2008-03-27,11.25,11.550000190734863,11.25,11.550000190734863,10.935327529907227,60
2008-03-28,11.350000381469727,11.5,11.25,11.5,10.887988090515137,320
2008-03-31,11.300000190734863,11.300000190734863,10.75,11.0,10.414596557617188,2300
2008-04-01,11.050000190734863,11.149999618530273,10.5,11.149999618530273,10.55661392211914,4340
2008-04-02,10.550000190734863,11.149999618530273,10.399999618530273,11.149999618530273,10.55661392211914,1160
2008-04-03,10.649999618530273,11.5,10.600000381469727,11.5,10.887988090515137,680
2008-04-04,10.75,11.449999809265137,10.75,11.449999809265137,10.840648651123047,700
2008-04-07,11.0,11.449999809265137,10.75,11.449999809265137,10.840648651123047,1320
2008-04-08,10.899999618530273,11.25,10.850000381469727,11.25,10.65129280090332,840
2008-04-09,10.899999618530273,11.600000381469727,10.850000381469727,11.600000381469727,10.982666015625,680
2008-04-10,10.949999809265137,11.699999809265137,10.800000190734863,11.649999618530273,11.030004501342773,520
2008-04-11,11.600000381469727,11.600000381469727,10.899999618530273,11.449999809265137,10.840648651123047,780
2008-04-14,11.199999809265137,11.199999809265137,10.850000381469727,10.899999618530273,10.319918632507324,680
2008-04-15,10.850000381469727,11.449999809265137,10.850000381469727,11.449999809265137,10.840648651123047,200
2008-04-16,10.850000381469727,11.399999618530273,10.850000381469727,11.399999618530273,10.793309211730957,180
2008-04-17,10.899999618530273,11.149999618530273,10.850000381469727,10.949999809265137,10.367258071899414,640
2008-04-18,11.0,11.399999618530273,10.800000190734863,11.399999618530273,10.793309211730957,1080
2008-04-21,10.899999618530273,11.050000190734863,10.75,11.050000190734863,10.461935997009277,1780
2008-04-22,10.75,10.949999809265137,10.75,10.949999809265137,10.367258071899414,60
2008-04-23,10.899999618530273,11.25,10.899999618530273,11.25,10.65129280090332,1840
2008-04-24,9.0,11.149999618530273,9.0,11.149999618530273,10.55661392211914,1020
2008-04-25,10.850000381469727,11.25,10.850000381469727,11.149999618530273,10.55661392211914,100
2008-04-28,10.850000381469727,11.100000381469727,10.699999809265137,11.100000381469727,10.509275436401367,700
2008-04-29,11.100000381469727,11.149999618530273,10.800000190734863,11.0,10.414596557617188,1040
2008-04-30,10.850000381469727,10.899999618530273,10.850000381469727,10.899999618530273,10.319918632507324,60
2008-05-01,10.800000190734863,11.149999618530273,10.800000190734863,11.149999618530273,10.55661392211914,1780
2008-05-02,11.0,11.25,11.0,11.25,10.65129280090332,1120
2008-05-05,11.25,11.25,11.25,11.25,10.65129280090332,0
2008-05-06,11.100000381469727,11.100000381469727,10.75,10.949999809265137,10.367258071899414,200
2008-05-07,11.0,11.0,11.0,11.0,10.414596557617188,100
2008-05-08,11.0,11.0,10.800000190734863,10.899999618530273,10.319918632507324,60
2008-05-09,10.899999618530273,10.899999618530273,10.899999618530273,10.899999618530273,10.319918632507324,0
2008-05-12,10.800000190734863,10.800000190734863,10.5,10.699999809265137,10.130562782287598,1720
2008-05-13,10.600000381469727,10.699999809265137,10.0,10.100000381469727,9.562494277954102,5100
2008-05-14,10.0,10.850000381469727,10.0,10.449999809265137,9.893867492675781,340
2008-05-15,10.550000190734863,10.550000190734863,10.5,10.5,9.941206932067871,240
2008-05-16,10.5,10.550000190734863,10.149999618530273,10.550000190734863,9.988546371459961,240
2008-05-19,10.649999618530273,10.649999618530273,10.25,10.350000381469727,9.799189567565918,480
2008-05-20,10.800000190734863,10.800000190734863,10.5,10.649999618530273,10.083223342895508,3920
2008-05-21,10.449999809265137,10.449999809265137,10.449999809265137,10.449999809265137,9.893867492675781,200
2008-05-22,10.25,10.350000381469727,10.050000190734863,10.25,9.704510688781738,660
2008-05-23,10.050000190734863,10.25,9.850000381469727,10.25,9.704510688781738,400
2008-05-27,10.0,10.0,9.350000381469727,9.5,8.994424819946289,1500
2008-05-28,10.449999809265137,10.449999809265137,9.300000190734863,9.350000381469727,8.852407455444336,4180
2008-05-29,9.100000381469727,9.350000381469727,8.850000381469727,8.850000381469727,8.379016876220703,1340
2008-05-30,8.600000381469727,8.600000381469727,8.0,8.300000190734863,7.8582868576049805,3280
2008-06-02,8.0,8.350000381469727,8.0,8.350000381469727,7.90562629699707,320
2008-06-03,8.649999618530273,8.649999618530273,8.350000381469727,8.350000381469727,7.90562629699707,780
2008-06-04,8.800000190734863,8.800000190734863,8.300000190734863,8.300000190734863,7.8582868576049805,340
2008-06-05,7.949999809265137,8.449999809265137,7.949999809265137,8.399999618530273,7.952964782714844,3380
2008-06-06,7.699999809265137,7.900000095367432,4.300000190734863,7.050000190734863,6.67480993270874,6940
2008-06-09,6.800000190734863,7.25,6.800000190734863,6.949999809265137,6.580131530761719,1560
2008-06-10,6.75,6.949999809265137,6.699999809265137,6.900000095367432,6.532793045043945,2880
2008-06-11,6.650000095367432,6.650000095367432,6.599999904632568,6.599999904632568,6.248758316040039,400
2008-06-12,6.849999904632568,6.849999904632568,6.800000190734863,6.800000190734863,6.438115119934082,740
2008-06-13,6.849999904632568,6.849999904632568,6.849999904632568,6.849999904632568,6.4854536056518555,20
2008-06-16,6.099999904632568,6.849999904632568,6.099999904632568,6.849999904632568,6.4854536056518555,2560
2008-06-17,6.849999904632568,6.849999904632568,6.599999904632568,6.650000095367432,6.296097278594971,1780
2008-06-18,6.449999809265137,6.849999904632568,6.400000095367432,6.800000190734863,6.438115119934082,300
2008-06-19,6.800000190734863,6.800000190734863,6.800000190734863,6.800000190734863,6.438115119934082,0
2008-06-20,6.800000190734863,6.800000190734863,6.800000190734863,6.800000190734863,6.438115119934082,0
2008-06-23,6.800000190734863,6.800000190734863,6.800000190734863,6.800000190734863,6.438115119934082,0
2008-06-24,6.75,6.800000190734863,6.75,6.800000190734863,6.438115119934082,1400
2008-06-25,6.800000190734863,6.800000190734863,6.800000190734863,6.800000190734863,6.438115119934082,0
2008-06-26,6.150000095367432,6.150000095367432,6.099999904632568,6.099999904632568,5.775367736816406,40
2008-06-27,6.099999904632568,6.849999904632568,6.099999904632568,6.849999904632568,6.4854536056518555,180
2008-06-30,6.349999904632568,6.5,6.199999809265137,6.199999809265137,5.8700456619262695,2980
2008-07-01,5.900000095367432,6.449999809265137,5.900000095367432,6.25,5.917384624481201,2720
2008-07-02,6.599999904632568,6.650000095367432,6.0,6.0,5.680689811706543,900
2008-07-03,5.75,5.949999809265137,5.75,5.949999809265137,5.633349895477295,820
2008-07-07,5.75,5.800000190734863,5.75,5.800000190734863,5.4913330078125,1060
2008-07-08,6.0,6.0,6.0,6.0,5.680689811706543,20
2008-07-09,5.199999809265137,5.900000095367432,5.199999809265137,5.900000095367432,5.586010932922363,140
2008-07-10,5.599999904632568,5.599999904632568,5.199999809265137,5.550000190734863,5.254637718200684,1720
2008-07-11,5.300000190734863,5.449999809265137,5.25,5.449999809265137,5.159959316253662,100
2008-07-14,5.099999904632568,5.300000190734863,5.0,5.300000190734863,5.017942428588867,2060
2008-07-15,5.050000190734863,5.300000190734863,4.5,4.949999809265137,4.686568737030029,6580
2008-07-16,4.599999904632568,5.400000095367432,4.599999904632568,5.400000095367432,5.1126203536987305,920
2008-07-17,5.5,5.550000190734863,5.300000190734863,5.5,5.207298278808594,1320
2008-07-18,5.550000190734863,5.550000190734863,4.949999809265137,5.349999904632568,5.065281391143799,240
2008-07-21,5.050000190734863,5.349999904632568,5.050000190734863,5.349999904632568,5.065281391143799,2860
2008-07-22,4.900000095367432,5.599999904632568,4.900000095367432,5.400000095367432,5.1126203536987305,240
2008-07-23,5.150000095367432,5.300000190734863,5.150000095367432,5.25,4.9706034660339355,900
2008-07-24,5.25,5.25,4.849999904632568,5.050000190734863,4.781247138977051,1160
2008-07-25,5.150000095367432,5.400000095367432,4.550000190734863,5.400000095367432,5.1126203536987305,4240
2008-07-28,4.949999809265137,4.949999809265137,4.5,4.550000190734863,4.307856559753418,3280
2008-07-29,5.150000095367432,5.150000095367432,4.800000190734863,4.849999904632568,4.591890811920166,240
2008-07-30,4.349999904632568,4.849999904632568,4.300000190734863,4.5,4.260517120361328,3140
2008-07-31,4.0,5.199999809265137,4.0,5.199999809265137,4.9232635498046875,3500
2008-08-01,5.300000190734863,5.849999904632568,5.25,5.800000190734863,5.4913330078125,2640
2008-08-04,6.150000095367432,6.449999809265137,5.75,6.449999809265137,6.106740951538086,5180
2008-08-05,6.75,7.0,6.25,7.0,6.627470970153809,4460
2008-08-06,7.25,7.449999809265137,6.599999904632568,6.949999809265137,6.580131530761719,1500
2008-08-07,7.0,7.400000095367432,7.0,7.050000190734863,6.67480993270874,3940
2008-08-08,7.099999904632568,7.099999904632568,6.900000095367432,6.949999809265137,6.580131530761719,280
2008-08-11,7.199999809265137,7.25,6.900000095367432,7.25,6.864166259765625,2600
2008-08-12,7.199999809265137,7.199999809265137,7.0,7.0,6.627470970153809,840
2008-08-13,7.25,7.25,6.949999809265137,7.150000095367432,6.769488334655762,1100
2008-08-14,7.150000095367432,7.150000095367432,7.150000095367432,7.150000095367432,6.769488334655762,0
2008-08-15,7.150000095367432,7.150000095367432,7.150000095367432,7.150000095367432,6.769488334655762,0
2008-08-18,7.150000095367432,7.150000095367432,7.150000095367432,7.150000095367432,6.769488334655762,0
2008-08-19,7.050000190734863,7.099999904632568,6.75,6.75,6.390775203704834,4480
2008-08-20,6.75,6.949999809265137,6.75,6.949999809265137,6.580131530761719,1020
2008-08-21,7.050000190734863,7.050000190734863,6.75,7.050000190734863,6.67480993270874,280
2008-08-22,7.050000190734863,7.050000190734863,7.050000190734863,7.050000190734863,6.67480993270874,0
2008-08-25,6.75,7.050000190734863,6.449999809265137,7.050000190734863,6.67480993270874,10640
2008-08-26,7.050000190734863,7.050000190734863,7.050000190734863,7.050000190734863,6.67480993270874,100
2008-08-27,6.599999904632568,7.0,6.599999904632568,6.900000095367432,6.532793045043945,120
2008-08-28,6.699999809265137,6.699999809265137,5.849999904632568,6.650000095367432,6.296097278594971,3620
2008-08-29,6.099999904632568,6.650000095367432,6.099999904632568,6.449999809265137,6.106740951538086,1180
2008-09-02,6.650000095367432,6.900000095367432,6.650000095367432,6.849999904632568,6.4854536056518555,860
2008-09-03,6.699999809265137,6.699999809265137,6.699999809265137,6.699999809265137,6.343436241149902,60
2008-09-04,6.400000095367432,6.599999904632568,6.099999904632568,6.599999904632568,6.248758316040039,700
2008-09-05,6.599999904632568,6.599999904632568,6.599999904632568,6.599999904632568,6.248758316040039,0
2008-09-08,6.0,6.650000095367432,5.900000095367432,6.650000095367432,6.296097278594971,520
2008-09-09,6.0,6.75,6.0,6.199999809265137,5.8700456619262695,520
2008-09-10,6.199999809265137,6.199999809265137,6.199999809265137,6.199999809265137,5.8700456619262695,0
2008-09-11,5.349999904632568,5.900000095367432,5.349999904632568,5.449999809265137,5.159959316253662,2340
2008-09-12,5.75,5.75,4.550000190734863,5.449999809265137,5.159959316253662,980
2008-09-15,5.0,6.0,5.0,5.449999809265137,5.159959316253662,960
2008-09-16,5.5,5.900000095367432,5.0,5.900000095367432,5.586010932922363,3040
2008-09-17,6.0,6.0,5.25,5.949999809265137,5.633349895477295,8340
2008-09-18,5.25,5.900000095367432,5.25,5.900000095367432,5.586010932922363,2160
2008-09-19,5.900000095367432,6.0,5.199999809265137,6.0,5.680689811706543,1060
2008-09-22,5.949999809265137,6.0,5.0,5.949999809265137,5.633349895477295,540
2008-09-23,6.0,6.150000095367432,5.099999904632568,6.150000095367432,5.822706699371338,1860
2008-09-24,6.150000095367432,6.150000095367432,6.150000095367432,6.150000095367432,5.822706699371338,0
2008-09-25,6.150000095367432,6.150000095367432,6.150000095367432,6.150000095367432,5.822706699371338,0
2008-09-26,6.150000095367432,6.150000095367432,6.150000095367432,6.150000095367432,5.822706699371338,0
2008-09-29,6.099999904632568,6.099999904632568,6.099999904632568,6.099999904632568,5.775367736816406,200
2008-09-30,5.449999809265137,6.150000095367432,5.449999809265137,6.150000095367432,5.822706699371338,140
2008-10-01,6.150000095367432,6.150000095367432,6.150000095367432,6.150000095367432,5.822706699371338,0
2008-10-02,5.300000190734863,5.849999904632568,5.300000190734863,5.849999904632568,5.538671970367432,320
2008-10-03,6.199999809265137,6.199999809265137,5.550000190734863,6.199999809265137,5.8700456619262695,700
2008-10-06,5.599999904632568,6.400000095367432,5.550000190734863,6.400000095367432,6.0594024658203125,3020
2008-10-07,4.550000190734863,6.349999904632568,4.550000190734863,5.900000095367432,5.586010932922363,380
2008-10-08,5.900000095367432,5.900000095367432,2.5,5.099999904632568,4.828585624694824,2280
2008-10-09,5.050000190734863,5.099999904632568,4.550000190734863,4.550000190734863,4.307856559753418,4080
2008-10-10,4.150000095367432,4.849999904632568,4.050000190734863,4.849999904632568,4.591890811920166,880
2008-10-13,5.050000190734863,5.900000095367432,5.050000190734863,5.5,5.207298278808594,2120
2008-10-14,5.650000095367432,5.650000095367432,5.150000095367432,5.599999904632568,5.301976680755615,2060
2008-10-15,5.849999904632568,5.849999904632568,5.650000095367432,5.650000095367432,5.349316120147705,80
2008-10-16,5.099999904632568,5.75,5.0,5.300000190734863,5.017942428588867,1400
2008-10-17,5.25,5.400000095367432,5.25,5.400000095367432,5.1126203536987305,860
2008-10-20,5.099999904632568,5.25,5.099999904632568,5.25,4.9706034660339355,640
2008-10-21,5.25,5.25,5.25,5.25,4.9706034660339355,40
2008-10-22,4.900000095367432,4.949999809265137,4.900000095367432,4.949999809265137,4.686568737030029,120
2008-10-23,4.800000190734863,4.800000190734863,4.650000095367432,4.75,4.4972124099731445,1100
2008-10-24,4.650000095367432,5.199999809265137,4.650000095367432,5.199999809265137,4.9232635498046875,340
2008-10-27,5.199999809265137,5.199999809265137,5.199999809265137,5.199999809265137,4.9232635498046875,0
2008-10-28,4.75,4.75,4.75,4.75,4.4972124099731445,200
2008-10-29,5.25,5.25,4.150000095367432,4.949999809265137,4.686568737030029,80
2008-10-30,4.949999809265137,4.949999809265137,4.949999809265137,4.949999809265137,4.686568737030029,0
2008-10-31,4.949999809265137,4.949999809265137,4.949999809265137,4.949999809265137,4.686568737030029,0
2008-11-03,4.949999809265137,4.949999809265137,4.949999809265137,4.949999809265137,4.686568737030029,0
2008-11-04,4.550000190734863,4.949999809265137,4.550000190734863,4.949999809265137,4.686568737030029,600
2008-11-05,4.949999809265137,4.949999809265137,4.949999809265137,4.949999809265137,4.686568737030029,0
2008-11-06,4.5,4.599999904632568,3.950000047683716,4.599999904632568,4.355195045471191,300
2008-11-07,4.599999904632568,4.599999904632568,4.599999904632568,4.599999904632568,4.355195045471191,0
2008-11-10,3.6500000953674316,4.650000095367432,3.6500000953674316,4.650000095367432,4.402534484863281,420
2008-11-11,4.599999904632568,4.599999904632568,3.299999952316284,4.449999809265137,4.2131781578063965,740
2008-11-12,4.150000095367432,4.150000095367432,4.150000095367432,4.150000095367432,3.9291434288024902,240
2008-11-13,4.5,4.5,4.5,4.5,4.260517120361328,20
2008-11-14,2.75,4.300000190734863,2.75,4.300000190734863,4.071160793304443,5880
2008-11-17,3.1500000953674316,3.75,3.0,3.75,3.5504307746887207,1160
2008-11-18,3.950000047683716,3.950000047683716,3.1500000953674316,3.75,3.5504307746887207,780
2008-11-19,3.9000000953674316,3.9000000953674316,3.9000000953674316,3.9000000953674316,3.692448139190674,40
2008-11-20,3.0,3.5,3.0,3.5,3.3137354850769043,120
2008-11-21,3.25,3.4000000953674316,3.0999999046325684,3.4000000953674316,3.219057559967041,1980
2008-11-24,3.3499999046325684,3.799999952316284,2.549999952316284,3.700000047683716,3.503091812133789,9260
2008-11-25,4.199999809265137,4.5,4.0,4.0,3.787126302719116,11620
2008-11-26,3.950000047683716,3.950000047683716,3.799999952316284,3.950000047683716,3.7397871017456055,4920
2008-11-28,4.0,4.150000095367432,3.9000000953674316,4.150000095367432,3.9291434288024902,1240
2008-12-01,4.0,4.099999904632568,3.6500000953674316,4.050000190734863,3.834465503692627,2940
2008-12-02,4.050000190734863,4.050000190734863,4.050000190734863,4.050000190734863,3.834465503692627,0
2008-12-03,4.300000190734863,4.300000190734863,3.049999952316284,4.0,3.787126302719116,6900
2008-12-04,4.300000190734863,4.300000190734863,3.5,4.099999904632568,3.8818042278289795,14160
2008-12-05,4.099999904632568,4.099999904632568,4.099999904632568,4.099999904632568,3.8818042278289795,0
2008-12-08,3.950000047683716,4.199999809265137,3.5999999046325684,3.9000000953674316,3.692448139190674,2360
2008-12-09,3.549999952316284,3.9000000953674316,3.549999952316284,3.9000000953674316,3.692448139190674,1140
2008-12-10,3.6500000953674316,3.75,3.549999952316284,3.75,3.5504307746887207,740
2008-12-11,4.099999904632568,4.099999904632568,3.549999952316284,3.549999952316284,3.361074447631836,340
2008-12-12,3.700000047683716,3.9000000953674316,3.700000047683716,3.9000000953674316,3.692448139190674,2380
2008-12-15,3.700000047683716,4.300000190734863,3.549999952316284,4.300000190734863,4.071160793304443,2220
2008-12-16,3.549999952316284,4.150000095367432,3.5,4.150000095367432,3.9291434288024902,2740
2008-12-17,3.549999952316284,3.549999952316284,3.549999952316284,3.549999952316284,3.361074447631836,160
2008-12-18,4.150000095367432,4.150000095367432,3.549999952316284,4.099999904632568,3.8818042278289795,500
2008-12-19,4.099999904632568,4.099999904632568,4.099999904632568,4.099999904632568,3.8818042278289795,0
2008-12-22,2.9000000953674316,3.75,2.9000000953674316,3.75,3.5504307746887207,4460
2008-12-23,3.5,3.5,2.799999952316284,2.8499999046325684,2.6983273029327393,2900
2008-12-24,3.0999999046325684,3.5,3.0999999046325684,3.450000047683716,3.2663965225219727,1080
2008-12-26,3.5,3.5,3.5,3.5,3.3137354850769043,320
2008-12-29,3.5,3.5,3.5,3.5,3.3137354850769043,1180
2008-12-30,3.450000047683716,3.5999999046325684,3.450000047683716,3.5999999046325684,3.4084136486053467,2040
2008-12-31,3.6500000953674316,4.0,3.1500000953674316,3.5999999046325684,3.4084136486053467,6580
2009-01-02,3.75,4.150000095367432,3.75,4.150000095367432,3.9291434288024902,1680
2009-01-05,4.0,4.349999904632568,4.0,4.099999904632568,3.8818042278289795,2160
2009-01-06,4.349999904632568,4.349999904632568,4.0,4.0,3.787126302719116,860
2009-01-07,3.8499999046325684,3.9000000953674316,3.299999952316284,3.9000000953674316,3.692448139190674,2040
2009-01-08,3.950000047683716,4.300000190734863,3.950000047683716,4.300000190734863,4.071160793304443,2820
2009-01-09,4.449999809265137,4.449999809265137,4.449999809265137,4.449999809265137,4.2131781578063965,620
2009-01-12,4.75,5.099999904632568,4.75,5.099999904632568,4.828585624694824,7100
2009-01-13,5.099999904632568,5.099999904632568,5.099999904632568,5.099999904632568,4.828585624694824,0
2009-01-14,4.75,5.400000095367432,4.75,5.400000095367432,5.1126203536987305,4480
2009-01-15,5.449999809265137,5.5,5.449999809265137,5.5,5.207298278808594,220
2009-01-16,5.5,5.5,5.5,5.5,5.207298278808594,0
2009-01-20,4.75,5.5,4.75,4.75,4.4972124099731445,2620
2009-01-21,5.449999809265137,5.449999809265137,5.449999809265137,5.449999809265137,5.159959316253662,20
2009-01-22,4.75,4.75,4.599999904632568,4.75,4.4972124099731445,860
2009-01-23,5.300000190734863,5.300000190734863,5.300000190734863,5.300000190734863,5.017942428588867,20
2009-01-26,5.099999904632568,5.099999904632568,5.099999904632568,5.099999904632568,4.828585624694824,40
2009-01-27,5.099999904632568,5.099999904632568,5.099999904632568,5.099999904632568,4.828585624694824,0
2009-01-28,4.800000190734863,5.0,4.800000190734863,5.0,4.733907699584961,100
2009-01-29,5.0,5.099999904632568,4.849999904632568,5.099999904632568,4.828585624694824,340
2009-01-30,5.099999904632568,5.099999904632568,5.099999904632568,5.099999904632568,4.828585624694824,0
2009-02-02,5.099999904632568,5.099999904632568,5.099999904632568,5.099999904632568,4.828585624694824,0
2009-02-03,4.75,5.050000190734863,4.75,5.0,4.733907699584961,220
2009-02-04,5.0,5.0,4.949999809265137,4.949999809265137,4.686568737030029,520
2009-02-05,4.949999809265137,4.949999809265137,4.949999809265137,4.949999809265137,4.686568737030029,0
2009-02-06,5.0,5.0,5.0,5.0,4.733907699584961,20
2009-02-09,5.0,5.0,5.0,5.0,4.733907699584961,0
2009-02-10,5.0,5.0,5.0,5.0,4.733907699584961,140
2009-02-11,5.0,5.0,5.0,5.0,4.733907699584961,0
2009-02-12,4.949999809265137,5.0,4.949999809265137,5.0,4.733907699584961,200
2009-02-13,5.0,5.0,5.0,5.0,4.733907699584961,0
2009-02-17,5.0,5.0,5.0,5.0,4.733907699584961,0
2009-02-18,5.0,5.0,5.0,5.0,4.733907699584961,0
2009-02-19,5.0,5.0,5.0,5.0,4.733907699584961,0
2009-02-20,4.099999904632568,5.0,4.099999904632568,5.0,4.733907699584961,180
2009-02-23,5.0,5.0,5.0,5.0,4.733907699584961,0
2009-02-24,5.0,5.0,5.0,5.0,4.733907699584961,0
2009-02-25,4.099999904632568,4.75,4.099999904632568,4.75,4.4972124099731445,200
2009-02-26,4.75,4.75,4.75,4.75,4.4972124099731445,0
2009-02-27,4.400000095367432,4.949999809265137,4.400000095367432,4.949999809265137,4.686568737030029,520
2009-03-02,4.949999809265137,4.949999809265137,4.949999809265137,4.949999809265137,4.686568737030029,0
2009-03-03,4.099999904632568,4.900000095367432,4.099999904632568,4.900000095367432,4.639229774475098,240
2009-03-04,3.8499999046325684,4.800000190734863,3.5999999046325684,4.75,4.4972124099731445,280
2009-03-05,4.75,4.800000190734863,4.25,4.800000190734863,4.544551372528076,120
2009-03-06,4.5,4.949999809265137,3.9000000953674316,4.949999809265137,4.686568737030029,260
2009-03-09,4.099999904632568,4.849999904632568,4.099999904632568,4.849999904632568,4.591890811920166,60
2009-03-10,4.099999904632568,4.849999904632568,4.099999904632568,4.849999904632568,4.591890811920166,200
2009-03-11,4.5,4.900000095367432,4.5,4.900000095367432,4.639229774475098,40
2009-03-12,4.349999904632568,4.849999904632568,4.349999904632568,4.849999904632568,4.591890811920166,40
2009-03-13,4.900000095367432,4.949999809265137,4.300000190734863,4.949999809265137,4.686568737030029,140
2009-03-16,4.300000190734863,4.900000095367432,4.300000190734863,4.900000095367432,4.639229774475098,60
2009-03-17,4.150000095367432,4.900000095367432,4.150000095367432,4.900000095367432,4.639229774475098,140
2009-03-18,4.150000095367432,4.900000095367432,4.150000095367432,4.849999904632568,4.591890811920166,520
2009-03-19,4.300000190734863,4.75,4.300000190734863,4.75,4.4972124099731445,60
2009-03-20,4.5,4.5,4.099999904632568,4.5,4.260517120361328,540
2009-03-23,4.099999904632568,4.699999809265137,4.099999904632568,4.699999809265137,4.449872970581055,1240
2009-03-24,4.699999809265137,4.699999809265137,4.699999809265137,4.699999809265137,4.449872970581055,0
2009-03-25,4.699999809265137,4.699999809265137,4.699999809265137,4.699999809265137,4.449872970581055,0
2009-03-26,4.150000095367432,4.5,4.150000095367432,4.5,4.260517120361328,1260
2009-03-27,4.300000190734863,4.300000190734863,4.300000190734863,4.300000190734863,4.071160793304443,280
2009-03-30,4.400000095367432,4.550000190734863,4.099999904632568,4.550000190734863,4.307856559753418,2560
2009-03-31,4.25,4.75,4.25,4.650000095367432,4.402534484863281,660
2009-04-01,4.099999904632568,4.75,4.099999904632568,4.75,4.4972124099731445,780
2009-04-02,4.150000095367432,4.650000095367432,4.099999904632568,4.650000095367432,4.402534484863281,1700
2009-04-03,4.349999904632568,4.599999904632568,4.349999904632568,4.599999904632568,4.355195045471191,340
2009-04-06,4.5,4.5,4.050000190734863,4.5,4.260517120361328,2560
2009-04-07,3.799999952316284,4.300000190734863,3.799999952316284,4.300000190734863,4.071160793304443,480
2009-04-08,4.199999809265137,4.449999809265137,4.199999809265137,4.449999809265137,4.2131781578063965,160
2009-04-09,4.050000190734863,4.5,4.050000190734863,4.5,4.260517120361328,2600
2009-04-13,3.950000047683716,4.449999809265137,3.9000000953674316,4.449999809265137,4.2131781578063965,640
2009-04-14,3.950000047683716,4.25,3.950000047683716,4.25,4.023821830749512,200
2009-04-15,4.050000190734863,4.400000095367432,4.050000190734863,4.400000095367432,4.165838718414307,240
2009-04-16,4.400000095367432,4.5,4.0,4.449999809265137,4.2131781578063965,980
2009-04-17,4.050000190734863,4.349999904632568,4.050000190734863,4.300000190734863,4.071160793304443,4360
2009-04-20,4.349999904632568,4.349999904632568,4.25,4.25,4.023821830749512,2460
2009-04-21,4.349999904632568,4.400000095367432,4.349999904632568,4.400000095367432,4.165838718414307,40
2009-04-22,4.050000190734863,4.400000095367432,4.050000190734863,4.400000095367432,4.165838718414307,1020
2009-04-23,4.400000095367432,4.400000095367432,4.400000095367432,4.400000095367432,4.165838718414307,0
2009-04-24,4.449999809265137,4.5,4.449999809265137,4.5,4.260517120361328,1720
2009-04-27,4.5,4.5,4.5,4.5,4.260517120361328,0
2009-04-28,4.550000190734863,5.25,4.550000190734863,4.900000095367432,4.639229774475098,2140
2009-04-29,5.199999809265137,5.550000190734863,5.199999809265137,5.449999809265137,5.159959316253662,1360
2009-04-30,5.099999904632568,5.099999904632568,5.099999904632568,5.099999904632568,4.828585624694824,200
2009-05-01,5.099999904632568,5.099999904632568,5.099999904632568,5.099999904632568,4.828585624694824,0
2009-05-04,5.0,6.0,5.0,5.800000190734863,5.4913330078125,4020
2009-05-05,5.599999904632568,5.800000190734863,5.599999904632568,5.800000190734863,5.4913330078125,100
2009-05-06,5.599999904632568,5.900000095367432,5.599999904632568,5.75,5.443994045257568,3400
2009-05-07,5.0,5.699999809265137,5.0,5.699999809265137,5.3966546058654785,100
2009-05-08,5.599999904632568,5.75,5.349999904632568,5.75,5.443994045257568,300
2009-05-11,5.75,5.75,5.75,5.75,5.443994045257568,0
2009-05-12,5.650000095367432,6.25,5.550000190734863,6.25,5.917384624481201,1820
2009-05-13,5.5,6.25,5.5,6.25,5.917384624481201,1160
2009-05-14,5.75,6.150000095367432,5.5,6.150000095367432,5.822706699371338,740
2009-05-15,6.150000095367432,6.150000095367432,6.150000095367432,6.150000095367432,5.822706699371338,0
2009-05-18,5.25,6.099999904632568,5.099999904632568,5.099999904632568,4.828585624694824,640
2009-05-19,5.599999904632568,5.849999904632568,5.599999904632568,5.800000190734863,5.4913330078125,640
2009-05-20,6.0,6.099999904632568,5.900000095367432,6.099999904632568,5.775367736816406,320
2009-05-21,6.099999904632568,6.099999904632568,6.099999904632568,6.099999904632568,5.775367736816406,0
2009-05-22,5.099999904632568,6.0,5.099999904632568,6.0,5.680689811706543,240
2009-05-26,5.0,5.800000190734863,5.0,5.800000190734863,5.4913330078125,180
2009-05-27,6.050000190734863,6.900000095367432,6.050000190734863,6.849999904632568,6.4854536056518555,15300
2009-05-28,6.849999904632568,6.849999904632568,5.900000095367432,6.550000190734863,6.201419353485107,1540
2009-05-29,6.5,6.699999809265137,6.5,6.699999809265137,6.343436241149902,580
2009-06-01,6.800000190734863,6.949999809265137,6.5,6.949999809265137,6.580131530761719,1260
2009-06-02,7.0,7.300000190734863,7.0,7.150000095367432,6.769488334655762,1580
2009-06-03,7.0,7.349999904632568,7.0,7.349999904632568,6.958844184875488,1360
2009-06-04,7.0,7.099999904632568,7.0,7.099999904632568,6.722148895263672,360
2009-06-05,7.349999904632568,7.349999904632568,7.199999809265137,7.199999809265137,6.816827297210693,60
2009-06-08,7.0,7.0,7.0,7.0,6.627470970153809,100
2009-06-09,6.050000190734863,6.949999809265137,6.050000190734863,6.949999809265137,6.580131530761719,2080
2009-06-10,7.349999904632568,7.349999904632568,6.400000095367432,6.599999904632568,6.248758316040039,1480
2009-06-11,6.699999809265137,6.699999809265137,6.699999809265137,6.699999809265137,6.343436241149902,240
2009-06-12,6.699999809265137,6.699999809265137,6.699999809265137,6.699999809265137,6.343436241149902,0
2009-06-15,7.0,7.0,6.900000095367432,6.900000095367432,6.532793045043945,220
2009-06-16,7.0,7.400000095367432,6.949999809265137,7.400000095367432,7.006183624267578,11060
2009-06-17,7.800000190734863,7.800000190734863,7.150000095367432,7.400000095367432,7.006183624267578,4340
2009-06-18,7.400000095367432,7.400000095367432,7.400000095367432,7.400000095367432,7.006183624267578,0
2009-06-19,7.199999809265137,7.400000095367432,7.199999809265137,7.400000095367432,7.006183624267578,120
2009-06-22,6.25,7.050000190734863,6.050000190734863,6.900000095367432,6.532793045043945,2480
2009-06-23,6.900000095367432,6.900000095367432,6.900000095367432,6.900000095367432,6.532793045043945,0
2009-06-24,6.900000095367432,6.900000095367432,6.900000095367432,6.900000095367432,6.532793045043945,0
2009-06-25,6.150000095367432,6.400000095367432,6.0,6.099999904632568,5.775367736816406,960
2009-06-26,6.25,6.449999809265137,6.25,6.449999809265137,6.106740951538086,60
2009-06-29,6.0,6.300000190734863,5.800000190734863,6.300000190734863,5.964724063873291,4220
2009-06-30,5.949999809265137,6.650000095367432,5.949999809265137,6.650000095367432,6.296097278594971,1240
2009-07-01,6.75,6.75,6.75,6.75,6.390775203704834,60
2009-07-02,6.300000190734863,6.699999809265137,6.300000190734863,6.699999809265137,6.343436241149902,120
2009-07-06,6.800000190734863,6.800000190734863,6.800000190734863,6.800000190734863,6.438115119934082,260
2009-07-07,6.75,6.849999904632568,6.75,6.849999904632568,6.4854536056518555,180
2009-07-08,6.849999904632568,6.849999904632568,6.849999904632568,6.849999904632568,6.4854536056518555,0
2009-07-09,6.849999904632568,6.849999904632568,6.849999904632568,6.849999904632568,6.4854536056518555,0
2009-07-10,6.300000190734863,6.300000190734863,6.199999809265137,6.25,5.917384624481201,540
2009-07-13,6.5,6.5,6.5,6.5,6.154080390930176,120
2009-07-14,6.25,6.25,5.5,6.0,5.680689811706543,3360
2009-07-15,5.900000095367432,5.949999809265137,5.650000095367432,5.75,5.443994045257568,4940
2009-07-16,5.5,5.800000190734863,5.5,5.550000190734863,5.254637718200684,5620
2009-07-17,5.849999904632568,5.849999904632568,5.849999904632568,5.849999904632568,5.538671970367432,160
2009-07-20,5.599999904632568,5.75,5.25,5.75,5.443994045257568,1420
2009-07-21,5.849999904632568,5.900000095367432,5.849999904632568,5.900000095367432,5.586010932922363,100
2009-07-22,5.900000095367432,5.900000095367432,5.900000095367432,5.900000095367432,5.586010932922363,0
2009-07-23,5.900000095367432,6.199999809265137,5.900000095367432,6.199999809265137,5.8700456619262695,1020
2009-07-24,6.25,6.300000190734863,6.25,6.25,5.917384624481201,100
2009-07-27,6.099999904632568,6.099999904632568,6.099999904632568,6.099999904632568,5.775367736816406,240
2009-07-28,6.099999904632568,6.099999904632568,6.099999904632568,6.099999904632568,5.775367736816406,0
2009-07-29,5.599999904632568,5.900000095367432,5.300000190734863,5.400000095367432,5.1126203536987305,1300
2009-07-30,5.699999809265137,5.699999809265137,5.349999904632568,5.349999904632568,5.065281391143799,11540
2009-07-31,5.650000095367432,5.650000095367432,5.650000095367432,5.650000095367432,5.349316120147705,2200
2009-08-03,6.0,6.099999904632568,5.550000190734863,5.650000095367432,5.349316120147705,1080
2009-08-04,5.75,5.75,5.400000095367432,5.699999809265137,5.3966546058654785,200
2009-08-05,5.5,5.949999809265137,5.5,5.949999809265137,5.633349895477295,140
2009-08-06,5.949999809265137,5.949999809265137,5.949999809265137,5.949999809265137,5.633349895477295,0
2009-08-07,5.949999809265137,8.449999809265137,5.949999809265137,7.800000190734863,7.384896278381348,18660
2009-08-10,8.100000381469727,8.5,6.75,7.300000190734863,6.911505699157715,6700
2009-08-11,7.449999809265137,7.449999809265137,6.75,6.949999809265137,6.580131530761719,1180
2009-08-12,6.900000095367432,7.400000095367432,6.900000095367432,6.900000095367432,6.532793045043945,840
2009-08-13,7.25,7.25,7.0,7.199999809265137,6.816827297210693,320
2009-08-14,7.25,7.25,7.25,7.25,6.864166259765625,60
2009-08-17,7.5,7.5,6.900000095367432,6.900000095367432,6.532793045043945,4360
2009-08-18,6.699999809265137,6.699999809265137,5.75,5.75,5.443994045257568,980
2009-08-19,5.650000095367432,6.800000190734863,5.650000095367432,5.75,5.443994045257568,1020
2009-08-20,5.75,5.75,5.75,5.75,5.443994045257568,0
2009-08-21,5.699999809265137,5.849999904632568,5.699999809265137,5.849999904632568,5.538671970367432,1940
2009-08-24,5.75,6.099999904632568,5.75,5.75,5.443994045257568,200
2009-08-25,6.5,7.5,5.800000190734863,7.349999904632568,6.958844184875488,8520
2009-08-26,6.150000095367432,7.300000190734863,6.150000095367432,6.449999809265137,6.106740951538086,2380
2009-08-27,6.75,6.75,6.25,6.25,5.917384624481201,200
2009-08-28,6.449999809265137,7.0,6.449999809265137,7.0,6.627470970153809,360
2009-08-31,6.699999809265137,6.699999809265137,6.699999809265137,6.699999809265137,6.343436241149902,140
2009-09-01,6.699999809265137,6.699999809265137,6.699999809265137,6.699999809265137,6.343436241149902,0
2009-09-02,6.150000095367432,6.650000095367432,6.150000095367432,6.349999904632568,6.0120625495910645,3260
2009-09-03,6.449999809265137,6.449999809265137,6.449999809265137,6.449999809265137,6.106740951538086,400
2009-09-04,6.099999904632568,6.849999904632568,6.099999904632568,6.849999904632568,6.4854536056518555,140
2009-09-08,5.75,6.550000190734863,5.75,6.550000190734863,6.201419353485107,2800
2009-09-09,6.550000190734863,6.550000190734863,6.550000190734863,6.550000190734863,6.201419353485107,0
2009-09-10,6.550000190734863,6.550000190734863,6.550000190734863,6.550000190734863,6.201419353485107,0
2009-09-11,5.900000095367432,6.5,5.800000190734863,6.5,6.154080390930176,440
2009-09-14,5.849999904632568,6.449999809265137,5.800000190734863,6.400000095367432,6.0594024658203125,1240
2009-09-15,6.400000095367432,6.400000095367432,6.400000095367432,6.400000095367432,6.0594024658203125,0
2009-09-16,5.849999904632568,6.150000095367432,5.849999904632568,6.150000095367432,5.822706699371338,160
2009-09-17,5.849999904632568,6.050000190734863,5.800000190734863,6.050000190734863,5.728028774261475,3480
2009-09-18,5.849999904632568,6.199999809265137,5.800000190734863,6.199999809265137,5.8700456619262695,1000
2009-09-21,5.75,5.849999904632568,5.75,5.849999904632568,5.538671970367432,1880
2009-09-22,5.849999904632568,5.849999904632568,5.849999904632568,5.849999904632568,5.538671970367432,1100
2009-09-23,5.849999904632568,6.199999809265137,5.849999904632568,6.199999809265137,5.8700456619262695,560
2009-09-24,6.199999809265137,6.199999809265137,6.199999809265137,6.199999809265137,5.8700456619262695,0
2009-09-25,6.199999809265137,6.199999809265137,6.199999809265137,6.199999809265137,5.8700456619262695,0
2009-09-28,6.349999904632568,6.400000095367432,5.849999904632568,6.349999904632568,6.0120625495910645,220
2009-09-29,6.25,6.25,5.849999904632568,6.199999809265137,5.8700456619262695,160
2009-09-30,5.849999904632568,6.349999904632568,5.849999904632568,6.25,5.917384624481201,300
2009-10-01,5.900000095367432,6.25,5.900000095367432,6.25,5.917384624481201,980
2009-10-02,5.900000095367432,5.900000095367432,5.849999904632568,5.849999904632568,5.538671970367432,2020
2009-10-05,5.5,6.25,5.5,6.25,5.917384624481201,340
2009-10-06,5.75,6.199999809265137,5.550000190734863,5.949999809265137,5.633349895477295,1920
2009-10-07,5.75,5.75,5.75,5.75,5.443994045257568,280
2009-10-08,5.849999904632568,6.349999904632568,5.800000190734863,5.949999809265137,5.633349895477295,2380
2009-10-09,6.0,6.25,6.0,6.25,5.917384624481201,1500
2009-10-12,6.25,6.400000095367432,5.900000095367432,6.400000095367432,6.0594024658203125,3140
2009-10-13,5.849999904632568,6.300000190734863,5.849999904632568,6.300000190734863,5.964724063873291,160
2009-10-14,6.300000190734863,6.300000190734863,5.849999904632568,5.849999904632568,5.538671970367432,280
2009-10-15,5.900000095367432,6.099999904632568,5.849999904632568,6.099999904632568,5.775367736816406,1060
2009-10-16,6.099999904632568,6.099999904632568,6.099999904632568,6.099999904632568,5.775367736816406,0
2009-10-19,5.849999904632568,6.099999904632568,5.800000190734863,6.099999904632568,5.775367736816406,760
2009-10-20,6.150000095367432,6.150000095367432,6.150000095367432,6.150000095367432,5.822706699371338,100
2009-10-21,6.150000095367432,6.150000095367432,6.150000095367432,6.150000095367432,5.822706699371338,0
2009-10-22,5.849999904632568,6.150000095367432,5.550000190734863,6.150000095367432,5.822706699371338,1060
2009-10-23,6.150000095367432,6.150000095367432,6.150000095367432,6.150000095367432,5.822706699371338,0
2009-10-26,5.5,6.150000095367432,5.5,6.0,5.680689811706543,360
2009-10-27,6.0,6.0,6.0,6.0,5.680689811706543,0
2009-10-28,5.5,5.75,5.5,5.75,5.443994045257568,260
2009-10-29,5.75,6.099999904632568,5.75,6.050000190734863,5.728028774261475,420
2009-10-30,6.0,6.0,5.900000095367432,6.0,5.680689811706543,260
2009-11-02,5.5,6.050000190734863,5.099999904632568,5.800000190734863,5.4913330078125,800
2009-11-03,5.800000190734863,5.800000190734863,5.800000190734863,5.800000190734863,5.4913330078125,0
2009-11-04,5.449999809265137,5.900000095367432,5.449999809265137,5.900000095367432,5.586010932922363,440
2009-11-05,5.75,6.0,5.25,6.0,5.680689811706543,1720
2009-11-06,6.0,6.0,6.0,6.0,5.680689811706543,0
2009-11-09,5.050000190734863,5.900000095367432,5.050000190734863,5.900000095367432,5.586010932922363,640
2009-11-10,5.199999809265137,5.449999809265137,5.199999809265137,5.449999809265137,5.159959316253662,280
2009-11-11,5.25,5.599999904632568,5.099999904632568,5.599999904632568,5.301976680755615,1180
2009-11-12,5.699999809265137,5.699999809265137,5.300000190734863,5.699999809265137,5.3966546058654785,800
2009-11-13,5.699999809265137,5.75,5.099999904632568,5.75,5.443994045257568,540
2009-11-16,5.349999904632568,5.75,5.349999904632568,5.75,5.443994045257568,1280
2009-11-17,5.300000190734863,5.699999809265137,5.099999904632568,5.699999809265137,5.3966546058654785,1020
2009-11-18,5.400000095367432,5.75,5.400000095367432,5.75,5.443994045257568,1100
2009-11-19,5.75,5.75,5.75,5.75,5.443994045257568,240
2009-11-20,5.300000190734863,5.75,5.099999904632568,5.75,5.443994045257568,520
2009-11-23,5.550000190734863,5.699999809265137,5.400000095367432,5.699999809265137,5.3966546058654785,140
2009-11-24,5.449999809265137,5.75,5.199999809265137,5.650000095367432,5.349316120147705,740
2009-11-25,5.400000095367432,5.599999904632568,5.400000095367432,5.599999904632568,5.301976680755615,520
2009-11-27,5.349999904632568,5.5,5.349999904632568,5.5,5.207298278808594,460
2009-11-30,5.199999809265137,5.25,5.150000095367432,5.25,4.9706034660339355,800
2009-12-01,5.099999904632568,5.099999904632568,5.099999904632568,5.099999904632568,4.828585624694824,720
2009-12-02,5.150000095367432,5.449999809265137,5.150000095367432,5.449999809265137,5.159959316253662,260
2009-12-03,5.199999809265137,5.449999809265137,5.099999904632568,5.449999809265137,5.159959316253662,600
2009-12-04,5.449999809265137,5.449999809265137,5.449999809265137,5.449999809265137,5.159959316253662,0
2009-12-07,5.25,5.25,5.099999904632568,5.099999904632568,4.828585624694824,160
2009-12-08,5.099999904632568,5.5,5.050000190734863,5.25,4.9706034660339355,720
2009-12-09,5.400000095367432,5.400000095367432,5.400000095367432,5.400000095367432,5.1126203536987305,60
2009-12-10,5.449999809265137,5.449999809265137,5.449999809265137,5.449999809265137,5.159959316253662,60
2009-12-11,5.449999809265137,5.449999809265137,5.449999809265137,5.449999809265137,5.159959316253662,0
2009-12-14,5.400000095367432,5.400000095367432,5.400000095367432,5.400000095367432,5.1126203536987305,160
2009-12-15,5.449999809265137,5.449999809265137,5.449999809265137,5.449999809265137,5.159959316253662,60
2009-12-16,5.400000095367432,5.449999809265137,5.050000190734863,5.050000190734863,4.781247138977051,4240
2009-12-17,5.449999809265137,5.449999809265137,5.0,5.0,4.733907699584961,2040
2009-12-18,5.0,5.449999809265137,5.0,5.449999809265137,5.159959316253662,5060
2009-12-21,5.449999809265137,5.449999809265137,4.849999904632568,5.25,4.9706034660339355,860
2009-12-22,4.800000190734863,5.300000190734863,4.550000190734863,5.300000190734863,5.017942428588867,280
2009-12-23,5.0,5.0,4.699999809265137,4.949999809265137,4.686568737030029,580
2009-12-24,4.599999904632568,4.949999809265137,4.599999904632568,4.849999904632568,4.591890811920166,1380
2009-12-28,4.599999904632568,5.5,4.599999904632568,5.449999809265137,5.159959316253662,107720
2009-12-29,5.0,5.75,4.949999809265137,5.75,5.443994045257568,14780
2009-12-30,5.75,5.75,5.599999904632568,5.75,5.443994045257568,1500
2009-12-31,5.150000095367432,5.75,5.150000095367432,5.650000095367432,5.349316120147705,6360
2010-01-04,5.400000095367432,5.75,5.400000095367432,5.699999809265137,5.3966546058654785,1020
2010-01-05,5.75,5.75,5.75,5.75,5.443994045257568,60
2010-01-06,5.550000190734863,5.75,5.550000190734863,5.699999809265137,5.3966546058654785,1280
2010-01-07,5.75,5.75,5.599999904632568,5.75,5.443994045257568,860
2010-01-08,5.75,5.75,5.75,5.75,5.443994045257568,40
2010-01-11,5.75,5.75,5.550000190734863,5.699999809265137,5.3966546058654785,860
2010-01-12,5.75,5.75,5.650000095367432,5.75,5.443994045257568,200
2010-01-13,5.650000095367432,5.75,5.550000190734863,5.650000095367432,5.349316120147705,1780
2010-01-14,5.650000095367432,5.75,5.550000190734863,5.75,5.443994045257568,11840
2010-01-15,6.0,6.099999904632568,5.800000190734863,5.800000190734863,5.4913330078125,1340
2010-01-19,6.099999904632568,6.099999904632568,6.050000190734863,6.099999904632568,5.775367736816406,160
2010-01-20,5.949999809265137,6.099999904632568,5.949999809265137,6.099999904632568,5.775367736816406,80
2010-01-21,6.050000190734863,6.25,6.050000190734863,6.25,5.917384624481201,500
2010-01-22,6.25,6.25,6.25,6.25,5.917384624481201,100
2010-01-25,6.25,6.25,5.650000095367432,5.75,5.443994045257568,4700
2010-01-26,5.599999904632568,5.599999904632568,5.599999904632568,5.599999904632568,5.301976680755615,100
2010-01-27,5.550000190734863,5.800000190734863,5.300000190734863,5.800000190734863,5.4913330078125,2260
2010-01-28,5.650000095367432,5.650000095367432,5.400000095367432,5.599999904632568,5.301976680755615,1640
2010-01-29,5.599999904632568,5.599999904632568,5.599999904632568,5.599999904632568,5.301976680755615,0
2010-02-01,5.300000190734863,5.800000190734863,5.25,5.800000190734863,5.4913330078125,1420
2010-02-02,5.5,5.800000190734863,5.5,5.75,5.443994045257568,3160
2010-02-03,5.650000095367432,5.900000095367432,5.650000095367432,5.900000095367432,5.586010932922363,1100
2010-02-04,5.650000095367432,6.0,5.599999904632568,5.849999904632568,5.538671970367432,2060
2010-02-05,5.900000095367432,5.900000095367432,5.900000095367432,5.900000095367432,5.586010932922363,60
2010-02-08,5.699999809265137,5.849999904632568,5.699999809265137,5.849999904632568,5.538671970367432,1340
2010-02-09,5.699999809265137,6.099999904632568,5.650000095367432,5.75,5.443994045257568,2640
2010-02-10,5.75,5.75,5.75,5.75,5.443994045257568,0
2010-02-11,5.75,5.75,5.75,5.75,5.443994045257568,40
2010-02-12,5.75,5.75,5.75,5.75,5.443994045257568,0
2010-02-16,5.699999809265137,5.75,5.699999809265137,5.75,5.443994045257568,140
2010-02-17,5.550000190734863,5.599999904632568,5.400000095367432,5.599999904632568,5.301976680755615,580
2010-02-18,5.599999904632568,5.599999904632568,5.599999904632568,5.599999904632568,5.301976680755615,0
2010-02-19,5.550000190734863,5.599999904632568,5.5,5.599999904632568,5.301976680755615,360
2010-02-22,5.5,6.0,5.300000190734863,5.5,5.207298278808594,2560
2010-02-23,5.400000095367432,5.650000095367432,5.400000095367432,5.599999904632568,5.301976680755615,140
2010-02-24,5.599999904632568,5.849999904632568,5.599999904632568,5.849999904632568,5.538671970367432,2020
2010-02-25,5.949999809265137,6.0,5.949999809265137,6.0,5.680689811706543,120
2010-02-26,6.0,6.0,5.699999809265137,5.849999904632568,5.538671970367432,560
2010-03-01,5.800000190734863,5.800000190734863,5.800000190734863,5.800000190734863,5.4913330078125,460
2010-03-02,5.599999904632568,5.800000190734863,5.599999904632568,5.800000190734863,5.4913330078125,80
2010-03-03,5.800000190734863,6.0,5.800000190734863,5.949999809265137,5.633349895477295,760
2010-03-04,5.849999904632568,6.0,5.849999904632568,6.0,5.680689811706543,520
2010-03-05,5.949999809265137,6.050000190734863,5.949999809265137,6.050000190734863,5.728028774261475,780
2010-03-08,5.800000190734863,6.199999809265137,5.800000190734863,6.199999809265137,5.8700456619262695,1060
2010-03-09,6.25,6.25,6.25,6.25,5.917384624481201,1660
2010-03-10,6.25,6.25,6.0,6.25,5.917384624481201,2980
2010-03-11,7.5,8.300000190734863,6.900000095367432,7.050000190734863,6.67480993270874,43880
2010-03-12,6.699999809265137,7.050000190734863,6.300000190734863,7.050000190734863,6.67480993270874,13220
2010-03-15,6.75,7.400000095367432,6.75,6.75,6.390775203704834,3720
2010-03-16,7.0,7.0,6.349999904632568,6.699999809265137,6.343436241149902,8520
2010-03-17,6.599999904632568,6.75,6.599999904632568,6.699999809265137,6.343436241149902,900
2010-03-18,6.5,6.5,6.5,6.5,6.154080390930176,180
2010-03-19,6.400000095367432,6.650000095367432,6.400000095367432,6.650000095367432,6.296097278594971,1460
2010-03-22,6.349999904632568,7.150000095367432,6.349999904632568,7.150000095367432,6.769488334655762,240
2010-03-23,7.050000190734863,7.199999809265137,6.900000095367432,6.900000095367432,6.532793045043945,480
2010-03-24,6.900000095367432,6.900000095367432,6.550000190734863,6.900000095367432,6.532793045043945,160
2010-03-25,6.75,7.0,6.5,6.599999904632568,6.248758316040039,2480
2010-03-26,6.400000095367432,6.900000095367432,6.400000095367432,6.849999904632568,6.4854536056518555,1860
2010-03-29,6.699999809265137,6.800000190734863,6.699999809265137,6.800000190734863,6.438115119934082,100
2010-03-30,6.400000095367432,6.650000095367432,6.400000095367432,6.650000095367432,6.296097278594971,80
2010-03-31,6.349999904632568,6.75,6.25,6.25,5.917384624481201,19720
2010-04-01,6.300000190734863,6.800000190734863,6.300000190734863,6.800000190734863,6.438115119934082,420
2010-04-05,6.800000190734863,6.800000190734863,6.800000190734863,6.800000190734863,6.438115119934082,0
2010-04-06,6.550000190734863,6.849999904632568,6.550000190734863,6.849999904632568,6.4854536056518555,100
2010-04-07,6.550000190734863,6.650000095367432,6.5,6.650000095367432,6.296097278594971,840
2010-04-08,6.5,6.650000095367432,6.5,6.650000095367432,6.296097278594971,2180
2010-04-09,6.599999904632568,6.599999904632568,6.449999809265137,6.5,6.154080390930176,1560
2010-04-12,6.150000095367432,6.550000190734863,6.150000095367432,6.5,6.154080390930176,5080
2010-04-13,6.199999809265137,6.550000190734863,6.199999809265137,6.550000190734863,6.201419353485107,2820
2010-04-14,6.400000095367432,6.550000190734863,6.25,6.5,6.154080390930176,4960
2010-04-15,6.400000095367432,6.550000190734863,6.400000095367432,6.5,6.154080390930176,3060
2010-04-16,6.550000190734863,6.599999904632568,6.400000095367432,6.599999904632568,6.248758316040039,520
2010-04-19,6.199999809265137,6.599999904632568,6.150000095367432,6.449999809265137,6.106740951538086,2340
2010-04-20,6.349999904632568,6.599999904632568,6.099999904632568,6.599999904632568,6.248758316040039,3160
2010-04-21,6.599999904632568,6.599999904632568,6.599999904632568,6.599999904632568,6.248758316040039,0
2010-04-22,6.5,6.699999809265137,6.5,6.699999809265137,6.343436241149902,4160
2010-04-23,6.599999904632568,6.849999904632568,6.5,6.75,6.390775203704834,800
2010-04-26,6.599999904632568,6.800000190734863,6.5,6.75,6.390775203704834,6920
2010-04-27,6.449999809265137,6.599999904632568,6.199999809265137,6.599999904632568,6.248758316040039,500
2010-04-28,6.5,6.550000190734863,6.400000095367432,6.550000190734863,6.201419353485107,860
2010-04-29,6.400000095367432,6.650000095367432,6.25,6.650000095367432,6.296097278594971,7480
2010-04-30,6.5,6.650000095367432,6.5,6.650000095367432,6.296097278594971,1420
2010-05-03,7.099999904632568,9.100000381469727,7.099999904632568,8.199999809265137,7.763608455657959,76740
2010-05-04,8.399999618530273,8.399999618530273,7.300000190734863,7.849999904632568,7.432234764099121,9820
2010-05-05,7.5,7.800000190734863,7.349999904632568,7.75,7.337556838989258,5700
2010-05-06,7.300000190734863,8.25,7.300000190734863,8.149999618530273,7.716269493103027,8460
2010-05-07,7.75,8.350000381469727,7.599999904632568,7.949999809265137,7.526913642883301,5760
2010-05-10,8.0,8.699999809265137,8.0,8.300000190734863,7.8582868576049805,5100
2010-05-11,8.100000381469727,8.300000190734863,8.100000381469727,8.300000190734863,7.8582868576049805,2520
2010-05-12,8.0,8.699999809265137,8.0,8.649999618530273,8.18966007232666,14880
2010-05-13,8.75,8.949999809265137,8.75,8.949999809265137,8.473694801330566,6420
2010-05-14,8.550000190734863,8.850000381469727,8.5,8.5,8.047643661499023,7900
2010-05-17,8.350000381469727,8.5,7.75,7.949999809265137,7.526913642883301,5420
2010-05-18,8.050000190734863,8.050000190734863,7.650000095367432,7.650000095367432,7.2428789138793945,900
2010-05-19,7.5,7.900000095367432,7.5,7.599999904632568,7.195539951324463,1620
2010-05-20,7.449999809265137,7.650000095367432,7.199999809265137,7.349999904632568,6.958844184875488,4660
2010-05-21,7.099999904632568,7.75,7.099999904632568,7.550000190734863,7.148200988769531,1900
2010-05-24,7.75,7.800000190734863,7.550000190734863,7.800000190734863,7.384896278381348,2660
2010-05-25,7.349999904632568,8.050000190734863,7.099999904632568,7.349999904632568,6.958844184875488,1380
2010-05-26,7.300000190734863,8.399999618530273,7.300000190734863,8.25,7.810947895050049,1760
2010-05-27,8.0,8.350000381469727,7.550000190734863,7.650000095367432,7.2428789138793945,7600
2010-05-28,8.050000190734863,8.149999618530273,7.5,7.849999904632568,7.432234764099121,220
2010-06-01,7.5,7.5,7.0,7.150000095367432,6.769488334655762,1880
2010-06-02,7.300000190734863,7.300000190734863,7.0,7.25,6.864166259765625,180
2010-06-03,7.349999904632568,7.400000095367432,7.050000190734863,7.400000095367432,7.006183624267578,420
2010-06-04,7.300000190734863,7.550000190734863,7.0,7.550000190734863,7.148200988769531,2280
2010-06-07,7.599999904632568,7.599999904632568,7.599999904632568,7.599999904632568,7.195539951324463,40
2010-06-08,7.599999904632568,7.599999904632568,7.599999904632568,7.599999904632568,7.195539951324463,0
2010-06-09,7.5,7.650000095367432,7.400000095367432,7.650000095367432,7.2428789138793945,1320
2010-06-10,7.699999809265137,7.699999809265137,7.25,7.699999809265137,7.290217876434326,320
2010-06-11,7.699999809265137,7.699999809265137,7.699999809265137,7.699999809265137,7.290217876434326,0
2010-06-14,7.349999904632568,7.349999904632568,7.0,7.150000095367432,6.769488334655762,8200
2010-06-15,7.0,7.25,6.849999904632568,7.150000095367432,6.769488334655762,240
2010-06-16,6.599999904632568,7.099999904632568,6.550000190734863,6.550000190734863,6.201419353485107,480
2010-06-17,6.800000190734863,6.849999904632568,6.25,6.849999904632568,6.4854536056518555,240
2010-06-18,6.5,7.0,6.349999904632568,6.5,6.154080390930176,220
2010-06-21,6.800000190734863,7.699999809265137,6.349999904632568,6.699999809265137,6.343436241149902,2120
2010-06-22,7.0,7.0,6.650000095367432,7.0,6.627470970153809,220
2010-06-23,6.699999809265137,7.050000190734863,6.449999809265137,6.75,6.390775203704834,820
2010-06-24,7.0,7.0,6.550000190734863,6.900000095367432,6.532793045043945,1100
2010-06-25,7.099999904632568,7.099999904632568,6.400000095367432,6.800000190734863,6.438115119934082,1060
2010-06-28,6.400000095367432,6.75,6.400000095367432,6.75,6.390775203704834,580
2010-06-29,6.25,6.5,5.849999904632568,6.5,6.154080390930176,400
2010-06-30,6.0,6.0,5.150000095367432,5.75,5.443994045257568,3900
2010-07-01,5.650000095367432,5.900000095367432,5.650000095367432,5.900000095367432,5.586010932922363,1920
2010-07-02,5.900000095367432,5.900000095367432,5.900000095367432,5.900000095367432,5.586010932922363,80
2010-07-06,5.800000190734863,5.800000190734863,5.699999809265137,5.800000190734863,5.4913330078125,1640
2010-07-07,5.800000190734863,5.849999904632568,5.599999904632568,5.849999904632568,5.538671970367432,860
2010-07-08,5.800000190734863,5.800000190734863,5.699999809265137,5.800000190734863,5.4913330078125,60
2010-07-09,5.849999904632568,6.0,5.75,5.800000190734863,5.4913330078125,5040
2010-07-12,5.599999904632568,5.75,5.599999904632568,5.75,5.443994045257568,240
2010-07-13,5.75,5.900000095367432,5.75,5.849999904632568,5.538671970367432,1520
2010-07-14,5.449999809265137,5.849999904632568,5.449999809265137,5.849999904632568,5.538671970367432,1380
2010-07-15,5.599999904632568,5.849999904632568,5.599999904632568,5.849999904632568,5.538671970367432,240
2010-07-16,5.849999904632568,5.849999904632568,5.849999904632568,5.849999904632568,5.538671970367432,0
2010-07-19,5.800000190734863,5.800000190734863,5.800000190734863,5.800000190734863,5.4913330078125,640
2010-07-20,5.900000095367432,5.900000095367432,5.900000095367432,5.900000095367432,5.586010932922363,100
2010-07-21,5.650000095367432,5.699999809265137,5.0,5.599999904632568,5.301976680755615,2660
2010-07-22,5.25,5.550000190734863,5.25,5.550000190734863,5.254637718200684,200
2010-07-23,5.5,5.5,5.25,5.449999809265137,5.159959316253662,1140
2010-07-26,5.5,5.599999904632568,5.449999809265137,5.599999904632568,5.301976680755615,340
2010-07-27,5.650000095367432,5.699999809265137,5.300000190734863,5.599999904632568,5.301976680755615,1420
2010-07-28,6.199999809265137,6.199999809265137,5.300000190734863,6.199999809265137,5.8700456619262695,480
2010-07-29,6.25,6.25,5.349999904632568,5.949999809265137,5.633349895477295,540
2010-07-30,5.5,6.0,5.449999809265137,5.949999809265137,5.633349895477295,1300
2010-08-02,5.949999809265137,6.800000190734863,5.849999904632568,6.150000095367432,5.822706699371338,740
2010-08-03,6.150000095367432,6.150000095367432,6.150000095367432,6.150000095367432,5.822706699371338,0
2010-08-04,6.150000095367432,6.150000095367432,6.150000095367432,6.150000095367432,5.822706699371338,0
2010-08-05,5.900000095367432,6.150000095367432,5.75,6.099999904632568,5.775367736816406,1280
2010-08-06,5.650000095367432,6.050000190734863,5.599999904632568,6.050000190734863,5.728028774261475,200
2010-08-09,5.699999809265137,6.050000190734863,5.699999809265137,6.050000190734863,5.728028774261475,180
2010-08-10,6.050000190734863,6.050000190734863,6.050000190734863,6.050000190734863,5.728028774261475,0
2010-08-11,5.900000095367432,5.949999809265137,5.449999809265137,5.800000190734863,5.4913330078125,1480
2010-08-12,5.800000190734863,5.800000190734863,5.800000190734863,5.800000190734863,5.4913330078125,0
2010-08-13,5.800000190734863,5.800000190734863,5.800000190734863,5.800000190734863,5.4913330078125,0
2010-08-16,5.75,5.75,5.550000190734863,5.699999809265137,5.3966546058654785,120
2010-08-17,5.449999809265137,5.699999809265137,5.349999904632568,5.699999809265137,5.3966546058654785,300
2010-08-18,5.349999904632568,5.650000095367432,5.349999904632568,5.650000095367432,5.349316120147705,120
2010-08-19,5.349999904632568,5.349999904632568,5.300000190734863,5.349999904632568,5.065281391143799,1860
2010-08-20,5.349999904632568,5.650000095367432,4.900000095367432,5.650000095367432,5.349316120147705,2720
2010-08-23,5.650000095367432,5.650000095367432,5.650000095367432,5.650000095367432,5.349316120147705,0
2010-08-24,5.25,5.599999904632568,5.25,5.599999904632568,5.301976680755615,720
2010-08-25,5.199999809265137,5.5,4.900000095367432,4.900000095367432,4.639229774475098,1880
2010-08-26,4.949999809265137,5.349999904632568,4.699999809265137,4.75,4.4972124099731445,1760
2010-08-27,4.699999809265137,5.150000095367432,4.650000095367432,5.150000095367432,4.875925064086914,500
2010-08-30,4.900000095367432,5.050000190734863,4.199999809265137,5.050000190734863,4.781247138977051,760
2010-08-31,4.900000095367432,4.949999809265137,4.400000095367432,4.400000095367432,4.165838718414307,560
2010-09-01,4.800000190734863,4.800000190734863,4.800000190734863,4.800000190734863,4.544551372528076,80
2010-09-02,4.75,4.75,4.75,4.75,4.4972124099731445,80
2010-09-03,4.75,4.75,4.300000190734863,4.650000095367432,4.402534484863281,520
2010-09-07,4.650000095367432,4.650000095367432,4.650000095367432,4.650000095367432,4.402534484863281,0
2010-09-08,4.349999904632568,4.349999904632568,4.349999904632568,4.349999904632568,4.118499755859375,220
2010-09-09,4.5,4.5,4.5,4.5,4.260517120361328,680
2010-09-10,4.5,4.5,4.5,4.5,4.260517120361328,0
2010-09-13,4.349999904632568,4.5,4.199999809265137,4.25,4.023821830749512,1980
2010-09-14,4.199999809265137,4.449999809265137,4.199999809265137,4.449999809265137,4.2131781578063965,6020
2010-09-15,4.5,4.75,4.5,4.75,4.4972124099731445,720
2010-09-16,4.800000190734863,4.900000095367432,4.400000095367432,4.75,4.4972124099731445,1640
2010-09-17,4.550000190734863,4.550000190734863,4.550000190734863,4.550000190734863,4.307856559753418,20
2010-09-20,4.900000095367432,4.900000095367432,4.900000095367432,4.900000095367432,4.639229774475098,140
2010-09-21,4.849999904632568,5.599999904632568,4.849999904632568,5.050000190734863,4.781247138977051,1280
2010-09-22,5.300000190734863,5.300000190734863,4.550000190734863,5.25,4.9706034660339355,360
2010-09-23,5.25,5.25,5.25,5.25,4.9706034660339355,0
2010-09-24,5.349999904632568,5.349999904632568,5.0,5.300000190734863,5.017942428588867,720
2010-09-27,5.199999809265137,5.5,5.199999809265137,5.5,5.207298278808594,200
2010-09-28,5.599999904632568,5.599999904632568,5.599999904632568,5.599999904632568,5.301976680755615,180
2010-09-29,5.599999904632568,5.599999904632568,5.599999904632568,5.599999904632568,5.301976680755615,1000
2010-09-30,5.349999904632568,5.5,5.25,5.449999809265137,5.159959316253662,520
2010-10-01,5.25,5.75,5.050000190734863,5.650000095367432,5.349316120147705,400
2010-10-04,5.150000095367432,5.699999809265137,5.050000190734863,5.699999809265137,5.3966546058654785,400
2010-10-05,5.449999809265137,5.449999809265137,5.300000190734863,5.400000095367432,5.1126203536987305,500
2010-10-06,5.400000095367432,5.5,5.150000095367432,5.449999809265137,5.159959316253662,260
2010-10-07,5.349999904632568,5.349999904632568,5.199999809265137,5.349999904632568,5.065281391143799,720
2010-10-08,5.349999904632568,5.400000095367432,5.150000095367432,5.349999904632568,5.065281391143799,160
2010-10-11,5.349999904632568,5.349999904632568,5.349999904632568,5.349999904632568,5.065281391143799,0
2010-10-12,5.199999809265137,5.199999809265137,5.150000095367432,5.199999809265137,4.9232635498046875,640
2010-10-13,5.0,5.199999809265137,4.949999809265137,5.199999809265137,4.9232635498046875,380
2010-10-14,5.199999809265137,5.199999809265137,5.199999809265137,5.199999809265137,4.9232635498046875,0
2010-10-15,5.199999809265137,5.199999809265137,5.199999809265137,5.199999809265137,4.9232635498046875,0
2010-10-18,5.199999809265137,5.199999809265137,5.199999809265137,5.199999809265137,4.9232635498046875,0
2010-10-19,4.949999809265137,5.0,4.800000190734863,4.849999904632568,4.591890811920166,2100
2010-10-20,4.849999904632568,5.0,4.699999809265137,4.949999809265137,4.686568737030029,380
2010-10-21,5.0,5.0,5.0,5.0,4.733907699584961,4920
2010-10-22,4.550000190734863,5.650000095367432,4.5,5.25,4.9706034660339355,21120
2010-10-25,7.050000190734863,7.449999809265137,5.400000095367432,6.0,5.680689811706543,141400
2010-10-26,6.400000095367432,6.400000095367432,5.25,5.650000095367432,5.349316120147705,30260
2010-10-27,5.5,5.699999809265137,5.199999809265137,5.699999809265137,5.3966546058654785,10520
2010-10-28,5.849999904632568,8.449999809265137,5.400000095367432,7.349999904632568,6.958844184875488,116180
2010-10-29,7.349999904632568,7.849999904632568,6.349999904632568,6.900000095367432,6.532793045043945,22280
2010-11-01,7.599999904632568,7.599999904632568,5.75,6.099999904632568,5.775367736816406,34460
2010-11-02,6.050000190734863,6.150000095367432,5.5,5.900000095367432,5.586010932922363,22920
2010-11-03,6.0,7.0,6.0,6.300000190734863,5.964724063873291,16060
2010-11-04,7.0,7.0,6.199999809265137,6.599999904632568,6.248758316040039,10080
2010-11-05,6.599999904632568,6.599999904632568,6.150000095367432,6.449999809265137,6.106740951538086,4780
2010-11-08,6.099999904632568,6.150000095367432,5.800000190734863,6.050000190734863,5.728028774261475,15360
2010-11-09,6.050000190734863,6.050000190734863,5.650000095367432,5.650000095367432,5.349316120147705,7740
2010-11-10,5.650000095367432,6.0,5.550000190734863,5.949999809265137,5.633349895477295,3980
2010-11-11,5.800000190734863,6.0,5.800000190734863,6.0,5.680689811706543,5760
2010-11-12,5.599999904632568,6.25,5.599999904632568,5.949999809265137,5.633349895477295,2440
2010-11-15,5.900000095367432,6.349999904632568,5.900000095367432,6.199999809265137,5.8700456619262695,8860
2010-11-16,6.199999809265137,6.550000190734863,6.099999904632568,6.349999904632568,6.0120625495910645,6360
2010-11-17,6.25,6.599999904632568,6.25,6.5,6.154080390930176,6560
2010-11-18,6.400000095367432,6.800000190734863,6.050000190734863,6.449999809265137,6.106740951538086,6040
2010-11-19,6.800000190734863,7.800000190734863,6.449999809265137,7.300000190734863,6.911505699157715,43940
2010-11-22,6.800000190734863,6.900000095367432,5.949999809265137,6.0,5.680689811706543,27940
2010-11-23,5.900000095367432,5.900000095367432,5.650000095367432,5.699999809265137,5.3966546058654785,5260
2010-11-24,5.800000190734863,6.150000095367432,5.800000190734863,6.0,5.680689811706543,4140
2010-11-26,6.099999904632568,6.099999904632568,5.75,5.75,5.443994045257568,5500
2010-11-29,5.599999904632568,5.650000095367432,5.5,5.599999904632568,5.301976680755615,7420
2010-11-30,5.400000095367432,6.300000190734863,5.400000095367432,6.25,5.917384624481201,57420
2010-12-01,6.449999809265137,6.800000190734863,6.25,6.449999809265137,6.106740951538086,6540
2010-12-02,6.5,6.699999809265137,6.300000190734863,6.5,6.154080390930176,5600
2010-12-03,6.449999809265137,8.25,6.449999809265137,7.050000190734863,6.67480993270874,83140
2010-12-06,7.0,7.400000095367432,6.599999904632568,6.699999809265137,6.343436241149902,15440
2010-12-07,6.400000095367432,6.75,6.150000095367432,6.699999809265137,6.343436241149902,10240
2010-12-08,7.0,7.0,6.099999904632568,6.599999904632568,6.248758316040039,3540
2010-12-09,6.5,6.949999809265137,6.25,6.400000095367432,6.0594024658203125,4400
2010-12-10,6.25,6.400000095367432,6.0,6.349999904632568,6.0120625495910645,3040
2010-12-13,6.099999904632568,6.349999904632568,6.050000190734863,6.099999904632568,5.775367736816406,12580
2010-12-14,8.0,8.0,6.050000190734863,6.050000190734863,5.728028774261475,4600
2010-12-15,6.150000095367432,6.5,6.050000190734863,6.150000095367432,5.822706699371338,10000
2010-12-16,6.25,6.25,6.0,6.0,5.680689811706543,2720
2010-12-17,6.349999904632568,6.449999809265137,5.849999904632568,6.300000190734863,5.964724063873291,9360
2010-12-20,6.599999904632568,6.75,6.0,6.650000095367432,6.296097278594971,8740
2010-12-21,6.650000095367432,6.849999904632568,6.5,6.800000190734863,6.438115119934082,9540
2010-12-22,6.849999904632568,7.199999809265137,6.699999809265137,7.199999809265137,6.816827297210693,26160
2010-12-23,7.25,7.400000095367432,6.949999809265137,7.25,6.864166259765625,8440
2010-12-27,7.25,7.849999904632568,7.25,7.599999904632568,7.195539951324463,18660
2010-12-28,7.75,7.75,7.25,7.300000190734863,6.911505699157715,9840
2010-12-29,7.650000095367432,7.900000095367432,7.300000190734863,7.599999904632568,7.195539951324463,4300
2010-12-30,7.699999809265137,7.699999809265137,7.349999904632568,7.599999904632568,7.195539951324463,2360
2010-12-31,7.599999904632568,7.599999904632568,7.400000095367432,7.599999904632568,7.195539951324463,980
2011-01-03,7.650000095367432,7.650000095367432,7.300000190734863,7.599999904632568,7.195539951324463,2920
2011-01-04,7.550000190734863,7.599999904632568,6.900000095367432,6.900000095367432,6.532793045043945,6680
2011-01-05,6.800000190734863,7.0,6.650000095367432,6.75,6.390775203704834,3160
2011-01-06,6.800000190734863,7.0,6.75,7.0,6.627470970153809,2440
2011-01-07,6.75,7.25,6.75,7.199999809265137,6.816827297210693,2060
2011-01-10,6.849999904632568,7.050000190734863,6.550000190734863,7.050000190734863,6.67480993270874,5100
2011-01-11,7.0,7.0,6.849999904632568,7.0,6.627470970153809,1060
2011-01-12,7.0,7.25,7.0,7.150000095367432,6.769488334655762,1220
2011-01-13,7.25,7.25,7.099999904632568,7.099999904632568,6.722148895263672,620
2011-01-14,7.150000095367432,7.150000095367432,6.800000190734863,6.949999809265137,6.580131530761719,6440
2011-01-18,7.050000190734863,7.599999904632568,7.050000190734863,7.599999904632568,7.195539951324463,16680
2011-01-19,7.599999904632568,7.75,7.050000190734863,7.300000190734863,6.911505699157715,5520
2011-01-20,7.550000190734863,7.550000190734863,7.0,7.400000095367432,7.006183624267578,6380
2011-01-21,7.300000190734863,7.300000190734863,6.900000095367432,7.199999809265137,6.816827297210693,1320
2011-01-24,7.0,7.400000095367432,6.800000190734863,6.849999904632568,6.4854536056518555,6000
2011-01-25,6.800000190734863,7.150000095367432,6.800000190734863,6.849999904632568,6.4854536056518555,5940
2011-01-26,6.849999904632568,7.349999904632568,6.800000190734863,7.150000095367432,6.769488334655762,3000
2011-01-27,7.25,7.449999809265137,7.25,7.449999809265137,7.053522109985352,4640
2011-01-28,7.099999904632568,7.349999904632568,7.0,7.0,6.627470970153809,940
2011-01-31,7.099999904632568,7.150000095367432,6.75,7.050000190734863,6.67480993270874,4120
2011-02-01,7.0,7.050000190734863,6.75,7.050000190734863,6.67480993270874,3280
2011-02-02,7.150000095367432,7.199999809265137,6.849999904632568,7.0,6.627470970153809,1480
2011-02-03,7.099999904632568,7.099999904632568,6.75,6.800000190734863,6.438115119934082,780
2011-02-04,7.050000190734863,7.050000190734863,6.75,6.800000190734863,6.438115119934082,320
2011-02-07,7.050000190734863,7.050000190734863,6.75,7.0,6.627470970153809,960
2011-02-08,6.900000095367432,7.099999904632568,6.75,6.75,6.390775203704834,1200
2011-02-09,6.800000190734863,6.949999809265137,6.599999904632568,6.699999809265137,6.343436241149902,1100
2011-02-10,6.5,6.75,6.5,6.699999809265137,6.343436241149902,1420
2011-02-11,6.550000190734863,6.699999809265137,6.550000190734863,6.699999809265137,6.343436241149902,3340
2011-02-14,6.5,6.650000095367432,6.5,6.550000190734863,6.201419353485107,1980
2011-02-15,6.5,6.75,6.25,6.75,6.390775203704834,3200
2011-02-16,6.75,6.75,6.75,6.75,6.390775203704834,0
2011-02-17,6.449999809265137,6.699999809265137,6.449999809265137,6.699999809265137,6.343436241149902,500
2011-02-18,6.5,6.699999809265137,6.400000095367432,6.449999809265137,6.106740951538086,800
2011-02-22,6.449999809265137,6.599999904632568,6.199999809265137,6.349999904632568,6.0120625495910645,4300
2011-02-23,6.449999809265137,6.449999809265137,6.050000190734863,6.199999809265137,5.8700456619262695,1000
2011-02-24,6.050000190734863,6.050000190734863,5.900000095367432,6.0,5.680689811706543,2120
2011-02-25,5.900000095367432,6.099999904632568,5.900000095367432,6.050000190734863,5.728028774261475,300
2011-02-28,6.050000190734863,6.099999904632568,5.800000190734863,6.0,5.680689811706543,1340
2011-03-01,6.0,6.449999809265137,6.0,6.25,5.917384624481201,1420
2011-03-02,6.199999809265137,6.25,6.199999809265137,6.25,5.917384624481201,400
2011-03-03,6.199999809265137,6.550000190734863,6.050000190734863,6.550000190734863,6.201419353485107,1780
2011-03-04,6.650000095367432,6.699999809265137,6.349999904632568,6.699999809265137,6.343436241149902,1200
2011-03-07,6.75,6.75,6.099999904632568,6.5,6.154080390930176,2740
2011-03-08,6.5,6.5,6.050000190734863,6.400000095367432,6.0594024658203125,2840
2011-03-09,6.400000095367432,6.400000095367432,6.400000095367432,6.400000095367432,6.0594024658203125,0
2011-03-10,6.099999904632568,6.199999809265137,6.0,6.199999809265137,5.8700456619262695,1020
2011-03-11,6.0,6.0,5.800000190734863,5.949999809265137,5.633349895477295,2120
2011-03-14,5.75,5.849999904632568,5.699999809265137,5.800000190734863,5.4913330078125,2360
2011-03-15,5.699999809265137,6.099999904632568,5.25,5.5,5.207298278808594,8140
2011-03-16,5.449999809265137,5.650000095367432,5.449999809265137,5.650000095367432,5.349316120147705,320
2011-03-17,5.199999809265137,5.949999809265137,5.199999809265137,5.900000095367432,5.586010932922363,2320
2011-03-18,5.900000095367432,5.900000095367432,5.900000095367432,5.900000095367432,5.586010932922363,200
2011-03-21,5.650000095367432,5.900000095367432,5.650000095367432,5.900000095367432,5.586010932922363,260
2011-03-22,5.849999904632568,5.900000095367432,5.75,5.900000095367432,5.586010932922363,1600
2011-03-23,5.75,5.75,5.199999809265137,5.599999904632568,5.301976680755615,3180
2011-03-24,5.75,5.849999904632568,5.400000095367432,5.849999904632568,5.538671970367432,1640
2011-03-25,5.949999809265137,6.199999809265137,5.800000190734863,6.050000190734863,5.728028774261475,3480
2011-03-28,5.75,5.900000095367432,5.75,5.849999904632568,5.538671970367432,880
2011-03-29,5.800000190734863,5.800000190734863,5.650000095367432,5.75,5.443994045257568,1020
2011-03-30,5.5,5.699999809265137,5.5,5.699999809265137,5.3966546058654785,360
2011-03-31,5.699999809265137,6.0,5.699999809265137,5.75,5.443994045257568,360
2011-04-01,5.849999904632568,6.199999809265137,5.849999904632568,5.900000095367432,5.586010932922363,3540
2011-04-04,5.650000095367432,5.900000095367432,5.599999904632568,5.849999904632568,5.538671970367432,6680
2011-04-05,5.900000095367432,5.949999809265137,5.5,5.949999809265137,5.633349895477295,2300
2011-04-06,5.949999809265137,5.949999809265137,5.449999809265137,5.599999904632568,5.301976680755615,3000
2011-04-07,5.599999904632568,5.650000095367432,5.599999904632568,5.650000095367432,5.349316120147705,1080
2011-04-08,5.550000190734863,5.599999904632568,5.5,5.5,5.207298278808594,2240
2011-04-11,5.5,5.650000095367432,5.400000095367432,5.650000095367432,5.349316120147705,840
2011-04-12,5.650000095367432,5.849999904632568,5.650000095367432,5.849999904632568,5.538671970367432,680
2011-04-13,5.900000095367432,5.900000095367432,5.900000095367432,5.900000095367432,5.586010932922363,60
2011-04-14,5.650000095367432,5.849999904632568,5.650000095367432,5.849999904632568,5.538671970367432,240
2011-04-15,5.550000190734863,5.75,5.550000190734863,5.75,5.443994045257568,540
2011-04-18,5.5,5.800000190734863,5.5,5.800000190734863,5.4913330078125,620
2011-04-19,5.800000190734863,5.800000190734863,5.800000190734863,5.800000190734863,5.4913330078125,0
2011-04-20,5.650000095367432,5.849999904632568,5.5,5.849999904632568,5.538671970367432,2580
2011-04-21,5.75,5.75,5.5,5.699999809265137,5.3966546058654785,760
2011-04-25,5.699999809265137,5.699999809265137,5.699999809265137,5.699999809265137,5.3966546058654785,0
2011-04-26,5.650000095367432,5.650000095367432,5.5,5.599999904632568,5.301976680755615,940
2011-04-27,5.550000190734863,5.75,5.349999904632568,5.650000095367432,5.349316120147705,1560
2011-04-28,5.400000095367432,5.650000095367432,5.400000095367432,5.650000095367432,5.349316120147705,40
2011-04-29,5.650000095367432,5.650000095367432,5.650000095367432,5.650000095367432,5.349316120147705,0
2011-05-02,5.400000095367432,5.650000095367432,5.349999904632568,5.650000095367432,5.349316120147705,280
2011-05-03,5.5,5.650000095367432,5.349999904632568,5.449999809265137,5.159959316253662,4000
2011-05-04,5.349999904632568,5.650000095367432,5.349999904632568,5.650000095367432,5.349316120147705,1760
2011-05-05,5.400000095367432,5.650000095367432,5.400000095367432,5.650000095367432,5.349316120147705,80
2011-05-06,5.699999809265137,5.949999809265137,5.5,5.900000095367432,5.586010932922363,2800
2011-05-09,6.25,6.25,5.699999809265137,5.900000095367432,5.586010932922363,1000
2011-05-10,6.150000095367432,6.150000095367432,5.5,5.900000095367432,5.586010932922363,1280
2011-05-11,6.699999809265137,6.699999809265137,6.099999904632568,6.25,5.917384624481201,10080
2011-05-12,6.25,6.25,5.699999809265137,6.199999809265137,5.8700456619262695,880
2011-05-13,6.0,6.0,5.849999904632568,6.0,5.680689811706543,1540
2011-05-16,5.949999809265137,5.949999809265137,5.550000190734863,5.900000095367432,5.586010932922363,2640
2011-05-17,5.699999809265137,5.849999904632568,5.699999809265137,5.849999904632568,5.538671970367432,340
2011-05-18,5.849999904632568,5.849999904632568,5.849999904632568,5.849999904632568,5.538671970367432,0
2011-05-19,5.800000190734863,5.800000190734863,5.449999809265137,5.75,5.443994045257568,1980
2011-05-20,5.650000095367432,5.75,5.650000095367432,5.699999809265137,5.3966546058654785,1540
2011-05-23,5.699999809265137,5.900000095367432,5.699999809265137,5.900000095367432,5.586010932922363,680
2011-05-24,5.5,5.949999809265137,5.5,5.900000095367432,5.586010932922363,920
2011-05-25,5.599999904632568,5.849999904632568,5.599999904632568,5.800000190734863,5.4913330078125,180
2011-05-26,5.800000190734863,5.800000190734863,5.800000190734863,5.800000190734863,5.4913330078125,0
2011-05-27,5.800000190734863,5.900000095367432,5.650000095367432,5.849999904632568,5.538671970367432,2120
2011-05-31,8.5,9.25,7.25,7.349999904632568,6.958844184875488,289300
2011-06-01,7.150000095367432,7.650000095367432,6.5,6.650000095367432,6.296097278594971,93920
2011-06-02,6.650000095367432,7.0,6.349999904632568,6.900000095367432,6.532793045043945,12440
2011-06-03,6.900000095367432,6.900000095367432,6.25,6.400000095367432,6.0594024658203125,13000
2011-06-06,6.5,7.199999809265137,6.25,6.25,5.917384624481201,48840
2011-06-07,6.5,6.849999904632568,6.400000095367432,6.849999904632568,6.4854536056518555,5260
2011-06-08,6.599999904632568,6.900000095367432,6.400000095367432,6.699999809265137,6.343436241149902,6480
2011-06-09,6.400000095367432,6.900000095367432,6.300000190734863,6.699999809265137,6.343436241149902,8740
2011-06-10,6.5,6.75,6.349999904632568,6.699999809265137,6.343436241149902,8080
2011-06-13,6.849999904632568,6.849999904632568,6.5,6.75,6.390775203704834,3940
2011-06-14,6.75,7.5,6.5,7.099999904632568,6.722148895263672,38420
2011-06-15,7.050000190734863,7.050000190734863,6.550000190734863,6.900000095367432,6.532793045043945,5420
2011-06-16,6.699999809265137,6.75,6.550000190734863,6.75,6.390775203704834,1100
2011-06-17,6.650000095367432,6.849999904632568,6.5,6.550000190734863,6.201419353485107,900
2011-06-20,6.449999809265137,6.800000190734863,6.449999809265137,6.650000095367432,6.296097278594971,2060
2011-06-21,6.449999809265137,6.75,6.449999809265137,6.650000095367432,6.296097278594971,5260
2011-06-22,6.5,6.75,6.5,6.650000095367432,6.296097278594971,2180
2011-06-23,6.650000095367432,6.650000095367432,6.5,6.650000095367432,6.296097278594971,380
2011-06-24,6.550000190734863,6.550000190734863,6.400000095367432,6.449999809265137,6.106740951538086,3500
2011-06-27,6.449999809265137,6.699999809265137,6.400000095367432,6.599999904632568,6.248758316040039,4620
2011-06-28,6.5,6.599999904632568,6.5,6.5,6.154080390930176,520
2011-06-29,6.550000190734863,6.599999904632568,6.400000095367432,6.5,6.154080390930176,5500
2011-06-30,6.550000190734863,6.550000190734863,6.5,6.550000190734863,6.201419353485107,4000
2011-07-01,6.5,6.75,6.5,6.599999904632568,6.248758316040039,6960
2011-07-05,6.75,6.849999904632568,6.5,6.75,6.390775203704834,8960
2011-07-06,6.75,6.75,6.75,6.75,6.390775203704834,240
2011-07-07,6.699999809265137,7.25,6.599999904632568,6.900000095367432,6.532793045043945,17920
2011-07-08,6.949999809265137,6.949999809265137,6.849999904632568,6.949999809265137,6.580131530761719,4720
2011-07-11,7.0,7.150000095367432,6.800000190734863,7.150000095367432,6.769488334655762,5580
2011-07-12,7.150000095367432,7.150000095367432,6.900000095367432,6.949999809265137,6.580131530761719,4060
2011-07-13,7.0,7.449999809265137,6.800000190734863,6.949999809265137,6.580131530761719,21360
2011-07-14,6.900000095367432,7.099999904632568,6.900000095367432,7.050000190734863,6.67480993270874,3480
2011-07-15,7.050000190734863,7.150000095367432,6.800000190734863,7.0,6.627470970153809,6060
2011-07-18,6.800000190734863,6.900000095367432,6.650000095367432,6.900000095367432,6.532793045043945,1500
2011-07-19,6.800000190734863,7.0,6.599999904632568,7.0,6.627470970153809,3740
2011-07-20,6.949999809265137,7.099999904632568,6.949999809265137,7.0,6.627470970153809,2040
2011-07-21,7.0,7.0,7.0,7.0,6.627470970153809,0
2011-07-22,7.099999904632568,7.099999904632568,6.949999809265137,7.0,6.627470970153809,920
2011-07-25,6.800000190734863,7.25,6.800000190734863,7.050000190734863,6.67480993270874,4600
2011-07-26,6.800000190734863,7.099999904632568,6.800000190734863,7.099999904632568,6.722148895263672,120
2011-07-27,6.849999904632568,7.0,6.75,6.75,6.390775203704834,2680
2011-07-28,6.800000190734863,7.699999809265137,6.800000190734863,7.150000095367432,6.769488334655762,20720
2011-07-29,7.199999809265137,7.349999904632568,6.849999904632568,7.199999809265137,6.816827297210693,4720
2011-08-01,7.199999809265137,7.300000190734863,7.150000095367432,7.25,6.864166259765625,1200
2011-08-02,7.349999904632568,7.449999809265137,7.199999809265137,7.300000190734863,6.911505699157715,1180
2011-08-03,7.25,7.300000190734863,7.199999809265137,7.199999809265137,6.816827297210693,2160
2011-08-04,7.050000190734863,7.349999904632568,6.849999904632568,7.300000190734863,6.911505699157715,13480
2011-08-05,7.0,7.400000095367432,6.650000095367432,7.050000190734863,6.67480993270874,6940
2011-08-08,6.699999809265137,6.900000095367432,6.25,6.449999809265137,6.106740951538086,3500
2011-08-09,6.449999809265137,6.599999904632568,6.25,6.599999904632568,6.248758316040039,6120
2011-08-10,6.5,6.5,6.400000095367432,6.449999809265137,6.106740951538086,5080
2011-08-11,6.75,6.900000095367432,6.5,6.599999904632568,6.248758316040039,10260
2011-08-12,6.5,6.75,6.5,6.75,6.390775203704834,1720
2011-08-15,6.650000095367432,6.800000190734863,6.25,6.400000095367432,6.0594024658203125,18700
2011-08-16,6.449999809265137,6.5,6.099999904632568,6.300000190734863,5.964724063873291,17000
2011-08-17,6.400000095367432,6.699999809265137,6.300000190734863,6.599999904632568,6.248758316040039,6340
2011-08-18,6.599999904632568,6.599999904632568,6.050000190734863,6.349999904632568,6.0120625495910645,8080
2011-08-19,6.199999809265137,6.349999904632568,5.900000095367432,6.099999904632568,5.775367736816406,10840
2011-08-22,5.900000095367432,6.099999904632568,5.800000190734863,5.800000190734863,5.4913330078125,11160
2011-08-23,6.0,6.050000190734863,5.800000190734863,5.900000095367432,5.586010932922363,4800
2011-08-24,6.0,6.0,5.699999809265137,5.849999904632568,5.538671970367432,4980
2011-08-25,5.800000190734863,5.800000190734863,5.75,5.800000190734863,5.4913330078125,600
2011-08-26,5.800000190734863,5.900000095367432,5.699999809265137,5.849999904632568,5.538671970367432,3040
2011-08-29,5.900000095367432,6.099999904632568,5.75,6.050000190734863,5.728028774261475,6920
2011-08-30,6.050000190734863,6.050000190734863,5.849999904632568,5.849999904632568,5.538671970367432,40
2011-08-31,5.800000190734863,6.099999904632568,5.800000190734863,5.900000095367432,5.586010932922363,8080
2011-09-01,5.900000095367432,6.050000190734863,5.900000095367432,6.0,5.680689811706543,2600
2011-09-02,5.900000095367432,5.949999809265137,5.900000095367432,5.949999809265137,5.633349895477295,180
2011-09-06,5.699999809265137,5.900000095367432,5.699999809265137,5.849999904632568,5.538671970367432,5840
2011-09-07,5.949999809265137,5.949999809265137,5.699999809265137,5.849999904632568,5.538671970367432,5260
2011-09-08,5.650000095367432,5.800000190734863,5.550000190734863,5.599999904632568,5.301976680755615,1340
2011-09-09,5.599999904632568,5.800000190734863,5.550000190734863,5.550000190734863,5.254637718200684,660
2011-09-12,5.550000190734863,5.699999809265137,5.349999904632568,5.599999904632568,5.301976680755615,7980
2011-09-13,5.349999904632568,5.599999904632568,5.349999904632568,5.449999809265137,5.159959316253662,3120
2011-09-14,5.449999809265137,5.599999904632568,5.25,5.599999904632568,5.301976680755615,2620
2011-09-15,5.300000190734863,5.599999904632568,5.300000190734863,5.400000095367432,5.1126203536987305,5420
2011-09-16,5.400000095367432,5.5,5.400000095367432,5.449999809265137,5.159959316253662,1780
2011-09-19,5.25,5.25,4.900000095367432,5.150000095367432,4.875925064086914,6660
2011-09-20,5.0,5.25,4.900000095367432,4.949999809265137,4.686568737030029,1020
2011-09-21,4.949999809265137,5.150000095367432,4.949999809265137,5.150000095367432,4.875925064086914,220
2011-09-22,5.0,5.150000095367432,4.849999904632568,5.0,4.733907699584961,1540
2011-09-23,4.900000095367432,5.050000190734863,4.849999904632568,5.050000190734863,4.781247138977051,1080
2011-09-26,4.699999809265137,5.0,4.550000190734863,4.949999809265137,4.686568737030029,4040
2011-09-27,4.949999809265137,5.0,4.75,5.0,4.733907699584961,2860
2011-09-28,5.0,5.0,5.0,5.0,4.733907699584961,0
2011-09-29,5.0,5.0,4.75,5.0,4.733907699584961,460
2011-09-30,4.699999809265137,5.5,4.650000095367432,4.800000190734863,4.544551372528076,4740
2011-10-03,4.75,5.0,4.75,5.0,4.733907699584961,660
2011-10-04,4.75,4.75,4.699999809265137,4.75,4.4972124099731445,5260
2011-10-05,4.75,4.75,4.699999809265137,4.75,4.4972124099731445,3060
2011-10-06,4.900000095367432,5.25,4.900000095367432,5.25,4.9706034660339355,1040
2011-10-07,5.25,5.25,4.75,4.75,4.4972124099731445,2460
2011-10-10,4.699999809265137,5.050000190734863,4.699999809265137,4.75,4.4972124099731445,2380
2011-10-11,4.75,5.550000190734863,4.75,5.25,4.9706034660339355,2400
2011-10-12,5.400000095367432,5.5,5.400000095367432,5.5,5.207298278808594,240
2011-10-13,5.550000190734863,5.550000190734863,5.550000190734863,5.550000190734863,5.254637718200684,60
2011-10-14,5.599999904632568,5.599999904632568,5.599999904632568,5.599999904632568,5.301976680755615,340
2011-10-17,5.900000095367432,5.900000095367432,5.75,5.800000190734863,5.4913330078125,2560
2011-10-18,5.849999904632568,5.849999904632568,5.550000190734863,5.849999904632568,5.538671970367432,280
2011-10-19,5.599999904632568,5.849999904632568,5.599999904632568,5.849999904632568,5.538671970367432,240
2011-10-20,5.849999904632568,5.849999904632568,5.849999904632568,5.849999904632568,5.538671970367432,0
2011-10-21,5.949999809265137,5.949999809265137,5.75,5.900000095367432,5.586010932922363,1120
2011-10-24,5.5,6.050000190734863,5.5,5.900000095367432,5.586010932922363,2240
2011-10-25,5.900000095367432,5.900000095367432,5.900000095367432,5.900000095367432,5.586010932922363,180
2011-10-26,5.900000095367432,5.900000095367432,5.900000095367432,5.900000095367432,5.586010932922363,0
2011-10-27,6.099999904632568,6.099999904632568,6.0,6.0,5.680689811706543,760
2011-10-28,5.650000095367432,6.150000095367432,5.650000095367432,6.099999904632568,5.775367736816406,400
2011-10-31,6.150000095367432,6.449999809265137,6.099999904632568,6.449999809265137,6.106740951538086,1700
2011-11-01,6.25,6.449999809265137,6.199999809265137,6.25,5.917384624481201,840
2011-11-02,6.25,6.25,6.25,6.25,5.917384624481201,720
2011-11-03,6.300000190734863,6.300000190734863,6.0,6.300000190734863,5.964724063873291,360
2011-11-04,6.25,6.349999904632568,6.25,6.25,5.917384624481201,5340
2011-11-07,6.0,6.25,6.0,6.25,5.917384624481201,940
2011-11-08,6.25,6.25,6.25,6.25,5.917384624481201,580
2011-11-09,5.949999809265137,6.25,5.949999809265137,6.25,5.917384624481201,80
2011-11-10,5.949999809265137,6.25,5.900000095367432,6.0,5.680689811706543,2820
2011-11-11,6.0,6.099999904632568,5.599999904632568,5.599999904632568,5.301976680755615,360
2011-11-14,6.0,6.0,5.949999809265137,5.949999809265137,5.633349895477295,60
2011-11-15,6.0,6.0,5.75,6.0,5.680689811706543,180
2011-11-16,6.0,6.25,5.75,6.199999809265137,5.8700456619262695,1580
2011-11-17,5.75,6.099999904632568,5.599999904632568,6.099999904632568,5.775367736816406,360
2011-11-18,5.949999809265137,5.949999809265137,5.949999809265137,5.949999809265137,5.633349895477295,400
2011-11-21,6.0,6.150000095367432,5.800000190734863,6.150000095367432,5.822706699371338,100
2011-11-22,6.150000095367432,6.150000095367432,6.150000095367432,6.150000095367432,5.822706699371338,0
2011-11-23,5.599999904632568,5.900000095367432,5.599999904632568,5.599999904632568,5.301976680755615,960
2011-11-25,5.599999904632568,5.699999809265137,5.449999809265137,5.599999904632568,5.301976680755615,2880
2011-11-28,5.550000190734863,5.75,5.550000190734863,5.75,5.443994045257568,3100
2011-11-29,5.800000190734863,5.949999809265137,5.800000190734863,5.949999809265137,5.633349895477295,4840
2011-11-30,7.25,7.949999809265137,6.5,6.75,6.390775203704834,141560
2011-12-01,7.199999809265137,7.199999809265137,6.199999809265137,6.699999809265137,6.343436241149902,13620
2011-12-02,6.650000095367432,6.699999809265137,6.25,6.25,5.917384624481201,8400
2011-12-05,6.5,6.650000095367432,6.449999809265137,6.449999809265137,6.106740951538086,4100
2011-12-06,6.650000095367432,6.949999809265137,6.300000190734863,6.849999904632568,6.4854536056518555,15920
2011-12-07,6.25,6.800000190734863,6.25,6.550000190734863,6.201419353485107,5720
2011-12-08,6.400000095367432,6.699999809265137,6.400000095367432,6.449999809265137,6.106740951538086,280
2011-12-09,6.349999904632568,6.699999809265137,6.349999904632568,6.699999809265137,6.343436241149902,900
2011-12-12,6.349999904632568,6.449999809265137,6.349999904632568,6.449999809265137,6.106740951538086,1500
2011-12-13,6.400000095367432,6.400000095367432,5.650000095367432,6.300000190734863,5.964724063873291,28700
2011-12-14,6.25,6.400000095367432,6.25,6.400000095367432,6.0594024658203125,1480
2011-12-15,6.449999809265137,6.449999809265137,6.449999809265137,6.449999809265137,6.106740951538086,120
2011-12-16,6.099999904632568,6.25,6.099999904632568,6.25,5.917384624481201,1220
2011-12-19,6.199999809265137,6.349999904632568,5.800000190734863,6.199999809265137,5.8700456619262695,1760
2011-12-20,6.199999809265137,6.300000190734863,6.050000190734863,6.300000190734863,5.964724063873291,2720
2011-12-21,6.349999904632568,6.449999809265137,6.25,6.449999809265137,6.106740951538086,2060
2011-12-22,6.349999904632568,6.349999904632568,6.300000190734863,6.349999904632568,6.0120625495910645,860
2011-12-23,6.199999809265137,6.400000095367432,6.099999904632568,6.099999904632568,5.775367736816406,2720
2011-12-27,6.199999809265137,6.550000190734863,6.050000190734863,6.25,5.917384624481201,1680
2011-12-28,6.300000190734863,6.300000190734863,6.050000190734863,6.050000190734863,5.728028774261475,1980
2011-12-29,6.25,6.25,6.199999809265137,6.25,5.917384624481201,120
2011-12-30,6.099999904632568,6.550000190734863,6.099999904632568,6.5,6.154080390930176,3540
2012-01-03,6.199999809265137,6.599999904632568,6.199999809265137,6.349999904632568,6.0120625495910645,2540
2012-01-04,6.449999809265137,6.449999809265137,6.199999809265137,6.400000095367432,6.0594024658203125,360
2012-01-05,6.400000095367432,6.900000095367432,6.400000095367432,6.849999904632568,6.4854536056518555,8340
2012-01-06,6.75,6.949999809265137,6.050000190734863,6.599999904632568,6.248758316040039,3480
2012-01-09,6.5,6.800000190734863,6.5,6.800000190734863,6.438115119934082,2400
2012-01-10,6.400000095367432,6.699999809265137,6.400000095367432,6.650000095367432,6.296097278594971,7540
2012-01-11,6.349999904632568,6.75,6.349999904632568,6.650000095367432,6.296097278594971,1240
2012-01-12,6.699999809265137,6.75,6.650000095367432,6.699999809265137,6.343436241149902,740
2012-01-13,6.800000190734863,6.800000190734863,6.349999904632568,6.75,6.390775203704834,700
2012-01-17,6.349999904632568,6.75,6.349999904632568,6.75,6.390775203704834,1800
2012-01-18,6.550000190734863,6.800000190734863,6.449999809265137,6.699999809265137,6.343436241149902,1000
2012-01-19,6.699999809265137,6.699999809265137,6.699999809265137,6.699999809265137,6.343436241149902,0
2012-01-20,6.699999809265137,6.75,6.5,6.650000095367432,6.296097278594971,1200
2012-01-23,6.75,6.75,6.5,6.699999809265137,6.343436241149902,480
2012-01-24,6.650000095367432,6.650000095367432,6.650000095367432,6.650000095367432,6.296097278594971,80
2012-01-25,6.5,6.650000095367432,6.400000095367432,6.650000095367432,6.296097278594971,4560
2012-01-26,6.449999809265137,6.650000095367432,6.449999809265137,6.5,6.154080390930176,1800
2012-01-27,6.599999904632568,6.599999904632568,6.550000190734863,6.599999904632568,6.248758316040039,140
2012-01-30,6.349999904632568,6.699999809265137,6.349999904632568,6.699999809265137,6.343436241149902,1760
2012-01-31,6.650000095367432,6.699999809265137,6.5,6.699999809265137,6.343436241149902,1680
2012-02-01,6.699999809265137,6.699999809265137,6.400000095367432,6.699999809265137,6.343436241149902,3220
2012-02-02,6.699999809265137,7.0,6.599999904632568,6.949999809265137,6.580131530761719,10540
2012-02-03,7.0,7.449999809265137,6.800000190734863,7.449999809265137,7.053522109985352,16600
2012-02-06,7.449999809265137,7.5,7.300000190734863,7.449999809265137,7.053522109985352,4740
2012-02-07,7.449999809265137,7.599999904632568,7.300000190734863,7.599999904632568,7.195539951324463,4460
2012-02-08,7.599999904632568,8.100000381469727,7.5,7.75,7.337556838989258,25400
2012-02-09,7.900000095367432,8.0,7.150000095367432,7.300000190734863,6.911505699157715,6440
2012-02-10,7.349999904632568,7.699999809265137,7.300000190734863,7.449999809265137,7.053522109985352,1580
2012-02-13,7.400000095367432,7.449999809265137,7.050000190734863,7.349999904632568,6.958844184875488,1920
2012-02-14,7.150000095367432,7.5,7.099999904632568,7.449999809265137,7.053522109985352,1220
2012-02-15,7.5,7.599999904632568,7.25,7.599999904632568,7.195539951324463,2280
2012-02-16,7.400000095367432,7.599999904632568,7.400000095367432,7.5,7.100861549377441,600
2012-02-17,7.550000190734863,7.699999809265137,7.349999904632568,7.699999809265137,7.290217876434326,1120
2012-02-21,8.0,8.149999618530273,7.75,8.050000190734863,7.621591567993164,14920
2012-02-22,8.0,8.0,7.800000190734863,7.949999809265137,7.526913642883301,1360
2012-02-23,8.199999809265137,8.199999809265137,7.949999809265137,8.0,7.574252605438232,6940
2012-02-24,8.100000381469727,8.100000381469727,7.650000095367432,7.699999809265137,7.290217876434326,9300
2012-02-27,7.699999809265137,8.0,7.650000095367432,7.650000095367432,7.2428789138793945,1160
2012-02-28,7.599999904632568,7.849999904632568,7.400000095367432,7.400000095367432,7.006183624267578,6600
2012-02-29,7.400000095367432,7.699999809265137,7.400000095367432,7.550000190734863,7.148200988769531,1620
2012-03-01,7.650000095367432,7.75,7.300000190734863,7.550000190734863,7.148200988769531,1460
2012-03-02,7.400000095367432,7.849999904632568,7.150000095367432,7.650000095367432,7.2428789138793945,1720
2012-03-05,7.699999809265137,7.949999809265137,7.300000190734863,7.699999809265137,7.290217876434326,2840
2012-03-06,7.599999904632568,7.599999904632568,7.300000190734863,7.349999904632568,6.958844184875488,3060
2012-03-07,7.5,7.800000190734863,7.5,7.75,7.337556838989258,240
2012-03-08,7.550000190734863,7.550000190734863,7.550000190734863,7.550000190734863,7.148200988769531,180
2012-03-09,7.900000095367432,7.900000095367432,7.699999809265137,7.699999809265137,7.290217876434326,1980
2012-03-12,7.900000095367432,7.900000095367432,7.599999904632568,7.599999904632568,7.195539951324463,620
2012-03-13,7.5,7.75,7.5,7.699999809265137,7.290217876434326,2040
2012-03-14,7.699999809265137,7.699999809265137,7.5,7.699999809265137,7.290217876434326,640
2012-03-15,7.5,7.699999809265137,7.25,7.699999809265137,7.290217876434326,2820
2012-03-16,7.699999809265137,7.949999809265137,7.699999809265137,7.949999809265137,7.526913642883301,8420
2012-03-19,7.75,7.849999904632568,7.300000190734863,7.800000190734863,7.384896278381348,4620
2012-03-20,7.650000095367432,7.800000190734863,7.400000095367432,7.550000190734863,7.148200988769531,800
2012-03-21,7.550000190734863,7.849999904632568,7.449999809265137,7.849999904632568,7.432234764099121,340
2012-03-22,7.699999809265137,7.900000095367432,7.449999809265137,7.800000190734863,7.384896278381348,460
2012-03-23,7.699999809265137,7.849999904632568,7.400000095367432,7.699999809265137,7.290217876434326,660
2012-03-26,7.800000190734863,7.949999809265137,7.449999809265137,7.900000095367432,7.479574203491211,900
2012-03-27,7.699999809265137,8.300000190734863,7.699999809265137,8.300000190734863,7.8582868576049805,22140
2012-03-28,8.449999809265137,8.449999809265137,8.300000190734863,8.399999618530273,7.952964782714844,6960
2012-03-29,8.399999618530273,8.399999618530273,7.900000095367432,8.0,7.574252605438232,11260
2012-03-30,8.0,8.350000381469727,8.0,8.199999809265137,7.763608455657959,2440
2012-04-02,8.199999809265137,8.350000381469727,6.349999904632568,6.650000095367432,6.296097278594971,28120
2012-04-03,6.650000095367432,7.800000190734863,6.650000095367432,6.650000095367432,6.296097278594971,23400
2012-04-04,6.900000095367432,7.050000190734863,6.5,7.0,6.627470970153809,5280
2012-04-05,6.800000190734863,7.050000190734863,6.599999904632568,6.900000095367432,6.532793045043945,7380
2012-04-09,6.650000095367432,6.650000095367432,6.5,6.650000095367432,6.296097278594971,8740
2012-04-10,6.599999904632568,6.75,6.599999904632568,6.699999809265137,6.343436241149902,160
2012-04-11,6.5,6.699999809265137,6.5,6.5,6.154080390930176,4320
2012-04-12,6.650000095367432,6.800000190734863,6.449999809265137,6.449999809265137,6.106740951538086,9160
2012-04-13,6.650000095367432,6.650000095367432,6.25,6.25,5.917384624481201,1720
2012-04-16,6.449999809265137,6.449999809265137,6.099999904632568,6.199999809265137,5.8700456619262695,5400
2012-04-17,6.199999809265137,6.550000190734863,6.099999904632568,6.300000190734863,5.964724063873291,7200
2012-04-18,6.300000190734863,6.400000095367432,6.150000095367432,6.400000095367432,6.0594024658203125,2360
2012-04-19,6.5,6.849999904632568,6.5,6.800000190734863,6.438115119934082,2140
2012-04-20,6.75,6.800000190734863,6.650000095367432,6.800000190734863,6.438115119934082,2400
2012-04-23,6.550000190734863,6.599999904632568,6.349999904632568,6.599999904632568,6.248758316040039,5300
2012-04-24,6.550000190734863,7.300000190734863,6.5,6.949999809265137,6.580131530761719,14820
2012-04-25,7.0,7.0,6.25,6.599999904632568,6.248758316040039,1200
2012-04-26,6.599999904632568,6.800000190734863,6.5,6.800000190734863,6.438115119934082,3980
2012-04-27,6.699999809265137,6.900000095367432,6.25,6.349999904632568,6.0120625495910645,8440
2012-04-30,6.400000095367432,6.75,6.349999904632568,6.550000190734863,6.201419353485107,4800
2012-05-01,6.550000190734863,6.550000190734863,6.300000190734863,6.550000190734863,6.201419353485107,2600
2012-05-02,6.400000095367432,6.650000095367432,6.349999904632568,6.5,6.154080390930176,4100
2012-05-03,6.550000190734863,6.650000095367432,6.550000190734863,6.650000095367432,6.296097278594971,280
2012-05-04,6.550000190734863,6.550000190734863,6.25,6.5,6.154080390930176,1780
2012-05-07,6.349999904632568,6.449999809265137,6.300000190734863,6.400000095367432,6.0594024658203125,1880
2012-05-08,6.400000095367432,6.400000095367432,6.199999809265137,6.300000190734863,5.964724063873291,1700
2012-05-09,6.25,6.449999809265137,6.150000095367432,6.349999904632568,6.0120625495910645,2200
2012-05-10,6.099999904632568,6.25,6.099999904632568,6.099999904632568,5.775367736816406,2200
2012-05-11,6.099999904632568,6.349999904632568,6.050000190734863,6.300000190734863,5.964724063873291,1880
2012-05-14,6.300000190734863,6.550000190734863,6.300000190734863,6.449999809265137,6.106740951538086,3860
2012-05-15,6.300000190734863,6.400000095367432,5.699999809265137,6.400000095367432,6.0594024658203125,3000
2012-05-16,6.300000190734863,6.5,6.300000190734863,6.400000095367432,6.0594024658203125,2480
2012-05-17,6.349999904632568,6.5,6.349999904632568,6.400000095367432,6.0594024658203125,280
2012-05-18,6.300000190734863,6.300000190734863,6.050000190734863,6.199999809265137,5.8700456619262695,1260
2012-05-21,6.300000190734863,6.900000095367432,6.25,6.650000095367432,6.296097278594971,2260
2012-05-22,6.75,6.900000095367432,6.550000190734863,6.650000095367432,6.296097278594971,1700
2012-05-23,6.449999809265137,6.550000190734863,6.349999904632568,6.550000190734863,6.201419353485107,780
2012-05-24,6.650000095367432,6.650000095367432,6.400000095367432,6.599999904632568,6.248758316040039,160
2012-05-25,6.599999904632568,6.599999904632568,6.349999904632568,6.349999904632568,6.0120625495910645,920
2012-05-29,6.949999809265137,6.949999809265137,6.050000190734863,6.5,6.154080390930176,7040
2012-05-30,6.150000095367432,6.400000095367432,6.050000190734863,6.400000095367432,6.0594024658203125,2080
2012-05-31,6.300000190734863,6.75,6.25,6.75,6.390775203704834,6480
2012-06-01,6.300000190734863,6.699999809265137,6.300000190734863,6.449999809265137,6.106740951538086,1040
2012-06-04,6.300000190734863,6.400000095367432,6.25,6.400000095367432,6.0594024658203125,480
2012-06-05,6.550000190734863,6.550000190734863,6.300000190734863,6.449999809265137,6.106740951538086,140
2012-06-06,6.550000190734863,6.550000190734863,6.5,6.5,6.154080390930176,200
2012-06-07,6.5,6.5,6.5,6.5,6.154080390930176,0
2012-06-08,6.349999904632568,6.599999904632568,6.349999904632568,6.400000095367432,6.0594024658203125,680
2012-06-11,6.400000095367432,6.400000095367432,6.349999904632568,6.400000095367432,6.0594024658203125,2000
2012-06-12,6.5,6.75,6.5,6.650000095367432,6.296097278594971,1740
2012-06-13,6.650000095367432,6.699999809265137,6.25,6.699999809265137,6.343436241149902,320
2012-06-14,6.349999904632568,6.599999904632568,6.300000190734863,6.550000190734863,6.201419353485107,1560
2012-06-15,6.550000190734863,6.550000190734863,6.550000190734863,6.550000190734863,6.201419353485107,0
2012-06-18,6.599999904632568,6.599999904632568,6.599999904632568,6.599999904632568,6.248758316040039,40
2012-06-19,6.5,6.650000095367432,6.449999809265137,6.650000095367432,6.296097278594971,1560
2012-06-20,6.5,6.650000095367432,6.25,6.550000190734863,6.201419353485107,1000
2012-06-21,6.449999809265137,6.449999809265137,6.349999904632568,6.400000095367432,6.0594024658203125,4580
2012-06-22,6.400000095367432,6.400000095367432,6.400000095367432,6.400000095367432,6.0594024658203125,0
2012-06-25,6.150000095367432,6.25,6.099999904632568,6.099999904632568,5.775367736816406,3660
2012-06-26,6.099999904632568,6.300000190734863,6.0,6.0,5.680689811706543,1960
2012-06-27,6.050000190734863,6.099999904632568,6.0,6.0,5.680689811706543,3340
2012-06-28,6.050000190734863,6.050000190734863,5.849999904632568,5.900000095367432,5.586010932922363,9480
2012-06-29,5.949999809265137,6.349999904632568,5.949999809265137,6.349999904632568,6.0120625495910645,1140
2012-07-02,6.349999904632568,6.400000095367432,5.949999809265137,6.150000095367432,5.822706699371338,780
2012-07-03,6.150000095367432,6.300000190734863,6.150000095367432,6.25,5.917384624481201,6860
2012-07-05,6.099999904632568,6.300000190734863,6.099999904632568,6.300000190734863,5.964724063873291,740
2012-07-06,6.199999809265137,6.349999904632568,6.199999809265137,6.349999904632568,6.0120625495910645,280
2012-07-09,6.349999904632568,6.400000095367432,6.349999904632568,6.400000095367432,6.0594024658203125,400
2012-07-10,6.349999904632568,6.349999904632568,6.199999809265137,6.199999809265137,5.8700456619262695,1460
2012-07-11,6.199999809265137,6.349999904632568,6.199999809265137,6.349999904632568,6.0120625495910645,3700
2012-07-12,6.150000095367432,6.449999809265137,6.099999904632568,6.449999809265137,6.106740951538086,560
2012-07-13,6.449999809265137,6.449999809265137,6.449999809265137,6.449999809265137,6.106740951538086,0
2012-07-16,6.300000190734863,6.5,5.949999809265137,6.5,6.154080390930176,3600
2012-07-17,6.349999904632568,6.400000095367432,6.199999809265137,6.400000095367432,6.0594024658203125,560
2012-07-18,6.099999904632568,6.25,6.099999904632568,6.25,5.917384624481201,180
2012-07-19,6.199999809265137,6.300000190734863,6.199999809265137,6.300000190734863,5.964724063873291,180
2012-07-20,6.099999904632568,6.349999904632568,6.0,6.349999904632568,6.0120625495910645,4980
2012-07-23,6.050000190734863,6.199999809265137,6.0,6.199999809265137,5.8700456619262695,760
2012-07-24,6.199999809265137,6.199999809265137,5.699999809265137,6.199999809265137,5.8700456619262695,4780
2012-07-25,6.199999809265137,6.199999809265137,6.199999809265137,6.199999809265137,5.8700456619262695,0
2012-07-26,5.900000095367432,6.199999809265137,5.900000095367432,6.199999809265137,5.8700456619262695,2000
2012-07-27,6.199999809265137,6.199999809265137,6.199999809265137,6.199999809265137,5.8700456619262695,0
2012-07-30,6.199999809265137,6.199999809265137,6.199999809265137,6.199999809265137,5.8700456619262695,200
2012-07-31,6.099999904632568,6.199999809265137,6.0,6.0,5.680689811706543,1380
2012-08-01,6.050000190734863,6.199999809265137,6.050000190734863,6.199999809265137,5.8700456619262695,340
2012-08-02,6.099999904632568,6.099999904632568,6.099999904632568,6.099999904632568,5.775367736816406,20
2012-08-03,6.150000095367432,6.25,5.75,6.099999904632568,5.775367736816406,4960
2012-08-06,6.099999904632568,6.099999904632568,6.099999904632568,6.099999904632568,5.775367736816406,0
2012-08-07,6.150000095367432,6.150000095367432,6.150000095367432,6.150000095367432,5.822706699371338,380
2012-08-08,6.050000190734863,6.150000095367432,6.050000190734863,6.150000095367432,5.822706699371338,140
2012-08-09,6.150000095367432,6.25,6.150000095367432,6.25,5.917384624481201,3440
2012-08-10,6.25,6.25,6.25,6.25,5.917384624481201,20
2012-08-13,6.150000095367432,6.150000095367432,5.75,6.150000095367432,5.822706699371338,800
2012-08-14,6.150000095367432,6.150000095367432,6.150000095367432,6.150000095367432,5.822706699371338,0
2012-08-15,6.150000095367432,6.150000095367432,6.150000095367432,6.150000095367432,5.822706699371338,0
2012-08-16,5.849999904632568,6.25,5.849999904632568,6.25,5.917384624481201,3820
2012-08-17,6.300000190734863,6.449999809265137,6.150000095367432,6.400000095367432,6.0594024658203125,2800
2012-08-20,6.449999809265137,6.449999809265137,6.449999809265137,6.449999809265137,6.106740951538086,1040
2012-08-21,6.449999809265137,6.5,6.400000095367432,6.400000095367432,6.0594024658203125,4000
2012-08-22,6.300000190734863,6.5,6.300000190734863,6.5,6.154080390930176,2860
2012-08-23,6.449999809265137,6.599999904632568,6.449999809265137,6.550000190734863,6.201419353485107,1400
2012-08-24,6.349999904632568,6.650000095367432,6.349999904632568,6.650000095367432,6.296097278594971,2500
2012-08-27,6.650000095367432,7.599999904632568,6.650000095367432,6.849999904632568,6.4854536056518555,30160
2012-08-28,6.849999904632568,6.849999904632568,5.599999904632568,5.900000095367432,5.586010932922363,61860
2012-08-29,6.0,6.0,5.75,5.949999809265137,5.633349895477295,4960
2012-08-30,5.699999809265137,5.699999809265137,5.400000095367432,5.5,5.207298278808594,2460
2012-08-31,5.800000190734863,5.800000190734863,5.349999904632568,5.650000095367432,5.349316120147705,1820
2012-09-04,5.550000190734863,5.800000190734863,5.550000190734863,5.599999904632568,5.301976680755615,2320
2012-09-05,5.599999904632568,5.849999904632568,5.550000190734863,5.599999904632568,5.301976680755615,5040
2012-09-06,5.599999904632568,5.75,5.550000190734863,5.75,5.443994045257568,1840
2012-09-07,5.75,6.0,5.650000095367432,5.75,5.443994045257568,2340
2012-09-10,5.699999809265137,5.75,5.650000095367432,5.75,5.443994045257568,1980
2012-09-11,5.699999809265137,5.75,5.599999904632568,5.650000095367432,5.349316120147705,3020
2012-09-12,5.650000095367432,5.650000095367432,5.650000095367432,5.650000095367432,5.349316120147705,0
2012-09-13,5.75,5.75,5.550000190734863,5.599999904632568,5.301976680755615,2540
2012-09-14,5.699999809265137,5.75,5.449999809265137,5.449999809265137,5.159959316253662,3000
2012-09-17,5.699999809265137,5.75,5.5,5.650000095367432,5.349316120147705,1300
2012-09-18,5.650000095367432,5.650000095367432,5.650000095367432,5.650000095367432,5.349316120147705,0
2012-09-19,5.650000095367432,5.650000095367432,5.650000095367432,5.650000095367432,5.349316120147705,40
2012-09-20,5.599999904632568,5.599999904632568,5.199999809265137,5.400000095367432,5.1126203536987305,7240
2012-09-21,5.5,5.5,5.300000190734863,5.5,5.207298278808594,480
2012-09-24,5.5,5.550000190734863,5.199999809265137,5.199999809265137,4.9232635498046875,3240
2012-09-25,5.25,5.300000190734863,5.25,5.25,4.9706034660339355,840
2012-09-26,5.25,5.449999809265137,5.25,5.300000190734863,5.017942428588867,480
2012-09-27,5.300000190734863,5.449999809265137,5.199999809265137,5.449999809265137,5.159959316253662,1000
2012-09-28,5.150000095367432,5.349999904632568,5.150000095367432,5.349999904632568,5.065281391143799,140
2012-10-01,5.349999904632568,5.349999904632568,5.349999904632568,5.349999904632568,5.065281391143799,0
2012-10-02,5.25,5.349999904632568,5.199999809265137,5.349999904632568,5.065281391143799,1500
2012-10-03,5.349999904632568,5.349999904632568,5.349999904632568,5.349999904632568,5.065281391143799,0
2012-10-04,5.25,5.449999809265137,5.25,5.349999904632568,5.065281391143799,480
2012-10-05,5.199999809265137,5.449999809265137,5.199999809265137,5.449999809265137,5.159959316253662,120
2012-10-08,5.5,5.5,5.5,5.5,5.207298278808594,140
2012-10-09,5.5,5.5,5.5,5.5,5.207298278808594,0
2012-10-10,5.5,5.5,5.5,5.5,5.207298278808594,0
2012-10-11,5.650000095367432,5.699999809265137,5.650000095367432,5.650000095367432,5.349316120147705,1400
2012-10-12,5.400000095367432,5.699999809265137,5.400000095367432,5.699999809265137,5.3966546058654785,2040
2012-10-15,5.550000190734863,5.650000095367432,5.400000095367432,5.449999809265137,5.159959316253662,180
2012-10-16,5.349999904632568,5.449999809265137,5.25,5.400000095367432,5.1126203536987305,2740
2012-10-17,5.25,5.550000190734863,5.25,5.550000190734863,5.254637718200684,300
2012-10-18,5.25,5.300000190734863,5.25,5.300000190734863,5.017942428588867,2120
2012-10-19,5.300000190734863,5.300000190734863,5.300000190734863,5.300000190734863,5.017942428588867,240
2012-10-22,5.25,5.400000095367432,5.199999809265137,5.400000095367432,5.1126203536987305,620
2012-10-23,5.25,5.25,5.25,5.25,4.9706034660339355,1080
2012-10-24,5.199999809265137,5.400000095367432,5.199999809265137,5.25,4.9706034660339355,5300
2012-10-25,5.199999809265137,5.25,5.150000095367432,5.199999809265137,4.9232635498046875,1480
2012-10-26,5.050000190734863,5.199999809265137,5.0,5.150000095367432,4.875925064086914,3540
2012-10-31,5.199999809265137,5.199999809265137,5.099999904632568,5.099999904632568,4.828585624694824,1400
2012-11-01,5.050000190734863,5.099999904632568,5.050000190734863,5.099999904632568,4.828585624694824,2200
2012-11-02,5.099999904632568,5.099999904632568,5.050000190734863,5.050000190734863,4.781247138977051,2520
2012-11-05,5.099999904632568,5.099999904632568,5.099999904632568,5.099999904632568,4.828585624694824,60
2012-11-06,5.099999904632568,5.099999904632568,5.099999904632568,5.099999904632568,4.828585624694824,20
2012-11-07,5.099999904632568,5.099999904632568,5.099999904632568,5.099999904632568,4.828585624694824,0
2012-11-08,5.099999904632568,5.099999904632568,5.099999904632568,5.099999904632568,4.828585624694824,1020
2012-11-09,4.849999904632568,5.050000190734863,4.849999904632568,5.050000190734863,4.781247138977051,4840
2012-11-12,5.0,5.0,4.900000095367432,5.0,4.733907699584961,440
2012-11-13,4.900000095367432,5.0,4.849999904632568,5.0,4.733907699584961,2160
2012-11-14,4.849999904632568,5.0,4.449999809265137,4.650000095367432,4.402534484863281,8920
2012-11-15,4.699999809265137,4.699999809265137,4.699999809265137,4.699999809265137,4.449872970581055,160
2012-11-16,4.5,4.75,4.349999904632568,4.75,4.4972124099731445,9220
2012-11-19,4.949999809265137,5.5,4.949999809265137,5.150000095367432,4.875925064086914,21440
2012-11-20,6.5,6.5,5.25,6.150000095367432,5.822706699371338,54840
2012-11-21,6.5,6.949999809265137,5.900000095367432,6.099999904632568,5.775367736816406,57000
2012-11-23,6.349999904632568,6.75,6.349999904632568,6.650000095367432,6.296097278594971,6740
2012-11-26,6.900000095367432,6.900000095367432,6.0,6.0,5.680689811706543,13260
2012-11-27,6.0,6.25,5.599999904632568,5.599999904632568,5.301976680755615,13200
2012-11-28,5.5,5.900000095367432,5.5,5.599999904632568,5.301976680755615,7340
2012-11-29,5.5,5.5,5.150000095367432,5.25,4.9706034660339355,8680
2012-11-30,5.25,5.5,5.25,5.25,4.9706034660339355,2680
2012-12-03,5.300000190734863,6.25,5.300000190734863,6.050000190734863,5.728028774261475,8920
2012-12-04,6.050000190734863,6.199999809265137,5.699999809265137,5.75,5.443994045257568,1140
2012-12-05,5.949999809265137,6.050000190734863,5.800000190734863,5.800000190734863,5.4913330078125,240
2012-12-06,5.900000095367432,6.150000095367432,5.900000095367432,6.150000095367432,5.822706699371338,1060
2012-12-07,6.099999904632568,6.099999904632568,5.800000190734863,5.800000190734863,5.4913330078125,160
2012-12-10,6.0,6.050000190734863,5.849999904632568,5.900000095367432,5.586010932922363,280
2012-12-11,5.900000095367432,5.949999809265137,5.699999809265137,5.949999809265137,5.633349895477295,3120
2012-12-12,5.800000190734863,5.800000190734863,5.650000095367432,5.699999809265137,5.3966546058654785,600
2012-12-13,5.599999904632568,5.650000095367432,5.599999904632568,5.650000095367432,5.349316120147705,720
2012-12-14,5.699999809265137,5.699999809265137,5.5,5.650000095367432,5.349316120147705,3800
2012-12-17,5.5,5.5,5.300000190734863,5.300000190734863,5.017942428588867,1980
2012-12-18,5.5,5.699999809265137,5.449999809265137,5.449999809265137,5.159959316253662,2500
2012-12-19,5.5,6.400000095367432,5.5,5.75,5.443994045257568,25840
2012-12-20,5.650000095367432,5.75,5.650000095367432,5.699999809265137,5.3966546058654785,260
2012-12-21,5.699999809265137,5.699999809265137,5.699999809265137,5.699999809265137,5.3966546058654785,200
2012-12-24,5.650000095367432,5.949999809265137,5.650000095367432,5.949999809265137,5.633349895477295,420
2012-12-26,5.650000095367432,5.800000190734863,5.5,5.800000190734863,5.4913330078125,1920
2012-12-27,5.650000095367432,5.650000095367432,5.5,5.599999904632568,5.301976680755615,2400
2012-12-28,5.599999904632568,5.699999809265137,5.550000190734863,5.550000190734863,5.254637718200684,1100
2012-12-31,5.400000095367432,5.5,5.400000095367432,5.5,5.207298278808594,1780
2013-01-02,5.550000190734863,5.650000095367432,5.550000190734863,5.650000095367432,5.349316120147705,740
2013-01-03,5.5,5.75,5.449999809265137,5.75,5.443994045257568,1740
2013-01-04,5.599999904632568,5.599999904632568,5.550000190734863,5.599999904632568,5.301976680755615,2060
2013-01-07,5.699999809265137,5.75,5.699999809265137,5.75,5.443994045257568,2080
2013-01-08,5.75,6.050000190734863,5.75,6.050000190734863,5.728028774261475,13940
2013-01-09,6.099999904632568,6.5,6.0,6.0,5.680689811706543,12700
2013-01-10,6.0,6.199999809265137,5.800000190734863,6.150000095367432,5.822706699371338,1460
2013-01-11,6.25,6.25,6.0,6.199999809265137,5.8700456619262695,680
2013-01-14,6.300000190734863,6.300000190734863,6.0,6.199999809265137,5.8700456619262695,4600
2013-01-15,6.0,6.150000095367432,5.900000095367432,6.150000095367432,5.822706699371338,2960
2013-01-16,6.25,6.25,5.849999904632568,5.900000095367432,5.586010932922363,880
2013-01-17,6.0,6.25,6.0,6.25,5.917384624481201,2080
2013-01-18,6.25,6.550000190734863,6.25,6.349999904632568,6.0120625495910645,5680
2013-01-22,6.25,6.5,6.25,6.5,6.154080390930176,460
2013-01-23,6.550000190734863,6.550000190734863,6.099999904632568,6.400000095367432,6.0594024658203125,2160
2013-01-24,6.25,6.400000095367432,6.25,6.349999904632568,6.0120625495910645,620
2013-01-25,6.349999904632568,6.349999904632568,6.25,6.300000190734863,5.964724063873291,320
2013-01-28,6.199999809265137,6.5,6.199999809265137,6.349999904632568,6.0120625495910645,1140
2013-01-29,6.0,6.550000190734863,6.0,6.25,5.917384624481201,3460
2013-01-30,6.400000095367432,6.400000095367432,6.349999904632568,6.349999904632568,6.0120625495910645,40
2013-01-31,6.349999904632568,6.349999904632568,6.349999904632568,6.349999904632568,6.0120625495910645,0
2013-02-01,6.199999809265137,6.199999809265137,5.849999904632568,6.099999904632568,5.775367736816406,3460
2013-02-04,6.0,6.0,5.75,5.75,5.443994045257568,5540
2013-02-05,5.75,6.0,5.75,5.900000095367432,5.586010932922363,2500
2013-02-06,5.900000095367432,5.900000095367432,5.900000095367432,5.900000095367432,5.586010932922363,780
2013-02-07,5.900000095367432,6.599999904632568,5.900000095367432,6.349999904632568,6.0120625495910645,12740
2013-02-08,6.5,6.650000095367432,6.5,6.599999904632568,6.248758316040039,4480
2013-02-11,6.400000095367432,6.400000095367432,6.150000095367432,6.25,5.917384624481201,260
2013-02-12,6.150000095367432,6.150000095367432,6.150000095367432,6.150000095367432,5.822706699371338,1360
2013-02-13,6.0,6.099999904632568,6.0,6.050000190734863,5.728028774261475,1860
2013-02-14,5.949999809265137,6.25,5.900000095367432,6.25,5.917384624481201,4880
2013-02-15,6.050000190734863,6.150000095367432,6.050000190734863,6.150000095367432,5.822706699371338,120
2013-02-19,6.0,6.099999904632568,5.900000095367432,6.0,5.680689811706543,3840
2013-02-20,5.849999904632568,6.199999809265137,5.849999904632568,6.050000190734863,5.728028774261475,1500
2013-02-21,5.949999809265137,6.199999809265137,5.800000190734863,5.949999809265137,5.633349895477295,1640
2013-02-22,6.099999904632568,6.099999904632568,6.0,6.0,5.680689811706543,2700
2013-02-25,5.949999809265137,6.050000190734863,5.800000190734863,5.800000190734863,5.4913330078125,3980
2013-02-26,6.050000190734863,6.050000190734863,6.050000190734863,6.050000190734863,5.728028774261475,120
2013-02-27,5.949999809265137,6.0,5.949999809265137,6.0,5.680689811706543,60
2013-02-28,5.900000095367432,6.0,5.800000190734863,5.900000095367432,5.586010932922363,5500
2013-03-01,6.150000095367432,6.150000095367432,5.75,6.0,5.680689811706543,500
2013-03-04,5.800000190734863,5.849999904632568,5.75,5.849999904632568,5.538671970367432,5220
2013-03-05,5.75,6.25,5.75,6.150000095367432,5.822706699371338,5880
2013-03-06,6.050000190734863,6.150000095367432,6.050000190734863,6.150000095367432,5.822706699371338,2620
2013-03-07,5.949999809265137,6.25,5.949999809265137,6.150000095367432,5.822706699371338,5560
2013-03-08,6.099999904632568,6.25,6.0,6.050000190734863,5.728028774261475,2680
2013-03-11,6.199999809265137,6.25,6.199999809265137,6.25,5.917384624481201,60
2013-03-12,6.300000190734863,6.900000095367432,6.300000190734863,6.400000095367432,6.0594024658203125,12080
2013-03-13,6.5,6.550000190734863,6.300000190734863,6.300000190734863,5.964724063873291,3600
2013-03-14,6.5,6.75,6.0,6.599999904632568,6.248758316040039,3480
2013-03-15,6.25,6.650000095367432,6.25,6.650000095367432,6.296097278594971,2080
2013-03-18,6.349999904632568,7.0,6.349999904632568,6.949999809265137,6.580131530761719,12840
2013-03-19,7.0,7.0,6.650000095367432,6.849999904632568,6.4854536056518555,1300
2013-03-20,6.699999809265137,6.75,6.5,6.75,6.390775203704834,6920
2013-03-21,6.75,6.75,6.400000095367432,6.400000095367432,6.0594024658203125,1560
2013-03-22,6.5,6.599999904632568,6.400000095367432,6.599999904632568,6.248758316040039,860
2013-03-25,6.5,6.5,6.349999904632568,6.5,6.154080390930176,280
2013-03-26,6.449999809265137,6.75,6.349999904632568,6.699999809265137,6.343436241149902,720
2013-03-27,6.349999904632568,6.800000190734863,6.300000190734863,6.800000190734863,6.438115119934082,1240
2013-03-28,6.800000190734863,6.800000190734863,6.800000190734863,6.800000190734863,6.438115119934082,0
2013-04-01,6.699999809265137,6.800000190734863,6.449999809265137,6.449999809265137,6.106740951538086,80
2013-04-02,6.050000190734863,7.0,6.050000190734863,6.550000190734863,6.201419353485107,6340
2013-04-03,6.400000095367432,6.699999809265137,6.25,6.449999809265137,6.106740951538086,2160
2013-04-04,6.0,6.900000095367432,6.0,6.849999904632568,6.4854536056518555,10500
2013-04-05,6.400000095367432,6.75,6.400000095367432,6.699999809265137,6.343436241149902,2980
2013-04-08,6.5,6.599999904632568,6.150000095367432,6.5,6.154080390930176,3280
2013-04-09,6.449999809265137,6.550000190734863,6.300000190734863,6.550000190734863,6.201419353485107,2700
2013-04-10,6.25,6.550000190734863,6.25,6.550000190734863,6.201419353485107,520
2013-04-11,6.25,6.650000095367432,6.25,6.650000095367432,6.296097278594971,1020
2013-04-12,6.650000095367432,6.75,6.400000095367432,6.75,6.390775203704834,100
2013-04-15,6.550000190734863,6.550000190734863,6.099999904632568,6.150000095367432,5.822706699371338,5280
2013-04-16,6.199999809265137,6.5,6.099999904632568,6.150000095367432,5.822706699371338,2340
2013-04-17,6.449999809265137,6.449999809265137,5.699999809265137,5.75,5.443994045257568,6580
2013-04-18,6.050000190734863,6.050000190734863,5.900000095367432,5.900000095367432,5.586010932922363,2720
2013-04-19,5.900000095367432,6.25,5.900000095367432,5.900000095367432,5.586010932922363,920
2013-04-22,5.949999809265137,6.0,5.75,5.849999904632568,5.538671970367432,2760
2013-04-23,5.800000190734863,6.25,5.75,6.25,5.917384624481201,1000
2013-04-24,6.050000190734863,6.150000095367432,6.050000190734863,6.150000095367432,5.822706699371338,100
2013-04-25,6.050000190734863,6.150000095367432,6.050000190734863,6.150000095367432,5.822706699371338,400
2013-04-26,6.150000095367432,6.150000095367432,6.150000095367432,6.150000095367432,5.822706699371338,0
2013-04-29,6.099999904632568,6.699999809265137,6.099999904632568,6.400000095367432,6.0594024658203125,6560
2013-04-30,5.949999809265137,6.150000095367432,5.599999904632568,6.150000095367432,5.822706699371338,4960
2013-05-01,6.150000095367432,6.150000095367432,5.599999904632568,6.050000190734863,5.728028774261475,1760
2013-05-02,6.050000190734863,6.050000190734863,6.050000190734863,6.050000190734863,5.728028774261475,0
2013-05-03,6.150000095367432,6.150000095367432,5.650000095367432,6.0,5.680689811706543,3480
2013-05-06,6.150000095367432,6.599999904632568,6.050000190734863,6.349999904632568,6.0120625495910645,6280
2013-05-07,6.25,6.300000190734863,6.25,6.25,5.917384624481201,2640
2013-05-08,6.300000190734863,6.349999904632568,6.25,6.300000190734863,5.964724063873291,2960
2013-05-09,6.25,6.25,6.099999904632568,6.099999904632568,5.775367736816406,3060
2013-05-10,6.099999904632568,6.150000095367432,6.099999904632568,6.150000095367432,5.822706699371338,220
2013-05-13,6.25,6.300000190734863,6.199999809265137,6.199999809265137,5.8700456619262695,260
2013-05-14,6.199999809265137,6.199999809265137,6.199999809265137,6.199999809265137,5.8700456619262695,0
2013-05-15,6.150000095367432,6.199999809265137,6.099999904632568,6.150000095367432,5.822706699371338,700
2013-05-16,6.300000190734863,6.300000190734863,6.300000190734863,6.300000190734863,5.964724063873291,120
2013-05-17,6.150000095367432,6.349999904632568,6.150000095367432,6.349999904632568,6.0120625495910645,260
2013-05-20,6.349999904632568,6.349999904632568,5.900000095367432,5.900000095367432,5.586010932922363,1440
2013-05-21,6.150000095367432,6.199999809265137,5.900000095367432,5.900000095367432,5.586010932922363,1320
2013-05-22,5.900000095367432,5.900000095367432,5.900000095367432,5.900000095367432,5.586010932922363,120
2013-05-23,6.050000190734863,6.25,6.050000190734863,6.25,5.917384624481201,100
2013-05-24,6.25,6.25,6.25,6.25,5.917384624481201,0
2013-05-28,6.199999809265137,6.199999809265137,5.849999904632568,6.0,5.680689811706543,5320
2013-05-29,5.75,5.849999904632568,5.449999809265137,5.849999904632568,5.538671970367432,13620
2013-05-30,5.849999904632568,5.849999904632568,5.550000190734863,5.849999904632568,5.538671970367432,5640
2013-05-31,5.849999904632568,5.849999904632568,5.849999904632568,5.849999904632568,5.538671970367432,0
2013-06-03,5.849999904632568,6.199999809265137,5.449999809265137,5.949999809265137,5.633349895477295,3440
2013-06-04,5.699999809265137,5.949999809265137,5.699999809265137,5.949999809265137,5.633349895477295,220
2013-06-05,5.650000095367432,5.849999904632568,5.550000190734863,5.599999904632568,5.301976680755615,1940
2013-06-06,5.800000190734863,5.849999904632568,5.800000190734863,5.849999904632568,5.538671970367432,260
2013-06-07,5.849999904632568,5.849999904632568,5.849999904632568,5.849999904632568,5.538671970367432,0
2013-06-10,5.550000190734863,5.699999809265137,5.5,5.650000095367432,5.349316120147705,560
2013-06-11,5.650000095367432,5.849999904632568,5.650000095367432,5.699999809265137,5.3966546058654785,1320
2013-06-12,5.699999809265137,5.699999809265137,5.650000095367432,5.650000095367432,5.349316120147705,60
2013-06-13,5.550000190734863,5.599999904632568,5.5,5.599999904632568,5.301976680755615,2400
2013-06-14,5.550000190734863,5.550000190734863,5.5,5.5,5.207298278808594,700
2013-06-17,5.550000190734863,5.550000190734863,5.449999809265137,5.550000190734863,5.254637718200684,2780
2013-06-18,5.449999809265137,5.550000190734863,5.449999809265137,5.550000190734863,5.254637718200684,1140
2013-06-19,5.550000190734863,5.699999809265137,5.550000190734863,5.650000095367432,5.349316120147705,860
2013-06-20,5.5,5.550000190734863,5.400000095367432,5.550000190734863,5.254637718200684,10020
2013-06-21,5.550000190734863,5.599999904632568,5.550000190734863,5.599999904632568,5.301976680755615,1200
2013-06-24,5.449999809265137,5.75,5.349999904632568,5.449999809265137,5.159959316253662,460
2013-06-25,5.400000095367432,5.449999809265137,5.400000095367432,5.449999809265137,5.159959316253662,140
2013-06-26,5.5,5.550000190734863,5.449999809265137,5.550000190734863,5.254637718200684,260
2013-06-27,5.550000190734863,5.550000190734863,5.550000190734863,5.550000190734863,5.254637718200684,0
2013-06-28,5.599999904632568,5.599999904632568,5.599999904632568,5.599999904632568,5.301976680755615,20
2013-07-01,5.599999904632568,5.599999904632568,5.599999904632568,5.599999904632568,5.301976680755615,0
2013-07-02,5.5,5.599999904632568,5.449999809265137,5.599999904632568,5.301976680755615,560
2013-07-03,5.400000095367432,5.599999904632568,5.400000095367432,5.5,5.207298278808594,700
2013-07-05,5.400000095367432,5.599999904632568,5.400000095367432,5.599999904632568,5.301976680755615,980
2013-07-08,5.599999904632568,5.599999904632568,5.599999904632568,5.599999904632568,5.301976680755615,0
2013-07-09,5.550000190734863,5.949999809265137,5.550000190734863,5.949999809265137,5.633349895477295,600
2013-07-10,5.949999809265137,5.949999809265137,5.949999809265137,5.949999809265137,5.633349895477295,0
2013-07-11,5.75,5.75,5.75,5.75,5.443994045257568,100
2013-07-12,5.75,5.75,5.75,5.75,5.443994045257568,0
2013-07-15,5.699999809265137,5.900000095367432,5.699999809265137,5.900000095367432,5.586010932922363,6160
2013-07-16,5.900000095367432,5.900000095367432,5.900000095367432,5.900000095367432,5.586010932922363,0
2013-07-17,5.849999904632568,5.849999904632568,5.849999904632568,5.849999904632568,5.538671970367432,100
2013-07-18,5.849999904632568,5.849999904632568,5.849999904632568,5.849999904632568,5.538671970367432,0
2013-07-19,5.900000095367432,5.900000095367432,5.900000095367432,5.900000095367432,5.586010932922363,2280
2013-07-22,5.849999904632568,6.0,5.849999904632568,6.0,5.680689811706543,1300
2013-07-23,6.0,6.0,6.0,6.0,5.680689811706543,0
2013-07-24,5.949999809265137,5.949999809265137,5.849999904632568,5.949999809265137,5.633349895477295,1700
2013-07-25,5.949999809265137,5.949999809265137,5.949999809265137,5.949999809265137,5.633349895477295,0
2013-07-26,5.949999809265137,5.949999809265137,5.949999809265137,5.949999809265137,5.633349895477295,0
2013-07-29,5.800000190734863,5.800000190734863,5.800000190734863,5.800000190734863,5.4913330078125,260
2013-07-30,5.699999809265137,5.800000190734863,5.650000095367432,5.800000190734863,5.4913330078125,380
2013-07-31,5.650000095367432,5.800000190734863,5.599999904632568,5.800000190734863,5.4913330078125,760
2013-08-01,5.849999904632568,6.150000095367432,5.800000190734863,5.900000095367432,5.586010932922363,7800
2013-08-02,5.800000190734863,5.900000095367432,5.5,5.849999904632568,5.538671970367432,3880
2013-08-05,5.800000190734863,5.849999904632568,5.449999809265137,5.5,5.207298278808594,520
2013-08-06,5.650000095367432,6.0,5.599999904632568,5.949999809265137,5.633349895477295,8040
2013-08-07,5.949999809265137,5.949999809265137,5.949999809265137,5.949999809265137,5.633349895477295,0
2013-08-08,5.900000095367432,5.900000095367432,5.800000190734863,5.900000095367432,5.586010932922363,2380
2013-08-09,5.900000095367432,5.900000095367432,5.900000095367432,5.900000095367432,5.586010932922363,0
2013-08-12,5.900000095367432,5.949999809265137,5.849999904632568,5.849999904632568,5.538671970367432,4240
2013-08-13,6.25,6.25,5.75,6.0,5.680689811706543,4600
2013-08-14,6.25,6.25,5.75,6.050000190734863,5.728028774261475,440
2013-08-15,6.050000190734863,6.050000190734863,5.949999809265137,5.949999809265137,5.633349895477295,160
2013-08-16,5.949999809265137,6.050000190734863,5.5,6.050000190734863,5.728028774261475,7680
2013-08-19,6.25,6.400000095367432,6.150000095367432,6.150000095367432,5.822706699371338,8180
2013-08-20,7.050000190734863,9.0,6.5,6.5,6.154080390930176,420880
2013-08-21,6.849999904632568,6.849999904632568,6.25,6.5,6.154080390930176,42020
2013-08-22,6.300000190734863,6.5,6.25,6.349999904632568,6.0120625495910645,9020
2013-08-23,6.550000190734863,6.550000190734863,6.349999904632568,6.449999809265137,6.106740951538086,3820
2013-08-26,6.5,6.900000095367432,6.400000095367432,6.5,6.154080390930176,13060
2013-08-27,6.5,6.800000190734863,6.349999904632568,6.5,6.154080390930176,3280
2013-08-28,6.349999904632568,6.849999904632568,6.25,6.300000190734863,5.964724063873291,4140
2013-08-29,6.400000095367432,6.949999809265137,6.349999904632568,6.400000095367432,6.0594024658203125,43860
2013-08-30,6.449999809265137,6.75,6.300000190734863,6.400000095367432,6.0594024658203125,7420
2013-09-03,6.5,6.699999809265137,6.400000095367432,6.699999809265137,6.343436241149902,13400
2013-09-04,6.75,6.75,6.550000190734863,6.599999904632568,6.248758316040039,6200
2013-09-05,6.599999904632568,6.650000095367432,6.5,6.650000095367432,6.296097278594971,1120
2013-09-06,6.599999904632568,6.949999809265137,6.5,6.75,6.390775203704834,10160
2013-09-09,6.949999809265137,6.949999809265137,6.550000190734863,6.800000190734863,6.438115119934082,7200
2013-09-10,6.949999809265137,7.0,6.599999904632568,6.75,6.390775203704834,5140
2013-09-11,6.699999809265137,6.699999809265137,6.449999809265137,6.550000190734863,6.201419353485107,5000
2013-09-12,6.650000095367432,6.75,6.5,6.5,6.154080390930176,1460
2013-09-13,6.449999809265137,6.550000190734863,6.449999809265137,6.550000190734863,6.201419353485107,2660
2013-09-16,6.599999904632568,6.699999809265137,6.349999904632568,6.349999904632568,6.0120625495910645,3380
2013-09-17,6.349999904632568,6.599999904632568,6.349999904632568,6.599999904632568,6.248758316040039,140
2013-09-18,6.449999809265137,6.449999809265137,6.449999809265137,6.449999809265137,6.106740951538086,40
2013-09-19,6.349999904632568,6.599999904632568,6.349999904632568,6.5,6.154080390930176,2220
2013-09-20,6.400000095367432,6.449999809265137,6.25,6.25,5.917384624481201,10780
2013-09-23,6.300000190734863,6.349999904632568,6.150000095367432,6.349999904632568,6.0120625495910645,9080
2013-09-24,6.349999904632568,6.449999809265137,6.150000095367432,6.449999809265137,6.106740951538086,4420
2013-09-25,6.599999904632568,6.599999904632568,6.400000095367432,6.550000190734863,6.201419353485107,1780
2013-09-26,6.599999904632568,6.599999904632568,6.25,6.25,5.917384624481201,4740
2013-09-27,6.25,6.349999904632568,6.25,6.349999904632568,6.0120625495910645,580
2013-09-30,6.550000190734863,6.599999904632568,6.300000190734863,6.5,6.154080390930176,5640
2013-10-01,6.349999904632568,6.349999904632568,6.25,6.349999904632568,6.0120625495910645,660
2013-10-02,6.300000190734863,6.5,6.300000190734863,6.449999809265137,6.106740951538086,600
2013-10-03,6.449999809265137,6.5,6.300000190734863,6.5,6.154080390930176,1720
2013-10-04,6.5,6.5,6.449999809265137,6.449999809265137,6.106740951538086,760
2013-10-07,6.449999809265137,6.449999809265137,6.300000190734863,6.449999809265137,6.106740951538086,800
2013-10-08,6.400000095367432,6.5,6.400000095367432,6.400000095367432,6.0594024658203125,2780
2013-10-09,6.400000095367432,6.5,6.400000095367432,6.5,6.154080390930176,1200
2013-10-10,6.5,6.5,6.300000190734863,6.449999809265137,6.106740951538086,1920
2013-10-11,6.449999809265137,6.449999809265137,6.449999809265137,6.449999809265137,6.106740951538086,1100
2013-10-14,6.300000190734863,6.5,6.199999809265137,6.5,6.154080390930176,2760
2013-10-15,6.449999809265137,6.449999809265137,6.150000095367432,6.150000095367432,5.822706699371338,12240
2013-10-16,6.349999904632568,6.349999904632568,6.25,6.25,5.917384624481201,1740
2013-10-17,6.400000095367432,6.400000095367432,6.400000095367432,6.400000095367432,6.0594024658203125,2800
2013-10-18,6.400000095367432,6.5,6.400000095367432,6.400000095367432,6.0594024658203125,4840
2013-10-21,6.25,6.5,6.199999809265137,6.5,6.154080390930176,5180
2013-10-22,6.449999809265137,6.449999809265137,6.150000095367432,6.349999904632568,6.0120625495910645,2280
2013-10-23,6.300000190734863,6.449999809265137,6.300000190734863,6.449999809265137,6.106740951538086,680
2013-10-24,6.300000190734863,6.400000095367432,6.300000190734863,6.349999904632568,6.0120625495910645,1560
2013-10-25,6.300000190734863,6.449999809265137,6.300000190734863,6.449999809265137,6.106740951538086,1800
2013-10-28,6.449999809265137,6.5,6.449999809265137,6.5,6.154080390930176,2460
2013-10-29,6.349999904632568,6.5,6.300000190734863,6.5,6.154080390930176,1340
2013-10-30,6.300000190734863,6.400000095367432,6.300000190734863,6.349999904632568,6.0120625495910645,3240
2013-10-31,6.5,6.5,6.199999809265137,6.25,5.917384624481201,1140
2013-11-01,6.449999809265137,6.5,6.349999904632568,6.349999904632568,6.0120625495910645,2020
2013-11-04,6.300000190734863,6.400000095367432,6.300000190734863,6.400000095367432,6.0594024658203125,440
2013-11-05,6.349999904632568,6.5,6.25,6.5,6.154080390930176,1020
2013-11-06,6.25,6.5,6.199999809265137,6.449999809265137,6.106740951538086,3020
2013-11-07,6.25,6.400000095367432,6.199999809265137,6.25,5.917384624481201,5820
2013-11-08,6.25,6.349999904632568,6.150000095367432,6.300000190734863,5.964724063873291,2360
2013-11-11,6.199999809265137,6.300000190734863,6.199999809265137,6.300000190734863,5.964724063873291,160
2013-11-12,6.25,7.599999904632568,6.25,6.400000095367432,6.0594024658203125,27020
2013-11-13,6.349999904632568,6.599999904632568,6.300000190734863,6.550000190734863,6.201419353485107,1940
2013-11-14,6.599999904632568,6.599999904632568,6.300000190734863,6.550000190734863,6.201419353485107,1000
2013-11-15,6.400000095367432,6.550000190734863,6.400000095367432,6.550000190734863,6.201419353485107,860
2013-11-18,6.599999904632568,7.449999809265137,6.599999904632568,7.300000190734863,6.911505699157715,54360
2013-11-19,7.150000095367432,8.199999809265137,7.0,7.599999904632568,7.195539951324463,50500
2013-11-20,7.599999904632568,7.949999809265137,7.349999904632568,7.650000095367432,7.2428789138793945,20840
2013-11-21,8.0,8.350000381469727,7.699999809265137,7.75,7.337556838989258,37460
2013-11-22,7.949999809265137,7.949999809265137,7.349999904632568,7.699999809265137,7.290217876434326,17420
2013-11-25,8.0,8.949999809265137,7.800000190734863,8.449999809265137,8.000304222106934,113420
2013-11-26,9.25,14.649999618530273,9.100000381469727,10.649999618530273,10.083223342895508,574040
2013-11-27,17.549999237060547,19.75,15.350000381469727,15.949999809265137,15.101165771484375,2270460
2013-11-29,14.100000381469727,14.699999809265137,13.149999618530273,13.649999618530273,12.923567771911621,216540
2013-12-02,13.550000190734863,14.399999618530273,12.600000381469727,13.800000190734863,13.06558609008789,180100
2013-12-03,13.649999618530273,14.25,12.050000190734863,12.199999809265137,11.550735473632812,92140
2013-12-04,12.0,12.949999809265137,12.0,12.149999618530273,11.503396034240723,67840
2013-12-05,12.0,12.25,11.550000190734863,11.550000190734863,10.935327529907227,49940
2013-12-06,11.600000381469727,11.949999809265137,11.350000381469727,11.5,10.887988090515137,35680
2013-12-09,11.75,13.399999618530273,11.75,12.199999809265137,11.550735473632812,116660
2013-12-10,11.949999809265137,12.100000381469727,11.100000381469727,11.649999618530273,11.030004501342773,33100
2013-12-11,11.600000381469727,11.850000381469727,10.649999618530273,11.0,10.414596557617188,42740
2013-12-12,11.199999809265137,11.600000381469727,10.75,11.25,10.65129280090332,30900
2013-12-13,11.199999809265137,11.75,11.0,11.350000381469727,10.7459716796875,20420
2013-12-16,11.350000381469727,11.550000190734863,10.850000381469727,11.149999618530273,10.55661392211914,27020
2013-12-17,11.300000190734863,11.300000190734863,10.850000381469727,11.0,10.414596557617188,7000
2013-12-18,10.899999618530273,11.25,10.699999809265137,11.25,10.65129280090332,19360
2013-12-19,11.300000190734863,12.25,11.25,12.0,11.361379623413086,30640
2013-12-20,11.699999809265137,11.800000190734863,11.050000190734863,11.350000381469727,10.7459716796875,24200
2013-12-23,11.75,13.0,11.550000190734863,12.149999618530273,11.503396034240723,46500
2013-12-24,12.050000190734863,12.5,12.050000190734863,12.5,11.834769248962402,9760
2013-12-26,12.649999618530273,13.0,11.600000381469727,11.949999809265137,11.31403923034668,19620
2013-12-27,12.050000190734863,12.050000190734863,11.25,11.5,10.887988090515137,14420
2013-12-30,11.449999809265137,11.5,11.0,11.449999809265137,10.840648651123047,10200
2013-12-31,11.199999809265137,12.0,11.149999618530273,12.0,11.361379623413086,11060
2014-01-02,11.800000190734863,11.899999618530273,11.550000190734863,11.899999618530273,11.26669979095459,15140
2014-01-03,11.800000190734863,11.899999618530273,11.5,11.600000381469727,10.982666015625,8200
2014-01-06,11.699999809265137,11.850000381469727,11.5,11.550000190734863,10.935327529907227,7780
2014-01-07,11.550000190734863,13.699999809265137,11.5,13.300000190734863,12.592194557189941,93920
2014-01-08,13.0,14.350000381469727,12.300000190734863,12.899999618530273,12.213481903076172,53580
2014-01-09,13.100000381469727,13.100000381469727,12.0,12.600000381469727,11.929448127746582,24900
2014-01-10,12.75,12.75,12.149999618530273,12.399999618530273,11.740091323852539,4720
2014-01-13,12.649999618530273,12.899999618530273,12.199999809265137,12.399999618530273,11.740091323852539,14520
2014-01-14,12.649999618530273,12.649999618530273,12.100000381469727,12.399999618530273,11.740091323852539,5580
2014-01-15,12.300000190734863,13.850000381469727,12.100000381469727,12.800000190734863,12.118804931640625,24080
2014-01-16,12.699999809265137,13.0,12.5,12.649999618530273,11.976785659790039,3300
2014-01-17,12.850000381469727,12.949999809265137,12.5,12.550000190734863,11.882108688354492,4960
2014-01-21,12.800000190734863,13.0,12.100000381469727,12.25,11.598073959350586,17520
2014-01-22,12.449999809265137,12.600000381469727,11.75,11.899999618530273,11.26669979095459,26520
2014-01-23,12.149999618530273,12.149999618530273,11.75,11.850000381469727,11.219361305236816,10280
2014-01-24,11.75,11.800000190734863,11.149999618530273,11.449999809265137,10.840648651123047,17040
2014-01-27,11.399999618530273,11.899999618530273,11.25,11.300000190734863,10.69863224029541,8980
2014-01-28,11.350000381469727,12.149999618530273,11.300000190734863,11.949999809265137,11.31403923034668,11460
2014-01-29,11.949999809265137,12.149999618530273,11.800000190734863,11.800000190734863,11.172021865844727,9540
2014-01-30,11.949999809265137,11.949999809265137,11.5,11.699999809265137,11.077343940734863,3260
2014-01-31,11.850000381469727,11.850000381469727,11.300000190734863,11.399999618530273,10.793309211730957,11580
2014-02-03,11.399999618530273,11.449999809265137,10.899999618530273,11.100000381469727,10.509275436401367,11800
2014-02-04,11.100000381469727,11.699999809265137,10.899999618530273,11.699999809265137,11.077343940734863,8300
2014-02-05,11.350000381469727,11.699999809265137,11.25,11.600000381469727,10.982666015625,6500
2014-02-06,11.449999809265137,11.449999809265137,11.050000190734863,11.199999809265137,10.60395336151123,7040
2014-02-07,11.100000381469727,11.399999618530273,11.100000381469727,11.25,10.65129280090332,2960
2014-02-10,11.149999618530273,11.75,11.149999618530273,11.699999809265137,11.077343940734863,4940
2014-02-11,11.75,11.75,11.25,11.350000381469727,10.7459716796875,2900
2014-02-12,11.399999618530273,11.649999618530273,11.350000381469727,11.350000381469727,10.7459716796875,2740
2014-02-13,11.550000190734863,11.550000190734863,11.399999618530273,11.5,10.887988090515137,1840
2014-02-14,11.600000381469727,11.699999809265137,11.350000381469727,11.399999618530273,10.793309211730957,9380
2014-02-18,11.25,12.25,11.25,12.149999618530273,11.503396034240723,15780
2014-02-19,12.149999618530273,12.350000381469727,11.850000381469727,11.850000381469727,11.219361305236816,6140
2014-02-20,11.75,12.050000190734863,11.75,11.899999618530273,11.26669979095459,2020
2014-02-21,12.050000190734863,12.149999618530273,11.550000190734863,11.649999618530273,11.030004501342773,5720
2014-02-24,11.399999618530273,12.25,11.399999618530273,11.899999618530273,11.26669979095459,5060
2014-02-25,11.75,12.199999809265137,11.550000190734863,12.149999618530273,11.503396034240723,4720
2014-02-26,11.899999618530273,12.199999809265137,11.899999618530273,12.199999809265137,11.550735473632812,5160
2014-02-27,12.199999809265137,12.350000381469727,12.100000381469727,12.25,11.598073959350586,12900
2014-02-28,12.050000190734863,12.149999618530273,11.899999618530273,11.899999618530273,11.26669979095459,1460
2014-03-03,11.899999618530273,11.899999618530273,11.600000381469727,11.649999618530273,11.030004501342773,5260
2014-03-04,11.899999618530273,12.25,11.649999618530273,12.25,11.598073959350586,7300
2014-03-05,12.199999809265137,13.449999809265137,12.199999809265137,13.050000190734863,12.355499267578125,31200
2014-03-06,13.25,13.449999809265137,12.0,12.399999618530273,11.740091323852539,16520
2014-03-07,12.100000381469727,12.550000190734863,12.050000190734863,12.100000381469727,11.45605754852295,5400
2014-03-10,12.100000381469727,12.699999809265137,12.100000381469727,12.550000190734863,11.882108688354492,7420
2014-03-11,12.800000190734863,12.850000381469727,12.100000381469727,12.25,11.598073959350586,6540
2014-03-12,12.25,12.550000190734863,11.649999618530273,12.5,11.834769248962402,10040
2014-03-13,12.399999618530273,12.550000190734863,12.350000381469727,12.350000381469727,11.692752838134766,3920
2014-03-14,12.550000190734863,12.899999618530273,12.050000190734863,12.75,12.071464538574219,11100
2014-03-17,12.25,14.0,12.25,13.75,13.0182466506958,52840
2014-03-18,13.75,13.75,12.899999618530273,13.199999809265137,12.497516632080078,11080
2014-03-19,13.0,13.199999809265137,12.75,13.0,12.308160781860352,5920
2014-03-20,12.850000381469727,13.100000381469727,12.75,13.0,12.308160781860352,1700
2014-03-21,13.149999618530273,13.149999618530273,12.600000381469727,12.600000381469727,11.929448127746582,8180
2014-03-24,12.550000190734863,13.050000190734863,11.850000381469727,12.300000190734863,11.645413398742676,7620
2014-03-25,11.899999618530273,12.449999809265137,11.899999618530273,12.149999618530273,11.503396034240723,6740
2014-03-26,12.149999618530273,12.649999618530273,11.649999618530273,11.850000381469727,11.219361305236816,7960
2014-03-27,11.850000381469727,12.25,11.850000381469727,11.850000381469727,11.219361305236816,4420
2014-03-28,12.399999618530273,12.399999618530273,11.300000190734863,11.399999618530273,10.793309211730957,6040
2014-03-31,11.25,11.75,11.0,11.149999618530273,10.55661392211914,14960
2014-04-01,11.600000381469727,11.899999618530273,11.25,11.600000381469727,10.982666015625,4600
2014-04-02,11.649999618530273,12.199999809265137,11.300000190734863,11.699999809265137,11.077343940734863,8020
2014-04-03,11.899999618530273,12.0,11.25,11.300000190734863,10.69863224029541,8040
2014-04-04,11.300000190734863,11.850000381469727,11.0,11.050000190734863,10.461935997009277,8460
2014-04-07,10.800000190734863,11.050000190734863,10.5,10.649999618530273,10.083223342895508,15480
2014-04-08,10.649999618530273,11.399999618530273,10.5,11.199999809265137,10.60395336151123,6300
2014-04-09,11.5,11.600000381469727,11.0,11.300000190734863,10.69863224029541,2340
2014-04-10,11.5,11.600000381469727,10.850000381469727,10.850000381469727,10.27258014678955,4960
2014-04-11,11.149999618530273,11.449999809265137,10.899999618530273,11.149999618530273,10.55661392211914,2060
2014-04-14,11.149999618530273,11.25,10.75,10.949999809265137,10.367258071899414,2120
2014-04-15,11.25,11.25,10.550000190734863,10.949999809265137,10.367258071899414,6400
2014-04-16,11.100000381469727,11.199999809265137,10.75,10.800000190734863,10.225240707397461,1040
2014-04-17,10.899999618530273,11.25,10.899999618530273,11.050000190734863,10.461935997009277,1160
2014-04-21,10.850000381469727,11.25,10.850000381469727,11.25,10.65129280090332,100
2014-04-22,11.25,11.5,11.149999618530273,11.350000381469727,10.7459716796875,1880
2014-04-23,11.899999618530273,11.899999618530273,11.300000190734863,11.300000190734863,10.69863224029541,1360
2014-04-24,10.949999809265137,11.399999618530273,10.949999809265137,11.0,10.414596557617188,1400
2014-04-25,11.050000190734863,11.050000190734863,10.550000190734863,10.800000190734863,10.225240707397461,7640
2014-04-28,10.25,10.25,8.199999809265137,8.25,7.810947895050049,62420
2014-04-29,8.5,8.5,8.25,8.25,7.810947895050049,7480
2014-04-30,8.449999809265137,8.449999809265137,8.050000190734863,8.25,7.810947895050049,7740
2014-05-01,7.949999809265137,8.300000190734863,7.849999904632568,8.100000381469727,7.668931007385254,6220
2014-05-02,8.100000381469727,8.449999809265137,8.100000381469727,8.149999618530273,7.716269493103027,1380
2014-05-05,8.449999809265137,8.449999809265137,7.949999809265137,8.199999809265137,7.763608455657959,11700
2014-05-06,8.5,8.5,8.149999618530273,8.149999618530273,7.716269493103027,2480
2014-05-07,8.449999809265137,8.449999809265137,8.100000381469727,8.25,7.810947895050049,3280
2014-05-08,8.300000190734863,8.350000381469727,8.100000381469727,8.100000381469727,7.668931007385254,2680
2014-05-09,8.100000381469727,8.25,8.0,8.25,7.810947895050049,2220
2014-05-12,8.25,8.350000381469727,8.0,8.25,7.810947895050049,5660
2014-05-13,8.0,8.25,8.0,8.149999618530273,7.716269493103027,3440
2014-05-14,8.100000381469727,8.100000381469727,7.699999809265137,7.800000190734863,7.384896278381348,7920
2014-05-15,8.050000190734863,8.050000190734863,7.650000095367432,7.650000095367432,7.2428789138793945,6520
2014-05-16,7.599999904632568,7.650000095367432,7.550000190734863,7.550000190734863,7.148200988769531,5700
2014-05-19,7.550000190734863,8.050000190734863,7.449999809265137,8.050000190734863,7.621591567993164,9460
2014-05-20,7.949999809265137,8.149999618530273,7.650000095367432,7.800000190734863,7.384896278381348,3200
2014-05-21,8.199999809265137,8.199999809265137,7.699999809265137,8.0,7.574252605438232,2600
2014-05-22,8.0,8.0,7.650000095367432,7.849999904632568,7.432234764099121,760
2014-05-23,7.75,7.900000095367432,7.650000095367432,7.650000095367432,7.2428789138793945,4780
2014-05-27,6.949999809265137,7.150000095367432,6.449999809265137,6.949999809265137,6.580131530761719,47980
2014-05-28,6.949999809265137,6.949999809265137,6.550000190734863,6.949999809265137,6.580131530761719,4440
2014-05-29,7.050000190734863,7.050000190734863,6.699999809265137,6.849999904632568,6.4854536056518555,8080
2014-05-30,6.800000190734863,6.949999809265137,6.550000190734863,6.699999809265137,6.343436241149902,5060
2014-06-02,6.550000190734863,6.699999809265137,6.5,6.550000190734863,6.201419353485107,4340
2014-06-03,6.400000095367432,6.650000095367432,6.300000190734863,6.349999904632568,6.0120625495910645,2580
2014-06-04,6.300000190734863,6.699999809265137,6.300000190734863,6.349999904632568,6.0120625495910645,2380
2014-06-05,6.650000095367432,6.650000095367432,6.400000095367432,6.5,6.154080390930176,1120
2014-06-06,6.650000095367432,6.949999809265137,6.650000095367432,6.949999809265137,6.580131530761719,18020
2014-06-09,7.050000190734863,7.150000095367432,6.699999809265137,7.0,6.627470970153809,10980
2014-06-10,6.949999809265137,7.349999904632568,6.75,7.0,6.627470970153809,15360
2014-06-11,7.150000095367432,7.550000190734863,7.0,7.5,7.100861549377441,13300
2014-06-12,7.699999809265137,7.800000190734863,7.150000095367432,7.25,6.864166259765625,3680
2014-06-13,7.599999904632568,7.849999904632568,7.25,7.5,7.100861549377441,2520
2014-06-16,7.300000190734863,7.5,7.199999809265137,7.400000095367432,7.006183624267578,1140
2014-06-17,7.300000190734863,7.550000190734863,7.150000095367432,7.300000190734863,6.911505699157715,7640
2014-06-18,7.550000190734863,7.550000190734863,6.900000095367432,7.050000190734863,6.67480993270874,3460
2014-06-19,7.550000190734863,7.550000190734863,7.25,7.25,6.864166259765625,1640
2014-06-20,7.25,7.599999904632568,7.25,7.550000190734863,7.148200988769531,3180
2014-06-23,7.449999809265137,8.0,7.449999809265137,7.550000190734863,7.148200988769531,5620
2014-06-24,7.75,8.050000190734863,7.5,7.5,7.100861549377441,4220
2014-06-25,7.449999809265137,7.800000190734863,7.400000095367432,7.550000190734863,7.148200988769531,2140
2014-06-26,7.849999904632568,7.849999904632568,7.400000095367432,7.449999809265137,7.053522109985352,2480
2014-06-27,7.5,7.599999904632568,7.5,7.5,7.100861549377441,2120
2014-06-30,7.650000095367432,7.650000095367432,7.550000190734863,7.550000190734863,7.148200988769531,560
2014-07-01,7.599999904632568,8.75,7.599999904632568,8.050000190734863,7.621591567993164,15200
2014-07-02,8.25,8.25,7.650000095367432,7.75,7.337556838989258,3660
2014-07-03,7.800000190734863,8.199999809265137,7.599999904632568,7.599999904632568,7.195539951324463,9680
2014-07-07,7.599999904632568,8.399999618530273,7.599999904632568,8.100000381469727,7.668931007385254,14020
2014-07-08,7.800000190734863,8.399999618530273,7.75,8.350000381469727,7.90562629699707,17260
2014-07-09,8.350000381469727,8.649999618530273,7.849999904632568,8.649999618530273,8.18966007232666,10100
2014-07-10,8.5,8.550000190734863,8.050000190734863,8.449999809265137,8.000304222106934,3160
2014-07-11,8.100000381469727,8.300000190734863,8.100000381469727,8.100000381469727,7.668931007385254,2960
2014-07-14,8.350000381469727,8.399999618530273,8.050000190734863,8.149999618530273,7.716269493103027,4180
2014-07-15,8.399999618530273,8.449999809265137,8.25,8.399999618530273,7.952964782714844,5480
2014-07-16,8.25,8.5,8.25,8.5,8.047643661499023,2320
2014-07-17,8.449999809265137,8.5,8.300000190734863,8.300000190734863,7.8582868576049805,1040
2014-07-18,8.300000190734863,8.300000190734863,7.699999809265137,7.849999904632568,7.432234764099121,3840
2014-07-21,7.949999809265137,8.550000190734863,7.800000190734863,8.199999809265137,7.763608455657959,26460
2014-07-22,8.149999618530273,8.600000381469727,7.849999904632568,8.350000381469727,7.90562629699707,19440
2014-07-23,8.199999809265137,8.800000190734863,8.0,8.399999618530273,7.952964782714844,23020
2014-07-24,8.100000381469727,8.800000190734863,8.100000381469727,8.449999809265137,8.000304222106934,31720
2014-07-25,8.050000190734863,8.75,8.050000190734863,8.149999618530273,7.716269493103027,14200
2014-07-28,8.300000190734863,8.300000190734863,7.900000095367432,8.050000190734863,7.621591567993164,3260
2014-07-29,7.650000095367432,8.25,7.550000190734863,7.550000190734863,7.148200988769531,9480
2014-07-30,7.5,8.199999809265137,7.0,7.25,6.864166259765625,15500
2014-07-31,7.199999809265137,8.199999809265137,7.199999809265137,8.0,7.574252605438232,41740
2014-08-01,8.199999809265137,8.399999618530273,8.0,8.350000381469727,7.90562629699707,17280
2014-08-04,7.449999809265137,8.350000381469727,7.449999809265137,7.849999904632568,7.432234764099121,7200
2014-08-05,8.399999618530273,8.399999618530273,7.849999904632568,7.949999809265137,7.526913642883301,9760
2014-08-06,7.900000095367432,7.900000095367432,7.5,7.800000190734863,7.384896278381348,4040
2014-08-07,7.650000095367432,8.050000190734863,7.650000095367432,7.75,7.337556838989258,3120
2014-08-08,7.75,8.25,7.599999904632568,7.599999904632568,7.195539951324463,4540
2014-08-11,7.449999809265137,8.0,7.300000190734863,7.650000095367432,7.2428789138793945,5080
2014-08-12,7.25,7.650000095367432,7.25,7.449999809265137,7.053522109985352,5660
2014-08-13,7.599999904632568,7.599999904632568,7.400000095367432,7.449999809265137,7.053522109985352,940
2014-08-14,7.349999904632568,7.900000095367432,7.349999904632568,7.5,7.100861549377441,840
2014-08-15,7.75,7.949999809265137,7.75,7.800000190734863,7.384896278381348,400
2014-08-18,7.800000190734863,7.849999904632568,7.800000190734863,7.849999904632568,7.432234764099121,100
2014-08-19,7.800000190734863,7.849999904632568,7.699999809265137,7.699999809265137,7.290217876434326,740
2014-08-20,7.800000190734863,8.149999618530273,7.699999809265137,7.900000095367432,7.479574203491211,4480
2014-08-21,8.0,8.0,7.650000095367432,7.949999809265137,7.526913642883301,1540
2014-08-22,7.900000095367432,8.100000381469727,7.900000095367432,8.0,7.574252605438232,1400
2014-08-25,8.0,8.199999809265137,7.900000095367432,8.149999618530273,7.716269493103027,4620
2014-08-26,8.149999618530273,8.75,8.149999618530273,8.75,8.284337997436523,17320
2014-08-27,8.350000381469727,8.350000381469727,7.599999904632568,7.800000190734863,7.384896278381348,20060
2014-08-28,7.550000190734863,7.849999904632568,7.5,7.599999904632568,7.195539951324463,5600
2014-08-29,7.599999904632568,7.849999904632568,7.5,7.650000095367432,7.2428789138793945,3100
2014-09-02,8.0,8.0,7.699999809265137,7.699999809265137,7.290217876434326,2140
2014-09-03,7.949999809265137,8.0,7.699999809265137,7.75,7.337556838989258,2680
2014-09-04,8.0,8.0,7.5,7.5,7.100861549377441,1540
2014-09-05,7.900000095367432,8.399999618530273,7.550000190734863,7.849999904632568,7.432234764099121,21560
2014-09-08,7.699999809265137,8.149999618530273,7.699999809265137,8.0,7.574252605438232,320
2014-09-09,8.25,8.25,7.650000095367432,7.75,7.337556838989258,2200
2014-09-10,7.849999904632568,8.149999618530273,7.650000095367432,7.849999904632568,7.432234764099121,2700
2014-09-11,7.650000095367432,7.949999809265137,7.5,7.550000190734863,7.148200988769531,3140
2014-09-12,7.599999904632568,7.849999904632568,7.349999904632568,7.349999904632568,6.958844184875488,8240
2014-09-15,7.650000095367432,8.550000190734863,7.449999809265137,7.650000095367432,7.2428789138793945,10680
2014-09-16,7.449999809265137,8.0,7.25,7.550000190734863,7.148200988769531,6880
2014-09-17,7.449999809265137,7.650000095367432,7.449999809265137,7.5,7.100861549377441,80
2014-09-18,7.449999809265137,7.650000095367432,7.25,7.300000190734863,6.911505699157715,4000
2014-09-19,7.400000095367432,7.400000095367432,7.25,7.25,6.864166259765625,3600
2014-09-22,7.25,7.400000095367432,7.25,7.25,6.864166259765625,2700
2014-09-23,7.349999904632568,7.599999904632568,7.349999904632568,7.449999809265137,7.053522109985352,6520
2014-09-24,7.599999904632568,8.100000381469727,7.449999809265137,7.949999809265137,7.526913642883301,11240
2014-09-25,7.75,7.949999809265137,7.550000190734863,7.599999904632568,7.195539951324463,2640
2014-09-26,7.5,7.800000190734863,7.5,7.550000190734863,7.148200988769531,480
2014-09-29,7.650000095367432,8.899999618530273,7.650000095367432,8.050000190734863,7.621591567993164,46460
2014-09-30,7.900000095367432,8.350000381469727,7.699999809265137,7.800000190734863,7.384896278381348,12660
2014-10-01,7.75,8.100000381469727,7.699999809265137,7.75,7.337556838989258,8420
2014-10-02,7.849999904632568,8.050000190734863,7.599999904632568,7.699999809265137,7.290217876434326,3640
2014-10-03,7.650000095367432,7.650000095367432,7.5,7.550000190734863,7.148200988769531,2940
2014-10-06,7.550000190734863,11.75,7.300000190734863,7.5,7.100861549377441,263920
2014-10-07,7.550000190734863,7.949999809265137,7.5,7.5,7.100861549377441,6120
2014-10-08,7.550000190734863,7.800000190734863,7.5,7.699999809265137,7.290217876434326,3840
2014-10-09,8.050000190734863,8.050000190734863,7.599999904632568,7.849999904632568,7.432234764099121,1940
2014-10-10,7.550000190734863,7.699999809265137,7.5,7.650000095367432,7.2428789138793945,5860
2014-10-13,7.650000095367432,7.800000190734863,7.25,7.599999904632568,7.195539951324463,4560
2014-10-14,7.449999809265137,7.699999809265137,7.400000095367432,7.449999809265137,7.053522109985352,120
2014-10-15,7.550000190734863,8.100000381469727,7.550000190734863,7.949999809265137,7.526913642883301,5920
2014-10-16,7.650000095367432,8.0,7.650000095367432,7.650000095367432,7.2428789138793945,320
2014-10-17,8.0,8.0,7.599999904632568,7.949999809265137,7.526913642883301,440
2014-10-20,8.0,8.050000190734863,7.75,8.0,7.574252605438232,1400
2014-10-21,7.949999809265137,8.149999618530273,7.800000190734863,7.800000190734863,7.384896278381348,960
2014-10-22,8.050000190734863,8.100000381469727,7.75,8.050000190734863,7.621591567993164,500
2014-10-23,7.699999809265137,8.0,7.699999809265137,8.0,7.574252605438232,760
2014-10-24,7.75,8.300000190734863,7.75,8.149999618530273,7.716269493103027,3460
2014-10-27,8.350000381469727,8.350000381469727,8.25,8.25,7.810947895050049,1360
2014-10-28,8.100000381469727,8.199999809265137,7.849999904632568,7.849999904632568,7.432234764099121,1440
2014-10-29,7.849999904632568,8.0,7.75,7.800000190734863,7.384896278381348,1300
2014-10-30,7.849999904632568,7.849999904632568,7.650000095367432,7.75,7.337556838989258,300
2014-10-31,7.800000190734863,8.0,7.699999809265137,7.699999809265137,7.290217876434326,720
2014-11-03,7.800000190734863,7.949999809265137,7.800000190734863,7.900000095367432,7.479574203491211,280
2014-11-04,7.849999904632568,7.949999809265137,7.5,7.550000190734863,7.148200988769531,2840
2014-11-05,7.650000095367432,7.900000095367432,7.5,7.550000190734863,7.148200988769531,3440
2014-11-06,7.550000190734863,7.550000190734863,7.449999809265137,7.550000190734863,7.148200988769531,320
2014-11-07,7.900000095367432,7.900000095367432,7.449999809265137,7.5,7.100861549377441,720
2014-11-10,7.5,7.650000095367432,7.349999904632568,7.349999904632568,6.958844184875488,6040
2014-11-11,7.300000190734863,7.349999904632568,7.300000190734863,7.349999904632568,6.958844184875488,1700
2014-11-12,7.300000190734863,7.349999904632568,7.25,7.300000190734863,6.911505699157715,1320
2014-11-13,7.75,7.75,7.650000095367432,7.75,7.337556838989258,3760
2014-11-14,7.849999904632568,7.949999809265137,7.550000190734863,7.599999904632568,7.195539951324463,3360
2014-11-17,7.75,8.0,7.349999904632568,7.550000190734863,7.148200988769531,2160
2014-11-18,7.949999809265137,7.949999809265137,7.599999904632568,7.900000095367432,7.479574203491211,260
2014-11-19,7.5,7.5,7.5,7.5,7.100861549377441,20
2014-11-20,7.699999809265137,7.75,7.349999904632568,7.449999809265137,7.053522109985352,2760
2014-11-21,7.849999904632568,7.849999904632568,7.5,7.550000190734863,7.148200988769531,560
2014-11-24,7.699999809265137,8.399999618530273,7.650000095367432,7.900000095367432,7.479574203491211,10700
2014-11-25,8.149999618530273,8.399999618530273,7.400000095367432,7.400000095367432,7.006183624267578,18420
2014-11-26,7.349999904632568,7.949999809265137,7.300000190734863,7.5,7.100861549377441,8920
2014-11-28,7.300000190734863,7.400000095367432,6.900000095367432,7.050000190734863,6.67480993270874,5680
2014-12-01,7.199999809265137,7.650000095367432,7.099999904632568,7.650000095367432,7.2428789138793945,1540
2014-12-02,7.25,7.5,7.25,7.5,7.100861549377441,60
2014-12-03,7.300000190734863,7.449999809265137,7.25,7.449999809265137,7.053522109985352,2540
2014-12-04,7.449999809265137,7.449999809265137,7.449999809265137,7.449999809265137,7.053522109985352,0
2014-12-05,7.349999904632568,7.349999904632568,7.0,7.099999904632568,6.722148895263672,3120
2014-12-08,7.150000095367432,7.150000095367432,6.800000190734863,6.949999809265137,6.580131530761719,840
2014-12-09,6.949999809265137,6.949999809265137,6.800000190734863,6.849999904632568,6.4854536056518555,1180
2014-12-10,6.900000095367432,7.099999904632568,6.800000190734863,6.800000190734863,6.438115119934082,1220
2014-12-11,6.800000190734863,6.949999809265137,6.75,6.75,6.390775203704834,1260
2014-12-12,6.849999904632568,6.900000095367432,6.849999904632568,6.900000095367432,6.532793045043945,320
2014-12-15,6.800000190734863,6.900000095367432,6.75,6.75,6.390775203704834,1940
2014-12-16,6.75,6.800000190734863,6.599999904632568,6.599999904632568,6.248758316040039,620
2014-12-17,6.550000190734863,6.800000190734863,6.550000190734863,6.800000190734863,6.438115119934082,2240
2014-12-18,6.650000095367432,6.800000190734863,6.349999904632568,6.599999904632568,6.248758316040039,4840
2014-12-19,6.699999809265137,6.699999809265137,6.449999809265137,6.5,6.154080390930176,720
2014-12-22,6.349999904632568,6.699999809265137,6.349999904632568,6.5,6.154080390930176,2520
2014-12-23,6.300000190734863,6.599999904632568,6.300000190734863,6.5,6.154080390930176,3940
2014-12-24,6.349999904632568,6.550000190734863,6.349999904632568,6.449999809265137,6.106740951538086,1580
2014-12-26,6.400000095367432,6.550000190734863,6.349999904632568,6.550000190734863,6.201419353485107,1420
2014-12-29,6.400000095367432,6.449999809265137,6.349999904632568,6.400000095367432,6.0594024658203125,3880
2014-12-30,6.300000190734863,6.449999809265137,6.0,6.150000095367432,5.822706699371338,6420
2014-12-31,6.150000095367432,6.150000095367432,5.699999809265137,5.849999904632568,5.538671970367432,26760
2015-01-02,5.849999904632568,6.0,5.800000190734863,5.800000190734863,5.4913330078125,1500
2015-01-05,5.949999809265137,6.050000190734863,5.900000095367432,6.0,5.680689811706543,640
2015-01-06,6.0,6.0,6.0,6.0,5.680689811706543,0
2015-01-07,6.050000190734863,6.099999904632568,5.800000190734863,5.900000095367432,5.586010932922363,2280
2015-01-08,6.0,6.0,5.650000095367432,5.849999904632568,5.538671970367432,1280
2015-01-09,5.949999809265137,6.050000190734863,5.949999809265137,6.0,5.680689811706543,3220
2015-01-12,5.900000095367432,5.900000095367432,5.900000095367432,5.900000095367432,5.586010932922363,420
2015-01-13,5.900000095367432,5.900000095367432,5.75,5.900000095367432,5.586010932922363,2500
2015-01-14,5.75,5.900000095367432,5.75,5.900000095367432,5.586010932922363,2040
2015-01-15,5.699999809265137,5.699999809265137,5.699999809265137,5.699999809265137,5.3966546058654785,500
2015-01-16,5.699999809265137,5.75,5.599999904632568,5.599999904632568,5.301976680755615,2140
2015-01-20,5.599999904632568,5.800000190734863,5.599999904632568,5.800000190734863,5.4913330078125,580
2015-01-21,5.599999904632568,5.75,5.5,5.550000190734863,5.254637718200684,1620
2015-01-22,5.599999904632568,5.75,5.400000095367432,5.400000095367432,5.1126203536987305,2400
2015-01-23,5.599999904632568,5.599999904632568,5.449999809265137,5.449999809265137,5.159959316253662,860
2015-01-26,5.300000190734863,5.650000095367432,5.099999904632568,5.550000190734863,5.254637718200684,14820
2015-01-27,5.650000095367432,6.099999904632568,5.650000095367432,6.099999904632568,5.775367736816406,2200
2015-01-28,6.150000095367432,6.150000095367432,5.599999904632568,5.900000095367432,5.586010932922363,3160
2015-01-29,5.599999904632568,5.900000095367432,5.599999904632568,5.900000095367432,5.586010932922363,1000
2015-01-30,5.900000095367432,5.900000095367432,5.900000095367432,5.900000095367432,5.586010932922363,0
2015-02-02,5.900000095367432,5.900000095367432,5.900000095367432,5.900000095367432,5.586010932922363,140
2015-02-03,5.949999809265137,5.949999809265137,5.800000190734863,5.900000095367432,5.586010932922363,1560
2015-02-04,5.75,5.800000190734863,5.699999809265137,5.75,5.443994045257568,700
2015-02-05,5.75,5.75,5.75,5.75,5.443994045257568,60
2015-02-06,5.849999904632568,6.050000190734863,5.849999904632568,6.050000190734863,5.728028774261475,500
2015-02-09,5.949999809265137,5.949999809265137,5.800000190734863,5.800000190734863,5.4913330078125,1320
2015-02-10,6.0,6.0,5.900000095367432,5.900000095367432,5.586010932922363,640
2015-02-11,5.75,6.0,5.75,6.0,5.680689811706543,2560
2015-02-12,6.0,6.0,5.949999809265137,5.949999809265137,5.633349895477295,1100
2015-02-13,6.25,6.5,6.199999809265137,6.449999809265137,6.106740951538086,8860
2015-02-17,5.849999904632568,6.199999809265137,5.849999904632568,6.050000190734863,5.728028774261475,1460
2015-02-18,5.949999809265137,6.099999904632568,5.949999809265137,6.050000190734863,5.728028774261475,1680
2015-02-19,5.75,5.949999809265137,5.75,5.900000095367432,5.586010932922363,840
2015-02-20,6.050000190734863,6.050000190734863,6.050000190734863,6.050000190734863,5.728028774261475,60
2015-02-23,6.050000190734863,6.050000190734863,6.050000190734863,6.050000190734863,5.728028774261475,220
2015-02-24,6.099999904632568,6.099999904632568,5.849999904632568,5.849999904632568,5.538671970367432,60
2015-02-25,5.650000095367432,5.650000095367432,5.650000095367432,5.650000095367432,5.349316120147705,40
2015-02-26,5.849999904632568,5.849999904632568,5.800000190734863,5.800000190734863,5.4913330078125,240
2015-02-27,5.650000095367432,5.800000190734863,5.650000095367432,5.800000190734863,5.4913330078125,520
2015-03-02,5.900000095367432,5.900000095367432,5.900000095367432,5.900000095367432,5.586010932922363,460
2015-03-03,5.949999809265137,6.0,5.949999809265137,5.949999809265137,5.633349895477295,1520
2015-03-04,5.75,5.900000095367432,5.75,5.900000095367432,5.586010932922363,540
2015-03-05,5.849999904632568,5.849999904632568,5.849999904632568,5.849999904632568,5.538671970367432,440
2015-03-06,5.949999809265137,6.25,5.949999809265137,6.050000190734863,5.728028774261475,1960
2015-03-09,6.099999904632568,6.099999904632568,6.050000190734863,6.099999904632568,5.775367736816406,480
2015-03-10,6.099999904632568,6.25,5.849999904632568,6.050000190734863,5.728028774261475,3440
2015-03-11,6.050000190734863,6.050000190734863,6.050000190734863,6.050000190734863,5.728028774261475,0
2015-03-12,6.0,6.0,5.900000095367432,6.0,5.680689811706543,1000
2015-03-13,6.0,6.0,6.0,6.0,5.680689811706543,0
2015-03-16,5.849999904632568,5.900000095367432,5.699999809265137,5.699999809265137,5.3966546058654785,1960
2015-03-17,5.699999809265137,5.699999809265137,5.699999809265137,5.699999809265137,5.3966546058654785,0
2015-03-18,5.599999904632568,5.949999809265137,5.599999904632568,5.800000190734863,5.4913330078125,3720
2015-03-19,5.599999904632568,5.800000190734863,5.599999904632568,5.800000190734863,5.4913330078125,140
2015-03-20,5.849999904632568,5.949999809265137,5.849999904632568,5.900000095367432,5.586010932922363,1400
2015-03-23,6.150000095367432,6.25,5.699999809265137,5.699999809265137,5.3966546058654785,2160
2015-03-24,5.900000095367432,6.400000095367432,5.75,5.75,5.443994045257568,1660
2015-03-25,5.849999904632568,6.349999904632568,5.849999904632568,6.349999904632568,6.0120625495910645,1060
2015-03-26,6.0,6.0,6.0,6.0,5.680689811706543,280
2015-03-27,6.25,6.400000095367432,5.900000095367432,5.900000095367432,5.586010932922363,1260
2015-03-30,5.849999904632568,6.449999809265137,5.849999904632568,6.400000095367432,6.0594024658203125,2160
2015-03-31,6.050000190734863,6.449999809265137,6.0,6.050000190734863,5.728028774261475,1900
2015-04-01,6.0,6.050000190734863,5.800000190734863,5.800000190734863,5.4913330078125,780
2015-04-02,5.599999904632568,5.800000190734863,5.050000190734863,5.349999904632568,5.065281391143799,12080
2015-04-06,5.300000190734863,5.400000095367432,5.050000190734863,5.150000095367432,4.875925064086914,2460
2015-04-07,5.099999904632568,5.449999809265137,5.0,5.400000095367432,5.1126203536987305,6640
2015-04-08,5.449999809265137,5.449999809265137,5.099999904632568,5.150000095367432,4.875925064086914,2300
2015-04-09,5.150000095367432,5.25,5.050000190734863,5.25,4.9706034660339355,2640
2015-04-10,5.099999904632568,5.349999904632568,5.0,5.349999904632568,5.065281391143799,1040
2015-04-13,5.099999904632568,5.25,4.900000095367432,5.050000190734863,4.781247138977051,4460
2015-04-14,4.550000190734863,4.949999809265137,4.550000190734863,4.800000190734863,4.544551372528076,2440
2015-04-15,4.800000190734863,4.900000095367432,4.800000190734863,4.800000190734863,4.544551372528076,1900
2015-04-16,4.800000190734863,4.800000190734863,4.800000190734863,4.800000190734863,4.544551372528076,0
2015-04-17,4.650000095367432,4.900000095367432,4.650000095367432,4.75,4.4972124099731445,1320
2015-04-20,4.699999809265137,4.900000095367432,4.550000190734863,4.550000190734863,4.307856559753418,3200
2015-04-21,4.5,4.800000190734863,4.5,4.599999904632568,4.355195045471191,1800
2015-04-22,4.75,4.900000095367432,4.650000095367432,4.650000095367432,4.402534484863281,1500
2015-04-23,4.800000190734863,4.849999904632568,4.400000095367432,4.449999809265137,4.2131781578063965,19300
2015-04-24,4.400000095367432,4.400000095367432,4.300000190734863,4.400000095367432,4.165838718414307,18020
2015-04-27,4.25,4.650000095367432,4.199999809265137,4.599999904632568,4.355195045471191,2980
2015-04-28,4.699999809265137,4.75,4.599999904632568,4.699999809265137,4.449872970581055,1700
2015-04-29,4.699999809265137,4.75,4.650000095367432,4.650000095367432,4.402534484863281,120
2015-04-30,4.650000095367432,4.650000095367432,4.650000095367432,4.650000095367432,4.402534484863281,360
2015-05-01,4.699999809265137,4.75,4.550000190734863,4.550000190734863,4.307856559753418,1620
2015-05-04,4.5,4.650000095367432,4.5,4.650000095367432,4.402534484863281,860
2015-05-05,4.699999809265137,4.699999809265137,4.349999904632568,4.349999904632568,4.118499755859375,1260
2015-05-06,5.0,5.0,4.75,4.900000095367432,4.639229774475098,5720
2015-05-07,4.75,5.449999809265137,4.5,5.150000095367432,4.875925064086914,12580
2015-05-08,5.150000095367432,5.599999904632568,5.150000095367432,5.400000095367432,5.1126203536987305,14960
2015-05-11,5.199999809265137,5.849999904632568,4.75,5.0,4.733907699584961,10040
2015-05-12,4.599999904632568,5.0,4.400000095367432,4.800000190734863,4.544551372528076,10500
2015-05-13,5.050000190734863,5.050000190734863,4.5,4.75,4.4972124099731445,9580
2015-05-14,4.449999809265137,4.849999904632568,4.449999809265137,4.699999809265137,4.449872970581055,4360
2015-05-15,4.699999809265137,4.900000095367432,4.699999809265137,4.849999904632568,4.591890811920166,460
2015-05-18,4.599999904632568,4.75,4.5,4.550000190734863,4.307856559753418,4720
2015-05-19,4.849999904632568,4.849999904632568,4.5,4.800000190734863,4.544551372528076,2540
2015-05-20,4.650000095367432,4.75,4.5,4.5,4.260517120361328,1120
2015-05-21,4.5,4.849999904632568,4.5,4.699999809265137,4.449872970581055,4760
2015-05-22,4.849999904632568,4.849999904632568,4.699999809265137,4.75,4.4972124099731445,2200
2015-05-26,4.699999809265137,4.699999809265137,4.5,4.5,4.260517120361328,5500
2015-05-27,4.699999809265137,4.699999809265137,4.449999809265137,4.5,4.260517120361328,760
2015-05-28,4.5,4.5,4.400000095367432,4.400000095367432,4.165838718414307,1140
2015-05-29,4.349999904632568,4.5,4.25,4.300000190734863,4.071160793304443,12900
2015-06-01,4.449999809265137,4.849999904632568,4.449999809265137,4.800000190734863,4.544551372528076,1020
2015-06-02,5.0,5.0,4.75,5.0,4.733907699584961,1560
2015-06-03,4.949999809265137,4.949999809265137,4.949999809265137,4.949999809265137,4.686568737030029,340
2015-06-04,4.949999809265137,4.949999809265137,4.949999809265137,4.949999809265137,4.686568737030029,0
2015-06-05,5.0,5.0,4.5,4.699999809265137,4.449872970581055,1780
2015-06-08,4.699999809265137,4.849999904632568,4.599999904632568,4.849999904632568,4.591890811920166,3380
2015-06-09,4.599999904632568,4.75,4.5,4.599999904632568,4.355195045471191,3520
2015-06-10,4.5,4.75,4.400000095367432,4.75,4.4972124099731445,1860
2015-06-11,4.449999809265137,4.650000095367432,4.449999809265137,4.650000095367432,4.402534484863281,80
2015-06-12,4.650000095367432,4.650000095367432,4.650000095367432,4.650000095367432,4.402534484863281,0
2015-06-15,4.5,4.5,4.400000095367432,4.400000095367432,4.165838718414307,4880
2015-06-16,4.449999809265137,4.699999809265137,4.449999809265137,4.650000095367432,4.402534484863281,80
2015-06-17,4.449999809265137,4.599999904632568,4.449999809265137,4.449999809265137,4.2131781578063965,360
2015-06-18,4.449999809265137,4.449999809265137,4.449999809265137,4.449999809265137,4.2131781578063965,0
2015-06-19,4.449999809265137,4.449999809265137,4.400000095367432,4.400000095367432,4.165838718414307,2520
2015-06-22,4.5,4.75,4.5,4.650000095367432,4.402534484863281,4900
2015-06-23,4.650000095367432,4.650000095367432,4.599999904632568,4.599999904632568,4.355195045471191,380
2015-06-24,4.5,4.599999904632568,4.300000190734863,4.5,4.260517120361328,9280
2015-06-25,4.449999809265137,4.5,4.449999809265137,4.449999809265137,4.2131781578063965,180
2015-06-26,4.5,4.5,4.449999809265137,4.449999809265137,4.2131781578063965,3020
2015-06-29,4.5,4.5,4.300000190734863,4.300000190734863,4.071160793304443,1780
2015-06-30,4.400000095367432,4.449999809265137,4.400000095367432,4.449999809265137,4.2131781578063965,2180
2015-07-01,4.050000190734863,4.449999809265137,4.050000190734863,4.449999809265137,4.2131781578063965,920
2015-07-02,4.349999904632568,4.449999809265137,4.099999904632568,4.150000095367432,3.9291434288024902,1400
2015-07-06,4.400000095367432,4.449999809265137,4.400000095367432,4.449999809265137,4.2131781578063965,160
2015-07-07,4.449999809265137,4.449999809265137,4.300000190734863,4.449999809265137,4.2131781578063965,640
2015-07-08,4.150000095367432,4.400000095367432,4.150000095367432,4.300000190734863,4.071160793304443,3660
2015-07-09,4.150000095367432,4.349999904632568,4.150000095367432,4.25,4.023821830749512,2080
2015-07-10,4.300000190734863,4.349999904632568,4.150000095367432,4.150000095367432,3.9291434288024902,3740
2015-07-13,4.150000095367432,4.150000095367432,4.050000190734863,4.050000190734863,3.834465503692627,6760
2015-07-14,4.25,4.75,4.050000190734863,4.400000095367432,4.165838718414307,35280
2015-07-15,4.650000095367432,4.650000095367432,4.449999809265137,4.449999809265137,4.2131781578063965,5860
2015-07-16,4.449999809265137,4.449999809265137,4.199999809265137,4.199999809265137,3.976482391357422,13100
2015-07-17,4.199999809265137,4.349999904632568,4.199999809265137,4.25,4.023821830749512,1800
2015-07-20,4.150000095367432,4.25,4.099999904632568,4.199999809265137,3.976482391357422,2140
2015-07-21,4.099999904632568,4.400000095367432,4.099999904632568,4.400000095367432,4.165838718414307,3080
2015-07-22,4.099999904632568,4.449999809265137,4.099999904632568,4.449999809265137,4.2131781578063965,1500
2015-07-23,4.449999809265137,4.449999809265137,4.25,4.400000095367432,4.165838718414307,180
2015-07-24,4.150000095367432,4.349999904632568,4.150000095367432,4.349999904632568,4.118499755859375,140
2015-07-27,4.349999904632568,4.349999904632568,4.150000095367432,4.150000095367432,3.9291434288024902,1660
2015-07-28,4.199999809265137,4.449999809265137,4.199999809265137,4.449999809265137,4.2131781578063965,3980
2015-07-29,4.25,4.849999904632568,4.25,4.650000095367432,4.402534484863281,6260
2015-07-30,4.599999904632568,5.25,4.599999904632568,4.949999809265137,4.686568737030029,8020
2015-07-31,4.75,4.900000095367432,4.650000095367432,4.900000095367432,4.639229774475098,2940
2015-08-03,4.699999809265137,4.900000095367432,4.699999809265137,4.75,4.4972124099731445,920
2015-08-04,4.800000190734863,4.900000095367432,4.699999809265137,4.900000095367432,4.639229774475098,3280
2015-08-05,4.900000095367432,5.150000095367432,4.900000095367432,5.150000095367432,4.875925064086914,7780
2015-08-06,5.150000095367432,5.150000095367432,4.949999809265137,5.0,4.733907699584961,8820
2015-08-07,5.099999904632568,5.099999904632568,4.900000095367432,5.099999904632568,4.828585624694824,1740
2015-08-10,5.050000190734863,5.099999904632568,5.050000190734863,5.050000190734863,4.781247138977051,80
2015-08-11,4.849999904632568,5.0,4.800000190734863,4.849999904632568,4.591890811920166,2780
2015-08-12,5.300000190734863,6.75,5.300000190734863,5.900000095367432,5.586010932922363,128200
2015-08-13,6.0,6.0,5.599999904632568,5.699999809265137,5.3966546058654785,19060
2015-08-14,5.75,5.75,5.599999904632568,5.699999809265137,5.3966546058654785,6440
2015-08-17,5.800000190734863,5.800000190734863,5.599999904632568,5.650000095367432,5.349316120147705,3680
2015-08-18,5.650000095367432,5.900000095367432,5.199999809265137,5.199999809265137,4.9232635498046875,2360
2015-08-19,5.5,5.949999809265137,5.5,5.550000190734863,5.254637718200684,2120
2015-08-20,5.449999809265137,5.75,5.449999809265137,5.599999904632568,5.301976680755615,7100
2015-08-21,5.650000095367432,5.650000095367432,5.199999809265137,5.349999904632568,5.065281391143799,12700
2015-08-24,5.099999904632568,5.349999904632568,5.0,5.349999904632568,5.065281391143799,5420
2015-08-25,5.300000190734863,5.650000095367432,5.300000190734863,5.349999904632568,5.065281391143799,320
2015-08-26,5.349999904632568,6.0,5.349999904632568,5.800000190734863,5.4913330078125,11920
2015-08-27,5.849999904632568,6.5,5.849999904632568,6.150000095367432,5.822706699371338,23820
2015-08-28,6.25,6.949999809265137,6.0,6.699999809265137,6.343436241149902,40500
2015-08-31,6.650000095367432,6.650000095367432,6.099999904632568,6.400000095367432,6.0594024658203125,21680
2015-09-01,6.0,6.5,6.0,6.449999809265137,6.106740951538086,4440
2015-09-02,6.599999904632568,6.75,6.25,6.75,6.390775203704834,13200
2015-09-03,6.5,6.699999809265137,6.25,6.5,6.154080390930176,14420
2015-09-04,6.550000190734863,6.650000095367432,6.300000190734863,6.449999809265137,6.106740951538086,2280
2015-09-08,6.199999809265137,6.5,6.199999809265137,6.349999904632568,6.0120625495910645,7400
2015-09-09,6.400000095367432,6.449999809265137,6.199999809265137,6.25,5.917384624481201,7880
2015-09-10,6.349999904632568,6.449999809265137,6.349999904632568,6.400000095367432,6.0594024658203125,140
2015-09-11,6.349999904632568,6.400000095367432,6.300000190734863,6.349999904632568,6.0120625495910645,2000
2015-09-14,6.349999904632568,6.349999904632568,6.300000190734863,6.300000190734863,5.964724063873291,80
2015-09-15,6.300000190734863,6.400000095367432,6.199999809265137,6.199999809265137,5.8700456619262695,5220
2015-09-16,6.300000190734863,6.449999809265137,6.199999809265137,6.400000095367432,6.0594024658203125,7420
2015-09-17,6.449999809265137,6.5,6.150000095367432,6.199999809265137,5.8700456619262695,5540
2015-09-18,6.099999904632568,6.199999809265137,6.099999904632568,6.150000095367432,5.822706699371338,5800
2015-09-21,6.199999809265137,6.349999904632568,6.099999904632568,6.300000190734863,5.964724063873291,5460
2015-09-22,6.099999904632568,6.400000095367432,6.099999904632568,6.400000095367432,6.0594024658203125,1260
2015-09-23,6.400000095367432,6.400000095367432,6.199999809265137,6.300000190734863,5.964724063873291,6100
2015-09-24,6.199999809265137,6.400000095367432,6.099999904632568,6.349999904632568,6.0120625495910645,6260
2015-09-25,6.150000095367432,6.349999904632568,6.099999904632568,6.300000190734863,5.964724063873291,3500
2015-09-28,6.150000095367432,6.400000095367432,6.099999904632568,6.099999904632568,5.775367736816406,2860
2015-09-29,6.150000095367432,6.25,6.099999904632568,6.199999809265137,5.8700456619262695,5600
2015-09-30,6.050000190734863,6.300000190734863,6.050000190734863,6.25,5.917384624481201,5280
2015-10-01,6.25,6.25,6.25,6.25,5.917384624481201,80
2015-10-02,6.300000190734863,6.300000190734863,6.099999904632568,6.199999809265137,5.8700456619262695,5520
2015-10-05,6.150000095367432,6.300000190734863,6.099999904632568,6.150000095367432,5.822706699371338,2860
2015-10-06,6.150000095367432,6.199999809265137,6.099999904632568,6.099999904632568,5.775367736816406,7840
2015-10-07,6.199999809265137,6.199999809265137,6.099999904632568,6.150000095367432,5.822706699371338,3540
2015-10-08,6.099999904632568,6.25,6.099999904632568,6.25,5.917384624481201,280
2015-10-09,6.150000095367432,6.25,6.150000095367432,6.150000095367432,5.822706699371338,1100
2015-10-12,6.199999809265137,6.199999809265137,6.050000190734863,6.099999904632568,5.775367736816406,1760
2015-10-13,5.949999809265137,6.199999809265137,5.949999809265137,6.099999904632568,5.775367736816406,900
2015-10-14,6.099999904632568,6.199999809265137,5.400000095367432,5.800000190734863,5.4913330078125,13520
2015-10-15,5.800000190734863,5.900000095367432,5.800000190734863,5.900000095367432,5.586010932922363,1360
2015-10-16,5.849999904632568,5.900000095367432,5.849999904632568,5.900000095367432,5.586010932922363,1340
2015-10-19,5.699999809265137,6.0,5.699999809265137,6.0,5.680689811706543,580
2015-10-20,5.75,5.849999904632568,5.75,5.849999904632568,5.538671970367432,920
2015-10-21,5.849999904632568,5.849999904632568,5.849999904632568,5.849999904632568,5.538671970367432,0
2015-10-22,5.599999904632568,6.0,5.599999904632568,6.0,5.680689811706543,500
2015-10-23,5.650000095367432,5.900000095367432,5.650000095367432,5.900000095367432,5.586010932922363,40
2015-10-26,5.650000095367432,5.900000095367432,5.5,5.5,5.207298278808594,2140
2015-10-27,5.900000095367432,5.900000095367432,5.75,5.75,5.443994045257568,1880
2015-10-28,5.900000095367432,5.900000095367432,5.800000190734863,5.800000190734863,5.4913330078125,80
2015-10-29,5.849999904632568,5.849999904632568,5.75,5.800000190734863,5.4913330078125,3520
2015-10-30,5.650000095367432,5.800000190734863,5.650000095367432,5.75,5.443994045257568,380
2015-11-02,5.75,5.949999809265137,5.75,5.949999809265137,5.633349895477295,2600
2015-11-03,5.949999809265137,6.0,5.900000095367432,6.0,5.680689811706543,4240
2015-11-04,5.949999809265137,5.949999809265137,5.900000095367432,5.900000095367432,5.586010932922363,540
2015-11-05,6.0,6.400000095367432,6.0,6.300000190734863,5.964724063873291,5820
2015-11-06,6.199999809265137,6.300000190734863,6.199999809265137,6.25,5.917384624481201,800
2015-11-09,6.25,6.25,6.099999904632568,6.25,5.917384624481201,1420
2015-11-10,8.25,8.25,6.650000095367432,6.949999809265137,6.580131530761719,67620
2015-11-11,6.849999904632568,7.199999809265137,6.75,6.75,6.390775203704834,6080
2015-11-12,6.75,6.75,6.599999904632568,6.75,6.390775203704834,1780
2015-11-13,6.949999809265137,6.949999809265137,6.550000190734863,6.849999904632568,6.4854536056518555,1080
2015-11-16,6.949999809265137,6.949999809265137,6.550000190734863,6.599999904632568,6.248758316040039,960
2015-11-17,6.5,6.800000190734863,6.5,6.699999809265137,6.343436241149902,300
2015-11-18,6.550000190734863,6.550000190734863,6.550000190734863,6.550000190734863,6.201419353485107,920
2015-11-19,6.650000095367432,6.699999809265137,6.599999904632568,6.699999809265137,6.343436241149902,320
2015-11-20,6.599999904632568,6.599999904632568,6.5,6.5,6.154080390930176,1660
2015-11-23,6.800000190734863,6.800000190734863,6.550000190734863,6.550000190734863,6.201419353485107,1380
2015-11-24,6.550000190734863,6.550000190734863,6.449999809265137,6.5,6.154080390930176,4720
2015-11-25,6.449999809265137,6.5,6.449999809265137,6.449999809265137,6.106740951538086,300
2015-11-27,6.5,6.5,6.5,6.5,6.154080390930176,1200
2015-11-30,6.75,6.75,6.400000095367432,6.400000095367432,6.0594024658203125,3380
2015-12-01,6.449999809265137,6.5,6.449999809265137,6.449999809265137,6.106740951538086,5680
2015-12-02,6.5,6.650000095367432,6.449999809265137,6.5,6.154080390930176,8260
2015-12-03,6.5,6.5,6.5,6.5,6.154080390930176,2940
2015-12-04,6.599999904632568,6.599999904632568,6.5,6.5,6.154080390930176,2040
2015-12-07,6.5,6.599999904632568,6.5,6.5,6.154080390930176,1460
2015-12-08,6.599999904632568,6.75,6.5,6.75,6.390775203704834,6260
2015-12-09,6.5,6.699999809265137,6.5,6.699999809265137,6.343436241149902,2540
2015-12-10,6.5,6.75,6.5,6.5,6.154080390930176,2400
2015-12-11,6.699999809265137,6.699999809265137,6.5,6.550000190734863,6.201419353485107,880
2015-12-14,6.400000095367432,6.650000095367432,6.400000095367432,6.650000095367432,6.296097278594971,1680
2015-12-15,6.449999809265137,6.5,6.449999809265137,6.449999809265137,6.106740951538086,1960
2015-12-16,6.400000095367432,6.599999904632568,6.400000095367432,6.449999809265137,6.106740951538086,1560
2015-12-17,6.449999809265137,6.449999809265137,6.449999809265137,6.449999809265137,6.106740951538086,0
2015-12-18,6.400000095367432,6.400000095367432,6.400000095367432,6.400000095367432,6.0594024658203125,1980
2015-12-21,6.400000095367432,6.449999809265137,6.400000095367432,6.400000095367432,6.0594024658203125,8700
2015-12-22,6.349999904632568,6.400000095367432,5.949999809265137,5.949999809265137,5.633349895477295,11080
2015-12-23,6.25,6.25,6.099999904632568,6.099999904632568,5.775367736816406,940
2015-12-24,6.099999904632568,6.25,6.099999904632568,6.25,5.917384624481201,1820
2015-12-28,6.300000190734863,6.300000190734863,6.150000095367432,6.150000095367432,5.822706699371338,440
2015-12-29,6.050000190734863,6.25,6.050000190734863,6.099999904632568,5.775367736816406,2780
2015-12-30,6.050000190734863,6.25,6.050000190734863,6.150000095367432,5.822706699371338,2100
2015-12-31,6.25,6.400000095367432,6.199999809265137,6.349999904632568,6.0120625495910645,7920
2016-01-04,6.0,6.300000190734863,6.0,6.050000190734863,5.728028774261475,1480
2016-01-05,6.099999904632568,6.099999904632568,6.099999904632568,6.099999904632568,5.775367736816406,640
2016-01-06,6.199999809265137,6.199999809265137,6.050000190734863,6.050000190734863,5.728028774261475,60
2016-01-07,6.050000190734863,6.050000190734863,6.050000190734863,6.050000190734863,5.728028774261475,520
2016-01-08,6.050000190734863,6.199999809265137,6.050000190734863,6.199999809265137,5.8700456619262695,4800
2016-01-11,6.050000190734863,6.199999809265137,6.050000190734863,6.199999809265137,5.8700456619262695,10380
2016-01-12,6.050000190734863,6.300000190734863,6.050000190734863,6.199999809265137,5.8700456619262695,300
2016-01-13,6.349999904632568,6.349999904632568,5.650000095367432,5.75,5.443994045257568,5400
2016-01-14,5.75,6.300000190734863,5.699999809265137,6.300000190734863,5.964724063873291,2500
2016-01-15,5.699999809265137,6.300000190734863,5.449999809265137,6.300000190734863,5.964724063873291,2880
2016-01-19,5.75,6.25,5.699999809265137,6.25,5.917384624481201,2260
2016-01-20,6.0,6.0,6.0,6.0,5.680689811706543,40
2016-01-21,5.849999904632568,6.349999904632568,5.849999904632568,5.900000095367432,5.586010932922363,6620
2016-01-22,6.150000095367432,6.150000095367432,6.050000190734863,6.150000095367432,5.822706699371338,680
2016-01-25,6.150000095367432,6.150000095367432,6.150000095367432,6.150000095367432,5.822706699371338,0
2016-01-26,6.150000095367432,6.150000095367432,6.150000095367432,6.150000095367432,5.822706699371338,0
2016-01-27,6.150000095367432,6.150000095367432,6.150000095367432,6.150000095367432,5.822706699371338,0
2016-01-28,6.050000190734863,6.050000190734863,5.949999809265137,5.949999809265137,5.633349895477295,5780
2016-01-29,6.25,6.25,6.099999904632568,6.099999904632568,5.775367736816406,380
2016-02-01,6.050000190734863,6.099999904632568,6.050000190734863,6.099999904632568,5.775367736816406,1960
2016-02-02,6.050000190734863,6.099999904632568,6.050000190734863,6.050000190734863,5.728028774261475,300
2016-02-03,6.050000190734863,6.050000190734863,6.050000190734863,6.050000190734863,5.728028774261475,0
2016-02-04,6.099999904632568,6.199999809265137,6.099999904632568,6.199999809265137,5.8700456619262695,700
2016-02-05,6.199999809265137,6.199999809265137,6.199999809265137,6.199999809265137,5.8700456619262695,0
2016-02-08,6.050000190734863,6.050000190734863,5.5,5.75,5.443994045257568,4880
2016-02-09,6.050000190734863,6.199999809265137,6.0,6.199999809265137,5.8700456619262695,4580
2016-02-10,6.199999809265137,6.199999809265137,6.199999809265137,6.199999809265137,5.8700456619262695,0
2016-02-11,5.300000190734863,6.199999809265137,5.25,6.199999809265137,5.8700456619262695,1820
2016-02-12,6.0,6.050000190734863,6.0,6.050000190734863,5.728028774261475,260
2016-02-16,6.050000190734863,6.050000190734863,6.050000190734863,6.050000190734863,5.728028774261475,0
2016-02-17,6.050000190734863,6.050000190734863,6.050000190734863,6.050000190734863,5.728028774261475,0
2016-02-18,6.0,6.0,5.949999809265137,6.0,5.680689811706543,5180
2016-02-19,6.0,6.0,6.0,6.0,5.680689811706543,0
2016-02-22,6.199999809265137,6.199999809265137,5.949999809265137,6.150000095367432,5.822706699371338,6120
2016-02-23,6.25,6.25,6.199999809265137,6.199999809265137,5.8700456619262695,2480
2016-02-24,5.949999809265137,6.099999904632568,5.949999809265137,6.099999904632568,5.775367736816406,880
2016-02-25,5.900000095367432,5.900000095367432,5.849999904632568,5.849999904632568,5.538671970367432,640
2016-02-26,6.0,6.449999809265137,6.0,6.300000190734863,5.964724063873291,280
2016-02-29,6.349999904632568,6.349999904632568,5.800000190734863,6.349999904632568,6.0120625495910645,3000
2016-03-01,6.400000095367432,6.400000095367432,6.400000095367432,6.400000095367432,6.0594024658203125,80
2016-03-02,6.400000095367432,6.449999809265137,6.199999809265137,6.25,5.917384624481201,1200
2016-03-03,6.25,6.300000190734863,6.25,6.300000190734863,5.964724063873291,2300
2016-03-04,6.400000095367432,6.449999809265137,6.199999809265137,6.25,5.917384624481201,2000
2016-03-07,6.199999809265137,6.400000095367432,6.199999809265137,6.25,5.917384624481201,9280
2016-03-08,6.150000095367432,6.449999809265137,6.150000095367432,6.349999904632568,6.0120625495910645,2560
2016-03-09,6.5,6.5,6.449999809265137,6.449999809265137,6.106740951538086,1100
2016-03-10,6.349999904632568,6.5,6.349999904632568,6.5,6.154080390930176,1140
2016-03-11,6.5,6.699999809265137,6.349999904632568,6.699999809265137,6.343436241149902,360
2016-03-14,6.650000095367432,6.650000095367432,6.449999809265137,6.449999809265137,6.106740951538086,360
2016-03-15,6.349999904632568,6.349999904632568,6.349999904632568,6.349999904632568,6.0120625495910645,140
2016-03-16,6.650000095367432,6.650000095367432,6.599999904632568,6.599999904632568,6.248758316040039,80
2016-03-17,6.449999809265137,6.449999809265137,6.449999809265137,6.449999809265137,6.106740951538086,20
2016-03-18,6.449999809265137,6.449999809265137,6.449999809265137,6.449999809265137,6.106740951538086,240
2016-03-21,6.550000190734863,6.550000190734863,6.550000190734863,6.550000190734863,6.201419353485107,20
2016-03-22,6.650000095367432,7.349999904632568,6.5,7.0,6.627470970153809,72480
2016-03-23,6.25,6.25,5.550000190734863,6.0,5.680689811706543,37540
2016-03-24,5.75,5.75,5.599999904632568,5.599999904632568,5.301976680755615,8700
2016-03-28,5.599999904632568,5.650000095367432,5.25,5.300000190734863,5.017942428588867,7300
2016-03-29,5.599999904632568,5.75,5.349999904632568,5.349999904632568,5.065281391143799,2940
2016-03-30,5.349999904632568,5.800000190734863,5.349999904632568,5.599999904632568,5.301976680755615,1700
2016-03-31,5.5,5.550000190734863,5.349999904632568,5.349999904632568,5.065281391143799,4660
2016-04-01,5.349999904632568,5.5,5.300000190734863,5.400000095367432,5.1126203536987305,2140
2016-04-04,5.349999904632568,5.5,5.349999904632568,5.349999904632568,5.065281391143799,2660
2016-04-05,5.400000095367432,5.5,5.300000190734863,5.400000095367432,5.1126203536987305,1720
2016-04-06,5.449999809265137,5.599999904632568,5.099999904632568,5.599999904632568,5.301976680755615,9660
2016-04-07,5.150000095367432,5.300000190734863,5.099999904632568,5.150000095367432,4.875925064086914,5120
2016-04-08,5.25,5.449999809265137,5.150000095367432,5.150000095367432,4.875925064086914,1020
2016-04-11,5.150000095367432,5.199999809265137,5.099999904632568,5.099999904632568,4.828585624694824,3780
2016-04-12,5.099999904632568,5.099999904632568,4.900000095367432,5.050000190734863,4.781247138977051,4300
2016-04-13,4.949999809265137,5.300000190734863,4.949999809265137,5.050000190734863,4.781247138977051,2440
2016-04-14,5.050000190734863,5.300000190734863,5.050000190734863,5.099999904632568,4.828585624694824,1460
2016-04-15,5.300000190734863,5.300000190734863,5.300000190734863,5.300000190734863,5.017942428588867,160
2016-04-18,5.25,5.25,5.099999904632568,5.099999904632568,4.828585624694824,220
2016-04-19,5.300000190734863,5.300000190734863,5.099999904632568,5.150000095367432,4.875925064086914,1420
2016-04-20,5.199999809265137,5.300000190734863,5.099999904632568,5.199999809265137,4.9232635498046875,2980
2016-04-21,5.150000095367432,5.150000095367432,5.050000190734863,5.099999904632568,4.828585624694824,2460
2016-04-22,4.949999809265137,4.949999809265137,4.699999809265137,4.849999904632568,4.591890811920166,4380
2016-04-25,4.800000190734863,4.849999904632568,4.800000190734863,4.800000190734863,4.544551372528076,5140
2016-04-26,5.0,5.0,4.849999904632568,4.849999904632568,4.591890811920166,700
2016-04-27,4.75,4.75,4.599999904632568,4.599999904632568,4.355195045471191,6580
2016-04-28,4.650000095367432,4.900000095367432,4.650000095367432,4.900000095367432,4.639229774475098,240
2016-04-29,4.949999809265137,4.949999809265137,4.699999809265137,4.699999809265137,4.449872970581055,700
2016-05-02,4.699999809265137,4.699999809265137,4.599999904632568,4.650000095367432,4.402534484863281,3460
2016-05-03,4.599999904632568,4.699999809265137,4.599999904632568,4.699999809265137,4.449872970581055,3040
2016-05-04,4.599999904632568,4.75,4.599999904632568,4.75,4.4972124099731445,1480
2016-05-05,4.800000190734863,5.0,4.550000190734863,4.599999904632568,4.355195045471191,2260
2016-05-06,4.849999904632568,5.099999904632568,4.599999904632568,4.949999809265137,4.686568737030029,4680
2016-05-09,4.800000190734863,4.849999904632568,4.25,4.550000190734863,4.307856559753418,5340
2016-05-10,4.800000190734863,5.050000190734863,4.800000190734863,5.050000190734863,4.781247138977051,2980
2016-05-11,5.0,5.300000190734863,4.75,4.800000190734863,4.544551372528076,3800
2016-05-12,4.849999904632568,5.300000190734863,4.849999904632568,5.199999809265137,4.9232635498046875,1800
2016-05-13,5.050000190734863,5.400000095367432,5.050000190734863,5.400000095367432,5.1126203536987305,440
2016-05-16,5.050000190734863,5.650000095367432,5.050000190734863,5.300000190734863,5.017942428588867,740
2016-05-17,5.300000190734863,5.300000190734863,5.300000190734863,5.300000190734863,5.017942428588867,0
2016-05-18,5.0,5.0,4.650000095367432,4.800000190734863,4.544551372528076,4020
2016-05-19,4.599999904632568,4.599999904632568,4.599999904632568,4.599999904632568,4.355195045471191,20
2016-05-20,4.599999904632568,4.699999809265137,4.449999809265137,4.449999809265137,4.2131781578063965,820
2016-05-23,4.599999904632568,4.599999904632568,4.400000095367432,4.599999904632568,4.355195045471191,3740
2016-05-24,4.650000095367432,4.75,4.650000095367432,4.650000095367432,4.402534484863281,760
2016-05-25,4.650000095367432,4.75,4.650000095367432,4.699999809265137,4.449872970581055,1000
2016-05-26,4.75,5.0,4.75,5.0,4.733907699584961,5780
2016-05-27,4.699999809265137,4.699999809265137,4.699999809265137,4.699999809265137,4.449872970581055,980
2016-05-31,4.699999809265137,4.699999809265137,4.650000095367432,4.699999809265137,4.449872970581055,10580
2016-06-01,4.599999904632568,4.699999809265137,4.599999904632568,4.599999904632568,4.355195045471191,3180
2016-06-02,4.699999809265137,4.699999809265137,4.349999904632568,4.449999809265137,4.2131781578063965,132640
2016-06-03,4.5,4.699999809265137,4.5,4.699999809265137,4.449872970581055,680
2016-06-06,4.599999904632568,4.949999809265137,4.5,4.75,4.4972124099731445,2740
2016-06-07,5.25,6.75,5.150000095367432,5.199999809265137,4.9232635498046875,89880
2016-06-08,5.300000190734863,5.5,5.300000190734863,5.300000190734863,5.017942428588867,4960
2016-06-09,5.349999904632568,6.25,5.349999904632568,6.199999809265137,5.8700456619262695,31960
2016-06-10,6.199999809265137,6.199999809265137,5.75,5.800000190734863,5.4913330078125,6140
2016-06-13,5.75,6.199999809265137,5.75,6.150000095367432,5.822706699371338,1500
2016-06-14,5.900000095367432,5.900000095367432,5.449999809265137,5.550000190734863,5.254637718200684,3860
2016-06-15,5.550000190734863,5.75,5.199999809265137,5.650000095367432,5.349316120147705,3820
2016-06-16,5.699999809265137,5.699999809265137,5.5,5.699999809265137,5.3966546058654785,600
2016-06-17,5.5,5.599999904632568,5.5,5.550000190734863,5.254637718200684,300
2016-06-20,5.199999809265137,5.599999904632568,5.199999809265137,5.400000095367432,5.1126203536987305,1280
2016-06-21,5.449999809265137,5.699999809265137,5.449999809265137,5.699999809265137,5.3966546058654785,540
2016-06-22,5.300000190734863,5.699999809265137,5.300000190734863,5.699999809265137,5.3966546058654785,120
2016-06-23,5.599999904632568,5.599999904632568,5.550000190734863,5.599999904632568,5.301976680755615,1100
2016-06-24,5.400000095367432,5.699999809265137,5.300000190734863,5.5,5.207298278808594,1020
2016-06-27,5.199999809265137,5.550000190734863,5.199999809265137,5.550000190734863,5.254637718200684,780
2016-06-28,5.400000095367432,5.400000095367432,5.199999809265137,5.349999904632568,5.065281391143799,880
2016-06-29,5.25,5.25,5.25,5.25,4.9706034660339355,20
2016-06-30,5.199999809265137,5.449999809265137,5.199999809265137,5.400000095367432,5.1126203536987305,1640
2016-07-01,5.25,5.400000095367432,5.25,5.400000095367432,5.1126203536987305,40
2016-07-05,5.449999809265137,5.449999809265137,5.349999904632568,5.349999904632568,5.065281391143799,80
2016-07-06,5.25,5.400000095367432,5.25,5.349999904632568,5.065281391143799,460
2016-07-07,5.300000190734863,5.400000095367432,5.300000190734863,5.400000095367432,5.1126203536987305,680
2016-07-08,5.349999904632568,5.400000095367432,5.349999904632568,5.400000095367432,5.1126203536987305,920
2016-07-11,5.400000095367432,5.599999904632568,5.400000095367432,5.599999904632568,5.301976680755615,720
2016-07-12,5.449999809265137,5.5,5.449999809265137,5.449999809265137,5.159959316253662,4160
2016-07-13,5.5,6.550000190734863,5.5,5.800000190734863,5.4913330078125,86800
2016-07-14,5.849999904632568,6.099999904632568,5.849999904632568,5.900000095367432,5.586010932922363,7320
2016-07-15,5.75,6.050000190734863,5.699999809265137,5.849999904632568,5.538671970367432,500
2016-07-18,5.849999904632568,5.849999904632568,5.449999809265137,5.650000095367432,5.349316120147705,1960
2016-07-19,5.650000095367432,5.900000095367432,5.5,5.650000095367432,5.349316120147705,1360
2016-07-20,5.75,5.949999809265137,5.400000095367432,5.75,5.443994045257568,3140
2016-07-21,5.550000190734863,5.599999904632568,5.349999904632568,5.5,5.207298278808594,1100
2016-07-22,5.400000095367432,7.150000095367432,5.400000095367432,5.599999904632568,5.301976680755615,100460
2016-07-25,6.099999904632568,6.349999904632568,5.75,5.75,5.443994045257568,5740
2016-07-26,6.099999904632568,6.150000095367432,5.849999904632568,6.099999904632568,5.775367736816406,900
2016-07-27,5.599999904632568,6.599999904632568,5.550000190734863,5.900000095367432,5.586010932922363,14620
2016-07-28,6.25,6.599999904632568,6.050000190734863,6.300000190734863,5.964724063873291,31940
2016-07-29,5.800000190734863,6.699999809265137,5.800000190734863,5.949999809265137,5.633349895477295,12960
2016-08-01,6.0,6.25,6.0,6.0,5.680689811706543,6900
2016-08-02,6.0,6.0,5.849999904632568,5.849999904632568,5.538671970367432,2860
2016-08-03,5.75,6.0,5.650000095367432,5.900000095367432,5.586010932922363,3620
2016-08-04,5.949999809265137,5.949999809265137,5.5,5.5,5.207298278808594,5620
2016-08-05,5.599999904632568,6.0,5.599999904632568,5.75,5.443994045257568,2460
2016-08-08,5.550000190734863,5.900000095367432,5.400000095367432,5.550000190734863,5.254637718200684,2340
2016-08-09,5.75,5.75,5.449999809265137,5.599999904632568,5.301976680755615,2180
2016-08-10,5.5,5.75,5.300000190734863,5.400000095367432,5.1126203536987305,3000
2016-08-11,5.449999809265137,5.699999809265137,5.449999809265137,5.650000095367432,5.349316120147705,120
2016-08-12,5.349999904632568,5.650000095367432,5.349999904632568,5.349999904632568,5.065281391143799,160
2016-08-15,5.349999904632568,5.5,5.25,5.25,4.9706034660339355,2540
2016-08-16,5.5,5.550000190734863,5.25,5.300000190734863,5.017942428588867,2080
2016-08-17,5.300000190734863,5.300000190734863,5.25,5.300000190734863,5.017942428588867,1360
2016-08-18,5.300000190734863,5.5,5.25,5.25,4.9706034660339355,320
2016-08-19,5.25,5.650000095367432,5.25,5.449999809265137,5.159959316253662,7280
2016-08-22,5.400000095367432,5.75,5.400000095367432,5.550000190734863,5.254637718200684,5500
2016-08-23,5.699999809265137,5.699999809265137,5.550000190734863,5.550000190734863,5.254637718200684,2700
2016-08-24,5.599999904632568,5.699999809265137,5.400000095367432,5.5,5.207298278808594,1800
2016-08-25,5.400000095367432,5.650000095367432,5.300000190734863,5.349999904632568,5.065281391143799,3180
2016-08-26,5.25,5.5,5.150000095367432,5.449999809265137,5.159959316253662,1780
2016-08-29,5.25,5.5,5.050000190734863,5.099999904632568,4.828585624694824,5020
2016-08-30,5.300000190734863,5.349999904632568,5.099999904632568,5.099999904632568,4.828585624694824,660
2016-08-31,5.150000095367432,5.25,5.050000190734863,5.099999904632568,4.828585624694824,5240
2016-09-01,5.099999904632568,5.199999809265137,5.099999904632568,5.199999809265137,4.9232635498046875,1020
2016-09-02,5.150000095367432,5.449999809265137,5.099999904632568,5.349999904632568,5.065281391143799,4500
2016-09-06,5.25,5.349999904632568,5.25,5.25,4.9706034660339355,1440
2016-09-07,5.25,5.25,5.050000190734863,5.099999904632568,4.828585624694824,2420
2016-09-08,5.300000190734863,5.300000190734863,5.300000190734863,5.300000190734863,5.017942428588867,20
2016-09-09,5.300000190734863,5.300000190734863,5.300000190734863,5.300000190734863,5.017942428588867,80
2016-09-12,5.199999809265137,5.300000190734863,5.050000190734863,5.150000095367432,4.875925064086914,820
2016-09-13,5.25,5.300000190734863,5.099999904632568,5.25,4.9706034660339355,2000
2016-09-14,5.25,5.25,5.099999904632568,5.199999809265137,4.9232635498046875,940
2016-09-15,5.150000095367432,5.199999809265137,5.0,5.199999809265137,4.9232635498046875,2460
2016-09-16,5.099999904632568,5.199999809265137,5.099999904632568,5.199999809265137,4.9232635498046875,140
2016-09-19,5.199999809265137,5.199999809265137,5.099999904632568,5.199999809265137,4.9232635498046875,320
2016-09-20,5.349999904632568,5.400000095367432,5.349999904632568,5.400000095367432,5.1126203536987305,460
2016-09-21,5.199999809265137,5.199999809265137,5.099999904632568,5.099999904632568,4.828585624694824,1500
2016-09-22,5.150000095367432,5.150000095367432,5.099999904632568,5.099999904632568,4.828585624694824,300
2016-09-23,5.349999904632568,5.349999904632568,5.050000190734863,5.099999904632568,4.828585624694824,2380
2016-09-26,5.050000190734863,5.050000190734863,5.050000190734863,5.050000190734863,4.781247138977051,20
2016-09-27,5.050000190734863,5.050000190734863,5.050000190734863,5.050000190734863,4.781247138977051,20
2016-09-28,5.050000190734863,5.099999904632568,5.050000190734863,5.099999904632568,4.828585624694824,860
2016-09-29,5.050000190734863,5.150000095367432,4.849999904632568,5.0,4.733907699584961,1440
2016-09-30,5.050000190734863,5.150000095367432,5.0,5.150000095367432,4.875925064086914,180
2016-10-03,5.150000095367432,5.150000095367432,5.150000095367432,5.150000095367432,4.875925064086914,0
2016-10-04,5.099999904632568,5.150000095367432,4.900000095367432,4.949999809265137,4.686568737030029,2260
2016-10-05,5.0,5.050000190734863,5.0,5.0,4.733907699584961,180
2016-10-06,5.0,5.5,5.0,5.449999809265137,5.159959316253662,6680
2016-10-07,5.599999904632568,5.599999904632568,5.0,5.25,4.9706034660339355,4260
2016-10-10,5.099999904632568,5.199999809265137,4.949999809265137,5.099999904632568,4.828585624694824,3920
2016-10-11,5.25,5.25,5.050000190734863,5.050000190734863,4.781247138977051,140
2016-10-12,5.050000190734863,5.050000190734863,5.050000190734863,5.050000190734863,4.781247138977051,40
2016-10-13,5.199999809265137,5.300000190734863,5.099999904632568,5.199999809265137,4.9232635498046875,2160
2016-10-14,5.050000190734863,5.050000190734863,5.050000190734863,5.050000190734863,4.781247138977051,20
2016-10-17,5.099999904632568,5.099999904632568,5.050000190734863,5.050000190734863,4.781247138977051,100
2016-10-18,5.050000190734863,5.050000190734863,5.050000190734863,5.050000190734863,4.781247138977051,1080
2016-10-19,5.050000190734863,5.099999904632568,5.050000190734863,5.050000190734863,4.781247138977051,640
2016-10-20,5.050000190734863,5.050000190734863,5.050000190734863,5.050000190734863,4.781247138977051,200
2016-10-21,5.050000190734863,5.099999904632568,5.050000190734863,5.099999904632568,4.828585624694824,80
2016-10-24,5.050000190734863,5.050000190734863,5.050000190734863,5.050000190734863,4.781247138977051,480
2016-10-25,5.050000190734863,5.050000190734863,4.849999904632568,4.849999904632568,4.591890811920166,1160
2016-10-26,5.25,5.25,4.900000095367432,4.900000095367432,4.639229774475098,120
2016-10-27,4.900000095367432,4.900000095367432,4.900000095367432,4.900000095367432,4.639229774475098,260
2016-10-28,5.0,5.0,4.900000095367432,5.0,4.733907699584961,1000
2016-10-31,4.900000095367432,5.199999809265137,4.900000095367432,5.199999809265137,4.9232635498046875,160
2016-11-01,4.900000095367432,4.900000095367432,4.849999904632568,4.900000095367432,4.639229774475098,1620
2016-11-02,4.849999904632568,4.849999904632568,4.800000190734863,4.849999904632568,4.591890811920166,2200
2016-11-03,4.800000190734863,4.900000095367432,4.800000190734863,4.900000095367432,4.639229774475098,1000
2016-11-04,4.949999809265137,5.099999904632568,4.900000095367432,4.900000095367432,4.639229774475098,4080
2016-11-07,5.0,5.199999809265137,4.949999809265137,4.949999809265137,4.686568737030029,320
2016-11-08,5.0,5.099999904632568,4.949999809265137,5.0,4.733907699584961,300
2016-11-09,5.0,5.050000190734863,5.0,5.050000190734863,4.781247138977051,2140
2016-11-10,5.400000095367432,5.400000095367432,5.050000190734863,5.050000190734863,4.781247138977051,1060
2016-11-11,5.150000095367432,5.400000095367432,4.900000095367432,5.400000095367432,5.1126203536987305,3720
2016-11-14,5.0,5.300000190734863,4.800000190734863,4.949999809265137,4.686568737030029,2440
2016-11-15,4.949999809265137,5.349999904632568,4.900000095367432,5.349999904632568,5.065281391143799,700
2016-11-16,3.5999999046325684,4.75,3.5999999046325684,4.349999904632568,4.118499755859375,20300
2016-11-17,4.300000190734863,4.800000190734863,4.300000190734863,4.349999904632568,4.118499755859375,5440
2016-11-18,4.599999904632568,4.599999904632568,4.25,4.25,4.023821830749512,2340
2016-11-21,4.099999904632568,4.650000095367432,4.099999904632568,4.650000095367432,4.402534484863281,2140
2016-11-22,4.199999809265137,4.25,4.050000190734863,4.25,4.023821830749512,2360
2016-11-23,4.349999904632568,4.5,4.349999904632568,4.400000095367432,4.165838718414307,360
2016-11-25,4.449999809265137,4.449999809265137,4.449999809265137,4.449999809265137,4.2131781578063965,100
2016-11-28,4.349999904632568,4.349999904632568,4.349999904632568,4.349999904632568,4.118499755859375,140
2016-11-29,4.349999904632568,4.349999904632568,4.349999904632568,4.349999904632568,4.118499755859375,0
2016-11-30,4.349999904632568,4.349999904632568,4.349999904632568,4.349999904632568,4.118499755859375,0
2016-12-01,4.150000095367432,4.550000190734863,4.150000095367432,4.349999904632568,4.118499755859375,100
2016-12-02,4.199999809265137,4.199999809265137,4.199999809265137,4.199999809265137,3.976482391357422,340
2016-12-05,4.199999809265137,4.199999809265137,4.099999904632568,4.150000095367432,3.9291434288024902,1360
2016-12-06,4.099999904632568,4.199999809265137,4.099999904632568,4.150000095367432,3.9291434288024902,1940
2016-12-07,4.5,4.5,4.349999904632568,4.449999809265137,4.2131781578063965,900
2016-12-08,4.300000190734863,4.300000190734863,4.300000190734863,4.300000190734863,4.071160793304443,20
2016-12-09,4.300000190734863,4.300000190734863,4.300000190734863,4.300000190734863,4.071160793304443,0
2016-12-12,4.099999904632568,4.150000095367432,4.099999904632568,4.150000095367432,3.9291434288024902,1440
2016-12-13,4.150000095367432,4.150000095367432,4.150000095367432,4.150000095367432,3.9291434288024902,0
2016-12-14,4.199999809265137,4.349999904632568,4.199999809265137,4.199999809265137,3.976482391357422,840
2016-12-15,4.25,4.25,4.25,4.25,4.023821830749512,60
2016-12-16,4.199999809265137,4.400000095367432,4.199999809265137,4.349999904632568,4.118499755859375,5160
2016-12-19,4.75,4.900000095367432,4.099999904632568,4.099999904632568,3.8818042278289795,16140
2016-12-20,4.150000095367432,4.25,4.099999904632568,4.099999904632568,3.8818042278289795,1520
2016-12-21,4.25,4.25,4.0,4.0,3.787126302719116,1740
2016-12-22,4.0,4.400000095367432,4.0,4.099999904632568,3.8818042278289795,940
2016-12-23,4.199999809265137,4.199999809265137,4.0,4.099999904632568,3.8818042278289795,1980
2016-12-27,3.950000047683716,4.099999904632568,3.950000047683716,4.0,3.787126302719116,2260
2016-12-28,3.9000000953674316,4.0,3.9000000953674316,3.9000000953674316,3.692448139190674,4560
2016-12-29,3.9000000953674316,4.0,3.9000000953674316,3.9000000953674316,3.692448139190674,1380
2016-12-30,3.9000000953674316,4.099999904632568,3.9000000953674316,3.950000047683716,3.7397871017456055,5100
2017-01-03,3.950000047683716,3.950000047683716,3.950000047683716,3.950000047683716,3.7397871017456055,0
2017-01-04,4.25,4.25,4.25,4.25,4.023821830749512,2400
2017-01-05,3.950000047683716,4.25,3.950000047683716,4.099999904632568,3.8818042278289795,3200
2017-01-06,4.099999904632568,4.099999904632568,4.0,4.050000190734863,3.834465503692627,1100
2017-01-09,4.25,4.800000190734863,4.199999809265137,4.199999809265137,3.976482391357422,5980
2017-01-10,4.25,4.449999809265137,4.150000095367432,4.449999809265137,4.2131781578063965,14900
2017-01-11,4.650000095367432,4.949999809265137,4.400000095367432,4.5,4.260517120361328,22240
2017-01-12,4.550000190734863,4.550000190734863,4.25,4.300000190734863,4.071160793304443,560
2017-01-13,4.349999904632568,4.349999904632568,4.25,4.25,4.023821830749512,420
2017-01-17,4.25,4.300000190734863,4.25,4.25,4.023821830749512,2000
2017-01-18,4.25,4.5,4.25,4.449999809265137,4.2131781578063965,1400
2017-01-19,4.25,4.400000095367432,4.199999809265137,4.199999809265137,3.976482391357422,2980
2017-01-20,4.199999809265137,4.300000190734863,4.199999809265137,4.25,4.023821830749512,1360
2017-01-23,4.550000190734863,4.550000190734863,4.25,4.5,4.260517120361328,600
2017-01-24,4.449999809265137,4.449999809265137,4.25,4.300000190734863,4.071160793304443,2620
2017-01-25,4.25,4.300000190734863,4.25,4.300000190734863,4.071160793304443,80
2017-01-26,4.300000190734863,4.300000190734863,4.300000190734863,4.300000190734863,4.071160793304443,20
2017-01-27,4.25,4.599999904632568,4.25,4.300000190734863,4.071160793304443,1920
2017-01-30,4.150000095367432,4.25,4.0,4.0,3.787126302719116,580
2017-01-31,3.950000047683716,4.25,3.950000047683716,4.25,4.023821830749512,3040
2017-02-01,4.099999904632568,4.25,4.099999904632568,4.25,4.023821830749512,940
2017-02-02,4.199999809265137,4.449999809265137,4.150000095367432,4.400000095367432,4.165838718414307,1080
2017-02-03,4.400000095367432,4.400000095367432,4.150000095367432,4.150000095367432,3.9291434288024902,520
2017-02-06,4.150000095367432,4.150000095367432,4.150000095367432,4.150000095367432,3.9291434288024902,20
2017-02-07,4.150000095367432,4.150000095367432,4.050000190734863,4.050000190734863,3.834465503692627,280
2017-02-08,4.099999904632568,4.150000095367432,4.099999904632568,4.150000095367432,3.9291434288024902,780
2017-02-09,4.150000095367432,4.449999809265137,4.050000190734863,4.300000190734863,4.071160793304443,960
2017-02-10,4.25,4.25,4.050000190734863,4.050000190734863,3.834465503692627,80
2017-02-13,4.050000190734863,4.150000095367432,4.0,4.150000095367432,3.9291434288024902,1040
2017-02-14,4.050000190734863,4.050000190734863,4.050000190734863,4.050000190734863,3.834465503692627,20
2017-02-15,4.050000190734863,4.150000095367432,4.050000190734863,4.099999904632568,3.8818042278289795,2240
2017-02-16,4.099999904632568,4.099999904632568,4.099999904632568,4.099999904632568,3.8818042278289795,220
2017-02-17,4.199999809265137,4.199999809265137,4.099999904632568,4.099999904632568,3.8818042278289795,600
2017-02-21,4.050000190734863,4.199999809265137,4.050000190734863,4.050000190734863,3.834465503692627,2940
2017-02-22,4.050000190734863,4.050000190734863,4.050000190734863,4.050000190734863,3.834465503692627,20
2017-02-23,4.0,4.0,4.0,4.0,3.787126302719116,200
2017-02-24,4.199999809265137,4.199999809265137,4.050000190734863,4.050000190734863,3.834465503692627,80
2017-02-27,4.0,4.0,4.0,4.0,3.787126302719116,20
2017-02-28,4.0,4.150000095367432,4.0,4.050000190734863,3.834465503692627,2580
2017-03-01,4.050000190734863,4.050000190734863,4.050000190734863,4.050000190734863,3.834465503692627,0
2017-03-02,4.050000190734863,4.150000095367432,4.050000190734863,4.050000190734863,3.834465503692627,340
2017-03-03,4.050000190734863,4.099999904632568,3.950000047683716,3.950000047683716,3.7397871017456055,2020
2017-03-06,3.950000047683716,4.050000190734863,3.75,4.050000190734863,3.834465503692627,3280
2017-03-07,4.050000190734863,4.050000190734863,3.700000047683716,3.700000047683716,3.503091812133789,240
2017-03-08,3.8499999046325684,3.9000000953674316,3.799999952316284,3.799999952316284,3.5977699756622314,1520
2017-03-09,3.9000000953674316,3.9000000953674316,3.9000000953674316,3.9000000953674316,3.692448139190674,20
2017-03-10,4.050000190734863,4.050000190734863,3.799999952316284,3.799999952316284,3.5977699756622314,1920
2017-03-13,3.8499999046325684,3.9000000953674316,3.799999952316284,3.799999952316284,3.5977699756622314,1100
2017-03-14,3.8499999046325684,3.8499999046325684,3.8499999046325684,3.8499999046325684,3.645108938217163,1240
2017-03-15,3.8499999046325684,3.950000047683716,3.8499999046325684,3.950000047683716,3.7397871017456055,940
2017-03-16,3.8499999046325684,3.8499999046325684,3.8499999046325684,3.8499999046325684,3.645108938217163,720
2017-03-17,3.8499999046325684,3.8499999046325684,3.8499999046325684,3.8499999046325684,3.645108938217163,40
2017-03-20,4.150000095367432,4.150000095367432,3.8499999046325684,3.8499999046325684,3.645108938217163,4200
2017-03-21,3.799999952316284,3.8499999046325684,3.799999952316284,3.799999952316284,3.5977699756622314,2120
2017-03-22,3.700000047683716,3.700000047683716,3.700000047683716,3.700000047683716,3.503091812133789,420
2017-03-23,3.700000047683716,3.700000047683716,3.700000047683716,3.700000047683716,3.503091812133789,20
2017-03-24,3.700000047683716,3.9000000953674316,3.6500000953674316,3.9000000953674316,3.692448139190674,2780
2017-03-27,3.549999952316284,3.700000047683716,3.4000000953674316,3.5,3.3137354850769043,7260
2017-03-28,3.75,3.75,3.25,3.6500000953674316,3.4557528495788574,6160
2017-03-29,3.6500000953674316,3.6500000953674316,3.6500000953674316,3.6500000953674316,3.4557528495788574,40
2017-03-30,3.3499999046325684,3.700000047683716,3.3499999046325684,3.4000000953674316,3.219057559967041,160
2017-03-31,3.5999999046325684,3.5999999046325684,3.5999999046325684,3.5999999046325684,3.4084136486053467,60
2017-04-03,3.4000000953674316,3.5999999046325684,3.4000000953674316,3.5999999046325684,3.4084136486053467,1060
2017-04-04,3.3499999046325684,3.5,3.3499999046325684,3.4000000953674316,3.219057559967041,860
2017-04-05,3.3499999046325684,3.3499999046325684,3.200000047683716,3.25,3.077040195465088,1660
2017-04-06,3.25,3.25,3.200000047683716,3.200000047683716,3.0297012329101562,1260
2017-04-07,3.200000047683716,3.200000047683716,3.200000047683716,3.200000047683716,3.0297012329101562,20
2017-04-10,3.200000047683716,3.299999952316284,3.200000047683716,3.200000047683716,3.0297012329101562,540
2017-04-11,3.200000047683716,3.200000047683716,3.200000047683716,3.200000047683716,3.0297012329101562,160
2017-04-12,3.25,3.25,3.25,3.25,3.077040195465088,40
2017-04-13,3.3499999046325684,3.4000000953674316,3.3499999046325684,3.3499999046325684,3.171718120574951,6000
2017-04-17,3.25,3.25,3.25,3.25,3.077040195465088,20
2017-04-18,3.25,3.25,3.25,3.25,3.077040195465088,20
2017-04-19,3.25,3.299999952316284,3.25,3.25,3.077040195465088,100
2017-04-20,3.4000000953674316,3.450000047683716,3.4000000953674316,3.450000047683716,3.2663965225219727,40
2017-04-21,3.25,3.25,3.25,3.25,3.077040195465088,20
2017-04-24,3.3499999046325684,3.3499999046325684,3.25,3.299999952316284,3.1243791580200195,1000
2017-04-25,3.25,3.25,3.25,3.25,3.077040195465088,240
2017-04-26,3.450000047683716,3.450000047683716,3.299999952316284,3.3499999046325684,3.171718120574951,2260
2017-04-27,3.25,3.25,3.25,3.25,3.077040195465088,1160
2017-04-28,3.25,3.25,3.25,3.25,3.077040195465088,20
2017-05-01,3.3499999046325684,3.3499999046325684,3.25,3.299999952316284,3.1243791580200195,400
2017-05-02,3.299999952316284,3.299999952316284,3.299999952316284,3.299999952316284,3.1243791580200195,0
2017-05-03,3.4000000953674316,3.549999952316284,3.4000000953674316,3.5,3.3137354850769043,440
2017-05-04,3.0999999046325684,3.299999952316284,2.799999952316284,3.299999952316284,3.1243791580200195,1940
2017-05-05,3.25,3.25,2.9000000953674316,2.950000047683716,2.7930054664611816,3040
2017-05-08,3.1500000953674316,3.450000047683716,3.0,3.0999999046325684,2.9350228309631348,2660
2017-05-09,3.0,3.0,3.0,3.0,2.8403449058532715,40
2017-05-10,2.950000047683716,3.049999952316284,2.8499999046325684,2.8499999046325684,2.6983273029327393,1140
2017-05-11,2.950000047683716,3.0,2.799999952316284,3.0,2.8403449058532715,2560
2017-05-12,3.049999952316284,3.5,3.049999952316284,3.0999999046325684,2.9350228309631348,2920
2017-05-15,3.299999952316284,3.299999952316284,3.0999999046325684,3.0999999046325684,2.9350228309631348,2080
2017-05-16,3.5999999046325684,3.5999999046325684,3.25,3.299999952316284,3.1243791580200195,3960
2017-05-17,3.299999952316284,3.5,3.049999952316284,3.299999952316284,3.1243791580200195,9580
2017-05-18,3.299999952316284,3.299999952316284,3.299999952316284,3.299999952316284,3.1243791580200195,0
2017-05-19,3.1500000953674316,3.1500000953674316,3.1500000953674316,3.1500000953674316,2.9823620319366455,40
2017-05-22,3.0,3.4000000953674316,2.75,3.4000000953674316,3.219057559967041,3200
2017-05-23,2.950000047683716,3.25,2.950000047683716,3.0,2.8403449058532715,600
2017-05-24,3.0,3.0,3.0,3.0,2.8403449058532715,0
2017-05-25,2.950000047683716,3.1500000953674316,2.950000047683716,3.1500000953674316,2.9823620319366455,140
2017-05-26,3.0,3.299999952316284,3.0,3.299999952316284,3.1243791580200195,620
2017-05-30,3.299999952316284,3.299999952316284,3.299999952316284,3.299999952316284,3.1243791580200195,0
2017-05-31,2.8499999046325684,3.299999952316284,2.8499999046325684,2.8499999046325684,2.6983273029327393,1320
2017-06-01,3.0,3.0,2.9000000953674316,2.9000000953674316,2.74566650390625,1060
2017-06-02,3.0,3.0,3.0,3.0,2.8403449058532715,120
2017-06-05,2.950000047683716,3.0,2.950000047683716,3.0,2.8403449058532715,240
2017-06-06,3.1500000953674316,3.25,3.1500000953674316,3.1500000953674316,2.9823620319366455,760
2017-06-07,3.25,3.299999952316284,3.25,3.299999952316284,3.1243791580200195,1700
2017-06-08,3.299999952316284,3.3499999046325684,3.299999952316284,3.3499999046325684,3.171718120574951,480
2017-06-09,3.299999952316284,3.5999999046325684,3.299999952316284,3.5999999046325684,3.4084136486053467,960
2017-06-12,3.299999952316284,3.5,3.299999952316284,3.5,3.3137354850769043,240
2017-06-13,3.299999952316284,3.549999952316284,3.299999952316284,3.5,3.3137354850769043,1420
2017-06-14,3.5,3.5,3.5,3.5,3.3137354850769043,0
2017-06-15,3.1500000953674316,3.3499999046325684,3.1500000953674316,3.1500000953674316,2.9823620319366455,2660
2017-06-16,3.1500000953674316,3.3499999046325684,3.1500000953674316,3.3499999046325684,3.171718120574951,440
2017-06-19,3.25,3.25,3.1500000953674316,3.1500000953674316,2.9823620319366455,200
2017-06-20,3.1500000953674316,3.1500000953674316,3.1500000953674316,3.1500000953674316,2.9823620319366455,0
2017-06-21,3.1500000953674316,3.4000000953674316,3.1500000953674316,3.4000000953674316,3.219057559967041,220
2017-06-22,3.4000000953674316,3.4000000953674316,3.4000000953674316,3.4000000953674316,3.219057559967041,0
2017-06-23,3.1500000953674316,3.299999952316284,3.1500000953674316,3.299999952316284,3.1243791580200195,660
2017-06-26,3.1500000953674316,3.299999952316284,3.1500000953674316,3.299999952316284,3.1243791580200195,200
2017-06-27,3.450000047683716,3.5,3.450000047683716,3.5,3.3137354850769043,860
2017-06-28,3.5,3.5,3.5,3.5,3.3137354850769043,0
2017-06-29,3.5,3.5,3.5,3.5,3.3137354850769043,0
2017-06-30,3.5,3.5,3.5,3.5,3.3137354850769043,0
2017-07-03,3.25,3.25,3.25,3.25,3.077040195465088,100
2017-07-05,3.1500000953674316,3.3499999046325684,3.1500000953674316,3.1500000953674316,2.9823620319366455,340
2017-07-06,3.1500000953674316,3.25,2.950000047683716,3.0,2.8403449058532715,960
2017-07-07,3.25,3.25,3.0,3.0,2.8403449058532715,1280
2017-07-10,3.0,3.0,3.0,3.0,2.8403449058532715,160
2017-07-11,3.0999999046325684,3.0999999046325684,3.0999999046325684,3.0999999046325684,2.9350228309631348,20
2017-07-12,3.0999999046325684,3.25,3.049999952316284,3.0999999046325684,2.9350228309631348,4280
2017-07-13,3.200000047683716,3.549999952316284,3.200000047683716,3.549999952316284,3.361074447631836,2700
2017-07-14,3.4000000953674316,3.4000000953674316,3.4000000953674316,3.4000000953674316,3.219057559967041,500
2017-07-17,3.25,3.25,3.25,3.25,3.077040195465088,2060
2017-07-18,3.3499999046325684,3.3499999046325684,3.1500000953674316,3.1500000953674316,2.9823620319366455,120
2017-07-19,3.1500000953674316,3.1500000953674316,3.1500000953674316,3.1500000953674316,2.9823620319366455,0
2017-07-20,3.1500000953674316,3.1500000953674316,3.1500000953674316,3.1500000953674316,2.9823620319366455,0
2017-07-21,3.0999999046325684,3.0999999046325684,3.0999999046325684,3.0999999046325684,2.9350228309631348,20
2017-07-24,3.5999999046325684,7.25,3.5999999046325684,4.75,4.4972124099731445,1279080
2017-07-25,4.5,4.5,3.9000000953674316,4.300000190734863,4.071160793304443,80680
2017-07-26,4.199999809265137,4.449999809265137,3.75,3.9000000953674316,3.692448139190674,33380
2017-07-27,3.9000000953674316,4.0,3.549999952316284,3.75,3.5504307746887207,14280
2017-07-28,3.5,3.9000000953674316,3.5,3.5999999046325684,3.4084136486053467,5820
2017-07-31,3.549999952316284,3.6500000953674316,3.4000000953674316,3.549999952316284,3.361074447631836,10140
2017-08-01,3.4000000953674316,4.0,3.4000000953674316,3.9000000953674316,3.692448139190674,6480
2017-08-02,3.5,3.950000047683716,3.5,3.799999952316284,3.5977699756622314,2600
2017-08-03,3.5999999046325684,3.8499999046325684,3.5,3.549999952316284,3.361074447631836,2060
2017-08-04,3.450000047683716,3.5,3.450000047683716,3.450000047683716,3.2663965225219727,5040
2017-08-07,3.5,3.6500000953674316,3.450000047683716,3.6500000953674316,3.4557528495788574,1380
2017-08-08,3.700000047683716,3.700000047683716,3.5,3.5,3.3137354850769043,2080
2017-08-09,3.549999952316284,3.6500000953674316,3.450000047683716,3.5,3.3137354850769043,3420
2017-08-10,3.450000047683716,3.549999952316284,3.450000047683716,3.450000047683716,3.2663965225219727,2640
2017-08-11,3.450000047683716,3.5999999046325684,3.450000047683716,3.5999999046325684,3.4084136486053467,3500
2017-08-14,3.4000000953674316,3.700000047683716,3.4000000953674316,3.5,3.3137354850769043,9940
2017-08-15,3.549999952316284,3.549999952316284,3.0999999046325684,3.200000047683716,3.0297012329101562,11600
2017-08-16,3.200000047683716,3.200000047683716,3.1500000953674316,3.1500000953674316,2.9823620319366455,880
2017-08-17,3.25,3.25,3.1500000953674316,3.1500000953674316,2.9823620319366455,1460
2017-08-18,3.1500000953674316,3.1500000953674316,3.1500000953674316,3.1500000953674316,2.9823620319366455,20
2017-08-21,3.299999952316284,3.299999952316284,3.25,3.25,3.077040195465088,300
2017-08-22,3.25,3.299999952316284,3.25,3.25,3.077040195465088,1420
2017-08-23,3.25,3.25,3.25,3.25,3.077040195465088,3560
2017-08-24,3.25,3.4000000953674316,3.25,3.25,3.077040195465088,2160
2017-08-25,3.25,3.25,3.25,3.25,3.077040195465088,20
2017-08-28,3.1500000953674316,3.5,3.1500000953674316,3.1500000953674316,2.9823620319366455,3900
2017-08-29,3.200000047683716,3.200000047683716,3.1500000953674316,3.1500000953674316,2.9823620319366455,240
2017-08-30,3.5999999046325684,3.5999999046325684,3.1500000953674316,3.1500000953674316,2.9823620319366455,700
2017-08-31,3.25,3.25,3.1500000953674316,3.1500000953674316,2.9823620319366455,380
2017-09-01,3.1500000953674316,3.25,3.1500000953674316,3.1500000953674316,2.9823620319366455,3180
2017-09-05,3.25,3.25,3.25,3.25,3.077040195465088,3520
2017-09-06,3.3499999046325684,3.3499999046325684,3.1500000953674316,3.1500000953674316,2.9823620319366455,2760
2017-09-07,3.1500000953674316,3.1500000953674316,3.1500000953674316,3.1500000953674316,2.9823620319366455,1340
2017-09-08,3.299999952316284,3.4000000953674316,3.0,3.200000047683716,3.0297012329101562,5700
2017-09-11,3.049999952316284,3.3499999046325684,3.049999952316284,3.0999999046325684,2.9350228309631348,5820
2017-09-12,3.0999999046325684,3.0999999046325684,3.049999952316284,3.049999952316284,2.887683868408203,3900
2017-09-13,3.200000047683716,3.3499999046325684,3.1500000953674316,3.200000047683716,3.0297012329101562,4940
2017-09-14,3.200000047683716,3.450000047683716,3.049999952316284,3.049999952316284,2.887683868408203,1640
2017-09-15,3.25,3.299999952316284,3.1500000953674316,3.200000047683716,3.0297012329101562,2080
2017-09-18,3.0999999046325684,3.1500000953674316,3.049999952316284,3.0999999046325684,2.9350228309631348,7140
2017-09-19,3.0999999046325684,3.0999999046325684,3.0999999046325684,3.0999999046325684,2.9350228309631348,40
2017-09-20,3.0,3.1500000953674316,3.0,3.0999999046325684,2.9350228309631348,2360
2017-09-21,3.0999999046325684,3.0999999046325684,3.0999999046325684,3.0999999046325684,2.9350228309631348,0
2017-09-22,3.0,3.549999952316284,3.0,3.5,3.3137354850769043,3080
2017-09-25,3.1500000953674316,3.25,3.1500000953674316,3.200000047683716,3.0297012329101562,1520
2017-09-26,3.25,3.25,3.200000047683716,3.200000047683716,3.0297012329101562,960
2017-09-27,3.200000047683716,3.5999999046325684,3.0999999046325684,3.0999999046325684,2.9350228309631348,5340
2017-09-28,3.0999999046325684,3.25,3.0999999046325684,3.1500000953674316,2.9823620319366455,4900
2017-09-29,3.25,3.549999952316284,3.25,3.299999952316284,3.1243791580200195,11620
2017-10-02,3.450000047683716,3.5,3.1500000953674316,3.3499999046325684,3.171718120574951,7160
2017-10-03,3.25,3.5,3.1500000953674316,3.25,3.077040195465088,4700
2017-10-04,3.25,4.150000095367432,3.25,3.5999999046325684,3.4084136486053467,91760
2017-10-05,3.549999952316284,3.6500000953674316,3.4000000953674316,3.4000000953674316,3.219057559967041,3200
2017-10-06,3.4000000953674316,3.450000047683716,3.4000000953674316,3.450000047683716,3.2663965225219727,480
2017-10-09,3.299999952316284,3.5999999046325684,3.299999952316284,3.549999952316284,3.361074447631836,3240
2017-10-10,3.3499999046325684,3.450000047683716,3.3499999046325684,3.450000047683716,3.2663965225219727,800
2017-10-11,3.4000000953674316,3.4000000953674316,3.200000047683716,3.25,3.077040195465088,2840
2017-10-12,3.299999952316284,3.299999952316284,3.25,3.299999952316284,3.1243791580200195,2340
2017-10-13,3.25,3.4000000953674316,3.1500000953674316,3.4000000953674316,3.219057559967041,8860
2017-10-16,3.200000047683716,3.299999952316284,3.200000047683716,3.299999952316284,3.1243791580200195,1060
2017-10-17,3.1500000953674316,3.3499999046325684,3.1500000953674316,3.3499999046325684,3.171718120574951,3040
2017-10-18,3.200000047683716,3.299999952316284,3.1500000953674316,3.1500000953674316,2.9823620319366455,2300
2017-10-19,3.1500000953674316,3.200000047683716,3.0999999046325684,3.200000047683716,3.0297012329101562,4560
2017-10-20,3.1500000953674316,3.200000047683716,3.1500000953674316,3.1500000953674316,2.9823620319366455,3060
2017-10-23,3.25,3.4000000953674316,3.0999999046325684,3.200000047683716,3.0297012329101562,9040
2017-10-24,3.299999952316284,3.299999952316284,3.0999999046325684,3.200000047683716,3.0297012329101562,1040
2017-10-25,3.200000047683716,3.25,3.1500000953674316,3.200000047683716,3.0297012329101562,5600
2017-10-26,3.25,3.5,3.1500000953674316,3.299999952316284,3.1243791580200195,6180
2017-10-27,3.200000047683716,3.25,3.0999999046325684,3.1500000953674316,2.9823620319366455,7300
2017-10-30,3.200000047683716,3.25,3.200000047683716,3.200000047683716,3.0297012329101562,2700
2017-10-31,3.25,3.5999999046325684,3.200000047683716,3.200000047683716,3.0297012329101562,2780
2017-11-01,3.450000047683716,3.450000047683716,3.25,3.299999952316284,3.1243791580200195,8520
2017-11-02,3.1500000953674316,3.25,3.0999999046325684,3.1500000953674316,2.9823620319366455,4400
2017-11-03,3.200000047683716,3.25,3.0999999046325684,3.0999999046325684,2.9350228309631348,6380
2017-11-06,3.3499999046325684,3.4000000953674316,3.0999999046325684,3.0999999046325684,2.9350228309631348,3960
2017-11-07,3.200000047683716,3.25,3.1500000953674316,3.200000047683716,3.0297012329101562,4260
2017-11-08,3.25,3.25,3.0999999046325684,3.200000047683716,3.0297012329101562,2940
2017-11-09,3.25,3.25,3.200000047683716,3.200000047683716,3.0297012329101562,1360
2017-11-10,3.200000047683716,3.5999999046325684,3.200000047683716,3.299999952316284,3.1243791580200195,38780
2017-11-13,3.25,3.25,3.0999999046325684,3.0999999046325684,2.9350228309631348,10160
2017-11-14,3.049999952316284,3.200000047683716,2.6500000953674316,2.9000000953674316,2.74566650390625,18880
2017-11-15,2.9000000953674316,3.0999999046325684,2.9000000953674316,3.0,2.8403449058532715,980
2017-11-16,3.0999999046325684,3.0999999046325684,3.049999952316284,3.0999999046325684,2.9350228309631348,1420
2017-11-17,3.049999952316284,3.25,3.0,3.200000047683716,3.0297012329101562,15980
2017-11-20,3.0999999046325684,3.450000047683716,3.0999999046325684,3.200000047683716,3.0297012329101562,16000
2017-11-21,3.3499999046325684,4.300000190734863,3.3499999046325684,3.75,3.5504307746887207,156700
2017-11-22,5.800000190734863,8.949999809265137,4.869999885559082,4.880000114440918,4.620294094085693,2117800
2017-11-24,4.760000228881836,4.960000038146973,4.230000019073486,4.539999961853027,4.2983880043029785,119600
2017-11-27,4.150000095367432,4.550000190734863,3.3499999046325684,3.609999895095825,3.4178812503814697,222300
2017-11-28,3.700000047683716,4.090000152587891,3.3299999237060547,3.430000066757202,3.2474608421325684,159800
2017-11-29,3.4000000953674316,3.640000104904175,3.3399999141693115,3.3499999046325684,3.171718120574951,24600
2017-11-30,3.369999885559082,4.230000019073486,3.309999942779541,3.5999999046325684,3.4084136486053467,346600
2017-12-01,3.5799999237060547,3.609999895095825,3.390000104904175,3.440000057220459,3.2569286823272705,47600
2017-12-04,3.509999990463257,3.569999933242798,3.3399999141693115,3.3399999141693115,3.162250280380249,36100
2017-12-05,3.299999952316284,3.690000057220459,3.299999952316284,3.359999895095825,3.1811859607696533,93100
2017-12-06,3.3399999141693115,3.5199999809265137,3.3399999141693115,3.5199999809265137,3.3326711654663086,29900
2017-12-07,3.5,4.090000152587891,3.3499999046325684,3.4100000858306885,3.228525161743164,151000
2017-12-08,3.4200000762939453,3.4800000190734863,3.359999895095825,3.380000114440918,3.2001216411590576,15200
2017-12-11,3.359999895095825,3.5899999141693115,3.359999895095825,3.430000066757202,3.2474608421325684,9300
2017-12-12,3.4000000953674316,4.699999809265137,3.380000114440918,3.809999942779541,3.6072378158569336,941800
2017-12-13,3.640000104904175,5.820000171661377,3.619999885559082,4.369999885559082,4.137435436248779,1611100
2017-12-14,4.75,4.75,4.0,4.329999923706055,4.099564075469971,238100
2017-12-15,4.309999942779541,4.460000038146973,3.809999942779541,3.880000114440918,3.6735126972198486,117400
2017-12-18,4.03000020980835,4.039999961853027,3.7699999809265137,3.7899999618530273,3.58830189704895,69300
2017-12-19,3.7699999809265137,4.300000190734863,3.7100000381469727,3.940000057220459,3.7303192615509033,266200
2017-12-20,3.819999933242798,4.949999809265137,3.799999952316284,4.900000095367432,4.639229774475098,515600
2017-12-21,4.940000057220459,5.360000133514404,4.03000020980835,4.190000057220459,3.967014789581299,297800
2017-12-22,4.239999771118164,4.389999866485596,4.010000228881836,4.239999771118164,4.014353275299072,57600
2017-12-26,4.190000057220459,4.440000057220459,4.059999942779541,4.130000114440918,3.910207986831665,32000
2017-12-27,4.079999923706055,4.269999980926514,4.079999923706055,4.139999866485596,3.919675350189209,17900
2017-12-28,4.110000133514404,4.230000019073486,4.039999961853027,4.039999961853027,3.8249974250793457,21100
2017-12-29,4.039999961853027,4.119999885559082,4.010000228881836,4.079999923706055,3.8628687858581543,23500
2018-01-02,4.110000133514404,4.349999904632568,4.110000133514404,4.28000020980835,4.052225112915039,13200
2018-01-03,4.300000190734863,4.610000133514404,4.199999809265137,4.329999923706055,4.099564075469971,77900
2018-01-04,4.539999961853027,4.590000152587891,4.199999809265137,4.380000114440918,4.146903038024902,31200
2018-01-05,4.400000095367432,4.550000190734863,4.320000171661377,4.329999923706055,4.099564075469971,21500
2018-01-08,4.489999771118164,4.590000152587891,4.369999885559082,4.539999961853027,4.2983880043029785,16800
2018-01-09,4.5,4.599999904632568,4.300000190734863,4.320000171661377,4.090096473693848,17300
2018-01-10,4.320000171661377,4.46999979019165,4.170000076293945,4.190000057220459,3.967014789581299,19600
2018-01-11,4.139999866485596,4.579999923706055,4.119999885559082,4.28000020980835,4.052225112915039,16200
2018-01-12,4.269999980926514,4.389999866485596,4.21999979019165,4.320000171661377,4.090096473693848,2400
2018-01-16,4.389999866485596,5.949999809265137,4.380000114440918,4.639999866485596,4.393065929412842,1289100
2018-01-17,4.679999828338623,5.440000057220459,4.650000095367432,4.710000038146973,4.459341049194336,442200
2018-01-18,4.690000057220459,4.849999904632568,4.559999942779541,4.659999847412109,4.412002086639404,39400
2018-01-19,4.730000019073486,4.889999866485596,4.610000133514404,4.739999771118164,4.487744331359863,21700
2018-01-22,4.75,4.849999904632568,4.5,4.710000038146973,4.459341049194336,23800
2018-01-23,4.800000190734863,4.800000190734863,4.550000190734863,4.559999942779541,4.317323684692383,37600
2018-01-24,4.579999923706055,4.800000190734863,4.510000228881836,4.619999885559082,4.374130725860596,24000
2018-01-25,4.630000114440918,4.699999809265137,4.400000095367432,4.420000076293945,4.184774875640869,51100
2018-01-26,4.460000038146973,4.670000076293945,4.349999904632568,4.480000019073486,4.241581439971924,48600
2018-01-29,4.489999771118164,4.559999942779541,4.269999980926514,4.369999885559082,4.137435436248779,25400
2018-01-30,4.449999809265137,4.449999809265137,4.03000020980835,4.090000152587891,3.8723366260528564,40600
2018-01-31,4.110000133514404,4.170000076293945,4.010000228881836,4.039999961853027,3.8249974250793457,20700
2018-02-01,4.03000020980835,4.239999771118164,4.03000020980835,4.099999904632568,3.8818042278289795,2500
2018-02-02,4.119999885559082,4.119999885559082,3.8499999046325684,3.9000000953674316,3.692448139190674,24800
2018-02-05,3.859999895095825,4.03000020980835,3.609999895095825,3.619999885559082,3.427349090576172,26500
2018-02-06,3.5299999713897705,4.0,3.5299999713897705,3.680000066757202,3.484156370162964,12200
2018-02-07,3.7200000286102295,3.859999895095825,3.7100000381469727,3.7300000190734863,3.5314953327178955,3900
2018-02-08,3.690000057220459,3.8499999046325684,3.640000104904175,3.640000104904175,3.4462850093841553,1200
2018-02-09,3.799999952316284,3.799999952316284,3.630000114440918,3.700000047683716,3.503091812133789,2100
2018-02-12,3.700000047683716,3.7100000381469727,3.6600000858306885,3.6600000858306885,3.4652204513549805,900
2018-02-13,3.700000047683716,3.7100000381469727,3.5399999618530273,3.690000057220459,3.493623971939087,13900
2018-02-14,3.5999999046325684,3.740000009536743,3.5999999046325684,3.7300000190734863,3.5314953327178955,10200
2018-02-15,3.5999999046325684,4.070000171661377,3.5999999046325684,3.859999895095825,3.6545767784118652,93800
2018-02-16,3.799999952316284,3.9200000762939453,3.619999885559082,3.7300000190734863,3.5314953327178955,48000
2018-02-20,3.759999990463257,3.880000114440918,3.759999990463257,3.859999895095825,3.6545767784118652,2800
2018-02-21,3.6700000762939453,3.859999895095825,3.6600000858306885,3.7200000286102295,3.5220274925231934,2900
2018-02-22,3.799999952316284,3.9100000858306885,3.799999952316284,3.9100000858306885,3.701915979385376,900
2018-02-23,3.809999942779541,3.9000000953674316,3.700000047683716,3.700000047683716,3.503091812133789,6700
2018-02-26,3.700000047683716,3.7799999713897705,3.680000066757202,3.7100000381469727,3.512559413909912,4300
2018-02-27,3.7300000190734863,4.039999961853027,3.549999952316284,3.559999942779541,3.370542287826538,130800
2018-02-28,3.6600000858306885,3.7699999809265137,3.4600000381469727,3.4600000381469727,3.2758641242980957,31300
2018-03-01,3.5999999046325684,3.7100000381469727,3.5899999141693115,3.619999885559082,3.427349090576172,12000
2018-03-02,3.5899999141693115,4.099999904632568,3.5199999809265137,3.8499999046325684,3.645108938217163,90100
2018-03-05,3.9600000381469727,3.9600000381469727,3.690000057220459,3.7300000190734863,3.5314953327178955,16100
2018-03-06,3.7699999809265137,4.230000019073486,3.7699999809265137,4.119999885559082,3.900739908218384,24000
2018-03-07,4.119999885559082,4.340000152587891,4.079999923706055,4.079999923706055,3.8628687858581543,15000
2018-03-08,4.079999923706055,4.190000057220459,4.0,4.0,3.787126302719116,1600
2018-03-09,4.150000095367432,4.329999923706055,4.099999904632568,4.150000095367432,3.9291434288024902,7000
2018-03-12,4.199999809265137,4.300000190734863,4.099999904632568,4.159999847412109,3.9386112689971924,28700
2018-03-13,4.289999961853027,4.289999961853027,4.110000133514404,4.190000057220459,3.967014789581299,1000
2018-03-14,4.130000114440918,4.230000019073486,4.010000228881836,4.019999980926514,3.8060617446899414,6500
2018-03-15,4.059999942779541,4.739999771118164,4.059999942779541,4.429999828338623,4.194242000579834,260000
2018-03-16,4.5,4.710000038146973,4.130000114440918,4.190000057220459,3.967014789581299,46300
2018-03-19,4.139999866485596,4.409999847412109,4.099999904632568,4.139999866485596,3.919675350189209,21800
2018-03-20,4.199999809265137,4.400000095367432,4.199999809265137,4.349999904632568,4.118499755859375,6500
2018-03-21,4.380000114440918,4.550000190734863,4.300000190734863,4.300000190734863,4.071160793304443,21600
2018-03-22,4.400000095367432,4.489999771118164,4.170000076293945,4.320000171661377,4.090096473693848,4700
2018-03-23,4.400000095367432,4.400000095367432,3.700000047683716,3.700000047683716,3.503091812133789,48900
2018-03-26,3.7200000286102295,3.8299999237060547,3.7200000286102295,3.7300000190734863,3.5314953327178955,8100
2018-03-27,3.740000009536743,3.9800000190734863,3.740000009536743,3.759999990463257,3.559898614883423,11200
2018-03-28,3.75,4.079999923706055,3.5999999046325684,3.7100000381469727,3.512559413909912,74500
2018-03-29,3.6600000858306885,3.890000104904175,3.609999895095825,3.630000114440918,3.436817169189453,9900
2018-04-02,3.740000009536743,3.740000009536743,3.5999999046325684,3.6500000953674316,3.4557528495788574,7300
2018-04-03,3.6500000953674316,3.6500000953674316,3.5,3.5999999046325684,3.4084136486053467,23100
2018-04-04,3.5999999046325684,3.990000009536743,3.549999952316284,3.75,3.5504307746887207,35100
2018-04-05,3.819999933242798,4.190000057220459,3.7200000286102295,3.75,3.5504307746887207,86800
2018-04-06,3.9000000953674316,4.03000020980835,3.7200000286102295,3.809999942779541,3.6072378158569336,5200
2018-04-09,3.8299999237060547,3.9200000762939453,3.6500000953674316,3.690000057220459,3.493623971939087,4200
2018-04-10,3.799999952316284,3.8499999046325684,3.7100000381469727,3.7200000286102295,3.5220274925231934,2400
2018-04-11,3.7100000381469727,3.8499999046325684,3.7100000381469727,3.8499999046325684,3.645108938217163,1000
2018-04-12,3.799999952316284,3.9600000381469727,3.759999990463257,3.7699999809265137,3.569366455078125,2000
2018-04-13,3.940000057220459,3.940000057220459,3.7300000190734863,3.7300000190734863,3.5314953327178955,8700
2018-04-16,3.799999952316284,3.819999933242798,3.7300000190734863,3.809999942779541,3.6072378158569336,4400
2018-04-17,3.880000114440918,3.880000114440918,3.7300000190734863,3.8299999237060547,3.626173257827759,7300
2018-04-18,3.740000009536743,3.809999942779541,3.740000009536743,3.75,3.5504307746887207,2400
2018-04-19,3.75,3.8499999046325684,3.75,3.8499999046325684,3.645108938217163,2400
2018-04-20,3.9600000381469727,3.9600000381469727,3.880000114440918,3.930000066757202,3.7208516597747803,7800
2018-04-23,3.9700000286102295,3.9700000286102295,3.7200000286102295,3.950000047683716,3.7397871017456055,16300
2018-04-24,3.9000000953674316,3.9000000953674316,3.569999933242798,3.7799999713897705,3.578834295272827,27900
2018-04-25,3.7799999713897705,3.7799999713897705,3.7799999713897705,3.7799999713897705,3.578834295272827,0
2018-04-26,3.7899999618530273,3.8299999237060547,3.7899999618530273,3.8299999237060547,3.626173257827759,300
2018-04-27,3.950000047683716,3.950000047683716,3.7899999618530273,3.8299999237060547,3.626173257827759,3600
2018-04-30,3.799999952316284,3.9200000762939453,3.630000114440918,3.630000114440918,3.436817169189453,29900
2018-05-01,3.930000066757202,3.930000066757202,3.680000066757202,3.9000000953674316,3.692448139190674,1600
2018-05-02,3.759999990463257,4.130000114440918,3.75,3.7799999713897705,3.578834295272827,43500
2018-05-03,3.8299999237060547,4.590000152587891,3.809999942779541,4.039999961853027,3.8249974250793457,372800
2018-05-04,4.03000020980835,4.289999961853027,3.950000047683716,4.119999885559082,3.900739908218384,75800
2018-05-07,3.880000114440918,4.110000133514404,3.880000114440918,4.079999923706055,3.8628687858581543,23600
2018-05-08,4.079999923706055,4.099999904632568,3.940000057220459,4.070000171661377,3.853400945663452,11000
2018-05-09,4.110000133514404,4.400000095367432,4.070000171661377,4.239999771118164,4.014353275299072,11300
2018-05-10,4.159999847412109,4.349999904632568,4.0,4.090000152587891,3.8723366260528564,11400
2018-05-11,4.230000019073486,4.230000019073486,4.110000133514404,4.119999885559082,3.900739908218384,12200
2018-05-14,4.119999885559082,4.21999979019165,4.119999885559082,4.150000095367432,3.9291434288024902,4700
2018-05-15,4.21999979019165,4.349999904632568,4.150000095367432,4.269999980926514,4.042757034301758,7100
2018-05-16,4.269999980926514,4.389999866485596,4.199999809265137,4.199999809265137,3.976482391357422,39200
2018-05-17,4.289999961853027,4.639999866485596,4.179999828338623,4.289999961853027,4.06169319152832,173300
2018-05-18,4.329999923706055,4.480000019073486,4.199999809265137,4.340000152587891,4.109032154083252,26600
2018-05-21,4.400000095367432,4.5,4.239999771118164,4.400000095367432,4.165838718414307,15700
2018-05-22,4.5,4.5,4.050000190734863,4.139999866485596,3.919675350189209,53000
2018-05-23,4.099999904632568,4.21999979019165,4.03000020980835,4.21999979019165,3.995418071746826,16500
2018-05-24,4.019999980926514,4.230000019073486,4.0,4.110000133514404,3.8912723064422607,11800
2018-05-25,4.150000095367432,4.150000095367432,4.03000020980835,4.03000020980835,3.8155298233032227,2000
2018-05-29,4.139999866485596,4.46999979019165,4.139999866485596,4.300000190734863,4.071160793304443,10100
2018-05-30,4.349999904632568,4.449999809265137,4.269999980926514,4.289999961853027,4.06169319152832,8300
2018-05-31,4.289999961853027,4.440000057220459,4.28000020980835,4.420000076293945,4.184774875640869,1700
2018-06-01,4.119999885559082,4.260000228881836,4.090000152587891,4.199999809265137,3.976482391357422,2700
2018-06-04,4.320000171661377,4.429999828338623,4.320000171661377,4.360000133514404,4.127967834472656,2600
2018-06-05,4.380000114440918,4.400000095367432,4.309999942779541,4.320000171661377,4.090096473693848,5500
2018-06-06,4.260000228881836,4.320000171661377,4.070000171661377,4.099999904632568,3.8818042278289795,21900
2018-06-07,4.130000114440918,4.199999809265137,3.9700000286102295,4.199999809265137,3.976482391357422,18300
2018-06-08,3.950000047683716,4.210000038146973,3.75,3.8299999237060547,3.626173257827759,10700
2018-06-11,4.050000190734863,4.079999923706055,4.050000190734863,4.079999923706055,3.8628687858581543,1200
2018-06-12,4.050000190734863,4.070000171661377,4.03000020980835,4.070000171661377,3.853400945663452,1100
2018-06-13,4.070000171661377,4.070000171661377,4.070000171661377,4.070000171661377,3.853400945663452,0
2018-06-14,4.03000020980835,4.090000152587891,3.7899999618530273,4.079999923706055,3.8628687858581543,13900
2018-06-15,3.9100000858306885,3.9200000762939453,3.9000000953674316,3.9200000762939453,3.711383819580078,1600
2018-06-18,3.859999895095825,4.039999961853027,3.859999895095825,4.039999961853027,3.8249974250793457,1300
2018-06-19,4.039999961853027,4.039999961853027,4.039999961853027,4.039999961853027,3.8249974250793457,0
2018-06-20,3.7300000190734863,4.0,3.7300000190734863,4.0,3.787126302719116,1700
2018-06-21,3.7799999713897705,3.990000009536743,3.7300000190734863,3.990000009536743,3.777658224105835,1200
2018-06-22,4.010000228881836,4.010000228881836,4.010000228881836,4.010000228881836,3.7965943813323975,100
2018-06-25,4.010000228881836,4.010000228881836,4.010000228881836,4.010000228881836,3.7965943813323975,0
2018-06-26,4.010000228881836,4.010000228881836,4.010000228881836,4.010000228881836,3.7965943813323975,0
2018-06-27,3.5899999141693115,3.9100000858306885,3.509999990463257,3.6500000953674316,3.4557528495788574,9400
2018-06-28,3.680000066757202,3.9000000953674316,3.640000104904175,3.9000000953674316,3.692448139190674,4200
2018-06-29,3.9000000953674316,3.9000000953674316,3.9000000953674316,3.9000000953674316,3.692448139190674,5500
2018-07-02,3.5999999046325684,3.6700000762939453,3.5999999046325684,3.630000114440918,3.436817169189453,5800
2018-07-03,3.75,3.819999933242798,3.700000047683716,3.700000047683716,3.503091812133789,2000
2018-07-05,3.7899999618530273,3.799999952316284,3.6600000858306885,3.6600000858306885,3.4652204513549805,3600
2018-07-06,3.759999990463257,3.759999990463257,3.759999990463257,3.759999990463257,3.559898614883423,400
2018-07-09,3.740000009536743,3.9200000762939453,3.740000009536743,3.799999952316284,3.5977699756622314,10400
2018-07-10,4.03000020980835,4.239999771118164,3.809999942779541,3.990000009536743,3.777658224105835,41500
2018-07-11,4.119999885559082,4.480000019073486,3.819999933242798,3.990000009536743,3.777658224105835,145300
2018-07-12,3.819999933242798,4.0,3.819999933242798,3.859999895095825,3.6545767784118652,14900
2018-07-13,3.799999952316284,3.859999895095825,3.7899999618530273,3.859999895095825,3.6545767784118652,400
2018-07-16,3.869999885559082,4.21999979019165,3.619999885559082,3.9200000762939453,3.711383819580078,85700
2018-07-17,3.700000047683716,3.8499999046325684,3.5999999046325684,3.630000114440918,3.436817169189453,39000
2018-07-18,3.640000104904175,4.440000057220459,3.609999895095825,3.9100000858306885,3.701915979385376,233900
2018-07-19,4.099999904632568,4.099999904632568,3.799999952316284,4.0,3.787126302719116,17000
2018-07-20,3.7799999713897705,3.990000009536743,3.7699999809265137,3.9200000762939453,3.711383819580078,9800
2018-07-23,3.8299999237060547,3.9800000190734863,3.7799999713897705,3.9800000190734863,3.768190622329712,3600
2018-07-24,4.070000171661377,4.070000171661377,3.75,3.75,3.5504307746887207,9900
2018-07-25,3.799999952316284,3.990000009536743,3.799999952316284,3.880000114440918,3.6735126972198486,5400
2018-07-26,3.890000104904175,3.9000000953674316,3.680000066757202,3.9000000953674316,3.692448139190674,3500
2018-07-27,3.799999952316284,3.819999933242798,3.6600000858306885,3.819999933242798,3.6167054176330566,5200
2018-07-30,3.690000057220459,3.8499999046325684,3.690000057220459,3.8499999046325684,3.645108938217163,800
2018-07-31,3.75,3.75,3.640000104904175,3.6500000953674316,3.4557528495788574,11800
2018-08-01,3.6500000953674316,3.740000009536743,3.509999990463257,3.740000009536743,3.5409629344940186,13800
2018-08-02,3.75,3.75,3.75,3.75,3.5504307746887207,300
2018-08-03,3.5199999809265137,3.75,3.5199999809265137,3.740000009536743,3.5409629344940186,1500
2018-08-06,3.569999933242798,3.740000009536743,3.549999952316284,3.740000009536743,3.5409629344940186,7300
2018-08-07,3.609999895095825,3.7100000381469727,3.609999895095825,3.7100000381469727,3.512559413909912,2600
2018-08-08,3.7100000381469727,4.0,3.640000104904175,3.8399999141693115,3.635641098022461,47300
2018-08-09,3.609999895095825,3.809999942779541,3.609999895095825,3.6500000953674316,3.4557528495788574,2300
2018-08-10,3.6500000953674316,4.0,3.6500000953674316,3.9800000190734863,3.768190622329712,2100
2018-08-13,3.9700000286102295,3.9700000286102295,3.6700000762939453,3.880000114440918,3.6735126972198486,4200
2018-08-14,3.950000047683716,3.950000047683716,3.7200000286102295,3.9200000762939453,3.711383819580078,3000
2018-08-15,3.8399999141693115,3.8399999141693115,3.8299999237060547,3.8299999237060547,3.626173257827759,2000
2018-08-16,3.6500000953674316,3.9000000953674316,3.6500000953674316,3.9000000953674316,3.692448139190674,2600
2018-08-17,3.9000000953674316,3.9000000953674316,3.799999952316284,3.809999942779541,3.6072378158569336,4100
2018-08-20,3.680000066757202,3.8499999046325684,3.6700000762939453,3.8499999046325684,3.645108938217163,8400
2018-08-21,3.7100000381469727,3.8399999141693115,3.7100000381469727,3.8399999141693115,3.635641098022461,300
2018-08-22,3.8399999141693115,3.8399999141693115,3.8399999141693115,3.8399999141693115,3.635641098022461,0
2018-08-23,3.6500000953674316,3.740000009536743,3.6500000953674316,3.700000047683716,3.503091812133789,2100
2018-08-24,3.7300000190734863,3.7300000190734863,3.7300000190734863,3.7300000190734863,3.5314953327178955,500
2018-08-27,3.8399999141693115,3.9000000953674316,3.8399999141693115,3.8499999046325684,3.645108938217163,14700
2018-08-28,4.0,4.0,3.8499999046325684,3.890000104904175,3.6829802989959717,2200
2018-08-29,3.8399999141693115,3.8499999046325684,3.8399999141693115,3.8499999046325684,3.645108938217163,3900
2018-08-30,3.8499999046325684,3.8499999046325684,3.8499999046325684,3.8499999046325684,3.645108938217163,0
2018-08-31,3.8499999046325684,3.8499999046325684,3.8499999046325684,3.8499999046325684,3.645108938217163,0
2018-09-04,3.8499999046325684,3.8499999046325684,3.8499999046325684,3.8499999046325684,3.645108938217163,0
2018-09-05,3.640000104904175,3.8499999046325684,3.640000104904175,3.8499999046325684,3.645108938217163,2100
2018-09-06,3.8499999046325684,3.8499999046325684,3.8499999046325684,3.8499999046325684,3.645108938217163,0
2018-09-07,3.6500000953674316,3.75,3.5999999046325684,3.75,3.5504307746887207,3300
2018-09-10,3.700000047683716,3.7899999618530273,3.700000047683716,3.7899999618530273,3.58830189704895,500
2018-09-11,3.799999952316284,3.799999952316284,3.7300000190734863,3.7300000190734863,3.5314953327178955,700
2018-09-12,3.950000047683716,3.950000047683716,3.950000047683716,3.950000047683716,3.7397871017456055,400
2018-09-13,3.940000057220459,3.940000057220459,3.7100000381469727,3.819999933242798,3.6167054176330566,600
2018-09-14,3.9200000762939453,3.9800000190734863,3.6500000953674316,3.7300000190734863,3.5314953327178955,5700
2018-09-17,3.7300000190734863,3.7300000190734863,3.5299999713897705,3.7100000381469727,3.512559413909912,5400
2018-09-18,3.5299999713897705,3.700000047683716,3.5299999713897705,3.700000047683716,3.503091812133789,400
2018-09-19,3.549999952316284,3.549999952316284,3.450000047683716,3.450000047683716,3.2663965225219727,10000
2018-09-20,3.5899999141693115,3.680000066757202,3.5899999141693115,3.680000066757202,3.484156370162964,200
2018-09-21,3.7100000381469727,3.7100000381469727,3.6700000762939453,3.7100000381469727,3.512559413909912,3100
2018-09-24,3.7100000381469727,3.7100000381469727,3.7100000381469727,3.7100000381469727,3.512559413909912,500
2018-09-25,3.6600000858306885,3.680000066757202,3.5999999046325684,3.680000066757202,3.484156370162964,6100
2018-09-26,3.630000114440918,3.6700000762939453,3.630000114440918,3.6700000762939453,3.4746882915496826,900
2018-09-27,3.549999952316284,3.7300000190734863,3.5399999618530273,3.700000047683716,3.503091812133789,16900
2018-09-28,3.4100000858306885,3.4100000858306885,3.4100000858306885,3.4100000858306885,3.228525161743164,500
2018-10-01,3.700000047683716,3.700000047683716,3.569999933242798,3.5799999237060547,3.3894779682159424,800
2018-10-02,3.7100000381469727,3.7300000190734863,3.509999990463257,3.5399999618530273,3.351606607437134,4600
2018-10-03,3.450000047683716,3.7300000190734863,3.450000047683716,3.5799999237060547,3.3894779682159424,2100
2018-10-04,3.5799999237060547,3.7300000190734863,3.450000047683716,3.450000047683716,3.2663965225219727,12600
2018-10-05,3.4200000762939453,3.7300000190734863,3.390000104904175,3.5999999046325684,3.4084136486053467,7900
2018-10-08,3.5199999809265137,3.5899999141693115,3.5,3.5,3.3137354850769043,1400
2018-10-09,3.5,3.5,3.5,3.5,3.3137354850769043,3200
2018-10-10,3.490000009536743,3.5999999046325684,3.490000009536743,3.5999999046325684,3.4084136486053467,3600
2018-10-11,3.430000066757202,3.700000047683716,3.430000066757202,3.700000047683716,3.503091812133789,1200
2018-10-12,3.700000047683716,3.700000047683716,3.700000047683716,3.700000047683716,3.503091812133789,0
2018-10-15,3.700000047683716,3.700000047683716,3.5,3.690000057220459,3.493623971939087,7000
2018-10-16,3.690000057220459,3.690000057220459,3.690000057220459,3.690000057220459,3.493623971939087,0
2018-10-17,3.5199999809265137,3.700000047683716,3.509999990463257,3.700000047683716,3.503091812133789,2000
2018-10-18,3.5999999046325684,3.940000057220459,3.509999990463257,3.940000057220459,3.7303192615509033,4100
2018-10-19,3.799999952316284,4.739999771118164,3.75,4.130000114440918,3.910207986831665,276000
2018-10-22,3.75,3.950000047683716,3.4100000858306885,3.4100000858306885,3.228525161743164,37200
2018-10-23,3.3399999141693115,3.4000000953674316,3.25,3.4000000953674316,3.219057559967041,13400
2018-10-24,3.380000114440918,3.4000000953674316,3.0299999713897705,3.4000000953674316,3.219057559967041,3000
2018-10-25,3.319999933242798,3.319999933242798,2.869999885559082,3.180000066757202,3.010765314102173,9500
2018-10-26,3.0,3.380000114440918,3.0,3.049999952316284,2.887683868408203,15900
2018-10-29,3.140000104904175,3.2899999618530273,3.140000104904175,3.200000047683716,3.0297012329101562,7000
2018-10-30,3.2200000286102295,3.299999952316284,3.049999952316284,3.2899999618530273,3.1149113178253174,13500
2018-10-31,3.069999933242798,3.309999942779541,3.0,3.259999990463257,3.086507797241211,4100
2018-11-01,3.2899999618530273,3.299999952316284,3.0399999618530273,3.25,3.077040195465088,2100
2018-11-02,3.200000047683716,3.200000047683716,2.940000057220459,2.950000047683716,2.7930054664611816,5300
2018-11-05,2.9600000381469727,3.190000057220459,2.9600000381469727,3.190000057220459,3.020233154296875,3600
2018-11-06,3.0,3.1700000762939453,3.0,3.1700000762939453,3.00129771232605,1300
2018-11-07,3.0,3.390000104904175,3.0,3.069999933242798,2.9066193103790283,48800
2018-11-08,3.0299999713897705,3.200000047683716,3.0299999713897705,3.200000047683716,3.0297012329101562,300
2018-11-09,3.109999895095825,3.25,3.0999999046325684,3.25,3.077040195465088,1200
2018-11-12,3.0899999141693115,3.109999895095825,3.0,3.009999990463257,2.8498125076293945,3500
2018-11-13,3.119999885559082,3.119999885559082,2.8499999046325684,3.0999999046325684,2.9350228309631348,2300
2018-11-14,2.859999895095825,3.119999885559082,2.859999895095825,3.119999885559082,2.953958511352539,2500
2018-11-15,3.119999885559082,3.119999885559082,3.119999885559082,3.119999885559082,2.953958511352539,0
2018-11-16,3.0999999046325684,3.0999999046325684,3.0999999046325684,3.0999999046325684,2.9350228309631348,100
2018-11-19,3.069999933242798,3.069999933242798,3.069999933242798,3.069999933242798,2.9066193103790283,100
2018-11-20,3.059999942779541,3.059999942779541,3.059999942779541,3.059999942779541,2.897151470184326,200
2018-11-21,2.9600000381469727,3.430000066757202,2.950000047683716,3.2799999713897705,3.1054434776306152,51800
2018-11-23,3.0299999713897705,3.2200000286102295,3.0,3.0199999809265137,2.8592803478240967,1800
2018-11-26,3.0,3.299999952316284,3.0,3.2899999618530273,3.1149113178253174,3500
2018-11-27,3.200000047683716,3.200000047683716,3.0299999713897705,3.0299999713897705,2.8687479496002197,1900
2018-11-28,3.2899999618530273,3.2899999618530273,3.2899999618530273,3.2899999618530273,3.1149113178253174,100
2018-11-29,3.190000057220459,3.190000057220459,3.049999952316284,3.0899999141693115,2.9255549907684326,1100
2018-11-30,3.180000066757202,3.180000066757202,3.180000066757202,3.180000066757202,3.010765314102173,100
2018-12-03,3.180000066757202,3.180000066757202,3.180000066757202,3.180000066757202,3.010765314102173,100
2018-12-04,3.0399999618530273,3.2899999618530273,3.0199999809265137,3.2899999618530273,3.1149113178253174,1200
2018-12-06,3.2899999618530273,3.2899999618530273,3.009999990463257,3.1500000953674316,2.9823620319366455,1700
2018-12-07,3.1500000953674316,3.1500000953674316,3.1500000953674316,3.1500000953674316,2.9823620319366455,0
2018-12-10,3.049999952316284,3.049999952316284,3.049999952316284,3.049999952316284,2.887683868408203,300
2018-12-11,3.049999952316284,3.049999952316284,2.950000047683716,3.0299999713897705,2.8687479496002197,2800
2018-12-12,2.990000009536743,3.0,2.950000047683716,3.0,2.8403449058532715,8100
2018-12-13,2.9000000953674316,3.0,2.9000000953674316,3.0,2.8403449058532715,1400
2018-12-14,2.859999895095825,3.0,2.859999895095825,3.0,2.8403449058532715,200
2018-12-17,2.8299999237060547,3.0,2.8299999237060547,3.0,2.8403449058532715,2900
2018-12-18,2.990000009536743,2.990000009536743,2.8399999141693115,2.9800000190734863,2.821408987045288,21400
2018-12-19,2.8299999237060547,2.950000047683716,2.4700000286102295,2.9000000953674316,2.74566650390625,14600
2018-12-20,2.440000057220459,2.680000066757202,2.1500000953674316,2.680000066757202,2.537374496459961,7100
2018-12-21,2.740000009536743,2.740000009536743,2.4000000953674316,2.640000104904175,2.4995033740997314,7600
2018-12-24,2.5899999141693115,2.5899999141693115,2.5899999141693115,2.5899999141693115,2.4521641731262207,300
2018-12-26,2.5399999618530273,2.549999952316284,2.359999895095825,2.5,2.3669538497924805,3800
2018-12-27,2.5,2.5299999713897705,2.3499999046325684,2.490000009536743,2.3574862480163574,1600
2018-12-28,2.4800000190734863,2.4800000190734863,2.4800000190734863,2.4800000190734863,2.348018169403076,300
2018-12-31,2.4000000953674316,2.4000000953674316,2.0,2.119999885559082,2.007176637649536,8600
2019-01-02,2.0999999046325684,2.299999952316284,2.0999999046325684,2.25,2.130258560180664,5800
2019-01-03,2.0199999809265137,2.390000104904175,2.0199999809265137,2.390000104904175,2.262808084487915,3300
2019-01-04,2.130000114440918,2.3499999046325684,2.130000114440918,2.3499999046325684,2.2249364852905273,900
2019-01-07,2.3499999046325684,2.3499999046325684,2.3499999046325684,2.3499999046325684,2.2249364852905273,0
2019-01-08,2.450000047683716,2.450000047683716,2.450000047683716,2.450000047683716,2.319614887237549,100
2019-01-09,2.430000066757202,2.680000066757202,2.2699999809265137,2.5,2.3669538497924805,20900
2019-01-10,2.2799999713897705,2.5999999046325684,2.2799999713897705,2.5999999046325684,2.4616317749023438,800
2019-01-11,2.5999999046325684,2.5999999046325684,2.5999999046325684,2.5999999046325684,2.4616317749023438,0
2019-01-14,2.4000000953674316,2.799999952316284,2.299999952316284,2.7899999618530273,2.6415205001831055,15400
2019-01-15,2.859999895095825,2.9200000762939453,2.4100000858306885,2.680000066757202,2.537374496459961,16100
2019-01-16,2.640000104904175,3.5799999237060547,2.4800000190734863,2.8399999141693115,2.688859701156616,164300
2019-01-17,2.490000009536743,2.740000009536743,2.4700000286102295,2.640000104904175,2.4995033740997314,34800
2019-01-18,2.5,2.640000104904175,2.5,2.640000104904175,2.4995033740997314,500
2019-01-22,2.5,2.569999933242798,2.4100000858306885,2.4100000858306885,2.2817437648773193,3900
2019-01-23,2.5999999046325684,2.690000057220459,2.369999885559082,2.369999885559082,2.2438721656799316,3600
2019-01-24,2.569999933242798,2.569999933242798,2.569999933242798,2.569999933242798,2.4332284927368164,300
2019-01-25,2.5,2.5,2.5,2.5,2.3669538497924805,100
2019-01-28,2.319999933242798,2.4700000286102295,2.309999942779541,2.3499999046325684,2.2249364852905273,3700
2019-01-29,2.2799999713897705,2.450000047683716,2.2799999713897705,2.309999942779541,2.187065362930298,1700
2019-01-30,2.299999952316284,2.5199999809265137,2.299999952316284,2.5199999809265137,2.3858892917633057,4000
2019-01-31,2.319999933242798,2.359999895095825,2.319999933242798,2.359999895095825,2.2344043254852295,2500
2019-02-01,2.380000114440918,2.5399999618530273,2.380000114440918,2.5399999618530273,2.404825210571289,400
2019-02-04,2.5299999713897705,2.5299999713897705,2.5299999713897705,2.5299999713897705,2.395357370376587,900
2019-02-05,2.5299999713897705,2.5299999713897705,2.5299999713897705,2.5299999713897705,2.395357370376587,100
2019-02-06,2.299999952316284,2.4000000953674316,2.299999952316284,2.4000000953674316,2.272275686264038,600
2019-02-07,2.309999942779541,2.490000009536743,2.25,2.299999952316284,2.1775975227355957,66900
2019-02-08,2.259999990463257,2.380000114440918,2.25,2.380000114440918,2.253340244293213,8700
2019-02-11,2.3399999141693115,2.450000047683716,2.25,2.450000047683716,2.319614887237549,1200
2019-02-12,2.4200000762939453,2.4200000762939453,2.4200000762939453,2.4200000762939453,2.2912113666534424,300
2019-02-13,2.359999895095825,2.359999895095825,2.359999895095825,2.359999895095825,2.2344043254852295,200
2019-02-14,2.299999952316284,2.3299999237060547,2.25,2.259999990463257,2.139726400375366,6100
2019-02-15,2.2799999713897705,2.4000000953674316,2.25,2.25,2.130258560180664,12300
2019-02-19,2.319999933242798,2.319999933242798,2.2200000286102295,2.2200000286102295,2.1018550395965576,3500
2019-02-20,2.2200000286102295,2.2200000286102295,2.2200000286102295,2.2200000286102295,2.1018550395965576,0
2019-02-21,2.2200000286102295,2.2200000286102295,2.2200000286102295,2.2200000286102295,2.1018550395965576,0
2019-02-22,2.180000066757202,2.309999942779541,2.180000066757202,2.309999942779541,2.187065362930298,2400
2019-02-25,2.309999942779541,2.309999942779541,2.309999942779541,2.309999942779541,2.187065362930298,100
2019-02-26,2.240000009536743,2.259999990463257,2.2200000286102295,2.240000009536743,2.120790719985962,11300
2019-02-27,2.2300000190734863,2.2300000190734863,2.2300000190734863,2.2300000190734863,2.1113228797912598,800
2019-02-28,2.299999952316284,2.299999952316284,2.2100000381469727,2.2200000286102295,2.1018550395965576,1500
2019-03-01,2.2699999809265137,2.4000000953674316,2.2699999809265137,2.4000000953674316,2.272275686264038,11400
2019-03-04,2.2699999809265137,2.2699999809265137,2.240000009536743,2.240000009536743,2.120790719985962,5200
2019-03-05,2.2200000286102295,2.259999990463257,2.2200000286102295,2.259999990463257,2.139726400375366,600
2019-03-06,2.4200000762939453,2.4200000762939453,2.4200000762939453,2.4200000762939453,2.2912113666534424,100
2019-03-07,2.240000009536743,2.240000009536743,2.2300000190734863,2.2300000190734863,2.1113228797912598,900
2019-03-08,2.2100000381469727,2.2100000381469727,2.1500000953674316,2.1500000953674316,2.0355803966522217,3700
2019-03-11,2.200000047683716,2.2100000381469727,2.1500000953674316,2.180000066757202,2.063983917236328,10100
2019-03-12,2.1500000953674316,2.180000066757202,2.119999885559082,2.180000066757202,2.063983917236328,11300
2019-03-13,2.200000047683716,2.299999952316284,2.200000047683716,2.25,2.130258560180664,8000
2019-03-14,2.3499999046325684,2.3499999046325684,2.200000047683716,2.2100000381469727,2.0923874378204346,6200
2019-03-15,2.190000057220459,2.190000057220459,2.0299999713897705,2.0999999046325684,1.988241195678711,11300
2019-03-18,2.069999933242798,2.0999999046325684,1.7799999713897705,1.7799999713897705,1.685271143913269,27800
2019-03-19,1.8600000143051147,1.9800000190734863,1.5199999809265137,1.850000023841858,1.7515459060668945,27000
2019-03-20,1.809999942779541,1.809999942779541,1.7100000381469727,1.809999942779541,1.713674545288086,2200
2019-03-21,1.809999942779541,1.809999942779541,1.75,1.7899999618530273,1.6947389841079712,6300
2019-03-22,1.7899999618530273,1.8300000429153442,1.7899999618530273,1.8300000429153442,1.7326102256774902,500
2019-03-25,1.7000000476837158,1.7699999809265137,1.5499999523162842,1.7300000190734863,1.6379320621490479,23000
2019-03-26,1.7300000190734863,1.7300000190734863,1.7300000190734863,1.7300000190734863,1.6379320621490479,0
2019-03-27,1.7300000190734863,1.7300000190734863,1.7300000190734863,1.7300000190734863,1.6379320621490479,100
2019-03-28,1.7300000190734863,2.390000104904175,1.6399999856948853,2.200000047683716,2.0829193592071533,568600
2019-03-29,1.9800000190734863,2.0399999618530273,1.5800000429153442,1.6299999952316284,1.5432538986206055,71600
2019-04-01,1.7100000381469727,1.7899999618530273,1.5499999523162842,1.5499999523162842,1.4675114154815674,17100
2019-04-02,1.6699999570846558,1.7699999809265137,1.5499999523162842,1.590000033378601,1.5053826570510864,21100
2019-04-03,1.649999976158142,1.7300000190734863,1.649999976158142,1.7300000190734863,1.6379320621490479,2600
2019-04-04,1.649999976158142,1.8300000429153442,1.649999976158142,1.7400000095367432,1.6474000215530396,26400
2019-04-05,1.7400000095367432,1.7400000095367432,1.5800000429153442,1.5800000429153442,1.4959149360656738,10900
2019-04-08,1.5199999809265137,1.6299999952316284,1.5199999809265137,1.600000023841858,1.5148506164550781,6200
2019-04-09,1.590000033378601,1.600000023841858,1.5199999809265137,1.5199999809265137,1.4391080141067505,6900
2019-04-10,1.5399999618530273,1.7999999523162842,1.5299999713897705,1.6100000143051147,1.5243183374404907,30400
2019-04-11,1.5700000524520874,1.6200000047683716,1.5499999523162842,1.5499999523162842,1.4675114154815674,40500
2019-04-12,1.6299999952316284,1.659999966621399,1.5700000524520874,1.5700000524520874,1.4864470958709717,5200
2019-04-15,1.5499999523162842,1.600000023841858,1.5499999523162842,1.5800000429153442,1.4959149360656738,18300
2019-04-16,1.7400000095367432,1.7400000095367432,1.3799999952316284,1.4800000190734863,1.4012367725372314,58400
2019-04-17,1.4800000190734863,1.5199999809265137,1.4199999570846558,1.4500000476837158,1.372833251953125,38700
2019-04-18,1.4299999475479126,1.440000057220459,1.399999976158142,1.399999976158142,1.3254941701889038,20700
2019-04-22,1.440000057220459,1.5399999618530273,1.440000057220459,1.4900000095367432,1.410704493522644,17400
2019-04-23,1.5,1.5399999618530273,1.440000057220459,1.5,1.4201724529266357,12500
2019-04-24,1.4900000095367432,1.4900000095367432,1.4900000095367432,1.4900000095367432,1.410704493522644,400
2019-04-25,1.440000057220459,1.440000057220459,1.440000057220459,1.440000057220459,1.3633655309677124,400
2019-04-26,1.4600000381469727,1.4600000381469727,1.4199999570846558,1.440000057220459,1.3633655309677124,2400
2019-04-29,1.3799999952316284,1.409999966621399,1.3600000143051147,1.3899999856948853,1.3160263299942017,8000
2019-04-30,1.3799999952316284,1.3899999856948853,1.309999942779541,1.3799999952316284,1.3065584897994995,3400
2019-05-01,1.3799999952316284,1.3799999952316284,1.3799999952316284,1.3799999952316284,1.3065584897994995,200
2019-05-02,1.3700000047683716,1.5099999904632568,1.350000023841858,1.3600000143051147,1.2876229286193848,72700
2019-05-03,1.3799999952316284,1.4299999475479126,1.3600000143051147,1.3700000047683716,1.297090768814087,9800
2019-05-06,1.399999976158142,1.4900000095367432,1.3700000047683716,1.4700000286102295,1.3917689323425293,8300
2019-05-07,1.3799999952316284,1.4500000476837158,1.350000023841858,1.350000023841858,1.2781550884246826,12300
2019-05-08,1.350000023841858,1.3799999952316284,1.309999942779541,1.3799999952316284,1.3065584897994995,17800
2019-05-09,1.2999999523162842,1.350000023841858,1.2899999618530273,1.350000023841858,1.2781550884246826,8400
2019-05-10,1.350000023841858,1.3600000143051147,1.340000033378601,1.350000023841858,1.2781550884246826,9400
2019-05-13,1.350000023841858,1.350000023841858,1.2799999713897705,1.2999999523162842,1.2308158874511719,6200
2019-05-14,1.350000023841858,1.350000023841858,1.3200000524520874,1.3200000524520874,1.2497516870498657,5300
2019-05-15,1.350000023841858,1.7999999523162842,1.340000033378601,1.6699999570846558,1.5811251401901245,295800
2019-05-16,1.8200000524520874,3.0999999046325684,1.7300000190734863,1.9700000286102295,1.8651596307754517,8788900
2019-05-17,1.8799999952316284,1.8799999952316284,1.5099999904632568,1.649999976158142,1.5621895790100098,425700
2019-05-20,1.6100000143051147,1.6200000047683716,1.4700000286102295,1.4700000286102295,1.3917689323425293,154400
2019-05-21,1.4700000286102295,1.6299999952316284,1.4199999570846558,1.5299999713897705,1.448575735092163,72400
2019-05-22,1.5299999713897705,1.5399999618530273,1.4500000476837158,1.4900000095367432,1.410704493522644,29700
2019-05-23,1.4299999475479126,1.5499999523162842,1.4299999475479126,1.4800000190734863,1.4012367725372314,37500
2019-05-24,1.4600000381469727,1.6799999475479126,1.4600000381469727,1.659999966621399,1.571657419204712,88200
2019-05-28,1.7200000286102295,1.7300000190734863,1.5399999618530273,1.6399999856948853,1.5527217388153076,136100
2019-05-29,2.8399999141693115,8.720000267028809,2.559999942779541,7.0,6.627470970153809,36234700
2019-05-30,5.960000038146973,11.5600004196167,5.409999847412109,8.319999694824219,7.877222537994385,22915100
2019-05-31,9.710000038146973,11.119999885559082,7.150000095367432,7.289999961853027,6.902037620544434,10200300
2019-06-03,6.71999979019165,6.949999809265137,5.619999885559082,5.75,5.443994045257568,2167800
2019-06-04,6.010000228881836,6.599999904632568,5.449999809265137,5.449999809265137,5.159959316253662,966900
2019-06-05,5.5,5.610000133514404,4.570000171661377,4.849999904632568,4.591890811920166,660600
2019-06-06,4.679999828338623,5.25,4.639999866485596,4.820000171661377,4.563487529754639,385000
2019-06-07,4.800000190734863,5.599999904632568,4.699999809265137,5.449999809265137,5.159959316253662,1183200
2019-06-10,5.579999923706055,6.300000190734863,5.070000171661377,5.269999980926514,4.989538669586182,1338900
2019-06-11,5.070000171661377,5.449999809265137,5.059999942779541,5.210000038146973,4.932732105255127,166900
2019-06-12,5.110000133514404,5.460000038146973,4.929999828338623,5.349999904632568,5.065281391143799,604600
2019-06-13,5.400000095367432,5.400000095367432,5.059999942779541,5.110000133514404,4.838054180145264,160300
2019-06-14,5.039999961853027,5.179999828338623,4.289999961853027,4.300000190734863,4.071160793304443,386100
2019-06-17,4.320000171661377,4.480000019073486,4.210000038146973,4.309999942779541,4.080628395080566,107700
2019-06-18,4.320000171661377,4.329999923706055,3.9000000953674316,4.03000020980835,3.8155298233032227,152700
2019-06-19,3.990000009536743,4.429999828338623,3.8499999046325684,4.21999979019165,3.995418071746826,123600
2019-06-20,4.199999809265137,4.400000095367432,3.9600000381469727,4.079999923706055,3.8628687858581543,76300
2019-06-21,4.050000190734863,4.309999942779541,3.6600000858306885,3.7699999809265137,3.569366455078125,154500
2019-06-24,3.7300000190734863,4.139999866485596,3.619999885559082,3.869999885559082,3.6640443801879883,136100
2019-06-25,3.8299999237060547,4.050000190734863,3.819999933242798,3.9100000858306885,3.701915979385376,26000
2019-06-26,3.9100000858306885,4.679999828338623,3.9100000858306885,4.440000057220459,4.203710079193115,741400
2019-06-27,4.420000076293945,4.880000114440918,4.320000171661377,4.460000038146973,4.2226457595825195,561200
2019-06-28,4.400000095367432,4.75,4.210000038146973,4.349999904632568,4.118499755859375,160500
2019-07-01,4.349999904632568,4.440000057220459,4.019999980926514,4.079999923706055,3.8628687858581543,76100
2019-07-02,4.110000133514404,4.170000076293945,3.9000000953674316,4.010000228881836,3.7965943813323975,62500
2019-07-03,4.050000190734863,4.050000190734863,3.819999933242798,3.869999885559082,3.6640443801879883,49300
2019-07-05,3.859999895095825,4.170000076293945,3.8299999237060547,3.940000057220459,3.7303192615509033,58000
2019-07-08,3.930000066757202,4.150000095367432,3.930000066757202,4.050000190734863,3.834465503692627,44300
2019-07-09,4.050000190734863,4.579999923706055,4.050000190734863,4.179999828338623,3.9575464725494385,116900
2019-07-10,4.110000133514404,4.579999923706055,4.110000133514404,4.239999771118164,4.014353275299072,157700
2019-07-11,4.190000057220459,4.5,4.190000057220459,4.239999771118164,4.014353275299072,28300
2019-07-12,4.210000038146973,4.409999847412109,4.099999904632568,4.25,4.023821830749512,56300
2019-07-15,4.199999809265137,4.380000114440918,4.0,4.0,3.787126302719116,39100
2019-07-16,4.010000228881836,4.199999809265137,3.7300000190734863,4.010000228881836,3.7965943813323975,83800
2019-07-17,4.190000057220459,4.190000057220459,3.9200000762939453,3.930000066757202,3.7208516597747803,18200
2019-07-18,3.9000000953674316,4.099999904632568,3.7799999713897705,3.8299999237060547,3.626173257827759,42400
2019-07-19,3.8299999237060547,4.199999809265137,3.8299999237060547,4.070000171661377,3.853400945663452,128700
2019-07-22,4.199999809265137,4.400000095367432,4.019999980926514,4.099999904632568,3.8818042278289795,76100
2019-07-23,4.099999904632568,4.28000020980835,3.9000000953674316,3.950000047683716,3.7397871017456055,26400
2019-07-24,3.950000047683716,4.159999847412109,3.809999942779541,3.8499999046325684,3.645108938217163,100600
2019-07-25,3.8299999237060547,4.139999866485596,3.75,3.759999990463257,3.559898614883423,57400
2019-07-26,3.690000057220459,4.039999961853027,3.619999885559082,3.7200000286102295,3.5220274925231934,55600
2019-07-29,3.7300000190734863,4.099999904632568,3.7300000190734863,3.930000066757202,3.7208516597747803,60200
2019-07-30,3.950000047683716,3.990000009536743,3.799999952316284,3.940000057220459,3.7303192615509033,5400
2019-07-31,3.950000047683716,4.110000133514404,3.880000114440918,4.0,3.787126302719116,25800
2019-08-01,3.9200000762939453,3.930000066757202,3.7200000286102295,3.869999885559082,3.6640443801879883,19700
2019-08-02,3.8399999141693115,3.9800000190734863,3.680000066757202,3.7799999713897705,3.578834295272827,28000
2019-08-05,3.819999933242798,3.819999933242798,3.25,3.4000000953674316,3.219057559967041,43100
2019-08-06,3.2799999713897705,3.5,3.2200000286102295,3.2200000286102295,3.0486366748809814,41800
2019-08-07,3.240000009536743,3.4100000858306885,3.2100000381469727,3.25,3.077040195465088,9900
2019-08-08,3.259999990463257,3.8499999046325684,3.259999990463257,3.390000104904175,3.2095894813537598,25900
2019-08-09,3.390000104904175,3.509999990463257,3.380000114440918,3.380000114440918,3.2001216411590576,7600
2019-08-12,3.380000114440918,3.490000009536743,3.1500000953674316,3.4000000953674316,3.219057559967041,22700
2019-08-13,3.380000114440918,3.490000009536743,3.2200000286102295,3.2899999618530273,3.1149113178253174,9600
2019-08-14,3.319999933242798,3.490000009536743,3.240000009536743,3.25,3.077040195465088,35900
2019-08-15,3.299999952316284,3.299999952316284,3.2200000286102295,3.25,3.077040195465088,14500
2019-08-16,3.2200000286102295,3.4700000286102295,3.2200000286102295,3.369999885559082,3.1906538009643555,14000
2019-08-19,3.3399999141693115,3.9800000190734863,3.309999942779541,3.869999885559082,3.6640443801879883,118800
2019-08-20,3.950000047683716,4.150000095367432,3.799999952316284,3.950000047683716,3.7397871017456055,55100
2019-08-21,3.859999895095825,3.990000009536743,3.5999999046325684,3.7899999618530273,3.58830189704895,53100
2019-08-22,3.7899999618530273,3.799999952316284,3.309999942779541,3.7300000190734863,3.5314953327178955,39600
2019-08-23,3.690000057220459,3.690000057220459,3.5399999618530273,3.6600000858306885,3.4652204513549805,38300
2019-08-26,3.6600000858306885,3.8499999046325684,3.5,3.5,3.3137354850769043,22600
2019-08-27,3.640000104904175,3.6500000953674316,3.450000047683716,3.6500000953674316,3.4557528495788574,15900
2019-08-28,3.690000057220459,4.199999809265137,3.5799999237060547,4.03000020980835,3.8155298233032227,170800
2019-08-29,4.150000095367432,4.25,3.9600000381469727,4.179999828338623,3.9575464725494385,115600
2019-08-30,4.239999771118164,6.5,4.099999904632568,6.380000114440918,6.04046630859375,3061200
2019-09-03,6.210000038146973,7.079999923706055,5.539999961853027,6.0,5.680689811706543,2597600
2019-09-04,5.119999885559082,5.239999771118164,4.0,4.360000133514404,4.127967834472656,1429000
2019-09-05,4.739999771118164,4.739999771118164,3.9200000762939453,4.130000114440918,3.910207986831665,544300
2019-09-06,4.0,4.150000095367432,3.809999942779541,3.9800000190734863,3.768190622329712,268900
2019-09-09,3.9200000762939453,4.25,3.880000114440918,4.119999885559082,3.900739908218384,210600
2019-09-10,4.079999923706055,4.079999923706055,3.7899999618530273,3.869999885559082,3.6640443801879883,119500
2019-09-11,3.809999942779541,3.9000000953674316,3.5299999713897705,3.5999999046325684,3.4084136486053467,118000
2019-09-12,3.640000104904175,3.9000000953674316,3.640000104904175,3.859999895095825,3.6545767784118652,142100
2019-09-13,3.819999933242798,4.199999809265137,3.75,4.010000228881836,3.7965943813323975,143400
2019-09-16,3.950000047683716,4.309999942779541,3.940000057220459,4.079999923706055,3.8628687858581543,153000
2019-09-17,4.159999847412109,4.21999979019165,3.950000047683716,4.010000228881836,3.7965943813323975,21000
2019-09-18,4.039999961853027,4.25,3.9200000762939453,3.990000009536743,3.777658224105835,16500
2019-09-19,4.0,4.139999866485596,3.930000066757202,3.930000066757202,3.7208516597747803,37100
2019-09-20,4.090000152587891,4.119999885559082,3.7300000190734863,3.7699999809265137,3.569366455078125,59400
2019-09-23,3.609999895095825,3.75,3.25,3.25,3.077040195465088,266600
2019-09-24,3.309999942779541,3.9000000953674316,3.309999942779541,3.5999999046325684,3.4084136486053467,122500
2019-09-25,3.5299999713897705,3.700000047683716,3.5,3.6500000953674316,3.4557528495788574,36500
2019-09-26,3.609999895095825,3.880000114440918,3.4000000953674316,3.430000066757202,3.2474608421325684,53200
2019-09-27,3.4200000762939453,3.75,3.259999990463257,3.259999990463257,3.086507797241211,54900
2019-09-30,3.2799999713897705,3.4000000953674316,3.259999990463257,3.259999990463257,3.086507797241211,39200
2019-10-01,3.319999933242798,3.359999895095825,3.2699999809265137,3.3299999237060547,3.152782440185547,39700
2019-10-02,3.3399999141693115,3.5999999046325684,3.259999990463257,3.440000057220459,3.2569286823272705,107900
2019-10-03,3.5399999618530273,3.8299999237060547,3.299999952316284,3.3299999237060547,3.152782440185547,141700
2019-10-04,3.369999885559082,3.4800000190734863,3.299999952316284,3.359999895095825,3.1811859607696533,20100
2019-10-07,3.319999933242798,3.490000009536743,3.2799999713897705,3.299999952316284,3.1243791580200195,18800
2019-10-08,3.2799999713897705,3.4200000762939453,3.2799999713897705,3.3499999046325684,3.171718120574951,20900
2019-10-09,3.319999933242798,3.4100000858306885,3.319999933242798,3.3499999046325684,3.171718120574951,14400
2019-10-10,3.369999885559082,3.430000066757202,3.259999990463257,3.3299999237060547,3.152782440185547,34700
2019-10-11,3.359999895095825,3.4200000762939453,3.0999999046325684,3.200000047683716,3.0297012329101562,59000
2019-10-14,3.2799999713897705,3.390000104904175,3.1700000762939453,3.3499999046325684,3.171718120574951,32900
2019-10-15,3.3399999141693115,3.3499999046325684,3.2300000190734863,3.2899999618530273,3.1149113178253174,25700
2019-10-16,3.200000047683716,3.549999952316284,3.1600000858306885,3.430000066757202,3.2474608421325684,111400
2019-10-17,3.2799999713897705,3.4700000286102295,3.2799999713897705,3.450000047683716,3.2663965225219727,23500
2019-10-18,3.4100000858306885,3.4800000190734863,3.3399999141693115,3.440000057220459,3.2569286823272705,20000
2019-10-21,3.440000057220459,3.4700000286102295,3.380000114440918,3.4100000858306885,3.228525161743164,28800
2019-10-22,3.450000047683716,3.450000047683716,3.3299999237060547,3.4200000762939453,3.237993001937866,24800
2019-10-23,3.4200000762939453,3.440000057220459,3.2899999618530273,3.309999942779541,3.1338467597961426,24800
2019-10-24,3.2899999618530273,3.369999885559082,3.240000009536743,3.2899999618530273,3.1149113178253174,28700
2019-10-25,3.2699999809265137,3.3399999141693115,3.2100000381469727,3.2899999618530273,3.1149113178253174,28600
2019-10-28,3.299999952316284,3.630000114440918,3.2699999809265137,3.4800000190734863,3.294800043106079,99000
2019-10-29,3.380000114440918,3.8499999046325684,3.380000114440918,3.5799999237060547,3.3894779682159424,77300
2019-10-30,3.5199999809265137,3.559999942779541,3.4700000286102295,3.509999990463257,3.3232030868530273,7000
2019-10-31,3.5799999237060547,3.6600000858306885,3.4000000953674316,3.4000000953674316,3.219057559967041,38600
2019-11-01,3.5199999809265137,3.5799999237060547,3.4200000762939453,3.490000009536743,3.304267644882202,52700
2019-11-04,3.430000066757202,3.6600000858306885,3.3299999237060547,3.3499999046325684,3.171718120574951,46300
2019-11-05,3.490000009536743,3.549999952316284,3.380000114440918,3.4200000762939453,3.237993001937866,19500
2019-11-06,3.490000009536743,3.7799999713897705,3.359999895095825,3.5199999809265137,3.3326711654663086,54900
2019-11-07,3.5299999713897705,3.809999942779541,3.5,3.5,3.3137354850769043,79500
2019-11-08,3.559999942779541,3.680000066757202,3.5299999713897705,3.630000114440918,3.436817169189453,19600
2019-11-11,3.6700000762939453,4.0,3.6500000953674316,3.75,3.5504307746887207,115300
2019-11-12,3.759999990463257,3.940000057220459,3.609999895095825,3.609999895095825,3.4178812503814697,46100
2019-11-13,3.700000047683716,4.179999828338623,3.6700000762939453,4.170000076293945,3.9480791091918945,111900
2019-11-14,4.150000095367432,4.179999828338623,3.8399999141693115,3.9700000286102295,3.7587227821350098,85600
2019-11-15,3.880000114440918,4.119999885559082,3.7300000190734863,4.059999942779541,3.84393310546875,45900
2019-11-18,4.179999828338623,5.550000190734863,4.159999847412109,4.679999828338623,4.430937767028809,1186700
2019-11-19,4.820000171661377,5.03000020980835,4.329999923706055,4.539999961853027,4.2983880043029785,364900
2019-11-20,5.03000020980835,5.199999809265137,3.5199999809265137,3.9600000381469727,3.7492551803588867,727000
2019-11-21,3.819999933242798,3.890000104904175,3.619999885559082,3.690000057220459,3.493623971939087,171100
2019-11-22,3.680000066757202,3.690000057220459,3.559999942779541,3.640000104904175,3.4462850093841553,41700
2019-11-25,3.559999942779541,3.7300000190734863,3.5399999618530273,3.7100000381469727,3.512559413909912,46400
2019-11-26,3.740000009536743,3.740000009536743,3.569999933242798,3.640000104904175,3.4462850093841553,32300
2019-11-27,3.5799999237060547,3.5999999046325684,3.4800000190734863,3.4800000190734863,3.294800043106079,99100
2019-11-29,3.490000009536743,3.5899999141693115,3.4800000190734863,3.5299999713897705,3.3421390056610107,17600
2019-12-02,3.5,3.5799999237060547,3.450000047683716,3.509999990463257,3.3232030868530273,38200
2019-12-03,3.4800000190734863,3.5,3.4000000953674316,3.4000000953674316,3.219057559967041,54500
2019-12-04,3.430000066757202,3.5299999713897705,3.430000066757202,3.4800000190734863,3.294800043106079,31400
2019-12-05,3.430000066757202,3.5,3.4100000858306885,3.4100000858306885,3.228525161743164,30100
2019-12-06,3.380000114440918,3.7799999713897705,3.380000114440918,3.6500000953674316,3.4557528495788574,170700
2019-12-09,3.6600000858306885,3.6600000858306885,3.4600000381469727,3.549999952316284,3.361074447631836,37400
2019-12-10,3.5199999809265137,3.7699999809265137,3.4800000190734863,3.609999895095825,3.4178812503814697,91100
2019-12-11,3.609999895095825,3.75,3.5899999141693115,3.7100000381469727,3.512559413909912,73800
2019-12-12,3.740000009536743,3.740000009536743,3.549999952316284,3.5799999237060547,3.3894779682159424,25700
2019-12-13,3.5799999237060547,3.619999885559082,3.5,3.509999990463257,3.3232030868530273,47700
2019-12-16,3.559999942779541,3.6600000858306885,3.5199999809265137,3.5999999046325684,3.4084136486053467,39900
2019-12-17,3.5999999046325684,3.6500000953674316,3.549999952316284,3.5999999046325684,3.4084136486053467,15500
2019-12-18,3.5899999141693115,3.640000104904175,3.5799999237060547,3.5799999237060547,3.3894779682159424,13700
2019-12-19,3.549999952316284,3.6500000953674316,3.549999952316284,3.6500000953674316,3.4557528495788574,7800
2019-12-20,3.5999999046325684,3.8299999237060547,3.5999999046325684,3.7200000286102295,3.5220274925231934,60400
2019-12-23,3.6700000762939453,3.7799999713897705,3.6700000762939453,3.759999990463257,3.559898614883423,26200
2019-12-24,3.700000047683716,3.7699999809265137,3.700000047683716,3.740000009536743,3.5409629344940186,9200
2019-12-26,3.700000047683716,3.759999990463257,3.5999999046325684,3.6500000953674316,3.4557528495788574,14500
2019-12-27,3.6600000858306885,3.7799999713897705,3.6500000953674316,3.6500000953674316,3.4557528495788574,34100
2019-12-30,3.5999999046325684,3.6700000762939453,3.5799999237060547,3.5999999046325684,3.4084136486053467,19700
2019-12-31,3.5999999046325684,3.6500000953674316,3.569999933242798,3.5999999046325684,3.4084136486053467,19700
2020-01-02,3.630000114440918,3.7899999618530273,3.630000114440918,3.6500000953674316,3.4557528495788574,5000
2020-01-03,3.6500000953674316,3.6500000953674316,3.5399999618530273,3.569999933242798,3.3800101280212402,12400
2020-01-06,3.490000009536743,3.5999999046325684,3.4100000858306885,3.569999933242798,3.3800101280212402,16800
2020-01-07,3.609999895095825,3.640000104904175,3.5299999713897705,3.5999999046325684,3.4084136486053467,9300
2020-01-08,3.5899999141693115,3.5899999141693115,3.5,3.5299999713897705,3.3421390056610107,22300
2020-01-09,3.950000047683716,4.130000114440918,3.6600000858306885,3.8499999046325684,3.645108938217163,636800
2020-01-10,3.690000057220459,4.0,3.690000057220459,3.9000000953674316,3.692448139190674,38000
2020-01-13,4.019999980926514,4.079999923706055,3.75,3.75,3.5504307746887207,35000
2020-01-14,3.8499999046325684,3.859999895095825,3.7200000286102295,3.799999952316284,3.5977699756622314,20700
2020-01-15,3.880000114440918,3.9200000762939453,3.6500000953674316,3.700000047683716,3.503091812133789,60700
2020-01-16,3.6500000953674316,3.7200000286102295,3.619999885559082,3.680000066757202,3.484156370162964,35900
2020-01-17,3.6700000762939453,3.690000057220459,3.6500000953674316,3.6600000858306885,3.4652204513549805,7700
2020-01-21,3.640000104904175,3.7200000286102295,3.640000104904175,3.7200000286102295,3.5220274925231934,8600
2020-01-22,3.680000066757202,3.75,3.680000066757202,3.7200000286102295,3.5220274925231934,18200
2020-01-23,3.759999990463257,4.039999961853027,3.690000057220459,3.9600000381469727,3.7492551803588867,55700
2020-01-24,4.0,4.0,3.8499999046325684,3.9600000381469727,3.7492551803588867,38400
2020-01-27,3.9600000381469727,4.099999904632568,3.6700000762939453,4.010000228881836,3.7965943813323975,90300
2020-01-28,4.059999942779541,4.599999904632568,4.050000190734863,4.510000228881836,4.269984722137451,290200
2020-01-29,4.550000190734863,4.550000190734863,3.9000000953674316,4.079999923706055,3.8628687858581543,117700
2020-01-30,4.059999942779541,4.059999942779541,3.9000000953674316,3.9000000953674316,3.692448139190674,26000
2020-01-31,3.9100000858306885,4.199999809265137,3.9000000953674316,3.950000047683716,3.7397871017456055,36000
2020-02-03,4.019999980926514,4.110000133514404,3.9700000286102295,4.019999980926514,3.8060617446899414,20500
2020-02-04,4.010000228881836,4.389999866485596,4.010000228881836,4.159999847412109,3.9386112689971924,82400
2020-02-05,4.25,4.75,4.110000133514404,4.409999847412109,4.17530632019043,281500
2020-02-06,4.429999828338623,4.449999809265137,4.199999809265137,4.309999942779541,4.080628395080566,64800
2020-02-07,4.25,4.300000190734863,4.199999809265137,4.25,4.023821830749512,22900
2020-02-10,4.25,4.599999904632568,4.25,4.300000190734863,4.071160793304443,64900
2020-02-11,4.409999847412109,4.420000076293945,4.28000020980835,4.340000152587891,4.109032154083252,23900
2020-02-12,4.300000190734863,4.300000190734863,4.199999809265137,4.21999979019165,3.995418071746826,36700
2020-02-13,4.150000095367432,4.269999980926514,4.150000095367432,4.170000076293945,3.9480791091918945,18200
2020-02-14,4.230000019073486,4.230000019073486,4.099999904632568,4.159999847412109,3.9386112689971924,26800
2020-02-18,4.239999771118164,4.239999771118164,3.9000000953674316,4.0,3.787126302719116,54300
2020-02-19,4.079999923706055,4.159999847412109,3.9600000381469727,4.010000228881836,3.7965943813323975,11500
2020-02-20,4.0,4.130000114440918,4.0,4.090000152587891,3.8723366260528564,18800
2020-02-21,4.119999885559082,4.230000019073486,4.059999942779541,4.099999904632568,3.8818042278289795,26900
2020-02-24,4.150000095367432,4.170000076293945,3.809999942779541,4.0,3.787126302719116,54200
2020-02-25,4.059999942779541,4.059999942779541,3.859999895095825,3.9600000381469727,3.7492551803588867,21100
2020-02-26,3.890000104904175,3.940000057220459,3.819999933242798,3.880000114440918,3.6735126972198486,27700
2020-02-27,3.890000104904175,3.890000104904175,3.6600000858306885,3.6600000858306885,3.4652204513549805,40300
2020-02-28,3.509999990463257,3.5199999809265137,3.2300000190734863,3.3399999141693115,3.162250280380249,58800
2020-03-02,3.5299999713897705,3.640000104904175,3.359999895095825,3.5,3.3137354850769043,15200
2020-03-03,3.4600000381469727,3.5799999237060547,3.259999990463257,3.509999990463257,3.3232030868530273,20700
2020-03-04,3.440000057220459,3.5199999809265137,3.369999885559082,3.4700000286102295,3.285331964492798,9400
2020-03-05,3.5,3.5,3.2799999713897705,3.299999952316284,3.1243791580200195,28200
2020-03-06,3.2699999809265137,3.2899999618530273,3.240000009536743,3.2799999713897705,3.1054434776306152,38400
2020-03-09,3.2100000381469727,3.2899999618530273,2.630000114440918,2.7200000286102295,2.5752458572387695,65500
2020-03-10,2.9800000190734863,2.9800000190734863,2.7300000190734863,2.8299999237060547,2.679391622543335,17900
2020-03-11,2.799999952316284,3.059999942779541,2.799999952316284,2.799999952316284,2.6509883403778076,10600
2020-03-12,2.7200000286102295,2.8399999141693115,2.5,2.5399999618530273,2.404825210571289,21900
2020-03-13,2.4800000190734863,2.630000114440918,2.4800000190734863,2.490000009536743,2.3574862480163574,13500
2020-03-16,2.5299999713897705,2.609999895095825,2.3299999237060547,2.3299999237060547,2.206001043319702,36000
2020-03-17,2.5999999046325684,2.5999999046325684,2.2799999713897705,2.5399999618530273,2.404825210571289,31000
2020-03-18,2.5399999618530273,2.569999933242798,2.4800000190734863,2.4800000190734863,2.348018169403076,38700
2020-03-19,2.4800000190734863,3.1700000762939453,2.450000047683716,2.990000009536743,2.8308768272399902,102000
2020-03-20,3.1600000858306885,3.2699999809265137,2.8399999141693115,2.9200000762939453,2.7646024227142334,50800
2020-03-23,2.890000104904175,3.1600000858306885,2.8499999046325684,3.049999952316284,2.887683868408203,16000
2020-03-24,3.2300000190734863,3.5399999618530273,3.0899999141693115,3.4000000953674316,3.219057559967041,32200
2020-03-25,3.4200000762939453,3.5899999141693115,3.3499999046325684,3.4700000286102295,3.285331964492798,6100
2020-03-26,3.569999933242798,3.640000104904175,3.5399999618530273,3.630000114440918,3.436817169189453,4000
2020-03-27,3.559999942779541,3.640000104904175,3.509999990463257,3.609999895095825,3.4178812503814697,9200
2020-03-30,3.700000047683716,3.819999933242798,3.609999895095825,3.609999895095825,3.4178812503814697,19000
2020-03-31,3.609999895095825,3.609999895095825,3.490000009536743,3.5399999618530273,3.351606607437134,13400
2020-04-01,3.509999990463257,3.5399999618530273,3.4600000381469727,3.4700000286102295,3.285331964492798,8100
2020-04-02,3.5,3.5999999046325684,3.4800000190734863,3.5999999046325684,3.4084136486053467,3100
2020-04-03,3.549999952316284,3.559999942779541,3.5199999809265137,3.5199999809265137,3.3326711654663086,3100
2020-04-06,3.559999942779541,3.5899999141693115,3.559999942779541,3.5899999141693115,3.3989455699920654,4100
2020-04-07,3.609999895095825,4.0,3.5899999141693115,3.630000114440918,3.436817169189453,39700
2020-04-08,3.759999990463257,3.9600000381469727,3.759999990463257,3.9600000381469727,3.7492551803588867,22200
2020-04-09,4.019999980926514,4.320000171661377,3.9100000858306885,4.320000171661377,4.090096473693848,81900
2020-04-13,4.320000171661377,4.449999809265137,4.170000076293945,4.349999904632568,4.118499755859375,39600
2020-04-14,4.429999828338623,4.429999828338623,4.099999904632568,4.230000019073486,4.004886150360107,30200
2020-04-15,4.139999866485596,4.21999979019165,3.940000057220459,4.139999866485596,3.919675350189209,13800
2020-04-16,4.239999771118164,4.289999961853027,4.210000038146973,4.230000019073486,4.004886150360107,4400
2020-04-17,4.349999904632568,4.369999885559082,3.940000057220459,3.940000057220459,3.7303192615509033,82400
2020-04-20,4.199999809265137,4.230000019073486,3.4700000286102295,3.75,3.5504307746887207,47300
2020-04-21,3.7100000381469727,3.9600000381469727,3.6500000953674316,3.799999952316284,3.5977699756622314,10800
2020-04-22,3.799999952316284,4.090000152587891,3.799999952316284,4.070000171661377,3.853400945663452,26300
2020-04-23,4.199999809265137,4.199999809265137,3.819999933242798,4.0,3.787126302719116,17100
2020-04-24,4.119999885559082,4.389999866485596,4.119999885559082,4.230000019073486,4.004886150360107,55100
2020-04-27,5.239999771118164,5.380000114440918,4.25,4.340000152587891,4.109032154083252,571100
2020-04-28,4.159999847412109,4.179999828338623,3.690000057220459,4.010000228881836,3.7965943813323975,87300
2020-04-29,4.0,4.039999961853027,3.799999952316284,3.809999942779541,3.6072378158569336,53700
2020-04-30,3.799999952316284,3.9200000762939453,3.6500000953674316,3.9200000762939453,3.711383819580078,62100
2020-05-01,3.9200000762939453,3.9200000762939453,3.740000009536743,3.7799999713897705,3.578834295272827,14700
2020-05-04,3.6700000762939453,3.880000114440918,3.6700000762939453,3.7899999618530273,3.58830189704895,14700
2020-05-05,3.700000047683716,3.9700000286102295,3.680000066757202,3.8399999141693115,3.635641098022461,27300
2020-05-06,3.869999885559082,4.079999923706055,3.700000047683716,3.75,3.5504307746887207,40300
2020-05-07,4.0,4.0,3.799999952316284,3.9000000953674316,3.692448139190674,5600
2020-05-08,4.050000190734863,4.050000190734863,3.8499999046325684,4.03000020980835,3.8155298233032227,8600
2020-05-11,4.059999942779541,4.139999866485596,3.930000066757202,4.130000114440918,3.910207986831665,12400
2020-05-12,4.199999809265137,4.199999809265137,3.940000057220459,3.940000057220459,3.7303192615509033,8800
2020-05-13,4.070000171661377,4.070000171661377,3.859999895095825,3.9000000953674316,3.692448139190674,2200
2020-05-14,3.859999895095825,3.9700000286102295,3.7899999618530273,3.9700000286102295,3.7587227821350098,9300
2020-05-15,3.859999895095825,3.9700000286102295,3.759999990463257,3.930000066757202,3.7208516597747803,21600
2020-05-18,3.7699999809265137,4.050000190734863,3.7699999809265137,3.9800000190734863,3.768190622329712,45200
2020-05-19,4.070000171661377,4.210000038146973,3.9100000858306885,3.930000066757202,3.7208516597747803,49300
2020-05-20,4.090000152587891,4.150000095367432,4.050000190734863,4.099999904632568,3.8818042278289795,8100
2020-05-21,4.110000133514404,4.130000114440918,3.940000057220459,4.019999980926514,3.8060617446899414,12500
2020-05-22,4.150000095367432,4.190000057220459,4.019999980926514,4.090000152587891,3.8723366260528564,9400
2020-05-26,4.190000057220459,4.190000057220459,4.130000114440918,4.130000114440918,3.910207986831665,10400
2020-05-27,4.210000038146973,4.210000038146973,4.130000114440918,4.190000057220459,3.967014789581299,18900
2020-05-28,4.190000057220459,4.449999809265137,4.019999980926514,4.269999980926514,4.042757034301758,53600
2020-05-29,4.349999904632568,4.400000095367432,4.260000228881836,4.360000133514404,4.127967834472656,24900
2020-06-01,4.440000057220459,4.789999961853027,4.389999866485596,4.579999923706055,4.336259841918945,106700
2020-06-02,4.75,4.75,3.9800000190734863,4.0,3.787126302719116,232500
2020-06-03,4.050000190734863,4.199999809265137,3.9000000953674316,3.9800000190734863,3.768190622329712,35300
2020-06-04,3.880000114440918,4.0,3.809999942779541,3.880000114440918,3.6735126972198486,40700
2020-06-05,3.819999933242798,4.0,3.7699999809265137,3.930000066757202,3.7208516597747803,52100
2020-06-08,3.7699999809265137,3.9700000286102295,3.7699999809265137,3.880000114440918,3.6735126972198486,23600
2020-06-09,3.880000114440918,3.9800000190734863,3.819999933242798,3.940000057220459,3.7303192615509033,3300
2020-06-10,3.9100000858306885,3.9200000762939453,3.819999933242798,3.890000104904175,3.6829802989959717,9300
2020-06-11,3.799999952316284,3.869999885559082,3.5799999237060547,3.630000114440918,3.436817169189453,18300
2020-06-12,3.630000114440918,3.7899999618530273,3.630000114440918,3.759999990463257,3.559898614883423,12800
2020-06-15,3.619999885559082,3.8299999237060547,3.5399999618530273,3.6500000953674316,3.4557528495788574,15400
2020-06-16,3.890000104904175,4.050000190734863,3.7100000381469727,3.940000057220459,3.7303192615509033,41200
2020-06-17,4.0,4.400000095367432,3.890000104904175,4.050000190734863,3.834465503692627,173500
2020-06-18,3.9800000190734863,4.079999923706055,3.940000057220459,3.950000047683716,3.7397871017456055,61400
2020-06-19,4.050000190734863,4.050000190734863,3.799999952316284,4.03000020980835,3.8155298233032227,39100
2020-06-22,4.050000190734863,4.190000057220459,3.8499999046325684,3.9700000286102295,3.7587227821350098,23500
2020-06-23,4.019999980926514,4.380000114440918,3.990000009536743,4.150000095367432,3.9291434288024902,145800
2020-06-24,4.25,4.25,3.9000000953674316,3.9100000858306885,3.701915979385376,40000
2020-06-25,4.179999828338623,4.190000057220459,3.990000009536743,4.159999847412109,3.9386112689971924,46600
2020-06-26,4.170000076293945,4.179999828338623,3.9600000381469727,4.070000171661377,3.853400945663452,10100
2020-06-29,4.130000114440918,4.159999847412109,4.019999980926514,4.019999980926514,3.8060617446899414,7900
2020-06-30,3.950000047683716,4.139999866485596,3.950000047683716,3.9700000286102295,3.7587227821350098,25600
2020-07-01,3.9700000286102295,4.159999847412109,3.9600000381469727,4.099999904632568,3.8818042278289795,13300
2020-07-02,4.130000114440918,5.730000019073486,4.059999942779541,5.25,4.9706034660339355,1096300
2020-07-06,4.71999979019165,4.75,4.099999904632568,4.519999980926514,4.279452800750732,561300
2020-07-07,4.269999980926514,4.599999904632568,4.269999980926514,4.420000076293945,4.184774875640869,53000
2020-07-08,4.440000057220459,4.449999809265137,4.28000020980835,4.329999923706055,4.099564075469971,77800
2020-07-09,4.360000133514404,4.429999828338623,4.199999809265137,4.289999961853027,4.06169319152832,36800
2020-07-10,4.210000038146973,4.269999980926514,4.199999809265137,4.21999979019165,3.995418071746826,16100
2020-07-13,4.210000038146973,4.820000171661377,4.150000095367432,4.309999942779541,4.080628395080566,339600
2020-07-14,4.300000190734863,4.449999809265137,4.230000019073486,4.28000020980835,4.052225112915039,28600
2020-07-15,4.329999923706055,4.440000057220459,4.25,4.369999885559082,4.137435436248779,25800
2020-07-16,4.289999961853027,4.639999866485596,4.289999961853027,4.320000171661377,4.090096473693848,42900
2020-07-17,4.489999771118164,4.489999771118164,4.329999923706055,4.349999904632568,4.118499755859375,5300
2020-07-20,4.400000095367432,4.489999771118164,4.349999904632568,4.349999904632568,4.118499755859375,10900
2020-07-21,4.46999979019165,4.46999979019165,4.349999904632568,4.420000076293945,4.184774875640869,13500
2020-07-22,4.5,4.690000057220459,4.449999809265137,4.550000190734863,4.307856559753418,91400
2020-07-23,4.610000133514404,4.75,4.309999942779541,4.349999904632568,4.118499755859375,50200
2020-07-24,4.349999904632568,4.599999904632568,4.320000171661377,4.389999866485596,4.156371116638184,17600
2020-07-27,4.380000114440918,4.489999771118164,4.320000171661377,4.480000019073486,4.241581439971924,5200
2020-07-28,4.46999979019165,4.650000095367432,4.269999980926514,4.309999942779541,4.080628395080566,17400
2020-07-29,4.320000171661377,4.46999979019165,4.320000171661377,4.329999923706055,4.099564075469971,11100
2020-07-30,4.28000020980835,4.489999771118164,4.28000020980835,4.289999961853027,4.06169319152832,23900
2020-07-31,4.329999923706055,4.650000095367432,4.260000228881836,4.340000152587891,4.109032154083252,30500
2020-08-03,4.360000133514404,4.460000038146973,4.269999980926514,4.309999942779541,4.080628395080566,11100
2020-08-04,4.309999942779541,4.449999809265137,4.28000020980835,4.360000133514404,4.127967834472656,35300
2020-08-05,4.429999828338623,4.679999828338623,4.400000095367432,4.429999828338623,4.194242000579834,73200
2020-08-06,4.420000076293945,4.75,4.349999904632568,4.650000095367432,4.402534484863281,69400
2020-08-07,4.659999847412109,4.659999847412109,4.420000076293945,4.460000038146973,4.2226457595825195,19100
2020-08-10,4.610000133514404,4.630000114440918,4.429999828338623,4.550000190734863,4.307856559753418,18000
2020-08-11,4.559999942779541,4.75,4.420000076293945,4.579999923706055,4.336259841918945,132200
2020-08-12,4.71999979019165,4.800000190734863,4.510000228881836,4.650000095367432,4.402534484863281,272000
2020-08-13,4.619999885559082,5.099999904632568,4.590000152587891,4.809999942779541,4.554019451141357,154200
2020-08-14,4.789999961853027,4.900000095367432,4.510000228881836,4.519999980926514,4.279452800750732,56700
2020-08-17,4.670000076293945,4.929999828338623,4.550000190734863,4.860000133514404,4.601358413696289,91700
2020-08-18,4.860000133514404,5.0,4.610000133514404,4.929999828338623,4.667633056640625,75100
2020-08-19,4.929999828338623,5.039999961853027,4.650000095367432,4.880000114440918,4.620294094085693,44700
2020-08-20,4.880000114440918,4.989999771118164,4.769999980926514,4.889999866485596,4.629761695861816,50400
2020-08-21,4.769999980926514,4.880000114440918,4.71999979019165,4.820000171661377,4.563487529754639,39200
2020-08-24,4.900000095367432,5.0,4.849999904632568,4.989999771118164,4.72443962097168,30700
2020-08-25,4.909999847412109,5.400000095367432,4.909999847412109,5.25,4.9706034660339355,149400
2020-08-26,5.360000133514404,5.840000152587891,5.349999904632568,5.699999809265137,5.3966546058654785,252400
2020-08-27,5.539999961853027,5.730000019073486,5.269999980926514,5.349999904632568,5.065281391143799,63600
2020-08-28,5.460000038146973,5.460000038146973,5.269999980926514,5.320000171661377,5.0368781089782715,18400
2020-08-31,5.400000095367432,5.460000038146973,5.050000190734863,5.150000095367432,4.875925064086914,40300
2020-09-01,5.179999828338623,5.440000057220459,5.03000020980835,5.099999904632568,4.828585624694824,28200
2020-09-02,5.099999904632568,5.119999885559082,4.809999942779541,4.949999809265137,4.686568737030029,29100
2020-09-03,4.949999809265137,5.300000190734863,4.800000190734863,4.860000133514404,4.601358413696289,46100
2020-09-04,5.0,5.210000038146973,4.619999885559082,4.880000114440918,4.620294094085693,30700
2020-09-08,4.789999961853027,4.900000095367432,4.650000095367432,4.800000190734863,4.544551372528076,5800
2020-09-09,4.849999904632568,4.940000057220459,4.800000190734863,4.940000057220459,4.677100658416748,21700
2020-09-10,4.929999828338623,5.019999980926514,4.78000020980835,4.889999866485596,4.629761695861816,25100
2020-09-11,4.809999942779541,4.989999771118164,4.789999961853027,4.949999809265137,4.686568737030029,14300
2020-09-14,4.949999809265137,5.03000020980835,4.860000133514404,5.03000020980835,4.7623114585876465,31900
2020-09-15,4.989999771118164,5.5,4.960000038146973,5.369999885559082,5.084216594696045,77800
2020-09-16,5.400000095367432,5.449999809265137,5.21999979019165,5.260000228881836,4.980071067810059,26500
2020-09-17,5.25,5.440000057220459,5.21999979019165,5.349999904632568,5.065281391143799,7100
2020-09-18,5.420000076293945,5.420000076293945,5.150000095367432,5.150000095367432,4.875925064086914,11800
2020-09-21,5.130000114440918,5.300000190734863,4.699999809265137,4.800000190734863,4.544551372528076,39500
2020-09-22,5.0,5.0,4.840000152587891,4.940000057220459,4.677100658416748,3900
2020-09-23,4.860000133514404,4.940000057220459,4.639999866485596,4.699999809265137,4.449872970581055,16900
2020-09-24,4.630000114440918,4.840000152587891,4.630000114440918,4.699999809265137,4.449872970581055,7400
2020-09-25,4.679999828338623,4.769999980926514,4.679999828338623,4.699999809265137,4.449872970581055,5900
2020-09-28,4.699999809265137,4.800000190734863,4.650000095367432,4.78000020980835,4.52561616897583,2900
2020-09-29,4.820000171661377,4.820000171661377,4.699999809265137,4.710000038146973,4.459341049194336,3400
2020-09-30,4.710000038146973,4.829999923706055,4.710000038146973,4.75,4.4972124099731445,7600
2020-10-01,4.739999771118164,4.809999942779541,4.699999809265137,4.699999809265137,4.449872970581055,1500
2020-10-02,4.690000057220459,4.800000190734863,4.670000076293945,4.679999828338623,4.430937767028809,10000
2020-10-05,4.699999809265137,4.78000020980835,4.670000076293945,4.739999771118164,4.487744331359863,4200
2020-10-06,4.75,5.190000057220459,4.75,5.099999904632568,4.828585624694824,52200
2020-10-07,5.059999942779541,5.090000152587891,4.949999809265137,4.949999809265137,4.686568737030029,5700
2020-10-08,4.949999809265137,5.050000190734863,4.940000057220459,4.940000057220459,4.677100658416748,6900
2020-10-09,4.920000076293945,4.949999809265137,4.880000114440918,4.909999847412109,4.648697376251221,2400
2020-10-12,4.949999809265137,5.150000095367432,4.900000095367432,4.96999979019165,4.705503940582275,26000
2020-10-13,4.900000095367432,4.940000057220459,4.800000190734863,4.800000190734863,4.544551372528076,5300
2020-10-14,4.739999771118164,4.849999904632568,4.71999979019165,4.71999979019165,4.468808650970459,8200
2020-10-15,4.630000114440918,4.730000019073486,4.630000114440918,4.699999809265137,4.449872970581055,14500
2020-10-16,4.75,6.929999828338623,4.699999809265137,5.309999942779541,5.02741003036499,1028100
2020-10-19,5.059999942779541,5.320000171661377,4.909999847412109,5.0,4.733907699584961,77300
2020-10-20,5.099999904632568,5.239999771118164,5.079999923706055,5.239999771118164,4.961135387420654,10800
2020-10-21,5.309999942779541,5.309999942779541,5.159999847412109,5.210000038146973,4.932732105255127,7000
2020-10-22,5.159999847412109,5.25,5.159999847412109,5.159999847412109,4.885392665863037,7900
2020-10-23,5.130000114440918,5.130000114440918,4.960000038146973,5.010000228881836,4.7433762550354,12500
2020-10-26,5.010000228881836,5.079999923706055,4.949999809265137,4.960000038146973,4.696036338806152,6300
2020-10-27,4.980000019073486,5.079999923706055,4.96999979019165,5.0,4.733907699584961,11700
2020-10-28,4.949999809265137,4.949999809265137,4.699999809265137,4.75,4.4972124099731445,19200
2020-10-29,4.929999828338623,4.929999828338623,4.730000019073486,4.760000228881836,4.506680488586426,800
2020-10-30,4.78000020980835,5.03000020980835,4.730000019073486,4.960000038146973,4.696036338806152,1500
2020-11-02,4.78000020980835,4.889999866485596,4.730000019073486,4.829999923706055,4.5729546546936035,11300
2020-11-03,4.769999980926514,4.940000057220459,4.769999980926514,4.929999828338623,4.667633056640625,6600
2020-11-04,4.849999904632568,4.989999771118164,4.559999942779541,4.599999904632568,4.355195045471191,56100
2020-11-05,4.639999866485596,4.699999809265137,4.559999942779541,4.670000076293945,4.421469688415527,25800
2020-11-06,4.559999942779541,4.610000133514404,4.349999904632568,4.409999847412109,4.17530632019043,41600
2020-11-09,4.630000114440918,4.679999828338623,4.440000057220459,4.5,4.260517120361328,7300
2020-11-10,4.449999809265137,4.690000057220459,4.449999809265137,4.460000038146973,4.2226457595825195,6700
2020-11-11,4.610000133514404,4.619999885559082,4.480000019073486,4.480000019073486,4.241581439971924,3100
2020-11-12,4.449999809265137,4.539999961853027,4.329999923706055,4.400000095367432,4.165838718414307,23500
2020-11-13,4.440000057220459,4.440000057220459,4.400000095367432,4.429999828338623,4.194242000579834,6500
2020-11-16,4.449999809265137,4.570000171661377,4.409999847412109,4.460000038146973,4.2226457595825195,11800
2020-11-17,4.389999866485596,4.900000095367432,4.389999866485596,4.659999847412109,4.412002086639404,121000
2020-11-18,4.730000019073486,5.190000057220459,4.5,4.71999979019165,4.468808650970459,240100
2020-11-19,4.739999771118164,4.739999771118164,4.53000020980835,4.579999923706055,4.336259841918945,16800
2020-11-20,4.53000020980835,4.650000095367432,4.519999980926514,4.590000152587891,4.345727443695068,11000
2020-11-23,4.570000171661377,4.920000076293945,4.559999942779541,4.650000095367432,4.402534484863281,79500
2020-11-24,4.789999961853027,4.789999961853027,4.550000190734863,4.550000190734863,4.307856559753418,14600
2020-11-25,4.769999980926514,4.880000114440918,4.619999885559082,4.800000190734863,4.544551372528076,45200
2020-11-27,4.840000152587891,4.840000152587891,4.730000019073486,4.769999980926514,4.516148090362549,10900
2020-11-30,4.78000020980835,4.860000133514404,4.71999979019165,4.789999961853027,4.535083770751953,21600
2020-12-01,4.75,4.869999885559082,4.730000019073486,4.789999961853027,4.535083770751953,13600
2020-12-02,4.699999809265137,4.96999979019165,4.550000190734863,4.849999904632568,4.591890811920166,20700
2020-12-03,4.849999904632568,4.849999904632568,4.650000095367432,4.670000076293945,4.421469688415527,12900
2020-12-04,4.679999828338623,4.840000152587891,4.679999828338623,4.809999942779541,4.554019451141357,9700
2020-12-07,4.809999942779541,4.989999771118164,4.710000038146973,4.889999866485596,4.629761695861816,49100
2020-12-08,4.909999847412109,4.960000038146973,4.849999904632568,4.869999885559082,4.610826015472412,39200
2020-12-09,4.800000190734863,4.900000095367432,4.53000020980835,4.71999979019165,4.468808650970459,38600
2020-12-10,4.730000019073486,4.829999923706055,4.679999828338623,4.710000038146973,4.459341049194336,9000
2020-12-11,4.650000095367432,4.769999980926514,4.590000152587891,4.679999828338623,4.430937767028809,14400
2020-12-14,4.760000228881836,4.889999866485596,4.679999828338623,4.769999980926514,4.516148090362549,8200
2020-12-15,4.860000133514404,4.860000133514404,4.670000076293945,4.75,4.4972124099731445,10200
2020-12-16,4.679999828338623,4.730000019073486,4.559999942779541,4.710000038146973,4.459341049194336,13400
2020-12-17,4.699999809265137,4.699999809265137,4.619999885559082,4.639999866485596,4.393065929412842,6400
2020-12-18,4.699999809265137,4.789999961853027,4.619999885559082,4.730000019073486,4.47827672958374,33000
2020-12-21,4.710000038146973,4.75,4.679999828338623,4.71999979019165,4.468808650970459,15100
2020-12-22,4.699999809265137,4.889999866485596,4.690000057220459,4.769999980926514,4.516148090362549,15800
2020-12-23,4.789999961853027,4.869999885559082,4.690000057220459,4.809999942779541,4.554019451141357,15800
2020-12-24,4.800000190734863,4.800000190734863,4.659999847412109,4.699999809265137,4.449872970581055,9600
2020-12-28,4.710000038146973,5.440000057220459,4.699999809265137,4.920000076293945,4.658165454864502,318100
2020-12-29,5.090000152587891,5.090000152587891,4.71999979019165,4.789999961853027,4.535083770751953,39600
2020-12-30,4.739999771118164,5.059999942779541,4.739999771118164,4.929999828338623,4.667633056640625,27800
2020-12-31,4.900000095367432,5.179999828338623,4.849999904632568,5.03000020980835,4.7623114585876465,20700
2021-01-04,5.059999942779541,5.150000095367432,4.820000171661377,5.03000020980835,4.7623114585876465,9500
2021-01-05,5.03000020980835,5.090000152587891,4.880000114440918,4.929999828338623,4.667633056640625,7300
2021-01-06,4.880000114440918,5.099999904632568,4.829999923706055,5.03000020980835,4.7623114585876465,18400
2021-01-07,5.079999923706055,5.239999771118164,5.03000020980835,5.03000020980835,4.7623114585876465,27400
2021-01-08,5.130000114440918,5.139999866485596,5.019999980926514,5.059999942779541,4.790714740753174,15600
2021-01-11,5.199999809265137,5.269999980926514,5.150000095367432,5.239999771118164,4.961135387420654,13900
2021-01-12,5.309999942779541,5.380000114440918,5.199999809265137,5.269999980926514,4.989538669586182,12400
2021-01-13,5.349999904632568,5.420000076293945,5.289999961853027,5.369999885559082,5.084216594696045,22200
2021-01-14,5.449999809265137,5.739999771118164,5.420000076293945,5.630000114440918,5.330379962921143,54900
2021-01-15,5.650000095367432,5.699999809265137,5.539999961853027,5.599999904632568,5.301976680755615,18500
2021-01-19,5.690000057220459,5.900000095367432,5.619999885559082,5.769999980926514,5.462929725646973,16800
2021-01-20,5.739999771118164,5.739999771118164,5.650000095367432,5.730000019073486,5.425058364868164,9500
2021-01-21,5.679999828338623,5.71999979019165,5.400000095367432,5.420000076293945,5.131556034088135,25100
2021-01-22,5.710000038146973,5.710000038146973,5.429999828338623,5.539999961853027,5.2451701164245605,4500
2021-01-25,5.579999923706055,5.599999904632568,5.400000095367432,5.400000095367432,5.1126203536987305,16100
2021-01-26,5.489999771118164,5.570000171661377,5.420000076293945,5.46999979019165,5.178894519805908,4900
2021-01-27,5.409999847412109,5.590000152587891,5.28000020980835,5.289999961853027,5.008474349975586,33800
2021-01-28,5.320000171661377,5.590000152587891,5.320000171661377,5.429999828338623,5.141023635864258,15700
2021-01-29,5.5,5.5,5.320000171661377,5.369999885559082,5.084216594696045,15200
2021-02-01,5.320000171661377,5.889999866485596,5.320000171661377,5.75,5.443994045257568,33400
2021-02-02,5.789999961853027,6.340000152587891,5.539999961853027,5.960000038146973,5.642817974090576,80500
2021-02-03,6.0,6.0,5.699999809265137,5.710000038146973,5.40612268447876,33600
2021-02-04,5.840000152587891,6.090000152587891,5.71999979019165,5.869999885559082,5.557607650756836,26200
2021-02-05,5.989999771118164,6.190000057220459,5.880000114440918,5.949999809265137,5.633349895477295,44800
2021-02-08,6.0,6.190000057220459,5.829999923706055,5.929999828338623,5.614414215087891,23300
2021-02-09,6.010000228881836,6.900000095367432,5.840000152587891,6.53000020980835,6.182484149932861,238400
2021-02-10,6.599999904632568,6.639999866485596,6.059999942779541,6.130000114440918,5.803771018981934,55000
2021-02-11,6.099999904632568,6.489999771118164,6.010000228881836,6.21999979019165,5.888980865478516,69800
2021-02-12,6.309999942779541,6.699999809265137,6.150000095367432,6.699999809265137,6.343436241149902,82500
2021-02-16,6.840000152587891,7.130000114440918,6.699999809265137,7.110000133514404,6.731616973876953,106600
2021-02-17,7.460000038146973,8.119999885559082,7.210000038146973,8.100000381469727,7.668931007385254,152100
2021-02-18,7.010000228881836,7.380000114440918,5.71999979019165,6.230000019073486,5.898448944091797,521200
2021-02-19,6.150000095367432,6.400000095367432,5.929999828338623,6.170000076293945,5.841642379760742,73400
2021-02-22,6.010000228881836,6.150000095367432,5.630000114440918,5.630000114440918,5.330379962921143,63100
2021-02-23,5.5,5.5,5.0,5.360000133514404,5.074748992919922,56900
2021-02-24,5.360000133514404,5.829999923706055,5.210000038146973,5.75,5.443994045257568,26200
2021-02-25,5.690000057220459,6.199999809265137,5.349999904632568,5.900000095367432,5.586010932922363,179600
2021-02-26,5.869999885559082,6.46999979019165,5.619999885559082,5.800000190734863,5.4913330078125,135000
2021-03-01,5.940000057220459,6.119999885559082,5.46999979019165,5.739999771118164,5.434525966644287,28800
2021-03-02,5.739999771118164,5.880000114440918,5.409999847412109,5.420000076293945,5.131556034088135,24000
2021-03-03,5.449999809265137,5.590000152587891,5.449999809265137,5.5,5.207298278808594,12300
2021-03-04,5.429999828338623,5.429999828338623,5.03000020980835,5.119999885559082,4.8475213050842285,33900
2021-03-05,5.260000228881836,5.289999961853027,5.019999980926514,5.28000020980835,4.999006748199463,36000
2021-03-08,5.440000057220459,5.579999923706055,5.130000114440918,5.369999885559082,5.084216594696045,43300
2021-03-09,5.369999885559082,5.659999847412109,5.269999980926514,5.489999771118164,5.197830677032471,17000
2021-03-10,5.579999923706055,5.71999979019165,5.46999979019165,5.639999866485596,5.339848041534424,5900
2021-03-11,5.710000038146973,5.730000019073486,5.449999809265137,5.599999904632568,5.301976680755615,9400
2021-03-12,5.539999961853027,5.559999942779541,5.409999847412109,5.409999847412109,5.122088432312012,9000
2021-03-15,5.559999942779541,5.690000057220459,5.5,5.5,5.207298278808594,7200
2021-03-16,5.590000152587891,5.699999809265137,5.340000152587891,5.440000057220459,5.150491714477539,8500
2021-03-17,5.539999961853027,5.590000152587891,5.309999942779541,5.590000152587891,5.292509078979492,7900
2021-03-18,5.590000152587891,5.690000057220459,5.510000228881836,5.53000020980835,5.235702037811279,7000
2021-03-19,5.630000114440918,5.75,5.599999904632568,5.599999904632568,5.301976680755615,10000
2021-03-22,5.690000057220459,5.789999961853027,5.519999980926514,5.71999979019165,5.415590286254883,19600
2021-03-23,5.800000190734863,5.829999923706055,5.409999847412109,5.519999980926514,5.226233959197998,167000
2021-03-24,5.949999809265137,6.039999961853027,5.699999809265137,5.889999866485596,5.57654333114624,93400
2021-03-25,5.909999847412109,6.28000020980835,5.900000095367432,5.920000076293945,5.604947090148926,92200
2021-03-26,5.920000076293945,6.03000020980835,5.710000038146973,5.949999809265137,5.633349895477295,23200
2021-03-29,5.980000019073486,6.28000020980835,5.829999923706055,6.130000114440918,5.803771018981934,43200
2021-03-30,6.139999866485596,6.579999923706055,5.869999885559082,6.380000114440918,6.04046630859375,43900
2021-03-31,6.28000020980835,6.389999866485596,6.099999904632568,6.210000038146973,5.879513740539551,13400
2021-04-01,6.21999979019165,6.21999979019165,5.96999979019165,6.170000076293945,5.841642379760742,13700
2021-04-05,6.099999904632568,6.25,6.039999961853027,6.119999885559082,5.794302940368652,19500
2021-04-06,6.119999885559082,6.260000228881836,6.050000190734863,6.159999847412109,5.832174301147461,8400
2021-04-07,6.119999885559082,6.25,6.050000190734863,6.150000095367432,5.822706699371338,7200
2021-04-08,6.150000095367432,6.199999809265137,6.070000171661377,6.150000095367432,5.822706699371338,6900
2021-04-09,6.130000114440918,6.329999923706055,6.099999904632568,6.25,5.917384624481201,12100
2021-04-12,6.349999904632568,6.460000038146973,6.150000095367432,6.25,5.917384624481201,15300
2021-04-13,6.179999828338623,6.179999828338623,5.75,5.940000057220459,5.62388277053833,19000
2021-04-14,6.079999923706055,6.260000228881836,5.820000171661377,5.989999771118164,5.6712212562561035,7800
2021-04-15,5.960000038146973,6.0,5.650000095367432,5.730000019073486,5.425058364868164,16100
2021-04-16,5.699999809265137,5.699999809265137,5.429999828338623,5.690000057220459,5.3871870040893555,30700
2021-04-19,5.579999923706055,5.659999847412109,5.53000020980835,5.599999904632568,5.301976680755615,5900
2021-04-20,5.5,5.599999904632568,5.5,5.5,5.207298278808594,4400
2021-04-21,5.550000190734863,5.670000076293945,5.5,5.619999885559082,5.3209123611450195,5500
2021-04-22,5.840000152587891,5.840000152587891,5.429999828338623,5.789999961853027,5.481864929199219,15100
2021-04-23,5.789999961853027,5.789999961853027,5.550000190734863,5.570000171661377,5.273573398590088,6700
2021-04-26,5.559999942779541,5.949999809265137,5.5,5.769999980926514,5.462929725646973,2900
2021-04-27,5.840000152587891,5.889999866485596,5.679999828338623,5.760000228881836,5.45346212387085,3400
2021-04-28,5.800000190734863,5.800000190734863,5.670000076293945,5.670000076293945,5.368251800537109,12400
2021-04-29,5.800000190734863,5.800000190734863,5.739999771118164,5.800000190734863,5.4913330078125,3400
2021-04-30,5.800000190734863,5.800000190734863,5.699999809265137,5.789999961853027,5.481864929199219,2000
2021-05-03,5.690000057220459,5.78000020980835,5.650000095367432,5.78000020980835,5.472397804260254,5900
2021-05-04,5.699999809265137,5.869999885559082,5.699999809265137,5.769999980926514,5.462929725646973,9000
2021-05-05,5.699999809265137,6.449999809265137,5.670000076293945,6.0,5.680689811706543,132200
2021-05-06,6.03000020980835,7.920000076293945,5.869999885559082,6.929999828338623,6.561196327209473,1635700
2021-05-07,6.860000133514404,7.28000020980835,6.670000076293945,7.25,6.864166259765625,85400
2021-05-10,7.159999847412109,8.800000190734863,6.28000020980835,6.550000190734863,6.201419353485107,1140800
2021-05-11,6.0,6.429999828338623,5.929999828338623,6.199999809265137,5.8700456619262695,101200
2021-05-12,6.070000171661377,6.150000095367432,5.800000190734863,5.860000133514404,5.548140048980713,58600
2021-05-13,5.860000133514404,6.070000171661377,5.110000133514404,5.110000133514404,4.838054180145264,203300
2021-05-14,5.199999809265137,6.269999980926514,5.199999809265137,5.360000133514404,5.074748992919922,369500
2021-05-17,5.309999942779541,5.579999923706055,5.119999885559082,5.28000020980835,4.999006748199463,81600
2021-05-18,5.28000020980835,5.480000019073486,5.179999828338623,5.21999979019165,4.94219970703125,90200
2021-05-19,5.21999979019165,5.639999866485596,5.150000095367432,5.389999866485596,5.103152275085449,250700
2021-05-20,5.420000076293945,5.71999979019165,5.130000114440918,5.489999771118164,5.197830677032471,422500
2021-05-21,5.53000020980835,5.699999809265137,5.489999771118164,5.639999866485596,5.339848041534424,46500
2021-05-24,5.630000114440918,5.659999847412109,5.5,5.659999847412109,5.35878324508667,42300
2021-05-25,5.5,6.050000190734863,5.5,5.739999771118164,5.434525966644287,300000
2021-05-26,5.579999923706055,5.849999904632568,5.579999923706055,5.730000019073486,5.425058364868164,32400
2021-05-27,5.71999979019165,5.929999828338623,5.710000038146973,5.710000038146973,5.40612268447876,36500
2021-05-28,5.730000019073486,6.170000076293945,5.659999847412109,5.989999771118164,5.6712212562561035,298700
2021-06-01,6.0,6.090000152587891,5.920000076293945,6.019999980926514,5.699625015258789,56600
2021-06-02,6.099999904632568,6.099999904632568,5.929999828338623,6.050000190734863,5.728028774261475,34500
2021-06-03,5.949999809265137,6.550000190734863,5.860000133514404,6.110000133514404,5.784835338592529,230900
2021-06-04,6.190000057220459,6.440000057220459,6.070000171661377,6.269999980926514,5.9363203048706055,89700
2021-06-07,6.210000038146973,6.329999923706055,6.090000152587891,6.269999980926514,5.9363203048706055,32600
2021-06-08,6.25,6.360000133514404,6.139999866485596,6.230000019073486,5.898448944091797,51100
2021-06-09,6.260000228881836,6.260000228881836,6.03000020980835,6.03000020980835,5.709092617034912,36500
2021-06-10,6.139999866485596,6.380000114440918,5.940000057220459,6.199999809265137,5.8700456619262695,23200
2021-06-11,6.050000190734863,6.150000095367432,6.050000190734863,6.110000133514404,5.784835338592529,7400
2021-06-14,6.150000095367432,6.190000057220459,6.099999904632568,6.150000095367432,5.822706699371338,5400
2021-06-15,6.099999904632568,6.21999979019165,5.960000038146973,6.010000228881836,5.690157413482666,66800
2021-06-16,5.940000057220459,6.090000152587891,5.940000057220459,6.010000228881836,5.690157413482666,14300
2021-06-17,5.96999979019165,6.090000152587891,5.96999979019165,5.989999771118164,5.6712212562561035,3800
2021-06-18,5.949999809265137,6.010000228881836,5.949999809265137,5.96999979019165,5.652286052703857,9200
2021-06-21,5.960000038146973,6.019999980926514,5.900000095367432,5.900000095367432,5.586010932922363,19800
2021-06-22,5.900000095367432,5.900000095367432,5.769999980926514,5.849999904632568,5.538671970367432,20200
2021-06-23,5.849999904632568,6.050000190734863,5.820000171661377,5.820000171661377,5.510268688201904,13500
2021-06-24,5.960000038146973,5.989999771118164,5.849999904632568,5.929999828338623,5.614414215087891,4200
2021-06-25,5.920000076293945,5.96999979019165,5.920000076293945,5.929999828338623,5.614414215087891,2100
2021-06-28,5.920000076293945,5.920000076293945,5.809999942779541,5.889999866485596,5.57654333114624,12100
2021-06-29,5.880000114440918,6.119999885559082,5.769999980926514,5.909999847412109,5.5954790115356445,72300
2021-06-30,5.940000057220459,6.119999885559082,5.929999828338623,6.119999885559082,5.794302940368652,24700
2021-07-01,6.050000190734863,6.099999904632568,5.960000038146973,5.960000038146973,5.642817974090576,12400
2021-07-02,6.079999923706055,6.789999961853027,5.980000019073486,6.519999980926514,6.173015594482422,555200
2021-07-06,6.599999904632568,7.300000190734863,6.559999942779541,6.929999828338623,6.561196327209473,432300
2021-07-07,6.980000019073486,7.190000057220459,6.559999942779541,6.75,6.390775203704834,60500
2021-07-08,6.5,7.179999828338623,6.400000095367432,6.960000038146973,6.589600086212158,187500
2021-07-09,6.920000076293945,6.920000076293945,6.619999885559082,6.71999979019165,6.362371921539307,15600
2021-07-12,6.71999979019165,7.179999828338623,6.699999809265137,7.039999961853027,6.665342330932617,125000
2021-07-13,7.050000190734863,7.300000190734863,6.809999942779541,7.070000171661377,6.6937456130981445,154000
2021-07-14,7.099999904632568,7.349999904632568,6.980000019073486,7.190000057220459,6.807359218597412,107500
2021-07-15,7.170000076293945,7.190000057220459,6.699999809265137,6.760000228881836,6.400243282318115,60500
2021-07-16,6.699999809265137,6.699999809265137,6.449999809265137,6.449999809265137,6.106740951538086,20400
2021-07-19,6.329999923706055,6.400000095367432,6.199999809265137,6.25,5.917384624481201,74000
2021-07-20,6.320000171661377,6.590000152587891,6.300000190734863,6.440000057220459,6.097273349761963,30800
2021-07-21,6.46999979019165,6.690000057220459,6.409999847412109,6.639999866485596,6.286629676818848,13300
2021-07-22,6.510000228881836,7.170000076293945,6.409999847412109,6.960000038146973,6.589600086212158,174800
2021-07-23,7.010000228881836,7.010000228881836,6.659999847412109,6.659999847412109,6.305564880371094,36200
2021-07-26,6.739999771118164,6.789999961853027,6.519999980926514,6.710000038146973,6.352904319763184,16300
2021-07-27,6.539999961853027,6.679999828338623,6.329999923706055,6.5,6.154080390930176,35500
2021-07-28,6.539999961853027,6.650000095367432,6.429999828338623,6.550000190734863,6.201419353485107,87100
2021-07-29,6.559999942779541,6.840000152587891,6.559999942779541,6.630000114440918,6.277162075042725,54300
2021-07-30,6.599999904632568,6.710000038146973,6.510000228881836,6.659999847412109,6.305564880371094,13500
2021-08-02,6.639999866485596,7.0,6.639999866485596,6.860000133514404,6.494921684265137,61300
2021-08-03,6.849999904632568,6.860000133514404,6.730000019073486,6.800000190734863,6.438115119934082,10600
2021-08-04,6.800000190734863,7.179999828338623,6.690000057220459,7.039999961853027,6.665342330932617,44300
2021-08-05,7.070000171661377,7.170000076293945,6.809999942779541,6.889999866485596,6.523324489593506,71900
2021-08-06,6.909999847412109,6.920000076293945,6.630000114440918,6.699999809265137,6.343436241149902,14200
2021-08-09,6.869999885559082,6.96999979019165,6.809999942779541,6.909999847412109,6.54226016998291,15500
2021-08-10,6.909999847412109,7.050000190734863,6.690000057220459,6.699999809265137,6.343436241149902,26400
2021-08-11,6.699999809265137,6.769999980926514,6.480000019073486,6.53000020980835,6.182484149932861,25700
2021-08-12,6.46999979019165,6.650000095367432,6.46999979019165,6.650000095367432,6.296097278594971,5500
2021-08-13,6.550000190734863,6.650000095367432,6.429999828338623,6.570000171661377,6.220355033874512,10100
2021-08-16,6.5,6.5,6.150000095367432,6.269999980926514,5.9363203048706055,24100
2021-08-17,6.170000076293945,6.269999980926514,5.699999809265137,5.880000114440918,5.567075729370117,28400
2021-08-18,6.46999979019165,6.5,5.949999809265137,6.150000095367432,5.822706699371338,190600
2021-08-19,6.21999979019165,6.340000152587891,5.940000057220459,5.940000057220459,5.62388277053833,34900
2021-08-20,5.940000057220459,6.25,5.929999828338623,6.190000057220459,5.860577583312988,26700
2021-08-23,6.139999866485596,6.269999980926514,6.059999942779541,6.130000114440918,5.803771018981934,7500
2021-08-24,6.170000076293945,6.440000057220459,6.159999847412109,6.309999942779541,5.974191665649414,26000
2021-08-25,6.230000019073486,6.429999828338623,6.230000019073486,6.429999828338623,6.087805271148682,1100
2021-08-26,6.340000152587891,6.340000152587891,6.210000038146973,6.260000228881836,5.926852703094482,5000
2021-08-27,6.25,6.789999961853027,6.059999942779541,6.380000114440918,6.04046630859375,192200
2021-08-30,6.46999979019165,6.929999828338623,6.400000095367432,6.679999828338623,6.324500560760498,160500
2021-08-31,6.599999904632568,7.159999847412109,6.579999923706055,6.900000095367432,6.532793045043945,173600
2021-09-01,6.880000114440918,7.050000190734863,6.800000190734863,6.800000190734863,6.438115119934082,31200
2021-09-02,6.789999961853027,6.989999771118164,6.75,6.809999942779541,6.447582244873047,12300
2021-09-03,6.829999923706055,6.840000152587891,6.599999904632568,6.619999885559082,6.267693519592285,11900
2021-09-07,6.690000057220459,6.789999961853027,6.449999809265137,6.46999979019165,6.12567663192749,31800
2021-09-08,6.400000095367432,6.650000095367432,6.179999828338623,6.329999923706055,5.99312686920166,11800
2021-09-09,6.349999904632568,6.480000019073486,6.079999923706055,6.300000190734863,5.964724063873291,23900
2021-09-10,6.340000152587891,6.409999847412109,6.179999828338623,6.210000038146973,5.879513740539551,6800
2021-09-13,6.199999809265137,6.300000190734863,6.150000095367432,6.239999771118164,5.907917022705078,11600
2021-09-14,6.300000190734863,6.300000190734863,6.170000076293945,6.25,5.917384624481201,6500
2021-09-15,6.369999885559082,6.369999885559082,6.079999923706055,6.150000095367432,5.822706699371338,14000
2021-09-16,6.130000114440918,6.309999942779541,6.03000020980835,6.079999923706055,5.756432056427002,5900
2021-09-17,6.070000171661377,6.190000057220459,6.0,6.039999961853027,5.718560695648193,15700
2021-09-20,5.849999904632568,5.929999828338623,5.599999904632568,5.619999885559082,5.3209123611450195,32800
2021-09-21,5.619999885559082,5.840000152587891,5.599999904632568,5.699999809265137,5.3966546058654785,13100
2021-09-22,5.869999885559082,5.869999885559082,5.710000038146973,5.800000190734863,5.4913330078125,6100
2021-09-23,5.889999866485596,6.059999942779541,5.71999979019165,6.039999961853027,5.718560695648193,27200
2021-09-24,6.010000228881836,6.199999809265137,5.849999904632568,5.909999847412109,5.5954790115356445,29100
2021-09-27,5.860000133514404,6.019999980926514,5.849999904632568,5.849999904632568,5.538671970367432,11500
2021-09-28,5.800000190734863,6.039999961853027,5.800000190734863,5.909999847412109,5.5954790115356445,26200
2021-09-29,5.909999847412109,5.909999847412109,5.800000190734863,5.889999866485596,5.57654333114624,18200
2021-09-30,5.929999828338623,5.960000038146973,5.730000019073486,5.78000020980835,5.472397804260254,15200
2021-10-01,5.78000020980835,5.940000057220459,5.78000020980835,5.849999904632568,5.538671970367432,5700
2021-10-04,5.849999904632568,5.849999904632568,5.760000228881836,5.800000190734863,5.4913330078125,5900
2021-10-05,5.78000020980835,5.78000020980835,5.699999809265137,5.730000019073486,5.425058364868164,8600
2021-10-06,5.75,5.75,5.670000076293945,5.670000076293945,5.368251800537109,11500
2021-10-07,5.699999809265137,5.730000019073486,5.599999904632568,5.650000095367432,5.349316120147705,29700
2021-10-08,5.820000171661377,5.860000133514404,5.739999771118164,5.78000020980835,5.472397804260254,2700
2021-10-11,5.710000038146973,5.75,5.460000038146973,5.619999885559082,5.3209123611450195,10800
2021-10-12,5.570000171661377,5.619999885559082,5.5,5.5,5.207298278808594,10400
2021-10-13,5.519999980926514,5.730000019073486,5.519999980926514,5.650000095367432,5.349316120147705,16500
2021-10-14,5.670000076293945,5.71999979019165,5.599999904632568,5.690000057220459,5.3871870040893555,5100
2021-10-15,5.690000057220459,5.690000057220459,5.489999771118164,5.630000114440918,5.330379962921143,7700
2021-10-18,5.659999847412109,5.659999847412109,5.619999885559082,5.619999885559082,5.3209123611450195,1500
2021-10-19,5.639999866485596,5.760000228881836,5.599999904632568,5.630000114440918,5.330379962921143,50400
2021-10-20,5.710000038146973,5.710000038146973,5.599999904632568,5.599999904632568,5.301976680755615,4100
2021-10-21,5.610000133514404,5.739999771118164,5.570000171661377,5.690000057220459,5.3871870040893555,21300
2021-10-22,5.610000133514404,5.75,5.5,5.5,5.207298278808594,19900
2021-10-25,5.590000152587891,5.679999828338623,5.5,5.53000020980835,5.235702037811279,13300
2021-10-26,5.5,5.510000228881836,5.460000038146973,5.460000038146973,5.169427394866943,8400
2021-10-27,5.400000095367432,5.599999904632568,5.239999771118164,5.320000171661377,5.0368781089782715,13000
2021-10-28,5.360000133514404,5.630000114440918,5.360000133514404,5.400000095367432,5.1126203536987305,16200
2021-10-29,5.260000228881836,5.460000038146973,5.260000228881836,5.460000038146973,5.169427394866943,4600
2021-11-01,5.550000190734863,5.650000095367432,5.519999980926514,5.550000190734863,5.254637718200684,10500
2021-11-02,5.639999866485596,5.760000228881836,5.519999980926514,5.619999885559082,5.3209123611450195,18300
2021-11-03,5.570000171661377,5.739999771118164,5.570000171661377,5.619999885559082,5.3209123611450195,9500
2021-11-04,5.619999885559082,5.849999904632568,5.590000152587891,5.800000190734863,5.4913330078125,39900
2021-11-05,5.619999885559082,5.679999828338623,5.590000152587891,5.599999904632568,5.301976680755615,7600
2021-11-08,5.650000095367432,5.650000095367432,5.590000152587891,5.630000114440918,5.330379962921143,6400
2021-11-09,5.730000019073486,5.730000019073486,5.460000038146973,5.579999923706055,5.283041000366211,5800
2021-11-10,5.5,5.610000133514404,5.5,5.610000133514404,5.3114447593688965,2500
2021-11-11,5.519999980926514,5.519999980926514,5.519999980926514,5.519999980926514,5.226233959197998,1300
2021-11-12,5.449999809265137,5.5,5.449999809265137,5.5,5.207298278808594,4500
2021-11-15,5.449999809265137,5.659999847412109,5.449999809265137,5.599999904632568,5.301976680755615,15100
2021-11-16,5.610000133514404,5.699999809265137,5.559999942779541,5.599999904632568,5.301976680755615,8900
2021-11-17,5.440000057220459,5.440000057220459,4.619999885559082,4.869999885559082,4.610826015472412,74600
2021-11-18,4.900000095367432,4.940000057220459,4.710000038146973,4.840000152587891,4.582422733306885,13700
2021-11-19,4.860000133514404,4.860000133514404,4.710000038146973,4.760000228881836,4.506680488586426,3700
2021-11-22,4.840000152587891,4.860000133514404,4.71999979019165,4.730000019073486,4.47827672958374,5300
2021-11-23,4.820000171661377,4.820000171661377,4.46999979019165,4.559999942779541,4.317323684692383,12600
2021-11-24,4.519999980926514,4.550000190734863,4.519999980926514,4.550000190734863,4.307856559753418,1000
2021-11-26,4.400000095367432,4.5,4.400000095367432,4.5,4.260517120361328,1600
2021-11-29,4.5,4.579999923706055,4.400000095367432,4.440000057220459,4.203710079193115,9800
2021-11-30,4.409999847412109,4.489999771118164,4.380000114440918,4.480000019073486,4.241581439971924,3700
2021-12-01,4.480000019073486,4.539999961853027,4.480000019073486,4.480000019073486,4.241581439971924,7500
2021-12-02,4.409999847412109,4.480000019073486,4.409999847412109,4.440000057220459,4.203710079193115,700
2021-12-03,4.440000057220459,4.460000038146973,4.210000038146973,4.340000152587891,4.109032154083252,7300
2021-12-06,4.320000171661377,4.320000171661377,4.210000038146973,4.300000190734863,4.071160793304443,5200
2021-12-07,4.289999961853027,4.409999847412109,4.260000228881836,4.409999847412109,4.17530632019043,5800
2021-12-08,4.460000038146973,4.800000190734863,4.409999847412109,4.590000152587891,4.345727443695068,137700
2021-12-09,4.590000152587891,4.590000152587891,4.440000057220459,4.579999923706055,4.336259841918945,12300
2021-12-10,4.579999923706055,4.579999923706055,4.409999847412109,4.460000038146973,4.2226457595825195,3900
2021-12-13,4.360000133514404,4.46999979019165,4.349999904632568,4.360000133514404,4.127967834472656,7300
2021-12-14,4.349999904632568,4.349999904632568,4.25,4.329999923706055,4.099564075469971,5900
2021-12-15,4.380000114440918,4.380000114440918,4.199999809265137,4.239999771118164,4.014353275299072,4000
2021-12-16,4.210000038146973,4.460000038146973,4.199999809265137,4.199999809265137,3.976482391357422,8900
2021-12-17,4.199999809265137,4.199999809265137,4.0,4.139999866485596,3.919675350189209,19600
2021-12-20,4.139999866485596,4.139999866485596,3.940000057220459,3.940000057220459,3.7303192615509033,12700
2021-12-21,3.990000009536743,4.179999828338623,3.940000057220459,4.010000228881836,3.7965943813323975,11300
2021-12-22,4.079999923706055,4.079999923706055,3.819999933242798,3.9800000190734863,3.768190622329712,24700
2021-12-23,4.059999942779541,4.090000152587891,4.0,4.050000190734863,3.834465503692627,3500
2021-12-27,4.070000171661377,4.070000171661377,3.880000114440918,4.010000228881836,3.7965943813323975,13700
2021-12-28,4.010000228881836,4.010000228881836,3.859999895095825,3.930000066757202,3.7208516597747803,6100
2021-12-29,3.859999895095825,3.869999885559082,3.7100000381469727,3.7100000381469727,3.512559413909912,14800
2021-12-30,3.5199999809265137,3.8499999046325684,3.5199999809265137,3.759999990463257,3.559898614883423,52000
2021-12-31,3.6600000858306885,3.759999990463257,3.6600000858306885,3.7200000286102295,3.5220274925231934,12200
2022-01-03,4.0,4.150000095367432,3.9100000858306885,4.119999885559082,3.900739908218384,37000
2022-01-04,4.110000133514404,4.110000133514404,4.0,4.0,3.787126302719116,10300
2022-01-05,4.0,4.090000152587891,4.0,4.090000152587891,3.8723366260528564,13400
2022-01-06,4.090000152587891,4.150000095367432,4.0,4.099999904632568,3.8818042278289795,5800
2022-01-07,4.090000152587891,4.090000152587891,3.930000066757202,4.070000171661377,3.853400945663452,11700
2022-01-10,4.010000228881836,4.039999961853027,3.9600000381469727,3.990000009536743,3.777658224105835,8700
2022-01-11,4.0,4.099999904632568,4.0,4.090000152587891,3.8723366260528564,5300
2022-01-12,3.9700000286102295,4.050000190734863,3.9600000381469727,4.019999980926514,3.8060617446899414,3500
2022-01-13,4.050000190734863,4.050000190734863,3.9000000953674316,3.950000047683716,3.7397871017456055,7600
2022-01-14,3.9000000953674316,3.940000057220459,3.809999942779541,3.9100000858306885,3.701915979385376,5600
2022-01-18,3.8499999046325684,3.9200000762939453,3.8399999141693115,3.8399999141693115,3.635641098022461,4400
2022-01-19,3.799999952316284,3.8499999046325684,3.7699999809265137,3.819999933242798,3.6167054176330566,5400
2022-01-20,3.7699999809265137,3.9100000858306885,3.7699999809265137,3.9100000858306885,3.701915979385376,6700
2022-01-21,3.9000000953674316,3.9000000953674316,3.7699999809265137,3.809999942779541,3.6072378158569336,1900
2022-01-24,3.7699999809265137,3.7699999809265137,3.619999885559082,3.6700000762939453,3.4746882915496826,17500
2022-01-25,3.6500000953674316,3.759999990463257,3.5999999046325684,3.6600000858306885,3.4652204513549805,5900
2022-01-26,3.6600000858306885,3.690000057220459,3.6500000953674316,3.6600000858306885,3.4652204513549805,1700
2022-01-27,3.7300000190734863,3.7300000190734863,3.640000104904175,3.690000057220459,3.493623971939087,7900
2022-01-28,3.6600000858306885,3.7200000286102295,3.640000104904175,3.7200000286102295,3.5220274925231934,7000
2022-01-31,3.7300000190734863,3.859999895095825,3.7200000286102295,3.759999990463257,3.559898614883423,7200
2022-02-01,3.7699999809265137,4.0,3.7699999809265137,4.0,3.787126302719116,4300
2022-02-02,4.019999980926514,4.210000038146973,3.8299999237060547,3.8299999237060547,3.626173257827759,11400
2022-02-03,3.9600000381469727,3.9600000381469727,3.809999942779541,3.950000047683716,3.7397871017456055,1700
2022-02-04,3.890000104904175,3.890000104904175,3.890000104904175,3.890000104904175,3.6829802989959717,500
2022-02-07,4.03000020980835,4.119999885559082,3.869999885559082,4.039999961853027,3.8249974250793457,15700
2022-02-08,4.110000133514404,4.119999885559082,4.110000133514404,4.119999885559082,3.900739908218384,2400
2022-02-09,4.059999942779541,4.199999809265137,4.039999961853027,4.150000095367432,3.9291434288024902,3100
2022-02-10,3.930000066757202,4.130000114440918,3.930000066757202,4.130000114440918,3.910207986831665,2300
2022-02-11,4.119999885559082,4.139999866485596,4.119999885559082,4.139999866485596,3.919675350189209,500
2022-02-14,3.8499999046325684,4.079999923706055,3.8499999046325684,3.9200000762939453,3.711383819580078,4000
2022-02-15,3.9800000190734863,4.03000020980835,3.799999952316284,3.799999952316284,3.5977699756622314,13400
2022-02-16,3.8399999141693115,4.0,3.7200000286102295,3.75,3.5504307746887207,10800
2022-02-17,3.799999952316284,3.799999952316284,3.700000047683716,3.799999952316284,3.5977699756622314,6700
2022-02-18,3.7100000381469727,3.869999885559082,3.700000047683716,3.859999895095825,3.6545767784118652,4000
2022-02-22,3.75,3.75,3.700000047683716,3.7100000381469727,3.512559413909912,19100
2022-02-23,3.8399999141693115,3.8399999141693115,3.700000047683716,3.7200000286102295,3.5220274925231934,1600
2022-02-24,3.6600000858306885,3.7799999713897705,3.609999895095825,3.6600000858306885,3.4652204513549805,7500
2022-02-25,3.6600000858306885,3.6700000762939453,3.6600000858306885,3.6600000858306885,3.4652204513549805,1100
2022-02-28,3.6600000858306885,4.150000095367432,3.6600000858306885,4.0,3.787126302719116,33200
2022-03-01,3.8499999046325684,3.8499999046325684,3.809999942779541,3.8299999237060547,3.626173257827759,4800
2022-03-02,3.799999952316284,3.8499999046325684,3.799999952316284,3.799999952316284,3.5977699756622314,6000
2022-03-03,3.75,3.7699999809265137,3.5799999237060547,3.5799999237060547,3.3894779682159424,10300
2022-03-04,3.7699999809265137,3.7699999809265137,3.5999999046325684,3.690000057220459,3.493623971939087,4500
2022-03-07,3.6500000953674316,3.6500000953674316,3.5199999809265137,3.619999885559082,3.427349090576172,12500
2022-03-08,3.5199999809265137,3.630000114440918,3.5199999809265137,3.5399999618530273,3.351606607437134,3900
2022-03-09,3.799999952316284,3.8399999141693115,3.630000114440918,3.75,3.5504307746887207,27400
2022-03-10,3.7300000190734863,3.75,3.609999895095825,3.740000009536743,3.5409629344940186,15800
2022-03-11,3.700000047683716,3.869999885559082,3.630000114440918,3.740000009536743,3.5409629344940186,18200
2022-03-14,3.859999895095825,3.859999895095825,3.7100000381469727,3.759999990463257,3.559898614883423,9100
2022-03-15,3.799999952316284,3.809999942779541,3.6700000762939453,3.740000009536743,3.5409629344940186,10600
2022-03-16,3.690000057220459,3.8399999141693115,3.690000057220459,3.7699999809265137,3.569366455078125,9000
2022-03-17,3.7899999618530273,3.880000114440918,3.7300000190734863,3.799999952316284,3.5977699756622314,9000
2022-03-18,3.8299999237060547,3.8299999237060547,3.7899999618530273,3.7899999618530273,3.58830189704895,900
2022-03-21,3.880000114440918,3.9200000762939453,3.819999933242798,3.9100000858306885,3.701915979385376,6200
2022-03-22,3.9600000381469727,4.090000152587891,3.930000066757202,4.079999923706055,3.8628687858581543,24500
2022-03-23,4.329999923706055,4.690000057220459,4.139999866485596,4.210000038146973,3.985950231552124,116400
2022-03-24,4.460000038146973,4.460000038146973,4.260000228881836,4.349999904632568,4.118499755859375,10100
2022-03-25,4.309999942779541,4.309999942779541,4.119999885559082,4.170000076293945,3.9480791091918945,9600
2022-03-28,4.199999809265137,4.260000228881836,3.9200000762939453,4.159999847412109,3.9386112689971924,22500
2022-03-29,4.21999979019165,4.239999771118164,4.130000114440918,4.159999847412109,3.9386112689971924,2000
2022-03-30,4.150000095367432,4.150000095367432,3.950000047683716,4.099999904632568,3.8818042278289795,2800
2022-03-31,4.070000171661377,4.199999809265137,4.050000190734863,4.079999923706055,3.8628687858581543,7600
2022-04-01,4.090000152587891,4.139999866485596,4.050000190734863,4.110000133514404,3.8912723064422607,8700
2022-04-04,4.179999828338623,4.25,4.119999885559082,4.179999828338623,3.9575464725494385,36700
2022-04-05,4.190000057220459,4.25,4.190000057220459,4.21999979019165,3.995418071746826,3000
2022-04-06,4.170000076293945,4.25,4.130000114440918,4.150000095367432,3.9291434288024902,5800
2022-04-07,4.150000095367432,4.369999885559082,4.150000095367432,4.230000019073486,4.004886150360107,6000
2022-04-08,4.199999809265137,4.289999961853027,4.170000076293945,4.170000076293945,3.9480791091918945,3300
2022-04-11,4.179999828338623,4.25,4.159999847412109,4.159999847412109,3.9386112689971924,1500
2022-04-12,4.119999885559082,4.170000076293945,4.039999961853027,4.110000133514404,3.8912723064422607,7700
2022-04-13,4.139999866485596,4.21999979019165,4.079999923706055,4.119999885559082,3.900739908218384,12700
2022-04-14,4.150000095367432,4.190000057220459,4.130000114440918,4.130000114440918,3.910207986831665,1900
2022-04-18,4.190000057220459,4.190000057220459,4.170000076293945,4.170000076293945,3.9480791091918945,600
2022-04-19,4.159999847412109,4.159999847412109,4.119999885559082,4.119999885559082,3.900739908218384,1700
2022-04-20,4.110000133514404,4.110000133514404,4.050000190734863,4.050000190734863,3.834465503692627,1700
2022-04-21,4.079999923706055,4.079999923706055,4.079999923706055,4.079999923706055,3.8628687858581543,500
2022-04-22,4.150000095367432,4.150000095367432,4.079999923706055,4.079999923706055,3.8628687858581543,2300
2022-04-25,4.039999961853027,4.260000228881836,4.010000228881836,4.150000095367432,3.9291434288024902,3900
2022-04-26,4.300000190734863,4.300000190734863,4.269999980926514,4.269999980926514,4.042757034301758,800
2022-04-27,4.260000228881836,4.260000228881836,4.099999904632568,4.099999904632568,3.8818042278289795,2500
2022-04-28,4.239999771118164,4.28000020980835,4.139999866485596,4.139999866485596,3.919675350189209,1100
2022-04-29,4.139999866485596,4.139999866485596,4.139999866485596,4.139999866485596,3.919675350189209,0
2022-05-02,4.059999942779541,4.199999809265137,4.03000020980835,4.03000020980835,3.8155298233032227,2000
2022-05-03,4.28000020980835,4.28000020980835,4.019999980926514,4.019999980926514,3.8060617446899414,1200
2022-05-04,4.110000133514404,4.269999980926514,4.03000020980835,4.050000190734863,3.834465503692627,1100
2022-05-05,4.110000133514404,4.269999980926514,3.940000057220459,3.9700000286102295,3.7587227821350098,5100
2022-05-06,4.050000190734863,4.059999942779541,3.75,4.0,3.787126302719116,6000
2022-05-09,3.7699999809265137,3.9800000190734863,3.75,3.75,3.5504307746887207,9700
2022-05-10,3.809999942779541,3.809999942779541,3.809999942779541,3.809999942779541,3.6072378158569336,600
2022-05-11,3.9800000190734863,3.9800000190734863,3.7699999809265137,3.7699999809265137,3.569366455078125,2700
2022-05-12,3.619999885559082,3.819999933242798,3.619999885559082,3.7699999809265137,3.569366455078125,2600
2022-05-13,3.880000114440918,3.890000104904175,3.799999952316284,3.8299999237060547,3.626173257827759,2200
2022-05-16,3.8399999141693115,3.8499999046325684,3.75,3.75,3.5504307746887207,2100
2022-05-17,3.75,3.890000104904175,3.75,3.880000114440918,3.6735126972198486,3800
2022-05-18,4.199999809265137,4.340000152587891,4.050000190734863,4.119999885559082,3.900739908218384,117700
2022-05-19,4.130000114440918,4.179999828338623,4.059999942779541,4.059999942779541,3.84393310546875,9000
2022-05-20,4.239999771118164,4.239999771118164,4.059999942779541,4.190000057220459,3.967014789581299,5300
2022-05-23,4.199999809265137,4.199999809265137,4.119999885559082,4.190000057220459,3.967014789581299,20600
2022-05-24,4.199999809265137,4.199999809265137,4.090000152587891,4.150000095367432,3.9291434288024902,7100
2022-05-25,4.139999866485596,4.199999809265137,4.119999885559082,4.159999847412109,3.9386112689971924,20600
2022-05-26,4.099999904632568,4.25,4.099999904632568,4.159999847412109,3.9386112689971924,14000
2022-05-27,4.139999866485596,4.28000020980835,4.130000114440918,4.21999979019165,3.995418071746826,17200
2022-05-31,4.21999979019165,4.28000020980835,4.139999866485596,4.199999809265137,3.976482391357422,25700
2022-06-01,4.199999809265137,4.199999809265137,4.119999885559082,4.119999885559082,3.900739908218384,4900
2022-06-02,4.099999904632568,4.199999809265137,4.099999904632568,4.159999847412109,3.9386112689971924,1900
2022-06-03,4.150000095367432,4.170000076293945,4.090000152587891,4.110000133514404,3.8912723064422607,2400
2022-06-06,4.110000133514404,4.110000133514404,4.099999904632568,4.099999904632568,3.8818042278289795,2100
2022-06-07,4.059999942779541,4.070000171661377,4.059999942779541,4.070000171661377,3.853400945663452,700
2022-06-08,4.019999980926514,4.110000133514404,4.010000228881836,4.110000133514404,3.8912723064422607,10600
2022-06-09,4.050000190734863,4.099999904632568,3.9600000381469727,4.079999923706055,3.8628687858581543,3300
2022-06-10,4.050000190734863,4.210000038146973,3.990000009536743,4.210000038146973,3.985950231552124,3700
2022-06-13,4.150000095367432,4.150000095367432,3.9000000953674316,4.019999980926514,3.8060617446899414,5900
2022-06-14,4.0,4.0,4.0,4.0,3.787126302719116,1800
2022-06-15,4.0,4.050000190734863,3.890000104904175,3.9000000953674316,3.692448139190674,13900
2022-06-16,3.8499999046325684,3.8499999046325684,3.7899999618530273,3.7899999618530273,3.58830189704895,2200
2022-06-17,3.8299999237060547,3.8299999237060547,3.8299999237060547,3.8299999237060547,3.626173257827759,300
2022-06-21,3.890000104904175,3.890000104904175,3.890000104904175,3.890000104904175,3.6829802989959717,800
2022-06-22,3.759999990463257,3.9000000953674316,3.759999990463257,3.9000000953674316,3.692448139190674,2200
2022-06-23,3.7699999809265137,3.9000000953674316,3.75,3.9000000953674316,3.692448139190674,3300
2022-06-24,3.9200000762939453,3.9200000762939453,3.859999895095825,3.859999895095825,3.6545767784118652,700
2022-06-27,3.8399999141693115,3.8399999141693115,3.759999990463257,3.7699999809265137,3.569366455078125,3100
2022-06-28,3.890000104904175,3.9000000953674316,3.8299999237060547,3.8299999237060547,3.626173257827759,800
2022-06-29,3.8299999237060547,3.8299999237060547,3.8299999237060547,3.8299999237060547,3.626173257827759,0
2022-06-30,3.7699999809265137,3.7699999809265137,3.759999990463257,3.759999990463257,3.559898614883423,1600
2022-07-01,3.75,3.890000104904175,3.75,3.890000104904175,3.6829802989959717,300
2022-07-05,3.759999990463257,3.809999942779541,3.759999990463257,3.809999942779541,3.6072378158569336,600
2022-07-06,3.759999990463257,3.890000104904175,3.759999990463257,3.799999952316284,3.5977699756622314,4900
2022-07-07,3.7899999618530273,3.799999952316284,3.7699999809265137,3.7899999618530273,3.58830189704895,6100
2022-07-08,3.7899999618530273,3.9200000762939453,3.7799999713897705,3.9200000762939453,3.711383819580078,18900
2022-07-11,3.9100000858306885,3.9200000762939453,3.7799999713897705,3.890000104904175,3.6829802989959717,3800
2022-07-12,3.799999952316284,3.9100000858306885,3.799999952316284,3.9100000858306885,3.701915979385376,1800
2022-07-13,3.809999942779541,3.869999885559082,3.809999942779541,3.8499999046325684,3.645108938217163,800
2022-07-14,3.8499999046325684,3.869999885559082,3.809999942779541,3.859999895095825,3.6545767784118652,2500
2022-07-15,3.809999942779541,3.819999933242798,3.809999942779541,3.809999942779541,3.6072378158569336,400
2022-07-18,3.859999895095825,4.059999942779541,3.8399999141693115,4.0,3.787126302719116,19700
2022-07-19,4.0,4.190000057220459,4.0,4.070000171661377,3.853400945663452,16900
2022-07-20,4.050000190734863,4.150000095367432,4.050000190734863,4.110000133514404,3.8912723064422607,3000
2022-07-21,4.119999885559082,4.179999828338623,4.110000133514404,4.110000133514404,3.8912723064422607,11800
2022-07-22,4.139999866485596,4.139999866485596,4.070000171661377,4.070000171661377,3.853400945663452,4800
2022-07-25,4.179999828338623,4.179999828338623,4.139999866485596,4.150000095367432,3.9291434288024902,1500
2022-07-26,4.179999828338623,4.179999828338623,4.110000133514404,4.110000133514404,3.8912723064422607,2400
2022-07-27,4.179999828338623,4.409999847412109,4.179999828338623,4.210000038146973,3.985950231552124,40600
2022-07-28,4.289999961853027,4.289999961853027,4.150000095367432,4.150000095367432,3.9291434288024902,2900
2022-07-29,4.199999809265137,4.25,4.159999847412109,4.159999847412109,3.9386112689971924,3500
2022-08-01,4.260000228881836,4.309999942779541,4.199999809265137,4.300000190734863,4.071160793304443,3000
2022-08-02,4.340000152587891,4.349999904632568,4.269999980926514,4.329999923706055,4.099564075469971,900
2022-08-03,4.329999923706055,4.360000133514404,4.210000038146973,4.28000020980835,4.052225112915039,2700
2022-08-04,4.25,4.329999923706055,4.210000038146973,4.210000038146973,3.985950231552124,3000
2022-08-05,4.210000038146973,4.210000038146973,4.210000038146973,4.210000038146973,3.985950231552124,0
2022-08-08,4.150000095367432,4.25,4.150000095367432,4.25,4.023821830749512,1400
2022-08-09,4.25,4.260000228881836,4.079999923706055,4.179999828338623,3.9575464725494385,2700
2022-08-10,4.159999847412109,4.320000171661377,4.139999866485596,4.239999771118164,4.014353275299072,8200
2022-08-11,4.260000228881836,4.28000020980835,4.230000019073486,4.269999980926514,4.042757034301758,1900
2022-08-12,4.28000020980835,4.28000020980835,4.28000020980835,4.28000020980835,4.052225112915039,1500
2022-08-15,4.320000171661377,4.480000019073486,4.289999961853027,4.449999809265137,4.2131781578063965,16800
2022-08-16,4.5,4.639999866485596,4.460000038146973,4.5,4.260517120361328,34500
2022-08-17,4.5,4.539999961853027,4.159999847412109,4.230000019073486,4.004886150360107,33200
2022-08-18,4.21999979019165,4.400000095367432,4.21999979019165,4.349999904632568,4.118499755859375,2500
2022-08-19,4.449999809265137,4.449999809265137,4.289999961853027,4.320000171661377,4.090096473693848,2900
2022-08-22,4.320000171661377,4.320000171661377,4.320000171661377,4.320000171661377,4.090096473693848,700
2022-08-23,4.349999904632568,4.440000057220459,4.349999904632568,4.440000057220459,4.203710079193115,3800
2022-08-24,4.46999979019165,4.550000190734863,4.460000038146973,4.53000020980835,4.288920879364014,9800
2022-08-25,4.579999923706055,4.590000152587891,4.449999809265137,4.5,4.260517120361328,13900
2022-08-26,4.5,4.5,4.059999942779541,4.150000095367432,3.9291434288024902,26100
2022-08-29,4.039999961853027,4.099999904632568,3.930000066757202,4.070000171661377,3.853400945663452,9700
2022-08-30,3.990000009536743,4.010000228881836,3.930000066757202,4.0,3.787126302719116,5000
2022-08-31,4.010000228881836,4.010000228881836,3.940000057220459,3.9700000286102295,3.7587227821350098,3500
2022-09-01,3.9200000762939453,4.039999961853027,3.7799999713897705,3.869999885559082,3.6640443801879883,9300
2022-09-02,3.859999895095825,3.940000057220459,3.8499999046325684,3.8499999046325684,3.645108938217163,6400
2022-09-06,3.8499999046325684,3.9000000953674316,3.7100000381469727,3.869999885559082,3.6640443801879883,19900
2022-09-07,3.869999885559082,3.950000047683716,3.75,3.819999933242798,3.6167054176330566,8400
2022-09-08,3.7899999618530273,3.8499999046325684,3.7899999618530273,3.799999952316284,3.5977699756622314,6000
2022-09-09,3.809999942779541,4.0,3.809999942779541,3.8399999141693115,3.635641098022461,1000
2022-09-12,3.8399999141693115,3.8399999141693115,3.8399999141693115,3.8399999141693115,3.635641098022461,0
2022-09-13,3.819999933242798,4.150000095367432,3.809999942779541,3.950000047683716,3.7397871017456055,94700
2022-09-14,3.990000009536743,3.990000009536743,3.8299999237060547,3.859999895095825,3.6545767784118652,25400
2022-09-15,3.890000104904175,3.890000104904175,3.890000104904175,3.890000104904175,3.6829802989959717,300
2022-09-16,3.8299999237060547,3.9000000953674316,3.8299999237060547,3.880000114440918,3.6735126972198486,2000
2022-09-19,3.859999895095825,3.859999895095825,3.759999990463257,3.8299999237060547,3.626173257827759,5300
2022-09-20,3.9000000953674316,3.9000000953674316,3.75,3.8399999141693115,3.635641098022461,3000
2022-09-21,3.75,3.819999933242798,3.75,3.819999933242798,3.6167054176330566,3700
2022-09-22,3.8499999046325684,3.8499999046325684,3.700000047683716,3.700000047683716,3.503091812133789,6000
2022-09-23,3.7100000381469727,3.759999990463257,3.630000114440918,3.680000066757202,3.484156370162964,2900
2022-09-26,3.700000047683716,3.700000047683716,3.569999933242798,3.5899999141693115,3.3989455699920654,9500
2022-09-27,3.5999999046325684,3.5999999046325684,3.5999999046325684,3.5999999046325684,3.4084136486053467,300
2022-09-28,3.5999999046325684,3.6500000953674316,3.5799999237060547,3.6500000953674316,3.4557528495788574,1100
2022-09-29,3.6600000858306885,3.680000066757202,3.569999933242798,3.619999885559082,3.427349090576172,3400
2022-09-30,3.640000104904175,3.640000104904175,3.559999942779541,3.559999942779541,3.370542287826538,3000
2022-10-03,3.569999933242798,3.5999999046325684,3.569999933242798,3.5899999141693115,3.3989455699920654,2600
2022-10-04,3.5799999237060547,3.690000057220459,3.5799999237060547,3.619999885559082,3.427349090576172,1700
2022-10-05,3.619999885559082,3.630000114440918,3.619999885559082,3.630000114440918,3.436817169189453,500
2022-10-06,3.630000114440918,3.8499999046325684,3.630000114440918,3.809999942779541,3.6072378158569336,900
2022-10-07,3.619999885559082,3.7200000286102295,3.619999885559082,3.690000057220459,3.493623971939087,3500
2022-10-10,3.5999999046325684,3.700000047683716,3.5999999046325684,3.700000047683716,3.503091812133789,500
2022-10-11,3.700000047683716,3.700000047683716,3.700000047683716,3.700000047683716,3.503091812133789,0
2022-10-12,3.700000047683716,3.7100000381469727,3.6700000762939453,3.7100000381469727,3.512559413909912,1100
2022-10-13,3.7100000381469727,3.7100000381469727,3.7100000381469727,3.7100000381469727,3.512559413909912,100
2022-10-14,3.7100000381469727,3.7100000381469727,3.7100000381469727,3.7100000381469727,3.512559413909912,100
2022-10-17,3.5799999237060547,3.700000047683716,3.5799999237060547,3.700000047683716,3.503091812133789,2700
2022-10-18,3.5999999046325684,3.690000057220459,3.5999999046325684,3.690000057220459,3.493623971939087,1100
2022-10-19,3.5999999046325684,3.609999895095825,3.5799999237060547,3.5799999237060547,3.3894779682159424,2600
2022-10-20,3.5899999141693115,3.5899999141693115,3.5899999141693115,3.5899999141693115,3.3989455699920654,600
2022-10-21,3.569999933242798,3.5799999237060547,3.569999933242798,3.5799999237060547,3.3894779682159424,500
2022-10-24,3.680000066757202,3.7100000381469727,3.569999933242798,3.609999895095825,3.4178812503814697,2000
2022-10-25,3.6600000858306885,3.700000047683716,3.6600000858306885,3.6700000762939453,3.4746882915496826,1100
2022-10-26,3.6500000953674316,3.700000047683716,3.5799999237060547,3.6600000858306885,3.4652204513549805,3600
2022-10-27,3.619999885559082,3.7200000286102295,3.619999885559082,3.690000057220459,3.493623971939087,3000
2022-10-28,3.7100000381469727,3.7100000381469727,3.5899999141693115,3.700000047683716,3.503091812133789,600
2022-10-31,3.7200000286102295,3.7200000286102295,3.6500000953674316,3.7100000381469727,3.512559413909912,9600
2022-11-01,3.7300000190734863,3.7300000190734863,3.7300000190734863,3.7300000190734863,3.5314953327178955,400
2022-11-02,3.5999999046325684,3.5999999046325684,3.5999999046325684,3.5999999046325684,3.4084136486053467,300
2022-11-03,3.5899999141693115,3.5899999141693115,3.5899999141693115,3.5899999141693115,3.3989455699920654,400
2022-11-04,3.609999895095825,3.690000057220459,3.609999895095825,3.630000114440918,3.436817169189453,1500
2022-11-07,3.690000057220459,3.75,3.619999885559082,3.619999885559082,3.427349090576172,1000
2022-11-08,3.619999885559082,3.619999885559082,3.619999885559082,3.619999885559082,3.427349090576172,700
2022-11-09,3.619999885559082,3.640000104904175,3.619999885559082,3.640000104904175,3.4462850093841553,500
2022-11-10,3.640000104904175,3.700000047683716,3.640000104904175,3.690000057220459,3.493623971939087,800
2022-11-11,3.700000047683716,3.75,3.700000047683716,3.75,3.5504307746887207,2300
2022-11-14,3.740000009536743,3.8299999237060547,3.6500000953674316,3.8299999237060547,3.626173257827759,8600
2022-11-15,3.759999990463257,3.859999895095825,3.75,3.859999895095825,3.6545767784118652,5200
2022-11-16,4.039999961853027,4.230000019073486,4.019999980926514,4.090000152587891,3.8723366260528564,44900
2022-11-17,4.190000057220459,4.190000057220459,4.0,4.190000057220459,3.967014789581299,7900
2022-11-18,4.010000228881836,4.070000171661377,4.0,4.0,3.787126302719116,5600
2022-11-21,4.019999980926514,4.119999885559082,4.0,4.0,3.787126302719116,1500
2022-11-22,4.059999942779541,4.139999866485596,3.9200000762939453,4.070000171661377,3.853400945663452,6700
2022-11-23,4.010000228881836,4.099999904632568,3.9600000381469727,3.9600000381469727,3.7492551803588867,2800
2022-11-25,4.070000171661377,4.150000095367432,4.050000190734863,4.059999942779541,3.84393310546875,8400
2022-11-28,4.079999923706055,4.139999866485596,4.039999961853027,4.090000152587891,3.8723366260528564,6700
2022-11-29,4.130000114440918,4.170000076293945,4.090000152587891,4.090000152587891,3.8723366260528564,3800
2022-11-30,4.110000133514404,4.139999866485596,4.019999980926514,4.019999980926514,3.8060617446899414,5100
2022-12-01,4.059999942779541,4.239999771118164,4.059999942779541,4.230000019073486,4.004886150360107,27800
2022-12-02,4.21999979019165,4.340000152587891,4.199999809265137,4.25,4.023821830749512,10700
2022-12-05,4.340000152587891,4.440000057220459,4.300000190734863,4.369999885559082,4.137435436248779,21200
2022-12-06,4.389999866485596,4.480000019073486,4.239999771118164,4.28000020980835,4.052225112915039,14000
2022-12-07,4.309999942779541,4.5,4.25,4.300000190734863,4.071160793304443,12000
2022-12-08,4.380000114440918,4.480000019073486,4.230000019073486,4.360000133514404,4.127967834472656,12500
2022-12-09,4.25,4.489999771118164,4.199999809265137,4.21999979019165,4.157523155212402,19100
2022-12-12,4.050000190734863,4.360000133514404,3.9000000953674316,3.9700000286102295,3.911224842071533,7400
2022-12-13,4.0,4.099999904632568,3.9800000190734863,4.050000190734863,3.9900405406951904,4900
2022-12-14,4.050000190734863,4.090000152587891,4.0,4.059999942779541,3.999892234802246,4000
2022-12-15,4.050000190734863,4.070000171661377,3.9800000190734863,4.0,3.9407806396484375,2500
2022-12-16,3.9100000858306885,4.090000152587891,3.9100000858306885,4.019999980926514,3.960484504699707,8600
2022-12-19,3.9700000286102295,4.099999904632568,3.9200000762939453,3.9800000190734863,3.921076774597168,3700
2022-12-20,4.010000228881836,4.039999961853027,4.0,4.0,3.9407806396484375,1400
2022-12-21,4.039999961853027,4.190000057220459,4.019999980926514,4.019999980926514,3.960484504699707,9700
2022-12-22,4.039999961853027,4.21999979019165,4.019999980926514,4.21999979019165,4.157523155212402,9900
2022-12-23,4.130000114440918,4.21999979019165,4.019999980926514,4.039999961853027,3.9801883697509766,20000
2022-12-27,4.199999809265137,4.340000152587891,4.019999980926514,4.050000190734863,3.9900405406951904,24000
2022-12-28,4.010000228881836,4.239999771118164,4.010000228881836,4.070000171661377,4.009744644165039,9200
2022-12-29,4.039999961853027,4.199999809265137,4.039999961853027,4.150000095367432,4.088560104370117,15000
2022-12-30,4.170000076293945,4.170000076293945,4.090000152587891,4.110000133514404,4.049152374267578,3700
2023-01-03,4.300000190734863,4.340000152587891,4.110000133514404,4.25,4.187079429626465,22700
2023-01-04,4.329999923706055,4.329999923706055,4.21999979019165,4.21999979019165,4.157523155212402,2000
2023-01-05,4.210000038146973,4.340000152587891,4.139999866485596,4.28000020980835,4.216635704040527,5600
2023-01-06,4.289999961853027,4.289999961853027,4.289999961853027,4.289999961853027,4.226487159729004,400
2023-01-09,4.349999904632568,4.400000095367432,4.329999923706055,4.349999904632568,4.2855987548828125,13800
2023-01-10,4.389999866485596,4.389999866485596,4.300000190734863,4.329999923706055,4.265894889831543,5500
2023-01-11,4.340000152587891,4.429999828338623,4.28000020980835,4.400000095367432,4.3348588943481445,7100
2023-01-12,4.440000057220459,4.460000038146973,4.440000057220459,4.460000038146973,4.393970489501953,4400
2023-01-13,4.199999809265137,4.420000076293945,4.199999809265137,4.360000133514404,4.2954511642456055,1900
2023-01-17,4.449999809265137,4.449999809265137,4.300000190734863,4.349999904632568,4.2855987548828125,10000
2023-01-18,4.480000019073486,4.480000019073486,4.360000133514404,4.400000095367432,4.3348588943481445,6700
2023-01-19,4.400000095367432,4.440000057220459,4.349999904632568,4.400000095367432,4.3348588943481445,2900
2023-01-20,4.46999979019165,4.46999979019165,4.440000057220459,4.46999979019165,4.40382194519043,2400
2023-01-23,4.46999979019165,4.519999980926514,4.409999847412109,4.409999847412109,4.344710350036621,8100
2023-01-24,4.46999979019165,4.489999771118164,4.380000114440918,4.400000095367432,4.3348588943481445,6400
2023-01-25,4.5,4.5,4.449999809265137,4.449999809265137,4.38411808013916,1600
2023-01-26,4.28000020980835,4.5,4.28000020980835,4.5,4.433378219604492,2900
2023-01-27,4.46999979019165,4.519999980926514,4.46999979019165,4.510000228881836,4.443230628967285,2900
2023-01-30,4.400000095367432,4.510000228881836,4.400000095367432,4.510000228881836,4.443230628967285,2400
2023-01-31,4.519999980926514,4.630000114440918,4.519999980926514,4.579999923706055,4.51219367980957,4900
2023-02-01,4.570000171661377,4.570000171661377,4.309999942779541,4.340000152587891,4.275747299194336,26500
2023-02-02,4.420000076293945,4.420000076293945,4.260000228881836,4.360000133514404,4.2954511642456055,23800
2023-02-03,4.46999979019165,4.46999979019165,4.389999866485596,4.389999866485596,4.325006484985352,2200
2023-02-06,4.300000190734863,4.360000133514404,4.25,4.300000190734863,4.236339569091797,8000
2023-02-07,4.360000133514404,4.460000038146973,4.360000133514404,4.389999866485596,4.325006484985352,1500
2023-02-08,4.389999866485596,4.389999866485596,4.389999866485596,4.389999866485596,4.325006484985352,300
2023-02-09,4.25,4.25,4.25,4.25,4.187079429626465,900
2023-02-10,4.199999809265137,4.199999809265137,4.199999809265137,4.199999809265137,4.137819290161133,1300
2023-02-13,4.28000020980835,4.289999961853027,4.199999809265137,4.289999961853027,4.226487159729004,2600
2023-02-14,4.28000020980835,4.28000020980835,4.28000020980835,4.28000020980835,4.216635704040527,200
2023-02-15,4.190000057220459,4.429999828338623,4.170000076293945,4.210000038146973,4.147671699523926,7700
2023-02-16,4.21999979019165,4.21999979019165,4.21999979019165,4.21999979019165,4.157523155212402,300
2023-02-17,4.21999979019165,4.21999979019165,4.21999979019165,4.21999979019165,4.157523155212402,0
2023-02-21,4.179999828338623,4.179999828338623,4.130000114440918,4.130000114440918,4.068856239318848,2900
2023-02-22,4.079999923706055,4.190000057220459,4.079999923706055,4.190000057220459,4.127967834472656,600
2023-02-23,4.190000057220459,4.190000057220459,4.190000057220459,4.190000057220459,4.127967834472656,0
2023-02-24,4.199999809265137,4.199999809265137,4.150000095367432,4.150000095367432,4.088560104370117,500
2023-02-27,4.130000114440918,4.309999942779541,4.099999904632568,4.130000114440918,4.068856239318848,4900
2023-02-28,4.289999961853027,4.300000190734863,4.260000228881836,4.260000228881836,4.196931838989258,2000
2023-03-01,4.260000228881836,4.269999980926514,4.179999828338623,4.179999828338623,4.118115425109863,4800
2023-03-02,4.050000190734863,4.230000019073486,4.03000020980835,4.230000019073486,4.167375564575195,4900
2023-03-03,4.210000038146973,4.230000019073486,4.130000114440918,4.150000095367432,4.088560104370117,2300
2023-03-06,4.25,4.28000020980835,4.079999923706055,4.260000228881836,4.196931838989258,3200
2023-03-07,4.119999885559082,4.21999979019165,4.070000171661377,4.21999979019165,4.157523155212402,6500
2023-03-08,4.130000114440918,4.130000114440918,4.130000114440918,4.130000114440918,4.068856239318848,700
2023-03-09,4.329999923706055,4.449999809265137,4.329999923706055,4.340000152587891,4.275747299194336,37900
2023-03-10,4.329999923706055,4.349999904632568,4.269999980926514,4.300000190734863,4.236339569091797,12500
2023-03-13,4.300000190734863,4.309999942779541,4.21999979019165,4.309999942779541,4.246191024780273,6300
2023-03-14,4.309999942779541,4.309999942779541,4.21999979019165,4.21999979019165,4.157523155212402,3100
2023-03-15,4.130000114440918,4.300000190734863,4.130000114440918,4.300000190734863,4.236339569091797,2300
2023-03-16,4.150000095367432,4.239999771118164,4.130000114440918,4.239999771118164,4.177227020263672,7000
2023-03-17,4.150000095367432,4.150000095367432,4.150000095367432,4.150000095367432,4.088560104370117,500
2023-03-20,4.289999961853027,4.289999961853027,4.210000038146973,4.28000020980835,4.216635704040527,2600
2023-03-21,4.25,4.25,4.190000057220459,4.190000057220459,4.127967834472656,4500
2023-03-22,4.139999866485596,4.139999866485596,4.139999866485596,4.139999866485596,4.078707695007324,1200
2023-03-23,4.130000114440918,4.25,4.070000171661377,4.070000171661377,4.009744644165039,6000
2023-03-24,4.0,4.090000152587891,3.880000114440918,4.090000152587891,4.029448509216309,17900
2023-03-27,3.9100000858306885,4.050000190734863,3.9100000858306885,3.990000009536743,3.9309287071228027,4900
2023-03-28,4.25,4.25,4.079999923706055,4.119999885559082,4.059003829956055,5600
2023-03-29,4.199999809265137,4.199999809265137,4.170000076293945,4.170000076293945,4.108263969421387,800
2023-03-30,4.199999809265137,4.25,4.010000228881836,4.25,4.187079429626465,2100
2023-03-31,4.050000190734863,4.150000095367432,4.050000190734863,4.150000095367432,4.088560104370117,900
2023-04-03,4.130000114440918,4.179999828338623,4.0,4.039999961853027,3.9801883697509766,5700
2023-04-04,3.8399999141693115,4.099999904632568,3.8399999141693115,4.010000228881836,3.9506328105926514,9300
2023-04-05,4.010000228881836,4.010000228881836,3.9000000953674316,3.930000066757202,3.871817111968994,4400
2023-04-06,3.9200000762939453,3.930000066757202,3.9200000762939453,3.9200000762939453,3.8619651794433594,1500
2023-04-10,3.930000066757202,4.039999961853027,3.930000066757202,4.039999961853027,3.9801883697509766,8300
2023-04-11,4.0,4.039999961853027,3.9200000762939453,3.9200000762939453,3.8619651794433594,4100
2023-04-12,3.9000000953674316,3.990000009536743,3.9000000953674316,3.940000057220459,3.881669044494629,4200
2023-04-13,4.0,4.0,4.0,4.0,3.9407806396484375,200
2023-04-14,4.059999942779541,4.059999942779541,4.059999942779541,4.059999942779541,3.999892234802246,700
2023-04-17,3.930000066757202,4.03000020980835,3.930000066757202,4.03000020980835,3.970336675643921,1700
2023-04-18,3.9800000190734863,4.110000133514404,3.9800000190734863,4.03000020980835,3.970336675643921,2200
2023-04-19,4.039999961853027,4.050000190734863,4.039999961853027,4.050000190734863,3.9900405406951904,1200
2023-04-20,3.950000047683716,4.019999980926514,3.950000047683716,4.010000228881836,3.9506328105926514,2200
2023-04-21,3.9800000190734863,3.990000009536743,3.9600000381469727,3.990000009536743,3.9309287071228027,1400
2023-04-24,3.940000057220459,3.940000057220459,3.940000057220459,3.940000057220459,3.881669044494629,1200
2023-04-25,3.9700000286102295,3.9700000286102295,3.9000000953674316,3.9000000953674316,3.84226131439209,2300
2023-04-26,4.0,4.059999942779541,4.0,4.010000228881836,3.9506328105926514,4300
2023-04-27,3.9200000762939453,3.9800000190734863,3.9100000858306885,3.9200000762939453,3.8619651794433594,5900
2023-04-28,3.9000000953674316,3.940000057220459,3.9000000953674316,3.940000057220459,3.881669044494629,900
2023-05-01,4.079999923706055,4.079999923706055,3.9100000858306885,3.9200000762939453,3.8619651794433594,4000
2023-05-02,3.9100000858306885,3.9100000858306885,3.9100000858306885,3.9100000858306885,3.8521132469177246,400
2023-05-03,3.9100000858306885,3.9100000858306885,3.9100000858306885,3.9100000858306885,3.8521132469177246,300
2023-05-04,3.9700000286102295,3.9700000286102295,3.9200000762939453,3.9200000762939453,3.8619651794433594,1000
2023-05-05,4.070000171661377,4.070000171661377,3.9000000953674316,4.03000020980835,3.970336675643921,3800
2023-05-08,4.03000020980835,4.03000020980835,4.03000020980835,4.03000020980835,3.970336675643921,300
2023-05-09,3.950000047683716,3.990000009536743,3.9200000762939453,3.990000009536743,3.9309287071228027,1000
2023-05-10,3.9100000858306885,3.9600000381469727,3.9100000858306885,3.940000057220459,3.881669044494629,2400
2023-05-11,3.930000066757202,3.950000047683716,3.9100000858306885,3.9100000858306885,3.8521132469177246,5100
2023-05-12,3.9100000858306885,3.9200000762939453,3.9100000858306885,3.9200000762939453,3.8619651794433594,500
2023-05-15,3.9100000858306885,3.9100000858306885,3.9100000858306885,3.9100000858306885,3.8521132469177246,400
2023-05-16,3.9000000953674316,4.019999980926514,3.9000000953674316,3.9100000858306885,3.8521132469177246,5400
2023-05-17,3.9100000858306885,4.019999980926514,3.9100000858306885,3.950000047683716,3.8915209770202637,10500
2023-05-18,4.849999904632568,5.679999828338623,4.599999904632568,5.409999847412109,5.3299055099487305,844800
2023-05-19,5.590000152587891,6.170000076293945,5.420000076293945,6.170000076293945,6.0786542892456055,133600
2023-05-22,7.150000095367432,7.820000171661377,6.5,7.199999809265137,7.093404769897461,292000
2023-05-23,7.28000020980835,7.659999847412109,6.78000020980835,7.449999809265137,7.339703559875488,71500
2023-05-24,7.630000114440918,7.630000114440918,7.050000190734863,7.5,7.38896369934082,39700
2023-05-25,7.570000171661377,7.630000114440918,7.079999923706055,7.590000152587891,7.477631568908691,35500
2023-05-26,7.480000019073486,7.550000190734863,7.300000190734863,7.5,7.38896369934082,22400
2023-05-30,7.900000095367432,8.5,7.599999904632568,8.34000015258789,8.216527938842773,86100
2023-05-31,8.210000038146973,9.960000038146973,8.210000038146973,9.920000076293945,9.773136138916016,83000
2023-06-01,9.899999618530273,9.899999618530273,8.380000114440918,8.899999618530273,8.76823616027832,93900
2023-06-02,8.899999618530273,9.479999542236328,8.729999542236328,9.460000038146973,9.3199462890625,65700
2023-06-05,9.220000267028809,9.760000228881836,9.0600004196167,9.390000343322754,9.250983238220215,56900
2023-06-06,9.5,10.5,9.350000381469727,10.399999618530273,10.246028900146484,148200
2023-06-07,10.0,10.079999923706055,9.819999694824219,9.979999542236328,9.832246780395508,41800
2023-06-08,9.859999656677246,9.859999656677246,8.880000114440918,9.239999771118164,9.103202819824219,54000
2023-06-09,9.1899995803833,9.5600004196167,9.1899995803833,9.5,9.359354019165039,11600
2023-06-12,9.600000381469727,10.300000190734863,9.199999809265137,10.0600004196167,9.911064147949219,81800
2023-06-13,10.300000190734863,10.449999809265137,9.720000267028809,9.869999885559082,9.723875999450684,38700
2023-06-14,9.869999885559082,10.069999694824219,9.609999656677246,9.779999732971191,9.635208129882812,18100
2023-06-15,9.779999732971191,10.479999542236328,9.619999885559082,10.279999732971191,10.127805709838867,71700
2023-06-16,10.449999809265137,10.470000267028809,9.920000076293945,10.319999694824219,10.167213439941406,13100
2023-06-20,9.670000076293945,10.920000076293945,9.670000076293945,10.739999771118164,10.580995559692383,131900
2023-06-21,10.890000343322754,10.989999771118164,10.199999809265137,10.989999771118164,10.82729434967041,51700
2023-06-22,10.989999771118164,10.989999771118164,10.760000228881836,10.960000038146973,10.797739028930664,28200
2023-06-23,10.90999984741211,10.9399995803833,10.529999732971191,10.59000015258789,10.43321704864502,44000
2023-06-26,10.40999984741211,10.819999694824219,9.3100004196167,9.34000015258789,9.201723098754883,66500
2023-06-27,9.529999732971191,9.90999984741211,9.430000305175781,9.890000343322754,9.74358081817627,29700
2023-06-28,9.899999618530273,10.390000343322754,9.899999618530273,10.289999961853027,10.13765811920166,20000
2023-06-29,10.279999732971191,10.4399995803833,9.380000114440918,9.609999656677246,9.467724800109863,63700
2023-06-30,9.6899995803833,9.970000267028809,9.010000228881836,9.350000381469727,9.211575508117676,52900
2023-07-03,10.0600004196167,10.430000305175781,9.569999694824219,10.430000305175781,10.275586128234863,67000
2023-07-05,10.430000305175781,10.460000038146973,9.59000015258789,9.920000076293945,9.773136138916016,41700
2023-07-06,9.779999732971191,9.989999771118164,9.569999694824219,9.720000267028809,9.57609748840332,17900
2023-07-07,9.770000457763672,9.970000267028809,9.670000076293945,9.960000038146973,9.812543869018555,13900
2023-07-10,9.800000190734863,10.399999618530273,9.729999542236328,9.8100004196167,9.664765357971191,122900
2023-07-11,9.84000015258789,10.020000457763672,9.350000381469727,9.569999694824219,9.428317070007324,56600
2023-07-12,9.619999885559082,9.710000038146973,9.430000305175781,9.470000267028809,9.329798698425293,9700
2023-07-13,9.6899995803833,9.880000114440918,9.199999809265137,9.680000305175781,9.536689758300781,58700
2023-07-14,9.829999923706055,9.960000038146973,9.449999809265137,9.960000038146973,9.812543869018555,10700
2023-07-17,10.079999923706055,10.079999923706055,9.079999923706055,9.079999923706055,8.945571899414062,79600
2023-07-18,9.210000038146973,9.420000076293945,8.699999809265137,9.010000228881836,8.876608848571777,41000
2023-07-19,9.0,9.399999618530273,9.0,9.220000267028809,9.083499908447266,15100
2023-07-20,9.210000038146973,9.210000038146973,8.710000038146973,8.729999542236328,8.600752830505371,22200
2023-07-21,8.890000343322754,9.079999923706055,8.600000381469727,8.989999771118164,8.856904029846191,8800
2023-07-24,8.779999732971191,9.0,8.770000457763672,8.949999809265137,8.817496299743652,7500
2023-07-25,9.079999923706055,9.380000114440918,8.9399995803833,9.109999656677246,8.975127220153809,58500
2023-07-26,9.130000114440918,9.270000457763672,8.539999961853027,8.829999923706055,8.699273109436035,42300
2023-07-27,8.65999984741211,9.069999694824219,7.849999904632568,7.900000095367432,7.783041954040527,70400
2023-07-28,7.900000095367432,8.34000015258789,7.900000095367432,8.09000015258789,7.970229148864746,18600
2023-07-31,8.449999809265137,8.989999771118164,8.010000228881836,8.15999984741211,8.039192199707031,90300
2023-08-01,7.980000019073486,8.319999694824219,7.679999828338623,7.900000095367432,7.783041954040527,23100
2023-08-02,7.989999771118164,8.020000457763672,7.599999904632568,7.610000133514404,7.497335433959961,12500
2023-08-03,7.739999771118164,7.96999979019165,7.139999866485596,7.159999847412109,7.053997039794922,56500
2023-08-04,7.239999771118164,7.400000095367432,7.059999942779541,7.199999809265137,7.093404769897461,9000
2023-08-07,7.199999809265137,8.100000381469727,7.199999809265137,7.909999847412109,7.792893409729004,36200
2023-08-08,7.909999847412109,8.0600004196167,7.659999847412109,7.710000038146973,7.595854759216309,8400
2023-08-09,7.800000190734863,8.119999885559082,7.800000190734863,7.829999923706055,7.714077949523926,5800
2023-08-10,7.710000038146973,8.289999961853027,7.710000038146973,7.760000228881836,7.645114898681641,8900
2023-08-11,7.840000152587891,8.25,7.840000152587891,8.050000190734863,7.930821418762207,10300
2023-08-14,7.739999771118164,7.739999771118164,7.190000057220459,7.480000019073486,7.369259834289551,45300
2023-08-15,7.460000038146973,7.559999942779541,7.170000076293945,7.170000076293945,7.063849449157715,22500
2023-08-16,7.059999942779541,7.460000038146973,7.059999942779541,7.269999980926514,7.1623687744140625,17800
2023-08-17,7.460000038146973,7.96999979019165,7.369999885559082,7.949999809265137,7.832301139831543,17200
2023-08-18,7.909999847412109,7.96999979019165,7.639999866485596,7.659999847412109,7.546594619750977,26100
2023-08-21,8.300000190734863,9.180000305175781,8.300000190734863,8.510000228881836,8.384011268615723,192200
2023-08-22,8.90999984741211,8.90999984741211,8.5,8.869999885559082,8.738680839538574,31600
2023-08-23,8.699999809265137,8.699999809265137,8.40999984741211,8.430000305175781,8.305195808410645,34900
2023-08-24,8.380000114440918,8.380000114440918,8.100000381469727,8.149999618530273,8.029339790344238,31000
2023-08-25,8.25,8.350000381469727,8.109999656677246,8.1899995803833,8.068747520446777,19200
2023-08-28,8.140000343322754,8.479999542236328,8.0600004196167,8.319999694824219,8.196823120117188,32700
2023-08-29,8.319999694824219,8.479999542236328,8.100000381469727,8.149999618530273,8.029339790344238,25900
2023-08-30,8.15999984741211,8.510000228881836,8.149999618530273,8.279999732971191,8.157415390014648,42100
2023-08-31,8.180000305175781,8.5,8.180000305175781,8.260000228881836,8.137712478637695,33800
2023-09-01,8.279999732971191,8.600000381469727,8.1899995803833,8.399999618530273,8.275638580322266,29400
2023-09-05,8.399999618530273,8.399999618530273,8.229999542236328,8.319999694824219,8.196823120117188,23300
2023-09-06,8.3100004196167,8.489999771118164,8.0,8.15999984741211,8.039192199707031,20600
2023-09-07,8.09000015258789,8.420000076293945,8.069999694824219,8.069999694824219,7.950524806976318,6600
2023-09-08,8.199999809265137,8.489999771118164,8.050000190734863,8.270000457763672,8.147564888000488,27400
2023-09-11,8.15999984741211,8.399999618530273,8.140000343322754,8.300000190734863,8.177120208740234,30000
2023-09-12,8.3100004196167,8.399999618530273,8.119999885559082,8.119999885559082,7.999784469604492,8100
2023-09-13,8.15999984741211,8.34000015258789,8.069999694824219,8.079999923706055,7.960376739501953,10000
2023-09-14,8.020000457763672,8.40999984741211,8.020000457763672,8.270000457763672,8.147564888000488,12800
2023-09-15,8.359999656677246,8.4399995803833,8.050000190734863,8.390000343322754,8.265788078308105,14600
2023-09-18,8.079999923706055,8.390000343322754,8.039999961853027,8.1899995803833,8.068747520446777,50300
2023-09-19,8.390000343322754,9.0,8.380000114440918,9.0,8.866756439208984,28200
2023-09-20,8.989999771118164,10.140000343322754,8.989999771118164,10.140000343322754,9.989879608154297,67600
2023-09-21,10.15999984741211,10.789999961853027,10.0,10.100000381469727,9.950471878051758,68100
2023-09-22,10.0600004196167,10.0600004196167,9.140000343322754,9.380000114440918,9.241130828857422,59700
2023-09-25,8.90999984741211,9.010000228881836,8.75,8.850000381469727,8.718977928161621,51000
2023-09-26,8.800000190734863,8.979999542236328,8.800000190734863,8.829999923706055,8.699273109436035,8100
2023-09-27,8.859999656677246,8.970000267028809,8.800000190734863,8.8100004196167,8.679570198059082,13500
2023-09-28,8.920000076293945,9.220000267028809,8.819999694824219,9.010000228881836,8.876608848571777,21700
2023-09-29,9.180000305175781,9.859999656677246,9.09000015258789,9.470000267028809,9.329798698425293,17200
2023-10-02,9.649999618530273,9.819999694824219,9.300000190734863,9.619999885559082,9.477577209472656,17100
2023-10-03,9.479999542236328,9.84000015258789,9.350000381469727,9.600000381469727,9.457874298095703,15000
2023-10-04,9.75,10.550000190734863,9.649999618530273,10.329999923706055,10.1770658493042,41200
2023-10-05,10.619999885559082,10.619999885559082,9.880000114440918,10.279999732971191,10.127805709838867,17800
2023-10-06,10.489999771118164,10.699999809265137,9.899999618530273,10.569999694824219,10.413512229919434,46500
2023-10-09,10.449999809265137,10.75,10.0,10.640000343322754,10.482477188110352,48300
2023-10-10,10.75,11.489999771118164,10.550000190734863,11.350000381469727,11.181965827941895,53500
2023-10-11,11.289999961853027,11.350000381469727,8.5,9.75,9.605652809143066,208000
2023-10-12,9.75,10.069999694824219,8.869999885559082,9.079999923706055,8.945571899414062,102300
2023-10-13,9.069999694824219,9.279999732971191,8.770000457763672,9.229999542236328,9.093350410461426,37300
2023-10-16,9.289999961853027,9.8100004196167,9.260000228881836,9.619999885559082,9.477577209472656,107200
2023-10-17,9.5,10.34000015258789,9.489999771118164,9.84000015258789,9.694320678710938,70900
2023-10-18,9.8100004196167,10.430000305175781,9.8100004196167,10.420000076293945,10.26573371887207,42400
2023-10-19,10.220000267028809,10.220000267028809,9.640000343322754,9.640000343322754,9.497282028198242,23400
2023-10-20,9.609999656677246,9.609999656677246,8.609999656677246,9.109999656677246,8.975127220153809,64100
2023-10-23,8.869999885559082,9.550000190734863,8.720000267028809,9.180000305175781,9.044092178344727,43700
2023-10-24,9.199999809265137,10.319999694824219,9.199999809265137,9.8100004196167,9.664765357971191,25400
2023-10-25,10.329999923706055,10.329999923706055,9.829999923706055,10.079999923706055,9.930767059326172,70300
2023-10-26,10.329999923706055,10.539999961853027,9.199999809265137,9.380000114440918,9.241130828857422,60300
2023-10-27,9.529999732971191,9.960000038146973,9.359999656677246,9.5,9.359354019165039,10000
2023-10-30,9.399999618530273,9.510000228881836,9.289999961853027,9.3100004196167,9.172167778015137,6600
2023-10-31,9.449999809265137,9.739999771118164,9.010000228881836,9.380000114440918,9.241130828857422,11200
2023-11-01,9.380000114440918,9.619999885559082,9.010000228881836,9.369999885559082,9.231278419494629,35600
2023-11-02,9.5,9.770000457763672,9.3100004196167,9.420000076293945,9.280538558959961,16700
2023-11-03,10.029999732971191,10.149999618530273,9.359999656677246,9.390000343322754,9.250983238220215,32300
2023-11-06,9.920000076293945,10.149999618530273,9.390000343322754,10.149999618530273,9.999730110168457,67500
2023-11-07,10.170000076293945,10.65999984741211,9.770000457763672,10.380000114440918,10.226325988769531,61400
2023-11-08,10.399999618530273,10.649999618530273,10.229999542236328,10.460000038146973,10.30514144897461,21300
2023-11-09,10.640000343322754,11.479999542236328,10.600000381469727,11.270000457763672,11.103150367736816,52500
2023-11-10,11.020000457763672,11.399999618530273,11.020000457763672,11.350000381469727,11.181965827941895,20100
2023-11-13,11.350000381469727,11.899999618530273,10.470000267028809,10.970000267028809,10.807591438293457,76400
2023-11-14,10.9399995803833,11.729999542236328,10.9399995803833,11.609999656677246,11.438115119934082,77500
2023-11-15,12.050000190734863,12.380000114440918,11.279999732971191,12.0,11.822341918945312,95000
2023-11-16,12.729999542236328,12.899999618530273,11.010000228881836,11.529999732971191,11.359299659729004,136400
2023-11-17,12.489999771118164,12.880000114440918,11.819999694824219,12.760000228881836,12.571090698242188,118900
2023-11-20,12.489999771118164,13.739999771118164,11.510000228881836,13.300000190734863,13.103096008300781,220000
2023-11-21,13.0,13.970000267028809,12.6899995803833,13.630000114440918,13.428210258483887,117700
2023-11-22,13.59000015258789,13.760000228881836,12.220000267028809,12.65999984741211,12.472570419311523,91100
2023-11-24,12.710000038146973,14.229999542236328,12.65999984741211,14.180000305175781,13.970067977905273,91900
2023-11-27,14.180000305175781,14.180000305175781,13.020000457763672,13.170000076293945,12.975020408630371,98300
2023-11-28,13.0,13.220000267028809,11.930000305175781,11.9399995803833,11.763229370117188,92200
2023-11-29,12.1899995803833,12.75,11.899999618530273,12.5,12.314939498901367,51100
2023-11-30,12.600000381469727,12.600000381469727,12.0,12.300000190734863,12.117900848388672,24200
2023-12-01,12.430000305175781,12.970000267028809,12.210000038146973,12.960000038146973,12.768129348754883,37600
2023-12-04,12.65999984741211,12.949999809265137,12.0,12.779999732971191,12.59079360961914,104900
2023-12-05,12.8100004196167,13.1899995803833,12.319999694824219,12.460000038146973,12.275531768798828,37400
2023-12-06,12.619999885559082,12.960000038146973,12.369999885559082,12.760000228881836,12.571090698242188,26600
2023-12-07,12.59000015258789,12.8100004196167,12.329999923706055,12.609999656677246,12.423310279846191,33800
2023-12-08,12.369999885559082,12.729999542236328,12.3100004196167,12.449999809265137,12.265679359436035,20700
2023-12-11,13.40999984741211,15.529999732971191,13.25,14.859999656677246,14.639999389648438,411000
2023-12-12,15.109999656677246,15.300000190734863,13.529999732971191,14.25,14.25,113700
2023-12-13,14.380000114440918,16.229999542236328,14.380000114440918,15.59000015258789,15.59000015258789,154200
2023-12-14,16.149999618530273,16.149999618530273,14.350000381469727,15.40999984741211,15.40999984741211,111300
2023-12-15,15.630000114440918,15.979999542236328,14.739999771118164,15.5,15.5,60100
2023-12-18,15.75,15.75,14.0,14.470000267028809,14.470000267028809,175100
2023-12-19,14.779999732971191,14.960000038146973,12.899999618530273,13.380000114440918,13.380000114440918,297600
2023-12-20,13.460000038146973,14.40999984741211,12.359999656677246,13.0,13.0,240100
2023-12-21,13.609999656677246,14.029999732971191,13.3100004196167,14.029999732971191,14.029999732971191,117100
2023-12-22,14.100000381469727,14.989999771118164,13.75,14.729999542236328,14.729999542236328,118900
2023-12-26,14.949999809265137,14.949999809265137,13.609999656677246,14.25,14.25,106200
2023-12-27,14.399999618530273,14.399999618530273,13.600000381469727,13.899999618530273,13.899999618530273,88400
2023-12-28,14.0,14.449999809265137,13.529999732971191,13.869999885559082,13.869999885559082,61800
2023-12-29,13.739999771118164,14.260000228881836,13.119999885559082,13.949999809265137,13.949999809265137,72700
2024-01-02,13.680000305175781,13.9399995803833,13.0,13.170000076293945,13.170000076293945,73000
2024-01-03,13.600000381469727,14.8100004196167,13.510000228881836,14.8100004196167,14.8100004196167,220500
2024-01-04,14.829999923706055,15.649999618530273,14.760000228881836,15.220000267028809,15.220000267028809,109400
2024-01-05,15.220000267028809,15.220000267028809,14.569999694824219,14.899999618530273,14.899999618530273,54000
2024-01-08,14.899999618530273,14.899999618530273,14.010000228881836,14.800000190734863,14.800000190734863,80800
2024-01-09,14.789999961853027,15.899999618530273,14.770000457763672,15.869999885559082,15.869999885559082,77500
2024-01-10,15.569999694824219,15.869999885559082,15.319999694824219,15.729999542236328,15.729999542236328,77200
2024-01-11,15.470000267028809,15.729999542236328,14.609999656677246,15.5600004196167,15.5600004196167,46600
2024-01-12,15.5600004196167,15.819999694824219,14.710000038146973,14.800000190734863,14.800000190734863,43500
2024-01-16,14.710000038146973,15.460000038146973,14.710000038146973,15.020000457763672,15.020000457763672,35300
2024-01-17,15.270000457763672,16.729999542236328,15.100000381469727,16.709999084472656,16.709999084472656,171800
2024-01-18,16.860000610351562,17.0,15.529999732971191,16.079999923706055,16.079999923706055,117400
2024-01-19,16.190000534057617,17.65999984741211,15.609999656677246,17.389999389648438,17.389999389648438,175500
2024-01-22,17.559999465942383,18.450000762939453,17.40999984741211,18.290000915527344,18.290000915527344,206000
2024-01-23,18.530000686645508,18.530000686645508,17.899999618530273,18.100000381469727,18.100000381469727,92500
2024-01-24,18.0,18.780000686645508,17.90999984741211,18.229999542236328,18.229999542236328,84900
2024-01-25,18.809999465942383,20.190000534057617,18.239999771118164,19.25,19.25,185200
2024-01-26,19.780000686645508,19.81999969482422,18.65999984741211,19.5,19.5,110400
2024-01-29,19.920000076293945,19.920000076293945,16.709999084472656,17.690000534057617,17.690000534057617,259400
2024-01-30,18.059999465942383,18.299999237060547,17.059999465942383,17.68000030517578,17.68000030517578,54400
2024-01-31,17.850000381469727,17.850000381469727,16.510000228881836,17.100000381469727,17.100000381469727,79500
2024-02-01,17.15999984741211,19.600000381469727,16.979999542236328,19.600000381469727,19.600000381469727,103400
2024-02-02,19.56999969482422,20.969999313354492,19.100000381469727,19.68000030517578,19.68000030517578,121800
2024-02-05,19.68000030517578,19.799999237060547,18.239999771118164,19.459999084472656,19.459999084472656,81500
2024-02-06,18.56999969482422,19.479999542236328,17.65999984741211,18.1200008392334,18.1200008392334,154300
2024-02-07,18.65999984741211,18.65999984741211,16.65999984741211,17.0,17.0,151500
2024-02-08,17.0,17.709999084472656,17.0,17.450000762939453,17.450000762939453,46900
2024-02-09,17.190000534057617,18.889999389648438,17.18000030517578,18.889999389648438,18.889999389648438,100300
2024-02-12,19.350000381469727,22.799999237060547,19.049999237060547,22.399999618530273,22.399999618530273,557000
2024-02-13,19.049999237060547,20.0,16.34000015258789,16.360000610351562,16.360000610351562,577400
2024-02-14,17.010000228881836,17.1299991607666,15.649999618530273,16.25,16.25,373200
2024-02-15,16.450000762939453,16.530000686645508,15.40999984741211,16.209999084472656,16.209999084472656,175500
2024-02-16,15.819999694824219,16.010000228881836,14.5600004196167,15.180000305175781,15.180000305175781,285300
2024-02-20,14.890000343322754,15.4399995803833,14.529999732971191,14.75,14.75,178000
2024-02-21,14.369999885559082,14.369999885559082,13.130000114440918,13.25,13.25,205300
2024-02-22,13.369999885559082,14.220000267028809,13.109999656677246,13.59000015258789,13.59000015258789,220700
2024-02-23,13.510000228881836,13.880000114440918,13.109999656677246,13.550000190734863,13.550000190734863,112900
2024-02-26,13.4399995803833,14.520000457763672,13.430000305175781,13.9399995803833,13.9399995803833,222700
2024-02-27,13.920000076293945,14.210000038146973,13.5,13.619999885559082,13.619999885559082,88900
2024-02-28,13.4399995803833,13.75,13.1899995803833,13.210000038146973,13.210000038146973,104800
2024-02-29,13.300000190734863,14.010000228881836,13.0600004196167,13.979999542236328,13.979999542236328,169100
2024-03-01,13.670000076293945,14.170000076293945,13.5,13.699999809265137,13.699999809265137,132200
2024-03-04,13.710000038146973,14.09000015258789,13.390000343322754,13.430000305175781,13.430000305175781,160400
2024-03-05,13.430000305175781,13.449999809265137,13.0600004196167,13.289999961853027,13.289999961853027,102600
2024-03-06,13.510000228881836,14.119999885559082,13.359999656677246,13.930000305175781,13.930000305175781,84400
2024-03-07,13.949999809265137,13.949999809265137,13.399999618530273,13.760000228881836,13.760000228881836,94700
2024-03-08,13.670000076293945,14.039999961853027,13.5600004196167,13.90999984741211,13.90999984741211,86200
2024-03-11,12.0600004196167,12.0600004196167,10.3100004196167,10.65999984741211,10.65999984741211,744800
2024-03-12,10.59000015258789,11.140000343322754,10.399999618530273,10.649999618530273,10.649999618530273,165900
2024-03-13,10.600000381469727,10.930000305175781,10.15999984741211,10.399999618530273,10.399999618530273,167700
2024-03-14,10.399999618530273,10.460000038146973,10.0,10.420000076293945,10.420000076293945,110700
2024-03-15,10.239999771118164,10.720000267028809,10.229999542236328,10.579999923706055,10.579999923706055,80600
2024-03-18,10.550000190734863,10.649999618530273,10.119999885559082,10.479999542236328,10.479999542236328,198100
2024-03-19,10.329999923706055,10.779999732971191,10.130000114440918,10.640000343322754,10.640000343322754,83800
2024-03-20,10.600000381469727,11.25,10.460000038146973,11.199999809265137,11.199999809265137,92400
2024-03-21,11.119999885559082,11.850000381469727,11.119999885559082,11.6899995803833,11.6899995803833,130600
2024-03-22,11.729999542236328,12.109999656677246,11.720000267028809,11.920000076293945,11.920000076293945,52400
2024-03-25,11.770000457763672,12.069999694824219,11.569999694824219,11.600000381469727,11.600000381469727,65300
2024-03-26,11.75,11.75,11.079999923706055,11.09000015258789,11.09000015258789,66100
2024-03-27,11.140000343322754,11.3100004196167,10.920000076293945,11.0600004196167,11.0600004196167,55500
2024-03-28,10.989999771118164,11.40999984741211,10.949999809265137,11.140000343322754,11.140000343322754,40300
2024-04-01,11.050000190734863,11.0600004196167,10.649999618530273,10.760000228881836,10.760000228881836,77800
2024-04-02,10.710000038146973,10.880000114440918,10.59000015258789,10.760000228881836,10.760000228881836,39800
2024-04-03,10.609999656677246,10.930000305175781,10.609999656677246,10.880000114440918,10.880000114440918,30100
2024-04-04,10.960000038146973,11.0600004196167,10.619999885559082,10.619999885559082,10.619999885559082,48800
2024-04-05,10.520000457763672,10.850000381469727,10.520000457763672,10.720000267028809,10.720000267028809,44500
2024-04-08,10.75,10.75,10.119999885559082,10.25,10.25,116100
2024-04-09,10.199999809265137,10.359999656677246,9.829999923706055,10.069999694824219,10.069999694824219,92800
2024-04-10,9.880000114440918,10.359999656677246,9.880000114440918,10.170000076293945,10.170000076293945,48800
2024-04-11,10.050000190734863,10.210000038146973,9.880000114440918,10.010000228881836,10.010000228881836,116500
2024-04-12,10.0,10.300000190734863,9.710000038146973,9.729999542236328,9.729999542236328,69600
2024-04-15,9.75,9.960000038146973,9.75,9.9399995803833,9.9399995803833,45300
2024-04-16,9.869999885559082,10.300000190734863,9.8100004196167,10.25,10.25,62300
2024-04-17,10.329999923706055,10.859999656677246,10.3100004196167,10.859999656677246,10.859999656677246,89100
2024-04-18,11.1899995803833,11.300000190734863,10.760000228881836,11.25,11.25,82000
2024-04-19,11.25,11.25,10.649999618530273,10.90999984741211,10.90999984741211,48100
2024-04-22,11.079999923706055,11.09000015258789,10.529999732971191,10.800000190734863,10.800000190734863,37500
2024-04-23,10.899999618530273,10.979999542236328,10.630000114440918,10.789999961853027,10.789999961853027,28100
2024-04-24,10.899999618530273,11.100000381469727,10.829999923706055,11.100000381469727,11.100000381469727,8300
2024-04-25,11.100000381469727,11.170000076293945,10.670000076293945,11.170000076293945,11.170000076293945,18600
2024-04-26,11.020000457763672,11.25,10.859999656677246,10.899999618530273,10.899999618530273,48800
2024-04-29,10.899999618530273,11.09000015258789,10.65999984741211,10.670000076293945,10.670000076293945,32000
2024-04-30,10.670000076293945,11.199999809265137,10.670000076293945,10.859999656677246,10.859999656677246,27900
2024-05-01,10.779999732971191,11.0600004196167,10.680000305175781,10.800000190734863,10.800000190734863,21400
2024-05-02,10.710000038146973,10.829999923706055,10.630000114440918,10.630000114440918,10.630000114440918,33900
2024-05-03,10.84000015258789,10.989999771118164,10.449999809265137,10.6899995803833,10.6899995803833,36200
2024-05-06,10.6899995803833,11.229999542236328,10.079999923706055,10.289999961853027,10.289999961853027,125800
2024-05-07,10.3100004196167,10.640000343322754,10.3100004196167,10.369999885559082,10.369999885559082,39900
2024-05-08,10.399999618530273,10.479999542236328,10.229999542236328,10.25,10.25,21800
2024-05-09,10.300000190734863,10.520000457763672,10.119999885559082,10.34000015258789,10.34000015258789,22900
2024-05-10,10.529999732971191,10.619999885559082,10.380000114440918,10.449999809265137,10.449999809265137,15000
2024-05-13,10.539999961853027,10.579999923706055,10.149999618530273,10.210000038146973,10.210000038146973,33400
2024-05-14,10.479999542236328,10.529999732971191,10.210000038146973,10.470000267028809,10.470000267028809,23600
2024-05-15,10.470000267028809,10.699999809265137,10.420000076293945,10.460000038146973,10.460000038146973,25800
2024-05-16,10.600000381469727,11.0,10.399999618530273,11.0,11.0,27800
2024-05-17,11.0,11.029999732971191,10.789999961853027,10.84000015258789,10.84000015258789,11100
2024-05-20,10.989999771118164,11.050000190734863,10.520000457763672,10.899999618530273,10.899999618530273,30100
2024-05-21,10.399999618530273,11.800000190734863,10.399999618530273,11.640000343322754,11.640000343322754,102600
2024-05-22,11.75,12.390000343322754,11.40999984741211,12.100000381469727,12.100000381469727,56600
2024-05-23,12.079999923706055,12.470000267028809,11.199999809265137,11.260000228881836,11.260000228881836,67800
2024-05-24,11.520000457763672,12.3100004196167,11.520000457763672,11.890000343322754,11.890000343322754,37500
2024-05-28,11.90999984741211,12.0,11.65999984741211,11.9399995803833,11.9399995803833,28000
2024-05-29,11.930000305175781,12.300000190734863,11.729999542236328,12.1899995803833,12.1899995803833,59800
2024-05-30,11.960000038146973,12.289999961853027,11.829999923706055,11.829999923706055,11.829999923706055,28500
2024-05-31,11.850000381469727,12.220000267028809,11.770000457763672,11.90999984741211,11.90999984741211,23000
2024-06-03,11.890000343322754,11.989999771118164,11.65999984741211,11.729999542236328,11.729999542236328,18200
2024-06-04,11.720000267028809,11.979999542236328,11.510000228881836,11.970000267028809,11.970000267028809,22100
2024-06-05,12.0,12.079999923706055,11.40999984741211,11.470000267028809,11.470000267028809,34000
2024-06-06,11.369999885559082,11.5,10.770000457763672,10.84000015258789,10.84000015258789,25300
2024-06-07,10.699999809265137,10.970000267028809,10.489999771118164,10.890000343322754,10.890000343322754,28400
2024-06-10,10.760000228881836,11.0,10.729999542236328,10.960000038146973,10.960000038146973,15800
2024-06-11,10.899999618530273,11.109999656677246,10.75,10.789999961853027,10.789999961853027,12100
2024-06-12,10.75,11.109999656677246,10.75,11.100000381469727,11.100000381469727,12100
2024-06-13,10.989999771118164,11.050000190734863,10.739999771118164,10.800000190734863,10.800000190734863,13900
2024-06-14,10.710000038146973,10.819999694824219,10.510000228881836,10.510000228881836,10.510000228881836,10300
2024-06-17,10.449999809265137,10.710000038146973,10.449999809265137,10.600000381469727,10.600000381469727,18500
2024-06-18,10.529999732971191,10.59000015258789,10.100000381469727,10.180000305175781,10.180000305175781,25100
2024-06-20,10.029999732971191,10.390000343322754,9.84000015258789,9.970000267028809,9.970000267028809,36400
2024-06-21,9.859999656677246,9.949999809265137,9.550000190734863,9.630000114440918,9.630000114440918,26400
2024-06-24,9.59000015258789,9.960000038146973,9.59000015258789,9.949999809265137,9.949999809265137,30000
2024-06-25,9.850000381469727,9.949999809265137,9.699999809265137,9.760000228881836,9.760000228881836,13600
2024-06-26,9.850000381469727,9.850000381469727,9.600000381469727,9.729999542236328,9.729999542236328,21000
2024-06-27,9.609999656677246,9.84000015258789,9.609999656677246,9.739999771118164,9.739999771118164,12900
2024-06-28,9.630000114440918,9.869999885559082,9.600000381469727,9.75,9.75,10300
2024-07-01,9.59000015258789,9.729999542236328,9.300000190734863,9.449999809265137,9.449999809265137,49100
2024-07-02,9.40999984741211,9.59000015258789,9.399999618530273,9.479999542236328,9.479999542236328,20500
2024-07-03,9.40999984741211,9.529999732971191,9.399999618530273,9.449999809265137,9.449999809265137,13400
2024-07-05,9.399999618530273,9.539999961853027,9.399999618530273,9.510000228881836,9.510000228881836,11600
2024-07-08,9.449999809265137,9.869999885559082,9.359999656677246,9.460000038146973,9.460000038146973,26700
2024-07-09,9.550000190734863,9.670000076293945,9.399999618530273,9.5600004196167,9.5600004196167,18700
2024-07-10,9.470000267028809,9.649999618530273,9.470000267028809,9.649999618530273,9.649999618530273,14600
2024-07-11,9.680000305175781,9.920000076293945,9.680000305175781,9.890000343322754,9.890000343322754,24100
2024-07-12,9.59000015258789,9.890000343322754,9.550000190734863,9.789999961853027,9.789999961853027,21200
2024-07-15,9.890000343322754,10.369999885559082,9.779999732971191,10.279999732971191,10.279999732971191,36500
2024-07-16,10.489999771118164,10.6899995803833,10.430000305175781,10.619999885559082,10.619999885559082,25300
2024-07-17,10.300000190734863,10.710000038146973,10.289999961853027,10.609999656677246,10.609999656677246,35800
2024-07-18,10.510000228881836,10.59000015258789,10.350000381469727,10.420000076293945,10.420000076293945,21800
2024-07-19,10.350000381469727,10.420000076293945,10.029999732971191,10.180000305175781,10.180000305175781,20600
2024-07-22,10.34000015258789,10.34000015258789,10.039999961853027,10.050000190734863,10.050000190734863,12600
2024-07-23,10.130000114440918,10.319999694824219,10.050000190734863,10.119999885559082,10.119999885559082,18600
2024-07-24,10.020000457763672,10.239999771118164,10.020000457763672,10.170000076293945,10.170000076293945,16500
2024-07-25,10.170000076293945,10.180000305175781,9.789999961853027,9.789999961853027,9.789999961853027,26600
2024-07-26,9.9399995803833,10.039999961853027,9.819999694824219,9.869999885559082,9.869999885559082,15700
2024-07-29,9.949999809265137,10.050000190734863,9.829999923706055,9.9399995803833,9.9399995803833,9200
2024-07-30,9.859999656677246,10.039999961853027,9.729999542236328,9.890000343322754,9.890000343322754,33900
2024-07-31,9.699999809265137,10.039999961853027,9.699999809265137,9.819999694824219,9.819999694824219,26900
2024-08-01,9.850000381469727,9.989999771118164,9.720000267028809,9.760000228881836,9.760000228881836,25700
2024-08-02,9.680000305175781,9.770000457763672,9.390000343322754,9.390000343322754,9.390000343322754,29900
2024-08-05,9.0,9.649999618530273,9.0,9.649999618530273,9.649999618530273,16800
2024-08-06,9.760000228881836,9.890000343322754,9.5,9.5,9.5,20800
2024-08-07,9.65999984741211,9.720000267028809,9.520000457763672,9.59000015258789,9.59000015258789,10600
2024-08-08,9.520000457763672,10.199999809265137,9.520000457763672,10.100000381469727,10.100000381469727,34500
2024-08-09,10.039999961853027,10.119999885559082,9.979999542236328,10.010000228881836,10.010000228881836,39200
2024-08-12,10.25,11.479999542236328,10.25,11.359999656677246,11.359999656677246,73500
2024-08-13,11.399999618530273,11.399999618530273,11.010000228881836,11.239999771118164,11.239999771118164,31700
2024-08-14,11.130000114440918,11.350000381469727,11.130000114440918,11.199999809265137,11.199999809265137,12800
2024-08-15,9.479999542236328,10.149999618530273,9.140000343322754,10.0,10.0,153800
2024-08-16,9.380000114440918,10.0,9.380000114440918,9.9399995803833,9.9399995803833,42600
2024-08-19,10.0,10.3100004196167,9.90999984741211,9.970000267028809,9.970000267028809,46600
2024-08-20,9.960000038146973,10.149999618530273,9.9399995803833,9.989999771118164,9.989999771118164,7100
2024-08-21,10.119999885559082,10.510000228881836,10.0,10.5,10.5,57700
2024-08-22,10.510000228881836,10.569999694824219,10.449999809265137,10.520000457763672,10.520000457763672,8700
2024-08-23,10.5,10.670000076293945,10.460000038146973,10.579999923706055,10.579999923706055,17500
2024-08-26,10.550000190734863,10.569999694824219,10.199999809265137,10.569999694824219,10.569999694824219,15700
2024-08-27,10.600000381469727,10.75,10.5,10.720000267028809,10.720000267028809,17000
2024-08-28,10.680000305175781,10.729999542236328,10.569999694824219,10.640000343322754,10.640000343322754,8900
2024-08-29,10.569999694824219,10.899999618530273,10.5600004196167,10.65999984741211,10.65999984741211,14600
2024-08-30,10.670000076293945,10.699999809265137,10.510000228881836,10.6899995803833,10.6899995803833,8700
2024-09-03,10.609999656677246,10.680000305175781,10.399999618530273,10.600000381469727,10.600000381469727,11400
2024-09-04,10.40999984741211,10.84000015258789,10.40999984741211,10.84000015258789,10.84000015258789,19600
2024-09-05,10.75,10.899999618530273,10.699999809265137,10.850000381469727,10.850000381469727,15700
2024-09-06,10.779999732971191,10.960000038146973,10.699999809265137,10.960000038146973,10.960000038146973,8800
2024-09-09,10.899999618530273,10.949999809265137,10.600000381469727,10.869999885559082,10.869999885559082,79100
2024-09-10,10.699999809265137,10.90999984741211,10.609999656677246,10.729999542236328,10.729999542236328,17200
2024-09-11,10.65999984741211,10.899999618530273,10.65999984741211,10.75,10.75,3300
2024-09-12,10.800000190734863,10.930000305175781,10.789999961853027,10.890000343322754,10.890000343322754,12600
2024-09-13,10.739999771118164,10.970000267028809,10.739999771118164,10.890000343322754,10.890000343322754,8400
2024-09-16,10.90999984741211,10.90999984741211,10.729999542236328,10.800000190734863,10.800000190734863,8000
2024-09-17,10.829999923706055,10.880000114440918,10.710000038146973,10.770000457763672,10.770000457763672,8600
2024-09-18,10.850000381469727,10.979999542236328,10.739999771118164,10.979999542236328,10.979999542236328,10600
2024-09-19,10.970000267028809,11.079999923706055,10.899999618530273,11.0600004196167,11.0600004196167,13200
2024-09-20,10.9399995803833,11.020000457763672,10.609999656677246,11.020000457763672,11.020000457763672,10000
2024-09-23,10.890000343322754,11.039999961853027,10.649999618530273,10.729999542236328,10.729999542236328,13800
2024-09-24,10.699999809265137,10.75,10.520000457763672,10.520000457763672,10.520000457763672,8800
2024-09-25,10.529999732971191,10.739999771118164,10.529999732971191,10.739999771118164,10.739999771118164,6100
2024-09-26,10.75,10.8100004196167,10.619999885559082,10.739999771118164,10.739999771118164,4800
2024-09-27,10.710000038146973,10.8100004196167,10.630000114440918,10.729999542236328,10.729999542236328,10200
2024-09-30,10.579999923706055,10.90999984741211,10.579999923706055,10.90999984741211,10.90999984741211,10300
2024-10-01,10.720000267028809,11.039999961853027,10.680000305175781,11.039999961853027,11.039999961853027,46600
2024-10-02,10.0,10.75,9.850000381469727,10.300000190734863,10.300000190734863,206700
2024-10-03,10.3100004196167,10.399999618530273,10.050000190734863,10.319999694824219,10.319999694824219,26600
2024-10-04,10.239999771118164,10.489999771118164,10.050000190734863,10.479999542236328,10.479999542236328,41900
2024-10-07,10.210000038146973,10.59000015258789,10.210000038146973,10.569999694824219,10.569999694824219,46600
2024-10-08,10.359999656677246,10.850000381469727,10.1899995803833,10.850000381469727,10.850000381469727,39100
2024-10-09,10.75,10.899999618530273,10.600000381469727,10.609999656677246,10.609999656677246,16600
2024-10-10,10.569999694824219,10.779999732971191,10.399999618530273,10.6899995803833,10.6899995803833,20300
2024-10-11,10.729999542236328,10.729999542236328,10.390000343322754,10.430000305175781,10.430000305175781,13400
2024-10-14,10.359999656677246,10.59000015258789,10.359999656677246,10.579999923706055,10.579999923706055,15200
2024-10-15,10.579999923706055,10.699999809265137,10.510000228881836,10.6899995803833,10.6899995803833,24800
2024-10-16,10.720000267028809,10.720000267028809,10.479999542236328,10.5,10.5,17700
2024-10-17,10.40999984741211,10.800000190734863,10.229999542236328,10.6899995803833,10.6899995803833,21100
2024-10-18,10.520000457763672,10.600000381469727,10.3100004196167,10.3100004196167,10.3100004196167,9100
2024-10-21,10.5,10.720000267028809,10.5,10.5600004196167,10.5600004196167,22100
2024-10-22,10.5,10.550000190734863,10.449999809265137,10.489999771118164,10.489999771118164,3500
2024-10-23,10.399999618530273,10.569999694824219,10.270000457763672,10.479999542236328,10.479999542236328,9400
2024-10-24,10.449999809265137,10.460000038146973,10.270000457763672,10.369999885559082,10.369999885559082,10200
2024-10-25,10.449999809265137,10.449999809265137,10.350000381469727,10.4399995803833,10.4399995803833,3100
2024-10-28,10.449999809265137,10.680000305175781,10.329999923706055,10.550000190734863,10.550000190734863,34700
2024-10-29,10.640000343322754,10.6899995803833,10.399999618530273,10.670000076293945,10.670000076293945,13200
2024-10-30,10.600000381469727,10.760000228881836,10.600000381469727,10.760000228881836,10.760000228881836,10800
2024-10-31,10.630000114440918,10.84000015258789,10.539999961853027,10.789999961853027,10.789999961853027,16300
2024-11-01,10.59000015258789,10.829999923706055,10.5600004196167,10.789999961853027,10.789999961853027,10200
2024-11-04,10.59000015258789,10.859999656677246,10.550000190734863,10.859999656677246,10.859999656677246,19600
2024-11-05,10.819999694824219,10.899999618530273,10.65999984741211,10.65999984741211,10.65999984741211,10900
