Date,Open,High,Low,Close,Adj Close,Volume
2008-05-08,38.72633361816406,41.30809020996094,34.93975830078125,36.14457702636719,36.14457702636719,6937605
2008-05-09,35.266780853271484,36.798622131347656,34.45783233642578,35.283992767333984,35.283992767333984,963007
2008-05-12,35.88640213012695,36.66093063354492,34.44062042236328,35.95524978637695,35.95524978637695,429998
2008-05-13,37.33218765258789,38.81239318847656,36.833045959472656,37.98623275756836,37.98623275756836,1447910
2008-05-14,38.51979446411133,40.361446380615234,37.86574935913086,39.8623046875,39.8623046875,1371857
2008-05-15,40.8433723449707,41.996559143066406,40.0172119140625,41.39414978027344,41.39414978027344,783653
2008-05-16,42.32358169555664,42.34079360961914,40.56798553466797,40.9810676574707,40.9810676574707,493734
2008-05-19,41.738380432128906,41.962135314941406,40.154903411865234,40.9982795715332,40.9982795715332,494024
2008-05-20,40.9982795715332,40.9982795715332,38.9845085144043,39.586917877197266,39.586917877197266,308279
2008-05-21,40.361446380615234,40.395870208740234,38.72633361816406,39.707401275634766,39.707401275634766,328904
2008-05-22,39.586917877197266,40.44750213623047,38.55421829223633,38.55421829223633,38.55421829223633,317168
2008-05-23,38.020652770996094,38.46815872192383,36.746986389160156,38.072288513183594,38.072288513183594,472179
2008-05-27,38.60585021972656,41.27366638183594,37.951805114746094,40.8777961730957,40.8777961730957,423898
2008-05-28,41.61790084838867,41.61790084838867,40.275386810302734,41.29087829589844,41.29087829589844,258603
2008-05-29,41.58347702026367,42.28915786743164,40.06884765625,41.824440002441406,41.824440002441406,267376
2008-05-30,42.34079360961914,44.33734893798828,42.16867446899414,42.66781234741211,42.66781234741211,380148
2008-06-02,43.012046813964844,43.218589782714844,41.30809020996094,41.858863830566406,41.858863830566406,208056
2008-06-03,42.444061279296875,42.444061279296875,40.481929779052734,41.32530212402344,41.32530212402344,206952
2008-06-04,41.23924255371094,42.16867446899414,40.103271484375,41.20481872558594,41.20481872558594,187140
2008-06-05,41.738380432128906,42.633392333984375,40.9638557434082,42.426849365234375,42.426849365234375,178541
2008-06-06,42.18588638305664,42.426849365234375,40.44750213623047,41.54905319213867,41.54905319213867,274871
2008-06-09,41.22203063964844,41.65232467651367,39.1910514831543,39.93115234375,39.93115234375,189638
2008-06-10,39.43201446533203,39.55249786376953,37.14285659790039,37.86574935913086,37.86574935913086,500880
2008-06-11,37.79690170288086,40.8433723449707,37.79690170288086,39.0705680847168,39.0705680847168,442315
2008-06-12,39.0533561706543,40.430294036865234,39.0533561706543,39.621341705322266,39.621341705322266,226997
2008-06-13,40.172115325927734,42.943199157714844,39.759037017822266,41.65232467651367,41.65232467651367,369458
2008-06-16,43.012046813964844,43.54561233520508,41.996559143066406,42.16867446899414,42.16867446899414,629688
2008-06-17,43.115318298339844,43.201377868652344,40.103271484375,40.56798553466797,40.56798553466797,585532
2008-06-18,40.361446380615234,42.90877914428711,40.361446380615234,41.962135314941406,41.962135314941406,406816
2008-06-19,42.409637451171875,42.409637451171875,39.621341705322266,40.9466438293457,40.9466438293457,323036
2008-06-20,39.31153106689453,41.27366638183594,39.1566276550293,41.27366638183594,41.27366638183594,321932
2008-06-23,41.60068893432617,42.11703872680664,40.63683319091797,41.54905319213867,41.54905319213867,196204
2008-06-24,41.0154914855957,43.51118850708008,40.9638557434082,42.90877914428711,42.90877914428711,634103
2008-06-25,42.994834899902344,43.39070510864258,41.0499153137207,41.63511276245117,41.63511276245117,181214
2008-06-26,41.70396041870117,41.996559143066406,40.8950080871582,41.27366638183594,41.27366638183594,300028
2008-06-27,41.66953659057617,43.83821105957031,41.66953659057617,43.80378723144531,43.80378723144531,1796742
2008-06-30,43.80378723144531,44.750431060791016,42.16867446899414,43.184165954589844,43.184165954589844,903978
2008-07-01,42.66781234741211,43.78657531738281,42.598968505859375,43.76936340332031,43.76936340332031,312869
2008-07-02,44.33734893798828,44.38898468017578,42.16867446899414,43.029258728027344,43.029258728027344,395835
2008-07-03,43.029258728027344,43.029258728027344,38.29603958129883,40.9982795715332,40.9982795715332,318214
2008-07-07,40.72289276123047,43.029258728027344,40.44750213623047,42.28915786743164,42.28915786743164,311300
2008-07-08,42.34079360961914,43.029258728027344,41.13597106933594,42.18588638305664,42.18588638305664,575190
2008-07-09,41.738380432128906,43.82099914550781,41.738380432128906,43.012046813964844,43.012046813964844,394499
2008-07-10,43.029258728027344,45.00860595703125,43.029258728027344,44.629947662353516,44.629947662353516,331228
2008-07-11,44.32013702392578,46.48881149291992,42.32358169555664,46.07572937011719,46.07572937011719,361440
2008-07-14,46.59208297729492,48.45094680786133,45.57659149169922,45.73149871826172,45.73149871826172,539633
2008-07-15,44.784854888916016,46.987953186035156,44.04475021362305,45.370052337646484,45.370052337646484,344475
2008-07-16,44.97418212890625,45.197933197021484,43.52840042114258,43.88984680175781,43.88984680175781,153442
2008-07-17,44.44062042236328,44.612735748291016,42.82271957397461,42.92599105834961,42.92599105834961,133746
2008-07-18,42.581756591796875,45.95524978637695,42.581756591796875,44.06196212768555,44.06196212768555,148387
2008-07-21,44.526676177978516,47.22891616821289,43.149742126464844,46.919105529785156,46.919105529785156,240185
2008-07-22,45.74871063232422,47.33218765258789,45.62822723388672,47.19449234008789,47.19449234008789,137174
2008-07-23,46.54044723510742,47.24612808227539,44.38898468017578,44.629947662353516,44.629947662353516,93076
2008-07-24,44.750431060791016,45.02581787109375,42.426849365234375,44.44062042236328,44.44062042236328,202304
2008-07-25,45.06024169921875,46.19621276855469,44.11359786987305,46.05852127075195,46.05852127075195,105393
2008-07-28,45.86919021606445,46.66093063354492,43.046470642089844,43.166954040527344,43.166954040527344,139440
2008-07-29,43.45955276489258,44.32013702392578,41.927711486816406,43.95869064331055,43.95869064331055,206952
2008-07-30,44.647159576416016,46.59208297729492,43.97590255737305,46.59208297729492,46.59208297729492,155418
2008-07-31,46.781410217285156,48.227195739746094,45.61101531982422,46.970741271972656,46.970741271972656,141009
2008-08-01,46.26506042480469,47.19449234008789,45.12908935546875,45.473323822021484,45.473323822021484,92728
2008-08-04,44.767642974853516,47.76247787475586,44.28571319580078,47.538726806640625,47.538726806640625,327626
2008-08-05,48.020652770996094,48.79518127441406,39.690189361572266,39.845096588134766,39.845096588134766,723461
2008-08-06,40.0516357421875,42.28915786743164,40.0516357421875,41.11875915527344,41.11875915527344,327626
2008-08-07,41.0327033996582,41.13597106933594,39.36316680908203,39.93115234375,39.93115234375,214621
2008-08-08,39.672977447509766,40.0172119140625,38.29603958129883,38.51979446411133,38.51979446411133,183596
2008-08-11,38.33046340942383,38.84681701660156,34.681583404541016,34.99139404296875,34.99139404296875,626434
2008-08-12,35.283992767333984,38.209983825683594,34.526676177978516,37.607574462890625,37.607574462890625,366785
2008-08-13,38.192771911621094,40.0172119140625,38.175559997558594,39.810672760009766,39.810672760009766,186966
2008-08-14,39.810672760009766,41.721168518066406,39.810672760009766,41.35972595214844,41.35972595214844,202188
2008-08-15,41.20481872558594,42.15146255493164,40.361446380615234,40.61962127685547,40.61962127685547,167328
2008-08-18,40.292598724365234,41.790016174316406,40.240962982177734,40.8261604309082,40.8261604309082,81050
2008-08-19,40.240962982177734,41.0327033996582,39.759037017822266,40.189327239990234,40.189327239990234,94064
2008-08-20,40.49913787841797,42.16867446899414,40.034423828125,40.9122200012207,40.9122200012207,153035
2008-08-21,40.44750213623047,42.01376724243164,40.395870208740234,41.44578170776367,41.44578170776367,64665
2008-08-22,41.738380432128906,42.82271957397461,41.66953659057617,42.23752212524414,42.23752212524414,55195
2008-08-25,42.444061279296875,42.77108383178711,41.25645446777344,41.755592346191406,41.755592346191406,90985
2008-08-26,41.44578170776367,42.16867446899414,41.41136169433594,41.772804260253906,41.772804260253906,53626
2008-08-27,41.61790084838867,42.82271957397461,40.72289276123047,42.444061279296875,42.444061279296875,81050
2008-08-28,42.426849365234375,43.115318298339844,41.70396041870117,42.78829574584961,42.78829574584961,155534
2008-08-29,42.32358169555664,43.012046813964844,41.48020553588867,42.32358169555664,42.32358169555664,65130
2008-09-02,41.893287658691406,42.598968505859375,38.72633361816406,38.89845275878906,38.89845275878906,339304
2008-09-03,38.72633361816406,39.1566276550293,37.19449234008789,37.401031494140625,37.401031494140625,140776
2008-09-04,37.21170425415039,37.69363021850586,34.698795318603516,35.283992767333984,35.283992767333984,167793
2008-09-05,35.163509368896484,36.43717575073242,34.87091064453125,36.26506042480469,36.26506042480469,269061
2008-09-08,36.57487106323242,37.435455322265625,36.36832809448242,36.57487106323242,36.57487106323242,145192
2008-09-09,36.884681701660156,36.919105529785156,29.965576171875,30.808950424194336,30.808950424194336,498498
2008-09-10,31.08433723449707,33.99311447143555,30.981067657470703,33.45955276489258,33.45955276489258,224382
2008-09-11,32.80550765991211,34.25128936767578,32.09982681274414,32.97762680053711,32.97762680053711,173835
2008-09-12,33.012046813964844,33.52840042114258,31.635112762451172,31.876075744628906,31.876075744628906,140602
2008-09-15,31.82444190979004,31.82444190979004,27.81411361694336,28.364887237548828,28.364887237548828,240592
2008-09-16,28.347675323486328,31.11876106262207,25.352840423583984,30.998279571533203,30.998279571533203,349530
2008-09-17,30.826162338256836,30.981067657470703,27.573150634765625,28.382099151611328,28.382099151611328,222523
2008-09-18,28.571428298950195,31.514629364013672,27.12564468383789,30.826162338256836,30.826162338256836,431509
2008-09-19,33.64888000488281,37.005165100097656,31.583477020263672,34.23407745361328,34.23407745361328,444930
2008-09-22,34.42340850830078,36.12736511230469,33.78657531738281,33.78657531738281,33.78657531738281,112017
2008-09-23,33.73493957519531,34.11359786987305,32.547332763671875,32.65060043334961,32.65060043334961,109402
2008-09-24,32.633392333984375,32.82271957397461,31.273666381835938,31.273666381835938,31.273666381835938,64781
2008-09-25,31.841651916503906,32.34079360961914,29.672977447509766,29.690189361572266,29.690189361572266,113702
2008-09-26,29.672977447509766,31.290878295898438,28.485370635986328,31.03270149230957,31.03270149230957,117652
2008-09-29,31.256454467773438,31.256454467773438,25.66265106201172,25.834768295288086,25.834768295288086,225835
2008-09-30,26.006885528564453,29.965576171875,25.903614044189453,28.760757446289062,28.760757446289062,160821
2008-10-01,28.623064041137695,28.674699783325195,26.850257873535156,28.158348083496094,28.158348083496094,234956
2008-10-02,27.86574935913086,27.86574935913086,24.61273765563965,24.647159576416016,24.647159576416016,217526
2008-10-03,24.99139404296875,25.66265106201172,22.20309829711914,22.306367874145508,22.306367874145508,288176
2008-10-06,21.531841278076172,21.531841278076172,17.22891616821289,18.502582550048828,18.502582550048828,439817
2008-10-07,18.433734893798828,19.070568084716797,16.81583595275879,16.953527450561523,16.953527450561523,207591
2008-10-08,16.781410217285156,18.072288513183594,14.802064895629883,15.86919116973877,15.86919116973877,404376
2008-10-09,15.938037872314453,18.055076599121094,15.283992767333984,15.283992767333984,15.283992767333984,374571
2008-10-10,14.647159576416016,15.283992767333984,13.493975639343262,14.543889999389648,14.543889999389648,452134
2008-10-13,15.2323579788208,17.056798934936523,14.905336380004883,17.056798934936523,17.056798934936523,126077
2008-10-14,18.89845085144043,19.27710723876953,17.900171279907227,18.502582550048828,18.502582550048828,384041
2008-10-15,18.192771911621094,18.27882957458496,14.165231704711914,14.165231704711914,14.165231704711914,378231
2008-10-16,14.97418212890625,15.077452659606934,13.253011703491211,14.836488723754883,14.836488723754883,248726
2008-10-17,14.698795318603516,15.800344467163086,13.97590446472168,15.180723190307617,15.180723190307617,211252
2008-10-20,15.473321914672852,15.920825958251953,14.698795318603516,15.645439147949219,15.645439147949219,210496
2008-10-21,15.628227233886719,16.09294319152832,14.509466171264648,15.043028831481934,15.043028831481934,191381
2008-10-22,14.629947662353516,14.7676420211792,12.667814254760742,13.115318298339844,13.115318298339844,215667
2008-10-23,12.925990104675293,13.511187553405762,11.824440956115723,12.289156913757324,12.289156913757324,248494
2008-10-24,10.705679893493652,11.531842231750488,10.705679893493652,10.912220001220703,10.912220001220703,168258
2008-10-27,10.757314682006836,11.153183937072754,10.154905319213867,10.24096393585205,10.24096393585205,150363
2008-10-28,10.481927871704102,11.032702445983887,9.604130744934082,11.032702445983887,11.032702445983887,249946
2008-10-29,11.342513084411621,12.306367874145508,11.10154914855957,11.583477020263672,11.583477020263672,268945
2008-10-30,12.22031021118164,13.88984489440918,11.91049861907959,13.562823295593262,13.562823295593262,344765
2008-10-31,13.442340850830078,15.335627555847168,12.908778190612793,14.664372444152832,14.664372444152832,237164
2008-11-03,14.802064895629883,15.938037872314453,14.629947662353516,15.85197925567627,15.85197925567627,184061
2008-11-04,16.351118087768555,17.19449234008789,15.490533828735352,16.299484252929688,16.299484252929688,362718
2008-11-05,15.85197925567627,16.437177658081055,14.888124465942383,14.97418212890625,14.97418212890625,299912
2008-11-06,14.492255210876465,14.509466171264648,12.530119895935059,13.321859359741211,13.321859359741211,343894
2008-11-07,13.218588829040527,13.838210105895996,12.719449043273926,13.838210105895996,13.838210105895996,161925
2008-11-10,14.14802074432373,14.612736701965332,13.92426872253418,14.027539253234863,14.027539253234863,170582
2008-11-11,13.88984489440918,13.88984489440918,12.117039680480957,12.254733085632324,12.254733085632324,244136
2008-11-12,12.099827766418457,12.271944999694824,11.325301170349121,11.376935958862305,11.376935958862305,252212
2008-11-13,11.428570747375488,13.08089542388916,11.153183937072754,13.08089542388916,13.08089542388916,272373
2008-11-14,12.22031021118164,12.633391380310059,11.772806167602539,11.772806167602539,11.772806167602539,154953
2008-11-17,11.531842231750488,12.340791702270508,11.359724998474121,11.89328670501709,11.89328670501709,159601
2008-11-18,11.876075744628906,12.530119895935059,11.790017127990723,12.512908935546875,12.512908935546875,143217
2008-11-19,12.444062232971191,12.85714340209961,12.030981063842773,12.340791702270508,12.340791702270508,190394
2008-11-20,12.15146255493164,13.063682556152344,11.738382339477539,12.15146255493164,12.15146255493164,161169
2008-11-21,12.444062232971191,14.320137977600098,11.944923400878906,14.268503189086914,14.268503189086914,260927
2008-11-24,14.302926063537598,15.576592445373535,14.251291275024414,15.2495698928833,15.2495698928833,255698
2008-11-25,15.387263298034668,15.662651062011719,14.629947662353516,15.283992767333984,15.283992767333984,585241
2008-11-26,15.094663619995117,16.247848510742188,13.97590446472168,16.247848510742188,16.247848510742188,140312
2008-11-28,15.989672660827637,16.643718719482422,15.938037872314453,16.454389572143555,16.454389572143555,50373
2008-12-01,15.576592445373535,15.817556381225586,13.063682556152344,13.235799789428711,13.235799789428711,140834
2008-12-02,13.562823295593262,14.285714149475098,13.253011703491211,13.87263298034668,13.87263298034668,205384
2008-12-03,13.459551811218262,14.11359691619873,12.908778190612793,13.476763725280762,13.476763725280762,160472
2008-12-04,13.08089542388916,13.287434577941895,12.048192977905273,12.15146255493164,12.15146255493164,147458
2008-12-05,11.91049861907959,12.392427444458008,11.290878295898438,12.18588638305664,12.18588638305664,221129
2008-12-08,12.99483585357666,14.11359691619873,12.547331809997559,13.666092872619629,13.666092872619629,230308
2008-12-09,13.373494148254395,14.509466171264648,13.253011703491211,13.92426872253418,13.92426872253418,294916
2008-12-10,14.14802074432373,14.99139404296875,14.14802074432373,14.595524787902832,14.595524787902832,106788
2008-12-11,14.337348937988281,14.905336380004883,13.700515747070312,14.199655532836914,14.199655532836914,126019
2008-12-12,13.820998191833496,15.146299362182617,13.339071273803711,14.716007232666016,14.716007232666016,95516
2008-12-15,14.7676420211792,15.094663619995117,13.545611381530762,13.803787231445312,13.803787231445312,69836
2008-12-16,14.285714149475098,15.85197925567627,14.199655532836914,15.800344467163086,15.800344467163086,163377
2008-12-17,15.697073936462402,17.71084213256836,15.490533828735352,17.14285659790039,17.14285659790039,163319
2008-12-18,17.074010848999023,17.504302978515625,15.645439147949219,16.419965744018555,16.419965744018555,127936
2008-12-19,16.643718719482422,16.781410217285156,15.88640308380127,16.265060424804688,16.265060424804688,165643
2008-12-22,16.402753829956055,16.471601486206055,15.129088401794434,15.611015319824219,15.611015319824219,125380
2008-12-23,15.662651062011719,16.17900276184082,15.473321914672852,15.576592445373535,15.576592445373535,59611
2008-12-24,15.559379577636719,15.714285850524902,15.387263298034668,15.611015319824219,15.611015319824219,41425
2008-12-26,15.611015319824219,15.817556381225586,15.370052337646484,15.507744789123535,15.507744789123535,66002
2008-12-29,15.404475212097168,15.920825958251953,15.2323579788208,15.611015319824219,15.611015319824219,170059
2008-12-30,15.714285850524902,17.332185745239258,15.507744789123535,17.332185745239258,17.332185745239258,134095
2008-12-31,17.641996383666992,18.106712341308594,17.21170425415039,17.882959365844727,17.882959365844727,113004
2009-01-02,18.072288513183594,18.82960319519043,17.79690170288086,18.519792556762695,18.519792556762695,113585
2009-01-05,18.657487869262695,18.84681510925293,17.521514892578125,18.158348083496094,18.158348083496094,93309
2009-01-06,18.31325340270996,21.06712532043457,18.17555809020996,20.4991397857666,20.4991397857666,147225
2009-01-07,20.120481491088867,20.137693405151367,19.27710723876953,19.759035110473633,19.759035110473633,235770
2009-01-08,19.741823196411133,21.428571701049805,19.001720428466797,21.239242553710938,21.239242553710938,212588
2009-01-09,21.962133407592773,22.753873825073242,19.018932342529297,19.225473403930664,19.225473403930664,301946
2009-01-12,19.139415740966797,19.225473403930664,18.399311065673828,18.502582550048828,18.502582550048828,106033
2009-01-13,18.623064041137695,19.087779998779297,17.951807022094727,18.22719383239746,18.22719383239746,91275
2009-01-14,18.141136169433594,18.691909790039062,17.79690170288086,18.123924255371094,18.123924255371094,136535
2009-01-15,18.26161766052246,19.41480255126953,17.590360641479492,19.34595489501953,19.34595489501953,133049
2009-01-16,19.690189361572266,19.690189361572266,17.21170425415039,17.435455322265625,17.435455322265625,134676
2009-01-20,17.22891616821289,17.263338088989258,15.611015319824219,15.765920639038086,15.765920639038086,126832
2009-01-21,16.05851936340332,17.693632125854492,15.507744789123535,17.693632125854492,17.693632125854492,177321
2009-01-22,17.22891616821289,17.641996383666992,15.903614044189453,16.71256446838379,16.71256446838379,105916
2009-01-23,16.02409553527832,17.72805404663086,15.748708724975586,17.538726806640625,17.538726806640625,148213
2009-01-26,17.659208297729492,18.416522979736328,16.196212768554688,16.385541915893555,16.385541915893555,97318
2009-01-27,16.402753829956055,16.781410217285156,15.783132553100586,15.86919116973877,15.86919116973877,122998
2009-01-28,16.196212768554688,18.502582550048828,16.07573127746582,18.27882957458496,18.27882957458496,172673
2009-01-29,17.986230850219727,17.986230850219727,14.629947662353516,15.628227233886719,15.628227233886719,223627
2009-01-30,15.88640308380127,16.02409553527832,15.456110000610352,15.697073936462402,15.697073936462402,87905
2009-02-02,15.697073936462402,16.04130744934082,14.97418212890625,15.783132553100586,15.783132553100586,119802
2009-02-03,15.88640308380127,16.523235321044922,15.611015319824219,16.385541915893555,16.385541915893555,64375
2009-02-04,16.454389572143555,17.332185745239258,16.16179084777832,16.265060424804688,16.265060424804688,56473
2009-02-05,15.714285850524902,17.263338088989258,15.559379577636719,16.781410217285156,16.781410217285156,72916
2009-02-06,16.71256446838379,17.72805404663086,16.71256446838379,17.17728042602539,17.17728042602539,68965
2009-02-09,17.12564468383789,17.297761917114258,16.69535255432129,17.091222763061523,17.091222763061523,75123
2009-02-10,17.056798934936523,17.383821487426758,15.628227233886719,15.920825958251953,15.920825958251953,67512
2009-02-11,15.972460746765137,18.88123893737793,15.972460746765137,16.798622131347656,16.798622131347656,47874
2009-02-12,16.437177658081055,16.523235321044922,15.490533828735352,16.230636596679688,16.230636596679688,95516
2009-02-13,16.333906173706055,17.435455322265625,16.02409553527832,16.71256446838379,16.71256446838379,115154
2009-02-17,16.299484252929688,16.333906173706055,15.352840423583984,15.85197925567627,15.85197925567627,112888
2009-02-18,16.09294319152832,16.71256446838379,15.2323579788208,15.662651062011719,15.662651062011719,95981
2009-02-19,15.938037872314453,17.487091064453125,15.748708724975586,17.435455322265625,17.435455322265625,101326
2009-02-20,18.072288513183594,18.072288513183594,13.92426872253418,14.096385955810547,14.096385955810547,419656
2009-02-23,14.199655532836914,14.870911598205566,12.271944999694824,12.685026168823242,12.685026168823242,320538
2009-02-24,13.01204776763916,13.97590446472168,12.409639358520508,13.734939575195312,13.734939575195312,365275
2009-02-25,13.528399467468262,13.97590446472168,12.426850318908691,12.444062232971191,12.444062232971191,136651
2009-02-26,12.616179466247559,13.407917022705078,12.564543724060059,12.598966598510742,12.598966598510742,83490
2009-02-27,12.444062232971191,12.99483585357666,11.394147872924805,12.512908935546875,12.512908935546875,125961
2009-03-02,12.082615852355957,12.099827766418457,11.462994575500488,11.89328670501709,11.89328670501709,145250
2009-03-03,12.099827766418457,12.340791702270508,11.308090209960938,11.445782661437988,11.445782661437988,225428
2009-03-04,11.652323722839355,12.323579788208008,11.325301170349121,11.428570747375488,11.428570747375488,132294
2009-03-05,11.187607765197754,11.445782661437988,10.327021598815918,10.516350746154785,10.516350746154785,224324
2009-03-06,10.550774574279785,10.654045104980469,9.79345989227295,10.344234466552734,10.344234466552734,240476
2009-03-09,10.189329147338867,10.327021598815918,9.173837661743164,9.311532020568848,9.311532020568848,119279
2009-03-10,9.621342658996582,10.671256065368652,9.466437339782715,10.154905319213867,10.154905319213867,458409
2009-03-11,10.154905319213867,10.327021598815918,9.896730422973633,10.172117233276367,10.172117233276367,156696
2009-03-12,10.309810638427734,12.13425064086914,10.051634788513184,11.97934627532959,11.97934627532959,310080
2009-03-13,12.048192977905273,12.891566276550293,11.876075744628906,12.80550765991211,12.80550765991211,81050
2009-03-16,13.063682556152344,13.321859359741211,12.598966598510742,12.685026168823242,12.685026168823242,88486
2009-03-17,12.633391380310059,13.01204776763916,12.13425064086914,12.943201065063477,12.943201065063477,149898
2009-03-18,12.736660957336426,12.908778190612793,12.375214576721191,12.650602340698242,12.650602340698242,141067
2009-03-19,12.943201065063477,12.943201065063477,12.15146255493164,12.616179466247559,12.616179466247559,121022
2009-03-20,12.77108383178711,12.822718620300293,11.876075744628906,12.23752212524414,12.23752212524414,160763
2009-03-23,12.512908935546875,12.736660957336426,11.96213436126709,12.564543724060059,12.564543724060059,150653
2009-03-24,12.478485107421875,12.77108383178711,12.289156913757324,12.323579788208008,12.323579788208008,108415
2009-03-25,12.495697021484375,12.702238082885742,12.030981063842773,12.650602340698242,12.650602340698242,109112
2009-03-26,12.891566276550293,12.908778190612793,12.495697021484375,12.908778190612793,12.908778190612793,104929
2009-03-27,12.753872871398926,12.78829574584961,12.117039680480957,12.168675422668457,12.168675422668457,94529
2009-03-30,11.96213436126709,12.340791702270508,11.566265106201172,11.703959465026855,11.703959465026855,90287
2009-03-31,11.96213436126709,12.409639358520508,11.669534683227539,11.824440956115723,11.824440956115723,74136
2009-04-01,11.652323722839355,12.530119895935059,11.617899894714355,12.512908935546875,12.512908935546875,66873
2009-04-02,12.908778190612793,13.545611381530762,12.753872871398926,13.166954040527344,13.166954040527344,94413
2009-04-03,13.253011703491211,13.287434577941895,12.822718620300293,12.99483585357666,12.99483585357666,51535
2009-04-06,12.85714340209961,13.115318298339844,12.667814254760742,12.99483585357666,12.99483585357666,90985
2009-04-07,12.736660957336426,13.063682556152344,12.564543724060059,12.598966598510742,12.598966598510742,44214
2009-04-08,12.736660957336426,12.77108383178711,11.824440956115723,12.20309829711914,12.20309829711914,59494
2009-04-09,12.512908935546875,13.01204776763916,12.340791702270508,12.633391380310059,12.633391380310059,116955
2009-04-13,12.598966598510742,12.702238082885742,12.117039680480957,12.22031021118164,12.22031021118164,127239
2009-04-14,12.065403938293457,12.117039680480957,10.636833190917969,10.757314682006836,10.757314682006836,204628
2009-04-15,10.981066703796387,11.91049861907959,10.688467979431152,11.89328670501709,11.89328670501709,107369
2009-04-16,11.99655818939209,12.581755638122559,11.772806167602539,11.89328670501709,11.89328670501709,140718
2009-04-17,11.91049861907959,12.030981063842773,11.376935958862305,11.376935958862305,11.376935958862305,161983
2009-04-20,11.11876106262207,11.256454467773438,10.413081169128418,10.636833190917969,10.636833190917969,139905
2009-04-21,10.654045104980469,11.583477020263672,10.499138832092285,11.445782661437988,11.445782661437988,99642
2009-04-22,11.273666381835938,12.78829574584961,11.273666381835938,12.667814254760742,12.667814254760742,265575
2009-04-23,12.667814254760742,13.287434577941895,12.426850318908691,13.218588829040527,13.218588829040527,240185
2009-04-24,13.356282234191895,13.597246170043945,12.822718620300293,13.287434577941895,13.287434577941895,146296
2009-04-27,13.02925968170166,13.270223617553711,12.564543724060059,13.166954040527344,13.166954040527344,125961
2009-04-28,12.977624893188477,13.597246170043945,12.925990104675293,13.304647445678711,13.304647445678711,132642
2009-04-29,13.373494148254395,14.939759254455566,13.184165000915527,14.681583404541016,14.681583404541016,205093
2009-04-30,14.99139404296875,15.542168617248535,14.475043296813965,14.853700637817383,14.853700637817383,114050
2009-05-01,14.853700637817383,15.559379577636719,14.698795318603516,14.99139404296875,14.99139404296875,112249
2009-05-04,15.060240745544434,16.17900276184082,15.060240745544434,16.17900276184082,16.17900276184082,126890
2009-05-05,16.12736701965332,16.316694259643555,15.748708724975586,16.05851936340332,16.05851936340332,69604
2009-05-06,16.17900276184082,16.196212768554688,15.163511276245117,15.679862022399902,15.679862022399902,75937
2009-05-07,15.989672660827637,16.05851936340332,13.648880958557129,14.457831382751465,14.457831382751465,194461
2009-05-08,14.647159576416016,15.714285850524902,12.977624893188477,14.268503189086914,14.268503189086914,371724
2009-05-11,14.096385955810547,15.060240745544434,13.769363403320312,14.664372444152832,14.664372444152832,113411
2009-05-12,14.698795318603516,14.956971168518066,13.683304786682129,13.97590446472168,13.97590446472168,77854
2009-05-13,13.769363403320312,14.388984680175781,12.306367874145508,12.358002662658691,12.358002662658691,87266
2009-05-14,12.444062232971191,12.839930534362793,11.97934627532959,12.375214576721191,12.375214576721191,89300
2009-05-15,12.598966598510742,12.960412979125977,12.289156913757324,12.512908935546875,12.512908935546875,75123
2009-05-18,12.753872871398926,13.115318298339844,12.478485107421875,13.08089542388916,13.08089542388916,70998
2009-05-19,12.960412979125977,14.268503189086914,12.960412979125977,13.769363403320312,13.769363403320312,109518
2009-05-20,13.87263298034668,15.077452659606934,13.803787231445312,14.440620422363281,14.440620422363281,195623
2009-05-21,14.165231704711914,14.182443618774414,13.545611381530762,13.769363403320312,13.769363403320312,80817
2009-05-22,13.769363403320312,13.993115425109863,12.977624893188477,12.99483585357666,12.99483585357666,60192
2009-05-26,12.977624893188477,14.423407554626465,12.908778190612793,14.423407554626465,14.423407554626465,97143
2009-05-27,14.337348937988281,14.543889999389648,14.061962127685547,14.216867446899414,14.216867446899414,77564
2009-05-28,14.320137977600098,14.388984680175781,13.201376914978027,13.390706062316895,13.390706062316895,167793
2009-05-29,13.425128936767578,14.010327339172363,12.87435531616211,14.010327339172363,14.010327339172363,294567
2009-06-01,14.199655532836914,15.2495698928833,14.199655532836914,15.043028831481934,15.043028831481934,192195
2009-06-02,14.99139404296875,15.2323579788208,14.802064895629883,14.939759254455566,14.939759254455566,164539
2009-06-03,14.612736701965332,14.664372444152832,14.11359691619873,14.354560852050781,14.354560852050781,86395
2009-06-04,14.423407554626465,15.490533828735352,14.165231704711914,15.352840423583984,15.352840423583984,207301
2009-06-05,15.490533828735352,15.731496810913086,15.2323579788208,15.352840423583984,15.352840423583984,128633
2009-06-08,15.2495698928833,15.765920639038086,14.836488723754883,15.611015319824219,15.611015319824219,125786
2009-06-09,15.662651062011719,15.86919116973877,15.404475212097168,15.507744789123535,15.507744789123535,160007
2009-06-10,15.817556381225586,15.903614044189453,15.283992767333984,15.679862022399902,15.679862022399902,139208
2009-06-11,15.748708724975586,16.04130744934082,15.283992767333984,15.714285850524902,15.714285850524902,141590
2009-06-12,14.853700637817383,15.387263298034668,14.251291275024414,15.318416595458984,15.318416595458984,169129
2009-06-15,15.00860595703125,15.077452659606934,13.820998191833496,13.941479682922363,13.941479682922363,116142
2009-06-16,14.285714149475098,14.526678085327148,13.442340850830078,13.597246170043945,13.597246170043945,120499
2009-06-17,13.580034255981445,13.683304786682129,13.08089542388916,13.459551811218262,13.459551811218262,108589
2009-06-18,13.597246170043945,13.597246170043945,12.908778190612793,12.943201065063477,12.943201065063477,74368
2009-06-19,13.993115425109863,14.595524787902832,13.373494148254395,13.562823295593262,13.562823295593262,321642
2009-06-22,13.597246170043945,14.216867446899414,13.425128936767578,14.061962127685547,14.061962127685547,179936
2009-06-23,14.251291275024414,14.251291275024414,12.822718620300293,13.132530212402344,13.132530212402344,161053
2009-06-24,13.04647159576416,13.648880958557129,12.925990104675293,13.132530212402344,13.132530212402344,135896
2009-06-25,12.960412979125977,13.683304786682129,12.960412979125977,13.235799789428711,13.235799789428711,203989
2009-06-26,14.096385955810547,14.234079360961914,13.390706062316895,13.511187553405762,13.511187553405762,912867
2009-06-29,13.648880958557129,13.717727661132812,13.08089542388916,13.184165000915527,13.184165000915527,155069
2009-06-30,13.235799789428711,13.511187553405762,12.960412979125977,13.287434577941895,13.287434577941895,178716
2009-07-01,13.253011703491211,13.666092872619629,13.166954040527344,13.511187553405762,13.511187553405762,92263
2009-07-02,13.253011703491211,13.339071273803711,12.85714340209961,12.925990104675293,12.925990104675293,100804
2009-07-06,12.977624893188477,13.115318298339844,12.719449043273926,12.908778190612793,12.908778190612793,102779
2009-07-07,12.891566276550293,12.99483585357666,12.77108383178711,12.822718620300293,12.822718620300293,77331
2009-07-08,12.85714340209961,12.908778190612793,12.426850318908691,12.547331809997559,12.547331809997559,104812
2009-07-09,12.547331809997559,12.650602340698242,12.409639358520508,12.495697021484375,12.495697021484375,70708
2009-07-10,12.478485107421875,12.564543724060059,12.426850318908691,12.530119895935059,12.530119895935059,110622
2009-07-13,12.598966598510742,13.08089542388916,12.478485107421875,13.01204776763916,13.01204776763916,70069
2009-07-14,12.960412979125977,13.166954040527344,12.685026168823242,13.149742126464844,13.149742126464844,170291
2009-07-15,13.339071273803711,13.855422019958496,13.218588829040527,13.786575317382812,13.786575317382812,184758
2009-07-16,13.666092872619629,14.681583404541016,13.648880958557129,13.958691596984863,13.958691596984863,191846
2009-07-17,14.044750213623047,14.629947662353516,13.97590446472168,14.440620422363281,14.440620422363281,119395
2009-07-20,14.543889999389648,14.939759254455566,14.543889999389648,14.836488723754883,14.836488723754883,154720
2009-07-21,15.02581787109375,15.111875534057617,14.733219146728516,15.043028831481934,15.043028831481934,96446
2009-07-22,14.888124465942383,14.939759254455566,14.578312873840332,14.7504301071167,14.7504301071167,38056
2009-07-23,14.905336380004883,15.679862022399902,14.888124465942383,15.387263298034668,15.387263298034668,158090
2009-07-24,15.318416595458984,15.628227233886719,14.905336380004883,15.542168617248535,15.542168617248535,95575
2009-07-27,15.542168617248535,15.86919116973877,15.2151460647583,15.86919116973877,15.86919116973877,83838
2009-07-28,15.765920639038086,16.006885528564453,14.836488723754883,15.955249786376953,15.955249786376953,76576
2009-07-29,15.180723190307617,15.283992767333984,14.733219146728516,15.077452659606934,15.077452659606934,107311
2009-07-30,15.266780853271484,15.662651062011719,15.180723190307617,15.335627555847168,15.335627555847168,80294
2009-07-31,15.783132553100586,16.833045959472656,15.783132553100586,16.299484252929688,16.299484252929688,164655
2009-08-03,16.72977638244629,16.867469787597656,16.351118087768555,16.471601486206055,16.471601486206055,168316
2009-08-04,15.2323579788208,16.936317443847656,14.716007232666016,16.798622131347656,16.798622131347656,234666
2009-08-05,16.781410217285156,17.693632125854492,16.781410217285156,17.056798934936523,17.056798934936523,180691
2009-08-06,17.22891616821289,19.018932342529297,17.17728042602539,18.96729850769043,18.96729850769043,384332
2009-08-07,19.122203826904297,20.309810638427734,18.95008659362793,20.0172119140625,20.0172119140625,252270
2009-08-10,19.793460845947266,20.4302921295166,19.5524959564209,20.361446380615234,20.361446380615234,111261
2009-08-11,20.223751068115234,20.4819278717041,19.070568084716797,19.5180721282959,19.5180721282959,113295
2009-08-12,19.879518508911133,21.790016174316406,19.707401275634766,20.120481491088867,20.120481491088867,177612
2009-08-13,20.172117233276367,20.292598724365234,19.001720428466797,19.672977447509766,19.672977447509766,95575
2009-08-14,19.672977447509766,19.810670852661133,18.82960319519043,19.053356170654297,19.053356170654297,66466
2009-08-17,18.26161766052246,18.519792556762695,18.072288513183594,18.158348083496094,18.158348083496094,103011
2009-08-18,18.31325340270996,18.743545532226562,18.22719383239746,18.640274047851562,18.640274047851562,102605
2009-08-19,18.27882957458496,19.259897232055664,18.037866592407227,18.89845085144043,18.89845085144043,62457
2009-08-20,18.777969360351562,19.4836483001709,18.571428298950195,18.864028930664062,18.864028930664062,54207
2009-08-21,19.104991912841797,19.6041316986084,18.760757446289062,19.34595489501953,19.34595489501953,82793
2009-08-24,19.4492244720459,19.879518508911133,18.433734893798828,18.82960319519043,18.82960319519043,80701
2009-08-25,19.001720428466797,19.191049575805664,18.709121704101562,18.88123893737793,18.88123893737793,74426
2009-08-26,18.795181274414062,19.001720428466797,18.399311065673828,18.984508514404297,18.984508514404297,114341
2009-08-27,18.864028930664062,18.95008659362793,18.364887237548828,18.537004470825195,18.537004470825195,55544
2009-08-28,18.795181274414062,18.91566276550293,18.072288513183594,18.33046531677246,18.33046531677246,53626
2009-08-31,18.106712341308594,18.399311065673828,17.951807022094727,18.24440574645996,18.24440574645996,110971
2009-09-01,18.24440574645996,18.81239128112793,17.607572555541992,17.900171279907227,17.900171279907227,129505
2009-09-02,17.81411361694336,18.055076599121094,17.693632125854492,17.900171279907227,17.900171279907227,73613
2009-09-03,17.934595108032227,18.089500427246094,17.72805404663086,18.020654678344727,18.020654678344727,51477
2009-09-04,18.020654678344727,18.640274047851562,17.607572555541992,18.640274047851562,18.640274047851562,51883
2009-09-08,18.89845085144043,18.91566276550293,18.364887237548828,18.623064041137695,18.623064041137695,60656
2009-09-09,18.674699783325195,19.4492244720459,18.588640213012695,19.087779998779297,19.087779998779297,52058
2009-09-10,19.087779998779297,19.29431915283203,18.91566276550293,19.122203826904297,19.122203826904297,61818
2009-09-11,19.122203826904297,19.965576171875,19.122203826904297,19.9139404296875,19.9139404296875,59727
2009-09-14,19.776248931884766,20.361446380615234,19.5524959564209,20.223751068115234,20.223751068115234,66466
2009-09-15,20.258176803588867,20.65404510498047,20.189329147338867,20.3786563873291,20.3786563873291,54672
2009-09-16,19.6041316986084,20.189329147338867,19.036144256591797,19.776248931884766,19.776248931884766,209857
2009-09-17,19.638553619384766,19.9139404296875,18.91566276550293,19.328744888305664,19.328744888305664,123753
2009-09-18,19.31153106689453,19.879518508911133,19.31153106689453,19.793460845947266,19.793460845947266,175694
2009-09-21,19.4836483001709,19.690189361572266,19.104991912841797,19.655765533447266,19.655765533447266,65827
2009-09-22,19.759035110473633,19.793460845947266,19.38037872314453,19.5180721282959,19.5180721282959,64026
2009-09-23,19.5008602142334,19.638553619384766,18.96729850769043,19.018932342529297,19.018932342529297,85872
2009-09-24,19.036144256591797,19.191049575805664,17.401033401489258,17.72805404663086,17.72805404663086,198063
2009-09-25,17.745267868041992,17.917383193969727,17.418243408203125,17.900171279907227,17.900171279907227,57984
2009-09-28,17.969018936157227,18.485370635986328,17.607572555541992,18.468158721923828,18.468158721923828,65362
2009-09-29,18.347675323486328,18.864028930664062,18.123924255371094,18.554216384887695,18.554216384887695,94994
2009-09-30,18.588640213012695,18.588640213012695,17.882959365844727,18.29604148864746,18.29604148864746,50663
2009-10-01,18.17555809020996,18.31325340270996,17.71084213256836,17.71084213256836,17.71084213256836,126251
2009-10-02,17.383821487426758,18.003442764282227,17.383821487426758,17.745267868041992,17.745267868041992,74833
2009-10-05,17.900171279907227,18.450946807861328,17.590360641479492,18.433734893798828,18.433734893798828,198353
2009-10-06,18.537004470825195,19.5352840423584,18.502582550048828,19.208261489868164,19.208261489868164,111203
2009-10-07,19.070568084716797,19.43201446533203,18.95008659362793,19.036144256591797,19.036144256591797,56415
2009-10-08,19.242685317993164,20.034423828125,18.96729850769043,19.690189361572266,19.690189361572266,54382
2009-10-09,19.6213436126709,20.0516357421875,19.5524959564209,19.827882766723633,19.827882766723633,56938
2009-10-12,20.0516357421875,20.3958683013916,19.896730422973633,20.258176803588867,20.258176803588867,52116
2009-10-13,20.258176803588867,20.4475040435791,19.862306594848633,20.344234466552734,20.344234466552734,48746
2009-10-14,20.58519744873047,20.72289276123047,19.9827880859375,20.72289276123047,20.72289276123047,79829
2009-10-15,20.4475040435791,20.757314682006836,20.344234466552734,20.65404510498047,20.65404510498047,85698
2009-10-16,19.9827880859375,20.240964889526367,19.4492244720459,20.137693405151367,20.137693405151367,126774
2009-10-19,20.292598724365234,21.445783615112305,19.862306594848633,20.877796173095703,20.877796173095703,170988
2009-10-20,20.860584259033203,20.860584259033203,20.240964889526367,20.740102767944336,20.740102767944336,58100
2009-10-21,20.68846893310547,21.308090209960938,20.275386810302734,20.361446380615234,20.361446380615234,56822
2009-10-22,20.344234466552734,21.239242553710938,20.258176803588867,21.04991340637207,21.04991340637207,116607
2009-10-23,21.06712532043457,21.06712532043457,20.4819278717041,20.63683319091797,20.63683319091797,133746
2009-10-26,20.72289276123047,20.929431915283203,20.189329147338867,20.344234466552734,20.344234466552734,120325
2009-10-27,20.3786563873291,21.015491485595703,20.206539154052734,20.65404510498047,20.65404510498047,74600
2009-10-28,20.671255111694336,20.843372344970703,19.43201446533203,19.5180721282959,19.5180721282959,119570
2009-10-29,19.827882766723633,20.172117233276367,19.328744888305664,20.06884765625,20.06884765625,105684
2009-10-30,19.9483642578125,20.258176803588867,18.691909790039062,18.726333618164062,18.726333618164062,255059
2009-11-02,18.93287467956543,19.104991912841797,18.158348083496094,18.743545532226562,18.743545532226562,81050
2009-11-03,18.640274047851562,19.93115234375,18.519792556762695,19.862306594848633,19.862306594848633,177960
2009-11-04,20.154905319213867,20.3786563873291,19.5180721282959,19.6041316986084,19.6041316986084,89648
2009-11-05,19.793460845947266,20.877796173095703,19.793460845947266,20.808950424194336,20.808950424194336,112714
2009-11-06,20.60240936279297,21.18760871887207,20.4302921295166,20.72289276123047,20.72289276123047,24925
2009-11-09,20.963855743408203,21.73838233947754,20.740102767944336,21.514629364013672,21.514629364013672,50838
2009-11-10,21.411359786987305,22.030981063842773,20.998279571533203,21.376935958862305,21.376935958862305,47700
2009-11-11,21.652324676513672,21.962133407592773,21.10154914855957,21.376935958862305,21.376935958862305,35383
2009-11-12,21.239242553710938,21.514629364013672,20.843372344970703,20.895008087158203,20.895008087158203,49385
2009-11-13,21.03270149230957,21.308090209960938,20.4647159576416,20.61962127685547,20.61962127685547,45609
2009-11-16,20.808950424194336,22.030981063842773,20.808950424194336,21.514629364013672,21.514629364013672,89765
2009-11-17,21.497417449951172,21.531841278076172,20.981067657470703,21.239242553710938,21.239242553710938,129737
2009-11-18,21.514629364013672,21.600688934326172,20.65404510498047,20.895008087158203,20.895008087158203,50489
2009-11-19,20.757314682006836,20.774526596069336,19.879518508911133,20.240964889526367,20.240964889526367,52116
2009-11-20,20.0860595703125,20.808950424194336,20.0860595703125,20.791738510131836,20.791738510131836,52232
2009-11-23,21.204818725585938,21.68674659729004,21.17039680480957,21.394147872924805,21.394147872924805,50605
2009-11-24,21.359725952148438,21.514629364013672,20.946643829345703,21.497417449951172,21.497417449951172,59436
2009-11-25,21.566265106201172,21.75559425354004,21.10154914855957,21.135971069335938,21.135971069335938,32245
2009-11-27,20.292598724365234,21.08433723449707,20.275386810302734,20.4647159576416,20.4647159576416,30967
2009-11-30,20.361446380615234,21.531841278076172,19.776248931884766,21.376935958862305,21.376935958862305,115793
2009-12-01,21.617900848388672,22.048192977905273,21.256454467773438,21.497417449951172,21.497417449951172,71695
2009-12-02,21.566265106201172,21.927711486816406,21.239242553710938,21.566265106201172,21.566265106201172,53801
2009-12-03,21.72117042541504,21.944923400878906,21.342512130737305,21.394147872924805,21.394147872924805,45783
2009-12-04,21.841651916503906,22.426849365234375,21.462995529174805,21.962133407592773,21.962133407592773,192543
2009-12-07,22.16867446899414,23.631669998168945,22.117040634155273,23.459552764892578,23.459552764892578,128866
2009-12-08,23.166954040527344,23.94148063659668,22.994836807250977,23.046472549438477,23.046472549438477,85988
2009-12-09,22.375215530395508,22.616178512573242,21.08433723449707,21.18760871887207,21.18760871887207,126542
2009-12-10,21.359725952148438,21.82444190979004,21.10154914855957,21.308090209960938,21.308090209960938,105800
2009-12-11,21.394147872924805,21.480207443237305,20.60240936279297,21.480207443237305,21.480207443237305,133514
2009-12-14,21.583477020263672,22.117040634155273,21.342512130737305,21.979345321655273,21.979345321655273,33582
2009-12-15,21.979345321655273,22.753873825073242,21.841651916503906,22.18588638305664,22.18588638305664,55021
2009-12-16,22.478485107421875,22.478485107421875,21.445783615112305,21.70395851135254,21.70395851135254,98944
2009-12-17,21.566265106201172,21.77280616760254,21.17039680480957,21.549053192138672,21.549053192138672,64317
2009-12-18,21.841651916503906,22.28915786743164,21.428571701049805,22.28915786743164,22.28915786743164,95342
2009-12-21,22.340791702270508,22.495697021484375,21.514629364013672,21.876075744628906,21.876075744628906,89125
2009-12-22,22.13425064086914,22.13425064086914,21.325300216674805,21.790016174316406,21.790016174316406,101966
2009-12-23,21.996557235717773,22.15146255493164,21.73838233947754,21.858863830566406,21.858863830566406,106730
2009-12-24,21.893287658691406,21.893287658691406,21.514629364013672,21.72117042541504,21.72117042541504,13305
2009-12-28,21.75559425354004,21.75559425354004,21.359725952148438,21.497417449951172,21.497417449951172,63097
2009-12-29,21.497417449951172,21.600688934326172,21.204818725585938,21.480207443237305,21.480207443237305,36661
2009-12-30,21.273666381835938,21.342512130737305,20.63683319091797,20.843372344970703,20.843372344970703,105858
2009-12-31,20.826162338256836,21.11876106262207,20.63683319091797,20.72289276123047,20.72289276123047,40612
2010-01-04,21.06712532043457,21.342512130737305,20.877796173095703,21.308090209960938,21.308090209960938,79307
2010-01-05,21.308090209960938,21.342512130737305,20.63683319091797,20.65404510498047,20.65404510498047,261043
2010-01-06,20.58519744873047,20.70568084716797,20.154905319213867,20.258176803588867,20.258176803588867,147225
2010-01-07,20.120481491088867,20.895008087158203,20.0516357421875,20.895008087158203,20.895008087158203,74078
2010-01-08,20.70568084716797,21.222030639648438,20.70568084716797,21.06712532043457,21.06712532043457,40205
2010-01-11,21.17039680480957,21.256454467773438,20.808950424194336,21.11876106262207,21.11876106262207,44505
2010-01-12,20.877796173095703,21.04991340637207,20.671255111694336,20.791738510131836,20.791738510131836,25796
2010-01-13,20.671255111694336,20.998279571533203,20.327022552490234,20.72289276123047,20.72289276123047,48746
2010-01-14,20.65404510498047,21.11876106262207,20.65404510498047,21.015491485595703,21.015491485595703,77389
2010-01-15,21.11876106262207,21.11876106262207,20.740102767944336,21.10154914855957,21.10154914855957,89067
2010-01-19,21.239242553710938,21.445783615112305,20.946643829345703,21.394147872924805,21.394147872924805,165992
2010-01-20,21.08433723449707,21.08433723449707,20.60240936279297,20.929431915283203,20.929431915283203,106846
2010-01-21,20.912220001220703,20.998279571533203,20.154905319213867,20.189329147338867,20.189329147338867,100048
2010-01-22,20.172117233276367,20.5507755279541,19.9483642578125,20.103269577026367,20.103269577026367,84594
2010-01-25,20.292598724365234,20.292598724365234,19.827882766723633,20.189329147338867,20.189329147338867,235247
2010-01-26,20.0516357421875,20.206539154052734,19.5524959564209,19.9483642578125,19.9483642578125,66002
2010-01-27,19.827882766723633,20.58519744873047,19.5008602142334,20.4819278717041,20.4819278717041,71579
2010-01-28,20.5163516998291,20.5507755279541,19.6041316986084,19.9483642578125,19.9483642578125,63213
2010-01-29,20.103269577026367,20.327022552490234,19.27710723876953,19.39759063720703,19.39759063720703,58216
2010-02-01,19.39759063720703,19.845094680786133,19.139415740966797,19.724613189697266,19.724613189697266,66873
2010-02-02,19.690189361572266,19.9139404296875,19.173837661743164,19.208261489868164,19.208261489868164,124915
2010-02-03,19.41480255126953,19.5697078704834,18.95008659362793,19.27710723876953,19.27710723876953,53336
2010-02-04,19.139415740966797,19.191049575805664,18.537004470825195,18.605852127075195,18.605852127075195,76111
2010-02-05,18.605852127075195,18.605852127075195,17.969018936157227,18.485370635986328,18.485370635986328,66757
2010-02-08,18.485370635986328,18.691909790039062,18.141136169433594,18.416522979736328,18.416522979736328,64491
2010-02-09,18.674699783325195,18.709121704101562,18.27882957458496,18.519792556762695,18.519792556762695,117246
2010-02-10,18.364887237548828,19.225473403930664,18.364887237548828,19.156627655029297,19.156627655029297,118117
2010-02-11,19.018932342529297,19.793460845947266,18.82960319519043,19.724613189697266,19.724613189697266,52522
2010-02-12,19.43201446533203,20.0172119140625,19.173837661743164,20.0172119140625,20.0172119140625,63445
2010-02-16,20.0516357421875,20.946643829345703,19.9483642578125,20.929431915283203,20.929431915283203,75588
2010-02-17,20.998279571533203,21.04991340637207,20.275386810302734,20.4475040435791,20.4475040435791,87034
2010-02-18,19.39759063720703,19.965576171875,19.27710723876953,19.5352840423584,19.5352840423584,238907
2010-02-19,19.5352840423584,20.0172119140625,19.4664363861084,19.724613189697266,19.724613189697266,106788
2010-02-22,19.896730422973633,20.0,19.43201446533203,19.672977447509766,19.672977447509766,124741
2010-02-23,19.690189361572266,19.827882766723633,19.27710723876953,19.31153106689453,19.31153106689453,103650
2010-02-24,19.29431915283203,19.5352840423584,19.053356170654297,19.328744888305664,19.328744888305664,86860
2010-02-25,18.984508514404297,20.06884765625,18.554216384887695,19.845094680786133,19.845094680786133,80991
2010-02-26,19.810670852661133,19.896730422973633,19.43201446533203,19.5008602142334,19.5008602142334,36254
2010-03-01,19.5697078704834,20.309810638427734,19.5697078704834,20.292598724365234,20.292598724365234,106962
2010-03-02,19.4492244720459,20.223751068115234,19.4492244720459,19.965576171875,19.965576171875,115677
2010-03-03,19.9483642578125,20.361446380615234,19.724613189697266,19.9483642578125,19.9483642578125,101675
2010-03-04,19.965576171875,20.137693405151367,19.104991912841797,19.6213436126709,19.6213436126709,113702
2010-03-05,19.672977447509766,20.206539154052734,19.672977447509766,20.103269577026367,20.103269577026367,60598
2010-03-08,20.0516357421875,20.154905319213867,19.776248931884766,19.879518508911133,19.879518508911133,41367
2010-03-09,19.862306594848633,20.0,19.638553619384766,19.845094680786133,19.845094680786133,40612
2010-03-10,19.9139404296875,19.93115234375,19.259897232055664,19.4664363861084,19.4664363861084,84187
2010-03-11,19.242685317993164,19.6213436126709,19.087779998779297,19.41480255126953,19.41480255126953,137755
2010-03-12,19.41480255126953,19.690189361572266,19.242685317993164,19.6213436126709,19.6213436126709,78784
2010-03-15,19.5180721282959,19.672977447509766,19.225473403930664,19.5008602142334,19.5008602142334,97724
2010-03-16,19.5180721282959,19.741823196411133,19.053356170654297,19.5008602142334,19.5008602142334,75181
2010-03-17,19.5352840423584,19.827882766723633,19.27710723876953,19.759035110473633,19.759035110473633,105452
2010-03-18,19.707401275634766,19.9139404296875,19.5697078704834,19.5697078704834,19.5697078704834,30328
2010-03-19,19.122203826904297,19.707401275634766,18.95008659362793,19.122203826904297,19.122203826904297,89125
2010-03-22,19.036144256591797,19.38037872314453,18.88123893737793,19.36316680908203,19.36316680908203,71056
2010-03-23,19.31153106689453,20.0172119140625,19.053356170654297,19.965576171875,19.965576171875,96620
2010-03-24,19.9139404296875,20.4819278717041,19.724613189697266,20.3786563873291,20.3786563873291,217352
2010-03-25,20.4819278717041,20.5335636138916,20.0516357421875,20.0516357421875,20.0516357421875,87963
2010-03-26,20.0860595703125,20.3786563873291,19.9827880859375,20.0860595703125,20.0860595703125,67106
2010-03-29,20.275386810302734,20.4475040435791,20.154905319213867,20.3958683013916,20.3958683013916,63736
2010-03-30,20.3786563873291,20.65404510498047,20.327022552490234,20.56798553466797,20.56798553466797,144204
2010-03-31,20.4130802154541,20.740102767944336,20.240964889526367,20.258176803588867,20.258176803588867,95052
2010-04-01,20.361446380615234,20.5163516998291,19.776248931884766,19.93115234375,19.93115234375,88138
2010-04-05,20.06884765625,20.60240936279297,19.9483642578125,20.60240936279297,20.60240936279297,80759
2010-04-06,20.4819278717041,20.843372344970703,20.3958683013916,20.826162338256836,20.826162338256836,132584
2010-04-07,20.740102767944336,20.740102767944336,20.0,20.344234466552734,20.344234466552734,215609
2010-04-08,20.206539154052734,20.826162338256836,20.103269577026367,20.70568084716797,20.70568084716797,83838
2010-04-09,20.70568084716797,20.808950424194336,20.327022552490234,20.774526596069336,20.774526596069336,154604
2010-04-12,20.826162338256836,20.826162338256836,20.61962127685547,20.808950424194336,20.808950424194336,84884
2010-04-13,20.740102767944336,20.860584259033203,20.5335636138916,20.60240936279297,20.60240936279297,107311
2010-04-14,20.774526596069336,21.600688934326172,20.70568084716797,21.428571701049805,21.428571701049805,155069
2010-04-15,21.514629364013672,22.065404891967773,21.480207443237305,22.030981063842773,22.030981063842773,57461
2010-04-16,21.979345321655273,22.082616806030273,21.428571701049805,21.962133407592773,21.962133407592773,89648
2010-04-19,21.82444190979004,22.16867446899414,21.66953468322754,21.841651916503906,21.841651916503906,119395
2010-04-20,21.910499572753906,22.28915786743164,21.858863830566406,22.22031021118164,22.22031021118164,61586
2010-04-21,22.22031021118164,22.71944808959961,22.22031021118164,22.71944808959961,22.71944808959961,56125
2010-04-22,22.444061279296875,23.27022361755371,22.306367874145508,23.27022361755371,23.27022361755371,75123
2010-04-23,23.28743553161621,23.786575317382812,23.201377868652344,23.648881912231445,23.648881912231445,74717
2010-04-26,23.580034255981445,24.044750213623047,23.580034255981445,23.94148063659668,23.94148063659668,72102
2010-04-27,23.90705680847168,24.010326385498047,23.029260635375977,23.18416404724121,23.18416404724121,105684
2010-04-28,23.27022361755371,23.614458084106445,23.201377868652344,23.32185935974121,23.32185935974121,67106
2010-04-29,23.442340850830078,23.83820915222168,23.30464744567871,23.528398513793945,23.528398513793945,66292
2010-04-30,23.769363403320312,23.769363403320312,22.444061279296875,22.461273193359375,22.461273193359375,90578
2010-05-03,22.80550765991211,23.580034255981445,22.598966598510742,23.528398513793945,23.528398513793945,77389
2010-05-04,23.098106384277344,23.132530212402344,22.392427444458008,22.702238082885742,22.702238082885742,91798
2010-05-05,22.28915786743164,22.77108383178711,21.996557235717773,22.512908935546875,22.512908935546875,68209
2010-05-06,22.409639358520508,22.82271957397461,20.223751068115234,21.376935958862305,21.376935958862305,107950
2010-05-07,21.308090209960938,22.048192977905273,20.929431915283203,21.325300216674805,21.325300216674805,151757
2010-05-10,21.77280616760254,22.650602340698242,21.77280616760254,22.358003616333008,22.358003616333008,121661
2010-05-11,22.117040634155273,22.78829574584961,22.099828720092773,22.616178512573242,22.616178512573242,107427
2010-05-12,22.685026168823242,23.700515747070312,22.306367874145508,23.218589782714844,23.218589782714844,113992
2010-05-13,23.063682556152344,23.459552764892578,22.83993148803711,23.166954040527344,23.166954040527344,46771
2010-05-14,22.908777236938477,22.908777236938477,21.962133407592773,22.375215530395508,22.375215530395508,91275
2010-05-17,22.478485107421875,22.736661911010742,21.77280616760254,22.254732131958008,22.254732131958008,81398
2010-05-18,22.616178512573242,22.85714340209961,21.68674659729004,21.790016174316406,21.790016174316406,89242
2010-05-19,21.652324676513672,22.117040634155273,21.11876106262207,21.411359786987305,21.411359786987305,88835
2010-05-20,20.912220001220703,20.946643829345703,20.0172119140625,20.0860595703125,20.0860595703125,197308
2010-05-21,19.776248931884766,20.4647159576416,19.672977447509766,20.154905319213867,20.154905319213867,115096
2010-05-24,20.120481491088867,20.5507755279541,20.0172119140625,20.172117233276367,20.172117233276367,90636
2010-05-25,19.5180721282959,19.9827880859375,19.139415740966797,19.6041316986084,19.6041316986084,184526
2010-05-26,19.707401275634766,20.361446380615234,19.707401275634766,20.172117233276367,20.172117233276367,179878
2010-05-27,20.68846893310547,20.929431915283203,20.327022552490234,20.929431915283203,20.929431915283203,101791
2010-05-28,20.808950424194336,21.03270149230957,20.309810638427734,20.5335636138916,20.5335636138916,65827
2010-06-01,20.275386810302734,20.774526596069336,19.776248931884766,19.776248931884766,19.776248931884766,80469
2010-06-02,19.879518508911133,20.4991397857666,19.6213436126709,20.4991397857666,20.4991397857666,63852
2010-06-03,20.4991397857666,20.808950424194336,20.137693405151367,20.4647159576416,20.4647159576416,54265
2010-06-04,19.879518508911133,19.879518508911133,18.93287467956543,18.96729850769043,18.96729850769043,127007
2010-06-07,19.018932342529297,19.5352840423584,18.657487869262695,18.726333618164062,18.726333618164062,101443
2010-06-08,19.6041316986084,19.810670852661133,18.554216384887695,18.93287467956543,18.93287467956543,95168
2010-06-09,19.156627655029297,19.827882766723633,18.93287467956543,19.104991912841797,19.104991912841797,57170
2010-06-10,19.5008602142334,19.862306594848633,19.39759063720703,19.776248931884766,19.776248931884766,62864
2010-06-11,19.5697078704834,20.189329147338867,19.4492244720459,20.189329147338867,20.189329147338867,48223
2010-06-14,20.327022552490234,20.68846893310547,19.793460845947266,19.879518508911133,19.879518508911133,51360
2010-06-15,19.9483642578125,20.63683319091797,19.862306594848633,20.5507755279541,20.5507755279541,88951
2010-06-16,20.309810638427734,20.63683319091797,20.223751068115234,20.4647159576416,20.4647159576416,53626
2010-06-17,20.5163516998291,20.72289276123047,20.189329147338867,20.3786563873291,20.3786563873291,38578
2010-06-18,20.361446380615234,20.58519744873047,20.189329147338867,20.361446380615234,20.361446380615234,87441
2010-06-21,20.70568084716797,21.03270149230957,20.292598724365234,20.4819278717041,20.4819278717041,42529
2010-06-22,20.4991397857666,21.015491485595703,20.137693405151367,20.189329147338867,20.189329147338867,81514
2010-06-23,20.103269577026367,20.137693405151367,19.5524959564209,19.741823196411133,19.741823196411133,87905
2010-06-24,19.5352840423584,19.896730422973633,19.29431915283203,19.36316680908203,19.36316680908203,78958
2010-06-25,19.5008602142334,19.9483642578125,18.95008659362793,19.4492244720459,19.4492244720459,446789
2010-06-28,19.5008602142334,19.810670852661133,19.31153106689453,19.41480255126953,19.41480255126953,90636
2010-06-29,18.96729850769043,18.96729850769043,18.072288513183594,18.27882957458496,18.27882957458496,136128
2010-06-30,18.29604148864746,18.519792556762695,17.81411361694336,17.917383193969727,17.917383193969727,97259
2010-07-01,18.020654678344727,18.31325340270996,17.21170425415039,17.72805404663086,17.72805404663086,70766
2010-07-02,17.81411361694336,18.106712341308594,17.573150634765625,17.659208297729492,17.659208297729492,59320
2010-07-06,17.934595108032227,18.33046531677246,17.900171279907227,18.209983825683594,18.209983825683594,175404
2010-07-07,18.347675323486328,18.588640213012695,18.072288513183594,18.571428298950195,18.571428298950195,108589
2010-07-08,18.777969360351562,18.777969360351562,18.26161766052246,18.433734893798828,18.433734893798828,380846
2010-07-09,18.364887237548828,18.519792556762695,18.209983825683594,18.416522979736328,18.416522979736328,139556
2010-07-12,18.31325340270996,18.347675323486328,17.693632125854492,18.037866592407227,18.037866592407227,85465
2010-07-13,18.26161766052246,18.82960319519043,18.141136169433594,18.709121704101562,18.709121704101562,262786
2010-07-14,18.674699783325195,18.777969360351562,18.24440574645996,18.743545532226562,18.743545532226562,174649
2010-07-15,18.777969360351562,18.88123893737793,18.24440574645996,18.571428298950195,18.571428298950195,52581
2010-07-16,18.364887237548828,18.450946807861328,17.83132553100586,17.900171279907227,17.900171279907227,128633
2010-07-19,18.020654678344727,18.158348083496094,17.504302978515625,17.986230850219727,17.986230850219727,37184
2010-07-20,17.659208297729492,18.31325340270996,17.590360641479492,18.27882957458496,18.27882957458496,49443
2010-07-21,18.450946807861328,18.795181274414062,18.27882957458496,18.571428298950195,18.571428298950195,109228
2010-07-22,18.91566276550293,19.43201446533203,18.84681510925293,19.39759063720703,19.39759063720703,60947
2010-07-23,19.242685317993164,20.189329147338867,19.001720428466797,20.154905319213867,20.154905319213867,89823
2010-07-26,20.292598724365234,20.70568084716797,20.154905319213867,20.5163516998291,20.5163516998291,68907
2010-07-27,20.70568084716797,20.791738510131836,20.034423828125,20.06884765625,20.06884765625,46887
2010-07-28,19.9827880859375,20.740102767944336,19.638553619384766,19.845094680786133,19.845094680786133,43459
2010-07-29,20.206539154052734,21.82444190979004,20.206539154052734,21.497417449951172,21.497417449951172,131538
2010-07-30,21.204818725585938,22.409639358520508,21.18760871887207,22.28915786743164,22.28915786743164,108473
2010-08-02,22.547332763671875,22.977624893188477,22.048192977905273,22.392427444458008,22.392427444458008,76750
2010-08-03,22.358003616333008,22.753873825073242,21.82444190979004,22.254732131958008,22.254732131958008,58739
2010-08-04,22.426849365234375,22.78829574584961,22.323579788208008,22.736661911010742,22.736661911010742,46654
2010-08-05,22.512908935546875,22.78829574584961,22.323579788208008,22.461273193359375,22.461273193359375,32710
2010-08-06,22.16867446899414,22.650602340698242,21.910499572753906,22.392427444458008,22.392427444458008,111842
2010-08-09,22.547332763671875,22.83993148803711,22.23752212524414,22.78829574584961,22.78829574584961,57984
2010-08-10,22.478485107421875,22.598966598510742,22.20309829711914,22.392427444458008,22.392427444458008,72974
2010-08-11,21.893287658691406,21.893287658691406,20.912220001220703,21.08433723449707,21.08433723449707,136361
2010-08-12,20.5507755279541,21.394147872924805,20.5507755279541,21.10154914855957,21.10154914855957,80236
2010-08-13,21.204818725585938,21.996557235717773,21.204818725585938,21.325300216674805,21.325300216674805,73032
2010-08-16,21.239242553710938,21.893287658691406,21.015491485595703,21.72117042541504,21.72117042541504,55253
2010-08-17,22.030981063842773,22.85714340209961,22.013769149780273,22.616178512573242,22.616178512573242,87673
2010-08-18,22.495697021484375,22.616178512573242,22.28915786743164,22.495697021484375,22.495697021484375,86511
2010-08-19,22.323579788208008,22.581756591796875,21.66953468322754,21.68674659729004,21.68674659729004,77389
2010-08-20,21.635112762451172,22.117040634155273,21.290878295898438,21.77280616760254,21.77280616760254,73555
2010-08-23,21.893287658691406,21.944923400878906,21.342512130737305,21.514629364013672,21.514629364013672,73322
2010-08-24,21.10154914855957,21.66953468322754,20.843372344970703,21.376935958862305,21.376935958862305,53626
2010-08-25,21.239242553710938,21.583477020263672,20.5335636138916,21.531841278076172,21.531841278076172,120848
2010-08-26,21.652324676513672,21.962133407592773,21.428571701049805,21.549053192138672,21.549053192138672,61063
2010-08-27,21.77280616760254,22.495697021484375,21.480207443237305,22.461273193359375,22.461273193359375,52406
2010-08-30,22.27194595336914,22.392427444458008,21.549053192138672,21.566265106201172,21.566265106201172,36022
2010-08-31,21.549053192138672,21.876075744628906,21.15318489074707,21.497417449951172,21.497417449951172,50663
2010-09-01,21.910499572753906,22.908777236938477,21.910499572753906,22.87435531616211,22.87435531616211,60831
2010-09-02,22.753873825073242,23.25301170349121,22.512908935546875,23.18416404724121,23.18416404724121,48514
2010-09-03,23.511188507080078,23.683305740356445,23.115318298339844,23.631669998168945,23.631669998168945,47584
2010-09-07,23.511188507080078,23.511188507080078,23.012048721313477,23.115318298339844,23.115318298339844,37416
2010-09-08,23.18416404724121,23.769363403320312,23.098106384277344,23.666093826293945,23.666093826293945,51883
2010-09-09,23.97590446472168,24.096385955810547,23.373493194580078,23.648881912231445,23.648881912231445,56008
2010-09-10,23.786575317382812,24.061962127685547,23.459552764892578,23.476764678955078,23.476764678955078,49792
2010-09-13,23.82099723815918,24.54388999938965,23.562822341918945,24.40619659423828,24.40619659423828,123114
2010-09-14,24.37177276611328,24.802064895629883,23.90705680847168,24.30292510986328,24.30292510986328,60540
2010-09-15,24.148021697998047,24.681583404541016,23.803787231445312,24.52667808532715,24.52667808532715,25506
2010-09-16,24.40619659423828,24.49225425720215,23.717727661132812,24.010326385498047,24.010326385498047,39973
2010-09-17,24.199655532836914,24.234079360961914,23.597246170043945,23.92426872253418,23.92426872253418,77157
2010-09-20,23.97590446472168,24.33734893798828,23.648881912231445,24.165231704711914,24.165231704711914,86395
2010-09-21,24.148021697998047,24.251291275024414,23.90705680847168,23.94148063659668,23.94148063659668,63038
2010-09-22,23.83820915222168,24.096385955810547,23.545610427856445,23.683305740356445,23.683305740356445,51244
2010-09-23,23.493976593017578,23.88984489440918,23.218589782714844,23.769363403320312,23.769363403320312,100571
2010-09-24,24.165231704711914,25.094663619995117,24.096385955810547,25.04302978515625,25.04302978515625,69023
2010-09-27,25.06024169921875,25.163511276245117,24.629947662353516,24.92254638671875,24.92254638671875,31897
2010-09-28,25.06024169921875,25.352840423583984,24.234079360961914,25.266780853271484,25.266780853271484,51360
2010-09-29,25.094663619995117,25.765920639038086,24.93975830078125,25.57659149169922,25.57659149169922,65188
2010-09-30,25.869190216064453,26.11015510559082,25.129087448120117,25.59380340576172,25.59380340576172,51709
2010-10-01,25.869190216064453,25.955249786376953,25.335628509521484,25.851978302001953,25.851978302001953,29805
2010-10-04,25.817556381225586,25.920825958251953,24.888124465942383,25.266780853271484,25.266780853271484,40031
2010-10-05,25.64543914794922,26.557659149169922,25.40447425842285,26.316694259643555,26.316694259643555,49850
2010-10-06,26.11015510559082,26.592082977294922,25.938037872314453,26.282272338867188,26.282272338867188,39276
2010-10-07,26.506023406982422,26.74698829650879,26.14457893371582,26.351118087768555,26.351118087768555,32943
2010-10-08,26.351118087768555,27.091222763061523,26.07573127746582,26.798622131347656,26.798622131347656,35732
2010-10-11,26.81583595275879,27.022375106811523,26.66092872619629,26.850257873535156,26.850257873535156,31432
2010-10-12,26.67814064025879,26.67814064025879,25.972461700439453,26.402753829956055,26.402753829956055,32478
2010-10-13,26.523235321044922,27.349397659301758,26.385541915893555,26.987951278686523,26.987951278686523,48049
2010-10-14,27.366609573364258,27.435455322265625,26.67814064025879,27.005163192749023,27.005163192749023,50721
2010-10-15,27.383821487426758,27.401033401489258,26.66092872619629,27.108434677124023,27.108434677124023,64723
2010-10-18,27.21170425415039,27.401033401489258,26.919105529785156,27.022375106811523,27.022375106811523,90752
2010-10-19,26.540447235107422,27.022375106811523,26.07573127746582,26.368330001831055,26.368330001831055,48165
2010-10-20,26.557659149169922,26.970739364624023,26.282272338867188,26.66092872619629,26.66092872619629,27946
2010-10-21,26.867469787597656,27.538726806640625,26.282272338867188,27.074010848999023,27.074010848999023,73903
2010-10-22,27.246126174926758,27.383821487426758,26.901893615722656,27.263338088989258,27.263338088989258,58274
2010-10-25,27.538726806640625,27.969018936157227,27.383821487426758,27.624784469604492,27.624784469604492,53452
2010-10-26,27.452667236328125,27.745267868041992,27.21170425415039,27.332185745239258,27.332185745239258,28992
2010-10-27,27.074010848999023,27.263338088989258,26.351118087768555,27.17728042602539,27.17728042602539,57170
2010-10-28,27.452667236328125,27.71084213256836,27.108434677124023,27.573150634765625,27.573150634765625,78261
2010-10-29,27.418243408203125,28.192771911621094,27.297761917114258,27.659208297729492,27.659208297729492,60947
2010-11-01,27.86574935913086,28.364887237548828,27.366609573364258,27.71084213256836,27.71084213256836,69894
2010-11-02,28.106712341308594,28.554216384887695,27.882959365844727,28.485370635986328,28.485370635986328,53917
2010-11-03,28.485370635986328,28.502582550048828,27.624784469604492,28.485370635986328,28.485370635986328,56008
2010-11-04,29.191049575805664,29.38037872314453,28.691909790039062,28.82960319519043,28.82960319519043,91566
2010-11-05,28.795181274414062,29.018932342529297,28.502582550048828,28.95008659362793,28.95008659362793,78784
2010-11-08,28.795181274414062,29.5008602142334,28.795181274414062,29.208261489868164,29.208261489868164,93309
2010-11-09,29.31153106689453,29.38037872314453,28.33046531677246,28.657487869262695,28.657487869262695,48397
2010-11-10,28.709121704101562,28.84681510925293,28.502582550048828,28.84681510925293,28.84681510925293,79132
2010-11-11,28.416522979736328,28.84681510925293,28.31325340270996,28.795181274414062,28.795181274414062,119686
2010-11-12,28.468158721923828,28.726333618164062,28.072288513183594,28.209983825683594,28.209983825683594,48688
2010-11-15,28.347675323486328,29.104991912841797,28.22719383239746,28.674699783325195,28.674699783325195,38230
2010-11-16,28.347675323486328,28.364887237548828,27.84853744506836,28.158348083496094,28.158348083496094,77796
2010-11-17,28.24440574645996,28.33046531677246,28.055076599121094,28.29604148864746,28.29604148864746,26610
2010-11-18,28.726333618164062,29.39759063720703,28.502582550048828,29.122203826904297,29.122203826904297,90578
2010-11-19,29.156627655029297,29.43201446533203,29.070568084716797,29.191049575805664,29.191049575805664,83664
2010-11-22,29.087779998779297,29.39759063720703,28.89845085144043,29.259897232055664,29.259897232055664,56299
2010-11-23,28.84681510925293,29.328744888305664,28.691909790039062,29.259897232055664,29.259897232055664,67106
2010-11-24,29.638553619384766,30.120481491088867,29.4664363861084,29.845094680786133,29.845094680786133,67338
2010-11-26,29.5697078704834,29.9827880859375,29.39759063720703,29.724613189697266,29.724613189697266,15571
2010-11-29,29.43201446533203,29.43201446533203,28.777969360351562,29.242685317993164,29.242685317993164,73438
2010-11-30,28.864028930664062,29.31153106689453,28.640274047851562,29.053356170654297,29.053356170654297,196204
2010-12-01,29.5352840423584,29.776248931884766,29.070568084716797,29.29431915283203,29.29431915283203,95168
2010-12-02,29.29431915283203,29.707401275634766,29.242685317993164,29.638553619384766,29.638553619384766,80759
2010-12-03,29.4836483001709,29.776248931884766,29.34595489501953,29.655765533447266,29.655765533447266,46945
2010-12-06,29.5697078704834,30.0172119140625,29.43201446533203,29.845094680786133,29.845094680786133,72625
2010-12-07,30.172117233276367,30.309810638427734,29.776248931884766,30.0,30.0,131132
2010-12-08,30.103269577026367,30.5335636138916,29.9827880859375,30.327022552490234,30.327022552490234,37242
2010-12-09,30.60240936279297,30.791738510131836,30.292598724365234,30.56798553466797,30.56798553466797,39043
2010-12-10,30.70568084716797,31.394147872924805,30.60240936279297,31.239242553710938,31.239242553710938,56996
2010-12-13,31.566265106201172,31.566265106201172,31.015491485595703,31.15318489074707,31.15318489074707,86569
2010-12-14,31.273666381835938,31.635112762451172,31.222030639648438,31.549053192138672,31.549053192138672,44911
2010-12-15,31.549053192138672,32.34079360961914,31.325300216674805,31.497417449951172,31.497417449951172,69546
2010-12-16,31.68674659729004,32.06540298461914,31.359725952148438,32.048194885253906,32.048194885253906,61760
2010-12-17,32.11703872680664,32.11703872680664,31.462995529174805,31.893287658691406,31.893287658691406,75995
2010-12-20,31.18760871887207,32.34079360961914,31.18760871887207,31.927711486816406,31.927711486816406,54033
2010-12-21,32.22031021118164,32.77108383178711,32.22031021118164,32.530120849609375,32.530120849609375,47816
2010-12-22,32.581756591796875,32.70223617553711,32.20309829711914,32.426849365234375,32.426849365234375,27539
2010-12-23,32.409637451171875,32.633392333984375,32.11703872680664,32.13425064086914,32.13425064086914,24518
2010-12-27,32.09982681274414,32.30636978149414,31.996557235717773,32.28915786743164,32.28915786743164,22369
2010-12-28,32.409637451171875,32.495697021484375,31.807228088378906,31.962133407592773,31.962133407592773,28295
2010-12-29,31.996557235717773,31.996557235717773,31.325300216674805,31.600688934326172,31.600688934326172,44447
2010-12-30,31.514629364013672,31.927711486816406,31.445783615112305,31.66953468322754,31.66953468322754,29573
2010-12-31,31.531841278076172,32.09982681274414,31.411359786987305,31.68674659729004,31.68674659729004,52639
2011-01-03,32.048194885253906,32.96041488647461,32.03097915649414,32.27194595336914,32.27194595336914,59785
2011-01-04,32.375213623046875,32.478485107421875,31.11876106262207,31.70395851135254,31.70395851135254,60192
2011-01-05,31.428571701049805,32.03097915649414,30.963855743408203,31.549053192138672,31.549053192138672,59088
2011-01-06,31.497417449951172,31.497417449951172,30.895008087158203,31.273666381835938,31.273666381835938,61470
2011-01-07,31.325300216674805,31.72117042541504,30.61962127685547,31.342512130737305,31.342512130737305,39043
2011-01-10,31.15318489074707,31.979345321655273,30.912220001220703,31.70395851135254,31.70395851135254,40089
2011-01-11,31.858863830566406,32.530120849609375,31.858863830566406,32.409637451171875,32.409637451171875,34976
2011-01-12,32.78829574584961,32.92599105834961,32.461273193359375,32.70223617553711,32.70223617553711,37591
2011-01-13,32.73666000366211,32.85714340209961,32.08261489868164,32.392425537109375,32.392425537109375,25448
2011-01-14,32.530120849609375,32.97762680053711,32.27194595336914,32.77108383178711,32.77108383178711,54672
2011-01-18,32.633392333984375,32.68502426147461,32.358001708984375,32.564544677734375,32.564544677734375,25157
2011-01-19,32.478485107421875,32.478485107421875,31.239242553710938,31.480207443237305,31.480207443237305,63968
2011-01-20,31.308090209960938,31.514629364013672,30.963855743408203,31.411359786987305,31.411359786987305,83315
2011-01-21,31.600688934326172,31.73838233947754,31.325300216674805,31.376935958862305,31.376935958862305,46596
2011-01-24,31.411359786987305,31.66953468322754,31.04991340637207,31.411359786987305,31.411359786987305,64665
2011-01-25,31.256454467773438,31.566265106201172,31.03270149230957,31.531841278076172,31.531841278076172,73380
2011-01-26,31.600688934326172,33.28743362426758,31.566265106201172,32.71944808959961,32.71944808959961,108821
2011-01-27,32.71944808959961,33.029258728027344,32.25473403930664,32.495697021484375,32.495697021484375,37765
2011-01-28,32.426849365234375,32.461273193359375,31.08433723449707,31.290878295898438,31.290878295898438,82793
2011-01-31,31.480207443237305,32.34079360961914,31.239242553710938,32.08261489868164,32.08261489868164,59785
2011-02-01,32.30636978149414,32.89156723022461,31.858863830566406,32.82271957397461,32.82271957397461,48688
2011-02-02,32.616180419921875,32.92599105834961,32.18588638305664,32.375213623046875,32.375213623046875,32071
2011-02-03,32.27194595336914,32.30636978149414,31.68674659729004,32.03097915649414,32.03097915649414,39276
2011-02-04,31.979345321655273,32.06540298461914,31.462995529174805,31.790016174316406,31.790016174316406,44098
2011-02-07,31.790016174316406,32.70223617553711,31.790016174316406,32.512908935546875,32.512908935546875,53045
2011-02-08,32.444061279296875,32.581756591796875,32.01376724243164,32.444061279296875,32.444061279296875,40263
2011-02-09,32.22031021118164,32.478485107421875,31.910499572753906,32.30636978149414,32.30636978149414,105161
2011-02-10,32.15146255493164,32.581756591796875,31.893287658691406,32.358001708984375,32.358001708984375,32420
2011-02-11,32.15146255493164,32.89156723022461,32.08261489868164,32.75387191772461,32.75387191772461,41309
2011-02-14,32.83993148803711,32.85714340209961,32.478485107421875,32.530120849609375,32.530120849609375,33233
2011-02-15,36.36832809448242,37.607574462890625,35.283992767333984,35.80034255981445,35.80034255981445,262612
2011-02-16,37.86574935913086,39.586917877197266,36.67814254760742,37.72805404663086,37.72805404663086,248203
2011-02-17,37.91738510131836,38.9328727722168,37.90017318725586,38.48537063598633,38.48537063598633,129505
2011-02-18,38.55421829223633,38.82960510253906,38.31325149536133,38.72633361816406,38.72633361816406,91043
2011-02-22,38.46815872192383,39.41480255126953,38.278831481933594,38.70912170410156,38.70912170410156,153616
2011-02-23,38.62306213378906,38.62306213378906,37.07400894165039,37.22891616821289,37.22891616821289,70708
2011-02-24,37.418243408203125,37.86574935913086,36.746986389160156,37.469879150390625,37.469879150390625,85349
2011-02-25,37.469879150390625,38.089500427246094,37.469879150390625,37.96902084350586,37.96902084350586,76692
2011-02-28,38.29603958129883,38.79518127441406,37.951805114746094,38.175559997558594,38.175559997558594,98363
2011-03-01,38.244407653808594,38.41652297973633,37.76247787475586,38.003440856933594,38.003440856933594,205267
2011-03-02,37.88296127319336,38.261619567871094,37.65920639038086,37.96902084350586,37.96902084350586,55660
2011-03-03,37.951805114746094,39.2082633972168,37.951805114746094,39.0705680847168,39.0705680847168,76983
2011-03-04,38.45094680786133,38.70912170410156,37.34939956665039,37.84853744506836,37.84853744506836,76750
2011-03-07,37.98623275756836,37.98623275756836,36.746986389160156,37.09122085571289,37.09122085571289,72276
2011-03-08,37.12564468383789,38.089500427246094,36.55765914916992,37.504302978515625,37.504302978515625,39740
2011-03-09,37.504302978515625,37.71084213256836,37.09122085571289,37.504302978515625,37.504302978515625,40031
2011-03-10,37.005165100097656,37.005165100097656,35.81755447387695,36.07572937011719,36.07572937011719,98828
2011-03-11,35.80034255981445,36.19621276855469,35.180721282958984,35.78313446044922,35.78313446044922,63213
2011-03-14,35.12908935546875,36.00688552856445,34.802066802978516,35.83476638793945,35.83476638793945,94354
2011-03-15,34.38898468017578,36.07572937011719,34.28571319580078,35.66265106201172,35.66265106201172,85698
2011-03-16,35.421688079833984,35.80034255981445,34.681583404541016,35.146297454833984,35.146297454833984,76692
2011-03-17,35.76592254638672,36.02409744262695,35.404476165771484,35.55937957763672,35.55937957763672,48397
2011-03-18,35.95524978637695,36.919105529785156,35.83476638793945,36.60929489135742,36.60929489135742,97550
2011-03-21,37.21170425415039,37.69363021850586,36.970741271972656,37.366607666015625,37.366607666015625,61993
2011-03-22,37.366607666015625,37.521514892578125,37.12564468383789,37.34939956665039,37.34939956665039,37358
2011-03-23,37.19449234008789,37.34939956665039,36.54044723510742,36.919105529785156,36.919105529785156,49153
2011-03-24,37.21170425415039,37.65920639038086,36.69535446166992,37.573150634765625,37.573150634765625,108008
2011-03-25,37.74526596069336,39.0877799987793,37.69363021850586,38.9845085144043,38.9845085144043,99642
2011-03-28,39.2082633972168,39.29431915283203,38.86402893066406,39.0017204284668,39.0017204284668,71173
2011-03-29,38.9672966003418,39.27710723876953,38.74354553222656,39.2082633972168,39.2082633972168,58042
2011-03-30,39.31153106689453,39.55249786376953,39.24268341064453,39.41480255126953,39.41480255126953,63329
2011-03-31,39.2082633972168,39.655765533447266,39.2082633972168,39.50086212158203,39.50086212158203,53336
2011-04-01,39.9139404296875,40.44750213623047,39.9139404296875,40.378658294677734,40.378658294677734,48223
2011-04-04,39.569705963134766,40.172115325927734,39.36316680908203,39.707401275634766,39.707401275634766,76343
2011-04-05,39.707401275634766,40.309810638427734,39.29431915283203,39.9827880859375,39.9827880859375,45318
2011-04-06,40.172115325927734,40.378658294677734,39.1394157409668,39.604129791259766,39.604129791259766,43866
2011-04-07,39.518070220947266,40.034423828125,38.76075744628906,39.24268341064453,39.24268341064453,60075
2011-04-08,39.535282135009766,39.690189361572266,38.278831481933594,38.55421829223633,38.55421829223633,39682
2011-04-11,38.58863830566406,38.64027404785156,37.76247787475586,38.089500427246094,38.089500427246094,46829
2011-04-12,37.76247787475586,37.93459701538086,37.21170425415039,37.34939956665039,37.34939956665039,44737
2011-04-13,37.590362548828125,37.83132553100586,36.867469787597656,37.401031494140625,37.401031494140625,33698
2011-04-14,36.987953186035156,37.21170425415039,36.764198303222656,36.901893615722656,36.901893615722656,44911
2011-04-15,36.746986389160156,37.69363021850586,36.38554382324219,37.624786376953125,37.624786376953125,67628
2011-04-18,37.12564468383789,37.19449234008789,36.00688552856445,36.64371871948242,36.64371871948242,37068
2011-04-19,36.764198303222656,36.815834045410156,36.24784851074219,36.64371871948242,36.64371871948242,45376
2011-04-20,37.31497573852539,37.641998291015625,37.26333999633789,37.487091064453125,37.487091064453125,25390
2011-04-21,37.79690170288086,38.158348083496094,37.383819580078125,37.96902084350586,37.96902084350586,45899
2011-04-25,37.88296127319336,38.055076599121094,37.418243408203125,37.951805114746094,37.951805114746094,38869
2011-04-26,38.106712341308594,38.82960510253906,37.91738510131836,38.38209915161133,38.38209915161133,41251
2011-04-27,38.38209915161133,38.38209915161133,37.469879150390625,38.003440856933594,38.003440856933594,47410
2011-04-28,37.86574935913086,37.93459701538086,37.24612808227539,37.65920639038086,37.65920639038086,27075
2011-04-29,37.641998291015625,37.90017318725586,37.573150634765625,37.607574462890625,37.607574462890625,34860
2011-05-02,37.84853744506836,37.98623275756836,37.02237319946289,37.02237319946289,37.02237319946289,65072
2011-05-03,38.72633361816406,38.72633361816406,35.232357025146484,35.88640213012695,35.88640213012695,136535
2011-05-04,35.93803787231445,36.31669616699219,35.318416595458984,36.12736511230469,36.12736511230469,100513
2011-05-05,35.97246170043945,36.919105529785156,35.78313446044922,36.14457702636719,36.14457702636719,86104
2011-05-06,36.729774475097656,36.987953186035156,36.04130935668945,36.16178894042969,36.16178894042969,69952
2011-05-09,36.19621276855469,36.987953186035156,35.92082595825195,36.884681701660156,36.884681701660156,46480
2011-05-10,37.005165100097656,38.9672966003418,37.005165100097656,38.60585021972656,38.60585021972656,115619
2011-05-11,38.55421829223633,38.69190979003906,38.037864685058594,38.141136169433594,38.141136169433594,100920
2011-05-12,37.79690170288086,38.53700637817383,37.452667236328125,38.29603958129883,38.29603958129883,51709
2011-05-13,38.29603958129883,38.29603958129883,37.81411361694336,37.96902084350586,37.96902084350586,79016
2011-05-16,37.72805404663086,37.91738510131836,36.850257873535156,36.884681701660156,36.884681701660156,44214
2011-05-17,36.60929489135742,36.815834045410156,36.23063659667969,36.55765914916992,36.55765914916992,75065
2011-05-18,36.71256637573242,37.34939956665039,36.50602340698242,37.28055191040039,37.28055191040039,48165
2011-05-19,37.555938720703125,37.590362548828125,36.54044723510742,37.29776382446289,37.29776382446289,46945
2011-05-20,37.09122085571289,37.09122085571289,35.95524978637695,36.48881149291992,36.48881149291992,71870
2011-05-23,35.66265106201172,35.83476638793945,35.215145111083984,35.80034255981445,35.80034255981445,64898
2011-05-24,35.85197830200195,36.33390808105469,35.473323822021484,35.93803787231445,35.93803787231445,75879
2011-05-25,35.74871063232422,36.798622131347656,35.66265106201172,36.62650680541992,36.62650680541992,75472
2011-05-26,36.50602340698242,37.573150634765625,36.40275573730469,37.33218765258789,37.33218765258789,66292
2011-05-27,37.538726806640625,37.90017318725586,37.16006851196289,37.86574935913086,37.86574935913086,80410
2011-05-31,38.261619567871094,38.81239318847656,37.77968978881836,38.77796936035156,38.77796936035156,103883
2011-06-01,38.58863830566406,39.39759063720703,37.24612808227539,37.33218765258789,37.33218765258789,125670
2011-06-02,37.469879150390625,38.106712341308594,37.418243408203125,37.76247787475586,37.76247787475586,42820
2011-06-03,37.21170425415039,37.96902084350586,36.867469787597656,37.67641830444336,37.67641830444336,68442
2011-06-06,37.65920639038086,38.037864685058594,37.487091064453125,37.67641830444336,37.67641830444336,82851
2011-06-07,38.003440856933594,38.60585021972656,37.72805404663086,38.227195739746094,38.227195739746094,69836
2011-06-08,38.175559997558594,39.827884674072266,37.90017318725586,39.31153106689453,39.31153106689453,184642
2011-06-09,39.638553619384766,41.10154724121094,39.586917877197266,40.481929779052734,40.481929779052734,151176
2011-06-10,40.378658294677734,41.30809020996094,39.55249786376953,39.827884674072266,39.827884674072266,206778
2011-06-13,39.8795166015625,40.0860595703125,38.81239318847656,38.89845275878906,38.89845275878906,128110
2011-06-14,39.25989532470703,39.776248931884766,39.1566276550293,39.690189361572266,39.690189361572266,180168
2011-06-15,39.2082633972168,39.50086212158203,38.62306213378906,38.84681701660156,38.84681701660156,98305
2011-06-16,38.9500846862793,39.965576171875,38.77796936035156,39.586917877197266,39.586917877197266,69430
2011-06-17,39.845096588134766,41.0154914855957,39.604129791259766,39.93115234375,39.93115234375,178774
2011-06-20,39.793460845947266,40.309810638427734,39.39759063720703,39.9827880859375,39.9827880859375,48514
2011-06-21,39.9483642578125,40.9466438293457,39.9483642578125,40.68846893310547,40.68846893310547,91043
2011-06-22,40.395870208740234,40.8777961730957,40.0516357421875,40.103271484375,40.103271484375,63271
2011-06-23,39.586917877197266,40.74010467529297,38.84681701660156,40.68846893310547,40.68846893310547,54788
2011-06-24,40.8433723449707,40.9810676574707,39.672977447509766,40.206539154052734,40.206539154052734,121778
2011-06-27,40.1204833984375,40.8777961730957,39.741825103759766,40.55077362060547,40.55077362060547,50838
2011-06-28,40.70568084716797,42.16867446899414,40.70568084716797,42.16867446899414,42.16867446899414,82095
2011-06-29,42.27194595336914,43.149742126464844,41.721168518066406,42.616180419921875,42.616180419921875,69488
2011-06-30,42.80550765991211,43.149742126464844,42.598968505859375,42.68502426147461,42.68502426147461,114108
2011-07-01,42.83993148803711,43.61445617675781,42.71944808959961,43.51118850708008,43.51118850708008,95110
2011-07-05,43.51118850708008,44.750431060791016,43.51118850708008,44.47504425048828,44.47504425048828,116084
2011-07-06,44.33734893798828,44.647159576416016,44.14802169799805,44.49225616455078,44.49225616455078,50896
2011-07-07,44.853702545166016,45.197933197021484,44.44062042236328,44.784854888916016,44.784854888916016,100745
2011-07-08,44.11359786987305,45.163509368896484,44.11359786987305,45.07745361328125,45.07745361328125,71056
2011-07-11,44.47504425048828,44.784854888916016,43.85542297363281,44.19965744018555,44.19965744018555,104929
2011-07-12,43.78657531738281,44.13080978393555,43.42512893676758,43.61445617675781,43.61445617675781,71173
2011-07-13,43.87263488769531,44.54389190673828,43.71772766113281,44.04475021362305,44.04475021362305,124857
2011-07-14,44.11359786987305,44.44062042236328,42.87435531616211,43.184165954589844,43.184165954589844,40496
2011-07-15,43.42512893676758,43.75215148925781,42.943199157714844,43.51118850708008,43.51118850708008,50431
2011-07-18,43.35628128051758,43.59724426269531,42.77108383178711,43.45955276489258,43.45955276489258,74194
2011-07-19,43.99311447143555,45.146297454833984,43.94147872924805,44.99139404296875,44.99139404296875,71870
2011-07-20,45.11187744140625,45.352840423583984,44.32013702392578,44.526676177978516,44.526676177978516,42762
2011-07-21,44.716007232666016,45.88640213012695,44.40619659423828,45.00860595703125,45.00860595703125,94296
2011-07-22,45.07745361328125,45.180721282958984,44.14802169799805,44.681583404541016,44.681583404541016,26842
2011-07-25,43.99311447143555,44.93975830078125,43.87263488769531,44.733219146728516,44.733219146728516,58390
2011-07-26,44.836490631103516,44.853702545166016,43.046470642089844,43.54561233520508,43.54561233520508,106846
2011-07-27,43.184165954589844,43.184165954589844,41.772804260253906,42.375213623046875,42.375213623046875,179180
2011-07-28,42.30636978149414,42.461273193359375,41.10154724121094,41.42856979370117,41.42856979370117,141648
2011-07-29,45.04302978515625,47.86574935913086,44.06196212768555,46.59208297729492,46.59208297729492,311590
2011-08-01,47.29776382446289,48.74354553222656,46.919105529785156,48.141136169433594,48.141136169433594,205674
2011-08-02,47.72805404663086,49.48365020751953,47.19449234008789,47.22891616821289,47.22891616821289,153791
2011-08-03,47.19449234008789,47.573150634765625,45.02581787109375,46.901893615722656,46.901893615722656,108589
2011-08-04,46.26506042480469,46.26506042480469,43.253013610839844,43.30464553833008,43.30464553833008,177147
2011-08-05,43.97590255737305,43.97590255737305,40.75731658935547,42.68502426147461,42.68502426147461,141996
2011-08-08,42.66781234741211,44.09638595581055,40.275386810302734,40.44750213623047,40.44750213623047,328323
2011-08-09,41.721168518066406,43.39070510864258,39.2082633972168,43.33906936645508,43.33906936645508,371898
2011-08-10,42.495697021484375,43.71772766113281,41.63511276245117,42.478485107421875,42.478485107421875,225893
2011-08-11,42.70223617553711,44.32013702392578,42.547332763671875,43.78657531738281,43.78657531738281,217236
2011-08-12,44.30292510986328,44.40619659423828,42.943199157714844,43.71772766113281,43.71772766113281,103709
2011-08-15,42.92599105834961,43.99311447143555,42.616180419921875,43.184165954589844,43.184165954589844,162564
2011-08-16,42.598968505859375,43.30464553833008,41.51462936401367,42.03097915649414,42.03097915649414,311184
2011-08-17,42.25473403930664,42.71944808959961,41.51462936401367,41.910499572753906,41.910499572753906,89706
2011-08-18,40.413082122802734,40.49913787841797,37.98623275756836,38.244407653808594,38.244407653808594,168083
2011-08-19,37.21170425415039,38.65748596191406,36.746986389160156,37.26333999633789,37.26333999633789,146296
2011-08-22,38.36488723754883,38.53700637817383,37.26333999633789,37.607574462890625,37.607574462890625,90636
2011-08-23,37.79690170288086,40.1376953125,37.69363021850586,39.93115234375,39.93115234375,117536
2011-08-24,39.759037017822266,41.63511276245117,39.621341705322266,41.41136169433594,41.41136169433594,87731
2011-08-25,41.824440002441406,42.13425064086914,39.1222038269043,39.22547149658203,39.22547149658203,65944
2011-08-26,38.9328727722168,41.25645446777344,38.34767532348633,41.08433532714844,41.08433532714844,103360
2011-08-29,41.58347702026367,42.392425537109375,41.58347702026367,42.15146255493164,42.15146255493164,87150
2011-08-30,41.996559143066406,43.37349319458008,41.54905319213867,43.115318298339844,43.115318298339844,83083
2011-08-31,43.37349319458008,44.04475021362305,42.358001708984375,43.166954040527344,43.166954040527344,87324
2011-09-01,43.30464553833008,44.56110382080078,42.633392333984375,42.77108383178711,42.77108383178711,113585
2011-09-02,41.910499572753906,42.375213623046875,40.0172119140625,40.258174896240234,40.258174896240234,75240
2011-09-06,39.0533561706543,40.154903411865234,38.72633361816406,39.41480255126953,39.41480255126953,184816
2011-09-07,40.154903411865234,42.25473403930664,39.93115234375,41.68674850463867,41.68674850463867,291778
2011-09-08,41.34251403808594,41.772804260253906,39.8795166015625,40.344234466552734,40.344234466552734,90578
2011-09-09,39.8623046875,40.481929779052734,39.32874298095703,39.655765533447266,39.655765533447266,131655
2011-09-12,38.209983825683594,38.244407653808594,34.612735748291016,36.24784851074219,36.24784851074219,1296502
2011-09-13,36.798622131347656,37.88296127319336,36.12736511230469,37.71084213256836,37.71084213256836,534869
2011-09-14,38.209983825683594,38.278831481933594,36.09294128417969,37.34939956665039,37.34939956665039,416461
2011-09-15,37.34939956665039,38.106712341308594,36.62650680541992,38.089500427246094,38.089500427246094,213459
2011-09-16,39.0189323425293,40.464717864990234,38.38209915161133,40.361446380615234,40.361446380615234,569090
2011-09-19,39.724613189697266,41.858863830566406,38.88124084472656,41.70396041870117,41.70396041870117,484147
2011-09-20,41.65232467651367,42.13425064086914,40.63683319091797,41.10154724121094,41.10154724121094,475142
2011-09-21,41.15318298339844,41.34251403808594,40.68846893310547,40.8089485168457,40.8089485168457,361905
2011-09-22,38.089500427246094,40.240962982177734,37.71084213256836,38.38209915161133,38.38209915161133,602671
2011-09-23,38.261619567871094,38.51979446411133,37.056800842285156,37.67641830444336,37.67641830444336,306013
2011-09-26,37.67641830444336,38.209983825683594,36.815834045410156,37.86574935913086,37.86574935913086,342674
2011-09-27,38.70912170410156,39.690189361572266,34.93975830078125,37.67641830444336,37.67641830444336,1421823
2011-09-28,37.69363021850586,38.38209915161133,35.301204681396484,36.14457702636719,36.14457702636719,1795290
2011-09-29,36.67814254760742,37.65920639038086,36.16178894042969,37.401031494140625,37.401031494140625,573912
2011-09-30,37.26333999633789,37.26333999633789,34.595523834228516,34.87091064453125,34.87091064453125,668441
2011-10-03,34.26850128173828,34.595523834228516,32.09982681274414,32.82271957397461,32.82271957397461,643574
2011-10-04,32.512908935546875,34.38898468017578,30.808950424194336,34.23407745361328,34.23407745361328,755300
2011-10-05,34.23407745361328,35.61101531982422,33.56282424926758,35.335628509521484,35.335628509521484,389619
2011-10-06,35.283992767333984,37.521514892578125,34.93975830078125,37.487091064453125,37.487091064453125,410535
2011-10-07,37.487091064453125,37.77968978881836,36.66093063354492,36.746986389160156,36.746986389160156,463754
2011-10-10,37.521514892578125,38.089500427246094,37.24612808227539,38.037864685058594,38.037864685058594,230250
2011-10-11,37.607574462890625,37.84853744506836,36.38554382324219,37.67641830444336,37.67641830444336,490073
2011-10-12,38.020652770996094,38.055076599121094,36.953529357910156,37.14285659790039,37.14285659790039,184700
2011-10-13,36.987953186035156,37.12564468383789,35.92082595825195,36.60929489135742,36.60929489135742,185281
2011-10-14,36.884681701660156,37.383819580078125,36.05852127075195,37.17728042602539,37.17728042602539,189348
2011-10-17,36.764198303222656,36.764198303222656,35.52495574951172,35.81755447387695,35.81755447387695,186850
2011-10-18,35.76592254638672,36.41996765136719,35.197933197021484,36.21342468261719,36.21342468261719,239256
2011-10-19,36.09294128417969,36.09294128417969,35.146297454833984,35.421688079833984,35.421688079833984,219269
2011-10-20,34.750431060791016,35.11187744140625,33.75215148925781,34.647159576416016,34.647159576416016,354817
2011-10-21,35.490535736083984,36.12736511230469,34.38898468017578,34.733219146728516,34.733219146728516,268713
2011-10-24,34.99139404296875,35.88640213012695,34.629947662353516,35.80034255981445,35.80034255981445,249772
2011-10-25,35.67986297607422,35.67986297607422,34.664371490478516,35.146297454833984,35.146297454833984,208405
2011-10-26,35.83476638793945,36.62650680541992,34.836490631103516,36.35111999511719,36.35111999511719,377650
2011-10-27,38.278831481933594,41.30809020996094,38.055076599121094,40.8433723449707,40.8433723449707,1194536
2011-10-28,40.8261604309082,44.578311920166016,40.53356170654297,44.07917404174805,44.07917404174805,628700
2011-10-31,43.80378723144531,44.90533447265625,43.37349319458008,43.47676467895508,43.47676467895508,477640
2011-11-01,41.10154724121094,42.80550765991211,40.44750213623047,42.27194595336914,42.27194595336914,325360
2011-11-02,42.581756591796875,43.201377868652344,42.01376724243164,42.633392333984375,42.633392333984375,298460
2011-11-03,43.87263488769531,47.951805114746094,43.52840042114258,47.71084213256836,47.71084213256836,682036
2011-11-04,47.16006851196289,47.86574935913086,46.26506042480469,47.401031494140625,47.401031494140625,261334
2011-11-07,46.47159957885742,48.36488723754883,45.83476638793945,47.98623275756836,47.98623275756836,321932
2011-11-08,48.36488723754883,49.50086212158203,47.12564468383789,48.81239318847656,48.81239318847656,222581
2011-11-09,46.71256637573242,47.90017318725586,46.28227233886719,46.867469787597656,46.867469787597656,273361
2011-11-10,48.45094680786133,48.45094680786133,46.21342468261719,46.47159957885742,46.47159957885742,226590
2011-11-11,47.12564468383789,48.36488723754883,46.764198303222656,48.34767532348633,48.34767532348633,162331
2011-11-14,48.192771911621094,48.192771911621094,46.36832809448242,47.03958511352539,47.03958511352539,186850
2011-11-15,47.72805404663086,52.444061279296875,47.418243408203125,51.65232467651367,51.65232467651367,1131207
2011-11-16,50.77452850341797,56.26506042480469,50.49913787841797,53.080894470214844,53.080894470214844,895321
2011-11-17,52.495697021484375,53.149742126464844,50.103271484375,50.8777961730957,50.8777961730957,388050
2011-11-18,51.13597106933594,51.13597106933594,48.86402893066406,49.24268341064453,49.24268341064453,245647
2011-11-21,47.98623275756836,49.29431915283203,47.72805404663086,48.89845275878906,48.89845275878906,276730
2011-11-22,48.261619567871094,51.42856979370117,47.29776382446289,50.481929779052734,50.481929779052734,236002
2011-11-23,50.172115325927734,50.172115325927734,48.037864685058594,48.34767532348633,48.34767532348633,272315
2011-11-25,47.90017318725586,48.53700637817383,47.607574462890625,47.86574935913086,47.86574935913086,114747
2011-11-28,49.810672760009766,50.9982795715332,48.89845275878906,49.690189361572266,49.690189361572266,205325
2011-11-29,49.8623046875,50.0516357421875,47.86574935913086,48.123924255371094,48.123924255371094,369167
2011-11-30,50.8433723449707,50.8433723449707,49.0533561706543,50.44750213623047,50.44750213623047,391071
2011-12-01,50.8950080871582,51.29087829589844,49.759037017822266,50.68846893310547,50.68846893310547,297472
2011-12-02,52.994834899902344,53.35628128051758,50.9294319152832,52.30636978149414,52.30636978149414,314902
2011-12-05,54.01032638549805,54.13080978393555,53.029258728027344,53.52840042114258,53.52840042114258,302527
2011-12-06,53.45955276489258,54.90533447265625,52.77108383178711,54.47504425048828,54.47504425048828,268887
2011-12-07,54.30292510986328,55.07745361328125,53.35628128051758,54.733219146728516,54.733219146728516,353945
2011-12-08,54.02753829956055,54.44062042236328,53.30464553833008,53.78657531738281,53.78657531738281,276847
2011-12-09,53.87263488769531,54.612735748291016,53.115318298339844,53.59724426269531,53.59724426269531,377301
2011-12-12,52.598968505859375,53.76936340332031,51.51462936401367,52.66781234741211,52.66781234741211,174010
2011-12-13,52.994834899902344,53.28743362426758,51.20481872558594,51.772804260253906,51.772804260253906,246925
2011-12-14,51.39414978027344,51.51462936401367,48.89845275878906,49.1222038269043,49.1222038269043,225428
2011-12-15,51.42856979370117,53.184165954589844,49.1910514831543,49.43201446533203,49.43201446533203,311126
2011-12-16,52.01376724243164,52.01376724243164,49.9139404296875,50.223751068115234,50.223751068115234,525456
2011-12-19,50.72289276123047,51.790016174316406,50.65404510498047,51.48020553588867,51.48020553588867,302294
2011-12-20,49.9139404296875,52.358001708984375,49.9139404296875,51.772804260253906,51.772804260253906,195507
2011-12-21,51.25645446777344,52.20309829711914,49.46643829345703,50.60240936279297,50.60240936279297,213401
2011-12-22,50.68846893310547,50.9810676574707,49.896728515625,50.189327239990234,50.189327239990234,162215
2011-12-23,50.395870208740234,50.9982795715332,49.707401275634766,50.8433723449707,50.8433723449707,158381
2011-12-27,50.44750213623047,50.9466438293457,49.8795166015625,49.896728515625,49.896728515625,122649
2011-12-28,49.896728515625,50.0172119140625,47.81411361694336,48.175559997558594,48.175559997558594,211310
2011-12-29,48.209983825683594,48.82960510253906,47.88296127319336,48.192771911621094,48.192771911621094,167502
2011-12-30,48.020652770996094,49.604129791259766,48.020652770996094,49.0189323425293,49.0189323425293,122591
2012-01-03,49.724613189697266,50.378658294677734,48.43373489379883,48.62306213378906,48.62306213378906,306652
2012-01-04,48.261619567871094,48.88124084472656,47.521514892578125,48.81239318847656,48.81239318847656,574377
2012-01-05,48.53700637817383,49.827884674072266,48.175559997558594,49.38037872314453,49.38037872314453,513778
2012-01-06,49.586917877197266,51.46299362182617,49.0533561706543,50.8777961730957,50.8777961730957,641075
2012-01-09,51.17039489746094,52.73666000366211,50.75731658935547,52.409637451171875,52.409637451171875,676633
2012-01-10,52.92599105834961,55.50774383544922,52.444061279296875,55.50774383544922,55.50774383544922,1500665
2012-01-11,55.404476165771484,55.93803787231445,54.698795318603516,54.95697021484375,54.95697021484375,593492
2012-01-12,54.99139404296875,57.12564468383789,53.42512893676758,56.62650680541992,56.62650680541992,2403248
2012-01-13,56.09294128417969,58.089500427246094,55.73149871826172,56.31669616699219,56.31669616699219,669428
2012-01-17,57.005165100097656,57.005165100097656,55.146297454833984,56.05852127075195,56.05852127075195,517555
2012-01-18,56.43717575073242,57.504302978515625,55.83476638793945,57.33218765258789,57.33218765258789,327626
2012-01-19,58.244407653808594,58.72633361816406,55.55937957763672,56.26506042480469,56.26506042480469,694121
2012-01-20,56.40275573730469,56.66093063354492,55.215145111083984,55.83476638793945,55.83476638793945,321467
2012-01-23,56.62650680541992,58.192771911621094,55.95524978637695,56.40275573730469,56.40275573730469,319841
2012-01-24,55.93803787231445,56.05852127075195,54.01032638549805,54.95697021484375,54.95697021484375,604182
2012-01-25,54.784854888916016,55.04302978515625,51.41136169433594,53.99311447143555,53.99311447143555,1171006
2012-01-26,54.733219146728516,54.733219146728516,52.994834899902344,53.45955276489258,53.45955276489258,476420
2012-01-27,53.92427062988281,55.98967361450195,52.358001708984375,55.490535736083984,55.490535736083984,800269
2012-01-30,54.95697021484375,55.00860595703125,51.807228088378906,53.012046813964844,53.012046813964844,1322007
2012-01-31,53.201377868652344,54.40619659423828,51.08433532714844,52.25473403930664,52.25473403930664,1311666
2012-02-01,52.426849365234375,54.32013702392578,52.22031021118164,53.218589782714844,53.218589782714844,1641325
2012-02-02,53.51118850708008,54.629947662353516,53.40791702270508,54.49225616455078,54.49225616455078,566940
2012-02-03,55.249568939208984,57.573150634765625,54.95697021484375,57.24612808227539,57.24612808227539,1127779
2012-02-06,58.43373489379883,58.64027404785156,56.64371871948242,57.624786376953125,57.624786376953125,1212140
2012-02-07,51.790016174316406,57.22891616821289,51.63511276245117,56.11015319824219,56.11015319824219,1882730
2012-02-08,57.28055191040039,58.70912170410156,55.11187744140625,56.50602340698242,56.50602340698242,756694
2012-02-09,56.40275573730469,59.2082633972168,55.78313446044922,58.79518127441406,58.79518127441406,752860
2012-02-10,57.951805114746094,59.0017204284668,57.33218765258789,57.77968978881836,57.77968978881836,358245
2012-02-13,58.278831481933594,60.67125701904297,57.79690170288086,59.965576171875,59.965576171875,895495
2012-02-14,59.707401275634766,60.464717864990234,58.62306213378906,59.793460845947266,59.793460845947266,430753
2012-02-15,60.154903411865234,61.32530212402344,59.655765533447266,60.44750213623047,60.44750213623047,795157
2012-02-16,60.60240936279297,62.32358169555664,60.53356170654297,62.22031021118164,62.22031021118164,470552
2012-02-17,62.27194595336914,62.530120849609375,60.75731658935547,61.41136169433594,61.41136169433594,234956
2012-02-21,61.41136169433594,62.530120849609375,61.41136169433594,62.01376724243164,62.01376724243164,287130
2012-02-22,61.755592346191406,64.78485107421875,61.0327033996582,61.32530212402344,61.32530212402344,208811
2012-02-23,61.35972595214844,61.807228088378906,61.0154914855957,61.27366638183594,61.27366638183594,207417
2012-02-24,61.08433532714844,61.25645446777344,60.103271484375,60.154903411865234,60.154903411865234,231645
2012-02-27,59.621341705322266,60.74010467529297,59.1049919128418,60.481929779052734,60.481929779052734,283354
2012-02-28,58.227195739746094,59.41480255126953,56.884681701660156,59.41480255126953,59.41480255126953,828216
2012-02-29,59.965576171875,60.378658294677734,58.244407653808594,58.55421829223633,58.55421829223633,3909491
2012-03-01,58.57143020629883,59.43201446533203,58.175559997558594,58.38209915161133,58.38209915161133,668731
2012-03-02,58.261619567871094,58.41652297973633,57.67641830444336,57.83132553100586,57.83132553100586,749316
2012-03-05,57.65920639038086,58.089500427246094,57.14285659790039,57.469879150390625,57.469879150390625,394209
2012-03-06,56.884681701660156,56.884681701660156,55.83476638793945,56.09294128417969,56.09294128417969,835885
2012-03-07,55.93803787231445,57.69363021850586,55.62822723388672,57.573150634765625,57.573150634765625,730549
2012-03-08,57.83132553100586,59.604129791259766,57.81411361694336,58.9845085144043,58.9845085144043,825601
2012-03-09,58.84681701660156,60.464717864990234,58.64027404785156,59.896728515625,59.896728515625,520634
2012-03-12,59.9139404296875,60.65404510498047,58.86402893066406,59.50086212158203,59.50086212158203,321584
2012-03-13,60.0516357421875,60.9982795715332,59.707401275634766,60.9982795715332,60.9982795715332,274000
2012-03-14,60.55077362060547,61.29087829589844,59.690189361572266,60.53356170654297,60.53356170654297,356095
2012-03-15,60.55077362060547,61.23924255371094,60.154903411865234,60.8950080871582,60.8950080871582,173370
2012-03-16,60.9466438293457,61.41136169433594,60.8089485168457,60.9982795715332,60.9982795715332,390955
2012-03-19,61.08433532714844,61.53184127807617,60.206539154052734,60.51634979248047,60.51634979248047,323327
2012-03-20,59.965576171875,60.06884765625,58.51979446411133,59.845096588134766,59.845096588134766,314263
2012-03-21,60.206539154052734,60.240962982177734,58.39931106567383,58.41652297973633,58.41652297973633,302236
2012-03-22,57.71084213256836,57.71084213256836,56.38554382324219,57.33218765258789,57.33218765258789,573563
2012-03-23,57.31497573852539,57.91738510131836,56.953529357910156,57.72805404663086,57.72805404663086,324198
2012-03-26,58.31325149536133,60.67125701904297,58.31325149536133,60.65404510498047,60.65404510498047,473399
2012-03-27,60.9466438293457,61.944923400878906,60.258174896240234,61.53184127807617,61.53184127807617,685929
2012-03-28,61.944923400878906,62.25473403930664,60.103271484375,60.75731658935547,60.75731658935547,445395
2012-03-29,60.189327239990234,60.55077362060547,59.724613189697266,60.223751068115234,60.223751068115234,401355
2012-03-30,60.65404510498047,61.08433532714844,59.9827880859375,60.65404510498047,60.65404510498047,666058
2012-04-02,60.275386810302734,61.20481872558594,60.06884765625,61.0154914855957,61.0154914855957,349936
2012-04-03,60.8433723449707,60.9810676574707,59.690189361572266,60.1204833984375,60.1204833984375,263832
2012-04-04,59.29431915283203,59.621341705322266,57.504302978515625,58.106712341308594,58.106712341308594,429127
2012-04-05,57.69363021850586,57.88296127319336,56.746986389160156,57.03958511352539,57.03958511352539,362602
2012-04-09,56.29948425292969,56.29948425292969,54.97418212890625,55.71428680419922,55.71428680419922,305490
2012-04-10,55.55937957763672,55.76592254638672,53.201377868652344,53.59724426269531,53.59724426269531,739962
2012-04-11,54.23407745361328,54.578311920166016,53.71772766113281,54.35456085205078,54.35456085205078,293115
2012-04-12,54.30292510986328,55.69707489013672,54.09638595581055,55.490535736083984,55.490535736083984,364752
2012-04-13,55.266780853271484,55.67986297607422,54.578311920166016,55.11187744140625,55.11187744140625,279461
2012-04-16,55.50774383544922,55.88640213012695,54.32013702392578,55.06024169921875,55.06024169921875,226241
2012-04-17,55.61101531982422,56.02409744262695,55.11187744140625,55.473323822021484,55.473323822021484,187837
2012-04-18,55.09466552734375,56.04130935668945,54.819278717041016,55.64543914794922,55.64543914794922,184468
2012-04-19,55.54216766357422,56.11015319824219,54.54389190673828,54.612735748291016,54.612735748291016,319899
2012-04-20,55.249568939208984,55.69707489013672,54.819278717041016,55.04302978515625,55.04302978515625,181388
2012-04-23,54.04475021362305,55.50774383544922,52.80550765991211,55.352840423583984,55.352840423583984,445685
2012-04-24,55.249568939208984,58.089500427246094,55.12908935546875,57.84853744506836,57.84853744506836,606448
2012-04-25,58.53700637817383,59.1910514831543,57.93459701538086,58.69190979003906,58.69190979003906,258894
2012-04-26,58.43373489379883,58.91566467285156,57.69363021850586,58.79518127441406,58.79518127441406,200096
2012-04-27,59.0189323425293,60.292598724365234,58.58863830566406,60.258174896240234,60.258174896240234,288989
2012-04-30,60.034423828125,60.06884765625,57.72805404663086,58.33046340942383,58.33046340942383,284748
2012-05-01,58.33046340942383,58.9845085144043,57.17728042602539,57.19449234008789,57.19449234008789,308627
2012-05-02,56.66093063354492,58.62306213378906,56.40275573730469,58.45094680786133,58.45094680786133,216887
2012-05-03,58.244407653808594,58.72633361816406,57.21170425415039,57.77968978881836,57.77968978881836,275975
2012-05-04,57.366607666015625,57.418243408203125,56.07572937011719,56.19621276855469,56.19621276855469,316355
2012-05-07,55.86919021606445,56.901893615722656,55.43889617919922,56.67814254760742,56.67814254760742,267260
2012-05-08,55.54216766357422,57.056800842285156,53.029258728027344,54.33734893798828,54.33734893798828,1064624
2012-05-09,53.32185745239258,54.19965744018555,52.77108383178711,53.44234085083008,53.44234085083008,524353
2012-05-10,53.95869064331055,54.56110382080078,53.49397659301758,54.21686553955078,54.21686553955078,542712
2012-05-11,53.78657531738281,54.647159576416016,53.64888000488281,54.13080978393555,54.13080978393555,296659
2012-05-14,53.44234085083008,53.44234085083008,49.965576171875,50.172115325927734,50.172115325927734,1098497
2012-05-15,50.06884765625,50.06884765625,48.38209915161133,48.51979446411133,48.51979446411133,723461
2012-05-16,48.84681701660156,49.93115234375,48.55421829223633,49.776248931884766,49.776248931884766,667976
2012-05-17,50.034423828125,50.75731658935547,47.69363021850586,47.79690170288086,47.79690170288086,650313
2012-05-18,47.77968978881836,48.39931106567383,46.05852127075195,46.29948425292969,46.29948425292969,678085
2012-05-21,46.60929489135742,48.84681701660156,46.33390808105469,48.50258255004883,48.50258255004883,292127
2012-05-22,48.45094680786133,49.25989532470703,47.76247787475586,48.9500846862793,48.9500846862793,331344
2012-05-23,48.41652297973633,49.845096588134766,46.936317443847656,49.638553619384766,49.638553619384766,420644
2012-05-24,49.655765533447266,50.154903411865234,48.51979446411133,50.1376953125,50.1376953125,386016
2012-05-25,50.344234466552734,50.344234466552734,49.55249786376953,49.759037017822266,49.759037017822266,173022
2012-05-29,50.0172119140625,51.60068893432617,49.9139404296875,50.8089485168457,50.8089485168457,287072
2012-05-30,50.172115325927734,51.22203063964844,49.586917877197266,51.15318298339844,51.15318298339844,506225
2012-05-31,51.15318298339844,51.20481872558594,48.53700637817383,48.76075744628906,48.76075744628906,436099
2012-06-01,47.74526596069336,47.81411361694336,46.31669616699219,46.59208297729492,46.59208297729492,1101286
2012-06-04,46.62650680541992,46.798622131347656,45.54216766357422,46.48881149291992,46.48881149291992,697258
2012-06-05,46.16178894042969,48.003440856933594,46.05852127075195,47.90017318725586,47.90017318725586,356211
2012-06-06,48.261619567871094,49.535282135009766,48.209983825683594,49.535282135009766,49.535282135009766,310254
2012-06-07,50.327022552490234,50.9466438293457,49.9139404296875,50.06884765625,50.06884765625,365681
2012-06-08,49.9483642578125,51.27366638183594,49.569705963134766,51.13597106933594,51.13597106933594,293173
2012-06-11,51.790016174316406,51.876075744628906,49.896728515625,49.9483642578125,49.9483642578125,382589
2012-06-12,50.0516357421875,50.65404510498047,49.759037017822266,50.378658294677734,50.378658294677734,599534
2012-06-13,50.172115325927734,51.962135314941406,49.810672760009766,51.27366638183594,51.27366638183594,1207202
2012-06-14,51.17039489746094,51.893287658691406,50.9466438293457,51.63511276245117,51.63511276245117,364345
2012-06-15,51.910499572753906,52.28915786743164,51.42856979370117,51.841651916503906,51.841651916503906,258777
2012-06-18,51.61790084838867,51.841651916503906,50.8950080871582,51.39414978027344,51.39414978027344,472585
2012-06-19,51.70396041870117,52.20309829711914,51.34251403808594,51.66953659057617,51.66953659057617,397927
2012-06-20,51.65232467651367,52.15146255493164,51.29087829589844,51.53184127807617,51.53184127807617,274290
2012-06-21,51.54905319213867,51.54905319213867,49.1222038269043,49.32874298095703,49.32874298095703,506400
2012-06-22,49.707401275634766,49.707401275634766,47.469879150390625,49.604129791259766,49.604129791259766,3684934
2012-06-25,48.79518127441406,48.9328727722168,48.037864685058594,48.34767532348633,48.34767532348633,552531
2012-06-26,48.31325149536133,48.57143020629883,47.16006851196289,47.21170425415039,47.21170425415039,394848
2012-06-27,47.02237319946289,47.91738510131836,46.55765914916992,46.781410217285156,46.781410217285156,349936
2012-06-28,46.29948425292969,46.35111999511719,44.767642974853516,45.59380340576172,45.59380340576172,592155
2012-06-29,46.781410217285156,47.65920639038086,46.35111999511719,47.452667236328125,47.452667236328125,432496
2012-07-02,47.418243408203125,48.037864685058594,46.62650680541992,47.96902084350586,47.96902084350586,377592
2012-07-03,47.72805404663086,48.39931106567383,47.33218765258789,48.209983825683594,48.209983825683594,147400
2012-07-05,48.037864685058594,48.58863830566406,47.76247787475586,48.34767532348633,48.34767532348633,370504
2012-07-06,47.521514892578125,47.91738510131836,46.884681701660156,47.14285659790039,47.14285659790039,506109
2012-07-09,46.48881149291992,46.66093063354492,44.49225616455078,44.578311920166016,44.578311920166016,1123828
2012-07-10,44.853702545166016,45.04302978515625,43.029258728027344,43.37349319458008,43.37349319458008,818106
2012-07-11,43.33906936645508,43.37349319458008,42.25473403930664,42.68502426147461,42.68502426147461,731770
2012-07-12,42.06540298461914,44.37177276611328,42.048194885253906,43.90705871582031,43.90705871582031,1455579
2012-07-13,44.18244552612305,47.24612808227539,44.07917404174805,46.36832809448242,46.36832809448242,1064276
2012-07-16,45.98967361450195,46.901893615722656,45.12908935546875,46.69535446166992,46.69535446166992,862030
2012-07-17,46.71256637573242,47.14285659790039,46.19621276855469,46.970741271972656,46.970741271972656,522435
2012-07-18,46.901893615722656,48.48537063598633,46.60929489135742,48.209983825683594,48.209983825683594,405945
2012-07-19,48.31325149536133,48.70912170410156,47.72805404663086,47.86574935913086,47.86574935913086,280565
2012-07-20,47.17728042602539,48.089500427246094,46.936317443847656,47.76247787475586,47.76247787475586,206952
2012-07-23,46.729774475097656,47.452667236328125,46.21342468261719,47.14285659790039,47.14285659790039,262438
2012-07-24,47.26333999633789,47.641998291015625,46.24784851074219,46.781410217285156,46.781410217285156,275104
2012-07-25,47.16006851196289,47.538726806640625,46.33390808105469,46.59208297729492,46.59208297729492,275220
2012-07-26,47.34939956665039,48.278831481933594,46.729774475097656,48.261619567871094,48.261619567871094,441909
2012-07-27,48.175559997558594,52.32358169555664,47.69363021850586,51.824440002441406,51.824440002441406,774589
2012-07-30,51.23924255371094,51.41136169433594,49.38037872314453,50.154903411865234,50.154903411865234,907580
2012-07-31,49.655765533447266,50.58519744873047,49.41480255126953,49.810672760009766,49.810672760009766,368935
2012-08-01,50.275386810302734,50.75731658935547,49.24268341064453,49.29431915283203,49.29431915283203,484322
2012-08-02,48.88124084472656,49.41480255126953,47.951805114746094,48.36488723754883,48.36488723754883,406003
2012-08-03,49.690189361572266,53.253013610839844,49.690189361572266,52.87435531616211,52.87435531616211,652695
2012-08-06,53.080894470214844,54.87091064453125,52.90877914428711,53.61445617675781,53.61445617675781,317052
2012-08-07,54.09638595581055,55.04302978515625,53.78657531738281,54.681583404541016,54.681583404541016,339130
2012-08-08,54.32013702392578,55.301204681396484,54.25128936767578,55.232357025146484,55.232357025146484,303921
2012-08-09,55.370052337646484,56.00688552856445,54.93975830078125,55.64543914794922,55.64543914794922,338142
2012-08-10,55.301204681396484,56.02409744262695,54.853702545166016,55.249568939208984,55.249568939208984,239546
2012-08-13,55.07745361328125,58.106712341308594,54.767642974853516,57.93459701538086,57.93459701538086,763725
2012-08-14,57.67641830444336,58.33046340942383,55.78313446044922,55.95524978637695,55.95524978637695,530279
2012-08-15,55.95524978637695,56.936317443847656,55.45610809326172,56.729774475097656,56.729774475097656,237861
2012-08-16,56.66093063354492,57.22891616821289,56.16178894042969,56.987953186035156,56.987953186035156,200387
2012-08-17,57.17728042602539,57.93459701538086,56.919105529785156,57.67641830444336,57.67641830444336,174939
2012-08-20,57.19449234008789,57.83132553100586,56.64371871948242,57.17728042602539,57.17728042602539,208114
2012-08-21,56.67814254760742,57.624786376953125,55.85197830200195,56.29948425292969,56.29948425292969,255466
2012-08-22,56.14457702636719,56.26506042480469,54.733219146728516,55.81755447387695,55.81755447387695,286840
2012-08-23,55.490535736083984,55.90361404418945,54.87091064453125,55.335628509521484,55.335628509521484,193008
2012-08-24,55.387264251708984,55.93803787231445,54.47504425048828,55.352840423583984,55.352840423583984,136419
2012-08-27,55.74871063232422,56.02409744262695,55.02581787109375,55.59380340576172,55.59380340576172,203292
2012-08-28,55.64543914794922,56.41996765136719,55.490535736083984,56.26506042480469,56.26506042480469,186675
2012-08-29,56.48881149291992,56.48881149291992,54.95697021484375,55.45610809326172,55.45610809326172,237397
2012-08-30,55.07745361328125,55.45610809326172,54.853702545166016,55.11187744140625,55.11187744140625,210148
2012-08-31,55.421688079833984,56.71256637573242,55.232357025146484,56.60929489135742,56.60929489135742,262438
2012-09-04,56.66093063354492,57.19449234008789,56.28227233886719,57.10843276977539,57.10843276977539,248784
2012-09-05,57.19449234008789,58.43373489379883,56.970741271972656,57.86574935913086,57.86574935913086,392814
2012-09-06,58.50258255004883,59.896728515625,58.38209915161133,59.672977447509766,59.672977447509766,325476
2012-09-07,60.240962982177734,61.37693786621094,59.604129791259766,60.309810638427734,60.309810638427734,449462
2012-09-10,59.24268341064453,59.690189361572266,57.383819580078125,57.96902084350586,57.96902084350586,855697
2012-09-11,57.91738510131836,58.91566467285156,57.65920639038086,58.106712341308594,58.106712341308594,323733
2012-09-12,58.65748596191406,59.1566276550293,57.90017318725586,58.175559997558594,58.175559997558594,242103
2012-09-13,58.39931106567383,60.258174896240234,58.123924255371094,59.655765533447266,59.655765533447266,424537
2012-09-14,60.103271484375,62.547332763671875,60.103271484375,61.772804260253906,61.772804260253906,617138
2012-09-17,61.54905319213867,61.738380432128906,60.51634979248047,61.61790084838867,61.61790084838867,718407
2012-09-18,61.17039489746094,61.962135314941406,60.9810676574707,61.39414978027344,61.39414978027344,375152
2012-09-19,61.41136169433594,62.426849365234375,60.8950080871582,62.22031021118164,62.22031021118164,678434
2012-09-20,61.61790084838867,62.461273193359375,61.0499153137207,62.461273193359375,62.461273193359375,336399
2012-09-21,62.83993148803711,63.32185745239258,62.20309829711914,63.063682556152344,63.063682556152344,428139
2012-09-24,62.426849365234375,62.70223617553711,61.944923400878906,62.34079360961914,62.34079360961914,519937
2012-09-25,62.444061279296875,63.080894470214844,60.60240936279297,60.65404510498047,60.65404510498047,365507
2012-09-26,60.63683319091797,60.7917366027832,59.41480255126953,60.327022552490234,60.327022552490234,356560
2012-09-27,60.7917366027832,62.23752212524414,60.58519744873047,62.18588638305664,62.18588638305664,302759
2012-09-28,61.721168518066406,63.270225524902344,61.58347702026367,63.115318298339844,63.115318298339844,354178
2012-10-01,63.33906936645508,64.06195831298828,61.755592346191406,62.27194595336914,62.27194595336914,488214
2012-10-02,62.71944808959961,62.78829574584961,61.32530212402344,62.16867446899414,62.16867446899414,227345
2012-10-03,62.616180419921875,62.943199157714844,61.790016174316406,62.943199157714844,62.943199157714844,225718
2012-10-04,63.58003234863281,64.49225616455078,63.45955276489258,63.94147872924805,63.94147872924805,346625
2012-10-05,64.25128936767578,64.49225616455078,63.54561233520508,64.04474639892578,64.04474639892578,269584
2012-10-08,63.61445617675781,63.83821105957031,63.270225524902344,63.51118850708008,63.51118850708008,237106
2012-10-09,63.35628128051758,63.95869064331055,62.82271957397461,63.201377868652344,63.201377868652344,668266
2012-10-10,62.87435531616211,63.61445617675781,62.18588638305664,62.530120849609375,62.530120849609375,1741547
2012-10-11,62.96041488647461,63.44234085083008,62.392425537109375,62.478485107421875,62.478485107421875,632186
2012-10-12,62.97762680053711,63.35628128051758,62.392425537109375,62.633392333984375,62.633392333984375,280855
2012-10-15,62.82271957397461,63.098106384277344,62.564544677734375,63.012046813964844,63.012046813964844,299854
2012-10-16,63.56282424926758,64.01033020019531,63.42512893676758,63.87263488769531,63.87263488769531,472179
2012-10-17,64.02754211425781,64.49225616455078,63.71772766113281,64.21686553955078,64.21686553955078,269468
2012-10-18,64.26850128173828,64.33734893798828,62.92599105834961,63.270225524902344,63.270225524902344,332797
2012-10-19,62.89156723022461,62.994834899902344,61.0154914855957,61.44578170776367,61.44578170776367,423665
2012-10-22,61.15318298339844,61.910499572753906,60.44750213623047,61.18760681152344,61.18760681152344,771219
2012-10-23,60.464717864990234,60.49913787841797,59.31153106689453,60.1376953125,60.1376953125,613710
2012-10-24,60.292598724365234,60.464717864990234,58.88124084472656,59.32874298095703,59.32874298095703,724914
2012-10-25,58.38209915161133,58.86402893066406,57.03958511352539,57.72805404663086,57.72805404663086,1290750
2012-10-26,57.96902084350586,58.58863830566406,57.435455322265625,57.74526596069336,57.74526596069336,337852
2012-10-31,58.48537063598633,59.39759063720703,58.037864685058594,59.1910514831543,59.1910514831543,518078
2012-11-01,58.36488723754883,61.22203063964844,58.36488723754883,61.10154724121094,61.10154724121094,363241
2012-11-02,61.53184127807617,61.53184127807617,60.67125701904297,60.8433723449707,60.8433723449707,215551
2012-11-05,60.75731658935547,61.996559143066406,60.44750213623047,61.772804260253906,61.772804260253906,244252
2012-11-06,61.996559143066406,63.184165954589844,61.944923400878906,62.581756591796875,62.581756591796875,306361
2012-11-07,61.962135314941406,62.530120849609375,61.66953659057617,61.858863830566406,61.858863830566406,417274
2012-11-08,61.790016174316406,62.478485107421875,61.11875915527344,61.15318298339844,61.15318298339844,413382
2012-11-09,60.9638557434082,62.32358169555664,60.9122200012207,61.42856979370117,61.42856979370117,457015
2012-11-12,61.58347702026367,62.444061279296875,61.53184127807617,62.18588638305664,62.18588638305664,273070
2012-11-13,61.41136169433594,63.253013610839844,61.23924255371094,62.25473403930664,62.25473403930664,328497
2012-11-14,62.616180419921875,62.68502426147461,60.58519744873047,60.74010467529297,60.74010467529297,474038
2012-11-15,60.8777961730957,62.06540298461914,60.378658294677734,60.74010467529297,60.74010467529297,949703
2012-11-16,60.9638557434082,62.16867446899414,60.56798553466797,61.962135314941406,61.962135314941406,346334
2012-11-19,62.89156723022461,63.47676467895508,62.444061279296875,62.87435531616211,62.87435531616211,332158
2012-11-20,62.80550765991211,63.28743362426758,62.03097915649414,63.063682556152344,63.063682556152344,472295
2012-11-21,63.098106384277344,63.39070510864258,62.66781234741211,63.28743362426758,63.28743362426758,471307
2012-11-23,63.58003234863281,64.33734893798828,63.45955276489258,63.95869064331055,63.95869064331055,97957
2012-11-26,63.75215148925781,65.30120849609375,63.66609191894531,64.88812255859375,64.88812255859375,304328
2012-11-27,64.83648681640625,65.95525360107422,64.56110382080078,65.40447235107422,65.40447235107422,393337
2012-11-28,65.21514892578125,66.54045104980469,64.69879150390625,66.38554382324219,66.38554382324219,314786
2012-11-29,66.81583404541016,67.9173812866211,66.59208679199219,67.64199829101562,67.64199829101562,472237
2012-11-30,67.46987915039062,67.71084594726562,66.54045104980469,67.10843658447266,67.10843658447266,332390
2012-12-03,67.62478637695312,67.64199829101562,65.67986297607422,65.69707489013672,65.69707489013672,371259
2012-12-04,65.64543914794922,66.48881530761719,65.11187744140625,66.33390808105469,66.33390808105469,340350
2012-12-05,66.41996765136719,66.69535064697266,65.59380340576172,66.57486724853516,66.57486724853516,296310
2012-12-06,66.45439147949219,67.09122467041016,66.28227233886719,66.86746978759766,66.86746978759766,178135
2012-12-07,66.86746978759766,67.12564849853516,66.43717956542969,66.76419830322266,66.76419830322266,139789
2012-12-10,66.54045104980469,67.26333618164062,66.29948425292969,67.12564849853516,67.12564849853516,205209
2012-12-11,67.22891235351562,68.4337387084961,67.05680084228516,68.1067123413086,68.1067123413086,267667
2012-12-12,68.3476791381836,68.70912170410156,67.00516510009766,67.09122467041016,67.09122467041016,232923
2012-12-13,67.00516510009766,67.12564849853516,66.14457702636719,66.66092681884766,66.66092681884766,196378
2012-12-14,67.05680084228516,67.05680084228516,66.57486724853516,66.62650299072266,66.62650299072266,158555
2012-12-17,66.54045104980469,66.95352935791016,66.14457702636719,66.41996765136719,66.41996765136719,327452
2012-12-18,66.43717956542969,67.28054809570312,66.21342468261719,67.12564849853516,67.12564849853516,602090
2012-12-19,67.40103149414062,67.81411743164062,67.07401275634766,67.65921020507812,67.65921020507812,281669
2012-12-20,67.65921020507812,68.62306213378906,67.45266723632812,68.62306213378906,68.62306213378906,232516
2012-12-21,67.74526977539062,68.48536682128906,67.53872680664062,67.9345932006836,67.9345932006836,257267
2012-12-24,67.60757446289062,68.2616195678711,67.16007232666016,67.72805786132812,67.72805786132812,39566
2012-12-26,67.76248168945312,67.9173812866211,67.16007232666016,67.33218383789062,67.33218383789062,84826
2012-12-27,67.34939575195312,68.0722885131836,66.66092681884766,67.38381958007812,67.38381958007812,156870
2012-12-28,66.91910552978516,67.9690170288086,66.91910552978516,67.41824340820312,67.41824340820312,303979
2012-12-31,67.12564849853516,69.7418212890625,67.12564849853516,69.44922637939453,69.44922637939453,202653
2013-01-02,70.94664764404297,72.30636596679688,70.92943572998047,72.27194213867188,72.27194213867188,496290
2013-01-03,72.1342544555664,73.04647064208984,71.51463317871094,71.6695327758789,71.6695327758789,265285
2013-01-04,71.9621353149414,71.9621353149414,70.32701873779297,70.56798553466797,70.56798553466797,283005
2013-01-07,70.034423828125,71.15318298339844,69.724609375,70.37865447998047,70.37865447998047,383751
2013-01-08,70.1549072265625,70.53356170654297,69.34595489501953,69.60413360595703,69.60413360595703,489028
2013-01-09,70.1204833984375,71.10154724121094,69.8795166015625,70.34423065185547,70.34423065185547,473515
2013-01-10,71.03269958496094,71.03269958496094,69.38037872314453,70.32701873779297,70.32701873779297,303921
2013-01-11,70.103271484375,70.53356170654297,69.60413360595703,70.240966796875,70.240966796875,169245
2013-01-14,70.1893310546875,70.43029022216797,69.79345703125,70.1549072265625,70.1549072265625,108821
2013-01-15,69.8795166015625,70.58519744873047,69.8795166015625,70.1549072265625,70.1549072265625,225312
2013-01-16,70.172119140625,70.172119140625,69.48365020751953,69.896728515625,69.896728515625,185223
2013-01-17,70.39586639404297,71.6351089477539,70.0860595703125,71.04991149902344,71.04991149902344,316703
2013-01-18,70.89501190185547,71.04991149902344,69.7762451171875,70.36144256591797,70.36144256591797,210206
2013-01-22,70.46471405029297,70.91221618652344,70.240966796875,70.70568084716797,70.70568084716797,167735
2013-01-23,70.67125701904297,71.10154724121094,70.1549072265625,70.74010467529297,70.74010467529297,245356
2013-01-24,70.63683319091797,73.54560852050781,70.63683319091797,73.39070892333984,73.39070892333984,361905
2013-01-25,73.58003234863281,75.33562469482422,73.30464935302734,75.28399658203125,75.28399658203125,304851
2013-01-28,75.19793701171875,75.45610809326172,74.19965362548828,74.62995147705078,74.62995147705078,346567
2013-01-29,74.38898468017578,76.45439147949219,74.28571319580078,76.43717956542969,76.43717956542969,226764
2013-01-30,76.38554382324219,76.83304595947266,75.95525360107422,76.26506042480469,76.26506042480469,504192
2013-01-31,76.14457702636719,77.26333618164062,76.14457702636719,76.78141021728516,76.78141021728516,517322
2013-02-01,75.98966979980469,77.67642211914062,74.30292510986328,76.48881530761719,76.48881530761719,557644
2013-02-04,76.23063659667969,76.23063659667969,74.73321533203125,74.95697021484375,74.95697021484375,368819
2013-02-05,75.31842041015625,76.88468170166016,75.31842041015625,76.67813873291016,76.67813873291016,459339
2013-02-06,71.7728042602539,73.25301361083984,69.56970977783203,71.01548767089844,71.01548767089844,2127157
2013-02-07,70.80895233154297,72.87435150146484,70.61962127685547,72.25473022460938,72.25473022460938,671171
2013-02-08,72.28915405273438,73.68330383300781,72.18588256835938,73.58003234863281,73.58003234863281,342035
2013-02-11,73.59724426269531,73.90705871582031,72.63339233398438,73.14974212646484,73.14974212646484,185688
2013-02-12,73.16695404052734,73.82099914550781,72.77108764648438,72.90877532958984,72.90877532958984,271385
2013-02-13,73.01204681396484,73.47676086425781,72.47848510742188,73.01204681396484,73.01204681396484,199632
2013-02-14,72.65060424804688,73.04647064208984,72.22030639648438,72.71945190429688,72.71945190429688,214099
2013-02-15,72.71945190429688,73.13253021240234,72.34078979492188,72.71945190429688,72.71945190429688,182608
2013-02-19,72.89156341552734,73.61445617675781,72.51290893554688,73.21858978271484,73.21858978271484,344940
2013-02-20,73.25301361083984,73.70051574707031,72.63339233398438,72.97762298583984,72.97762298583984,466775
2013-02-21,72.68502807617188,72.68502807617188,70.79174041748047,72.0826187133789,72.0826187133789,464568
2013-02-22,72.0309829711914,73.11531829833984,72.0137710571289,72.59896850585938,72.59896850585938,399496
2013-02-25,72.92598724365234,73.14974212646484,71.6006851196289,71.6351089477539,71.6351089477539,425466
2013-02-26,71.8244400024414,72.28915405273438,71.17039489746094,71.8588638305664,71.8588638305664,179703
2013-02-27,71.9621353149414,73.83821105957031,71.7211685180664,73.64888000488281,73.64888000488281,284748
2013-02-28,73.66609191894531,75.02581787109375,73.44234466552734,74.69879150390625,74.69879150390625,272431
2013-03-01,74.52667999267578,75.71428680419922,74.23407745361328,75.47332000732422,75.47332000732422,507039
2013-03-04,75.26678466796875,75.73149871826172,74.76763916015625,75.54216766357422,75.54216766357422,254013
2013-03-05,76.19621276855469,77.29776000976562,75.73149871826172,77.03958892822266,77.03958892822266,207010
2013-03-06,77.31497192382812,77.59036254882812,76.59208679199219,76.83304595947266,76.83304595947266,307988
2013-03-07,76.91910552978516,77.40103149414062,76.26506042480469,76.76419830322266,76.76419830322266,304444
2013-03-08,77.36660766601562,80.39586639404297,77.36660766601562,79.8450927734375,79.8450927734375,321816
2013-03-11,79.759033203125,80.53356170654297,79.67298126220703,80.41307830810547,80.41307830810547,190278
2013-03-12,80.2581787109375,81.48020935058594,80.2581787109375,81.11875915527344,81.11875915527344,289222
2013-03-13,80.98106384277344,81.7383804321289,80.49913787841797,81.5834732055664,81.5834732055664,141880
2013-03-14,82.1342544555664,84.02754211425781,82.1342544555664,83.61445617675781,83.61445617675781,329078
2013-03-15,83.13253021240234,83.68330383300781,82.54733276367188,83.68330383300781,83.68330383300781,563570
2013-03-18,82.44406127929688,82.94319915771484,81.20481872558594,81.5490493774414,81.5490493774414,409256
2013-03-19,81.8760757446289,82.28915405273438,80.80895233154297,81.6695327758789,81.6695327758789,221884
2013-03-20,82.0137710571289,82.27194213867188,81.6178970336914,81.8760757446289,81.8760757446289,123811
2013-03-21,81.30809020996094,81.9277114868164,80.0516357421875,80.39586639404297,80.39586639404297,165178
2013-03-22,80.70568084716797,81.20481872558594,79.965576171875,80.240966796875,80.240966796875,197598
2013-03-25,80.84337615966797,81.08433532714844,79.48365020751953,80.0172119140625,80.0172119140625,176450
2013-03-26,80.309814453125,80.55077362060547,79.22547149658203,79.67298126220703,79.67298126220703,155592
2013-03-27,79.39759063720703,80.32701873779297,78.3304672241211,79.9827880859375,79.9827880859375,443187
2013-03-28,80.34423065185547,80.44750213623047,79.63855743408203,80.103271484375,80.103271484375,347787
2013-04-01,80.034423828125,80.65404510498047,77.81411743164062,78.57142639160156,78.57142639160156,297530
2013-04-02,78.72633361816406,79.41480255126953,77.8657455444336,78.2616195678711,78.2616195678711,136012
2013-04-03,78.3648910522461,78.50257873535156,77.77969360351562,78.3304672241211,78.3304672241211,768954
2013-04-04,78.58863830566406,78.93287658691406,78.2960433959961,78.86402893066406,78.86402893066406,266621
2013-04-05,77.53872680664062,77.8829574584961,76.19621276855469,77.43545532226562,77.43545532226562,416461
2013-04-08,77.65921020507812,79.13941192626953,77.45266723632812,79.13941192626953,79.13941192626953,198063
2013-04-09,79.03614807128906,79.27710723876953,78.64027404785156,78.98451232910156,78.98451232910156,132061
2013-04-10,79.34595489501953,80.80895233154297,79.03614807128906,80.37865447998047,80.37865447998047,244427
2013-04-11,80.43029022216797,80.99827575683594,80.103271484375,80.75731658935547,80.75731658935547,325825
2013-04-12,80.39586639404297,80.91221618652344,79.9139404296875,80.32701873779297,80.32701873779297,154662
2013-04-15,79.50086212158203,79.690185546875,75.30120849609375,75.62822723388672,75.62822723388672,622425
2013-04-16,76.23063659667969,77.10843658447266,75.71428680419922,76.07572937011719,76.07572937011719,294799
2013-04-17,75.52495574951172,75.52495574951172,74.16522979736328,74.35456085205078,74.35456085205078,353655
2013-04-18,74.66437530517578,74.66437530517578,72.75387573242188,73.14974212646484,73.14974212646484,494315
2013-04-19,73.40791320800781,73.80378723144531,72.89156341552734,73.35628509521484,73.35628509521484,370910
2013-04-22,73.39070892333984,73.70051574707031,72.66781616210938,73.23580169677734,73.23580169677734,212472
2013-04-23,73.61445617675781,75.18072509765625,73.61445617675781,75.09466552734375,75.09466552734375,417855
2013-04-24,74.61273956298828,76.47160339355469,74.61273956298828,76.11015319824219,76.11015319824219,414776
2013-04-25,76.11015319824219,80.0172119140625,76.11015319824219,78.76075744628906,78.76075744628906,801896
2013-04-26,79.39759063720703,79.9827880859375,78.4337387084961,79.53528594970703,79.53528594970703,518775
2013-04-29,79.827880859375,80.51634979248047,79.60413360595703,80.0516357421875,80.0516357421875,579315
2013-04-30,80.34423065185547,80.86058807373047,79.48365020751953,80.32701873779297,80.32701873779297,464393
2013-05-01,80.32701873779297,80.41307830810547,77.79690551757812,78.77796936035156,78.77796936035156,616267
2013-05-02,78.98451232910156,79.46643829345703,78.57142639160156,79.00172424316406,79.00172424316406,272896
2013-05-03,79.65576934814453,80.84337615966797,78.81239318847656,78.86402893066406,78.86402893066406,628816
2013-05-06,79.27710723876953,80.034423828125,78.69190979003906,79.60413360595703,79.60413360595703,516567
2013-05-07,78.2788314819336,78.64027404785156,76.95352935791016,77.45266723632812,77.45266723632812,1927932
2013-05-08,77.69363403320312,79.38037872314453,77.07401275634766,79.13941192626953,79.13941192626953,3247267
2013-05-09,79.17383575439453,79.65576934814453,78.64027404785156,79.13941192626953,79.13941192626953,1133647
2013-05-10,79.22547149658203,80.309814453125,79.17383575439453,79.9483642578125,79.9483642578125,702894
2013-05-13,80.2926025390625,81.10154724121094,80.1376953125,80.72289276123047,80.72289276123047,722764
2013-05-14,80.65404510498047,81.8760757446289,80.53356170654297,81.51463317871094,81.51463317871094,800037
2013-05-15,81.15318298339844,83.21858978271484,80.84337615966797,82.77108764648438,82.77108764648438,491758
2013-05-16,82.39242553710938,84.04474639892578,82.18588256835938,83.11531829833984,83.11531829833984,424885
2013-05-17,82.80551147460938,84.38898468017578,82.78829956054688,84.33734893798828,84.33734893798828,623820
2013-05-20,84.30292510986328,86.04130554199219,84.11359405517578,85.02581787109375,85.02581787109375,337212
2013-05-21,85.02581787109375,85.92082977294922,84.73321533203125,85.62822723388672,85.62822723388672,351098
2013-05-22,85.24957275390625,86.41996765136719,83.44234466552734,83.75215148925781,83.75215148925781,802071
2013-05-23,82.1686782836914,84.37177276611328,81.9449234008789,84.32013702392578,84.32013702392578,391594
2013-05-24,83.90705871582031,84.81927490234375,81.9965591430664,84.61273956298828,84.61273956298828,426977
2013-05-28,85.23236083984375,85.98966979980469,84.71600341796875,85.31842041015625,85.31842041015625,358593
2013-05-29,84.61273956298828,85.09466552734375,84.18244171142578,84.57831573486328,84.57831573486328,221245
2013-05-30,84.52667999267578,85.73149871826172,83.95869445800781,85.26678466796875,85.26678466796875,245879
2013-05-31,85.06024169921875,86.85025787353516,84.61273956298828,85.88640594482422,85.88640594482422,560665
2013-06-03,85.88640594482422,86.33390808105469,84.13080596923828,86.31669616699219,86.31669616699219,466892
2013-06-04,86.31669616699219,87.65921020507812,86.12736511230469,87.38381958007812,87.38381958007812,565778
2013-06-05,86.74698638916016,87.05680084228516,83.92427062988281,83.99311828613281,83.99311828613281,353887
2013-06-06,83.87263488769531,84.90533447265625,83.58003234863281,84.85369873046875,84.85369873046875,325941
2013-06-07,85.33562469482422,87.07401275634766,85.07745361328125,86.97074127197266,86.97074127197266,160588
2013-06-10,87.09122467041016,89.24268341064453,86.59208679199219,88.74354553222656,88.74354553222656,361150
2013-06-11,87.79690551757812,88.2616195678711,86.90189361572266,87.79690551757812,87.79690551757812,163726
2013-06-12,88.2788314819336,89.39759063720703,86.93631744384766,87.76248168945312,87.76248168945312,620624
2013-06-13,87.81411743164062,89.38037872314453,87.41824340820312,89.15662384033203,89.15662384033203,197772
2013-06-14,89.24268341064453,90.58519744873047,89.01893615722656,89.8623046875,89.8623046875,184758
2013-06-17,90.87779998779297,91.13597106933594,89.8795166015625,90.53356170654297,90.53356170654297,268364
2013-06-18,90.60240936279297,92.0998306274414,90.39586639404297,91.6523208618164,91.6523208618164,160647
2013-06-19,91.7383804321289,92.34078979492188,90.275390625,90.2926025390625,90.2926025390625,268364
2013-06-20,89.25989532470703,89.58692169189453,87.48709106445312,87.77969360351562,87.77969360351562,319550
2013-06-21,88.3304672241211,88.62306213378906,86.33390808105469,87.52151489257812,87.52151489257812,397520
2013-06-24,86.72977447509766,86.78141021728516,85.28399658203125,86.12736511230469,86.12736511230469,398798
2013-06-25,87.02237701416016,87.77969360351562,86.12736511230469,86.40275573730469,86.40275573730469,244775
2013-06-26,87.10843658447266,89.00172424316406,86.66092681884766,88.3993148803711,88.3993148803711,263542
2013-06-27,88.91566467285156,90.32701873779297,88.88124084472656,90.034423828125,90.034423828125,275162
2013-06-28,89.29431915283203,90.53356170654297,88.72633361816406,89.690185546875,89.690185546875,1315152
2013-07-01,90.51634979248047,91.6178970336914,90.103271484375,91.27366638183594,91.27366638183594,290151
2013-07-02,91.13597106933594,91.7211685180664,89.690185546875,90.1549072265625,90.1549072265625,263542
2013-07-03,89.7418212890625,90.172119140625,88.89845275878906,89.8450927734375,89.8450927734375,207417
2013-07-05,90.53356170654297,91.01548767089844,90.2237548828125,90.96385192871094,90.96385192871094,378231
2013-07-08,88.74354553222656,89.50086212158203,86.28227233886719,87.74526977539062,87.74526977539062,529988
2013-07-09,88.3132553100586,88.67469787597656,87.12564849853516,87.34939575195312,87.34939575195312,393453
2013-07-10,87.31497192382812,87.9345932006836,87.03958892822266,87.67642211914062,87.67642211914062,245414
2013-07-11,88.3821029663086,89.29431915283203,87.55593872070312,87.79690551757812,87.79690551757812,407223
2013-07-12,88.0895004272461,90.41307830810547,87.9345932006836,90.0860595703125,90.0860595703125,295961
2013-07-15,90.34423065185547,90.56798553466797,89.62134552001953,89.7418212890625,89.7418212890625,176043
2013-07-16,89.896728515625,89.965576171875,88.67469787597656,89.19104766845703,89.19104766845703,196785
2013-07-17,89.19104766845703,90.2237548828125,88.76075744628906,89.827880859375,89.827880859375,113063
2013-07-18,89.896728515625,91.01548767089844,89.79345703125,90.74010467529297,90.74010467529297,117304
2013-07-19,90.60240936279297,91.7039566040039,89.9827880859375,91.51463317871094,91.51463317871094,87208
2013-07-22,91.5490493774414,92.30636596679688,91.41136169433594,91.6006851196289,91.6006851196289,125322
2013-07-23,91.5490493774414,91.5490493774414,90.0,90.2237548828125,90.2237548828125,217236
2013-07-24,90.61962127685547,90.86058807373047,90.034423828125,90.0860595703125,90.0860595703125,230773
2013-07-25,90.36144256591797,91.6695327758789,89.22547149658203,90.32701873779297,90.32701873779297,300493
2013-07-26,89.8106689453125,90.1893310546875,88.84681701660156,90.0172119140625,90.0172119140625,170640
2013-07-29,90.37865447998047,91.35972595214844,90.0,90.86058807373047,90.86058807373047,168839
2013-07-30,91.29087829589844,91.5834732055664,90.49913787841797,91.20481872558594,91.20481872558594,235421
2013-07-31,91.27366638183594,92.42684936523438,91.08433532714844,91.34251403808594,91.34251403808594,228565
2013-08-01,92.39242553710938,94.19965362548828,92.34078979492188,94.02754211425781,94.02754211425781,327510
2013-08-02,93.88984680175781,93.99311828613281,93.09810638427734,93.71772766113281,93.71772766113281,98712
2013-08-05,93.59724426269531,94.52667999267578,93.23580169677734,93.92427062988281,93.92427062988281,102953
2013-08-06,93.83821105957031,93.99311828613281,91.9965591430664,92.42684936523438,92.42684936523438,190975
2013-08-07,92.1514663696289,92.1514663696289,90.53356170654297,90.99827575683594,90.99827575683594,130609
2013-08-08,91.44578552246094,91.8416519165039,90.77452850341797,90.89501190185547,90.89501190185547,148910
2013-08-09,90.67125701904297,91.15318298339844,90.58519744873047,90.86058807373047,90.86058807373047,183247
2013-08-12,90.67125701904297,91.22203063964844,90.49913787841797,90.79174041748047,90.79174041748047,290500
2013-08-13,90.89501190185547,90.94664764404297,89.20825958251953,90.72289276123047,90.72289276123047,203873
2013-08-14,90.49913787841797,90.84337615966797,89.48365020751953,89.53528594970703,89.53528594970703,164597
2013-08-15,89.13941192626953,89.13941192626953,87.31497192382812,88.58863830566406,88.58863830566406,269584
2013-08-16,88.2960433959961,89.44922637939453,87.72805786132812,89.10498809814453,89.10498809814453,114806
2013-08-19,89.15662384033203,89.29431915283203,88.69190979003906,89.15662384033203,89.15662384033203,207882
2013-08-20,89.08778381347656,90.0516357421875,88.69190979003906,89.55249786376953,89.55249786376953,180982
2013-08-21,89.19104766845703,89.9827880859375,88.98451232910156,89.12220001220703,89.12220001220703,94935
2013-08-22,89.27710723876953,91.9277114868164,89.17383575439453,91.8072280883789,91.8072280883789,113876
2013-08-23,92.1514663696289,92.87435150146484,90.86058807373047,92.73666381835938,92.73666381835938,152048
2013-08-26,92.28915405273438,93.58003234863281,92.28915405273438,92.75387573242188,92.75387573242188,194693
2013-08-27,91.7211685180664,91.7211685180664,90.43029022216797,90.74010467529297,90.74010467529297,199515
2013-08-28,90.61962127685547,91.39414978027344,89.9827880859375,91.34251403808594,91.34251403808594,120209
2013-08-29,90.94664764404297,91.11875915527344,90.41307830810547,90.86058807373047,90.86058807373047,108182
2013-08-30,90.70568084716797,90.98106384277344,89.50086212158203,89.65576934814453,89.65576934814453,87557
2013-09-03,90.91221618652344,91.8244400024414,90.87779998779297,91.46299743652344,91.46299743652344,150770
2013-09-04,91.30809020996094,93.11531829833984,90.99827575683594,92.89156341552734,92.89156341552734,410186
2013-09-05,92.90877532958984,93.25301361083984,92.54733276367188,92.85713958740234,92.85713958740234,168374
2013-09-06,93.28743743896484,93.45954895019531,91.27366638183594,93.18416595458984,93.18416595458984,163435
2013-09-09,93.33907318115234,94.49225616455078,93.02925872802734,93.87263488769531,93.87263488769531,167328
2013-09-10,94.61273956298828,96.55765533447266,94.07917022705078,96.21342468261719,96.21342468261719,195390
2013-09-11,95.83477020263672,96.86746978759766,95.52495574951172,95.90361022949219,95.90361022949219,101733
2013-09-12,96.04130554199219,96.36833190917969,94.69879150390625,95.18072509765625,95.18072509765625,130376
2013-09-13,95.66265106201172,95.71428680419922,94.44062042236328,95.04302978515625,95.04302978515625,142868
2013-09-16,96.19621276855469,96.66092681884766,95.47332000732422,96.17900085449219,96.17900085449219,130899
2013-09-17,96.17900085449219,96.47160339355469,95.64543914794922,96.43717956542969,96.43717956542969,59088
2013-09-18,96.26506042480469,98.95008850097656,96.09294128417969,98.3132553100586,98.3132553100586,150189
2013-09-19,98.64027404785156,98.93287658691406,97.8313217163086,98.89845275878906,98.89845275878906,91275
2013-09-20,98.89845275878906,98.93287658691406,97.45266723632812,98.0206527709961,98.0206527709961,199399
2013-09-23,97.50430297851562,97.74526977539062,96.28227233886719,97.33218383789062,97.33218383789062,154546
2013-09-24,97.52151489257812,98.1067123413086,96.47160339355469,97.05680084228516,97.05680084228516,217120
2013-09-25,97.48709106445312,98.2444076538086,96.81583404541016,97.31497192382812,97.31497192382812,263600
2013-09-26,97.69363403320312,97.69363403320312,96.76419830322266,97.22891235351562,97.22891235351562,117013
2013-09-27,96.91910552978516,97.29776000976562,95.90361022949219,96.83304595947266,96.83304595947266,130376
2013-09-30,95.86919403076172,97.26333618164062,95.57659149169922,97.22891235351562,97.22891235351562,104173
2013-10-01,97.43545532226562,98.70912170410156,97.05680084228516,98.70912170410156,98.70912170410156,157102
2013-10-02,98.2271957397461,99.24268341064453,97.24612426757812,99.24268341064453,99.24268341064453,177263
2013-10-03,99.01893615722656,99.827880859375,97.53872680664062,98.50257873535156,98.50257873535156,294625
2013-10-04,98.3993148803711,99.51807403564453,97.9345932006836,99.29431915283203,99.29431915283203,110797
2013-10-07,98.95008850097656,99.24268341064453,98.3648910522461,99.17383575439453,99.17383575439453,177437
2013-10-08,99.07056427001953,99.36316680908203,97.02237701416016,97.24612426757812,97.24612426757812,368761
2013-10-09,97.34939575195312,97.38381958007812,94.61273956298828,95.85198211669922,95.85198211669922,353364
2013-10-10,96.91910552978516,97.69363403320312,96.72977447509766,97.50430297851562,97.50430297851562,137581
2013-10-11,97.50430297851562,97.9173812866211,97.14286041259766,97.57315063476562,97.57315063476562,194926
2013-10-14,96.86746978759766,97.67642211914062,96.78141021728516,97.41824340820312,97.41824340820312,205035
2013-10-15,97.29776000976562,97.8829574584961,95.30120849609375,95.71428680419922,95.71428680419922,280333
2013-10-16,95.83477020263672,96.38554382324219,94.73321533203125,95.26678466796875,95.26678466796875,250818
2013-10-17,95.02581787109375,95.07745361328125,94.13080596923828,94.61273956298828,94.61273956298828,333610
2013-10-18,95.30120849609375,96.24784851074219,94.85369873046875,96.11015319824219,96.11015319824219,272954
2013-10-21,96.24784851074219,97.17728424072266,96.17900085449219,96.95352935791016,96.95352935791016,165120
2013-10-22,97.38381958007812,98.72633361816406,97.26333618164062,97.9173812866211,97.9173812866211,209509
2013-10-23,97.45266723632812,97.8485336303711,95.61101531982422,97.03958892822266,97.03958892822266,222232
2013-10-24,94.81927490234375,97.60757446289062,93.85542297363281,96.48881530761719,96.48881530761719,234840
2013-10-25,97.24612426757812,97.9690170288086,96.43717956542969,97.9690170288086,97.9690170288086,311765
2013-10-28,97.9345932006836,97.9862289428711,96.04130554199219,96.17900085449219,96.17900085449219,288350
2013-10-29,96.16178894042969,96.52323913574219,94.83648681640625,96.38554382324219,96.38554382324219,222639
2013-10-30,96.50602722167969,96.98795318603516,95.00860595703125,95.69707489013672,95.69707489013672,167038
2013-10-31,95.85198211669922,97.07401275634766,95.07745361328125,96.31669616699219,96.31669616699219,194112
2013-11-01,96.64371490478516,96.98795318603516,95.52495574951172,96.71256256103516,96.71256256103516,180168
2013-11-04,96.85025787353516,97.74526977539062,96.83304595947266,97.62478637695312,97.62478637695312,145482
2013-11-05,97.53872680664062,97.55593872070312,96.04130554199219,96.81583404541016,96.81583404541016,213401
2013-11-06,97.36660766601562,98.2444076538086,96.52323913574219,97.43545532226562,97.43545532226562,296949
2013-11-07,97.62478637695312,97.9173812866211,95.38726043701172,95.62822723388672,95.62822723388672,197889
2013-11-08,95.43889617919922,97.77969360351562,95.35283660888672,97.62478637695312,97.62478637695312,226590
2013-11-11,97.81411743164062,99.38037872314453,97.81411743164062,99.36316680908203,99.36316680908203,187489
2013-11-12,99.24268341064453,99.62134552001953,98.88124084472656,99.55249786376953,99.55249786376953,144843
2013-11-13,99.13941192626953,100.94664764404297,98.70912170410156,100.80895233154297,100.80895233154297,171744
2013-11-14,101.20481872558594,101.6178970336914,100.240966796875,100.84337615966797,100.84337615966797,154197
2013-11-15,101.27366638183594,101.35972595214844,100.240966796875,101.22203063964844,101.22203063964844,111552
2013-11-18,101.5490493774414,101.7211685180664,99.31153106689453,99.7762451171875,99.7762451171875,176508
2013-11-19,99.41480255126953,100.32701873779297,99.13941192626953,99.8795166015625,99.8795166015625,245531
2013-11-20,99.8795166015625,100.60240936279297,98.3993148803711,98.70912170410156,98.70912170410156,302062
2013-11-21,98.84681701660156,99.56970977783203,98.1755599975586,98.79518127441406,98.79518127441406,220489
2013-11-22,98.88124084472656,98.88124084472656,97.71084594726562,98.2616195678711,98.2616195678711,204512
2013-11-25,98.3304672241211,98.96730041503906,97.9862289428711,98.79518127441406,98.79518127441406,85756
2013-11-26,98.89845275878906,101.06712341308594,98.55421447753906,101.01548767089844,101.01548767089844,170698
2013-11-27,100.96385192871094,101.35972595214844,100.309814453125,100.74010467529297,100.74010467529297,125961
2013-11-29,100.75731658935547,100.77452850341797,99.827880859375,99.965576171875,99.965576171875,36371
2013-12-02,100.87779998779297,101.46299743652344,99.67298126220703,101.17039489746094,101.17039489746094,188418
2013-12-03,101.10154724121094,101.5490493774414,100.51634979248047,100.91221618652344,100.91221618652344,141415
2013-12-04,100.65404510498047,101.10154724121094,99.65576934814453,100.61962127685547,100.61962127685547,141996
2013-12-05,100.53356170654297,101.30809020996094,99.827880859375,100.98106384277344,100.98106384277344,107543
2013-12-06,101.41136169433594,103.02925872802734,101.30809020996094,102.32357788085938,102.32357788085938,110506
2013-12-09,102.73666381835938,103.23580169677734,102.0309829711914,102.61618041992188,102.61618041992188,158148
2013-12-10,102.53012084960938,103.85542297363281,102.25473022460938,102.44406127929688,102.44406127929688,105800
2013-12-11,102.1514663696289,102.30636596679688,99.8450927734375,100.1376953125,100.1376953125,139614
2013-12-12,100.1204833984375,101.27366638183594,100.1204833984375,100.74010467529297,100.74010467529297,118466
2013-12-13,100.91221618652344,101.22203063964844,100.53356170654297,101.15318298339844,101.15318298339844,71056
2013-12-16,101.48020935058594,104.16522979736328,101.10154724121094,103.85542297363281,103.85542297363281,156754
2013-12-17,104.62995147705078,106.21342468261719,104.11359405517578,105.83477020263672,105.83477020263672,393511
2013-12-18,106.04130554199219,107.22891235351562,104.44062042236328,106.86746978759766,106.86746978759766,308976
2013-12-19,106.97074127197266,107.31497192382812,104.38898468017578,105.09466552734375,105.09466552734375,421748
2013-12-20,105.02581787109375,106.28227233886719,104.52667999267578,106.23063659667969,106.23063659667969,510931
2013-12-23,106.64371490478516,108.84681701660156,105.98966979980469,108.53700256347656,108.53700256347656,233388
2013-12-24,109.03614807128906,109.03614807128906,107.9518051147461,108.53700256347656,108.53700256347656,51941
2013-12-26,108.64027404785156,109.58692169189453,108.64027404785156,109.34595489501953,109.34595489501953,70882
2013-12-27,109.827880859375,110.79174041748047,108.95008850097656,109.29431915283203,109.29431915283203,85872
2013-12-30,109.08778381347656,110.0516357421875,108.65748596191406,109.38037872314453,109.38037872314453,58100
2013-12-31,109.8623046875,110.37865447998047,108.84681701660156,109.62134552001953,109.62134552001953,90694
2014-01-02,109.25989532470703,109.93115234375,108.0034408569336,108.76075744628906,108.76075744628906,131538
2014-01-03,108.62306213378906,109.58692169189453,108.3476791381836,109.03614807128906,109.03614807128906,140834
2014-01-06,109.60413360595703,109.60413360595703,108.2616195678711,108.4337387084961,108.4337387084961,183189
2014-01-07,108.86402893066406,109.39759063720703,107.9518051147461,108.79518127441406,108.79518127441406,137407
2014-01-08,108.51979064941406,109.29431915283203,108.1239242553711,108.95008850097656,108.95008850097656,287769
2014-01-09,109.22547149658203,109.55249786376953,107.59036254882812,108.81239318847656,108.81239318847656,198934
2014-01-10,108.81239318847656,109.39759063720703,108.2444076538086,108.79518127441406,108.79518127441406,206720
2014-01-13,108.1755599975586,109.50086212158203,107.62478637695312,108.2099838256836,108.2099838256836,239314
2014-01-14,108.72633361816406,112.18588256835938,107.81411743164062,111.44578552246094,111.44578552246094,410477
2014-01-15,112.1686782836914,112.1686782836914,110.49913787841797,110.99827575683594,110.99827575683594,454981
2014-01-16,110.96385192871094,112.30636596679688,110.79174041748047,112.28915405273438,112.28915405273438,106497
2014-01-17,112.22030639648438,112.49569702148438,111.39414978027344,111.9277114868164,111.9277114868164,171511
2014-01-21,112.18588256835938,112.61618041992188,111.34251403808594,112.25473022460938,112.25473022460938,100106
2014-01-22,112.0826187133789,112.97762298583984,111.8416519165039,112.35800170898438,112.35800170898438,60424
2014-01-23,111.9965591430664,112.0998306274414,111.01548767089844,111.8932876586914,111.8932876586914,175985
2014-01-24,111.04991149902344,111.41136169433594,106.67813873291016,106.72977447509766,106.72977447509766,377650
2014-01-27,106.93631744384766,107.79690551757812,105.61101531982422,106.04130554199219,106.04130554199219,283470
2014-01-28,106.54045104980469,107.65921020507812,105.86919403076172,107.46987915039062,107.46987915039062,278415
2014-01-29,106.36833190917969,106.86746978759766,102.68502807617188,103.68330383300781,103.68330383300781,734675
2014-01-30,104.26850128173828,105.16351318359375,104.14801788330078,104.76763916015625,104.76763916015625,466543
2014-01-31,103.04647064208984,104.88812255859375,102.32357788085938,103.70051574707031,103.70051574707031,387992
2014-02-03,103.14974212646484,104.21686553955078,100.34423065185547,100.79174041748047,100.79174041748047,452367
2014-02-04,101.08433532714844,104.49225616455078,100.43029022216797,104.21686553955078,104.21686553955078,428720
2014-02-05,103.80378723144531,104.16522979736328,103.04647064208984,103.52839660644531,103.52839660644531,382298
2014-02-06,107.59036254882812,111.8416519165039,107.55593872070312,109.39759063720703,109.39759063720703,591400
2014-02-07,110.0172119140625,111.8416519165039,109.67298126220703,110.79174041748047,110.79174041748047,267551
2014-02-10,111.46299743652344,111.46299743652344,108.89845275878906,109.20825958251953,109.20825958251953,189638
2014-02-11,109.53528594970703,110.46471405029297,108.77796936035156,110.1549072265625,110.1549072265625,132875
2014-02-12,110.2926025390625,111.9104995727539,109.7418212890625,111.9104995727539,111.9104995727539,263658
2014-02-13,110.94664764404297,120.1549072265625,110.82616424560547,119.9827880859375,119.9827880859375,891486
2014-02-14,119.34595489501953,119.62134552001953,117.03958892822266,117.43545532226562,117.43545532226562,3747159
2014-02-18,118.2271957397461,119.38037872314453,117.77969360351562,119.36316680908203,119.36316680908203,1128012
2014-02-19,119.15662384033203,121.10154724121094,118.77796936035156,119.759033203125,119.759033203125,505528
2014-02-20,119.79345703125,120.49913787841797,119.34595489501953,120.37865447998047,120.37865447998047,236699
2014-02-21,120.80895233154297,121.37693786621094,120.034423828125,120.06884765625,120.06884765625,368761
2014-02-24,120.0516357421875,121.7555923461914,119.65576934814453,121.5490493774414,121.5490493774414,311067
2014-02-25,121.35972595214844,122.73666381835938,120.84337615966797,121.39414978027344,121.39414978027344,441328
2014-02-26,121.7039566040039,122.56454467773438,121.37693786621094,121.9277114868164,121.9277114868164,301016
2014-02-27,121.8932876586914,124.88812255859375,121.5490493774414,124.18244171142578,124.18244171142578,591690
2014-02-28,123.95869445800781,124.56110382080078,121.6695327758789,122.42684936523438,122.42684936523438,749606
2014-03-03,120.67125701904297,121.6178970336914,118.93287658691406,120.48192596435547,120.48192596435547,586113
2014-03-04,122.32357788085938,122.58175659179688,121.41136169433594,121.44578552246094,121.44578552246094,284458
2014-03-05,123.21858978271484,123.52839660644531,121.8416519165039,122.51290893554688,122.51290893554688,520111
2014-03-06,123.73493957519531,124.56110382080078,122.44406127929688,123.11531829833984,123.11531829833984,319434
2014-03-07,123.52839660644531,124.19965362548828,122.58175659179688,124.06195831298828,124.06195831298828,265633
2014-03-10,123.47676086425781,123.66609191894531,120.82616424560547,121.7728042602539,121.7728042602539,354584
2014-03-11,122.46127319335938,122.46127319335938,119.01893615722656,119.12220001220703,119.12220001220703,309557
2014-03-12,118.0378646850586,119.50086212158203,116.69535064697266,118.74354553222656,118.74354553222656,380148
2014-03-13,119.34595489501953,119.39759063720703,116.14457702636719,116.93631744384766,116.93631744384766,438248
2014-03-14,116.88468170166016,118.1067123413086,116.24784851074219,117.02237701416016,117.02237701416016,320944
2014-03-17,118.50257873535156,119.8623046875,117.9345932006836,119.05335235595703,119.05335235595703,244717
2014-03-18,119.00172424316406,121.6523208618164,118.81239318847656,120.82616424560547,120.82616424560547,289745
2014-03-19,120.51634979248047,121.6006851196289,120.103271484375,121.23924255371094,121.23924255371094,281204
2014-03-20,121.08433532714844,122.0826187133789,119.46643829345703,121.9965591430664,121.9965591430664,309208
2014-03-21,122.59896850585938,123.27022552490234,121.39414978027344,122.56454467773438,122.56454467773438,1324506
2014-03-24,123.20137786865234,123.63166809082031,119.55249786376953,121.48020935058594,121.48020935058594,341338
2014-03-25,121.8760757446289,123.13253021240234,120.68846893310547,121.20481872558594,121.20481872558594,386539
2014-03-26,121.6178970336914,122.0998306274414,118.89845275878906,118.91566467285156,118.91566467285156,311765
2014-03-27,118.82960510253906,119.7073974609375,117.07401275634766,118.76075744628906,118.76075744628906,333726
2014-03-28,118.3132553100586,119.51807403564453,117.76248168945312,118.0034408569336,118.0034408569336,413382
2014-03-31,119.19104766845703,123.09810638427734,118.93287658691406,122.77108764648438,122.77108764648438,326406
2014-04-01,122.22030639648438,123.87263488769531,121.42857360839844,123.35628509521484,123.35628509521484,428081
2014-04-02,123.82099914550781,124.30292510986328,123.02925872802734,123.95869445800781,123.95869445800781,225370
2014-04-03,123.85542297363281,125.11187744140625,122.58175659179688,122.92598724365234,122.92598724365234,542480
2014-04-04,123.87263488769531,124.62995147705078,120.44750213623047,120.94664764404297,120.94664764404297,507736
2014-04-07,120.48192596435547,121.20481872558594,115.83477020263672,116.83304595947266,116.83304595947266,370446
2014-04-08,116.78141021728516,117.9173812866211,115.67986297607422,117.57315063476562,117.57315063476562,222988
2014-04-09,118.0378646850586,119.48365020751953,116.74698638916016,119.41480255126953,119.41480255126953,206952
2014-04-10,119.51807403564453,119.51807403564453,116.19621276855469,116.90189361572266,116.90189361572266,337561
2014-04-11,116.60929107666016,117.55593872070312,116.02409362792969,117.00516510009766,117.00516510009766,286317
2014-04-14,118.58863830566406,119.50086212158203,116.54045104980469,117.72805786132812,117.72805786132812,187140
2014-04-15,118.4509506225586,119.53528594970703,115.59380340576172,116.97074127197266,116.97074127197266,401936
2014-04-16,118.0722885131836,121.49742126464844,117.81411743164062,121.49742126464844,121.49742126464844,231877
2014-04-17,121.18760681152344,124.21686553955078,121.18760681152344,123.63166809082031,123.63166809082031,246402
2014-04-21,123.44234466552734,124.52667999267578,121.8932876586914,124.33734893798828,124.33734893798828,176973
2014-04-22,124.80206298828125,126.90189361572266,124.02754211425781,126.85025787353516,126.85025787353516,394383
2014-04-23,126.76419830322266,127.10843658447266,125.21514892578125,125.98966979980469,125.98966979980469,577746
2014-04-24,123.73493957519531,127.31497192382812,116.29948425292969,124.61273956298828,124.61273956298828,1063811
2014-04-25,123.87263488769531,123.95869445800781,121.46299743652344,121.7383804321289,121.7383804321289,441328
2014-04-28,122.70223999023438,122.90877532958984,118.95008850097656,121.13597106933594,121.13597106933594,472179
2014-04-29,121.17039489746094,122.25473022460938,120.275390625,122.23751831054688,122.23751831054688,402982
2014-04-30,121.9277114868164,124.01033020019531,121.04991149902344,123.88984680175781,123.88984680175781,222930
2014-05-01,123.92427062988281,125.30120849609375,122.78829956054688,124.21686553955078,124.21686553955078,231412
2014-05-02,124.32013702392578,126.88468170166016,124.25128936767578,126.05851745605469,126.05851745605469,327161
2014-05-05,124.76763916015625,126.60929107666016,123.99311828613281,126.28227233886719,126.28227233886719,232690
2014-05-06,126.07572937011719,127.52151489257812,125.45610809326172,126.17900085449219,126.17900085449219,358187
2014-05-07,126.24784851074219,127.12564849853516,124.81927490234375,127.07401275634766,127.07401275634766,349413
2014-05-08,126.71256256103516,128.70912170410156,126.38554382324219,127.19448852539062,127.19448852539062,281843
2014-05-09,126.86746978759766,127.03958892822266,124.69879150390625,126.97074127197266,126.97074127197266,274987
2014-05-12,127.64199829101562,128.86402893066406,127.00516510009766,128.72633361816406,128.72633361816406,313682
2014-05-13,128.65748596191406,129.3975830078125,127.26333618164062,127.77969360351562,127.77969360351562,201084
2014-05-14,127.71084594726562,128.22718811035156,126.54045104980469,126.71256256103516,126.71256256103516,226822
2014-05-15,126.00688171386719,126.93631744384766,121.13597106933594,124.18244171142578,124.18244171142578,359697
2014-05-16,124.30292510986328,124.50946807861328,122.89156341552734,124.09638977050781,124.09638977050781,230947
2014-05-19,123.88984680175781,125.67986297607422,123.32186126708984,125.28399658203125,125.28399658203125,178658
2014-05-20,125.00860595703125,125.00860595703125,121.23924255371094,122.54733276367188,122.54733276367188,231064
2014-05-21,122.89156341552734,124.16522979736328,122.71945190429688,123.87263488769531,123.87263488769531,134734
2014-05-22,124.06195831298828,126.12736511230469,124.01033020019531,125.43889617919922,125.43889617919922,271037
2014-05-23,125.28399658203125,126.60929107666016,124.87091064453125,126.50602722167969,126.50602722167969,194286
2014-05-27,127.07401275634766,128.34767150878906,126.29948425292969,126.98795318603516,126.98795318603516,151699
2014-05-28,126.83304595947266,127.50430297851562,125.97245788574219,126.54045104980469,126.54045104980469,172731
2014-05-29,126.76419830322266,126.97074127197266,125.59380340576172,126.33390808105469,126.33390808105469,109518
2014-05-30,126.24784851074219,126.24784851074219,124.95697021484375,125.28399658203125,125.28399658203125,180342
2014-06-02,125.37004852294922,127.8313217163086,124.50946807861328,126.91910552978516,126.91910552978516,336573
2014-06-03,126.50602722167969,127.50430297851562,125.64543914794922,126.14457702636719,126.14457702636719,133921
2014-06-04,126.00688171386719,126.81583404541016,125.31842041015625,126.33390808105469,126.33390808105469,194577
2014-06-05,127.21170043945312,128.74354553222656,126.59208679199219,128.43373107910156,128.43373107910156,265517
2014-06-06,128.88124084472656,129.13941955566406,128.43373107910156,128.74354553222656,128.74354553222656,231006
2014-06-09,128.91566467285156,129.724609375,127.9862289428711,128.93287658691406,128.93287658691406,286607
2014-06-10,128.69190979003906,128.72633361816406,126.95352935791016,127.9345932006836,127.9345932006836,194054
2014-06-11,127.55593872070312,127.55593872070312,125.98966979980469,127.19448852539062,127.19448852539062,165527
2014-06-12,126.83304595947266,126.83304595947266,124.92254638671875,125.16351318359375,125.16351318359375,161867
2014-06-13,125.52495574951172,126.26506042480469,124.61273956298828,125.93804168701172,125.93804168701172,86743
2014-06-16,125.54216766357422,126.40275573730469,124.97418212890625,125.73149871826172,125.73149871826172,189116
2014-06-17,125.69707489013672,127.69363403320312,125.07745361328125,126.88468170166016,126.88468170166016,111552
2014-06-18,126.88468170166016,127.41824340820312,125.74871063232422,127.29776000976562,127.29776000976562,112946
2014-06-19,127.48709106445312,127.74526977539062,126.93631744384766,127.36660766601562,127.36660766601562,206197
2014-06-20,127.48709106445312,128.62306213378906,126.83304595947266,128.57142639160156,128.57142639160156,1039177
2014-06-23,129.03614807128906,129.36317443847656,127.8657455444336,128.65748596191406,128.65748596191406,265691
2014-06-24,128.20997619628906,129.05335998535156,126.64371490478516,127.02237701416016,127.02237701416016,199806
2014-06-25,126.50602722167969,127.76248168945312,126.36833190917969,127.52151489257812,127.52151489257812,194693
2014-06-26,127.50430297851562,127.76248168945312,126.04130554199219,126.91910552978516,126.91910552978516,156463
2014-06-27,127.22891235351562,128.60585021972656,126.81583404541016,127.9518051147461,127.9518051147461,677330
2014-06-30,127.48709106445312,128.79518127441406,126.79862213134766,128.29603576660156,128.29603576660156,492223
2014-07-01,128.81239318847656,129.3975830078125,128.03787231445312,128.95008850097656,128.95008850097656,384273
2014-07-02,129.08778381347656,129.5352783203125,128.22718811035156,128.67469787597656,128.67469787597656,188302
2014-07-03,129.34596252441406,129.34596252441406,128.45094299316406,128.77796936035156,128.77796936035156,218746
2014-07-07,128.70912170410156,129.36317443847656,127.03958892822266,127.28054809570312,127.28054809570312,161692
2014-07-08,126.48881530761719,127.60757446289062,124.68157958984375,125.59380340576172,125.59380340576172,184468
2014-07-09,125.67986297607422,126.52323913574219,124.66437530517578,124.97418212890625,124.97418212890625,206081
2014-07-10,124.02754211425781,124.09638977050781,122.77108764648438,123.11531829833984,123.11531829833984,311532
2014-07-11,123.06368255615234,123.61445617675781,122.68502807617188,123.20137786865234,123.20137786865234,257906
2014-07-14,125.26678466796875,126.69535064697266,124.83648681640625,126.14457702636719,126.14457702636719,436389
2014-07-15,125.83477020263672,126.40275573730469,124.25128936767578,124.69879150390625,124.69879150390625,318795
2014-07-16,125.54216766357422,125.62822723388672,124.38898468017578,125.12908935546875,125.12908935546875,232109
2014-07-17,113.18416595458984,120.1376953125,113.11531829833984,118.0206527709961,118.0206527709961,1523324
2014-07-18,118.2788314819336,119.07056427001953,115.37004852294922,116.47160339355469,116.47160339355469,834897
2014-07-21,116.00688171386719,117.9862289428711,115.43889617919922,117.52151489257812,117.52151489257812,395777
2014-07-22,117.64199829101562,118.62306213378906,117.03958892822266,117.10843658447266,117.10843658447266,370271
2014-07-23,118.1239242553711,118.79518127441406,117.57315063476562,118.48536682128906,118.48536682128906,357838
2014-07-24,118.79518127441406,120.58519744873047,118.3993148803711,119.8106689453125,119.8106689453125,399496
2014-07-25,114.85369873046875,119.39759063720703,114.85369873046875,118.1927719116211,118.1927719116211,311532
2014-07-28,118.0378646850586,118.1755599975586,115.37004852294922,115.67986297607422,115.67986297607422,474851
2014-07-29,115.61101531982422,116.29948425292969,113.35628509521484,113.35628509521484,113.35628509521484,594421
2014-07-30,114.02754211425781,114.13080596923828,111.8760757446289,112.0998306274414,112.0998306274414,339072
2014-07-31,110.55077362060547,111.08433532714844,107.9518051147461,108.3821029663086,108.3821029663086,801083
2014-08-01,107.81411743164062,109.36316680908203,106.95352935791016,108.55421447753906,108.55421447753906,613246
2014-08-04,108.62306213378906,109.25989532470703,107.28054809570312,109.17383575439453,109.17383575439453,676865
2014-08-05,108.2444076538086,109.79345703125,106.91910552978516,107.24612426757812,107.24612426757812,307059
2014-08-06,107.36660766601562,107.41824340820312,105.83477020263672,106.24784851074219,106.24784851074219,558922
2014-08-07,107.05680084228516,107.10843658447266,105.02581787109375,105.24957275390625,105.24957275390625,337445
2014-08-08,106.23063659667969,107.74526977539062,105.67986297607422,107.43545532226562,107.43545532226562,564732
2014-08-11,108.0550765991211,108.69190979003906,107.76248168945312,108.1927719116211,108.1927719116211,482346
2014-08-12,108.2960433959961,109.29431915283203,107.8313217163086,108.3821029663086,108.3821029663086,348600
2014-08-13,108.51979064941406,109.7418212890625,107.69363403320312,108.55421447753906,108.55421447753906,389677
2014-08-14,108.91566467285156,109.690185546875,108.4509506225586,109.690185546875,109.690185546875,207068
2014-08-15,110.1376953125,110.79174041748047,109.22547149658203,110.0860595703125,110.0860595703125,442954
2014-08-18,110.82616424560547,112.44406127929688,110.43029022216797,112.42684936523438,112.42684936523438,263135
2014-08-19,112.73666381835938,112.73666381835938,111.6867446899414,111.7900161743164,111.7900161743164,223685
2014-08-20,111.44578552246094,112.59896850585938,111.39414978027344,112.1686782836914,112.1686782836914,166573
2014-08-21,112.53012084960938,112.53012084960938,110.94664764404297,111.18760681152344,111.18760681152344,244194
2014-08-22,111.20481872558594,111.20481872558594,109.9483642578125,110.80895233154297,110.80895233154297,188476
2014-08-25,111.11875915527344,112.25473022460938,110.91221618652344,111.7900161743164,111.7900161743164,183654
2014-08-26,111.8072280883789,111.8072280883789,110.65404510498047,110.79174041748047,110.79174041748047,262961
2014-08-27,110.94664764404297,111.5490493774414,110.1204833984375,110.67125701904297,110.67125701904297,181795
2014-08-28,110.2926025390625,110.63683319091797,109.53528594970703,109.7418212890625,109.7418212890625,206662
2014-08-29,109.896728515625,110.240966796875,109.25989532470703,109.48365020751953,109.48365020751953,219444
2014-09-02,109.48365020751953,110.61962127685547,109.24268341064453,109.50086212158203,109.50086212158203,359988
2014-09-03,110.20654296875,110.37865447998047,108.1411361694336,108.62306213378906,108.62306213378906,297530
2014-09-04,109.20825958251953,111.10154724121094,108.46815490722656,109.65576934814453,109.65576934814453,444174
2014-09-05,109.56970977783203,110.89501190185547,108.84681701660156,110.79174041748047,110.79174041748047,385610
2014-09-08,110.43029022216797,111.13597106933594,109.60413360595703,110.2926025390625,110.2926025390625,206487
2014-09-09,110.0,110.1893310546875,109.00172424316406,109.10498809814453,109.10498809814453,211019
2014-09-10,109.15662384033203,109.24268341064453,107.55593872070312,108.96730041503906,108.96730041503906,249307
2014-09-11,108.1067123413086,110.89501190185547,107.62478637695312,109.65576934814453,109.65576934814453,238152
2014-09-12,109.827880859375,110.1204833984375,108.3993148803711,108.57142639160156,108.57142639160156,318504
2014-09-15,108.2271957397461,108.2271957397461,106.05851745605469,106.35111999511719,106.35111999511719,315541
2014-09-16,106.17900085449219,107.65921020507812,105.66265106201172,106.93631744384766,106.93631744384766,274987
2014-09-17,107.16007232666016,107.48709106445312,105.18072509765625,105.30120849609375,105.30120849609375,387062
2014-09-18,105.80034637451172,106.59208679199219,105.21514892578125,106.45439147949219,106.45439147949219,553577
2014-09-19,107.10843658447266,107.28054809570312,104.99139404296875,106.29948425292969,106.29948425292969,1046613
2014-09-22,105.78313446044922,105.97245788574219,103.28743743896484,104.13080596923828,104.13080596923828,867142
2014-09-23,103.40791320800781,105.31842041015625,103.28743743896484,103.61445617675781,103.61445617675781,679828
2014-09-24,103.47676086425781,103.95869445800781,102.1514663696289,102.20309448242188,102.20309448242188,688311
2014-09-25,101.6178970336914,102.37521362304688,101.18760681152344,101.42857360839844,101.42857360839844,569903
2014-09-26,101.44578552246094,102.42684936523438,100.84337615966797,102.30636596679688,102.30636596679688,285503
2014-09-29,101.10154724121094,101.15318298339844,99.32874298095703,99.60413360595703,99.60413360595703,580129
2014-09-30,99.46643829345703,99.690185546875,96.78141021728516,98.0550765991211,98.0550765991211,1073572
2014-10-01,97.8657455444336,98.0206527709961,95.88640594482422,96.35111999511719,96.35111999511719,760006
2014-10-02,95.92082977294922,98.4509506225586,95.73149871826172,98.2788314819336,98.2788314819336,654787
2014-10-03,99.13941192626953,100.2926025390625,98.76075744628906,99.965576171875,99.965576171875,810727
2014-10-06,100.06884765625,100.91221618652344,98.89845275878906,99.29431915283203,99.29431915283203,494315
2014-10-07,98.57142639160156,98.57142639160156,94.80206298828125,95.21514892578125,95.21514892578125,810495
2014-10-08,94.87091064453125,96.90189361572266,94.30292510986328,96.74698638916016,96.74698638916016,956500
2014-10-09,96.05851745605469,96.47160339355469,92.20309448242188,92.27194213867188,92.27194213867188,800153
2014-10-10,91.9104995727539,92.18588256835938,89.32874298095703,89.9483642578125,89.9483642578125,703882
2014-10-13,90.1204833984375,90.67125701904297,87.34939575195312,87.57315063476562,87.57315063476562,730724
2014-10-14,88.55421447753906,90.80895233154297,87.52151489257812,90.1376953125,90.1376953125,709227
2014-10-15,88.0206527709961,91.30809020996094,87.21170043945312,91.30809020996094,91.30809020996094,870164
2014-10-16,89.32874298095703,95.57659149169922,88.81239318847656,94.33734893798828,94.33734893798828,945519
2014-10-17,95.81755828857422,96.23063659667969,93.66609191894531,94.23407745361328,94.23407745361328,843961
2014-10-20,94.45783233642578,95.04302978515625,93.58003234863281,94.07917022705078,94.07917022705078,468867
2014-10-21,94.87091064453125,99.13941192626953,94.78485107421875,98.79518127441406,98.79518127441406,617719
2014-10-22,98.70912170410156,99.20825958251953,95.28399658203125,95.40447235107422,95.40447235107422,443826
2014-10-23,90.275390625,94.30292510986328,89.7762451171875,92.99483489990234,92.99483489990234,1613321
2014-10-24,86.91910552978516,91.35972595214844,84.83648681640625,90.51634979248047,90.51634979248047,1264430
2014-10-27,90.1204833984375,90.48192596435547,88.3132553100586,88.98451232910156,88.98451232910156,676226
2014-10-28,90.0516357421875,90.41307830810547,89.41480255126953,90.103271484375,90.103271484375,795273
2014-10-29,90.84337615966797,91.20481872558594,89.60413360595703,90.39586639404297,90.39586639404297,475084
2014-10-30,90.58519744873047,91.44578552246094,89.7418212890625,90.32701873779297,90.32701873779297,412742
2014-10-31,92.20309448242188,93.63166809082031,90.41307830810547,93.59724426269531,93.59724426269531,634626
2014-11-03,93.92427062988281,94.13080596923828,92.85713958740234,93.02925872802734,93.02925872802734,563802
2014-11-04,92.78829956054688,92.78829956054688,91.30809020996094,92.0826187133789,92.0826187133789,409547
2014-11-05,92.89156341552734,94.32013702392578,92.30636596679688,94.09638977050781,94.09638977050781,463987
2014-11-06,93.94148254394531,94.87091064453125,93.23580169677734,94.45783233642578,94.45783233642578,488505
2014-11-07,94.50946807861328,94.76763916015625,93.87263488769531,94.25128936767578,94.25128936767578,414544
2014-11-10,94.68157958984375,95.23236083984375,93.08089447021484,93.75215148925781,93.75215148925781,263367
2014-11-11,93.59724426269531,93.61445617675781,92.1686782836914,92.61618041992188,92.61618041992188,378463
2014-11-12,92.1686782836914,93.01204681396484,91.8588638305664,92.37521362304688,92.37521362304688,344649
2014-11-13,92.54733276367188,92.92598724365234,91.37693786621094,91.5834732055664,91.5834732055664,366204
2014-11-14,91.42857360839844,92.1514663696289,91.18760681152344,91.7383804321289,91.7383804321289,288467
2014-11-17,91.53184509277344,91.6695327758789,89.34595489501953,89.41480255126953,89.41480255126953,525050
2014-11-18,89.27710723876953,90.36144256591797,89.01893615722656,89.34595489501953,89.34595489501953,510699
2014-11-19,89.34595489501953,89.7418212890625,88.0895004272461,88.77796936035156,88.77796936035156,333029
2014-11-20,88.1583480834961,90.51634979248047,87.8657455444336,90.46471405029297,90.46471405029297,315251
2014-11-21,91.23924255371094,93.35628509521484,91.23924255371094,92.54733276367188,92.54733276367188,671636
2014-11-24,92.68502807617188,93.06368255615234,92.58175659179688,92.83992767333984,92.83992767333984,325941
2014-11-25,92.82271575927734,92.83992767333984,91.7039566040039,92.75387573242188,92.75387573242188,368180
2014-11-26,92.61618041992188,93.06368255615234,91.41136169433594,91.8244400024414,91.8244400024414,425060
2014-11-28,91.34251403808594,91.42857360839844,88.1583480834961,88.69190979003906,88.69190979003906,488272
2014-12-01,88.64027404785156,88.64027404785156,86.07572937011719,88.0722885131836,88.0722885131836,618997
2014-12-02,87.8485336303711,88.2960433959961,86.47160339355469,86.81583404541016,86.81583404541016,468751
2014-12-03,86.74698638916016,88.1927719116211,85.88640594482422,87.43545532226562,87.43545532226562,464451
2014-12-04,87.29776000976562,87.29776000976562,85.59380340576172,85.73149871826172,85.73149871826172,402691
2014-12-05,85.90361022949219,86.45439147949219,85.57659149169922,85.80034637451172,85.80034637451172,308221
2014-12-08,85.19793701171875,85.67986297607422,82.75387573242188,82.97762298583984,82.97762298583984,831934
2014-12-09,81.32530212402344,83.78657531738281,81.03269958496094,83.71772766113281,83.71772766113281,627306
2014-12-10,83.11531829833984,83.32186126708984,81.9965591430664,82.59896850585938,82.59896850585938,855929
2014-12-11,82.47848510742188,83.13253021240234,82.35800170898438,82.59896850585938,82.59896850585938,459164
2014-12-12,81.6867446899414,82.1170425415039,80.99827575683594,81.51463317871094,81.51463317871094,742169
2014-12-15,82.27194213867188,83.76936340332031,82.1170425415039,83.56282043457031,83.56282043457031,755184
2014-12-16,83.30464935302734,84.38898468017578,82.20309448242188,82.28915405273438,82.28915405273438,1169204
2014-12-17,81.41136169433594,81.44578552246094,78.2788314819336,81.23924255371094,81.23924255371094,2151094
2014-12-18,82.82271575927734,85.67986297607422,82.18588256835938,85.21514892578125,85.21514892578125,1068169
2014-12-19,85.67986297607422,89.25989532470703,85.21514892578125,88.79518127441406,88.79518127441406,1277270
2014-12-22,88.95008850097656,90.2237548828125,88.1411361694336,90.103271484375,90.103271484375,716547
2014-12-23,90.39586639404297,91.48020935058594,90.275390625,90.79174041748047,90.79174041748047,437493
2014-12-24,90.48192596435547,90.86058807373047,89.724609375,90.1893310546875,90.1893310546875,150537
2014-12-26,90.77452850341797,91.25645446777344,90.172119140625,90.56798553466797,90.56798553466797,167502
2014-12-29,90.67125701904297,91.44578552246094,90.49913787841797,90.68846893310547,90.68846893310547,260753
2014-12-30,90.2926025390625,90.67125701904297,88.77796936035156,88.84681701660156,88.84681701660156,246867
2014-12-31,88.79518127441406,89.896728515625,88.2444076538086,88.76075744628906,88.76075744628906,229146
2015-01-02,89.22547149658203,89.93115234375,87.71084594726562,89.7418212890625,89.7418212890625,493037
2015-01-05,87.45266723632812,88.2099838256836,84.38898468017578,84.78485107421875,84.78485107421875,997926
2015-01-06,84.81927490234375,85.18072509765625,81.8416519165039,82.1514663696289,82.1514663696289,1122666
2015-01-07,82.82271575927734,83.39070892333984,81.7555923461914,82.1342544555664,82.1342544555664,518136
2015-01-08,83.33907318115234,83.33907318115234,81.9277114868164,82.34078979492188,82.34078979492188,759018
2015-01-09,82.32357788085938,83.11531829833984,81.5834732055664,82.63339233398438,82.63339233398438,890963
2015-01-12,82.37521362304688,82.40963745117188,80.103271484375,80.86058807373047,80.86058807373047,417332
2015-01-13,81.48020935058594,82.0137710571289,79.62134552001953,80.87779998779297,80.87779998779297,535275
2015-01-14,79.60413360595703,80.58519744873047,78.62306213378906,79.58692169189453,79.58692169189453,628293
2015-01-15,80.172119140625,80.79174041748047,74.28571319580078,77.17728424072266,77.17728424072266,894101
2015-01-16,76.66092681884766,77.34939575195312,75.54216766357422,76.97074127197266,76.97074127197266,794692
2015-01-20,76.97074127197266,77.74526977539062,76.66092681884766,77.43545532226562,77.43545532226562,453006
2015-01-21,77.31497192382812,78.77796936035156,76.59208679199219,78.3132553100586,78.3132553100586,546663
2015-01-22,78.69190979003906,79.690185546875,77.81411743164062,78.79518127441406,78.79518127441406,621902
2015-01-23,78.50257873535156,78.82960510253906,77.45266723632812,77.9345932006836,77.9345932006836,449345
2015-01-26,78.0034408569336,78.4337387084961,77.16007232666016,78.0722885131836,78.0722885131836,428836
2015-01-27,76.76419830322266,77.8485336303711,76.16178894042969,77.33218383789062,77.33218383789062,376430
2015-01-28,77.76248168945312,78.1067123413086,75.40447235107422,75.78313446044922,75.78313446044922,882829
2015-01-29,75.85198211669922,77.00516510009766,73.76936340332031,76.97074127197266,76.97074127197266,975150
2015-01-30,76.90189361572266,78.3304672241211,76.31669616699219,77.9862289428711,77.9862289428711,1014891
2015-02-02,78.57142639160156,81.6523208618164,78.3304672241211,81.6351089477539,81.6351089477539,762737
2015-02-03,81.9965591430664,84.75042724609375,81.9965591430664,84.57831573486328,84.57831573486328,696793
2015-02-04,83.82099914550781,84.56110382080078,82.96041107177734,83.76936340332031,83.76936340332031,1088271
2015-02-05,84.38898468017578,84.56110382080078,81.5834732055664,83.87263488769531,83.87263488769531,777029
2015-02-06,83.09810638427734,84.62995147705078,82.54733276367188,83.01204681396484,83.01204681396484,495942
2015-02-09,82.51290893554688,83.90705871582031,81.7383804321289,81.8760757446289,81.8760757446289,697607
2015-02-10,82.40963745117188,82.40963745117188,79.01893615722656,80.74010467529297,80.74010467529297,1979176
2015-02-11,80.48192596435547,82.25473022460938,79.827880859375,81.9621353149414,81.9621353149414,899562
2015-02-12,82.75387573242188,83.39070892333984,81.9277114868164,82.92598724365234,82.92598724365234,511222
2015-02-13,84.81927490234375,90.0172119140625,84.81927490234375,89.53528594970703,89.53528594970703,949877
2015-02-17,89.15662384033203,89.7762451171875,86.88468170166016,89.31153106689453,89.31153106689453,688892
2015-02-18,89.15662384033203,91.06712341308594,88.84681701660156,89.63855743408203,89.63855743408203,465439
2015-02-19,88.81239318847656,90.2926025390625,88.4509506225586,90.0,90.0,285387
2015-02-20,89.7073974609375,90.0,88.2960433959961,89.79345703125,89.79345703125,262903
2015-02-23,89.53528594970703,89.690185546875,88.3993148803711,89.34595489501953,89.34595489501953,378986
2015-02-24,89.32874298095703,92.23751831054688,89.19104766845703,92.0309829711914,92.0309829711914,526560
2015-02-25,91.8072280883789,92.1170425415039,91.04991149902344,91.53184509277344,91.53184509277344,477001
2015-02-26,91.23924255371094,91.8760757446289,91.23924255371094,91.5834732055664,91.5834732055664,306187
2015-02-27,91.8244400024414,91.9277114868164,90.60240936279297,90.67125701904297,90.67125701904297,399960
2015-03-02,90.67125701904297,90.84337615966797,89.690185546875,90.53356170654297,90.53356170654297,299273
2015-03-03,90.1549072265625,90.99827575683594,89.8795166015625,90.84337615966797,90.84337615966797,200038
2015-03-04,90.44750213623047,90.63683319091797,88.55421447753906,89.17383575439453,89.17383575439453,765584
2015-03-05,88.70912170410156,89.48365020751953,88.50257873535156,89.25989532470703,89.25989532470703,216422
2015-03-06,88.58863830566406,89.67298126220703,86.95352935791016,87.26333618164062,87.26333618164062,265691
2015-03-09,87.53872680664062,87.57315063476562,86.40275573730469,86.76419830322266,86.76419830322266,318620
2015-03-10,85.71428680419922,86.16178894042969,84.50946807861328,84.75042724609375,84.75042724609375,420470
2015-03-11,84.95697021484375,84.95697021484375,83.13253021240234,84.35456085205078,84.35456085205078,555901
2015-03-12,84.92254638671875,85.24957275390625,83.71772766113281,84.66437530517578,84.66437530517578,297182
2015-03-13,84.07917022705078,84.40619659423828,82.66781616210938,83.45954895019531,83.45954895019531,323908
2015-03-16,83.78657531738281,84.06195831298828,82.56454467773438,83.75215148925781,83.75215148925781,378231
2015-03-17,83.09810638427734,83.82099914550781,81.39414978027344,82.61618041992188,82.61618041992188,436389
2015-03-18,82.1686782836914,84.40619659423828,80.172119140625,84.09638977050781,84.09638977050781,509595
2015-03-19,83.28743743896484,84.11359405517578,81.6867446899414,82.53012084960938,82.53012084960938,339130
2015-03-20,83.02925872802734,83.44234466552734,81.5490493774414,83.33907318115234,83.33907318115234,395893
2015-03-23,83.13253021240234,83.59724426269531,81.7728042602539,82.94319915771484,82.94319915771484,346102
2015-03-24,83.52839660644531,85.52495574951172,82.73666381835938,83.42513275146484,83.42513275146484,364345
2015-03-25,83.70051574707031,83.76936340332031,81.7555923461914,81.8072280883789,81.8072280883789,292998
2015-03-26,81.6178970336914,82.27194213867188,80.91221618652344,81.8760757446289,81.8760757446289,288989
2015-03-27,81.5834732055664,82.35800170898438,80.75731658935547,82.0654067993164,82.0654067993164,377069
2015-03-30,82.42684936523438,83.01204681396484,81.9793472290039,82.61618041992188,82.61618041992188,440688
2015-03-31,82.18588256835938,82.71945190429688,81.06712341308594,82.1514663696289,82.1514663696289,414311
2015-04-01,81.8244400024414,82.71945190429688,81.5490493774414,82.51290893554688,82.51290893554688,615860
2015-04-02,82.47848510742188,84.47504425048828,82.0481948852539,83.44234466552734,83.44234466552734,779644
2015-04-06,82.96041107177734,85.38726043701172,82.47848510742188,84.61273956298828,84.61273956298828,462592
2015-04-07,84.42340850830078,84.69879150390625,82.68502807617188,82.77108764648438,82.77108764648438,512849
2015-04-08,82.32357788085938,82.71945190429688,79.8106689453125,80.1376953125,80.1376953125,858428
2015-04-09,80.309814453125,81.01548767089844,79.724609375,80.74010467529297,80.74010467529297,445976
2015-04-10,80.89501190185547,82.1686782836914,80.65404510498047,80.84337615966797,80.84337615966797,643516
2015-04-13,80.91221618652344,82.42684936523438,80.61962127685547,82.23751831054688,82.23751831054688,641482
2015-04-14,82.23751831054688,82.85713958740234,81.6523208618164,82.65060424804688,82.65060424804688,668034
2015-04-15,83.08089447021484,85.21514892578125,82.58175659179688,84.95697021484375,84.95697021484375,881261
2015-04-16,84.28571319580078,85.00860595703125,83.90705871582031,84.13080596923828,84.13080596923828,407049
2015-04-17,82.89156341552734,83.44234466552734,82.46127319335938,83.18416595458984,83.18416595458984,376488
2015-04-20,83.51118469238281,84.35456085205078,83.35628509521484,84.04474639892578,84.04474639892578,386423
2015-04-21,84.25128936767578,84.68157958984375,83.04647064208984,83.58003234863281,83.58003234863281,487517
2015-04-22,84.14801788330078,84.14801788330078,82.80551147460938,83.78657531738281,83.78657531738281,1200695
2015-04-23,81.9449234008789,85.11187744140625,80.99827575683594,84.62995147705078,84.62995147705078,1000598
2015-04-24,84.62995147705078,84.62995147705078,82.0826187133789,83.14974212646484,83.14974212646484,823161
2015-04-27,83.30464935302734,85.50774383544922,82.92598724365234,84.68157958984375,84.68157958984375,1406659
2015-04-28,84.33734893798828,84.80206298828125,83.09810638427734,84.33734893798828,84.33734893798828,422213
2015-04-29,83.88984680175781,87.36660766601562,83.88984680175781,86.72977447509766,86.72977447509766,635382
2015-04-30,86.43717956542969,86.59208679199219,84.92254638671875,85.35283660888672,85.35283660888672,641308
2015-05-01,85.69707489013672,86.52323913574219,84.97418212890625,86.05851745605469,86.05851745605469,438771
2015-05-04,86.29948425292969,86.59208679199219,85.52495574951172,85.98966979980469,85.98966979980469,375210
2015-05-05,86.07572937011719,87.9518051147461,84.92254638671875,85.71428680419922,85.71428680419922,497278
2015-05-06,85.78313446044922,86.21342468261719,84.85369873046875,85.64543914794922,85.64543914794922,301132
2015-05-07,85.74871063232422,85.74871063232422,84.49225616455078,85.24957275390625,85.24957275390625,396416
2015-05-08,85.98966979980469,86.28227233886719,85.30120849609375,85.57659149169922,85.57659149169922,237629
2015-05-11,85.52495574951172,86.50602722167969,85.19793701171875,85.86919403076172,85.86919403076172,616848
2015-05-12,85.73149871826172,86.47160339355469,85.11187744140625,85.83477020263672,85.83477020263672,519530
2015-05-13,86.41996765136719,87.77969360351562,85.85198211669922,87.52151489257812,87.52151489257812,374222
2015-05-14,87.9173812866211,88.98451232910156,87.36660766601562,88.76075744628906,88.76075744628906,387411
2015-05-15,88.3821029663086,89.43201446533203,87.69363403320312,89.22547149658203,89.22547149658203,470436
2015-05-18,88.98451232910156,89.63855743408203,87.76248168945312,88.82960510253906,88.82960510253906,288292
2015-05-19,88.88124084472656,89.44922637939453,87.40103149414062,88.74354553222656,88.74354553222656,492746
2015-05-20,88.70912170410156,89.7762451171875,88.0550765991211,89.39759063720703,89.39759063720703,492339
2015-05-21,89.27710723876953,91.51463317871094,88.98451232910156,90.61962127685547,90.61962127685547,334366
2015-05-22,90.46471405029297,90.91221618652344,88.82960510253906,89.17383575439453,89.17383575439453,487633
2015-05-26,88.77796936035156,89.29431915283203,87.29776000976562,87.79690551757812,87.79690551757812,313508
2015-05-27,87.8657455444336,88.82960510253906,87.07401275634766,88.72633361816406,88.72633361816406,400135
2015-05-28,88.62306213378906,88.76075744628906,86.47160339355469,88.2099838256836,88.2099838256836,333610
2015-05-29,87.9862289428711,88.58863830566406,85.88640594482422,86.72977447509766,86.72977447509766,319724
2015-06-01,86.88468170166016,87.29776000976562,85.97245788574219,86.86746978759766,86.86746978759766,346625
2015-06-02,86.50602722167969,87.9518051147461,85.95525360107422,87.65921020507812,87.65921020507812,221070
2015-06-03,87.36660766601562,88.76075744628906,87.05680084228516,88.1583480834961,88.1583480834961,298518
2015-06-04,87.76248168945312,88.46815490722656,86.50602722167969,86.91910552978516,86.91910552978516,564500
2015-06-05,86.67813873291016,86.98795318603516,85.64543914794922,86.74698638916016,86.74698638916016,250004
2015-06-08,86.48881530761719,86.78141021728516,85.12908935546875,85.50774383544922,85.50774383544922,438364
2015-06-09,85.71428680419922,86.43717956542969,84.97418212890625,85.19793701171875,85.19793701171875,490132
2015-06-10,85.61101531982422,85.83477020263672,84.62995147705078,84.90533447265625,84.90533447265625,402343
2015-06-11,85.19793701171875,85.59380340576172,84.14801788330078,84.76763916015625,84.76763916015625,303282
2015-06-12,84.47504425048828,84.62995147705078,83.94148254394531,84.30292510986328,84.30292510986328,236525
2015-06-15,83.94148254394531,83.94148254394531,82.71945190429688,83.30464935302734,83.30464935302734,286665
2015-06-16,82.73666381835938,83.09810638427734,81.27366638183594,82.23751831054688,82.23751831054688,536263
2015-06-17,82.42684936523438,82.77108764648438,81.11875915527344,81.6867446899414,81.6867446899414,312752
2015-06-18,81.9104995727539,82.35800170898438,81.29087829589844,81.6867446899414,81.6867446899414,292766
2015-06-19,81.6867446899414,81.6867446899414,80.94664764404297,80.94664764404297,80.94664764404297,515289
2015-06-22,81.9621353149414,82.0654067993164,80.79174041748047,81.44578552246094,81.44578552246094,461430
2015-06-23,81.34251403808594,82.44406127929688,81.03269958496094,81.9793472290039,81.9793472290039,603078
2015-06-24,82.0137710571289,82.56454467773438,81.5834732055664,81.6867446899414,81.6867446899414,464858
2015-06-25,81.5662612915039,81.8760757446289,79.8106689453125,80.39586639404297,80.39586639404297,479441
2015-06-26,80.51634979248047,80.80895233154297,79.965576171875,80.0860595703125,80.0860595703125,1295804
2015-06-29,79.36316680908203,79.79345703125,78.4337387084961,78.74354553222656,78.74354553222656,728167
2015-06-30,79.08778381347656,80.75731658935547,79.01893615722656,79.43201446533203,79.43201446533203,703126
2015-07-01,79.9139404296875,80.1549072265625,77.53872680664062,77.9690170288086,77.9690170288086,638926
2015-07-02,78.3304672241211,78.95008850097656,77.76248168945312,78.3821029663086,78.3821029663086,622600
2015-07-06,78.1239242553711,78.70912170410156,76.93631744384766,77.57315063476562,77.57315063476562,615976
2015-07-07,77.45266723632812,77.53872680664062,76.23063659667969,77.33218383789062,77.33218383789062,393221
2015-07-08,76.78141021728516,77.14286041259766,75.33562469482422,75.47332000732422,75.47332000732422,582743
2015-07-09,76.38554382324219,76.93631744384766,75.49053192138672,75.64543914794922,75.64543914794922,386656
2015-07-10,76.17900085449219,76.50602722167969,75.04302978515625,75.07745361328125,75.07745361328125,527722
2015-07-13,75.06024169921875,75.90361022949219,74.97418212890625,75.45610809326172,75.45610809326172,729910
2015-07-14,75.62822723388672,76.83304595947266,75.35283660888672,76.09294128417969,76.09294128417969,471714
2015-07-15,76.00688171386719,76.24784851074219,74.02754211425781,74.14801788330078,74.14801788330078,440514
2015-07-16,74.69879150390625,75.57659149169922,73.58003234863281,74.06195831298828,74.06195831298828,545733
2015-07-17,74.07917022705078,74.40619659423828,73.27022552490234,73.35628509521484,73.35628509521484,457015
2015-07-20,73.25301361083984,73.78657531738281,72.85713958740234,72.97762298583984,72.97762298583984,485890
2015-07-21,72.68502807617188,73.33907318115234,71.5834732055664,72.1170425415039,72.1170425415039,898226
2015-07-22,71.9965591430664,72.46127319335938,71.6006851196289,71.7211685180664,71.7211685180664,1210572
2015-07-23,71.22203063964844,72.80551147460938,70.0172119140625,70.60240936279297,70.60240936279297,2036114
2015-07-24,69.7073974609375,69.8623046875,67.52151489257812,68.0550765991211,68.0550765991211,1722258
2015-07-27,67.16007232666016,68.0034408569336,66.23063659667969,66.43717956542969,66.43717956542969,1319393
2015-07-28,66.04130554199219,66.91910552978516,65.86919403076172,66.45439147949219,66.45439147949219,1080428
2015-07-29,66.54045104980469,66.91910552978516,66.04130554199219,66.26506042480469,66.26506042480469,630617
2015-07-30,65.61101531982422,66.54045104980469,65.55937957763672,66.28227233886719,66.28227233886719,539400
2015-07-31,66.48881530761719,67.12564849853516,65.33562469482422,65.64543914794922,65.64543914794922,893752
2015-08-03,65.49053192138672,66.07572937011719,64.69879150390625,65.30120849609375,65.30120849609375,565836
2015-08-04,65.31842041015625,66.17900085449219,65.09466552734375,65.31842041015625,65.31842041015625,692610
2015-08-05,65.40447235107422,67.45266723632812,65.40447235107422,66.83304595947266,66.83304595947266,717709
2015-08-06,67.64199829101562,69.15662384033203,67.31497192382812,68.84681701660156,68.84681701660156,1024942
2015-08-07,68.70912170410156,70.0860595703125,68.60585021972656,69.05335235595703,69.05335235595703,843844
2015-08-10,69.56970977783203,71.7555923461914,69.48365020751953,71.53184509277344,71.53184509277344,557121
2015-08-11,70.65404510498047,71.37693786621094,69.93115234375,70.20654296875,70.20654296875,559445
2015-08-12,69.62134552001953,70.20654296875,68.96730041503906,69.79345703125,69.79345703125,501519
2015-08-13,69.39759063720703,69.7418212890625,67.36660766601562,67.50430297851562,67.50430297851562,523249
2015-08-14,67.59036254882812,68.2960433959961,67.55593872070312,67.8657455444336,67.8657455444336,351273
2015-08-17,67.9001693725586,68.58863830566406,66.69535064697266,68.58863830566406,68.58863830566406,553228
2015-08-18,68.57142639160156,68.95008850097656,68.3648910522461,68.84681701660156,68.84681701660156,490596
2015-08-19,68.95008850097656,69.12220001220703,67.24612426757812,67.8485336303711,67.8485336303711,1017505
2015-08-20,67.55593872070312,67.55593872070312,64.80206298828125,64.88812255859375,64.88812255859375,786616
2015-08-21,64.54389190673828,66.02409362792969,63.88984680175781,64.06195831298828,64.06195831298828,863424
2015-08-24,60.74010467529297,65.30120849609375,60.464717864990234,63.253013610839844,63.253013610839844,1142014
2015-08-25,64.99139404296875,65.00860595703125,62.66781234741211,62.71944808959961,62.71944808959961,929774
2015-08-26,63.90705871582031,63.90705871582031,62.495697021484375,63.012046813964844,63.012046813964844,807532
2015-08-27,63.64888000488281,65.90361022949219,63.45955276489258,65.43889617919922,65.43889617919922,695515
2015-08-28,65.04302978515625,67.60757446289062,65.04302978515625,66.93631744384766,66.93631744384766,474793
2015-08-31,66.71256256103516,67.31497192382812,65.14630126953125,66.76419830322266,66.76419830322266,517555
2015-09-01,65.62822723388672,66.19621276855469,63.95869064331055,64.14801788330078,64.14801788330078,497568
2015-09-02,64.69879150390625,64.93975830078125,62.89156723022461,63.70051574707031,63.70051574707031,544804
2015-09-03,63.029258728027344,64.47504425048828,63.029258728027344,63.58003234863281,63.58003234863281,474561
2015-09-04,62.85714340209961,63.44234085083008,62.512908935546875,62.564544677734375,62.564544677734375,308743
2015-09-08,64.56110382080078,65.40447235107422,63.64888000488281,64.26850128173828,64.26850128173828,494605
2015-09-09,64.59552764892578,65.59380340576172,63.76936340332031,63.83821105957031,63.83821105957031,242335
2015-09-10,63.37349319458008,64.04474639892578,62.96041488647461,63.54561233520508,63.54561233520508,345695
2015-09-11,63.115318298339844,63.45955276489258,62.22031021118164,62.66781234741211,62.66781234741211,351912
2015-09-14,62.616180419921875,62.83993148803711,61.35972595214844,61.721168518066406,61.721168518066406,300726
2015-09-15,61.876075744628906,62.70223617553711,61.772804260253906,62.27194595336914,62.27194595336914,452425
2015-09-16,62.426849365234375,64.25128936767578,62.16867446899414,64.13080596923828,64.13080596923828,779005
2015-09-17,64.26850128173828,64.35456085205078,62.01376724243164,62.18588638305664,62.18588638305664,542828
2015-09-18,60.58519744873047,60.60240936279297,58.89845275878906,59.0189323425293,59.0189323425293,976893
2015-09-21,59.24268341064453,59.31153106689453,57.09122085571289,57.22891616821289,57.22891616821289,935119
2015-09-22,56.54044723510742,56.764198303222656,55.370052337646484,55.78313446044922,55.78313446044922,789463
2015-09-23,55.83476638793945,56.14457702636719,54.647159576416016,54.87091064453125,54.87091064453125,698711
2015-09-24,54.18244552612305,54.99139404296875,52.92599105834961,53.029258728027344,53.029258728027344,986247
2015-09-25,53.33906936645508,53.59724426269531,51.996559143066406,52.375213623046875,52.375213623046875,985260
2015-09-28,51.60068893432617,52.25473403930664,50.430294036865234,50.8089485168457,50.8089485168457,994672
2015-09-29,50.9810676574707,51.962135314941406,50.58519744873047,51.0671272277832,51.0671272277832,853780
2015-09-30,51.34251403808594,51.66953659057617,50.8089485168457,51.48020553588867,51.48020553588867,1073572
2015-10-01,51.60068893432617,52.11703872680664,50.1204833984375,50.309810638427734,50.309810638427734,877949
2015-10-02,49.46643829345703,51.10154724121094,48.86402893066406,51.10154724121094,51.10154724121094,1175537
2015-10-05,50.1376953125,51.56626510620117,49.9483642578125,50.9982795715332,50.9982795715332,1762173
2015-10-06,51.0327033996582,52.25473403930664,50.9982795715332,51.37693786621094,51.37693786621094,3258945
2015-10-07,51.996559143066406,53.35628128051758,51.893287658691406,53.012046813964844,53.012046813964844,3477053
2015-10-08,52.96041488647461,55.180721282958984,52.633392333984375,55.04302978515625,55.04302978515625,2530313
2015-10-09,55.12908935546875,55.473323822021484,53.201377868652344,53.28743362426758,53.28743362426758,1449421
2015-10-12,53.201377868652344,53.32185745239258,51.66953659057617,52.495697021484375,52.495697021484375,1116275
2015-10-13,51.979347229003906,52.06540298461914,50.60240936279297,50.8261604309082,50.8261604309082,1322647
2015-10-14,49.9139404296875,49.9139404296875,43.098106384277344,45.86919021606445,45.86919021606445,7046019
2015-10-15,45.249568939208984,47.67641830444336,44.526676177978516,47.521514892578125,47.521514892578125,3350743
2015-10-16,47.76247787475586,48.62306213378906,47.07400894165039,48.31325149536133,48.31325149536133,2053022
2015-10-19,47.93459701538086,48.123924255371094,46.57487106323242,46.987953186035156,46.987953186035156,1240609
2015-10-20,46.987953186035156,48.29603958129883,46.901893615722656,47.74526596069336,47.74526596069336,722241
2015-10-21,47.76247787475586,48.072288513183594,46.987953186035156,47.28055191040039,47.28055191040039,653335
2015-10-22,47.366607666015625,49.44922637939453,47.28055191040039,48.278831481933594,48.278831481933594,926869
2015-10-23,48.36488723754883,48.88124084472656,48.003440856933594,48.003440856933594,48.003440856933594,936223
2015-10-26,48.037864685058594,48.261619567871094,46.850257873535156,46.936317443847656,46.936317443847656,932505
2015-10-27,46.64371871948242,46.746986389160156,45.43889617919922,46.35111999511719,46.35111999511719,896948
2015-10-28,46.29948425292969,47.69363021850586,46.05852127075195,46.55765914916992,46.55765914916992,744610
2015-10-29,46.31669616699219,47.12564468383789,46.28227233886719,46.38554382324219,46.38554382324219,869931
2015-10-30,46.64371871948242,47.14285659790039,46.12736511230469,46.40275573730469,46.40275573730469,773776
2015-11-02,46.52323532104492,48.77796936035156,46.52323532104492,48.48537063598633,48.48537063598633,642644
2015-11-03,48.60585021972656,49.741825103759766,47.538726806640625,49.25989532470703,49.25989532470703,704985
2015-11-04,49.759037017822266,50.344234466552734,49.31153106689453,49.8795166015625,49.8795166015625,858079
2015-11-05,49.793460845947266,50.56798553466797,49.621341705322266,50.189327239990234,50.189327239990234,933028
2015-11-06,50.0516357421875,50.378658294677734,49.2082633972168,50.034423828125,50.034423828125,424537
2015-11-09,50.0172119140625,50.154903411865234,48.45094680786133,49.535282135009766,49.535282135009766,1036911
2015-11-10,49.22547149658203,50.430294036865234,48.9328727722168,50.395870208740234,50.395870208740234,892648
2015-11-11,50.58519744873047,50.68846893310547,46.69535446166992,46.833045959472656,46.833045959472656,1169146
2015-11-12,46.41996765136719,47.03958511352539,45.67986297607422,45.73149871826172,45.73149871826172,929484
2015-11-13,45.404476165771484,46.05852127075195,45.163509368896484,45.421688079833984,45.421688079833984,633581
2015-11-16,45.490535736083984,46.33390808105469,45.00860595703125,45.62822723388672,45.62822723388672,726947
2015-11-17,45.71428680419922,45.71428680419922,44.32013702392578,44.509464263916016,44.509464263916016,492107
2015-11-18,44.92254638671875,45.67986297607422,44.629947662353516,45.52495574951172,45.52495574951172,478163
2015-11-19,45.11187744140625,45.80034255981445,44.802066802978516,45.64543914794922,45.64543914794922,534752
2015-11-20,45.93803787231445,46.953529357910156,45.90361404418945,46.59208297729492,46.59208297729492,1157294
2015-11-23,46.57487106323242,46.746986389160156,45.163509368896484,45.55937957763672,45.55937957763672,573215
2015-11-24,45.490535736083984,47.19449234008789,45.490535736083984,46.729774475097656,46.729774475097656,770348
2015-11-25,46.36832809448242,47.14285659790039,46.21342468261719,46.815834045410156,46.815834045410156,429243
2015-11-27,46.66093063354492,46.936317443847656,45.421688079833984,45.64543914794922,45.64543914794922,171279
2015-11-30,45.90361404418945,47.22891616821289,45.50774383544922,46.59208297729492,46.59208297729492,784292
2015-12-01,46.60929489135742,46.798622131347656,46.05852127075195,46.57487106323242,46.57487106323242,522551
2015-12-02,46.31669616699219,47.005165100097656,45.86919021606445,45.97246170043945,45.97246170043945,667337
2015-12-03,46.24784851074219,46.66093063354492,45.370052337646484,46.29948425292969,46.29948425292969,973524
2015-12-04,48.158348083496094,48.51979446411133,44.681583404541016,45.04302978515625,45.04302978515625,768140
2015-12-07,44.698795318603516,44.93975830078125,42.65060043334961,42.97762680053711,42.97762680053711,774241
2015-12-08,42.32358169555664,42.409637451171875,41.17039489746094,41.996559143066406,41.996559143066406,1061022
2015-12-09,41.738380432128906,43.218589782714844,41.42856979370117,41.54905319213867,41.54905319213867,607900
2015-12-10,41.29087829589844,42.13425064086914,41.11875915527344,41.772804260253906,41.772804260253906,530046
2015-12-11,41.48020553588867,41.65232467651367,40.63683319091797,41.15318298339844,41.15318298339844,829842
2015-12-14,41.0154914855957,41.60068893432617,39.8623046875,40.430294036865234,40.430294036865234,867665
2015-12-15,40.58519744873047,41.30809020996094,39.586917877197266,39.896728515625,39.896728515625,699234
2015-12-16,40.103271484375,41.65232467651367,40.0860595703125,40.481929779052734,40.481929779052734,1566957
2015-12-17,40.77452850341797,41.25645446777344,39.655765533447266,39.965576171875,39.965576171875,673728
2015-12-18,39.55249786376953,40.1204833984375,37.452667236328125,37.86574935913086,37.86574935913086,1704189
2015-12-21,37.84853744506836,38.65748596191406,37.65920639038086,38.209983825683594,38.209983825683594,1012509
2015-12-22,38.41652297973633,39.1738395690918,37.93459701538086,38.84681701660156,38.84681701660156,823568
2015-12-23,39.48365020751953,41.34251403808594,39.48365020751953,41.18760681152344,41.18760681152344,928670
2015-12-24,41.25645446777344,41.54905319213867,40.8089485168457,41.22203063964844,41.22203063964844,187314
2015-12-28,40.7917366027832,41.0327033996582,39.535282135009766,39.8795166015625,39.8795166015625,364868
2015-12-29,40.258174896240234,40.481929779052734,39.0361442565918,40.103271484375,40.103271484375,490422
2015-12-30,39.896728515625,40.74010467529297,39.707401275634766,40.223751068115234,40.223751068115234,722415
2015-12-31,39.9483642578125,40.8261604309082,39.9483642578125,40.189327239990234,40.189327239990234,488737
2016-01-04,39.518070220947266,41.39414978027344,39.39759063720703,40.8605842590332,40.8605842590332,875160
2016-01-05,41.0154914855957,41.08433532714844,39.724613189697266,39.9483642578125,39.9483642578125,715269
2016-01-06,39.1049919128418,39.655765533447266,37.590362548828125,37.81411361694336,37.81411361694336,844600
2016-01-07,37.10843276977539,37.10843276977539,35.55937957763672,36.11015319824219,36.11015319824219,837337
2016-01-08,36.35111999511719,36.59208297729492,34.87091064453125,34.93975830078125,34.93975830078125,786674
2016-01-11,35.215145111083984,35.45610809326172,34.45783233642578,35.09466552734375,35.09466552734375,752627
2016-01-12,35.74871063232422,36.45438766479492,34.802066802978516,35.64543914794922,35.64543914794922,1039874
2016-01-13,35.83476638793945,36.66093063354492,34.802066802978516,35.02581787109375,35.02581787109375,582917
2016-01-14,34.836490631103516,36.21342468261719,34.35456085205078,35.67986297607422,35.67986297607422,840126
2016-01-15,34.40619659423828,34.88812255859375,33.58003234863281,34.47504425048828,34.47504425048828,694934
2016-01-19,35.11187744140625,35.80034255981445,32.83993148803711,33.32185745239258,33.32185745239258,914726
2016-01-20,32.633392333984375,34.01032638549805,31.445783615112305,33.201377868652344,33.201377868652344,1392948
2016-01-21,32.03097915649414,34.28571319580078,31.359725952148438,33.70051574707031,33.70051574707031,1271925
2016-01-22,34.595523834228516,36.45438766479492,34.01032638549805,34.509464263916016,34.509464263916016,819733
2016-01-25,34.07917404174805,34.95697021484375,33.40791702270508,33.44234085083008,33.44234085083008,1088678
2016-01-26,34.01032638549805,36.29948425292969,33.73493957519531,36.09294128417969,36.09294128417969,610282
2016-01-27,36.23063659667969,37.452667236328125,35.283992767333984,36.47159957885742,36.47159957885742,883527
2016-01-28,37.02237319946289,37.435455322265625,35.93803787231445,36.31669616699219,36.31669616699219,605693
2016-01-29,36.48881149291992,38.175559997558594,36.23063659667969,38.106712341308594,38.106712341308594,626725
2016-02-01,37.452667236328125,37.487091064453125,35.81755447387695,36.62650680541992,36.62650680541992,960044
2016-02-02,35.95524978637695,35.98967361450195,35.249568939208984,35.55937957763672,35.55937957763672,529233
2016-02-03,36.21342468261719,37.056800842285156,34.802066802978516,36.815834045410156,36.815834045410156,892997
2016-02-04,38.72633361816406,43.35628128051758,38.141136169433594,42.478485107421875,42.478485107421875,1473416
2016-02-05,42.83993148803711,44.40619659423828,41.910499572753906,43.78657531738281,43.78657531738281,1019829
2016-02-08,43.28743362426758,43.63167190551758,41.944923400878906,43.029258728027344,43.029258728027344,799805
2016-02-09,42.530120849609375,43.66609191894531,41.790016174316406,42.73666000366211,42.73666000366211,724275
2016-02-10,42.73666000366211,43.47676467895508,41.858863830566406,41.910499572753906,41.910499572753906,646421
2016-02-11,41.17039489746094,42.616180419921875,40.344234466552734,41.34251403808594,41.34251403808594,616848
2016-02-12,42.03097915649414,43.44234085083008,41.58347702026367,42.943199157714844,42.943199157714844,543642
2016-02-16,43.42512893676758,43.92427062988281,42.28915786743164,43.59724426269531,43.59724426269531,411290
2016-02-17,44.18244552612305,45.64543914794922,43.80378723144531,45.07745361328125,45.07745361328125,577921
2016-02-18,45.318416595458984,45.490535736083984,43.66609191894531,44.526676177978516,44.526676177978516,632709
2016-02-19,43.88984680175781,44.25128936767578,42.73666000366211,43.54561233520508,43.54561233520508,384041
2016-02-22,44.35456085205078,45.09466552734375,43.59724426269531,44.40619659423828,44.40619659423828,522145
2016-02-23,44.19965744018555,44.681583404541016,43.49397659301758,43.52840042114258,43.52840042114258,477756
2016-02-24,42.71944808959961,43.76936340332031,41.944923400878906,43.66609191894531,43.66609191894531,523888
2016-02-25,43.63167190551758,43.82099914550781,42.32358169555664,43.201377868652344,43.201377868652344,808171
2016-02-26,43.56282424926758,44.733219146728516,43.235801696777344,44.28571319580078,44.28571319580078,444349
2016-02-29,44.35456085205078,44.750431060791016,43.184165954589844,43.56282424926758,43.56282424926758,541318
2016-03-01,44.01032638549805,44.802066802978516,42.97762680053711,44.35456085205078,44.35456085205078,973872
2016-03-02,44.06196212768555,45.69707489013672,43.99311447143555,45.62822723388672,45.62822723388672,717826
2016-03-03,45.73149871826172,47.69363021850586,45.73149871826172,46.67814254760742,46.67814254760742,983226
2016-03-04,46.867469787597656,48.81239318847656,45.73149871826172,47.24612808227539,47.24612808227539,728342
2016-03-07,47.21170425415039,48.82960510253906,46.901893615722656,48.77796936035156,48.77796936035156,727005
2016-03-08,48.020652770996094,48.227195739746094,46.11015319824219,47.03958511352539,47.03958511352539,1361399
2016-03-09,47.573150634765625,47.93459701538086,46.62650680541992,47.07400894165039,47.07400894165039,446440
2016-03-10,47.02237319946289,47.366607666015625,46.16178894042969,47.07400894165039,47.07400894165039,561246
2016-03-11,48.037864685058594,49.638553619384766,47.74526596069336,49.1222038269043,49.1222038269043,576410
2016-03-14,48.261619567871094,49.39759063720703,47.81411361694336,48.227195739746094,48.227195739746094,557063
2016-03-15,47.67641830444336,47.67641830444336,46.19621276855469,47.34939956665039,47.34939956665039,738858
2016-03-16,47.452667236328125,48.9672966003418,46.60929489135742,48.82960510253906,48.82960510253906,483857
2016-03-17,48.72633361816406,50.75731658935547,48.46815872192383,50.0172119140625,50.0172119140625,696793
2016-03-18,50.275386810302734,51.738380432128906,49.9139404296875,51.32530212402344,51.32530212402344,1640105
2016-03-21,51.17039489746094,51.944923400878906,50.70568084716797,51.44578170776367,51.44578170776367,369109
2016-03-22,50.75731658935547,51.858863830566406,50.74010467529297,51.18760681152344,51.18760681152344,425989
2016-03-23,50.70568084716797,50.9810676574707,49.24268341064453,49.535282135009766,49.535282135009766,537948
2016-03-24,48.77796936035156,49.38037872314453,47.504302978515625,48.84681701660156,48.84681701660156,760936
2016-03-28,49.0017204284668,49.0877799987793,47.607574462890625,48.72633361816406,48.72633361816406,848551
2016-03-29,48.072288513183594,49.8795166015625,46.987953186035156,49.690189361572266,49.690189361572266,515405
2016-03-30,50.430294036865234,50.53356170654297,49.1738395690918,49.604129791259766,49.604129791259766,293986
2016-03-31,49.48365020751953,50.0172119140625,48.9672966003418,49.2082633972168,49.2082633972168,481184
2016-04-01,48.39931106567383,50.8950080871582,47.84853744506836,50.68846893310547,50.68846893310547,705218
2016-04-04,50.8433723449707,52.08261489868164,49.8623046875,50.034423828125,50.034423828125,659784
2016-04-05,49.27710723876953,49.48365020751953,48.209983825683594,48.34767532348633,48.34767532348633,494780
2016-04-06,48.74354553222656,48.81239318847656,47.28055191040039,48.278831481933594,48.278831481933594,414776
2016-04-07,47.65920639038086,48.089500427246094,47.22891616821289,47.538726806640625,47.538726806640625,335063
2016-04-08,48.34767532348633,49.8795166015625,47.624786376953125,48.41652297973633,48.41652297973633,404841
2016-04-11,48.84681701660156,49.690189361572266,47.84853744506836,49.1738395690918,49.1738395690918,256802
2016-04-12,49.39759063720703,51.30809020996094,48.9672966003418,50.60240936279297,50.60240936279297,518717
2016-04-13,51.0154914855957,54.09638595581055,51.0154914855957,54.09638595581055,54.09638595581055,866503
2016-04-14,54.42340850830078,54.716007232666016,53.87263488769531,54.11359786987305,54.11359786987305,722009
2016-04-15,53.63167190551758,54.09638595581055,52.82271957397461,53.70051574707031,53.70051574707031,311765
2016-04-18,52.34079360961914,54.14802169799805,51.32530212402344,53.32185745239258,53.32185745239258,549103
2016-04-19,53.66609191894531,55.352840423583984,53.33906936645508,55.335628509521484,55.335628509521484,1047892
2016-04-20,55.301204681396484,55.54216766357422,54.54389190673828,54.819278717041016,54.819278717041016,534578
2016-04-21,54.99139404296875,56.17900085449219,54.836490631103516,55.318416595458984,55.318416595458984,646653
2016-04-22,55.266780853271484,56.17900085449219,55.07745361328125,55.88640213012695,55.88640213012695,368877
2016-04-25,55.57659149169922,56.26506042480469,54.716007232666016,55.07745361328125,55.07745361328125,310661
2016-04-26,55.54216766357422,56.67814254760742,54.92254638671875,56.62650680541992,56.62650680541992,406468
2016-04-27,56.764198303222656,57.88296127319336,56.64371871948242,57.77968978881836,57.77968978881836,410302
2016-04-28,57.573150634765625,57.641998291015625,55.50774383544922,55.66265106201172,55.66265106201172,354178
2016-04-29,55.62822723388672,56.11015319824219,54.819278717041016,55.81755447387695,55.81755447387695,497685
2016-05-02,55.78313446044922,55.86919021606445,54.23407745361328,55.163509368896484,55.163509368896484,669022
2016-05-03,55.163509368896484,55.69707489013672,48.67469787597656,48.72633361816406,48.72633361816406,2274906
2016-05-04,48.41652297973633,48.9672966003418,44.647159576416016,44.853702545166016,44.853702545166016,2401331
2016-05-05,44.95697021484375,45.283992767333984,43.59724426269531,43.64888000488281,43.64888000488281,1124700
2016-05-06,43.218589782714844,43.90705871582031,42.90877914428711,43.71772766113281,43.71772766113281,1911374
2016-05-09,43.59724426269531,43.83821105957031,42.547332763671875,43.63167190551758,43.63167190551758,1218415
2016-05-10,43.83821105957031,45.335628509521484,43.73493957519531,44.802066802978516,44.802066802978516,1089782
2016-05-11,44.836490631103516,45.52495574951172,44.47504425048828,44.733219146728516,44.733219146728516,883469
2016-05-12,45.370052337646484,45.52495574951172,43.82099914550781,44.25128936767578,44.25128936767578,573738
2016-05-13,43.92427062988281,44.767642974853516,42.80550765991211,42.96041488647461,42.96041488647461,519182
2016-05-16,43.54561233520508,44.42340850830078,43.33906936645508,43.68330383300781,43.68330383300781,375907
2016-05-17,44.664371490478516,45.85197830200195,43.85542297363281,45.12908935546875,45.12908935546875,855871
2016-05-18,44.23407745361328,45.06024169921875,43.58003234863281,43.82099914550781,43.82099914550781,751524
2016-05-19,43.270225524902344,43.63167190551758,42.461273193359375,42.96041488647461,42.96041488647461,633348
2016-05-20,43.115318298339844,44.09638595581055,42.92599105834961,44.07917404174805,44.07917404174805,454516
2016-05-23,43.68330383300781,44.819278717041016,43.54561233520508,44.37177276611328,44.37177276611328,495825
2016-05-24,44.87091064453125,46.52323532104492,44.38898468017578,46.33390808105469,46.33390808105469,1796626
2016-05-25,46.798622131347656,47.607574462890625,46.41996765136719,46.936317443847656,46.936317443847656,647641
2016-05-26,46.936317443847656,47.555938720703125,46.07572937011719,46.07572937011719,46.07572937011719,423026
2016-05-27,46.12736511230469,46.28227233886719,45.55937957763672,46.12736511230469,46.12736511230469,287246
2016-05-31,46.35111999511719,47.056800842285156,46.31669616699219,46.62650680541992,46.62650680541992,386249
2016-06-01,46.02409744262695,46.764198303222656,45.421688079833984,46.59208297729492,46.59208297729492,361673
2016-06-02,46.33390808105469,48.39931106567383,46.31669616699219,48.36488723754883,48.36488723754883,442896
2016-06-03,48.46815872192383,49.0189323425293,47.77968978881836,48.50258255004883,48.50258255004883,606855
2016-06-06,48.9672966003418,50.72289276123047,48.48537063598633,50.56798553466797,50.56798553466797,459861
2016-06-07,50.9638557434082,51.23924255371094,50.327022552490234,50.56798553466797,50.56798553466797,492339
2016-06-08,50.9638557434082,51.22203063964844,50.56798553466797,50.8950080871582,50.8950080871582,697665
2016-06-09,50.240962982177734,50.240962982177734,49.46643829345703,49.707401275634766,49.707401275634766,587740
2016-06-10,49.44922637939453,49.50086212158203,47.77968978881836,47.96902084350586,47.96902084350586,778947
2016-06-13,47.538726806640625,48.57143020629883,47.28055191040039,47.72805404663086,47.72805404663086,415996
2016-06-14,47.418243408203125,48.46815872192383,47.16006851196289,48.46815872192383,48.46815872192383,476594
2016-06-15,48.53700637817383,49.32874298095703,48.055076599121094,48.244407653808594,48.244407653808594,500183
2016-06-16,47.74526596069336,48.003440856933594,46.52323532104492,47.951805114746094,47.951805114746094,396242
2016-06-17,48.209983825683594,49.50086212158203,48.123924255371094,48.81239318847656,48.81239318847656,544571
2016-06-20,50.0860595703125,51.755592346191406,49.93115234375,50.8605842590332,50.8605842590332,707658
2016-06-21,50.65404510498047,50.9294319152832,50.0172119140625,50.481929779052734,50.481929779052734,536728
2016-06-22,50.77452850341797,51.70396041870117,50.72289276123047,51.44578170776367,51.44578170776367,753615
2016-06-23,52.25473403930664,53.063682556152344,52.11703872680664,53.012046813964844,53.012046813964844,499079
2016-06-24,50.1204833984375,50.395870208740234,45.76592254638672,46.28227233886719,46.28227233886719,1311433
2016-06-27,45.163509368896484,45.67986297607422,42.375213623046875,43.33906936645508,43.33906936645508,851339
2016-06-28,44.32013702392578,44.767642974853516,43.82099914550781,44.37177276611328,44.37177276611328,804685
2016-06-29,45.12908935546875,45.45610809326172,44.13080978393555,44.18244552612305,44.18244552612305,780748
2016-06-30,44.578311920166016,45.80034255981445,43.68330383300781,45.54216766357422,45.54216766357422,992116
2016-07-01,45.352840423583984,46.746986389160156,45.335628509521484,45.71428680419922,45.71428680419922,592620
2016-07-05,45.352840423583984,45.352840423583984,43.35628128051758,44.38898468017578,44.38898468017578,428023
2016-07-06,43.94147872924805,45.370052337646484,43.76936340332031,45.283992767333984,45.283992767333984,539284
2016-07-07,45.45610809326172,46.901893615722656,45.318416595458984,45.98967361450195,45.98967361450195,459978
2016-07-08,46.798622131347656,48.003440856933594,46.798622131347656,47.84853744506836,47.84853744506836,383402
2016-07-11,48.38209915161133,49.638553619384766,48.192771911621094,48.60585021972656,48.60585021972656,548638
2016-07-12,49.32874298095703,50.154903411865234,49.1910514831543,49.1910514831543,49.1910514831543,478453
2016-07-13,49.2082633972168,49.569705963134766,47.91738510131836,48.227195739746094,48.227195739746094,393802
2016-07-14,48.9672966003418,49.569705963134766,48.65748596191406,49.0017204284668,49.0017204284668,339072
2016-07-15,49.741825103759766,49.827884674072266,49.0533561706543,49.621341705322266,49.621341705322266,196378
2016-07-18,49.50086212158203,49.8623046875,48.9672966003418,49.741825103759766,49.741825103759766,318388
2016-07-19,48.84681701660156,49.25989532470703,48.192771911621094,48.36488723754883,48.36488723754883,493676
2016-07-20,48.34767532348633,49.31153106689453,47.469879150390625,48.9500846862793,48.9500846862793,375558
2016-07-21,49.0189323425293,50.0172119140625,48.82960510253906,49.604129791259766,49.604129791259766,464161
2016-07-22,49.39759063720703,49.621341705322266,48.43373489379883,49.0877799987793,49.0877799987793,651824
2016-07-25,48.86402893066406,49.1049919128418,48.39931106567383,48.9328727722168,48.9328727722168,247622
2016-07-26,48.9845085144043,51.0154914855957,48.9328727722168,50.8950080871582,50.8950080871582,284341
2016-07-27,51.22203063964844,51.58347702026367,49.93115234375,50.53356170654297,50.53356170654297,598314
2016-07-28,50.72289276123047,50.72289276123047,48.76075744628906,50.258174896240234,50.258174896240234,542015
2016-07-29,50.154903411865234,50.56798553466797,48.62306213378906,50.53356170654297,50.53356170654297,785454
2016-08-01,50.309810638427734,50.68846893310547,48.9672966003418,49.0705680847168,49.0705680847168,301190
2016-08-02,49.1566276550293,49.55249786376953,48.39931106567383,48.91566467285156,48.91566467285156,421922
2016-08-03,48.72633361816406,49.518070220947266,48.67469787597656,49.1910514831543,49.1910514831543,584254
2016-08-04,49.1910514831543,51.23924255371094,49.1222038269043,50.430294036865234,50.430294036865234,466485
2016-08-05,50.70568084716797,51.58347702026367,50.44750213623047,51.23924255371094,51.23924255371094,449868
2016-08-08,51.48020553588867,52.27194595336914,51.25645446777344,51.824440002441406,51.824440002441406,269758
2016-08-09,51.858863830566406,52.633392333984375,51.858863830566406,52.20309829711914,52.20309829711914,279519
2016-08-10,52.444061279296875,52.943199157714844,52.28915786743164,52.66781234741211,52.66781234741211,455330
2016-08-11,53.012046813964844,54.30292510986328,52.82271957397461,53.75215148925781,53.75215148925781,610282
2016-08-12,53.59724426269531,53.59724426269531,51.858863830566406,52.22031021118164,52.22031021118164,651998
2016-08-15,52.495697021484375,53.52840042114258,52.358001708984375,53.149742126464844,53.149742126464844,307698
2016-08-16,52.97762680053711,53.32185745239258,52.78829574584961,52.943199157714844,52.943199157714844,322687
2016-08-17,52.82271957397461,53.253013610839844,52.392425537109375,52.73666000366211,52.73666000366211,271269
2016-08-18,52.85714340209961,53.37349319458008,52.85714340209961,53.063682556152344,53.063682556152344,338897
2016-08-19,52.66781234741211,53.35628128051758,52.34079360961914,53.063682556152344,53.063682556152344,389735
2016-08-22,52.547332763671875,52.90877914428711,51.979347229003906,52.530120849609375,52.530120849609375,338665
2016-08-23,52.82271957397461,53.45955276489258,52.80550765991211,53.080894470214844,53.080894470214844,189697
2016-08-24,52.83993148803711,53.32185745239258,52.13425064086914,52.32358169555664,52.32358169555664,215900
2016-08-25,52.20309829711914,52.426849365234375,51.807228088378906,52.11703872680664,52.11703872680664,246983
2016-08-26,52.20309829711914,53.046470642089844,52.06540298461914,52.25473403930664,52.25473403930664,223394
2016-08-29,52.048194885253906,52.616180419921875,51.721168518066406,52.27194595336914,52.27194595336914,279693
2016-08-30,52.495697021484375,52.89156723022461,51.841651916503906,51.996559143066406,51.996559143066406,218107
2016-08-31,51.70396041870117,52.09982681274414,50.7917366027832,51.08433532714844,51.08433532714844,544048
2016-09-01,50.9466438293457,51.27366638183594,49.724613189697266,50.481929779052734,50.481929779052734,467298
2016-09-02,51.13597106933594,51.51462936401367,50.481929779052734,51.35972595214844,51.35972595214844,436215
2016-09-06,51.44578170776367,51.738380432128906,50.7917366027832,51.25645446777344,51.25645446777344,333145
2016-09-07,51.08433532714844,52.16867446899414,50.9638557434082,51.927711486816406,51.927711486816406,504424
2016-09-08,51.824440002441406,52.444061279296875,51.35972595214844,51.58347702026367,51.58347702026367,324837
2016-09-09,50.9122200012207,50.9466438293457,49.2082633972168,49.621341705322266,49.621341705322266,455562
2016-09-12,49.2082633972168,50.9638557434082,49.1738395690918,50.481929779052734,50.481929779052734,389851
2016-09-13,49.50086212158203,50.223751068115234,48.55421829223633,48.9845085144043,48.9845085144043,387876
2016-09-14,49.2082633972168,49.2082633972168,47.77968978881836,48.261619567871094,48.261619567871094,477989
2016-09-15,48.41652297973633,49.8795166015625,48.106712341308594,49.50086212158203,49.50086212158203,388108
2016-09-16,48.76075744628906,49.32874298095703,47.98623275756836,48.39931106567383,48.39931106567383,458990
2016-09-19,48.9672966003418,49.50086212158203,48.55421829223633,48.76075744628906,48.76075744628906,527025
2016-09-20,49.0533561706543,49.0705680847168,48.46815872192383,48.77796936035156,48.77796936035156,479732
2016-09-21,49.39759063720703,49.9483642578125,48.70912170410156,49.724613189697266,49.724613189697266,417216
2016-09-22,50.413082122802734,51.58347702026367,50.292598724365234,51.49741744995117,51.49741744995117,610399
2016-09-23,51.22203063964844,51.51462936401367,50.172115325927734,50.65404510498047,50.65404510498047,400019
2016-09-26,50.413082122802734,51.0154914855957,50.0,50.275386810302734,50.275386810302734,334307
2016-09-27,49.845096588134766,50.189327239990234,49.518070220947266,50.06884765625,50.06884765625,281320
2016-09-28,50.361446380615234,52.564544677734375,50.361446380615234,52.461273193359375,52.461273193359375,638112
2016-09-29,52.461273193359375,53.35628128051758,52.16867446899414,52.461273193359375,52.461273193359375,398973
2016-09-30,53.080894470214844,54.49225616455078,52.75387191772461,54.09638595581055,54.09638595581055,437725
2016-10-03,53.80378723144531,53.95869064331055,52.616180419921875,52.68502426147461,52.68502426147461,398450
2016-10-04,52.71944808959961,53.218589782714844,51.790016174316406,51.979347229003906,51.979347229003906,802942
2016-10-05,52.65060043334961,53.80378723144531,51.876075744628906,53.51118850708008,53.51118850708008,319899
2016-10-06,53.253013610839844,53.80378723144531,52.495697021484375,53.44234085083008,53.44234085083008,1173039
2016-10-07,53.33906936645508,53.33906936645508,51.46299362182617,52.08261489868164,52.08261489868164,335760
2016-10-10,52.15146255493164,52.89156723022461,51.11875915527344,51.39414978027344,51.39414978027344,356618
2016-10-11,51.08433532714844,51.10154724121094,49.827884674072266,50.344234466552734,50.344234466552734,335005
2016-10-12,50.189327239990234,50.8089485168457,50.0860595703125,50.60240936279297,50.60240936279297,143681
2016-10-13,49.569705963134766,50.63683319091797,49.0017204284668,50.361446380615234,50.361446380615234,385842
2016-10-14,50.8433723449707,51.27366638183594,50.309810638427734,50.67125701904297,50.67125701904297,209044
2016-10-17,50.74010467529297,50.9810676574707,50.103271484375,50.361446380615234,50.361446380615234,260056
2016-10-18,51.17039489746094,51.17039489746094,49.845096588134766,49.9139404296875,49.9139404296875,218107
2016-10-19,50.327022552490234,50.68846893310547,49.93115234375,50.55077362060547,50.55077362060547,857498
2016-10-20,50.1204833984375,50.8777961730957,49.9139404296875,50.430294036865234,50.430294036865234,252503
2016-10-21,49.707401275634766,52.048194885253906,49.621341705322266,51.66953659057617,51.66953659057617,608598
2016-10-24,52.01376724243164,52.70223617553711,51.39414978027344,51.858863830566406,51.858863830566406,281959
2016-10-25,51.824440002441406,51.893287658691406,50.8605842590332,51.0671272277832,51.0671272277832,243729
2016-10-26,50.53356170654297,51.979347229003906,50.395870208740234,50.58519744873047,50.58519744873047,487285
2016-10-27,52.11703872680664,55.146297454833984,51.893287658691406,55.09466552734375,55.09466552734375,1099659
2016-10-28,55.490535736083984,56.60929489135742,54.35456085205078,54.509464263916016,54.509464263916016,794576
2016-10-31,55.04302978515625,55.06024169921875,54.28571319580078,54.716007232666016,54.716007232666016,279403
2016-11-01,55.163509368896484,55.163509368896484,52.77108383178711,53.32185745239258,53.32185745239258,499660
2016-11-02,52.92599105834961,53.47676467895508,52.20309829711914,52.73666000366211,52.73666000366211,437144
2016-11-03,52.85714340209961,54.595523834228516,52.65060043334961,54.54389190673828,54.54389190673828,457073
2016-11-04,54.49225616455078,56.746986389160156,53.92427062988281,56.09294128417969,56.09294128417969,651243
2016-11-07,57.504302978515625,57.72805404663086,57.07400894165039,57.469879150390625,57.469879150390625,469971
2016-11-08,57.21170425415039,58.89845275878906,56.52323532104492,58.50258255004883,58.50258255004883,503262
2016-11-09,59.0361442565918,60.53356170654297,58.69190979003906,60.172115325927734,60.172115325927734,924545
2016-11-10,61.25645446777344,63.098106384277344,61.25645446777344,61.790016174316406,61.790016174316406,841811
2016-11-11,61.44578170776367,62.616180419921875,61.27366638183594,62.581756591796875,62.581756591796875,1061894
2016-11-14,63.71772766113281,64.76763916015625,63.39070510864258,64.54389190673828,64.54389190673828,715676
2016-11-15,64.49225616455078,64.69879150390625,63.64888000488281,64.45783233642578,64.45783233642578,424537
2016-11-16,63.66609191894531,64.81927490234375,63.115318298339844,63.80378723144531,63.80378723144531,406410
2016-11-17,63.97590255737305,64.09638977050781,62.87435531616211,63.184165954589844,63.184165954589844,407513
2016-11-18,63.33906936645508,63.52840042114258,62.495697021484375,62.68502426147461,62.68502426147461,359871
2016-11-21,63.40791702270508,63.49397659301758,62.73666000366211,62.943199157714844,62.943199157714844,417739
2016-11-22,63.253013610839844,63.253013610839844,62.512908935546875,63.063682556152344,63.063682556152344,504076
2016-11-23,62.83993148803711,64.02754211425781,62.83993148803711,63.64888000488281,63.64888000488281,300551
2016-11-25,63.59724426269531,64.28571319580078,63.098106384277344,64.18244171142578,64.18244171142578,146238
2016-11-28,64.19965362548828,64.28571319580078,63.063682556152344,63.201377868652344,63.201377868652344,390606
2016-11-29,62.478485107421875,62.85714340209961,61.66953659057617,61.927711486816406,61.927711486816406,630734
2016-11-30,62.92599105834961,65.11187744140625,62.92599105834961,64.73321533203125,64.73321533203125,457712
2016-12-01,65.40447235107422,66.19621276855469,64.97418212890625,65.28399658203125,65.28399658203125,415880
2016-12-02,65.23236083984375,65.47332000732422,64.45783233642578,65.33562469482422,65.33562469482422,264413
2016-12-05,66.05851745605469,66.35111999511719,65.30120849609375,65.35283660888672,65.35283660888672,382298
2016-12-06,65.35283660888672,66.48881530761719,65.09466552734375,66.36833190917969,66.36833190917969,219792
2016-12-07,66.31669616699219,68.55421447753906,65.71428680419922,68.4165267944336,68.4165267944336,499544
2016-12-08,68.46815490722656,68.57142639160156,66.69535064697266,67.60757446289062,67.60757446289062,770057
2016-12-09,67.71084594726562,68.48536682128906,67.09122467041016,67.48709106445312,67.48709106445312,400483
2016-12-12,67.48709106445312,67.81411743164062,66.28227233886719,66.40275573730469,66.40275573730469,354642
2016-12-13,66.74698638916016,66.85025787353516,65.14630126953125,65.76592254638672,65.76592254638672,510467
2016-12-14,65.06024169921875,65.71428680419922,63.47676467895508,63.56282424926758,63.56282424926758,383228
2016-12-15,63.58003234863281,64.66437530517578,63.115318298339844,64.13080596923828,64.13080596923828,253955
2016-12-16,64.11359405517578,65.74871063232422,63.68330383300781,65.14630126953125,65.14630126953125,646827
2016-12-19,63.75215148925781,65.19793701171875,63.49397659301758,63.71772766113281,63.71772766113281,399670
2016-12-20,63.95869064331055,64.64716339111328,63.52840042114258,63.66609191894531,63.66609191894531,391768
2016-12-21,64.07917022705078,64.38898468017578,63.44234085083008,63.61445617675781,63.61445617675781,392582
2016-12-22,63.166954040527344,63.33906936645508,62.478485107421875,62.530120849609375,62.530120849609375,293521
2016-12-23,62.994834899902344,62.994834899902344,62.409637451171875,62.581756591796875,62.581756591796875,156580
2016-12-27,62.96041488647461,63.30464553833008,62.564544677734375,63.149742126464844,63.149742126464844,161750
2016-12-28,63.149742126464844,63.33906936645508,61.910499572753906,61.996559143066406,61.996559143066406,266795
2016-12-29,62.20309829711914,62.633392333984375,61.39414978027344,61.824440002441406,61.824440002441406,190103
2016-12-30,62.11703872680664,62.426849365234375,61.49741744995117,61.841651916503906,61.841651916503906,207243
2017-01-03,63.098106384277344,63.95869064331055,62.77108383178711,63.51118850708008,63.51118850708008,581116
2017-01-04,63.63167190551758,64.42340850830078,63.45955276489258,63.73493957519531,63.73493957519531,367076
2017-01-05,63.87263488769531,64.09638977050781,62.08261489868164,62.409637451171875,62.409637451171875,313450
2017-01-06,62.581756591796875,63.44234085083008,62.23752212524414,62.581756591796875,62.581756591796875,290210
2017-01-09,61.979347229003906,62.23752212524414,60.9638557434082,61.08433532714844,61.08433532714844,243032
2017-01-10,60.8433723449707,62.943199157714844,60.77452850341797,62.83993148803711,62.83993148803711,362660
2017-01-11,63.253013610839844,65.24957275390625,63.132530212402344,65.14630126953125,65.14630126953125,369342
2017-01-12,65.37004852294922,65.37004852294922,62.68502426147461,63.51118850708008,63.51118850708008,272489
2017-01-13,68.3476791381836,68.48536682128906,65.74871063232422,65.93804168701172,65.93804168701172,545094
2017-01-17,65.52495574951172,65.98966979980469,63.71772766113281,64.33734893798828,64.33734893798828,352783
2017-01-18,64.07917022705078,64.95697021484375,63.80378723144531,64.35456085205078,64.35456085205078,237513
2017-01-19,64.62995147705078,65.42168426513672,63.85542297363281,64.26850128173828,64.26850128173828,324779
2017-01-20,64.90533447265625,65.45610809326172,64.30292510986328,64.66437530517578,64.66437530517578,233039
2017-01-23,64.14801788330078,64.88812255859375,63.70051574707031,64.49225616455078,64.49225616455078,154895
2017-01-24,64.56110382080078,67.65921020507812,64.35456085205078,67.22891235351562,67.22891235351562,303573
2017-01-25,67.48709106445312,68.95008850097656,66.19621276855469,68.84681701660156,68.84681701660156,376372
2017-01-26,68.64027404785156,69.22547149658203,67.9173812866211,68.60585021972656,68.60585021972656,273942
2017-01-27,68.1411361694336,68.64027404785156,67.9518051147461,68.2444076538086,68.2444076538086,167038
2017-01-30,67.29776000976562,67.9173812866211,66.29948425292969,67.74526977539062,67.74526977539062,373293
2017-01-31,67.72805786132812,67.81411743164062,65.78313446044922,67.12564849853516,67.12564849853516,515812
2017-02-01,68.84681701660156,70.56798553466797,67.55593872070312,69.7418212890625,69.7418212890625,1007686
2017-02-02,69.01893615722656,71.11875915527344,67.02237701416016,69.759033203125,69.759033203125,846982
2017-02-03,70.60240936279297,72.27194213867188,69.965576171875,71.25645446777344,71.25645446777344,509305
2017-02-06,70.86058807373047,71.39414978027344,69.12220001220703,69.759033203125,69.759033203125,318562
2017-02-07,69.759033203125,70.96385192871094,69.05335235595703,69.39759063720703,69.39759063720703,342325
2017-02-08,69.17383575439453,69.27710723876953,67.8313217163086,68.1755599975586,68.1755599975586,435169
2017-02-09,68.69190979003906,69.13941192626953,68.1239242553711,68.72633361816406,68.72633361816406,445278
2017-02-10,69.48365020751953,69.55249786376953,68.1755599975586,69.17383575439453,69.17383575439453,420295
2017-02-13,69.7418212890625,70.275390625,69.17383575439453,69.65576934814453,69.65576934814453,351331
2017-02-14,69.60413360595703,69.60413360595703,68.48536682128906,68.65748596191406,68.65748596191406,578967
2017-02-15,68.51979064941406,69.827880859375,68.1583480834961,69.65576934814453,69.65576934814453,370329
2017-02-16,69.79345703125,69.827880859375,67.9001693725586,68.2960433959961,68.2960433959961,270746
2017-02-17,68.1239242553711,68.3476791381836,67.14286041259766,68.3132553100586,68.3132553100586,295613
2017-02-21,68.57142639160156,68.81239318847656,68.0206527709961,68.1583480834961,68.1583480834961,268015
2017-02-22,67.67642211914062,67.9690170288086,67.00516510009766,67.14286041259766,67.14286041259766,252909
2017-02-23,67.57315063476562,67.71084594726562,65.45610809326172,66.21342468261719,66.21342468261719,207998
2017-02-24,65.59380340576172,66.40275573730469,65.09466552734375,66.40275573730469,66.40275573730469,204861
2017-02-27,66.60929107666016,67.26333618164062,66.02409362792969,67.07401275634766,67.07401275634766,270339
2017-02-28,66.79862213134766,66.79862213134766,65.37004852294922,65.49053192138672,65.49053192138672,274755
2017-03-01,66.90189361572266,68.95008850097656,66.85025787353516,67.77969360351562,67.77969360351562,401181
2017-03-02,67.69363403320312,67.69363403320312,65.80034637451172,66.26506042480469,66.26506042480469,391071
2017-03-03,66.41996765136719,67.00516510009766,65.35283660888672,66.26506042480469,66.26506042480469,233388
2017-03-06,65.61101531982422,66.71256256103516,65.33562469482422,66.28227233886719,66.28227233886719,312288
2017-03-07,66.28227233886719,66.76419830322266,65.85198211669922,66.11015319824219,66.11015319824219,202537
2017-03-08,66.17900085449219,67.60757446289062,66.00688171386719,66.57486724853516,66.57486724853516,309731
2017-03-09,66.59208679199219,67.02237701416016,65.37004852294922,65.97245788574219,65.97245788574219,348426
2017-03-10,66.52323913574219,67.41824340820312,65.62822723388672,66.79862213134766,66.79862213134766,251108
2017-03-13,66.91910552978516,67.50430297851562,66.74698638916016,67.34939575195312,67.34939575195312,207998
2017-03-14,66.55765533447266,66.55765533447266,65.59380340576172,65.85198211669922,65.85198211669922,255117
2017-03-15,66.62650299072266,68.4509506225586,66.26506042480469,67.8829574584961,67.8829574584961,330763
2017-03-16,68.1583480834961,68.70912170410156,67.59036254882812,68.0206527709961,68.0206527709961,194751
2017-03-17,68.1239242553711,68.2271957397461,67.46987915039062,68.1239242553711,68.1239242553711,465207
2017-03-20,68.0034408569336,68.0034408569336,66.72977447509766,67.40103149414062,67.40103149414062,230599
2017-03-21,67.69363403320312,68.0378646850586,65.14630126953125,65.49053192138672,65.49053192138672,242626
2017-03-22,65.23236083984375,66.16178894042969,64.71600341796875,65.66265106201172,65.66265106201172,199457
2017-03-23,65.45610809326172,66.28227233886719,65.28399658203125,65.54216766357422,65.54216766357422,161867
2017-03-24,65.71428680419922,66.21342468261719,64.28571319580078,64.38898468017578,64.38898468017578,317691
2017-03-27,63.098106384277344,65.23236083984375,62.581756591796875,64.99139404296875,64.99139404296875,288467
2017-03-28,65.06024169921875,66.41996765136719,64.66437530517578,66.07572937011719,66.07572937011719,174765
2017-03-29,65.92082977294922,67.07401275634766,65.55937957763672,66.81583404541016,66.81583404541016,253548
2017-03-30,67.05680084228516,67.67642211914062,66.66092681884766,67.65921020507812,67.65921020507812,208521
2017-03-31,67.28054809570312,67.81411743164062,66.86746978759766,67.57315063476562,67.57315063476562,208405
2017-04-03,67.55593872070312,67.9345932006836,64.81927490234375,66.43717956542969,66.43717956542969,374803
2017-04-04,66.43717956542969,66.97074127197266,65.83477020263672,66.23063659667969,66.23063659667969,216655
2017-04-05,66.85025787353516,67.72805786132812,66.04130554199219,66.17900085449219,66.17900085449219,346392
2017-04-06,66.35111999511719,67.43545532226562,65.86919403076172,66.60929107666016,66.60929107666016,195158
2017-04-07,68.46815490722656,70.06884765625,67.8313217163086,68.79518127441406,68.79518127441406,809914
2017-04-10,68.82960510253906,69.8106689453125,68.2099838256836,68.89845275878906,68.89845275878906,393337
2017-04-11,68.81239318847656,69.08778381347656,67.60757446289062,68.86402893066406,68.86402893066406,611328
2017-04-12,68.67469787597656,69.03614807128906,67.24612426757812,67.57315063476562,67.57315063476562,624459
2017-04-13,67.19448852539062,68.2616195678711,65.83477020263672,65.90361022949219,65.90361022949219,350866
2017-04-17,66.35111999511719,67.65921020507812,65.97245788574219,67.52151489257812,67.52151489257812,251050
2017-04-18,66.69535064697266,68.2616195678711,66.35111999511719,67.77969360351562,67.77969360351562,364636
2017-04-19,68.46815490722656,68.69190979003906,66.76419830322266,67.24612426757812,67.24612426757812,265808
2017-04-20,67.79690551757812,68.4165267944336,67.53872680664062,68.1583480834961,68.1583480834961,209160
2017-04-21,68.2616195678711,68.2616195678711,66.40275573730469,66.69535064697266,66.69535064697266,422736
2017-04-24,67.48709106445312,68.77796936035156,67.48709106445312,68.67469787597656,68.67469787597656,483624
2017-04-25,69.34595489501953,70.39586639404297,69.17383575439453,69.8106689453125,69.8106689453125,664490
2017-04-26,69.759033203125,70.34423065185547,69.25989532470703,69.62134552001953,69.62134552001953,620218
2017-04-27,69.51807403564453,69.8795166015625,68.95008850097656,69.62134552001953,69.62134552001953,421167
2017-04-28,69.9139404296875,70.32701873779297,69.44922637939453,69.65576934814453,69.65576934814453,501868
2017-05-01,69.827880859375,69.827880859375,68.2960433959961,68.84681701660156,68.84681701660156,351679
2017-05-02,69.10498809814453,69.896728515625,67.77969360351562,68.84681701660156,68.84681701660156,336631
2017-05-03,68.2271957397461,68.70912170410156,67.00516510009766,68.46815490722656,68.46815490722656,382879
2017-05-04,67.9862289428711,68.2960433959961,66.12736511230469,66.64371490478516,66.64371490478516,735837
2017-05-05,67.22891235351562,69.51807403564453,65.74871063232422,69.03614807128906,69.03614807128906,993975
2017-05-08,69.03614807128906,69.31153106689453,67.76248168945312,67.8829574584961,67.8829574584961,576817
2017-05-09,68.2444076538086,68.79518127441406,67.09122467041016,67.40103149414062,67.40103149414062,304444
2017-05-10,67.38381958007812,68.3648910522461,67.03958892822266,68.2616195678711,68.2616195678711,540446
2017-05-11,68.1239242553711,68.77796936035156,67.14286041259766,68.67469787597656,68.67469787597656,743331
2017-05-12,68.48536682128906,68.81239318847656,67.8313217163086,68.3821029663086,68.3821029663086,339362
2017-05-15,68.84681701660156,69.60413360595703,68.4509506225586,68.50257873535156,68.50257873535156,304676
2017-05-16,68.84681701660156,68.86402893066406,67.81411743164062,68.67469787597656,68.67469787597656,272605
2017-05-17,67.34939575195312,68.3648910522461,67.22891235351562,67.9345932006836,67.9345932006836,506458
2017-05-18,68.0034408569336,68.64027404785156,67.33218383789062,68.2616195678711,68.2616195678711,322920
2017-05-19,68.82960510253906,70.034423828125,68.82960510253906,69.25989532470703,69.25989532470703,1070260
2017-05-22,69.9139404296875,70.32701873779297,68.93287658691406,69.20825958251953,69.20825958251953,562582
2017-05-23,69.41480255126953,69.53528594970703,68.72633361816406,69.08778381347656,69.08778381347656,392872
2017-05-24,69.08778381347656,69.58692169189453,68.77796936035156,68.95008850097656,68.95008850097656,1265709
2017-05-25,69.03614807128906,69.58692169189453,68.64027404785156,69.00172424316406,69.00172424316406,546953
2017-05-26,68.98451232910156,70.1549072265625,68.57142639160156,69.8795166015625,69.8795166015625,461837
2017-05-30,69.38037872314453,69.9139404296875,68.69190979003906,69.58692169189453,69.58692169189453,227636
2017-05-31,69.50086212158203,70.1376953125,68.1411361694336,69.8106689453125,69.8106689453125,343662
2017-06-01,70.49913787841797,71.7900161743164,69.9483642578125,71.37693786621094,71.37693786621094,412278
2017-06-02,71.37693786621094,72.22030639648438,70.77452850341797,71.5662612915039,71.5662612915039,316180
2017-06-05,71.22203063964844,71.7728042602539,70.94664764404297,70.99827575683594,70.99827575683594,159891
2017-06-06,70.51634979248047,70.51634979248047,69.44922637939453,70.1893310546875,70.1893310546875,186036
2017-06-07,70.1376953125,70.275390625,67.28054809570312,67.76248168945312,67.76248168945312,523830
2017-06-08,67.53872680664062,68.95008850097656,67.33218383789062,68.89845275878906,68.89845275878906,374106
2017-06-09,68.89845275878906,69.56970977783203,68.69190979003906,69.25989532470703,69.25989532470703,547999
2017-06-12,69.690185546875,69.7762451171875,68.4165267944336,69.27710723876953,69.27710723876953,482520
2017-06-13,69.50086212158203,70.49913787841797,69.00172424316406,70.46471405029297,70.46471405029297,777785
2017-06-14,70.48192596435547,70.49913787841797,67.59036254882812,68.1411361694336,68.1411361694336,452599
2017-06-15,67.21170043945312,67.9345932006836,66.86746978759766,67.9345932006836,67.9345932006836,416577
2017-06-16,67.9690170288086,68.77796936035156,67.76248168945312,68.2960433959961,68.2960433959961,366146
2017-06-19,68.3648910522461,69.25989532470703,68.2960433959961,69.15662384033203,69.15662384033203,285503
2017-06-20,67.9001693725586,68.60585021972656,66.17900085449219,67.81411743164062,67.81411743164062,917457
2017-06-21,68.2616195678711,68.2616195678711,63.56282424926758,63.68330383300781,63.68330383300781,916586
2017-06-22,63.99311447143555,64.40619659423828,62.994834899902344,63.64888000488281,63.64888000488281,945694
2017-06-23,63.51118850708008,65.23236083984375,63.33906936645508,65.19793701171875,65.19793701171875,915888
2017-06-26,65.52495574951172,66.26506042480469,64.73321533203125,65.66265106201172,65.66265106201172,543177
2017-06-27,65.76592254638672,66.47160339355469,65.42168426513672,65.47332000732422,65.47332000732422,319899
2017-06-28,65.97245788574219,67.33218383789062,65.64543914794922,66.57486724853516,66.57486724853516,609469
2017-06-29,66.74698638916016,67.50430297851562,66.16178894042969,66.62650299072266,66.62650299072266,530337
2017-06-30,67.09122467041016,68.1927719116211,66.35111999511719,67.76248168945312,67.76248168945312,495942
2017-07-03,68.3132553100586,68.98451232910156,67.52151489257812,68.70912170410156,68.70912170410156,182144
2017-07-05,68.3821029663086,68.82960510253906,67.55593872070312,68.2271957397461,68.2271957397461,422561
2017-07-06,68.0206527709961,68.51979064941406,67.28054809570312,67.48709106445312,67.48709106445312,454632
2017-07-07,67.57315063476562,67.81411743164062,66.55765533447266,67.57315063476562,67.57315063476562,460733
2017-07-10,67.59036254882812,68.57142639160156,67.29776000976562,67.65921020507812,67.65921020507812,552705
2017-07-11,67.57315063476562,68.0722885131836,67.10843658447266,67.65921020507812,67.65921020507812,409547
2017-07-12,68.51979064941406,69.759033203125,67.8657455444336,69.36316680908203,69.36316680908203,549626
2017-07-13,69.41480255126953,69.41480255126953,68.58863830566406,69.08778381347656,69.08778381347656,375152
2017-07-14,69.32874298095703,70.68846893310547,68.86402893066406,70.41307830810547,70.41307830810547,393163
2017-07-17,70.41307830810547,71.23924255371094,69.7073974609375,70.98106384277344,70.98106384277344,334772
2017-07-18,71.03269958496094,71.49742126464844,70.46471405029297,71.34251403808594,71.34251403808594,362718
2017-07-19,71.44578552246094,71.7039566040039,71.15318298339844,71.53184509277344,71.53184509277344,346392
2017-07-20,71.6006851196289,72.25473022460938,71.03269958496094,71.8588638305664,71.8588638305664,508491
2017-07-21,71.8932876586914,72.40963745117188,71.35972595214844,72.23751831054688,72.23751831054688,644968
2017-07-24,72.0137710571289,72.35800170898438,70.79174041748047,71.8588638305664,71.8588638305664,703301
2017-07-25,72.80551147460938,73.14974212646484,71.03269958496094,71.35972595214844,71.35972595214844,878414
2017-07-26,71.49742126464844,71.49742126464844,70.2237548828125,70.48192596435547,70.48192596435547,372247
2017-07-27,71.08433532714844,71.27366638183594,69.8795166015625,70.275390625,70.275390625,546431
2017-07-28,69.724609375,70.1893310546875,68.3993148803711,69.79345703125,69.79345703125,619695
2017-07-31,71.03269958496094,73.58003234863281,70.70568084716797,71.04991149902344,71.04991149902344,957256
2017-08-01,71.20481872558594,71.6351089477539,70.0516357421875,70.44750213623047,70.44750213623047,459048
2017-08-02,70.1204833984375,71.04991149902344,69.9139404296875,70.87779998779297,70.87779998779297,521970
2017-08-03,71.03269958496094,71.20481872558594,70.43029022216797,71.03269958496094,71.03269958496094,393569
2017-08-04,71.17039489746094,71.8932876586914,70.89501190185547,71.37693786621094,71.37693786621094,410070
2017-08-07,71.30809020996094,71.5834732055664,70.74010467529297,71.18760681152344,71.18760681152344,326696
2017-08-08,70.96385192871094,71.6351089477539,70.2237548828125,70.65404510498047,70.65404510498047,260520
2017-08-09,70.53356170654297,70.65404510498047,69.8450927734375,70.0172119140625,70.0172119140625,202130
2017-08-10,69.58692169189453,69.8795166015625,68.57142639160156,68.58863830566406,68.58863830566406,276207
2017-08-11,66.88468170166016,69.13941192626953,66.88468170166016,68.86402893066406,68.86402893066406,247448
2017-08-14,69.36316680908203,70.034423828125,68.91566467285156,69.44922637939453,69.44922637939453,222232
2017-08-15,69.55249786376953,69.62134552001953,68.0722885131836,68.2099838256836,68.2099838256836,381891
2017-08-16,68.3304672241211,69.15662384033203,68.3304672241211,68.57142639160156,68.57142639160156,451669
2017-08-17,68.2271957397461,68.2271957397461,65.74871063232422,65.78313446044922,65.78313446044922,429475
2017-08-18,65.43889617919922,65.78313446044922,64.76763916015625,65.09466552734375,65.09466552734375,512558
2017-08-21,65.06024169921875,65.21514892578125,64.30292510986328,64.38898468017578,64.38898468017578,343545
2017-08-22,64.54389190673828,66.23063659667969,64.13080596923828,66.00688171386719,66.00688171386719,773950
2017-08-23,65.50774383544922,66.36833190917969,65.21514892578125,65.23236083984375,65.23236083984375,377185
2017-08-24,65.40447235107422,66.00688171386719,64.93975830078125,64.95697021484375,64.95697021484375,263890
2017-08-25,66.26506042480469,67.65921020507812,66.26506042480469,67.26333618164062,67.26333618164062,567521
2017-08-28,67.64199829101562,67.65921020507812,66.17900085449219,66.76419830322266,66.76419830322266,310196
2017-08-29,65.98966979980469,67.09122467041016,65.85198211669922,66.85025787353516,66.85025787353516,196262
2017-08-30,66.76419830322266,67.9862289428711,66.52323913574219,67.8657455444336,67.8657455444336,316529
2017-08-31,68.4165267944336,68.77796936035156,68.0895004272461,68.64027404785156,68.64027404785156,197424
2017-09-01,68.84681701660156,70.0,68.4337387084961,69.8623046875,69.8623046875,310254
2017-09-05,69.79345703125,70.1204833984375,68.53700256347656,68.91566467285156,68.91566467285156,241812
2017-09-06,69.50086212158203,69.50086212158203,68.0206527709961,68.0895004272461,68.0895004272461,330240
2017-09-07,68.2271957397461,68.2271957397461,67.28054809570312,67.74526977539062,67.74526977539062,171802
2017-09-08,67.36660766601562,68.3993148803711,67.28054809570312,68.2960433959961,68.2960433959961,296020
2017-09-11,68.84681701660156,70.75731658935547,68.79518127441406,70.43029022216797,70.43029022216797,326580
2017-09-12,70.79174041748047,71.20481872558594,69.60413360595703,70.91221618652344,70.91221618652344,195158
2017-09-13,70.74010467529297,71.41136169433594,70.51634979248047,71.06712341308594,71.06712341308594,159949
2017-09-14,71.08433532714844,71.48020935058594,70.77452850341797,71.20481872558594,71.20481872558594,252270
2017-09-15,71.25645446777344,71.5490493774414,70.53356170654297,71.20481872558594,71.20481872558594,410186
2017-09-18,71.37693786621094,71.6178970336914,70.91221618652344,71.46299743652344,71.46299743652344,491642
2017-09-19,71.53184509277344,72.0826187133789,71.29087829589844,71.8932876586914,71.8932876586914,397985
2017-09-20,72.0654067993164,72.44406127929688,71.7383804321289,71.9965591430664,71.9965591430664,414544
2017-09-21,72.0137710571289,72.53012084960938,71.7383804321289,71.7555923461914,71.7555923461914,205442
2017-09-22,71.6178970336914,73.75215148925781,71.39414978027344,73.56282043457031,73.56282043457031,415880
2017-09-25,73.68330383300781,73.88984680175781,72.27194213867188,72.39242553710938,72.39242553710938,331228
2017-09-26,72.1514663696289,72.20309448242188,70.67125701904297,71.6867446899414,71.6867446899414,411058
2017-09-27,72.1686782836914,72.61618041992188,70.84337615966797,72.39242553710938,72.39242553710938,268654
2017-09-28,72.27194213867188,72.40963745117188,71.42857360839844,72.18588256835938,72.18588256835938,185630
2017-09-29,72.0137710571289,72.35800170898438,71.5834732055664,71.6695327758789,71.6695327758789,165120
2017-10-02,71.6178970336914,72.47848510742188,71.30809020996094,72.37521362304688,72.37521362304688,365159
2017-10-03,72.71945190429688,72.94319915771484,72.30636596679688,72.89156341552734,72.89156341552734,275278
2017-10-04,72.83992767333984,73.52839660644531,72.54733276367188,72.77108764648438,72.77108764648438,261682
2017-10-05,72.89156341552734,73.11531829833984,72.54733276367188,72.80551147460938,72.80551147460938,225486
2017-10-06,72.40963745117188,73.14974212646484,72.32357788085938,72.56454467773438,72.56454467773438,225544
2017-10-09,72.80551147460938,73.06368255615234,72.47848510742188,72.89156341552734,72.89156341552734,244601
2017-10-10,73.40791320800781,73.58003234863281,71.8244400024414,71.9793472290039,71.9793472290039,217817
2017-10-11,72.1170425415039,72.35800170898438,71.8244400024414,72.34078979492188,72.34078979492188,167619
2017-10-12,71.8932876586914,72.61618041992188,71.8932876586914,72.34078979492188,72.34078979492188,225602
2017-10-13,72.73666381835938,73.66609191894531,72.22030639648438,72.73666381835938,72.73666381835938,318330
2017-10-16,73.35628509521484,74.02754211425781,72.77108764648438,73.64888000488281,73.64888000488281,429998
2017-10-17,73.44234466552734,73.68330383300781,72.83992767333984,73.14974212646484,73.14974212646484,315309
2017-10-18,72.0481948852539,72.58175659179688,71.8760757446289,72.20309448242188,72.20309448242188,354817
2017-10-19,71.7039566040039,72.30636596679688,71.48020935058594,72.28915405273438,72.28915405273438,180749
2017-10-20,72.89156341552734,73.66609191894531,72.71945190429688,73.58003234863281,73.58003234863281,279461
2017-10-23,73.76936340332031,74.45783233642578,73.45954895019531,73.51118469238281,73.51118469238281,382414
2017-10-24,73.88984680175781,74.50946807861328,73.73493957519531,74.28571319580078,74.28571319580078,220199
2017-10-25,74.32013702392578,74.35456085205078,72.28915405273438,73.18416595458984,73.18416595458984,274058
2017-10-26,73.70051574707031,73.92427062988281,72.83992767333984,73.63166809082031,73.63166809082031,327626
2017-10-27,73.27022552490234,73.52839660644531,71.8932876586914,72.66781616210938,72.66781616210938,228391
2017-10-30,72.30636596679688,72.47848510742188,71.5662612915039,71.6178970336914,71.6178970336914,210554
2017-10-31,72.1686782836914,72.25473022460938,71.6523208618164,71.7900161743164,71.7900161743164,249772
2017-11-01,72.23751831054688,72.71945190429688,71.44578552246094,71.53184509277344,71.53184509277344,224092
2017-11-02,71.23924255371094,72.1342544555664,71.08433532714844,71.9621353149414,71.9621353149414,247215
2017-11-03,72.0137710571289,72.94319915771484,71.9449234008789,72.85713958740234,72.85713958740234,552008
2017-11-06,63.270225524902344,66.31669616699219,57.33218765258789,63.54561233520508,63.54561233520508,2166026
2017-11-07,62.943199157714844,63.85542297363281,62.18588638305664,63.59724426269531,63.59724426269531,1010359
2017-11-08,63.184165954589844,63.88984680175781,62.994834899902344,63.235801696777344,63.235801696777344,926114
2017-11-09,62.530120849609375,63.029258728027344,61.60068893432617,62.27194595336914,62.27194595336914,865632
2017-11-10,62.048194885253906,63.098106384277344,62.01376724243164,62.87435531616211,62.87435531616211,602497
2017-11-13,62.20309829711914,62.581756591796875,62.09982681274414,62.375213623046875,62.375213623046875,417274
2017-11-14,61.68674850463867,61.962135314941406,60.275386810302734,60.75731658935547,60.75731658935547,985202
2017-11-15,59.896728515625,60.60240936279297,59.1566276550293,60.034423828125,60.034423828125,897471
2017-11-16,60.292598724365234,61.20481872558594,60.1204833984375,61.08433532714844,61.08433532714844,704404
2017-11-17,61.0154914855957,61.721168518066406,60.67125701904297,61.17039489746094,61.17039489746094,623064
2017-11-20,61.25645446777344,61.56626510620117,60.67125701904297,60.9982795715332,60.9982795715332,389502
2017-11-21,62.13425064086914,62.70223617553711,61.944923400878906,62.478485107421875,62.478485107421875,456027
2017-11-22,62.530120849609375,63.37349319458008,62.461273193359375,62.77108383178711,62.77108383178711,305548
2017-11-24,62.994834899902344,63.47676467895508,62.01376724243164,62.25473403930664,62.25473403930664,138452
2017-11-27,62.11703872680664,63.270225524902344,62.03097915649414,63.201377868652344,63.201377868652344,404260
2017-11-28,63.28743362426758,63.49397659301758,62.22031021118164,63.201377868652344,63.201377868652344,753848
2017-11-29,63.149742126464844,63.82099914550781,62.495697021484375,62.80550765991211,62.80550765991211,491352
2017-11-30,62.80550765991211,64.26850128173828,62.80550765991211,64.13080596923828,64.13080596923828,474967
2017-12-01,64.18244171142578,64.54389190673828,62.28915786743164,63.82099914550781,63.82099914550781,409024
2017-12-04,64.54389190673828,65.57659149169922,64.02754211425781,64.25128936767578,64.25128936767578,441676
2017-12-05,64.19965362548828,64.19965362548828,62.66781234741211,62.87435531616211,62.87435531616211,303689
2017-12-06,62.478485107421875,63.012046813964844,61.824440002441406,62.66781234741211,62.66781234741211,439178
2017-12-07,62.66781234741211,63.88984680175781,62.65060043334961,62.90877914428711,62.90877914428711,316238
2017-12-08,63.54561233520508,63.54561233520508,63.063682556152344,63.35628128051758,63.35628128051758,290268
2017-12-11,62.90877914428711,63.184165954589844,62.25473403930664,62.65060043334961,62.65060043334961,284283
2017-12-12,62.82271957397461,63.78657531738281,62.598968505859375,63.33906936645508,63.33906936645508,480952
2017-12-13,63.42512893676758,64.02754211425781,63.235801696777344,63.35628128051758,63.35628128051758,481300
2017-12-14,63.44234085083008,63.87263488769531,63.063682556152344,63.149742126464844,63.149742126464844,447486
2017-12-15,63.64888000488281,64.11359405517578,63.029258728027344,63.44234085083008,63.44234085083008,866678
2017-12-18,64.33734893798828,66.54045104980469,64.33734893798828,65.67986297607422,65.67986297607422,954757
2017-12-19,65.93804168701172,66.62650299072266,65.24957275390625,66.33390808105469,66.33390808105469,615744
2017-12-20,67.09122467041016,67.8313217163086,66.88468170166016,67.41824340820312,67.41824340820312,495419
2017-12-21,67.74526977539062,68.1239242553711,66.48881530761719,67.33218383789062,67.33218383789062,775751
2017-12-22,67.46987915039062,67.65921020507812,66.48881530761719,66.86746978759766,66.86746978759766,305897
2017-12-26,67.07401275634766,67.8657455444336,66.95352935791016,67.64199829101562,67.64199829101562,268190
2017-12-27,67.64199829101562,68.0895004272461,67.38381958007812,67.8485336303711,67.8485336303711,252677
2017-12-28,68.1583480834961,68.46815490722656,67.26333618164062,68.4165267944336,68.4165267944336,641366
2017-12-29,68.53700256347656,68.96730041503906,68.1067123413086,68.1927719116211,68.1927719116211,388980
2018-01-02,68.76075744628906,68.84681701660156,68.0034408569336,68.53700256347656,68.53700256347656,323385
2018-01-03,68.77796936035156,69.39759063720703,68.3476791381836,69.20825958251953,69.20825958251953,265633
2018-01-04,69.724609375,70.0860595703125,69.38037872314453,69.8106689453125,69.8106689453125,300958
2018-01-05,69.8106689453125,70.1549072265625,69.53528594970703,70.1376953125,70.1376953125,436796
2018-01-08,69.965576171875,70.48192596435547,69.53528594970703,70.32701873779297,70.32701873779297,406700
2018-01-09,70.82616424560547,71.8760757446289,70.56798553466797,71.27366638183594,71.27366638183594,444581
2018-01-10,70.96385192871094,71.25645446777344,70.58519744873047,70.72289276123047,70.72289276123047,334307
2018-01-11,70.91221618652344,71.27366638183594,70.20654296875,71.27366638183594,71.27366638183594,419656
2018-01-12,71.23924255371094,71.9104995727539,71.08433532714844,71.8760757446289,71.8760757446289,218107
2018-01-16,72.42684936523438,72.42684936523438,70.60240936279297,71.03269958496094,71.03269958496094,394092
2018-01-17,71.39414978027344,71.6695327758789,71.03269958496094,71.23924255371094,71.23924255371094,259939
2018-01-18,71.32530212402344,71.53184509277344,70.89501190185547,71.03269958496094,71.03269958496094,269816
2018-01-19,70.98106384277344,71.7211685180664,70.82616424560547,71.37693786621094,71.37693786621094,520808
2018-01-22,71.22203063964844,71.22203063964844,69.896728515625,70.275390625,70.275390625,605344
2018-01-23,70.46471405029297,70.48192596435547,69.41480255126953,70.0,70.0,965506
2018-01-24,70.44750213623047,70.44750213623047,69.31153106689453,69.827880859375,69.827880859375,643748
2018-01-25,70.06884765625,70.48192596435547,69.29431915283203,69.8106689453125,69.8106689453125,417449
2018-01-26,70.0860595703125,70.68846893310547,69.10498809814453,70.63683319091797,70.63683319091797,541434
2018-01-29,70.34423065185547,70.79174041748047,69.9827880859375,70.1204833984375,70.1204833984375,412394
2018-01-30,69.34595489501953,69.896728515625,68.3648910522461,69.46643829345703,69.46643829345703,392524
2018-01-31,70.0,70.37865447998047,68.69190979003906,68.88124084472656,68.88124084472656,343139
2018-02-01,68.57142639160156,69.62134552001953,68.1927719116211,69.19104766845703,69.19104766845703,225021
2018-02-02,68.4509506225586,69.07056427001953,67.00516510009766,67.12564849853516,67.12564849853516,221012
2018-02-05,66.67813873291016,67.46987915039062,64.69879150390625,64.76763916015625,64.76763916015625,466892
2018-02-06,60.74010467529297,62.392425537109375,56.970741271972656,58.9672966003418,58.9672966003418,2189673
2018-02-07,58.53700637817383,60.56798553466797,58.53700637817383,59.27710723876953,59.27710723876953,1450699
2018-02-08,59.46643829345703,59.46643829345703,56.67814254760742,56.71256637573242,56.71256637573242,793065
2018-02-09,57.26333999633789,58.089500427246094,54.21686553955078,55.54216766357422,55.54216766357422,725495
2018-02-12,55.74871063232422,57.31497573852539,55.50774383544922,56.867469787597656,56.867469787597656,548871
2018-02-13,56.66093063354492,57.03958511352539,55.83476638793945,56.729774475097656,56.729774475097656,617022
2018-02-14,56.09294128417969,57.401031494140625,55.62822723388672,57.17728042602539,57.17728042602539,658099
2018-02-15,57.14285659790039,57.69363021850586,56.64371871948242,57.555938720703125,57.555938720703125,884747
2018-02-16,57.28055191040039,57.98623275756836,56.59208297729492,57.29776382446289,57.29776382446289,560607
2018-02-20,57.16006851196289,58.003440856933594,56.729774475097656,57.09122085571289,57.09122085571289,402749
2018-02-21,56.833045959472656,58.74354553222656,56.833045959472656,57.418243408203125,57.418243408203125,514824
2018-02-22,58.53700637817383,58.53700637817383,56.850257873535156,56.970741271972656,56.970741271972656,284051
2018-02-23,57.383819580078125,57.383819580078125,56.48881149291992,56.987953186035156,56.987953186035156,282773
2018-02-26,57.21170425415039,57.71084213256836,56.48881149291992,56.953529357910156,56.953529357910156,501810
2018-02-27,56.746986389160156,57.590362548828125,56.57487106323242,56.57487106323242,56.57487106323242,409547
2018-02-28,56.69535446166992,57.005165100097656,54.716007232666016,54.716007232666016,54.716007232666016,752279
2018-03-01,54.54389190673828,55.74871063232422,54.30292510986328,54.578311920166016,54.578311920166016,667627
2018-03-02,53.95869064331055,55.12908935546875,53.80378723144531,54.595523834228516,54.595523834228516,635963
2018-03-05,54.37177276611328,55.73149871826172,54.07917404174805,55.52495574951172,55.52495574951172,465730
2018-03-06,55.83476638793945,57.22891616821289,55.55937957763672,56.901893615722656,56.901893615722656,460501
2018-03-07,56.23063659667969,56.815834045410156,55.50774383544922,56.38554382324219,56.38554382324219,327161
2018-03-08,56.50602340698242,57.76247787475586,56.50602340698242,57.504302978515625,57.504302978515625,280914
2018-03-09,57.79690170288086,58.62306213378906,57.79690170288086,58.141136169433594,58.141136169433594,375500
2018-03-12,58.123924255371094,58.55421829223633,57.435455322265625,57.65920639038086,57.65920639038086,264704
2018-03-13,57.96902084350586,58.192771911621094,57.056800842285156,57.33218765258789,57.33218765258789,270862
2018-03-14,57.74526596069336,57.74526596069336,56.45438766479492,57.09122085571289,57.09122085571289,555552
2018-03-15,56.43717575073242,57.07400894165039,55.73149871826172,56.02409744262695,56.02409744262695,362195
2018-03-16,56.05852127075195,57.31497573852539,55.67986297607422,56.33390808105469,56.33390808105469,463464
2018-03-19,56.24784851074219,56.31669616699219,54.819278717041016,55.66265106201172,55.66265106201172,202130
2018-03-20,56.00688552856445,57.005165100097656,55.93803787231445,56.00688552856445,56.00688552856445,293056
2018-03-21,56.07572937011719,56.55765914916992,55.86919021606445,56.07572937011719,56.07572937011719,198179
2018-03-22,55.473323822021484,55.61101531982422,54.37177276611328,54.49225616455078,54.49225616455078,528303
2018-03-23,54.612735748291016,54.647159576416016,53.098106384277344,53.218589782714844,53.218589782714844,322687
2018-03-26,53.73493957519531,54.647159576416016,52.90877914428711,54.647159576416016,54.647159576416016,450972
2018-03-27,54.97418212890625,55.06024169921875,53.149742126464844,53.42512893676758,53.42512893676758,428313
2018-03-28,53.42512893676758,54.11359786987305,53.029258728027344,53.51118850708008,53.51118850708008,266795
2018-03-29,53.75215148925781,55.404476165771484,53.75215148925781,54.90533447265625,54.90533447265625,344998
2018-04-02,54.629947662353516,54.716007232666016,52.495697021484375,53.012046813964844,53.012046813964844,444291
2018-04-03,53.201377868652344,53.35628128051758,52.23752212524414,53.30464553833008,53.30464553833008,573796
2018-04-04,52.375213623046875,54.13080978393555,52.15146255493164,53.88984680175781,53.88984680175781,562059
2018-04-05,54.13080978393555,55.64543914794922,54.09638595581055,54.95697021484375,54.95697021484375,286491
2018-04-06,54.526676177978516,54.612735748291016,51.790016174316406,52.34079360961914,52.34079360961914,314089
2018-04-09,52.616180419921875,52.87435531616211,51.53184127807617,51.63511276245117,51.63511276245117,416577
2018-04-10,52.32358169555664,53.83821105957031,52.32358169555664,53.37349319458008,53.37349319458008,389270
2018-04-11,53.166954040527344,54.30292510986328,52.633392333984375,53.99311447143555,53.99311447143555,399438
2018-04-12,54.09638595581055,54.21686553955078,53.58003234863281,54.06196212768555,54.06196212768555,285387
2018-04-13,54.526676177978516,54.802066802978516,53.94147872924805,54.38898468017578,54.38898468017578,352028
2018-04-16,54.578311920166016,55.43889617919922,53.92427062988281,55.215145111083984,55.215145111083984,358593
2018-04-17,55.43889617919922,56.62650680541992,55.352840423583984,55.50774383544922,55.50774383544922,443942
2018-04-18,55.86919021606445,56.62650680541992,55.74871063232422,56.02409744262695,56.02409744262695,296368
2018-04-19,56.36832809448242,57.056800842285156,55.97246170043945,56.24784851074219,56.24784851074219,324489
2018-04-20,56.11015319824219,56.40275573730469,55.473323822021484,55.95524978637695,55.95524978637695,246460
2018-04-23,55.86919021606445,56.48881149291992,55.11187744140625,55.283992767333984,55.283992767333984,268713
2018-04-24,55.59380340576172,55.97246170043945,53.51118850708008,54.37177276611328,54.37177276611328,344184
2018-04-25,54.26850128173828,55.283992767333984,54.16523361206055,55.02581787109375,55.02581787109375,313450
2018-04-26,55.09466552734375,55.54216766357422,54.13080978393555,54.612735748291016,54.612735748291016,252561
2018-04-27,54.509464263916016,54.698795318603516,53.47676467895508,54.23407745361328,54.23407745361328,190161
2018-04-30,54.33734893798828,54.509464263916016,53.35628128051758,53.37349319458008,53.37349319458008,271908
2018-05-01,53.201377868652344,53.42512893676758,51.893287658691406,53.063682556152344,53.063682556152344,600696
2018-05-02,53.046470642089844,53.64888000488281,52.358001708984375,52.375213623046875,52.375213623046875,692843
2018-05-03,52.82271957397461,53.70051574707031,50.258174896240234,51.54905319213867,51.54905319213867,1061313
2018-05-04,50.481929779052734,53.83821105957031,49.965576171875,53.54561233520508,53.54561233520508,573331
2018-05-07,53.63167190551758,55.180721282958984,53.49397659301758,54.664371490478516,54.664371490478516,481649
2018-05-08,54.99139404296875,55.283992767333984,54.629947662353516,55.146297454833984,55.146297454833984,367366
2018-05-09,55.50774383544922,56.05852127075195,55.06024169921875,55.64543914794922,55.64543914794922,325128
2018-05-10,55.74871063232422,56.40275573730469,55.59380340576172,56.16178894042969,56.16178894042969,551950
2018-05-11,56.26506042480469,56.43717575073242,55.50774383544922,55.76592254638672,55.76592254638672,267783
2018-05-14,55.92082595825195,56.05852127075195,55.404476165771484,55.421688079833984,55.421688079833984,277660
2018-05-15,55.04302978515625,55.62822723388672,54.647159576416016,55.09466552734375,55.09466552734375,475723
2018-05-16,55.09466552734375,55.59380340576172,54.819278717041016,55.387264251708984,55.387264251708984,320073
2018-05-17,55.232357025146484,56.48881149291992,55.12908935546875,56.00688552856445,56.00688552856445,173429
2018-05-18,56.00688552856445,56.57487106323242,55.93803787231445,56.40275573730469,56.40275573730469,224905
2018-05-21,56.798622131347656,57.72805404663086,56.798622131347656,57.435455322265625,57.435455322265625,230192
2018-05-22,57.504302978515625,57.504302978515625,55.86919021606445,55.98967361450195,55.98967361450195,353771
2018-05-23,55.490535736083984,56.02409744262695,55.45610809326172,55.83476638793945,55.83476638793945,213518
2018-05-24,55.74871063232422,55.90361404418945,55.249568939208984,55.490535736083984,55.490535736083984,193938
2018-05-25,55.146297454833984,55.180721282958984,54.23407745361328,54.26850128173828,54.26850128173828,306826
2018-05-29,53.64888000488281,54.13080978393555,53.098106384277344,53.94147872924805,53.94147872924805,599360
2018-05-30,54.38898468017578,55.73149871826172,54.38898468017578,55.45610809326172,55.45610809326172,377941
2018-05-31,55.318416595458984,55.318416595458984,52.581756591796875,52.633392333984375,52.633392333984375,1040745
2018-06-01,52.87435531616211,53.82099914550781,52.80550765991211,52.96041488647461,52.96041488647461,445859
2018-06-04,51.60068893432617,52.09982681274414,49.569705963134766,51.35972595214844,51.35972595214844,1395039
2018-06-05,51.27366638183594,52.27194595336914,51.27366638183594,52.08261489868164,52.08261489868164,615628
2018-06-06,52.28915786743164,54.07917404174805,52.048194885253906,53.76936340332031,53.76936340332031,596280
2018-06-07,53.90705871582031,54.90533447265625,53.78657531738281,54.26850128173828,54.26850128173828,539517
2018-06-08,54.13080978393555,54.56110382080078,53.90705871582031,54.40619659423828,54.40619659423828,695225
2018-06-11,54.40619659423828,55.64543914794922,54.40619659423828,55.352840423583984,55.352840423583984,696445
2018-06-12,55.421688079833984,55.86919021606445,54.819278717041016,54.95697021484375,54.95697021484375,456492
2018-06-13,55.02581787109375,55.06024169921875,52.78829574584961,52.83993148803711,52.83993148803711,444930
2018-06-14,52.97762680053711,54.01032638549805,52.70223617553711,53.218589782714844,53.218589782714844,548232
2018-06-15,52.89156723022461,52.92599105834961,51.927711486816406,52.75387191772461,52.75387191772461,752627
2018-06-18,52.478485107421875,53.40791702270508,52.16867446899414,53.35628128051758,53.35628128051758,518484
2018-06-19,52.80550765991211,52.80550765991211,51.49741744995117,51.979347229003906,51.979347229003906,551950
2018-06-20,52.13425064086914,52.66781234741211,51.68674850463867,52.18588638305664,52.18588638305664,458583
2018-06-21,51.790016174316406,52.27194595336914,51.32530212402344,51.893287658691406,51.893287658691406,552182
2018-06-22,52.478485107421875,53.149742126464844,52.16867446899414,52.18588638305664,52.18588638305664,811831
2018-06-25,51.772804260253906,51.979347229003906,51.17039489746094,51.772804260253906,51.772804260253906,710854
2018-06-26,52.03097915649414,52.70223617553711,51.61790084838867,52.23752212524414,52.23752212524414,390664
2018-06-27,52.358001708984375,53.201377868652344,52.01376724243164,52.03097915649414,52.03097915649414,629514
2018-06-28,51.893287658691406,52.478485107421875,51.37693786621094,52.27194595336914,52.27194595336914,468344
2018-06-29,52.564544677734375,53.64888000488281,52.564544677734375,52.75387191772461,52.75387191772461,498730
2018-07-02,52.15146255493164,52.15146255493164,51.17039489746094,51.68674850463867,51.68674850463867,626202
2018-07-03,52.06540298461914,52.616180419921875,51.721168518066406,51.824440002441406,51.824440002441406,202246
2018-07-05,52.09982681274414,52.530120849609375,51.893287658691406,52.530120849609375,52.530120849609375,274464
2018-07-06,52.392425537109375,52.633392333984375,52.09982681274414,52.512908935546875,52.512908935546875,278590
2018-07-09,52.616180419921875,53.99311447143555,52.478485107421875,53.76936340332031,53.76936340332031,370736
2018-07-10,53.76936340332031,54.18244552612305,53.42512893676758,53.83821105957031,53.83821105957031,354642
2018-07-11,53.098106384277344,53.28743362426758,52.22031021118164,52.34079360961914,52.34079360961914,242277
2018-07-12,52.392425537109375,52.564544677734375,51.54905319213867,52.495697021484375,52.495697021484375,491584
2018-07-13,52.581756591796875,53.52840042114258,52.20309829711914,53.235801696777344,53.235801696777344,299680
2018-07-16,53.029258728027344,53.270225524902344,51.51462936401367,51.66953659057617,51.66953659057617,384913
2018-07-17,51.46299362182617,52.30636978149414,51.46299362182617,51.962135314941406,51.962135314941406,397578
2018-07-18,52.01376724243164,52.461273193359375,51.58347702026367,52.23752212524414,52.23752212524414,360046
2018-07-19,51.61790084838867,52.97762680053711,51.51462936401367,52.80550765991211,52.80550765991211,301771
2018-07-20,52.392425537109375,52.564544677734375,51.927711486816406,51.979347229003906,51.979347229003906,496813
2018-07-23,51.807228088378906,51.807228088378906,51.32530212402344,51.46299362182617,51.46299362182617,666465
2018-07-24,51.927711486816406,53.029258728027344,51.824440002441406,52.01376724243164,52.01376724243164,512035
2018-07-25,51.944923400878906,52.564544677734375,51.66953659057617,52.564544677734375,52.564544677734375,360336
2018-07-26,52.633392333984375,53.85542297363281,52.633392333984375,53.166954040527344,53.166954040527344,322746
2018-07-27,53.33906936645508,53.68330383300781,53.029258728027344,53.35628128051758,53.35628128051758,349530
2018-07-30,53.75215148925781,54.836490631103516,53.73493957519531,53.85542297363281,53.85542297363281,604995
2018-07-31,54.14802169799805,55.80034255981445,54.14802169799805,55.59380340576172,55.59380340576172,304851
2018-08-01,55.45610809326172,55.55937957763672,54.01032638549805,54.44062042236328,54.44062042236328,397462
2018-08-02,53.80378723144531,54.750431060791016,53.52840042114258,54.25128936767578,54.25128936767578,274406
2018-08-03,53.80378723144531,55.85197830200195,53.52840042114258,55.02581787109375,55.02581787109375,752511
2018-08-06,59.810672760009766,59.810672760009766,55.11187744140625,57.10843276977539,57.10843276977539,1049228
2018-08-07,59.810672760009766,59.810672760009766,57.14285659790039,58.055076599121094,58.055076599121094,704114
2018-08-08,58.055076599121094,58.141136169433594,56.987953186035156,57.28055191040039,57.28055191040039,303050
2018-08-09,57.21170425415039,57.88296127319336,56.66093063354492,56.919105529785156,56.919105529785156,370271
2018-08-10,56.55765914916992,56.55765914916992,55.12908935546875,55.473323822021484,55.473323822021484,385435
2018-08-13,55.55937957763672,55.67986297607422,54.07917404174805,54.30292510986328,54.30292510986328,449926
2018-08-14,54.647159576416016,54.93975830078125,54.14802169799805,54.21686553955078,54.21686553955078,220489
2018-08-15,53.78657531738281,53.85542297363281,52.426849365234375,53.52840042114258,53.52840042114258,306478
2018-08-16,53.87263488769531,54.87091064453125,53.75215148925781,54.26850128173828,54.26850128173828,250818
2018-08-17,55.66265106201172,56.781410217285156,55.266780853271484,56.26506042480469,56.26506042480469,375558
2018-08-20,56.35111999511719,57.69363021850586,56.35111999511719,57.31497573852539,57.31497573852539,360511
2018-08-21,57.504302978515625,58.55421829223633,56.66093063354492,58.072288513183594,58.072288513183594,394267
2018-08-22,58.003440856933594,58.51979446411133,57.26333999633789,58.43373489379883,58.43373489379883,354468
2018-08-23,58.31325149536133,58.69190979003906,57.418243408203125,57.93459701538086,57.93459701538086,278299
2018-08-24,58.209983825683594,58.9672966003418,57.77968978881836,58.51979446411133,58.51979446411133,307581
2018-08-27,58.9328727722168,60.206539154052734,58.64027404785156,59.8795166015625,59.8795166015625,337735
2018-08-28,60.0172119140625,60.68846893310547,59.672977447509766,59.93115234375,59.93115234375,346683
2018-08-29,60.240962982177734,60.9122200012207,59.43201446533203,60.8605842590332,60.8605842590332,263019
2018-08-30,60.68846893310547,60.72289276123047,59.724613189697266,60.292598724365234,60.292598724365234,353480
2018-08-31,60.0172119140625,60.361446380615234,59.707401275634766,60.103271484375,60.103271484375,163029
2018-09-04,61.10154724121094,61.15318298339844,59.827884674072266,61.13597106933594,61.13597106933594,491177
2018-09-05,61.0499153137207,62.358001708984375,60.77452850341797,62.15146255493164,62.15146255493164,539807
2018-09-06,62.23752212524414,62.75387191772461,60.8261604309082,60.8605842590332,60.8605842590332,249888
2018-09-07,60.464717864990234,61.23924255371094,60.154903411865234,60.9982795715332,60.9982795715332,218688
2018-09-10,61.42856979370117,62.18588638305664,60.9982795715332,61.39414978027344,61.39414978027344,192369
2018-09-11,61.11875915527344,61.44578170776367,60.49913787841797,61.18760681152344,61.18760681152344,587275
2018-09-12,60.63683319091797,60.74010467529297,59.29431915283203,59.604129791259766,59.604129791259766,431334
2018-09-13,59.672977447509766,60.67125701904297,59.36316680908203,60.60240936279297,60.60240936279297,268887
2018-09-14,60.8605842590332,61.70396041870117,60.8605842590332,61.27366638183594,61.27366638183594,296368
2018-09-17,61.66953659057617,61.66953659057617,60.61962127685547,61.0154914855957,61.0154914855957,352958
2018-09-18,61.27366638183594,62.048194885253906,60.74010467529297,61.807228088378906,61.807228088378906,224266
2018-09-19,61.910499572753906,62.97762680053711,61.910499572753906,62.598968505859375,62.598968505859375,377650
2018-09-20,63.166954040527344,63.71772766113281,62.75387191772461,62.80550765991211,62.80550765991211,616964
2018-09-21,63.063682556152344,63.166954040527344,62.598968505859375,62.77108383178711,62.77108383178711,539226
2018-09-24,62.73666000366211,62.73666000366211,61.56626510620117,61.979347229003906,61.979347229003906,249539
2018-09-25,62.34079360961914,62.461273193359375,61.51462936401367,62.048194885253906,62.048194885253906,295845
2018-09-26,62.048194885253906,62.06540298461914,61.42856979370117,61.49741744995117,61.49741744995117,249075
2018-09-27,61.738380432128906,62.564544677734375,61.27366638183594,61.979347229003906,61.979347229003906,597036
2018-09-28,61.790016174316406,62.616180419921875,61.51462936401367,62.06540298461914,62.06540298461914,409431
2018-10-01,62.547332763671875,63.76936340332031,62.048194885253906,62.461273193359375,62.461273193359375,407339
2018-10-02,62.375213623046875,63.218589782714844,62.08261489868164,62.68502426147461,62.68502426147461,323733
2018-10-03,62.943199157714844,63.49397659301758,62.65060043334961,62.85714340209961,62.85714340209961,410186
2018-10-04,62.85714340209961,62.97762680053711,61.68674850463867,62.23752212524414,62.23752212524414,239779
2018-10-05,62.13425064086914,62.20309829711914,60.327022552490234,60.9810676574707,60.9810676574707,223394
2018-10-08,60.72289276123047,61.61790084838867,59.8623046875,61.23924255371094,61.23924255371094,300784
2018-10-09,61.08433532714844,61.18760681152344,59.655765533447266,59.759037017822266,59.759037017822266,410360
2018-10-10,59.741825103759766,59.741825103759766,56.64371871948242,56.71256637573242,56.71256637573242,484438
2018-10-11,56.33390808105469,57.03958511352539,55.180721282958984,55.197933197021484,55.197933197021484,556598
2018-10-12,56.29948425292969,56.850257873535156,54.698795318603516,55.57659149169922,55.57659149169922,391478
2018-10-15,55.61101531982422,56.50602340698242,55.249568939208984,55.81755447387695,55.81755447387695,398276
2018-10-16,56.24784851074219,57.21170425415039,56.00688552856445,57.16006851196289,57.16006851196289,539691
2018-10-17,56.798622131347656,57.33218765258789,56.24784851074219,57.10843276977539,57.10843276977539,254071
2018-10-18,56.45438766479492,56.57487106323242,54.44062042236328,54.836490631103516,54.836490631103516,445162
2018-10-19,55.07745361328125,55.232357025146484,53.098106384277344,53.51118850708008,53.51118850708008,350575
2018-10-22,53.70051574707031,53.83821105957031,52.75387191772461,53.149742126464844,53.149742126464844,380671
2018-10-23,51.858863830566406,52.78829574584961,49.0533561706543,52.15146255493164,52.15146255493164,754022
2018-10-24,52.30636978149414,52.409637451171875,47.88296127319336,48.037864685058594,48.037864685058594,797887
2018-10-25,47.573150634765625,48.79518127441406,45.180721282958984,47.435455322265625,47.435455322265625,1964303
2018-10-26,46.919105529785156,48.53700637817383,46.07572937011719,47.90017318725586,47.90017318725586,692726
2018-10-29,48.65748596191406,50.206539154052734,47.418243408203125,48.261619567871094,48.261619567871094,905721
2018-10-30,48.089500427246094,49.655765533447266,47.71084213256836,48.43373489379883,48.43373489379883,624168
2018-10-31,49.1222038269043,49.46643829345703,48.209983825683594,48.244407653808594,48.244407653808594,813807
2018-11-01,48.60585021972656,49.8795166015625,47.641998291015625,49.655765533447266,49.655765533447266,985260
2018-11-02,50.034423828125,51.13597106933594,49.38037872314453,49.793460845947266,49.793460845947266,465323
2018-11-05,50.0516357421875,50.189327239990234,48.227195739746094,48.57143020629883,48.57143020629883,640030
2018-11-06,48.48537063598633,50.034423828125,47.90017318725586,49.845096588134766,49.845096588134766,477466
2018-11-07,50.413082122802734,50.68846893310547,49.32874298095703,49.965576171875,49.965576171875,427848
2018-11-08,49.827884674072266,50.344234466552734,49.34595489501953,49.44922637939453,49.44922637939453,251805
2018-11-09,49.0533561706543,49.24268341064453,47.79690170288086,48.34767532348633,48.34767532348633,768140
2018-11-12,48.158348083496094,48.67469787597656,47.76247787475586,47.84853744506836,47.84853744506836,410767
2018-11-13,47.98623275756836,48.77796936035156,46.936317443847656,46.953529357910156,46.953529357910156,322339
2018-11-14,47.67641830444336,48.46815872192383,46.40275573730469,46.746986389160156,46.746986389160156,347787
2018-11-15,46.50602340698242,48.055076599121094,46.05852127075195,47.71084213256836,47.71084213256836,361208
2018-11-16,47.590362548828125,48.34767532348633,47.487091064453125,48.158348083496094,48.158348083496094,417332
2018-11-19,46.970741271972656,46.970741271972656,39.845096588134766,40.8261604309082,40.8261604309082,3373518
2018-11-20,39.896728515625,41.824440002441406,39.586917877197266,41.32530212402344,41.32530212402344,2086952
2018-11-21,41.46299362182617,43.115318298339844,41.32530212402344,42.478485107421875,42.478485107421875,1380805
2018-11-23,42.16867446899414,42.87435531616211,42.01376724243164,42.048194885253906,42.048194885253906,440630
2018-11-26,42.616180419921875,42.616180419921875,41.41136169433594,42.358001708984375,42.358001708984375,907987
2018-11-27,42.09982681274414,42.09982681274414,40.430294036865234,41.08433532714844,41.08433532714844,792077
2018-11-28,41.34251403808594,41.841651916503906,39.759037017822266,41.824440002441406,41.824440002441406,1523963
2018-11-29,41.962135314941406,43.39070510864258,41.44578170776367,43.080894470214844,43.080894470214844,1571024
2018-11-30,42.78829574584961,43.39070510864258,42.23752212524414,42.92599105834961,42.92599105834961,868944
2018-12-03,43.54561233520508,44.54389190673828,43.39070510864258,44.01032638549805,44.01032638549805,601509
2018-12-04,43.70051574707031,43.95869064331055,41.51462936401367,41.772804260253906,41.772804260253906,1096812
2018-12-06,40.8950080871582,41.30809020996094,39.759037017822266,41.13597106933594,41.13597106933594,954583
2018-12-07,41.32530212402344,41.824440002441406,39.39759063720703,39.672977447509766,39.672977447509766,1018319
2018-12-10,39.46643829345703,39.776248931884766,38.60585021972656,39.1566276550293,39.1566276550293,761575
2018-12-11,39.9483642578125,39.9483642578125,37.72805404663086,37.93459701538086,37.93459701538086,1114416
2018-12-12,38.81239318847656,39.810672760009766,38.089500427246094,38.91566467285156,38.91566467285156,1051552
2018-12-13,38.86402893066406,39.0017204284668,36.936317443847656,37.17728042602539,37.17728042602539,840765
2018-12-14,36.764198303222656,37.84853744506836,35.95524978637695,36.17900085449219,36.17900085449219,941743
2018-12-17,35.92082595825195,36.55765914916992,35.04302978515625,35.370052337646484,35.370052337646484,911705
2018-12-18,35.55937957763672,36.901893615722656,35.55937957763672,36.04130935668945,36.04130935668945,1252810
2018-12-19,36.23063659667969,38.123924255371094,35.98967361450195,36.17900085449219,36.17900085449219,1538256
2018-12-20,35.88640213012695,36.43717575073242,34.25128936767578,34.802066802978516,34.802066802978516,964634
2018-12-21,34.836490631103516,34.97418212890625,33.85542297363281,34.30292510986328,34.30292510986328,958476
2018-12-24,33.97590255737305,34.49225616455078,33.012046813964844,33.046470642089844,33.046470642089844,283644
2018-12-26,33.35628128051758,35.09466552734375,32.616180419921875,35.02581787109375,35.02581787109375,664315
2018-12-27,33.94147872924805,34.88812255859375,33.64888000488281,34.87091064453125,34.87091064453125,849248
2018-12-28,34.95697021484375,35.74871063232422,34.578311920166016,35.02581787109375,35.02581787109375,787952
2018-12-31,35.301204681396484,36.00688552856445,34.578311920166016,35.97246170043945,35.97246170043945,622658
2019-01-02,35.07745361328125,36.28227233886719,34.54389190673828,35.98967361450195,35.98967361450195,599476
2019-01-03,35.85197830200195,36.11015319824219,34.44062042236328,34.750431060791016,34.750431060791016,489957
2019-01-04,35.59380340576172,36.62650680541992,35.301204681396484,36.40275573730469,36.40275573730469,615105
2019-01-07,36.55765914916992,38.175559997558594,36.17900085449219,37.641998291015625,37.641998291015625,1103435
2019-01-08,37.79690170288086,38.003440856933594,34.716007232666016,35.81755447387695,35.81755447387695,5452976
2019-01-09,35.97246170043945,36.59208297729492,35.43889617919922,36.41996765136719,36.41996765136719,7738281
2019-01-10,36.23063659667969,37.84853744506836,36.07572937011719,37.67641830444336,37.67641830444336,2982738
2019-01-11,37.33218765258789,38.106712341308594,37.12564468383789,37.76247787475586,37.76247787475586,1000772
2019-01-14,36.987953186035156,38.51979446411133,36.953529357910156,38.072288513183594,38.072288513183594,1721096
2019-01-15,38.244407653808594,38.45094680786133,37.555938720703125,37.79690170288086,37.79690170288086,807764
2019-01-16,37.624786376953125,38.55421829223633,37.555938720703125,38.072288513183594,38.072288513183594,706845
2019-01-17,37.83132553100586,39.43201446533203,37.607574462890625,39.1222038269043,39.1222038269043,900724
2019-01-18,39.48365020751953,41.18760681152344,39.43201446533203,41.10154724121094,41.10154724121094,1677870
2019-01-22,40.309810638427734,41.15318298339844,39.724613189697266,40.464717864990234,40.464717864990234,1630867
2019-01-23,40.61962127685547,40.9638557434082,39.518070220947266,39.9483642578125,39.9483642578125,986538
2019-01-24,40.0172119140625,41.63511276245117,40.0172119140625,41.58347702026367,41.58347702026367,1026685
2019-01-25,42.27194595336914,42.581756591796875,41.755592346191406,42.495697021484375,42.495697021484375,1463771
2019-01-28,41.876075744628906,42.16867446899414,40.70568084716797,41.22203063964844,41.22203063964844,950516
2019-01-29,41.30809020996094,42.68502426147461,40.70568084716797,42.495697021484375,42.495697021484375,834374
2019-01-30,42.68502426147461,43.52840042114258,42.23752212524414,43.046470642089844,43.046470642089844,893868
2019-01-31,43.32185745239258,43.39070510864258,42.28915786743164,42.598968505859375,42.598968505859375,908800
2019-02-01,42.09982681274414,43.063682556152344,42.09982681274414,42.78829574584961,42.78829574584961,558922
2019-02-04,42.78829574584961,43.47676467895508,42.530120849609375,43.44234085083008,43.44234085083008,739555
2019-02-05,43.33906936645508,43.61445617675781,43.063682556152344,43.235801696777344,43.235801696777344,799572
2019-02-06,43.029258728027344,44.07917404174805,42.97762680053711,43.166954040527344,43.166954040527344,851746
2019-02-07,42.83993148803711,43.063682556152344,41.17039489746094,41.927711486816406,41.927711486816406,2189034
2019-02-08,41.721168518066406,42.03097915649414,41.0327033996582,41.54905319213867,41.54905319213867,496232
2019-02-11,41.54905319213867,42.09982681274414,41.35972595214844,41.979347229003906,41.979347229003906,551601
2019-02-12,42.358001708984375,43.132530212402344,42.28915786743164,42.426849365234375,42.426849365234375,1167868
2019-02-13,43.149742126464844,46.43717575073242,43.132530212402344,45.04302978515625,45.04302978515625,2587658
2019-02-14,44.37177276611328,45.283992767333984,43.76936340332031,44.664371490478516,44.664371490478516,902642
2019-02-15,45.180721282958984,46.14457702636719,44.99139404296875,45.301204681396484,45.301204681396484,740775
2019-02-19,45.318416595458984,46.59208297729492,45.197933197021484,46.28227233886719,46.28227233886719,705625
2019-02-20,46.28227233886719,46.67814254760742,46.16178894042969,46.59208297729492,46.59208297729492,583150
2019-02-21,46.28227233886719,46.66093063354492,45.57659149169922,45.93803787231445,45.93803787231445,716780
2019-02-22,46.11015319824219,46.28227233886719,45.86919021606445,46.19621276855469,46.19621276855469,371898
2019-02-25,46.55765914916992,46.936317443847656,46.21342468261719,46.26506042480469,46.26506042480469,848202
2019-02-26,46.12736511230469,46.31669616699219,45.90361404418945,46.16178894042969,46.16178894042969,610224
2019-02-27,46.23063659667969,46.41996765136719,45.85197830200195,45.98967361450195,45.98967361450195,523249
2019-02-28,45.98967361450195,45.98967361450195,45.197933197021484,45.54216766357422,45.54216766357422,388573
2019-03-01,45.81755447387695,46.11015319824219,45.52495574951172,45.64543914794922,45.64543914794922,490771
2019-03-04,45.85197830200195,46.23063659667969,44.99139404296875,45.55937957763672,45.55937957763672,541550
2019-03-05,45.52495574951172,45.83476638793945,45.00860595703125,45.283992767333984,45.283992767333984,920885
2019-03-06,45.146297454833984,46.17900085449219,44.750431060791016,44.784854888916016,44.784854888916016,1497586
2019-03-07,45.180721282958984,45.352840423583984,44.42340850830078,44.647159576416016,44.647159576416016,1617969
2019-03-08,43.92427062988281,45.12908935546875,43.080894470214844,45.04302978515625,45.04302978515625,800909
2019-03-11,46.47159957885742,48.123924255371094,46.24784851074219,47.33218765258789,47.33218765258789,2734244
2019-03-12,47.469879150390625,49.2082633972168,47.383819580078125,48.82960510253906,48.82960510253906,2602473
2019-03-13,49.1049919128418,50.0172119140625,48.67469787597656,49.22547149658203,49.22547149658203,2945089
2019-03-14,48.9845085144043,49.569705963134766,48.51979446411133,48.58863830566406,48.58863830566406,1881452
2019-03-15,49.31153106689453,49.638553619384766,48.67469787597656,48.77796936035156,48.77796936035156,9761788
2019-03-18,48.89845275878906,50.51634979248047,48.86402893066406,50.395870208740234,50.395870208740234,1681356
2019-03-19,50.72289276123047,51.11875915527344,50.154903411865234,50.309810638427734,50.309810638427734,1348094
2019-03-20,50.240962982177734,50.9294319152832,49.759037017822266,50.344234466552734,50.344234466552734,1052191
2019-03-21,50.034423828125,50.9810676574707,50.0172119140625,50.309810638427734,50.309810638427734,1361225
2019-03-22,49.965576171875,50.1376953125,47.84853744506836,47.951805114746094,47.951805114746094,1350012
2019-03-25,47.79690170288086,48.91566467285156,47.607574462890625,48.141136169433594,48.141136169433594,944648
2019-03-26,48.74354553222656,49.1222038269043,48.46815872192383,48.88124084472656,48.88124084472656,995950
2019-03-27,48.91566467285156,49.36316680908203,48.39931106567383,49.0189323425293,49.0189323425293,730898
2019-03-28,49.0705680847168,49.569705963134766,48.65748596191406,49.41480255126953,49.41480255126953,841288
2019-03-29,49.845096588134766,51.39414978027344,49.604129791259766,51.08433532714844,51.08433532714844,2135524
2019-04-01,51.65232467651367,52.564544677734375,51.58347702026367,51.893287658691406,51.893287658691406,1179314
2019-04-02,51.944923400878906,52.13425064086914,51.41136169433594,51.790016174316406,51.790016174316406,1188668
2019-04-03,52.13425064086914,52.444061279296875,51.08433532714844,51.37693786621094,51.37693786621094,1419906
2019-04-04,51.48020553588867,52.30636978149414,51.48020553588867,52.048194885253906,52.048194885253906,1096231
2019-04-05,52.68502426147461,53.115318298339844,52.32358169555664,52.68502426147461,52.68502426147461,1754678
2019-04-08,52.564544677734375,52.83993148803711,51.996559143066406,52.65060043334961,52.65060043334961,1408344
2019-04-09,52.23752212524414,52.358001708984375,51.58347702026367,51.60068893432617,51.60068893432617,693133
2019-04-10,51.738380432128906,52.03097915649414,51.29087829589844,51.70396041870117,51.70396041870117,865516
2019-04-11,51.721168518066406,52.512908935546875,51.37693786621094,52.426849365234375,52.426849365234375,761284
2019-04-12,52.97762680053711,53.63167190551758,52.32358169555664,52.426849365234375,52.426849365234375,759483
2019-04-15,52.34079360961914,52.581756591796875,51.910499572753906,52.375213623046875,52.375213623046875,430695
2019-04-16,52.581756591796875,52.90877914428711,52.375213623046875,52.77108383178711,52.77108383178711,501868
2019-04-17,53.132530212402344,53.132530212402344,52.30636978149414,52.32358169555664,52.32358169555664,404783
2019-04-18,52.547332763671875,52.70223617553711,51.70396041870117,52.27194595336914,52.27194595336914,617429
2019-04-22,51.927711486816406,52.23752212524414,51.63511276245117,52.01376724243164,52.01376724243164,754429
2019-04-23,52.01376724243164,52.68502426147461,51.65232467651367,52.25473403930664,52.25473403930664,901944
2019-04-24,52.06540298461914,52.70223617553711,51.996559143066406,52.478485107421875,52.478485107421875,736069
2019-04-25,51.58347702026367,52.16867446899414,50.154903411865234,50.206539154052734,50.206539154052734,1058408
2019-04-26,50.189327239990234,51.25645446777344,50.154903411865234,51.10154724121094,51.10154724121094,676458
2019-04-29,51.39414978027344,52.22031021118164,51.18760681152344,52.09982681274414,52.09982681274414,535856
2019-04-30,52.358001708984375,52.358001708984375,51.46299362182617,51.927711486816406,51.927711486816406,901480
2019-05-01,52.01376724243164,52.512908935546875,51.46299362182617,51.60068893432617,51.60068893432617,677504
2019-05-02,51.08433532714844,51.58347702026367,50.413082122802734,51.20481872558594,51.20481872558594,581058
2019-05-03,51.63511276245117,52.27194595336914,51.37693786621094,52.09982681274414,52.09982681274414,1568700
2019-05-06,50.8950080871582,51.48020553588867,50.0,51.0499153137207,51.0499153137207,1011811
2019-05-07,50.206539154052734,50.9294319152832,48.261619567871094,48.77796936035156,48.77796936035156,1210630
2019-05-08,50.0172119140625,50.1204833984375,46.35111999511719,46.45438766479492,46.45438766479492,2115886
2019-05-09,45.163509368896484,46.41996765136719,44.836490631103516,46.07572937011719,46.07572937011719,1935776
2019-05-10,45.80034255981445,46.62650680541992,45.11187744140625,46.54044723510742,46.54044723510742,2269677
2019-05-13,45.473323822021484,46.21342468261719,44.629947662353516,45.61101531982422,45.61101531982422,2174276
2019-05-14,45.64543914794922,46.05852127075195,44.19965744018555,44.629947662353516,44.629947662353516,1628427
2019-05-15,44.01032638549805,45.81755447387695,43.39070510864258,45.59380340576172,45.59380340576172,1633598
2019-05-16,46.57487106323242,48.209983825683594,46.50602340698242,47.22891616821289,47.22891616821289,2009737
2019-05-17,46.50602340698242,47.418243408203125,46.29948425292969,46.29948425292969,46.29948425292969,1327992
2019-05-20,45.97246170043945,47.12564468383789,45.71428680419922,46.987953186035156,46.987953186035156,1075896
2019-05-21,47.26333999633789,48.175559997558594,46.867469787597656,47.69363021850586,47.69363021850586,1037898
2019-05-22,47.29776382446289,47.401031494140625,45.370052337646484,45.473323822021484,45.473323822021484,832224
2019-05-23,44.526676177978516,45.06024169921875,43.012046813964844,43.218589782714844,43.218589782714844,1222366
2019-05-24,43.66609191894531,43.90705871582031,42.78829574584961,43.149742126464844,43.149742126464844,544746
2019-05-28,43.184165954589844,43.64888000488281,42.73666000366211,43.39070510864258,43.39070510864258,987177
2019-05-29,42.89156723022461,43.94147872924805,42.73666000366211,43.92427062988281,43.92427062988281,1346932
2019-05-30,43.92427062988281,44.647159576416016,43.71772766113281,44.42340850830078,44.42340850830078,856975
2019-05-31,43.58003234863281,43.99311447143555,43.115318298339844,43.201377868652344,43.201377868652344,1215859
2019-06-03,43.270225524902344,44.767642974853516,43.132530212402344,44.612735748291016,44.612735748291016,889627
2019-06-04,43.66609191894531,46.36832809448242,43.28743362426758,46.35111999511719,46.35111999511719,891719
2019-06-05,46.47159957885742,46.729774475097656,45.64543914794922,46.40275573730469,46.40275573730469,807241
2019-06-06,46.33390808105469,46.764198303222656,45.473323822021484,46.00688552856445,46.00688552856445,962949
2019-06-07,46.38554382324219,46.66093063354492,45.50774383544922,46.50602340698242,46.50602340698242,475723
2019-06-10,46.55765914916992,47.418243408203125,46.09294128417969,46.47159957885742,46.47159957885742,449752
2019-06-11,47.26333999633789,47.79690170288086,45.71428680419922,45.90361404418945,45.90361404418945,806660
2019-06-12,45.54216766357422,45.74871063232422,44.47504425048828,44.87091064453125,44.87091064453125,1103435
2019-06-13,45.370052337646484,45.67986297607422,44.47504425048828,44.698795318603516,44.698795318603516,1287206
2019-06-14,44.30292510986328,44.30292510986328,43.149742126464844,43.71772766113281,43.71772766113281,1231894
2019-06-17,43.51118850708008,43.87263488769531,42.73666000366211,43.30464553833008,43.30464553833008,530744
2019-06-18,43.85542297363281,45.52495574951172,43.44234085083008,45.387264251708984,45.387264251708984,785977
2019-06-19,45.04302978515625,45.98967361450195,45.04302978515625,45.83476638793945,45.83476638793945,695748
2019-06-20,46.69535446166992,47.02237319946289,46.23063659667969,46.936317443847656,46.936317443847656,461953
2019-06-21,46.71256637573242,47.14285659790039,46.50602340698242,46.55765914916992,46.55765914916992,769593
2019-06-24,46.43717575073242,46.970741271972656,45.59380340576172,45.67986297607422,45.67986297607422,795563
2019-06-25,46.04130935668945,46.04130935668945,44.99139404296875,45.61101531982422,45.61101531982422,661294
2019-06-26,45.67986297607422,46.35111999511719,45.59380340576172,46.17900085449219,46.17900085449219,431334
2019-06-27,46.33390808105469,46.901893615722656,46.02409744262695,46.59208297729492,46.59208297729492,767443
2019-06-28,46.850257873535156,48.36488723754883,46.850257873535156,48.244407653808594,48.244407653808594,912460
2019-07-01,49.1049919128418,49.672977447509766,47.22891616821289,47.521514892578125,47.521514892578125,920711
2019-07-02,47.21170425415039,47.21170425415039,45.98967361450195,46.54044723510742,46.54044723510742,647350
2019-07-03,46.69535446166992,46.919105529785156,45.88640213012695,46.815834045410156,46.815834045410156,332390
2019-07-05,46.41996765136719,46.71256637573242,45.490535736083984,46.50602340698242,46.50602340698242,594189
2019-07-08,46.12736511230469,46.35111999511719,45.54216766357422,46.00688552856445,46.00688552856445,681629
2019-07-09,45.52495574951172,45.52495574951172,44.93975830078125,45.266780853271484,45.266780853271484,512849
2019-07-10,45.404476165771484,45.78313446044922,44.612735748291016,45.06024169921875,45.06024169921875,570891
2019-07-11,45.00860595703125,45.490535736083984,44.526676177978516,45.335628509521484,45.335628509521484,579489
2019-07-12,45.64543914794922,46.953529357910156,45.146297454833984,46.71256637573242,46.71256637573242,709808
2019-07-15,46.746986389160156,47.02237319946289,45.93803787231445,46.64371871948242,46.64371871948242,660074
2019-07-16,46.47159957885742,47.74526596069336,45.98967361450195,47.366607666015625,47.366607666015625,708355
2019-07-17,47.34939956665039,47.366607666015625,46.02409744262695,46.02409744262695,46.02409744262695,538355
2019-07-18,45.71428680419922,46.16178894042969,45.61101531982422,45.71428680419922,45.71428680419922,664722
2019-07-19,46.00688552856445,47.538726806640625,45.64543914794922,47.03958511352539,47.03958511352539,1106631
2019-07-22,46.970741271972656,47.79690170288086,46.35111999511719,46.48881149291992,46.48881149291992,896134
2019-07-23,47.03958511352539,48.84681701660156,47.03958511352539,48.72633361816406,48.72633361816406,693017
2019-07-24,48.31325149536133,50.44750213623047,48.209983825683594,50.154903411865234,50.154903411865234,683953
2019-07-25,50.258174896240234,50.258174896240234,48.53700637817383,48.9328727722168,48.9328727722168,469622
2019-07-26,49.0361442565918,49.24268341064453,48.36488723754883,49.0361442565918,49.0361442565918,380439
2019-07-29,49.0361442565918,49.25989532470703,48.33046340942383,48.43373489379883,48.43373489379883,394964
2019-07-30,48.106712341308594,48.81239318847656,47.555938720703125,48.45094680786133,48.45094680786133,901073
2019-07-31,48.57143020629883,48.79518127441406,47.21170425415039,47.641998291015625,47.641998291015625,758379
2019-08-01,47.34939956665039,47.452667236328125,44.99139404296875,45.180721282958984,45.180721282958984,771626
2019-08-02,44.87091064453125,45.06024169921875,43.029258728027344,43.76936340332031,43.76936340332031,1112906
2019-08-05,42.85714340209961,42.85714340209961,41.910499572753906,42.530120849609375,42.530120849609375,1637665
2019-08-06,44.40619659423828,49.1566276550293,44.11359786987305,48.9672966003418,48.9672966003418,2580744
2019-08-07,48.209983825683594,48.278831481933594,44.90533447265625,45.90361404418945,45.90361404418945,1479691
2019-08-08,45.90361404418945,46.66093063354492,45.54216766357422,45.86919021606445,45.86919021606445,1113138
2019-08-09,45.74871063232422,45.80034255981445,44.42340850830078,44.767642974853516,44.767642974853516,709924
2019-08-12,44.37177276611328,44.87091064453125,44.01032638549805,44.49225616455078,44.49225616455078,501461
2019-08-13,44.16523361206055,46.35111999511719,44.09638595581055,45.301204681396484,45.301204681396484,595583
2019-08-14,44.32013702392578,44.836490631103516,43.44234085083008,43.82099914550781,43.82099914550781,557702
2019-08-15,43.87263488769531,43.87263488769531,43.029258728027344,43.59724426269531,43.59724426269531,644503
2019-08-16,43.94147872924805,45.57659149169922,43.92427062988281,45.404476165771484,45.404476165771484,600522
2019-08-19,46.29948425292969,46.43717575073242,43.029258728027344,46.21342468261719,46.21342468261719,377766
2019-08-20,45.80034255981445,46.19621276855469,45.421688079833984,45.81755447387695,45.81755447387695,300319
2019-08-21,46.21342468261719,46.764198303222656,45.88640213012695,46.29948425292969,46.29948425292969,375617
2019-08-22,46.62650680541992,46.884681701660156,45.88640213012695,46.02409744262695,46.02409744262695,292185
2019-08-23,45.64543914794922,46.52323532104492,44.44062042236328,44.595523834228516,44.595523834228516,1609602
2019-08-26,45.180721282958984,45.61101531982422,43.32185745239258,43.78657531738281,43.78657531738281,471075
2019-08-27,44.21686553955078,44.35456085205078,42.512908935546875,42.633392333984375,42.633392333984375,524294
2019-08-28,42.616180419921875,43.68330383300781,42.20309829711914,43.58003234863281,43.58003234863281,657808
2019-08-29,44.32013702392578,46.05852127075195,44.23407745361328,45.92082595825195,45.92082595825195,612142
2019-08-30,46.28227233886719,46.815834045410156,45.93803787231445,46.815834045410156,46.815834045410156,465381
2019-09-03,46.12736511230469,46.29948425292969,44.40619659423828,45.04302978515625,45.04302978515625,773950
2019-09-04,45.73149871826172,46.57487106323242,45.71428680419922,46.07572937011719,46.07572937011719,657750
2019-09-05,46.71256637573242,49.1222038269043,46.47159957885742,48.9500846862793,48.9500846862793,456956
2019-09-06,49.0877799987793,49.759037017822266,48.278831481933594,49.31153106689453,49.31153106689453,799863
2019-09-09,49.50086212158203,50.154903411865234,49.29431915283203,49.9483642578125,49.9483642578125,859125
2019-09-10,49.9483642578125,50.9810676574707,49.0877799987793,50.9638557434082,50.9638557434082,1206505
2019-09-11,51.34251403808594,52.96041488647461,50.189327239990234,52.92599105834961,52.92599105834961,630617
2019-09-12,53.098106384277344,53.166954040527344,51.962135314941406,52.495697021484375,52.495697021484375,870164
2019-09-13,53.166954040527344,53.49397659301758,52.34079360961914,52.65060043334961,52.65060043334961,1199881
2019-09-16,52.358001708984375,52.633392333984375,51.772804260253906,52.512908935546875,52.512908935546875,1010127
2019-09-17,51.996559143066406,52.13425064086914,50.378658294677734,50.8261604309082,50.8261604309082,522087
2019-09-18,50.44750213623047,50.8261604309082,48.81239318847656,49.604129791259766,49.604129791259766,985725
2019-09-19,49.638553619384766,50.413082122802734,48.77796936035156,49.569705963134766,49.569705963134766,753441
2019-09-20,49.672977447509766,50.0860595703125,49.0017204284668,49.0533561706543,49.0533561706543,1981210
2019-09-23,48.46815872192383,49.776248931884766,48.34767532348633,49.1910514831543,49.1910514831543,548522
2019-09-24,48.74354553222656,49.38037872314453,47.24612808227539,47.90017318725586,47.90017318725586,546895
2019-09-25,47.69363021850586,49.1910514831543,47.521514892578125,49.0017204284668,49.0017204284668,622425
2019-09-26,49.0533561706543,49.29431915283203,48.244407653808594,48.58863830566406,48.58863830566406,442664
2019-09-27,48.89845275878906,49.776248931884766,48.50258255004883,49.25989532470703,49.25989532470703,538994
2019-09-30,49.518070220947266,50.172115325927734,48.9672966003418,50.0172119140625,50.0172119140625,884805
2019-10-01,50.344234466552734,51.721168518066406,48.43373489379883,48.57143020629883,48.57143020629883,938141
2019-10-02,47.69363021850586,48.089500427246094,47.056800842285156,48.020652770996094,48.020652770996094,500125
2019-10-03,47.538726806640625,48.62306213378906,46.48881149291992,48.60585021972656,48.60585021972656,523423
2019-10-04,48.69190979003906,49.1394157409668,48.192771911621094,49.1049919128418,49.1049919128418,649442
2019-10-07,48.86402893066406,49.1049919128418,47.88296127319336,48.192771911621094,48.192771911621094,485425
2019-10-08,47.487091064453125,47.590362548828125,46.24784851074219,46.33390808105469,46.33390808105469,656240
2019-10-09,46.781410217285156,46.815834045410156,45.62822723388672,46.05852127075195,46.05852127075195,578444
2019-10-10,46.23063659667969,47.28055191040039,46.02409744262695,46.867469787597656,46.867469787597656,353945
2019-10-11,48.003440856933594,50.51634979248047,48.003440856933594,49.793460845947266,49.793460845947266,921640
2019-10-14,49.24268341064453,49.50086212158203,48.79518127441406,49.1394157409668,49.1394157409668,488214
2019-10-15,49.1738395690918,50.223751068115234,48.65748596191406,49.9139404296875,49.9139404296875,434239
2019-10-16,49.759037017822266,50.61962127685547,49.41480255126953,49.759037017822266,49.759037017822266,584544
2019-10-17,50.327022552490234,51.63511276245117,49.604129791259766,51.49741744995117,51.49741744995117,664780
2019-10-18,51.29087829589844,52.25473403930664,51.17039489746094,51.927711486816406,51.927711486816406,654497
2019-10-21,52.495697021484375,53.098106384277344,52.358001708984375,52.68502426147461,52.68502426147461,667337
2019-10-22,52.68502426147461,54.47504425048828,51.755592346191406,53.87263488769531,53.87263488769531,684767
2019-10-23,54.01032638549805,54.95697021484375,53.35628128051758,54.90533447265625,54.90533447265625,2488772
2019-10-24,55.197933197021484,55.335628509521484,54.32013702392578,54.40619659423828,54.40619659423828,546314
2019-10-25,54.38898468017578,56.29948425292969,54.09638595581055,55.95524978637695,55.95524978637695,1315965
2019-10-28,56.36832809448242,57.12564468383789,55.11187744140625,55.215145111083984,55.215145111083984,641250
2019-10-29,54.767642974853516,56.05852127075195,54.612735748291016,55.67986297607422,55.67986297607422,993684
2019-10-30,55.404476165771484,55.404476165771484,53.78657531738281,54.733219146728516,54.733219146728516,1148463
2019-10-31,58.51979446411133,59.0533561706543,56.35111999511719,57.83132553100586,57.83132553100586,2136453
2019-11-01,56.59208297729492,59.965576171875,55.69707489013672,59.965576171875,59.965576171875,2411905
2019-11-04,61.721168518066406,63.046470642089844,60.464717864990234,62.13425064086914,62.13425064086914,1571140
2019-11-05,62.530120849609375,62.994834899902344,60.9466438293457,61.0499153137207,61.0499153137207,1236484
2019-11-06,60.8777961730957,60.8777961730957,58.70912170410156,58.74354553222656,58.74354553222656,1999860
2019-11-07,59.48365020751953,60.0860595703125,58.69190979003906,59.0189323425293,59.0189323425293,964228
2019-11-08,58.67469787597656,59.38037872314453,58.33046340942383,58.81239318847656,58.81239318847656,688892
2019-11-11,58.209983825683594,59.1738395690918,57.98623275756836,58.55421829223633,58.55421829223633,538238
2019-11-12,58.55421829223633,59.36316680908203,58.39931106567383,58.64027404785156,58.64027404785156,773602
2019-11-13,58.003440856933594,58.67469787597656,57.33218765258789,58.209983825683594,58.209983825683594,663851
2019-11-14,57.98623275756836,58.57143020629883,57.09122085571289,57.487091064453125,57.487091064453125,909904
2019-11-15,57.951805114746094,58.46815872192383,57.469879150390625,57.72805404663086,57.72805404663086,393047
2019-11-18,57.366607666015625,57.83132553100586,56.867469787597656,57.418243408203125,57.418243408203125,630676
2019-11-19,57.76247787475586,58.123924255371094,56.62650680541992,57.538726806640625,57.538726806640625,852559
2019-11-20,56.970741271972656,57.504302978515625,56.36832809448242,56.729774475097656,56.729774475097656,664257
2019-11-21,56.764198303222656,57.19449234008789,56.12736511230469,56.29948425292969,56.29948425292969,550323
2019-11-22,56.45438766479492,56.901893615722656,56.26506042480469,56.38554382324219,56.38554382324219,496523
2019-11-25,56.62650680541992,58.62306213378906,56.17900085449219,58.53700637817383,58.53700637817383,1766530
2019-11-26,58.69190979003906,59.25989532470703,58.175559997558594,59.1566276550293,59.1566276550293,881551
2019-11-27,59.0705680847168,59.38037872314453,58.34767532348633,59.1049919128418,59.1049919128418,1168449
2019-11-29,58.74354553222656,58.76075744628906,57.84853744506836,58.003440856933594,58.003440856933594,245821
2019-12-02,58.175559997558594,58.9500846862793,57.24612808227539,57.34939956665039,57.34939956665039,524120
2019-12-03,56.36832809448242,57.74526596069336,55.421688079833984,57.538726806640625,57.538726806640625,572634
2019-12-04,58.158348083496094,59.672977447509766,57.538726806640625,58.72633361816406,58.72633361816406,1388881
2019-12-05,58.89845275878906,59.672977447509766,58.57143020629883,59.586917877197266,59.586917877197266,593550
2019-12-06,60.240962982177734,60.9122200012207,59.8795166015625,59.9827880859375,59.9827880859375,1072584
2019-12-09,59.9483642578125,60.172115325927734,59.22547149658203,59.44922637939453,59.44922637939453,528768
2019-12-10,59.48365020751953,59.48365020751953,58.58863830566406,59.0361442565918,59.0361442565918,905256
2019-12-11,59.1566276550293,60.63683319091797,58.9500846862793,60.56798553466797,60.56798553466797,456143
2019-12-12,60.72289276123047,62.06540298461914,60.430294036865234,61.53184127807617,61.53184127807617,518310
2019-12-13,61.41136169433594,61.721168518066406,60.1376953125,60.430294036865234,60.430294036865234,718988
2019-12-16,61.13597106933594,61.13597106933594,59.25989532470703,59.46643829345703,59.46643829345703,874463
2019-12-17,60.361446380615234,60.65404510498047,58.77796936035156,59.1738395690918,59.1738395690918,1432397
2019-12-18,59.39759063720703,61.944923400878906,59.39759063720703,61.44578170776367,61.44578170776367,1240958
2019-12-19,61.927711486816406,61.927711486816406,60.378658294677734,60.61962127685547,60.61962127685547,691564
2019-12-20,61.0154914855957,61.807228088378906,59.965576171875,61.22203063964844,61.22203063964844,1332349
2019-12-23,61.39414978027344,62.25473403930664,60.61962127685547,61.944923400878906,61.944923400878906,452599
2019-12-24,62.03097915649414,62.34079360961914,61.721168518066406,62.13425064086914,62.13425064086914,306594
2019-12-26,62.392425537109375,62.89156723022461,62.16867446899414,62.75387191772461,62.75387191772461,363822
2019-12-27,62.89156723022461,63.30464553833008,62.375213623046875,62.478485107421875,62.478485107421875,407165
2019-12-30,62.616180419921875,62.85714340209961,61.979347229003906,62.20309829711914,62.20309829711914,579489
2019-12-31,62.08261489868164,63.270225524902344,61.927711486816406,62.616180419921875,62.616180419921875,659900
2020-01-02,63.56282424926758,63.75215148925781,62.73666000366211,63.70051574707031,63.70051574707031,646246
2020-01-03,62.478485107421875,63.70051574707031,62.392425537109375,63.58003234863281,63.58003234863281,479383
2020-01-06,63.253013610839844,63.88984680175781,62.66781234741211,63.85542297363281,63.85542297363281,561246
2020-01-07,64.75042724609375,65.24957275390625,63.66609191894531,64.78485107421875,64.78485107421875,1422172
2020-01-08,64.97418212890625,65.19793701171875,63.35628128051758,64.57831573486328,64.57831573486328,563396
2020-01-09,64.90533447265625,65.26678466796875,64.40619659423828,64.69879150390625,64.69879150390625,489028
2020-01-10,64.76763916015625,65.23236083984375,63.28743362426758,63.56282424926758,63.56282424926758,335005
2020-01-13,63.68330383300781,64.93975830078125,63.39070510864258,64.92254638671875,64.92254638671875,553635
2020-01-14,64.81927490234375,65.37004852294922,64.33734893798828,64.54389190673828,64.54389190673828,841404
2020-01-15,64.44062042236328,64.90533447265625,63.73493957519531,64.18244171142578,64.18244171142578,348368
2020-01-16,65.14630126953125,66.91910552978516,64.78485107421875,65.80034637451172,65.80034637451172,997577
2020-01-17,65.83477020263672,66.23063659667969,65.35283660888672,65.52495574951172,65.52495574951172,551543
2020-01-21,65.07745361328125,65.26678466796875,63.63167190551758,63.97590255737305,63.97590255737305,493559
2020-01-22,64.44062042236328,64.56110382080078,63.218589782714844,63.40791702270508,63.40791702270508,477524
2020-01-23,62.66781234741211,64.49225616455078,61.738380432128906,64.37177276611328,64.37177276611328,773021
2020-01-24,64.33734893798828,64.47504425048828,63.201377868652344,63.88984680175781,63.88984680175781,514185
2020-01-27,61.876075744628906,63.029258728027344,61.721168518066406,62.06540298461914,62.06540298461914,458467
2020-01-28,62.66781234741211,63.64888000488281,62.13425064086914,63.253013610839844,63.253013610839844,489783
2020-01-29,63.78657531738281,64.73321533203125,63.58003234863281,64.37177276611328,64.37177276611328,816363
2020-01-30,63.166954040527344,63.94147872924805,61.18760681152344,63.40791702270508,63.40791702270508,664083
2020-01-31,62.530120849609375,62.82271957397461,60.189327239990234,60.51634979248047,60.51634979248047,756462
2020-02-03,60.9982795715332,62.994834899902344,60.7917366027832,61.996559143066406,61.996559143066406,756055
2020-02-04,63.52840042114258,63.85542297363281,62.80550765991211,63.40791702270508,63.40791702270508,464277
2020-02-05,64.68157958984375,65.40447235107422,64.21686553955078,65.11187744140625,65.11187744140625,376488
2020-02-06,65.06024169921875,65.55937957763672,63.70051574707031,64.32013702392578,64.32013702392578,459280
2020-02-07,63.47676467895508,63.90705871582031,62.616180419921875,62.616180419921875,62.616180419921875,636369
2020-02-10,62.15146255493164,62.564544677734375,61.755592346191406,62.358001708984375,62.358001708984375,460152
2020-02-11,62.92599105834961,64.23407745361328,62.77108383178711,63.063682556152344,63.063682556152344,346799
2020-02-12,63.75215148925781,64.57831573486328,63.51118850708008,64.21686553955078,64.21686553955078,433368
2020-02-13,63.68330383300781,64.35456085205078,63.35628128051758,63.71772766113281,63.71772766113281,381717
2020-02-14,63.75215148925781,64.09638977050781,62.20309829711914,63.063682556152344,63.063682556152344,394906
2020-02-18,62.530120849609375,63.046470642089844,62.15146255493164,62.71944808959961,62.71944808959961,265808
2020-02-19,63.30464553833008,63.82099914550781,62.68502426147461,62.75387191772461,62.75387191772461,392930
2020-02-20,62.564544677734375,63.95869064331055,62.25473403930664,63.080894470214844,63.080894470214844,460675
2020-02-21,64.33734893798828,67.64199829101562,64.33734893798828,66.95352935791016,66.95352935791016,1632959
2020-02-24,65.52495574951172,65.52495574951172,61.996559143066406,64.83648681640625,64.83648681640625,1563471
2020-02-25,64.83648681640625,65.19793701171875,60.8433723449707,61.755592346191406,61.755592346191406,1512750
2020-02-26,62.13425064086914,63.270225524902344,59.759037017822266,59.8623046875,59.8623046875,1380340
2020-02-27,58.158348083496094,60.9466438293457,56.987953186035156,57.555938720703125,57.555938720703125,1172226
2020-02-28,55.249568939208984,57.88296127319336,54.93975830078125,57.607574462890625,57.607574462890625,912925
2020-03-02,58.278831481933594,58.9845085144043,55.69707489013672,58.9328727722168,58.9328727722168,806079
2020-03-03,59.0189323425293,61.0499153137207,56.69535446166992,57.83132553100586,57.83132553100586,801838
2020-03-04,58.81239318847656,60.7917366027832,58.31325149536133,60.58519744873047,60.58519744873047,699989
2020-03-05,57.951805114746094,58.48537063598633,54.40619659423828,55.45610809326172,55.45610809326172,903687
2020-03-06,53.184165954589844,54.07917404174805,51.56626510620117,52.27194595336914,52.27194595336914,1124932
2020-03-09,47.83132553100586,48.62306213378906,44.56110382080078,45.12908935546875,45.12908935546875,1741257
2020-03-10,47.31497573852539,48.9672966003418,45.07745361328125,48.9500846862793,48.9500846862793,684650
2020-03-11,46.69535446166992,47.435455322265625,43.80378723144531,44.13080978393555,44.13080978393555,963879
2020-03-12,39.638553619384766,41.18760681152344,36.781410217285156,36.781410217285156,36.781410217285156,1427285
2020-03-13,40.0516357421875,40.481929779052734,36.48881149291992,40.44750213623047,40.44750213623047,1105875
2020-03-16,36.57487106323242,36.57487106323242,33.97590255737305,34.13080978393555,34.13080978393555,1291795
2020-03-17,34.49225616455078,34.95697021484375,31.841651916503906,33.90705871582031,33.90705871582031,1624069
2020-03-18,30.998279571533203,31.893287658691406,21.04991340637207,25.197935104370117,25.197935104370117,2223836
2020-03-19,24.853700637817383,28.123924255371094,23.666093826293945,27.538726806640625,27.538726806640625,3237971
2020-03-20,28.072288513183594,30.223751068115234,27.332185745239258,28.22719383239746,28.22719383239746,3226874
2020-03-23,27.79690170288086,29.242685317993164,24.853700637817383,25.817556381225586,25.817556381225586,2204953
2020-03-24,27.969018936157227,31.75559425354004,26.936317443847656,29.328744888305664,29.328744888305664,1422462
2020-03-25,29.741823196411133,36.47159957885742,29.29431915283203,33.37349319458008,33.37349319458008,1617330
2020-03-26,33.87263488769531,38.41652297973633,32.89156723022461,35.98967361450195,35.98967361450195,1896035
2020-03-27,33.54561233520508,33.54561233520508,31.290878295898438,32.581756591796875,32.581756591796875,1037840
2020-03-30,32.20309829711914,34.02753829956055,30.963855743408203,33.54561233520508,33.54561233520508,1017099
2020-03-31,33.56282424926758,35.249568939208984,33.28743362426758,34.07917404174805,34.07917404174805,965680
2020-04-01,31.617900848388672,31.927711486816406,28.81239128112793,29.896730422973633,29.896730422973633,1246652
2020-04-02,29.655765533447266,31.445783615112305,29.36316680908203,31.273666381835938,31.273666381835938,1071480
2020-04-03,31.462995529174805,31.583477020263672,27.84853744506836,28.037866592407227,28.037866592407227,1384639
2020-04-06,30.0516357421875,34.681583404541016,29.965576171875,34.629947662353516,34.629947662353516,1227072
2020-04-07,37.607574462890625,38.88124084472656,34.836490631103516,35.335628509521484,35.335628509521484,1026685
2020-04-08,36.59208297729492,39.9483642578125,35.473323822021484,39.41480255126953,39.41480255126953,916644
2020-04-09,41.20481872558594,44.54389190673828,39.1566276550293,39.44922637939453,39.44922637939453,1108606
2020-04-13,38.9328727722168,39.48365020751953,36.936317443847656,38.72633361816406,38.72633361816406,703707
2020-04-14,39.810672760009766,40.51634979248047,38.77796936035156,39.793460845947266,39.793460845947266,712364
2020-04-15,37.79690170288086,37.90017318725586,35.71428680419922,36.36832809448242,36.36832809448242,788243
2020-04-16,36.17900085449219,37.005165100097656,34.47504425048828,36.919105529785156,36.919105529785156,1114649
2020-04-17,39.0189323425293,40.275386810302734,38.46815872192383,40.0516357421875,40.0516357421875,756462
2020-04-20,38.158348083496094,40.68846893310547,37.521514892578125,40.0,40.0,1121156
2020-04-21,38.055076599121094,39.518070220947266,37.452667236328125,38.67469787597656,38.67469787597656,480836
2020-04-22,40.49913787841797,40.60240936279297,38.67469787597656,39.24268341064453,39.24268341064453,424421
2020-04-23,40.258174896240234,42.598968505859375,39.741825103759766,40.309810638427734,40.309810638427734,869350
2020-04-24,40.7917366027832,40.9810676574707,39.48365020751953,39.776248931884766,39.776248931884766,1408867
2020-04-27,40.0860595703125,42.90877914428711,39.690189361572266,42.22031021118164,42.22031021118164,2351191
2020-04-28,43.33906936645508,44.92254638671875,42.943199157714844,42.96041488647461,42.96041488647461,1450757
2020-04-29,44.99139404296875,47.09122085571289,44.30292510986328,46.815834045410156,46.815834045410156,1094836
2020-04-30,45.71428680419922,46.31669616699219,43.52840042114258,44.38898468017578,44.38898468017578,855755
2020-05-01,43.115318298339844,43.52840042114258,40.68846893310547,40.9294319152832,40.9294319152832,677853
2020-05-04,39.776248931884766,40.67125701904297,38.38209915161133,40.60240936279297,40.60240936279297,711551
2020-05-05,41.996559143066406,42.85714340209961,41.23924255371094,41.49741744995117,41.49741744995117,848899
2020-05-06,41.60068893432617,42.358001708984375,40.275386810302734,40.67125701904297,40.67125701904297,798236
2020-05-07,44.14802169799805,45.80034255981445,42.78829574584961,44.32013702392578,44.32013702392578,1082461
2020-05-08,45.43889617919922,46.936317443847656,45.249568939208984,46.60929489135742,46.60929489135742,654322
2020-05-11,45.69707489013672,46.17900085449219,44.819278717041016,45.404476165771484,45.404476165771484,895379
2020-05-12,46.28227233886719,46.41996765136719,43.33906936645508,43.37349319458008,43.37349319458008,558109
2020-05-13,43.166954040527344,43.166954040527344,39.655765533447266,40.68846893310547,40.68846893310547,798526
2020-05-14,39.535282135009766,42.34079360961914,38.46815872192383,42.25473403930664,42.25473403930664,742111
2020-05-15,41.858863830566406,44.14802169799805,41.56626510620117,43.49397659301758,43.49397659301758,534346
2020-05-18,46.47159957885742,48.141136169433594,46.36832809448242,47.607574462890625,47.607574462890625,713003
2020-05-19,47.383819580078125,47.93459701538086,46.28227233886719,46.29948425292969,46.29948425292969,1387835
2020-05-20,45.76592254638672,46.57487106323242,44.02753829956055,45.473323822021484,45.473323822021484,2349564
2020-05-21,45.370052337646484,46.781410217285156,44.733219146728516,46.04130935668945,46.04130935668945,798585
2020-05-22,46.05852127075195,46.05852127075195,44.750431060791016,45.146297454833984,45.146297454833984,346741
2020-05-26,47.607574462890625,49.0705680847168,46.746986389160156,48.91566467285156,48.91566467285156,856626
2020-05-27,50.464717864990234,51.15318298339844,49.0877799987793,50.60240936279297,50.60240936279297,948657
2020-05-28,51.48020553588867,51.48020553588867,48.072288513183594,48.31325149536133,48.31325149536133,808403
2020-05-29,48.227195739746094,49.22547149658203,47.19449234008789,48.29603958129883,48.29603958129883,817932
2020-06-01,48.209983825683594,48.86402893066406,47.504302978515625,48.34767532348633,48.34767532348633,596280
2020-06-02,49.1394157409668,49.50086212158203,48.209983825683594,48.79518127441406,48.79518127441406,432555
2020-06-03,49.36316680908203,51.35972595214844,49.36316680908203,51.17039489746094,51.17039489746094,412859
2020-06-04,50.7917366027832,51.824440002441406,49.8623046875,51.721168518066406,51.721168518066406,743041
2020-06-05,54.95697021484375,55.490535736083984,53.49397659301758,54.25128936767578,54.25128936767578,826937
2020-06-08,55.67986297607422,56.28227233886719,54.92254638671875,55.88640213012695,55.88640213012695,669080
2020-06-09,53.95869064331055,55.59380340576172,53.88984680175781,54.90533447265625,54.90533447265625,460384
2020-06-10,54.56110382080078,54.56110382080078,51.0671272277832,51.13597106933594,51.13597106933594,764538
2020-06-11,47.504302978515625,48.57143020629883,46.33390808105469,46.55765914916992,46.55765914916992,906011
2020-06-12,49.535282135009766,49.776248931884766,46.66093063354492,48.91566467285156,48.91566467285156,530337
2020-06-15,46.31669616699219,49.707401275634766,45.85197830200195,49.36316680908203,49.36316680908203,396184
2020-06-16,52.530120849609375,53.184165954589844,49.46643829345703,50.75731658935547,50.75731658935547,506051
2020-06-17,50.51634979248047,51.15318298339844,48.74354553222656,48.9845085144043,48.9845085144043,895205
2020-06-18,48.192771911621094,49.0189323425293,47.72805404663086,48.46815872192383,48.46815872192383,732815
2020-06-19,49.1738395690918,49.29431915283203,47.418243408203125,47.538726806640625,47.538726806640625,954292
2020-06-22,47.31497573852539,48.43373489379883,46.23063659667969,48.209983825683594,48.209983825683594,529930
2020-06-23,49.32874298095703,49.36316680908203,47.521514892578125,47.951805114746094,47.951805114746094,594189
2020-06-24,46.970741271972656,47.487091064453125,43.95869064331055,44.595523834228516,44.595523834228516,818397
2020-06-25,44.54389190673828,44.578311920166016,42.512908935546875,44.30292510986328,44.30292510986328,687614
2020-06-26,43.92427062988281,45.57659149169922,43.098106384277344,45.180721282958984,45.180721282958984,1361748
2020-06-29,45.90361404418945,46.62650680541992,44.88812255859375,46.28227233886719,46.28227233886719,581058
2020-06-30,45.85197830200195,48.278831481933594,45.85197830200195,48.020652770996094,48.020652770996094,852618
2020-07-01,48.123924255371094,48.57143020629883,47.19449234008789,47.401031494140625,47.401031494140625,819559
2020-07-02,48.60585021972656,51.10154724121094,47.65920639038086,48.278831481933594,48.278831481933594,565081
2020-07-06,49.586917877197266,49.707401275634766,48.77796936035156,49.39759063720703,49.39759063720703,340466
2020-07-07,48.64027404785156,49.44922637939453,48.261619567871094,48.65748596191406,48.65748596191406,420702
2020-07-08,48.9500846862793,49.34595489501953,48.278831481933594,49.1910514831543,49.1910514831543,397985
2020-07-09,49.25989532470703,49.25989532470703,46.40275573730469,47.79690170288086,47.79690170288086,412336
2020-07-10,48.055076599121094,48.67469787597656,47.555938720703125,48.227195739746094,48.227195739746094,270978
2020-07-13,49.0017204284668,50.189327239990234,48.158348083496094,48.82960510253906,48.82960510253906,451030
2020-07-14,48.79518127441406,50.49913787841797,48.158348083496094,50.430294036865234,50.430294036865234,368761
2020-07-15,51.68674850463867,54.629947662353516,51.08433532714844,54.37177276611328,54.37177276611328,1014891
2020-07-16,54.37177276611328,55.07745361328125,53.75215148925781,54.33734893798828,54.33734893798828,638287
2020-07-17,54.88812255859375,55.00860595703125,54.14802169799805,54.33734893798828,54.33734893798828,456840
2020-07-20,54.02753829956055,55.00860595703125,53.218589782714844,53.40791702270508,53.40791702270508,493559
2020-07-21,53.61445617675781,54.819278717041016,53.28743362426758,54.01032638549805,54.01032638549805,410825
2020-07-22,53.51118850708008,54.14802169799805,53.35628128051758,53.73493957519531,53.73493957519531,487517
2020-07-23,53.70051574707031,54.802066802978516,53.51118850708008,54.26850128173828,54.26850128173828,421980
2020-07-24,54.18244552612305,54.19965744018555,53.080894470214844,53.42512893676758,53.42512893676758,349994
2020-07-27,53.063682556152344,54.49225616455078,52.616180419921875,54.42340850830078,54.42340850830078,432438
2020-07-28,53.99311447143555,54.42340850830078,52.65060043334961,52.66781234741211,52.66781234741211,422736
2020-07-29,53.201377868652344,54.18244552612305,53.098106384277344,53.94147872924805,53.94147872924805,760180
2020-07-30,52.85714340209961,52.85714340209961,51.27366638183594,51.49741744995117,51.49741744995117,525050
2020-07-31,51.27366638183594,51.27366638183594,48.81239318847656,50.0516357421875,50.0516357421875,744319
2020-08-03,50.70568084716797,52.90877914428711,49.93115234375,52.358001708984375,52.358001708984375,652579
2020-08-04,51.979347229003906,53.218589782714844,51.42856979370117,52.616180419921875,52.616180419921875,770174
2020-08-05,53.51118850708008,54.44062042236328,53.166954040527344,53.66609191894531,53.66609191894531,613885
2020-08-06,53.40791702270508,55.00860595703125,53.40791702270508,54.44062042236328,54.44062042236328,710389
2020-08-07,54.90533447265625,57.555938720703125,54.595523834228516,57.33218765258789,57.33218765258789,579722
2020-08-10,57.951805114746094,59.535282135009766,57.16006851196289,59.1394157409668,59.1394157409668,552357
2020-08-11,60.034423828125,61.48020553588867,59.672977447509766,60.65404510498047,60.65404510498047,798062
2020-08-12,61.53184127807617,61.53184127807617,59.8623046875,60.1376953125,60.1376953125,499195
2020-08-13,59.896728515625,60.56798553466797,59.1738395690918,59.46643829345703,59.46643829345703,369574
2020-08-14,58.58863830566406,60.103271484375,58.36488723754883,59.44922637939453,59.44922637939453,303398
2020-08-17,60.189327239990234,60.292598724365234,59.0705680847168,59.55249786376953,59.55249786376953,246460
2020-08-18,59.2082633972168,59.827884674072266,58.36488723754883,58.43373489379883,58.43373489379883,380381
2020-08-19,58.175559997558594,59.1566276550293,58.158348083496094,58.34767532348633,58.34767532348633,213459
2020-08-20,57.538726806640625,58.089500427246094,57.366607666015625,57.521514892578125,57.521514892578125,298808
2020-08-21,57.555938720703125,57.83132553100586,56.936317443847656,57.21170425415039,57.21170425415039,407688
2020-08-24,57.641998291015625,58.53700637817383,56.970741271972656,57.93459701538086,57.93459701538086,354468
2020-08-25,58.36488723754883,58.45094680786133,57.26333999633789,58.037864685058594,58.037864685058594,350982
2020-08-26,58.106712341308594,58.43373489379883,57.22891616821289,58.175559997558594,58.175559997558594,567172
2020-08-27,58.91566467285156,58.91566467285156,57.504302978515625,57.65920639038086,57.65920639038086,501171
2020-08-28,57.96902084350586,58.020652770996094,56.746986389160156,57.83132553100586,57.83132553100586,383344
2020-08-31,57.93459701538086,58.29603958129883,57.02237319946289,57.28055191040039,57.28055191040039,411290
2020-09-01,56.781410217285156,57.83132553100586,56.40275573730469,57.555938720703125,57.555938720703125,472237
2020-09-02,57.79690170288086,58.69190979003906,57.12564468383789,58.36488723754883,58.36488723754883,414660
2020-09-03,58.158348083496094,58.53700637817383,55.52495574951172,56.16178894042969,56.16178894042969,533823
2020-09-04,57.24612808227539,58.51979446411133,56.23063659667969,58.037864685058594,58.037864685058594,419947
2020-09-08,57.24612808227539,58.72633361816406,57.02237319946289,57.19449234008789,57.19449234008789,527897
2020-09-09,57.74526596069336,58.50258255004883,57.67641830444336,57.79690170288086,57.79690170288086,453238
2020-09-10,57.98623275756836,58.31325149536133,56.48881149291992,56.55765914916992,56.55765914916992,326290
2020-09-11,57.005165100097656,58.003440856933594,56.781410217285156,57.521514892578125,57.521514892578125,301307
2020-09-14,58.037864685058594,58.106712341308594,56.901893615722656,57.72805404663086,57.72805404663086,412161
2020-09-15,58.089500427246094,59.31153106689453,57.74526596069336,58.209983825683594,58.209983825683594,439526
2020-09-16,58.79518127441406,60.1376953125,58.278831481933594,59.55249786376953,59.55249786376953,817758
2020-09-17,58.51979446411133,60.034423828125,57.69363021850586,59.604129791259766,59.604129791259766,739264
2020-09-18,59.518070220947266,60.172115325927734,57.22891616821289,57.573150634765625,57.573150634765625,2135117
2020-09-21,55.50774383544922,56.12736511230469,51.60068893432617,52.512908935546875,52.512908935546875,1063811
2020-09-22,52.478485107421875,53.012046813964844,51.32530212402344,52.66781234741211,52.66781234741211,408036
2020-09-23,52.598968505859375,53.39070510864258,51.841651916503906,51.910499572753906,51.910499572753906,572459
2020-09-24,51.979347229003906,52.80550765991211,50.9982795715332,51.858863830566406,51.858863830566406,403040
2020-09-25,51.17039489746094,53.046470642089844,51.11875915527344,52.616180419921875,52.616180419921875,367250
2020-09-28,53.87263488769531,55.00860595703125,53.73493957519531,54.02753829956055,54.02753829956055,349181
2020-09-29,53.61445617675781,54.47504425048828,53.253013610839844,53.71772766113281,53.71772766113281,239546
2020-09-30,54.25128936767578,55.09466552734375,53.40791702270508,53.97590255737305,53.97590255737305,413672
2020-10-01,54.33734893798828,55.232357025146484,53.54561233520508,54.21686553955078,54.21686553955078,285213
2020-10-02,52.495697021484375,54.612735748291016,52.495697021484375,53.78657531738281,53.78657531738281,538878
2020-10-05,54.802066802978516,56.05852127075195,54.37177276611328,55.62822723388672,55.62822723388672,624924
2020-10-06,56.17900085449219,57.29776382446289,54.45783233642578,54.56110382080078,54.56110382080078,1075024
2020-10-07,55.88640213012695,57.10843276977539,55.180721282958984,55.71428680419922,55.71428680419922,494838
2020-10-08,56.64371871948242,56.64371871948242,54.802066802978516,55.45610809326172,55.45610809326172,655019
2020-10-09,56.24784851074219,56.48881149291992,54.853702545166016,55.404476165771484,55.404476165771484,452889
2020-10-12,56.07572937011719,56.798622131347656,55.09466552734375,55.197933197021484,55.197933197021484,470029
2020-10-13,54.90533447265625,55.283992767333984,53.73493957519531,54.02753829956055,54.02753829956055,301074
2020-10-14,54.16523361206055,55.197933197021484,53.73493957519531,54.14802169799805,54.14802169799805,531499
2020-10-15,53.149742126464844,55.54216766357422,53.149742126464844,55.387264251708984,55.387264251708984,325534
2020-10-16,55.54216766357422,55.90361404418945,54.44062042236328,54.54389190673828,54.54389190673828,474561
2020-10-19,54.698795318603516,55.12908935546875,53.64888000488281,53.85542297363281,53.85542297363281,476013
2020-10-20,54.45783233642578,55.215145111083984,54.06196212768555,54.38898468017578,54.38898468017578,354584
2020-10-21,54.14802169799805,55.12908935546875,53.132530212402344,53.149742126464844,53.149742126464844,344475
2020-10-22,53.35628128051758,55.62822723388672,53.184165954589844,55.45610809326172,55.45610809326172,815317
2020-10-23,56.09294128417969,56.12736511230469,54.26850128173828,55.00860595703125,55.00860595703125,291139
2020-10-26,53.83821105957031,54.30292510986328,51.721168518066406,52.15146255493164,52.15146255493164,466369
2020-10-27,51.858863830566406,51.876075744628906,50.189327239990234,50.8605842590332,50.8605842590332,856452
2020-10-28,49.0361442565918,50.68846893310547,48.72633361816406,48.77796936035156,48.77796936035156,657285
2020-10-29,48.50258255004883,49.46643829345703,46.57487106323242,46.867469787597656,46.867469787597656,1362677
2020-10-30,46.729774475097656,47.418243408203125,45.52495574951172,46.798622131347656,46.798622131347656,826647
2020-11-02,47.69363021850586,48.77796936035156,46.67814254760742,47.22891616821289,47.22891616821289,605170
2020-11-03,48.192771911621094,50.70568084716797,47.98623275756836,50.258174896240234,50.258174896240234,762853
2020-11-04,49.604129791259766,50.103271484375,47.79690170288086,49.672977447509766,49.672977447509766,932389
2020-11-05,50.58519744873047,51.927711486816406,50.395870208740234,51.27366638183594,51.27366638183594,523365
2020-11-06,51.48020553588867,52.09982681274414,50.8261604309082,50.8261604309082,50.8261604309082,467473
2020-11-09,54.54389190673828,60.65404510498047,54.54389190673828,59.0705680847168,59.0705680847168,1679148
2020-11-10,59.810672760009766,60.7917366027832,58.86402893066406,59.827884674072266,59.827884674072266,655019
2020-11-11,60.240962982177734,60.240962982177734,57.33218765258789,58.003440856933594,58.003440856933594,442141
2020-11-12,57.28055191040039,57.67641830444336,54.784854888916016,55.73149871826172,55.73149871826172,486006
2020-11-13,56.41996765136719,58.70912170410156,56.23063659667969,58.192771911621094,58.192771911621094,529291
2020-11-16,60.413082122802734,60.9810676574707,59.0361442565918,59.741825103759766,59.741825103759766,699175
2020-11-17,58.76075744628906,60.481929779052734,57.67641830444336,59.896728515625,59.896728515625,399960
2020-11-18,62.444061279296875,62.87435531616211,59.724613189697266,61.34251403808594,61.34251403808594,869699
2020-11-19,60.75731658935547,61.61790084838867,60.1204833984375,61.51462936401367,61.51462936401367,401181
2020-11-20,61.0499153137207,61.56626510620117,60.65404510498047,61.0499153137207,61.0499153137207,546431
2020-11-23,61.858863830566406,63.49397659301758,61.63511276245117,63.218589782714844,63.218589782714844,299506
2020-11-24,63.82099914550781,65.52495574951172,63.68330383300781,64.75042724609375,64.75042724609375,958301
2020-11-25,64.32013702392578,65.55937957763672,62.96041488647461,65.31842041015625,65.31842041015625,688020
2020-11-27,65.40447235107422,66.47160339355469,63.61445617675781,63.82099914550781,63.82099914550781,185804
2020-11-30,63.51118850708008,63.61445617675781,61.738380432128906,62.09982681274414,62.09982681274414,369051
2020-12-01,63.33906936645508,63.95869064331055,62.547332763671875,62.598968505859375,62.598968505859375,401703
2020-12-02,62.08261489868164,63.253013610839844,61.824440002441406,62.89156723022461,62.89156723022461,314670
2020-12-03,62.943199157714844,64.62995147705078,62.581756591796875,63.94147872924805,63.94147872924805,1358320
2020-12-04,64.23407745361328,65.97245788574219,64.11359405517578,65.40447235107422,65.40447235107422,281204
2020-12-07,64.85369873046875,65.26678466796875,63.59724426269531,64.25128936767578,64.25128936767578,314205
2020-12-08,63.61445617675781,65.23236083984375,63.61445617675781,64.78485107421875,64.78485107421875,406991
2020-12-09,65.52495574951172,65.78313446044922,64.25128936767578,64.76763916015625,64.76763916015625,354294
2020-12-10,64.76763916015625,65.90361022949219,64.04474639892578,65.26678466796875,65.26678466796875,534171
2020-12-11,64.44062042236328,65.33562469482422,63.58003234863281,64.07917022705078,64.07917022705078,386075
2020-12-14,65.43889617919922,65.67986297607422,61.755592346191406,61.772804260253906,61.772804260253906,704869
2020-12-15,62.994834899902344,63.66609191894531,61.893287658691406,63.132530212402344,63.132530212402344,415706
2020-12-16,62.994834899902344,64.33734893798828,61.65232467651367,63.73493957519531,63.73493957519531,628177
2020-12-17,63.82099914550781,64.32013702392578,62.943199157714844,63.66609191894531,63.66609191894531,323559
2020-12-18,63.97590255737305,64.38898468017578,62.30636978149414,62.943199157714844,62.943199157714844,789521
2020-12-21,61.841651916503906,63.012046813964844,60.1376953125,62.581756591796875,62.581756591796875,395196
2020-12-22,63.029258728027344,63.253013610839844,61.68674850463867,62.28915786743164,62.28915786743164,220722
2020-12-23,62.92599105834961,63.97590255737305,62.616180419921875,63.080894470214844,63.080894470214844,377941
2020-12-24,63.30464553833008,63.45955276489258,62.512908935546875,63.32185745239258,63.32185745239258,68384
2020-12-28,64.11359405517578,64.52667999267578,63.51118850708008,63.51118850708008,63.51118850708008,258371
2020-12-29,64.09638977050781,64.21686553955078,62.512908935546875,63.132530212402344,63.132530212402344,270049
2020-12-30,63.166954040527344,65.83477020263672,63.166954040527344,65.31842041015625,65.31842041015625,709808
2020-12-31,65.19793701171875,66.40275573730469,64.38898468017578,65.81755828857422,65.81755828857422,359290
2021-01-04,66.23063659667969,66.38554382324219,62.97762680053711,63.78657531738281,63.78657531738281,363416
2021-01-05,63.82099914550781,66.45439147949219,63.82099914550781,65.47332000732422,65.47332000732422,387643
2021-01-06,66.57486724853516,70.1376953125,66.57486724853516,69.17383575439453,69.17383575439453,738567
2021-01-07,69.8106689453125,70.61962127685547,69.08778381347656,69.8623046875,69.8623046875,1577706
2021-01-08,69.8795166015625,69.8795166015625,66.36833190917969,67.9001693725586,67.9001693725586,478570
2021-01-11,66.38554382324219,69.08778381347656,66.12736511230469,68.1927719116211,68.1927719116211,773660
2021-01-12,68.60585021972656,70.103271484375,68.2788314819336,69.79345703125,69.79345703125,638577
2021-01-13,69.39759063720703,69.63855743408203,67.17728424072266,67.8657455444336,67.8657455444336,1602630
2021-01-14,69.13941192626953,69.43201446533203,67.34939575195312,68.4165267944336,68.4165267944336,682675
2021-01-15,67.43545532226562,67.79690551757812,65.24957275390625,66.66092681884766,66.66092681884766,572459
2021-01-19,67.59036254882812,68.76075744628906,67.31497192382812,68.1411361694336,68.1411361694336,503436
2021-01-20,68.51979064941406,70.1549072265625,68.1583480834961,69.03614807128906,69.03614807128906,462708
2021-01-21,69.19104766845703,69.58692169189453,67.9690170288086,69.00172424316406,69.00172424316406,769360
2021-01-22,68.0895004272461,70.0172119140625,67.72805786132812,69.8795166015625,69.8795166015625,521738
2021-01-25,69.24268341064453,69.896728515625,68.0034408569336,69.00172424316406,69.00172424316406,650197
2021-01-26,69.8795166015625,70.20654296875,68.1067123413086,69.759033203125,69.759033203125,495477
2021-01-27,68.2099838256836,73.02925872802734,67.26333618164062,70.1204833984375,70.1204833984375,1418512
2021-01-28,70.70568084716797,72.54733276367188,66.45439147949219,66.57486724853516,66.57486724853516,1156945
2021-01-29,66.83304595947266,68.3132553100586,63.71772766113281,63.88984680175781,63.88984680175781,911298
2021-02-01,64.69879150390625,66.28227233886719,63.218589782714844,66.05851745605469,66.05851745605469,527258
2021-02-02,67.26333618164062,68.3476791381836,65.04302978515625,65.49053192138672,65.49053192138672,715095
2021-02-03,65.38726043701172,67.19448852539062,65.02581787109375,67.00516510009766,67.00516510009766,392117
2021-02-04,67.55593872070312,68.60585021972656,66.54045104980469,67.22891235351562,67.22891235351562,370969
2021-02-05,68.2444076538086,68.70912170410156,67.36660766601562,68.1755599975586,68.1755599975586,278183
2021-02-08,69.08778381347656,69.8106689453125,68.58863830566406,69.8106689453125,69.8106689453125,220257
2021-02-09,69.79345703125,70.034423828125,67.57315063476562,69.60413360595703,69.60413360595703,313740
2021-02-10,70.240966796875,70.240966796875,68.4337387084961,68.51979064941406,68.51979064941406,349878
2021-02-11,69.12220001220703,69.7762451171875,66.91910552978516,68.69190979003906,68.69190979003906,496755
2021-02-12,68.0895004272461,70.1893310546875,67.81411743164062,70.172119140625,70.172119140625,441502
2021-02-16,70.55077362060547,70.92943572998047,67.64199829101562,67.72805786132812,67.72805786132812,336515
2021-02-17,67.12564849853516,67.67642211914062,65.59380340576172,65.92082977294922,65.92082977294922,547360
2021-02-18,65.74871063232422,70.74010467529297,65.74871063232422,69.60413360595703,69.60413360595703,890266
2021-02-19,70.77452850341797,75.95525360107422,69.896728515625,74.97418212890625,74.97418212890625,1176816
2021-02-22,74.87091064453125,78.2444076538086,74.32013702392578,77.29776000976562,77.29776000976562,729387
2021-02-23,77.50430297851562,78.1239242553711,74.87091064453125,77.26333618164062,77.26333618164062,802071
2021-02-24,76.78141021728516,79.9483642578125,76.78141021728516,79.50086212158203,79.50086212158203,712132
2021-02-25,79.19104766845703,79.65576934814453,76.60929107666016,77.38381958007812,77.38381958007812,594770
2021-02-26,77.64199829101562,78.0206527709961,76.04130554199219,76.33390808105469,76.33390808105469,533242
2021-03-01,78.2616195678711,79.7762451171875,77.34939575195312,78.3993148803711,78.3993148803711,306245
2021-03-02,77.81411743164062,78.4337387084961,76.38554382324219,76.79862213134766,76.79862213134766,320596
2021-03-03,77.43545532226562,79.29431915283203,76.67813873291016,77.77969360351562,77.77969360351562,364578
2021-03-04,82.37521362304688,84.66437530517578,79.03614807128906,82.25473022460938,82.25473022460938,2094331
2021-03-05,83.52839660644531,86.14457702636719,80.99827575683594,85.62822723388672,85.62822723388672,986015
2021-03-08,85.62822723388672,86.50602722167969,83.85542297363281,84.16522979736328,84.16522979736328,681339
2021-03-09,84.16522979736328,84.16522979736328,80.60240936279297,81.08433532714844,81.08433532714844,832805
2021-03-10,80.41307830810547,83.01204681396484,80.0860595703125,82.80551147460938,82.80551147460938,626144
2021-03-11,83.13253021240234,83.80378723144531,80.49913787841797,83.27022552490234,83.27022552490234,1709128
2021-03-12,84.30292510986328,86.33390808105469,83.25301361083984,86.05851745605469,86.05851745605469,557295
2021-03-15,85.30120849609375,86.41996765136719,84.14801788330078,85.47332000732422,85.47332000732422,390606
2021-03-16,83.18416595458984,84.35456085205078,80.89501190185547,81.39414978027344,81.39414978027344,1303706
2021-03-17,79.965576171875,81.9965591430664,79.20825958251953,80.72289276123047,80.72289276123047,4820557
2021-03-18,80.89501190185547,81.6695327758789,76.35111999511719,76.57486724853516,76.57486724853516,1686759
2021-03-19,76.41996765136719,78.0378646850586,74.93975830078125,77.00516510009766,77.00516510009766,1339844
2021-03-22,76.83304595947266,79.8623046875,76.02409362792969,78.69190979003906,78.69190979003906,850875
2021-03-23,77.60757446289062,79.13941192626953,75.49053192138672,75.88640594482422,75.88640594482422,1024419
2021-03-24,77.24612426757812,78.79518127441406,76.52323913574219,76.67813873291016,76.67813873291016,1064218
2021-03-25,75.64543914794922,78.2099838256836,73.06368255615234,77.77969360351562,77.77969360351562,1660556
2021-03-26,78.69190979003906,79.8450927734375,75.71428680419922,77.21170043945312,77.21170043945312,2828192
2021-03-29,76.36833190917969,77.03958892822266,74.35456085205078,76.02409362792969,76.02409362792969,1036446
2021-03-30,76.31669616699219,76.97074127197266,74.83648681640625,75.80034637451172,75.80034637451172,984853
2021-03-31,75.55937957763672,76.69535064697266,75.00860595703125,75.40447235107422,75.40447235107422,693946
2021-04-01,75.81755828857422,76.38554382324219,74.92254638671875,76.35111999511719,76.35111999511719,576352
2021-04-05,77.28054809570312,77.9518051147461,76.05851745605469,77.05680084228516,77.05680084228516,714746
2021-04-06,75.04302978515625,77.67642211914062,75.04302978515625,76.19621276855469,76.19621276855469,696096
2021-04-07,76.19621276855469,76.83304595947266,74.92254638671875,75.45610809326172,75.45610809326172,520169
2021-04-08,75.49053192138672,75.78313446044922,74.02754211425781,74.49225616455078,74.49225616455078,793937
2021-04-09,74.32013702392578,74.81927490234375,73.49397277832031,74.71600341796875,74.71600341796875,535624
2021-04-12,75.16351318359375,75.57659149169922,73.95869445800781,74.69879150390625,74.69879150390625,945461
2021-04-13,74.71600341796875,74.95697021484375,73.14974212646484,73.94148254394531,73.94148254394531,538238
2021-04-14,73.90705871582031,76.26506042480469,73.51118469238281,75.83477020263672,75.83477020263672,592504
2021-04-15,76.33390808105469,76.55765533447266,75.30120849609375,76.47160339355469,76.47160339355469,434472
2021-04-16,77.28054809570312,78.1927719116211,76.88468170166016,77.21170043945312,77.21170043945312,383402
2021-04-19,77.22891235351562,77.60757446289062,76.41996765136719,77.33218383789062,77.33218383789062,511454
2021-04-20,77.34939575195312,78.0206527709961,75.30120849609375,75.97245788574219,75.97245788574219,446382
2021-04-21,75.66265106201172,77.31497192382812,75.64543914794922,76.55765533447266,76.55765533447266,436273
2021-04-22,76.88468170166016,77.50430297851562,76.00688171386719,76.43717956542969,76.43717956542969,287827
2021-04-23,76.55765533447266,78.1411361694336,76.55765533447266,77.81411743164062,77.81411743164062,458990
2021-04-26,78.58863830566406,79.17383575439453,77.14286041259766,77.45266723632812,77.45266723632812,889162
2021-04-27,77.76248168945312,79.07056427001953,76.83304595947266,78.81239318847656,78.81239318847656,794285
2021-04-28,78.3304672241211,79.31153106689453,78.1411361694336,78.62306213378906,78.62306213378906,595002
2021-04-29,78.2616195678711,78.2616195678711,75.16351318359375,77.62478637695312,77.62478637695312,1192038
2021-04-30,77.33218383789062,78.74354553222656,76.98795318603516,77.77969360351562,77.77969360351562,1937461
2021-05-03,77.79690551757812,78.62306213378906,75.04302978515625,75.14630126953125,75.14630126953125,1248511
2021-05-04,74.81927490234375,74.81927490234375,72.90877532958984,73.99311828613281,73.99311828613281,1107328
2021-05-05,73.95869445800781,74.57831573486328,72.23751831054688,73.13253021240234,73.13253021240234,1365815
2021-05-06,73.52839660644531,73.97590637207031,71.5490493774414,73.56282043457031,73.56282043457031,1477367
2021-05-07,73.47676086425781,75.12908935546875,73.33907318115234,73.95869445800781,73.95869445800781,578618
2021-05-10,74.28571319580078,75.18072509765625,73.33907318115234,73.47676086425781,73.47676086425781,890324
2021-05-11,72.68502807617188,72.99483489990234,71.35972595214844,72.66781616210938,72.66781616210938,1016692
2021-05-12,72.63339233398438,73.16695404052734,71.15318298339844,71.5490493774414,71.5490493774414,762330
2021-05-13,71.7383804321289,73.23580169677734,71.5834732055664,72.53012084960938,72.53012084960938,526735
2021-05-14,73.14974212646484,75.78313446044922,72.30636596679688,75.59380340576172,75.59380340576172,800269
2021-05-17,75.55937957763672,76.14457702636719,74.92254638671875,75.88640594482422,75.88640594482422,704404
2021-05-18,75.90361022949219,76.21342468261719,74.66437530517578,75.04302978515625,75.04302978515625,830249
2021-05-19,73.56282043457031,75.19793701171875,73.23580169677734,75.19793701171875,75.19793701171875,1065845
2021-05-20,75.42168426513672,76.21342468261719,74.83648681640625,75.35283660888672,75.35283660888672,610457
2021-05-21,76.11015319824219,76.74698638916016,75.37004852294922,75.80034637451172,75.80034637451172,658970
2021-05-24,76.26506042480469,76.52323913574219,75.30120849609375,76.07572937011719,76.07572937011719,389154
2021-05-25,76.05851745605469,76.62650299072266,75.31842041015625,75.42168426513672,75.42168426513672,539807
2021-05-26,75.23236083984375,76.24784851074219,74.44062042236328,76.09294128417969,76.09294128417969,602265
2021-05-27,77.10843658447266,77.55593872070312,76.54045104980469,76.62650299072266,76.62650299072266,738742
2021-05-28,76.88468170166016,77.05680084228516,75.69707489013672,76.07572937011719,76.07572937011719,556540
2021-06-01,76.91910552978516,78.60585021972656,76.88468170166016,78.0722885131836,78.0722885131836,714572
2021-06-02,78.4509506225586,78.4509506225586,77.24612426757812,77.8485336303711,77.8485336303711,732060
2021-06-03,77.65921020507812,78.2271957397461,76.66092681884766,77.46987915039062,77.46987915039062,1218415
2021-06-04,77.8485336303711,79.29431915283203,77.79690551757812,78.82960510253906,78.82960510253906,1424380
2021-06-07,78.91566467285156,79.44922637939453,77.46987915039062,77.65921020507812,77.65921020507812,821069
2021-06-08,77.48709106445312,79.44922637939453,77.36660766601562,79.39759063720703,79.39759063720703,999378
2021-06-09,79.60413360595703,79.7762451171875,77.9690170288086,77.9690170288086,77.9690170288086,509769
2021-06-10,78.2444076538086,79.19104766845703,77.8485336303711,79.07056427001953,79.07056427001953,909091
2021-06-11,79.56970977783203,80.309814453125,79.24268341064453,80.172119140625,80.172119140625,850933
2021-06-14,80.103271484375,80.51634979248047,78.4509506225586,79.25989532470703,79.25989532470703,1081532
2021-06-15,79.24268341064453,79.62134552001953,78.51979064941406,79.53528594970703,79.53528594970703,565662
2021-06-16,78.96730041503906,79.56970977783203,78.2960433959961,78.86402893066406,78.86402893066406,487168
2021-06-17,78.88124084472656,79.01893615722656,75.81755828857422,77.00516510009766,77.00516510009766,948018
2021-06-18,75.78313446044922,76.55765533447266,74.81927490234375,74.90533447265625,74.90533447265625,1139632
2021-06-21,75.55937957763672,76.93631744384766,75.47332000732422,76.90189361572266,76.90189361572266,856278
2021-06-22,76.83304595947266,78.1927719116211,75.98966979980469,77.8485336303711,77.8485336303711,862204
2021-06-23,78.1927719116211,79.34595489501953,77.9518051147461,78.0034408569336,78.0034408569336,646304
2021-06-24,78.2788314819336,79.05335235595703,77.64199829101562,78.74354553222656,78.74354553222656,322048
2021-06-25,79.20825958251953,80.20654296875,78.96730041503906,80.034423828125,80.034423828125,818397
2021-06-28,80.06884765625,80.06884765625,78.65748596191406,78.91566467285156,78.91566467285156,344998
2021-06-29,79.19104766845703,79.55249786376953,77.9173812866211,78.2616195678711,78.2616195678711,284864
2021-06-30,77.69363403320312,79.13941192626953,77.69363403320312,78.84681701660156,78.84681701660156,384622
2021-07-01,79.17383575439453,80.46471405029297,79.03614807128906,80.2926025390625,80.2926025390625,1327701
2021-07-02,80.65404510498047,81.37693786621094,79.9827880859375,80.86058807373047,80.86058807373047,847853
2021-07-06,80.86058807373047,80.87779998779297,77.31497192382812,78.64027404785156,78.64027404785156,693249
2021-07-07,78.3648910522461,79.43201446533203,78.1067123413086,78.81239318847656,78.81239318847656,547999
2021-07-08,77.41824340820312,78.84681701660156,76.35111999511719,78.0722885131836,78.0722885131836,473864
2021-07-09,79.10498809814453,80.1893310546875,79.01893615722656,79.58692169189453,79.58692169189453,506458
2021-07-12,79.17383575439453,80.0516357421875,78.51979064941406,79.965576171875,79.965576171875,429010
2021-07-13,79.63855743408203,80.1893310546875,78.51979064941406,78.53700256347656,78.53700256347656,250004
2021-07-14,79.01893615722656,79.56970977783203,76.69535064697266,77.19448852539062,77.19448852539062,489551
2021-07-15,76.52323913574219,77.55593872070312,75.90361022949219,76.74698638916016,76.74698638916016,425757
2021-07-16,77.79690551757812,77.8657455444336,75.49053192138672,75.52495574951172,75.52495574951172,395254
2021-07-19,73.88984680175781,74.64716339111328,72.32357788085938,73.56282043457031,73.56282043457031,724914
2021-07-20,73.56282043457031,76.76419830322266,73.37349700927734,76.16178894042969,76.16178894042969,492165
2021-07-21,76.43717956542969,78.79518127441406,76.24784851074219,78.64027404785156,78.64027404785156,499892
2021-07-22,78.50257873535156,78.76075744628906,77.46987915039062,77.50430297851562,77.50430297851562,387701
2021-07-23,78.0206527709961,78.0206527709961,77.17728424072266,77.79690551757812,77.79690551757812,188825
2021-07-26,77.8485336303711,78.55421447753906,77.76248168945312,78.1755599975586,78.1755599975586,243090
2021-07-27,77.41824340820312,77.71084594726562,76.62650299072266,77.31497192382812,77.31497192382812,367250
2021-07-28,77.9001693725586,79.07056427001953,77.52151489257812,77.8657455444336,77.8657455444336,936107
2021-07-29,79.50086212158203,82.87435150146484,78.1067123413086,80.0860595703125,80.0860595703125,2145517
2021-07-30,79.8623046875,80.06884765625,78.46815490722656,78.96730041503906,78.96730041503906,1567887
2021-08-02,79.32874298095703,81.10154724121094,78.62306213378906,78.91566467285156,78.91566467285156,1409506
2021-08-03,79.15662384033203,80.84337615966797,78.1067123413086,80.56798553466797,80.56798553466797,1102854
2021-08-04,79.724609375,80.94664764404297,78.93287658691406,78.95008850097656,78.95008850097656,924022
2021-08-05,81.5662612915039,82.66781616210938,80.67125701904297,82.63339233398438,82.63339233398438,1540754
2021-08-06,83.39070892333984,84.50946807861328,81.9965591430664,82.70223999023438,82.70223999023438,2524736
2021-08-09,82.18588256835938,83.59724426269531,81.6006851196289,83.18416595458984,83.18416595458984,939826
2021-08-10,83.47676086425781,84.92254638671875,82.96041107177734,84.90533447265625,84.90533447265625,1012451
2021-08-11,85.35283660888672,86.05851745605469,84.42340850830078,85.54216766357422,85.54216766357422,1400849
2021-08-12,85.19793701171875,86.05851745605469,84.90533447265625,85.90361022949219,85.90361022949219,431683
2021-08-13,86.05851745605469,86.64371490478516,85.24957275390625,85.47332000732422,85.47332000732422,701790
2021-08-16,84.92254638671875,85.31842041015625,83.39070892333984,84.04474639892578,84.04474639892578,753441
2021-08-17,82.97762298583984,83.82099914550781,81.9449234008789,83.13253021240234,83.13253021240234,323036
2021-08-18,82.97762298583984,83.56282043457031,81.7555923461914,81.7728042602539,81.7728042602539,254013
2021-08-19,80.51634979248047,80.99827575683594,78.70912170410156,79.50086212158203,79.50086212158203,598314
2021-08-20,79.25989532470703,80.77452850341797,78.76075744628906,80.34423065185547,80.34423065185547,985144
2021-08-23,81.41136169433594,81.8416519165039,80.92943572998047,81.18760681152344,81.18760681152344,355746
2021-08-24,81.15318298339844,83.33907318115234,80.92943572998047,83.09810638427734,83.09810638427734,533532
2021-08-25,83.20137786865234,84.21686553955078,82.94319915771484,83.70051574707031,83.70051574707031,385552
2021-08-26,83.71772766113281,84.07917022705078,82.1686782836914,82.42684936523438,82.42684936523438,557528
2021-08-27,82.94319915771484,84.73321533203125,82.44406127929688,83.90705871582031,83.90705871582031,760355
2021-08-30,84.33734893798828,84.59552764892578,83.09810638427734,83.13253021240234,83.13253021240234,390606
2021-08-31,83.23580169677734,83.68330383300781,82.37521362304688,82.90877532958984,82.90877532958984,675471
2021-09-01,82.97762298583984,83.76936340332031,81.8416519165039,83.35628509521484,83.35628509521484,997984
2021-09-02,83.87263488769531,85.28399658203125,83.58003234863281,84.61273956298828,84.61273956298828,656995
2021-09-03,84.44062042236328,84.87091064453125,83.37349700927734,83.63166809082031,83.63166809082031,645084
2021-09-07,83.39070892333984,83.78657531738281,81.5490493774414,81.6006851196289,81.6006851196289,1134577
2021-09-08,81.11875915527344,81.6867446899414,79.7073974609375,81.18760681152344,81.18760681152344,501519
2021-09-09,81.18760681152344,82.25473022460938,80.74010467529297,80.77452850341797,80.77452850341797,502739
2021-09-10,79.25989532470703,80.92943572998047,79.24268341064453,79.690185546875,79.690185546875,682675
2021-09-13,80.72289276123047,80.96385192871094,79.25989532470703,80.91221618652344,80.91221618652344,686277
2021-09-14,81.5490493774414,81.7900161743164,79.724609375,80.2926025390625,80.2926025390625,538878
2021-09-15,79.896728515625,81.8588638305664,79.896728515625,81.7211685180664,81.7211685180664,739962
2021-09-16,81.39414978027344,82.0654067993164,80.37865447998047,80.43029022216797,80.43029022216797,603833
2021-09-17,80.0,80.0860595703125,77.21170043945312,77.9173812866211,77.9173812866211,2304769
2021-09-20,75.83477020263672,77.53872680664062,75.64543914794922,76.98795318603516,76.98795318603516,915540
2021-09-21,77.69363403320312,77.76248168945312,76.14457702636719,76.43717956542969,76.43717956542969,1197732
2021-09-22,77.02237701416016,78.0206527709961,76.85025787353516,77.62478637695312,77.62478637695312,1063637
2021-09-23,78.0895004272461,79.79345703125,77.55593872070312,79.17383575439453,79.17383575439453,468867
2021-09-24,78.86402893066406,79.8106689453125,78.4509506225586,79.67298126220703,79.67298126220703,710273
2021-09-27,79.7762451171875,81.5662612915039,79.53528594970703,80.36144256591797,80.36144256591797,646595
2021-09-28,80.36144256591797,80.79174041748047,79.46643829345703,80.46471405029297,80.46471405029297,744726
2021-09-29,80.77452850341797,81.34251403808594,79.8795166015625,80.06884765625,80.06884765625,962775
2021-09-30,80.309814453125,80.46471405029297,78.95008850097656,79.00172424316406,79.00172424316406,883585
2021-10-01,79.22547149658203,81.8072280883789,78.50257873535156,81.04991149902344,81.04991149902344,832980
2021-10-04,80.60240936279297,81.7039566040039,80.39586639404297,80.80895233154297,80.80895233154297,545966
2021-10-05,80.98106384277344,81.8932876586914,80.39586639404297,81.01548767089844,81.01548767089844,551079
2021-10-06,81.9793472290039,84.18244171142578,81.20481872558594,82.70223999023438,82.70223999023438,1684726
2021-10-07,83.16695404052734,83.87263488769531,82.94319915771484,83.14974212646484,83.14974212646484,665710
2021-10-08,82.96041107177734,83.66609191894531,82.75387573242188,83.42513275146484,83.42513275146484,806719
2021-10-11,83.49397277832031,83.99311828613281,81.7383804321289,81.8760757446289,81.8760757446289,482114
2021-10-12,81.8760757446289,82.78829956054688,81.7039566040039,81.8932876586914,81.8932876586914,376720
2021-10-13,81.8588638305664,82.99483489990234,81.13597106933594,82.63339233398438,82.63339233398438,498382
2021-10-14,83.63166809082031,84.75042724609375,83.09810638427734,84.66437530517578,84.66437530517578,629049
2021-10-15,85.59380340576172,87.8657455444336,85.42168426513672,87.12564849853516,87.12564849853516,1014426
2021-10-18,86.47160339355469,87.21170043945312,85.78313446044922,86.47160339355469,86.47160339355469,551834
2021-10-19,87.02237701416016,87.50430297851562,86.29948425292969,86.67813873291016,86.67813873291016,650952
2021-10-20,86.16178894042969,87.8313217163086,86.09294128417969,87.71084594726562,87.71084594726562,322978
2021-10-21,87.57315063476562,88.2788314819336,87.31497192382812,88.1755599975586,88.1755599975586,368064
2021-10-22,88.4509506225586,88.84681701660156,87.74526977539062,88.2099838256836,88.2099838256836,312404
2021-10-25,88.2271957397461,89.12220001220703,87.8313217163086,88.3821029663086,88.3821029663086,288176
2021-10-26,88.53700256347656,89.39759063720703,88.2271957397461,88.86402893066406,88.86402893066406,311648
2021-10-27,88.67469787597656,88.91566467285156,87.05680084228516,87.22891235351562,87.22891235351562,320770
2021-10-28,87.24612426757812,89.56970977783203,87.24612426757812,88.79518127441406,88.79518127441406,630269
2021-10-29,88.53700256347656,89.46643829345703,88.1239242553711,88.84681701660156,88.84681701660156,597384
2021-11-01,89.13941192626953,90.87779998779297,88.91566467285156,90.034423828125,90.034423828125,458641
2021-11-02,90.1549072265625,91.32530212402344,89.7073974609375,91.03269958496094,91.03269958496094,622948
2021-11-03,90.77452850341797,91.15318298339844,90.034423828125,90.79174041748047,90.79174041748047,631315
2021-11-04,91.22203063964844,93.45954895019531,89.60413360595703,90.79174041748047,90.79174041748047,742983
2021-11-05,93.16695404052734,94.09638977050781,90.99827575683594,91.17039489746094,91.17039489746094,890731
2021-11-08,92.25473022460938,92.65060424804688,90.67125701904297,90.96385192871094,90.96385192871094,819559
2021-11-09,90.94664764404297,91.48020935058594,89.24268341064453,89.50086212158203,89.50086212158203,981658
2021-11-10,89.10498809814453,89.8450927734375,87.52151489257812,87.72805786132812,87.72805786132812,517206
2021-11-11,88.1583480834961,88.65748596191406,87.46987915039062,87.8657455444336,87.8657455444336,601567
2021-11-12,88.0206527709961,89.51807403564453,87.45266723632812,89.44922637939453,89.44922637939453,1763567
2021-11-15,89.93115234375,90.103271484375,89.03614807128906,89.79345703125,89.79345703125,262728
2021-11-16,89.51807403564453,90.48192596435547,88.84681701660156,89.05335235595703,89.05335235595703,894566
2021-11-17,88.62306213378906,88.67469787597656,87.71084594726562,88.4337387084961,88.4337387084961,323791
2021-11-18,88.4165267944336,89.12220001220703,87.12564849853516,87.74526977539062,87.74526977539062,359581
2021-11-19,87.17728424072266,87.8485336303711,86.85025787353516,86.86746978759766,86.86746978759766,321642
2021-11-22,86.97074127197266,88.86402893066406,86.57486724853516,87.34939575195312,87.34939575195312,432961
2021-11-23,87.9173812866211,87.9173812866211,86.86746978759766,87.26333618164062,87.26333618164062,460965
2021-11-24,86.36833190917969,87.00516510009766,85.30120849609375,86.12736511230469,86.12736511230469,305722
2021-11-26,83.76936340332031,84.16522979736328,82.25473022460938,83.47676086425781,83.47676086425781,410593
2021-11-29,84.71600341796875,84.88812255859375,82.61618041992188,82.90877532958984,82.90877532958984,621380
2021-11-30,81.9449234008789,82.61618041992188,79.05335235595703,79.93115234375,79.93115234375,1257516
2021-12-01,81.49742126464844,81.7900161743164,77.05680084228516,77.10843658447266,77.10843658447266,584196
2021-12-02,77.19448852539062,79.690185546875,76.98795318603516,79.13941192626953,79.13941192626953,1006989
2021-12-03,79.34595489501953,79.50086212158203,75.98966979980469,77.26333618164062,77.26333618164062,1592870
2021-12-06,78.3304672241211,80.32701873779297,76.98795318603516,78.91566467285156,78.91566467285156,827983
2021-12-07,79.93115234375,81.20481872558594,79.38037872314453,80.34423065185547,80.34423065185547,430637
2021-12-08,80.49913787841797,80.67125701904297,79.9827880859375,80.1204833984375,80.1204833984375,655194
2021-12-09,79.51807403564453,80.275390625,78.82960510253906,78.86402893066406,78.86402893066406,347264
2021-12-10,78.93287658691406,79.44922637939453,77.59036254882812,78.1927719116211,78.1927719116211,594537
2021-12-13,78.0034408569336,78.2960433959961,76.71256256103516,77.10843658447266,77.10843658447266,496116
2021-12-14,76.29948425292969,77.36660766601562,76.19621276855469,76.59208679199219,76.59208679199219,754080
2021-12-15,76.62650299072266,77.22891235351562,75.35283660888672,76.95352935791016,76.95352935791016,649209
2021-12-16,77.62478637695312,77.9173812866211,74.73321533203125,75.43889617919922,75.43889617919922,736534
2021-12-17,75.19793701171875,76.83304595947266,74.11359405517578,75.74871063232422,75.74871063232422,1506126
2021-12-20,74.19965362548828,74.57831573486328,72.22030639648438,73.90705871582031,73.90705871582031,883875
2021-12-21,74.95697021484375,78.60585021972656,74.87091064453125,77.76248168945312,77.76248168945312,1072875
2021-12-22,77.9690170288086,78.3476791381836,77.00516510009766,77.07401275634766,77.07401275634766,319376
2021-12-23,77.29776000976562,78.3304672241211,77.07401275634766,77.71084594726562,77.71084594726562,285794
2021-12-27,77.74526977539062,79.29431915283203,77.53872680664062,79.08778381347656,79.08778381347656,946681
2021-12-28,78.74354553222656,80.1549072265625,78.74354553222656,79.36316680908203,79.36316680908203,884631
2021-12-29,78.91566467285156,79.9827880859375,78.82960510253906,79.724609375,79.724609375,313566
2021-12-30,79.8450927734375,80.37865447998047,79.34595489501953,79.39759063720703,79.39759063720703,248261
2021-12-31,79.00172424316406,79.67298126220703,78.82960510253906,79.12220001220703,79.12220001220703,274464
2022-01-03,79.25989532470703,80.39586639404297,78.84681701660156,79.93115234375,79.93115234375,737173
2022-01-04,80.74010467529297,81.8588638305664,80.36144256591797,80.84337615966797,80.84337615966797,814330
2022-01-05,81.22203063964844,81.9449234008789,78.81239318847656,78.88124084472656,78.88124084472656,368586
2022-01-06,78.74354553222656,79.17383575439453,77.17728424072266,78.0550765991211,78.0550765991211,822754
2022-01-07,77.67642211914062,78.2099838256836,76.62650299072266,77.10843658447266,77.10843658447266,408094
2022-01-10,76.48881530761719,76.69535064697266,75.26678466796875,76.48881530761719,76.48881530761719,642179
2022-01-11,76.71256256103516,78.69190979003906,75.76592254638672,78.2788314819336,78.2788314819336,486181
2022-01-12,78.82960510253906,79.31153106689453,76.86746978759766,77.59036254882812,77.59036254882812,1365350
2022-01-13,77.76248168945312,78.77796936035156,77.22891235351562,77.45266723632812,77.45266723632812,520692
2022-01-14,76.09294128417969,76.81583404541016,75.66265106201172,76.54045104980469,76.54045104980469,970328
2022-01-18,76.43717956542969,76.66092681884766,75.55937957763672,75.92082977294922,75.92082977294922,774124
2022-01-19,76.26506042480469,77.12564849853516,74.68157958984375,75.95525360107422,75.95525360107422,512965
2022-01-20,76.54045104980469,76.90189361572266,74.54389190673828,74.57831573486328,74.57831573486328,730840
2022-01-21,74.02754211425781,74.42340850830078,72.92598724365234,73.06368255615234,73.06368255615234,538703
2022-01-24,71.8244400024414,74.01033020019531,70.2237548828125,73.71772766113281,73.71772766113281,721718
2022-01-25,72.27194213867188,73.66609191894531,71.17039489746094,73.01204681396484,73.01204681396484,735837
2022-01-26,73.95869445800781,74.40619659423828,70.34423065185547,70.56798553466797,70.56798553466797,978462
2022-01-27,70.77452850341797,71.9277114868164,69.19104766845703,69.51807403564453,69.51807403564453,695225
2022-01-28,68.64027404785156,69.7073974609375,67.9173812866211,69.690185546875,69.690185546875,872662
2022-01-31,69.51807403564453,70.80895233154297,69.01893615722656,70.77452850341797,70.77452850341797,882539
2022-02-01,71.37693786621094,72.40963745117188,70.58519744873047,72.35800170898438,72.35800170898438,904559
2022-02-02,72.22030639648438,72.70223999023438,71.5490493774414,72.22030639648438,72.22030639648438,524411
2022-02-03,71.7039566040039,72.0654067993164,69.7762451171875,69.8106689453125,69.8106689453125,446557
2022-02-04,69.07056427001953,71.01548767089844,68.88124084472656,70.70568084716797,70.70568084716797,1160025
2022-02-07,70.77452850341797,71.51463317871094,70.172119140625,70.87779998779297,70.87779998779297,708297
2022-02-08,69.690185546875,72.28915405273438,69.48365020751953,72.0481948852539,72.0481948852539,658505
2022-02-09,73.20137786865234,73.83821105957031,72.97762298583984,73.14974212646484,73.14974212646484,887129
2022-02-10,72.0137710571289,73.54560852050781,71.37693786621094,71.7728042602539,71.7728042602539,445162
2022-02-11,72.0826187133789,72.42684936523438,69.46643829345703,70.0172119140625,70.0172119140625,610980
2022-02-14,70.20654296875,71.01548767089844,69.9827880859375,70.72289276123047,70.72289276123047,1384291
2022-02-15,71.5490493774414,73.20137786865234,71.5490493774414,72.37521362304688,72.37521362304688,873185
2022-02-16,72.1170425415039,73.35628509521484,71.6351089477539,72.99483489990234,72.99483489990234,566649
2022-02-17,72.0137710571289,72.44406127929688,71.48020935058594,71.7728042602539,71.7728042602539,695050
2022-02-18,71.8588638305664,72.47848510742188,70.63683319091797,71.13597106933594,71.13597106933594,558632
2022-02-22,71.6178970336914,74.13080596923828,71.10154724121094,72.1342544555664,72.1342544555664,1178152
2022-02-23,71.9965591430664,73.20137786865234,70.79174041748047,71.7900161743164,71.7900161743164,1066135
2022-02-24,69.896728515625,72.75387573242188,69.41480255126953,72.53012084960938,72.53012084960938,728748
2022-02-25,72.59896850585938,73.58003234863281,71.5662612915039,73.11531829833984,73.11531829833984,779760
2022-02-28,71.03269958496094,72.18588256835938,68.2616195678711,69.20825958251953,69.20825958251953,1492880
2022-03-01,69.24268341064453,69.38037872314453,67.03958892822266,67.52151489257812,67.52151489257812,928787
2022-03-02,68.1411361694336,70.2237548828125,67.9690170288086,69.43201446533203,69.43201446533203,1398002
2022-03-03,70.0172119140625,70.0172119140625,67.64199829101562,68.84681701660156,68.84681701660156,705799
2022-03-04,67.64199829101562,67.9518051147461,66.48881530761719,66.95352935791016,66.95352935791016,556424
2022-03-07,66.91910552978516,66.91910552978516,62.461273193359375,62.512908935546875,62.512908935546875,1361806
2022-03-08,62.78829574584961,66.59208679199219,61.37693786621094,64.14801788330078,64.14801788330078,1117728
2022-03-09,65.59380340576172,66.55765533447266,65.00860595703125,66.11015319824219,66.11015319824219,797074
2022-03-10,64.78485107421875,65.73149871826172,64.78485107421875,65.69707489013672,65.69707489013672,644678
2022-03-11,66.69535064697266,67.00516510009766,63.184165954589844,63.253013610839844,63.253013610839844,604414
2022-03-14,63.51118850708008,64.04474639892578,61.876075744628906,62.06540298461914,62.06540298461914,931343
2022-03-15,62.03097915649414,64.42340850830078,61.790016174316406,64.38898468017578,64.38898468017578,902816
2022-03-16,65.24957275390625,69.08778381347656,65.24957275390625,68.77796936035156,68.77796936035156,1230151
2022-03-17,68.0206527709961,70.0172119140625,68.0206527709961,69.13941192626953,69.13941192626953,614001
2022-03-18,68.72633361816406,69.7073974609375,68.3304672241211,69.00172424316406,69.00172424316406,1517979
2022-03-21,68.48536682128906,69.29431915283203,67.77969360351562,68.3132553100586,68.3132553100586,691622
2022-03-22,68.69190979003906,70.43029022216797,68.55421447753906,69.7762451171875,69.7762451171875,589715
2022-03-23,69.50086212158203,69.965576171875,68.58863830566406,68.74354553222656,68.74354553222656,510989
2022-03-24,69.34595489501953,69.34595489501953,67.81411743164062,68.48536682128906,68.48536682128906,392001
2022-03-25,68.77796936035156,69.41480255126953,68.2616195678711,68.96730041503906,68.96730041503906,967423
2022-03-28,68.98451232910156,68.98451232910156,66.95352935791016,67.9345932006836,67.9345932006836,453703
2022-03-29,68.95008850097656,70.46471405029297,68.95008850097656,70.2237548828125,70.2237548828125,495128
2022-03-30,69.8106689453125,70.034423828125,69.29431915283203,69.31153106689453,69.31153106689453,332797
2022-03-31,68.89845275878906,69.43201446533203,68.4509506225586,68.48536682128906,68.48536682128906,696154
2022-04-01,69.29431915283203,70.75731658935547,69.08778381347656,69.8623046875,69.8623046875,1110465
2022-04-04,69.8795166015625,69.93115234375,66.91910552978516,67.22891235351562,67.22891235351562,1715867
2022-04-05,59.150001525878906,71.95999908447266,59.150001525878906,70.44999694824219,70.44999694824219,2578800
2022-04-06,67.52999877929688,69.5999984741211,67.04000091552734,69.12000274658203,69.12000274658203,1232600
2022-04-07,69.41999816894531,69.98999786376953,66.33999633789062,67.3499984741211,67.3499984741211,1204100
2022-04-08,67.08000183105469,69.20999908447266,66.30000305175781,68.29000091552734,68.29000091552734,821400
2022-04-11,68.12999725341797,70.22000122070312,67.02999877929688,68.37999725341797,68.37999725341797,1487800
2022-04-12,68.5,70.61000061035156,67.91000366210938,68.2699966430664,68.2699966430664,813700
2022-04-13,68.55000305175781,70.9000015258789,67.87000274658203,70.0,70.0,1251600
2022-04-14,70.30000305175781,70.98999786376953,69.05999755859375,69.16999816894531,69.16999816894531,890100
2022-04-18,69.18000030517578,69.87000274658203,66.7300033569336,67.0,67.0,867600
2022-04-19,67.0,70.77999877929688,67.0,70.36000061035156,70.36000061035156,857000
2022-04-20,70.66000366210938,72.12999725341797,70.25,70.47000122070312,70.47000122070312,525400
2022-04-21,70.3499984741211,71.23999786376953,67.83000183105469,68.33000183105469,68.33000183105469,487800
2022-04-22,67.72000122070312,68.1500015258789,66.48999786376953,67.0,67.0,720000
2022-04-25,66.7300033569336,67.52999877929688,65.20999908447266,67.31999969482422,67.31999969482422,484300
2022-04-26,67.30000305175781,67.62999725341797,66.13999938964844,66.51000213623047,66.51000213623047,713700
2022-04-27,66.25,67.05000305175781,64.6500015258789,64.93000030517578,64.93000030517578,399500
2022-04-28,65.4800033569336,66.56999969482422,64.94000244140625,66.37000274658203,66.37000274658203,366100
2022-04-29,66.05000305175781,66.97000122070312,64.77999877929688,64.87000274658203,64.87000274658203,307800
2022-05-02,65.0199966430664,66.06999969482422,63.849998474121094,65.0999984741211,65.0999984741211,362800
2022-05-03,64.87999725341797,66.70999908447266,64.87999725341797,65.87999725341797,65.87999725341797,235500
2022-05-04,65.81999969482422,67.62000274658203,64.72000122070312,67.55999755859375,67.55999755859375,222700
2022-05-05,67.12999725341797,67.12999725341797,64.66000366210938,65.5,65.5,535900
2022-05-06,65.2699966430664,65.2699966430664,63.720001220703125,64.94000244140625,64.94000244140625,404200
2022-05-09,64.16999816894531,64.95999908447266,60.22999954223633,60.369998931884766,60.369998931884766,604200
2022-05-10,62.38999938964844,64.43000030517578,60.93000030517578,63.84000015258789,63.84000015258789,937400
2022-05-11,63.33000183105469,65.98999786376953,62.95000076293945,63.439998626708984,63.439998626708984,433700
2022-05-12,63.59000015258789,63.75,61.880001068115234,62.90999984741211,62.90999984741211,351500
2022-05-13,62.59000015258789,64.80000305175781,61.72999954223633,63.939998626708984,63.939998626708984,320800
2022-05-16,64.13999938964844,64.13999938964844,62.5,63.439998626708984,63.439998626708984,233600
2022-05-17,64.97000122070312,66.8499984741211,64.81999969482422,66.69999694824219,66.69999694824219,511100
2022-05-18,65.97000122070312,66.25,64.25,64.72000122070312,64.72000122070312,242300
2022-05-19,63.959999084472656,66.80000305175781,63.099998474121094,66.2699966430664,66.2699966430664,306000
2022-05-20,66.94000244140625,67.48999786376953,63.84000015258789,65.0,65.0,373100
2022-05-23,65.37000274658203,65.7699966430664,64.54000091552734,64.94999694824219,64.94999694824219,539700
2022-05-24,64.76000213623047,64.76000213623047,62.849998474121094,63.939998626708984,63.939998626708984,239200
2022-05-25,63.900001525878906,64.62000274658203,63.400001525878906,63.849998474121094,63.849998474121094,199000
2022-05-26,64.41999816894531,65.25,64.05999755859375,64.8499984741211,64.8499984741211,489100
2022-05-27,65.0,66.81999969482422,64.9000015258789,66.81999969482422,66.81999969482422,336400
2022-05-31,66.9800033569336,66.9800033569336,65.4800033569336,66.33999633789062,66.33999633789062,345600
2022-06-01,66.95999908447266,67.61000061035156,65.18000030517578,66.72000122070312,66.72000122070312,396000
2022-06-02,66.9000015258789,67.43000030517578,65.5999984741211,67.41999816894531,67.41999816894531,460700
2022-06-03,67.30000305175781,68.1500015258789,65.87999725341797,66.16999816894531,66.16999816894531,231600
2022-06-06,67.5,67.5,66.16999816894531,66.87999725341797,66.87999725341797,254800
2022-06-07,66.18000030517578,67.31999969482422,66.12999725341797,67.27999877929688,67.27999877929688,300500
2022-06-08,66.31999969482422,67.2300033569336,65.8499984741211,66.01000213623047,66.01000213623047,272300
2022-06-09,65.75,66.16999816894531,64.79000091552734,64.81999969482422,64.81999969482422,158100
2022-06-10,63.45000076293945,63.970001220703125,62.5,62.79999923706055,62.79999923706055,206500
2022-06-13,61.439998626708984,61.599998474121094,60.13999938964844,61.560001373291016,61.560001373291016,446800
2022-06-14,61.40999984741211,61.7599983215332,60.040000915527344,60.310001373291016,60.310001373291016,371900
2022-06-15,61.130001068115234,62.18000030517578,60.5099983215332,61.20000076293945,61.20000076293945,341800
2022-06-16,59.900001525878906,59.900001525878906,57.029998779296875,57.15999984741211,57.15999984741211,545900
2022-06-17,57.720001220703125,58.5099983215332,56.36000061035156,56.47999954223633,56.47999954223633,1308100
2022-06-21,56.810001373291016,57.56999969482422,55.790000915527344,55.84000015258789,55.84000015258789,449900
2022-06-22,54.59000015258789,56.11000061035156,54.43000030517578,55.2599983215332,55.2599983215332,504800
2022-06-23,55.13999938964844,55.709999084472656,54.790000915527344,55.400001525878906,55.400001525878906,482600
2022-06-24,55.81999969482422,58.7599983215332,55.81999969482422,58.2599983215332,58.2599983215332,842300
2022-06-27,58.93000030517578,59.38999938964844,57.54999923706055,58.9900016784668,58.9900016784668,454700
2022-06-28,58.540000915527344,59.599998474121094,56.38999938964844,56.47999954223633,56.47999954223633,322000
2022-06-29,56.43000030517578,56.5099983215332,55.34000015258789,55.66999816894531,55.66999816894531,352300
2022-06-30,54.90999984741211,55.720001220703125,54.33000183105469,55.0,55.0,426800
2022-07-01,54.93000030517578,56.40999984741211,54.4900016784668,56.0,56.0,394500
2022-07-05,55.880001068115234,56.150001525878906,53.529998779296875,55.61000061035156,55.61000061035156,534300
2022-07-06,55.470001220703125,56.88999938964844,54.939998626708984,55.119998931884766,55.119998931884766,793900
2022-07-07,55.540000915527344,56.27000045776367,55.380001068115234,56.220001220703125,56.220001220703125,421200
2022-07-08,56.43000030517578,56.630001068115234,55.5,55.54999923706055,55.54999923706055,256300
2022-07-11,54.900001525878906,55.0099983215332,54.029998779296875,54.2599983215332,54.2599983215332,255200
2022-07-12,53.91999816894531,55.45000076293945,53.790000915527344,54.0,54.0,330300
2022-07-13,52.91999816894531,53.709999084472656,52.27000045776367,53.630001068115234,53.630001068115234,247000
2022-07-14,53.08000183105469,53.7400016784668,52.4900016784668,53.59000015258789,53.59000015258789,251500
2022-07-15,54.619998931884766,54.7400016784668,53.63999938964844,54.310001373291016,54.310001373291016,352600
2022-07-18,55.31999969482422,55.630001068115234,53.959999084472656,54.0099983215332,54.0099983215332,298600
2022-07-19,55.369998931884766,57.0,55.08000183105469,56.849998474121094,56.849998474121094,407800
2022-07-20,56.83000183105469,58.040000915527344,56.779998779296875,57.86000061035156,57.86000061035156,250600
2022-07-21,57.91999816894531,58.18000030517578,57.04999923706055,58.060001373291016,58.060001373291016,219100
2022-07-22,57.599998474121094,58.529998779296875,57.150001525878906,57.709999084472656,57.709999084472656,217900
2022-07-25,57.63999938964844,57.970001220703125,56.97999954223633,57.70000076293945,57.70000076293945,300900
2022-07-26,57.68000030517578,58.04999923706055,57.150001525878906,57.34000015258789,57.34000015258789,284900
2022-07-27,57.90999984741211,58.9900016784668,57.599998474121094,58.77000045776367,58.77000045776367,228600
2022-07-28,58.77000045776367,59.43000030517578,58.02000045776367,59.380001068115234,59.380001068115234,295000
2022-07-29,59.5099983215332,59.93000030517578,58.86000061035156,59.720001220703125,59.720001220703125,281800
2022-08-01,59.540000915527344,60.040000915527344,58.72999954223633,59.689998626708984,59.689998626708984,248700
2022-08-02,59.650001525878906,60.130001068115234,59.06999969482422,59.47999954223633,59.47999954223633,160000
2022-08-03,59.79999923706055,59.970001220703125,58.97999954223633,59.38999938964844,59.38999938964844,546100
2022-08-04,58.810001373291016,60.59000015258789,57.11000061035156,57.16999816894531,57.16999816894531,626600
2022-08-05,56.720001220703125,59.34000015258789,56.5099983215332,58.41999816894531,58.41999816894531,293500
2022-08-08,58.38999938964844,59.45000076293945,57.9900016784668,58.040000915527344,58.040000915527344,441700
2022-08-09,57.75,58.29999923706055,56.54999923706055,56.77000045776367,56.77000045776367,212200
2022-08-10,57.56999969482422,58.06999969482422,56.86000061035156,57.869998931884766,57.869998931884766,365000
2022-08-11,58.0,59.290000915527344,58.0,58.560001373291016,58.560001373291016,416000
2022-08-12,58.61000061035156,59.95000076293945,58.61000061035156,59.84000015258789,59.84000015258789,168400
2022-08-15,59.630001068115234,60.29999923706055,59.47999954223633,60.099998474121094,60.099998474121094,316100
2022-08-16,60.11000061035156,60.15999984741211,59.29999923706055,59.470001220703125,59.470001220703125,336600
2022-08-17,59.02000045776367,59.02000045776367,57.93000030517578,58.04999923706055,58.04999923706055,329100
2022-08-18,57.939998626708984,57.939998626708984,57.119998931884766,57.869998931884766,57.869998931884766,195500
2022-08-19,57.33000183105469,57.959999084472656,55.02000045776367,55.34000015258789,55.34000015258789,378600
2022-08-22,54.22999954223633,54.22999954223633,52.560001373291016,52.65999984741211,52.65999984741211,500500
2022-08-23,52.68000030517578,53.75,52.630001068115234,52.88999938964844,52.88999938964844,256700
2022-08-24,52.939998626708984,53.58000183105469,52.650001525878906,53.2400016784668,53.2400016784668,290500
2022-08-25,53.27000045776367,54.59000015258789,53.27000045776367,54.560001373291016,54.560001373291016,247600
2022-08-26,54.77000045776367,54.880001068115234,52.13999938964844,52.29999923706055,52.29999923706055,303700
2022-08-29,51.650001525878906,52.369998931884766,51.310001373291016,51.849998474121094,51.849998474121094,239000
2022-08-30,52.279998779296875,52.279998779296875,51.130001068115234,51.34000015258789,51.34000015258789,206500
2022-08-31,51.31999969482422,51.41999816894531,50.540000915527344,50.650001525878906,50.650001525878906,368200
2022-09-01,49.93000030517578,49.97999954223633,48.68000030517578,49.59000015258789,49.59000015258789,556600
2022-09-02,50.150001525878906,50.54999923706055,48.93000030517578,48.9900016784668,48.9900016784668,383600
2022-09-06,49.369998931884766,49.7599983215332,48.11000061035156,48.63999938964844,48.63999938964844,438100
2022-09-07,48.20000076293945,49.63999938964844,47.72999954223633,49.599998474121094,49.599998474121094,566500
2022-09-08,49.11000061035156,50.560001373291016,48.66999816894531,50.540000915527344,50.540000915527344,465100
2022-09-09,51.0,51.560001373291016,50.560001373291016,51.54999923706055,51.54999923706055,499600
2022-09-12,52.40999984741211,54.959999084472656,52.29999923706055,54.650001525878906,54.650001525878906,764500
2022-09-13,53.150001525878906,53.650001525878906,51.7599983215332,51.95000076293945,51.95000076293945,465000
2022-09-14,51.849998474121094,52.849998474121094,51.25,52.77000045776367,52.77000045776367,475500
2022-09-15,52.56999969482422,53.91999816894531,52.279998779296875,52.599998474121094,52.599998474121094,436200
2022-09-16,52.099998474121094,52.099998474121094,50.540000915527344,51.290000915527344,51.290000915527344,881400
2022-09-19,50.689998626708984,52.029998779296875,50.689998626708984,51.849998474121094,51.849998474121094,277900
2022-09-20,51.25,52.29999923706055,51.09000015258789,51.84000015258789,51.84000015258789,614100
2022-09-21,51.970001220703125,52.400001525878906,50.689998626708984,50.849998474121094,50.849998474121094,636600
2022-09-22,50.849998474121094,50.849998474121094,49.099998474121094,49.27000045776367,49.27000045776367,500600
2022-09-23,48.630001068115234,48.77000045776367,46.79999923706055,48.060001373291016,48.060001373291016,593600
2022-09-26,47.68000030517578,48.540000915527344,47.2400016784668,47.2599983215332,47.2599983215332,386000
2022-09-27,47.869998931884766,47.869998931884766,45.880001068115234,46.25,46.25,592400
2022-09-28,46.84000015258789,47.93000030517578,46.529998779296875,47.5,47.5,517500
2022-09-29,46.630001068115234,47.119998931884766,45.400001525878906,46.93000030517578,46.93000030517578,618800
2022-09-30,47.2599983215332,47.900001525878906,46.0,46.06999969482422,46.06999969482422,549100
2022-10-03,46.7400016784668,48.2400016784668,46.16999816894531,47.540000915527344,47.540000915527344,538000
2022-10-04,48.34000015258789,49.16999816894531,48.34000015258789,49.0,49.0,772600
2022-10-05,48.25,49.0,47.90999984741211,48.77000045776367,48.77000045776367,553500
2022-10-06,48.439998626708984,48.97999954223633,47.720001220703125,47.86000061035156,47.86000061035156,342800
2022-10-07,47.220001220703125,47.220001220703125,45.849998474121094,45.93000030517578,45.93000030517578,461200
2022-10-10,46.06999969482422,46.150001525878906,44.77000045776367,44.86000061035156,44.86000061035156,306200
2022-10-11,45.11000061035156,45.72999954223633,44.310001373291016,44.83000183105469,44.83000183105469,725000
2022-10-12,45.220001220703125,45.439998626708984,44.31999969482422,45.08000183105469,45.08000183105469,642800
2022-10-13,44.209999084472656,46.79999923706055,43.880001068115234,46.34000015258789,46.34000015258789,738700
2022-10-14,46.689998626708984,47.029998779296875,44.84000015258789,44.97999954223633,44.97999954223633,539700
2022-10-17,46.02000045776367,47.70000076293945,46.02000045776367,47.529998779296875,47.529998779296875,384500
2022-10-18,47.810001373291016,48.9900016784668,47.459999084472656,47.63999938964844,47.63999938964844,493900
2022-10-19,47.349998474121094,47.349998474121094,46.0,46.45000076293945,46.45000076293945,326800
2022-10-20,46.650001525878906,47.41999816894531,45.95000076293945,46.060001373291016,46.060001373291016,305200
2022-10-21,46.0,47.34000015258789,45.5,47.040000915527344,47.040000915527344,325900
2022-10-24,47.2400016784668,47.81999969482422,46.970001220703125,47.5,47.5,358600
2022-10-25,47.63999938964844,48.970001220703125,47.63999938964844,48.56999969482422,48.56999969482422,275500
2022-10-26,48.52000045776367,50.47999954223633,48.5099983215332,49.77000045776367,49.77000045776367,475600
2022-10-27,50.189998626708984,50.470001220703125,48.869998931884766,48.97999954223633,48.97999954223633,231500
2022-10-28,49.349998474121094,50.119998931884766,49.04999923706055,50.06999969482422,50.06999969482422,560800
2022-10-31,50.130001068115234,50.380001068115234,49.15999984741211,49.45000076293945,49.45000076293945,723900
2022-11-01,49.70000076293945,49.939998626708984,47.029998779296875,49.54999923706055,49.54999923706055,729200
2022-11-02,48.63999938964844,49.939998626708984,47.18000030517578,47.86000061035156,47.86000061035156,963900
2022-11-03,46.45000076293945,51.5099983215332,46.02000045776367,51.099998474121094,51.099998474121094,741200
2022-11-04,51.970001220703125,52.59000015258789,50.599998474121094,51.599998474121094,51.599998474121094,508200
2022-11-07,51.5099983215332,53.43000030517578,51.31999969482422,53.22999954223633,53.22999954223633,404000
2022-11-08,53.68000030517578,54.060001373291016,52.439998626708984,52.720001220703125,52.720001220703125,443400
2022-11-09,52.34000015258789,52.34000015258789,51.529998779296875,51.849998474121094,51.849998474121094,603700
2022-11-10,53.52000045776367,55.90999984741211,53.52000045776367,55.189998626708984,55.189998626708984,301100
2022-11-11,55.7400016784668,56.470001220703125,55.13999938964844,55.7599983215332,55.7599983215332,473100
2022-11-14,55.16999816894531,55.66999816894531,53.72999954223633,53.91999816894531,53.91999816894531,322300
2022-11-15,54.86000061035156,55.150001525878906,53.79999923706055,54.630001068115234,54.630001068115234,612500
2022-11-16,54.380001068115234,55.65999984741211,53.630001068115234,55.13999938964844,55.13999938964844,438100
2022-11-17,54.290000915527344,54.90999984741211,53.70000076293945,54.849998474121094,54.849998474121094,278400
2022-11-18,55.529998779296875,55.560001373291016,54.619998931884766,54.779998779296875,54.779998779296875,152200
2022-11-21,54.5,54.959999084472656,54.0099983215332,54.290000915527344,54.290000915527344,178700
2022-11-22,54.70000076293945,54.939998626708984,54.33000183105469,54.790000915527344,54.790000915527344,212700
2022-11-23,54.77000045776367,55.720001220703125,54.310001373291016,54.9900016784668,54.9900016784668,195400
2022-11-25,54.70000076293945,55.54999923706055,54.70000076293945,55.459999084472656,55.459999084472656,116000
2022-11-28,54.91999816894531,54.91999816894531,52.81999969482422,52.84000015258789,52.84000015258789,293000
2022-11-29,52.7599983215332,53.650001525878906,52.540000915527344,53.290000915527344,53.290000915527344,254900
2022-11-30,53.220001220703125,54.150001525878906,52.5,54.130001068115234,54.130001068115234,606000
2022-12-01,55.09000015258789,56.529998779296875,54.91999816894531,56.5099983215332,56.5099983215332,465000
2022-12-02,55.900001525878906,57.45000076293945,55.560001373291016,57.43000030517578,57.43000030517578,354100
2022-12-05,57.400001525878906,57.400001525878906,56.2400016784668,56.45000076293945,56.45000076293945,318200
2022-12-06,56.11000061035156,56.560001373291016,53.88999938964844,54.63999938964844,54.63999938964844,516600
2022-12-07,54.279998779296875,54.970001220703125,54.09000015258789,54.189998626708984,54.189998626708984,276900
2022-12-08,54.41999816894531,54.790000915527344,54.029998779296875,54.290000915527344,54.290000915527344,250100
2022-12-09,54.290000915527344,54.540000915527344,53.65999984741211,53.95000076293945,53.95000076293945,219400
2022-12-12,54.060001373291016,54.7599983215332,53.86000061035156,54.720001220703125,54.720001220703125,231100
2022-12-13,56.0,56.63999938964844,55.34000015258789,55.630001068115234,55.630001068115234,243800
2022-12-14,55.279998779296875,56.439998626708984,54.91999816894531,55.2400016784668,55.2400016784668,171600
2022-12-15,54.25,54.52000045776367,53.68000030517578,53.93000030517578,53.93000030517578,354000
2022-12-16,53.20000076293945,53.79999923706055,52.2400016784668,52.29999923706055,52.29999923706055,831600
2022-12-19,52.27000045776367,52.7400016784668,51.599998474121094,52.150001525878906,52.150001525878906,329700
2022-12-20,52.189998626708984,52.959999084472656,51.900001525878906,52.36000061035156,52.36000061035156,216300
2022-12-21,52.83000183105469,52.900001525878906,52.189998626708984,52.88999938964844,52.88999938964844,470700
2022-12-22,52.29999923706055,52.86000061035156,51.4900016784668,52.77000045776367,52.77000045776367,236800
2022-12-23,52.810001373291016,53.0,52.36000061035156,52.86000061035156,52.86000061035156,100200
2022-12-27,52.810001373291016,53.36000061035156,52.2599983215332,53.11000061035156,53.11000061035156,117400
2022-12-28,53.09000015258789,53.38999938964844,51.939998626708984,52.02000045776367,52.02000045776367,181500
2022-12-29,52.380001068115234,54.279998779296875,52.380001068115234,54.2400016784668,54.2400016784668,147700
2022-12-30,53.75,53.97999954223633,53.150001525878906,53.52000045776367,53.52000045776367,164900
2023-01-03,54.47999954223633,54.900001525878906,53.7599983215332,54.400001525878906,54.400001525878906,383500
2023-01-04,54.790000915527344,56.86000061035156,54.7599983215332,56.43000030517578,56.43000030517578,412700
2023-01-05,55.40999984741211,57.7400016784668,55.369998931884766,57.06999969482422,57.06999969482422,460900
2023-01-06,57.68000030517578,58.939998626708984,57.209999084472656,58.150001525878906,58.150001525878906,343900
2023-01-09,58.650001525878906,59.470001220703125,58.060001373291016,58.5,58.5,291900
2023-01-10,58.900001525878906,59.150001525878906,57.72999954223633,57.790000915527344,57.790000915527344,272800
2023-01-11,58.349998474121094,59.529998779296875,58.0099983215332,59.41999816894531,59.41999816894531,316000
2023-01-12,59.56999969482422,60.220001220703125,59.060001373291016,60.04999923706055,60.04999923706055,266400
2023-01-13,59.599998474121094,59.970001220703125,58.59000015258789,59.099998474121094,59.099998474121094,482200
2023-01-17,58.7599983215332,59.0,57.20000076293945,57.91999816894531,57.91999816894531,396700
2023-01-18,58.36000061035156,59.68000030517578,57.83000183105469,58.369998931884766,58.369998931884766,373400
2023-01-19,58.130001068115234,59.40999984741211,58.04999923706055,58.7599983215332,58.7599983215332,477600
2023-01-20,59.15999984741211,59.630001068115234,58.65999984741211,59.630001068115234,59.630001068115234,260200
2023-01-23,59.91999816894531,61.02000045776367,59.619998931884766,60.959999084472656,60.959999084472656,340100
2023-01-24,60.470001220703125,60.599998474121094,59.849998474121094,60.540000915527344,60.540000915527344,201500
2023-01-25,59.81999969482422,60.97999954223633,59.349998474121094,60.900001525878906,60.900001525878906,210500
2023-01-26,61.279998779296875,62.470001220703125,61.099998474121094,62.40999984741211,62.40999984741211,301500
2023-01-27,62.33000183105469,63.25,61.7599983215332,62.63999938964844,62.63999938964844,230100
2023-01-30,62.150001525878906,62.34000015258789,59.900001525878906,60.08000183105469,60.08000183105469,516800
2023-01-31,60.439998626708984,63.08000183105469,60.310001373291016,62.95000076293945,62.95000076293945,536300
2023-02-01,62.75,64.93000030517578,62.75,64.47000122070312,64.47000122070312,388800
2023-02-02,65.0,66.70999908447266,65.0,65.91999816894531,65.91999816894531,311200
2023-02-03,65.37000274658203,65.97000122070312,64.95999908447266,65.25,65.25,316400
2023-02-06,64.80000305175781,65.05999755859375,62.900001525878906,62.970001220703125,62.970001220703125,268600
2023-02-07,62.779998779296875,64.0,62.52000045776367,63.86000061035156,63.86000061035156,197700
2023-02-08,63.52000045776367,64.06999969482422,63.20000076293945,63.22999954223633,63.22999954223633,118000
2023-02-09,63.63999938964844,63.93000030517578,62.349998474121094,62.66999816894531,62.66999816894531,211800
2023-02-10,62.290000915527344,62.5099983215332,61.689998626708984,62.36000061035156,62.36000061035156,156800
2023-02-13,62.560001373291016,62.7400016784668,61.91999816894531,62.720001220703125,62.720001220703125,239900
2023-02-14,62.56999969482422,63.52000045776367,61.790000915527344,63.04999923706055,63.04999923706055,221300
2023-02-15,62.560001373291016,63.619998931884766,62.2599983215332,63.15999984741211,63.15999984741211,169700
2023-02-16,62.16999816894531,63.45000076293945,61.849998474121094,62.959999084472656,62.959999084472656,205100
2023-02-17,62.7400016784668,63.29999923706055,62.18000030517578,63.290000915527344,63.290000915527344,214100
2023-02-21,62.11000061035156,62.41999816894531,60.90999984741211,61.56999969482422,61.56999969482422,253700
2023-02-22,61.7400016784668,62.27000045776367,60.9900016784668,61.59000015258789,61.59000015258789,325900
2023-02-23,54.43000030517578,58.66999816894531,54.27000045776367,57.619998931884766,57.619998931884766,969700
2023-02-24,56.63999938964844,56.93000030517578,55.22999954223633,55.810001373291016,55.810001373291016,516100
2023-02-27,56.04999923706055,57.22999954223633,55.52000045776367,57.220001220703125,57.220001220703125,389000
2023-02-28,57.33000183105469,58.279998779296875,56.9900016784668,57.619998931884766,57.619998931884766,395800
2023-03-01,57.65999984741211,58.400001525878906,56.9900016784668,57.31999969482422,57.31999969482422,335900
2023-03-02,56.77000045776367,57.61000061035156,56.34000015258789,57.209999084472656,57.209999084472656,279100
2023-03-03,57.560001373291016,58.150001525878906,57.209999084472656,57.72999954223633,57.72999954223633,519400
2023-03-06,57.689998626708984,58.5,56.970001220703125,57.08000183105469,57.08000183105469,504200
2023-03-07,57.060001373291016,57.54999923706055,56.970001220703125,57.099998474121094,57.099998474121094,293000
2023-03-08,57.189998626708984,57.83000183105469,56.34000015258789,56.5099983215332,56.5099983215332,456900
2023-03-09,56.7400016784668,57.15999984741211,55.15999984741211,55.31999969482422,55.31999969482422,355800
2023-03-10,55.099998474121094,55.36000061035156,53.369998931884766,53.849998474121094,53.849998474121094,367500
2023-03-13,53.13999938964844,54.40999984741211,52.7400016784668,53.61000061035156,53.61000061035156,389800
2023-03-14,55.0,55.29999923706055,53.90999984741211,54.40999984741211,54.40999984741211,372600
2023-03-15,53.13999938964844,53.369998931884766,52.189998626708984,52.849998474121094,52.849998474121094,429800
2023-03-16,52.130001068115234,53.27000045776367,51.22999954223633,53.220001220703125,53.220001220703125,529600
2023-03-17,52.849998474121094,53.119998931884766,51.36000061035156,51.58000183105469,51.58000183105469,597700
2023-03-20,51.84000015258789,52.65999984741211,51.2599983215332,51.41999816894531,51.41999816894531,737400
2023-03-21,52.08000183105469,52.4900016784668,50.75,51.290000915527344,51.290000915527344,1676300
2023-03-22,51.5099983215332,51.65999984741211,50.029998779296875,50.099998474121094,50.099998474121094,1341800
2023-03-23,50.31999969482422,50.849998474121094,48.72999954223633,49.5,49.5,475100
2023-03-24,49.060001373291016,50.029998779296875,48.70000076293945,49.93000030517578,49.93000030517578,517200
2023-03-27,50.849998474121094,50.849998474121094,49.959999084472656,50.31999969482422,50.31999969482422,363400
2023-03-28,49.93000030517578,50.650001525878906,49.88999938964844,50.400001525878906,50.400001525878906,396000
2023-03-29,50.95000076293945,52.209999084472656,50.65999984741211,52.189998626708984,52.189998626708984,513000
2023-03-30,52.7400016784668,53.279998779296875,52.56999969482422,52.88999938964844,52.88999938964844,279200
2023-03-31,53.20000076293945,54.099998474121094,52.849998474121094,53.4900016784668,53.4900016784668,515700
2023-04-03,53.540000915527344,54.349998474121094,53.09000015258789,53.470001220703125,53.470001220703125,286600
2023-04-04,53.58000183105469,53.959999084472656,52.68000030517578,53.29999923706055,53.29999923706055,420200
2023-04-05,53.220001220703125,53.439998626708984,52.959999084472656,53.34000015258789,53.34000015258789,581400
2023-04-06,53.220001220703125,53.619998931884766,53.06999969482422,53.20000076293945,53.20000076293945,202500
2023-04-10,53.02000045776367,53.90999984741211,52.900001525878906,53.61000061035156,53.61000061035156,271900
2023-04-11,53.779998779296875,54.959999084472656,53.220001220703125,54.06999969482422,54.06999969482422,252900
2023-04-12,54.560001373291016,54.560001373291016,53.709999084472656,53.720001220703125,53.720001220703125,245500
2023-04-13,53.81999969482422,54.79999923706055,53.560001373291016,54.459999084472656,54.459999084472656,473500
2023-04-14,54.529998779296875,55.029998779296875,54.119998931884766,54.18000030517578,54.18000030517578,331800
2023-04-17,54.04999923706055,55.689998626708984,54.04999923706055,55.560001373291016,55.560001373291016,450100
2023-04-18,55.90999984741211,56.41999816894531,55.5,56.13999938964844,56.13999938964844,401300
2023-04-19,55.849998474121094,57.810001373291016,55.849998474121094,57.2599983215332,57.2599983215332,415700
2023-04-20,57.029998779296875,57.5099983215332,56.09000015258789,57.29999923706055,57.29999923706055,300300
2023-04-21,57.5099983215332,57.970001220703125,57.36000061035156,57.880001068115234,57.880001068115234,221800
2023-04-24,58.04999923706055,58.45000076293945,57.560001373291016,58.22999954223633,58.22999954223633,333400
2023-04-25,57.79999923706055,58.5,57.4900016784668,57.5099983215332,57.5099983215332,502200
2023-04-26,57.040000915527344,57.369998931884766,56.63999938964844,56.810001373291016,56.810001373291016,318000
2023-04-27,57.27000045776367,58.11000061035156,57.119998931884766,57.869998931884766,57.869998931884766,273400
2023-04-28,57.95000076293945,58.9900016784668,57.79999923706055,58.25,58.25,359700
2023-05-01,58.13999938964844,58.9900016784668,58.13999938964844,58.709999084472656,58.709999084472656,249300
2023-05-02,58.65999984741211,58.65999984741211,57.15999984741211,58.029998779296875,58.029998779296875,283900
2023-05-03,58.599998474121094,59.54999923706055,58.27000045776367,58.52000045776367,58.52000045776367,485700
2023-05-04,57.959999084472656,59.939998626708984,56.45000076293945,57.540000915527344,57.540000915527344,775500
2023-05-05,58.150001525878906,58.20000076293945,56.290000915527344,57.43000030517578,57.43000030517578,732600
2023-05-08,57.560001373291016,57.59000015258789,56.79999923706055,56.90999984741211,56.90999984741211,441500
2023-05-09,56.720001220703125,57.13999938964844,56.290000915527344,56.34000015258789,56.34000015258789,613000
2023-05-10,56.88999938964844,56.88999938964844,55.06999969482422,56.0,56.0,310100
2023-05-11,55.540000915527344,56.2400016784668,55.5,55.790000915527344,55.790000915527344,582500
2023-05-12,57.16999816894531,57.68000030517578,56.02000045776367,56.529998779296875,56.529998779296875,498100
2023-05-15,56.83000183105469,57.68000030517578,56.58000183105469,57.2599983215332,57.2599983215332,431200
2023-05-16,56.75,57.2599983215332,56.459999084472656,56.7599983215332,56.7599983215332,266400
2023-05-17,57.150001525878906,57.150001525878906,55.58000183105469,55.790000915527344,55.790000915527344,1096900
2023-05-18,55.77000045776367,56.11000061035156,54.900001525878906,55.08000183105469,55.08000183105469,733000
2023-05-19,55.70000076293945,55.9900016784668,54.689998626708984,54.810001373291016,54.810001373291016,970700
2023-05-22,55.099998474121094,56.65999984741211,55.099998474121094,56.650001525878906,56.650001525878906,638900
2023-05-23,56.2599983215332,56.400001525878906,55.099998474121094,55.130001068115234,55.130001068115234,475900
2023-05-24,54.630001068115234,54.630001068115234,53.560001373291016,53.810001373291016,53.810001373291016,298200
2023-05-25,53.56999969482422,53.56999969482422,52.66999816894531,52.70000076293945,52.70000076293945,350300
2023-05-26,52.88999938964844,53.25,52.41999816894531,53.25,53.25,411800
2023-05-30,53.25,53.720001220703125,52.84000015258789,53.0099983215332,53.0099983215332,420500
2023-05-31,52.790000915527344,53.13999938964844,52.06999969482422,52.72999954223633,52.72999954223633,468400
2023-06-01,52.560001373291016,53.880001068115234,52.369998931884766,53.790000915527344,53.790000915527344,247500
2023-06-02,54.16999816894531,56.27000045776367,54.16999816894531,56.2400016784668,56.2400016784668,309600
2023-06-05,55.779998779296875,55.939998626708984,54.849998474121094,55.38999938964844,55.38999938964844,277400
2023-06-06,55.25,55.68000030517578,55.0099983215332,55.43000030517578,55.43000030517578,463800
2023-06-07,55.63999938964844,57.209999084472656,55.470001220703125,57.15999984741211,57.15999984741211,453600
2023-06-08,57.15999984741211,57.61000061035156,56.880001068115234,57.4900016784668,57.4900016784668,282900
2023-06-09,57.5,57.5,56.63999938964844,57.279998779296875,57.279998779296875,173800
2023-06-12,57.15999984741211,58.130001068115234,56.88999938964844,57.88999938964844,57.88999938964844,197200
2023-06-13,58.380001068115234,59.029998779296875,57.88999938964844,57.9900016784668,57.9900016784668,335100
2023-06-14,59.7599983215332,61.45000076293945,59.08000183105469,59.18000030517578,59.18000030517578,880300
2023-06-15,58.75,60.630001068115234,58.75,60.529998779296875,60.529998779296875,375400
2023-06-16,60.150001525878906,60.68000030517578,59.900001525878906,60.16999816894531,60.16999816894531,502100
2023-06-20,60.060001373291016,60.20000076293945,58.95000076293945,59.970001220703125,59.970001220703125,319900
2023-06-21,59.86000061035156,60.40999984741211,59.43000030517578,60.36000061035156,60.36000061035156,301300
2023-06-22,60.5,60.720001220703125,59.689998626708984,60.31999969482422,60.31999969482422,278800
2023-06-23,59.849998474121094,60.15999984741211,59.36000061035156,59.86000061035156,59.86000061035156,467500
2023-06-26,60.790000915527344,61.54999923706055,60.43000030517578,61.5,61.5,382400
2023-06-27,61.290000915527344,63.7599983215332,61.09000015258789,63.560001373291016,63.560001373291016,571800
2023-06-28,63.619998931884766,64.48999786376953,62.709999084472656,63.11000061035156,63.11000061035156,372500
2023-06-29,62.86000061035156,64.30000305175781,62.86000061035156,63.810001373291016,63.810001373291016,318600
2023-06-30,64.5999984741211,64.9000015258789,63.33000183105469,64.12000274658203,64.12000274658203,445700
2023-07-03,63.540000915527344,64.06999969482422,62.880001068115234,63.209999084472656,63.209999084472656,169500
2023-07-05,62.779998779296875,63.220001220703125,61.880001068115234,62.52000045776367,62.52000045776367,404500
2023-07-06,61.7599983215332,62.349998474121094,61.369998931884766,61.91999816894531,61.91999816894531,397400
2023-07-07,62.209999084472656,64.48999786376953,62.099998474121094,64.27999877929688,64.27999877929688,636100
2023-07-10,64.3499984741211,65.61000061035156,64.22000122070312,64.37000274658203,64.37000274658203,419900
2023-07-11,64.63999938964844,65.08000183105469,64.08999633789062,64.94000244140625,64.94000244140625,407700
2023-07-12,65.69000244140625,65.80999755859375,64.87000274658203,65.54000091552734,65.54000091552734,585600
2023-07-13,65.54000091552734,66.0,65.19000244140625,65.45999908447266,65.45999908447266,242700
2023-07-14,65.5999984741211,65.5999984741211,64.6500015258789,65.23999786376953,65.23999786376953,215200
2023-07-17,65.2300033569336,65.56999969482422,64.58000183105469,64.98999786376953,64.98999786376953,236100
2023-07-18,65.29000091552734,66.06999969482422,64.6500015258789,65.2699966430664,65.2699966430664,161000
2023-07-19,65.5999984741211,65.62999725341797,64.37999725341797,65.18000030517578,65.18000030517578,202500
2023-07-20,65.31999969482422,65.98999786376953,64.7300033569336,65.5,65.5,188400
2023-07-21,65.6500015258789,66.13999938964844,65.0999984741211,65.20999908447266,65.20999908447266,266300
2023-07-24,65.12000274658203,65.87999725341797,63.970001220703125,64.05000305175781,64.05000305175781,317100
2023-07-25,64.0,64.58000183105469,63.630001068115234,63.90999984741211,63.90999984741211,295200
2023-07-26,63.599998474121094,65.0,63.599998474121094,64.98999786376953,64.98999786376953,307300
2023-07-27,65.16000366210938,65.52999877929688,63.810001373291016,63.970001220703125,63.970001220703125,222400
2023-07-28,64.6500015258789,64.83000183105469,63.09000015258789,63.2599983215332,63.2599983215332,322500
2023-07-31,63.63999938964844,64.06999969482422,63.04999923706055,63.900001525878906,63.900001525878906,327300
2023-08-01,63.5,63.91999816894531,62.880001068115234,63.72999954223633,63.72999954223633,235700
2023-08-02,63.470001220703125,63.54999923706055,62.11000061035156,62.810001373291016,62.810001373291016,392700
2023-08-03,62.58000183105469,63.369998931884766,58.939998626708984,58.959999084472656,58.959999084472656,950000
2023-08-04,59.91999816894531,60.38999938964844,58.560001373291016,59.22999954223633,59.22999954223633,324100
2023-08-07,59.18000030517578,59.79999923706055,58.790000915527344,59.029998779296875,59.029998779296875,399400
2023-08-08,58.34000015258789,58.34000015258789,57.2400016784668,57.720001220703125,57.720001220703125,447200
2023-08-09,57.77000045776367,57.90999984741211,56.470001220703125,56.56999969482422,56.56999969482422,699900
2023-08-10,56.93000030517578,57.02000045776367,55.7599983215332,55.81999969482422,55.81999969482422,484200
2023-08-11,55.41999816894531,56.459999084472656,55.310001373291016,56.38999938964844,56.38999938964844,278200
2023-08-14,56.470001220703125,56.56999969482422,55.59000015258789,56.5,56.5,369300
2023-08-15,56.029998779296875,56.439998626708984,55.77000045776367,56.2599983215332,56.2599983215332,414600
2023-08-16,55.9900016784668,56.5,55.290000915527344,55.29999923706055,55.29999923706055,382900
2023-08-17,55.38999938964844,55.75,54.939998626708984,54.959999084472656,54.959999084472656,300000
2023-08-18,54.83000183105469,55.56999969482422,54.83000183105469,55.02000045776367,55.02000045776367,250600
2023-08-21,55.279998779296875,56.04999923706055,54.869998931884766,56.0,56.0,350100
2023-08-22,56.04999923706055,56.13999938964844,55.40999984741211,55.880001068115234,55.880001068115234,337700
2023-08-23,55.93000030517578,56.189998626708984,55.70000076293945,55.77000045776367,55.77000045776367,214500
2023-08-24,55.400001525878906,56.04999923706055,54.97999954223633,55.04999923706055,55.04999923706055,315500
2023-08-25,55.150001525878906,56.5099983215332,54.93000030517578,56.06999969482422,56.06999969482422,295300
2023-08-28,56.5,56.5,55.349998474121094,55.939998626708984,55.939998626708984,379500
2023-08-29,56.189998626708984,56.470001220703125,55.88999938964844,56.459999084472656,56.459999084472656,191400
2023-08-30,56.2400016784668,56.650001525878906,56.119998931884766,56.2400016784668,56.2400016784668,255900
2023-08-31,56.290000915527344,56.65999984741211,55.93000030517578,56.040000915527344,56.040000915527344,389200
2023-09-01,56.58000183105469,57.040000915527344,56.27000045776367,56.5,56.5,394900
2023-09-05,56.310001373291016,56.310001373291016,54.9900016784668,55.040000915527344,55.040000915527344,282200
2023-09-06,55.02000045776367,55.45000076293945,54.47999954223633,54.630001068115234,54.630001068115234,298100
2023-09-07,54.47999954223633,55.29999923706055,53.060001373291016,53.459999084472656,53.459999084472656,612400
2023-09-08,53.56999969482422,54.279998779296875,53.349998474121094,54.040000915527344,54.040000915527344,270600
2023-09-11,54.40999984741211,54.93000030517578,54.33000183105469,54.66999816894531,54.66999816894531,212900
2023-09-12,54.540000915527344,55.060001373291016,54.11000061035156,54.61000061035156,54.61000061035156,329200
2023-09-13,54.56999969482422,54.68000030517578,53.38999938964844,53.41999816894531,53.41999816894531,401000
2023-09-14,53.849998474121094,54.29999923706055,53.2599983215332,53.59000015258789,53.59000015258789,271000
2023-09-15,53.459999084472656,53.7400016784668,52.869998931884766,53.25,53.25,868100
2023-09-18,53.720001220703125,53.81999969482422,53.0,53.5099983215332,53.5099983215332,183700
2023-09-19,53.650001525878906,54.52000045776367,53.54999923706055,54.209999084472656,54.209999084472656,292000
2023-09-20,54.61000061035156,55.18000030517578,52.88999938964844,52.93000030517578,52.93000030517578,299600
2023-09-21,52.61000061035156,52.65999984741211,51.72999954223633,51.880001068115234,51.880001068115234,351500
2023-09-22,51.880001068115234,52.290000915527344,51.5099983215332,51.650001525878906,51.650001525878906,234200
2023-09-25,51.84000015258789,54.189998626708984,51.06999969482422,54.15999984741211,54.15999984741211,440700
2023-09-26,53.529998779296875,54.13999938964844,52.869998931884766,52.880001068115234,52.880001068115234,601400
2023-09-27,53.06999969482422,53.16999816894531,51.529998779296875,52.43000030517578,52.43000030517578,954100
2023-09-28,52.66999816894531,53.58000183105469,52.59000015258789,52.720001220703125,52.720001220703125,272000
2023-09-29,53.06999969482422,53.4900016784668,52.630001068115234,52.72999954223633,52.72999954223633,401100
2023-10-02,52.630001068115234,52.66999816894531,50.93000030517578,51.15999984741211,51.15999984741211,358300
2023-10-03,50.779998779296875,50.970001220703125,50.119998931884766,50.290000915527344,50.290000915527344,396400
2023-10-04,50.29999923706055,50.29999923706055,49.31999969482422,50.220001220703125,50.220001220703125,472700
2023-10-05,50.209999084472656,50.689998626708984,49.290000915527344,50.38999938964844,50.38999938964844,486600
2023-10-06,49.72999954223633,50.5,49.66999816894531,49.880001068115234,49.880001068115234,253600
2023-10-09,49.5099983215332,49.560001373291016,48.7599983215332,49.36000061035156,49.36000061035156,235900
2023-10-10,49.720001220703125,50.720001220703125,49.119998931884766,50.27000045776367,50.27000045776367,228000
2023-10-11,50.08000183105469,50.08000183105469,48.630001068115234,49.33000183105469,49.33000183105469,303000
2023-10-12,49.58000183105469,50.0,47.86000061035156,47.88999938964844,47.88999938964844,280800
2023-10-13,47.880001068115234,48.470001220703125,47.119998931884766,47.790000915527344,47.790000915527344,314300
2023-10-16,48.349998474121094,49.130001068115234,48.150001525878906,48.59000015258789,48.59000015258789,332100
2023-10-17,48.15999984741211,50.0099983215332,48.15999984741211,49.470001220703125,49.470001220703125,291700
2023-10-18,48.810001373291016,49.540000915527344,48.470001220703125,48.4900016784668,48.4900016784668,242200
2023-10-19,44.0,45.619998931884766,43.31999969482422,44.86000061035156,44.86000061035156,3773600
2023-10-20,44.58000183105469,45.279998779296875,44.15999984741211,44.470001220703125,44.470001220703125,4451600
2023-10-23,44.599998474121094,45.880001068115234,44.36000061035156,45.529998779296875,45.529998779296875,1057800
2023-10-24,45.70000076293945,46.209999084472656,45.439998626708984,45.7400016784668,45.7400016784668,625700
2023-10-25,45.369998931884766,45.650001525878906,44.130001068115234,44.16999816894531,44.16999816894531,437600
2023-10-26,44.11000061035156,44.209999084472656,43.040000915527344,43.66999816894531,43.66999816894531,1061300
2023-10-27,43.95000076293945,44.88999938964844,43.11000061035156,44.65999984741211,44.65999984741211,836500
2023-10-30,45.36000061035156,45.369998931884766,44.43000030517578,44.959999084472656,44.959999084472656,516600
2023-10-31,45.41999816894531,46.18000030517578,45.41999816894531,45.900001525878906,45.900001525878906,621700
2023-11-01,45.459999084472656,45.84000015258789,44.16999816894531,45.029998779296875,45.029998779296875,838400
2023-11-02,45.869998931884766,46.400001525878906,45.59000015258789,46.06999969482422,46.06999969482422,802900
2023-11-03,46.70000076293945,47.310001373291016,46.41999816894531,47.02000045776367,47.02000045776367,384400
2023-11-06,47.0099983215332,47.029998779296875,45.869998931884766,46.36000061035156,46.36000061035156,634200
2023-11-07,47.529998779296875,49.560001373291016,46.849998474121094,48.33000183105469,48.33000183105469,1261100
2023-11-08,48.52000045776367,48.959999084472656,48.029998779296875,48.220001220703125,48.220001220703125,591400
2023-11-09,48.5,49.099998474121094,47.06999969482422,47.31999969482422,47.31999969482422,647700
2023-11-10,47.439998626708984,47.93000030517578,47.06999969482422,47.86000061035156,47.86000061035156,449000
2023-11-13,48.060001373291016,49.060001373291016,47.939998626708984,48.209999084472656,48.209999084472656,1305600
2023-11-14,49.5099983215332,50.650001525878906,49.18000030517578,50.25,50.25,1579400
2023-11-15,50.20000076293945,51.02000045776367,50.060001373291016,50.720001220703125,50.720001220703125,1209600
2023-11-16,50.849998474121094,51.38999938964844,50.369998931884766,50.849998474121094,50.849998474121094,1167900
2023-11-17,51.72999954223633,51.939998626708984,50.529998779296875,51.220001220703125,51.220001220703125,1240900
2023-11-20,51.16999816894531,51.709999084472656,50.43000030517578,51.060001373291016,51.060001373291016,1286200
2023-11-21,50.83000183105469,51.16999816894531,50.54999923706055,50.630001068115234,50.630001068115234,442300
2023-11-22,51.029998779296875,51.400001525878906,50.65999984741211,50.77000045776367,50.77000045776367,185200
2023-11-24,50.900001525878906,51.2400016784668,50.81999969482422,51.09000015258789,51.09000015258789,118300
2023-11-27,50.66999816894531,51.09000015258789,50.2400016784668,50.52000045776367,50.52000045776367,550700
2023-11-28,50.400001525878906,50.40999984741211,49.77000045776367,49.77000045776367,49.77000045776367,358900
2023-11-29,49.959999084472656,50.459999084472656,49.41999816894531,49.560001373291016,49.560001373291016,492600
2023-11-30,49.68000030517578,49.869998931884766,48.84000015258789,49.459999084472656,49.459999084472656,797700
2023-12-01,49.2400016784668,50.97999954223633,49.22999954223633,50.970001220703125,50.970001220703125,355000
2023-12-04,50.540000915527344,51.41999816894531,50.400001525878906,51.220001220703125,51.220001220703125,396500
2023-12-05,50.20000076293945,50.470001220703125,48.720001220703125,48.720001220703125,48.720001220703125,688100
2023-12-06,49.09000015258789,49.93000030517578,48.9900016784668,49.599998474121094,49.599998474121094,381300
2023-12-07,49.970001220703125,50.5,49.459999084472656,50.459999084472656,50.459999084472656,347200
2023-12-08,50.279998779296875,50.47999954223633,49.439998626708984,49.529998779296875,49.529998779296875,493900
2023-12-11,49.29999923706055,49.880001068115234,49.22999954223633,49.45000076293945,49.45000076293945,441100
2023-12-12,49.41999816894531,49.599998474121094,48.630001068115234,49.290000915527344,49.290000915527344,380100
2023-12-13,49.25,52.16999816894531,49.20000076293945,52.119998931884766,52.119998931884766,732300
2023-12-14,53.0,54.779998779296875,53.0,53.70000076293945,53.70000076293945,785500
2023-12-15,54.34000015258789,54.77000045776367,53.310001373291016,53.619998931884766,53.619998931884766,1155700
2023-12-18,53.880001068115234,54.04999923706055,53.150001525878906,54.04999923706055,54.04999923706055,875700
2023-12-19,54.58000183105469,55.61000061035156,54.290000915527344,55.45000076293945,55.45000076293945,785900
2023-12-20,55.900001525878906,56.31999969482422,54.90999984741211,54.959999084472656,54.959999084472656,465500
2023-12-21,55.45000076293945,56.58000183105469,55.18000030517578,56.56999969482422,56.56999969482422,555900
2023-12-22,56.7599983215332,57.349998474121094,56.72999954223633,57.06999969482422,57.06999969482422,438100
2023-12-26,57.18000030517578,57.43000030517578,56.810001373291016,56.86000061035156,56.86000061035156,638600
2023-12-27,56.83000183105469,57.0099983215332,56.150001525878906,56.619998931884766,56.619998931884766,298100
2023-12-28,56.310001373291016,56.86000061035156,55.95000076293945,56.52000045776367,56.52000045776367,318400
2023-12-29,56.34000015258789,56.7599983215332,55.849998474121094,56.02000045776367,56.02000045776367,826500
2024-01-02,55.61000061035156,56.08000183105469,55.2599983215332,55.439998626708984,55.439998626708984,589300
2024-01-03,54.79999923706055,55.970001220703125,54.33000183105469,55.529998779296875,55.529998779296875,902400
2024-01-04,55.43000030517578,55.810001373291016,54.689998626708984,55.47999954223633,55.47999954223633,617800
2024-01-05,55.040000915527344,56.5,55.040000915527344,56.209999084472656,56.209999084472656,699400
2024-01-08,56.880001068115234,57.720001220703125,56.439998626708984,57.33000183105469,57.33000183105469,481600
2024-01-09,56.630001068115234,58.220001220703125,56.119998931884766,57.959999084472656,57.959999084472656,532700
2024-01-10,57.900001525878906,58.540000915527344,57.54999923706055,58.43000030517578,58.43000030517578,1281800
2024-01-11,58.130001068115234,58.40999984741211,57.540000915527344,58.130001068115234,58.130001068115234,351400
2024-01-12,58.79999923706055,59.099998474121094,57.68000030517578,57.880001068115234,57.880001068115234,427100
2024-01-16,57.31999969482422,58.209999084472656,56.599998474121094,58.16999816894531,58.16999816894531,443600
2024-01-17,57.34000015258789,58.060001373291016,56.83000183105469,57.58000183105469,57.58000183105469,319200
2024-01-18,58.0099983215332,58.83000183105469,57.540000915527344,58.4900016784668,58.4900016784668,384800
2024-01-19,58.63999938964844,59.90999984741211,57.75,59.84000015258789,59.84000015258789,506500
2024-01-22,60.7599983215332,61.02000045776367,60.189998626708984,60.209999084472656,60.209999084472656,514700
2024-01-23,60.810001373291016,60.810001373291016,59.540000915527344,59.650001525878906,59.650001525878906,241900
2024-01-24,60.13999938964844,60.13999938964844,58.619998931884766,58.709999084472656,58.709999084472656,246200
2024-01-25,59.560001373291016,59.93000030517578,58.650001525878906,59.56999969482422,59.56999969482422,275200
2024-01-26,59.869998931884766,60.119998931884766,59.650001525878906,59.79999923706055,59.79999923706055,457600
2024-01-29,59.59000015258789,61.08000183105469,59.400001525878906,61.040000915527344,61.040000915527344,399500
2024-01-30,60.779998779296875,61.0,59.720001220703125,59.72999954223633,59.72999954223633,319300
2024-01-31,59.90999984741211,60.119998931884766,58.38999938964844,58.70000076293945,58.70000076293945,556200
2024-02-01,58.810001373291016,59.650001525878906,58.0,59.61000061035156,59.61000061035156,280400
2024-02-02,58.95000076293945,60.02000045776367,58.81999969482422,59.70000076293945,59.70000076293945,445000
2024-02-05,59.15999984741211,59.380001068115234,58.689998626708984,58.709999084472656,58.709999084472656,213300
2024-02-06,58.61000061035156,59.560001373291016,58.59000015258789,59.029998779296875,59.029998779296875,338800
2024-02-07,59.369998931884766,59.95000076293945,58.72999954223633,59.79999923706055,59.79999923706055,276200
2024-02-08,59.45000076293945,60.630001068115234,59.400001525878906,60.529998779296875,60.529998779296875,372900
2024-02-09,60.59000015258789,60.7599983215332,59.83000183105469,60.31999969482422,60.31999969482422,320300
2024-02-12,60.310001373291016,61.150001525878906,60.2400016784668,60.650001525878906,60.650001525878906,261200
2024-02-13,59.47999954223633,60.61000061035156,59.0,59.7599983215332,59.7599983215332,412000
2024-02-14,60.279998779296875,60.439998626708984,59.040000915527344,59.16999816894531,59.16999816894531,832800
2024-02-15,59.41999816894531,60.27000045776367,59.119998931884766,59.7400016784668,59.7400016784668,304400
2024-02-16,59.22999954223633,60.36000061035156,59.150001525878906,59.290000915527344,59.290000915527344,409800
2024-02-20,58.959999084472656,59.7400016784668,58.439998626708984,59.58000183105469,59.58000183105469,452600
2024-02-21,59.310001373291016,60.369998931884766,58.88999938964844,60.27000045776367,60.27000045776367,569900
2024-02-22,64.68000030517578,65.02999877929688,60.86000061035156,63.79999923706055,63.79999923706055,1436900
2024-02-23,63.380001068115234,63.7599983215332,62.08000183105469,62.849998474121094,62.849998474121094,637800
2024-02-26,62.22999954223633,62.65999984741211,61.04999923706055,61.560001373291016,61.560001373291016,529400
2024-02-27,61.95000076293945,62.08000183105469,60.90999984741211,61.45000076293945,61.45000076293945,589500
2024-02-28,61.0,61.58000183105469,60.77000045776367,60.77000045776367,60.77000045776367,312100
2024-02-29,61.189998626708984,61.189998626708984,59.560001373291016,59.810001373291016,59.810001373291016,475900
2024-03-01,59.5099983215332,60.81999969482422,59.33000183105469,60.380001068115234,60.380001068115234,367000
2024-03-04,60.380001068115234,62.099998474121094,60.060001373291016,62.040000915527344,62.040000915527344,633900
2024-03-05,61.900001525878906,62.15999984741211,61.38999938964844,61.84000015258789,61.84000015258789,589400
2024-03-06,62.04999923706055,63.689998626708984,61.72999954223633,63.27000045776367,63.27000045776367,689600
2024-03-07,63.58000183105469,63.959999084472656,62.439998626708984,62.470001220703125,62.470001220703125,365600
2024-03-08,62.650001525878906,63.52000045776367,61.689998626708984,61.9900016784668,61.9900016784668,285400
2024-03-11,61.88999938964844,62.279998779296875,61.43000030517578,61.689998626708984,61.689998626708984,250500
2024-03-12,61.40999984741211,61.79999923706055,60.79999923706055,61.5099983215332,61.5099983215332,246400
2024-03-13,61.400001525878906,61.90999984741211,60.95000076293945,61.25,61.25,405200
2024-03-14,61.25,61.31999969482422,59.689998626708984,59.93000030517578,59.93000030517578,259200
2024-03-15,59.43000030517578,60.349998474121094,59.18000030517578,59.400001525878906,59.400001525878906,638700
2024-03-18,59.79999923706055,60.040000915527344,58.70000076293945,58.7400016784668,58.7400016784668,400700
2024-03-19,58.84000015258789,60.130001068115234,58.689998626708984,59.47999954223633,59.47999954223633,482700
2024-03-20,59.119998931884766,60.04999923706055,59.040000915527344,59.900001525878906,59.900001525878906,247100
2024-03-21,60.060001373291016,60.97999954223633,60.060001373291016,60.25,60.25,264000
2024-03-22,60.11000061035156,60.33000183105469,59.72999954223633,60.209999084472656,60.209999084472656,243600
2024-03-25,60.41999816894531,61.2400016784668,60.16999816894531,60.279998779296875,60.279998779296875,387200
2024-03-26,60.58000183105469,60.66999816894531,60.09000015258789,60.279998779296875,60.279998779296875,257500
2024-03-27,61.04999923706055,62.5,60.77000045776367,62.459999084472656,62.459999084472656,322700
2024-03-28,62.04999923706055,62.630001068115234,61.95000076293945,62.45000076293945,62.45000076293945,351500
2024-04-01,62.40999984741211,62.65999984741211,61.130001068115234,61.43000030517578,61.43000030517578,418600
2024-04-02,60.88999938964844,61.04999923706055,59.9900016784668,60.31999969482422,60.31999969482422,316600
2024-04-03,59.779998779296875,60.58000183105469,59.279998779296875,59.34000015258789,59.34000015258789,491100
2024-04-04,59.84000015258789,60.790000915527344,59.38999938964844,59.709999084472656,59.709999084472656,618500
2024-04-05,59.650001525878906,60.959999084472656,59.470001220703125,60.63999938964844,60.63999938964844,340400
2024-04-08,61.0099983215332,61.95000076293945,60.29999923706055,61.68000030517578,61.68000030517578,470700
2024-04-09,61.7400016784668,62.790000915527344,61.56999969482422,62.43000030517578,62.43000030517578,473500
2024-04-10,61.790000915527344,61.91999816894531,59.7400016784668,59.95000076293945,59.95000076293945,433900
2024-04-11,60.11000061035156,60.61000061035156,59.29999923706055,59.790000915527344,59.790000915527344,335200
2024-04-12,59.279998779296875,59.630001068115234,58.099998474121094,58.54999923706055,58.54999923706055,342700
2024-04-15,59.119998931884766,59.119998931884766,56.4900016784668,56.810001373291016,56.810001373291016,578900
2024-04-16,56.58000183105469,56.91999816894531,55.5,56.5,56.5,422600
2024-04-17,56.7599983215332,57.08000183105469,55.970001220703125,56.2400016784668,56.2400016784668,443600
2024-04-18,56.20000076293945,56.439998626708984,54.86000061035156,55.27000045776367,55.27000045776367,482900
2024-04-19,55.38999938964844,55.97999954223633,54.959999084472656,55.83000183105469,55.83000183105469,615500
2024-04-22,56.689998626708984,56.88999938964844,55.33000183105469,55.5099983215332,55.5099983215332,933500
2024-04-23,55.41999816894531,56.16999816894531,55.2400016784668,55.470001220703125,55.470001220703125,475700
2024-04-24,55.439998626708984,56.2400016784668,55.13999938964844,56.16999816894531,56.16999816894531,324100
2024-04-25,55.599998474121094,55.93000030517578,54.689998626708984,55.099998474121094,55.099998474121094,351300
2024-04-26,55.04999923706055,55.529998779296875,54.81999969482422,55.2599983215332,55.2599983215332,304200
2024-04-29,55.459999084472656,56.36000061035156,55.459999084472656,55.900001525878906,55.900001525878906,382900
2024-04-30,55.439998626708984,55.959999084472656,55.220001220703125,55.22999954223633,55.22999954223633,451300
2024-05-01,55.25,56.43000030517578,54.470001220703125,55.400001525878906,55.400001525878906,567100
2024-05-02,53.459999084472656,53.90999984741211,50.91999816894531,52.130001068115234,52.130001068115234,1664200
2024-05-03,52.369998931884766,53.0099983215332,51.0,51.27000045776367,51.27000045776367,1147500
2024-05-06,51.959999084472656,52.099998474121094,50.90999984741211,50.91999816894531,50.91999816894531,661000
2024-05-07,50.93000030517578,52.650001525878906,50.72999954223633,52.2400016784668,52.2400016784668,830900
2024-05-08,51.959999084472656,52.34000015258789,50.54999923706055,50.66999816894531,50.66999816894531,788900
2024-05-09,50.77000045776367,51.04999923706055,50.439998626708984,51.04999923706055,51.04999923706055,637100
2024-05-10,51.06999969482422,51.56999969482422,50.4900016784668,51.06999969482422,51.06999969482422,565000
2024-05-13,51.400001525878906,51.81999969482422,50.900001525878906,51.709999084472656,51.709999084472656,637000
2024-05-14,52.150001525878906,53.380001068115234,51.790000915527344,52.5,52.5,741200
2024-05-15,53.09000015258789,53.84000015258789,52.45000076293945,52.63999938964844,52.63999938964844,657600
2024-05-16,52.88999938964844,53.310001373291016,52.060001373291016,52.20000076293945,52.20000076293945,339100
2024-05-17,52.2400016784668,52.540000915527344,51.650001525878906,52.40999984741211,52.40999984741211,335800
2024-05-20,52.310001373291016,52.7599983215332,51.11000061035156,51.150001525878906,51.150001525878906,460100
2024-05-21,51.060001373291016,51.310001373291016,50.369998931884766,50.38999938964844,50.38999938964844,347900
2024-05-22,50.25,51.060001373291016,50.04999923706055,51.040000915527344,51.040000915527344,378100
2024-05-23,50.650001525878906,51.099998474121094,49.90999984741211,50.029998779296875,50.029998779296875,420800
2024-05-24,49.86000061035156,50.52000045776367,49.66999816894531,50.2400016784668,50.2400016784668,519000
2024-05-28,50.33000183105469,50.47999954223633,49.619998931884766,49.720001220703125,49.720001220703125,201000
2024-05-29,49.09000015258789,49.900001525878906,48.900001525878906,49.459999084472656,49.459999084472656,595700
2024-05-30,49.380001068115234,50.27000045776367,49.380001068115234,49.779998779296875,49.779998779296875,443900
2024-05-31,50.119998931884766,50.439998626708984,49.79999923706055,50.27000045776367,50.27000045776367,715800
2024-06-03,51.0,51.0,48.939998626708984,49.15999984741211,49.15999984741211,484400
2024-06-04,48.63999938964844,48.77000045776367,46.91999816894531,47.470001220703125,47.470001220703125,934400
2024-06-05,47.45000076293945,48.459999084472656,46.470001220703125,48.08000183105469,48.08000183105469,634000
2024-06-06,48.0,48.209999084472656,47.150001525878906,47.88999938964844,47.88999938964844,554600
2024-06-07,47.599998474121094,48.06999969482422,46.0,46.349998474121094,46.349998474121094,416400
2024-06-10,45.599998474121094,45.689998626708984,45.0099983215332,45.15999984741211,45.15999984741211,752300
2024-06-11,45.0,45.20000076293945,44.529998779296875,44.72999954223633,44.72999954223633,711500
2024-06-12,45.45000076293945,46.38999938964844,44.66999816894531,45.150001525878906,45.150001525878906,525900
2024-06-13,44.52000045776367,45.209999084472656,44.06999969482422,44.90999984741211,44.90999984741211,771400
2024-06-14,44.5,44.869998931884766,43.79999923706055,44.84000015258789,44.84000015258789,684700
2024-06-17,44.70000076293945,45.040000915527344,44.45000076293945,45.0,45.0,733800
2024-06-18,45.0,45.130001068115234,44.439998626708984,44.61000061035156,44.61000061035156,702500
2024-06-20,44.5099983215332,44.709999084472656,44.18000030517578,44.560001373291016,44.560001373291016,529500
2024-06-21,44.599998474121094,45.2400016784668,44.45000076293945,45.09000015258789,45.09000015258789,884900
2024-06-24,45.220001220703125,45.810001373291016,44.9900016784668,45.02000045776367,45.02000045776367,642600
2024-06-25,44.810001373291016,45.04999923706055,44.43000030517578,45.0,45.0,878000
2024-06-26,45.0,45.20000076293945,44.75,45.08000183105469,45.08000183105469,633800
2024-06-27,45.220001220703125,45.349998474121094,44.720001220703125,44.90999984741211,44.90999984741211,402800
2024-06-28,44.95000076293945,45.22999954223633,44.68000030517578,45.20000076293945,45.20000076293945,916500
2024-07-01,45.2400016784668,46.11000061035156,44.0,44.349998474121094,44.349998474121094,683000
2024-07-02,44.349998474121094,44.900001525878906,43.7599983215332,44.709999084472656,44.709999084472656,572100
2024-07-03,44.959999084472656,44.959999084472656,44.38999938964844,44.439998626708984,44.439998626708984,540900
2024-07-05,44.61000061035156,44.849998474121094,43.77000045776367,44.84000015258789,44.84000015258789,530700
2024-07-08,44.72999954223633,45.060001373291016,44.189998626708984,44.369998931884766,44.369998931884766,640000
2024-07-09,44.279998779296875,44.279998779296875,43.43000030517578,43.75,43.75,438700
2024-07-10,43.72999954223633,43.86000061035156,43.29999923706055,43.790000915527344,43.790000915527344,384700
2024-07-11,44.290000915527344,45.70000076293945,44.13999938964844,45.68000030517578,45.68000030517578,502900
2024-07-12,45.869998931884766,46.45000076293945,45.650001525878906,46.029998779296875,46.029998779296875,573300
2024-07-15,46.130001068115234,46.33000183105469,44.72999954223633,44.7400016784668,44.7400016784668,742100
2024-07-16,44.849998474121094,46.619998931884766,44.439998626708984,46.380001068115234,46.380001068115234,1252900
2024-07-17,46.54999923706055,47.77000045776367,46.22999954223633,47.38999938964844,47.38999938964844,1075500
2024-07-18,47.02000045776367,48.220001220703125,46.56999969482422,46.91999816894531,46.91999816894531,682200
2024-07-19,47.0,47.0,45.869998931884766,46.709999084472656,46.709999084472656,643300
2024-07-22,46.91999816894531,46.970001220703125,45.68000030517578,45.79999923706055,45.79999923706055,509700
2024-07-23,45.65999984741211,46.2599983215332,45.369998931884766,46.02000045776367,46.02000045776367,693400
2024-07-24,46.0,46.459999084472656,45.369998931884766,45.90999984741211,45.90999984741211,713100
2024-07-25,45.79999923706055,47.41999816894531,45.38999938964844,46.90999984741211,46.90999984741211,846000
2024-07-26,47.18000030517578,48.16999816894531,46.849998474121094,48.099998474121094,48.099998474121094,931500
2024-07-29,48.02000045776367,48.81999969482422,47.599998474121094,47.869998931884766,47.869998931884766,796200
2024-07-30,47.83000183105469,48.36000061035156,47.779998779296875,47.93000030517578,47.93000030517578,386400
2024-07-31,47.97999954223633,48.40999984741211,47.43000030517578,47.63999938964844,47.63999938964844,577200
2024-08-01,47.7599983215332,47.90999984741211,46.08000183105469,46.540000915527344,46.540000915527344,515200
2024-08-02,45.4900016784668,45.790000915527344,44.59000015258789,45.400001525878906,45.400001525878906,577600
2024-08-05,44.369998931884766,44.369998931884766,41.65999984741211,41.689998626708984,41.689998626708984,991700
2024-08-06,41.900001525878906,43.41999816894531,41.75,41.97999954223633,41.97999954223633,1212500
2024-08-07,42.27000045776367,43.15999984741211,39.97999954223633,40.56999969482422,40.56999969482422,1836700
2024-08-08,41.540000915527344,43.86000061035156,41.5099983215332,43.560001373291016,43.560001373291016,914200
2024-08-09,43.619998931884766,44.27000045776367,42.86000061035156,43.400001525878906,43.400001525878906,756300
2024-08-12,43.459999084472656,43.459999084472656,42.34000015258789,42.38999938964844,42.38999938964844,708600
2024-08-13,42.599998474121094,43.65999984741211,42.380001068115234,43.2599983215332,43.2599983215332,595600
2024-08-14,43.709999084472656,43.91999816894531,42.720001220703125,43.02000045776367,43.02000045776367,685000
2024-08-15,43.61000061035156,44.810001373291016,43.2599983215332,44.459999084472656,44.459999084472656,599000
2024-08-16,44.349998474121094,44.72999954223633,44.0,44.150001525878906,44.150001525878906,408600
2024-08-19,44.349998474121094,44.900001525878906,44.16999816894531,44.709999084472656,44.709999084472656,309400
2024-08-20,44.459999084472656,44.84000015258789,44.06999969482422,44.279998779296875,44.279998779296875,396800
2024-08-21,44.560001373291016,44.7400016784668,43.650001525878906,44.400001525878906,44.400001525878906,322800
2024-08-22,44.63999938964844,44.91999816894531,43.81999969482422,44.04999923706055,44.04999923706055,338200
2024-08-23,44.34000015258789,46.150001525878906,43.9900016784668,46.029998779296875,46.029998779296875,380400
2024-08-26,46.310001373291016,46.529998779296875,45.689998626708984,45.70000076293945,45.70000076293945,425700
2024-08-27,45.56999969482422,45.869998931884766,45.29999923706055,45.5,45.5,293400
2024-08-28,45.15999984741211,46.02000045776367,44.91999816894531,45.31999969482422,45.31999969482422,370100
2024-08-29,45.75,46.540000915527344,45.290000915527344,45.9900016784668,45.9900016784668,295100
2024-08-30,46.31999969482422,47.0,45.91999816894531,46.599998474121094,46.599998474121094,386800
2024-09-03,46.11000061035156,46.849998474121094,44.279998779296875,44.56999969482422,44.56999969482422,493300
2024-09-04,44.439998626708984,44.83000183105469,43.95000076293945,44.22999954223633,44.22999954223633,275700
2024-09-05,44.470001220703125,44.470001220703125,43.11000061035156,43.11000061035156,43.11000061035156,368400
2024-09-06,43.27000045776367,44.400001525878906,42.90999984741211,43.439998626708984,43.439998626708984,440200
2024-09-09,43.189998626708984,44.5099983215332,42.709999084472656,43.0,43.0,652000
2024-09-10,42.95000076293945,43.41999816894531,42.68000030517578,43.119998931884766,43.119998931884766,469300
2024-09-11,42.869998931884766,43.36000061035156,42.400001525878906,43.09000015258789,43.09000015258789,675100
2024-09-12,43.08000183105469,43.369998931884766,42.40999984741211,43.27000045776367,43.27000045776367,719100
2024-09-13,43.47999954223633,44.20000076293945,43.09000015258789,43.34000015258789,43.34000015258789,623800
2024-09-16,43.54999923706055,43.880001068115234,42.400001525878906,42.4900016784668,42.4900016784668,613000
2024-09-17,42.61000061035156,43.290000915527344,42.45000076293945,42.720001220703125,42.720001220703125,664100
2024-09-18,42.599998474121094,44.099998474121094,42.5099983215332,43.63999938964844,43.63999938964844,903900
2024-09-19,44.439998626708984,45.959999084472656,44.439998626708984,45.02000045776367,45.02000045776367,635800
2024-09-20,44.709999084472656,44.869998931884766,43.41999816894531,43.66999816894531,43.66999816894531,1554400
2024-09-23,43.83000183105469,44.13999938964844,43.130001068115234,43.54999923706055,43.54999923706055,587800
2024-09-24,43.79999923706055,43.95000076293945,43.18000030517578,43.5099983215332,43.5099983215332,393900
2024-09-25,43.65999984741211,43.75,42.33000183105469,42.40999984741211,42.40999984741211,567300
2024-09-26,42.880001068115234,43.5099983215332,42.52000045776367,43.369998931884766,43.369998931884766,895400
2024-09-27,43.97999954223633,45.150001525878906,43.56999969482422,43.630001068115234,43.630001068115234,509300
2024-09-30,43.380001068115234,43.70000076293945,42.849998474121094,43.04999923706055,43.04999923706055,490800
2024-10-01,42.75,42.75,41.369998931884766,41.470001220703125,41.470001220703125,803600
2024-10-02,41.310001373291016,41.459999084472656,40.689998626708984,40.84000015258789,40.84000015258789,579500
2024-10-03,41.220001220703125,41.220001220703125,39.7599983215332,39.959999084472656,39.959999084472656,933700
2024-10-04,40.79999923706055,41.15999984741211,40.47999954223633,40.689998626708984,40.689998626708984,652600
2024-10-07,40.400001525878906,40.529998779296875,39.529998779296875,39.619998931884766,39.619998931884766,586300
2024-10-08,39.70000076293945,39.70000076293945,38.27000045776367,38.83000183105469,38.83000183105469,505300
2024-10-09,38.72999954223633,39.15999984741211,38.380001068115234,38.77000045776367,38.77000045776367,1007000
2024-10-10,38.52000045776367,38.93000030517578,38.36000061035156,38.720001220703125,38.720001220703125,699800
2024-10-11,38.54999923706055,40.2599983215332,38.54999923706055,40.220001220703125,40.220001220703125,544500
2024-10-14,40.310001373291016,40.310001373291016,39.2400016784668,40.09000015258789,40.09000015258789,572700
2024-10-15,39.86000061035156,40.619998931884766,39.5,39.83000183105469,39.83000183105469,677300
2024-10-16,39.93000030517578,40.849998474121094,39.75,40.779998779296875,40.779998779296875,569800
2024-10-17,40.90999984741211,41.369998931884766,40.540000915527344,41.060001373291016,41.060001373291016,674900
2024-10-18,41.41999816894531,41.709999084472656,41.040000915527344,41.2599983215332,41.2599983215332,489200
2024-10-21,41.20000076293945,41.25,40.2599983215332,40.5,40.5,454000
2024-10-22,40.41999816894531,40.619998931884766,39.529998779296875,40.04999923706055,40.04999923706055,1006600
2024-10-23,40.02000045776367,40.220001220703125,38.84000015258789,39.349998474121094,39.349998474121094,405300
2024-10-24,39.439998626708984,39.66999816894531,39.130001068115234,39.540000915527344,39.540000915527344,605200
2024-10-25,39.56999969482422,40.209999084472656,39.119998931884766,39.9900016784668,39.9900016784668,641800
2024-10-28,40.29999923706055,41.220001220703125,40.29999923706055,41.16999816894531,41.16999816894531,709600
2024-10-29,40.83000183105469,40.90999984741211,40.45000076293945,40.5099983215332,40.5099983215332,456400
2024-10-30,40.349998474121094,42.83000183105469,40.04999923706055,42.060001373291016,42.060001373291016,1195500
2024-10-31,41.93000030517578,42.61000061035156,41.27000045776367,41.27000045776367,41.27000045776367,792500
2024-11-01,41.58000183105469,43.38999938964844,41.560001373291016,42.43000030517578,42.43000030517578,813600
2024-11-04,42.5099983215332,43.66999816894531,42.5099983215332,43.029998779296875,43.029998779296875,1022700
2024-11-05,43.029998779296875,43.689998626708984,42.7599983215332,43.310001373291016,43.310001373291016,891500
