Date,Open,High,Low,Close,Adj Close,Volume
2018-06-20,25.18000030517578,25.229999542236328,25.049999237060547,25.200000762939453,16.148868560791016,448500
2018-06-21,25.25,25.399999618530273,25.18000030517578,25.209999084472656,16.155275344848633,5283100
2018-06-22,25.25,25.299999237060547,25.0,25.280000686645508,16.20013427734375,1309600
2018-06-25,25.299999237060547,25.3700008392334,25.200000762939453,25.239999771118164,16.17449951171875,591500
2018-06-26,25.350000381469727,25.350000381469727,25.219999313354492,25.31999969482422,16.225765228271484,344600
2018-06-27,25.34000015258789,25.34000015258789,25.209999084472656,25.30900001525879,16.218719482421875,364800
2018-06-28,25.280000686645508,25.299999237060547,25.149999618530273,25.299999237060547,16.212949752807617,316500
2018-06-29,25.350000381469727,25.350000381469727,25.219999313354492,25.260000228881836,16.187314987182617,466000
2018-07-02,25.280000686645508,25.5,25.25,25.309999465942383,16.219358444213867,133600
2018-07-03,25.31999969482422,25.450000762939453,25.299999237060547,25.450000762939453,16.30907440185547,145900
2018-07-05,25.399999618530273,25.850000381469727,25.389999389648438,25.790000915527344,16.52695655822754,57200
2018-07-06,25.850000381469727,25.850000381469727,25.5,25.700000762939453,16.469282150268555,231300
2018-07-09,25.729999542236328,25.799999237060547,25.579999923706055,25.649999618530273,16.437240600585938,87700
2018-07-10,25.649999618530273,25.850000381469727,25.549999237060547,25.639999389648438,16.430830001831055,87500
2018-07-11,25.6299991607666,25.700000762939453,25.549999237060547,25.700000762939453,16.469282150268555,47100
2018-07-12,25.75,25.75,25.559999465942383,25.690000534057617,16.46286964416504,55600
2018-07-13,25.700000762939453,25.809999465942383,25.600000381469727,25.700000762939453,16.469282150268555,38300
2018-07-16,25.700000762939453,25.700000762939453,25.110000610351562,25.6200008392334,16.418018341064453,203700
2018-07-17,25.649999618530273,25.649999618530273,25.5,25.520000457763672,16.35393524169922,317900
2018-07-18,25.549999237060547,25.579999923706055,25.469999313354492,25.479999542236328,16.328296661376953,107500
2018-07-19,25.510000228881836,25.52899932861328,25.450000762939453,25.459999084472656,16.315479278564453,106600
2018-07-20,25.5,25.527000427246094,25.43000030517578,25.440000534057617,16.30266571044922,217100
2018-07-23,25.459999084472656,25.489999771118164,25.398000717163086,25.420000076293945,16.28985023498535,130600
2018-07-24,25.450000762939453,25.459999084472656,25.329999923706055,25.3700008392334,16.257810592651367,65000
2018-07-25,25.399999618530273,25.59000015258789,25.389999389648438,25.520000457763672,16.35393524169922,181200
2018-07-26,25.540000915527344,25.540000915527344,25.5,25.520000457763672,16.35393524169922,39700
2018-07-27,25.548999786376953,25.549999237060547,25.489999771118164,25.510000228881836,16.347524642944336,45500
2018-07-30,25.520000457763672,25.700000762939453,25.5,25.700000762939453,16.469282150268555,430700
2018-07-31,25.729999542236328,25.790000915527344,25.649999618530273,25.670000076293945,16.450054168701172,78500
2018-08-01,25.6200008392334,25.649999618530273,25.459999084472656,25.559999465942383,16.37956428527832,93900
2018-08-02,25.559999465942383,25.7189998626709,25.5,25.700000762939453,16.469282150268555,126800
2018-08-03,25.739999771118164,25.850000381469727,25.670000076293945,25.799999237060547,16.533363342285156,54800
2018-08-06,25.756000518798828,25.829999923706055,25.75,25.790000915527344,16.52695655822754,43300
2018-08-07,25.790000915527344,25.850000381469727,25.75,25.850000381469727,16.565406799316406,181700
2018-08-08,25.850000381469727,25.8799991607666,25.850000381469727,25.8799991607666,16.584632873535156,19100
2018-08-09,25.899999618530273,25.97599983215332,25.8799991607666,25.950000762939453,16.62948989868164,44000
2018-08-10,25.969999313354492,25.969999313354492,25.895999908447266,25.93000030517578,16.61667251586914,22700
2018-08-13,25.969999313354492,26.0,25.90999984741211,26.0,16.661529541015625,102200
2018-08-14,25.799999237060547,25.934999465942383,25.799999237060547,25.899999618530273,16.80492401123047,133000
2018-08-15,25.899999618530273,25.899999618530273,25.799999237060547,25.81999969482422,16.753015518188477,30000
2018-08-16,25.799999237060547,25.899999618530273,25.799999237060547,25.889999389648438,16.79843521118164,35400
2018-08-17,25.899999618530273,25.899999618530273,25.84000015258789,25.899999618530273,16.80492401123047,15800
2018-08-20,25.90999984741211,26.0,25.849000930786133,25.969999313354492,16.850343704223633,29700
2018-08-21,25.989999771118164,25.989999771118164,25.906999588012695,25.989999771118164,16.863319396972656,12400
2018-08-22,26.0,26.190000534057617,25.989999771118164,26.05500030517578,16.90549659729004,24900
2018-08-23,26.100000381469727,26.100000381469727,25.899999618530273,26.09000015258789,16.928205490112305,24700
2018-08-24,26.100000381469727,26.100000381469727,26.030000686645508,26.09000015258789,16.928205490112305,25900
2018-08-27,26.1299991607666,26.170000076293945,26.030000686645508,26.07900047302246,16.921070098876953,57000
2018-08-28,26.079999923706055,26.190000534057617,26.059999465942383,26.190000534057617,16.99308967590332,68000
2018-08-29,26.18000030517578,26.18000030517578,26.100000381469727,26.110000610351562,16.941179275512695,30000
2018-08-30,26.15999984741211,26.18000030517578,26.110000610351562,26.149999618530273,16.967134475708008,26800
2018-08-31,26.200000762939453,26.239999771118164,26.110000610351562,26.110000610351562,16.941179275512695,41200
2018-09-04,26.110000610351562,26.190000534057617,26.0,26.024999618530273,16.886028289794922,47800
2018-09-05,26.079999923706055,26.1299991607666,26.030000686645508,26.08799934387207,16.926904678344727,26000
2018-09-06,26.1299991607666,26.1299991607666,26.040000915527344,26.059999465942383,16.90873908996582,28400
2018-09-07,26.110000610351562,26.110000610351562,25.90999984741211,26.0,16.869808197021484,21000
2018-09-10,26.06999969482422,26.100000381469727,25.964000701904297,26.06999969482422,16.91522216796875,81100
2018-09-11,26.100000381469727,26.1299991607666,26.030000686645508,26.100000381469727,16.934688568115234,81000
2018-09-12,26.139999389648438,26.149999618530273,26.030000686645508,26.139999389648438,16.960643768310547,39400
2018-09-13,26.170000076293945,26.190000534057617,26.100000381469727,26.1200008392334,16.947669982910156,29000
2018-09-14,26.1299991607666,26.190000534057617,26.049999237060547,26.139999389648438,16.960643768310547,10800
2018-09-17,26.170000076293945,26.170000076293945,26.059999465942383,26.139999389648438,16.960643768310547,14600
2018-09-18,26.09000015258789,26.1299991607666,26.049999237060547,26.100000381469727,16.934688568115234,59100
2018-09-19,26.200000762939453,26.200000762939453,26.010000228881836,26.100000381469727,16.934688568115234,42400
2018-09-20,26.100000381469727,26.200000762939453,26.059999465942383,26.200000762939453,16.999576568603516,174800
2018-09-21,26.219999313354492,26.219999313354492,26.100000381469727,26.15999984741211,16.973621368408203,42700
2018-09-24,26.190000534057617,26.239999771118164,26.149999618530273,26.209999084472656,17.006061553955078,55000
2018-09-25,26.219999313354492,26.219999313354492,26.139999389648438,26.200000762939453,16.999576568603516,46500
2018-09-26,26.200000762939453,26.309999465942383,26.18899917602539,26.239999771118164,17.025529861450195,69200
2018-09-27,26.309999465942383,26.579999923706055,26.239999771118164,26.3799991607666,17.116369247436523,56300
2018-09-28,26.389999389648438,26.459999084472656,26.309999465942383,26.399999618530273,17.129343032836914,154100
2018-10-01,26.43000030517578,26.43000030517578,26.229999542236328,26.290000915527344,17.05797576904297,110000
2018-10-02,26.25,26.350000381469727,26.209999084472656,26.34000015258789,17.09041976928711,105900
2018-10-03,26.329999923706055,26.420000076293945,25.920000076293945,26.100000381469727,16.934688568115234,183100
2018-10-04,26.049999237060547,26.049999237060547,25.799999237060547,25.860000610351562,16.778972625732422,67500
2018-10-05,25.81999969482422,26.0,25.719999313354492,25.959999084472656,16.843852996826172,84600
2018-10-08,25.959999084472656,26.110000610351562,25.670000076293945,25.770000457763672,16.720577239990234,155400
2018-10-09,25.770000457763672,25.850000381469727,25.719999313354492,25.81999969482422,16.753015518188477,254100
2018-10-10,25.790000915527344,25.84000015258789,25.520000457763672,25.760000228881836,16.71409034729004,117200
2018-10-11,25.760000228881836,25.864999771118164,25.690000534057617,25.719999313354492,16.68813133239746,160400
2018-10-12,25.760000228881836,25.93000030517578,25.739999771118164,25.770000457763672,16.720577239990234,120900
2018-10-15,25.8700008392334,25.889999389648438,25.649999618530273,25.700000762939453,16.67515754699707,186500
2018-10-16,25.799999237060547,25.860000610351562,25.719999313354492,25.729999542236328,16.69462013244629,101800
2018-10-17,25.790000915527344,25.809999465942383,25.670000076293945,25.690000534057617,16.668668746948242,280800
2018-10-18,25.639999389648438,25.729999542236328,25.579999923706055,25.69300079345703,16.67061424255371,192700
2018-10-19,25.780000686645508,25.799999237060547,25.65999984741211,25.75,16.70760154724121,1975100
2018-10-22,25.690000534057617,25.739999771118164,25.639999389648438,25.739999771118164,16.70111083984375,106800
2018-10-23,25.709999084472656,25.770000457763672,25.6299991607666,25.719999313354492,16.68813133239746,62100
2018-10-24,25.760000228881836,25.809999465942383,25.68000030517578,25.729999542236328,16.69462013244629,31400
2018-10-25,25.6299991607666,25.700000762939453,25.510000228881836,25.700000762939453,16.67515754699707,23100
2018-10-26,25.780000686645508,25.790000915527344,25.690000534057617,25.70599937438965,16.679046630859375,62600
2018-10-29,25.75,25.75,25.639999389648438,25.65999984741211,16.64920425415039,7900
2018-10-30,25.739999771118164,25.739999771118164,25.594999313354492,25.6299991607666,16.629741668701172,44100
2018-10-31,25.690000534057617,25.690000534057617,25.610000610351562,25.690000534057617,16.668668746948242,33600
2018-11-01,25.690000534057617,25.780000686645508,25.690000534057617,25.75,16.70760154724121,56000
2018-11-02,25.75,25.75,25.520000457763672,25.520000457763672,16.55836296081543,124400
2018-11-05,25.549999237060547,25.610000610351562,25.53700065612793,25.549999237060547,16.57782554626465,84400
2018-11-06,25.56999969482422,25.719999313354492,25.56999969482422,25.700000762939453,16.67515754699707,42500
2018-11-07,25.729999542236328,25.81999969482422,25.719999313354492,25.729999542236328,16.69462013244629,43000
2018-11-08,25.75,25.860000610351562,25.75,25.860000610351562,16.778972625732422,11200
2018-11-09,25.860000610351562,25.899999618530273,25.790000915527344,25.889999389648438,16.79843521118164,45500
2018-11-12,25.82900047302246,25.889999389648438,25.760000228881836,25.790000915527344,16.733552932739258,11900
2018-11-13,25.81999969482422,25.81999969482422,25.739999771118164,25.81999969482422,16.753015518188477,16400
2018-11-14,25.479999542236328,25.479999542236328,25.15999984741211,25.260000228881836,16.67249298095703,158100
2018-11-15,25.260000228881836,25.290000915527344,25.079999923706055,25.110000610351562,16.573484420776367,80100
2018-11-16,25.020000457763672,25.18000030517578,24.989999771118164,25.079999923706055,16.553686141967773,23500
2018-11-19,25.200000762939453,25.200000762939453,24.959999084472656,24.959999084472656,16.474483489990234,46400
2018-11-20,24.950000762939453,24.96500015258789,24.780000686645508,24.780000686645508,16.355674743652344,74500
2018-11-21,24.790000915527344,24.959999084472656,24.790000915527344,24.920000076293945,16.448078155517578,11000
2018-11-23,24.989999771118164,24.989999771118164,24.860000610351562,24.93000030517578,16.45467758178711,7700
2018-11-26,24.979999542236328,25.118000030517578,24.90999984741211,24.90999984741211,16.44148063659668,52600
2018-11-27,24.950000762939453,24.996999740600586,24.850000381469727,24.889999389648438,16.42827606201172,29700
2018-11-28,24.950000762939453,24.961999893188477,24.799999237060547,24.84000015258789,16.395278930664062,25400
2018-11-29,24.91200065612793,24.924999237060547,24.700000762939453,24.850000381469727,16.401874542236328,35400
2018-11-30,24.7810001373291,24.93000030517578,24.739999771118164,24.850000381469727,16.401874542236328,26900
2018-12-03,24.91200065612793,24.979999542236328,24.850000381469727,24.850000381469727,16.401874542236328,35800
2018-12-04,24.8700008392334,25.280000686645508,24.510000228881836,24.690000534057617,16.296268463134766,139700
2018-12-06,24.690000534057617,24.799999237060547,24.600000381469727,24.75,16.335874557495117,30300
2018-12-07,24.798999786376953,24.850000381469727,24.610000610351562,24.6299991607666,16.256671905517578,32000
2018-12-10,24.649999618530273,24.69700050354004,24.3700008392334,24.6299991607666,16.256671905517578,27400
2018-12-11,24.729999542236328,24.729999542236328,24.549999237060547,24.579999923706055,16.22367286682129,36200
2018-12-12,24.549999237060547,24.850000381469727,24.549999237060547,24.610000610351562,16.243471145629883,17300
2018-12-13,24.600000381469727,24.729999542236328,24.549999237060547,24.59000015258789,16.230268478393555,16900
2018-12-14,24.649999618530273,24.729999542236328,24.548999786376953,24.729999542236328,16.32267189025879,30000
2018-12-17,24.700000762939453,24.729999542236328,24.299999237060547,24.309999465942383,16.045455932617188,40700
2018-12-18,24.309999465942383,24.409000396728516,23.674999237060547,23.979999542236328,15.827646255493164,79000
2018-12-19,24.0,24.0,23.527999877929688,23.886999130249023,15.766263008117676,48400
2018-12-20,23.959999084472656,23.959999084472656,22.75,23.600000381469727,15.576835632324219,99700
2018-12-21,23.850000381469727,23.850000381469727,23.280000686645508,23.709999084472656,15.649436950683594,66100
2018-12-24,23.309999465942383,23.6200008392334,23.200000762939453,23.34000015258789,15.405224800109863,30700
2018-12-26,23.43000030517578,23.43000030517578,22.805999755859375,23.3799991607666,15.43162727355957,42000
2018-12-27,23.420000076293945,23.420000076293945,22.510000228881836,22.719999313354492,14.996004104614258,75900
2018-12-28,22.75,23.270000457763672,22.610000610351562,23.100000381469727,15.246814727783203,101600
2018-12-31,23.389999389648438,23.940000534057617,23.309999465942383,23.399999618530273,15.44482707977295,92800
2019-01-02,23.420000076293945,23.700000762939453,23.15999984741211,23.68000030517578,15.629637718200684,78200
2019-01-03,23.65999984741211,23.899999618530273,23.266000747680664,23.799999237060547,15.708840370178223,44000
2019-01-04,23.940000534057617,24.34000015258789,23.899999618530273,24.15999984741211,15.946449279785156,51000
2019-01-07,24.34000015258789,24.479999542236328,24.059999465942383,24.270000457763672,16.01905632019043,50200
2019-01-08,24.389999389648438,24.415000915527344,24.1200008392334,24.290000915527344,16.032255172729492,26500
2019-01-09,24.290000915527344,24.469999313354492,24.209999084472656,24.209999084472656,15.979454040527344,60100
2019-01-10,24.280000686645508,24.280000686645508,23.875,24.030000686645508,15.860650062561035,95100
2019-01-11,24.100000381469727,24.239999771118164,24.024999618530273,24.15999984741211,15.946449279785156,77300
2019-01-14,24.25,24.259000778198242,23.950000762939453,24.06999969482422,15.88705062866211,20200
2019-01-15,24.170000076293945,24.200000762939453,24.040000915527344,24.040000915527344,15.867249488830566,30700
2019-01-16,24.170000076293945,24.280000686645508,24.049999237060547,24.1299991607666,15.926653861999512,21400
2019-01-17,24.299999237060547,24.299999237060547,24.09000015258789,24.200000762939453,15.972857475280762,29300
2019-01-18,24.329999923706055,24.549999237060547,24.270000457763672,24.360000610351562,16.07845687866211,99100
2019-01-22,24.25,24.382999420166016,24.110000610351562,24.209999084472656,15.979454040527344,54700
2019-01-23,24.389999389648438,24.690000534057617,24.222000122070312,24.600000381469727,16.23687171936035,51100
2019-01-24,24.649999618530273,24.899999618530273,24.600000381469727,24.75,16.335874557495117,125900
2019-01-25,24.790000915527344,25.1200008392334,24.75,25.09000015258789,16.56028938293457,90800
2019-01-28,25.149999618530273,25.149999618530273,24.950000762939453,25.1200008392334,16.58008575439453,43600
2019-01-29,25.260000228881836,25.260000228881836,25.010000228881836,25.010000228881836,16.50748062133789,32600
2019-01-30,25.139999389648438,25.25,25.010000228881836,25.06999969482422,16.547088623046875,29800
2019-01-31,25.06999969482422,25.459999084472656,25.06999969482422,25.440000534057617,16.791296005249023,56200
2019-02-01,25.440000534057617,25.8700008392334,25.0310001373291,25.5,16.830894470214844,124400
2019-02-04,25.5,25.690000534057617,25.350000381469727,25.450000762939453,16.79789924621582,21800
2019-02-05,25.469999313354492,25.68000030517578,25.3799991607666,25.6299991607666,16.91670799255371,21100
2019-02-06,25.490999221801758,25.600000381469727,25.200000762939453,25.200000762939453,16.632888793945312,17200
2019-02-07,25.350000381469727,25.350000381469727,25.15999984741211,25.170000076293945,16.613088607788086,25900
2019-02-08,25.25,25.510000228881836,25.100000381469727,25.510000228881836,16.83749771118164,19100
2019-02-11,25.540000915527344,25.540000915527344,25.40999984741211,25.479999542236328,16.817697525024414,11400
2019-02-12,25.540000915527344,25.59000015258789,25.413999557495117,25.59000015258789,16.890304565429688,15700
2019-02-13,25.600000381469727,25.700000762939453,25.549999237060547,25.700000762939453,16.962909698486328,16600
2019-02-14,25.34000015258789,25.389999389648438,25.236000061035156,25.360000610351562,17.02871322631836,21300
2019-02-15,25.440000534057617,25.610000610351562,25.43000030517578,25.610000610351562,17.196582794189453,18400
2019-02-19,25.739999771118164,25.75,25.59000015258789,25.719999313354492,17.270444869995117,18800
2019-02-20,25.799999237060547,25.799999237060547,25.690000534057617,25.75,17.290590286254883,22800
2019-02-21,25.829999923706055,25.850000381469727,25.635000228881836,25.709999084472656,17.263731002807617,18300
2019-02-22,25.709999084472656,25.770000457763672,25.5,25.610000610351562,17.196582794189453,11400
2019-02-25,25.780000686645508,25.780000686645508,25.450000762939453,25.450000762939453,17.08914566040039,20500
2019-02-26,25.5,25.5,25.049999237060547,25.049999237060547,16.820552825927734,38700
2019-02-27,25.020000457763672,25.100000381469727,24.760000228881836,24.899999618530273,16.719831466674805,70000
2019-02-28,24.969999313354492,25.059999465942383,24.56999969482422,24.56999969482422,16.498241424560547,129300
2019-03-01,24.700000762939453,24.989999771118164,24.700000762939453,24.899999618530273,16.719831466674805,76200
2019-03-04,25.100000381469727,25.100000381469727,24.829999923706055,24.84000015258789,16.679546356201172,118800
2019-03-05,24.920000076293945,25.0,24.799999237060547,25.0,16.786983489990234,44900
2019-03-06,24.989999771118164,25.06999969482422,24.917999267578125,25.059999465942383,16.8272705078125,36100
2019-03-07,25.06999969482422,25.06999969482422,24.90999984741211,24.90999984741211,16.72654914855957,21400
2019-03-08,24.969999313354492,24.969999313354492,24.799999237060547,24.829999923706055,16.672828674316406,13500
2019-03-11,24.889999389648438,25.049999237060547,24.579999923706055,24.790000915527344,16.645967483520508,26900
2019-03-12,24.799999237060547,24.950000762939453,24.743999481201172,24.809999465942383,16.659404754638672,25300
2019-03-13,24.850000381469727,25.020000457763672,24.850000381469727,25.020000457763672,16.800411224365234,20800
2019-03-14,25.079999923706055,25.079999923706055,24.950000762939453,24.969999313354492,16.766836166381836,62700
2019-03-15,25.0,25.023000717163086,24.81999969482422,24.969999313354492,16.766836166381836,40100
2019-03-18,25.030000686645508,25.31999969482422,25.030000686645508,25.239999771118164,16.948135375976562,22900
2019-03-19,25.299999237060547,25.299999237060547,25.040000915527344,25.06999969482422,16.833986282348633,26400
2019-03-20,25.139999389648438,25.139999389648438,25.010000228881836,25.010000228881836,16.79369354248047,30500
2019-03-21,25.100000381469727,25.239999771118164,25.09600067138672,25.170000076293945,16.901132583618164,10900
2019-03-22,25.290000915527344,25.290000915527344,25.149999618530273,25.15999984741211,16.894412994384766,18300
2019-03-25,25.200000762939453,25.299999237060547,25.079999923706055,25.079999923706055,16.8406982421875,12700
2019-03-26,25.040000915527344,25.200000762939453,25.030000686645508,25.139999389648438,16.880985260009766,25000
2019-03-27,25.209999084472656,25.31999969482422,25.15999984741211,25.270000457763672,16.968278884887695,38700
2019-03-28,25.290000915527344,25.290000915527344,25.100000381469727,25.174999237060547,16.90448570251465,50200
2019-03-29,25.290000915527344,25.469999313354492,25.139999389648438,25.469999313354492,17.102577209472656,92500
2019-04-01,25.540000915527344,25.8700008392334,25.530000686645508,25.8700008392334,17.37116813659668,21200
2019-04-02,25.8700008392334,25.8700008392334,25.75,25.780000686645508,17.310733795166016,16100
2019-04-03,25.81999969482422,26.34000015258789,25.600000381469727,26.15999984741211,17.565895080566406,38300
2019-04-04,26.149999618530273,26.25,26.023000717163086,26.239999771118164,17.61961555480957,17000
2019-04-05,26.280000686645508,26.290000915527344,26.149999618530273,26.219999313354492,17.606185913085938,37500
2019-04-08,26.219999313354492,26.2549991607666,26.040000915527344,26.040000915527344,17.485319137573242,24900
2019-04-09,26.260000228881836,26.260000228881836,25.979999542236328,25.979999542236328,17.445032119750977,7000
2019-04-10,26.149999618530273,26.25,25.986000061035156,26.25,17.626333236694336,32300
2019-04-11,26.18000030517578,26.18000030517578,25.951000213623047,25.989999771118164,17.45174217224121,23100
2019-04-12,26.020000457763672,26.097000122070312,25.989999771118164,25.989999771118164,17.45174217224121,8000
2019-04-15,26.049999237060547,26.100000381469727,25.959999084472656,26.010000228881836,17.465173721313477,17600
2019-04-16,25.979999542236328,26.190000534057617,25.979999542236328,26.190000534057617,17.586044311523438,25500
2019-04-17,26.190000534057617,26.290000915527344,26.010000228881836,26.059999465942383,17.49875259399414,30900
2019-04-18,26.1200008392334,26.149999618530273,25.979999542236328,25.979999542236328,17.445032119750977,17100
2019-04-22,26.06999969482422,26.149999618530273,25.940000534057617,25.940000534057617,17.418174743652344,12800
2019-04-23,26.030000686645508,26.18000030517578,26.030000686645508,26.1200008392334,17.53904151916504,21900
2019-04-24,26.18000030517578,26.190000534057617,26.079999923706055,26.110000610351562,17.532320022583008,6600
2019-04-25,26.18000030517578,26.229999542236328,26.049999237060547,26.09000015258789,17.51889419555664,17400
2019-04-26,26.100000381469727,26.18899917602539,25.959999084472656,25.969999313354492,17.438316345214844,14500
2019-04-29,26.09000015258789,26.200000762939453,26.065000534057617,26.15999984741211,17.565895080566406,17700
2019-04-30,26.190000534057617,26.190000534057617,25.850000381469727,25.850000381469727,17.357736587524414,87500
2019-05-01,26.0,26.040000915527344,25.899999618530273,25.959999084472656,17.43160057067871,16800
2019-05-02,25.979999542236328,25.979999542236328,25.90999984741211,25.90999984741211,17.398027420043945,5200
2019-05-03,25.989999771118164,26.06999969482422,25.93000030517578,26.010000228881836,17.465173721313477,11800
2019-05-06,26.09000015258789,26.100000381469727,25.93000030517578,26.100000381469727,17.525606155395508,8300
2019-05-07,26.139999389648438,26.15999984741211,25.940000534057617,26.15999984741211,17.565895080566406,10700
2019-05-08,26.06999969482422,26.25,26.06999969482422,26.200000762939453,17.592754364013672,8700
2019-05-09,26.290000915527344,26.290000915527344,26.0,26.18000030517578,17.579328536987305,22500
2019-05-10,26.350000381469727,26.350000381469727,26.1200008392334,26.270000457763672,17.639760971069336,12900
2019-05-13,26.239999771118164,26.239999771118164,26.100000381469727,26.110000610351562,17.532320022583008,13400
2019-05-14,25.920000076293945,25.920000076293945,25.829999923706055,25.850000381469727,17.653888702392578,22500
2019-05-15,25.889999389648438,26.049999237060547,25.829999923706055,25.969999313354492,17.7358341217041,22500
2019-05-16,25.969999313354492,26.31999969482422,25.969999313354492,26.209999084472656,17.89974021911621,13000
2019-05-17,26.260000228881836,26.260000228881836,26.0,26.097999572753906,17.82324981689453,7600
2019-05-20,26.020000457763672,26.09000015258789,25.770000457763672,25.770000457763672,17.599252700805664,23700
2019-05-21,25.920000076293945,25.95599937438965,25.780000686645508,25.889999389648438,17.681201934814453,17200
2019-05-22,25.959999084472656,26.06999969482422,25.8700008392334,26.06999969482422,17.80413055419922,12800
2019-05-23,25.8700008392334,25.989999771118164,25.860000610351562,25.950000762939453,17.722177505493164,10700
2019-05-24,26.0,26.0,25.899999618530273,25.989999771118164,17.749494552612305,9600
2019-05-28,25.959999084472656,26.09000015258789,25.950000762939453,26.09000015258789,17.817794799804688,19000
2019-05-29,25.899999618530273,26.040000915527344,25.829999923706055,25.989999771118164,17.749494552612305,34200
2019-05-30,26.06999969482422,26.06999969482422,25.89699935913086,25.989999771118164,17.749494552612305,33200
2019-05-31,25.959999084472656,25.959999084472656,25.690000534057617,25.690000534057617,17.54461669921875,81400
2019-06-03,25.81999969482422,25.93000030517578,25.739999771118164,25.84600067138672,17.65115737915039,18800
2019-06-04,25.780000686645508,26.0,25.780000686645508,25.899999618530273,17.688032150268555,33600
2019-06-05,25.979999542236328,25.979999542236328,25.88800048828125,25.979999542236328,17.742666244506836,4600
2019-06-06,26.040000915527344,26.040000915527344,25.959999084472656,25.976999282836914,17.74062156677246,27800
2019-06-07,26.0,26.05500030517578,25.979999542236328,26.030000686645508,17.776813507080078,22100
2019-06-10,26.0,26.09000015258789,26.0,26.010000228881836,17.763154983520508,17500
2019-06-11,26.06999969482422,26.079999923706055,25.849000930786133,25.889999389648438,17.681201934814453,24400
2019-06-12,25.940000534057617,26.020000457763672,25.920000076293945,25.979999542236328,17.742666244506836,43700
2019-06-13,26.049999237060547,26.1200008392334,26.014999389648438,26.06999969482422,17.80413055419922,42500
2019-06-14,26.1200008392334,26.1299991607666,26.0,26.1299991607666,17.845108032226562,10000
2019-06-17,26.1299991607666,26.1299991607666,26.0,26.0,17.75632667541504,8500
2019-06-18,26.1299991607666,26.229999542236328,26.09000015258789,26.139999389648438,17.85193634033203,36800
2019-06-19,26.1299991607666,26.1299991607666,25.889999389648438,25.899999618530273,17.688032150268555,39500
2019-06-20,25.989999771118164,26.075000762939453,25.969999313354492,25.979999542236328,17.742666244506836,44300
2019-06-21,26.030000686645508,26.100000381469727,25.959999084472656,26.0,17.75632667541504,30100
2019-06-24,26.0,26.020000457763672,25.90999984741211,25.90999984741211,17.69486427307129,13400
2019-06-25,25.920000076293945,26.049999237060547,25.920000076293945,26.0,17.75632667541504,33800
2019-06-26,26.049999237060547,26.049999237060547,25.8799991607666,25.90999984741211,17.69486427307129,14100
2019-06-27,25.90999984741211,26.020000457763672,25.81999969482422,25.829999923706055,17.640226364135742,25300
2019-06-28,25.8799991607666,25.89900016784668,25.709999084472656,25.719999313354492,17.565105438232422,113800
2019-07-01,25.799999237060547,25.90999984741211,25.770000457763672,25.850000381469727,17.653888702392578,22400
2019-07-02,25.940000534057617,26.5,25.940000534057617,26.31999969482422,17.97486686706543,56800
2019-07-03,26.299999237060547,26.42099952697754,26.152000427246094,26.280000686645508,17.94754981994629,11100
2019-07-05,26.200000762939453,26.200000762939453,26.03700065612793,26.200000762939453,17.892913818359375,9100
2019-07-08,26.200000762939453,26.260000228881836,26.1299991607666,26.200000762939453,17.892913818359375,16200
2019-07-09,26.190000534057617,26.270000457763672,26.145999908447266,26.149999618530273,17.858768463134766,7600
2019-07-10,26.059999465942383,26.235000610351562,26.059999465942383,26.149999618530273,17.858768463134766,11400
2019-07-11,26.229999542236328,26.229999542236328,26.03499984741211,26.149999618530273,17.858768463134766,8400
2019-07-12,26.200000762939453,26.25,26.010000228881836,26.25,17.927059173583984,8800
2019-07-15,26.139999389648438,26.295000076293945,26.139999389648438,26.229999542236328,17.913402557373047,10400
2019-07-16,26.190000534057617,26.299999237060547,26.183000564575195,26.299999237060547,17.961206436157227,12600
2019-07-17,26.299999237060547,26.469999313354492,26.209999084472656,26.31999969482422,17.97486686706543,47000
2019-07-18,26.31999969482422,26.729999542236328,26.260000228881836,26.600000381469727,18.166086196899414,41400
2019-07-19,26.700000762939453,26.739999771118164,26.530000686645508,26.709999084472656,18.241209030151367,34200
2019-07-22,26.690000534057617,26.729999542236328,26.479999542236328,26.479999542236328,18.084135055541992,22000
2019-07-23,26.6200008392334,26.81999969482422,26.59000015258789,26.700000762939453,18.2343807220459,67800
2019-07-24,26.760000228881836,26.760000228881836,26.6200008392334,26.670000076293945,18.213890075683594,29400
2019-07-25,26.739999771118164,26.739999771118164,26.399999618530273,26.40999984741211,18.03632926940918,28800
2019-07-26,26.479999542236328,26.600000381469727,26.46500015258789,26.520000457763672,18.111454010009766,25500
2019-07-29,26.6200008392334,26.690000534057617,26.59000015258789,26.59000015258789,18.159259796142578,31500
2019-07-30,26.649999618530273,26.649999618530273,26.5,26.579999923706055,18.152427673339844,14000
2019-07-31,26.670000076293945,26.719999313354492,26.479999542236328,26.489999771118164,18.090961456298828,88700
2019-08-01,26.59000015258789,26.719999313354492,26.575000762939453,26.68000030517578,18.220722198486328,14500
2019-08-02,26.829999923706055,26.979999542236328,26.68000030517578,26.899999618530273,18.370967864990234,12300
2019-08-05,26.68000030517578,26.7810001373291,26.68000030517578,26.68000030517578,18.220722198486328,5800
2019-08-06,26.690000534057617,26.700000762939453,26.6299991607666,26.690000534057617,18.227550506591797,15700
2019-08-07,26.670000076293945,26.700000762939453,26.440000534057617,26.520000457763672,18.111454010009766,21700
2019-08-08,26.700000762939453,26.700000762939453,26.530000686645508,26.639999389648438,18.19340705871582,18400
2019-08-09,26.65999984741211,26.690000534057617,26.520000457763672,26.690000534057617,18.227550506591797,10200
2019-08-12,26.700000762939453,26.784000396728516,26.570999145507812,26.780000686645508,18.289011001586914,34500
2019-08-13,26.739999771118164,26.905000686645508,26.709999084472656,26.860000610351562,18.343650817871094,22000
2019-08-14,26.489999771118164,26.489999771118164,26.260000228881836,26.489999771118164,18.390859603881836,24500
2019-08-15,26.56999969482422,26.59000015258789,26.469999313354492,26.59000015258789,18.460285186767578,12200
2019-08-16,26.649999618530273,26.649999618530273,26.375999450683594,26.3799991607666,18.31448745727539,17400
2019-08-19,26.489999771118164,26.489999771118164,26.350000381469727,26.459999084472656,18.370033264160156,8700
2019-08-20,26.5,26.649999618530273,26.430999755859375,26.56999969482422,18.44639778137207,13500
2019-08-21,26.6299991607666,26.82900047302246,26.582000732421875,26.760000228881836,18.57830810546875,14900
2019-08-22,26.889999389648438,26.90999984741211,26.740999221801758,26.860000610351562,18.647735595703125,28400
2019-08-23,26.850000381469727,26.969999313354492,26.6200008392334,26.6200008392334,18.48111343383789,17200
2019-08-26,26.799999237060547,26.799999237060547,26.3799991607666,26.579999923706055,18.453344345092773,31500
2019-08-27,26.59000015258789,26.719999313354492,26.549999237060547,26.65999984741211,18.508882522583008,28600
2019-08-28,26.75,26.93000030517578,26.75,26.84000015258789,18.633852005004883,38900
2019-08-29,26.8700008392334,26.8700008392334,26.711999893188477,26.75,18.571369171142578,29700
2019-08-30,26.809999465942383,26.834999084472656,26.690000534057617,26.690000534057617,18.529712677001953,99300
2019-09-03,26.739999771118164,26.82900047302246,26.69300079345703,26.760000228881836,18.57830810546875,20500
2019-09-04,26.989999771118164,26.989999771118164,26.84000015258789,26.950000762939453,18.71021842956543,28600
2019-09-05,26.989999771118164,27.049999237060547,26.8700008392334,27.049999237060547,18.779644012451172,11900
2019-09-06,27.100000381469727,27.3799991607666,26.947999954223633,27.3799991607666,19.008750915527344,21800
2019-09-09,27.3700008392334,27.3700008392334,26.90999984741211,27.049999237060547,18.779644012451172,19400
2019-09-10,27.049999237060547,27.1299991607666,26.989999771118164,26.989999771118164,18.737985610961914,17100
2019-09-11,26.979999542236328,27.170000076293945,26.760000228881836,27.170000076293945,18.862953186035156,30600
2019-09-12,27.190000534057617,27.190000534057617,27.035999298095703,27.190000534057617,18.87683868408203,13000
2019-09-13,27.027999877929688,27.1299991607666,26.549999237060547,26.850000381469727,18.640792846679688,36400
2019-09-16,27.09000015258789,27.09000015258789,26.790000915527344,26.899999618530273,18.675504684448242,20400
2019-09-17,26.969999313354492,26.976999282836914,26.8799991607666,26.959999084472656,18.717161178588867,8300
2019-09-18,27.020000457763672,27.06999969482422,26.829999923706055,26.899999618530273,18.675504684448242,13600
2019-09-19,27.0,27.14299964904785,27.0,27.049999237060547,18.779644012451172,22500
2019-09-20,27.1200008392334,27.142000198364258,27.0,27.1299991607666,18.83518409729004,7200
2019-09-23,27.1200008392334,27.260000228881836,27.1200008392334,27.219999313354492,18.89767074584961,10200
2019-09-24,27.270000457763672,27.270000457763672,27.1299991607666,27.149999618530273,18.849069595336914,8500
2019-09-25,27.229999542236328,27.229999542236328,27.030000686645508,27.139999389648438,18.84212303161621,11700
2019-09-26,27.190000534057617,27.229999542236328,27.118999481201172,27.139999389648438,18.84212303161621,21700
2019-09-27,27.25,27.25,27.020000457763672,27.110000610351562,18.821298599243164,35400
2019-09-30,27.049999237060547,27.1200008392334,26.979999542236328,27.1200008392334,18.82823944091797,68300
2019-10-01,27.100000381469727,27.40999984741211,27.04599952697754,27.3799991607666,19.008750915527344,26100
2019-10-02,27.350000381469727,27.350000381469727,27.049999237060547,27.1200008392334,18.82823944091797,13600
2019-10-03,27.209999084472656,27.209999084472656,27.059999465942383,27.06999969482422,18.793527603149414,11000
2019-10-04,27.200000762939453,27.290000915527344,27.09000015258789,27.09000015258789,18.80741310119629,49300
2019-10-07,27.100000381469727,27.200000762939453,27.059999465942383,27.200000762939453,18.883779525756836,20600
2019-10-08,27.239999771118164,27.239999771118164,27.059999465942383,27.15999984741211,18.856008529663086,11500
2019-10-09,27.290000915527344,27.290000915527344,27.110000610351562,27.1200008392334,18.82823944091797,19500
2019-10-10,27.18000030517578,27.219999313354492,26.959999084472656,27.040000915527344,18.772701263427734,160600
2019-10-11,27.100000381469727,27.229999542236328,27.079999923706055,27.1299991607666,18.83518409729004,7400
2019-10-14,27.239999771118164,27.469999313354492,27.239999771118164,27.450000762939453,19.057344436645508,12000
2019-10-15,27.479999542236328,27.479999542236328,27.25,27.260000228881836,18.925439834594727,25200
2019-10-16,27.389999389648438,27.489999771118164,27.260000228881836,27.43000030517578,19.0434627532959,20500
2019-10-17,27.31999969482422,27.350000381469727,27.25200080871582,27.280000686645508,18.9393253326416,29100
2019-10-18,27.350000381469727,27.350000381469727,26.969999313354492,27.010000228881836,18.751873016357422,94800
2019-10-21,27.040000915527344,27.040000915527344,26.93000030517578,26.940000534057617,18.703271865844727,37900
2019-10-22,27.0,27.049999237060547,26.899999618530273,27.010000228881836,18.751873016357422,38100
2019-10-23,27.040000915527344,27.200000762939453,27.040000915527344,27.100000381469727,18.814353942871094,41400
2019-10-24,27.15999984741211,27.420000076293945,27.149999618530273,27.34000015258789,18.980979919433594,30700
2019-10-25,27.344999313354492,27.43000030517578,27.299999237060547,27.309999465942383,18.96015167236328,122700
2019-10-28,27.40999984741211,27.43000030517578,27.299999237060547,27.389999389648438,19.01568603515625,16100
2019-10-29,27.43000030517578,27.440000534057617,27.356000900268555,27.399999618530273,19.022634506225586,14500
2019-10-30,27.450000762939453,27.450000762939453,27.299999237060547,27.350000381469727,18.9879207611084,26300
2019-10-31,27.43000030517578,27.5,27.329999923706055,27.360000610351562,18.99486541748047,150100
2019-11-01,27.489999771118164,27.549999237060547,27.450000762939453,27.549999237060547,19.126771926879883,20500
2019-11-04,27.59000015258789,27.59000015258789,27.3799991607666,27.559999465942383,19.133712768554688,31900
2019-11-05,27.520000457763672,27.56999969482422,27.479999542236328,27.520000457763672,19.10594367980957,10700
2019-11-06,27.549999237060547,27.575000762939453,27.399999618530273,27.399999618530273,19.022634506225586,31200
2019-11-07,27.469999313354492,27.469999313354492,27.34000015258789,27.399999618530273,19.022634506225586,22900
2019-11-08,27.510000228881836,27.599000930786133,27.510000228881836,27.530000686645508,19.112886428833008,14300
2019-11-11,27.559999465942383,27.59000015258789,27.459999084472656,27.530000686645508,19.112886428833008,9100
2019-11-12,27.59000015258789,27.59000015258789,27.489999771118164,27.489999771118164,19.085119247436523,14700
2019-11-13,27.59000015258789,27.639999389648438,27.489999771118164,27.59000015258789,19.154544830322266,21300
2019-11-14,27.209999084472656,27.290000915527344,27.118999481201172,27.149999618530273,19.15313148498535,17100
2019-11-15,27.219999313354492,27.219999313354492,27.020000457763672,27.100000381469727,19.117856979370117,22600
2019-11-18,27.1299991607666,27.1299991607666,26.950000762939453,26.950000762939453,19.012042999267578,9100
2019-11-19,27.020000457763672,27.020000457763672,26.950000762939453,26.950000762939453,19.012042999267578,13300
2019-11-20,27.040000915527344,27.040000915527344,26.920000076293945,26.920000076293945,18.990877151489258,8200
2019-11-21,27.049999237060547,27.049999237060547,26.929000854492188,26.929000854492188,18.997224807739258,7900
2019-11-22,27.1299991607666,27.1299991607666,26.992000579833984,27.059999465942383,19.089641571044922,17200
2019-11-25,27.079999923706055,27.110000610351562,27.030000686645508,27.06999969482422,19.09669303894043,14600
2019-11-26,27.139999389648438,27.165000915527344,27.100000381469727,27.110000610351562,19.124914169311523,13500
2019-11-27,27.1200008392334,27.18600082397461,27.0,27.0,19.047311782836914,17800
2019-11-29,27.040000915527344,27.040000915527344,26.719999313354492,26.719999313354492,18.84978485107422,58000
2019-12-02,26.81999969482422,26.875,26.68000030517578,26.690000534057617,18.82862091064453,15300
2019-12-03,26.75,26.799999237060547,26.6299991607666,26.790000915527344,18.899166107177734,22500
2019-12-04,26.899999618530273,26.899999618530273,26.729999542236328,26.860000610351562,18.948551177978516,13200
2019-12-05,26.84000015258789,26.899999618530273,26.799999237060547,26.8700008392334,18.95560646057129,22100
2019-12-06,26.84000015258789,26.940000534057617,26.770000457763672,26.920000076293945,18.990877151489258,8100
2019-12-09,26.920000076293945,26.969999313354492,26.75,26.969999313354492,19.026151657104492,7500
2019-12-10,26.940000534057617,26.989999771118164,26.8700008392334,26.90999984741211,18.983823776245117,21300
2019-12-11,26.959999084472656,27.049999237060547,26.899999618530273,27.049999237060547,19.082584381103516,11500
2019-12-12,27.0,27.0,26.81999969482422,26.8799991607666,18.962656021118164,51400
2019-12-13,26.950000762939453,27.059999465942383,26.8700008392334,27.059999465942383,19.089641571044922,4700
2019-12-16,27.079999923706055,27.229999542236328,27.0,27.219999313354492,19.202512741088867,20000
2019-12-17,27.229999542236328,27.280000686645508,27.160999298095703,27.280000686645508,19.244842529296875,8100
2019-12-18,27.190000534057617,27.579999923706055,27.18000030517578,27.520000457763672,19.414148330688477,25300
2019-12-19,27.510000228881836,27.53700065612793,27.3799991607666,27.40999984741211,19.336549758911133,17700
2019-12-20,27.40999984741211,27.489999771118164,27.360000610351562,27.424999237060547,19.347129821777344,37800
2019-12-23,27.479999542236328,27.610000610351562,27.464000701904297,27.530000686645508,19.421205520629883,10200
2019-12-24,27.56999969482422,27.610000610351562,27.520000457763672,27.520000457763672,19.414148330688477,4500
2019-12-26,27.65999984741211,27.65999984741211,27.450000762939453,27.450000762939453,19.364770889282227,6900
2019-12-27,27.639999389648438,27.760000228881836,27.530000686645508,27.760000228881836,19.58346176147461,15200
2019-12-30,27.770000457763672,27.93000030517578,27.770000457763672,27.90999984741211,19.68927574157715,22800
2019-12-31,27.8700008392334,27.920000076293945,27.690000534057617,27.920000076293945,19.696331024169922,6700
2020-01-02,27.899999618530273,28.219999313354492,27.850000381469727,28.219999313354492,19.90796661376953,36600
2020-01-03,28.260000228881836,28.56999969482422,28.209999084472656,28.56999969482422,20.154874801635742,14600
2020-01-06,28.530000686645508,28.59000015258789,28.309999465942383,28.399999618530273,20.034950256347656,24900
2020-01-07,28.489999771118164,28.489999771118164,27.979999542236328,28.020000457763672,19.766878128051758,37700
2020-01-08,28.059999465942383,28.280000686645508,28.0,28.270000457763672,19.94324493408203,31800
2020-01-09,28.280000686645508,28.43000030517578,28.190000534057617,28.43000030517578,20.056116104125977,30000
2020-01-10,28.450000762939453,28.690000534057617,28.389999389648438,28.690000534057617,20.239532470703125,17100
2020-01-13,28.68000030517578,28.84000015258789,28.469999313354492,28.829999923706055,20.338298797607422,25100
2020-01-14,28.829999923706055,28.829999923706055,28.6299991607666,28.739999771118164,20.274805068969727,23600
2020-01-15,28.639999389648438,28.799999237060547,28.579999923706055,28.799999237060547,20.31713104248047,22000
2020-01-16,28.799999237060547,28.799999237060547,28.600000381469727,28.68000030517578,20.232479095458984,19900
2020-01-17,28.700000762939453,28.700000762939453,28.510000228881836,28.6299991607666,20.197206497192383,18900
2020-01-21,28.690000534057617,28.790000915527344,28.479999542236328,28.479999542236328,20.091386795043945,18300
2020-01-22,28.6200008392334,28.715999603271484,28.59000015258789,28.59000015258789,20.168987274169922,3600
2020-01-23,28.690000534057617,28.690000534057617,28.485000610351562,28.559999465942383,20.147829055786133,18900
2020-01-24,28.649999618530273,28.649999618530273,28.489999771118164,28.600000381469727,20.176050186157227,28200
2020-01-27,28.56999969482422,28.65999984741211,28.530000686645508,28.54800033569336,20.139362335205078,4800
2020-01-28,28.65999984741211,28.690000534057617,28.530000686645508,28.6200008392334,20.19015121459961,11700
2020-01-29,28.690000534057617,28.829999923706055,28.68000030517578,28.81999969482422,20.331239700317383,17300
2020-01-30,28.780000686645508,28.964000701904297,28.739999771118164,28.850000381469727,20.352407455444336,13800
2020-01-31,28.969999313354492,29.020000457763672,28.799999237060547,28.979999542236328,20.444114685058594,24000
2020-02-03,28.979999542236328,29.0,28.940000534057617,28.969999313354492,20.437061309814453,7400
2020-02-04,29.09000015258789,29.09000015258789,29.01099967956543,29.020000457763672,20.472335815429688,8900
2020-02-05,28.84000015258789,29.104999542236328,28.84000015258789,29.06999969482422,20.50760841369629,9800
2020-02-06,29.020000457763672,29.187999725341797,29.020000457763672,29.15999984741211,20.571096420288086,28500
2020-02-07,29.010000228881836,29.360000610351562,29.010000228881836,29.25,20.63459014892578,37900
2020-02-10,29.25,29.440000534057617,29.06999969482422,29.219999313354492,20.613426208496094,94500
2020-02-11,29.31999969482422,29.41200065612793,29.253999710083008,29.270000457763672,20.648698806762695,22400
2020-02-12,29.31999969482422,29.360000610351562,29.149999618530273,29.200000762939453,20.599315643310547,15600
2020-02-13,28.799999237060547,28.93000030517578,28.799999237060547,28.850000381469727,20.662343978881836,26000
2020-02-14,28.920000076293945,29.0,28.829999923706055,28.829999923706055,20.64801788330078,18800
2020-02-18,28.889999389648438,28.959999084472656,28.799999237060547,28.93000030517578,20.719635009765625,11000
2020-02-19,29.020000457763672,29.09000015258789,28.959999084472656,28.979999542236328,20.755443572998047,90000
2020-02-20,28.969999313354492,29.229999542236328,28.899999618530273,29.229999542236328,20.93449592590332,10300
2020-02-21,29.229999542236328,29.299999237060547,29.030000686645508,29.030000686645508,20.791257858276367,27800
2020-02-24,28.760000228881836,29.145000457763672,28.760000228881836,28.760000228881836,20.597885131835938,17300
2020-02-25,28.950000762939453,29.229999542236328,28.389999389648438,28.459999084472656,20.38302230834961,39400
2020-02-26,28.690000534057617,28.700000762939453,28.149999618530273,28.479999542236328,20.39734649658203,30400
2020-02-27,28.530000686645508,28.530000686645508,27.868000030517578,28.010000228881836,20.060733795166016,25300
2020-02-28,27.950000762939453,27.950000762939453,26.979999542236328,27.0,19.337371826171875,78000
2020-03-02,27.149999618530273,27.690000534057617,27.149999618530273,27.639999389648438,19.795740127563477,50700
2020-03-03,27.700000762939453,28.530000686645508,27.700000762939453,27.860000610351562,19.953304290771484,22900
2020-03-04,28.09000015258789,28.350000381469727,27.729999542236328,28.299999237060547,20.2684326171875,16900
2020-03-05,28.049999237060547,28.25,27.850000381469727,27.891000747680664,19.975507736206055,7300
2020-03-06,27.639999389648438,27.639999389648438,27.209999084472656,27.479999542236328,19.6811466217041,25400
2020-03-09,27.0,27.0,24.700000762939453,25.309999465942383,18.126996994018555,36900
2020-03-10,25.360000610351562,26.21500015258789,25.360000610351562,26.0,18.621177673339844,51700
2020-03-11,25.989999771118164,26.18000030517578,25.5,25.850000381469727,18.513744354248047,74000
2020-03-12,25.399999618530273,25.399999618530273,21.760000228881836,22.030000686645508,15.77786636352539,79500
2020-03-13,23.0,25.099000930786133,22.18000030517578,24.43000030517578,17.49673843383789,62000
2020-03-16,22.06999969482422,23.469999313354492,21.399999618530273,21.68000030517578,15.527196884155273,47200
2020-03-17,22.059999465942383,22.104999542236328,20.850000381469727,20.8700008392334,14.947074890136719,52700
2020-03-18,20.799999237060547,20.799999237060547,12.100000381469727,14.970000267028809,10.721497535705566,111700
2020-03-19,13.760000228881836,19.850000381469727,12.729999542236328,18.020000457763672,12.90590763092041,133000
2020-03-20,18.280000686645508,21.649999618530273,18.1200008392334,18.1200008392334,12.97752857208252,94200
2020-03-23,18.1299991607666,18.73900032043457,15.300000190734863,17.549999237060547,12.569292068481445,55900
2020-03-24,19.100000381469727,20.079999923706055,17.760000228881836,19.540000915527344,13.994529724121094,36100
2020-03-25,19.1299991607666,21.3799991607666,18.479999542236328,19.670000076293945,14.087632179260254,195700
2020-03-26,19.579999923706055,23.950000762939453,19.579999923706055,22.360000610351562,16.014211654663086,52700
2020-03-27,21.75,22.81999969482422,21.589000701904297,22.170000076293945,15.878132820129395,41800
2020-03-30,22.600000381469727,22.979999542236328,22.448999404907227,22.68000030517578,16.243398666381836,31000
2020-03-31,22.920000076293945,22.989999771118164,21.190000534057617,21.920000076293945,15.699085235595703,36500
2020-04-01,21.59000015258789,21.59000015258789,19.549999237060547,20.31999969482422,14.553160667419434,46200
2020-04-02,20.25,20.25,19.030000686645508,19.549999237060547,14.001690864562988,49100
2020-04-03,20.0,20.0,18.010000228881836,18.8700008392334,13.514676094055176,40800
2020-04-06,19.610000610351562,20.905000686645508,19.100000381469727,20.719999313354492,14.839646339416504,33800
2020-04-07,21.469999313354492,22.3700008392334,21.350000381469727,22.3700008392334,16.02137565612793,27000
2020-04-08,22.479999542236328,24.329999923706055,22.15999984741211,23.84000015258789,17.074188232421875,40500
2020-04-09,24.110000610351562,24.93000030517578,23.8700008392334,24.17099952697754,17.31124496459961,57000
2020-04-13,23.583999633789062,23.6299991607666,22.209999084472656,23.540000915527344,16.859325408935547,49600
2020-04-14,24.299999237060547,24.399999618530273,23.75,23.75,17.00972557067871,24800
2020-04-15,23.6299991607666,23.889999389648438,22.75,23.520000457763672,16.845003128051758,47800
2020-04-16,23.39699935913086,24.049999237060547,23.375,23.96500015258789,17.16370964050293,11900
2020-04-17,24.25,25.139999389648438,24.25,24.959999084472656,17.876325607299805,114000
2020-04-20,24.959999084472656,24.959999084472656,24.190000534057617,24.559999465942383,17.589845657348633,54500
2020-04-21,24.5,24.66900062561035,23.048999786376953,23.770000457763672,17.024049758911133,65300
2020-04-22,23.6299991607666,24.25,23.280000686645508,23.756999969482422,17.014739990234375,29200
2020-04-23,23.56999969482422,24.25,23.56999969482422,24.149999618530273,17.29620361328125,22300
2020-04-24,24.149999618530273,24.149999618530273,23.700000762939453,23.989999771118164,17.18161392211914,8700
2020-04-27,24.190000534057617,24.389999389648438,23.920000076293945,23.920000076293945,17.13148307800293,41200
2020-04-28,24.170000076293945,24.389999389648438,24.100000381469727,24.309999465942383,17.410797119140625,12900
2020-04-29,24.389999389648438,25.1200008392334,24.290000915527344,24.709999084472656,17.697275161743164,20900
2020-04-30,24.799999237060547,25.100000381469727,24.299999237060547,24.8700008392334,17.81186866760254,57700
2020-05-01,24.940000534057617,24.940000534057617,24.295000076293945,24.540000915527344,17.57552719116211,19600
2020-05-04,24.5,24.969999313354492,24.219999313354492,24.389999389648438,17.46809196472168,30200
2020-05-05,24.56999969482422,24.56999969482422,24.18000030517578,24.209999084472656,17.339176177978516,22200
2020-05-06,24.15999984741211,24.437000274658203,24.076000213623047,24.239999771118164,17.36066246032715,36600
2020-05-07,24.030000686645508,24.440000534057617,24.030000686645508,24.34000015258789,17.43228530883789,24200
2020-05-08,24.399999618530273,24.81999969482422,24.389999389648438,24.549999237060547,17.582687377929688,9800
2020-05-11,24.809999465942383,24.81999969482422,24.5,24.81999969482422,17.776060104370117,12600
2020-05-12,24.81999969482422,25.016000747680664,24.69499969482422,24.920000076293945,17.847675323486328,8400
2020-05-13,25.0,25.0,24.510000228881836,24.56999969482422,17.597009658813477,21800
2020-05-14,24.100000381469727,24.100000381469727,23.40999984741211,23.780000686645508,17.340335845947266,23100
2020-05-15,23.799999237060547,24.049999237060547,23.3799991607666,23.3799991607666,17.04865264892578,15400
2020-05-18,23.690000534057617,24.200000762939453,23.527000427246094,24.12299919128418,17.59044647216797,2900
2020-05-19,24.190000534057617,24.604999542236328,24.1299991607666,24.469999313354492,17.843481063842773,46800
2020-05-20,24.690000534057617,24.797000885009766,24.510000228881836,24.639999389648438,17.967443466186523,6600
2020-05-21,24.75,24.809999465942383,24.399999618530273,24.40999984741211,17.799724578857422,16600
2020-05-22,24.790000915527344,24.90999984741211,24.600000381469727,24.889999389648438,18.149742126464844,21800
2020-05-26,24.950000762939453,25.1299991607666,24.899999618530273,25.010000228881836,18.237245559692383,42400
2020-05-27,25.059999465942383,25.270000457763672,25.010000228881836,25.270000457763672,18.426836013793945,20500
2020-05-28,25.489999771118164,25.489999771118164,25.09000015258789,25.360000610351562,18.492467880249023,25900
2020-05-29,25.299999237060547,25.55500030517578,25.280000686645508,25.489999771118164,18.58725929260254,49800
2020-06-01,25.6200008392334,25.690000534057617,25.260000228881836,25.6200008392334,18.682058334350586,9000
2020-06-02,25.75,25.979999542236328,25.5,25.979999542236328,18.944564819335938,13500
2020-06-03,26.030000686645508,26.030000686645508,25.66200065612793,26.0,18.959148406982422,25800
2020-06-04,26.0,26.0,25.719999313354492,25.739999771118164,18.769559860229492,6100
2020-06-05,25.899999618530273,26.09000015258789,25.829999923706055,25.899999618530273,18.886232376098633,14100
2020-06-08,25.8799991607666,26.260000228881836,25.8799991607666,26.25,19.141456604003906,11200
2020-06-09,26.200000762939453,26.200000762939453,26.100000381469727,26.100000381469727,19.03207015991211,3000
2020-06-10,26.1200008392334,26.1200008392334,25.934999465942383,25.959999084472656,18.92998695373535,11500
2020-06-11,25.700000762939453,25.700000762939453,25.149999618530273,25.5,18.594552993774414,32100
2020-06-12,25.8700008392334,25.8700008392334,25.110000610351562,25.219999313354492,18.390380859375,11800
2020-06-15,25.0,25.190000534057617,24.559999465942383,24.84000015258789,18.113285064697266,19000
2020-06-16,25.290000915527344,25.530000686645508,24.899999618530273,25.440000534057617,18.550798416137695,10500
2020-06-17,25.600000381469727,25.600000381469727,25.049999237060547,25.09000015258789,18.295581817626953,8000
2020-06-18,25.1299991607666,25.1299991607666,24.790000915527344,24.8700008392334,18.13515853881836,10300
2020-06-19,24.950000762939453,25.399999618530273,24.950000762939453,25.260000228881836,18.419544219970703,10700
2020-06-22,25.299999237060547,25.299999237060547,24.68000030517578,24.68000030517578,17.99660873413086,18100
2020-06-23,24.799999237060547,24.908000946044922,24.670000076293945,24.809999465942383,18.091405868530273,8100
2020-06-24,24.65999984741211,24.829999923706055,24.399999618530273,24.540000915527344,17.89452362060547,12700
2020-06-25,24.559999465942383,24.729999542236328,24.399999618530273,24.5,17.8653564453125,12600
2020-06-26,24.5,24.700000762939453,24.139999389648438,24.315000534057617,17.730451583862305,9800
2020-06-29,24.479999542236328,24.489999771118164,24.25,24.25,17.68305778503418,19800
2020-06-30,24.290000915527344,24.469999313354492,24.1299991607666,24.219999313354492,17.661184310913086,107700
2020-07-01,24.3799991607666,24.43000030517578,24.219999313354492,24.43000030517578,17.814308166503906,6000
2020-07-02,24.530000686645508,24.979999542236328,24.530000686645508,24.860000610351562,18.127864837646484,15500
2020-07-06,24.979999542236328,24.979999542236328,24.389999389648438,24.889999389648438,18.149742126464844,17900
2020-07-07,24.8700008392334,24.8700008392334,24.639999389648438,24.65999984741211,17.982023239135742,22200
2020-07-08,24.719999313354492,24.84000015258789,24.450000762939453,24.799999237060547,18.0841121673584,29200
2020-07-09,24.829999923706055,24.829999923706055,24.6200008392334,24.790000915527344,18.07682228088379,5600
2020-07-10,24.799999237060547,24.799999237060547,24.559999465942383,24.739999771118164,18.040361404418945,10500
2020-07-13,24.75,24.878999710083008,24.59000015258789,24.6200008392334,17.952857971191406,11000
2020-07-14,24.510000228881836,24.670000076293945,24.5,24.5,17.8653564453125,6000
2020-07-15,24.56999969482422,24.90999984741211,24.5,24.90999984741211,18.164329528808594,9800
2020-07-16,24.899999618530273,25.343000411987305,24.899999618530273,25.34000015258789,18.47788429260254,12900
2020-07-17,25.239999771118164,25.479999542236328,25.239999771118164,25.43000030517578,18.543508529663086,6600
2020-07-20,25.450000762939453,25.697999954223633,25.450000762939453,25.670000076293945,18.718515396118164,5700
2020-07-21,25.8700008392334,26.15999984741211,25.575000762939453,25.665000915527344,18.714868545532227,22400
2020-07-22,25.8700008392334,25.899999618530273,25.56999969482422,25.899999618530273,18.886232376098633,14400
2020-07-23,26.100000381469727,26.440000534057617,25.389999389648438,26.100000381469727,19.03207015991211,23600
2020-07-24,26.149999618530273,26.3799991607666,26.040000915527344,26.040000915527344,18.988323211669922,4500
2020-07-27,26.100000381469727,26.3700008392334,26.100000381469727,26.22100067138672,19.12030601501465,9900
2020-07-28,26.200000762939453,26.25,25.941999435424805,26.25,19.141456604003906,6600
2020-07-29,26.25,26.809999465942383,26.149999618530273,26.809999465942383,19.5497989654541,9900
2020-07-30,26.809999465942383,27.059999465942383,26.625,26.65999984741211,19.440427780151367,13600
2020-07-31,26.969999313354492,26.969999313354492,26.4950008392334,26.829999923706055,19.564388275146484,13800
2020-08-03,26.43000030517578,26.8799991607666,26.43000030517578,26.540000915527344,19.352920532226562,16700
2020-08-04,26.520000457763672,27.079999923706055,26.309999465942383,26.3799991607666,19.236244201660156,9600
2020-08-05,26.299999237060547,26.540000915527344,25.729999542236328,25.829999923706055,18.835186004638672,17000
2020-08-06,25.969999313354492,25.969999313354492,25.670000076293945,25.690000534057617,18.73309898376465,27800
2020-08-07,25.649999618530273,25.959999084472656,25.610000610351562,25.899999618530273,18.886232376098633,26000
2020-08-10,26.030000686645508,26.81999969482422,26.030000686645508,26.81999969482422,19.557090759277344,27600
2020-08-11,26.829999923706055,27.135000228881836,26.559999465942383,26.886999130249023,19.60594940185547,12600
2020-08-12,27.0,27.645000457763672,26.920000076293945,27.260000228881836,19.877944946289062,40800
2020-08-13,27.0,27.389999389648438,26.989999771118164,27.209999084472656,20.165489196777344,25900
2020-08-14,26.860000610351562,27.415000915527344,26.860000610351562,26.979999542236328,19.99503517150879,19100
2020-08-17,27.469999313354492,27.469999313354492,26.920000076293945,27.020000457763672,20.02467918395996,10100
2020-08-18,27.0,27.350000381469727,26.850000381469727,27.350000381469727,20.26924705505371,12100
2020-08-19,27.079999923706055,27.190000534057617,26.920000076293945,27.1200008392334,20.098787307739258,10000
2020-08-20,27.520000457763672,27.520000457763672,27.048999786376953,27.229999542236328,20.18031120300293,14700
2020-08-21,27.309999465942383,27.3799991607666,27.1200008392334,27.229000091552734,20.179567337036133,11800
2020-08-24,27.479999542236328,27.479999542236328,27.1200008392334,27.360000610351562,20.276657104492188,15700
2020-08-25,27.360000610351562,27.360000610351562,27.06999969482422,27.06999969482422,20.061735153198242,17900
2020-08-26,26.8700008392334,27.260000228881836,26.8700008392334,27.149999618530273,20.12102699279785,11600
2020-08-27,27.260000228881836,27.31599998474121,27.229999542236328,27.25,20.195133209228516,14600
2020-08-28,27.469999313354492,27.469999313354492,27.079999923706055,27.139999389648438,20.113615036010742,8300
2020-08-31,27.469999313354492,27.469999313354492,26.59000015258789,26.690000534057617,19.780118942260742,32700
2020-09-01,27.1200008392334,27.1200008392334,26.711999893188477,26.711999893188477,19.79642105102539,11200
2020-09-02,26.920000076293945,26.920000076293945,26.5049991607666,26.530000686645508,19.661537170410156,15200
2020-09-03,26.780000686645508,26.780000686645508,26.43000030517578,26.6299991607666,19.735645294189453,8400
2020-09-04,26.729999542236328,26.729999542236328,26.06999969482422,26.389999389648438,19.557781219482422,7500
2020-09-08,26.31999969482422,26.34000015258789,25.899999618530273,25.940000534057617,19.22428321838379,8300
2020-09-09,26.06999969482422,26.420000076293945,26.06999969482422,26.31999969482422,19.505905151367188,9400
2020-09-10,26.459999084472656,26.479999542236328,26.290000915527344,26.290000915527344,19.483675003051758,11300
2020-09-11,26.440000534057617,26.440000534057617,26.239999771118164,26.2450008392334,19.45032501220703,9600
2020-09-14,26.420000076293945,26.690000534057617,26.1299991607666,26.636999130249023,19.74083709716797,13100
2020-09-15,26.59000015258789,26.989999771118164,26.5,26.979999542236328,19.99503517150879,10000
2020-09-16,27.09000015258789,27.295000076293945,26.969999313354492,27.0,20.009859085083008,15900
2020-09-17,26.829999923706055,27.167999267578125,26.770000457763672,27.167999267578125,20.134363174438477,6400
2020-09-18,27.25,27.25,27.040000915527344,27.132999420166016,20.108427047729492,9100
2020-09-21,27.079999923706055,27.079999923706055,26.6299991607666,26.77199935913086,19.840885162353516,7600
2020-09-22,26.979999542236328,27.18600082397461,26.8799991607666,26.8799991607666,19.92092514038086,11300
2020-09-23,27.100000381469727,27.100000381469727,26.3799991607666,26.510000228881836,19.646717071533203,11600
2020-09-24,26.670000076293945,26.670000076293945,26.149999618530273,26.149999618530273,19.379920959472656,6900
2020-09-25,26.469999313354492,26.780000686645508,26.18000030517578,26.780000686645508,19.846818923950195,13600
2020-09-28,27.0,27.02899932861328,26.649999618530273,26.93000030517578,19.95798110961914,22200
2020-09-29,27.079999923706055,27.079999923706055,26.75,26.84000015258789,19.891279220581055,6900
2020-09-30,26.959999084472656,27.104999542236328,26.270000457763672,26.270000457763672,19.46885108947754,43300
2020-10-01,26.5,26.729999542236328,26.371000289916992,26.700000762939453,19.78752899169922,14300
2020-10-02,26.600000381469727,26.920000076293945,26.510000228881836,26.84000015258789,19.891279220581055,18600
2020-10-05,26.790000915527344,27.139999389648438,26.649999618530273,26.899999618530273,19.93575096130371,17400
2020-10-06,27.100000381469727,27.290000915527344,27.010000228881836,27.25,20.195133209228516,20200
2020-10-07,27.25,27.40999984741211,27.100000381469727,27.100000381469727,20.083967208862305,26500
2020-10-08,27.32699966430664,27.32699966430664,27.200000762939453,27.25,20.195133209228516,9300
2020-10-09,27.3799991607666,27.3799991607666,27.011999130249023,27.25,20.195133209228516,6400
2020-10-12,27.25,27.260000228881836,26.93000030517578,27.25,20.195133209228516,11600
2020-10-13,27.239999771118164,27.260000228881836,27.020000457763672,27.239999771118164,20.187726974487305,12800
2020-10-14,27.299999237060547,27.299999237060547,26.709999084472656,26.709999084472656,19.79493522644043,12000
2020-10-15,26.809999465942383,26.809999465942383,26.489999771118164,26.559999465942383,19.68376922607422,15600
2020-10-16,26.700000762939453,26.700000762939453,26.110000610351562,26.149999618530273,19.379920959472656,97100
2020-10-19,26.3700008392334,26.520000457763672,26.200000762939453,26.229999542236328,19.439207077026367,29800
2020-10-20,26.34000015258789,26.350000381469727,26.25,26.31999969482422,19.505905151367188,12300
2020-10-21,26.350000381469727,26.479999542236328,26.170000076293945,26.209999084472656,19.42438316345215,10200
2020-10-22,26.149999618530273,26.520000457763672,26.149999618530273,26.520000457763672,19.654129028320312,49700
2020-10-23,26.520000457763672,26.81999969482422,26.520000457763672,26.75,19.824581146240234,20500
2020-10-26,26.551000595092773,26.551000595092773,26.399999618530273,26.43000030517578,19.587425231933594,7500
2020-10-27,26.43000030517578,26.610000610351562,26.43000030517578,26.5,19.639307022094727,10200
2020-10-28,26.459999084472656,26.6200008392334,26.15999984741211,26.170000076293945,19.394739151000977,23200
2020-10-29,26.31999969482422,26.469999313354492,26.155000686645508,26.309999465942383,19.498493194580078,21800
2020-10-30,26.43000030517578,26.6200008392334,26.20199966430664,26.6200008392334,19.728239059448242,32200
2020-11-02,26.600000381469727,26.889999389648438,26.59000015258789,26.75,19.824581146240234,34200
2020-11-03,26.719999313354492,26.915000915527344,26.719999313354492,26.75,19.824581146240234,17300
2020-11-04,26.93000030517578,27.25,26.746999740600586,27.200000762939453,20.158079147338867,61700
2020-11-05,27.200000762939453,27.350000381469727,27.200000762939453,27.350000381469727,20.26924705505371,10000
2020-11-06,27.34000015258789,27.350000381469727,27.200000762939453,27.219999313354492,20.17289924621582,10700
2020-11-09,27.260000228881836,27.770000457763672,27.142000198364258,27.6299991607666,20.476755142211914,17700
2020-11-10,27.469999313354492,27.75,27.360000610351562,27.610000610351562,20.46193504333496,12300
2020-11-11,27.530000686645508,27.690000534057617,27.450000762939453,27.690000534057617,20.521224975585938,10100
2020-11-12,27.239999771118164,27.239999771118164,26.954999923706055,26.954999923706055,20.29757308959961,13000
2020-11-13,26.899999618530273,27.200000762939453,26.899999618530273,27.1299991607666,20.429351806640625,37600
2020-11-16,27.079999923706055,27.84000015258789,27.049999237060547,27.700000762939453,20.85857582092285,84500
2020-11-17,27.440000534057617,27.889999389648438,27.440000534057617,27.889999389648438,21.001649856567383,26800
2020-11-18,27.75,28.124000549316406,27.75,27.909000396728516,21.015953063964844,23800
2020-11-19,27.899999618530273,28.158000946044922,27.899999618530273,28.079999923706055,21.14472007751465,11800
2020-11-20,28.260000228881836,28.260000228881836,28.0,28.170000076293945,21.212491989135742,14600
2020-11-23,28.309999465942383,28.399999618530273,28.18000030517578,28.399999618530273,21.385683059692383,19400
2020-11-24,28.639999389648438,28.639999389648438,28.424999237060547,28.520000457763672,21.476049423217773,6200
2020-11-25,28.540000915527344,28.540000915527344,28.25,28.329999923706055,21.332975387573242,16300
2020-11-27,28.420000076293945,28.420000076293945,28.25,28.25,21.27273178100586,4200
2020-11-30,28.239999771118164,28.520000457763672,28.0,28.0,21.084482192993164,51300
2020-12-01,27.90999984741211,28.367000579833984,27.770000457763672,27.770000457763672,20.91128921508789,28500
2020-12-02,27.8799991607666,27.9950008392334,27.729999542236328,27.940000534057617,21.039297103881836,4800
2020-12-03,27.93000030517578,27.979999542236328,27.6299991607666,27.979999542236328,21.069419860839844,13400
2020-12-04,28.0,28.450000762939453,28.0,28.43000030517578,21.408273696899414,16300
2020-12-07,28.540000915527344,28.540000915527344,28.34000015258789,28.5,21.460988998413086,25200
2020-12-08,28.5,28.600000381469727,28.329999923706055,28.549999237060547,21.498638153076172,119600
2020-12-09,28.59000015258789,28.59000015258789,28.510000228881836,28.549999237060547,21.498638153076172,15100
2020-12-10,28.489999771118164,28.600000381469727,28.489999771118164,28.549999237060547,21.498638153076172,8500
2020-12-11,28.440000534057617,28.610000610351562,28.40999984741211,28.540000915527344,21.49110984802246,9200
2020-12-14,28.459999084472656,28.610000610351562,28.459999084472656,28.549999237060547,21.498638153076172,20900
2020-12-15,28.59000015258789,28.739999771118164,28.4950008392334,28.719999313354492,21.626651763916016,17700
2020-12-16,28.81999969482422,28.8700008392334,28.60300064086914,28.736000061035156,21.638700485229492,9600
2020-12-17,28.81999969482422,28.8439998626709,28.600000381469727,28.739999771118164,21.64171028137207,15100
2020-12-18,28.809999465942383,28.989999771118164,28.65999984741211,28.989999771118164,21.82996368408203,106100
2020-12-21,28.959999084472656,29.15999984741211,28.90999984741211,29.079999923706055,21.89773941040039,13800
2020-12-22,29.149999618530273,29.149999618530273,28.299999237060547,28.530000686645508,21.483577728271484,20600
2020-12-23,28.56999969482422,29.100000381469727,28.549999237060547,29.059999465942383,21.882675170898438,27600
2020-12-24,29.100000381469727,29.270000457763672,28.690000534057617,29.270000457763672,22.04081153869629,11600
2020-12-28,29.1299991607666,29.200000762939453,28.709999084472656,28.770000457763672,21.6643009185791,13700
2020-12-29,28.770000457763672,29.215999603271484,28.39699935913086,28.399999618530273,21.385683059692383,11000
2020-12-30,28.530000686645508,28.530000686645508,28.19700050354004,28.219999313354492,21.250144958496094,12600
2020-12-31,28.360000610351562,28.559999465942383,28.100000381469727,28.239999771118164,21.265201568603516,29600
2021-01-04,28.360000610351562,28.360000610351562,27.719999313354492,27.860000610351562,20.979053497314453,12500
2021-01-05,27.940000534057617,28.309999465942383,27.940000534057617,28.1200008392334,21.17484474182129,3000
2021-01-06,28.229999542236328,28.229999542236328,27.200000762939453,27.6200008392334,20.7983341217041,29600
2021-01-07,27.670000076293945,27.68199920654297,27.530000686645508,27.652999877929688,20.823179244995117,24500
2021-01-08,27.709999084472656,28.030000686645508,27.510000228881836,27.770000457763672,20.91128921508789,12700
2021-01-11,27.540000915527344,27.615999221801758,27.489999771118164,27.5,20.707971572875977,11400
2021-01-12,27.559999465942383,27.60300064086914,27.399999618530273,27.503999710083008,20.710983276367188,23800
2021-01-13,27.610000610351562,28.110000610351562,27.610000610351562,28.110000610351562,21.167308807373047,7100
2021-01-14,28.1299991607666,28.347999572753906,28.100000381469727,28.229999542236328,21.257673263549805,8700
2021-01-15,28.350000381469727,28.902000427246094,28.049999237060547,28.520000457763672,21.476049423217773,12700
2021-01-19,28.670000076293945,28.989999771118164,28.420000076293945,28.639999389648438,21.5664119720459,7200
2021-01-20,28.860000610351562,28.860000610351562,28.15999984741211,28.649999618530273,21.57394027709961,15700
2021-01-21,28.770000457763672,28.864999771118164,28.42300033569336,28.579999923706055,21.521230697631836,14100
2021-01-22,28.579999923706055,28.797000885009766,28.579999923706055,28.797000885009766,21.684633255004883,4400
2021-01-25,28.850000381469727,28.850000381469727,28.5,28.610000610351562,21.54381561279297,13100
2021-01-26,28.739999771118164,28.739999771118164,28.41900062561035,28.5,21.460988998413086,6200
2021-01-27,28.549999237060547,28.549999237060547,27.584999084472656,27.584999084472656,20.771974563598633,11700
2021-01-28,27.860000610351562,27.860000610351562,27.59000015258789,27.700000762939453,20.85857582092285,8800
2021-01-29,27.81999969482422,28.1299991607666,27.520000457763672,28.020000457763672,21.099536895751953,30200
2021-02-01,28.09000015258789,28.34000015258789,27.71500015258789,28.309999465942383,21.317913055419922,9400
2021-02-02,28.360000610351562,28.469999313354492,27.899999618530273,28.469999313354492,21.43839454650879,5500
2021-02-03,28.489999771118164,28.489999771118164,27.920000076293945,27.920000076293945,21.024234771728516,4500
2021-02-04,28.09000015258789,28.860000610351562,27.93000030517578,28.709999084472656,21.619117736816406,50100
2021-02-05,28.68000030517578,28.8799991607666,28.420000076293945,28.729999542236328,21.634180068969727,18000
2021-02-08,28.889999389648438,28.899999618530273,28.336000442504883,28.676000595092773,21.593521118164062,10300
2021-02-09,28.899999618530273,29.405000686645508,28.81999969482422,29.100000381469727,21.912799835205078,33900
2021-02-10,29.440000534057617,29.440000534057617,28.559999465942383,28.75,21.649240493774414,11000
2021-02-11,28.65999984741211,28.65999984741211,28.149999618530273,28.149999618530273,21.525367736816406,11300
2021-02-12,28.31999969482422,28.402000427246094,28.15999984741211,28.200000762939453,21.5635986328125,12600
2021-02-16,28.209999084472656,28.40999984741211,27.920000076293945,28.18000030517578,21.548307418823242,16800
2021-02-17,28.229999542236328,28.24799919128418,27.829999923706055,27.850000381469727,21.29596710205078,8500
2021-02-18,27.93000030517578,27.93000030517578,27.329999923706055,27.520000457763672,21.043628692626953,20900
2021-02-19,27.690000534057617,27.739999771118164,27.399999618530273,27.450000762939453,20.990100860595703,10800
2021-02-22,27.56999969482422,27.56999969482422,27.010000228881836,27.239999771118164,20.82951545715332,12800
2021-02-23,27.43000030517578,27.61199951171875,27.309999465942383,27.399999618530273,20.95186424255371,9900
2021-02-24,27.579999923706055,27.729999542236328,27.329999923706055,27.700000762939453,21.181264877319336,20800
2021-02-25,27.700000762939453,27.719999313354492,27.25,27.290000915527344,20.867752075195312,23100
2021-02-26,27.510000228881836,27.65999984741211,27.209999084472656,27.65999984741211,21.15067481994629,12900
2021-03-01,27.65999984741211,27.719999313354492,27.40999984741211,27.510000228881836,21.035980224609375,9100
2021-03-02,27.610000610351562,27.726999282836914,27.3700008392334,27.690000534057617,21.17361831665039,13600
2021-03-03,27.510000228881836,27.628000259399414,27.510000228881836,27.6200008392334,21.120092391967773,8900
2021-03-04,27.760000228881836,27.760000228881836,27.55699920654297,27.700000762939453,21.181264877319336,4600
2021-03-05,27.729999542236328,27.989999771118164,27.5,27.84000015258789,21.288320541381836,8800
2021-03-08,27.670000076293945,27.989999771118164,27.670000076293945,27.969999313354492,21.387723922729492,10100
2021-03-09,27.969999313354492,28.152999877929688,27.969999313354492,28.06800079345703,21.462663650512695,5600
2021-03-10,28.139999389648438,28.280000686645508,27.860000610351562,28.190000534057617,21.555952072143555,7800
2021-03-11,28.239999771118164,28.420000076293945,28.190000534057617,28.350000381469727,21.678295135498047,17900
2021-03-12,28.350000381469727,28.350000381469727,28.170000076293945,28.270000457763672,21.617128372192383,22200
2021-03-15,28.270000457763672,28.579999923706055,28.200000762939453,28.322999954223633,21.657651901245117,15500
2021-03-16,28.520000457763672,28.790000915527344,28.450000762939453,28.709999084472656,21.953577041625977,9200
2021-03-17,28.739999771118164,28.739999771118164,28.476999282836914,28.68000030517578,21.930639266967773,3400
2021-03-18,28.719999313354492,28.719999313354492,28.219999313354492,28.280000686645508,21.624771118164062,16000
2021-03-19,28.350000381469727,28.350000381469727,27.84000015258789,27.969999313354492,21.387723922729492,6500
2021-03-22,28.200000762939453,28.270000457763672,28.08799934387207,28.239999771118164,21.59418487548828,9700
2021-03-23,28.0,28.5,27.989999771118164,28.091999053955078,21.48101234436035,12500
2021-03-24,28.309999465942383,28.6299991607666,28.229000091552734,28.549999237060547,21.83123207092285,14500
2021-03-25,28.399999618530273,28.610000610351562,28.25,28.59000015258789,21.861818313598633,6300
2021-03-26,28.3700008392334,28.600000381469727,28.3700008392334,28.600000381469727,21.86946678161621,7800
2021-03-29,28.600000381469727,28.600000381469727,28.1299991607666,28.3700008392334,21.693593978881836,10500
2021-03-30,28.520000457763672,28.632999420166016,28.510000228881836,28.6200008392334,21.88475799560547,18500
2021-03-31,28.65999984741211,28.799999237060547,28.540000915527344,28.760000228881836,21.991811752319336,25700
2021-04-01,28.760000228881836,29.0,28.440000534057617,28.84000015258789,22.052988052368164,37300
2021-04-05,28.690000534057617,28.899999618530273,28.440000534057617,28.854999542236328,22.064456939697266,19000
2021-04-06,28.950000762939453,28.950000762939453,28.5,28.780000686645508,22.00710678100586,32200
2021-04-07,28.889999389648438,28.889999389648438,28.719999313354492,28.729999542236328,21.968870162963867,13600
2021-04-08,28.850000381469727,28.850000381469727,28.579999923706055,28.799999237060547,22.02239990234375,10500
2021-04-09,28.8700008392334,28.8700008392334,28.700000762939453,28.700000762939453,21.945932388305664,5900
2021-04-12,28.799999237060547,28.799999237060547,28.700000762939453,28.75,21.98416519165039,11700
2021-04-13,28.899999618530273,28.899999618530273,28.700000762939453,28.889999389648438,22.091215133666992,6900
2021-04-14,28.899999618530273,29.100000381469727,28.847999572753906,28.90999984741211,22.106510162353516,8000
2021-04-15,28.84000015258789,29.077999114990234,28.81999969482422,28.90999984741211,22.106510162353516,21200
2021-04-16,28.899999618530273,29.100000381469727,28.899999618530273,29.100000381469727,22.25179672241211,17900
2021-04-19,29.239999771118164,29.239999771118164,28.719999313354492,29.06999969482422,22.228858947753906,5500
2021-04-20,29.06999969482422,29.06999969482422,28.73699951171875,29.023000717163086,22.192920684814453,4900
2021-04-21,28.850000381469727,29.04599952697754,28.719999313354492,28.719999313354492,21.961227416992188,16600
2021-04-22,28.799999237060547,28.829999923706055,28.68000030517578,28.829999923706055,22.04533576965332,7500
2021-04-23,28.920000076293945,29.0049991607666,28.79199981689453,28.899999618530273,22.098867416381836,13900
2021-04-26,28.809999465942383,28.989999771118164,28.809999465942383,28.868000030517578,22.07439613342285,9600
2021-04-27,29.049999237060547,29.40999984741211,28.899999618530273,29.40999984741211,22.488845825195312,19800
2021-04-28,29.3700008392334,29.375,29.049999237060547,29.350000381469727,22.44296646118164,7900
2021-04-29,29.309999465942383,29.309999465942383,29.0,29.211000442504883,22.3366756439209,4800
2021-04-30,29.040000915527344,29.33300018310547,28.760000228881836,28.809999465942383,22.03004264831543,48700
2021-05-03,28.760000228881836,29.1200008392334,28.760000228881836,28.989999771118164,22.167682647705078,13400
2021-05-04,28.899999618530273,29.37700080871582,28.899999618530273,29.34000015258789,22.43531608581543,15600
2021-05-05,29.170000076293945,29.31999969482422,29.170000076293945,29.260000228881836,22.3741455078125,8600
2021-05-06,29.209999084472656,29.299999237060547,29.209999084472656,29.299999237060547,22.40472984313965,15900
2021-05-07,29.25,29.399999618530273,29.25,29.399999618530273,22.481197357177734,7700
2021-05-10,29.299999237060547,29.381000518798828,29.209999084472656,29.239999771118164,22.358850479125977,7800
2021-05-11,29.219999313354492,29.34000015258789,28.93000030517578,28.989999771118164,22.167682647705078,17500
2021-05-12,29.149999618530273,29.149999618530273,28.770000457763672,29.079999923706055,22.23650550842285,15900
2021-05-13,28.940000534057617,28.940000534057617,28.700000762939453,28.84000015258789,22.39022445678711,12000
2021-05-14,29.020000457763672,29.020000457763672,28.73900032043457,28.799999237060547,22.35917091369629,9700
2021-05-17,28.950000762939453,29.079999923706055,28.73200035095215,28.920000076293945,22.452333450317383,12200
2021-05-18,28.899999618530273,28.93400001525879,28.639999389648438,28.719999313354492,22.29706382751465,21500
2021-05-19,28.780000686645508,28.780000686645508,28.399999618530273,28.5,22.126266479492188,26200
2021-05-20,28.510000228881836,28.6200008392334,28.40999984741211,28.489999771118164,22.118499755859375,14700
2021-05-21,28.389999389648438,28.510000228881836,28.309999465942383,28.350000381469727,22.009807586669922,25700
2021-05-24,28.43000030517578,28.639999389648438,28.40999984741211,28.479999542236328,22.110734939575195,13400
2021-05-25,28.6299991607666,28.6299991607666,28.40999984741211,28.56999969482422,22.180606842041016,14400
2021-05-26,28.6200008392334,28.6299991607666,28.360000610351562,28.450000762939453,22.087440490722656,7100
2021-05-27,28.549999237060547,28.549999237060547,28.375999450683594,28.488000869750977,22.1169490814209,4600
2021-05-28,28.530000686645508,28.670000076293945,28.459999084472656,28.65999984741211,22.25048065185547,10500
2021-06-01,28.709999084472656,28.809999465942383,28.66699981689453,28.799999237060547,22.35917091369629,13700
2021-06-02,28.84000015258789,29.190000534057617,28.81999969482422,29.190000534057617,22.66195297241211,17900
2021-06-03,29.239999771118164,29.25,28.961999893188477,29.033000946044922,22.540061950683594,10400
2021-06-04,29.25,29.31999969482422,28.917999267578125,29.200000762939453,22.669715881347656,6700
2021-06-07,29.239999771118164,29.290000915527344,28.989999771118164,29.229999542236328,22.693004608154297,10200
2021-06-08,29.280000686645508,29.280000686645508,29.093000411987305,29.149999618530273,22.630895614624023,11100
2021-06-09,29.1200008392334,29.31999969482422,29.079999923706055,29.309999465942383,22.755115509033203,6600
2021-06-10,29.420000076293945,29.420000076293945,29.077999114990234,29.329999923706055,22.770641326904297,10100
2021-06-11,29.40999984741211,29.40999984741211,29.149999618530273,29.3700008392334,22.801698684692383,11800
2021-06-14,29.3799991607666,29.389999389648438,29.170000076293945,29.389999389648438,22.817222595214844,10800
2021-06-15,29.399999618530273,29.420000076293945,29.149999618530273,29.389999389648438,22.817222595214844,8200
2021-06-16,29.399999618530273,29.40999984741211,29.18600082397461,29.3700008392334,22.801698684692383,8500
2021-06-17,29.3700008392334,29.530000686645508,29.31399917602539,29.5,22.902624130249023,17400
2021-06-18,29.510000228881836,29.549999237060547,29.381999969482422,29.5,22.902624130249023,9900
2021-06-21,29.559999465942383,29.559999465942383,29.34000015258789,29.440000534057617,22.856040954589844,17800
2021-06-22,29.559999465942383,29.559999465942383,29.34000015258789,29.5,22.902624130249023,33100
2021-06-23,29.59000015258789,29.790000915527344,29.549999237060547,29.760000228881836,23.10447883605957,6600
2021-06-24,29.790000915527344,29.790000915527344,29.540000915527344,29.540000915527344,22.93367576599121,17400
2021-06-25,29.469999313354492,29.649999618530273,29.420000076293945,29.600000381469727,22.980260848999023,9700
2021-06-28,29.770000457763672,29.82699966430664,29.40999984741211,29.469999313354492,22.879331588745117,12500
2021-06-29,29.540000915527344,29.600000381469727,29.299999237060547,29.31999969482422,22.762874603271484,25800
2021-06-30,29.489999771118164,29.579999923706055,29.200000762939453,29.579999923706055,22.964731216430664,72300
2021-07-01,29.34000015258789,29.649999618530273,29.34000015258789,29.42099952697754,22.841291427612305,15600
2021-07-02,29.459999084472656,29.510000228881836,29.420000076293945,29.450000762939453,22.863805770874023,10700
2021-07-06,29.559999465942383,29.56999969482422,29.40999984741211,29.56999969482422,22.956968307495117,15900
2021-07-07,29.6200008392334,29.809999465942383,29.53499984741211,29.6299991607666,23.0035457611084,14700
2021-07-08,29.6299991607666,29.790000915527344,29.489999771118164,29.6299991607666,23.0035457611084,8800
2021-07-09,29.700000762939453,29.7450008392334,29.479999542236328,29.540000915527344,22.93367576599121,12400
2021-07-12,29.600000381469727,29.760000228881836,29.540000915527344,29.739999771118164,23.088947296142578,6600
2021-07-13,29.760000228881836,29.760000228881836,29.459999084472656,29.549999237060547,22.941438674926758,26000
2021-07-14,29.719999313354492,29.719999313354492,29.520000457763672,29.670000076293945,23.03460693359375,15600
2021-07-15,29.649999618530273,29.709999084472656,29.440000534057617,29.549999237060547,22.941438674926758,20000
2021-07-16,29.579999923706055,29.579999923706055,29.472999572753906,29.559999465942383,22.949201583862305,5700
2021-07-19,29.510000228881836,29.510000228881836,29.209999084472656,29.3700008392334,22.801698684692383,5000
2021-07-20,29.450000762939453,29.56999969482422,29.408000946044922,29.545000076293945,22.937557220458984,5100
2021-07-21,29.56999969482422,29.56999969482422,29.42300033569336,29.56999969482422,22.956968307495117,7700
2021-07-22,29.579999923706055,29.59000015258789,29.45599937438965,29.559999465942383,22.949201583862305,5700
2021-07-23,29.579999923706055,29.59000015258789,29.520999908447266,29.59000015258789,22.972496032714844,4300
2021-07-26,29.59000015258789,29.59000015258789,29.5,29.59000015258789,22.972496032714844,10500
2021-07-27,29.59000015258789,29.59000015258789,29.37299919128418,29.59000015258789,22.972496032714844,8200
2021-07-28,29.56999969482422,29.56999969482422,29.36400032043457,29.520000457763672,22.918149948120117,7600
2021-07-29,29.520000457763672,29.68000030517578,29.430999755859375,29.68000030517578,23.042367935180664,11600
2021-07-30,29.690000534057617,29.860000610351562,29.549999237060547,29.75,23.09671401977539,13200
2021-08-02,29.81999969482422,29.899999618530273,29.6299991607666,29.75,23.09671401977539,14100
2021-08-03,29.790000915527344,29.829999923706055,29.709999084472656,29.75,23.09671401977539,11600
2021-08-04,29.790000915527344,29.924999237060547,29.719999313354492,29.75,23.09671401977539,12000
2021-08-05,29.829999923706055,29.9060001373291,29.729999542236328,29.799999237060547,23.135528564453125,17600
2021-08-06,29.719999313354492,29.976999282836914,29.719999313354492,29.84000015258789,23.16658592224121,19300
2021-08-09,29.84000015258789,29.99799919128418,29.829999923706055,29.850000381469727,23.174346923828125,5400
2021-08-10,29.81999969482422,29.81999969482422,29.60099983215332,29.649999618530273,23.019075393676758,11100
2021-08-11,29.780000686645508,29.780000686645508,29.600000381469727,29.75,23.09671401977539,4300
2021-08-12,29.309999465942383,29.56999969482422,29.299999237060547,29.530000686645508,23.268489837646484,15700
2021-08-13,29.420000076293945,29.714000701904297,29.420000076293945,29.700000762939453,23.40243911743164,12300
2021-08-16,29.690000534057617,29.735000610351562,29.649999618530273,29.709999084472656,23.410320281982422,14100
2021-08-17,29.75,29.75,29.3700008392334,29.59000015258789,23.315765380859375,22000
2021-08-18,29.610000610351562,29.6200008392334,29.350000381469727,29.540000915527344,23.2763671875,9600
2021-08-19,29.399999618530273,29.469999313354492,29.280000686645508,29.360000610351562,23.13453483581543,11100
2021-08-20,29.3700008392334,29.610000610351562,29.3700008392334,29.600000381469727,23.323646545410156,13900
2021-08-23,29.649999618530273,29.75,29.354000091552734,29.64900016784668,23.362253189086914,9400
2021-08-24,29.760000228881836,29.84000015258789,29.726999282836914,29.799999237060547,23.481237411499023,8200
2021-08-25,29.799999237060547,29.850000381469727,29.7810001373291,29.81999969482422,23.496997833251953,15000
2021-08-26,29.829999923706055,29.829999923706055,29.65999984741211,29.71500015258789,23.414262771606445,8300
2021-08-27,29.780000686645508,29.81999969482422,29.549999237060547,29.81999969482422,23.496997833251953,16600
2021-08-30,29.81999969482422,29.93000030517578,29.760000228881836,29.809999465942383,23.48911476135254,17800
2021-08-31,29.790000915527344,29.8700008392334,29.690000534057617,29.690000534057617,23.394563674926758,27200
2021-09-01,29.799999237060547,29.979999542236328,29.799999237060547,29.81999969482422,23.496997833251953,12600
2021-09-02,29.920000076293945,29.989999771118164,29.84000015258789,29.84000015258789,23.51275634765625,23600
2021-09-03,29.899999618530273,29.989999771118164,29.81999969482422,29.969999313354492,23.615192413330078,5300
2021-09-07,30.0,30.0,29.770000457763672,29.770000457763672,23.457599639892578,3900
2021-09-08,29.90999984741211,29.90999984741211,29.790000915527344,29.790000915527344,23.473358154296875,5000
2021-09-09,29.950000762939453,29.950000762939453,29.780000686645508,29.84000015258789,23.51275634765625,15700
2021-09-10,29.899999618530273,29.924999237060547,29.770999908447266,29.829999923706055,23.50487518310547,8100
2021-09-13,29.950000762939453,29.950000762939453,29.759000778198242,29.850000381469727,23.520633697509766,6500
2021-09-14,29.889999389648438,29.899999618530273,29.690000534057617,29.829999923706055,23.50487518310547,12000
2021-09-15,29.8700008392334,29.899999618530273,29.770000457763672,29.770000457763672,23.457599639892578,14100
2021-09-16,29.84000015258789,29.899999618530273,29.78499984741211,29.850000381469727,23.520633697509766,10500
2021-09-17,29.8799991607666,29.885000228881836,29.739999771118164,29.739999771118164,23.433956146240234,8000
2021-09-20,29.670000076293945,29.86400032043457,29.540000915527344,29.600000381469727,23.323646545410156,7400
2021-09-21,29.75,29.760000228881836,29.559999465942383,29.59000015258789,23.315765380859375,8500
2021-09-22,29.639999389648438,29.87299919128418,29.625,29.770000457763672,23.457599639892578,14700
2021-09-23,29.790000915527344,29.850000381469727,29.582000732421875,29.709999084472656,23.410320281982422,9200
2021-09-24,29.75,29.75,29.52400016784668,29.600000381469727,23.323646545410156,9300
2021-09-27,29.610000610351562,29.6200008392334,29.450000762939453,29.549999237060547,23.28424644470215,13200
2021-09-28,29.3799991607666,29.3799991607666,29.079999923706055,29.174999237060547,22.988759994506836,9400
2021-09-29,29.25,29.799999237060547,29.25,29.59000015258789,23.315765380859375,10000
2021-09-30,29.40999984741211,29.7450008392334,29.280000686645508,29.290000915527344,23.07938003540039,29200
2021-10-01,29.15999984741211,29.5049991607666,29.15999984741211,29.18000030517578,22.99270248413086,18700
2021-10-04,29.170000076293945,29.22599983215332,28.860000610351562,28.860000610351562,22.740556716918945,17000
2021-10-05,28.989999771118164,29.040000915527344,28.638999938964844,28.729999542236328,22.638120651245117,18900
2021-10-06,28.729999542236328,28.969999313354492,28.649999618530273,28.959999084472656,22.819351196289062,11600
2021-10-07,29.0,29.1299991607666,28.739999771118164,28.854999542236328,22.736614227294922,6500
2021-10-08,29.020000457763672,29.06999969482422,28.700000762939453,28.760000228881836,22.661762237548828,9800
2021-10-11,28.860000610351562,29.040000915527344,28.764999389648438,28.770000457763672,22.669639587402344,4800
2021-10-12,28.920000076293945,28.989999771118164,28.799999237060547,28.979999542236328,22.83510971069336,8400
2021-10-13,28.950000762939453,29.170000076293945,28.670000076293945,28.809999465942383,22.701154708862305,120000
2021-10-14,28.950000762939453,29.149999618530273,28.829999923706055,29.0,22.850868225097656,68200
2021-10-15,29.020000457763672,29.16699981689453,28.920000076293945,29.030000686645508,22.874507904052734,11600
2021-10-18,29.030000686645508,29.06999969482422,28.899999618530273,28.969999313354492,22.827228546142578,9300
2021-10-19,29.040000915527344,29.239999771118164,29.040000915527344,29.100000381469727,22.929664611816406,50900
2021-10-20,29.139999389648438,29.239999771118164,29.139999389648438,29.190000534057617,23.00058364868164,16600
2021-10-21,29.25,29.25,29.15999984741211,29.21500015258789,23.020280838012695,4300
2021-10-22,29.25,29.25,29.0,29.069000244140625,22.90523910522461,19200
2021-10-25,29.06999969482422,29.200000762939453,29.02899932861328,29.100000381469727,22.929664611816406,6700
2021-10-26,29.209999084472656,29.270000457763672,29.070999145507812,29.18000030517578,22.99270248413086,7800
2021-10-27,29.219999313354492,29.402999877929688,29.170000076293945,29.3700008392334,23.14241600036621,10900
2021-10-28,29.3700008392334,29.469999313354492,29.239999771118164,29.329999923706055,23.110898971557617,28500
2021-10-29,29.31999969482422,29.31999969482422,29.125,29.290000915527344,23.07938003540039,45300
2021-11-01,29.40999984741211,29.459999084472656,29.288999557495117,29.334999084472656,23.11483383178711,32100
2021-11-02,29.40999984741211,29.540000915527344,29.34000015258789,29.399999618530273,23.166051864624023,8100
2021-11-03,29.5,29.56999969482422,29.360000610351562,29.360000610351562,23.13453483581543,21300
2021-11-04,29.290000915527344,29.610000610351562,29.290000915527344,29.43000030517578,23.1896915435791,28700
2021-11-05,29.594999313354492,29.594999313354492,29.3700008392334,29.43000030517578,23.1896915435791,23300
2021-11-08,29.479999542236328,29.586000442504883,29.389999389648438,29.469999313354492,23.221210479736328,5800
2021-11-09,29.399999618530273,29.6299991607666,29.329999923706055,29.540000915527344,23.2763671875,7300
2021-11-10,29.6200008392334,29.6200008392334,29.110000610351562,29.31999969482422,23.103017807006836,12400
2021-11-11,29.450000762939453,29.559999465942383,29.110000610351562,29.288000106811523,23.07779884338379,10700
2021-11-12,29.100000381469727,29.100000381469727,28.760000228881836,28.78499984741211,23.025806427001953,9300
2021-11-15,28.920000076293945,28.920000076293945,28.540000915527344,28.733999252319336,22.985010147094727,4600
2021-11-16,28.799999237060547,28.829999923706055,28.5,28.5,22.797828674316406,8100
2021-11-17,28.5,28.829999923706055,28.469999313354492,28.540000915527344,22.829824447631836,14700
2021-11-18,28.549999237060547,28.639999389648438,28.420000076293945,28.579999923706055,22.8618221282959,11200
2021-11-19,28.579999923706055,28.790000915527344,28.579999923706055,28.790000915527344,23.02980613708496,7100
2021-11-22,28.739999771118164,28.84000015258789,28.639999389648438,28.700000762939453,22.957813262939453,18100
2021-11-23,28.600000381469727,28.770000457763672,28.600000381469727,28.600000381469727,22.877822875976562,4500
2021-11-24,28.75,28.75,28.530000686645508,28.530000686645508,22.821826934814453,12300
2021-11-26,28.56999969482422,28.649999618530273,28.18000030517578,28.56999969482422,22.853822708129883,6700
2021-11-29,28.719999313354492,28.719999313354492,28.469999313354492,28.56999969482422,22.853822708129883,12100
2021-11-30,28.56999969482422,28.690000534057617,28.479999542236328,28.510000228881836,22.805824279785156,24700
2021-12-01,28.579999923706055,28.690000534057617,28.350000381469727,28.45800018310547,22.764230728149414,5800
2021-12-02,28.610000610351562,28.790000915527344,28.299999237060547,28.700000762939453,22.957813262939453,14900
2021-12-03,28.649999618530273,28.799999237060547,28.430999755859375,28.719999313354492,22.97381019592285,5300
2021-12-06,28.90999984741211,28.90999984741211,28.56999969482422,28.611000061035156,22.88661766052246,7300
2021-12-07,28.84000015258789,28.989999771118164,28.815000534057617,28.899999618530273,23.1177978515625,8500
2021-12-08,28.93000030517578,28.989999771118164,28.736000061035156,28.989999771118164,23.18979263305664,23600
2021-12-09,28.850000381469727,29.054000854492188,28.850000381469727,28.90999984741211,23.12579917907715,5500
2021-12-10,29.09000015258789,29.09000015258789,28.770000457763672,28.93000030517578,23.14179801940918,11000
2021-12-13,29.040000915527344,29.040000915527344,28.770000457763672,28.860000610351562,23.085803985595703,3200
2021-12-14,28.959999084472656,28.966999053955078,28.709999084472656,28.75,22.99781036376953,5500
2021-12-15,28.790000915527344,28.929000854492188,28.775999069213867,28.829999923706055,23.06180191040039,3800
2021-12-16,28.959999084472656,29.15999984741211,28.81100082397461,29.010000228881836,23.205787658691406,11100
2021-12-17,29.049999237060547,29.149999618530273,28.999000549316406,29.1299991607666,23.301782608032227,7500
2021-12-20,28.979999542236328,29.1299991607666,28.979999542236328,29.09000015258789,23.269784927368164,31600
2021-12-21,29.15999984741211,29.270000457763672,29.06999969482422,29.209999084472656,23.365774154663086,7700
2021-12-22,29.1299991607666,29.299999237060547,29.110000610351562,29.239999771118164,23.3897705078125,234000
2021-12-23,29.309999465942383,29.309999465942383,29.18000030517578,29.18000030517578,23.341777801513672,5200
2021-12-27,29.280000686645508,29.280000686645508,28.950000762939453,28.950000762939453,23.157794952392578,25200
2021-12-28,29.059999465942383,29.149999618530273,28.989999771118164,29.040000915527344,23.229787826538086,6200
2021-12-29,29.06999969482422,29.200000762939453,28.93000030517578,29.06999969482422,23.253787994384766,7400
2021-12-30,28.979999542236328,29.309999465942383,28.979999542236328,29.299999237060547,23.43776512145996,14300
2021-12-31,29.149999618530273,29.559999465942383,29.1299991607666,29.559999465942383,23.645748138427734,22300
2022-01-03,29.6200008392334,29.6299991607666,29.350000381469727,29.489999771118164,23.589754104614258,12200
2022-01-04,29.489999771118164,29.489999771118164,29.139999389648438,29.170000076293945,23.33377456665039,5500
2022-01-05,29.299999237060547,29.360000610351562,28.889999389648438,28.920000076293945,23.13379669189453,10000
2022-01-06,29.030000686645508,29.299999237060547,28.606000900268555,29.010000228881836,23.205787658691406,11200
2022-01-07,29.049999237060547,29.1200008392334,28.76099967956543,28.957000732421875,23.163394927978516,27200
2022-01-10,28.93000030517578,28.93000030517578,28.780000686645508,28.924999237060547,23.13779640197754,8700
2022-01-11,28.989999771118164,29.09000015258789,28.917999267578125,28.940000534057617,23.14979362487793,38600
2022-01-12,28.8799991607666,29.06999969482422,28.85099983215332,29.06999969482422,23.253787994384766,7800
2022-01-13,28.920000076293945,29.040000915527344,28.8799991607666,28.8799991607666,23.101797103881836,29000
2022-01-14,28.899999618530273,28.989999771118164,28.75,28.93000030517578,23.14179801940918,9800
2022-01-18,28.729999542236328,28.920000076293945,28.700000762939453,28.7189998626709,22.973011016845703,16800
2022-01-19,28.719999313354492,28.886999130249023,28.610000610351562,28.6200008392334,22.893817901611328,9900
2022-01-20,28.729999542236328,28.8799991607666,28.6200008392334,28.6200008392334,22.893817901611328,38900
2022-01-21,28.6200008392334,28.739999771118164,28.610000610351562,28.610000610351562,22.885822296142578,9900
2022-01-24,28.610000610351562,28.621999740600586,28.290000915527344,28.368999481201172,22.693037033081055,16100
2022-01-25,28.43000030517578,28.549999237060547,28.219999313354492,28.329999923706055,22.661840438842773,18400
2022-01-26,28.309999465942383,28.572999954223633,27.90999984741211,27.90999984741211,22.325876235961914,15600
2022-01-27,28.09000015258789,28.149999618530273,27.559999465942383,27.559999465942383,22.045896530151367,37600
2022-01-28,27.6299991607666,27.799999237060547,27.469999313354492,27.700000762939453,22.157888412475586,240600
2022-01-31,27.8799991607666,27.989999771118164,27.510000228881836,27.969999313354492,22.37386703491211,32700
2022-02-01,27.860000610351562,28.097999572753906,27.780000686645508,27.81999969482422,22.25387954711914,13900
2022-02-02,27.920000076293945,28.0,27.610000610351562,27.690000534057617,22.149890899658203,19100
2022-02-03,27.6299991607666,27.6299991607666,27.3700008392334,27.413000106811523,21.92831039428711,16700
2022-02-04,27.3799991607666,27.59000015258789,27.209999084472656,27.239999771118164,21.7899227142334,13600
2022-02-07,27.3700008392334,27.3700008392334,27.229999542236328,27.270000457763672,21.813920974731445,5500
2022-02-08,27.260000228881836,27.375,26.856000900268555,27.049999237060547,21.637939453125,28100
2022-02-09,27.100000381469727,27.360000610351562,26.9060001373291,26.950000762939453,21.557945251464844,24000
2022-02-10,26.950000762939453,27.0,26.420000076293945,26.969999313354492,21.573942184448242,26200
2022-02-11,26.969999313354492,27.023000717163086,26.170000076293945,26.299999237060547,21.03799819946289,18900
2022-02-14,26.209999084472656,26.209999084472656,25.600000381469727,25.760000228881836,20.95502471923828,51300
2022-02-15,25.780000686645508,26.360000610351562,25.780000686645508,26.06999969482422,21.207195281982422,51900
2022-02-16,25.93000030517578,26.280000686645508,25.90999984741211,26.1200008392334,21.247873306274414,57500
2022-02-17,26.1200008392334,26.299999237060547,25.93000030517578,26.059999465942383,21.19906234741211,39100
2022-02-18,25.979999542236328,26.20599937438965,25.979999542236328,26.1299991607666,21.256004333496094,8400
2022-02-22,26.059999465942383,26.059999465942383,25.829999923706055,25.969999313354492,21.1258487701416,26700
2022-02-23,26.010000228881836,26.23900032043457,25.829999923706055,25.8799991607666,21.052637100219727,13000
2022-02-24,25.860000610351562,25.954999923706055,25.459999084472656,25.950000762939453,21.109580993652344,21200
2022-02-25,25.979999542236328,26.229999542236328,25.979999542236328,26.15999984741211,21.280412673950195,15600
2022-02-28,26.219999313354492,26.850000381469727,26.200000762939453,26.56999969482422,21.61393165588379,54600
2022-03-01,26.399999618530273,26.7189998626709,26.31999969482422,26.3799991607666,21.459373474121094,10200
2022-03-02,26.469999313354492,26.65999984741211,26.15999984741211,26.260000228881836,21.361759185791016,69200
2022-03-03,26.25,26.547000885009766,26.23900032043457,26.23900032043457,21.344675064086914,19500
2022-03-04,26.280000686645508,26.280000686645508,26.049999237060547,26.15999984741211,21.280412673950195,13400
2022-03-07,26.040000915527344,26.062999725341797,25.81999969482422,26.0,21.150251388549805,26000
2022-03-08,25.8700008392334,25.989999771118164,25.639999389648438,25.989999771118164,21.142120361328125,18200
2022-03-09,25.889999389648438,26.200000762939453,25.81999969482422,26.049999237060547,21.190929412841797,48400
2022-03-10,25.739999771118164,26.152000427246094,25.665000915527344,26.010000228881836,21.15839195251465,14900
2022-03-11,25.8799991607666,26.270000457763672,25.81999969482422,25.81999969482422,21.003829956054688,25500
2022-03-14,26.06999969482422,26.139999389648438,25.280000686645508,25.639999389648438,20.857404708862305,17000
2022-03-15,25.59000015258789,25.802000045776367,25.54400062561035,25.780000686645508,20.971294403076172,14600
2022-03-16,25.68000030517578,26.149999618530273,25.68000030517578,26.0,21.150251388549805,48600
2022-03-17,26.110000610351562,26.559999465942383,26.110000610351562,26.549999237060547,21.597660064697266,9000
2022-03-18,26.540000915527344,26.760000228881836,26.540000915527344,26.739999771118164,21.752225875854492,9600
2022-03-21,26.610000610351562,26.610000610351562,26.197999954223633,26.450000762939453,21.516319274902344,12100
2022-03-22,26.440000534057617,26.440000534057617,26.049999237060547,26.364999771118164,21.447172164916992,20700
2022-03-23,26.389999389648438,26.420000076293945,26.200000762939453,26.309999465942383,21.402427673339844,14700
2022-03-24,26.40999984741211,26.40999984741211,25.989999771118164,26.190000534057617,21.304813385009766,54200
2022-03-25,26.1200008392334,26.16900062561035,25.780000686645508,25.979999542236328,21.13398551940918,14700
2022-03-28,25.920000076293945,26.180999755859375,25.864999771118164,26.03700065612793,21.18035316467285,9400
2022-03-29,26.049999237060547,26.350000381469727,26.0,26.280000686645508,21.378028869628906,19800
2022-03-30,26.1299991607666,26.530000686645508,26.1299991607666,26.354999542236328,21.439035415649414,4400
2022-03-31,26.299999237060547,26.549999237060547,26.280000686645508,26.280000686645508,21.378028869628906,57500
2022-04-01,26.229999542236328,26.329999923706055,26.1200008392334,26.260000228881836,21.361759185791016,20000
2022-04-04,26.270000457763672,26.280000686645508,26.09000015258789,26.190000534057617,21.304813385009766,10200
2022-04-05,26.100000381469727,26.100000381469727,25.829999923706055,25.8700008392334,21.044506072998047,18100
2022-04-06,25.610000610351562,26.21500015258789,25.610000610351562,25.729999542236328,20.930618286132812,11300
2022-04-07,25.719999313354492,26.020000457763672,25.719999313354492,26.020000457763672,21.166522979736328,13500
2022-04-08,25.8799991607666,26.190000534057617,25.780000686645508,25.780000686645508,20.971294403076172,47200
2022-04-11,25.84000015258789,25.84000015258789,25.600000381469727,25.610000610351562,20.833003997802734,16100
2022-04-12,25.65999984741211,25.934999465942383,25.6200008392334,25.709999084472656,20.914348602294922,13800
2022-04-13,25.75,25.954999923706055,25.709999084472656,25.809999465942383,20.995695114135742,15500
2022-04-14,25.899999618530273,26.065000534057617,25.719999313354492,25.719999313354492,20.922483444213867,8800
2022-04-18,25.790000915527344,25.836999893188477,25.551000595092773,25.625,20.845205307006836,4800
2022-04-19,25.540000915527344,25.90399932861328,25.5,25.559999465942383,20.792325973510742,10600
2022-04-20,25.610000610351562,25.739999771118164,25.59000015258789,25.60300064086914,20.827306747436523,14400
2022-04-21,25.799999237060547,25.916000366210938,25.698999404907227,25.709999084472656,20.914348602294922,14900
2022-04-22,25.56999969482422,25.8799991607666,25.520000457763672,25.67300033569336,20.884254455566406,9400
2022-04-25,25.670000076293945,25.98200035095215,25.549999237060547,25.610000610351562,20.833003997802734,15600
2022-04-26,25.8799991607666,25.8799991607666,25.5,25.54400062561035,20.779312133789062,7200
2022-04-27,25.5,25.959999084472656,25.18000030517578,25.235000610351562,20.527952194213867,9600
2022-04-28,25.260000228881836,25.632999420166016,25.260000228881836,25.59000015258789,20.816736221313477,9900
2022-04-29,25.420000076293945,25.81999969482422,25.190000534057617,25.700000762939453,20.906213760375977,59100
2022-05-02,25.649999618530273,25.780000686645508,25.190000534057617,25.28700065612793,20.57025146484375,8900
2022-05-03,25.229999542236328,25.445999145507812,25.149999618530273,25.26300048828125,20.550729751586914,13600
2022-05-04,25.34000015258789,25.424999237060547,25.110000610351562,25.34000015258789,20.61336326599121,7900
2022-05-05,25.299999237060547,25.378000259399414,25.110000610351562,25.34000015258789,20.61336326599121,12200
2022-05-06,25.329999923706055,25.329999923706055,25.059999465942383,25.06999969482422,20.393728256225586,7700
2022-05-09,25.209999084472656,25.209999084472656,24.790000915527344,24.8799991607666,20.239168167114258,11900
2022-05-10,25.079999923706055,25.329999923706055,24.90999984741211,25.06999969482422,20.393728256225586,18900
2022-05-11,25.079999923706055,25.270000457763672,25.05500030517578,25.141000747680664,20.45148277282715,11200
2022-05-12,24.920000076293945,24.920000076293945,24.520000457763672,24.670000076293945,20.42416000366211,24600
2022-05-13,24.770000457763672,24.850000381469727,24.639999389648438,24.639999389648438,20.399324417114258,14600
2022-05-16,24.700000762939453,24.81999969482422,24.566999435424805,24.579999923706055,20.349651336669922,14100
2022-05-17,24.68000030517578,24.799999237060547,24.549999237060547,24.549999237060547,20.32481575012207,29800
2022-05-18,24.729999542236328,24.790000915527344,24.565000534057617,24.610000610351562,20.374488830566406,41500
2022-05-19,24.610000610351562,24.75,24.600000381469727,24.75,20.490392684936523,53900
2022-05-20,24.75,24.979999542236328,24.5,24.84000015258789,20.564905166625977,44300
2022-05-23,24.84000015258789,24.90999984741211,24.559999465942383,24.559999465942383,20.333093643188477,22200
2022-05-24,24.700000762939453,24.760000228881836,24.600000381469727,24.739999771118164,20.482114791870117,21200
2022-05-25,24.739999771118164,24.979999542236328,24.739999771118164,24.940000534057617,20.647695541381836,18500
2022-05-26,24.959999084472656,25.229999542236328,24.84000015258789,25.100000381469727,20.780155181884766,24900
2022-05-27,25.100000381469727,25.559999465942383,25.100000381469727,25.489999771118164,21.103036880493164,21400
2022-05-31,25.450000762939453,25.450000762939453,25.15999984741211,25.280000686645508,20.92917823791504,41000
2022-06-01,25.40999984741211,25.450000762939453,25.049999237060547,25.270000457763672,20.920896530151367,9100
2022-06-02,25.110000610351562,25.200000762939453,24.979999542236328,25.079999923706055,20.76359748840332,22300
2022-06-03,25.010000228881836,25.325000762939453,25.0,25.1200008392334,20.796714782714844,21900
2022-06-06,25.1200008392334,25.25,24.940000534057617,25.100000381469727,20.780155181884766,31000
2022-06-07,24.979999542236328,25.530000686645508,24.979999542236328,25.360000610351562,20.995407104492188,14200
2022-06-08,25.329999923706055,25.559999465942383,25.25,25.31999969482422,20.962291717529297,10800
2022-06-09,25.25,25.34000015258789,25.03700065612793,25.049999237060547,20.738758087158203,12300
2022-06-10,25.0,25.174999237060547,24.600000381469727,24.760000228881836,20.498672485351562,22000
2022-06-13,24.579999923706055,24.579999923706055,24.0,24.020000457763672,19.886030197143555,21400
2022-06-14,24.055999755859375,24.29199981689453,23.579999923706055,23.68000030517578,19.604543685913086,19500
2022-06-15,23.690000534057617,24.20199966430664,23.690000534057617,23.799999237060547,19.703895568847656,35500
2022-06-16,23.770000457763672,23.950000762939453,22.920000076293945,23.0,19.041580200195312,39300
2022-06-17,23.280000686645508,23.756000518798828,23.1299991607666,23.15999984741211,19.174041748046875,29400
2022-06-21,23.25,23.729999542236328,23.25,23.729999542236328,19.64594268798828,21400
2022-06-22,23.530000686645508,24.329999923706055,23.530000686645508,23.979999542236328,19.852914810180664,21000
2022-06-23,23.90999984741211,24.121000289916992,23.90999984741211,24.049999237060547,19.910865783691406,22300
2022-06-24,24.229999542236328,24.229999542236328,23.739999771118164,23.799999237060547,19.703895568847656,29300
2022-06-27,23.920000076293945,24.26099967956543,23.68000030517578,23.68000030517578,19.604543685913086,39200
2022-06-28,23.75,23.985000610351562,23.479999542236328,23.479999542236328,19.438966751098633,13900
2022-06-29,23.469999313354492,23.854999542236328,23.40999984741211,23.40999984741211,19.381017684936523,21000
2022-06-30,23.639999389648438,23.639999389648438,23.229999542236328,23.299999237060547,19.289945602416992,37700
2022-07-01,23.43000030517578,23.549999237060547,23.260000228881836,23.360000610351562,19.33962059020996,24000
2022-07-05,23.440000534057617,23.635000228881836,23.219999313354492,23.399999618530273,19.37273597717285,24700
2022-07-06,23.309999465942383,23.65399932861328,23.309999465942383,23.329999923706055,19.31478500366211,19000
2022-07-07,23.450000762939453,23.450000762939453,23.309999465942383,23.360000610351562,19.33962059020996,35500
2022-07-08,23.420000076293945,23.479999542236328,23.299999237060547,23.420000076293945,19.389293670654297,7200
2022-07-11,23.420000076293945,23.850000381469727,23.350000381469727,23.440000534057617,19.405851364135742,12500
2022-07-12,23.510000228881836,24.229999542236328,23.450000762939453,23.450000762939453,19.41413116455078,15500
2022-07-13,23.3799991607666,23.489999771118164,23.292999267578125,23.420000076293945,19.389293670654297,13700
2022-07-14,23.450000762939453,23.5,23.360000610351562,23.43000030517578,19.3975772857666,10500
2022-07-15,23.440000534057617,23.709999084472656,23.440000534057617,23.709999084472656,19.62938117980957,16200
2022-07-18,23.700000762939453,23.90999984741211,23.700000762939453,23.75,19.662500381469727,14700
2022-07-19,23.8799991607666,23.8799991607666,23.719999313354492,23.799999237060547,19.703895568847656,12600
2022-07-20,23.8799991607666,23.90999984741211,23.61199951171875,23.709999084472656,19.62938117980957,15100
2022-07-21,23.709999084472656,23.899999618530273,23.709999084472656,23.84000015258789,19.737010955810547,27100
2022-07-22,23.950000762939453,24.100000381469727,23.920000076293945,24.020000457763672,19.886030197143555,14200
2022-07-25,24.0,24.1299991607666,23.850000381469727,24.010000228881836,19.87775421142578,34100
2022-07-26,24.010000228881836,24.18899917602539,23.930999755859375,24.0,19.869470596313477,48400
2022-07-27,24.09000015258789,24.09000015258789,23.8799991607666,23.950000762939453,19.82807731628418,53700
2022-07-28,24.0,24.139999389648438,23.959999084472656,24.079999923706055,19.93570327758789,53600
2022-07-29,24.15999984741211,24.389999389648438,24.079999923706055,24.280000686645508,20.10128402709961,69500
2022-08-01,24.3799991607666,24.739999771118164,24.219999313354492,24.5,20.283422470092773,63300
2022-08-02,24.530000686645508,24.959999084472656,24.399999618530273,24.829999923706055,20.556623458862305,72500
2022-08-03,24.889999389648438,25.280000686645508,24.799999237060547,25.239999771118164,20.896060943603516,64200
2022-08-04,25.149999618530273,25.239999771118164,24.989999771118164,25.18000030517578,20.84638786315918,65500
2022-08-05,25.1200008392334,25.18199920654297,24.840999603271484,24.979999542236328,20.68080711364746,33900
2022-08-08,24.979999542236328,25.229999542236328,24.957000732421875,25.200000762939453,20.86294937133789,22800
2022-08-09,25.149999618530273,25.25,25.100000381469727,25.149999618530273,20.821548461914062,23500
2022-08-10,25.25,25.25,25.010000228881836,25.09000015258789,20.77187728881836,56800
2022-08-11,25.139999389648438,25.149999618530273,25.0,25.0,20.69736671447754,35600
2022-08-12,24.690000534057617,24.75,24.649999618530273,24.709999084472656,20.822080612182617,26800
2022-08-15,24.75,24.93000030517578,24.700000762939453,24.799999237060547,20.89792251586914,41400
2022-08-16,24.8799991607666,24.889999389648438,24.75,24.850000381469727,20.94005584716797,27000
2022-08-17,24.790000915527344,24.850000381469727,24.610000610351562,24.65999984741211,20.77994728088379,13800
2022-08-18,24.809999465942383,24.829999923706055,24.53499984741211,24.639999389648438,20.763093948364258,25400
2022-08-19,24.6200008392334,24.639999389648438,24.3799991607666,24.530000686645508,20.67040252685547,37300
2022-08-22,24.489999771118164,24.489999771118164,24.399999618530273,24.40999984741211,20.56928253173828,18400
2022-08-23,24.459999084472656,24.670000076293945,24.1200008392334,24.489999771118164,20.636695861816406,98400
2022-08-24,24.479999542236328,24.479999542236328,24.229000091552734,24.399999618530273,20.56085777282715,24100
2022-08-25,24.450000762939453,24.613000869750977,24.329999923706055,24.56999969482422,20.7041072845459,9800
2022-08-26,24.549999237060547,24.549999237060547,24.34000015258789,24.43000030517578,20.586139678955078,11100
2022-08-29,24.399999618530273,24.700000762939453,24.229999542236328,24.610000610351562,20.737815856933594,19700
2022-08-30,24.610000610351562,24.610000610351562,24.239999771118164,24.309999465942383,20.48501968383789,18000
2022-08-31,24.34000015258789,24.34000015258789,24.079999923706055,24.110000610351562,20.316490173339844,17400
2022-09-01,24.079999923706055,24.489999771118164,24.0,24.09000015258789,20.29963493347168,22300
2022-09-02,24.219999313354492,24.621999740600586,24.049999237060547,24.049999237060547,20.265926361083984,17900
2022-09-06,24.010000228881836,24.110000610351562,23.850000381469727,24.06999969482422,20.282777786254883,19500
2022-09-07,24.299999237060547,24.371000289916992,24.219999313354492,24.270000457763672,20.451311111450195,18700
2022-09-08,24.270000457763672,24.3799991607666,24.200000762939453,24.200000762939453,20.3923282623291,15000
2022-09-09,24.219999313354492,24.479999542236328,24.219999313354492,24.440000534057617,20.594562530517578,9100
2022-09-12,24.399999618530273,24.554000854492188,24.389999389648438,24.440000534057617,20.594562530517578,7600
2022-09-13,24.25,24.329999923706055,24.139999389648438,24.280000686645508,20.459739685058594,11700
2022-09-14,24.239999771118164,24.399999618530273,23.979999542236328,24.399999618530273,20.56085777282715,10700
2022-09-15,24.219999313354492,24.405000686645508,24.219999313354492,24.280000686645508,20.459739685058594,9700
2022-09-16,24.200000762939453,24.375999450683594,24.110000610351562,24.209999084472656,20.4007511138916,7500
2022-09-19,24.31999969482422,24.43000030517578,23.979999542236328,24.200000762939453,20.3923282623291,18600
2022-09-20,23.81999969482422,24.209999084472656,23.790000915527344,24.010000228881836,20.232221603393555,15500
2022-09-21,23.9950008392334,24.149999618530273,23.790000915527344,23.90999984741211,20.14795684814453,15000
2022-09-22,23.799999237060547,23.850000381469727,23.510000228881836,23.6299991607666,19.91200828552246,12600
2022-09-23,23.6200008392334,23.757999420166016,23.378000259399414,23.757999420166016,20.019872665405273,14500
2022-09-26,23.360000610351562,23.809999465942383,23.280000686645508,23.299999237060547,19.63393211364746,16800
2022-09-27,23.31999969482422,23.600000381469727,23.219999313354492,23.520000457763672,19.819320678710938,26900
2022-09-28,23.399999618530273,23.829999923706055,23.399999618530273,23.790000915527344,20.04684066772461,16400
2022-09-29,23.530000686645508,23.530000686645508,23.15999984741211,23.5,19.802467346191406,25200
2022-09-30,23.360000610351562,23.5,23.190000534057617,23.450000762939453,19.760334014892578,126600
2022-10-03,23.450000762939453,23.6299991607666,23.360000610351562,23.450000762939453,19.760334014892578,23800
2022-10-04,23.510000228881836,23.649999618530273,23.350000381469727,23.475000381469727,19.78139877319336,29000
2022-10-05,23.3700008392334,23.56999969482422,23.25,23.280000686645508,19.61707878112793,6800
2022-10-06,23.25,23.423999786376953,23.209999084472656,23.309999465942383,19.642358779907227,6200
2022-10-07,23.332000732421875,23.332000732421875,22.809999465942383,22.940000534057617,19.330575942993164,17200
2022-10-10,22.93000030517578,23.216999053955078,22.6299991607666,22.649999618530273,19.086204528808594,13400
2022-10-11,22.649999618530273,22.700000762939453,22.38599967956543,22.459999084472656,18.926097869873047,18000
2022-10-12,22.3700008392334,22.565000534057617,22.242000579833984,22.25,18.749141693115234,10400
2022-10-13,22.100000381469727,23.097999572753906,21.93600082397461,22.56999969482422,19.01879119873047,33000
2022-10-14,22.540000915527344,22.639999389648438,22.09000015258789,22.299999237060547,18.791275024414062,11300
2022-10-17,22.538999557495117,22.759000778198242,22.16200065612793,22.540000915527344,18.993513107299805,8100
2022-10-18,22.520000457763672,22.628999710083008,22.260000228881836,22.299999237060547,18.791275024414062,7000
2022-10-19,22.270000457763672,22.333999633789062,22.049999237060547,22.139999389648438,18.656448364257812,10200
2022-10-20,22.049999237060547,22.121000289916992,21.59000015258789,21.68000030517578,18.268829345703125,14800
2022-10-21,21.700000762939453,21.700000762939453,21.190000534057617,21.43000030517578,18.058164596557617,25400
2022-10-24,21.59000015258789,21.739999771118164,21.290000915527344,21.440000534057617,18.066587448120117,16700
2022-10-25,21.440000534057617,22.020000457763672,21.440000534057617,21.719999313354492,18.302534103393555,9200
2022-10-26,21.790000915527344,22.101999282836914,21.600000381469727,22.0,18.538482666015625,14400
2022-10-27,21.75,22.006000518798828,21.6200008392334,21.875999450683594,18.433990478515625,14700
2022-10-28,21.760000228881836,22.209999084472656,21.760000228881836,22.049999237060547,18.580610275268555,7700
2022-10-31,21.850000381469727,22.1200008392334,21.770000457763672,21.979999542236328,18.52162742614746,36200
2022-11-01,22.020000457763672,22.070999145507812,21.770000457763672,21.780000686645508,18.353092193603516,22200
2022-11-02,21.8799991607666,21.8799991607666,21.31999969482422,21.530000686645508,18.14242935180664,32200
2022-11-03,21.450000762939453,21.450000762939453,21.110000610351562,21.1299991607666,17.80536460876465,17900
2022-11-04,21.239999771118164,21.450000762939453,20.8799991607666,20.989999771118164,17.687395095825195,24500
2022-11-07,20.940000534057617,21.229999542236328,20.719999313354492,21.020000457763672,17.712675094604492,27600
2022-11-08,21.059999465942383,21.459999084472656,21.059999465942383,21.459999084472656,18.083444595336914,26400
2022-11-09,21.65999984741211,21.65999984741211,20.969999313354492,21.25,17.906484603881836,25000
2022-11-10,21.600000381469727,22.65999984741211,21.600000381469727,22.15999984741211,18.673301696777344,47500
2022-11-11,22.299999237060547,22.8700008392334,22.299999237060547,22.5,18.959808349609375,26400
2022-11-14,22.190000534057617,22.280000686645508,21.809999465942383,21.809999465942383,18.743240356445312,21200
2022-11-15,21.93000030517578,22.690000534057617,21.93000030517578,22.549999237060547,19.379186630249023,69300
2022-11-16,22.59000015258789,22.889999389648438,22.40999984741211,22.6299991607666,19.44793701171875,29100
2022-11-17,22.579999923706055,22.746000289916992,22.1299991607666,22.3700008392334,19.224498748779297,23300
2022-11-18,22.25,22.329999923706055,22.149999618530273,22.239999771118164,19.112777709960938,48400
2022-11-21,22.489999771118164,22.559999465942383,22.149999618530273,22.399999618530273,19.25027847290039,21900
2022-11-22,22.5,22.709999084472656,22.22100067138672,22.709999084472656,19.516691207885742,26200
2022-11-23,22.829999923706055,22.8799991607666,22.579999923706055,22.8799991607666,19.662784576416016,18100
2022-11-25,22.969999313354492,22.969999313354492,22.670000076293945,22.940000534057617,19.7143497467041,6500
2022-11-28,22.979999542236328,23.055999755859375,22.75,22.899999618530273,19.67997169494629,34800
2022-11-29,22.950000762939453,22.950000762939453,22.31999969482422,22.31999969482422,19.181528091430664,32100
2022-11-30,22.5,23.219999313354492,22.0049991607666,23.139999389648438,19.8862247467041,92300
2022-12-01,23.0,23.78499984741211,22.43199920654297,23.639999389648438,20.315919876098633,36000
2022-12-02,23.540000915527344,23.81999969482422,23.110000610351562,23.81999969482422,20.470609664916992,15100
2022-12-05,24.0,24.0,22.889999389648438,23.290000915527344,20.01513671875,13000
2022-12-06,23.350000381469727,23.479999542236328,22.8799991607666,22.90999984741211,19.688566207885742,9100
2022-12-07,22.90999984741211,23.40999984741211,22.90999984741211,23.3799991607666,20.092477798461914,7700
2022-12-08,23.200000762939453,23.540000915527344,23.030000686645508,23.25,19.980756759643555,11200
2022-12-09,23.149999618530273,23.200000762939453,22.81999969482422,23.0,19.765913009643555,9000
2022-12-12,23.020000457763672,23.219999313354492,22.81999969482422,22.81999969482422,19.611223220825195,35900
2022-12-13,23.079999923706055,23.3799991607666,22.950000762939453,22.9950008392334,19.761615753173828,14000
2022-12-14,23.1299991607666,23.344999313354492,22.799999237060547,22.799999237060547,19.59403419494629,24900
2022-12-15,22.639999389648438,23.34000015258789,22.639999389648438,22.860000610351562,19.645597457885742,60000
2022-12-16,22.860000610351562,23.040000915527344,22.170000076293945,22.239999771118164,19.112777709960938,67300
2022-12-19,22.25,22.402000427246094,22.033000946044922,22.15999984741211,19.044025421142578,22100
2022-12-20,22.170000076293945,22.299999237060547,21.860000610351562,22.219999313354492,19.09558868408203,32300
2022-12-21,22.209999084472656,22.700000762939453,22.209999084472656,22.399999618530273,19.25027847290039,18100
2022-12-22,22.270000457763672,22.433000564575195,21.760000228881836,21.770000457763672,18.7088680267334,27000
2022-12-23,21.719999313354492,22.15999984741211,21.6299991607666,21.979999542236328,18.88933753967285,17000
2022-12-27,22.0,22.17099952697754,21.809999465942383,22.139999389648438,19.026836395263672,32300
2022-12-28,22.0,22.0,21.632999420166016,21.700000762939453,18.64870834350586,28500
2022-12-29,21.799999237060547,22.170000076293945,21.670000076293945,21.829999923706055,18.760427474975586,29000
2022-12-30,21.75,22.06999969482422,21.399999618530273,21.399999618530273,18.390893936157227,87600
2023-01-03,21.65999984741211,21.94499969482422,21.649999618530273,21.739999771118164,18.683082580566406,12400
2023-01-04,21.809999465942383,22.354999542236328,21.809999465942383,22.1299991607666,19.018245697021484,20500
2023-01-05,22.100000381469727,22.729999542236328,21.999000549316406,22.59000015258789,19.41356086730957,19700
2023-01-06,22.59000015258789,22.950000762939453,22.549999237060547,22.889999389648438,19.6713809967041,21200
2023-01-09,23.010000228881836,23.010000228881836,22.5,22.649999618530273,19.465126037597656,22800
2023-01-10,22.649999618530273,22.780000686645508,22.3700008392334,22.719999313354492,19.52528190612793,21800
2023-01-11,22.850000381469727,23.059999465942383,22.60300064086914,23.049999237060547,19.808883666992188,11800
2023-01-12,23.110000610351562,23.459999084472656,22.9950008392334,23.3799991607666,20.092477798461914,15200
2023-01-13,23.280000686645508,23.450000762939453,23.083999633789062,23.309999465942383,20.03232192993164,8400
2023-01-17,23.440000534057617,23.55500030517578,23.40999984741211,23.448999404907227,20.151777267456055,19200
2023-01-18,23.670000076293945,23.790000915527344,23.309999465942383,23.309999465942383,20.03232192993164,24100
2023-01-19,23.510000228881836,23.719999313354492,23.132999420166016,23.604999542236328,20.285839080810547,13700
2023-01-20,23.690000534057617,23.690000534057617,23.149999618530273,23.149999618530273,19.894821166992188,54200
2023-01-23,23.350000381469727,23.739999771118164,23.270000457763672,23.670000076293945,20.34170150756836,19500
2023-01-24,23.65999984741211,23.690000534057617,23.469999313354492,23.489999771118164,20.18701171875,12300
2023-01-25,23.469999313354492,23.604999542236328,23.399999618530273,23.549999237060547,20.23857307434082,13800
2023-01-26,23.479999542236328,23.68000030517578,23.440000534057617,23.604999542236328,20.285839080810547,13900
2023-01-27,23.479999542236328,23.6200008392334,23.479999542236328,23.600000381469727,20.281545639038086,6700
2023-01-30,23.5,23.690000534057617,23.5,23.600000381469727,20.281545639038086,38100
2023-01-31,23.56999969482422,24.200000762939453,23.56999969482422,24.030000686645508,20.651079177856445,124600
2023-02-01,23.799999237060547,24.148000717163086,23.799999237060547,24.079999923706055,20.694049835205078,26300
2023-02-02,24.079999923706055,24.3799991607666,24.069000244140625,24.190000534057617,20.788585662841797,22800
2023-02-03,24.0,24.260000228881836,24.0,24.010000228881836,20.633893966674805,29700
2023-02-06,24.100000381469727,24.239999771118164,23.950000762939453,24.1200008392334,20.72842788696289,36600
2023-02-07,24.190000534057617,24.190000534057617,23.899999618530273,24.079999923706055,20.694049835205078,38300
2023-02-08,24.1299991607666,24.399999618530273,24.09600067138672,24.31999969482422,20.90030288696289,89400
2023-02-09,24.3799991607666,24.475000381469727,24.260000228881836,24.299999237060547,20.883115768432617,44800
2023-02-10,24.450000762939453,24.450000762939453,24.260000228881836,24.360000610351562,20.93467903137207,19700
2023-02-13,24.389999389648438,24.389999389648438,24.139999389648438,24.219999313354492,20.81436538696289,57100
2023-02-14,23.889999389648438,23.959999084472656,23.84000015258789,23.900999069213867,20.918514251708984,34800
2023-02-15,23.899999618530273,23.959999084472656,23.6200008392334,23.7450008392334,20.781982421875,15500
2023-02-16,23.770000457763672,23.780000686645508,23.5,23.520000457763672,20.585060119628906,33700
2023-02-17,23.450000762939453,23.621999740600586,23.260000228881836,23.5,20.567554473876953,19700
2023-02-21,23.700000762939453,23.700000762939453,23.239999771118164,23.239999771118164,20.339998245239258,23800
2023-02-22,23.389999389648438,23.70800018310547,23.2810001373291,23.584999084472656,20.64194679260254,17800
2023-02-23,23.700000762939453,23.729999542236328,23.600000381469727,23.6200008392334,20.67258071899414,12400
2023-02-24,23.600000381469727,23.690000534057617,23.450000762939453,23.610000610351562,20.663827896118164,14500
2023-02-27,23.690000534057617,23.81999969482422,23.5,23.610000610351562,20.663827896118164,18900
2023-02-28,23.690000534057617,23.690000534057617,23.40999984741211,23.559999465942383,20.620067596435547,39600
2023-03-01,23.559999465942383,23.670000076293945,23.514999389648438,23.628000259399414,20.679580688476562,5000
2023-03-02,23.530000686645508,23.530000686645508,23.190000534057617,23.25,20.3487491607666,38400
2023-03-03,23.399999618530273,23.63599967956543,23.329999923706055,23.420000076293945,20.497535705566406,24800
2023-03-06,23.540000915527344,23.709999084472656,23.450000762939453,23.549999237060547,20.611312866210938,14800
2023-03-07,23.549999237060547,23.56999969482422,23.319000244140625,23.389999389648438,20.471282958984375,10100
2023-03-08,23.450000762939453,23.56999969482422,23.290000915527344,23.290000915527344,20.383760452270508,9600
2023-03-09,23.520000457763672,23.520000457763672,23.020000457763672,23.166000366210938,20.275230407714844,21300
2023-03-10,23.329999923706055,23.3700008392334,22.760000228881836,22.979999542236328,20.11244010925293,24800
2023-03-13,22.940000534057617,22.94700050354004,22.030000686645508,22.059999465942383,19.3072452545166,28700
2023-03-14,22.40999984741211,23.0,22.40999984741211,22.84000015258789,19.989913940429688,10300
2023-03-15,22.59000015258789,22.59000015258789,22.040000915527344,22.200000762939453,19.42977523803711,11800
2023-03-16,22.079999923706055,22.375999450683594,21.90999984741211,21.920000076293945,19.18471336364746,67200
2023-03-17,21.920000076293945,21.920000076293945,21.420000076293945,21.64900016784668,18.947532653808594,27800
2023-03-20,21.709999084472656,21.709999084472656,21.309999465942383,21.549999237060547,18.860883712768555,20600
2023-03-21,21.66200065612793,22.520000457763672,21.40999984741211,21.6200008392334,18.922147750854492,19200
2023-03-22,21.670000076293945,21.760000228881836,21.280000686645508,21.280000686645508,18.624576568603516,13300
2023-03-23,21.360000610351562,21.549999237060547,21.15999984741211,21.15999984741211,18.519550323486328,31800
2023-03-24,21.239999771118164,21.239999771118164,20.73699951171875,20.889999389648438,18.283241271972656,31600
2023-03-27,21.079999923706055,21.33799934387207,21.049999237060547,21.25,18.59832000732422,5900
2023-03-28,21.329999923706055,21.415000915527344,20.94700050354004,21.003000259399414,18.382143020629883,15200
2023-03-29,21.200000762939453,21.610000610351562,21.040000915527344,21.530000686645508,18.843381881713867,67000
2023-03-30,21.610000610351562,21.969999313354492,21.413000106811523,21.969999313354492,19.228471755981445,31800
2023-03-31,21.84000015258789,22.399999618530273,21.84000015258789,22.299999237060547,19.51729393005371,68900
2023-04-03,22.18000030517578,22.5,22.049999237060547,22.309999465942383,19.52604866027832,10900
2023-04-04,22.270000457763672,22.559999465942383,22.200000762939453,22.43000030517578,19.631072998046875,12400
2023-04-05,22.389999389648438,22.479999542236328,22.219999313354492,22.360000610351562,19.569808959960938,5800
2023-04-06,22.25,22.520000457763672,22.229999542236328,22.479999542236328,19.674833297729492,25600
2023-04-10,22.479999542236328,22.8700008392334,22.420000076293945,22.8700008392334,20.01616668701172,55300
2023-04-11,22.899999618530273,23.170000076293945,22.719999313354492,22.81999969482422,19.972408294677734,57900
2023-04-12,22.979999542236328,23.040000915527344,22.799999237060547,22.860000610351562,20.007415771484375,22000
2023-04-13,22.989999771118164,22.989999771118164,22.611000061035156,22.899999618530273,20.042423248291016,21100
2023-04-14,22.90999984741211,22.950000762939453,22.753000259399414,22.84000015258789,19.989913940429688,8200
2023-04-17,22.979999542236328,23.0,22.780000686645508,22.790000915527344,19.946155548095703,12800
2023-04-18,22.899999618530273,23.0,22.722000122070312,22.75,19.911144256591797,17700
2023-04-19,22.780000686645508,22.799999237060547,22.700000762939453,22.790000915527344,19.946155548095703,12700
2023-04-20,22.809999465942383,22.809999465942383,22.6200008392334,22.679000854492188,19.849000930786133,7800
2023-04-21,22.850000381469727,22.850000381469727,22.600000381469727,22.600000381469727,19.779861450195312,27000
2023-04-24,22.639999389648438,22.690000534057617,22.510000228881836,22.510000228881836,19.701091766357422,19400
2023-04-25,22.510000228881836,22.600000381469727,22.3700008392334,22.3700008392334,19.578561782836914,26200
2023-04-26,22.440000534057617,22.649999618530273,22.420000076293945,22.5,19.692338943481445,25600
2023-04-27,22.479999542236328,22.729999542236328,22.450000762939453,22.524999618530273,19.714218139648438,9600
2023-04-28,22.610000610351562,22.950000762939453,22.469999313354492,22.899999618530273,20.042423248291016,72600
2023-05-01,22.8799991607666,22.93000030517578,22.020000457763672,22.399999618530273,19.604816436767578,63300
2023-05-02,22.290000915527344,22.399999618530273,22.0,22.25,19.473535537719727,28300
2023-05-03,22.1200008392334,22.31999969482422,21.8799991607666,21.8799991607666,19.149703979492188,29400
2023-05-04,21.81999969482422,21.81999969482422,21.56999969482422,21.65999984741211,18.95716094970703,14000
2023-05-05,21.780000686645508,22.270000457763672,21.780000686645508,22.219999313354492,19.44727897644043,13500
2023-05-08,22.239999771118164,22.239999771118164,22.049999237060547,22.139999389648438,19.377260208129883,18700
2023-05-09,22.010000228881836,22.170000076293945,21.790000915527344,22.115999221801758,19.35625457763672,14400
2023-05-10,22.100000381469727,22.368000030517578,22.077999114990234,22.09000015258789,19.3335018157959,16700
2023-05-11,22.09000015258789,22.209999084472656,21.729999542236328,21.809999465942383,19.08843994140625,24800
2023-05-12,21.729999542236328,21.940000534057617,21.360000610351562,21.56999969482422,19.265283584594727,15100
2023-05-15,21.59000015258789,21.68000030517578,21.40999984741211,21.5,19.2027645111084,17500
2023-05-16,21.450000762939453,21.6299991607666,21.204999923706055,21.360000610351562,19.07772445678711,59900
2023-05-17,21.290000915527344,21.900999069213867,21.229999542236328,21.700000762939453,19.38139533996582,34800
2023-05-18,21.690000534057617,21.940000534057617,21.534000396728516,21.579999923706055,19.274215698242188,36800
2023-05-19,21.579999923706055,21.6299991607666,21.209999084472656,21.385000228881836,19.100051879882812,20100
2023-05-22,21.329999923706055,21.649999618530273,21.200000762939453,21.5,19.2027645111084,24500
2023-05-23,21.309999465942383,21.670000076293945,21.309999465942383,21.520000457763672,19.220626831054688,54600
2023-05-24,21.510000228881836,21.809999465942383,21.40999984741211,21.649999618530273,19.33673858642578,61100
2023-05-25,21.59000015258789,21.649999618530273,21.3799991607666,21.420000076293945,19.131315231323242,33700
2023-05-26,21.399999618530273,21.56999969482422,21.360000610351562,21.549999237060547,19.247419357299805,20600
2023-05-30,21.639999389648438,21.860000610351562,21.510000228881836,21.600000381469727,19.29207992553711,42100
2023-05-31,21.700000762939453,21.700000762939453,21.540000915527344,21.700000762939453,19.38139533996582,82400
2023-06-01,21.6299991607666,21.940000534057617,21.6299991607666,21.889999389648438,19.55109214782715,73800
2023-06-02,21.979999542236328,22.280000686645508,21.979999542236328,22.200000762939453,19.827970504760742,24800
2023-06-05,22.149999618530273,22.3799991607666,22.040000915527344,22.280000686645508,19.899423599243164,16200
2023-06-06,22.3700008392334,22.459999084472656,22.2810001373291,22.375,19.984272003173828,20100
2023-06-07,22.450000762939453,22.450000762939453,22.190000534057617,22.299999237060547,19.91728401184082,12200
2023-06-08,22.299999237060547,22.399999618530273,22.100000381469727,22.25,19.87262725830078,7800
2023-06-09,22.209999084472656,22.299999237060547,22.020000457763672,22.170000076293945,19.801176071166992,18400
2023-06-12,22.25,22.350000381469727,21.799999237060547,21.8799991607666,19.542158126831055,27400
2023-06-13,21.93000030517578,22.25,21.899999618530273,22.049999237060547,19.693998336791992,18200
2023-06-14,22.110000610351562,22.1200008392334,21.940000534057617,21.940000534057617,19.595752716064453,20500
2023-06-15,21.979999542236328,22.09000015258789,21.959999084472656,22.049999237060547,19.693998336791992,5800
2023-06-16,22.030000686645508,22.09000015258789,21.975000381469727,22.079999923706055,19.720794677734375,29600
2023-06-20,21.90999984741211,22.0,21.90999984741211,21.989999771118164,19.64040756225586,15700
2023-06-21,21.889999389648438,22.059999465942383,21.829999923706055,21.950000762939453,19.60468292236328,16000
2023-06-22,22.0,22.030000686645508,21.829999923706055,21.899999618530273,19.560022354125977,21000
2023-06-23,21.90999984741211,22.030000686645508,21.90999984741211,22.0,19.649341583251953,14800
2023-06-26,22.270000457763672,22.389999389648438,22.100000381469727,22.100000381469727,19.738656997680664,39300
2023-06-27,22.190000534057617,22.260000228881836,22.010000228881836,22.010000228881836,19.65827178955078,15400
2023-06-28,22.209999084472656,22.31999969482422,22.010000228881836,22.15999984741211,19.79224395751953,18700
2023-06-29,22.09000015258789,22.420000076293945,22.049999237060547,22.299999237060547,19.91728401184082,71000
2023-06-30,22.389999389648438,23.1200008392334,22.3700008392334,22.809999465942383,20.372793197631836,674500
2023-07-03,22.610000610351562,22.75,22.559999465942383,22.700000762939453,20.274547576904297,11400
2023-07-05,22.75,22.84000015258789,22.520000457763672,22.834999084472656,20.39512062072754,437000
2023-07-06,22.739999771118164,22.799999237060547,22.540000915527344,22.709999084472656,20.283479690551758,35300
2023-07-07,22.700000762939453,22.8799991607666,22.700000762939453,22.799999237060547,20.363859176635742,16000
2023-07-10,22.799999237060547,23.209999084472656,22.76799964904785,23.149999618530273,20.67646598815918,64200
2023-07-11,23.200000762939453,23.790000915527344,23.149999618530273,23.790000915527344,21.248083114624023,62900
2023-07-12,23.75,24.200000762939453,23.75,24.0,21.43564224243164,100900
2023-07-13,24.010000228881836,24.40999984741211,23.975000381469727,24.389999389648438,21.78396987915039,38700
2023-07-14,24.350000381469727,24.450000762939453,24.020000457763672,24.389999389648438,21.78396987915039,44000
2023-07-17,24.389999389648438,24.440000534057617,24.114999771118164,24.239999771118164,21.650001525878906,46700
2023-07-18,24.290000915527344,24.610000610351562,24.260000228881836,24.510000228881836,21.891151428222656,62300
2023-07-19,24.540000915527344,24.600000381469727,24.23200035095215,24.43000030517578,21.819700241088867,78300
2023-07-20,24.350000381469727,24.600000381469727,24.277000427246094,24.420000076293945,21.810768127441406,78500
2023-07-21,24.450000762939453,25.059999465942383,24.349000930786133,24.600000381469727,21.971532821655273,612100
2023-07-24,24.6200008392334,24.700000762939453,24.31999969482422,24.489999771118164,21.873289108276367,42100
2023-07-25,24.440000534057617,24.440000534057617,23.350000381469727,24.040000915527344,21.471370697021484,78500
2023-07-26,24.06999969482422,24.3799991607666,23.75,24.049999237060547,21.48029899597168,373700
2023-07-27,24.100000381469727,24.25,23.489999771118164,23.600000381469727,21.078386306762695,79500
2023-07-28,23.729999542236328,24.219999313354492,23.565000534057617,23.579999923706055,21.060518264770508,15600
2023-07-31,23.670000076293945,23.881999969482422,23.6299991607666,23.799999237060547,21.25701332092285,41500
2023-08-01,23.760000228881836,23.780000686645508,23.350000381469727,23.639999389648438,21.114107131958008,54900
2023-08-02,23.600000381469727,24.030000686645508,23.450000762939453,23.920000076293945,21.36419105529785,384000
2023-08-03,23.850000381469727,23.889999389648438,23.68000030517578,23.799999237060547,21.25701332092285,12300
2023-08-04,23.989999771118164,24.05500030517578,23.829999923706055,23.829999923706055,21.2838077545166,7800
2023-08-07,23.920000076293945,23.989999771118164,23.700000762939453,23.8799991607666,21.32846450805664,8900
2023-08-08,23.760000228881836,23.899999618530273,23.65999984741211,23.739999771118164,21.20342445373535,12300
2023-08-09,23.850000381469727,23.895000457763672,23.65999984741211,23.65999984741211,21.131969451904297,11600
2023-08-10,23.790000915527344,23.940000534057617,23.6299991607666,23.6299991607666,21.105175018310547,16800
2023-08-11,23.670000076293945,23.969999313354492,23.670000076293945,23.90999984741211,21.355262756347656,7500
2023-08-14,23.56999969482422,23.790000915527344,23.399999618530273,23.450000762939453,21.33524513244629,13700
2023-08-15,23.420000076293945,23.530000686645508,23.309999465942383,23.360000610351562,21.25336265563965,15900
2023-08-16,23.209999084472656,23.389999389648438,23.209999084472656,23.329999923706055,21.226064682006836,18300
2023-08-17,23.389999389648438,23.5,23.18199920654297,23.440000534057617,21.326147079467773,12500
2023-08-18,23.389999389648438,23.540000915527344,23.100000381469727,23.5,21.380735397338867,54200
2023-08-21,23.600000381469727,23.6299991607666,23.40999984741211,23.5,21.380735397338867,32400
2023-08-22,23.780000686645508,23.860000610351562,23.40999984741211,23.420000076293945,21.30794906616211,58000
2023-08-23,23.459999084472656,23.860000610351562,23.440000534057617,23.489999771118164,21.37163734436035,53900
2023-08-24,23.579999923706055,23.690000534057617,23.280000686645508,23.399999618530273,21.289752960205078,22900
2023-08-25,23.399999618530273,23.579999923706055,23.194000244140625,23.389999389648438,21.280656814575195,20100
2023-08-28,23.420000076293945,23.520000457763672,23.28499984741211,23.450000762939453,21.33524513244629,7000
2023-08-29,23.440000534057617,23.59000015258789,23.329999923706055,23.5,21.380735397338867,23500
2023-08-30,23.579999923706055,23.579999923706055,23.350000381469727,23.424999237060547,21.3125,10700
2023-08-31,23.479999542236328,23.579999923706055,23.35099983215332,23.5,21.380735397338867,62000
2023-09-01,23.459999084472656,23.59000015258789,23.459999084472656,23.520000457763672,21.3989315032959,18200
2023-09-05,23.530000686645508,23.68000030517578,23.420000076293945,23.510000228881836,21.38983154296875,12200
2023-09-06,23.600000381469727,23.729999542236328,23.360000610351562,23.360000610351562,21.25336265563965,24900
2023-09-07,23.43000030517578,23.5,23.1299991607666,23.225000381469727,21.130535125732422,9900
2023-09-08,23.280000686645508,23.469999313354492,23.219999313354492,23.299999237060547,21.198768615722656,11800
2023-09-11,23.389999389648438,23.469999313354492,23.15399932861328,23.299999237060547,21.198768615722656,8000
2023-09-12,23.3700008392334,23.43400001525879,23.1299991607666,23.290000915527344,21.189674377441406,9200
2023-09-13,23.389999389648438,23.46500015258789,23.239999771118164,23.399999618530273,21.289752960205078,5500
2023-09-14,23.5,23.5,23.350000381469727,23.479999542236328,21.362539291381836,32900
2023-09-15,23.3700008392334,23.479999542236328,23.3700008392334,23.479999542236328,21.362539291381836,11200
2023-09-18,23.56999969482422,23.56999969482422,23.389999389648438,23.43000030517578,21.317049026489258,8800
2023-09-19,23.43000030517578,23.440000534057617,23.3700008392334,23.43000030517578,21.317049026489258,16400
2023-09-20,23.440000534057617,24.469999313354492,23.360000610351562,24.399999618530273,22.199569702148438,203600
2023-09-21,24.200000762939453,24.670000076293945,24.06999969482422,24.579999923706055,22.363340377807617,109900
2023-09-22,24.639999389648438,24.700000762939453,24.357999801635742,24.6200008392334,22.399734497070312,39300
2023-09-25,24.579999923706055,24.670000076293945,24.398000717163086,24.59000015258789,22.3724365234375,19800
2023-09-26,24.530000686645508,24.59000015258789,24.222999572753906,24.270000457763672,22.0812931060791,39000
2023-09-27,24.389999389648438,24.450000762939453,24.030000686645508,24.28499984741211,22.09494400024414,52000
2023-09-28,24.25,24.440000534057617,24.209999084472656,24.420000076293945,22.217769622802734,19400
2023-09-29,24.440000534057617,24.899999618530273,24.440000534057617,24.889999389648438,22.645383834838867,219800
2023-10-02,24.770000457763672,24.84000015258789,24.299999237060547,24.469999313354492,22.263259887695312,82500
2023-10-03,24.469999313354492,24.469999313354492,23.860000610351562,23.920000076293945,21.762859344482422,47600
2023-10-04,24.040000915527344,24.299999237060547,23.739999771118164,23.739999771118164,21.599092483520508,52900
2023-10-05,23.84000015258789,24.43000030517578,23.649999618530273,23.65999984741211,21.526304244995117,17600
2023-10-06,23.540000915527344,23.739999771118164,23.405000686645508,23.540000915527344,21.41712760925293,18300
2023-10-09,23.639999389648438,23.799999237060547,23.420000076293945,23.65999984741211,21.526304244995117,10900
2023-10-10,23.709999084472656,23.930999755859375,23.670000076293945,23.68000030517578,21.54450225830078,11600
2023-10-11,23.84000015258789,23.84000015258789,23.639999389648438,23.65999984741211,21.526304244995117,13800
2023-10-12,23.780000686645508,23.780000686645508,23.520000457763672,23.520000457763672,21.3989315032959,5900
2023-10-13,23.670000076293945,23.75,23.200000762939453,23.360000610351562,21.25336265563965,18000
2023-10-16,23.3700008392334,23.510000228881836,23.174999237060547,23.270000457763672,21.171478271484375,10200
2023-10-17,23.200000762939453,23.200000762939453,22.917999267578125,22.93000030517578,20.862138748168945,32700
2023-10-18,22.969999313354492,22.9950008392334,22.68000030517578,22.690000534057617,20.643783569335938,17500
2023-10-19,22.75,23.01300048828125,22.420000076293945,22.440000534057617,20.416330337524414,21600
2023-10-20,22.510000228881836,22.514999389648438,22.15999984741211,22.15999984741211,20.161577224731445,38700
2023-10-23,22.219999313354492,22.59000015258789,22.06999969482422,22.34000015258789,20.325345993041992,10800
2023-10-24,22.459999084472656,23.6200008392334,22.010000228881836,23.6200008392334,21.489913940429688,51000
2023-10-25,23.520000457763672,24.1200008392334,23.450000762939453,23.799999237060547,21.6536808013916,196500
2023-10-26,23.8799991607666,23.940000534057617,23.6200008392334,23.760000228881836,21.61728858947754,7100
2023-10-27,23.860000610351562,23.93000030517578,23.549999237060547,23.549999237060547,21.426225662231445,13700
2023-10-30,23.649999618530273,23.809999465942383,23.5,23.6299991607666,21.49901008605957,20600
2023-10-31,23.75,23.790000915527344,23.540000915527344,23.790000915527344,21.64458465576172,58700
2023-11-01,23.81999969482422,24.11400032043457,23.639999389648438,24.020000457763672,21.85384178161621,21000
2023-11-02,24.190000534057617,24.399999618530273,24.079999923706055,24.239999771118164,22.05400276184082,24400
2023-11-03,24.239999771118164,24.65999984741211,24.239999771118164,24.549999237060547,22.33604621887207,31200
2023-11-06,24.639999389648438,24.729999542236328,24.440000534057617,24.59000015258789,22.3724365234375,13100
2023-11-07,24.6299991607666,24.639999389648438,24.492000579833984,24.639999389648438,22.417926788330078,6800
2023-11-08,24.649999618530273,24.780000686645508,24.459999084472656,24.770000457763672,22.536205291748047,12500
2023-11-09,24.81999969482422,24.81999969482422,24.500999450683594,24.59000015258789,22.3724365234375,13000
2023-11-10,24.530000686645508,24.780000686645508,24.530000686645508,24.68000030517578,22.454322814941406,9700
2023-11-13,24.670000076293945,24.8799991607666,24.518999099731445,24.84000015258789,22.599891662597656,15900
2023-11-14,24.84000015258789,24.940000534057617,24.649999618530273,24.770000457763672,22.940715789794922,19700
2023-11-15,24.799999237060547,24.799999237060547,24.600000381469727,24.770000457763672,22.940715789794922,12800
2023-11-16,24.760000228881836,24.760000228881836,24.489999771118164,24.579999923706055,22.764747619628906,23600
2023-11-17,24.549999237060547,24.69499969482422,24.469999313354492,24.6200008392334,22.801794052124023,14900
2023-11-20,24.729999542236328,24.799999237060547,24.469999313354492,24.53499984741211,22.723068237304688,13800
2023-11-21,24.639999389648438,24.75,24.479999542236328,24.489999771118164,22.681392669677734,21700
2023-11-22,24.59000015258789,24.59000015258789,24.3700008392334,24.399999618530273,22.598037719726562,16200
2023-11-24,24.510000228881836,24.549999237060547,24.43000030517578,24.540000915527344,22.72770118713379,6900
2023-11-27,24.5,24.56999969482422,24.34000015258789,24.56999969482422,22.75548553466797,32600
2023-11-28,24.59000015258789,24.780000686645508,24.399999618530273,24.6200008392334,22.801794052124023,18500
2023-11-29,24.75,25.010000228881836,24.722000122070312,25.0,23.153730392456055,27600
2023-11-30,25.030000686645508,25.049999237060547,24.729999542236328,24.729999542236328,22.903667449951172,90200
2023-12-01,24.84000015258789,25.0,24.729999542236328,24.979999542236328,23.135204315185547,32400
2023-12-04,24.860000610351562,24.979999542236328,24.559999465942383,24.579999923706055,22.764747619628906,24600
2023-12-05,24.65999984741211,24.850000381469727,24.65999984741211,24.68000030517578,22.857362747192383,15500
2023-12-06,24.700000762939453,24.950000762939453,24.575000762939453,24.6200008392334,22.801794052124023,17900
2023-12-07,24.670000076293945,24.899999618530273,24.670000076293945,24.719999313354492,22.894405364990234,12100
2023-12-08,24.68000030517578,24.81399917602539,24.424999237060547,24.450000762939453,22.644350051879883,10200
2023-12-11,24.450000762939453,24.604999542236328,24.302000045776367,24.600000381469727,22.783267974853516,15500
2023-12-12,24.59000015258789,24.68000030517578,24.364999771118164,24.6299991607666,22.811052322387695,24800
2023-12-13,24.729999542236328,24.979999542236328,24.59000015258789,24.90999984741211,23.070375442504883,38400
2023-12-14,24.950000762939453,25.280000686645508,24.809999465942383,24.860000610351562,23.02406883239746,24500
2023-12-15,24.959999084472656,24.959999084472656,24.790000915527344,24.81999969482422,22.987022399902344,17200
2023-12-18,24.829999923706055,24.950000762939453,24.709999084472656,24.719999313354492,22.894405364990234,17000
2023-12-19,24.850000381469727,25.030000686645508,24.759000778198242,24.860000610351562,23.02406883239746,15000
2023-12-20,24.940000534057617,25.155000686645508,24.889999389648438,25.059999465942383,23.20929718017578,26900
2023-12-21,25.200000762939453,25.200000762939453,24.899999618530273,25.09000015258789,23.237083435058594,17700
2023-12-22,25.200000762939453,25.200000762939453,25.020000457763672,25.030000686645508,23.1815128326416,16900
2023-12-26,25.139999389648438,25.3700008392334,25.049999237060547,25.299999237060547,23.43157386779785,30500
2023-12-27,25.399999618530273,25.559999465942383,25.299999237060547,25.559999465942383,23.672372817993164,18700
2023-12-28,25.559999465942383,25.6200008392334,25.360000610351562,25.517000198364258,23.63254737854004,9700
2023-12-29,25.479999542236328,25.540000915527344,25.040000915527344,25.079999923706055,23.227819442749023,70000
2024-01-02,24.969999313354492,25.275999069213867,24.959999084472656,25.165000915527344,23.306547164916992,18800
2024-01-03,25.079999923706055,25.299999237060547,25.058000564575195,25.219999313354492,23.357481002807617,24000
2024-01-04,25.02199935913086,25.30900001525879,25.02199935913086,25.19099998474121,23.330623626708984,8200
2024-01-05,25.290000915527344,25.290000915527344,25.1299991607666,25.184999465942383,23.32506561279297,14300
2024-01-08,25.239999771118164,25.239999771118164,25.110000610351562,25.125,23.269498825073242,23100
2024-01-09,25.149999618530273,25.25,25.110000610351562,25.25,23.385265350341797,9300
2024-01-10,25.149999618530273,25.260000228881836,25.111000061035156,25.139999389648438,23.283390045166016,18300
2024-01-11,25.200000762939453,25.200000762939453,25.030000686645508,25.135000228881836,23.27876091003418,12200
2024-01-12,25.139999389648438,25.190000534057617,25.0,25.079999923706055,23.227819442749023,13700
2024-01-16,25.170000076293945,25.170000076293945,25.079999923706055,25.1299991607666,23.274127960205078,11700
2024-01-17,25.09000015258789,25.239999771118164,25.079999923706055,25.170000076293945,23.311174392700195,28100
2024-01-18,25.110000610351562,25.170000076293945,25.030000686645508,25.049999237060547,23.20003318786621,31500
2024-01-19,25.1200008392334,25.280000686645508,25.045000076293945,25.280000686645508,23.41305160522461,52300
2024-01-22,25.25,25.540000915527344,25.10300064086914,25.280000686645508,23.41305160522461,16600
2024-01-23,25.34000015258789,25.350000381469727,25.19099998474121,25.34000015258789,23.46862030029297,10800
2024-01-24,25.469999313354492,25.469999313354492,25.1299991607666,25.239999771118164,23.37600326538086,7600
2024-01-25,25.229999542236328,25.530000686645508,25.09000015258789,25.530000686645508,23.644590377807617,19200
2024-01-26,25.450000762939453,25.579999923706055,25.18000030517578,25.579999923706055,23.690895080566406,5800
2024-01-29,25.530000686645508,25.540000915527344,25.40999984741211,25.540000915527344,23.653852462768555,11000
2024-01-30,25.540000915527344,25.55699920654297,25.309999465942383,25.549999237060547,23.663110733032227,8800
2024-01-31,25.540000915527344,25.639999389648438,25.31999969482422,25.440000534057617,23.561235427856445,23500
2024-02-01,25.479999542236328,25.68600082397461,25.204999923706055,25.639999389648438,23.7464656829834,16700
2024-02-02,25.459999084472656,25.790000915527344,25.31999969482422,25.5,23.616804122924805,22800
2024-02-05,25.540000915527344,25.6299991607666,25.170000076293945,25.40999984741211,23.533449172973633,9400
2024-02-06,25.450000762939453,25.5,25.229999542236328,25.5,23.616804122924805,6700
2024-02-07,25.549999237060547,25.639999389648438,25.329999923706055,25.454999923706055,23.57512664794922,18500
2024-02-08,25.459999084472656,25.579999923706055,25.400999069213867,25.57900047302246,23.689970016479492,5700
2024-02-09,25.579999923706055,25.618000030517578,25.3799991607666,25.579999923706055,23.690895080566406,8100
2024-02-12,25.530000686645508,25.75,25.41200065612793,25.479999542236328,23.59827995300293,16900
2024-02-13,25.469999313354492,25.6200008392334,25.329999923706055,25.43199920654297,23.55382537841797,10100
2024-02-14,25.18000030517578,25.600000381469727,25.020000457763672,25.020000457763672,23.57832908630371,8300
2024-02-15,25.1299991607666,25.479999542236328,25.027999877929688,25.18000030517578,23.729108810424805,11500
2024-02-16,25.040000915527344,25.142000198364258,25.0,25.059999465942383,23.61602210998535,14200
2024-02-20,25.190000534057617,25.239999771118164,25.077999114990234,25.239999771118164,23.7856502532959,7000
2024-02-21,25.239999771118164,25.5,25.059999465942383,25.31999969482422,23.861040115356445,13100
2024-02-22,25.450000762939453,25.450000762939453,25.200000762939453,25.200000762939453,23.747957229614258,5000
2024-02-23,25.299999237060547,25.59000015258789,25.299999237060547,25.450000762939453,23.983551025390625,22800
2024-02-26,25.5,25.610000610351562,25.274999618530273,25.56999969482422,24.096635818481445,13200
2024-02-27,25.56999969482422,25.65999984741211,25.219999313354492,25.290000915527344,23.8327693939209,12700
2024-02-28,25.3799991607666,25.764999389648438,25.3799991607666,25.610000610351562,24.13433265686035,14700
2024-02-29,25.610000610351562,25.799999237060547,25.360000610351562,25.3799991607666,23.91758155822754,55400
2024-03-01,25.540000915527344,25.6299991607666,25.334999084472656,25.559999465942383,24.08721160888672,18400
2024-03-04,25.549999237060547,25.600000381469727,25.149999618530273,25.149999618530273,23.700836181640625,13000
2024-03-05,25.15999984741211,25.493999481201172,25.15999984741211,25.270000457763672,23.813922882080078,8500
2024-03-06,25.25,25.30500030517578,25.15999984741211,25.209999084472656,23.75737953186035,14500
2024-03-07,25.55500030517578,25.599000930786133,25.200000762939453,25.295000076293945,23.837482452392578,11700
2024-03-08,25.31999969482422,25.31999969482422,25.200000762939453,25.26799964904785,23.812036514282227,11600
2024-03-11,25.309999465942383,25.450000762939453,25.200000762939453,25.440000534057617,23.9741268157959,19800
2024-03-12,25.450000762939453,25.68000030517578,25.440000534057617,25.65999984741211,24.18144989013672,18800
2024-03-13,25.739999771118164,25.940000534057617,25.540000915527344,25.860000610351562,24.36992645263672,46100
2024-03-14,25.8700008392334,25.969999313354492,25.610000610351562,25.969999313354492,24.473587036132812,41800
2024-03-15,25.969999313354492,26.1200008392334,25.704999923706055,25.889999389648438,24.398197174072266,156100
2024-03-18,25.908000946044922,26.094999313354492,25.889999389648438,25.989999771118164,24.492435455322266,18700
2024-03-19,26.059999465942383,26.059999465942383,25.709999084472656,25.780000686645508,24.294536590576172,40100
2024-03-20,25.860000610351562,25.929000854492188,25.719999313354492,25.719999313354492,24.237991333007812,17500
2024-03-21,25.729999542236328,25.850000381469727,25.670000076293945,25.729999542236328,24.24741554260254,20700
2024-03-22,25.84000015258789,25.850000381469727,25.684999465942383,25.770000457763672,24.285112380981445,15900
2024-03-25,25.809999465942383,25.989999771118164,25.459999084472656,25.5,24.030670166015625,10700
2024-03-26,25.649999618530273,25.829999923706055,25.530000686645508,25.739999771118164,24.256839752197266,9200
2024-03-27,25.739999771118164,25.899999618530273,25.700000762939453,25.899999618530273,24.407621383666992,21800
2024-03-28,25.799999237060547,26.09000015258789,25.049999237060547,25.049999237060547,23.606595993041992,109900
2024-04-01,25.290000915527344,25.84000015258789,25.209999084472656,25.770000457763672,24.285112380981445,36400
2024-04-02,25.739999771118164,25.739999771118164,25.270000457763672,25.59000015258789,24.1154842376709,10200
2024-04-03,25.579999923706055,25.719999313354492,25.350000381469727,25.719999313354492,24.237991333007812,16200
2024-04-04,25.6200008392334,25.719999313354492,25.549999237060547,25.59000015258789,24.1154842376709,7300
2024-04-05,25.65999984741211,25.84000015258789,25.43000030517578,25.43000030517578,23.964702606201172,39400
2024-04-08,25.489999771118164,25.58099937438965,25.334999084472656,25.459999084472656,23.99297332763672,6200
2024-04-09,25.489999771118164,25.600000381469727,25.450000762939453,25.469999313354492,24.002399444580078,6200
2024-04-10,25.530000686645508,25.59000015258789,25.059999465942383,25.3700008392334,23.908161163330078,45200
2024-04-11,25.3799991607666,25.420000076293945,25.09000015258789,25.299999237060547,23.842193603515625,14900
2024-04-12,25.270000457763672,25.760000228881836,25.219999313354492,25.485000610351562,24.01653480529785,19200
2024-04-15,25.540000915527344,25.540000915527344,25.010000228881836,25.030000686645508,23.587751388549805,20000
2024-04-16,25.049999237060547,25.399999618530273,25.0,25.09000015258789,23.64429473876953,22400
2024-04-17,25.309999465942383,25.5,25.059999465942383,25.440000534057617,23.9741268157959,14100
2024-04-18,25.479999542236328,25.540000915527344,25.25,25.25,23.795074462890625,12500
2024-04-19,25.219999313354492,25.5,25.170000076293945,25.329999923706055,23.870466232299805,16800
2024-04-22,25.440000534057617,25.639999389648438,25.336000442504883,25.399999618530273,23.936431884765625,12600
2024-04-23,25.559999465942383,25.690000534057617,25.371000289916992,25.690000534057617,24.209720611572266,10700
2024-04-24,25.770000457763672,25.770000457763672,25.420000076293945,25.600000381469727,24.124908447265625,17200
2024-04-25,25.549999237060547,25.549999237060547,25.049999237060547,25.329999923706055,23.870466232299805,5400
2024-04-26,25.31999969482422,25.58099937438965,25.31999969482422,25.399999618530273,23.936431884765625,5000
2024-04-29,25.530000686645508,25.559999465942383,25.299999237060547,25.3799991607666,23.91758155822754,7200
2024-04-30,25.350000381469727,25.5,25.229999542236328,25.5,24.030670166015625,30800
2024-05-01,25.43000030517578,25.56599998474121,25.260000228881836,25.489999771118164,24.0212459564209,16100
2024-05-02,25.489999771118164,25.549999237060547,25.399999618530273,25.489999771118164,24.0212459564209,6700
2024-05-03,25.690000534057617,25.719999313354492,25.579999923706055,25.670000076293945,24.190874099731445,5400
2024-05-06,25.649999618530273,25.799999237060547,25.600000381469727,25.639999389648438,24.1626033782959,12100
2024-05-07,25.639999389648438,25.739999771118164,25.549999237060547,25.649999618530273,24.172025680541992,23200
2024-05-08,25.700000762939453,25.700000762939453,25.31999969482422,25.375,23.912872314453125,12300
2024-05-09,25.40999984741211,25.4950008392334,25.31999969482422,25.3700008392334,23.908161163330078,8200
2024-05-10,25.489999771118164,25.489999771118164,25.299999237060547,25.450000762939453,23.983551025390625,4900
2024-05-13,25.530000686645508,25.670000076293945,25.469999313354492,25.610000610351562,24.13433265686035,7200
2024-05-14,25.190000534057617,25.260000228881836,25.09000015258789,25.125,24.089269638061523,25800
2024-05-15,25.209999084472656,25.299999237060547,25.110000610351562,25.190000534057617,24.151592254638672,15100
2024-05-16,25.260000228881836,25.475000381469727,25.100000381469727,25.200000762939453,24.161178588867188,12100
2024-05-17,25.18000030517578,25.25,25.030000686645508,25.128000259399414,24.092145919799805,14600
2024-05-20,25.1200008392334,25.25,25.09000015258789,25.15999984741211,24.122827529907227,15900
2024-05-21,25.170000076293945,25.31999969482422,25.139999389648438,25.139999389648438,24.10365104675293,16200
2024-05-22,25.149999618530273,25.149999618530273,25.042999267578125,25.1299991607666,24.09406280517578,6100
2024-05-23,25.190000534057617,25.190000534057617,24.899999618530273,24.920000076293945,23.89272117614746,20100
2024-05-24,25.020000457763672,25.15999984741211,24.93000030517578,25.010000228881836,23.9790096282959,25900
2024-05-28,25.139999389648438,25.184999465942383,24.989999771118164,25.049999237060547,24.017358779907227,7000
2024-05-29,25.030000686645508,25.049999237060547,24.899999618530273,24.93000030517578,23.902307510375977,13900
2024-05-30,24.989999771118164,25.1200008392334,24.950000762939453,24.950000762939453,23.921483993530273,17400
2024-05-31,25.059999465942383,25.280000686645508,25.059999465942383,25.110000610351562,24.074888229370117,39600
2024-06-03,25.34000015258789,25.3700008392334,25.110000610351562,25.280000686645508,24.23788070678711,14300
2024-06-04,25.280000686645508,25.399999618530273,25.270000457763672,25.280000686645508,24.23788070678711,12500
2024-06-05,25.25,25.30500030517578,25.110000610351562,25.18000030517578,24.14200210571289,13100
2024-06-06,25.1200008392334,25.347000122070312,25.110000610351562,25.1200008392334,24.084474563598633,14700
2024-06-07,25.110000610351562,25.239999771118164,25.010000228881836,25.020000457763672,23.98859977722168,11600
2024-06-10,25.0,25.014999389648438,25.0,25.0,23.969423294067383,7600
2024-06-11,25.040000915527344,25.15999984741211,25.010000228881836,25.030000686645508,23.998186111450195,16600
2024-06-12,25.219999313354492,25.274999618530273,25.030000686645508,25.030000686645508,23.998186111450195,6600
2024-06-13,25.218000411987305,25.218000411987305,25.020000457763672,25.020000457763672,23.98859977722168,12100
2024-06-14,25.049999237060547,25.209999084472656,24.450000762939453,24.549999237060547,23.537973403930664,32800
2024-06-17,24.6299991607666,24.759000778198242,24.559999465942383,24.6299991607666,23.614673614501953,35000
2024-06-18,24.709999084472656,24.780000686645508,24.670000076293945,24.709999084472656,23.691375732421875,82900
2024-06-20,24.709999084472656,24.850000381469727,24.709999084472656,24.780000686645508,23.75849151611328,31700
2024-06-21,24.719999313354492,24.878000259399414,24.719999313354492,24.739999771118164,23.72014045715332,118000
2024-06-24,24.760000228881836,24.959999084472656,24.760000228881836,24.8799991607666,23.854368209838867,16500
2024-06-25,24.90999984741211,25.079999923706055,24.81999969482422,25.079999923706055,24.046123504638672,13100
2024-06-26,25.06999969482422,25.1200008392334,25.010000228881836,25.09000015258789,24.055713653564453,14200
2024-06-27,25.030000686645508,25.18000030517578,25.030000686645508,25.18000030517578,24.14200210571289,11500
2024-06-28,25.170000076293945,25.170000076293945,24.93000030517578,25.049999237060547,24.017358779907227,30500
2024-07-01,25.06999969482422,25.190000534057617,25.020000457763672,25.139999389648438,24.10365104675293,25500
2024-07-02,25.190000534057617,25.19499969482422,25.010000228881836,25.020000457763672,23.98859977722168,15500
2024-07-03,25.15999984741211,25.229999542236328,25.010000228881836,25.200000762939453,24.161178588867188,8300
2024-07-05,25.200000762939453,25.200000762939453,25.100000381469727,25.200000762939453,24.161178588867188,7900
2024-07-08,25.184999465942383,25.25,25.049999237060547,25.09000015258789,24.055713653564453,12100
2024-07-09,25.1299991607666,25.149999618530273,25.1299991607666,25.139999389648438,24.10365104675293,14600
2024-07-10,25.149999618530273,25.15999984741211,25.020000457763672,25.15999984741211,24.122827529907227,15300
2024-07-11,25.280000686645508,25.40999984741211,25.200000762939453,25.350000381469727,24.304994583129883,17600
2024-07-12,25.450000762939453,25.450000762939453,25.3799991607666,25.440000534057617,24.391284942626953,10100
2024-07-15,25.420000076293945,25.46500015258789,25.350000381469727,25.350000381469727,24.304994583129883,8900
2024-07-16,25.469999313354492,25.475000381469727,25.399999618530273,25.40999984741211,24.362520217895508,7100
2024-07-17,25.43000030517578,25.479999542236328,25.40999984741211,25.40999984741211,24.362520217895508,5900
2024-07-18,25.43000030517578,25.499000549316406,25.399999618530273,25.440000534057617,24.391284942626953,6300
2024-07-19,25.469999313354492,25.469999313354492,25.40999984741211,25.40999984741211,24.362520217895508,28400
2024-07-22,25.489999771118164,25.5,25.402000427246094,25.448999404907227,24.399911880493164,30200
2024-07-23,25.469999313354492,25.469999313354492,25.399999618530273,25.399999618530273,24.352933883666992,4800
2024-07-24,25.440000534057617,25.440000534057617,25.020000457763672,25.049999237060547,24.017358779907227,17000
2024-07-25,25.049999237060547,25.357999801635742,25.049999237060547,25.110000610351562,24.074888229370117,7800
2024-07-26,25.25,25.440000534057617,25.25,25.440000534057617,24.391284942626953,5100
2024-07-29,25.420000076293945,25.420000076293945,20.510000228881836,21.850000381469727,20.949275970458984,329300
2024-07-30,21.5,21.770000457763672,19.520000457763672,19.530000686645508,18.724912643432617,238100
2024-07-31,19.510000228881836,21.84000015258789,19.110000610351562,21.0,20.134313583374023,1162300
2024-08-01,20.510000228881836,21.399999618530273,20.5,20.809999465942383,19.952146530151367,511800
2024-08-02,20.530000686645508,21.190000534057617,20.530000686645508,20.920000076293945,20.057613372802734,433500
2024-08-05,19.829999923706055,20.290000915527344,19.301000595092773,20.125,19.29538345336914,256100
2024-08-06,20.0,20.969999313354492,19.520000457763672,20.6200008392334,19.76997947692871,153000
2024-08-07,20.399999618530273,20.899999618530273,20.225000381469727,20.3799991607666,19.539873123168945,196100
2024-08-08,20.299999237060547,20.540000915527344,20.040000915527344,20.540000915527344,19.693279266357422,88200
2024-08-09,20.5,20.719999313354492,20.450000762939453,20.489999771118164,19.64533805847168,31900
2024-08-12,20.510000228881836,20.700000762939453,20.190000534057617,20.260000228881836,19.424819946289062,28800
2024-08-13,20.40999984741211,21.100000381469727,20.299999237060547,21.020000457763672,20.153491973876953,51200
2024-08-14,21.1200008392334,21.399999618530273,20.90999984741211,21.18000030517578,20.306894302368164,653200
2024-08-15,20.75,21.790000915527344,20.290000915527344,21.270000457763672,20.823820114135742,164600
2024-08-16,21.260000228881836,21.260000228881836,20.65999984741211,20.90999984741211,20.471370697021484,407100
2024-08-19,20.90999984741211,21.040000915527344,20.850000381469727,20.90999984741211,20.471370697021484,32000
2024-08-20,20.989999771118164,21.100000381469727,20.915000915527344,21.100000381469727,20.657384872436523,74500
2024-08-21,21.139999389648438,21.239999771118164,21.0,21.030000686645508,20.58885383605957,37800
2024-08-22,21.170000076293945,21.270000457763672,20.950000762939453,20.979999542236328,20.539901733398438,35900
2024-08-23,21.040000915527344,21.368000030517578,21.0,21.149999618530273,20.706335067749023,464700
2024-08-26,21.18000030517578,21.450000762939453,21.139999389648438,21.299999237060547,20.85318946838379,583000
2024-08-27,21.299999237060547,21.309999465942383,20.799999237060547,21.100000381469727,20.657384872436523,75600
2024-08-28,21.100000381469727,21.172000885009766,20.969999313354492,21.0,20.55948257446289,20800
2024-08-29,21.09000015258789,21.15999984741211,20.95199966430664,21.020000457763672,20.579063415527344,17300
2024-08-30,21.15999984741211,21.15999984741211,20.3700008392334,20.440000534057617,20.01123046875,143500
2024-09-03,20.440000534057617,20.739999771118164,19.541000366210938,19.850000381469727,19.43360710144043,466800
2024-09-04,19.850000381469727,20.040000915527344,19.687000274658203,19.959999084472656,19.541297912597656,328300
2024-09-05,20.0,20.110000610351562,19.791000366210938,19.969999313354492,19.551088333129883,647400
2024-09-06,19.8700008392334,20.03499984741211,19.610000610351562,19.93000030517578,19.51192855834961,27300
2024-09-09,19.899999618530273,20.25,19.854999542236328,19.979999542236328,19.56087875366211,27900
2024-09-10,19.899999618530273,20.33099937438965,19.700000762939453,20.100000381469727,19.678361892700195,55900
2024-09-11,20.0,20.1299991607666,19.010000228881836,19.520000457763672,19.11052894592285,303900
2024-09-12,19.520000457763672,19.68000030517578,19.170000076293945,19.200000762939453,18.7972412109375,111700
2024-09-13,19.25,19.5,19.1200008392334,19.350000381469727,18.944095611572266,60200
2024-09-16,19.389999389648438,19.479999542236328,19.149999618530273,19.43000030517578,19.022417068481445,127300
2024-09-17,19.399999618530273,19.739999771118164,19.340999603271484,19.3799991607666,18.973464965820312,66100
2024-09-18,19.459999084472656,19.59000015258789,19.18000030517578,19.299999237060547,18.895143508911133,81200
2024-09-19,19.309999465942383,19.645000457763672,19.17099952697754,19.229999542236328,18.826610565185547,90800
2024-09-20,19.229999542236328,19.760000228881836,19.229999542236328,19.56999969482422,19.15947914123535,37600
2024-09-23,19.68000030517578,19.940000534057617,19.636999130249023,19.8700008392334,19.453187942504883,31300
2024-09-24,19.8700008392334,19.969999313354492,19.709999084472656,19.8799991607666,19.462976455688477,31300
2024-09-25,19.90999984741211,19.969999313354492,19.459999084472656,19.690000534057617,19.276962280273438,42600
2024-09-26,19.649999618530273,19.75,19.440000534057617,19.4950008392334,19.0860538482666,28300
2024-09-27,19.59000015258789,19.687000274658203,19.3799991607666,19.399999618530273,18.993045806884766,46500
2024-09-30,19.469999313354492,19.739999771118164,19.200000762939453,19.520000457763672,19.11052894592285,119700
2024-10-01,19.670000076293945,19.790000915527344,19.459999084472656,19.739999771118164,19.325912475585938,24700
2024-10-02,19.719999313354492,19.889999389648438,19.649999618530273,19.81999969482422,19.40423583984375,33600
2024-10-03,19.760000228881836,19.9689998626709,19.760000228881836,19.829999923706055,19.414026260375977,21700
2024-10-04,19.809999465942383,19.860000610351562,19.656999588012695,19.790000915527344,19.374866485595703,14200
2024-10-07,19.780000686645508,19.868999481201172,19.40999984741211,19.420000076293945,19.01262664794922,22700
2024-10-08,19.450000762939453,19.540000915527344,19.1299991607666,19.325000762939453,18.919620513916016,125200
2024-10-09,19.3700008392334,19.450000762939453,19.280000686645508,19.40999984741211,19.002836227416992,62800
2024-10-10,19.43000030517578,20.100000381469727,19.402000427246094,20.049999237060547,19.629409790039062,105500
2024-10-11,20.030000686645508,20.200000762939453,19.746999740600586,20.18000030517578,19.756683349609375,134700
2024-10-14,20.15999984741211,20.18000030517578,19.959999084472656,20.06999969482422,19.648990631103516,20400
2024-10-15,20.100000381469727,20.299999237060547,20.100000381469727,20.290000915527344,19.864377975463867,28200
2024-10-16,20.329999923706055,20.329999923706055,19.90999984741211,20.299999237060547,19.87416648864746,45700
2024-10-17,20.200000762939453,20.43000030517578,20.100000381469727,20.399999618530273,19.972068786621094,36900
2024-10-18,20.299999237060547,20.6200008392334,20.25,20.56999969482422,20.13850212097168,117900
2024-10-21,20.6200008392334,20.899999618530273,20.503000259399414,20.899999618530273,20.461580276489258,59400
2024-10-22,20.899999618530273,21.204999923706055,20.6200008392334,20.81999969482422,20.383258819580078,131300
2024-10-23,20.75,21.0,20.579999923706055,20.889999389648438,20.45178985595703,49300
2024-10-24,20.829999923706055,21.25,20.700000762939453,21.1200008392334,20.676965713500977,91600
2024-10-25,21.260000228881836,21.260000228881836,20.829999923706055,20.8700008392334,20.43221092224121,23000
2024-10-28,20.860000610351562,21.260000228881836,20.75,21.079999923706055,20.63780403137207,72900
2024-10-29,20.770000457763672,21.170000076293945,20.770000457763672,21.170000076293945,20.725915908813477,69300
2024-10-30,21.0,21.459999084472656,20.941999435424805,21.170000076293945,20.725915908813477,89600
2024-10-31,21.030000686645508,21.424999237060547,20.93000030517578,21.389999389648438,20.941301345825195,48200
2024-11-01,21.540000915527344,21.540000915527344,20.989999771118164,21.190000534057617,20.74549674987793,14400
2024-11-04,21.06999969482422,21.350000381469727,20.93000030517578,21.0,20.55948257446289,21100
2024-11-05,21.010000228881836,21.690000534057617,21.010000228881836,21.690000534057617,21.235008239746094,19800
2024-11-06,21.700000762939453,21.940000534057617,21.479000091552734,21.729999542236328,21.274168014526367,38000
2024-11-07,21.739999771118164,21.75,21.40999984741211,21.420000076293945,20.970672607421875,31200
2024-11-08,21.459999084472656,21.690000534057617,21.420000076293945,21.690000534057617,21.235008239746094,23000
2024-11-11,21.690000534057617,21.690000534057617,21.209999084472656,21.3700008392334,20.921722412109375,18000
2024-11-12,21.360000610351562,21.5,21.110000610351562,21.200000762939453,20.755287170410156,18000
2024-11-13,21.260000228881836,21.54599952697754,21.09000015258789,21.09000015258789,20.647594451904297,16700
2024-11-14,20.81999969482422,21.18000030517578,20.385000228881836,20.8799991607666,20.441999435424805,43000
2024-11-15,20.260000228881836,20.389999389648438,20.159000396728516,20.219999313354492,20.219999313354492,17600
