Date,Adj Close,Close,High,Low,Open,Volume
1998-10-28,1.443297028541565,10.0,10.0625,10.0,10.0,595300
1998-10-29,1.452317476272583,10.0625,10.0625,10.0,10.0,55800
1998-10-30,1.443297028541565,10.0,10.0625,10.0,10.0625,43200
1998-11-02,1.443297028541565,10.0,10.0625,10.0,10.0,85400
1998-11-03,1.452317476272583,10.0625,10.0625,10.0,10.0,111400
1998-11-04,1.443297028541565,10.0,10.0625,10.0,10.0625,97500
1998-11-05,1.452317476272583,10.0625,10.0625,10.0,10.0,90900
1998-11-06,1.443297028541565,10.0,10.0625,10.0,10.0,95900
1998-11-09,1.452317476272583,10.0625,10.125,10.0,10.0625,73300
1998-11-10,1.443297028541565,10.0,10.125,10.0,10.0625,51400
1998-11-11,1.452317476272583,10.0625,10.125,10.0,10.0625,100400
1998-11-12,1.452317476272583,10.0625,10.0625,10.0,10.0625,39300
1998-11-13,1.443297028541565,10.0,10.0625,10.0,10.0625,60900
1998-11-16,1.443297028541565,10.0,10.0625,10.0,10.0,41900
1998-11-17,1.452317476272583,10.0625,10.125,10.0,10.0625,28800
1998-11-18,1.452317476272583,10.0625,10.125,10.0,10.0625,24900
1998-11-19,1.443297028541565,10.0,10.0625,10.0,10.0,239000
1998-11-20,1.443297028541565,10.0,10.0625,10.0,10.0,161700
1998-11-23,1.452317476272583,10.0625,10.0625,10.0,10.0,200600
1998-11-24,1.443297028541565,10.0,10.0625,10.0,10.0,135600
1998-11-25,1.443297028541565,10.0,10.0625,10.0,10.0,49300
1998-11-27,1.443297028541565,10.0,10.0625,10.0,10.0,53900
1998-11-30,1.452317476272583,10.0625,10.0625,10.0,10.0625,190700
1998-12-01,1.452317476272583,10.0625,10.0625,10.0,10.0625,64000
1998-12-02,1.443297028541565,10.0,10.0625,10.0,10.0,54300
1998-12-03,1.452317476272583,10.0625,10.0625,10.0,10.0,63000
1998-12-04,1.443297028541565,10.0,10.0625,10.0,10.0,76700
1998-12-07,1.443297028541565,10.0,10.0625,10.0,10.0625,103400
1998-12-08,1.443297028541565,10.0,10.0625,10.0,10.0625,83000
1998-12-09,1.452317476272583,10.0625,10.0625,10.0,10.0625,85200
1998-12-10,1.452317476272583,10.0625,10.0625,10.0,10.0,55500
1998-12-11,1.443297028541565,10.0,10.0625,10.0,10.0,105400
1998-12-14,1.443297028541565,10.0,10.0625,10.0,10.0,55100
1998-12-15,1.443297028541565,10.0,10.0625,10.0,10.0,97200
1998-12-16,1.443297028541565,10.0,10.0625,10.0,10.0,169200
1998-12-17,1.443297028541565,10.0,10.0625,9.9375,10.0,266100
1998-12-18,1.4072154760360718,9.75,10.0,9.75,10.0,163800
1998-12-21,1.4162356853485107,9.8125,9.9375,9.75,9.8125,80200
1998-12-22,1.4072154760360718,9.75,9.875,9.75,9.75,93800
1998-12-23,1.4162356853485107,9.8125,9.875,9.75,9.8125,132100
1998-12-24,1.4252564907073975,9.875,9.875,9.75,9.8125,31800
1998-12-28,1.4162356853485107,9.8125,9.875,9.625,9.875,175100
1998-12-29,1.4255199432373047,9.75,9.8125,9.625,9.75,95200
1998-12-30,1.4072446823120117,9.625,9.6875,9.5,9.6875,97400
1998-12-31,1.3798295259475708,9.4375,9.5625,9.25,9.5625,161700
1999-01-04,1.3706929683685303,9.375,9.5,9.3125,9.4375,127900
1999-01-05,1.434657335281372,9.8125,9.8125,9.3125,9.375,196900
1999-01-06,1.3889689445495605,9.5,10.0625,9.375,9.8125,371100
1999-01-07,1.4072446823120117,9.625,9.625,9.4375,9.5,104200
1999-01-08,1.4072446823120117,9.625,9.75,9.5625,9.6875,172600
1999-01-11,1.3889689445495605,9.5,9.6875,9.5,9.6875,134000
1999-01-12,1.4072446823120117,9.625,9.625,9.4375,9.5,177300
1999-01-13,1.3889689445495605,9.5,9.5625,9.4375,9.5625,85900
1999-01-14,1.4072446823120117,9.625,9.625,9.4375,9.5,138200
1999-01-15,1.3889689445495605,9.5,9.6875,9.5,9.5625,105100
1999-01-19,1.361556053161621,9.3125,9.5625,9.3125,9.5625,345500
1999-01-20,1.361556053161621,9.3125,9.4375,9.25,9.3125,189600
1999-01-21,1.3706929683685303,9.375,9.375,9.3125,9.3125,106800
1999-01-22,1.3706929683685303,9.375,9.4375,9.375,9.375,147100
1999-01-25,1.3981056213378906,9.5625,9.5625,9.375,9.4375,137100
1999-01-26,1.3889689445495605,9.5,9.5625,9.4375,9.5625,172800
1999-01-27,1.3798295259475708,9.4375,9.5,9.4375,9.4375,120800
1999-01-28,1.3889689445495605,9.5,9.5,9.4375,9.4375,102800
1999-01-29,1.3889689445495605,9.5,9.5625,9.4375,9.5625,32000
1999-02-01,1.3981056213378906,9.5625,9.5625,9.5,9.5,49600
1999-02-02,1.3981056213378906,9.5625,9.5625,9.5,9.5,95600
1999-02-03,1.3889689445495605,9.5,9.5625,9.5,9.5,101400
1999-02-04,1.3981056213378906,9.5625,9.5625,9.5,9.5,89100
1999-02-05,1.3981056213378906,9.5625,9.6875,9.5,9.5625,161800
1999-02-08,1.4163824319839478,9.6875,9.6875,9.5,9.5625,154100
1999-02-09,1.4072446823120117,9.625,9.75,9.5625,9.6875,142000
1999-02-10,1.4285310506820679,9.5625,9.625,9.4375,9.5,110000
1999-02-11,1.4285310506820679,9.5625,9.625,9.5,9.5,160600
1999-02-12,1.437869668006897,9.625,9.625,9.5,9.5625,172700
1999-02-16,1.437869668006897,9.625,9.625,9.5625,9.625,124800
1999-02-17,1.437869668006897,9.625,9.6875,9.5625,9.5625,188800
1999-02-18,1.4285310506820679,9.5625,9.625,9.5625,9.625,271500
1999-02-19,1.4472062587738037,9.6875,9.6875,9.5625,9.625,154200
1999-02-22,1.4285310506820679,9.5625,9.6875,9.5625,9.6875,274800
1999-02-23,1.437869668006897,9.625,9.6875,9.5625,9.5625,220800
1999-02-24,1.437869668006897,9.625,9.6875,9.5625,9.625,216200
1999-02-25,1.437869668006897,9.625,9.6875,9.5625,9.5625,237400
1999-02-26,1.4285310506820679,9.5625,9.625,9.5625,9.5625,119700
1999-03-01,1.437869668006897,9.625,9.625,9.5625,9.625,110700
1999-03-02,1.4565430879592896,9.75,9.75,9.5625,9.625,151900
1999-03-03,1.4565430879592896,9.75,9.75,9.625,9.6875,84100
1999-03-04,1.4472062587738037,9.6875,9.6875,9.625,9.6875,99500
1999-03-05,1.4565430879592896,9.75,9.75,9.625,9.6875,73300
1999-03-08,1.4472062587738037,9.6875,9.75,9.625,9.75,117900
1999-03-09,1.4472062587738037,9.6875,9.75,9.6875,9.75,60800
1999-03-10,1.4565430879592896,9.75,9.75,9.6875,9.75,111200
1999-03-11,1.4759687185287476,9.6875,9.75,9.625,9.6875,144400
1999-03-12,1.485491394996643,9.75,9.75,9.6875,9.6875,118000
1999-03-15,1.4759687185287476,9.6875,9.75,9.6875,9.75,92600
1999-03-16,1.4759687185287476,9.6875,9.75,9.625,9.75,176800
1999-03-17,1.4759687185287476,9.6875,9.75,9.625,9.6875,114600
1999-03-18,1.4759687185287476,9.6875,9.75,9.5625,9.6875,97300
1999-03-19,1.466447114944458,9.625,9.6875,9.5625,9.625,131400
1999-03-22,1.4569226503372192,9.5625,9.625,9.5625,9.625,104900
1999-03-23,1.4474009275436401,9.5,9.625,9.5,9.5625,221300
1999-03-24,1.4474009275436401,9.5,9.625,9.5,9.5625,82100
1999-03-25,1.466447114944458,9.625,9.625,9.5625,9.625,102800
1999-03-26,1.4569226503372192,9.5625,9.625,9.5625,9.625,116800
1999-03-29,1.466447114944458,9.625,9.625,9.5625,9.625,147400
1999-03-30,1.4569226503372192,9.5625,9.625,9.5,9.625,45500
1999-03-31,1.4569226503372192,9.5625,9.625,9.5,9.625,124500
1999-04-01,1.466447114944458,9.625,9.625,9.5625,9.625,61100
1999-04-05,1.466447114944458,9.625,9.625,9.5625,9.625,200500
1999-04-06,1.4474009275436401,9.5,9.625,9.5,9.625,148200
1999-04-07,1.4474009275436401,9.5,9.5625,9.5,9.5625,166900
1999-04-08,1.4569226503372192,9.5625,9.625,9.5,9.5625,124200
1999-04-09,1.4474009275436401,9.5,9.5625,9.4375,9.5,262800
1999-04-12,1.4378782510757446,9.4375,9.5,9.375,9.5,183200
1999-04-13,1.4283560514450073,9.375,9.5,9.375,9.4375,140200
1999-04-14,1.4594924449920654,9.375,9.375,9.25,9.375,131100
1999-04-15,1.4497631788253784,9.3125,9.375,9.25,9.375,163600
1999-04-16,1.4497631788253784,9.3125,9.4375,9.25,9.3125,197700
1999-04-19,1.4400315284729004,9.25,9.375,9.1875,9.3125,188100
1999-04-20,1.4400315284729004,9.25,9.25,9.125,9.25,130800
1999-04-21,1.4400315284729004,9.25,9.25,9.1875,9.25,185600
1999-04-22,1.4497631788253784,9.3125,9.375,9.25,9.3125,130400
1999-04-23,1.4497631788253784,9.3125,9.375,9.25,9.375,104700
1999-04-26,1.4497631788253784,9.3125,9.375,9.3125,9.375,91400
1999-04-27,1.4497631788253784,9.3125,9.375,9.3125,9.3125,159600
1999-04-28,1.4497631788253784,9.3125,9.375,9.3125,9.3125,108000
1999-04-29,1.4497631788253784,9.3125,9.375,9.3125,9.375,92200
1999-04-30,1.4497631788253784,9.3125,9.375,9.3125,9.375,69700
1999-05-03,1.4594924449920654,9.375,9.375,9.3125,9.375,96500
1999-05-04,1.4497631788253784,9.3125,9.375,9.3125,9.375,226900
1999-05-05,1.4692217111587524,9.4375,9.4375,9.3125,9.375,214200
1999-05-06,1.4692217111587524,9.4375,9.4375,9.375,9.375,87500
1999-05-07,1.4789514541625977,9.5,9.5,9.375,9.375,152300
1999-05-10,1.4789514541625977,9.5,9.5,9.375,9.4375,164300
1999-05-11,1.4789514541625977,9.5,9.5625,9.4375,9.5,72000
1999-05-12,1.5021096467971802,9.4375,9.5,9.4375,9.5,129400
1999-05-13,1.5021096467971802,9.4375,9.5,9.3125,9.4375,129200
1999-05-14,1.482215166091919,9.3125,9.4375,9.3125,9.375,122700
1999-05-17,1.5021096467971802,9.4375,9.5,9.3125,9.3125,135000
1999-05-18,1.5120587348937988,9.5,9.5,9.375,9.4375,175000
1999-05-19,1.5220060348510742,9.5625,9.6875,9.4375,9.4375,219500
1999-05-20,1.5419013500213623,9.6875,9.75,9.5625,9.625,127600
1999-05-21,1.5419013500213623,9.6875,9.75,9.625,9.75,190700
1999-05-24,1.5419013500213623,9.6875,9.75,9.625,9.6875,208700
1999-05-25,1.5419013500213623,9.6875,9.6875,9.625,9.625,163600
1999-05-26,1.5319536924362183,9.625,9.6875,9.5625,9.6875,68400
1999-05-27,1.5319536924362183,9.625,9.625,9.5,9.625,103900
1999-05-28,1.5319536924362183,9.625,9.625,9.5,9.5625,66000
1999-06-01,1.5220060348510742,9.5625,9.625,9.5625,9.625,129800
1999-06-02,1.5319536924362183,9.625,9.6875,9.5625,9.625,116000
1999-06-03,1.5419013500213623,9.6875,9.6875,9.625,9.625,92800
1999-06-04,1.5319536924362183,9.625,9.6875,9.625,9.6875,112000
1999-06-07,1.5518485307693481,9.75,9.75,9.6875,9.6875,60800
1999-06-08,1.5419013500213623,9.6875,9.75,9.6875,9.75,94600
1999-06-09,1.5518485307693481,9.75,9.75,9.6875,9.75,89800
1999-06-10,1.553373098373413,9.6875,9.75,9.625,9.6875,192900
1999-06-11,1.573415994644165,9.8125,9.8125,9.6875,9.75,143100
1999-06-14,1.573415994644165,9.8125,9.8125,9.75,9.75,166000
1999-06-15,1.5633937120437622,9.75,9.8125,9.6875,9.75,112900
1999-06-16,1.573415994644165,9.8125,9.8125,9.6875,9.75,182700
1999-06-17,1.573415994644165,9.8125,9.875,9.75,9.8125,216700
1999-06-18,1.573415994644165,9.8125,9.875,9.75,9.8125,168000
1999-06-21,1.583437204360962,9.875,9.875,9.75,9.875,219300
1999-06-22,1.583437204360962,9.875,9.9375,9.8125,9.875,482300
1999-06-23,1.6034808158874512,10.0,10.0,9.875,9.875,483500
1999-06-24,1.5934597253799438,9.9375,10.0,9.875,9.9375,263300
1999-06-25,1.6034808158874512,10.0,10.0,9.875,9.9375,243300
1999-06-28,1.5934597253799438,9.9375,10.0,9.875,9.9375,270900
1999-06-29,1.6034808158874512,10.0,10.0,9.875,9.9375,188100
1999-06-30,1.6034808158874512,10.0,10.0,9.9375,10.0,193300
1999-07-01,1.5934597253799438,9.9375,10.0,9.875,10.0,166800
1999-07-02,1.583437204360962,9.875,9.9375,9.875,9.9375,137500
1999-07-06,1.6034808158874512,10.0,10.0,9.875,9.875,164600
1999-07-07,1.5934597253799438,9.9375,10.0,9.875,10.0,118400
1999-07-08,1.5934597253799438,9.9375,10.0,9.875,9.875,172400
1999-07-09,1.6047629117965698,9.9375,9.9375,9.875,9.9375,131500
1999-07-12,1.614856243133545,10.0,10.0,9.875,9.9375,186600
1999-07-13,1.6047629117965698,9.9375,10.0,9.9375,10.0,143600
1999-07-14,1.6047629117965698,9.9375,10.0,9.875,10.0,124700
1999-07-15,1.6047629117965698,9.9375,10.0,9.9375,10.0,178200
1999-07-16,1.614856243133545,10.0,10.0,9.875,9.9375,222800
1999-07-19,1.6047629117965698,9.9375,10.0,9.9375,10.0,96700
1999-07-20,1.6047629117965698,9.9375,10.0,9.875,10.0,170800
1999-07-21,1.6047629117965698,9.9375,10.0,9.875,9.9375,179600
1999-07-22,1.614856243133545,10.0,10.0,9.875,10.0,93600
1999-07-23,1.614856243133545,10.0,10.0,9.9375,9.9375,82700
1999-07-26,1.6047629117965698,9.9375,10.0,9.9375,10.0,116700
1999-07-27,1.614856243133545,10.0,10.0,9.9375,10.0,262500
1999-07-28,1.614856243133545,10.0,10.0,9.9375,10.0,111800
1999-07-29,1.6047629117965698,9.9375,10.0,9.9375,10.0,110200
1999-07-30,1.614856243133545,10.0,10.0,9.9375,10.0,63500
1999-08-02,1.614856243133545,10.0,10.0,9.9375,9.9375,167800
1999-08-03,1.614856243133545,10.0,10.0,9.9375,10.0,100300
1999-08-04,1.614856243133545,10.0,10.0,9.9375,10.0,102700
1999-08-05,1.6047629117965698,9.9375,10.0,9.9375,10.0,90800
1999-08-06,1.614856243133545,10.0,10.0,9.9375,9.9375,103200
1999-08-09,1.614856243133545,10.0,10.0,9.9375,10.0,283100
1999-08-10,1.5959092378616333,9.8125,9.9375,9.8125,9.9375,438800
1999-08-11,1.5959092378616333,9.8125,9.9375,9.75,9.875,279900
1999-08-12,1.5959092378616333,9.8125,9.9375,9.8125,9.8125,178900
1999-08-13,1.6060733795166016,9.875,9.875,9.8125,9.875,141400
1999-08-16,1.6162376403808594,9.9375,9.9375,9.875,9.875,82300
1999-08-17,1.6060733795166016,9.875,9.9375,9.875,9.9375,173600
1999-08-18,1.6162376403808594,9.9375,9.9375,9.875,9.9375,131000
1999-08-19,1.6060733795166016,9.875,9.9375,9.8125,9.9375,86500
1999-08-20,1.6162376403808594,9.9375,9.9375,9.875,9.9375,71900
1999-08-23,1.6162376403808594,9.9375,9.9375,9.875,9.9375,230400
1999-08-24,1.6264045238494873,10.0,10.0,9.875,9.9375,243300
1999-08-25,1.6264045238494873,10.0,10.0,9.875,9.9375,125200
1999-08-26,1.6264045238494873,10.0,10.0,9.9375,10.0,138300
1999-08-27,1.6060733795166016,9.875,10.0,9.875,9.9375,102900
1999-08-30,1.6060733795166016,9.875,10.0,9.875,9.9375,125600
1999-08-31,1.6060733795166016,9.875,9.9375,9.8125,9.9375,249100
1999-09-01,1.5959092378616333,9.8125,9.875,9.8125,9.875,141200
1999-09-02,1.6060733795166016,9.875,9.9375,9.8125,9.875,57400
1999-09-03,1.6162376403808594,9.9375,9.9375,9.875,9.9375,68300
1999-09-07,1.6162376403808594,9.9375,9.9375,9.875,9.9375,51800
1999-09-08,1.6162376403808594,9.9375,9.9375,9.875,9.9375,222500
1999-09-09,1.607393503189087,9.8125,9.875,9.8125,9.875,233800
1999-09-10,1.6278696060180664,9.9375,9.9375,9.8125,9.8125,228400
1999-09-13,1.607393503189087,9.8125,9.9375,9.8125,9.875,92900
1999-09-14,1.6176313161849976,9.875,9.9375,9.8125,9.875,65400
1999-09-15,1.6278696060180664,9.9375,9.9375,9.875,9.9375,100800
1999-09-16,1.6176313161849976,9.875,9.9375,9.8125,9.9375,123400
1999-09-17,1.6176313161849976,9.875,9.9375,9.8125,9.875,184100
1999-09-20,1.6176313161849976,9.875,9.9375,9.8125,9.9375,116500
1999-09-21,1.6176313161849976,9.875,9.875,9.8125,9.8125,114800
1999-09-22,1.6278696060180664,9.9375,9.9375,9.8125,9.875,95400
1999-09-23,1.6278696060180664,9.9375,9.9375,9.875,9.9375,155200
1999-09-24,1.6176313161849976,9.875,9.9375,9.875,9.9375,210500
1999-09-27,1.6278696060180664,9.9375,9.9375,9.875,9.875,117300
1999-09-28,1.6176313161849976,9.875,9.9375,9.875,9.9375,80000
1999-09-29,1.6278696060180664,9.9375,9.9375,9.875,9.9375,105900
1999-09-30,1.6176313161849976,9.875,9.9375,9.875,9.875,108500
1999-10-01,1.6278696060180664,9.9375,9.9375,9.8125,9.9375,101500
1999-10-04,1.6176313161849976,9.875,9.9375,9.8125,9.875,48000
1999-10-05,1.6176313161849976,9.875,9.9375,9.875,9.9375,53400
1999-10-06,1.6278696060180664,9.9375,9.9375,9.875,9.9375,69700
1999-10-07,1.6278696060180664,9.9375,9.9375,9.875,9.9375,76700
1999-10-08,1.6278696060180664,9.9375,9.9375,9.875,9.9375,61500
1999-10-11,1.6278696060180664,9.9375,9.9375,9.875,9.9375,77900
1999-10-12,1.629106879234314,9.875,9.875,9.8125,9.875,134600
1999-10-13,1.629106879234314,9.875,9.9375,9.8125,9.8125,121100
1999-10-14,1.629106879234314,9.875,9.9375,9.8125,9.875,84500
1999-10-15,1.629106879234314,9.875,9.9375,9.8125,9.9375,77100
1999-10-18,1.6187963485717773,9.8125,9.9375,9.8125,9.875,118900
1999-10-19,1.6187963485717773,9.8125,9.9375,9.8125,9.8125,92600
1999-10-20,1.6187963485717773,9.8125,9.875,9.8125,9.875,93400
1999-10-21,1.629106879234314,9.875,9.875,9.8125,9.875,132000
1999-10-22,1.629106879234314,9.875,9.875,9.8125,9.875,87200
1999-10-25,1.629106879234314,9.875,9.875,9.75,9.875,108700
1999-10-26,1.6084845066070557,9.75,9.875,9.6875,9.8125,299300
1999-10-27,1.6084845066070557,9.75,9.8125,9.6875,9.6875,95400
1999-10-28,1.6187963485717773,9.8125,9.8125,9.75,9.8125,98300
1999-10-29,1.5981740951538086,9.6875,9.8125,9.625,9.8125,141900
1999-11-01,1.5878629684448242,9.625,9.6875,9.625,9.6875,53100
1999-11-02,1.5878629684448242,9.625,9.6875,9.5625,9.6875,160400
1999-11-03,1.577552318572998,9.5625,9.625,9.5,9.625,159700
1999-11-04,1.5981740951538086,9.6875,9.6875,9.5625,9.625,135300
1999-11-05,1.5878629684448242,9.625,9.6875,9.625,9.6875,86500
1999-11-08,1.5981740951538086,9.6875,9.6875,9.625,9.625,93600
1999-11-09,1.6099735498428345,9.6875,9.6875,9.5625,9.625,102400
1999-11-10,1.6099735498428345,9.6875,9.75,9.625,9.6875,159300
1999-11-11,1.6099735498428345,9.6875,9.75,9.625,9.75,120900
1999-11-12,1.6099735498428345,9.6875,9.75,9.625,9.6875,60700
1999-11-15,1.6307473182678223,9.8125,9.8125,9.6875,9.75,116200
1999-11-16,1.620361566543579,9.75,9.8125,9.75,9.75,77700
1999-11-17,1.6307473182678223,9.8125,9.8125,9.75,9.8125,137900
1999-11-18,1.6307473182678223,9.8125,9.875,9.75,9.8125,87600
1999-11-19,1.6411337852478027,9.875,9.875,9.75,9.875,149300
1999-11-22,1.6411337852478027,9.875,9.875,9.8125,9.875,113600
1999-11-23,1.6411337852478027,9.875,9.875,9.8125,9.8125,110600
1999-11-24,1.6307473182678223,9.8125,9.875,9.75,9.875,77300
1999-11-26,1.6411337852478027,9.875,9.875,9.75,9.75,39800
1999-11-29,1.6411337852478027,9.875,9.875,9.8125,9.8125,47400
1999-11-30,1.6307473182678223,9.8125,9.875,9.8125,9.875,103300
1999-12-01,1.620361566543579,9.75,9.875,9.6875,9.875,175500
1999-12-02,1.620361566543579,9.75,9.8125,9.6875,9.6875,82400
1999-12-03,1.6307473182678223,9.8125,9.875,9.75,9.75,85900
1999-12-06,1.6411337852478027,9.875,9.875,9.8125,9.8125,128300
1999-12-07,1.6411337852478027,9.875,9.875,9.8125,9.875,107100
1999-12-08,1.6219642162322998,9.6875,9.875,9.6875,9.75,193400
1999-12-09,1.6219642162322998,9.6875,9.8125,9.6875,9.6875,149100
1999-12-10,1.6219642162322998,9.6875,9.75,9.625,9.6875,140200
1999-12-13,1.6114999055862427,9.625,9.6875,9.625,9.625,134700
1999-12-14,1.6010355949401855,9.5625,9.6875,9.5,9.6875,162100
1999-12-15,1.6010355949401855,9.5625,9.625,9.4375,9.5,105400
1999-12-16,1.5905705690383911,9.5,9.625,9.4375,9.5625,68600
1999-12-17,1.5905705690383911,9.5,9.5625,9.4375,9.5,129800
1999-12-20,1.6010355949401855,9.5625,9.625,9.5,9.5625,121400
1999-12-21,1.6010355949401855,9.5625,9.625,9.5,9.625,158900
1999-12-22,1.5487143993377686,9.25,9.5625,9.25,9.5,282200
1999-12-23,1.5905705690383911,9.5,9.625,9.25,9.25,180000
1999-12-27,1.5925108194351196,9.4375,9.5,9.25,9.5,149800
1999-12-28,1.5819658041000366,9.375,9.5625,9.375,9.5625,138800
1999-12-29,1.6030577421188354,9.5,9.625,9.3125,9.375,179700
1999-12-30,1.5503276586532593,9.1875,9.5625,9.1875,9.5,256800
1999-12-31,1.5819658041000366,9.375,9.375,9.25,9.25,90200
2000-01-03,1.5819658041000366,9.375,9.4375,9.25,9.25,57300
2000-01-04,1.5608733892440796,9.25,9.4375,9.25,9.4375,86200
2000-01-05,1.5819658041000366,9.375,9.375,9.1875,9.25,140800
2000-01-06,1.5925108194351196,9.4375,9.4375,9.3125,9.3125,80500
2000-01-07,1.6136040687561035,9.5625,9.625,9.375,9.375,87300
2000-01-10,1.5819658041000366,9.375,9.5625,9.375,9.5,87900
2000-01-11,1.6030577421188354,9.5,9.625,9.375,9.4375,134600
2000-01-12,1.6136040687561035,9.5625,9.625,9.4375,9.5625,145100
2000-01-13,1.6241507530212402,9.625,9.6875,9.5,9.625,82000
2000-01-14,1.6241507530212402,9.625,9.625,9.5,9.625,102500
2000-01-18,1.6030577421188354,9.5,9.625,9.5,9.625,112000
2000-01-19,1.5925108194351196,9.4375,9.5625,9.4375,9.5,121600
2000-01-20,1.5925108194351196,9.4375,9.5625,9.4375,9.5,89000
2000-01-21,1.6136040687561035,9.5625,9.625,9.5,9.5,91800
2000-01-24,1.6136040687561035,9.5625,9.625,9.5625,9.5625,121000
2000-01-25,1.634697437286377,9.6875,9.6875,9.5625,9.5625,128000
2000-01-26,1.6241507530212402,9.625,9.6875,9.5625,9.625,86700
2000-01-27,1.6241507530212402,9.625,9.6875,9.625,9.6875,56400
2000-01-28,1.6241507530212402,9.625,9.6875,9.5625,9.625,86200
2000-01-31,1.6030577421188354,9.5,9.625,9.5,9.5625,99500
2000-02-01,1.6030577421188354,9.5,9.5625,9.5,9.5625,154300
2000-02-02,1.6030577421188354,9.5,9.625,9.5,9.625,93000
2000-02-03,1.6136040687561035,9.5625,9.625,9.5625,9.5625,87600
2000-02-04,1.6241507530212402,9.625,9.6875,9.5625,9.625,53100
2000-02-07,1.634697437286377,9.6875,9.6875,9.5625,9.625,86000
2000-02-08,1.634697437286377,9.6875,9.6875,9.5625,9.625,69800
2000-02-09,1.6368234157562256,9.625,9.6875,9.5,9.5625,75300
2000-02-10,1.6261948347091675,9.5625,9.625,9.5,9.5625,43500
2000-02-11,1.6155656576156616,9.5,9.625,9.5,9.5625,69700
2000-02-14,1.6155656576156616,9.5,9.5625,9.5,9.5625,80400
2000-02-15,1.6155656576156616,9.5,9.5625,9.5,9.5625,77100
2000-02-16,1.6155656576156616,9.5,9.5625,9.5,9.5625,79900
2000-02-17,1.6261948347091675,9.5625,9.5625,9.5,9.5625,78400
2000-02-18,1.6261948347091675,9.5625,9.5625,9.5,9.5625,119300
2000-02-22,1.6261948347091675,9.5625,9.625,9.5,9.625,53600
2000-02-23,1.6368234157562256,9.625,9.625,9.5625,9.5625,64500
2000-02-24,1.6474529504776,9.6875,9.75,9.5625,9.5625,82100
2000-02-25,1.6474529504776,9.6875,9.6875,9.625,9.6875,126400
2000-02-28,1.6368234157562256,9.625,9.6875,9.5625,9.6875,64100
2000-02-29,1.6368234157562256,9.625,9.6875,9.5625,9.5625,39100
2000-03-01,1.6368234157562256,9.625,9.6875,9.5625,9.625,100900
2000-03-02,1.6261948347091675,9.5625,9.6875,9.5625,9.625,73400
2000-03-03,1.6261948347091675,9.5625,9.625,9.5625,9.5625,89800
2000-03-06,1.6368234157562256,9.625,9.625,9.5625,9.625,72200
2000-03-07,1.6261948347091675,9.5625,9.625,9.5625,9.5625,77500
2000-03-08,1.627994418144226,9.5,9.5625,9.5,9.5,40300
2000-03-09,1.6172832250595093,9.4375,9.5625,9.4375,9.5,274200
2000-03-10,1.627994418144226,9.5,9.5,9.4375,9.4375,126500
2000-03-13,1.6065728664398193,9.375,9.5,9.375,9.4375,54000
2000-03-14,1.6065728664398193,9.375,9.4375,9.3125,9.375,94200
2000-03-15,1.595862627029419,9.3125,9.4375,9.3125,9.375,82900
2000-03-16,1.6065728664398193,9.375,9.375,9.25,9.375,86400
2000-03-17,1.595862627029419,9.3125,9.375,9.25,9.3125,57200
2000-03-20,1.595862627029419,9.3125,9.3125,9.25,9.3125,73200
2000-03-21,1.6065728664398193,9.375,9.375,9.1875,9.3125,133000
2000-03-22,1.6065728664398193,9.375,9.4375,9.3125,9.375,104500
2000-03-23,1.6065728664398193,9.375,9.5,9.375,9.4375,75800
2000-03-24,1.6172832250595093,9.4375,9.5,9.375,9.4375,64200
2000-03-27,1.6387048959732056,9.5625,9.5625,9.4375,9.4375,70800
2000-03-28,1.627994418144226,9.5,9.5625,9.5,9.5,62100
2000-03-29,1.6387048959732056,9.5625,9.5625,9.5,9.5,54500
2000-03-30,1.6387048959732056,9.5625,9.5625,9.5,9.5,57300
2000-03-31,1.6387048959732056,9.5625,9.5625,9.4375,9.5,57900
2000-04-03,1.627994418144226,9.5,9.5625,9.4375,9.5625,66200
2000-04-04,1.5744415521621704,9.1875,9.5625,9.125,9.5,364900
2000-04-05,1.5423095226287842,9.0,9.1875,8.9375,9.1875,167600
2000-04-06,1.5423095226287842,9.0,9.125,9.0,9.0,83500
2000-04-07,1.5637303590774536,9.125,9.1875,9.0,9.0,66000
2000-04-10,1.5637303590774536,9.125,9.1875,9.0625,9.0625,97900
2000-04-11,1.5442923307418823,8.9375,9.125,8.9375,9.0625,92100
2000-04-12,1.5442923307418823,8.9375,9.0625,8.875,9.0625,95100
2000-04-13,1.5226941108703613,8.8125,8.9375,8.8125,8.8125,87600
2000-04-14,1.4686967134475708,8.5,8.9375,8.375,8.9375,211400
2000-04-17,1.490296721458435,8.625,8.6875,8.3125,8.5625,123100
2000-04-18,1.5226941108703613,8.8125,8.8125,8.4375,8.625,129200
2000-04-19,1.5442923307418823,8.9375,9.0,8.75,8.875,113900
2000-04-20,1.5550905466079712,9.0,9.125,9.0,9.0,92100
2000-04-24,1.565891146659851,9.0625,9.1875,9.0625,9.125,106200
2000-04-25,1.565891146659851,9.0625,9.1875,9.0625,9.0625,60000
2000-04-26,1.565891146659851,9.0625,9.125,9.0,9.125,134700
2000-04-27,1.565891146659851,9.0625,9.125,9.0,9.125,91600
2000-04-28,1.5550905466079712,9.0,9.0625,9.0,9.0625,71800
2000-05-01,1.5874898433685303,9.1875,9.1875,9.0,9.0,64200
2000-05-02,1.5766886472702026,9.125,9.1875,9.125,9.125,54100
2000-05-03,1.5550905466079712,9.0,9.25,8.9375,9.25,149600
2000-05-04,1.5766886472702026,9.125,9.1875,9.0,9.0,87700
2000-05-05,1.5874898433685303,9.1875,9.1875,9.0625,9.125,117400
2000-05-08,1.565891146659851,9.0625,9.1875,9.0625,9.125,79800
2000-05-09,1.5684173107147217,9.0,9.0625,9.0,9.0,75000
2000-05-10,1.5684173107147217,9.0,9.125,8.9375,9.0,70000
2000-05-11,1.5902003049850464,9.125,9.125,8.9375,8.9375,97800
2000-05-12,1.5902003049850464,9.125,9.125,9.0625,9.0625,70600
2000-05-15,1.5793092250823975,9.0625,9.125,9.0625,9.125,49800
2000-05-16,1.5793092250823975,9.0625,9.1875,9.0625,9.0625,130600
2000-05-17,1.5793092250823975,9.0625,9.125,9.0625,9.125,47900
2000-05-18,1.6010931730270386,9.1875,9.25,9.125,9.125,103900
2000-05-19,1.6337679624557495,9.375,9.375,9.1875,9.25,116300
2000-05-22,1.6446585655212402,9.4375,9.4375,9.3125,9.3125,58200
2000-05-23,1.6337679624557495,9.375,9.5625,9.375,9.375,166000
2000-05-24,1.6337679624557495,9.375,9.5,9.375,9.4375,68100
2000-05-25,1.6555516719818115,9.5,9.5,9.375,9.4375,73500
2000-05-26,1.6337679624557495,9.375,9.5,9.3125,9.5,66700
2000-05-30,1.6337679624557495,9.375,9.4375,9.3125,9.3125,33700
2000-05-31,1.6446585655212402,9.4375,9.5,9.375,9.5,68100
2000-06-01,1.6446585655212402,9.4375,9.4375,9.375,9.4375,62000
2000-06-02,1.6555516719818115,9.5,9.5,9.375,9.4375,31600
2000-06-05,1.6446585655212402,9.4375,9.5,9.4375,9.5,71400
2000-06-06,1.6446585655212402,9.4375,9.5,9.375,9.4375,54300
2000-06-07,1.6337679624557495,9.375,9.5,9.3125,9.4375,112000
2000-06-08,1.6363166570663452,9.3125,9.375,9.25,9.3125,32100
2000-06-09,1.6472980976104736,9.375,9.375,9.25,9.3125,64100
2000-06-12,1.6253337860107422,9.25,9.375,9.25,9.375,91800
2000-06-13,1.6363166570663452,9.3125,9.375,9.25,9.3125,90700
2000-06-14,1.6253337860107422,9.25,9.375,9.1875,9.375,87900
2000-06-15,1.6253337860107422,9.25,9.375,9.1875,9.25,130000
2000-06-16,1.6143519878387451,9.1875,9.25,9.1875,9.25,45300
2000-06-19,1.6143519878387451,9.1875,9.25,9.125,9.25,78300
2000-06-20,1.6143519878387451,9.1875,9.25,9.125,9.1875,63400
2000-06-21,1.6143519878387451,9.1875,9.3125,9.1875,9.25,100700
2000-06-22,1.6253337860107422,9.25,9.3125,9.1875,9.1875,44700
2000-06-23,1.6143519878387451,9.1875,9.3125,9.1875,9.25,67500
2000-06-26,1.6143519878387451,9.1875,9.25,9.125,9.1875,84600
2000-06-27,1.6253337860107422,9.25,9.25,9.0,9.0,43200
2000-06-28,1.6033718585968018,9.125,9.25,9.125,9.25,60700
2000-06-29,1.6143519878387451,9.1875,9.375,9.125,9.1875,105000
2000-06-30,1.6363166570663452,9.3125,9.3125,9.1875,9.25,38500
2000-07-03,1.6582810878753662,9.4375,9.4375,9.25,9.25,23100
2000-07-05,1.6363166570663452,9.3125,9.5,9.3125,9.4375,82900
2000-07-06,1.6582810878753662,9.4375,9.5,9.3125,9.375,98900
2000-07-07,1.6363166570663452,9.3125,9.5,9.3125,9.5,88700
2000-07-10,1.6278119087219238,9.1875,9.4375,9.125,9.4375,46500
2000-07-11,1.616738200187683,9.125,9.25,9.125,9.1875,46500
2000-07-12,1.6278119087219238,9.1875,9.25,9.125,9.125,63100
2000-07-13,1.6278119087219238,9.1875,9.25,9.125,9.1875,86200
2000-07-14,1.6388856172561646,9.25,9.3125,9.1875,9.25,54500
2000-07-17,1.6499584913253784,9.3125,9.3125,9.1875,9.1875,71700
2000-07-18,1.6721057891845703,9.4375,9.5,9.25,9.3125,76400
2000-07-19,1.6610325574874878,9.375,9.5,9.375,9.5,66300
2000-07-20,1.6721057891845703,9.4375,9.5,9.375,9.375,64800
2000-07-21,1.6499584913253784,9.3125,9.4375,9.3125,9.375,55200
2000-07-24,1.6610325574874878,9.375,9.375,9.3125,9.3125,52700
2000-07-25,1.6610325574874878,9.375,9.4375,9.3125,9.375,58300
2000-07-26,1.6721057891845703,9.4375,9.4375,9.3125,9.375,46100
2000-07-27,1.6610325574874878,9.375,9.4375,9.375,9.375,33300
2000-07-28,1.6942527294158936,9.5625,9.5625,9.375,9.375,51900
2000-07-31,1.6942527294158936,9.5625,9.5625,9.5,9.5,77200
2000-08-01,1.7053269147872925,9.625,9.625,9.5625,9.5625,60700
2000-08-02,1.7053269147872925,9.625,9.625,9.5625,9.625,28000
2000-08-03,1.7053269147872925,9.625,9.625,9.5625,9.5625,50400
2000-08-04,1.6942527294158936,9.5625,9.625,9.5625,9.625,36800
2000-08-07,1.6942527294158936,9.5625,9.6875,9.5625,9.625,45100
2000-08-08,1.7163991928100586,9.6875,9.6875,9.5625,9.5625,41200
2000-08-09,1.7301514148712158,9.6875,9.6875,9.5625,9.625,78300
2000-08-10,1.7301514148712158,9.6875,9.6875,9.5625,9.5625,95100
2000-08-11,1.7189903259277344,9.625,9.6875,9.5625,9.625,114400
2000-08-14,1.7189903259277344,9.625,9.75,9.625,9.625,80400
2000-08-15,1.7301514148712158,9.6875,9.6875,9.625,9.6875,27800
2000-08-16,1.707827091217041,9.5625,9.6875,9.5625,9.6875,76100
2000-08-17,1.7301514148712158,9.6875,9.6875,9.5625,9.625,88900
2000-08-18,1.7189903259277344,9.625,9.75,9.5625,9.6875,152600
2000-08-21,1.707827091217041,9.5625,9.6875,9.5625,9.6875,77500
2000-08-22,1.707827091217041,9.5625,9.6875,9.5625,9.6875,61200
2000-08-23,1.7189903259277344,9.625,9.625,9.5,9.5,62600
2000-08-24,1.7189903259277344,9.625,9.6875,9.5625,9.625,60900
2000-08-25,1.707827091217041,9.5625,9.75,9.5625,9.625,93600
2000-08-28,1.7301514148712158,9.6875,9.6875,9.5625,9.625,115600
2000-08-29,1.7301514148712158,9.6875,9.75,9.625,9.6875,34000
2000-08-30,1.752476453781128,9.8125,9.8125,9.6875,9.75,165200
2000-08-31,1.7301514148712158,9.6875,9.8125,9.6875,9.75,75600
2000-09-01,1.7301514148712158,9.6875,9.75,9.625,9.6875,67200
2000-09-05,1.7301514148712158,9.6875,9.75,9.625,9.625,26500
2000-09-06,1.7413136959075928,9.75,9.75,9.625,9.6875,74500
2000-09-07,1.7326738834381104,9.625,9.6875,9.5625,9.625,88400
2000-09-08,1.7214219570159912,9.5625,9.625,9.5,9.5625,54800
2000-09-11,1.7214219570159912,9.5625,9.625,9.5625,9.625,109800
2000-09-12,1.7326738834381104,9.625,9.625,9.5,9.5,108200
2000-09-13,1.7214219570159912,9.5625,9.625,9.5625,9.625,47900
2000-09-14,1.7326738834381104,9.625,9.625,9.5625,9.625,65700
2000-09-15,1.7326738834381104,9.625,9.625,9.5625,9.625,47500
2000-09-18,1.7326738834381104,9.625,9.75,9.5625,9.625,94300
2000-09-19,1.7439237833023071,9.6875,9.75,9.625,9.75,70900
2000-09-20,1.7439237833023071,9.6875,9.75,9.625,9.6875,70800
2000-09-21,1.7326738834381104,9.625,9.6875,9.625,9.6875,56400
2000-09-22,1.7439237833023071,9.6875,9.6875,9.625,9.6875,54200
2000-09-25,1.7551751136779785,9.75,9.75,9.625,9.6875,74400
2000-09-26,1.7326738834381104,9.625,9.75,9.625,9.6875,83400
2000-09-27,1.7326738834381104,9.625,9.6875,9.625,9.625,72700
2000-09-28,1.7101701498031616,9.5,9.625,9.4375,9.5625,83500
2000-09-29,1.6989200115203857,9.4375,9.5,9.375,9.4375,54300
2000-10-02,1.7214219570159912,9.5625,9.5625,9.375,9.4375,67400
2000-10-03,1.687669277191162,9.375,9.5,9.375,9.4375,92300
2000-10-04,1.6989200115203857,9.4375,9.5,9.375,9.375,36400
2000-10-05,1.7214219570159912,9.5625,9.625,9.375,9.5,129600
2000-10-06,1.7326738834381104,9.625,9.6875,9.5625,9.625,71200
2000-10-09,1.7439237833023071,9.6875,9.6875,9.5625,9.625,48000
2000-10-10,1.7577145099639893,9.6875,9.75,9.5625,9.625,86600
2000-10-11,1.6896735429763794,9.3125,9.625,9.3125,9.625,93400
2000-10-12,1.6329740285873413,9.0,9.375,8.875,9.375,114100
2000-10-13,1.6556531190872192,9.125,9.25,9.0,9.0625,60700
2000-10-16,1.6556531190872192,9.125,9.3125,9.125,9.1875,54700
2000-10-17,1.6556531190872192,9.125,9.25,9.0625,9.25,60600
2000-10-18,1.644314169883728,9.0625,9.125,9.0,9.125,40700
2000-10-19,1.6329740285873413,9.0,9.0625,9.0,9.0625,43400
2000-10-20,1.6556531190872192,9.125,9.125,9.0,9.0625,49700
2000-10-23,1.6556531190872192,9.125,9.125,9.0625,9.0625,68500
2000-10-24,1.6556531190872192,9.125,9.1875,9.125,9.125,92700
2000-10-25,1.6896735429763794,9.3125,9.3125,9.125,9.125,42900
2000-10-26,1.6783324480056763,9.25,9.3125,9.1875,9.3125,41800
2000-10-27,1.6669938564300537,9.1875,9.25,9.1875,9.25,16400
2000-10-30,1.6556531190872192,9.125,9.1875,9.125,9.1875,64000
2000-10-31,1.6669938564300537,9.1875,9.25,9.125,9.125,67000
2000-11-01,1.6556531190872192,9.125,9.1875,9.0625,9.125,123700
2000-11-02,1.6556531190872192,9.125,9.1875,9.0625,9.125,43600
2000-11-03,1.644314169883728,9.0625,9.1875,9.0625,9.0625,94900
2000-11-06,1.644314169883728,9.0625,9.125,9.0625,9.0625,37300
2000-11-07,1.6556531190872192,9.125,9.1875,9.0625,9.0625,43800
2000-11-08,1.6352527141571045,8.9375,9.125,8.875,9.0625,60400
2000-11-09,1.6238162517547607,8.875,8.9375,8.875,8.875,73900
2000-11-10,1.6466882228851318,9.0,9.0,8.9375,9.0,60400
2000-11-13,1.6466882228851318,9.0,9.0,8.875,8.875,39900
2000-11-14,1.6581251621246338,9.0625,9.125,9.0,9.0,56100
2000-11-15,1.6581251621246338,9.0625,9.1875,9.0,9.0625,41800
2000-11-16,1.6581251621246338,9.0625,9.1875,9.0625,9.125,65400
2000-11-17,1.669560194015503,9.125,9.1875,9.125,9.1875,67300
2000-11-20,1.669560194015503,9.125,9.1875,9.0625,9.1875,120600
2000-11-21,1.6581251621246338,9.0625,9.125,9.0,9.125,101700
2000-11-22,1.6581251621246338,9.0625,9.125,9.0,9.0625,127100
2000-11-24,1.6581251621246338,9.0625,9.125,9.0625,9.0625,36300
2000-11-27,1.6581251621246338,9.0625,9.125,9.0,9.125,82200
2000-11-28,1.6466882228851318,9.0,9.0625,8.9375,9.0625,75200
2000-11-29,1.6352527141571045,8.9375,9.0,8.875,8.9375,63400
2000-11-30,1.6352527141571045,8.9375,8.9375,8.75,8.875,82900
2000-12-01,1.6581251621246338,9.0625,9.0625,8.875,8.9375,96300
2000-12-04,1.6352527141571045,8.9375,9.0625,8.9375,9.0,70800
2000-12-05,1.6581251621246338,9.0625,9.0625,8.875,8.875,126300
2000-12-06,1.6466882228851318,9.0,9.0625,9.0,9.0,48700
2000-12-07,1.660526156425476,9.0,9.0625,8.875,8.875,93100
2000-12-08,1.6489932537078857,8.9375,9.0,8.9375,9.0,119600
2000-12-11,1.6489932537078857,8.9375,9.0,8.9375,9.0,56000
2000-12-12,1.6489932537078857,8.9375,9.0,8.9375,8.9375,102800
2000-12-13,1.5567420721054077,8.4375,8.75,8.375,8.75,279500
2000-12-14,1.5106171369552612,8.1875,8.5,8.1875,8.5,174300
2000-12-15,1.5221492052078247,8.25,8.3125,8.1875,8.3125,105700
2000-12-18,1.5682740211486816,8.5,8.5,8.1875,8.1875,133800
2000-12-19,1.6028681993484497,8.6875,8.75,8.5,8.5625,115000
2000-12-20,1.579805850982666,8.5625,8.6875,8.5,8.5625,77800
2000-12-21,1.5682740211486816,8.5,8.75,8.5,8.625,109300
2000-12-22,1.5913373231887817,8.625,8.625,8.4375,8.5,162100
2000-12-26,1.5913373231887817,8.625,8.6875,8.5625,8.625,77200
2000-12-27,1.5825856924057007,8.5,8.625,8.5,8.5625,54900
2000-12-28,1.5825856924057007,8.5,8.625,8.5,8.5625,133700
2000-12-29,1.5593140125274658,8.375,8.5,8.3125,8.5,188500
2001-01-02,1.5825856924057007,8.5,8.5,8.375,8.4375,91800
2001-01-03,1.594222903251648,8.5625,8.5625,8.375,8.4375,94000
2001-01-04,1.6291335821151733,8.75,8.8125,8.5625,8.625,90700
2001-01-05,1.6524053812026978,8.875,8.875,8.6875,8.8125,122900
2001-01-08,1.664042353630066,8.9375,9.0,8.875,8.875,72700
2001-01-09,1.664042353630066,8.9375,9.0,8.875,9.0,81700
2001-01-10,1.6873167753219604,9.0625,9.125,8.875,8.875,110000
2001-01-11,1.6989517211914062,9.125,9.1875,9.0625,9.125,58300
2001-01-12,1.6873167753219604,9.0625,9.125,9.0,9.125,68800
2001-01-16,1.7105896472930908,9.1875,9.1875,9.0,9.125,127900
2001-01-17,1.7105896472930908,9.1875,9.25,9.125,9.125,146300
2001-01-18,1.722226619720459,9.25,9.25,9.125,9.1875,77200
2001-01-19,1.7105896472930908,9.1875,9.25,9.125,9.1875,76500
2001-01-22,1.733862042427063,9.3125,9.3125,9.1875,9.25,91400
2001-01-23,1.733862042427063,9.3125,9.375,9.1875,9.3125,95400
2001-01-24,1.733862042427063,9.3125,9.375,9.25,9.375,47200
2001-01-25,1.7455005645751953,9.375,9.5,9.3125,9.375,85400
2001-01-26,1.7571362257003784,9.4375,9.5,9.375,9.5,115200
2001-01-29,1.7687723636627197,9.5,9.5,9.40999984741211,9.489999771118164,26500
2001-01-30,1.781805396080017,9.569999694824219,9.569999694824219,9.420000076293945,9.449999809265137,103500
2001-01-31,1.7836695909500122,9.579999923706055,9.630000114440918,9.510000228881836,9.569999694824219,93700
2001-02-01,1.7613255977630615,9.460000038146973,9.59000015258789,9.430000305175781,9.59000015258789,81100
2001-02-02,1.7613255977630615,9.460000038146973,9.5,9.449999809265137,9.5,88100
2001-02-05,1.7594635486602783,9.449999809265137,9.470000267028809,9.399999618530273,9.460000038146973,82700
2001-02-06,1.7575998306274414,9.4399995803833,9.5,9.399999618530273,9.460000038146973,103700
2001-02-07,1.7594635486602783,9.449999809265137,9.449999809265137,9.399999618530273,9.4399995803833,57200
2001-02-08,1.769408941268921,9.430000305175781,9.430000305175781,9.319999694824219,9.359999656677246,54300
2001-02-09,1.7712836265563965,9.4399995803833,9.5,9.399999618530273,9.430000305175781,63700
2001-02-12,1.7806671857833862,9.489999771118164,9.489999771118164,9.430000305175781,9.430000305175781,46600
2001-02-13,1.7900478839874268,9.539999961853027,9.5600004196167,9.449999809265137,9.5,101300
2001-02-14,1.7825433015823364,9.5,9.5600004196167,9.449999809265137,9.539999961853027,77200
2001-02-15,1.7862944602966309,9.520000457763672,9.5600004196167,9.489999771118164,9.489999771118164,81200
2001-02-16,1.7919249534606934,9.550000190734863,9.550000190734863,9.510000228881836,9.550000190734863,50000
2001-02-20,1.7825433015823364,9.5,9.59000015258789,9.489999771118164,9.59000015258789,102600
2001-02-21,1.7750380039215088,9.460000038146973,9.550000190734863,9.449999809265137,9.550000190734863,72600
2001-02-22,1.7562735080718994,9.359999656677246,9.5,9.329999923706055,9.479999542236328,124600
2001-02-23,1.7375104427337646,9.260000228881836,9.359999656677246,9.25,9.359999656677246,94400
2001-02-26,1.7281290292739868,9.210000038146973,9.34000015258789,9.130000114440918,9.25,76500
2001-02-27,1.7337567806243896,9.239999771118164,9.239999771118164,9.15999984741211,9.199999809265137,37200
2001-02-28,1.735634207725525,9.25,9.300000190734863,9.15999984741211,9.199999809265137,39600
2001-03-01,1.7525204420089722,9.34000015258789,9.350000381469727,9.199999809265137,9.199999809265137,70400
2001-03-02,1.7787898778915405,9.479999542236328,9.479999542236328,9.289999961853027,9.369999885559082,60600
2001-03-05,1.7806671857833862,9.489999771118164,9.489999771118164,9.399999618530273,9.489999771118164,50600
2001-03-06,1.7844196557998657,9.510000228881836,9.550000190734863,9.430000305175781,9.430000305175781,35600
2001-03-07,1.7862944602966309,9.520000457763672,9.529999732971191,9.479999542236328,9.489999771118164,75800
2001-03-08,1.7857296466827393,9.449999809265137,9.529999732971191,9.40999984741211,9.529999732971191,56300
2001-03-09,1.776281476020813,9.399999618530273,9.449999809265137,9.390000343322754,9.399999618530273,45200
2001-03-12,1.7838400602340698,9.4399995803833,9.449999809265137,9.390000343322754,9.449999809265137,34600
2001-03-13,1.7838400602340698,9.4399995803833,9.5,9.390000343322754,9.489999771118164,64800
2001-03-14,1.7781702280044556,9.40999984741211,9.470000267028809,9.390000343322754,9.399999618530273,78400
2001-03-15,1.7781702280044556,9.40999984741211,9.449999809265137,9.369999885559082,9.399999618530273,57900
2001-03-16,1.7857296466827393,9.449999809265137,9.5,9.149999618530273,9.149999618530273,76500
2001-03-19,1.7895069122314453,9.470000267028809,9.5,9.359999656677246,9.449999809265137,73400
2001-03-20,1.7668319940567017,9.350000381469727,9.5,9.300000190734863,9.460000038146973,93200
2001-03-21,1.749824047088623,9.260000228881836,9.390000343322754,9.25,9.390000343322754,67000
2001-03-22,1.7309300899505615,9.15999984741211,9.300000190734863,9.15999984741211,9.199999809265137,70800
2001-03-23,1.7309300899505615,9.15999984741211,9.25,9.149999618530273,9.15999984741211,45700
2001-03-26,1.7347080707550049,9.180000305175781,9.239999771118164,9.050000190734863,9.199999809265137,69600
2001-03-27,1.6912444829940796,8.949999809265137,9.199999809265137,8.949999809265137,9.199999809265137,95900
2001-03-28,1.6817973852157593,8.899999618530273,9.050000190734863,8.899999618530273,9.0,64400
2001-03-29,1.687465786933899,8.930000305175781,9.0,8.920000076293945,8.920000076293945,29500
2001-03-30,1.6817973852157593,8.899999618530273,9.0,8.8100004196167,8.960000038146973,68400
2001-04-02,1.7063621282577515,9.029999732971191,9.050000190734863,8.850000381469727,8.899999618530273,41300
2001-04-03,1.6799068450927734,8.890000343322754,9.100000381469727,8.869999885559082,9.010000228881836,63700
2001-04-04,1.687465786933899,8.930000305175781,9.0,8.890000343322754,8.890000343322754,38800
2001-04-05,1.6893564462661743,8.9399995803833,9.0,8.859999656677246,8.859999656677246,67900
2001-04-06,1.710141658782959,9.050000190734863,9.149999618530273,8.930000305175781,8.930000305175781,39600
2001-04-09,1.7082524299621582,9.039999961853027,9.100000381469727,9.0,9.050000190734863,48700
2001-04-10,1.6591079235076904,8.710000038146973,9.010000228881836,8.630000114440918,8.930000305175781,136800
2001-04-11,1.6591079235076904,8.710000038146973,8.899999618530273,8.699999809265137,8.899999618530273,99700
2001-04-12,1.6286299228668213,8.550000190734863,8.800000190734863,8.5,8.710000038146973,74900
2001-04-16,1.672441840171814,8.779999732971191,8.800000190734863,8.5,8.649999618530273,82300
2001-04-17,1.6952985525131226,8.899999618530273,8.979999542236328,8.710000038146973,8.720000267028809,57500
2001-04-18,1.6838703155517578,8.84000015258789,9.0,8.75,8.800000190734863,89500
2001-04-19,1.6952985525131226,8.899999618530273,8.989999771118164,8.800000190734863,8.84000015258789,49600
2001-04-20,1.7086329460144043,8.970000267028809,9.050000190734863,8.8100004196167,8.899999618530273,72500
2001-04-23,1.720062017440796,9.029999732971191,9.050000190734863,8.960000038146973,9.0,44300
2001-04-24,1.7143481969833374,9.0,9.069999694824219,8.979999542236328,9.050000190734863,83900
2001-04-25,1.7067286968231201,8.960000038146973,9.039999961853027,8.930000305175781,9.0,73100
2001-04-26,1.7162525653839111,9.010000228881836,9.039999961853027,8.979999542236328,9.0,43500
2001-04-27,1.7238712310791016,9.050000190734863,9.300000190734863,9.010000228881836,9.029999732971191,73600
2001-04-30,1.7314914464950562,9.09000015258789,9.180000305175781,9.050000190734863,9.100000381469727,17300
2001-05-01,1.737207055091858,9.119999885559082,9.199999809265137,9.050000190734863,9.100000381469727,47400
2001-05-02,1.7429200410842896,9.149999618530273,9.149999618530273,9.0,9.119999885559082,58300
2001-05-03,1.737207055091858,9.119999885559082,9.25,9.100000381469727,9.149999618530273,64000
2001-05-04,1.741015076637268,9.140000343322754,9.199999809265137,9.0600004196167,9.100000381469727,48400
2001-05-07,1.7524454593658447,9.199999809265137,9.25,9.100000381469727,9.140000343322754,38500
2001-05-08,1.7562549114227295,9.220000267028809,9.270000457763672,9.149999618530273,9.170000076293945,50500
2001-05-09,1.765658974647522,9.199999809265137,9.25,9.170000076293945,9.180000305175781,37200
2001-05-10,1.7714170217514038,9.229999542236328,9.300000190734863,9.100000381469727,9.100000381469727,86500
2001-05-11,1.767575979232788,9.210000038146973,9.300000190734863,9.199999809265137,9.289999961853027,51800
2001-05-14,1.7790918350219727,9.270000457763672,9.270000457763672,9.149999618530273,9.149999618530273,48500
2001-05-15,1.7867686748504639,9.3100004196167,9.319999694824219,9.199999809265137,9.289999961853027,54200
2001-05-16,1.775254726409912,9.25,9.369999885559082,9.210000038146973,9.210000038146973,65800
2001-05-17,1.784849762916565,9.300000190734863,9.329999923706055,9.25,9.300000190734863,70700
2001-05-18,1.7810126543045044,9.279999732971191,9.350000381469727,9.270000457763672,9.350000381469727,58200
2001-05-21,1.7810126543045044,9.279999732971191,9.34000015258789,9.260000228881836,9.319999694824219,69800
2001-05-22,1.782931923866272,9.289999961853027,9.350000381469727,9.279999732971191,9.350000381469727,62300
2001-05-23,1.782931923866272,9.289999961853027,9.300000190734863,9.199999809265137,9.300000190734863,85400
2001-05-24,1.782931923866272,9.289999961853027,9.34000015258789,9.210000038146973,9.279999732971191,59200
2001-05-25,1.790608286857605,9.329999923706055,9.34000015258789,9.260000228881836,9.34000015258789,22800
2001-05-29,1.8002039194107056,9.380000114440918,9.399999618530273,9.289999961853027,9.289999961853027,28500
2001-05-30,1.7963659763336182,9.359999656677246,9.420000076293945,9.319999694824219,9.319999694824219,35400
2001-05-31,1.8213143348693848,9.489999771118164,9.5,9.359999656677246,9.449999809265137,64200
2001-06-01,1.8078809976577759,9.420000076293945,9.5,9.399999618530273,9.489999771118164,47300
2001-06-04,1.8040428161621094,9.399999618530273,9.460000038146973,9.319999694824219,9.460000038146973,67500
2001-06-05,1.8040428161621094,9.399999618530273,9.449999809265137,9.350000381469727,9.449999809265137,48300
2001-06-06,1.8040428161621094,9.399999618530273,9.420000076293945,9.350000381469727,9.399999618530273,31400
2001-06-07,1.8069406747817993,9.350000381469727,9.5,9.3100004196167,9.319999694824219,64900
2001-06-08,1.797277808189392,9.300000190734863,9.399999618530273,9.25,9.399999618530273,45800
2001-06-11,1.7837514877319336,9.229999542236328,9.350000381469727,9.180000305175781,9.300000190734863,79900
2001-06-12,1.7876157760620117,9.25,9.25,9.170000076293945,9.199999809265137,51000
2001-06-13,1.8127386569976807,9.380000114440918,9.430000305175781,9.25,9.25,51600
2001-06-14,1.8204693794250488,9.420000076293945,9.489999771118164,9.399999618530273,9.40999984741211,46600
2001-06-15,1.8127386569976807,9.380000114440918,9.489999771118164,9.380000114440918,9.449999809265137,28400
2001-06-18,1.8127386569976807,9.380000114440918,9.420000076293945,9.300000190734863,9.40999984741211,50400
2001-06-19,1.7257740497589111,8.930000305175781,9.300000190734863,8.930000305175781,9.279999732971191,278800
2001-06-20,1.7064472436904907,8.829999923706055,8.920000076293945,8.800000190734863,8.850000381469727,131100
2001-06-21,1.7006494998931885,8.800000190734863,8.899999618530273,8.710000038146973,8.729999542236328,98900
2001-06-22,1.704514741897583,8.819999694824219,8.850000381469727,8.75,8.75,62500
2001-06-25,1.7161123752593994,8.880000114440918,8.880000114440918,8.760000228881836,8.8100004196167,44900
2001-06-26,1.710312008857727,8.850000381469727,8.890000343322754,8.779999732971191,8.890000343322754,83500
2001-06-27,1.7006494998931885,8.800000190734863,8.859999656677246,8.75,8.819999694824219,44400
2001-06-28,1.712246298789978,8.859999656677246,8.859999656677246,8.710000038146973,8.75,38800
2001-06-29,1.7277052402496338,8.9399995803833,8.9399995803833,8.789999961853027,8.869999885559082,55500
2001-07-02,1.7064472436904907,8.829999923706055,8.949999809265137,8.829999923706055,8.899999618530273,50400
2001-07-03,1.7238420248031616,8.920000076293945,8.920000076293945,8.800000190734863,8.829999923706055,35000
2001-07-05,1.712246298789978,8.859999656677246,8.920000076293945,8.84000015258789,8.850000381469727,37200
2001-07-06,1.7393016815185547,9.0,9.0,8.859999656677246,8.859999656677246,22600
2001-07-09,1.7335035800933838,8.970000267028809,8.989999771118164,8.899999618530273,8.899999618530273,55900
2001-07-10,1.7414814233779907,8.949999809265137,8.949999809265137,8.850000381469727,8.949999809265137,23600
2001-07-11,1.7142404317855835,8.8100004196167,9.0,8.800000190734863,8.869999885559082,50300
2001-07-12,1.7239700555801392,8.859999656677246,8.899999618530273,8.760000228881836,8.789999961853027,44900
2001-07-13,1.7414814233779907,8.949999809265137,9.029999732971191,8.8100004196167,8.8100004196167,69400
2001-07-16,1.722023367881775,8.850000381469727,8.949999809265137,8.800000190734863,8.949999809265137,61200
2001-07-17,1.7064577341079712,8.770000457763672,8.890000343322754,8.75,8.829999923706055,35800
2001-07-18,1.7298063039779663,8.890000343322754,8.899999618530273,8.8100004196167,8.869999885559082,35500
2001-07-19,1.7239700555801392,8.859999656677246,8.9399995803833,8.859999656677246,8.899999618530273,24000
2001-07-20,1.7492653131484985,8.989999771118164,8.989999771118164,8.859999656677246,8.899999618530273,42500
2001-07-23,1.7142404317855835,8.8100004196167,9.0,8.8100004196167,8.949999809265137,41900
2001-07-24,1.720078468322754,8.84000015258789,8.899999618530273,8.800000190734863,8.899999618530273,36200
2001-07-25,1.7278624773025513,8.880000114440918,8.890000343322754,8.779999732971191,8.800000190734863,62300
2001-07-26,1.7278624773025513,8.880000114440918,8.920000076293945,8.8100004196167,8.869999885559082,45100
2001-07-27,1.7142404317855835,8.8100004196167,8.899999618530273,8.800000190734863,8.880000114440918,33500
2001-07-30,1.698673963546753,8.729999542236328,8.8100004196167,8.649999618530273,8.8100004196167,101400
2001-07-31,1.7045122385025024,8.760000228881836,8.800000190734863,8.75,8.75,17700
2001-08-01,1.7006194591522217,8.739999771118164,8.779999732971191,8.609999656677246,8.720000267028809,73700
2001-08-02,1.708402156829834,8.779999732971191,8.829999923706055,8.75,8.75,70300
2001-08-03,1.722023367881775,8.850000381469727,8.850000381469727,8.779999732971191,8.779999732971191,35900
2001-08-06,1.722023367881775,8.850000381469727,8.890000343322754,8.779999732971191,8.819999694824219,31000
2001-08-07,1.7278624773025513,8.880000114440918,8.90999984741211,8.800000190734863,8.8100004196167,47200
2001-08-08,1.7284488677978516,8.819999694824219,8.850000381469727,8.760000228881836,8.819999694824219,58300
2001-08-09,1.7245293855667114,8.800000190734863,8.850000381469727,8.739999771118164,8.739999771118164,45300
2001-08-10,1.7441266775131226,8.899999618530273,8.930000305175781,8.800000190734863,8.800000190734863,40200
2001-08-13,1.7500059604644775,8.930000305175781,9.0,8.819999694824219,9.0,44400
2001-08-14,1.7480465173721313,8.920000076293945,8.960000038146973,8.859999656677246,8.949999809265137,67800
2001-08-15,1.7343286275863647,8.850000381469727,8.920000076293945,8.850000381469727,8.920000076293945,39800
2001-08-16,1.7382464408874512,8.869999885559082,8.880000114440918,8.8100004196167,8.850000381469727,34400
2001-08-17,1.7362879514694214,8.859999656677246,8.869999885559082,8.8100004196167,8.850000381469727,47900
2001-08-20,1.7284488677978516,8.819999694824219,8.869999885559082,8.800000190734863,8.829999923706055,25700
2001-08-21,1.726489782333374,8.8100004196167,8.850000381469727,8.8100004196167,8.819999694824219,35100
2001-08-22,1.7225704193115234,8.789999961853027,8.890000343322754,8.770000457763672,8.890000343322754,81000
2001-08-23,1.7323678731918335,8.84000015258789,8.880000114440918,8.789999961853027,8.84000015258789,64100
2001-08-24,1.7441266775131226,8.899999618530273,8.90999984741211,8.84000015258789,8.859999656677246,41900
2001-08-27,1.7343286275863647,8.850000381469727,8.899999618530273,8.789999961853027,8.899999618530273,74200
2001-08-28,1.7343286275863647,8.850000381469727,8.869999885559082,8.800000190734863,8.8100004196167,69400
2001-08-29,1.7343286275863647,8.850000381469727,8.859999656677246,8.800000190734863,8.8100004196167,56800
2001-08-30,1.7362879514694214,8.859999656677246,8.880000114440918,8.84000015258789,8.880000114440918,20100
2001-08-31,1.7362879514694214,8.859999656677246,8.869999885559082,8.8100004196167,8.8100004196167,40200
2001-09-04,1.7441266775131226,8.899999618530273,8.899999618530273,8.84000015258789,8.890000343322754,54700
2001-09-05,1.7343286275863647,8.850000381469727,8.899999618530273,8.829999923706055,8.850000381469727,51500
2001-09-06,1.726489782333374,8.8100004196167,8.859999656677246,8.8100004196167,8.8100004196167,37400
2001-09-07,1.7127712965011597,8.739999771118164,8.84000015258789,8.609999656677246,8.819999694824219,52300
2001-09-10,1.7206119298934937,8.779999732971191,8.779999732971191,8.699999809265137,8.699999809265137,38300
2001-09-17,1.6108678579330444,8.220000267028809,8.649999618530273,8.199999809265137,8.649999618530273,77300
2001-09-18,1.6167467832565308,8.25,8.5,8.25,8.25,55900
2001-09-19,1.5383590459823608,7.849999904632568,8.350000381469727,7.829999923706055,8.350000381469727,113300
2001-09-20,1.3855029344558716,7.070000171661377,7.949999809265137,7.03000020980835,7.949999809265137,197700
2001-09-21,1.4638904333114624,7.46999979019165,7.46999979019165,7.010000228881836,7.170000076293945,159500
2001-09-24,1.5579568147659302,7.949999809265137,8.0,7.570000171661377,7.570000171661377,133500
2001-09-25,1.6108678579330444,8.220000267028809,8.25,7.949999809265137,7.949999809265137,127000
2001-09-26,1.6187063455581665,8.260000228881836,8.329999923706055,8.199999809265137,8.25,70000
2001-09-27,1.636344075202942,8.350000381469727,8.380000114440918,8.270000457763672,8.270000457763672,59400
2001-09-28,1.646141529083252,8.399999618530273,8.5,8.359999656677246,8.369999885559082,81400
2001-10-01,1.587350845336914,8.100000381469727,8.40999984741211,8.100000381469727,8.40999984741211,44700
2001-10-02,1.5618748664855957,7.96999979019165,8.109999656677246,7.760000228881836,8.109999656677246,89300
2001-10-03,1.5481579303741455,7.900000095367432,7.980000019073486,7.75,7.940000057220459,63000
2001-10-04,1.5383590459823608,7.849999904632568,7.949999809265137,7.710000038146973,7.849999904632568,81100
2001-10-05,1.544870138168335,7.829999923706055,7.849999904632568,7.619999885559082,7.690000057220459,56100
2001-10-08,1.5685460567474365,7.949999809265137,8.0,7.889999866485596,7.900000095367432,44600
2001-10-09,1.5586811304092407,7.900000095367432,8.050000190734863,7.75,7.949999809265137,51500
2001-10-10,1.5586811304092407,7.900000095367432,7.900000095367432,7.75,7.829999923706055,55600
2001-10-11,1.544870138168335,7.829999923706055,7.980000019073486,7.829999923706055,7.900000095367432,33600
2001-10-12,1.5290861129760742,7.75,7.920000076293945,7.699999809265137,7.920000076293945,58800
2001-10-15,1.4797606468200684,7.5,7.789999961853027,7.380000114440918,7.650000095367432,67100
2001-10-16,1.4994912147521973,7.599999904632568,7.650000095367432,7.510000228881836,7.599999904632568,43100
2001-10-17,1.4935712814331055,7.570000171661377,7.699999809265137,7.5,7.5,112100
2001-10-18,1.509355902671814,7.650000095367432,7.71999979019165,7.570000171661377,7.570000171661377,67100
2001-10-19,1.5073821544647217,7.639999866485596,7.71999979019165,7.619999885559082,7.650000095367432,32700
2001-10-22,1.509355902671814,7.650000095367432,7.730000019073486,7.639999866485596,7.639999866485596,40400
2001-10-23,1.5014636516571045,7.610000133514404,7.75,7.570000171661377,7.650000095367432,73500
2001-10-24,1.5113284587860107,7.659999847412109,7.730000019073486,7.570000171661377,7.610000133514404,49800
2001-10-25,1.519220232963562,7.699999809265137,7.75,7.619999885559082,7.659999847412109,66900
2001-10-26,1.4994912147521973,7.599999904632568,7.75,7.570000171661377,7.630000114440918,57700
2001-10-29,1.5133017301559448,7.670000076293945,7.679999828338623,7.550000190734863,7.650000095367432,47700
2001-10-30,1.4896255731582642,7.550000190734863,7.730000019073486,7.550000190734863,7.71999979019165,67700
2001-10-31,1.4896255731582642,7.550000190734863,7.570000171661377,7.5,7.559999942779541,48000
2001-11-01,1.5152744054794312,7.679999828338623,7.679999828338623,7.519999980926514,7.550000190734863,54100
2001-11-02,1.5152744054794312,7.679999828338623,7.760000228881836,7.650000095367432,7.679999828338623,82400
2001-11-05,1.523166537284851,7.71999979019165,7.75,7.650000095367432,7.679999828338623,52900
2001-11-06,1.4975178241729736,7.590000152587891,7.730000019073486,7.590000152587891,7.730000019073486,68700
2001-11-07,1.5106369256973267,7.599999904632568,7.630000114440918,7.46999979019165,7.630000114440918,61500
2001-11-08,1.5305129289627075,7.699999809265137,7.699999809265137,7.539999961853027,7.599999904632568,60000
2001-11-09,1.5325011014938354,7.710000038146973,7.75,7.699999809265137,7.699999809265137,31000
2001-11-12,1.5265371799468994,7.679999828338623,7.739999771118164,7.659999847412109,7.739999771118164,43100
2001-11-13,1.528524398803711,7.690000057220459,7.75,7.570000171661377,7.650000095367432,95900
2001-11-14,1.5126241445541382,7.610000133514404,7.690000057220459,7.599999904632568,7.610000133514404,82100
2001-11-15,1.5384639501571655,7.739999771118164,7.739999771118164,7.559999942779541,7.610000133514404,96100
2001-11-16,1.5026863813400269,7.559999942779541,7.739999771118164,7.559999942779541,7.739999771118164,84700
2001-11-19,1.5106369256973267,7.599999904632568,7.690000057220459,7.559999942779541,7.599999904632568,70300
2001-11-20,1.5106369256973267,7.599999904632568,7.679999828338623,7.599999904632568,7.650000095367432,57800
2001-11-21,1.5006980895996094,7.550000190734863,7.690000057220459,7.550000190734863,7.599999904632568,84400
2001-11-23,1.5006980895996094,7.550000190734863,7.639999866485596,7.550000190734863,7.599999904632568,24400
2001-11-26,1.5106369256973267,7.599999904632568,7.619999885559082,7.5,7.5,216700
2001-11-27,1.5384639501571655,7.739999771118164,7.739999771118164,7.570000171661377,7.599999904632568,112800
2001-11-28,1.5146116018295288,7.619999885559082,7.739999771118164,7.610000133514404,7.679999828338623,49900
2001-11-29,1.528524398803711,7.690000057220459,7.690000057220459,7.570000171661377,7.610000133514404,50900
2001-11-30,1.5404515266418457,7.75,7.75,7.630000114440918,7.699999809265137,66700
2001-12-03,1.5503900051116943,7.800000190734863,7.869999885559082,7.710000038146973,7.75,71600
2001-12-04,1.5344878435134888,7.71999979019165,7.809999942779541,7.710000038146973,7.75,67000
2001-12-05,1.5484024286270142,7.789999961853027,7.820000171661377,7.690000057220459,7.820000171661377,98900
2001-12-06,1.5563534498214722,7.829999923706055,7.829999923706055,7.75,7.820000171661377,52700
2001-12-07,1.572253704071045,7.909999847412109,7.980000019073486,7.829999923706055,7.840000152587891,57300
2001-12-10,1.5786558389663696,7.889999866485596,7.96999979019165,7.809999942779541,7.809999942779541,62500
2001-12-11,1.5526455640792847,7.760000228881836,7.889999866485596,7.739999771118164,7.889999866485596,51000
2001-12-12,1.5686516761779785,7.840000152587891,7.860000133514404,7.71999979019165,7.75,47800
2001-12-13,1.5686516761779785,7.840000152587891,7.900000095367432,7.739999771118164,7.800000190734863,66200
2001-12-14,1.5426419973373413,7.710000038146973,7.849999904632568,7.679999828338623,7.849999904632568,95600
2001-12-17,1.5406404733657837,7.699999809265137,7.789999961853027,7.670000076293945,7.710000038146973,73300
2001-12-18,1.5406404733657837,7.699999809265137,7.769999980926514,7.670000076293945,7.670000076293945,62700
2001-12-19,1.5426419973373413,7.710000038146973,7.78000020980835,7.659999847412109,7.78000020980835,69500
2001-12-20,1.5506452322006226,7.75,7.78000020980835,7.670000076293945,7.710000038146973,85800
2001-12-21,1.5586490631103516,7.789999961853027,7.789999961853027,7.710000038146973,7.78000020980835,63900
2001-12-24,1.5506452322006226,7.75,7.849999904632568,7.71999979019165,7.789999961853027,47200
2001-12-26,1.5666511058807373,7.829999923706055,7.889999866485596,7.760000228881836,7.800000190734863,61400
2001-12-27,1.588800072669983,7.889999866485596,7.889999866485596,7.699999809265137,7.829999923706055,122700
2001-12-28,1.5706785917282104,7.800000190734863,7.929999828338623,7.760000228881836,7.789999961853027,103600
2001-12-31,1.5827605724334717,7.860000133514404,7.889999866485596,7.71999979019165,7.809999942779541,106300
2002-01-02,1.5867891311645508,7.880000114440918,7.880000114440918,7.800000190734863,7.860000133514404,42200
2002-01-03,1.60491144657135,7.96999979019165,7.980000019073486,7.800000190734863,7.800000190734863,48600
2002-01-04,1.6008851528167725,7.949999809265137,8.050000190734863,7.920000076293945,7.96999979019165,48600
2002-01-07,1.6190074682235718,8.039999961853027,8.050000190734863,7.980000019073486,8.029999732971191,54400
2002-01-08,1.6089385747909546,7.989999771118164,8.029999732971191,7.880000114440918,7.940000057220459,64500
2002-01-09,1.6028984785079956,7.960000038146973,8.0,7.900000095367432,7.940000057220459,51600
2002-01-10,1.5908169746398926,7.900000095367432,8.029999732971191,7.900000095367432,7.989999771118164,43300
2002-01-11,1.5908169746398926,7.900000095367432,8.039999961853027,7.880000114440918,7.880000114440918,66700
2002-01-14,1.6250497102737427,8.069999694824219,8.069999694824219,7.900000095367432,7.96999979019165,46100
2002-01-15,1.6310884952545166,8.100000381469727,8.109999656677246,8.0,8.020000457763672,42700
2002-01-16,1.6310884952545166,8.100000381469727,8.119999885559082,7.980000019073486,8.09000015258789,76100
2002-01-17,1.6270633935928345,8.079999923706055,8.140000343322754,8.0,8.140000343322754,47800
2002-01-18,1.6129659414291382,8.010000228881836,8.09000015258789,7.960000038146973,8.050000190734863,56500
2002-01-22,1.6149811744689941,8.020000457763672,8.020000457763672,7.940000057220459,7.949999809265137,38500
2002-01-23,1.6190074682235718,8.039999961853027,8.100000381469727,7.949999809265137,8.029999732971191,98500
2002-01-24,1.6310884952545166,8.100000381469727,8.100000381469727,7.949999809265137,7.949999809265137,64600
2002-01-25,1.6371314525604248,8.130000114440918,8.130000114440918,8.039999961853027,8.039999961853027,40700
2002-01-28,1.6270633935928345,8.079999923706055,8.079999923706055,8.0,8.050000190734863,41900
2002-01-29,1.6129659414291382,8.010000228881836,8.079999923706055,8.0,8.0,56200
2002-01-30,1.6310884952545166,8.100000381469727,8.140000343322754,8.010000228881836,8.010000228881836,51600
2002-01-31,1.6411590576171875,8.149999618530273,8.149999618530273,8.020000457763672,8.029999732971191,50300
2002-02-01,1.6411590576171875,8.149999618530273,8.180000305175781,8.130000114440918,8.130000114440918,62200
2002-02-04,1.6411590576171875,8.149999618530273,8.199999809265137,8.109999656677246,8.170000076293945,38100
2002-02-05,1.6451854705810547,8.170000076293945,8.180000305175781,8.130000114440918,8.149999618530273,55400
2002-02-06,1.6391443014144897,8.140000343322754,8.1899995803833,8.119999885559082,8.1899995803833,39900
2002-02-07,1.6328649520874023,8.0600004196167,8.15999984741211,7.949999809265137,8.100000381469727,51800
2002-02-08,1.6227343082427979,8.010000228881836,8.050000190734863,7.900000095367432,8.050000190734863,37400
2002-02-11,1.6045024394989014,7.920000076293945,8.0,7.860000133514404,8.0,76400
2002-02-12,1.6166573762893677,7.980000019073486,7.989999771118164,7.909999847412109,7.909999847412109,48300
2002-02-13,1.6166573762893677,7.980000019073486,7.989999771118164,7.900000095367432,7.989999771118164,58000
2002-02-14,1.6105802059173584,7.949999809265137,8.050000190734863,7.900000095367432,7.989999771118164,45200
2002-02-15,1.6267876625061035,8.029999732971191,8.029999732971191,7.889999866485596,8.0,40400
2002-02-19,1.600451111793518,7.900000095367432,8.050000190734863,7.849999904632568,8.050000190734863,47500
2002-02-20,1.5963988304138184,7.880000114440918,7.949999809265137,7.840000152587891,7.949999809265137,67300
2002-02-21,1.6105802059173584,7.949999809265137,7.949999809265137,7.889999866485596,7.940000057220459,40400
2002-02-22,1.6065279245376587,7.929999828338623,7.96999979019165,7.800000190734863,7.949999809265137,100700
2002-02-25,1.582218050956726,7.809999942779541,7.940000057220459,7.809999942779541,7.940000057220459,69100
2002-02-26,1.5963988304138184,7.880000114440918,7.889999866485596,7.809999942779541,7.880000114440918,34900
2002-02-27,1.602476716041565,7.909999847412109,7.929999828338623,7.800000190734863,7.880000114440918,55800
2002-02-28,1.5984220504760742,7.889999866485596,7.900000095367432,7.829999923706055,7.900000095367432,55300
2002-03-01,1.5984220504760742,7.889999866485596,7.889999866485596,7.840000152587891,7.840000152587891,21000
2002-03-04,1.5943738222122192,7.869999885559082,7.940000057220459,7.840000152587891,7.840000152587891,29600
2002-03-05,1.5984220504760742,7.889999866485596,7.960000038146973,7.869999885559082,7.909999847412109,37300
2002-03-06,1.5963988304138184,7.880000114440918,7.980000019073486,7.869999885559082,7.889999866485596,51800
2002-03-07,1.6163748502731323,7.929999828338623,7.989999771118164,7.840000152587891,7.889999866485596,37100
2002-03-08,1.6184115409851074,7.940000057220459,8.0,7.869999885559082,7.869999885559082,74400
2002-03-11,1.6347190141677856,8.020000457763672,8.029999732971191,7.909999847412109,8.0,50200
2002-03-12,1.628604531288147,7.989999771118164,8.029999732971191,7.949999809265137,8.0,35800
2002-03-13,1.630642294883728,8.0,8.050000190734863,7.949999809265137,7.989999771118164,75300
2002-03-14,1.6367571353912354,8.029999732971191,8.050000190734863,7.960000038146973,8.0,40000
2002-03-15,1.648987054824829,8.09000015258789,8.100000381469727,8.0,8.100000381469727,59400
2002-03-18,1.632680058479309,8.010000228881836,8.1899995803833,7.900000095367432,8.050000190734863,122600
2002-03-19,1.648987054824829,8.09000015258789,8.100000381469727,7.960000038146973,8.010000228881836,71200
2002-03-20,1.6510239839553833,8.100000381469727,8.149999618530273,8.029999732971191,8.109999656677246,76400
2002-03-21,1.6510239839553833,8.100000381469727,8.100000381469727,8.029999732971191,8.039999961853027,38400
2002-03-22,1.6612181663513184,8.149999618530273,8.149999618530273,8.039999961853027,8.109999656677246,49900
2002-03-25,1.64287269115448,8.0600004196167,8.1899995803833,8.0600004196167,8.149999618530273,42300
2002-03-26,1.6734461784362793,8.210000038146973,8.300000190734863,8.100000381469727,8.100000381469727,65000
2002-03-27,1.6754850149154663,8.220000267028809,8.25,8.140000343322754,8.229999542236328,61500
2002-03-28,1.6612181663513184,8.149999618530273,8.229999542236328,8.149999618530273,8.149999618530273,58800
2002-04-01,1.6734461784362793,8.210000038146973,8.229999542236328,8.109999656677246,8.170000076293945,69700
2002-04-02,1.6612181663513184,8.149999618530273,8.239999771118164,8.149999618530273,8.15999984741211,50600
2002-04-03,1.6591777801513672,8.140000343322754,8.199999809265137,8.119999885559082,8.149999618530273,43500
2002-04-04,1.6591777801513672,8.140000343322754,8.15999984741211,8.119999885559082,8.140000343322754,33600
2002-04-05,1.6612181663513184,8.149999618530273,8.170000076293945,8.109999656677246,8.119999885559082,33800
2002-04-08,1.65445077419281,8.069999694824219,8.149999618530273,8.0600004196167,8.149999618530273,43900
2002-04-09,1.6503506898880005,8.050000190734863,8.09000015258789,8.010000228881836,8.050000190734863,53100
2002-04-10,1.6503506898880005,8.050000190734863,8.079999923706055,7.980000019073486,8.050000190734863,46900
2002-04-11,1.6319003105163574,7.960000038146973,8.050000190734863,7.949999809265137,8.0,43600
2002-04-12,1.636000394821167,7.980000019073486,8.039999961853027,7.909999847412109,8.0,40600
2002-04-15,1.625749111175537,7.929999828338623,8.029999732971191,7.909999847412109,8.0,46400
2002-04-16,1.648299217224121,8.039999961853027,8.0600004196167,7.909999847412109,7.929999828338623,69100
2002-04-17,1.6421502828598022,8.010000228881836,8.039999961853027,7.940000057220459,8.029999732971191,52900
2002-04-18,1.6319003105163574,7.960000038146973,8.020000457763672,7.940000057220459,7.949999809265137,35300
2002-04-19,1.633948802947998,7.96999979019165,8.020000457763672,7.960000038146973,7.980000019073486,41300
2002-04-22,1.6380503177642822,7.989999771118164,8.020000457763672,7.929999828338623,7.96999979019165,45100
2002-04-23,1.6585509777069092,8.09000015258789,8.09000015258789,7.960000038146973,7.989999771118164,92600
2002-04-24,1.6524022817611694,8.0600004196167,8.079999923706055,7.980000019073486,8.039999961853027,53300
2002-04-25,1.646251916885376,8.029999732971191,8.0600004196167,7.980000019073486,8.0600004196167,43700
2002-04-26,1.6503506898880005,8.050000190734863,8.050000190734863,7.980000019073486,8.020000457763672,16100
2002-04-29,1.648299217224121,8.039999961853027,8.09000015258789,8.0,8.050000190734863,31600
2002-04-30,1.648299217224121,8.039999961853027,8.09000015258789,7.989999771118164,8.010000228881836,43800
2002-05-01,1.6626514196395874,8.109999656677246,8.109999656677246,7.949999809265137,8.0,69000
2002-05-02,1.6585509777069092,8.09000015258789,8.130000114440918,8.0,8.050000190734863,79500
2002-05-03,1.6585509777069092,8.09000015258789,8.09000015258789,8.020000457763672,8.0600004196167,20300
2002-05-06,1.6585509777069092,8.09000015258789,8.100000381469727,8.010000228881836,8.029999732971191,47400
2002-05-07,1.648299217224121,8.039999961853027,8.100000381469727,7.980000019073486,8.020000457763672,69300
2002-05-08,1.6495381593704224,8.0,8.039999961853027,7.940000057220459,8.020000457763672,74100
2002-05-09,1.6495381593704224,8.0,8.029999732971191,7.940000057220459,8.029999732971191,48600
2002-05-10,1.6474769115447998,7.989999771118164,8.010000228881836,7.940000057220459,8.0,25600
2002-05-13,1.6598470211029053,8.050000190734863,8.069999694824219,7.949999809265137,7.989999771118164,82900
2002-05-14,1.670156717300415,8.100000381469727,8.140000343322754,8.069999694824219,8.09000015258789,24500
2002-05-15,1.6598470211029053,8.050000190734863,8.069999694824219,7.96999979019165,8.069999694824219,40000
2002-05-16,1.6433511972427368,7.96999979019165,8.050000190734863,7.960000038146973,8.010000228881836,33200
2002-05-17,1.6330417394638062,7.920000076293945,8.050000190734863,7.920000076293945,8.020000457763672,92000
2002-05-20,1.6515995264053345,8.010000228881836,8.020000457763672,7.929999828338623,7.980000019073486,36200
2002-05-21,1.6536616086959839,8.020000457763672,8.050000190734863,7.980000019073486,8.0,42200
2002-05-22,1.6536616086959839,8.020000457763672,8.029999732971191,7.940000057220459,8.020000457763672,70800
2002-05-23,1.6495381593704224,8.0,8.09000015258789,7.980000019073486,8.010000228881836,64200
2002-05-24,1.6660332679748535,8.079999923706055,8.079999923706055,7.96999979019165,7.96999979019165,77700
2002-05-28,1.6598470211029053,8.050000190734863,8.09000015258789,7.980000019073486,8.079999923706055,59300
2002-05-29,1.6536616086959839,8.020000457763672,8.140000343322754,8.010000228881836,8.069999694824219,57700
2002-05-30,1.6515995264053345,8.010000228881836,8.079999923706055,8.0,8.010000228881836,45600
2002-05-31,1.6515995264053345,8.010000228881836,8.050000190734863,7.920000076293945,8.039999961853027,133700
2002-06-03,1.6392282247543335,7.949999809265137,8.029999732971191,7.940000057220459,8.010000228881836,44500
2002-06-04,1.6412900686264038,7.960000038146973,8.029999732971191,7.949999809265137,7.949999809265137,29600
2002-06-05,1.6454142332077026,7.980000019073486,8.0,7.929999828338623,7.940000057220459,44300
2002-06-06,1.6495381593704224,8.0,8.029999732971191,7.949999809265137,7.949999809265137,43800
2002-06-07,1.6557226181030273,8.029999732971191,8.039999961853027,7.920000076293945,8.020000457763672,57500
2002-06-10,1.6505393981933594,7.960000038146973,8.0,7.929999828338623,8.0,38300
2002-06-11,1.662980556488037,8.020000457763672,8.029999732971191,7.920000076293945,8.029999732971191,85600
2002-06-12,1.6484664678573608,7.949999809265137,8.0,7.929999828338623,7.929999828338623,82500
2002-06-13,1.6505393981933594,7.960000038146973,8.020000457763672,7.940000057220459,8.0,43800
2002-06-14,1.6505393981933594,7.960000038146973,8.020000457763672,7.940000057220459,7.949999809265137,57400
2002-06-17,1.6546870470046997,7.980000019073486,8.020000457763672,7.949999809265137,8.0,27700
2002-06-18,1.6422460079193115,7.920000076293945,7.989999771118164,7.920000076293945,7.980000019073486,44900
2002-06-19,1.6318777799606323,7.869999885559082,7.96999979019165,7.820000171661377,7.96999979019165,71200
2002-06-20,1.6318777799606323,7.869999885559082,7.949999809265137,7.840000152587891,7.889999866485596,49900
2002-06-21,1.6215105056762695,7.820000171661377,7.949999809265137,7.760000228881836,7.949999809265137,65900
2002-06-24,1.6235843896865845,7.829999923706055,7.849999904632568,7.699999809265137,7.829999923706055,83100
2002-06-25,1.604921579360962,7.739999771118164,7.880000114440918,7.699999809265137,7.75,72100
2002-06-26,1.575892448425293,7.599999904632568,7.760000228881836,7.400000095367432,7.760000228881836,128800
2002-06-27,1.5551578998565674,7.5,7.579999923706055,7.420000076293945,7.420000076293945,66000
2002-06-28,1.6090686321258545,7.760000228881836,7.760000228881836,7.420000076293945,7.440000057220459,73700
2002-07-01,1.5675982236862183,7.559999942779541,7.78000020980835,7.519999980926514,7.78000020980835,83800
2002-07-02,1.5447887182235718,7.449999809265137,7.550000190734863,7.369999885559082,7.550000190734863,101400
2002-07-03,1.5551578998565674,7.5,7.5,7.389999866485596,7.420000076293945,52400
2002-07-05,1.5593031644821167,7.519999980926514,7.519999980926514,7.46999979019165,7.510000228881836,28500
2002-07-08,1.5689005851745605,7.519999980926514,7.539999961853027,7.449999809265137,7.53000020980835,33300
2002-07-09,1.5730745792388916,7.539999961853027,7.550000190734863,7.420000076293945,7.519999980926514,61300
2002-07-10,1.548038125038147,7.420000076293945,7.539999961853027,7.420000076293945,7.46999979019165,46600
2002-07-11,1.548038125038147,7.420000076293945,7.53000020980835,7.420000076293945,7.519999980926514,53000
2002-07-12,1.5334340333938599,7.349999904632568,7.519999980926514,7.300000190734863,7.519999980926514,79300
2002-07-15,1.541779637336731,7.389999866485596,7.409999847412109,7.300000190734863,7.309999942779541,78200
2002-07-16,1.5647295713424683,7.5,7.5,7.369999885559082,7.460000038146973,44600
2002-07-17,1.5689005851745605,7.519999980926514,7.519999980926514,7.420000076293945,7.5,88000
2002-07-18,1.5709866285324097,7.53000020980835,7.590000152587891,7.449999809265137,7.590000152587891,53200
2002-07-19,1.5626420974731445,7.489999771118164,7.590000152587891,7.420000076293945,7.590000152587891,38000
2002-07-22,1.5250886678695679,7.309999942779541,7.5,7.309999942779541,7.489999771118164,81100
2002-07-23,1.4645847082138062,7.019999980926514,7.239999771118164,7.019999980926514,7.199999809265137,107900
2002-07-24,1.4291183948516846,6.849999904632568,7.0,6.099999904632568,7.0,146000
2002-07-25,1.4395501613616943,6.900000095367432,6.949999809265137,6.71999979019165,6.71999979019165,51600
2002-07-26,1.4186877012252808,6.800000190734863,7.039999961853027,6.800000190734863,6.989999771118164,60900
2002-07-29,1.44998037815094,6.949999809265137,7.070000171661377,6.809999942779541,6.809999942779541,49400
2002-07-30,1.44998037815094,6.949999809265137,7.150000095367432,6.760000228881836,6.769999980926514,82400
2002-07-31,1.4604133367538452,7.0,7.079999923706055,6.960000038146973,6.960000038146973,94700
2002-08-01,1.47710382938385,7.079999923706055,7.150000095367432,7.019999980926514,7.099999904632568,39900
2002-08-02,1.4812753200531006,7.099999904632568,7.159999847412109,7.059999942779541,7.059999942779541,45100
2002-08-05,1.445809245109558,6.929999828338623,7.119999885559082,6.920000076293945,7.099999904632568,94100
2002-08-06,1.4708446264266968,7.050000190734863,7.150000095367432,6.929999828338623,7.03000020980835,68900
2002-08-07,1.4875346422195435,7.130000114440918,7.190000057220459,6.929999828338623,7.150000095367432,66300
2002-08-08,1.4927845001220703,7.110000133514404,7.190000057220459,6.96999979019165,7.0,45100
2002-08-09,1.4927845001220703,7.110000133514404,7.190000057220459,7.050000190734863,7.090000152587891,53400
2002-08-12,1.5053818225860596,7.170000076293945,7.179999828338623,7.079999923706055,7.179999828338623,42600
2002-08-13,1.480186939239502,7.050000190734863,7.170000076293945,7.0,7.170000076293945,46300
2002-08-14,1.4759880304336548,7.03000020980835,7.099999904632568,6.949999809265137,7.019999980926514,51700
2002-08-15,1.4885848760604858,7.090000152587891,7.090000152587891,6.96999979019165,7.010000228881836,44900
2002-08-16,1.4990830421447754,7.139999866485596,7.150000095367432,7.010000228881836,7.099999904632568,61000
2002-08-19,1.4822863340377808,7.059999942779541,7.159999847412109,7.059999942779541,7.159999847412109,32300
2002-08-20,1.4906833171844482,7.099999904632568,7.159999847412109,7.059999942779541,7.059999942779541,86700
2002-08-21,1.4885848760604858,7.090000152587891,7.159999847412109,7.070000171661377,7.159999847412109,26900
2002-08-22,1.4948832988739014,7.119999885559082,7.170000076293945,7.070000171661377,7.130000114440918,69400
2002-08-23,1.5053818225860596,7.170000076293945,7.170000076293945,7.099999904632568,7.130000114440918,63600
2002-08-26,1.5389747619628906,7.329999923706055,7.340000152587891,7.130000114440918,7.230000019073486,78800
2002-08-27,1.517979621887207,7.230000019073486,7.329999923706055,7.079999923706055,7.300000190734863,81900
2002-08-28,1.4990830421447754,7.139999866485596,7.190000057220459,7.090000152587891,7.110000133514404,33000
2002-08-29,1.501182198524475,7.150000095367432,7.230000019073486,7.139999866485596,7.190000057220459,37900
2002-08-30,1.5200778245925903,7.239999771118164,7.239999771118164,7.130000114440918,7.230000019073486,44700
2002-09-03,1.5347756147384644,7.309999942779541,7.329999923706055,7.179999828338623,7.239999771118164,33000
2002-09-04,1.517979621887207,7.230000019073486,7.320000171661377,7.21999979019165,7.309999942779541,35700
2002-09-05,1.526376485824585,7.269999980926514,7.300000190734863,7.199999809265137,7.28000020980835,23900
2002-09-06,1.5221776962280273,7.25,7.300000190734863,7.199999809265137,7.269999980926514,39400
2002-09-09,1.5326749086380005,7.300000190734863,7.300000190734863,7.210000038146973,7.25,45100
2002-09-10,1.5254924297332764,7.21999979019165,7.300000190734863,7.210000038146973,7.289999961853027,37500
2002-09-11,1.5339431762695312,7.260000228881836,7.320000171661377,7.21999979019165,7.21999979019165,21300
2002-09-12,1.5276044607162476,7.230000019073486,7.309999942779541,7.190000057220459,7.309999942779541,36000
2002-09-13,1.521265983581543,7.199999809265137,7.260000228881836,7.119999885559082,7.199999809265137,26200
2002-09-16,1.5254924297332764,7.21999979019165,7.28000020980835,7.170000076293945,7.239999771118164,25800
2002-09-17,1.5402811765670776,7.289999961853027,7.289999961853027,7.150000095367432,7.199999809265137,82200
2002-09-18,1.5381687879562378,7.28000020980835,7.28000020980835,7.170000076293945,7.190000057220459,56400
2002-09-19,1.5318304300308228,7.25,7.289999961853027,7.119999885559082,7.28000020980835,69400
2002-09-20,1.5508458614349365,7.340000152587891,7.349999904632568,7.190000057220459,7.25,94800
2002-09-23,1.521265983581543,7.199999809265137,7.329999923706055,7.199999809265137,7.28000020980835,81800
2002-09-24,1.5170406103134155,7.179999828338623,7.25,7.170000076293945,7.199999809265137,63600
2002-09-25,1.5170406103134155,7.179999828338623,7.239999771118164,7.150000095367432,7.199999809265137,33800
2002-09-26,1.5128142833709717,7.159999847412109,7.199999809265137,7.090000152587891,7.179999828338623,50400
2002-09-27,1.5191525220870972,7.190000057220459,7.190000057220459,7.099999904632568,7.159999847412109,42000
2002-09-30,1.5043631792068481,7.119999885559082,7.190000057220459,7.070000171661377,7.190000057220459,59000
2002-10-01,1.491686463356018,7.059999942779541,7.130000114440918,7.039999961853027,7.130000114440918,66600
2002-10-02,1.5107008218765259,7.150000095367432,7.199999809265137,7.070000171661377,7.110000133514404,43300
2002-10-03,1.5297187566757202,7.239999771118164,7.25,7.099999904632568,7.099999904632568,37700
2002-10-04,1.5170406103134155,7.179999828338623,7.269999980926514,7.119999885559082,7.269999980926514,61500
2002-10-07,1.5085887908935547,7.139999866485596,7.199999809265137,7.079999923706055,7.199999809265137,59100
2002-10-08,1.5032737255096436,7.070000171661377,7.179999828338623,7.03000020980835,7.099999904632568,60200
2002-10-09,1.5075252056121826,7.090000152587891,7.139999866485596,7.0,7.070000171661377,75800
2002-10-10,1.4926416873931885,7.019999980926514,7.070000171661377,6.909999847412109,7.070000171661377,82900
2002-10-11,1.5096516609191895,7.099999904632568,7.119999885559082,7.0,7.070000171661377,54100
2002-10-14,1.511776328086853,7.110000133514404,7.110000133514404,6.96999979019165,7.059999942779541,39800
2002-10-15,1.5096516609191895,7.099999904632568,7.159999847412109,6.980000019073486,6.980000019073486,60300
2002-10-16,1.4990209341049194,7.050000190734863,7.159999847412109,7.050000190734863,7.159999847412109,47900
2002-10-17,1.4990209341049194,7.050000190734863,7.150000095367432,7.050000190734863,7.099999904632568,67400
2002-10-18,1.5181578397750854,7.139999866485596,7.179999828338623,7.050000190734863,7.139999866485596,85200
2002-10-21,1.5181578397750854,7.139999866485596,7.190000057220459,7.059999942779541,7.159999847412109,56500
2002-10-22,1.5181578397750854,7.139999866485596,7.190000057220459,7.110000133514404,7.139999866485596,69100
2002-10-23,1.5075252056121826,7.090000152587891,7.190000057220459,7.090000152587891,7.159999847412109,44000
2002-10-24,1.5054000616073608,7.079999923706055,7.190000057220459,7.070000171661377,7.099999904632568,61700
2002-10-25,1.5160305500030518,7.130000114440918,7.150000095367432,7.070000171661377,7.090000152587891,52800
2002-10-28,1.5181578397750854,7.139999866485596,7.150000095367432,7.039999961853027,7.150000095367432,33200
2002-10-29,1.4947680234909058,7.03000020980835,7.130000114440918,6.96999979019165,7.059999942779541,70600
2002-10-30,1.4883891344070435,7.0,7.099999904632568,7.0,7.03000020980835,53100
2002-10-31,1.5032737255096436,7.070000171661377,7.090000152587891,6.96999979019165,7.0,30400
2002-11-01,1.4862619638442993,6.989999771118164,7.099999904632568,6.980000019073486,7.099999904632568,43700
2002-11-04,1.4862619638442993,6.989999771118164,7.090000152587891,6.960000038146973,7.0,34500
2002-11-05,1.4798846244812012,6.960000038146973,7.059999942779541,6.949999809265137,7.0,45300
2002-11-06,1.4777579307556152,6.949999809265137,7.050000190734863,6.949999809265137,7.050000190734863,38700
2002-11-07,1.4766885042190552,6.900000095367432,7.010000228881836,6.860000133514404,6.860000133514404,58700
2002-11-08,1.4873892068862915,6.949999809265137,6.980000019073486,6.909999847412109,6.949999809265137,27500
2002-11-11,1.4873892068862915,6.949999809265137,7.010000228881836,6.909999847412109,6.929999828338623,62600
2002-11-12,1.5002292394638062,7.010000228881836,7.010000228881836,6.860000133514404,6.900000095367432,42100
2002-11-13,1.4681271314620972,6.860000133514404,7.010000228881836,6.860000133514404,7.0,47400
2002-11-14,1.4938087463378906,6.980000019073486,7.050000190734863,6.909999847412109,6.960000038146973,126500
2002-11-15,1.4852484464645386,6.940000057220459,7.0,6.889999866485596,7.0,59100
2002-11-18,1.4788281917572021,6.909999847412109,7.050000190734863,6.909999847412109,6.980000019073486,86400
2002-11-19,1.5152108669281006,7.079999923706055,7.079999923706055,6.929999828338623,7.010000228881836,89100
2002-11-20,1.521628737449646,7.110000133514404,7.130000114440918,7.010000228881836,7.079999923706055,205200
2002-11-21,1.5494519472122192,7.239999771118164,7.300000190734863,7.130000114440918,7.139999866485596,150300
2002-11-22,1.564432978630066,7.309999942779541,7.329999923706055,7.179999828338623,7.300000190734863,136400
2002-11-25,1.5943944454193115,7.449999809265137,7.489999771118164,7.320000171661377,7.360000133514404,198000
2002-11-26,1.587975025177002,7.420000076293945,7.440000057220459,7.309999942779541,7.400000095367432,117400
2002-11-27,1.5858337879180908,7.409999847412109,7.440000057220459,7.329999923706055,7.440000057220459,41400
2002-11-29,1.592254877090454,7.440000057220459,7.489999771118164,7.300000190734863,7.449999809265137,29000
2002-12-02,1.5836933851242065,7.400000095367432,7.489999771118164,7.340000152587891,7.489999771118164,103800
2002-12-03,1.6136575937271118,7.539999961853027,7.590000152587891,7.329999923706055,7.409999847412109,119400
2002-12-04,1.635057806968689,7.639999866485596,7.639999866485596,7.5,7.559999942779541,93900
2002-12-05,1.6264958381652832,7.599999904632568,7.78000020980835,7.53000020980835,7.579999923706055,127300
2002-12-06,1.6585988998413086,7.75,7.820000171661377,7.550000190734863,7.550000190734863,59500
2002-12-09,1.6032902002334595,7.449999809265137,7.650000095367432,7.449999809265137,7.550000190734863,97700
2002-12-10,1.6140514612197876,7.5,7.539999961853027,7.340000152587891,7.449999809265137,106800
2002-12-11,1.6463319063186646,7.650000095367432,7.650000095367432,7.5,7.550000190734863,80900
2002-12-12,1.6484843492507935,7.659999847412109,7.75,7.599999904632568,7.599999904632568,76900
2002-12-13,1.6764605045318604,7.789999961853027,7.789999961853027,7.550000190734863,7.670000076293945,104800
2002-12-16,1.639875054359436,7.619999885559082,7.809999942779541,7.519999980926514,7.730000019073486,85800
2002-12-17,1.6118979454040527,7.489999771118164,7.639999866485596,7.380000114440918,7.619999885559082,127700
2002-12-18,1.598986268043518,7.429999828338623,7.550000190734863,7.400000095367432,7.539999961853027,69400
2002-12-19,1.639875054359436,7.619999885559082,7.619999885559082,7.409999847412109,7.519999980926514,106100
2002-12-20,1.6420282125473022,7.630000114440918,7.690000057220459,7.480000019073486,7.599999904632568,84100
2002-12-23,1.620507001876831,7.53000020980835,7.639999866485596,7.53000020980835,7.599999904632568,43900
2002-12-24,1.635571837425232,7.599999904632568,7.650000095367432,7.519999980926514,7.650000095367432,40300
2002-12-26,1.6167426109313965,7.46999979019165,7.599999904632568,7.46999979019165,7.489999771118164,61400
2002-12-27,1.6427143812179565,7.590000152587891,7.590000152587891,7.449999809265137,7.46999979019165,102000
2002-12-30,1.636221170425415,7.559999942779541,7.610000133514404,7.510000228881836,7.510000228881836,80700
2002-12-31,1.6773426532745361,7.75,7.75,7.460000038146973,7.539999961853027,104300
2003-01-02,1.6578643321990967,7.659999847412109,7.699999809265137,7.559999942779541,7.670000076293945,53300
2003-01-03,1.6600275039672852,7.670000076293945,7.679999828338623,7.559999942779541,7.559999942779541,54000
2003-01-06,1.6665208339691162,7.699999809265137,7.710000038146973,7.599999904632568,7.599999904632568,65100
2003-01-07,1.683835506439209,7.78000020980835,7.78000020980835,7.619999885559082,7.650000095367432,64800
2003-01-08,1.6708496809005737,7.71999979019165,7.800000190734863,7.650000095367432,7.739999771118164,84600
2003-01-09,1.6730133295059204,7.730000019073486,7.849999904632568,7.710000038146973,7.800000190734863,125500
2003-01-10,1.7011512517929077,7.860000133514404,7.880000114440918,7.710000038146973,7.829999923706055,112800
2003-01-13,1.7119719982147217,7.909999847412109,7.909999847412109,7.760000228881836,7.849999904632568,90400
2003-01-14,1.7119719982147217,7.909999847412109,7.909999847412109,7.75,7.809999942779541,162300
2003-01-15,1.685999870300293,7.789999961853027,7.940000057220459,7.789999961853027,7.929999828338623,70000
2003-01-16,1.7098065614700317,7.900000095367432,7.940000057220459,7.789999961853027,7.869999885559082,89800
2003-01-17,1.722793459892273,7.960000038146973,7.960000038146973,7.789999961853027,7.900000095367432,60800
2003-01-21,1.718465805053711,7.940000057220459,7.989999771118164,7.900000095367432,7.909999847412109,76600
2003-01-22,1.718465805053711,7.940000057220459,7.989999771118164,7.869999885559082,7.909999847412109,71000
2003-01-23,1.7249573469161987,7.96999979019165,7.989999771118164,7.900000095367432,7.909999847412109,86200
2003-01-24,1.7292861938476562,7.989999771118164,8.020000457763672,7.920000076293945,7.980000019073486,92100
2003-01-27,1.7076441049575806,7.889999866485596,7.989999771118164,7.849999904632568,7.900000095367432,42600
2003-01-28,1.675177812576294,7.739999771118164,7.940000057220459,7.710000038146973,7.900000095367432,104500
2003-01-29,1.696822166442871,7.840000152587891,7.849999904632568,7.71999979019165,7.789999961853027,39500
2003-01-30,1.6989845037460327,7.849999904632568,7.949999809265137,7.849999904632568,7.889999866485596,105100
2003-01-31,1.7011512517929077,7.860000133514404,7.929999828338623,7.849999904632568,7.880000114440918,83300
2003-02-03,1.7206302881240845,7.949999809265137,7.949999809265137,7.860000133514404,7.909999847412109,63800
2003-02-04,1.7379426956176758,8.029999732971191,8.029999732971191,7.940000057220459,7.940000057220459,60900
2003-02-05,1.722793459892273,7.960000038146973,8.0,7.900000095367432,8.0,71500
2003-02-06,1.7119719982147217,7.909999847412109,8.0,7.880000114440918,8.0,109400
2003-02-07,1.7336146831512451,8.010000228881836,8.039999961853027,7.960000038146973,8.010000228881836,148900
2003-02-10,1.7401405572891235,8.0,8.050000190734863,8.0,8.010000228881836,117000
2003-02-11,1.7510172128677368,8.050000190734863,8.130000114440918,8.010000228881836,8.039999961853027,109600
2003-02-12,1.759716510772705,8.09000015258789,8.119999885559082,8.010000228881836,8.050000190734863,125300
2003-02-13,1.7401405572891235,8.0,8.069999694824219,7.929999828338623,8.069999694824219,82300
2003-02-14,1.7314401865005493,7.960000038146973,8.050000190734863,7.909999847412109,8.010000228881836,64300
2003-02-18,1.7444922924041748,8.020000457763672,8.079999923706055,7.920000076293945,8.0,54800
2003-02-19,1.733614444732666,7.96999979019165,8.039999961853027,7.949999809265137,8.020000457763672,85500
2003-02-20,1.7466652393341064,8.029999732971191,8.069999694824219,7.949999809265137,7.949999809265137,87100
2003-02-21,1.7662429809570312,8.119999885559082,8.149999618530273,7.980000019073486,8.039999961853027,70900
2003-02-24,1.7792922258377075,8.180000305175781,8.199999809265137,8.020000457763672,8.130000114440918,164100
2003-02-25,1.7575421333312988,8.079999923706055,8.1899995803833,8.079999923706055,8.180000305175781,126200
2003-02-26,1.759716510772705,8.09000015258789,8.149999618530273,8.029999732971191,8.079999923706055,44800
2003-02-27,1.7510172128677368,8.050000190734863,8.140000343322754,8.039999961853027,8.130000114440918,74200
2003-02-28,1.7357897758483887,7.980000019073486,8.119999885559082,7.96999979019165,8.109999656677246,70700
2003-03-03,1.7379649877548218,7.989999771118164,8.020000457763672,7.949999809265137,7.96999979019165,39900
2003-03-04,1.7314401865005493,7.960000038146973,8.010000228881836,7.920000076293945,7.920000076293945,94500
2003-03-05,1.7488404512405396,8.039999961853027,8.050000190734863,7.920000076293945,7.940000057220459,130600
2003-03-06,1.7466652393341064,8.029999732971191,8.069999694824219,7.960000038146973,8.0,80100
2003-03-07,1.7531909942626953,8.0600004196167,8.0600004196167,7.989999771118164,8.029999732971191,52700
2003-03-10,1.7582217454910278,8.039999961853027,8.0600004196167,8.0,8.029999732971191,53900
2003-03-11,1.7604084014892578,8.050000190734863,8.069999694824219,8.0,8.0600004196167,76700
2003-03-12,1.766967535018921,8.079999923706055,8.100000381469727,7.989999771118164,8.039999961853027,73600
2003-03-13,1.7516605854034424,8.010000228881836,8.079999923706055,8.010000228881836,8.079999923706055,79400
2003-03-14,1.7604084014892578,8.050000190734863,8.0600004196167,8.0,8.029999732971191,58100
2003-03-17,1.745100498199463,7.980000019073486,8.029999732971191,7.940000057220459,7.960000038146973,87300
2003-03-18,1.7582217454910278,8.039999961853027,8.039999961853027,7.929999828338623,7.989999771118164,76600
2003-03-19,1.7494734525680542,8.0,8.140000343322754,7.960000038146973,8.100000381469727,96800
2003-03-20,1.7713420391082764,8.100000381469727,8.100000381469727,8.010000228881836,8.010000228881836,96600
2003-03-21,1.7604084014892578,8.050000190734863,8.149999618530273,8.050000190734863,8.140000343322754,76500
2003-03-24,1.773529291152954,8.109999656677246,8.140000343322754,8.050000190734863,8.09000015258789,51500
2003-03-25,1.764782190322876,8.069999694824219,8.15999984741211,8.069999694824219,8.119999885559082,74600
2003-03-26,1.7997708320617676,8.229999542236328,8.25,8.0600004196167,8.130000114440918,129200
2003-03-27,1.8347607851028442,8.390000343322754,8.5,8.180000305175781,8.229999542236328,154500
2003-03-28,1.8369473218917847,8.399999618530273,8.4399995803833,8.300000190734863,8.430000305175781,125900
2003-03-31,1.8369473218917847,8.399999618530273,8.399999618530273,8.350000381469727,8.350000381469727,107300
2003-04-01,1.8391351699829102,8.40999984741211,8.479999542236328,8.399999618530273,8.399999618530273,99800
2003-04-02,1.8413227796554565,8.420000076293945,8.5,8.420000076293945,8.470000267028809,142600
2003-04-03,1.8544427156448364,8.479999542236328,8.520000457763672,8.420000076293945,8.520000457763672,95700
2003-04-04,1.8369473218917847,8.399999618530273,8.5,8.359999656677246,8.479999542236328,84700
2003-04-07,1.8478814363479614,8.449999809265137,8.529999732971191,8.329999923706055,8.5,112400
2003-04-08,1.830956220626831,8.329999923706055,8.399999618530273,8.289999961853027,8.380000114440918,115200
2003-04-09,1.8397479057312012,8.369999885559082,8.399999618530273,8.350000381469727,8.380000114440918,123400
2003-04-10,1.8683228492736816,8.5,8.5,8.350000381469727,8.390000343322754,75800
2003-04-11,1.8705204725265503,8.510000228881836,8.510000228881836,8.40999984741211,8.449999809265137,74000
2003-04-14,1.8683228492736816,8.5,8.640000343322754,8.460000038146973,8.600000381469727,104300
2003-04-15,1.8705204725265503,8.510000228881836,8.609999656677246,8.470000267028809,8.5,80100
2003-04-16,1.8749178647994995,8.529999732971191,8.600000381469727,8.520000457763672,8.569999694824219,59200
2003-04-17,1.8946987390518188,8.619999885559082,8.619999885559082,8.479999542236328,8.479999542236328,115800
2003-04-21,1.8705204725265503,8.510000228881836,8.670000076293945,8.470000267028809,8.670000076293945,124200
2003-04-22,1.8617284297943115,8.470000267028809,8.5600004196167,8.4399995803833,8.5600004196167,113800
2003-04-23,1.8859078884124756,8.579999923706055,8.600000381469727,8.460000038146973,8.470000267028809,82700
2003-04-24,1.90349280834198,8.65999984741211,8.680000305175781,8.539999961853027,8.59000015258789,98700
2003-04-25,1.905691146850586,8.670000076293945,8.729999542236328,8.579999923706055,8.680000305175781,119300
2003-04-28,1.905691146850586,8.670000076293945,8.75,8.630000114440918,8.710000038146973,77900
2003-04-29,1.9188776016235352,8.729999542236328,8.819999694824219,8.6899995803833,8.6899995803833,103200
2003-04-30,1.9298685789108276,8.779999732971191,8.779999732971191,8.649999618530273,8.729999542236328,83700
2003-05-01,1.9320656061172485,8.789999961853027,8.819999694824219,8.729999542236328,8.729999542236328,64700
2003-05-02,1.9496514797210693,8.869999885559082,8.930000305175781,8.739999771118164,8.739999771118164,106200
2003-05-05,1.9496514797210693,8.869999885559082,8.9399995803833,8.8100004196167,8.859999656677246,139700
2003-05-06,1.9100849628448486,8.6899995803833,8.920000076293945,8.65999984741211,8.819999694824219,138100
2003-05-07,1.863926649093628,8.479999542236328,8.6899995803833,8.399999618530273,8.59000015258789,244300
2003-05-08,1.8515547513961792,8.380000114440918,8.5,8.369999885559082,8.489999771118164,112500
2003-05-09,1.8736485242843628,8.479999542236328,8.5,8.380000114440918,8.380000114440918,88800
2003-05-12,1.8913236856460571,8.5600004196167,8.600000381469727,8.489999771118164,8.5,116100
2003-05-13,1.8736485242843628,8.479999542236328,8.619999885559082,8.470000267028809,8.579999923706055,96400
2003-05-14,1.8648113012313843,8.4399995803833,8.550000190734863,8.380000114440918,8.520000457763672,77500
2003-05-15,1.84934401512146,8.369999885559082,8.460000038146973,8.369999885559082,8.380000114440918,61000
2003-05-16,1.8670216798782349,8.449999809265137,8.449999809265137,8.359999656677246,8.420000076293945,72100
2003-05-19,1.8869060277938843,8.539999961853027,8.550000190734863,8.40999984741211,8.460000038146973,86200
2003-05-20,1.9156283140182495,8.670000076293945,8.670000076293945,8.550000190734863,8.550000190734863,98100
2003-05-21,1.8802765607833862,8.510000228881836,8.6899995803833,8.510000228881836,8.609999656677246,78000
2003-05-22,1.911210536956787,8.649999618530273,8.6899995803833,8.5,8.5,128800
2003-05-23,1.9045816659927368,8.619999885559082,8.729999542236328,8.619999885559082,8.699999809265137,118100
2003-05-27,1.911210536956787,8.649999618530273,8.789999961853027,8.619999885559082,8.699999809265137,110200
2003-05-28,1.9200491905212402,8.6899995803833,8.8100004196167,8.640000343322754,8.6899995803833,114900
2003-05-29,1.9178378582000732,8.680000305175781,8.760000228881836,8.649999618530273,8.720000267028809,98400
2003-05-30,1.9443511962890625,8.800000190734863,8.819999694824219,8.630000114440918,8.630000114440918,89100
2003-06-02,1.9664483070373535,8.899999618530273,8.930000305175781,8.8100004196167,8.819999694824219,101000
2003-06-03,1.9487711191177368,8.819999694824219,8.869999885559082,8.75,8.84000015258789,125400
2003-06-04,1.9841229915618896,8.979999542236328,8.979999542236328,8.819999694824219,8.819999694824219,105700
2003-06-05,1.997381567955017,9.039999961853027,9.09000015258789,8.869999885559082,8.949999809265137,137400
2003-06-06,1.9819146394729614,8.970000267028809,9.130000114440918,8.970000267028809,9.079999923706055,96700
2003-06-09,1.9739207029342651,8.890000343322754,9.029999732971191,8.850000381469727,8.960000038146973,134700
2003-06-10,1.9761416912078857,8.899999618530273,8.949999809265137,8.850000381469727,8.890000343322754,128100
2003-06-11,1.9672601222991943,8.859999656677246,8.9399995803833,8.789999961853027,8.899999618530273,79000
2003-06-12,1.940613865852356,8.739999771118164,8.890000343322754,8.720000267028809,8.869999885559082,134300
2003-06-13,1.920631766319275,8.649999618530273,8.8100004196167,8.609999656677246,8.789999961853027,148700
2003-06-16,1.9250712394714355,8.670000076293945,8.739999771118164,8.609999656677246,8.649999618530273,104400
2003-06-17,1.871781587600708,8.430000305175781,8.729999542236328,8.430000305175781,8.640000343322754,209800
2003-06-18,1.9139701128005981,8.619999885559082,8.670000076293945,8.489999771118164,8.550000190734863,91700
2003-06-19,1.9295140504837036,8.6899995803833,8.729999542236328,8.600000381469727,8.649999618530273,80100
2003-06-20,1.909529447555542,8.600000381469727,8.739999771118164,8.5600004196167,8.739999771118164,125100
2003-06-23,1.9628180265426636,8.84000015258789,8.84000015258789,8.5600004196167,8.5600004196167,114300
2003-06-24,1.9717013835906982,8.880000114440918,8.930000305175781,8.829999923706055,8.880000114440918,83400
2003-06-25,1.9872428178787231,8.949999809265137,8.970000267028809,8.8100004196167,8.850000381469727,66300
2003-06-26,2.0072274208068848,9.039999961853027,9.050000190734863,8.949999809265137,8.960000038146973,72800
2003-06-27,1.980582356452942,8.920000076293945,9.050000190734863,8.920000076293945,9.050000190734863,66000
2003-06-30,1.980582356452942,8.920000076293945,9.050000190734863,8.899999618530273,8.949999809265137,44300
2003-07-01,1.9983443021774292,9.0,9.029999732971191,8.9399995803833,9.020000457763672,99800
2003-07-02,1.9983443021774292,9.0,9.09000015258789,8.9399995803833,8.979999542236328,78000
2003-07-03,2.009446382522583,9.050000190734863,9.100000381469727,9.0,9.0,58300
2003-07-07,2.0161075592041016,9.079999923706055,9.140000343322754,8.979999542236328,9.100000381469727,96400
2003-07-08,2.012314558029175,9.020000457763672,9.09000015258789,8.979999542236328,9.029999732971191,102300
2003-07-09,2.021240234375,9.0600004196167,9.09000015258789,8.970000267028809,9.079999923706055,87300
2003-07-10,2.0056211948394775,8.989999771118164,9.0600004196167,8.869999885559082,9.0600004196167,69200
2003-07-11,1.9855443239212036,8.899999618530273,8.989999771118164,8.890000343322754,8.890000343322754,42000
2003-07-14,1.990005612373352,8.920000076293945,8.989999771118164,8.800000190734863,8.930000305175781,74000
2003-07-15,1.9855443239212036,8.899999618530273,8.989999771118164,8.720000267028809,8.930000305175781,90700
2003-07-16,2.0056211948394775,8.989999771118164,9.069999694824219,8.75,8.800000190734863,72300
2003-07-17,2.0301618576049805,9.100000381469727,9.15999984741211,9.010000228881836,9.069999694824219,68700
2003-07-18,2.01454758644104,9.029999732971191,9.140000343322754,9.020000457763672,9.050000190734863,37800
2003-07-21,2.0078539848327637,9.0,9.039999961853027,8.930000305175781,9.010000228881836,37800
2003-07-22,1.9922360181808472,8.930000305175781,9.050000190734863,8.850000381469727,9.029999732971191,80600
2003-07-23,1.965465784072876,8.8100004196167,9.0,8.789999961853027,9.0,98000
2003-07-24,1.9966987371444702,8.949999809265137,8.949999809265137,8.8100004196167,8.8100004196167,54900
2003-07-25,2.0167782306671143,9.039999961853027,9.039999961853027,8.859999656677246,8.859999656677246,71600
2003-07-28,1.9788516759872437,8.869999885559082,9.029999732971191,8.850000381469727,8.920000076293945,102100
2003-07-29,1.9632344245910645,8.800000190734863,8.869999885559082,8.75,8.869999885559082,82400
2003-07-30,1.9944685697555542,8.9399995803833,8.9399995803833,8.770000457763672,8.770000457763672,61000
2003-07-31,1.9966987371444702,8.949999809265137,8.960000038146973,8.850000381469727,8.850000381469727,63200
2003-08-01,2.0100865364074707,9.010000228881836,9.069999694824219,8.920000076293945,9.020000457763672,86000
2003-08-04,1.9989285469055176,8.960000038146973,9.0600004196167,8.949999809265137,9.050000190734863,59100
2003-08-05,1.990005612373352,8.920000076293945,9.09000015258789,8.920000076293945,9.020000457763672,61200
2003-08-06,2.0480117797851562,9.180000305175781,9.199999809265137,8.989999771118164,9.0,105600
2003-08-07,2.0105786323547363,8.970000267028809,9.140000343322754,8.970000267028809,9.029999732971191,105300
2003-08-08,2.0285096168518066,9.050000190734863,9.050000190734863,8.949999809265137,8.949999809265137,73700
2003-08-11,2.039717435836792,9.100000381469727,9.100000381469727,8.979999542236328,9.050000190734863,51100
2003-08-12,2.0352330207824707,9.079999923706055,9.140000343322754,9.0,9.020000457763672,35000
2003-08-13,2.0576493740081787,9.180000305175781,9.180000305175781,9.0,9.140000343322754,51800
2003-08-14,2.1629958152770996,9.649999618530273,9.649999618530273,9.119999885559082,9.1899995803833,355600
2003-08-15,2.0576493740081787,9.180000305175781,9.520000457763672,9.180000305175781,9.520000457763672,94300
2003-08-18,2.0285096168518066,9.050000190734863,9.25,9.0,9.1899995803833,109400
2003-08-19,2.0285096168518066,9.050000190734863,9.109999656677246,8.970000267028809,9.100000381469727,100300
2003-08-20,2.0285096168518066,9.050000190734863,9.180000305175781,9.050000190734863,9.050000190734863,100700
2003-08-21,2.032991647720337,9.069999694824219,9.199999809265137,9.039999961853027,9.100000381469727,61400
2003-08-22,2.032991647720337,9.069999694824219,9.199999809265137,9.020000457763672,9.100000381469727,85600
2003-08-25,2.0217857360839844,9.020000457763672,9.119999885559082,9.0,9.069999694824219,111100
2003-08-26,2.0083365440368652,8.960000038146973,9.020000457763672,8.920000076293945,9.020000457763672,102100
2003-08-27,2.0307514667510986,9.0600004196167,9.069999694824219,9.0,9.010000228881836,113100
2003-08-28,2.0464425086975098,9.130000114440918,9.140000343322754,9.020000457763672,9.020000457763672,71300
2003-08-29,2.039717435836792,9.100000381469727,9.130000114440918,9.039999961853027,9.130000114440918,58500
2003-09-02,2.039717435836792,9.100000381469727,9.140000343322754,9.050000190734863,9.100000381469727,77400
2003-09-03,2.050924301147461,9.149999618530273,9.220000267028809,9.109999656677246,9.140000343322754,68100
2003-09-04,2.0307514667510986,9.0600004196167,9.140000343322754,9.029999732971191,9.119999885559082,83900
2003-09-05,2.0576493740081787,9.180000305175781,9.1899995803833,9.0600004196167,9.100000381469727,64600
2003-09-08,2.06437349319458,9.210000038146973,9.260000228881836,9.180000305175781,9.180000305175781,58100
2003-09-09,2.0616726875305176,9.15999984741211,9.300000190734863,9.15999984741211,9.229999542236328,98600
2003-09-10,2.0369136333465576,9.050000190734863,9.119999885559082,9.0,9.100000381469727,88000
2003-09-11,2.0481679439544678,9.100000381469727,9.140000343322754,9.050000190734863,9.050000190734863,47400
2003-09-12,2.0594215393066406,9.149999618530273,9.180000305175781,9.079999923706055,9.100000381469727,48700
2003-09-15,2.0594215393066406,9.149999618530273,9.180000305175781,9.100000381469727,9.180000305175781,49800
2003-09-16,2.068424701690674,9.1899995803833,9.270000457763672,9.100000381469727,9.100000381469727,53900
2003-09-17,2.0639219284057617,9.170000076293945,9.1899995803833,9.119999885559082,9.1899995803833,74800
2003-09-18,2.054921865463257,9.130000114440918,9.180000305175781,9.09000015258789,9.170000076293945,104800
2003-09-19,2.0369136333465576,9.050000190734863,9.149999618530273,9.050000190734863,9.149999618530273,54700
2003-09-22,2.014406681060791,8.949999809265137,9.029999732971191,8.930000305175781,9.020000457763672,51400
2003-09-23,2.0076544284820557,8.920000076293945,9.010000228881836,8.899999618530273,8.949999809265137,59400
2003-09-24,1.9896479845046997,8.84000015258789,8.960000038146973,8.8100004196167,8.920000076293945,78400
2003-09-25,1.9806467294692993,8.800000190734863,8.869999885559082,8.75,8.850000381469727,84600
2003-09-26,1.985147476196289,8.819999694824219,8.869999885559082,8.75,8.800000190734863,47000
2003-09-29,1.998652696609497,8.880000114440918,8.960000038146973,8.819999694824219,8.819999694824219,39700
2003-09-30,2.025660753250122,9.0,9.020000457763672,8.899999618530273,8.899999618530273,68400
2003-10-01,2.0481679439544678,9.100000381469727,9.140000343322754,9.010000228881836,9.029999732971191,89100
2003-10-02,2.032412052154541,9.029999732971191,9.09000015258789,8.949999809265137,9.020000457763672,96800
2003-10-03,2.0234103202819824,8.989999771118164,9.0,8.930000305175781,8.960000038146973,33200
2003-10-06,2.0414140224456787,9.069999694824219,9.069999694824219,8.899999618530273,9.069999694824219,39300
2003-10-07,2.0639219284057617,9.170000076293945,9.170000076293945,9.069999694824219,9.100000381469727,32600
2003-10-08,2.070251941680908,9.15999984741211,9.25,9.0600004196167,9.149999618530273,73800
2003-10-09,2.063472032546997,9.130000114440918,9.199999809265137,9.119999885559082,9.180000305175781,76100
2003-10-10,2.0340893268585205,9.0,9.130000114440918,9.0,9.130000114440918,53200
2003-10-13,2.040869951248169,9.029999732971191,9.069999694824219,9.0,9.0,66800
2003-10-14,2.025049924850464,8.960000038146973,9.050000190734863,8.9399995803833,9.050000190734863,48200
2003-10-15,2.036350965499878,9.010000228881836,9.010000228881836,8.949999809265137,8.949999809265137,70900
2003-10-16,2.0499093532562256,9.069999694824219,9.140000343322754,9.010000228881836,9.010000228881836,55100
2003-10-17,2.065732002258301,9.140000343322754,9.149999618530273,9.069999694824219,9.130000114440918,39100
2003-10-20,2.0453901290893555,9.050000190734863,9.180000305175781,9.050000190734863,9.140000343322754,59600
2003-10-21,2.0725111961364746,9.170000076293945,9.180000305175781,9.020000457763672,9.079999923706055,51700
2003-10-22,2.063472032546997,9.130000114440918,9.180000305175781,9.0600004196167,9.170000076293945,50700
2003-10-23,2.0747711658477783,9.180000305175781,9.199999809265137,9.140000343322754,9.149999618530273,65900
2003-10-24,2.0905919075012207,9.25,9.25,9.1899995803833,9.229999542236328,40200
2003-10-27,2.0951130390167236,9.270000457763672,9.319999694824219,9.170000076293945,9.25,78500
2003-10-28,2.070251941680908,9.15999984741211,9.319999694824219,9.149999618530273,9.300000190734863,72600
2003-10-29,2.047651529312134,9.0600004196167,9.199999809265137,9.020000457763672,9.199999809265137,109700
2003-10-30,2.0566909313201904,9.100000381469727,9.149999618530273,9.0,9.100000381469727,54300
2003-10-31,2.063472032546997,9.130000114440918,9.149999618530273,9.050000190734863,9.069999694824219,46500
2003-11-03,2.0566909313201904,9.100000381469727,9.130000114440918,9.039999961853027,9.130000114440918,70900
2003-11-04,2.0499093532562256,9.069999694824219,9.149999618530273,9.069999694824219,9.100000381469727,60500
2003-11-05,2.054431200027466,9.09000015258789,9.239999771118164,9.069999694824219,9.130000114440918,83800
2003-11-06,2.070251941680908,9.15999984741211,9.1899995803833,9.0600004196167,9.09000015258789,57000
2003-11-07,2.0993027687072754,9.25,9.279999732971191,9.15999984741211,9.15999984741211,101900
2003-11-10,2.07206654548645,9.130000114440918,9.260000228881836,9.130000114440918,9.25,93700
2003-11-11,2.062990188598633,9.09000015258789,9.220000267028809,9.050000190734863,9.220000267028809,100500
2003-11-12,2.0516409873962402,9.039999961853027,9.119999885559082,9.020000457763672,9.109999656677246,81200
2003-11-13,2.0448336601257324,9.010000228881836,9.069999694824219,9.0,9.039999961853027,96500
2003-11-14,2.067528009414673,9.109999656677246,9.119999885559082,9.0,9.0,83400
2003-11-17,2.056180715560913,9.0600004196167,9.100000381469727,8.930000305175781,9.039999961853027,74300
2003-11-18,2.0539097785949707,9.050000190734863,9.0600004196167,8.949999809265137,8.970000267028809,47000
2003-11-19,2.0652565956115723,9.100000381469727,9.119999885559082,9.0,9.050000190734863,63900
2003-11-20,2.0607175827026367,9.079999923706055,9.149999618530273,9.039999961853027,9.149999618530273,58600
2003-11-21,2.0516409873962402,9.039999961853027,9.069999694824219,9.0,9.029999732971191,81800
2003-11-24,2.067528009414673,9.109999656677246,9.109999656677246,9.020000457763672,9.050000190734863,85100
2003-11-25,2.0697970390319824,9.119999885559082,9.119999885559082,9.079999923706055,9.109999656677246,38800
2003-11-26,2.0697970390319824,9.119999885559082,9.180000305175781,9.100000381469727,9.149999618530273,60400
2003-11-28,2.07206654548645,9.130000114440918,9.180000305175781,9.109999656677246,9.149999618530273,10000
2003-12-01,2.076605796813965,9.149999618530273,9.199999809265137,9.140000343322754,9.15999984741211,59700
2003-12-02,2.0539097785949707,9.050000190734863,9.149999618530273,9.050000190734863,9.079999923706055,46600
2003-12-03,2.056180715560913,9.0600004196167,9.100000381469727,9.050000190734863,9.0600004196167,63800
2003-12-04,2.0652565956115723,9.100000381469727,9.140000343322754,9.039999961853027,9.050000190734863,52100
2003-12-05,2.0697970390319824,9.119999885559082,9.130000114440918,9.069999694824219,9.119999885559082,55400
2003-12-08,2.0802793502807617,9.130000114440918,9.140000343322754,9.0600004196167,9.119999885559082,47200
2003-12-09,2.0620498657226562,9.050000190734863,9.130000114440918,9.050000190734863,9.09000015258789,45700
2003-12-10,2.0711658000946045,9.09000015258789,9.100000381469727,9.0600004196167,9.069999694824219,62600
2003-12-11,2.0711658000946045,9.09000015258789,9.130000114440918,9.050000190734863,9.09000015258789,76600
2003-12-12,2.0711658000946045,9.09000015258789,9.149999618530273,9.0600004196167,9.109999656677246,70800
2003-12-15,2.06660795211792,9.069999694824219,9.140000343322754,9.050000190734863,9.0600004196167,63000
2003-12-16,2.0711658000946045,9.09000015258789,9.149999618530273,9.069999694824219,9.079999923706055,76400
2003-12-17,2.1030640602111816,9.229999542236328,9.229999542236328,9.109999656677246,9.170000076293945,97100
2003-12-18,2.1121768951416016,9.270000457763672,9.270000457763672,9.180000305175781,9.180000305175781,76500
2003-12-19,2.1212923526763916,9.3100004196167,9.380000114440918,9.210000038146973,9.289999961853027,129900
2003-12-22,2.1212923526763916,9.3100004196167,9.489999771118164,9.300000190734863,9.40999984741211,87200
2003-12-23,2.107621669769287,9.25,9.430000305175781,9.199999809265137,9.380000114440918,57200
2003-12-24,2.130406379699707,9.350000381469727,9.4399995803833,9.289999961853027,9.34000015258789,42700
2003-12-26,2.1411569118499756,9.359999656677246,9.4399995803833,9.359999656677246,9.390000343322754,20800
2003-12-29,2.120570421218872,9.270000457763672,9.329999923706055,9.239999771118164,9.329999923706055,50400
2003-12-30,2.099980354309082,9.180000305175781,9.329999923706055,9.149999618530273,9.319999694824219,87400
2003-12-31,2.109131336212158,9.220000267028809,9.329999923706055,9.199999809265137,9.239999771118164,54600
2004-01-02,2.102269172668457,9.1899995803833,9.239999771118164,9.149999618530273,9.229999542236328,69600
2004-01-05,2.093118190765381,9.149999618530273,9.220000267028809,9.149999618530273,9.1899995803833,60100
2004-01-06,2.0954067707061768,9.15999984741211,9.220000267028809,9.149999618530273,9.220000267028809,76300
2004-01-07,2.0748167037963867,9.069999694824219,9.1899995803833,9.0600004196167,9.1899995803833,63400
2004-01-08,2.0793938636779785,9.09000015258789,9.170000076293945,9.029999732971191,9.029999732971191,116200
2004-01-09,2.0839693546295166,9.109999656677246,9.229999542236328,9.050000190734863,9.229999542236328,87900
2004-01-12,2.106844663619995,9.210000038146973,9.239999771118164,9.109999656677246,9.15999984741211,79600
2004-01-13,2.134294033050537,9.329999923706055,9.40999984741211,9.300000190734863,9.300000190734863,96700
2004-01-14,2.115994930267334,9.25,9.449999809265137,9.210000038146973,9.369999885559082,93300
2004-01-15,2.104557752609253,9.199999809265137,9.350000381469727,9.199999809265137,9.350000381469727,61000
2004-01-16,2.104557752609253,9.199999809265137,9.279999732971191,9.180000305175781,9.25,48800
2004-01-20,2.104557752609253,9.199999809265137,9.25,9.149999618530273,9.199999809265137,64800
2004-01-21,2.115994930267334,9.25,9.350000381469727,9.25,9.279999732971191,76000
2004-01-22,2.1274325847625732,9.300000190734863,9.319999694824219,9.229999542236328,9.300000190734863,50400
2004-01-23,2.104557752609253,9.199999809265137,9.449999809265137,9.119999885559082,9.399999618530273,120200
2004-01-26,2.093118190765381,9.149999618530273,9.220000267028809,9.109999656677246,9.149999618530273,189900
2004-01-27,2.07253098487854,9.0600004196167,9.149999618530273,9.020000457763672,9.149999618530273,85000
2004-01-28,2.0702412128448486,9.050000190734863,9.199999809265137,9.0,9.119999885559082,250000
2004-01-29,2.093118190765381,9.149999618530273,9.15999984741211,9.069999694824219,9.119999885559082,108700
2004-01-30,2.104557752609253,9.199999809265137,9.279999732971191,9.149999618530273,9.199999809265137,96900
2004-02-02,2.0885438919067383,9.130000114440918,9.239999771118164,9.109999656677246,9.239999771118164,56200
2004-02-03,2.090829849243164,9.140000343322754,9.199999809265137,9.119999885559082,9.180000305175781,94400
2004-02-04,2.099980354309082,9.180000305175781,9.1899995803833,9.130000114440918,9.170000076293945,77600
2004-02-05,2.0885438919067383,9.130000114440918,9.25,9.130000114440918,9.25,63200
2004-02-06,2.0954067707061768,9.15999984741211,9.279999732971191,9.109999656677246,9.229999542236328,101500
2004-02-09,2.1011464595794678,9.149999618530273,9.180000305175781,9.079999923706055,9.079999923706055,79800
2004-02-10,2.133296012878418,9.289999961853027,9.350000381469727,9.220000267028809,9.25,110400
2004-02-11,2.135590076446533,9.300000190734863,9.350000381469727,9.25,9.289999961853027,81500
2004-02-12,2.135590076446533,9.300000190734863,9.399999618530273,9.300000190734863,9.319999694824219,95800
2004-02-13,2.1700363159179688,9.449999809265137,9.449999809265137,9.319999694824219,9.369999885559082,98000
2004-02-17,2.163148880004883,9.420000076293945,9.470000267028809,9.350000381469727,9.4399995803833,103100
2004-02-18,2.133296012878418,9.289999961853027,9.449999809265137,9.270000457763672,9.420000076293945,92200
2004-02-19,2.1287038326263428,9.270000457763672,9.34000015258789,9.220000267028809,9.279999732971191,78000
2004-02-20,2.147073745727539,9.350000381469727,9.369999885559082,9.25,9.300000190734863,86200
2004-02-23,2.1401848793029785,9.319999694824219,9.430000305175781,9.289999961853027,9.430000305175781,98700
2004-02-24,2.1516671180725098,9.369999885559082,9.399999618530273,9.319999694824219,9.399999618530273,70100
2004-02-25,2.158555269241333,9.399999618530273,9.579999923706055,9.399999618530273,9.449999809265137,131300
2004-02-26,2.158555269241333,9.399999618530273,9.479999542236328,9.350000381469727,9.460000038146973,56500
2004-02-27,2.181518793106079,9.5,9.579999923706055,9.399999618530273,9.430000305175781,67500
2004-03-01,2.163148880004883,9.420000076293945,9.539999961853027,9.319999694824219,9.520000457763672,106800
2004-03-02,2.179222822189331,9.489999771118164,9.520000457763672,9.449999809265137,9.479999542236328,123700
2004-03-03,2.1264054775238037,9.260000228881836,9.510000228881836,9.260000228881836,9.5,145200
2004-03-04,2.1011464595794678,9.149999618530273,9.380000114440918,9.149999618530273,9.329999923706055,130900
2004-03-05,2.119518995285034,9.229999542236328,9.239999771118164,9.15999984741211,9.199999809265137,138200
2004-03-08,2.1250498294830322,9.220000267028809,9.25,9.149999618530273,9.149999618530273,59800
2004-03-09,2.1457927227020264,9.3100004196167,9.319999694824219,9.239999771118164,9.239999771118164,78200
2004-03-10,2.150402307510376,9.329999923706055,9.359999656677246,9.289999961853027,9.350000381469727,66900
2004-03-11,2.1527068614959717,9.34000015258789,9.399999618530273,9.300000190734863,9.380000114440918,74200
2004-03-12,2.143486738204956,9.300000190734863,9.34000015258789,9.229999542236328,9.34000015258789,63300
2004-03-15,2.150402307510376,9.329999923706055,9.40999984741211,9.25,9.289999961853027,65800
2004-03-16,2.127354621887207,9.229999542236328,9.449999809265137,9.229999542236328,9.399999618530273,116400
2004-03-17,2.1388771533966064,9.279999732971191,9.329999923706055,9.199999809265137,9.260000228881836,91400
2004-03-18,2.1296589374542236,9.239999771118164,9.350000381469727,9.210000038146973,9.210000038146973,41200
2004-03-19,2.1480987071990967,9.319999694824219,9.34000015258789,9.239999771118164,9.300000190734863,81400
2004-03-22,2.1527068614959717,9.34000015258789,9.430000305175781,9.25,9.369999885559082,77900
2004-03-23,2.1688389778137207,9.40999984741211,9.460000038146973,9.359999656677246,9.4399995803833,85400
2004-03-24,2.1711461544036865,9.420000076293945,9.489999771118164,9.420000076293945,9.470000267028809,95900
2004-03-25,2.175755739212036,9.4399995803833,9.539999961853027,9.399999618530273,9.479999542236328,90600
2004-03-26,2.1941921710968018,9.520000457763672,9.550000190734863,9.399999618530273,9.5,101700
2004-03-29,2.1895840167999268,9.5,9.550000190734863,9.479999542236328,9.539999961853027,67600
2004-03-30,2.1895840167999268,9.5,9.529999732971191,9.40999984741211,9.420000076293945,87700
2004-03-31,2.173450469970703,9.430000305175781,9.539999961853027,9.40999984741211,9.520000457763672,78700
2004-04-01,2.178060293197632,9.449999809265137,9.460000038146973,9.399999618530273,9.449999809265137,63400
2004-04-02,2.1826694011688232,9.470000267028809,9.520000457763672,9.390000343322754,9.470000267028809,108000
2004-04-05,2.247204303741455,9.75,9.75,9.40999984741211,9.470000267028809,171500
2004-04-06,2.304825782775879,10.0,10.029999732971191,9.5600004196167,9.720000267028809,144400
2004-04-07,2.2897915840148926,9.899999618530273,9.989999771118164,9.699999809265137,9.970000267028809,146400
2004-04-08,2.238907814025879,9.680000305175781,9.899999618530273,9.619999885559082,9.899999618530273,78400
2004-04-12,2.222716808319092,9.609999656677246,9.789999961853027,9.579999923706055,9.579999923706055,94300
2004-04-13,2.2180912494659424,9.59000015258789,9.850000381469727,9.510000228881836,9.710000038146973,93100
2004-04-14,2.1972758769989014,9.5,9.800000190734863,9.5,9.6899995803833,148700
2004-04-15,2.2620351314544678,9.779999732971191,9.800000190734863,9.520000457763672,9.600000381469727,160500
2004-04-16,2.2897915840148926,9.899999618530273,9.920000076293945,9.600000381469727,9.880000114440918,92700
2004-04-19,2.2828526496887207,9.869999885559082,10.039999961853027,9.800000190734863,9.949999809265137,128000
2004-04-20,2.2319676876068115,9.649999618530273,10.0,9.5,9.970000267028809,179700
2004-04-21,2.2897915840148926,9.899999618530273,9.899999618530273,9.520000457763672,9.6899995803833,122800
2004-04-22,2.208839178085327,9.550000190734863,9.979999542236328,9.550000190734863,9.979999542236328,304600
2004-04-23,2.208839178085327,9.550000190734863,9.699999809265137,9.550000190734863,9.670000076293945,182400
2004-04-26,2.227343797683716,9.630000114440918,9.739999771118164,9.529999732971191,9.5600004196167,209200
2004-04-27,2.222716808319092,9.609999656677246,9.739999771118164,9.5,9.699999809265137,165400
2004-04-28,2.2157788276672363,9.579999923706055,9.75,9.5,9.710000038146973,162600
2004-04-29,2.2296552658081055,9.640000343322754,9.65999984741211,9.539999961853027,9.65999984741211,150400
2004-04-30,2.2759151458740234,9.84000015258789,9.850000381469727,9.600000381469727,9.699999809265137,111900
2004-05-03,2.236595869064331,9.670000076293945,9.850000381469727,9.630000114440918,9.850000381469727,77800
2004-05-04,2.259722948074341,9.770000457763672,9.789999961853027,9.619999885559082,9.770000457763672,142200
2004-05-05,2.2759151458740234,9.84000015258789,9.84000015258789,9.670000076293945,9.819999694824219,144400
2004-05-06,2.2435340881347656,9.699999809265137,9.859999656677246,9.609999656677246,9.84000015258789,208200
2004-05-07,2.227343797683716,9.630000114440918,9.8100004196167,9.630000114440918,9.699999809265137,80200
2004-05-10,2.2310564517974854,9.609999656677246,9.6899995803833,9.59000015258789,9.670000076293945,111900
2004-05-11,2.2473092079162598,9.680000305175781,9.829999923706055,9.649999618530273,9.710000038146973,146400
2004-05-12,2.2217705249786377,9.569999694824219,9.84000015258789,9.569999694824219,9.829999923706055,165300
2004-05-13,2.217128276824951,9.550000190734863,9.739999771118164,9.550000190734863,9.710000038146973,137400
2004-05-14,2.1823043823242188,9.399999618530273,9.680000305175781,9.399999618530273,9.649999618530273,127500
2004-05-17,2.1706953048706055,9.350000381469727,9.479999542236328,9.34000015258789,9.430000305175781,122000
2004-05-18,2.1706953048706055,9.350000381469727,9.449999809265137,9.279999732971191,9.380000114440918,118500
2004-05-19,2.2124850749969482,9.529999732971191,9.59000015258789,9.460000038146973,9.460000038146973,107800
2004-05-20,2.1567676067352295,9.289999961853027,9.600000381469727,9.260000228881836,9.579999923706055,123500
2004-05-21,2.119619607925415,9.130000114440918,9.460000038146973,9.119999885559082,9.350000381469727,145700
2004-05-24,1.9965770244598389,8.600000381469727,9.329999923706055,8.600000381469727,9.329999923706055,192400
2004-05-25,2.119619607925415,9.130000114440918,9.149999618530273,8.800000190734863,8.800000190734863,131500
2004-05-26,2.094083309173584,9.020000457763672,9.270000457763672,8.960000038146973,9.130000114440918,139500
2004-05-27,2.152123212814331,9.270000457763672,9.270000457763672,9.050000190734863,9.079999923706055,79800
2004-05-28,2.1637327671051025,9.319999694824219,9.369999885559082,9.270000457763672,9.270000457763672,75500
2004-06-01,2.175340414047241,9.369999885559082,9.420000076293945,9.300000190734863,9.350000381469727,77200
2004-06-02,2.1706953048706055,9.350000381469727,9.420000076293945,9.289999961853027,9.390000343322754,69700
2004-06-03,2.1660523414611816,9.329999923706055,9.430000305175781,9.329999923706055,9.380000114440918,47200
2004-06-04,2.1776602268218994,9.380000114440918,9.40999984741211,9.329999923706055,9.399999618530273,61300
2004-06-07,2.175340414047241,9.369999885559082,9.449999809265137,9.34000015258789,9.359999656677246,73600
2004-06-08,2.1718456745147705,9.319999694824219,9.5,9.319999694824219,9.479999542236328,77000
2004-06-09,2.1998069286346436,9.4399995803833,9.470000267028809,9.390000343322754,9.40999984741211,111900
2004-06-10,2.213789224624634,9.5,9.550000190734863,9.460000038146973,9.479999542236328,82600
2004-06-14,2.1998069286346436,9.4399995803833,9.600000381469727,9.4399995803833,9.579999923706055,88000
2004-06-15,2.2067975997924805,9.470000267028809,9.579999923706055,9.4399995803833,9.539999961853027,77200
2004-06-16,2.181164503097534,9.359999656677246,9.520000457763672,9.329999923706055,9.470000267028809,90500
2004-06-17,2.1858253479003906,9.380000114440918,9.449999809265137,9.270000457763672,9.430000305175781,78400
2004-06-18,2.2161190509796143,9.510000228881836,9.579999923706055,9.479999542236328,9.479999542236328,90800
2004-06-21,2.1928160190582275,9.40999984741211,9.59000015258789,9.40999984741211,9.550000190734863,63100
2004-06-22,2.190485954284668,9.399999618530273,9.460000038146973,9.350000381469727,9.460000038146973,76000
2004-06-23,2.1928160190582275,9.40999984741211,9.5,9.40999984741211,9.479999542236328,67200
2004-06-24,2.181164503097534,9.359999656677246,9.460000038146973,9.319999694824219,9.460000038146973,96200
2004-06-25,2.213789224624634,9.5,9.520000457763672,9.40999984741211,9.470000267028809,99600
2004-06-28,2.2347617149353027,9.59000015258789,9.640000343322754,9.529999732971191,9.550000190734863,94400
2004-06-29,2.2044670581817627,9.460000038146973,9.59000015258789,9.390000343322754,9.539999961853027,97800
2004-06-30,2.2044670581817627,9.460000038146973,9.520000457763672,9.359999656677246,9.520000457763672,77000
2004-07-01,2.190485954284668,9.399999618530273,9.5600004196167,9.390000343322754,9.5600004196167,88700
2004-07-02,2.213789224624634,9.5,9.5,9.359999656677246,9.380000114440918,72900
2004-07-06,2.211458921432495,9.489999771118164,9.5,9.430000305175781,9.5,40300
2004-07-07,2.2161190509796143,9.510000228881836,9.5600004196167,9.4399995803833,9.449999809265137,70100
2004-07-08,2.2266428470611572,9.520000457763672,9.529999732971191,9.460000038146973,9.479999542236328,72500
2004-07-09,2.238337755203247,9.569999694824219,9.59000015258789,9.520000457763672,9.569999694824219,66500
2004-07-12,2.2336604595184326,9.550000190734863,9.630000114440918,9.550000190734863,9.579999923706055,91100
2004-07-13,2.214949369430542,9.470000267028809,9.579999923706055,9.420000076293945,9.579999923706055,70300
2004-07-14,2.2102715969085693,9.449999809265137,9.529999732971191,9.430000305175781,9.479999542236328,194100
2004-07-15,2.2009148597717285,9.40999984741211,9.479999542236328,9.369999885559082,9.449999809265137,57000
2004-07-16,2.207933187484741,9.4399995803833,9.489999771118164,9.380000114440918,9.4399995803833,55600
2004-07-19,2.2266428470611572,9.520000457763672,9.569999694824219,9.479999542236328,9.510000228881836,61700
2004-07-20,2.2032551765441895,9.420000076293945,9.550000190734863,9.40999984741211,9.529999732971191,80600
2004-07-21,2.1962368488311768,9.390000343322754,9.510000228881836,9.319999694824219,9.5,128600
2004-07-22,2.1868836879730225,9.350000381469727,9.420000076293945,9.3100004196167,9.420000076293945,56300
2004-07-23,2.2009148597717285,9.40999984741211,9.40999984741211,9.319999694824219,9.399999618530273,64000
2004-07-26,2.214949369430542,9.470000267028809,9.5,9.40999984741211,9.460000038146973,89600
2004-07-27,2.2243049144744873,9.510000228881836,9.550000190734863,9.460000038146973,9.510000228881836,73400
2004-07-28,2.1892218589782715,9.359999656677246,9.550000190734863,9.359999656677246,9.539999961853027,147200
2004-07-29,2.1892218589782715,9.359999656677246,9.430000305175781,9.34000015258789,9.430000305175781,78400
2004-07-30,2.2032551765441895,9.420000076293945,9.430000305175781,9.390000343322754,9.399999618530273,28400
2004-08-02,2.217287540435791,9.479999542236328,9.510000228881836,9.449999809265137,9.5,94500
2004-08-03,2.214949369430542,9.470000267028809,9.5,9.420000076293945,9.5,42800
2004-08-04,2.214949369430542,9.470000267028809,9.510000228881836,9.449999809265137,9.470000267028809,63800
2004-08-05,2.2336604595184326,9.550000190734863,9.550000190734863,9.489999771118164,9.510000228881836,59500
2004-08-06,2.2243049144744873,9.510000228881836,9.619999885559082,9.510000228881836,9.600000381469727,70000
2004-08-09,2.2139761447906494,9.430000305175781,9.569999694824219,9.420000076293945,9.550000190734863,85600
2004-08-10,2.204583168029785,9.390000343322754,9.449999809265137,9.359999656677246,9.430000305175781,49100
2004-08-11,2.216322183609009,9.4399995803833,9.5,9.399999618530273,9.4399995803833,68800
2004-08-12,2.21867036819458,9.449999809265137,9.479999542236328,9.420000076293945,9.430000305175781,35300
2004-08-13,2.216322183609009,9.4399995803833,9.569999694824219,9.430000305175781,9.510000228881836,104900
2004-08-16,2.2210190296173096,9.460000038146973,9.470000267028809,9.40999984741211,9.460000038146973,32800
2004-08-17,2.19988751411438,9.369999885559082,9.479999542236328,9.369999885559082,9.479999542236328,63400
2004-08-18,2.1904990673065186,9.329999923706055,9.40999984741211,9.329999923706055,9.369999885559082,66600
2004-08-19,2.176409959793091,9.270000457763672,9.40999984741211,9.270000457763672,9.350000381469727,100800
2004-08-20,2.1975393295288086,9.359999656677246,9.359999656677246,9.289999961853027,9.319999694824219,60500
2004-08-23,2.211627721786499,9.420000076293945,9.420000076293945,9.25,9.380000114440918,147900
2004-08-24,2.253887176513672,9.600000381469727,9.600000381469727,9.369999885559082,9.40999984741211,191100
2004-08-25,2.2421491146087646,9.550000190734863,9.640000343322754,9.489999771118164,9.600000381469727,132800
2004-08-26,2.232757329940796,9.510000228881836,9.649999618530273,9.5,9.59000015258789,84500
2004-08-27,2.2609310150146484,9.630000114440918,9.649999618530273,9.550000190734863,9.5600004196167,90300
2004-08-30,2.2351040840148926,9.520000457763672,9.65999984741211,9.5,9.65999984741211,83400
2004-08-31,2.2280631065368652,9.489999771118164,9.699999809265137,9.460000038146973,9.569999694824219,128800
2004-09-01,2.2351040840148926,9.520000457763672,9.59000015258789,9.489999771118164,9.529999732971191,93100
2004-09-02,2.2374534606933594,9.529999732971191,9.59000015258789,9.489999771118164,9.5600004196167,71500
2004-09-03,2.2351040840148926,9.520000457763672,9.5600004196167,9.479999542236328,9.539999961853027,47200
2004-09-07,2.246843099594116,9.569999694824219,9.59000015258789,9.529999732971191,9.5600004196167,45900
2004-09-08,2.248495101928711,9.539999961853027,9.609999656677246,9.520000457763672,9.600000381469727,61100
2004-09-09,2.236710548400879,9.489999771118164,9.609999656677246,9.489999771118164,9.609999656677246,58400
2004-09-10,2.246138334274292,9.529999732971191,9.550000190734863,9.479999542236328,9.539999961853027,51600
2004-09-13,2.246138334274292,9.529999732971191,9.609999656677246,9.5,9.520000457763672,56900
2004-09-14,2.2508506774902344,9.550000190734863,9.630000114440918,9.520000457763672,9.630000114440918,84200
2004-09-15,2.2343525886535645,9.479999542236328,9.569999694824219,9.479999542236328,9.5600004196167,75100
2004-09-16,2.2390658855438232,9.5,9.520000457763672,9.460000038146973,9.510000228881836,58500
2004-09-17,2.246138334274292,9.529999732971191,9.579999923706055,9.470000267028809,9.539999961853027,87400
2004-09-20,2.2508506774902344,9.550000190734863,9.630000114440918,9.5,9.630000114440918,88200
2004-09-21,2.2414236068725586,9.510000228881836,9.609999656677246,9.5,9.600000381469727,86600
2004-09-22,2.2414236068725586,9.510000228881836,9.609999656677246,9.510000228881836,9.539999961853027,134900
2004-09-23,2.2272820472717285,9.449999809265137,9.569999694824219,9.449999809265137,9.470000267028809,94000
2004-09-24,2.2131402492523193,9.390000343322754,9.520000457763672,9.319999694824219,9.520000457763672,65900
2004-09-27,2.2154979705810547,9.399999618530273,9.489999771118164,9.390000343322754,9.489999771118164,76700
2004-09-28,2.1966423988342285,9.319999694824219,9.430000305175781,9.300000190734863,9.420000076293945,79400
2004-09-29,2.199000120162964,9.329999923706055,9.390000343322754,9.3100004196167,9.380000114440918,89200
2004-09-30,2.2107834815979004,9.380000114440918,9.390000343322754,9.3100004196167,9.350000381469727,58700
2004-10-01,2.2060675621032715,9.359999656677246,9.390000343322754,9.34000015258789,9.390000343322754,35900
2004-10-04,2.2037127017974854,9.350000381469727,9.380000114440918,9.34000015258789,9.380000114440918,45700
2004-10-05,2.199000120162964,9.329999923706055,9.449999809265137,9.289999961853027,9.449999809265137,75100
2004-10-06,2.201357126235962,9.34000015258789,9.350000381469727,9.329999923706055,9.34000015258789,33400
2004-10-07,2.195676326751709,9.279999732971191,9.329999923706055,9.270000457763672,9.329999923706055,51300
2004-10-08,2.2004082202911377,9.300000190734863,9.329999923706055,9.25,9.319999694824219,60300
2004-10-11,2.195676326751709,9.279999732971191,9.329999923706055,9.260000228881836,9.300000190734863,46200
2004-10-12,2.1885805130004883,9.25,9.300000190734863,9.25,9.279999732971191,48600
2004-10-13,2.183847665786743,9.229999542236328,9.279999732971191,9.220000267028809,9.260000228881836,55300
2004-10-14,2.1743836402893066,9.1899995803833,9.25,9.1899995803833,9.199999809265137,41400
2004-10-15,2.164919376373291,9.149999618530273,9.170000076293945,9.109999656677246,9.170000076293945,91400
2004-10-18,2.15545392036438,9.109999656677246,9.1899995803833,9.100000381469727,9.1899995803833,57400
2004-10-19,2.160186290740967,9.130000114440918,9.140000343322754,9.079999923706055,9.140000343322754,39100
2004-10-20,2.15545392036438,9.109999656677246,9.180000305175781,9.079999923706055,9.180000305175781,84100
2004-10-21,2.1530892848968506,9.100000381469727,9.119999885559082,9.069999694824219,9.109999656677246,42700
2004-10-22,2.1365268230438232,9.029999732971191,9.109999656677246,9.029999732971191,9.0600004196167,83800
2004-10-25,2.1294281482696533,9.0,9.0600004196167,9.0,9.050000190734863,52600
2004-10-26,2.1246960163116455,8.979999542236328,9.050000190734863,8.930000305175781,9.029999732971191,107100
2004-10-27,2.1246960163116455,8.979999542236328,9.020000457763672,8.930000305175781,9.020000457763672,88300
2004-10-28,2.119964599609375,8.960000038146973,8.989999771118164,8.899999618530273,8.989999771118164,92700
2004-10-29,2.115231990814209,8.9399995803833,9.0,8.890000343322754,8.989999771118164,52300
2004-11-01,2.117598533630371,8.949999809265137,8.970000267028809,8.930000305175781,8.930000305175781,54400
2004-11-02,2.1223301887512207,8.970000267028809,9.0,8.90999984741211,8.949999809265137,106900
2004-11-03,2.112865686416626,8.930000305175781,8.979999542236328,8.920000076293945,8.979999542236328,57800
2004-11-04,2.117598533630371,8.949999809265137,9.010000228881836,8.90999984741211,9.010000228881836,80800
2004-11-05,2.103402853012085,8.890000343322754,8.9399995803833,8.869999885559082,8.920000076293945,78500
2004-11-08,2.0881969928741455,8.789999961853027,8.899999618530273,8.760000228881836,8.84000015258789,113900
2004-11-09,2.1072020530700684,8.869999885559082,8.899999618530273,8.720000267028809,8.819999694824219,166200
2004-11-10,2.0976996421813965,8.829999923706055,8.9399995803833,8.819999694824219,8.850000381469727,86600
2004-11-11,2.1190803050994873,8.920000076293945,8.930000305175781,8.800000190734863,8.819999694824219,104200
2004-11-12,2.1190803050994873,8.920000076293945,8.960000038146973,8.869999885559082,8.869999885559082,64100
2004-11-15,2.1262083053588867,8.949999809265137,8.970000267028809,8.90999984741211,8.9399995803833,63000
2004-11-16,2.1357100009918213,8.989999771118164,9.020000457763672,8.90999984741211,8.989999771118164,90400
2004-11-17,2.1547157764434814,9.069999694824219,9.09000015258789,9.050000190734863,9.09000015258789,80400
2004-11-18,2.149965286254883,9.050000190734863,9.140000343322754,9.0,9.100000381469727,76300
2004-11-19,2.1547157764434814,9.069999694824219,9.119999885559082,9.039999961853027,9.100000381469727,46000
2004-11-22,2.1333353519439697,8.979999542236328,9.119999885559082,8.960000038146973,9.109999656677246,61600
2004-11-23,2.128584384918213,8.960000038146973,9.0,8.920000076293945,9.0,55100
2004-11-24,2.1214566230773926,8.930000305175781,8.979999542236328,8.800000190734863,8.970000267028809,113000
2004-11-26,2.1262083053588867,8.949999809265137,8.979999542236328,8.930000305175781,8.930000305175781,33000
2004-11-29,2.0976996421813965,8.829999923706055,8.9399995803833,8.779999732971191,8.819999694824219,112600
2004-11-30,2.066816568374634,8.699999809265137,8.829999923706055,8.65999984741211,8.729999542236328,166300
2004-12-01,2.050187349319458,8.630000114440918,8.779999732971191,8.619999885559082,8.640000343322754,126800
2004-12-02,2.0454354286193848,8.609999656677246,8.65999984741211,8.550000190734863,8.619999885559082,101000
2004-12-03,2.0454354286193848,8.609999656677246,8.609999656677246,8.510000228881836,8.510000228881836,104400
2004-12-06,2.0311825275421143,8.550000190734863,8.600000381469727,8.479999542236328,8.539999961853027,170900
2004-12-07,2.012176990509033,8.470000267028809,8.550000190734863,8.430000305175781,8.510000228881836,131600
2004-12-08,2.0520248413085938,8.600000381469727,8.630000114440918,8.460000038146973,8.5,202100
2004-12-09,2.054409980773926,8.609999656677246,8.649999618530273,8.520000457763672,8.520000457763672,137300
2004-12-10,2.061570644378662,8.640000343322754,8.680000305175781,8.550000190734863,8.550000190734863,150500
2004-12-13,2.0639545917510986,8.649999618530273,8.680000305175781,8.609999656677246,8.619999885559082,85200
2004-12-14,2.061570644378662,8.640000343322754,8.6899995803833,8.609999656677246,8.6899995803833,86700
2004-12-15,2.056795835494995,8.619999885559082,8.65999984741211,8.449999809265137,8.550000190734863,159100
2004-12-16,2.037708044052124,8.539999961853027,8.609999656677246,8.399999618530273,8.550000190734863,133900
2004-12-17,2.056795835494995,8.619999885559082,8.619999885559082,8.510000228881836,8.5600004196167,76100
2004-12-20,2.059182643890381,8.630000114440918,8.65999984741211,8.5600004196167,8.579999923706055,148300
2004-12-21,2.0949745178222656,8.779999732971191,8.779999732971191,8.600000381469727,8.619999885559082,111500
2004-12-22,2.071112632751465,8.680000305175781,8.770000457763672,8.670000076293945,8.729999542236328,139300
2004-12-23,2.0925889015197754,8.770000457763672,8.770000457763672,8.670000076293945,8.710000038146973,123900
2004-12-27,2.090200901031494,8.760000228881836,8.800000190734863,8.729999542236328,8.729999542236328,92600
2004-12-28,2.1045846939086914,8.779999732971191,8.829999923706055,8.710000038146973,8.720000267028809,99100
2004-12-29,2.0878047943115234,8.710000038146973,8.829999923706055,8.6899995803833,8.819999694824219,119400
2004-12-30,2.073422908782959,8.649999618530273,8.75,8.579999923706055,8.6899995803833,127900
2004-12-31,2.092599391937256,8.729999542236328,8.729999542236328,8.59000015258789,8.699999809265137,88100
2005-01-03,2.0782179832458496,8.670000076293945,8.729999542236328,8.640000343322754,8.680000305175781,47000
2005-01-04,2.0758190155029297,8.65999984741211,8.6899995803833,8.569999694824219,8.630000114440918,101800
2005-01-05,2.083010673522949,8.6899995803833,8.699999809265137,8.5600004196167,8.649999618530273,81300
2005-01-06,2.0949959754943848,8.739999771118164,8.760000228881836,8.65999984741211,8.65999984741211,79600
2005-01-07,2.1021881103515625,8.770000457763672,8.779999732971191,8.670000076293945,8.680000305175781,91200
2005-01-10,2.1045846939086914,8.779999732971191,8.819999694824219,8.6899995803833,8.6899995803833,84100
2005-01-11,2.1189656257629395,8.84000015258789,8.850000381469727,8.770000457763672,8.770000457763672,62200
2005-01-12,2.133347272872925,8.899999618530273,8.930000305175781,8.829999923706055,8.829999923706055,90700
2005-01-13,2.1285533905029297,8.880000114440918,8.960000038146973,8.880000114440918,8.9399995803833,63300
2005-01-14,2.1405386924743652,8.930000305175781,8.979999542236328,8.859999656677246,8.859999656677246,81300
2005-01-18,2.123760223388672,8.859999656677246,8.979999542236328,8.859999656677246,8.979999542236328,80400
2005-01-19,2.1285533905029297,8.880000114440918,8.9399995803833,8.850000381469727,8.859999656677246,71800
2005-01-20,2.123760223388672,8.859999656677246,8.899999618530273,8.819999694824219,8.859999656677246,88400
2005-01-21,2.133347272872925,8.899999618530273,8.949999809265137,8.859999656677246,8.859999656677246,65400
2005-01-24,2.1525230407714844,8.979999542236328,8.979999542236328,8.880000114440918,8.920000076293945,57600
2005-01-25,2.162111282348633,9.020000457763672,9.09000015258789,8.930000305175781,8.979999542236328,93400
2005-01-26,2.169304132461548,9.050000190734863,9.079999923706055,8.960000038146973,8.960000038146973,81000
2005-01-27,2.17649507522583,9.079999923706055,9.149999618530273,8.960000038146973,8.970000267028809,72900
2005-01-28,2.17649507522583,9.079999923706055,9.130000114440918,9.039999961853027,9.0600004196167,85000
2005-01-31,2.1740965843200684,9.069999694824219,9.119999885559082,9.029999732971191,9.0600004196167,43000
2005-02-01,2.1740965843200684,9.069999694824219,9.109999656677246,9.029999732971191,9.0600004196167,60100
2005-02-02,2.178893566131592,9.09000015258789,9.130000114440918,9.050000190734863,9.050000190734863,84600
2005-02-03,2.162111282348633,9.020000457763672,9.149999618530273,8.989999771118164,9.149999618530273,77700
2005-02-04,2.1932730674743652,9.149999618530273,9.149999618530273,9.010000228881836,9.069999694824219,47000
2005-02-07,2.1812870502471924,9.100000381469727,9.180000305175781,9.09000015258789,9.15999984741211,64700
2005-02-08,2.191401720046997,9.100000381469727,9.130000114440918,9.050000190734863,9.050000190734863,73300
2005-02-09,2.181771993637085,9.0600004196167,9.119999885559082,9.050000190734863,9.119999885559082,58600
2005-02-10,2.167320966720581,9.0,9.100000381469727,9.0,9.039999961853027,76200
2005-02-11,2.1649134159088135,8.989999771118164,8.989999771118164,8.869999885559082,8.880000114440918,101800
2005-02-14,2.1528713703155518,8.9399995803833,9.010000228881836,8.90999984741211,9.010000228881836,54500
2005-02-15,2.1576879024505615,8.960000038146973,8.979999542236328,8.899999618530273,8.899999618530273,70200
2005-02-16,2.1649134159088135,8.989999771118164,8.989999771118164,8.930000305175781,8.960000038146973,63200
2005-02-17,2.179361581802368,9.050000190734863,9.050000190734863,8.949999809265137,8.949999809265137,64400
2005-02-18,2.1625044345855713,8.979999542236328,9.010000228881836,8.9399995803833,9.0,59700
2005-02-22,2.1600983142852783,8.970000267028809,9.0,8.930000305175781,8.960000038146973,64100
2005-02-23,2.1432392597198486,8.899999618530273,8.970000267028809,8.859999656677246,8.970000267028809,69500
2005-02-24,2.1576879024505615,8.960000038146973,8.979999542236328,8.880000114440918,8.890000343322754,55400
2005-02-25,2.172138214111328,9.020000457763672,9.069999694824219,8.970000267028809,8.979999542236328,116200
2005-02-28,2.1962175369262695,9.119999885559082,9.119999885559082,9.020000457763672,9.050000190734863,83800
2005-03-01,2.1962175369262695,9.119999885559082,9.15999984741211,9.0600004196167,9.0600004196167,109700
2005-03-02,2.186586380004883,9.079999923706055,9.149999618530273,9.0600004196167,9.130000114440918,67100
2005-03-03,2.191401720046997,9.100000381469727,9.130000114440918,9.0600004196167,9.0600004196167,70400
2005-03-04,2.2154839038848877,9.199999809265137,9.210000038146973,9.100000381469727,9.100000381469727,101000
2005-03-07,2.205326557159424,9.119999885559082,9.1899995803833,9.09000015258789,9.130000114440918,75000
2005-03-08,2.2004899978637695,9.100000381469727,9.15999984741211,9.100000381469727,9.100000381469727,63100
2005-03-09,2.205326557159424,9.119999885559082,9.140000343322754,9.0600004196167,9.069999694824219,77800
2005-03-10,2.2004899978637695,9.100000381469727,9.149999618530273,9.069999694824219,9.100000381469727,74000
2005-03-11,2.1642184257507324,8.949999809265137,9.100000381469727,8.930000305175781,9.079999923706055,109100
2005-03-14,2.1521294116973877,8.899999618530273,9.0,8.880000114440918,8.949999809265137,50100
2005-03-15,2.1327834129333496,8.819999694824219,8.949999809265137,8.819999694824219,8.899999618530273,115300
2005-03-16,2.1400389671325684,8.850000381469727,8.890000343322754,8.760000228881836,8.8100004196167,104200
2005-03-17,2.142456293106079,8.859999656677246,8.90999984741211,8.760000228881836,8.779999732971191,66200
2005-03-18,2.1327834129333496,8.819999694824219,8.859999656677246,8.760000228881836,8.800000190734863,58900
2005-03-21,2.069912910461426,8.5600004196167,8.819999694824219,8.5,8.800000190734863,164700
2005-03-22,2.055403470993042,8.5,8.609999656677246,8.460000038146973,8.460000038146973,111300
2005-03-23,2.0215506553649902,8.359999656677246,8.470000267028809,8.279999732971191,8.4399995803833,136500
2005-03-24,2.016714334487915,8.34000015258789,8.380000114440918,8.170000076293945,8.170000076293945,127700
2005-03-28,1.9973702430725098,8.260000228881836,8.369999885559082,8.210000038146973,8.329999923706055,131200
2005-03-29,2.0094587802886963,8.3100004196167,8.350000381469727,8.180000305175781,8.199999809265137,92600
2005-03-30,2.0360589027404785,8.420000076293945,8.420000076293945,8.279999732971191,8.300000190734863,68700
2005-03-31,2.055403470993042,8.5,8.5,8.369999885559082,8.380000114440918,57600
2005-04-01,2.0505688190460205,8.479999542236328,8.529999732971191,8.430000305175781,8.460000038146973,49300
2005-04-04,2.0578227043151855,8.510000228881836,8.529999732971191,8.460000038146973,8.470000267028809,31800
2005-04-05,2.0578227043151855,8.510000228881836,8.5600004196167,8.420000076293945,8.520000457763672,88900
2005-04-06,2.069912910461426,8.5600004196167,8.600000381469727,8.449999809265137,8.489999771118164,59900
2005-04-07,2.057523727416992,8.470000267028809,8.520000457763672,8.4399995803833,8.479999542236328,42000
2005-04-08,2.040520429611206,8.399999618530273,8.520000457763672,8.380000114440918,8.460000038146973,55600
2005-04-11,2.008941411972046,8.270000457763672,8.449999809265137,8.270000457763672,8.350000381469727,99200
2005-04-12,2.047807216644287,8.430000305175781,8.4399995803833,8.279999732971191,8.279999732971191,80500
2005-04-13,2.0283737182617188,8.350000381469727,8.479999542236328,8.329999923706055,8.430000305175781,60900
2005-04-14,2.016228199005127,8.300000190734863,8.359999656677246,8.279999732971191,8.319999694824219,67500
2005-04-15,2.0210866928100586,8.319999694824219,8.350000381469727,8.1899995803833,8.279999732971191,84700
2005-04-18,2.0210866928100586,8.319999694824219,8.4399995803833,8.260000228881836,8.270000457763672,65900
2005-04-19,2.0429487228393555,8.40999984741211,8.460000038146973,8.3100004196167,8.3100004196167,84500
2005-04-20,2.0283737182617188,8.350000381469727,8.430000305175781,8.34000015258789,8.430000305175781,68100
2005-04-21,2.0332322120666504,8.369999885559082,8.390000343322754,8.270000457763672,8.350000381469727,44300
2005-04-22,2.013798475265503,8.289999961853027,8.329999923706055,8.279999732971191,8.300000190734863,85600
2005-04-25,2.018657922744751,8.3100004196167,8.350000381469727,8.279999732971191,8.289999961853027,45700
2005-04-26,2.013798475265503,8.289999961853027,8.319999694824219,8.260000228881836,8.319999694824219,48400
2005-04-27,2.018657922744751,8.3100004196167,8.34000015258789,8.229999542236328,8.279999732971191,113000
2005-04-28,2.016228199005127,8.300000190734863,8.350000381469727,8.279999732971191,8.300000190734863,52500
2005-04-29,2.0283737182617188,8.350000381469727,8.359999656677246,8.300000190734863,8.300000190734863,51800
2005-05-02,2.040520429611206,8.399999618530273,8.399999618530273,8.319999694824219,8.350000381469727,51400
2005-05-03,2.0259451866149902,8.34000015258789,8.369999885559082,8.300000190734863,8.3100004196167,38800
2005-05-04,2.0429487228393555,8.40999984741211,8.40999984741211,8.3100004196167,8.3100004196167,63000
2005-05-05,2.008941411972046,8.270000457763672,8.390000343322754,8.270000457763672,8.350000381469727,79200
2005-05-06,2.0113706588745117,8.279999732971191,8.300000190734863,8.220000267028809,8.270000457763672,61400
2005-05-09,2.00624418258667,8.220000267028809,8.279999732971191,8.180000305175781,8.279999732971191,40700
2005-05-10,1.9891597032546997,8.149999618530273,8.220000267028809,8.130000114440918,8.170000076293945,48600
2005-05-11,1.9745142459869385,8.09000015258789,8.199999809265137,8.0,8.1899995803833,164600
2005-05-12,1.96963369846344,8.069999694824219,8.109999656677246,8.039999961853027,8.09000015258789,108900
2005-05-13,1.9647514820098877,8.050000190734863,8.100000381469727,8.029999732971191,8.100000381469727,76400
2005-05-16,1.96963369846344,8.069999694824219,8.079999923706055,8.010000228881836,8.050000190734863,58600
2005-05-17,1.9623125791549683,8.039999961853027,8.079999923706055,7.980000019073486,8.0600004196167,136000
2005-05-18,1.947668194770813,7.980000019073486,8.029999732971191,7.949999809265137,8.010000228881836,123800
2005-05-19,1.9305826425552368,7.909999847412109,7.929999828338623,7.860000133514404,7.909999847412109,137600
2005-05-20,1.9281419515609741,7.900000095367432,7.949999809265137,7.880000114440918,7.889999866485596,102200
2005-05-23,1.9281419515609741,7.900000095367432,7.909999847412109,7.840000152587891,7.869999885559082,116200
2005-05-24,1.9330233335494995,7.920000076293945,7.940000057220459,7.829999923706055,7.860000133514404,113200
2005-05-25,1.9208190441131592,7.869999885559082,7.900000095367432,7.820000171661377,7.900000095367432,94300
2005-05-26,1.92570161819458,7.889999866485596,7.909999847412109,7.829999923706055,7.849999904632568,124800
2005-05-27,1.9623125791549683,8.039999961853027,8.039999961853027,7.909999847412109,7.909999847412109,181200
2005-05-31,1.9720735549926758,8.079999923706055,8.079999923706055,8.020000457763672,8.050000190734863,59900
2005-06-01,1.9793950319290161,8.109999656677246,8.119999885559082,8.029999732971191,8.029999732971191,43600
2005-06-02,1.96963369846344,8.069999694824219,8.109999656677246,8.050000190734863,8.100000381469727,82500
2005-06-03,1.9745142459869385,8.09000015258789,8.100000381469727,8.039999961853027,8.079999923706055,60400
2005-06-06,1.96963369846344,8.069999694824219,8.100000381469727,8.050000190734863,8.100000381469727,59700
2005-06-07,1.9623125791549683,8.039999961853027,8.100000381469727,8.029999732971191,8.050000190734863,85500
2005-06-08,1.9625571966171265,8.0,8.029999732971191,7.989999771118164,8.010000228881836,77900
2005-06-09,1.9551969766616821,7.96999979019165,8.020000457763672,7.960000038146973,8.020000457763672,74400
2005-06-10,1.9650102853775024,8.010000228881836,8.039999961853027,7.949999809265137,7.949999809265137,78200
2005-06-13,1.967462420463562,8.020000457763672,8.039999961853027,7.96999979019165,8.010000228881836,79800
2005-06-14,1.94293212890625,7.920000076293945,8.029999732971191,7.920000076293945,8.020000457763672,101000
2005-06-15,1.94293212890625,7.920000076293945,7.929999828338623,7.860000133514404,7.920000076293945,96400
2005-06-16,1.94293212890625,7.920000076293945,7.940000057220459,7.869999885559082,7.909999847412109,99600
2005-06-17,1.9625571966171265,8.0,8.0,7.869999885559082,7.940000057220459,116600
2005-06-20,1.9502915143966675,7.949999809265137,8.010000228881836,7.920000076293945,8.0,86800
2005-06-21,1.9576494693756104,7.980000019073486,7.989999771118164,7.909999847412109,7.989999771118164,128500
2005-06-22,1.9502915143966675,7.949999809265137,8.0,7.929999828338623,8.0,56300
2005-06-23,1.9502915143966675,7.949999809265137,7.960000038146973,7.920000076293945,7.949999809265137,63400
2005-06-24,1.945382833480835,7.929999828338623,7.960000038146973,7.909999847412109,7.949999809265137,73800
2005-06-27,1.9527441263198853,7.960000038146973,7.960000038146973,7.909999847412109,7.920000076293945,151100
2005-06-28,1.96991765499115,8.029999732971191,8.029999732971191,7.940000057220459,7.980000019073486,73900
2005-06-29,1.9527441263198853,7.960000038146973,8.010000228881836,7.960000038146973,8.0,54000
2005-06-30,1.9723705053329468,8.039999961853027,8.050000190734863,7.949999809265137,7.96999979019165,62900
2005-07-01,1.999354600906372,8.149999618530273,8.149999618530273,8.050000190734863,8.050000190734863,77400
2005-07-05,1.9870902299880981,8.100000381469727,8.149999618530273,8.0600004196167,8.0600004196167,139400
2005-07-06,1.9821820259094238,8.079999923706055,8.119999885559082,8.0600004196167,8.09000015258789,67100
2005-07-07,2.0001866817474365,8.109999656677246,8.109999656677246,8.050000190734863,8.100000381469727,73900
2005-07-08,1.9977209568023682,8.100000381469727,8.109999656677246,8.050000190734863,8.069999694824219,81100
2005-07-11,1.995253562927246,8.09000015258789,8.109999656677246,8.029999732971191,8.039999961853027,63500
2005-07-12,1.9977209568023682,8.100000381469727,8.140000343322754,8.050000190734863,8.0600004196167,72400
2005-07-13,1.9977209568023682,8.100000381469727,8.170000076293945,8.100000381469727,8.130000114440918,107700
2005-07-14,2.0347158908843994,8.25,8.25,8.109999656677246,8.170000076293945,103900
2005-07-15,2.0149855613708496,8.170000076293945,8.229999542236328,8.130000114440918,8.199999809265137,55600
2005-07-18,1.9977209568023682,8.100000381469727,8.25,8.100000381469727,8.25,58200
2005-07-19,2.0199170112609863,8.1899995803833,8.1899995803833,8.069999694824219,8.130000114440918,86100
2005-07-20,2.027315139770508,8.220000267028809,8.229999542236328,8.140000343322754,8.15999984741211,53700
2005-07-21,2.0347158908843994,8.25,8.25,8.180000305175781,8.220000267028809,134600
2005-07-22,2.024850606918335,8.210000038146973,8.25,8.199999809265137,8.239999771118164,21900
2005-07-25,2.0100502967834473,8.149999618530273,8.1899995803833,8.130000114440918,8.130000114440918,122400
2005-07-26,2.0075862407684326,8.140000343322754,8.199999809265137,8.130000114440918,8.149999618530273,133400
2005-07-27,2.0149855613708496,8.170000076293945,8.1899995803833,8.130000114440918,8.140000343322754,64100
2005-07-28,2.0149855613708496,8.170000076293945,8.220000267028809,8.15999984741211,8.170000076293945,44400
2005-07-29,2.0149855613708496,8.170000076293945,8.260000228881836,8.15999984741211,8.260000228881836,53200
2005-08-01,2.027315139770508,8.220000267028809,8.239999771118164,8.170000076293945,8.170000076293945,47500
2005-08-02,2.0347158908843994,8.25,8.270000457763672,8.1899995803833,8.229999542236328,76800
2005-08-03,2.0347158908843994,8.25,8.279999732971191,8.220000267028809,8.239999771118164,59000
2005-08-04,2.032248020172119,8.239999771118164,8.270000457763672,8.220000267028809,8.270000457763672,72200
2005-08-05,2.0347158908843994,8.25,8.260000228881836,8.210000038146973,8.210000038146973,61300
2005-08-08,2.0332274436950684,8.199999809265137,8.210000038146973,8.15999984741211,8.210000038146973,45300
2005-08-09,2.0332274436950684,8.199999809265137,8.199999809265137,8.149999618530273,8.199999809265137,37700
2005-08-10,2.01339054107666,8.119999885559082,8.199999809265137,8.109999656677246,8.180000305175781,89400
2005-08-11,2.025789260864258,8.170000076293945,8.180000305175781,8.109999656677246,8.130000114440918,53900
2005-08-12,2.035705089569092,8.210000038146973,8.210000038146973,8.149999618530273,8.180000305175781,84500
2005-08-15,2.0233094692230225,8.15999984741211,8.210000038146973,8.15999984741211,8.1899995803833,46300
2005-08-16,2.0233094692230225,8.15999984741211,8.180000305175781,8.130000114440918,8.149999618530273,67400
2005-08-17,2.0307486057281494,8.1899995803833,8.1899995803833,8.170000076293945,8.180000305175781,67400
2005-08-18,2.025789260864258,8.170000076293945,8.1899995803833,8.130000114440918,8.1899995803833,113200
2005-08-19,2.0233094692230225,8.15999984741211,8.199999809265137,8.149999618530273,8.199999809265137,58400
2005-08-22,2.0084309577941895,8.100000381469727,8.180000305175781,8.100000381469727,8.15999984741211,95000
2005-08-23,2.025789260864258,8.170000076293945,8.170000076293945,8.09000015258789,8.109999656677246,65300
2005-08-24,2.020827531814575,8.149999618530273,8.15999984741211,8.100000381469727,8.130000114440918,68800
2005-08-25,2.0233094692230225,8.15999984741211,8.1899995803833,8.130000114440918,8.1899995803833,35400
2005-08-26,2.025789260864258,8.170000076293945,8.1899995803833,8.130000114440918,8.1899995803833,41800
2005-08-29,2.020827531814575,8.149999618530273,8.180000305175781,8.119999885559082,8.180000305175781,41800
2005-08-30,2.0233094692230225,8.15999984741211,8.180000305175781,8.140000343322754,8.180000305175781,31500
2005-08-31,2.020827531814575,8.149999618530273,8.1899995803833,8.140000343322754,8.15999984741211,58000
2005-09-01,2.01339054107666,8.119999885559082,8.170000076293945,8.119999885559082,8.170000076293945,51400
2005-09-02,2.0034732818603516,8.079999923706055,8.140000343322754,8.069999694824219,8.119999885559082,64600
2005-09-06,2.015869379043579,8.130000114440918,8.140000343322754,8.069999694824219,8.09000015258789,65600
2005-09-07,2.025789260864258,8.170000076293945,8.170000076293945,8.109999656677246,8.140000343322754,46600
2005-09-08,2.022048234939575,8.109999656677246,8.149999618530273,8.100000381469727,8.140000343322754,80600
2005-09-09,2.0245413780212402,8.119999885559082,8.149999618530273,8.119999885559082,8.119999885559082,43600
2005-09-12,2.0270352363586426,8.130000114440918,8.130000114440918,8.100000381469727,8.119999885559082,33000
2005-09-13,2.009582042694092,8.0600004196167,8.140000343322754,8.0600004196167,8.130000114440918,83500
2005-09-14,2.019554376602173,8.100000381469727,8.100000381469727,8.039999961853027,8.09000015258789,56600
2005-09-15,2.002100944519043,8.029999732971191,8.100000381469727,8.020000457763672,8.100000381469727,58600
2005-09-16,1.9996089935302734,8.020000457763672,8.079999923706055,8.010000228881836,8.079999923706055,67400
2005-09-19,1.997117042541504,8.010000228881836,8.039999961853027,7.960000038146973,8.039999961853027,64500
2005-09-20,1.979663372039795,7.940000057220459,8.029999732971191,7.900000095367432,8.020000457763672,159600
2005-09-21,1.979663372039795,7.940000057220459,8.020000457763672,7.860000133514404,8.020000457763672,79700
2005-09-22,1.9671969413757324,7.889999866485596,7.989999771118164,7.889999866485596,7.989999771118164,66800
2005-09-23,1.9572224617004395,7.849999904632568,7.920000076293945,7.840000152587891,7.920000076293945,89800
2005-09-26,1.964704155921936,7.880000114440918,7.889999866485596,7.840000152587891,7.869999885559082,60800
2005-09-27,1.9597173929214478,7.860000133514404,7.900000095367432,7.849999904632568,7.900000095367432,89800
2005-09-28,1.9572224617004395,7.849999904632568,7.929999828338623,7.829999923706055,7.880000114440918,75600
2005-09-29,1.9547313451766968,7.840000152587891,7.909999847412109,7.800000190734863,7.909999847412109,114800
2005-09-30,1.9821566343307495,7.949999809265137,7.949999809265137,7.869999885559082,7.869999885559082,92200
2005-10-03,1.997117042541504,8.010000228881836,8.029999732971191,7.920000076293945,7.929999828338623,70400
2005-10-04,1.9871416091918945,7.96999979019165,8.020000457763672,7.920000076293945,8.020000457763672,75200
2005-10-05,1.9846490621566772,7.960000038146973,7.989999771118164,7.940000057220459,7.949999809265137,58800
2005-10-06,1.9746757745742798,7.920000076293945,8.010000228881836,7.920000076293945,7.949999809265137,67900
2005-10-07,1.9846490621566772,7.960000038146973,7.989999771118164,7.920000076293945,7.920000076293945,66500
2005-10-10,1.9771678447723389,7.929999828338623,8.039999961853027,7.929999828338623,7.960000038146973,86900
2005-10-11,1.9884527921676636,7.929999828338623,7.929999828338623,7.809999942779541,7.809999942779541,47700
2005-10-12,1.9809308052062988,7.900000095367432,7.949999809265137,7.880000114440918,7.900000095367432,63100
2005-10-13,1.9508416652679443,7.78000020980835,7.880000114440918,7.739999771118164,7.880000114440918,83800
2005-10-14,1.9683929681777954,7.849999904632568,7.849999904632568,7.769999980926514,7.840000152587891,109400
2005-10-17,1.9332882165908813,7.710000038146973,7.829999923706055,7.630000114440918,7.800000190734863,283300
2005-10-18,1.9408103227615356,7.739999771118164,7.809999942779541,7.659999847412109,7.71999979019165,122800
2005-10-19,1.943318247795105,7.75,7.78000020980835,7.71999979019165,7.739999771118164,68300
2005-10-20,1.953348994255066,7.789999961853027,7.849999904632568,7.690000057220459,7.849999904632568,130100
2005-10-21,1.9608709812164307,7.820000171661377,7.880000114440918,7.730000019073486,7.800000190734863,113700
2005-10-24,1.9709018468856812,7.860000133514404,7.869999885559082,7.820000171661377,7.840000152587891,69900
2005-10-25,1.9884527921676636,7.929999828338623,7.960000038146973,7.889999866485596,7.909999847412109,73000
2005-10-26,1.9859451055526733,7.920000076293945,7.940000057220459,7.840000152587891,7.900000095367432,63100
2005-10-27,1.9759167432785034,7.880000114440918,7.940000057220459,7.860000133514404,7.900000095367432,60100
2005-10-28,1.98343825340271,7.909999847412109,7.929999828338623,7.860000133514404,7.860000133514404,47500
2005-10-31,1.9734086990356445,7.869999885559082,7.940000057220459,7.849999904632568,7.920000076293945,55100
2005-11-01,1.9959757328033447,7.960000038146973,7.960000038146973,7.849999904632568,7.900000095367432,93800
2005-11-02,2.0060062408447266,8.0,8.100000381469727,7.929999828338623,7.929999828338623,76700
2005-11-03,2.011021614074707,8.020000457763672,8.130000114440918,8.020000457763672,8.130000114440918,48200
2005-11-04,2.0060062408447266,8.0,8.09000015258789,7.980000019073486,8.079999923706055,42800
2005-11-07,2.0060062408447266,8.0,8.069999694824219,7.940000057220459,8.069999694824219,88000
2005-11-08,2.007519006729126,7.960000038146973,8.010000228881836,7.880000114440918,7.889999866485596,105500
2005-11-09,2.0024759769439697,7.940000057220459,8.0,7.849999904632568,8.0,68300
2005-11-10,1.9974297285079956,7.920000076293945,7.940000057220459,7.860000133514404,7.860000133514404,49900
2005-11-11,1.9873424768447876,7.880000114440918,7.929999828338623,7.849999904632568,7.860000133514404,76500
2005-11-14,1.9696906805038452,7.809999942779541,7.900000095367432,7.809999942779541,7.860000133514404,65500
2005-11-15,1.9722111225128174,7.820000171661377,7.840000152587891,7.800000190734863,7.809999942779541,38400
2005-11-16,1.967167854309082,7.800000190734863,7.920000076293945,7.800000190734863,7.920000076293945,48200
2005-11-17,1.9747322797775269,7.829999923706055,7.840000152587891,7.75,7.800000190734863,84300
2005-11-18,1.9923878908157349,7.900000095367432,7.900000095367432,7.800000190734863,7.800000190734863,111100
2005-11-21,1.9873424768447876,7.880000114440918,7.889999866485596,7.800000190734863,7.849999904632568,101300
2005-11-22,1.9596014022827148,7.769999980926514,7.869999885559082,7.71999979019165,7.820000171661377,158600
2005-11-23,1.967167854309082,7.800000190734863,7.840000152587891,7.769999980926514,7.78000020980835,76000
2005-11-25,1.967167854309082,7.800000190734863,7.869999885559082,7.769999980926514,7.78000020980835,28900
2005-11-28,1.967167854309082,7.800000190734863,7.840000152587891,7.789999961853027,7.809999942779541,55100
2005-11-29,1.9722111225128174,7.820000171661377,7.840000152587891,7.75,7.809999942779541,72700
2005-11-30,1.9596014022827148,7.769999980926514,7.829999923706055,7.730000019073486,7.75,76900
2005-12-01,1.9570790529251099,7.760000228881836,7.820000171661377,7.730000019073486,7.820000171661377,93000
2005-12-02,1.9469921588897705,7.71999979019165,7.769999980926514,7.710000038146973,7.730000019073486,106500
2005-12-05,1.9469921588897705,7.71999979019165,7.730000019073486,7.639999866485596,7.699999809265137,265600
2005-12-06,1.9545576572418213,7.75,7.75,7.699999809265137,7.699999809265137,98500
2005-12-07,1.9545576572418213,7.75,7.769999980926514,7.699999809265137,7.739999771118164,101600
2005-12-08,1.9687635898590088,7.760000228881836,7.800000190734863,7.730000019073486,7.730000019073486,105500
2005-12-09,1.9687635898590088,7.760000228881836,7.78000020980835,7.730000019073486,7.75,118400
2005-12-12,1.9611523151397705,7.730000019073486,7.760000228881836,7.730000019073486,7.739999771118164,107300
2005-12-13,1.9586154222488403,7.71999979019165,7.760000228881836,7.710000038146973,7.730000019073486,102900
2005-12-14,1.9611523151397705,7.730000019073486,7.75,7.699999809265137,7.71999979019165,149900
2005-12-15,1.9662270545959473,7.75,7.75,7.699999809265137,7.710000038146973,114600
2005-12-16,1.9763760566711426,7.789999961853027,7.809999942779541,7.71999979019165,7.760000228881836,82400
2005-12-19,1.9636895656585693,7.739999771118164,7.829999923706055,7.730000019073486,7.789999961853027,109400
2005-12-20,1.9636895656585693,7.739999771118164,7.829999923706055,7.679999828338623,7.699999809265137,129400
2005-12-21,1.9662270545959473,7.75,7.760000228881836,7.710000038146973,7.71999979019165,132100
2005-12-22,1.9636895656585693,7.739999771118164,7.829999923706055,7.71999979019165,7.730000019073486,301500
2005-12-23,1.9636895656585693,7.739999771118164,7.789999961853027,7.739999771118164,7.78000020980835,101400
2005-12-27,1.9687635898590088,7.760000228881836,7.800000190734863,7.75,7.75,96200
2005-12-28,1.977953314781189,7.75,7.789999961853027,7.75,7.760000228881836,100800
2005-12-29,1.977953314781189,7.75,7.78000020980835,7.75,7.78000020980835,75200
2005-12-30,1.980506181716919,7.760000228881836,7.789999961853027,7.739999771118164,7.760000228881836,102900
2006-01-03,1.9907132387161255,7.800000190734863,7.800000190734863,7.739999771118164,7.739999771118164,99200
2006-01-04,2.023890733718872,7.929999828338623,8.0,7.78000020980835,7.840000152587891,109700
2006-01-05,2.0443100929260254,8.010000228881836,8.039999961853027,7.949999809265137,8.0,38000
2006-01-06,2.046860694885254,8.020000457763672,8.039999961853027,7.960000038146973,7.96999979019165,77400
2006-01-09,2.0443100929260254,8.010000228881836,8.09000015258789,7.989999771118164,7.989999771118164,104000
2006-01-10,2.0417582988739014,8.0,8.050000190734863,7.980000019073486,7.980000019073486,63600
2006-01-11,2.046860694885254,8.020000457763672,8.0600004196167,8.0,8.0600004196167,48300
2006-01-12,2.0494141578674316,8.029999732971191,8.050000190734863,8.010000228881836,8.050000190734863,55100
2006-01-13,2.0545191764831543,8.050000190734863,8.069999694824219,8.0,8.050000190734863,50900
2006-01-17,2.0621743202209473,8.079999923706055,8.09000015258789,8.020000457763672,8.039999961853027,106900
2006-01-18,2.057070255279541,8.0600004196167,8.109999656677246,8.010000228881836,8.050000190734863,58800
2006-01-19,2.039206027984619,7.989999771118164,8.0600004196167,7.980000019073486,8.029999732971191,43900
2006-01-20,2.0341012477874756,7.96999979019165,8.0,7.940000057220459,7.960000038146973,85900
2006-01-23,2.039206027984619,7.989999771118164,8.010000228881836,7.96999979019165,7.96999979019165,74800
2006-01-24,2.0417582988739014,8.0,8.020000457763672,7.980000019073486,7.989999771118164,67300
2006-01-25,2.039206027984619,7.989999771118164,8.020000457763672,7.960000038146973,7.980000019073486,80600
2006-01-26,2.0366528034210205,7.980000019073486,8.010000228881836,7.96999979019165,8.0,40300
2006-01-27,2.0494141578674316,8.029999732971191,8.029999732971191,7.980000019073486,7.980000019073486,40500
2006-01-30,2.039206027984619,7.989999771118164,8.039999961853027,7.96999979019165,8.029999732971191,67900
2006-01-31,2.057070255279541,8.0600004196167,8.0600004196167,7.96999979019165,7.989999771118164,174800
2006-02-01,2.057070255279541,8.0600004196167,8.069999694824219,8.020000457763672,8.0600004196167,50100
2006-02-02,2.064727544784546,8.09000015258789,8.100000381469727,8.0600004196167,8.09000015258789,63600
2006-02-03,2.057070255279541,8.0600004196167,8.119999885559082,8.0600004196167,8.09000015258789,72000
2006-02-06,2.0698318481445312,8.109999656677246,8.130000114440918,8.039999961853027,8.039999961853027,98200
2006-02-07,2.0698318481445312,8.109999656677246,8.149999618530273,8.079999923706055,8.100000381469727,74300
2006-02-08,2.07753586769104,8.09000015258789,8.100000381469727,8.050000190734863,8.079999923706055,79600
2006-02-09,2.082672595977783,8.109999656677246,8.119999885559082,8.079999923706055,8.109999656677246,63300
2006-02-10,2.082672595977783,8.109999656677246,8.109999656677246,8.069999694824219,8.109999656677246,52600
2006-02-13,2.0723989009857178,8.069999694824219,8.109999656677246,8.039999961853027,8.109999656677246,82200
2006-02-14,2.0723989009857178,8.069999694824219,8.100000381469727,8.050000190734863,8.079999923706055,64700
2006-02-15,2.082672595977783,8.109999656677246,8.109999656677246,8.020000457763672,8.050000190734863,245100
2006-02-16,2.09808087348938,8.170000076293945,8.1899995803833,8.09000015258789,8.119999885559082,177200
2006-02-17,2.082672595977783,8.109999656677246,8.180000305175781,8.100000381469727,8.180000305175781,114400
2006-02-21,2.0955114364624023,8.15999984741211,8.1899995803833,8.100000381469727,8.130000114440918,168700
2006-02-22,2.1109209060668945,8.220000267028809,8.25,8.130000114440918,8.140000343322754,133600
2006-02-23,2.1211936473846436,8.260000228881836,8.270000457763672,8.210000038146973,8.239999771118164,91300
2006-02-24,2.11348819732666,8.229999542236328,8.270000457763672,8.220000267028809,8.229999542236328,53700
2006-02-27,2.1006484031677246,8.180000305175781,8.239999771118164,8.180000305175781,8.239999771118164,85300
2006-02-28,2.1006484031677246,8.180000305175781,8.199999809265137,8.149999618530273,8.170000076293945,103400
2006-03-01,2.0929439067840576,8.149999618530273,8.180000305175781,8.130000114440918,8.140000343322754,66200
2006-03-02,2.0929439067840576,8.149999618530273,8.1899995803833,8.140000343322754,8.149999618530273,123400
2006-03-03,2.09808087348938,8.170000076293945,8.170000076293945,8.149999618530273,8.170000076293945,33000
2006-03-06,2.090376138687134,8.140000343322754,8.199999809265137,8.140000343322754,8.15999984741211,59500
2006-03-07,2.0672640800476074,8.050000190734863,8.170000076293945,8.039999961853027,8.140000343322754,98300
2006-03-08,2.082507610321045,8.0600004196167,8.079999923706055,8.0,8.050000190734863,61500
2006-03-09,2.103177547454834,8.140000343322754,8.149999618530273,8.039999961853027,8.09000015258789,113700
2006-03-10,2.103177547454834,8.140000343322754,8.15999984741211,8.119999885559082,8.149999618530273,28100
2006-03-13,2.1057615280151367,8.149999618530273,8.149999618530273,8.130000114440918,8.149999618530273,30100
2006-03-14,2.1057615280151367,8.149999618530273,8.180000305175781,8.140000343322754,8.180000305175781,75600
2006-03-15,2.103177547454834,8.140000343322754,8.170000076293945,8.119999885559082,8.130000114440918,161700
2006-03-16,2.092843532562256,8.100000381469727,8.140000343322754,8.100000381469727,8.109999656677246,72800
2006-03-17,2.108344793319702,8.15999984741211,8.170000076293945,8.09000015258789,8.09000015258789,51700
2006-03-20,2.1135129928588867,8.180000305175781,8.1899995803833,8.149999618530273,8.180000305175781,79900
2006-03-21,2.103177547454834,8.140000343322754,8.180000305175781,8.140000343322754,8.149999618530273,47300
2006-03-22,2.1057615280151367,8.149999618530273,8.180000305175781,8.130000114440918,8.170000076293945,28900
2006-03-23,2.103177547454834,8.140000343322754,8.199999809265137,8.140000343322754,8.1899995803833,47700
2006-03-24,2.0980095863342285,8.119999885559082,8.180000305175781,8.119999885559082,8.140000343322754,46500
2006-03-27,2.0980095863342285,8.119999885559082,8.149999618530273,8.079999923706055,8.109999656677246,47600
2006-03-28,2.090259075164795,8.09000015258789,8.130000114440918,8.0600004196167,8.079999923706055,227100
2006-03-29,2.092843532562256,8.100000381469727,8.119999885559082,8.050000190734863,8.0600004196167,61600
2006-03-30,2.095426559448242,8.109999656677246,8.130000114440918,8.069999694824219,8.100000381469727,91500
2006-03-31,2.090259075164795,8.09000015258789,8.149999618530273,8.09000015258789,8.100000381469727,54100
2006-04-03,2.103177547454834,8.140000343322754,8.140000343322754,8.069999694824219,8.069999694824219,50200
2006-04-04,2.1005935668945312,8.130000114440918,8.149999618530273,8.109999656677246,8.130000114440918,32400
2006-04-05,2.1057615280151367,8.149999618530273,8.149999618530273,8.100000381469727,8.149999618530273,52800
2006-04-06,2.103177547454834,8.140000343322754,8.170000076293945,8.130000114440918,8.15999984741211,54800
2006-04-07,2.103177547454834,8.140000343322754,8.149999618530273,8.109999656677246,8.149999618530273,97200
2006-04-10,2.0956387519836426,8.0600004196167,8.109999656677246,8.029999732971191,8.109999656677246,89900
2006-04-11,2.1034390926361084,8.09000015258789,8.100000381469727,8.020000457763672,8.0600004196167,62800
2006-04-12,2.100839138031006,8.079999923706055,8.109999656677246,8.020000457763672,8.109999656677246,96100
2006-04-13,2.0956387519836426,8.0600004196167,8.09000015258789,8.0,8.09000015258789,57500
2006-04-17,2.0774383544921875,7.989999771118164,8.09000015258789,7.980000019073486,8.09000015258789,52600
2006-04-18,2.072237491607666,7.96999979019165,8.010000228881836,7.929999828338623,8.010000228881836,119900
2006-04-19,2.100839138031006,8.079999923706055,8.079999923706055,7.960000038146973,7.980000019073486,81400
2006-04-20,2.1060383319854736,8.100000381469727,8.149999618530273,8.069999694824219,8.09000015258789,79500
2006-04-21,2.1138381958007812,8.130000114440918,8.149999618530273,8.079999923706055,8.149999618530273,60900
2006-04-24,2.108638048171997,8.109999656677246,8.130000114440918,8.0600004196167,8.130000114440918,60600
2006-04-25,2.1034390926361084,8.09000015258789,8.109999656677246,8.039999961853027,8.069999694824219,51000
2006-04-26,2.1112382411956787,8.119999885559082,8.149999618530273,8.039999961853027,8.149999618530273,40100
2006-04-27,2.1190381050109863,8.149999618530273,8.149999618530273,8.0600004196167,8.119999885559082,63700
2006-04-28,2.1060383319854736,8.100000381469727,8.170000076293945,8.0600004196167,8.170000076293945,206300
2006-05-01,2.1138381958007812,8.130000114440918,8.130000114440918,8.069999694824219,8.09000015258789,57800
2006-05-02,2.1112382411956787,8.119999885559082,8.149999618530273,8.09000015258789,8.149999618530273,76000
2006-05-03,2.1190381050109863,8.149999618530273,8.170000076293945,8.109999656677246,8.119999885559082,86500
2006-05-04,2.1190381050109863,8.149999618530273,8.180000305175781,8.119999885559082,8.180000305175781,54500
2006-05-05,2.1112382411956787,8.119999885559082,8.180000305175781,8.079999923706055,8.170000076293945,99700
2006-05-08,2.114377021789551,8.079999923706055,8.140000343322754,8.029999732971191,8.100000381469727,106000
2006-05-09,2.1169955730438232,8.09000015258789,8.100000381469727,8.029999732971191,8.09000015258789,73900
2006-05-10,2.1117610931396484,8.069999694824219,8.09000015258789,8.029999732971191,8.039999961853027,68000
2006-05-11,2.098676919937134,8.020000457763672,8.09000015258789,8.020000457763672,8.069999694824219,86200
2006-05-12,2.1117610931396484,8.069999694824219,8.109999656677246,8.010000228881836,8.0600004196167,63400
2006-05-15,2.114377021789551,8.079999923706055,8.100000381469727,8.039999961853027,8.039999961853027,51600
2006-05-16,2.124844551086426,8.119999885559082,8.130000114440918,8.079999923706055,8.109999656677246,123800
2006-05-17,2.124844551086426,8.119999885559082,8.149999618530273,8.0600004196167,8.149999618530273,68200
2006-05-18,2.1169955730438232,8.09000015258789,8.210000038146973,8.039999961853027,8.119999885559082,135400
2006-05-19,2.1117610931396484,8.069999694824219,8.119999885559082,8.050000190734863,8.100000381469727,50700
2006-05-22,2.114377021789551,8.079999923706055,8.109999656677246,8.039999961853027,8.09000015258789,49800
2006-05-23,2.122227907180786,8.109999656677246,8.109999656677246,8.069999694824219,8.100000381469727,60100
2006-05-24,2.127462148666382,8.130000114440918,8.199999809265137,8.079999923706055,8.109999656677246,154400
2006-05-25,2.124844551086426,8.119999885559082,8.15999984741211,8.109999656677246,8.140000343322754,71400
2006-05-26,2.130079507827759,8.140000343322754,8.15999984741211,8.109999656677246,8.130000114440918,60900
2006-05-30,2.1326940059661865,8.149999618530273,8.149999618530273,8.109999656677246,8.119999885559082,101100
2006-05-31,2.151012659072876,8.220000267028809,8.220000267028809,8.119999885559082,8.149999618530273,95400
2006-06-01,2.153630495071411,8.229999542236328,8.229999542236328,8.180000305175781,8.220000267028809,85000
2006-06-02,2.143162965774536,8.1899995803833,8.239999771118164,8.180000305175781,8.239999771118164,79200
2006-06-05,2.140547275543213,8.180000305175781,8.220000267028809,8.15999984741211,8.199999809265137,42300
2006-06-06,2.145779848098755,8.199999809265137,8.199999809265137,8.149999618530273,8.1899995803833,67400
2006-06-07,2.140547275543213,8.180000305175781,8.220000267028809,8.130000114440918,8.199999809265137,90400
2006-06-08,2.1331725120544434,8.100000381469727,8.140000343322754,8.0600004196167,8.109999656677246,75400
2006-06-09,2.154240846633911,8.180000305175781,8.180000305175781,8.079999923706055,8.119999885559082,98400
2006-06-12,2.1568737030029297,8.1899995803833,8.1899995803833,8.140000343322754,8.1899995803833,68800
2006-06-13,2.1410739421844482,8.130000114440918,8.199999809265137,8.079999923706055,8.199999809265137,87500
2006-06-14,2.125271797180176,8.069999694824219,8.140000343322754,8.020000457763672,8.130000114440918,88600
2006-06-15,2.1358044147491455,8.109999656677246,8.109999656677246,8.039999961853027,8.050000190734863,97600
2006-06-16,2.1437063217163086,8.140000343322754,8.140000343322754,8.100000381469727,8.119999885559082,46500
2006-06-19,2.1595072746276855,8.199999809265137,8.220000267028809,8.149999618530273,8.15999984741211,84700
2006-06-20,2.1621413230895996,8.210000038146973,8.229999542236328,8.180000305175781,8.199999809265137,108900
2006-06-21,2.164775848388672,8.220000267028809,8.239999771118164,8.1899995803833,8.229999542236328,234300
2006-06-22,2.1568737030029297,8.1899995803833,8.220000267028809,8.149999618530273,8.220000267028809,51900
2006-06-23,2.1489737033843994,8.15999984741211,8.220000267028809,8.149999618530273,8.210000038146973,82400
2006-06-26,2.1489737033843994,8.15999984741211,8.180000305175781,8.140000343322754,8.149999618530273,68400
2006-06-27,2.1305389404296875,8.09000015258789,8.15999984741211,8.079999923706055,8.140000343322754,180000
2006-06-28,2.1331725120544434,8.100000381469727,8.109999656677246,8.069999694824219,8.069999694824219,144400
2006-06-29,2.1331725120544434,8.100000381469727,8.140000343322754,8.050000190734863,8.119999885559082,117400
2006-06-30,2.1410739421844482,8.130000114440918,8.140000343322754,8.079999923706055,8.119999885559082,81200
2006-07-03,2.1331725120544434,8.100000381469727,8.149999618530273,8.09000015258789,8.149999618530273,61200
2006-07-05,2.1410739421844482,8.130000114440918,8.15999984741211,8.119999885559082,8.130000114440918,44700
2006-07-06,2.1595072746276855,8.199999809265137,8.210000038146973,8.119999885559082,8.119999885559082,113000
2006-07-07,2.1489737033843994,8.15999984741211,8.210000038146973,8.140000343322754,8.1899995803833,99200
2006-07-10,2.1497697830200195,8.109999656677246,8.140000343322754,8.079999923706055,8.140000343322754,54300
2006-07-11,2.160372018814087,8.149999618530273,8.149999618530273,8.09000015258789,8.119999885559082,83700
2006-07-12,2.160372018814087,8.149999618530273,8.180000305175781,8.119999885559082,8.149999618530273,56300
2006-07-13,2.16302227973938,8.15999984741211,8.170000076293945,8.109999656677246,8.15999984741211,49700
2006-07-14,2.1524181365966797,8.119999885559082,8.15999984741211,8.0600004196167,8.15999984741211,81100
2006-07-17,2.1497697830200195,8.109999656677246,8.140000343322754,8.100000381469727,8.109999656677246,62800
2006-07-18,2.136516809463501,8.0600004196167,8.130000114440918,8.050000190734863,8.130000114440918,194200
2006-07-19,2.1338634490966797,8.050000190734863,8.100000381469727,8.010000228881836,8.09000015258789,158200
2006-07-20,2.1418159008026123,8.079999923706055,8.100000381469727,8.050000190734863,8.069999694824219,98700
2006-07-21,2.120609998703003,8.0,8.079999923706055,7.960000038146973,8.0600004196167,226700
2006-07-24,2.1391663551330566,8.069999694824219,8.069999694824219,8.010000228881836,8.020000457763672,71500
2006-07-25,2.1497697830200195,8.109999656677246,8.109999656677246,8.079999923706055,8.09000015258789,35200
2006-07-26,2.1524181365966797,8.119999885559082,8.130000114440918,8.079999923706055,8.119999885559082,47200
2006-07-27,2.1524181365966797,8.119999885559082,8.140000343322754,8.100000381469727,8.130000114440918,40800
2006-07-28,2.1524181365966797,8.119999885559082,8.149999618530273,8.079999923706055,8.119999885559082,62800
2006-07-31,2.1577210426330566,8.140000343322754,8.140000343322754,8.09000015258789,8.100000381469727,55100
2006-08-01,2.160372018814087,8.149999618530273,8.149999618530273,8.109999656677246,8.149999618530273,84800
2006-08-02,2.1762757301330566,8.210000038146973,8.210000038146973,8.130000114440918,8.149999618530273,76400
2006-08-03,2.1683244705200195,8.180000305175781,8.199999809265137,8.140000343322754,8.199999809265137,45000
2006-08-04,2.1709752082824707,8.1899995803833,8.220000267028809,8.149999618530273,8.1899995803833,53300
2006-08-07,2.1683244705200195,8.180000305175781,8.260000228881836,8.170000076293945,8.170000076293945,106900
2006-08-08,2.1744606494903564,8.149999618530273,8.15999984741211,8.119999885559082,8.149999618530273,43500
2006-08-09,2.17179274559021,8.140000343322754,8.170000076293945,8.109999656677246,8.15999984741211,68500
2006-08-10,2.1744606494903564,8.149999618530273,8.15999984741211,8.109999656677246,8.149999618530273,40600
2006-08-11,2.1691248416900635,8.130000114440918,8.170000076293945,8.119999885559082,8.15999984741211,35400
2006-08-14,2.17179274559021,8.140000343322754,8.149999618530273,8.109999656677246,8.109999656677246,90100
2006-08-15,2.1691248416900635,8.130000114440918,8.149999618530273,8.100000381469727,8.109999656677246,108100
2006-08-16,2.1744606494903564,8.149999618530273,8.149999618530273,8.119999885559082,8.130000114440918,72500
2006-08-17,2.161120891571045,8.100000381469727,8.149999618530273,8.09000015258789,8.149999618530273,92600
2006-08-18,2.1691248416900635,8.130000114440918,8.130000114440918,8.050000190734863,8.109999656677246,98500
2006-08-21,2.161120891571045,8.100000381469727,8.149999618530273,8.050000190734863,8.140000343322754,62200
2006-08-22,2.17179274559021,8.140000343322754,8.149999618530273,8.0600004196167,8.100000381469727,84000
2006-08-23,2.1691248416900635,8.130000114440918,8.149999618530273,8.109999656677246,8.149999618530273,54900
2006-08-24,2.17179274559021,8.140000343322754,8.170000076293945,8.109999656677246,8.149999618530273,76000
2006-08-25,2.1771275997161865,8.15999984741211,8.15999984741211,8.109999656677246,8.119999885559082,92700
2006-08-28,2.1744606494903564,8.149999618530273,8.1899995803833,8.140000343322754,8.170000076293945,75600
2006-08-29,2.179795742034912,8.170000076293945,8.170000076293945,8.130000114440918,8.149999618530273,88000
2006-08-30,2.179795742034912,8.170000076293945,8.199999809265137,8.149999618530273,8.180000305175781,55400
2006-08-31,2.1877996921539307,8.199999809265137,8.199999809265137,8.15999984741211,8.15999984741211,63200
2006-09-01,2.195805311203003,8.229999542236328,8.229999542236328,8.199999809265137,8.220000267028809,49200
2006-09-05,2.2011401653289795,8.25,8.279999732971191,8.210000038146973,8.229999542236328,52200
2006-09-06,2.2011401653289795,8.25,8.270000457763672,8.220000267028809,8.260000228881836,106400
2006-09-07,2.1804635524749756,8.119999885559082,8.229999542236328,8.119999885559082,8.180000305175781,115000
2006-09-08,2.1885201930999756,8.149999618530273,8.170000076293945,8.109999656677246,8.119999885559082,121400
2006-09-11,2.1831493377685547,8.130000114440918,8.15999984741211,8.09000015258789,8.149999618530273,95600
2006-09-12,2.196575880050659,8.180000305175781,8.180000305175781,8.100000381469727,8.130000114440918,156600
2006-09-13,2.1992602348327637,8.1899995803833,8.210000038146973,8.149999618530273,8.170000076293945,88700
2006-09-14,2.1938893795013428,8.170000076293945,8.210000038146973,8.130000114440918,8.170000076293945,79800
2006-09-15,2.1885201930999756,8.149999618530273,8.199999809265137,8.130000114440918,8.199999809265137,71200
2006-09-18,2.201946496963501,8.199999809265137,8.199999809265137,8.15999984741211,8.15999984741211,71300
2006-09-19,2.210003137588501,8.229999542236328,8.229999542236328,8.180000305175781,8.180000305175781,49100
2006-09-20,2.2126879692077637,8.239999771118164,8.260000228881836,8.220000267028809,8.220000267028809,59900
2006-09-21,2.196575880050659,8.180000305175781,8.25,8.15999984741211,8.239999771118164,87300
2006-09-22,2.1992602348327637,8.1899995803833,8.199999809265137,8.15999984741211,8.180000305175781,76100
2006-09-25,2.1938893795013428,8.170000076293945,8.199999809265137,8.15999984741211,8.170000076293945,121400
2006-09-26,2.196575880050659,8.180000305175781,8.199999809265137,8.130000114440918,8.1899995803833,97800
2006-09-27,2.201946496963501,8.199999809265137,8.220000267028809,8.180000305175781,8.199999809265137,79400
2006-09-28,2.204632043838501,8.210000038146973,8.229999542236328,8.1899995803833,8.210000038146973,41600
2006-09-29,2.207317352294922,8.220000267028809,8.220000267028809,8.199999809265137,8.199999809265137,27400
2006-10-02,2.207317352294922,8.220000267028809,8.229999542236328,8.199999809265137,8.210000038146973,32200
2006-10-03,2.207317352294922,8.220000267028809,8.239999771118164,8.199999809265137,8.199999809265137,81200
2006-10-04,2.2126879692077637,8.239999771118164,8.279999732971191,8.199999809265137,8.220000267028809,107700
2006-10-05,2.2180588245391846,8.260000228881836,8.270000457763672,8.229999542236328,8.239999771118164,70700
2006-10-06,2.2137339115142822,8.1899995803833,8.210000038146973,8.170000076293945,8.180000305175781,67000
2006-10-09,2.1921088695526123,8.109999656677246,8.220000267028809,8.109999656677246,8.1899995803833,117600
2006-10-10,2.2029223442077637,8.149999618530273,8.220000267028809,8.109999656677246,8.109999656677246,108100
2006-10-11,2.200218915939331,8.140000343322754,8.170000076293945,8.119999885559082,8.130000114440918,66000
2006-10-12,2.197516679763794,8.130000114440918,8.180000305175781,8.09000015258789,8.15999984741211,94000
2006-10-13,2.1894068717956543,8.100000381469727,8.149999618530273,8.079999923706055,8.140000343322754,107200
2006-10-16,2.1921088695526123,8.109999656677246,8.140000343322754,8.100000381469727,8.119999885559082,76000
2006-10-17,2.197516679763794,8.130000114440918,8.1899995803833,8.09000015258789,8.100000381469727,201800
2006-10-18,2.1948118209838867,8.119999885559082,8.149999618530273,8.100000381469727,8.140000343322754,73100
2006-10-19,2.197516679763794,8.130000114440918,8.140000343322754,8.109999656677246,8.109999656677246,88700
2006-10-20,2.1948118209838867,8.119999885559082,8.149999618530273,8.119999885559082,8.130000114440918,142300
2006-10-23,2.200218915939331,8.140000343322754,8.15999984741211,8.119999885559082,8.130000114440918,86800
2006-10-24,2.2218432426452637,8.220000267028809,8.220000267028809,8.140000343322754,8.149999618530273,128300
2006-10-25,2.2353572845458984,8.270000457763672,8.279999732971191,8.199999809265137,8.220000267028809,98400
2006-10-26,2.2299516201019287,8.25,8.270000457763672,8.239999771118164,8.270000457763672,95300
2006-10-27,2.2299516201019287,8.25,8.260000228881836,8.239999771118164,8.25,38300
2006-10-30,2.2326557636260986,8.260000228881836,8.279999732971191,8.229999542236328,8.239999771118164,50600
2006-10-31,2.2218432426452637,8.220000267028809,8.260000228881836,8.199999809265137,8.25,77700
2006-11-01,2.2218432426452637,8.220000267028809,8.25,8.199999809265137,8.210000038146973,74800
2006-11-02,2.22454571723938,8.229999542236328,8.25,8.199999809265137,8.239999771118164,117700
2006-11-03,2.2272491455078125,8.239999771118164,8.25,8.220000267028809,8.239999771118164,104200
2006-11-06,2.2299516201019287,8.25,8.260000228881836,8.229999542236328,8.25,32200
2006-11-07,2.2326557636260986,8.260000228881836,8.279999732971191,8.25,8.260000228881836,80100
2006-11-08,2.2340145111083984,8.210000038146973,8.239999771118164,8.1899995803833,8.239999771118164,106200
2006-11-09,2.2340145111083984,8.210000038146973,8.220000267028809,8.180000305175781,8.180000305175781,83300
2006-11-10,2.2448995113372803,8.25,8.25,8.1899995803833,8.1899995803833,34100
2006-11-13,2.239457607269287,8.229999542236328,8.279999732971191,8.220000267028809,8.25,92900
2006-11-14,2.2421791553497314,8.239999771118164,8.25,8.220000267028809,8.229999542236328,93100
2006-11-15,2.2421791553497314,8.239999771118164,8.25,8.210000038146973,8.229999542236328,52100
2006-11-16,2.2448995113372803,8.25,8.260000228881836,8.220000267028809,8.239999771118164,56200
2006-11-17,2.2503416538238525,8.270000457763672,8.270000457763672,8.229999542236328,8.260000228881836,50300
2006-11-20,2.2503416538238525,8.270000457763672,8.300000190734863,8.239999771118164,8.260000228881836,166100
2006-11-21,2.2476203441619873,8.260000228881836,8.300000190734863,8.260000228881836,8.260000228881836,93000
2006-11-22,2.2476203441619873,8.260000228881836,8.279999732971191,8.229999542236328,8.270000457763672,68200
2006-11-24,2.2421791553497314,8.239999771118164,8.279999732971191,8.229999542236328,8.229999542236328,32400
2006-11-27,2.2557849884033203,8.289999961853027,8.300000190734863,8.220000267028809,8.25,138100
2006-11-28,2.2448995113372803,8.25,8.289999961853027,8.220000267028809,8.279999732971191,120600
2006-11-29,2.2421791553497314,8.239999771118164,8.260000228881836,8.229999542236328,8.239999771118164,66000
2006-11-30,2.2530629634857178,8.279999732971191,8.279999732971191,8.239999771118164,8.239999771118164,54500
2006-12-01,2.2557849884033203,8.289999961853027,8.3100004196167,8.270000457763672,8.270000457763672,45300
2006-12-04,2.2612273693084717,8.3100004196167,8.329999923706055,8.279999732971191,8.289999961853027,96000
2006-12-05,2.2612273693084717,8.3100004196167,8.350000381469727,8.289999961853027,8.3100004196167,79700
2006-12-06,2.2585065364837646,8.300000190734863,8.300000190734863,8.279999732971191,8.300000190734863,89800
2006-12-07,2.260148525238037,8.25,8.25,8.229999542236328,8.239999771118164,72800
2006-12-08,2.2628889083862305,8.260000228881836,8.260000228881836,8.220000267028809,8.229999542236328,53400
2006-12-11,2.260148525238037,8.25,8.289999961853027,8.239999771118164,8.260000228881836,99400
2006-12-12,2.2519307136535645,8.220000267028809,8.270000457763672,8.220000267028809,8.25,75400
2006-12-13,2.2519307136535645,8.220000267028809,8.25,8.220000267028809,8.239999771118164,43800
2006-12-14,2.257408380508423,8.239999771118164,8.239999771118164,8.210000038146973,8.229999542236328,89600
2006-12-15,2.254669427871704,8.229999542236328,8.239999771118164,8.210000038146973,8.239999771118164,117900
2006-12-18,2.2464513778686523,8.199999809265137,8.260000228881836,8.199999809265137,8.239999771118164,113500
2006-12-19,2.254669427871704,8.229999542236328,8.229999542236328,8.1899995803833,8.199999809265137,80300
2006-12-20,2.2738468647003174,8.300000190734863,8.300000190734863,8.220000267028809,8.220000267028809,112900
2006-12-21,2.2628889083862305,8.260000228881836,8.3100004196167,8.260000228881836,8.300000190734863,92800
2006-12-22,2.2738468647003174,8.300000190734863,8.300000190734863,8.260000228881836,8.260000228881836,66500
2006-12-26,2.2902841567993164,8.359999656677246,8.420000076293945,8.270000457763672,8.279999732971191,113100
2006-12-27,2.2864229679107666,8.289999961853027,8.3100004196167,8.260000228881836,8.260000228881836,51100
2006-12-28,2.2891812324523926,8.300000190734863,8.319999694824219,8.289999961853027,8.289999961853027,59600
2006-12-29,2.2919392585754395,8.3100004196167,8.350000381469727,8.289999961853027,8.319999694824219,63800
2007-01-03,2.2891812324523926,8.300000190734863,8.350000381469727,8.289999961853027,8.329999923706055,90200
2007-01-04,2.3029723167419434,8.350000381469727,8.350000381469727,8.300000190734863,8.319999694824219,84800
2007-01-05,2.2974555492401123,8.329999923706055,8.359999656677246,8.3100004196167,8.34000015258789,59900
2007-01-08,2.2946979999542236,8.319999694824219,8.34000015258789,8.3100004196167,8.34000015258789,91500
2007-01-09,2.2946979999542236,8.319999694824219,8.359999656677246,8.319999694824219,8.34000015258789,148500
2007-01-10,2.3029723167419434,8.350000381469727,8.350000381469727,8.319999694824219,8.319999694824219,73700
2007-01-11,2.3057286739349365,8.359999656677246,8.380000114440918,8.329999923706055,8.329999923706055,122800
2007-01-12,2.31400203704834,8.390000343322754,8.390000343322754,8.329999923706055,8.350000381469727,141300
2007-01-16,2.3112449645996094,8.380000114440918,8.40999984741211,8.34000015258789,8.40999984741211,130400
2007-01-17,2.3084867000579834,8.369999885559082,8.40999984741211,8.359999656677246,8.369999885559082,124500
2007-01-18,2.3167600631713867,8.399999618530273,8.40999984741211,8.369999885559082,8.390000343322754,333000
2007-01-19,2.31400203704834,8.390000343322754,8.420000076293945,8.369999885559082,8.399999618530273,192800
2007-01-22,2.31400203704834,8.390000343322754,8.430000305175781,8.390000343322754,8.40999984741211,155600
2007-01-23,2.31400203704834,8.390000343322754,8.4399995803833,8.350000381469727,8.390000343322754,184800
2007-01-24,2.3277945518493652,8.4399995803833,8.4399995803833,8.390000343322754,8.40999984741211,142800
2007-01-25,2.336069107055664,8.470000267028809,8.479999542236328,8.40999984741211,8.460000038146973,102600
2007-01-26,2.3526172637939453,8.529999732971191,8.539999961853027,8.479999542236328,8.489999771118164,106100
2007-01-29,2.344341278076172,8.5,8.539999961853027,8.489999771118164,8.5,70700
2007-01-30,2.338824510574341,8.479999542236328,8.5,8.460000038146973,8.489999771118164,85400
2007-01-31,2.3636484146118164,8.569999694824219,8.600000381469727,8.479999542236328,8.520000457763672,231200
2007-02-01,2.377436637878418,8.619999885559082,8.640000343322754,8.569999694824219,8.59000015258789,151500
2007-02-02,2.3664064407348633,8.579999923706055,8.630000114440918,8.569999694824219,8.619999885559082,258000
2007-02-05,2.3664064407348633,8.579999923706055,8.619999885559082,8.579999923706055,8.59000015258789,161100
2007-02-06,2.3857128620147705,8.649999618530273,8.680000305175781,8.489999771118164,8.489999771118164,223800
2007-02-07,2.369164228439331,8.59000015258789,8.6899995803833,8.520000457763672,8.649999618530273,358200
2007-02-08,2.3902628421783447,8.609999656677246,8.65999984741211,8.520000457763672,8.529999732971191,177600
2007-02-09,2.393038034439087,8.619999885559082,8.65999984741211,8.579999923706055,8.619999885559082,152800
2007-02-12,2.3958144187927246,8.630000114440918,8.640000343322754,8.5600004196167,8.619999885559082,124400
2007-02-13,2.3958144187927246,8.630000114440918,8.65999984741211,8.579999923706055,8.649999618530273,131300
2007-02-14,2.381934881210327,8.579999923706055,8.630000114440918,8.569999694824219,8.630000114440918,122400
2007-02-15,2.3902628421783447,8.609999656677246,8.640000343322754,8.569999694824219,8.569999694824219,231000
2007-02-16,2.3985908031463623,8.640000343322754,8.649999618530273,8.609999656677246,8.630000114440918,122100
2007-02-20,2.3958144187927246,8.630000114440918,8.670000076293945,8.539999961853027,8.640000343322754,199300
2007-02-21,2.4041433334350586,8.65999984741211,8.65999984741211,8.579999923706055,8.609999656677246,171200
2007-02-22,2.4041433334350586,8.65999984741211,8.6899995803833,8.600000381469727,8.6899995803833,182800
2007-02-23,2.459667444229126,8.859999656677246,8.859999656677246,8.609999656677246,8.65999984741211,205100
2007-02-26,2.448561191558838,8.819999694824219,8.859999656677246,8.779999732971191,8.819999694824219,164800
2007-02-27,2.3985908031463623,8.640000343322754,8.829999923706055,8.600000381469727,8.8100004196167,109600
2007-02-28,2.459667444229126,8.859999656677246,8.859999656677246,8.630000114440918,8.710000038146973,127700
2007-03-01,2.443012237548828,8.800000190734863,8.899999618530273,8.710000038146973,8.850000381469727,170800
2007-03-02,2.459667444229126,8.859999656677246,8.859999656677246,8.65999984741211,8.789999961853027,74200
2007-03-05,2.4319050312042236,8.760000228881836,8.859999656677246,8.6899995803833,8.859999656677246,114400
2007-03-06,2.409695625305176,8.680000305175781,8.800000190734863,8.65999984741211,8.779999732971191,119300
2007-03-07,2.3958144187927246,8.630000114440918,8.680000305175781,8.630000114440918,8.649999618530273,130900
2007-03-08,2.402799606323242,8.600000381469727,8.649999618530273,8.5600004196167,8.619999885559082,87800
2007-03-09,2.402799606323242,8.600000381469727,8.600000381469727,8.5600004196167,8.600000381469727,68200
2007-03-12,2.402799606323242,8.600000381469727,8.649999618530273,8.579999923706055,8.640000343322754,93300
2007-03-13,2.3664796352386475,8.470000267028809,8.640000343322754,8.289999961853027,8.640000343322754,272800
2007-03-14,2.3636856079101562,8.460000038146973,8.470000267028809,8.359999656677246,8.40999984741211,83500
2007-03-15,2.377654552459717,8.510000228881836,8.539999961853027,8.430000305175781,8.470000267028809,95400
2007-03-16,2.3860371112823486,8.539999961853027,8.5600004196167,8.510000228881836,8.539999961853027,90200
2007-03-19,2.397212028503418,8.579999923706055,8.600000381469727,8.489999771118164,8.489999771118164,98200
2007-03-20,2.4083900451660156,8.619999885559082,8.65999984741211,8.510000228881836,8.510000228881836,124000
2007-03-21,2.4083900451660156,8.619999885559082,8.680000305175781,8.59000015258789,8.649999618530273,124000
2007-03-22,2.413975954055786,8.640000343322754,8.65999984741211,8.609999656677246,8.649999618530273,163000
2007-03-23,2.4167702198028564,8.649999618530273,8.670000076293945,8.609999656677246,8.609999656677246,127200
2007-03-26,2.411181688308716,8.630000114440918,8.670000076293945,8.609999656677246,8.649999618530273,108400
2007-03-27,2.413975954055786,8.640000343322754,8.680000305175781,8.609999656677246,8.609999656677246,68400
2007-03-28,2.427945852279663,8.6899995803833,8.6899995803833,8.619999885559082,8.65999984741211,95200
2007-03-29,2.4475033283233643,8.760000228881836,8.789999961853027,8.680000305175781,8.699999809265137,66800
2007-03-30,2.453091621398926,8.779999732971191,8.800000190734863,8.760000228881836,8.779999732971191,41500
2007-04-02,2.4447104930877686,8.75,8.800000190734863,8.739999771118164,8.789999961853027,69800
2007-04-03,2.4447104930877686,8.75,8.800000190734863,8.720000267028809,8.720000267028809,129400
2007-04-04,2.4419143199920654,8.739999771118164,8.800000190734863,8.739999771118164,8.789999961853027,67000
2007-04-05,2.4586801528930664,8.800000190734863,8.800000190734863,8.710000038146973,8.710000038146973,125300
2007-04-09,2.459803819656372,8.75,8.789999961853027,8.720000267028809,8.75,78700
2007-04-10,2.454180955886841,8.729999542236328,8.779999732971191,8.729999542236328,8.75,62700
2007-04-11,2.45137095451355,8.720000267028809,8.779999732971191,8.720000267028809,8.739999771118164,81000
2007-04-12,2.454180955886841,8.729999542236328,8.760000228881836,8.710000038146973,8.710000038146973,97800
2007-04-13,2.454180955886841,8.729999542236328,8.75,8.729999542236328,8.739999771118164,61100
2007-04-16,2.459803819656372,8.75,8.779999732971191,8.739999771118164,8.75,103800
2007-04-17,2.454180955886841,8.729999542236328,8.770000457763672,8.720000267028809,8.75,87100
2007-04-18,2.4485585689544678,8.710000038146973,8.75,8.710000038146973,8.75,79300
2007-04-19,2.445749044418335,8.699999809265137,8.75,8.699999809265137,8.720000267028809,115000
2007-04-20,2.442936897277832,8.6899995803833,8.729999542236328,8.65999984741211,8.699999809265137,179900
2007-04-23,2.4260692596435547,8.630000114440918,8.729999542236328,8.630000114440918,8.6899995803833,102200
2007-04-24,2.428880214691162,8.640000343322754,8.6899995803833,8.630000114440918,8.640000343322754,130100
2007-04-25,2.431692123413086,8.649999618530273,8.680000305175781,8.640000343322754,8.640000343322754,87400
2007-04-26,2.442936897277832,8.6899995803833,8.729999542236328,8.649999618530273,8.649999618530273,71900
2007-04-27,2.4401257038116455,8.680000305175781,8.739999771118164,8.680000305175781,8.729999542236328,44800
2007-04-30,2.445749044418335,8.699999809265137,8.739999771118164,8.6899995803833,8.699999809265137,111200
2007-05-01,2.454180955886841,8.729999542236328,8.75,8.6899995803833,8.729999542236328,123600
2007-05-02,2.445749044418335,8.699999809265137,8.75,8.6899995803833,8.710000038146973,86700
2007-05-03,2.4401257038116455,8.680000305175781,8.720000267028809,8.680000305175781,8.6899995803833,77900
2007-05-04,2.45137095451355,8.720000267028809,8.729999542236328,8.6899995803833,8.6899995803833,66400
2007-05-07,2.4485585689544678,8.710000038146973,8.75,8.6899995803833,8.699999809265137,89600
2007-05-08,2.460153579711914,8.699999809265137,8.720000267028809,8.65999984741211,8.699999809265137,92600
2007-05-09,2.460153579711914,8.699999809265137,8.729999542236328,8.6899995803833,8.6899995803833,48600
2007-05-10,2.4488422870635986,8.65999984741211,8.729999542236328,8.649999618530273,8.710000038146973,89500
2007-05-11,2.4686357975006104,8.729999542236328,8.729999542236328,8.649999618530273,8.65999984741211,132900
2007-05-14,2.462980031967163,8.710000038146973,8.75,8.670000076293945,8.699999809265137,102700
2007-05-15,2.460153579711914,8.699999809265137,8.729999542236328,8.680000305175781,8.6899995803833,81000
2007-05-16,2.465808391571045,8.720000267028809,8.729999542236328,8.680000305175781,8.720000267028809,109400
2007-05-17,2.4714646339416504,8.739999771118164,8.739999771118164,8.699999809265137,8.720000267028809,73100
2007-05-18,2.4771194458007812,8.760000228881836,8.760000228881836,8.710000038146973,8.729999542236328,86100
2007-05-21,2.465808391571045,8.720000267028809,8.760000228881836,8.649999618530273,8.729999542236328,191300
2007-05-22,2.4686357975006104,8.729999542236328,8.729999542236328,8.670000076293945,8.710000038146973,95100
2007-05-23,2.465808391571045,8.720000267028809,8.729999542236328,8.6899995803833,8.729999542236328,113800
2007-05-24,2.4714646339416504,8.739999771118164,8.75,8.680000305175781,8.699999809265137,121700
2007-05-25,2.491257667541504,8.8100004196167,8.819999694824219,8.729999542236328,8.770000457763672,107000
2007-05-29,2.488431453704834,8.800000190734863,8.800000190734863,8.75,8.75,85500
2007-05-30,2.4940881729125977,8.819999694824219,8.819999694824219,8.760000228881836,8.760000228881836,61200
2007-05-31,2.496915578842163,8.829999923706055,8.829999923706055,8.779999732971191,8.789999961853027,100700
2007-06-01,2.5025689601898193,8.850000381469727,8.850000381469727,8.789999961853027,8.789999961853027,66300
2007-06-04,2.4799482822418213,8.770000457763672,8.850000381469727,8.729999542236328,8.850000381469727,93600
2007-06-05,2.4940881729125977,8.819999694824219,8.829999923706055,8.779999732971191,8.800000190734863,69400
2007-06-06,2.496915578842163,8.829999923706055,8.84000015258789,8.779999732971191,8.819999694824219,94300
2007-06-07,2.480133056640625,8.720000267028809,8.770000457763672,8.619999885559082,8.75,97200
2007-06-08,2.4573793411254883,8.640000343322754,8.739999771118164,8.59000015258789,8.739999771118164,90300
2007-06-11,2.4659128189086914,8.670000076293945,8.710000038146973,8.630000114440918,8.649999618530273,89800
2007-06-12,2.4573793411254883,8.640000343322754,8.649999618530273,8.59000015258789,8.619999885559082,136700
2007-06-13,2.454535484313965,8.630000114440918,8.65999984741211,8.630000114440918,8.649999618530273,54700
2007-06-14,2.4630675315856934,8.65999984741211,8.670000076293945,8.619999885559082,8.619999885559082,62900
2007-06-15,2.4630675315856934,8.65999984741211,8.670000076293945,8.609999656677246,8.609999656677246,104000
2007-06-18,2.480133056640625,8.720000267028809,8.720000267028809,8.670000076293945,8.670000076293945,51600
2007-06-19,2.485821008682251,8.739999771118164,8.739999771118164,8.6899995803833,8.720000267028809,109400
2007-06-20,2.4829766750335693,8.729999542236328,8.770000457763672,8.710000038146973,8.710000038146973,83100
2007-06-21,2.4744460582733154,8.699999809265137,8.75,8.680000305175781,8.739999771118164,93300
2007-06-22,2.4829766750335693,8.729999542236328,8.729999542236328,8.65999984741211,8.680000305175781,107100
2007-06-25,2.4516913890838623,8.619999885559082,8.710000038146973,8.529999732971191,8.699999809265137,139600
2007-06-26,2.391963481903076,8.40999984741211,8.65999984741211,8.270000457763672,8.65999984741211,343900
2007-06-27,2.406184673309326,8.460000038146973,8.489999771118164,8.260000228881836,8.260000228881836,178800
2007-06-28,2.437469482421875,8.569999694824219,8.569999694824219,8.460000038146973,8.5,109900
2007-06-29,2.437469482421875,8.569999694824219,8.59000015258789,8.529999732971191,8.529999732971191,62300
2007-07-02,2.434624671936035,8.5600004196167,8.579999923706055,8.539999961853027,8.550000190734863,46500
2007-07-03,2.4516913890838623,8.619999885559082,8.619999885559082,8.550000190734863,8.5600004196167,43300
2007-07-05,2.4516913890838623,8.619999885559082,8.649999618530273,8.609999656677246,8.609999656677246,46600
2007-07-06,2.4516913890838623,8.619999885559082,8.65999984741211,8.619999885559082,8.619999885559082,55600
2007-07-09,2.451977014541626,8.569999694824219,8.619999885559082,8.550000190734863,8.59000015258789,50000
2007-07-10,2.4061994552612305,8.40999984741211,8.579999923706055,8.34000015258789,8.569999694824219,100400
2007-07-11,2.3804492950439453,8.319999694824219,8.470000267028809,8.319999694824219,8.380000114440918,113600
2007-07-12,2.374725818634033,8.300000190734863,8.430000305175781,8.279999732971191,8.369999885559082,80800
2007-07-13,2.383310317993164,8.329999923706055,8.350000381469727,8.220000267028809,8.300000190734863,123700
2007-07-16,2.374725818634033,8.300000190734863,8.399999618530273,8.229999542236328,8.319999694824219,190800
2007-07-17,2.3546996116638184,8.229999542236328,8.34000015258789,8.170000076293945,8.329999923706055,155100
2007-07-18,2.323225975036621,8.119999885559082,8.239999771118164,7.940000057220459,8.210000038146973,254800
2007-07-19,2.297475576400757,8.029999732971191,8.1899995803833,8.029999732971191,8.180000305175781,97500
2007-07-20,2.271726131439209,7.940000057220459,8.0600004196167,7.940000057220459,8.029999732971191,135000
2007-07-23,2.306060791015625,8.0600004196167,8.069999694824219,7.960000038146973,7.96999979019165,139600
2007-07-24,2.283169984817505,7.980000019073486,8.050000190734863,7.960000038146973,8.029999732971191,124100
2007-07-25,2.2574217319488525,7.889999866485596,8.0,7.809999942779541,7.960000038146973,266200
2007-07-26,2.2459774017333984,7.849999904632568,7.849999904632568,7.619999885559082,7.809999942779541,138300
2007-07-27,2.2516984939575195,7.869999885559082,7.989999771118164,7.71999979019165,7.800000190734863,165700
2007-07-30,2.268864631652832,7.929999828338623,7.960000038146973,7.769999980926514,7.900000095367432,118200
2007-07-31,2.291755199432373,8.010000228881836,8.039999961853027,7.829999923706055,7.829999923706055,167200
2007-08-01,2.2660043239593506,7.920000076293945,7.920000076293945,7.809999942779541,7.909999847412109,92300
2007-08-02,2.2631444931030273,7.909999847412109,7.949999809265137,7.869999885559082,7.900000095367432,57200
2007-08-03,2.2574217319488525,7.889999866485596,7.929999828338623,7.849999904632568,7.909999847412109,59600
2007-08-06,2.1973378658294678,7.679999828338623,7.900000095367432,7.510000228881836,7.889999866485596,188500
2007-08-07,2.214503765106201,7.739999771118164,7.75,7.559999942779541,7.559999942779541,124200
2007-08-08,2.2525265216827393,7.820000171661377,7.940000057220459,7.650000095367432,7.690000057220459,167600
2007-08-09,2.238123893737793,7.769999980926514,7.829999923706055,7.659999847412109,7.78000020980835,67300
2007-08-10,2.194917678833008,7.619999885559082,7.699999809265137,7.550000190734863,7.659999847412109,102800
2007-08-13,2.177635669708252,7.559999942779541,7.599999904632568,7.550000190734863,7.550000190734863,84200
2007-08-14,2.140188694000244,7.429999828338623,7.559999942779541,7.320000171661377,7.550000190734863,155800
2007-08-15,2.085458517074585,7.239999771118164,7.360000133514404,7.199999809265137,7.329999923706055,190900
2007-08-16,2.128666400909424,7.389999866485596,7.860000133514404,6.659999847412109,7.21999979019165,469500
2007-08-17,2.1459498405456543,7.449999809265137,7.789999961853027,7.21999979019165,7.579999923706055,343800
2007-08-20,2.1920371055603027,7.610000133514404,7.659999847412109,7.300000190734863,7.610000133514404,339800
2007-08-21,2.2237212657928467,7.71999979019165,7.71999979019165,7.539999961853027,7.550000190734863,68100
2007-08-22,2.2266018390655518,7.730000019073486,7.789999961853027,7.639999866485596,7.760000228881836,91000
2007-08-23,2.2410056591033936,7.78000020980835,8.199999809265137,7.699999809265137,7.800000190734863,108900
2007-08-24,2.235243320465088,7.760000228881836,7.860000133514404,7.670000076293945,7.730000019073486,129500
2007-08-27,2.2726891040802,7.889999866485596,7.909999847412109,7.699999809265137,7.769999980926514,192300
2007-08-28,2.232363700866699,7.75,7.920000076293945,7.730000019073486,7.909999847412109,45600
2007-08-29,2.229482412338257,7.739999771118164,7.880000114440918,7.730000019073486,7.820000171661377,82700
2007-08-30,2.1862754821777344,7.590000152587891,7.829999923706055,7.590000152587891,7.78000020980835,94100
2007-08-31,2.217961311340332,7.699999809265137,7.699999809265137,7.579999923706055,7.679999828338623,50400
2007-09-04,2.229482412338257,7.739999771118164,7.789999961853027,7.599999904632568,7.789999961853027,355100
2007-09-05,2.255406618118286,7.829999923706055,7.829999923706055,7.710000038146973,7.710000038146973,67600
2007-09-06,2.269810914993286,7.880000114440918,7.900000095367432,7.789999961853027,7.789999961853027,53500
2007-09-07,2.269810914993286,7.880000114440918,7.900000095367432,7.809999942779541,7.809999942779541,49300
2007-09-10,2.2640480995178223,7.860000133514404,7.900000095367432,7.820000171661377,7.860000133514404,74100
2007-09-11,2.2501301765441895,7.760000228881836,7.840000152587891,7.739999771118164,7.820000171661377,51900
2007-09-12,2.226931095123291,7.679999828338623,7.840000152587891,7.670000076293945,7.840000152587891,79500
2007-09-13,2.224034070968628,7.670000076293945,7.769999980926514,7.650000095367432,7.650000095367432,58600
2007-09-14,2.212435483932495,7.630000114440918,7.710000038146973,7.619999885559082,7.659999847412109,76300
2007-09-17,2.2530295848846436,7.769999980926514,7.840000152587891,7.599999904632568,7.650000095367432,251900
2007-09-18,2.287825107574463,7.889999866485596,7.900000095367432,7.78000020980835,7.800000190734863,159700
2007-09-19,2.2733278274536133,7.840000152587891,7.900000095367432,7.650000095367432,7.889999866485596,184100
2007-09-20,2.2443301677703857,7.739999771118164,7.880000114440918,7.739999771118164,7.860000133514404,139200
2007-09-21,2.2704267501831055,7.829999923706055,7.849999904632568,7.75,7.820000171661377,126900
2007-09-24,2.261728286743164,7.800000190734863,7.889999866485596,7.71999979019165,7.829999923706055,157600
2007-09-25,2.232731580734253,7.699999809265137,7.849999904632568,7.650000095367432,7.829999923706055,254300
2007-09-26,2.2356324195861816,7.710000038146973,7.78000020980835,7.699999809265137,7.699999809265137,80000
2007-09-27,2.2530295848846436,7.769999980926514,7.809999942779541,7.690000057220459,7.730000019073486,184600
2007-09-28,2.3081228733062744,7.960000038146973,7.96999979019165,7.760000228881836,7.789999961853027,603700
2007-10-01,2.3197214603424072,8.0,8.039999961853027,7.949999809265137,8.0,165000
2007-10-02,2.3139216899871826,7.980000019073486,8.119999885559082,7.980000019073486,8.039999961853027,76000
2007-10-03,2.316821575164795,7.989999771118164,8.029999732971191,7.960000038146973,8.029999732971191,110700
2007-10-04,2.305222988128662,7.949999809265137,8.010000228881836,7.940000057220459,7.989999771118164,110600
2007-10-05,2.3081228733062744,7.960000038146973,8.029999732971191,7.920000076293945,7.920000076293945,105500
2007-10-08,2.3197214603424072,8.0,8.010000228881836,7.96999979019165,7.96999979019165,43800
2007-10-09,2.337817907333374,8.010000228881836,8.010000228881836,7.900000095367432,8.0,91500
2007-10-10,2.314466714859009,7.929999828338623,8.020000457763672,7.929999828338623,7.980000019073486,87500
2007-10-11,2.3115503787994385,7.920000076293945,7.989999771118164,7.900000095367432,7.900000095367432,93900
2007-10-12,2.314466714859009,7.929999828338623,7.980000019073486,7.909999847412109,7.949999809265137,52800
2007-10-15,2.299874782562256,7.880000114440918,7.960000038146973,7.840000152587891,7.960000038146973,61900
2007-10-16,2.270689010620117,7.78000020980835,7.860000133514404,7.760000228881836,7.840000152587891,70300
2007-10-17,2.2590136528015137,7.739999771118164,7.840000152587891,7.739999771118164,7.829999923706055,99600
2007-10-18,2.264853000640869,7.760000228881836,7.78000020980835,7.730000019073486,7.760000228881836,79300
2007-10-19,2.2765250205993652,7.800000190734863,7.829999923706055,7.739999771118164,7.739999771118164,83300
2007-10-22,2.2794442176818848,7.809999942779541,7.809999942779541,7.690000057220459,7.710000038146973,79100
2007-10-23,2.253175735473633,7.71999979019165,7.820000171661377,7.710000038146973,7.789999961853027,73300
2007-10-24,2.253175735473633,7.71999979019165,7.75,7.679999828338623,7.71999979019165,47500
2007-10-25,2.238584518432617,7.670000076293945,7.739999771118164,7.650000095367432,7.690000057220459,44600
2007-10-26,2.247339963912964,7.699999809265137,7.730000019073486,7.599999904632568,7.730000019073486,71500
2007-10-29,2.2590136528015137,7.739999771118164,7.739999771118164,7.610000133514404,7.670000076293945,90600
2007-10-30,2.2356648445129395,7.659999847412109,7.699999809265137,7.639999866485596,7.679999828338623,48300
2007-10-31,2.264853000640869,7.760000228881836,7.760000228881836,7.619999885559082,7.639999866485596,54000
2007-11-01,2.2239906787872314,7.619999885559082,7.699999809265137,7.610000133514404,7.690000057220459,56800
2007-11-02,2.188966989517212,7.5,7.639999866485596,7.460000038146973,7.639999866485596,80700
2007-11-05,2.186049461364746,7.489999771118164,7.5,6.840000152587891,6.840000152587891,90800
2007-11-06,2.186049461364746,7.489999771118164,7.5,7.400000095367432,7.409999847412109,110600
2007-11-07,2.121840238571167,7.269999980926514,7.489999771118164,7.260000228881836,7.489999771118164,105400
2007-11-08,2.13448166847229,7.260000228881836,7.320000171661377,7.190000057220459,7.190000057220459,115100
2007-11-09,2.1168415546417236,7.199999809265137,7.260000228881836,7.119999885559082,7.21999979019165,68200
2007-11-12,2.1462416648864746,7.300000190734863,7.309999942779541,7.150000095367432,7.199999809265137,87200
2007-11-13,2.13448166847229,7.260000228881836,7.460000038146973,7.239999771118164,7.269999980926514,107700
2007-11-14,2.1315417289733887,7.25,7.340000152587891,7.150000095367432,7.340000152587891,200600
2007-11-15,2.1168415546417236,7.199999809265137,7.21999979019165,7.110000133514404,7.199999809265137,94000
2007-11-16,2.105079412460327,7.159999847412109,7.170000076293945,7.079999923706055,7.130000114440918,91000
2007-11-19,2.0756783485412598,7.059999942779541,7.130000114440918,7.039999961853027,7.079999923706055,202800
2007-11-20,2.043339729309082,6.949999809265137,7.179999828338623,6.949999809265137,7.050000190734863,247900
2007-11-21,2.0462803840637207,6.960000038146973,7.0,6.849999904632568,6.920000076293945,301600
2007-11-23,2.066861152648926,7.03000020980835,7.070000171661377,6.929999828338623,6.929999828338623,48800
2007-11-26,2.099200487136841,7.139999866485596,7.199999809265137,7.0,7.0,184300
2007-11-27,2.1168415546417236,7.199999809265137,7.239999771118164,7.010000228881836,7.179999828338623,222700
2007-11-28,2.143300771713257,7.289999961853027,7.309999942779541,7.210000038146973,7.239999771118164,244300
2007-11-29,2.1609416007995605,7.349999904632568,7.369999885559082,7.21999979019165,7.230000019073486,97600
2007-11-30,2.219743013381958,7.550000190734863,7.800000190734863,7.329999923706055,7.340000152587891,388500
2007-12-03,2.1932830810546875,7.460000038146973,7.590000152587891,7.449999809265137,7.489999771118164,58800
2007-12-04,2.1844615936279297,7.429999828338623,7.519999980926514,7.380000114440918,7.400000095367432,108500
2007-12-05,2.1727025508880615,7.389999866485596,7.460000038146973,7.369999885559082,7.409999847412109,92400
2007-12-06,2.1903414726257324,7.449999809265137,7.460000038146973,7.28000020980835,7.369999885559082,94900
2007-12-07,2.1727025508880615,7.389999866485596,7.429999828338623,7.300000190734863,7.369999885559082,116700
2007-12-10,2.1528618335723877,7.269999980926514,7.329999923706055,7.150000095367432,7.260000228881836,78000
2007-12-11,2.1321322917938232,7.199999809265137,7.300000190734863,7.190000057220459,7.25,103400
2007-12-12,2.096597194671631,7.079999923706055,7.300000190734863,7.070000171661377,7.269999980926514,189200
2007-12-13,2.096597194671631,7.079999923706055,7.079999923706055,6.960000038146973,7.03000020980835,126600
2007-12-14,2.114365339279175,7.139999866485596,7.210000038146973,6.96999979019165,7.010000228881836,192100
2007-12-17,2.146939516067505,7.25,7.25,7.099999904632568,7.099999904632568,198800
2007-12-18,2.12324857711792,7.170000076293945,7.300000190734863,7.150000095367432,7.199999809265137,387500
2007-12-19,2.0847508907318115,7.039999961853027,7.199999809265137,6.96999979019165,7.199999809265137,364300
2007-12-20,2.105482339859009,7.110000133514404,7.139999866485596,7.0,7.019999980926514,299000
2007-12-21,2.111403465270996,7.130000114440918,7.159999847412109,7.059999942779541,7.119999885559082,242700
2007-12-24,2.141017436981201,7.230000019073486,7.25,7.119999885559082,7.130000114440918,56300
2007-12-26,2.1350948810577393,7.210000038146973,7.260000228881836,7.150000095367432,7.150000095367432,140400
2007-12-27,2.1625359058380127,7.25,7.25,7.050000190734863,7.090000152587891,243300
2007-12-28,2.1386728286743164,7.170000076293945,7.25,7.119999885559082,7.21999979019165,149500
2007-12-31,2.1237592697143555,7.119999885559082,7.139999866485596,7.050000190734863,7.110000133514404,204700
2008-01-02,2.1327078342437744,7.150000095367432,7.230000019073486,7.099999904632568,7.119999885559082,135300
2008-01-03,2.1565706729888916,7.230000019073486,7.239999771118164,7.150000095367432,7.159999847412109,73000
2008-01-04,2.1297242641448975,7.139999866485596,7.239999771118164,7.130000114440918,7.190000057220459,70200
2008-01-07,2.126742124557495,7.130000114440918,7.179999828338623,7.119999885559082,7.179999828338623,91100
2008-01-08,2.159552812576294,7.239999771118164,7.239999771118164,7.130000114440918,7.150000095367432,242000
2008-01-09,2.159552812576294,7.239999771118164,7.269999980926514,7.179999828338623,7.199999809265137,55800
2008-01-10,2.1625359058380127,7.25,7.28000020980835,7.150000095367432,7.170000076293945,133400
2008-01-11,2.171483278274536,7.28000020980835,7.329999923706055,7.210000038146973,7.25,209300
2008-01-14,2.1744680404663086,7.289999961853027,7.309999942779541,7.230000019073486,7.28000020980835,53900
2008-01-15,2.1535866260528564,7.21999979019165,7.269999980926514,7.199999809265137,7.25,54300
2008-01-16,2.135690689086914,7.159999847412109,7.230000019073486,7.139999866485596,7.21999979019165,88000
2008-01-17,2.102879762649536,7.050000190734863,7.170000076293945,7.019999980926514,7.110000133514404,129200
2008-01-18,2.1058619022369385,7.059999942779541,7.070000171661377,7.0,7.03000020980835,94200
2008-01-22,2.0790176391601562,6.96999979019165,7.449999809265137,6.829999923706055,6.949999809265137,228600
2008-01-23,2.0879647731781006,7.0,7.110000133514404,6.860000133514404,6.940000057220459,123500
2008-01-24,2.1058619022369385,7.059999942779541,7.079999923706055,6.989999771118164,7.010000228881836,135500
2008-01-25,2.108846426010132,7.070000171661377,7.139999866485596,7.03000020980835,7.130000114440918,103900
2008-01-28,2.099896192550659,7.039999961853027,7.079999923706055,7.010000228881836,7.050000190734863,113300
2008-01-29,2.099896192550659,7.039999961853027,7.099999904632568,7.0,7.099999904632568,116300
2008-01-30,2.0909478664398193,7.010000228881836,7.050000190734863,6.980000019073486,7.019999980926514,80600
2008-01-31,2.0909478664398193,7.010000228881836,7.019999980926514,6.960000038146973,6.980000019073486,101200
2008-02-01,2.0909478664398193,7.010000228881836,7.050000190734863,6.989999771118164,7.0,54400
2008-02-04,2.0879647731781006,7.0,7.03000020980835,7.0,7.010000228881836,70800
2008-02-05,2.0969138145446777,7.03000020980835,7.039999961853027,6.860000133514404,7.0,170100
2008-02-06,2.0670852661132812,6.929999828338623,6.989999771118164,6.909999847412109,6.96999979019165,121500
2008-02-07,2.0105857849121094,6.690000057220459,6.900000095367432,6.690000057220459,6.900000095367432,202200
2008-02-08,2.0286171436309814,6.75,6.800000190734863,6.650000095367432,6.659999847412109,338300
2008-02-11,1.9805318117141724,6.590000152587891,6.75,6.449999809265137,6.690000057220459,293100
2008-02-12,1.9985642433166504,6.650000095367432,6.650000095367432,6.539999961853027,6.539999961853027,204600
2008-02-13,1.908402442932129,6.349999904632568,6.650000095367432,6.329999923706055,6.650000095367432,490200
2008-02-14,1.8993868827819824,6.320000171661377,6.349999904632568,6.239999771118164,6.329999923706055,334700
2008-02-15,1.9354511499404907,6.440000057220459,6.489999771118164,6.269999980926514,6.309999942779541,150300
2008-02-19,1.9534841775894165,6.5,6.510000228881836,6.329999923706055,6.340000152587891,129300
2008-02-20,1.9955588579177856,6.639999866485596,6.800000190734863,6.440000057220459,6.449999809265137,358900
2008-02-21,1.9835374355316162,6.599999904632568,6.739999771118164,6.550000190734863,6.590000152587891,272700
2008-02-22,1.9865421056747437,6.610000133514404,6.619999885559082,6.53000020980835,6.53000020980835,88300
2008-02-25,2.007580518722534,6.679999828338623,6.75,6.539999961853027,6.550000190734863,221000
2008-02-26,2.073697566986084,6.900000095367432,6.920000076293945,6.25,6.25,172500
2008-02-27,2.043644666671753,6.800000190734863,6.949999809265137,6.730000019073486,6.869999885559082,121000
2008-02-28,2.022606134414673,6.730000019073486,6.78000020980835,6.679999828338623,6.730000019073486,61200
2008-02-29,2.0196001529693604,6.71999979019165,6.760000228881836,6.650000095367432,6.699999809265137,139600
2008-03-03,2.037635326385498,6.78000020980835,6.820000171661377,6.670000076293945,6.75,110500
2008-03-04,2.025611639022827,6.739999771118164,6.940000057220459,6.71999979019165,6.78000020980835,66800
2008-03-05,1.9895482063293457,6.619999885559082,6.760000228881836,6.550000190734863,6.71999979019165,98400
2008-03-06,1.9685101509094238,6.550000190734863,6.639999866485596,6.519999980926514,6.579999923706055,78400
2008-03-07,1.9775258302688599,6.579999923706055,6.590000152587891,6.480000019073486,6.489999771118164,189300
2008-03-10,1.9202808141708374,6.340000152587891,6.53000020980835,6.320000171661377,6.480000019073486,143200
2008-03-11,1.9596548080444336,6.46999979019165,6.519999980926514,6.349999904632568,6.420000076293945,128900
2008-03-12,1.9202808141708374,6.340000152587891,6.400000095367432,6.320000171661377,6.389999866485596,91600
2008-03-13,1.9354259967803955,6.389999866485596,6.409999847412109,6.190000057220459,6.239999771118164,67400
2008-03-14,1.926339030265808,6.360000133514404,6.369999885559082,6.269999980926514,6.369999885559082,56300
2008-03-17,1.896049976348877,6.260000228881836,6.260000228881836,6.079999923706055,6.21999979019165,102200
2008-03-18,1.9293670654296875,6.369999885559082,6.369999885559082,6.239999771118164,6.260000228881836,95800
2008-03-19,1.896049976348877,6.260000228881836,6.400000095367432,6.210000038146973,6.400000095367432,103700
2008-03-20,1.9142245054244995,6.320000171661377,6.449999809265137,6.190000057220459,6.210000038146973,142200
2008-03-24,1.9293670654296875,6.369999885559082,6.480000019073486,6.369999885559082,6.369999885559082,94900
2008-03-25,1.9717718362808228,6.510000228881836,6.53000020980835,6.369999885559082,6.389999866485596,146600
2008-03-26,1.965712308883667,6.489999771118164,6.5,6.360000133514404,6.5,114700
2008-03-27,1.9717718362808228,6.510000228881836,6.510000228881836,6.360000133514404,6.449999809265137,174600
2008-03-28,1.9626845121383667,6.480000019073486,6.5,6.369999885559082,6.46999979019165,148600
2008-03-31,1.9535984992980957,6.449999809265137,6.519999980926514,6.360000133514404,6.449999809265137,177500
2008-04-01,1.9566266536712646,6.460000038146973,6.53000020980835,6.440000057220459,6.440000057220459,78500
2008-04-02,2.0141754150390625,6.650000095367432,6.699999809265137,6.46999979019165,6.480000019073486,91200
2008-04-03,2.0232603549957275,6.679999828338623,6.710000038146973,6.579999923706055,6.650000095367432,155200
2008-04-04,2.011147975921631,6.639999866485596,6.679999828338623,6.619999885559082,6.619999885559082,102900
2008-04-07,2.041433572769165,6.739999771118164,6.769999980926514,6.639999866485596,6.639999866485596,95100
2008-04-08,2.0539469718933105,6.730000019073486,6.769999980926514,6.650000095367432,6.690000057220459,111600
2008-04-09,2.029529571533203,6.650000095367432,6.730000019073486,6.619999885559082,6.699999809265137,133100
2008-04-10,2.032583475112915,6.659999847412109,6.75,6.610000133514404,6.630000114440918,120500
2008-04-11,2.0356359481811523,6.670000076293945,6.690000057220459,6.610000133514404,6.679999828338623,91400
2008-04-14,2.0081675052642822,6.579999923706055,6.679999828338623,6.570000171661377,6.670000076293945,117800
2008-04-15,1.9990125894546509,6.550000190734863,6.610000133514404,6.5,6.570000171661377,48200
2008-04-16,2.0447914600372314,6.699999809265137,6.710000038146973,6.559999942779541,6.579999923706055,174400
2008-04-17,2.0112202167510986,6.590000152587891,6.699999809265137,6.590000152587891,6.679999828338623,152600
2008-04-18,2.0631041526794434,6.760000228881836,6.789999961853027,6.639999866485596,6.650000095367432,88100
2008-04-21,2.1027774810791016,6.889999866485596,6.889999866485596,6.730000019073486,6.730000019073486,70600
2008-04-22,2.105830430984497,6.900000095367432,6.920000076293945,6.809999942779541,6.849999904632568,79400
2008-04-23,2.1210899353027344,6.949999809265137,6.960000038146973,6.860000133514404,6.860000133514404,117000
2008-04-24,2.1668689250946045,7.099999904632568,7.099999904632568,6.889999866485596,6.909999847412109,183500
2008-04-25,2.130246639251709,6.980000019073486,7.170000076293945,6.96999979019165,7.150000095367432,194300
2008-04-28,2.1424524784088135,7.019999980926514,7.059999942779541,6.980000019073486,6.989999771118164,47100
2008-04-29,2.139401435852051,7.010000228881836,7.03000020980835,6.940000057220459,7.019999980926514,120300
2008-04-30,2.130246639251709,6.980000019073486,7.019999980926514,6.96999979019165,6.96999979019165,52500
2008-05-01,2.1363508701324463,7.0,7.050000190734863,6.96999979019165,7.0,76200
2008-05-02,2.1332974433898926,6.989999771118164,7.039999961853027,6.989999771118164,7.010000228881836,55200
2008-05-05,2.1271936893463135,6.96999979019165,7.010000228881836,6.96999979019165,7.0,82400
2008-05-06,2.1210899353027344,6.949999809265137,6.949999809265137,6.880000114440918,6.940000057220459,65300
2008-05-07,2.118036985397339,6.940000057220459,7.0,6.920000076293945,6.929999828338623,78000
2008-05-08,2.1281721591949463,6.929999828338623,7.019999980926514,6.900000095367432,6.909999847412109,92800
2008-05-09,2.1465976238250732,6.989999771118164,6.989999771118164,6.909999847412109,6.909999847412109,73300
2008-05-12,2.131241798400879,6.940000057220459,6.989999771118164,6.940000057220459,6.96999979019165,38100
2008-05-13,2.106675863265991,6.860000133514404,6.989999771118164,6.809999942779541,6.920000076293945,211300
2008-05-14,2.118959665298462,6.900000095367432,6.909999847412109,6.829999923706055,6.860000133514404,80800
2008-05-15,2.1128170490264893,6.880000114440918,6.889999866485596,6.840000152587891,6.849999904632568,82000
2008-05-16,2.1158876419067383,6.889999866485596,6.940000057220459,6.820000171661377,6.849999904632568,113200
2008-05-19,2.1036031246185303,6.849999904632568,6.900000095367432,6.840000152587891,6.869999885559082,94700
2008-05-20,2.106675863265991,6.860000133514404,6.880000114440918,6.800000190734863,6.809999942779541,90000
2008-05-21,2.0913188457489014,6.809999942779541,6.860000133514404,6.800000190734863,6.829999923706055,83800
2008-05-22,2.109745502471924,6.869999885559082,6.869999885559082,6.769999980926514,6.769999980926514,117400
2008-05-23,2.1281721591949463,6.929999828338623,6.949999809265137,6.800000190734863,6.820000171661377,224600
2008-05-27,2.1281721591949463,6.929999828338623,6.960000038146973,6.860000133514404,6.909999847412109,101900
2008-05-28,2.1343138217926025,6.949999809265137,7.03000020980835,6.900000095367432,6.909999847412109,218800
2008-05-29,2.161952495574951,7.039999961853027,7.050000190734863,6.909999847412109,6.940000057220459,133400
2008-05-30,2.149670124053955,7.0,7.050000190734863,7.0,7.0,67000
2008-06-02,2.1465976238250732,6.989999771118164,7.050000190734863,6.989999771118164,7.0,83800
2008-06-03,2.1373846530914307,6.960000038146973,7.03000020980835,6.949999809265137,7.0,60300
2008-06-04,2.149670124053955,7.0,7.0,6.940000057220459,6.940000057220459,99100
2008-06-05,2.1558101177215576,7.019999980926514,7.050000190734863,6.929999828338623,6.960000038146973,149400
2008-06-06,2.140455722808838,6.96999979019165,7.019999980926514,6.960000038146973,6.980000019073486,42300
2008-06-09,2.119753837585449,6.860000133514404,6.949999809265137,6.860000133514404,6.920000076293945,82000
2008-06-10,2.1382923126220703,6.920000076293945,6.920000076293945,6.809999942779541,6.829999923706055,114400
2008-06-11,2.1382923126220703,6.920000076293945,7.039999961853027,6.860000133514404,6.980000019073486,202500
2008-06-12,2.1104819774627686,6.829999923706055,6.96999979019165,6.820000171661377,6.96999979019165,42800
2008-06-13,2.113572597503662,6.840000152587891,6.889999866485596,6.809999942779541,6.820000171661377,45900
2008-06-16,2.1104819774627686,6.829999923706055,6.869999885559082,6.800000190734863,6.820000171661377,78000
2008-06-17,2.1104819774627686,6.829999923706055,6.909999847412109,6.820000171661377,6.840000152587891,101600
2008-06-18,2.1259334087371826,6.880000114440918,6.880000114440918,6.800000190734863,6.820000171661377,95300
2008-06-19,2.119753837585449,6.860000133514404,6.920000076293945,6.849999904632568,6.849999904632568,95500
2008-06-20,2.0981228351593018,6.789999961853027,6.860000133514404,6.789999961853027,6.860000133514404,112900
2008-06-23,2.0981228351593018,6.789999961853027,6.820000171661377,6.75,6.769999980926514,95900
2008-06-24,2.104302406311035,6.809999942779541,6.840000152587891,6.650000095367432,6.760000228881836,128900
2008-06-25,2.1166632175445557,6.849999904632568,6.860000133514404,6.78000020980835,6.800000190734863,56800
2008-06-26,2.0857632160186768,6.75,6.829999923706055,6.730000019073486,6.789999961853027,45400
2008-06-27,2.0703125,6.699999809265137,6.760000228881836,6.699999809265137,6.730000019073486,46800
2008-06-30,2.045592784881592,6.619999885559082,6.71999979019165,6.610000133514404,6.659999847412109,65600
2008-07-01,2.0517735481262207,6.639999866485596,6.690000057220459,6.579999923706055,6.599999904632568,35100
2008-07-02,2.02087140083313,6.539999961853027,6.670000076293945,6.539999961853027,6.670000076293945,50000
2008-07-03,2.036322832107544,6.590000152587891,6.869999885559082,6.590000152587891,6.869999885559082,125000
2008-07-07,1.9961520433425903,6.460000038146973,6.679999828338623,6.440000057220459,6.590000152587891,192200
2008-07-08,1.978420615196228,6.360000133514404,6.389999866485596,6.300000190734863,6.369999885559082,171400
2008-07-09,1.9908642768859863,6.400000095367432,6.429999828338623,6.349999904632568,6.349999904632568,57500
2008-07-10,1.9722000360488892,6.340000152587891,6.380000114440918,6.300000190734863,6.349999904632568,94000
2008-07-11,1.9753103256225586,6.349999904632568,6.349999904632568,6.25,6.320000171661377,99600
2008-07-14,1.9535341262817383,6.28000020980835,6.349999904632568,6.269999980926514,6.349999904632568,179500
2008-07-15,1.900651216506958,6.110000133514404,6.320000171661377,6.099999904632568,6.260000228881836,189500
2008-07-16,1.931759238243103,6.210000038146973,6.210000038146973,6.099999904632568,6.119999885559082,86900
2008-07-17,1.9566459655761719,6.289999961853027,6.329999923706055,6.239999771118164,6.28000020980835,70200
2008-07-18,1.981531023979187,6.369999885559082,6.380000114440918,6.25,6.320000171661377,103700
2008-07-21,1.9690883159637451,6.329999923706055,6.380000114440918,6.309999942779541,6.329999923706055,57000
2008-07-22,1.9753103256225586,6.349999904632568,6.389999866485596,6.239999771118164,6.239999771118164,66900
2008-07-23,1.9690883159637451,6.329999923706055,6.400000095367432,6.309999942779541,6.340000152587891,63000
2008-07-24,1.9473140239715576,6.260000228881836,6.369999885559082,6.260000228881836,6.300000190734863,115500
2008-07-25,1.9566459655761719,6.289999961853027,6.309999942779541,6.260000228881836,6.269999980926514,58300
2008-07-28,1.9566459655761719,6.289999961853027,6.340000152587891,6.28000020980835,6.28000020980835,47500
2008-07-29,1.984643578529358,6.380000114440918,6.389999866485596,6.300000190734863,6.329999923706055,106400
2008-07-30,1.9722000360488892,6.340000152587891,6.389999866485596,6.329999923706055,6.349999904632568,24900
2008-07-31,1.944203495979309,6.25,6.340000152587891,6.25,6.289999961853027,70700
2008-08-01,1.9690883159637451,6.329999923706055,6.329999923706055,6.260000228881836,6.269999980926514,104400
2008-08-04,1.9535341262817383,6.28000020980835,6.340000152587891,6.25,6.309999942779541,74800
2008-08-05,1.944203495979309,6.25,6.300000190734863,6.25,6.28000020980835,60700
2008-08-06,1.919316053390503,6.170000076293945,6.28000020980835,6.170000076293945,6.269999980926514,127300
2008-08-07,1.9045939445495605,6.079999923706055,6.119999885559082,6.070000171661377,6.099999904632568,93300
2008-08-08,1.929654836654663,6.159999847412109,6.179999828338623,6.070000171661377,6.070000171661377,117800
2008-08-11,1.9453164339065552,6.210000038146973,6.230000019073486,6.179999828338623,6.210000038146973,79600
2008-08-12,1.9359194040298462,6.179999828338623,6.210000038146973,6.150000095367432,6.190000057220459,205400
2008-08-13,1.9171240329742432,6.119999885559082,6.179999828338623,6.110000133514404,6.139999866485596,328100
2008-08-14,1.9108591079711914,6.099999904632568,6.159999847412109,6.099999904632568,6.119999885559082,159600
2008-08-15,1.9014617204666138,6.070000171661377,6.119999885559082,6.070000171661377,6.099999904632568,113800
2008-08-18,1.9202572107315063,6.130000114440918,6.179999828338623,6.090000152587891,6.090000152587891,90200
2008-08-19,1.9202572107315063,6.130000114440918,6.159999847412109,6.099999904632568,6.130000114440918,80200
2008-08-20,1.9108591079711914,6.099999904632568,6.159999847412109,6.099999904632568,6.099999904632568,60900
2008-08-21,1.9171240329742432,6.119999885559082,6.139999866485596,6.050000190734863,6.099999904632568,100000
2008-08-22,1.9077262878417969,6.090000152587891,6.150000095367432,6.079999923706055,6.090000152587891,70900
2008-08-25,1.9077262878417969,6.090000152587891,6.110000133514404,6.050000190734863,6.079999923706055,103500
2008-08-26,1.9171240329742432,6.119999885559082,6.119999885559082,6.090000152587891,6.090000152587891,46900
2008-08-27,1.92339026927948,6.139999866485596,6.139999866485596,6.070000171661377,6.090000152587891,45300
2008-08-28,1.9265216588974,6.150000095367432,6.159999847412109,6.119999885559082,6.119999885559082,51300
2008-08-29,1.9202572107315063,6.130000114440918,6.179999828338623,6.119999885559082,6.130000114440918,62900
2008-09-02,1.929654836654663,6.159999847412109,6.170000076293945,6.130000114440918,6.130000114440918,59200
2008-09-03,1.9390522241592407,6.190000057220459,6.190000057220459,6.150000095367432,6.150000095367432,109400
2008-09-04,1.9359194040298462,6.179999828338623,6.190000057220459,6.159999847412109,6.170000076293945,207000
2008-09-05,1.929654836654663,6.159999847412109,6.190000057220459,6.150000095367432,6.150000095367432,42900
2008-09-08,1.9265216588974,6.150000095367432,6.21999979019165,6.150000095367432,6.21999979019165,61200
2008-09-09,1.927467703819275,6.110000133514404,6.119999885559082,6.090000152587891,6.119999885559082,66800
2008-09-10,1.9243136644363403,6.099999904632568,6.119999885559082,6.090000152587891,6.119999885559082,116000
2008-09-11,1.8896127939224243,5.989999771118164,6.03000020980835,5.920000076293945,6.03000020980835,90200
2008-09-12,1.8769944906234741,5.949999809265137,5.96999979019165,5.880000114440918,5.900000095367432,56300
2008-09-15,1.835984230041504,5.820000171661377,5.889999866485596,5.800000190734863,5.869999885559082,133200
2008-09-16,1.7918200492858887,5.679999828338623,5.699999809265137,5.559999942779541,5.599999904632568,137300
2008-09-17,1.6372437477111816,5.190000057220459,5.670000076293945,5.099999904632568,5.670000076293945,235300
2008-09-18,1.6467084884643555,5.21999979019165,5.369999885559082,5.010000228881836,5.03000020980835,240900
2008-09-19,1.8139013051986694,5.75,6.090000152587891,5.320000171661377,5.320000171661377,218200
2008-09-22,1.7949752807617188,5.690000057220459,5.769999980926514,5.599999904632568,5.630000114440918,166600
2008-09-23,1.7381917238235474,5.510000228881836,5.670000076293945,5.460000038146973,5.650000095367432,158800
2008-09-24,1.7792015075683594,5.639999866485596,5.690000057220459,5.460000038146973,5.510000228881836,239700
2008-09-25,1.7350363731384277,5.5,5.579999923706055,5.449999809265137,5.570000171661377,164000
2008-09-26,1.7192646265029907,5.449999809265137,5.489999771118164,5.110000133514404,5.349999904632568,266300
2008-09-29,1.5205239057540894,4.820000171661377,5.269999980926514,4.75,5.230000019073486,192600
2008-09-30,1.5457611083984375,4.900000095367432,4.96999979019165,4.860000133514404,4.869999885559082,361300
2008-10-01,1.583615779876709,5.019999980926514,5.090000152587891,4.869999885559082,4.880000114440918,97500
2008-10-02,1.5457611083984375,4.900000095367432,5.050000190734863,4.860000133514404,4.980000019073486,121300
2008-10-03,1.5773061513900757,5.0,5.099999904632568,4.960000038146973,4.960000038146973,83000
2008-10-06,1.488977313041687,4.71999979019165,4.929999828338623,4.559999942779541,4.920000076293945,259900
2008-10-07,1.4511219263076782,4.599999904632568,4.880000114440918,4.570000171661377,4.71999979019165,240200
2008-10-08,1.3183341026306152,4.139999866485596,4.440000057220459,3.8399999141693115,4.440000057220459,210000
2008-10-09,1.2610149383544922,3.9600000381469727,4.239999771118164,3.9200000762939453,4.099999904632568,276700
2008-10-10,1.273751139640808,4.0,4.309999942779541,3.2100000381469727,3.25,334200
2008-10-13,1.4170488119125366,4.449999809265137,4.570000171661377,4.199999809265137,4.349999904632568,55000
2008-10-14,1.3915737867355347,4.369999885559082,4.860000133514404,4.360000133514404,4.809999942779541,279600
2008-10-15,1.3469914197921753,4.230000019073486,4.420000076293945,4.199999809265137,4.210000038146973,129500
2008-10-16,1.3692834377288818,4.300000190734863,4.309999942779541,4.099999904632568,4.230000019073486,288500
2008-10-17,1.4871054887771606,4.670000076293945,4.809999942779541,4.150000095367432,4.25,515500
2008-10-20,1.4934732913970947,4.690000057220459,5.050000190734863,4.539999961853027,4.690000057220459,388000
2008-10-21,1.436155915260315,4.510000228881836,4.679999828338623,4.449999809265137,4.679999828338623,150800
2008-10-22,1.432970404624939,4.5,4.619999885559082,4.360000133514404,4.539999961853027,126200
2008-10-23,1.4011276960372925,4.400000095367432,4.920000076293945,4.360000133514404,4.460000038146973,197200
2008-10-24,1.3852053880691528,4.349999904632568,4.650000095367432,4.28000020980835,4.300000190734863,100800
2008-10-27,1.4170488119125366,4.449999809265137,4.699999809265137,4.329999923706055,4.699999809265137,232900
2008-10-28,1.4616299867630005,4.590000152587891,4.900000095367432,4.449999809265137,4.449999809265137,169500
2008-10-29,1.4711830615997314,4.619999885559082,4.650000095367432,4.460000038146973,4.619999885559082,118300
2008-10-30,1.4679999351501465,4.610000133514404,4.679999828338623,4.489999771118164,4.650000095367432,118400
2008-10-31,1.5093954801559448,4.739999771118164,4.739999771118164,4.449999809265137,4.5,197200
2008-11-03,1.4966583251953125,4.699999809265137,5.0,4.53000020980835,5.0,161100
2008-11-04,1.525316596031189,4.789999961853027,4.940000057220459,4.659999847412109,4.760000228881836,195400
2008-11-05,1.4520776271820068,4.559999942779541,4.730000019073486,4.550000190734863,4.690000057220459,159300
2008-11-06,1.4488919973373413,4.550000190734863,4.900000095367432,4.480000019073486,4.519999980926514,158700
2008-11-07,1.5398707389831543,4.789999961853027,4.860000133514404,4.480000019073486,4.519999980926514,172200
2008-11-10,1.449857473373413,4.510000228881836,4.760000228881836,4.510000228881836,4.710000038146973,131700
2008-11-11,1.4016354084014893,4.360000133514404,4.519999980926514,4.320000171661377,4.510000228881836,130800
2008-11-12,1.3727025985717773,4.269999980926514,4.380000114440918,4.199999809265137,4.300000190734863,135900
2008-11-13,1.4337834119796753,4.460000038146973,4.510000228881836,4.28000020980835,4.28000020980835,150300
2008-11-14,1.3887768983840942,4.320000171661377,4.480000019073486,4.260000228881836,4.349999904632568,105200
2008-11-17,1.3727025985717773,4.269999980926514,4.449999809265137,4.230000019073486,4.300000190734863,175100
2008-11-18,1.3566288948059082,4.21999979019165,4.269999980926514,4.199999809265137,4.230000019073486,97400
2008-11-19,1.3437702655792236,4.179999828338623,4.210000038146973,4.059999942779541,4.199999809265137,216500
2008-11-20,1.289119005203247,4.010000228881836,4.150000095367432,4.010000228881836,4.150000095367432,298500
2008-11-21,1.2055346965789795,3.75,4.110000133514404,3.75,4.050000190734863,360300
2008-11-24,1.253757119178772,3.9000000953674316,4.139999866485596,3.759999990463257,4.0,176300
2008-11-25,1.2441130876541138,3.869999885559082,3.880000114440918,3.759999990463257,3.880000114440918,164200
2008-11-26,1.3244819641113281,4.119999885559082,4.190000057220459,3.819999933242798,3.869999885559082,186000
2008-11-28,1.292333960533142,4.019999980926514,4.190000057220459,3.9800000190734863,4.150000095367432,72000
2008-12-01,1.282690405845642,3.990000009536743,4.010000228881836,3.7799999713897705,4.0,133600
2008-12-02,1.237682580947876,3.8499999046325684,3.950000047683716,3.8399999141693115,3.950000047683716,87600
2008-12-03,1.2216095924377441,3.799999952316284,4.079999923706055,3.75,3.8499999046325684,242300
2008-12-04,1.173387885093689,3.6500000953674316,3.8399999141693115,3.6500000953674316,3.7699999809265137,181100
2008-12-05,1.118736743927002,3.4800000190734863,3.680000066757202,3.4000000953674316,3.680000066757202,242900
2008-12-08,1.152262568473816,3.5399999618530273,3.740000009536743,3.440000057220459,3.740000009536743,171200
2008-12-09,1.0936733484268188,3.359999895095825,3.549999952316284,3.299999952316284,3.509999990463257,129200
2008-12-10,1.0741428136825562,3.299999952316284,3.490000009536743,3.1500000953674316,3.3499999046325684,237400
2008-12-11,1.0350834131240845,3.180000066757202,3.3299999237060547,3.1500000953674316,3.240000009536743,275300
2008-12-12,1.009045124053955,3.0999999046325684,3.200000047683716,3.049999952316284,3.140000104904175,185200
2008-12-15,0.9406894445419312,2.890000104904175,3.140000104904175,2.890000104904175,3.059999942779541,284100
2008-12-16,0.9960241317749023,3.059999942779541,3.109999895095825,2.9000000953674316,2.9000000953674316,411000
2008-12-17,1.0741428136825562,3.299999952316284,3.359999895095825,3.0299999713897705,3.059999942779541,520700
2008-12-18,1.1359882354736328,3.490000009536743,3.5799999237060547,3.3499999046325684,3.369999885559082,227400
2008-12-19,1.1555181741714478,3.549999952316284,3.619999885559082,3.4800000190734863,3.509999990463257,102600
2008-12-22,1.1066937446594238,3.4000000953674316,3.549999952316284,3.4000000953674316,3.5,135100
2008-12-23,1.1359882354736328,3.490000009536743,3.5999999046325684,3.359999895095825,3.359999895095825,130400
2008-12-24,1.0969281196594238,3.369999885559082,3.5199999809265137,3.369999885559082,3.450000047683716,147100
2008-12-26,1.0871632099151611,3.3399999141693115,3.4100000858306885,3.2799999713897705,3.4100000858306885,138400
2008-12-29,1.0708884000778198,3.2899999618530273,3.4200000762939453,3.25,3.319999933242798,207700
2008-12-30,1.064377784729004,3.2699999809265137,3.3399999141693115,3.0999999046325684,3.2799999713897705,224100
2008-12-31,1.1099488735198975,3.4100000858306885,3.4200000762939453,3.200000047683716,3.25,255100
2009-01-02,1.2010886669158936,3.690000057220459,3.7100000381469727,3.4800000190734863,3.5299999713897705,172600
2009-01-05,1.2303829193115234,3.7799999713897705,3.7899999618530273,3.680000066757202,3.7300000190734863,109900
2009-01-06,1.2596778869628906,3.869999885559082,3.990000009536743,3.809999942779541,3.819999933242798,228300
2009-01-07,1.2368924617767334,3.799999952316284,3.9200000762939453,3.759999990463257,3.9200000762939453,158600
2009-01-08,1.254341721534729,3.809999942779541,3.8399999141693115,3.700000047683716,3.740000009536743,120100
2009-01-09,1.2510490417480469,3.799999952316284,3.8499999046325684,3.7799999713897705,3.8499999046325684,109300
2009-01-12,1.2773874998092651,3.880000114440918,3.890000104904175,3.799999952316284,3.799999952316284,96200
2009-01-13,1.2477566003799438,3.7899999618530273,3.880000114440918,3.7899999618530273,3.880000114440918,109300
2009-01-14,1.234587550163269,3.75,3.809999942779541,3.630000114440918,3.809999942779541,179800
2009-01-15,1.2115426063537598,3.680000066757202,3.75,3.609999895095825,3.740000009536743,178000
2009-01-16,1.254341721534729,3.809999942779541,3.809999942779541,3.7200000286102295,3.7200000286102295,103800
2009-01-20,1.1852036714553833,3.5999999046325684,3.9100000858306885,3.5999999046325684,3.880000114440918,262700
2009-01-21,1.2312958240509033,3.740000009536743,3.75,3.559999942779541,3.640000104904175,92300
2009-01-22,1.2411723136901855,3.7699999809265137,3.9000000953674316,3.7100000381469727,3.7699999809265137,323900
2009-01-23,1.2510490417480469,3.799999952316284,3.859999895095825,3.7300000190734863,3.7300000190734863,125600
2009-01-26,1.2872631549835205,3.9100000858306885,3.940000057220459,3.799999952316284,3.799999952316284,255500
2009-01-27,1.2839723825454712,3.9000000953674316,3.9700000286102295,3.9000000953674316,3.950000047683716,156500
2009-01-28,1.3103091716766357,3.9800000190734863,4.03000020980835,3.9200000762939453,4.03000020980835,178600
2009-01-29,1.2905552387237549,3.9200000762939453,3.990000009536743,3.9200000762939453,3.930000066757202,63900
2009-01-30,1.2971404790878296,3.940000057220459,3.9800000190734863,3.9000000953674316,3.9200000762939453,76100
2009-02-02,1.313602089881897,3.990000009536743,4.019999980926514,3.880000114440918,3.9200000762939453,68600
2009-02-03,1.303724765777588,3.9600000381469727,3.9800000190734863,3.9000000953674316,3.9200000762939453,143700
2009-02-04,1.3300623893737793,4.039999961853027,4.550000190734863,3.940000057220459,3.940000057220459,233600
2009-02-05,1.3234788179397583,4.019999980926514,4.059999942779541,3.930000066757202,3.9700000286102295,159000
2009-02-06,1.3432310819625854,4.079999923706055,4.099999904632568,3.990000009536743,4.0,109900
2009-02-09,1.3435643911361694,4.050000190734863,4.099999904632568,3.990000009536743,4.019999980926514,113800
2009-02-10,1.3269754648208618,4.0,4.079999923706055,4.0,4.070000171661377,104100
2009-02-11,1.3236597776412964,3.990000009536743,4.010000228881836,3.9800000190734863,3.9800000190734863,50200
2009-02-12,1.3203411102294922,3.9800000190734863,3.990000009536743,3.950000047683716,3.9700000286102295,49900
2009-02-13,1.317023515701294,3.9700000286102295,3.990000009536743,3.950000047683716,3.9800000190734863,48000
2009-02-17,1.2738980054855347,3.8399999141693115,3.9600000381469727,3.5299999713897705,3.9600000381469727,206200
2009-02-18,1.2175002098083496,3.6700000762939453,3.9000000953674316,3.640000104904175,3.8399999141693115,84100
2009-02-19,1.2009129524230957,3.619999885559082,3.7899999618530273,3.5999999046325684,3.7300000190734863,153500
2009-02-20,1.2141824960708618,3.6600000858306885,3.799999952316284,3.509999990463257,3.509999990463257,168200
2009-02-23,1.1677392721176147,3.5199999809265137,3.6500000953674316,3.5,3.640000104904175,102100
2009-02-24,1.1843265295028687,3.569999933242798,3.609999895095825,3.450000047683716,3.509999990463257,122300
2009-02-25,1.2108653783798218,3.6500000953674316,3.6700000762939453,3.5,3.5199999809265137,72700
2009-02-26,1.2141824960708618,3.6600000858306885,3.75,3.619999885559082,3.630000114440918,63700
2009-02-27,1.1975957155227661,3.609999895095825,3.6600000858306885,3.5,3.5999999046325684,152900
2009-03-02,1.0947550535202026,3.299999952316284,3.5999999046325684,3.130000114440918,3.5399999618530273,563800
2009-03-03,1.0848026275634766,3.2699999809265137,3.3499999046325684,3.2300000190734863,3.2699999809265137,218200
2009-03-04,1.0980730056762695,3.309999942779541,3.390000104904175,3.25,3.2799999713897705,70700
2009-03-05,1.064898133277893,3.2100000381469727,3.299999952316284,3.2100000381469727,3.2100000381469727,86500
2009-03-06,1.0483111143112183,3.1600000858306885,3.2699999809265137,3.140000104904175,3.2200000286102295,122200
2009-03-09,1.0211915969848633,3.049999952316284,3.109999895095825,3.0399999618530273,3.0399999618530273,123300
2009-03-10,1.0714136362075806,3.200000047683716,3.240000009536743,3.059999942779541,3.059999942779541,96700
2009-03-11,1.1115915775299072,3.319999933242798,3.390000104904175,3.2200000286102295,3.240000009536743,72900
2009-03-12,1.188598871231079,3.549999952316284,3.5799999237060547,3.319999933242798,3.319999933242798,80700
2009-03-13,1.2153849601745605,3.630000114440918,3.6700000762939453,3.509999990463257,3.6500000953674316,127600
2009-03-16,1.2120366096496582,3.619999885559082,3.700000047683716,3.5999999046325684,3.700000047683716,86600
2009-03-17,1.2019922733306885,3.5899999141693115,3.640000104904175,3.5199999809265137,3.640000104904175,57100
2009-03-18,1.1852514743804932,3.5399999618530273,3.630000114440918,3.5399999618530273,3.5399999618530273,48400
2009-03-19,1.1517702341079712,3.440000057220459,3.630000114440918,3.440000057220459,3.609999895095825,93100
2009-03-20,1.1517702341079712,3.440000057220459,3.4600000381469727,3.359999895095825,3.4000000953674316,107400
2009-03-23,1.1718589067459106,3.5,3.5899999141693115,3.440000057220459,3.440000057220459,98000
2009-03-24,1.1986440420150757,3.5799999237060547,3.619999885559082,3.5,3.5,67400
2009-03-25,1.1986440420150757,3.5799999237060547,3.630000114440918,3.549999952316284,3.559999942779541,65800
2009-03-26,1.2220813035964966,3.6500000953674316,3.6600000858306885,3.569999933242798,3.5799999237060547,42700
2009-03-27,1.205340027809143,3.5999999046325684,3.680000066757202,3.5999999046325684,3.6500000953674316,35400
2009-03-30,1.1417250633239746,3.4100000858306885,3.569999933242798,3.380000114440918,3.569999933242798,33000
2009-03-31,1.188598871231079,3.549999952316284,3.559999942779541,3.450000047683716,3.490000009536743,74900
2009-04-01,1.205340027809143,3.5999999046325684,3.6600000858306885,3.4800000190734863,3.5,64700
2009-04-02,1.2555618286132812,3.75,3.7899999618530273,3.700000047683716,3.7100000381469727,71200
2009-04-03,1.2522145509719849,3.740000009536743,3.8499999046325684,3.690000057220459,3.700000047683716,109300
2009-04-06,1.2354748249053955,3.690000057220459,3.75,3.6500000953674316,3.7100000381469727,93400
2009-04-07,1.2522145509719849,3.740000009536743,3.740000009536743,3.5999999046325684,3.619999885559082,78200
2009-04-08,1.2383795976638794,3.6700000762939453,3.7899999618530273,3.640000104904175,3.7100000381469727,80100
2009-04-09,1.2620006799697876,3.740000009536743,3.7799999713897705,3.680000066757202,3.7200000286102295,107100
2009-04-13,1.2687489986419678,3.759999990463257,3.809999942779541,3.759999990463257,3.7799999713897705,135700
2009-04-14,1.2687489986419678,3.759999990463257,3.819999933242798,3.75,3.75,81300
2009-04-15,1.2957435846328735,3.8399999141693115,3.890000104904175,3.7899999618530273,3.869999885559082,82200
2009-04-16,1.322737693786621,3.9200000762939453,3.9800000190734863,3.890000104904175,3.9000000953674316,89000
2009-04-17,1.3429845571517944,3.9800000190734863,4.010000228881836,3.9600000381469727,3.9600000381469727,116200
2009-04-20,1.3328607082366943,3.950000047683716,4.070000171661377,3.880000114440918,3.9600000381469727,104700
2009-04-21,1.3396098613739014,3.9700000286102295,4.010000228881836,3.819999933242798,3.819999933242798,136500
2009-04-22,1.3429845571517944,3.9800000190734863,4.050000190734863,3.950000047683716,3.9600000381469727,99200
2009-04-23,1.3632296323776245,4.039999961853027,4.039999961853027,3.950000047683716,3.990000009536743,67500
2009-04-24,1.3598554134368896,4.03000020980835,4.070000171661377,4.0,4.010000228881836,50100
2009-04-27,1.3666048049926758,4.050000190734863,4.070000171661377,3.9600000381469727,3.9700000286102295,45200
2009-04-28,1.3801014423370361,4.090000152587891,4.090000152587891,4.03000020980835,4.050000190734863,92200
2009-04-29,1.393599033355713,4.130000114440918,4.139999866485596,4.059999942779541,4.070000171661377,118800
2009-04-30,1.4340907335281372,4.25,4.28000020980835,4.130000114440918,4.130000114440918,178700
2009-05-01,1.4374662637710571,4.260000228881836,4.349999904632568,4.150000095367432,4.21999979019165,161200
2009-05-04,1.4509636163711548,4.300000190734863,4.329999923706055,4.260000228881836,4.260000228881836,78900
2009-05-05,1.430716872215271,4.239999771118164,4.349999904632568,4.230000019073486,4.230000019073486,111100
2009-05-06,1.471208095550537,4.360000133514404,4.400000095367432,4.260000228881836,4.260000228881836,121000
2009-05-07,1.457281470298767,4.289999961853027,4.340000152587891,4.230000019073486,4.340000152587891,192700
2009-05-08,1.4742661714553833,4.340000152587891,4.360000133514404,4.28000020980835,4.28000020980835,80300
2009-05-11,1.4538846015930176,4.28000020980835,4.320000171661377,4.260000228881836,4.300000190734863,120000
2009-05-12,1.4708693027496338,4.329999923706055,4.340000152587891,4.269999980926514,4.329999923706055,151500
2009-05-13,1.4436943531036377,4.25,4.329999923706055,4.179999828338623,4.239999771118164,152600
2009-05-14,1.4606786966323853,4.300000190734863,4.349999904632568,4.210000038146973,4.21999979019165,108700
2009-05-15,1.457281470298767,4.289999961853027,4.440000057220459,4.260000228881836,4.269999980926514,50200
2009-05-18,1.4606786966323853,4.300000190734863,4.480000019073486,4.300000190734863,4.349999904632568,127700
2009-05-19,1.5286165475845337,4.5,4.650000095367432,4.349999904632568,4.349999904632568,133900
2009-05-20,1.5286165475845337,4.5,4.75,4.480000019073486,4.489999771118164,479300
2009-05-21,1.5354106426239014,4.519999980926514,4.579999923706055,4.449999809265137,4.510000228881836,118300
2009-05-22,1.5625863075256348,4.599999904632568,4.659999847412109,4.5,4.5,159100
2009-05-26,1.5999528169631958,4.710000038146973,4.769999980926514,4.619999885559082,4.650000095367432,298500
2009-05-27,1.603348970413208,4.71999979019165,4.800000190734863,4.670000076293945,4.789999961853027,316800
2009-05-28,1.603348970413208,4.71999979019165,4.789999961853027,4.670000076293945,4.730000019073486,175100
2009-05-29,1.6067461967468262,4.730000019073486,4.730000019073486,4.690000057220459,4.71999979019165,94200
2009-06-01,1.6135388612747192,4.75,4.840000152587891,4.730000019073486,4.760000228881836,187800
2009-06-02,1.6169377565383911,4.760000228881836,4.800000190734863,4.71999979019165,4.75,51900
2009-06-03,1.5931589603424072,4.690000057220459,4.730000019073486,4.670000076293945,4.71999979019165,127500
2009-06-04,1.603348970413208,4.71999979019165,4.75,4.670000076293945,4.679999828338623,192500
2009-06-05,1.5965557098388672,4.699999809265137,4.760000228881836,4.670000076293945,4.75,149000
2009-06-08,1.5924549102783203,4.659999847412109,4.71999979019165,4.610000133514404,4.679999828338623,138600
2009-06-09,1.5890381336212158,4.650000095367432,4.71999979019165,4.650000095367432,4.699999809265137,95600
2009-06-10,1.623209834098816,4.75,4.769999980926514,4.690000057220459,4.690000057220459,104300
2009-06-11,1.6300451755523682,4.769999980926514,4.820000171661377,4.75,4.75,79200
2009-06-12,1.6505481004714966,4.829999923706055,4.929999828338623,4.769999980926514,4.769999980926514,58200
2009-06-15,1.6573834419250488,4.849999904632568,4.849999904632568,4.710000038146973,4.820000171661377,63100
2009-06-16,1.6334620714187622,4.78000020980835,4.900000095367432,4.699999809265137,4.900000095367432,196000
2009-06-17,1.6129580736160278,4.71999979019165,4.800000190734863,4.710000038146973,4.739999771118164,26300
2009-06-18,1.6437139511108398,4.809999942779541,4.809999942779541,4.730000019073486,4.75,73400
2009-06-19,1.6163748502731323,4.730000019073486,4.840000152587891,4.710000038146973,4.800000190734863,51800
2009-06-22,1.606123924255371,4.699999809265137,4.75,4.670000076293945,4.710000038146973,77500
2009-06-23,1.6129580736160278,4.71999979019165,4.760000228881836,4.679999828338623,4.710000038146973,69100
2009-06-24,1.6197930574417114,4.739999771118164,4.820000171661377,4.699999809265137,4.699999809265137,111100
2009-06-25,1.6368800401687622,4.789999961853027,4.789999961853027,4.690000057220459,4.75,48600
2009-06-26,1.5958722829818726,4.670000076293945,4.840000152587891,4.650000095367432,4.75,200400
2009-06-29,1.6266279220581055,4.760000228881836,4.789999961853027,4.690000057220459,4.690000057220459,118400
2009-06-30,1.602705717086792,4.690000057220459,4.769999980926514,4.670000076293945,4.739999771118164,82500
2009-07-01,1.6266279220581055,4.760000228881836,4.769999980926514,4.679999828338623,4.679999828338623,144800
2009-07-02,1.6129580736160278,4.71999979019165,4.760000228881836,4.679999828338623,4.699999809265137,58100
2009-07-06,1.602705717086792,4.690000057220459,4.699999809265137,4.630000114440918,4.639999866485596,70400
2009-07-07,1.5787853002548218,4.619999885559082,4.690000057220459,4.409999847412109,4.429999828338623,206500
2009-07-08,1.584629774093628,4.610000133514404,4.619999885559082,4.550000190734863,4.619999885559082,93100
2009-07-09,1.6018153429031372,4.659999847412109,4.659999847412109,4.599999904632568,4.630000114440918,109200
2009-07-10,1.6018153429031372,4.659999847412109,4.679999828338623,4.630000114440918,4.650000095367432,124800
2009-07-13,1.6155649423599243,4.699999809265137,4.699999809265137,4.630000114440918,4.659999847412109,184100
2009-07-14,1.6190036535263062,4.710000038146973,4.71999979019165,4.670000076293945,4.710000038146973,240700
2009-07-15,1.6361898183822632,4.760000228881836,4.78000020980835,4.710000038146973,4.78000020980835,113800
2009-07-16,1.6327524185180664,4.75,4.760000228881836,4.699999809265137,4.730000019073486,180000
2009-07-17,1.6327524185180664,4.75,4.820000171661377,4.730000019073486,4.75,282400
2009-07-20,1.6293144226074219,4.739999771118164,4.769999980926514,4.71999979019165,4.769999980926514,222900
2009-07-21,1.6327524185180664,4.75,4.769999980926514,4.71999979019165,4.739999771118164,111900
2009-07-22,1.6327524185180664,4.75,4.820000171661377,4.739999771118164,4.75,61800
2009-07-23,1.6430644989013672,4.78000020980835,4.869999885559082,4.75,4.75,296400
2009-07-24,1.6671264171600342,4.849999904632568,4.860000133514404,4.789999961853027,4.789999961853027,104400
2009-07-27,1.6843128204345703,4.900000095367432,4.900000095367432,4.829999923706055,4.829999923706055,87900
2009-07-28,1.680875301361084,4.889999866485596,4.909999847412109,4.869999885559082,4.869999885559082,118300
2009-07-29,1.6843128204345703,4.900000095367432,4.929999828338623,4.880000114440918,4.880000114440918,145500
2009-07-30,1.7083745002746582,4.96999979019165,5.0,4.909999847412109,4.929999828338623,83900
2009-07-31,1.7186862230300903,5.0,5.050000190734863,4.940000057220459,4.940000057220459,337100
2009-08-03,1.746186375617981,5.079999923706055,5.139999866485596,5.019999980926514,5.019999980926514,167600
2009-08-04,1.7393100261688232,5.059999942779541,5.090000152587891,5.019999980926514,5.050000190734863,179600
2009-08-05,1.7427486181259155,5.070000171661377,5.079999923706055,5.019999980926514,5.019999980926514,245600
2009-08-06,1.7427486181259155,5.070000171661377,5.110000133514404,5.070000171661377,5.070000171661377,156400
2009-08-07,1.7702475786209106,5.150000095367432,5.150000095367432,5.090000152587891,5.099999904632568,111600
2009-08-10,1.7750827074050903,5.139999866485596,5.150000095367432,5.090000152587891,5.119999885559082,84600
2009-08-11,1.7750827074050903,5.139999866485596,5.170000076293945,5.090000152587891,5.099999904632568,164700
2009-08-12,1.7716279029846191,5.130000114440918,5.150000095367432,5.110000133514404,5.110000133514404,95500
2009-08-13,1.7888957262039185,5.179999828338623,5.199999809265137,5.110000133514404,5.139999866485596,174000
2009-08-14,1.7578155994415283,5.090000152587891,5.179999828338623,5.039999961853027,5.179999828338623,116300
2009-08-17,1.7094666957855225,4.949999809265137,5.059999942779541,4.929999828338623,5.050000190734863,171900
2009-08-18,1.7440015077590942,5.050000190734863,5.059999942779541,4.920000076293945,4.929999828338623,103400
2009-08-19,1.7301872968673706,5.010000228881836,5.039999961853027,4.960000038146973,4.960000038146973,94900
2009-08-20,1.740548014640808,5.039999961853027,5.090000152587891,4.989999771118164,5.010000228881836,132300
2009-08-21,1.7509084939956665,5.070000171661377,5.099999904632568,5.039999961853027,5.059999942779541,105400
2009-08-24,1.7474539279937744,5.059999942779541,5.119999885559082,5.059999942779541,5.079999923706055,91800
2009-08-25,1.7819896936416626,5.159999847412109,5.159999847412109,5.079999923706055,5.079999923706055,124200
2009-08-26,1.7716279029846191,5.130000114440918,5.159999847412109,5.110000133514404,5.130000114440918,169500
2009-08-27,1.7854429483413696,5.170000076293945,5.170000076293945,5.119999885559082,5.150000095367432,52200
2009-08-28,1.8061622381210327,5.230000019073486,5.25,5.190000057220459,5.199999809265137,138200
2009-08-31,1.7819896936416626,5.159999847412109,5.230000019073486,5.150000095367432,5.230000019073486,103300
2009-09-01,1.7888957262039185,5.179999828338623,5.190000057220459,5.119999885559082,5.170000076293945,76000
2009-09-02,1.7750827074050903,5.139999866485596,5.210000038146973,5.130000114440918,5.210000038146973,118900
2009-09-03,1.7958035469055176,5.199999809265137,5.210000038146973,5.150000095367432,5.159999847412109,98900
2009-09-04,1.8130699396133423,5.25,5.28000020980835,5.199999809265137,5.230000019073486,88800
2009-09-08,1.8325061798095703,5.28000020980835,5.300000190734863,5.239999771118164,5.28000020980835,119600
2009-09-09,1.8359763622283936,5.289999961853027,5.309999942779541,5.269999980926514,5.28000020980835,115600
2009-09-10,1.8533304929733276,5.340000152587891,5.349999904632568,5.300000190734863,5.309999942779541,125700
2009-09-11,1.8533304929733276,5.340000152587891,5.380000114440918,5.300000190734863,5.369999885559082,87400
2009-09-14,1.8672120571136475,5.380000114440918,5.380000114440918,5.289999961853027,5.320000171661377,70100
2009-09-15,1.8741538524627686,5.400000095367432,5.400000095367432,5.360000133514404,5.400000095367432,101200
2009-09-16,1.8845643997192383,5.429999828338623,5.449999809265137,5.389999866485596,5.400000095367432,169600
2009-09-17,1.8949768543243408,5.460000038146973,5.460000038146973,5.409999847412109,5.440000057220459,125400
2009-09-18,1.922742486000061,5.539999961853027,5.539999961853027,5.449999809265137,5.480000019073486,70900
2009-09-21,1.9331538677215576,5.570000171661377,5.610000133514404,5.510000228881836,5.510000228881836,108600
2009-09-22,1.953979730606079,5.630000114440918,5.650000095367432,5.579999923706055,5.599999904632568,188700
2009-09-23,1.9505083560943604,5.619999885559082,5.699999809265137,5.610000133514404,5.619999885559082,202900
2009-09-24,1.9331538677215576,5.570000171661377,5.639999866485596,5.570000171661377,5.639999866485596,123100
2009-09-25,1.9262136220932007,5.550000190734863,5.599999904632568,5.5,5.559999942779541,139200
2009-09-28,1.9400956630706787,5.590000152587891,5.590000152587891,5.550000190734863,5.570000171661377,170000
2009-09-29,1.9296833276748657,5.559999942779541,5.619999885559082,5.539999961853027,5.579999923706055,257200
2009-09-30,1.9296833276748657,5.559999942779541,5.599999904632568,5.53000020980835,5.599999904632568,187200
2009-10-01,1.9331538677215576,5.570000171661377,5.570000171661377,5.539999961853027,5.550000190734863,133500
2009-10-02,1.9366259574890137,5.579999923706055,5.599999904632568,5.5,5.539999961853027,83200
2009-10-05,1.9678620100021362,5.670000076293945,5.670000076293945,5.599999904632568,5.659999847412109,106900
2009-10-06,1.9748027324676514,5.690000057220459,5.699999809265137,5.659999847412109,5.659999847412109,162700
2009-10-07,1.9734082221984863,5.659999847412109,5.829999923706055,5.619999885559082,5.650000095367432,323700
2009-10-08,1.9629480838775635,5.630000114440918,5.710000038146973,5.619999885559082,5.710000038146973,82500
2009-10-09,1.9838682413101196,5.690000057220459,5.699999809265137,5.630000114440918,5.639999866485596,84500
2009-10-12,1.9943277835845947,5.71999979019165,5.730000019073486,5.650000095367432,5.699999809265137,53200
2009-10-13,1.9768953323364258,5.670000076293945,5.699999809265137,5.650000095367432,5.659999847412109,75900
2009-10-14,1.98735511302948,5.699999809265137,5.71999979019165,5.679999828338623,5.71999979019165,73400
2009-10-15,1.9734082221984863,5.659999847412109,5.699999809265137,5.639999866485596,5.679999828338623,62100
2009-10-16,1.9594619274139404,5.619999885559082,5.639999866485596,5.579999923706055,5.630000114440918,169900
2009-10-19,1.9768953323364258,5.670000076293945,5.679999828338623,5.130000114440918,5.159999847412109,125600
2009-10-20,2.0013012886047363,5.739999771118164,5.75,5.679999828338623,5.710000038146973,145800
2009-10-21,2.0152475833892822,5.78000020980835,5.789999961853027,5.710000038146973,5.710000038146973,110300
2009-10-22,2.036165952682495,5.840000152587891,5.869999885559082,5.769999980926514,5.769999980926514,111500
2009-10-23,2.043140411376953,5.860000133514404,5.909999847412109,5.840000152587891,5.860000133514404,80700
2009-10-26,2.0466277599334717,5.869999885559082,5.889999866485596,5.840000152587891,5.869999885559082,70400
2009-10-27,2.0291948318481445,5.820000171661377,5.880000114440918,5.78000020980835,5.849999904632568,125800
2009-10-28,1.9211101531982422,5.510000228881836,5.829999923706055,5.429999828338623,5.820000171661377,235100
2009-10-29,1.9664349555969238,5.639999866485596,5.659999847412109,5.519999980926514,5.53000020980835,370600
2009-10-30,1.9420288801193237,5.570000171661377,5.699999809265137,5.519999980926514,5.639999866485596,204800
2009-11-02,1.9524896144866943,5.599999904632568,5.630000114440918,5.550000190734863,5.590000152587891,128500
2009-11-03,1.9490026235580444,5.590000152587891,5.630000114440918,5.570000171661377,5.599999904632568,82100
2009-11-04,1.9629480838775635,5.630000114440918,5.659999847412109,5.610000133514404,5.630000114440918,64000
2009-11-05,1.9420288801193237,5.570000171661377,5.690000057220459,5.570000171661377,5.659999847412109,239800
2009-11-06,1.9559749364852905,5.610000133514404,5.610000133514404,5.559999942779541,5.570000171661377,145300
2009-11-09,1.9657868146896362,5.610000133514404,5.619999885559082,5.590000152587891,5.610000133514404,92700
2009-11-10,1.9622838497161865,5.599999904632568,5.639999866485596,5.489999771118164,5.630000114440918,224700
2009-11-11,1.97629976272583,5.639999866485596,5.639999866485596,5.550000190734863,5.590000152587891,152600
2009-11-12,1.9727952480316162,5.630000114440918,5.650000095367432,5.610000133514404,5.619999885559082,91400
2009-11-13,1.9798029661178589,5.650000095367432,5.670000076293945,5.619999885559082,5.659999847412109,78500
2009-11-16,1.9833078384399414,5.659999847412109,5.710000038146973,5.619999885559082,5.659999847412109,97600
2009-11-17,1.9938194751739502,5.690000057220459,5.699999809265137,5.650000095367432,5.670000076293945,106000
2009-11-18,1.997323751449585,5.699999809265137,5.699999809265137,5.650000095367432,5.670000076293945,81700
2009-11-19,1.997323751449585,5.699999809265137,5.699999809265137,5.630000114440918,5.630000114440918,116600
2009-11-20,2.018347978591919,5.760000228881836,5.800000190734863,5.670000076293945,5.699999809265137,134500
2009-11-23,2.0113415718078613,5.739999771118164,5.760000228881836,5.679999828338623,5.710000038146973,179100
2009-11-24,2.018347978591919,5.760000228881836,5.760000228881836,5.699999809265137,5.730000019073486,103900
2009-11-25,2.018347978591919,5.760000228881836,5.78000020980835,5.739999771118164,5.739999771118164,121000
2009-11-27,2.018347978591919,5.760000228881836,5.769999980926514,5.670000076293945,5.699999809265137,35800
2009-11-30,2.018347978591919,5.760000228881836,5.789999961853027,5.71999979019165,5.760000228881836,119100
2009-12-01,2.03586745262146,5.809999942779541,5.809999942779541,5.760000228881836,5.78000020980835,57400
2009-12-02,2.028860330581665,5.789999961853027,5.820000171661377,5.769999980926514,5.809999942779541,97700
2009-12-03,2.03586745262146,5.809999942779541,5.809999942779541,5.769999980926514,5.800000190734863,49100
2009-12-04,2.0568935871124268,5.869999885559082,5.880000114440918,5.800000190734863,5.809999942779541,106600
2009-12-07,2.0814216136932373,5.940000057220459,5.940000057220459,5.789999961853027,5.860000133514404,224100
2009-12-08,2.0916333198547363,5.940000057220459,5.940000057220459,5.860000133514404,5.900000095367432,101800
2009-12-09,2.077547550201416,5.900000095367432,5.940000057220459,5.880000114440918,5.920000076293945,156800
2009-12-10,2.0705041885375977,5.880000114440918,5.920000076293945,5.849999904632568,5.900000095367432,183200
2009-12-11,2.102196455001831,5.96999979019165,5.96999979019165,5.860000133514404,5.860000133514404,211400
2009-12-14,2.1233232021331787,6.03000020980835,6.039999961853027,5.960000038146973,5.96999979019165,177100
2009-12-15,2.1303672790527344,6.050000190734863,6.070000171661377,5.989999771118164,6.03000020980835,194500
2009-12-16,2.133887767791748,6.059999942779541,6.079999923706055,6.03000020980835,6.050000190734863,75200
2009-12-17,2.126845121383667,6.039999961853027,6.050000190734863,6.0,6.03000020980835,271300
2009-12-18,2.1303672790527344,6.050000190734863,6.050000190734863,6.019999980926514,6.03000020980835,107300
2009-12-21,2.1444509029388428,6.090000152587891,6.110000133514404,6.039999961853027,6.050000190734863,117800
2009-12-22,2.1550161838531494,6.119999885559082,6.119999885559082,6.050000190734863,6.099999904632568,179400
2009-12-23,2.1655805110931396,6.150000095367432,6.150000095367432,6.099999904632568,6.099999904632568,108300
2009-12-24,2.1796631813049316,6.190000057220459,6.210000038146973,6.150000095367432,6.179999828338623,59800
2009-12-28,2.1937499046325684,6.230000019073486,6.260000228881836,6.210000038146973,6.230000019073486,107700
2009-12-29,2.211796283721924,6.25,6.260000228881836,6.179999828338623,6.25,120100
2009-12-30,2.21887469291687,6.269999980926514,6.289999961853027,6.239999771118164,6.25,192000
2009-12-31,2.2153372764587402,6.260000228881836,6.260000228881836,6.179999828338623,6.210000038146973,124400
2010-01-04,2.2047197818756104,6.230000019073486,6.269999980926514,6.190000057220459,6.230000019073486,296100
2010-01-05,2.194103956222534,6.199999809265137,6.269999980926514,6.190000057220459,6.190000057220459,186100
2010-01-06,2.21887469291687,6.269999980926514,6.309999942779541,6.230000019073486,6.239999771118164,145700
2010-01-07,2.247185468673706,6.349999904632568,6.349999904632568,6.269999980926514,6.28000020980835,186900
2010-01-08,2.2648816108703613,6.400000095367432,6.489999771118164,6.340000152587891,6.369999885559082,145900
2010-01-11,2.271959066390991,6.420000076293945,6.460000038146973,6.400000095367432,6.429999828338623,225400
2010-01-12,2.271959066390991,6.420000076293945,6.460000038146973,6.409999847412109,6.460000038146973,259300
2010-01-13,2.2825748920440674,6.449999809265137,6.460000038146973,6.400000095367432,6.449999809265137,209100
2010-01-14,2.275498628616333,6.429999828338623,6.460000038146973,6.420000076293945,6.460000038146973,173400
2010-01-15,2.2931926250457764,6.480000019073486,6.5,6.449999809265137,6.46999979019165,227700
2010-01-19,2.303809642791748,6.510000228881836,6.539999961853027,6.460000038146973,6.489999771118164,160400
2010-01-20,2.2967312335968018,6.489999771118164,6.559999942779541,6.489999771118164,6.53000020980835,120000
2010-01-21,2.3321187496185303,6.590000152587891,6.599999904632568,6.510000228881836,6.539999961853027,381600
2010-01-22,2.3356592655181885,6.599999904632568,6.639999866485596,6.550000190734863,6.639999866485596,366400
2010-01-25,2.3356592655181885,6.599999904632568,6.639999866485596,6.570000171661377,6.639999866485596,276300
2010-01-26,2.3108863830566406,6.53000020980835,6.699999809265137,6.53000020980835,6.639999866485596,282800
2010-01-27,2.307347297668457,6.519999980926514,6.739999771118164,6.510000228881836,6.639999866485596,322600
2010-01-28,2.339198112487793,6.610000133514404,6.710000038146973,6.550000190734863,6.599999904632568,407000
2010-01-29,2.317964792251587,6.550000190734863,6.699999809265137,6.53000020980835,6.699999809265137,194400
2010-02-01,2.303809642791748,6.510000228881836,6.610000133514404,6.449999809265137,6.53000020980835,293100
2010-02-02,2.339198112487793,6.610000133514404,6.630000114440918,6.510000228881836,6.510000228881836,151600
2010-02-03,2.399357795715332,6.78000020980835,6.78000020980835,6.579999923706055,6.619999885559082,222700
2010-02-04,2.3462748527526855,6.630000114440918,6.710000038146973,6.599999904632568,6.710000038146973,421600
2010-02-05,2.3462748527526855,6.630000114440918,6.679999828338623,6.53000020980835,6.579999923706055,243600
2010-02-08,2.347341775894165,6.599999904632568,6.650000095367432,6.489999771118164,6.650000095367432,177000
2010-02-09,2.3544557094573975,6.619999885559082,6.679999828338623,6.539999961853027,6.630000114440918,169300
2010-02-10,2.358011245727539,6.630000114440918,6.639999866485596,6.590000152587891,6.599999904632568,201100
2010-02-11,2.400690793991089,6.75,6.75,6.639999866485596,6.639999866485596,276500
2010-02-12,2.3971338272094727,6.739999771118164,6.78000020980835,6.659999847412109,6.659999847412109,217000
2010-02-16,2.3971338272094727,6.739999771118164,6.800000190734863,6.730000019073486,6.760000228881836,196600
2010-02-17,2.411360740661621,6.78000020980835,6.829999923706055,6.760000228881836,6.769999980926514,187600
2010-02-18,2.414917230606079,6.789999961853027,6.829999923706055,6.739999771118164,6.820000171661377,254400
2010-02-19,2.4291436672210693,6.829999923706055,6.869999885559082,6.75,6.760000228881836,138700
2010-02-22,2.4362564086914062,6.849999904632568,6.920000076293945,6.809999942779541,6.880000114440918,270800
2010-02-23,2.457596778869629,6.909999847412109,6.949999809265137,6.769999980926514,6.769999980926514,202800
2010-02-24,2.4967191219329834,7.019999980926514,7.079999923706055,6.940000057220459,6.989999771118164,342800
2010-02-25,2.4967191219329834,7.019999980926514,7.039999961853027,6.949999809265137,7.03000020980835,296300
2010-02-26,2.4967191219329834,7.019999980926514,7.059999942779541,6.949999809265137,7.0,247300
2010-03-01,2.532284736633301,7.119999885559082,7.170000076293945,7.019999980926514,7.03000020980835,194800
2010-03-02,2.5429530143737793,7.150000095367432,7.199999809265137,7.099999904632568,7.190000057220459,279800
2010-03-03,2.51450252532959,7.070000171661377,7.190000057220459,7.039999961853027,7.170000076293945,214100
2010-03-04,2.486048698425293,6.989999771118164,7.110000133514404,6.960000038146973,7.03000020980835,147200
2010-03-05,2.5073883533477783,7.050000190734863,7.070000171661377,6.96999979019165,7.019999980926514,113700
2010-03-08,2.5152485370635986,7.039999961853027,7.110000133514404,6.900000095367432,7.059999942779541,248000
2010-03-09,2.479520320892334,6.940000057220459,7.039999961853027,6.920000076293945,7.039999961853027,139200
2010-03-10,2.490237236022949,6.96999979019165,7.03000020980835,6.949999809265137,6.989999771118164,145500
2010-03-11,2.5152485370635986,7.039999961853027,7.050000190734863,6.949999809265137,7.010000228881836,77600
2010-03-12,2.5152485370635986,7.039999961853027,7.150000095367432,6.989999771118164,7.079999923706055,219900
2010-03-15,2.490237236022949,6.96999979019165,7.130000114440918,6.96999979019165,7.079999923706055,133300
2010-03-16,2.458081007003784,6.880000114440918,7.090000152587891,6.860000133514404,7.050000190734863,221600
2010-03-17,2.4509379863739014,6.860000133514404,6.989999771118164,6.849999904632568,6.96999979019165,214700
2010-03-18,2.4509379863739014,6.860000133514404,6.960000038146973,6.849999904632568,6.900000095367432,164800
2010-03-19,2.4437923431396484,6.840000152587891,6.909999847412109,6.820000171661377,6.840000152587891,131900
2010-03-22,2.447364568710327,6.849999904632568,6.920000076293945,6.849999904632568,6.880000114440918,103300
2010-03-23,2.447364568710327,6.849999904632568,6.940000057220459,6.829999923706055,6.900000095367432,231800
2010-03-24,2.447364568710327,6.849999904632568,6.920000076293945,6.840000152587891,6.889999866485596,195800
2010-03-25,2.4545111656188965,6.869999885559082,6.920000076293945,6.860000133514404,6.909999847412109,190100
2010-03-26,2.490237236022949,6.96999979019165,6.96999979019165,6.900000095367432,6.920000076293945,175200
2010-03-29,2.504530191421509,7.010000228881836,7.059999942779541,6.989999771118164,6.989999771118164,186300
2010-03-30,2.4830923080444336,6.949999809265137,7.050000190734863,6.949999809265137,7.050000190734863,140200
2010-03-31,2.4688024520874023,6.909999847412109,7.0,6.900000095367432,6.989999771118164,172500
2010-04-01,2.472374677658081,6.920000076293945,6.989999771118164,6.900000095367432,6.989999771118164,159700
2010-04-05,2.4973838329315186,6.989999771118164,6.989999771118164,6.940000057220459,6.980000019073486,102000
2010-04-06,2.5009570121765137,7.0,7.010000228881836,6.960000038146973,7.0,94200
2010-04-07,2.5009570121765137,7.0,7.019999980926514,6.880000114440918,7.019999980926514,383900
2010-04-08,2.5339787006378174,7.059999942779541,7.059999942779541,6.989999771118164,6.989999771118164,108100
2010-04-09,2.5447447299957275,7.090000152587891,7.110000133514404,7.059999942779541,7.110000133514404,96100
2010-04-12,2.5411550998687744,7.079999923706055,7.099999904632568,7.059999942779541,7.070000171661377,106100
2010-04-13,2.5483341217041016,7.099999904632568,7.110000133514404,7.050000190734863,7.070000171661377,163100
2010-04-14,2.5411550998687744,7.079999923706055,7.139999866485596,7.070000171661377,7.090000152587891,101500
2010-04-15,2.519620418548584,7.019999980926514,7.099999904632568,7.019999980926514,7.070000171661377,259200
2010-04-16,2.4980876445770264,6.960000038146973,7.050000190734863,6.840000152587891,7.050000190734863,188300
2010-04-19,2.5052649974823,6.980000019073486,7.019999980926514,6.940000057220459,6.989999771118164,137500
2010-04-20,2.530388116836548,7.050000190734863,7.050000190734863,7.0,7.0,87000
2010-04-21,2.5160326957702637,7.010000228881836,7.079999923706055,7.010000228881836,7.059999942779541,127000
2010-04-22,2.530388116836548,7.050000190734863,7.050000190734863,7.010000228881836,7.039999961853027,49300
2010-04-23,2.5267996788024902,7.039999961853027,7.079999923706055,7.019999980926514,7.079999923706055,84700
2010-04-26,2.5375680923461914,7.070000171661377,7.070000171661377,7.010000228881836,7.059999942779541,160100
2010-04-27,2.5339787006378174,7.059999942779541,7.070000171661377,7.03000020980835,7.070000171661377,62200
2010-04-28,2.512441396713257,7.0,7.059999942779541,6.980000019073486,7.059999942779541,192300
2010-04-29,2.512441396713257,7.0,7.070000171661377,6.989999771118164,7.050000190734863,70100
2010-04-30,2.5088531970977783,6.989999771118164,7.050000190734863,6.980000019073486,7.0,158100
2010-05-03,2.5375680923461914,7.070000171661377,7.070000171661377,6.989999771118164,6.989999771118164,96900
2010-05-04,2.5339787006378174,7.059999942779541,7.059999942779541,7.0,7.050000190734863,128800
2010-05-05,2.455015182495117,6.840000152587891,7.050000190734863,6.829999923706055,7.050000190734863,260200
2010-05-06,2.2647879123687744,6.309999942779541,6.860000133514404,2.9800000190734863,6.769999980926514,1007800
2010-05-07,2.3042690753936768,6.420000076293945,6.539999961853027,6.119999885559082,6.429999828338623,603700
2010-05-10,2.413961410522461,6.690000057220459,6.989999771118164,6.619999885559082,6.829999923706055,251700
2010-05-11,2.468085765838623,6.840000152587891,6.909999847412109,6.619999885559082,6.650000095367432,180300
2010-05-12,2.4716947078704834,6.849999904632568,6.949999809265137,6.800000190734863,6.920000076293945,105800
2010-05-13,2.489736318588257,6.900000095367432,6.949999809265137,6.820000171661377,6.900000095367432,138800
2010-05-14,2.4753034114837646,6.860000133514404,6.940000057220459,6.75,6.940000057220459,215800
2010-05-17,2.4103527069091797,6.679999828338623,6.889999866485596,6.579999923706055,6.860000133514404,174700
2010-05-18,2.3706612586975098,6.570000171661377,6.820000171661377,6.53000020980835,6.820000171661377,121600
2010-05-19,2.3814868927001953,6.599999904632568,6.690000057220459,6.460000038146973,6.639999866485596,180900
2010-05-20,2.287670612335205,6.340000152587891,6.590000152587891,6.159999847412109,6.590000152587891,399800
2010-05-21,2.330970048904419,6.460000038146973,6.5,6.170000076293945,6.170000076293945,160200
2010-05-24,2.3490123748779297,6.510000228881836,6.559999942779541,6.460000038146973,6.480000019073486,116500
2010-05-25,2.334580421447754,6.46999979019165,6.480000019073486,6.300000190734863,6.420000076293945,193800
2010-05-26,2.327361822128296,6.449999809265137,6.619999885559082,6.349999904632568,6.579999923706055,146100
2010-05-27,2.363445520401001,6.550000190734863,6.630000114440918,6.53000020980835,6.619999885559082,134700
2010-05-28,2.3742711544036865,6.579999923706055,6.599999904632568,6.489999771118164,6.510000228881836,81600
2010-06-01,2.395918607711792,6.639999866485596,6.670000076293945,6.519999980926514,6.519999980926514,90200
2010-06-02,2.4067444801330566,6.670000076293945,6.699999809265137,6.619999885559082,6.699999809265137,51900
2010-06-03,2.4247865676879883,6.71999979019165,6.730000019073486,6.650000095367432,6.730000019073486,89300
2010-06-04,2.4031364917755127,6.659999847412109,6.699999809265137,6.619999885559082,6.690000057220459,63500
2010-06-07,2.4067444801330566,6.670000076293945,6.679999828338623,6.639999866485596,6.650000095367432,44600
2010-06-08,2.3976762294769287,6.610000133514404,6.670000076293945,6.510000228881836,6.650000095367432,82400
2010-06-09,2.4121851921081543,6.650000095367432,6.670000076293945,6.610000133514404,6.659999847412109,89700
2010-06-10,2.4121851921081543,6.650000095367432,6.670000076293945,6.619999885559082,6.650000095367432,147400
2010-06-11,2.3976762294769287,6.610000133514404,6.639999866485596,6.590000152587891,6.630000114440918,110500
2010-06-14,2.4194414615631104,6.670000076293945,6.670000076293945,6.610000133514404,6.610000133514404,78000
2010-06-15,2.4121851921081543,6.650000095367432,6.690000057220459,6.630000114440918,6.679999828338623,123600
2010-06-16,2.4194414615631104,6.670000076293945,6.679999828338623,6.619999885559082,6.659999847412109,92300
2010-06-17,2.43757700920105,6.71999979019165,6.71999979019165,6.670000076293945,6.679999828338623,173200
2010-06-18,2.4339492321014404,6.710000038146973,6.75,6.670000076293945,6.739999771118164,141800
2010-06-21,2.4448323249816895,6.739999771118164,6.820000171661377,6.730000019073486,6.730000019073486,163400
2010-06-22,2.4448323249816895,6.739999771118164,6.809999942779541,6.699999809265137,6.800000190734863,99300
2010-06-23,2.4738519191741943,6.820000171661377,6.820000171661377,6.71999979019165,6.769999980926514,70300
2010-06-24,2.47747802734375,6.829999923706055,6.840000152587891,6.760000228881836,6.840000152587891,99700
2010-06-25,2.459341526031494,6.78000020980835,6.820000171661377,6.75,6.820000171661377,82500
2010-06-28,2.4520857334136963,6.760000228881836,6.809999942779541,6.760000228881836,6.809999942779541,110900
2010-06-29,2.441206216812134,6.730000019073486,6.760000228881836,6.690000057220459,6.760000228881836,102200
2010-06-30,2.404930591583252,6.630000114440918,6.75,6.599999904632568,6.730000019073486,125300
2010-07-01,2.383166551589966,6.570000171661377,6.739999771118164,6.519999980926514,6.699999809265137,151900
2010-07-02,2.4121851921081543,6.650000095367432,6.650000095367432,6.539999961853027,6.610000133514404,40800
2010-07-06,2.3940491676330566,6.599999904632568,6.679999828338623,6.519999980926514,6.670000076293945,80000
2010-07-07,2.3976762294769287,6.610000133514404,6.650000095367432,6.550000190734863,6.639999866485596,115500
2010-07-08,2.425025463104248,6.650000095367432,6.650000095367432,6.599999904632568,6.619999885559082,33600
2010-07-09,2.425025463104248,6.650000095367432,6.679999828338623,6.599999904632568,6.679999828338623,54200
2010-07-12,2.425025463104248,6.650000095367432,6.679999828338623,6.630000114440918,6.670000076293945,50800
2010-07-13,2.421380043029785,6.639999866485596,6.690000057220459,6.590000152587891,6.679999828338623,129700
2010-07-14,2.432321310043335,6.670000076293945,6.699999809265137,6.630000114440918,6.679999828338623,99800
2010-07-15,2.435965061187744,6.679999828338623,6.710000038146973,6.630000114440918,6.710000038146973,76400
2010-07-16,2.435965061187744,6.679999828338623,6.699999809265137,6.650000095367432,6.670000076293945,70300
2010-07-19,2.4469056129455566,6.710000038146973,6.739999771118164,6.690000057220459,6.71999979019165,140200
2010-07-20,2.483372211456299,6.809999942779541,6.809999942779541,6.679999828338623,6.71999979019165,154800
2010-07-21,2.497958183288574,6.849999904632568,6.849999904632568,6.789999961853027,6.820000171661377,167800
2010-07-22,2.508899688720703,6.880000114440918,6.929999828338623,6.849999904632568,6.880000114440918,158200
2010-07-23,2.5161921977996826,6.900000095367432,6.900000095367432,6.860000133514404,6.869999885559082,205200
2010-07-26,2.5125467777252197,6.889999866485596,6.889999866485596,6.860000133514404,6.889999866485596,115300
2010-07-27,2.5161921977996826,6.900000095367432,6.900000095367432,6.860000133514404,6.869999885559082,76800
2010-07-28,2.519839286804199,6.909999847412109,6.929999828338623,6.880000114440918,6.900000095367432,127600
2010-07-29,2.530780076980591,6.940000057220459,6.960000038146973,6.909999847412109,6.929999828338623,64600
2010-07-30,2.556306838989258,7.010000228881836,7.019999980926514,6.920000076293945,6.920000076293945,90000
2010-08-02,2.527132987976074,6.929999828338623,7.039999961853027,6.929999828338623,7.039999961853027,108700
2010-08-03,2.5490126609802246,6.989999771118164,6.989999771118164,6.940000057220459,6.949999809265137,90300
2010-08-04,2.552659749984741,7.0,7.010000228881836,6.949999809265137,7.0,64700
2010-08-05,2.530780076980591,6.940000057220459,7.0,6.920000076293945,7.0,130400
2010-08-06,2.487020254135132,6.820000171661377,6.96999979019165,6.800000190734863,6.960000038146973,191500
2010-08-09,2.5071794986724854,6.840000152587891,6.889999866485596,6.730000019073486,6.829999923706055,72700
2010-08-10,2.4741899967193604,6.75,6.849999904632568,6.659999847412109,6.849999904632568,86500
2010-08-11,2.4815218448638916,6.769999980926514,6.800000190734863,6.710000038146973,6.769999980926514,94000
2010-08-12,2.488853693008423,6.789999961853027,6.800000190734863,6.710000038146973,6.789999961853027,80200
2010-08-13,2.492518663406372,6.800000190734863,6.809999942779541,6.710000038146973,6.800000190734863,81800
2010-08-16,2.4778566360473633,6.760000228881836,6.800000190734863,6.71999979019165,6.800000190734863,70700
2010-08-17,2.470524311065674,6.739999771118164,6.789999961853027,6.670000076293945,6.78000020980835,211600
2010-08-18,2.4778566360473633,6.760000228881836,6.760000228881836,6.699999809265137,6.71999979019165,96100
2010-08-19,2.4778566360473633,6.760000228881836,6.789999961853027,6.730000019073486,6.78000020980835,65100
2010-08-20,2.470524311065674,6.739999771118164,6.789999961853027,6.710000038146973,6.78000020980835,68600
2010-08-23,2.4778566360473633,6.760000228881836,6.760000228881836,6.710000038146973,6.710000038146973,69800
2010-08-24,2.488853693008423,6.789999961853027,6.789999961853027,6.699999809265137,6.760000228881836,58100
2010-08-25,2.4815218448638916,6.769999980926514,6.809999942779541,6.760000228881836,6.78000020980835,84500
2010-08-26,2.466858148574829,6.730000019073486,6.809999942779541,6.699999809265137,6.75,117600
2010-08-27,2.492518663406372,6.800000190734863,6.800000190734863,6.71999979019165,6.769999980926514,60500
2010-08-30,2.485185146331787,6.78000020980835,6.800000190734863,6.739999771118164,6.800000190734863,63400
2010-08-31,2.514512777328491,6.860000133514404,6.860000133514404,6.760000228881836,6.789999961853027,55700
2010-09-01,2.492518663406372,6.800000190734863,6.900000095367432,6.789999961853027,6.880000114440918,111200
2010-09-02,2.536503553390503,6.920000076293945,6.920000076293945,6.809999942779541,6.840000152587891,59900
2010-09-03,2.510843515396118,6.849999904632568,6.940000057220459,6.800000190734863,6.900000095367432,72300
2010-09-07,2.52917218208313,6.900000095367432,6.900000095367432,6.829999923706055,6.860000133514404,47600
2010-09-08,2.535067081451416,6.880000114440918,6.929999828338623,6.849999904632568,6.920000076293945,50800
2010-09-09,2.5313825607299805,6.869999885559082,6.889999866485596,6.840000152587891,6.880000114440918,29300
2010-09-10,2.5424373149871826,6.900000095367432,6.900000095367432,6.840000152587891,6.880000114440918,35100
2010-09-13,2.524012327194214,6.849999904632568,6.909999847412109,6.849999904632568,6.909999847412109,30900
2010-09-14,2.5424373149871826,6.900000095367432,6.900000095367432,6.860000133514404,6.880000114440918,34700
2010-09-15,2.509274959564209,6.809999942779541,6.900000095367432,6.789999961853027,6.889999866485596,82400
2010-09-16,2.535067081451416,6.880000114440918,6.880000114440918,6.800000190734863,6.829999923706055,59800
2010-09-17,2.535067081451416,6.880000114440918,6.880000114440918,6.820000171661377,6.880000114440918,43300
2010-09-20,2.5055911540985107,6.800000190734863,6.889999866485596,6.789999961853027,6.880000114440918,70600
2010-09-21,2.549807548522949,6.920000076293945,6.920000076293945,6.789999961853027,6.820000171661377,125600
2010-09-22,2.538752794265747,6.889999866485596,6.940000057220459,6.809999942779541,6.909999847412109,82800
2010-09-23,2.5534913539886475,6.929999828338623,6.929999828338623,6.849999904632568,6.860000133514404,92900
2010-09-24,2.557176113128662,6.940000057220459,6.960000038146973,6.880000114440918,6.949999809265137,38600
2010-09-27,2.509274959564209,6.809999942779541,6.940000057220459,6.800000190734863,6.920000076293945,110300
2010-09-28,2.535067081451416,6.880000114440918,6.900000095367432,6.829999923706055,6.849999904632568,81600
2010-09-29,2.538752794265747,6.889999866485596,6.889999866485596,6.829999923706055,6.869999885559082,78500
2010-09-30,2.535067081451416,6.880000114440918,6.909999847412109,6.800000190734863,6.880000114440918,44500
2010-10-01,2.5756001472473145,6.989999771118164,7.010000228881836,6.889999866485596,6.889999866485596,97700
2010-10-04,2.5608596801757812,6.949999809265137,7.010000228881836,6.940000057220459,7.010000228881836,45300
2010-10-05,2.5719149112701416,6.980000019073486,6.989999771118164,6.900000095367432,6.980000019073486,61400
2010-10-06,2.5704333782196045,6.940000057220459,6.960000038146973,6.860000133514404,6.940000057220459,55200
2010-10-07,2.5482096672058105,6.880000114440918,6.940000057220459,6.710000038146973,6.929999828338623,235900
2010-10-08,2.537097215652466,6.849999904632568,6.940000057220459,6.849999904632568,6.869999885559082,80800
2010-10-11,2.5593223571777344,6.909999847412109,6.909999847412109,6.789999961853027,6.849999904632568,110800
2010-10-12,2.5408051013946533,6.860000133514404,6.909999847412109,6.849999904632568,6.909999847412109,44500
2010-10-13,2.555616617202759,6.900000095367432,6.949999809265137,6.889999866485596,6.900000095367432,89400
2010-10-14,2.6185812950134277,7.070000171661377,7.190000057220459,6.880000114440918,6.880000114440918,392300
2010-10-15,2.592655658721924,7.0,7.050000190734863,6.909999847412109,7.050000190734863,83500
2010-10-18,2.5815443992614746,6.96999979019165,7.03000020980835,6.940000057220459,7.03000020980835,37600
2010-10-19,2.544506549835205,6.869999885559082,6.989999771118164,6.849999904632568,6.949999809265137,70200
2010-10-20,2.5704333782196045,6.940000057220459,6.960000038146973,6.869999885559082,6.900000095367432,44600
2010-10-21,2.5852489471435547,6.980000019073486,7.010000228881836,6.940000057220459,6.96999979019165,81800
2010-10-22,2.5889527797698975,6.989999771118164,7.0,6.920000076293945,6.949999809265137,114900
2010-10-25,2.592655658721924,7.0,7.03000020980835,6.920000076293945,7.03000020980835,103400
2010-10-26,2.592655658721924,7.0,7.010000228881836,6.949999809265137,6.989999771118164,36000
2010-10-27,2.57413649559021,6.949999809265137,7.0,6.900000095367432,7.0,49000
2010-10-28,2.56302547454834,6.920000076293945,6.980000019073486,6.920000076293945,6.96999979019165,51800
2010-10-29,2.5889527797698975,6.989999771118164,7.0,6.909999847412109,6.960000038146973,107300
2010-11-01,2.600064277648926,7.019999980926514,7.039999961853027,6.96999979019165,7.039999961853027,50700
2010-11-02,2.6148786544799805,7.059999942779541,7.059999942779541,6.989999771118164,7.050000190734863,36600
2010-11-03,2.6185812950134277,7.070000171661377,7.119999885559082,7.010000228881836,7.079999923706055,65500
2010-11-04,2.6074719429016113,7.039999961853027,7.110000133514404,7.010000228881836,7.110000133514404,61600
2010-11-05,2.622286558151245,7.079999923706055,7.079999923706055,7.03000020980835,7.059999942779541,53500
2010-11-08,2.6360628604888916,7.079999923706055,7.079999923706055,7.0,7.059999942779541,61700
2010-11-09,2.6323390007019043,7.070000171661377,7.070000171661377,7.0,7.070000171661377,87500
2010-11-10,2.6323390007019043,7.070000171661377,7.070000171661377,6.929999828338623,7.03000020980835,102200
2010-11-11,2.6137239933013916,7.019999980926514,7.059999942779541,6.960000038146973,7.03000020980835,116200
2010-11-12,2.5653202533721924,6.889999866485596,7.0,6.889999866485596,6.949999809265137,97900
2010-11-15,2.550426483154297,6.849999904632568,6.960000038146973,6.849999904632568,6.900000095367432,62600
2010-11-16,2.5541515350341797,6.860000133514404,6.920000076293945,6.699999809265137,6.869999885559082,177200
2010-11-17,2.5951051712036133,6.96999979019165,6.96999979019165,6.860000133514404,6.900000095367432,84900
2010-11-18,2.5951051712036133,6.96999979019165,6.980000019073486,6.909999847412109,6.980000019073486,75600
2010-11-19,2.6211698055267334,7.039999961853027,7.039999961853027,6.909999847412109,6.929999828338623,56400
2010-11-22,2.6323390007019043,7.070000171661377,7.070000171661377,7.0,7.0,65700
2010-11-23,2.62861704826355,7.059999942779541,7.070000171661377,7.03000020980835,7.03000020980835,103900
2010-11-24,2.6323390007019043,7.070000171661377,7.079999923706055,7.010000228881836,7.03000020980835,42300
2010-11-26,2.6360628604888916,7.079999923706055,7.079999923706055,7.059999942779541,7.059999942779541,27300
2010-11-29,2.6137239933013916,7.019999980926514,7.070000171661377,7.010000228881836,7.059999942779541,63900
2010-11-30,2.609999656677246,7.010000228881836,7.070000171661377,7.010000228881836,7.03000020980835,56700
2010-12-01,2.6397838592529297,7.090000152587891,7.090000152587891,7.03000020980835,7.03000020980835,63400
2010-12-02,2.6211698055267334,7.039999961853027,7.090000152587891,7.019999980926514,7.079999923706055,61600
2010-12-03,2.6435086727142334,7.099999904632568,7.099999904632568,7.010000228881836,7.059999942779541,56500
2010-12-06,2.6435086727142334,7.099999904632568,7.099999904632568,7.03000020980835,7.090000152587891,66800
2010-12-07,2.6435086727142334,7.099999904632568,7.099999904632568,7.039999961853027,7.079999923706055,81300
2010-12-08,2.642012119293213,7.059999942779541,7.139999866485596,7.010000228881836,7.090000152587891,133200
2010-12-09,2.656980276107788,7.099999904632568,7.099999904632568,7.010000228881836,7.099999904632568,94600
2010-12-10,2.6532399654388428,7.090000152587891,7.090000152587891,7.019999980926514,7.079999923706055,53200
2010-12-13,2.6233010292053223,7.010000228881836,7.079999923706055,7.010000228881836,7.070000171661377,61800
2010-12-14,2.630786895751953,7.03000020980835,7.079999923706055,6.980000019073486,7.050000190734863,115100
2010-12-15,2.6195590496063232,7.0,7.050000190734863,6.980000019073486,7.03000020980835,62500
2010-12-16,2.6532399654388428,7.090000152587891,7.090000152587891,6.96999979019165,7.039999961853027,119500
2010-12-17,2.679436206817627,7.159999847412109,7.159999847412109,7.059999942779541,7.079999923706055,121200
2010-12-20,2.656980276107788,7.099999904632568,7.159999847412109,7.039999961853027,7.139999866485596,95100
2010-12-21,2.671950340270996,7.139999866485596,7.139999866485596,7.059999942779541,7.139999866485596,65100
2010-12-22,2.671950340270996,7.139999866485596,7.150000095367432,7.050000190734863,7.119999885559082,93800
2010-12-23,2.671950340270996,7.139999866485596,7.150000095367432,7.099999904632568,7.150000095367432,77200
2010-12-27,2.675691843032837,7.150000095367432,7.159999847412109,7.110000133514404,7.110000133514404,51800
2010-12-28,2.6944026947021484,7.199999809265137,7.199999809265137,7.130000114440918,7.139999866485596,68800
2010-12-29,2.704210042953491,7.170000076293945,7.199999809265137,7.079999923706055,7.159999847412109,79100
2010-12-30,2.7117531299591064,7.190000057220459,7.190000057220459,7.070000171661377,7.159999847412109,140800
2010-12-31,2.7004382610321045,7.159999847412109,7.190000057220459,7.130000114440918,7.179999828338623,63800
2011-01-03,2.6928951740264893,7.139999866485596,7.239999771118164,7.110000133514404,7.179999828338623,68600
2011-01-04,2.7117531299591064,7.190000057220459,7.21999979019165,7.159999847412109,7.179999828338623,88600
2011-01-05,2.704210042953491,7.170000076293945,7.210000038146973,7.079999923706055,7.179999828338623,82800
2011-01-06,2.723067283630371,7.21999979019165,7.230000019073486,7.130000114440918,7.130000114440918,70600
2011-01-07,2.7192962169647217,7.210000038146973,7.25,7.199999809265137,7.21999979019165,122800
2011-01-10,2.707981586456299,7.179999828338623,7.239999771118164,7.159999847412109,7.21999979019165,82800
2011-01-11,2.7155232429504395,7.199999809265137,7.210000038146973,7.130000114440918,7.199999809265137,96600
2011-01-12,2.723067283630371,7.21999979019165,7.21999979019165,7.170000076293945,7.199999809265137,42700
2011-01-13,2.7306103706359863,7.239999771118164,7.239999771118164,7.159999847412109,7.210000038146973,66600
2011-01-14,2.6928951740264893,7.139999866485596,7.230000019073486,7.119999885559082,7.199999809265137,116500
2011-01-18,2.704210042953491,7.170000076293945,7.170000076293945,7.110000133514404,7.139999866485596,97100
2011-01-19,2.6778087615966797,7.099999904632568,7.170000076293945,7.070000171661377,7.170000076293945,92700
2011-01-20,2.7004382610321045,7.159999847412109,7.159999847412109,7.059999942779541,7.090000152587891,114700
2011-01-21,2.7381532192230225,7.260000228881836,7.260000228881836,7.159999847412109,7.170000076293945,67200
2011-01-24,2.760782241821289,7.320000171661377,7.349999904632568,7.210000038146973,7.210000038146973,128000
2011-01-25,2.7683265209198,7.340000152587891,7.340000152587891,7.25,7.260000228881836,94500
2011-01-26,2.7532408237457275,7.300000190734863,7.329999923706055,7.210000038146973,7.28000020980835,118300
2011-01-27,2.7834136486053467,7.380000114440918,7.380000114440918,7.300000190734863,7.320000171661377,121900
2011-01-28,2.7834136486053467,7.380000114440918,7.389999866485596,7.300000190734863,7.380000114440918,131900
2011-01-31,2.7834136486053467,7.380000114440918,7.380000114440918,7.329999923706055,7.380000114440918,108100
2011-02-01,2.8022680282592773,7.429999828338623,7.440000057220459,7.360000133514404,7.360000133514404,158700
2011-02-02,2.7645530700683594,7.329999923706055,7.429999828338623,7.320000171661377,7.380000114440918,142100
2011-02-03,2.8022680282592773,7.429999828338623,7.429999828338623,7.340000152587891,7.340000152587891,94700
2011-02-04,2.7758686542510986,7.360000133514404,7.409999847412109,7.300000190734863,7.369999885559082,107500
2011-02-07,2.7909555435180664,7.400000095367432,7.440000057220459,7.369999885559082,7.400000095367432,129900
2011-02-08,2.796640396118164,7.380000114440918,7.389999866485596,7.320000171661377,7.389999866485596,108800
2011-02-09,2.7776920795440674,7.329999923706055,7.369999885559082,7.309999942779541,7.369999885559082,144000
2011-02-10,2.7776920795440674,7.329999923706055,7.340000152587891,7.210000038146973,7.320000171661377,148200
2011-02-11,2.796640396118164,7.380000114440918,7.380000114440918,7.260000228881836,7.269999980926514,108800
2011-02-14,2.8117964267730713,7.420000076293945,7.420000076293945,7.360000133514404,7.380000114440918,99400
2011-02-15,2.8155877590179443,7.429999828338623,7.429999828338623,7.360000133514404,7.389999866485596,93300
2011-02-16,2.8231654167175293,7.449999809265137,7.46999979019165,7.380000114440918,7.420000076293945,91100
2011-02-17,2.8383235931396484,7.489999771118164,7.489999771118164,7.449999809265137,7.460000038146973,65200
2011-02-18,2.8534812927246094,7.53000020980835,7.559999942779541,7.489999771118164,7.559999942779541,99400
2011-02-22,2.8269543647766113,7.460000038146973,7.53000020980835,7.360000133514404,7.480000019073486,124000
2011-02-23,2.792848825454712,7.369999885559082,7.46999979019165,7.309999942779541,7.420000076293945,140500
2011-02-24,2.7776920795440674,7.329999923706055,7.360000133514404,7.269999980926514,7.340000152587891,237500
2011-02-25,2.796640396118164,7.380000114440918,7.380000114440918,7.320000171661377,7.320000171661377,122100
2011-02-28,2.8004281520843506,7.389999866485596,7.449999809265137,7.360000133514404,7.360000133514404,147200
2011-03-01,2.8534812927246094,7.53000020980835,7.53000020980835,7.400000095367432,7.400000095367432,138200
2011-03-02,2.8724284172058105,7.579999923706055,7.579999923706055,7.449999809265137,7.480000019073486,268500
2011-03-03,2.857271432876587,7.539999961853027,7.559999942779541,7.460000038146973,7.559999942779541,140200
2011-03-04,2.8496923446655273,7.519999980926514,7.519999980926514,7.429999828338623,7.510000228881836,136100
2011-03-07,2.8762176036834717,7.590000152587891,7.599999904632568,7.420000076293945,7.550000190734863,136000
2011-03-08,2.8933498859405518,7.599999904632568,7.599999904632568,7.510000228881836,7.590000152587891,138200
2011-03-09,2.9923343658447266,7.860000133514404,7.860000133514404,7.579999923706055,7.630000114440918,120100
2011-03-10,2.9504573345184326,7.75,7.889999866485596,7.75,7.849999904632568,196000
2011-03-11,2.8895423412323,7.590000152587891,7.739999771118164,7.570000171661377,7.730000019073486,118600
2011-03-14,2.9161932468414307,7.659999847412109,7.679999828338623,7.53000020980835,7.639999866485596,144600
2011-03-15,2.859086751937866,7.510000228881836,7.670000076293945,7.429999828338623,7.670000076293945,163000
2011-03-16,2.8667006492614746,7.53000020980835,7.599999904632568,7.429999828338623,7.550000190734863,75700
2011-03-17,2.8857362270355225,7.579999923706055,7.679999828338623,7.489999771118164,7.679999828338623,73900
2011-03-18,2.8781208992004395,7.559999942779541,7.619999885559082,7.480000019073486,7.619999885559082,94000
2011-03-21,2.817209243774414,7.400000095367432,7.650000095367432,7.400000095367432,7.590000152587891,199200
2011-03-22,2.8971598148345947,7.610000133514404,7.610000133514404,7.429999828338623,7.429999828338623,81700
2011-03-23,2.9314212799072266,7.699999809265137,7.760000228881836,7.46999979019165,7.590000152587891,129000
2011-03-24,2.927612781524658,7.690000057220459,7.789999961853027,7.579999923706055,7.789999961853027,113200
2011-03-25,2.9123857021331787,7.650000095367432,7.679999828338623,7.550000190734863,7.679999828338623,84500
2011-03-28,2.8743155002593994,7.550000190734863,7.630000114440918,7.53000020980835,7.53000020980835,121200
2011-03-29,2.847667694091797,7.480000019073486,7.53000020980835,7.460000038146973,7.53000020980835,171600
2011-03-30,2.790560245513916,7.329999923706055,7.5,7.300000190734863,7.5,363600
2011-03-31,2.77152419090271,7.28000020980835,7.340000152587891,7.179999828338623,7.300000190734863,591500
2011-04-01,2.8210158348083496,7.409999847412109,7.409999847412109,7.239999771118164,7.25,271200
2011-04-04,2.813403606414795,7.389999866485596,7.389999866485596,7.260000228881836,7.360000133514404,157100
2011-04-05,2.847667694091797,7.480000019073486,7.5,7.329999923706055,7.389999866485596,103400
2011-04-06,2.8324368000030518,7.440000057220459,7.460000038146973,7.369999885559082,7.440000057220459,62800
2011-04-07,2.8607401847839355,7.480000019073486,7.480000019073486,7.320000171661377,7.409999847412109,63700
2011-04-08,2.8569133281707764,7.46999979019165,7.46999979019165,7.389999866485596,7.449999809265137,66400
2011-04-11,2.8569133281707764,7.46999979019165,7.519999980926514,7.440000057220459,7.46999979019165,61400
2011-04-12,2.8186686038970947,7.369999885559082,7.480000019073486,7.340000152587891,7.46999979019165,122500
2011-04-13,2.8263189792633057,7.389999866485596,7.429999828338623,7.360000133514404,7.369999885559082,88600
2011-04-14,2.8492653369903564,7.449999809265137,7.449999809265137,7.360000133514404,7.420000076293945,69300
2011-04-15,2.8339662551879883,7.409999847412109,7.510000228881836,7.389999866485596,7.5,90300
2011-04-18,2.8607401847839355,7.480000019073486,7.480000019073486,7.400000095367432,7.429999828338623,87500
2011-04-19,2.8645639419555664,7.489999771118164,7.489999771118164,7.429999828338623,7.46999979019165,42700
2011-04-20,2.8645639419555664,7.489999771118164,7.570000171661377,7.440000057220459,7.53000020980835,83700
2011-04-21,2.8416178226470947,7.429999828338623,7.510000228881836,7.409999847412109,7.510000228881836,62200
2011-04-25,2.8339662551879883,7.409999847412109,7.480000019073486,7.409999847412109,7.480000019073486,45900
2011-04-26,2.837791919708252,7.420000076293945,7.460000038146973,7.349999904632568,7.460000038146973,72600
2011-04-27,2.8110203742980957,7.349999904632568,7.440000057220459,7.329999923706055,7.440000057220459,104900
2011-04-28,2.795722484588623,7.309999942779541,7.380000114440918,7.309999942779541,7.380000114440918,79500
2011-04-29,2.799546241760254,7.320000171661377,7.380000114440918,7.320000171661377,7.360000133514404,81000
2011-05-02,2.8301429748535156,7.400000095367432,7.409999847412109,7.320000171661377,7.360000133514404,147000
2011-05-03,2.822492837905884,7.380000114440918,7.409999847412109,7.329999923706055,7.389999866485596,88000
2011-05-04,2.8186686038970947,7.369999885559082,7.400000095367432,7.349999904632568,7.369999885559082,81000
2011-05-05,2.814845323562622,7.360000133514404,7.389999866485596,7.329999923706055,7.349999904632568,94600
2011-05-06,2.8760364055633545,7.519999980926514,7.519999980926514,7.349999904632568,7.360000133514404,106800
2011-05-09,2.888713836669922,7.519999980926514,7.559999942779541,7.449999809265137,7.480000019073486,119200
2011-05-10,2.8925540447235107,7.53000020980835,7.550000190734863,7.460000038146973,7.480000019073486,97200
2011-05-11,2.8733479976654053,7.480000019073486,7.550000190734863,7.449999809265137,7.550000190734863,109200
2011-05-12,2.9002373218536377,7.550000190734863,7.550000190734863,7.510000228881836,7.510000228881836,100000
2011-05-13,2.9463348388671875,7.670000076293945,7.670000076293945,7.5,7.53000020980835,91100
2011-05-16,2.9232871532440186,7.610000133514404,7.789999961853027,7.539999961853027,7.760000228881836,88700
2011-05-17,2.950173854827881,7.679999828338623,7.679999828338623,7.579999923706055,7.630000114440918,119600
2011-05-18,2.957857370376587,7.699999809265137,7.730000019073486,7.579999923706055,7.679999828338623,120300
2011-05-19,2.961700677871704,7.710000038146973,7.75,7.619999885559082,7.75,104000
2011-05-20,2.957857370376587,7.699999809265137,7.730000019073486,7.659999847412109,7.71999979019165,97300
2011-05-23,2.957857370376587,7.699999809265137,7.699999809265137,7.630000114440918,7.690000057220459,132500
2011-05-24,2.961700677871704,7.710000038146973,7.769999980926514,7.670000076293945,7.710000038146973,114800
2011-05-25,2.9386510848999023,7.650000095367432,7.760000228881836,7.639999866485596,7.739999771118164,111200
2011-05-26,2.930968761444092,7.630000114440918,7.760000228881836,7.610000133514404,7.699999809265137,123000
2011-05-27,2.8848719596862793,7.510000228881836,7.710000038146973,7.46999979019165,7.699999809265137,91600
2011-05-31,2.904078483581543,7.559999942779541,7.639999866485596,7.489999771118164,7.519999980926514,64500
2011-06-01,2.950173854827881,7.679999828338623,7.679999828338623,7.610000133514404,7.610000133514404,84100
2011-06-02,2.954017400741577,7.690000057220459,7.739999771118164,7.610000133514404,7.71999979019165,64800
2011-06-03,2.907919406890869,7.570000171661377,7.670000076293945,7.570000171661377,7.639999866485596,33600
2011-06-06,2.9002373218536377,7.550000190734863,7.619999885559082,7.5,7.619999885559082,45100
2011-06-07,2.8810312747955322,7.5,7.639999866485596,7.46999979019165,7.639999866485596,58900
2011-06-08,2.8436036109924316,7.369999885559082,7.539999961853027,7.369999885559082,7.519999980926514,76400
2011-06-09,2.8320302963256836,7.340000152587891,7.420000076293945,7.340000152587891,7.360000133514404,76900
2011-06-10,2.839747905731201,7.360000133514404,7.429999828338623,7.300000190734863,7.380000114440918,62500
2011-06-13,2.8050200939178467,7.269999980926514,7.360000133514404,7.21999979019165,7.300000190734863,101500
2011-06-14,2.8358888626098633,7.349999904632568,7.440000057220459,7.300000190734863,7.360000133514404,63100
2011-06-15,2.801163911819458,7.260000228881836,7.360000133514404,7.25,7.360000133514404,44600
2011-06-16,2.7895870208740234,7.230000019073486,7.300000190734863,7.210000038146973,7.269999980926514,79000
2011-06-17,2.7741549015045166,7.190000057220459,7.28000020980835,7.139999866485596,7.28000020980835,85100
2011-06-20,2.7548649311065674,7.139999866485596,7.260000228881836,7.119999885559082,7.21999979019165,113200
2011-06-21,2.7432875633239746,7.110000133514404,7.230000019073486,7.099999904632568,7.159999847412109,87300
2011-06-22,2.7780134677886963,7.199999809265137,7.230000019073486,7.119999885559082,7.150000095367432,69100
2011-06-23,2.7664377689361572,7.170000076293945,7.179999828338623,7.110000133514404,7.159999847412109,84500
2011-06-24,2.762579917907715,7.159999847412109,7.230000019073486,7.119999885559082,7.179999828338623,126600
2011-06-27,2.7394285202026367,7.099999904632568,7.190000057220459,7.059999942779541,7.190000057220459,102000
2011-06-28,2.7587220668792725,7.150000095367432,7.150000095367432,7.099999904632568,7.110000133514404,74300
2011-06-29,2.7741549015045166,7.190000057220459,7.21999979019165,7.150000095367432,7.179999828338623,66400
2011-06-30,2.7780134677886963,7.199999809265137,7.239999771118164,7.179999828338623,7.21999979019165,92500
2011-07-01,2.8050200939178467,7.269999980926514,7.269999980926514,7.210000038146973,7.230000019073486,36100
2011-07-05,2.7934460639953613,7.239999771118164,7.300000190734863,7.230000019073486,7.300000190734863,34300
2011-07-06,2.7895870208740234,7.230000019073486,7.28000020980835,7.210000038146973,7.28000020980835,70700
2011-07-07,2.8105201721191406,7.25,7.260000228881836,7.170000076293945,7.260000228881836,113000
2011-07-08,2.7911391258239746,7.199999809265137,7.21999979019165,7.170000076293945,7.210000038146973,72000
2011-07-11,2.7911391258239746,7.199999809265137,7.21999979019165,7.139999866485596,7.21999979019165,58000
2011-07-12,2.736865758895874,7.059999942779541,7.199999809265137,7.059999942779541,7.199999809265137,209800
2011-07-13,2.771757125854492,7.150000095367432,7.150000095367432,7.110000133514404,7.150000095367432,76300
2011-07-14,2.7601261138916016,7.119999885559082,7.179999828338623,7.110000133514404,7.179999828338623,46200
2011-07-15,2.7601261138916016,7.119999885559082,7.139999866485596,7.070000171661377,7.139999866485596,44000
2011-07-18,2.7678799629211426,7.139999866485596,7.139999866485596,7.070000171661377,7.130000114440918,53900
2011-07-19,2.7523722648620605,7.099999904632568,7.159999847412109,7.099999904632568,7.150000095367432,97200
2011-07-20,2.7523722648620605,7.099999904632568,7.119999885559082,7.079999923706055,7.090000152587891,98200
2011-07-21,2.771757125854492,7.150000095367432,7.170000076293945,7.130000114440918,7.139999866485596,79000
2011-07-22,2.771757125854492,7.150000095367432,7.190000057220459,7.110000133514404,7.110000133514404,55300
2011-07-25,2.7484970092773438,7.090000152587891,7.150000095367432,7.070000171661377,7.139999866485596,70300
2011-07-26,2.729114532470703,7.039999961853027,7.090000152587891,7.010000228881836,7.039999961853027,116100
2011-07-27,2.6748416423797607,6.900000095367432,7.059999942779541,6.800000190734863,7.059999942779541,195900
2011-07-28,2.6515815258026123,6.840000152587891,6.909999847412109,6.769999980926514,6.900000095367432,166400
2011-07-29,2.6399500370025635,6.809999942779541,6.849999904632568,6.619999885559082,6.809999942779541,240500
2011-08-01,2.6748416423797607,6.900000095367432,6.949999809265137,6.849999904632568,6.900000095367432,103800
2011-08-02,2.6593339443206787,6.860000133514404,6.929999828338623,6.849999904632568,6.889999866485596,48900
2011-08-03,2.6515815258026123,6.840000152587891,6.900000095367432,6.789999961853027,6.889999866485596,78000
2011-08-04,2.632200002670288,6.789999961853027,6.840000152587891,6.71999979019165,6.820000171661377,229800
2011-08-05,2.643829822540283,6.820000171661377,6.849999904632568,6.650000095367432,6.75,491900
2011-08-08,2.4189860820770264,6.239999771118164,6.71999979019165,6.119999885559082,6.71999979019165,307600
2011-08-09,2.4712178707122803,6.340000152587891,6.389999866485596,6.150000095367432,6.199999809265137,260500
2011-08-10,2.432239532470703,6.239999771118164,6.309999942779541,6.070000171661377,6.070000171661377,146200
2011-08-11,2.4595236778259277,6.309999942779541,6.449999809265137,6.059999942779541,6.190000057220459,117900
2011-08-12,2.4829111099243164,6.369999885559082,6.420000076293945,6.320000171661377,6.320000171661377,130800
2011-08-15,2.498502016067505,6.409999847412109,6.440000057220459,6.340000152587891,6.369999885559082,292000
2011-08-16,2.4946041107177734,6.400000095367432,6.46999979019165,6.369999885559082,6.420000076293945,143200
2011-08-17,2.533582925796509,6.5,6.519999980926514,6.420000076293945,6.449999809265137,125000
2011-08-18,2.4712178707122803,6.340000152587891,6.46999979019165,6.309999942779541,6.46999979019165,151600
2011-08-19,2.4361379146575928,6.25,6.340000152587891,6.179999828338623,6.340000152587891,144900
2011-08-22,2.4049549102783203,6.170000076293945,6.289999961853027,6.130000114440918,6.289999961853027,182400
2011-08-23,2.451726198196411,6.289999961853027,6.289999961853027,6.170000076293945,6.199999809265137,110000
2011-08-24,2.416646718978882,6.199999809265137,6.260000228881836,6.150000095367432,6.21999979019165,158800
2011-08-25,2.4088516235351562,6.179999828338623,6.260000228881836,6.130000114440918,6.210000038146973,90300
2011-08-26,2.4361379146575928,6.25,6.25,6.139999866485596,6.139999866485596,86200
2011-08-29,2.4829111099243164,6.369999885559082,6.400000095367432,6.25,6.25,70800
2011-08-30,2.4634218215942383,6.320000171661377,6.369999885559082,6.309999942779541,6.309999942779541,199600
2011-08-31,2.4868087768554688,6.380000114440918,6.449999809265137,6.289999961853027,6.349999904632568,188600
2011-09-01,2.5413787364959717,6.519999980926514,6.53000020980835,6.389999866485596,6.440000057220459,106200
2011-09-02,2.5296850204467773,6.489999771118164,6.510000228881836,6.429999828338623,6.460000038146973,71600
2011-09-06,2.498502016067505,6.409999847412109,6.440000057220459,6.340000152587891,6.420000076293945,89300
2011-09-07,2.5296850204467773,6.489999771118164,6.489999771118164,6.420000076293945,6.429999828338623,108600
2011-09-08,2.527334690093994,6.449999809265137,6.449999809265137,6.400000095367432,6.449999809265137,59600
2011-09-09,2.484231948852539,6.340000152587891,6.429999828338623,6.309999942779541,6.429999828338623,99400
2011-09-12,2.4959874153137207,6.369999885559082,6.400000095367432,6.309999942779541,6.380000114440918,97500
2011-09-13,2.5038235187530518,6.389999866485596,6.389999866485596,6.309999942779541,6.340000152587891,116200
2011-09-14,2.480314016342163,6.329999923706055,6.389999866485596,6.309999942779541,6.369999885559082,88500
2011-09-15,2.4920687675476074,6.360000133514404,6.389999866485596,6.300000190734863,6.329999923706055,156400
2011-09-16,2.507741689682007,6.400000095367432,6.400000095367432,6.349999904632568,6.349999904632568,92100
2011-09-19,2.5038235187530518,6.389999866485596,6.420000076293945,6.349999904632568,6.400000095367432,103000
2011-09-20,2.51166033744812,6.409999847412109,6.409999847412109,6.329999923706055,6.329999923706055,148800
2011-09-21,2.4920687675476074,6.360000133514404,6.420000076293945,6.360000133514404,6.389999866485596,103400
2011-09-22,2.437211751937866,6.21999979019165,6.340000152587891,6.099999904632568,6.340000152587891,145600
2011-09-23,2.4528844356536865,6.260000228881836,6.28000020980835,6.179999828338623,6.230000019073486,107300
2011-09-26,2.484231948852539,6.340000152587891,6.340000152587891,6.230000019073486,6.260000228881836,111400
2011-09-27,2.5234158039093018,6.440000057220459,6.449999809265137,6.369999885559082,6.449999809265137,114500
2011-09-28,2.51166033744812,6.409999847412109,6.480000019073486,6.349999904632568,6.480000019073486,107700
2011-09-29,2.507741689682007,6.400000095367432,6.46999979019165,6.28000020980835,6.400000095367432,126900
2011-09-30,2.4724764823913574,6.309999942779541,6.409999847412109,6.190000057220459,6.400000095367432,147800
2011-10-03,2.4293737411499023,6.199999809265137,6.369999885559082,6.170000076293945,6.309999942779541,81800
2011-10-04,2.4528844356536865,6.260000228881836,6.260000228881836,6.099999904632568,6.179999828338623,127300
2011-10-05,2.4685583114624023,6.300000190734863,6.300000190734863,6.130000114440918,6.239999771118164,91700
2011-10-06,2.484231948852539,6.340000152587891,6.340000152587891,6.25,6.329999923706055,34000
2011-10-07,2.4332947731018066,6.210000038146973,6.389999866485596,6.179999828338623,6.389999866485596,75100
2011-10-10,2.4999051094055176,6.380000114440918,6.630000114440918,6.260000228881836,6.260000228881836,99400
2011-10-11,2.489663600921631,6.320000171661377,6.409999847412109,6.300000190734863,6.309999942779541,76200
2011-10-12,2.4817841053009033,6.300000190734863,6.360000133514404,6.269999980926514,6.320000171661377,150000
2011-10-13,2.4817841053009033,6.300000190734863,6.380000114440918,6.28000020980835,6.309999942779541,48000
2011-10-14,2.5172386169433594,6.389999866485596,6.409999847412109,6.320000171661377,6.320000171661377,28000
2011-10-17,2.513298511505127,6.380000114440918,6.409999847412109,6.320000171661377,6.380000114440918,49800
2011-10-18,2.513298511505127,6.380000114440918,6.380000114440918,6.269999980926514,6.380000114440918,91400
2011-10-19,2.505420207977295,6.360000133514404,6.409999847412109,6.309999942779541,6.389999866485596,107100
2011-10-20,2.489663600921631,6.320000171661377,6.380000114440918,6.309999942779541,6.380000114440918,104100
2011-10-21,2.5329959392547607,6.429999828338623,6.440000057220459,6.380000114440918,6.389999866485596,97300
2011-10-24,2.544813632965088,6.460000038146973,6.489999771118164,6.400000095367432,6.409999847412109,103800
2011-10-25,2.5172386169433594,6.389999866485596,6.46999979019165,6.329999923706055,6.46999979019165,85700
2011-10-26,2.5487518310546875,6.46999979019165,6.46999979019165,6.309999942779541,6.309999942779541,168300
2011-10-27,2.6275389194488525,6.670000076293945,6.670000076293945,6.519999980926514,6.590000152587891,183400
2011-10-28,2.6511781215667725,6.730000019073486,6.739999771118164,6.579999923706055,6.579999923706055,116500
2011-10-31,2.6039037704467773,6.610000133514404,6.679999828338623,6.550000190734863,6.659999847412109,77600
2011-11-01,2.5723884105682373,6.53000020980835,6.559999942779541,6.429999828338623,6.510000228881836,87500
2011-11-02,2.596024990081787,6.590000152587891,6.590000152587891,6.489999771118164,6.559999942779541,77300
2011-11-03,2.6078433990478516,6.619999885559082,6.619999885559082,6.5,6.590000152587891,86400
2011-11-04,2.580267906188965,6.550000190734863,6.610000133514404,6.460000038146973,6.53000020980835,90900
2011-11-07,2.5605697631835938,6.5,6.559999942779541,6.449999809265137,6.539999961853027,59000
2011-11-08,2.581955671310425,6.519999980926514,6.519999980926514,6.429999828338623,6.489999771118164,75200
2011-11-09,2.5225560665130615,6.369999885559082,6.440000057220459,6.369999885559082,6.440000057220459,83100
2011-11-10,2.5502748489379883,6.440000057220459,6.449999809265137,6.409999847412109,6.429999828338623,55400
2011-11-11,2.5542352199554443,6.449999809265137,6.550000190734863,6.449999809265137,6.489999771118164,93600
2011-11-14,2.5502748489379883,6.440000057220459,6.449999809265137,6.360000133514404,6.449999809265137,111100
2011-11-15,2.5581953525543213,6.460000038146973,6.510000228881836,6.380000114440918,6.400000095367432,129000
2011-11-16,2.530472993850708,6.389999866485596,6.420000076293945,6.369999885559082,6.389999866485596,113300
2011-11-17,2.530472993850708,6.389999866485596,6.409999847412109,6.369999885559082,6.389999866485596,157200
2011-11-18,2.5225560665130615,6.369999885559082,6.429999828338623,6.340000152587891,6.389999866485596,163200
2011-11-21,2.514634132385254,6.349999904632568,6.369999885559082,6.329999923706055,6.340000152587891,105100
2011-11-22,2.54235577583313,6.420000076293945,6.420000076293945,6.329999923706055,6.380000114440918,108900
2011-11-23,2.4987952709198,6.309999942779541,6.420000076293945,6.28000020980835,6.420000076293945,156300
2011-11-25,2.4869155883789062,6.28000020980835,6.360000133514404,6.269999980926514,6.309999942779541,70700
2011-11-28,2.5265142917633057,6.380000114440918,6.380000114440918,6.320000171661377,6.360000133514404,96200
2011-11-29,2.514634132385254,6.349999904632568,6.409999847412109,6.300000190734863,6.349999904632568,127300
2011-11-30,2.5502748489379883,6.440000057220459,6.510000228881836,6.380000114440918,6.440000057220459,91300
2011-12-01,2.5265142917633057,6.380000114440918,6.480000019073486,6.369999885559082,6.480000019073486,111100
2011-12-02,2.5621542930603027,6.46999979019165,6.489999771118164,6.400000095367432,6.400000095367432,76100
2011-12-05,2.5779953002929688,6.510000228881836,6.519999980926514,6.440000057220459,6.449999809265137,106300
2011-12-06,2.5859148502349854,6.53000020980835,6.53000020980835,6.460000038146973,6.519999980926514,163400
2011-12-07,2.534435272216797,6.400000095367432,6.489999771118164,6.400000095367432,6.489999771118164,174400
2011-12-08,2.5404069423675537,6.380000114440918,6.380000114440918,6.320000171661377,6.369999885559082,154400
2011-12-09,2.524479389190674,6.340000152587891,6.369999885559082,6.320000171661377,6.369999885559082,138000
2011-12-12,2.5005905628204346,6.28000020980835,6.340000152587891,6.25,6.340000152587891,128100
2011-12-13,2.5045721530914307,6.289999961853027,6.349999904632568,6.269999980926514,6.28000020980835,216500
2011-12-14,2.492626190185547,6.260000228881836,6.289999961853027,6.25,6.260000228881836,165100
2011-12-15,2.492626190185547,6.260000228881836,6.320000171661377,6.260000228881836,6.269999980926514,187800
2011-12-16,2.496608257293701,6.269999980926514,6.289999961853027,6.210000038146973,6.260000228881836,218100
2011-12-19,2.496608257293701,6.269999980926514,6.309999942779541,6.25,6.269999980926514,215500
2011-12-20,2.5404069423675537,6.380000114440918,6.380000114440918,6.28000020980835,6.309999942779541,141300
2011-12-21,2.5364267826080322,6.369999885559082,6.389999866485596,6.349999904632568,6.389999866485596,102100
2011-12-22,2.5722620487213135,6.460000038146973,6.46999979019165,6.349999904632568,6.349999904632568,169500
2011-12-23,2.5921711921691895,6.510000228881836,6.510000228881836,6.449999809265137,6.460000038146973,116100
2011-12-27,2.6120800971984863,6.559999942779541,6.570000171661377,6.409999847412109,6.460000038146973,119900
2011-12-28,2.6080667972564697,6.5,6.539999961853027,6.429999828338623,6.539999961853027,112800
2011-12-29,2.592017889022827,6.460000038146973,6.53000020980835,6.440000057220459,6.460000038146973,78400
2011-12-30,2.620105266571045,6.53000020980835,6.53000020980835,6.429999828338623,6.429999828338623,76200
2012-01-03,2.6120803356170654,6.510000228881836,6.559999942779541,6.46999979019165,6.559999942779541,40200
2012-01-04,2.5960302352905273,6.46999979019165,6.5,6.420000076293945,6.46999979019165,73600
2012-01-05,2.636155605316162,6.570000171661377,6.570000171661377,6.480000019073486,6.5,86200
2012-01-06,2.6481921672821045,6.599999904632568,6.679999828338623,6.559999942779541,6.619999885559082,89400
2012-01-09,2.6401665210723877,6.579999923706055,6.650000095367432,6.579999923706055,6.650000095367432,119800
2012-01-10,2.6321420669555664,6.559999942779541,6.690000057220459,6.559999942779541,6.690000057220459,184600
2012-01-11,2.6080667972564697,6.5,6.590000152587891,6.5,6.579999923706055,248000
2012-01-12,2.5960302352905273,6.46999979019165,6.510000228881836,6.449999809265137,6.449999809265137,377300
2012-01-13,2.5880062580108643,6.449999809265137,6.519999980926514,6.449999809265137,6.519999980926514,125000
2012-01-17,2.6080667972564697,6.5,6.510000228881836,6.460000038146973,6.460000038146973,236700
2012-01-18,2.620105266571045,6.53000020980835,6.539999961853027,6.480000019073486,6.510000228881836,164600
2012-01-19,2.6481921672821045,6.599999904632568,6.610000133514404,6.519999980926514,6.550000190734863,214100
2012-01-20,2.6321420669555664,6.559999942779541,6.610000133514404,6.559999942779541,6.590000152587891,181300
2012-01-23,2.672267436981201,6.659999847412109,6.659999847412109,6.559999942779541,6.570000171661377,275500
2012-01-24,2.6642396450042725,6.639999866485596,6.699999809265137,6.630000114440918,6.670000076293945,177600
2012-01-25,2.7043662071228027,6.739999771118164,6.739999771118164,6.630000114440918,6.650000095367432,210200
2012-01-26,2.7043662071228027,6.739999771118164,6.78000020980835,6.710000038146973,6.75,126400
2012-01-27,2.7645514011383057,6.889999866485596,6.889999866485596,6.75,6.769999980926514,225400
2012-01-30,2.7806012630462646,6.929999828338623,6.929999828338623,6.809999942779541,6.869999885559082,209000
2012-01-31,2.740478277206421,6.829999923706055,6.949999809265137,6.78000020980835,6.949999809265137,173900
2012-02-01,2.7565271854400635,6.869999885559082,6.889999866485596,6.820000171661377,6.869999885559082,149200
2012-02-02,2.7364654541015625,6.820000171661377,6.840000152587891,6.789999961853027,6.820000171661377,103000
2012-02-03,2.7284417152404785,6.800000190734863,6.860000133514404,6.760000228881836,6.820000171661377,103900
2012-02-06,2.708379030227661,6.75,6.789999961853027,6.730000019073486,6.739999771118164,142800
2012-02-07,2.7324516773223877,6.809999942779541,6.809999942779541,6.75,6.75,112200
2012-02-08,2.7525148391723633,6.860000133514404,6.889999866485596,6.800000190734863,6.840000152587891,170100
2012-02-09,2.7509026527404785,6.820000171661377,6.860000133514404,6.800000190734863,6.860000133514404,77400
2012-02-10,2.7388010025024414,6.789999961853027,6.829999923706055,6.739999771118164,6.829999923706055,81400
2012-02-13,2.7509026527404785,6.820000171661377,6.860000133514404,6.769999980926514,6.849999904632568,114500
2012-02-14,2.767035961151123,6.860000133514404,6.869999885559082,6.800000190734863,6.840000152587891,135500
2012-02-15,2.7872042655944824,6.909999847412109,6.909999847412109,6.880000114440918,6.900000095367432,225000
2012-02-16,2.783169984817505,6.900000095367432,6.920000076293945,6.880000114440918,6.909999847412109,118200
2012-02-17,2.7872042655944824,6.909999847412109,6.929999828338623,6.869999885559082,6.909999847412109,117300
2012-02-21,2.7912373542785645,6.920000076293945,6.96999979019165,6.920000076293945,6.929999828338623,133900
2012-02-22,2.8154373168945312,6.980000019073486,6.989999771118164,6.900000095367432,6.949999809265137,118400
2012-02-23,2.8275418281555176,7.010000228881836,7.010000228881836,6.989999771118164,6.989999771118164,81500
2012-02-24,2.82350492477417,7.0,7.039999961853027,6.96999979019165,7.010000228881836,197300
2012-02-27,2.819472551345825,6.989999771118164,7.059999942779541,6.980000019073486,7.019999980926514,260800
2012-02-28,2.8114051818847656,6.96999979019165,7.019999980926514,6.949999809265137,7.019999980926514,109000
2012-02-29,2.7872042655944824,6.909999847412109,7.0,6.900000095367432,7.0,85200
2012-03-01,2.82350492477417,7.0,7.0,6.909999847412109,6.949999809265137,90000
2012-03-02,2.831573486328125,7.019999980926514,7.03000020980835,6.989999771118164,7.010000228881836,63200
2012-03-05,2.831573486328125,7.019999980926514,7.019999980926514,6.980000019073486,7.019999980926514,84700
2012-03-06,2.8073713779449463,6.960000038146973,7.019999980926514,6.900000095367432,7.019999980926514,122500
2012-03-07,2.8275418281555176,7.010000228881836,7.019999980926514,6.940000057220459,6.989999771118164,58200
2012-03-08,2.8506522178649902,7.03000020980835,7.03000020980835,6.960000038146973,6.980000019073486,109000
2012-03-09,2.8465983867645264,7.019999980926514,7.019999980926514,6.96999979019165,7.019999980926514,55200
2012-03-12,2.8303773403167725,6.980000019073486,7.039999961853027,6.920000076293945,7.039999961853027,68100
2012-03-13,2.8465983867645264,7.019999980926514,7.019999980926514,6.940000057220459,7.010000228881836,57400
2012-03-14,2.8303773403167725,6.980000019073486,7.019999980926514,6.949999809265137,7.019999980926514,147900
2012-03-15,2.838486909866333,7.0,7.019999980926514,6.949999809265137,7.019999980926514,89600
2012-03-16,2.822268009185791,6.960000038146973,7.010000228881836,6.909999847412109,7.010000228881836,133900
2012-03-19,2.842543125152588,7.010000228881836,7.03000020980835,6.940000057220459,6.96999979019165,149400
2012-03-20,2.8506522178649902,7.03000020980835,7.03000020980835,6.989999771118164,7.019999980926514,119600
2012-03-21,2.8587636947631836,7.050000190734863,7.050000190734863,7.0,7.03000020980835,196800
2012-03-22,2.838486909866333,7.0,7.059999942779541,7.0,7.050000190734863,75000
2012-03-23,2.8628182411193848,7.059999942779541,7.059999942779541,7.019999980926514,7.019999980926514,67300
2012-03-26,2.9033660888671875,7.159999847412109,7.170000076293945,7.059999942779541,7.070000171661377,144600
2012-03-27,2.9033660888671875,7.159999847412109,7.179999828338623,7.079999923706055,7.179999828338623,86200
2012-03-28,2.9074223041534424,7.170000076293945,7.190000057220459,7.150000095367432,7.179999828338623,146900
2012-03-29,2.9033660888671875,7.159999847412109,7.199999809265137,7.110000133514404,7.179999828338623,119900
2012-03-30,2.9236419200897217,7.210000038146973,7.210000038146973,7.159999847412109,7.190000057220459,103600
2012-04-02,2.9236419200897217,7.210000038146973,7.260000228881836,7.179999828338623,7.21999979019165,117500
2012-04-03,2.919588088989258,7.199999809265137,7.309999942779541,7.119999885559082,7.25,109600
2012-04-04,2.9033660888671875,7.159999847412109,7.239999771118164,7.110000133514404,7.230000019073486,170300
2012-04-05,2.919588088989258,7.199999809265137,7.230000019073486,7.139999866485596,7.210000038146973,110200
2012-04-09,2.9114766120910645,7.179999828338623,7.21999979019165,7.130000114440918,7.199999809265137,87100
2012-04-10,2.89028000831604,7.090000152587891,7.190000057220459,7.070000171661377,7.190000057220459,118600
2012-04-11,2.8780503273010254,7.059999942779541,7.150000095367432,7.059999942779541,7.130000114440918,109800
2012-04-12,2.9065864086151123,7.130000114440918,7.130000114440918,7.079999923706055,7.099999904632568,48500
2012-04-13,2.9065864086151123,7.130000114440918,7.159999847412109,7.050000190734863,7.150000095367432,95600
2012-04-16,2.9147393703460693,7.150000095367432,7.150000095367432,7.110000133514404,7.150000095367432,136800
2012-04-17,2.9065864086151123,7.130000114440918,7.170000076293945,7.059999942779541,7.170000076293945,88300
2012-04-18,2.9025075435638428,7.119999885559082,7.150000095367432,7.059999942779541,7.139999866485596,78800
2012-04-19,2.9147393703460693,7.150000095367432,7.170000076293945,7.070000171661377,7.130000114440918,101000
2012-04-20,2.89028000831604,7.090000152587891,7.179999828338623,7.079999923706055,7.179999828338623,81700
2012-04-23,2.918813705444336,7.159999847412109,7.170000076293945,7.090000152587891,7.099999904632568,114400
2012-04-24,2.922891616821289,7.170000076293945,7.170000076293945,7.139999866485596,7.170000076293945,79400
2012-04-25,2.918813705444336,7.159999847412109,7.179999828338623,7.099999904632568,7.179999828338623,83300
2012-04-26,2.918813705444336,7.159999847412109,7.170000076293945,7.110000133514404,7.170000076293945,111200
2012-04-27,2.89028000831604,7.090000152587891,7.139999866485596,7.070000171661377,7.130000114440918,113800
2012-04-30,2.886202096939087,7.079999923706055,7.119999885559082,7.050000190734863,7.079999923706055,120000
2012-05-01,2.9025075435638428,7.119999885559082,7.119999885559082,7.070000171661377,7.070000171661377,72400
2012-05-02,2.886202096939087,7.079999923706055,7.130000114440918,7.059999942779541,7.130000114440918,161000
2012-05-03,2.882127523422241,7.070000171661377,7.099999904632568,7.050000190734863,7.079999923706055,244100
2012-05-04,2.898432731628418,7.110000133514404,7.139999866485596,7.010000228881836,7.050000190734863,135700
2012-05-07,2.886202096939087,7.079999923706055,7.150000095367432,7.050000190734863,7.050000190734863,133000
2012-05-08,2.882127523422241,7.070000171661377,7.099999904632568,7.010000228881836,7.039999961853027,124800
2012-05-09,2.87270188331604,7.010000228881836,7.039999961853027,7.0,7.0,136600
2012-05-10,2.8767995834350586,7.019999980926514,7.099999904632568,7.0,7.099999904632568,156000
2012-05-11,2.880897283554077,7.03000020980835,7.110000133514404,7.0,7.079999923706055,125000
2012-05-14,2.8767995834350586,7.019999980926514,7.070000171661377,6.989999771118164,7.010000228881836,84700
2012-05-15,2.87270188331604,7.010000228881836,7.039999961853027,6.989999771118164,7.010000228881836,125000
2012-05-16,2.87270188331604,7.010000228881836,7.039999961853027,7.0,7.0,47100
2012-05-17,2.8522121906280518,6.960000038146973,7.039999961853027,6.960000038146973,7.039999961853027,138600
2012-05-18,2.8317203521728516,6.909999847412109,7.03000020980835,6.869999885559082,7.0,119500
2012-05-21,2.839918375015259,6.929999828338623,6.949999809265137,6.849999904632568,6.949999809265137,105600
2012-05-22,2.8317203521728516,6.909999847412109,6.980000019073486,6.880000114440918,6.96999979019165,105000
2012-05-23,2.7948391437530518,6.820000171661377,6.909999847412109,6.760000228881836,6.909999847412109,652000
2012-05-24,2.8235249519348145,6.889999866485596,6.900000095367432,6.840000152587891,6.889999866485596,113000
2012-05-25,2.827623128890991,6.900000095367432,6.920000076293945,6.829999923706055,6.920000076293945,85800
2012-05-29,2.8317203521728516,6.909999847412109,6.909999847412109,6.849999904632568,6.909999847412109,99100
2012-05-30,2.827623128890991,6.900000095367432,6.929999828338623,6.849999904632568,6.929999828338623,112600
2012-05-31,2.8235249519348145,6.889999866485596,6.909999847412109,6.78000020980835,6.909999847412109,154000
2012-06-01,2.7948391437530518,6.820000171661377,6.860000133514404,6.789999961853027,6.820000171661377,89400
2012-06-04,2.7661523818969727,6.75,6.820000171661377,6.670000076293945,6.809999942779541,248000
2012-06-05,2.7702512741088867,6.760000228881836,6.769999980926514,6.690000057220459,6.769999980926514,67200
2012-06-06,2.7866430282592773,6.800000190734863,6.860000133514404,6.75,6.849999904632568,127300
2012-06-07,2.7981815338134766,6.789999961853027,6.820000171661377,6.739999771118164,6.820000171661377,90100
2012-06-08,2.831151247024536,6.869999885559082,6.880000114440918,6.710000038146973,6.820000171661377,90300
2012-06-11,2.822908639907837,6.849999904632568,6.880000114440918,6.809999942779541,6.869999885559082,102500
2012-06-12,2.8352715969085693,6.880000114440918,6.880000114440918,6.820000171661377,6.849999904632568,168800
2012-06-13,2.8270280361175537,6.860000133514404,6.880000114440918,6.840000152587891,6.869999885559082,92200
2012-06-14,2.8517541885375977,6.920000076293945,6.920000076293945,6.869999885559082,6.880000114440918,84300
2012-06-15,2.8558766841888428,6.929999828338623,6.949999809265137,6.889999866485596,6.940000057220459,143400
2012-06-18,2.8558766841888428,6.929999828338623,6.940000057220459,6.909999847412109,6.940000057220459,142600
2012-06-19,2.864118814468384,6.949999809265137,6.949999809265137,6.929999828338623,6.940000057220459,99400
2012-06-20,2.859996795654297,6.940000057220459,6.989999771118164,6.920000076293945,6.949999809265137,172000
2012-06-21,2.880603313446045,6.989999771118164,7.03000020980835,6.940000057220459,7.019999980926514,143100
2012-06-22,2.876481056213379,6.980000019073486,6.980000019073486,6.929999828338623,6.960000038146973,87900
2012-06-25,2.876481056213379,6.980000019073486,6.980000019073486,6.960000038146973,6.96999979019165,72200
2012-06-26,2.872359037399292,6.96999979019165,7.03000020980835,6.920000076293945,7.010000228881836,92700
2012-06-27,2.8888444900512695,7.010000228881836,7.039999961853027,6.96999979019165,7.03000020980835,147300
2012-06-28,2.880603313446045,6.989999771118164,7.019999980926514,6.96999979019165,7.010000228881836,45100
2012-06-29,2.8929669857025146,7.019999980926514,7.070000171661377,7.0,7.03000020980835,57200
2012-07-02,2.917691707611084,7.079999923706055,7.079999923706055,7.0,7.039999961853027,60200
2012-07-03,2.909449338912964,7.059999942779541,7.110000133514404,7.039999961853027,7.099999904632568,37600
2012-07-05,2.9135711193084717,7.070000171661377,7.150000095367432,7.059999942779541,7.110000133514404,121800
2012-07-06,2.8929669857025146,7.019999980926514,7.110000133514404,7.010000228881836,7.099999904632568,97500
2012-07-09,2.9053280353546143,7.050000190734863,7.050000190734863,6.980000019073486,6.980000019073486,74600
2012-07-10,2.9003560543060303,7.0,7.079999923706055,6.989999771118164,7.079999923706055,153600
2012-07-11,2.8920705318450928,6.980000019073486,7.110000133514404,6.96999979019165,7.110000133514404,109500
2012-07-12,2.9003560543060303,7.0,7.050000190734863,6.96999979019165,7.050000190734863,86600
2012-07-13,2.8920705318450928,6.980000019073486,7.050000190734863,6.96999979019165,7.050000190734863,195700
2012-07-16,2.9127864837646484,7.03000020980835,7.03000020980835,6.96999979019165,6.980000019073486,124300
2012-07-17,2.9169301986694336,7.039999961853027,7.039999961853027,6.980000019073486,7.03000020980835,132100
2012-07-18,2.9417903423309326,7.099999904632568,7.099999904632568,7.03000020980835,7.039999961853027,129100
2012-07-19,2.96250581741333,7.150000095367432,7.150000095367432,7.070000171661377,7.079999923706055,137600
2012-07-20,2.96250581741333,7.150000095367432,7.150000095367432,7.099999904632568,7.139999866485596,100300
2012-07-23,2.9666497707366943,7.159999847412109,7.170000076293945,7.099999904632568,7.130000114440918,135900
2012-07-24,2.9749367237091064,7.179999828338623,7.199999809265137,7.159999847412109,7.179999828338623,115600
2012-07-25,2.9749367237091064,7.179999828338623,7.21999979019165,7.150000095367432,7.199999809265137,119900
2012-07-26,2.970794439315796,7.170000076293945,7.21999979019165,7.139999866485596,7.199999809265137,115800
2012-07-27,2.9790806770324707,7.190000057220459,7.199999809265137,7.150000095367432,7.190000057220459,107000
2012-07-30,2.987368106842041,7.210000038146973,7.239999771118164,7.179999828338623,7.239999771118164,118800
2012-07-31,2.9915103912353516,7.21999979019165,7.239999771118164,7.210000038146973,7.239999771118164,97600
2012-08-01,2.9915103912353516,7.21999979019165,7.25,7.199999809265137,7.25,105700
2012-08-02,2.9915103912353516,7.21999979019165,7.239999771118164,7.210000038146973,7.239999771118164,87600
2012-08-03,2.9832231998443604,7.199999809265137,7.269999980926514,7.199999809265137,7.260000228881836,94800
2012-08-06,3.0039401054382324,7.25,7.25,7.21999979019165,7.230000019073486,55600
2012-08-07,3.0080857276916504,7.260000228881836,7.260000228881836,7.230000019073486,7.260000228881836,108300
2012-08-08,3.0039401054382324,7.25,7.449999809265137,7.21999979019165,7.449999809265137,105200
2012-08-09,2.998941659927368,7.199999809265137,7.269999980926514,7.179999828338623,7.269999980926514,81600
2012-08-10,3.003108263015747,7.210000038146973,7.28000020980835,7.190000057220459,7.28000020980835,116600
2012-08-13,3.0114386081695557,7.230000019073486,7.28000020980835,7.199999809265137,7.28000020980835,69400
2012-08-14,3.007272481918335,7.21999979019165,7.289999961853027,7.159999847412109,7.289999961853027,93400
2012-08-15,3.019767999649048,7.25,7.269999980926514,7.190000057220459,7.269999980926514,82200
2012-08-16,3.0114386081695557,7.230000019073486,7.25,7.119999885559082,7.25,134700
2012-08-17,3.003108263015747,7.210000038146973,7.269999980926514,7.210000038146973,7.230000019073486,73900
2012-08-20,3.015601634979248,7.239999771118164,7.260000228881836,7.21999979019165,7.260000228881836,128400
2012-08-21,3.015601634979248,7.239999771118164,7.269999980926514,7.179999828338623,7.269999980926514,118600
2012-08-22,3.015601634979248,7.239999771118164,7.289999961853027,7.21999979019165,7.230000019073486,179600
2012-08-23,3.0322630405426025,7.28000020980835,7.28000020980835,7.239999771118164,7.260000228881836,92900
2012-08-24,3.0364301204681396,7.289999961853027,7.289999961853027,7.25,7.28000020980835,150000
2012-08-27,3.0114386081695557,7.230000019073486,7.300000190734863,7.170000076293945,7.289999961853027,123900
2012-08-28,3.023934841156006,7.260000228881836,7.260000228881836,7.210000038146973,7.239999771118164,95600
2012-08-29,3.061422109603882,7.349999904632568,7.349999904632568,7.269999980926514,7.28000020980835,93600
2012-08-30,3.061422109603882,7.349999904632568,7.360000133514404,7.289999961853027,7.360000133514404,79400
2012-08-31,3.0405943393707275,7.300000190734863,7.360000133514404,7.28000020980835,7.360000133514404,78700
2012-09-04,3.0572545528411865,7.340000152587891,7.360000133514404,7.289999961853027,7.340000152587891,71200
2012-09-05,3.0655856132507324,7.360000133514404,7.369999885559082,7.309999942779541,7.360000133514404,84200
2012-09-06,3.0405943393707275,7.300000190734863,7.360000133514404,7.269999980926514,7.360000133514404,84800
2012-09-07,3.0405943393707275,7.300000190734863,7.300000190734863,7.230000019073486,7.269999980926514,76700
2012-09-10,3.0405943393707275,7.300000190734863,7.329999923706055,7.230000019073486,7.239999771118164,113700
2012-09-11,3.0655856132507324,7.360000133514404,7.369999885559082,7.289999961853027,7.329999923706055,118500
2012-09-12,3.056793212890625,7.300000190734863,7.349999904632568,7.300000190734863,7.329999923706055,124000
2012-09-13,3.0651681423187256,7.320000171661377,7.389999866485596,7.230000019073486,7.329999923706055,166000
2012-09-14,3.086104393005371,7.369999885559082,7.409999847412109,7.300000190734863,7.349999904632568,207000
2012-09-17,3.102853298187256,7.409999847412109,7.420000076293945,7.329999923706055,7.340000152587891,143900
2012-09-18,3.1154162883758545,7.440000057220459,7.440000057220459,7.400000095367432,7.409999847412109,97800
2012-09-19,3.1279780864715576,7.46999979019165,7.46999979019165,7.429999828338623,7.460000038146973,147600
2012-09-20,3.1363511085510254,7.489999771118164,7.510000228881836,7.440000057220459,7.480000019073486,127800
2012-09-21,3.144728183746338,7.510000228881836,7.519999980926514,7.46999979019165,7.519999980926514,194100
2012-09-24,3.1489131450653076,7.519999980926514,7.519999980926514,7.480000019073486,7.510000228881836,222800
2012-09-25,3.1656641960144043,7.559999942779541,7.570000171661377,7.519999980926514,7.53000020980835,344400
2012-09-26,3.174039602279663,7.579999923706055,7.579999923706055,7.539999961853027,7.570000171661377,205100
2012-09-27,3.153101921081543,7.53000020980835,7.579999923706055,7.480000019073486,7.579999923706055,142000
2012-09-28,3.182415723800659,7.599999904632568,7.599999904632568,7.539999961853027,7.550000190734863,151100
2012-10-01,3.207535743713379,7.659999847412109,7.659999847412109,7.610000133514404,7.610000133514404,144200
2012-10-02,3.2326619625091553,7.71999979019165,7.769999980926514,7.659999847412109,7.710000038146973,154700
2012-10-03,3.257786750793457,7.78000020980835,7.800000190734863,7.670000076293945,7.730000019073486,200900
2012-10-04,3.2452266216278076,7.75,7.789999961853027,7.679999828338623,7.789999961853027,149800
2012-10-05,3.266162157058716,7.800000190734863,7.800000190734863,7.769999980926514,7.78000020980835,144700
2012-10-08,3.2996602058410645,7.880000114440918,7.940000057220459,7.760000228881836,7.769999980926514,208900
2012-10-09,3.223492383956909,7.659999847412109,7.909999847412109,7.639999866485596,7.889999866485596,110200
2012-10-10,3.2066593170166016,7.619999885559082,7.840000152587891,7.550000190734863,7.840000152587891,83600
2012-10-11,3.223492383956909,7.659999847412109,7.900000095367432,7.590000152587891,7.900000095367432,105200
2012-10-12,3.189828395843506,7.579999923706055,7.769999980926514,7.519999980926514,7.769999980926514,98300
2012-10-15,3.17720103263855,7.550000190734863,7.800000190734863,7.550000190734863,7.760000228881836,179100
2012-10-16,3.2487406730651855,7.71999979019165,7.769999980926514,7.550000190734863,7.75,102500
2012-10-17,3.210866689682007,7.630000114440918,7.75,7.610000133514404,7.75,120300
2012-10-18,3.240326404571533,7.699999809265137,7.699999809265137,7.650000095367432,7.699999809265137,109400
2012-10-19,3.2192838191986084,7.650000095367432,7.699999809265137,7.550000190734863,7.699999809265137,152800
2012-10-22,3.240326404571533,7.699999809265137,7.699999809265137,7.360000133514404,7.360000133514404,101800
2012-10-23,3.240326404571533,7.699999809265137,7.730000019073486,7.690000057220459,7.699999809265137,153900
2012-10-24,3.240326404571533,7.699999809265137,7.710000038146973,7.670000076293945,7.699999809265137,191600
2012-10-25,3.261366367340088,7.75,7.75,7.699999809265137,7.75,114300
2012-10-26,3.240326404571533,7.699999809265137,7.760000228881836,7.590000152587891,7.75,147600
2012-10-31,3.1940340995788574,7.590000152587891,7.699999809265137,7.519999980926514,7.670000076293945,226200
2012-11-01,3.257155656814575,7.739999771118164,7.75,7.53000020980835,7.699999809265137,142500
2012-11-02,3.261366367340088,7.75,7.75,7.690000057220459,7.75,185300
2012-11-05,3.2319083213806152,7.679999828338623,7.730000019073486,7.630000114440918,7.699999809265137,205100
2012-11-06,3.257155656814575,7.739999771118164,7.739999771118164,7.650000095367432,7.739999771118164,182500
2012-11-07,3.257155656814575,7.739999771118164,7.739999771118164,7.699999809265137,7.739999771118164,141100
2012-11-08,3.2571566104888916,7.699999809265137,7.75,7.679999828338623,7.75,144500
2012-11-09,3.2486989498138428,7.679999828338623,7.71999979019165,7.599999904632568,7.710000038146973,119400
2012-11-12,3.2486989498138428,7.679999828338623,7.730000019073486,7.610000133514404,7.619999885559082,134100
2012-11-13,3.2317755222320557,7.639999866485596,7.739999771118164,7.579999923706055,7.710000038146973,85100
2012-11-14,3.126026153564453,7.389999866485596,7.679999828338623,7.21999979019165,7.639999866485596,220300
2012-11-15,3.142944812774658,7.429999828338623,7.670000076293945,7.210000038146973,7.630000114440918,134300
2012-11-16,3.2233171463012695,7.619999885559082,7.659999847412109,7.449999809265137,7.489999771118164,138800
2012-11-19,3.2571566104888916,7.699999809265137,7.739999771118164,7.659999847412109,7.659999847412109,184000
2012-11-20,3.2571566104888916,7.699999809265137,7.71999979019165,7.679999828338623,7.71999979019165,103300
2012-11-21,3.2571566104888916,7.699999809265137,7.71999979019165,7.699999809265137,7.71999979019165,100100
2012-11-23,3.2740769386291504,7.739999771118164,7.75,7.699999809265137,7.710000038146973,83300
2012-11-26,3.265615940093994,7.71999979019165,7.75,7.670000076293945,7.739999771118164,97900
2012-11-27,3.2783079147338867,7.75,7.75,7.650000095367432,7.730000019073486,184700
2012-11-28,3.265615940093994,7.71999979019165,7.739999771118164,7.690000057220459,7.739999771118164,148300
2012-11-29,3.244467258453369,7.670000076293945,7.730000019073486,7.610000133514404,7.71999979019165,113900
2012-11-30,3.2233171463012695,7.619999885559082,7.710000038146973,7.599999904632568,7.639999866485596,82100
2012-12-03,3.2317755222320557,7.639999866485596,7.650000095367432,7.559999942779541,7.590000152587891,103500
2012-12-04,3.2360072135925293,7.650000095367432,7.659999847412109,7.579999923706055,7.579999923706055,58400
2012-12-05,3.2233171463012695,7.619999885559082,7.699999809265137,7.550000190734863,7.610000133514404,67400
2012-12-06,3.2021665573120117,7.570000171661377,7.619999885559082,7.489999771118164,7.559999942779541,55900
2012-12-07,3.172555446624756,7.5,7.570000171661377,7.46999979019165,7.539999961853027,72600
2012-12-10,3.164097309112549,7.480000019073486,7.5,7.329999923706055,7.349999904632568,131100
2012-12-11,3.167924404144287,7.449999809265137,7.510000228881836,7.420000076293945,7.46999979019165,48400
2012-12-12,3.1594178676605225,7.429999828338623,7.489999771118164,7.420000076293945,7.440000057220459,73300
2012-12-13,3.1466634273529053,7.400000095367432,7.46999979019165,7.389999866485596,7.46999979019165,64100
2012-12-14,3.133906364440918,7.369999885559082,7.46999979019165,7.349999904632568,7.46999979019165,94600
2012-12-17,3.133906364440918,7.369999885559082,7.429999828338623,7.269999980926514,7.389999866485596,140800
2012-12-18,3.1381590366363525,7.380000114440918,7.440000057220459,7.340000152587891,7.420000076293945,90000
2012-12-19,3.201939821243286,7.53000020980835,7.53000020980835,7.409999847412109,7.429999828338623,76200
2012-12-20,3.201939821243286,7.53000020980835,7.559999942779541,7.420000076293945,7.559999942779541,115700
2012-12-21,3.218949794769287,7.570000171661377,7.599999904632568,7.380000114440918,7.380000114440918,109700
2012-12-24,3.223202705383301,7.579999923706055,7.610000133514404,7.46999979019165,7.5,97600
2012-12-26,3.2317068576812744,7.599999904632568,7.650000095367432,7.550000190734863,7.619999885559082,59400
2012-12-27,3.2653846740722656,7.659999847412109,7.659999847412109,7.489999771118164,7.570000171661377,78000
2012-12-28,3.2483320236206055,7.619999885559082,7.760000228881836,7.550000190734863,7.679999828338623,118500
2012-12-31,3.2142276763916016,7.539999961853027,7.590000152587891,7.460000038146973,7.559999942779541,71100
2013-01-02,3.2611193656921387,7.650000095367432,7.699999809265137,7.599999904632568,7.670000076293945,86300
2013-01-03,3.2653846740722656,7.659999847412109,7.690000057220459,7.590000152587891,7.670000076293945,78400
2013-01-04,3.25685715675354,7.639999866485596,7.690000057220459,7.579999923706055,7.579999923706055,102800
2013-01-07,3.2653846740722656,7.659999847412109,7.730000019073486,7.619999885559082,7.679999828338623,149200
2013-01-08,3.2611193656921387,7.650000095367432,7.690000057220459,7.630000114440918,7.659999847412109,117800
2013-01-09,3.2483320236206055,7.619999885559082,7.690000057220459,7.579999923706055,7.690000057220459,109500
2013-01-10,3.2312803268432617,7.579999923706055,7.670000076293945,7.579999923706055,7.670000076293945,99000
2013-01-11,3.2653846740722656,7.659999847412109,7.659999847412109,7.570000171661377,7.570000171661377,81700
2013-01-14,3.25685715675354,7.639999866485596,7.679999828338623,7.630000114440918,7.679999828338623,116700
2013-01-15,3.2611193656921387,7.650000095367432,7.650000095367432,7.619999885559082,7.639999866485596,82600
2013-01-16,3.2525954246520996,7.630000114440918,7.659999847412109,7.619999885559082,7.659999847412109,70700
2013-01-17,3.269646644592285,7.670000076293945,7.670000076293945,7.590000152587891,7.659999847412109,104700
2013-01-18,3.2653846740722656,7.659999847412109,7.679999828338623,7.639999866485596,7.659999847412109,120500
2013-01-22,3.25685715675354,7.639999866485596,7.670000076293945,7.639999866485596,7.659999847412109,81400
2013-01-23,3.290961265563965,7.71999979019165,7.730000019073486,7.650000095367432,7.670000076293945,131000
2013-01-24,3.30375075340271,7.75,7.760000228881836,7.690000057220459,7.71999979019165,215700
2013-01-25,3.3080127239227295,7.760000228881836,7.78000020980835,7.71999979019165,7.760000228881836,58400
2013-01-28,3.3378536701202393,7.829999923706055,7.829999923706055,7.710000038146973,7.789999961853027,122800
2013-01-29,3.316537857055664,7.78000020980835,7.840000152587891,7.760000228881836,7.829999923706055,141200
2013-01-30,3.295222759246826,7.730000019073486,7.789999961853027,7.710000038146973,7.760000228881836,115100
2013-01-31,3.3122756481170654,7.769999980926514,7.78000020980835,7.699999809265137,7.769999980926514,72400
2013-02-01,3.3293263912200928,7.809999942779541,7.829999923706055,7.75,7.75,139900
2013-02-04,3.299485206604004,7.739999771118164,7.869999885559082,7.679999828338623,7.849999904632568,112800
2013-02-05,3.342115879058838,7.840000152587891,7.880000114440918,7.789999961853027,7.789999961853027,111400
2013-02-06,3.3080127239227295,7.760000228881836,7.900000095367432,7.75,7.840000152587891,127600
2013-02-07,3.2900214195251465,7.679999828338623,7.789999961853027,7.639999866485596,7.789999961853027,124100
2013-02-08,3.2728848457336426,7.639999866485596,7.730000019073486,7.639999866485596,7.730000019073486,67900
2013-02-11,3.2857353687286377,7.670000076293945,7.730000019073486,7.590000152587891,7.730000019073486,133800
2013-02-12,3.2814536094665527,7.659999847412109,7.71999979019165,7.619999885559082,7.71999979019165,115200
2013-02-13,3.3157217502593994,7.739999771118164,7.75,7.670000076293945,7.71999979019165,102200
2013-02-14,3.3628461360931396,7.849999904632568,7.900000095367432,7.78000020980835,7.78000020980835,180900
2013-02-15,3.375697135925293,7.880000114440918,7.880000114440918,7.75,7.869999885559082,91500
2013-02-19,3.397117853164673,7.929999828338623,7.989999771118164,7.800000190734863,7.889999866485596,178200
2013-02-20,3.311439037322998,7.730000019073486,7.909999847412109,7.730000019073486,7.900000095367432,122700
2013-02-21,3.3242897987365723,7.760000228881836,7.800000190734863,7.670000076293945,7.78000020980835,126900
2013-02-22,3.3328590393066406,7.78000020980835,7.78000020980835,7.679999828338623,7.78000020980835,109600
2013-02-25,3.328575611114502,7.769999980926514,7.769999980926514,7.630000114440918,7.75,158800
2013-02-26,3.345710515975952,7.809999942779541,7.820000171661377,7.71999979019165,7.739999771118164,89500
2013-02-27,3.3200080394744873,7.75,7.840000152587891,7.730000019073486,7.789999961853027,123700
2013-02-28,3.3328590393066406,7.78000020980835,7.829999923706055,7.710000038146973,7.739999771118164,89100
2013-03-01,3.3799796104431152,7.889999866485596,7.889999866485596,7.739999771118164,7.739999771118164,64400
2013-03-04,3.358560800552368,7.840000152587891,7.889999866485596,7.760000228881836,7.829999923706055,66900
2013-03-05,3.3671298027038574,7.860000133514404,7.860000133514404,7.800000190734863,7.840000152587891,76200
2013-03-06,3.3371424674987793,7.789999961853027,7.849999904632568,7.710000038146973,7.849999904632568,83300
2013-03-07,3.3186354637145996,7.710000038146973,7.75,7.670000076293945,7.730000019073486,55800
2013-03-08,3.2971105575561523,7.659999847412109,7.800000190734863,7.619999885559082,7.710000038146973,138700
2013-03-11,3.2798960208892822,7.619999885559082,7.650000095367432,7.460000038146973,7.570000171661377,258100
2013-03-12,3.3014159202575684,7.670000076293945,7.690000057220459,7.599999904632568,7.610000133514404,105700
2013-03-13,3.2497663497924805,7.550000190734863,7.630000114440918,7.550000190734863,7.599999904632568,142800
2013-03-14,3.2540695667266846,7.559999942779541,7.610000133514404,7.460000038146973,7.610000133514404,116700
2013-03-15,3.2454609870910645,7.539999961853027,7.599999904632568,7.46999979019165,7.590000152587891,83800
2013-03-18,3.2583744525909424,7.570000171661377,7.570000171661377,7.460000038146973,7.46999979019165,105400
2013-03-19,3.2971105575561523,7.659999847412109,7.659999847412109,7.519999980926514,7.519999980926514,101200
2013-03-20,3.2669811248779297,7.590000152587891,7.630000114440918,7.550000190734863,7.610000133514404,85700
2013-03-21,3.3014159202575684,7.670000076293945,7.690000057220459,7.610000133514404,7.619999885559082,67000
2013-03-22,3.3143298625946045,7.699999809265137,7.699999809265137,7.599999904632568,7.690000057220459,47500
2013-03-25,3.2411580085754395,7.53000020980835,7.710000038146973,7.53000020980835,7.710000038146973,105000
2013-03-26,3.271287679672241,7.599999904632568,7.619999885559082,7.550000190734863,7.619999885559082,102400
2013-03-27,3.2755894660949707,7.610000133514404,7.619999885559082,7.539999961853027,7.619999885559082,90700
2013-03-28,3.262678623199463,7.579999923706055,7.639999866485596,7.519999980926514,7.639999866485596,86200
2013-04-01,3.262678623199463,7.579999923706055,7.599999904632568,7.53000020980835,7.599999904632568,82600
2013-04-02,3.2755894660949707,7.610000133514404,7.610000133514404,7.539999961853027,7.590000152587891,60800
2013-04-03,3.2368509769439697,7.519999980926514,7.599999904632568,7.510000228881836,7.590000152587891,96000
2013-04-04,3.2755894660949707,7.610000133514404,7.610000133514404,7.539999961853027,7.559999942779541,53600
2013-04-05,3.2885031700134277,7.639999866485596,7.71999979019165,7.579999923706055,7.699999809265137,94000
2013-04-08,3.2669811248779297,7.590000152587891,7.679999828338623,7.559999942779541,7.670000076293945,87500
2013-04-09,3.278226852416992,7.579999923706055,7.639999866485596,7.539999961853027,7.599999904632568,75200
2013-04-10,3.304175615310669,7.639999866485596,7.650000095367432,7.570000171661377,7.619999885559082,82100
2013-04-11,3.269577980041504,7.559999942779541,7.650000095367432,7.559999942779541,7.650000095367432,103400
2013-04-12,3.317150354385376,7.670000076293945,7.679999828338623,7.510000228881836,7.590000152587891,229800
2013-04-15,3.2912023067474365,7.610000133514404,7.670000076293945,7.590000152587891,7.619999885559082,92700
2013-04-16,3.273904800415039,7.570000171661377,7.650000095367432,7.559999942779541,7.610000133514404,94800
2013-04-17,3.2955265045166016,7.619999885559082,7.619999885559082,7.559999942779541,7.579999923706055,78800
2013-04-18,3.3214755058288574,7.679999828338623,7.679999828338623,7.599999904632568,7.630000114440918,90800
2013-04-19,3.3387746810913086,7.71999979019165,7.730000019073486,7.619999885559082,7.659999847412109,117700
2013-04-22,3.3474245071411133,7.739999771118164,7.760000228881836,7.690000057220459,7.760000228881836,51400
2013-04-23,3.3647234439849854,7.78000020980835,7.840000152587891,7.710000038146973,7.75,149700
2013-04-24,3.360398054122925,7.769999980926514,7.849999904632568,7.769999980926514,7.829999923706055,75900
2013-04-25,3.3128249645233154,7.659999847412109,7.71999979019165,7.639999866485596,7.710000038146973,182000
2013-04-26,3.2868754863739014,7.599999904632568,7.760000228881836,7.579999923706055,7.75,191400
2013-04-29,3.278226852416992,7.579999923706055,7.650000095367432,7.559999942779541,7.599999904632568,126000
2013-04-30,3.273904800415039,7.570000171661377,7.630000114440918,7.570000171661377,7.619999885559082,121700
2013-05-01,3.304175615310669,7.639999866485596,7.639999866485596,7.570000171661377,7.610000133514404,117000
2013-05-02,3.2912023067474365,7.610000133514404,7.639999866485596,7.559999942779541,7.610000133514404,113300
2013-05-03,3.317150354385376,7.670000076293945,7.670000076293945,7.550000190734863,7.650000095367432,160600
2013-05-06,3.299851179122925,7.630000114440918,7.650000095367432,7.570000171661377,7.630000114440918,142300
2013-05-07,3.299851179122925,7.630000114440918,7.630000114440918,7.579999923706055,7.630000114440918,77800
2013-05-08,3.3214755058288574,7.679999828338623,7.679999828338623,7.590000152587891,7.619999885559082,139700
2013-05-09,3.3466837406158447,7.699999809265137,7.71999979019165,7.639999866485596,7.639999866485596,182600
2013-05-10,3.4118812084198,7.849999904632568,7.849999904632568,7.679999828338623,7.699999809265137,209700
2013-05-13,3.368415117263794,7.75,7.880000114440918,7.650000095367432,7.880000114440918,252000
2013-05-14,3.3466837406158447,7.699999809265137,7.769999980926514,7.650000095367432,7.769999980926514,91300
2013-05-15,3.368415117263794,7.75,7.75,7.679999828338623,7.71999979019165,139000
2013-05-16,3.3510310649871826,7.710000038146973,7.75,7.679999828338623,7.75,120500
2013-05-17,3.359724283218384,7.730000019073486,7.75,7.679999828338623,7.690000057220459,99000
2013-05-20,3.377108097076416,7.769999980926514,7.78000020980835,7.679999828338623,7.739999771118164,132500
2013-05-21,3.3901491165161133,7.800000190734863,7.800000190734863,7.730000019073486,7.760000228881836,87300
2013-05-22,3.407534599304199,7.840000152587891,7.840000152587891,7.760000228881836,7.789999961853027,109500
2013-05-23,3.416224956512451,7.860000133514404,7.860000133514404,7.75,7.800000190734863,109200
2013-05-24,3.433610677719116,7.900000095367432,7.900000095367432,7.820000171661377,7.840000152587891,185600
2013-05-28,3.3901491165161133,7.800000190734863,7.880000114440918,7.760000228881836,7.860000133514404,135900
2013-05-29,3.320605993270874,7.639999866485596,7.829999923706055,7.590000152587891,7.800000190734863,168200
2013-05-30,3.324951410293579,7.650000095367432,7.710000038146973,7.599999904632568,7.659999847412109,80800
2013-05-31,3.2858352661132812,7.559999942779541,7.670000076293945,7.5,7.630000114440918,100600
2013-06-03,3.2684502601623535,7.519999980926514,7.619999885559082,7.460000038146973,7.610000133514404,131200
2013-06-04,3.255408763885498,7.489999771118164,7.550000190734863,7.420000076293945,7.429999828338623,110900
2013-06-05,3.242372989654541,7.460000038146973,7.5,7.380000114440918,7.449999809265137,116600
2013-06-06,3.2814881801605225,7.550000190734863,7.550000190734863,7.420000076293945,7.429999828338623,106100
2013-06-07,3.242372989654541,7.460000038146973,7.539999961853027,7.400000095367432,7.539999961853027,138800
2013-06-10,3.2380259037017822,7.449999809265137,7.46999979019165,7.380000114440918,7.420000076293945,122500
2013-06-11,3.2406435012817383,7.420000076293945,7.449999809265137,7.340000152587891,7.389999866485596,95400
2013-06-12,3.1838691234588623,7.289999961853027,7.409999847412109,7.289999961853027,7.409999847412109,187000
2013-06-13,3.1489310264587402,7.210000038146973,7.289999961853027,7.159999847412109,7.289999961853027,340200
2013-06-14,3.153296947479248,7.21999979019165,7.380000114440918,7.179999828338623,7.21999979019165,174300
2013-06-17,3.175135850906372,7.269999980926514,7.300000190734863,7.210000038146973,7.300000190734863,163100
2013-06-18,3.1620330810546875,7.239999771118164,7.300000190734863,7.210000038146973,7.300000190734863,121400
2013-06-19,3.1445608139038086,7.199999809265137,7.28000020980835,7.150000095367432,7.28000020980835,168600
2013-06-20,3.057213306427002,7.0,7.190000057220459,6.96999979019165,7.170000076293945,327800
2013-06-21,3.153296947479248,7.21999979019165,7.230000019073486,7.059999942779541,7.099999904632568,282000
2013-06-24,3.10962176322937,7.119999885559082,7.150000095367432,7.019999980926514,7.150000095367432,103300
2013-06-25,3.179501533508301,7.28000020980835,7.300000190734863,7.03000020980835,7.230000019073486,186900
2013-06-26,3.227544069290161,7.389999866485596,7.420000076293945,7.179999828338623,7.289999961853027,150700
2013-06-27,3.266850709915161,7.480000019073486,7.489999771118164,7.369999885559082,7.429999828338623,131800
2013-06-28,3.28432035446167,7.519999980926514,7.519999980926514,7.380000114440918,7.5,106700
2013-07-01,3.2406435012817383,7.420000076293945,7.539999961853027,7.340000152587891,7.539999961853027,195400
2013-07-02,3.1969711780548096,7.320000171661377,7.409999847412109,7.260000228881836,7.349999904632568,169900
2013-07-03,3.153296947479248,7.21999979019165,7.289999961853027,7.130000114440918,7.159999847412109,156200
2013-07-05,3.1401944160461426,7.190000057220459,7.320000171661377,7.139999866485596,7.320000171661377,100200
2013-07-08,3.1445608139038086,7.199999809265137,7.300000190734863,7.179999828338623,7.269999980926514,126800
2013-07-09,3.2481513023376465,7.400000095367432,7.409999847412109,7.21999979019165,7.230000019073486,149300
2013-07-10,3.2613186836242676,7.429999828338623,7.460000038146973,7.380000114440918,7.429999828338623,132100
2013-07-11,3.2964351177215576,7.510000228881836,7.510000228881836,7.400000095367432,7.489999771118164,71200
2013-07-12,3.274486780166626,7.460000038146973,7.510000228881836,7.360000133514404,7.449999809265137,175700
2013-07-15,3.2964351177215576,7.510000228881836,7.53000020980835,7.460000038146973,7.489999771118164,68100
2013-07-16,3.2700986862182617,7.449999809265137,7.489999771118164,7.349999904632568,7.489999771118164,61100
2013-07-17,3.2876570224761963,7.489999771118164,7.489999771118164,7.420000076293945,7.440000057220459,48200
2013-07-18,3.2700986862182617,7.449999809265137,7.489999771118164,7.409999847412109,7.489999771118164,77700
2013-07-19,3.2218141555786133,7.340000152587891,7.460000038146973,7.320000171661377,7.440000057220459,87100
2013-07-22,3.213035821914673,7.320000171661377,7.360000133514404,7.269999980926514,7.349999904632568,91100
2013-07-23,3.2437617778778076,7.389999866485596,7.449999809265137,7.329999923706055,7.360000133514404,102300
2013-07-24,3.256930112838745,7.420000076293945,7.440000057220459,7.320000171661377,7.409999847412109,66000
2013-07-25,3.300823450088501,7.519999980926514,7.53000020980835,7.389999866485596,7.429999828338623,106700
2013-07-26,3.2305943965911865,7.360000133514404,7.539999961853027,7.320000171661377,7.539999961853027,218700
2013-07-29,3.2218141555786133,7.340000152587891,7.360000133514404,7.300000190734863,7.349999904632568,66900
2013-07-30,3.2481513023376465,7.400000095367432,7.400000095367432,7.28000020980835,7.320000171661377,88500
2013-07-31,3.2525405883789062,7.409999847412109,7.409999847412109,7.329999923706055,7.369999885559082,77600
2013-08-01,3.213035821914673,7.320000171661377,7.380000114440918,7.309999942779541,7.380000114440918,78400
2013-08-02,3.2174272537231445,7.329999923706055,7.349999904632568,7.289999961853027,7.349999904632568,76900
2013-08-05,3.182310104370117,7.25,7.320000171661377,7.25,7.320000171661377,80000
2013-08-06,3.1779208183288574,7.239999771118164,7.25,7.190000057220459,7.210000038146973,61400
2013-08-07,3.1779208183288574,7.239999771118164,7.239999771118164,7.150000095367432,7.190000057220459,101400
2013-08-08,3.202181100845337,7.260000228881836,7.260000228881836,7.139999866485596,7.239999771118164,67900
2013-08-09,3.2154135704040527,7.289999961853027,7.309999942779541,7.190000057220459,7.269999980926514,91100
2013-08-12,3.2286453247070312,7.320000171661377,7.329999923706055,7.21999979019165,7.260000228881836,75500
2013-08-13,3.23746657371521,7.340000152587891,7.349999904632568,7.210000038146973,7.269999980926514,50900
2013-08-14,3.211002826690674,7.28000020980835,7.300000190734863,7.21999979019165,7.300000190734863,77800
2013-08-15,3.162482738494873,7.170000076293945,7.25,7.130000114440918,7.210000038146973,84000
2013-08-16,3.162482738494873,7.170000076293945,7.239999771118164,7.110000133514404,7.150000095367432,79900
2013-08-19,3.1051454544067383,7.039999961853027,7.159999847412109,6.989999771118164,7.130000114440918,246800
2013-08-20,3.113966941833496,7.059999942779541,7.110000133514404,6.989999771118164,7.019999980926514,121800
2013-08-21,3.091913938522339,7.010000228881836,7.079999923706055,6.949999809265137,7.079999923706055,162100
2013-08-22,3.1183743476867676,7.070000171661377,7.119999885559082,6.980000019073486,7.03000020980835,111400
2013-08-23,3.109556198120117,7.050000190734863,7.070000171661377,7.010000228881836,7.039999961853027,77300
2013-08-26,3.113966941833496,7.059999942779541,7.079999923706055,7.0,7.059999942779541,63400
2013-08-27,3.1183743476867676,7.070000171661377,7.079999923706055,6.929999828338623,7.019999980926514,150500
2013-08-28,3.131608009338379,7.099999904632568,7.119999885559082,7.019999980926514,7.03000020980835,51400
2013-08-29,3.162482738494873,7.170000076293945,7.170000076293945,7.03000020980835,7.070000171661377,103800
2013-08-30,3.127197027206421,7.090000152587891,7.139999866485596,7.059999942779541,7.139999866485596,51800
2013-09-03,3.1448423862457275,7.130000114440918,7.130000114440918,7.050000190734863,7.090000152587891,67900
2013-09-04,3.1448423862457275,7.130000114440918,7.139999866485596,7.079999923706055,7.090000152587891,111300
2013-09-05,3.127197027206421,7.090000152587891,7.090000152587891,7.039999961853027,7.079999923706055,131600
2013-09-06,3.0963220596313477,7.019999980926514,7.070000171661377,6.96999979019165,7.070000171661377,277500
2013-09-09,3.1227872371673584,7.079999923706055,7.079999923706055,6.980000019073486,6.989999771118164,142000
2013-09-10,3.131608009338379,7.099999904632568,7.099999904632568,7.0,7.039999961853027,91100
2013-09-11,3.1249594688415527,7.050000190734863,7.050000190734863,6.989999771118164,7.019999980926514,77200
2013-09-12,3.129392623901367,7.059999942779541,7.059999942779541,6.980000019073486,7.019999980926514,104000
2013-09-13,3.1249594688415527,7.050000190734863,7.059999942779541,7.0,7.039999961853027,91800
2013-09-16,3.129392623901367,7.059999942779541,7.070000171661377,7.019999980926514,7.070000171661377,66700
2013-09-17,3.1160945892333984,7.03000020980835,7.039999961853027,6.96999979019165,7.03000020980835,104400
2013-09-18,3.1338255405426025,7.070000171661377,7.079999923706055,6.980000019073486,7.010000228881836,105000
2013-09-19,3.1249594688415527,7.050000190734863,7.099999904632568,6.989999771118164,7.03000020980835,119800
2013-09-20,3.1205265522003174,7.039999961853027,7.050000190734863,6.980000019073486,7.03000020980835,130200
2013-09-23,3.129392623901367,7.059999942779541,7.059999942779541,7.010000228881836,7.03000020980835,93500
2013-09-24,3.147123098373413,7.099999904632568,7.099999904632568,7.010000228881836,7.03000020980835,93100
2013-09-25,3.129392623901367,7.059999942779541,7.070000171661377,7.010000228881836,7.070000171661377,99900
2013-09-26,3.1338255405426025,7.070000171661377,7.070000171661377,7.0,7.050000190734863,111800
2013-09-27,3.102796792984009,7.0,7.050000190734863,6.909999847412109,7.050000190734863,185400
2013-09-30,3.1160945892333984,7.03000020980835,7.039999961853027,6.940000057220459,6.940000057220459,104600
2013-10-01,3.1160945892333984,7.03000020980835,7.03000020980835,6.96999979019165,7.0,104200
2013-10-02,3.102796792984009,7.0,7.019999980926514,6.869999885559082,6.960000038146973,211400
2013-10-03,3.107229232788086,7.010000228881836,7.010000228881836,6.980000019073486,7.010000228881836,122100
2013-10-04,3.0983645915985107,6.989999771118164,7.019999980926514,6.960000038146973,6.989999771118164,129800
2013-10-07,3.0584704875946045,6.900000095367432,6.960000038146973,6.900000095367432,6.949999809265137,129700
2013-10-08,3.0717687606811523,6.929999828338623,6.929999828338623,6.880000114440918,6.900000095367432,135300
2013-10-09,3.091815948486328,6.940000057220459,6.940000057220459,6.860000133514404,6.880000114440918,114600
2013-10-10,3.1051828861236572,6.96999979019165,6.980000019073486,6.920000076293945,6.949999809265137,103500
2013-10-11,3.118546724319458,7.0,7.0,6.949999809265137,6.980000019073486,98900
2013-10-14,3.1140923500061035,6.989999771118164,6.989999771118164,6.940000057220459,6.949999809265137,140200
2013-10-15,3.0829057693481445,6.920000076293945,6.960000038146973,6.900000095367432,6.949999809265137,129900
2013-10-16,3.091815948486328,6.940000057220459,6.949999809265137,6.880000114440918,6.900000095367432,138000
2013-10-17,3.10072660446167,6.960000038146973,6.960000038146973,6.889999866485596,6.889999866485596,132800
2013-10-18,3.1051828861236572,6.96999979019165,6.96999979019165,6.900000095367432,6.929999828338623,165100
2013-10-21,3.1051828861236572,6.96999979019165,6.96999979019165,6.929999828338623,6.949999809265137,157600
2013-10-22,3.1230015754699707,7.010000228881836,7.010000228881836,6.960000038146973,6.960000038146973,93100
2013-10-23,3.1319124698638916,7.03000020980835,7.039999961853027,6.989999771118164,7.010000228881836,98800
2013-10-24,3.1809189319610596,7.139999866485596,7.159999847412109,7.019999980926514,7.050000190734863,223000
2013-10-25,3.2210140228271484,7.230000019073486,7.230000019073486,7.079999923706055,7.110000133514404,215700
2013-10-28,3.1898295879364014,7.159999847412109,7.21999979019165,7.150000095367432,7.190000057220459,59300
2013-10-29,3.145278215408325,7.059999942779541,7.119999885559082,7.050000190734863,7.119999885559082,97500
2013-10-30,3.198740005493164,7.179999828338623,7.179999828338623,7.050000190734863,7.050000190734863,150500
2013-10-31,3.176464080810547,7.130000114440918,7.150000095367432,7.099999904632568,7.150000095367432,58800
2013-11-01,3.1541879177093506,7.079999923706055,7.110000133514404,7.03000020980835,7.110000133514404,120900
2013-11-04,3.145278215408325,7.059999942779541,7.070000171661377,7.019999980926514,7.050000190734863,112500
2013-11-05,3.149733066558838,7.070000171661377,7.099999904632568,7.019999980926514,7.090000152587891,112200
2013-11-06,3.149733066558838,7.070000171661377,7.070000171661377,7.019999980926514,7.039999961853027,82500
2013-11-07,3.160926103591919,7.059999942779541,7.070000171661377,7.0,7.019999980926514,131800
2013-11-08,3.1698806285858154,7.079999923706055,7.079999923706055,7.019999980926514,7.050000190734863,172200
2013-11-11,3.18331241607666,7.110000133514404,7.110000133514404,7.039999961853027,7.039999961853027,77800
2013-11-12,3.178834915161133,7.099999904632568,7.099999904632568,7.039999961853027,7.070000171661377,101400
2013-11-13,3.1295855045318604,6.989999771118164,7.059999942779541,6.980000019073486,7.050000190734863,108000
2013-11-14,3.1385397911071777,7.010000228881836,7.010000228881836,6.949999809265137,6.96999979019165,108800
2013-11-15,3.1654036045074463,7.070000171661377,7.070000171661377,7.0,7.050000190734863,90600
2013-11-18,3.1340622901916504,7.0,7.039999961853027,6.949999809265137,7.03000020980835,115200
2013-11-19,3.1295855045318604,6.989999771118164,6.989999771118164,6.730000019073486,6.730000019073486,82600
2013-11-20,3.1161537170410156,6.960000038146973,6.960000038146973,6.940000057220459,6.960000038146973,63200
2013-11-21,3.1161537170410156,6.960000038146973,6.980000019073486,6.940000057220459,6.960000038146973,72800
2013-11-22,3.1161537170410156,6.960000038146973,6.960000038146973,6.920000076293945,6.949999809265137,87900
2013-11-25,3.107198476791382,6.940000057220459,6.989999771118164,6.929999828338623,6.929999828338623,101100
2013-11-26,3.1161537170410156,6.960000038146973,6.960000038146973,6.909999847412109,6.920000076293945,165200
2013-11-27,3.1027209758758545,6.929999828338623,6.949999809265137,6.920000076293945,6.949999809265137,58100
2013-11-29,3.1295855045318604,6.989999771118164,6.989999771118164,6.900000095367432,6.900000095367432,64200
2013-12-02,3.1295855045318604,6.989999771118164,6.989999771118164,6.940000057220459,6.960000038146973,55500
2013-12-03,3.0982439517974854,6.920000076293945,6.929999828338623,6.909999847412109,6.920000076293945,139500
2013-12-04,3.0758581161499023,6.869999885559082,6.909999847412109,6.869999885559082,6.889999866485596,202500
2013-12-05,3.0758581161499023,6.869999885559082,6.880000114440918,6.809999942779541,6.849999904632568,221700
2013-12-06,3.0758581161499023,6.869999885559082,6.880000114440918,6.809999942779541,6.860000133514404,141700
2013-12-09,3.0758581161499023,6.869999885559082,6.869999885559082,6.829999923706055,6.860000133514404,143700
2013-12-10,3.1141085624694824,6.920000076293945,6.920000076293945,6.820000171661377,6.820000171661377,133700
2013-12-11,3.118609666824341,6.929999828338623,6.929999828338623,6.860000133514404,6.900000095367432,81600
2013-12-12,3.1051089763641357,6.900000095367432,6.929999828338623,6.829999923706055,6.889999866485596,139800
2013-12-13,3.082608938217163,6.849999904632568,6.889999866485596,6.820000171661377,6.889999866485596,152200
2013-12-16,3.1051089763641357,6.900000095367432,6.900000095367432,6.820000171661377,6.829999923706055,90500
2013-12-17,3.1051089763641357,6.900000095367432,6.900000095367432,6.829999923706055,6.869999885559082,82100
2013-12-18,3.082608938217163,6.849999904632568,6.880000114440918,6.840000152587891,6.860000133514404,194200
2013-12-19,3.091609477996826,6.869999885559082,6.869999885559082,6.820000171661377,6.840000152587891,264900
2013-12-20,3.082608938217163,6.849999904632568,6.889999866485596,6.809999942779541,6.820000171661377,192300
2013-12-23,3.1321098804473877,6.960000038146973,6.960000038146973,6.869999885559082,6.880000114440918,174400
2013-12-24,3.1321098804473877,6.960000038146973,6.989999771118164,6.920000076293945,6.980000019073486,120900
2013-12-26,3.145611047744751,6.989999771118164,7.0,6.96999979019165,6.989999771118164,57400
2013-12-27,3.166508674621582,6.96999979019165,6.96999979019165,6.929999828338623,6.940000057220459,47600
2013-12-30,3.175595760345459,6.989999771118164,6.989999771118164,6.900000095367432,6.96999979019165,147800
2013-12-31,3.1392507553100586,6.909999847412109,6.96999979019165,6.909999847412109,6.96999979019165,177200
2014-01-02,3.157421588897705,6.949999809265137,6.949999809265137,6.900000095367432,6.900000095367432,157700
2014-01-03,3.166508674621582,6.96999979019165,6.980000019073486,6.860000133514404,6.920000076293945,189000
2014-01-06,3.175595760345459,6.989999771118164,6.989999771118164,6.949999809265137,6.989999771118164,112800
2014-01-07,3.22556734085083,7.099999904632568,7.130000114440918,6.989999771118164,7.039999961853027,231300
2014-01-08,3.2391979694366455,7.130000114440918,7.130000114440918,7.079999923706055,7.110000133514404,123800
2014-01-09,3.234654664993286,7.119999885559082,7.139999866485596,7.099999904632568,7.139999866485596,60700
2014-01-10,3.2301127910614014,7.110000133514404,7.179999828338623,7.070000171661377,7.139999866485596,119600
2014-01-13,3.216482639312744,7.079999923706055,7.139999866485596,7.070000171661377,7.070000171661377,131500
2014-01-14,3.2119381427764893,7.070000171661377,7.090000152587891,7.03000020980835,7.079999923706055,87200
2014-01-15,3.2210261821746826,7.090000152587891,7.090000152587891,7.059999942779541,7.079999923706055,56000
2014-01-16,3.2391979694366455,7.130000114440918,7.130000114440918,7.070000171661377,7.090000152587891,62400
2014-01-17,3.22556734085083,7.099999904632568,7.130000114440918,7.059999942779541,7.059999942779541,167800
2014-01-21,3.22556734085083,7.099999904632568,7.099999904632568,7.039999961853027,7.090000152587891,111400
2014-01-22,3.22556734085083,7.099999904632568,7.099999904632568,7.019999980926514,7.059999942779541,102000
2014-01-23,3.2301127910614014,7.110000133514404,7.119999885559082,7.059999942779541,7.059999942779541,91900
2014-01-24,3.216482639312744,7.079999923706055,7.099999904632568,7.03000020980835,7.079999923706055,104700
2014-01-27,3.2028541564941406,7.050000190734863,7.090000152587891,7.019999980926514,7.059999942779541,113000
2014-01-28,3.1983091831207275,7.039999961853027,7.090000152587891,7.03000020980835,7.070000171661377,78200
2014-01-29,3.2028541564941406,7.050000190734863,7.059999942779541,7.019999980926514,7.050000190734863,52200
2014-01-30,3.207395076751709,7.059999942779541,7.059999942779541,6.980000019073486,7.03000020980835,116000
2014-01-31,3.207395076751709,7.059999942779541,7.059999942779541,7.0,7.03000020980835,59900
2014-02-03,3.2028541564941406,7.050000190734863,7.050000190734863,6.989999771118164,7.050000190734863,76400
2014-02-04,3.207395076751709,7.059999942779541,7.059999942779541,7.0,7.019999980926514,70400
2014-02-05,3.1937670707702637,7.03000020980835,7.03000020980835,7.0,7.019999980926514,55800
2014-02-06,3.1983091831207275,7.039999961853027,7.039999961853027,6.989999771118164,7.019999980926514,131400
2014-02-07,3.207395076751709,7.059999942779541,7.059999942779541,7.0,7.050000190734863,121700
2014-02-10,3.2119381427764893,7.070000171661377,7.070000171661377,7.03000020980835,7.03000020980835,47200
2014-02-11,3.1955060958862305,7.0,7.039999961853027,6.980000019073486,7.010000228881836,156000
2014-02-12,3.1955060958862305,7.0,7.0,6.980000019073486,6.989999771118164,69900
2014-02-13,3.200070381164551,7.010000228881836,7.010000228881836,6.929999828338623,6.96999979019165,149500
2014-02-14,3.204637050628662,7.019999980926514,7.019999980926514,6.949999809265137,7.0,65300
2014-02-18,3.209200620651245,7.03000020980835,7.03000020980835,6.989999771118164,6.989999771118164,84700
2014-02-19,3.200070381164551,7.010000228881836,7.019999980926514,6.96999979019165,7.019999980926514,98200
2014-02-20,3.2183310985565186,7.050000190734863,7.050000190734863,6.96999979019165,6.989999771118164,162200
2014-02-21,3.2183310985565186,7.050000190734863,7.059999942779541,6.980000019073486,7.059999942779541,128000
2014-02-24,3.2137649059295654,7.039999961853027,7.070000171661377,7.039999961853027,7.050000190734863,101500
2014-02-25,3.2228941917419434,7.059999942779541,7.090000152587891,7.019999980926514,7.079999923706055,305100
2014-02-26,3.200070381164551,7.010000228881836,7.050000190734863,7.010000228881836,7.039999961853027,86100
2014-02-27,3.200070381164551,7.010000228881836,7.03000020980835,7.0,7.010000228881836,71300
2014-02-28,3.2137649059295654,7.039999961853027,7.039999961853027,7.010000228881836,7.010000228881836,68200
2014-03-03,3.200070381164551,7.010000228881836,7.03000020980835,7.0,7.010000228881836,80100
2014-03-04,3.209200620651245,7.03000020980835,7.03000020980835,7.0,7.019999980926514,139100
2014-03-05,3.186375379562378,6.980000019073486,7.03000020980835,6.980000019073486,7.010000228881836,353900
2014-03-06,3.181811571121216,6.96999979019165,7.0,6.949999809265137,6.989999771118164,97100
2014-03-07,3.177245616912842,6.960000038146973,6.989999771118164,6.929999828338623,6.989999771118164,140800
2014-03-10,3.1726791858673096,6.949999809265137,6.96999979019165,6.929999828338623,6.960000038146973,93700
2014-03-11,3.179103374481201,6.929999828338623,6.929999828338623,6.900000095367432,6.909999847412109,149200
2014-03-12,3.179103374481201,6.929999828338623,6.929999828338623,6.889999866485596,6.909999847412109,92200
2014-03-13,3.15616512298584,6.880000114440918,6.920000076293945,6.880000114440918,6.909999847412109,152700
2014-03-14,3.1607534885406494,6.889999866485596,6.909999847412109,6.869999885559082,6.889999866485596,81000
2014-03-17,3.1607534885406494,6.889999866485596,6.900000095367432,6.880000114440918,6.889999866485596,87400
2014-03-18,3.165339946746826,6.900000095367432,6.909999847412109,6.820000171661377,6.900000095367432,102600
2014-03-19,3.1836907863616943,6.940000057220459,6.949999809265137,6.909999847412109,6.909999847412109,75500
2014-03-20,3.1699271202087402,6.909999847412109,6.940000057220459,6.880000114440918,6.940000057220459,141000
2014-03-21,3.1699271202087402,6.909999847412109,6.949999809265137,6.900000095367432,6.929999828338623,107300
2014-03-24,3.15616512298584,6.880000114440918,6.920000076293945,6.880000114440918,6.920000076293945,60800
2014-03-25,3.1607534885406494,6.889999866485596,6.909999847412109,6.860000133514404,6.869999885559082,94600
2014-03-26,3.1469919681549072,6.860000133514404,6.900000095367432,6.849999904632568,6.900000095367432,70300
2014-03-27,3.1699271202087402,6.909999847412109,6.920000076293945,6.869999885559082,6.880000114440918,125000
2014-03-28,3.1607534885406494,6.889999866485596,6.920000076293945,6.889999866485596,6.909999847412109,123300
2014-03-31,3.165339946746826,6.900000095367432,6.940000057220459,6.869999885559082,6.909999847412109,108000
2014-04-01,3.15616512298584,6.880000114440918,6.909999847412109,6.849999904632568,6.909999847412109,110300
2014-04-02,3.1424033641815186,6.849999904632568,6.880000114440918,6.809999942779541,6.880000114440918,191500
2014-04-03,3.1469919681549072,6.860000133514404,6.869999885559082,6.829999923706055,6.849999904632568,189500
2014-04-04,3.1699271202087402,6.909999847412109,6.909999847412109,6.860000133514404,6.900000095367432,184300
2014-04-07,3.1469919681549072,6.860000133514404,6.900000095367432,6.849999904632568,6.900000095367432,107400
2014-04-08,3.128643274307251,6.820000171661377,6.869999885559082,6.809999942779541,6.869999885559082,129200
2014-04-09,3.121264934539795,6.769999980926514,6.809999942779541,6.769999980926514,6.809999942779541,183400
2014-04-10,3.130486011505127,6.789999961853027,6.800000190734863,6.769999980926514,6.789999961853027,128800
2014-04-11,3.121264934539795,6.769999980926514,6.789999961853027,6.75,6.789999961853027,131000
2014-04-14,3.116655111312866,6.760000228881836,6.789999961853027,6.75,6.789999961853027,85200
2014-04-15,3.116655111312866,6.760000228881836,6.769999980926514,6.739999771118164,6.760000228881836,98900
2014-04-16,3.116655111312866,6.760000228881836,6.769999980926514,6.739999771118164,6.760000228881836,131500
2014-04-17,3.139707088470459,6.809999942779541,6.809999942779541,6.730000019073486,6.739999771118164,127900
2014-04-21,3.130486011505127,6.789999961853027,6.789999961853027,6.739999771118164,6.760000228881836,212700
2014-04-22,3.1443188190460205,6.820000171661377,6.820000171661377,6.78000020980835,6.800000190734863,91000
2014-04-23,3.1765902042388916,6.889999866485596,6.889999866485596,6.809999942779541,6.809999942779541,133000
2014-04-24,3.1765902042388916,6.889999866485596,6.889999866485596,6.809999942779541,6.869999885559082,141800
2014-04-25,3.181198835372925,6.900000095367432,6.900000095367432,6.869999885559082,6.900000095367432,130300
2014-04-28,3.18580961227417,6.909999847412109,6.929999828338623,6.889999866485596,6.900000095367432,123600
2014-04-29,3.1673684120178223,6.869999885559082,6.909999847412109,6.860000133514404,6.909999847412109,61100
2014-04-30,3.1719796657562256,6.880000114440918,6.920000076293945,6.840000152587891,6.860000133514404,93100
2014-05-01,3.1443188190460205,6.820000171661377,6.869999885559082,6.809999942779541,6.849999904632568,80200
2014-05-02,3.1350958347320557,6.800000190734863,6.840000152587891,6.789999961853027,6.800000190734863,152300
2014-05-05,3.1350958347320557,6.800000190734863,6.820000171661377,6.789999961853027,6.800000190734863,84600
2014-05-06,3.153536796569824,6.840000152587891,6.840000152587891,6.789999961853027,6.789999961853027,100300
2014-05-07,3.148927927017212,6.829999923706055,6.849999904632568,6.809999942779541,6.820000171661377,137000
2014-05-08,3.1405889987945557,6.78000020980835,6.820000171661377,6.769999980926514,6.820000171661377,116000
2014-05-09,3.1405889987945557,6.78000020980835,6.789999961853027,6.760000228881836,6.760000228881836,128600
2014-05-12,3.135957717895508,6.769999980926514,6.809999942779541,6.760000228881836,6.769999980926514,106400
2014-05-13,3.1405889987945557,6.78000020980835,6.809999942779541,6.769999980926514,6.769999980926514,109000
2014-05-14,3.135957717895508,6.769999980926514,6.809999942779541,6.769999980926514,6.78000020980835,92500
2014-05-15,3.131324291229248,6.760000228881836,6.800000190734863,6.739999771118164,6.78000020980835,65000
2014-05-16,3.131324291229248,6.760000228881836,6.789999961853027,6.739999771118164,6.760000228881836,64500
2014-05-19,3.1266930103302,6.75,6.78000020980835,6.75,6.75,141700
2014-05-20,3.135957717895508,6.769999980926514,6.769999980926514,6.730000019073486,6.769999980926514,164300
2014-05-21,3.145221471786499,6.789999961853027,6.800000190734863,6.75,6.75,126700
2014-05-22,3.149853467941284,6.800000190734863,6.809999942779541,6.789999961853027,6.800000190734863,99700
2014-05-23,3.159119129180908,6.820000171661377,6.840000152587891,6.809999942779541,6.820000171661377,129000
2014-05-27,3.177645444869995,6.860000133514404,6.860000133514404,6.829999923706055,6.840000152587891,150000
2014-05-28,3.1683826446533203,6.840000152587891,6.860000133514404,6.820000171661377,6.860000133514404,77900
2014-05-29,3.154486656188965,6.809999942779541,6.860000133514404,6.800000190734863,6.820000171661377,131600
2014-05-30,3.1637496948242188,6.829999923706055,6.860000133514404,6.809999942779541,6.809999942779541,85000
2014-06-02,3.145221471786499,6.789999961853027,6.829999923706055,6.789999961853027,6.829999923706055,61800
2014-06-03,3.135957717895508,6.769999980926514,6.809999942779541,6.769999980926514,6.78000020980835,127900
2014-06-04,3.135957717895508,6.769999980926514,6.800000190734863,6.75,6.78000020980835,132700
2014-06-05,3.1683826446533203,6.840000152587891,6.840000152587891,6.75,6.75,63800
2014-06-06,3.159119129180908,6.820000171661377,6.829999923706055,6.78000020980835,6.809999942779541,151700
2014-06-09,3.159119129180908,6.820000171661377,6.829999923706055,6.800000190734863,6.809999942779541,40800
2014-06-10,3.1786632537841797,6.829999923706055,6.829999923706055,6.78000020980835,6.789999961853027,138000
2014-06-11,3.1553955078125,6.78000020980835,6.829999923706055,6.760000228881836,6.829999923706055,86900
2014-06-12,3.14143443107605,6.75,6.800000190734863,6.75,6.789999961853027,67500
2014-06-13,3.1600470542907715,6.789999961853027,6.789999961853027,6.760000228881836,6.78000020980835,56700
2014-06-16,3.1507408618927,6.769999980926514,6.800000190734863,6.730000019073486,6.800000190734863,65200
2014-06-17,3.1600470542907715,6.789999961853027,6.789999961853027,6.75,6.760000228881836,81900
2014-06-18,3.174010753631592,6.820000171661377,6.820000171661377,6.75,6.789999961853027,118800
2014-06-19,3.1693575382232666,6.809999942779541,6.829999923706055,6.789999961853027,6.809999942779541,89900
2014-06-20,3.1600470542907715,6.789999961853027,6.820000171661377,6.789999961853027,6.820000171661377,71900
2014-06-23,3.1786632537841797,6.829999923706055,6.829999923706055,6.800000190734863,6.800000190734863,126900
2014-06-24,3.1647024154663086,6.800000190734863,6.829999923706055,6.789999961853027,6.809999942779541,89700
2014-06-25,3.1786632537841797,6.829999923706055,6.829999923706055,6.769999980926514,6.820000171661377,96700
2014-06-26,3.1600470542907715,6.789999961853027,6.829999923706055,6.760000228881836,6.829999923706055,152000
2014-06-27,3.1507408618927,6.769999980926514,6.800000190734863,6.730000019073486,6.789999961853027,102000
2014-06-30,3.1693575382232666,6.809999942779541,6.809999942779541,6.75,6.78000020980835,142100
2014-07-01,3.1647024154663086,6.800000190734863,6.809999942779541,6.769999980926514,6.78000020980835,194500
2014-07-02,3.1507408618927,6.769999980926514,6.800000190734863,6.739999771118164,6.78000020980835,165900
2014-07-03,3.1600470542907715,6.789999961853027,6.789999961853027,6.739999771118164,6.78000020980835,106100
2014-07-07,3.1600470542907715,6.789999961853027,6.789999961853027,6.75,6.789999961853027,126700
2014-07-08,3.1600470542907715,6.789999961853027,6.800000190734863,6.760000228881836,6.769999980926514,74500
2014-07-09,3.1661269664764404,6.769999980926514,6.789999961853027,6.71999979019165,6.739999771118164,181800
2014-07-10,3.1801578998565674,6.800000190734863,6.820000171661377,6.730000019073486,6.739999771118164,164700
2014-07-11,3.1988658905029297,6.840000152587891,6.840000152587891,6.800000190734863,6.800000190734863,74100
2014-07-14,3.1754798889160156,6.789999961853027,6.849999904632568,6.789999961853027,6.820000171661377,155100
2014-07-15,3.1754798889160156,6.789999961853027,6.800000190734863,6.75,6.78000020980835,163100
2014-07-16,3.1661269664764404,6.769999980926514,6.789999961853027,6.739999771118164,6.789999961853027,246400
2014-07-17,3.1614513397216797,6.760000228881836,6.78000020980835,6.730000019073486,6.760000228881836,152600
2014-07-18,3.1614513397216797,6.760000228881836,6.769999980926514,6.71999979019165,6.769999980926514,148100
2014-07-21,3.1614513397216797,6.760000228881836,6.78000020980835,6.730000019073486,6.760000228881836,99800
2014-07-22,3.18483567237854,6.809999942779541,6.809999942779541,6.75,6.75,87800
2014-07-23,3.189511299133301,6.820000171661377,6.820000171661377,6.800000190734863,6.809999942779541,74300
2014-07-24,3.189511299133301,6.820000171661377,6.840000152587891,6.800000190734863,6.820000171661377,109000
2014-07-25,3.1801578998565674,6.800000190734863,6.829999923706055,6.800000190734863,6.820000171661377,64900
2014-07-28,3.1754798889160156,6.789999961853027,6.820000171661377,6.769999980926514,6.789999961853027,64900
2014-07-29,3.1661269664764404,6.769999980926514,6.789999961853027,6.75,6.789999961853027,154900
2014-07-30,3.142744302749634,6.71999979019165,6.769999980926514,6.71999979019165,6.760000228881836,125100
2014-07-31,3.156777858734131,6.75,6.78000020980835,6.71999979019165,6.71999979019165,178900
2014-08-01,3.147420883178711,6.730000019073486,6.760000228881836,6.71999979019165,6.730000019073486,79200
2014-08-04,3.119361400604248,6.670000076293945,6.739999771118164,6.659999847412109,6.730000019073486,132500
2014-08-05,3.1146841049194336,6.659999847412109,6.690000057220459,6.650000095367432,6.659999847412109,127400
2014-08-06,3.095977544784546,6.619999885559082,6.670000076293945,6.610000133514404,6.650000095367432,158800
2014-08-07,3.1020870208740234,6.599999904632568,6.619999885559082,6.579999923706055,6.599999904632568,106400
2014-08-08,3.097386598587036,6.590000152587891,6.619999885559082,6.539999961853027,6.579999923706055,152300
2014-08-11,3.1302878856658936,6.659999847412109,6.659999847412109,6.610000133514404,6.610000133514404,111700
2014-08-12,3.1020870208740234,6.599999904632568,6.650000095367432,6.599999904632568,6.639999866485596,83900
2014-08-13,3.11618971824646,6.630000114440918,6.650000095367432,6.599999904632568,6.610000133514404,135800
2014-08-14,3.149090528488159,6.699999809265137,6.699999809265137,6.630000114440918,6.650000095367432,102000
2014-08-15,3.149090528488159,6.699999809265137,6.710000038146973,6.690000057220459,6.690000057220459,83300
2014-08-18,3.1678903102874756,6.739999771118164,6.739999771118164,6.690000057220459,6.71999979019165,242000
2014-08-19,3.1725900173187256,6.75,6.78000020980835,6.710000038146973,6.730000019073486,158900
2014-08-20,3.1678903102874756,6.739999771118164,6.75,6.71999979019165,6.730000019073486,100000
2014-08-21,3.1678903102874756,6.739999771118164,6.760000228881836,6.730000019073486,6.75,102400
2014-08-22,3.149090528488159,6.699999809265137,6.710000038146973,6.670000076293945,6.710000038146973,64400
2014-08-25,3.11618971824646,6.630000114440918,6.690000057220459,6.630000114440918,6.690000057220459,140000
2014-08-26,3.11618971824646,6.630000114440918,6.650000095367432,6.610000133514404,6.610000133514404,219000
2014-08-27,3.1255881786346436,6.650000095367432,6.670000076293945,6.619999885559082,6.639999866485596,175600
2014-08-28,3.1302878856658936,6.659999847412109,6.659999847412109,6.610000133514404,6.619999885559082,110700
2014-08-29,3.1349892616271973,6.670000076293945,6.670000076293945,6.630000114440918,6.639999866485596,100400
2014-09-02,3.1396875381469727,6.679999828338623,6.679999828338623,6.639999866485596,6.639999866485596,113200
2014-09-03,3.1208884716033936,6.639999866485596,6.659999847412109,6.630000114440918,6.650000095367432,105700
2014-09-04,3.1255881786346436,6.650000095367432,6.659999847412109,6.630000114440918,6.630000114440918,110200
2014-09-05,3.11618971824646,6.630000114440918,6.639999866485596,6.610000133514404,6.619999885559082,102600
2014-09-08,3.11618971824646,6.630000114440918,6.630000114440918,6.610000133514404,6.619999885559082,65300
2014-09-09,3.1208884716033936,6.639999866485596,6.639999866485596,6.610000133514404,6.610000133514404,83700
2014-09-10,3.1128575801849365,6.590000152587891,6.599999904632568,6.550000190734863,6.570000171661377,156000
2014-09-11,3.1223065853118896,6.610000133514404,6.610000133514404,6.550000190734863,6.579999923706055,121400
2014-09-12,3.103410482406616,6.570000171661377,6.599999904632568,6.570000171661377,6.590000152587891,64600
2014-09-15,3.1128575801849365,6.590000152587891,6.590000152587891,6.559999942779541,6.559999942779541,75800
2014-09-16,3.0939648151397705,6.550000190734863,6.570000171661377,6.53000020980835,6.570000171661377,138000
2014-09-17,3.0892417430877686,6.539999961853027,6.559999942779541,6.519999980926514,6.539999961853027,114800
2014-09-18,3.0892417430877686,6.539999961853027,6.559999942779541,6.53000020980835,6.550000190734863,49900
2014-09-19,3.098686695098877,6.559999942779541,6.559999942779541,6.53000020980835,6.539999961853027,118700
2014-09-22,3.103410482406616,6.570000171661377,6.570000171661377,6.53000020980835,6.559999942779541,135000
2014-09-23,3.1081349849700928,6.579999923706055,6.579999923706055,6.539999961853027,6.570000171661377,189400
2014-09-24,3.0845162868499756,6.53000020980835,6.570000171661377,6.53000020980835,6.559999942779541,61200
2014-09-25,3.0845162868499756,6.53000020980835,6.550000190734863,6.46999979019165,6.5,121300
2014-09-26,3.0845162868499756,6.53000020980835,6.539999961853027,6.480000019073486,6.5,124500
2014-09-29,3.060899019241333,6.480000019073486,6.519999980926514,6.440000057220459,6.46999979019165,173400
2014-09-30,3.0750699043273926,6.510000228881836,6.510000228881836,6.449999809265137,6.460000038146973,103800
2014-10-01,3.0797934532165527,6.519999980926514,6.53000020980835,6.46999979019165,6.46999979019165,164200
2014-10-02,3.0656213760375977,6.489999771118164,6.489999771118164,6.440000057220459,6.489999771118164,234900
2014-10-03,3.0750699043273926,6.510000228881836,6.519999980926514,6.449999809265137,6.480000019073486,118400
2014-10-06,3.0656213760375977,6.489999771118164,6.53000020980835,6.460000038146973,6.519999980926514,188300
2014-10-07,3.0561742782592773,6.46999979019165,6.5,6.460000038146973,6.46999979019165,131700
2014-10-08,3.0723204612731934,6.46999979019165,6.46999979019165,6.400000095367432,6.440000057220459,117700
2014-10-09,3.043827533721924,6.409999847412109,6.449999809265137,6.400000095367432,6.449999809265137,108400
2014-10-10,3.0628225803375244,6.449999809265137,6.449999809265137,6.400000095367432,6.409999847412109,79700
2014-10-13,3.048577308654785,6.420000076293945,6.460000038146973,6.409999847412109,6.429999828338623,59900
2014-10-14,3.043827533721924,6.409999847412109,6.440000057220459,6.400000095367432,6.429999828338623,125400
2014-10-15,2.967851161956787,6.25,6.369999885559082,6.119999885559082,6.369999885559082,291700
2014-10-16,3.0248353481292725,6.369999885559082,6.389999866485596,6.179999828338623,6.210000038146973,364400
2014-10-17,3.0390822887420654,6.400000095367432,6.440000057220459,6.309999942779541,6.380000114440918,177000
2014-10-20,3.0343334674835205,6.389999866485596,6.420000076293945,6.360000133514404,6.389999866485596,128800
2014-10-21,3.0723204612731934,6.46999979019165,6.46999979019165,6.400000095367432,6.409999847412109,109000
2014-10-22,3.0628225803375244,6.449999809265137,6.489999771118164,6.429999828338623,6.449999809265137,206900
2014-10-23,3.081815719604492,6.489999771118164,6.489999771118164,6.449999809265137,6.449999809265137,82300
2014-10-24,3.0865678787231445,6.5,6.519999980926514,6.46999979019165,6.46999979019165,55000
2014-10-27,3.0770695209503174,6.480000019073486,6.510000228881836,6.460000038146973,6.460000038146973,112900
2014-10-28,3.1055614948272705,6.539999961853027,6.539999961853027,6.480000019073486,6.480000019073486,115400
2014-10-29,3.081815719604492,6.489999771118164,6.53000020980835,6.480000019073486,6.519999980926514,166800
2014-10-30,3.043827533721924,6.409999847412109,6.550000190734863,6.409999847412109,6.480000019073486,167100
2014-10-31,3.0533273220062256,6.429999828338623,6.489999771118164,6.409999847412109,6.460000038146973,169600
2014-11-03,3.0533273220062256,6.429999828338623,6.480000019073486,6.420000076293945,6.440000057220459,220000
2014-11-04,3.0390822887420654,6.400000095367432,6.429999828338623,6.389999866485596,6.400000095367432,299200
2014-11-05,3.043827533721924,6.409999847412109,6.420000076293945,6.389999866485596,6.400000095367432,128400
2014-11-06,3.0390822887420654,6.400000095367432,6.409999847412109,6.400000095367432,6.400000095367432,122700
2014-11-07,3.02958345413208,6.380000114440918,6.409999847412109,6.380000114440918,6.400000095367432,106400
2014-11-10,3.0357892513275146,6.360000133514404,6.389999866485596,6.329999923706055,6.329999923706055,160100
2014-11-11,3.0310146808624268,6.349999904632568,6.369999885559082,6.349999904632568,6.349999904632568,163500
2014-11-12,3.05010986328125,6.389999866485596,6.389999866485596,6.349999904632568,6.349999904632568,59000
2014-11-13,3.0548830032348633,6.400000095367432,6.420000076293945,6.369999885559082,6.369999885559082,107300
2014-11-14,3.0596535205841064,6.409999847412109,6.420000076293945,6.400000095367432,6.400000095367432,88700
2014-11-17,3.05010986328125,6.389999866485596,6.440000057220459,6.389999866485596,6.400000095367432,96900
2014-11-18,3.0310146808624268,6.349999904632568,6.400000095367432,6.340000152587891,6.389999866485596,184100
2014-11-19,3.0405614376068115,6.369999885559082,6.369999885559082,6.320000171661377,6.349999904632568,155600
2014-11-20,3.045335292816162,6.380000114440918,6.380000114440918,6.340000152587891,6.349999904632568,171700
2014-11-21,3.0357892513275146,6.360000133514404,6.409999847412109,6.349999904632568,6.369999885559082,188300
2014-11-24,3.05010986328125,6.389999866485596,6.389999866485596,6.349999904632568,6.349999904632568,154200
2014-11-25,3.0262420177459717,6.340000152587891,6.369999885559082,6.340000152587891,6.360000133514404,142400
2014-11-26,3.0357892513275146,6.360000133514404,6.369999885559082,6.340000152587891,6.340000152587891,66300
2014-11-28,3.0357892513275146,6.360000133514404,6.389999866485596,6.349999904632568,6.360000133514404,48700
2014-12-01,3.0357892513275146,6.360000133514404,6.369999885559082,6.349999904632568,6.349999904632568,38900
2014-12-02,3.0310146808624268,6.349999904632568,6.380000114440918,6.349999904632568,6.349999904632568,135500
2014-12-03,3.0262420177459717,6.340000152587891,6.360000133514404,6.340000152587891,6.349999904632568,142500
2014-12-04,3.045335292816162,6.380000114440918,6.380000114440918,6.329999923706055,6.340000152587891,125100
2014-12-05,3.0262420177459717,6.340000152587891,6.369999885559082,6.340000152587891,6.340000152587891,162700
2014-12-08,3.0310146808624268,6.349999904632568,6.360000133514404,6.320000171661377,6.340000152587891,131100
2014-12-09,3.0329349040985107,6.320000171661377,6.360000133514404,6.300000190734863,6.300000190734863,285100
2014-12-10,3.0425326824188232,6.340000152587891,6.340000152587891,6.28000020980835,6.320000171661377,137100
2014-12-11,3.0281362533569336,6.309999942779541,6.340000152587891,6.300000190734863,6.300000190734863,152000
2014-12-12,2.999340772628784,6.25,6.300000190734863,6.25,6.28000020980835,118500
2014-12-15,2.984943151473999,6.21999979019165,6.289999961853027,6.199999809265137,6.269999980926514,124200
2014-12-16,2.9513518810272217,6.150000095367432,6.179999828338623,6.099999904632568,6.179999828338623,249900
2014-12-17,2.9945435523986816,6.239999771118164,6.239999771118164,6.110000133514404,6.119999885559082,170400
2014-12-18,2.999340772628784,6.25,6.340000152587891,6.25,6.28000020980835,239000
2014-12-19,2.999340772628784,6.25,6.289999961853027,6.25,6.25,150800
2014-12-22,2.970547914505005,6.190000057220459,6.25,6.190000057220459,6.25,108400
2014-12-23,3.013739585876465,6.28000020980835,6.28000020980835,6.199999809265137,6.210000038146973,143800
2014-12-24,3.018537759780884,6.289999961853027,6.289999961853027,6.260000228881836,6.260000228881836,90900
2014-12-26,3.013739585876465,6.28000020980835,6.289999961853027,6.239999771118164,6.269999980926514,190000
2014-12-29,2.9897449016571045,6.230000019073486,6.289999961853027,6.230000019073486,6.25,140200
2014-12-30,2.980147123336792,6.210000038146973,6.239999771118164,6.199999809265137,6.21999979019165,193700
2014-12-31,2.9945435523986816,6.239999771118164,6.28000020980835,6.199999809265137,6.210000038146973,174300
2015-01-02,2.999340772628784,6.25,6.269999980926514,6.21999979019165,6.21999979019165,92300
2015-01-05,3.0041415691375732,6.260000228881836,6.260000228881836,6.170000076293945,6.230000019073486,170300
2015-01-06,2.9753470420837402,6.199999809265137,6.25,6.190000057220459,6.239999771118164,97500
2015-01-07,2.984943151473999,6.21999979019165,6.239999771118164,6.199999809265137,6.21999979019165,112000
2015-01-08,2.9965262413024902,6.210000038146973,6.21999979019165,6.199999809265137,6.199999809265137,100800
2015-01-09,3.020653486251831,6.260000228881836,6.260000228881836,6.210000038146973,6.210000038146973,58500
2015-01-12,3.0061779022216797,6.230000019073486,6.25,6.190000057220459,6.25,162500
2015-01-13,3.001349687576294,6.21999979019165,6.25,6.210000038146973,6.21999979019165,110200
2015-01-14,3.001349687576294,6.21999979019165,6.21999979019165,6.190000057220459,6.190000057220459,145300
2015-01-15,2.98687481880188,6.190000057220459,6.21999979019165,6.170000076293945,6.21999979019165,102000
2015-01-16,3.0061779022216797,6.230000019073486,6.230000019073486,6.159999847412109,6.159999847412109,175900
2015-01-20,2.991701364517212,6.199999809265137,6.230000019073486,6.199999809265137,6.230000019073486,79400
2015-01-21,3.0254788398742676,6.269999980926514,6.269999980926514,6.199999809265137,6.21999979019165,104300
2015-01-22,3.0254788398742676,6.269999980926514,6.289999961853027,6.239999771118164,6.269999980926514,78400
2015-01-23,3.0544304847717285,6.329999923706055,6.340000152587891,6.25,6.25,171600
2015-01-26,3.044778823852539,6.309999942779541,6.349999904632568,6.289999961853027,6.300000190734863,173100
2015-01-27,3.035128116607666,6.289999961853027,6.309999942779541,6.269999980926514,6.28000020980835,64400
2015-01-28,3.0061779022216797,6.230000019073486,6.289999961853027,6.230000019073486,6.289999961853027,81900
2015-01-29,3.0061779022216797,6.230000019073486,6.25,6.21999979019165,6.230000019073486,108100
2015-01-30,3.0158257484436035,6.25,6.25,6.21999979019165,6.21999979019165,43100
2015-02-02,3.0158257484436035,6.25,6.28000020980835,6.230000019073486,6.239999771118164,57800
2015-02-03,3.0592551231384277,6.340000152587891,6.349999904632568,6.230000019073486,6.260000228881836,139300
2015-02-04,3.0399532318115234,6.300000190734863,6.360000133514404,6.300000190734863,6.300000190734863,99000
2015-02-05,3.0737316608428955,6.369999885559082,6.389999866485596,6.309999942779541,6.329999923706055,94900
2015-02-06,3.093031167984009,6.409999847412109,6.409999847412109,6.349999904632568,6.380000114440918,79400
2015-02-09,3.083383798599243,6.389999866485596,6.409999847412109,6.360000133514404,6.360000133514404,110600
2015-02-10,3.0799877643585205,6.349999904632568,6.380000114440918,6.309999942779541,6.349999904632568,192900
2015-02-11,3.09938907623291,6.389999866485596,6.389999866485596,6.349999904632568,6.380000114440918,64200
2015-02-12,3.104240655899048,6.400000095367432,6.440000057220459,6.380000114440918,6.400000095367432,100700
2015-02-13,3.104240655899048,6.400000095367432,6.429999828338623,6.349999904632568,6.409999847412109,171700
2015-02-17,3.094538927078247,6.380000114440918,6.420000076293945,6.369999885559082,6.380000114440918,54400
2015-02-18,3.1187896728515625,6.429999828338623,6.429999828338623,6.360000133514404,6.369999885559082,64500
2015-02-19,3.1187896728515625,6.429999828338623,6.440000057220459,6.400000095367432,6.409999847412109,69200
2015-02-20,3.1333398818969727,6.460000038146973,6.480000019073486,6.420000076293945,6.420000076293945,105300
2015-02-23,3.162442445755005,6.519999980926514,6.519999980926514,6.449999809265137,6.449999809265137,127400
2015-02-24,3.181844472885132,6.559999942779541,6.559999942779541,6.489999771118164,6.5,114000
2015-02-25,3.181844472885132,6.559999942779541,6.559999942779541,6.519999980926514,6.550000190734863,61100
2015-02-26,3.1721436977386475,6.539999961853027,6.559999942779541,6.5,6.539999961853027,60700
2015-02-27,3.1672935485839844,6.53000020980835,6.539999961853027,6.489999771118164,6.519999980926514,94700
2015-03-02,3.162442445755005,6.519999980926514,6.539999961853027,6.460000038146973,6.519999980926514,163600
2015-03-03,3.162442445755005,6.519999980926514,6.519999980926514,6.46999979019165,6.489999771118164,207900
2015-03-04,3.1721436977386475,6.539999961853027,6.550000190734863,6.480000019073486,6.5,118400
2015-03-05,3.1672935485839844,6.53000020980835,6.539999961853027,6.5,6.519999980926514,105200
2015-03-06,3.1672935485839844,6.53000020980835,6.53000020980835,6.46999979019165,6.510000228881836,228500
2015-03-09,3.176995038986206,6.550000190734863,6.550000190734863,6.5,6.510000228881836,115800
2015-03-10,3.1784558296203613,6.519999980926514,6.539999961853027,6.46999979019165,6.489999771118164,211500
2015-03-11,3.1687068939208984,6.5,6.510000228881836,6.480000019073486,6.489999771118164,169100
2015-03-12,3.1589555740356445,6.480000019073486,6.519999980926514,6.440000057220459,6.489999771118164,236100
2015-03-13,3.1540820598602295,6.46999979019165,6.480000019073486,6.429999828338623,6.46999979019165,84900
2015-03-16,3.1589555740356445,6.480000019073486,6.489999771118164,6.449999809265137,6.46999979019165,163700
2015-03-17,3.1589555740356445,6.480000019073486,6.480000019073486,6.440000057220459,6.460000038146973,102100
2015-03-18,3.1492063999176025,6.460000038146973,6.46999979019165,6.420000076293945,6.460000038146973,135600
2015-03-19,3.1345818042755127,6.429999828338623,6.460000038146973,6.400000095367432,6.460000038146973,126100
2015-03-20,3.1492063999176025,6.460000038146973,6.460000038146973,6.420000076293945,6.429999828338623,87700
2015-03-23,3.1687068939208984,6.5,6.5,6.449999809265137,6.449999809265137,120600
2015-03-24,3.163830280303955,6.489999771118164,6.489999771118164,6.460000038146973,6.489999771118164,43900
2015-03-25,3.1784558296203613,6.519999980926514,6.519999980926514,6.480000019073486,6.489999771118164,106200
2015-03-26,3.173581123352051,6.510000228881836,6.510000228881836,6.5,6.510000228881836,39100
2015-03-27,3.1784558296203613,6.519999980926514,6.519999980926514,6.489999771118164,6.5,41400
2015-03-30,3.173581123352051,6.510000228881836,6.519999980926514,6.480000019073486,6.5,105700
2015-03-31,3.173581123352051,6.510000228881836,6.510000228881836,6.480000019073486,6.510000228881836,68300
2015-04-01,3.1687068939208984,6.5,6.510000228881836,6.489999771118164,6.489999771118164,74700
2015-04-02,3.1687068939208984,6.5,6.5,6.440000057220459,6.449999809265137,194500
2015-04-06,3.1784558296203613,6.519999980926514,6.519999980926514,6.46999979019165,6.46999979019165,133600
2015-04-07,3.188206195831299,6.539999961853027,6.539999961853027,6.5,6.519999980926514,105400
2015-04-08,3.2028322219848633,6.570000171661377,6.570000171661377,6.519999980926514,6.519999980926514,70800
2015-04-09,3.19989013671875,6.53000020980835,6.550000190734863,6.519999980926514,6.53000020980835,86800
2015-04-10,3.190091133117676,6.510000228881836,6.53000020980835,6.5,6.519999980926514,63800
2015-04-13,3.1851894855499268,6.5,6.5,6.46999979019165,6.489999771118164,112000
2015-04-14,3.1802890300750732,6.489999771118164,6.5,6.46999979019165,6.480000019073486,140600
2015-04-15,3.1851894855499268,6.5,6.510000228881836,6.480000019073486,6.480000019073486,135800
2015-04-16,3.190091133117676,6.510000228881836,6.519999980926514,6.480000019073486,6.480000019073486,155700
2015-04-17,3.1851894855499268,6.5,6.510000228881836,6.480000019073486,6.5,92900
2015-04-20,3.19989013671875,6.53000020980835,6.53000020980835,6.5,6.510000228881836,81100
2015-04-21,3.2145907878875732,6.559999942779541,6.559999942779541,6.519999980926514,6.53000020980835,69900
2015-04-22,3.2145907878875732,6.559999942779541,6.559999942779541,6.53000020980835,6.550000190734863,45600
2015-04-23,3.2390940189361572,6.610000133514404,6.610000133514404,6.550000190734863,6.559999942779541,91200
2015-04-24,3.2145907878875732,6.559999942779541,6.610000133514404,6.539999961853027,6.610000133514404,124900
2015-04-27,3.19989013671875,6.53000020980835,6.570000171661377,6.519999980926514,6.559999942779541,109900
2015-04-28,3.2243926525115967,6.579999923706055,6.579999923706055,6.519999980926514,6.53000020980835,103800
2015-04-29,3.2292914390563965,6.590000152587891,6.590000152587891,6.550000190734863,6.550000190734863,111400
2015-04-30,3.2096915245056152,6.550000190734863,6.570000171661377,6.519999980926514,6.570000171661377,167100
2015-05-01,3.2096915245056152,6.550000190734863,6.579999923706055,6.519999980926514,6.550000190734863,200100
2015-05-04,3.2047903537750244,6.539999961853027,6.550000190734863,6.510000228881836,6.539999961853027,131500
2015-05-05,3.19989013671875,6.53000020980835,6.550000190734863,6.489999771118164,6.539999961853027,142500
2015-05-06,3.2145907878875732,6.559999942779541,6.559999942779541,6.480000019073486,6.510000228881836,230200
2015-05-07,3.2165606021881104,6.53000020980835,6.53000020980835,6.460000038146973,6.46999979019165,106700
2015-05-08,3.2165606021881104,6.53000020980835,6.53000020980835,6.489999771118164,6.510000228881836,136000
2015-05-11,3.201784133911133,6.5,6.519999980926514,6.46999979019165,6.510000228881836,109000
2015-05-12,3.1870079040527344,6.46999979019165,6.480000019073486,6.449999809265137,6.480000019073486,113400
2015-05-13,3.172229051589966,6.440000057220459,6.46999979019165,6.409999847412109,6.46999979019165,123900
2015-05-14,3.172229051589966,6.440000057220459,6.480000019073486,6.440000057220459,6.46999979019165,86300
2015-05-15,3.182081937789917,6.460000038146973,6.519999980926514,6.449999809265137,6.460000038146973,120600
2015-05-18,3.2067110538482666,6.510000228881836,6.510000228881836,6.449999809265137,6.460000038146973,158100
2015-05-19,3.2067110538482666,6.510000228881836,6.519999980926514,6.489999771118164,6.519999980926514,74500
2015-05-20,3.1919333934783936,6.480000019073486,6.519999980926514,6.480000019073486,6.519999980926514,107600
2015-05-21,3.2362654209136963,6.570000171661377,6.579999923706055,6.5,6.5,116600
2015-05-22,3.221487045288086,6.539999961853027,6.570000171661377,6.539999961853027,6.570000171661377,67300
2015-05-26,3.2165606021881104,6.53000020980835,6.550000190734863,6.519999980926514,6.53000020980835,119700
2015-05-27,3.221487045288086,6.539999961853027,6.550000190734863,6.510000228881836,6.550000190734863,106000
2015-05-28,3.201784133911133,6.5,6.539999961853027,6.5,6.53000020980835,70800
2015-05-29,3.172229051589966,6.440000057220459,6.510000228881836,6.440000057220459,6.489999771118164,71800
2015-06-01,3.172229051589966,6.440000057220459,6.46999979019165,6.440000057220459,6.449999809265137,59200
2015-06-02,3.1870079040527344,6.46999979019165,6.46999979019165,6.420000076293945,6.440000057220459,53200
2015-06-03,3.2067110538482666,6.510000228881836,6.510000228881836,6.449999809265137,6.449999809265137,78500
2015-06-04,3.1919333934783936,6.480000019073486,6.489999771118164,6.460000038146973,6.480000019073486,95300
2015-06-05,3.2116353511810303,6.519999980926514,6.519999980926514,6.420000076293945,6.480000019073486,101400
2015-06-08,3.2116353511810303,6.519999980926514,6.53000020980835,6.480000019073486,6.480000019073486,80400
2015-06-09,3.2136166095733643,6.489999771118164,6.5,6.460000038146973,6.489999771118164,168400
2015-06-10,3.183906316757202,6.429999828338623,6.460000038146973,6.420000076293945,6.449999809265137,79100
2015-06-11,3.164102077484131,6.389999866485596,6.449999809265137,6.389999866485596,6.449999809265137,73200
2015-06-12,3.1591503620147705,6.380000114440918,6.409999847412109,6.380000114440918,6.380000114440918,85100
2015-06-15,3.1393425464630127,6.340000152587891,6.400000095367432,6.340000152587891,6.360000133514404,118000
2015-06-16,3.1442952156066895,6.349999904632568,6.360000133514404,6.320000171661377,6.329999923706055,122100
2015-06-17,3.1442952156066895,6.349999904632568,6.369999885559082,6.320000171661377,6.360000133514404,71700
2015-06-18,3.1442952156066895,6.349999904632568,6.369999885559082,6.340000152587891,6.360000133514404,58300
2015-06-19,3.1442952156066895,6.349999904632568,6.349999904632568,6.309999942779541,6.349999904632568,185700
2015-06-22,3.1244876384735107,6.309999942779541,6.340000152587891,6.289999961853027,6.320000171661377,214100
2015-06-23,3.1541974544525146,6.369999885559082,6.369999885559082,6.320000171661377,6.320000171661377,85400
2015-06-24,3.1343910694122314,6.329999923706055,6.369999885559082,6.300000190734863,6.369999885559082,295600
2015-06-25,3.1195363998413086,6.300000190734863,6.329999923706055,6.28000020980835,6.329999923706055,145800
2015-06-26,3.094778060913086,6.25,6.309999942779541,6.21999979019165,6.309999942779541,94900
2015-06-29,3.05021333694458,6.159999847412109,6.25,6.159999847412109,6.230000019073486,111300
2015-06-30,3.0749709606170654,6.210000038146973,6.21999979019165,6.159999847412109,6.190000057220459,132000
2015-07-01,3.084873914718628,6.230000019073486,6.239999771118164,6.199999809265137,6.21999979019165,99100
2015-07-02,3.084873914718628,6.230000019073486,6.239999771118164,6.190000057220459,6.21999979019165,95700
2015-07-06,3.0799221992492676,6.21999979019165,6.239999771118164,6.210000038146973,6.230000019073486,67300
2015-07-07,3.0799221992492676,6.21999979019165,6.239999771118164,6.190000057220459,6.239999771118164,106300
2015-07-08,3.084873914718628,6.230000019073486,6.230000019073486,6.179999828338623,6.210000038146973,74300
2015-07-09,3.0769076347351074,6.179999828338623,6.199999809265137,6.170000076293945,6.190000057220459,131800
2015-07-10,3.0918447971343994,6.210000038146973,6.210000038146973,6.179999828338623,6.190000057220459,86900
2015-07-13,3.0719285011291504,6.170000076293945,6.210000038146973,6.170000076293945,6.210000038146973,174300
2015-07-14,3.106781244277954,6.239999771118164,6.239999771118164,6.179999828338623,6.179999828338623,93800
2015-07-15,3.1167385578155518,6.260000228881836,6.260000228881836,6.21999979019165,6.21999979019165,97700
2015-07-16,3.1167385578155518,6.260000228881836,6.28000020980835,6.25,6.260000228881836,89200
2015-07-17,3.1117606163024902,6.25,6.309999942779541,6.25,6.269999980926514,65100
2015-07-20,3.1167385578155518,6.260000228881836,6.28000020980835,6.21999979019165,6.25,109400
2015-07-21,3.1167385578155518,6.260000228881836,6.269999980926514,6.21999979019165,6.239999771118164,98700
2015-07-22,3.1018013954162598,6.230000019073486,6.269999980926514,6.210000038146973,6.260000228881836,63200
2015-07-23,3.1266963481903076,6.28000020980835,6.28000020980835,6.239999771118164,6.25,116000
2015-07-24,3.0818862915039062,6.190000057220459,6.269999980926514,6.190000057220459,6.269999980926514,35300
2015-07-27,3.0818862915039062,6.190000057220459,6.21999979019165,6.150000095367432,6.21999979019165,137000
2015-07-28,3.0818862915039062,6.190000057220459,6.199999809265137,6.170000076293945,6.190000057220459,124300
2015-07-29,3.096822738647461,6.21999979019165,6.239999771118164,6.199999809265137,6.199999809265137,126700
2015-07-30,3.1018013954162598,6.230000019073486,6.230000019073486,6.199999809265137,6.210000038146973,129600
2015-07-31,3.1018013954162598,6.230000019073486,6.260000228881836,6.21999979019165,6.230000019073486,119100
2015-08-03,3.121718406677246,6.269999980926514,6.28000020980835,6.230000019073486,6.230000019073486,59500
2015-08-04,3.106781244277954,6.239999771118164,6.269999980926514,6.230000019073486,6.25,81300
2015-08-05,3.1366541385650635,6.300000190734863,6.309999942779541,6.25,6.260000228881836,75700
2015-08-06,3.1018013954162598,6.230000019073486,6.289999961853027,6.230000019073486,6.289999961853027,43000
2015-08-07,3.1018013954162598,6.230000019073486,6.269999980926514,6.210000038146973,6.21999979019165,59700
2015-08-10,3.1018013954162598,6.230000019073486,6.25,6.21999979019165,6.25,41600
2015-08-11,3.113816738128662,6.21999979019165,6.21999979019165,6.179999828338623,6.190000057220459,78600
2015-08-12,3.088787794113159,6.170000076293945,6.21999979019165,6.159999847412109,6.210000038146973,93800
2015-08-13,3.088787794113159,6.170000076293945,6.190000057220459,6.170000076293945,6.170000076293945,43000
2015-08-14,3.073765993118286,6.139999866485596,6.179999828338623,6.130000114440918,6.159999847412109,63700
2015-08-17,3.083782196044922,6.159999847412109,6.179999828338623,6.130000114440918,6.139999866485596,44000
2015-08-18,3.0687613487243652,6.130000114440918,6.150000095367432,6.099999904632568,6.150000095367432,81500
2015-08-19,3.053744077682495,6.099999904632568,6.130000114440918,6.099999904632568,6.110000133514404,35300
2015-08-20,3.048737049102783,6.090000152587891,6.119999885559082,6.090000152587891,6.099999904632568,51200
2015-08-21,3.0287137031555176,6.050000190734863,6.110000133514404,6.050000190734863,6.090000152587891,83900
2015-08-24,2.9686391353607178,5.929999828338623,5.96999979019165,5.78000020980835,5.78000020980835,134900
2015-08-25,3.048737049102783,6.090000152587891,6.090000152587891,5.949999809265137,5.949999809265137,109900
2015-08-26,3.048737049102783,6.090000152587891,6.110000133514404,6.050000190734863,6.090000152587891,97100
2015-08-27,3.063755512237549,6.119999885559082,6.139999866485596,6.079999923706055,6.119999885559082,195700
2015-08-28,3.038724422454834,6.070000171661377,6.130000114440918,6.070000171661377,6.119999885559082,57500
2015-08-31,3.0687613487243652,6.130000114440918,6.130000114440918,6.070000171661377,6.070000171661377,148300
2015-09-01,3.063755512237549,6.119999885559082,6.130000114440918,6.079999923706055,6.090000152587891,105100
2015-09-02,3.0687613487243652,6.130000114440918,6.170000076293945,6.090000152587891,6.119999885559082,114400
2015-09-03,3.063755512237549,6.119999885559082,6.139999866485596,6.110000133514404,6.119999885559082,58300
2015-09-04,3.073765993118286,6.139999866485596,6.150000095367432,6.110000133514404,6.119999885559082,89500
2015-09-08,3.0687613487243652,6.130000114440918,6.159999847412109,6.119999885559082,6.150000095367432,101300
2015-09-09,3.051140546798706,6.059999942779541,6.110000133514404,6.039999961853027,6.090000152587891,144100
2015-09-10,3.0763142108917236,6.110000133514404,6.119999885559082,6.039999961853027,6.050000190734863,119900
2015-09-11,3.0863828659057617,6.130000114440918,6.139999866485596,6.090000152587891,6.099999904632568,69800
2015-09-14,3.0763142108917236,6.110000133514404,6.130000114440918,6.099999904632568,6.130000114440918,136100
2015-09-15,3.0712802410125732,6.099999904632568,6.119999885559082,6.090000152587891,6.099999904632568,106600
2015-09-16,3.0712802410125732,6.099999904632568,6.130000114440918,6.079999923706055,6.110000133514404,94600
2015-09-17,3.041069746017456,6.039999961853027,6.099999904632568,6.03000020980835,6.099999904632568,95400
2015-09-18,3.05617356300354,6.070000171661377,6.079999923706055,6.019999980926514,6.039999961853027,53800
2015-09-21,3.066244602203369,6.090000152587891,6.090000152587891,6.059999942779541,6.079999923706055,51700
2015-09-22,3.025967836380005,6.010000228881836,6.070000171661377,5.980000019073486,6.070000171661377,96400
2015-09-23,3.051140546798706,6.059999942779541,6.059999942779541,6.0,6.0,70000
2015-09-24,3.025967836380005,6.010000228881836,6.050000190734863,5.989999771118164,6.050000190734863,124800
2015-09-25,3.025967836380005,6.010000228881836,6.019999980926514,5.980000019073486,5.989999771118164,106000
2015-09-28,2.9957566261291504,5.949999809265137,6.019999980926514,5.949999809265137,6.010000228881836,42800
2015-09-29,2.9655463695526123,5.889999866485596,5.960000038146973,5.869999885559082,5.949999809265137,74100
2015-09-30,2.955477237701416,5.869999885559082,5.940000057220459,5.869999885559082,5.909999847412109,71800
2015-10-01,2.955477237701416,5.869999885559082,5.889999866485596,5.820000171661377,5.869999885559082,132900
2015-10-02,2.955477237701416,5.869999885559082,5.869999885559082,5.78000020980835,5.829999923706055,129000
2015-10-05,2.9856863021850586,5.929999828338623,5.929999828338623,5.840000152587891,5.869999885559082,149600
2015-10-06,2.9856863021850586,5.929999828338623,5.929999828338623,5.900000095367432,5.929999828338623,59800
2015-10-07,3.036036968231201,6.03000020980835,6.170000076293945,5.920000076293945,5.940000057220459,269300
2015-10-08,3.0790820121765137,6.079999923706055,6.079999923706055,5.989999771118164,6.03000020980835,120400
2015-10-09,3.099337577819824,6.119999885559082,6.159999847412109,6.079999923706055,6.110000133514404,125300
2015-10-12,3.043631076812744,6.010000228881836,6.139999866485596,5.989999771118164,6.119999885559082,98900
2015-10-13,3.0588245391845703,6.039999961853027,6.070000171661377,6.010000228881836,6.03000020980835,74600
2015-10-14,3.048696279525757,6.019999980926514,6.050000190734863,5.96999979019165,6.03000020980835,173800
2015-10-15,3.043631076812744,6.010000228881836,6.019999980926514,5.980000019073486,6.010000228881836,91300
2015-10-16,3.043631076812744,6.010000228881836,6.050000190734863,5.989999771118164,5.989999771118164,80800
2015-10-19,3.0537607669830322,6.03000020980835,6.050000190734863,6.010000228881836,6.03000020980835,69000
2015-10-20,3.048696279525757,6.019999980926514,6.039999961853027,5.960000038146973,6.019999980926514,115300
2015-10-21,3.048696279525757,6.019999980926514,6.050000190734863,6.0,6.039999961853027,66600
2015-10-22,3.0537607669830322,6.03000020980835,6.070000171661377,5.960000038146973,6.039999961853027,225000
2015-10-23,3.0638883113861084,6.050000190734863,6.059999942779541,6.010000228881836,6.050000190734863,153800
2015-10-26,3.0638883113861084,6.050000190734863,6.070000171661377,6.03000020980835,6.039999961853027,70600
2015-10-27,3.038567066192627,6.0,6.039999961853027,5.989999771118164,6.03000020980835,91100
2015-10-28,3.0638883113861084,6.050000190734863,6.099999904632568,6.0,6.0,110600
2015-10-29,3.0588245391845703,6.039999961853027,6.059999942779541,6.019999980926514,6.019999980926514,69300
2015-10-30,3.0638883113861084,6.050000190734863,6.050000190734863,5.989999771118164,6.050000190734863,102900
2015-11-02,3.0638883113861084,6.050000190734863,6.070000171661377,6.0,6.050000190734863,122900
2015-11-03,3.0588245391845703,6.039999961853027,6.059999942779541,6.019999980926514,6.050000190734863,118700
2015-11-04,3.0638883113861084,6.050000190734863,6.059999942779541,6.0,6.039999961853027,138500
2015-11-05,3.0638883113861084,6.050000190734863,6.050000190734863,6.010000228881836,6.039999961853027,69300
2015-11-06,3.0537607669830322,6.03000020980835,6.039999961853027,6.010000228881836,6.039999961853027,49400
2015-11-09,3.043631076812744,6.010000228881836,6.03000020980835,5.989999771118164,6.010000228881836,120000
2015-11-10,3.041594982147217,5.96999979019165,5.989999771118164,5.889999866485596,5.960000038146973,181800
2015-11-11,3.0364983081817627,5.960000038146973,5.96999979019165,5.940000057220459,5.96999979019165,48300
2015-11-12,2.99064564704895,5.869999885559082,5.949999809265137,5.860000133514404,5.920000076293945,153400
2015-11-13,3.041594982147217,5.96999979019165,5.980000019073486,5.880000114440918,5.889999866485596,132700
2015-11-16,3.041594982147217,5.96999979019165,6.0,5.949999809265137,5.96999979019165,112300
2015-11-17,3.041594982147217,5.96999979019165,6.0,5.960000038146973,5.980000019073486,99400
2015-11-18,3.041594982147217,5.96999979019165,5.989999771118164,5.929999828338623,5.980000019073486,129700
2015-11-19,3.0568783283233643,6.0,6.0,5.960000038146973,5.960000038146973,57300
2015-11-20,3.0721611976623535,6.03000020980835,6.039999961853027,6.0,6.010000228881836,99400
2015-11-23,3.0823540687561035,6.050000190734863,6.059999942779541,6.03000020980835,6.039999961853027,105500
2015-11-24,3.0721611976623535,6.03000020980835,6.050000190734863,6.019999980926514,6.039999961853027,92000
2015-11-25,3.0721611976623535,6.03000020980835,6.03000020980835,5.980000019073486,6.019999980926514,100800
2015-11-27,3.08744740486145,6.059999942779541,6.059999942779541,6.039999961853027,6.039999961853027,40200
2015-11-30,3.102731943130493,6.090000152587891,6.090000152587891,6.019999980926514,6.059999942779541,62300
2015-12-01,3.0823540687561035,6.050000190734863,6.079999923706055,6.03000020980835,6.059999942779541,60100
2015-12-02,3.0466856956481934,5.980000019073486,6.03000020980835,5.96999979019165,6.03000020980835,64500
2015-12-03,3.041594982147217,5.96999979019165,6.0,5.949999809265137,6.0,47100
2015-12-04,3.0212149620056152,5.929999828338623,6.0,5.909999847412109,5.949999809265137,128600
2015-12-07,2.99064564704895,5.869999885559082,5.929999828338623,5.849999904632568,5.920000076293945,72400
2015-12-08,2.96517276763916,5.820000171661377,5.869999885559082,5.820000171661377,5.820000171661377,121100
2015-12-09,2.9369800090789795,5.730000019073486,5.789999961853027,5.730000019073486,5.75,262100
2015-12-10,2.8959765434265137,5.650000095367432,5.739999771118164,5.650000095367432,5.71999979019165,215400
2015-12-11,2.8805992603302,5.619999885559082,5.670000076293945,5.619999885559082,5.639999866485596,146200
2015-12-14,2.8139665126800537,5.489999771118164,5.630000114440918,5.480000019073486,5.599999904632568,231000
2015-12-15,2.8652215003967285,5.590000152587891,5.599999904632568,5.5,5.510000228881836,265200
2015-12-16,2.9011027812957764,5.659999847412109,5.679999828338623,5.570000171661377,5.570000171661377,235000
2015-12-17,2.9113528728485107,5.679999828338623,5.710000038146973,5.650000095367432,5.659999847412109,138900
2015-12-18,2.9267284870147705,5.710000038146973,5.739999771118164,5.639999866485596,5.659999847412109,180300
2015-12-21,2.916477680206299,5.690000057220459,5.739999771118164,5.670000076293945,5.730000019073486,112300
2015-12-22,2.9318556785583496,5.71999979019165,5.730000019073486,5.679999828338623,5.699999809265137,148100
2015-12-23,2.9472320079803467,5.75,5.789999961853027,5.71999979019165,5.730000019073486,223000
2015-12-24,2.9369800090789795,5.730000019073486,5.789999961853027,5.730000019073486,5.769999980926514,81300
2015-12-28,2.9472320079803467,5.75,5.769999980926514,5.679999828338623,5.75,182600
2015-12-29,2.9652810096740723,5.75,5.75,5.670000076293945,5.710000038146973,234300
2015-12-30,2.9859097003936768,5.789999961853027,5.800000190734863,5.710000038146973,5.739999771118164,135400
2015-12-31,2.975595474243164,5.769999980926514,5.860000133514404,5.739999771118164,5.75,262400
2016-01-04,2.975595474243164,5.769999980926514,5.769999980926514,5.650000095367432,5.75,125300
2016-01-05,2.9859097003936768,5.789999961853027,5.800000190734863,5.75,5.760000228881836,43800
2016-01-06,2.9601237773895264,5.739999771118164,5.820000171661377,5.730000019073486,5.78000020980835,81500
2016-01-07,2.9291834831237793,5.679999828338623,5.71999979019165,5.610000133514404,5.71999979019165,235400
2016-01-08,2.9137120246887207,5.650000095367432,5.710000038146973,5.639999866485596,5.710000038146973,150800
2016-01-11,2.9188687801361084,5.659999847412109,5.679999828338623,5.619999885559082,5.679999828338623,113400
2016-01-12,2.9137120246887207,5.650000095367432,5.670000076293945,5.630000114440918,5.659999847412109,49700
2016-01-13,2.872455596923828,5.570000171661377,5.659999847412109,5.570000171661377,5.659999847412109,129800
2016-01-14,2.8466689586639404,5.519999980926514,5.590000152587891,5.510000228881836,5.590000152587891,101100
2016-01-15,2.7899434566497803,5.409999847412109,5.489999771118164,5.380000114440918,5.489999771118164,136200
2016-01-19,2.8002593517303467,5.429999828338623,5.449999809265137,5.409999847412109,5.449999809265137,140300
2016-01-20,2.748687267303467,5.329999923706055,5.400000095367432,5.260000228881836,5.389999866485596,135100
2016-01-21,2.779629945755005,5.389999866485596,5.389999866485596,5.309999942779541,5.369999885559082,454300
2016-01-22,2.8002593517303467,5.429999828338623,5.460000038146973,5.400000095367432,5.460000038146973,91900
2016-01-25,2.779629945755005,5.389999866485596,5.46999979019165,5.389999866485596,5.440000057220459,119400
2016-01-26,2.8054141998291016,5.440000057220459,5.460000038146973,5.389999866485596,5.400000095367432,87600
2016-01-27,2.8208863735198975,5.46999979019165,5.46999979019165,5.429999828338623,5.460000038146973,51400
2016-01-28,2.8105697631835938,5.449999809265137,5.480000019073486,5.420000076293945,5.460000038146973,82700
2016-01-29,2.815730094909668,5.460000038146973,5.5,5.460000038146973,5.46999979019165,143100
2016-02-01,2.8260421752929688,5.480000019073486,5.5,5.429999828338623,5.429999828338623,163300
2016-02-02,2.7951018810272217,5.420000076293945,5.5,5.420000076293945,5.480000019073486,207300
2016-02-03,2.8002593517303467,5.429999828338623,5.460000038146973,5.400000095367432,5.460000038146973,134400
2016-02-04,2.779629945755005,5.389999866485596,5.440000057220459,5.380000114440918,5.440000057220459,188400
2016-02-05,2.774472236633301,5.380000114440918,5.420000076293945,5.380000114440918,5.400000095367432,37400
2016-02-08,2.7229018211364746,5.28000020980835,5.340000152587891,5.260000228881836,5.329999923706055,87500
2016-02-09,2.7509307861328125,5.300000190734863,5.309999942779541,5.21999979019165,5.21999979019165,226400
2016-02-10,2.7197885513305664,5.239999771118164,5.320000171661377,5.239999771118164,5.289999961853027,295100
2016-02-11,2.714597702026367,5.230000019073486,5.239999771118164,5.170000076293945,5.230000019073486,221500
2016-02-12,2.709407329559326,5.21999979019165,5.269999980926514,5.210000038146973,5.230000019073486,100900
2016-02-16,2.7249789237976074,5.25,5.260000228881836,5.210000038146973,5.260000228881836,154100
2016-02-17,2.7509307861328125,5.300000190734863,5.309999942779541,5.239999771118164,5.260000228881836,166000
2016-02-18,2.7197885513305664,5.239999771118164,5.300000190734863,5.239999771118164,5.300000190734863,187500
2016-02-19,2.7301671504974365,5.260000228881836,5.260000228881836,5.21999979019165,5.230000019073486,141200
2016-02-22,2.7457401752471924,5.289999961853027,5.300000190734863,5.260000228881836,5.260000228881836,135300
2016-02-23,2.7509307861328125,5.300000190734863,5.300000190734863,5.28000020980835,5.289999961853027,101900
2016-02-24,2.7613131999969482,5.320000171661377,5.320000171661377,5.239999771118164,5.260000228881836,111300
2016-02-25,2.7665011882781982,5.329999923706055,5.329999923706055,5.28000020980835,5.309999942779541,104400
2016-02-26,2.7665011882781982,5.329999923706055,5.340000152587891,5.309999942779541,5.320000171661377,69400
2016-02-29,2.776881217956543,5.349999904632568,5.360000133514404,5.289999961853027,5.320000171661377,69900
2016-03-01,2.8184072971343994,5.429999828338623,5.449999809265137,5.349999904632568,5.349999904632568,155600
2016-03-02,2.823596239089966,5.440000057220459,5.46999979019165,5.409999847412109,5.429999828338623,110300
2016-03-03,2.8599298000335693,5.510000228881836,5.510000228881836,5.429999828338623,5.429999828338623,124400
2016-03-04,2.8910722732543945,5.570000171661377,5.590000152587891,5.5,5.519999980926514,100300
2016-03-07,2.9170243740081787,5.619999885559082,5.639999866485596,5.539999961853027,5.539999961853027,78500
2016-03-08,2.9170243740081787,5.619999885559082,5.630000114440918,5.559999942779541,5.590000152587891,163600
2016-03-09,2.929556369781494,5.610000133514404,5.630000114440918,5.590000152587891,5.590000152587891,100300
2016-03-10,2.9243357181549072,5.599999904632568,5.650000095367432,5.579999923706055,5.639999866485596,118400
2016-03-11,2.945223093032837,5.639999866485596,5.659999847412109,5.610000133514404,5.610000133514404,165600
2016-03-14,2.9713339805603027,5.690000057220459,5.699999809265137,5.630000114440918,5.630000114440918,150000
2016-03-15,3.0078868865966797,5.760000228881836,5.760000228881836,5.690000057220459,5.690000057220459,131800
2016-03-16,3.039220094680786,5.820000171661377,5.820000171661377,5.75,5.760000228881836,175600
2016-03-17,3.0496630668640137,5.840000152587891,5.840000152587891,5.769999980926514,5.809999942779541,84700
2016-03-18,3.0601084232330322,5.860000133514404,5.889999866485596,5.809999942779541,5.860000133514404,91500
2016-03-21,3.0601084232330322,5.860000133514404,5.880000114440918,5.800000190734863,5.880000114440918,93900
2016-03-22,3.039220094680786,5.820000171661377,5.869999885559082,5.820000171661377,5.860000133514404,73200
2016-03-23,3.033996820449829,5.809999942779541,5.860000133514404,5.800000190734863,5.840000152587891,92600
2016-03-24,2.997443199157715,5.739999771118164,5.789999961853027,5.730000019073486,5.789999961853027,135200
2016-03-28,2.9817771911621094,5.710000038146973,5.760000228881836,5.699999809265137,5.739999771118164,258400
2016-03-29,2.997443199157715,5.739999771118164,5.75,5.690000057220459,5.71999979019165,145800
2016-03-30,3.0131101608276367,5.769999980926514,5.78000020980835,5.71999979019165,5.75,121700
2016-03-31,3.0235533714294434,5.789999961853027,5.800000190734863,5.760000228881836,5.78000020980835,80300
2016-04-01,3.033996820449829,5.809999942779541,5.820000171661377,5.760000228881836,5.789999961853027,185200
2016-04-04,3.0131101608276367,5.769999980926514,5.800000190734863,5.739999771118164,5.789999961853027,223100
2016-04-05,3.00266695022583,5.75,5.78000020980835,5.739999771118164,5.760000228881836,153900
2016-04-06,3.033996820449829,5.809999942779541,5.820000171661377,5.78000020980835,5.800000190734863,169000
2016-04-07,3.0408248901367188,5.789999961853027,5.789999961853027,5.75,5.78000020980835,94900
2016-04-08,3.0408248901367188,5.789999961853027,5.820000171661377,5.769999980926514,5.78000020980835,200000
2016-04-11,3.05658221244812,5.820000171661377,5.840000152587891,5.789999961853027,5.789999961853027,107800
2016-04-12,3.051328182220459,5.809999942779541,5.829999923706055,5.789999961853027,5.829999923706055,56800
2016-04-13,3.0670840740203857,5.840000152587891,5.840000152587891,5.800000190734863,5.829999923706055,78100
2016-04-14,3.05658221244812,5.820000171661377,5.840000152587891,5.800000190734863,5.840000152587891,115200
2016-04-15,3.046079397201538,5.800000190734863,5.820000171661377,5.78000020980835,5.820000171661377,47200
2016-04-18,3.05658221244812,5.820000171661377,5.880000114440918,5.800000190734863,5.809999942779541,252900
2016-04-19,3.06183123588562,5.829999923706055,5.860000133514404,5.820000171661377,5.860000133514404,133000
2016-04-20,3.06183123588562,5.829999923706055,5.860000133514404,5.829999923706055,5.849999904632568,79600
2016-04-21,3.0933430194854736,5.889999866485596,5.889999866485596,5.840000152587891,5.849999904632568,120000
2016-04-22,3.124854803085327,5.949999809265137,5.949999809265137,5.889999866485596,5.889999866485596,156200
2016-04-25,3.1143500804901123,5.929999828338623,5.940000057220459,5.900000095367432,5.940000057220459,94600
2016-04-26,3.1090986728668213,5.920000076293945,5.949999809265137,5.920000076293945,5.929999828338623,64800
2016-04-27,3.1038477420806885,5.909999847412109,5.940000057220459,5.900000095367432,5.929999828338623,94100
2016-04-28,3.0880913734436035,5.880000114440918,5.929999828338623,5.880000114440918,5.920000076293945,146400
2016-04-29,3.0880913734436035,5.880000114440918,5.909999847412109,5.869999885559082,5.900000095367432,136300
2016-05-02,3.0880913734436035,5.880000114440918,5.900000095367432,5.880000114440918,5.889999866485596,161000
2016-05-03,3.0933430194854736,5.889999866485596,5.889999866485596,5.849999904632568,5.880000114440918,101200
2016-05-04,3.0775890350341797,5.860000133514404,5.880000114440918,5.849999904632568,5.869999885559082,64300
2016-05-05,3.1038477420806885,5.909999847412109,5.909999847412109,5.860000133514404,5.880000114440918,146400
2016-05-06,3.0828397274017334,5.869999885559082,5.909999847412109,5.860000133514404,5.900000095367432,89000
2016-05-09,3.0775890350341797,5.860000133514404,5.889999866485596,5.860000133514404,5.889999866485596,61800
2016-05-10,3.0791714191436768,5.829999923706055,5.860000133514404,5.820000171661377,5.860000133514404,119500
2016-05-11,3.089736223220825,5.849999904632568,5.849999904632568,5.820000171661377,5.840000152587891,86200
2016-05-12,3.095017910003662,5.860000133514404,5.869999885559082,5.840000152587891,5.849999904632568,58900
2016-05-13,3.095017910003662,5.860000133514404,5.880000114440918,5.849999904632568,5.860000133514404,174700
2016-05-16,3.095017910003662,5.860000133514404,5.889999866485596,5.849999904632568,5.880000114440918,68500
2016-05-17,3.0791714191436768,5.829999923706055,5.860000133514404,5.809999942779541,5.860000133514404,106700
2016-05-18,3.063328504562378,5.800000190734863,5.840000152587891,5.800000190734863,5.829999923706055,174900
2016-05-19,3.0686097145080566,5.809999942779541,5.840000152587891,5.800000190734863,5.820000171661377,153300
2016-05-20,3.100297451019287,5.869999885559082,5.880000114440918,5.829999923706055,5.829999923706055,108600
2016-05-23,3.1214258670806885,5.909999847412109,5.909999847412109,5.869999885559082,5.869999885559082,67100
2016-05-24,3.1214258670806885,5.909999847412109,5.929999828338623,5.900000095367432,5.900000095367432,74100
2016-05-25,3.1531150341033936,5.96999979019165,5.96999979019165,5.929999828338623,5.929999828338623,64700
2016-05-26,3.158395767211914,5.980000019073486,5.989999771118164,5.96999979019165,5.989999771118164,140500
2016-05-27,3.1372694969177246,5.940000057220459,5.980000019073486,5.920000076293945,5.96999979019165,134100
2016-05-31,3.1531150341033936,5.96999979019165,5.989999771118164,5.940000057220459,5.96999979019165,145000
2016-06-01,3.158395767211914,5.980000019073486,6.0,5.940000057220459,5.940000057220459,83000
2016-06-02,3.1478328704833984,5.960000038146973,6.010000228881836,5.960000038146973,6.0,71500
2016-06-03,3.1742405891418457,6.010000228881836,6.010000228881836,5.989999771118164,5.989999771118164,32900
2016-06-06,3.195366859436035,6.050000190734863,6.050000190734863,6.019999980926514,6.019999980926514,63100
2016-06-07,3.2164928913116455,6.090000152587891,6.090000152587891,6.039999961853027,6.059999942779541,83300
2016-06-08,3.2323379516601562,6.119999885559082,6.130000114440918,6.079999923706055,6.110000133514404,90500
2016-06-09,3.239774465560913,6.099999904632568,6.119999885559082,6.070000171661377,6.070000171661377,100600
2016-06-10,3.2503955364227295,6.119999885559082,6.139999866485596,6.070000171661377,6.090000152587891,96400
2016-06-13,3.2291524410247803,6.079999923706055,6.119999885559082,6.059999942779541,6.110000133514404,57700
2016-06-14,3.2291524410247803,6.079999923706055,6.090000152587891,6.039999961853027,6.070000171661377,93600
2016-06-15,3.2238402366638184,6.070000171661377,6.090000152587891,6.059999942779541,6.079999923706055,68700
2016-06-16,3.20259690284729,6.03000020980835,6.059999942779541,6.019999980926514,6.059999942779541,104800
2016-06-17,3.2185306549072266,6.059999942779541,6.070000171661377,6.039999961853027,6.050000190734863,104200
2016-06-20,3.2079086303710938,6.039999961853027,6.099999904632568,6.019999980926514,6.090000152587891,92700
2016-06-21,3.20259690284729,6.03000020980835,6.070000171661377,6.019999980926514,6.070000171661377,86200
2016-06-22,3.2291524410247803,6.079999923706055,6.090000152587891,6.059999942779541,6.059999942779541,62100
2016-06-23,3.239774465560913,6.099999904632568,6.119999885559082,6.070000171661377,6.099999904632568,138900
2016-06-24,3.1972858905792236,6.019999980926514,6.099999904632568,6.0,6.039999961853027,248400
2016-06-27,3.1229312419891357,5.880000114440918,6.039999961853027,5.820000171661377,6.039999961853027,314400
2016-06-28,3.138864040374756,5.909999847412109,5.949999809265137,5.860000133514404,5.940000057220459,132100
2016-06-29,3.149484872817993,5.929999828338623,5.96999979019165,5.909999847412109,5.940000057220459,158100
2016-06-30,3.19197416305542,6.010000228881836,6.010000228881836,5.949999809265137,5.960000038146973,91200
2016-07-01,3.2185306549072266,6.059999942779541,6.059999942779541,6.0,6.0,85300
2016-07-05,3.20259690284729,6.03000020980835,6.050000190734863,5.96999979019165,6.050000190734863,95100
2016-07-06,3.20259690284729,6.03000020980835,6.039999961853027,5.980000019073486,5.980000019073486,66900
2016-07-07,3.236781120300293,6.059999942779541,6.070000171661377,6.010000228881836,6.03000020980835,89200
2016-07-08,3.2260992527008057,6.039999961853027,6.099999904632568,6.039999961853027,6.070000171661377,75500
2016-07-11,3.236781120300293,6.059999942779541,6.090000152587891,6.050000190734863,6.050000190734863,53600
2016-07-12,3.2314388751983643,6.050000190734863,6.099999904632568,6.050000190734863,6.070000171661377,123300
2016-07-13,3.2528014183044434,6.090000152587891,6.099999904632568,6.059999942779541,6.059999942779541,73700
2016-07-14,3.2421207427978516,6.070000171661377,6.099999904632568,6.039999961853027,6.099999904632568,55200
2016-07-15,3.268826961517334,6.119999885559082,6.119999885559082,6.070000171661377,6.070000171661377,164400
2016-07-18,3.279510259628296,6.139999866485596,6.179999828338623,6.130000114440918,6.150000095367432,145500
2016-07-19,3.2901928424835205,6.159999847412109,6.179999828338623,6.119999885559082,6.179999828338623,116100
2016-07-20,3.3115577697753906,6.199999809265137,6.199999809265137,6.159999847412109,6.170000076293945,125100
2016-07-21,3.3222389221191406,6.21999979019165,6.25,6.210000038146973,6.21999979019165,117100
2016-07-22,3.3115577697753906,6.199999809265137,6.269999980926514,6.199999809265137,6.25,94400
2016-07-25,3.2901928424835205,6.159999847412109,6.260000228881836,6.159999847412109,6.239999771118164,64200
2016-07-26,3.2848517894744873,6.150000095367432,6.21999979019165,6.139999866485596,6.190000057220459,78000
2016-07-27,3.2901928424835205,6.159999847412109,6.199999809265137,6.119999885559082,6.159999847412109,129900
2016-07-28,3.3115577697753906,6.199999809265137,6.199999809265137,6.159999847412109,6.159999847412109,112700
2016-07-29,3.3382632732391357,6.25,6.25,6.199999809265137,6.21999979019165,70200
2016-08-01,3.327580213546753,6.230000019073486,6.28000020980835,6.21999979019165,6.260000228881836,139200
2016-08-02,3.3222389221191406,6.21999979019165,6.230000019073486,6.170000076293945,6.21999979019165,70100
2016-08-03,3.327580213546753,6.230000019073486,6.269999980926514,6.199999809265137,6.199999809265137,84600
2016-08-04,3.3008737564086914,6.179999828338623,6.260000228881836,6.179999828338623,6.25,73600
2016-08-05,3.3008737564086914,6.179999828338623,6.230000019073486,6.179999828338623,6.21999979019165,95300
2016-08-08,3.3168997764587402,6.210000038146973,6.21999979019165,6.179999828338623,6.179999828338623,70800
2016-08-09,3.313676595687866,6.170000076293945,6.210000038146973,6.150000095367432,6.199999809265137,119800
2016-08-10,3.3029356002807617,6.150000095367432,6.199999809265137,6.139999866485596,6.199999809265137,124800
2016-08-11,3.3029356002807617,6.150000095367432,6.190000057220459,6.130000114440918,6.179999828338623,79400
2016-08-12,3.3405282497406006,6.21999979019165,6.230000019073486,6.150000095367432,6.170000076293945,60200
2016-08-15,3.3512701988220215,6.239999771118164,6.239999771118164,6.210000038146973,6.230000019073486,98600
2016-08-16,3.3566412925720215,6.25,6.25,6.210000038146973,6.239999771118164,50400
2016-08-17,3.372753381729126,6.28000020980835,6.309999942779541,6.25,6.260000228881836,98000
2016-08-18,3.388864517211914,6.309999942779541,6.309999942779541,6.28000020980835,6.300000190734863,65100
2016-08-19,3.394235610961914,6.320000171661377,6.329999923706055,6.289999961853027,6.320000171661377,133000
2016-08-22,3.3781237602233887,6.289999961853027,6.329999923706055,6.289999961853027,6.329999923706055,44200
2016-08-23,3.3781237602233887,6.289999961853027,6.340000152587891,6.28000020980835,6.320000171661377,67200
2016-08-24,3.3781237602233887,6.289999961853027,6.340000152587891,6.289999961853027,6.300000190734863,66200
2016-08-25,3.372753381729126,6.28000020980835,6.320000171661377,6.28000020980835,6.300000190734863,49600
2016-08-26,3.3512701988220215,6.239999771118164,6.309999942779541,6.230000019073486,6.300000190734863,90000
2016-08-29,3.3620121479034424,6.260000228881836,6.320000171661377,6.25,6.260000228881836,88300
2016-08-30,3.3566412925720215,6.25,6.289999961853027,6.230000019073486,6.260000228881836,76100
2016-08-31,3.3834948539733887,6.300000190734863,6.300000190734863,6.25,6.260000228881836,105100
2016-09-01,3.3620121479034424,6.260000228881836,6.300000190734863,6.260000228881836,6.289999961853027,67900
2016-09-02,3.3566412925720215,6.25,6.289999961853027,6.239999771118164,6.28000020980835,42200
2016-09-06,3.3620121479034424,6.260000228881836,6.269999980926514,6.21999979019165,6.25,90000
2016-09-07,3.3834948539733887,6.300000190734863,6.300000190734863,6.239999771118164,6.260000228881836,42100
2016-09-08,3.402395009994507,6.300000190734863,6.329999923706055,6.25,6.28000020980835,116400
2016-09-09,3.3429887294769287,6.190000057220459,6.300000190734863,6.190000057220459,6.300000190734863,79300
2016-09-12,3.3537909984588623,6.210000038146973,6.260000228881836,6.199999809265137,6.199999809265137,58400
2016-09-13,3.3591926097869873,6.21999979019165,6.230000019073486,6.159999847412109,6.210000038146973,87400
2016-09-14,3.364593982696533,6.230000019073486,6.269999980926514,6.21999979019165,6.230000019073486,92800
2016-09-15,3.3429887294769287,6.190000057220459,6.25,6.179999828338623,6.25,102800
2016-09-16,3.3537909984588623,6.210000038146973,6.25,6.210000038146973,6.210000038146973,66600
2016-09-19,3.3483893871307373,6.199999809265137,6.239999771118164,6.199999809265137,6.210000038146973,72200
2016-09-20,3.402395009994507,6.300000190734863,6.300000190734863,6.239999771118164,6.239999771118164,46100
2016-09-21,3.4077987670898438,6.309999942779541,6.329999923706055,6.289999961853027,6.300000190734863,69100
2016-09-22,3.429398536682129,6.349999904632568,6.389999866485596,6.329999923706055,6.349999904632568,78800
2016-09-23,3.4185996055603027,6.329999923706055,6.369999885559082,6.329999923706055,6.360000133514404,51300
2016-09-26,3.4077987670898438,6.309999942779541,6.369999885559082,6.309999942779541,6.329999923706055,77900
2016-09-27,3.429398536682129,6.349999904632568,6.360000133514404,6.329999923706055,6.340000152587891,60400
2016-09-28,3.4348020553588867,6.360000133514404,6.400000095367432,6.360000133514404,6.360000133514404,225300
2016-09-29,3.4402012825012207,6.369999885559082,6.420000076293945,6.369999885559082,6.380000114440918,68900
2016-09-30,3.4780054092407227,6.440000057220459,6.460000038146973,6.389999866485596,6.389999866485596,74400
2016-10-03,3.4564037322998047,6.400000095367432,6.429999828338623,6.380000114440918,6.400000095367432,94600
2016-10-04,3.4402012825012207,6.369999885559082,6.400000095367432,6.369999885559082,6.380000114440918,82000
2016-10-05,3.4402012825012207,6.369999885559082,6.429999828338623,6.369999885559082,6.389999866485596,137400
2016-10-06,3.4402012825012207,6.369999885559082,6.389999866485596,6.329999923706055,6.389999866485596,78500
2016-10-07,3.4348020553588867,6.360000133514404,6.389999866485596,6.349999904632568,6.360000133514404,60100
2016-10-10,3.4780054092407227,6.440000057220459,6.449999809265137,6.360000133514404,6.369999885559082,112500
2016-10-11,3.4584596157073975,6.369999885559082,6.429999828338623,6.369999885559082,6.409999847412109,77500
2016-10-12,3.4693195819854736,6.389999866485596,6.409999847412109,6.369999885559082,6.380000114440918,60100
2016-10-13,3.4638895988464355,6.380000114440918,6.400000095367432,6.349999904632568,6.369999885559082,136300
2016-10-14,3.4530322551727295,6.360000133514404,6.400000095367432,6.349999904632568,6.389999866485596,52700
2016-10-17,3.43674373626709,6.329999923706055,6.389999866485596,6.309999942779541,6.380000114440918,85800
2016-10-18,3.425884962081909,6.309999942779541,6.360000133514404,6.309999942779541,6.349999904632568,67900
2016-10-19,3.4638895988464355,6.380000114440918,6.389999866485596,6.320000171661377,6.340000152587891,107300
2016-10-20,3.4584596157073975,6.369999885559082,6.380000114440918,6.340000152587891,6.360000133514404,84100
2016-10-21,3.4910364151000977,6.429999828338623,6.429999828338623,6.349999904632568,6.369999885559082,104700
2016-10-24,3.4910364151000977,6.429999828338623,6.480000019073486,6.409999847412109,6.440000057220459,120800
2016-10-25,3.501894474029541,6.449999809265137,6.460000038146973,6.400000095367432,6.449999809265137,98600
2016-10-26,3.512752056121826,6.46999979019165,6.46999979019165,6.449999809265137,6.449999809265137,134200
2016-10-27,3.4638895988464355,6.380000114440918,6.5,6.360000133514404,6.480000019073486,165200
2016-10-28,3.4693195819854736,6.389999866485596,6.409999847412109,6.369999885559082,6.409999847412109,41000
2016-10-31,3.4693195819854736,6.389999866485596,6.409999847412109,6.380000114440918,6.400000095367432,42400
2016-11-01,3.43674373626709,6.329999923706055,6.420000076293945,6.309999942779541,6.420000076293945,94600
2016-11-02,3.415024995803833,6.289999961853027,6.349999904632568,6.289999961853027,6.349999904632568,82400
2016-11-03,3.409597396850586,6.28000020980835,6.329999923706055,6.28000020980835,6.309999942779541,58500
2016-11-04,3.4041688442230225,6.269999980926514,6.309999942779541,6.260000228881836,6.260000228881836,51700
2016-11-07,3.425884962081909,6.309999942779541,6.340000152587891,6.28000020980835,6.309999942779541,83000
2016-11-08,3.4638895988464355,6.380000114440918,6.380000114440918,6.289999961853027,6.309999942779541,80600
2016-11-09,3.4278652667999268,6.28000020980835,6.349999904632568,6.260000228881836,6.329999923706055,132000
2016-11-10,3.4496989250183105,6.320000171661377,6.340000152587891,6.25,6.300000190734863,121800
2016-11-11,3.5097405910491943,6.429999828338623,6.449999809265137,6.289999961853027,6.309999942779541,105700
2016-11-14,3.5151984691619873,6.440000057220459,6.510000228881836,6.420000076293945,6.429999828338623,89200
2016-11-15,3.53703236579895,6.480000019073486,6.480000019073486,6.380000114440918,6.46999979019165,105900
2016-11-16,3.526113986968994,6.460000038146973,6.510000228881836,6.449999809265137,6.460000038146973,74200
2016-11-17,3.526113986968994,6.460000038146973,6.510000228881836,6.460000038146973,6.46999979019165,43100
2016-11-18,3.5151984691619873,6.440000057220459,6.510000228881836,6.420000076293945,6.489999771118164,92600
2016-11-21,3.53703236579895,6.480000019073486,6.53000020980835,6.46999979019165,6.46999979019165,62600
2016-11-22,3.5752408504486084,6.550000190734863,6.550000190734863,6.489999771118164,6.510000228881836,115500
2016-11-23,3.5916149616241455,6.579999923706055,6.579999923706055,6.519999980926514,6.550000190734863,70900
2016-11-25,3.5861568450927734,6.570000171661377,6.630000114440918,6.570000171661377,6.610000133514404,56400
2016-11-28,3.558863878250122,6.519999980926514,6.610000133514404,6.519999980926514,6.559999942779541,64900
2016-11-29,3.553407669067383,6.510000228881836,6.559999942779541,6.510000228881836,6.550000190734863,89300
2016-11-30,3.5479495525360107,6.5,6.559999942779541,6.5,6.550000190734863,142600
2016-12-01,3.558863878250122,6.519999980926514,6.550000190734863,6.5,6.5,115900
2016-12-02,3.5315723419189453,6.46999979019165,6.559999942779541,6.46999979019165,6.539999961853027,74300
2016-12-05,3.5424904823303223,6.489999771118164,6.519999980926514,6.46999979019165,6.510000228881836,72000
2016-12-06,3.5643224716186523,6.53000020980835,6.53000020980835,6.46999979019165,6.519999980926514,93900
2016-12-07,3.5861568450927734,6.570000171661377,6.579999923706055,6.480000019073486,6.480000019073486,150600
2016-12-08,3.5548880100250244,6.480000019073486,6.53000020980835,6.460000038146973,6.53000020980835,186000
2016-12-09,3.5823161602020264,6.53000020980835,6.53000020980835,6.5,6.510000228881836,66700
2016-12-12,3.5932886600494385,6.550000190734863,6.579999923706055,6.53000020980835,6.53000020980835,101000
2016-12-13,3.5932886600494385,6.550000190734863,6.570000171661377,6.539999961853027,6.550000190734863,148300
2016-12-14,3.5987741947174072,6.559999942779541,6.599999904632568,6.550000190734863,6.550000190734863,61200
2016-12-15,3.6316897869110107,6.619999885559082,6.619999885559082,6.579999923706055,6.579999923706055,111200
2016-12-16,3.648148775100708,6.650000095367432,6.670000076293945,6.599999904632568,6.630000114440918,110700
2016-12-19,3.6591200828552246,6.670000076293945,6.690000057220459,6.619999885559082,6.659999847412109,120600
2016-12-20,3.664604663848877,6.679999828338623,6.71999979019165,6.670000076293945,6.679999828338623,110500
2016-12-21,3.637176513671875,6.630000114440918,6.710000038146973,6.599999904632568,6.699999809265137,258300
2016-12-22,3.642662763595581,6.639999866485596,6.670000076293945,6.619999885559082,6.659999847412109,144500
2016-12-23,3.6316897869110107,6.619999885559082,6.659999847412109,6.619999885559082,6.659999847412109,130800
2016-12-27,3.649883985519409,6.619999885559082,6.659999847412109,6.619999885559082,6.630000114440918,86100
2016-12-28,3.649883985519409,6.619999885559082,6.659999847412109,6.590000152587891,6.650000095367432,164600
2016-12-29,3.660911798477173,6.639999866485596,6.659999847412109,6.610000133514404,6.659999847412109,156600
2016-12-30,3.682964324951172,6.679999828338623,6.679999828338623,6.630000114440918,6.639999866485596,84100
2017-01-03,3.682964324951172,6.679999828338623,6.710000038146973,6.670000076293945,6.670000076293945,146800
2017-01-04,3.6939938068389893,6.699999809265137,6.739999771118164,6.690000057220459,6.710000038146973,150200
2017-01-05,3.6774520874023438,6.670000076293945,6.690000057220459,6.630000114440918,6.630000114440918,157300
2017-01-06,3.6939938068389893,6.699999809265137,6.71999979019165,6.650000095367432,6.650000095367432,158600
2017-01-09,3.6939938068389893,6.699999809265137,6.78000020980835,6.610000133514404,6.699999809265137,162200
2017-01-10,3.710533618927002,6.730000019073486,6.75,6.699999809265137,6.71999979019165,97000
2017-01-11,3.705019235610962,6.71999979019165,6.78000020980835,6.690000057220459,6.739999771118164,160300
2017-01-12,3.705019235610962,6.71999979019165,6.75,6.699999809265137,6.739999771118164,124400
2017-01-13,3.705019235610962,6.71999979019165,6.739999771118164,6.710000038146973,6.730000019073486,118500
2017-01-17,3.710533618927002,6.730000019073486,6.760000228881836,6.699999809265137,6.71999979019165,150000
2017-01-18,3.705019235610962,6.71999979019165,6.75,6.699999809265137,6.75,133900
2017-01-19,3.682964324951172,6.679999828338623,6.739999771118164,6.670000076293945,6.730000019073486,184400
2017-01-20,3.6774520874023438,6.670000076293945,6.710000038146973,6.650000095367432,6.699999809265137,151800
2017-01-23,3.6995067596435547,6.710000038146973,6.71999979019165,6.679999828338623,6.690000057220459,213600
2017-01-24,3.7215576171875,6.75,6.760000228881836,6.71999979019165,6.739999771118164,155400
2017-01-25,3.7325875759124756,6.769999980926514,6.800000190734863,6.75,6.789999961853027,420400
2017-01-26,3.7215576171875,6.75,6.789999961853027,6.71999979019165,6.789999961853027,160200
2017-01-27,3.7270712852478027,6.760000228881836,6.769999980926514,6.75,6.760000228881836,161000
2017-01-30,3.7436113357543945,6.789999961853027,6.809999942779541,6.769999980926514,6.769999980926514,178000
2017-01-31,3.7436113357543945,6.789999961853027,6.809999942779541,6.78000020980835,6.789999961853027,116700
2017-02-01,3.7491261959075928,6.800000190734863,6.840000152587891,6.789999961853027,6.800000190734863,121700
2017-02-02,3.738097667694092,6.78000020980835,6.820000171661377,6.78000020980835,6.820000171661377,90600
2017-02-03,3.738097667694092,6.78000020980835,6.820000171661377,6.769999980926514,6.800000190734863,137000
2017-02-06,3.7436113357543945,6.789999961853027,6.809999942779541,6.769999980926514,6.800000190734863,117200
2017-02-07,3.7325875759124756,6.769999980926514,6.809999942779541,6.769999980926514,6.800000190734863,104500
2017-02-08,3.738097667694092,6.78000020980835,6.800000190734863,6.760000228881836,6.78000020980835,125700
2017-02-09,3.7170495986938477,6.710000038146973,6.78000020980835,6.710000038146973,6.769999980926514,167400
2017-02-10,3.72812819480896,6.730000019073486,6.760000228881836,6.71999979019165,6.739999771118164,120200
2017-02-13,3.7447469234466553,6.760000228881836,6.849999904632568,6.760000228881836,6.769999980926514,110500
2017-02-14,3.739206314086914,6.75,6.789999961853027,6.75,6.789999961853027,152300
2017-02-15,3.7669050693511963,6.800000190734863,6.800000190734863,6.769999980926514,6.78000020980835,91600
2017-02-16,3.7724449634552,6.809999942779541,6.820000171661377,6.789999961853027,6.809999942779541,99000
2017-02-17,3.7946040630340576,6.849999904632568,6.849999904632568,6.800000190734863,6.809999942779541,113800
2017-02-21,3.7946040630340576,6.849999904632568,6.880000114440918,6.809999942779541,6.849999904632568,178000
2017-02-22,3.805682420730591,6.869999885559082,6.880000114440918,6.840000152587891,6.860000133514404,196600
2017-02-23,3.8223013877868652,6.900000095367432,6.909999847412109,6.869999885559082,6.869999885559082,87800
2017-02-24,3.8278393745422363,6.909999847412109,6.920000076293945,6.889999866485596,6.889999866485596,88400
2017-02-27,3.84445858001709,6.940000057220459,6.940000057220459,6.900000095367432,6.920000076293945,70000
2017-02-28,3.8499984741210938,6.949999809265137,6.949999809265137,6.900000095367432,6.940000057220459,102100
2017-03-01,3.8666179180145264,6.980000019073486,6.980000019073486,6.940000057220459,6.960000038146973,83800
2017-03-02,3.838918447494507,6.929999828338623,6.980000019073486,6.920000076293945,6.960000038146973,111900
2017-03-03,3.861076831817627,6.96999979019165,6.980000019073486,6.940000057220459,6.940000057220459,92000
2017-03-06,3.8499984741210938,6.949999809265137,6.96999979019165,6.929999828338623,6.96999979019165,58900
2017-03-07,3.8499984741210938,6.949999809265137,6.960000038146973,6.929999828338623,6.949999809265137,92300
2017-03-08,3.84445858001709,6.940000057220459,6.96999979019165,6.940000057220459,6.949999809265137,88400
2017-03-09,3.7776944637298584,6.789999961853027,6.909999847412109,6.75,6.900000095367432,201000
2017-03-10,3.8110764026641846,6.849999904632568,6.849999904632568,6.800000190734863,6.829999923706055,102000
2017-03-13,3.8055145740509033,6.840000152587891,6.880000114440918,6.800000190734863,6.880000114440918,71100
2017-03-14,3.8055145740509033,6.840000152587891,6.849999904632568,6.800000190734863,6.829999923706055,126800
2017-03-15,3.7832605838775635,6.800000190734863,6.840000152587891,6.789999961853027,6.829999923706055,112100
2017-03-16,3.794386386871338,6.820000171661377,6.829999923706055,6.800000190734863,6.829999923706055,90100
2017-03-17,3.8166418075561523,6.860000133514404,6.869999885559082,6.809999942779541,6.829999923706055,58800
2017-03-20,3.8277673721313477,6.880000114440918,6.900000095367432,6.849999904632568,6.880000114440918,96900
2017-03-21,3.8166418075561523,6.860000133514404,6.909999847412109,6.849999904632568,6.889999866485596,184600
2017-03-22,3.799950122833252,6.829999923706055,6.869999885559082,6.820000171661377,6.840000152587891,66100
2017-03-23,3.822204351425171,6.869999885559082,6.880000114440918,6.829999923706055,6.829999923706055,51400
2017-03-24,3.8277673721313477,6.880000114440918,6.889999866485596,6.860000133514404,6.869999885559082,39200
2017-03-27,3.7832605838775635,6.800000190734863,6.869999885559082,6.800000190734863,6.860000133514404,96900
2017-03-28,3.799950122833252,6.829999923706055,6.860000133514404,6.809999942779541,6.820000171661377,79400
2017-03-29,3.788822650909424,6.809999942779541,6.869999885559082,6.800000190734863,6.820000171661377,71600
2017-03-30,3.772129774093628,6.78000020980835,6.860000133514404,6.769999980926514,6.840000152587891,108600
2017-03-31,3.772129774093628,6.78000020980835,6.820000171661377,6.75,6.800000190734863,87200
2017-04-03,3.7554399967193604,6.75,6.800000190734863,6.730000019073486,6.800000190734863,107600
2017-04-04,3.7443156242370605,6.730000019073486,6.760000228881836,6.710000038146973,6.739999771118164,163300
2017-04-05,3.749877691268921,6.739999771118164,6.769999980926514,6.710000038146973,6.739999771118164,115100
2017-04-06,3.749877691268921,6.739999771118164,6.75,6.699999809265137,6.75,100300
2017-04-07,3.749877691268921,6.739999771118164,6.739999771118164,6.71999979019165,6.730000019073486,86700
2017-04-10,3.749877691268921,6.739999771118164,6.769999980926514,6.730000019073486,6.739999771118164,96200
2017-04-11,3.7834081649780273,6.769999980926514,6.769999980926514,6.710000038146973,6.710000038146973,62600
2017-04-12,3.777820348739624,6.760000228881836,6.769999980926514,6.75,6.769999980926514,46700
2017-04-13,3.7498772144317627,6.710000038146973,6.769999980926514,6.710000038146973,6.75,67100
2017-04-17,3.76664400100708,6.739999771118164,6.760000228881836,6.699999809265137,6.739999771118164,114300
2017-04-18,3.7554659843444824,6.71999979019165,6.739999771118164,6.710000038146973,6.739999771118164,50600
2017-04-19,3.777820348739624,6.760000228881836,6.78000020980835,6.730000019073486,6.730000019073486,116700
2017-04-20,3.777820348739624,6.760000228881836,6.769999980926514,6.730000019073486,6.760000228881836,99400
2017-04-21,3.7889981269836426,6.78000020980835,6.789999961853027,6.760000228881836,6.78000020980835,88400
2017-04-24,3.80017352104187,6.800000190734863,6.829999923706055,6.78000020980835,6.829999923706055,57100
2017-04-25,3.8281164169311523,6.849999904632568,6.860000133514404,6.809999942779541,6.809999942779541,81000
2017-04-26,3.8281164169311523,6.849999904632568,6.880000114440918,6.820000171661377,6.860000133514404,63000
2017-04-27,3.8392930030822754,6.869999885559082,6.869999885559082,6.840000152587891,6.849999904632568,46400
2017-04-28,3.8448824882507324,6.880000114440918,6.880000114440918,6.840000152587891,6.869999885559082,48900
2017-05-01,3.8560574054718018,6.900000095367432,6.900000095367432,6.860000133514404,6.869999885559082,58200
2017-05-02,3.8113508224487305,6.820000171661377,6.889999866485596,6.820000171661377,6.889999866485596,123200
2017-05-03,3.8057610988616943,6.809999942779541,6.829999923706055,6.769999980926514,6.820000171661377,142900
2017-05-04,3.777820348739624,6.760000228881836,6.809999942779541,6.730000019073486,6.809999942779541,172500
2017-05-05,3.7889981269836426,6.78000020980835,6.789999961853027,6.75,6.769999980926514,171300
2017-05-08,3.7889981269836426,6.78000020980835,6.789999961853027,6.75,6.789999961853027,113000
2017-05-09,3.7889981269836426,6.75,6.760000228881836,6.71999979019165,6.75,122200
2017-05-10,3.7889981269836426,6.75,6.760000228881836,6.730000019073486,6.75,147000
2017-05-11,3.8002231121063232,6.769999980926514,6.78000020980835,6.730000019073486,6.75,107200
2017-05-12,3.8002231121063232,6.769999980926514,6.800000190734863,6.760000228881836,6.769999980926514,104300
2017-05-15,3.7946107387542725,6.760000228881836,6.809999942779541,6.760000228881836,6.789999961853027,127600
2017-05-16,3.7946107387542725,6.760000228881836,6.789999961853027,6.75,6.769999980926514,120700
2017-05-17,3.7777698040008545,6.730000019073486,6.769999980926514,6.699999809265137,6.75,192100
2017-05-18,3.7833845615386963,6.739999771118164,6.75,6.690000057220459,6.730000019073486,159000
2017-05-19,3.7609307765960693,6.699999809265137,6.75,6.699999809265137,6.739999771118164,119600
2017-05-22,3.7833845615386963,6.739999771118164,6.75,6.699999809265137,6.739999771118164,119700
2017-05-23,3.7889981269836426,6.75,6.760000228881836,6.730000019073486,6.75,101700
2017-05-24,3.7833845615386963,6.739999771118164,6.75,6.71999979019165,6.75,124300
2017-05-25,3.7833845615386963,6.739999771118164,6.769999980926514,6.739999771118164,6.75,109900
2017-05-26,3.8002231121063232,6.769999980926514,6.769999980926514,6.75,6.75,99200
2017-05-30,3.8002231121063232,6.769999980926514,6.78000020980835,6.739999771118164,6.769999980926514,139000
2017-05-31,3.7946107387542725,6.760000228881836,6.789999961853027,6.75,6.78000020980835,77900
2017-06-01,3.8002231121063232,6.769999980926514,6.78000020980835,6.75,6.78000020980835,58200
2017-06-02,3.7889981269836426,6.75,6.769999980926514,6.739999771118164,6.760000228881836,48600
2017-06-05,3.7946107387542725,6.760000228881836,6.760000228881836,6.739999771118164,6.75,29100
2017-06-06,3.7946107387542725,6.760000228881836,6.769999980926514,6.730000019073486,6.760000228881836,76800
2017-06-07,3.7833845615386963,6.739999771118164,6.769999980926514,6.739999771118164,6.760000228881836,54000
2017-06-08,3.7952256202697754,6.730000019073486,6.730000019073486,6.679999828338623,6.710000038146973,109100
2017-06-09,3.8065054416656494,6.75,6.75,6.710000038146973,6.730000019073486,48100
2017-06-12,3.8065054416656494,6.75,6.769999980926514,6.739999771118164,6.760000228881836,67200
2017-06-13,3.812143564224243,6.760000228881836,6.760000228881836,6.739999771118164,6.739999771118164,27400
2017-06-14,3.8008668422698975,6.739999771118164,6.78000020980835,6.71999979019165,6.769999980926514,71800
2017-06-15,3.7895872592926025,6.71999979019165,6.75,6.71999979019165,6.730000019073486,46800
2017-06-16,3.8065054416656494,6.75,6.760000228881836,6.699999809265137,6.730000019073486,133700
2017-06-19,3.7952256202697754,6.730000019073486,6.78000020980835,6.71999979019165,6.760000228881836,105900
2017-06-20,3.7895872592926025,6.71999979019165,6.760000228881836,6.71999979019165,6.730000019073486,98600
2017-06-21,3.7952256202697754,6.730000019073486,6.739999771118164,6.690000057220459,6.710000038146973,209800
2017-06-22,3.76138973236084,6.670000076293945,6.75,6.670000076293945,6.730000019073486,114000
2017-06-23,3.7557525634765625,6.659999847412109,6.690000057220459,6.650000095367432,6.679999828338623,116400
2017-06-26,3.744473695755005,6.639999866485596,6.690000057220459,6.610000133514404,6.670000076293945,209200
2017-06-27,3.7162766456604004,6.590000152587891,6.639999866485596,6.590000152587891,6.630000114440918,108200
2017-06-28,3.7331950664520264,6.619999885559082,6.639999866485596,6.590000152587891,6.599999904632568,115200
2017-06-29,3.7162766456604004,6.590000152587891,6.630000114440918,6.590000152587891,6.619999885559082,89800
2017-06-30,3.7501120567321777,6.650000095367432,6.670000076293945,6.599999904632568,6.630000114440918,161400
2017-07-03,3.76702880859375,6.679999828338623,6.679999828338623,6.619999885559082,6.679999828338623,54100
2017-07-05,3.73883318901062,6.630000114440918,6.679999828338623,6.630000114440918,6.670000076293945,105600
2017-07-06,3.73883318901062,6.630000114440918,6.639999866485596,6.610000133514404,6.630000114440918,66600
2017-07-07,3.7557525634765625,6.659999847412109,6.659999847412109,6.619999885559082,6.659999847412109,58100
2017-07-10,3.772669792175293,6.690000057220459,6.690000057220459,6.630000114440918,6.650000095367432,104600
2017-07-11,3.7783331871032715,6.670000076293945,6.670000076293945,6.599999904632568,6.650000095367432,87800
2017-07-12,3.789663553237915,6.690000057220459,6.690000057220459,6.639999866485596,6.670000076293945,83300
2017-07-13,3.7839972972869873,6.679999828338623,6.699999809265137,6.659999847412109,6.699999809265137,67500
2017-07-14,3.7670042514801025,6.650000095367432,6.670000076293945,6.630000114440918,6.670000076293945,69600
2017-07-17,3.7556750774383545,6.630000114440918,6.670000076293945,6.619999885559082,6.659999847412109,115100
2017-07-18,3.7613391876220703,6.639999866485596,6.659999847412109,6.610000133514404,6.659999847412109,129300
2017-07-19,3.7556750774383545,6.630000114440918,6.679999828338623,6.630000114440918,6.670000076293945,110700
2017-07-20,3.7556750774383545,6.630000114440918,6.670000076293945,6.630000114440918,6.670000076293945,88700
2017-07-21,3.789663553237915,6.690000057220459,6.690000057220459,6.630000114440918,6.659999847412109,106900
2017-07-24,3.7670042514801025,6.650000095367432,6.699999809265137,6.650000095367432,6.699999809265137,66300
2017-07-25,3.7953274250030518,6.699999809265137,6.699999809265137,6.650000095367432,6.679999828338623,51600
2017-07-26,3.806656837463379,6.71999979019165,6.71999979019165,6.679999828338623,6.710000038146973,49200
2017-07-27,3.7839972972869873,6.679999828338623,6.75,6.679999828338623,6.75,45300
2017-07-28,3.7726688385009766,6.659999847412109,6.710000038146973,6.659999847412109,6.699999809265137,47700
2017-07-31,3.7839972972869873,6.679999828338623,6.71999979019165,6.670000076293945,6.710000038146973,89300
2017-08-01,3.8179876804351807,6.739999771118164,6.739999771118164,6.699999809265137,6.730000019073486,64600
2017-08-02,3.806656837463379,6.71999979019165,6.769999980926514,6.710000038146973,6.769999980926514,28100
2017-08-03,3.8009936809539795,6.710000038146973,6.730000019073486,6.679999828338623,6.730000019073486,40900
2017-08-04,3.789663553237915,6.690000057220459,6.75,6.679999828338623,6.75,49300
2017-08-07,3.789663553237915,6.690000057220459,6.710000038146973,6.679999828338623,6.679999828338623,35300
2017-08-08,3.7839972972869873,6.679999828338623,6.71999979019165,6.679999828338623,6.71999979019165,28000
2017-08-09,3.7726166248321533,6.630000114440918,6.670000076293945,6.610000133514404,6.670000076293945,31300
2017-08-10,3.7441658973693848,6.579999923706055,6.650000095367432,6.559999942779541,6.650000095367432,79600
2017-08-11,3.7612383365631104,6.610000133514404,6.630000114440918,6.519999980926514,6.630000114440918,93800
2017-08-14,3.7783076763153076,6.639999866485596,6.659999847412109,6.610000133514404,6.650000095367432,50700
2017-08-15,3.766928195953369,6.619999885559082,6.670000076293945,6.599999904632568,6.639999866485596,51400
2017-08-16,3.7441658973693848,6.579999923706055,6.650000095367432,6.570000171661377,6.650000095367432,110800
2017-08-17,3.7441658973693848,6.579999923706055,6.610000133514404,6.559999942779541,6.590000152587891,57700
2017-08-18,3.7555477619171143,6.599999904632568,6.619999885559082,6.579999923706055,6.599999904632568,63100
2017-08-21,3.766928195953369,6.619999885559082,6.630000114440918,6.590000152587891,6.630000114440918,49000
2017-08-22,3.749856948852539,6.590000152587891,6.639999866485596,6.579999923706055,6.630000114440918,86200
2017-08-23,3.7783076763153076,6.639999866485596,6.639999866485596,6.590000152587891,6.590000152587891,59500
2017-08-24,3.7555477619171143,6.599999904632568,6.630000114440918,6.590000152587891,6.630000114440918,55800
2017-08-25,3.7555477619171143,6.599999904632568,6.619999885559082,6.590000152587891,6.599999904632568,36300
2017-08-28,3.7783076763153076,6.639999866485596,6.639999866485596,6.579999923706055,6.619999885559082,61800
2017-08-29,3.7726166248321533,6.630000114440918,6.639999866485596,6.599999904632568,6.630000114440918,44300
2017-08-30,3.766928195953369,6.619999885559082,6.639999866485596,6.590000152587891,6.630000114440918,79800
2017-08-31,3.766928195953369,6.619999885559082,6.650000095367432,6.599999904632568,6.650000095367432,73200
2017-09-01,3.766928195953369,6.619999885559082,6.639999866485596,6.590000152587891,6.630000114440918,76700
2017-09-05,3.7384772300720215,6.570000171661377,6.630000114440918,6.559999942779541,6.610000133514404,81700
2017-09-06,3.7441658973693848,6.579999923706055,6.590000152587891,6.550000190734863,6.570000171661377,35800
2017-09-07,3.749856948852539,6.590000152587891,6.590000152587891,6.579999923706055,6.579999923706055,21300
2017-09-08,3.738424777984619,6.539999961853027,6.599999904632568,6.53000020980835,6.559999942779541,96200
2017-09-11,3.738424777984619,6.539999961853027,6.570000171661377,6.519999980926514,6.550000190734863,72500
2017-09-12,3.738424777984619,6.539999961853027,6.570000171661377,6.53000020980835,6.570000171661377,81100
2017-09-13,3.726991891860962,6.519999980926514,6.550000190734863,6.519999980926514,6.539999961853027,101500
2017-09-14,3.738424777984619,6.539999961853027,6.559999942779541,6.519999980926514,6.519999980926514,105400
2017-09-15,3.738424777984619,6.539999961853027,6.559999942779541,6.53000020980835,6.559999942779541,86500
2017-09-18,3.7327094078063965,6.53000020980835,6.550000190734863,6.5,6.539999961853027,131900
2017-09-19,3.7327094078063965,6.53000020980835,6.53000020980835,6.510000228881836,6.53000020980835,71000
2017-09-20,3.738424777984619,6.539999961853027,6.559999942779541,6.510000228881836,6.53000020980835,94800
2017-09-21,3.738424777984619,6.539999961853027,6.550000190734863,6.519999980926514,6.550000190734863,54500
2017-09-22,3.772722005844116,6.599999904632568,6.599999904632568,6.53000020980835,6.550000190734863,65500
2017-09-25,3.749856948852539,6.559999942779541,6.599999904632568,6.550000190734863,6.579999923706055,80600
2017-09-26,3.749856948852539,6.559999942779541,6.570000171661377,6.539999961853027,6.559999942779541,56400
2017-09-27,3.7555739879608154,6.570000171661377,6.590000152587891,6.550000190734863,6.559999942779541,55100
2017-09-28,3.7612881660461426,6.579999923706055,6.599999904632568,6.550000190734863,6.559999942779541,128100
2017-09-29,3.784153461456299,6.619999885559082,6.619999885559082,6.579999923706055,6.599999904632568,71400
2017-10-02,3.784153461456299,6.619999885559082,6.639999866485596,6.599999904632568,6.639999866485596,39600
2017-10-03,3.778439998626709,6.610000133514404,6.619999885559082,6.590000152587891,6.599999904632568,70900
2017-10-04,3.772722005844116,6.599999904632568,6.619999885559082,6.579999923706055,6.590000152587891,31300
2017-10-05,3.7670066356658936,6.590000152587891,6.639999866485596,6.579999923706055,6.639999866485596,46100
2017-10-06,3.7612881660461426,6.579999923706055,6.590000152587891,6.570000171661377,6.590000152587891,65700
2017-10-09,3.7670066356658936,6.590000152587891,6.610000133514404,6.570000171661377,6.590000152587891,74100
2017-10-10,3.784153461456299,6.619999885559082,6.619999885559082,6.590000152587891,6.619999885559082,46100
2017-10-11,3.789321184158325,6.599999904632568,6.630000114440918,6.570000171661377,6.599999904632568,125500
2017-10-12,3.777838945388794,6.579999923706055,6.599999904632568,6.579999923706055,6.590000152587891,51900
2017-10-13,3.777838945388794,6.579999923706055,6.590000152587891,6.570000171661377,6.590000152587891,33900
2017-10-16,3.7835805416107178,6.590000152587891,6.590000152587891,6.559999942779541,6.570000171661377,64800
2017-10-17,3.777838945388794,6.579999923706055,6.590000152587891,6.570000171661377,6.570000171661377,80300
2017-10-18,3.7835805416107178,6.590000152587891,6.590000152587891,6.550000190734863,6.570000171661377,114200
2017-10-19,3.789321184158325,6.599999904632568,6.610000133514404,6.550000190734863,6.559999942779541,85800
2017-10-20,3.7835805416107178,6.590000152587891,6.590000152587891,6.570000171661377,6.590000152587891,54900
2017-10-23,3.7950634956359863,6.610000133514404,6.610000133514404,6.579999923706055,6.590000152587891,42000
2017-10-24,3.8008041381835938,6.619999885559082,6.619999885559082,6.579999923706055,6.619999885559082,69900
2017-10-25,3.777838945388794,6.579999923706055,6.590000152587891,6.550000190734863,6.590000152587891,32500
2017-10-26,3.772099256515503,6.570000171661377,6.579999923706055,6.559999942779541,6.579999923706055,34500
2017-10-27,3.777838945388794,6.579999923706055,6.579999923706055,6.550000190734863,6.570000171661377,78600
2017-10-30,3.766355037689209,6.559999942779541,6.590000152587891,6.539999961853027,6.579999923706055,73700
2017-10-31,3.766355037689209,6.559999942779541,6.570000171661377,6.539999961853027,6.550000190734863,79400
2017-11-01,3.7548723220825195,6.539999961853027,6.570000171661377,6.53000020980835,6.559999942779541,82500
2017-11-02,3.7376489639282227,6.510000228881836,6.539999961853027,6.5,6.539999961853027,92700
2017-11-03,3.7319085597991943,6.5,6.510000228881836,6.46999979019165,6.510000228881836,143600
2017-11-06,3.71468186378479,6.46999979019165,6.489999771118164,6.449999809265137,6.480000019073486,112300
2017-11-07,3.726165294647217,6.489999771118164,6.489999771118164,6.460000038146973,6.460000038146973,104300
2017-11-08,3.71468186378479,6.46999979019165,6.5,6.460000038146973,6.5,84300
2017-11-09,3.7089414596557617,6.460000038146973,6.46999979019165,6.420000076293945,6.449999809265137,131000
2017-11-10,3.697978973388672,6.409999847412109,6.429999828338623,6.389999866485596,6.420000076293945,85400
2017-11-13,3.6806752681732178,6.380000114440918,6.389999866485596,6.340000152587891,6.369999885559082,85400
2017-11-14,3.6633660793304443,6.349999904632568,6.369999885559082,6.329999923706055,6.349999904632568,79200
2017-11-15,3.6749045848846436,6.369999885559082,6.389999866485596,6.309999942779541,6.309999942779541,137100
2017-11-16,3.7152891159057617,6.440000057220459,6.449999809265137,6.389999866485596,6.389999866485596,84600
2017-11-17,3.709519863128662,6.429999828338623,6.449999809265137,6.409999847412109,6.429999828338623,68300
2017-11-20,3.697978973388672,6.409999847412109,6.429999828338623,6.400000095367432,6.420000076293945,137600
2017-11-21,3.709519863128662,6.429999828338623,6.429999828338623,6.400000095367432,6.420000076293945,97700
2017-11-22,3.709519863128662,6.429999828338623,6.449999809265137,6.420000076293945,6.429999828338623,235700
2017-11-24,3.7383651733398438,6.480000019073486,6.480000019073486,6.449999809265137,6.460000038146973,25000
2017-11-27,3.7210566997528076,6.449999809265137,6.480000019073486,6.440000057220459,6.480000019073486,36900
2017-11-28,3.709519863128662,6.429999828338623,6.460000038146973,6.429999828338623,6.440000057220459,52300
2017-11-29,3.7037506103515625,6.420000076293945,6.449999809265137,6.409999847412109,6.420000076293945,62300
2017-11-30,3.7152891159057617,6.440000057220459,6.449999809265137,6.420000076293945,6.420000076293945,173000
2017-12-01,3.7152891159057617,6.440000057220459,6.440000057220459,6.420000076293945,6.420000076293945,62900
2017-12-04,3.7210566997528076,6.449999809265137,6.460000038146973,6.440000057220459,6.440000057220459,48400
2017-12-05,3.7383651733398438,6.480000019073486,6.480000019073486,6.440000057220459,6.440000057220459,51600
2017-12-06,3.744133234024048,6.489999771118164,6.510000228881836,6.449999809265137,6.449999809265137,127800
2017-12-07,3.744133234024048,6.489999771118164,6.519999980926514,6.480000019073486,6.480000019073486,92000
2017-12-08,3.755727529525757,6.480000019073486,6.5,6.460000038146973,6.460000038146973,64800
2017-12-11,3.761521100997925,6.489999771118164,6.5,6.460000038146973,6.46999979019165,61600
2017-12-12,3.7499279975891113,6.46999979019165,6.5,6.460000038146973,6.5,81900
2017-12-13,3.7383368015289307,6.449999809265137,6.480000019073486,6.440000057220459,6.460000038146973,69300
2017-12-14,3.7325429916381836,6.440000057220459,6.460000038146973,6.420000076293945,6.440000057220459,85600
2017-12-15,3.720951557159424,6.420000076293945,6.440000057220459,6.420000076293945,6.429999828338623,118600
2017-12-18,3.720951557159424,6.420000076293945,6.440000057220459,6.420000076293945,6.420000076293945,162900
2017-12-19,3.7383368015289307,6.449999809265137,6.449999809265137,6.420000076293945,6.429999828338623,111900
2017-12-20,3.7499279975891113,6.46999979019165,6.46999979019165,6.420000076293945,6.429999828338623,171300
2017-12-21,3.7383368015289307,6.449999809265137,6.46999979019165,6.429999828338623,6.449999809265137,85000
2017-12-22,3.7673163414001465,6.5,6.5,6.440000057220459,6.440000057220459,151700
2017-12-26,3.784705400466919,6.53000020980835,6.53000020980835,6.46999979019165,6.489999771118164,73100
2017-12-27,3.796351194381714,6.519999980926514,6.559999942779541,6.46999979019165,6.489999771118164,220800
2017-12-28,3.8079946041107178,6.539999961853027,6.570000171661377,6.510000228881836,6.510000228881836,250800
2017-12-29,3.796351194381714,6.519999980926514,6.53000020980835,6.480000019073486,6.53000020980835,104200
2018-01-02,3.7905282974243164,6.510000228881836,6.519999980926514,6.480000019073486,6.510000228881836,64500
2018-01-03,3.7905282974243164,6.510000228881836,6.550000190734863,6.5,6.5,69500
2018-01-04,3.784705877304077,6.5,6.550000190734863,6.489999771118164,6.510000228881836,47100
2018-01-05,3.7905282974243164,6.510000228881836,6.510000228881836,6.489999771118164,6.5,63100
2018-01-08,3.7905282974243164,6.510000228881836,6.53000020980835,6.489999771118164,6.489999771118164,86700
2018-01-09,3.773059844970703,6.480000019073486,6.510000228881836,6.46999979019165,6.5,48100
2018-01-10,3.7614147663116455,6.460000038146973,6.46999979019165,6.429999828338623,6.429999828338623,72300
2018-01-11,3.773059844970703,6.480000019073486,6.489999771118164,6.460000038146973,6.480000019073486,59100
2018-01-12,3.7788825035095215,6.489999771118164,6.5,6.449999809265137,6.46999979019165,74900
2018-01-16,3.784705877304077,6.5,6.519999980926514,6.480000019073486,6.480000019073486,90000
2018-01-17,3.784705877304077,6.5,6.519999980926514,6.480000019073486,6.489999771118164,114100
2018-01-18,3.767237424850464,6.46999979019165,6.510000228881836,6.440000057220459,6.489999771118164,103600
2018-01-19,3.767237424850464,6.46999979019165,6.46999979019165,6.420000076293945,6.440000057220459,187400
2018-01-22,3.813816785812378,6.550000190734863,6.550000190734863,6.46999979019165,6.5,236400
2018-01-23,3.819638967514038,6.559999942779541,6.579999923706055,6.510000228881836,6.510000228881836,129200
2018-01-24,3.8254618644714355,6.570000171661377,6.599999904632568,6.570000171661377,6.579999923706055,111000
2018-01-25,3.842930316925049,6.599999904632568,6.599999904632568,6.559999942779541,6.559999942779541,138800
2018-01-26,3.854576587677002,6.619999885559082,6.619999885559082,6.579999923706055,6.590000152587891,155500
2018-01-29,3.8254618644714355,6.570000171661377,6.619999885559082,6.559999942779541,6.599999904632568,83600
2018-01-30,3.796351194381714,6.519999980926514,6.579999923706055,6.519999980926514,6.539999961853027,82900
2018-01-31,3.784705877304077,6.5,6.550000190734863,6.5,6.539999961853027,95400
2018-02-01,3.784705877304077,6.5,6.53000020980835,6.480000019073486,6.5,114300
2018-02-02,3.8021719455718994,6.53000020980835,6.53000020980835,6.480000019073486,6.5,191800
2018-02-05,3.749767541885376,6.440000057220459,6.539999961853027,6.440000057220459,6.510000228881836,97600
2018-02-06,3.7555925846099854,6.449999809265137,6.46999979019165,6.380000114440918,6.400000095367432,214400
2018-02-07,3.767237424850464,6.46999979019165,6.5,6.440000057220459,6.449999809265137,161500
2018-02-08,3.7439467906951904,6.429999828338623,6.519999980926514,6.420000076293945,6.480000019073486,150200
2018-02-09,3.7562334537506104,6.420000076293945,6.440000057220459,6.369999885559082,6.400000095367432,177000
2018-02-12,3.7737843990325928,6.449999809265137,6.46999979019165,6.389999866485596,6.429999828338623,102900
2018-02-13,3.7737843990325928,6.449999809265137,6.46999979019165,6.420000076293945,6.420000076293945,168200
2018-02-14,3.797189712524414,6.489999771118164,6.489999771118164,6.449999809265137,6.449999809265137,86500
2018-02-15,3.8030402660369873,6.5,6.5,6.480000019073486,6.5,45400
2018-02-16,3.8088908195495605,6.510000228881836,6.510000228881836,6.489999771118164,6.5,29100
2018-02-20,3.7854883670806885,6.46999979019165,6.5,6.46999979019165,6.5,38400
2018-02-21,3.8030402660369873,6.5,6.5,6.480000019073486,6.489999771118164,48500
2018-02-22,3.797189712524414,6.489999771118164,6.5,6.480000019073486,6.489999771118164,61000
2018-02-23,3.797189712524414,6.489999771118164,6.53000020980835,6.480000019073486,6.510000228881836,71600
2018-02-26,3.797189712524414,6.489999771118164,6.53000020980835,6.489999771118164,6.510000228881836,125200
2018-02-27,3.7913386821746826,6.480000019073486,6.519999980926514,6.46999979019165,6.5,148800
2018-02-28,3.8088908195495605,6.510000228881836,6.519999980926514,6.489999771118164,6.5,104800
2018-03-01,3.8147411346435547,6.519999980926514,6.53000020980835,6.5,6.510000228881836,80700
2018-03-02,3.8381447792053223,6.559999942779541,6.559999942779541,6.489999771118164,6.519999980926514,183500
2018-03-05,3.832293748855591,6.550000190734863,6.559999942779541,6.519999980926514,6.550000190734863,91200
2018-03-06,3.832293748855591,6.550000190734863,6.579999923706055,6.539999961853027,6.539999961853027,93400
2018-03-07,3.8205926418304443,6.53000020980835,6.570000171661377,6.519999980926514,6.519999980926514,124400
2018-03-08,3.826443672180176,6.539999961853027,6.579999923706055,6.53000020980835,6.539999961853027,66200
2018-03-09,3.8623039722442627,6.570000171661377,6.599999904632568,6.53000020980835,6.539999961853027,138100
2018-03-12,3.85642409324646,6.559999942779541,6.599999904632568,6.53000020980835,6.599999904632568,57000
2018-03-13,3.8387882709503174,6.53000020980835,6.579999923706055,6.53000020980835,6.570000171661377,74900
2018-03-14,3.8681821823120117,6.579999923706055,6.579999923706055,6.53000020980835,6.53000020980835,88600
2018-03-15,3.8623039722442627,6.570000171661377,6.590000152587891,6.559999942779541,6.579999923706055,44200
2018-03-16,3.874060869216919,6.590000152587891,6.610000133514404,6.559999942779541,6.559999942779541,97600
2018-03-19,3.8505446910858154,6.550000190734863,6.590000152587891,6.550000190734863,6.590000152587891,97900
2018-03-20,3.8387882709503174,6.53000020980835,6.570000171661377,6.53000020980835,6.550000190734863,61600
2018-03-21,3.8505446910858154,6.550000190734863,6.550000190734863,6.519999980926514,6.53000020980835,60900
2018-03-22,3.8329098224639893,6.519999980926514,6.550000190734863,6.510000228881836,6.519999980926514,85300
2018-03-23,3.85642409324646,6.559999942779541,6.570000171661377,6.519999980926514,6.519999980926514,106600
2018-03-26,3.944605827331543,6.710000038146973,6.710000038146973,6.579999923706055,6.630000114440918,604900
2018-03-27,3.9681196212768555,6.75,6.789999961853027,6.650000095367432,6.710000038146973,423400
2018-03-28,3.997513771057129,6.800000190734863,6.800000190734863,6.730000019073486,6.739999771118164,254300
2018-03-29,4.003392696380615,6.809999942779541,6.820000171661377,6.769999980926514,6.800000190734863,352300
2018-04-02,3.9681196212768555,6.75,6.829999923706055,6.75,6.800000190734863,147300
2018-04-03,4.015149116516113,6.829999923706055,6.840000152587891,6.739999771118164,6.829999923706055,185400
2018-04-04,4.003392696380615,6.809999942779541,6.869999885559082,6.800000190734863,6.800000190734863,172300
2018-04-05,4.0210280418396,6.840000152587891,6.860000133514404,6.739999771118164,6.820000171661377,181500
2018-04-06,3.997513771057129,6.800000190734863,6.869999885559082,6.760000228881836,6.869999885559082,87600
2018-04-09,4.009270191192627,6.820000171661377,6.829999923706055,6.789999961853027,6.809999942779541,93500
2018-04-10,4.015149116516113,6.829999923706055,6.860000133514404,6.820000171661377,6.840000152587891,127900
2018-04-11,4.009834289550781,6.789999961853027,6.829999923706055,6.78000020980835,6.809999942779541,74800
2018-04-12,3.99802303314209,6.769999980926514,6.800000190734863,6.769999980926514,6.800000190734863,114600
2018-04-13,3.9921176433563232,6.760000228881836,6.789999961853027,6.760000228881836,6.789999961853027,57100
2018-04-16,4.009834289550781,6.789999961853027,6.809999942779541,6.760000228881836,6.760000228881836,81600
2018-04-17,4.015740871429443,6.800000190734863,6.820000171661377,6.78000020980835,6.809999942779541,112000
2018-04-18,4.015740871429443,6.800000190734863,6.809999942779541,6.78000020980835,6.809999942779541,53200
2018-04-19,3.9862139225006104,6.75,6.809999942779541,6.75,6.789999961853027,138400
2018-04-20,4.003929138183594,6.78000020980835,6.78000020980835,6.75,6.75,74300
2018-04-23,3.9921176433563232,6.760000228881836,6.789999961853027,6.760000228881836,6.760000228881836,62800
2018-04-24,3.9566845893859863,6.699999809265137,6.800000190734863,6.699999809265137,6.760000228881836,343900
2018-04-25,3.9625906944274902,6.710000038146973,6.71999979019165,6.699999809265137,6.699999809265137,128200
2018-04-26,4.003929138183594,6.78000020980835,6.78000020980835,6.710000038146973,6.730000019073486,114200
2018-04-27,4.003929138183594,6.78000020980835,6.789999961853027,6.75,6.760000228881836,80200
2018-04-30,3.9744021892547607,6.730000019073486,6.769999980926514,6.710000038146973,6.769999980926514,78400
2018-05-01,4.015740871429443,6.800000190734863,6.800000190734863,6.730000019073486,6.730000019073486,99100
2018-05-02,3.9744021892547607,6.730000019073486,6.789999961853027,6.710000038146973,6.789999961853027,110000
2018-05-03,3.9566845893859863,6.699999809265137,6.739999771118164,6.679999828338623,6.730000019073486,160100
2018-05-04,3.933063507080078,6.659999847412109,6.699999809265137,6.659999847412109,6.679999828338623,149300
2018-05-07,3.933063507080078,6.659999847412109,6.670000076293945,6.639999866485596,6.659999847412109,83900
2018-05-08,3.927156448364258,6.650000095367432,6.699999809265137,6.639999866485596,6.650000095367432,107000
2018-05-09,3.9094414710998535,6.619999885559082,6.670000076293945,6.619999885559082,6.650000095367432,244100
2018-05-10,3.915966510772705,6.599999904632568,6.639999866485596,6.570000171661377,6.610000133514404,176100
2018-05-11,3.9100341796875,6.590000152587891,6.619999885559082,6.550000190734863,6.619999885559082,151800
2018-05-14,3.9041013717651367,6.579999923706055,6.619999885559082,6.539999961853027,6.599999904632568,249400
2018-05-15,3.9100341796875,6.590000152587891,6.590000152587891,6.539999961853027,6.579999923706055,125600
2018-05-16,3.915966510772705,6.599999904632568,6.610000133514404,6.570000171661377,6.599999904632568,137900
2018-05-17,3.9100341796875,6.590000152587891,6.619999885559082,6.559999942779541,6.619999885559082,133900
2018-05-18,3.898167371749878,6.570000171661377,6.590000152587891,6.53000020980835,6.590000152587891,139800
2018-05-21,3.9100341796875,6.590000152587891,6.599999904632568,6.570000171661377,6.579999923706055,103700
2018-05-22,3.915966510772705,6.599999904632568,6.610000133514404,6.579999923706055,6.610000133514404,83500
2018-05-23,3.915966510772705,6.599999904632568,6.599999904632568,6.559999942779541,6.599999904632568,110000
2018-05-24,3.9041013717651367,6.579999923706055,6.590000152587891,6.559999942779541,6.590000152587891,146200
2018-05-25,3.9041013717651367,6.579999923706055,6.590000152587891,6.550000190734863,6.570000171661377,103500
2018-05-29,3.880368709564209,6.539999961853027,6.579999923706055,6.53000020980835,6.550000190734863,117500
2018-05-30,3.9100341796875,6.590000152587891,6.590000152587891,6.550000190734863,6.559999942779541,98000
2018-05-31,3.9100341796875,6.590000152587891,6.599999904632568,6.579999923706055,6.599999904632568,71600
2018-06-01,3.9100341796875,6.590000152587891,6.590000152587891,6.579999923706055,6.590000152587891,61200
2018-06-04,3.9100341796875,6.590000152587891,6.610000133514404,6.559999942779541,6.610000133514404,71200
2018-06-05,3.898167371749878,6.570000171661377,6.599999904632568,6.539999961853027,6.590000152587891,104300
2018-06-06,3.9100341796875,6.590000152587891,6.590000152587891,6.539999961853027,6.559999942779541,71200
2018-06-07,3.8922338485717773,6.559999942779541,6.610000133514404,6.550000190734863,6.599999904632568,82000
2018-06-08,3.8928308486938477,6.53000020980835,6.559999942779541,6.519999980926514,6.550000190734863,68000
2018-06-11,3.8987925052642822,6.539999961853027,6.550000190734863,6.489999771118164,6.550000190734863,165700
2018-06-12,3.886868715286255,6.519999980926514,6.539999961853027,6.5,6.539999961853027,101900
2018-06-13,3.8928308486938477,6.53000020980835,6.539999961853027,6.489999771118164,6.539999961853027,115000
2018-06-14,3.886868715286255,6.519999980926514,6.559999942779541,6.489999771118164,6.550000190734863,135100
2018-06-15,3.904752016067505,6.550000190734863,6.559999942779541,6.480000019073486,6.53000020980835,147700
2018-06-18,3.8689839839935303,6.489999771118164,6.53000020980835,6.489999771118164,6.53000020980835,111300
2018-06-19,3.8749468326568604,6.5,6.519999980926514,6.489999771118164,6.510000228881836,46600
2018-06-20,3.8928308486938477,6.53000020980835,6.539999961853027,6.489999771118164,6.489999771118164,80100
2018-06-21,3.8809077739715576,6.510000228881836,6.539999961853027,6.5,6.539999961853027,87200
2018-06-22,3.904752016067505,6.550000190734863,6.550000190734863,6.519999980926514,6.53000020980835,75800
2018-06-25,3.8749468326568604,6.5,6.579999923706055,6.480000019073486,6.579999923706055,85000
2018-06-26,3.863023281097412,6.480000019073486,6.519999980926514,6.460000038146973,6.519999980926514,145800
2018-06-27,3.8332157135009766,6.429999828338623,6.489999771118164,6.429999828338623,6.489999771118164,186600
2018-06-28,3.8212924003601074,6.409999847412109,6.440000057220459,6.389999866485596,6.429999828338623,532100
2018-06-29,3.8034095764160156,6.380000114440918,6.420000076293945,6.349999904632568,6.420000076293945,687200
2018-07-02,3.7736010551452637,6.329999923706055,6.369999885559082,6.329999923706055,6.340000152587891,237300
2018-07-03,3.7914867401123047,6.360000133514404,6.380000114440918,6.320000171661377,6.349999904632568,255900
2018-07-05,3.7795612812042236,6.340000152587891,6.389999866485596,6.340000152587891,6.369999885559082,183300
2018-07-06,3.815330743789673,6.400000095367432,6.400000095367432,6.349999904632568,6.369999885559082,255000
2018-07-09,3.815330743789673,6.400000095367432,6.420000076293945,6.380000114440918,6.420000076293945,127300
2018-07-10,3.8034095764160156,6.380000114440918,6.400000095367432,6.380000114440918,6.380000114440918,149500
2018-07-11,3.7926223278045654,6.329999923706055,6.369999885559082,6.320000171661377,6.349999904632568,145000
2018-07-12,3.8105990886688232,6.360000133514404,6.369999885559082,6.329999923706055,6.369999885559082,272900
2018-07-13,3.7866344451904297,6.320000171661377,6.369999885559082,6.320000171661377,6.360000133514404,107500
2018-07-16,3.7866344451904297,6.320000171661377,6.349999904632568,6.300000190734863,6.320000171661377,115300
2018-07-17,3.8165910243988037,6.369999885559082,6.369999885559082,6.320000171661377,6.329999923706055,96200
2018-07-18,3.8046066761016846,6.349999904632568,6.389999866485596,6.349999904632568,6.369999885559082,100000
2018-07-19,3.8165910243988037,6.369999885559082,6.369999885559082,6.340000152587891,6.340000152587891,142900
2018-07-20,3.8046066761016846,6.349999904632568,6.380000114440918,6.329999923706055,6.360000133514404,187100
2018-07-23,3.8046066761016846,6.349999904632568,6.380000114440918,6.329999923706055,6.360000133514404,131100
2018-07-24,3.8165910243988037,6.369999885559082,6.389999866485596,6.349999904632568,6.369999885559082,269000
2018-07-25,3.8165910243988037,6.369999885559082,6.380000114440918,6.360000133514404,6.380000114440918,112000
2018-07-26,3.834564685821533,6.400000095367432,6.400000095367432,6.360000133514404,6.380000114440918,180500
2018-07-27,3.840555429458618,6.409999847412109,6.409999847412109,6.389999866485596,6.400000095367432,107600
2018-07-30,3.8225815296173096,6.380000114440918,6.409999847412109,6.369999885559082,6.409999847412109,82900
2018-07-31,3.834564685821533,6.400000095367432,6.420000076293945,6.389999866485596,6.389999866485596,78700
2018-08-01,3.834564685821533,6.400000095367432,6.429999828338623,6.400000095367432,6.400000095367432,194400
2018-08-02,3.8465471267700195,6.420000076293945,6.429999828338623,6.400000095367432,6.400000095367432,113400
2018-08-03,3.8465471267700195,6.420000076293945,6.440000057220459,6.420000076293945,6.420000076293945,80600
2018-08-06,3.834564685821533,6.400000095367432,6.429999828338623,6.400000095367432,6.409999847412109,72100
2018-08-07,3.8165910243988037,6.369999885559082,6.429999828338623,6.369999885559082,6.400000095367432,120700
2018-08-08,3.834564685821533,6.400000095367432,6.409999847412109,6.380000114440918,6.380000114440918,97400
2018-08-09,3.8465471267700195,6.420000076293945,6.420000076293945,6.389999866485596,6.409999847412109,105900
2018-08-10,3.8591902256011963,6.409999847412109,6.409999847412109,6.369999885559082,6.400000095367432,85600
2018-08-13,3.8712329864501953,6.429999828338623,6.429999828338623,6.389999866485596,6.409999847412109,102300
2018-08-14,3.8712329864501953,6.429999828338623,6.440000057220459,6.409999847412109,6.420000076293945,67700
2018-08-15,3.883272647857666,6.449999809265137,6.460000038146973,6.429999828338623,6.429999828338623,86000
2018-08-16,3.913377285003662,6.5,6.5,6.440000057220459,6.449999809265137,125400
2018-08-17,3.9314379692077637,6.53000020980835,6.53000020980835,6.480000019073486,6.510000228881836,91700
2018-08-20,3.9254167079925537,6.519999980926514,6.53000020980835,6.510000228881836,6.53000020980835,59200
2018-08-21,3.913377285003662,6.5,6.539999961853027,6.5,6.539999961853027,167700
2018-08-22,3.8953144550323486,6.46999979019165,6.519999980926514,6.46999979019165,6.519999980926514,82200
2018-08-23,3.8712329864501953,6.429999828338623,6.46999979019165,6.429999828338623,6.46999979019165,57200
2018-08-24,3.901334285736084,6.480000019073486,6.5,6.440000057220459,6.440000057220459,78600
2018-08-27,3.877253532409668,6.440000057220459,6.489999771118164,6.440000057220459,6.480000019073486,98500
2018-08-28,3.8892931938171387,6.460000038146973,6.46999979019165,6.429999828338623,6.449999809265137,74000
2018-08-29,3.8892931938171387,6.460000038146973,6.489999771118164,6.449999809265137,6.449999809265137,67200
2018-08-30,3.907355785369873,6.489999771118164,6.5,6.449999809265137,6.480000019073486,79700
2018-08-31,3.8953144550323486,6.46999979019165,6.489999771118164,6.460000038146973,6.489999771118164,64600
2018-09-04,3.883272647857666,6.449999809265137,6.480000019073486,6.429999828338623,6.480000019073486,109000
2018-09-05,3.8892931938171387,6.460000038146973,6.46999979019165,6.440000057220459,6.449999809265137,74000
2018-09-06,3.913377285003662,6.5,6.5,6.429999828338623,6.440000057220459,108800
2018-09-07,3.8953144550323486,6.46999979019165,6.5,6.46999979019165,6.489999771118164,52900
2018-09-10,3.9314379692077637,6.53000020980835,6.539999961853027,6.46999979019165,6.480000019073486,183500
2018-09-11,3.91939640045166,6.510000228881836,6.53000020980835,6.489999771118164,6.519999980926514,163800
2018-09-12,3.9254167079925537,6.519999980926514,6.539999961853027,6.510000228881836,6.519999980926514,65100
2018-09-13,3.95021915435791,6.53000020980835,6.53000020980835,6.480000019073486,6.510000228881836,52900
2018-09-14,3.9381215572357178,6.510000228881836,6.53000020980835,6.5,6.53000020980835,38200
2018-09-17,3.9199700355529785,6.480000019073486,6.519999980926514,6.46999979019165,6.519999980926514,88000
2018-09-18,3.913924217224121,6.46999979019165,6.5,6.46999979019165,6.46999979019165,71500
2018-09-19,3.9381215572357178,6.510000228881836,6.519999980926514,6.489999771118164,6.489999771118164,50200
2018-09-20,3.932072162628174,6.5,6.53000020980835,6.480000019073486,6.510000228881836,92500
2018-09-21,3.9199700355529785,6.480000019073486,6.519999980926514,6.480000019073486,6.510000228881836,97700
2018-09-24,3.907874345779419,6.460000038146973,6.510000228881836,6.460000038146973,6.5,100300
2018-09-25,3.907874345779419,6.460000038146973,6.489999771118164,6.449999809265137,6.46999979019165,82300
2018-09-26,3.913924217224121,6.46999979019165,6.480000019073486,6.440000057220459,6.460000038146973,103800
2018-09-27,3.8836758136749268,6.420000076293945,6.460000038146973,6.380000114440918,6.460000038146973,169100
2018-09-28,3.901824712753296,6.449999809265137,6.460000038146973,6.420000076293945,6.449999809265137,115600
2018-10-01,3.9199700355529785,6.480000019073486,6.480000019073486,6.449999809265137,6.46999979019165,125300
2018-10-02,3.9199700355529785,6.480000019073486,6.5,6.449999809265137,6.449999809265137,74300
2018-10-03,3.913924217224121,6.46999979019165,6.489999771118164,6.449999809265137,6.480000019073486,70500
2018-10-04,3.901824712753296,6.449999809265137,6.46999979019165,6.449999809265137,6.46999979019165,57600
2018-10-05,3.859478712081909,6.380000114440918,6.449999809265137,6.380000114440918,6.449999809265137,141300
2018-10-08,3.8473808765411377,6.360000133514404,6.400000095367432,6.360000133514404,6.380000114440918,84900
2018-10-09,3.8352818489074707,6.340000152587891,6.380000114440918,6.340000152587891,6.349999904632568,132700
2018-10-10,3.805494546890259,6.260000228881836,6.329999923706055,6.260000228881836,6.309999942779541,162100
2018-10-11,3.799414873123169,6.25,6.300000190734863,6.239999771118164,6.260000228881836,315400
2018-10-12,3.805494546890259,6.260000228881836,6.300000190734863,6.260000228881836,6.289999961853027,165900
2018-10-15,3.8237314224243164,6.289999961853027,6.309999942779541,6.239999771118164,6.260000228881836,138000
2018-10-16,3.8845221996307373,6.389999866485596,6.400000095367432,6.300000190734863,6.309999942779541,149900
2018-10-17,3.86020565032959,6.349999904632568,6.400000095367432,6.329999923706055,6.400000095367432,69700
2018-10-18,3.8419697284698486,6.320000171661377,6.369999885559082,6.300000190734863,6.329999923706055,115500
2018-10-19,3.8237314224243164,6.289999961853027,6.320000171661377,6.269999980926514,6.320000171661377,135700
2018-10-22,3.8237314224243164,6.289999961853027,6.309999942779541,6.269999980926514,6.300000190734863,137300
2018-10-23,3.8480491638183594,6.329999923706055,6.340000152587891,6.260000228881836,6.28000020980835,117200
2018-10-24,3.8298122882843018,6.300000190734863,6.340000152587891,6.28000020980835,6.340000152587891,111200
2018-10-25,3.8298122882843018,6.300000190734863,6.320000171661377,6.28000020980835,6.309999942779541,110000
2018-10-26,3.8237314224243164,6.289999961853027,6.289999961853027,6.25,6.289999961853027,84900
2018-10-29,3.7811784744262695,6.21999979019165,6.309999942779541,6.090000152587891,6.300000190734863,630800
2018-10-30,3.7629408836364746,6.190000057220459,6.21999979019165,6.190000057220459,6.21999979019165,181400
2018-10-31,3.7811784744262695,6.21999979019165,6.230000019073486,6.170000076293945,6.199999809265137,186100
2018-11-01,3.811572313308716,6.269999980926514,6.269999980926514,6.199999809265137,6.199999809265137,81400
2018-11-02,3.8237314224243164,6.289999961853027,6.300000190734863,6.230000019073486,6.25,134900
2018-11-05,3.8237314224243164,6.289999961853027,6.300000190734863,6.25,6.289999961853027,83900
2018-11-06,3.817652940750122,6.28000020980835,6.300000190734863,6.239999771118164,6.260000228881836,71200
2018-11-07,3.86020565032959,6.349999904632568,6.349999904632568,6.289999961853027,6.289999961853027,103100
2018-11-08,3.86142897605896,6.320000171661377,6.340000152587891,6.289999961853027,6.300000190734863,74600
2018-11-09,3.8430981636047363,6.289999961853027,6.309999942779541,6.28000020980835,6.289999961853027,69700
2018-11-12,3.8247687816619873,6.260000228881836,6.329999923706055,6.260000228881836,6.309999942779541,139500
2018-11-13,3.8247687816619873,6.260000228881836,6.320000171661377,6.260000228881836,6.289999961853027,100200
2018-11-14,3.8186585903167725,6.25,6.289999961853027,6.239999771118164,6.289999961853027,70600
2018-11-15,3.8553194999694824,6.309999942779541,6.309999942779541,6.25,6.260000228881836,235200
2018-11-16,3.794219732284546,6.210000038146973,6.300000190734863,6.210000038146973,6.300000190734863,136200
2018-11-19,3.7636706829071045,6.159999847412109,6.210000038146973,6.159999847412109,6.210000038146973,226700
2018-11-20,3.745340347290039,6.130000114440918,6.170000076293945,6.119999885559082,6.159999847412109,285800
2018-11-21,3.7392289638519287,6.119999885559082,6.150000095367432,6.110000133514404,6.150000095367432,165700
2018-11-23,3.745340347290039,6.130000114440918,6.139999866485596,6.090000152587891,6.119999885559082,44000
2018-11-26,3.7514514923095703,6.139999866485596,6.170000076293945,6.139999866485596,6.159999847412109,97400
2018-11-27,3.7392289638519287,6.119999885559082,6.150000095367432,6.110000133514404,6.150000095367432,226700
2018-11-28,3.733121633529663,6.110000133514404,6.159999847412109,6.090000152587891,6.119999885559082,263500
2018-11-29,3.7392289638519287,6.119999885559082,6.130000114440918,6.090000152587891,6.110000133514404,192500
2018-11-30,3.745340347290039,6.130000114440918,6.130000114440918,6.079999923706055,6.119999885559082,246200
2018-12-03,3.7758898735046387,6.179999828338623,6.179999828338623,6.139999866485596,6.159999847412109,302800
2018-12-04,3.7697787284851074,6.170000076293945,6.179999828338623,6.139999866485596,6.170000076293945,261300
2018-12-06,3.7514514923095703,6.139999866485596,6.139999866485596,6.050000190734863,6.110000133514404,532200
2018-12-07,3.7147908210754395,6.079999923706055,6.159999847412109,6.079999923706055,6.139999866485596,242100
2018-12-10,3.745340347290039,6.130000114440918,6.130000114440918,6.079999923706055,6.099999904632568,327400
2018-12-11,3.7514514923095703,6.139999866485596,6.150000095367432,6.119999885559082,6.139999866485596,217700
2018-12-12,3.746537685394287,6.099999904632568,6.139999866485596,6.099999904632568,6.119999885559082,104100
2018-12-13,3.728111982345581,6.070000171661377,6.110000133514404,6.059999942779541,6.110000133514404,111100
2018-12-14,3.703544855117798,6.03000020980835,6.079999923706055,6.019999980926514,6.059999942779541,307000
2018-12-17,3.6237008571624756,5.900000095367432,6.03000020980835,5.860000133514404,6.03000020980835,282200
2018-12-18,3.580707550048828,5.829999923706055,5.909999847412109,5.75,5.909999847412109,273800
2018-12-19,3.5499980449676514,5.78000020980835,5.829999923706055,5.78000020980835,5.800000190734863,203200
2018-12-20,3.494720220565796,5.690000057220459,5.800000190734863,5.679999828338623,5.789999961853027,456000
2018-12-21,3.5192880630493164,5.730000019073486,5.739999771118164,5.670000076293945,5.699999809265137,264000
2018-12-24,3.5561399459838867,5.789999961853027,5.820000171661377,5.699999809265137,5.739999771118164,175300
2018-12-26,3.6237008571624756,5.900000095367432,5.900000095367432,5.769999980926514,5.769999980926514,305800
2018-12-27,3.6064095497131348,5.840000152587891,5.880000114440918,5.809999942779541,5.829999923706055,370300
2018-12-28,3.6805129051208496,5.960000038146973,5.960000038146973,5.849999904632568,5.869999885559082,354100
2018-12-31,3.7052130699157715,6.0,6.019999980926514,5.920000076293945,5.949999809265137,593600
2019-01-02,3.7052130699157715,6.0,6.010000228881836,5.940000057220459,5.949999809265137,107100
2019-01-03,3.6558122634887695,5.920000076293945,6.010000228881836,5.840000152587891,5.989999771118164,389000
2019-01-04,3.729914665222168,6.039999961853027,6.070000171661377,5.960000038146973,5.96999979019165,203900
2019-01-07,3.785494804382324,6.130000114440918,6.139999866485596,6.059999942779541,6.059999942779541,129700
2019-01-08,3.810195207595825,6.170000076293945,6.179999828338623,6.130000114440918,6.150000095367432,113900
2019-01-09,3.7916696071624756,6.139999866485596,6.170000076293945,6.139999866485596,6.159999847412109,27400
2019-01-10,3.7793197631835938,6.119999885559082,6.139999866485596,6.090000152587891,6.139999866485596,173400
2019-01-11,3.7669684886932373,6.099999904632568,6.119999885559082,6.039999961853027,6.119999885559082,232500
2019-01-14,3.7607932090759277,6.090000152587891,6.099999904632568,6.050000190734863,6.090000152587891,107100
2019-01-15,3.7731432914733887,6.110000133514404,6.119999885559082,6.090000152587891,6.099999904632568,75100
2019-01-16,3.785494804382324,6.130000114440918,6.150000095367432,6.110000133514404,6.119999885559082,68000
2019-01-17,3.7731432914733887,6.110000133514404,6.150000095367432,6.070000171661377,6.130000114440918,128800
2019-01-18,3.754617929458618,6.079999923706055,6.119999885559082,6.070000171661377,6.119999885559082,145900
2019-01-22,3.7422678470611572,6.059999942779541,6.090000152587891,6.039999961853027,6.079999923706055,105700
2019-01-23,3.717564821243286,6.019999980926514,6.070000171661377,6.019999980926514,6.059999942779541,248400
2019-01-24,3.717564821243286,6.019999980926514,6.050000190734863,6.0,6.039999961853027,199900
2019-01-25,3.729914665222168,6.039999961853027,6.059999942779541,6.019999980926514,6.03000020980835,112600
2019-01-28,3.7422678470611572,6.059999942779541,6.059999942779541,6.019999980926514,6.03000020980835,62200
2019-01-29,3.729914665222168,6.039999961853027,6.070000171661377,6.010000228881836,6.070000171661377,88000
2019-01-30,3.7422678470611572,6.059999942779541,6.079999923706055,6.039999961853027,6.059999942779541,168400
2019-01-31,3.7607932090759277,6.090000152587891,6.099999904632568,6.059999942779541,6.079999923706055,173400
2019-02-01,3.7793197631835938,6.119999885559082,6.130000114440918,6.079999923706055,6.099999904632568,129200
2019-02-04,3.7669684886932373,6.099999904632568,6.130000114440918,6.070000171661377,6.130000114440918,186200
2019-02-05,3.754617929458618,6.079999923706055,6.099999904632568,6.050000190734863,6.099999904632568,126500
2019-02-06,3.7422678470611572,6.059999942779541,6.090000152587891,6.039999961853027,6.079999923706055,237200
2019-02-07,3.736091375350952,6.050000190734863,6.099999904632568,6.039999961853027,6.059999942779541,197200
2019-02-08,3.731126070022583,6.010000228881836,6.03000020980835,6.0,6.010000228881836,110700
2019-02-11,3.749748468399048,6.039999961853027,6.039999961853027,6.010000228881836,6.03000020980835,192900
2019-02-12,3.755958080291748,6.050000190734863,6.079999923706055,6.039999961853027,6.059999942779541,107900
2019-02-13,3.755958080291748,6.050000190734863,6.059999942779541,6.03000020980835,6.059999942779541,181800
2019-02-14,3.76837420463562,6.070000171661377,6.070000171661377,6.039999961853027,6.059999942779541,288500
2019-02-15,3.786998987197876,6.099999904632568,6.099999904632568,6.079999923706055,6.079999923706055,93100
2019-02-19,3.786998987197876,6.099999904632568,6.110000133514404,6.090000152587891,6.099999904632568,118000
2019-02-20,3.799414873123169,6.119999885559082,6.150000095367432,6.090000152587891,6.110000133514404,189900
2019-02-21,3.8180394172668457,6.150000095367432,6.150000095367432,6.110000133514404,6.119999885559082,158400
2019-02-22,3.917370319366455,6.309999942779541,6.309999942779541,6.159999847412109,6.159999847412109,343300
2019-02-25,3.904954671859741,6.289999961853027,6.300000190734863,6.239999771118164,6.300000190734863,157200
2019-02-26,3.898747205734253,6.28000020980835,6.28000020980835,6.21999979019165,6.260000228881836,163000
2019-02-27,3.8552892208099365,6.210000038146973,6.239999771118164,6.199999809265137,6.230000019073486,86400
2019-02-28,3.8739147186279297,6.239999771118164,6.239999771118164,6.199999809265137,6.210000038146973,92500
2019-03-01,3.867703676223755,6.230000019073486,6.25,6.199999809265137,6.25,114600
2019-03-04,3.867703676223755,6.230000019073486,6.25,6.210000038146973,6.239999771118164,70300
2019-03-05,3.8739147186279297,6.239999771118164,6.239999771118164,6.210000038146973,6.239999771118164,43700
2019-03-06,3.8739147186279297,6.239999771118164,6.25,6.21999979019165,6.230000019073486,44100
2019-03-07,3.886331081390381,6.260000228881836,6.269999980926514,6.239999771118164,6.239999771118164,161200
2019-03-08,3.875720739364624,6.210000038146973,6.230000019073486,6.179999828338623,6.210000038146973,38100
2019-03-11,3.8694779872894287,6.199999809265137,6.230000019073486,6.199999809265137,6.199999809265137,70200
2019-03-12,3.875720739364624,6.210000038146973,6.230000019073486,6.190000057220459,6.230000019073486,88700
2019-03-13,3.8694779872894287,6.199999809265137,6.239999771118164,6.170000076293945,6.199999809265137,93800
2019-03-14,3.8694779872894287,6.199999809265137,6.230000019073486,6.190000057220459,6.230000019073486,44500
2019-03-15,3.8694779872894287,6.199999809265137,6.21999979019165,6.190000057220459,6.210000038146973,59600
2019-03-18,3.881960868835449,6.21999979019165,6.21999979019165,6.170000076293945,6.21999979019165,111700
2019-03-19,3.881960868835449,6.21999979019165,6.269999980926514,6.21999979019165,6.21999979019165,210100
2019-03-20,3.875720739364624,6.210000038146973,6.25,6.210000038146973,6.239999771118164,92800
2019-03-21,3.8694779872894287,6.199999809265137,6.21999979019165,6.170000076293945,6.199999809265137,79600
2019-03-22,3.8445146083831787,6.159999847412109,6.210000038146973,6.130000114440918,6.210000038146973,95000
2019-03-25,3.8257923126220703,6.130000114440918,6.159999847412109,6.110000133514404,6.150000095367432,55100
2019-03-26,3.8133111000061035,6.110000133514404,6.179999828338623,6.090000152587891,6.159999847412109,108100
2019-03-27,3.8382742404937744,6.150000095367432,6.170000076293945,6.090000152587891,6.099999904632568,212800
2019-03-28,3.8133111000061035,6.110000133514404,6.170000076293945,6.090000152587891,6.139999866485596,249700
2019-03-29,3.8382742404937744,6.150000095367432,6.150000095367432,6.070000171661377,6.110000133514404,743400
2019-04-01,3.850754976272583,6.170000076293945,6.179999828338623,6.059999942779541,6.119999885559082,136500
2019-04-02,3.850754976272583,6.170000076293945,6.179999828338623,6.130000114440918,6.139999866485596,537300
2019-04-03,3.85699725151062,6.179999828338623,6.190000057220459,6.170000076293945,6.170000076293945,56200
2019-04-04,3.881960868835449,6.21999979019165,6.21999979019165,6.170000076293945,6.170000076293945,116400
2019-04-05,3.894444465637207,6.239999771118164,6.260000228881836,6.21999979019165,6.21999979019165,178700
2019-04-08,3.906926393508911,6.260000228881836,6.260000228881836,6.239999771118164,6.239999771118164,97900
2019-04-09,3.906926393508911,6.260000228881836,6.260000228881836,6.239999771118164,6.260000228881836,87900
2019-04-10,3.934535503387451,6.269999980926514,6.269999980926514,6.230000019073486,6.25,243900
2019-04-11,3.9408106803894043,6.28000020980835,6.28000020980835,6.25,6.269999980926514,78900
2019-04-12,3.947086811065674,6.289999961853027,6.309999942779541,6.28000020980835,6.289999961853027,132900
2019-04-15,3.9408106803894043,6.28000020980835,6.289999961853027,6.260000228881836,6.269999980926514,57400
2019-04-16,3.953361749649048,6.300000190734863,6.309999942779541,6.289999961853027,6.289999961853027,74800
2019-04-17,3.953361749649048,6.300000190734863,6.320000171661377,6.300000190734863,6.300000190734863,55900
2019-04-18,3.947086811065674,6.289999961853027,6.320000171661377,6.289999961853027,6.300000190734863,113700
2019-04-22,3.953361749649048,6.300000190734863,6.309999942779541,6.260000228881836,6.300000190734863,138800
2019-04-23,3.965912103652954,6.320000171661377,6.329999923706055,6.300000190734863,6.309999942779541,160500
2019-04-24,3.965912103652954,6.320000171661377,6.349999904632568,6.309999942779541,6.329999923706055,101400
2019-04-25,3.9784622192382812,6.340000152587891,6.349999904632568,6.320000171661377,6.329999923706055,183600
2019-04-26,3.9784622192382812,6.340000152587891,6.360000133514404,6.329999923706055,6.340000152587891,139800
2019-04-29,3.9784622192382812,6.340000152587891,6.360000133514404,6.309999942779541,6.340000152587891,53500
2019-04-30,3.9784622192382812,6.340000152587891,6.360000133514404,6.289999961853027,6.360000133514404,113400
2019-05-01,3.997286796569824,6.369999885559082,6.369999885559082,6.349999904632568,6.349999904632568,139600
2019-05-02,4.003565311431885,6.380000114440918,6.400000095367432,6.369999885559082,6.369999885559082,252300
2019-05-03,4.009838581085205,6.389999866485596,6.389999866485596,6.360000133514404,6.389999866485596,70100
2019-05-06,4.009838581085205,6.389999866485596,6.389999866485596,6.360000133514404,6.360000133514404,55600
2019-05-07,3.9847378730773926,6.349999904632568,6.380000114440918,6.320000171661377,6.380000114440918,138900
2019-05-08,3.965912103652954,6.320000171661377,6.349999904632568,6.300000190734863,6.340000152587891,122800
2019-05-09,3.934535503387451,6.269999980926514,6.309999942779541,6.25,6.309999942779541,62700
2019-05-10,3.937060594558716,6.239999771118164,6.269999980926514,6.21999979019165,6.230000019073486,101800
2019-05-13,3.905512809753418,6.190000057220459,6.239999771118164,6.179999828338623,6.21999979019165,116000
2019-05-14,3.91182279586792,6.199999809265137,6.230000019073486,6.190000057220459,6.190000057220459,117800
2019-05-15,3.9244401454925537,6.21999979019165,6.230000019073486,6.179999828338623,6.210000038146973,91200
2019-05-16,3.9244401454925537,6.21999979019165,6.239999771118164,6.21999979019165,6.21999979019165,66800
2019-05-17,3.9181318283081055,6.210000038146973,6.239999771118164,6.199999809265137,6.21999979019165,46400
2019-05-20,3.91182279586792,6.199999809265137,6.210000038146973,6.179999828338623,6.210000038146973,105600
2019-05-21,3.937060594558716,6.239999771118164,6.239999771118164,6.210000038146973,6.21999979019165,52500
2019-05-22,3.905512809753418,6.190000057220459,6.210000038146973,6.190000057220459,6.210000038146973,65200
2019-05-23,3.8928933143615723,6.170000076293945,6.190000057220459,6.150000095367432,6.179999828338623,69500
2019-05-24,3.905512809753418,6.190000057220459,6.230000019073486,6.159999847412109,6.190000057220459,97800
2019-05-28,3.8928933143615723,6.170000076293945,6.210000038146973,6.170000076293945,6.190000057220459,71000
2019-05-29,3.8613457679748535,6.119999885559082,6.199999809265137,6.110000133514404,6.179999828338623,129700
2019-05-30,3.905512809753418,6.190000057220459,6.190000057220459,6.139999866485596,6.159999847412109,229600
2019-05-31,3.855038642883301,6.110000133514404,6.170000076293945,6.110000133514404,6.170000076293945,135500
2019-06-03,3.8361101150512695,6.079999923706055,6.130000114440918,6.079999923706055,6.110000133514404,107000
2019-06-04,3.8676559925079346,6.130000114440918,6.130000114440918,6.090000152587891,6.119999885559082,87600
2019-06-05,3.873966693878174,6.139999866485596,6.150000095367432,6.119999885559082,6.139999866485596,94200
2019-06-06,3.8802759647369385,6.150000095367432,6.159999847412109,6.130000114440918,6.150000095367432,114400
2019-06-07,3.8928933143615723,6.170000076293945,6.179999828338623,6.159999847412109,6.159999847412109,98400
2019-06-10,3.899202823638916,6.179999828338623,6.190000057220459,6.170000076293945,6.179999828338623,32500
2019-06-11,3.9181318283081055,6.210000038146973,6.239999771118164,6.190000057220459,6.190000057220459,96100
2019-06-12,3.9333581924438477,6.199999809265137,6.21999979019165,6.179999828338623,6.179999828338623,113000
2019-06-13,3.9143245220184326,6.170000076293945,6.210000038146973,6.159999847412109,6.210000038146973,71000
2019-06-14,3.9143245220184326,6.170000076293945,6.190000057220459,6.130000114440918,6.179999828338623,55000
2019-06-17,3.9143245220184326,6.170000076293945,6.190000057220459,6.170000076293945,6.170000076293945,32000
2019-06-18,3.901637554168701,6.150000095367432,6.210000038146973,6.150000095367432,6.170000076293945,91800
2019-06-19,3.882603168487549,6.119999885559082,6.159999847412109,6.099999904632568,6.150000095367432,112500
2019-06-20,3.8699169158935547,6.099999904632568,6.150000095367432,6.099999904632568,6.139999866485596,82600
2019-06-21,3.882603168487549,6.119999885559082,6.119999885559082,6.090000152587891,6.119999885559082,103400
2019-06-24,3.9650774002075195,6.25,6.340000152587891,6.139999866485596,6.139999866485596,1361200
2019-06-25,3.9523892402648926,6.230000019073486,6.25,6.190000057220459,6.25,183900
2019-06-26,3.9587349891662598,6.239999771118164,6.260000228881836,6.199999809265137,6.230000019073486,179800
2019-06-27,3.946045398712158,6.21999979019165,6.239999771118164,6.210000038146973,6.239999771118164,173300
2019-06-28,3.9523892402648926,6.230000019073486,6.230000019073486,6.179999828338623,6.21999979019165,88300
2019-07-01,3.9650774002075195,6.25,6.25,6.230000019073486,6.239999771118164,62400
2019-07-02,3.9523892402648926,6.230000019073486,6.25,6.210000038146973,6.25,92300
2019-07-03,3.9650774002075195,6.25,6.260000228881836,6.239999771118164,6.25,43100
2019-07-05,3.9587349891662598,6.239999771118164,6.28000020980835,6.21999979019165,6.239999771118164,44900
2019-07-08,3.9650774002075195,6.25,6.269999980926514,6.230000019073486,6.239999771118164,96800
2019-07-09,3.9777672290802,6.269999980926514,6.28000020980835,6.260000228881836,6.260000228881836,81500
2019-07-10,4.031346321105957,6.320000171661377,6.320000171661377,6.25,6.260000228881836,175400
2019-07-11,4.018590927124023,6.300000190734863,6.309999942779541,6.289999961853027,6.300000190734863,58000
2019-07-12,4.012211322784424,6.289999961853027,6.300000190734863,6.28000020980835,6.300000190734863,28300
2019-07-15,4.018590927124023,6.300000190734863,6.300000190734863,6.269999980926514,6.300000190734863,80200
2019-07-16,4.018590927124023,6.300000190734863,6.300000190734863,6.289999961853027,6.300000190734863,93500
2019-07-17,3.9994540214538574,6.269999980926514,6.28000020980835,6.269999980926514,6.28000020980835,73800
2019-07-18,3.9930765628814697,6.260000228881836,6.28000020980835,6.25,6.260000228881836,86700
2019-07-19,3.9803192615509033,6.239999771118164,6.269999980926514,6.21999979019165,6.269999980926514,98500
2019-07-22,3.9994540214538574,6.269999980926514,6.300000190734863,6.239999771118164,6.239999771118164,104800
2019-07-23,3.9930765628814697,6.260000228881836,6.300000190734863,6.25,6.269999980926514,159500
2019-07-24,4.012211322784424,6.289999961853027,6.300000190734863,6.269999980926514,6.28000020980835,73800
2019-07-25,3.9994540214538574,6.269999980926514,6.300000190734863,6.260000228881836,6.289999961853027,50100
2019-07-26,4.005832672119141,6.28000020980835,6.289999961853027,6.269999980926514,6.28000020980835,47000
2019-07-29,4.018590927124023,6.300000190734863,6.300000190734863,6.28000020980835,6.300000190734863,117600
2019-07-30,4.005832672119141,6.28000020980835,6.300000190734863,6.239999771118164,6.300000190734863,83900
2019-07-31,4.018590927124023,6.300000190734863,6.300000190734863,6.28000020980835,6.300000190734863,89200
2019-08-01,4.005832672119141,6.28000020980835,6.300000190734863,6.28000020980835,6.300000190734863,58200
2019-08-02,4.012211322784424,6.289999961853027,6.300000190734863,6.260000228881836,6.289999961853027,56100
2019-08-05,3.967559576034546,6.21999979019165,6.269999980926514,6.179999828338623,6.260000228881836,74500
2019-08-06,3.967559576034546,6.21999979019165,6.239999771118164,6.210000038146973,6.230000019073486,27900
2019-08-07,3.986694574356079,6.25,6.25,6.179999828338623,6.21999979019165,73100
2019-08-08,3.986694574356079,6.25,6.28000020980835,6.21999979019165,6.230000019073486,39600
2019-08-09,3.9636070728302,6.179999828338623,6.239999771118164,6.179999828338623,6.21999979019165,69600
2019-08-12,3.9571938514709473,6.170000076293945,6.21999979019165,6.150000095367432,6.210000038146973,53300
2019-08-13,3.9507806301116943,6.159999847412109,6.230000019073486,6.130000114440918,6.210000038146973,87800
2019-08-14,3.9251255989074707,6.119999885559082,6.159999847412109,6.110000133514404,6.139999866485596,106300
2019-08-15,3.9058845043182373,6.090000152587891,6.130000114440918,6.090000152587891,6.110000133514404,47200
2019-08-16,3.9251255989074707,6.119999885559082,6.150000095367432,6.090000152587891,6.110000133514404,77600
2019-08-19,3.9251255989074707,6.119999885559082,6.170000076293945,6.090000152587891,6.170000076293945,103400
2019-08-20,3.9187123775482178,6.110000133514404,6.159999847412109,6.110000133514404,6.119999885559082,58500
2019-08-21,3.9251255989074707,6.119999885559082,6.130000114440918,6.099999904632568,6.110000133514404,144400
2019-08-22,3.9122986793518066,6.099999904632568,6.139999866485596,6.099999904632568,6.119999885559082,68800
2019-08-23,3.9058845043182373,6.090000152587891,6.130000114440918,6.079999923706055,6.099999904632568,61200
2019-08-26,3.886643648147583,6.059999942779541,6.099999904632568,6.059999942779541,6.090000152587891,94400
2019-08-27,3.8802309036254883,6.050000190734863,6.090000152587891,6.039999961853027,6.079999923706055,51100
2019-08-28,3.867403030395508,6.03000020980835,6.079999923706055,6.03000020980835,6.050000190734863,78700
2019-08-29,3.886643648147583,6.059999942779541,6.059999942779541,6.039999961853027,6.050000190734863,73900
2019-08-30,3.886643648147583,6.059999942779541,6.059999942779541,6.03000020980835,6.039999961853027,98300
2019-09-03,3.8802309036254883,6.050000190734863,6.070000171661377,6.03000020980835,6.039999961853027,69000
2019-09-04,3.9058845043182373,6.090000152587891,6.119999885559082,6.039999961853027,6.059999942779541,54800
2019-09-05,3.8994717597961426,6.079999923706055,6.130000114440918,6.050000190734863,6.090000152587891,120100
2019-09-06,3.9122986793518066,6.099999904632568,6.110000133514404,6.070000171661377,6.079999923706055,76300
2019-09-09,3.9122986793518066,6.099999904632568,6.119999885559082,6.090000152587891,6.090000152587891,33600
2019-09-10,3.937953472137451,6.139999866485596,6.139999866485596,6.090000152587891,6.110000133514404,75800
2019-09-11,3.937953472137451,6.139999866485596,6.139999866485596,6.110000133514404,6.119999885559082,61200
2019-09-12,3.941178560256958,6.110000133514404,6.130000114440918,6.079999923706055,6.099999904632568,89400
2019-09-13,3.9347286224365234,6.099999904632568,6.130000114440918,6.099999904632568,6.099999904632568,36900
2019-09-16,3.94762921333313,6.119999885559082,6.130000114440918,6.110000133514404,6.119999885559082,51000
2019-09-17,3.941178560256958,6.110000133514404,6.139999866485596,6.110000133514404,6.130000114440918,65800
2019-09-18,3.941178560256958,6.110000133514404,6.130000114440918,6.090000152587891,6.130000114440918,34700
2019-09-19,3.94762921333313,6.119999885559082,6.119999885559082,6.090000152587891,6.119999885559082,58400
2019-09-20,3.9605302810668945,6.139999866485596,6.150000095367432,6.119999885559082,6.130000114440918,104200
2019-09-23,3.9605302810668945,6.139999866485596,6.170000076293945,6.139999866485596,6.139999866485596,61300
2019-09-24,3.973430871963501,6.159999847412109,6.179999828338623,6.139999866485596,6.159999847412109,87600
2019-09-25,3.973430871963501,6.159999847412109,6.159999847412109,6.130000114440918,6.139999866485596,83800
2019-09-26,3.9605302810668945,6.139999866485596,6.199999809265137,6.130000114440918,6.139999866485596,61900
2019-09-27,3.9540789127349854,6.130000114440918,6.170000076293945,6.110000133514404,6.159999847412109,70600
2019-09-30,3.94762921333313,6.119999885559082,6.150000095367432,6.110000133514404,6.139999866485596,63700
2019-10-01,3.94762921333313,6.119999885559082,6.139999866485596,6.050000190734863,6.119999885559082,96300
2019-10-02,3.94762921333313,6.119999885559082,6.130000114440918,6.059999942779541,6.119999885559082,70800
2019-10-03,3.9282777309417725,6.090000152587891,6.119999885559082,6.079999923706055,6.110000133514404,55900
2019-10-04,3.9282777309417725,6.090000152587891,6.110000133514404,6.070000171661377,6.110000133514404,298200
2019-10-07,3.9282777309417725,6.090000152587891,6.099999904632568,6.070000171661377,6.099999904632568,130100
2019-10-08,3.941178560256958,6.110000133514404,6.110000133514404,6.079999923706055,6.090000152587891,115600
2019-10-09,3.941178560256958,6.110000133514404,6.119999885559082,6.099999904632568,6.110000133514404,49900
2019-10-10,3.9658424854278564,6.110000133514404,6.119999885559082,6.070000171661377,6.070000171661377,149800
2019-10-11,3.9918057918548584,6.150000095367432,6.170000076293945,6.110000133514404,6.110000133514404,165800
2019-10-14,4.0112786293029785,6.179999828338623,6.179999828338623,6.150000095367432,6.150000095367432,144300
2019-10-15,3.9723336696624756,6.119999885559082,6.179999828338623,6.099999904632568,6.150000095367432,139900
2019-10-16,3.97882342338562,6.130000114440918,6.150000095367432,6.119999885559082,6.130000114440918,88000
2019-10-17,4.0112786293029785,6.179999828338623,6.179999828338623,6.139999866485596,6.139999866485596,88400
2019-10-18,3.9982969760894775,6.159999847412109,6.199999809265137,6.150000095367432,6.179999828338623,114400
2019-10-21,4.030751705169678,6.210000038146973,6.210000038146973,6.139999866485596,6.159999847412109,80900
2019-10-22,4.030751705169678,6.210000038146973,6.21999979019165,6.179999828338623,6.199999809265137,63400
2019-10-23,4.030751705169678,6.210000038146973,6.21999979019165,6.199999809265137,6.210000038146973,41100
2019-10-24,4.050222873687744,6.239999771118164,6.239999771118164,6.210000038146973,6.210000038146973,105100
2019-10-25,4.056712627410889,6.25,6.260000228881836,6.230000019073486,6.239999771118164,85200
2019-10-28,4.056712627410889,6.25,6.260000228881836,6.239999771118164,6.25,50400
2019-10-29,4.043731212615967,6.230000019073486,6.25,6.21999979019165,6.25,60300
2019-10-30,4.069694519042969,6.269999980926514,6.269999980926514,6.21999979019165,6.230000019073486,133000
2019-10-31,4.017769813537598,6.190000057220459,6.260000228881836,6.179999828338623,6.239999771118164,100200
2019-11-01,4.0112786293029785,6.179999828338623,6.21999979019165,6.179999828338623,6.199999809265137,71800
2019-11-04,4.056712627410889,6.25,6.25,6.179999828338623,6.190000057220459,142600
2019-11-05,4.037241458892822,6.21999979019165,6.260000228881836,6.210000038146973,6.239999771118164,89700
2019-11-06,4.024260520935059,6.199999809265137,6.239999771118164,6.190000057220459,6.230000019073486,116400
2019-11-07,4.024260520935059,6.199999809265137,6.210000038146973,6.150000095367432,6.199999809265137,204700
2019-11-08,4.04907751083374,6.199999809265137,6.199999809265137,6.130000114440918,6.159999847412109,189000
2019-11-11,4.05560827255249,6.210000038146973,6.210000038146973,6.190000057220459,6.210000038146973,39400
2019-11-12,4.04907751083374,6.199999809265137,6.210000038146973,6.190000057220459,6.190000057220459,48000
2019-11-13,4.081729412078857,6.25,6.25,6.199999809265137,6.199999809265137,41500
2019-11-14,4.081729412078857,6.25,6.25,6.210000038146973,6.21999979019165,94400
2019-11-15,4.088261604309082,6.260000228881836,6.269999980926514,6.21999979019165,6.239999771118164,38500
2019-11-18,4.081729412078857,6.25,6.269999980926514,6.239999771118164,6.260000228881836,43100
2019-11-19,4.101324558258057,6.28000020980835,6.28000020980835,6.239999771118164,6.269999980926514,71900
2019-11-20,4.081729412078857,6.25,6.269999980926514,6.239999771118164,6.269999980926514,26300
2019-11-21,4.04907751083374,6.199999809265137,6.239999771118164,6.199999809265137,6.239999771118164,41500
2019-11-22,4.075199604034424,6.239999771118164,6.239999771118164,6.170000076293945,6.230000019073486,124800
2019-11-25,4.101324558258057,6.28000020980835,6.28000020980835,6.210000038146973,6.25,75400
2019-11-26,4.094791889190674,6.269999980926514,6.28000020980835,6.210000038146973,6.239999771118164,63200
2019-11-27,4.075199604034424,6.239999771118164,6.28000020980835,6.239999771118164,6.260000228881836,37900
2019-11-29,4.075199604034424,6.239999771118164,6.25,6.210000038146973,6.230000019073486,30000
2019-12-02,4.062138557434082,6.21999979019165,6.260000228881836,6.210000038146973,6.25,90400
2019-12-03,4.068668365478516,6.230000019073486,6.25,6.210000038146973,6.210000038146973,85800
2019-12-04,4.068668365478516,6.230000019073486,6.25,6.210000038146973,6.239999771118164,247800
2019-12-05,4.068668365478516,6.230000019073486,6.239999771118164,6.210000038146973,6.230000019073486,237900
2019-12-06,4.062138557434082,6.21999979019165,6.25,6.199999809265137,6.239999771118164,175400
2019-12-09,4.05560827255249,6.210000038146973,6.21999979019165,6.179999828338623,6.210000038146973,264800
2019-12-10,4.05560827255249,6.210000038146973,6.210000038146973,6.190000057220459,6.199999809265137,111900
2019-12-11,4.0871500968933105,6.21999979019165,6.21999979019165,6.179999828338623,6.190000057220459,105000
2019-12-12,4.0871500968933105,6.21999979019165,6.239999771118164,6.199999809265137,6.210000038146973,50700
2019-12-13,4.106861114501953,6.25,6.269999980926514,6.190000057220459,6.199999809265137,117100
2019-12-16,4.080578327178955,6.210000038146973,6.269999980926514,6.199999809265137,6.230000019073486,459100
2019-12-17,4.113432884216309,6.260000228881836,6.269999980926514,6.210000038146973,6.210000038146973,209100
2019-12-18,4.126574993133545,6.28000020980835,6.28000020980835,6.25,6.260000228881836,120400
2019-12-19,4.152857780456543,6.320000171661377,6.320000171661377,6.28000020980835,6.289999961853027,282300
2019-12-20,4.17257022857666,6.349999904632568,6.349999904632568,6.300000190734863,6.300000190734863,95700
2019-12-23,4.17257022857666,6.349999904632568,6.360000133514404,6.349999904632568,6.349999904632568,35200
2019-12-24,4.192284107208252,6.380000114440918,6.380000114440918,6.340000152587891,6.380000114440918,69700
2019-12-26,4.20542573928833,6.400000095367432,6.400000095367432,6.360000133514404,6.380000114440918,76900
2019-12-27,4.217324733734131,6.380000114440918,6.429999828338623,6.369999885559082,6.369999885559082,105500
2019-12-30,4.204104900360107,6.360000133514404,6.389999866485596,6.360000133514404,6.369999885559082,34400
2019-12-31,4.237157344818115,6.409999847412109,6.409999847412109,6.329999923706055,6.349999904632568,67300
2020-01-02,4.237157344818115,6.409999847412109,6.409999847412109,6.389999866485596,6.409999847412109,23800
2020-01-03,4.210714817047119,6.369999885559082,6.380000114440918,6.349999904632568,6.380000114440918,56900
2020-01-06,4.190885066986084,6.340000152587891,6.360000133514404,6.320000171661377,6.349999904632568,96400
2020-01-07,4.217324733734131,6.380000114440918,6.380000114440918,6.309999942779541,6.360000133514404,79700
2020-01-08,4.26359748840332,6.449999809265137,6.460000038146973,6.360000133514404,6.380000114440918,179800
2020-01-09,4.290036678314209,6.489999771118164,6.5,6.460000038146973,6.46999979019165,487700
2020-01-10,4.296647071838379,6.5,6.510000228881836,6.46999979019165,6.5,152300
2020-01-13,4.3230881690979,6.539999961853027,6.550000190734863,6.480000019073486,6.5,242500
2020-01-14,4.309869766235352,6.519999980926514,6.550000190734863,6.510000228881836,6.539999961853027,136800
2020-01-15,4.3230881690979,6.539999961853027,6.579999923706055,6.5,6.510000228881836,228400
2020-01-16,4.336307525634766,6.559999942779541,6.579999923706055,6.519999980926514,6.53000020980835,248400
2020-01-17,4.3230881690979,6.539999961853027,6.570000171661377,6.539999961853027,6.550000190734863,145100
2020-01-21,4.3230881690979,6.539999961853027,6.559999942779541,6.53000020980835,6.550000190734863,137900
2020-01-22,4.336307525634766,6.559999942779541,6.579999923706055,6.53000020980835,6.53000020980835,106700
2020-01-23,4.336307525634766,6.559999942779541,6.610000133514404,6.539999961853027,6.559999942779541,180300
2020-01-24,4.34952974319458,6.579999923706055,6.599999904632568,6.570000171661377,6.579999923706055,126600
2020-01-27,4.303256034851074,6.510000228881836,6.559999942779541,6.5,6.559999942779541,204600
2020-01-28,4.336307525634766,6.559999942779541,6.570000171661377,6.510000228881836,6.519999980926514,84400
2020-01-29,4.342919826507568,6.570000171661377,6.579999923706055,6.550000190734863,6.570000171661377,132600
2020-01-30,4.32969856262207,6.550000190734863,6.559999942779541,6.53000020980835,6.539999961853027,65100
2020-01-31,4.303256034851074,6.510000228881836,6.559999942779541,6.5,6.559999942779541,107400
2020-02-03,4.309869766235352,6.519999980926514,6.519999980926514,6.489999771118164,6.5,173100
2020-02-04,4.290036678314209,6.489999771118164,6.510000228881836,6.46999979019165,6.510000228881836,104200
2020-02-05,4.303256034851074,6.510000228881836,6.519999980926514,6.480000019073486,6.5,109800
2020-02-06,4.296647071838379,6.5,6.519999980926514,6.489999771118164,6.519999980926514,71100
2020-02-07,4.309869766235352,6.519999980926514,6.53000020980835,6.5,6.510000228881836,64800
2020-02-10,4.3230881690979,6.539999961853027,6.570000171661377,6.53000020980835,6.53000020980835,103800
2020-02-11,4.3230881690979,6.539999961853027,6.550000190734863,6.519999980926514,6.550000190734863,81100
2020-02-12,4.3217573165893555,6.5,6.510000228881836,6.489999771118164,6.510000228881836,66300
2020-02-13,4.308462142944336,6.480000019073486,6.5,6.46999979019165,6.489999771118164,66100
2020-02-14,4.3217573165893555,6.5,6.510000228881836,6.480000019073486,6.5,47800
2020-02-18,4.355002403259277,6.550000190734863,6.550000190734863,6.510000228881836,6.510000228881836,84400
2020-02-19,4.348353862762451,6.539999961853027,6.559999942779541,6.53000020980835,6.550000190734863,109100
2020-02-20,4.355002403259277,6.550000190734863,6.559999942779541,6.53000020980835,6.550000190734863,80700
2020-02-21,4.348353862762451,6.539999961853027,6.550000190734863,6.5,6.550000190734863,132200
2020-02-24,4.288514137268066,6.449999809265137,6.489999771118164,6.429999828338623,6.489999771118164,104000
2020-02-25,4.2220258712768555,6.349999904632568,6.489999771118164,6.340000152587891,6.480000019073486,101100
2020-02-26,4.195430755615234,6.309999942779541,6.380000114440918,6.309999942779541,6.349999904632568,141000
2020-02-27,4.108993053436279,6.179999828338623,6.269999980926514,6.139999866485596,6.260000228881836,271900
2020-02-28,4.009263038635254,6.03000020980835,6.110000133514404,6.019999980926514,6.090000152587891,302500
2020-03-02,4.095696926116943,6.159999847412109,6.170000076293945,6.03000020980835,6.050000190734863,217600
2020-03-03,4.142239093780518,6.230000019073486,6.269999980926514,6.159999847412109,6.159999847412109,206300
2020-03-04,4.228673458099365,6.360000133514404,6.369999885559082,6.210000038146973,6.28000020980835,366000
2020-03-05,4.142239093780518,6.230000019073486,6.300000190734863,6.179999828338623,6.300000190734863,251600
2020-03-06,4.102346897125244,6.170000076293945,6.170000076293945,6.059999942779541,6.170000076293945,207600
2020-03-09,3.769902229309082,5.670000076293945,5.929999828338623,5.5,5.929999828338623,361900
2020-03-10,3.7898483276367188,5.699999809265137,5.800000190734863,5.610000133514404,5.78000020980835,180600
2020-03-11,3.6058766841888428,5.389999866485596,5.630000114440918,5.380000114440918,5.610000133514404,209100
2020-03-12,3.3115193843841553,4.949999809265137,5.090000152587891,4.739999771118164,5.059999942779541,442600
2020-03-13,3.418557643890381,5.110000133514404,5.199999809265137,5.019999980926514,5.019999980926514,319700
2020-03-16,3.070681571960449,4.590000152587891,4.840000152587891,4.570000171661377,4.599999904632568,473000
2020-03-17,3.1710290908813477,4.739999771118164,4.769999980926514,4.519999980926514,4.659999847412109,267900
2020-03-18,2.5823166370391846,3.859999895095825,4.5,3.819999933242798,4.5,428500
2020-03-19,2.5890052318573,3.869999885559082,3.940000057220459,3.299999952316284,3.700000047683716,867200
2020-03-20,2.716114044189453,4.059999942779541,4.300000190734863,3.9600000381469727,3.990000009536743,380000
2020-03-23,2.568936586380005,3.8399999141693115,4.010000228881836,3.6600000858306885,4.010000228881836,527100
2020-03-24,2.6492152214050293,3.9600000381469727,4.210000038146973,3.9100000858306885,4.03000020980835,497800
2020-03-25,2.816462993621826,4.210000038146973,4.329999923706055,3.9100000858306885,3.940000057220459,428400
2020-03-26,2.9636423587799072,4.429999828338623,4.519999980926514,4.179999828338623,4.179999828338623,653900
2020-03-27,2.910122871398926,4.349999904632568,4.429999828338623,4.230000019073486,4.269999980926514,368700
2020-03-30,2.9770219326019287,4.449999809265137,4.489999771118164,4.329999923706055,4.380000114440918,601300
2020-03-31,3.0840609073638916,4.610000133514404,4.659999847412109,4.360000133514404,4.449999809265137,1083400
2020-04-01,3.0104730129241943,4.5,4.559999942779541,4.429999828338623,4.510000228881836,176100
2020-04-02,3.050612211227417,4.559999942779541,4.559999942779541,4.440000057220459,4.440000057220459,132400
2020-04-03,2.9970920085906982,4.480000019073486,4.53000020980835,4.46999979019165,4.519999980926514,259200
2020-04-06,3.1509602069854736,4.710000038146973,4.710000038146973,4.559999942779541,4.559999942779541,273400
2020-04-07,3.2111709117889404,4.800000190734863,4.849999904632568,4.769999980926514,4.789999961853027,146700
2020-04-08,3.3048293590545654,4.940000057220459,4.989999771118164,4.809999942779541,4.849999904632568,249500
2020-04-09,3.358675956726074,4.989999771118164,5.25,4.980000019073486,5.03000020980835,395800
2020-04-13,3.3182895183563232,4.929999828338623,5.010000228881836,4.860000133514404,4.96999979019165,273900
2020-04-14,3.3519446849823,4.980000019073486,5.130000114440918,4.940000057220459,5.010000228881836,327600
2020-04-15,3.325021982192993,4.940000057220459,4.96999979019165,4.889999866485596,4.940000057220459,285700
2020-04-16,3.3182895183563232,4.929999828338623,4.980000019073486,4.929999828338623,4.949999809265137,218800
2020-04-17,3.3855996131896973,5.03000020980835,5.039999961853027,4.949999809265137,4.949999809265137,227300
2020-04-20,3.3721365928649902,5.010000228881836,5.070000171661377,5.0,5.03000020980835,288000
2020-04-21,3.325021982192993,4.940000057220459,4.96999979019165,4.860000133514404,4.909999847412109,194700
2020-04-22,3.3519446849823,4.980000019073486,5.010000228881836,4.940000057220459,4.949999809265137,220100
2020-04-23,3.358675956726074,4.989999771118164,5.03000020980835,4.949999809265137,5.0,171400
2020-04-24,3.3721365928649902,5.010000228881836,5.019999980926514,4.980000019073486,4.980000019073486,94200
2020-04-27,3.3654074668884277,5.0,5.019999980926514,4.980000019073486,4.980000019073486,170900
2020-04-28,3.3721365928649902,5.010000228881836,5.010000228881836,4.929999828338623,4.980000019073486,131300
2020-04-29,3.3923301696777344,5.039999961853027,5.070000171661377,4.989999771118164,5.0,101800
2020-04-30,3.3452141284942627,4.96999979019165,5.010000228881836,4.96999979019165,5.0,70200
2020-05-01,3.325021982192993,4.940000057220459,4.980000019073486,4.909999847412109,4.929999828338623,167800
2020-05-04,3.31156063079834,4.920000076293945,4.949999809265137,4.889999866485596,4.929999828338623,115000
2020-05-05,3.325021982192993,4.940000057220459,5.0,4.909999847412109,4.960000038146973,231900
2020-05-06,3.358675956726074,4.989999771118164,5.0,4.949999809265137,4.949999809265137,64100
2020-05-07,3.3654074668884277,5.0,5.070000171661377,4.989999771118164,5.0,277000
2020-05-08,3.416828155517578,5.050000190734863,5.050000190734863,4.980000019073486,5.0,126800
2020-05-11,3.39652943611145,5.019999980926514,5.070000171661377,5.019999980926514,5.03000020980835,436500
2020-05-12,3.39652943611145,5.019999980926514,5.03000020980835,5.0,5.03000020980835,38100
2020-05-13,3.3829989433288574,5.0,5.050000190734863,5.0,5.03000020980835,222900
2020-05-14,3.3829989433288574,5.0,5.019999980926514,4.960000038146973,4.980000019073486,177900
2020-05-15,3.389763593673706,5.010000228881836,5.010000228881836,4.96999979019165,4.980000019073486,227400
2020-05-18,3.4235942363739014,5.059999942779541,5.079999923706055,5.03000020980835,5.070000171661377,232000
2020-05-19,3.4235942363739014,5.059999942779541,5.079999923706055,5.050000190734863,5.059999942779541,330500
2020-05-20,3.4641897678375244,5.119999885559082,5.130000114440918,5.079999923706055,5.079999923706055,93500
2020-05-21,3.4574224948883057,5.110000133514404,5.150000095367432,5.099999904632568,5.110000133514404,153300
2020-05-22,3.484487533569336,5.150000095367432,5.150000095367432,5.110000133514404,5.119999885559082,122800
2020-05-26,3.518317937850952,5.199999809265137,5.199999809265137,5.159999847412109,5.190000057220459,109500
2020-05-27,3.518317937850952,5.199999809265137,5.21999979019165,5.170000076293945,5.199999809265137,293100
2020-05-28,3.5386159420013428,5.230000019073486,5.269999980926514,5.190000057220459,5.190000057220459,115700
2020-05-29,3.5521485805511475,5.25,5.260000228881836,5.230000019073486,5.25,163000
2020-06-01,3.6062750816345215,5.329999923706055,5.329999923706055,5.260000228881836,5.260000228881836,394300
2020-06-02,3.6265742778778076,5.360000133514404,5.369999885559082,5.309999942779541,5.309999942779541,127000
2020-06-03,3.6671690940856934,5.420000076293945,5.440000057220459,5.360000133514404,5.360000133514404,378600
2020-06-04,3.673936605453491,5.429999828338623,5.46999979019165,5.420000076293945,5.420000076293945,207200
2020-06-05,3.7415964603424072,5.53000020980835,5.550000190734863,5.480000019073486,5.5,491400
2020-06-08,3.7483620643615723,5.539999961853027,5.579999923706055,5.539999961853027,5.539999961853027,338800
2020-06-09,3.7686593532562256,5.570000171661377,5.579999923706055,5.5,5.519999980926514,88600
2020-06-10,3.7591428756713867,5.53000020980835,5.599999904632568,5.5,5.579999923706055,136600
2020-06-11,3.6231882572174072,5.329999923706055,5.400000095367432,5.320000171661377,5.340000152587891,204600
2020-06-12,3.657177686691284,5.380000114440918,5.420000076293945,5.360000133514404,5.369999885559082,268700
2020-06-15,3.6503794193267822,5.369999885559082,5.369999885559082,5.289999961853027,5.329999923706055,97500
2020-06-16,3.677570343017578,5.409999847412109,5.449999809265137,5.409999847412109,5.420000076293945,77000
2020-06-17,3.684368371963501,5.420000076293945,5.429999828338623,5.380000114440918,5.409999847412109,75100
2020-06-18,3.7047605514526367,5.449999809265137,5.449999809265137,5.409999847412109,5.420000076293945,82400
2020-06-19,3.697962999343872,5.440000057220459,5.460000038146973,5.440000057220459,5.460000038146973,62200
2020-06-22,3.691164970397949,5.429999828338623,5.429999828338623,5.400000095367432,5.429999828338623,39200
2020-06-23,3.691164970397949,5.429999828338623,5.449999809265137,5.420000076293945,5.440000057220459,80400
2020-06-24,3.6435816287994385,5.360000133514404,5.449999809265137,5.360000133514404,5.420000076293945,218200
2020-06-25,3.6299872398376465,5.340000152587891,5.389999866485596,5.329999923706055,5.349999904632568,44900
2020-06-26,3.609593629837036,5.309999942779541,5.340000152587891,5.289999961853027,5.329999923706055,42700
2020-06-29,3.609593629837036,5.309999942779541,5.329999923706055,5.28000020980835,5.300000190734863,37500
2020-06-30,3.6231882572174072,5.329999923706055,5.340000152587891,5.300000190734863,5.300000190734863,44300
2020-07-01,3.6503794193267822,5.369999885559082,5.389999866485596,5.320000171661377,5.320000171661377,44700
2020-07-02,3.6503794193267822,5.369999885559082,5.400000095367432,5.360000133514404,5.380000114440918,117700
2020-07-06,3.6231882572174072,5.329999923706055,5.380000114440918,5.309999942779541,5.369999885559082,77500
2020-07-07,3.6367838382720947,5.349999904632568,5.389999866485596,5.309999942779541,5.320000171661377,187200
2020-07-08,3.6299872398376465,5.340000152587891,5.349999904632568,5.320000171661377,5.340000152587891,30700
2020-07-09,3.6231882572174072,5.329999923706055,5.340000152587891,5.309999942779541,5.329999923706055,58100
2020-07-10,3.6348042488098145,5.320000171661377,5.340000152587891,5.260000228881836,5.260000228881836,91200
2020-07-13,3.6348042488098145,5.320000171661377,5.329999923706055,5.309999942779541,5.320000171661377,63100
2020-07-14,3.614306688308716,5.289999961853027,5.340000152587891,5.289999961853027,5.289999961853027,89000
2020-07-15,3.662132978439331,5.360000133514404,5.380000114440918,5.300000190734863,5.300000190734863,73000
2020-07-16,3.6416356563568115,5.329999923706055,5.329999923706055,5.300000190734863,5.320000171661377,98700
2020-07-17,3.6211392879486084,5.300000190734863,5.320000171661377,5.300000190734863,5.309999942779541,76700
2020-07-20,3.6689646244049072,5.369999885559082,5.380000114440918,5.309999942779541,5.329999923706055,141600
2020-07-21,3.7099599838256836,5.429999828338623,5.449999809265137,5.349999904632568,5.369999885559082,233700
2020-07-22,3.7236227989196777,5.449999809265137,5.460000038146973,5.369999885559082,5.400000095367432,252600
2020-07-23,3.7236227989196777,5.449999809265137,5.489999771118164,5.420000076293945,5.420000076293945,242200
2020-07-24,3.764617681503296,5.510000228881836,5.510000228881836,5.449999809265137,5.460000038146973,112900
2020-07-27,3.791947364807129,5.550000190734863,5.550000190734863,5.5,5.519999980926514,120500
2020-07-28,3.778282642364502,5.53000020980835,5.559999942779541,5.510000228881836,5.519999980926514,349100
2020-07-29,3.8397717475891113,5.619999885559082,5.619999885559082,5.519999980926514,5.519999980926514,135200
2020-07-30,3.873934745788574,5.670000076293945,5.670000076293945,5.570000171661377,5.570000171661377,448300
2020-07-31,3.8944320678710938,5.699999809265137,5.710000038146973,5.650000095367432,5.650000095367432,63600
2020-08-03,3.9285943508148193,5.75,5.760000228881836,5.71999979019165,5.71999979019165,270600
2020-08-04,3.969588041305542,5.809999942779541,5.829999923706055,5.71999979019165,5.730000019073486,493700
2020-08-05,3.9764199256896973,5.820000171661377,5.880000114440918,5.760000228881836,5.800000190734863,73900
2020-08-06,4.010581016540527,5.869999885559082,5.880000114440918,5.829999923706055,5.849999904632568,126900
2020-08-07,3.996917724609375,5.849999904632568,5.889999866485596,5.849999904632568,5.849999904632568,63600
2020-08-10,4.003749370574951,5.860000133514404,5.869999885559082,5.829999923706055,5.840000152587891,50800
2020-08-11,3.962757110595703,5.800000190734863,5.869999885559082,5.800000190734863,5.860000133514404,70600
2020-08-12,3.9703128337860107,5.78000020980835,5.800000190734863,5.739999771118164,5.769999980926514,438800
2020-08-13,3.977180242538452,5.789999961853027,5.809999942779541,5.760000228881836,5.789999961853027,21600
2020-08-14,3.997788190841675,5.820000171661377,5.829999923706055,5.769999980926514,5.769999980926514,143900
2020-08-17,4.01839542388916,5.849999904632568,5.860000133514404,5.809999942779541,5.809999942779541,155700
2020-08-18,4.011525630950928,5.840000152587891,5.849999904632568,5.820000171661377,5.829999923706055,366400
2020-08-19,4.025264263153076,5.860000133514404,5.880000114440918,5.829999923706055,5.829999923706055,56500
2020-08-20,4.039000988006592,5.880000114440918,5.889999866485596,5.849999904632568,5.869999885559082,90100
2020-08-21,3.997788190841675,5.820000171661377,5.889999866485596,5.800000190734863,5.880000114440918,276700
2020-08-24,4.01839542388916,5.849999904632568,5.869999885559082,5.829999923706055,5.849999904632568,54600
2020-08-25,4.025264263153076,5.860000133514404,5.860000133514404,5.820000171661377,5.829999923706055,73800
2020-08-26,4.025264263153076,5.860000133514404,5.869999885559082,5.840000152587891,5.860000133514404,41400
2020-08-27,4.011525630950928,5.840000152587891,5.860000133514404,5.840000152587891,5.840000152587891,52100
2020-08-28,4.01839542388916,5.849999904632568,5.849999904632568,5.820000171661377,5.849999904632568,54400
2020-08-31,3.997788190841675,5.820000171661377,5.849999904632568,5.820000171661377,5.849999904632568,81500
2020-09-01,4.032133102416992,5.869999885559082,5.889999866485596,5.829999923706055,5.829999923706055,101600
2020-09-02,4.052741050720215,5.900000095367432,5.920000076293945,5.860000133514404,5.860000133514404,99700
2020-09-03,4.032133102416992,5.869999885559082,5.909999847412109,5.869999885559082,5.889999866485596,122000
2020-09-04,4.080218315124512,5.940000057220459,5.949999809265137,5.880000114440918,5.880000114440918,92400
2020-09-08,4.05960750579834,5.909999847412109,5.929999828338623,5.840000152587891,5.880000114440918,141300
2020-09-09,4.107692718505859,5.980000019073486,5.980000019073486,5.909999847412109,5.920000076293945,52100
2020-09-10,4.111147403717041,5.949999809265137,5.949999809265137,5.900000095367432,5.949999809265137,48500
2020-09-11,4.111147403717041,5.949999809265137,5.96999979019165,5.920000076293945,5.940000057220459,54100
2020-09-14,4.145695686340332,6.0,6.010000228881836,5.960000038146973,5.960000038146973,66600
2020-09-15,4.145695686340332,6.0,6.019999980926514,5.989999771118164,6.019999980926514,67300
2020-09-16,4.152604103088379,6.010000228881836,6.010000228881836,5.940000057220459,6.010000228881836,91800
2020-09-17,4.145695686340332,6.0,6.010000228881836,5.949999809265137,5.96999979019165,82000
2020-09-18,4.152604103088379,6.010000228881836,6.019999980926514,5.96999979019165,6.010000228881836,69000
2020-09-21,4.138785362243652,5.989999771118164,6.0,5.949999809265137,5.96999979019165,31200
2020-09-22,4.131875991821289,5.980000019073486,6.0,5.96999979019165,5.96999979019165,32200
2020-09-23,4.069690227508545,5.889999866485596,5.980000019073486,5.869999885559082,5.980000019073486,94000
2020-09-24,4.076601505279541,5.900000095367432,5.909999847412109,5.860000133514404,5.880000114440918,66300
2020-09-25,4.048962593078613,5.860000133514404,5.889999866485596,5.860000133514404,5.869999885559082,37400
2020-09-28,4.062779903411865,5.880000114440918,5.889999866485596,5.860000133514404,5.869999885559082,64500
2020-09-29,4.042052745819092,5.849999904632568,5.880000114440918,5.829999923706055,5.860000133514404,40300
2020-09-30,4.055871486663818,5.869999885559082,5.880000114440918,5.829999923706055,5.829999923706055,99700
2020-10-01,4.069690227508545,5.889999866485596,5.889999866485596,5.860000133514404,5.880000114440918,32400
2020-10-02,4.062779903411865,5.880000114440918,5.900000095367432,5.849999904632568,5.849999904632568,11000
2020-10-05,4.138785362243652,5.989999771118164,6.0,5.880000114440918,5.880000114440918,19300
2020-10-06,4.111147403717041,5.949999809265137,5.96999979019165,5.909999847412109,5.949999809265137,76700
2020-10-07,4.083508014678955,5.909999847412109,5.949999809265137,5.880000114440918,5.949999809265137,51800
2020-10-08,4.187152862548828,6.059999942779541,6.099999904632568,5.909999847412109,5.909999847412109,155400
2020-10-09,4.239978790283203,6.099999904632568,6.099999904632568,6.010000228881836,6.050000190734863,115800
2020-10-12,4.233025550842285,6.090000152587891,6.130000114440918,6.059999942779541,6.070000171661377,38900
2020-10-13,4.233025550842285,6.090000152587891,6.21999979019165,6.059999942779541,6.090000152587891,67500
2020-10-14,4.239978790283203,6.099999904632568,6.099999904632568,6.070000171661377,6.070000171661377,127000
2020-10-15,4.163519382476807,5.989999771118164,6.059999942779541,5.909999847412109,6.059999942779541,89800
2020-10-16,4.1913228034973145,6.03000020980835,6.03000020980835,5.96999979019165,5.989999771118164,72200
2020-10-19,4.1913228034973145,6.03000020980835,6.050000190734863,6.010000228881836,6.019999980926514,62300
2020-10-20,4.198273658752441,6.039999961853027,6.059999942779541,6.019999980926514,6.039999961853027,47400
2020-10-21,4.156569004058838,5.980000019073486,6.03000020980835,5.940000057220459,6.010000228881836,63200
2020-10-22,4.135717391967773,5.949999809265137,5.96999979019165,5.929999828338623,5.960000038146973,70600
2020-10-23,4.135717391967773,5.949999809265137,5.989999771118164,5.949999809265137,5.949999809265137,62900
2020-10-26,4.107913017272949,5.909999847412109,5.940000057220459,5.889999866485596,5.929999828338623,49200
2020-10-27,4.107913017272949,5.909999847412109,5.949999809265137,5.889999866485596,5.889999866485596,48600
2020-10-28,4.059258937835693,5.840000152587891,5.880000114440918,5.769999980926514,5.860000133514404,105200
2020-10-29,4.052306652069092,5.829999923706055,5.869999885559082,5.809999942779541,5.809999942779541,60200
2020-10-30,4.031453609466553,5.800000190734863,5.840000152587891,5.78000020980835,5.829999923706055,87000
2020-11-02,4.073159694671631,5.860000133514404,5.860000133514404,5.800000190734863,5.800000190734863,50100
2020-11-03,4.100963592529297,5.900000095367432,5.920000076293945,5.840000152587891,5.840000152587891,52300
2020-11-04,4.170469760894775,6.0,6.019999980926514,5.909999847412109,5.940000057220459,24000
2020-11-05,4.184370994567871,6.019999980926514,6.03000020980835,5.980000019073486,5.980000019073486,39200
2020-11-06,4.198273658752441,6.039999961853027,6.039999961853027,6.0,6.010000228881836,21200
2020-11-09,4.239978790283203,6.099999904632568,6.139999866485596,6.039999961853027,6.050000190734863,130300
2020-11-10,4.237181186676025,6.059999942779541,6.079999923706055,6.059999942779541,6.070000171661377,19000
2020-11-11,4.2651495933532715,6.099999904632568,6.110000133514404,6.079999923706055,6.090000152587891,55300
2020-11-12,4.258156776428223,6.090000152587891,6.110000133514404,6.050000190734863,6.099999904632568,21100
2020-11-13,4.2651495933532715,6.099999904632568,6.130000114440918,6.090000152587891,6.110000133514404,80800
2020-11-16,4.279133319854736,6.119999885559082,6.130000114440918,6.079999923706055,6.130000114440918,58000
2020-11-17,4.286125659942627,6.130000114440918,6.139999866485596,6.079999923706055,6.090000152587891,55400
2020-11-18,4.279133319854736,6.119999885559082,6.150000095367432,6.099999904632568,6.139999866485596,228400
2020-11-19,4.2651495933532715,6.099999904632568,6.139999866485596,6.099999904632568,6.130000114440918,89900
2020-11-20,4.279133319854736,6.119999885559082,6.130000114440918,6.090000152587891,6.099999904632568,74300
2020-11-23,4.30010986328125,6.150000095367432,6.150000095367432,6.099999904632568,6.119999885559082,99100
2020-11-24,4.33506965637207,6.199999809265137,6.199999809265137,6.150000095367432,6.170000076293945,44500
2020-11-25,4.363037586212158,6.239999771118164,6.25,6.170000076293945,6.199999809265137,117700
2020-11-27,4.34905481338501,6.21999979019165,6.239999771118164,6.199999809265137,6.21999979019165,77500
2020-11-30,4.34905481338501,6.21999979019165,6.260000228881836,6.190000057220459,6.199999809265137,115100
2020-12-01,4.404991149902344,6.300000190734863,6.300000190734863,6.230000019073486,6.239999771118164,71400
2020-12-02,4.439949989318848,6.349999904632568,6.349999904632568,6.260000228881836,6.289999961853027,131800
2020-12-03,4.439949989318848,6.349999904632568,6.360000133514404,6.329999923706055,6.349999904632568,112100
2020-12-04,4.439949989318848,6.349999904632568,6.360000133514404,6.329999923706055,6.349999904632568,41800
2020-12-07,4.41897439956665,6.320000171661377,6.369999885559082,6.309999942779541,6.349999904632568,70100
2020-12-08,4.446943283081055,6.360000133514404,6.389999866485596,6.320000171661377,6.329999923706055,88800
2020-12-09,4.474910736083984,6.400000095367432,6.420000076293945,6.369999885559082,6.380000114440918,46800
2020-12-10,4.458033561706543,6.340000152587891,6.380000114440918,6.309999942779541,6.309999942779541,34300
2020-12-11,4.415844917297363,6.28000020980835,6.369999885559082,6.28000020980835,6.340000152587891,846800
2020-12-14,4.422877788543701,6.289999961853027,6.320000171661377,6.269999980926514,6.309999942779541,170500
2020-12-15,4.422877788543701,6.289999961853027,6.309999942779541,6.28000020980835,6.309999942779541,336000
2020-12-16,4.451003074645996,6.329999923706055,6.340000152587891,6.289999961853027,6.320000171661377,146100
2020-12-17,4.451003074645996,6.329999923706055,6.360000133514404,6.320000171661377,6.360000133514404,14500
2020-12-18,4.451003074645996,6.329999923706055,6.380000114440918,6.320000171661377,6.349999904632568,266900
2020-12-21,4.465065956115723,6.349999904632568,6.349999904632568,6.28000020980835,6.320000171661377,59100
2020-12-22,4.458033561706543,6.340000152587891,6.389999866485596,6.329999923706055,6.329999923706055,32400
2020-12-23,4.4720988273620605,6.360000133514404,6.369999885559082,6.340000152587891,6.369999885559082,63000
2020-12-24,4.514288425445557,6.420000076293945,6.420000076293945,6.369999885559082,6.380000114440918,56000
2020-12-28,4.5213189125061035,6.429999828338623,6.440000057220459,6.389999866485596,6.420000076293945,80000
2020-12-29,4.490207672119141,6.349999904632568,6.409999847412109,6.349999904632568,6.380000114440918,34400
2020-12-30,4.490207672119141,6.349999904632568,6.400000095367432,6.349999904632568,6.380000114440918,34100
2020-12-31,4.497276782989502,6.360000133514404,6.400000095367432,6.349999904632568,6.349999904632568,43800
2021-01-04,4.4760637283325195,6.329999923706055,6.369999885559082,6.320000171661377,6.360000133514404,65200
2021-01-05,4.511419773101807,6.380000114440918,6.409999847412109,6.329999923706055,6.329999923706055,36700
2021-01-06,4.5043487548828125,6.369999885559082,6.400000095367432,6.360000133514404,6.380000114440918,26700
2021-01-07,4.532633304595947,6.409999847412109,6.429999828338623,6.360000133514404,6.360000133514404,43500
2021-01-08,4.56091833114624,6.449999809265137,6.46999979019165,6.420000076293945,6.420000076293945,43300
2021-01-11,4.589201927185059,6.489999771118164,6.519999980926514,6.440000057220459,6.449999809265137,58800
2021-01-12,4.631629943847656,6.550000190734863,6.550000190734863,6.480000019073486,6.489999771118164,80800
2021-01-13,4.617486953735352,6.53000020980835,6.550000190734863,6.510000228881836,6.550000190734863,43800
2021-01-14,4.645772933959961,6.570000171661377,6.579999923706055,6.539999961853027,6.550000190734863,29300
2021-01-15,4.63870096206665,6.559999942779541,6.599999904632568,6.460000038146973,6.579999923706055,89000
2021-01-19,4.681128025054932,6.619999885559082,6.639999866485596,6.579999923706055,6.579999923706055,122400
2021-01-20,4.674056529998779,6.610000133514404,6.639999866485596,6.599999904632568,6.619999885559082,55300
2021-01-21,4.674056529998779,6.610000133514404,6.639999866485596,6.599999904632568,6.630000114440918,48700
2021-01-22,4.63870096206665,6.559999942779541,6.619999885559082,6.539999961853027,6.619999885559082,179300
2021-01-25,4.624558448791504,6.539999961853027,6.579999923706055,6.53000020980835,6.550000190734863,60700
2021-01-26,4.645772933959961,6.570000171661377,6.570000171661377,6.53000020980835,6.570000171661377,47800
2021-01-27,4.5962748527526855,6.5,6.570000171661377,6.489999771118164,6.570000171661377,48400
2021-01-28,4.610415458679199,6.519999980926514,6.570000171661377,6.5,6.539999961853027,43100
2021-01-29,4.589201927185059,6.489999771118164,6.539999961853027,6.460000038146973,6.519999980926514,58200
2021-02-01,4.5962748527526855,6.5,6.519999980926514,6.480000019073486,6.480000019073486,181500
2021-02-02,4.617486953735352,6.53000020980835,6.570000171661377,6.46999979019165,6.489999771118164,53100
2021-02-03,4.666985034942627,6.599999904632568,6.639999866485596,6.53000020980835,6.53000020980835,88400
2021-02-04,4.659914493560791,6.590000152587891,6.650000095367432,6.579999923706055,6.590000152587891,71400
2021-02-05,4.6528449058532715,6.579999923706055,6.619999885559082,6.550000190734863,6.619999885559082,155400
2021-02-08,4.666985034942627,6.599999904632568,6.619999885559082,6.579999923706055,6.619999885559082,50700
2021-02-09,4.666985034942627,6.599999904632568,6.619999885559082,6.590000152587891,6.619999885559082,57800
2021-02-10,4.684757232666016,6.590000152587891,6.610000133514404,6.559999942779541,6.579999923706055,111800
2021-02-11,4.69186544418335,6.599999904632568,6.650000095367432,6.570000171661377,6.590000152587891,40100
2021-02-12,4.677649974822998,6.579999923706055,6.639999866485596,6.559999942779541,6.610000133514404,49100
2021-02-16,4.6705403327941895,6.570000171661377,6.619999885559082,6.550000190734863,6.619999885559082,74000
2021-02-17,4.677649974822998,6.579999923706055,6.590000152587891,6.550000190734863,6.579999923706055,61400
2021-02-18,4.698976039886475,6.610000133514404,6.619999885559082,6.559999942779541,6.590000152587891,55700
2021-02-19,4.698976039886475,6.610000133514404,6.630000114440918,6.590000152587891,6.610000133514404,74100
2021-02-22,4.698976039886475,6.610000133514404,6.630000114440918,6.599999904632568,6.599999904632568,72100
2021-02-23,4.706085681915283,6.619999885559082,6.639999866485596,6.599999904632568,6.610000133514404,53000
2021-02-24,4.706085681915283,6.619999885559082,6.650000095367432,6.599999904632568,6.630000114440918,62600
2021-02-25,4.706085681915283,6.619999885559082,6.650000095367432,6.599999904632568,6.619999885559082,139600
2021-02-26,4.72741174697876,6.650000095367432,6.730000019073486,6.630000114440918,6.639999866485596,153600
2021-03-01,4.748737812042236,6.679999828338623,6.710000038146973,6.639999866485596,6.639999866485596,158100
2021-03-02,4.762956619262695,6.699999809265137,6.739999771118164,6.670000076293945,6.699999809265137,69700
2021-03-03,4.734518051147461,6.659999847412109,6.71999979019165,6.659999847412109,6.71999979019165,56600
2021-03-04,4.706085681915283,6.619999885559082,6.710000038146973,6.610000133514404,6.679999828338623,85300
2021-03-05,4.72741174697876,6.650000095367432,6.659999847412109,6.610000133514404,6.610000133514404,92700
2021-03-08,4.720303058624268,6.639999866485596,6.659999847412109,6.619999885559082,6.630000114440918,42800
2021-03-09,4.698976039886475,6.610000133514404,6.659999847412109,6.599999904632568,6.639999866485596,124300
2021-03-10,4.751855373382568,6.650000095367432,6.679999828338623,6.599999904632568,6.599999904632568,62800
2021-03-11,4.723270893096924,6.610000133514404,6.710000038146973,6.559999942779541,6.710000038146973,288000
2021-03-12,4.701834678649902,6.579999923706055,6.630000114440918,6.579999923706055,6.619999885559082,35100
2021-03-15,4.71612548828125,6.599999904632568,6.619999885559082,6.590000152587891,6.610000133514404,36800
2021-03-16,4.766144275665283,6.670000076293945,6.670000076293945,6.639999866485596,6.639999866485596,48100
2021-03-17,4.758997917175293,6.659999847412109,6.679999828338623,6.659999847412109,6.679999828338623,46200
2021-03-18,4.758997917175293,6.659999847412109,6.679999828338623,6.619999885559082,6.659999847412109,40100
2021-03-19,4.751855373382568,6.650000095367432,6.670000076293945,6.639999866485596,6.659999847412109,31500
2021-03-22,4.737562656402588,6.630000114440918,6.690000057220459,6.619999885559082,6.670000076293945,43700
2021-03-23,4.723270893096924,6.610000133514404,6.650000095367432,6.599999904632568,6.639999866485596,63400
2021-03-24,4.737562656402588,6.630000114440918,6.659999847412109,6.610000133514404,6.639999866485596,42800
2021-03-25,4.723270893096924,6.610000133514404,6.639999866485596,6.590000152587891,6.639999866485596,64100
2021-03-26,4.71612548828125,6.599999904632568,6.650000095367432,6.599999904632568,6.619999885559082,49600
2021-03-29,4.730417728424072,6.619999885559082,6.630000114440918,6.599999904632568,6.599999904632568,51300
2021-03-30,4.730417728424072,6.619999885559082,6.650000095367432,6.599999904632568,6.599999904632568,88600
2021-03-31,4.737562656402588,6.630000114440918,6.679999828338623,6.619999885559082,6.639999866485596,100700
2021-04-01,4.723270893096924,6.610000133514404,6.659999847412109,6.599999904632568,6.630000114440918,76100
2021-04-05,4.737562656402588,6.630000114440918,6.679999828338623,6.619999885559082,6.650000095367432,116900
2021-04-06,4.730417728424072,6.619999885559082,6.639999866485596,6.610000133514404,6.619999885559082,119400
2021-04-07,4.766144275665283,6.670000076293945,6.699999809265137,6.610000133514404,6.610000133514404,116900
2021-04-08,4.766144275665283,6.670000076293945,6.690000057220459,6.659999847412109,6.659999847412109,44600
2021-04-09,4.797747611999512,6.679999828338623,6.699999809265137,6.650000095367432,6.659999847412109,57500
2021-04-12,4.833657741546631,6.730000019073486,6.739999771118164,6.650000095367432,6.679999828338623,256300
2021-04-13,4.804927825927734,6.690000057220459,6.730000019073486,6.679999828338623,6.71999979019165,100600
2021-04-14,4.797747611999512,6.679999828338623,6.699999809265137,6.679999828338623,6.679999828338623,53800
2021-04-15,4.783381462097168,6.659999847412109,6.71999979019165,6.659999847412109,6.699999809265137,86800
2021-04-16,4.783381462097168,6.659999847412109,6.690000057220459,6.650000095367432,6.670000076293945,45500
2021-04-19,4.797747611999512,6.679999828338623,6.690000057220459,6.659999847412109,6.679999828338623,46000
2021-04-20,4.790563583374023,6.670000076293945,6.690000057220459,6.659999847412109,6.679999828338623,45600
2021-04-21,4.797747611999512,6.679999828338623,6.690000057220459,6.650000095367432,6.679999828338623,85200
2021-04-22,4.797747611999512,6.679999828338623,6.690000057220459,6.659999847412109,6.659999847412109,44000
2021-04-23,4.797747611999512,6.679999828338623,6.690000057220459,6.639999866485596,6.679999828338623,84400
2021-04-26,4.790563583374023,6.670000076293945,6.690000057220459,6.650000095367432,6.670000076293945,53500
2021-04-27,4.783381462097168,6.659999847412109,6.679999828338623,6.650000095367432,6.659999847412109,73800
2021-04-28,4.7762017250061035,6.650000095367432,6.659999847412109,6.650000095367432,6.650000095367432,59700
2021-04-29,4.797747611999512,6.679999828338623,6.679999828338623,6.650000095367432,6.679999828338623,106400
2021-04-30,4.797747611999512,6.679999828338623,6.710000038146973,6.639999866485596,6.639999866485596,103700
2021-05-03,4.848022937774658,6.75,6.75,6.699999809265137,6.699999809265137,82800
2021-05-04,4.833657741546631,6.730000019073486,6.75,6.71999979019165,6.75,139100
2021-05-05,4.833657741546631,6.730000019073486,6.760000228881836,6.730000019073486,6.75,71400
2021-05-06,4.855205535888672,6.760000228881836,6.769999980926514,6.739999771118164,6.75,39200
2021-05-07,4.862386226654053,6.769999980926514,6.769999980926514,6.75,6.769999980926514,55400
2021-05-10,4.862386226654053,6.769999980926514,6.78000020980835,6.75,6.78000020980835,45800
2021-05-11,4.862386226654053,6.769999980926514,6.78000020980835,6.75,6.769999980926514,49300
2021-05-12,4.821964263916016,6.679999828338623,6.75,6.670000076293945,6.75,92100
2021-05-13,4.858055591583252,6.730000019073486,6.739999771118164,6.710000038146973,6.710000038146973,65100
2021-05-14,4.858055591583252,6.730000019073486,6.760000228881836,6.730000019073486,6.730000019073486,89400
2021-05-17,4.865274429321289,6.739999771118164,6.760000228881836,6.739999771118164,6.75,30300
2021-05-18,4.872493267059326,6.75,6.760000228881836,6.739999771118164,6.739999771118164,24900
2021-05-19,4.850836753845215,6.71999979019165,6.75,6.710000038146973,6.75,34600
2021-05-20,4.850836753845215,6.71999979019165,6.760000228881836,6.710000038146973,6.75,208700
2021-05-21,4.858055591583252,6.730000019073486,6.75,6.710000038146973,6.739999771118164,75100
2021-05-24,4.858055591583252,6.730000019073486,6.769999980926514,6.730000019073486,6.760000228881836,86300
2021-05-25,4.850836753845215,6.71999979019165,6.75,6.71999979019165,6.75,82200
2021-05-26,4.865274429321289,6.739999771118164,6.78000020980835,6.730000019073486,6.739999771118164,94100
2021-05-27,4.872493267059326,6.75,6.769999980926514,6.730000019073486,6.739999771118164,104800
2021-05-28,4.879712104797363,6.760000228881836,6.760000228881836,6.71999979019165,6.75,59700
2021-06-01,4.865274429321289,6.739999771118164,6.78000020980835,6.730000019073486,6.760000228881836,166600
2021-06-02,4.872493267059326,6.75,6.769999980926514,6.730000019073486,6.760000228881836,88400
2021-06-03,4.879712104797363,6.760000228881836,6.78000020980835,6.739999771118164,6.75,102900
2021-06-04,4.865274429321289,6.739999771118164,6.769999980926514,6.739999771118164,6.769999980926514,51400
2021-06-07,4.894148826599121,6.78000020980835,6.800000190734863,6.730000019073486,6.760000228881836,100400
2021-06-08,4.886929512023926,6.769999980926514,6.800000190734863,6.739999771118164,6.789999961853027,126700
2021-06-09,4.894148826599121,6.78000020980835,6.789999961853027,6.75,6.789999961853027,63700
2021-06-10,4.918086528778076,6.78000020980835,6.78000020980835,6.760000228881836,6.769999980926514,46800
2021-06-11,4.889071464538574,6.739999771118164,6.789999961853027,6.71999979019165,6.789999961853027,32500
2021-06-14,4.903580188751221,6.760000228881836,6.800000190734863,6.75,6.760000228881836,146900
2021-06-15,4.889071464538574,6.739999771118164,6.78000020980835,6.739999771118164,6.75,68400
2021-06-16,4.889071464538574,6.739999771118164,6.789999961853027,6.739999771118164,6.769999980926514,110500
2021-06-17,4.896324634552002,6.75,6.760000228881836,6.730000019073486,6.760000228881836,57400
2021-06-18,4.896324634552002,6.75,6.760000228881836,6.71999979019165,6.75,52700
2021-06-21,4.896324634552002,6.75,6.78000020980835,6.739999771118164,6.769999980926514,76400
2021-06-22,4.889071464538574,6.739999771118164,6.75,6.730000019073486,6.730000019073486,43700
2021-06-23,4.918086528778076,6.78000020980835,6.789999961853027,6.739999771118164,6.739999771118164,113100
2021-06-24,4.910831451416016,6.769999980926514,6.809999942779541,6.769999980926514,6.789999961853027,37800
2021-06-25,4.910831451416016,6.769999980926514,6.800000190734863,6.760000228881836,6.78000020980835,83700
2021-06-28,4.93259334564209,6.800000190734863,6.800000190734863,6.769999980926514,6.789999961853027,22900
2021-06-29,4.910831451416016,6.769999980926514,6.820000171661377,6.71999979019165,6.800000190734863,77700
2021-06-30,4.93259334564209,6.800000190734863,6.800000190734863,6.78000020980835,6.800000190734863,42600
2021-07-01,4.9253411293029785,6.789999961853027,6.820000171661377,6.789999961853027,6.809999942779541,60300
2021-07-02,4.918086528778076,6.78000020980835,6.800000190734863,6.78000020980835,6.78000020980835,101400
2021-07-06,4.903580188751221,6.760000228881836,6.789999961853027,6.760000228881836,6.789999961853027,76300
2021-07-07,4.903580188751221,6.760000228881836,6.789999961853027,6.75,6.789999961853027,99600
2021-07-08,4.903580188751221,6.760000228881836,6.769999980926514,6.730000019073486,6.760000228881836,73300
2021-07-09,4.897747993469238,6.71999979019165,6.769999980926514,6.71999979019165,6.769999980926514,62800
2021-07-12,4.919612884521484,6.75,6.75,6.71999979019165,6.739999771118164,64600
2021-07-13,4.897747993469238,6.71999979019165,6.769999980926514,6.699999809265137,6.75,37100
2021-07-14,4.897747993469238,6.71999979019165,6.739999771118164,6.710000038146973,6.71999979019165,91200
2021-07-15,4.883172035217285,6.699999809265137,6.739999771118164,6.679999828338623,6.71999979019165,68900
2021-07-16,4.861305236816406,6.670000076293945,6.699999809265137,6.670000076293945,6.690000057220459,171900
2021-07-19,4.868595600128174,6.679999828338623,6.679999828338623,6.659999847412109,6.679999828338623,143500
2021-07-20,4.934188365936279,6.769999980926514,6.769999980926514,6.699999809265137,6.699999809265137,65200
2021-07-21,4.912324905395508,6.739999771118164,6.769999980926514,6.71999979019165,6.769999980926514,75300
2021-07-22,4.912324905395508,6.739999771118164,6.75,6.71999979019165,6.75,57000
2021-07-23,4.934188365936279,6.769999980926514,6.769999980926514,6.75,6.769999980926514,62400
2021-07-26,4.9269022941589355,6.760000228881836,6.78000020980835,6.739999771118164,6.769999980926514,79700
2021-07-27,4.9269022941589355,6.760000228881836,6.769999980926514,6.739999771118164,6.760000228881836,93000
2021-07-28,4.9269022941589355,6.760000228881836,6.78000020980835,6.760000228881836,6.769999980926514,46500
2021-07-29,4.905035972595215,6.730000019073486,6.789999961853027,6.730000019073486,6.769999980926514,78400
2021-07-30,4.868595600128174,6.679999828338623,6.75,6.670000076293945,6.75,105400
2021-08-02,4.832152843475342,6.630000114440918,6.690000057220459,6.630000114440918,6.679999828338623,83600
2021-08-03,4.883172035217285,6.699999809265137,6.699999809265137,6.659999847412109,6.659999847412109,41900
2021-08-04,4.912324905395508,6.739999771118164,6.760000228881836,6.699999809265137,6.71999979019165,83200
2021-08-05,4.94876766204834,6.789999961853027,6.789999961853027,6.739999771118164,6.769999980926514,85900
2021-08-06,4.956053733825684,6.800000190734863,6.809999942779541,6.769999980926514,6.789999961853027,33100
2021-08-09,4.956053733825684,6.800000190734863,6.840000152587891,6.760000228881836,6.820000171661377,52000
2021-08-10,4.956053733825684,6.800000190734863,6.849999904632568,6.800000190734863,6.820000171661377,21800
2021-08-11,5.038069248199463,6.880000114440918,6.880000114440918,6.78000020980835,6.789999961853027,33100
2021-08-12,5.023425579071045,6.860000133514404,6.889999866485596,6.849999904632568,6.889999866485596,35500
2021-08-13,5.052714824676514,6.900000095367432,6.900000095367432,6.860000133514404,6.880000114440918,47100
2021-08-16,5.082006454467773,6.940000057220459,6.940000057220459,6.889999866485596,6.889999866485596,46600
2021-08-17,5.060039043426514,6.909999847412109,6.940000057220459,6.900000095367432,6.940000057220459,31500
2021-08-18,5.052714824676514,6.900000095367432,6.929999828338623,6.880000114440918,6.920000076293945,36100
2021-08-19,5.052714824676514,6.900000095367432,6.920000076293945,6.880000114440918,6.900000095367432,35200
2021-08-20,5.052714824676514,6.900000095367432,6.929999828338623,6.900000095367432,6.909999847412109,35700
2021-08-23,5.0161004066467285,6.849999904632568,6.920000076293945,6.849999904632568,6.920000076293945,52700
2021-08-24,5.067361831665039,6.920000076293945,6.929999828338623,6.880000114440918,6.880000114440918,60600
2021-08-25,5.045393466949463,6.889999866485596,6.920000076293945,6.880000114440918,6.920000076293945,25400
2021-08-26,5.0087785720825195,6.840000152587891,6.889999866485596,6.840000152587891,6.880000114440918,20400
2021-08-27,5.0087785720825195,6.840000152587891,6.860000133514404,6.809999942779541,6.840000152587891,42900
2021-08-30,5.0087785720825195,6.840000152587891,6.880000114440918,6.829999923706055,6.880000114440918,29100
2021-08-31,5.045393466949463,6.889999866485596,6.900000095367432,6.849999904632568,6.869999885559082,36700
2021-09-01,5.082006454467773,6.940000057220459,6.949999809265137,6.909999847412109,6.920000076293945,35700
2021-09-02,4.986810684204102,6.809999942779541,6.940000057220459,6.809999942779541,6.940000057220459,72400
2021-09-03,4.986810684204102,6.809999942779541,6.860000133514404,6.789999961853027,6.860000133514404,25100
2021-09-07,4.97948694229126,6.800000190734863,6.840000152587891,6.800000190734863,6.800000190734863,32000
2021-09-08,4.994132995605469,6.820000171661377,6.840000152587891,6.800000190734863,6.829999923706055,31500
2021-09-09,5.0087785720825195,6.840000152587891,6.860000133514404,6.820000171661377,6.849999904632568,26400
2021-09-10,5.039678573608398,6.849999904632568,6.860000133514404,6.829999923706055,6.860000133514404,50000
2021-09-13,5.098535537719727,6.929999828338623,6.929999828338623,6.869999885559082,6.880000114440918,37500
2021-09-14,5.150036811828613,7.0,7.019999980926514,6.889999866485596,6.920000076293945,34700
2021-09-15,5.113250255584717,6.949999809265137,7.019999980926514,6.940000057220459,6.960000038146973,45900
2021-09-16,5.1794657707214355,7.039999961853027,7.139999866485596,6.949999809265137,7.010000228881836,62600
2021-09-17,5.150036811828613,7.0,7.099999904632568,6.940000057220459,7.039999961853027,38900
2021-09-20,5.047036647796631,6.860000133514404,7.019999980926514,6.860000133514404,7.019999980926514,115800
2021-09-21,5.032322406768799,6.840000152587891,6.940000057220459,6.809999942779541,6.940000057220459,32100
2021-09-22,5.017608165740967,6.820000171661377,6.900000095367432,6.800000190734863,6.900000095367432,45900
2021-09-23,5.017608165740967,6.820000171661377,6.880000114440918,6.820000171661377,6.869999885559082,18400
2021-09-24,5.157392978668213,7.010000228881836,7.010000228881836,6.840000152587891,6.849999904632568,64400
2021-09-27,5.076465606689453,6.900000095367432,7.010000228881836,6.829999923706055,7.0,45600
2021-09-28,5.194180011749268,7.059999942779541,7.059999942779541,6.900000095367432,6.929999828338623,39600
2021-09-29,5.2383222579956055,7.119999885559082,7.139999866485596,7.050000190734863,7.099999904632568,27200
2021-09-30,5.18682336807251,7.050000190734863,7.099999904632568,7.019999980926514,7.090000152587891,33100
2021-10-01,5.157392978668213,7.010000228881836,7.119999885559082,6.96999979019165,7.099999904632568,43000
2021-10-04,5.157392978668213,7.010000228881836,7.050000190734863,7.0,7.039999961853027,16300
2021-10-05,5.201537609100342,7.070000171661377,7.070000171661377,7.019999980926514,7.03000020980835,16200
2021-10-06,5.216252326965332,7.090000152587891,7.090000152587891,7.039999961853027,7.070000171661377,54100
2021-10-07,5.216252326965332,7.090000152587891,7.150000095367432,7.079999923706055,7.079999923706055,42000
2021-10-08,5.261327266693115,7.119999885559082,7.139999866485596,7.090000152587891,7.090000152587891,23000
2021-10-11,5.23176908493042,7.079999923706055,7.139999866485596,7.050000190734863,7.119999885559082,56000
2021-10-12,5.23176908493042,7.079999923706055,7.119999885559082,7.019999980926514,7.079999923706055,61900
2021-10-13,5.23176908493042,7.079999923706055,7.119999885559082,7.019999980926514,7.110000133514404,51000
2021-10-14,5.2465500831604,7.099999904632568,7.099999904632568,7.050000190734863,7.090000152587891,54800
2021-10-15,5.2465500831604,7.099999904632568,7.110000133514404,7.050000190734863,7.090000152587891,34600
2021-10-18,5.313053607940674,7.190000057220459,7.190000057220459,7.099999904632568,7.110000133514404,36900
2021-10-19,5.298274993896484,7.170000076293945,7.25,7.150000095367432,7.21999979019165,43200
2021-10-20,5.305664539337158,7.179999828338623,7.190000057220459,7.130000114440918,7.190000057220459,30600
2021-10-21,5.283496856689453,7.150000095367432,7.190000057220459,7.119999885559082,7.190000057220459,42100
2021-10-22,5.3204426765441895,7.199999809265137,7.199999809265137,7.130000114440918,7.150000095367432,41800
2021-10-25,5.261327266693115,7.119999885559082,7.199999809265137,7.119999885559082,7.179999828338623,64200
2021-10-26,5.187433242797852,7.019999980926514,7.110000133514404,6.96999979019165,7.099999904632568,92000
2021-10-27,5.15787410736084,6.980000019073486,7.039999961853027,6.96999979019165,6.980000019073486,56600
2021-10-28,5.150485992431641,6.96999979019165,7.019999980926514,6.940000057220459,6.949999809265137,54000
2021-10-29,5.150485992431641,6.96999979019165,6.989999771118164,6.940000057220459,6.980000019073486,46800
2021-11-01,5.15787410736084,6.980000019073486,6.980000019073486,6.940000057220459,6.96999979019165,26500
2021-11-02,5.143096923828125,6.960000038146973,6.989999771118164,6.949999809265137,6.960000038146973,34900
2021-11-03,5.150485992431641,6.96999979019165,6.980000019073486,6.929999828338623,6.940000057220459,50600
2021-11-04,5.150485992431641,6.96999979019165,6.989999771118164,6.940000057220459,6.980000019073486,53400
2021-11-05,5.194822311401367,7.03000020980835,7.039999961853027,6.980000019073486,6.980000019073486,35900
2021-11-08,5.194822311401367,7.03000020980835,7.050000190734863,7.019999980926514,7.019999980926514,29800
2021-11-09,5.209601879119873,7.050000190734863,7.070000171661377,7.03000020980835,7.050000190734863,14200
2021-11-10,5.166546821594238,6.960000038146973,7.050000190734863,6.940000057220459,7.050000190734863,52900
2021-11-11,5.188815593719482,6.989999771118164,7.010000228881836,6.96999979019165,6.989999771118164,35600
2021-11-12,5.218507766723633,7.03000020980835,7.039999961853027,7.019999980926514,7.039999961853027,31500
2021-11-15,5.188815593719482,6.989999771118164,7.010000228881836,6.960000038146973,6.980000019073486,34100
2021-11-16,5.181393623352051,6.980000019073486,7.03000020980835,6.960000038146973,7.019999980926514,21200
2021-11-17,5.136852741241455,6.920000076293945,6.980000019073486,6.880000114440918,6.96999979019165,43800
2021-11-18,5.084890842437744,6.849999904632568,6.960000038146973,6.840000152587891,6.920000076293945,65100
2021-11-19,5.084890842437744,6.849999904632568,6.900000095367432,6.840000152587891,6.900000095367432,36200
2021-11-22,5.077468395233154,6.840000152587891,6.880000114440918,6.829999923706055,6.880000114440918,13300
2021-11-23,5.084890842437744,6.849999904632568,6.860000133514404,6.809999942779541,6.840000152587891,26900
2021-11-24,5.107160568237305,6.880000114440918,6.880000114440918,6.849999904632568,6.880000114440918,37400
2021-11-26,5.047775745391846,6.800000190734863,6.869999885559082,6.800000190734863,6.869999885559082,8900
2021-11-29,5.070044994354248,6.829999923706055,6.829999923706055,6.789999961853027,6.829999923706055,29400
2021-11-30,5.047775745391846,6.800000190734863,6.849999904632568,6.760000228881836,6.849999904632568,35000
2021-12-01,5.025505542755127,6.769999980926514,6.829999923706055,6.769999980926514,6.820000171661377,23000
2021-12-02,5.0106587409973145,6.75,6.789999961853027,6.739999771118164,6.78000020980835,26600
2021-12-03,4.980965614318848,6.710000038146973,6.760000228881836,6.699999809265137,6.760000228881836,29600
2021-12-06,4.973540782928467,6.699999809265137,6.71999979019165,6.679999828338623,6.710000038146973,49700
2021-12-07,5.003235816955566,6.739999771118164,6.789999961853027,6.71999979019165,6.789999961853027,58300
2021-12-08,4.995812892913818,6.730000019073486,6.800000190734863,6.710000038146973,6.800000190734863,44600
2021-12-09,4.988389492034912,6.71999979019165,6.75,6.699999809265137,6.699999809265137,34500
2021-12-10,4.98316764831543,6.679999828338623,6.71999979019165,6.670000076293945,6.71999979019165,22800
2021-12-13,4.90110969543457,6.570000171661377,6.679999828338623,6.570000171661377,6.670000076293945,49600
2021-12-14,4.9085693359375,6.579999923706055,6.619999885559082,6.570000171661377,6.570000171661377,57900
2021-12-15,4.938407897949219,6.619999885559082,6.619999885559082,6.559999942779541,6.610000133514404,56900
2021-12-16,4.923489093780518,6.599999904632568,6.630000114440918,6.579999923706055,6.599999904632568,41600
2021-12-17,4.916030406951904,6.590000152587891,6.610000133514404,6.570000171661377,6.610000133514404,28700
2021-12-20,4.893650531768799,6.559999942779541,6.590000152587891,6.539999961853027,6.579999923706055,52700
2021-12-21,4.9309492111206055,6.610000133514404,6.619999885559082,6.550000190734863,6.590000152587891,80000
2021-12-22,4.968247413635254,6.659999847412109,6.670000076293945,6.590000152587891,6.599999904632568,85100
2021-12-23,5.013007164001465,6.71999979019165,6.75,6.679999828338623,6.690000057220459,55800
2021-12-27,5.035385608673096,6.75,6.75,6.730000019073486,6.75,9000
2021-12-28,5.020467758178711,6.730000019073486,6.75,6.710000038146973,6.75,51400
2021-12-29,5.013007164001465,6.71999979019165,6.760000228881836,6.699999809265137,6.739999771118164,27300
2021-12-30,5.020467758178711,6.730000019073486,6.75,6.710000038146973,6.739999771118164,34400
2021-12-31,5.027925491333008,6.739999771118164,6.760000228881836,6.71999979019165,6.730000019073486,37300
2022-01-03,5.035385608673096,6.75,6.78000020980835,6.739999771118164,6.75,50300
2022-01-04,5.109984874725342,6.849999904632568,6.860000133514404,6.769999980926514,6.769999980926514,71500
2022-01-05,5.072685718536377,6.800000190734863,6.849999904632568,6.789999961853027,6.849999904632568,15100
2022-01-06,5.095066070556641,6.829999923706055,6.840000152587891,6.809999942779541,6.820000171661377,16800
2022-01-07,5.124905109405518,6.869999885559082,6.880000114440918,6.840000152587891,6.860000133514404,24000
2022-01-10,5.177123546600342,6.940000057220459,6.960000038146973,6.840000152587891,6.869999885559082,60100
2022-01-11,5.221881866455078,7.0,7.110000133514404,6.940000057220459,6.96999979019165,64800
2022-01-12,5.224131107330322,6.96999979019165,7.039999961853027,6.929999828338623,7.039999961853027,45900
2022-01-13,5.134189128875732,6.849999904632568,7.0,6.800000190734863,7.0,110500
2022-01-14,5.111704349517822,6.820000171661377,6.869999885559082,6.769999980926514,6.860000133514404,47300
2022-01-18,5.111704349517822,6.820000171661377,6.840000152587891,6.739999771118164,6.820000171661377,54700
2022-01-19,5.1266937255859375,6.840000152587891,6.849999904632568,6.800000190734863,6.840000152587891,52900
2022-01-20,5.096713542938232,6.800000190734863,6.900000095367432,6.78000020980835,6.869999885559082,54600
2022-01-21,5.029255390167236,6.710000038146973,6.840000152587891,6.699999809265137,6.789999961853027,51000
2022-01-24,4.871857166290283,6.5,6.710000038146973,6.429999828338623,6.710000038146973,105400
2022-01-25,4.894344329833984,6.53000020980835,6.579999923706055,6.429999828338623,6.510000228881836,102400
2022-01-26,4.931818962097168,6.579999923706055,6.639999866485596,6.570000171661377,6.579999923706055,38600
2022-01-27,4.9992756843566895,6.670000076293945,6.679999828338623,6.599999904632568,6.639999866485596,18400
2022-01-28,5.021761417388916,6.699999809265137,6.699999809265137,6.599999904632568,6.670000076293945,35100
2022-01-31,5.059237480163574,6.75,6.800000190734863,6.639999866485596,6.710000038146973,53100
2022-02-01,5.111704349517822,6.820000171661377,6.840000152587891,6.71999979019165,6.71999979019165,15600
2022-02-02,5.111704349517822,6.820000171661377,6.880000114440918,6.789999961853027,6.800000190734863,33900
2022-02-03,5.059237480163574,6.75,6.869999885559082,6.739999771118164,6.78000020980835,32200
2022-02-04,5.081721782684326,6.78000020980835,6.809999942779541,6.739999771118164,6.739999771118164,24900
2022-02-07,5.081721782684326,6.78000020980835,6.809999942779541,6.739999771118164,6.75,20800
2022-02-08,5.1266937255859375,6.840000152587891,6.900000095367432,6.769999980926514,6.78000020980835,51200
2022-02-09,5.164168834686279,6.889999866485596,6.920000076293945,6.869999885559082,6.869999885559082,26500
2022-02-10,5.181492328643799,6.880000114440918,6.929999828338623,6.809999942779541,6.849999904632568,29800
2022-02-11,5.136303901672363,6.820000171661377,6.900000095367432,6.78000020980835,6.889999866485596,35000
2022-02-14,5.023334503173828,6.670000076293945,6.829999923706055,6.650000095367432,6.829999923706055,30400
2022-02-15,5.106180191040039,6.78000020980835,6.800000190734863,6.679999828338623,6.679999828338623,32300
2022-02-16,5.151366710662842,6.840000152587891,6.909999847412109,6.78000020980835,6.78000020980835,83000
2022-02-17,5.0986480712890625,6.769999980926514,6.880000114440918,6.75,6.849999904632568,60800
2022-02-18,5.083584785461426,6.75,6.920000076293945,6.730000019073486,6.820000171661377,41900
2022-02-22,5.045929431915283,6.699999809265137,6.789999961853027,6.699999809265137,6.760000228881836,34700
2022-02-23,4.963085174560547,6.590000152587891,6.75,6.590000152587891,6.739999771118164,20700
2022-02-24,4.925429344177246,6.539999961853027,6.590000152587891,6.429999828338623,6.519999980926514,29700
2022-02-25,5.015803813934326,6.659999847412109,6.659999847412109,6.510000228881836,6.590000152587891,18300
2022-02-28,5.045929431915283,6.699999809265137,6.710000038146973,6.619999885559082,6.679999828338623,13400
2022-03-01,5.015803813934326,6.659999847412109,6.840000152587891,6.619999885559082,6.840000152587891,37500
2022-03-02,4.985677719116211,6.619999885559082,6.75,6.610000133514404,6.619999885559082,34700
2022-03-03,4.978147983551025,6.610000133514404,6.730000019073486,6.570000171661377,6.630000114440918,44100
2022-03-04,5.06099271774292,6.71999979019165,6.829999923706055,6.5,6.599999904632568,391200
2022-03-07,4.985677719116211,6.619999885559082,6.78000020980835,6.579999923706055,6.78000020980835,27700
2022-03-08,4.963085174560547,6.590000152587891,6.670000076293945,6.320000171661377,6.670000076293945,88500
2022-03-09,4.895304203033447,6.5,6.659999847412109,6.489999771118164,6.659999847412109,42200
2022-03-10,4.844588279724121,6.400000095367432,6.46999979019165,6.360000133514404,6.46999979019165,37300
2022-03-11,4.768889904022217,6.300000190734863,6.440000057220459,6.139999866485596,6.420000076293945,41200
2022-03-14,4.594789981842041,6.070000171661377,6.300000190734863,6.059999942779541,6.300000190734863,73600
2022-03-15,4.609929084777832,6.090000152587891,6.139999866485596,6.059999942779541,6.070000171661377,95400
2022-03-16,4.670485973358154,6.170000076293945,6.230000019073486,6.099999904632568,6.099999904632568,111600
2022-03-17,4.731042385101318,6.25,6.25,6.190000057220459,6.190000057220459,66000
2022-03-18,4.738612651824951,6.260000228881836,6.28000020980835,6.21999979019165,6.260000228881836,72600
2022-03-21,4.708334445953369,6.21999979019165,6.28000020980835,6.199999809265137,6.269999980926514,55600
2022-03-22,4.753751754760742,6.28000020980835,6.289999961853027,6.21999979019165,6.25,74000
2022-03-23,4.723473072052002,6.239999771118164,6.349999904632568,6.21999979019165,6.289999961853027,46300
2022-03-24,4.731042385101318,6.25,6.269999980926514,6.210000038146973,6.269999980926514,55600
2022-03-25,4.700763702392578,6.210000038146973,6.260000228881836,6.199999809265137,6.260000228881836,55800
2022-03-28,4.708334445953369,6.21999979019165,6.25,6.170000076293945,6.239999771118164,95800
2022-03-29,4.761321067810059,6.289999961853027,6.300000190734863,6.25,6.269999980926514,53900
2022-03-30,4.768889904022217,6.300000190734863,6.320000171661377,6.21999979019165,6.320000171661377,110300
2022-03-31,4.814309597015381,6.360000133514404,6.380000114440918,6.320000171661377,6.320000171661377,20500
2022-04-01,4.821878433227539,6.369999885559082,6.409999847412109,6.309999942779541,6.349999904632568,74000
2022-04-04,4.874866485595703,6.440000057220459,6.440000057220459,6.380000114440918,6.389999866485596,32200
2022-04-05,4.837018013000488,6.389999866485596,6.440000057220459,6.389999866485596,6.400000095367432,33400
2022-04-06,4.784029960632324,6.320000171661377,6.409999847412109,6.320000171661377,6.320000171661377,48800
2022-04-07,4.814309597015381,6.360000133514404,6.389999866485596,6.309999942779541,6.309999942779541,85700
2022-04-08,4.800615310668945,6.309999942779541,6.360000133514404,6.309999942779541,6.340000152587891,20200
2022-04-11,4.754966735839844,6.25,6.349999904632568,6.25,6.309999942779541,41400
2022-04-12,4.754966735839844,6.25,6.300000190734863,6.239999771118164,6.25,39300
2022-04-13,4.754966735839844,6.25,6.269999980926514,6.230000019073486,6.25,47500
2022-04-14,4.747359275817871,6.239999771118164,6.28000020980835,6.210000038146973,6.269999980926514,21500
2022-04-18,4.739751815795898,6.230000019073486,6.28000020980835,6.199999809265137,6.28000020980835,30300
2022-04-19,4.770183086395264,6.269999980926514,6.28000020980835,6.21999979019165,6.230000019073486,29500
2022-04-20,4.762575626373291,6.260000228881836,6.309999942779541,6.239999771118164,6.239999771118164,34000
2022-04-21,4.747359275817871,6.239999771118164,6.289999961853027,6.230000019073486,6.28000020980835,18200
2022-04-22,4.7017107009887695,6.179999828338623,6.269999980926514,6.179999828338623,6.260000228881836,33000
2022-04-25,4.694104194641113,6.170000076293945,6.179999828338623,6.090000152587891,6.159999847412109,85600
2022-04-26,4.640848159790039,6.099999904632568,6.190000057220459,6.090000152587891,6.170000076293945,37400
2022-04-27,4.686496734619141,6.159999847412109,6.179999828338623,6.099999904632568,6.130000114440918,36900
2022-04-28,4.663671493530273,6.130000114440918,6.179999828338623,6.079999923706055,6.110000133514404,49300
2022-04-29,4.633241176605225,6.090000152587891,6.150000095367432,6.090000152587891,6.130000114440918,18200
2022-05-02,4.5951995849609375,6.039999961853027,6.130000114440918,6.03000020980835,6.130000114440918,24500
2022-05-03,4.572376251220703,6.010000228881836,6.059999942779541,5.860000133514404,6.059999942779541,112300
2022-05-04,4.610415935516357,6.059999942779541,6.059999942779541,5.980000019073486,6.010000228881836,42200
2022-05-05,4.526728630065918,5.949999809265137,6.03000020980835,5.929999828338623,6.03000020980835,26100
2022-05-06,4.511512756347656,5.929999828338623,5.949999809265137,5.869999885559082,5.929999828338623,28500
2022-05-09,4.443041801452637,5.840000152587891,5.869999885559082,5.809999942779541,5.840000152587891,54600
2022-05-10,4.435433387756348,5.829999923706055,5.900000095367432,5.809999942779541,5.860000133514404,38100
2022-05-11,4.309144973754883,5.630000114440918,5.800000190734863,5.610000133514404,5.789999961853027,502600
2022-05-12,4.270875930786133,5.579999923706055,5.639999866485596,5.489999771118164,5.550000190734863,93500
2022-05-13,4.301488876342773,5.619999885559082,5.659999847412109,5.579999923706055,5.579999923706055,38500
2022-05-16,4.2861833572387695,5.599999904632568,5.630000114440918,5.579999923706055,5.599999904632568,36500
2022-05-17,4.339759826660156,5.670000076293945,5.679999828338623,5.619999885559082,5.659999847412109,90600
2022-05-18,4.316798686981201,5.639999866485596,5.670000076293945,5.619999885559082,5.630000114440918,32600
2022-05-19,4.324452877044678,5.650000095367432,5.650000095367432,5.619999885559082,5.650000095367432,36400
2022-05-20,4.301488876342773,5.619999885559082,5.659999847412109,5.610000133514404,5.650000095367432,36400
2022-05-23,4.316798686981201,5.639999866485596,5.650000095367432,5.610000133514404,5.650000095367432,40800
2022-05-24,4.301488876342773,5.619999885559082,5.630000114440918,5.579999923706055,5.630000114440918,41500
2022-05-25,4.293835163116455,5.610000133514404,5.650000095367432,5.590000152587891,5.630000114440918,47700
2022-05-26,4.339759826660156,5.670000076293945,5.739999771118164,5.619999885559082,5.619999885559082,42500
2022-05-27,4.423951625823975,5.78000020980835,5.78000020980835,5.710000038146973,5.710000038146973,55100
2022-05-31,4.393337726593018,5.739999771118164,5.739999771118164,5.670000076293945,5.730000019073486,62100
2022-06-01,4.408645153045654,5.760000228881836,5.829999923706055,5.710000038146973,5.78000020980835,24700
2022-06-02,4.423951625823975,5.78000020980835,5.78000020980835,5.739999771118164,5.760000228881836,7900
2022-06-03,4.408645153045654,5.760000228881836,5.769999980926514,5.71999979019165,5.769999980926514,16600
2022-06-06,4.408645153045654,5.760000228881836,5.840000152587891,5.75,5.75,29100
2022-06-07,4.439260482788086,5.800000190734863,5.860000133514404,5.730000019073486,5.75,42900
2022-06-08,4.423951625823975,5.78000020980835,5.829999923706055,5.769999980926514,5.78000020980835,27400
2022-06-09,4.423951625823975,5.78000020980835,5.800000190734863,5.769999980926514,5.78000020980835,26400
2022-06-10,4.39776611328125,5.710000038146973,5.739999771118164,5.599999904632568,5.71999979019165,54300
2022-06-13,4.259133338928223,5.53000020980835,5.670000076293945,5.5,5.670000076293945,61200
2022-06-14,4.313045501708984,5.599999904632568,5.619999885559082,5.489999771118164,5.53000020980835,100300
2022-06-15,4.3053436279296875,5.590000152587891,5.650000095367432,5.559999942779541,5.650000095367432,30500
2022-06-16,4.1359028816223145,5.369999885559082,5.519999980926514,5.340000152587891,5.460000038146973,166900
2022-06-17,4.182114124298096,5.429999828338623,5.429999828338623,5.369999885559082,5.369999885559082,28100
2022-06-21,4.197517395019531,5.449999809265137,5.5,5.409999847412109,5.46999979019165,59200
2022-06-22,4.166709899902344,5.409999847412109,5.449999809265137,5.400000095367432,5.449999809265137,21600
2022-06-23,4.182114124298096,5.429999828338623,5.449999809265137,5.409999847412109,5.440000057220459,20100
2022-06-24,4.212921619415283,5.46999979019165,5.480000019073486,5.420000076293945,5.440000057220459,71800
2022-06-27,4.228324890136719,5.489999771118164,5.489999771118164,5.449999809265137,5.449999809265137,29900
2022-06-28,4.220622539520264,5.480000019073486,5.53000020980835,5.46999979019165,5.53000020980835,40900
2022-06-29,4.220622539520264,5.480000019073486,5.5,5.449999809265137,5.489999771118164,17600
2022-06-30,4.2052202224731445,5.460000038146973,5.460000038146973,5.420000076293945,5.420000076293945,34700
2022-07-01,4.251430511474609,5.519999980926514,5.519999980926514,5.429999828338623,5.460000038146973,50000
2022-07-05,4.197517395019531,5.449999809265137,5.46999979019165,5.429999828338623,5.460000038146973,24400
2022-07-06,4.182114124298096,5.429999828338623,5.449999809265137,5.420000076293945,5.429999828338623,22200
2022-07-07,4.182114124298096,5.429999828338623,5.460000038146973,5.420000076293945,5.420000076293945,35900
2022-07-08,4.172032833099365,5.380000114440918,5.400000095367432,5.349999904632568,5.349999904632568,28200
2022-07-11,4.179788112640381,5.389999866485596,5.389999866485596,5.349999904632568,5.369999885559082,12600
2022-07-12,4.218562602996826,5.440000057220459,5.440000057220459,5.389999866485596,5.389999866485596,36800
2022-07-13,4.203052043914795,5.420000076293945,5.429999828338623,5.389999866485596,5.389999866485596,20300
2022-07-14,4.195296764373779,5.409999847412109,5.429999828338623,5.360000133514404,5.369999885559082,33200
2022-07-15,4.3581461906433105,5.619999885559082,5.619999885559082,5.389999866485596,5.46999979019165,264300
2022-07-18,4.226315498352051,5.449999809265137,5.619999885559082,5.449999809265137,5.610000133514404,39600
2022-07-19,4.234071254730225,5.460000038146973,5.539999961853027,5.409999847412109,5.449999809265137,69900
2022-07-20,4.210806369781494,5.429999828338623,5.489999771118164,5.420000076293945,5.440000057220459,14000
2022-07-21,4.2805986404418945,5.519999980926514,5.519999980926514,5.420000076293945,5.420000076293945,63400
2022-07-22,4.296107769012451,5.539999961853027,5.579999923706055,5.510000228881836,5.53000020980835,23000
2022-07-25,4.296107769012451,5.539999961853027,5.579999923706055,5.53000020980835,5.550000190734863,17600
2022-07-26,4.272844314575195,5.510000228881836,5.519999980926514,5.46999979019165,5.510000228881836,42900
2022-07-27,4.311618328094482,5.559999942779541,5.559999942779541,5.510000228881836,5.550000190734863,26400
2022-07-28,4.3581461906433105,5.619999885559082,5.619999885559082,5.550000190734863,5.550000190734863,37500
2022-07-29,4.404675006866455,5.679999828338623,5.690000057220459,5.599999904632568,5.599999904632568,54800
2022-08-01,4.427937984466553,5.710000038146973,5.71999979019165,5.650000095367432,5.650000095367432,40000
2022-08-02,4.420183181762695,5.699999809265137,5.730000019073486,5.679999828338623,5.699999809265137,35400
2022-08-03,4.466711521148682,5.760000228881836,5.760000228881836,5.710000038146973,5.75,30300
2022-08-04,4.4822211265563965,5.78000020980835,5.78000020980835,5.71999979019165,5.71999979019165,20300
2022-08-05,4.458956718444824,5.75,5.78000020980835,5.71999979019165,5.730000019073486,39600
2022-08-08,4.489976406097412,5.789999961853027,5.789999961853027,5.75,5.769999980926514,35200
2022-08-09,4.474466800689697,5.769999980926514,5.789999961853027,5.760000228881836,5.78000020980835,28000
2022-08-10,4.511935234069824,5.78000020980835,5.789999961853027,5.75,5.760000228881836,11500
2022-08-11,4.535354137420654,5.809999942779541,5.829999923706055,5.789999961853027,5.820000171661377,25800
2022-08-12,4.55877161026001,5.840000152587891,5.849999904632568,5.789999961853027,5.849999904632568,38100
2022-08-15,4.5665788650512695,5.849999904632568,5.860000133514404,5.809999942779541,5.820000171661377,24400
2022-08-16,4.574384689331055,5.860000133514404,5.860000133514404,5.829999923706055,5.860000133514404,27000
2022-08-17,4.543160915374756,5.820000171661377,5.860000133514404,5.800000190734863,5.860000133514404,29300
2022-08-18,4.535354137420654,5.809999942779541,5.840000152587891,5.800000190734863,5.840000152587891,37600
2022-08-19,4.519742488861084,5.789999961853027,5.829999923706055,5.78000020980835,5.809999942779541,75600
2022-08-22,4.480711936950684,5.739999771118164,5.78000020980835,5.71999979019165,5.769999980926514,14000
2022-08-23,4.511935234069824,5.78000020980835,5.800000190734863,5.71999979019165,5.730000019073486,37900
2022-08-24,4.496324062347412,5.760000228881836,5.809999942779541,5.730000019073486,5.730000019073486,81900
2022-08-25,4.496324062347412,5.760000228881836,5.800000190734863,5.75,5.769999980926514,9400
2022-08-26,4.457294464111328,5.710000038146973,5.769999980926514,5.670000076293945,5.760000228881836,33600
2022-08-29,4.426069259643555,5.670000076293945,5.71999979019165,5.670000076293945,5.710000038146973,15900
2022-08-30,4.379231929779053,5.610000133514404,5.659999847412109,5.590000152587891,5.639999866485596,39200
2022-08-31,4.371426582336426,5.599999904632568,5.670000076293945,5.599999904632568,5.610000133514404,27500
2022-09-01,4.355814456939697,5.579999923706055,5.610000133514404,5.550000190734863,5.610000133514404,19100
2022-09-02,4.379231929779053,5.610000133514404,5.690000057220459,5.599999904632568,5.610000133514404,27500
2022-09-06,4.348007678985596,5.570000171661377,5.630000114440918,5.559999942779541,5.630000114440918,25200
2022-09-07,4.371426582336426,5.599999904632568,5.699999809265137,5.570000171661377,5.570000171661377,39800
2022-09-08,4.332395076751709,5.550000190734863,5.639999866485596,5.519999980926514,5.619999885559082,26800
2022-09-09,4.355982780456543,5.539999961853027,5.570000171661377,5.519999980926514,5.519999980926514,27800
2022-09-12,4.371710300445557,5.559999942779541,5.599999904632568,5.539999961853027,5.550000190734863,44600
2022-09-13,4.316669940948486,5.489999771118164,5.539999961853027,5.46999979019165,5.46999979019165,34200
2022-09-14,4.340258598327637,5.519999980926514,5.53000020980835,5.489999771118164,5.5,32200
2022-09-15,4.300943851470947,5.46999979019165,5.53000020980835,5.46999979019165,5.510000228881836,35100
2022-09-16,4.293081760406494,5.460000038146973,5.460000038146973,5.400000095367432,5.460000038146973,65900
2022-09-19,4.300943851470947,5.46999979019165,5.489999771118164,5.409999847412109,5.489999771118164,44200
2022-09-20,4.261630058288574,5.420000076293945,5.440000057220459,5.400000095367432,5.409999847412109,30700
2022-09-21,4.277355670928955,5.440000057220459,5.449999809265137,5.409999847412109,5.420000076293945,15200
2022-09-22,4.253768444061279,5.409999847412109,5.429999828338623,5.380000114440918,5.429999828338623,36800
2022-09-23,4.175139427185059,5.309999942779541,5.389999866485596,5.309999942779541,5.349999904632568,29000
2022-09-26,4.143687725067139,5.269999980926514,5.320000171661377,5.230000019073486,5.239999771118164,101800
2022-09-27,4.1200995445251465,5.239999771118164,5.300000190734863,5.230000019073486,5.25,54800
2022-09-28,4.206589698791504,5.349999904632568,5.380000114440918,5.230000019073486,5.269999980926514,62600
2022-09-29,4.159412860870361,5.289999961853027,5.329999923706055,5.230000019073486,5.300000190734863,52700
2022-09-30,4.143687725067139,5.269999980926514,5.309999942779541,5.239999771118164,5.269999980926514,24100
2022-10-03,4.18300199508667,5.320000171661377,5.320000171661377,5.230000019073486,5.269999980926514,40300
2022-10-04,4.285218715667725,5.449999809265137,5.46999979019165,5.320000171661377,5.320000171661377,127400
2022-10-05,4.214454174041748,5.360000133514404,5.420000076293945,5.309999942779541,5.420000076293945,155700
2022-10-06,4.198728084564209,5.340000152587891,5.389999866485596,5.309999942779541,5.349999904632568,43300
2022-10-07,4.127964019775391,5.25,5.289999961853027,5.25,5.289999961853027,32000
2022-10-10,4.127964019775391,5.25,5.289999961853027,5.210000038146973,5.239999771118164,34400
2022-10-11,4.1672773361206055,5.300000190734863,5.309999942779541,5.21999979019165,5.269999980926514,80800
2022-10-12,4.119740962982178,5.199999809265137,5.239999771118164,5.199999809265137,5.230000019073486,25500
2022-10-13,4.111818313598633,5.190000057220459,5.21999979019165,5.159999847412109,5.159999847412109,35100
2022-10-14,4.056358814239502,5.119999885559082,5.199999809265137,5.110000133514404,5.199999809265137,29500
2022-10-17,4.111818313598633,5.190000057220459,5.239999771118164,5.170000076293945,5.190000057220459,46300
2022-10-18,4.111818313598633,5.190000057220459,5.230000019073486,5.190000057220459,5.190000057220459,33400
2022-10-19,4.103896141052246,5.179999828338623,5.230000019073486,5.170000076293945,5.199999809265137,42100
2022-10-20,4.143508434295654,5.230000019073486,5.25,5.199999809265137,5.21999979019165,44300
2022-10-21,4.135586261749268,5.21999979019165,5.230000019073486,5.179999828338623,5.199999809265137,34200
2022-10-24,4.119740962982178,5.199999809265137,5.260000228881836,5.159999847412109,5.25,25400
2022-10-25,4.17519998550415,5.269999980926514,5.269999980926514,5.210000038146973,5.210000038146973,37800
2022-10-26,4.167276859283447,5.260000228881836,5.300000190734863,5.239999771118164,5.300000190734863,30300
2022-10-27,4.167276859283447,5.260000228881836,5.260000228881836,5.199999809265137,5.260000228881836,29200
2022-10-28,4.206888675689697,5.309999942779541,5.320000171661377,5.230000019073486,5.289999961853027,15100
2022-10-31,4.191043376922607,5.289999961853027,5.340000152587891,5.25,5.260000228881836,31100
2022-11-01,4.206888675689697,5.309999942779541,5.409999847412109,5.289999961853027,5.309999942779541,37500
2022-11-02,4.214811325073242,5.320000171661377,5.340000152587891,5.300000190734863,5.340000152587891,48400
2022-11-03,4.278192520141602,5.400000095367432,5.400000095367432,5.269999980926514,5.300000190734863,56900
2022-11-04,4.3098835945129395,5.440000057220459,5.539999961853027,5.389999866485596,5.449999809265137,62600
2022-11-07,4.3098835945129395,5.440000057220459,5.480000019073486,5.429999828338623,5.429999828338623,10300
2022-11-08,4.341573715209961,5.480000019073486,5.53000020980835,5.420000076293945,5.449999809265137,50500
2022-11-09,4.302459239959717,5.389999866485596,5.539999961853027,5.369999885559082,5.420000076293945,36200
2022-11-10,4.318425178527832,5.409999847412109,5.53000020980835,5.380000114440918,5.440000057220459,39600
2022-11-11,4.318425178527832,5.409999847412109,5.460000038146973,5.400000095367432,5.420000076293945,20600
2022-11-14,4.302459239959717,5.389999866485596,5.400000095367432,5.349999904632568,5.400000095367432,21300
2022-11-15,4.310441970825195,5.400000095367432,5.480000019073486,5.400000095367432,5.440000057220459,28600
2022-11-16,4.350353240966797,5.449999809265137,5.460000038146973,5.400000095367432,5.429999828338623,35700
2022-11-17,4.262548923492432,5.340000152587891,5.420000076293945,5.329999923706055,5.420000076293945,97900
2022-11-18,4.310441970825195,5.400000095367432,5.449999809265137,5.360000133514404,5.420000076293945,75800
2022-11-21,4.302459239959717,5.389999866485596,5.409999847412109,5.360000133514404,5.380000114440918,47400
2022-11-22,4.350353240966797,5.449999809265137,5.480000019073486,5.369999885559082,5.369999885559082,43000
2022-11-23,4.334388732910156,5.429999828338623,5.489999771118164,5.420000076293945,5.46999979019165,33500
2022-11-25,4.318425178527832,5.409999847412109,5.449999809265137,5.409999847412109,5.420000076293945,2900
2022-11-28,4.342371463775635,5.440000057220459,5.480000019073486,5.420000076293945,5.420000076293945,43000
2022-11-29,4.326406478881836,5.420000076293945,5.449999809265137,5.400000095367432,5.409999847412109,24600
2022-11-30,4.382282733917236,5.489999771118164,5.5,5.389999866485596,5.400000095367432,61400
2022-12-01,4.35833740234375,5.460000038146973,5.510000228881836,5.449999809265137,5.46999979019165,46500
2022-12-02,4.374300479888916,5.480000019073486,5.5,5.429999828338623,5.460000038146973,52300
2022-12-05,4.35833740234375,5.460000038146973,5.510000228881836,5.449999809265137,5.480000019073486,57800
2022-12-06,4.35833740234375,5.460000038146973,5.46999979019165,5.429999828338623,5.449999809265137,49900
2022-12-07,4.366317272186279,5.46999979019165,5.489999771118164,5.429999828338623,5.429999828338623,21600
2022-12-08,4.398247241973877,5.510000228881836,5.539999961853027,5.46999979019165,5.480000019073486,101000
2022-12-09,4.366025924682617,5.420000076293945,5.480000019073486,5.400000095367432,5.46999979019165,165400
2022-12-12,4.333804130554199,5.380000114440918,5.409999847412109,5.369999885559082,5.409999847412109,39200
2022-12-13,4.317693710327148,5.360000133514404,5.440000057220459,5.360000133514404,5.429999828338623,70600
2022-12-14,4.26936149597168,5.300000190734863,5.360000133514404,5.289999961853027,5.360000133514404,77500
2022-12-15,4.2532501220703125,5.28000020980835,5.309999942779541,5.260000228881836,5.289999961853027,68800
2022-12-16,4.245195388793945,5.269999980926514,5.320000171661377,5.239999771118164,5.239999771118164,37000
2022-12-19,4.2532501220703125,5.28000020980835,5.329999923706055,5.25,5.309999942779541,87600
2022-12-20,4.261305809020996,5.289999961853027,5.320000171661377,5.25,5.260000228881836,39300
2022-12-21,4.301581859588623,5.340000152587891,5.369999885559082,5.230000019073486,5.289999961853027,59800
2022-12-22,4.285472393035889,5.320000171661377,5.340000152587891,5.269999980926514,5.309999942779541,63900
2022-12-23,4.301581859588623,5.340000152587891,5.389999866485596,5.289999961853027,5.300000190734863,24100
2022-12-27,4.293526649475098,5.329999923706055,5.380000114440918,5.320000171661377,5.340000152587891,55700
2022-12-28,4.252869129180908,5.230000019073486,5.300000190734863,5.210000038146973,5.289999961853027,63700
2022-12-29,4.261000156402588,5.239999771118164,5.269999980926514,5.230000019073486,5.230000019073486,54900
2022-12-30,4.285396099090576,5.269999980926514,5.289999961853027,5.21999979019165,5.260000228881836,55200
2023-01-03,4.27726411819458,5.260000228881836,5.300000190734863,5.260000228881836,5.269999980926514,48300
2023-01-04,4.30979061126709,5.300000190734863,5.309999942779541,5.25,5.28000020980835,82600
2023-01-05,4.27726411819458,5.260000228881836,5.300000190734863,5.25,5.260000228881836,52400
2023-01-06,4.317922115325928,5.309999942779541,5.320000171661377,5.28000020980835,5.289999961853027,147000
2023-01-09,4.334186553955078,5.329999923706055,5.380000114440918,5.309999942779541,5.309999942779541,50300
2023-01-10,4.366713523864746,5.369999885559082,5.400000095367432,5.320000171661377,5.320000171661377,49100
2023-01-11,4.407369613647461,5.420000076293945,5.449999809265137,5.360000133514404,5.369999885559082,44600
2023-01-12,4.407369613647461,5.420000076293945,5.429999828338623,5.380000114440918,5.420000076293945,86400
2023-01-13,4.423635005950928,5.440000057220459,5.5,5.400000095367432,5.400000095367432,108900
2023-01-17,4.415503025054932,5.429999828338623,5.489999771118164,5.409999847412109,5.440000057220459,42200
2023-01-18,4.431766510009766,5.449999809265137,5.5,5.449999809265137,5.5,43800
2023-01-19,4.423635005950928,5.440000057220459,5.480000019073486,5.429999828338623,5.429999828338623,25800
2023-01-20,4.480556011199951,5.510000228881836,5.550000190734863,5.429999828338623,5.449999809265137,64500
2023-01-23,4.521214485168457,5.559999942779541,5.570000171661377,5.510000228881836,5.539999961853027,60700
2023-01-24,4.537478446960449,5.579999923706055,5.630000114440918,5.559999942779541,5.570000171661377,59400
2023-01-25,4.513082504272461,5.550000190734863,5.590000152587891,5.539999961853027,5.550000190734863,43400
2023-01-26,4.553740978240967,5.599999904632568,5.650000095367432,5.550000190734863,5.550000190734863,25100
2023-01-27,4.553740978240967,5.599999904632568,5.639999866485596,5.570000171661377,5.570000171661377,16100
2023-01-30,4.513082504272461,5.550000190734863,5.699999809265137,5.53000020980835,5.550000190734863,59500
2023-01-31,4.570003986358643,5.619999885559082,5.650000095367432,5.550000190734863,5.550000190734863,18800
2023-02-01,4.561872959136963,5.610000133514404,5.619999885559082,5.550000190734863,5.619999885559082,92900
2023-02-02,4.618795394897461,5.679999828338623,5.71999979019165,5.599999904632568,5.639999866485596,79900
2023-02-03,4.594400405883789,5.650000095367432,5.710000038146973,5.630000114440918,5.699999809265137,146100
2023-02-06,4.594400405883789,5.650000095367432,5.699999809265137,5.639999866485596,5.639999866485596,69400
2023-02-07,4.659453392028809,5.730000019073486,5.75,5.659999847412109,5.670000076293945,44300
2023-02-08,4.659453392028809,5.730000019073486,5.78000020980835,5.690000057220459,5.690000057220459,60300
2023-02-09,4.675716400146484,5.75,5.769999980926514,5.730000019073486,5.730000019073486,77300
2023-02-10,4.6937689781188965,5.71999979019165,5.739999771118164,5.650000095367432,5.670000076293945,25300
2023-02-13,4.6937689781188965,5.71999979019165,5.75,5.679999828338623,5.710000038146973,36400
2023-02-14,4.718387126922607,5.75,5.769999980926514,5.679999828338623,5.71999979019165,88700
2023-02-15,4.718387126922607,5.75,5.75,5.710000038146973,5.71999979019165,49800
2023-02-16,4.6937689781188965,5.71999979019165,5.75,5.699999809265137,5.730000019073486,18600
2023-02-17,4.685563564300537,5.710000038146973,5.730000019073486,5.670000076293945,5.679999828338623,35500
2023-02-21,4.619916915893555,5.630000114440918,5.730000019073486,5.610000133514404,5.71999979019165,59400
2023-02-22,4.636327266693115,5.650000095367432,5.659999847412109,5.630000114440918,5.639999866485596,22200
2023-02-23,4.644533157348633,5.659999847412109,5.670000076293945,5.639999866485596,5.650000095367432,12000
2023-02-24,4.660945892333984,5.679999828338623,5.690000057220459,5.599999904632568,5.659999847412109,57100
2023-02-27,4.660945892333984,5.679999828338623,5.699999809265137,5.670000076293945,5.679999828338623,45900
2023-02-28,4.677358150482178,5.699999809265137,5.739999771118164,5.659999847412109,5.679999828338623,78000
2023-03-01,4.685563564300537,5.710000038146973,5.730000019073486,5.670000076293945,5.670000076293945,44800
2023-03-02,4.660945892333984,5.679999828338623,5.710000038146973,5.679999828338623,5.679999828338623,77800
2023-03-03,4.677358150482178,5.699999809265137,5.71999979019165,5.650000095367432,5.670000076293945,46200
2023-03-06,4.669151782989502,5.690000057220459,5.730000019073486,5.670000076293945,5.679999828338623,204800
2023-03-07,4.669151782989502,5.690000057220459,5.739999771118164,5.670000076293945,5.679999828338623,88500
2023-03-08,4.726592540740967,5.760000228881836,5.760000228881836,5.650000095367432,5.679999828338623,51000
2023-03-09,4.628121376037598,5.639999866485596,5.760000228881836,5.639999866485596,5.730000019073486,129200
2023-03-10,4.522918224334717,5.460000038146973,5.679999828338623,5.449999809265137,5.590000152587891,74400
2023-03-13,4.357243537902832,5.260000228881836,5.440000057220459,5.25,5.409999847412109,90200
2023-03-14,4.39866304397583,5.309999942779541,5.369999885559082,5.28000020980835,5.28000020980835,52200
2023-03-15,4.357243537902832,5.260000228881836,5.300000190734863,5.239999771118164,5.289999961853027,55800
2023-03-16,4.365527629852295,5.269999980926514,5.329999923706055,5.230000019073486,5.230000019073486,86900
2023-03-17,4.357243537902832,5.260000228881836,5.289999961853027,5.25,5.260000228881836,105500
2023-03-20,4.373811721801758,5.28000020980835,5.340000152587891,5.25,5.329999923706055,74700
2023-03-21,4.390379905700684,5.300000190734863,5.340000152587891,5.260000228881836,5.289999961853027,63300
2023-03-22,4.39866304397583,5.309999942779541,5.329999923706055,5.300000190734863,5.300000190734863,23900
2023-03-23,4.373811721801758,5.28000020980835,5.360000133514404,5.28000020980835,5.289999961853027,33200
2023-03-24,4.365527629852295,5.269999980926514,5.300000190734863,5.239999771118164,5.28000020980835,38500
2023-03-27,4.3820953369140625,5.289999961853027,5.329999923706055,5.269999980926514,5.269999980926514,55000
2023-03-28,4.3489603996276855,5.25,5.309999942779541,5.25,5.309999942779541,39200
2023-03-29,4.3820953369140625,5.289999961853027,5.320000171661377,5.260000228881836,5.260000228881836,46600
2023-03-30,4.4152302742004395,5.329999923706055,5.349999904632568,5.309999942779541,5.329999923706055,44900
2023-03-31,4.431798458099365,5.349999904632568,5.380000114440918,5.340000152587891,5.340000152587891,115500
2023-04-03,4.464931488037109,5.389999866485596,5.400000095367432,5.340000152587891,5.340000152587891,87400
2023-04-04,4.431798458099365,5.349999904632568,5.409999847412109,5.349999904632568,5.380000114440918,93100
2023-04-05,4.390379905700684,5.300000190734863,5.360000133514404,5.289999961853027,5.349999904632568,103200
2023-04-06,4.390379905700684,5.300000190734863,5.309999942779541,5.289999961853027,5.289999961853027,53000
2023-04-10,4.406946659088135,5.320000171661377,5.340000152587891,5.28000020980835,5.28000020980835,64400
2023-04-11,4.431798458099365,5.349999904632568,5.360000133514404,5.320000171661377,5.320000171661377,62400
2023-04-12,4.451041221618652,5.320000171661377,5.340000152587891,5.289999961853027,5.320000171661377,116300
2023-04-13,4.4677734375,5.340000152587891,5.360000133514404,5.320000171661377,5.320000171661377,85600
2023-04-14,4.4677734375,5.340000152587891,5.360000133514404,5.320000171661377,5.340000152587891,43200
2023-04-17,4.476141929626465,5.349999904632568,5.349999904632568,5.320000171661377,5.340000152587891,47400
2023-04-18,4.50960636138916,5.389999866485596,5.400000095367432,5.360000133514404,5.360000133514404,138900
2023-04-19,4.50960636138916,5.389999866485596,5.389999866485596,5.360000133514404,5.369999885559082,40300
2023-04-20,4.517972946166992,5.400000095367432,5.420000076293945,5.380000114440918,5.400000095367432,43200
2023-04-21,4.476141929626465,5.349999904632568,5.380000114440918,5.329999923706055,5.369999885559082,57000
2023-04-24,4.476141929626465,5.349999904632568,5.380000114440918,5.329999923706055,5.329999923706055,58000
2023-04-25,4.442673683166504,5.309999942779541,5.349999904632568,5.289999961853027,5.349999904632568,118400
2023-04-26,4.425940990447998,5.289999961853027,5.320000171661377,5.269999980926514,5.289999961853027,64600
2023-04-27,4.442673683166504,5.309999942779541,5.329999923706055,5.28000020980835,5.28000020980835,54500
2023-04-28,4.451041221618652,5.320000171661377,5.329999923706055,5.289999961853027,5.289999961853027,58400
2023-05-01,4.459407806396484,5.329999923706055,5.349999904632568,5.300000190734863,5.300000190734863,65100
2023-05-02,4.425940990447998,5.289999961853027,5.329999923706055,5.260000228881836,5.309999942779541,82600
2023-05-03,4.425940990447998,5.289999961853027,5.329999923706055,5.28000020980835,5.28000020980835,100600
2023-05-04,4.409206867218018,5.269999980926514,5.340000152587891,5.260000228881836,5.28000020980835,74200
2023-05-05,4.425940990447998,5.289999961853027,5.329999923706055,5.28000020980835,5.289999961853027,58000
2023-05-08,4.434308052062988,5.300000190734863,5.349999904632568,5.300000190734863,5.320000171661377,25700
2023-05-09,4.459407806396484,5.329999923706055,5.329999923706055,5.289999961853027,5.309999942779541,46500
2023-05-10,4.461942672729492,5.28000020980835,5.300000190734863,5.269999980926514,5.300000190734863,25000
2023-05-11,4.419688701629639,5.230000019073486,5.269999980926514,5.21999979019165,5.269999980926514,28900
2023-05-12,4.411239147186279,5.21999979019165,5.25,5.21999979019165,5.230000019073486,43700
2023-05-15,4.445040702819824,5.260000228881836,5.260000228881836,5.21999979019165,5.21999979019165,40500
2023-05-16,4.4027886390686035,5.210000038146973,5.260000228881836,5.210000038146973,5.239999771118164,23400
2023-05-17,4.445040702819824,5.260000228881836,5.269999980926514,5.21999979019165,5.230000019073486,27000
2023-05-18,4.445040702819824,5.260000228881836,5.300000190734863,5.21999979019165,5.28000020980835,94600
2023-05-19,4.4281392097473145,5.239999771118164,5.28000020980835,5.230000019073486,5.28000020980835,24700
2023-05-22,4.436591148376465,5.25,5.28000020980835,5.239999771118164,5.239999771118164,24300
2023-05-23,4.411239147186279,5.21999979019165,5.260000228881836,5.21999979019165,5.230000019073486,64500
2023-05-24,4.411239147186279,5.21999979019165,5.239999771118164,5.210000038146973,5.21999979019165,50400
2023-05-25,4.4027886390686035,5.210000038146973,5.239999771118164,5.199999809265137,5.21999979019165,61700
2023-05-26,4.4281392097473145,5.239999771118164,5.25,5.210000038146973,5.210000038146973,25400
2023-05-30,4.4027886390686035,5.210000038146973,5.25,5.210000038146973,5.239999771118164,63400
2023-05-31,4.4281392097473145,5.239999771118164,5.25,5.199999809265137,5.210000038146973,80100
2023-06-01,4.461942672729492,5.28000020980835,5.289999961853027,5.210000038146973,5.21999979019165,40600
2023-06-02,4.504195690155029,5.329999923706055,5.349999904632568,5.289999961853027,5.289999961853027,20400
2023-06-05,4.529548168182373,5.360000133514404,5.389999866485596,5.340000152587891,5.380000114440918,80700
2023-06-06,4.5210981369018555,5.349999904632568,5.389999866485596,5.329999923706055,5.340000152587891,29600
2023-06-07,4.537998676300049,5.369999885559082,5.420000076293945,5.349999904632568,5.349999904632568,65400
2023-06-08,4.537998676300049,5.369999885559082,5.389999866485596,5.349999904632568,5.389999866485596,40400
2023-06-09,4.549094200134277,5.329999923706055,5.349999904632568,5.309999942779541,5.349999904632568,40600
2023-06-12,4.514954090118408,5.289999961853027,5.349999904632568,5.289999961853027,5.329999923706055,54200
2023-06-13,4.5320234298706055,5.309999942779541,5.340000152587891,5.300000190734863,5.309999942779541,27400
2023-06-14,4.506419658660889,5.28000020980835,5.340000152587891,5.28000020980835,5.309999942779541,74100
2023-06-15,4.549094200134277,5.329999923706055,5.329999923706055,5.289999961853027,5.289999961853027,72800
2023-06-16,4.549094200134277,5.329999923706055,5.349999904632568,5.300000190734863,5.309999942779541,54100
2023-06-20,4.540558338165283,5.320000171661377,5.360000133514404,5.300000190734863,5.360000133514404,50300
2023-06-21,4.5320234298706055,5.309999942779541,5.340000152587891,5.300000190734863,5.300000190734863,88900
2023-06-22,4.549094200134277,5.329999923706055,5.349999904632568,5.300000190734863,5.309999942779541,24500
2023-06-23,4.5320234298706055,5.309999942779541,5.349999904632568,5.230000019073486,5.329999923706055,109900
2023-06-26,4.540558338165283,5.320000171661377,5.340000152587891,5.300000190734863,5.300000190734863,43700
2023-06-27,4.557628154754639,5.340000152587891,5.349999904632568,5.309999942779541,5.309999942779541,33000
2023-06-28,4.625907897949219,5.420000076293945,5.420000076293945,5.329999923706055,5.329999923706055,59900
2023-06-29,4.642977237701416,5.440000057220459,5.480000019073486,5.400000095367432,5.400000095367432,40600
2023-06-30,4.6600470542907715,5.460000038146973,5.480000019073486,5.429999828338623,5.460000038146973,42700
2023-07-03,4.677116870880127,5.480000019073486,5.480000019073486,5.460000038146973,5.46999979019165,18800
2023-07-05,4.65151309967041,5.449999809265137,5.480000019073486,5.440000057220459,5.449999809265137,57200
2023-07-06,4.608837604522705,5.400000095367432,5.480000019073486,5.400000095367432,5.440000057220459,64000
2023-07-07,4.625907897949219,5.420000076293945,5.460000038146973,5.409999847412109,5.409999847412109,41700
2023-07-10,4.65151309967041,5.449999809265137,5.510000228881836,5.420000076293945,5.510000228881836,36200
2023-07-11,4.65151309967041,5.449999809265137,5.480000019073486,5.440000057220459,5.449999809265137,106100
2023-07-12,4.688572406768799,5.440000057220459,5.449999809265137,5.409999847412109,5.440000057220459,92400
2023-07-13,4.679953575134277,5.429999828338623,5.449999809265137,5.420000076293945,5.429999828338623,53900
2023-07-14,4.654097557067871,5.400000095367432,5.429999828338623,5.400000095367432,5.420000076293945,77400
2023-07-17,4.679953575134277,5.429999828338623,5.429999828338623,5.400000095367432,5.409999847412109,64300
2023-07-18,4.6713361740112305,5.420000076293945,5.460000038146973,5.400000095367432,5.449999809265137,77700
2023-07-19,4.654097557067871,5.400000095367432,5.440000057220459,5.389999866485596,5.409999847412109,69600
2023-07-20,4.654097557067871,5.400000095367432,5.429999828338623,5.389999866485596,5.429999828338623,72000
2023-07-21,4.6713361740112305,5.420000076293945,5.440000057220459,5.389999866485596,5.389999866485596,111300
2023-07-24,4.714428901672363,5.46999979019165,5.46999979019165,5.429999828338623,5.429999828338623,44300
2023-07-25,4.705810070037842,5.460000038146973,5.480000019073486,5.449999809265137,5.480000019073486,72200
2023-07-26,4.723047256469727,5.480000019073486,5.480000019073486,5.440000057220459,5.480000019073486,80100
2023-07-27,4.714428901672363,5.46999979019165,5.480000019073486,5.460000038146973,5.480000019073486,73000
2023-07-28,4.748903274536133,5.510000228881836,5.519999980926514,5.46999979019165,5.480000019073486,98600
2023-07-31,4.809234619140625,5.579999923706055,5.590000152587891,5.510000228881836,5.510000228881836,115000
2023-08-01,4.809234619140625,5.579999923706055,5.599999904632568,5.519999980926514,5.590000152587891,58000
2023-08-02,4.800616264343262,5.570000171661377,5.590000152587891,5.539999961853027,5.570000171661377,70800
2023-08-03,4.8178534507751465,5.590000152587891,5.610000133514404,5.559999942779541,5.570000171661377,100300
2023-08-04,4.886802673339844,5.670000076293945,5.690000057220459,5.599999904632568,5.599999904632568,113700
2023-08-07,4.886802673339844,5.670000076293945,5.730000019073486,5.639999866485596,5.71999979019165,210500
2023-08-08,4.90403938293457,5.690000057220459,5.710000038146973,5.610000133514404,5.670000076293945,175300
2023-08-09,4.886802673339844,5.670000076293945,5.710000038146973,5.659999847412109,5.710000038146973,85000
2023-08-10,4.900731563568115,5.630000114440918,5.679999828338623,5.610000133514404,5.650000095367432,88500
2023-08-11,4.918139934539795,5.650000095367432,5.659999847412109,5.570000171661377,5.579999923706055,103600
2023-08-14,4.892025947570801,5.619999885559082,5.690000057220459,5.590000152587891,5.659999847412109,88900
2023-08-15,4.874615669250488,5.599999904632568,5.630000114440918,5.579999923706055,5.619999885559082,29100
2023-08-16,4.883321762084961,5.610000133514404,5.639999866485596,5.579999923706055,5.610000133514404,49800
2023-08-17,4.874615669250488,5.599999904632568,5.639999866485596,5.590000152587891,5.610000133514404,79500
2023-08-18,4.918139934539795,5.650000095367432,5.699999809265137,5.590000152587891,5.610000133514404,181300
2023-08-21,4.952957630157471,5.690000057220459,5.690000057220459,5.659999847412109,5.670000076293945,44000
2023-08-22,4.987777233123779,5.730000019073486,5.769999980926514,5.679999828338623,5.699999809265137,95700
2023-08-23,4.996481418609619,5.739999771118164,5.769999980926514,5.679999828338623,5.739999771118164,27800
2023-08-24,4.979072570800781,5.71999979019165,5.760000228881836,5.710000038146973,5.710000038146973,43900
2023-08-25,5.040005207061768,5.789999961853027,5.809999942779541,5.730000019073486,5.730000019073486,61000
2023-08-28,5.031301498413086,5.78000020980835,5.840000152587891,5.75,5.789999961853027,85100
2023-08-29,5.02259635925293,5.769999980926514,5.800000190734863,5.75,5.769999980926514,34100
2023-08-30,4.979072570800781,5.71999979019165,5.769999980926514,5.690000057220459,5.760000228881836,148500
2023-08-31,4.996481418609619,5.739999771118164,5.840000152587891,5.679999828338623,5.71999979019165,82600
2023-09-01,5.02259635925293,5.769999980926514,5.809999942779541,5.710000038146973,5.760000228881836,73800
2023-09-05,5.040005207061768,5.789999961853027,5.860000133514404,5.71999979019165,5.760000228881836,177300
2023-09-06,5.040005207061768,5.789999961853027,5.849999904632568,5.739999771118164,5.800000190734863,96800
2023-09-07,5.005187511444092,5.75,5.829999923706055,5.75,5.829999923706055,90100
2023-09-08,5.054413318634033,5.75,5.800000190734863,5.690000057220459,5.730000019073486,144400
2023-09-11,5.089573383331299,5.789999961853027,5.800000190734863,5.760000228881836,5.760000228881836,65900
2023-09-12,5.115943908691406,5.820000171661377,5.820000171661377,5.789999961853027,5.800000190734863,40300
2023-09-13,5.098363876342773,5.800000190734863,5.849999904632568,5.789999961853027,5.829999923706055,87500
2023-09-14,5.14231538772583,5.849999904632568,5.880000114440918,5.829999923706055,5.829999923706055,95200
2023-09-15,5.089573383331299,5.789999961853027,5.860000133514404,5.75,5.829999923706055,93900
2023-09-18,5.089573383331299,5.789999961853027,5.820000171661377,5.75,5.809999942779541,81600
2023-09-19,5.098363876342773,5.800000190734863,5.809999942779541,5.760000228881836,5.809999942779541,29800
2023-09-20,5.080783843994141,5.78000020980835,5.829999923706055,5.78000020980835,5.800000190734863,51300
2023-09-21,5.098363876342773,5.800000190734863,5.820000171661377,5.769999980926514,5.800000190734863,68300
2023-09-22,5.221426963806152,5.940000057220459,5.940000057220459,5.78000020980835,5.829999923706055,131700
2023-09-25,5.23900842666626,5.960000038146973,5.980000019073486,5.849999904632568,5.929999828338623,98200
2023-09-26,5.1686859130859375,5.880000114440918,5.980000019073486,5.860000133514404,5.929999828338623,57700
2023-09-27,5.203847885131836,5.920000076293945,5.960000038146973,5.849999904632568,5.889999866485596,111400
2023-09-28,5.221426963806152,5.940000057220459,5.949999809265137,5.860000133514404,5.949999809265137,78800
2023-09-29,5.1862664222717285,5.900000095367432,5.980000019073486,5.849999904632568,5.980000019073486,47800
2023-10-02,5.14231538772583,5.849999904632568,5.960000038146973,5.849999904632568,5.940000057220459,136400
2023-10-03,5.089573383331299,5.789999961853027,5.880000114440918,5.760000228881836,5.849999904632568,60500
2023-10-04,5.1686859130859375,5.880000114440918,5.880000114440918,5.800000190734863,5.820000171661377,114900
2023-10-05,5.230217933654785,5.949999809265137,5.960000038146973,5.849999904632568,5.949999809265137,85500
2023-10-06,5.309330940246582,6.039999961853027,6.119999885559082,5.900000095367432,5.929999828338623,240300
2023-10-09,5.177475929260254,5.889999866485596,6.070000171661377,5.880000114440918,6.059999942779541,213000
2023-10-10,5.177475929260254,5.889999866485596,5.980000019073486,5.840000152587891,5.889999866485596,141900
2023-10-11,5.173926830291748,5.829999923706055,5.929999828338623,5.809999942779541,5.900000095367432,75700
2023-10-12,5.173926830291748,5.829999923706055,5.929999828338623,5.800000190734863,5.840000152587891,91600
2023-10-13,5.236049175262451,5.900000095367432,5.900000095367432,5.849999904632568,5.860000133514404,43800
2023-10-16,5.200550079345703,5.860000133514404,5.920000076293945,5.849999904632568,5.909999847412109,109500
2023-10-17,5.236049175262451,5.900000095367432,5.96999979019165,5.820000171661377,5.869999885559082,229000
2023-10-18,5.271547794342041,5.940000057220459,5.940000057220459,5.889999866485596,5.900000095367432,101600
2023-10-19,5.253798961639404,5.920000076293945,5.989999771118164,5.900000095367432,5.989999771118164,152800
2023-10-20,5.173926830291748,5.829999923706055,5.920000076293945,5.829999923706055,5.909999847412109,95900
2023-10-23,5.085180282592773,5.730000019073486,5.840000152587891,5.679999828338623,5.840000152587891,209600
2023-10-24,5.182800769805908,5.840000152587891,5.869999885559082,5.75,5.75,88000
2023-10-25,5.076305389404297,5.71999979019165,5.849999904632568,5.699999809265137,5.849999904632568,98800
2023-10-26,4.969809532165527,5.599999904632568,5.730000019073486,5.590000152587891,5.730000019073486,71500
2023-10-27,4.969809532165527,5.599999904632568,5.670000076293945,5.590000152587891,5.639999866485596,57600
2023-10-30,5.049680709838867,5.690000057220459,5.769999980926514,5.619999885559082,5.679999828338623,54600
2023-10-31,5.129552841186523,5.78000020980835,5.800000190734863,5.690000057220459,5.71999979019165,60500
2023-11-01,5.2449235916137695,5.909999847412109,5.940000057220459,5.800000190734863,5.820000171661377,78000
2023-11-02,5.360294818878174,6.039999961853027,6.039999961853027,5.920000076293945,5.949999809265137,98500
2023-11-03,5.351419448852539,6.03000020980835,6.090000152587891,5.980000019073486,6.050000190734863,104300
2023-11-06,5.2981719970703125,5.96999979019165,6.079999923706055,5.909999847412109,6.070000171661377,84900
2023-11-07,5.342545032501221,6.019999980926514,6.099999904632568,5.949999809265137,5.96999979019165,151100
2023-11-08,5.422417163848877,6.110000133514404,6.139999866485596,6.03000020980835,6.110000133514404,142900
2023-11-09,5.369169235229492,6.050000190734863,6.150000095367432,6.050000190734863,6.130000114440918,61800
2023-11-10,5.392458438873291,6.019999980926514,6.079999923706055,5.989999771118164,6.03000020980835,87200
2023-11-13,5.544736385345459,6.190000057220459,6.190000057220459,5.96999979019165,6.059999942779541,124600
2023-11-14,5.410373687744141,6.039999961853027,6.25,6.03000020980835,6.199999809265137,148900
2023-11-15,5.428288459777832,6.059999942779541,6.110000133514404,6.019999980926514,6.070000171661377,74100
2023-11-16,5.428288459777832,6.059999942779541,6.090000152587891,6.019999980926514,6.050000190734863,62200
2023-11-17,5.482034683227539,6.119999885559082,6.150000095367432,6.059999942779541,6.099999904632568,84600
2023-11-20,5.473076820373535,6.110000133514404,6.21999979019165,6.090000152587891,6.150000095367432,150900
2023-11-21,5.419331073760986,6.050000190734863,6.110000133514404,6.039999961853027,6.090000152587891,69800
2023-11-22,5.419331073760986,6.050000190734863,6.090000152587891,6.019999980926514,6.090000152587891,77500
2023-11-24,5.437245845794678,6.070000171661377,6.119999885559082,6.050000190734863,6.070000171661377,28600
2023-11-27,5.437245845794678,6.070000171661377,6.079999923706055,6.050000190734863,6.070000171661377,48500
2023-11-28,5.446203708648682,6.079999923706055,6.130000114440918,6.059999942779541,6.059999942779541,43400
2023-11-29,5.455161094665527,6.090000152587891,6.119999885559082,6.039999961853027,6.070000171661377,90400
2023-11-30,5.365586280822754,5.989999771118164,6.079999923706055,5.989999771118164,6.059999942779541,81000
2023-12-01,5.446203708648682,6.079999923706055,6.099999904632568,5.980000019073486,5.980000019073486,21100
2023-12-04,5.347670555114746,5.96999979019165,6.110000133514404,5.940000057220459,6.079999923706055,294700
2023-12-05,5.392458438873291,6.019999980926514,6.019999980926514,5.989999771118164,6.0,89700
2023-12-06,5.428288459777832,6.059999942779541,6.070000171661377,6.0,6.0,84400
2023-12-07,5.482034683227539,6.119999885559082,6.119999885559082,6.019999980926514,6.050000190734863,74100
2023-12-08,5.519129276275635,6.099999904632568,6.159999847412109,6.039999961853027,6.039999961853027,52700
2023-12-11,5.501034736633301,6.079999923706055,6.110000133514404,6.050000190734863,6.090000152587891,61700
2023-12-12,5.5281782150268555,6.110000133514404,6.170000076293945,6.050000190734863,6.110000133514404,40800
2023-12-13,5.537225246429443,6.119999885559082,6.139999866485596,6.079999923706055,6.130000114440918,81200
2023-12-14,5.6367506980896,6.230000019073486,6.25,6.099999904632568,6.099999904632568,95000
2023-12-15,5.645798206329346,6.239999771118164,6.239999771118164,6.159999847412109,6.239999771118164,48700
2023-12-18,5.65484619140625,6.25,6.289999961853027,6.179999828338623,6.25,130000
2023-12-19,5.555321216583252,6.139999866485596,6.300000190734863,6.130000114440918,6.230000019073486,92600
2023-12-20,5.573416709899902,6.159999847412109,6.210000038146973,6.119999885559082,6.170000076293945,56500
2023-12-21,5.546273708343506,6.130000114440918,6.21999979019165,6.110000133514404,6.179999828338623,103200
2023-12-22,5.6638946533203125,6.260000228881836,6.300000190734863,6.150000095367432,6.150000095367432,108600
2023-12-26,5.700085639953613,6.300000190734863,6.329999923706055,6.269999980926514,6.28000020980835,108700
2023-12-27,5.710134983062744,6.25,6.300000190734863,6.239999771118164,6.269999980926514,41600
2023-12-28,5.72840690612793,6.269999980926514,6.28000020980835,6.21999979019165,6.28000020980835,25900
2023-12-29,5.764952182769775,6.309999942779541,6.429999828338623,6.21999979019165,6.28000020980835,239600
2024-01-02,5.801496505737305,6.349999904632568,6.389999866485596,6.25,6.25,61300
2024-01-03,5.737544536590576,6.28000020980835,6.320000171661377,6.230000019073486,6.300000190734863,77800
2024-01-04,5.710134983062744,6.25,6.269999980926514,6.179999828338623,6.260000228881836,96500
2024-01-05,5.737544536590576,6.28000020980835,6.309999942779541,6.230000019073486,6.25,63300
2024-01-08,5.856314182281494,6.409999847412109,6.409999847412109,6.300000190734863,6.309999942779541,54200
2024-01-09,5.792361259460449,6.340000152587891,6.369999885559082,6.309999942779541,6.360000133514404,78900
2024-01-10,5.737544536590576,6.28000020980835,6.320000171661377,6.239999771118164,6.309999942779541,104100
2024-01-11,5.710134983062744,6.25,6.300000190734863,6.199999809265137,6.239999771118164,106000
2024-01-12,5.6918625831604,6.230000019073486,6.260000228881836,6.170000076293945,6.210000038146973,137900
2024-01-16,5.819770336151123,6.369999885559082,6.429999828338623,6.230000019073486,6.25,199900
2024-01-17,5.9202680587768555,6.480000019073486,6.5,6.349999904632568,6.369999885559082,192800
2024-01-18,5.938539505004883,6.5,6.550000190734863,6.380000114440918,6.440000057220459,128600
2024-01-19,5.892858982086182,6.449999809265137,6.53000020980835,6.400000095367432,6.5,72500
2024-01-22,5.929403781890869,6.489999771118164,6.5,6.400000095367432,6.5,72300
2024-01-23,5.911132335662842,6.46999979019165,6.510000228881836,6.449999809265137,6.480000019073486,68100
2024-01-24,5.965949535369873,6.53000020980835,6.550000190734863,6.489999771118164,6.510000228881836,57300
2024-01-25,5.984221458435059,6.550000190734863,6.550000190734863,6.519999980926514,6.539999961853027,36800
2024-01-26,5.9750847816467285,6.539999961853027,6.599999904632568,6.519999980926514,6.570000171661377,46600
2024-01-29,5.938539505004883,6.5,6.539999961853027,6.460000038146973,6.53000020980835,73300
2024-01-30,6.0024943351745605,6.570000171661377,6.570000171661377,6.510000228881836,6.539999961853027,62500
2024-01-31,6.0024943351745605,6.570000171661377,6.610000133514404,6.550000190734863,6.550000190734863,41900
2024-02-01,6.084719657897949,6.659999847412109,6.659999847412109,6.570000171661377,6.599999904632568,56300
2024-02-02,6.039039134979248,6.610000133514404,6.679999828338623,6.610000133514404,6.679999828338623,61200
2024-02-05,6.084719657897949,6.659999847412109,6.699999809265137,6.610000133514404,6.639999866485596,82300
2024-02-06,6.139536380767822,6.71999979019165,6.769999980926514,6.650000095367432,6.679999828338623,126300
2024-02-07,6.157809734344482,6.739999771118164,6.78000020980835,6.710000038146973,6.760000228881836,92300
2024-02-08,6.139536380767822,6.71999979019165,6.840000152587891,6.699999809265137,6.75,141300
2024-02-09,6.057310581207275,6.630000114440918,6.75,6.599999904632568,6.730000019073486,115600
2024-02-12,6.049012660980225,6.559999942779541,6.639999866485596,6.539999961853027,6.630000114440918,180500
2024-02-13,5.975244045257568,6.480000019073486,6.559999942779541,6.460000038146973,6.559999942779541,173300
2024-02-14,5.993686199188232,6.5,6.570000171661377,6.449999809265137,6.510000228881836,98600
2024-02-15,5.984464645385742,6.489999771118164,6.519999980926514,6.480000019073486,6.5,67300
2024-02-16,6.0121283531188965,6.519999980926514,6.519999980926514,6.449999809265137,6.519999980926514,84300
2024-02-20,5.966023921966553,6.46999979019165,6.559999942779541,6.369999885559082,6.539999961853027,144200
2024-02-21,5.956801891326904,6.460000038146973,6.519999980926514,6.460000038146973,6.489999771118164,65200
2024-02-22,5.910696506500244,6.409999847412109,6.539999961853027,6.389999866485596,6.539999961853027,163100
2024-02-23,5.89225435256958,6.389999866485596,6.460000038146973,6.380000114440918,6.449999809265137,116400
2024-02-26,5.84614896774292,6.340000152587891,6.389999866485596,6.300000190734863,6.389999866485596,97700
2024-02-27,5.8645920753479,6.360000133514404,6.369999885559082,6.269999980926514,6.369999885559082,79000
2024-02-28,5.873812675476074,6.369999885559082,6.369999885559082,6.25,6.329999923706055,61000
2024-02-29,5.8645920753479,6.360000133514404,6.420000076293945,6.360000133514404,6.409999847412109,68800
2024-03-01,5.919917106628418,6.420000076293945,6.440000057220459,6.360000133514404,6.360000133514404,76600
2024-03-04,5.947580337524414,6.449999809265137,6.460000038146973,6.400000095367432,6.420000076293945,68600
2024-03-05,5.929139137268066,6.429999828338623,6.460000038146973,6.420000076293945,6.449999809265137,70800
2024-03-06,5.910696506500244,6.409999847412109,6.440000057220459,6.409999847412109,6.409999847412109,97100
2024-03-07,5.929139137268066,6.429999828338623,6.440000057220459,6.409999847412109,6.429999828338623,76600
2024-03-08,5.94868803024292,6.389999866485596,6.440000057220459,6.349999904632568,6.409999847412109,158100
2024-03-11,5.874212741851807,6.309999942779541,6.380000114440918,6.300000190734863,6.369999885559082,164600
2024-03-12,5.902141571044922,6.340000152587891,6.360000133514404,6.260000228881836,6.309999942779541,239600
2024-03-13,5.91145133972168,6.349999904632568,6.380000114440918,6.329999923706055,6.380000114440918,59500
2024-03-14,5.892832279205322,6.329999923706055,6.380000114440918,6.320000171661377,6.380000114440918,82200
2024-03-15,5.91145133972168,6.349999904632568,6.349999904632568,6.309999942779541,6.349999904632568,54300
2024-03-18,5.920760154724121,6.360000133514404,6.369999885559082,6.320000171661377,6.349999904632568,85900
2024-03-19,5.902141571044922,6.340000152587891,6.380000114440918,6.340000152587891,6.380000114440918,49800
2024-03-20,5.930069923400879,6.369999885559082,6.380000114440918,6.349999904632568,6.349999904632568,39300
2024-03-21,5.920760154724121,6.360000133514404,6.380000114440918,6.349999904632568,6.349999904632568,56300
2024-03-22,5.902141571044922,6.340000152587891,6.389999866485596,6.329999923706055,6.389999866485596,43000
2024-03-25,5.91145133972168,6.349999904632568,6.369999885559082,6.340000152587891,6.360000133514404,58000
2024-03-26,5.920760154724121,6.360000133514404,6.380000114440918,6.349999904632568,6.360000133514404,53600
2024-03-27,5.91145133972168,6.349999904632568,6.380000114440918,6.349999904632568,6.380000114440918,36800
2024-03-28,5.920760154724121,6.360000133514404,6.389999866485596,6.349999904632568,6.369999885559082,68400
2024-04-01,5.93937873840332,6.380000114440918,6.389999866485596,6.340000152587891,6.340000152587891,101900
2024-04-02,5.91145133972168,6.349999904632568,6.360000133514404,6.320000171661377,6.320000171661377,62100
2024-04-03,5.902141571044922,6.340000152587891,6.360000133514404,6.309999942779541,6.320000171661377,114300
2024-04-04,5.930069923400879,6.369999885559082,6.369999885559082,6.329999923706055,6.369999885559082,103100
2024-04-05,5.94868803024292,6.389999866485596,6.389999866485596,6.369999885559082,6.369999885559082,37400
2024-04-08,5.94868803024292,6.389999866485596,6.409999847412109,6.380000114440918,6.389999866485596,45500
2024-04-09,5.94868803024292,6.389999866485596,6.429999828338623,6.380000114440918,6.409999847412109,82200
2024-04-10,5.98722505569458,6.369999885559082,6.369999885559082,6.309999942779541,6.340000152587891,45400
2024-04-11,5.940229415893555,6.320000171661377,6.369999885559082,6.309999942779541,6.369999885559082,73500
2024-04-12,5.959027290344238,6.340000152587891,6.349999904632568,6.300000190734863,6.349999904632568,85300
2024-04-15,5.912032127380371,6.289999961853027,6.360000133514404,6.269999980926514,6.349999904632568,66100
2024-04-16,5.959027290344238,6.340000152587891,6.340000152587891,6.269999980926514,6.300000190734863,36900
2024-04-17,5.959027290344238,6.340000152587891,6.369999885559082,6.320000171661377,6.369999885559082,60400
2024-04-18,5.959027290344238,6.340000152587891,6.369999885559082,6.329999923706055,6.360000133514404,54700
2024-04-19,5.98722505569458,6.369999885559082,6.369999885559082,6.349999904632568,6.349999904632568,28000
2024-04-22,5.97782564163208,6.360000133514404,6.380000114440918,6.340000152587891,6.369999885559082,68800
2024-04-23,5.97782564163208,6.360000133514404,6.360000133514404,6.329999923706055,6.360000133514404,65700
2024-04-24,5.959027290344238,6.340000152587891,6.360000133514404,6.329999923706055,6.360000133514404,102000
2024-04-25,5.9496283531188965,6.329999923706055,6.340000152587891,6.309999942779541,6.320000171661377,63700
2024-04-26,5.9496283531188965,6.329999923706055,6.360000133514404,6.320000171661377,6.360000133514404,48700
2024-04-29,5.968426704406738,6.349999904632568,6.360000133514404,6.329999923706055,6.329999923706055,49400
2024-04-30,5.968426704406738,6.349999904632568,6.360000133514404,6.340000152587891,6.349999904632568,35900
2024-05-01,5.97782564163208,6.360000133514404,6.369999885559082,6.340000152587891,6.349999904632568,86200
2024-05-02,5.98722505569458,6.369999885559082,6.369999885559082,6.349999904632568,6.349999904632568,40700
2024-05-03,6.0060224533081055,6.389999866485596,6.400000095367432,6.360000133514404,6.369999885559082,73300
2024-05-06,6.081216335296631,6.46999979019165,6.46999979019165,6.369999885559082,6.380000114440918,136600
2024-05-07,6.081216335296631,6.46999979019165,6.5,6.440000057220459,6.46999979019165,97200
2024-05-08,6.053019046783447,6.440000057220459,6.480000019073486,6.380000114440918,6.46999979019165,63800
2024-05-09,6.034219741821289,6.420000076293945,6.449999809265137,6.409999847412109,6.420000076293945,68300
2024-05-10,6.063636779785156,6.389999866485596,6.409999847412109,6.369999885559082,6.389999866485596,57600
2024-05-13,6.054147720336914,6.380000114440918,6.389999866485596,6.360000133514404,6.389999866485596,45000
2024-05-14,6.063636779785156,6.389999866485596,6.400000095367432,6.360000133514404,6.400000095367432,80000
2024-05-15,6.1015944480896,6.429999828338623,6.440000057220459,6.400000095367432,6.440000057220459,64300
2024-05-16,6.092104434967041,6.420000076293945,6.420000076293945,6.360000133514404,6.420000076293945,103200
2024-05-17,6.1015944480896,6.429999828338623,6.429999828338623,6.409999847412109,6.429999828338623,40400
2024-05-20,6.092104434967041,6.420000076293945,6.449999809265137,6.400000095367432,6.429999828338623,96100
2024-05-21,6.092104434967041,6.420000076293945,6.449999809265137,6.409999847412109,6.429999828338623,56200
2024-05-22,6.073126792907715,6.400000095367432,6.460000038146973,6.389999866485596,6.440000057220459,87900
2024-05-23,6.063636779785156,6.389999866485596,6.440000057220459,6.380000114440918,6.420000076293945,72200
2024-05-24,6.063636779785156,6.389999866485596,6.420000076293945,6.389999866485596,6.409999847412109,24500
2024-05-28,6.063636779785156,6.389999866485596,6.400000095367432,6.389999866485596,6.389999866485596,92800
2024-05-29,6.03516960144043,6.360000133514404,6.400000095367432,6.349999904632568,6.389999866485596,93600
2024-05-30,6.044658660888672,6.369999885559082,6.380000114440918,6.360000133514404,6.380000114440918,26100
2024-05-31,6.111083984375,6.440000057220459,6.440000057220459,6.369999885559082,6.389999866485596,61300
2024-06-03,6.073126792907715,6.400000095367432,6.440000057220459,6.360000133514404,6.440000057220459,48900
2024-06-04,6.092104434967041,6.420000076293945,6.429999828338623,6.360000133514404,6.369999885559082,72800
2024-06-05,6.120572090148926,6.449999809265137,6.449999809265137,6.389999866485596,6.440000057220459,92100
2024-06-06,6.092104434967041,6.420000076293945,6.429999828338623,6.389999866485596,6.420000076293945,51000
2024-06-07,6.168018817901611,6.5,6.5,6.429999828338623,6.429999828338623,38500
2024-06-10,6.111083984375,6.440000057220459,6.539999961853027,6.409999847412109,6.539999961853027,72800
2024-06-11,6.130061626434326,6.460000038146973,6.489999771118164,6.360000133514404,6.360000133514404,59600
2024-06-12,6.149040699005127,6.480000019073486,6.5,6.449999809265137,6.449999809265137,52600
2024-06-13,6.102101802825928,6.369999885559082,6.46999979019165,6.340000152587891,6.449999809265137,53800
2024-06-14,6.054203987121582,6.320000171661377,6.420000076293945,6.300000190734863,6.369999885559082,63500
2024-06-17,6.092522144317627,6.360000133514404,6.360000133514404,6.320000171661377,6.320000171661377,35200
2024-06-18,6.073362827301025,6.340000152587891,6.380000114440918,6.320000171661377,6.360000133514404,41600
2024-06-20,6.073362827301025,6.340000152587891,6.409999847412109,6.320000171661377,6.369999885559082,71700
2024-06-21,6.073362827301025,6.340000152587891,6.369999885559082,6.329999923706055,6.360000133514404,24800
2024-06-24,6.082942485809326,6.349999904632568,6.360000133514404,6.320000171661377,6.340000152587891,98900
2024-06-25,6.111680507659912,6.380000114440918,6.420000076293945,6.309999942779541,6.369999885559082,125000
2024-06-26,6.111680507659912,6.380000114440918,6.429999828338623,6.329999923706055,6.400000095367432,46000
2024-06-27,6.092522144317627,6.360000133514404,6.429999828338623,6.360000133514404,6.380000114440918,56200
2024-06-28,6.073362827301025,6.340000152587891,6.400000095367432,6.340000152587891,6.360000133514404,50600
2024-07-01,6.102101802825928,6.369999885559082,6.389999866485596,6.329999923706055,6.329999923706055,51300
2024-07-02,6.102101802825928,6.369999885559082,6.409999847412109,6.340000152587891,6.340000152587891,54400
2024-07-03,6.1595778465271,6.429999828338623,6.480000019073486,6.360000133514404,6.400000095367432,78400
2024-07-05,6.1978960037231445,6.46999979019165,6.480000019073486,6.420000076293945,6.420000076293945,96800
2024-07-08,6.1978960037231445,6.46999979019165,6.489999771118164,6.449999809265137,6.449999809265137,60500
2024-07-09,6.21705436706543,6.489999771118164,6.510000228881836,6.429999828338623,6.480000019073486,132100
2024-07-10,6.1978960037231445,6.46999979019165,6.5,6.46999979019165,6.480000019073486,97200
2024-07-11,6.189191818237305,6.400000095367432,6.46999979019165,6.380000114440918,6.420000076293945,56500
2024-07-12,6.150509834289551,6.360000133514404,6.460000038146973,6.320000171661377,6.389999866485596,72100
2024-07-15,6.16018009185791,6.369999885559082,6.460000038146973,6.329999923706055,6.360000133514404,100100
2024-07-16,6.131169319152832,6.340000152587891,6.389999866485596,6.340000152587891,6.360000133514404,57000
2024-07-17,6.131169319152832,6.340000152587891,6.349999904632568,6.329999923706055,6.329999923706055,95400
2024-07-18,6.121498107910156,6.329999923706055,6.369999885559082,6.309999942779541,6.369999885559082,104000
2024-07-19,6.0924859046936035,6.300000190734863,6.349999904632568,6.28000020980835,6.349999904632568,70300
2024-07-22,6.111827850341797,6.320000171661377,6.340000152587891,6.28000020980835,6.28000020980835,79300
2024-07-23,6.073145389556885,6.28000020980835,6.309999942779541,6.28000020980835,6.289999961853027,83400
2024-07-24,6.063473701477051,6.269999980926514,6.300000190734863,6.25,6.28000020980835,78000
2024-07-25,6.05380392074585,6.260000228881836,6.300000190734863,6.25,6.260000228881836,86800
2024-07-26,6.073145389556885,6.28000020980835,6.309999942779541,6.269999980926514,6.28000020980835,35900
2024-07-29,6.0924859046936035,6.300000190734863,6.320000171661377,6.260000228881836,6.289999961853027,62400
2024-07-30,6.102157115936279,6.309999942779541,6.309999942779541,6.260000228881836,6.28000020980835,60500
2024-07-31,6.102157115936279,6.309999942779541,6.340000152587891,6.269999980926514,6.320000171661377,56300
2024-08-01,6.140839099884033,6.349999904632568,6.360000133514404,6.300000190734863,6.300000190734863,79500
2024-08-02,5.976438999176025,6.179999828338623,6.289999961853027,6.079999923706055,6.289999961853027,165100
2024-08-05,5.812038421630859,6.010000228881836,6.119999885559082,5.96999979019165,6.119999885559082,183400
2024-08-06,5.889403343200684,6.090000152587891,6.099999904632568,6.0,6.019999980926514,102100
2024-08-07,5.957097053527832,6.159999847412109,6.210000038146973,6.110000133514404,6.110000133514404,114500
2024-08-08,6.005451202392578,6.210000038146973,6.210000038146973,6.170000076293945,6.190000057220459,29900
2024-08-09,6.024791717529297,6.230000019073486,6.25,6.210000038146973,6.239999771118164,95200
2024-08-12,6.058940410614014,6.210000038146973,6.210000038146973,6.150000095367432,6.199999809265137,51800
2024-08-13,6.058940410614014,6.210000038146973,6.21999979019165,6.170000076293945,6.210000038146973,47600
2024-08-14,6.039427280426025,6.190000057220459,6.199999809265137,6.170000076293945,6.179999828338623,64200
2024-08-15,6.107724189758301,6.260000228881836,6.28000020980835,6.179999828338623,6.179999828338623,66000
2024-08-16,6.06869649887085,6.21999979019165,6.25,6.190000057220459,6.25,87100
2024-08-19,6.088210105895996,6.239999771118164,6.260000228881836,6.210000038146973,6.25,99600
2024-08-20,6.0491838455200195,6.199999809265137,6.230000019073486,6.190000057220459,6.230000019073486,36300
2024-08-21,6.117480754852295,6.269999980926514,6.269999980926514,6.199999809265137,6.199999809265137,34400
2024-08-22,6.06869649887085,6.21999979019165,6.260000228881836,6.21999979019165,6.239999771118164,22300
2024-08-23,6.088210105895996,6.239999771118164,6.25,6.21999979019165,6.21999979019165,32600
2024-08-26,6.088210105895996,6.239999771118164,6.269999980926514,6.210000038146973,6.269999980926514,73200
2024-08-27,6.088210105895996,6.239999771118164,6.25,6.210000038146973,6.210000038146973,37000
2024-08-28,6.06869649887085,6.21999979019165,6.25,6.21999979019165,6.21999979019165,31600
2024-08-29,6.127237796783447,6.28000020980835,6.28000020980835,6.210000038146973,6.21999979019165,28600
2024-08-30,6.107724189758301,6.260000228881836,6.289999961853027,6.260000228881836,6.289999961853027,43300
2024-09-03,6.097967147827148,6.25,6.309999942779541,6.210000038146973,6.260000228881836,101300
2024-09-04,6.107724189758301,6.260000228881836,6.289999961853027,6.21999979019165,6.239999771118164,41900
2024-09-05,6.117480754852295,6.269999980926514,6.269999980926514,6.25,6.269999980926514,31600
2024-09-06,6.097967147827148,6.25,6.28000020980835,6.239999771118164,6.28000020980835,46600
2024-09-09,6.127237796783447,6.28000020980835,6.300000190734863,6.239999771118164,6.239999771118164,54300
2024-09-10,6.127237796783447,6.28000020980835,6.289999961853027,6.239999771118164,6.28000020980835,103000
2024-09-11,6.097967147827148,6.25,6.289999961853027,6.239999771118164,6.289999961853027,69700
2024-09-12,6.117480754852295,6.269999980926514,6.28000020980835,6.25,6.25,54300
2024-09-13,6.111576080322266,6.210000038146973,6.239999771118164,6.210000038146973,6.239999771118164,90500
2024-09-16,6.072210311889648,6.170000076293945,6.230000019073486,6.150000095367432,6.21999979019165,102100
2024-09-17,6.0820512771606445,6.179999828338623,6.199999809265137,6.150000095367432,6.199999809265137,56000
2024-09-18,6.062367916107178,6.159999847412109,6.199999809265137,6.150000095367432,6.179999828338623,27600
2024-09-19,6.091893196105957,6.190000057220459,6.199999809265137,6.159999847412109,6.199999809265137,75400
2024-09-20,6.0820512771606445,6.179999828338623,6.190000057220459,6.150000095367432,6.170000076293945,66700
2024-09-23,6.042685031890869,6.139999866485596,6.199999809265137,6.139999866485596,6.159999847412109,60600
2024-09-24,6.042685031890869,6.139999866485596,6.170000076293945,6.119999885559082,6.139999866485596,87500
2024-09-25,6.0820512771606445,6.179999828338623,6.190000057220459,6.139999866485596,6.170000076293945,106800
2024-09-26,6.072210311889648,6.170000076293945,6.190000057220459,6.159999847412109,6.179999828338623,28600
2024-09-27,6.072210311889648,6.170000076293945,6.199999809265137,6.159999847412109,6.199999809265137,59900
2024-09-30,6.0820512771606445,6.179999828338623,6.199999809265137,6.139999866485596,6.139999866485596,44800
2024-10-01,6.091893196105957,6.190000057220459,6.230000019073486,6.179999828338623,6.210000038146973,55400
2024-10-02,6.091893196105957,6.190000057220459,6.199999809265137,6.170000076293945,6.190000057220459,42200
2024-10-03,6.0820512771606445,6.179999828338623,6.199999809265137,6.159999847412109,6.179999828338623,83900
2024-10-04,6.12141752243042,6.21999979019165,6.239999771118164,6.190000057220459,6.199999809265137,63900
2024-10-07,6.160783767700195,6.260000228881836,6.269999980926514,6.21999979019165,6.230000019073486,50100
2024-10-08,6.180466651916504,6.28000020980835,6.289999961853027,6.260000228881836,6.28000020980835,36900
2024-10-09,6.160783767700195,6.260000228881836,6.289999961853027,6.260000228881836,6.289999961853027,60600
2024-10-10,6.170624732971191,6.269999980926514,6.289999961853027,6.269999980926514,6.28000020980835,36100
2024-10-11,6.19245719909668,6.239999771118164,6.260000228881836,6.210000038146973,6.210000038146973,41100
2024-10-14,6.202381134033203,6.25,6.28000020980835,6.21999979019165,6.239999771118164,86500
2024-10-15,6.19245719909668,6.239999771118164,6.269999980926514,6.230000019073486,6.25,32700
2024-10-16,6.172609329223633,6.21999979019165,6.260000228881836,6.21999979019165,6.230000019073486,63000
2024-10-17,6.19245719909668,6.239999771118164,6.25,6.21999979019165,6.21999979019165,66800
2024-10-18,6.162685871124268,6.210000038146973,6.25,6.190000057220459,6.239999771118164,175900
2024-10-21,6.1825337409973145,6.230000019073486,6.25,6.199999809265137,6.199999809265137,86800
2024-10-22,6.202381134033203,6.25,6.269999980926514,6.230000019073486,6.230000019073486,73600
2024-10-23,6.162685871124268,6.210000038146973,6.239999771118164,6.210000038146973,6.230000019073486,50800
2024-10-24,6.172609329223633,6.21999979019165,6.25,6.210000038146973,6.210000038146973,32700
2024-10-25,6.202381134033203,6.25,6.269999980926514,6.239999771118164,6.239999771118164,27300
2024-10-28,6.172609329223633,6.21999979019165,6.260000228881836,6.21999979019165,6.239999771118164,9600
2024-10-29,6.152761936187744,6.199999809265137,6.230000019073486,6.199999809265137,6.21999979019165,82700
2024-10-30,6.162685871124268,6.210000038146973,6.21999979019165,6.199999809265137,6.199999809265137,24500
2024-10-31,6.172609329223633,6.21999979019165,6.239999771118164,6.210000038146973,6.210000038146973,24300
2024-11-01,6.19245719909668,6.239999771118164,6.25,6.230000019073486,6.239999771118164,32800
2024-11-04,6.172609329223633,6.21999979019165,6.239999771118164,6.199999809265137,6.239999771118164,36400
2024-11-05,6.172609329223633,6.21999979019165,6.25,6.199999809265137,6.199999809265137,42000
2024-11-06,6.1825337409973145,6.230000019073486,6.260000228881836,6.21999979019165,6.25,46700
2024-11-07,6.252000331878662,6.300000190734863,6.300000190734863,6.25,6.260000228881836,58600
2024-11-08,6.269999980926514,6.269999980926514,6.28000020980835,6.230000019073486,6.260000228881836,74200
2024-11-11,6.300000190734863,6.300000190734863,6.300000190734863,6.239999771118164,6.28000020980835,51400
2024-11-12,6.230000019073486,6.230000019073486,6.269999980926514,6.230000019073486,6.25,52100
2024-11-13,6.239999771118164,6.239999771118164,6.269999980926514,6.21999979019165,6.230000019073486,53500
2024-11-14,6.210000038146973,6.210000038146973,6.239999771118164,6.210000038146973,6.230000019073486,24700
2024-11-15,6.260000228881836,6.260000228881836,6.260000228881836,6.190000057220459,6.21999979019165,59900
2024-11-18,6.239999771118164,6.239999771118164,6.28000020980835,6.21999979019165,6.25,99800
2024-11-19,6.25,6.25,6.25,6.21999979019165,6.25,60900
2024-11-20,6.25,6.25,6.260000228881836,6.210000038146973,6.21999979019165,55600
2024-11-21,6.239999771118164,6.239999771118164,6.25,6.210000038146973,6.230000019073486,19400
2024-11-22,6.25,6.25,6.260000228881836,6.230000019073486,6.260000228881836,53100
2024-11-25,6.25,6.25,6.28000020980835,6.25,6.28000020980835,50300
2024-11-26,6.239999771118164,6.239999771118164,6.28000020980835,6.230000019073486,6.269999980926514,42500
2024-11-27,6.269999980926514,6.269999980926514,6.269999980926514,6.230000019073486,6.230000019073486,58300
2024-11-29,6.289999961853027,6.289999961853027,6.289999961853027,6.25,6.25,42400
