Date,Open,High,Low,Close,Adj Close,Volume
1991-08-27,3.9166669845581055,3.9166669845581055,3.4166669845581055,3.5,3.4483888149261475,5754000
1991-08-28,3.25,3.5,3.25,3.5,3.4483888149261475,1383600
1991-08-29,3.4166669845581055,3.5833330154418945,3.4166669845581055,3.5833330154418945,3.5304930210113525,236400
1991-08-30,3.5833330154418945,3.5833330154418945,3.4166669845581055,3.4166669845581055,3.3662843704223633,260700
1991-09-03,3.5,3.5,3.3333330154418945,3.3333330154418945,3.284179449081421,389100
1991-09-04,3.4166669845581055,3.4166669845581055,3.25,3.2916669845581055,3.2431275844573975,610500
1991-09-05,3.25,3.3333330154418945,3.25,3.2916669845581055,3.2431275844573975,377100
1991-09-06,3.25,3.3333330154418945,3.1666669845581055,3.1666669845581055,3.1199710369110107,261900
1991-09-09,3.3333330154418945,3.3333330154418945,3.1666669845581055,3.25,3.2020750045776367,27900
1991-09-10,3.1666669845581055,3.25,3.0,3.1666669845581055,3.1199710369110107,674100
1991-09-11,3.0833330154418945,3.25,3.0833330154418945,3.2083330154418945,3.161022663116455,151200
1991-09-12,3.25,3.4166669845581055,3.1666669845581055,3.25,3.2020750045776367,204000
1991-09-13,3.375,3.5,3.3333330154418945,3.3333330154418945,3.284179449081421,605400
1991-09-16,3.5,3.8333330154418945,3.3333330154418945,3.7083330154418945,3.6536498069763184,1143900
1991-09-17,3.6666669845581055,3.8333330154418945,3.5833330154418945,3.75,3.694701910018921,173400
1991-09-18,3.5833330154418945,3.75,3.5833330154418945,3.75,3.694701910018921,219300
1991-09-19,3.6666669845581055,3.8333330154418945,3.5833330154418945,3.6666669845581055,3.612598419189453,210300
1991-09-20,3.75,3.8333330154418945,3.5833330154418945,3.625,3.571545362472534,675300
1991-09-23,3.75,3.75,3.4166669845581055,3.5833330154418945,3.5304930210113525,255000
1991-09-24,3.6666669845581055,3.6666669845581055,3.4166669845581055,3.4166669845581055,3.3662843704223633,65400
1991-09-25,3.6666669845581055,3.8333330154418945,3.4166669845581055,3.7083330154418945,3.6536498069763184,146700
1991-09-26,3.9166669845581055,3.9166669845581055,3.6666669845581055,3.8333330154418945,3.776806354522705,97800
1991-09-27,3.75,4.0,3.75,4.0,3.9410157203674316,179400
1991-09-30,4.0,4.0,3.75,3.8333330154418945,3.776806354522705,541800
1991-10-01,3.8333330154418945,4.0,3.8333330154418945,3.8333330154418945,3.776806354522705,144000
1991-10-02,4.0,4.0,3.7916669845581055,4.0,3.9410157203674316,542100
1991-10-03,4.0,4.0,3.8333330154418945,4.0,3.9410157203674316,54300
1991-10-04,4.0,4.0,3.8333330154418945,3.9166669845581055,3.8589115142822266,100800
1991-10-07,3.8333330154418945,4.0,3.8333330154418945,4.0,3.9410157203674316,6600
1991-10-08,3.8333330154418945,4.0,3.8333330154418945,3.8333330154418945,3.776806354522705,397500
1991-10-09,4.0,4.0,3.6666669845581055,3.75,3.694701910018921,81000
1991-10-10,3.8333330154418945,3.8333330154418945,3.5833330154418945,3.5833330154418945,3.5304930210113525,12600
1991-10-11,3.75,3.8333330154418945,3.5833330154418945,3.6666669845581055,3.612598419189453,77400
1991-10-14,3.5833330154418945,3.8333330154418945,3.5833330154418945,3.625,3.571545362472534,69600
1991-10-15,3.625,3.8333330154418945,3.5833330154418945,3.8333330154418945,3.776806354522705,124200
1991-10-16,3.75,3.9583330154418945,3.75,3.8333330154418945,3.776806354522705,232500
1991-10-17,3.8333330154418945,3.9166669845581055,3.75,3.8333330154418945,3.776806354522705,170400
1991-10-18,3.8333330154418945,4.0,3.8333330154418945,3.9166669845581055,3.8589115142822266,78300
1991-10-21,4.0,4.0,3.8333330154418945,3.9583330154418945,3.899963140487671,39300
1991-10-22,3.9583330154418945,4.1666669845581055,3.8333330154418945,4.0,3.9410157203674316,477300
1991-10-23,4.0,4.0833330154418945,3.9166669845581055,3.9583330154418945,3.899963140487671,44100
1991-10-24,4.3333330154418945,4.6666669845581055,4.0833330154418945,4.4166669845581055,4.351539134979248,911100
1991-10-25,4.5833330154418945,4.5833330154418945,4.3333330154418945,4.5,4.433642387390137,140100
1991-10-28,4.5,4.5,4.1666669845581055,4.4166669845581055,4.351539134979248,174900
1991-10-29,4.4166669845581055,4.6666669845581055,4.3333330154418945,4.5,4.433642387390137,149400
1991-10-30,4.5833330154418945,4.75,4.5416669845581055,4.6666669845581055,4.597851753234863,93600
1991-10-31,4.8333330154418945,4.8333330154418945,4.5833330154418945,4.625,4.556799411773682,192600
1991-11-01,4.75,4.75,4.5833330154418945,4.6666669845581055,4.597851753234863,154500
1991-11-04,4.75,4.7916669845581055,4.5833330154418945,4.6666669845581055,4.597851753234863,154500
1991-11-05,4.6666669845581055,4.8333330154418945,4.6666669845581055,4.75,4.679955959320068,123000
1991-11-06,4.6666669845581055,4.8333330154418945,4.6666669845581055,4.6666669845581055,4.597851753234863,128700
1991-11-07,4.6666669845581055,4.8333330154418945,4.6666669845581055,4.6666669845581055,4.597851753234863,164400
1991-11-08,4.8333330154418945,4.8333330154418945,4.6666669845581055,4.7916669845581055,4.721009254455566,6300
1991-11-11,4.8333330154418945,4.8333330154418945,4.6666669845581055,4.7083330154418945,4.638903617858887,60000
1991-11-12,4.6666669845581055,4.9166669845581055,4.6666669845581055,4.9166669845581055,4.844165325164795,120000
1991-11-13,5.0,5.3333330154418945,4.75,5.1666669845581055,5.090478420257568,629400
1991-11-14,5.1666669845581055,5.3333330154418945,4.8333330154418945,4.875,4.8031134605407715,267000
1991-11-15,5.0833330154418945,5.0833330154418945,4.75,4.75,4.679955959320068,145500
1991-11-18,4.8333330154418945,4.8333330154418945,4.5833330154418945,4.8333330154418945,4.762060165405273,103800
1991-11-19,4.5833330154418945,4.8333330154418945,4.0,4.4166669845581055,4.351539134979248,418800
1991-11-20,4.4166669845581055,4.5833330154418945,4.3333330154418945,4.5,4.433642387390137,212400
1991-11-21,4.6666669845581055,4.6666669845581055,4.5,4.5,4.433642387390137,136800
1991-11-22,4.5,4.6666669845581055,4.5,4.6666669845581055,4.597851753234863,175500
1991-11-25,4.6666669845581055,4.6666669845581055,4.5,4.5,4.433642387390137,21900
1991-11-26,4.5,4.6666669845581055,4.5,4.5416669845581055,4.474694728851318,18900
1991-11-27,4.625,4.6666669845581055,4.5,4.6666669845581055,4.597851753234863,6000
1991-11-29,4.6666669845581055,4.6666669845581055,4.5,4.5,4.433642387390137,1200
1991-12-02,4.5,4.5,4.5,4.5,4.433642387390137,10800
1991-12-03,4.5,4.6666669845581055,4.5,4.6666669845581055,4.597851753234863,156000
1991-12-04,4.5,4.6666669845581055,4.5,4.5,4.433642387390137,60600
1991-12-05,4.6666669845581055,4.6666669845581055,4.3333330154418945,4.3333330154418945,4.26943302154541,102600
1991-12-06,4.5,4.5,4.0,4.25,4.187329292297363,54600
1991-12-09,4.4166669845581055,4.4166669845581055,4.3333330154418945,4.3333330154418945,4.26943302154541,1200
1991-12-10,4.1666669845581055,4.4166669845581055,4.1666669845581055,4.25,4.187329292297363,26700
1991-12-11,4.1666669845581055,4.4166669845581055,4.1666669845581055,4.4166669845581055,4.351539134979248,16200
1991-12-12,4.4166669845581055,4.4166669845581055,4.25,4.4166669845581055,4.351539134979248,49500
1991-12-13,4.4166669845581055,4.4166669845581055,4.25,4.3333330154418945,4.26943302154541,104100
1991-12-16,4.25,4.5,4.25,4.5,4.433642387390137,134400
1991-12-17,4.5,4.5,4.3333330154418945,4.4583330154418945,4.392590045928955,18900
1991-12-18,4.4166669845581055,4.5833330154418945,4.4166669845581055,4.5833330154418945,4.515746593475342,41700
1991-12-19,4.4166669845581055,4.6666669845581055,4.4166669845581055,4.6666669845581055,4.597851753234863,73200
1991-12-20,4.5416669845581055,4.6666669845581055,4.4166669845581055,4.4166669845581055,4.351539134979248,126900
1991-12-23,4.4166669845581055,4.4166669845581055,4.4166669845581055,4.4166669845581055,4.351539134979248,6000
1991-12-24,4.5,4.5416669845581055,4.4166669845581055,4.4166669845581055,4.351539134979248,15900
1991-12-26,4.5833330154418945,4.625,4.5416669845581055,4.5416669845581055,4.474694728851318,31200
1991-12-27,4.4166669845581055,4.6666669845581055,4.4166669845581055,4.6666669845581055,4.597851753234863,30300
1991-12-30,4.4166669845581055,4.6666669845581055,4.4166669845581055,4.4166669845581055,4.351539134979248,8400
1991-12-31,4.5833330154418945,4.75,4.4166669845581055,4.75,4.679955959320068,167700
1992-01-02,4.75,4.8333330154418945,4.5833330154418945,4.8333330154418945,4.762060165405273,96600
1992-01-03,5.0,5.0833330154418945,4.75,4.9166669845581055,4.844165325164795,78600
1992-01-06,5.1666669845581055,5.25,4.9166669845581055,5.25,5.172582626342773,67800
1992-01-07,5.1666669845581055,5.1666669845581055,4.9166669845581055,5.0416669845581055,4.967322826385498,185100
1992-01-08,5.0833330154418945,5.1666669845581055,4.9166669845581055,5.1666669845581055,5.090478420257568,463800
1992-01-09,4.9166669845581055,5.1666669845581055,4.9166669845581055,5.0416669845581055,4.967322826385498,102300
1992-01-10,4.75,5.0,4.75,4.9583330154418945,4.88521671295166,50700
1992-01-13,5.0,5.0,4.8333330154418945,5.0,4.92626953125,51900
1992-01-14,4.9583330154418945,5.1666669845581055,4.9166669845581055,5.0,4.92626953125,122100
1992-01-15,5.0833330154418945,5.4583330154418945,5.0,5.25,5.172582626342773,87600
1992-01-16,5.3333330154418945,5.4166669845581055,5.1666669845581055,5.4166669845581055,5.336792945861816,16800
1992-01-17,5.25,5.4166669845581055,5.1666669845581055,5.3333330154418945,5.254687309265137,192000
1992-01-20,5.4166669845581055,5.5,5.3333330154418945,5.3333330154418945,5.254687309265137,18900
1992-01-21,5.3333330154418945,5.5,5.1666669845581055,5.1666669845581055,5.090478420257568,200700
1992-01-22,5.1666669845581055,5.4166669845581055,5.1666669845581055,5.4166669845581055,5.336792945861816,107700
1992-01-23,5.25,5.4166669845581055,5.25,5.375,5.295739650726318,11400
1992-01-24,5.25,5.4166669845581055,5.1666669845581055,5.2916669845581055,5.213635444641113,85500
1992-01-27,5.1666669845581055,5.4166669845581055,5.1666669845581055,5.3333330154418945,5.254687309265137,54000
1992-01-28,5.4166669845581055,5.4166669845581055,5.1666669845581055,5.4166669845581055,5.336792945861816,50100
1992-01-29,5.3333330154418945,5.4166669845581055,5.1666669845581055,5.2916669845581055,5.213635444641113,78000
1992-01-30,5.1666669845581055,5.5,5.1666669845581055,5.5,5.418896675109863,9300
1992-01-31,5.25,5.75,5.25,5.5,5.418896675109863,160800
1992-02-03,5.5833330154418945,6.25,5.5833330154418945,6.25,6.1578369140625,326100
1992-02-04,6.25,6.5833330154418945,6.25,6.4583330154418945,6.36309814453125,486900
1992-02-05,6.25,6.5833330154418945,6.25,6.4583330154418945,6.36309814453125,138600
1992-02-06,6.25,6.5833330154418945,6.25,6.5833330154418945,6.4862542152404785,38700
1992-02-07,6.25,6.5833330154418945,6.25,6.25,6.1578369140625,43500
1992-02-10,6.5833330154418945,6.5833330154418945,6.25,6.3333330154418945,6.239941120147705,14100
1992-02-11,6.5833330154418945,6.5833330154418945,6.3333330154418945,6.3333330154418945,6.239941120147705,81000
1992-02-12,6.3333330154418945,6.5833330154418945,6.3333330154418945,6.4166669845581055,6.322046279907227,69300
1992-02-13,6.5833330154418945,6.5833330154418945,6.3333330154418945,6.3333330154418945,6.239941120147705,71100
1992-02-14,6.3333330154418945,6.5833330154418945,6.3333330154418945,6.5833330154418945,6.4862542152404785,62100
1992-02-18,6.5833330154418945,6.5833330154418945,6.3333330154418945,6.375,6.280993461608887,128400
1992-02-19,6.25,6.5,5.3333330154418945,5.875,5.788366317749023,168600
1992-02-20,5.75,6.0833330154418945,5.75,6.0,5.911523342132568,27300
1992-02-21,6.0833330154418945,6.0833330154418945,5.75,6.0,5.911523342132568,12900
1992-02-24,5.75,6.0,5.75,6.0,5.911523342132568,33300
1992-02-25,5.75,6.0,5.75,5.8333330154418945,5.747314453125,147900
1992-02-26,6.0,6.0833330154418945,5.75,5.9166669845581055,5.829419136047363,117900
1992-02-27,6.0,6.0833330154418945,5.9583330154418945,6.0416669845581055,5.952576160430908,32100
1992-02-28,6.0833330154418945,6.0833330154418945,5.8333330154418945,6.0833330154418945,5.993628025054932,108900
1992-03-02,5.8333330154418945,6.1666669845581055,5.8333330154418945,6.1666669845581055,6.075733184814453,90000
1992-03-03,6.0,6.25,6.0,6.125,6.034680366516113,283800
1992-03-04,6.125,6.25,6.0833330154418945,6.0833330154418945,5.993628025054932,99000
1992-03-05,6.3333330154418945,6.3333330154418945,6.0,6.0,5.911523342132568,82800
1992-03-06,6.0,6.1666669845581055,5.1666669845581055,5.3333330154418945,5.254687309265137,330600
1992-03-09,5.3333330154418945,5.6666669845581055,5.3333330154418945,5.6666669845581055,5.583106517791748,196500
1992-03-10,5.6666669845581055,5.6666669845581055,5.5833330154418945,5.6666669845581055,5.583106517791748,33300
1992-03-11,5.6666669845581055,5.6666669845581055,5.4166669845581055,5.5833330154418945,5.501000881195068,25500
1992-03-12,5.5416669845581055,5.5833330154418945,5.4166669845581055,5.5,5.418896675109863,29100
1992-03-13,5.4166669845581055,5.5833330154418945,5.4166669845581055,5.5416669845581055,5.459949016571045,631800
1992-03-16,5.5,5.6666669845581055,5.5,5.5833330154418945,5.501000881195068,46200
1992-03-17,5.5,5.5833330154418945,5.5,5.5,5.418896675109863,2334600
1992-03-18,5.5833330154418945,5.75,5.5,5.5833330154418945,5.501000881195068,366300
1992-03-19,5.5833330154418945,5.8333330154418945,5.5833330154418945,5.8333330154418945,5.747314453125,224700
1992-03-20,5.8333330154418945,6.25,5.6666669845581055,6.0,5.911523342132568,325200
1992-03-23,6.25,6.4166669845581055,6.1666669845581055,6.3333330154418945,6.239941120147705,195300
1992-03-24,6.4166669845581055,6.4166669845581055,6.1666669845581055,6.25,6.1578369140625,286500
1992-03-25,6.4166669845581055,6.4166669845581055,6.25,6.25,6.1578369140625,170700
1992-03-26,6.25,6.4166669845581055,6.1666669845581055,6.1666669845581055,6.075733184814453,182400
1992-03-27,6.0833330154418945,6.3333330154418945,5.9166669845581055,5.9166669845581055,5.829419136047363,224700
1992-03-30,6.0833330154418945,6.0833330154418945,5.8333330154418945,5.875,5.788366317749023,142800
1992-03-31,6.0,6.0,5.75,6.0,5.911523342132568,60600
1992-04-01,6.0,6.0833330154418945,5.8333330154418945,6.0833330154418945,5.993628025054932,105300
1992-04-02,6.1666669845581055,6.25,5.9166669845581055,6.0,5.911523342132568,145200
1992-04-03,6.0,6.1666669845581055,5.9166669845581055,5.9166669845581055,5.829419136047363,26400
1992-04-06,6.1666669845581055,6.1666669845581055,6.0833330154418945,6.1666669845581055,6.075733184814453,13500
1992-04-07,6.1666669845581055,6.1666669845581055,5.75,6.0,5.911523342132568,40200
1992-04-08,5.6666669845581055,5.9166669845581055,5.6666669845581055,5.9166669845581055,5.829419136047363,106200
1992-04-09,5.6666669845581055,5.9166669845581055,5.6666669845581055,5.9166669845581055,5.829419136047363,10800
1992-04-10,5.875,6.0,5.75,5.75,5.665209770202637,44700
1992-04-13,5.75,5.9166669845581055,5.6666669845581055,5.9166669845581055,5.829419136047363,92700
1992-04-14,5.9166669845581055,6.0833330154418945,5.8333330154418945,6.0833330154418945,5.993628025054932,78300
1992-04-15,6.0,6.1666669845581055,5.9166669845581055,5.9166669845581055,5.829419136047363,33300
1992-04-16,5.9166669845581055,6.1666669845581055,5.9166669845581055,6.0,5.911523342132568,119700
1992-04-20,5.9166669845581055,5.9166669845581055,5.9166669845581055,5.9166669845581055,5.829419136047363,2100
1992-04-21,6.1666669845581055,6.1666669845581055,5.9166669845581055,6.1666669845581055,6.075733184814453,6600
1992-04-22,5.9583330154418945,6.0,5.9166669845581055,5.9166669845581055,5.829419136047363,44400
1992-04-23,5.9166669845581055,6.0,5.5416669845581055,5.6666669845581055,5.583106517791748,1678800
1992-04-24,5.8333330154418945,5.9166669845581055,5.6666669845581055,5.9166669845581055,5.829419136047363,180300
1992-04-27,5.5,5.6666669845581055,4.5,4.6666669845581055,4.597851753234863,1247700
1992-04-28,4.9166669845581055,4.9166669845581055,4.0,4.1666669845581055,4.105225563049316,1127400
1992-04-29,4.4166669845581055,4.5833330154418945,4.25,4.3333330154418945,4.26943302154541,522600
1992-04-30,4.5,4.5,4.25,4.5,4.433642387390137,170400
1992-05-01,4.5,4.5,4.2916669845581055,4.3333330154418945,4.26943302154541,42000
1992-05-04,4.3333330154418945,4.8333330154418945,4.3333330154418945,4.6666669845581055,4.597851753234863,591600
1992-05-05,4.8333330154418945,4.9166669845581055,4.6666669845581055,4.75,4.679955959320068,310800
1992-05-06,4.9166669845581055,4.9166669845581055,4.8333330154418945,4.9166669845581055,4.844165325164795,134700
1992-05-07,4.75,4.9166669845581055,4.75,4.9166669845581055,4.844165325164795,12600
1992-05-08,4.9166669845581055,4.9166669845581055,4.5833330154418945,4.8333330154418945,4.762060165405273,175800
1992-05-11,4.5833330154418945,4.75,4.5833330154418945,4.75,4.679955959320068,22800
1992-05-12,4.75,4.8333330154418945,4.5833330154418945,4.8333330154418945,4.762060165405273,87600
1992-05-13,4.8333330154418945,4.8333330154418945,4.5833330154418945,4.7083330154418945,4.638903617858887,8400
1992-05-14,4.8333330154418945,4.8333330154418945,4.5833330154418945,4.5833330154418945,4.515746593475342,117000
1992-05-15,4.75,4.75,4.4166669845581055,4.5416669845581055,4.474694728851318,123000
1992-05-18,4.75,4.75,4.4166669845581055,4.4166669845581055,4.351539134979248,35400
1992-05-19,4.4166669845581055,4.6666669845581055,4.4166669845581055,4.5,4.433642387390137,7500
1992-05-20,4.5,4.5833330154418945,4.25,4.5833330154418945,4.515746593475342,55800
1992-05-21,4.5833330154418945,4.5833330154418945,4.3333330154418945,4.4583330154418945,4.392590045928955,8700
1992-05-22,4.3333330154418945,4.5833330154418945,4.3333330154418945,4.3333330154418945,4.26943302154541,13500
1992-05-26,4.5833330154418945,4.5833330154418945,4.3333330154418945,4.3333330154418945,4.26943302154541,2700
1992-05-27,4.5833330154418945,4.5833330154418945,4.25,4.25,4.187329292297363,18300
1992-05-28,4.3333330154418945,4.5,4.3333330154418945,4.375,4.310486316680908,20100
1992-05-29,4.25,4.4166669845581055,4.0833330154418945,4.2916669845581055,4.228381633758545,570900
1992-06-01,4.4166669845581055,4.4166669845581055,4.1666669845581055,4.1666669845581055,4.105225563049316,25800
1992-06-02,4.4166669845581055,4.4166669845581055,4.1666669845581055,4.4166669845581055,4.351539134979248,47100
1992-06-03,4.1666669845581055,4.4166669845581055,4.1666669845581055,4.3333330154418945,4.26943302154541,379200
1992-06-04,4.4166669845581055,4.4166669845581055,4.25,4.3333330154418945,4.26943302154541,33000
1992-06-05,4.1666669845581055,4.4166669845581055,4.1666669845581055,4.25,4.187329292297363,11700
1992-06-08,4.4166669845581055,4.4166669845581055,4.25,4.25,4.187329292297363,9300
1992-06-09,4.25,4.3333330154418945,4.0833330154418945,4.3333330154418945,4.26943302154541,36300
1992-06-10,4.3333330154418945,4.3333330154418945,4.0833330154418945,4.3333330154418945,4.26943302154541,31500
1992-06-11,4.3333330154418945,4.3333330154418945,4.0833330154418945,4.3333330154418945,4.26943302154541,4200
1992-06-12,4.3333330154418945,4.3333330154418945,4.0833330154418945,4.0833330154418945,4.023119926452637,1800
1992-06-15,4.3333330154418945,4.3333330154418945,4.0833330154418945,4.3333330154418945,4.26943302154541,5100
1992-06-16,4.0833330154418945,4.3333330154418945,4.0833330154418945,4.25,4.187329292297363,30000
1992-06-17,4.25,4.25,3.25,3.3333330154418945,3.284179449081421,737700
1992-06-18,3.3333330154418945,3.4166669845581055,3.25,3.375,3.3252320289611816,365400
1992-06-19,3.5,3.6666669845581055,3.4166669845581055,3.4583330154418945,3.4073362350463867,166200
1992-06-22,3.5,3.5,3.3333330154418945,3.3333330154418945,3.284179449081421,81000
1992-06-23,3.5,3.5,3.3333330154418945,3.4583330154418945,3.4073362350463867,125400
1992-06-24,3.5,3.5833330154418945,3.4166669845581055,3.5416669845581055,3.489441156387329,53400
1992-06-25,3.5416669845581055,3.6666669845581055,3.375,3.6666669845581055,3.612598419189453,305400
1992-06-26,3.6666669845581055,3.6666669845581055,3.4166669845581055,3.6666669845581055,3.612598419189453,5400
1992-06-29,3.6666669845581055,3.6666669845581055,3.5,3.5,3.4483888149261475,11400
1992-06-30,3.6666669845581055,3.8333330154418945,3.5,3.8333330154418945,3.776806354522705,172800
1992-07-01,4.0,4.0833330154418945,3.75,4.0833330154418945,4.023119926452637,58200
1992-07-02,4.0833330154418945,4.0833330154418945,3.8333330154418945,3.875,3.817858934402466,16800
1992-07-06,4.0,4.0833330154418945,4.0,4.0416669845581055,3.9820683002471924,101700
1992-07-07,4.0833330154418945,4.0833330154418945,3.9166669845581055,4.0,3.9410157203674316,322800
1992-07-08,4.0833330154418945,4.0833330154418945,3.9166669845581055,4.0,3.9410157203674316,58500
1992-07-09,4.0833330154418945,4.0833330154418945,4.0,4.0,3.9410157203674316,90600
1992-07-10,4.0833330154418945,4.0833330154418945,4.0,4.0,3.9410157203674316,30900
1992-07-13,4.0833330154418945,4.0833330154418945,4.0833330154418945,4.0833330154418945,4.023119926452637,1500
1992-07-14,4.0833330154418945,4.0833330154418945,3.8333330154418945,3.8333330154418945,3.776806354522705,9600
1992-07-15,4.0,4.0,3.8333330154418945,3.8333330154418945,3.776806354522705,8100
1992-07-16,4.0,4.0,3.8333330154418945,3.9166669845581055,3.8589115142822266,73200
1992-07-17,4.0,4.0,3.8333330154418945,4.0,3.9410157203674316,57000
1992-07-20,4.0,4.0,3.8333330154418945,4.0,3.9410157203674316,11400
1992-07-21,4.0,4.0,3.8333330154418945,3.8333330154418945,3.776806354522705,71400
1992-07-22,4.0,4.0,3.9166669845581055,3.9583330154418945,3.899963140487671,30600
1992-07-23,3.9166669845581055,4.75,3.9166669845581055,4.6666669845581055,4.597851753234863,473100
1992-07-24,4.6666669845581055,4.6666669845581055,4.4166669845581055,4.625,4.556799411773682,17700
1992-07-27,4.6666669845581055,4.8333330154418945,4.4166669845581055,4.8333330154418945,4.762060165405273,28200
1992-07-28,4.9166669845581055,4.9166669845581055,4.6666669845581055,4.6666669845581055,4.597851753234863,11100
1992-07-29,4.6666669845581055,4.875,4.6666669845581055,4.8333330154418945,4.762060165405273,39000
1992-07-30,4.6666669845581055,4.9166669845581055,4.6666669845581055,4.9166669845581055,4.844165325164795,41400
1992-07-31,5.0,5.0833330154418945,4.75,5.0833330154418945,5.008373260498047,73800
1992-08-03,5.0833330154418945,5.0833330154418945,4.8333330154418945,5.0,4.92626953125,67200
1992-08-04,5.0,5.0,4.75,4.9166669845581055,4.844165325164795,10800
1992-08-05,4.9166669845581055,4.9166669845581055,4.75,4.9166669845581055,4.844165325164795,21900
1992-08-06,4.9166669845581055,4.9166669845581055,4.875,4.9166669845581055,4.844165325164795,36000
1992-08-07,4.875,4.9166669845581055,4.75,4.75,4.679955959320068,51600
1992-08-10,4.9166669845581055,4.9166669845581055,4.75,4.9166669845581055,4.844165325164795,6600
1992-08-11,4.9166669845581055,4.9166669845581055,4.75,4.75,4.679955959320068,78000
1992-08-12,4.75,4.8333330154418945,4.75,4.7916669845581055,4.721009254455566,61500
1992-08-13,4.9166669845581055,4.9166669845581055,4.75,4.75,4.679955959320068,6600
1992-08-14,4.75,4.8333330154418945,4.5833330154418945,4.75,4.679955959320068,36600
1992-08-17,4.5833330154418945,4.8333330154418945,4.5833330154418945,4.7083330154418945,4.638903617858887,21300
1992-08-18,4.7083330154418945,4.8333330154418945,4.5833330154418945,4.8333330154418945,4.762060165405273,71100
1992-08-19,4.8333330154418945,4.8333330154418945,4.6666669845581055,4.6666669845581055,4.597851753234863,18000
1992-08-20,4.6666669845581055,4.8333330154418945,4.6666669845581055,4.6666669845581055,4.597851753234863,18600
1992-08-21,4.6666669845581055,4.8333330154418945,4.6666669845581055,4.6666669845581055,4.597851753234863,59700
1992-08-24,4.5833330154418945,4.8333330154418945,4.4166669845581055,4.6666669845581055,4.597851753234863,28800
1992-08-25,4.4166669845581055,4.6666669845581055,4.4166669845581055,4.6666669845581055,4.597851753234863,600
1992-08-26,4.5,4.6666669845581055,4.5,4.6666669845581055,4.597851753234863,32700
1992-08-27,4.6666669845581055,4.6666669845581055,4.5,4.5833330154418945,4.515746593475342,66300
1992-08-28,4.75,4.75,4.5,4.75,4.679955959320068,9900
1992-08-31,4.75,4.75,4.5,4.6666669845581055,4.597851753234863,93900
1992-09-01,4.7083330154418945,4.8333330154418945,4.6666669845581055,4.75,4.679955959320068,166200
1992-09-02,4.8333330154418945,5.25,4.8333330154418945,5.0,4.92626953125,321000
1992-09-03,5.25,5.3333330154418945,5.0833330154418945,5.0833330154418945,5.008373260498047,48000
1992-09-04,5.1666669845581055,5.3333330154418945,5.0833330154418945,5.3333330154418945,5.254687309265137,28800
1992-09-08,5.1666669845581055,5.3333330154418945,5.1666669845581055,5.3333330154418945,5.254687309265137,93600
1992-09-09,5.2916669845581055,5.3333330154418945,5.0833330154418945,5.0833330154418945,5.008373260498047,146400
1992-09-10,5.0833330154418945,5.3333330154418945,5.0833330154418945,5.3333330154418945,5.254687309265137,3000
1992-09-11,5.3333330154418945,5.3333330154418945,5.0833330154418945,5.2916669845581055,5.213635444641113,121800
1992-09-14,5.5,5.5,5.25,5.4166669845581055,5.336792945861816,46800
1992-09-15,5.25,5.375,5.25,5.375,5.295739650726318,42000
1992-09-16,5.25,5.4166669845581055,5.25,5.4166669845581055,5.336792945861816,84300
1992-09-17,5.25,5.4166669845581055,5.25,5.25,5.172582626342773,5100
1992-09-18,5.25,5.4166669845581055,5.25,5.2916669845581055,5.213635444641113,21000
1992-09-21,5.25,5.375,5.25,5.25,5.172582626342773,17400
1992-09-22,5.3333330154418945,5.3333330154418945,5.25,5.2916669845581055,5.213635444641113,86700
1992-09-23,5.25,5.2916669845581055,5.25,5.25,5.172582626342773,79500
1992-09-24,5.25,5.3333330154418945,5.25,5.3333330154418945,5.254687309265137,25200
1992-09-25,5.25,5.25,5.0833330154418945,5.0833330154418945,5.008373260498047,66300
1992-09-28,5.1666669845581055,5.25,5.1666669845581055,5.25,5.172582626342773,56400
1992-09-29,5.25,5.6666669845581055,5.25,5.5,5.418896675109863,351900
1992-09-30,5.5416669845581055,5.9166669845581055,5.5,5.9166669845581055,5.829419136047363,147300
1992-10-01,5.75,5.8333330154418945,5.5833330154418945,5.8333330154418945,5.747314453125,97800
1992-10-02,5.7083330154418945,5.75,5.3333330154418945,5.4166669845581055,5.336792945861816,94500
1992-10-05,5.25,5.4166669845581055,4.9166669845581055,5.0833330154418945,5.008373260498047,122400
1992-10-06,5.0833330154418945,5.1666669845581055,5.0833330154418945,5.1666669845581055,5.090478420257568,3600
1992-10-07,5.25,5.4166669845581055,5.25,5.25,5.172582626342773,12600
1992-10-08,5.25,5.4166669845581055,5.25,5.3333330154418945,5.254687309265137,129900
1992-10-09,5.25,5.4166669845581055,5.25,5.4166669845581055,5.336792945861816,21900
1992-10-12,5.1666669845581055,5.2916669845581055,5.0833330154418945,5.2916669845581055,5.213635444641113,73500
1992-10-13,5.2083330154418945,5.4166669845581055,5.0,5.0416669845581055,4.967322826385498,480900
1992-10-14,5.0,5.25,5.0,5.25,5.172582626342773,114600
1992-10-15,5.0,5.25,5.0,5.0,4.92626953125,117600
1992-10-16,5.25,5.25,4.9583330154418945,5.0,4.92626953125,82200
1992-10-19,5.1666669845581055,5.4166669845581055,5.0,5.3333330154418945,5.254687309265137,389700
1992-10-20,5.1666669845581055,5.4166669845581055,5.1666669845581055,5.3333330154418945,5.254687309265137,39600
1992-10-21,5.4166669845581055,5.4166669845581055,5.1666669845581055,5.375,5.295739650726318,44700
1992-10-22,5.5,5.5,5.25,5.25,5.172582626342773,76200
1992-10-23,5.5,5.5833330154418945,5.25,5.4166669845581055,5.336792945861816,126300
1992-10-26,5.5833330154418945,5.5833330154418945,5.4166669845581055,5.5,5.418896675109863,381300
1992-10-27,5.4583330154418945,5.5833330154418945,5.3333330154418945,5.5833330154418945,5.501000881195068,104400
1992-10-28,5.5833330154418945,5.5833330154418945,5.375,5.5,5.418896675109863,176700
1992-10-29,5.5833330154418945,5.6666669845581055,5.375,5.6666669845581055,5.583106517791748,143100
1992-10-30,5.75,6.1666669845581055,5.5,5.9166669845581055,5.829419136047363,383100
1992-11-02,5.9166669845581055,6.1666669845581055,5.9166669845581055,5.9583330154418945,5.8704705238342285,272400
1992-11-03,6.0,6.0833330154418945,5.8333330154418945,5.8333330154418945,5.747314453125,113100
1992-11-04,6.0,6.0,5.8333330154418945,5.8333330154418945,5.747314453125,89100
1992-11-05,6.0,6.0,5.75,5.9166669845581055,5.829419136047363,247500
1992-11-06,5.9166669845581055,5.9166669845581055,5.6666669845581055,5.6666669845581055,5.583106517791748,55200
1992-11-09,5.75,6.1666669845581055,5.6666669845581055,5.9166669845581055,5.829419136047363,215700
1992-11-10,6.1666669845581055,6.25,5.9166669845581055,6.1666669845581055,6.075733184814453,120000
1992-11-11,6.3333330154418945,6.8333330154418945,6.3333330154418945,6.75,6.650464057922363,1380300
1992-11-12,6.75,6.75,6.5,6.625,6.527307033538818,286200
1992-11-13,6.5,6.75,6.5,6.75,6.650464057922363,33600
1992-11-16,6.75,6.75,6.5833330154418945,6.6666669845581055,6.568359851837158,325500
1992-11-17,6.5833330154418945,6.75,6.5833330154418945,6.75,6.650464057922363,75000
1992-11-18,6.75,6.8333330154418945,6.5833330154418945,6.8333330154418945,6.732568264007568,258000
1992-11-19,6.8333330154418945,6.8333330154418945,6.6666669845581055,6.8333330154418945,6.732568264007568,44400
1992-11-20,6.8333330154418945,7.25,6.75,7.0,6.896777629852295,171600
1992-11-23,7.0,7.25,7.0,7.25,7.143090724945068,43500
1992-11-24,7.25,7.25,7.0,7.125,7.019934177398682,275700
1992-11-25,7.0,7.25,7.0,7.1666669845581055,7.0609869956970215,312000
1992-11-27,7.1666669845581055,7.1666669845581055,7.1666669845581055,7.1666669845581055,7.0609869956970215,0
1992-11-30,7.0,7.25,7.0,7.25,7.143090724945068,50100
1992-12-01,7.25,7.25,7.0,7.0,6.896777629852295,104700
1992-12-02,7.0,7.3333330154418945,7.0,7.1666669845581055,7.0609869956970215,109500
1992-12-03,7.1666669845581055,7.5833330154418945,7.1666669845581055,7.4166669845581055,7.307300567626953,75300
1992-12-04,7.5833330154418945,8.083333015441895,7.5,7.8333330154418945,7.717822074890137,526500
1992-12-07,7.8333330154418945,8.0,7.75,7.75,7.635717868804932,91800
1992-12-08,7.75,7.8333330154418945,7.4166669845581055,7.5833330154418945,7.471508979797363,159000
1992-12-09,7.4166669845581055,7.5833330154418945,7.25,7.25,7.143090724945068,95700
1992-12-10,7.25,7.25,6.75,6.75,6.650464057922363,141600
1992-12-11,7.0,7.0,6.75,6.8333330154418945,6.732568264007568,47700
1992-12-14,7.0,7.8333330154418945,7.0,7.8333330154418945,7.717822074890137,350100
1992-12-15,7.8333330154418945,7.8333330154418945,7.5833330154418945,7.75,7.635717868804932,47700
1992-12-16,7.75,7.8333330154418945,7.5,7.75,7.635717868804932,501300
1992-12-17,7.8333330154418945,7.8333330154418945,7.5833330154418945,7.5833330154418945,7.471508979797363,1084500
1992-12-18,7.75,7.8333330154418945,7.5833330154418945,7.6666669845581055,7.553613662719727,134700
1992-12-21,7.75,7.8333330154418945,7.5833330154418945,7.6666669845581055,7.553613662719727,66000
1992-12-22,7.7083330154418945,7.8333330154418945,7.6666669845581055,7.6666669845581055,7.553613662719727,189900
1992-12-23,7.8333330154418945,7.8333330154418945,7.6666669845581055,7.8333330154418945,7.717822074890137,240600
1992-12-24,7.6666669845581055,7.8333330154418945,7.6666669845581055,7.8333330154418945,7.717822074890137,4800
1992-12-28,7.8333330154418945,7.8333330154418945,7.5833330154418945,7.7916669845581055,7.6767706871032715,32100
1992-12-29,7.9166669845581055,7.9166669845581055,7.6666669845581055,7.8333330154418945,7.717822074890137,63600
1992-12-30,7.9166669845581055,8.166666984558105,7.75,8.166666984558105,8.04624080657959,142200
1992-12-31,8.166666984558105,8.5,8.0,8.333333015441895,8.210450172424316,125700
1993-01-04,8.25,8.375,7.9166669845581055,8.166666984558105,8.04624080657959,140400
1993-01-05,7.9166669845581055,8.083333015441895,7.75,7.75,7.635717868804932,462900
1993-01-06,7.75,8.0,7.6666669845581055,7.6666669845581055,7.553613662719727,102600
1993-01-07,7.9166669845581055,7.9166669845581055,7.25,7.3333330154418945,7.22519588470459,160800
1993-01-08,7.3333330154418945,7.7916669845581055,7.3333330154418945,7.75,7.635717868804932,75900
1993-01-11,7.6666669845581055,8.0,7.6666669845581055,7.875,7.758874416351318,93300
1993-01-12,8.0,8.25,7.75,8.083333015441895,7.964135646820068,354600
1993-01-13,8.0,8.166666984558105,8.0,8.0,7.882031440734863,226500
1993-01-14,8.0,8.166666984558105,7.9166669845581055,8.041666984558105,7.923084259033203,309300
1993-01-15,8.0,8.083333015441895,8.0,8.083333015441895,7.964135646820068,124500
1993-01-18,8.0,8.166666984558105,8.0,8.125,8.005187034606934,138600
1993-01-19,8.0,8.416666984558105,8.0,8.333333015441895,8.210450172424316,165300
1993-01-20,8.583333015441895,8.666666984558105,8.25,8.291666984558105,8.169397354125977,519300
1993-01-21,8.666666984558105,8.833333015441895,8.416666984558105,8.75,8.620972633361816,1364700
1993-01-22,8.75,9.0,8.583333015441895,8.833333015441895,8.70307731628418,204000
1993-01-25,8.75,9.0,8.75,9.0,8.867284774780273,264300
1993-01-26,9.083333015441895,9.083333015441895,8.75,9.083333015441895,8.94938850402832,77400
1993-01-27,8.916666984558105,9.166666984558105,8.916666984558105,9.166666984558105,9.031494140625,124200
1993-01-28,8.916666984558105,9.25,8.916666984558105,9.25,9.113598823547363,159900
1993-01-29,9.0,9.333333015441895,8.75,9.166666984558105,9.031494140625,357000
1993-02-01,9.333333015441895,9.333333015441895,8.958333015441895,9.083333015441895,8.94938850402832,24300
1993-02-02,8.833333015441895,8.916666984558105,8.666666984558105,8.708333015441895,8.579919815063477,300300
1993-02-03,8.833333015441895,8.916666984558105,8.666666984558105,8.833333015441895,8.70307731628418,77700
1993-02-04,8.916666984558105,8.916666984558105,8.833333015441895,8.916666984558105,8.785181045532227,43800
1993-02-05,8.916666984558105,9.0,8.833333015441895,9.0,8.867284774780273,63000
1993-02-08,8.833333015441895,9.0,8.833333015441895,8.916666984558105,8.785181045532227,69900
1993-02-09,9.0,9.0,8.75,8.916666984558105,8.785181045532227,51600
1993-02-10,8.75,8.833333015441895,8.25,8.75,8.620972633361816,504600
1993-02-11,8.625,8.75,8.5,8.666666984558105,8.538866996765137,83100
1993-02-12,8.666666984558105,8.666666984558105,8.333333015441895,8.583333015441895,8.456762313842773,49500
1993-02-16,8.25,8.416666984558105,8.166666984558105,8.166666984558105,8.04624080657959,140700
1993-02-17,8.166666984558105,8.416666984558105,8.166666984558105,8.333333015441895,8.210450172424316,69600
1993-02-18,8.416666984558105,8.416666984558105,8.083333015441895,8.333333015441895,8.210450172424316,264300
1993-02-19,8.333333015441895,8.333333015441895,7.9166669845581055,8.333333015441895,8.210450172424316,357900
1993-02-22,8.333333015441895,8.333333015441895,8.0,8.0,7.882031440734863,86100
1993-02-23,8.166666984558105,8.166666984558105,7.0833330154418945,7.75,7.635717868804932,308700
1993-02-24,7.6666669845581055,7.75,7.5833330154418945,7.75,7.635717868804932,210300
1993-02-25,7.5833330154418945,7.6666669845581055,7.4166669845581055,7.5833330154418945,7.471508979797363,158100
1993-02-26,7.5,7.6666669845581055,7.5,7.5416669845581055,7.430456638336182,3277800
1993-03-01,7.5833330154418945,7.5833330154418945,7.5,7.5,7.389403820037842,373200
1993-03-02,7.5833330154418945,7.9166669845581055,7.5,7.875,7.758874416351318,427200
1993-03-03,7.9166669845581055,7.9166669845581055,7.6666669845581055,7.8333330154418945,7.717822074890137,360000
1993-03-04,7.8333330154418945,8.0,7.8333330154418945,8.0,7.882031440734863,171300
1993-03-05,8.0,8.0,7.8333330154418945,7.9166669845581055,7.799927234649658,59400
1993-03-08,8.0,8.0,7.5,7.5,7.389403820037842,179100
1993-03-09,7.5,7.6666669845581055,7.5,7.5,7.389403820037842,168300
1993-03-10,7.5,7.75,7.5,7.5833330154418945,7.471508979797363,156000
1993-03-11,7.75,8.0,7.6666669845581055,7.6666669845581055,7.553613662719727,36900
1993-03-12,8.0,8.0,7.6666669845581055,8.0,7.882031440734863,149700
1993-03-15,8.0,8.0,7.75,8.0,7.882031440734863,496200
1993-03-16,8.083333015441895,8.083333015441895,7.75,8.083333015441895,7.964135646820068,114900
1993-03-17,8.083333015441895,8.083333015441895,7.8333330154418945,8.083333015441895,7.964135646820068,85200
1993-03-18,7.8333330154418945,8.083333015441895,7.8333330154418945,7.9583330154418945,7.84097957611084,239700
1993-03-19,7.8333330154418945,8.083333015441895,7.8333330154418945,7.8333330154418945,7.717822074890137,6900
1993-03-22,7.8333330154418945,8.083333015441895,7.6666669845581055,7.6666669845581055,7.553613662719727,207000
1993-03-23,7.9166669845581055,7.9166669845581055,7.6666669845581055,7.6666669845581055,7.553613662719727,64200
1993-03-24,7.9166669845581055,7.9166669845581055,7.25,7.5,7.389403820037842,316200
1993-03-25,7.5,7.5,7.375,7.375,7.266247749328613,7500
1993-03-26,7.5833330154418945,7.5833330154418945,7.3333330154418945,7.5,7.389403820037842,46500
1993-03-29,7.3333330154418945,7.6666669845581055,7.3333330154418945,7.6666669845581055,7.553613662719727,41700
1993-03-30,7.5416669845581055,7.6666669845581055,7.4166669845581055,7.6666669845581055,7.553613662719727,96000
1993-03-31,7.4166669845581055,7.4583330154418945,6.75,7.0,6.896777629852295,1132500
1993-04-01,7.1666669845581055,7.1666669845581055,6.5833330154418945,6.5833330154418945,6.4862542152404785,541500
1993-04-02,6.5,6.6666669845581055,6.25,6.25,6.1578369140625,641400
1993-04-05,6.4166669845581055,6.5,6.25,6.5,6.404150009155273,256800
1993-04-06,6.5,7.0,6.5,6.75,6.650464057922363,385200
1993-04-07,7.25,7.25,7.0,7.0,6.896777629852295,350100
1993-04-08,6.9583330154418945,7.0,6.4166669845581055,6.4166669845581055,6.322046279907227,235800
1993-04-12,6.4583330154418945,6.75,6.4166669845581055,6.5,6.404150009155273,126900
1993-04-13,6.4166669845581055,6.75,6.4166669845581055,6.75,6.650464057922363,173400
1993-04-14,6.75,6.75,6.4166669845581055,6.4166669845581055,6.322046279907227,593100
1993-04-15,6.4166669845581055,6.5833330154418945,6.25,6.3333330154418945,6.239941120147705,226800
1993-04-16,6.25,6.3333330154418945,6.1666669845581055,6.3333330154418945,6.239941120147705,322500
1993-04-19,6.3333330154418945,6.4166669845581055,6.1666669845581055,6.25,6.1578369140625,238200
1993-04-20,6.3333330154418945,6.4166669845581055,6.1666669845581055,6.1666669845581055,6.075733184814453,132600
1993-04-21,6.3333330154418945,6.3333330154418945,6.0,6.25,6.1578369140625,163800
1993-04-22,6.25,6.3333330154418945,6.0833330154418945,6.3333330154418945,6.239941120147705,417000
1993-04-23,6.3333330154418945,6.3333330154418945,6.25,6.3333330154418945,6.239941120147705,101700
1993-04-26,6.25,6.3333330154418945,6.25,6.3333330154418945,6.239941120147705,109500
1993-04-27,6.3333330154418945,6.3333330154418945,6.0,6.1666669845581055,6.075733184814453,523500
1993-04-28,7.0,7.25,6.6666669845581055,6.875,6.773620128631592,1429200
1993-04-29,7.0,7.0,6.6666669845581055,6.75,6.650464057922363,603900
1993-04-30,6.8333330154418945,6.9583330154418945,6.6666669845581055,6.9166669845581055,6.81467342376709,224700
1993-05-03,6.75,7.0833330154418945,6.75,7.0,6.896777629852295,381900
1993-05-04,6.8333330154418945,7.1666669845581055,6.8333330154418945,7.1666669845581055,7.0609869956970215,226200
1993-05-05,7.1666669845581055,7.5,7.0833330154418945,7.5,7.389403820037842,320100
1993-05-06,7.5,8.0,7.5,7.8333330154418945,7.717822074890137,246300
1993-05-07,8.0,8.0,7.8333330154418945,7.8333330154418945,7.717822074890137,370500
1993-05-10,7.8333330154418945,7.8333330154418945,7.5833330154418945,7.5833330154418945,7.471508979797363,173400
1993-05-11,7.5833330154418945,7.75,7.4166669845581055,7.5,7.389403820037842,137700
1993-05-12,7.5833330154418945,7.8333330154418945,7.4166669845581055,7.8333330154418945,7.717822074890137,125700
1993-05-13,7.5833330154418945,7.8333330154418945,7.5833330154418945,7.75,7.635717868804932,32100
1993-05-14,7.75,7.75,7.5,7.5,7.389403820037842,61200
1993-05-17,7.6666669845581055,7.6666669845581055,7.4166669845581055,7.625,7.512561321258545,163800
1993-05-18,7.4166669845581055,7.8333330154418945,7.4166669845581055,7.75,7.635717868804932,129600
1993-05-19,7.8333330154418945,7.8333330154418945,7.6666669845581055,7.8333330154418945,7.717822074890137,80400
1993-05-20,7.6666669845581055,7.9166669845581055,7.6666669845581055,7.6666669845581055,7.553613662719727,152700
1993-05-21,7.9166669845581055,8.083333015441895,7.7083330154418945,7.8333330154418945,7.717822074890137,106500
1993-05-24,7.8333330154418945,8.083333015441895,7.5,7.5,7.389403820037842,280800
1993-05-25,7.5,7.6666669845581055,6.5,6.5416669845581055,6.4452033042907715,1328100
1993-05-26,6.75,6.75,6.1666669845581055,6.3333330154418945,6.239941120147705,1287300
1993-05-27,6.375,6.5833330154418945,6.25,6.3333330154418945,6.239941120147705,415200
1993-05-28,6.4166669845581055,6.4166669845581055,6.0,6.125,6.034680366516113,221700
1993-06-01,6.25,6.4166669845581055,6.25,6.4166669845581055,6.322046279907227,309600
1993-06-02,6.4166669845581055,6.5,6.25,6.5,6.404150009155273,153000
1993-06-03,6.5,6.6666669845581055,6.3333330154418945,6.6666669845581055,6.568359851837158,209700
1993-06-04,6.6666669845581055,6.6666669845581055,6.3333330154418945,6.3333330154418945,6.239941120147705,174900
1993-06-07,6.3333330154418945,6.5833330154418945,6.1666669845581055,6.25,6.1578369140625,408300
1993-06-08,6.2916669845581055,6.3333330154418945,6.1666669845581055,6.1666669845581055,6.075733184814453,175200
1993-06-09,6.4166669845581055,6.4166669845581055,6.1666669845581055,6.25,6.1578369140625,646200
1993-06-10,6.1666669845581055,6.3333330154418945,6.1666669845581055,6.3333330154418945,6.239941120147705,218100
1993-06-11,6.3333330154418945,6.4166669845581055,6.1666669845581055,6.2083330154418945,6.116784572601318,169800
1993-06-14,6.3333330154418945,6.3333330154418945,5.9166669845581055,6.0833330154418945,5.993628025054932,310500
1993-06-15,6.0833330154418945,6.0833330154418945,5.9166669845581055,6.0833330154418945,5.993628025054932,263700
1993-06-16,6.25,6.3333330154418945,6.0,6.25,6.1578369140625,224700
1993-06-17,6.5,6.5,6.3333330154418945,6.4166669845581055,6.322046279907227,216600
1993-06-18,6.4166669845581055,6.5,6.1666669845581055,6.5,6.404150009155273,70200
1993-06-21,6.1666669845581055,6.5,6.1666669845581055,6.4166669845581055,6.322046279907227,118200
1993-06-22,6.4166669845581055,6.4166669845581055,6.1666669845581055,6.25,6.1578369140625,113700
1993-06-23,6.5,6.75,6.25,6.75,6.650464057922363,90900
1993-06-24,6.75,6.75,6.5,6.5833330154418945,6.4862542152404785,337200
1993-06-25,6.75,6.75,6.625,6.75,6.650464057922363,46200
1993-06-28,6.625,6.8333330154418945,6.5833330154418945,6.8333330154418945,6.732568264007568,251400
1993-06-29,6.9166669845581055,7.25,6.75,7.1666669845581055,7.0609869956970215,394800
1993-06-30,7.1666669845581055,7.3333330154418945,7.0,7.2083330154418945,7.1020379066467285,334800
1993-07-01,7.1666669845581055,7.3333330154418945,7.1666669845581055,7.2916669845581055,7.184143543243408,165000
1993-07-02,7.4166669845581055,7.5833330154418945,7.25,7.375,7.266247749328613,402900
1993-07-06,7.4166669845581055,7.5,6.75,6.9166669845581055,6.81467342376709,509700
1993-07-07,6.75,7.0,6.75,6.75,6.650464057922363,93300
1993-07-08,7.0833330154418945,7.1666669845581055,7.0,7.0,6.896777629852295,552900
1993-07-09,7.1666669845581055,7.1666669845581055,6.8333330154418945,7.0,6.896777629852295,131100
1993-07-12,7.0,7.0833330154418945,6.9166669845581055,7.0833330154418945,6.978881359100342,224700
1993-07-13,6.9166669845581055,7.0833330154418945,6.9166669845581055,7.0833330154418945,6.978881359100342,59700
1993-07-14,7.0833330154418945,7.25,6.9166669845581055,7.25,7.143090724945068,473700
1993-07-15,7.0,7.25,7.0,7.1666669845581055,7.0609869956970215,523800
1993-07-16,7.1666669845581055,7.25,7.0,7.0,6.896777629852295,253800
1993-07-19,4.5833330154418945,4.6666669845581055,3.5,3.6666669845581055,3.612598419189453,8524200
1993-07-20,3.8333330154418945,3.9166669845581055,3.6666669845581055,3.75,3.694701910018921,2421000
1993-07-21,3.75,3.75,3.5,3.5416669845581055,3.489441156387329,2442300
1993-07-22,3.6666669845581055,3.6666669845581055,3.4166669845581055,3.5,3.4483888149261475,2493300
1993-07-23,3.5,3.5,3.4166669845581055,3.5,3.4483888149261475,1044300
1993-07-26,3.5,3.5,3.4166669845581055,3.4166669845581055,3.3662843704223633,935700
1993-07-27,3.5,3.5833330154418945,3.4166669845581055,3.5416669845581055,3.489441156387329,1056600
1993-07-28,3.5,3.5833330154418945,3.5,3.5833330154418945,3.5304930210113525,772200
1993-07-29,3.5833330154418945,3.75,3.5,3.75,3.694701910018921,862500
1993-07-30,3.75,3.9166669845581055,3.5833330154418945,3.8333330154418945,3.776806354522705,433800
1993-08-02,3.75,4.0,3.75,3.875,3.817858934402466,550800
1993-08-03,4.0,4.0833330154418945,3.8333330154418945,4.0833330154418945,4.023119926452637,532200
1993-08-04,4.0833330154418945,4.25,4.0,4.0833330154418945,4.023119926452637,966600
1993-08-05,4.3333330154418945,4.3333330154418945,4.1666669845581055,4.1666669845581055,4.105225563049316,557100
1993-08-06,4.25,4.25,4.0,4.25,4.187329292297363,378300
1993-08-09,4.25,4.25,4.0,4.125,4.064172267913818,198900
1993-08-10,4.0833330154418945,4.25,4.0,4.0,3.9410157203674316,350400
1993-08-11,4.1666669845581055,4.1666669845581055,3.6666669845581055,3.6666669845581055,3.612598419189453,510600
1993-08-12,3.6666669845581055,3.9166669845581055,3.6666669845581055,3.9166669845581055,3.8589115142822266,283200
1993-08-13,3.75,4.0833330154418945,3.75,4.0,3.9410157203674316,294900
1993-08-16,3.9166669845581055,4.0833330154418945,3.9166669845581055,3.9166669845581055,3.8589115142822266,151500
1993-08-17,4.0833330154418945,4.1666669845581055,3.9166669845581055,4.0833330154418945,4.023119926452637,533400
1993-08-18,4.1666669845581055,4.1666669845581055,3.9166669845581055,3.9166669845581055,3.8589115142822266,109800
1993-08-19,4.0833330154418945,4.0833330154418945,3.9166669845581055,4.0833330154418945,4.023119926452637,116400
1993-08-20,4.0833330154418945,4.0833330154418945,3.9166669845581055,3.9583330154418945,3.899963140487671,131700
1993-08-23,3.9166669845581055,4.0833330154418945,3.9166669845581055,3.9166669845581055,3.8589115142822266,57600
1993-08-24,4.0833330154418945,4.0833330154418945,3.9166669845581055,4.0833330154418945,4.023119926452637,171600
1993-08-25,4.0,4.1666669845581055,3.6666669845581055,4.0,3.9410157203674316,370800
1993-08-26,4.1666669845581055,4.1666669845581055,4.0,4.1666669845581055,4.105225563049316,66000
1993-08-27,4.1666669845581055,4.25,4.0,4.1666669845581055,4.105225563049316,222300
1993-08-30,4.25,4.25,4.0833330154418945,4.25,4.187329292297363,112200
1993-08-31,4.2083330154418945,4.25,4.0833330154418945,4.125,4.064172267913818,237300
1993-09-01,4.0833330154418945,4.1666669845581055,4.0833330154418945,4.0833330154418945,4.023119926452637,116400
1993-09-02,4.1666669845581055,4.1666669845581055,4.0,4.0833330154418945,4.023119926452637,100800
1993-09-03,3.9583330154418945,4.0833330154418945,3.8333330154418945,4.0,3.9410157203674316,130500
1993-09-07,3.8333330154418945,4.0,3.8333330154418945,4.0,3.9410157203674316,178200
1993-09-08,4.0,4.0833330154418945,3.8333330154418945,4.0833330154418945,4.023119926452637,70500
1993-09-09,4.0833330154418945,4.0833330154418945,3.8333330154418945,4.0833330154418945,4.023119926452637,38700
1993-09-10,4.0833330154418945,4.0833330154418945,3.8333330154418945,3.9583330154418945,3.899963140487671,34200
1993-09-13,4.0833330154418945,4.0833330154418945,3.8333330154418945,4.0,3.9410157203674316,127200
1993-09-14,4.0,4.125,3.8333330154418945,3.9583330154418945,3.899963140487671,186000
1993-09-15,4.1666669845581055,4.3333330154418945,4.0,4.25,4.187329292297363,325500
1993-09-16,4.3333330154418945,4.5,4.1666669845581055,4.5,4.433642387390137,163200
1993-09-17,4.5,4.5,4.25,4.4166669845581055,4.351539134979248,158700
1993-09-20,4.25,4.4166669845581055,4.25,4.4166669845581055,4.351539134979248,233400
1993-09-21,4.5,4.6666669845581055,4.3333330154418945,4.4166669845581055,4.351539134979248,203400
1993-09-22,4.4166669845581055,4.9166669845581055,4.4166669845581055,4.9166669845581055,4.844165325164795,453000
1993-09-23,4.6666669845581055,5.0833330154418945,4.6666669845581055,4.8333330154418945,4.762060165405273,288300
1993-09-24,5.0833330154418945,5.1666669845581055,4.8333330154418945,4.9166669845581055,4.844165325164795,242400
1993-09-27,4.9166669845581055,5.1666669845581055,4.8333330154418945,4.8333330154418945,4.762060165405273,252900
1993-09-28,4.8333330154418945,5.0,4.8333330154418945,5.0,4.92626953125,99600
1993-09-29,5.0,5.0,4.5833330154418945,4.75,4.679955959320068,248400
1993-09-30,4.75,4.8333330154418945,4.5833330154418945,4.8333330154418945,4.762060165405273,105300
1993-10-01,4.75,4.9166669845581055,4.75,4.75,4.679955959320068,556800
1993-10-04,4.75,4.9166669845581055,4.75,4.8333330154418945,4.762060165405273,93000
1993-10-05,4.9166669845581055,4.9166669845581055,4.75,4.75,4.679955959320068,219600
1993-10-06,4.75,4.9166669845581055,4.75,4.9166669845581055,4.844165325164795,403500
1993-10-07,4.8333330154418945,4.9166669845581055,4.75,4.9166669845581055,4.844165325164795,261300
1993-10-08,4.75,4.9166669845581055,4.75,4.75,4.679955959320068,33300
1993-10-11,4.75,4.9166669845581055,4.75,4.9166669845581055,4.844165325164795,23100
1993-10-12,4.9166669845581055,4.9166669845581055,4.75,4.9166669845581055,4.844165325164795,67200
1993-10-13,4.9166669845581055,4.9166669845581055,4.75,4.9166669845581055,4.844165325164795,70200
1993-10-14,4.9166669845581055,4.9166669845581055,4.6666669845581055,4.6666669845581055,4.597851753234863,137400
1993-10-15,4.9166669845581055,4.9166669845581055,4.6666669845581055,4.6666669845581055,4.597851753234863,119100
1993-10-18,4.6666669845581055,4.9166669845581055,4.5833330154418945,4.75,4.679955959320068,180300
1993-10-19,4.5833330154418945,4.75,4.5833330154418945,4.75,4.679955959320068,45000
1993-10-20,4.5833330154418945,4.75,4.5833330154418945,4.75,4.679955959320068,41700
1993-10-21,4.75,4.75,4.5833330154418945,4.75,4.679955959320068,193200
1993-10-22,4.75,4.75,4.5833330154418945,4.75,4.679955959320068,124800
1993-10-25,4.75,4.75,4.5833330154418945,4.75,4.679955959320068,63900
1993-10-26,4.75,4.75,4.5833330154418945,4.5833330154418945,4.515746593475342,34800
1993-10-27,4.75,4.75,4.5833330154418945,4.5833330154418945,4.515746593475342,95700
1993-10-28,4.75,4.75,4.5833330154418945,4.75,4.679955959320068,71100
1993-10-29,4.5833330154418945,4.9166669845581055,4.5833330154418945,4.8333330154418945,4.762060165405273,133800
1993-11-01,5.0,5.1666669845581055,4.8333330154418945,4.9166669845581055,4.844165325164795,167100
1993-11-02,4.9166669845581055,5.1666669845581055,4.9166669845581055,4.9583330154418945,4.88521671295166,117600
1993-11-03,5.0,5.0833330154418945,4.5833330154418945,4.7083330154418945,4.638903617858887,176400
1993-11-04,4.8333330154418945,4.8333330154418945,4.5833330154418945,4.5833330154418945,4.515746593475342,24900
1993-11-05,4.75,4.75,4.5,4.6666669845581055,4.597851753234863,127800
1993-11-08,4.5833330154418945,4.75,4.5,4.75,4.679955959320068,103500
1993-11-09,4.5833330154418945,4.8333330154418945,4.5833330154418945,4.8333330154418945,4.762060165405273,107400
1993-11-10,4.5833330154418945,4.8333330154418945,4.5833330154418945,4.7083330154418945,4.638903617858887,129300
1993-11-11,4.5833330154418945,4.8333330154418945,4.5833330154418945,4.7083330154418945,4.638903617858887,453600
1993-11-12,4.875,5.0,4.75,4.8333330154418945,4.762060165405273,876900
1993-11-15,4.9166669845581055,4.9166669845581055,4.5833330154418945,4.6666669845581055,4.597851753234863,168600
1993-11-16,4.5833330154418945,4.75,4.5,4.6666669845581055,4.597851753234863,127200
1993-11-17,4.6666669845581055,4.6666669845581055,4.4166669845581055,4.5833330154418945,4.515746593475342,437100
1993-11-18,4.4166669845581055,4.5833330154418945,4.4166669845581055,4.4166669845581055,4.351539134979248,148500
1993-11-19,4.5,4.5,4.25,4.4166669845581055,4.351539134979248,89700
1993-11-22,4.25,4.4166669845581055,4.1666669845581055,4.4166669845581055,4.351539134979248,256500
1993-11-23,4.1666669845581055,4.4166669845581055,4.1666669845581055,4.4166669845581055,4.351539134979248,187200
1993-11-24,4.25,4.4166669845581055,4.25,4.375,4.310486316680908,53400
1993-11-26,4.2916669845581055,4.4166669845581055,4.2083330154418945,4.4166669845581055,4.351539134979248,72000
1993-11-29,4.1666669845581055,4.4166669845581055,4.1666669845581055,4.3333330154418945,4.26943302154541,164700
1993-11-30,4.1666669845581055,4.4166669845581055,4.1666669845581055,4.4166669845581055,4.351539134979248,160200
1993-12-01,4.4166669845581055,4.5,4.1666669845581055,4.5,4.433642387390137,113100
1993-12-02,4.25,4.5,4.25,4.5,4.433642387390137,58500
1993-12-03,4.3333330154418945,4.5,4.3333330154418945,4.3333330154418945,4.26943302154541,73200
1993-12-06,4.4166669845581055,4.5,4.3333330154418945,4.3333330154418945,4.26943302154541,21900
1993-12-07,4.5,4.5,4.3333330154418945,4.5,4.433642387390137,163500
1993-12-08,4.3333330154418945,4.5,4.3333330154418945,4.375,4.310486316680908,204900
1993-12-09,4.3333330154418945,4.5,4.25,4.25,4.187329292297363,253200
1993-12-10,4.25,4.4166669845581055,4.25,4.3333330154418945,4.26943302154541,113100
1993-12-13,4.25,4.4166669845581055,4.1666669845581055,4.1666669845581055,4.105225563049316,186900
1993-12-14,4.1666669845581055,4.3333330154418945,4.0833330154418945,4.3333330154418945,4.26943302154541,95700
1993-12-15,4.3333330154418945,4.3333330154418945,4.0833330154418945,4.3333330154418945,4.26943302154541,95700
1993-12-16,4.1666669845581055,4.3333330154418945,4.1666669845581055,4.3333330154418945,4.26943302154541,206400
1993-12-17,4.1666669845581055,4.3333330154418945,4.1666669845581055,4.3333330154418945,4.26943302154541,1092300
1993-12-20,4.3333330154418945,4.3333330154418945,4.1666669845581055,4.3333330154418945,4.26943302154541,203100
1993-12-21,4.25,4.5,4.25,4.4166669845581055,4.351539134979248,536400
1993-12-22,4.25,4.6666669845581055,4.25,4.4166669845581055,4.351539134979248,268200
1993-12-23,4.4166669845581055,4.75,4.4166669845581055,4.7083330154418945,4.638903617858887,99000
1993-12-27,4.5833330154418945,4.8333330154418945,4.5833330154418945,4.8333330154418945,4.762060165405273,44400
1993-12-28,4.5833330154418945,5.0,4.5833330154418945,4.8333330154418945,4.762060165405273,280200
1993-12-29,5.0,5.4166669845581055,4.9166669845581055,5.1666669845581055,5.090478420257568,584700
1993-12-30,5.25,5.4166669845581055,5.1666669845581055,5.25,5.172582626342773,429300
1993-12-31,5.1666669845581055,5.3333330154418945,5.1666669845581055,5.1666669845581055,5.090478420257568,486900
1994-01-03,5.25,5.25,4.9166669845581055,5.0,4.92626953125,203400
1994-01-04,5.1666669845581055,5.1666669845581055,4.9166669845581055,4.9583330154418945,4.88521671295166,50100
1994-01-05,5.1666669845581055,5.1666669845581055,4.9166669845581055,5.1666669845581055,5.090478420257568,35700
1994-01-06,5.1666669845581055,5.1666669845581055,4.9166669845581055,4.9166669845581055,4.844165325164795,147600
1994-01-07,5.1666669845581055,5.1666669845581055,4.9166669845581055,5.0,4.92626953125,167400
1994-01-10,4.9166669845581055,5.0833330154418945,4.6666669845581055,4.8333330154418945,4.762060165405273,204300
1994-01-11,4.7916669845581055,4.9166669845581055,4.6666669845581055,4.8333330154418945,4.762060165405273,171000
1994-01-12,4.8333330154418945,4.9166669845581055,4.6666669845581055,4.9166669845581055,4.844165325164795,83700
1994-01-13,5.25,5.5833330154418945,5.25,5.4166669845581055,5.336792945861816,1567800
1994-01-14,5.4166669845581055,5.75,5.4166669845581055,5.6666669845581055,5.583106517791748,520200
1994-01-17,5.75,5.8333330154418945,5.5833330154418945,5.75,5.665209770202637,354900
1994-01-18,5.5833330154418945,5.8333330154418945,5.5833330154418945,5.5833330154418945,5.501000881195068,242400
1994-01-19,5.75,5.75,5.5833330154418945,5.75,5.665209770202637,1600800
1994-01-20,5.75,5.75,5.5833330154418945,5.75,5.665209770202637,315000
1994-01-21,5.75,5.75,5.3333330154418945,5.5833330154418945,5.501000881195068,365100
1994-01-24,5.5833330154418945,5.5833330154418945,5.4166669845581055,5.5,5.418896675109863,66000
1994-01-25,5.5,5.5833330154418945,5.4166669845581055,5.4583330154418945,5.377844333648682,231000
1994-01-26,5.5833330154418945,5.5833330154418945,5.3333330154418945,5.3333330154418945,5.254687309265137,686400
1994-01-27,5.3333330154418945,5.5,5.0833330154418945,5.25,5.172582626342773,455700
1994-01-28,5.25,5.25,5.0833330154418945,5.25,5.172582626342773,339900
1994-01-31,5.25,5.25,5.0,5.0833330154418945,5.008373260498047,496200
1994-02-01,5.0416669845581055,5.0833330154418945,4.9166669845581055,5.0,4.92626953125,344100
1994-02-02,5.0,5.0,4.8333330154418945,4.8333330154418945,4.762060165405273,130800
1994-02-03,5.0,5.0,4.8333330154418945,4.875,4.8031134605407715,399900
1994-02-04,4.8333330154418945,5.0,4.8333330154418945,4.8333330154418945,4.762060165405273,432300
1994-02-07,4.75,5.0,4.75,4.8333330154418945,4.762060165405273,363600
1994-02-08,5.0,5.0,4.8333330154418945,4.9583330154418945,4.88521671295166,587700
1994-02-09,4.9166669845581055,5.0833330154418945,4.8333330154418945,4.9166669845581055,4.844165325164795,94200
1994-02-10,5.0,5.0,4.8333330154418945,4.8333330154418945,4.762060165405273,86400
1994-02-11,4.8333330154418945,5.0,4.8333330154418945,4.8333330154418945,4.762060165405273,44100
1994-02-14,4.8333330154418945,5.0,4.8333330154418945,4.9166669845581055,4.844165325164795,102900
1994-02-15,4.9166669845581055,5.0,4.8333330154418945,5.0,4.92626953125,19800
1994-02-16,5.0,5.0,4.8333330154418945,4.875,4.8031134605407715,75900
1994-02-17,4.9166669845581055,5.0,4.875,5.0,4.92626953125,73800
1994-02-18,5.0,5.0,4.8333330154418945,5.0,4.92626953125,259200
1994-02-22,4.9166669845581055,5.0,4.8333330154418945,5.0,4.92626953125,108900
1994-02-23,4.8333330154418945,5.0,4.8333330154418945,5.0,4.92626953125,97800
1994-02-24,4.8333330154418945,5.0,4.8333330154418945,4.8333330154418945,4.762060165405273,103500
1994-02-25,5.0,5.1666669845581055,4.8333330154418945,5.0833330154418945,5.008373260498047,138600
1994-02-28,5.0,5.25,5.0,5.1666669845581055,5.090478420257568,41100
1994-03-01,5.1666669845581055,5.1666669845581055,5.0,5.1666669845581055,5.090478420257568,30300
1994-03-02,4.9166669845581055,5.0833330154418945,4.9166669845581055,5.0833330154418945,5.008373260498047,74100
1994-03-03,5.1666669845581055,5.25,5.0,5.0833330154418945,5.008373260498047,97200
1994-03-04,5.25,5.25,5.0,5.25,5.172582626342773,30900
1994-03-07,5.3333330154418945,5.3333330154418945,5.0833330154418945,5.3333330154418945,5.254687309265137,44100
1994-03-08,5.1666669845581055,5.4166669845581055,5.1666669845581055,5.3333330154418945,5.254687309265137,64800
1994-03-09,5.25,5.5,5.25,5.5,5.418896675109863,395700
1994-03-10,5.375,5.5,5.3333330154418945,5.3333330154418945,5.254687309265137,211500
1994-03-11,5.3333330154418945,5.5,5.2083330154418945,5.3333330154418945,5.254687309265137,255600
1994-03-14,5.25,5.4166669845581055,5.1666669845581055,5.1666669845581055,5.090478420257568,95400
1994-03-15,5.25,5.3333330154418945,5.0833330154418945,5.25,5.172582626342773,137700
1994-03-16,5.0833330154418945,5.25,5.0833330154418945,5.2083330154418945,5.131530284881592,45300
1994-03-17,5.1666669845581055,5.4166669845581055,5.1666669845581055,5.3333330154418945,5.254687309265137,105600
1994-03-18,5.25,5.4166669845581055,5.25,5.4166669845581055,5.336792945861816,131100
1994-03-21,5.4166669845581055,5.5,5.25,5.3333330154418945,5.254687309265137,54600
1994-03-22,5.5,5.5,5.25,5.25,5.172582626342773,61500
1994-03-23,5.4166669845581055,5.5,5.25,5.25,5.172582626342773,93600
1994-03-24,5.4166669845581055,5.4166669845581055,5.25,5.25,5.172582626342773,411000
1994-03-25,5.25,5.4166669845581055,5.25,5.25,5.172582626342773,167400
1994-03-28,5.25,5.5,5.25,5.25,5.172582626342773,187800
1994-03-29,5.5,5.5,5.25,5.2916669845581055,5.213635444641113,101400
1994-03-30,5.1666669845581055,5.3333330154418945,5.0833330154418945,5.3333330154418945,5.254687309265137,367500
1994-03-31,5.0833330154418945,5.25,4.75,4.8333330154418945,4.762060165405273,1065000
1994-04-04,4.6666669845581055,4.75,4.5416669845581055,4.7083330154418945,4.638903617858887,132600
1994-04-05,4.5833330154418945,4.8333330154418945,4.5833330154418945,4.625,4.556799411773682,333300
1994-04-06,4.6666669845581055,4.8333330154418945,4.6666669845581055,4.7916669845581055,4.721009254455566,64200
1994-04-07,4.9166669845581055,4.9166669845581055,4.75,4.8333330154418945,4.762060165405273,45000
1994-04-08,4.8333330154418945,4.9166669845581055,4.75,4.75,4.679955959320068,61200
1994-04-11,4.9166669845581055,4.9166669845581055,4.75,4.9166669845581055,4.844165325164795,7200
1994-04-12,4.75,4.9166669845581055,4.6666669845581055,4.7708330154418945,4.700482368469238,218100
1994-04-13,4.6666669845581055,4.75,4.4166669845581055,4.4583330154418945,4.392590045928955,242400
1994-04-14,4.4166669845581055,4.4166669845581055,4.1666669845581055,4.3333330154418945,4.26943302154541,582300
1994-04-15,4.4166669845581055,4.6666669845581055,4.25,4.6666669845581055,4.597851753234863,209100
1994-04-18,4.5833330154418945,4.75,4.5833330154418945,4.5833330154418945,4.515746593475342,60900
1994-04-19,4.75,5.0,4.6666669845581055,4.6666669845581055,4.597851753234863,93300
1994-04-20,4.6666669845581055,5.0,4.6666669845581055,4.7083330154418945,4.638903617858887,121800
1994-04-21,4.6666669845581055,4.75,4.25,4.25,4.187329292297363,594300
1994-04-22,4.5,4.5,4.25,4.3333330154418945,4.26943302154541,144900
1994-04-25,4.5,4.5833330154418945,4.25,4.5833330154418945,4.515746593475342,221700
1994-04-26,4.3333330154418945,4.5833330154418945,4.3333330154418945,4.3333330154418945,4.26943302154541,196200
1994-04-28,4.4166669845581055,4.4166669845581055,4.2083330154418945,4.25,4.187329292297363,213300
1994-04-29,4.4166669845581055,4.4166669845581055,4.1666669845581055,4.3333330154418945,4.26943302154541,48900
1994-05-02,4.3333330154418945,4.4166669845581055,4.25,4.25,4.187329292297363,63600
1994-05-03,4.25,4.4166669845581055,4.25,4.3333330154418945,4.26943302154541,55800
1994-05-04,4.4166669845581055,4.4166669845581055,4.25,4.25,4.187329292297363,42000
1994-05-05,4.1666669845581055,4.4166669845581055,4.1666669845581055,4.4166669845581055,4.351539134979248,154200
1994-05-06,4.4166669845581055,4.4166669845581055,3.875,3.875,3.817858934402466,384000
1994-05-09,4.0,4.0833330154418945,3.8333330154418945,4.0,3.9410157203674316,171600
1994-05-10,4.0,4.0833330154418945,3.8333330154418945,4.0,3.9410157203674316,91200
1994-05-11,4.0833330154418945,4.0833330154418945,3.8958330154418945,4.0833330154418945,4.023119926452637,81000
1994-05-12,4.0,4.0833330154418945,3.9166669845581055,4.0833330154418945,4.023119926452637,90900
1994-05-13,3.9166669845581055,4.0833330154418945,3.9166669845581055,3.9166669845581055,3.8589115142822266,23700
1994-05-16,3.9583330154418945,4.1666669845581055,3.9166669845581055,4.0416669845581055,3.9820683002471924,30000
1994-05-17,3.9166669845581055,4.0833330154418945,3.9166669845581055,4.0,3.9410157203674316,75900
1994-05-18,4.1666669845581055,4.25,4.0833330154418945,4.25,4.187329292297363,205500
1994-05-19,4.25,4.3333330154418945,4.0833330154418945,4.25,4.187329292297363,130800
1994-05-20,4.1666669845581055,4.4166669845581055,4.1666669845581055,4.4166669845581055,4.351539134979248,155700
1994-05-23,4.25,4.4166669845581055,4.1666669845581055,4.4166669845581055,4.351539134979248,42000
1994-05-24,4.4166669845581055,4.4166669845581055,4.25,4.3333330154418945,4.26943302154541,26100
1994-05-25,4.3333330154418945,4.4166669845581055,4.1666669845581055,4.4166669845581055,4.351539134979248,29100
1994-05-26,4.4166669845581055,4.4166669845581055,4.1666669845581055,4.4166669845581055,4.351539134979248,67200
1994-05-27,4.1666669845581055,4.4166669845581055,4.0833330154418945,4.0833330154418945,4.023119926452637,150900
1994-05-31,4.25,4.25,4.0,4.25,4.187329292297363,114300
1994-06-01,4.0,4.5,4.0,4.5,4.433642387390137,315300
1994-06-02,4.5833330154418945,4.8333330154418945,4.4166669845581055,4.8333330154418945,4.762060165405273,586500
1994-06-03,4.5833330154418945,4.8333330154418945,4.5833330154418945,4.5833330154418945,4.515746593475342,177300
1994-06-06,4.5833330154418945,4.6666669845581055,4.5833330154418945,4.6666669845581055,4.597851753234863,13800
1994-06-07,4.8333330154418945,4.8333330154418945,4.5833330154418945,4.5833330154418945,4.515746593475342,12000
1994-06-08,4.5833330154418945,4.5833330154418945,4.5833330154418945,4.5833330154418945,4.515746593475342,8100
1994-06-09,4.5833330154418945,4.75,4.4583330154418945,4.4583330154418945,4.392590045928955,96000
1994-06-10,4.4166669845581055,4.5,4.0833330154418945,4.2916669845581055,4.228381633758545,163500
1994-06-13,4.3333330154418945,4.3333330154418945,4.1666669845581055,4.1666669845581055,4.105225563049316,19200
1994-06-14,4.25,4.5,4.25,4.3333330154418945,4.26943302154541,101700
1994-06-15,4.5,4.5,4.3333330154418945,4.4583330154418945,4.392590045928955,91200
1994-06-16,4.5833330154418945,4.5833330154418945,4.3333330154418945,4.5833330154418945,4.515746593475342,49200
1994-06-17,4.5833330154418945,4.5833330154418945,4.3333330154418945,4.3333330154418945,4.26943302154541,47700
1994-06-20,4.3333330154418945,4.5833330154418945,4.3333330154418945,4.5,4.433642387390137,44100
1994-06-21,4.5,4.5,4.25,4.4166669845581055,4.351539134979248,133200
1994-06-22,4.25,4.4166669845581055,4.0833330154418945,4.0833330154418945,4.023119926452637,94200
1994-06-23,4.2083330154418945,4.2916669845581055,4.0833330154418945,4.0833330154418945,4.023119926452637,185400
1994-06-24,4.3333330154418945,4.3333330154418945,4.0833330154418945,4.2083330154418945,4.146276473999023,71100
1994-06-27,4.3333330154418945,4.3333330154418945,4.0833330154418945,4.1666669845581055,4.105225563049316,33600
1994-06-28,4.25,4.25,4.0833330154418945,4.2083330154418945,4.146276473999023,51000
1994-06-29,4.25,4.25,4.0833330154418945,4.1666669845581055,4.105225563049316,343200
1994-06-30,4.3333330154418945,4.5,4.1666669845581055,4.4166669845581055,4.351539134979248,413700
1994-07-01,4.4166669845581055,4.5,4.3333330154418945,4.3333330154418945,4.26943302154541,139500
1994-07-05,4.5,4.5,4.25,4.4166669845581055,4.351539134979248,189000
1994-07-06,4.25,4.4166669845581055,4.1666669845581055,4.25,4.187329292297363,54900
1994-07-07,4.4166669845581055,4.4166669845581055,4.1666669845581055,4.25,4.187329292297363,57600
1994-07-08,4.4166669845581055,4.4166669845581055,4.1666669845581055,4.1666669845581055,4.105225563049316,27600
1994-07-11,4.1666669845581055,4.4166669845581055,4.1666669845581055,4.1666669845581055,4.105225563049316,348300
1994-07-12,4.4166669845581055,4.4166669845581055,4.1666669845581055,4.3333330154418945,4.26943302154541,80100
1994-07-13,4.5,4.6875,4.25,4.25,4.187329292297363,142200
1994-07-14,4.4166669845581055,4.5,4.25,4.3333330154418945,4.26943302154541,403800
1994-07-15,4.5,4.5833330154418945,4.3333330154418945,4.5833330154418945,4.515746593475342,209100
1994-07-18,4.4166669845581055,4.75,4.4166669845581055,4.75,4.679955959320068,77100
1994-07-19,4.75,4.9166669845581055,4.6666669845581055,4.9166669845581055,4.844165325164795,135300
1994-07-20,4.9166669845581055,4.9166669845581055,4.6666669845581055,4.75,4.679955959320068,134700
1994-07-21,4.9166669845581055,4.9166669845581055,4.6666669845581055,4.7708330154418945,4.700482368469238,54900
1994-07-22,4.6666669845581055,4.8333330154418945,4.6666669845581055,4.6666669845581055,4.597851753234863,70500
1994-07-25,4.9166669845581055,4.9166669845581055,4.6666669845581055,4.9166669845581055,4.844165325164795,94800
1994-07-26,4.6666669845581055,4.9166669845581055,4.6666669845581055,4.9166669845581055,4.844165325164795,60300
1994-07-27,4.75,4.9166669845581055,4.75,4.9166669845581055,4.844165325164795,103200
1994-07-28,4.8333330154418945,4.9166669845581055,4.75,4.75,4.679955959320068,78300
1994-07-29,4.75,4.9166669845581055,4.75,4.9166669845581055,4.844165325164795,31800
1994-08-01,4.75,4.9166669845581055,4.75,4.8333330154418945,4.762060165405273,12300
1994-08-02,4.7916669845581055,4.9166669845581055,4.75,4.9166669845581055,4.844165325164795,102900
1994-08-03,4.9166669845581055,5.0833330154418945,4.9166669845581055,5.0833330154418945,5.008373260498047,355800
1994-08-04,4.9166669845581055,5.0833330154418945,4.9166669845581055,5.0416669845581055,4.967322826385498,112500
1994-08-05,4.9166669845581055,5.0833330154418945,4.8333330154418945,4.8333330154418945,4.762060165405273,174300
1994-08-08,4.8333330154418945,5.0,4.8333330154418945,4.8333330154418945,4.762060165405273,10200
1994-08-09,5.0,5.0,4.8333330154418945,5.0,4.92626953125,49200
1994-08-10,4.8333330154418945,5.0,4.8333330154418945,4.8333330154418945,4.762060165405273,9000
1994-08-11,4.75,4.8333330154418945,4.6041669845581055,4.6666669845581055,4.597851753234863,194100
1994-08-12,4.75,4.75,4.5833330154418945,4.6666669845581055,4.597851753234863,36600
1994-08-15,4.75,4.75,4.5833330154418945,4.6666669845581055,4.597851753234863,21600
1994-08-16,4.5833330154418945,4.75,4.5833330154418945,4.5833330154418945,4.515746593475342,17400
1994-08-17,4.6666669845581055,4.75,4.5833330154418945,4.625,4.556799411773682,46500
1994-08-18,4.5833330154418945,4.75,4.5833330154418945,4.5833330154418945,4.515746593475342,21300
1994-08-19,4.5833330154418945,4.75,4.4166669845581055,4.4166669845581055,4.351539134979248,71700
1994-08-22,4.4166669845581055,4.5,4.25,4.4166669845581055,4.351539134979248,468300
1994-08-23,4.4166669845581055,4.4166669845581055,4.0,4.0,3.9410157203674316,147000
1994-08-24,4.1666669845581055,4.25,4.0,4.25,4.187329292297363,558600
1994-08-25,4.1666669845581055,4.3333330154418945,4.1666669845581055,4.25,4.187329292297363,264300
1994-08-26,4.25,4.4166669845581055,4.25,4.4166669845581055,4.351539134979248,11400
1994-08-29,4.4166669845581055,4.4166669845581055,4.1666669845581055,4.1666669845581055,4.105225563049316,13500
1994-08-30,4.4166669845581055,4.4166669845581055,4.1666669845581055,4.2916669845581055,4.228381633758545,55800
1994-08-31,4.1666669845581055,4.4166669845581055,4.1666669845581055,4.4166669845581055,4.351539134979248,35100
1994-09-01,4.4166669845581055,4.4166669845581055,4.1666669845581055,4.1666669845581055,4.105225563049316,68700
1994-09-02,4.1666669845581055,4.4166669845581055,4.1666669845581055,4.3333330154418945,4.26943302154541,128700
1994-09-06,4.1666669845581055,4.4166669845581055,4.1666669845581055,4.3333330154418945,4.26943302154541,28800
1994-09-07,4.25,4.4166669845581055,4.25,4.4166669845581055,4.351539134979248,11100
1994-09-08,4.25,4.4166669845581055,4.1666669845581055,4.25,4.187329292297363,37800
1994-09-09,4.1666669845581055,4.3333330154418945,4.0833330154418945,4.1666669845581055,4.105225563049316,105000
1994-09-12,4.0833330154418945,4.3333330154418945,4.0833330154418945,4.1666669845581055,4.105225563049316,143400
1994-09-13,4.3333330154418945,4.3333330154418945,4.0833330154418945,4.0833330154418945,4.023119926452637,23700
1994-09-14,4.0833330154418945,4.25,4.0833330154418945,4.0833330154418945,4.023119926452637,176100
1994-09-15,4.0833330154418945,4.25,4.0833330154418945,4.1041669845581055,4.043645858764648,100800
1994-09-16,4.25,4.25,4.0833330154418945,4.1666669845581055,4.105225563049316,41400
1994-09-19,4.3333330154418945,4.4166669845581055,4.25,4.4166669845581055,4.351539134979248,51300
1994-09-20,4.1666669845581055,4.3333330154418945,4.1666669845581055,4.3333330154418945,4.26943302154541,14400
1994-09-21,4.1666669845581055,4.3333330154418945,4.1666669845581055,4.3333330154418945,4.26943302154541,14400
1994-09-22,4.3333330154418945,4.3333330154418945,4.1666669845581055,4.1666669845581055,4.105225563049316,27000
1994-09-23,4.1666669845581055,4.3333330154418945,4.1666669845581055,4.1666669845581055,4.105225563049316,43200
1994-09-26,4.1666669845581055,4.25,4.0,4.25,4.187329292297363,55800
1994-09-27,4.25,4.25,4.0,4.25,4.187329292297363,46500
1994-09-28,4.0,4.25,4.0,4.1666669845581055,4.105225563049316,49800
1994-09-29,4.0,4.1666669845581055,4.0,4.1666669845581055,4.105225563049316,15000
1994-09-30,4.1666669845581055,4.1666669845581055,4.0,4.1666669845581055,4.105225563049316,6000
1994-10-03,4.0,4.1666669845581055,4.0,4.1666669845581055,4.105225563049316,76500
1994-10-04,4.1666669845581055,4.1666669845581055,3.9166669845581055,4.1666669845581055,4.105225563049316,101100
1994-10-05,4.0833330154418945,4.0833330154418945,3.8333330154418945,4.0833330154418945,4.023119926452637,31200
1994-10-06,3.8333330154418945,4.0,3.6666669845581055,3.8333330154418945,3.776806354522705,424800
1994-10-07,3.5833330154418945,3.75,3.5833330154418945,3.6666669845581055,3.612598419189453,185700
1994-10-10,3.75,3.75,3.5,3.6666669845581055,3.612598419189453,159000
1994-10-11,3.6666669845581055,3.6666669845581055,3.5,3.5833330154418945,3.5304930210113525,85200
1994-10-12,3.6666669845581055,3.6666669845581055,3.5,3.5833330154418945,3.5304930210113525,66600
1994-10-13,3.6666669845581055,3.6666669845581055,3.5,3.6666669845581055,3.612598419189453,32700
1994-10-14,3.6666669845581055,3.6666669845581055,3.5,3.5833330154418945,3.5304930210113525,74700
1994-10-17,3.6666669845581055,3.6666669845581055,3.5,3.5833330154418945,3.5304930210113525,352800
1994-10-18,3.5833330154418945,3.6666669845581055,3.5833330154418945,3.6666669845581055,3.612598419189453,102000
1994-10-19,3.6666669845581055,3.6666669845581055,3.5833330154418945,3.6041669845581055,3.5510194301605225,428100
1994-10-20,3.6666669845581055,3.6666669845581055,3.5833330154418945,3.5833330154418945,3.5304930210113525,118500
1994-10-21,3.6666669845581055,3.6666669845581055,3.5833330154418945,3.5833330154418945,3.5304930210113525,153300
1994-10-24,3.5,3.6666669845581055,3.3333330154418945,3.3333330154418945,3.284179449081421,138300
1994-10-25,3.5,3.5,3.3333330154418945,3.3333330154418945,3.284179449081421,15900
1994-10-26,3.3333330154418945,3.5,3.3333330154418945,3.3333330154418945,3.284179449081421,27900
1994-10-27,3.3333330154418945,3.5,3.3333330154418945,3.4583330154418945,3.4073362350463867,49800
1994-10-28,3.3333330154418945,3.5,3.3333330154418945,3.4166669845581055,3.3662843704223633,361200
1994-10-31,3.5,3.5,3.4166669845581055,3.4583330154418945,3.4073362350463867,159600
1994-11-01,3.5,3.6666669845581055,3.4166669845581055,3.4583330154418945,3.4073362350463867,655800
1994-11-02,3.5,3.6666669845581055,3.5,3.6666669845581055,3.612598419189453,123900
1994-11-03,3.6666669845581055,3.75,3.5,3.7083330154418945,3.6536498069763184,495600
1994-11-04,3.6666669845581055,3.75,3.5833330154418945,3.625,3.571545362472534,142800
1994-11-07,3.5833330154418945,3.75,3.5833330154418945,3.625,3.571545362472534,83700
1994-11-08,3.5833330154418945,3.75,3.5833330154418945,3.7083330154418945,3.6536498069763184,109200
1994-11-09,3.75,3.75,3.5833330154418945,3.5833330154418945,3.5304930210113525,236400
1994-11-10,3.3333330154418945,3.5,3.1666669845581055,3.3541669845581055,3.304706335067749,1760700
1994-11-11,3.5,3.5,3.2916669845581055,3.5,3.4483888149261475,160500
1994-11-14,3.3333330154418945,3.5833330154418945,3.3333330154418945,3.4583330154418945,3.4073362350463867,561900
1994-11-15,3.4166669845581055,3.6666669845581055,3.4166669845581055,3.6666669845581055,3.612598419189453,319800
1994-11-16,3.5,3.8333330154418945,3.5,3.6666669845581055,3.612598419189453,306600
1994-11-17,3.8333330154418945,3.9166669845581055,3.6666669845581055,3.6666669845581055,3.612598419189453,85500
1994-11-18,3.75,3.9166669845581055,3.75,3.75,3.694701910018921,297000
1994-11-21,3.75,4.1666669845581055,3.75,4.0,3.9410157203674316,485100
1994-11-22,4.1666669845581055,4.1666669845581055,4.0,4.0833330154418945,4.023119926452637,91500
1994-11-23,4.0,4.1666669845581055,4.0,4.0416669845581055,3.9820683002471924,117900
1994-11-25,4.0,4.1666669845581055,4.0,4.1666669845581055,4.105225563049316,16200
1994-11-28,4.1666669845581055,4.1666669845581055,3.9166669845581055,4.0,3.9410157203674316,40800
1994-11-29,3.9166669845581055,4.0833330154418945,3.75,3.75,3.694701910018921,96300
1994-11-30,3.75,3.9166669845581055,3.75,3.8333330154418945,3.776806354522705,63000
1994-12-01,3.9166669845581055,3.9166669845581055,3.75,3.75,3.694701910018921,41100
1994-12-02,3.75,3.9166669845581055,3.75,3.9166669845581055,3.8589115142822266,43500
1994-12-05,3.75,3.9166669845581055,3.75,3.75,3.694701910018921,129600
1994-12-06,3.75,3.9166669845581055,3.75,3.9166669845581055,3.8589115142822266,66300
1994-12-07,3.75,3.8333330154418945,3.6666669845581055,3.6666669845581055,3.612598419189453,94500
1994-12-08,3.6666669845581055,3.7916669845581055,3.5833330154418945,3.5833330154418945,3.5304930210113525,66900
1994-12-09,3.5833330154418945,3.75,3.5833330154418945,3.75,3.694701910018921,171000
1994-12-12,3.5833330154418945,3.75,3.5,3.6666669845581055,3.612598419189453,330000
1994-12-13,3.5,3.75,3.5,3.75,3.694701910018921,209400
1994-12-14,3.5833330154418945,4.0,3.5833330154418945,3.75,3.694701910018921,131100
1994-12-15,3.75,4.1666669845581055,3.75,4.125,4.064172267913818,801600
1994-12-16,4.0833330154418945,4.5833330154418945,4.0833330154418945,4.5833330154418945,4.515746593475342,1409100
1994-12-19,4.3333330154418945,4.5833330154418945,4.3333330154418945,4.3333330154418945,4.26943302154541,676800
1994-12-20,4.3333330154418945,4.5,3.9166669845581055,4.0,3.9410157203674316,257100
1994-12-21,4.0,4.0,3.5833330154418945,3.6666669845581055,3.612598419189453,1282800
1994-12-22,3.5833330154418945,3.6666669845581055,3.4166669845581055,3.6666669845581055,3.612598419189453,368100
1994-12-23,3.6666669845581055,3.6666669845581055,3.5,3.625,3.571545362472534,64500
1994-12-27,3.5,3.6666669845581055,3.5,3.625,3.571545362472534,59100
1994-12-28,3.5,3.6666669845581055,3.4166669845581055,3.5416669845581055,3.489441156387329,193800
1994-12-29,3.5,3.5833330154418945,3.4166669845581055,3.5416669845581055,3.489441156387329,176100
1994-12-30,3.4166669845581055,3.6666669845581055,3.4166669845581055,3.4166669845581055,3.3662843704223633,102000
1995-01-03,3.6666669845581055,3.6666669845581055,3.4166669845581055,3.6666669845581055,3.612598419189453,65100
1995-01-04,3.6666669845581055,3.8333330154418945,3.5833330154418945,3.7083330154418945,3.6536498069763184,37800
1995-01-05,3.6666669845581055,3.9166669845581055,3.6666669845581055,3.9166669845581055,3.8589115142822266,49200
1995-01-06,3.9166669845581055,3.9166669845581055,3.75,3.9166669845581055,3.8589115142822266,46200
1995-01-09,4.0,4.0833330154418945,3.8333330154418945,3.8333330154418945,3.776806354522705,43200
1995-01-10,3.8333330154418945,4.0833330154418945,3.5,3.75,3.694701910018921,143700
1995-01-11,3.5833330154418945,3.75,3.5,3.6666669845581055,3.612598419189453,70800
1995-01-12,3.5,3.6666669845581055,3.5,3.6666669845581055,3.612598419189453,18600
1995-01-13,3.5833330154418945,3.6666669845581055,3.5,3.5,3.4483888149261475,75900
1995-01-16,3.5,3.5833330154418945,3.3333330154418945,3.5,3.4483888149261475,141600
1995-01-17,3.4166669845581055,3.5833330154418945,3.4166669845581055,3.5,3.4483888149261475,53400
1995-01-18,3.4166669845581055,3.5833330154418945,3.3333330154418945,3.3333330154418945,3.284179449081421,114000
1995-01-19,3.5,3.5,3.0833330154418945,3.3333330154418945,3.284179449081421,460500
1995-01-20,3.0833330154418945,3.3333330154418945,3.0833330154418945,3.1666669845581055,3.1199710369110107,132000
1995-01-23,3.0,3.1666669845581055,2.8333330154418945,3.0,2.955761671066284,281700
1995-01-24,2.8333330154418945,3.0,2.6666669845581055,2.6666669845581055,2.6273441314697266,508200
1995-01-25,2.8333330154418945,3.0,2.75,2.8333330154418945,2.791552782058716,279000
1995-01-26,3.0,3.25,2.8333330154418945,3.25,3.2020750045776367,138300
1995-01-27,3.25,3.25,2.9166669845581055,2.9166669845581055,2.873657703399658,147300
1995-01-30,2.9166669845581055,3.25,2.9166669845581055,3.125,3.07891845703125,80400
1995-01-31,3.0833330154418945,3.25,3.0,3.1666669845581055,3.1199710369110107,122700
1995-02-01,3.0,3.1666669845581055,3.0,3.0833330154418945,3.0378661155700684,129000
1995-02-02,3.1666669845581055,3.1666669845581055,3.0,3.1666669845581055,3.1199710369110107,60600
1995-02-03,3.0833330154418945,3.3333330154418945,3.0833330154418945,3.1666669845581055,3.1199710369110107,145500
1995-02-06,3.0833330154418945,3.3333330154418945,3.0833330154418945,3.1666669845581055,3.1199710369110107,135300
1995-02-07,3.0833330154418945,3.3333330154418945,3.0833330154418945,3.2083330154418945,3.161022663116455,84900
1995-02-08,3.3333330154418945,3.3333330154418945,3.0833330154418945,3.1458330154418945,3.099444627761841,67800
1995-02-09,3.0833330154418945,3.3333330154418945,3.0833330154418945,3.0833330154418945,3.0378661155700684,42900
1995-02-10,3.2083330154418945,3.4166669845581055,3.0833330154418945,3.25,3.2020750045776367,112500
1995-02-13,3.25,3.3333330154418945,3.25,3.25,3.2020750045776367,86700
1995-02-14,3.1666669845581055,3.4166669845581055,3.1666669845581055,3.25,3.2020750045776367,16200
1995-02-15,3.1666669845581055,3.25,2.9166669845581055,3.0,2.955761671066284,237300
1995-02-16,2.8333330154418945,3.1666669845581055,2.8333330154418945,3.0,2.955761671066284,347400
1995-02-17,3.0,3.0416669845581055,2.8333330154418945,2.9166669845581055,2.873657703399658,102000
1995-02-21,2.9166669845581055,3.0833330154418945,2.9166669845581055,3.0,2.955761671066284,31500
1995-02-22,2.9166669845581055,3.1666669845581055,2.9166669845581055,3.1666669845581055,3.1199710369110107,46500
1995-02-23,3.1666669845581055,3.1666669845581055,3.0833330154418945,3.0833330154418945,3.0378661155700684,215100
1995-02-24,3.0833330154418945,3.1666669845581055,3.0208330154418945,3.1666669845581055,3.1199710369110107,482100
1995-02-27,3.0833330154418945,3.1666669845581055,3.0,3.1666669845581055,3.1199710369110107,66300
1995-02-28,3.0,3.1666669845581055,3.0,3.0833330154418945,3.0378661155700684,88200
1995-03-01,3.0,3.125,3.0,3.0,2.955761671066284,59400
1995-03-02,3.0,3.1666669845581055,3.0,3.0,2.955761671066284,6000
1995-03-03,3.0,3.1666669845581055,2.9166669845581055,2.9166669845581055,2.873657703399658,175800
1995-03-06,2.9166669845581055,3.0,2.8333330154418945,2.8333330154418945,2.791552782058716,27600
1995-03-07,3.0,3.0,2.75,2.75,2.7094483375549316,40200
1995-03-08,2.75,2.9166669845581055,2.75,2.9166669845581055,2.873657703399658,7800
1995-03-09,2.75,2.8333330154418945,2.5,2.7083330154418945,2.66839599609375,238500
1995-03-10,2.75,2.75,2.5,2.5,2.463134765625,81900
1995-03-13,2.6666669845581055,2.75,2.5,2.5833330154418945,2.545238733291626,115200
1995-03-14,2.75,2.75,2.4791669845581055,2.5,2.463134765625,450000
1995-03-15,2.5,2.6666669845581055,2.5,2.6666669845581055,2.6273441314697266,65700
1995-03-16,2.6666669845581055,2.6666669845581055,2.5,2.6666669845581055,2.6273441314697266,48300
1995-03-17,2.5833330154418945,2.6666669845581055,2.5833330154418945,2.6458330154418945,2.6068172454833984,101400
1995-03-20,2.625,2.75,2.5833330154418945,2.75,2.7094483375549316,40800
1995-03-21,2.5833330154418945,2.6666669845581055,2.5833330154418945,2.5833330154418945,2.545238733291626,88800
1995-03-22,2.625,2.75,2.5833330154418945,2.6666669845581055,2.6273441314697266,58500
1995-03-23,2.5833330154418945,2.6666669845581055,2.5833330154418945,2.5833330154418945,2.545238733291626,98400
1995-03-24,2.5833330154418945,2.75,2.5833330154418945,2.5833330154418945,2.545238733291626,58200
1995-03-27,2.75,2.75,2.5833330154418945,2.6666669845581055,2.6273441314697266,30600
1995-03-28,2.6666669845581055,2.6666669845581055,2.4583330154418945,2.5,2.463134765625,553200
1995-03-29,2.6666669845581055,2.6666669845581055,2.5,2.5,2.463134765625,19200
1995-03-30,2.5,2.5416669845581055,2.5,2.5,2.463134765625,35400
1995-03-31,2.5,2.5833330154418945,2.4166669845581055,2.5,2.463134765625,83700
1995-04-03,2.5833330154418945,2.5833330154418945,2.3333330154418945,2.375,2.339977979660034,249300
1995-04-04,2.5,2.5,2.0833330154418945,2.3333330154418945,2.2989253997802734,455400
1995-04-05,2.1666669845581055,2.4166669845581055,2.1666669845581055,2.4166669845581055,2.381030559539795,134100
1995-04-06,2.1666669845581055,2.4166669845581055,2.1666669845581055,2.1666669845581055,2.1347169876098633,42300
1995-04-07,2.3333330154418945,2.4166669845581055,2.1666669845581055,2.3333330154418945,2.2989253997802734,47100
1995-04-10,2.1666669845581055,2.4166669845581055,2.1666669845581055,2.25,2.2168211936950684,50700
1995-04-11,2.1666669845581055,2.3333330154418945,2.1666669845581055,2.25,2.2168211936950684,75900
1995-04-12,2.1666669845581055,2.4166669845581055,2.1666669845581055,2.2916669845581055,2.257873773574829,125100
1995-04-13,2.25,2.4166669845581055,2.25,2.4166669845581055,2.381030559539795,44400
1995-04-17,2.4166669845581055,2.4166669845581055,2.25,2.3333330154418945,2.2989253997802734,11100
1995-04-18,2.4166669845581055,2.4166669845581055,2.25,2.25,2.2168211936950684,7800
1995-04-19,2.25,2.4166669845581055,2.25,2.3333330154418945,2.2989253997802734,73200
1995-04-20,2.25,2.4166669845581055,2.25,2.25,2.2168211936950684,13200
1995-04-21,2.4166669845581055,2.4166669845581055,2.25,2.4166669845581055,2.381030559539795,56700
1995-04-24,2.4166669845581055,2.4166669845581055,2.25,2.3333330154418945,2.2989253997802734,27300
1995-04-25,2.4166669845581055,2.4166669845581055,2.25,2.3333330154418945,2.2989253997802734,61200
1995-04-26,2.25,2.4166669845581055,2.1666669845581055,2.25,2.2168211936950684,589800
1995-04-27,2.25,2.375,2.25,2.25,2.2168211936950684,417300
1995-04-28,2.4166669845581055,2.4166669845581055,2.25,2.25,2.2168211936950684,167700
1995-05-01,2.25,2.5,2.25,2.4166669845581055,2.381030559539795,117300
1995-05-02,2.3333330154418945,2.5,2.3333330154418945,2.4166669845581055,2.381030559539795,93600
1995-05-03,2.5,2.5,2.3333330154418945,2.3333330154418945,2.2989253997802734,44400
1995-05-04,2.3333330154418945,2.5,2.3333330154418945,2.3541669845581055,2.3194522857666016,141300
1995-05-05,2.375,2.4166669845581055,2.3333330154418945,2.4166669845581055,2.381030559539795,22200
1995-05-08,2.3333330154418945,2.5,2.3333330154418945,2.5,2.463134765625,18300
1995-05-09,2.3333330154418945,2.5,2.3333330154418945,2.3333330154418945,2.2989253997802734,39900
1995-05-10,2.3333330154418945,2.5,2.3333330154418945,2.3333330154418945,2.2989253997802734,134700
1995-05-11,2.375,2.5,2.3333330154418945,2.4583330154418945,2.4220821857452393,256500
1995-05-12,2.3333330154418945,2.5,2.3333330154418945,2.3541669845581055,2.3194522857666016,42900
1995-05-15,2.3333330154418945,2.5,2.3333330154418945,2.4166669845581055,2.381030559539795,66300
1995-05-16,2.3333330154418945,2.5,2.3333330154418945,2.3333330154418945,2.2989253997802734,8700
1995-05-17,2.375,2.5,2.3333330154418945,2.3333330154418945,2.2989253997802734,219600
1995-05-18,2.3333330154418945,2.4166669845581055,2.3333330154418945,2.3333330154418945,2.2989253997802734,140700
1995-05-19,2.3333330154418945,2.4166669845581055,2.25,2.25,2.2168211936950684,60900
1995-05-22,2.25,2.3333330154418945,2.1666669845581055,2.1666669845581055,2.1347169876098633,237300
1995-05-23,2.1666669845581055,2.3333330154418945,2.0833330154418945,2.1458330154418945,2.1141903400421143,125400
1995-05-24,2.25,2.25,2.0833330154418945,2.25,2.2168211936950684,30900
1995-05-25,2.0833330154418945,2.25,2.0833330154418945,2.0833330154418945,2.0526123046875,115800
1995-05-26,2.0833330154418945,2.2083330154418945,2.0833330154418945,2.1666669845581055,2.1347169876098633,90900
1995-05-30,2.25,2.25,2.0833330154418945,2.0833330154418945,2.0526123046875,69600
1995-05-31,2.1666669845581055,2.25,2.0833330154418945,2.1666669845581055,2.1347169876098633,45600
1995-06-01,2.25,2.25,2.0833330154418945,2.25,2.2168211936950684,262500
1995-06-02,2.0833330154418945,2.1666669845581055,2.0,2.0833330154418945,2.0526123046875,134100
1995-06-05,2.0,2.1666669845581055,2.0,2.125,2.0936646461486816,183900
1995-06-06,2.0,2.1666669845581055,2.0,2.1666669845581055,2.1347169876098633,55200
1995-06-07,2.0833330154418945,2.1666669845581055,2.0833330154418945,2.1666669845581055,2.1347169876098633,57300
1995-06-08,2.0833330154418945,2.1666669845581055,2.0833330154418945,2.1666669845581055,2.1347169876098633,536100
1995-06-09,2.0833330154418945,2.1666669845581055,2.0833330154418945,2.0833330154418945,2.0526123046875,120600
1995-06-12,2.0,2.1666669845581055,2.0,2.1666669845581055,2.1347169876098633,35700
1995-06-13,2.0833330154418945,2.1666669845581055,1.9166669845581055,1.9583330154418945,1.929455280303955,353700
1995-06-14,1.9166669845581055,2.0,1.9166669845581055,1.9583330154418945,1.929455280303955,134400
1995-06-15,1.9166669845581055,2.0,1.9166669845581055,1.9166669845581055,1.8884036540985107,60000
1995-06-16,2.0,2.0,1.9166669845581055,2.0,1.9705078601837158,60900
1995-06-19,2.0,2.0,1.75,1.75,1.7241944074630737,201600
1995-06-20,1.9166669845581055,1.9166669845581055,1.75,1.8125,1.785772681236267,164100
1995-06-21,1.75,1.9166669845581055,1.75,1.75,1.7241944074630737,37500
1995-06-22,1.75,1.9166669845581055,1.75,1.8333330154418945,1.8062987327575684,116100
1995-06-23,1.75,1.9166669845581055,1.75,1.9166669845581055,1.8884036540985107,108300
1995-06-26,1.8333330154418945,1.9166669845581055,1.5833330154418945,1.625,1.6010375022888184,324300
1995-06-27,1.5833330154418945,1.75,1.5833330154418945,1.625,1.6010375022888184,574200
1995-06-28,1.625,1.6666669845581055,1.5,1.6666669845581055,1.6420902013778687,560400
1995-06-29,1.5,1.6666669845581055,1.4583330154418945,1.5,1.477880835533142,456600
1995-06-30,1.7083330154418945,1.7083330154418945,1.5,1.5833330154418945,1.5599850416183472,255600
1995-07-03,1.7083330154418945,1.7083330154418945,1.5,1.5,1.477880835533142,20400
1995-07-05,1.5,1.75,1.5,1.6666669845581055,1.6420902013778687,209700
1995-07-06,1.6666669845581055,1.8333330154418945,1.6666669845581055,1.6666669845581055,1.6420902013778687,156300
1995-07-07,1.8333330154418945,2.0,1.6666669845581055,1.9166669845581055,1.8884036540985107,290700
1995-07-10,1.9166669845581055,2.0,1.875,1.875,1.8473509550094604,238800
1995-07-11,2.0,2.0416669845581055,1.875,2.0416669845581055,2.0115604400634766,45300
1995-07-12,2.0833330154418945,2.125,1.8333330154418945,2.125,2.0936646461486816,138000
1995-07-13,2.0416669845581055,2.3333330154418945,2.0416669845581055,2.1666669845581055,2.1347169876098633,364800
1995-07-14,2.125,2.2916669845581055,2.125,2.2916669845581055,2.257873773574829,156600
1995-07-17,2.2916669845581055,2.2916669845581055,2.125,2.2916669845581055,2.257873773574829,57000
1995-07-18,2.2708330154418945,2.2916669845581055,2.125,2.2916669845581055,2.257873773574829,30000
1995-07-19,2.2083330154418945,2.2083330154418945,2.125,2.2083330154418945,2.175769090652466,67200
1995-07-20,2.2916669845581055,2.3333330154418945,2.125,2.1666669845581055,2.1347169876098633,30300
1995-07-21,2.125,2.2916669845581055,2.0833330154418945,2.0833330154418945,2.0526123046875,60300
1995-07-24,2.0833330154418945,2.1666669845581055,2.0833330154418945,2.0833330154418945,2.0526123046875,19200
1995-07-25,2.2916669845581055,2.2916669845581055,2.0833330154418945,2.0833330154418945,2.0526123046875,62100
1995-07-26,2.0,2.2083330154418945,2.0,2.125,2.0936646461486816,52800
1995-07-27,2.1666669845581055,2.1666669845581055,2.0,2.0,1.9705078601837158,32100
1995-07-28,2.0,2.1666669845581055,2.0,2.0833330154418945,2.0526123046875,112200
1995-07-31,2.0,2.125,2.0,2.0833330154418945,2.0526123046875,125700
1995-08-01,2.125,2.125,2.0,2.0,1.9705078601837158,125700
1995-08-02,2.0,2.0833330154418945,1.9166669845581055,1.9947919845581055,1.965376615524292,130200
1995-08-03,2.0,2.0,1.9166669845581055,1.9166669845581055,1.8884036540985107,8100
1995-08-04,1.9166669845581055,1.9166669845581055,1.875,1.875,1.8473509550094604,18300
1995-08-07,1.875,1.9583330154418945,1.875,1.9166669845581055,1.8884036540985107,121800
1995-08-08,2.0416669845581055,2.0416669845581055,1.875,1.875,1.8473509550094604,33000
1995-08-09,1.875,2.0416669845581055,1.875,1.875,1.8473509550094604,37200
1995-08-10,1.875,1.9583330154418945,1.875,1.9166669845581055,1.8884036540985107,123900
1995-08-11,2.0,2.0,1.8333330154418945,1.8333330154418945,1.8062987327575684,40500
1995-08-14,1.8333330154418945,2.0208330154418945,1.8333330154418945,2.0,1.9705078601837158,25500
1995-08-15,1.8333330154418945,2.0,1.8333330154418945,1.8333330154418945,1.8062987327575684,33000
1995-08-16,2.0416669845581055,2.0416669845581055,1.8333330154418945,1.9166669845581055,1.8884036540985107,19500
1995-08-17,2.0416669845581055,2.0416669845581055,1.875,1.9583330154418945,1.929455280303955,12600
1995-08-18,2.0416669845581055,2.0416669845581055,1.9166669845581055,2.0,1.9705078601837158,24600
1995-08-21,1.9583330154418945,2.0416669845581055,1.9166669845581055,1.9166669845581055,1.8884036540985107,58800
1995-08-22,2.0416669845581055,2.0416669845581055,1.9166669845581055,1.9166669845581055,1.8884036540985107,37200
1995-08-23,1.9166669845581055,2.0,1.9166669845581055,2.0,1.9705078601837158,5400
1995-08-24,1.9166669845581055,2.0416669845581055,1.9166669845581055,2.0,1.9705078601837158,7800
1995-08-25,1.9166669845581055,2.0416669845581055,1.9166669845581055,1.9166669845581055,1.8884036540985107,13200
1995-08-28,1.9166669845581055,2.0416669845581055,1.9166669845581055,1.9583330154418945,1.929455280303955,45300
1995-08-29,1.9166669845581055,2.0416669845581055,1.9166669845581055,1.9166669845581055,1.8884036540985107,88500
1995-08-30,1.9166669845581055,2.0416669845581055,1.9166669845581055,1.9583330154418945,1.929455280303955,38400
1995-08-31,1.9166669845581055,2.0416669845581055,1.9166669845581055,1.9583330154418945,1.929455280303955,121200
1995-09-01,2.0416669845581055,2.0416669845581055,1.9583330154418945,2.0416669845581055,2.0115604400634766,59400
1995-09-05,1.9166669845581055,2.0416669845581055,1.9166669845581055,1.9166669845581055,1.8884036540985107,71700
1995-09-06,1.9166669845581055,2.0416669845581055,1.9166669845581055,1.9583330154418945,1.929455280303955,23100
1995-09-07,1.9583330154418945,2.0,1.9166669845581055,1.9166669845581055,1.8884036540985107,56100
1995-09-08,2.0,2.0,1.9166669845581055,1.9583330154418945,1.929455280303955,41700
1995-09-11,1.9166669845581055,1.9583330154418945,1.7916669845581055,1.9166669845581055,1.8884036540985107,115500
1995-09-12,2.0,2.0,1.7916669845581055,1.8333330154418945,1.8062987327575684,76500
1995-09-13,1.7916669845581055,1.9166669845581055,1.7916669845581055,1.7916669845581055,1.7652469873428345,126600
1995-09-14,1.8333330154418945,1.9166669845581055,1.7916669845581055,1.875,1.8473509550094604,336900
1995-09-15,1.9166669845581055,1.9166669845581055,1.7916669845581055,1.7916669845581055,1.7652469873428345,120900
1995-09-18,1.9166669845581055,1.9166669845581055,1.625,1.6666669845581055,1.6420902013778687,146100
1995-09-19,1.5833330154418945,1.7083330154418945,1.5,1.5208330154418945,1.4984067678451538,186000
1995-09-20,1.625,1.6666669845581055,1.5,1.6666669845581055,1.6420902013778687,70200
1995-09-21,1.5833330154418945,1.6666669845581055,1.5416669845581055,1.5833330154418945,1.5599850416183472,155700
1995-09-22,1.5,1.625,1.4583330154418945,1.625,1.6010375022888184,130500
1995-09-25,1.5,1.6666669845581055,1.5,1.5,1.477880835533142,61500
1995-09-26,1.5,1.7083330154418945,1.5,1.6666669845581055,1.6420902013778687,144300
1995-09-27,1.7083330154418945,1.7083330154418945,1.5,1.7083330154418945,1.683141827583313,48900
1995-09-28,1.7083330154418945,1.8333330154418945,1.5833330154418945,1.7916669845581055,1.7652469873428345,80700
1995-09-29,1.8333330154418945,1.8333330154418945,1.7083330154418945,1.7916669845581055,1.7652469873428345,31500
1995-10-02,1.75,1.875,1.75,1.75,1.7241944074630737,149400
1995-10-03,1.75,1.875,1.75,1.875,1.8473509550094604,63000
1995-10-04,1.7916669845581055,1.9166669845581055,1.7916669845581055,1.8333330154418945,1.8062987327575684,75900
1995-10-05,1.9166669845581055,1.9166669845581055,1.7916669845581055,1.8333330154418945,1.8062987327575684,90300
1995-10-06,1.8333330154418945,1.9166669845581055,1.8333330154418945,1.875,1.8473509550094604,36600
1995-10-09,1.8333330154418945,1.875,1.75,1.875,1.8473509550094604,70200
1995-10-10,1.6666669845581055,1.75,1.6666669845581055,1.6666669845581055,1.6420902013778687,19500
1995-10-11,1.6666669845581055,1.875,1.6666669845581055,1.7083330154418945,1.683141827583313,41400
1995-10-12,1.7083330154418945,1.875,1.6666669845581055,1.6666669845581055,1.6420902013778687,89700
1995-10-13,1.6666669845581055,1.75,1.625,1.7083330154418945,1.683141827583313,54300
1995-10-16,1.7083330154418945,1.7083330154418945,1.625,1.6666669845581055,1.6420902013778687,24600
1995-10-17,1.625,1.7083330154418945,1.625,1.625,1.6010375022888184,70200
1995-10-18,1.625,1.7916669845581055,1.625,1.7916669845581055,1.7652469873428345,31200
1995-10-19,1.7916669845581055,1.8333330154418945,1.6666669845581055,1.7083330154418945,1.683141827583313,92100
1995-10-20,1.6666669845581055,1.8333330154418945,1.6666669845581055,1.7083330154418945,1.683141827583313,23400
1995-10-23,1.7083330154418945,1.8333330154418945,1.6666669845581055,1.8333330154418945,1.8062987327575684,24300
1995-10-24,1.6666669845581055,1.75,1.6666669845581055,1.75,1.7241944074630737,46800
1995-10-25,1.625,1.6666669845581055,1.625,1.625,1.6010375022888184,21300
1995-10-26,1.75,1.75,1.4166669845581055,1.5,1.477880835533142,243600
1995-10-27,1.5833330154418945,1.6666669845581055,1.4583330154418945,1.625,1.6010375022888184,76200
1995-10-30,1.5416669845581055,1.6666669845581055,1.5416669845581055,1.5416669845581055,1.5189335346221924,27300
1995-10-31,1.7083330154418945,1.75,1.5416669845581055,1.75,1.7241944074630737,65400
1995-11-01,1.6666669845581055,1.75,1.5833330154418945,1.5833330154418945,1.5599850416183472,42900
1995-11-02,1.5833330154418945,1.75,1.5416669845581055,1.5833330154418945,1.5599850416183472,10800
1995-11-03,1.5416669845581055,1.75,1.5416669845581055,1.625,1.6010375022888184,63000
1995-11-06,1.75,1.75,1.5416669845581055,1.5416669845581055,1.5189335346221924,288900
1995-11-07,1.5416669845581055,1.6666669845581055,1.5416669845581055,1.625,1.6010375022888184,519900
1995-11-08,1.5833330154418945,1.625,1.5,1.5,1.477880835533142,276600
1995-11-09,1.5833330154418945,1.5833330154418945,1.4166669845581055,1.5,1.477880835533142,186900
1995-11-10,1.5625,1.5625,1.4583330154418945,1.4583330154418945,1.436828374862671,21600
1995-11-13,1.4166669845581055,1.5833330154418945,1.4166669845581055,1.5833330154418945,1.5599850416183472,92700
1995-11-14,1.5,1.5833330154418945,1.5,1.5416669845581055,1.5189335346221924,66900
1995-11-15,1.5,1.5833330154418945,1.5,1.5833330154418945,1.5599850416183472,89700
1995-11-16,1.5,1.5833330154418945,1.5,1.5416669845581055,1.5189335346221924,50100
1995-11-17,1.5,1.5833330154418945,1.5,1.5208330154418945,1.4984067678451538,323100
1995-11-20,1.5,1.5833330154418945,1.5,1.5416669845581055,1.5189335346221924,63000
1995-11-21,1.4583330154418945,1.5416669845581055,1.4583330154418945,1.4583330154418945,1.436828374862671,38100
1995-11-22,1.4583330154418945,1.5416669845581055,1.4166669845581055,1.5,1.477880835533142,281700
1995-11-24,1.4375,1.5,1.4166669845581055,1.4166669845581055,1.3957767486572266,106500
1995-11-27,1.5416669845581055,1.5416669845581055,1.375,1.4166669845581055,1.3957767486572266,197700
1995-11-28,1.4166669845581055,1.5833330154418945,1.375,1.4583330154418945,1.436828374862671,535500
1995-11-29,1.4583330154418945,1.5,1.375,1.5,1.477880835533142,164400
1995-11-30,1.4166669845581055,1.5,1.4166669845581055,1.4583330154418945,1.436828374862671,129900
1995-12-01,1.4166669845581055,1.5,1.4166669845581055,1.4583330154418945,1.436828374862671,57600
1995-12-04,1.4166669845581055,1.5,1.4166669845581055,1.4583330154418945,1.436828374862671,148500
1995-12-05,1.4166669845581055,1.5,1.4166669845581055,1.4166669845581055,1.3957767486572266,167100
1995-12-06,1.4583330154418945,1.9583330154418945,1.4583330154418945,1.8645830154418945,1.8370877504348755,846000
1995-12-07,1.9166669845581055,1.9583330154418945,1.7916669845581055,1.9166669845581055,1.8884036540985107,450000
1995-12-08,1.9583330154418945,1.9583330154418945,1.75,1.7916669845581055,1.7652469873428345,119700
1995-12-11,1.8333330154418945,1.8333330154418945,1.625,1.7083330154418945,1.683141827583313,332400
1995-12-12,1.625,1.7083330154418945,1.5833330154418945,1.5833330154418945,1.5599850416183472,263700
1995-12-13,1.625,1.6666669845581055,1.5833330154418945,1.6458330154418945,1.6215633153915405,226200
1995-12-14,1.5833330154418945,1.6666669845581055,1.5833330154418945,1.6458330154418945,1.6215633153915405,130200
1995-12-15,1.6666669845581055,1.7916669845581055,1.625,1.7916669845581055,1.7652469873428345,177600
1995-12-18,1.7083330154418945,1.7916669845581055,1.625,1.6666669845581055,1.6420902013778687,184500
1995-12-19,1.6666669845581055,1.7916669845581055,1.6666669845581055,1.7916669845581055,1.7652469873428345,386700
1995-12-20,1.6666669845581055,1.8333330154418945,1.6666669845581055,1.7083330154418945,1.683141827583313,274800
1995-12-21,1.7083330154418945,1.8333330154418945,1.7083330154418945,1.7916669845581055,1.7652469873428345,48000
1995-12-22,1.7083330154418945,1.8333330154418945,1.625,1.625,1.6010375022888184,260400
1995-12-26,1.625,1.75,1.625,1.6458330154418945,1.6215633153915405,298800
1995-12-27,1.625,1.7083330154418945,1.625,1.6458330154418945,1.6215633153915405,375900
1995-12-28,1.625,1.6666669845581055,1.6041669845581055,1.6666669845581055,1.6420902013778687,558600
1995-12-29,1.6666669845581055,1.7083330154418945,1.5833330154418945,1.5833330154418945,1.5599850416183472,722700
1996-01-02,1.625,1.625,1.5833330154418945,1.5833330154418945,1.5599850416183472,48300
1996-01-03,1.6666669845581055,1.7083330154418945,1.5833330154418945,1.7083330154418945,1.683141827583313,126300
1996-01-04,1.6666669845581055,1.7916669845581055,1.6666669845581055,1.75,1.7241944074630737,405000
1996-01-05,1.7916669845581055,1.7916669845581055,1.7083330154418945,1.7083330154418945,1.683141827583313,88200
1996-01-08,1.7083330154418945,1.8333330154418945,1.7083330154418945,1.8333330154418945,1.8062987327575684,14400
1996-01-09,1.8333330154418945,1.8333330154418945,1.7083330154418945,1.7916669845581055,1.7652469873428345,73500
1996-01-10,1.7083330154418945,1.8333330154418945,1.7083330154418945,1.7916669845581055,1.7652469873428345,30600
1996-01-11,1.875,1.9583330154418945,1.8333330154418945,1.9583330154418945,1.929455280303955,203400
1996-01-12,2.0,2.1875,1.9166669845581055,2.0833330154418945,2.0526123046875,506400
1996-01-15,2.0833330154418945,2.25,2.0833330154418945,2.125,2.0936646461486816,247800
1996-01-16,2.1666669845581055,2.1666669845581055,2.0416669845581055,2.0416669845581055,2.0115604400634766,109800
1996-01-17,2.1666669845581055,2.1666669845581055,2.0416669845581055,2.0416669845581055,2.0115604400634766,132600
1996-01-18,2.0416669845581055,2.1666669845581055,2.0416669845581055,2.0833330154418945,2.0526123046875,59400
1996-01-19,2.125,2.125,2.0416669845581055,2.0833330154418945,2.0526123046875,162000
1996-01-22,2.125,2.125,2.0,2.0,1.9705078601837158,241200
1996-01-23,2.0,2.0833330154418945,1.9375,1.9791669845581055,1.9499820470809937,153600
1996-01-24,1.9791669845581055,2.0416669845581055,1.9166669845581055,1.9166669845581055,1.8884036540985107,8400
1996-01-25,1.9583330154418945,2.0,1.9166669845581055,1.9583330154418945,1.929455280303955,55800
1996-01-26,1.9583330154418945,2.0833330154418945,1.9166669845581055,1.9583330154418945,1.929455280303955,304500
1996-01-29,2.0,2.25,2.0,2.25,2.2168211936950684,270000
1996-01-30,2.25,2.25,2.125,2.2083330154418945,2.175769090652466,223500
1996-01-31,2.1666669845581055,2.25,2.0,2.0833330154418945,2.0526123046875,295200
1996-02-01,2.0833330154418945,2.1666669845581055,2.0,2.125,2.0936646461486816,135000
1996-02-02,2.0833330154418945,2.1666669845581055,2.0416669845581055,2.125,2.0936646461486816,123300
1996-02-05,2.0416669845581055,2.125,2.0,2.0,1.9705078601837158,55200
1996-02-06,2.0833330154418945,2.125,2.0,2.125,2.0936646461486816,30900
1996-02-07,2.125,2.125,2.0,2.0,1.9705078601837158,72000
1996-02-08,2.125,2.125,2.0,2.0,1.9705078601837158,1689000
1996-02-09,2.125,2.1666669845581055,2.0416669845581055,2.0416669845581055,2.0115604400634766,118200
1996-02-12,2.0416669845581055,2.1666669845581055,2.0416669845581055,2.0416669845581055,2.0115604400634766,14400
1996-02-13,2.125,2.125,2.0416669845581055,2.0416669845581055,2.0115604400634766,115200
1996-02-14,2.0416669845581055,2.1666669845581055,2.0416669845581055,2.0416669845581055,2.0115604400634766,78000
1996-02-15,2.0416669845581055,2.0833330154418945,2.0416669845581055,2.0416669845581055,2.0115604400634766,18300
1996-02-16,2.1666669845581055,2.1666669845581055,2.0416669845581055,2.1666669845581055,2.1347169876098633,62400
1996-02-20,2.0416669845581055,2.1666669845581055,2.0416669845581055,2.1666669845581055,2.1347169876098633,44100
1996-02-21,2.0416669845581055,2.0833330154418945,2.0416669845581055,2.0833330154418945,2.0526123046875,16200
1996-02-22,2.0833330154418945,2.2083330154418945,2.0833330154418945,2.125,2.0936646461486816,661800
1996-02-23,2.125,2.1614580154418945,2.125,2.125,2.0936646461486816,33300
1996-02-26,2.2083330154418945,2.2083330154418945,2.125,2.1666669845581055,2.1347169876098633,134400
1996-02-27,2.125,2.2083330154418945,2.125,2.125,2.0936646461486816,90300
1996-02-28,2.125,2.125,2.125,2.125,2.0936646461486816,9000
1996-02-29,2.125,2.1875,2.125,2.125,2.0936646461486816,127500
1996-03-01,2.125,2.125,2.0833330154418945,2.0833330154418945,2.0526123046875,22800
1996-03-04,2.0833330154418945,2.1666669845581055,2.0833330154418945,2.0833330154418945,2.0526123046875,70800
1996-03-05,2.0833330154418945,2.2395830154418945,2.0833330154418945,2.2083330154418945,2.175769090652466,459900
1996-03-06,2.25,2.375,2.1666669845581055,2.25,2.2168211936950684,302400
1996-03-07,2.3125,2.3333330154418945,2.1666669845581055,2.1666669845581055,2.1347169876098633,118500
1996-03-08,2.1666669845581055,2.2083330154418945,2.125,2.125,2.0936646461486816,113700
1996-03-11,2.125,2.25,2.125,2.125,2.0936646461486816,34500
1996-03-12,2.2083330154418945,2.2083330154418945,2.125,2.2083330154418945,2.175769090652466,63900
1996-03-13,2.171875,2.5,2.125,2.4583330154418945,2.4220821857452393,213600
1996-03-14,2.5,2.625,2.4166669845581055,2.5,2.463134765625,134100
1996-03-15,2.5833330154418945,2.5833330154418945,2.375,2.375,2.339977979660034,126000
1996-03-18,2.375,2.4583330154418945,2.375,2.375,2.339977979660034,9600
1996-03-19,2.375,2.4583330154418945,2.2916669845581055,2.2916669845581055,2.257873773574829,61500
1996-03-20,2.2916669845581055,2.4166669845581055,2.2916669845581055,2.375,2.339977979660034,70500
1996-03-21,2.375,2.4166669845581055,2.2916669845581055,2.375,2.339977979660034,9000
1996-03-22,2.375,2.375,2.3333330154418945,2.3333330154418945,2.2989253997802734,8700
1996-03-25,2.375,2.375,2.2916669845581055,2.2916669845581055,2.257873773574829,13800
1996-03-26,2.3333330154418945,2.375,2.25,2.375,2.339977979660034,54300
1996-03-27,2.375,2.375,2.25,2.25,2.2168211936950684,68700
1996-03-28,2.25,2.2916669845581055,2.2083330154418945,2.25,2.2168211936950684,150900
1996-03-29,2.2083330154418945,2.25,2.2083330154418945,2.25,2.2168211936950684,208200
1996-04-01,2.2083330154418945,2.2291669845581055,2.2083330154418945,2.2083330154418945,2.175769090652466,30000
1996-04-02,2.2083330154418945,2.2916669845581055,2.2083330154418945,2.25,2.2168211936950684,14400
1996-04-03,2.2083330154418945,2.2083330154418945,2.2083330154418945,2.2083330154418945,2.175769090652466,10800
1996-04-04,2.25,2.25,2.2083330154418945,2.2083330154418945,2.175769090652466,15600
1996-04-08,2.2083330154418945,2.2083330154418945,2.125,2.125,2.0936646461486816,51300
1996-04-09,2.2083330154418945,2.2083330154418945,2.125,2.125,2.0936646461486816,26400
1996-04-10,2.125,2.2083330154418945,2.125,2.1666669845581055,2.1347169876098633,31200
1996-04-11,2.125,2.2916669845581055,2.125,2.2083330154418945,2.175769090652466,157500
1996-04-12,2.2916669845581055,2.2916669845581055,2.2083330154418945,2.2916669845581055,2.257873773574829,42600
1996-04-15,2.2083330154418945,2.2916669845581055,2.2083330154418945,2.2916669845581055,2.257873773574829,44400
1996-04-16,2.25,2.2916669845581055,2.1666669845581055,2.2083330154418945,2.175769090652466,42000
1996-04-17,2.1666669845581055,2.1666669845581055,2.0833330154418945,2.0833330154418945,2.0526123046875,83400
1996-04-18,2.0416669845581055,2.1666669845581055,2.0,2.0416669845581055,2.0115604400634766,48900
1996-04-19,1.9583330154418945,2.0,1.9583330154418945,2.0,1.9705078601837158,36900
1996-04-22,2.0833330154418945,2.0833330154418945,1.9583330154418945,1.9583330154418945,1.929455280303955,32100
1996-04-23,1.9166669845581055,2.0,1.9166669845581055,1.9583330154418945,1.929455280303955,49800
1996-04-24,2.0,2.0,1.8333330154418945,1.9166669845581055,1.8884036540985107,254700
1996-04-25,1.8333330154418945,2.0833330154418945,1.8333330154418945,2.0833330154418945,2.0526123046875,141000
1996-04-26,2.0,2.0833330154418945,2.0,2.0,1.9705078601837158,57000
1996-04-29,2.125,2.1666669845581055,2.0416669845581055,2.125,2.0936646461486816,91500
1996-04-30,2.1666669845581055,2.1666669845581055,2.0833330154418945,2.1666669845581055,2.1347169876098633,32700
1996-05-01,2.1666669845581055,2.3333330154418945,2.0833330154418945,2.25,2.2168211936950684,152100
1996-05-02,2.25,2.3333330154418945,2.1666669845581055,2.2083330154418945,2.175769090652466,58500
1996-05-03,2.1666669845581055,2.3333330154418945,2.1666669845581055,2.1666669845581055,2.1347169876098633,40200
1996-05-06,2.1666669845581055,2.1666669845581055,2.1666669845581055,2.1666669845581055,2.1347169876098633,4200
1996-05-07,2.1666669845581055,2.2083330154418945,2.0,2.125,2.0936646461486816,166500
1996-05-08,2.0833330154418945,2.125,2.0,2.0833330154418945,2.0526123046875,43800
1996-05-09,2.0416669845581055,2.2916669845581055,2.0416669845581055,2.2916669845581055,2.257873773574829,129900
1996-05-10,2.1666669845581055,2.25,2.1666669845581055,2.1666669845581055,2.1347169876098633,41400
1996-05-13,2.1666669845581055,2.2916669845581055,2.125,2.2916669845581055,2.257873773574829,74700
1996-05-14,2.1666669845581055,2.2916669845581055,2.1666669845581055,2.1666669845581055,2.1347169876098633,25800
1996-05-15,2.2916669845581055,2.2916669845581055,2.0833330154418945,2.1666669845581055,2.1347169876098633,72300
1996-05-16,2.125,2.125,2.0885419845581055,2.125,2.0936646461486816,9600
1996-05-17,2.0833330154418945,2.0833330154418945,2.0833330154418945,2.0833330154418945,2.0526123046875,9600
1996-05-20,2.0833330154418945,2.1666669845581055,2.0833330154418945,2.125,2.0936646461486816,15600
1996-05-21,2.0833330154418945,2.25,2.0833330154418945,2.25,2.2168211936950684,15600
1996-05-22,2.0833330154418945,2.1875,2.0833330154418945,2.1875,2.155243158340454,4500
1996-05-23,2.25,2.25,2.0833330154418945,2.1666669845581055,2.1347169876098633,106500
1996-05-24,2.0833330154418945,2.1666669845581055,2.0833330154418945,2.1666669845581055,2.1347169876098633,13500
1996-05-28,2.25,2.25,2.0104169845581055,2.0833330154418945,2.0526123046875,266100
1996-05-29,2.0833330154418945,2.2083330154418945,2.0833330154418945,2.0833330154418945,2.0526123046875,159600
1996-05-30,2.2083330154418945,2.2083330154418945,2.0833330154418945,2.2083330154418945,2.175769090652466,96900
1996-05-31,2.0833330154418945,2.2083330154418945,2.0833330154418945,2.1666669845581055,2.1347169876098633,37500
1996-06-03,2.0833330154418945,2.1666669845581055,2.0,2.0,1.9705078601837158,94500
1996-06-04,2.0,2.1666669845581055,2.0,2.0104169845581055,1.9807713031768799,27000
1996-06-05,2.1666669845581055,2.3333330154418945,2.0,2.3333330154418945,2.2989253997802734,154800
1996-06-06,2.3333330154418945,2.375,2.1666669845581055,2.3333330154418945,2.2989253997802734,61800
1996-06-07,2.1666669845581055,2.3333330154418945,2.1666669845581055,2.25,2.2168211936950684,24000
1996-06-10,2.2083330154418945,2.2916669845581055,2.2083330154418945,2.25,2.2168211936950684,33300
1996-06-11,2.2083330154418945,2.3333330154418945,2.2083330154418945,2.3333330154418945,2.2989253997802734,23100
1996-06-12,2.25,2.3333330154418945,2.2083330154418945,2.2083330154418945,2.175769090652466,81900
1996-06-13,2.2083330154418945,2.3333330154418945,2.2083330154418945,2.2916669845581055,2.257873773574829,31200
1996-06-14,2.2083330154418945,2.2916669845581055,2.2083330154418945,2.2916669845581055,2.257873773574829,30900
1996-06-17,2.2083330154418945,2.2916669845581055,2.2083330154418945,2.2083330154418945,2.175769090652466,54600
1996-06-18,2.25,2.2916669845581055,2.2083330154418945,2.2916669845581055,2.257873773574829,66900
1996-06-19,2.2083330154418945,2.2916669845581055,2.2083330154418945,2.2083330154418945,2.175769090652466,1800
1996-06-20,2.2083330154418945,2.2916669845581055,2.2083330154418945,2.2864580154418945,2.252741813659668,66300
1996-06-21,2.2083330154418945,2.2916669845581055,2.2083330154418945,2.2083330154418945,2.175769090652466,18000
1996-06-24,2.2083330154418945,2.2916669845581055,2.2083330154418945,2.2916669845581055,2.257873773574829,26100
1996-06-25,2.2916669845581055,2.3333330154418945,2.25,2.25,2.2168211936950684,35400
1996-06-26,2.25,2.2916669845581055,2.25,2.25,2.2168211936950684,67800
1996-06-27,2.25,2.2916669845581055,2.1666669845581055,2.25,2.2168211936950684,55800
1996-06-28,2.1666669845581055,2.25,2.1666669845581055,2.25,2.2168211936950684,22800
1996-07-01,2.25,2.25,2.25,2.25,2.2168211936950684,0
1996-07-02,2.1666669845581055,2.2083330154418945,2.1666669845581055,2.1666669845581055,2.1347169876098633,3900
1996-07-03,2.1666669845581055,2.2083330154418945,2.1666669845581055,2.2083330154418945,2.175769090652466,44700
1996-07-05,2.1666669845581055,2.2083330154418945,2.1666669845581055,2.2083330154418945,2.175769090652466,14700
1996-07-08,2.125,2.1666669845581055,2.0,2.0,1.9705078601837158,60000
1996-07-09,2.1666669845581055,2.1666669845581055,2.0,2.0,1.9705078601837158,4200
1996-07-10,2.0,2.0833330154418945,2.0,2.0833330154418945,2.0526123046875,11700
1996-07-11,2.0,2.1666669845581055,2.0,2.0,1.9705078601837158,123300
1996-07-12,1.9583330154418945,2.0,1.9583330154418945,1.9583330154418945,1.929455280303955,7500
1996-07-15,1.9583330154418945,2.1666669845581055,1.9583330154418945,2.1666669845581055,2.1347169876098633,90600
1996-07-16,2.0,2.125,2.0,2.0,1.9705078601837158,32700
1996-07-17,2.1666669845581055,2.1666669845581055,2.0,2.0,1.9705078601837158,12300
1996-07-18,2.0833330154418945,2.0833330154418945,2.0,2.0,1.9705078601837158,20400
1996-07-19,2.0,2.1666669845581055,2.0,2.0,1.9705078601837158,120600
1996-07-22,2.0,2.125,2.0,2.0625,2.032086133956909,42900
1996-07-23,2.125,2.125,1.9166669845581055,1.9166669845581055,1.8884036540985107,34500
1996-07-24,1.9166669845581055,2.0,1.75,1.8125,1.785772681236267,64200
1996-07-25,1.75,1.9583330154418945,1.75,1.8541669845581055,1.8268253803253174,72900
1996-07-26,1.7916669845581055,2.0,1.7916669845581055,2.0,1.9705078601837158,53100
1996-07-29,1.9166669845581055,2.0,1.9166669845581055,1.9166669845581055,1.8884036540985107,25500
1996-07-30,1.9166669845581055,2.0416669845581055,1.875,1.9375,1.908929467201233,83400
1996-07-31,1.875,2.0,1.875,2.0,1.9705078601837158,46200
1996-08-01,2.0,2.125,1.9166669845581055,2.0416669845581055,2.0115604400634766,30600
1996-08-02,2.0416669845581055,2.2916669845581055,2.0416669845581055,2.1666669845581055,2.1347169876098633,163200
1996-08-05,2.2916669845581055,2.3333330154418945,2.1666669845581055,2.1666669845581055,2.1347169876098633,55500
1996-08-06,2.1666669845581055,2.2916669845581055,2.1666669845581055,2.2916669845581055,2.257873773574829,28800
1996-08-07,2.1666669845581055,2.25,2.125,2.25,2.2168211936950684,101400
1996-08-08,2.2916669845581055,2.2916669845581055,2.1666669845581055,2.1979169845581055,2.165506362915039,147900
1996-08-09,2.2083330154418945,2.2083330154418945,2.1666669845581055,2.2083330154418945,2.175769090652466,48300
1996-08-12,2.1666669845581055,2.2083330154418945,2.1666669845581055,2.2083330154418945,2.175769090652466,70500
1996-08-13,2.1666669845581055,2.25,2.0833330154418945,2.2083330154418945,2.175769090652466,87000
1996-08-14,2.125,2.1666669845581055,2.0833330154418945,2.1666669845581055,2.1347169876098633,49500
1996-08-15,2.125,2.125,2.0833330154418945,2.0833330154418945,2.0526123046875,8700
1996-08-16,2.0833330154418945,2.1666669845581055,2.0833330154418945,2.1666669845581055,2.1347169876098633,21600
1996-08-19,2.0833330154418945,2.1666669845581055,2.0416669845581055,2.0416669845581055,2.0115604400634766,20400
1996-08-20,2.0833330154418945,2.125,2.0833330154418945,2.0833330154418945,2.0526123046875,9600
1996-08-21,2.0833330154418945,2.125,2.0,2.0,1.9705078601837158,92100
1996-08-22,2.0,2.0625,2.0,2.0,1.9705078601837158,43500
1996-08-23,2.0416669845581055,2.125,2.0416669845581055,2.125,2.0936646461486816,85500
1996-08-26,2.0416669845581055,2.0416669845581055,2.0416669845581055,2.0416669845581055,2.0115604400634766,5400
1996-08-27,2.0416669845581055,2.0833330154418945,2.0,2.0,1.9705078601837158,12600
1996-08-28,2.0208330154418945,2.0833330154418945,2.0,2.0833330154418945,2.0526123046875,112200
1996-08-29,2.0,2.0833330154418945,2.0,2.0416669845581055,2.0115604400634766,89100
1996-08-30,2.0833330154418945,2.0833330154418945,2.0,2.0,1.9705078601837158,13500
1996-09-03,2.0,2.0833330154418945,1.9583330154418945,2.0833330154418945,2.0526123046875,45300
1996-09-04,2.0833330154418945,2.2083330154418945,2.0416669845581055,2.1666669845581055,2.1347169876098633,287100
1996-09-05,2.0833330154418945,2.2083330154418945,2.0833330154418945,2.2083330154418945,2.175769090652466,167700
1996-09-06,2.0833330154418945,2.0833330154418945,2.0833330154418945,2.0833330154418945,2.0526123046875,8700
1996-09-09,2.0833330154418945,2.2083330154418945,2.0833330154418945,2.0833330154418945,2.0526123046875,26100
1996-09-10,2.0833330154418945,2.125,2.0416669845581055,2.0416669845581055,2.0115604400634766,71400
1996-09-11,2.0416669845581055,2.1666669845581055,2.0416669845581055,2.125,2.0936646461486816,111600
1996-09-12,2.0416669845581055,2.2083330154418945,2.0416669845581055,2.125,2.0936646461486816,32400
1996-09-13,2.125,2.25,2.0416669845581055,2.1666669845581055,2.1347169876098633,87900
1996-09-16,2.125,2.1666669845581055,2.125,2.125,2.0936646461486816,88200
1996-09-17,2.125,2.25,2.125,2.25,2.2168211936950684,21000
1996-09-18,2.125,2.25,2.125,2.2083330154418945,2.175769090652466,15600
1996-09-19,2.125,2.25,2.125,2.25,2.2168211936950684,42600
1996-09-20,2.125,2.25,2.125,2.2083330154418945,2.175769090652466,37500
1996-09-23,2.2083330154418945,2.2083330154418945,2.125,2.125,2.0936646461486816,61200
1996-09-24,2.1666669845581055,2.1666669845581055,2.0833330154418945,2.1666669845581055,2.1347169876098633,22800
1996-09-25,2.0833330154418945,2.1666669845581055,2.0833330154418945,2.1666669845581055,2.1347169876098633,23100
1996-09-26,2.2083330154418945,2.2083330154418945,2.0833330154418945,2.0833330154418945,2.0526123046875,25200
1996-09-27,2.125,2.1666669845581055,2.0833330154418945,2.125,2.0936646461486816,102000
1996-09-30,2.0833330154418945,2.1666669845581055,2.0833330154418945,2.1666669845581055,2.1347169876098633,54900
1996-10-01,2.0833330154418945,2.25,2.0833330154418945,2.125,2.0936646461486816,32700
1996-10-02,2.2083330154418945,2.2395830154418945,2.125,2.125,2.0936646461486816,62400
1996-10-03,2.125,2.2083330154418945,2.125,2.1666669845581055,2.1347169876098633,135600
1996-10-04,2.2083330154418945,2.3333330154418945,2.1666669845581055,2.25,2.2168211936950684,189600
1996-10-07,2.2083330154418945,2.3333330154418945,2.125,2.2083330154418945,2.175769090652466,263700
1996-10-08,2.2083330154418945,2.2083330154418945,2.125,2.2083330154418945,2.175769090652466,236100
1996-10-09,2.2083330154418945,2.25,2.125,2.1666669845581055,2.1347169876098633,381000
1996-10-10,2.125,2.25,2.125,2.1666669845581055,2.1347169876098633,212400
1996-10-11,2.1666669845581055,2.25,2.125,2.125,2.0936646461486816,209100
1996-10-14,2.25,2.25,2.125,2.25,2.2168211936950684,108000
1996-10-15,2.25,2.375,2.1666669845581055,2.1666669845581055,2.1347169876098633,62100
1996-10-16,2.125,2.2083330154418945,2.125,2.1666669845581055,2.1347169876098633,144300
1996-10-17,2.1666669845581055,2.4583330154418945,2.1666669845581055,2.375,2.339977979660034,362700
1996-10-18,2.3333330154418945,2.625,2.3333330154418945,2.5,2.463134765625,393600
1996-10-21,2.5,2.7083330154418945,2.5,2.7083330154418945,2.66839599609375,166200
1996-10-22,2.7083330154418945,2.75,2.625,2.625,2.5862913131713867,168900
1996-10-23,2.75,2.75,2.5416669845581055,2.6666669845581055,2.6273441314697266,108300
1996-10-24,2.625,2.9583330154418945,2.625,2.9166669845581055,2.873657703399658,563400
1996-10-25,2.9583330154418945,2.9583330154418945,2.8333330154418945,2.875,2.8326048851013184,115200
1996-10-28,2.8333330154418945,2.9583330154418945,2.6666669845581055,2.7083330154418945,2.66839599609375,75900
1996-10-29,2.6666669845581055,2.6666669845581055,2.5,2.5416669845581055,2.5041871070861816,50700
1996-10-30,2.5,2.625,2.5,2.625,2.5862913131713867,68100
1996-10-31,2.625,2.6666669845581055,2.5,2.6666669845581055,2.6273441314697266,43200
1996-11-01,2.7083330154418945,2.75,2.6458330154418945,2.75,2.7094483375549316,87300
1996-11-04,2.625,2.75,2.625,2.75,2.7094483375549316,37500
1996-11-05,2.6666669845581055,2.75,2.5833330154418945,2.6666669845581055,2.6273441314697266,144000
1996-11-06,2.5833330154418945,2.6666669845581055,2.5833330154418945,2.6041669845581055,2.565765619277954,75000
1996-11-07,2.5833330154418945,2.5833330154418945,2.5,2.5416669845581055,2.5041871070861816,44100
1996-11-08,2.5833330154418945,2.6666669845581055,2.5833330154418945,2.6666669845581055,2.6273441314697266,223200
1996-11-11,2.625,2.6666669845581055,2.625,2.6666669845581055,2.6273441314697266,9900
1996-11-12,2.625,2.7083330154418945,2.5833330154418945,2.625,2.5862913131713867,77100
1996-11-13,2.6666669845581055,2.6666669845581055,2.5833330154418945,2.5833330154418945,2.545238733291626,4500
1996-11-14,2.5833330154418945,2.6666669845581055,2.5833330154418945,2.5833330154418945,2.545238733291626,11700
1996-11-15,2.5833330154418945,2.6666669845581055,2.5833330154418945,2.5833330154418945,2.545238733291626,122700
1996-11-18,2.5416669845581055,2.5416669845581055,2.1666669845581055,2.25,2.2168211936950684,157200
1996-11-19,2.3333330154418945,2.375,2.2916669845581055,2.3333330154418945,2.2989253997802734,93000
1996-11-20,2.2916669845581055,2.5,2.2916669845581055,2.4583330154418945,2.4220821857452393,139200
1996-11-21,2.375,2.5,2.375,2.4166669845581055,2.381030559539795,106500
1996-11-22,2.4583330154418945,2.5416669845581055,2.4166669845581055,2.5416669845581055,2.5041871070861816,144900
1996-11-25,2.5416669845581055,2.625,2.5,2.5416669845581055,2.5041871070861816,56700
1996-11-26,2.5416669845581055,2.625,2.5,2.5,2.463134765625,40800
1996-11-27,2.5,2.625,2.5,2.5416669845581055,2.5041871070861816,40500
1996-11-29,2.5,2.5,2.5,2.5,2.463134765625,300
1996-12-02,2.5,2.5,2.5,2.5,2.463134765625,23400
1996-12-03,2.5,2.5,2.4166669845581055,2.4166669845581055,2.381030559539795,99900
1996-12-04,2.4166669845581055,2.5,2.2916669845581055,2.2916669845581055,2.257873773574829,113100
1996-12-05,2.25,2.375,2.25,2.375,2.339977979660034,56400
1996-12-06,2.1666669845581055,2.3333330154418945,2.1666669845581055,2.1666669845581055,2.1347169876098633,28500
1996-12-09,2.3333330154418945,2.3333330154418945,2.1666669845581055,2.2083330154418945,2.175769090652466,31500
1996-12-10,2.3333330154418945,2.3333330154418945,2.1666669845581055,2.3333330154418945,2.2989253997802734,66300
1996-12-11,2.3125,2.3125,2.25,2.25,2.2168211936950684,86700
1996-12-12,2.1666669845581055,2.3333330154418945,2.1666669845581055,2.2916669845581055,2.257873773574829,97200
1996-12-13,2.1666669845581055,2.2916669845581055,2.1666669845581055,2.2083330154418945,2.175769090652466,60600
1996-12-16,2.2864580154418945,2.2864580154418945,2.2083330154418945,2.2083330154418945,2.175769090652466,19800
1996-12-17,2.2083330154418945,2.2916669845581055,2.2083330154418945,2.2916669845581055,2.257873773574829,27000
1996-12-18,2.2083330154418945,2.2083330154418945,2.1666669845581055,2.2083330154418945,2.175769090652466,34200
1996-12-19,2.2916669845581055,2.2916669845581055,2.1666669845581055,2.1875,2.155243158340454,24900
1996-12-20,2.1666669845581055,2.2916669845581055,2.1666669845581055,2.1666669845581055,2.1347169876098633,112800
1996-12-23,2.2916669845581055,2.2916669845581055,2.0416669845581055,2.1666669845581055,2.1347169876098633,253500
1996-12-24,2.0833330154418945,2.1666669845581055,2.0833330154418945,2.0833330154418945,2.0526123046875,91200
1996-12-26,2.0,2.0416669845581055,1.9166669845581055,2.0,1.9705078601837158,221100
1996-12-27,1.9583330154418945,2.0833330154418945,1.9583330154418945,2.0833330154418945,2.0526123046875,412500
1996-12-30,2.1666669845581055,2.2083330154418945,2.0416669845581055,2.125,2.0936646461486816,187800
1996-12-31,2.125,2.25,2.0416669845581055,2.125,2.0936646461486816,144600
1997-01-02,2.25,2.2916669845581055,2.125,2.2916669845581055,2.257873773574829,50700
1997-01-03,2.2083330154418945,2.2916669845581055,2.1666669845581055,2.2916669845581055,2.257873773574829,35700
1997-01-06,2.1666669845581055,2.2916669845581055,2.1666669845581055,2.25,2.2168211936950684,76200
1997-01-07,2.2083330154418945,2.2916669845581055,2.2083330154418945,2.2916669845581055,2.257873773574829,80400
1997-01-08,2.2083330154418945,2.3333330154418945,2.2083330154418945,2.3333330154418945,2.2989253997802734,85800
1997-01-09,2.3333330154418945,2.3333330154418945,2.2083330154418945,2.2916669845581055,2.257873773574829,49800
1997-01-10,2.2083330154418945,2.25,2.2083330154418945,2.2083330154418945,2.175769090652466,21900
1997-01-13,2.2083330154418945,2.3333330154418945,2.2083330154418945,2.3125,2.278399705886841,212100
1997-01-14,2.2708330154418945,2.3125,2.2083330154418945,2.2083330154418945,2.175769090652466,94500
1997-01-15,2.2083330154418945,2.3125,2.2083330154418945,2.3125,2.278399705886841,64200
1997-01-16,2.3333330154418945,2.375,2.25,2.2916669845581055,2.257873773574829,225000
1997-01-17,2.375,2.6666669845581055,2.3333330154418945,2.625,2.5862913131713867,408600
1997-01-20,2.6666669845581055,2.6666669845581055,2.4166669845581055,2.4166669845581055,2.381030559539795,137400
1997-01-21,2.4166669845581055,2.5833330154418945,2.4166669845581055,2.4166669845581055,2.381030559539795,26100
1997-01-22,2.5,2.5833330154418945,2.4166669845581055,2.4166669845581055,2.381030559539795,27600
1997-01-23,2.4166669845581055,2.5416669845581055,2.4166669845581055,2.4166669845581055,2.381030559539795,8400
1997-01-24,2.4166669845581055,2.5833330154418945,2.4166669845581055,2.4166669845581055,2.381030559539795,13200
1997-01-27,2.5833330154418945,2.5833330154418945,2.4166669845581055,2.4166669845581055,2.381030559539795,24900
1997-01-28,2.4166669845581055,2.4583330154418945,2.2916669845581055,2.375,2.339977979660034,118800
1997-01-29,2.2916669845581055,2.3333330154418945,2.2916669845581055,2.2916669845581055,2.257873773574829,23100
1997-01-30,2.2916669845581055,2.375,2.2916669845581055,2.2916669845581055,2.257873773574829,26700
1997-01-31,2.3333330154418945,2.4166669845581055,2.2916669845581055,2.4166669845581055,2.381030559539795,65400
1997-02-03,2.4583330154418945,2.4583330154418945,2.3333330154418945,2.3958330154418945,2.360504150390625,30000
1997-02-04,2.375,2.5,2.375,2.4375,2.4015567302703857,66600
1997-02-05,2.375,2.5416669845581055,2.375,2.4166669845581055,2.381030559539795,332400
1997-02-06,2.375,2.4583330154418945,2.375,2.375,2.339977979660034,53700
1997-02-07,2.375,2.5,2.375,2.4583330154418945,2.4220821857452393,59100
1997-02-10,2.4583330154418945,2.5,2.4166669845581055,2.4166669845581055,2.381030559539795,26400
1997-02-11,2.4166669845581055,2.4583330154418945,2.4166669845581055,2.4583330154418945,2.4220821857452393,26100
1997-02-12,2.4166669845581055,2.5,2.4166669845581055,2.4583330154418945,2.4220821857452393,44700
1997-02-13,2.4166669845581055,2.5,2.4166669845581055,2.5,2.463134765625,62100
1997-02-14,2.4583330154418945,2.4583330154418945,2.4583330154418945,2.4583330154418945,2.4220821857452393,900
1997-02-18,2.4583330154418945,2.5833330154418945,2.4583330154418945,2.4583330154418945,2.4220821857452393,26700
1997-02-19,2.5416669845581055,2.5416669845581055,2.4583330154418945,2.4583330154418945,2.4220821857452393,146400
1997-02-20,2.375,2.5416669845581055,2.375,2.4583330154418945,2.4220821857452393,30900
1997-02-21,2.4583330154418945,2.4583330154418945,2.4166669845581055,2.4166669845581055,2.381030559539795,32400
1997-02-24,2.5,2.5,2.4166669845581055,2.5,2.463134765625,79800
1997-02-25,2.5,2.5416669845581055,2.4583330154418945,2.4583330154418945,2.4220821857452393,45600
1997-02-26,2.4166669845581055,2.5416669845581055,2.4166669845581055,2.4166669845581055,2.381030559539795,60300
1997-02-27,2.4166669845581055,2.5,2.4166669845581055,2.4583330154418945,2.4220821857452393,241500
1997-02-28,2.4166669845581055,2.5,2.4166669845581055,2.4375,2.4015567302703857,50100
1997-03-03,2.4166669845581055,2.5,2.4166669845581055,2.4166669845581055,2.381030559539795,32400
1997-03-04,2.4166669845581055,2.4583330154418945,2.4166669845581055,2.4583330154418945,2.4220821857452393,84300
1997-03-05,2.4166669845581055,2.625,2.4166669845581055,2.5833330154418945,2.545238733291626,153600
1997-03-06,2.625,2.7083330154418945,2.5416669845581055,2.5416669845581055,2.5041871070861816,120900
1997-03-07,2.5416669845581055,2.5833330154418945,2.5416669845581055,2.5833330154418945,2.545238733291626,8100
1997-03-10,2.6666669845581055,2.6666669845581055,2.5416669845581055,2.5416669845581055,2.5041871070861816,67800
1997-03-11,2.5416669845581055,2.625,2.5416669845581055,2.6041669845581055,2.565765619277954,40500
1997-03-12,2.625,2.6666669845581055,2.5833330154418945,2.6458330154418945,2.6068172454833984,72300
1997-03-13,2.5833330154418945,2.6458330154418945,2.5833330154418945,2.5833330154418945,2.545238733291626,191400
1997-03-14,2.5833330154418945,2.625,2.5833330154418945,2.5833330154418945,2.545238733291626,61200
1997-03-17,2.5833330154418945,2.6666669845581055,2.5833330154418945,2.625,2.5862913131713867,64500
1997-03-18,2.6666669845581055,2.6666669845581055,2.5833330154418945,2.5833330154418945,2.545238733291626,33300
1997-03-19,2.5833330154418945,2.625,2.5833330154418945,2.625,2.5862913131713867,9900
1997-03-20,2.5833330154418945,2.6666669845581055,2.5833330154418945,2.625,2.5862913131713867,70500
1997-03-21,2.625,2.625,2.625,2.625,2.5862913131713867,0
1997-03-24,2.6666669845581055,2.6666669845581055,2.5833330154418945,2.5833330154418945,2.545238733291626,118500
1997-03-25,2.5833330154418945,2.6666669845581055,2.5833330154418945,2.5833330154418945,2.545238733291626,281400
1997-03-26,2.625,2.6666669845581055,2.5833330154418945,2.625,2.5862913131713867,141300
1997-03-27,2.5833330154418945,2.6666669845581055,2.5833330154418945,2.6666669845581055,2.6273441314697266,11400
1997-03-31,2.625,2.625,2.5833330154418945,2.625,2.5862913131713867,112200
1997-04-01,2.5833330154418945,2.5833330154418945,2.5833330154418945,2.5833330154418945,2.545238733291626,3900
1997-04-02,2.5833330154418945,2.625,2.5833330154418945,2.625,2.5862913131713867,98700
1997-04-03,2.5833330154418945,2.6666669845581055,2.5833330154418945,2.625,2.5862913131713867,57300
1997-04-04,2.5833330154418945,2.5833330154418945,2.5833330154418945,2.5833330154418945,2.545238733291626,300
1997-04-07,2.5833330154418945,2.625,2.5833330154418945,2.5833330154418945,2.545238733291626,47100
1997-04-08,2.5833330154418945,2.625,2.5833330154418945,2.5833330154418945,2.545238733291626,30300
1997-04-09,2.5833330154418945,2.625,2.5,2.5833330154418945,2.545238733291626,154200
1997-04-10,2.5416669845581055,2.625,2.5,2.625,2.5862913131713867,4200
1997-04-11,2.5416669845581055,2.5416669845581055,2.5,2.5416669845581055,2.5041871070861816,33000
1997-04-14,2.5,2.5,2.4583330154418945,2.5,2.463134765625,49800
1997-04-15,2.4583330154418945,2.625,2.4583330154418945,2.5416669845581055,2.5041871070861816,145200
1997-04-16,2.5833330154418945,2.7083330154418945,2.5833330154418945,2.7083330154418945,2.66839599609375,102000
1997-04-17,2.625,2.7083330154418945,2.625,2.625,2.5862913131713867,25500
1997-04-18,2.625,2.6666669845581055,2.625,2.6666669845581055,2.6273441314697266,44700
1997-04-21,2.6666669845581055,2.6666669845581055,2.625,2.6666669845581055,2.6273441314697266,40800
1997-04-22,2.6666669845581055,2.6666669845581055,2.625,2.625,2.5862913131713867,26400
1997-04-23,2.625,2.6666669845581055,2.625,2.6666669845581055,2.6273441314697266,30600
1997-04-24,2.625,2.6666669845581055,2.625,2.625,2.5862913131713867,34500
1997-04-25,2.625,2.7083330154418945,2.625,2.6666669845581055,2.6273441314697266,155400
1997-04-28,2.6666669845581055,2.75,2.6666669845581055,2.7083330154418945,2.66839599609375,127200
1997-04-29,2.7916669845581055,2.7916669845581055,2.7083330154418945,2.7916669845581055,2.7505009174346924,64800
1997-04-30,2.8333330154418945,2.9166669845581055,2.75,2.7916669845581055,2.7505009174346924,171300
1997-05-01,2.8333330154418945,2.875,2.7916669845581055,2.8333330154418945,2.791552782058716,21300
1997-05-02,2.7916669845581055,2.875,2.7916669845581055,2.7916669845581055,2.7505009174346924,9300
1997-05-05,2.8333330154418945,2.875,2.7916669845581055,2.875,2.8326048851013184,16800
1997-05-06,2.875,2.875,2.7916669845581055,2.7916669845581055,2.7505009174346924,27000
1997-05-07,2.7916669845581055,2.8333330154418945,2.7916669845581055,2.8333330154418945,2.791552782058716,95400
1997-05-08,2.8333330154418945,2.8333330154418945,2.7083330154418945,2.7083330154418945,2.66839599609375,68400
1997-05-09,2.7708330154418945,2.7708330154418945,2.7083330154418945,2.7083330154418945,2.66839599609375,38100
1997-05-12,2.7083330154418945,2.75,2.7083330154418945,2.7083330154418945,2.66839599609375,14700
1997-05-13,2.75,2.75,2.75,2.75,2.7094483375549316,11100
1997-05-14,2.875,2.875,2.625,2.6666669845581055,2.6273441314697266,104100
1997-05-15,2.6666669845581055,2.6666669845581055,2.6666669845581055,2.6666669845581055,2.6273441314697266,0
1997-05-16,2.625,2.7083330154418945,2.625,2.7083330154418945,2.66839599609375,15900
1997-05-19,2.7083330154418945,2.7083330154418945,2.625,2.625,2.5862913131713867,25200
1997-05-20,2.6666669845581055,2.7083330154418945,2.6666669845581055,2.7083330154418945,2.66839599609375,402000
1997-05-21,2.6666669845581055,2.75,2.6666669845581055,2.75,2.7094483375549316,113700
1997-05-22,2.7083330154418945,2.75,2.6666669845581055,2.75,2.7094483375549316,39000
1997-05-23,2.75,2.75,2.6666669845581055,2.7083330154418945,2.66839599609375,49200
1997-05-27,2.6666669845581055,2.7291669845581055,2.6666669845581055,2.6666669845581055,2.6273441314697266,58800
1997-05-28,2.6666669845581055,2.75,2.6666669845581055,2.6666669845581055,2.6273441314697266,36600
1997-05-29,2.625,2.625,2.625,2.625,2.5862913131713867,10500
1997-05-30,2.625,2.7083330154418945,2.625,2.6666669845581055,2.6273441314697266,40800
1997-06-02,2.7083330154418945,2.75,2.6666669845581055,2.75,2.7094483375549316,90900
1997-06-03,2.7708330154418945,2.8333330154418945,2.7083330154418945,2.7291669845581055,2.688922643661499,167700
1997-06-04,2.8333330154418945,2.875,2.7916669845581055,2.7916669845581055,2.7505009174346924,113700
1997-06-05,2.7916669845581055,2.9166669845581055,2.7916669845581055,2.9166669845581055,2.873657703399658,30300
1997-06-06,2.9583330154418945,3.2083330154418945,2.875,3.1666669845581055,3.1199710369110107,260100
1997-06-09,3.25,3.25,3.0833330154418945,3.125,3.07891845703125,27900
1997-06-10,3.1666669845581055,3.1666669845581055,3.0833330154418945,3.0833330154418945,3.0378661155700684,86700
1997-06-11,3.1458330154418945,3.1458330154418945,3.0833330154418945,3.0833330154418945,3.0378661155700684,22200
1997-06-12,3.0833330154418945,3.2916669845581055,3.0833330154418945,3.2083330154418945,3.161022663116455,132600
1997-06-13,3.2916669845581055,3.3333330154418945,3.125,3.125,3.07891845703125,102600
1997-06-16,3.25,3.3333330154418945,3.125,3.3333330154418945,3.284179449081421,69900
1997-06-17,3.2083330154418945,3.3333330154418945,3.2083330154418945,3.3333330154418945,3.284179449081421,52800
1997-06-18,3.2916669845581055,3.3333330154418945,3.2083330154418945,3.3333330154418945,3.284179449081421,75300
1997-06-19,3.3333330154418945,3.3333330154418945,3.25,3.25,3.2020750045776367,74400
1997-06-20,3.3333330154418945,3.3333330154418945,3.25,3.3333330154418945,3.284179449081421,108000
1997-06-23,3.375,3.375,3.25,3.375,3.3252320289611816,42600
1997-06-24,3.25,3.4166669845581055,3.25,3.3333330154418945,3.284179449081421,61800
1997-06-25,3.3333330154418945,3.4166669845581055,3.25,3.375,3.3252320289611816,92700
1997-06-26,3.25,3.3333330154418945,3.2291669845581055,3.3333330154418945,3.284179449081421,559500
1997-06-27,3.3333330154418945,3.3333330154418945,3.3333330154418945,3.3333330154418945,3.284179449081421,0
1997-06-30,3.3333330154418945,3.3333330154418945,3.25,3.3333330154418945,3.284179449081421,23100
1997-07-01,3.2916669845581055,3.3333330154418945,3.25,3.25,3.2020750045776367,64200
1997-07-02,3.2083330154418945,3.2916669845581055,3.1666669845581055,3.1666669845581055,3.1199710369110107,30900
1997-07-03,3.2916669845581055,3.2916669845581055,3.1666669845581055,3.1666669845581055,3.1199710369110107,80400
1997-07-07,3.1666669845581055,3.2916669845581055,3.1666669845581055,3.1666669845581055,3.1199710369110107,49200
1997-07-08,3.1666669845581055,3.1666669845581055,3.0416669845581055,3.0416669845581055,2.996814489364624,225300
1997-07-09,3.0416669845581055,3.0833330154418945,2.9166669845581055,2.9583330154418945,2.9147090911865234,195300
1997-07-10,3.0,3.0,2.9583330154418945,2.9791669845581055,2.9352357387542725,71700
1997-07-11,3.0,3.0,2.9583330154418945,2.9583330154418945,2.9147090911865234,33300
1997-07-14,2.9583330154418945,3.0416669845581055,2.9583330154418945,2.9791669845581055,2.9352357387542725,157800
1997-07-15,2.9583330154418945,3.0833330154418945,2.9583330154418945,3.0833330154418945,3.0378661155700684,139200
1997-07-16,3.125,3.375,3.0625,3.25,3.2020750045776367,391800
1997-07-17,3.2916669845581055,3.375,3.25,3.25,3.2020750045776367,229200
1997-07-18,3.25,3.375,3.25,3.375,3.3252320289611816,18000
1997-07-21,3.25,3.375,3.25,3.2916669845581055,3.2431275844573975,23700
1997-07-22,3.375,3.375,3.25,3.375,3.3252320289611816,29100
1997-07-23,3.3333330154418945,3.4166669845581055,3.3333330154418945,3.375,3.3252320289611816,120000
1997-07-24,3.375,3.4166669845581055,3.375,3.375,3.3252320289611816,130500
1997-07-25,3.4166669845581055,3.4166669845581055,3.2916669845581055,3.4166669845581055,3.3662843704223633,98400
1997-07-28,3.2916669845581055,3.2916669845581055,3.25,3.2916669845581055,3.2431275844573975,16200
1997-07-29,3.2916669845581055,3.375,3.25,3.3333330154418945,3.284179449081421,399900
1997-07-30,3.2916669845581055,3.5416669845581055,3.2916669845581055,3.5416669845581055,3.489441156387329,100800
1997-07-31,3.4166669845581055,3.625,3.4166669845581055,3.5833330154418945,3.5304930210113525,135000
1997-08-01,3.5416669845581055,3.6666669845581055,3.5416669845581055,3.5833330154418945,3.5304930210113525,90600
1997-08-04,3.5,3.5416669845581055,3.4166669845581055,3.5,3.4483888149261475,94200
1997-08-05,3.5,3.5,3.4583330154418945,3.5,3.4483888149261475,67500
1997-08-06,3.4166669845581055,3.5,3.4166669845581055,3.4583330154418945,3.4073362350463867,31800
1997-08-07,3.4166669845581055,3.5416669845581055,3.4166669845581055,3.4583330154418945,3.4073362350463867,57000
1997-08-08,3.4166669845581055,3.5416669845581055,3.375,3.375,3.3252320289611816,42000
1997-08-11,3.3333330154418945,3.375,3.2916669845581055,3.3333330154418945,3.284179449081421,54000
1997-08-12,3.2916669845581055,3.4166669845581055,3.2916669845581055,3.4166669845581055,3.3662843704223633,1500
1997-08-13,3.375,3.375,3.2916669845581055,3.2916669845581055,3.2431275844573975,14400
1997-08-14,3.4166669845581055,3.4166669845581055,3.2916669845581055,3.4166669845581055,3.3662843704223633,46200
1997-08-15,3.4166669845581055,3.4166669845581055,3.3333330154418945,3.3333330154418945,3.284179449081421,7200
1997-08-18,3.3125,3.3333330154418945,3.2083330154418945,3.2291669845581055,3.181549549102783,109200
1997-08-19,3.2916669845581055,3.2916669845581055,3.2291669845581055,3.2916669845581055,3.2431275844573975,23700
1997-08-20,3.2916669845581055,3.2916669845581055,3.1875,3.25,3.2020750045776367,77700
1997-08-21,3.2916669845581055,3.2916669845581055,3.2291669845581055,3.2291669845581055,3.181549549102783,112800
1997-08-22,3.25,3.25,3.2083330154418945,3.2083330154418945,3.161022663116455,6000
1997-08-25,3.2083330154418945,3.25,3.2083330154418945,3.25,3.2020750045776367,8700
1997-08-26,3.2083330154418945,3.2916669845581055,3.2083330154418945,3.2916669845581055,3.2431275844573975,4500
1997-08-27,3.2916669845581055,3.4583330154418945,3.25,3.4583330154418945,3.4073362350463867,107400
1997-08-28,3.4583330154418945,3.5833330154418945,3.375,3.5833330154418945,3.5304930210113525,63900
1997-08-29,3.5833330154418945,3.6666669845581055,3.4583330154418945,3.6666669845581055,3.612598419189453,68700
1997-09-02,3.6666669845581055,3.6875,3.625,3.625,3.571545362472534,135600
1997-09-03,3.5416669845581055,3.5833330154418945,3.5,3.5833330154418945,3.5304930210113525,23400
1997-09-04,3.5,3.5,3.2916669845581055,3.2916669845581055,3.2431275844573975,83100
1997-09-05,3.2916669845581055,3.375,3.2916669845581055,3.375,3.3252320289611816,21300
1997-09-08,3.375,3.4166669845581055,3.3333330154418945,3.3333330154418945,3.284179449081421,82800
1997-09-09,3.3333330154418945,3.4583330154418945,3.3333330154418945,3.3333330154418945,3.284179449081421,8100
1997-09-10,3.4583330154418945,3.4583330154418945,3.375,3.375,3.3252320289611816,24000
1997-09-11,3.3333330154418945,3.3333330154418945,3.2916669845581055,3.3333330154418945,3.284179449081421,47700
1997-09-12,3.2916669845581055,3.3333330154418945,3.2916669845581055,3.2916669845581055,3.2431275844573975,59700
1997-09-15,3.375,3.375,3.2083330154418945,3.25,3.2020750045776367,33000
1997-09-16,3.2083330154418945,3.2916669845581055,3.2083330154418945,3.2083330154418945,3.161022663116455,7200
1997-09-17,3.25,3.375,3.2083330154418945,3.25,3.2020750045776367,29400
1997-09-18,3.2083330154418945,3.25,3.2083330154418945,3.25,3.2020750045776367,6300
1997-09-19,3.3333330154418945,3.3541669845581055,3.3125,3.3125,3.263653516769409,23700
1997-09-22,3.3333330154418945,3.375,3.2916669845581055,3.375,3.3252320289611816,32100
1997-09-23,3.3333330154418945,3.4375,3.3333330154418945,3.3958330154418945,3.3457579612731934,161100
1997-09-24,3.375,3.4375,3.375,3.375,3.3252320289611816,26400
1997-09-25,3.5,3.5,3.375,3.375,3.3252320289611816,19500
1997-09-26,3.375,3.3958330154418945,3.375,3.3958330154418945,3.3457579612731934,19800
1997-09-29,3.5,3.5,3.4166669845581055,3.4166669845581055,3.3662843704223633,78900
1997-09-30,3.3958330154418945,3.4583330154418945,3.3958330154418945,3.4583330154418945,3.4073362350463867,55200
1997-10-01,3.5,3.6041669845581055,3.4166669845581055,3.6041669845581055,3.5510194301605225,96900
1997-10-02,3.625,3.625,3.5,3.5,3.4483888149261475,35400
1997-10-03,3.625,3.6666669845581055,3.5,3.6666669845581055,3.612598419189453,148200
1997-10-06,3.625,3.6666669845581055,3.625,3.6666669845581055,3.612598419189453,19200
1997-10-07,3.625,3.6666669845581055,3.625,3.6458330154418945,3.592071294784546,17700
1997-10-08,3.625,3.7083330154418945,3.625,3.625,3.571545362472534,81900
1997-10-09,3.625,3.625,3.5833330154418945,3.625,3.571545362472534,306600
1997-10-10,3.6041669845581055,3.625,3.6041669845581055,3.625,3.571545362472534,11400
1997-10-13,3.6041669845581055,3.6875,3.6041669845581055,3.6875,3.6331238746643066,174300
1997-10-14,3.7083330154418945,3.7291669845581055,3.6666669845581055,3.6875,3.6331238746643066,358200
1997-10-15,3.6666669845581055,3.7291669845581055,3.6666669845581055,3.7291669845581055,3.6741762161254883,53400
1997-10-16,3.7291669845581055,3.8333330154418945,3.6875,3.75,3.694701910018921,137100
1997-10-17,3.7291669845581055,3.7916669845581055,3.7083330154418945,3.75,3.694701910018921,149400
1997-10-20,3.75,3.75,3.625,3.6666669845581055,3.612598419189453,64800
1997-10-21,3.5833330154418945,3.6458330154418945,3.5833330154418945,3.6458330154418945,3.592071294784546,115500
1997-10-22,3.6041669845581055,3.6666669845581055,3.6041669845581055,3.6458330154418945,3.592071294784546,60600
1997-10-23,3.5833330154418945,3.6666669845581055,3.5833330154418945,3.6666669845581055,3.612598419189453,88200
1997-10-24,3.6666669845581055,3.7916669845581055,3.6666669845581055,3.6666669845581055,3.612598419189453,30000
1997-10-27,3.5833330154418945,3.6666669845581055,3.5,3.6041669845581055,3.5510194301605225,286800
1997-10-28,3.3333330154418945,3.6666669845581055,3.3333330154418945,3.6666669845581055,3.612598419189453,274500
1997-10-29,3.6666669845581055,3.6666669845581055,3.6666669845581055,3.6666669845581055,3.612598419189453,24300
1997-10-30,3.5,3.6666669845581055,3.5,3.6666669845581055,3.612598419189453,7800
1997-10-31,3.5416669845581055,3.6875,3.5416669845581055,3.6875,3.6331238746643066,84300
1997-11-03,3.7291669845581055,3.8125,3.6666669845581055,3.8125,3.7562806606292725,264600
1997-11-04,3.8333330154418945,3.9166669845581055,3.75,3.8333330154418945,3.776806354522705,141900
1997-11-05,3.7916669845581055,4.0,3.7916669845581055,3.9583330154418945,3.899963140487671,52200
1997-11-06,4.0,4.0,3.8333330154418945,3.9583330154418945,3.899963140487671,55800
1997-11-07,3.875,3.9583330154418945,3.875,3.9583330154418945,3.899963140487671,77700
1997-11-10,4.0,4.125,3.9583330154418945,4.0,3.9410157203674316,64800
1997-11-11,4.0,4.0416669845581055,4.0,4.0,3.9410157203674316,41100
1997-11-12,4.0416669845581055,4.0416669845581055,3.8333330154418945,4.0,3.9410157203674316,55500
1997-11-13,4.0,4.0,3.8333330154418945,3.8333330154418945,3.776806354522705,138300
1997-11-14,4.0,4.0,3.7916669845581055,3.7916669845581055,3.73575496673584,77100
1997-11-17,3.9166669845581055,4.0,3.7916669845581055,3.9166669845581055,3.8589115142822266,183900
1997-11-18,3.9791669845581055,3.9791669845581055,3.7916669845581055,3.7916669845581055,3.73575496673584,29700
1997-11-19,3.7916669845581055,3.7916669845581055,3.7916669845581055,3.7916669845581055,3.73575496673584,300
1997-11-20,3.7916669845581055,3.7916669845581055,3.75,3.75,3.694701910018921,45300
1997-11-21,3.75,3.8333330154418945,3.75,3.8125,3.7562806606292725,45600
1997-11-24,3.8854169845581055,3.8958330154418945,3.7916669845581055,3.8854169845581055,3.828122138977051,31500
1997-11-25,3.9791669845581055,3.9791669845581055,3.7916669845581055,3.8333330154418945,3.776806354522705,48600
1997-11-26,3.7916669845581055,3.8333330154418945,3.7083330154418945,3.7083330154418945,3.6536498069763184,38400
1997-11-28,3.6666669845581055,3.6666669845581055,3.6666669845581055,3.6666669845581055,3.612598419189453,4200
1997-12-01,3.6666669845581055,3.9583330154418945,3.6666669845581055,3.9166669845581055,3.8589115142822266,111900
1997-12-02,3.9166669845581055,4.1666669845581055,3.9166669845581055,4.1666669845581055,4.105225563049316,147900
1997-12-03,4.0,4.1666669845581055,4.0,4.1041669845581055,4.043645858764648,64200
1997-12-04,4.0,4.1666669845581055,4.0,4.0833330154418945,4.023119926452637,64500
1997-12-05,4.0416669845581055,4.3333330154418945,4.0416669845581055,4.1666669845581055,4.105225563049316,174900
1997-12-08,4.3333330154418945,4.3333330154418945,4.0833330154418945,4.2916669845581055,4.228381633758545,117300
1997-12-09,4.25,4.25,4.0833330154418945,4.1666669845581055,4.105225563049316,41700
1997-12-10,4.1666669845581055,4.2083330154418945,4.0416669845581055,4.125,4.064172267913818,57900
1997-12-11,4.0,4.0833330154418945,3.9166669845581055,3.9583330154418945,3.899963140487671,83700
1997-12-12,3.9166669845581055,4.0,3.875,3.875,3.817858934402466,84900
1997-12-15,4.0416669845581055,4.0416669845581055,3.8333330154418945,3.875,3.817858934402466,66000
1997-12-16,3.8333330154418945,3.9166669845581055,3.7916669845581055,3.9166669845581055,3.8589115142822266,42600
1997-12-17,3.7916669845581055,3.7916669845581055,3.7916669845581055,3.7916669845581055,3.73575496673584,21900
1997-12-18,3.8020830154418945,3.8020830154418945,3.75,3.7916669845581055,3.73575496673584,16800
1997-12-19,3.75,3.9166669845581055,3.75,3.9166669845581055,3.8589115142822266,114600
1997-12-22,3.9583330154418945,4.0,3.8333330154418945,3.8333330154418945,3.776806354522705,122700
1997-12-23,3.7916669845581055,3.9166669845581055,3.7916669845581055,3.875,3.817858934402466,15000
1997-12-24,3.875,4.0,3.7916669845581055,4.0,3.9410157203674316,61200
1997-12-26,3.8333330154418945,3.9166669845581055,3.7916669845581055,3.9166669845581055,3.8589115142822266,19800
1997-12-29,3.7916669845581055,3.875,3.75,3.75,3.694701910018921,51900
1997-12-30,3.875,3.875,3.75,3.75,3.694701910018921,21000
1997-12-31,3.8333330154418945,3.875,3.75,3.875,3.817858934402466,30900
1998-01-02,3.75,3.7916669845581055,3.75,3.7916669845581055,3.73575496673584,7500
1998-01-05,3.7916669845581055,3.8333330154418945,3.75,3.75,3.694701910018921,36000
1998-01-06,3.75,3.8333330154418945,3.75,3.75,3.694701910018921,31500
1998-01-07,3.75,3.75,3.7083330154418945,3.7083330154418945,3.6536498069763184,37200
1998-01-08,3.75,3.75,3.7083330154418945,3.7083330154418945,3.6536498069763184,6300
1998-01-09,3.7083330154418945,3.7083330154418945,3.5833330154418945,3.5833330154418945,3.5304930210113525,33600
1998-01-12,3.4583330154418945,3.4895830154418945,3.4166669845581055,3.4166669845581055,3.3662843704223633,78300
1998-01-13,3.4166669845581055,3.4583330154418945,3.3333330154418945,3.3333330154418945,3.284179449081421,69000
1998-01-14,3.3541669845581055,3.4166669845581055,3.3333330154418945,3.3958330154418945,3.3457579612731934,86700
1998-01-15,3.3333330154418945,3.3333330154418945,3.2916669845581055,3.3333330154418945,3.284179449081421,4800
1998-01-16,3.2916669845581055,3.4583330154418945,3.2916669845581055,3.3333330154418945,3.284179449081421,133800
1998-01-20,3.3333330154418945,3.4583330154418945,3.3333330154418945,3.3333330154418945,3.284179449081421,142200
1998-01-21,3.3958330154418945,3.3958330154418945,3.2916669845581055,3.3541669845581055,3.304706335067749,136800
1998-01-22,3.375,3.4583330154418945,3.375,3.3958330154418945,3.3457579612731934,129600
1998-01-23,3.4166669845581055,3.5416669845581055,3.4166669845581055,3.5,3.4483888149261475,145500
1998-01-26,3.5,3.5,3.375,3.4166669845581055,3.3662843704223633,20700
1998-01-27,3.5416669845581055,3.6666669845581055,3.5416669845581055,3.6666669845581055,3.612598419189453,57900
1998-01-28,3.6666669845581055,3.9166669845581055,3.6666669845581055,3.9166669845581055,3.8589115142822266,42300
1998-01-29,3.9166669845581055,3.9166669845581055,3.3333330154418945,3.3333330154418945,3.284179449081421,313500
1998-01-30,3.3333330154418945,3.5833330154418945,3.2916669845581055,3.5833330154418945,3.5304930210113525,239400
1998-02-02,3.6666669845581055,3.7083330154418945,3.5,3.5,3.4483888149261475,9600
1998-02-03,3.5416669845581055,3.6041669845581055,3.5416669845581055,3.6041669845581055,3.5510194301605225,129600
1998-02-04,3.6666669845581055,3.7083330154418945,3.5833330154418945,3.6666669845581055,3.612598419189453,148500
1998-02-05,3.7083330154418945,3.7083330154418945,3.5416669845581055,3.625,3.571545362472534,30300
1998-02-06,3.5833330154418945,3.625,3.5833330154418945,3.5833330154418945,3.5304930210113525,261600
1998-02-09,3.5833330154418945,3.6666669845581055,3.4583330154418945,3.5833330154418945,3.5304930210113525,101100
1998-02-10,3.5833330154418945,3.6041669845581055,3.4166669845581055,3.4583330154418945,3.4073362350463867,120900
1998-02-11,3.4270830154418945,3.5416669845581055,3.4166669845581055,3.4583330154418945,3.4073362350463867,26100
1998-02-12,3.5208330154418945,3.5833330154418945,3.4583330154418945,3.5,3.4483888149261475,32700
1998-02-13,3.5,3.625,3.5,3.625,3.571545362472534,68100
1998-02-17,3.5,3.5416669845581055,3.4583330154418945,3.4583330154418945,3.4073362350463867,40200
1998-02-18,3.4583330154418945,3.5,3.4583330154418945,3.4791669845581055,3.4278628826141357,45000
1998-02-19,3.4583330154418945,3.4583330154418945,3.4166669845581055,3.4166669845581055,3.3662843704223633,9300
1998-02-20,3.4583330154418945,3.4583330154418945,3.4166669845581055,3.4166669845581055,3.3662843704223633,326700
1998-02-23,3.4166669845581055,3.5,3.4166669845581055,3.4166669845581055,3.3662843704223633,442800
1998-02-24,3.4375,3.5,3.4166669845581055,3.5,3.4483888149261475,101700
1998-02-25,3.5,3.5,3.4583330154418945,3.4583330154418945,3.4073362350463867,19200
1998-02-26,3.4583330154418945,3.5416669845581055,3.4583330154418945,3.4583330154418945,3.4073362350463867,30300
1998-02-27,3.4583330154418945,3.4791669845581055,3.4166669845581055,3.4166669845581055,3.3662843704223633,10500
1998-03-02,3.4166669845581055,3.5,3.4166669845581055,3.4375,3.386810064315796,146400
1998-03-03,3.5,3.5,3.4375,3.5,3.4483888149261475,51000
1998-03-04,3.4375,3.4791669845581055,3.4375,3.4791669845581055,3.4278628826141357,38400
1998-03-05,3.4375,3.5,3.4375,3.5,3.4483888149261475,98700
1998-03-06,3.4375,3.6666669845581055,3.4375,3.6666669845581055,3.612598419189453,141900
1998-03-09,3.5833330154418945,3.625,3.5833330154418945,3.625,3.571545362472534,83700
1998-03-10,3.5833330154418945,3.7083330154418945,3.5833330154418945,3.625,3.571545362472534,62400
1998-03-11,3.6666669845581055,3.6666669845581055,3.5833330154418945,3.5833330154418945,3.5304930210113525,1200
1998-03-12,3.6041669845581055,3.6666669845581055,3.6041669845581055,3.625,3.571545362472534,7800
1998-03-13,3.6458330154418945,3.6666669845581055,3.6458330154418945,3.6666669845581055,3.612598419189453,50100
1998-03-16,3.6875,3.75,3.6666669845581055,3.7083330154418945,3.6536498069763184,152400
1998-03-17,3.75,3.75,3.7083330154418945,3.7291669845581055,3.6741762161254883,37500
1998-03-18,3.75,3.7708330154418945,3.7083330154418945,3.7708330154418945,3.7152278423309326,130500
1998-03-19,3.7083330154418945,3.8333330154418945,3.7083330154418945,3.75,3.694701910018921,193200
1998-03-20,3.7083330154418945,3.75,3.7083330154418945,3.7291669845581055,3.6741762161254883,102600
1998-03-23,3.8333330154418945,3.8333330154418945,3.8333330154418945,3.8333330154418945,3.776806354522705,6300
1998-03-24,3.7291669845581055,3.8541669845581055,3.7291669845581055,3.8333330154418945,3.776806354522705,174600
1998-03-25,3.8541669845581055,3.9166669845581055,3.8125,3.8333330154418945,3.776806354522705,49500
1998-03-26,3.7916669845581055,4.0416669845581055,3.7916669845581055,4.0,3.9410157203674316,138900
1998-03-27,3.8333330154418945,3.9583330154418945,3.8333330154418945,3.9583330154418945,3.899963140487671,129000
1998-03-30,3.875,3.875,3.875,3.875,3.817858934402466,3000
1998-03-31,4.0416669845581055,4.0416669845581055,3.9583330154418945,3.9583330154418945,3.899963140487671,10800
1998-04-01,3.9166669845581055,3.9166669845581055,3.875,3.875,3.817858934402466,25500
1998-04-02,3.875,4.0,3.8333330154418945,3.875,3.817858934402466,56400
1998-04-03,3.875,3.9166669845581055,3.875,3.875,3.817858934402466,166800
1998-04-06,3.8958330154418945,3.8958330154418945,3.8333330154418945,3.8958330154418945,3.8383848667144775,13500
1998-04-07,3.8125,3.875,3.8125,3.8541669845581055,3.797333240509033,16500
1998-04-08,3.8333330154418945,3.875,3.7916669845581055,3.8333330154418945,3.776806354522705,155400
1998-04-09,3.7708330154418945,3.7916669845581055,3.75,3.7916669845581055,3.73575496673584,31500
1998-04-13,3.7916669845581055,3.7916669845581055,3.7916669845581055,3.7916669845581055,3.73575496673584,22200
1998-04-14,3.7916669845581055,3.8125,3.75,3.7708330154418945,3.7152278423309326,70200
1998-04-15,3.8541669845581055,3.875,3.75,3.8333330154418945,3.776806354522705,47400
1998-04-16,3.7083330154418945,3.7708330154418945,3.6666669845581055,3.75,3.694701910018921,81000
1998-04-17,3.75,3.7916669845581055,3.6666669845581055,3.7916669845581055,3.73575496673584,39000
1998-04-20,3.6666669845581055,3.7083330154418945,3.6666669845581055,3.7083330154418945,3.6536498069763184,111000
1998-04-21,3.75,3.7708330154418945,3.6666669845581055,3.75,3.694701910018921,198000
1998-04-22,3.75,3.7916669845581055,3.7291669845581055,3.7916669845581055,3.73575496673584,99300
1998-04-23,3.75,3.875,3.75,3.8541669845581055,3.797333240509033,231900
1998-04-24,3.9166669845581055,4.125,3.8333330154418945,4.125,4.064172267913818,236400
1998-04-27,3.875,4.0,3.7916669845581055,3.8333330154418945,3.776806354522705,13500
1998-04-28,3.875,3.9166669845581055,3.8333330154418945,3.9166669845581055,3.8589115142822266,32100
1998-04-29,3.8333330154418945,4.0833330154418945,3.7916669845581055,3.9375,3.879437208175659,139200
1998-04-30,4.0,4.0,3.9375,3.9583330154418945,3.899963140487671,20100
1998-05-01,3.9166669845581055,3.9375,3.7083330154418945,3.7916669845581055,3.73575496673584,479100
1998-05-04,3.75,3.9166669845581055,3.75,3.84375,3.787069797515869,255600
1998-05-05,3.7708330154418945,3.8333330154418945,3.7708330154418945,3.8125,3.7562806606292725,66600
1998-05-06,3.8125,3.8958330154418945,3.7916669845581055,3.8541669845581055,3.797333240509033,112500
1998-05-07,3.8958330154418945,3.9583330154418945,3.8333330154418945,3.9166669845581055,3.8589115142822266,107700
1998-05-08,3.8541669845581055,3.9166669845581055,3.8541669845581055,3.8541669845581055,3.797333240509033,43200
1998-05-11,3.8333330154418945,3.9166669845581055,3.7916669845581055,3.7916669845581055,3.73575496673584,93300
1998-05-12,3.7916669845581055,3.7916669845581055,3.6666669845581055,3.7708330154418945,3.7152278423309326,196200
1998-05-13,3.75,3.75,3.7083330154418945,3.7083330154418945,3.6536498069763184,44100
1998-05-14,3.75,3.7916669845581055,3.7083330154418945,3.7083330154418945,3.6536498069763184,82500
1998-05-15,3.6666669845581055,3.7916669845581055,3.6666669845581055,3.7708330154418945,3.7152278423309326,315300
1998-05-18,3.7083330154418945,3.7708330154418945,3.625,3.7083330154418945,3.6536498069763184,241500
1998-05-19,3.7083330154418945,3.7291669845581055,3.6666669845581055,3.7083330154418945,3.6536498069763184,69000
1998-05-20,3.7083330154418945,3.75,3.7083330154418945,3.7291669845581055,3.6741762161254883,55800
1998-05-21,3.7083330154418945,3.75,3.625,3.625,3.571545362472534,191100
1998-05-22,3.625,3.6666669845581055,3.625,3.6666669845581055,3.612598419189453,13200
1998-05-26,3.625,3.6458330154418945,3.625,3.625,3.571545362472534,96900
1998-05-27,3.625,3.625,3.4166669845581055,3.4166669845581055,3.3662843704223633,46200
1998-05-28,3.5833330154418945,3.6041669845581055,3.5,3.6041669845581055,3.5510194301605225,187500
1998-05-29,3.6041669845581055,3.6041669845581055,3.5416669845581055,3.5833330154418945,3.5304930210113525,12900
1998-06-01,3.6458330154418945,3.6666669845581055,3.5416669845581055,3.5416669845581055,3.489441156387329,6300
1998-06-02,3.5416669845581055,3.5416669845581055,3.5,3.5208330154418945,3.46891450881958,27900
1998-06-03,3.5,3.625,3.5,3.5833330154418945,3.5304930210113525,63000
1998-06-04,3.5833330154418945,3.625,3.5625,3.5625,3.509967088699341,224100
1998-06-05,3.7083330154418945,3.7916669845581055,3.6666669845581055,3.75,3.694701910018921,77400
1998-06-08,3.6666669845581055,3.6666669845581055,3.6666669845581055,3.6666669845581055,3.612598419189453,6000
1998-06-09,3.75,3.75,3.5416669845581055,3.5416669845581055,3.489441156387329,63300
1998-06-10,3.6458330154418945,3.7083330154418945,3.5416669845581055,3.6666669845581055,3.612598419189453,102600
1998-06-11,3.625,3.6666669845581055,3.5416669845581055,3.5416669845581055,3.489441156387329,19800
1998-06-12,3.5833330154418945,3.625,3.5416669845581055,3.5416669845581055,3.489441156387329,201000
1998-06-15,3.5416669845581055,3.625,3.5,3.5,3.4483888149261475,27600
1998-06-16,3.5833330154418945,3.6666669845581055,3.5,3.6041669845581055,3.5510194301605225,96600
1998-06-17,3.5625,3.7916669845581055,3.5625,3.7916669845581055,3.73575496673584,32100
1998-06-18,3.7916669845581055,3.7916669845581055,3.5885419845581055,3.7083330154418945,3.6536498069763184,50100
1998-06-19,3.625,3.6875,3.625,3.6875,3.6331238746643066,18600
1998-06-22,3.625,3.625,3.625,3.625,3.571545362472534,900
1998-06-23,3.5833330154418945,3.5833330154418945,3.5833330154418945,3.5833330154418945,3.5304930210113525,4500
1998-06-24,3.625,3.625,3.5,3.5416669845581055,3.489441156387329,8700
1998-06-25,3.5833330154418945,3.5833330154418945,3.5833330154418945,3.5833330154418945,3.5304930210113525,6000
1998-06-26,3.625,3.7083330154418945,3.625,3.7083330154418945,3.6536498069763184,37200
1998-06-29,3.625,3.625,3.5833330154418945,3.5833330154418945,3.5304930210113525,42600
1998-06-30,3.6458330154418945,3.6458330154418945,3.6458330154418945,3.6458330154418945,3.592071294784546,12000
1998-07-01,3.6458330154418945,3.6458330154418945,3.6458330154418945,3.6458330154418945,3.592071294784546,9300
1998-07-02,3.5416669845581055,3.6666669845581055,3.5416669845581055,3.6666669845581055,3.612598419189453,46500
1998-07-06,3.6666669845581055,3.6666669845581055,3.625,3.625,3.571545362472534,6600
1998-07-07,3.6666669845581055,3.6666669845581055,3.625,3.6458330154418945,3.592071294784546,52200
1998-07-08,3.6666669845581055,3.6875,3.625,3.6875,3.6331238746643066,33300
1998-07-09,3.6458330154418945,3.75,3.6458330154418945,3.75,3.694701910018921,47400
1998-07-10,3.75,3.8333330154418945,3.6666669845581055,3.75,3.694701910018921,70200
1998-07-13,3.75,3.75,3.7083330154418945,3.7083330154418945,3.6536498069763184,24900
1998-07-14,3.6666669845581055,3.8333330154418945,3.6666669845581055,3.8333330154418945,3.776806354522705,9300
1998-07-15,3.7916669845581055,3.7916669845581055,3.6666669845581055,3.7291669845581055,3.6741762161254883,27000
1998-07-16,3.6875,3.6875,3.5625,3.5625,3.509967088699341,21900
1998-07-17,3.625,3.625,3.625,3.625,3.571545362472534,300
1998-07-20,3.6666669845581055,3.7083330154418945,3.6458330154418945,3.6666669845581055,3.612598419189453,365400
1998-07-21,3.6666669845581055,4.0,3.6666669845581055,4.0,3.9410157203674316,106500
1998-07-22,3.8541669845581055,3.875,3.7916669845581055,3.7916669845581055,3.73575496673584,52800
1998-07-23,3.7916669845581055,3.9166669845581055,3.7291669845581055,3.7916669845581055,3.73575496673584,35700
1998-07-24,3.7916669845581055,3.8541669845581055,3.7916669845581055,3.8541669845581055,3.797333240509033,12300
1998-07-27,3.875,3.9583330154418945,3.8125,3.875,3.817858934402466,22800
1998-07-28,3.9583330154418945,3.9583330154418945,3.7916669845581055,3.7916669845581055,3.73575496673584,164100
1998-07-29,3.7916669845581055,3.8541669845581055,3.5,3.5,3.4483888149261475,109800
1998-07-30,3.5833330154418945,3.5833330154418945,3.2291669845581055,3.2916669845581055,3.2431275844573975,108600
1998-07-31,3.25,3.2916669845581055,3.1666669845581055,3.25,3.2020750045776367,79200
1998-08-03,3.1666669845581055,3.1666669845581055,2.75,3.0208330154418945,2.976287841796875,389700
1998-08-04,2.9166669845581055,2.9166669845581055,2.7916669845581055,2.8125,2.771026611328125,133800
1998-08-05,2.7916669845581055,3.0833330154418945,2.7916669845581055,2.9166669845581055,2.873657703399658,45300
1998-08-06,3.0,3.0833330154418945,2.9166669845581055,3.0,2.955761671066284,99600
1998-08-07,3.0,3.0416669845581055,3.0,3.0,2.9597079753875732,126900
1998-08-10,3.0,3.0,3.0,3.0,2.9597079753875732,8100
1998-08-11,2.9583330154418945,3.0,2.8333330154418945,3.0,2.9597079753875732,39300
1998-08-12,2.875,2.9166669845581055,2.875,2.875,2.8363869190216064,41400
1998-08-13,2.8333330154418945,2.8333330154418945,2.7916669845581055,2.7916669845581055,2.7541728019714355,152400
1998-08-14,2.875,2.875,2.75,2.75,2.7130658626556396,94800
1998-08-17,2.7083330154418945,2.7916669845581055,2.7083330154418945,2.7395830154418945,2.7027885913848877,20100
1998-08-18,2.7916669845581055,2.875,2.75,2.7916669845581055,2.7541728019714355,243600
1998-08-19,2.7916669845581055,2.7916669845581055,2.6979169845581055,2.7083330154418945,2.6719586849212646,48000
1998-08-20,2.8333330154418945,2.8333330154418945,2.75,2.7916669845581055,2.7541728019714355,5700
1998-08-21,2.7916669845581055,2.7916669845581055,2.7083330154418945,2.7083330154418945,2.6719586849212646,42300
1998-08-24,2.6979169845581055,2.8333330154418945,2.6979169845581055,2.75,2.7130658626556396,364500
1998-08-25,2.7083330154418945,2.8125,2.7083330154418945,2.8125,2.774726390838623,10800
1998-08-26,2.7708330154418945,2.7708330154418945,2.7083330154418945,2.7083330154418945,2.6719586849212646,38400
1998-08-27,2.6666669845581055,2.6979169845581055,2.5833330154418945,2.5833330154418945,2.5486371517181396,74400
1998-08-28,2.6666669845581055,2.6666669845581055,2.4166669845581055,2.5208330154418945,2.4869766235351562,161400
1998-08-31,2.5,2.5,2.25,2.2916669845581055,2.2608885765075684,92700
1998-09-01,2.4375,2.5,2.375,2.5,2.466423511505127,32400
1998-09-02,2.5416669845581055,2.5416669845581055,2.5,2.5416669845581055,2.507530927658081,36300
1998-09-03,2.6666669845581055,2.6666669845581055,2.5,2.5416669845581055,2.507530927658081,78600
1998-09-04,2.5,2.5416669845581055,2.5,2.5416669845581055,2.507530927658081,12300
1998-09-08,2.6979169845581055,2.6979169845581055,2.625,2.6666669845581055,2.630851984024048,21600
1998-09-09,2.5416669845581055,2.5833330154418945,2.5416669845581055,2.5833330154418945,2.5486371517181396,25200
1998-09-10,2.4583330154418945,2.625,2.4583330154418945,2.5833330154418945,2.5486371517181396,86400
1998-09-11,2.5833330154418945,2.7083330154418945,2.5833330154418945,2.6666669845581055,2.630851984024048,53400
1998-09-14,2.6666669845581055,2.6666669845581055,2.5208330154418945,2.6041669845581055,2.5691914558410645,150900
1998-09-15,2.7291669845581055,2.7291669845581055,2.7083330154418945,2.7083330154418945,2.6719586849212646,25500
1998-09-16,2.6041669845581055,2.7708330154418945,2.6041669845581055,2.6875,2.651404857635498,24600
1998-09-17,2.6041669845581055,2.625,2.6041669845581055,2.625,2.5897445678710938,9000
1998-09-18,2.625,2.6666669845581055,2.625,2.6666669845581055,2.630851984024048,21300
1998-09-21,2.75,2.75,2.75,2.75,2.7130658626556396,900
1998-09-22,2.75,2.75,2.7083330154418945,2.7083330154418945,2.6719586849212646,8100
1998-09-23,2.75,2.75,2.75,2.75,2.7130658626556396,3000
1998-09-24,2.75,2.75,2.75,2.75,2.7130658626556396,0
1998-09-25,2.75,2.8333330154418945,2.6666669845581055,2.6666669845581055,2.630851984024048,12300
1998-09-28,2.6666669845581055,2.6666669845581055,2.6666669845581055,2.6666669845581055,2.630851984024048,0
1998-09-29,2.7291669845581055,2.7291669845581055,2.7291669845581055,2.7291669845581055,2.6925127506256104,900
1998-09-30,2.6875,2.7291669845581055,2.6875,2.7291669845581055,2.6925127506256104,900
1998-10-01,2.6875,2.7291669845581055,2.6875,2.6875,2.651404857635498,4500
1998-10-02,2.6875,2.75,2.6875,2.734375,2.697650671005249,16800
1998-10-05,2.6666669845581055,2.8333330154418945,2.6666669845581055,2.7083330154418945,2.6719586849212646,112500
1998-10-06,2.7708330154418945,2.7708330154418945,2.625,2.6458330154418945,2.610297679901123,30000
1998-10-07,2.65625,2.6875,2.6041669845581055,2.6041669845581055,2.5691914558410645,93600
1998-10-08,2.5833330154418945,2.8333330154418945,2.4375,2.7083330154418945,2.6719586849212646,52800
1998-10-09,2.7083330154418945,2.7083330154418945,2.6666669845581055,2.7083330154418945,2.6719586849212646,71400
1998-10-12,2.7083330154418945,2.9583330154418945,2.6666669845581055,2.9166669845581055,2.8774945735931396,104400
1998-10-13,2.9166669845581055,2.9375,2.7291669845581055,2.9375,2.898047685623169,179100
1998-10-14,2.875,2.9375,2.875,2.9166669845581055,2.8774945735931396,38400
1998-10-15,2.9166669845581055,3.0416669845581055,2.875,3.0,2.9597079753875732,143100
1998-10-16,3.0,3.0833330154418945,2.9583330154418945,3.0833330154418945,3.041921854019165,65400
1998-10-19,3.0833330154418945,3.0833330154418945,2.9583330154418945,3.0833330154418945,3.041921854019165,10800
1998-10-20,3.0,3.0,3.0,3.0,2.9597079753875732,6900
1998-10-21,3.0833330154418945,3.0833330154418945,3.0,3.0,2.9597079753875732,6900
1998-10-22,3.0,3.1666669845581055,2.875,3.1666669845581055,3.1241366863250732,47700
1998-10-23,3.2083330154418945,3.2083330154418945,3.0833330154418945,3.2083330154418945,3.165243148803711,12300
1998-10-26,3.1875,3.2291669845581055,3.1875,3.2291669845581055,3.1857972145080566,38100
1998-10-27,3.1666669845581055,3.2916669845581055,3.125,3.125,3.083029270172119,10500
1998-10-28,3.25,3.25,3.25,3.25,3.206350564956665,1200
1998-10-29,3.25,3.25,3.25,3.25,3.206350564956665,1200
1998-10-30,3.1666669845581055,3.1666669845581055,3.0833330154418945,3.0833330154418945,3.041921854019165,14100
1998-11-02,3.1666669845581055,3.1666669845581055,3.0833330154418945,3.0833330154418945,3.041921854019165,4200
1998-11-03,3.1666669845581055,3.1666669845581055,3.1666669845581055,3.1666669845581055,3.1241366863250732,1200
1998-11-04,3.0833330154418945,3.1666669845581055,3.0833330154418945,3.0833330154418945,3.041921854019165,1200
1998-11-05,3.1666669845581055,3.1666669845581055,3.125,3.1666669845581055,3.1241366863250732,61500
1998-11-06,3.1666669845581055,3.25,3.125,3.1666669845581055,3.1241366863250732,69000
1998-11-09,3.25,3.25,3.1875,3.1875,3.1446900367736816,7200
1998-11-10,3.1041669845581055,3.2083330154418945,3.0,3.0,2.9597079753875732,55500
1998-11-11,3.1666669845581055,3.1666669845581055,2.6875,2.6875,2.651404857635498,12000
1998-11-12,2.9166669845581055,2.9166669845581055,2.6875,2.7708330154418945,2.733618974685669,13800
1998-11-13,2.9166669845581055,2.9166669845581055,2.75,2.75,2.7130658626556396,8700
1998-11-16,2.8333330154418945,2.8333330154418945,2.8333330154418945,2.8333330154418945,2.7952797412872314,18900
1998-11-17,2.7083330154418945,3.1666669845581055,2.7083330154418945,3.1666669845581055,3.1241366863250732,17700
1998-11-18,3.0833330154418945,3.0833330154418945,3.0,3.0,2.9597079753875732,37800
1998-11-19,3.0,3.0,2.9166669845581055,2.9166669845581055,2.8774945735931396,5100
1998-11-20,2.9166669845581055,2.9166669845581055,2.8333330154418945,2.8333330154418945,2.7991185188293457,14100
1998-11-23,2.9583330154418945,2.9583330154418945,2.5416669845581055,2.7291669845581055,2.6962103843688965,33000
1998-11-24,2.7916669845581055,2.7916669845581055,2.5,2.5416669845581055,2.510974407196045,8400
1998-11-25,2.75,2.75,2.3333330154418945,2.4583330154418945,2.4286465644836426,53700
1998-11-27,2.4583330154418945,2.4583330154418945,2.4583330154418945,2.4583330154418945,2.4286465644836426,19500
1998-11-30,2.5,2.5416669845581055,2.4375,2.5,2.469810724258423,12900
1998-12-01,2.5,2.5833330154418945,2.5,2.5833330154418945,2.5521373748779297,14700
1998-12-02,2.5833330154418945,2.7083330154418945,2.5833330154418945,2.5833330154418945,2.5521373748779297,50400
1998-12-03,2.6666669845581055,2.75,2.5833330154418945,2.5833330154418945,2.5521373748779297,7500
1998-12-04,2.7083330154418945,2.75,2.6666669845581055,2.7083330154418945,2.6756279468536377,186600
1998-12-07,2.6666669845581055,2.75,2.6666669845581055,2.7083330154418945,2.6756279468536377,138000
1998-12-08,2.75,2.75,2.6666669845581055,2.6875,2.655046224594116,75300
1998-12-09,2.6666669845581055,2.75,2.6666669845581055,2.75,2.7167916297912598,31200
1998-12-10,2.75,2.75,2.75,2.75,2.7167916297912598,600
1998-12-11,2.8333330154418945,2.8333330154418945,2.7083330154418945,2.75,2.7167916297912598,37800
1998-12-14,2.6875,2.6875,2.6875,2.6875,2.655046224594116,3600
1998-12-15,2.6666669845581055,2.6666669845581055,2.6666669845581055,2.6666669845581055,2.634465217590332,20400
1998-12-16,2.7083330154418945,2.7083330154418945,2.6666669845581055,2.7083330154418945,2.6756279468536377,171900
1998-12-17,2.6666669845581055,2.6875,2.6666669845581055,2.6875,2.655046224594116,18000
1998-12-18,2.6875,2.6875,2.6666669845581055,2.6875,2.655046224594116,83700
1998-12-21,2.7083330154418945,2.7916669845581055,2.6875,2.6875,2.655046224594116,60000
1998-12-22,2.7083330154418945,2.75,2.6875,2.6875,2.655046224594116,42900
1998-12-23,2.6875,2.7291669845581055,2.6875,2.7083330154418945,2.6756279468536377,40500
1998-12-24,2.7083330154418945,2.7083330154418945,2.7083330154418945,2.7083330154418945,2.6756279468536377,3300
1998-12-28,2.7083330154418945,2.75,2.6875,2.7291669845581055,2.6962103843688965,134100
1998-12-29,2.7083330154418945,2.7083330154418945,2.7083330154418945,2.7083330154418945,2.6756279468536377,8100
1998-12-30,2.7291669845581055,2.75,2.7291669845581055,2.7291669845581055,2.6962103843688965,59100
1998-12-31,2.75,2.7916669845581055,2.7291669845581055,2.7916669845581055,2.757955312728882,58800
1999-01-04,2.7916669845581055,2.8333330154418945,2.7083330154418945,2.75,2.7167916297912598,227700
1999-01-05,2.7916669845581055,2.7916669845581055,2.7083330154418945,2.75,2.7167916297912598,49800
1999-01-06,2.7916669845581055,2.7916669845581055,2.7083330154418945,2.7291669845581055,2.6962103843688965,23700
1999-01-07,2.75,2.75,2.75,2.75,2.7167916297912598,3300
1999-01-08,2.7916669845581055,2.8333330154418945,2.7708330154418945,2.7708330154418945,2.737373113632202,74400
1999-01-11,2.7708330154418945,2.7916669845581055,2.7708330154418945,2.7708330154418945,2.737373113632202,13200
1999-01-12,2.8333330154418945,2.8333330154418945,2.7708330154418945,2.8333330154418945,2.7991185188293457,15600
1999-01-13,2.7916669845581055,2.7916669845581055,2.75,2.75,2.7167916297912598,10200
1999-01-14,2.7083330154418945,2.7083330154418945,2.7083330154418945,2.7083330154418945,2.6756279468536377,1500
1999-01-15,2.8333330154418945,2.8333330154418945,2.7291669845581055,2.75,2.7167916297912598,17700
1999-01-19,2.7083330154418945,2.75,2.6666669845581055,2.6666669845581055,2.634465217590332,50700
1999-01-20,2.7916669845581055,2.7916669845581055,2.7083330154418945,2.7083330154418945,2.6756279468536377,20100
1999-01-21,2.7291669845581055,2.75,2.7083330154418945,2.75,2.7167916297912598,12600
1999-01-22,2.7291669845581055,2.7708330154418945,2.7291669845581055,2.7291669845581055,2.6962103843688965,28200
1999-01-25,2.7291669845581055,2.7916669845581055,2.7291669845581055,2.7916669845581055,2.757955312728882,77700
1999-01-26,2.6666669845581055,2.7708330154418945,2.6666669845581055,2.7708330154418945,2.737373113632202,105000
1999-01-27,2.7291669845581055,2.7916669845581055,2.7291669845581055,2.7916669845581055,2.757955312728882,31800
1999-01-28,2.75,2.9166669845581055,2.75,2.7916669845581055,2.757955312728882,11400
1999-01-29,2.75,2.8333330154418945,2.75,2.8333330154418945,2.7991185188293457,15300
1999-02-01,2.75,2.75,2.7083330154418945,2.75,2.7167916297912598,33000
1999-02-02,2.7708330154418945,2.7916669845581055,2.7083330154418945,2.75,2.7167916297912598,62100
1999-02-03,2.75,2.8125,2.7083330154418945,2.7708330154418945,2.737373113632202,135900
1999-02-04,2.75,2.7708330154418945,2.7083330154418945,2.7708330154418945,2.737373113632202,27900
1999-02-05,2.75,2.75,2.75,2.75,2.720719337463379,23100
1999-02-08,2.75,2.7708330154418945,2.4375,2.5625,2.5352158546447754,183900
1999-02-09,2.625,2.625,2.5833330154418945,2.625,2.597050189971924,22200
1999-02-10,2.5833330154418945,2.7083330154418945,2.5833330154418945,2.6666669845581055,2.6382737159729004,14700
1999-02-11,2.6458330154418945,2.6458330154418945,2.6458330154418945,2.6458330154418945,2.617661476135254,18900
1999-02-12,2.5833330154418945,2.5833330154418945,2.5833330154418945,2.5833330154418945,2.5558269023895264,300
1999-02-16,2.6666669845581055,2.6666669845581055,2.5833330154418945,2.6666669845581055,2.6382737159729004,1800
1999-02-17,2.5833330154418945,2.625,2.5833330154418945,2.5833330154418945,2.5558269023895264,13800
1999-02-18,2.6666669845581055,2.7083330154418945,2.5833330154418945,2.6041669845581055,2.576439142227173,32400
1999-02-19,2.5833330154418945,2.5833330154418945,2.5833330154418945,2.5833330154418945,2.5558269023895264,19200
1999-02-22,2.5833330154418945,2.75,2.5833330154418945,2.5833330154418945,2.5558269023895264,66600
1999-02-23,2.6666669845581055,2.6666669845581055,2.5833330154418945,2.5833330154418945,2.5558269023895264,66600
1999-02-24,2.5416669845581055,2.6666669845581055,2.5,2.6666669845581055,2.6382737159729004,89400
1999-02-25,2.6666669845581055,2.6666669845581055,2.625,2.6354169845581055,2.607356309890747,72900
1999-02-26,2.625,2.625,2.4583330154418945,2.4791669845581055,2.4527699947357178,177300
1999-03-01,2.4791669845581055,2.625,2.4791669845581055,2.5416669845581055,2.5146045684814453,58200
1999-03-02,2.5833330154418945,2.7083330154418945,2.5833330154418945,2.625,2.597050189971924,48000
1999-03-03,2.625,2.625,2.5833330154418945,2.5833330154418945,2.5558269023895264,6600
1999-03-04,2.5625,2.5833330154418945,2.5625,2.5833330154418945,2.5558269023895264,900
1999-03-05,2.5625,2.5625,2.5625,2.5625,2.5352158546447754,1500
1999-03-08,2.5625,2.6666669845581055,2.5625,2.6666669845581055,2.6382737159729004,36900
1999-03-09,2.6666669845581055,2.7083330154418945,2.6666669845581055,2.6666669845581055,2.6382737159729004,28500
1999-03-10,2.625,2.7083330154418945,2.625,2.6666669845581055,2.6382737159729004,92700
1999-03-11,2.5416669845581055,2.7291669845581055,2.5416669845581055,2.5833330154418945,2.5558269023895264,87300
1999-03-12,2.5416669845581055,2.6041669845581055,2.5416669845581055,2.6041669845581055,2.576439142227173,3000
1999-03-15,2.5833330154418945,2.5833330154418945,2.5833330154418945,2.5833330154418945,2.5558269023895264,300
1999-03-16,2.625,2.625,2.5833330154418945,2.5833330154418945,2.5558269023895264,35100
1999-03-17,2.5625,2.5833330154418945,2.5416669845581055,2.5833330154418945,2.5558269023895264,54600
1999-03-18,2.5625,2.625,2.5208330154418945,2.6041669845581055,2.576439142227173,37500
1999-03-19,2.5208330154418945,2.7083330154418945,2.5208330154418945,2.6458330154418945,2.617661476135254,23400
1999-03-22,2.6875,2.6875,2.6875,2.6875,2.6588847637176514,3600
1999-03-23,2.5833330154418945,2.5833330154418945,2.5833330154418945,2.5833330154418945,2.5558269023895264,11400
1999-03-24,2.5833330154418945,2.5833330154418945,2.5833330154418945,2.5833330154418945,2.5558269023895264,1200
1999-03-25,2.5833330154418945,2.5833330154418945,2.4583330154418945,2.4583330154418945,2.4321577548980713,76200
1999-03-26,2.4583330154418945,2.5,2.3333330154418945,2.3333330154418945,2.3084888458251953,66600
1999-03-29,2.375,2.4166669845581055,2.2916669845581055,2.3333330154418945,2.3084888458251953,173100
1999-03-30,2.4166669845581055,2.4166669845581055,2.2916669845581055,2.375,2.3497121334075928,241500
1999-03-31,2.3333330154418945,2.3333330154418945,2.25,2.2916669845581055,2.2672665119171143,45000
1999-04-01,2.2604169845581055,2.3125,2.25,2.25,2.2260429859161377,16500
1999-04-05,2.3333330154418945,2.3333330154418945,2.25,2.3333330154418945,2.3084888458251953,48300
1999-04-06,2.3333330154418945,2.4583330154418945,2.3333330154418945,2.375,2.3497121334075928,10800
1999-04-07,2.375,2.4166669845581055,2.2916669845581055,2.3333330154418945,2.3084888458251953,7800
1999-04-08,2.3333330154418945,2.3333330154418945,2.25,2.3020830154418945,2.2775719165802,98400
1999-04-09,2.25,2.3333330154418945,2.25,2.2916669845581055,2.2672665119171143,17400
1999-04-12,2.25,2.25,2.2083330154418945,2.2083330154418945,2.1848199367523193,42600
1999-04-13,2.25,2.25,2.1666669845581055,2.2083330154418945,2.1848199367523193,89700
1999-04-14,2.1666669845581055,2.2083330154418945,2.1666669845581055,2.2083330154418945,2.1848199367523193,7500
1999-04-15,2.2083330154418945,2.2083330154418945,2.1666669845581055,2.1666669845581055,2.14359712600708,4200
1999-04-16,2.2083330154418945,2.3333330154418945,2.1875,2.1875,2.1642088890075684,126300
1999-04-19,2.1666669845581055,2.25,2.1666669845581055,2.1666669845581055,2.14359712600708,5400
1999-04-20,2.25,2.3333330154418945,2.25,2.3333330154418945,2.3084888458251953,9900
1999-04-21,2.3333330154418945,2.3333330154418945,2.25,2.25,2.2260429859161377,14100
1999-04-22,2.2083330154418945,2.2083330154418945,2.2083330154418945,2.2083330154418945,2.1848199367523193,300
1999-04-23,2.2083330154418945,2.4166669845581055,2.2083330154418945,2.4166669845581055,2.3909356594085693,11400
1999-04-26,2.25,2.4583330154418945,2.2083330154418945,2.3333330154418945,2.3084888458251953,14100
1999-04-27,2.4166669845581055,2.4583330154418945,2.25,2.25,2.2260429859161377,69600
1999-04-28,2.3541669845581055,2.3541669845581055,2.25,2.3333330154418945,2.3084888458251953,37800
1999-04-29,2.3333330154418945,2.4375,2.2604169845581055,2.4375,2.4115467071533203,95100
1999-04-30,2.2708330154418945,2.4166669845581055,2.25,2.3333330154418945,2.3084888458251953,14700
1999-05-03,2.4166669845581055,2.4166669845581055,2.3333330154418945,2.3333330154418945,2.3084888458251953,4200
1999-05-04,2.25,2.4166669845581055,2.25,2.375,2.3497121334075928,8700
1999-05-05,2.4166669845581055,2.4583330154418945,2.3958330154418945,2.4166669845581055,2.3909356594085693,7800
1999-05-06,2.4583330154418945,2.4583330154418945,2.4166669845581055,2.4583330154418945,2.4321577548980713,12600
1999-05-07,2.4166669845581055,2.4322919845581055,2.3958330154418945,2.4322919845581055,2.410315990447998,76800
1999-05-10,2.3958330154418945,2.4583330154418945,2.3958330154418945,2.4166669845581055,2.3948323726654053,32400
1999-05-11,2.5,2.5833330154418945,2.4166669845581055,2.5416669845581055,2.518702983856201,43500
1999-05-12,2.5833330154418945,2.625,2.5416669845581055,2.625,2.601283073425293,49800
1999-05-13,2.625,2.6666669845581055,2.5416669845581055,2.5416669845581055,2.518702983856201,117000
1999-05-14,2.5208330154418945,2.5208330154418945,2.4166669845581055,2.4375,2.4154772758483887,130200
1999-05-17,2.3958330154418945,2.4583330154418945,2.3958330154418945,2.4375,2.4154772758483887,28800
1999-05-18,2.4166669845581055,2.4166669845581055,2.4166669845581055,2.4166669845581055,2.3948323726654053,300
1999-05-19,2.4375,2.4375,2.4166669845581055,2.4166669845581055,2.3948323726654053,47700
1999-05-20,2.4166669845581055,2.4479169845581055,2.4166669845581055,2.4479169845581055,2.42579984664917,37800
1999-05-21,2.4479169845581055,2.4791669845581055,2.4375,2.4791669845581055,2.4567675590515137,103800
1999-05-24,2.4375,2.5,2.4375,2.4583330154418945,2.436121702194214,36900
1999-05-25,2.4375,2.5416669845581055,2.4375,2.5416669845581055,2.518702983856201,48300
1999-05-26,2.4375,2.5,2.4375,2.5,2.477412462234497,10800
1999-05-27,2.5,2.5416669845581055,2.4583330154418945,2.4791669845581055,2.4567675590515137,63900
1999-05-28,2.4583330154418945,2.4791669845581055,2.4375,2.4791669845581055,2.4567675590515137,33000
1999-06-01,2.4375,2.4583330154418945,2.4375,2.4479169845581055,2.42579984664917,31500
1999-06-02,2.4375,2.5,2.4375,2.5,2.477412462234497,7800
1999-06-03,2.4375,2.5208330154418945,2.4375,2.4583330154418945,2.436121702194214,129000
1999-06-04,2.5,2.5208330154418945,2.4583330154418945,2.5208330154418945,2.4980571269989014,66000
1999-06-07,2.4583330154418945,2.4583330154418945,2.3958330154418945,2.4583330154418945,2.436121702194214,15900
1999-06-08,2.4375,2.4791669845581055,2.4375,2.4479169845581055,2.42579984664917,165300
1999-06-09,2.4166669845581055,2.4166669845581055,2.3958330154418945,2.4166669845581055,2.3948323726654053,97500
1999-06-10,2.3958330154418945,2.4166669845581055,2.3958330154418945,2.4166669845581055,2.3948323726654053,30300
1999-06-11,2.4166669845581055,2.5,2.375,2.4375,2.4154772758483887,156300
1999-06-14,2.4375,2.4583330154418945,2.4375,2.4375,2.4154772758483887,11100
1999-06-15,2.4375,2.4583330154418945,2.4375,2.4375,2.4154772758483887,102300
1999-06-16,2.4375,2.4583330154418945,2.4375,2.4375,2.4154772758483887,106500
1999-06-17,2.4375,2.4583330154418945,2.4166669845581055,2.4375,2.4154772758483887,186000
1999-06-18,2.4479169845581055,2.4479169845581055,2.4479169845581055,2.4479169845581055,2.42579984664917,45000
1999-06-21,2.4375,2.4479169845581055,2.3958330154418945,2.4270830154418945,2.405154228210449,707400
1999-06-22,2.375,2.4166669845581055,2.375,2.3958330154418945,2.3741865158081055,27000
1999-06-23,2.3958330154418945,2.4166669845581055,2.375,2.4166669845581055,2.3948323726654053,43200
1999-06-24,2.3958330154418945,2.4375,2.375,2.3958330154418945,2.3741865158081055,261600
1999-06-25,2.375,2.4166669845581055,2.375,2.4166669845581055,2.3948323726654053,12600
1999-06-28,2.4166669845581055,2.4375,2.375,2.375,2.353541612625122,681600
1999-06-29,2.375,2.3958330154418945,2.3020830154418945,2.3020830154418945,2.2812836170196533,119100
1999-06-30,2.375,2.375,2.2083330154418945,2.2916669845581055,2.2709617614746094,348000
1999-07-01,2.3177080154418945,2.3333330154418945,2.25,2.25,2.229671001434326,48300
1999-07-02,2.2708330154418945,2.2916669845581055,2.25,2.2916669845581055,2.2709617614746094,87300
1999-07-06,2.2708330154418945,2.2916669845581055,2.25,2.2916669845581055,2.2709617614746094,85200
1999-07-07,2.25,2.2916669845581055,2.25,2.25,2.229671001434326,77100
1999-07-08,2.2291669845581055,2.2291669845581055,2.0625,2.0833330154418945,2.064509868621826,69600
1999-07-09,2.1041669845581055,2.1666669845581055,2.0833330154418945,2.0833330154418945,2.064509868621826,219000
1999-07-12,2.125,2.1666669845581055,2.0833330154418945,2.1666669845581055,2.1470909118652344,13200
1999-07-13,2.1458330154418945,2.1666669845581055,2.125,2.125,2.1058006286621094,7200
1999-07-14,2.1666669845581055,2.1666669845581055,2.125,2.1666669845581055,2.1470909118652344,21600
1999-07-15,2.1041669845581055,2.1458330154418945,2.1041669845581055,2.1458330154418945,2.1264455318450928,52200
1999-07-16,2.1041669845581055,2.1458330154418945,2.1041669845581055,2.125,2.1058006286621094,197100
1999-07-19,2.125,2.2708330154418945,2.125,2.2291669845581055,2.209026336669922,170700
1999-07-20,2.2708330154418945,2.2708330154418945,2.2083330154418945,2.25,2.229671001434326,393900
1999-07-21,2.2708330154418945,2.3125,2.25,2.2916669845581055,2.2709617614746094,344400
1999-07-22,2.2916669845581055,2.3125,2.25,2.25,2.229671001434326,269700
1999-07-23,2.25,2.25,2.125,2.125,2.1058006286621094,120900
1999-07-26,2.1666669845581055,2.2916669845581055,2.125,2.2708330154418945,2.2503159046173096,180600
1999-07-27,2.2083330154418945,2.25,2.1666669845581055,2.1666669845581055,2.1470909118652344,134700
1999-07-28,2.1770830154418945,2.1770830154418945,2.0,2.0,1.981929898262024,570600
1999-07-29,2.0208330154418945,2.0208330154418945,1.9375,2.0208330154418945,2.0025746822357178,209400
1999-07-30,1.9895830154418945,2.0208330154418945,1.9375,1.9583330154418945,1.9406393766403198,185100
1999-08-02,1.9166669845581055,1.9583330154418945,1.8541669845581055,1.9583330154418945,1.9406393766403198,13500
1999-08-03,1.875,1.875,1.7916669845581055,1.7916669845581055,1.7754791975021362,18900
1999-08-04,1.7708330154418945,1.8125,1.75,1.75,1.7341886758804321,16500
1999-08-05,1.75,1.75,1.5833330154418945,1.625,1.6103179454803467,107700
1999-08-06,1.5833330154418945,1.6458330154418945,1.5,1.5625,1.5525225400924683,39900
1999-08-09,1.5833330154418945,1.6666669845581055,1.5,1.6666669845581055,1.6560243368148804,272100
1999-08-10,1.7083330154418945,1.7916669845581055,1.625,1.6666669845581055,1.6560243368148804,298500
1999-08-11,1.6666669845581055,1.75,1.6666669845581055,1.6875,1.6767243146896362,83700
1999-08-12,1.6875,1.75,1.6666669845581055,1.75,1.7388252019882202,124500
1999-08-13,1.7083330154418945,1.7291669845581055,1.7083330154418945,1.7083330154418945,1.697424292564392,44100
1999-08-16,1.7083330154418945,1.8125,1.7083330154418945,1.7916669845581055,1.7802261114120483,54000
1999-08-17,1.8125,1.8125,1.7708330154418945,1.8125,1.8009260892868042,32100
1999-08-18,1.8333330154418945,2.0,1.8125,1.9166669845581055,1.9044278860092163,126600
1999-08-19,1.9166669845581055,1.9375,1.875,1.9375,1.9251278638839722,35400
1999-08-20,1.875,1.9375,1.875,1.9166669845581055,1.9044278860092163,31200
1999-08-23,1.8333330154418945,1.9166669845581055,1.8333330154418945,1.875,1.8630270957946777,118500
1999-08-24,1.8333330154418945,1.875,1.7916669845581055,1.7916669845581055,1.7802261114120483,21900
1999-08-25,1.8541669845581055,1.8541669845581055,1.7708330154418945,1.7708330154418945,1.759525179862976,20400
1999-08-26,1.8333330154418945,1.8333330154418945,1.8333330154418945,1.8333330154418945,1.8216261863708496,9600
1999-08-27,1.75,1.8333330154418945,1.75,1.8125,1.8009260892868042,55500
1999-08-30,1.8333330154418945,1.8333330154418945,1.7291669845581055,1.7291669845581055,1.7181252241134644,57000
1999-08-31,1.7291669845581055,1.75,1.7291669845581055,1.75,1.7388252019882202,17100
1999-09-01,1.7604169845581055,1.9375,1.75,1.7708330154418945,1.759525179862976,120300
1999-09-02,1.75,1.8125,1.7291669845581055,1.8125,1.8009260892868042,52500
1999-09-03,1.7708330154418945,1.8125,1.7708330154418945,1.7916669845581055,1.7802261114120483,32100
1999-09-07,1.8125,1.8125,1.7291669845581055,1.7291669845581055,1.7181252241134644,101700
1999-09-08,1.7291669845581055,1.7291669845581055,1.7291669845581055,1.7291669845581055,1.7181252241134644,20100
1999-09-09,1.7291669845581055,1.75,1.7291669845581055,1.75,1.7388252019882202,153900
1999-09-10,1.7395830154418945,1.7708330154418945,1.7291669845581055,1.75,1.7388252019882202,84300
1999-09-13,1.75,1.7708330154418945,1.7291669845581055,1.7708330154418945,1.759525179862976,83400
1999-09-14,1.7291669845581055,1.75,1.7291669845581055,1.75,1.7388252019882202,18000
1999-09-15,1.7291669845581055,1.75,1.7291669845581055,1.75,1.7388252019882202,17100
1999-09-16,1.7291669845581055,1.7291669845581055,1.7291669845581055,1.7291669845581055,1.7181252241134644,6000
1999-09-17,1.7291669845581055,1.7916669845581055,1.7291669845581055,1.7291669845581055,1.7181252241134644,60300
1999-09-20,1.75,1.75,1.7291669845581055,1.75,1.7388252019882202,102600
1999-09-21,1.7604169845581055,1.7916669845581055,1.7291669845581055,1.7916669845581055,1.7802261114120483,30000
1999-09-22,1.75,1.7916669845581055,1.7291669845581055,1.75,1.7388252019882202,18000
1999-09-23,1.75,1.7916669845581055,1.75,1.75,1.7388252019882202,12900
1999-09-24,1.7916669845581055,1.7916669845581055,1.7291669845581055,1.75,1.7388252019882202,30600
1999-09-27,1.7604169845581055,1.7916669845581055,1.75,1.75,1.7388252019882202,106200
1999-09-28,1.75,1.75,1.75,1.75,1.7388252019882202,42000
1999-09-29,1.7708330154418945,1.7708330154418945,1.7291669845581055,1.7291669845581055,1.7181252241134644,15000
1999-09-30,1.75,1.75,1.6666669845581055,1.75,1.7388252019882202,358500
1999-10-01,1.7291669845581055,1.7708330154418945,1.6875,1.7291669845581055,1.7181252241134644,57600
1999-10-04,1.7083330154418945,1.7916669845581055,1.7083330154418945,1.75,1.7388252019882202,15300
1999-10-05,1.75,1.7708330154418945,1.7291669845581055,1.75,1.7388252019882202,19800
1999-10-06,1.75,1.7708330154418945,1.7291669845581055,1.7291669845581055,1.7181252241134644,240900
1999-10-07,1.75,1.75,1.6875,1.7083330154418945,1.697424292564392,45900
1999-10-08,1.7083330154418945,1.7083330154418945,1.6875,1.6875,1.6767243146896362,8400
1999-10-11,1.6979169845581055,1.7083330154418945,1.6875,1.6875,1.6767243146896362,53700
1999-10-12,1.6875,1.7083330154418945,1.6875,1.6875,1.6767243146896362,17100
1999-10-13,1.7083330154418945,1.7083330154418945,1.7083330154418945,1.7083330154418945,1.697424292564392,3900
1999-10-14,1.6875,1.7083330154418945,1.6875,1.6875,1.6767243146896362,8100
1999-10-15,1.6875,1.7083330154418945,1.6666669845581055,1.6875,1.6767243146896362,11100
1999-10-18,1.6875,1.6875,1.6666669845581055,1.6770830154418945,1.6663738489151,21900
1999-10-19,1.6875,1.7083330154418945,1.6666669845581055,1.6875,1.6767243146896362,47100
1999-10-20,1.7083330154418945,1.7708330154418945,1.7083330154418945,1.7708330154418945,1.759525179862976,16500
1999-10-21,1.75,1.75,1.75,1.75,1.7388252019882202,23100
1999-10-22,1.75,1.75,1.75,1.75,1.7388252019882202,39900
1999-10-25,1.6875,1.6875,1.6875,1.6875,1.6767243146896362,1800
1999-10-26,1.75,1.75,1.6666669845581055,1.6666669845581055,1.6560243368148804,191100
1999-10-27,1.625,1.6666669845581055,1.625,1.625,1.6146234273910522,41400
1999-10-28,1.6666669845581055,1.7083330154418945,1.625,1.625,1.6146234273910522,219300
1999-10-29,1.625,1.6666669845581055,1.625,1.6666669845581055,1.6560243368148804,5400
1999-11-01,1.6666669845581055,1.6875,1.6666669845581055,1.6666669845581055,1.6560243368148804,4500
1999-11-02,1.6666669845581055,1.6666669845581055,1.6666669845581055,1.6666669845581055,1.6560243368148804,3000
1999-11-03,1.625,1.6458330154418945,1.6041669845581055,1.6458330154418945,1.635323405265808,7800
1999-11-04,1.59375,1.6145830154418945,1.5833330154418945,1.59375,1.5835729837417603,73200
1999-11-05,1.5833330154418945,1.6458330154418945,1.5833330154418945,1.6041669845581055,1.5939234495162964,6000
1999-11-08,1.5833330154418945,1.625,1.5,1.625,1.6146234273910522,28200
1999-11-09,1.625,1.6458330154418945,1.5833330154418945,1.5833330154418945,1.5732225179672241,27300
1999-11-10,1.59375,1.59375,1.5625,1.5833330154418945,1.5732225179672241,60000
1999-11-11,1.59375,1.6041669845581055,1.5833330154418945,1.6041669845581055,1.5939234495162964,97500
1999-11-12,1.6041669845581055,1.625,1.5833330154418945,1.625,1.6146234273910522,30600
1999-11-15,1.6041669845581055,1.625,1.5833330154418945,1.625,1.6146234273910522,52500
1999-11-16,1.6041669845581055,1.6041669845581055,1.4583330154418945,1.5,1.4904215335845947,83400
1999-11-17,1.4791669845581055,1.4791669845581055,1.3645830154418945,1.4166669845581055,1.4076206684112549,174600
1999-11-18,1.3958330154418945,1.3958330154418945,1.2916669845581055,1.3125,1.3041188716888428,134700
1999-11-19,1.3125,1.3333330154418945,1.1875,1.25,1.2420179843902588,260400
1999-11-22,1.25,1.3541669845581055,1.2291669845581055,1.2916669845581055,1.283418893814087,413700
1999-11-23,1.3333330154418945,1.3333330154418945,1.2916669845581055,1.3125,1.3041188716888428,111000
1999-11-24,1.3333330154418945,1.3333330154418945,1.2708330154418945,1.2708330154418945,1.2627179622650146,374700
1999-11-26,1.3125,1.3125,1.2291669845581055,1.25,1.2420179843902588,218400
1999-11-29,1.25,1.3958330154418945,1.25,1.2916669845581055,1.2878832817077637,147300
1999-11-30,1.2916669845581055,1.3125,1.2708330154418945,1.2708330154418945,1.2671103477478027,162600
1999-12-01,1.2916669845581055,1.2916669845581055,1.2708330154418945,1.2708330154418945,1.2671103477478027,11700
1999-12-02,1.2916669845581055,1.2916669845581055,1.1041669845581055,1.1875,1.1840214729309082,316800
1999-12-03,1.2083330154418945,1.2083330154418945,1.1458330154418945,1.1458330154418945,1.1424764394760132,215700
1999-12-06,1.1458330154418945,1.1666669845581055,1.1458330154418945,1.1458330154418945,1.1424764394760132,143700
1999-12-07,1.15625,1.15625,1.1041669845581055,1.1458330154418945,1.1424764394760132,276300
1999-12-08,1.1041669845581055,1.1458330154418945,1.1041669845581055,1.1458330154418945,1.1424764394760132,784800
1999-12-09,1.1458330154418945,1.2083330154418945,1.1458330154418945,1.2083330154418945,1.2047934532165527,78900
1999-12-10,1.1666669845581055,1.2291669845581055,1.1666669845581055,1.2083330154418945,1.2047934532165527,55200
1999-12-13,1.2291669845581055,1.25,1.1875,1.1875,1.1840214729309082,112800
1999-12-14,1.21875,1.25,1.1875,1.25,1.2463383674621582,86100
1999-12-15,1.25,1.2708330154418945,1.25,1.2552080154418945,1.2515311241149902,130500
1999-12-16,1.2708330154418945,1.2916669845581055,1.2291669845581055,1.25,1.2463383674621582,130200
1999-12-17,1.2916669845581055,1.3229169845581055,1.2916669845581055,1.3020830154418945,1.2982687950134277,74100
1999-12-20,1.3229169845581055,1.3333330154418945,1.3125,1.3333330154418945,1.3294272422790527,106800
1999-12-21,1.3333330154418945,1.3541669845581055,1.2916669845581055,1.2916669845581055,1.2878832817077637,644700
1999-12-22,1.2916669845581055,1.2916669845581055,1.1666669845581055,1.25,1.2463383674621582,31500
1999-12-23,1.3333330154418945,1.3333330154418945,1.2916669845581055,1.2916669845581055,1.2878832817077637,79200
1999-12-27,1.3020830154418945,1.3333330154418945,1.2708330154418945,1.2916669845581055,1.2878832817077637,163500
1999-12-28,1.3020830154418945,1.3020830154418945,1.1875,1.1875,1.1840214729309082,189900
1999-12-29,1.1875,1.2916669845581055,1.1875,1.2083330154418945,1.2047934532165527,41700
1999-12-30,1.25,1.2708330154418945,1.2291669845581055,1.2291669845581055,1.2255663871765137,167700
1999-12-31,1.2291669845581055,1.3541669845581055,1.2291669845581055,1.3541669845581055,1.3502001762390137,145200
2000-01-03,1.2916669845581055,1.3333330154418945,1.2916669845581055,1.2916669845581055,1.2878832817077637,57600
2000-01-04,1.2916669845581055,1.3125,1.2916669845581055,1.2916669845581055,1.2878832817077637,27600
2000-01-05,1.3125,1.3125,1.28125,1.28125,1.2774968147277832,176700
2000-01-06,1.3125,1.3333330154418945,1.2708330154418945,1.3333330154418945,1.3294272422790527,312600
2000-01-07,1.375,1.375,1.28125,1.2916669845581055,1.2878832817077637,78300
2000-01-10,1.2916669845581055,1.3541669845581055,1.2916669845581055,1.3541669845581055,1.3502001762390137,32100
2000-01-11,1.3333330154418945,1.3541669845581055,1.3333330154418945,1.3333330154418945,1.3294272422790527,24000
2000-01-12,1.3333330154418945,1.3333330154418945,1.3333330154418945,1.3333330154418945,1.3294272422790527,49500
2000-01-13,1.3541669845581055,1.375,1.34375,1.375,1.3709721565246582,26100
2000-01-14,1.3541669845581055,1.3541669845581055,1.3333330154418945,1.34375,1.3398137092590332,103200
2000-01-18,1.3541669845581055,1.4583330154418945,1.3541669845581055,1.4583330154418945,1.4540610313415527,81900
2000-01-19,1.4635419845581055,1.5208330154418945,1.4635419845581055,1.5,1.4956059455871582,101100
2000-01-20,1.4791669845581055,1.5,1.3958330154418945,1.5,1.4956059455871582,95100
2000-01-21,1.4791669845581055,1.5,1.4791669845581055,1.5,1.4956059455871582,90300
2000-01-24,1.4791669845581055,1.5,1.4791669845581055,1.4791669845581055,1.4748339653015137,1800
2000-01-25,1.5208330154418945,1.5208330154418945,1.4791669845581055,1.4791669845581055,1.4748339653015137,12600
2000-01-26,1.4791669845581055,1.5,1.4791669845581055,1.5,1.4956059455871582,187200
2000-01-27,1.5,1.5416669845581055,1.4791669845581055,1.5,1.4956059455871582,49800
2000-01-28,1.4791669845581055,1.5,1.4791669845581055,1.5,1.4956059455871582,47700
2000-01-31,1.4791669845581055,1.5,1.4791669845581055,1.4791669845581055,1.4748339653015137,11700
2000-02-01,1.4791669845581055,1.4791669845581055,1.4583330154418945,1.4583330154418945,1.4540610313415527,8100
2000-02-02,1.4375,1.4791669845581055,1.4375,1.4791669845581055,1.4748339653015137,12000
2000-02-03,1.4166669845581055,1.4791669845581055,1.4166669845581055,1.4791669845581055,1.4748339653015137,10800
2000-02-04,1.4583330154418945,1.4791669845581055,1.4583330154418945,1.4583330154418945,1.4583330154418945,18900
2000-02-07,1.4583330154418945,1.4791669845581055,1.4583330154418945,1.4791669845581055,1.4791669845581055,50700
2000-02-08,1.3958330154418945,2.2083330154418945,1.3958330154418945,2.0833330154418945,2.0833330154418945,712800
2000-02-09,1.8333330154418945,2.0208330154418945,1.4791669845581055,1.59375,1.59375,318900
2000-02-10,1.65625,1.7291669845581055,1.5416669845581055,1.5416669845581055,1.5416669845581055,62400
2000-02-11,1.5833330154418945,1.5833330154418945,1.5,1.5208330154418945,1.5208330154418945,85500
2000-02-14,1.625,1.625,1.4791669845581055,1.625,1.625,32700
2000-02-15,1.4791669845581055,1.6666669845581055,1.4583330154418945,1.5,1.5,88800
2000-02-16,1.6145830154418945,1.6145830154418945,1.5,1.5885419845581055,1.5885419845581055,241500
2000-02-17,1.5833330154418945,1.6041669845581055,1.5416669845581055,1.5416669845581055,1.5416669845581055,210900
2000-02-18,1.5625,1.625,1.5208330154418945,1.625,1.625,234900
2000-02-22,1.5833330154418945,1.5833330154418945,1.5208330154418945,1.5416669845581055,1.5416669845581055,28800
2000-02-23,1.5208330154418945,1.5208330154418945,1.3125,1.3541669845581055,1.3541669845581055,72900
2000-02-24,1.3645830154418945,1.375,1.3125,1.3125,1.3125,127800
2000-02-25,1.3125,1.3333330154418945,1.2916669845581055,1.3125,1.3125,27300
2000-02-28,1.3020830154418945,1.3125,1.2916669845581055,1.2916669845581055,1.2916669845581055,83700
2000-02-29,1.3333330154418945,1.3333330154418945,1.3020830154418945,1.3333330154418945,1.3333330154418945,21900
2000-03-01,1.3541669845581055,1.3541669845581055,1.2916669845581055,1.2916669845581055,1.2916669845581055,65700
2000-03-02,1.2916669845581055,1.3333330154418945,1.2916669845581055,1.3229169845581055,1.3229169845581055,96300
2000-03-03,1.2916669845581055,1.3333330154418945,1.2708330154418945,1.2916669845581055,1.2916669845581055,126000
2000-03-06,1.2916669845581055,1.3229169845581055,1.2916669845581055,1.3229169845581055,1.3229169845581055,36000
2000-03-07,1.3333330154418945,1.3333330154418945,1.3020830154418945,1.3229169845581055,1.3229169845581055,75600
2000-03-08,1.3229169845581055,1.3229169845581055,1.25,1.25,1.25,87900
2000-03-09,1.25,1.5,1.25,1.4791669845581055,1.4791669845581055,41700
2000-03-10,1.4583330154418945,1.4791669845581055,1.40625,1.4791669845581055,1.4791669845581055,24600
2000-03-13,1.4270830154418945,1.5,1.375,1.4166669845581055,1.4166669845581055,20400
2000-03-14,1.4166669845581055,1.4166669845581055,1.4166669845581055,1.4166669845581055,1.4166669845581055,10200
2000-03-15,1.4166669845581055,1.4166669845581055,1.4166669845581055,1.4166669845581055,1.4166669845581055,2100
2000-03-16,1.4166669845581055,1.5,1.4166669845581055,1.4166669845581055,1.4166669845581055,9000
2000-03-17,1.4166669845581055,1.4583330154418945,1.375,1.4166669845581055,1.4166669845581055,45300
2000-03-20,1.4583330154418945,1.4583330154418945,1.4166669845581055,1.4166669845581055,1.4166669845581055,35700
2000-03-21,1.4166669845581055,1.4375,1.4166669845581055,1.4166669845581055,1.4166669845581055,6600
2000-03-22,1.4166669845581055,1.4166669845581055,1.375,1.3958330154418945,1.3958330154418945,57600
2000-03-23,1.3854169845581055,1.3854169845581055,1.3541669845581055,1.3541669845581055,1.3541669845581055,10800
2000-03-24,1.3854169845581055,1.3854169845581055,1.0520830154418945,1.3125,1.3125,106200
2000-03-27,1.3125,1.3229169845581055,1.25,1.25,1.25,152700
2000-03-28,1.2291669845581055,1.3333330154418945,1.1666669845581055,1.2916669845581055,1.2916669845581055,78900
2000-03-29,1.25,1.25,1.25,1.25,1.25,1500
2000-03-30,1.25,1.25,1.25,1.25,1.25,0
2000-03-31,1.2916669845581055,1.375,1.2916669845581055,1.3125,1.3125,138300
2000-04-03,1.3125,1.34375,1.2083330154418945,1.3333330154418945,1.3333330154418945,33900
2000-04-04,1.3333330154418945,1.3333330154418945,1.3125,1.3125,1.3125,42900
2000-04-05,1.375,1.375,1.3333330154418945,1.3333330154418945,1.3333330154418945,50700
2000-04-06,1.3333330154418945,1.3333330154418945,1.2916669845581055,1.3125,1.3125,16200
2000-04-07,1.3125,1.3333330154418945,1.3125,1.3333330154418945,1.3333330154418945,33600
2000-04-10,1.3333330154418945,1.3541669845581055,1.2916669845581055,1.3125,1.3125,15900
2000-04-11,1.3125,1.3125,1.3125,1.3125,1.3125,0
2000-04-12,1.3333330154418945,1.3333330154418945,1.3333330154418945,1.3333330154418945,1.3333330154418945,600
2000-04-13,1.2916669845581055,1.2916669845581055,1.2916669845581055,1.2916669845581055,1.2916669845581055,3600
2000-04-14,1.3020830154418945,1.3020830154418945,1.25,1.2708330154418945,1.2708330154418945,18900
2000-04-17,1.25,1.25,1.25,1.25,1.25,23700
2000-04-18,1.25,1.25,1.125,1.25,1.25,50700
2000-04-19,1.1666669845581055,1.2291669845581055,1.1666669845581055,1.2291669845581055,1.2291669845581055,8100
2000-04-20,1.1666669845581055,1.1666669845581055,1.1666669845581055,1.1666669845581055,1.1666669845581055,6000
2000-04-24,1.171875,1.1875,1.1458330154418945,1.1458330154418945,1.1458330154418945,97200
2000-04-25,1.1458330154418945,1.1666669845581055,1.09375,1.09375,1.09375,15300
2000-04-26,1.1041669845581055,1.1041669845581055,1.1041669845581055,1.1041669845581055,1.1041669845581055,45300
2000-04-27,1.1041669845581055,1.1666669845581055,1.0416669845581055,1.1666669845581055,1.1666669845581055,28800
2000-04-28,1.0833330154418945,1.25,1.0833330154418945,1.25,1.25,12300
2000-05-01,1.125,1.1666669845581055,1.125,1.125,1.125,30900
2000-05-02,1.1666669845581055,1.1666669845581055,1.125,1.125,1.125,900
2000-05-03,1.2083330154418945,1.25,1.0625,1.0625,1.0625,97500
2000-05-04,1.125,1.125,1.125,1.125,1.125,7800
2000-05-05,1.0833330154418945,1.0833330154418945,1.0208330154418945,1.0625,1.0625,147600
2000-05-08,1.0625,1.0833330154418945,1.0416669845581055,1.0416669845581055,1.0416669845581055,34200
2000-05-09,1.0416669845581055,1.0416669845581055,0.9583330154418945,0.9583330154418945,0.9583330154418945,137400
2000-05-10,0.9791669845581055,0.9791669845581055,0.8541669845581055,0.875,0.875,101100
2000-05-11,0.9583330154418945,0.9583330154418945,0.8333330154418945,0.8333330154418945,0.8333330154418945,27000
2000-05-12,0.875,0.875,0.7083330154418945,0.7083330154418945,0.7083330154418945,107400
2000-05-15,0.8125,0.9583330154418945,0.625,0.6458330154418945,0.6458330154418945,808200
2000-05-16,0.6875,0.8333330154418945,0.6666669845581055,0.75,0.75,72900
2000-05-17,0.7291669845581055,0.7708330154418945,0.7291669845581055,0.7708330154418945,0.7708330154418945,18000
2000-05-18,0.75,0.75,0.75,0.75,0.75,57000
2000-05-19,0.7447919845581055,0.75,0.7395830154418945,0.7395830154418945,0.7395830154418945,39600
2000-05-22,0.7395830154418945,0.7395830154418945,0.7083330154418945,0.7291669845581055,0.7291669845581055,90900
2000-05-23,0.75,0.75,0.71875,0.71875,0.71875,355200
2000-05-24,0.7083330154418945,0.71875,0.6666669845581055,0.6875,0.6875,90600
2000-05-25,0.6666669845581055,0.6875,0.6666669845581055,0.6875,0.6875,3600
2000-05-26,0.7083330154418945,0.7291669845581055,0.6979169845581055,0.6979169845581055,0.6979169845581055,7500
2000-05-30,0.7239580154418945,0.75,0.6979169845581055,0.7291669845581055,0.7291669845581055,80100
2000-05-31,0.7239580154418945,0.7239580154418945,0.6979169845581055,0.7083330154418945,0.7083330154418945,6300
2000-06-01,0.7395830154418945,0.75,0.7083330154418945,0.7395830154418945,0.7395830154418945,196200
2000-06-02,0.75,0.75,0.7291669845581055,0.7291669845581055,0.7291669845581055,55500
2000-06-05,0.7291669845581055,0.7291669845581055,0.71875,0.7291669845581055,0.7291669845581055,80100
2000-06-06,0.7083330154418945,0.75,0.7083330154418945,0.7291669845581055,0.7291669845581055,21000
2000-06-07,0.75,0.75,0.6875,0.6979169845581055,0.6979169845581055,63300
2000-06-08,0.6875,0.6979169845581055,0.6875,0.6875,0.6875,170100
2000-06-09,0.6979169845581055,0.6979169845581055,0.6875,0.6875,0.6875,11100
2000-06-12,0.6875,0.6979169845581055,0.6770830154418945,0.6770830154418945,0.6770830154418945,99600
2000-06-13,0.6770830154418945,0.6979169845581055,0.6770830154418945,0.6875,0.6875,48300
2000-06-14,0.6875,0.6875,0.6770830154418945,0.6770830154418945,0.6770830154418945,61800
2000-06-15,0.6666669845581055,0.6770830154418945,0.5416669845581055,0.5416669845581055,0.5416669845581055,190200
2000-06-16,0.5729169845581055,0.6666669845581055,0.5729169845581055,0.6458330154418945,0.6458330154418945,95700
2000-06-19,0.6770830154418945,0.6770830154418945,0.625,0.625,0.625,22800
2000-06-20,0.625,0.625,0.6041669845581055,0.6197919845581055,0.6197919845581055,100500
2000-06-21,0.6041669845581055,0.6666669845581055,0.6041669845581055,0.6145830154418945,0.6145830154418945,66000
2000-06-22,0.6145830154418945,0.6145830154418945,0.6145830154418945,0.6145830154418945,0.6145830154418945,4500
2000-06-23,0.6145830154418945,0.6458330154418945,0.6145830154418945,0.6458330154418945,0.6458330154418945,8400
2000-06-26,0.625,0.6666669845581055,0.6145830154418945,0.625,0.625,115800
2000-06-27,0.625,0.65625,0.625,0.6458330154418945,0.6458330154418945,44700
2000-06-28,0.625,0.625,0.5833330154418945,0.625,0.625,54000
2000-06-29,0.625,0.6666669845581055,0.6041669845581055,0.6666669845581055,0.6666669845581055,175200
2000-06-30,0.625,0.6666669845581055,0.5416669845581055,0.5833330154418945,0.5833330154418945,73800
2000-07-03,0.6666669845581055,0.6666669845581055,0.5833330154418945,0.5833330154418945,0.5833330154418945,53700
2000-07-05,0.625,0.625,0.625,0.625,0.625,3000
2000-07-06,0.6666669845581055,0.6666669845581055,0.6666669845581055,0.6666669845581055,0.6666669845581055,8100
2000-07-07,0.6458330154418945,0.6458330154418945,0.5625,0.5625,0.5625,80700
2000-07-10,0.6041669845581055,0.6041669845581055,0.5833330154418945,0.5833330154418945,0.5833330154418945,106200
2000-07-11,0.5833330154418945,0.6041669845581055,0.5833330154418945,0.5833330154418945,0.5833330154418945,91500
2000-07-12,0.5833330154418945,0.5833330154418945,0.5104169845581055,0.5208330154418945,0.5208330154418945,228000
2000-07-13,0.6041669845581055,0.6041669845581055,0.5104169845581055,0.5208330154418945,0.5208330154418945,12900
2000-07-14,0.5208330154418945,0.5208330154418945,0.5208330154418945,0.5208330154418945,0.5208330154418945,6000
2000-07-17,0.5208330154418945,0.6041669845581055,0.5208330154418945,0.5208330154418945,0.5208330154418945,41400
2000-07-18,0.5416669845581055,0.5416669845581055,0.5104169845581055,0.5208330154418945,0.5208330154418945,78900
2000-07-19,0.6041669845581055,0.6041669845581055,0.5104169845581055,0.5104169845581055,0.5104169845581055,34800
2000-07-20,0.53125,0.5416669845581055,0.5104169845581055,0.5104169845581055,0.5104169845581055,63000
2000-07-21,0.5104169845581055,0.5104169845581055,0.5,0.5,0.5,223500
2000-07-24,0.48958298563957214,0.5,0.47916701436042786,0.48958298563957214,0.48958298563957214,260100
2000-07-25,0.48958298563957214,0.48958298563957214,0.46875,0.47916701436042786,0.47916701436042786,33600
2000-07-26,0.46875,0.47916701436042786,0.46875,0.47916701436042786,0.47916701436042786,1500
2000-07-27,0.47916701436042786,0.47916701436042786,0.47916701436042786,0.47916701436042786,0.47916701436042786,18000
2000-07-28,0.47916701436042786,0.48958298563957214,0.47916701436042786,0.47916701436042786,0.47916701436042786,46500
2000-07-31,0.46875,0.5,0.46875,0.48958298563957214,0.48958298563957214,156300
2000-08-01,0.48958298563957214,0.48958298563957214,0.47916701436042786,0.47916701436042786,0.47916701436042786,18300
2000-08-02,0.45833298563957214,0.5,0.41666701436042786,0.5,0.5,2288400
2000-08-03,0.5625,0.5625,0.45833298563957214,0.46875,0.46875,65100
2000-08-04,0.47395798563957214,0.47395798563957214,0.47395798563957214,0.47395798563957214,0.47395798563957214,29700
2000-08-07,0.45833298563957214,0.47916701436042786,0.45833298563957214,0.45833298563957214,0.45833298563957214,60900
2000-08-08,0.47916701436042786,0.47916701436042786,0.45833298563957214,0.46875,0.46875,154200
2000-08-09,0.5729169845581055,0.578125,0.44791701436042786,0.47916701436042786,0.47916701436042786,25800
2000-08-10,0.44791701436042786,0.47916701436042786,0.44791701436042786,0.47916701436042786,0.47916701436042786,11700
2000-08-11,0.44791701436042786,0.47916701436042786,0.44791701436042786,0.47916701436042786,0.47916701436042786,46500
2000-08-14,0.47916701436042786,0.47916701436042786,0.47916701436042786,0.47916701436042786,0.47916701436042786,0
2000-08-15,0.47916701436042786,0.47916701436042786,0.44791701436042786,0.47916701436042786,0.47916701436042786,78300
2000-08-16,0.45833298563957214,0.47916701436042786,0.44791701436042786,0.47916701436042786,0.47916701436042786,16500
2000-08-17,0.47916701436042786,0.47916701436042786,0.44791701436042786,0.44791701436042786,0.44791701436042786,77100
2000-08-18,0.46875,0.46875,0.44791701436042786,0.44791701436042786,0.44791701436042786,66600
2000-08-21,0.44791701436042786,0.47916701436042786,0.4375,0.4375,0.4375,34200
2000-08-22,0.46875,0.46875,0.42708298563957214,0.42708298563957214,0.42708298563957214,180600
2000-08-23,0.47395798563957214,0.47916701436042786,0.4375,0.47916701436042786,0.47916701436042786,64500
2000-08-24,0.4375,0.4375,0.41666701436042786,0.42708298563957214,0.42708298563957214,52800
2000-08-25,0.42708298563957214,0.4375,0.42708298563957214,0.4375,0.4375,35700
2000-08-28,0.4375,0.4375,0.42708298563957214,0.42708298563957214,0.42708298563957214,57600
2000-08-29,0.44270798563957214,0.45833298563957214,0.42708298563957214,0.45833298563957214,0.45833298563957214,62700
2000-08-30,0.4375,0.4375,0.41666701436042786,0.41666701436042786,0.41666701436042786,171600
2000-08-31,0.42708298563957214,0.42708298563957214,0.41666701436042786,0.42708298563957214,0.42708298563957214,132900
2000-09-01,0.41666701436042786,0.4375,0.41666701436042786,0.4375,0.4375,8100
2000-09-05,0.453125,0.45833298563957214,0.41666701436042786,0.41666701436042786,0.41666701436042786,25200
2000-09-06,0.41666701436042786,0.41666701436042786,0.41666701436042786,0.41666701436042786,0.41666701436042786,1500
2000-09-07,0.41666701436042786,0.42708298563957214,0.39583298563957214,0.39583298563957214,0.39583298563957214,264300
2000-09-08,0.41145798563957214,0.45833298563957214,0.40625,0.4375,0.4375,183900
2000-09-11,0.45833298563957214,0.47916701436042786,0.38541701436042786,0.45833298563957214,0.45833298563957214,132300
2000-09-12,0.46875,0.46875,0.41666701436042786,0.41666701436042786,0.41666701436042786,51900
2000-09-13,0.41666701436042786,0.45833298563957214,0.41666701436042786,0.41666701436042786,0.41666701436042786,19500
2000-09-14,0.42708298563957214,0.4375,0.41666701436042786,0.41666701436042786,0.41666701436042786,1442100
2000-09-15,0.41666701436042786,0.41666701436042786,0.39583298563957214,0.39583298563957214,0.39583298563957214,124500
2000-09-18,0.39583298563957214,0.39583298563957214,0.39583298563957214,0.39583298563957214,0.39583298563957214,6600
2000-09-19,0.41666701436042786,0.41666701436042786,0.39583298563957214,0.41666701436042786,0.41666701436042786,62100
2000-09-20,0.42708298563957214,0.42708298563957214,0.41666701436042786,0.41666701436042786,0.41666701436042786,6600
2000-09-21,0.41666701436042786,0.42708298563957214,0.35416701436042786,0.39583298563957214,0.39583298563957214,220200
2000-09-22,0.39583298563957214,0.39583298563957214,0.375,0.375,0.375,108000
2000-09-25,0.39583298563957214,0.39583298563957214,0.36458298563957214,0.36458298563957214,0.36458298563957214,198600
2000-09-26,0.375,0.41666701436042786,0.35416701436042786,0.375,0.375,113100
2000-09-27,0.375,0.45833298563957214,0.34375,0.34375,0.34375,74100
2000-09-28,0.359375,0.375,0.359375,0.375,0.375,168300
2000-09-29,0.41666701436042786,0.41666701436042786,0.41666701436042786,0.41666701436042786,0.41666701436042786,15900
2000-10-02,0.36458298563957214,0.36458298563957214,0.36458298563957214,0.36458298563957214,0.36458298563957214,9000
2000-10-03,0.45833298563957214,0.45833298563957214,0.375,0.375,0.375,6600
2000-10-04,0.46875,0.47916701436042786,0.46875,0.47916701436042786,0.47916701436042786,12300
2000-10-05,0.41666701436042786,0.41666701436042786,0.41666701436042786,0.41666701436042786,0.41666701436042786,300
2000-10-06,0.41666701436042786,0.41666701436042786,0.41666701436042786,0.41666701436042786,0.41666701436042786,6000
2000-10-09,0.375,0.375,0.375,0.375,0.375,42000
2000-10-10,0.39583298563957214,0.39583298563957214,0.39583298563957214,0.39583298563957214,0.39583298563957214,6000
2000-10-11,0.375,0.41666701436042786,0.375,0.41666701436042786,0.41666701436042786,18000
2000-10-12,0.41666701436042786,0.6041669845581055,0.39583298563957214,0.39583298563957214,0.39583298563957214,229800
2000-10-13,0.39583298563957214,0.45833298563957214,0.375,0.41666701436042786,0.41666701436042786,90900
2000-10-16,0.39583298563957214,0.39583298563957214,0.38541701436042786,0.38541701436042786,0.38541701436042786,793200
2000-10-17,0.38541701436042786,0.38541701436042786,0.38541701436042786,0.38541701436042786,0.38541701436042786,3000
2000-10-18,0.38541701436042786,0.38541701436042786,0.38541701436042786,0.38541701436042786,0.38541701436042786,3000
2000-10-19,0.38541701436042786,0.38541701436042786,0.38541701436042786,0.38541701436042786,0.38541701436042786,30900
2000-10-20,0.38541701436042786,0.38541701436042786,0.38541701436042786,0.38541701436042786,0.38541701436042786,51300
2000-10-23,0.38541701436042786,0.38541701436042786,0.36458298563957214,0.375,0.375,94500
2000-10-24,0.359375,0.375,0.35416701436042786,0.35416701436042786,0.35416701436042786,68100
2000-10-25,0.35416701436042786,0.35416701436042786,0.3125,0.33333298563957214,0.33333298563957214,137400
2000-10-26,0.3125,0.33333298563957214,0.3125,0.33333298563957214,0.33333298563957214,99000
2000-10-27,0.3125,0.33333298563957214,0.3125,0.3125,0.3125,94500
2000-10-30,0.31770798563957214,0.45833298563957214,0.31770798563957214,0.39583298563957214,0.39583298563957214,23100
2000-10-31,0.38541701436042786,0.38541701436042786,0.35416701436042786,0.35416701436042786,0.35416701436042786,121800
2000-11-01,0.33854201436042786,0.38541701436042786,0.33333298563957214,0.38541701436042786,0.38541701436042786,18900
2000-11-02,0.375,0.39583298563957214,0.35416701436042786,0.39583298563957214,0.39583298563957214,59700
2000-11-03,0.38541701436042786,0.39583298563957214,0.35416701436042786,0.375,0.375,94500
2000-11-06,0.375,0.39583298563957214,0.375,0.375,0.375,30600
2000-11-07,0.39583298563957214,0.39583298563957214,0.375,0.375,0.375,131100
2000-11-08,0.36458298563957214,0.38541701436042786,0.36458298563957214,0.375,0.375,62400
2000-11-09,0.38541701436042786,0.40625,0.36458298563957214,0.36458298563957214,0.36458298563957214,26400
2000-11-10,0.36458298563957214,0.36458298563957214,0.35416701436042786,0.35416701436042786,0.35416701436042786,30600
2000-11-13,0.35416701436042786,0.39583298563957214,0.35416701436042786,0.375,0.375,12300
2000-11-14,0.375,0.39583298563957214,0.35416701436042786,0.35416701436042786,0.35416701436042786,42000
2000-11-15,0.375,0.40625,0.375,0.375,0.375,42600
2000-11-16,0.35416701436042786,0.39583298563957214,0.35416701436042786,0.35416701436042786,0.35416701436042786,44400
2000-11-17,0.35416701436042786,0.39583298563957214,0.35416701436042786,0.35416701436042786,0.35416701436042786,62100
2000-11-20,0.34375,0.34375,0.34375,0.34375,0.34375,6600
2000-11-21,0.34375,0.34375,0.34375,0.34375,0.34375,84900
2000-11-22,0.35416701436042786,0.35416701436042786,0.35416701436042786,0.35416701436042786,0.35416701436042786,6600
2000-11-24,0.34375,0.35416701436042786,0.34375,0.35416701436042786,0.35416701436042786,2700
2000-11-27,0.35416701436042786,0.375,0.34375,0.375,0.375,36900
2000-11-28,0.34375,0.36458298563957214,0.33333298563957214,0.36458298563957214,0.36458298563957214,219600
2000-11-29,0.35416701436042786,0.35416701436042786,0.32291701436042786,0.34375,0.34375,105000
2000-11-30,0.32291701436042786,0.32291701436042786,0.32291701436042786,0.32291701436042786,0.32291701436042786,4200
2000-12-01,0.3125,0.47916701436042786,0.25,0.47916701436042786,0.47916701436042786,6447900
2000-12-04,0.47916701436042786,0.5,0.32291701436042786,0.33333298563957214,0.33333298563957214,81300
2000-12-05,0.33854201436042786,0.5,0.33333298563957214,0.41666701436042786,0.41666701436042786,51000
2000-12-06,0.41666701436042786,0.41666701436042786,0.41666701436042786,0.41666701436042786,0.41666701436042786,6300
2000-12-07,0.41666701436042786,0.4375,0.41666701436042786,0.41666701436042786,0.41666701436042786,19200
2000-12-08,0.41666701436042786,0.41666701436042786,0.36458298563957214,0.36458298563957214,0.36458298563957214,36000
2000-12-11,0.39583298563957214,0.39583298563957214,0.375,0.375,0.375,51900
2000-12-12,0.375,0.375,0.36458298563957214,0.36458298563957214,0.36458298563957214,6900
2000-12-13,0.375,0.375,0.33333298563957214,0.33333298563957214,0.33333298563957214,29400
2000-12-14,0.35416701436042786,0.35416701436042786,0.35416701436042786,0.35416701436042786,0.35416701436042786,7500
2000-12-15,0.33333298563957214,0.33333298563957214,0.28125,0.3125,0.3125,274200
2000-12-18,0.22916699945926666,0.29166701436042786,0.21875,0.29166701436042786,0.29166701436042786,129900
2000-12-19,0.30208298563957214,0.35416701436042786,0.30208298563957214,0.33333298563957214,0.33333298563957214,220800
2000-12-20,0.31770798563957214,0.33854201436042786,0.3125,0.33333298563957214,0.33333298563957214,204900
2000-12-21,0.33333298563957214,0.33333298563957214,0.29166701436042786,0.29166701436042786,0.29166701436042786,18000
2000-12-22,0.29166701436042786,0.29166701436042786,0.25,0.25,0.25,157500
2000-12-26,0.27083298563957214,0.29166701436042786,0.27083298563957214,0.29166701436042786,0.29166701436042786,168600
2000-12-27,0.30729201436042786,0.3125,0.25,0.25,0.25,138900
2000-12-28,0.25,0.25,0.25,0.25,0.25,0
2000-12-29,0.26041701436042786,0.5,0.25,0.5,0.5,241500
2001-01-02,0.41145798563957214,0.41145798563957214,0.25,0.3125,0.3125,99900
2001-01-03,0.29166701436042786,0.33333298563957214,0.29166701436042786,0.3125,0.3125,29400
2001-01-04,0.35416701436042786,0.35416701436042786,0.35416701436042786,0.35416701436042786,0.35416701436042786,7200
2001-01-05,0.33333298563957214,0.35416701436042786,0.33333298563957214,0.35416701436042786,0.35416701436042786,9000
2001-01-08,0.33333298563957214,0.33333298563957214,0.33333298563957214,0.33333298563957214,0.33333298563957214,17100
2001-01-09,0.33333298563957214,0.33333298563957214,0.33333298563957214,0.33333298563957214,0.33333298563957214,12900
2001-01-10,0.36458298563957214,0.39583298563957214,0.36458298563957214,0.39583298563957214,0.39583298563957214,5700
2001-01-11,0.39583298563957214,0.39583298563957214,0.375,0.375,0.375,9900
2001-01-12,0.3125,0.35416701436042786,0.3125,0.33333298563957214,0.33333298563957214,32400
2001-01-16,0.35416701436042786,0.39583298563957214,0.35416701436042786,0.375,0.375,19200
2001-01-17,0.375,0.375,0.35416701436042786,0.35416701436042786,0.35416701436042786,78900
2001-01-18,0.39583298563957214,0.39583298563957214,0.39583298563957214,0.39583298563957214,0.39583298563957214,24600
2001-01-19,0.39583298563957214,0.41666701436042786,0.39583298563957214,0.40625,0.40625,52200
2001-01-22,0.41666701436042786,0.4375,0.39583298563957214,0.39583298563957214,0.39583298563957214,98400
2001-01-23,0.41666701436042786,0.41666701436042786,0.41666701436042786,0.41666701436042786,0.41666701436042786,65100
2001-01-24,0.41666701436042786,0.41666701436042786,0.39583298563957214,0.41666701436042786,0.41666701436042786,58200
2001-01-25,0.41666701436042786,0.41666701436042786,0.39583298563957214,0.39583298563957214,0.39583298563957214,54600
2001-01-26,0.41666701436042786,0.41666701436042786,0.375,0.38541701436042786,0.38541701436042786,173100
2001-01-29,0.39583298563957214,0.41666701436042786,0.39583298563957214,0.41666701436042786,0.41666701436042786,53400
2001-01-30,0.47395798563957214,0.47395798563957214,0.39583298563957214,0.39583298563957214,0.39583298563957214,60900
2001-01-31,0.4375,0.47916701436042786,0.4375,0.4375,0.4375,209100
2001-02-01,0.45833298563957214,0.5,0.4375,0.5,0.5,162300
2001-02-02,0.5520830154418945,0.5833330154418945,0.5,0.5625,0.5625,159600
2001-02-05,0.6041669845581055,0.6875,0.5833330154418945,0.5833330154418945,0.5833330154418945,156900
2001-02-06,0.6458330154418945,0.6666669845581055,0.625,0.625,0.625,35100
2001-02-07,0.6666669845581055,0.71875,0.6666669845581055,0.6979169845581055,0.6979169845581055,47100
2001-02-08,0.71875,0.8333330154418945,0.7135419845581055,0.8333330154418945,0.8333330154418945,192900
2001-02-09,0.828125,0.875,0.75,0.8125,0.8125,57600
2001-02-12,0.765625,0.7916669845581055,0.7291669845581055,0.7708330154418945,0.7708330154418945,14100
2001-02-13,0.7864580154418945,0.7864580154418945,0.6770830154418945,0.6875,0.6875,40200
2001-02-14,0.6770830154418945,0.6770830154418945,0.6458330154418945,0.65625,0.65625,28500
2001-02-15,0.7239580154418945,0.7239580154418945,0.6666669845581055,0.6666669845581055,0.6666669845581055,25800
2001-02-16,0.6666669845581055,0.6666669845581055,0.625,0.625,0.625,35700
2001-02-20,0.625,0.6875,0.625,0.6666669845581055,0.6666669845581055,8700
2001-02-21,0.6458330154418945,0.6666669845581055,0.6458330154418945,0.6458330154418945,0.6458330154418945,21000
2001-02-22,0.6875,0.6875,0.6458330154418945,0.6666669845581055,0.6666669845581055,58500
2001-02-23,0.6666669845581055,0.6666669845581055,0.6458330154418945,0.6458330154418945,0.6458330154418945,67800
2001-02-26,0.71875,0.71875,0.6666669845581055,0.6666669845581055,0.6666669845581055,17400
2001-02-27,0.6458330154418945,0.6458330154418945,0.6458330154418945,0.6458330154418945,0.6458330154418945,900
2001-02-28,0.6458330154418945,0.6510419845581055,0.6458330154418945,0.6510419845581055,0.6510419845581055,7800
2001-03-01,0.6458330154418945,0.6458330154418945,0.6458330154418945,0.6458330154418945,0.6458330154418945,1200
2001-03-02,0.625,0.6458330154418945,0.625,0.6458330154418945,0.6458330154418945,8400
2001-03-05,0.6510419845581055,0.6510419845581055,0.6458330154418945,0.6458330154418945,0.6458330154418945,24000
2001-03-06,0.6666669845581055,0.6666669845581055,0.65625,0.65625,0.65625,39000
2001-03-07,0.6666669845581055,0.6666669845581055,0.6666669845581055,0.6666669845581055,0.6666669845581055,5700
2001-03-08,0.65625,0.65625,0.65625,0.65625,0.65625,300
2001-03-09,0.6666669845581055,0.7083330154418945,0.6666669845581055,0.671875,0.671875,40500
2001-03-12,0.6510419845581055,0.6510419845581055,0.6458330154418945,0.6458330154418945,0.6458330154418945,6000
2001-03-13,0.6458330154418945,0.7083330154418945,0.6458330154418945,0.6666669845581055,0.6666669845581055,4500
2001-03-14,0.6666669845581055,0.6666669845581055,0.6666669845581055,0.6666669845581055,0.6666669845581055,5700
2001-03-15,0.6666669845581055,0.6666669845581055,0.6666669845581055,0.6666669845581055,0.6666669845581055,18600
2001-03-16,0.6666669845581055,0.7291669845581055,0.6666669845581055,0.7291669845581055,0.7291669845581055,3300
2001-03-19,0.75,0.7916669845581055,0.75,0.7916669845581055,0.7916669845581055,18000
2001-03-20,0.7708330154418945,0.7916669845581055,0.75,0.75,0.75,40800
2001-03-21,0.7916669845581055,0.7916669845581055,0.7916669845581055,0.7916669845581055,0.7916669845581055,600
2001-03-22,0.7916669845581055,0.7916669845581055,0.7291669845581055,0.75,0.75,42900
2001-03-23,0.75,0.75,0.7291669845581055,0.75,0.75,6900
2001-03-26,0.7083330154418945,0.8229169845581055,0.6666669845581055,0.7291669845581055,0.7291669845581055,30600
2001-03-27,0.7291669845581055,0.7291669845581055,0.7291669845581055,0.7291669845581055,0.7291669845581055,0
2001-03-28,0.7708330154418945,0.7708330154418945,0.75,0.75,0.75,8700
2001-03-29,0.7916669845581055,0.7916669845581055,0.7604169845581055,0.765625,0.765625,25800
2001-03-30,0.7916669845581055,0.7916669845581055,0.75,0.75,0.75,16500
2001-04-02,0.75,0.75,0.75,0.75,0.75,0
2001-04-03,0.75,0.7604169845581055,0.7291669845581055,0.7291669845581055,0.7291669845581055,21000
2001-04-04,0.7083330154418945,0.7916669845581055,0.7083330154418945,0.7916669845581055,0.7916669845581055,16500
2001-04-05,0.7864580154418945,0.7916669845581055,0.75,0.7916669845581055,0.7916669845581055,81300
2001-04-06,0.7291669845581055,0.7916669845581055,0.7291669845581055,0.75,0.75,10800
2001-04-09,0.7933329939842224,0.7933329939842224,0.7333329916000366,0.7333329916000366,0.7333329916000366,16800
2001-04-10,0.7333329916000366,0.7833330035209656,0.7333329916000366,0.75,0.75,6900
2001-04-11,0.75,0.7566670179367065,0.75,0.7566670179367065,0.7566670179367065,23100
2001-04-12,0.7566670179367065,0.7566670179367065,0.7566670179367065,0.7566670179367065,0.7566670179367065,900
2001-04-16,0.75,0.7566670179367065,0.75,0.7533329725265503,0.7533329725265503,32100
2001-04-17,0.75,0.7533329725265503,0.75,0.7533329725265503,0.7533329725265503,1800
2001-04-18,0.7533329725265503,0.7533329725265503,0.7533329725265503,0.7533329725265503,0.7533329725265503,11100
2001-04-19,0.7533329725265503,0.7933329939842224,0.7533329725265503,0.7933329939842224,0.7933329939842224,46500
2001-04-20,0.7900000214576721,0.9166669845581055,0.7900000214576721,0.8966670036315918,0.8966670036315918,68100
2001-04-23,0.9166669845581055,0.9166669845581055,0.7066670060157776,0.786666989326477,0.786666989326477,99600
2001-04-24,0.786666989326477,0.836667001247406,0.786666989326477,0.836667001247406,0.836667001247406,21000
2001-04-25,0.7699999809265137,0.7699999809265137,0.7400000095367432,0.7699999809265137,0.7699999809265137,36300
2001-04-26,0.8133329749107361,0.8399999737739563,0.8133329749107361,0.8399999737739563,0.8399999737739563,31800
2001-04-27,0.8333330154418945,0.9166669845581055,0.8266670107841492,0.8333330154418945,0.8333330154418945,3600
2001-04-30,0.8166670203208923,0.8166670203208923,0.8033329844474792,0.8033329844474792,0.8033329844474792,4200
2001-05-01,0.8033329844474792,0.8033329844474792,0.8033329844474792,0.8033329844474792,0.8033329844474792,300
2001-05-02,0.8333330154418945,0.8333330154418945,0.8333330154418945,0.8333330154418945,0.8333330154418945,600
2001-05-03,0.8066669702529907,0.8166670203208923,0.8033329844474792,0.8166670203208923,0.8166670203208923,3900
2001-05-04,0.8166670203208923,0.8199999928474426,0.8166670203208923,0.8199999928474426,0.8199999928474426,1200
2001-05-07,0.8199999928474426,0.8199999928474426,0.7766669988632202,0.800000011920929,0.800000011920929,29700
2001-05-08,0.8166670203208923,0.913332998752594,0.8166670203208923,0.8166670203208923,0.8166670203208923,6600
2001-05-09,0.800000011920929,0.8333330154418945,0.800000011920929,0.8166670203208923,0.8166670203208923,5700
2001-05-10,0.8500000238418579,0.8500000238418579,0.8166670203208923,0.8166670203208923,0.8166670203208923,3300
2001-05-11,0.8166670203208923,0.8500000238418579,0.8166670203208923,0.8500000238418579,0.8500000238418579,3300
2001-05-14,0.8500000238418579,0.8500000238418579,0.8333330154418945,0.8500000238418579,0.8500000238418579,30000
2001-05-15,0.8166670203208923,0.8433330059051514,0.8166670203208923,0.8433330059051514,0.8433330059051514,60000
2001-05-16,0.8333330154418945,0.8500000238418579,0.8166670203208923,0.8166670203208923,0.8166670203208923,79200
2001-05-17,0.8166670203208923,0.8333330154418945,0.8166670203208923,0.8166670203208923,0.8166670203208923,10500
2001-05-18,0.8833330273628235,0.8833330273628235,0.8333330154418945,0.8666669726371765,0.8666669726371765,9300
2001-05-21,0.8666669726371765,0.8833330273628235,0.8500000238418579,0.8500000238418579,0.8500000238418579,6600
2001-05-22,0.8533329963684082,0.8533329963684082,0.8533329963684082,0.8533329963684082,0.8533329963684082,1800
2001-05-23,0.8533329963684082,0.8533329963684082,0.8533329963684082,0.8533329963684082,0.8533329963684082,1500
2001-05-24,0.8533329963684082,0.8533329963684082,0.8533329963684082,0.8533329963684082,0.8533329963684082,600
2001-05-25,0.8666669726371765,0.8666669726371765,0.8666669726371765,0.8666669726371765,0.8666669726371765,27600
2001-05-29,0.8533329963684082,0.8666669726371765,0.8333330154418945,0.8566669821739197,0.8566669821739197,12000
2001-05-30,0.8666669726371765,0.8666669726371765,0.8333330154418945,0.8333330154418945,0.8333330154418945,6600
2001-05-31,0.8500000238418579,0.8500000238418579,0.836667001247406,0.836667001247406,0.836667001247406,6600
2001-06-01,0.836667001247406,0.836667001247406,0.836667001247406,0.836667001247406,0.836667001247406,3000
2001-06-04,0.836667001247406,0.836667001247406,0.836667001247406,0.836667001247406,0.836667001247406,600
2001-06-05,0.836667001247406,0.836667001247406,0.836667001247406,0.836667001247406,0.836667001247406,0
2001-06-06,0.836667001247406,0.8500000238418579,0.836667001247406,0.836667001247406,0.836667001247406,11400
2001-06-07,0.8566669821739197,0.8566669821739197,0.8566669821739197,0.8566669821739197,0.8566669821739197,300
2001-06-08,0.8500000238418579,0.8500000238418579,0.8500000238418579,0.8500000238418579,0.8500000238418579,9600
2001-06-11,0.8399999737739563,0.863332986831665,0.8399999737739563,0.8399999737739563,0.8399999737739563,9300
2001-06-12,0.8799999952316284,0.913332998752594,0.8666669726371765,0.913332998752594,0.913332998752594,30300
2001-06-13,0.8999999761581421,0.8999999761581421,0.8999999761581421,0.8999999761581421,0.8999999761581421,19200
2001-06-14,0.8566669821739197,0.913332998752594,0.8566669821739197,0.913332998752594,0.913332998752594,12600
2001-06-15,0.8833330273628235,0.8999999761581421,0.8500000238418579,0.8500000238418579,0.8500000238418579,16500
2001-06-18,0.8500000238418579,0.8500000238418579,0.8333330154418945,0.8500000238418579,0.8500000238418579,36000
2001-06-19,0.8500000238418579,0.8500000238418579,0.8399999737739563,0.8399999737739563,0.8399999737739563,38100
2001-06-20,0.8500000238418579,0.8500000238418579,0.7400000095367432,0.75,0.75,73500
2001-06-21,0.75,0.913332998752594,0.75,0.9100000262260437,0.9100000262260437,46500
2001-06-22,0.8333330154418945,0.8333330154418945,0.75,0.75,0.75,8400
2001-06-25,0.75,0.75,0.75,0.75,0.75,0
2001-06-26,0.7666670083999634,0.7666670083999634,0.7666670083999634,0.7666670083999634,0.7666670083999634,600
2001-06-27,0.8299999833106995,0.8299999833106995,0.8299999833106995,0.8299999833106995,0.8299999833106995,300
2001-06-28,0.7666670083999634,0.7666670083999634,0.7666670083999634,0.7666670083999634,0.7666670083999634,300
2001-06-29,0.7666670083999634,0.7833330035209656,0.7566670179367065,0.7566670179367065,0.7566670179367065,14700
2001-07-02,0.8266670107841492,0.8266670107841492,0.7833330035209656,0.7833330035209656,0.7833330035209656,9300
2001-07-03,0.7833330035209656,0.7833330035209656,0.7833330035209656,0.7833330035209656,0.7833330035209656,5700
2001-07-05,0.8266670107841492,0.8266670107841492,0.7833330035209656,0.7833330035209656,0.7833330035209656,6300
2001-07-06,0.8233330249786377,0.8333330154418945,0.8233330249786377,0.8299999833106995,0.8299999833106995,7500
2001-07-09,0.8299999833106995,0.8299999833106995,0.8299999833106995,0.8299999833106995,0.8299999833106995,0
2001-07-10,0.8299999833106995,0.8299999833106995,0.8299999833106995,0.8299999833106995,0.8299999833106995,0
2001-07-11,0.8066669702529907,0.8166670203208923,0.800000011920929,0.8033329844474792,0.8033329844474792,39000
2001-07-12,0.7966669797897339,0.8166670203208923,0.7966669797897339,0.8166670203208923,0.8166670203208923,6600
2001-07-13,0.8299999833106995,0.8299999833106995,0.8066669702529907,0.8066669702529907,0.8066669702529907,7800
2001-07-16,0.7333329916000366,0.8299999833106995,0.7300000190734863,0.8299999833106995,0.8299999833106995,30000
2001-07-17,0.7933329939842224,0.7966669797897339,0.7666670083999634,0.7666670083999634,0.7666670083999634,21300
2001-07-18,0.7699999809265137,0.7733330130577087,0.7533329725265503,0.7566670179367065,0.7566670179367065,40800
2001-07-19,0.7633330225944519,0.7666670083999634,0.7566670179367065,0.7566670179367065,0.7566670179367065,19800
2001-07-20,0.7633330225944519,0.7633330225944519,0.7633330225944519,0.7633330225944519,0.7633330225944519,3600
2001-07-23,0.7566670179367065,0.7566670179367065,0.75,0.7533329725265503,0.7533329725265503,18000
2001-07-24,0.7633330225944519,0.7666670083999634,0.75,0.75,0.75,9600
2001-07-25,0.7466670274734497,0.7466670274734497,0.7400000095367432,0.7400000095367432,0.7400000095367432,4800
2001-07-26,0.7400000095367432,0.7400000095367432,0.7233330011367798,0.7233330011367798,0.7233330011367798,18600
2001-07-27,0.7033330202102661,0.7266669869422913,0.7033330202102661,0.7266669869422913,0.7266669869422913,45300
2001-07-30,0.7466670274734497,0.75,0.7400000095367432,0.7400000095367432,0.7400000095367432,24300
2001-07-31,0.7400000095367432,0.7400000095367432,0.7400000095367432,0.7400000095367432,0.7400000095367432,0
2001-08-01,0.7266669869422913,0.75,0.7266669869422913,0.75,0.75,3900
2001-08-02,0.7533329725265503,0.7533329725265503,0.7533329725265503,0.7533329725265503,0.7533329725265503,600
2001-08-03,0.7599999904632568,0.7833330035209656,0.75,0.75,0.75,12900
2001-08-06,0.7166669964790344,0.7266669869422913,0.7166669964790344,0.7166669964790344,0.7166669964790344,2700
2001-08-07,0.699999988079071,0.7200000286102295,0.699999988079071,0.699999988079071,0.699999988079071,27000
2001-08-08,0.6933330297470093,0.6933330297470093,0.6600000262260437,0.6600000262260437,0.6600000262260437,40500
2001-08-09,0.6499999761581421,0.663332998752594,0.6299999952316284,0.6433330178260803,0.6433330178260803,20100
2001-08-10,0.6433330178260803,0.6433330178260803,0.6266670227050781,0.6433330178260803,0.6433330178260803,7200
2001-08-13,0.6499999761581421,0.6499999761581421,0.6399999856948853,0.6399999856948853,0.6399999856948853,27600
2001-08-14,0.6399999856948853,0.6399999856948853,0.6399999856948853,0.6399999856948853,0.6399999856948853,0
2001-08-15,0.6299999952316284,0.6299999952316284,0.6233329772949219,0.6233329772949219,0.6233329772949219,21000
2001-08-16,0.6233329772949219,0.6233329772949219,0.6166669726371765,0.6166669726371765,0.6166669726371765,15300
2001-08-17,0.6166669726371765,0.6233329772949219,0.6033329963684082,0.6100000143051147,0.6100000143051147,5700
2001-08-20,0.6000000238418579,0.6100000143051147,0.6000000238418579,0.6100000143051147,0.6100000143051147,2700
2001-08-21,0.6100000143051147,0.6100000143051147,0.6100000143051147,0.6100000143051147,0.6100000143051147,0
2001-08-22,0.6266670227050781,0.6266670227050781,0.6266670227050781,0.6266670227050781,0.6266670227050781,1200
2001-08-23,0.6333330273628235,0.6399999856948853,0.6266670227050781,0.6399999856948853,0.6399999856948853,3300
2001-08-24,0.663332998752594,0.663332998752594,0.6333330273628235,0.6333330273628235,0.6333330273628235,4200
2001-08-27,0.663332998752594,0.663332998752594,0.6166669726371765,0.6266670227050781,0.6266670227050781,7200
2001-08-28,0.6333330273628235,0.6333330273628235,0.6266670227050781,0.6266670227050781,0.6266670227050781,10800
2001-08-29,0.6033329963684082,0.6266670227050781,0.6000000238418579,0.6266670227050781,0.6266670227050781,25800
2001-08-30,0.6266670227050781,0.6266670227050781,0.6266670227050781,0.6266670227050781,0.6266670227050781,0
2001-08-31,0.6266670227050781,0.6266670227050781,0.6033329963684082,0.6033329963684082,0.6033329963684082,21600
2001-09-04,0.6033329963684082,0.6033329963684082,0.5799999833106995,0.6033329963684082,0.6033329963684082,41100
2001-09-05,0.6266670227050781,0.6266670227050781,0.586667001247406,0.586667001247406,0.586667001247406,18000
2001-09-06,0.6333330273628235,0.6333330273628235,0.6333330273628235,0.6333330273628235,0.6333330273628235,18000
2001-09-07,0.6466670036315918,0.6666669845581055,0.6466670036315918,0.6666669845581055,0.6666669845581055,10500
2001-09-10,0.6666669845581055,0.6666669845581055,0.6499999761581421,0.663332998752594,0.663332998752594,60300
2001-09-17,0.6000000238418579,0.636667013168335,0.6000000238418579,0.636667013168335,0.636667013168335,8400
2001-09-18,0.636667013168335,0.6499999761581421,0.550000011920929,0.6033329963684082,0.6033329963684082,43200
2001-09-19,0.550000011920929,0.550000011920929,0.5033329725265503,0.5033329725265503,0.5033329725265503,36000
2001-09-20,0.536666989326477,0.536666989326477,0.5033329725265503,0.5066670179367065,0.5066670179367065,13500
2001-09-21,0.5033329725265503,0.5166670083999634,0.5,0.5166670083999634,0.5166670083999634,11400
2001-09-24,0.5333330035209656,0.5400000214576721,0.5333330035209656,0.5400000214576721,0.5400000214576721,13500
2001-09-25,0.6333330273628235,0.6333330273628235,0.5666670203208923,0.5666670203208923,0.5666670203208923,1800
2001-09-26,0.6000000238418579,0.6000000238418579,0.6000000238418579,0.6000000238418579,0.6000000238418579,1500
2001-09-27,0.5666670203208923,0.5666670203208923,0.5666670203208923,0.5666670203208923,0.5666670203208923,1200
2001-09-28,0.5666670203208923,0.5666670203208923,0.5666670203208923,0.5666670203208923,0.5666670203208923,0
2001-10-01,0.5666670203208923,0.5833330154418945,0.5,0.5466669797897339,0.5466669797897339,6900
2001-10-02,0.5166670083999634,0.5166670083999634,0.5,0.5,0.5,46800
2001-10-03,0.4866670072078705,0.4866670072078705,0.4866670072078705,0.4866670072078705,0.4866670072078705,2100
2001-10-04,0.4866670072078705,0.4866670072078705,0.4866670072078705,0.4866670072078705,0.4866670072078705,0
2001-10-05,0.4866670072078705,0.4866670072078705,0.4866670072078705,0.4866670072078705,0.4866670072078705,0
2001-10-08,0.5,0.5,0.5,0.5,0.5,3000
2001-10-09,0.5,0.5,0.5,0.5,0.5,0
2001-10-10,0.49000000953674316,0.49000000953674316,0.49000000953674316,0.49000000953674316,0.49000000953674316,600
2001-10-11,0.49000000953674316,0.5066670179367065,0.44999998807907104,0.5066670179367065,0.5066670179367065,41100
2001-10-12,0.4666669964790344,0.4666669964790344,0.4666669964790344,0.4666669964790344,0.4666669964790344,2400
2001-10-15,0.4666669964790344,0.4666669964790344,0.4666669964790344,0.4666669964790344,0.4666669964790344,3000
2001-10-16,0.4666669964790344,0.4699999988079071,0.4666669964790344,0.4699999988079071,0.4699999988079071,10800
2001-10-17,0.4699999988079071,0.4699999988079071,0.4699999988079071,0.4699999988079071,0.4699999988079071,0
2001-10-18,0.4699999988079071,0.4699999988079071,0.4699999988079071,0.4699999988079071,0.4699999988079071,0
2001-10-19,0.4699999988079071,0.4699999988079071,0.4699999988079071,0.4699999988079071,0.4699999988079071,0
2001-10-22,0.5033329725265503,0.5033329725265503,0.5033329725265503,0.5033329725265503,0.5033329725265503,600
2001-10-23,0.5033329725265503,0.5033329725265503,0.5,0.5,0.5,11400
2001-10-24,0.550000011920929,0.550000011920929,0.4833329916000366,0.5,0.5,2400
2001-10-25,0.5333330035209656,0.5333330035209656,0.5333330035209656,0.5333330035209656,0.5333330035209656,3300
2001-10-26,0.4833329916000366,0.4833329916000366,0.4833329916000366,0.4833329916000366,0.4833329916000366,300
2001-10-29,0.4733330011367798,0.4733330011367798,0.41666701436042786,0.41666701436042786,0.41666701436042786,36300
2001-10-30,0.43333300948143005,0.4833329916000366,0.43333300948143005,0.4833329916000366,0.4833329916000366,27000
2001-10-31,0.4833329916000366,0.5,0.4833329916000366,0.4966669976711273,0.4966669976711273,34800
2001-11-01,0.5,0.5833330154418945,0.5,0.5833330154418945,0.5833330154418945,3600
2001-11-02,0.5833330154418945,0.5833330154418945,0.5833330154418945,0.5833330154418945,0.5833330154418945,0
2001-11-05,0.4699999988079071,0.4699999988079071,0.4699999988079071,0.4699999988079071,0.4699999988079071,5100
2001-11-06,0.4699999988079071,0.4699999988079071,0.4699999988079071,0.4699999988079071,0.4699999988079071,0
2001-11-07,0.4699999988079071,0.4699999988079071,0.4699999988079071,0.4699999988079071,0.4699999988079071,0
2001-11-08,0.4699999988079071,0.4699999988079071,0.4699999988079071,0.4699999988079071,0.4699999988079071,0
2001-11-09,0.5,0.5166670083999634,0.4733330011367798,0.4733330011367798,0.4733330011367798,7800
2001-11-12,0.4699999988079071,0.5,0.4699999988079071,0.5,0.5,5400
2001-11-13,0.4699999988079071,0.5,0.4699999988079071,0.4699999988079071,0.4699999988079071,30600
2001-11-14,0.550000011920929,0.550000011920929,0.4666669964790344,0.4666669964790344,0.4666669964790344,29700
2001-11-15,0.4666669964790344,0.4666669964790344,0.42333298921585083,0.4666669964790344,0.4666669964790344,75000
2001-11-16,0.4433329999446869,0.4433329999446869,0.4000000059604645,0.41666701436042786,0.41666701436042786,128100
2001-11-19,0.40333300828933716,0.40333300828933716,0.4000000059604645,0.4000000059604645,0.4000000059604645,133500
2001-11-20,0.4000000059604645,0.4399999976158142,0.3966670036315918,0.3966670036315918,0.3966670036315918,80700
2001-11-21,0.4000000059604645,0.4000000059604645,0.38999998569488525,0.38999998569488525,0.38999998569488525,87900
2001-11-23,0.4099999964237213,0.4099999964237213,0.38999998569488525,0.38999998569488525,0.38999998569488525,4800
2001-11-26,0.4000000059604645,0.41666701436042786,0.4000000059604645,0.41666701436042786,0.41666701436042786,3900
2001-11-27,0.38999998569488525,0.41666701436042786,0.38999998569488525,0.41666701436042786,0.41666701436042786,9900
2001-11-28,0.4000000059604645,0.4000000059604645,0.4000000059604645,0.4000000059604645,0.4000000059604645,600
2001-11-29,0.49333301186561584,0.49333301186561584,0.43333300948143005,0.44999998807907104,0.44999998807907104,5700
2001-11-30,0.4666669964790344,0.47666698694229126,0.4666669964790344,0.4699999988079071,0.4699999988079071,57900
2001-12-03,0.4699999988079071,0.5299999713897705,0.4666669964790344,0.4666669964790344,0.4666669964790344,3900
2001-12-04,0.4733330011367798,0.49333301186561584,0.4733330011367798,0.49333301186561584,0.49333301186561584,8100
2001-12-05,0.49333301186561584,0.49333301186561584,0.49333301186561584,0.49333301186561584,0.49333301186561584,0
2001-12-06,0.4866670072078705,0.4866670072078705,0.4666669964790344,0.4666669964790344,0.4666669964790344,15000
2001-12-07,0.5066670179367065,0.5199999809265137,0.4433329999446869,0.4533329904079437,0.4533329904079437,6600
2001-12-10,0.43333300948143005,0.44999998807907104,0.3799999952316284,0.44999998807907104,0.44999998807907104,4200
2001-12-11,0.44999998807907104,0.44999998807907104,0.44999998807907104,0.44999998807907104,0.44999998807907104,0
2001-12-12,0.5,0.550000011920929,0.5,0.5466669797897339,0.5466669797897339,28800
2001-12-13,0.5633329749107361,0.5799999833106995,0.5600000023841858,0.5799999833106995,0.5799999833106995,228000
2001-12-14,0.5799999833106995,0.5966669917106628,0.5699999928474426,0.5966669917106628,0.5966669917106628,49800
2001-12-17,0.5933330059051514,0.5966669917106628,0.5933330059051514,0.5966669917106628,0.5966669917106628,12000
2001-12-18,0.5699999928474426,0.5933330059051514,0.5033329725265503,0.5933330059051514,0.5933330059051514,24600
2001-12-19,0.5099999904632568,0.5099999904632568,0.5099999904632568,0.5099999904632568,0.5099999904632568,900
2001-12-20,0.5166670083999634,0.5333330035209656,0.5166670083999634,0.5333330035209656,0.5333330035209656,3900
2001-12-21,0.5666670203208923,0.6000000238418579,0.5266669988632202,0.550000011920929,0.550000011920929,29400
2001-12-24,0.550000011920929,0.550000011920929,0.550000011920929,0.550000011920929,0.550000011920929,0
2001-12-26,0.5833330154418945,0.586667001247406,0.5666670203208923,0.5666670203208923,0.5666670203208923,104100
2001-12-27,0.5533329844474792,0.5833330154418945,0.5533329844474792,0.5833330154418945,0.5833330154418945,66300
2001-12-28,0.6166669726371765,0.6333330273628235,0.5666670203208923,0.5666670203208923,0.5666670203208923,18900
2001-12-31,0.5899999737739563,0.6399999856948853,0.5833330154418945,0.586667001247406,0.586667001247406,70800
2002-01-02,0.5933330059051514,0.6000000238418579,0.5833330154418945,0.5899999737739563,0.5899999737739563,92400
2002-01-03,0.5699999928474426,0.5699999928474426,0.5533329844474792,0.5533329844474792,0.5533329844474792,1800
2002-01-04,0.5533329844474792,0.5533329844474792,0.5533329844474792,0.5533329844474792,0.5533329844474792,300
2002-01-07,0.5699999928474426,0.5833330154418945,0.5666670203208923,0.5833330154418945,0.5833330154418945,9300
2002-01-08,0.5833330154418945,0.5833330154418945,0.5833330154418945,0.5833330154418945,0.5833330154418945,15000
2002-01-09,0.5666670203208923,0.5666670203208923,0.550000011920929,0.550000011920929,0.550000011920929,2400
2002-01-10,0.5833330154418945,0.5933330059051514,0.5833330154418945,0.5833330154418945,0.5833330154418945,3600
2002-01-11,0.5833330154418945,0.6100000143051147,0.5833330154418945,0.6066669821739197,0.6066669821739197,49500
2002-01-14,0.6000000238418579,0.6000000238418579,0.6000000238418579,0.6000000238418579,0.6000000238418579,900
2002-01-15,0.6000000238418579,0.6000000238418579,0.6000000238418579,0.6000000238418579,0.6000000238418579,0
2002-01-16,0.6299999952316284,0.6666669845581055,0.6166669726371765,0.6666669845581055,0.6666669845581055,76200
2002-01-17,0.6666669845581055,0.75,0.6666669845581055,0.699999988079071,0.699999988079071,22500
2002-01-18,0.6333330273628235,0.6333330273628235,0.6166669726371765,0.6166669726371765,0.6166669726371765,21300
2002-01-22,0.699999988079071,0.75,0.6166669726371765,0.6166669726371765,0.6166669726371765,7500
2002-01-23,0.7766669988632202,0.8199999928474426,0.75,0.7666670083999634,0.7666670083999634,52500
2002-01-24,0.7400000095367432,0.9166669845581055,0.6866670250892639,0.7833330035209656,0.7833330035209656,100500
2002-01-25,0.7799999713897705,0.8166670203208923,0.7566670179367065,0.7733330130577087,0.7733330130577087,38100
2002-01-28,0.7699999809265137,0.9166669845581055,0.7699999809265137,0.9166669845581055,0.9166669845581055,73500
2002-01-29,0.9166669845581055,0.9966670274734497,0.913332998752594,0.913332998752594,0.913332998752594,47100
2002-01-30,0.9166669845581055,0.9166669845581055,0.8333330154418945,0.836667001247406,0.836667001247406,22500
2002-01-31,0.8833330273628235,0.949999988079071,0.8833330273628235,0.9166669845581055,0.9166669845581055,24900
2002-02-01,0.9800000190734863,1.0666669607162476,0.9666669964790344,1.0499999523162842,1.0499999523162842,61200
2002-02-04,1.0833330154418945,1.0833330154418945,1.0066670179367065,1.0066670179367065,1.0066670179367065,72600
2002-02-05,1.0,1.0833330154418945,0.949999988079071,1.036666989326477,1.036666989326477,60600
2002-02-06,1.023332953453064,1.023332953453064,0.699999988079071,0.963333010673523,0.963333010673523,30600
2002-02-07,0.8700000047683716,0.913332998752594,0.8333330154418945,0.913332998752594,0.913332998752594,9300
2002-02-08,0.8766670227050781,0.8766670227050781,0.7400000095367432,0.836667001247406,0.836667001247406,40800
2002-02-11,0.8533329963684082,1.0,0.8500000238418579,0.9900000095367432,0.9900000095367432,12300
2002-02-12,0.9766669869422913,0.9766669869422913,0.8166670203208923,0.8999999761581421,0.8999999761581421,13500
2002-02-13,0.8500000238418579,0.8500000238418579,0.7666670083999634,0.8500000238418579,0.8500000238418579,49500
2002-02-14,0.8500000238418579,0.8666669726371765,0.800000011920929,0.8333330154418945,0.8333330154418945,19200
2002-02-15,0.8299999833106995,0.8933330178260803,0.8166670203208923,0.8166670203208923,0.8166670203208923,23700
2002-02-19,0.8666669726371765,0.9166669845581055,0.7900000214576721,0.9166669845581055,0.9166669845581055,9600
2002-02-20,0.9333329796791077,0.9333329796791077,0.8500000238418579,0.8566669821739197,0.8566669821739197,3000
2002-02-21,0.9333329796791077,0.9333329796791077,0.8999999761581421,0.8999999761581421,0.8999999761581421,7500
2002-02-22,0.8666669726371765,0.8666669726371765,0.863332986831665,0.863332986831665,0.863332986831665,16500
2002-02-25,0.913332998752594,1.0333329439163208,0.913332998752594,0.9666669964790344,0.9666669964790344,181200
2002-02-26,0.9666669964790344,1.0833330154418945,0.9666669964790344,1.0033329725265503,1.0033329725265503,191400
2002-02-27,1.0066670179367065,1.0499999523162842,1.0033329725265503,1.0333329439163208,1.0333329439163208,98100
2002-02-28,1.0466669797897339,1.0466669797897339,1.0,1.0333329439163208,1.0333329439163208,167700
2002-03-01,1.053333044052124,1.053333044052124,1.0299999713897705,1.0333329439163208,1.0333329439163208,82800
2002-03-04,1.0333329439163208,1.1100000143051147,1.0333329439163208,1.0666669607162476,1.0666669607162476,170700
2002-03-05,1.0833330154418945,1.1666669845581055,1.0733330249786377,1.1666669845581055,1.1666669845581055,264300
2002-03-06,1.2333329916000366,1.3666670322418213,1.2033330202102661,1.2999999523162842,1.2999999523162842,211200
2002-03-07,1.2999999523162842,1.2999999523162842,1.2366670370101929,1.2899999618530273,1.2899999618530273,67800
2002-03-08,1.2899999618530273,1.350000023841858,1.2666670083999634,1.2666670083999634,1.2666670083999634,74700
2002-03-11,1.2833329439163208,1.3200000524520874,1.2833329439163208,1.2833329439163208,1.2833329439163208,17700
2002-03-12,1.2833329439163208,1.3200000524520874,1.2000000476837158,1.2200000286102295,1.2200000286102295,36300
2002-03-13,1.2100000381469727,1.2599999904632568,1.190000057220459,1.2566670179367065,1.2566670179367065,43800
2002-03-14,1.190000057220459,1.2000000476837158,1.1733330488204956,1.1733330488204956,1.1733330488204956,43500
2002-03-15,1.1733330488204956,1.2566670179367065,1.1733330488204956,1.2166670560836792,1.2166670560836792,6900
2002-03-18,1.1766669750213623,1.3133330345153809,1.1766669750213623,1.2400000095367432,1.2400000095367432,31800
2002-03-19,1.2433329820632935,1.2999999523162842,1.2000000476837158,1.2000000476837158,1.2000000476837158,23100
2002-03-20,1.213333010673523,1.213333010673523,1.213333010673523,1.213333010673523,1.213333010673523,4500
2002-03-21,1.2633329629898071,1.2966669797897339,1.25,1.25,1.25,15300
2002-03-22,1.213333010673523,1.2366670370101929,1.1666669845581055,1.1666669845581055,1.1666669845581055,20700
2002-03-25,1.2466670274734497,1.2466670274734497,1.1666669845581055,1.1833330392837524,1.1833330392837524,15300
2002-03-26,1.1733330488204956,1.1799999475479126,1.1733330488204956,1.1799999475479126,1.1799999475479126,5700
2002-03-27,1.1766669750213623,1.1833330392837524,1.1766669750213623,1.1766669750213623,1.1766669750213623,10800
2002-03-28,1.1833330392837524,1.25,1.1666669845581055,1.196666955947876,1.196666955947876,91200
2002-04-01,1.1799999475479126,1.2300000190734863,1.1799999475479126,1.2033330202102661,1.2033330202102661,32400
2002-04-02,1.25,1.25,1.196666955947876,1.196666955947876,1.196666955947876,28800
2002-04-03,1.2300000190734863,1.2300000190734863,1.196666955947876,1.196666955947876,1.196666955947876,5700
2002-04-04,1.2066669464111328,1.2100000381469727,1.1833330392837524,1.1833330392837524,1.1833330392837524,38400
2002-04-05,1.2300000190734863,1.3133330345153809,1.2166670560836792,1.3133330345153809,1.3133330345153809,58800
2002-04-08,1.2833329439163208,1.2833329439163208,1.2366670370101929,1.2833329439163208,1.2833329439163208,29100
2002-04-09,1.2833329439163208,1.4166669845581055,1.2833329439163208,1.4133330583572388,1.4133330583572388,152100
2002-04-10,1.4666670560836792,1.4833329916000366,1.4166669845581055,1.4833329916000366,1.4833329916000366,125700
2002-04-11,1.4666670560836792,1.6566669940948486,1.440000057220459,1.6566669940948486,1.6566669940948486,82500
2002-04-12,1.649999976158142,1.649999976158142,1.350000023841858,1.4666670560836792,1.4666670560836792,84600
2002-04-15,1.4666670560836792,1.5299999713897705,1.4166669845581055,1.5133329629898071,1.5133329629898071,63900
2002-04-16,1.5099999904632568,1.5299999713897705,1.4500000476837158,1.4733330011367798,1.4733330011367798,30300
2002-04-17,1.5,1.5,1.440000057220459,1.4666670560836792,1.4666670560836792,38400
2002-04-18,1.4666670560836792,1.4666670560836792,1.4533330202102661,1.4533330202102661,1.4533330202102661,60900
2002-04-19,1.4900000095367432,1.4933329820632935,1.4533330202102661,1.4700000286102295,1.4700000286102295,21600
2002-04-22,1.4533330202102661,1.5499999523162842,1.386667013168335,1.5499999523162842,1.5499999523162842,67200
2002-04-23,1.5800000429153442,1.6666669845581055,1.3200000524520874,1.3200000524520874,1.3200000524520874,98700
2002-04-24,1.4199999570846558,1.5,1.3700000047683716,1.3833329677581787,1.3833329677581787,72300
2002-04-25,1.4266669750213623,1.4266669750213623,1.3333330154418945,1.3333330154418945,1.3333330154418945,23400
2002-04-26,1.1833330392837524,1.3166669607162476,1.1799999475479126,1.2166670560836792,1.2166670560836792,96300
2002-04-29,1.2533329725265503,1.3166669607162476,1.25,1.2666670083999634,1.2666670083999634,14100
2002-04-30,1.2666670083999634,1.2666670083999634,1.2666670083999634,1.2666670083999634,1.2666670083999634,300
2002-05-01,1.3133330345153809,1.3166669607162476,1.2799999713897705,1.2833329439163208,1.2833329439163208,13500
2002-05-02,1.3666670322418213,1.3966670036315918,1.309999942779541,1.309999942779541,1.309999942779541,6300
2002-05-03,1.2999999523162842,1.3733329772949219,1.2999999523162842,1.3733329772949219,1.3733329772949219,6000
2002-05-06,1.3833329677581787,1.3833329677581787,1.2833329439163208,1.2933330535888672,1.2933330535888672,14400
2002-05-07,1.286666989326477,1.3333330154418945,1.2833329439163208,1.286666989326477,1.286666989326477,7800
2002-05-08,1.286666989326477,1.3666670322418213,1.2833329439163208,1.2833329439163208,1.2833329439163208,15600
2002-05-09,1.3233330249786377,1.3233330249786377,1.2833329439163208,1.2833329439163208,1.2833329439163208,12900
2002-05-10,1.2833329439163208,1.2833329439163208,1.2833329439163208,1.2833329439163208,1.2833329439163208,0
2002-05-13,1.2833329439163208,1.3133330345153809,1.2666670083999634,1.2666670083999634,1.2666670083999634,8100
2002-05-14,1.2333329916000366,1.2966669797897339,1.2200000286102295,1.2966669797897339,1.2966669797897339,6600
2002-05-15,1.2933330535888672,1.2933330535888672,1.1666669845581055,1.1833330392837524,1.1833330392837524,16800
2002-05-16,1.2166670560836792,1.2433329820632935,1.2166670560836792,1.2166670560836792,1.2166670560836792,12300
2002-05-17,1.1666669845581055,1.2000000476837158,1.1666669845581055,1.1733330488204956,1.1733330488204956,30000
2002-05-20,1.149999976158142,1.2000000476837158,1.149999976158142,1.2000000476837158,1.2000000476837158,19500
2002-05-21,1.1533329486846924,1.1666669845581055,1.149999976158142,1.1666669845581055,1.1666669845581055,8100
2002-05-22,1.149999976158142,1.1833330392837524,1.149999976158142,1.1833330392837524,1.1833330392837524,7800
2002-05-23,1.1333329677581787,1.1333329677581787,1.0333329439163208,1.1333329677581787,1.1333329677581787,20700
2002-05-24,1.1166670322418213,1.1666669845581055,1.1166670322418213,1.149999976158142,1.149999976158142,8100
2002-05-28,1.1666669845581055,1.2000000476837158,1.1166670322418213,1.2000000476837158,1.2000000476837158,22200
2002-05-29,1.2233330011367798,1.2233330011367798,1.1399999856948853,1.1399999856948853,1.1399999856948853,5400
2002-05-30,1.1399999856948853,1.1666669845581055,1.1066670417785645,1.1166670322418213,1.1166670322418213,17100
2002-05-31,1.1333329677581787,1.1633330583572388,1.1200000047683716,1.1633330583572388,1.1633330583572388,6300
2002-06-03,1.1633330583572388,1.1799999475479126,1.1633330583572388,1.1799999475479126,1.1799999475479126,3900
2002-06-04,1.1333329677581787,1.1333329677581787,1.1266670227050781,1.1266670227050781,1.1266670227050781,16500
2002-06-05,1.1666669845581055,1.1666669845581055,1.1166670322418213,1.1166670322418213,1.1166670322418213,1800
2002-06-06,1.1333329677581787,1.1333329677581787,1.1166670322418213,1.1166670322418213,1.1166670322418213,14400
2002-06-07,1.1166670322418213,1.1166670322418213,1.1166670322418213,1.1166670322418213,1.1166670322418213,300
2002-06-10,1.1200000047683716,1.1200000047683716,1.1200000047683716,1.1200000047683716,1.1200000047683716,900
2002-06-11,1.100000023841858,1.1666669845581055,1.100000023841858,1.1666669845581055,1.1666669845581055,1200
2002-06-12,1.1666669845581055,1.1666669845581055,1.1666669845581055,1.1666669845581055,1.1666669845581055,0
2002-06-13,1.1666669845581055,1.2666670083999634,1.1466670036315918,1.2000000476837158,1.2000000476837158,26100
2002-06-14,1.2066669464111328,1.3333330154418945,1.1666669845581055,1.3300000429153442,1.3300000429153442,35100
2002-06-17,1.2833329439163208,1.2833329439163208,1.100000023841858,1.100000023841858,1.100000023841858,18600
2002-06-18,1.2799999713897705,1.2799999713897705,1.2333329916000366,1.25,1.25,3000
2002-06-19,1.1200000047683716,1.2933330535888672,1.1200000047683716,1.149999976158142,1.149999976158142,15600
2002-06-20,1.2766669988632202,1.2833329439163208,1.149999976158142,1.2833329439163208,1.2833329439163208,20100
2002-06-21,1.1666669845581055,1.1666669845581055,1.1666669845581055,1.1666669845581055,1.1666669845581055,1500
2002-06-24,1.1666669845581055,1.1666669845581055,1.1166670322418213,1.1166670322418213,1.1166670322418213,1800
2002-06-25,1.1166670322418213,1.1166670322418213,1.1166670322418213,1.1166670322418213,1.1166670322418213,0
2002-06-26,1.2166670560836792,1.2166670560836792,1.136667013168335,1.136667013168335,1.136667013168335,4500
2002-06-27,1.1333329677581787,1.1399999856948853,1.0666669607162476,1.1066670417785645,1.1066670417785645,8100
2002-06-28,1.1066670417785645,1.2833329439163208,1.1066670417785645,1.1833330392837524,1.1833330392837524,40200
2002-07-01,1.1666669845581055,1.1666669845581055,1.1666669845581055,1.1666669845581055,1.1666669845581055,17400
2002-07-02,1.1666669845581055,1.1666669845581055,1.149999976158142,1.149999976158142,1.149999976158142,18600
2002-07-03,1.1333329677581787,1.1333329677581787,1.0666669607162476,1.0733330249786377,1.0733330249786377,44100
2002-07-05,1.100000023841858,1.100000023841858,1.100000023841858,1.100000023841858,1.100000023841858,6900
2002-07-08,1.100000023841858,1.100000023841858,1.100000023841858,1.100000023841858,1.100000023841858,15000
2002-07-09,1.100000023841858,1.100000023841858,1.100000023841858,1.100000023841858,1.100000023841858,10200
2002-07-10,1.100000023841858,1.100000023841858,1.100000023841858,1.100000023841858,1.100000023841858,0
2002-07-11,1.0833330154418945,1.1166670322418213,1.0666669607162476,1.0833330154418945,1.0833330154418945,22200
2002-07-12,1.100000023841858,1.100000023841858,1.100000023841858,1.100000023841858,1.100000023841858,1500
2002-07-15,1.100000023841858,1.1100000143051147,1.0933330059051514,1.0933330059051514,1.0933330059051514,31200
2002-07-16,1.100000023841858,1.1399999856948853,1.0499999523162842,1.1166670322418213,1.1166670322418213,11400
2002-07-17,1.0833330154418945,1.0866669416427612,1.0833330154418945,1.0866669416427612,1.0866669416427612,2100
2002-07-18,1.0866669416427612,1.0866669416427612,1.0833330154418945,1.0833330154418945,1.0833330154418945,9600
2002-07-19,1.100000023841858,1.1166670322418213,1.100000023841858,1.1166670322418213,1.1166670322418213,52200
2002-07-22,1.0866669416427612,1.100000023841858,0.9366670250892639,1.0,1.0,18300
2002-07-23,0.9866669774055481,0.9866669774055481,0.9166669845581055,0.949999988079071,0.949999988079071,25200
2002-07-24,0.9200000166893005,1.0133329629898071,0.9066669940948486,0.9166669845581055,0.9166669845581055,61200
2002-07-25,0.9166669845581055,0.9166669845581055,0.9166669845581055,0.9166669845581055,0.9166669845581055,12300
2002-07-26,0.9166669845581055,1.0166670083999634,0.9166669845581055,1.0,1.0,28200
2002-07-29,1.0333329439163208,1.036666989326477,1.0333329439163208,1.0333329439163208,1.0333329439163208,7800
2002-07-30,1.0333329439163208,1.0333329439163208,1.0333329439163208,1.0333329439163208,1.0333329439163208,0
2002-07-31,1.036666989326477,1.036666989326477,1.0333329439163208,1.036666989326477,1.036666989326477,6600
2002-08-01,1.0499999523162842,1.0833330154418945,1.0333329439163208,1.0333329439163208,1.0333329439163208,66300
2002-08-02,0.9866669774055481,1.0833330154418945,0.9666669964790344,1.0499999523162842,1.0499999523162842,66900
2002-08-05,1.0499999523162842,1.0833330154418945,0.9333329796791077,1.0499999523162842,1.0499999523162842,51600
2002-08-06,1.0499999523162842,1.0499999523162842,0.9666669964790344,0.9666669964790344,0.9666669964790344,2400
2002-08-07,0.9666669964790344,0.9666669964790344,0.9666669964790344,0.9666669964790344,0.9666669964790344,0
2002-08-08,1.0,1.0,0.9833329916000366,0.9833329916000366,0.9833329916000366,46200
2002-08-09,1.0633330345153809,1.1299999952316284,1.0,1.0,1.0,19800
2002-08-12,1.0633330345153809,1.0633330345153809,1.0033329725265503,1.0133329629898071,1.0133329629898071,7800
2002-08-13,1.0,1.0,0.9666669964790344,0.9666669964790344,0.9666669964790344,3600
2002-08-14,0.9700000286102295,0.9700000286102295,0.8999999761581421,0.9166669845581055,0.9166669845581055,22500
2002-08-15,0.949999988079071,1.0333329439163208,0.949999988079071,1.0,1.0,113100
2002-08-16,1.0166670083999634,1.0166670083999634,1.0099999904632568,1.0099999904632568,1.0099999904632568,9000
2002-08-19,0.9933329820632935,1.0033329725265503,0.9933329820632935,1.0,1.0,8700
2002-08-20,1.0033329725265503,1.0033329725265503,1.0033329725265503,1.0033329725265503,1.0033329725265503,1200
2002-08-21,1.0299999713897705,1.0299999713897705,0.8333330154418945,1.0,1.0,114000
2002-08-22,0.9666669964790344,1.0,0.9666669964790344,1.0,1.0,35100
2002-08-23,0.9733330011367798,0.9800000190734863,0.9733330011367798,0.9733330011367798,0.9733330011367798,23700
2002-08-26,1.0,1.0,0.9733330011367798,0.9733330011367798,0.9733330011367798,8400
2002-08-27,1.0333329439163208,1.0666669607162476,0.9666669964790344,0.9666669964790344,0.9666669964790344,20700
2002-08-28,0.9833329916000366,1.0,0.9733330011367798,0.9966670274734497,0.9966670274734497,11700
2002-08-29,0.9866669774055481,0.9866669774055481,0.9866669774055481,0.9866669774055481,0.9866669774055481,1200
2002-08-30,1.0266669988632202,1.0333329439163208,1.0,1.0166670083999634,1.0166670083999634,26400
2002-09-03,1.0166670083999634,1.0166670083999634,0.9166669845581055,1.0033329725265503,1.0033329725265503,12300
2002-09-04,1.0266669988632202,1.0266669988632202,0.9166669845581055,0.9166669845581055,0.9166669845581055,22500
2002-09-05,0.9366670250892639,0.9366670250892639,0.9333329796791077,0.9333329796791077,0.9333329796791077,7800
2002-09-06,0.949999988079071,1.0,0.8999999761581421,0.9666669964790344,0.9666669964790344,18900
2002-09-09,0.9333329796791077,0.949999988079071,0.9333329796791077,0.949999988079071,0.949999988079071,5700
2002-09-10,0.949999988079071,1.0,0.949999988079071,1.0,1.0,15300
2002-09-11,0.9933329820632935,0.9933329820632935,0.9333329796791077,0.9333329796791077,0.9333329796791077,7500
2002-09-12,0.9366670250892639,0.9366670250892639,0.9366670250892639,0.9366670250892639,0.9366670250892639,3300
2002-09-13,0.9833329916000366,0.9833329916000366,0.949999988079071,0.9666669964790344,0.9666669964790344,1800
2002-09-16,0.9933329820632935,0.9966670274734497,0.9333329796791077,0.9666669964790344,0.9666669964790344,6000
2002-09-17,0.9866669774055481,1.0,0.9399999976158142,1.0,1.0,9600
2002-09-18,0.949999988079071,0.949999988079071,0.9333329796791077,0.9333329796791077,0.9333329796791077,6000
2002-09-19,0.9833329916000366,0.9833329916000366,0.9833329916000366,0.9833329916000366,0.9833329916000366,2400
2002-09-20,0.9833329916000366,0.9833329916000366,0.9833329916000366,0.9833329916000366,0.9833329916000366,0
2002-09-23,0.9266669750213623,0.9333329796791077,0.9266669750213623,0.9333329796791077,0.9333329796791077,3000
2002-09-24,0.9233329892158508,0.9233329892158508,0.8666669726371765,0.8833330273628235,0.8833330273628235,51600
2002-09-25,0.8833330273628235,0.8933330178260803,0.8500000238418579,0.8500000238418579,0.8500000238418579,19200
2002-09-26,0.863332986831665,0.8666669726371765,0.8533329963684082,0.8566669821739197,0.8566669821739197,21900
2002-09-27,0.8566669821739197,0.8566669821739197,0.8566669821739197,0.8566669821739197,0.8566669821739197,4800
2002-09-30,0.8566669821739197,0.8566669821739197,0.8566669821739197,0.8566669821739197,0.8566669821739197,13500
2002-10-01,0.8500000238418579,0.8500000238418579,0.8500000238418579,0.8500000238418579,0.8500000238418579,1800
2002-10-02,0.8533329963684082,0.8533329963684082,0.8500000238418579,0.8500000238418579,0.8500000238418579,7200
2002-10-03,0.8133329749107361,0.8199999928474426,0.8133329749107361,0.8199999928474426,0.8199999928474426,3600
2002-10-04,0.8166670203208923,0.8166670203208923,0.800000011920929,0.800000011920929,0.800000011920929,12000
2002-10-07,0.800000011920929,0.800000011920929,0.800000011920929,0.800000011920929,0.800000011920929,0
2002-10-08,0.8033329844474792,0.8033329844474792,0.800000011920929,0.800000011920929,0.800000011920929,16200
2002-10-09,0.7833330035209656,0.7833330035209656,0.5833330154418945,0.6666669845581055,0.6666669845581055,45000
2002-10-10,0.5833330154418945,0.7900000214576721,0.41999998688697815,0.7900000214576721,0.7900000214576721,50400
2002-10-11,0.7900000214576721,0.7900000214576721,0.7900000214576721,0.7900000214576721,0.7900000214576721,0
2002-10-14,0.7900000214576721,0.7900000214576721,0.7900000214576721,0.7900000214576721,0.7900000214576721,0
2002-10-15,0.7900000214576721,0.800000011920929,0.7566670179367065,0.800000011920929,0.800000011920929,9300
2002-10-16,0.8266670107841492,0.8266670107841492,0.8166670203208923,0.8166670203208923,0.8166670203208923,6300
2002-10-17,0.800000011920929,0.8166670203208923,0.800000011920929,0.8033329844474792,0.8033329844474792,24900
2002-10-18,0.800000011920929,0.8333330154418945,0.7966669797897339,0.800000011920929,0.800000011920929,30000
2002-10-21,0.7966669797897339,0.8066669702529907,0.7533329725265503,0.800000011920929,0.800000011920929,7500
2002-10-22,0.800000011920929,0.800000011920929,0.800000011920929,0.800000011920929,0.800000011920929,0
2002-10-23,0.800000011920929,0.800000011920929,0.800000011920929,0.800000011920929,0.800000011920929,0
2002-10-24,0.8033329844474792,0.8299999833106995,0.800000011920929,0.8299999833106995,0.8299999833106995,4500
2002-10-25,0.8033329844474792,0.8066669702529907,0.75,0.7733330130577087,0.7733330130577087,21300
2002-10-28,0.786666989326477,0.786666989326477,0.7633330225944519,0.7666670083999634,0.7666670083999634,25800
2002-10-29,0.7366669774055481,0.7366669774055481,0.699999988079071,0.7233330011367798,0.7233330011367798,29100
2002-10-30,0.7533329725265503,0.7733330130577087,0.7533329725265503,0.7666670083999634,0.7666670083999634,19500
2002-10-31,0.8766670227050781,0.9266669750213623,0.8733329772949219,0.8999999761581421,0.8999999761581421,78300
2002-11-01,0.913332998752594,0.913332998752594,0.913332998752594,0.913332998752594,0.913332998752594,300
2002-11-04,0.8933330178260803,0.9300000071525574,0.8933330178260803,0.9300000071525574,0.9300000071525574,12000
2002-11-05,0.9333329796791077,0.9333329796791077,0.9033330082893372,0.9033330082893372,0.9033330082893372,4500
2002-11-06,0.9233329892158508,0.9233329892158508,0.9233329892158508,0.9233329892158508,0.9233329892158508,1200
2002-11-07,0.9166669845581055,0.9333329796791077,0.8666669726371765,0.8666669726371765,0.8666669726371765,10500
2002-11-08,0.9599999785423279,0.9599999785423279,0.9599999785423279,0.9599999785423279,0.9599999785423279,2700
2002-11-11,0.8833330273628235,0.9300000071525574,0.8833330273628235,0.9300000071525574,0.9300000071525574,6900
2002-11-12,0.9333329796791077,1.2999999523162842,0.9333329796791077,1.100000023841858,1.100000023841858,111600
2002-11-13,1.100000023841858,1.100000023841858,0.9833329916000366,1.053333044052124,1.053333044052124,62400
2002-11-14,1.059999942779541,1.100000023841858,1.0333329439163208,1.0733330249786377,1.0733330249786377,29400
2002-11-15,1.0733330249786377,1.0733330249786377,1.0333329439163208,1.036666989326477,1.036666989326477,72900
2002-11-18,1.0499999523162842,1.0499999523162842,1.0399999618530273,1.0499999523162842,1.0499999523162842,9000
2002-11-19,1.036666989326477,1.1666669845581055,1.0333329439163208,1.0499999523162842,1.0499999523162842,18000
2002-11-20,1.0333329439163208,1.0633330345153809,1.0166670083999634,1.0333329439163208,1.0333329439163208,36900
2002-11-21,1.0433330535888672,1.0433330535888672,1.036666989326477,1.036666989326477,1.036666989326477,6000
2002-11-22,1.0333329439163208,1.0566669702529907,1.0333329439163208,1.0333329439163208,1.0333329439163208,30000
2002-11-25,0.9966670274734497,1.0499999523162842,0.9166669845581055,1.0499999523162842,1.0499999523162842,64500
2002-11-26,1.053333044052124,1.0666669607162476,1.053333044052124,1.0666669607162476,1.0666669607162476,5400
2002-11-27,1.0499999523162842,1.0833330154418945,0.9166669845581055,1.0833330154418945,1.0833330154418945,32100
2002-11-29,1.0333329439163208,1.0333329439163208,1.0333329439163208,1.0333329439163208,1.0333329439163208,3000
2002-12-02,1.0800000429153442,1.0800000429153442,1.0666669607162476,1.0666669607162476,1.0666669607162476,4200
2002-12-03,1.0833330154418945,1.0833330154418945,1.0499999523162842,1.0499999523162842,1.0499999523162842,6900
2002-12-04,1.0499999523162842,1.0499999523162842,1.0499999523162842,1.0499999523162842,1.0499999523162842,0
2002-12-05,1.0333329439163208,1.0333329439163208,1.0333329439163208,1.0333329439163208,1.0333329439163208,18000
2002-12-06,1.023332953453064,1.023332953453064,1.023332953453064,1.023332953453064,1.023332953453064,5700
2002-12-09,0.9933329820632935,1.023332953453064,0.9933329820632935,1.0,1.0,29100
2002-12-10,1.0166670083999634,1.0333329439163208,1.0,1.0333329439163208,1.0333329439163208,24000
2002-12-11,1.0,1.0433330535888672,0.9666669964790344,1.0,1.0,51000
2002-12-12,0.9833329916000366,1.0,0.9733330011367798,1.0,1.0,22800
2002-12-13,1.0,1.0,1.0,1.0,1.0,0
2002-12-16,1.0033329725265503,1.0499999523162842,1.0,1.0466669797897339,1.0466669797897339,6600
2002-12-17,1.0333329439163208,1.0933330059051514,1.0333329439163208,1.0933330059051514,1.0933330059051514,47700
2002-12-18,1.0833330154418945,1.100000023841858,1.0833330154418945,1.0833330154418945,1.0833330154418945,164400
2002-12-19,1.0833330154418945,1.090000033378601,1.0766669511795044,1.0833330154418945,1.0833330154418945,96000
2002-12-20,1.0833330154418945,1.1100000143051147,1.0833330154418945,1.100000023841858,1.100000023841858,7800
2002-12-23,1.0833330154418945,1.0833330154418945,1.0833330154418945,1.0833330154418945,1.0833330154418945,9900
2002-12-24,1.0833330154418945,1.0833330154418945,1.0833330154418945,1.0833330154418945,1.0833330154418945,0
2002-12-26,1.0833330154418945,1.0866669416427612,1.0833330154418945,1.0866669416427612,1.0866669416427612,15600
2002-12-27,1.0833330154418945,1.1466670036315918,1.0833330154418945,1.1466670036315918,1.1466670036315918,46200
2002-12-30,1.113332986831665,1.1433329582214355,1.100000023841858,1.1433329582214355,1.1433329582214355,14700
2002-12-31,1.1200000047683716,1.1200000047683716,1.1166670322418213,1.1166670322418213,1.1166670322418213,13500
2003-01-02,1.1299999952316284,1.149999976158142,1.1299999952316284,1.149999976158142,1.149999976158142,12000
2003-01-03,1.1633330583572388,1.1666669845581055,1.1633330583572388,1.1633330583572388,1.1633330583572388,5700
2003-01-06,1.1266670227050781,1.2966669797897339,1.1266670227050781,1.2666670083999634,1.2666670083999634,42000
2003-01-07,1.2633329629898071,1.273332953453064,1.2033330202102661,1.2066669464111328,1.2066669464111328,16500
2003-01-08,1.2100000381469727,1.2100000381469727,1.1699999570846558,1.1699999570846558,1.1699999570846558,3000
2003-01-09,1.1666669845581055,1.1833330392837524,1.1666669845581055,1.1699999570846558,1.1699999570846558,10500
2003-01-10,1.1833330392837524,1.196666955947876,1.1666669845581055,1.1699999570846558,1.1699999570846558,9300
2003-01-13,1.1666669845581055,1.1833330392837524,1.1666669845581055,1.1666669845581055,1.1666669845581055,14100
2003-01-14,1.1666669845581055,1.1666669845581055,1.149999976158142,1.149999976158142,1.149999976158142,5400
2003-01-15,1.1633330583572388,1.3066669702529907,1.149999976158142,1.1666669845581055,1.1666669845581055,78600
2003-01-16,1.149999976158142,1.1833330392837524,1.149999976158142,1.1666669845581055,1.1666669845581055,45600
2003-01-17,1.1666669845581055,1.2400000095367432,1.1666669845581055,1.2400000095367432,1.2400000095367432,31500
2003-01-21,1.2366670370101929,1.25,1.2000000476837158,1.2000000476837158,1.2000000476837158,31800
2003-01-22,1.196666955947876,1.196666955947876,1.196666955947876,1.196666955947876,1.196666955947876,300
2003-01-23,1.196666955947876,1.2000000476837158,1.196666955947876,1.2000000476837158,1.2000000476837158,900
2003-01-24,1.1866669654846191,1.1866669654846191,1.1666669845581055,1.1699999570846558,1.1699999570846558,4800
2003-01-27,1.1699999570846558,1.1699999570846558,1.1699999570846558,1.1699999570846558,1.1699999570846558,0
2003-01-28,1.1799999475479126,1.1799999475479126,1.1633330583572388,1.1666669845581055,1.1666669845581055,3300
2003-01-29,1.1666669845581055,1.1666669845581055,1.1666669845581055,1.1666669845581055,1.1666669845581055,0
2003-01-30,1.149999976158142,1.1833330392837524,1.149999976158142,1.1666669845581055,1.1666669845581055,10500
2003-01-31,1.149999976158142,1.1666669845581055,1.149999976158142,1.1666669845581055,1.1666669845581055,17400
2003-02-03,1.1666669845581055,1.1666669845581055,1.1666669845581055,1.1666669845581055,1.1666669845581055,0
2003-02-04,1.1666669845581055,1.213333010673523,1.1666669845581055,1.213333010673523,1.213333010673523,9600
2003-02-05,1.3333330154418945,1.3333330154418945,1.2000000476837158,1.2166670560836792,1.2166670560836792,15000
2003-02-06,1.2166670560836792,1.2200000286102295,1.159999966621399,1.159999966621399,1.159999966621399,15900
2003-02-07,1.149999976158142,1.1533329486846924,1.149999976158142,1.1533329486846924,1.1533329486846924,9600
2003-02-10,1.149999976158142,1.149999976158142,1.149999976158142,1.149999976158142,1.149999976158142,4200
2003-02-11,1.149999976158142,1.149999976158142,1.149999976158142,1.149999976158142,1.149999976158142,3000
2003-02-12,1.1866669654846191,1.2066669464111328,1.1566669940948486,1.1566669940948486,1.1566669940948486,13800
2003-02-13,1.1799999475479126,1.2000000476837158,1.1799999475479126,1.2000000476837158,1.2000000476837158,16200
2003-02-14,1.1833330392837524,1.1833330392837524,1.1566669940948486,1.1566669940948486,1.1566669940948486,15000
2003-02-18,1.159999966621399,1.159999966621399,1.159999966621399,1.159999966621399,1.159999966621399,300
2003-02-19,1.2966669797897339,1.2966669797897339,1.1566669940948486,1.1566669940948486,1.1566669940948486,2700
2003-02-20,1.1566669940948486,1.1666669845581055,1.1566669940948486,1.1666669845581055,1.1666669845581055,10500
2003-02-21,1.1566669940948486,1.1566669940948486,1.149999976158142,1.149999976158142,1.149999976158142,600
2003-02-24,1.149999976158142,1.149999976158142,1.149999976158142,1.149999976158142,1.149999976158142,0
2003-02-25,1.149999976158142,1.1733330488204956,1.149999976158142,1.1533329486846924,1.1533329486846924,57600
2003-02-26,1.1533329486846924,1.1699999570846558,1.149999976158142,1.1699999570846558,1.1699999570846558,14400
2003-02-27,1.149999976158142,1.149999976158142,1.149999976158142,1.149999976158142,1.149999976158142,4500
2003-02-28,1.1799999475479126,1.2000000476837158,1.1666669845581055,1.1666669845581055,1.1666669845581055,66300
2003-03-03,1.1699999570846558,1.1699999570846558,1.1666669845581055,1.1666669845581055,1.1666669845581055,2100
2003-03-04,1.1833330392837524,1.1833330392837524,1.1833330392837524,1.1833330392837524,1.1833330392837524,9300
2003-03-05,1.159999966621399,1.159999966621399,1.100000023841858,1.100000023841858,1.100000023841858,8100
2003-03-06,1.159999966621399,1.159999966621399,1.1566669940948486,1.1566669940948486,1.1566669940948486,1500
2003-03-07,1.149999976158142,1.149999976158142,1.149999976158142,1.149999976158142,1.149999976158142,600
2003-03-10,0.8666669726371765,1.1333329677581787,0.8500000238418579,1.1333329677581787,1.1333329677581787,59700
2003-03-11,1.1666669845581055,1.1833330392837524,1.1333329677581787,1.1333329677581787,1.1333329677581787,18000
2003-03-12,1.0866669416427612,1.1333329677581787,1.0866669416427612,1.1333329677581787,1.1333329677581787,11700
2003-03-13,1.1166670322418213,1.1266670227050781,1.100000023841858,1.1266670227050781,1.1266670227050781,17400
2003-03-14,1.1399999856948853,1.1399999856948853,1.1399999856948853,1.1399999856948853,1.1399999856948853,600
2003-03-17,1.159999966621399,1.2999999523162842,1.1533329486846924,1.1533329486846924,1.1533329486846924,15900
2003-03-18,1.1066670417785645,1.1066670417785645,1.1066670417785645,1.1066670417785645,1.1066670417785645,600
2003-03-19,1.1066670417785645,1.1066670417785645,1.1066670417785645,1.1066670417785645,1.1066670417785645,0
2003-03-20,1.1066670417785645,1.1066670417785645,1.1066670417785645,1.1066670417785645,1.1066670417785645,0
2003-03-21,1.100000023841858,1.100000023841858,1.100000023841858,1.100000023841858,1.100000023841858,1800
2003-03-24,1.100000023841858,1.100000023841858,1.100000023841858,1.100000023841858,1.100000023841858,0
2003-03-25,1.100000023841858,1.100000023841858,1.0833330154418945,1.0833330154418945,1.0833330154418945,3300
2003-03-26,1.0933330059051514,1.100000023841858,1.0933330059051514,1.100000023841858,1.100000023841858,57300
2003-03-27,1.0866669416427612,1.1633330583572388,1.0866669416427612,1.1333329677581787,1.1333329677581787,6600
2003-03-28,1.1266670227050781,1.1666669845581055,1.1166670322418213,1.1166670322418213,1.1166670322418213,5400
2003-03-31,1.149999976158142,1.149999976158142,1.149999976158142,1.149999976158142,1.149999976158142,7500
2003-04-01,1.149999976158142,1.149999976158142,1.149999976158142,1.149999976158142,1.149999976158142,0
2003-04-02,1.1333329677581787,1.1333329677581787,1.100000023841858,1.100000023841858,1.100000023841858,15600
2003-04-03,1.100000023841858,1.100000023841858,1.100000023841858,1.100000023841858,1.100000023841858,9600
2003-04-04,1.0833330154418945,1.100000023841858,1.0833330154418945,1.100000023841858,1.100000023841858,93900
2003-04-07,1.1166670322418213,1.1233329772949219,1.1166670322418213,1.1233329772949219,1.1233329772949219,4200
2003-04-08,1.1100000143051147,1.1166670322418213,1.100000023841858,1.100000023841858,1.100000023841858,6600
2003-04-09,1.100000023841858,1.100000023841858,1.100000023841858,1.100000023841858,1.100000023841858,1800
2003-04-10,1.1066670417785645,1.1166670322418213,1.0833330154418945,1.1166670322418213,1.1166670322418213,15300
2003-04-11,1.0833330154418945,1.113332986831665,1.0666669607162476,1.1066670417785645,1.1066670417785645,23700
2003-04-14,1.113332986831665,1.1299999952316284,1.113332986831665,1.1266670227050781,1.1266670227050781,19200
2003-04-15,1.1033329963684082,1.1266670227050781,1.0833330154418945,1.1266670227050781,1.1266670227050781,1800
2003-04-16,1.1299999952316284,1.1666669845581055,1.1299999952316284,1.1466670036315918,1.1466670036315918,10800
2003-04-17,1.1666669845581055,1.1666669845581055,1.1233329772949219,1.1233329772949219,1.1233329772949219,6600
2003-04-21,1.1166670322418213,1.1633330583572388,1.1166670322418213,1.1566669940948486,1.1566669940948486,37200
2003-04-22,1.1666669845581055,1.2000000476837158,1.1666669845581055,1.1799999475479126,1.1799999475479126,64800
2003-04-23,1.2066669464111328,1.2066669464111328,1.2066669464111328,1.2066669464111328,1.2066669464111328,600
2003-04-24,1.1699999570846558,1.1699999570846558,1.1699999570846558,1.1699999570846558,1.1699999570846558,1500
2003-04-25,1.1566669940948486,1.1566669940948486,1.149999976158142,1.149999976158142,1.149999976158142,3300
2003-04-28,1.1533329486846924,1.1666669845581055,1.1533329486846924,1.1666669845581055,1.1666669845581055,15600
2003-04-29,1.1666669845581055,1.1666669845581055,1.149999976158142,1.149999976158142,1.149999976158142,4200
2003-04-30,1.149999976158142,1.149999976158142,1.149999976158142,1.149999976158142,1.149999976158142,3000
2003-05-01,1.1666669845581055,1.1799999475479126,1.149999976158142,1.1799999475479126,1.1799999475479126,11100
2003-05-02,1.2000000476837158,1.2000000476837158,1.2000000476837158,1.2000000476837158,1.2000000476837158,3000
2003-05-05,1.2066669464111328,1.25,1.196666955947876,1.25,1.25,69300
2003-05-06,1.25,1.2833329439163208,1.2333329916000366,1.2633329629898071,1.2633329629898071,44100
2003-05-07,1.2333329916000366,1.2666670083999634,1.2333329916000366,1.2566670179367065,1.2566670179367065,84000
2003-05-08,1.25,1.25,1.25,1.25,1.25,1500
2003-05-09,1.25,1.25,1.25,1.25,1.25,4500
2003-05-12,1.2533329725265503,1.2966669797897339,1.25,1.2533329725265503,1.2533329725265503,33600
2003-05-13,1.2533329725265503,1.2533329725265503,1.2533329725265503,1.2533329725265503,1.2533329725265503,0
2003-05-14,1.2400000095367432,1.2400000095367432,1.2333329916000366,1.2333329916000366,1.2333329916000366,17700
2003-05-15,1.25,1.25,1.25,1.25,1.25,2100
2003-05-16,1.2333329916000366,1.2333329916000366,1.2333329916000366,1.2333329916000366,1.2333329916000366,6600
2003-05-19,1.2333329916000366,1.2533329725265503,1.2333329916000366,1.2333329916000366,1.2333329916000366,7200
2003-05-20,1.2366670370101929,1.2366670370101929,1.2333329916000366,1.2333329916000366,1.2333329916000366,3000
2003-05-21,1.2066669464111328,1.2233330011367798,1.2066669464111328,1.2166670560836792,1.2166670560836792,28200
2003-05-22,1.2166670560836792,1.2166670560836792,1.2033330202102661,1.2033330202102661,1.2033330202102661,21000
2003-05-23,1.2000000476837158,1.2333329916000366,1.2000000476837158,1.2333329916000366,1.2333329916000366,2100
2003-05-27,1.2066669464111328,1.2166670560836792,1.2000000476837158,1.2166670560836792,1.2166670560836792,7200
2003-05-28,1.2666670083999634,1.2666670083999634,1.2100000381469727,1.2166670560836792,1.2166670560836792,335400
2003-05-29,1.2100000381469727,1.2166670560836792,1.2100000381469727,1.2166670560836792,1.2166670560836792,6600
2003-05-30,1.1933330297470093,1.25,1.1799999475479126,1.2333329916000366,1.2333329916000366,57900
2003-06-02,1.2333329916000366,1.2366670370101929,1.2300000190734863,1.2333329916000366,1.2333329916000366,52200
2003-06-03,1.2300000190734863,1.2300000190734863,1.2166670560836792,1.2166670560836792,1.2166670560836792,1800
2003-06-04,1.2166670560836792,1.2533329725265503,1.2166670560836792,1.25,1.25,42600
2003-06-05,1.2533329725265503,1.2533329725265503,1.2166670560836792,1.2333329916000366,1.2333329916000366,15600
2003-06-06,1.2233330011367798,1.2599999904632568,1.2233330011367798,1.2599999904632568,1.2599999904632568,32100
2003-06-09,1.2666670083999634,1.2666670083999634,1.2433329820632935,1.2433329820632935,1.2433329820632935,25500
2003-06-10,1.2433329820632935,1.2466670274734497,1.2433329820632935,1.2466670274734497,1.2466670274734497,6000
2003-06-11,1.2666670083999634,1.3666670322418213,1.2666670083999634,1.3533329963684082,1.3533329963684082,161400
2003-06-12,1.3366669416427612,1.3600000143051147,1.3366669416427612,1.3433330059051514,1.3433330059051514,36600
2003-06-13,1.3533329963684082,1.3533329963684082,1.3233330249786377,1.3233330249786377,1.3233330249786377,13800
2003-06-16,1.3333330154418945,1.3366669416427612,1.3333330154418945,1.3366669416427612,1.3366669416427612,17100
2003-06-17,1.3233330249786377,1.3666670322418213,1.3200000524520874,1.363332986831665,1.363332986831665,57600
2003-06-18,1.3666670322418213,1.4166669845581055,1.3666670322418213,1.4166669845581055,1.4166669845581055,93000
2003-06-19,1.4166669845581055,1.4166669845581055,1.386667013168335,1.399999976158142,1.399999976158142,24000
2003-06-20,1.3833329677581787,1.4299999475479126,1.3833329677581787,1.4299999475479126,1.4299999475479126,32700
2003-06-23,1.399999976158142,1.4133330583572388,1.3933329582214355,1.3933329582214355,1.3933329582214355,3300
2003-06-24,1.3933329582214355,1.3933329582214355,1.3333330154418945,1.3333330154418945,1.3333330154418945,4800
2003-06-25,1.3333330154418945,1.3666670322418213,1.3333330154418945,1.3666670322418213,1.3666670322418213,9000
2003-06-26,1.340000033378601,1.4166669845581055,1.340000033378601,1.4166669845581055,1.4166669845581055,218100
2003-06-27,1.4299999475479126,1.4500000476837158,1.4166669845581055,1.4500000476837158,1.4500000476837158,82500
2003-06-30,1.4500000476837158,1.4500000476837158,1.4433330297470093,1.4500000476837158,1.4500000476837158,26100
2003-07-01,1.4500000476837158,1.4500000476837158,1.3966670036315918,1.3966670036315918,1.3966670036315918,45000
2003-07-02,1.399999976158142,1.4433330297470093,1.3966670036315918,1.4433330297470093,1.4433330297470093,176400
2003-07-03,1.4333330392837524,1.5166670083999634,1.4333330392837524,1.5,1.5,334200
2003-07-07,1.5099999904632568,1.5299999713897705,1.4966670274734497,1.4966670274734497,1.4966670274734497,170400
2003-07-08,1.4733330011367798,1.4833329916000366,1.4166669845581055,1.4166669845581055,1.4166669845581055,73200
2003-07-09,1.4266669750213623,1.4333330392837524,1.3966670036315918,1.399999976158142,1.399999976158142,93600
2003-07-10,1.399999976158142,1.4166669845581055,1.3466670513153076,1.399999976158142,1.399999976158142,64200
2003-07-11,1.3966670036315918,1.4033329486846924,1.3700000047683716,1.399999976158142,1.399999976158142,29400
2003-07-14,1.3666670322418213,1.4133330583572388,1.3666670322418213,1.4133330583572388,1.4133330583572388,62700
2003-07-15,1.4033329486846924,1.5166670083999634,1.4033329486846924,1.4500000476837158,1.4500000476837158,91500
2003-07-16,1.5033329725265503,1.5033329725265503,1.4366669654846191,1.446666955947876,1.446666955947876,39000
2003-07-17,1.4433330297470093,1.446666955947876,1.4299999475479126,1.4433330297470093,1.4433330297470093,55200
2003-07-18,1.446666955947876,1.4500000476837158,1.4266669750213623,1.446666955947876,1.446666955947876,58200
2003-07-21,1.4500000476837158,1.4500000476837158,1.4366669654846191,1.4433330297470093,1.4433330297470093,64200
2003-07-22,1.4500000476837158,1.4700000286102295,1.3666670322418213,1.4166669845581055,1.4166669845581055,239400
2003-07-23,1.4033329486846924,1.4333330392837524,1.4033329486846924,1.4166669845581055,1.4166669845581055,30300
2003-07-24,1.4033329486846924,1.4500000476837158,1.3899999856948853,1.4500000476837158,1.4500000476837158,78300
2003-07-25,1.446666955947876,1.5,1.4333330392837524,1.4733330011367798,1.4733330011367798,114300
2003-07-28,1.4600000381469727,1.5333329439163208,1.4600000381469727,1.5166670083999634,1.5166670083999634,353100
2003-07-29,1.5166670083999634,1.5666669607162476,1.5066670179367065,1.5266669988632202,1.5266669988632202,407100
2003-07-30,1.5299999713897705,1.5733330249786377,1.4833329916000366,1.5,1.5,161100
2003-07-31,1.5166670083999634,1.6299999952316284,1.5133329629898071,1.6299999952316284,1.6299999952316284,332400
2003-08-01,1.6166670322418213,1.649999976158142,1.6033329963684082,1.6033329963684082,1.6033329963684082,1393800
2003-08-04,1.659999966621399,1.659999966621399,1.5833330154418945,1.6466670036315918,1.6466670036315918,165000
2003-08-05,1.6333329677581787,1.636667013168335,1.600000023841858,1.6200000047683716,1.6200000047683716,97800
2003-08-06,1.6433329582214355,1.6433329582214355,1.600000023841858,1.600000023841858,1.600000023841858,106200
2003-08-07,1.6166670322418213,1.659999966621399,1.613332986831665,1.6466670036315918,1.6466670036315918,103800
2003-08-08,1.6266670227050781,1.6833330392837524,1.6266670227050781,1.6766669750213623,1.6766669750213623,252000
2003-08-11,1.6833330392837524,1.7599999904632568,1.6833330392837524,1.7366670370101929,1.7366670370101929,412200
2003-08-12,1.7533329725265503,1.773332953453064,1.75,1.773332953453064,1.773332953453064,194700
2003-08-13,1.7833329439163208,1.8233330249786377,1.7033330202102661,1.7633329629898071,1.7633329629898071,219900
2003-08-14,1.7833329439163208,1.7833329439163208,1.7166670560836792,1.7300000190734863,1.7300000190734863,30900
2003-08-15,1.7166670560836792,1.7633329629898071,1.6833330392837524,1.7633329629898071,1.7633329629898071,7500
2003-08-18,1.7633329629898071,1.7633329629898071,1.7066669464111328,1.7599999904632568,1.7599999904632568,265200
2003-08-19,1.7300000190734863,1.7633329629898071,1.7300000190734863,1.7599999904632568,1.7599999904632568,28800
2003-08-20,1.7633329629898071,1.7633329629898071,1.7466670274734497,1.75,1.75,234300
2003-08-21,1.75,1.7633329629898071,1.7466670274734497,1.75,1.75,150000
2003-08-22,1.7433329820632935,1.7566670179367065,1.7166670560836792,1.7166670560836792,1.7166670560836792,68400
2003-08-25,1.7100000381469727,1.75,1.6833330392837524,1.75,1.75,62700
2003-08-26,1.75,1.7599999904632568,1.7033330202102661,1.7599999904632568,1.7599999904632568,33900
2003-08-27,1.7233330011367798,1.7233330011367798,1.6666669845581055,1.696666955947876,1.696666955947876,39000
2003-08-28,1.7000000476837158,1.7233330011367798,1.7000000476837158,1.7166670560836792,1.7166670560836792,24000
2003-08-29,1.7033330202102661,1.7100000381469727,1.6733330488204956,1.6733330488204956,1.6733330488204956,36000
2003-09-02,1.6666669845581055,1.7333329916000366,1.6633330583572388,1.6766669750213623,1.6766669750213623,95400
2003-09-03,1.6666669845581055,1.7166670560836792,1.6666669845581055,1.7066669464111328,1.7066669464111328,448800
2003-09-04,1.7200000286102295,1.7233330011367798,1.7000000476837158,1.7033330202102661,1.7033330202102661,173700
2003-09-05,1.7766669988632202,1.899999976158142,1.7666670083999634,1.8733329772949219,1.8733329772949219,620700
2003-09-08,1.8733329772949219,2.016666889190674,1.7999999523162842,1.9900000095367432,1.9900000095367432,1036200
2003-09-09,2.0,2.016666889190674,1.9500000476837158,1.976667046546936,1.976667046546936,285000
2003-09-10,1.9666670560836792,2.0333330631256104,1.9666670560836792,1.9933329820632935,1.9933329820632935,365400
2003-09-11,2.006666898727417,2.006666898727417,1.9733330011367798,1.9900000095367432,1.9900000095367432,45600
2003-09-12,2.0299999713897705,2.0299999713897705,1.9266669750213623,1.9333330392837524,1.9333330392837524,104400
2003-09-15,1.9266669750213623,1.9299999475479126,1.8899999856948853,1.8966670036315918,1.8966670036315918,56400
2003-09-16,1.9533330202102661,1.9800000190734863,1.9166669845581055,1.9666670560836792,1.9666670560836792,133500
2003-09-17,1.963333010673523,2.103332996368408,1.963333010673523,2.0899999141693115,2.0899999141693115,640800
2003-09-18,2.0833330154418945,2.1166670322418213,2.049999952316284,2.1166670322418213,2.1166670322418213,92100
2003-09-19,2.0966670513153076,2.0966670513153076,2.049999952316284,2.0833330154418945,2.0833330154418945,54000
2003-09-22,2.0999999046325684,2.0999999046325684,2.0333330631256104,2.049999952316284,2.049999952316284,45600
2003-09-23,2.0366671085357666,2.2699999809265137,2.0333330631256104,2.2033329010009766,2.2033329010009766,508500
2003-09-24,2.2166669368743896,2.259999990463257,2.1700000762939453,2.1700000762939453,2.1700000762939453,300000
2003-09-25,2.2133328914642334,2.2133328914642334,2.146667003631592,2.1666669845581055,2.1666669845581055,123300
2003-09-26,2.196666955947876,2.2266669273376465,1.9500000476837158,2.0199999809265137,2.0199999809265137,78000
2003-09-29,2.059999942779541,2.1333329677581787,1.9666670560836792,1.9866670370101929,1.9866670370101929,99000
2003-09-30,2.059999942779541,2.059999942779541,1.9700000286102295,2.0266671180725098,2.0266671180725098,115500
2003-10-01,2.0366671085357666,2.0366671085357666,1.9500000476837158,1.9733330011367798,1.9733330011367798,62400
2003-10-02,1.9366669654846191,2.0,1.9366669654846191,1.9966670274734497,1.9966670274734497,255900
2003-10-03,1.9966670274734497,2.053333044052124,1.9966670274734497,2.0466670989990234,2.0466670989990234,68100
2003-10-06,2.00333309173584,2.049999952316284,2.00333309173584,2.0399999618530273,2.0399999618530273,70800
2003-10-07,2.043333053588867,2.043333053588867,2.016666889190674,2.0266671180725098,2.0266671180725098,11400
2003-10-08,2.016666889190674,2.043333053588867,2.009999990463257,2.009999990463257,2.009999990463257,26400
2003-10-09,2.006666898727417,2.0299999713897705,2.0,2.0233330726623535,2.0233330726623535,24900
2003-10-10,2.0199999809265137,2.049999952316284,2.016666889190674,2.0233330726623535,2.0233330726623535,80700
2003-10-13,2.0199999809265137,2.0233330726623535,1.9900000095367432,2.009999990463257,2.009999990463257,77100
2003-10-14,2.016666889190674,2.1533329486846924,2.016666889190674,2.1333329677581787,2.1333329677581787,325800
2003-10-15,2.1600000858306885,2.2366669178009033,2.1433329582214355,2.200000047683716,2.200000047683716,127200
2003-10-16,2.240000009536743,2.24666690826416,2.0999999046325684,2.190000057220459,2.190000057220459,139800
2003-10-17,2.1766669750213623,2.1766669750213623,2.0133330821990967,2.163332939147949,2.163332939147949,38700
2003-10-20,2.1166670322418213,2.1333329677581787,2.0833330154418945,2.1333329677581787,2.1333329677581787,19500
2003-10-21,2.130000114440918,2.200000047683716,2.130000114440918,2.200000047683716,2.200000047683716,73500
2003-10-22,2.130000114440918,2.180000066757202,2.130000114440918,2.180000066757202,2.180000066757202,47400
2003-10-23,2.1666669845581055,2.1933329105377197,2.0999999046325684,2.1333329677581787,2.1333329677581787,120000
2003-10-24,2.119999885559082,2.1433329582214355,2.119999885559082,2.140000104904175,2.140000104904175,17700
2003-10-27,2.200000047683716,2.2799999713897705,2.173332929611206,2.173332929611206,2.173332929611206,207000
2003-10-28,2.2100000381469727,2.2166669368743896,2.1666669845581055,2.2133328914642334,2.2133328914642334,195000
2003-10-29,2.2733330726623535,2.2733330726623535,2.2300000190734863,2.2733330726623535,2.2733330726623535,159900
2003-10-30,2.299999952316284,2.3499999046325684,2.2200000286102295,2.3499999046325684,2.3499999046325684,156000
2003-10-31,2.3833329677581787,2.4166669845581055,2.2366669178009033,2.3333330154418945,2.3333330154418945,125400
2003-11-03,2.369999885559082,2.50333309173584,2.3666670322418213,2.5,2.5,204600
2003-11-04,2.4766669273376465,2.506666898727417,2.4433329105377197,2.4433329105377197,2.4433329105377197,63900
2003-11-05,2.493333101272583,2.493333101272583,2.4433329105377197,2.4600000381469727,2.4600000381469727,23100
2003-11-06,2.5,2.5,2.4633328914642334,2.4733328819274902,2.4733328819274902,27300
2003-11-07,2.4666669368743896,2.50333309173584,2.4633328914642334,2.4633328914642334,2.4633328914642334,102900
2003-11-10,2.4700000286102295,2.483333110809326,2.4000000953674316,2.456666946411133,2.456666946411133,77700
2003-11-11,2.4100000858306885,2.5733330249786377,2.4100000858306885,2.543333053588867,2.543333053588867,209700
2003-11-12,2.549999952316284,2.5733330249786377,2.369999885559082,2.440000057220459,2.440000057220459,152100
2003-11-13,2.4100000858306885,2.483333110809326,2.233333110809326,2.2899999618530273,2.2899999618530273,287400
2003-11-14,2.2699999809265137,2.363332986831665,2.2699999809265137,2.3399999141693115,2.3399999141693115,144600
2003-11-17,2.299999952316284,2.3333330154418945,2.059999942779541,2.240000009536743,2.240000009536743,224700
2003-11-18,2.196666955947876,2.266666889190674,2.196666955947876,2.25,2.25,246300
2003-11-19,2.233333110809326,2.326667070388794,2.233333110809326,2.303333044052124,2.303333044052124,125400
2003-11-20,2.326667070388794,2.433332920074463,2.309999942779541,2.4266669750213623,2.4266669750213623,111300
2003-11-21,2.433332920074463,2.49666690826416,2.4200000762939453,2.450000047683716,2.450000047683716,255300
2003-11-24,2.490000009536743,2.5733330249786377,2.3833329677581787,2.4600000381469727,2.4600000381469727,338700
2003-11-25,2.4666669368743896,2.4666669368743896,2.4200000762939453,2.4433329105377197,2.4433329105377197,270600
2003-11-26,2.4666669368743896,2.4666669368743896,2.390000104904175,2.4033329486846924,2.4033329486846924,168000
2003-11-28,2.4100000858306885,2.4666669368743896,2.4100000858306885,2.4633328914642334,2.4633328914642334,162300
2003-12-01,2.5,2.5,2.4433329105377197,2.5,2.5,357300
2003-12-02,2.5,2.6566669940948486,2.4666669368743896,2.6166670322418213,2.6166670322418213,500700
2003-12-03,2.6433329582214355,2.6500000953674316,2.516666889190674,2.563333034515381,2.563333034515381,174300
2003-12-04,2.569999933242798,2.569999933242798,2.4666669368743896,2.50333309173584,2.50333309173584,187200
2003-12-05,2.50333309173584,2.5799999237060547,2.5,2.549999952316284,2.549999952316284,209400
2003-12-08,2.5966670513153076,2.5966670513153076,2.4766669273376465,2.5466670989990234,2.5466670989990234,266400
2003-12-09,2.549999952316284,2.559999942779541,2.4733328819274902,2.516666889190674,2.516666889190674,647400
2003-12-10,2.5,2.5966670513153076,2.483333110809326,2.559999942779541,2.559999942779541,120000
2003-12-11,2.4866669178009033,2.566667079925537,2.483333110809326,2.549999952316284,2.549999952316284,233100
2003-12-12,2.50333309173584,2.5899999141693115,2.50333309173584,2.559999942779541,2.559999942779541,240900
2003-12-15,2.609999895095825,2.6166670322418213,2.483333110809326,2.5799999237060547,2.5799999237060547,207300
2003-12-16,2.5799999237060547,2.5999999046325684,2.509999990463257,2.569999933242798,2.569999933242798,187800
2003-12-17,2.5333330631256104,2.6333329677581787,2.5333330631256104,2.603332996368408,2.603332996368408,52500
2003-12-18,2.569999933242798,2.756666898727417,2.569999933242798,2.7366669178009033,2.7366669178009033,290400
2003-12-19,2.7166669368743896,2.75,2.6666669845581055,2.6666669845581055,2.6666669845581055,121800
2003-12-22,2.7266669273376465,3.0,2.700000047683716,2.8666670322418213,2.8666670322418213,553200
2003-12-23,2.940000057220459,2.940000057220459,2.826667070388794,2.8433330059051514,2.8433330059051514,234600
2003-12-24,2.9033329486846924,2.9033329486846924,2.799999952316284,2.836667060852051,2.836667060852051,181800
2003-12-26,2.8433330059051514,2.8433330059051514,2.799999952316284,2.8233330249786377,2.8233330249786377,238200
2003-12-29,2.836667060852051,2.9200000762939453,2.766666889190674,2.9200000762939453,2.9200000762939453,88200
2003-12-30,2.9533329010009766,2.9866669178009033,2.733333110809326,2.8466670513153076,2.8466670513153076,141600
2003-12-31,2.8833329677581787,2.913332939147949,2.8333330154418945,2.836667060852051,2.836667060852051,54300
2004-01-02,2.896667003631592,3.0,2.799999952316284,2.859999895095825,2.859999895095825,209700
2004-01-05,2.8933329582214355,2.993333101272583,2.8333330154418945,2.936666965484619,2.936666965484619,140700
2004-01-06,2.880000114440918,2.9166669845581055,2.876667022705078,2.8833329677581787,2.8833329677581787,115200
2004-01-07,2.9033329486846924,3.126667022705078,2.896667003631592,3.049999952316284,3.049999952316284,327300
2004-01-08,3.0999999046325684,3.0999999046325684,3.006666898727417,3.0399999618530273,3.0399999618530273,230400
2004-01-09,3.00333309173584,3.0799999237060547,3.00333309173584,3.076667070388794,3.076667070388794,429300
2004-01-12,3.113332986831665,3.183332920074463,3.0399999618530273,3.086667060852051,3.086667060852051,228300
2004-01-13,3.1433329582214355,3.2833330631256104,3.109999895095825,3.183332920074463,3.183332920074463,251400
2004-01-14,3.2133328914642334,3.256666898727417,3.146667003631592,3.256666898727417,3.256666898727417,130800
2004-01-15,3.1666669845581055,3.3333330154418945,3.1666669845581055,3.2966670989990234,3.2966670989990234,205800
2004-01-16,3.326667070388794,3.4666669368743896,3.233333110809326,3.446666955947876,3.446666955947876,500400
2004-01-20,3.433332920074463,3.483333110809326,3.293333053588867,3.3666670322418213,3.3666670322418213,503700
2004-01-21,3.483333110809326,3.509999990463257,3.3499999046325684,3.4700000286102295,3.4700000286102295,528000
2004-01-22,3.4633328914642334,3.6066670417785645,3.423332929611206,3.440000057220459,3.440000057220459,403200
2004-01-23,3.4200000762939453,3.516666889190674,3.3666670322418213,3.436666965484619,3.436666965484619,188700
2004-01-26,3.516666889190674,3.516666889190674,3.380000114440918,3.433332920074463,3.433332920074463,266400
2004-01-27,3.4633328914642334,3.4866669178009033,3.433332920074463,3.450000047683716,3.450000047683716,148800
2004-01-28,3.493333101272583,3.493333101272583,3.0799999237060547,3.2133328914642334,3.2133328914642334,592200
2004-01-29,3.2200000286102295,3.376667022705078,3.2033329010009766,3.233333110809326,3.233333110809326,263100
2004-01-30,3.2966670989990234,3.3333330154418945,3.266666889190674,3.2833330631256104,3.2833330631256104,164400
2004-02-02,3.3333330154418945,3.3333330154418945,3.1666669845581055,3.2799999713897705,3.2799999713897705,144300
2004-02-03,3.313333034515381,3.326667070388794,3.086667060852051,3.256666898727417,3.256666898727417,176400
2004-02-04,3.0933330059051514,3.266666889190674,3.0833330154418945,3.1666669845581055,3.1666669845581055,115800
2004-02-05,3.200000047683716,3.2133328914642334,3.1500000953674316,3.196666955947876,3.196666955947876,89400
2004-02-06,3.1666669845581055,3.3333330154418945,3.1666669845581055,3.299999952316284,3.299999952316284,69000
2004-02-09,3.353332996368408,3.3666670322418213,3.1666669845581055,3.303333044052124,3.303333044052124,292500
2004-02-10,3.2699999809265137,3.3499999046325684,3.25,3.316667079925537,3.316667079925537,138000
2004-02-11,3.3233330249786377,3.363332986831665,3.2699999809265137,3.3399999141693115,3.3399999141693115,146700
2004-02-12,3.3333330154418945,3.380000114440918,3.3333330154418945,3.3666670322418213,3.3666670322418213,128100
2004-02-13,3.5333330631256104,3.8333330154418945,3.4533329010009766,3.683332920074463,3.683332920074463,1113000
2004-02-17,3.816667079925537,3.9433329105377197,3.686666965484619,3.759999990463257,3.759999990463257,838500
2004-02-18,3.75333309173584,3.8666670322418213,3.75333309173584,3.793333053588867,3.793333053588867,519300
2004-02-19,3.766666889190674,3.8666670322418213,3.75,3.7833330631256104,3.7833330631256104,412800
2004-02-20,3.8233330249786377,3.8233330249786377,3.5899999141693115,3.743333101272583,3.743333101272583,245100
2004-02-23,3.673332929611206,3.740000009536743,3.6566669940948486,3.7033329010009766,3.7033329010009766,225300
2004-02-24,3.700000047683716,3.759999990463257,3.5899999141693115,3.740000009536743,3.740000009536743,525600
2004-02-25,3.6700000762939453,3.766666889190674,3.5966670513153076,3.743333101272583,3.743333101272583,200700
2004-02-26,3.6700000762939453,3.9633328914642334,3.6700000762939453,3.869999885559082,3.869999885559082,171900
2004-02-27,3.853332996368408,3.9666669368743896,3.8333330154418945,3.8333330154418945,3.8333330154418945,178200
2004-03-01,3.9700000286102295,3.9700000286102295,3.8466670513153076,3.913332939147949,3.913332939147949,251400
2004-03-02,3.9000000953674316,3.9666669368743896,3.6166670322418213,3.799999952316284,3.799999952316284,366000
2004-03-03,3.863332986831665,3.863332986831665,3.680000066757202,3.8233330249786377,3.8233330249786377,174900
2004-03-04,3.8299999237060547,3.8333330154418945,3.74666690826416,3.766666889190674,3.766666889190674,142200
2004-03-05,3.816667079925537,3.8333330154418945,3.733333110809326,3.756666898727417,3.756666898727417,150300
2004-03-08,3.733333110809326,3.793333053588867,3.636667013168335,3.6566669940948486,3.6566669940948486,216000
2004-03-09,3.6166670322418213,3.6566669940948486,3.3833329677581787,3.5,3.5,519900
2004-03-10,3.4800000190734863,3.5266671180725098,3.4000000953674316,3.4166669845581055,3.4166669845581055,503400
2004-03-11,3.3233330249786377,3.4700000286102295,3.25,3.4166669845581055,3.4166669845581055,425700
2004-03-12,3.3499999046325684,3.5366671085357666,3.3499999046325684,3.5,3.5,139800
2004-03-15,3.5333330631256104,3.5333330631256104,3.4166669845581055,3.430000066757202,3.430000066757202,114900
2004-03-16,3.3066670894622803,3.4166669845581055,3.1066670417785645,3.173332929611206,3.173332929611206,794700
2004-03-17,3.1666669845581055,3.2366669178009033,2.9533329010009766,3.1500000953674316,3.1500000953674316,812700
2004-03-18,3.0833330154418945,3.266666889190674,2.9666669368743896,3.180000066757202,3.180000066757202,388500
2004-03-19,3.1500000953674316,3.2266669273376465,3.0833330154418945,3.2166669368743896,3.2166669368743896,273900
2004-03-22,3.243333101272583,3.25,3.0,3.066667079925537,3.066667079925537,236400
2004-03-23,3.1166670322418213,3.2100000381469727,3.0399999618530273,3.066667079925537,3.066667079925537,243000
2004-03-24,3.043333053588867,3.0966670513153076,3.0199999809265137,3.0933330059051514,3.0933330059051514,218400
2004-03-25,3.0899999141693115,3.186666965484619,3.0399999618530273,3.1666669845581055,3.1666669845581055,109500
2004-03-26,3.2133328914642334,3.2699999809265137,3.173332929611206,3.25,3.25,75000
2004-03-29,3.4000000953674316,3.5333330631256104,3.233333110809326,3.353332996368408,3.353332996368408,200400
2004-03-30,3.353332996368408,3.430000066757202,3.336667060852051,3.3666670322418213,3.3666670322418213,226200
2004-03-31,3.5,3.506666898727417,3.3333330154418945,3.430000066757202,3.430000066757202,181200
2004-04-01,3.4000000953674316,3.619999885559082,3.336667060852051,3.5733330249786377,3.5733330249786377,187800
2004-04-02,3.6166670322418213,3.706666946411133,3.5233330726623535,3.663332939147949,3.663332939147949,420300
2004-04-05,3.680000066757202,3.826667070388794,3.5566670894622803,3.630000114440918,3.630000114440918,246300
2004-04-06,3.566667079925537,3.6700000762939453,3.3833329677581787,3.493333101272583,3.493333101272583,167100
2004-04-07,3.493333101272583,3.6766669750213623,3.493333101272583,3.6666669845581055,3.6666669845581055,171300
2004-04-08,3.6700000762939453,3.7033329010009766,3.5399999618530273,3.623332977294922,3.623332977294922,87000
2004-04-12,3.2833330631256104,3.7033329010009766,3.2833330631256104,3.683332920074463,3.683332920074463,307500
2004-04-13,3.5233330726623535,3.813333034515381,3.5233330726623535,3.7166669368743896,3.7166669368743896,277800
2004-04-14,3.6600000858306885,3.759999990463257,3.5999999046325684,3.7100000381469727,3.7100000381469727,178500
2004-04-15,3.686666965484619,3.6933329105377197,3.6566669940948486,3.6700000762939453,3.6700000762939453,70800
2004-04-16,3.696666955947876,3.696666955947876,3.5,3.5799999237060547,3.5799999237060547,226800
2004-04-19,3.566667079925537,3.576667070388794,3.5,3.5333330631256104,3.5333330631256104,165300
2004-04-20,3.569999933242798,3.700000047683716,3.506666898727417,3.5233330726623535,3.5233330726623535,216300
2004-04-21,3.8466670513153076,4.163332939147949,3.6666669845581055,3.9600000381469727,3.9600000381469727,943200
2004-04-22,3.9633328914642334,4.066667079925537,3.933332920074463,4.03000020980835,4.03000020980835,432300
2004-04-23,4.053332805633545,4.433332920074463,4.019999980926514,4.343332767486572,4.343332767486572,588600
2004-04-26,4.413332939147949,4.4166669845581055,4.336667060852051,4.4033331871032715,4.4033331871032715,338400
2004-04-27,4.446667194366455,4.446667194366455,4.25,4.413332939147949,4.413332939147949,396300
2004-04-28,4.449999809265137,4.449999809265137,4.320000171661377,4.389999866485596,4.389999866485596,360900
2004-04-29,4.369999885559082,4.420000076293945,4.086667060852051,4.256667137145996,4.256667137145996,180300
2004-04-30,4.300000190734863,4.480000019073486,3.923332929611206,4.010000228881836,4.010000228881836,849900
2004-05-03,4.230000019073486,4.3333330154418945,3.9700000286102295,4.050000190734863,4.050000190734863,512100
2004-05-04,4.159999847412109,4.266666889190674,4.086667060852051,4.190000057220459,4.190000057220459,430800
2004-05-05,4.230000019073486,4.236667156219482,3.9866669178009033,4.0,4.0,402900
2004-05-06,4.099999904632568,4.1066670417785645,3.8933329582214355,3.99666690826416,3.99666690826416,522900
2004-05-07,3.896667003631592,4.046667098999023,3.873332977294922,3.9100000858306885,3.9100000858306885,199200
2004-05-10,3.8066670894622803,3.9066669940948486,3.5333330631256104,3.5899999141693115,3.5899999141693115,635700
2004-05-11,3.483333110809326,3.6500000953674316,3.396667003631592,3.4600000381469727,3.4600000381469727,406200
2004-05-12,3.4000000953674316,3.450000047683716,3.293333053588867,3.3466670513153076,3.3466670513153076,534300
2004-05-13,3.3499999046325684,3.683332920074463,3.3499999046325684,3.5299999713897705,3.5299999713897705,288300
2004-05-14,3.5133330821990967,3.5566670894622803,3.4800000190734863,3.483333110809326,3.483333110809326,213000
2004-05-17,3.436666965484619,3.49666690826416,3.25,3.3333330154418945,3.3333330154418945,262800
2004-05-18,3.243333101272583,3.3066670894622803,3.180000066757202,3.243333101272583,3.243333101272583,305400
2004-05-19,3.24666690826416,3.2833330631256104,3.1500000953674316,3.25333309173584,3.25333309173584,462300
2004-05-20,3.2733330726623535,3.2799999713897705,3.0299999713897705,3.1433329582214355,3.1433329582214355,477000
2004-05-21,3.063333034515381,3.313333034515381,3.0566670894622803,3.2633330821990967,3.2633330821990967,492600
2004-05-24,2.873332977294922,2.99666690826416,2.450000047683716,2.4800000190734863,2.4800000190734863,4204200
2004-05-25,2.493333101272583,2.5899999141693115,2.376667022705078,2.5199999809265137,2.5199999809265137,851100
2004-05-26,2.563333034515381,2.876667022705078,2.4733328819274902,2.6666669845581055,2.6666669845581055,778200
2004-05-27,2.6500000953674316,2.6500000953674316,2.5366671085357666,2.6333329677581787,2.6333329677581787,362400
2004-05-28,2.6500000953674316,2.75,2.5566670894622803,2.7033329010009766,2.7033329010009766,253500
2004-06-01,2.756666898727417,2.7633330821990967,2.6666669845581055,2.74666690826416,2.74666690826416,477300
2004-06-02,2.74666690826416,2.75,2.5999999046325684,2.706666946411133,2.706666946411133,606300
2004-06-03,2.6533329486846924,2.7100000381469727,2.6166670322418213,2.619999885559082,2.619999885559082,296400
2004-06-04,2.7166669368743896,2.733333110809326,2.6333329677581787,2.7033329010009766,2.7033329010009766,486600
2004-06-07,2.700000047683716,2.816667079925537,2.673332929611206,2.8066670894622803,2.8066670894622803,428100
2004-06-08,2.803333044052124,2.816667079925537,2.7200000286102295,2.793333053588867,2.793333053588867,188100
2004-06-09,2.809999942779541,2.913332939147949,2.809999942779541,2.8666670322418213,2.8666670322418213,267600
2004-06-10,2.9100000858306885,2.9100000858306885,2.8466670513153076,2.886667013168335,2.886667013168335,99900
2004-06-14,2.913332939147949,3.0333330631256104,2.756666898727417,3.0333330631256104,3.0333330631256104,332400
2004-06-15,3.0333330631256104,3.0333330631256104,2.9166669845581055,2.946666955947876,2.946666955947876,162900
2004-06-16,3.006666898727417,3.006666898727417,2.7899999618530273,2.890000104904175,2.890000104904175,153900
2004-06-17,2.923332929611206,3.0999999046325684,2.853332996368408,3.0999999046325684,3.0999999046325684,108900
2004-06-18,3.0999999046325684,3.1600000858306885,3.049999952316284,3.1566669940948486,3.1566669940948486,137400
2004-06-21,3.053333044052124,3.1333329677581787,3.00333309173584,3.0566670894622803,3.0566670894622803,409500
2004-06-22,3.0333330631256104,3.3333330154418945,3.0333330631256104,3.0999999046325684,3.0999999046325684,821700
2004-06-23,3.0999999046325684,3.1933329105377197,3.0833330154418945,3.1600000858306885,3.1600000858306885,369600
2004-06-24,3.1700000762939453,3.2200000286102295,3.123332977294922,3.2133328914642334,3.2133328914642334,222600
2004-06-25,3.243333101272583,3.243333101272583,3.1600000858306885,3.233333110809326,3.233333110809326,195600
2004-06-28,3.24666690826416,3.24666690826416,3.1166670322418213,3.183332920074463,3.183332920074463,363000
2004-06-29,3.0899999141693115,3.2799999713897705,3.0899999141693115,3.25,3.25,547500
2004-06-30,3.24666690826416,3.433332920074463,3.109999895095825,3.309999942779541,3.309999942779541,933600
2004-07-01,3.4166669845581055,3.4166669845581055,3.2366669178009033,3.2899999618530273,3.2899999618530273,250200
2004-07-02,3.4200000762939453,3.4200000762939453,3.2166669368743896,3.309999942779541,3.309999942779541,95700
2004-07-06,3.490000009536743,3.509999990463257,3.113332986831665,3.190000057220459,3.190000057220459,237900
2004-07-07,3.1666669845581055,3.2899999618530273,3.1666669845581055,3.2266669273376465,3.2266669273376465,69600
2004-07-08,3.1933329105377197,3.2799999713897705,2.9700000286102295,3.0933330059051514,3.0933330059051514,229800
2004-07-09,3.0333330631256104,3.266666889190674,3.00333309173584,3.1433329582214355,3.1433329582214355,143700
2004-07-12,3.0833330154418945,3.146667003631592,3.0333330631256104,3.0899999141693115,3.0899999141693115,168000
2004-07-13,3.140000104904175,3.173332929611206,3.0899999141693115,3.146667003631592,3.146667003631592,60600
2004-07-14,3.053333044052124,3.1066670417785645,3.016666889190674,3.1066670417785645,3.1066670417785645,145500
2004-07-15,2.9866669178009033,3.243333101272583,2.9866669178009033,3.2166669368743896,3.2166669368743896,130800
2004-07-16,3.233333110809326,3.313333034515381,3.2166669368743896,3.256666898727417,3.256666898727417,167400
2004-07-19,3.326667070388794,3.3333330154418945,3.043333053588867,3.076667070388794,3.076667070388794,204600
2004-07-20,3.0833330154418945,3.200000047683716,3.059999942779541,3.1333329677581787,3.1333329677581787,137400
2004-07-21,2.7833330631256104,2.8299999237060547,2.4633328914642334,2.553333044052124,2.553333044052124,1317000
2004-07-22,2.516666889190674,2.6666669845581055,2.516666889190674,2.6666669845581055,2.6666669845581055,300300
2004-07-23,2.5833330154418945,2.6600000858306885,2.5333330631256104,2.5733330249786377,2.5733330249786377,238800
2004-07-26,2.516666889190674,2.576667070388794,2.4766669273376465,2.5333330631256104,2.5333330631256104,261600
2004-07-27,2.5,2.5233330726623535,2.3233330249786377,2.4866669178009033,2.4866669178009033,625500
2004-07-28,2.549999952316284,2.549999952316284,2.369999885559082,2.5133330821990967,2.5133330821990967,308700
2004-07-29,2.549999952316284,2.563333034515381,2.456666946411133,2.493333101272583,2.493333101272583,198600
2004-07-30,2.483333110809326,2.563333034515381,2.4766669273376465,2.516666889190674,2.516666889190674,129300
2004-08-02,2.483333110809326,2.5266671180725098,2.4666669368743896,2.50333309173584,2.50333309173584,81600
2004-08-03,2.4766669273376465,2.569999933242798,2.4533329010009766,2.543333053588867,2.543333053588867,498600
2004-08-04,2.4600000381469727,2.4800000190734863,2.396667003631592,2.4166669845581055,2.4166669845581055,251700
2004-08-05,2.433332920074463,2.433332920074463,2.396667003631592,2.4066669940948486,2.4066669940948486,87600
2004-08-06,2.3833329677581787,2.4033329486846924,2.2966670989990234,2.3066670894622803,2.3066670894622803,222600
2004-08-09,2.3333330154418945,2.396667003631592,2.3299999237060547,2.3499999046325684,2.3499999046325684,123900
2004-08-10,2.25,2.4000000953674316,2.25,2.336667060852051,2.336667060852051,172800
2004-08-11,2.299999952316284,2.3333330154418945,2.183332920074463,2.3233330249786377,2.3233330249786377,282000
2004-08-12,2.326667070388794,2.359999895095825,2.299999952316284,2.359999895095825,2.359999895095825,97500
2004-08-13,2.299999952316284,2.359999895095825,2.266666889190674,2.293333053588867,2.293333053588867,213900
2004-08-16,2.259999990463257,2.2833330631256104,2.233333110809326,2.24666690826416,2.24666690826416,214200
2004-08-17,2.2833330631256104,2.4000000953674316,2.2733330726623535,2.359999895095825,2.359999895095825,137100
2004-08-18,2.413332939147949,2.413332939147949,2.2833330631256104,2.3333330154418945,2.3333330154418945,99600
2004-08-19,2.3466670513153076,2.3466670513153076,2.2866671085357666,2.3333330154418945,2.3333330154418945,92100
2004-08-20,2.336667060852051,2.3433330059051514,2.2166669368743896,2.2966670989990234,2.2966670989990234,197100
2004-08-23,2.299999952316284,2.359999895095825,2.266666889190674,2.3433330059051514,2.3433330059051514,85200
2004-08-24,2.3466670513153076,2.5999999046325684,2.326667070388794,2.576667070388794,2.576667070388794,92100
2004-08-25,2.6066670417785645,2.6166670322418213,2.4266669750213623,2.446666955947876,2.446666955947876,108300
2004-08-26,2.4266669750213623,2.4866669178009033,2.396667003631592,2.433332920074463,2.433332920074463,81000
2004-08-27,2.413332939147949,2.4633328914642334,2.413332939147949,2.4200000762939453,2.4200000762939453,69900
2004-08-30,2.396667003631592,2.456666946411133,2.396667003631592,2.436666965484619,2.436666965484619,42000
2004-08-31,2.493333101272583,2.493333101272583,2.4166669845581055,2.423332929611206,2.423332929611206,31800
2004-09-01,2.423332929611206,2.450000047683716,2.3833329677581787,2.4200000762939453,2.4200000762939453,113700
2004-09-02,2.5266671180725098,2.5266671180725098,2.4033329486846924,2.493333101272583,2.493333101272583,33000
2004-09-03,2.423332929611206,2.506666898727417,2.423332929611206,2.446666955947876,2.446666955947876,18600
2004-09-07,2.423332929611206,2.5399999618530273,2.423332929611206,2.456666946411133,2.456666946411133,120000
2004-09-08,2.5,2.5966670513153076,2.450000047683716,2.549999952316284,2.549999952316284,134400
2004-09-09,2.5466670989990234,2.683332920074463,2.516666889190674,2.663332939147949,2.663332939147949,143100
2004-09-10,2.696666955947876,2.7133328914642334,2.5933330059051514,2.7100000381469727,2.7100000381469727,40800
2004-09-13,2.7300000190734863,2.8333330154418945,2.7166669368743896,2.813333034515381,2.813333034515381,157800
2004-09-14,2.8333330154418945,2.836667060852051,2.7866671085357666,2.803333044052124,2.803333044052124,129000
2004-09-15,2.7766671180725098,2.8466670513153076,2.7766671180725098,2.8333330154418945,2.8333330154418945,153000
2004-09-16,2.803333044052124,3.0,2.803333044052124,2.9000000953674316,2.9000000953674316,140100
2004-09-17,2.9800000190734863,3.113332986831665,2.9000000953674316,3.0,3.0,174300
2004-09-20,2.9633328914642334,3.0566670894622803,2.8933329582214355,2.9066669940948486,2.9066669940948486,226500
2004-09-21,2.9100000858306885,2.950000047683716,2.890000104904175,2.9266669750213623,2.9266669750213623,87900
2004-09-22,2.886667013168335,2.993333101272583,2.886667013168335,2.933332920074463,2.933332920074463,82200
2004-09-23,2.983333110809326,2.983333110809326,2.8933329582214355,2.9800000190734863,2.9800000190734863,84000
2004-09-24,2.990000009536743,2.990000009536743,2.933332920074463,2.950000047683716,2.950000047683716,59400
2004-09-27,2.8833329677581787,2.9733328819274902,2.8833329677581787,2.8933329582214355,2.8933329582214355,35400
2004-09-28,2.816667079925537,2.9533329010009766,2.816667079925537,2.9166669845581055,2.9166669845581055,69900
2004-09-29,2.873332977294922,2.9433329105377197,2.873332977294922,2.9066669940948486,2.9066669940948486,59100
2004-09-30,2.9066669940948486,2.9533329010009766,2.8833329677581787,2.9000000953674316,2.9000000953674316,182400
2004-10-01,2.8566670417785645,2.9800000190734863,2.8566670417785645,2.9533329010009766,2.9533329010009766,98700
2004-10-04,2.9766669273376465,3.066667079925537,2.9166669845581055,3.009999990463257,3.009999990463257,241800
2004-10-05,2.993333101272583,3.049999952316284,2.956666946411133,3.0233330726623535,3.0233330726623535,72300
2004-10-06,2.9666669368743896,3.1666669845581055,2.9666669368743896,3.146667003631592,3.146667003631592,58800
2004-10-07,3.1666669845581055,3.1933329105377197,3.006666898727417,3.0366671085357666,3.0366671085357666,112800
2004-10-08,3.0333330631256104,3.0333330631256104,2.8399999141693115,3.0133330821990967,3.0133330821990967,92400
2004-10-11,3.0,3.049999952316284,2.8333330154418945,2.9666669368743896,2.9666669368743896,97500
2004-10-12,2.7966670989990234,2.936666965484619,2.6933329105377197,2.859999895095825,2.859999895095825,369000
2004-10-13,2.859999895095825,2.9766669273376465,2.859999895095825,2.9066669940948486,2.9066669940948486,53100
2004-10-14,2.8833329677581787,2.8833329677581787,2.7833330631256104,2.799999952316284,2.799999952316284,82200
2004-10-15,2.7699999809265137,2.896667003631592,2.766666889190674,2.766666889190674,2.766666889190674,71100
2004-10-18,2.8233330249786377,2.8233330249786377,2.733333110809326,2.7699999809265137,2.7699999809265137,57000
2004-10-19,2.813333034515381,2.8299999237060547,2.686666965484619,2.686666965484619,2.686666965484619,55500
2004-10-20,2.683332920074463,2.733333110809326,2.509999990463257,2.6433329582214355,2.6433329582214355,317100
2004-10-21,2.663332939147949,2.686666965484619,2.609999895095825,2.6666669845581055,2.6666669845581055,147600
2004-10-22,2.680000066757202,2.700000047683716,2.5999999046325684,2.5999999046325684,2.5999999046325684,105300
2004-10-25,2.5966670513153076,2.5966670513153076,2.4666669368743896,2.490000009536743,2.490000009536743,242400
2004-10-26,2.5366671085357666,2.5833330154418945,2.5,2.543333053588867,2.543333053588867,158100
2004-10-27,2.543333053588867,2.6333329677581787,2.4700000286102295,2.5399999618530273,2.5399999618530273,280200
2004-10-28,2.5466670989990234,2.563333034515381,2.516666889190674,2.5266671180725098,2.5266671180725098,94800
2004-10-29,2.6166670322418213,2.6333329677581787,2.4700000286102295,2.5933330059051514,2.5933330059051514,173400
2004-11-01,2.563333034515381,2.6666669845581055,2.5199999809265137,2.6666669845581055,2.6666669845581055,91200
2004-11-02,2.7100000381469727,2.7100000381469727,2.5333330631256104,2.566667079925537,2.566667079925537,339300
2004-11-03,2.626667022705078,2.7733330726623535,2.5333330631256104,2.7733330726623535,2.7733330726623535,168600
2004-11-04,2.7799999713897705,2.983333110809326,2.75333309173584,2.8566670417785645,2.8566670417785645,490800
2004-11-05,2.836667060852051,3.053333044052124,2.836667060852051,2.990000009536743,2.990000009536743,419700
2004-11-08,3.009999990463257,3.009999990463257,2.9166669845581055,2.9766669273376465,2.9766669273376465,84900
2004-11-09,3.076667070388794,3.076667070388794,2.930000066757202,2.9666669368743896,2.9666669368743896,105300
2004-11-10,3.626667022705078,4.016666889190674,3.25,3.5399999618530273,3.5399999618530273,1357800
2004-11-11,3.5799999237060547,3.700000047683716,3.5799999237060547,3.673332929611206,3.673332929611206,719400
2004-11-12,3.680000066757202,3.683332920074463,3.50333309173584,3.516666889190674,3.516666889190674,325500
2004-11-15,3.6666669845581055,3.6666669845581055,3.4600000381469727,3.50333309173584,3.50333309173584,253200
2004-11-16,3.5399999618530273,3.5399999618530273,3.433332920074463,3.450000047683716,3.450000047683716,235800
2004-11-17,3.5966670513153076,3.5966670513153076,3.243333101272583,3.369999885559082,3.369999885559082,495300
2004-11-18,3.326667070388794,3.516666889190674,3.326667070388794,3.5,3.5,175500
2004-11-19,3.549999952316284,3.549999952316284,3.483333110809326,3.5,3.5,97500
2004-11-22,3.549999952316284,3.5833330154418945,3.483333110809326,3.5733330249786377,3.5733330249786377,139200
2004-11-23,3.5799999237060547,3.5799999237060547,3.483333110809326,3.493333101272583,3.493333101272583,135300
2004-11-24,3.566667079925537,3.566667079925537,3.483333110809326,3.5366671085357666,3.5366671085357666,85500
2004-11-26,3.566667079925537,3.566667079925537,3.4166669845581055,3.5399999618530273,3.5399999618530273,81000
2004-11-29,3.4800000190734863,3.5466670989990234,3.4100000858306885,3.5233330726623535,3.5233330726623535,131100
2004-11-30,3.553333044052124,3.5833330154418945,3.5,3.563333034515381,3.563333034515381,155100
2004-12-01,3.566667079925537,3.5833330154418945,3.549999952316284,3.576667070388794,3.576667070388794,110700
2004-12-02,3.576667070388794,3.5833330154418945,3.5199999809265137,3.566667079925537,3.566667079925537,109800
2004-12-03,3.509999990463257,3.5466670989990234,3.483333110809326,3.5366671085357666,3.5366671085357666,72000
2004-12-06,3.4766669273376465,3.5466670989990234,3.4766669273376465,3.5299999713897705,3.5299999713897705,168600
2004-12-07,3.5466670989990234,3.5799999237060547,3.4866669178009033,3.5333330631256104,3.5333330631256104,140100
2004-12-08,3.5733330249786377,3.576667070388794,3.483333110809326,3.50333309173584,3.50333309173584,153000
2004-12-09,3.5266671180725098,3.5799999237060547,3.4800000190734863,3.5799999237060547,3.5799999237060547,142200
2004-12-10,3.5133330821990967,3.6500000953674316,3.5133330821990967,3.6333329677581787,3.6333329677581787,266400
2004-12-13,3.640000104904175,3.7866671085357666,3.623332977294922,3.7633330821990967,3.7633330821990967,372900
2004-12-14,3.8833329677581787,4.033332824707031,3.799999952316284,3.9766669273376465,3.9766669273376465,465900
2004-12-15,3.9800000190734863,4.2266669273376465,3.9800000190734863,4.2133331298828125,4.2133331298828125,309900
2004-12-16,4.233333110809326,4.316667079925537,4.1433329582214355,4.2266669273376465,4.2266669273376465,319200
2004-12-17,4.326666831970215,4.383333206176758,4.170000076293945,4.269999980926514,4.269999980926514,257400
2004-12-20,4.266666889190674,4.3333330154418945,4.260000228881836,4.316667079925537,4.316667079925537,458700
2004-12-21,4.133333206176758,4.28000020980835,3.799999952316284,4.25333309173584,4.25333309173584,436200
2004-12-22,4.206666946411133,4.323332786560059,4.206666946411133,4.293333053588867,4.293333053588867,678600
2004-12-23,4.313333034515381,4.376667022705078,4.300000190734863,4.340000152587891,4.340000152587891,315000
2004-12-27,4.366666793823242,4.366666793823242,4.283332824707031,4.283332824707031,4.283332824707031,186600
2004-12-28,4.506667137145996,5.159999847412109,4.340000152587891,4.6066670417785645,4.6066670417785645,2068200
2004-12-29,4.619999885559082,5.099999904632568,4.616666793823242,5.0233330726623535,5.0233330726623535,569700
2004-12-30,5.033332824707031,5.1666669845581055,4.889999866485596,5.033332824707031,5.033332824707031,380700
2004-12-31,5.033332824707031,5.150000095367432,4.843332767486572,5.136666774749756,5.136666774749756,504900
2005-01-03,5.183332920074463,5.183332920074463,4.836667060852051,4.866666793823242,4.866666793823242,614700
2005-01-04,4.866666793823242,5.116666793823242,4.6666669845581055,4.756667137145996,4.756667137145996,307800
2005-01-05,4.736667156219482,4.989999771118164,4.736667156219482,4.913332939147949,4.913332939147949,271800
2005-01-06,4.980000019073486,4.980000019073486,4.8333330154418945,4.889999866485596,4.889999866485596,120600
2005-01-07,4.800000190734863,4.9166669845581055,4.800000190734863,4.896667003631592,4.896667003631592,112800
2005-01-10,4.853332996368408,4.960000038146973,4.853332996368408,4.896667003631592,4.896667003631592,202800
2005-01-11,4.883333206176758,4.9633331298828125,4.466667175292969,4.710000038146973,4.710000038146973,354900
2005-01-12,4.699999809265137,4.8333330154418945,4.5833330154418945,4.816667079925537,4.816667079925537,195000
2005-01-13,4.923333168029785,4.936666965484619,4.686666965484619,4.77666711807251,4.77666711807251,71700
2005-01-14,4.7266669273376465,4.75333309173584,4.586667060852051,4.659999847412109,4.659999847412109,162600
2005-01-18,4.550000190734863,4.813333034515381,4.550000190734863,4.806666851043701,4.806666851043701,217500
2005-01-19,4.853332996368408,4.860000133514404,4.6533331871032715,4.7866668701171875,4.7866668701171875,138600
2005-01-20,4.829999923706055,4.949999809265137,4.739999771118164,4.863333225250244,4.863333225250244,110100
2005-01-21,5.173333168029785,5.636666774749756,5.126667022705078,5.329999923706055,5.329999923706055,1848000
2005-01-24,5.47333288192749,5.923333168029785,5.466667175292969,5.676667213439941,5.676667213439941,1866300
2005-01-25,5.736667156219482,5.809999942779541,5.533332824707031,5.783332824707031,5.783332824707031,1125900
2005-01-26,5.826666831970215,6.216667175292969,5.806666851043701,5.966667175292969,5.966667175292969,1278900
2005-01-27,6.066667079925537,6.163332939147949,6.0,6.00333309173584,6.00333309173584,855900
2005-01-28,6.103332996368408,6.133333206176758,5.809999942779541,6.0833330154418945,6.0833330154418945,868500
2005-01-31,6.163332939147949,6.466667175292969,6.150000095367432,6.360000133514404,6.360000133514404,2105100
2005-02-01,6.433332920074463,6.433332920074463,6.043333053588867,6.22333288192749,6.22333288192749,1441500
2005-02-02,6.2266669273376465,6.300000190734863,5.836667060852051,6.033332824707031,6.033332824707031,1408800
2005-02-03,6.163332939147949,6.626667022705078,6.039999961853027,6.340000152587891,6.340000152587891,2007900
2005-02-04,6.389999866485596,6.590000152587891,6.349999904632568,6.380000114440918,6.380000114440918,996900
2005-02-07,6.663332939147949,6.806666851043701,6.453332901000977,6.670000076293945,6.670000076293945,2634600
2005-02-08,6.679999828338623,7.056666851043701,6.679999828338623,6.9766669273376465,6.9766669273376465,2073300
2005-02-09,7.136666774749756,7.366666793823242,7.00333309173584,7.230000019073486,7.230000019073486,2163900
2005-02-10,7.300000190734863,7.300000190734863,5.876667022705078,6.176667213439941,6.176667213439941,4778400
2005-02-11,6.190000057220459,6.820000171661377,6.190000057220459,6.756667137145996,6.756667137145996,1960500
2005-02-14,6.22333288192749,6.816667079925537,6.193333148956299,6.696667194366455,6.696667194366455,1448100
2005-02-15,6.5366668701171875,6.980000019073486,6.3333330154418945,6.626667022705078,6.626667022705078,1286700
2005-02-16,6.47333288192749,6.829999923706055,6.466667175292969,6.783332824707031,6.783332824707031,677700
2005-02-17,6.610000133514404,6.966667175292969,6.610000133514404,6.806666851043701,6.806666851043701,1033800
2005-02-18,6.6666669845581055,6.933332920074463,6.6666669845581055,6.766666889190674,6.766666889190674,753300
2005-02-22,6.6666669845581055,6.730000019073486,6.493332862854004,6.639999866485596,6.639999866485596,764400
2005-02-23,6.6066670417785645,6.800000190734863,6.539999961853027,6.670000076293945,6.670000076293945,838500
2005-02-24,6.756667137145996,6.756667137145996,6.21999979019165,6.533332824707031,6.533332824707031,1175100
2005-02-25,6.546667098999023,6.546667098999023,6.256667137145996,6.329999923706055,6.329999923706055,953400
2005-02-28,6.296667098999023,6.563333034515381,6.296667098999023,6.429999828338623,6.429999828338623,1148700
2005-03-01,6.440000057220459,6.809999942779541,6.4033331871032715,6.809999942779541,6.809999942779541,1087200
2005-03-02,6.809999942779541,6.866666793823242,5.849999904632568,6.053332805633545,6.053332805633545,4233300
2005-03-03,5.800000190734863,5.8333330154418945,5.329999923706055,5.3933329582214355,5.3933329582214355,4125900
2005-03-04,5.366666793823242,5.566667079925537,5.039999961853027,5.063333034515381,5.063333034515381,2761800
2005-03-07,5.216667175292969,5.406667232513428,5.133333206176758,5.2133331298828125,5.2133331298828125,1853100
2005-03-08,5.203332901000977,5.289999961853027,4.630000114440918,4.706666946411133,4.706666946411133,1406100
2005-03-09,4.599999904632568,4.650000095367432,4.360000133514404,4.489999771118164,4.489999771118164,2042700
2005-03-10,4.510000228881836,4.679999828338623,4.489999771118164,4.573332786560059,4.573332786560059,789600
2005-03-11,4.570000171661377,4.646667003631592,4.326666831970215,4.3566670417785645,4.3566670417785645,750900
2005-03-14,4.25333309173584,4.4166669845581055,4.1533331871032715,4.386666774749756,4.386666774749756,2180100
2005-03-15,4.4166669845581055,4.456666946411133,4.210000038146973,4.329999923706055,4.329999923706055,1061100
2005-03-16,4.349999904632568,4.349999904632568,4.02666711807251,4.25,4.25,826500
2005-03-17,4.2266669273376465,4.566667079925537,4.179999828338623,4.563333034515381,4.563333034515381,1192800
2005-03-18,4.586667060852051,4.586667060852051,4.216667175292969,4.21999979019165,4.21999979019165,692100
2005-03-21,4.216667175292969,4.5,4.0966668128967285,4.49666690826416,4.49666690826416,1141200
2005-03-22,4.6433329582214355,4.826666831970215,4.506667137145996,4.679999828338623,4.679999828338623,1129200
2005-03-23,4.74666690826416,4.813333034515381,4.553332805633545,4.626667022705078,4.626667022705078,899100
2005-03-24,4.7133331298828125,4.7133331298828125,4.3333330154418945,4.396667003631592,4.396667003631592,713700
2005-03-28,4.380000114440918,4.440000057220459,4.3333330154418945,4.336667060852051,4.336667060852051,358800
2005-03-29,4.306666851043701,4.426667213439941,4.236667156219482,4.236667156219482,4.236667156219482,307500
2005-03-30,4.233333110809326,4.400000095367432,4.133333206176758,4.336667060852051,4.336667060852051,540900
2005-03-31,4.3333330154418945,4.5,4.326666831970215,4.426667213439941,4.426667213439941,495600
2005-04-01,4.436666965484619,4.576666831970215,4.383333206176758,4.5233330726623535,4.5233330726623535,500100
2005-04-04,4.50333309173584,5.1666669845581055,4.5,5.110000133514404,5.110000133514404,1539900
2005-04-05,5.233333110809326,5.730000019073486,5.2133331298828125,5.373332977294922,5.373332977294922,3209100
2005-04-06,5.386666774749756,5.456666946411133,5.243332862854004,5.383333206176758,5.383333206176758,596100
2005-04-07,5.326666831970215,5.380000114440918,5.133333206176758,5.170000076293945,5.170000076293945,701400
2005-04-08,5.146667003631592,5.216667175292969,5.00333309173584,5.090000152587891,5.090000152587891,378900
2005-04-11,5.079999923706055,5.126667022705078,4.883333206176758,5.059999942779541,5.059999942779541,380700
2005-04-12,5.039999961853027,5.086667060852051,4.75,4.983333110809326,4.983333110809326,277200
2005-04-13,4.946667194366455,5.016666889190674,4.849999904632568,4.936666965484619,4.936666965484619,207600
2005-04-14,4.9766669273376465,4.9766669273376465,4.75,4.75333309173584,4.75333309173584,228900
2005-04-15,4.72333288192749,4.72333288192749,3.946666955947876,4.066667079925537,4.066667079925537,1637400
2005-04-18,4.0,4.343332767486572,3.9866669178009033,4.179999828338623,4.179999828338623,576900
2005-04-19,4.283332824707031,4.340000152587891,4.170000076293945,4.236667156219482,4.236667156219482,219300
2005-04-20,4.3333330154418945,4.6433329582214355,4.269999980926514,4.570000171661377,4.570000171661377,477300
2005-04-21,4.566667079925537,4.566667079925537,4.159999847412109,4.349999904632568,4.349999904632568,1012500
2005-04-22,4.369999885559082,4.510000228881836,4.199999809265137,4.486667156219482,4.486667156219482,433800
2005-04-25,4.413332939147949,4.420000076293945,4.3333330154418945,4.4033331871032715,4.4033331871032715,448200
2005-04-26,4.413332939147949,4.533332824707031,4.380000114440918,4.386666774749756,4.386666774749756,354300
2005-04-27,4.376667022705078,4.376667022705078,4.183332920074463,4.3333330154418945,4.3333330154418945,316800
2005-04-28,4.380000114440918,4.380000114440918,4.130000114440918,4.1533331871032715,4.1533331871032715,249000
2005-04-29,4.103332996368408,4.190000057220459,3.993333101272583,4.079999923706055,4.079999923706055,508500
2005-05-02,4.066667079925537,4.099999904632568,4.03000020980835,4.046667098999023,4.046667098999023,262500
2005-05-03,4.033332824707031,4.3333330154418945,4.03000020980835,4.316667079925537,4.316667079925537,552600
2005-05-04,4.336667060852051,4.550000190734863,4.2866668701171875,4.49666690826416,4.49666690826416,530700
2005-05-05,4.550000190734863,4.6433329582214355,4.313333034515381,4.3333330154418945,4.3333330154418945,566700
2005-05-06,4.2866668701171875,4.443333148956299,4.27666711807251,4.349999904632568,4.349999904632568,185400
2005-05-09,4.343332767486572,4.426667213439941,4.22333288192749,4.28000020980835,4.28000020980835,286200
2005-05-10,4.233333110809326,4.233333110809326,4.039999961853027,4.0966668128967285,4.0966668128967285,789900
2005-05-11,3.6766669750213623,3.8499999046325684,3.3666670322418213,3.6333329677581787,3.6333329677581787,2718000
2005-05-12,3.6600000858306885,3.686666965484619,3.549999952316284,3.5933330059051514,3.5933330059051514,656700
2005-05-13,3.6500000953674316,3.683332920074463,3.4166669845581055,3.5799999237060547,3.5799999237060547,417000
2005-05-16,3.603332996368408,3.6166670322418213,3.3933329582214355,3.413332939147949,3.413332939147949,949200
2005-05-17,3.4800000190734863,3.4800000190734863,3.1666669845581055,3.266666889190674,3.266666889190674,1323000
2005-05-18,3.233333110809326,3.483333110809326,3.200000047683716,3.299999952316284,3.299999952316284,921000
2005-05-19,3.299999952316284,3.3933329582214355,3.2166669368743896,3.336667060852051,3.336667060852051,459300
2005-05-20,3.319999933242798,3.336667060852051,3.243333101272583,3.326667070388794,3.326667070388794,246900
2005-05-23,3.3499999046325684,3.376667022705078,3.233333110809326,3.240000009536743,3.240000009536743,417000
2005-05-24,3.3233330249786377,3.3333330154418945,3.2233328819274902,3.25333309173584,3.25333309173584,343500
2005-05-25,3.299999952316284,3.3299999237060547,3.2266669273376465,3.2300000190734863,3.2300000190734863,258900
2005-05-26,3.2866671085357666,3.2866671085357666,3.0966670513153076,3.1533329486846924,3.1533329486846924,392400
2005-05-27,3.1333329677581787,3.240000009536743,3.086667060852051,3.123332977294922,3.123332977294922,164400
2005-05-31,3.1666669845581055,3.233333110809326,3.1333329677581787,3.146667003631592,3.146667003631592,187500
2005-06-01,3.1500000953674316,3.316667079925537,3.1500000953674316,3.2766671180725098,3.2766671180725098,361800
2005-06-02,3.313333034515381,3.3333330154418945,3.1700000762939453,3.2133328914642334,3.2133328914642334,259500
2005-06-03,3.259999990463257,3.3499999046325684,3.25,3.326667070388794,3.326667070388794,488400
2005-06-06,3.4000000953674316,3.4100000858306885,3.266666889190674,3.2866671085357666,3.2866671085357666,169800
2005-06-07,3.2833330631256104,3.3333330154418945,3.259999990463257,3.309999942779541,3.309999942779541,195000
2005-06-08,3.3399999141693115,3.3466670513153076,3.259999990463257,3.2733330726623535,3.2733330726623535,103200
2005-06-09,3.319999933242798,3.319999933242798,3.2233328819274902,3.259999990463257,3.259999990463257,104100
2005-06-10,3.266666889190674,3.3833329677581787,3.2633330821990967,3.319999933242798,3.319999933242798,154500
2005-06-13,3.373332977294922,3.380000114440918,3.2733330726623535,3.2833330631256104,3.2833330631256104,222000
2005-06-14,3.3666670322418213,3.3666670322418213,3.293333053588867,3.326667070388794,3.326667070388794,121200
2005-06-15,3.3666670322418213,3.5,3.3333330154418945,3.4633328914642334,3.4633328914642334,295800
2005-06-16,3.5,3.5566670894622803,3.4633328914642334,3.516666889190674,3.516666889190674,295200
2005-06-17,3.569999933242798,3.6333329677581787,3.5,3.5999999046325684,3.5999999046325684,272400
2005-06-20,3.6666669845581055,3.696666955947876,3.5,3.5399999618530273,3.5399999618530273,299100
2005-06-21,3.5933330059051514,3.5933330059051514,3.50333309173584,3.559999942779541,3.559999942779541,177900
2005-06-22,3.626667022705078,3.7033329010009766,3.5899999141693115,3.6333329677581787,3.6333329677581787,255300
2005-06-23,3.6666669845581055,3.6666669845581055,3.566667079925537,3.5833330154418945,3.5833330154418945,474000
2005-06-24,3.5833330154418945,3.6166670322418213,3.4100000858306885,3.4733328819274902,3.4733328819274902,205200
2005-06-27,3.636667013168335,3.6666669845581055,3.549999952316284,3.563333034515381,3.563333034515381,481800
2005-06-28,3.5999999046325684,3.5999999046325684,3.430000066757202,3.456666946411133,3.456666946411133,347700
2005-06-29,3.5266671180725098,3.5266671180725098,3.316667079925537,3.3566670417785645,3.3566670417785645,401400
2005-06-30,3.3666670322418213,3.7033329010009766,3.3666670322418213,3.5833330154418945,3.5833330154418945,1204500
2005-07-01,3.683332920074463,3.819999933242798,3.5999999046325684,3.6766669750213623,3.6766669750213623,741600
2005-07-05,3.75,3.799999952316284,3.626667022705078,3.756666898727417,3.756666898727417,793200
2005-07-06,3.793333053588867,3.873332977294922,3.7699999809265137,3.836667060852051,3.836667060852051,358200
2005-07-07,3.9166669845581055,3.950000047683716,3.7699999809265137,3.8666670322418213,3.8666670322418213,541800
2005-07-08,3.933332920074463,3.933332920074463,3.8233330249786377,3.859999895095825,3.859999895095825,220500
2005-07-11,3.8833329677581787,3.9066669940948486,3.826667070388794,3.890000104904175,3.890000104904175,394200
2005-07-12,3.936666965484619,3.936666965484619,3.733333110809326,3.7866671085357666,3.7866671085357666,331500
2005-07-13,3.7833330631256104,3.816667079925537,3.609999895095825,3.683332920074463,3.683332920074463,364800
2005-07-14,3.6566669940948486,3.6666669845581055,3.5,3.6166670322418213,3.6166670322418213,682200
2005-07-15,3.5966670513153076,3.6666669845581055,3.516666889190674,3.6166670322418213,3.6166670322418213,416700
2005-07-18,3.6333329677581787,3.8433330059051514,3.6333329677581787,3.809999942779541,3.809999942779541,381600
2005-07-19,3.8499999046325684,4.0,3.8499999046325684,3.946666955947876,3.946666955947876,410100
2005-07-20,3.9666669368743896,4.016666889190674,3.9600000381469727,3.9666669368743896,3.9666669368743896,446100
2005-07-21,4.183332920074463,4.793333053588867,4.150000095367432,4.6433329582214355,4.6433329582214355,2785800
2005-07-22,4.619999885559082,4.983333110809326,4.616666793823242,4.863333225250244,4.863333225250244,1326300
2005-07-25,4.940000057220459,5.199999809265137,4.906667232513428,5.103332996368408,5.103332996368408,2057400
2005-07-26,5.103332996368408,5.25,5.016666889190674,5.243332862854004,5.243332862854004,993600
2005-07-27,5.24666690826416,5.4166669845581055,5.199999809265137,5.400000095367432,5.400000095367432,1212300
2005-07-28,5.400000095367432,5.686666965484619,5.389999866485596,5.5966668128967285,5.5966668128967285,1222200
2005-07-29,5.663332939147949,5.733333110809326,5.550000190734863,5.633333206176758,5.633333206176758,844200
2005-08-01,5.690000057220459,5.739999771118164,5.5,5.603332996368408,5.603332996368408,995400
2005-08-02,5.559999942779541,5.5833330154418945,5.170000076293945,5.289999961853027,5.289999961853027,928800
2005-08-03,5.216667175292969,5.480000019073486,5.050000190734863,5.1433329582214355,5.1433329582214355,816300
2005-08-04,5.230000019073486,5.533332824707031,5.066667079925537,5.4166669845581055,5.4166669845581055,766800
2005-08-05,5.386666774749756,5.683332920074463,5.3566670417785645,5.656667232513428,5.656667232513428,945300
2005-08-08,5.683332920074463,5.983333110809326,5.683332920074463,5.953332901000977,5.953332901000977,1280400
2005-08-09,5.960000038146973,5.993332862854004,5.783332824707031,5.796667098999023,5.796667098999023,709500
2005-08-10,5.836667060852051,5.900000095367432,5.639999866485596,5.673333168029785,5.673333168029785,972300
2005-08-11,5.670000076293945,5.793333053588867,5.670000076293945,5.730000019073486,5.730000019073486,715800
2005-08-12,5.699999809265137,5.876667022705078,5.6066670417785645,5.699999809265137,5.699999809265137,744600
2005-08-15,5.75,5.75,5.266666889190674,5.4166669845581055,5.4166669845581055,1031400
2005-08-16,5.373332977294922,5.573332786560059,5.179999828338623,5.4166669845581055,5.4166669845581055,849000
2005-08-17,5.4166669845581055,5.456666946411133,5.28000020980835,5.400000095367432,5.400000095367432,542400
2005-08-18,5.4166669845581055,5.716667175292969,5.300000190734863,5.449999809265137,5.449999809265137,451200
2005-08-19,5.353332996368408,5.456666946411133,5.206666946411133,5.353332996368408,5.353332996368408,357900
2005-08-22,5.406667232513428,5.406667232513428,5.199999809265137,5.373332977294922,5.373332977294922,766800
2005-08-23,5.396667003631592,5.53000020980835,5.369999885559082,5.453332901000977,5.453332901000977,427500
2005-08-24,5.433332920074463,5.519999980926514,5.25,5.296667098999023,5.296667098999023,375000
2005-08-25,5.320000171661377,5.4166669845581055,5.00333309173584,5.173333168029785,5.173333168029785,572400
2005-08-26,5.126667022705078,5.309999942779541,5.126667022705078,5.25,5.25,267000
2005-08-29,5.196667194366455,5.329999923706055,5.196667194366455,5.313333034515381,5.313333034515381,294900
2005-08-30,5.283332824707031,5.480000019073486,5.269999980926514,5.396667003631592,5.396667003631592,358200
2005-08-31,5.433332920074463,5.460000038146973,5.400000095367432,5.443333148956299,5.443333148956299,181200
2005-09-01,5.466667175292969,5.4766669273376465,5.283332824707031,5.309999942779541,5.309999942779541,368400
2005-09-02,5.2733330726623535,5.366666793823242,5.183332920074463,5.263332843780518,5.263332843780518,261300
2005-09-06,5.309999942779541,5.663332939147949,5.283332824707031,5.566667079925537,5.566667079925537,616500
2005-09-07,5.599999904632568,5.766666889190674,5.510000228881836,5.733333110809326,5.733333110809326,884400
2005-09-08,5.716667175292969,5.966667175292969,5.6533331871032715,5.829999923706055,5.829999923706055,682800
2005-09-09,5.8933329582214355,5.953332901000977,5.796667098999023,5.896667003631592,5.896667003631592,401700
2005-09-12,5.946667194366455,6.3933329582214355,5.9166669845581055,6.380000114440918,6.380000114440918,2958300
2005-09-13,6.4166669845581055,6.4166669845581055,6.22333288192749,6.306666851043701,6.306666851043701,826500
2005-09-14,6.3333330154418945,6.340000152587891,6.266666889190674,6.303332805633545,6.303332805633545,508500
2005-09-15,6.329999923706055,6.329999923706055,5.769999980926514,6.076666831970215,6.076666831970215,1575300
2005-09-16,6.059999942779541,6.196667194366455,5.909999847412109,6.136666774749756,6.136666774749756,449100
2005-09-19,6.2266669273376465,6.343332767486572,6.136666774749756,6.190000057220459,6.190000057220459,713100
2005-09-20,6.21999979019165,6.323332786560059,5.866666793823242,5.943333148956299,5.943333148956299,765000
2005-09-21,5.949999809265137,5.96999979019165,5.303332805633545,5.349999904632568,5.349999904632568,1609500
2005-09-22,5.329999923706055,5.47333288192749,4.940000057220459,5.103332996368408,5.103332996368408,1251600
2005-09-23,5.159999847412109,5.400000095367432,5.066667079925537,5.266666889190674,5.266666889190674,579600
2005-09-26,5.3466668128967285,5.960000038146973,5.3333330154418945,5.7733330726623535,5.7733330726623535,1730400
2005-09-27,5.800000190734863,5.8466668128967285,5.5833330154418945,5.783332824707031,5.783332824707031,472200
2005-09-28,5.816667079925537,5.816667079925537,5.420000076293945,5.466667175292969,5.466667175292969,624600
2005-09-29,5.466667175292969,5.556666851043701,5.269999980926514,5.413332939147949,5.413332939147949,547800
2005-09-30,5.363333225250244,5.449999809265137,5.320000171661377,5.353332996368408,5.353332996368408,368100
2005-10-03,5.320000171661377,5.6666669845581055,5.320000171661377,5.630000114440918,5.630000114440918,588300
2005-10-04,5.663332939147949,5.696667194366455,5.433332920074463,5.440000057220459,5.440000057220459,659100
2005-10-05,5.570000171661377,5.576666831970215,5.263332843780518,5.440000057220459,5.440000057220459,549900
2005-10-06,5.52666711807251,5.52666711807251,5.1533331871032715,5.170000076293945,5.170000076293945,680100
2005-10-07,5.1666669845581055,5.27666711807251,5.046667098999023,5.216667175292969,5.216667175292969,502200
2005-10-10,5.203332901000977,5.27666711807251,4.943333148956299,4.956666946411133,4.956666946411133,489000
2005-10-11,4.940000057220459,5.156667232513428,4.940000057220459,5.0366668701171875,5.0366668701171875,267900
2005-10-12,5.0,5.0366668701171875,4.5,4.626667022705078,4.626667022705078,1202700
2005-10-13,4.633333206176758,4.75,4.440000057220459,4.616666793823242,4.616666793823242,521400
2005-10-14,4.706666946411133,4.75,4.586667060852051,4.716667175292969,4.716667175292969,306900
2005-10-17,4.6666669845581055,4.813333034515381,4.5833330154418945,4.783332824707031,4.783332824707031,266100
2005-10-18,4.760000228881836,4.913332939147949,4.760000228881836,4.849999904632568,4.849999904632568,257100
2005-10-19,4.800000190734863,5.00333309173584,4.7266669273376465,4.966667175292969,4.966667175292969,354600
2005-10-20,5.02666711807251,5.02666711807251,4.663332939147949,4.7133331298828125,4.7133331298828125,503400
2005-10-21,4.663332939147949,4.869999885559082,4.539999961853027,4.683332920074463,4.683332920074463,258900
2005-10-24,4.696667194366455,4.7866668701171875,4.599999904632568,4.693333148956299,4.693333148956299,472800
2005-10-25,4.659999847412109,4.733333110809326,4.6533331871032715,4.6533331871032715,4.6533331871032715,200700
2005-10-26,4.630000114440918,4.793333053588867,4.630000114440918,4.7133331298828125,4.7133331298828125,222600
2005-10-27,4.7266669273376465,4.739999771118164,4.636666774749756,4.6533331871032715,4.6533331871032715,132600
2005-10-28,4.633333206176758,4.683332920074463,4.5833330154418945,4.6666669845581055,4.6666669845581055,102300
2005-10-31,4.710000038146973,5.02666711807251,4.6666669845581055,4.896667003631592,4.896667003631592,411600
2005-11-01,4.900000095367432,5.070000171661377,4.900000095367432,5.03000020980835,5.03000020980835,291000
2005-11-02,5.070000171661377,5.260000228881836,5.046667098999023,5.21999979019165,5.21999979019165,399000
2005-11-03,5.25,5.3333330154418945,5.24666690826416,5.260000228881836,5.260000228881836,263100
2005-11-04,5.266666889190674,5.296667098999023,5.079999923706055,5.21999979019165,5.21999979019165,214800
2005-11-07,5.103332996368408,5.110000133514404,4.929999828338623,5.0366668701171875,5.0366668701171875,415500
2005-11-08,4.993332862854004,5.076666831970215,4.960000038146973,4.96999979019165,4.96999979019165,162000
2005-11-09,5.046667098999023,5.239999771118164,4.99666690826416,5.210000038146973,5.210000038146973,416400
2005-11-10,5.243332862854004,5.25,5.076666831970215,5.199999809265137,5.199999809265137,433200
2005-11-11,5.233333110809326,5.539999961853027,5.019999980926514,5.516666889190674,5.516666889190674,973800
2005-11-14,5.5833330154418945,5.616666793823242,5.28000020980835,5.316667079925537,5.316667079925537,726600
2005-11-15,5.296667098999023,5.383333206176758,5.059999942779541,5.093332767486572,5.093332767486572,371100
2005-11-16,5.093332767486572,5.139999866485596,4.706666946411133,4.843332767486572,4.843332767486572,1126200
2005-11-17,4.8333330154418945,5.139999866485596,4.783332824707031,5.050000190734863,5.050000190734863,634200
2005-11-18,5.039999961853027,5.050000190734863,4.97333288192749,5.0,5.0,324300
2005-11-21,5.0,5.066667079925537,4.9766669273376465,5.0,5.0,503400
2005-11-22,4.906667232513428,5.016666889190674,4.906667232513428,4.99666690826416,4.99666690826416,270600
2005-11-23,4.9633331298828125,4.99666690826416,4.860000133514404,4.956666946411133,4.956666946411133,320400
2005-11-25,4.966667175292969,5.0966668128967285,4.966667175292969,5.066667079925537,5.066667079925537,65100
2005-11-28,5.1066670417785645,5.126667022705078,5.013332843780518,5.056666851043701,5.056666851043701,277800
2005-11-29,5.039999961853027,5.099999904632568,5.00333309173584,5.0233330726623535,5.0233330726623535,165900
2005-11-30,5.00333309173584,5.076666831970215,5.00333309173584,5.016666889190674,5.016666889190674,169500
2005-12-01,5.066667079925537,5.093332767486572,4.966667175292969,5.0366668701171875,5.0366668701171875,490800
2005-12-02,5.059999942779541,5.079999923706055,5.016666889190674,5.066667079925537,5.066667079925537,279600
2005-12-05,5.0833330154418945,5.183332920074463,5.039999961853027,5.073332786560059,5.073332786560059,483600
2005-12-06,5.079999923706055,5.1066670417785645,5.019999980926514,5.076666831970215,5.076666831970215,491100
2005-12-07,5.066667079925537,5.113333225250244,4.9633331298828125,5.016666889190674,5.016666889190674,291000
2005-12-08,4.983333110809326,5.103332996368408,4.9633331298828125,5.006667137145996,5.006667137145996,217200
2005-12-09,5.016666889190674,5.063333034515381,4.983333110809326,5.013332843780518,5.013332843780518,291300
2005-12-12,4.99666690826416,5.21999979019165,4.980000019073486,5.206666946411133,5.206666946411133,534300
2005-12-13,5.25,5.553332805633545,5.186666965484619,5.53000020980835,5.53000020980835,690900
2005-12-14,5.2266669273376465,5.27666711807251,4.9633331298828125,5.066667079925537,5.066667079925537,2026200
2005-12-15,5.136666774749756,5.136666774749756,4.800000190734863,4.836667060852051,4.836667060852051,1540200
2005-12-16,4.800000190734863,4.869999885559082,4.739999771118164,4.8333330154418945,4.8333330154418945,486600
2005-12-19,4.836667060852051,4.933332920074463,4.803332805633545,4.886666774749756,4.886666774749756,342300
2005-12-20,4.886666774749756,4.909999847412109,4.803332805633545,4.813333034515381,4.813333034515381,474000
2005-12-21,4.8333330154418945,5.0,4.8333330154418945,4.966667175292969,4.966667175292969,399300
2005-12-22,4.9766669273376465,4.986667156219482,4.8566670417785645,4.933332920074463,4.933332920074463,162000
2005-12-23,4.929999828338623,4.9633331298828125,4.8933329582214355,4.913332939147949,4.913332939147949,134400
2005-12-27,4.900000095367432,5.02666711807251,4.900000095367432,5.010000228881836,5.010000228881836,306300
2005-12-28,5.0,5.1533331871032715,5.0,5.0966668128967285,5.0966668128967285,128100
2005-12-29,5.0833330154418945,5.1666669845581055,4.906667232513428,4.986667156219482,4.986667156219482,406200
2005-12-30,4.9633331298828125,5.139999866485596,4.9633331298828125,5.093332767486572,5.093332767486572,175800
2006-01-03,5.079999923706055,5.28000020980835,4.936666965484619,5.243332862854004,5.243332862854004,457500
2006-01-04,5.25,5.363333225250244,5.25,5.306666851043701,5.306666851043701,370500
2006-01-05,5.343332767486572,5.383333206176758,5.1666669845581055,5.243332862854004,5.243332862854004,183600
2006-01-06,5.243332862854004,5.25,5.199999809265137,5.236667156219482,5.236667156219482,97800
2006-01-09,5.25,5.389999866485596,5.210000038146973,5.316667079925537,5.316667079925537,280500
2006-01-10,5.336667060852051,5.396667003631592,5.320000171661377,5.383333206176758,5.383333206176758,105900
2006-01-11,5.413332939147949,5.493332862854004,5.376667022705078,5.436666965484619,5.436666965484619,174900
2006-01-12,5.436666965484619,5.436666965484619,5.3566670417785645,5.413332939147949,5.413332939147949,70500
2006-01-13,5.366666793823242,5.673333168029785,5.3466668128967285,5.599999904632568,5.599999904632568,275700
2006-01-17,5.683332920074463,5.693333148956299,5.633333206176758,5.633333206176758,5.633333206176758,480300
2006-01-18,5.679999828338623,5.800000190734863,5.610000133514404,5.766666889190674,5.766666889190674,465300
2006-01-19,5.77666711807251,5.8333330154418945,5.733333110809326,5.769999980926514,5.769999980926514,338100
2006-01-20,5.75333309173584,5.829999923706055,5.693333148956299,5.733333110809326,5.733333110809326,191700
2006-01-23,5.783332824707031,5.820000171661377,5.603332996368408,5.626667022705078,5.626667022705078,239700
2006-01-24,5.599999904632568,5.853332996368408,5.5,5.730000019073486,5.730000019073486,877800
2006-01-25,6.5833330154418945,7.216667175292969,6.556666851043701,6.8333330154418945,6.8333330154418945,4299300
2006-01-26,6.813333034515381,7.5,6.716667175292969,7.376667022705078,7.376667022705078,1299600
2006-01-27,7.170000076293945,7.24666690826416,6.936666965484619,6.980000019073486,6.980000019073486,712500
2006-01-30,6.99666690826416,7.039999961853027,6.77666711807251,6.933332920074463,6.933332920074463,629400
2006-01-31,6.836667060852051,6.886666774749756,6.72333288192749,6.829999923706055,6.829999923706055,509400
2006-02-01,7.0,7.313333034515381,6.809999942779541,7.010000228881836,7.010000228881836,692100
2006-02-02,7.0833330154418945,7.159999847412109,6.6666669845581055,6.756667137145996,6.756667137145996,499500
2006-02-03,6.766666889190674,7.063333034515381,6.7266669273376465,6.9633331298828125,6.9633331298828125,375900
2006-02-06,6.933332920074463,7.0,6.4633331298828125,6.956666946411133,6.956666946411133,945900
2006-02-07,6.920000076293945,6.989999771118164,6.679999828338623,6.766666889190674,6.766666889190674,417300
2006-02-08,6.756667137145996,6.9633331298828125,6.613333225250244,6.946667194366455,6.946667194366455,276900
2006-02-09,6.923333168029785,7.323332786560059,6.923333168029785,7.1066670417785645,7.1066670417785645,702000
2006-02-10,7.126667022705078,7.193333148956299,6.706666946411133,7.176667213439941,7.176667213439941,415500
2006-02-13,7.199999809265137,7.489999771118164,7.170000076293945,7.309999942779541,7.309999942779541,696600
2006-02-14,7.27666711807251,7.3333330154418945,7.183332920074463,7.296667098999023,7.296667098999023,491700
2006-02-15,7.266666889190674,7.6666669845581055,7.233333110809326,7.389999866485596,7.389999866485596,459000
2006-02-16,7.383333206176758,7.386666774749756,7.233333110809326,7.366666793823242,7.366666793823242,284100
2006-02-17,7.400000095367432,7.400000095367432,7.25333309173584,7.329999923706055,7.329999923706055,243000
2006-02-21,7.296667098999023,7.373332977294922,7.010000228881836,7.199999809265137,7.199999809265137,486300
2006-02-22,7.183332920074463,7.659999847412109,7.173333168029785,7.610000133514404,7.610000133514404,556200
2006-02-23,7.586667060852051,7.75,7.396667003631592,7.4166669845581055,7.4166669845581055,623100
2006-02-24,7.386666774749756,7.553332805633545,7.309999942779541,7.343332767486572,7.343332767486572,249600
2006-02-27,7.353332996368408,7.440000057220459,7.103332996368408,7.256667137145996,7.256667137145996,483900
2006-02-28,7.25333309173584,7.340000152587891,7.1533331871032715,7.210000038146973,7.210000038146973,208500
2006-03-01,7.24666690826416,7.7733330726623535,7.24666690826416,7.743332862854004,7.743332862854004,833100
2006-03-02,7.75,7.829999923706055,7.5366668701171875,7.796667098999023,7.796667098999023,310800
2006-03-03,7.816667079925537,7.826666831970215,7.616666793823242,7.766666889190674,7.766666889190674,253800
2006-03-06,7.8333330154418945,7.876667022705078,7.716667175292969,7.813333034515381,7.813333034515381,358800
2006-03-07,7.809999942779541,8.09000015258789,7.800000190734863,8.083333015441895,8.083333015441895,759000
2006-03-08,8.033332824707031,8.176667213439941,7.8333330154418945,8.146666526794434,8.146666526794434,381000
2006-03-09,8.133333206176758,8.623332977294922,8.133333206176758,8.453332901000977,8.453332901000977,883200
2006-03-10,8.433333396911621,8.80666732788086,8.433333396911621,8.716667175292969,8.716667175292969,753000
2006-03-13,8.696666717529297,8.826666831970215,8.399999618530273,8.716667175292969,8.716667175292969,933600
2006-03-14,8.666666984558105,8.666666984558105,8.34000015258789,8.666666984558105,8.666666984558105,618600
2006-03-15,8.670000076293945,8.766667366027832,8.5,8.596667289733887,8.596667289733887,302100
2006-03-16,8.600000381469727,8.703332901000977,8.5600004196167,8.636667251586914,8.636667251586914,315900
2006-03-17,8.630000114440918,8.946666717529297,8.583333015441895,8.803333282470703,8.803333282470703,381900
2006-03-20,8.890000343322754,9.643333435058594,8.890000343322754,9.510000228881836,9.510000228881836,1209600
2006-03-21,9.233332633972168,9.579999923706055,9.010000228881836,9.233332633972168,9.233332633972168,557400
2006-03-22,9.24666690826416,9.333333015441895,8.936667442321777,9.300000190734863,9.300000190734863,394200
2006-03-23,9.333333015441895,9.59000015258789,9.109999656677246,9.25,9.25,661800
2006-03-24,9.356666564941406,9.369999885559082,9.173333168029785,9.216667175292969,9.216667175292969,366000
2006-03-27,9.130000114440918,9.44333267211914,9.0,9.416666984558105,9.416666984558105,556800
2006-03-28,9.296667098999023,9.75,9.149999618530273,9.266667366027832,9.266667366027832,619200
2006-03-29,9.216667175292969,9.643333435058594,9.216667175292969,9.643333435058594,9.643333435058594,458100
2006-03-30,9.696666717529297,9.899999618530273,9.673333168029785,9.699999809265137,9.699999809265137,662700
2006-03-31,9.793333053588867,9.883333206176758,9.600000381469727,9.84000015258789,9.84000015258789,564600
2006-04-03,9.903332710266113,10.050000190734863,9.356666564941406,9.643333435058594,9.643333435058594,902100
2006-04-04,9.609999656677246,9.850000381469727,9.609999656677246,9.739999771118164,9.739999771118164,551400
2006-04-05,9.80666732788086,10.15999984741211,9.773332595825195,10.0,10.0,1006500
2006-04-06,10.15666675567627,10.346667289733887,10.100000381469727,10.34000015258789,10.34000015258789,714600
2006-04-07,10.383333206176758,10.493332862854004,10.123332977294922,10.223333358764648,10.223333358764648,830100
2006-04-10,10.266667366027832,10.896666526794434,10.233332633972168,10.569999694824219,10.569999694824219,1221000
2006-04-11,10.733332633972168,10.766667366027832,9.390000343322754,9.819999694824219,9.819999694824219,2664900
2006-04-12,9.666666984558105,10.529999732971191,9.266667366027832,10.239999771118164,10.239999771118164,1291200
2006-04-13,10.006667137145996,10.69333267211914,10.006667137145996,10.649999618530273,10.649999618530273,901800
2006-04-17,10.883333206176758,11.1899995803833,10.649999618530273,11.00333309173584,11.00333309173584,1320300
2006-04-18,12.0600004196167,13.130000114440918,12.0,12.613332748413086,12.613332748413086,5148600
2006-04-19,12.686667442321777,13.096667289733887,12.25,12.403332710266113,12.403332710266113,1910100
2006-04-20,12.470000267028809,12.649999618530273,12.243332862854004,12.3100004196167,12.3100004196167,818700
2006-04-21,12.513333320617676,13.116666793823242,12.366666793823242,12.829999923706055,12.829999923706055,1115100
2006-04-24,12.979999542236328,13.479999542236328,12.859999656677246,13.113332748413086,13.113332748413086,1541700
2006-04-25,13.149999618530273,13.456666946411133,11.533332824707031,12.026666641235352,12.026666641235352,3794100
2006-04-26,11.173333168029785,11.333333015441895,10.096667289733887,10.203332901000977,10.203332901000977,4259100
2006-04-27,10.213333129882812,10.316666603088379,9.923333168029785,10.079999923706055,10.079999923706055,1353900
2006-04-28,10.083333015441895,10.646666526794434,10.083333015441895,10.566666603088379,10.566666603088379,1086000
2006-05-01,10.673333168029785,11.233332633972168,10.666666984558105,11.16333293914795,11.16333293914795,1740000
2006-05-02,11.24666690826416,11.489999771118164,10.536666870117188,11.050000190734863,11.050000190734863,1520700
2006-05-03,11.0,11.470000267028809,11.0,11.300000190734863,11.300000190734863,857700
2006-05-04,11.533332824707031,11.983332633972168,11.5,11.793333053588867,11.793333053588867,1146600
2006-05-05,11.90666675567627,11.960000038146973,11.083333015441895,11.466667175292969,11.466667175292969,832200
2006-05-08,11.523332595825195,11.550000190734863,11.020000457763672,11.386667251586914,11.386667251586914,606600
2006-05-09,11.386667251586914,11.65999984741211,11.09000015258789,11.483332633972168,11.483332633972168,434700
2006-05-10,11.50333309173584,11.50333309173584,11.173333168029785,11.369999885559082,11.369999885559082,466200
2006-05-11,11.293333053588867,11.333333015441895,10.800000190734863,11.079999923706055,11.079999923706055,690000
2006-05-12,10.833333015441895,10.866666793823242,10.203332901000977,10.619999885559082,10.619999885559082,781800
2006-05-15,10.483332633972168,10.58666706085205,10.0,10.279999732971191,10.279999732971191,775800
2006-05-16,10.316666603088379,10.666666984558105,10.266667366027832,10.473333358764648,10.473333358764648,696900
2006-05-17,10.433333396911621,10.433333396911621,10.063332557678223,10.15999984741211,10.15999984741211,468900
2006-05-18,10.166666984558105,10.486666679382324,10.0,10.109999656677246,10.109999656677246,431100
2006-05-19,10.15666675567627,10.206666946411133,8.90999984741211,9.733332633972168,9.733332633972168,2079300
2006-05-22,9.5,9.779999732971191,9.023332595825195,9.436667442321777,9.436667442321777,1540200
2006-05-23,9.416666984558105,10.136667251586914,9.366666793823242,9.84000015258789,9.84000015258789,904500
2006-05-24,9.859999656677246,9.859999656677246,9.479999542236328,9.770000457763672,9.770000457763672,741600
2006-05-25,9.873332977294922,10.123332977294922,9.800000190734863,10.039999961853027,10.039999961853027,636600
2006-05-26,10.180000305175781,10.526666641235352,10.109999656677246,10.489999771118164,10.489999771118164,781800
2006-05-30,10.273332595825195,10.726667404174805,10.273332595825195,10.573332786560059,10.573332786560059,774000
2006-05-31,10.573332786560059,10.83666706085205,10.50333309173584,10.770000457763672,10.770000457763672,711300
2006-06-01,10.850000381469727,10.949999809265137,10.713333129882812,10.783332824707031,10.783332824707031,577200
2006-06-02,10.956666946411133,10.956666946411133,10.433333396911621,10.640000343322754,10.640000343322754,568500
2006-06-05,10.666666984558105,11.0,10.416666984558105,10.513333320617676,10.513333320617676,579900
2006-06-06,10.486666679382324,10.486666679382324,9.853333473205566,10.326666831970215,10.326666831970215,1039800
2006-06-07,10.333333015441895,10.74666690826416,10.113332748413086,10.213333129882812,10.213333129882812,594000
2006-06-08,10.08666706085205,10.16333293914795,9.603333473205566,10.100000381469727,10.100000381469727,655200
2006-06-09,10.100000381469727,10.329999923706055,9.886667251586914,10.036666870117188,10.036666870117188,429900
2006-06-12,10.083333015441895,10.199999809265137,9.603333473205566,9.66333293914795,9.66333293914795,580800
2006-06-13,9.5600004196167,9.699999809265137,9.083333015441895,9.286666870117188,9.286666870117188,1110900
2006-06-14,9.239999771118164,9.833333015441895,9.180000305175781,9.75333309173584,9.75333309173584,538200
2006-06-15,9.84333324432373,10.449999809265137,9.84333324432373,10.376667022705078,10.376667022705078,834600
2006-06-16,10.353333473205566,10.433333396911621,10.126667022705078,10.183333396911621,10.183333396911621,436200
2006-06-19,10.363332748413086,10.666666984558105,10.083333015441895,10.130000114440918,10.130000114440918,899700
2006-06-20,10.076666831970215,10.393333435058594,9.920000076293945,10.260000228881836,10.260000228881836,383100
2006-06-21,10.260000228881836,10.856666564941406,10.1899995803833,10.723333358764648,10.723333358764648,895500
2006-06-22,10.616666793823242,10.899999618530273,10.59000015258789,10.846667289733887,10.846667289733887,585300
2006-06-23,10.970000267028809,11.529999732971191,10.923333168029785,11.5,11.5,1060500
2006-06-26,12.036666870117188,12.359999656677246,11.74666690826416,11.973333358764648,11.973333358764648,2532600
2006-06-27,12.05666732788086,12.133333206176758,11.453332901000977,11.523332595825195,11.523332595825195,1487100
2006-06-28,11.733332633972168,11.853333473205566,11.236666679382324,11.796667098999023,11.796667098999023,960600
2006-06-29,11.833333015441895,12.359999656677246,11.789999961853027,12.333333015441895,12.333333015441895,1374600
2006-06-30,12.576666831970215,12.963333129882812,12.393333435058594,12.563332557678223,12.563332557678223,6124200
2006-07-03,14.136667251586914,14.3100004196167,13.850000381469727,14.283332824707031,14.283332824707031,4042500
2006-07-05,14.55666732788086,14.583333015441895,14.176667213439941,14.44333267211914,14.44333267211914,2564100
2006-07-06,14.5,14.766667366027832,14.239999771118164,14.333333015441895,14.333333015441895,1518900
2006-07-07,14.199999809265137,14.606666564941406,13.923333168029785,13.963333129882812,13.963333129882812,1441800
2006-07-10,13.966667175292969,14.729999542236328,13.173333168029785,14.346667289733887,14.346667289733887,3190500
2006-07-11,14.333333015441895,14.416666984558105,13.533332824707031,14.19333267211914,14.19333267211914,2404200
2006-07-12,14.279999732971191,14.716667175292969,13.916666984558105,14.116666793823242,14.116666793823242,2078700
2006-07-13,13.783332824707031,14.0,13.313332557678223,13.436667442321777,13.436667442321777,2114400
2006-07-14,13.140000343322754,13.350000381469727,12.263333320617676,12.953332901000977,12.953332901000977,2710200
2006-07-17,12.506667137145996,13.119999885559082,12.34333324432373,12.989999771118164,12.989999771118164,1376700
2006-07-18,13.09333324432373,13.893333435058594,13.020000457763672,13.789999961853027,13.789999961853027,1467300
2006-07-19,13.866666793823242,14.666666984558105,13.796667098999023,14.520000457763672,14.520000457763672,2221800
2006-07-20,14.926667213439941,15.146666526794434,13.666666984558105,13.699999809265137,13.699999809265137,2042100
2006-07-21,13.420000076293945,13.58666706085205,12.920000076293945,13.05666732788086,13.05666732788086,1670700
2006-07-24,13.460000038146973,14.0600004196167,13.276666641235352,14.036666870117188,14.036666870117188,1814700
2006-07-25,14.08666706085205,14.446666717529297,13.50333309173584,14.166666984558105,14.166666984558105,1793400
2006-07-26,14.473333358764648,14.846667289733887,13.390000343322754,14.470000267028809,14.470000267028809,2384700
2006-07-27,14.616666793823242,14.816666603088379,13.926667213439941,14.126667022705078,14.126667022705078,1869300
2006-07-28,13.979999542236328,14.266667366027832,13.216667175292969,13.630000114440918,13.630000114440918,2329500
2006-07-31,13.403332710266113,13.930000305175781,13.333333015441895,13.876667022705078,13.876667022705078,1133700
2006-08-01,13.603333473205566,13.786666870117188,12.979999542236328,13.136667251586914,13.136667251586914,1339200
2006-08-02,13.050000190734863,13.4399995803833,12.366666793823242,12.896666526794434,12.896666526794434,2223000
2006-08-03,12.526666641235352,12.966667175292969,12.273332595825195,12.9399995803833,12.9399995803833,1158900
2006-08-04,13.236666679382324,13.579999923706055,12.516667366027832,12.676667213439941,12.676667213439941,1609800
2006-08-07,12.529999732971191,12.726667404174805,12.380000114440918,12.680000305175781,12.680000305175781,933600
2006-08-08,12.680000305175781,13.0600004196167,12.289999961853027,12.373332977294922,12.373332977294922,1260300
2006-08-09,12.486666679382324,12.826666831970215,12.203332901000977,12.25333309173584,12.25333309173584,1208700
2006-08-10,12.016667366027832,12.533332824707031,11.366666793823242,12.456666946411133,12.456666946411133,2261400
2006-08-11,12.359999656677246,12.516667366027832,12.083333015441895,12.166666984558105,12.166666984558105,935400
2006-08-14,12.296667098999023,12.466667175292969,11.796667098999023,11.896666526794434,11.896666526794434,1322700
2006-08-15,11.966667175292969,12.229999542236328,11.523332595825195,11.65666675567627,11.65666675567627,1452000
2006-08-16,11.713333129882812,11.936667442321777,11.553333282470703,11.803333282470703,11.803333282470703,992400
2006-08-17,11.760000228881836,12.550000190734863,11.666666984558105,12.369999885559082,12.369999885559082,1415700
2006-08-18,12.416666984558105,12.493332862854004,12.076666831970215,12.263333320617676,12.263333320617676,802800
2006-08-21,12.300000190734863,12.65666675567627,11.896666526794434,12.513333320617676,12.513333320617676,1192200
2006-08-22,12.58666706085205,13.026666641235352,12.486666679382324,12.856666564941406,12.856666564941406,1671300
2006-08-23,13.029999732971191,13.133333206176758,12.466667175292969,12.886667251586914,12.886667251586914,1364100
2006-08-24,12.916666984558105,13.0600004196167,12.573332786560059,12.966667175292969,12.966667175292969,851400
2006-08-25,13.0,13.0,12.333333015441895,12.430000305175781,12.430000305175781,845700
2006-08-28,12.383333206176758,12.686667442321777,12.333333015441895,12.553333282470703,12.553333282470703,658500
2006-08-29,12.553333282470703,13.053333282470703,12.466667175292969,12.983332633972168,12.983332633972168,856800
2006-08-30,13.0,13.333333015441895,12.916666984558105,13.149999618530273,13.149999618530273,1098000
2006-08-31,13.25,13.266667366027832,12.899999618530273,13.09000015258789,13.09000015258789,494700
2006-09-01,13.113332748413086,13.300000190734863,12.99666690826416,13.276666641235352,13.276666641235352,1079700
2006-09-05,13.33666706085205,13.733332633972168,13.33666706085205,13.686667442321777,13.686667442321777,1449000
2006-09-06,13.893333435058594,13.916666984558105,13.289999961853027,13.376667022705078,13.376667022705078,1193400
2006-09-07,13.376667022705078,13.376667022705078,12.436667442321777,12.666666984558105,12.666666984558105,1990200
2006-09-08,12.646666526794434,13.0,12.646666526794434,12.880000114440918,12.880000114440918,480000
2006-09-11,12.699999809265137,12.803333282470703,12.183333396911621,12.24666690826416,12.24666690826416,1560000
2006-09-12,12.166666984558105,12.666666984558105,12.166666984558105,12.55666732788086,12.55666732788086,722100
2006-09-13,12.533332824707031,12.793333053588867,12.513333320617676,12.779999732971191,12.779999732971191,637800
2006-09-14,12.75333309173584,12.823332786560059,12.263333320617676,12.390000343322754,12.390000343322754,579900
2006-09-15,12.486666679382324,12.579999923706055,12.293333053588867,12.333333015441895,12.333333015441895,727800
2006-09-18,12.403332710266113,13.30666732788086,12.293333053588867,13.123332977294922,13.123332977294922,1755300
2006-09-19,13.313332557678223,13.313332557678223,12.760000228881836,12.896666526794434,12.896666526794434,947100
2006-09-20,12.899999618530273,13.146666526794434,12.706666946411133,13.116666793823242,13.116666793823242,1076100
2006-09-21,13.256667137145996,13.283332824707031,12.423333168029785,12.603333473205566,12.603333473205566,812100
2006-09-22,12.5,12.516667366027832,11.729999542236328,12.199999809265137,12.199999809265137,1777200
2006-09-25,12.176667213439941,12.49666690826416,12.0,12.453332901000977,12.453332901000977,938700
2006-09-26,12.453332901000977,13.026666641235352,12.453332901000977,12.789999961853027,12.789999961853027,1284300
2006-09-27,12.699999809265137,13.140000343322754,12.699999809265137,12.896666526794434,12.896666526794434,694200
2006-09-28,12.833333015441895,12.99666690826416,12.680000305175781,12.903332710266113,12.903332710266113,780600
2006-09-29,12.933333396911621,13.069999694824219,12.866666793823242,12.893333435058594,12.893333435058594,560100
2006-10-02,12.866666793823242,13.039999961853027,12.75,12.933333396911621,12.933333396911621,1179000
2006-10-03,12.803333282470703,12.890000343322754,12.083333015441895,12.140000343322754,12.140000343322754,1821600
2006-10-04,12.09000015258789,12.333333015441895,11.873332977294922,12.273332595825195,12.273332595825195,1296000
2006-10-05,12.216667175292969,12.266667366027832,12.0,12.220000267028809,12.220000267028809,545700
2006-10-06,12.096667289733887,12.30666732788086,11.970000267028809,12.100000381469727,12.100000381469727,554100
2006-10-09,12.186667442321777,12.199999809265137,11.873332977294922,12.083333015441895,12.083333015441895,611400
2006-10-10,12.15999984741211,12.283332824707031,11.886667251586914,11.966667175292969,11.966667175292969,615300
2006-10-11,11.916666984558105,12.053333282470703,11.523332595825195,11.640000343322754,11.640000343322754,1270500
2006-10-12,11.543333053588867,12.40999984741211,11.149999618530273,12.116666793823242,12.116666793823242,4028400
2006-10-13,14.116666793823242,14.449999809265137,13.853333473205566,14.15666675567627,14.15666675567627,12390000
2006-10-16,14.363332748413086,15.15666675567627,14.220000267028809,15.08666706085205,15.08666706085205,5422800
2006-10-17,14.850000381469727,15.08666706085205,14.546667098999023,14.933333396911621,14.933333396911621,2085000
2006-10-18,15.063332557678223,15.603333473205566,15.0,15.069999694824219,15.069999694824219,2053200
2006-10-19,15.149999618530273,15.149999618530273,14.603333473205566,14.743332862854004,14.743332862854004,1685100
2006-10-20,14.713333129882812,14.743332862854004,14.020000457763672,14.270000457763672,14.270000457763672,1842600
2006-10-23,14.683333396911621,15.069999694824219,14.350000381469727,14.766667366027832,14.766667366027832,2023500
2006-10-24,14.979999542236328,15.130000114440918,14.486666679382324,14.680000305175781,14.680000305175781,1430100
2006-10-25,14.449999809265137,15.25,14.449999809265137,15.213333129882812,15.213333129882812,1265400
2006-10-26,15.203332901000977,15.859999656677246,15.119999885559082,15.5,15.5,1823700
2006-10-27,15.533332824707031,15.65666675567627,15.106666564941406,15.166666984558105,15.166666984558105,896400
2006-10-30,15.176667213439941,15.386667251586914,14.833333015441895,15.350000381469727,15.350000381469727,797400
2006-10-31,15.433333396911621,15.566666603088379,14.923333168029785,15.05666732788086,15.05666732788086,1022100
2006-11-01,15.069999694824219,15.173333168029785,14.366666793823242,14.583333015441895,14.583333015441895,1177500
2006-11-02,14.180000305175781,14.926667213439941,13.58666706085205,14.34000015258789,14.34000015258789,2160000
2006-11-03,14.376667022705078,14.819999694824219,14.176667213439941,14.653332710266113,14.653332710266113,1351800
2006-11-06,15.053333282470703,15.596667289733887,14.953332901000977,15.453332901000977,15.453332901000977,1779900
2006-11-07,15.763333320617676,16.02666664123535,15.576666831970215,15.869999885559082,15.869999885559082,1888200
2006-11-08,15.609999656677246,16.023332595825195,15.40666675567627,15.75,15.75,1303800
2006-11-09,15.956666946411133,16.116666793823242,15.833333015441895,16.116666793823242,16.116666793823242,1611900
2006-11-10,15.633333206176758,15.666666984558105,14.229999542236328,14.8100004196167,14.8100004196167,5905800
2006-11-13,14.800000190734863,15.16333293914795,14.713333129882812,14.916666984558105,14.916666984558105,1438500
2006-11-14,14.703332901000977,14.90666675567627,14.44333267211914,14.896666526794434,14.896666526794434,1537500
2006-11-15,14.883333206176758,15.41333293914795,14.779999732971191,15.25,15.25,1542900
2006-11-16,15.24666690826416,15.24666690826416,14.866666793823242,14.899999618530273,14.899999618530273,905400
2006-11-17,14.760000228881836,14.99666690826416,14.510000228881836,14.880000114440918,14.880000114440918,998100
2006-11-20,14.933333396911621,15.130000114440918,14.813332557678223,14.976667404174805,14.976667404174805,647100
2006-11-21,14.5,14.829999923706055,14.383333206176758,14.826666831970215,14.826666831970215,1366500
2006-11-22,14.65666675567627,14.966667175292969,14.646666526794434,14.883333206176758,14.883333206176758,493500
2006-11-24,14.696666717529297,15.166666984558105,14.65999984741211,15.15666675567627,15.15666675567627,343200
2006-11-27,15.296667098999023,15.466667175292969,14.783332824707031,14.83666706085205,14.83666706085205,946500
2006-11-28,14.75,15.226667404174805,14.726667404174805,15.046667098999023,15.046667098999023,819900
2006-11-29,15.140000343322754,15.41333293914795,15.053333282470703,15.300000190734863,15.300000190734863,621000
2006-11-30,15.366666793823242,15.609999656677246,15.100000381469727,15.573332786560059,15.573332786560059,1460100
2006-12-01,15.583333015441895,15.75333309173584,15.236666679382324,15.686667442321777,15.686667442321777,875400
2006-12-04,15.916666984558105,16.553333282470703,15.83666706085205,16.459999084472656,16.459999084472656,1745700
2006-12-05,16.549999237060547,17.14666748046875,16.376667022705078,16.953332901000977,16.953332901000977,1437300
2006-12-06,16.94333267211914,17.116666793823242,16.549999237060547,16.829999923706055,16.829999923706055,955200
2006-12-07,16.996667861938477,17.083332061767578,16.32666778564453,16.516666412353516,16.516666412353516,2020800
2006-12-08,16.413333892822266,16.866666793823242,16.229999542236328,16.729999542236328,16.729999542236328,1209600
2006-12-11,16.803333282470703,16.940000534057617,16.43000030517578,16.546667098999023,16.546667098999023,1703100
2006-12-12,16.5,17.059999465942383,16.170000076293945,16.5,16.5,838800
2006-12-13,16.68000030517578,16.690000534057617,15.979999542236328,16.239999771118164,16.239999771118164,697600
2006-12-14,16.209999084472656,16.399999618530273,16.040000915527344,16.200000762939453,16.200000762939453,645400
2006-12-15,16.209999084472656,16.5,15.779999732971191,15.829999923706055,15.829999923706055,759900
2006-12-18,16.010000228881836,16.600000381469727,15.9399995803833,16.299999237060547,16.299999237060547,933500
2006-12-19,16.40999984741211,16.40999984741211,15.0,15.890000343322754,15.890000343322754,1038800
2006-12-20,15.989999771118164,15.989999771118164,15.510000228881836,15.699999809265137,15.699999809265137,444300
2006-12-21,15.720000267028809,16.450000762939453,15.479999542236328,16.079999923706055,16.079999923706055,1006300
2006-12-22,16.030000686645508,16.34000015258789,16.010000228881836,16.110000610351562,16.110000610351562,387100
2006-12-26,16.290000915527344,16.350000381469727,16.0,16.139999389648438,16.139999389648438,362400
2006-12-27,16.110000610351562,16.520000457763672,16.110000610351562,16.5,16.5,395400
2006-12-28,16.510000228881836,16.850000381469727,16.299999237060547,16.6299991607666,16.6299991607666,451800
2006-12-29,16.6299991607666,16.6299991607666,16.229999542236328,16.25,16.25,501500
2007-01-03,16.899999618530273,17.59000015258789,15.680000305175781,16.670000076293945,16.670000076293945,1749900
2007-01-04,16.709999084472656,17.049999237060547,16.15999984741211,16.540000915527344,16.540000915527344,664900
2007-01-05,16.389999389648438,16.65999984741211,16.329999923706055,16.360000610351562,16.360000610351562,505600
2007-01-08,16.690000534057617,16.700000762939453,15.970000267028809,16.3799991607666,16.3799991607666,601500
2007-01-09,16.290000915527344,16.5,15.609999656677246,16.010000228881836,16.010000228881836,774900
2007-01-10,16.0,16.06999969482422,15.390000343322754,15.739999771118164,15.739999771118164,862800
2007-01-11,15.630000114440918,16.399999618530273,15.59000015258789,16.229999542236328,16.229999542236328,536400
2007-01-12,16.25,16.360000610351562,15.989999771118164,16.1200008392334,16.1200008392334,528100
2007-01-16,15.930000305175781,16.0,14.300000190734863,14.5,14.5,2765500
2007-01-17,14.350000381469727,14.859999656677246,13.789999961853027,14.619999885559082,14.619999885559082,935400
2007-01-18,14.510000228881836,14.550000190734863,13.420000076293945,13.539999961853027,13.539999961853027,1318500
2007-01-19,13.289999961853027,13.640000343322754,12.869999885559082,13.5600004196167,13.5600004196167,1585200
2007-01-22,13.369999885559082,13.90999984741211,13.329999923706055,13.710000038146973,13.710000038146973,908900
2007-01-23,13.649999618530273,14.489999771118164,13.609999656677246,14.369999885559082,14.369999885559082,1245700
2007-01-24,15.739999771118164,16.610000610351562,15.09000015258789,16.149999618530273,16.149999618530273,3508700
2007-01-25,16.389999389648438,16.739999771118164,16.1200008392334,16.239999771118164,16.239999771118164,1620000
2007-01-26,16.389999389648438,16.420000076293945,15.800000190734863,16.31999969482422,16.31999969482422,868400
2007-01-29,16.31999969482422,16.850000381469727,16.309999465942383,16.40999984741211,16.40999984741211,1077600
2007-01-30,16.350000381469727,16.860000610351562,16.350000381469727,16.610000610351562,16.610000610351562,792900
2007-01-31,16.459999084472656,16.8799991607666,16.25,16.729999542236328,16.729999542236328,725600
2007-02-01,16.8799991607666,17.049999237060547,16.81999969482422,17.049999237060547,17.049999237060547,728000
2007-02-02,17.1299991607666,17.260000228881836,16.979999542236328,17.020000457763672,17.020000457763672,563700
2007-02-05,16.81999969482422,17.049999237060547,16.309999465942383,16.899999618530273,16.899999618530273,803700
2007-02-06,16.860000610351562,16.90999984741211,16.510000228881836,16.850000381469727,16.850000381469727,747200
2007-02-07,16.850000381469727,17.049999237060547,16.84000015258789,16.979999542236328,16.979999542236328,496800
2007-02-08,16.8799991607666,16.959999084472656,16.6200008392334,16.649999618530273,16.649999618530273,473800
2007-02-09,16.649999618530273,16.850000381469727,15.949999809265137,16.139999389648438,16.139999389648438,835800
2007-02-12,15.5,15.8100004196167,15.050000190734863,15.649999618530273,15.649999618530273,1138500
2007-02-13,15.640000343322754,15.920000076293945,15.470000267028809,15.5,15.5,846600
2007-02-14,15.449999809265137,15.869999885559082,15.279999732971191,15.359999656677246,15.359999656677246,949100
2007-02-15,15.380000114440918,15.6899995803833,15.380000114440918,15.5,15.5,592100
2007-02-16,15.489999771118164,15.75,15.149999618530273,15.710000038146973,15.710000038146973,739500
2007-02-20,15.670000076293945,15.699999809265137,15.170000076293945,15.40999984741211,15.40999984741211,781700
2007-02-21,15.3100004196167,15.380000114440918,15.199999809265137,15.289999961853027,15.289999961853027,608200
2007-02-22,15.210000038146973,15.569999694824219,15.199999809265137,15.529999732971191,15.529999732971191,571200
2007-02-23,15.609999656677246,15.609999656677246,15.0600004196167,15.5,15.5,741100
2007-02-26,15.4399995803833,15.600000381469727,15.199999809265137,15.350000381469727,15.350000381469727,639300
2007-02-27,15.0600004196167,15.149999618530273,14.069999694824219,14.600000381469727,14.600000381469727,963800
2007-02-28,14.550000190734863,14.920000076293945,14.130000114440918,14.850000381469727,14.850000381469727,699600
2007-03-01,14.5,15.0,14.229999542236328,14.869999885559082,14.869999885559082,759800
2007-03-02,14.770000457763672,14.84000015258789,14.170000076293945,14.25,14.25,775600
2007-03-05,14.050000190734863,14.25,13.420000076293945,14.09000015258789,14.09000015258789,997300
2007-03-06,14.100000381469727,14.5,14.0,14.470000267028809,14.470000267028809,472600
2007-03-07,14.359999656677246,14.670000076293945,14.199999809265137,14.25,14.25,395900
2007-03-08,14.649999618530273,15.069999694824219,14.479999542236328,14.800000190734863,14.800000190734863,622700
2007-03-09,15.350000381469727,15.600000381469727,15.0600004196167,15.300000190734863,15.300000190734863,630700
2007-03-12,15.300000190734863,15.510000228881836,14.739999771118164,14.8100004196167,14.8100004196167,477200
2007-03-13,14.65999984741211,15.0,14.369999885559082,14.470000267028809,14.470000267028809,600800
2007-03-14,14.399999618530273,14.640000343322754,14.0,14.609999656677246,14.609999656677246,761800
2007-03-15,14.619999885559082,14.979999542236328,14.5,14.970000267028809,14.970000267028809,534100
2007-03-16,14.949999809265137,15.130000114440918,14.369999885559082,14.489999771118164,14.489999771118164,673400
2007-03-19,14.649999618530273,15.220000267028809,14.640000343322754,15.140000343322754,15.140000343322754,561500
2007-03-20,15.140000343322754,15.25,14.920000076293945,14.970000267028809,14.970000267028809,303200
2007-03-21,14.979999542236328,15.550000190734863,14.979999542236328,15.539999961853027,15.539999961853027,406400
2007-03-22,15.550000190734863,15.630000114440918,15.270000457763672,15.479999542236328,15.479999542236328,264200
2007-03-23,15.420000076293945,15.699999809265137,15.420000076293945,15.59000015258789,15.59000015258789,254400
2007-03-26,15.520000457763672,15.739999771118164,15.050000190734863,15.170000076293945,15.170000076293945,372700
2007-03-27,15.069999694824219,15.09000015258789,14.649999618530273,14.920000076293945,14.920000076293945,389800
2007-03-28,14.8100004196167,14.8100004196167,14.529999732971191,14.609999656677246,14.609999656677246,274700
2007-03-29,14.729999542236328,15.010000228881836,14.359999656677246,14.609999656677246,14.609999656677246,261200
2007-03-30,14.619999885559082,14.890000343322754,14.449999809265137,14.729999542236328,14.729999542236328,301000
2007-04-02,14.699999809265137,14.779999732971191,14.359999656677246,14.520000457763672,14.520000457763672,356300
2007-04-03,14.5,14.75,14.470000267028809,14.729999542236328,14.729999542236328,436900
2007-04-04,14.739999771118164,14.800000190734863,14.5600004196167,14.579999923706055,14.579999923706055,216600
2007-04-05,14.640000343322754,14.649999618530273,14.319999694824219,14.40999984741211,14.40999984741211,245000
2007-04-09,14.399999618530273,14.609999656677246,14.199999809265137,14.520000457763672,14.520000457763672,372600
2007-04-10,14.649999618530273,14.6899995803833,14.40999984741211,14.5,14.5,234500
2007-04-11,14.550000190734863,14.569999694824219,14.34000015258789,14.470000267028809,14.470000267028809,321800
2007-04-12,14.40999984741211,15.239999771118164,14.40999984741211,15.210000038146973,15.210000038146973,833700
2007-04-13,15.239999771118164,15.619999885559082,15.149999618530273,15.479999542236328,15.479999542236328,485300
2007-04-16,15.59000015258789,16.0,15.5,15.979999542236328,15.979999542236328,558200
2007-04-17,16.0,16.209999084472656,15.949999809265137,16.15999984741211,16.15999984741211,452800
2007-04-18,16.149999618530273,16.579999923706055,16.049999237060547,16.479999542236328,16.479999542236328,710800
2007-04-19,16.309999465942383,16.549999237060547,16.049999237060547,16.329999923706055,16.329999923706055,612800
2007-04-20,16.530000686645508,16.729999542236328,16.290000915527344,16.68000030517578,16.68000030517578,469300
2007-04-23,16.649999618530273,16.889999389648438,15.970000267028809,16.09000015258789,16.09000015258789,773200
2007-04-24,16.1200008392334,16.469999313354492,15.960000038146973,16.399999618530273,16.399999618530273,623400
2007-04-25,15.520000457763672,15.6899995803833,14.899999618530273,15.199999809265137,15.199999809265137,1721500
2007-04-26,15.25,15.680000305175781,15.170000076293945,15.569999694824219,15.569999694824219,779000
2007-04-27,15.420000076293945,15.449999809265137,15.100000381469727,15.3100004196167,15.3100004196167,510000
2007-04-30,15.300000190734863,15.449999809265137,15.100000381469727,15.149999618530273,15.149999618530273,541600
2007-05-01,15.149999618530273,15.1899995803833,14.699999809265137,14.979999542236328,14.979999542236328,637300
2007-05-02,15.029999732971191,15.430000305175781,15.029999732971191,15.399999618530273,15.399999618530273,595000
2007-05-03,15.5,15.520000457763672,14.869999885559082,15.020000457763672,15.020000457763672,569200
2007-05-04,15.170000076293945,15.170000076293945,14.770000457763672,14.9399995803833,14.9399995803833,329500
2007-05-07,14.84000015258789,14.869999885559082,14.619999885559082,14.710000038146973,14.710000038146973,466800
2007-05-08,14.579999923706055,14.680000305175781,14.420000076293945,14.65999984741211,14.65999984741211,449900
2007-05-09,14.529999732971191,14.529999732971191,14.260000228881836,14.489999771118164,14.489999771118164,418800
2007-05-10,14.40999984741211,14.449999809265137,14.100000381469727,14.170000076293945,14.170000076293945,539600
2007-05-11,14.09000015258789,14.279999732971191,14.050000190734863,14.149999618530273,14.149999618530273,371500
2007-05-14,14.100000381469727,14.239999771118164,13.970000267028809,14.170000076293945,14.170000076293945,490300
2007-05-15,14.1899995803833,14.300000190734863,13.720000267028809,13.729999542236328,13.729999542236328,523400
2007-05-16,13.680000305175781,13.779999732971191,13.180000305175781,13.359999656677246,13.359999656677246,854500
2007-05-17,13.34000015258789,13.729999542236328,13.34000015258789,13.4399995803833,13.4399995803833,545700
2007-05-18,13.479999542236328,13.720000267028809,13.479999542236328,13.539999961853027,13.539999961853027,646100
2007-05-21,13.569999694824219,14.390000343322754,13.520000457763672,14.390000343322754,14.390000343322754,666600
2007-05-22,14.4399995803833,15.289999961853027,14.430000305175781,14.989999771118164,14.989999771118164,764400
2007-05-23,15.0600004196167,15.180000305175781,14.84000015258789,15.010000228881836,15.010000228881836,478000
2007-05-24,15.0,15.0,14.449999809265137,14.609999656677246,14.609999656677246,769600
2007-05-25,14.619999885559082,14.930000305175781,14.579999923706055,14.800000190734863,14.800000190734863,442000
2007-05-29,14.8100004196167,15.1899995803833,14.8100004196167,14.960000038146973,14.960000038146973,313500
2007-05-30,14.84000015258789,15.0,14.670000076293945,15.0,15.0,249400
2007-05-31,15.0,15.100000381469727,14.720000267028809,15.029999732971191,15.029999732971191,606900
2007-06-01,15.069999694824219,15.130000114440918,14.949999809265137,15.050000190734863,15.050000190734863,274200
2007-06-04,14.979999542236328,15.039999961853027,14.630000114440918,14.720000267028809,14.720000267028809,345200
2007-06-05,14.65999984741211,15.050000190734863,14.619999885559082,14.970000267028809,14.970000267028809,333500
2007-06-06,14.819999694824219,14.84000015258789,14.5,14.5600004196167,14.5600004196167,339300
2007-06-07,14.5,14.550000190734863,13.760000228881836,13.800000190734863,13.800000190734863,508300
2007-06-08,14.0,14.369999885559082,13.899999618530273,14.289999961853027,14.289999961853027,311500
2007-06-11,14.279999732971191,14.279999732971191,13.960000038146973,14.149999618530273,14.149999618530273,227400
2007-06-12,14.0600004196167,14.220000267028809,13.8100004196167,13.84000015258789,13.84000015258789,228200
2007-06-13,13.899999618530273,14.140000343322754,13.6899995803833,14.100000381469727,14.100000381469727,330500
2007-06-14,14.100000381469727,14.220000267028809,13.8100004196167,13.989999771118164,13.989999771118164,445700
2007-06-15,14.199999809265137,14.350000381469727,13.890000343322754,14.010000228881836,14.010000228881836,450800
2007-06-18,14.069999694824219,14.15999984741211,13.75,13.850000381469727,13.850000381469727,325300
2007-06-19,13.760000228881836,14.020000457763672,13.760000228881836,14.0,14.0,418600
2007-06-20,14.0,14.0,13.329999923706055,13.329999923706055,13.329999923706055,652100
2007-06-21,13.260000228881836,13.670000076293945,13.119999885559082,13.510000228881836,13.510000228881836,472100
2007-06-22,13.460000038146973,13.59000015258789,13.25,13.390000343322754,13.390000343322754,454800
2007-06-25,13.300000190734863,13.720000267028809,13.199999809265137,13.289999961853027,13.289999961853027,347700
2007-06-26,13.350000381469727,13.640000343322754,13.279999732971191,13.350000381469727,13.350000381469727,213100
2007-06-27,13.270000457763672,13.529999732971191,13.239999771118164,13.460000038146973,13.460000038146973,341300
2007-06-28,13.489999771118164,13.539999961853027,12.8100004196167,12.819999694824219,12.819999694824219,562800
2007-06-29,12.890000343322754,13.460000038146973,12.84000015258789,13.239999771118164,13.239999771118164,540400
2007-07-02,12.489999771118164,12.75,12.399999618530273,12.569999694824219,12.569999694824219,1510400
2007-07-03,12.529999732971191,12.880000114440918,12.449999809265137,12.859999656677246,12.859999656677246,553600
2007-07-05,12.770000457763672,12.829999923706055,12.270000457763672,12.609999656677246,12.609999656677246,797900
2007-07-06,12.579999923706055,12.65999984741211,12.390000343322754,12.550000190734863,12.550000190734863,460600
2007-07-09,12.460000038146973,12.609999656677246,12.350000381469727,12.380000114440918,12.380000114440918,428900
2007-07-10,12.369999885559082,12.649999618530273,11.75,11.84000015258789,11.84000015258789,973700
2007-07-11,11.789999961853027,12.279999732971191,11.75,12.279999732971191,12.279999732971191,668200
2007-07-12,12.300000190734863,12.869999885559082,12.279999732971191,12.819999694824219,12.819999694824219,828900
2007-07-13,12.829999923706055,12.850000381469727,12.600000381469727,12.739999771118164,12.739999771118164,380300
2007-07-16,12.65999984741211,12.710000038146973,12.329999923706055,12.510000228881836,12.510000228881836,696400
2007-07-17,12.489999771118164,13.140000343322754,12.489999771118164,12.890000343322754,12.890000343322754,763300
2007-07-18,12.819999694824219,12.869999885559082,12.350000381469727,12.6899995803833,12.6899995803833,762300
2007-07-19,12.75,13.149999618530273,12.729999542236328,13.0,13.0,545000
2007-07-20,12.970000267028809,13.100000381469727,12.949999809265137,13.0,13.0,920900
2007-07-23,13.149999618530273,13.149999618530273,12.699999809265137,12.800000190734863,12.800000190734863,552500
2007-07-24,12.65999984741211,12.8100004196167,12.399999618530273,12.8100004196167,12.8100004196167,1445800
2007-07-25,13.300000190734863,13.399999618530273,12.369999885559082,13.069999694824219,13.069999694824219,1516000
2007-07-26,12.859999656677246,13.010000228881836,12.470000267028809,12.489999771118164,12.489999771118164,874400
2007-07-27,12.489999771118164,12.600000381469727,12.199999809265137,12.390000343322754,12.390000343322754,1165000
2007-07-30,12.40999984741211,12.720000267028809,12.100000381469727,12.369999885559082,12.369999885559082,493500
2007-07-31,12.5,12.529999732971191,12.020000457763672,12.039999961853027,12.039999961853027,741100
2007-08-01,12.0,12.350000381469727,11.65999984741211,11.869999885559082,11.869999885559082,764700
2007-08-02,11.920000076293945,12.329999923706055,11.90999984741211,12.180000305175781,12.180000305175781,926200
2007-08-03,12.180000305175781,12.180000305175781,11.34000015258789,11.369999885559082,11.369999885559082,898100
2007-08-06,11.350000381469727,11.470000267028809,10.579999923706055,11.1899995803833,11.1899995803833,1195500
2007-08-07,11.140000343322754,11.15999984741211,10.460000038146973,10.550000190734863,10.550000190734863,1222200
2007-08-08,10.619999885559082,11.539999961853027,10.25,10.729999542236328,10.729999542236328,2463200
2007-08-09,10.550000190734863,10.789999961853027,10.0600004196167,10.460000038146973,10.460000038146973,1866600
2007-08-10,10.25,11.600000381469727,10.229999542236328,11.430000305175781,11.430000305175781,1093700
2007-08-13,11.529999732971191,12.079999923706055,11.430000305175781,11.430000305175781,11.430000305175781,817100
2007-08-14,11.4399995803833,11.630000114440918,11.1899995803833,11.390000343322754,11.390000343322754,440400
2007-08-15,11.420000076293945,11.569999694824219,11.039999961853027,11.210000038146973,11.210000038146973,606800
2007-08-16,11.1899995803833,11.579999923706055,10.880000114440918,11.5,11.5,1413400
2007-08-17,12.15999984741211,12.529999732971191,11.8100004196167,12.319999694824219,12.319999694824219,1245300
2007-08-20,12.399999618530273,12.5,11.880000114440918,11.9399995803833,11.9399995803833,541500
2007-08-21,12.0,12.600000381469727,11.8100004196167,12.569999694824219,12.569999694824219,476100
2007-08-22,12.699999809265137,13.170000076293945,12.579999923706055,12.859999656677246,12.859999656677246,464400
2007-08-23,12.960000038146973,13.0,12.359999656677246,12.520000457763672,12.520000457763672,434800
2007-08-24,12.529999732971191,12.739999771118164,12.40999984741211,12.720000267028809,12.720000267028809,252700
2007-08-27,12.649999618530273,12.649999618530273,12.479999542236328,12.520000457763672,12.520000457763672,195700
2007-08-28,12.449999809265137,12.479999542236328,12.029999732971191,12.050000190734863,12.050000190734863,376900
2007-08-29,12.170000076293945,12.350000381469727,12.0,12.229999542236328,12.229999542236328,290600
2007-08-30,12.100000381469727,12.229999542236328,11.850000381469727,12.010000228881836,12.010000228881836,234100
2007-08-31,12.199999809265137,12.289999961853027,11.960000038146973,12.170000076293945,12.170000076293945,220100
2007-09-04,12.069999694824219,12.470000267028809,12.010000228881836,12.390000343322754,12.390000343322754,199900
2007-09-05,12.239999771118164,12.350000381469727,12.170000076293945,12.239999771118164,12.239999771118164,331000
2007-09-06,12.260000228881836,12.369999885559082,12.029999732971191,12.369999885559082,12.369999885559082,277400
2007-09-07,12.220000267028809,12.220000267028809,11.880000114440918,12.029999732971191,12.029999732971191,323400
2007-09-10,11.960000038146973,12.15999984741211,11.59000015258789,11.739999771118164,11.739999771118164,332600
2007-09-11,11.819999694824219,12.25,11.760000228881836,11.989999771118164,11.989999771118164,348500
2007-09-12,11.949999809265137,12.300000190734863,11.800000190734863,11.869999885559082,11.869999885559082,405400
2007-09-13,11.9399995803833,12.09000015258789,11.850000381469727,11.979999542236328,11.979999542236328,351800
2007-09-14,11.890000343322754,12.0,11.779999732971191,11.949999809265137,11.949999809265137,339700
2007-09-17,11.970000267028809,11.970000267028809,11.779999732971191,11.84000015258789,11.84000015258789,489700
2007-09-18,11.880000114440918,12.859999656677246,11.880000114440918,12.829999923706055,12.829999923706055,453500
2007-09-19,12.800000190734863,13.579999923706055,12.539999961853027,13.569999694824219,13.569999694824219,842100
2007-09-20,13.489999771118164,13.5600004196167,13.149999618530273,13.520000457763672,13.520000457763672,885900
2007-09-21,13.539999961853027,13.680000305175781,13.25,13.319999694824219,13.319999694824219,605500
2007-09-24,13.289999961853027,13.59000015258789,13.25,13.430000305175781,13.430000305175781,447800
2007-09-25,13.319999694824219,13.529999732971191,13.199999809265137,13.369999885559082,13.369999885559082,295400
2007-09-26,13.479999542236328,13.59000015258789,13.359999656677246,13.399999618530273,13.399999618530273,354600
2007-09-27,13.40999984741211,13.5600004196167,13.279999732971191,13.5600004196167,13.5600004196167,376300
2007-09-28,13.579999923706055,13.619999885559082,13.3100004196167,13.470000267028809,13.470000267028809,352600
2007-10-01,13.460000038146973,13.850000381469727,13.319999694824219,13.819999694824219,13.819999694824219,590000
2007-10-02,13.880000114440918,14.399999618530273,13.760000228881836,14.300000190734863,14.300000190734863,721800
2007-10-03,14.239999771118164,14.510000228881836,13.899999618530273,14.15999984741211,14.15999984741211,519700
2007-10-04,14.220000267028809,14.220000267028809,13.720000267028809,13.779999732971191,13.779999732971191,542100
2007-10-05,13.979999542236328,14.220000267028809,13.880000114440918,13.989999771118164,13.989999771118164,412900
2007-10-08,14.0,14.15999984741211,13.800000190734863,13.930000305175781,13.930000305175781,272700
2007-10-09,13.9399995803833,14.75,13.9399995803833,14.75,14.75,787000
2007-10-10,14.699999809265137,14.729999542236328,14.350000381469727,14.449999809265137,14.449999809265137,666600
2007-10-11,14.550000190734863,14.720000267028809,13.899999618530273,14.140000343322754,14.140000343322754,428400
2007-10-12,14.130000114440918,14.390000343322754,14.100000381469727,14.390000343322754,14.390000343322754,239800
2007-10-15,14.449999809265137,14.449999809265137,13.850000381469727,13.979999542236328,13.979999542236328,379900
2007-10-16,13.899999618530273,14.130000114440918,13.890000343322754,13.989999771118164,13.989999771118164,182600
2007-10-17,14.180000305175781,14.180000305175781,13.430000305175781,13.670000076293945,13.670000076293945,436800
2007-10-18,13.529999732971191,13.649999618530273,13.210000038146973,13.25,13.25,364100
2007-10-19,13.25,13.289999961853027,12.890000343322754,12.960000038146973,12.960000038146973,397200
2007-10-22,12.979999542236328,13.399999618530273,12.75,13.300000190734863,13.300000190734863,391700
2007-10-23,13.4399995803833,13.630000114440918,13.0,13.369999885559082,13.369999885559082,176600
2007-10-24,13.1899995803833,13.430000305175781,12.859999656677246,13.199999809265137,13.199999809265137,271700
2007-10-25,13.220000267028809,13.369999885559082,12.779999732971191,12.930000305175781,12.930000305175781,285800
2007-10-26,13.100000381469727,13.279999732971191,12.970000267028809,13.260000228881836,13.260000228881836,385800
2007-10-29,13.279999732971191,13.4399995803833,13.0,13.050000190734863,13.050000190734863,262700
2007-10-30,12.970000267028809,13.100000381469727,12.829999923706055,12.9399995803833,12.9399995803833,239000
2007-10-31,13.039999961853027,13.300000190734863,12.920000076293945,13.15999984741211,13.15999984741211,333700
2007-11-01,12.979999542236328,13.149999618530273,12.300000190734863,12.399999618530273,12.399999618530273,454000
2007-11-02,12.579999923706055,12.850000381469727,12.039999961853027,12.319999694824219,12.319999694824219,533300
2007-11-05,12.119999885559082,12.449999809265137,11.9399995803833,12.140000343322754,12.140000343322754,316100
2007-11-06,12.25,12.5,12.119999885559082,12.489999771118164,12.489999771118164,218800
2007-11-07,12.300000190734863,12.40999984741211,11.869999885559082,11.970000267028809,11.970000267028809,320100
2007-11-08,12.0,12.420000076293945,11.75,12.40999984741211,12.40999984741211,603700
2007-11-09,12.899999618530273,13.720000267028809,12.319999694824219,13.140000343322754,13.140000343322754,653300
2007-11-12,13.109999656677246,13.640000343322754,12.920000076293945,13.079999923706055,13.079999923706055,521600
2007-11-13,13.229999542236328,13.449999809265137,13.029999732971191,13.300000190734863,13.300000190734863,383700
2007-11-14,13.359999656677246,13.369999885559082,12.899999618530273,13.0,13.0,302400
2007-11-15,12.920000076293945,13.149999618530273,12.720000267028809,12.84000015258789,12.84000015258789,603100
2007-11-16,12.880000114440918,12.949999809265137,12.369999885559082,12.770000457763672,12.770000457763672,326700
2007-11-19,12.770000457763672,12.770000457763672,12.09000015258789,12.520000457763672,12.520000457763672,396700
2007-11-20,12.550000190734863,12.699999809265137,12.069999694824219,12.199999809265137,12.199999809265137,488600
2007-11-21,12.149999618530273,12.279999732971191,11.930000305175781,11.979999542236328,11.979999542236328,478400
2007-11-23,12.130000114440918,12.739999771118164,12.119999885559082,12.680000305175781,12.680000305175781,237800
2007-11-26,12.670000076293945,12.670000076293945,11.989999771118164,12.029999732971191,12.029999732971191,295000
2007-11-27,12.09000015258789,12.399999618530273,11.979999542236328,12.329999923706055,12.329999923706055,353400
2007-11-28,12.510000228881836,12.680000305175781,12.420000076293945,12.609999656677246,12.609999656677246,340300
2007-11-29,12.600000381469727,12.649999618530273,12.229999542236328,12.420000076293945,12.420000076293945,270100
2007-11-30,12.649999618530273,12.890000343322754,12.5,12.5600004196167,12.5600004196167,328900
2007-12-03,12.529999732971191,12.5600004196167,12.140000343322754,12.279999732971191,12.279999732971191,225000
2007-12-04,12.119999885559082,12.220000267028809,11.90999984741211,11.989999771118164,11.989999771118164,352600
2007-12-05,12.220000267028809,12.300000190734863,11.75,11.949999809265137,11.949999809265137,246100
2007-12-06,11.899999618530273,12.119999885559082,11.880000114440918,11.949999809265137,11.949999809265137,671900
2007-12-07,12.010000228881836,12.050000190734863,11.8100004196167,11.880000114440918,11.880000114440918,306500
2007-12-10,11.880000114440918,12.420000076293945,11.859999656677246,12.300000190734863,12.300000190734863,443800
2007-12-11,12.34000015258789,12.460000038146973,11.75,11.869999885559082,11.869999885559082,396800
2007-12-12,12.210000038146973,12.390000343322754,11.739999771118164,12.020000457763672,12.020000457763672,451400
2007-12-13,11.920000076293945,12.170000076293945,11.710000038146973,11.9399995803833,11.9399995803833,456800
2007-12-14,11.8100004196167,12.25,11.529999732971191,11.59000015258789,11.59000015258789,383800
2007-12-17,11.550000190734863,11.9399995803833,11.34000015258789,11.609999656677246,11.609999656677246,297600
2007-12-18,11.739999771118164,11.899999618530273,11.319999694824219,11.789999961853027,11.789999961853027,425800
2007-12-19,11.789999961853027,11.960000038146973,11.59000015258789,11.760000228881836,11.760000228881836,292600
2007-12-20,11.859999656677246,11.869999885559082,11.130000114440918,11.220000267028809,11.220000267028809,630100
2007-12-21,11.420000076293945,11.720000267028809,11.180000305175781,11.34000015258789,11.34000015258789,797500
2007-12-24,11.3100004196167,11.5600004196167,11.3100004196167,11.5600004196167,11.5600004196167,225900
2007-12-26,11.5,11.579999923706055,11.319999694824219,11.529999732971191,11.529999732971191,320000
2007-12-27,11.5,11.550000190734863,11.050000190734863,11.050000190734863,11.050000190734863,432800
2007-12-28,11.199999809265137,11.380000114440918,10.979999542236328,11.069999694824219,11.069999694824219,246600
2007-12-31,11.029999732971191,11.369999885559082,10.949999809265137,11.289999961853027,11.289999961853027,332400
2008-01-02,11.260000228881836,11.489999771118164,10.720000267028809,10.850000381469727,10.850000381469727,446600
2008-01-03,10.869999885559082,11.020000457763672,10.800000190734863,10.859999656677246,10.859999656677246,370200
2008-01-04,10.739999771118164,10.789999961853027,10.329999923706055,10.399999618530273,10.399999618530273,732500
2008-01-07,10.430000305175781,10.960000038146973,10.25,10.800000190734863,10.800000190734863,606200
2008-01-08,10.829999923706055,11.170000076293945,10.6899995803833,10.729999542236328,10.729999542236328,564400
2008-01-09,10.680000305175781,11.25,10.630000114440918,11.239999771118164,11.239999771118164,649000
2008-01-10,11.09000015258789,11.489999771118164,10.960000038146973,11.40999984741211,11.40999984741211,566100
2008-01-11,11.34000015258789,11.369999885559082,11.0,11.029999732971191,11.029999732971191,451200
2008-01-14,11.300000190734863,11.300000190734863,10.84000015258789,11.149999618530273,11.149999618530273,499400
2008-01-15,10.970000267028809,11.130000114440918,10.649999618530273,10.699999809265137,10.699999809265137,527500
2008-01-16,10.649999618530273,11.430000305175781,10.460000038146973,11.010000228881836,11.010000228881836,1221500
2008-01-17,11.029999732971191,11.180000305175781,10.390000343322754,10.65999984741211,10.65999984741211,440400
2008-01-18,10.699999809265137,11.199999809265137,10.630000114440918,10.90999984741211,10.90999984741211,433500
2008-01-22,10.470000267028809,11.600000381469727,10.0,11.079999923706055,11.079999923706055,614000
2008-01-23,10.649999618530273,11.449999809265137,10.25,11.420000076293945,11.420000076293945,797300
2008-01-24,11.449999809265137,11.699999809265137,11.289999961853027,11.649999618530273,11.649999618530273,793200
2008-01-25,12.930000305175781,12.960000038146973,12.449999809265137,12.550000190734863,12.550000190734863,1293400
2008-01-28,12.600000381469727,13.09000015258789,12.350000381469727,12.960000038146973,12.960000038146973,737000
2008-01-29,13.010000228881836,13.359999656677246,12.869999885559082,13.25,13.25,883700
2008-01-30,13.130000114440918,13.630000114440918,12.989999771118164,13.180000305175781,13.180000305175781,617200
2008-01-31,12.9399995803833,13.3100004196167,12.699999809265137,13.199999809265137,13.199999809265137,440700
2008-02-01,13.279999732971191,13.460000038146973,12.829999923706055,13.449999809265137,13.449999809265137,307000
2008-02-04,13.449999809265137,13.5,12.920000076293945,13.029999732971191,13.029999732971191,334500
2008-02-05,12.75,13.020000457763672,12.199999809265137,12.630000114440918,12.630000114440918,330900
2008-02-06,12.699999809265137,13.039999961853027,12.640000343322754,12.710000038146973,12.710000038146973,376100
2008-02-07,12.65999984741211,12.989999771118164,12.510000228881836,12.699999809265137,12.699999809265137,368100
2008-02-08,12.680000305175781,12.850000381469727,12.369999885559082,12.520000457763672,12.520000457763672,225600
2008-02-11,12.59000015258789,12.649999618530273,12.119999885559082,12.170000076293945,12.170000076293945,394900
2008-02-12,12.25,12.569999694824219,12.0600004196167,12.25,12.25,372500
2008-02-13,12.399999618530273,12.90999984741211,12.390000343322754,12.670000076293945,12.670000076293945,547100
2008-02-14,12.649999618530273,12.739999771118164,12.1899995803833,12.279999732971191,12.279999732971191,297300
2008-02-15,12.199999809265137,12.380000114440918,11.960000038146973,12.100000381469727,12.100000381469727,301000
2008-02-19,12.239999771118164,12.319999694824219,11.899999618530273,12.149999618530273,12.149999618530273,257900
2008-02-20,12.079999923706055,12.270000457763672,12.010000228881836,12.1899995803833,12.1899995803833,292300
2008-02-21,12.25,12.399999618530273,11.800000190734863,11.819999694824219,11.819999694824219,238000
2008-02-22,11.859999656677246,12.140000343322754,11.569999694824219,11.760000228881836,11.760000228881836,477600
2008-02-25,11.739999771118164,12.079999923706055,11.600000381469727,12.050000190734863,12.050000190734863,284200
2008-02-26,11.970000267028809,12.020000457763672,11.600000381469727,11.8100004196167,11.8100004196167,744400
2008-02-27,11.8100004196167,12.420000076293945,11.8100004196167,12.359999656677246,12.359999656677246,612900
2008-02-28,12.260000228881836,12.260000228881836,11.9399995803833,12.079999923706055,12.079999923706055,493900
2008-02-29,11.960000038146973,12.140000343322754,11.609999656677246,11.729999542236328,11.729999542236328,368500
2008-03-03,11.770000457763672,12.010000228881836,11.59000015258789,11.630000114440918,11.630000114440918,414200
2008-03-04,11.489999771118164,11.75,11.3100004196167,11.569999694824219,11.569999694824219,438000
2008-03-05,11.649999618530273,11.729999542236328,11.390000343322754,11.4399995803833,11.4399995803833,611600
2008-03-06,11.399999618530273,11.5,11.0600004196167,11.109999656677246,11.109999656677246,275700
2008-03-07,11.100000381469727,11.130000114440918,10.859999656677246,10.9399995803833,10.9399995803833,701600
2008-03-10,11.0,11.15999984741211,10.510000228881836,10.630000114440918,10.630000114440918,387100
2008-03-11,10.949999809265137,11.0,10.510000228881836,10.949999809265137,10.949999809265137,678000
2008-03-12,10.949999809265137,11.600000381469727,10.819999694824219,11.390000343322754,11.390000343322754,610800
2008-03-13,11.25,11.40999984741211,11.029999732971191,11.239999771118164,11.239999771118164,520100
2008-03-14,11.3100004196167,11.630000114440918,10.8100004196167,10.970000267028809,10.970000267028809,353300
2008-03-17,10.970000267028809,11.539999961853027,10.699999809265137,11.449999809265137,11.449999809265137,439300
2008-03-18,11.75,12.350000381469727,11.699999809265137,12.3100004196167,12.3100004196167,522400
2008-03-19,12.479999542236328,12.489999771118164,11.819999694824219,11.90999984741211,11.90999984741211,433300
2008-03-20,12.050000190734863,12.430000305175781,11.930000305175781,12.380000114440918,12.380000114440918,736900
2008-03-24,12.5,12.970000267028809,12.5,12.90999984741211,12.90999984741211,605100
2008-03-25,12.890000343322754,13.029999732971191,12.569999694824219,13.029999732971191,13.029999732971191,465800
2008-03-26,13.0,13.0,12.5,12.75,12.75,610200
2008-03-27,12.800000190734863,12.850000381469727,12.4399995803833,12.670000076293945,12.670000076293945,359800
2008-03-28,12.680000305175781,12.729999542236328,12.260000228881836,12.390000343322754,12.390000343322754,353300
2008-03-31,12.430000305175781,12.489999771118164,12.100000381469727,12.3100004196167,12.3100004196167,407400
2008-04-01,12.5,12.899999618530273,12.460000038146973,12.899999618530273,12.899999618530273,352100
2008-04-02,13.0,13.359999656677246,12.890000343322754,13.010000228881836,13.010000228881836,539700
2008-04-03,12.949999809265137,13.109999656677246,12.579999923706055,13.0,13.0,360300
2008-04-04,13.039999961853027,13.550000190734863,12.9399995803833,13.390000343322754,13.390000343322754,459200
2008-04-07,13.449999809265137,13.710000038146973,13.359999656677246,13.630000114440918,13.630000114440918,408900
2008-04-08,13.579999923706055,13.600000381469727,13.3100004196167,13.529999732971191,13.529999732971191,245800
2008-04-09,13.579999923706055,13.720000267028809,13.199999809265137,13.25,13.25,507700
2008-04-10,13.329999923706055,13.550000190734863,13.100000381469727,13.1899995803833,13.1899995803833,363800
2008-04-11,13.100000381469727,13.3100004196167,12.819999694824219,12.960000038146973,12.960000038146973,272100
2008-04-14,12.930000305175781,13.010000228881836,12.579999923706055,12.710000038146973,12.710000038146973,426300
2008-04-15,12.770000457763672,13.390000343322754,12.520000457763672,13.0,13.0,272200
2008-04-16,13.149999618530273,13.479999542236328,13.0,13.460000038146973,13.460000038146973,474100
2008-04-17,13.619999885559082,13.770000457763672,13.210000038146973,13.699999809265137,13.699999809265137,360100
2008-04-18,13.949999809265137,14.229999542236328,13.789999961853027,14.039999961853027,14.039999961853027,423900
2008-04-21,14.010000228881836,14.100000381469727,13.609999656677246,13.680000305175781,13.680000305175781,297200
2008-04-22,13.6899995803833,13.779999732971191,13.380000114440918,13.619999885559082,13.619999885559082,469700
2008-04-23,13.649999618530273,14.079999923706055,13.520000457763672,14.079999923706055,14.079999923706055,634300
2008-04-24,14.079999923706055,14.880000114440918,14.079999923706055,14.699999809265137,14.699999809265137,727800
2008-04-25,13.699999809265137,13.960000038146973,12.390000343322754,12.869999885559082,12.869999885559082,2136300
2008-04-28,13.029999732971191,13.25,12.760000228881836,13.0,13.0,1052400
2008-04-29,12.949999809265137,12.960000038146973,12.579999923706055,12.760000228881836,12.760000228881836,659500
2008-04-30,12.829999923706055,12.899999618530273,11.899999618530273,12.140000343322754,12.140000343322754,1390900
2008-05-01,12.15999984741211,12.569999694824219,11.960000038146973,12.319999694824219,12.319999694824219,764000
2008-05-02,12.390000343322754,12.5600004196167,12.039999961853027,12.130000114440918,12.130000114440918,509800
2008-05-05,12.170000076293945,12.3100004196167,11.949999809265137,12.180000305175781,12.180000305175781,346100
2008-05-06,12.170000076293945,12.319999694824219,11.960000038146973,12.270000457763672,12.270000457763672,245900
2008-05-07,12.270000457763672,12.329999923706055,12.0,12.0600004196167,12.0600004196167,400600
2008-05-08,12.100000381469727,12.239999771118164,11.6899995803833,11.890000343322754,11.890000343322754,968400
2008-05-09,11.84000015258789,12.270000457763672,11.819999694824219,12.180000305175781,12.180000305175781,489300
2008-05-12,12.229999542236328,12.25,11.930000305175781,12.229999542236328,12.229999542236328,515400
2008-05-13,12.220000267028809,12.289999961853027,11.970000267028809,12.130000114440918,12.130000114440918,426800
2008-05-14,12.149999618530273,12.40999984741211,11.920000076293945,12.100000381469727,12.100000381469727,429200
2008-05-15,12.069999694824219,12.539999961853027,12.0,12.470000267028809,12.470000267028809,421100
2008-05-16,12.520000457763672,12.569999694824219,12.029999732971191,12.130000114440918,12.130000114440918,377100
2008-05-19,12.100000381469727,12.4399995803833,12.0600004196167,12.130000114440918,12.130000114440918,529300
2008-05-20,12.109999656677246,12.260000228881836,11.890000343322754,12.180000305175781,12.180000305175781,368000
2008-05-21,12.270000457763672,12.470000267028809,12.0600004196167,12.0600004196167,12.0600004196167,590800
2008-05-22,12.069999694824219,12.260000228881836,11.960000038146973,12.079999923706055,12.079999923706055,355800
2008-05-23,12.0,12.380000114440918,12.0,12.359999656677246,12.359999656677246,336500
2008-05-27,12.350000381469727,12.649999618530273,12.300000190734863,12.460000038146973,12.460000038146973,408500
2008-05-28,12.319999694824219,12.489999771118164,11.899999618530273,12.0600004196167,12.0600004196167,539600
2008-05-29,12.0,12.449999809265137,12.0,12.399999618530273,12.399999618530273,329800
2008-05-30,12.460000038146973,12.649999618530273,12.260000228881836,12.630000114440918,12.630000114440918,371300
2008-06-02,12.579999923706055,12.720000267028809,12.220000267028809,12.359999656677246,12.359999656677246,260100
2008-06-03,12.380000114440918,12.5,11.9399995803833,12.029999732971191,12.029999732971191,441600
2008-06-04,11.949999809265137,12.359999656677246,11.949999809265137,12.100000381469727,12.100000381469727,495500
2008-06-05,12.109999656677246,12.329999923706055,11.859999656677246,12.329999923706055,12.329999923706055,414700
2008-06-06,12.449999809265137,12.949999809265137,12.210000038146973,12.850000381469727,12.850000381469727,785900
2008-06-09,13.069999694824219,13.460000038146973,12.90999984741211,13.140000343322754,13.140000343322754,797600
2008-06-10,13.079999923706055,13.460000038146973,13.050000190734863,13.380000114440918,13.380000114440918,491800
2008-06-11,13.34000015258789,13.4399995803833,13.109999656677246,13.199999809265137,13.199999809265137,322600
2008-06-12,13.399999618530273,13.9399995803833,13.399999618530273,13.800000190734863,13.800000190734863,651200
2008-06-13,13.800000190734863,13.979999542236328,13.539999961853027,13.979999542236328,13.979999542236328,570800
2008-06-16,13.960000038146973,14.380000114440918,13.890000343322754,14.229999542236328,14.229999542236328,467300
2008-06-17,14.210000038146973,14.210000038146973,13.5600004196167,13.779999732971191,13.779999732971191,729100
2008-06-18,13.739999771118164,13.760000228881836,13.420000076293945,13.529999732971191,13.529999732971191,341100
2008-06-19,13.479999542236328,13.779999732971191,13.180000305175781,13.529999732971191,13.529999732971191,340400
2008-06-20,13.479999542236328,13.520000457763672,13.260000228881836,13.479999542236328,13.479999542236328,474500
2008-06-23,13.59000015258789,13.640000343322754,13.149999618530273,13.270000457763672,13.270000457763672,198300
2008-06-24,13.3100004196167,13.699999809265137,13.279999732971191,13.600000381469727,13.600000381469727,773900
2008-06-25,13.609999656677246,13.970000267028809,13.529999732971191,13.800000190734863,13.800000190734863,375100
2008-06-26,13.59000015258789,13.75,13.0,13.15999984741211,13.15999984741211,641900
2008-06-27,13.140000343322754,13.3100004196167,12.869999885559082,12.949999809265137,12.949999809265137,799700
2008-06-30,12.949999809265137,13.579999923706055,12.75,12.75,12.75,425600
2008-07-01,12.59000015258789,13.0600004196167,12.319999694824219,13.029999732971191,13.029999732971191,538000
2008-07-02,13.039999961853027,13.260000228881836,12.760000228881836,12.869999885559082,12.869999885559082,347200
2008-07-03,12.890000343322754,13.210000038146973,12.789999961853027,13.010000228881836,13.010000228881836,228100
2008-07-07,13.140000343322754,14.25,13.010000228881836,14.119999885559082,14.119999885559082,1083800
2008-07-08,14.40999984741211,15.569999694824219,14.289999961853027,15.470000267028809,15.470000267028809,1859900
2008-07-09,15.920000076293945,15.989999771118164,15.369999885559082,15.40999984741211,15.40999984741211,2075100
2008-07-10,15.449999809265137,16.420000076293945,15.119999885559082,16.09000015258789,16.09000015258789,1099700
2008-07-11,15.920000076293945,16.489999771118164,15.489999771118164,16.360000610351562,16.360000610351562,712200
2008-07-14,16.670000076293945,16.670000076293945,15.789999961853027,16.1299991607666,16.1299991607666,1107300
2008-07-15,16.010000228881836,16.309999465942383,15.529999732971191,15.640000343322754,15.640000343322754,867400
2008-07-16,15.670000076293945,16.780000686645508,15.5,16.75,16.75,1203700
2008-07-17,16.850000381469727,17.799999237060547,16.5,17.75,17.75,1287600
2008-07-18,17.690000534057617,17.940000534057617,17.290000915527344,17.479999542236328,17.479999542236328,774300
2008-07-21,17.59000015258789,17.75,16.559999465942383,16.780000686645508,16.780000686645508,1082500
2008-07-22,16.700000762939453,17.40999984741211,16.670000076293945,17.350000381469727,17.350000381469727,930700
2008-07-23,17.690000534057617,18.899999618530273,17.239999771118164,18.790000915527344,18.790000915527344,2415800
2008-07-24,18.989999771118164,18.989999771118164,17.0,17.219999313354492,17.219999313354492,1563100
2008-07-25,17.420000076293945,17.8700008392334,16.700000762939453,17.84000015258789,17.84000015258789,859900
2008-07-28,17.799999237060547,18.209999084472656,17.5,17.920000076293945,17.920000076293945,699100
2008-07-29,17.920000076293945,18.25,17.0,18.15999984741211,18.15999984741211,788100
2008-07-30,18.3799991607666,18.5,17.639999389648438,17.959999084472656,17.959999084472656,753900
2008-07-31,17.65999984741211,18.399999618530273,17.6299991607666,17.979999542236328,17.979999542236328,524500
2008-08-01,18.09000015258789,18.139999389648438,17.510000228881836,18.020000457763672,18.020000457763672,423100
2008-08-04,18.049999237060547,18.059999465942383,16.899999618530273,17.260000228881836,17.260000228881836,796900
2008-08-05,17.010000228881836,18.049999237060547,17.010000228881836,17.75,17.75,771600
2008-08-06,17.739999771118164,17.989999771118164,17.190000534057617,17.889999389648438,17.889999389648438,569900
2008-08-07,17.760000228881836,18.479999542236328,17.43000030517578,17.5,17.5,1044400
2008-08-08,17.329999923706055,17.959999084472656,16.889999389648438,17.100000381469727,17.100000381469727,593400
2008-08-11,17.059999465942383,17.799999237060547,15.1899995803833,15.430000305175781,15.430000305175781,2582700
2008-08-12,15.399999618530273,15.529999732971191,13.859999656677246,14.65999984741211,14.65999984741211,1938400
2008-08-13,14.5,15.239999771118164,14.170000076293945,15.199999809265137,15.199999809265137,1020800
2008-08-14,14.960000038146973,15.039999961853027,14.6899995803833,14.970000267028809,14.970000267028809,750800
2008-08-15,15.069999694824219,15.380000114440918,14.899999618530273,15.210000038146973,15.210000038146973,969100
2008-08-18,15.100000381469727,15.100000381469727,14.3100004196167,14.460000038146973,14.460000038146973,592900
2008-08-19,14.460000038146973,14.489999771118164,14.069999694824219,14.420000076293945,14.420000076293945,510300
2008-08-20,14.430000305175781,15.069999694824219,14.100000381469727,14.699999809265137,14.699999809265137,598400
2008-08-21,14.510000228881836,14.970000267028809,14.420000076293945,14.630000114440918,14.630000114440918,461400
2008-08-22,14.680000305175781,15.0600004196167,14.550000190734863,14.880000114440918,14.880000114440918,257800
2008-08-25,14.569999694824219,14.770000457763672,14.289999961853027,14.470000267028809,14.470000267028809,605400
2008-08-26,14.319999694824219,14.640000343322754,14.260000228881836,14.479999542236328,14.479999542236328,323100
2008-08-27,14.449999809265137,14.859999656677246,14.449999809265137,14.8100004196167,14.8100004196167,358800
2008-08-28,14.880000114440918,15.680000305175781,14.84000015258789,15.600000381469727,15.600000381469727,467200
2008-08-29,15.65999984741211,15.65999984741211,14.880000114440918,15.59000015258789,15.59000015258789,369500
2008-09-02,15.699999809265137,16.260000228881836,15.5,15.989999771118164,15.989999771118164,741800
2008-09-03,15.920000076293945,16.5,15.920000076293945,16.40999984741211,16.40999984741211,542000
2008-09-04,16.200000762939453,16.309999465942383,15.449999809265137,15.479999542236328,15.479999542236328,467500
2008-09-05,15.3100004196167,15.75,15.180000305175781,15.619999885559082,15.619999885559082,375100
2008-09-08,16.139999389648438,17.15999984741211,16.139999389648438,17.110000610351562,17.110000610351562,924900
2008-09-09,16.8700008392334,17.43000030517578,16.15999984741211,16.18000030517578,16.18000030517578,636100
2008-09-10,16.639999389648438,16.989999771118164,16.200000762939453,16.799999237060547,16.799999237060547,584100
2008-09-11,16.489999771118164,16.809999465942383,16.100000381469727,16.540000915527344,16.540000915527344,610500
2008-09-12,16.459999084472656,16.760000228881836,16.15999984741211,16.389999389648438,16.389999389648438,293300
2008-09-15,15.90999984741211,16.030000686645508,15.350000381469727,15.5600004196167,15.5600004196167,373100
2008-09-16,15.100000381469727,16.360000610351562,14.5,16.350000381469727,16.350000381469727,619600
2008-09-17,16.209999084472656,16.979999542236328,15.430000305175781,15.890000343322754,15.890000343322754,1027400
2008-09-18,16.15999984741211,16.559999465942383,14.720000267028809,15.399999618530273,15.399999618530273,841800
2008-09-19,16.40999984741211,16.979999542236328,15.020000457763672,16.540000915527344,16.540000915527344,1125700
2008-09-22,16.520000457763672,16.6200008392334,15.130000114440918,16.049999237060547,16.049999237060547,530200
2008-09-23,16.079999923706055,16.520000457763672,16.030000686645508,16.350000381469727,16.350000381469727,620200
2008-09-24,16.520000457763672,16.950000762939453,16.110000610351562,16.290000915527344,16.290000915527344,592800
2008-09-25,16.420000076293945,16.559999465942383,16.1200008392334,16.3799991607666,16.3799991607666,398400
2008-09-26,16.200000762939453,17.1299991607666,15.930000305175781,17.09000015258789,17.09000015258789,602000
2008-09-29,17.030000686645508,17.68000030517578,15.869999885559082,17.479999542236328,17.479999542236328,1164100
2008-09-30,17.770000457763672,19.25,17.56999969482422,18.799999237060547,18.799999237060547,1714800
2008-10-01,18.790000915527344,18.799999237060547,17.799999237060547,18.280000686645508,18.280000686645508,685700
2008-10-02,19.079999923706055,19.09000015258789,17.329999923706055,17.510000228881836,17.510000228881836,623400
2008-10-03,17.93000030517578,18.0,16.860000610351562,16.940000534057617,16.940000534057617,785900
2008-10-06,16.649999618530273,16.739999771118164,14.5,15.989999771118164,15.989999771118164,1002700
2008-10-07,16.079999923706055,16.239999771118164,15.039999961853027,15.050000190734863,15.050000190734863,459000
2008-10-08,14.699999809265137,15.279999732971191,13.699999809265137,13.880000114440918,13.880000114440918,774700
2008-10-09,14.1899995803833,14.880000114440918,11.869999885559082,12.039999961853027,12.039999961853027,947900
2008-10-10,11.550000190734863,12.59000015258789,11.0,12.569999694824219,12.569999694824219,1404500
2008-10-13,13.380000114440918,14.069999694824219,13.0,14.069999694824219,14.069999694824219,527700
2008-10-14,14.470000267028809,14.6899995803833,13.59000015258789,13.770000457763672,13.770000457763672,711000
2008-10-15,13.630000114440918,13.6899995803833,12.930000305175781,13.140000343322754,13.140000343322754,511700
2008-10-16,13.319999694824219,14.069999694824219,12.670000076293945,13.970000267028809,13.970000267028809,840200
2008-10-17,13.5,15.220000267028809,12.5600004196167,13.520000457763672,13.520000457763672,609300
2008-10-20,14.050000190734863,15.100000381469727,14.010000228881836,15.100000381469727,15.100000381469727,677100
2008-10-21,14.930000305175781,16.420000076293945,14.760000228881836,15.5600004196167,15.5600004196167,670800
2008-10-22,15.029999732971191,15.220000267028809,14.199999809265137,14.539999961853027,14.539999961853027,441900
2008-10-23,14.350000381469727,14.4399995803833,12.4399995803833,13.220000267028809,13.220000267028809,766100
2008-10-24,12.050000190734863,14.180000305175781,11.739999771118164,13.619999885559082,13.619999885559082,563000
2008-10-27,13.489999771118164,14.050000190734863,13.09000015258789,13.210000038146973,13.210000038146973,374000
2008-10-28,13.470000267028809,15.449999809265137,13.119999885559082,15.399999618530273,15.399999618530273,590400
2008-10-29,15.40999984741211,15.819999694824219,14.260000228881836,14.779999732971191,14.779999732971191,597000
2008-10-30,15.199999809265137,16.700000762939453,14.75,16.639999389648438,16.639999389648438,547900
2008-10-31,16.639999389648438,16.729999542236328,15.369999885559082,15.84000015258789,15.84000015258789,655600
2008-11-03,15.979999542236328,16.350000381469727,15.630000114440918,15.899999618530273,15.899999618530273,413600
2008-11-04,16.200000762939453,16.5,15.279999732971191,15.59000015258789,15.59000015258789,596500
2008-11-05,15.670000076293945,15.960000038146973,14.5,14.539999961853027,14.539999961853027,450800
2008-11-06,14.84000015258789,15.0,14.229999542236328,14.4399995803833,14.4399995803833,379700
2008-11-07,14.579999923706055,15.5,14.579999923706055,15.260000228881836,15.260000228881836,427100
2008-11-10,15.859999656677246,16.200000762939453,15.079999923706055,15.4399995803833,15.4399995803833,438200
2008-11-11,15.170000076293945,15.979999542236328,14.989999771118164,15.699999809265137,15.699999809265137,374300
2008-11-12,15.460000038146973,16.09000015258789,15.40999984741211,15.449999809265137,15.449999809265137,820800
2008-11-13,15.5600004196167,16.850000381469727,14.970000267028809,16.770000457763672,16.770000457763672,853800
2008-11-14,16.8700008392334,16.90999984741211,15.319999694824219,15.350000381469727,15.350000381469727,435600
2008-11-17,15.109999656677246,15.119999885559082,14.25,14.550000190734863,14.550000190734863,527200
2008-11-18,14.470000267028809,14.979999542236328,13.850000381469727,14.550000190734863,14.550000190734863,442900
2008-11-19,14.5600004196167,15.0600004196167,13.680000305175781,13.710000038146973,13.710000038146973,604300
2008-11-20,13.420000076293945,14.25,13.029999732971191,13.380000114440918,13.380000114440918,573600
2008-11-21,13.5600004196167,15.020000457763672,13.180000305175781,15.0,15.0,759600
2008-11-24,15.109999656677246,16.049999237060547,14.770000457763672,15.890000343322754,15.890000343322754,613200
2008-11-25,16.1299991607666,16.309999465942383,15.75,15.970000267028809,15.970000267028809,750000
2008-11-26,15.720000267028809,16.690000534057617,15.300000190734863,16.610000610351562,16.610000610351562,465700
2008-11-28,16.540000915527344,16.600000381469727,16.0,16.489999771118164,16.489999771118164,252400
2008-12-01,16.270000457763672,16.469999313354492,15.140000343322754,15.220000267028809,15.220000267028809,718900
2008-12-02,15.539999961853027,16.34000015258789,15.09000015258789,16.18000030517578,16.18000030517578,657300
2008-12-03,15.800000190734863,16.979999542236328,15.75,16.850000381469727,16.850000381469727,699400
2008-12-04,16.690000534057617,17.43000030517578,15.329999923706055,15.670000076293945,15.670000076293945,898400
2008-12-05,15.539999961853027,17.0,15.430000305175781,16.940000534057617,16.940000534057617,565700
2008-12-08,17.440000534057617,17.799999237060547,16.790000915527344,17.5,17.5,809900
2008-12-09,17.290000915527344,17.979999542236328,16.5,16.59000015258789,16.59000015258789,529400
2008-12-10,16.799999237060547,17.350000381469727,16.420000076293945,16.770000457763672,16.770000457763672,570200
2008-12-11,16.670000076293945,17.489999771118164,16.170000076293945,16.350000381469727,16.350000381469727,594400
2008-12-12,15.760000228881836,17.149999618530273,14.600000381469727,16.8700008392334,16.8700008392334,533300
2008-12-15,16.899999618530273,17.399999618530273,16.5,16.940000534057617,16.940000534057617,523700
2008-12-16,17.299999237060547,17.5,16.739999771118164,17.459999084472656,17.459999084472656,621800
2008-12-17,17.299999237060547,18.219999313354492,17.010000228881836,17.559999465942383,17.559999465942383,532900
2008-12-18,17.5,17.559999465942383,16.030000686645508,16.25,16.25,1106700
2008-12-19,16.5,16.979999542236328,15.850000381469727,16.0,16.0,1130500
2008-12-22,16.100000381469727,16.110000610351562,15.079999923706055,15.289999961853027,15.289999961853027,759500
2008-12-23,15.5,15.649999618530273,14.729999542236328,14.930000305175781,14.930000305175781,632300
2008-12-24,14.930000305175781,14.979999542236328,14.649999618530273,14.8100004196167,14.8100004196167,337700
2008-12-26,14.9399995803833,14.9399995803833,14.609999656677246,14.729999542236328,14.729999542236328,435300
2008-12-29,14.850000381469727,14.890000343322754,14.079999923706055,14.25,14.25,696600
2008-12-30,14.25,14.829999923706055,14.100000381469727,14.8100004196167,14.8100004196167,1245100
2008-12-31,14.8100004196167,15.359999656677246,14.699999809265137,15.210000038146973,15.210000038146973,1222500
2009-01-02,15.260000228881836,16.030000686645508,15.100000381469727,15.729999542236328,15.729999542236328,711600
2009-01-05,15.800000190734863,16.399999618530273,15.680000305175781,16.09000015258789,16.09000015258789,925200
2009-01-06,16.1299991607666,17.010000228881836,16.049999237060547,16.790000915527344,16.790000915527344,791100
2009-01-07,16.06999969482422,16.170000076293945,13.949999809265137,14.180000305175781,14.180000305175781,2226300
2009-01-08,14.0,14.0,13.239999771118164,13.789999961853027,13.789999961853027,1258100
2009-01-09,13.789999961853027,13.970000267028809,13.5,13.710000038146973,13.710000038146973,888700
2009-01-12,14.15999984741211,14.550000190734863,13.920000076293945,14.09000015258789,14.09000015258789,1018200
2009-01-13,13.979999542236328,14.300000190734863,13.630000114440918,13.859999656677246,13.859999656677246,907500
2009-01-14,13.5600004196167,13.8100004196167,13.289999961853027,13.600000381469727,13.600000381469727,750300
2009-01-15,13.619999885559082,14.369999885559082,13.510000228881836,14.1899995803833,14.1899995803833,786100
2009-01-16,14.319999694824219,14.319999694824219,13.510000228881836,14.050000190734863,14.050000190734863,674100
2009-01-20,14.0,14.510000228881836,13.710000038146973,13.930000305175781,13.930000305175781,1081700
2009-01-21,14.039999961853027,14.420000076293945,12.350000381469727,13.260000228881836,13.260000228881836,2392000
2009-01-22,12.9399995803833,13.329999923706055,12.399999618530273,12.489999771118164,12.489999771118164,1176900
2009-01-23,13.4399995803833,14.649999618530273,12.8100004196167,14.149999618530273,14.149999618530273,1732500
2009-01-26,14.210000038146973,14.609999656677246,13.90999984741211,14.430000305175781,14.430000305175781,981200
2009-01-27,14.5,14.680000305175781,14.420000076293945,14.649999618530273,14.649999618530273,1015200
2009-01-28,14.680000305175781,14.680000305175781,14.350000381469727,14.65999984741211,14.65999984741211,814500
2009-01-29,14.140000343322754,14.430000305175781,14.0,14.0600004196167,14.0600004196167,519700
2009-01-30,14.149999618530273,14.289999961853027,13.5,13.569999694824219,13.569999694824219,407600
2009-02-02,13.319999694824219,13.970000267028809,13.149999618530273,13.920000076293945,13.920000076293945,478400
2009-02-03,13.949999809265137,13.989999771118164,13.380000114440918,13.579999923706055,13.579999923706055,526000
2009-02-04,13.539999961853027,13.609999656677246,13.119999885559082,13.260000228881836,13.260000228881836,319400
2009-02-05,13.220000267028809,13.760000228881836,13.170000076293945,13.529999732971191,13.529999732971191,407100
2009-02-06,13.449999809265137,13.979999542236328,13.359999656677246,13.869999885559082,13.869999885559082,450900
2009-02-09,13.800000190734863,14.329999923706055,13.609999656677246,14.010000228881836,14.010000228881836,392400
2009-02-10,13.819999694824219,14.260000228881836,13.680000305175781,13.739999771118164,13.739999771118164,401700
2009-02-11,13.770000457763672,13.970000267028809,13.460000038146973,13.710000038146973,13.710000038146973,268600
2009-02-12,13.539999961853027,13.949999809265137,13.369999885559082,13.869999885559082,13.869999885559082,527000
2009-02-13,13.920000076293945,14.229999542236328,13.649999618530273,13.710000038146973,13.710000038146973,336600
2009-02-17,13.390000343322754,13.479999542236328,13.109999656677246,13.109999656677246,13.109999656677246,579100
2009-02-18,13.119999885559082,13.300000190734863,12.59000015258789,12.899999618530273,12.899999618530273,600200
2009-02-19,12.970000267028809,13.220000267028809,12.5,12.739999771118164,12.739999771118164,331500
2009-02-20,12.529999732971191,12.800000190734863,11.699999809265137,12.289999961853027,12.289999961853027,1482800
2009-02-23,12.300000190734863,12.729999542236328,12.270000457763672,12.350000381469727,12.350000381469727,620400
2009-02-24,12.550000190734863,13.010000228881836,12.229999542236328,12.960000038146973,12.960000038146973,608700
2009-02-25,12.899999618530273,12.989999771118164,12.319999694824219,12.710000038146973,12.710000038146973,403500
2009-02-26,12.859999656677246,13.119999885559082,10.75,11.229999542236328,11.229999542236328,1906600
2009-02-27,10.890000343322754,11.119999885559082,9.920000076293945,10.279999732971191,10.279999732971191,3006900
2009-03-02,10.039999961853027,10.279999732971191,9.5,9.630000114440918,9.630000114440918,1101600
2009-03-03,9.789999961853027,10.149999618530273,9.520000457763672,9.850000381469727,9.850000381469727,641800
2009-03-04,10.0,10.619999885559082,9.989999771118164,10.489999771118164,10.489999771118164,775800
2009-03-05,10.319999694824219,10.399999618530273,9.949999809265137,9.979999542236328,9.979999542236328,710400
2009-03-06,10.020000457763672,10.170000076293945,9.739999771118164,9.90999984741211,9.90999984741211,638100
2009-03-09,9.779999732971191,10.039999961853027,9.539999961853027,9.579999923706055,9.579999923706055,515200
2009-03-10,9.770000457763672,10.34000015258789,9.550000190734863,10.3100004196167,10.3100004196167,488400
2009-03-11,10.34000015258789,10.819999694824219,10.199999809265137,10.460000038146973,10.460000038146973,594200
2009-03-12,10.649999618530273,11.140000343322754,10.460000038146973,10.90999984741211,10.90999984741211,875100
2009-03-13,11.0,11.260000228881836,10.90999984741211,11.170000076293945,11.170000076293945,511900
2009-03-16,11.239999771118164,11.479999542236328,10.899999618530273,10.989999771118164,10.989999771118164,618800
2009-03-17,10.949999809265137,11.039999961853027,10.65999984741211,10.850000381469727,10.850000381469727,550700
2009-03-18,10.84000015258789,11.289999961853027,10.720000267028809,11.270000457763672,11.270000457763672,871200
2009-03-19,11.380000114440918,11.579999923706055,11.300000190734863,11.4399995803833,11.4399995803833,523900
2009-03-20,11.489999771118164,11.579999923706055,10.899999618530273,10.9399995803833,10.9399995803833,662900
2009-03-23,11.260000228881836,11.300000190734863,10.579999923706055,10.989999771118164,10.989999771118164,842900
2009-03-24,10.869999885559082,11.050000190734863,10.630000114440918,10.880000114440918,10.880000114440918,529100
2009-03-25,11.369999885559082,11.5,10.90999984741211,11.5,11.5,551700
2009-03-26,11.670000076293945,12.350000381469727,11.510000228881836,12.34000015258789,12.34000015258789,448200
2009-03-27,12.15999984741211,12.4399995803833,11.960000038146973,12.0600004196167,12.0600004196167,313200
2009-03-30,11.760000228881836,11.800000190734863,11.300000190734863,11.699999809265137,11.699999809265137,416300
2009-03-31,11.800000190734863,11.800000190734863,11.319999694824219,11.569999694824219,11.569999694824219,519600
2009-04-01,11.399999618530273,11.800000190734863,11.3100004196167,11.649999618530273,11.649999618530273,386700
2009-04-02,11.899999618530273,12.390000343322754,11.609999656677246,12.170000076293945,12.170000076293945,693000
2009-04-03,12.199999809265137,12.460000038146973,12.100000381469727,12.449999809265137,12.449999809265137,414200
2009-04-06,12.289999961853027,12.369999885559082,11.670000076293945,11.970000267028809,11.970000267028809,504300
2009-04-07,11.859999656677246,11.970000267028809,11.479999542236328,11.510000228881836,11.510000228881836,416100
2009-04-08,11.539999961853027,11.789999961853027,11.399999618530273,11.680000305175781,11.680000305175781,267300
2009-04-09,12.199999809265137,12.779999732971191,12.1899995803833,12.720000267028809,12.720000267028809,606700
2009-04-13,12.579999923706055,12.9399995803833,12.5,12.920000076293945,12.920000076293945,344900
2009-04-14,12.710000038146973,12.899999618530273,12.430000305175781,12.640000343322754,12.640000343322754,456500
2009-04-15,12.600000381469727,13.050000190734863,12.529999732971191,12.960000038146973,12.960000038146973,324700
2009-04-16,13.020000457763672,13.149999618530273,12.779999732971191,12.960000038146973,12.960000038146973,423900
2009-04-17,13.029999732971191,13.140000343322754,12.829999923706055,13.010000228881836,13.010000228881836,289300
2009-04-20,12.670000076293945,12.729999542236328,12.5,12.550000190734863,12.550000190734863,465500
2009-04-21,12.460000038146973,13.109999656677246,12.279999732971191,13.100000381469727,13.100000381469727,561800
2009-04-22,12.869999885559082,13.859999656677246,12.600000381469727,13.25,13.25,663100
2009-04-23,13.220000267028809,13.609999656677246,12.510000228881836,13.25,13.25,703100
2009-04-24,13.0,13.0,11.460000038146973,12.529999732971191,12.529999732971191,2117800
2009-04-27,12.25,12.520000457763672,12.039999961853027,12.0600004196167,12.0600004196167,718500
2009-04-28,12.010000228881836,12.239999771118164,11.880000114440918,12.109999656677246,12.109999656677246,444100
2009-04-29,12.149999618530273,12.710000038146973,12.0,12.640000343322754,12.640000343322754,480800
2009-04-30,12.699999809265137,12.84000015258789,12.350000381469727,12.390000343322754,12.390000343322754,414800
2009-05-01,12.300000190734863,12.579999923706055,12.170000076293945,12.329999923706055,12.329999923706055,726700
2009-05-04,12.399999618530273,12.640000343322754,12.210000038146973,12.5,12.5,450900
2009-05-05,12.5,12.630000114440918,12.399999618530273,12.569999694824219,12.569999694824219,530400
2009-05-06,12.739999771118164,12.789999961853027,12.600000381469727,12.760000228881836,12.760000228881836,313900
2009-05-07,12.949999809265137,13.029999732971191,12.6899995803833,12.8100004196167,12.8100004196167,455900
2009-05-08,13.010000228881836,13.25,12.90999984741211,13.140000343322754,13.140000343322754,435100
2009-05-11,13.050000190734863,13.050000190734863,12.5,12.539999961853027,12.539999961853027,374700
2009-05-12,12.510000228881836,12.520000457763672,12.170000076293945,12.289999961853027,12.289999961853027,292200
2009-05-13,12.0600004196167,12.130000114440918,11.829999923706055,11.84000015258789,11.84000015258789,498500
2009-05-14,11.920000076293945,12.079999923706055,11.760000228881836,11.819999694824219,11.819999694824219,233500
2009-05-15,11.789999961853027,12.0,11.670000076293945,11.680000305175781,11.680000305175781,387600
2009-05-18,11.869999885559082,12.0,11.699999809265137,11.989999771118164,11.989999771118164,301500
2009-05-19,12.100000381469727,12.100000381469727,11.739999771118164,11.770000457763672,11.770000457763672,332300
2009-05-20,11.880000114440918,12.010000228881836,11.670000076293945,11.6899995803833,11.6899995803833,442600
2009-05-21,11.65999984741211,11.760000228881836,11.5,11.649999618530273,11.649999618530273,318700
2009-05-22,11.720000267028809,11.920000076293945,11.40999984741211,11.479999542236328,11.479999542236328,346900
2009-05-26,11.420000076293945,12.050000190734863,11.420000076293945,11.989999771118164,11.989999771118164,529100
2009-05-27,11.649999618530273,12.390000343322754,11.649999618530273,11.789999961853027,11.789999961853027,492800
2009-05-28,12.0,12.239999771118164,11.630000114440918,11.9399995803833,11.9399995803833,422400
2009-05-29,12.010000228881836,12.199999809265137,11.850000381469727,12.149999618530273,12.149999618530273,431300
2009-06-01,12.300000190734863,12.8100004196167,12.289999961853027,12.699999809265137,12.699999809265137,722700
2009-06-02,12.609999656677246,12.699999809265137,12.470000267028809,12.600000381469727,12.600000381469727,537700
2009-06-03,12.550000190734863,13.0,12.550000190734863,12.989999771118164,12.989999771118164,312900
2009-06-04,13.010000228881836,13.130000114440918,12.90999984741211,13.039999961853027,13.039999961853027,385200
2009-06-05,13.119999885559082,13.300000190734863,12.960000038146973,13.100000381469727,13.100000381469727,414600
2009-06-08,13.020000457763672,13.050000190734863,12.880000114440918,12.930000305175781,12.930000305175781,640400
2009-06-09,13.029999732971191,13.199999809265137,12.970000267028809,13.109999656677246,13.109999656677246,215400
2009-06-10,13.199999809265137,13.199999809265137,12.800000190734863,12.970000267028809,12.970000267028809,399800
2009-06-11,12.800000190734863,13.199999809265137,12.800000190734863,12.890000343322754,12.890000343322754,217700
2009-06-12,11.600000381469727,11.630000114440918,10.789999961853027,10.989999771118164,10.989999771118164,3524900
2009-06-15,11.020000457763672,11.029999732971191,10.449999809265137,10.640000343322754,10.640000343322754,1095400
2009-06-16,10.8100004196167,10.859999656677246,10.300000190734863,10.359999656677246,10.359999656677246,1102700
2009-06-17,10.369999885559082,10.4399995803833,10.109999656677246,10.199999809265137,10.199999809265137,1606200
2009-06-18,10.220000267028809,10.5,10.180000305175781,10.40999984741211,10.40999984741211,678500
2009-06-19,10.59000015258789,11.09000015258789,10.420000076293945,10.880000114440918,10.880000114440918,1257100
2009-06-22,10.8100004196167,10.890000343322754,10.640000343322754,10.779999732971191,10.779999732971191,582000
2009-06-23,10.880000114440918,10.970000267028809,10.319999694824219,10.529999732971191,10.529999732971191,506300
2009-06-24,10.579999923706055,10.670000076293945,10.40999984741211,10.510000228881836,10.510000228881836,324000
2009-06-25,10.489999771118164,10.770000457763672,10.369999885559082,10.600000381469727,10.600000381469727,547000
2009-06-26,10.609999656677246,10.699999809265137,10.489999771118164,10.550000190734863,10.550000190734863,919300
2009-06-29,10.539999961853027,10.84000015258789,10.5,10.699999809265137,10.699999809265137,335200
2009-06-30,10.739999771118164,10.8100004196167,10.520000457763672,10.779999732971191,10.779999732971191,595800
2009-07-01,10.84000015258789,10.869999885559082,10.510000228881836,10.550000190734863,10.550000190734863,665100
2009-07-02,10.510000228881836,10.529999732971191,10.260000228881836,10.359999656677246,10.359999656677246,442500
2009-07-06,10.350000381469727,10.529999732971191,10.260000228881836,10.420000076293945,10.420000076293945,503400
2009-07-07,10.470000267028809,10.470000267028809,10.180000305175781,10.210000038146973,10.210000038146973,429800
2009-07-08,10.229999542236328,10.300000190734863,10.09000015258789,10.1899995803833,10.1899995803833,501400
2009-07-09,10.220000267028809,10.3100004196167,10.050000190734863,10.09000015258789,10.09000015258789,313400
2009-07-10,10.069999694824219,10.300000190734863,10.0,10.260000228881836,10.260000228881836,496900
2009-07-13,10.270000457763672,10.350000381469727,10.029999732971191,10.350000381469727,10.350000381469727,495500
2009-07-14,10.3100004196167,10.3100004196167,10.140000343322754,10.289999961853027,10.289999961853027,390200
2009-07-15,10.4399995803833,10.710000038146973,10.359999656677246,10.670000076293945,10.670000076293945,901100
2009-07-16,10.59000015258789,10.84000015258789,10.4399995803833,10.800000190734863,10.800000190734863,717400
2009-07-17,10.829999923706055,10.850000381469727,10.529999732971191,10.529999732971191,10.529999732971191,328000
2009-07-20,10.539999961853027,10.699999809265137,10.479999542236328,10.5600004196167,10.5600004196167,560200
2009-07-21,10.640000343322754,11.300000190734863,10.600000381469727,11.229999542236328,11.229999542236328,801900
2009-07-22,11.149999618530273,11.550000190734863,11.09000015258789,11.529999732971191,11.529999732971191,906200
2009-07-23,11.489999771118164,12.140000343322754,11.449999809265137,11.8100004196167,11.8100004196167,965300
2009-07-24,11.760000228881836,12.130000114440918,11.350000381469727,12.079999923706055,12.079999923706055,514900
2009-07-27,12.010000228881836,12.029999732971191,11.720000267028809,12.020000457763672,12.020000457763672,488800
2009-07-28,11.949999809265137,12.420000076293945,11.949999809265137,12.350000381469727,12.350000381469727,665800
2009-07-29,12.300000190734863,12.550000190734863,12.210000038146973,12.479999542236328,12.479999542236328,789200
2009-07-30,12.569999694824219,12.880000114440918,12.380000114440918,12.630000114440918,12.630000114440918,570700
2009-07-31,12.59000015258789,12.859999656677246,12.59000015258789,12.649999618530273,12.649999618530273,418400
2009-08-03,12.760000228881836,12.8100004196167,12.369999885559082,12.75,12.75,441700
2009-08-04,12.630000114440918,12.729999542236328,12.470000267028809,12.5600004196167,12.5600004196167,324700
2009-08-05,12.529999732971191,12.529999732971191,12.210000038146973,12.489999771118164,12.489999771118164,312000
2009-08-06,12.5,12.630000114440918,12.149999618530273,12.210000038146973,12.210000038146973,302100
2009-08-07,12.399999618530273,12.5,12.220000267028809,12.449999809265137,12.449999809265137,350600
2009-08-10,12.350000381469727,12.65999984741211,12.350000381469727,12.579999923706055,12.579999923706055,402200
2009-08-11,12.529999732971191,12.819999694824219,12.350000381469727,12.489999771118164,12.489999771118164,434500
2009-08-12,12.539999961853027,12.75,12.510000228881836,12.579999923706055,12.579999923706055,283400
2009-08-13,12.600000381469727,12.729999542236328,12.40999984741211,12.5,12.5,398300
2009-08-14,12.460000038146973,12.520000457763672,12.100000381469727,12.25,12.25,383600
2009-08-17,12.149999618530273,12.170000076293945,11.859999656677246,12.020000457763672,12.020000457763672,497600
2009-08-18,12.039999961853027,12.260000228881836,12.0,12.229999542236328,12.229999542236328,284900
2009-08-19,12.15999984741211,12.40999984741211,12.109999656677246,12.40999984741211,12.40999984741211,290800
2009-08-20,12.350000381469727,12.5,12.289999961853027,12.380000114440918,12.380000114440918,384500
2009-08-21,12.520000457763672,13.079999923706055,12.390000343322754,12.770000457763672,12.770000457763672,696700
2009-08-24,12.829999923706055,13.359999656677246,12.819999694824219,13.229999542236328,13.229999542236328,401800
2009-08-25,13.329999923706055,13.449999809265137,13.15999984741211,13.239999771118164,13.239999771118164,431400
2009-08-26,13.1899995803833,13.539999961853027,13.149999618530273,13.399999618530273,13.399999618530273,381700
2009-08-27,13.399999618530273,13.489999771118164,13.270000457763672,13.40999984741211,13.40999984741211,198500
2009-08-28,13.479999542236328,13.529999732971191,13.229999542236328,13.460000038146973,13.460000038146973,340500
2009-08-31,13.319999694824219,13.369999885559082,13.0,13.369999885559082,13.369999885559082,329800
2009-09-01,13.260000228881836,13.579999923706055,12.529999732971191,12.670000076293945,12.670000076293945,823100
2009-09-02,12.600000381469727,12.789999961853027,12.4399995803833,12.529999732971191,12.529999732971191,409400
2009-09-03,12.529999732971191,12.59000015258789,12.140000343322754,12.520000457763672,12.520000457763672,317600
2009-09-04,12.460000038146973,12.640000343322754,12.3100004196167,12.630000114440918,12.630000114440918,200900
2009-09-08,12.789999961853027,12.890000343322754,12.59000015258789,12.890000343322754,12.890000343322754,459000
2009-09-09,12.949999809265137,12.970000267028809,12.75,12.90999984741211,12.90999984741211,303100
2009-09-10,12.890000343322754,13.109999656677246,12.770000457763672,13.09000015258789,13.09000015258789,268100
2009-09-11,13.09000015258789,13.149999618530273,12.949999809265137,12.979999542236328,12.979999542236328,287800
2009-09-14,12.9399995803833,13.069999694824219,12.760000228881836,13.010000228881836,13.010000228881836,265500
2009-09-15,12.989999771118164,13.239999771118164,12.760000228881836,13.170000076293945,13.170000076293945,320900
2009-09-16,13.170000076293945,13.380000114440918,13.119999885559082,13.380000114440918,13.380000114440918,239500
2009-09-17,13.359999656677246,13.420000076293945,13.0600004196167,13.1899995803833,13.1899995803833,228300
2009-09-18,13.220000267028809,13.449999809265137,13.0,13.25,13.25,391900
2009-09-21,13.109999656677246,13.279999732971191,13.109999656677246,13.220000267028809,13.220000267028809,206400
2009-09-22,13.260000228881836,13.34000015258789,13.010000228881836,13.25,13.25,231800
2009-09-23,13.239999771118164,13.380000114440918,13.0,13.010000228881836,13.010000228881836,135200
2009-09-24,13.020000457763672,13.09000015258789,12.8100004196167,12.949999809265137,12.949999809265137,206100
2009-09-25,13.579999923706055,13.899999618530273,13.300000190734863,13.5600004196167,13.5600004196167,1316600
2009-09-28,13.65999984741211,13.859999656677246,13.5600004196167,13.779999732971191,13.779999732971191,490300
2009-09-29,13.75,13.880000114440918,13.5600004196167,13.65999984741211,13.65999984741211,390300
2009-09-30,13.630000114440918,13.899999618530273,13.510000228881836,13.65999984741211,13.65999984741211,284900
2009-10-01,13.5600004196167,13.949999809265137,13.170000076293945,13.170000076293945,13.170000076293945,551800
2009-10-02,13.170000076293945,13.699999809265137,13.170000076293945,13.210000038146973,13.210000038146973,650800
2009-10-05,13.420000076293945,13.760000228881836,13.399999618530273,13.569999694824219,13.569999694824219,6107100
2009-10-06,13.640000343322754,14.4399995803833,13.550000190734863,14.289999961853027,14.289999961853027,1247900
2009-10-07,14.289999961853027,14.359999656677246,14.199999809265137,14.229999542236328,14.229999542236328,739500
2009-10-08,14.270000457763672,14.680000305175781,14.199999809265137,14.460000038146973,14.460000038146973,586200
2009-10-09,14.420000076293945,14.420000076293945,14.229999542236328,14.34000015258789,14.34000015258789,401100
2009-10-12,14.489999771118164,14.569999694824219,14.399999618530273,14.430000305175781,14.430000305175781,271700
2009-10-13,14.329999923706055,14.399999618530273,13.930000305175781,14.119999885559082,14.119999885559082,462600
2009-10-14,14.199999809265137,14.270000457763672,14.020000457763672,14.130000114440918,14.130000114440918,268900
2009-10-15,14.09000015258789,14.239999771118164,13.979999542236328,14.15999984741211,14.15999984741211,321600
2009-10-16,14.020000457763672,14.170000076293945,13.829999923706055,14.069999694824219,14.069999694824219,403500
2009-10-19,14.149999618530273,14.430000305175781,13.989999771118164,14.25,14.25,389400
2009-10-20,14.289999961853027,14.569999694824219,14.079999923706055,14.270000457763672,14.270000457763672,711500
2009-10-21,14.199999809265137,14.390000343322754,13.880000114440918,13.920000076293945,13.920000076293945,569600
2009-10-22,13.920000076293945,14.300000190734863,13.869999885559082,14.260000228881836,14.260000228881836,485800
2009-10-23,14.329999923706055,14.350000381469727,14.0,14.0600004196167,14.0600004196167,356900
2009-10-26,14.109999656677246,14.420000076293945,13.869999885559082,13.930000305175781,13.930000305175781,323400
2009-10-27,13.930000305175781,14.119999885559082,13.760000228881836,13.800000190734863,13.800000190734863,259700
2009-10-28,13.800000190734863,13.84000015258789,13.479999542236328,13.5,13.5,349700
2009-10-29,13.649999618530273,13.8100004196167,13.3100004196167,13.40999984741211,13.40999984741211,469800
2009-10-30,13.369999885559082,13.489999771118164,12.949999809265137,12.970000267028809,12.970000267028809,465300
2009-11-02,13.09000015258789,13.329999923706055,12.75,13.140000343322754,13.140000343322754,375000
2009-11-03,13.020000457763672,13.270000457763672,12.819999694824219,13.149999618530273,13.149999618530273,397700
2009-11-04,13.170000076293945,13.300000190734863,13.069999694824219,13.079999923706055,13.079999923706055,336900
2009-11-05,13.220000267028809,13.819999694824219,13.039999961853027,13.779999732971191,13.779999732971191,344300
2009-11-06,13.970000267028809,14.739999771118164,13.8100004196167,14.279999732971191,14.279999732971191,752900
2009-11-09,14.489999771118164,14.960000038146973,14.399999618530273,14.760000228881836,14.760000228881836,725000
2009-11-10,14.770000457763672,14.899999618530273,14.539999961853027,14.850000381469727,14.850000381469727,422100
2009-11-11,14.899999618530273,14.9399995803833,14.600000381469727,14.8100004196167,14.8100004196167,339700
2009-11-12,14.739999771118164,14.770000457763672,14.229999542236328,14.399999618530273,14.399999618530273,368700
2009-11-13,14.399999618530273,14.520000457763672,14.270000457763672,14.430000305175781,14.430000305175781,281400
2009-11-16,14.569999694824219,15.34000015258789,14.569999694824219,15.260000228881836,15.260000228881836,710700
2009-11-17,15.100000381469727,15.210000038146973,14.970000267028809,15.100000381469727,15.100000381469727,310600
2009-11-18,15.149999618530273,15.229999542236328,14.949999809265137,15.069999694824219,15.069999694824219,244100
2009-11-19,14.970000267028809,15.010000228881836,14.640000343322754,14.779999732971191,14.779999732971191,313900
2009-11-20,14.649999618530273,14.800000190734863,14.550000190734863,14.720000267028809,14.720000267028809,280800
2009-11-23,14.930000305175781,15.270000457763672,14.930000305175781,15.239999771118164,15.239999771118164,356100
2009-11-24,15.289999961853027,15.289999961853027,14.829999923706055,15.039999961853027,15.039999961853027,217500
2009-11-25,15.100000381469727,15.149999618530273,14.930000305175781,15.050000190734863,15.050000190734863,140800
2009-11-27,14.649999618530273,14.949999809265137,14.649999618530273,14.6899995803833,14.6899995803833,122700
2009-11-30,14.670000076293945,14.819999694824219,14.390000343322754,14.770000457763672,14.770000457763672,289100
2009-12-01,14.920000076293945,15.270000457763672,14.819999694824219,15.210000038146973,15.210000038146973,333600
2009-12-02,15.279999732971191,15.670000076293945,15.229999542236328,15.649999618530273,15.649999618530273,402800
2009-12-03,15.65999984741211,15.829999923706055,15.4399995803833,15.4399995803833,15.4399995803833,392100
2009-12-04,15.739999771118164,15.899999618530273,15.430000305175781,15.619999885559082,15.619999885559082,410300
2009-12-07,15.65999984741211,15.949999809265137,15.539999961853027,15.75,15.75,291300
2009-12-08,15.619999885559082,15.6899995803833,15.420000076293945,15.5,15.5,233500
2009-12-09,15.539999961853027,15.600000381469727,15.4399995803833,15.539999961853027,15.539999961853027,250000
2009-12-10,15.640000343322754,15.960000038146973,15.550000190734863,15.65999984741211,15.65999984741211,259900
2009-12-11,15.739999771118164,16.18000030517578,15.699999809265137,16.040000915527344,16.040000915527344,332300
2009-12-14,16.170000076293945,16.5,15.989999771118164,16.479999542236328,16.479999542236328,294000
2009-12-15,16.399999618530273,16.549999237060547,16.139999389648438,16.15999984741211,16.15999984741211,325900
2009-12-16,16.260000228881836,16.520000457763672,16.190000534057617,16.420000076293945,16.420000076293945,405100
2009-12-17,16.3799991607666,16.450000762939453,16.15999984741211,16.360000610351562,16.360000610351562,493200
2009-12-18,16.440000534057617,16.6200008392334,16.260000228881836,16.610000610351562,16.610000610351562,753800
2009-12-21,16.670000076293945,16.989999771118164,16.6299991607666,16.979999542236328,16.979999542236328,363700
2009-12-22,16.959999084472656,17.030000686645508,16.799999237060547,16.93000030517578,16.93000030517578,428000
2009-12-23,17.049999237060547,17.34000015258789,16.8700008392334,17.049999237060547,17.049999237060547,323800
2009-12-24,17.239999771118164,17.280000686645508,17.040000915527344,17.149999618530273,17.149999618530273,109800
2009-12-28,17.149999618530273,17.719999313354492,17.149999618530273,17.350000381469727,17.350000381469727,270700
2009-12-29,17.43000030517578,17.450000762939453,17.329999923706055,17.3700008392334,17.3700008392334,217100
2009-12-30,17.399999618530273,17.489999771118164,17.209999084472656,17.260000228881836,17.260000228881836,263800
2009-12-31,17.309999465942383,17.420000076293945,17.18000030517578,17.200000762939453,17.200000762939453,214000
2010-01-04,17.469999313354492,17.540000915527344,17.309999465942383,17.459999084472656,17.459999084472656,324100
2010-01-05,17.489999771118164,17.600000381469727,16.5,16.8700008392334,16.8700008392334,770600
2010-01-06,17.020000457763672,17.479999542236328,16.43000030517578,16.829999923706055,16.829999923706055,689400
2010-01-07,16.899999618530273,17.020000457763672,16.520000457763672,17.020000457763672,17.020000457763672,179300
2010-01-08,17.059999465942383,17.40999984741211,17.020000457763672,17.219999313354492,17.219999313354492,317300
2010-01-11,17.299999237060547,17.709999084472656,17.25,17.690000534057617,17.690000534057617,416100
2010-01-12,17.68000030517578,18.09000015258789,17.5,17.860000610351562,17.860000610351562,407400
2010-01-13,17.969999313354492,18.239999771118164,17.850000381469727,17.959999084472656,17.959999084472656,433600
2010-01-14,18.040000915527344,18.3700008392334,18.0,18.229999542236328,18.229999542236328,460700
2010-01-15,18.31999969482422,18.360000610351562,17.670000076293945,17.90999984741211,17.90999984741211,415200
2010-01-19,18.1200008392334,18.200000762939453,17.90999984741211,18.15999984741211,18.15999984741211,375800
2010-01-20,18.020000457763672,18.170000076293945,17.709999084472656,18.110000610351562,18.110000610351562,297200
2010-01-21,18.079999923706055,18.309999465942383,17.649999618530273,18.25,18.25,735200
2010-01-22,18.700000762939453,18.700000762939453,17.850000381469727,18.040000915527344,18.040000915527344,1104700
2010-01-25,18.100000381469727,18.200000762939453,17.520000457763672,17.59000015258789,17.59000015258789,452700
2010-01-26,17.600000381469727,18.09000015258789,17.469999313354492,17.639999389648438,17.639999389648438,710600
2010-01-27,17.530000686645508,18.239999771118164,17.530000686645508,18.239999771118164,18.239999771118164,392100
2010-01-28,18.270000457763672,18.530000686645508,18.0,18.299999237060547,18.299999237060547,389100
2010-01-29,18.34000015258789,18.540000915527344,18.06999969482422,18.15999984741211,18.15999984741211,448400
2010-02-01,18.25,18.489999771118164,17.719999313354492,18.06999969482422,18.06999969482422,586700
2010-02-02,18.1299991607666,18.139999389648438,17.770000457763672,17.8700008392334,17.8700008392334,367900
2010-02-03,17.850000381469727,18.15999984741211,17.790000915527344,17.959999084472656,17.959999084472656,390000
2010-02-04,17.860000610351562,18.079999923706055,17.420000076293945,17.440000534057617,17.440000534057617,477000
2010-02-05,17.420000076293945,17.579999923706055,16.770000457763672,17.489999771118164,17.489999771118164,689100
2010-02-08,17.530000686645508,17.959999084472656,17.459999084472656,17.75,17.75,454100
2010-02-09,17.959999084472656,17.989999771118164,17.68000030517578,17.75,17.75,300700
2010-02-10,17.639999389648438,17.790000915527344,17.5,17.739999771118164,17.739999771118164,295800
2010-02-11,17.68000030517578,18.049999237060547,17.559999465942383,18.0,18.0,207600
2010-02-12,17.84000015258789,18.0,17.739999771118164,17.940000534057617,17.940000534057617,233900
2010-02-16,18.110000610351562,18.270000457763672,17.850000381469727,18.0,18.0,404000
2010-02-17,18.100000381469727,18.309999465942383,18.0,18.309999465942383,18.309999465942383,297400
2010-02-18,18.329999923706055,18.860000610351562,18.239999771118164,18.84000015258789,18.84000015258789,552200
2010-02-19,18.860000610351562,19.360000610351562,18.6200008392334,18.68000030517578,18.68000030517578,661500
2010-02-22,18.8700008392334,19.799999237060547,18.729999542236328,19.600000381469727,19.600000381469727,835200
2010-02-23,19.6299991607666,19.940000534057617,19.399999618530273,19.639999389648438,19.639999389648438,570300
2010-02-24,19.6299991607666,19.940000534057617,19.520000457763672,19.860000610351562,19.860000610351562,705100
2010-02-25,19.760000228881836,19.969999313354492,19.559999465942383,19.969999313354492,19.969999313354492,437500
2010-02-26,19.979999542236328,19.989999771118164,19.610000610351562,19.729999542236328,19.729999542236328,471100
2010-03-01,19.84000015258789,20.079999923706055,19.790000915527344,20.059999465942383,20.059999465942383,765200
2010-03-02,20.100000381469727,20.600000381469727,20.0,20.450000762939453,20.450000762939453,818700
2010-03-03,20.6299991607666,20.6299991607666,19.8799991607666,19.920000076293945,19.920000076293945,534200
2010-03-04,19.940000534057617,20.350000381469727,19.940000534057617,20.239999771118164,20.239999771118164,310700
2010-03-05,20.3799991607666,20.889999389648438,20.350000381469727,20.81999969482422,20.81999969482422,609600
2010-03-08,21.0,21.25,20.969999313354492,20.989999771118164,20.989999771118164,449400
2010-03-09,21.059999465942383,21.440000534057617,20.690000534057617,21.40999984741211,21.40999984741211,764400
2010-03-10,21.530000686645508,21.889999389648438,21.5,21.84000015258789,21.84000015258789,585100
2010-03-11,21.799999237060547,22.0,21.389999389648438,21.520000457763672,21.520000457763672,520000
2010-03-12,21.709999084472656,21.969999313354492,21.559999465942383,21.969999313354492,21.969999313354492,515700
2010-03-15,22.010000228881836,22.190000534057617,20.1200008392334,20.399999618530273,20.399999618530273,1897300
2010-03-16,20.25,20.540000915527344,19.729999542236328,20.489999771118164,20.489999771118164,862100
2010-03-17,20.6299991607666,21.040000915527344,20.540000915527344,20.690000534057617,20.690000534057617,561000
2010-03-18,20.709999084472656,21.0,20.260000228881836,20.729999542236328,20.729999542236328,377100
2010-03-19,20.84000015258789,21.1200008392334,20.34000015258789,20.43000030517578,20.43000030517578,524600
2010-03-22,20.25,20.81999969482422,20.110000610351562,20.770000457763672,20.770000457763672,540800
2010-03-23,20.84000015258789,20.90999984741211,20.450000762939453,20.670000076293945,20.670000076293945,410100
2010-03-24,20.639999389648438,21.540000915527344,20.540000915527344,21.09000015258789,21.09000015258789,742700
2010-03-25,21.329999923706055,21.549999237060547,21.030000686645508,21.040000915527344,21.040000915527344,444600
2010-03-26,21.059999465942383,21.309999465942383,20.889999389648438,20.920000076293945,20.920000076293945,259000
2010-03-29,21.06999969482422,21.260000228881836,21.0,21.219999313354492,21.219999313354492,401100
2010-03-30,21.25,21.25,20.690000534057617,20.790000915527344,20.790000915527344,383100
2010-03-31,20.75,20.809999465942383,20.5,20.600000381469727,20.600000381469727,470300
2010-04-01,20.610000610351562,20.950000762939453,20.459999084472656,20.950000762939453,20.950000762939453,364300
2010-04-05,20.940000534057617,21.489999771118164,20.93000030517578,21.479999542236328,21.479999542236328,489300
2010-04-06,21.459999084472656,21.690000534057617,21.260000228881836,21.68000030517578,21.68000030517578,372500
2010-04-07,21.6299991607666,21.6299991607666,20.959999084472656,21.079999923706055,21.079999923706055,357500
2010-04-08,21.190000534057617,21.219999313354492,20.959999084472656,21.139999389648438,21.139999389648438,267400
2010-04-09,21.15999984741211,21.170000076293945,20.709999084472656,20.959999084472656,20.959999084472656,345600
2010-04-12,21.0,21.59000015258789,20.959999084472656,21.579999923706055,21.579999923706055,345700
2010-04-13,21.489999771118164,21.65999984741211,21.229999542236328,21.65999984741211,21.65999984741211,396000
2010-04-14,21.709999084472656,21.799999237060547,21.43000030517578,21.799999237060547,21.799999237060547,344000
2010-04-15,21.799999237060547,22.229999542236328,21.799999237060547,22.059999465942383,22.059999465942383,385900
2010-04-16,22.079999923706055,22.209999084472656,21.329999923706055,21.389999389648438,21.389999389648438,497500
2010-04-19,21.3799991607666,22.139999389648438,21.3700008392334,21.950000762939453,21.950000762939453,476400
2010-04-20,21.969999313354492,22.959999084472656,21.969999313354492,22.700000762939453,22.700000762939453,854800
2010-04-21,22.899999618530273,22.90999984741211,22.299999237060547,22.65999984741211,22.65999984741211,494900
2010-04-22,22.510000228881836,23.139999389648438,22.299999237060547,23.040000915527344,23.040000915527344,576000
2010-04-23,23.260000228881836,23.75,22.90999984741211,23.309999465942383,23.309999465942383,700600
2010-04-26,23.360000610351562,23.5,23.110000610351562,23.34000015258789,23.34000015258789,379600
2010-04-27,23.329999923706055,23.700000762939453,22.09000015258789,22.149999618530273,22.149999618530273,763500
2010-04-28,22.15999984741211,22.450000762939453,22.06999969482422,22.389999389648438,22.389999389648438,383300
2010-04-29,22.5,22.690000534057617,22.350000381469727,22.540000915527344,22.540000915527344,330200
2010-04-30,22.579999923706055,22.600000381469727,20.68000030517578,20.739999771118164,20.739999771118164,1135800
2010-05-03,20.799999237060547,21.579999923706055,20.670000076293945,21.350000381469727,21.350000381469727,661900
2010-05-04,21.049999237060547,21.520000457763672,20.75,21.079999923706055,21.079999923706055,492700
2010-05-05,20.760000228881836,20.93000030517578,19.239999771118164,19.270000457763672,19.270000457763672,1335900
2010-05-06,19.200000762939453,19.889999389648438,10.069999694824219,18.969999313354492,18.969999313354492,1237000
2010-05-07,18.770000457763672,18.770000457763672,17.239999771118164,18.299999237060547,18.299999237060547,1392000
2010-05-10,18.700000762939453,19.540000915527344,18.700000762939453,19.299999237060547,19.299999237060547,601300
2010-05-11,19.0,19.450000762939453,18.799999237060547,18.950000762939453,18.950000762939453,535000
2010-05-12,18.940000534057617,19.06999969482422,18.809999465942383,19.020000457763672,19.020000457763672,808900
2010-05-13,18.90999984741211,19.260000228881836,18.799999237060547,19.09000015258789,19.09000015258789,425100
2010-05-14,18.940000534057617,18.959999084472656,18.3700008392334,18.600000381469727,18.600000381469727,511900
2010-05-17,18.6299991607666,19.040000915527344,18.299999237060547,18.979999542236328,18.979999542236328,579100
2010-05-18,18.93000030517578,19.059999465942383,18.010000228881836,18.149999618530273,18.149999618530273,664900
2010-05-19,18.030000686645508,18.950000762939453,18.030000686645508,18.920000076293945,18.920000076293945,802500
2010-05-20,18.459999084472656,18.559999465942383,17.760000228881836,17.760000228881836,17.760000228881836,1517100
2010-05-21,17.450000762939453,18.149999618530273,17.010000228881836,18.040000915527344,18.040000915527344,1036900
2010-05-24,18.09000015258789,18.31999969482422,17.780000686645508,17.850000381469727,17.850000381469727,285100
2010-05-25,17.469999313354492,17.920000076293945,16.969999313354492,17.8700008392334,17.8700008392334,673500
2010-05-26,18.049999237060547,18.450000762939453,17.979999542236328,18.170000076293945,18.170000076293945,729500
2010-05-27,18.59000015258789,18.739999771118164,18.229999542236328,18.530000686645508,18.530000686645508,560100
2010-05-28,18.299999237060547,18.649999618530273,18.200000762939453,18.309999465942383,18.309999465942383,374600
2010-06-01,18.219999313354492,18.450000762939453,17.860000610351562,17.860000610351562,17.860000610351562,449800
2010-06-02,17.8799991607666,18.459999084472656,17.809999465942383,18.459999084472656,18.459999084472656,424300
2010-06-03,18.469999313354492,18.59000015258789,18.149999618530273,18.360000610351562,18.360000610351562,251600
2010-06-04,18.0,18.1200008392334,17.700000762939453,17.809999465942383,17.809999465942383,498300
2010-06-07,17.559999465942383,18.399999618530273,17.559999465942383,17.780000686645508,17.780000686645508,602400
2010-06-08,17.899999618530273,17.93000030517578,17.329999923706055,17.6299991607666,17.6299991607666,360200
2010-06-09,17.729999542236328,18.170000076293945,17.479999542236328,17.799999237060547,17.799999237060547,387100
2010-06-10,18.09000015258789,18.290000915527344,17.829999923706055,18.290000915527344,18.290000915527344,346500
2010-06-11,18.100000381469727,18.649999618530273,18.079999923706055,18.649999618530273,18.649999618530273,331700
2010-06-14,18.760000228881836,18.829999923706055,18.5,18.6200008392334,18.6200008392334,430700
2010-06-15,18.65999984741211,19.170000076293945,18.520000457763672,19.1200008392334,19.1200008392334,367300
2010-06-16,19.030000686645508,19.229999542236328,18.93000030517578,18.979999542236328,18.979999542236328,223600
2010-06-17,19.1299991607666,19.209999084472656,18.700000762939453,18.860000610351562,18.860000610351562,203200
2010-06-18,18.969999313354492,18.989999771118164,18.56999969482422,18.649999618530273,18.649999618530273,533600
2010-06-21,18.84000015258789,19.200000762939453,18.719999313354492,18.90999984741211,18.90999984741211,303200
2010-06-22,19.020000457763672,19.260000228881836,18.809999465942383,18.920000076293945,18.920000076293945,443500
2010-06-23,18.90999984741211,19.049999237060547,18.649999618530273,18.760000228881836,18.760000228881836,280300
2010-06-24,18.649999618530273,18.860000610351562,18.549999237060547,18.549999237060547,18.549999237060547,306500
2010-06-25,18.56999969482422,19.1200008392334,18.389999389648438,19.040000915527344,19.040000915527344,611200
2010-06-28,19.059999465942383,19.270000457763672,18.75,19.09000015258789,19.09000015258789,285300
2010-06-29,18.739999771118164,18.8799991607666,18.479999542236328,18.6200008392334,18.6200008392334,495200
2010-06-30,18.68000030517578,18.8799991607666,18.3700008392334,18.549999237060547,18.549999237060547,335900
2010-07-01,18.729999542236328,18.920000076293945,18.25,18.6299991607666,18.6299991607666,499800
2010-07-02,18.75,18.75,18.399999618530273,18.549999237060547,18.549999237060547,247600
2010-07-06,18.739999771118164,19.09000015258789,18.510000228881836,18.6299991607666,18.6299991607666,591800
2010-07-07,18.75,19.31999969482422,18.700000762939453,19.290000915527344,19.290000915527344,280400
2010-07-08,19.389999389648438,19.450000762939453,19.079999923706055,19.350000381469727,19.350000381469727,255500
2010-07-09,19.3700008392334,19.690000534057617,19.290000915527344,19.68000030517578,19.68000030517578,187000
2010-07-12,19.670000076293945,19.75,19.40999984741211,19.649999618530273,19.649999618530273,252400
2010-07-13,19.809999465942383,20.6200008392334,19.760000228881836,20.600000381469727,20.600000381469727,484300
2010-07-14,20.56999969482422,20.799999237060547,20.40999984741211,20.68000030517578,20.68000030517578,270700
2010-07-15,20.639999389648438,20.719999313354492,20.31999969482422,20.65999984741211,20.65999984741211,287400
2010-07-16,20.510000228881836,20.549999237060547,19.8799991607666,19.969999313354492,19.969999313354492,470800
2010-07-19,19.969999313354492,20.0,19.469999313354492,19.790000915527344,19.790000915527344,224900
2010-07-20,19.510000228881836,20.1200008392334,19.399999618530273,20.110000610351562,20.110000610351562,320400
2010-07-21,20.18000030517578,20.5,19.729999542236328,19.780000686645508,19.780000686645508,290000
2010-07-22,20.100000381469727,20.299999237060547,19.510000228881836,20.15999984741211,20.15999984741211,491500
2010-07-23,20.020000457763672,20.239999771118164,19.610000610351562,20.170000076293945,20.170000076293945,323400
2010-07-26,20.309999465942383,20.690000534057617,20.09000015258789,20.489999771118164,20.489999771118164,463200
2010-07-27,20.65999984741211,20.75,20.229999542236328,20.31999969482422,20.31999969482422,353500
2010-07-28,20.190000534057617,20.43000030517578,19.899999618530273,19.989999771118164,19.989999771118164,337100
2010-07-29,20.100000381469727,20.100000381469727,19.559999465942383,19.719999313354492,19.719999313354492,370700
2010-07-30,19.510000228881836,20.059999465942383,19.510000228881836,19.899999618530273,19.899999618530273,448100
2010-08-02,20.190000534057617,20.43000030517578,19.760000228881836,20.209999084472656,20.209999084472656,420200
2010-08-03,20.06999969482422,20.1200008392334,19.56999969482422,19.639999389648438,19.639999389648438,267900
2010-08-04,19.719999313354492,19.780000686645508,19.399999618530273,19.610000610351562,19.610000610351562,235200
2010-08-05,19.459999084472656,19.600000381469727,19.290000915527344,19.31999969482422,19.31999969482422,180500
2010-08-06,19.110000610351562,19.579999923706055,18.649999618530273,19.530000686645508,19.530000686645508,318100
2010-08-09,19.709999084472656,20.209999084472656,19.530000686645508,20.15999984741211,20.15999984741211,263400
2010-08-10,19.920000076293945,20.010000228881836,19.469999313354492,19.489999771118164,19.489999771118164,211800
2010-08-11,19.079999923706055,19.290000915527344,18.309999465942383,18.360000610351562,18.360000610351562,555800
2010-08-12,18.270000457763672,18.610000610351562,18.25,18.489999771118164,18.489999771118164,634000
2010-08-13,18.489999771118164,18.649999618530273,18.299999237060547,18.329999923706055,18.329999923706055,235300
2010-08-16,18.260000228881836,18.510000228881836,18.219999313354492,18.360000610351562,18.360000610351562,221400
2010-08-17,18.450000762939453,18.93000030517578,18.329999923706055,18.829999923706055,18.829999923706055,219400
2010-08-18,18.760000228881836,19.209999084472656,18.6200008392334,18.790000915527344,18.790000915527344,234100
2010-08-19,18.700000762939453,18.780000686645508,18.329999923706055,18.56999969482422,18.56999969482422,370500
2010-08-20,18.479999542236328,18.799999237060547,18.40999984741211,18.709999084472656,18.709999084472656,231200
2010-08-23,18.790000915527344,18.899999618530273,18.59000015258789,18.59000015258789,18.59000015258789,290400
2010-08-24,18.3799991607666,18.5,18.200000762939453,18.399999618530273,18.399999618530273,312500
2010-08-25,18.309999465942383,18.530000686645508,18.200000762939453,18.3799991607666,18.3799991607666,244800
2010-08-26,18.43000030517578,18.479999542236328,18.020000457763672,18.059999465942383,18.059999465942383,226400
2010-08-27,18.209999084472656,18.6299991607666,17.920000076293945,18.600000381469727,18.600000381469727,261600
2010-08-30,18.469999313354492,18.75,18.200000762939453,18.209999084472656,18.209999084472656,312000
2010-08-31,18.139999389648438,18.440000534057617,17.8799991607666,17.979999542236328,17.979999542236328,382000
2010-09-01,18.329999923706055,18.700000762939453,18.059999465942383,18.579999923706055,18.579999923706055,422400
2010-09-02,18.639999389648438,19.200000762939453,18.579999923706055,19.15999984741211,19.15999984741211,258500
2010-09-03,19.299999237060547,19.479999542236328,19.1200008392334,19.329999923706055,19.329999923706055,322900
2010-09-07,19.200000762939453,19.3799991607666,18.770000457763672,18.81999969482422,18.81999969482422,230900
2010-09-08,18.81999969482422,19.059999465942383,18.6200008392334,18.700000762939453,18.700000762939453,280800
2010-09-09,18.790000915527344,18.969999313354492,18.489999771118164,18.700000762939453,18.700000762939453,312700
2010-09-10,18.700000762939453,18.770000457763672,18.299999237060547,18.489999771118164,18.489999771118164,198700
2010-09-13,18.540000915527344,19.049999237060547,18.420000076293945,19.0,19.0,336700
2010-09-14,18.969999313354492,19.280000686645508,18.770000457763672,19.100000381469727,19.100000381469727,222300
2010-09-15,19.06999969482422,19.290000915527344,18.81999969482422,18.8799991607666,18.8799991607666,278600
2010-09-16,18.850000381469727,18.920000076293945,18.540000915527344,18.6299991607666,18.6299991607666,178900
2010-09-17,18.829999923706055,18.989999771118164,18.469999313354492,18.469999313354492,18.469999313354492,338500
2010-09-20,18.40999984741211,19.049999237060547,18.1299991607666,19.030000686645508,19.030000686645508,252200
2010-09-21,19.010000228881836,19.40999984741211,18.920000076293945,18.93000030517578,18.93000030517578,286300
2010-09-22,18.81999969482422,19.149999618530273,18.530000686645508,18.65999984741211,18.65999984741211,201700
2010-09-23,18.579999923706055,18.799999237060547,18.170000076293945,18.219999313354492,18.219999313354492,200100
2010-09-24,18.540000915527344,19.56999969482422,18.540000915527344,19.56999969482422,19.56999969482422,320500
2010-09-27,19.559999465942383,19.739999771118164,19.34000015258789,19.639999389648438,19.639999389648438,268900
2010-09-28,19.75,19.959999084472656,19.489999771118164,19.920000076293945,19.920000076293945,287500
2010-09-29,19.799999237060547,20.100000381469727,19.799999237060547,19.90999984741211,19.90999984741211,210100
2010-09-30,20.049999237060547,20.219999313354492,19.68000030517578,20.040000915527344,20.040000915527344,342100
2010-10-01,20.15999984741211,20.18000030517578,19.780000686645508,19.84000015258789,19.84000015258789,155400
2010-10-04,19.850000381469727,19.850000381469727,19.25,19.270000457763672,19.270000457763672,195400
2010-10-05,19.520000457763672,20.149999618530273,19.229999542236328,20.1200008392334,20.1200008392334,268700
2010-10-06,20.100000381469727,20.760000228881836,20.049999237060547,20.719999313354492,20.719999313354492,463000
2010-10-07,20.81999969482422,20.899999618530273,20.610000610351562,20.610000610351562,20.610000610351562,247200
2010-10-08,20.600000381469727,21.040000915527344,20.5,21.010000228881836,21.010000228881836,361600
2010-10-11,21.139999389648438,21.329999923706055,20.899999618530273,21.100000381469727,21.100000381469727,342300
2010-10-12,21.110000610351562,21.110000610351562,20.600000381469727,20.780000686645508,20.780000686645508,225300
2010-10-13,20.979999542236328,21.5,20.81999969482422,21.329999923706055,21.329999923706055,309100
2010-10-14,21.40999984741211,21.469999313354492,21.209999084472656,21.399999618530273,21.399999618530273,312600
2010-10-15,21.549999237060547,21.690000534057617,21.139999389648438,21.200000762939453,21.200000762939453,265000
2010-10-18,21.25,21.40999984741211,21.040000915527344,21.399999618530273,21.399999618530273,130700
2010-10-19,21.1200008392334,21.700000762939453,21.100000381469727,21.309999465942383,21.309999465942383,213200
2010-10-20,21.459999084472656,21.950000762939453,21.34000015258789,21.780000686645508,21.780000686645508,249600
2010-10-21,21.829999923706055,21.920000076293945,21.239999771118164,21.559999465942383,21.559999465942383,180000
2010-10-22,21.59000015258789,21.90999984741211,21.389999389648438,21.610000610351562,21.610000610351562,172300
2010-10-25,21.739999771118164,21.950000762939453,21.09000015258789,21.170000076293945,21.170000076293945,290100
2010-10-26,21.0,21.3700008392334,20.850000381469727,21.309999465942383,21.309999465942383,240200
2010-10-27,21.1200008392334,21.3700008392334,20.8799991607666,21.229999542236328,21.229999542236328,134500
2010-10-28,21.440000534057617,21.540000915527344,21.010000228881836,21.15999984741211,21.15999984741211,115800
2010-10-29,21.1299991607666,21.559999465942383,21.1200008392334,21.479999542236328,21.479999542236328,171100
2010-11-01,21.579999923706055,21.829999923706055,20.920000076293945,21.170000076293945,21.170000076293945,331700
2010-11-02,21.329999923706055,21.719999313354492,21.09000015258789,21.3700008392334,21.3700008392334,248700
2010-11-03,21.3700008392334,22.329999923706055,21.309999465942383,22.149999618530273,22.149999618530273,357300
2010-11-04,22.389999389648438,22.729999542236328,22.219999313354492,22.3799991607666,22.3799991607666,524100
2010-11-05,22.899999618530273,24.540000915527344,22.8799991607666,24.469999313354492,24.469999313354492,1183900
2010-11-08,24.610000610351562,25.280000686645508,24.1200008392334,25.020000457763672,25.020000457763672,616300
2010-11-09,25.030000686645508,25.229999542236328,24.850000381469727,24.959999084472656,24.959999084472656,557500
2010-11-10,24.90999984741211,25.649999618530273,24.530000686645508,25.309999465942383,25.309999465942383,386300
2010-11-11,25.040000915527344,25.549999237060547,24.690000534057617,25.510000228881836,25.510000228881836,307100
2010-11-12,25.229999542236328,25.579999923706055,25.18000030517578,25.190000534057617,25.190000534057617,395700
2010-11-15,25.25,25.329999923706055,24.899999618530273,25.190000534057617,25.190000534057617,322200
2010-11-16,24.940000534057617,25.049999237060547,24.3799991607666,25.020000457763672,25.020000457763672,512100
2010-11-17,25.0,25.0,24.260000228881836,24.5,24.5,277000
2010-11-18,24.709999084472656,25.040000915527344,24.43000030517578,24.56999969482422,24.56999969482422,204200
2010-11-19,24.6299991607666,24.700000762939453,24.3700008392334,24.6200008392334,24.6200008392334,165000
2010-11-22,24.600000381469727,24.81999969482422,24.170000076293945,24.719999313354492,24.719999313354492,230800
2010-11-23,24.43000030517578,24.690000534057617,24.280000686645508,24.610000610351562,24.610000610351562,146700
2010-11-24,24.760000228881836,24.950000762939453,24.639999389648438,24.950000762939453,24.950000762939453,151900
2010-11-26,24.8700008392334,26.139999389648438,24.719999313354492,25.899999618530273,25.899999618530273,279400
2010-11-29,25.719999313354492,25.93000030517578,25.15999984741211,25.40999984741211,25.40999984741211,292900
2010-11-30,25.209999084472656,25.479999542236328,25.040000915527344,25.15999984741211,25.15999984741211,363900
2010-12-01,25.649999618530273,26.420000076293945,25.610000610351562,26.260000228881836,26.260000228881836,417900
2010-12-02,26.3700008392334,27.670000076293945,26.100000381469727,27.270000457763672,27.270000457763672,757100
2010-12-03,27.270000457763672,27.299999237060547,26.309999465942383,26.610000610351562,26.610000610351562,399300
2010-12-06,26.600000381469727,27.06999969482422,26.549999237060547,26.75,26.75,491400
2010-12-07,27.059999465942383,27.059999465942383,26.649999618530273,26.799999237060547,26.799999237060547,506400
2010-12-08,26.850000381469727,27.8700008392334,26.799999237060547,27.530000686645508,27.530000686645508,450900
2010-12-09,27.790000915527344,27.790000915527344,27.149999618530273,27.389999389648438,27.389999389648438,260800
2010-12-10,27.3700008392334,27.959999084472656,27.290000915527344,27.760000228881836,27.760000228881836,253000
2010-12-13,27.950000762939453,28.270000457763672,27.729999542236328,27.760000228881836,27.760000228881836,345200
2010-12-14,27.8799991607666,28.06999969482422,27.549999237060547,27.59000015258789,27.59000015258789,210700
2010-12-15,27.59000015258789,27.889999389648438,27.329999923706055,27.459999084472656,27.459999084472656,307900
2010-12-16,27.43000030517578,27.93000030517578,27.100000381469727,27.280000686645508,27.280000686645508,306600
2010-12-17,27.270000457763672,27.969999313354492,26.899999618530273,27.93000030517578,27.93000030517578,953600
2010-12-20,28.0,28.09000015258789,27.260000228881836,27.309999465942383,27.309999465942383,541600
2010-12-21,27.5,28.290000915527344,27.350000381469727,28.280000686645508,28.280000686645508,380500
2010-12-22,28.350000381469727,28.75,28.0,28.010000228881836,28.010000228881836,435000
2010-12-23,28.059999465942383,28.43000030517578,28.0,28.09000015258789,28.09000015258789,235000
2010-12-27,28.209999084472656,28.209999084472656,27.15999984741211,27.540000915527344,27.540000915527344,339100
2010-12-28,27.610000610351562,27.649999618530273,27.399999618530273,27.479999542236328,27.479999542236328,244300
2010-12-29,27.5,27.649999618530273,27.489999771118164,27.559999465942383,27.559999465942383,158000
2010-12-30,27.639999389648438,27.649999618530273,27.350000381469727,27.440000534057617,27.440000534057617,122600
2010-12-31,27.40999984741211,27.510000228881836,27.1299991607666,27.1299991607666,27.1299991607666,246600
2011-01-03,27.540000915527344,28.06999969482422,27.40999984741211,27.90999984741211,27.90999984741211,457200
2011-01-04,28.360000610351562,28.360000610351562,26.969999313354492,27.489999771118164,27.489999771118164,510600
2011-01-05,27.31999969482422,28.079999923706055,27.239999771118164,27.959999084472656,27.959999084472656,272900
2011-01-06,28.1299991607666,28.149999618530273,27.729999542236328,28.06999969482422,28.06999969482422,475800
2011-01-07,28.040000915527344,28.270000457763672,27.540000915527344,27.84000015258789,27.84000015258789,267000
2011-01-10,27.899999618530273,27.899999618530273,27.3700008392334,27.68000030517578,27.68000030517578,333700
2011-01-11,27.889999389648438,28.229999542236328,27.739999771118164,28.06999969482422,28.06999969482422,278800
2011-01-12,28.219999313354492,28.219999313354492,27.770000457763672,27.850000381469727,27.850000381469727,215900
2011-01-13,27.84000015258789,28.6299991607666,27.809999465942383,28.559999465942383,28.559999465942383,366300
2011-01-14,28.6299991607666,29.940000534057617,28.559999465942383,29.6299991607666,29.6299991607666,840300
2011-01-18,29.93000030517578,29.93000030517578,29.110000610351562,29.389999389648438,29.389999389648438,603700
2011-01-19,29.420000076293945,29.6200008392334,28.020000457763672,28.43000030517578,28.43000030517578,617500
2011-01-20,28.030000686645508,28.649999618530273,27.350000381469727,28.520000457763672,28.520000457763672,650100
2011-01-21,29.06999969482422,29.600000381469727,27.860000610351562,28.010000228881836,28.010000228881836,655500
2011-01-24,28.139999389648438,28.280000686645508,26.81999969482422,26.84000015258789,26.84000015258789,916100
2011-01-25,26.739999771118164,26.739999771118164,25.559999465942383,26.559999465942383,26.559999465942383,1059700
2011-01-26,26.700000762939453,28.040000915527344,26.59000015258789,28.040000915527344,28.040000915527344,657100
2011-01-27,27.850000381469727,28.549999237060547,27.510000228881836,28.360000610351562,28.360000610351562,399200
2011-01-28,28.489999771118164,28.559999465942383,27.219999313354492,27.219999313354492,27.219999313354492,407000
2011-01-31,27.3700008392334,27.459999084472656,26.899999618530273,26.899999618530273,26.899999618530273,393400
2011-02-01,26.979999542236328,27.860000610351562,26.979999542236328,27.729999542236328,27.729999542236328,368000
2011-02-02,27.559999465942383,28.049999237060547,27.559999465942383,27.989999771118164,27.989999771118164,257100
2011-02-03,27.920000076293945,27.979999542236328,27.170000076293945,27.479999542236328,27.479999542236328,261700
2011-02-04,27.420000076293945,27.459999084472656,27.110000610351562,27.290000915527344,27.290000915527344,202400
2011-02-07,27.280000686645508,27.959999084472656,27.170000076293945,27.59000015258789,27.59000015258789,207200
2011-02-08,27.65999984741211,28.079999923706055,27.399999618530273,28.079999923706055,28.079999923706055,185800
2011-02-09,27.8700008392334,27.8799991607666,27.399999618530273,27.469999313354492,27.469999313354492,205400
2011-02-10,27.360000610351562,27.700000762939453,27.360000610351562,27.510000228881836,27.510000228881836,164300
2011-02-11,27.34000015258789,28.0,27.34000015258789,27.969999313354492,27.969999313354492,248700
2011-02-14,28.260000228881836,28.479999542236328,27.799999237060547,28.1299991607666,28.1299991607666,266100
2011-02-15,27.889999389648438,28.0,27.459999084472656,27.459999084472656,27.459999084472656,339300
2011-02-16,27.59000015258789,27.8799991607666,27.43000030517578,27.860000610351562,27.860000610351562,179100
2011-02-17,27.690000534057617,28.209999084472656,27.610000610351562,28.1299991607666,28.1299991607666,280600
2011-02-18,28.350000381469727,28.450000762939453,27.940000534057617,27.940000534057617,27.940000534057617,390800
2011-02-22,27.6299991607666,28.110000610351562,27.520000457763672,27.850000381469727,27.850000381469727,359300
2011-02-23,27.969999313354492,28.040000915527344,27.229999542236328,27.389999389648438,27.389999389648438,551700
2011-02-24,27.309999465942383,28.239999771118164,27.200000762939453,28.139999389648438,28.139999389648438,453500
2011-02-25,28.18000030517578,28.719999313354492,28.18000030517578,28.549999237060547,28.549999237060547,274200
2011-02-28,28.670000076293945,29.020000457763672,28.489999771118164,28.68000030517578,28.68000030517578,257800
2011-03-01,28.649999618530273,28.790000915527344,28.309999465942383,28.3700008392334,28.3700008392334,285500
2011-03-02,28.260000228881836,28.989999771118164,28.110000610351562,28.829999923706055,28.829999923706055,226400
2011-03-03,28.989999771118164,29.68000030517578,28.799999237060547,29.389999389648438,29.389999389648438,281200
2011-03-04,29.5,29.68000030517578,28.579999923706055,28.959999084472656,28.959999084472656,236100
2011-03-07,29.1299991607666,29.190000534057617,28.09000015258789,28.43000030517578,28.43000030517578,207500
2011-03-08,28.600000381469727,29.329999923706055,28.3700008392334,29.09000015258789,29.09000015258789,471200
2011-03-09,28.950000762939453,29.190000534057617,28.309999465942383,28.469999313354492,28.469999313354492,276000
2011-03-10,28.059999465942383,28.299999237060547,27.43000030517578,27.649999618530273,27.649999618530273,412600
2011-03-11,27.309999465942383,27.790000915527344,27.15999984741211,27.59000015258789,27.59000015258789,224000
2011-03-14,27.299999237060547,27.760000228881836,26.899999618530273,27.459999084472656,27.459999084472656,225300
2011-03-15,26.540000915527344,27.709999084472656,26.15999984741211,27.3700008392334,27.3700008392334,285300
2011-03-16,27.270000457763672,27.450000762939453,26.90999984741211,26.90999984741211,26.90999984741211,261400
2011-03-17,27.280000686645508,27.420000076293945,26.989999771118164,27.0,27.0,162600
2011-03-18,27.229999542236328,27.59000015258789,27.059999465942383,27.579999923706055,27.579999923706055,260800
2011-03-21,27.8799991607666,29.100000381469727,27.8700008392334,29.079999923706055,29.079999923706055,368200
2011-03-22,29.200000762939453,29.540000915527344,28.90999984741211,28.90999984741211,28.90999984741211,372900
2011-03-23,29.0,30.610000610351562,28.969999313354492,30.190000534057617,30.190000534057617,622000
2011-03-24,30.780000686645508,31.760000228881836,30.459999084472656,30.65999984741211,30.65999984741211,893000
2011-03-25,31.059999465942383,31.799999237060547,30.940000534057617,31.18000030517578,31.18000030517578,637500
2011-03-28,31.440000534057617,31.6200008392334,31.030000686645508,31.31999969482422,31.31999969482422,246800
2011-03-29,31.200000762939453,31.649999618530273,30.93000030517578,31.100000381469727,31.100000381469727,192500
2011-03-30,31.450000762939453,31.739999771118164,31.389999389648438,31.5,31.5,331000
2011-03-31,31.489999771118164,31.600000381469727,31.219999313354492,31.389999389648438,31.389999389648438,252200
2011-04-01,31.56999969482422,31.75,30.84000015258789,31.09000015258789,31.09000015258789,277600
2011-04-04,31.3700008392334,32.130001068115234,31.190000534057617,31.969999313354492,31.969999313354492,322300
2011-04-05,31.959999084472656,32.869998931884766,31.860000610351562,32.61000061035156,32.61000061035156,440500
2011-04-06,32.869998931884766,33.08000183105469,32.02000045776367,32.029998779296875,32.029998779296875,383900
2011-04-07,32.09000015258789,32.5,32.0,32.0099983215332,32.0099983215332,253800
2011-04-08,32.29999923706055,32.33000183105469,29.25,29.34000015258789,29.34000015258789,1094600
2011-04-11,29.139999389648438,29.25,28.5,28.940000534057617,28.940000534057617,835700
2011-04-12,28.6200008392334,29.299999237060547,28.520000457763672,28.979999542236328,28.979999542236328,324400
2011-04-13,29.049999237060547,29.1200008392334,28.030000686645508,28.360000610351562,28.360000610351562,464300
2011-04-14,28.06999969482422,28.520000457763672,28.059999465942383,28.469999313354492,28.469999313354492,249500
2011-04-15,28.31999969482422,29.0,28.110000610351562,28.90999984741211,28.90999984741211,243900
2011-04-18,28.360000610351562,28.709999084472656,28.1299991607666,28.299999237060547,28.299999237060547,318000
2011-04-19,28.290000915527344,29.010000228881836,27.780000686645508,28.989999771118164,28.989999771118164,475700
2011-04-20,29.40999984741211,29.479999542236328,28.799999237060547,29.299999237060547,29.299999237060547,310500
2011-04-21,29.450000762939453,30.010000228881836,29.149999618530273,30.0,30.0,373800
2011-04-25,31.489999771118164,31.889999389648438,30.200000762939453,30.440000534057617,30.440000534057617,570100
2011-04-26,30.670000076293945,30.780000686645508,30.079999923706055,30.260000228881836,30.260000228881836,323800
2011-04-27,30.3700008392334,30.639999389648438,30.049999237060547,30.510000228881836,30.510000228881836,384900
2011-04-28,30.479999542236328,31.0,30.34000015258789,30.940000534057617,30.940000534057617,379700
2011-04-29,31.100000381469727,31.8799991607666,31.100000381469727,31.489999771118164,31.489999771118164,265000
2011-05-02,31.8700008392334,31.8799991607666,31.020000457763672,31.06999969482422,31.06999969482422,286000
2011-05-03,31.020000457763672,31.110000610351562,30.420000076293945,30.670000076293945,30.670000076293945,318000
2011-05-04,30.65999984741211,30.700000762939453,29.540000915527344,29.81999969482422,29.81999969482422,256200
2011-05-05,29.5,30.260000228881836,29.020000457763672,29.65999984741211,29.65999984741211,296600
2011-05-06,30.059999465942383,30.260000228881836,29.559999465942383,29.6200008392334,29.6200008392334,203000
2011-05-09,29.530000686645508,30.600000381469727,29.219999313354492,30.43000030517578,30.43000030517578,237000
2011-05-10,30.670000076293945,31.059999465942383,30.469999313354492,31.049999237060547,31.049999237060547,298600
2011-05-11,30.8700008392334,31.059999465942383,30.200000762939453,30.350000381469727,30.350000381469727,166800
2011-05-12,30.190000534057617,31.170000076293945,30.0,31.09000015258789,31.09000015258789,243300
2011-05-13,31.059999465942383,31.18000030517578,30.1200008392334,30.1299991607666,30.1299991607666,246000
2011-05-16,30.020000457763672,30.649999618530273,29.860000610351562,29.8700008392334,29.8700008392334,217000
2011-05-17,29.549999237060547,30.100000381469727,29.469999313354492,29.809999465942383,29.809999465942383,212500
2011-05-18,29.860000610351562,30.43000030517578,29.739999771118164,30.3799991607666,30.3799991607666,177700
2011-05-19,30.690000534057617,31.219999313354492,30.40999984741211,31.059999465942383,31.059999465942383,340800
2011-05-20,30.809999465942383,31.31999969482422,30.809999465942383,30.959999084472656,30.959999084472656,240300
2011-05-23,30.450000762939453,30.6200008392334,29.90999984741211,30.260000228881836,30.260000228881836,198000
2011-05-24,30.3799991607666,30.530000686645508,29.799999237060547,29.93000030517578,29.93000030517578,225500
2011-05-25,30.0,30.790000915527344,29.780000686645508,30.59000015258789,30.59000015258789,260800
2011-05-26,30.56999969482422,31.100000381469727,30.209999084472656,31.059999465942383,31.059999465942383,259200
2011-05-27,31.1200008392334,31.309999465942383,30.950000762939453,31.209999084472656,31.209999084472656,251200
2011-05-31,31.6299991607666,32.810001373291016,31.579999923706055,32.790000915527344,32.790000915527344,596000
2011-06-01,33.2400016784668,33.310001373291016,31.700000762939453,31.729999542236328,31.729999542236328,708800
2011-06-02,31.459999084472656,32.08000183105469,31.040000915527344,31.809999465942383,31.809999465942383,431900
2011-06-03,31.219999313354492,31.700000762939453,31.040000915527344,31.190000534057617,31.190000534057617,264000
2011-06-06,31.09000015258789,31.149999618530273,30.360000610351562,30.420000076293945,30.420000076293945,393600
2011-06-07,30.59000015258789,31.75,30.170000076293945,31.459999084472656,31.459999084472656,391600
2011-06-08,31.25,32.470001220703125,31.110000610351562,31.75,31.75,626200
2011-06-09,31.959999084472656,32.619998931884766,31.799999237060547,32.22999954223633,32.22999954223633,301300
2011-06-10,31.979999542236328,32.220001220703125,31.079999923706055,31.229999542236328,31.229999542236328,350800
2011-06-13,31.299999237060547,31.690000534057617,31.0,31.18000030517578,31.18000030517578,309400
2011-06-14,31.610000610351562,32.119998931884766,31.18000030517578,31.530000686645508,31.530000686645508,423200
2011-06-15,31.219999313354492,31.780000686645508,30.969999313354492,31.200000762939453,31.200000762939453,329300
2011-06-16,31.200000762939453,31.700000762939453,30.549999237060547,30.829999923706055,30.829999923706055,294200
2011-06-17,31.1200008392334,31.1200008392334,30.219999313354492,30.31999969482422,30.31999969482422,436100
2011-06-20,30.260000228881836,30.979999542236328,30.049999237060547,30.649999618530273,30.649999618530273,514400
2011-06-21,31.0,31.940000534057617,30.709999084472656,31.399999618530273,31.399999618530273,515200
2011-06-22,31.209999084472656,31.809999465942383,31.139999389648438,31.170000076293945,31.170000076293945,190800
2011-06-23,30.899999618530273,31.8700008392334,30.420000076293945,31.8700008392334,31.8700008392334,458200
2011-06-24,31.84000015258789,32.29999923706055,31.639999389648438,32.06999969482422,32.06999969482422,512700
2011-06-27,32.79999923706055,34.439998626708984,32.529998779296875,34.31999969482422,34.31999969482422,969000
2011-06-28,34.68000030517578,35.650001525878906,34.61000061035156,34.9900016784668,34.9900016784668,927200
2011-06-29,35.31999969482422,35.7400016784668,35.0,35.349998474121094,35.349998474121094,510900
2011-06-30,35.5,35.97999954223633,35.41999816894531,35.58000183105469,35.58000183105469,363600
2011-07-01,35.619998931884766,35.95000076293945,35.36000061035156,35.83000183105469,35.83000183105469,488200
2011-07-05,36.099998474121094,37.650001525878906,36.08000183105469,37.08000183105469,37.08000183105469,878100
2011-07-06,38.650001525878906,38.65999984741211,36.689998626708984,37.38999938964844,37.38999938964844,589800
2011-07-07,38.380001068115234,38.43000030517578,37.560001373291016,38.06999969482422,38.06999969482422,563400
2011-07-08,37.40999984741211,37.900001525878906,37.220001220703125,37.619998931884766,37.619998931884766,402200
2011-07-11,37.5,38.060001373291016,36.58000183105469,36.72999954223633,36.72999954223633,594600
2011-07-12,36.470001220703125,37.279998779296875,36.40999984741211,36.63999938964844,36.63999938964844,315900
2011-07-13,36.97999954223633,38.0099983215332,36.849998474121094,37.83000183105469,37.83000183105469,416900
2011-07-14,38.04999923706055,38.5,36.470001220703125,36.54999923706055,36.54999923706055,483800
2011-07-15,36.70000076293945,37.130001068115234,36.2400016784668,36.75,36.75,319500
2011-07-18,36.52000045776367,36.58000183105469,35.560001373291016,36.27000045776367,36.27000045776367,455100
2011-07-19,36.869998931884766,37.380001068115234,36.59000015258789,37.0099983215332,37.0099983215332,371800
2011-07-20,37.5099983215332,37.75,36.52000045776367,37.0,37.0,279100
2011-07-21,36.959999084472656,37.90999984741211,36.619998931884766,37.810001373291016,37.810001373291016,649300
2011-07-22,36.810001373291016,36.88999938964844,33.33000183105469,34.2400016784668,34.2400016784668,2172400
2011-07-25,34.0099983215332,35.27000045776367,33.70000076293945,33.810001373291016,33.810001373291016,829300
2011-07-26,33.7400016784668,33.7400016784668,32.63999938964844,32.7400016784668,32.7400016784668,783000
2011-07-27,32.4900016784668,32.7400016784668,31.610000610351562,32.119998931884766,32.119998931884766,876000
2011-07-28,31.899999618530273,32.709999084472656,31.59000015258789,32.380001068115234,32.380001068115234,604900
2011-07-29,32.20000076293945,33.540000915527344,31.6200008392334,33.279998779296875,33.279998779296875,628200
2011-08-01,33.93000030517578,34.189998626708984,32.29999923706055,32.869998931884766,32.869998931884766,662900
2011-08-02,32.61000061035156,33.20000076293945,31.899999618530273,31.969999313354492,31.969999313354492,577600
2011-08-03,31.760000228881836,32.459999084472656,31.3799991607666,32.040000915527344,32.040000915527344,547100
2011-08-04,31.690000534057617,31.979999542236328,30.809999465942383,30.829999923706055,30.829999923706055,743400
2011-08-05,30.190000534057617,30.68000030517578,28.149999618530273,29.860000610351562,29.860000610351562,1158700
2011-08-08,27.170000076293945,29.15999984741211,27.100000381469727,27.200000762939453,27.200000762939453,1334200
2011-08-09,27.84000015258789,29.6299991607666,27.260000228881836,29.59000015258789,29.59000015258789,881100
2011-08-10,28.899999618530273,29.489999771118164,27.799999237060547,28.270000457763672,28.270000457763672,729600
2011-08-11,28.489999771118164,30.719999313354492,28.34000015258789,30.34000015258789,30.34000015258789,571800
2011-08-12,30.639999389648438,31.829999923706055,30.360000610351562,31.31999969482422,31.31999969482422,623200
2011-08-15,31.540000915527344,32.689998626708984,31.329999923706055,32.029998779296875,32.029998779296875,529200
2011-08-16,31.329999923706055,31.950000762939453,31.0,31.56999969482422,31.56999969482422,422000
2011-08-17,31.940000534057617,32.599998474121094,31.649999618530273,31.860000610351562,31.860000610351562,376500
2011-08-18,30.850000381469727,30.90999984741211,29.399999618530273,29.6299991607666,29.6299991607666,477700
2011-08-19,29.010000228881836,30.56999969482422,28.8799991607666,29.520000457763672,29.520000457763672,481800
2011-08-22,30.489999771118164,31.0,29.3700008392334,29.8799991607666,29.8799991607666,493600
2011-08-23,30.139999389648438,32.130001068115234,29.940000534057617,32.029998779296875,32.029998779296875,541900
2011-08-24,31.850000381469727,33.09000015258789,31.68000030517578,32.5099983215332,32.5099983215332,480200
2011-08-25,32.790000915527344,32.95000076293945,31.43000030517578,31.68000030517578,31.68000030517578,385500
2011-08-26,31.479999542236328,32.689998626708984,30.8799991607666,32.439998626708984,32.439998626708984,255100
2011-08-29,33.0,34.11000061035156,32.77000045776367,34.060001373291016,34.060001373291016,557700
2011-08-30,33.79999923706055,34.099998474121094,33.25,33.880001068115234,33.880001068115234,670200
2011-08-31,34.11000061035156,34.40999984741211,33.11000061035156,33.54999923706055,33.54999923706055,567700
2011-09-01,33.599998474121094,34.18000030517578,32.310001373291016,32.5099983215332,32.5099983215332,593200
2011-09-02,31.809999465942383,32.5099983215332,31.5,31.649999618530273,31.649999618530273,362700
2011-09-06,30.6299991607666,33.08000183105469,30.239999771118164,33.0,33.0,604500
2011-09-07,33.7400016784668,33.790000915527344,33.06999969482422,33.4900016784668,33.4900016784668,599200
2011-09-08,33.310001373291016,33.66999816894531,32.900001525878906,33.08000183105469,33.08000183105469,409400
2011-09-09,32.70000076293945,33.0,31.950000762939453,32.22999954223633,32.22999954223633,456700
2011-09-12,31.729999542236328,32.70000076293945,31.34000015258789,32.11000061035156,32.11000061035156,270100
2011-09-13,32.2599983215332,32.650001525878906,32.099998474121094,32.540000915527344,32.540000915527344,342200
2011-09-14,32.75,33.5099983215332,32.02000045776367,33.189998626708984,33.189998626708984,510900
2011-09-15,33.5,33.5,32.459999084472656,33.02000045776367,33.02000045776367,358500
2011-09-16,33.2599983215332,33.45000076293945,32.75,33.13999938964844,33.13999938964844,1283800
2011-09-19,32.58000183105469,33.83000183105469,32.0099983215332,33.40999984741211,33.40999984741211,683600
2011-09-20,33.75,33.93000030517578,32.70000076293945,32.75,32.75,550400
2011-09-21,32.709999084472656,33.7400016784668,32.45000076293945,32.5,32.5,669100
2011-09-22,31.389999389648438,32.06999969482422,30.5,31.290000915527344,31.290000915527344,756500
2011-09-23,30.940000534057617,31.469999313354492,29.3799991607666,29.760000228881836,29.760000228881836,737300
2011-09-26,29.93000030517578,30.18000030517578,28.760000228881836,29.829999923706055,29.829999923706055,581800
2011-09-27,30.459999084472656,30.510000228881836,29.5,29.8700008392334,29.8700008392334,460100
2011-09-28,29.8799991607666,30.059999465942383,28.15999984741211,28.190000534057617,28.190000534057617,661300
2011-09-29,28.829999923706055,29.149999618530273,28.25,29.09000015258789,29.09000015258789,374500
2011-09-30,28.520000457763672,29.260000228881836,28.270000457763672,28.540000915527344,28.540000915527344,396400
2011-10-03,28.299999237060547,28.969999313354492,27.079999923706055,27.1299991607666,27.1299991607666,660300
2011-10-04,27.0,29.450000762939453,27.0,29.329999923706055,29.329999923706055,664800
2011-10-05,29.290000915527344,29.649999618530273,28.780000686645508,29.399999618530273,29.399999618530273,351500
2011-10-06,29.389999389648438,30.399999618530273,29.059999465942383,30.34000015258789,30.34000015258789,425300
2011-10-07,30.459999084472656,30.469999313354492,29.299999237060547,29.3799991607666,29.3799991607666,258600
2011-10-10,29.8799991607666,30.5,29.649999618530273,30.459999084472656,30.459999084472656,318500
2011-10-11,30.100000381469727,30.59000015258789,29.75,30.290000915527344,30.290000915527344,273000
2011-10-12,30.610000610351562,31.040000915527344,30.15999984741211,30.799999237060547,30.799999237060547,524800
2011-10-13,30.389999389648438,30.729999542236328,29.049999237060547,29.299999237060547,29.299999237060547,600100
2011-10-14,29.649999618530273,30.110000610351562,28.059999465942383,28.850000381469727,28.850000381469727,916300
2011-10-17,28.56999969482422,28.940000534057617,27.40999984741211,27.649999618530273,27.649999618530273,931500
2011-10-18,27.65999984741211,28.350000381469727,27.270000457763672,28.209999084472656,28.209999084472656,647500
2011-10-19,28.06999969482422,28.420000076293945,26.770000457763672,26.969999313354492,26.969999313354492,594700
2011-10-20,27.0,27.610000610351562,26.399999618530273,27.209999084472656,27.209999084472656,542100
2011-10-21,27.25,27.25,25.299999237060547,25.56999969482422,25.56999969482422,1604500
2011-10-24,25.579999923706055,26.65999984741211,25.56999969482422,26.59000015258789,26.59000015258789,925200
2011-10-25,26.450000762939453,26.950000762939453,25.709999084472656,25.84000015258789,25.84000015258789,524300
2011-10-26,26.200000762939453,26.559999465942383,25.81999969482422,26.440000534057617,26.440000534057617,434900
2011-10-27,27.40999984741211,27.850000381469727,27.260000228881836,27.670000076293945,27.670000076293945,730300
2011-10-28,27.670000076293945,27.989999771118164,27.399999618530273,27.530000686645508,27.530000686645508,345400
2011-10-31,27.09000015258789,28.0,26.709999084472656,27.780000686645508,27.780000686645508,490200
2011-11-01,26.799999237060547,27.200000762939453,26.110000610351562,26.209999084472656,26.209999084472656,617800
2011-11-02,26.639999389648438,27.200000762939453,26.280000686645508,27.1200008392334,27.1200008392334,374000
2011-11-03,27.450000762939453,28.190000534057617,26.940000534057617,27.940000534057617,27.940000534057617,284300
2011-11-04,27.700000762939453,28.34000015258789,27.549999237060547,28.1299991607666,28.1299991607666,311900
2011-11-07,27.950000762939453,28.75,27.600000381469727,27.790000915527344,27.790000915527344,494400
2011-11-08,27.899999618530273,28.709999084472656,27.299999237060547,28.420000076293945,28.420000076293945,770800
2011-11-09,29.0,30.0,28.59000015258789,29.030000686645508,29.030000686645508,1032500
2011-11-10,29.860000610351562,29.8700008392334,28.799999237060547,29.229999542236328,29.229999542236328,405600
2011-11-11,29.479999542236328,29.950000762939453,29.420000076293945,29.780000686645508,29.780000686645508,302500
2011-11-14,29.950000762939453,29.969999313354492,29.0,29.260000228881836,29.260000228881836,332700
2011-11-15,29.100000381469727,29.899999618530273,28.920000076293945,29.6200008392334,29.6200008392334,292000
2011-11-16,29.290000915527344,29.579999923706055,28.760000228881836,28.790000915527344,28.790000915527344,378700
2011-11-17,28.6299991607666,28.809999465942383,27.520000457763672,27.850000381469727,27.850000381469727,491700
2011-11-18,27.950000762939453,28.260000228881836,27.139999389648438,27.440000534057617,27.440000534057617,451200
2011-11-21,26.90999984741211,26.959999084472656,26.469999313354492,26.770000457763672,26.770000457763672,505200
2011-11-22,26.799999237060547,27.700000762939453,26.780000686645508,27.299999237060547,27.299999237060547,324900
2011-11-23,27.139999389648438,27.530000686645508,26.950000762939453,27.290000915527344,27.290000915527344,480700
2011-11-25,27.190000534057617,27.219999313354492,26.43000030517578,26.489999771118164,26.489999771118164,149900
2011-11-28,27.25,27.68000030517578,27.040000915527344,27.649999618530273,27.649999618530273,313800
2011-11-29,27.84000015258789,27.84000015258789,27.059999465942383,27.649999618530273,27.649999618530273,337600
2011-11-30,28.06999969482422,29.09000015258789,28.030000686645508,29.09000015258789,29.09000015258789,535100
2011-12-01,28.920000076293945,29.700000762939453,28.579999923706055,29.209999084472656,29.209999084472656,251800
2011-12-02,29.549999237060547,29.670000076293945,28.440000534057617,28.59000015258789,28.59000015258789,288700
2011-12-05,29.010000228881836,29.34000015258789,28.56999969482422,29.270000457763672,29.270000457763672,365100
2011-12-06,29.239999771118164,29.239999771118164,28.6299991607666,28.770000457763672,28.770000457763672,256700
2011-12-07,28.690000534057617,29.079999923706055,28.260000228881836,28.969999313354492,28.969999313354492,650800
2011-12-08,28.68000030517578,28.90999984741211,27.770000457763672,27.790000915527344,27.790000915527344,373500
2011-12-09,28.1200008392334,29.360000610351562,27.989999771118164,29.18000030517578,29.18000030517578,409600
2011-12-12,28.850000381469727,28.850000381469727,28.329999923706055,28.639999389648438,28.639999389648438,368400
2011-12-13,29.170000076293945,29.209999084472656,28.399999618530273,28.540000915527344,28.540000915527344,387800
2011-12-14,28.389999389648438,28.389999389648438,26.860000610351562,26.920000076293945,26.920000076293945,596700
2011-12-15,27.34000015258789,27.3700008392334,26.309999465942383,26.40999984741211,26.40999984741211,598400
2011-12-16,26.56999969482422,26.889999389648438,26.200000762939453,26.510000228881836,26.510000228881836,679000
2011-12-19,26.6200008392334,26.799999237060547,25.690000534057617,25.75,25.75,389400
2011-12-20,26.229999542236328,26.350000381469727,26.09000015258789,26.229999542236328,26.229999542236328,377400
2011-12-21,26.729999542236328,26.739999771118164,25.5,26.100000381469727,26.100000381469727,637700
2011-12-22,26.239999771118164,26.75,26.170000076293945,26.690000534057617,26.690000534057617,334200
2011-12-23,26.770000457763672,27.09000015258789,26.6299991607666,26.979999542236328,26.979999542236328,174600
2011-12-27,26.989999771118164,27.65999984741211,26.770000457763672,27.43000030517578,27.43000030517578,307600
2011-12-28,27.479999542236328,27.489999771118164,26.530000686645508,26.579999923706055,26.579999923706055,255600
2011-12-29,26.579999923706055,27.09000015258789,26.5,26.920000076293945,26.920000076293945,216700
2011-12-30,26.920000076293945,26.950000762939453,26.360000610351562,26.3700008392334,26.3700008392334,352300
2012-01-03,27.09000015258789,27.719999313354492,27.09000015258789,27.18000030517578,27.18000030517578,492800
2012-01-04,27.1200008392334,27.219999313354492,25.719999313354492,25.950000762939453,25.950000762939453,744100
2012-01-05,25.989999771118164,26.299999237060547,25.329999923706055,26.190000534057617,26.190000534057617,682600
2012-01-06,26.100000381469727,26.540000915527344,25.479999542236328,25.829999923706055,25.829999923706055,790900
2012-01-09,25.84000015258789,26.600000381469727,25.75,26.299999237060547,26.299999237060547,461100
2012-01-10,26.530000686645508,27.0,26.34000015258789,26.579999923706055,26.579999923706055,465300
2012-01-11,26.420000076293945,26.739999771118164,26.3799991607666,26.520000457763672,26.520000457763672,301100
2012-01-12,26.540000915527344,26.790000915527344,26.389999389648438,26.729999542236328,26.729999542236328,282700
2012-01-13,26.489999771118164,27.350000381469727,26.469999313354492,27.299999237060547,27.299999237060547,407500
2012-01-17,27.309999465942383,27.489999771118164,27.010000228881836,27.049999237060547,27.049999237060547,403300
2012-01-18,26.81999969482422,26.84000015258789,26.520000457763672,26.799999237060547,26.799999237060547,614400
2012-01-19,26.860000610351562,27.399999618530273,26.68000030517578,27.15999984741211,27.15999984741211,612800
2012-01-20,26.5,26.809999465942383,25.760000228881836,26.690000534057617,26.690000534057617,987300
2012-01-23,26.780000686645508,27.079999923706055,26.360000610351562,26.979999542236328,26.979999542236328,435300
2012-01-24,26.770000457763672,27.020000457763672,26.68000030517578,27.0,27.0,311300
2012-01-25,27.020000457763672,27.020000457763672,26.600000381469727,26.75,26.75,652500
2012-01-26,26.790000915527344,27.229999542236328,26.6200008392334,27.139999389648438,27.139999389648438,438700
2012-01-27,27.010000228881836,27.479999542236328,27.0,27.420000076293945,27.420000076293945,241200
2012-01-30,27.0,27.389999389648438,26.600000381469727,26.899999618530273,26.899999618530273,385300
2012-01-31,27.170000076293945,27.209999084472656,26.700000762939453,26.81999969482422,26.81999969482422,297600
2012-02-01,27.010000228881836,28.799999237060547,26.799999237060547,28.709999084472656,28.709999084472656,880000
2012-02-02,28.950000762939453,29.209999084472656,28.389999389648438,29.059999465942383,29.059999465942383,605100
2012-02-03,29.540000915527344,29.6299991607666,29.219999313354492,29.579999923706055,29.579999923706055,489500
2012-02-06,29.739999771118164,29.989999771118164,29.149999618530273,29.950000762939453,29.950000762939453,484000
2012-02-07,29.760000228881836,30.020000457763672,29.739999771118164,29.920000076293945,29.920000076293945,409800
2012-02-08,29.899999618530273,29.979999542236328,29.479999542236328,29.829999923706055,29.829999923706055,332400
2012-02-09,29.81999969482422,30.0,29.549999237060547,29.899999618530273,29.899999618530273,367900
2012-02-10,29.5,30.0,29.34000015258789,29.899999618530273,29.899999618530273,331400
2012-02-13,30.0,30.280000686645508,29.899999618530273,30.1200008392334,30.1200008392334,363600
2012-02-14,29.989999771118164,30.31999969482422,29.75,30.1200008392334,30.1200008392334,293600
2012-02-15,30.219999313354492,30.420000076293945,30.0,30.3700008392334,30.3700008392334,420200
2012-02-16,30.739999771118164,31.360000610351562,30.56999969482422,31.15999984741211,31.15999984741211,420200
2012-02-17,31.31999969482422,31.329999923706055,30.8700008392334,30.940000534057617,30.940000534057617,220800
2012-02-21,30.809999465942383,31.450000762939453,30.739999771118164,31.209999084472656,31.209999084472656,333800
2012-02-22,31.059999465942383,31.239999771118164,30.889999389648438,31.010000228881836,31.010000228881836,288800
2012-02-23,30.979999542236328,31.219999313354492,30.760000228881836,31.040000915527344,31.040000915527344,273400
2012-02-24,31.049999237060547,31.200000762939453,30.8700008392334,31.1200008392334,31.1200008392334,194900
2012-02-27,30.8799991607666,31.100000381469727,30.59000015258789,31.049999237060547,31.049999237060547,197900
2012-02-28,31.010000228881836,31.59000015258789,31.0,31.530000686645508,31.530000686645508,283300
2012-02-29,31.639999389648438,31.729999542236328,31.399999618530273,31.5,31.5,563700
2012-03-01,31.530000686645508,31.850000381469727,31.139999389648438,31.459999084472656,31.459999084472656,359900
2012-03-02,31.329999923706055,31.729999542236328,31.260000228881836,31.350000381469727,31.350000381469727,364400
2012-03-05,31.18000030517578,31.18000030517578,30.809999465942383,30.950000762939453,30.950000762939453,280800
2012-03-06,30.5,30.8700008392334,29.59000015258789,29.8799991607666,29.8799991607666,507800
2012-03-07,29.8700008392334,30.469999313354492,29.8700008392334,30.079999923706055,30.079999923706055,226100
2012-03-08,30.309999465942383,30.6299991607666,29.959999084472656,30.600000381469727,30.600000381469727,216700
2012-03-09,30.709999084472656,31.510000228881836,30.5,31.3700008392334,31.3700008392334,191100
2012-03-12,31.3700008392334,31.75,31.110000610351562,31.56999969482422,31.56999969482422,208700
2012-03-13,31.850000381469727,32.02000045776367,31.329999923706055,32.0,32.0,271500
2012-03-14,31.950000762939453,32.029998779296875,31.5,31.639999389648438,31.639999389648438,205300
2012-03-15,31.790000915527344,31.790000915527344,31.350000381469727,31.530000686645508,31.530000686645508,207800
2012-03-16,31.540000915527344,31.56999969482422,31.040000915527344,31.059999465942383,31.059999465942383,316500
2012-03-19,31.059999465942383,32.33000183105469,31.0,32.15999984741211,32.15999984741211,532900
2012-03-20,32.0,32.150001525878906,31.530000686645508,31.760000228881836,31.760000228881836,412100
2012-03-21,31.889999389648438,32.04999923706055,31.56999969482422,31.799999237060547,31.799999237060547,311900
2012-03-22,31.510000228881836,32.0,31.399999618530273,31.979999542236328,31.979999542236328,230300
2012-03-23,31.860000610351562,32.400001525878906,31.860000610351562,32.2400016784668,32.2400016784668,193700
2012-03-26,32.52000045776367,32.95000076293945,32.43000030517578,32.91999816894531,32.91999816894531,274300
2012-03-27,32.790000915527344,33.0,32.5099983215332,32.70000076293945,32.70000076293945,287800
2012-03-28,32.61000061035156,32.970001220703125,32.38999938964844,32.54999923706055,32.54999923706055,252700
2012-03-29,32.349998474121094,32.65999984741211,32.0,32.54999923706055,32.54999923706055,177500
2012-03-30,32.86000061035156,32.86000061035156,32.15999984741211,32.459999084472656,32.459999084472656,305200
2012-04-02,32.34000015258789,33.380001068115234,32.18000030517578,33.209999084472656,33.209999084472656,272500
2012-04-03,33.27000045776367,33.27000045776367,32.59000015258789,32.79999923706055,32.79999923706055,156500
2012-04-04,32.56999969482422,32.56999969482422,31.940000534057617,31.959999084472656,31.959999084472656,263000
2012-04-05,31.889999389648438,32.040000915527344,31.540000915527344,31.75,31.75,141900
2012-04-09,31.049999237060547,31.329999923706055,30.56999969482422,31.1299991607666,31.1299991607666,185800
2012-04-10,31.010000228881836,31.1200008392334,30.329999923706055,30.389999389648438,30.389999389648438,277900
2012-04-11,30.690000534057617,30.959999084472656,29.93000030517578,30.200000762939453,30.200000762939453,492800
2012-04-12,30.200000762939453,30.889999389648438,30.18000030517578,30.75,30.75,207100
2012-04-13,30.610000610351562,31.200000762939453,30.610000610351562,30.739999771118164,30.739999771118164,201700
2012-04-16,30.989999771118164,31.59000015258789,30.8799991607666,31.18000030517578,31.18000030517578,274900
2012-04-17,31.399999618530273,31.8700008392334,31.010000228881836,31.450000762939453,31.450000762939453,365600
2012-04-18,31.389999389648438,31.389999389648438,30.84000015258789,30.920000076293945,30.920000076293945,298300
2012-04-19,30.829999923706055,31.280000686645508,30.110000610351562,30.34000015258789,30.34000015258789,524500
2012-04-20,28.3799991607666,28.610000610351562,25.459999084472656,26.209999084472656,26.209999084472656,3670600
2012-04-23,26.010000228881836,26.149999618530273,25.5,25.770000457763672,25.770000457763672,923200
2012-04-24,25.8700008392334,26.520000457763672,25.6200008392334,26.329999923706055,26.329999923706055,718000
2012-04-25,26.639999389648438,27.110000610351562,26.600000381469727,26.940000534057617,26.940000534057617,567400
2012-04-26,26.899999618530273,27.219999313354492,26.899999618530273,27.100000381469727,27.100000381469727,501600
2012-04-27,27.200000762939453,27.40999984741211,26.940000534057617,27.110000610351562,27.110000610351562,451000
2012-04-30,26.700000762939453,27.06999969482422,26.5,26.790000915527344,26.790000915527344,613300
2012-05-01,26.850000381469727,27.270000457763672,26.739999771118164,26.899999618530273,26.899999618530273,474000
2012-05-02,26.600000381469727,26.920000076293945,26.100000381469727,26.5,26.5,291200
2012-05-03,26.469999313354492,26.469999313354492,25.8700008392334,25.969999313354492,25.969999313354492,178600
2012-05-04,25.860000610351562,25.93000030517578,25.3799991607666,25.43000030517578,25.43000030517578,265500
2012-05-07,25.360000610351562,25.90999984741211,25.260000228881836,25.31999969482422,25.31999969482422,322400
2012-05-08,25.209999084472656,25.350000381469727,24.65999984741211,24.989999771118164,24.989999771118164,432300
2012-05-09,25.010000228881836,25.3700008392334,24.780000686645508,24.850000381469727,24.850000381469727,408900
2012-05-10,25.09000015258789,25.510000228881836,24.889999389648438,25.100000381469727,25.100000381469727,208000
2012-05-11,24.959999084472656,25.329999923706055,24.90999984741211,25.209999084472656,25.209999084472656,336800
2012-05-14,24.950000762939453,25.219999313354492,24.729999542236328,24.729999542236328,24.729999542236328,522200
2012-05-15,24.790000915527344,25.110000610351562,24.530000686645508,24.6299991607666,24.6299991607666,292000
2012-05-16,24.729999542236328,24.81999969482422,24.15999984741211,24.190000534057617,24.190000534057617,307500
2012-05-17,24.200000762939453,24.209999084472656,23.760000228881836,23.8799991607666,23.8799991607666,377500
2012-05-18,23.8700008392334,24.110000610351562,23.729999542236328,23.770000457763672,23.770000457763672,548000
2012-05-21,23.920000076293945,23.969999313354492,23.770000457763672,23.889999389648438,23.889999389648438,328200
2012-05-22,23.899999618530273,24.280000686645508,23.81999969482422,23.950000762939453,23.950000762939453,348500
2012-05-23,23.770000457763672,23.8799991607666,23.059999465942383,23.829999923706055,23.829999923706055,359000
2012-05-24,23.809999465942383,24.0,23.600000381469727,23.940000534057617,23.940000534057617,221700
2012-05-25,24.0,24.139999389648438,23.799999237060547,24.079999923706055,24.079999923706055,224600
2012-05-29,24.25,24.969999313354492,24.149999618530273,24.399999618530273,24.399999618530273,191300
2012-05-30,24.209999084472656,24.3700008392334,23.770000457763672,23.799999237060547,23.799999237060547,241500
2012-05-31,23.760000228881836,23.920000076293945,23.299999237060547,23.600000381469727,23.600000381469727,325400
2012-06-01,22.889999389648438,23.440000534057617,22.360000610351562,22.399999618530273,22.399999618530273,635000
2012-06-04,22.440000534057617,22.600000381469727,21.90999984741211,22.34000015258789,22.34000015258789,333900
2012-06-05,22.309999465942383,22.8700008392334,22.209999084472656,22.639999389648438,22.639999389648438,250600
2012-06-06,22.799999237060547,23.020000457763672,22.56999969482422,22.860000610351562,22.860000610351562,329400
2012-06-07,23.15999984741211,23.15999984741211,22.68000030517578,22.709999084472656,22.709999084472656,330900
2012-06-08,22.639999389648438,22.799999237060547,22.3799991607666,22.700000762939453,22.700000762939453,192700
2012-06-11,22.860000610351562,22.860000610351562,22.040000915527344,22.059999465942383,22.059999465942383,393300
2012-06-12,22.239999771118164,22.6200008392334,22.06999969482422,22.610000610351562,22.610000610351562,342100
2012-06-13,22.600000381469727,22.84000015258789,22.360000610351562,22.399999618530273,22.399999618530273,317100
2012-06-14,22.3799991607666,22.8799991607666,22.25,22.3700008392334,22.3700008392334,296900
2012-06-15,22.290000915527344,22.510000228881836,22.200000762939453,22.5,22.5,419400
2012-06-18,22.31999969482422,22.56999969482422,22.139999389648438,22.219999313354492,22.219999313354492,216000
2012-06-19,22.350000381469727,23.059999465942383,22.260000228881836,22.719999313354492,22.719999313354492,302200
2012-06-20,22.65999984741211,22.790000915527344,22.420000076293945,22.68000030517578,22.68000030517578,232900
2012-06-21,22.6299991607666,22.899999618530273,22.110000610351562,22.420000076293945,22.420000076293945,312500
2012-06-22,22.510000228881836,22.649999618530273,22.280000686645508,22.3799991607666,22.3799991607666,871300
2012-06-25,22.100000381469727,22.360000610351562,22.100000381469727,22.270000457763672,22.270000457763672,204600
2012-06-26,22.309999465942383,22.3799991607666,22.020000457763672,22.239999771118164,22.239999771118164,127500
2012-06-27,22.31999969482422,22.940000534057617,22.31999969482422,22.850000381469727,22.850000381469727,237800
2012-06-28,22.719999313354492,22.799999237060547,22.399999618530273,22.799999237060547,22.799999237060547,128800
2012-06-29,23.290000915527344,23.469999313354492,23.100000381469727,23.459999084472656,23.459999084472656,336400
2012-07-02,23.469999313354492,23.510000228881836,22.729999542236328,23.3799991607666,23.3799991607666,500300
2012-07-03,23.469999313354492,24.149999618530273,23.43000030517578,24.149999618530273,24.149999618530273,200100
2012-07-05,24.030000686645508,24.170000076293945,23.829999923706055,23.850000381469727,23.850000381469727,795200
2012-07-06,23.559999465942383,23.729999542236328,23.489999771118164,23.549999237060547,23.549999237060547,131300
2012-07-09,23.459999084472656,23.690000534057617,23.309999465942383,23.600000381469727,23.600000381469727,313000
2012-07-10,23.84000015258789,23.84000015258789,23.290000915527344,23.3700008392334,23.3700008392334,285400
2012-07-11,23.34000015258789,23.489999771118164,23.049999237060547,23.40999984741211,23.40999984741211,306800
2012-07-12,23.260000228881836,23.559999465942383,23.100000381469727,23.459999084472656,23.459999084472656,213000
2012-07-13,23.510000228881836,24.1299991607666,23.420000076293945,24.030000686645508,24.030000686645508,271400
2012-07-16,24.1299991607666,24.469999313354492,23.940000534057617,24.350000381469727,24.350000381469727,314300
2012-07-17,24.440000534057617,24.65999984741211,24.209999084472656,24.489999771118164,24.489999771118164,236100
2012-07-18,24.510000228881836,25.3700008392334,24.459999084472656,25.290000915527344,25.290000915527344,320600
2012-07-19,25.34000015258789,25.43000030517578,25.06999969482422,25.1299991607666,25.1299991607666,453000
2012-07-20,24.90999984741211,24.979999542236328,24.540000915527344,24.75,24.75,559200
2012-07-23,24.450000762939453,24.510000228881836,23.860000610351562,24.299999237060547,24.299999237060547,235200
2012-07-24,24.469999313354492,24.469999313354492,23.25,23.729999542236328,23.729999542236328,335600
2012-07-25,22.56999969482422,23.149999618530273,22.190000534057617,22.790000915527344,22.790000915527344,1312700
2012-07-26,22.899999618530273,23.059999465942383,21.979999542236328,22.110000610351562,22.110000610351562,753600
2012-07-27,22.15999984741211,22.639999389648438,22.010000228881836,22.520000457763672,22.520000457763672,334600
2012-07-30,22.3799991607666,22.600000381469727,22.25,22.520000457763672,22.520000457763672,239600
2012-07-31,22.510000228881836,22.799999237060547,22.43000030517578,22.5,22.5,260800
2012-08-01,22.559999465942383,22.770000457763672,21.81999969482422,21.829999923706055,21.829999923706055,261500
2012-08-02,21.719999313354492,22.030000686645508,21.389999389648438,21.899999618530273,21.899999618530273,241300
2012-08-03,22.139999389648438,22.6299991607666,22.059999465942383,22.489999771118164,22.489999771118164,137400
2012-08-06,22.40999984741211,22.809999465942383,22.350000381469727,22.530000686645508,22.530000686645508,122600
2012-08-07,22.600000381469727,23.209999084472656,22.520000457763672,23.020000457763672,23.020000457763672,191100
2012-08-08,23.0,23.360000610351562,22.81999969482422,23.1299991607666,23.1299991607666,172400
2012-08-09,23.020000457763672,23.389999389648438,22.809999465942383,23.010000228881836,23.010000228881836,136800
2012-08-10,23.0,23.200000762939453,22.75,23.1299991607666,23.1299991607666,205000
2012-08-13,23.020000457763672,23.15999984741211,22.68000030517578,23.020000457763672,23.020000457763672,167100
2012-08-14,23.170000076293945,23.219999313354492,22.549999237060547,22.639999389648438,22.639999389648438,247600
2012-08-15,22.68000030517578,23.190000534057617,22.530000686645508,23.100000381469727,23.100000381469727,173100
2012-08-16,23.1200008392334,23.459999084472656,22.950000762939453,23.350000381469727,23.350000381469727,206400
2012-08-17,23.270000457763672,23.489999771118164,23.110000610351562,23.399999618530273,23.399999618530273,147900
2012-08-20,23.350000381469727,23.389999389648438,22.729999542236328,22.920000076293945,22.920000076293945,221400
2012-08-21,23.059999465942383,23.639999389648438,23.040000915527344,23.329999923706055,23.329999923706055,187800
2012-08-22,23.260000228881836,23.420000076293945,22.969999313354492,23.170000076293945,23.170000076293945,110400
2012-08-23,23.040000915527344,23.170000076293945,22.770000457763672,22.790000915527344,22.790000915527344,146100
2012-08-24,22.700000762939453,23.420000076293945,22.670000076293945,23.149999618530273,23.149999618530273,176200
2012-08-27,23.190000534057617,23.309999465942383,22.920000076293945,23.049999237060547,23.049999237060547,142800
2012-08-28,23.139999389648438,23.40999984741211,23.049999237060547,23.25,23.25,209100
2012-08-29,23.229999542236328,23.360000610351562,23.0,23.309999465942383,23.309999465942383,172900
2012-08-30,23.139999389648438,23.15999984741211,22.690000534057617,22.709999084472656,22.709999084472656,141800
2012-08-31,22.920000076293945,22.979999542236328,22.5,22.649999618530273,22.649999618530273,242600
2012-09-04,22.610000610351562,23.110000610351562,22.299999237060547,22.979999542236328,22.979999542236328,229200
2012-09-05,22.940000534057617,22.940000534057617,22.219999313354492,22.43000030517578,22.43000030517578,213700
2012-09-06,22.549999237060547,23.209999084472656,22.459999084472656,22.829999923706055,22.829999923706055,202700
2012-09-07,22.969999313354492,23.450000762939453,22.729999542236328,23.440000534057617,23.440000534057617,284100
2012-09-10,23.440000534057617,24.280000686645508,23.440000534057617,24.1299991607666,24.1299991607666,258800
2012-09-11,24.059999465942383,24.209999084472656,23.760000228881836,23.8799991607666,23.8799991607666,141300
2012-09-12,23.90999984741211,24.170000076293945,23.6200008392334,23.770000457763672,23.770000457763672,114000
2012-09-13,23.809999465942383,24.5,23.489999771118164,24.389999389648438,24.389999389648438,255500
2012-09-14,24.0,24.979999542236328,23.860000610351562,24.899999618530273,24.899999618530273,359300
2012-09-17,24.829999923706055,24.889999389648438,24.110000610351562,24.309999465942383,24.309999465942383,244500
2012-09-18,24.350000381469727,24.350000381469727,24.0,24.18000030517578,24.18000030517578,141400
2012-09-19,24.3799991607666,24.3799991607666,23.8700008392334,24.200000762939453,24.200000762939453,149100
2012-09-20,24.1200008392334,24.6299991607666,24.110000610351562,24.520000457763672,24.520000457763672,152400
2012-09-21,24.860000610351562,24.93000030517578,24.459999084472656,24.520000457763672,24.520000457763672,532100
2012-09-24,24.350000381469727,24.350000381469727,24.040000915527344,24.200000762939453,24.200000762939453,157300
2012-09-25,24.25,24.280000686645508,23.200000762939453,23.229999542236328,23.229999542236328,243500
2012-09-26,23.209999084472656,23.209999084472656,22.290000915527344,22.389999389648438,22.389999389648438,268000
2012-09-27,22.5,23.079999923706055,22.31999969482422,23.079999923706055,23.079999923706055,187400
2012-09-28,22.950000762939453,23.049999237060547,22.829999923706055,22.93000030517578,22.93000030517578,174000
2012-10-01,23.149999618530273,23.25,22.959999084472656,23.1299991607666,23.1299991607666,186500
2012-10-02,23.25,23.31999969482422,23.0,23.219999313354492,23.219999313354492,241100
2012-10-03,23.25,23.450000762939453,22.600000381469727,22.770000457763672,22.770000457763672,202600
2012-10-04,22.81999969482422,22.979999542236328,22.43000030517578,22.709999084472656,22.709999084472656,271000
2012-10-05,22.760000228881836,22.899999618530273,21.780000686645508,21.90999984741211,21.90999984741211,462400
2012-10-08,21.850000381469727,21.850000381469727,19.719999313354492,20.389999389648438,20.389999389648438,1870100
2012-10-09,20.399999618530273,20.420000076293945,19.649999618530273,20.020000457763672,20.020000457763672,735000
2012-10-10,20.0,20.09000015258789,19.040000915527344,19.290000915527344,19.290000915527344,811100
2012-10-11,19.360000610351562,19.739999771118164,19.219999313354492,19.6200008392334,19.6200008392334,648400
2012-10-12,19.530000686645508,19.559999465942383,18.450000762939453,18.940000534057617,18.940000534057617,753200
2012-10-15,18.940000534057617,18.940000534057617,18.600000381469727,18.700000762939453,18.700000762939453,634000
2012-10-16,18.709999084472656,19.0,18.709999084472656,18.790000915527344,18.790000915527344,597500
2012-10-17,18.770000457763672,19.059999465942383,18.489999771118164,19.030000686645508,19.030000686645508,608300
2012-10-18,19.030000686645508,19.790000915527344,19.030000686645508,19.6299991607666,19.6299991607666,470500
2012-10-19,19.530000686645508,19.600000381469727,19.0,19.209999084472656,19.209999084472656,360600
2012-10-22,19.110000610351562,19.440000534057617,19.110000610351562,19.40999984741211,19.40999984741211,284000
2012-10-23,19.239999771118164,19.479999542236328,19.209999084472656,19.360000610351562,19.360000610351562,276400
2012-10-24,19.489999771118164,19.559999465942383,19.31999969482422,19.5,19.5,206500
2012-10-25,19.600000381469727,19.93000030517578,19.510000228881836,19.93000030517578,19.93000030517578,243600
2012-10-26,19.8700008392334,20.010000228881836,19.700000762939453,19.889999389648438,19.889999389648438,178700
2012-10-31,19.56999969482422,19.8700008392334,19.530000686645508,19.65999984741211,19.65999984741211,140900
2012-11-01,19.729999542236328,19.950000762939453,19.510000228881836,19.8700008392334,19.8700008392334,219500
2012-11-02,19.899999618530273,20.040000915527344,19.56999969482422,19.739999771118164,19.739999771118164,220700
2012-11-05,19.799999237060547,20.639999389648438,19.799999237060547,20.3700008392334,20.3700008392334,424700
2012-11-06,20.5,20.989999771118164,20.329999923706055,20.75,20.75,433600
2012-11-07,18.940000534057617,19.149999618530273,17.020000457763672,17.809999465942383,17.809999465942383,1573700
2012-11-08,17.600000381469727,17.93000030517578,17.520000457763672,17.559999465942383,17.559999465942383,813300
2012-11-09,17.530000686645508,18.239999771118164,17.5,17.90999984741211,17.90999984741211,477300
2012-11-12,18.030000686645508,18.030000686645508,17.299999237060547,17.31999969482422,17.31999969482422,286000
2012-11-13,17.290000915527344,17.299999237060547,16.920000076293945,17.239999771118164,17.239999771118164,278100
2012-11-14,17.25,17.280000686645508,16.799999237060547,16.8700008392334,16.8700008392334,326800
2012-11-15,16.899999618530273,17.0,16.649999618530273,16.940000534057617,16.940000534057617,335500
2012-11-16,16.8799991607666,17.0,16.56999969482422,16.90999984741211,16.90999984741211,212300
2012-11-19,17.079999923706055,17.850000381469727,17.040000915527344,17.829999923706055,17.829999923706055,591500
2012-11-20,17.760000228881836,17.809999465942383,17.399999618530273,17.56999969482422,17.56999969482422,349200
2012-11-21,17.65999984741211,18.149999618530273,17.25,18.06999969482422,18.06999969482422,131700
2012-11-23,18.18000030517578,18.239999771118164,18.010000228881836,18.110000610351562,18.110000610351562,99700
2012-11-26,18.079999923706055,18.719999313354492,18.010000228881836,18.709999084472656,18.709999084472656,426400
2012-11-27,18.649999618530273,18.940000534057617,18.59000015258789,18.760000228881836,18.760000228881836,361200
2012-11-28,18.6299991607666,18.829999923706055,18.280000686645508,18.729999542236328,18.729999542236328,432500
2012-11-29,18.940000534057617,19.31999969482422,18.56999969482422,19.299999237060547,19.299999237060547,1862100
2012-11-30,19.350000381469727,19.350000381469727,19.139999389648438,19.219999313354492,19.219999313354492,356100
2012-12-03,19.34000015258789,19.40999984741211,18.989999771118164,19.09000015258789,19.09000015258789,221700
2012-12-04,19.020000457763672,19.299999237060547,18.670000076293945,18.90999984741211,18.90999984741211,419100
2012-12-05,18.959999084472656,19.290000915527344,18.700000762939453,19.100000381469727,19.100000381469727,256000
2012-12-06,19.110000610351562,19.15999984741211,18.799999237060547,18.899999618530273,18.899999618530273,331700
2012-12-07,19.020000457763672,19.209999084472656,18.850000381469727,19.170000076293945,19.170000076293945,113900
2012-12-10,19.15999984741211,19.290000915527344,19.0,19.18000030517578,19.18000030517578,743200
2012-12-11,19.290000915527344,19.889999389648438,19.239999771118164,19.68000030517578,19.68000030517578,397600
2012-12-12,19.780000686645508,19.809999465942383,19.290000915527344,19.399999618530273,19.399999618530273,361000
2012-12-13,19.350000381469727,19.479999542236328,19.15999984741211,19.350000381469727,19.350000381469727,337000
2012-12-14,18.770000457763672,18.969999313354492,18.190000534057617,18.6200008392334,18.6200008392334,576400
2012-12-17,18.65999984741211,19.25,18.65999984741211,19.25,19.25,239800
2012-12-18,19.100000381469727,19.56999969482422,19.100000381469727,19.549999237060547,19.549999237060547,403900
2012-12-19,19.600000381469727,19.850000381469727,19.520000457763672,19.729999542236328,19.729999542236328,958900
2012-12-20,19.739999771118164,19.850000381469727,19.579999923706055,19.829999923706055,19.829999923706055,374400
2012-12-21,19.479999542236328,19.940000534057617,19.450000762939453,19.889999389648438,19.889999389648438,1108900
2012-12-24,19.850000381469727,19.989999771118164,19.709999084472656,19.989999771118164,19.989999771118164,87300
2012-12-26,20.0,20.059999465942383,19.809999465942383,19.860000610351562,19.860000610351562,185700
2012-12-27,19.81999969482422,19.920000076293945,19.520000457763672,19.649999618530273,19.649999618530273,227400
2012-12-28,19.489999771118164,19.799999237060547,19.469999313354492,19.600000381469727,19.600000381469727,200100
2012-12-31,19.579999923706055,19.899999618530273,19.360000610351562,19.889999389648438,19.889999389648438,333700
2013-01-02,20.299999237060547,20.299999237060547,20.079999923706055,20.190000534057617,20.190000534057617,559000
2013-01-03,20.15999984741211,20.299999237060547,20.049999237060547,20.06999969482422,20.06999969482422,282500
2013-01-04,20.18000030517578,20.5,20.079999923706055,20.309999465942383,20.309999465942383,299600
2013-01-07,20.270000457763672,20.459999084472656,20.200000762939453,20.290000915527344,20.290000915527344,141900
2013-01-08,20.219999313354492,20.3799991607666,20.010000228881836,20.34000015258789,20.34000015258789,202500
2013-01-09,20.399999618530273,21.049999237060547,20.350000381469727,20.790000915527344,20.790000915527344,332200
2013-01-10,20.899999618530273,20.899999618530273,20.559999465942383,20.760000228881836,20.760000228881836,216700
2013-01-11,20.81999969482422,20.829999923706055,20.450000762939453,20.510000228881836,20.510000228881836,373000
2013-01-14,20.459999084472656,20.780000686645508,20.43000030517578,20.65999984741211,20.65999984741211,450900
2013-01-15,20.59000015258789,20.649999618530273,20.420000076293945,20.540000915527344,20.540000915527344,283400
2013-01-16,20.43000030517578,20.440000534057617,20.1200008392334,20.1299991607666,20.1299991607666,333600
2013-01-17,20.290000915527344,20.709999084472656,20.25,20.5,20.5,386400
2013-01-18,20.5,20.610000610351562,20.360000610351562,20.489999771118164,20.489999771118164,180900
2013-01-22,20.5,20.739999771118164,20.06999969482422,20.68000030517578,20.68000030517578,434800
2013-01-23,20.899999618530273,23.600000381469727,20.889999389648438,23.1299991607666,23.1299991607666,1162300
2013-01-24,23.31999969482422,24.059999465942383,23.280000686645508,23.309999465942383,23.309999465942383,537400
2013-01-25,23.489999771118164,23.549999237060547,23.190000534057617,23.469999313354492,23.469999313354492,317400
2013-01-28,23.489999771118164,23.59000015258789,22.68000030517578,22.790000915527344,22.790000915527344,411600
2013-01-29,22.700000762939453,22.780000686645508,22.239999771118164,22.700000762939453,22.700000762939453,516200
2013-01-30,22.600000381469727,22.65999984741211,22.100000381469727,22.25,22.25,349000
2013-01-31,22.149999618530273,22.399999618530273,22.040000915527344,22.200000762939453,22.200000762939453,390100
2013-02-01,22.3799991607666,22.3799991607666,21.860000610351562,21.90999984741211,21.90999984741211,481000
2013-02-04,21.700000762939453,21.700000762939453,20.809999465942383,21.079999923706055,21.079999923706055,766800
2013-02-05,21.25,21.299999237060547,20.440000534057617,21.239999771118164,21.239999771118164,700400
2013-02-06,21.18000030517578,21.559999465942383,20.8799991607666,21.5,21.5,574900
2013-02-07,21.549999237060547,21.549999237060547,20.959999084472656,21.229999542236328,21.229999542236328,461000
2013-02-08,21.139999389648438,21.360000610351562,20.90999984741211,21.329999923706055,21.329999923706055,433800
2013-02-11,21.260000228881836,21.420000076293945,21.139999389648438,21.299999237060547,21.299999237060547,375200
2013-02-12,21.280000686645508,21.510000228881836,21.190000534057617,21.5,21.5,255600
2013-02-13,21.6200008392334,21.860000610351562,21.479999542236328,21.780000686645508,21.780000686645508,694300
2013-02-14,21.729999542236328,22.229999542236328,21.729999542236328,22.09000015258789,22.09000015258789,340100
2013-02-15,22.25,22.459999084472656,21.950000762939453,22.059999465942383,22.059999465942383,431500
2013-02-19,22.170000076293945,22.40999984741211,22.049999237060547,22.3700008392334,22.3700008392334,337000
2013-02-20,22.459999084472656,22.649999618530273,21.84000015258789,21.860000610351562,21.860000610351562,698200
2013-02-21,21.799999237060547,21.979999542236328,21.40999984741211,21.6299991607666,21.6299991607666,241600
2013-02-22,21.799999237060547,21.860000610351562,21.469999313354492,21.670000076293945,21.670000076293945,251000
2013-02-25,21.81999969482422,21.84000015258789,20.979999542236328,21.010000228881836,21.010000228881836,262000
2013-02-26,21.010000228881836,21.079999923706055,20.65999984741211,20.81999969482422,20.81999969482422,341200
2013-02-27,20.809999465942383,21.030000686645508,20.75,20.81999969482422,20.81999969482422,221100
2013-02-28,20.829999923706055,21.020000457763672,20.649999618530273,20.68000030517578,20.68000030517578,205000
2013-03-01,20.450000762939453,21.020000457763672,20.34000015258789,20.979999542236328,20.979999542236328,219900
2013-03-04,20.860000610351562,21.139999389648438,20.510000228881836,21.010000228881836,21.010000228881836,233700
2013-03-05,21.1200008392334,21.290000915527344,20.860000610351562,21.190000534057617,21.190000534057617,270700
2013-03-06,21.25,21.450000762939453,21.040000915527344,21.40999984741211,21.40999984741211,168200
2013-03-07,21.360000610351562,21.600000381469727,21.329999923706055,21.59000015258789,21.59000015258789,224700
2013-03-08,21.75,21.920000076293945,21.3799991607666,21.690000534057617,21.690000534057617,194000
2013-03-11,21.540000915527344,21.59000015258789,21.3700008392334,21.399999618530273,21.399999618530273,207600
2013-03-12,21.360000610351562,21.360000610351562,21.1200008392334,21.270000457763672,21.270000457763672,132500
2013-03-13,21.329999923706055,21.329999923706055,21.030000686645508,21.1200008392334,21.1200008392334,105500
2013-03-14,21.170000076293945,21.469999313354492,20.950000762939453,21.1299991607666,21.1299991607666,288200
2013-03-15,21.200000762939453,21.8700008392334,21.030000686645508,21.43000030517578,21.43000030517578,473000
2013-03-18,21.299999237060547,21.59000015258789,21.15999984741211,21.239999771118164,21.239999771118164,130200
2013-03-19,21.350000381469727,21.40999984741211,20.649999618530273,20.889999389648438,20.889999389648438,190900
2013-03-20,21.100000381469727,21.100000381469727,20.68000030517578,20.889999389648438,20.889999389648438,140100
2013-03-21,20.729999542236328,21.0,20.579999923706055,20.600000381469727,20.600000381469727,115400
2013-03-22,20.739999771118164,20.809999465942383,20.520000457763672,20.719999313354492,20.719999313354492,83200
2013-03-25,20.889999389648438,21.139999389648438,20.610000610351562,20.770000457763672,20.770000457763672,183700
2013-03-26,20.8700008392334,21.459999084472656,20.850000381469727,21.389999389648438,21.389999389648438,368300
2013-03-27,21.229999542236328,21.65999984741211,21.190000534057617,21.3700008392334,21.3700008392334,201100
2013-03-28,21.420000076293945,21.43000030517578,21.100000381469727,21.299999237060547,21.299999237060547,136100
2013-04-01,21.25,21.350000381469727,20.6200008392334,20.850000381469727,20.850000381469727,289800
2013-04-02,20.0,20.170000076293945,19.350000381469727,19.579999923706055,19.579999923706055,1002200
2013-04-03,19.649999618530273,19.649999618530273,19.040000915527344,19.1299991607666,19.1299991607666,467800
2013-04-04,19.110000610351562,19.360000610351562,18.709999084472656,19.25,19.25,396900
2013-04-05,18.8799991607666,19.1299991607666,18.709999084472656,19.049999237060547,19.049999237060547,266900
2013-04-08,19.079999923706055,19.43000030517578,19.010000228881836,19.399999618530273,19.399999618530273,283700
2013-04-09,19.479999542236328,19.540000915527344,19.149999618530273,19.149999618530273,19.149999618530273,229300
2013-04-10,19.270000457763672,19.81999969482422,19.270000457763672,19.780000686645508,19.780000686645508,233100
2013-04-11,19.780000686645508,20.229999542236328,19.6200008392334,20.09000015258789,20.09000015258789,267300
2013-04-12,20.049999237060547,20.100000381469727,19.139999389648438,19.270000457763672,19.270000457763672,419900
2013-04-15,19.15999984741211,19.15999984741211,17.760000228881836,18.010000228881836,18.010000228881836,1011900
2013-04-16,18.25,18.309999465942383,17.950000762939453,18.200000762939453,18.200000762939453,527000
2013-04-17,18.020000457763672,18.139999389648438,17.559999465942383,17.860000610351562,17.860000610351562,350400
2013-04-18,17.850000381469727,18.100000381469727,17.739999771118164,18.040000915527344,18.040000915527344,315600
2013-04-19,18.1299991607666,18.190000534057617,17.389999389648438,17.75,17.75,584000
2013-04-22,17.690000534057617,17.899999618530273,17.360000610351562,17.739999771118164,17.739999771118164,383300
2013-04-23,17.8799991607666,17.90999984741211,17.1299991607666,17.190000534057617,17.190000534057617,687600
2013-04-24,17.059999465942383,17.170000076293945,16.75,17.0,17.0,799500
2013-04-25,17.020000457763672,17.610000610351562,17.020000457763672,17.329999923706055,17.329999923706055,409800
2013-04-26,17.299999237060547,17.40999984741211,17.010000228881836,17.040000915527344,17.040000915527344,682100
2013-04-29,17.149999618530273,17.299999237060547,16.649999618530273,16.770000457763672,16.770000457763672,937700
2013-04-30,16.75,17.06999969482422,16.729999542236328,16.899999618530273,16.899999618530273,586700
2013-05-01,17.5,18.270000457763672,17.25,18.030000686645508,18.030000686645508,894000
2013-05-02,18.65999984741211,19.489999771118164,18.56999969482422,19.260000228881836,19.260000228881836,665800
2013-05-03,19.600000381469727,19.75,19.059999465942383,19.579999923706055,19.579999923706055,643500
2013-05-06,19.540000915527344,19.799999237060547,19.209999084472656,19.350000381469727,19.350000381469727,350100
2013-05-07,19.360000610351562,19.360000610351562,18.84000015258789,19.229999542236328,19.229999542236328,339200
2013-05-08,19.110000610351562,19.270000457763672,18.770000457763672,19.200000762939453,19.200000762939453,349400
2013-05-09,19.1299991607666,19.299999237060547,18.979999542236328,19.06999969482422,19.06999969482422,231200
2013-05-10,19.059999465942383,19.100000381469727,18.549999237060547,18.969999313354492,18.969999313354492,274900
2013-05-13,18.8799991607666,18.940000534057617,18.549999237060547,18.65999984741211,18.65999984741211,400100
2013-05-14,18.639999389648438,18.979999542236328,18.559999465942383,18.90999984741211,18.90999984741211,316300
2013-05-15,18.770000457763672,19.040000915527344,18.68000030517578,19.0,19.0,250300
2013-05-16,18.899999618530273,19.15999984741211,18.780000686645508,18.90999984741211,18.90999984741211,193900
2013-05-17,18.920000076293945,19.020000457763672,18.739999771118164,19.020000457763672,19.020000457763672,210800
2013-05-20,19.020000457763672,19.149999618530273,18.81999969482422,19.100000381469727,19.100000381469727,260100
2013-05-21,19.049999237060547,19.149999618530273,18.940000534057617,19.06999969482422,19.06999969482422,322800
2013-05-22,19.030000686645508,19.1200008392334,18.420000076293945,18.559999465942383,18.559999465942383,255800
2013-05-23,18.420000076293945,18.920000076293945,18.399999618530273,18.809999465942383,18.809999465942383,268400
2013-05-24,18.469999313354492,18.959999084472656,18.219999313354492,18.8700008392334,18.8700008392334,210500
2013-05-28,19.190000534057617,19.59000015258789,18.829999923706055,19.579999923706055,19.579999923706055,370100
2013-05-29,19.5,19.5,19.079999923706055,19.3700008392334,19.3700008392334,178400
2013-05-30,19.40999984741211,19.850000381469727,19.309999465942383,19.739999771118164,19.739999771118164,219100
2013-05-31,19.540000915527344,19.739999771118164,19.1299991607666,19.1299991607666,19.1299991607666,252000
2013-06-03,19.18000030517578,19.360000610351562,18.760000228881836,19.25,19.25,350300
2013-06-04,19.239999771118164,19.399999618530273,18.889999389648438,19.110000610351562,19.110000610351562,158500
2013-06-05,19.110000610351562,19.270000457763672,18.8700008392334,18.979999542236328,18.979999542236328,123300
2013-06-06,18.950000762939453,19.229999542236328,18.799999237060547,19.229999542236328,19.229999542236328,177600
2013-06-07,19.40999984741211,19.40999984741211,18.979999542236328,19.15999984741211,19.15999984741211,171700
2013-06-10,19.110000610351562,19.3700008392334,18.940000534057617,19.25,19.25,303100
2013-06-11,19.0,19.25,18.850000381469727,19.149999618530273,19.149999618530273,149900
2013-06-12,19.280000686645508,19.600000381469727,18.84000015258789,18.899999618530273,18.899999618530273,161800
2013-06-13,18.8700008392334,19.290000915527344,18.690000534057617,19.280000686645508,19.280000686645508,137100
2013-06-14,19.260000228881836,19.299999237060547,18.6299991607666,18.8799991607666,18.8799991607666,168000
2013-06-17,19.100000381469727,19.229999542236328,18.809999465942383,19.170000076293945,19.170000076293945,193800
2013-06-18,19.239999771118164,19.530000686645508,19.1299991607666,19.299999237060547,19.299999237060547,216000
2013-06-19,19.25,19.309999465942383,19.0,19.110000610351562,19.110000610351562,104100
2013-06-20,18.81999969482422,18.889999389648438,18.25,18.3799991607666,18.3799991607666,359500
2013-06-21,18.420000076293945,18.65999984741211,17.940000534057617,18.399999618530273,18.399999618530273,888900
2013-06-24,18.34000015258789,18.579999923706055,18.100000381469727,18.3799991607666,18.3799991607666,374700
2013-06-25,18.59000015258789,18.59000015258789,18.40999984741211,18.5,18.5,194200
2013-06-26,17.700000762939453,17.889999389648438,17.049999237060547,17.350000381469727,17.350000381469727,404100
2013-06-27,17.450000762939453,17.5,17.06999969482422,17.100000381469727,17.100000381469727,232600
2013-06-28,17.0,17.239999771118164,16.829999923706055,16.90999984741211,16.90999984741211,1636300
2013-07-01,15.829999923706055,17.540000915527344,15.569999694824219,17.459999084472656,17.459999084472656,625100
2013-07-02,17.59000015258789,17.93000030517578,17.200000762939453,17.420000076293945,17.420000076293945,374500
2013-07-03,17.799999237060547,18.850000381469727,17.780000686645508,18.68000030517578,18.68000030517578,289200
2013-07-05,18.959999084472656,18.959999084472656,18.270000457763672,18.420000076293945,18.420000076293945,210800
2013-07-08,18.420000076293945,18.610000610351562,18.1299991607666,18.299999237060547,18.299999237060547,212900
2013-07-09,18.399999618530273,18.739999771118164,18.209999084472656,18.709999084472656,18.709999084472656,201800
2013-07-10,18.68000030517578,19.0,18.530000686645508,18.8799991607666,18.8799991607666,192200
2013-07-11,19.040000915527344,19.040000915527344,18.469999313354492,18.729999542236328,18.729999542236328,265200
2013-07-12,18.709999084472656,19.010000228881836,18.709999084472656,18.889999389648438,18.889999389648438,125500
2013-07-15,18.760000228881836,18.920000076293945,18.450000762939453,18.479999542236328,18.479999542236328,227900
2013-07-16,18.459999084472656,18.520000457763672,17.8799991607666,18.290000915527344,18.290000915527344,246200
2013-07-17,18.40999984741211,18.649999618530273,18.309999465942383,18.6299991607666,18.6299991607666,113600
2013-07-18,18.65999984741211,18.8799991607666,18.549999237060547,18.739999771118164,18.739999771118164,135700
2013-07-19,18.65999984741211,18.850000381469727,18.309999465942383,18.56999969482422,18.56999969482422,234400
2013-07-22,18.5,19.280000686645508,18.5,19.170000076293945,19.170000076293945,282000
2013-07-23,19.190000534057617,19.260000228881836,18.940000534057617,19.200000762939453,19.200000762939453,210100
2013-07-24,19.309999465942383,19.440000534057617,18.829999923706055,18.940000534057617,18.940000534057617,153000
2013-07-25,18.770000457763672,18.799999237060547,18.18000030517578,18.6299991607666,18.6299991607666,233900
2013-07-26,18.459999084472656,18.59000015258789,17.90999984741211,18.170000076293945,18.170000076293945,220600
2013-07-29,18.09000015258789,18.149999618530273,17.780000686645508,17.969999313354492,17.969999313354492,179600
2013-07-30,17.969999313354492,18.270000457763672,17.469999313354492,18.219999313354492,18.219999313354492,368300
2013-07-31,18.309999465942383,18.549999237060547,17.959999084472656,18.079999923706055,18.079999923706055,222300
2013-08-01,18.18000030517578,18.559999465942383,18.049999237060547,18.520000457763672,18.520000457763672,216500
2013-08-02,18.399999618530273,18.56999969482422,18.3799991607666,18.530000686645508,18.530000686645508,222000
2013-08-05,18.469999313354492,18.469999313354492,17.899999618530273,18.030000686645508,18.030000686645508,276200
2013-08-06,17.93000030517578,18.059999465942383,17.799999237060547,17.950000762939453,17.950000762939453,230800
2013-08-07,17.899999618530273,18.010000228881836,17.829999923706055,17.8799991607666,17.8799991607666,193000
2013-08-08,17.90999984741211,17.989999771118164,17.639999389648438,17.860000610351562,17.860000610351562,147600
2013-08-09,17.84000015258789,17.899999618530273,17.549999237060547,17.65999984741211,17.65999984741211,114500
2013-08-12,17.600000381469727,18.010000228881836,17.579999923706055,18.010000228881836,18.010000228881836,249700
2013-08-13,17.959999084472656,18.1299991607666,17.709999084472656,18.100000381469727,18.100000381469727,116500
2013-08-14,18.100000381469727,18.170000076293945,17.84000015258789,18.110000610351562,18.110000610351562,229700
2013-08-15,17.950000762939453,18.0,17.709999084472656,17.790000915527344,17.790000915527344,130900
2013-08-16,17.700000762939453,18.020000457763672,17.700000762939453,17.770000457763672,17.770000457763672,173400
2013-08-19,17.690000534057617,17.899999618530273,17.309999465942383,17.350000381469727,17.350000381469727,167800
2013-08-20,17.34000015258789,17.59000015258789,17.1200008392334,17.40999984741211,17.40999984741211,235900
2013-08-21,17.360000610351562,17.450000762939453,17.020000457763672,17.18000030517578,17.18000030517578,171800
2013-08-22,17.18000030517578,17.520000457763672,17.079999923706055,17.450000762939453,17.450000762939453,129500
2013-08-23,17.440000534057617,17.579999923706055,17.209999084472656,17.399999618530273,17.399999618530273,161600
2013-08-26,17.389999389648438,17.389999389648438,17.170000076293945,17.18000030517578,17.18000030517578,224900
2013-08-27,17.040000915527344,17.190000534057617,16.93000030517578,17.020000457763672,17.020000457763672,337400
2013-08-28,17.030000686645508,17.09000015258789,16.90999984741211,16.93000030517578,16.93000030517578,167400
2013-08-29,17.0,17.299999237060547,16.940000534057617,17.06999969482422,17.06999969482422,265700
2013-08-30,17.040000915527344,17.100000381469727,16.8700008392334,16.979999542236328,16.979999542236328,263000
2013-09-03,17.200000762939453,17.25,16.940000534057617,17.049999237060547,17.049999237060547,194600
2013-09-04,17.079999923706055,17.549999237060547,17.049999237060547,17.40999984741211,17.40999984741211,201600
2013-09-05,17.360000610351562,17.520000457763672,17.059999465942383,17.399999618530273,17.399999618530273,149300
2013-09-06,17.530000686645508,17.530000686645508,16.90999984741211,17.290000915527344,17.290000915527344,102400
2013-09-09,17.299999237060547,17.56999969482422,17.15999984741211,17.520000457763672,17.520000457763672,160200
2013-09-10,17.559999465942383,17.809999465942383,17.420000076293945,17.809999465942383,17.809999465942383,244800
2013-09-11,17.709999084472656,17.860000610351562,17.610000610351562,17.6299991607666,17.6299991607666,141700
2013-09-12,17.600000381469727,17.790000915527344,17.600000381469727,17.649999618530273,17.649999618530273,166300
2013-09-13,17.709999084472656,17.84000015258789,17.5,17.579999923706055,17.579999923706055,128400
2013-09-16,17.84000015258789,17.8799991607666,17.6200008392334,17.709999084472656,17.709999084472656,151800
2013-09-17,17.690000534057617,17.809999465942383,17.549999237060547,17.809999465942383,17.809999465942383,177100
2013-09-18,17.770000457763672,18.079999923706055,17.760000228881836,18.079999923706055,18.079999923706055,260300
2013-09-19,18.15999984741211,18.15999984741211,17.799999237060547,18.040000915527344,18.040000915527344,137800
2013-09-20,18.030000686645508,18.1200008392334,17.75,18.0,18.0,883000
2013-09-23,17.979999542236328,18.079999923706055,17.809999465942383,18.0,18.0,188700
2013-09-24,18.049999237060547,18.15999984741211,17.90999984741211,18.049999237060547,18.049999237060547,405700
2013-09-25,18.030000686645508,18.030000686645508,17.40999984741211,17.420000076293945,17.420000076293945,207300
2013-09-26,17.450000762939453,17.59000015258789,17.200000762939453,17.389999389648438,17.389999389648438,237300
2013-09-27,17.290000915527344,17.290000915527344,16.850000381469727,16.899999618530273,16.899999618530273,363500
2013-09-30,16.770000457763672,16.889999389648438,16.610000610351562,16.8700008392334,16.8700008392334,343000
2013-10-01,16.899999618530273,17.030000686645508,16.809999465942383,17.020000457763672,17.020000457763672,322000
2013-10-02,17.209999084472656,17.209999084472656,16.600000381469727,16.6200008392334,16.6200008392334,366200
2013-10-03,16.6200008392334,16.700000762939453,15.930000305175781,16.09000015258789,16.09000015258789,518800
2013-10-04,16.06999969482422,16.18000030517578,15.9399995803833,16.040000915527344,16.040000915527344,257500
2013-10-07,15.930000305175781,15.979999542236328,15.680000305175781,15.869999885559082,15.869999885559082,310700
2013-10-08,15.90999984741211,15.989999771118164,15.800000190734863,15.800000190734863,15.800000190734863,202000
2013-10-09,15.8100004196167,15.850000381469727,15.630000114440918,15.760000228881836,15.760000228881836,332800
2013-10-10,15.90999984741211,16.020000457763672,15.779999732971191,15.890000343322754,15.890000343322754,267600
2013-10-11,15.8100004196167,16.079999923706055,15.699999809265137,16.079999923706055,16.079999923706055,425400
2013-10-14,15.989999771118164,16.040000915527344,15.899999618530273,16.020000457763672,16.020000457763672,296200
2013-10-15,16.0,16.09000015258789,15.630000114440918,15.859999656677246,15.859999656677246,263000
2013-10-16,15.920000076293945,15.989999771118164,15.5600004196167,15.899999618530273,15.899999618530273,512700
2013-10-17,15.789999961853027,15.930000305175781,15.789999961853027,15.920000076293945,15.920000076293945,363800
2013-10-18,16.040000915527344,16.350000381469727,15.899999618530273,16.18000030517578,16.18000030517578,595100
2013-10-21,16.18000030517578,16.280000686645508,16.09000015258789,16.1200008392334,16.1200008392334,283500
2013-10-22,16.15999984741211,16.170000076293945,16.0,16.1200008392334,16.1200008392334,204900
2013-10-23,16.030000686645508,16.1299991607666,16.020000457763672,16.040000915527344,16.040000915527344,184300
2013-10-24,16.010000228881836,16.06999969482422,15.770000457763672,15.819999694824219,15.819999694824219,383800
2013-10-25,15.880000114440918,15.880000114440918,15.449999809265137,15.739999771118164,15.739999771118164,289300
2013-10-28,15.720000267028809,15.989999771118164,15.579999923706055,15.90999984741211,15.90999984741211,220600
2013-10-29,15.979999542236328,16.100000381469727,15.899999618530273,15.949999809265137,15.949999809265137,339100
2013-10-30,15.989999771118164,16.299999237060547,15.859999656677246,15.90999984741211,15.90999984741211,294200
2013-10-31,15.890000343322754,15.90999984741211,15.579999923706055,15.729999542236328,15.729999542236328,268800
2013-11-01,15.729999542236328,15.770000457763672,15.460000038146973,15.520000457763672,15.520000457763672,325300
2013-11-04,15.529999732971191,15.710000038146973,15.449999809265137,15.710000038146973,15.710000038146973,240100
2013-11-05,15.609999656677246,15.649999618530273,15.40999984741211,15.460000038146973,15.460000038146973,377500
2013-11-06,15.470000267028809,15.699999809265137,15.4399995803833,15.520000457763672,15.520000457763672,175000
2013-11-07,14.739999771118164,14.800000190734863,13.199999809265137,13.579999923706055,13.579999923706055,2289800
2013-11-08,13.59000015258789,13.789999961853027,11.300000190734863,11.34000015258789,11.34000015258789,2663200
2013-11-11,11.34000015258789,12.069999694824219,11.34000015258789,11.960000038146973,11.960000038146973,1613800
2013-11-12,11.979999542236328,12.0,11.739999771118164,11.789999961853027,11.789999961853027,623400
2013-11-13,11.800000190734863,11.84000015258789,11.640000343322754,11.789999961853027,11.789999961853027,313700
2013-11-14,11.789999961853027,12.119999885559082,11.630000114440918,12.050000190734863,12.050000190734863,479200
2013-11-15,12.039999961853027,12.119999885559082,11.649999618530273,11.800000190734863,11.800000190734863,364400
2013-11-18,11.869999885559082,12.300000190734863,11.869999885559082,12.239999771118164,12.239999771118164,496400
2013-11-19,12.279999732971191,12.3100004196167,11.970000267028809,12.130000114440918,12.130000114440918,353200
2013-11-20,12.140000343322754,12.15999984741211,11.800000190734863,11.84000015258789,11.84000015258789,289400
2013-11-21,11.829999923706055,12.289999961853027,11.6899995803833,12.140000343322754,12.140000343322754,489300
2013-11-22,12.15999984741211,12.15999984741211,11.75,11.9399995803833,11.9399995803833,584900
2013-11-25,11.970000267028809,11.970000267028809,11.65999984741211,11.789999961853027,11.789999961853027,645600
2013-11-26,11.779999732971191,11.850000381469727,11.680000305175781,11.75,11.75,365800
2013-11-27,11.729999542236328,11.8100004196167,11.649999618530273,11.710000038146973,11.710000038146973,442800
2013-11-29,11.760000228881836,11.770000457763672,11.640000343322754,11.680000305175781,11.680000305175781,234500
2013-12-02,11.670000076293945,11.710000038146973,11.380000114440918,11.479999542236328,11.479999542236328,497400
2013-12-03,11.420000076293945,11.449999809265137,10.739999771118164,10.890000343322754,10.890000343322754,1000300
2013-12-04,10.890000343322754,11.380000114440918,10.890000343322754,11.220000267028809,11.220000267028809,416200
2013-12-05,11.260000228881836,11.260000228881836,10.880000114440918,11.079999923706055,11.079999923706055,359300
2013-12-06,11.149999618530273,11.329999923706055,10.949999809265137,11.010000228881836,11.010000228881836,428400
2013-12-09,10.640000343322754,10.770000457763672,9.850000381469727,10.329999923706055,10.329999923706055,1140900
2013-12-10,10.399999618530273,10.760000228881836,10.260000228881836,10.3100004196167,10.3100004196167,523100
2013-12-11,10.300000190734863,10.390000343322754,10.020000457763672,10.119999885559082,10.119999885559082,579200
2013-12-12,10.140000343322754,10.220000267028809,9.989999771118164,10.119999885559082,10.119999885559082,544000
2013-12-13,10.100000381469727,10.5,10.069999694824219,10.3100004196167,10.3100004196167,374100
2013-12-16,10.390000343322754,10.65999984741211,10.319999694824219,10.619999885559082,10.619999885559082,591600
2013-12-17,10.619999885559082,10.75,10.430000305175781,10.479999542236328,10.479999542236328,517400
2013-12-18,10.520000457763672,10.729999542236328,10.420000076293945,10.579999923706055,10.579999923706055,894900
2013-12-19,10.529999732971191,10.6899995803833,10.470000267028809,10.59000015258789,10.59000015258789,410000
2013-12-20,10.640000343322754,11.130000114440918,10.600000381469727,11.079999923706055,11.079999923706055,1252600
2013-12-23,11.100000381469727,11.239999771118164,10.859999656677246,10.880000114440918,10.880000114440918,625100
2013-12-24,10.899999618530273,11.069999694824219,10.899999618530273,10.930000305175781,10.930000305175781,266000
2013-12-26,10.949999809265137,11.079999923706055,10.90999984741211,11.0,11.0,391100
2013-12-27,11.0600004196167,11.229999542236328,10.970000267028809,11.210000038146973,11.210000038146973,392300
2013-12-30,11.220000267028809,11.449999809265137,11.210000038146973,11.3100004196167,11.3100004196167,436800
2013-12-31,11.359999656677246,11.729999542236328,11.279999732971191,11.6899995803833,11.6899995803833,490100
2014-01-02,11.6899995803833,11.699999809265137,11.300000190734863,11.5,11.5,622900
2014-01-03,11.529999732971191,11.920000076293945,11.369999885559082,11.75,11.75,420600
2014-01-06,11.800000190734863,11.800000190734863,11.4399995803833,11.529999732971191,11.529999732971191,501900
2014-01-07,11.600000381469727,11.619999885559082,11.1899995803833,11.380000114440918,11.380000114440918,568800
2014-01-08,11.40999984741211,11.600000381469727,11.329999923706055,11.579999923706055,11.579999923706055,546500
2014-01-09,11.539999961853027,11.579999923706055,10.930000305175781,10.970000267028809,10.970000267028809,437900
2014-01-10,10.970000267028809,11.1899995803833,10.920000076293945,11.100000381469727,11.100000381469727,518300
2014-01-13,11.09000015258789,11.180000305175781,10.869999885559082,10.9399995803833,10.9399995803833,384600
2014-01-14,10.989999771118164,11.0600004196167,10.65999984741211,10.989999771118164,10.989999771118164,575000
2014-01-15,11.010000228881836,11.100000381469727,10.90999984741211,10.989999771118164,10.989999771118164,324900
2014-01-16,10.930000305175781,11.0,10.739999771118164,10.779999732971191,10.779999732971191,271100
2014-01-17,10.800000190734863,10.800000190734863,10.260000228881836,10.399999618530273,10.399999618530273,605400
2014-01-21,10.40999984741211,10.529999732971191,10.15999984741211,10.4399995803833,10.4399995803833,423600
2014-01-22,10.479999542236328,10.479999542236328,10.350000381469727,10.380000114440918,10.380000114440918,232500
2014-01-23,10.329999923706055,10.479999542236328,10.069999694824219,10.260000228881836,10.260000228881836,586600
2014-01-24,10.15999984741211,10.34000015258789,10.0600004196167,10.100000381469727,10.100000381469727,514600
2014-01-27,10.100000381469727,10.270000457763672,9.859999656677246,9.930000305175781,9.930000305175781,776200
2014-01-28,9.930000305175781,10.0,9.220000267028809,9.350000381469727,9.350000381469727,1159500
2014-01-29,11.15999984741211,11.880000114440918,10.710000038146973,11.25,11.25,4561400
2014-01-30,11.140000343322754,11.720000267028809,11.010000228881836,11.289999961853027,11.289999961853027,989000
2014-01-31,11.119999885559082,11.25,10.970000267028809,10.979999542236328,10.979999542236328,653100
2014-02-03,11.350000381469727,11.369999885559082,10.920000076293945,11.0,11.0,824300
2014-02-04,11.069999694824219,11.300000190734863,10.970000267028809,11.079999923706055,11.079999923706055,800500
2014-02-05,11.0600004196167,11.149999618530273,10.819999694824219,10.979999542236328,10.979999542236328,767600
2014-02-06,11.029999732971191,11.40999984741211,10.90999984741211,11.3100004196167,11.3100004196167,464400
2014-02-07,11.380000114440918,11.4399995803833,11.079999923706055,11.329999923706055,11.329999923706055,412700
2014-02-10,11.369999885559082,12.489999771118164,11.3100004196167,12.109999656677246,12.109999656677246,1359800
2014-02-11,12.229999542236328,12.869999885559082,12.100000381469727,12.619999885559082,12.619999885559082,1177900
2014-02-12,12.609999656677246,12.800000190734863,12.149999618530273,12.430000305175781,12.430000305175781,746900
2014-02-13,12.359999656677246,13.390000343322754,12.25,13.3100004196167,13.3100004196167,762400
2014-02-14,13.34000015258789,13.550000190734863,12.960000038146973,13.149999618530273,13.149999618530273,575300
2014-02-18,13.149999618530273,13.239999771118164,12.84000015258789,13.109999656677246,13.109999656677246,434400
2014-02-19,13.010000228881836,13.050000190734863,12.720000267028809,12.729999542236328,12.729999542236328,404600
2014-02-20,12.699999809265137,12.829999923706055,12.010000228881836,12.180000305175781,12.180000305175781,1195600
2014-02-21,12.220000267028809,12.619999885559082,12.149999618530273,12.550000190734863,12.550000190734863,626300
2014-02-24,12.609999656677246,13.260000228881836,12.5,12.9399995803833,12.9399995803833,745400
2014-02-25,12.920000076293945,13.09000015258789,12.579999923706055,12.6899995803833,12.6899995803833,403800
2014-02-26,12.710000038146973,12.859999656677246,12.100000381469727,12.319999694824219,12.319999694824219,633700
2014-02-27,12.329999923706055,12.600000381469727,12.149999618530273,12.550000190734863,12.550000190734863,387400
2014-02-28,12.569999694824219,12.84000015258789,12.460000038146973,12.640000343322754,12.640000343322754,572100
2014-03-03,12.5,12.520000457763672,12.109999656677246,12.270000457763672,12.270000457763672,461500
2014-03-04,12.40999984741211,12.989999771118164,12.40999984741211,12.720000267028809,12.720000267028809,449100
2014-03-05,12.670000076293945,12.989999771118164,12.5600004196167,12.890000343322754,12.890000343322754,437100
2014-03-06,12.899999618530273,13.079999923706055,12.75,12.819999694824219,12.819999694824219,345400
2014-03-07,12.850000381469727,13.40999984741211,12.850000381469727,13.050000190734863,13.050000190734863,506400
2014-03-10,13.039999961853027,13.210000038146973,12.710000038146973,12.899999618530273,12.899999618530273,417200
2014-03-11,12.930000305175781,13.079999923706055,12.739999771118164,12.819999694824219,12.819999694824219,243900
2014-03-12,12.739999771118164,12.880000114440918,12.729999542236328,12.800000190734863,12.800000190734863,263700
2014-03-13,12.84000015258789,13.109999656677246,12.140000343322754,12.289999961853027,12.289999961853027,672500
2014-03-14,12.210000038146973,12.479999542236328,12.069999694824219,12.119999885559082,12.119999885559082,502100
2014-03-17,12.109999656677246,12.239999771118164,12.020000457763672,12.1899995803833,12.1899995803833,359800
2014-03-18,12.220000267028809,12.5600004196167,12.220000267028809,12.4399995803833,12.4399995803833,397900
2014-03-19,12.470000267028809,12.59000015258789,12.239999771118164,12.270000457763672,12.270000457763672,378400
2014-03-20,12.220000267028809,12.359999656677246,12.149999618530273,12.210000038146973,12.210000038146973,270900
2014-03-21,12.220000267028809,12.40999984741211,12.15999984741211,12.229999542236328,12.229999542236328,784300
2014-03-24,12.229999542236328,12.529999732971191,10.890000343322754,11.369999885559082,11.369999885559082,1262500
2014-03-25,11.470000267028809,11.6899995803833,11.170000076293945,11.180000305175781,11.180000305175781,403000
2014-03-26,11.25,11.520000457763672,10.579999923706055,10.699999809265137,10.699999809265137,814900
2014-03-27,10.699999809265137,11.0600004196167,10.550000190734863,10.800000190734863,10.800000190734863,356500
2014-03-28,10.789999961853027,11.130000114440918,10.6899995803833,10.84000015258789,10.84000015258789,251800
2014-03-31,10.9399995803833,11.0600004196167,10.760000228881836,10.789999961853027,10.789999961853027,352500
2014-04-01,10.800000190734863,11.300000190734863,10.800000190734863,11.1899995803833,11.1899995803833,486700
2014-04-02,11.279999732971191,11.5600004196167,11.220000267028809,11.539999961853027,11.539999961853027,572800
2014-04-03,11.600000381469727,11.640000343322754,11.15999984741211,11.15999984741211,11.15999984741211,437300
2014-04-04,11.239999771118164,11.399999618530273,10.819999694824219,10.930000305175781,10.930000305175781,393700
2014-04-07,10.84000015258789,10.880000114440918,10.539999961853027,10.630000114440918,10.630000114440918,727500
2014-04-08,10.84000015258789,10.869999885559082,10.5,10.630000114440918,10.630000114440918,515100
2014-04-09,10.680000305175781,10.800000190734863,10.520000457763672,10.739999771118164,10.739999771118164,319600
2014-04-10,10.989999771118164,11.470000267028809,10.720000267028809,11.220000267028809,11.220000267028809,901800
2014-04-11,11.09000015258789,11.260000228881836,10.899999618530273,11.109999656677246,11.109999656677246,456700
2014-04-14,11.25,11.34000015258789,11.010000228881836,11.15999984741211,11.15999984741211,360800
2014-04-15,11.229999542236328,11.239999771118164,10.90999984741211,11.050000190734863,11.050000190734863,425200
2014-04-16,11.100000381469727,11.170000076293945,11.0,11.020000457763672,11.020000457763672,338500
2014-04-17,11.039999961853027,11.140000343322754,10.960000038146973,11.0,11.0,290100
2014-04-21,11.050000190734863,11.1899995803833,10.979999542236328,11.079999923706055,11.079999923706055,280100
2014-04-22,11.069999694824219,11.210000038146973,11.020000457763672,11.140000343322754,11.140000343322754,308200
2014-04-23,11.15999984741211,11.369999885559082,11.0,11.0,11.0,355800
2014-04-24,11.010000228881836,11.25,10.970000267028809,11.0,11.0,267800
2014-04-25,10.989999771118164,11.170000076293945,10.899999618530273,11.119999885559082,11.119999885559082,348000
2014-04-28,11.140000343322754,11.15999984741211,10.90999984741211,11.039999961853027,11.039999961853027,624500
2014-04-29,11.109999656677246,11.220000267028809,11.0,11.079999923706055,11.079999923706055,376100
2014-04-30,10.970000267028809,11.039999961853027,9.800000190734863,10.430000305175781,10.430000305175781,1528000
2014-05-01,10.380000114440918,10.699999809265137,10.220000267028809,10.600000381469727,10.600000381469727,534500
2014-05-02,10.619999885559082,10.970000267028809,10.619999885559082,10.760000228881836,10.760000228881836,387300
2014-05-05,10.710000038146973,10.75,10.470000267028809,10.569999694824219,10.569999694824219,370100
2014-05-06,10.520000457763672,10.609999656677246,10.380000114440918,10.40999984741211,10.40999984741211,318000
2014-05-07,10.449999809265137,10.449999809265137,10.229999542236328,10.369999885559082,10.369999885559082,380300
2014-05-08,10.369999885559082,10.819999694824219,10.319999694824219,10.4399995803833,10.4399995803833,282100
2014-05-09,10.399999618530273,10.770000457763672,10.270000457763672,10.680000305175781,10.680000305175781,251900
2014-05-12,10.699999809265137,11.3100004196167,10.699999809265137,11.199999809265137,11.199999809265137,684800
2014-05-13,11.15999984741211,11.210000038146973,10.869999885559082,11.079999923706055,11.079999923706055,338800
2014-05-14,11.039999961853027,11.079999923706055,10.600000381469727,10.600000381469727,10.600000381469727,404100
2014-05-15,10.539999961853027,10.579999923706055,10.300000190734863,10.470000267028809,10.470000267028809,376200
2014-05-16,10.449999809265137,10.609999656677246,10.319999694824219,10.59000015258789,10.59000015258789,343200
2014-05-19,10.529999732971191,10.680000305175781,10.5,10.59000015258789,10.59000015258789,290900
2014-05-20,10.550000190734863,10.569999694824219,10.319999694824219,10.460000038146973,10.460000038146973,390800
2014-05-21,10.449999809265137,12.479999542236328,10.449999809265137,12.449999809265137,12.449999809265137,1355800
2014-05-22,12.3100004196167,12.970000267028809,12.270000457763672,12.890000343322754,12.890000343322754,760600
2014-05-23,13.029999732971191,13.079999923706055,12.40999984741211,12.479999542236328,12.479999542236328,507900
2014-05-27,12.510000228881836,12.609999656677246,12.289999961853027,12.609999656677246,12.609999656677246,382400
2014-05-28,12.539999961853027,12.699999809265137,12.430000305175781,12.489999771118164,12.489999771118164,315300
2014-05-29,12.569999694824219,12.569999694824219,12.350000381469727,12.479999542236328,12.479999542236328,237800
2014-05-30,12.479999542236328,12.510000228881836,12.069999694824219,12.220000267028809,12.220000267028809,383300
2014-06-02,12.199999809265137,12.399999618530273,12.029999732971191,12.289999961853027,12.289999961853027,243300
2014-06-03,12.210000038146973,12.239999771118164,11.859999656677246,11.899999618530273,11.899999618530273,355900
2014-06-04,11.829999923706055,12.109999656677246,11.829999923706055,12.079999923706055,12.079999923706055,209200
2014-06-05,12.15999984741211,12.4399995803833,11.920000076293945,12.34000015258789,12.34000015258789,240500
2014-06-06,12.430000305175781,12.779999732971191,12.350000381469727,12.680000305175781,12.680000305175781,281700
2014-06-09,12.649999618530273,12.850000381469727,12.489999771118164,12.760000228881836,12.760000228881836,179500
2014-06-10,12.739999771118164,12.829999923706055,12.640000343322754,12.670000076293945,12.670000076293945,167200
2014-06-11,12.640000343322754,12.960000038146973,12.510000228881836,12.680000305175781,12.680000305175781,219500
2014-06-12,12.710000038146973,12.760000228881836,12.130000114440918,12.380000114440918,12.380000114440918,343800
2014-06-13,12.359999656677246,12.460000038146973,12.050000190734863,12.300000190734863,12.300000190734863,276400
2014-06-16,12.260000228881836,12.5,12.09000015258789,12.430000305175781,12.430000305175781,181900
2014-06-17,12.390000343322754,12.649999618530273,11.720000267028809,11.899999618530273,11.899999618530273,1137100
2014-06-18,11.800000190734863,11.84000015258789,11.430000305175781,11.609999656677246,11.609999656677246,9026600
2014-06-19,11.609999656677246,11.75,11.5,11.579999923706055,11.579999923706055,1902400
2014-06-20,11.630000114440918,11.710000038146973,11.449999809265137,11.600000381469727,11.600000381469727,1159300
2014-06-23,11.65999984741211,11.760000228881836,11.329999923706055,11.550000190734863,11.550000190734863,1026600
2014-06-24,11.770000457763672,11.90999984741211,11.300000190734863,11.449999809265137,11.449999809265137,1159900
2014-06-25,11.34000015258789,11.65999984741211,11.239999771118164,11.600000381469727,11.600000381469727,1311700
2014-06-26,11.630000114440918,11.65999984741211,11.420000076293945,11.529999732971191,11.529999732971191,296200
2014-06-27,11.470000267028809,11.569999694824219,11.390000343322754,11.470000267028809,11.470000267028809,786300
2014-06-30,11.489999771118164,11.609999656677246,11.329999923706055,11.550000190734863,11.550000190734863,626400
2014-07-01,11.5600004196167,11.800000190734863,11.510000228881836,11.670000076293945,11.670000076293945,918700
2014-07-02,11.720000267028809,11.829999923706055,11.600000381469727,11.649999618530273,11.649999618530273,339700
2014-07-03,11.729999542236328,11.859999656677246,11.569999694824219,11.739999771118164,11.739999771118164,706400
2014-07-07,11.729999542236328,11.739999771118164,11.59000015258789,11.680000305175781,11.680000305175781,566100
2014-07-08,11.630000114440918,11.699999809265137,11.5600004196167,11.59000015258789,11.59000015258789,762000
2014-07-09,11.600000381469727,11.739999771118164,11.510000228881836,11.579999923706055,11.579999923706055,340100
2014-07-10,11.359999656677246,11.569999694824219,11.289999961853027,11.3100004196167,11.3100004196167,726200
2014-07-11,11.25,11.350000381469727,10.970000267028809,11.199999809265137,11.199999809265137,824400
2014-07-14,11.1899995803833,11.300000190734863,11.0,11.109999656677246,11.109999656677246,576100
2014-07-15,11.119999885559082,11.220000267028809,10.979999542236328,11.100000381469727,11.100000381469727,447600
2014-07-16,11.170000076293945,11.170000076293945,10.989999771118164,11.09000015258789,11.09000015258789,386100
2014-07-17,11.039999961853027,11.199999809265137,10.989999771118164,11.0600004196167,11.0600004196167,696000
2014-07-18,11.020000457763672,11.149999618530273,10.970000267028809,11.119999885559082,11.119999885559082,427400
2014-07-21,10.199999809265137,10.279999732971191,9.5,9.760000228881836,9.760000228881836,4699400
2014-07-22,9.760000228881836,9.829999923706055,9.430000305175781,9.529999732971191,9.529999732971191,2209700
2014-07-23,9.520000457763672,9.720000267028809,9.489999771118164,9.65999984741211,9.65999984741211,1330900
2014-07-24,9.680000305175781,9.979999542236328,9.670000076293945,9.770000457763672,9.770000457763672,1096900
2014-07-25,9.75,9.75,9.489999771118164,9.550000190734863,9.550000190734863,384400
2014-07-28,9.5600004196167,9.6899995803833,9.420000076293945,9.510000228881836,9.510000228881836,858000
2014-07-29,9.539999961853027,9.84000015258789,9.479999542236328,9.739999771118164,9.739999771118164,716700
2014-07-30,9.779999732971191,10.3100004196167,9.75,9.949999809265137,9.949999809265137,1191300
2014-07-31,9.699999809265137,9.949999809265137,9.65999984741211,9.789999961853027,9.789999961853027,1154500
2014-08-01,9.770000457763672,9.800000190734863,9.289999961853027,9.3100004196167,9.3100004196167,1022800
2014-08-04,9.350000381469727,9.550000190734863,9.3100004196167,9.510000228881836,9.510000228881836,864800
2014-08-05,9.5,9.720000267028809,9.390000343322754,9.510000228881836,9.510000228881836,367000
2014-08-06,9.4399995803833,9.699999809265137,9.4399995803833,9.59000015258789,9.59000015258789,429900
2014-08-07,9.649999618530273,9.720000267028809,9.479999542236328,9.649999618530273,9.649999618530273,555600
2014-08-08,9.65999984741211,9.819999694824219,9.539999961853027,9.699999809265137,9.699999809265137,412600
2014-08-11,9.739999771118164,9.859999656677246,9.680000305175781,9.75,9.75,330000
2014-08-12,9.739999771118164,9.789999961853027,9.600000381469727,9.699999809265137,9.699999809265137,418600
2014-08-13,9.710000038146973,9.869999885559082,9.649999618530273,9.779999732971191,9.779999732971191,452300
2014-08-14,9.829999923706055,9.979999542236328,9.720000267028809,9.800000190734863,9.800000190734863,595100
2014-08-15,9.970000267028809,10.220000267028809,9.789999961853027,10.039999961853027,10.039999961853027,1353700
2014-08-18,10.149999618530273,10.420000076293945,10.100000381469727,10.40999984741211,10.40999984741211,496900
2014-08-19,10.489999771118164,10.789999961853027,10.430000305175781,10.75,10.75,805900
2014-08-20,10.819999694824219,10.960000038146973,10.619999885559082,10.739999771118164,10.739999771118164,510200
2014-08-21,10.720000267028809,10.789999961853027,10.600000381469727,10.699999809265137,10.699999809265137,272300
2014-08-22,10.699999809265137,10.800000190734863,10.520000457763672,10.579999923706055,10.579999923706055,231000
2014-08-25,10.59000015258789,10.710000038146973,10.380000114440918,10.5,10.5,302900
2014-08-26,10.5,10.640000343322754,10.40999984741211,10.59000015258789,10.59000015258789,368700
2014-08-27,10.579999923706055,10.699999809265137,10.430000305175781,10.479999542236328,10.479999542236328,329300
2014-08-28,10.40999984741211,10.640000343322754,10.34000015258789,10.510000228881836,10.510000228881836,294700
2014-08-29,10.520000457763672,10.65999984741211,10.430000305175781,10.630000114440918,10.630000114440918,346100
2014-09-02,10.640000343322754,10.789999961853027,10.489999771118164,10.680000305175781,10.680000305175781,541400
2014-09-03,10.739999771118164,10.90999984741211,10.670000076293945,10.739999771118164,10.739999771118164,398000
2014-09-04,10.779999732971191,10.779999732971191,10.260000228881836,10.399999618530273,10.399999618530273,659400
2014-09-05,10.300000190734863,10.380000114440918,10.220000267028809,10.289999961853027,10.289999961853027,325400
2014-09-08,10.229999542236328,10.270000457763672,10.029999732971191,10.119999885559082,10.119999885559082,482800
2014-09-09,10.119999885559082,10.260000228881836,10.09000015258789,10.199999809265137,10.199999809265137,591800
2014-09-10,10.180000305175781,10.260000228881836,10.029999732971191,10.149999618530273,10.149999618530273,315000
2014-09-11,10.119999885559082,10.350000381469727,10.09000015258789,10.34000015258789,10.34000015258789,447200
2014-09-12,10.369999885559082,10.390000343322754,10.09000015258789,10.199999809265137,10.199999809265137,297500
2014-09-15,10.170000076293945,10.430000305175781,10.069999694824219,10.380000114440918,10.380000114440918,382000
2014-09-16,10.329999923706055,10.630000114440918,10.3100004196167,10.449999809265137,10.449999809265137,501200
2014-09-17,10.5,10.890000343322754,10.5,10.880000114440918,10.880000114440918,666300
2014-09-18,10.949999809265137,10.989999771118164,10.670000076293945,10.6899995803833,10.6899995803833,501200
2014-09-19,10.699999809265137,10.869999885559082,10.460000038146973,10.479999542236328,10.479999542236328,1178600
2014-09-22,10.430000305175781,10.430000305175781,10.239999771118164,10.300000190734863,10.300000190734863,420600
2014-09-23,10.260000228881836,10.380000114440918,10.09000015258789,10.119999885559082,10.119999885559082,297700
2014-09-24,10.170000076293945,10.1899995803833,10.029999732971191,10.180000305175781,10.180000305175781,351900
2014-09-25,10.119999885559082,10.180000305175781,9.760000228881836,9.930000305175781,9.930000305175781,404600
2014-09-26,9.949999809265137,10.039999961853027,9.880000114440918,9.960000038146973,9.960000038146973,215500
2014-09-29,9.880000114440918,9.989999771118164,9.779999732971191,9.930000305175781,9.930000305175781,454300
2014-09-30,9.960000038146973,9.989999771118164,9.869999885559082,9.90999984741211,9.90999984741211,633300
2014-10-01,9.899999618530273,10.239999771118164,9.789999961853027,9.920000076293945,9.920000076293945,480000
2014-10-02,9.930000305175781,10.119999885559082,9.789999961853027,10.039999961853027,10.039999961853027,325800
2014-10-03,10.140000343322754,10.140000343322754,9.760000228881836,9.789999961853027,9.789999961853027,347900
2014-10-06,9.8100004196167,10.489999771118164,9.75,9.949999809265137,9.949999809265137,547100
2014-10-07,8.430000305175781,9.359999656677246,8.25,8.960000038146973,8.960000038146973,3544400
2014-10-08,9.010000228881836,9.100000381469727,8.6899995803833,9.010000228881836,9.010000228881836,1015900
2014-10-09,8.979999542236328,9.100000381469727,8.720000267028809,8.720000267028809,8.720000267028809,1606500
2014-10-10,8.65999984741211,8.850000381469727,8.569999694824219,8.649999618530273,8.649999618530273,674100
2014-10-13,8.619999885559082,8.8100004196167,8.609999656677246,8.720000267028809,8.720000267028809,464100
2014-10-14,8.850000381469727,9.039999961853027,8.680000305175781,8.949999809265137,8.949999809265137,585000
2014-10-15,8.890000343322754,9.479999542236328,8.800000190734863,9.390000343322754,9.390000343322754,869400
2014-10-16,9.350000381469727,9.59000015258789,9.100000381469727,9.550000190734863,9.550000190734863,447700
2014-10-17,9.680000305175781,9.680000305175781,9.119999885559082,9.170000076293945,9.170000076293945,367800
2014-10-20,9.140000343322754,10.3100004196167,9.079999923706055,9.930000305175781,9.930000305175781,1197500
2014-10-21,9.970000267028809,10.010000228881836,9.75,9.899999618530273,9.899999618530273,436200
2014-10-22,9.880000114440918,9.970000267028809,9.649999618530273,9.680000305175781,9.680000305175781,365900
2014-10-23,9.75,10.100000381469727,9.739999771118164,9.890000343322754,9.890000343322754,611300
2014-10-24,9.930000305175781,10.489999771118164,9.930000305175781,10.470000267028809,10.470000267028809,590200
2014-10-27,10.390000343322754,10.399999618530273,10.0600004196167,10.170000076293945,10.170000076293945,444100
2014-10-28,9.890000343322754,10.460000038146973,9.819999694824219,10.4399995803833,10.4399995803833,519000
2014-10-29,10.5,10.760000228881836,10.399999618530273,10.649999618530273,10.649999618530273,488000
2014-10-30,10.649999618530273,10.930000305175781,10.649999618530273,10.920000076293945,10.920000076293945,751800
2014-10-31,11.0,11.329999923706055,10.920000076293945,11.279999732971191,11.279999732971191,718600
2014-11-03,11.279999732971191,11.279999732971191,10.75,10.760000228881836,10.760000228881836,505200
2014-11-04,10.75,10.829999923706055,10.550000190734863,10.829999923706055,10.829999923706055,532800
2014-11-05,10.890000343322754,11.039999961853027,10.739999771118164,10.890000343322754,10.890000343322754,288600
2014-11-06,10.9399995803833,11.100000381469727,10.869999885559082,11.0600004196167,11.0600004196167,714600
2014-11-07,10.789999961853027,11.050000190734863,10.239999771118164,10.880000114440918,10.880000114440918,660400
2014-11-10,10.829999923706055,11.020000457763672,10.75,10.989999771118164,10.989999771118164,609600
2014-11-11,11.020000457763672,11.149999618530273,10.859999656677246,10.9399995803833,10.9399995803833,378400
2014-11-12,10.869999885559082,11.279999732971191,10.84000015258789,11.279999732971191,11.279999732971191,614900
2014-11-13,11.359999656677246,11.6899995803833,11.109999656677246,11.180000305175781,11.180000305175781,600700
2014-11-14,11.15999984741211,11.15999984741211,10.890000343322754,10.970000267028809,10.970000267028809,540700
2014-11-17,10.970000267028809,10.979999542236328,10.680000305175781,10.770000457763672,10.770000457763672,482700
2014-11-18,10.800000190734863,10.84000015258789,10.520000457763672,10.800000190734863,10.800000190734863,337800
2014-11-19,10.75,10.8100004196167,10.5,10.680000305175781,10.680000305175781,319300
2014-11-20,10.640000343322754,10.90999984741211,10.640000343322754,10.890000343322754,10.890000343322754,268400
2014-11-21,10.989999771118164,11.010000228881836,10.800000190734863,10.9399995803833,10.9399995803833,312100
2014-11-24,10.920000076293945,11.029999732971191,10.850000381469727,10.9399995803833,10.9399995803833,390400
2014-11-25,10.979999542236328,11.010000228881836,10.819999694824219,10.989999771118164,10.989999771118164,373800
2014-11-26,10.960000038146973,11.020000457763672,10.899999618530273,10.960000038146973,10.960000038146973,216300
2014-11-28,10.399999618530273,11.100000381469727,10.399999618530273,10.890000343322754,10.890000343322754,489200
2014-12-01,10.829999923706055,10.84000015258789,10.520000457763672,10.65999984741211,10.65999984741211,415800
2014-12-02,10.710000038146973,10.720000267028809,10.359999656677246,10.430000305175781,10.430000305175781,381500
2014-12-03,10.399999618530273,10.680000305175781,10.359999656677246,10.399999618530273,10.399999618530273,318700
2014-12-04,10.369999885559082,10.649999618530273,10.170000076293945,10.529999732971191,10.529999732971191,477100
2014-12-05,10.859999656677246,11.09000015258789,10.489999771118164,10.579999923706055,10.579999923706055,811300
2014-12-08,10.510000228881836,10.930000305175781,10.489999771118164,10.670000076293945,10.670000076293945,411200
2014-12-09,10.609999656677246,11.100000381469727,10.529999732971191,11.079999923706055,11.079999923706055,499100
2014-12-10,11.069999694824219,11.09000015258789,10.670000076293945,10.680000305175781,10.680000305175781,312500
2014-12-11,10.770000457763672,11.100000381469727,10.710000038146973,10.930000305175781,10.930000305175781,292800
2014-12-12,10.8100004196167,11.210000038146973,10.789999961853027,11.130000114440918,11.130000114440918,566200
2014-12-15,11.140000343322754,11.239999771118164,10.729999542236328,10.869999885559082,10.869999885559082,654500
2014-12-16,10.869999885559082,11.180000305175781,10.65999984741211,10.989999771118164,10.989999771118164,569700
2014-12-17,11.010000228881836,11.3100004196167,10.829999923706055,11.300000190734863,11.300000190734863,369300
2014-12-18,11.479999542236328,11.5600004196167,11.34000015258789,11.449999809265137,11.449999809265137,554400
2014-12-19,11.4399995803833,11.989999771118164,11.369999885559082,11.899999618530273,11.899999618530273,1172100
2014-12-22,11.829999923706055,11.850000381469727,11.569999694824219,11.710000038146973,11.710000038146973,592700
2014-12-23,11.729999542236328,11.84000015258789,11.600000381469727,11.680000305175781,11.680000305175781,264100
2014-12-24,11.65999984741211,11.6899995803833,11.180000305175781,11.479999542236328,11.479999542236328,161400
2014-12-26,11.539999961853027,11.90999984741211,11.40999984741211,11.6899995803833,11.6899995803833,254400
2014-12-29,11.65999984741211,11.970000267028809,11.479999542236328,11.859999656677246,11.859999656677246,325200
2014-12-30,11.859999656677246,11.979999542236328,11.8100004196167,11.920000076293945,11.920000076293945,275900
2014-12-31,11.930000305175781,12.079999923706055,11.739999771118164,11.75,11.75,318600
2015-01-02,11.850000381469727,11.930000305175781,11.5,11.65999984741211,11.65999984741211,246600
2015-01-05,11.550000190734863,11.829999923706055,11.40999984741211,11.489999771118164,11.489999771118164,271700
2015-01-06,11.569999694824219,11.569999694824219,11.149999618530273,11.25,11.25,385700
2015-01-07,11.300000190734863,11.479999542236328,11.220000267028809,11.420000076293945,11.420000076293945,428100
2015-01-08,11.470000267028809,11.989999771118164,11.380000114440918,11.949999809265137,11.949999809265137,621500
2015-01-09,11.890000343322754,11.890000343322754,11.40999984741211,11.510000228881836,11.510000228881836,295100
2015-01-12,11.5600004196167,11.619999885559082,11.399999618530273,11.579999923706055,11.579999923706055,286800
2015-01-13,11.680000305175781,12.050000190734863,11.649999618530273,11.869999885559082,11.869999885559082,577800
2015-01-14,11.6899995803833,12.109999656677246,11.619999885559082,12.069999694824219,12.069999694824219,297700
2015-01-15,12.100000381469727,12.260000228881836,11.90999984741211,12.039999961853027,12.039999961853027,676700
2015-01-16,12.010000228881836,12.09000015258789,11.920000076293945,12.079999923706055,12.079999923706055,313900
2015-01-20,12.140000343322754,12.210000038146973,11.819999694824219,11.819999694824219,11.819999694824219,318200
2015-01-21,11.8100004196167,12.050000190734863,11.40999984741211,11.579999923706055,11.579999923706055,703500
2015-01-22,11.59000015258789,12.050000190734863,11.420000076293945,11.9399995803833,11.9399995803833,341200
2015-01-23,11.960000038146973,12.229999542236328,11.960000038146973,12.229999542236328,12.229999542236328,374900
2015-01-26,12.1899995803833,12.350000381469727,12.0,12.25,12.25,346300
2015-01-27,12.09000015258789,12.180000305175781,11.569999694824219,11.619999885559082,11.619999885559082,391200
2015-01-28,10.710000038146973,11.119999885559082,10.220000267028809,10.34000015258789,10.34000015258789,2016900
2015-01-29,10.399999618530273,10.579999923706055,9.949999809265137,10.460000038146973,10.460000038146973,1146600
2015-01-30,10.3100004196167,10.539999961853027,10.260000228881836,10.3100004196167,10.3100004196167,640300
2015-02-02,10.3100004196167,10.380000114440918,9.819999694824219,10.0,10.0,738000
2015-02-03,9.949999809265137,10.40999984741211,9.949999809265137,10.369999885559082,10.369999885559082,764200
2015-02-04,10.34000015258789,10.630000114440918,10.279999732971191,10.319999694824219,10.319999694824219,348200
2015-02-05,10.369999885559082,10.390000343322754,10.109999656677246,10.260000228881836,10.260000228881836,399300
2015-02-06,10.260000228881836,10.539999961853027,10.199999809265137,10.510000228881836,10.510000228881836,762800
2015-02-09,10.5,10.619999885559082,10.15999984741211,10.270000457763672,10.270000457763672,313600
2015-02-10,10.34000015258789,10.34000015258789,9.989999771118164,10.0600004196167,10.0600004196167,474300
2015-02-11,10.069999694824219,10.149999618530273,9.90999984741211,9.920000076293945,9.920000076293945,182900
2015-02-12,10.010000228881836,10.270000457763672,10.0,10.25,10.25,204900
2015-02-13,10.260000228881836,10.350000381469727,9.9399995803833,9.960000038146973,9.960000038146973,316300
2015-02-17,9.920000076293945,10.1899995803833,9.920000076293945,10.140000343322754,10.140000343322754,165700
2015-02-18,10.119999885559082,10.140000343322754,9.890000343322754,10.010000228881836,10.010000228881836,194700
2015-02-19,9.960000038146973,10.420000076293945,9.960000038146973,10.359999656677246,10.359999656677246,288000
2015-02-20,10.359999656677246,10.430000305175781,10.229999542236328,10.369999885559082,10.369999885559082,394600
2015-02-23,10.380000114440918,10.449999809265137,10.229999542236328,10.430000305175781,10.430000305175781,284900
2015-02-24,10.4399995803833,10.569999694824219,10.170000076293945,10.1899995803833,10.1899995803833,364700
2015-02-25,10.149999618530273,10.399999618530273,10.149999618530273,10.319999694824219,10.319999694824219,312100
2015-02-26,10.319999694824219,10.399999618530273,10.279999732971191,10.3100004196167,10.3100004196167,127300
2015-02-27,10.359999656677246,10.579999923706055,10.270000457763672,10.4399995803833,10.4399995803833,262600
2015-03-02,10.449999809265137,10.460000038146973,9.859999656677246,10.149999618530273,10.149999618530273,374800
2015-03-03,10.100000381469727,10.199999809265137,9.989999771118164,10.109999656677246,10.109999656677246,269400
2015-03-04,10.09000015258789,10.100000381469727,9.729999542236328,10.0,10.0,438100
2015-03-05,10.0,10.229999542236328,9.880000114440918,10.1899995803833,10.1899995803833,302500
2015-03-06,10.130000114440918,10.359999656677246,10.020000457763672,10.109999656677246,10.109999656677246,262500
2015-03-09,10.140000343322754,10.289999961853027,10.119999885559082,10.289999961853027,10.289999961853027,234300
2015-03-10,10.149999618530273,10.390000343322754,10.149999618530273,10.180000305175781,10.180000305175781,219400
2015-03-11,10.25,10.350000381469727,10.180000305175781,10.289999961853027,10.289999961853027,357300
2015-03-12,10.369999885559082,10.710000038146973,10.369999885559082,10.600000381469727,10.600000381469727,359900
2015-03-13,10.600000381469727,10.640000343322754,10.460000038146973,10.609999656677246,10.609999656677246,218100
2015-03-16,10.680000305175781,10.680000305175781,10.4399995803833,10.5600004196167,10.5600004196167,225800
2015-03-17,10.59000015258789,10.739999771118164,10.479999542236328,10.6899995803833,10.6899995803833,308700
2015-03-18,10.630000114440918,10.699999809265137,10.539999961853027,10.649999618530273,10.649999618530273,284700
2015-03-19,10.630000114440918,10.760000228881836,10.4399995803833,10.489999771118164,10.489999771118164,179700
2015-03-20,10.5600004196167,10.569999694824219,10.420000076293945,10.479999542236328,10.479999542236328,472800
2015-03-23,10.5,10.649999618530273,10.489999771118164,10.539999961853027,10.539999961853027,258300
2015-03-24,10.569999694824219,10.569999694824219,10.4399995803833,10.5,10.5,350000
2015-03-25,10.520000457763672,10.550000190734863,10.029999732971191,10.050000190734863,10.050000190734863,490200
2015-03-26,9.989999771118164,9.989999771118164,9.380000114440918,9.460000038146973,9.460000038146973,1141400
2015-03-27,9.5,9.760000228881836,9.420000076293945,9.470000267028809,9.470000267028809,351000
2015-03-30,9.550000190734863,9.550000190734863,9.100000381469727,9.15999984741211,9.15999984741211,642300
2015-03-31,9.100000381469727,9.399999618530273,9.079999923706055,9.130000114440918,9.130000114440918,468900
2015-04-01,9.109999656677246,9.369999885559082,9.069999694824219,9.300000190734863,9.300000190734863,216800
2015-04-02,9.210000038146973,9.579999923706055,9.1899995803833,9.520000457763672,9.520000457763672,389300
2015-04-06,9.5,9.59000015258789,9.420000076293945,9.539999961853027,9.539999961853027,310400
2015-04-07,9.520000457763672,9.75,9.520000457763672,9.680000305175781,9.680000305175781,307500
2015-04-08,9.699999809265137,9.869999885559082,9.6899995803833,9.800000190734863,9.800000190734863,375100
2015-04-09,9.789999961853027,9.880000114440918,9.569999694824219,9.600000381469727,9.600000381469727,202200
2015-04-10,9.539999961853027,9.699999809265137,9.369999885559082,9.470000267028809,9.470000267028809,273700
2015-04-13,9.449999809265137,9.539999961853027,9.319999694824219,9.34000015258789,9.34000015258789,268000
2015-04-14,9.40999984741211,9.489999771118164,9.300000190734863,9.399999618530273,9.399999618530273,374100
2015-04-15,9.470000267028809,9.510000228881836,9.380000114440918,9.449999809265137,9.449999809265137,510500
2015-04-16,9.4399995803833,9.579999923706055,9.380000114440918,9.420000076293945,9.420000076293945,475200
2015-04-17,9.369999885559082,9.369999885559082,9.130000114440918,9.15999984741211,9.15999984741211,321400
2015-04-20,9.25,9.34000015258789,9.149999618530273,9.300000190734863,9.300000190734863,285900
2015-04-21,9.34000015258789,9.350000381469727,9.210000038146973,9.239999771118164,9.239999771118164,164800
2015-04-22,9.239999771118164,9.260000228881836,9.109999656677246,9.210000038146973,9.210000038146973,190200
2015-04-23,9.170000076293945,9.380000114440918,9.170000076293945,9.369999885559082,9.369999885559082,267400
2015-04-24,9.399999618530273,9.4399995803833,9.199999809265137,9.220000267028809,9.220000267028809,222200
2015-04-27,9.1899995803833,9.479999542236328,9.109999656677246,9.149999618530273,9.149999618530273,575900
2015-04-28,9.140000343322754,9.380000114440918,9.140000343322754,9.300000190734863,9.300000190734863,399200
2015-04-29,9.25,9.350000381469727,9.130000114440918,9.180000305175781,9.180000305175781,246900
2015-04-30,9.140000343322754,9.34000015258789,9.119999885559082,9.199999809265137,9.199999809265137,358000
2015-05-01,9.149999618530273,9.149999618530273,7.679999828338623,8.40999984741211,8.40999984741211,1450800
2015-05-04,8.40999984741211,8.680000305175781,8.390000343322754,8.640000343322754,8.640000343322754,451000
2015-05-05,8.579999923706055,8.75,8.489999771118164,8.6899995803833,8.6899995803833,432400
2015-05-06,8.729999542236328,8.90999984741211,8.550000190734863,8.899999618530273,8.899999618530273,339200
2015-05-07,8.869999885559082,8.890000343322754,8.510000228881836,8.640000343322754,8.640000343322754,338700
2015-05-08,8.75,9.210000038146973,8.670000076293945,9.020000457763672,9.020000457763672,531000
2015-05-11,9.029999732971191,9.220000267028809,8.789999961853027,8.800000190734863,8.800000190734863,480900
2015-05-12,8.8100004196167,9.15999984741211,8.6899995803833,9.09000015258789,9.09000015258789,350600
2015-05-13,9.210000038146973,9.220000267028809,9.039999961853027,9.050000190734863,9.050000190734863,265900
2015-05-14,9.069999694824219,9.380000114440918,9.039999961853027,9.300000190734863,9.300000190734863,291200
2015-05-15,9.270000457763672,9.319999694824219,9.069999694824219,9.119999885559082,9.119999885559082,223000
2015-05-18,9.100000381469727,9.25,9.079999923706055,9.170000076293945,9.170000076293945,189300
2015-05-19,9.149999618530273,9.149999618530273,8.920000076293945,9.0,9.0,319600
2015-05-20,9.039999961853027,9.050000190734863,8.899999618530273,8.989999771118164,8.989999771118164,167100
2015-05-21,8.699999809265137,8.699999809265137,8.25,8.329999923706055,8.329999923706055,1090400
2015-05-22,8.34000015258789,8.399999618530273,8.149999618530273,8.1899995803833,8.1899995803833,331800
2015-05-26,8.15999984741211,8.180000305175781,7.769999980926514,7.869999885559082,7.869999885559082,500900
2015-05-27,7.960000038146973,8.0,7.71999979019165,7.840000152587891,7.840000152587891,1553000
2015-05-28,7.840000152587891,7.960000038146973,7.840000152587891,7.900000095367432,7.900000095367432,418800
2015-05-29,7.860000133514404,8.010000228881836,7.849999904632568,7.940000057220459,7.940000057220459,322000
2015-06-01,8.039999961853027,8.119999885559082,7.730000019073486,7.75,7.75,358000
2015-06-02,7.699999809265137,7.849999904632568,7.579999923706055,7.75,7.75,976100
2015-06-03,7.849999904632568,7.900000095367432,7.650000095367432,7.769999980926514,7.769999980926514,417800
2015-06-04,7.78000020980835,7.820000171661377,7.639999866485596,7.710000038146973,7.710000038146973,495800
2015-06-05,7.699999809265137,7.800000190734863,7.590000152587891,7.739999771118164,7.739999771118164,329100
2015-06-08,7.699999809265137,7.809999942779541,7.610000133514404,7.619999885559082,7.619999885559082,343500
2015-06-09,7.610000133514404,7.710000038146973,7.440000057220459,7.440000057220459,7.440000057220459,443900
2015-06-10,7.53000020980835,7.610000133514404,7.380000114440918,7.400000095367432,7.400000095367432,580400
2015-06-11,7.400000095367432,7.400000095367432,7.210000038146973,7.239999771118164,7.239999771118164,468800
2015-06-12,7.230000019073486,7.320000171661377,7.110000133514404,7.230000019073486,7.230000019073486,958700
2015-06-15,7.210000038146973,7.519999980926514,7.099999904632568,7.429999828338623,7.429999828338623,930400
2015-06-16,7.389999866485596,7.460000038146973,7.210000038146973,7.289999961853027,7.289999961853027,495900
2015-06-17,7.300000190734863,7.409999847412109,7.179999828338623,7.210000038146973,7.210000038146973,442800
2015-06-18,7.269999980926514,7.440000057220459,7.170000076293945,7.400000095367432,7.400000095367432,315000
2015-06-19,7.449999809265137,7.989999771118164,7.409999847412109,7.949999809265137,7.949999809265137,1256100
2015-06-22,7.960000038146973,8.09000015258789,7.900000095367432,8.050000190734863,8.050000190734863,495500
2015-06-23,8.079999923706055,8.270000457763672,8.0600004196167,8.170000076293945,8.170000076293945,532700
2015-06-24,8.199999809265137,8.34000015258789,8.15999984741211,8.239999771118164,8.239999771118164,519600
2015-06-25,8.199999809265137,8.199999809265137,7.739999771118164,7.820000171661377,7.820000171661377,373800
2015-06-26,7.820000171661377,7.860000133514404,7.5,7.659999847412109,7.659999847412109,1306400
2015-06-29,7.599999904632568,7.659999847412109,7.369999885559082,7.389999866485596,7.389999866485596,490300
2015-06-30,7.460000038146973,7.559999942779541,7.329999923706055,7.429999828338623,7.429999828338623,402900
2015-07-01,7.510000228881836,7.579999923706055,7.230000019073486,7.320000171661377,7.320000171661377,236800
2015-07-02,7.300000190734863,7.360000133514404,7.179999828338623,7.25,7.25,355600
2015-07-06,7.230000019073486,7.340000152587891,7.110000133514404,7.179999828338623,7.179999828338623,374500
2015-07-07,7.199999809265137,7.230000019073486,7.010000228881836,7.210000038146973,7.210000038146973,491000
2015-07-08,7.139999866485596,7.239999771118164,7.0,7.059999942779541,7.059999942779541,719600
2015-07-09,7.150000095367432,7.179999828338623,6.980000019073486,7.039999961853027,7.039999961853027,706200
2015-07-10,7.03000020980835,7.239999771118164,7.0,7.150000095367432,7.150000095367432,336700
2015-07-13,7.150000095367432,7.230000019073486,7.130000114440918,7.199999809265137,7.199999809265137,304700
2015-07-14,7.190000057220459,7.28000020980835,7.050000190734863,7.059999942779541,7.059999942779541,403700
2015-07-15,7.03000020980835,7.070000171661377,6.929999828338623,7.059999942779541,7.059999942779541,555100
2015-07-16,7.059999942779541,7.090000152587891,6.71999979019165,6.739999771118164,6.739999771118164,425200
2015-07-17,6.71999979019165,6.71999979019165,6.099999904632568,6.480000019073486,6.480000019073486,974900
2015-07-20,6.340000152587891,6.429999828338623,6.239999771118164,6.380000114440918,6.380000114440918,620800
2015-07-21,6.420000076293945,6.46999979019165,6.230000019073486,6.360000133514404,6.360000133514404,304600
2015-07-22,6.230000019073486,6.329999923706055,6.179999828338623,6.190000057220459,6.190000057220459,469400
2015-07-23,6.230000019073486,6.269999980926514,6.050000190734863,6.079999923706055,6.079999923706055,453800
2015-07-24,6.099999904632568,6.199999809265137,6.0,6.03000020980835,6.03000020980835,404700
2015-07-27,5.949999809265137,6.119999885559082,5.289999961853027,6.019999980926514,6.019999980926514,184900
2015-07-28,6.170000076293945,6.320000171661377,5.949999809265137,6.309999942779541,6.309999942779541,406200
2015-07-29,6.289999961853027,6.480000019073486,6.239999771118164,6.289999961853027,6.289999961853027,361000
2015-07-30,6.380000114440918,6.46999979019165,6.03000020980835,6.340000152587891,6.340000152587891,418600
2015-07-31,6.360000133514404,7.119999885559082,6.360000133514404,7.090000152587891,7.090000152587891,494200
2015-08-03,7.070000171661377,7.079999923706055,6.619999885559082,6.78000020980835,6.78000020980835,475900
2015-08-04,6.789999961853027,7.130000114440918,6.610000133514404,6.650000095367432,6.650000095367432,200200
2015-08-05,6.639999866485596,6.75,6.409999847412109,6.429999828338623,6.429999828338623,202100
2015-08-06,6.400000095367432,6.690000057220459,6.230000019073486,6.349999904632568,6.349999904632568,165100
2015-08-07,6.329999923706055,6.400000095367432,6.130000114440918,6.159999847412109,6.159999847412109,1182300
2015-08-10,6.150000095367432,6.289999961853027,6.110000133514404,6.119999885559082,6.119999885559082,398700
2015-08-11,5.96999979019165,6.090000152587891,5.849999904632568,6.03000020980835,6.03000020980835,494000
2015-08-12,6.019999980926514,6.110000133514404,5.860000133514404,6.059999942779541,6.059999942779541,310900
2015-08-13,6.03000020980835,6.099999904632568,5.760000228881836,5.769999980926514,5.769999980926514,188100
2015-08-14,5.78000020980835,6.119999885559082,5.78000020980835,6.119999885559082,6.119999885559082,322500
2015-08-17,6.130000114440918,6.199999809265137,5.989999771118164,6.139999866485596,6.139999866485596,363300
2015-08-18,6.159999847412109,6.179999828338623,6.039999961853027,6.079999923706055,6.079999923706055,196700
2015-08-19,6.079999923706055,6.130000114440918,5.900000095367432,6.070000171661377,6.070000171661377,653300
2015-08-20,5.989999771118164,6.199999809265137,5.860000133514404,6.050000190734863,6.050000190734863,291500
2015-08-21,5.889999866485596,6.150000095367432,5.889999866485596,6.079999923706055,6.079999923706055,476400
2015-08-24,6.050000190734863,6.309999942779541,5.860000133514404,6.150000095367432,6.150000095367432,588000
2015-08-25,6.289999961853027,6.360000133514404,5.579999923706055,5.650000095367432,5.650000095367432,761900
2015-08-26,5.730000019073486,6.340000152587891,5.519999980926514,5.78000020980835,5.78000020980835,663800
2015-08-27,5.789999961853027,5.940000057220459,5.639999866485596,5.75,5.75,469900
2015-08-28,5.699999809265137,5.989999771118164,5.630000114440918,5.829999923706055,5.829999923706055,346900
2015-08-31,5.840000152587891,6.340000152587891,5.71999979019165,6.320000171661377,6.320000171661377,398600
2015-09-01,6.289999961853027,6.46999979019165,6.090000152587891,6.130000114440918,6.130000114440918,501800
2015-09-02,6.190000057220459,6.300000190734863,6.019999980926514,6.179999828338623,6.179999828338623,392200
2015-09-03,6.079999923706055,6.199999809265137,5.96999979019165,6.0,6.0,359100
2015-09-04,5.900000095367432,6.039999961853027,5.849999904632568,5.900000095367432,5.900000095367432,196700
2015-09-08,6.019999980926514,6.179999828338623,5.949999809265137,6.099999904632568,6.099999904632568,238100
2015-09-09,6.130000114440918,6.21999979019165,5.940000057220459,5.980000019073486,5.980000019073486,203000
2015-09-10,5.960000038146973,6.03000020980835,5.920000076293945,6.0,6.0,172600
2015-09-11,6.0,6.050000190734863,5.949999809265137,6.039999961853027,6.039999961853027,230100
2015-09-14,6.079999923706055,6.199999809265137,5.989999771118164,6.139999866485596,6.139999866485596,345900
2015-09-15,6.150000095367432,6.239999771118164,6.130000114440918,6.21999979019165,6.21999979019165,162000
2015-09-16,6.239999771118164,6.289999961853027,6.079999923706055,6.150000095367432,6.150000095367432,297600
2015-09-17,6.119999885559082,6.210000038146973,6.050000190734863,6.150000095367432,6.150000095367432,359900
2015-09-18,6.150000095367432,6.289999961853027,6.079999923706055,6.099999904632568,6.099999904632568,956200
2015-09-21,6.130000114440918,6.25,6.03000020980835,6.099999904632568,6.099999904632568,362700
2015-09-22,6.039999961853027,6.429999828338623,6.039999961853027,6.230000019073486,6.230000019073486,464500
2015-09-23,6.230000019073486,6.269999980926514,5.96999979019165,6.059999942779541,6.059999942779541,575700
2015-09-24,6.050000190734863,6.579999923706055,5.96999979019165,6.570000171661377,6.570000171661377,458800
2015-09-25,6.590000152587891,6.590000152587891,6.260000228881836,6.46999979019165,6.46999979019165,466700
2015-09-28,6.46999979019165,6.46999979019165,6.099999904632568,6.099999904632568,6.099999904632568,281200
2015-09-29,6.099999904632568,6.170000076293945,6.019999980926514,6.099999904632568,6.099999904632568,280900
2015-09-30,6.099999904632568,6.190000057220459,5.96999979019165,6.170000076293945,6.170000076293945,295500
2015-10-01,6.150000095367432,6.369999885559082,6.119999885559082,6.269999980926514,6.269999980926514,476500
2015-10-02,6.230000019073486,6.239999771118164,5.929999828338623,6.010000228881836,6.010000228881836,261700
2015-10-05,6.039999961853027,6.5,6.039999961853027,6.449999809265137,6.449999809265137,294600
2015-10-06,6.429999828338623,6.619999885559082,6.340000152587891,6.460000038146973,6.460000038146973,186500
2015-10-07,6.539999961853027,6.840000152587891,6.489999771118164,6.71999979019165,6.71999979019165,496900
2015-10-08,6.650000095367432,7.139999866485596,6.409999847412109,7.0,7.0,405600
2015-10-09,6.96999979019165,7.079999923706055,6.760000228881836,6.829999923706055,6.829999923706055,215500
2015-10-12,6.829999923706055,6.869999885559082,6.699999809265137,6.800000190734863,6.800000190734863,113300
2015-10-13,6.75,6.989999771118164,6.75,6.900000095367432,6.900000095367432,258200
2015-10-14,6.940000057220459,6.989999771118164,6.730000019073486,6.75,6.75,137500
2015-10-15,6.730000019073486,6.880000114440918,6.639999866485596,6.849999904632568,6.849999904632568,185100
2015-10-16,6.849999904632568,6.869999885559082,6.570000171661377,6.599999904632568,6.599999904632568,196500
2015-10-19,6.579999923706055,6.71999979019165,6.550000190734863,6.610000133514404,6.610000133514404,181400
2015-10-20,6.559999942779541,6.650000095367432,6.269999980926514,6.320000171661377,6.320000171661377,337700
2015-10-21,6.320000171661377,6.5,6.230000019073486,6.349999904632568,6.349999904632568,300500
2015-10-22,6.369999885559082,6.5,6.230000019073486,6.360000133514404,6.360000133514404,231800
2015-10-23,6.400000095367432,6.639999866485596,6.159999847412109,6.590000152587891,6.590000152587891,377100
2015-10-26,6.559999942779541,6.659999847412109,6.46999979019165,6.539999961853027,6.539999961853027,199100
2015-10-27,6.570000171661377,6.639999866485596,6.230000019073486,6.309999942779541,6.309999942779541,280200
2015-10-28,6.309999942779541,6.789999961853027,6.309999942779541,6.690000057220459,6.690000057220459,773200
2015-10-29,6.650000095367432,6.809999942779541,6.329999923706055,6.650000095367432,6.650000095367432,235900
2015-10-30,6.679999828338623,6.769999980926514,6.389999866485596,6.659999847412109,6.659999847412109,275600
2015-11-02,6.650000095367432,6.909999847412109,6.650000095367432,6.840000152587891,6.840000152587891,256300
2015-11-03,6.849999904632568,6.989999771118164,6.730000019073486,6.78000020980835,6.78000020980835,221500
2015-11-04,6.809999942779541,6.929999828338623,6.650000095367432,6.690000057220459,6.690000057220459,217400
2015-11-05,6.670000076293945,6.78000020980835,6.559999942779541,6.639999866485596,6.639999866485596,116100
2015-11-06,6.639999866485596,6.869999885559082,6.300000190734863,6.800000190734863,6.800000190734863,225600
2015-11-09,6.78000020980835,6.800000190734863,6.46999979019165,6.510000228881836,6.510000228881836,123000
2015-11-10,6.579999923706055,6.900000095367432,6.460000038146973,6.519999980926514,6.519999980926514,281600
2015-11-11,6.53000020980835,7.03000020980835,6.199999809265137,6.21999979019165,6.21999979019165,285400
2015-11-12,6.210000038146973,6.28000020980835,5.639999866485596,5.670000076293945,5.670000076293945,444600
2015-11-13,5.610000133514404,5.78000020980835,5.449999809265137,5.489999771118164,5.489999771118164,513300
2015-11-16,5.440000057220459,5.690000057220459,5.400000095367432,5.670000076293945,5.670000076293945,443100
2015-11-17,5.670000076293945,5.78000020980835,5.570000171661377,5.579999923706055,5.579999923706055,552500
2015-11-18,5.579999923706055,5.849999904632568,5.53000020980835,5.849999904632568,5.849999904632568,310500
2015-11-19,5.809999942779541,5.849999904632568,5.5,5.619999885559082,5.619999885559082,374600
2015-11-20,5.670000076293945,5.769999980926514,5.650000095367432,5.710000038146973,5.710000038146973,407800
2015-11-23,5.659999847412109,5.800000190734863,5.630000114440918,5.75,5.75,224200
2015-11-24,5.710000038146973,5.789999961853027,5.650000095367432,5.710000038146973,5.710000038146973,149000
2015-11-25,5.679999828338623,5.78000020980835,5.650000095367432,5.730000019073486,5.730000019073486,288700
2015-11-27,5.690000057220459,5.829999923706055,5.690000057220459,5.78000020980835,5.78000020980835,172100
2015-11-30,5.78000020980835,5.860000133514404,5.699999809265137,5.789999961853027,5.789999961853027,374900
2015-12-01,5.800000190734863,5.889999866485596,5.679999828338623,5.739999771118164,5.739999771118164,232700
2015-12-02,5.760000228881836,5.800000190734863,5.409999847412109,5.449999809265137,5.449999809265137,304000
2015-12-03,5.449999809265137,5.539999961853027,5.360000133514404,5.380000114440918,5.380000114440918,372600
2015-12-04,5.369999885559082,5.380000114440918,5.190000057220459,5.260000228881836,5.260000228881836,435400
2015-12-07,5.28000020980835,5.28000020980835,5.059999942779541,5.099999904632568,5.099999904632568,268900
2015-12-08,5.059999942779541,5.21999979019165,4.989999771118164,5.170000076293945,5.170000076293945,329100
2015-12-09,5.130000114440918,5.300000190734863,5.079999923706055,5.139999866485596,5.139999866485596,162200
2015-12-10,5.119999885559082,5.159999847412109,5.059999942779541,5.130000114440918,5.130000114440918,147800
2015-12-11,4.989999771118164,5.090000152587891,4.75,4.849999904632568,4.849999904632568,381500
2015-12-14,4.809999942779541,5.050000190734863,4.769999980926514,4.860000133514404,4.860000133514404,912900
2015-12-15,4.860000133514404,4.949999809265137,4.710000038146973,4.71999979019165,4.71999979019165,451500
2015-12-16,4.78000020980835,4.949999809265137,4.679999828338623,4.800000190734863,4.800000190734863,629900
2015-12-17,4.789999961853027,5.170000076293945,4.789999961853027,5.0,5.0,667600
2015-12-18,4.949999809265137,5.050000190734863,4.690000057220459,4.960000038146973,4.960000038146973,1313700
2015-12-21,4.989999771118164,5.389999866485596,4.880000114440918,5.309999942779541,5.309999942779541,535300
2015-12-22,5.289999961853027,5.309999942779541,5.079999923706055,5.210000038146973,5.210000038146973,288800
2015-12-23,5.28000020980835,5.480000019073486,5.269999980926514,5.389999866485596,5.389999866485596,374500
2015-12-24,5.309999942779541,5.440000057220459,5.119999885559082,5.25,5.25,250600
2015-12-28,5.210000038146973,5.239999771118164,4.920000076293945,4.929999828338623,4.929999828338623,286400
2015-12-29,4.940000057220459,5.0,4.769999980926514,4.989999771118164,4.989999771118164,1033500
2015-12-30,4.980000019073486,4.980000019073486,4.75,4.820000171661377,4.820000171661377,401100
2015-12-31,4.71999979019165,5.079999923706055,4.690000057220459,4.989999771118164,4.989999771118164,789600
2016-01-04,4.929999828338623,5.150000095367432,4.599999904632568,4.849999904632568,4.849999904632568,583900
2016-01-05,4.880000114440918,4.940000057220459,4.760000228881836,4.869999885559082,4.869999885559082,495800
2016-01-06,4.789999961853027,4.860000133514404,4.559999942779541,4.730000019073486,4.730000019073486,700700
2016-01-07,4.630000114440918,4.71999979019165,4.559999942779541,4.599999904632568,4.599999904632568,922800
2016-01-08,4.53000020980835,4.579999923706055,4.039999961853027,4.039999961853027,4.039999961853027,1822700
2016-01-11,4.03000020980835,4.050000190734863,3.5399999618530273,3.6500000953674316,3.6500000953674316,985200
2016-01-12,3.6500000953674316,3.809999942779541,3.240000009536743,3.390000104904175,3.390000104904175,933400
2016-01-13,3.440000057220459,3.5899999141693115,3.259999990463257,3.259999990463257,3.259999990463257,966300
2016-01-14,3.2699999809265137,3.559999942779541,3.1600000858306885,3.380000114440918,3.380000114440918,831400
2016-01-15,3.4000000953674316,3.5,3.2200000286102295,3.4000000953674316,3.4000000953674316,920700
2016-01-19,3.5,3.5,2.930000066757202,3.069999933242798,3.069999933242798,1150900
2016-01-20,3.0199999809265137,3.2899999618530273,2.950000047683716,3.1600000858306885,3.1600000858306885,945300
2016-01-21,3.1500000953674316,3.3299999237060547,3.1500000953674316,3.2899999618530273,3.2899999618530273,514000
2016-01-22,3.3399999141693115,3.4000000953674316,3.1700000762939453,3.3399999141693115,3.3399999141693115,490000
2016-01-25,3.3299999237060547,3.3399999141693115,3.1500000953674316,3.1500000953674316,3.1500000953674316,378700
2016-01-26,3.130000114440918,3.299999952316284,3.109999895095825,3.299999952316284,3.299999952316284,432800
2016-01-27,3.2200000286102295,3.3499999046325684,3.200000047683716,3.25,3.25,865900
2016-01-28,3.299999952316284,3.3399999141693115,2.990000009536743,3.0,3.0,817300
2016-01-29,3.059999942779541,3.3299999237060547,2.9600000381469727,3.0399999618530273,3.0399999618530273,1100500
2016-02-01,3.0299999713897705,3.1600000858306885,2.950000047683716,3.119999885559082,3.119999885559082,445300
2016-02-02,3.0799999237060547,3.2100000381469727,2.9100000858306885,2.9800000190734863,2.9800000190734863,499800
2016-02-03,2.990000009536743,3.0999999046325684,2.8299999237060547,2.9600000381469727,2.9600000381469727,651300
2016-02-04,2.940000057220459,3.25,2.940000057220459,3.069999933242798,3.069999933242798,549600
2016-02-05,3.0799999237060547,3.200000047683716,3.0,3.119999885559082,3.119999885559082,637100
2016-02-08,3.0299999713897705,3.0999999046325684,2.799999952316284,2.890000104904175,2.890000104904175,504100
2016-02-09,2.700000047683716,2.950000047683716,2.549999952316284,2.6500000953674316,2.6500000953674316,680700
2016-02-10,2.799999952316284,2.799999952316284,2.5999999046325684,2.609999895095825,2.609999895095825,375400
2016-02-11,2.5899999141693115,2.5899999141693115,2.4700000286102295,2.490000009536743,2.490000009536743,449600
2016-02-12,2.5,2.5299999713897705,2.440000057220459,2.4800000190734863,2.4800000190734863,591600
2016-02-16,2.509999990463257,2.680000066757202,2.4800000190734863,2.6500000953674316,2.6500000953674316,734400
2016-02-17,2.7300000190734863,2.930000066757202,2.509999990463257,2.880000114440918,2.880000114440918,710500
2016-02-18,2.9000000953674316,2.9000000953674316,2.7899999618530273,2.819999933242798,2.819999933242798,376600
2016-02-19,2.759999990463257,2.9600000381469727,2.7100000381469727,2.9200000762939453,2.9200000762939453,1336300
2016-02-22,3.0,3.049999952316284,2.9200000762939453,2.9600000381469727,2.9600000381469727,667400
2016-02-23,2.940000057220459,2.9800000190734863,2.799999952316284,2.859999895095825,2.859999895095825,210800
2016-02-24,2.8299999237060547,2.8499999046325684,2.680000066757202,2.799999952316284,2.799999952316284,289500
2016-02-25,2.7799999713897705,2.890000104904175,2.690000057220459,2.7799999713897705,2.7799999713897705,151600
2016-02-26,2.7699999809265137,2.9100000858306885,2.759999990463257,2.869999885559082,2.869999885559082,149100
2016-02-29,2.9000000953674316,3.0899999141693115,2.8299999237060547,2.9000000953674316,2.9000000953674316,372000
2016-03-01,2.9100000858306885,2.950000047683716,2.7699999809265137,2.7899999618530273,2.7899999618530273,159700
2016-03-02,2.819999933242798,3.0799999237060547,2.819999933242798,3.0199999809265137,3.0199999809265137,293100
2016-03-03,3.0,3.319999933242798,3.0,3.130000114440918,3.130000114440918,326300
2016-03-04,3.119999885559082,3.3299999237060547,3.119999885559082,3.130000114440918,3.130000114440918,285700
2016-03-07,3.0999999046325684,3.4000000953674316,3.069999933242798,3.2200000286102295,3.2200000286102295,383600
2016-03-08,3.200000047683716,3.2899999618530273,2.940000057220459,2.9800000190734863,2.9800000190734863,304000
2016-03-09,3.0,3.069999933242798,2.950000047683716,3.0199999809265137,3.0199999809265137,524500
2016-03-10,3.009999990463257,3.0799999237060547,2.809999942779541,2.8399999141693115,2.8399999141693115,336500
2016-03-11,2.9000000953674316,2.9600000381469727,2.75,2.890000104904175,2.890000104904175,415500
2016-03-14,2.869999885559082,2.9600000381469727,2.7899999618530273,2.940000057220459,2.940000057220459,227500
2016-03-15,2.930000066757202,2.9700000286102295,2.680000066757202,2.75,2.75,187600
2016-03-16,2.7300000190734863,2.8399999141693115,2.7100000381469727,2.799999952316284,2.799999952316284,157400
2016-03-17,2.7799999713897705,2.9000000953674316,2.7699999809265137,2.880000114440918,2.880000114440918,203500
2016-03-18,2.9000000953674316,3.0799999237060547,2.8499999046325684,3.009999990463257,3.009999990463257,1863700
2016-03-21,2.9700000286102295,2.9800000190734863,2.7799999713897705,2.9600000381469727,2.9600000381469727,257500
2016-03-22,2.9200000762939453,3.0299999713897705,2.8399999141693115,2.9700000286102295,2.9700000286102295,213800
2016-03-23,2.950000047683716,2.9600000381469727,2.809999942779541,2.819999933242798,2.819999933242798,257800
2016-03-24,2.8299999237060547,3.0199999809265137,2.75,2.9800000190734863,2.9800000190734863,404600
2016-03-28,2.9600000381469727,3.049999952316284,2.880000114440918,3.0399999618530273,3.0399999618530273,276300
2016-03-29,3.0,3.0399999618530273,2.869999885559082,2.990000009536743,2.990000009536743,328000
2016-03-30,3.009999990463257,3.049999952316284,2.9800000190734863,3.0199999809265137,3.0199999809265137,262100
2016-03-31,3.0,3.049999952316284,2.930000066757202,2.9700000286102295,2.9700000286102295,466200
2016-04-01,2.950000047683716,3.0199999809265137,2.940000057220459,2.9800000190734863,2.9800000190734863,270900
2016-04-04,3.009999990463257,3.5,3.0,3.200000047683716,3.200000047683716,872700
2016-04-05,3.200000047683716,3.2100000381469727,3.069999933242798,3.140000104904175,3.140000104904175,312700
2016-04-06,3.130000114440918,3.4100000858306885,3.109999895095825,3.4000000953674316,3.4000000953674316,491800
2016-04-07,3.4000000953674316,4.050000190734863,3.390000104904175,4.03000020980835,4.03000020980835,989100
2016-04-08,3.930000066757202,4.050000190734863,3.640000104904175,3.8399999141693115,3.8399999141693115,697600
2016-04-11,3.8299999237060547,4.0,3.6600000858306885,3.700000047683716,3.700000047683716,447900
2016-04-12,3.700000047683716,3.7899999618530273,3.619999885559082,3.680000066757202,3.680000066757202,631200
2016-04-13,3.7100000381469727,4.21999979019165,3.7100000381469727,4.0,4.0,832800
2016-04-14,4.019999980926514,4.139999866485596,3.990000009536743,4.03000020980835,4.03000020980835,427000
2016-04-15,3.990000009536743,4.159999847412109,3.9600000381469727,4.130000114440918,4.130000114440918,258900
2016-04-18,4.090000152587891,4.389999866485596,4.079999923706055,4.28000020980835,4.28000020980835,634500
2016-04-19,4.349999904632568,4.599999904632568,4.340000152587891,4.400000095367432,4.400000095367432,567300
2016-04-20,4.449999809265137,4.75,4.380000114440918,4.550000190734863,4.550000190734863,658800
2016-04-21,4.579999923706055,4.730000019073486,4.429999828338623,4.510000228881836,4.510000228881836,437400
2016-04-22,4.559999942779541,4.900000095367432,4.559999942779541,4.820000171661377,4.820000171661377,1285300
2016-04-25,4.829999923706055,4.829999923706055,4.550000190734863,4.659999847412109,4.659999847412109,357100
2016-04-26,4.670000076293945,4.71999979019165,4.599999904632568,4.670000076293945,4.670000076293945,303500
2016-04-27,4.630000114440918,4.820000171661377,4.619999885559082,4.789999961853027,4.789999961853027,295900
2016-04-28,4.840000152587891,5.179999828338623,4.809999942779541,4.869999885559082,4.869999885559082,1329000
2016-04-29,4.880000114440918,5.099999904632568,4.78000020980835,4.949999809265137,4.949999809265137,689800
2016-05-02,5.019999980926514,5.059999942779541,4.849999904632568,4.980000019073486,4.980000019073486,354200
2016-05-03,4.900000095367432,5.0,4.699999809265137,4.869999885559082,4.869999885559082,340100
2016-05-04,4.800000190734863,4.960000038146973,4.760000228881836,4.840000152587891,4.840000152587891,256200
2016-05-05,4.869999885559082,4.909999847412109,4.639999866485596,4.639999866485596,4.639999866485596,250300
2016-05-06,4.630000114440918,4.860000133514404,4.590000152587891,4.860000133514404,4.860000133514404,447600
2016-05-09,4.869999885559082,4.900000095367432,4.670000076293945,4.760000228881836,4.760000228881836,357000
2016-05-10,4.590000152587891,5.920000076293945,4.400000095367432,5.429999828338623,5.429999828338623,2185700
2016-05-11,5.409999847412109,6.170000076293945,5.409999847412109,5.849999904632568,5.849999904632568,1474800
2016-05-12,5.889999866485596,5.96999979019165,5.420000076293945,5.559999942779541,5.559999942779541,1079200
2016-05-13,5.559999942779541,6.019999980926514,5.510000228881836,5.690000057220459,5.690000057220459,867200
2016-05-16,5.730000019073486,6.0,5.699999809265137,5.809999942779541,5.809999942779541,607600
2016-05-17,5.809999942779541,6.130000114440918,5.690000057220459,5.909999847412109,5.909999847412109,888200
2016-05-18,5.920000076293945,6.159999847412109,5.860000133514404,5.920000076293945,5.920000076293945,377200
2016-05-19,5.880000114440918,6.139999866485596,5.849999904632568,6.03000020980835,6.03000020980835,415600
2016-05-20,6.090000152587891,6.420000076293945,6.03000020980835,6.269999980926514,6.269999980926514,798700
2016-05-23,6.269999980926514,6.690000057220459,6.269999980926514,6.570000171661377,6.570000171661377,710700
2016-05-24,6.670000076293945,6.840000152587891,6.510000228881836,6.699999809265137,6.699999809265137,814500
2016-05-25,6.809999942779541,6.940000057220459,6.710000038146973,6.730000019073486,6.730000019073486,972600
2016-05-26,6.75,6.760000228881836,6.409999847412109,6.579999923706055,6.579999923706055,543800
2016-05-27,6.599999904632568,6.800000190734863,6.579999923706055,6.650000095367432,6.650000095367432,318600
2016-05-31,6.840000152587891,6.880000114440918,6.630000114440918,6.78000020980835,6.78000020980835,508400
2016-06-01,6.679999828338623,6.820000171661377,6.409999847412109,6.78000020980835,6.78000020980835,533600
2016-06-02,6.579999923706055,6.900000095367432,6.579999923706055,6.849999904632568,6.849999904632568,459600
2016-06-03,6.840000152587891,6.869999885559082,6.610000133514404,6.769999980926514,6.769999980926514,521900
2016-06-06,6.789999961853027,7.150000095367432,6.739999771118164,7.130000114440918,7.130000114440918,1206000
2016-06-07,7.130000114440918,7.239999771118164,6.989999771118164,7.070000171661377,7.070000171661377,471300
2016-06-08,7.099999904632568,7.130000114440918,6.949999809265137,6.960000038146973,6.960000038146973,373200
2016-06-09,6.96999979019165,7.050000190734863,6.690000057220459,6.690000057220459,6.690000057220459,392400
2016-06-10,6.679999828338623,6.869999885559082,6.5,6.590000152587891,6.590000152587891,264200
2016-06-13,6.53000020980835,6.730000019073486,6.489999771118164,6.510000228881836,6.510000228881836,227200
2016-06-14,6.5,6.679999828338623,6.28000020980835,6.340000152587891,6.340000152587891,300200
2016-06-15,6.420000076293945,6.670000076293945,6.340000152587891,6.389999866485596,6.389999866485596,419200
2016-06-16,6.300000190734863,6.579999923706055,6.260000228881836,6.579999923706055,6.579999923706055,543200
2016-06-17,6.590000152587891,6.920000076293945,6.579999923706055,6.849999904632568,6.849999904632568,682100
2016-06-20,6.949999809265137,7.21999979019165,6.929999828338623,7.159999847412109,7.159999847412109,439300
2016-06-21,6.989999771118164,7.230000019073486,6.949999809265137,7.210000038146973,7.210000038146973,367100
2016-06-22,7.199999809265137,7.199999809265137,6.920000076293945,6.989999771118164,6.989999771118164,558100
2016-06-23,7.110000133514404,7.5,7.03000020980835,7.480000019073486,7.480000019073486,620500
2016-06-24,7.099999904632568,7.5,6.949999809265137,7.5,7.5,1130400
2016-06-27,7.449999809265137,7.449999809265137,6.659999847412109,6.849999904632568,6.849999904632568,677300
2016-06-28,6.78000020980835,7.099999904632568,6.78000020980835,7.010000228881836,7.010000228881836,399200
2016-06-29,7.119999885559082,7.380000114440918,7.090000152587891,7.340000152587891,7.340000152587891,499600
2016-06-30,7.389999866485596,7.590000152587891,7.03000020980835,7.559999942779541,7.559999942779541,598400
2016-07-01,7.519999980926514,7.730000019073486,7.480000019073486,7.599999904632568,7.599999904632568,440000
2016-07-05,7.610000133514404,7.659999847412109,7.260000228881836,7.400000095367432,7.400000095367432,505100
2016-07-06,7.340000152587891,7.670000076293945,7.190000057220459,7.639999866485596,7.639999866485596,633400
2016-07-07,8.829999923706055,9.34000015258789,8.539999961853027,8.899999618530273,8.899999618530273,2281500
2016-07-08,8.880000114440918,9.180000305175781,8.850000381469727,8.970000267028809,8.970000267028809,1648800
2016-07-11,9.0,9.270000457763672,8.899999618530273,9.239999771118164,9.239999771118164,761800
2016-07-12,9.380000114440918,9.729999542236328,9.380000114440918,9.65999984741211,9.65999984741211,819900
2016-07-13,9.75,9.75,9.3100004196167,9.4399995803833,9.4399995803833,698200
2016-07-14,9.520000457763672,9.59000015258789,9.270000457763672,9.5,9.5,811100
2016-07-15,9.600000381469727,9.800000190734863,9.460000038146973,9.800000190734863,9.800000190734863,831400
2016-07-18,9.760000228881836,9.829999923706055,9.579999923706055,9.640000343322754,9.640000343322754,397100
2016-07-19,9.520000457763672,9.770000457763672,9.34000015258789,9.569999694824219,9.569999694824219,567500
2016-07-20,9.630000114440918,9.630000114440918,9.3100004196167,9.319999694824219,9.319999694824219,451500
2016-07-21,9.380000114440918,9.520000457763672,9.130000114440918,9.149999618530273,9.149999618530273,452500
2016-07-22,9.109999656677246,9.319999694824219,8.960000038146973,9.270000457763672,9.270000457763672,418100
2016-07-25,9.229999542236328,9.239999771118164,8.970000267028809,9.050000190734863,9.050000190734863,246900
2016-07-26,9.069999694824219,9.34000015258789,8.960000038146973,9.149999618530273,9.149999618530273,377700
2016-07-27,9.149999618530273,9.420000076293945,9.029999732971191,9.25,9.25,283000
2016-07-28,9.119999885559082,9.3100004196167,9.09000015258789,9.119999885559082,9.119999885559082,229200
2016-07-29,8.930000305175781,9.199999809265137,8.920000076293945,9.0600004196167,9.0600004196167,276600
2016-08-01,9.079999923706055,9.270000457763672,8.9399995803833,9.039999961853027,9.039999961853027,230700
2016-08-02,9.0600004196167,9.1899995803833,8.960000038146973,9.09000015258789,9.09000015258789,289100
2016-08-03,9.079999923706055,9.289999961853027,9.0,9.289999961853027,9.289999961853027,759300
2016-08-04,9.399999618530273,9.760000228881836,9.140000343322754,9.270000457763672,9.270000457763672,437200
2016-08-05,9.300000190734863,9.449999809265137,9.210000038146973,9.270000457763672,9.270000457763672,385700
2016-08-08,9.319999694824219,9.609999656677246,9.300000190734863,9.359999656677246,9.359999656677246,252200
2016-08-09,9.229999542236328,9.619999885559082,9.229999542236328,9.300000190734863,9.300000190734863,352700
2016-08-10,9.279999732971191,9.359999656677246,9.109999656677246,9.15999984741211,9.15999984741211,608200
2016-08-11,9.260000228881836,9.470000267028809,8.829999923706055,9.199999809265137,9.199999809265137,391600
2016-08-12,9.1899995803833,9.300000190734863,9.010000228881836,9.0600004196167,9.0600004196167,584000
2016-08-15,9.069999694824219,9.680000305175781,9.069999694824219,9.640000343322754,9.640000343322754,632700
2016-08-16,9.59000015258789,9.59000015258789,9.279999732971191,9.300000190734863,9.300000190734863,397600
2016-08-17,9.670000076293945,10.210000038146973,9.550000190734863,9.960000038146973,9.960000038146973,987400
2016-08-18,9.989999771118164,10.100000381469727,9.899999618530273,10.079999923706055,10.079999923706055,644300
2016-08-19,10.039999961853027,10.180000305175781,9.9399995803833,10.149999618530273,10.149999618530273,341700
2016-08-22,10.140000343322754,10.329999923706055,9.960000038146973,10.3100004196167,10.3100004196167,262700
2016-08-23,10.359999656677246,10.489999771118164,10.119999885559082,10.34000015258789,10.34000015258789,439400
2016-08-24,10.300000190734863,10.430000305175781,9.869999885559082,9.920000076293945,9.920000076293945,323100
2016-08-25,9.920000076293945,10.229999542236328,9.920000076293945,10.100000381469727,10.100000381469727,277000
2016-08-26,10.140000343322754,10.15999984741211,9.899999618530273,9.970000267028809,9.970000267028809,252000
2016-08-29,10.010000228881836,10.170000076293945,9.989999771118164,10.15999984741211,10.15999984741211,259900
2016-08-30,10.130000114440918,10.4399995803833,10.119999885559082,10.279999732971191,10.279999732971191,295900
2016-08-31,10.319999694824219,10.420000076293945,10.100000381469727,10.350000381469727,10.350000381469727,675000
2016-09-01,10.34000015258789,10.390000343322754,10.020000457763672,10.170000076293945,10.170000076293945,331700
2016-09-02,10.170000076293945,10.600000381469727,10.170000076293945,10.539999961853027,10.539999961853027,406500
2016-09-06,10.479999542236328,10.619999885559082,10.329999923706055,10.489999771118164,10.489999771118164,392700
2016-09-07,10.489999771118164,10.5600004196167,10.40999984741211,10.470000267028809,10.470000267028809,533500
2016-09-08,10.510000228881836,10.550000190734863,10.369999885559082,10.380000114440918,10.380000114440918,314300
2016-09-09,10.300000190734863,10.329999923706055,9.819999694824219,9.850000381469727,9.850000381469727,557200
2016-09-12,9.699999809265137,10.34000015258789,9.550000190734863,10.270000457763672,10.270000457763672,493500
2016-09-13,10.1899995803833,10.270000457763672,9.850000381469727,9.970000267028809,9.970000267028809,626000
2016-09-14,10.010000228881836,10.039999961853027,9.75,9.869999885559082,9.869999885559082,478000
2016-09-15,9.90999984741211,10.25,9.880000114440918,10.210000038146973,10.210000038146973,514300
2016-09-16,10.229999542236328,10.260000228881836,10.050000190734863,10.0600004196167,10.0600004196167,692600
2016-09-19,10.140000343322754,10.3100004196167,9.869999885559082,10.020000457763672,10.020000457763672,635000
2016-09-20,10.119999885559082,10.220000267028809,9.800000190734863,9.979999542236328,9.979999542236328,350700
2016-09-21,10.029999732971191,10.1899995803833,9.800000190734863,9.989999771118164,9.989999771118164,366400
2016-09-22,10.0600004196167,10.0600004196167,9.869999885559082,9.899999618530273,9.899999618530273,643700
2016-09-23,9.899999618530273,10.260000228881836,9.779999732971191,10.119999885559082,10.119999885559082,472900
2016-09-26,10.020000457763672,10.069999694824219,9.869999885559082,9.9399995803833,9.9399995803833,412200
2016-09-27,9.899999618530273,9.979999542236328,9.720000267028809,9.829999923706055,9.829999923706055,352600
2016-09-28,9.890000343322754,10.420000076293945,9.539999961853027,10.350000381469727,10.350000381469727,914800
2016-09-29,10.380000114440918,10.920000076293945,10.3100004196167,10.800000190734863,10.800000190734863,1052700
2016-09-30,10.949999809265137,11.119999885559082,10.710000038146973,11.0600004196167,11.0600004196167,1083000
2016-10-03,11.09000015258789,11.329999923706055,10.989999771118164,11.140000343322754,11.140000343322754,561200
2016-10-04,11.09000015258789,11.119999885559082,10.670000076293945,10.739999771118164,10.739999771118164,390300
2016-10-05,10.869999885559082,11.029999732971191,10.819999694824219,10.850000381469727,10.850000381469727,338600
2016-10-06,10.789999961853027,10.789999961853027,10.460000038146973,10.5600004196167,10.5600004196167,220200
2016-10-07,10.539999961853027,10.65999984741211,10.34000015258789,10.460000038146973,10.460000038146973,476700
2016-10-10,10.569999694824219,10.680000305175781,10.460000038146973,10.649999618530273,10.649999618530273,213300
2016-10-11,10.600000381469727,10.739999771118164,10.069999694824219,10.609999656677246,10.609999656677246,256000
2016-10-12,10.619999885559082,10.960000038146973,10.510000228881836,10.930000305175781,10.930000305175781,351900
2016-10-13,10.930000305175781,11.020000457763672,10.779999732971191,10.930000305175781,10.930000305175781,384100
2016-10-14,10.970000267028809,10.989999771118164,10.649999618530273,10.899999618530273,10.899999618530273,273600
2016-10-17,10.859999656677246,10.930000305175781,10.65999984741211,10.800000190734863,10.800000190734863,188800
2016-10-18,10.949999809265137,11.0,10.84000015258789,10.890000343322754,10.890000343322754,341300
2016-10-19,10.960000038146973,10.960000038146973,10.619999885559082,10.920000076293945,10.920000076293945,157900
2016-10-20,10.8100004196167,10.979999542236328,10.8100004196167,10.949999809265137,10.949999809265137,186400
2016-10-21,10.8100004196167,10.979999542236328,10.640000343322754,10.859999656677246,10.859999656677246,158300
2016-10-24,10.90999984741211,11.020000457763672,10.779999732971191,10.819999694824219,10.819999694824219,225100
2016-10-25,10.819999694824219,10.880000114440918,10.630000114440918,10.649999618530273,10.649999618530273,566500
2016-10-26,10.550000190734863,10.649999618530273,10.319999694824219,10.430000305175781,10.430000305175781,690100
2016-10-27,10.569999694824219,10.640000343322754,10.170000076293945,10.220000267028809,10.220000267028809,672700
2016-10-28,10.260000228881836,10.430000305175781,9.949999809265137,9.989999771118164,9.989999771118164,474400
2016-10-31,9.949999809265137,10.199999809265137,9.699999809265137,9.75,9.75,608200
2016-11-01,9.850000381469727,9.949999809265137,9.649999618530273,9.75,9.75,304800
2016-11-02,9.649999618530273,9.800000190734863,9.550000190734863,9.649999618530273,9.649999618530273,345200
2016-11-03,9.649999618530273,9.699999809265137,9.550000190734863,9.550000190734863,9.550000190734863,185000
2016-11-04,9.600000381469727,9.75,9.350000381469727,9.600000381469727,9.600000381469727,204000
2016-11-07,9.800000190734863,9.899999618530273,9.649999618530273,9.800000190734863,9.800000190734863,497700
2016-11-08,9.75,9.800000190734863,9.5,9.600000381469727,9.600000381469727,250600
2016-11-09,9.600000381469727,10.069999694824219,9.460000038146973,10.0,10.0,418000
2016-11-10,10.100000381469727,10.699999809265137,10.100000381469727,10.550000190734863,10.550000190734863,772200
2016-11-11,10.5,11.0,10.5,10.949999809265137,10.949999809265137,795700
2016-11-14,11.199999809265137,11.25,10.649999618530273,11.100000381469727,11.100000381469727,582700
2016-11-15,11.100000381469727,11.229999542236328,10.930000305175781,11.149999618530273,11.149999618530273,560300
2016-11-16,11.149999618530273,11.300000190734863,10.949999809265137,11.100000381469727,11.100000381469727,344600
2016-11-17,11.199999809265137,11.399999618530273,10.75,11.0,11.0,315100
2016-11-18,11.050000190734863,11.350000381469727,11.0,11.25,11.25,339900
2016-11-21,11.899999618530273,11.899999618530273,11.130000114440918,11.350000381469727,11.350000381469727,322700
2016-11-22,11.350000381469727,11.600000381469727,11.300000190734863,11.600000381469727,11.600000381469727,260200
2016-11-23,11.600000381469727,11.680000305175781,11.449999809265137,11.649999618530273,11.649999618530273,377700
2016-11-25,11.649999618530273,11.729999542236328,11.399999618530273,11.449999809265137,11.449999809265137,85000
2016-11-28,11.449999809265137,11.550000190734863,11.0600004196167,11.25,11.25,244500
2016-11-29,11.350000381469727,11.800000190734863,11.050000190734863,11.199999809265137,11.199999809265137,349700
2016-11-30,11.199999809265137,11.699999809265137,11.050000190734863,11.649999618530273,11.649999618530273,469800
2016-12-01,11.75,11.899999618530273,11.5,11.600000381469727,11.600000381469727,347600
2016-12-02,11.649999618530273,11.649999618530273,11.199999809265137,11.300000190734863,11.300000190734863,310600
2016-12-05,11.5,11.699999809265137,11.350000381469727,11.350000381469727,11.350000381469727,310200
2016-12-06,11.449999809265137,11.850000381469727,11.399999618530273,11.75,11.75,425500
2016-12-07,11.649999618530273,11.949999809265137,11.550000190734863,11.800000190734863,11.800000190734863,374900
2016-12-08,11.300000190734863,12.0,11.050000190734863,11.75,11.75,656400
2016-12-09,11.850000381469727,11.850000381469727,11.600000381469727,11.75,11.75,620200
2016-12-12,11.350000381469727,11.550000190734863,10.800000190734863,10.949999809265137,10.949999809265137,1161700
2016-12-13,10.949999809265137,11.149999618530273,10.5,10.550000190734863,10.550000190734863,599800
2016-12-14,10.649999618530273,10.800000190734863,10.449999809265137,10.5,10.5,314700
2016-12-15,10.600000381469727,10.75,10.350000381469727,10.399999618530273,10.399999618530273,421200
2016-12-16,10.399999618530273,10.75,10.199999809265137,10.399999618530273,10.399999618530273,1495800
2016-12-19,10.399999618530273,10.600000381469727,10.180000305175781,10.300000190734863,10.300000190734863,513000
2016-12-20,10.25,10.729999542236328,10.25,10.600000381469727,10.600000381469727,184400
2016-12-21,10.550000190734863,10.699999809265137,10.460000038146973,10.649999618530273,10.649999618530273,125600
2016-12-22,10.649999618530273,10.649999618530273,10.369999885559082,10.5,10.5,145500
2016-12-23,10.5,10.649999618530273,10.449999809265137,10.600000381469727,10.600000381469727,103900
2016-12-27,10.600000381469727,10.949999809265137,10.5,10.899999618530273,10.899999618530273,123300
2016-12-28,10.899999618530273,10.949999809265137,10.430000305175781,10.75,10.75,260100
2016-12-29,10.800000190734863,10.930000305175781,10.569999694824219,10.899999618530273,10.899999618530273,175000
2016-12-30,10.899999618530273,10.949999809265137,10.649999618530273,10.649999618530273,10.649999618530273,300300
2017-01-03,10.800000190734863,10.979999542236328,10.399999618530273,10.649999618530273,10.649999618530273,321300
2017-01-04,10.699999809265137,10.949999809265137,10.5,10.949999809265137,10.949999809265137,375900
2017-01-05,10.800000190734863,10.899999618530273,10.449999809265137,10.699999809265137,10.699999809265137,398000
2017-01-06,10.699999809265137,10.800000190734863,10.550000190734863,10.600000381469727,10.600000381469727,104300
2017-01-09,10.5,10.649999618530273,10.350000381469727,10.350000381469727,10.350000381469727,202500
2017-01-10,10.300000190734863,10.649999618530273,10.199999809265137,10.649999618530273,10.649999618530273,260600
2017-01-11,10.600000381469727,10.649999618530273,10.449999809265137,10.600000381469727,10.600000381469727,232700
2017-01-12,10.350000381469727,10.399999618530273,9.649999618530273,9.800000190734863,9.800000190734863,929100
2017-01-13,9.800000190734863,10.050000190734863,9.699999809265137,9.800000190734863,9.800000190734863,325900
2017-01-17,9.75,9.75,9.5,9.600000381469727,9.600000381469727,371100
2017-01-18,9.699999809265137,9.800000190734863,9.550000190734863,9.800000190734863,9.800000190734863,434500
2017-01-19,9.800000190734863,9.850000381469727,9.479999542236328,9.5,9.5,297700
2017-01-20,9.550000190734863,9.699999809265137,9.399999618530273,9.649999618530273,9.649999618530273,240300
2017-01-23,9.600000381469727,9.75,9.449999809265137,9.699999809265137,9.699999809265137,209200
2017-01-24,9.699999809265137,10.050000190734863,9.5,9.949999809265137,9.949999809265137,309700
2017-01-25,9.949999809265137,10.100000381469727,9.800000190734863,10.050000190734863,10.050000190734863,189400
2017-01-26,9.949999809265137,10.050000190734863,9.5,9.800000190734863,9.800000190734863,356200
2017-01-27,9.75,9.899999618530273,9.449999809265137,9.699999809265137,9.699999809265137,243900
2017-01-30,9.550000190734863,9.75,9.449999809265137,9.600000381469727,9.600000381469727,249100
2017-01-31,9.600000381469727,10.029999732971191,9.600000381469727,9.899999618530273,9.899999618530273,423000
2017-02-01,10.0,10.149999618530273,9.819999694824219,9.949999809265137,9.949999809265137,321000
2017-02-02,9.949999809265137,10.050000190734863,9.75,9.899999618530273,9.899999618530273,321500
2017-02-03,9.100000381469727,10.550000190734863,9.010000228881836,9.75,9.75,416600
2017-02-06,9.75,9.979999542236328,9.430000305175781,9.5,9.5,426700
2017-02-07,9.550000190734863,9.550000190734863,9.199999809265137,9.300000190734863,9.300000190734863,358700
2017-02-08,9.300000190734863,9.350000381469727,9.050000190734863,9.25,9.25,310600
2017-02-09,9.199999809265137,9.399999618530273,9.100000381469727,9.25,9.25,346200
2017-02-10,9.350000381469727,9.550000190734863,9.25,9.550000190734863,9.550000190734863,199600
2017-02-13,9.5,9.609999656677246,9.149999618530273,9.199999809265137,9.199999809265137,282300
2017-02-14,9.149999618530273,9.199999809265137,9.0,9.100000381469727,9.100000381469727,231400
2017-02-15,9.100000381469727,9.199999809265137,8.949999809265137,9.149999618530273,9.149999618530273,256400
2017-02-16,9.199999809265137,9.199999809265137,8.899999618530273,9.050000190734863,9.050000190734863,484900
2017-02-17,9.050000190734863,9.149999618530273,8.949999809265137,9.149999618530273,9.149999618530273,298700
2017-02-21,9.050000190734863,9.130000114440918,8.930000305175781,9.050000190734863,9.050000190734863,258300
2017-02-22,9.0,9.149999618530273,8.850000381469727,9.0,9.0,212400
2017-02-23,8.949999809265137,9.050000190734863,8.75,9.0,9.0,300400
2017-02-24,8.899999618530273,9.029999732971191,8.75,8.949999809265137,8.949999809265137,182400
2017-02-27,8.899999618530273,9.149999618530273,8.8100004196167,9.050000190734863,9.050000190734863,193800
2017-02-28,9.0,9.149999618530273,8.699999809265137,8.800000190734863,8.800000190734863,504100
2017-03-01,8.899999618530273,9.180000305175781,8.899999618530273,9.149999618530273,9.149999618530273,223000
2017-03-02,9.100000381469727,9.350000381469727,8.949999809265137,9.0,9.0,168600
2017-03-03,9.0,9.100000381469727,8.800000190734863,9.0,9.0,266600
2017-03-06,8.899999618530273,8.949999809265137,8.550000190734863,8.75,8.75,319100
2017-03-07,8.699999809265137,8.75,8.5,8.550000190734863,8.550000190734863,267200
2017-03-08,8.550000190734863,8.649999618530273,8.300000190734863,8.449999809265137,8.449999809265137,387900
2017-03-09,8.5,8.600000381469727,8.300000190734863,8.399999618530273,8.399999618530273,332700
2017-03-10,8.399999618530273,8.5,8.25,8.350000381469727,8.350000381469727,418100
2017-03-13,8.300000190734863,8.399999618530273,8.25,8.25,8.25,314600
2017-03-14,8.25,8.399999618530273,8.0,8.199999809265137,8.199999809265137,375200
2017-03-15,8.199999809265137,8.199999809265137,7.949999809265137,8.0,8.0,614000
2017-03-16,8.050000190734863,8.25,7.909999847412109,8.149999618530273,8.149999618530273,457800
2017-03-17,8.100000381469727,8.25,8.100000381469727,8.100000381469727,8.100000381469727,943700
2017-03-20,8.100000381469727,8.350000381469727,7.949999809265137,8.199999809265137,8.199999809265137,322300
2017-03-21,8.300000190734863,8.300000190734863,7.900000095367432,8.050000190734863,8.050000190734863,266000
2017-03-22,8.0,8.100000381469727,7.800000190734863,7.900000095367432,7.900000095367432,301800
2017-03-23,7.900000095367432,8.229999542236328,7.900000095367432,8.149999618530273,8.149999618530273,272500
2017-03-24,8.100000381469727,8.199999809265137,7.949999809265137,7.949999809265137,7.949999809265137,319200
2017-03-27,7.849999904632568,8.050000190734863,7.75,8.0,8.0,233800
2017-03-28,7.949999809265137,8.130000114440918,7.900000095367432,8.050000190734863,8.050000190734863,273100
2017-03-29,8.0,8.399999618530273,7.949999809265137,8.350000381469727,8.350000381469727,272600
2017-03-30,8.350000381469727,8.350000381469727,8.0,8.050000190734863,8.050000190734863,231000
2017-03-31,8.050000190734863,8.25,7.949999809265137,8.149999618530273,8.149999618530273,527800
2017-04-03,8.149999618530273,8.149999618530273,7.949999809265137,8.149999618530273,8.149999618530273,342700
2017-04-04,8.149999618530273,8.25,8.050000190734863,8.100000381469727,8.100000381469727,264600
2017-04-05,8.149999618530273,8.199999809265137,7.75,7.849999904632568,7.849999904632568,527100
2017-04-06,7.800000190734863,7.949999809265137,7.650000095367432,7.849999904632568,7.849999904632568,477400
2017-04-07,8.100000381469727,8.399999618530273,8.0,8.350000381469727,8.350000381469727,555300
2017-04-10,8.350000381469727,8.800000190734863,8.300000190734863,8.649999618530273,8.649999618530273,452700
2017-04-11,8.649999618530273,8.899999618530273,8.649999618530273,8.699999809265137,8.699999809265137,357500
2017-04-12,8.699999809265137,8.899999618530273,8.5,8.550000190734863,8.550000190734863,344900
2017-04-13,8.550000190734863,8.699999809265137,8.399999618530273,8.449999809265137,8.449999809265137,201900
2017-04-17,8.5,8.630000114440918,8.399999618530273,8.449999809265137,8.449999809265137,204200
2017-04-18,8.449999809265137,8.699999809265137,8.449999809265137,8.699999809265137,8.699999809265137,273500
2017-04-19,8.800000190734863,8.800000190734863,8.5,8.699999809265137,8.699999809265137,235900
2017-04-20,8.75,8.899999618530273,8.699999809265137,8.850000381469727,8.850000381469727,287000
2017-04-21,8.850000381469727,8.949999809265137,8.75,8.800000190734863,8.800000190734863,176600
2017-04-24,9.0,9.25,8.869999885559082,9.199999809265137,9.199999809265137,355900
2017-04-25,9.25,9.5,9.050000190734863,9.449999809265137,9.449999809265137,255100
2017-04-26,9.399999618530273,9.449999809265137,9.199999809265137,9.350000381469727,9.350000381469727,265900
2017-04-27,9.399999618530273,9.479999542236328,9.199999809265137,9.300000190734863,9.300000190734863,165300
2017-04-28,9.300000190734863,9.300000190734863,9.0,9.050000190734863,9.050000190734863,174600
2017-05-01,9.100000381469727,9.100000381469727,8.800000190734863,8.899999618530273,8.899999618530273,190200
2017-05-02,8.949999809265137,9.050000190734863,8.800000190734863,8.949999809265137,8.949999809265137,198100
2017-05-03,8.850000381469727,8.850000381469727,8.649999618530273,8.649999618530273,8.649999618530273,397500
2017-05-04,8.899999618530273,9.899999618530273,8.5,8.800000190734863,8.800000190734863,605300
2017-05-05,8.800000190734863,9.050000190734863,8.75,9.0,9.0,257800
2017-05-08,9.0,9.029999732971191,8.699999809265137,8.899999618530273,8.899999618530273,228700
2017-05-09,8.949999809265137,8.970000267028809,8.699999809265137,8.850000381469727,8.850000381469727,238700
2017-05-10,8.75,8.880000114440918,8.600000381469727,8.800000190734863,8.800000190734863,257800
2017-05-11,8.800000190734863,8.949999809265137,8.6899995803833,8.75,8.75,222200
2017-05-12,8.699999809265137,8.729999542236328,8.649999618530273,8.699999809265137,8.699999809265137,237700
2017-05-15,8.649999618530273,8.800000190734863,8.5,8.550000190734863,8.550000190734863,202200
2017-05-16,8.550000190734863,8.699999809265137,8.5,8.649999618530273,8.649999618530273,200100
2017-05-17,8.449999809265137,8.649999618530273,8.399999618530273,8.399999618530273,8.399999618530273,303600
2017-05-18,8.399999618530273,8.550000190734863,8.399999618530273,8.449999809265137,8.449999809265137,449200
2017-05-19,8.449999809265137,8.600000381469727,8.399999618530273,8.5,8.5,220600
2017-05-22,8.5,8.600000381469727,8.399999618530273,8.5,8.5,223000
2017-05-23,8.550000190734863,8.649999618530273,8.449999809265137,8.649999618530273,8.649999618530273,119400
2017-05-24,8.600000381469727,8.699999809265137,8.449999809265137,8.449999809265137,8.449999809265137,232700
2017-05-25,8.5,8.75,8.399999618530273,8.649999618530273,8.649999618530273,258000
2017-05-26,8.600000381469727,8.699999809265137,8.479999542236328,8.699999809265137,8.699999809265137,268700
2017-05-30,8.649999618530273,8.649999618530273,8.5,8.5,8.5,239700
2017-05-31,8.550000190734863,8.550000190734863,8.350000381469727,8.5,8.5,244900
2017-06-01,8.5,8.699999809265137,8.5,8.649999618530273,8.649999618530273,267600
2017-06-02,8.550000190734863,9.029999732971191,8.550000190734863,8.949999809265137,8.949999809265137,368100
2017-06-05,8.899999618530273,8.930000305175781,8.569999694824219,8.649999618530273,8.649999618530273,205300
2017-06-06,8.550000190734863,8.699999809265137,8.449999809265137,8.600000381469727,8.600000381469727,147400
2017-06-07,8.600000381469727,8.75,8.5,8.699999809265137,8.699999809265137,268800
2017-06-08,8.75,9.149999618530273,8.699999809265137,9.050000190734863,9.050000190734863,332600
2017-06-09,9.100000381469727,9.449999809265137,9.100000381469727,9.300000190734863,9.300000190734863,399800
2017-06-12,9.300000190734863,9.5,9.199999809265137,9.199999809265137,9.199999809265137,188100
2017-06-13,9.300000190734863,9.319999694824219,9.050000190734863,9.050000190734863,9.050000190734863,191600
2017-06-14,9.100000381469727,9.130000114440918,8.800000190734863,9.050000190734863,9.050000190734863,207200
2017-06-15,9.0,9.149999618530273,8.880000114440918,8.949999809265137,8.949999809265137,154300
2017-06-16,8.850000381469727,9.050000190734863,8.75,9.050000190734863,9.050000190734863,396500
2017-06-19,9.050000190734863,9.100000381469727,8.899999618530273,9.0,9.0,274800
2017-06-20,9.0,9.0,8.75,8.949999809265137,8.949999809265137,191000
2017-06-21,8.899999618530273,8.979999542236328,8.649999618530273,8.75,8.75,325500
2017-06-22,8.800000190734863,9.0,8.75,9.0,9.0,140500
2017-06-23,8.949999809265137,9.100000381469727,8.800000190734863,9.100000381469727,9.100000381469727,370600
2017-06-26,9.100000381469727,9.199999809265137,8.899999618530273,9.149999618530273,9.149999618530273,144500
2017-06-27,9.199999809265137,9.199999809265137,9.0,9.100000381469727,9.100000381469727,237300
2017-06-28,8.300000190734863,8.319999694824219,7.679999828338623,7.699999809265137,7.699999809265137,3383700
2017-06-29,7.75,7.75,7.550000190734863,7.650000095367432,7.650000095367432,2358700
2017-06-30,7.599999904632568,7.989999771118164,7.599999904632568,7.699999809265137,7.699999809265137,3110500
2017-07-03,7.699999809265137,7.800000190734863,7.650000095367432,7.699999809265137,7.699999809265137,446500
2017-07-05,7.699999809265137,7.800000190734863,7.599999904632568,7.699999809265137,7.699999809265137,2219900
2017-07-06,7.699999809265137,8.0,7.650000095367432,7.849999904632568,7.849999904632568,1458000
2017-07-07,7.900000095367432,7.949999809265137,7.699999809265137,7.849999904632568,7.849999904632568,511200
2017-07-10,7.849999904632568,7.900000095367432,7.75,7.75,7.75,458000
2017-07-11,7.800000190734863,7.800000190734863,7.599999904632568,7.650000095367432,7.650000095367432,252100
2017-07-12,7.599999904632568,7.75,7.579999923706055,7.599999904632568,7.599999904632568,562200
2017-07-13,7.599999904632568,7.75,7.599999904632568,7.650000095367432,7.650000095367432,642000
2017-07-14,7.599999904632568,7.699999809265137,7.599999904632568,7.699999809265137,7.699999809265137,344300
2017-07-17,7.650000095367432,7.75,7.599999904632568,7.599999904632568,7.599999904632568,521900
2017-07-18,7.650000095367432,7.849999904632568,7.579999923706055,7.849999904632568,7.849999904632568,450300
2017-07-19,7.800000190734863,8.050000190734863,7.75,8.0,8.0,553500
2017-07-20,8.0,8.100000381469727,7.849999904632568,7.900000095367432,7.900000095367432,343500
2017-07-21,8.0,8.050000190734863,7.900000095367432,8.0,8.0,365500
2017-07-24,7.949999809265137,8.0,7.849999904632568,7.900000095367432,7.900000095367432,387500
2017-07-25,7.949999809265137,8.100000381469727,7.900000095367432,7.949999809265137,7.949999809265137,396300
2017-07-26,7.949999809265137,8.100000381469727,7.900000095367432,8.0,8.0,308200
2017-07-27,8.0,8.050000190734863,7.900000095367432,7.949999809265137,7.949999809265137,309100
2017-07-28,7.949999809265137,8.149999618530273,7.949999809265137,8.0,8.0,275400
2017-07-31,8.050000190734863,8.050000190734863,7.800000190734863,7.800000190734863,7.800000190734863,649200
2017-08-01,8.300000190734863,8.5,8.0600004196167,8.399999618530273,8.399999618530273,2373100
2017-08-02,8.449999809265137,8.550000190734863,8.350000381469727,8.449999809265137,8.449999809265137,1715300
2017-08-03,8.399999618530273,8.5,8.279999732971191,8.399999618530273,8.399999618530273,446100
2017-08-04,8.800000190734863,8.880000114440918,8.649999618530273,8.75,8.75,1244700
2017-08-07,8.899999618530273,8.899999618530273,8.649999618530273,8.850000381469727,8.850000381469727,1497300
2017-08-08,8.850000381469727,9.100000381469727,8.800000190734863,9.050000190734863,9.050000190734863,730100
2017-08-09,9.050000190734863,9.050000190734863,8.75,8.800000190734863,8.800000190734863,524400
2017-08-10,8.800000190734863,9.0,8.75,8.899999618530273,8.899999618530273,968100
2017-08-11,8.850000381469727,9.100000381469727,8.8100004196167,9.0,9.0,886700
2017-08-14,9.100000381469727,9.149999618530273,9.0,9.100000381469727,9.100000381469727,924900
2017-08-15,9.199999809265137,9.199999809265137,8.979999542236328,9.0,9.0,421200
2017-08-16,9.0,9.199999809265137,8.949999809265137,8.949999809265137,8.949999809265137,713400
2017-08-17,8.949999809265137,9.0,8.75,8.75,8.75,471400
2017-08-18,8.649999618530273,8.880000114440918,8.15999984741211,8.800000190734863,8.800000190734863,558400
2017-08-21,8.699999809265137,8.880000114440918,8.649999618530273,8.800000190734863,8.800000190734863,350800
2017-08-22,8.899999618530273,8.949999809265137,8.800000190734863,8.850000381469727,8.850000381469727,258700
2017-08-23,8.850000381469727,8.949999809265137,8.850000381469727,8.899999618530273,8.899999618530273,321200
2017-08-24,9.0,9.149999618530273,8.979999542236328,9.0,9.0,208200
2017-08-25,9.0,9.149999618530273,8.949999809265137,9.050000190734863,9.050000190734863,279700
2017-08-28,9.050000190734863,9.149999618530273,8.899999618530273,9.0,9.0,892500
2017-08-29,9.0,9.100000381469727,8.949999809265137,9.050000190734863,9.050000190734863,436600
2017-08-30,9.100000381469727,9.100000381469727,8.949999809265137,9.050000190734863,9.050000190734863,382400
2017-08-31,9.100000381469727,9.25,9.0,9.050000190734863,9.050000190734863,285600
2017-09-01,9.0,9.229999542236328,9.0,9.199999809265137,9.199999809265137,176700
2017-09-05,9.149999618530273,9.25,8.949999809265137,9.100000381469727,9.100000381469727,286500
2017-09-06,9.199999809265137,9.199999809265137,9.0,9.050000190734863,9.050000190734863,209200
2017-09-07,9.100000381469727,9.199999809265137,8.850000381469727,9.149999618530273,9.149999618530273,383200
2017-09-08,9.149999618530273,9.199999809265137,9.0,9.199999809265137,9.199999809265137,330500
2017-09-11,9.25,9.300000190734863,9.069999694824219,9.149999618530273,9.149999618530273,278700
2017-09-12,9.25,9.300000190734863,9.149999618530273,9.25,9.25,268300
2017-09-13,9.25,9.449999809265137,9.25,9.399999618530273,9.399999618530273,613900
2017-09-14,9.449999809265137,9.569999694824219,9.300000190734863,9.350000381469727,9.350000381469727,541100
2017-09-15,9.350000381469727,9.5,9.350000381469727,9.399999618530273,9.399999618530273,510800
2017-09-18,9.399999618530273,9.550000190734863,9.390000343322754,9.399999618530273,9.399999618530273,237200
2017-09-19,9.399999618530273,9.5,9.350000381469727,9.449999809265137,9.449999809265137,637200
2017-09-20,9.5,9.800000190734863,9.5,9.699999809265137,9.699999809265137,677100
2017-09-21,9.699999809265137,9.699999809265137,9.5,9.699999809265137,9.699999809265137,423700
2017-09-22,9.649999618530273,9.899999618530273,9.630000114440918,9.850000381469727,9.850000381469727,275400
2017-09-25,9.800000190734863,10.050000190734863,9.800000190734863,10.0,10.0,1327700
2017-09-26,9.949999809265137,10.100000381469727,9.850000381469727,9.850000381469727,9.850000381469727,984500
2017-09-27,9.850000381469727,10.050000190734863,9.850000381469727,10.0,10.0,385500
2017-09-28,10.0,10.350000381469727,10.0,10.25,10.25,846200
2017-09-29,10.25,10.350000381469727,9.399999618530273,9.5,9.5,1204900
2017-10-02,9.600000381469727,9.779999732971191,9.430000305175781,9.699999809265137,9.699999809265137,601900
2017-10-03,9.649999618530273,9.729999542236328,9.0,9.449999809265137,9.449999809265137,1217900
2017-10-04,9.5,9.5,9.149999618530273,9.350000381469727,9.350000381469727,453500
2017-10-05,9.399999618530273,9.600000381469727,9.300000190734863,9.5,9.5,348100
2017-10-06,9.449999809265137,9.5,9.300000190734863,9.399999618530273,9.399999618530273,203400
2017-10-09,9.550000190734863,10.029999732971191,9.5,10.0,10.0,540400
2017-10-10,10.100000381469727,10.1899995803833,9.800000190734863,9.899999618530273,9.899999618530273,498900
2017-10-11,9.949999809265137,10.100000381469727,9.880000114440918,9.899999618530273,9.899999618530273,761700
2017-10-12,9.899999618530273,9.899999618530273,9.649999618530273,9.649999618530273,9.649999618530273,314600
2017-10-13,9.75,9.800000190734863,9.279999732971191,9.600000381469727,9.600000381469727,339000
2017-10-16,9.699999809265137,9.850000381469727,9.449999809265137,9.75,9.75,529600
2017-10-17,9.800000190734863,9.899999618530273,9.680000305175781,9.850000381469727,9.850000381469727,325100
2017-10-18,9.800000190734863,10.100000381469727,9.699999809265137,9.949999809265137,9.949999809265137,424000
2017-10-19,9.899999618530273,10.0,9.699999809265137,9.800000190734863,9.800000190734863,310800
2017-10-20,9.800000190734863,10.0,9.800000190734863,9.949999809265137,9.949999809265137,220000
2017-10-23,10.0,10.149999618530273,9.930000305175781,10.050000190734863,10.050000190734863,752600
2017-10-24,10.149999618530273,10.199999809265137,9.979999542236328,10.100000381469727,10.100000381469727,407600
2017-10-25,10.050000190734863,10.149999618530273,9.880000114440918,10.050000190734863,10.050000190734863,325000
2017-10-26,10.100000381469727,10.25,10.050000190734863,10.25,10.25,534600
2017-10-27,10.25,10.449999809265137,10.100000381469727,10.449999809265137,10.449999809265137,417100
2017-10-30,10.350000381469727,10.449999809265137,10.149999618530273,10.300000190734863,10.300000190734863,498500
2017-10-31,10.350000381469727,10.449999809265137,10.199999809265137,10.25,10.25,382600
2017-11-01,10.350000381469727,10.399999618530273,10.050000190734863,10.149999618530273,10.149999618530273,282600
2017-11-02,10.199999809265137,10.300000190734863,10.130000114440918,10.229999542236328,10.229999542236328,232200
2017-11-03,10.149999618530273,10.149999618530273,10.029999732971191,10.100000381469727,10.100000381469727,297400
2017-11-06,10.149999618530273,10.279999732971191,10.050000190734863,10.149999618530273,10.149999618530273,144900
2017-11-07,10.100000381469727,10.199999809265137,9.800000190734863,9.850000381469727,9.850000381469727,284400
2017-11-08,9.850000381469727,9.949999809265137,9.649999618530273,9.800000190734863,9.800000190734863,221900
2017-11-09,9.800000190734863,10.050000190734863,9.75,10.0,10.0,439900
2017-11-10,10.0,10.149999618530273,9.850000381469727,9.899999618530273,9.899999618530273,201700
2017-11-13,9.899999618530273,9.899999618530273,9.699999809265137,9.75,9.75,337100
2017-11-14,9.75,9.899999618530273,9.75,9.800000190734863,9.800000190734863,239000
2017-11-15,9.75,10.100000381469727,9.630000114440918,10.0,10.0,388600
2017-11-16,11.0,11.25,10.5,11.0,11.0,1791300
2017-11-17,11.0,11.229999542236328,10.850000381469727,11.149999618530273,11.149999618530273,1630300
2017-11-20,11.100000381469727,11.5,11.100000381469727,11.399999618530273,11.399999618530273,847900
2017-11-21,11.350000381469727,11.699999809265137,11.199999809265137,11.550000190734863,11.550000190734863,792100
2017-11-22,11.600000381469727,11.949999809265137,11.600000381469727,11.949999809265137,11.949999809265137,762500
2017-11-24,11.899999618530273,11.949999809265137,11.649999618530273,11.800000190734863,11.800000190734863,248500
2017-11-27,11.850000381469727,11.949999809265137,11.699999809265137,11.850000381469727,11.850000381469727,634100
2017-11-28,11.949999809265137,12.0,11.850000381469727,11.899999618530273,11.899999618530273,548100
2017-11-29,11.899999618530273,12.050000190734863,11.899999618530273,12.050000190734863,12.050000190734863,602000
2017-11-30,12.050000190734863,12.149999618530273,11.930000305175781,12.050000190734863,12.050000190734863,501700
2017-12-01,12.100000381469727,12.199999809265137,11.850000381469727,12.100000381469727,12.100000381469727,428200
2017-12-04,12.199999809265137,12.25,11.949999809265137,12.149999618530273,12.149999618530273,348000
2017-12-05,12.25,12.25,11.899999618530273,12.050000190734863,12.050000190734863,327100
2017-12-06,12.050000190734863,12.5,12.050000190734863,12.350000381469727,12.350000381469727,600300
2017-12-07,12.399999618530273,12.399999618530273,12.050000190734863,12.050000190734863,12.050000190734863,215900
2017-12-08,12.149999618530273,12.25,12.029999732971191,12.199999809265137,12.199999809265137,241100
2017-12-11,12.300000190734863,12.3100004196167,12.100000381469727,12.25,12.25,422500
2017-12-12,12.300000190734863,12.399999618530273,12.25,12.300000190734863,12.300000190734863,676400
2017-12-13,12.300000190734863,12.40999984741211,12.149999618530273,12.25,12.25,333300
2017-12-14,12.199999809265137,12.25,11.649999618530273,11.899999618530273,11.899999618530273,914100
2017-12-15,11.899999618530273,12.449999809265137,11.880000114440918,12.25,12.25,1042800
2017-12-18,12.399999618530273,12.5,12.229999542236328,12.350000381469727,12.350000381469727,997100
2017-12-19,12.149999618530273,12.449999809265137,12.010000228881836,12.149999618530273,12.149999618530273,636500
2017-12-20,12.199999809265137,12.399999618530273,12.199999809265137,12.25,12.25,369700
2017-12-21,12.350000381469727,12.449999809265137,12.25,12.300000190734863,12.300000190734863,681500
2017-12-22,12.25,12.350000381469727,12.199999809265137,12.25,12.25,161900
2017-12-26,12.25,12.380000114440918,12.100000381469727,12.300000190734863,12.300000190734863,217600
2017-12-27,12.300000190734863,12.399999618530273,12.100000381469727,12.199999809265137,12.199999809265137,219300
2017-12-28,12.199999809265137,12.300000190734863,12.0,12.0,12.0,234100
2017-12-29,12.100000381469727,12.300000190734863,12.0,12.199999809265137,12.199999809265137,391000
2018-01-02,12.300000190734863,12.350000381469727,12.0,12.100000381469727,12.100000381469727,403400
2018-01-03,12.149999618530273,12.199999809265137,12.0,12.199999809265137,12.199999809265137,368400
2018-01-04,12.300000190734863,12.399999618530273,12.050000190734863,12.050000190734863,12.050000190734863,1178600
2018-01-05,12.100000381469727,12.100000381469727,11.949999809265137,12.100000381469727,12.100000381469727,408900
2018-01-08,12.149999618530273,12.149999618530273,11.800000190734863,11.899999618530273,11.899999618530273,702700
2018-01-09,11.899999618530273,12.050000190734863,11.800000190734863,12.0,12.0,1519900
2018-01-10,12.0,12.149999618530273,11.880000114440918,11.949999809265137,11.949999809265137,275600
2018-01-11,11.949999809265137,12.149999618530273,11.899999618530273,12.100000381469727,12.100000381469727,703000
2018-01-12,12.199999809265137,12.300000190734863,11.949999809265137,12.050000190734863,12.050000190734863,1244000
2018-01-16,12.149999618530273,12.300000190734863,12.0,12.100000381469727,12.100000381469727,533500
2018-01-17,12.199999809265137,12.329999923706055,12.100000381469727,12.300000190734863,12.300000190734863,250000
2018-01-18,12.300000190734863,12.300000190734863,11.850000381469727,11.850000381469727,11.850000381469727,405700
2018-01-19,11.850000381469727,12.100000381469727,11.850000381469727,12.100000381469727,12.100000381469727,625400
2018-01-22,12.0,12.020000457763672,11.75,11.75,11.75,391700
2018-01-23,11.800000190734863,11.949999809265137,11.649999618530273,11.850000381469727,11.850000381469727,366700
2018-01-24,11.850000381469727,11.949999809265137,11.699999809265137,11.850000381469727,11.850000381469727,560100
2018-01-25,11.850000381469727,12.0,11.800000190734863,12.0,12.0,492000
2018-01-26,12.0,12.050000190734863,11.850000381469727,12.0,12.0,329700
2018-01-29,11.949999809265137,11.949999809265137,11.699999809265137,11.800000190734863,11.800000190734863,336900
2018-01-30,11.800000190734863,11.899999618530273,11.699999809265137,11.800000190734863,11.800000190734863,230000
2018-01-31,11.850000381469727,12.050000190734863,11.699999809265137,11.800000190734863,11.800000190734863,459300
2018-02-01,12.5,13.550000190734863,12.40999984741211,13.5,13.5,6390500
2018-02-02,13.600000381469727,13.75,12.699999809265137,13.0,13.0,1023600
2018-02-05,13.050000190734863,13.350000381469727,12.800000190734863,12.899999618530273,12.899999618530273,1015000
2018-02-06,12.699999809265137,13.279999732971191,12.5,13.100000381469727,13.100000381469727,663400
2018-02-07,13.100000381469727,13.350000381469727,13.0,13.199999809265137,13.199999809265137,504700
2018-02-08,13.199999809265137,13.399999618530273,13.100000381469727,13.199999809265137,13.199999809265137,1036600
2018-02-09,13.199999809265137,13.300000190734863,12.600000381469727,13.149999618530273,13.149999618530273,944400
2018-02-12,13.149999618530273,13.25,12.649999618530273,12.699999809265137,12.699999809265137,634600
2018-02-13,12.649999618530273,12.949999809265137,12.649999618530273,12.75,12.75,551700
2018-02-14,12.699999809265137,12.850000381469727,12.699999809265137,12.850000381469727,12.850000381469727,281100
2018-02-15,12.899999618530273,13.100000381469727,12.699999809265137,12.850000381469727,12.850000381469727,505500
2018-02-16,12.850000381469727,13.199999809265137,12.850000381469727,13.050000190734863,13.050000190734863,430200
2018-02-20,12.949999809265137,13.050000190734863,12.649999618530273,12.800000190734863,12.800000190734863,325500
2018-02-21,12.75,13.300000190734863,12.75,13.199999809265137,13.199999809265137,465400
2018-02-22,13.25,13.4399995803833,13.050000190734863,13.100000381469727,13.100000381469727,282500
2018-02-23,13.199999809265137,13.199999809265137,13.0,13.149999618530273,13.149999618530273,317800
2018-02-26,13.149999618530273,13.199999809265137,13.010000228881836,13.149999618530273,13.149999618530273,148300
2018-02-27,13.199999809265137,13.25,12.800000190734863,12.850000381469727,12.850000381469727,341700
2018-02-28,12.850000381469727,13.100000381469727,12.850000381469727,13.0,13.0,363900
2018-03-01,12.949999809265137,13.050000190734863,12.699999809265137,12.800000190734863,12.800000190734863,578600
2018-03-02,12.699999809265137,13.199999809265137,12.600000381469727,13.199999809265137,13.199999809265137,702400
2018-03-05,13.050000190734863,13.649999618530273,12.850000381469727,13.600000381469727,13.600000381469727,726000
2018-03-06,13.600000381469727,13.680000305175781,13.199999809265137,13.600000381469727,13.600000381469727,410400
2018-03-07,13.5,13.75,13.3100004196167,13.550000190734863,13.550000190734863,564100
2018-03-08,13.699999809265137,13.699999809265137,13.399999618530273,13.550000190734863,13.550000190734863,223400
2018-03-09,13.600000381469727,13.649999618530273,13.350000381469727,13.550000190734863,13.550000190734863,512100
2018-03-12,13.600000381469727,14.050000190734863,13.550000190734863,13.850000381469727,13.850000381469727,520900
2018-03-13,14.0,14.300000190734863,13.649999618530273,13.699999809265137,13.699999809265137,421600
2018-03-14,13.75,13.850000381469727,13.279999732971191,13.350000381469727,13.350000381469727,1648700
2018-03-15,13.300000190734863,13.350000381469727,13.100000381469727,13.100000381469727,13.100000381469727,418000
2018-03-16,13.199999809265137,13.350000381469727,13.050000190734863,13.25,13.25,790700
2018-03-19,13.25,13.25,13.0,13.199999809265137,13.199999809265137,265400
2018-03-20,13.149999618530273,13.300000190734863,13.100000381469727,13.149999618530273,13.149999618530273,161000
2018-03-21,13.199999809265137,13.5,13.149999618530273,13.399999618530273,13.399999618530273,372500
2018-03-22,13.300000190734863,13.399999618530273,13.079999923706055,13.100000381469727,13.100000381469727,519100
2018-03-23,13.149999618530273,13.5,12.899999618530273,12.949999809265137,12.949999809265137,406000
2018-03-26,13.050000190734863,13.550000190734863,12.899999618530273,13.550000190734863,13.550000190734863,515600
2018-03-27,13.550000190734863,13.550000190734863,12.899999618530273,12.949999809265137,12.949999809265137,576400
2018-03-28,12.949999809265137,13.199999809265137,12.8100004196167,13.0,13.0,450000
2018-03-29,13.100000381469727,13.350000381469727,13.050000190734863,13.199999809265137,13.199999809265137,473600
2018-04-02,13.149999618530273,13.25,12.699999809265137,12.800000190734863,12.800000190734863,458300
2018-04-03,12.850000381469727,13.0,12.779999732971191,12.899999618530273,12.899999618530273,334900
2018-04-04,12.75,13.100000381469727,12.75,13.050000190734863,13.050000190734863,182800
2018-04-05,13.100000381469727,13.229999542236328,12.949999809265137,13.149999618530273,13.149999618530273,125500
2018-04-06,13.100000381469727,13.25,12.75,12.850000381469727,12.850000381469727,235500
2018-04-09,12.949999809265137,13.130000114440918,12.880000114440918,12.949999809265137,12.949999809265137,225400
2018-04-10,13.100000381469727,13.300000190734863,12.930000305175781,13.25,13.25,336900
2018-04-11,13.25,13.550000190734863,13.25,13.550000190734863,13.550000190734863,428800
2018-04-12,13.550000190734863,13.649999618530273,13.399999618530273,13.5,13.5,199400
2018-04-13,13.5,13.579999923706055,13.300000190734863,13.399999618530273,13.399999618530273,164700
2018-04-16,13.449999809265137,13.550000190734863,13.300000190734863,13.350000381469727,13.350000381469727,171100
2018-04-17,13.449999809265137,13.550000190734863,13.300000190734863,13.350000381469727,13.350000381469727,173200
2018-04-18,13.399999618530273,13.600000381469727,13.350000381469727,13.399999618530273,13.399999618530273,209300
2018-04-19,13.399999618530273,13.489999771118164,13.25,13.350000381469727,13.350000381469727,185000
2018-04-20,13.300000190734863,13.449999809265137,12.8100004196167,13.25,13.25,246200
2018-04-23,13.350000381469727,13.350000381469727,13.180000305175781,13.350000381469727,13.350000381469727,237700
2018-04-24,13.350000381469727,13.600000381469727,13.199999809265137,13.300000190734863,13.300000190734863,203900
2018-04-25,13.149999618530273,13.199999809265137,13.029999732971191,13.100000381469727,13.100000381469727,337400
2018-04-26,13.100000381469727,13.300000190734863,13.0,13.199999809265137,13.199999809265137,197300
2018-04-27,13.199999809265137,13.399999618530273,13.149999618530273,13.350000381469727,13.350000381469727,363300
2018-04-30,13.350000381469727,13.75,13.350000381469727,13.699999809265137,13.699999809265137,506100
2018-05-01,13.649999618530273,13.899999618530273,13.350000381469727,13.699999809265137,13.699999809265137,377500
2018-05-02,13.75,14.100000381469727,13.600000381469727,13.949999809265137,13.949999809265137,767600
2018-05-03,13.699999809265137,14.649999618530273,13.609999656677246,14.600000381469727,14.600000381469727,1112600
2018-05-04,14.649999618530273,14.949999809265137,14.5,14.800000190734863,14.800000190734863,963900
2018-05-07,14.800000190734863,15.100000381469727,14.800000190734863,14.949999809265137,14.949999809265137,732700
2018-05-08,14.75,14.850000381469727,14.399999618530273,14.699999809265137,14.699999809265137,506600
2018-05-09,14.149999618530273,14.300000190734863,13.229999542236328,13.25,13.25,3159700
2018-05-10,13.149999618530273,13.149999618530273,12.800000190734863,13.100000381469727,13.100000381469727,2012600
2018-05-11,13.149999618530273,13.300000190734863,12.930000305175781,13.050000190734863,13.050000190734863,2338400
2018-05-14,13.100000381469727,13.100000381469727,12.649999618530273,12.800000190734863,12.800000190734863,1547600
2018-05-15,12.850000381469727,13.0,12.75,12.949999809265137,12.949999809265137,1010400
2018-05-16,12.850000381469727,13.25,12.850000381469727,13.149999618530273,13.149999618530273,919400
2018-05-17,13.100000381469727,13.300000190734863,13.050000190734863,13.100000381469727,13.100000381469727,726900
2018-05-18,13.149999618530273,13.449999809265137,13.050000190734863,13.350000381469727,13.350000381469727,1441900
2018-05-21,13.350000381469727,13.5,13.149999618530273,13.25,13.25,672600
2018-05-22,13.199999809265137,13.300000190734863,13.079999923706055,13.100000381469727,13.100000381469727,485600
2018-05-23,12.949999809265137,13.050000190734863,12.699999809265137,12.75,12.75,902700
2018-05-24,12.800000190734863,12.800000190734863,12.300000190734863,12.399999618530273,12.399999618530273,1027900
2018-05-25,12.399999618530273,12.800000190734863,12.350000381469727,12.649999618530273,12.649999618530273,907900
2018-05-29,12.5,12.550000190734863,12.25,12.300000190734863,12.300000190734863,416700
2018-05-30,12.399999618530273,12.479999542236328,12.199999809265137,12.350000381469727,12.350000381469727,512600
2018-05-31,12.350000381469727,12.449999809265137,12.199999809265137,12.399999618530273,12.399999618530273,771600
2018-06-01,12.399999618530273,13.0,12.399999618530273,13.0,13.0,653400
2018-06-04,13.0,13.199999809265137,12.850000381469727,13.199999809265137,13.199999809265137,842300
2018-06-05,13.149999618530273,13.149999618530273,12.899999618530273,13.050000190734863,13.050000190734863,359200
2018-06-06,13.100000381469727,13.229999542236328,13.0,13.100000381469727,13.100000381469727,275800
2018-06-07,13.050000190734863,13.199999809265137,12.949999809265137,13.199999809265137,13.199999809265137,353000
2018-06-08,13.25,13.449999809265137,13.050000190734863,13.300000190734863,13.300000190734863,325900
2018-06-11,13.399999618530273,13.399999618530273,13.100000381469727,13.199999809265137,13.199999809265137,243600
2018-06-12,13.300000190734863,13.350000381469727,13.100000381469727,13.300000190734863,13.300000190734863,487400
2018-06-13,13.399999618530273,13.449999809265137,12.800000190734863,12.800000190734863,12.800000190734863,585700
2018-06-14,12.899999618530273,12.949999809265137,12.699999809265137,12.899999618530273,12.899999618530273,371600
2018-06-15,12.800000190734863,12.800000190734863,12.550000190734863,12.600000381469727,12.600000381469727,536800
2018-06-18,12.5,12.699999809265137,12.0600004196167,12.649999618530273,12.649999618530273,498200
2018-06-19,12.600000381469727,12.899999618530273,12.5,12.850000381469727,12.850000381469727,471400
2018-06-20,12.899999618530273,13.229999542236328,12.550000190734863,13.100000381469727,13.100000381469727,471500
2018-06-21,13.100000381469727,13.100000381469727,12.5,12.550000190734863,12.550000190734863,622700
2018-06-22,12.649999618530273,12.699999809265137,12.050000190734863,12.199999809265137,12.199999809265137,1318500
2018-06-25,12.199999809265137,12.5,12.0,12.350000381469727,12.350000381469727,506000
2018-06-26,12.449999809265137,12.899999618530273,12.279999732971191,12.75,12.75,503200
2018-06-27,12.699999809265137,12.850000381469727,11.75,11.75,11.75,1112100
2018-06-28,12.5,12.5,12.050000190734863,12.100000381469727,12.100000381469727,790900
2018-06-29,12.199999809265137,12.399999618530273,11.930000305175781,12.050000190734863,12.050000190734863,1051400
2018-07-02,12.050000190734863,12.350000381469727,11.949999809265137,12.050000190734863,12.050000190734863,714200
2018-07-03,12.050000190734863,12.100000381469727,11.699999809265137,11.699999809265137,11.699999809265137,537400
2018-07-05,11.75,11.949999809265137,11.649999618530273,11.800000190734863,11.800000190734863,481200
2018-07-06,11.800000190734863,12.149999618530273,11.75,12.149999618530273,12.149999618530273,343600
2018-07-09,12.199999809265137,12.550000190734863,12.050000190734863,12.5,12.5,869500
2018-07-10,12.5,12.550000190734863,12.329999923706055,12.399999618530273,12.399999618530273,299400
2018-07-11,12.199999809265137,12.630000114440918,12.199999809265137,12.550000190734863,12.550000190734863,484500
2018-07-12,12.550000190734863,12.649999618530273,12.199999809265137,12.199999809265137,12.199999809265137,361600
2018-07-13,12.25,12.300000190734863,12.010000228881836,12.100000381469727,12.100000381469727,185500
2018-07-16,12.100000381469727,12.149999618530273,11.699999809265137,11.850000381469727,11.850000381469727,862100
2018-07-17,11.949999809265137,12.050000190734863,11.609999656677246,11.75,11.75,478700
2018-07-18,11.800000190734863,11.899999618530273,11.600000381469727,11.649999618530273,11.649999618530273,504400
2018-07-19,11.649999618530273,12.229999542236328,11.5,12.199999809265137,12.199999809265137,609900
2018-07-20,12.149999618530273,12.350000381469727,12.100000381469727,12.25,12.25,315300
2018-07-23,12.25,12.399999618530273,12.100000381469727,12.25,12.25,343900
2018-07-24,12.199999809265137,12.430000305175781,12.100000381469727,12.350000381469727,12.350000381469727,618900
2018-07-25,12.399999618530273,12.399999618530273,12.050000190734863,12.25,12.25,388700
2018-07-26,12.199999809265137,12.350000381469727,11.949999809265137,12.050000190734863,12.050000190734863,409900
2018-07-27,12.100000381469727,12.100000381469727,11.550000190734863,11.550000190734863,11.550000190734863,572000
2018-07-30,11.5,11.649999618530273,11.300000190734863,11.300000190734863,11.300000190734863,341700
2018-07-31,11.399999618530273,11.600000381469727,11.199999809265137,11.449999809265137,11.449999809265137,502800
2018-08-01,11.399999618530273,11.600000381469727,11.25,11.350000381469727,11.350000381469727,401700
2018-08-02,10.949999809265137,11.75,10.75,10.949999809265137,10.949999809265137,904700
2018-08-03,10.800000190734863,11.149999618530273,10.800000190734863,11.050000190734863,11.050000190734863,703700
2018-08-06,11.0,11.550000190734863,11.0,11.399999618530273,11.399999618530273,646300
2018-08-07,11.399999618530273,11.649999618530273,11.350000381469727,11.5,11.5,365200
2018-08-08,11.5,11.729999542236328,11.229999542236328,11.699999809265137,11.699999809265137,486700
2018-08-09,11.699999809265137,11.899999618530273,11.449999809265137,11.850000381469727,11.850000381469727,1115600
2018-08-10,11.75,11.899999618530273,11.5,11.550000190734863,11.550000190734863,386100
2018-08-13,11.600000381469727,11.829999923706055,11.449999809265137,11.699999809265137,11.699999809265137,791600
2018-08-14,11.699999809265137,11.75,11.380000114440918,11.399999618530273,11.399999618530273,332500
2018-08-15,11.399999618530273,11.5,11.300000190734863,11.350000381469727,11.350000381469727,454700
2018-08-16,11.449999809265137,11.630000114440918,11.300000190734863,11.399999618530273,11.399999618530273,308700
2018-08-17,11.300000190734863,11.359999656677246,11.149999618530273,11.25,11.25,371700
2018-08-20,11.300000190734863,11.5,11.149999618530273,11.149999618530273,11.149999618530273,248900
2018-08-21,11.199999809265137,11.399999618530273,11.130000114440918,11.300000190734863,11.300000190734863,692000
2018-08-22,11.25,11.430000305175781,11.199999809265137,11.399999618530273,11.399999618530273,336500
2018-08-23,11.300000190734863,11.399999618530273,11.199999809265137,11.199999809265137,11.199999809265137,429000
2018-08-24,11.25,11.25,11.100000381469727,11.149999618530273,11.149999618530273,253600
2018-08-27,11.149999618530273,11.25,11.0,11.050000190734863,11.050000190734863,294600
2018-08-28,11.100000381469727,11.140000343322754,11.029999732971191,11.050000190734863,11.050000190734863,238400
2018-08-29,11.0,11.100000381469727,11.0,11.050000190734863,11.050000190734863,223700
2018-08-30,11.050000190734863,11.25,11.0,11.149999618530273,11.149999618530273,275700
2018-08-31,11.100000381469727,11.25,11.100000381469727,11.100000381469727,11.100000381469727,226500
2018-09-04,11.100000381469727,11.100000381469727,10.850000381469727,10.850000381469727,10.850000381469727,297900
2018-09-05,10.899999618530273,10.949999809265137,10.800000190734863,10.949999809265137,10.949999809265137,555800
2018-09-06,10.899999618530273,10.930000305175781,10.579999923706055,10.699999809265137,10.699999809265137,568400
2018-09-07,10.699999809265137,10.75,10.600000381469727,10.649999618530273,10.649999618530273,325800
2018-09-10,10.699999809265137,10.850000381469727,10.649999618530273,10.800000190734863,10.800000190734863,324200
2018-09-11,10.75,10.949999809265137,10.600000381469727,10.850000381469727,10.850000381469727,246200
2018-09-12,10.75,10.899999618530273,10.550000190734863,10.75,10.75,317900
2018-09-13,10.800000190734863,10.930000305175781,10.649999618530273,10.899999618530273,10.899999618530273,290800
2018-09-14,10.850000381469727,11.199999809265137,10.850000381469727,11.100000381469727,11.100000381469727,499700
2018-09-17,11.149999618530273,11.199999809265137,10.899999618530273,11.0,11.0,252000
2018-09-18,11.100000381469727,11.100000381469727,10.649999618530273,10.649999618530273,10.649999618530273,316800
2018-09-19,10.649999618530273,10.899999618530273,10.550000190734863,10.600000381469727,10.600000381469727,560700
2018-09-20,10.600000381469727,11.050000190734863,10.600000381469727,10.949999809265137,10.949999809265137,382300
2018-09-21,10.899999618530273,11.25,10.850000381469727,10.899999618530273,10.899999618530273,578200
2018-09-24,10.800000190734863,10.890000343322754,10.399999618530273,10.449999809265137,10.449999809265137,480500
2018-09-25,10.399999618530273,10.75,10.399999618530273,10.699999809265137,10.699999809265137,329100
2018-09-26,10.75,11.029999732971191,10.699999809265137,10.949999809265137,10.949999809265137,449900
2018-09-27,10.899999618530273,10.949999809265137,10.5,10.5,10.5,315000
2018-09-28,10.5,10.899999618530273,10.449999809265137,10.699999809265137,10.699999809265137,532900
2018-10-01,10.779999732971191,10.869999885559082,10.5,10.510000228881836,10.510000228881836,548400
2018-10-02,10.460000038146973,10.5,10.329999923706055,10.369999885559082,10.369999885559082,445300
2018-10-03,10.430000305175781,10.670000076293945,10.329999923706055,10.630000114440918,10.630000114440918,301400
2018-10-04,10.59000015258789,10.640000343322754,10.399999618530273,10.4399995803833,10.4399995803833,425100
2018-10-05,10.489999771118164,10.600000381469727,10.399999618530273,10.520000457763672,10.520000457763672,385200
2018-10-08,10.529999732971191,10.710000038146973,10.5,10.649999618530273,10.649999618530273,251800
2018-10-09,10.65999984741211,10.770000457763672,10.600000381469727,10.649999618530273,10.649999618530273,312600
2018-10-10,10.65999984741211,10.779999732971191,10.569999694824219,10.619999885559082,10.619999885559082,499300
2018-10-11,10.569999694824219,10.8100004196167,10.460000038146973,10.470000267028809,10.470000267028809,591900
2018-10-12,10.579999923706055,10.640000343322754,10.289999961853027,10.5,10.5,594100
2018-10-15,10.489999771118164,10.619999885559082,10.270000457763672,10.470000267028809,10.470000267028809,723000
2018-10-16,10.5600004196167,10.579999923706055,10.319999694824219,10.489999771118164,10.489999771118164,307000
2018-10-17,10.5,10.550000190734863,10.289999961853027,10.3100004196167,10.3100004196167,534400
2018-10-18,10.279999732971191,10.34000015258789,10.170000076293945,10.180000305175781,10.180000305175781,497000
2018-10-19,10.149999618530273,10.34000015258789,10.100000381469727,10.239999771118164,10.239999771118164,302100
2018-10-22,10.229999542236328,10.300000190734863,10.09000015258789,10.119999885559082,10.119999885559082,371600
2018-10-23,10.039999961853027,10.220000267028809,10.0,10.100000381469727,10.100000381469727,343600
2018-10-24,10.119999885559082,10.15999984741211,9.920000076293945,9.9399995803833,9.9399995803833,315700
2018-10-25,9.979999542236328,10.180000305175781,9.899999618530273,10.079999923706055,10.079999923706055,330600
2018-10-26,10.029999732971191,10.180000305175781,9.890000343322754,10.119999885559082,10.119999885559082,257500
2018-10-29,10.199999809265137,10.289999961853027,9.920000076293945,9.989999771118164,9.989999771118164,318700
2018-10-30,10.0,10.3100004196167,9.970000267028809,10.199999809265137,10.199999809265137,376500
2018-10-31,10.270000457763672,10.359999656677246,9.670000076293945,9.9399995803833,9.9399995803833,523900
2018-11-01,10.020000457763672,10.180000305175781,9.90999984741211,10.130000114440918,10.130000114440918,326000
2018-11-02,10.1899995803833,10.25,10.0600004196167,10.100000381469727,10.100000381469727,183600
2018-11-05,10.130000114440918,10.289999961853027,9.90999984741211,9.960000038146973,9.960000038146973,219900
2018-11-06,9.979999542236328,10.050000190734863,9.84000015258789,9.930000305175781,9.930000305175781,339200
2018-11-07,9.930000305175781,10.050000190734863,9.800000190734863,9.829999923706055,9.829999923706055,371800
2018-11-08,9.819999694824219,9.859999656677246,9.270000457763672,9.399999618530273,9.399999618530273,658700
2018-11-09,9.369999885559082,9.550000190734863,9.210000038146973,9.40999984741211,9.40999984741211,1214600
2018-11-12,9.4399995803833,9.460000038146973,9.130000114440918,9.180000305175781,9.180000305175781,369200
2018-11-13,9.15999984741211,9.270000457763672,9.029999732971191,9.119999885559082,9.119999885559082,533900
2018-11-14,9.210000038146973,9.210000038146973,8.90999984741211,9.109999656677246,9.109999656677246,1840300
2018-11-15,10.300000190734863,10.819999694824219,9.5600004196167,9.859999656677246,9.859999656677246,2812600
2018-11-16,9.760000228881836,10.119999885559082,9.460000038146973,9.90999984741211,9.90999984741211,1046400
2018-11-19,9.850000381469727,9.930000305175781,9.1899995803833,9.380000114440918,9.380000114440918,800800
2018-11-20,9.359999656677246,9.630000114440918,9.140000343322754,9.510000228881836,9.510000228881836,447500
2018-11-21,9.510000228881836,9.789999961853027,9.40999984741211,9.600000381469727,9.600000381469727,276700
2018-11-23,9.539999961853027,9.600000381469727,9.510000228881836,9.550000190734863,9.550000190734863,115800
2018-11-26,9.600000381469727,9.649999618530273,9.180000305175781,9.199999809265137,9.199999809265137,525400
2018-11-27,9.239999771118164,9.34000015258789,9.09000015258789,9.119999885559082,9.119999885559082,579900
2018-11-28,9.130000114440918,9.479999542236328,9.079999923706055,9.470000267028809,9.470000267028809,1640500
2018-11-29,9.4399995803833,9.630000114440918,9.199999809265137,9.619999885559082,9.619999885559082,543300
2018-11-30,9.550000190734863,9.710000038146973,9.279999732971191,9.520000457763672,9.520000457763672,712400
2018-12-03,9.649999618530273,9.729999542236328,9.15999984741211,9.369999885559082,9.369999885559082,635600
2018-12-04,9.34000015258789,9.5,8.84000015258789,8.970000267028809,8.970000267028809,618400
2018-12-06,8.890000343322754,9.039999961853027,8.760000228881836,8.90999984741211,8.90999984741211,751800
2018-12-07,8.90999984741211,9.100000381469727,8.720000267028809,8.729999542236328,8.729999542236328,522600
2018-12-10,8.739999771118164,8.789999961853027,8.59000015258789,8.6899995803833,8.6899995803833,755900
2018-12-11,8.779999732971191,8.859999656677246,8.569999694824219,8.699999809265137,8.699999809265137,393800
2018-12-12,8.720000267028809,9.020000457763672,8.720000267028809,9.010000228881836,9.010000228881836,590200
2018-12-13,9.039999961853027,9.289999961853027,8.65999984741211,8.680000305175781,8.680000305175781,677200
2018-12-14,8.5600004196167,8.65999984741211,8.300000190734863,8.329999923706055,8.329999923706055,768500
2018-12-17,8.329999923706055,8.460000038146973,8.239999771118164,8.279999732971191,8.279999732971191,800500
2018-12-18,8.289999961853027,8.4399995803833,8.010000228881836,8.069999694824219,8.069999694824219,2233400
2018-12-19,8.0,8.199999809265137,7.949999809265137,7.96999979019165,7.96999979019165,612800
2018-12-20,7.96999979019165,8.130000114440918,7.909999847412109,8.079999923706055,8.079999923706055,444700
2018-12-21,8.140000343322754,8.140000343322754,7.639999866485596,7.699999809265137,7.699999809265137,825800
2018-12-24,7.71999979019165,7.829999923706055,7.570000171661377,7.670000076293945,7.670000076293945,294500
2018-12-26,7.71999979019165,7.880000114440918,7.449999809265137,7.869999885559082,7.869999885559082,659900
2018-12-27,7.78000020980835,7.889999866485596,7.639999866485596,7.730000019073486,7.730000019073486,478300
2018-12-28,7.760000228881836,7.940000057220459,7.519999980926514,7.820000171661377,7.820000171661377,522000
2018-12-31,7.880000114440918,7.889999866485596,7.670000076293945,7.730000019073486,7.730000019073486,533600
2019-01-02,7.679999828338623,8.170000076293945,7.639999866485596,8.100000381469727,8.100000381469727,775000
2019-01-03,8.029999732971191,8.140000343322754,7.809999942779541,8.09000015258789,8.09000015258789,963900
2019-01-04,8.140000343322754,8.4399995803833,8.140000343322754,8.420000076293945,8.420000076293945,790800
2019-01-07,8.329999923706055,8.420000076293945,7.670000076293945,7.929999828338623,7.929999828338623,1256600
2019-01-08,7.949999809265137,7.989999771118164,7.739999771118164,7.96999979019165,7.96999979019165,692700
2019-01-09,8.010000228881836,8.40999984741211,7.980000019073486,8.239999771118164,8.239999771118164,632300
2019-01-10,8.25,8.6899995803833,8.210000038146973,8.510000228881836,8.510000228881836,593500
2019-01-11,8.449999809265137,8.609999656677246,8.390000343322754,8.579999923706055,8.579999923706055,324500
2019-01-14,8.550000190734863,8.720000267028809,8.4399995803833,8.630000114440918,8.630000114440918,257600
2019-01-15,8.640000343322754,8.779999732971191,8.619999885559082,8.770000457763672,8.770000457763672,439000
2019-01-16,8.800000190734863,9.029999732971191,8.800000190734863,8.930000305175781,8.930000305175781,401600
2019-01-17,8.920000076293945,9.039999961853027,8.8100004196167,8.949999809265137,8.949999809265137,627700
2019-01-18,9.039999961853027,9.260000228881836,9.0,9.25,9.25,571000
2019-01-22,9.25,9.25,8.989999771118164,9.0600004196167,9.0600004196167,437200
2019-01-23,9.109999656677246,9.170000076293945,9.020000457763672,9.0600004196167,9.0600004196167,423100
2019-01-24,9.0600004196167,9.210000038146973,9.010000228881836,9.199999809265137,9.199999809265137,279800
2019-01-25,9.229999542236328,9.390000343322754,9.210000038146973,9.390000343322754,9.390000343322754,470000
2019-01-28,9.319999694824219,9.34000015258789,9.0,9.0600004196167,9.0600004196167,570400
2019-01-29,9.029999732971191,9.229999542236328,9.010000228881836,9.100000381469727,9.100000381469727,429600
2019-01-30,9.149999618530273,9.630000114440918,9.100000381469727,9.5,9.5,687800
2019-01-31,9.930000305175781,10.109999656677246,9.260000228881836,9.319999694824219,9.319999694824219,883800
2019-02-01,9.489999771118164,10.010000228881836,9.489999771118164,9.760000228881836,9.760000228881836,562500
2019-02-04,9.850000381469727,10.220000267028809,9.850000381469727,10.0600004196167,10.0600004196167,708500
2019-02-05,10.039999961853027,10.210000038146973,10.010000228881836,10.130000114440918,10.130000114440918,1244200
2019-02-06,10.140000343322754,10.170000076293945,10.0,10.050000190734863,10.050000190734863,488800
2019-02-07,10.050000190734863,10.170000076293945,10.0,10.130000114440918,10.130000114440918,555700
2019-02-08,10.039999961853027,10.149999618530273,9.949999809265137,10.079999923706055,10.079999923706055,333200
2019-02-11,10.09000015258789,10.1899995803833,10.050000190734863,10.149999618530273,10.149999618530273,423300
2019-02-12,10.220000267028809,10.289999961853027,10.130000114440918,10.1899995803833,10.1899995803833,246500
2019-02-13,10.199999809265137,10.270000457763672,10.130000114440918,10.170000076293945,10.170000076293945,407500
2019-02-14,10.119999885559082,10.15999984741211,9.90999984741211,9.920000076293945,9.920000076293945,552300
2019-02-15,9.979999542236328,10.09000015258789,9.9399995803833,10.020000457763672,10.020000457763672,391100
2019-02-19,9.989999771118164,10.170000076293945,9.880000114440918,10.130000114440918,10.130000114440918,476100
2019-02-20,10.130000114440918,10.319999694824219,10.050000190734863,10.239999771118164,10.239999771118164,310200
2019-02-21,10.170000076293945,10.270000457763672,10.010000228881836,10.239999771118164,10.239999771118164,309300
2019-02-22,10.300000190734863,10.399999618530273,10.270000457763672,10.350000381469727,10.350000381469727,257500
2019-02-25,10.420000076293945,10.489999771118164,10.300000190734863,10.3100004196167,10.3100004196167,233600
2019-02-26,10.25,10.289999961853027,9.949999809265137,9.960000038146973,9.960000038146973,312000
2019-02-27,9.899999618530273,9.9399995803833,9.680000305175781,9.789999961853027,9.789999961853027,440500
2019-02-28,9.800000190734863,9.880000114440918,9.670000076293945,9.770000457763672,9.770000457763672,483600
2019-03-01,9.819999694824219,10.029999732971191,9.770000457763672,9.930000305175781,9.930000305175781,445600
2019-03-04,9.930000305175781,10.0,9.779999732971191,9.800000190734863,9.800000190734863,352200
2019-03-05,9.829999923706055,9.850000381469727,9.649999618530273,9.8100004196167,9.8100004196167,302700
2019-03-06,9.8100004196167,9.8100004196167,9.640000343322754,9.65999984741211,9.65999984741211,472000
2019-03-07,9.65999984741211,9.65999984741211,9.510000228881836,9.569999694824219,9.569999694824219,201900
2019-03-08,9.5,9.739999771118164,9.430000305175781,9.670000076293945,9.670000076293945,391000
2019-03-11,9.699999809265137,9.819999694824219,9.640000343322754,9.729999542236328,9.729999542236328,200900
2019-03-12,9.720000267028809,9.729999542236328,9.579999923706055,9.65999984741211,9.65999984741211,222900
2019-03-13,9.699999809265137,9.720000267028809,9.470000267028809,9.550000190734863,9.550000190734863,214200
2019-03-14,9.5600004196167,9.720000267028809,9.5,9.550000190734863,9.550000190734863,362800
2019-03-15,9.539999961853027,9.609999656677246,9.40999984741211,9.600000381469727,9.600000381469727,1592200
2019-03-18,9.600000381469727,9.720000267028809,9.579999923706055,9.609999656677246,9.609999656677246,477800
2019-03-19,9.65999984741211,9.670000076293945,9.329999923706055,9.4399995803833,9.4399995803833,406300
2019-03-20,9.4399995803833,9.470000267028809,9.25,9.359999656677246,9.359999656677246,366500
2019-03-21,9.34000015258789,9.6899995803833,9.34000015258789,9.5,9.5,374600
2019-03-22,9.4399995803833,9.4399995803833,9.079999923706055,9.109999656677246,9.109999656677246,294500
2019-03-25,9.109999656677246,9.329999923706055,9.069999694824219,9.260000228881836,9.260000228881836,329500
2019-03-26,9.319999694824219,9.390000343322754,9.199999809265137,9.289999961853027,9.289999961853027,245600
2019-03-27,9.229999542236328,9.289999961853027,9.0600004196167,9.220000267028809,9.220000267028809,230800
2019-03-28,9.220000267028809,9.380000114440918,9.1899995803833,9.359999656677246,9.359999656677246,221100
2019-03-29,9.430000305175781,9.5600004196167,9.270000457763672,9.319999694824219,9.319999694824219,723200
2019-04-01,9.380000114440918,9.5,9.300000190734863,9.369999885559082,9.369999885559082,444800
2019-04-02,9.430000305175781,9.569999694824219,9.390000343322754,9.5,9.5,261400
2019-04-03,9.569999694824219,9.649999618530273,9.470000267028809,9.529999732971191,9.529999732971191,520800
2019-04-04,9.539999961853027,9.880000114440918,9.539999961853027,9.829999923706055,9.829999923706055,429600
2019-04-05,9.8100004196167,9.960000038146973,9.800000190734863,9.920000076293945,9.920000076293945,365500
2019-04-08,9.890000343322754,9.949999809265137,9.770000457763672,9.949999809265137,9.949999809265137,233300
2019-04-09,9.9399995803833,10.5,9.90999984741211,10.3100004196167,10.3100004196167,1029900
2019-04-10,10.270000457763672,10.5,10.1899995803833,10.460000038146973,10.460000038146973,591400
2019-04-11,10.479999542236328,10.550000190734863,10.270000457763672,10.289999961853027,10.289999961853027,344100
2019-04-12,10.529999732971191,10.720000267028809,10.420000076293945,10.640000343322754,10.640000343322754,594200
2019-04-15,10.6899995803833,10.699999809265137,10.460000038146973,10.539999961853027,10.539999961853027,207500
2019-04-16,10.609999656677246,10.739999771118164,10.609999656677246,10.710000038146973,10.710000038146973,451600
2019-04-17,10.760000228881836,10.960000038146973,10.710000038146973,10.75,10.75,420200
2019-04-18,10.720000267028809,10.779999732971191,10.569999694824219,10.760000228881836,10.760000228881836,248200
2019-04-22,10.760000228881836,10.859999656677246,10.680000305175781,10.739999771118164,10.739999771118164,266300
2019-04-23,10.680000305175781,10.6899995803833,10.470000267028809,10.569999694824219,10.569999694824219,360600
2019-04-24,10.569999694824219,10.699999809265137,10.460000038146973,10.640000343322754,10.640000343322754,238000
2019-04-25,10.649999618530273,10.899999618530273,10.479999542236328,10.760000228881836,10.760000228881836,433900
2019-04-26,10.710000038146973,11.029999732971191,10.65999984741211,11.010000228881836,11.010000228881836,437300
2019-04-29,11.09000015258789,11.229999542236328,11.010000228881836,11.210000038146973,11.210000038146973,700600
2019-04-30,11.180000305175781,11.210000038146973,10.779999732971191,10.869999885559082,10.869999885559082,567400
2019-05-01,10.90999984741211,11.25,10.670000076293945,10.720000267028809,10.720000267028809,856700
2019-05-02,10.75,10.960000038146973,10.6899995803833,10.829999923706055,10.829999923706055,205000
2019-05-03,10.819999694824219,10.989999771118164,10.800000190734863,10.880000114440918,10.880000114440918,384900
2019-05-06,10.569999694824219,10.869999885559082,10.479999542236328,10.800000190734863,10.800000190734863,312400
2019-05-07,10.65999984741211,10.800000190734863,10.600000381469727,10.710000038146973,10.710000038146973,373700
2019-05-08,10.6899995803833,10.760000228881836,10.489999771118164,10.489999771118164,10.489999771118164,567600
2019-05-09,10.020000457763672,10.229999542236328,9.289999961853027,9.710000038146973,9.710000038146973,1218100
2019-05-10,9.600000381469727,9.630000114440918,9.319999694824219,9.40999984741211,9.40999984741211,689600
2019-05-13,9.270000457763672,9.390000343322754,9.09000015258789,9.149999618530273,9.149999618530273,460600
2019-05-14,9.15999984741211,9.270000457763672,9.100000381469727,9.170000076293945,9.170000076293945,283400
2019-05-15,9.100000381469727,9.220000267028809,9.0600004196167,9.140000343322754,9.140000343322754,233000
2019-05-16,9.149999618530273,9.279999732971191,9.149999618530273,9.210000038146973,9.210000038146973,205500
2019-05-17,9.149999618530273,9.220000267028809,9.069999694824219,9.140000343322754,9.140000343322754,320900
2019-05-20,9.140000343322754,9.229999542236328,9.039999961853027,9.0600004196167,9.0600004196167,224400
2019-05-21,9.100000381469727,9.140000343322754,9.0,9.0,9.0,267200
2019-05-22,8.960000038146973,9.130000114440918,8.850000381469727,9.109999656677246,9.109999656677246,267700
2019-05-23,9.029999732971191,9.050000190734863,8.899999618530273,8.920000076293945,8.920000076293945,361900
2019-05-24,8.960000038146973,9.100000381469727,8.949999809265137,9.0600004196167,9.0600004196167,180700
2019-05-28,9.039999961853027,9.15999984741211,8.9399995803833,8.949999809265137,8.949999809265137,455400
2019-05-29,8.899999618530273,9.050000190734863,8.829999923706055,8.989999771118164,8.989999771118164,521500
2019-05-30,8.9399995803833,9.130000114440918,8.890000343322754,8.930000305175781,8.930000305175781,200800
2019-05-31,8.8100004196167,8.829999923706055,8.6899995803833,8.779999732971191,8.779999732971191,292600
2019-06-03,8.779999732971191,9.039999961853027,8.75,9.020000457763672,9.020000457763672,277700
2019-06-04,9.109999656677246,9.279999732971191,9.029999732971191,9.25,9.25,935100
2019-06-05,9.25,9.329999923706055,9.029999732971191,9.109999656677246,9.109999656677246,213900
2019-06-06,9.109999656677246,9.15999984741211,8.899999618530273,9.029999732971191,9.029999732971191,159200
2019-06-07,9.039999961853027,9.199999809265137,8.789999961853027,9.109999656677246,9.109999656677246,144000
2019-06-10,9.149999618530273,9.430000305175781,9.020000457763672,9.170000076293945,9.170000076293945,177200
2019-06-11,9.25,9.300000190734863,8.9399995803833,9.170000076293945,9.170000076293945,387800
2019-06-12,9.109999656677246,9.369999885559082,9.029999732971191,9.359999656677246,9.359999656677246,226300
2019-06-13,9.380000114440918,9.520000457763672,9.329999923706055,9.369999885559082,9.369999885559082,283800
2019-06-14,9.399999618530273,9.449999809265137,9.25,9.270000457763672,9.270000457763672,161300
2019-06-17,9.270000457763672,9.319999694824219,9.0600004196167,9.119999885559082,9.119999885559082,232300
2019-06-18,9.119999885559082,9.520000457763672,9.119999885559082,9.140000343322754,9.140000343322754,176800
2019-06-19,9.1899995803833,9.289999961853027,8.970000267028809,9.079999923706055,9.079999923706055,153800
2019-06-20,9.199999809265137,9.229999542236328,9.069999694824219,9.119999885559082,9.119999885559082,176100
2019-06-21,9.09000015258789,9.229999542236328,9.0600004196167,9.109999656677246,9.109999656677246,336200
2019-06-24,9.109999656677246,9.5600004196167,9.109999656677246,9.40999984741211,9.40999984741211,320700
2019-06-25,9.399999618530273,9.640000343322754,9.350000381469727,9.569999694824219,9.569999694824219,384900
2019-06-26,9.630000114440918,9.710000038146973,9.380000114440918,9.380000114440918,9.380000114440918,181500
2019-06-27,9.380000114440918,9.59000015258789,9.359999656677246,9.569999694824219,9.569999694824219,357100
2019-06-28,9.600000381469727,9.6899995803833,9.420000076293945,9.470000267028809,9.470000267028809,899600
2019-07-01,9.579999923706055,9.630000114440918,9.470000267028809,9.579999923706055,9.579999923706055,206500
2019-07-02,9.609999656677246,9.65999984741211,9.529999732971191,9.579999923706055,9.579999923706055,161400
2019-07-03,9.619999885559082,9.880000114440918,9.619999885559082,9.800000190734863,9.800000190734863,297500
2019-07-05,9.779999732971191,9.859999656677246,9.739999771118164,9.760000228881836,9.760000228881836,220800
2019-07-08,9.770000457763672,9.84000015258789,9.670000076293945,9.680000305175781,9.680000305175781,121600
2019-07-09,9.65999984741211,9.6899995803833,9.59000015258789,9.609999656677246,9.609999656677246,325100
2019-07-10,9.649999618530273,9.720000267028809,9.5,9.619999885559082,9.619999885559082,232800
2019-07-11,9.649999618530273,9.720000267028809,9.460000038146973,9.5600004196167,9.5600004196167,141200
2019-07-12,9.569999694824219,9.670000076293945,9.510000228881836,9.619999885559082,9.619999885559082,185600
2019-07-15,9.609999656677246,9.850000381469727,9.59000015258789,9.84000015258789,9.84000015258789,239800
2019-07-16,9.850000381469727,10.050000190734863,9.819999694824219,9.960000038146973,9.960000038146973,287700
2019-07-17,9.960000038146973,9.960000038146973,9.649999618530273,9.65999984741211,9.65999984741211,241800
2019-07-18,9.649999618530273,9.710000038146973,9.630000114440918,9.640000343322754,9.640000343322754,116300
2019-07-19,9.600000381469727,9.760000228881836,9.529999732971191,9.6899995803833,9.6899995803833,204900
2019-07-22,9.680000305175781,9.729999542236328,9.609999656677246,9.6899995803833,9.6899995803833,161500
2019-07-23,9.6899995803833,9.779999732971191,9.609999656677246,9.760000228881836,9.760000228881836,360200
2019-07-24,9.710000038146973,10.0,9.710000038146973,9.979999542236328,9.979999542236328,242900
2019-07-25,9.989999771118164,10.0,9.640000343322754,9.710000038146973,9.710000038146973,109300
2019-07-26,9.720000267028809,9.859999656677246,9.699999809265137,9.84000015258789,9.84000015258789,137300
2019-07-29,9.819999694824219,9.899999618530273,9.630000114440918,9.729999542236328,9.729999542236328,268300
2019-07-30,9.680000305175781,10.050000190734863,9.65999984741211,10.039999961853027,10.039999961853027,267000
2019-07-31,10.069999694824219,10.199999809265137,9.829999923706055,9.850000381469727,9.850000381469727,345600
2019-08-01,9.430000305175781,9.760000228881836,8.630000114440918,8.960000038146973,8.960000038146973,1028300
2019-08-02,8.890000343322754,8.979999542236328,8.539999961853027,8.670000076293945,8.670000076293945,329900
2019-08-05,8.550000190734863,8.640000343322754,8.369999885559082,8.600000381469727,8.600000381469727,538800
2019-08-06,8.5600004196167,8.6899995803833,8.449999809265137,8.529999732971191,8.529999732971191,390500
2019-08-07,8.449999809265137,8.779999732971191,8.4399995803833,8.720000267028809,8.720000267028809,315900
2019-08-08,8.800000190734863,8.970000267028809,8.710000038146973,8.84000015258789,8.84000015258789,393300
2019-08-09,8.850000381469727,8.899999618530273,8.59000015258789,8.65999984741211,8.65999984741211,193700
2019-08-12,8.59000015258789,8.59000015258789,8.279999732971191,8.300000190734863,8.300000190734863,256400
2019-08-13,8.260000228881836,8.479999542236328,8.25,8.3100004196167,8.3100004196167,161400
2019-08-14,8.170000076293945,8.260000228881836,8.079999923706055,8.100000381469727,8.100000381469727,583200
2019-08-15,8.1899995803833,8.289999961853027,8.109999656677246,8.149999618530273,8.149999618530273,244800
2019-08-16,8.180000305175781,8.319999694824219,7.96999979019165,8.239999771118164,8.239999771118164,385200
2019-08-19,8.350000381469727,8.350000381469727,8.109999656677246,8.149999618530273,8.149999618530273,354500
2019-08-20,8.109999656677246,8.199999809265137,8.020000457763672,8.119999885559082,8.119999885559082,216700
2019-08-21,8.199999809265137,8.270000457763672,7.96999979019165,8.149999618530273,8.149999618530273,326800
2019-08-22,8.130000114440918,8.220000267028809,8.0,8.140000343322754,8.140000343322754,243800
2019-08-23,8.109999656677246,8.1899995803833,7.860000133514404,7.909999847412109,7.909999847412109,420000
2019-08-26,7.96999979019165,7.980000019073486,7.849999904632568,7.920000076293945,7.920000076293945,296800
2019-08-27,7.949999809265137,8.020000457763672,7.71999979019165,7.989999771118164,7.989999771118164,445000
2019-08-28,7.96999979019165,8.100000381469727,7.880000114440918,7.980000019073486,7.980000019073486,201000
2019-08-29,8.020000457763672,8.1899995803833,7.940000057220459,8.0600004196167,8.0600004196167,229400
2019-08-30,8.100000381469727,8.289999961853027,7.840000152587891,7.869999885559082,7.869999885559082,194600
2019-09-03,7.809999942779541,7.900000095367432,7.690000057220459,7.820000171661377,7.820000171661377,231500
2019-09-04,7.889999866485596,7.949999809265137,7.760000228881836,7.860000133514404,7.860000133514404,132200
2019-09-05,7.980000019073486,8.029999732971191,7.840000152587891,7.860000133514404,7.860000133514404,279500
2019-09-06,7.860000133514404,7.909999847412109,7.820000171661377,7.840000152587891,7.840000152587891,194500
2019-09-09,7.900000095367432,7.929999828338623,7.809999942779541,7.849999904632568,7.849999904632568,491400
2019-09-10,7.889999866485596,8.130000114440918,7.860000133514404,8.010000228881836,8.010000228881836,607400
2019-09-11,8.0600004196167,8.220000267028809,7.940000057220459,8.149999618530273,8.149999618530273,889100
2019-09-12,8.170000076293945,8.329999923706055,8.119999885559082,8.260000228881836,8.260000228881836,784500
2019-09-13,8.3100004196167,8.460000038146973,8.289999961853027,8.350000381469727,8.350000381469727,579200
2019-09-16,8.34000015258789,8.529999732971191,8.3100004196167,8.350000381469727,8.350000381469727,494800
2019-09-17,8.3100004196167,8.380000114440918,8.239999771118164,8.3100004196167,8.3100004196167,285600
2019-09-18,8.329999923706055,8.329999923706055,8.15999984741211,8.25,8.25,234800
2019-09-19,7.840000152587891,7.869999885559082,7.199999809265137,7.300000190734863,7.300000190734863,1990800
2019-09-20,7.28000020980835,7.28000020980835,6.739999771118164,7.079999923706055,7.079999923706055,1553200
2019-09-23,7.039999961853027,7.099999904632568,6.820000171661377,6.889999866485596,6.889999866485596,513100
2019-09-24,6.889999866485596,6.929999828338623,6.590000152587891,6.639999866485596,6.639999866485596,537400
2019-09-25,6.659999847412109,6.789999961853027,6.630000114440918,6.75,6.75,898400
2019-09-26,6.760000228881836,6.829999923706055,6.710000038146973,6.739999771118164,6.739999771118164,555000
2019-09-27,6.78000020980835,6.78000020980835,6.559999942779541,6.630000114440918,6.630000114440918,629300
2019-09-30,6.619999885559082,6.650000095367432,6.449999809265137,6.460000038146973,6.460000038146973,574500
2019-10-01,6.480000019073486,6.550000190734863,6.300000190734863,6.329999923706055,6.329999923706055,419000
2019-10-02,6.300000190734863,6.409999847412109,6.21999979019165,6.260000228881836,6.260000228881836,417900
2019-10-03,6.25,6.309999942779541,6.039999961853027,6.079999923706055,6.079999923706055,686000
2019-10-04,6.130000114440918,6.179999828338623,6.010000228881836,6.110000133514404,6.110000133514404,470000
2019-10-07,6.079999923706055,6.28000020980835,6.079999923706055,6.190000057220459,6.190000057220459,593300
2019-10-08,5.610000133514404,5.769999980926514,5.320000171661377,5.429999828338623,5.429999828338623,2010300
2019-10-09,5.440000057220459,5.650000095367432,5.420000076293945,5.539999961853027,5.539999961853027,902800
2019-10-10,5.579999923706055,5.679999828338623,5.559999942779541,5.570000171661377,5.570000171661377,632400
2019-10-11,5.599999904632568,5.860000133514404,5.599999904632568,5.75,5.75,708600
2019-10-14,5.75,5.889999866485596,5.650000095367432,5.829999923706055,5.829999923706055,519800
2019-10-15,5.829999923706055,5.949999809265137,5.800000190734863,5.909999847412109,5.909999847412109,518100
2019-10-16,5.900000095367432,5.940000057220459,5.849999904632568,5.860000133514404,5.860000133514404,328000
2019-10-17,5.869999885559082,5.880000114440918,5.769999980926514,5.809999942779541,5.809999942779541,347600
2019-10-18,5.769999980926514,5.869999885559082,5.760000228881836,5.789999961853027,5.789999961853027,345600
2019-10-21,5.869999885559082,5.949999809265137,5.809999942779541,5.820000171661377,5.820000171661377,360100
2019-10-22,5.820000171661377,5.829999923706055,5.630000114440918,5.650000095367432,5.650000095367432,690800
2019-10-23,5.650000095367432,5.730000019073486,5.300000190734863,5.329999923706055,5.329999923706055,1274400
2019-10-24,5.349999904632568,5.409999847412109,5.119999885559082,5.199999809265137,5.199999809265137,1050300
2019-10-25,5.199999809265137,5.289999961853027,5.190000057220459,5.269999980926514,5.269999980926514,696900
2019-10-28,5.300000190734863,5.400000095367432,5.300000190734863,5.320000171661377,5.320000171661377,237000
2019-10-29,5.320000171661377,5.340000152587891,5.230000019073486,5.340000152587891,5.340000152587891,265300
2019-10-30,5.309999942779541,5.389999866485596,5.210000038146973,5.360000133514404,5.360000133514404,358200
2019-10-31,5.329999923706055,5.340000152587891,5.170000076293945,5.260000228881836,5.260000228881836,313000
2019-11-01,5.340000152587891,5.449999809265137,5.320000171661377,5.340000152587891,5.340000152587891,420900
2019-11-04,5.360000133514404,5.519999980926514,5.309999942779541,5.510000228881836,5.510000228881836,430400
2019-11-05,5.519999980926514,5.639999866485596,5.389999866485596,5.440000057220459,5.440000057220459,407500
2019-11-06,5.389999866485596,5.5,5.21999979019165,5.230000019073486,5.230000019073486,499400
2019-11-07,5.309999942779541,5.400000095367432,5.260000228881836,5.340000152587891,5.340000152587891,482300
2019-11-08,5.320000171661377,5.320000171661377,5.159999847412109,5.199999809265137,5.199999809265137,286200
2019-11-11,5.130000114440918,5.230000019073486,5.090000152587891,5.110000133514404,5.110000133514404,421000
2019-11-12,5.050000190734863,5.369999885559082,5.050000190734863,5.329999923706055,5.329999923706055,488400
2019-11-13,5.329999923706055,5.449999809265137,5.269999980926514,5.380000114440918,5.380000114440918,391200
2019-11-14,5.349999904632568,5.429999828338623,5.150000095367432,5.159999847412109,5.159999847412109,447800
2019-11-15,5.210000038146973,5.210000038146973,5.079999923706055,5.179999828338623,5.179999828338623,1466700
2019-11-18,5.289999961853027,5.289999961853027,5.039999961853027,5.090000152587891,5.090000152587891,412700
2019-11-19,5.179999828338623,5.179999828338623,4.829999923706055,4.889999866485596,4.889999866485596,556400
2019-11-20,4.869999885559082,4.96999979019165,4.769999980926514,4.869999885559082,4.869999885559082,1263700
2019-11-21,4.900000095367432,5.0,4.829999923706055,4.960000038146973,4.960000038146973,534100
2019-11-22,4.960000038146973,5.130000114440918,4.949999809265137,5.050000190734863,5.050000190734863,360800
2019-11-25,5.039999961853027,5.309999942779541,5.039999961853027,5.269999980926514,5.269999980926514,431200
2019-11-26,5.28000020980835,5.340000152587891,5.179999828338623,5.179999828338623,5.179999828338623,414500
2019-11-27,5.210000038146973,5.269999980926514,5.079999923706055,5.090000152587891,5.090000152587891,201900
2019-11-29,5.090000152587891,5.119999885559082,5.039999961853027,5.119999885559082,5.119999885559082,97800
2019-12-02,5.130000114440918,5.179999828338623,5.010000228881836,5.099999904632568,5.099999904632568,434600
2019-12-03,4.989999771118164,5.199999809265137,4.900000095367432,5.190000057220459,5.190000057220459,2245200
2019-12-04,5.239999771118164,5.389999866485596,5.199999809265137,5.21999979019165,5.21999979019165,1299800
2019-12-05,5.21999979019165,5.329999923706055,5.179999828338623,5.230000019073486,5.230000019073486,759900
2019-12-06,5.800000190734863,6.429999828338623,5.699999809265137,6.190000057220459,6.190000057220459,3827400
2019-12-09,6.110000133514404,6.409999847412109,6.090000152587891,6.329999923706055,6.329999923706055,804100
2019-12-10,6.300000190734863,6.400000095367432,6.119999885559082,6.170000076293945,6.170000076293945,680700
2019-12-11,6.239999771118164,6.269999980926514,6.159999847412109,6.170000076293945,6.170000076293945,648100
2019-12-12,6.170000076293945,6.369999885559082,6.139999866485596,6.289999961853027,6.289999961853027,673300
2019-12-13,6.28000020980835,6.360000133514404,6.110000133514404,6.340000152587891,6.340000152587891,1023700
2019-12-16,6.449999809265137,6.949999809265137,6.449999809265137,6.599999904632568,6.599999904632568,1614500
2019-12-17,6.599999904632568,6.960000038146973,6.559999942779541,6.920000076293945,6.920000076293945,1210400
2019-12-18,6.960000038146973,7.010000228881836,6.800000190734863,6.880000114440918,6.880000114440918,2550000
2019-12-19,6.869999885559082,6.909999847412109,6.71999979019165,6.820000171661377,6.820000171661377,675100
2019-12-20,6.820000171661377,6.960000038146973,6.800000190734863,6.889999866485596,6.889999866485596,1664700
2019-12-23,6.929999828338623,6.949999809265137,6.659999847412109,6.690000057220459,6.690000057220459,544100
2019-12-24,6.690000057220459,6.789999961853027,6.659999847412109,6.710000038146973,6.710000038146973,241400
2019-12-26,6.710000038146973,6.760000228881836,6.630000114440918,6.710000038146973,6.710000038146973,272000
2019-12-27,6.75,6.829999923706055,6.679999828338623,6.690000057220459,6.690000057220459,320000
2019-12-30,6.699999809265137,6.849999904632568,6.639999866485596,6.809999942779541,6.809999942779541,319200
2019-12-31,6.78000020980835,6.900000095367432,6.739999771118164,6.820000171661377,6.820000171661377,312800
2020-01-02,6.880000114440918,6.900000095367432,6.579999923706055,6.590000152587891,6.590000152587891,484200
2020-01-03,6.53000020980835,6.670000076293945,6.480000019073486,6.630000114440918,6.630000114440918,493400
2020-01-06,6.539999961853027,6.690000057220459,6.510000228881836,6.610000133514404,6.610000133514404,288600
2020-01-07,6.610000133514404,6.71999979019165,6.539999961853027,6.559999942779541,6.559999942779541,273300
2020-01-08,6.550000190734863,6.599999904632568,6.480000019073486,6.519999980926514,6.519999980926514,252500
2020-01-09,6.519999980926514,6.550000190734863,6.389999866485596,6.389999866485596,6.389999866485596,382800
2020-01-10,6.400000095367432,6.440000057220459,6.300000190734863,6.329999923706055,6.329999923706055,338100
2020-01-13,6.329999923706055,6.369999885559082,6.190000057220459,6.199999809265137,6.199999809265137,281100
2020-01-14,6.199999809265137,6.300000190734863,6.130000114440918,6.159999847412109,6.159999847412109,413900
2020-01-15,6.130000114440918,6.239999771118164,6.130000114440918,6.179999828338623,6.179999828338623,276200
2020-01-16,6.190000057220459,6.360000133514404,6.159999847412109,6.25,6.25,305400
2020-01-17,6.300000190734863,6.429999828338623,6.28000020980835,6.349999904632568,6.349999904632568,547100
2020-01-21,6.300000190734863,6.429999828338623,6.269999980926514,6.380000114440918,6.380000114440918,447500
2020-01-22,6.360000133514404,6.449999809265137,6.340000152587891,6.380000114440918,6.380000114440918,609200
2020-01-23,6.389999866485596,6.519999980926514,6.320000171661377,6.480000019073486,6.480000019073486,432000
2020-01-24,6.46999979019165,6.559999942779541,6.369999885559082,6.400000095367432,6.400000095367432,281700
2020-01-27,6.28000020980835,6.349999904632568,6.199999809265137,6.199999809265137,6.199999809265137,336400
2020-01-28,6.239999771118164,6.360000133514404,6.190000057220459,6.360000133514404,6.360000133514404,362700
2020-01-29,6.400000095367432,6.429999828338623,6.28000020980835,6.320000171661377,6.320000171661377,262400
2020-01-30,6.289999961853027,6.420000076293945,6.21999979019165,6.409999847412109,6.409999847412109,410000
2020-01-31,6.380000114440918,6.460000038146973,6.210000038146973,6.21999979019165,6.21999979019165,770700
2020-02-03,6.239999771118164,6.960000038146973,6.239999771118164,6.71999979019165,6.71999979019165,2333100
2020-02-04,5.949999809265137,5.980000019073486,4.909999847412109,5.010000228881836,5.010000228881836,3988300
2020-02-05,5.059999942779541,5.070000171661377,4.769999980926514,4.940000057220459,4.940000057220459,2015800
2020-02-06,5.0,5.150000095367432,4.929999828338623,5.03000020980835,5.03000020980835,748500
2020-02-07,5.019999980926514,5.079999923706055,4.920000076293945,4.949999809265137,4.949999809265137,949600
2020-02-10,4.920000076293945,5.139999866485596,4.800000190734863,4.820000171661377,4.820000171661377,660900
2020-02-11,4.880000114440918,4.929999828338623,4.789999961853027,4.809999942779541,4.809999942779541,690600
2020-02-12,4.880000114440918,4.989999771118164,4.820000171661377,4.929999828338623,4.929999828338623,314700
2020-02-13,4.880000114440918,5.0,4.849999904632568,4.869999885559082,4.869999885559082,366900
2020-02-14,4.800000190734863,4.960000038146973,4.78000020980835,4.909999847412109,4.909999847412109,313200
2020-02-18,4.849999904632568,5.0,4.840000152587891,4.889999866485596,4.889999866485596,472600
2020-02-19,4.909999847412109,4.940000057220459,4.829999923706055,4.880000114440918,4.880000114440918,537500
2020-02-20,4.869999885559082,5.119999885559082,4.869999885559082,5.070000171661377,5.070000171661377,726000
2020-02-21,5.070000171661377,5.150000095367432,4.829999923706055,4.869999885559082,4.869999885559082,409100
2020-02-24,4.769999980926514,4.889999866485596,4.679999828338623,4.820000171661377,4.820000171661377,560800
2020-02-25,4.809999942779541,4.820000171661377,4.639999866485596,4.769999980926514,4.769999980926514,832400
2020-02-26,4.809999942779541,4.829999923706055,4.659999847412109,4.679999828338623,4.679999828338623,1102900
2020-02-27,4.639999866485596,5.050000190734863,4.539999961853027,4.789999961853027,4.789999961853027,1100100
2020-02-28,4.739999771118164,4.949999809265137,4.679999828338623,4.800000190734863,4.800000190734863,871300
2020-03-02,4.809999942779541,4.909999847412109,4.659999847412109,4.809999942779541,4.809999942779541,664200
2020-03-03,4.849999904632568,5.010000228881836,4.619999885559082,4.699999809265137,4.699999809265137,613500
2020-03-04,4.699999809265137,4.75,4.559999942779541,4.650000095367432,4.650000095367432,594400
2020-03-05,4.599999904632568,4.670000076293945,4.539999961853027,4.599999904632568,4.599999904632568,716100
2020-03-06,4.5,4.75,4.380000114440918,4.650000095367432,4.650000095367432,1143500
2020-03-09,4.429999828338623,4.570000171661377,4.329999923706055,4.480000019073486,4.480000019073486,802400
2020-03-10,4.53000020980835,4.710000038146973,4.349999904632568,4.440000057220459,4.440000057220459,905900
2020-03-11,4.369999885559082,4.460000038146973,4.179999828338623,4.239999771118164,4.239999771118164,531600
2020-03-12,3.9700000286102295,4.190000057220459,3.799999952316284,3.8299999237060547,3.8299999237060547,1370900
2020-03-13,3.8299999237060547,4.269999980926514,3.8299999237060547,4.269999980926514,4.269999980926514,754600
2020-03-16,3.940000057220459,4.289999961853027,3.609999895095825,3.700000047683716,3.700000047683716,892800
2020-03-17,3.7200000286102295,4.0,3.509999990463257,3.990000009536743,3.990000009536743,850800
2020-03-18,3.819999933242798,3.930000066757202,3.549999952316284,3.640000104904175,3.640000104904175,561200
2020-03-19,3.569999933242798,3.6500000953674316,3.4200000762939453,3.5899999141693115,3.5899999141693115,707700
2020-03-20,3.609999895095825,3.950000047683716,3.549999952316284,3.8399999141693115,3.8399999141693115,1667200
2020-03-23,3.9000000953674316,4.010000228881836,3.569999933242798,3.759999990463257,3.759999990463257,909900
2020-03-24,3.859999895095825,3.9800000190734863,3.5,3.680000066757202,3.680000066757202,1353400
2020-03-25,3.7300000190734863,3.890000104904175,3.4100000858306885,3.5,3.5,1019600
2020-03-26,3.4800000190734863,3.9800000190734863,3.4100000858306885,3.799999952316284,3.799999952316284,1282400
2020-03-27,3.7699999809265137,4.239999771118164,3.609999895095825,4.150000095367432,4.150000095367432,953700
2020-03-30,4.179999828338623,4.300000190734863,3.799999952316284,4.230000019073486,4.230000019073486,766000
2020-03-31,4.21999979019165,4.460000038146973,4.0,4.170000076293945,4.170000076293945,960400
2020-04-01,4.010000228881836,4.179999828338623,3.7699999809265137,3.9800000190734863,3.9800000190734863,687300
2020-04-02,3.869999885559082,4.320000171661377,3.759999990463257,4.289999961853027,4.289999961853027,875100
2020-04-03,4.230000019073486,4.440000057220459,4.159999847412109,4.309999942779541,4.309999942779541,650800
2020-04-06,4.489999771118164,4.71999979019165,4.400000095367432,4.570000171661377,4.570000171661377,770200
2020-04-07,4.71999979019165,4.820000171661377,4.360000133514404,4.389999866485596,4.389999866485596,802700
2020-04-08,4.440000057220459,4.690000057220459,4.360000133514404,4.659999847412109,4.659999847412109,549100
2020-04-09,4.809999942779541,5.079999923706055,4.75,4.949999809265137,4.949999809265137,580600
2020-04-13,5.150000095367432,5.150000095367432,4.760000228881836,4.789999961853027,4.789999961853027,593600
2020-04-14,4.869999885559082,5.019999980926514,4.75,4.849999904632568,4.849999904632568,631400
2020-04-15,4.679999828338623,4.829999923706055,4.570000171661377,4.75,4.75,570300
2020-04-16,4.820000171661377,4.980000019073486,4.71999979019165,4.860000133514404,4.860000133514404,961300
2020-04-17,5.0,5.289999961853027,4.940000057220459,4.949999809265137,4.949999809265137,604200
2020-04-20,4.829999923706055,4.96999979019165,4.710000038146973,4.889999866485596,4.889999866485596,281800
2020-04-21,4.760000228881836,4.909999847412109,4.659999847412109,4.860000133514404,4.860000133514404,356900
2020-04-22,4.900000095367432,4.929999828338623,4.610000133514404,4.710000038146973,4.710000038146973,659200
2020-04-23,4.71999979019165,5.010000228881836,4.650000095367432,4.889999866485596,4.889999866485596,668600
2020-04-24,4.920000076293945,5.210000038146973,4.869999885559082,5.150000095367432,5.150000095367432,542700
2020-04-27,5.179999828338623,5.190000057220459,4.840000152587891,5.099999904632568,5.099999904632568,683900
2020-04-28,5.210000038146973,5.389999866485596,5.059999942779541,5.360000133514404,5.360000133514404,1013500
2020-04-29,5.5,5.800000190734863,5.460000038146973,5.650000095367432,5.650000095367432,835700
2020-04-30,5.53000020980835,5.699999809265137,5.420000076293945,5.599999904632568,5.599999904632568,517000
2020-05-01,5.489999771118164,5.5,5.090000152587891,5.179999828338623,5.179999828338623,339500
2020-05-04,5.130000114440918,5.429999828338623,5.010000228881836,5.400000095367432,5.400000095367432,384000
2020-05-05,5.449999809265137,5.559999942779541,5.210000038146973,5.25,5.25,377600
2020-05-06,5.269999980926514,5.380000114440918,5.190000057220459,5.210000038146973,5.210000038146973,329000
2020-05-07,5.28000020980835,5.380000114440918,5.170000076293945,5.199999809265137,5.199999809265137,450900
2020-05-08,5.289999961853027,5.550000190734863,5.170000076293945,5.519999980926514,5.519999980926514,363500
2020-05-11,5.449999809265137,5.46999979019165,5.150000095367432,5.239999771118164,5.239999771118164,615600
2020-05-12,5.050000190734863,5.210000038146973,4.789999961853027,4.860000133514404,4.860000133514404,623700
2020-05-13,4.75,4.829999923706055,4.489999771118164,4.599999904632568,4.599999904632568,937800
2020-05-14,4.550000190734863,4.630000114440918,4.340000152587891,4.610000133514404,4.610000133514404,513700
2020-05-15,4.630000114440918,4.900000095367432,4.539999961853027,4.820000171661377,4.820000171661377,547000
2020-05-18,5.019999980926514,5.110000133514404,4.909999847412109,5.090000152587891,5.090000152587891,525600
2020-05-19,5.110000133514404,5.119999885559082,4.849999904632568,4.860000133514404,4.860000133514404,446100
2020-05-20,4.940000057220459,5.150000095367432,4.880000114440918,5.139999866485596,5.139999866485596,450000
2020-05-21,5.159999847412109,5.300000190734863,5.090000152587891,5.28000020980835,5.28000020980835,390500
2020-05-22,5.300000190734863,5.300000190734863,4.949999809265137,5.190000057220459,5.190000057220459,340000
2020-05-26,5.380000114440918,5.389999866485596,5.230000019073486,5.300000190734863,5.300000190734863,618300
2020-05-27,5.400000095367432,5.440000057220459,5.239999771118164,5.349999904632568,5.349999904632568,406400
2020-05-28,5.389999866485596,5.409999847412109,5.21999979019165,5.260000228881836,5.260000228881836,342600
2020-05-29,5.21999979019165,5.25,5.019999980926514,5.159999847412109,5.159999847412109,367900
2020-06-01,5.170000076293945,5.420000076293945,5.130000114440918,5.21999979019165,5.21999979019165,381500
2020-06-02,5.269999980926514,5.480000019073486,5.159999847412109,5.409999847412109,5.409999847412109,596800
2020-06-03,5.489999771118164,5.789999961853027,5.429999828338623,5.639999866485596,5.639999866485596,847000
2020-06-04,5.730000019073486,6.340000152587891,5.699999809265137,6.260000228881836,6.260000228881836,1211500
2020-06-05,6.269999980926514,6.610000133514404,6.269999980926514,6.449999809265137,6.449999809265137,727300
2020-06-08,6.550000190734863,6.650000095367432,6.360000133514404,6.650000095367432,6.650000095367432,1100300
2020-06-09,6.550000190734863,6.840000152587891,6.349999904632568,6.699999809265137,6.699999809265137,753600
2020-06-10,6.699999809265137,6.71999979019165,6.409999847412109,6.559999942779541,6.559999942779541,813600
2020-06-11,6.260000228881836,6.480000019073486,6.139999866485596,6.360000133514404,6.360000133514404,940800
2020-06-12,6.5,6.630000114440918,6.179999828338623,6.320000171661377,6.320000171661377,673400
2020-06-15,6.179999828338623,6.510000228881836,6.130000114440918,6.409999847412109,6.409999847412109,424300
2020-06-16,6.570000171661377,6.579999923706055,6.21999979019165,6.329999923706055,6.329999923706055,487400
2020-06-17,6.340000152587891,6.349999904632568,6.170000076293945,6.190000057220459,6.190000057220459,469600
2020-06-18,6.159999847412109,6.25,6.039999961853027,6.179999828338623,6.179999828338623,418700
2020-06-19,6.21999979019165,6.28000020980835,6.079999923706055,6.090000152587891,6.090000152587891,716400
2020-06-22,6.03000020980835,6.090000152587891,5.860000133514404,6.070000171661377,6.070000171661377,404300
2020-06-23,6.139999866485596,6.170000076293945,5.96999979019165,6.010000228881836,6.010000228881836,492500
2020-06-24,5.940000057220459,6.119999885559082,5.820000171661377,6.059999942779541,6.059999942779541,392400
2020-06-25,6.010000228881836,6.260000228881836,5.989999771118164,6.239999771118164,6.239999771118164,796500
2020-06-26,6.190000057220459,6.190000057220459,5.849999904632568,5.940000057220459,5.940000057220459,1181900
2020-06-29,5.980000019073486,6.340000152587891,5.980000019073486,6.269999980926514,6.269999980926514,378600
2020-06-30,6.25,6.380000114440918,6.21999979019165,6.300000190734863,6.300000190734863,316200
2020-07-01,6.309999942779541,6.440000057220459,5.909999847412109,5.96999979019165,5.96999979019165,389200
2020-07-02,6.0,6.139999866485596,5.889999866485596,5.920000076293945,5.920000076293945,563200
2020-07-06,6.03000020980835,6.179999828338623,5.920000076293945,6.079999923706055,6.079999923706055,656900
2020-07-07,6.03000020980835,6.079999923706055,5.929999828338623,5.989999771118164,5.989999771118164,707100
2020-07-08,6.070000171661377,6.070000171661377,5.829999923706055,5.880000114440918,5.880000114440918,490100
2020-07-09,5.960000038146973,5.980000019073486,5.679999828338623,5.710000038146973,5.710000038146973,578800
2020-07-10,5.679999828338623,5.699999809265137,5.25,5.559999942779541,5.559999942779541,1054900
2020-07-13,5.630000114440918,5.630000114440918,5.329999923706055,5.380000114440918,5.380000114440918,495900
2020-07-14,5.389999866485596,5.579999923706055,5.309999942779541,5.53000020980835,5.53000020980835,742200
2020-07-15,5.630000114440918,5.940000057220459,5.550000190734863,5.900000095367432,5.900000095367432,503400
2020-07-16,5.849999904632568,5.869999885559082,5.630000114440918,5.679999828338623,5.679999828338623,367900
2020-07-17,5.659999847412109,5.820000171661377,5.590000152587891,5.599999904632568,5.599999904632568,267400
2020-07-20,5.539999961853027,5.650000095367432,5.489999771118164,5.519999980926514,5.519999980926514,301900
2020-07-21,5.599999904632568,5.849999904632568,5.53000020980835,5.78000020980835,5.78000020980835,540300
2020-07-22,5.820000171661377,6.0,5.739999771118164,5.980000019073486,5.980000019073486,580900
2020-07-23,5.860000133514404,5.96999979019165,5.599999904632568,5.809999942779541,5.809999942779541,766400
2020-07-24,5.800000190734863,5.829999923706055,5.659999847412109,5.670000076293945,5.670000076293945,321700
2020-07-27,5.710000038146973,5.789999961853027,5.590000152587891,5.659999847412109,5.659999847412109,218200
2020-07-28,5.639999866485596,5.710000038146973,5.590000152587891,5.590000152587891,5.590000152587891,286000
2020-07-29,5.619999885559082,5.880000114440918,5.550000190734863,5.860000133514404,5.860000133514404,677700
2020-07-30,5.78000020980835,5.989999771118164,5.699999809265137,5.909999847412109,5.909999847412109,412200
2020-07-31,5.849999904632568,5.960000038146973,5.630000114440918,5.71999979019165,5.71999979019165,272900
2020-08-03,5.730000019073486,5.75,5.650000095367432,5.690000057220459,5.690000057220459,265200
2020-08-04,5.659999847412109,5.900000095367432,5.590000152587891,5.889999866485596,5.889999866485596,2092200
2020-08-05,5.489999771118164,6.059999942779541,5.28000020980835,5.940000057220459,5.940000057220459,1303500
2020-08-06,5.949999809265137,6.090000152587891,5.880000114440918,5.920000076293945,5.920000076293945,560200
2020-08-07,5.920000076293945,6.019999980926514,5.849999904632568,5.980000019073486,5.980000019073486,353800
2020-08-10,6.019999980926514,6.110000133514404,5.980000019073486,6.039999961853027,6.039999961853027,700100
2020-08-11,6.110000133514404,6.190000057220459,5.920000076293945,5.960000038146973,5.960000038146973,464100
2020-08-12,6.039999961853027,6.090000152587891,5.739999771118164,5.78000020980835,5.78000020980835,298600
2020-08-13,5.760000228881836,5.849999904632568,5.650000095367432,5.670000076293945,5.670000076293945,200600
2020-08-14,5.670000076293945,5.760000228881836,5.599999904632568,5.739999771118164,5.739999771118164,319600
2020-08-17,5.760000228881836,5.760000228881836,5.510000228881836,5.579999923706055,5.579999923706055,208400
2020-08-18,5.599999904632568,5.599999904632568,5.409999847412109,5.46999979019165,5.46999979019165,297400
2020-08-19,5.5,5.539999961853027,5.409999847412109,5.5,5.5,228600
2020-08-20,5.460000038146973,5.53000020980835,5.420000076293945,5.480000019073486,5.480000019073486,233900
2020-08-21,5.489999771118164,5.539999961853027,5.429999828338623,5.440000057220459,5.440000057220459,436000
2020-08-24,5.510000228881836,5.690000057220459,5.429999828338623,5.550000190734863,5.550000190734863,348200
2020-08-25,5.610000133514404,5.659999847412109,5.400000095367432,5.400000095367432,5.400000095367432,304300
2020-08-26,5.449999809265137,5.449999809265137,5.349999904632568,5.420000076293945,5.420000076293945,203200
2020-08-27,5.369999885559082,5.5,5.349999904632568,5.420000076293945,5.420000076293945,286800
2020-08-28,5.449999809265137,5.610000133514404,5.380000114440918,5.610000133514404,5.610000133514404,267300
2020-08-31,5.570000171661377,5.630000114440918,5.380000114440918,5.380000114440918,5.380000114440918,309400
2020-09-01,5.340000152587891,5.449999809265137,5.150000095367432,5.449999809265137,5.449999809265137,246200
2020-09-02,5.449999809265137,5.670000076293945,5.380000114440918,5.639999866485596,5.639999866485596,366100
2020-09-03,5.659999847412109,5.679999828338623,5.53000020980835,5.599999904632568,5.599999904632568,320100
2020-09-04,5.639999866485596,5.820000171661377,5.550000190734863,5.599999904632568,5.599999904632568,580300
2020-09-08,5.559999942779541,5.579999923706055,5.420000076293945,5.440000057220459,5.440000057220459,212400
2020-09-09,5.489999771118164,5.489999771118164,5.289999961853027,5.360000133514404,5.360000133514404,352300
2020-09-10,5.380000114440918,5.449999809265137,5.269999980926514,5.329999923706055,5.329999923706055,228400
2020-09-11,5.349999904632568,5.349999904632568,5.210000038146973,5.210000038146973,5.210000038146973,275900
2020-09-14,5.25,5.320000171661377,5.179999828338623,5.289999961853027,5.289999961853027,234400
2020-09-15,5.309999942779541,5.340000152587891,5.179999828338623,5.179999828338623,5.179999828338623,399400
2020-09-16,5.199999809265137,5.320000171661377,5.150000095367432,5.21999979019165,5.21999979019165,237200
2020-09-17,5.179999828338623,5.25,5.110000133514404,5.150000095367432,5.150000095367432,342400
2020-09-18,5.210000038146973,5.260000228881836,5.090000152587891,5.179999828338623,5.179999828338623,812400
2020-09-21,5.099999904632568,5.110000133514404,4.880000114440918,5.03000020980835,5.03000020980835,481900
2020-09-22,5.039999961853027,5.199999809265137,4.989999771118164,5.190000057220459,5.190000057220459,291500
2020-09-23,5.170000076293945,5.230000019073486,4.960000038146973,4.989999771118164,4.989999771118164,384000
2020-09-24,5.0,5.0,4.900000095367432,4.900000095367432,4.900000095367432,378000
2020-09-25,4.869999885559082,4.940000057220459,4.800000190734863,4.900000095367432,4.900000095367432,276900
2020-09-28,4.949999809265137,5.199999809265137,4.909999847412109,5.130000114440918,5.130000114440918,243000
2020-09-29,5.110000133514404,5.150000095367432,5.03000020980835,5.050000190734863,5.050000190734863,209500
2020-09-30,5.050000190734863,5.210000038146973,5.010000228881836,5.03000020980835,5.03000020980835,349000
2020-10-01,5.039999961853027,5.170000076293945,4.96999979019165,5.010000228881836,5.010000228881836,222700
2020-10-02,4.920000076293945,5.070000171661377,4.889999866485596,5.0,5.0,233000
2020-10-05,5.059999942779541,5.230000019073486,4.989999771118164,5.130000114440918,5.130000114440918,311000
2020-10-06,5.170000076293945,5.420000076293945,5.170000076293945,5.309999942779541,5.309999942779541,640900
2020-10-07,5.349999904632568,5.510000228881836,5.349999904632568,5.409999847412109,5.409999847412109,390600
2020-10-08,5.46999979019165,5.5,5.239999771118164,5.300000190734863,5.300000190734863,282300
2020-10-09,5.320000171661377,5.340000152587891,5.079999923706055,5.090000152587891,5.090000152587891,358300
2020-10-12,5.099999904632568,5.210000038146973,5.070000171661377,5.110000133514404,5.110000133514404,579400
2020-10-13,5.070000171661377,5.210000038146973,4.909999847412109,4.980000019073486,4.980000019073486,319200
2020-10-14,5.010000228881836,5.050000190734863,4.909999847412109,4.909999847412109,4.909999847412109,298100
2020-10-15,4.929999828338623,5.269999980926514,4.849999904632568,5.210000038146973,5.210000038146973,1026800
2020-10-16,5.170000076293945,5.300000190734863,5.110000133514404,5.239999771118164,5.239999771118164,350500
2020-10-19,5.269999980926514,5.349999904632568,5.130000114440918,5.139999866485596,5.139999866485596,463400
2020-10-20,5.179999828338623,5.210000038146973,5.099999904632568,5.170000076293945,5.170000076293945,293800
2020-10-21,5.150000095367432,5.210000038146973,4.96999979019165,5.019999980926514,5.019999980926514,289400
2020-10-22,5.019999980926514,5.039999961853027,4.940000057220459,4.949999809265137,4.949999809265137,185800
2020-10-23,4.960000038146973,5.019999980926514,4.900000095367432,4.960000038146973,4.960000038146973,120700
2020-10-26,4.900000095367432,4.929999828338623,4.789999961853027,4.860000133514404,4.860000133514404,185100
2020-10-27,4.889999866485596,4.889999866485596,4.789999961853027,4.809999942779541,4.809999942779541,174900
2020-10-28,4.739999771118164,4.789999961853027,4.679999828338623,4.690000057220459,4.690000057220459,435900
2020-10-29,4.670000076293945,4.670000076293945,4.550000190734863,4.579999923706055,4.579999923706055,260500
2020-10-30,4.590000152587891,4.650000095367432,4.449999809265137,4.460000038146973,4.460000038146973,415400
2020-11-02,4.46999979019165,4.559999942779541,4.409999847412109,4.429999828338623,4.429999828338623,267000
2020-11-03,4.46999979019165,4.739999771118164,4.46999979019165,4.650000095367432,4.650000095367432,227400
2020-11-04,4.619999885559082,4.75,4.570000171661377,4.710000038146973,4.710000038146973,200600
2020-11-05,4.710000038146973,4.820000171661377,4.710000038146973,4.800000190734863,4.800000190734863,200400
2020-11-06,4.820000171661377,4.820000171661377,4.739999771118164,4.789999961853027,4.789999961853027,199200
2020-11-09,4.920000076293945,5.170000076293945,4.860000133514404,5.099999904632568,5.099999904632568,445800
2020-11-10,5.159999847412109,5.170000076293945,5.070000171661377,5.139999866485596,5.139999866485596,356100
2020-11-11,5.139999866485596,5.150000095367432,4.929999828338623,5.110000133514404,5.110000133514404,335300
2020-11-12,5.079999923706055,5.079999923706055,4.809999942779541,4.900000095367432,4.900000095367432,299300
2020-11-13,4.909999847412109,5.150000095367432,4.909999847412109,5.130000114440918,5.130000114440918,171500
2020-11-16,5.179999828338623,5.239999771118164,5.070000171661377,5.139999866485596,5.139999866485596,296700
2020-11-17,5.079999923706055,5.110000133514404,4.909999847412109,5.099999904632568,5.099999904632568,328300
2020-11-18,5.139999866485596,5.289999961853027,5.079999923706055,5.139999866485596,5.139999866485596,641800
2020-11-19,5.150000095367432,5.239999771118164,5.03000020980835,5.239999771118164,5.239999771118164,451400
2020-11-20,5.199999809265137,5.449999809265137,5.139999866485596,5.380000114440918,5.380000114440918,304600
2020-11-23,5.400000095367432,5.550000190734863,5.320000171661377,5.429999828338623,5.429999828338623,476800
2020-11-24,5.46999979019165,5.559999942779541,5.46999979019165,5.510000228881836,5.510000228881836,546100
2020-11-25,5.46999979019165,5.489999771118164,5.170000076293945,5.269999980926514,5.269999980926514,288800
2020-11-27,5.25,5.429999828338623,5.190000057220459,5.420000076293945,5.420000076293945,188500
2020-11-30,5.360000133514404,5.420000076293945,5.050000190734863,5.090000152587891,5.090000152587891,1408800
2020-12-01,5.190000057220459,5.409999847412109,5.150000095367432,5.239999771118164,5.239999771118164,463900
2020-12-02,5.21999979019165,5.300000190734863,5.159999847412109,5.25,5.25,375300
2020-12-03,5.289999961853027,5.440000057220459,5.260000228881836,5.380000114440918,5.380000114440918,404700
2020-12-04,5.389999866485596,5.449999809265137,5.170000076293945,5.380000114440918,5.380000114440918,296000
2020-12-07,5.380000114440918,5.409999847412109,5.210000038146973,5.380000114440918,5.380000114440918,189800
2020-12-08,5.320000171661377,5.46999979019165,5.269999980926514,5.429999828338623,5.429999828338623,307700
2020-12-09,5.489999771118164,5.489999771118164,5.289999961853027,5.349999904632568,5.349999904632568,249000
2020-12-10,5.340000152587891,5.360000133514404,5.210000038146973,5.25,5.25,335400
2020-12-11,5.210000038146973,5.25,5.03000020980835,5.099999904632568,5.099999904632568,574600
2020-12-14,5.119999885559082,5.150000095367432,4.980000019073486,4.980000019073486,4.980000019073486,465900
2020-12-15,4.960000038146973,5.059999942779541,4.460000038146973,4.940000057220459,4.940000057220459,1300900
2020-12-16,4.920000076293945,4.96999979019165,4.690000057220459,4.690000057220459,4.690000057220459,937600
2020-12-17,4.75,4.75,4.539999961853027,4.579999923706055,4.579999923706055,1103400
2020-12-18,4.590000152587891,4.760000228881836,4.570000171661377,4.590000152587891,4.590000152587891,1196300
2020-12-21,4.510000228881836,4.949999809265137,4.340000152587891,4.820000171661377,4.820000171661377,2140100
2020-12-22,5.130000114440918,5.130000114440918,4.699999809265137,4.78000020980835,4.78000020980835,1324700
2020-12-23,4.920000076293945,4.920000076293945,4.739999771118164,4.829999923706055,4.829999923706055,530700
2020-12-24,4.880000114440918,4.909999847412109,4.71999979019165,4.75,4.75,401200
2020-12-28,4.820000171661377,4.960000038146973,4.730000019073486,4.78000020980835,4.78000020980835,560400
2020-12-29,4.789999961853027,4.809999942779541,4.71999979019165,4.760000228881836,4.760000228881836,489300
2020-12-30,4.78000020980835,4.789999961853027,4.679999828338623,4.75,4.75,541800
2020-12-31,4.75,4.840000152587891,4.639999866485596,4.789999961853027,4.789999961853027,362900
2021-01-04,4.860000133514404,4.860000133514404,4.659999847412109,4.789999961853027,4.789999961853027,414000
2021-01-05,4.760000228881836,5.070000171661377,4.75,4.980000019073486,4.980000019073486,504200
2021-01-06,5.039999961853027,5.300000190734863,5.039999961853027,5.099999904632568,5.099999904632568,1513200
2021-01-07,5.130000114440918,5.230000019073486,4.980000019073486,5.010000228881836,5.010000228881836,899900
2021-01-08,5.050000190734863,5.050000190734863,4.789999961853027,4.920000076293945,4.920000076293945,905500
2021-01-11,4.880000114440918,4.920000076293945,4.739999771118164,4.78000020980835,4.78000020980835,565200
2021-01-12,4.800000190734863,4.829999923706055,4.699999809265137,4.78000020980835,4.78000020980835,581500
2021-01-13,4.769999980926514,4.820000171661377,4.650000095367432,4.690000057220459,4.690000057220459,314500
2021-01-14,4.730000019073486,4.840000152587891,4.710000038146973,4.789999961853027,4.789999961853027,549900
2021-01-15,4.769999980926514,4.789999961853027,4.650000095367432,4.679999828338623,4.679999828338623,459700
2021-01-19,4.739999771118164,4.760000228881836,4.639999866485596,4.710000038146973,4.710000038146973,381700
2021-01-20,4.699999809265137,4.730000019073486,4.579999923706055,4.659999847412109,4.659999847412109,363600
2021-01-21,4.690000057220459,4.710000038146973,4.590000152587891,4.670000076293945,4.670000076293945,315200
2021-01-22,4.610000133514404,4.760000228881836,4.579999923706055,4.739999771118164,4.739999771118164,341500
2021-01-25,4.739999771118164,4.829999923706055,4.630000114440918,4.78000020980835,4.78000020980835,475300
2021-01-26,4.809999942779541,4.829999923706055,4.679999828338623,4.78000020980835,4.78000020980835,302800
2021-01-27,4.739999771118164,4.75,4.510000228881836,4.599999904632568,4.599999904632568,1064700
2021-01-28,4.639999866485596,4.639999866485596,4.510000228881836,4.559999942779541,4.559999942779541,504500
2021-01-29,4.550000190734863,4.570000171661377,4.46999979019165,4.489999771118164,4.489999771118164,605000
2021-02-01,4.590000152587891,4.71999979019165,4.510000228881836,4.639999866485596,4.639999866485596,643900
2021-02-02,4.679999828338623,4.789999961853027,4.579999923706055,4.679999828338623,4.679999828338623,528200
2021-02-03,4.679999828338623,4.849999904632568,4.679999828338623,4.789999961853027,4.789999961853027,630800
2021-02-04,5.019999980926514,5.199999809265137,4.900000095367432,5.190000057220459,5.190000057220459,1090800
2021-02-05,5.289999961853027,5.300000190734863,4.800000190734863,5.199999809265137,5.199999809265137,826600
2021-02-08,5.199999809265137,5.210000038146973,5.050000190734863,5.150000095367432,5.150000095367432,483700
2021-02-09,5.139999866485596,5.199999809265137,5.059999942779541,5.139999866485596,5.139999866485596,426800
2021-02-10,5.150000095367432,5.179999828338623,4.96999979019165,5.059999942779541,5.059999942779541,366500
2021-02-11,5.059999942779541,5.150000095367432,4.96999979019165,5.050000190734863,5.050000190734863,432400
2021-02-12,5.039999961853027,5.039999961853027,4.96999979019165,4.989999771118164,4.989999771118164,252000
2021-02-16,5.010000228881836,5.199999809265137,5.010000228881836,5.159999847412109,5.159999847412109,351500
2021-02-17,5.139999866485596,5.190000057220459,5.0,5.010000228881836,5.010000228881836,282400
2021-02-18,5.0,5.0,4.809999942779541,4.889999866485596,4.889999866485596,396800
2021-02-19,4.889999866485596,4.96999979019165,4.800000190734863,4.860000133514404,4.860000133514404,562100
2021-02-22,4.849999904632568,5.0,4.800000190734863,4.960000038146973,4.960000038146973,426300
2021-02-23,4.920000076293945,4.989999771118164,4.840000152587891,4.960000038146973,4.960000038146973,377600
2021-02-24,4.940000057220459,5.239999771118164,4.869999885559082,5.230000019073486,5.230000019073486,449300
2021-02-25,5.210000038146973,5.28000020980835,4.980000019073486,5.0,5.0,520400
2021-02-26,4.96999979019165,5.03000020980835,4.789999961853027,4.800000190734863,4.800000190734863,483500
2021-03-01,4.880000114440918,4.96999979019165,4.869999885559082,4.940000057220459,4.940000057220459,290300
2021-03-02,4.940000057220459,4.96999979019165,4.849999904632568,4.909999847412109,4.909999847412109,199900
2021-03-03,4.940000057220459,5.090000152587891,4.940000057220459,4.989999771118164,4.989999771118164,288800
2021-03-04,4.96999979019165,5.110000133514404,4.960000038146973,5.050000190734863,5.050000190734863,490200
2021-03-05,5.139999866485596,5.21999979019165,5.039999961853027,5.199999809265137,5.199999809265137,592900
2021-03-08,5.25,5.300000190734863,5.150000095367432,5.28000020980835,5.28000020980835,600600
2021-03-09,5.309999942779541,5.349999904632568,5.179999828338623,5.190000057220459,5.190000057220459,349900
2021-03-10,5.199999809265137,5.300000190734863,5.159999847412109,5.28000020980835,5.28000020980835,392200
2021-03-11,5.28000020980835,5.420000076293945,5.260000228881836,5.409999847412109,5.409999847412109,373300
2021-03-12,5.440000057220459,5.619999885559082,5.190000057220459,5.590000152587891,5.590000152587891,607800
2021-03-15,5.619999885559082,5.730000019073486,5.5,5.690000057220459,5.690000057220459,527800
2021-03-16,5.670000076293945,5.690000057220459,5.46999979019165,5.599999904632568,5.599999904632568,452100
2021-03-17,5.610000133514404,5.679999828338623,5.570000171661377,5.670000076293945,5.670000076293945,354900
2021-03-18,5.590000152587891,5.78000020980835,5.539999961853027,5.579999923706055,5.579999923706055,370300
2021-03-19,5.590000152587891,5.75,5.539999961853027,5.539999961853027,5.539999961853027,1277700
2021-03-22,5.460000038146973,5.579999923706055,5.420000076293945,5.429999828338623,5.429999828338623,324800
2021-03-23,5.409999847412109,5.440000057220459,5.190000057220459,5.239999771118164,5.239999771118164,578600
2021-03-24,5.300000190734863,5.420000076293945,5.119999885559082,5.119999885559082,5.119999885559082,349400
2021-03-25,5.090000152587891,5.179999828338623,5.03000020980835,5.090000152587891,5.090000152587891,305500
2021-03-26,5.150000095367432,5.210000038146973,5.059999942779541,5.159999847412109,5.159999847412109,263700
2021-03-29,5.110000133514404,5.210000038146973,5.059999942779541,5.070000171661377,5.070000171661377,368800
2021-03-30,5.050000190734863,5.139999866485596,5.050000190734863,5.059999942779541,5.059999942779541,235400
2021-03-31,5.070000171661377,5.090000152587891,4.960000038146973,4.96999979019165,4.96999979019165,414500
2021-04-01,4.960000038146973,5.150000095367432,4.909999847412109,5.139999866485596,5.139999866485596,289700
2021-04-05,5.190000057220459,5.320000171661377,5.139999866485596,5.28000020980835,5.28000020980835,419100
2021-04-06,5.28000020980835,5.400000095367432,5.269999980926514,5.300000190734863,5.300000190734863,266100
2021-04-07,5.309999942779541,5.380000114440918,5.170000076293945,5.239999771118164,5.239999771118164,419100
2021-04-08,5.239999771118164,5.349999904632568,5.239999771118164,5.289999961853027,5.289999961853027,549400
2021-04-09,5.300000190734863,5.400000095367432,5.300000190734863,5.369999885559082,5.369999885559082,284600
2021-04-12,5.369999885559082,5.409999847412109,5.309999942779541,5.349999904632568,5.349999904632568,233900
2021-04-13,5.320000171661377,5.360000133514404,5.199999809265137,5.210000038146973,5.210000038146973,344500
2021-04-14,5.21999979019165,5.289999961853027,5.179999828338623,5.199999809265137,5.199999809265137,265900
2021-04-15,5.199999809265137,5.230000019073486,5.130000114440918,5.21999979019165,5.21999979019165,182700
2021-04-16,5.25,5.300000190734863,5.21999979019165,5.230000019073486,5.230000019073486,196400
2021-04-19,5.239999771118164,5.239999771118164,5.059999942779541,5.119999885559082,5.119999885559082,246700
2021-04-20,5.090000152587891,5.179999828338623,5.03000020980835,5.090000152587891,5.090000152587891,248100
2021-04-21,5.070000171661377,5.139999866485596,5.010000228881836,5.119999885559082,5.119999885559082,186200
2021-04-22,5.150000095367432,5.170000076293945,4.989999771118164,4.989999771118164,4.989999771118164,283300
2021-04-23,5.0,5.110000133514404,4.989999771118164,5.059999942779541,5.059999942779541,265100
2021-04-26,5.099999904632568,5.139999866485596,5.070000171661377,5.099999904632568,5.099999904632568,141900
2021-04-27,5.099999904632568,5.179999828338623,5.090000152587891,5.159999847412109,5.159999847412109,186700
2021-04-28,5.170000076293945,5.260000228881836,5.119999885559082,5.210000038146973,5.210000038146973,195400
2021-04-29,5.789999961853027,5.940000057220459,5.590000152587891,5.639999866485596,5.639999866485596,1185700
2021-04-30,5.650000095367432,5.760000228881836,5.559999942779541,5.630000114440918,5.630000114440918,656500
2021-05-03,5.699999809265137,5.889999866485596,5.679999828338623,5.699999809265137,5.699999809265137,802900
2021-05-04,5.710000038146973,5.800000190734863,5.670000076293945,5.769999980926514,5.769999980926514,366900
2021-05-05,5.860000133514404,5.96999979019165,5.849999904632568,5.909999847412109,5.909999847412109,670400
2021-05-06,5.920000076293945,6.650000095367432,5.920000076293945,6.650000095367432,6.650000095367432,1348000
2021-05-07,6.550000190734863,6.550000190734863,6.380000114440918,6.489999771118164,6.489999771118164,732300
2021-05-10,6.460000038146973,6.730000019073486,6.360000133514404,6.539999961853027,6.539999961853027,659600
2021-05-11,6.429999828338623,6.579999923706055,6.289999961853027,6.550000190734863,6.550000190734863,392000
2021-05-12,6.559999942779541,6.690000057220459,6.5,6.610000133514404,6.610000133514404,393800
2021-05-13,6.599999904632568,6.730000019073486,6.559999942779541,6.679999828338623,6.679999828338623,1140700
2021-05-14,6.690000057220459,6.96999979019165,6.650000095367432,6.949999809265137,6.949999809265137,597400
2021-05-17,6.949999809265137,7.269999980926514,6.949999809265137,7.239999771118164,7.239999771118164,591100
2021-05-18,7.21999979019165,7.25,7.050000190734863,7.199999809265137,7.199999809265137,321600
2021-05-19,6.909999847412109,7.21999979019165,6.71999979019165,7.150000095367432,7.150000095367432,511800
2021-05-20,7.110000133514404,7.239999771118164,6.980000019073486,7.199999809265137,7.199999809265137,233600
2021-05-21,7.25,7.349999904632568,7.239999771118164,7.289999961853027,7.289999961853027,310400
2021-05-24,7.300000190734863,7.329999923706055,7.190000057220459,7.289999961853027,7.289999961853027,246700
2021-05-25,7.260000228881836,7.320000171661377,7.059999942779541,7.070000171661377,7.070000171661377,237800
2021-05-26,7.070000171661377,7.159999847412109,7.03000020980835,7.090000152587891,7.090000152587891,315600
2021-05-27,7.170000076293945,7.429999828338623,7.170000076293945,7.380000114440918,7.380000114440918,470900
2021-05-28,7.360000133514404,7.400000095367432,7.28000020980835,7.349999904632568,7.349999904632568,206400
2021-06-01,7.440000057220459,7.619999885559082,7.360000133514404,7.579999923706055,7.579999923706055,380300
2021-06-02,7.639999866485596,7.679999828338623,7.400000095367432,7.460000038146973,7.460000038146973,302400
2021-06-03,7.389999866485596,7.550000190734863,7.269999980926514,7.5,7.5,308400
2021-06-04,7.519999980926514,7.519999980926514,7.400000095367432,7.440000057220459,7.440000057220459,142400
2021-06-07,7.449999809265137,7.489999771118164,7.090000152587891,7.119999885559082,7.119999885559082,863300
2021-06-08,7.010000228881836,7.099999904632568,6.889999866485596,7.050000190734863,7.050000190734863,518400
2021-06-09,6.980000019073486,7.050000190734863,6.900000095367432,6.960000038146973,6.960000038146973,337300
2021-06-10,7.039999961853027,7.090000152587891,6.880000114440918,6.929999828338623,6.929999828338623,412800
2021-06-11,6.920000076293945,7.190000057220459,6.889999866485596,7.150000095367432,7.150000095367432,611800
2021-06-14,7.119999885559082,7.400000095367432,7.039999961853027,7.210000038146973,7.210000038146973,655400
2021-06-15,7.230000019073486,7.300000190734863,7.119999885559082,7.210000038146973,7.210000038146973,382000
2021-06-16,7.159999847412109,7.199999809265137,7.050000190734863,7.050000190734863,7.050000190734863,567700
2021-06-17,7.059999942779541,7.21999979019165,6.880000114440918,6.900000095367432,6.900000095367432,388700
2021-06-18,6.809999942779541,6.849999904632568,6.369999885559082,6.440000057220459,6.440000057220459,1744400
2021-06-21,6.440000057220459,6.789999961853027,6.440000057220459,6.75,6.75,521300
2021-06-22,6.800000190734863,6.800000190734863,6.599999904632568,6.679999828338623,6.679999828338623,295500
2021-06-23,6.71999979019165,6.820000171661377,6.710000038146973,6.730000019073486,6.730000019073486,272800
2021-06-24,6.739999771118164,6.769999980926514,6.579999923706055,6.659999847412109,6.659999847412109,233600
2021-06-25,6.690000057220459,6.690000057220459,6.289999961853027,6.380000114440918,6.380000114440918,707900
2021-06-28,6.320000171661377,6.389999866485596,6.25,6.360000133514404,6.360000133514404,457700
2021-06-29,6.349999904632568,6.369999885559082,6.159999847412109,6.190000057220459,6.190000057220459,315500
2021-06-30,6.199999809265137,6.210000038146973,5.96999979019165,6.03000020980835,6.03000020980835,366200
2021-07-01,6.110000133514404,6.21999979019165,6.0,6.170000076293945,6.170000076293945,394400
2021-07-02,6.150000095367432,6.150000095367432,5.96999979019165,5.980000019073486,5.980000019073486,223000
2021-07-06,5.940000057220459,6.099999904632568,5.920000076293945,5.980000019073486,5.980000019073486,379400
2021-07-07,5.820000171661377,5.929999828338623,5.800000190734863,5.820000171661377,5.820000171661377,269100
2021-07-08,5.730000019073486,5.820000171661377,5.659999847412109,5.789999961853027,5.789999961853027,225800
2021-07-09,5.849999904632568,6.070000171661377,5.829999923706055,6.059999942779541,6.059999942779541,326300
2021-07-12,6.019999980926514,6.239999771118164,6.019999980926514,6.199999809265137,6.199999809265137,346500
2021-07-13,6.199999809265137,6.199999809265137,6.079999923706055,6.110000133514404,6.110000133514404,327500
2021-07-14,6.110000133514404,6.159999847412109,6.010000228881836,6.010000228881836,6.010000228881836,276500
2021-07-15,6.010000228881836,6.079999923706055,5.949999809265137,6.010000228881836,6.010000228881836,195700
2021-07-16,6.079999923706055,6.099999904632568,5.909999847412109,5.920000076293945,5.920000076293945,253000
2021-07-19,5.769999980926514,5.909999847412109,5.710000038146973,5.760000228881836,5.760000228881836,406200
2021-07-20,5.769999980926514,5.889999866485596,5.699999809265137,5.78000020980835,5.78000020980835,267700
2021-07-21,5.820000171661377,5.980000019073486,5.820000171661377,5.880000114440918,5.880000114440918,209300
2021-07-22,5.869999885559082,5.869999885559082,5.690000057220459,5.699999809265137,5.699999809265137,341300
2021-07-23,5.730000019073486,5.75,5.590000152587891,5.679999828338623,5.679999828338623,278100
2021-07-26,5.699999809265137,5.929999828338623,5.699999809265137,5.800000190734863,5.800000190734863,159500
2021-07-27,5.739999771118164,5.78000020980835,5.71999979019165,5.739999771118164,5.739999771118164,415600
2021-07-28,5.75,5.860000133514404,5.730000019073486,5.789999961853027,5.789999961853027,144400
2021-07-29,5.820000171661377,5.889999866485596,5.800000190734863,5.829999923706055,5.829999923706055,132700
2021-07-30,5.769999980926514,5.840000152587891,5.71999979019165,5.71999979019165,5.71999979019165,262700
2021-08-02,5.730000019073486,5.809999942779541,5.630000114440918,5.639999866485596,5.639999866485596,240000
2021-08-03,5.630000114440918,5.679999828338623,5.559999942779541,5.599999904632568,5.599999904632568,392700
2021-08-04,5.519999980926514,5.679999828338623,5.510000228881836,5.639999866485596,5.639999866485596,515400
2021-08-05,5.579999923706055,6.0,5.5,5.940000057220459,5.940000057220459,573900
2021-08-06,6.0,6.139999866485596,5.96999979019165,6.0,6.0,507000
2021-08-09,5.96999979019165,6.110000133514404,5.880000114440918,6.050000190734863,6.050000190734863,283800
2021-08-10,6.03000020980835,6.090000152587891,5.989999771118164,6.039999961853027,6.039999961853027,192400
2021-08-11,6.070000171661377,6.289999961853027,6.03000020980835,6.289999961853027,6.289999961853027,304500
2021-08-12,6.230000019073486,6.230000019073486,6.110000133514404,6.210000038146973,6.210000038146973,172000
2021-08-13,6.239999771118164,6.300000190734863,6.150000095367432,6.159999847412109,6.159999847412109,154300
2021-08-16,6.130000114440918,6.309999942779541,6.079999923706055,6.289999961853027,6.289999961853027,243700
2021-08-17,6.210000038146973,6.260000228881836,6.159999847412109,6.21999979019165,6.21999979019165,157100
2021-08-18,6.199999809265137,6.300000190734863,6.179999828338623,6.199999809265137,6.199999809265137,144300
2021-08-19,6.150000095367432,6.25,6.150000095367432,6.170000076293945,6.170000076293945,282200
2021-08-20,6.130000114440918,6.340000152587891,6.130000114440918,6.309999942779541,6.309999942779541,199500
2021-08-23,6.320000171661377,6.409999847412109,6.320000171661377,6.369999885559082,6.369999885559082,192200
2021-08-24,6.380000114440918,6.570000171661377,6.349999904632568,6.559999942779541,6.559999942779541,331300
2021-08-25,6.599999904632568,6.639999866485596,6.5,6.599999904632568,6.599999904632568,163500
2021-08-26,6.610000133514404,6.71999979019165,6.53000020980835,6.650000095367432,6.650000095367432,306800
2021-08-27,6.659999847412109,6.78000020980835,6.659999847412109,6.769999980926514,6.769999980926514,221200
2021-08-30,6.760000228881836,6.889999866485596,6.710000038146973,6.869999885559082,6.869999885559082,341600
2021-08-31,6.880000114440918,6.949999809265137,6.78000020980835,6.889999866485596,6.889999866485596,611600
2021-09-01,6.920000076293945,6.920000076293945,6.78000020980835,6.809999942779541,6.809999942779541,241700
2021-09-02,6.800000190734863,6.929999828338623,6.78000020980835,6.869999885559082,6.869999885559082,243800
2021-09-03,6.889999866485596,6.889999866485596,6.78000020980835,6.889999866485596,6.889999866485596,205500
2021-09-07,6.889999866485596,6.909999847412109,6.809999942779541,6.840000152587891,6.840000152587891,150300
2021-09-08,6.829999923706055,6.829999923706055,6.570000171661377,6.590000152587891,6.590000152587891,179400
2021-09-09,6.570000171661377,6.679999828338623,6.510000228881836,6.639999866485596,6.639999866485596,216900
2021-09-10,6.670000076293945,6.760000228881836,6.579999923706055,6.650000095367432,6.650000095367432,188700
2021-09-13,6.670000076293945,6.880000114440918,6.599999904632568,6.860000133514404,6.860000133514404,235200
2021-09-14,6.889999866485596,6.900000095367432,6.739999771118164,6.78000020980835,6.78000020980835,366400
2021-09-15,6.760000228881836,6.869999885559082,6.71999979019165,6.75,6.75,221800
2021-09-16,6.989999771118164,7.320000171661377,6.960000038146973,7.110000133514404,7.110000133514404,707100
2021-09-17,7.099999904632568,7.150000095367432,7.0,7.079999923706055,7.079999923706055,1317200
2021-09-20,6.940000057220459,7.010000228881836,6.78000020980835,7.0,7.0,377000
2021-09-21,7.019999980926514,7.349999904632568,7.019999980926514,7.309999942779541,7.309999942779541,455900
2021-09-22,7.360000133514404,7.429999828338623,7.25,7.300000190734863,7.300000190734863,431600
2021-09-23,7.320000171661377,7.599999904632568,7.210000038146973,7.559999942779541,7.559999942779541,462200
2021-09-24,7.559999942779541,7.710000038146973,7.53000020980835,7.659999847412109,7.659999847412109,572300
2021-09-27,7.71999979019165,8.029999732971191,7.71999979019165,7.96999979019165,7.96999979019165,699900
2021-09-28,8.050000190734863,8.119999885559082,7.829999923706055,7.889999866485596,7.889999866485596,387800
2021-09-29,7.650000095367432,7.940000057220459,7.650000095367432,7.690000057220459,7.690000057220459,414400
2021-09-30,7.739999771118164,7.739999771118164,7.510000228881836,7.570000171661377,7.570000171661377,241400
2021-10-01,7.579999923706055,7.960000038146973,7.570000171661377,7.579999923706055,7.579999923706055,398200
2021-10-04,7.619999885559082,7.670000076293945,7.46999979019165,7.590000152587891,7.590000152587891,307200
2021-10-05,7.619999885559082,7.730000019073486,7.539999961853027,7.630000114440918,7.630000114440918,296500
2021-10-06,7.590000152587891,7.75,7.53000020980835,7.559999942779541,7.559999942779541,223900
2021-10-07,7.659999847412109,7.909999847412109,7.659999847412109,7.730000019073486,7.730000019073486,848100
2021-10-08,7.760000228881836,8.25,7.739999771118164,8.239999771118164,8.239999771118164,1222000
2021-10-11,8.3100004196167,8.789999961853027,8.289999961853027,8.319999694824219,8.319999694824219,466700
2021-10-12,8.3100004196167,8.5,8.260000228881836,8.390000343322754,8.390000343322754,514100
2021-10-13,8.390000343322754,8.489999771118164,8.130000114440918,8.199999809265137,8.199999809265137,242700
2021-10-14,8.260000228881836,8.260000228881836,7.980000019073486,8.0,8.0,346700
2021-10-15,8.09000015258789,8.109999656677246,7.940000057220459,8.0,8.0,446300
2021-10-18,8.010000228881836,8.130000114440918,7.920000076293945,8.010000228881836,8.010000228881836,189100
2021-10-19,8.069999694824219,8.069999694824219,7.880000114440918,7.909999847412109,7.909999847412109,183400
2021-10-20,7.889999866485596,7.940000057220459,7.71999979019165,7.869999885559082,7.869999885559082,271200
2021-10-21,7.909999847412109,8.050000190734863,7.760000228881836,7.809999942779541,7.809999942779541,270400
2021-10-22,7.829999923706055,7.829999923706055,7.610000133514404,7.639999866485596,7.639999866485596,344500
2021-10-25,7.650000095367432,7.650000095367432,7.389999866485596,7.650000095367432,7.650000095367432,2359300
2021-10-26,7.659999847412109,7.849999904632568,7.659999847412109,7.710000038146973,7.710000038146973,598900
2021-10-27,7.650000095367432,7.650000095367432,7.349999904632568,7.380000114440918,7.380000114440918,310700
2021-10-28,7.400000095367432,7.489999771118164,7.300000190734863,7.340000152587891,7.340000152587891,361000
2021-10-29,7.320000171661377,7.53000020980835,7.320000171661377,7.460000038146973,7.460000038146973,455300
2021-11-01,7.519999980926514,7.650000095367432,7.460000038146973,7.610000133514404,7.610000133514404,419000
2021-11-02,7.46999979019165,7.539999961853027,7.320000171661377,7.46999979019165,7.46999979019165,326200
2021-11-03,7.460000038146973,7.679999828338623,7.460000038146973,7.599999904632568,7.599999904632568,269800
2021-11-04,7.639999866485596,7.670000076293945,7.449999809265137,7.599999904632568,7.599999904632568,241500
2021-11-05,7.679999828338623,7.860000133514404,7.679999828338623,7.800000190734863,7.800000190734863,152800
2021-11-08,7.800000190734863,7.880000114440918,7.739999771118164,7.800000190734863,7.800000190734863,179900
2021-11-09,7.730000019073486,7.940000057220459,7.690000057220459,7.909999847412109,7.909999847412109,1210500
2021-11-10,7.949999809265137,8.010000228881836,7.840000152587891,7.949999809265137,7.949999809265137,392500
2021-11-11,7.929999828338623,8.069999694824219,7.889999866485596,8.029999732971191,8.029999732971191,178900
2021-11-12,8.0600004196167,8.15999984741211,8.0600004196167,8.109999656677246,8.109999656677246,179700
2021-11-15,8.149999618530273,8.180000305175781,8.050000190734863,8.100000381469727,8.100000381469727,300800
2021-11-16,8.109999656677246,8.1899995803833,7.800000190734863,7.800000190734863,7.800000190734863,426000
2021-11-17,7.800000190734863,7.960000038146973,7.78000020980835,7.829999923706055,7.829999923706055,242300
2021-11-18,8.100000381469727,8.800000190734863,7.949999809265137,8.680000305175781,8.680000305175781,714300
2021-11-19,8.550000190734863,8.550000190734863,8.039999961853027,8.100000381469727,8.100000381469727,371500
2021-11-22,8.180000305175781,8.229999542236328,8.0600004196167,8.109999656677246,8.109999656677246,298100
2021-11-23,8.020000457763672,8.220000267028809,8.020000457763672,8.15999984741211,8.15999984741211,268600
2021-11-24,8.119999885559082,8.130000114440918,7.909999847412109,7.920000076293945,7.920000076293945,223100
2021-11-26,7.75,7.75,7.340000152587891,7.570000171661377,7.570000171661377,827800
2021-11-29,7.619999885559082,7.639999866485596,7.360000133514404,7.420000076293945,7.420000076293945,305900
2021-11-30,7.349999904632568,7.449999809265137,7.230000019073486,7.400000095367432,7.400000095367432,454200
2021-12-01,7.579999923706055,7.579999923706055,7.150000095367432,7.159999847412109,7.159999847412109,495300
2021-12-02,7.110000133514404,7.25,6.920000076293945,7.159999847412109,7.159999847412109,302500
2021-12-03,7.130000114440918,7.199999809265137,7.03000020980835,7.119999885559082,7.119999885559082,241800
2021-12-06,7.119999885559082,7.389999866485596,7.059999942779541,7.239999771118164,7.239999771118164,219800
2021-12-07,7.239999771118164,7.369999885559082,7.03000020980835,7.179999828338623,7.179999828338623,304800
2021-12-08,7.21999979019165,7.230000019073486,7.150000095367432,7.210000038146973,7.210000038146973,156800
2021-12-09,7.150000095367432,7.21999979019165,7.079999923706055,7.090000152587891,7.090000152587891,310100
2021-12-10,7.099999904632568,7.179999828338623,6.949999809265137,6.960000038146973,6.960000038146973,259800
2021-12-13,6.960000038146973,6.989999771118164,6.880000114440918,6.900000095367432,6.900000095367432,266700
2021-12-14,6.889999866485596,7.099999904632568,6.880000114440918,6.900000095367432,6.900000095367432,210700
2021-12-15,6.900000095367432,7.019999980926514,6.659999847412109,7.019999980926514,7.019999980926514,420300
2021-12-16,7.099999904632568,7.119999885559082,6.800000190734863,6.820000171661377,6.820000171661377,300700
2021-12-17,6.900000095367432,7.320000171661377,6.630000114440918,7.230000019073486,7.230000019073486,1818200
2021-12-20,7.190000057220459,7.199999809265137,6.929999828338623,7.050000190734863,7.050000190734863,479400
2021-12-21,7.150000095367432,7.329999923706055,7.139999866485596,7.190000057220459,7.190000057220459,195000
2021-12-22,7.170000076293945,7.25,7.059999942779541,7.090000152587891,7.090000152587891,298300
2021-12-23,7.159999847412109,7.159999847412109,6.940000057220459,7.099999904632568,7.099999904632568,413900
2021-12-27,7.119999885559082,7.25,7.019999980926514,7.25,7.25,206600
2021-12-28,7.25,7.460000038146973,7.239999771118164,7.429999828338623,7.429999828338623,286300
2021-12-29,7.420000076293945,7.5,7.079999923706055,7.340000152587891,7.340000152587891,158500
2021-12-30,7.329999923706055,7.429999828338623,7.25,7.309999942779541,7.309999942779541,254400
2021-12-31,7.260000228881836,7.380000114440918,7.21999979019165,7.369999885559082,7.369999885559082,383500
2022-01-03,7.369999885559082,7.630000114440918,7.239999771118164,7.260000228881836,7.260000228881836,456100
2022-01-04,7.269999980926514,7.429999828338623,7.260000228881836,7.309999942779541,7.309999942779541,177900
2022-01-05,7.360000133514404,7.460000038146973,7.139999866485596,7.230000019073486,7.230000019073486,167100
2022-01-06,7.21999979019165,7.329999923706055,7.03000020980835,7.309999942779541,7.309999942779541,145800
2022-01-07,7.360000133514404,7.409999847412109,7.300000190734863,7.329999923706055,7.329999923706055,194000
2022-01-10,7.349999904632568,7.420000076293945,7.289999961853027,7.349999904632568,7.349999904632568,275200
2022-01-11,7.329999923706055,7.440000057220459,7.210000038146973,7.349999904632568,7.349999904632568,168400
2022-01-12,7.369999885559082,7.389999866485596,7.210000038146973,7.210000038146973,7.210000038146973,182300
2022-01-13,7.21999979019165,7.329999923706055,5.820000171661377,6.300000190734863,6.300000190734863,3139500
2022-01-14,6.309999942779541,6.440000057220459,6.139999866485596,6.190000057220459,6.190000057220459,764500
2022-01-18,6.190000057220459,6.340000152587891,6.139999866485596,6.289999961853027,6.289999961853027,426200
2022-01-19,6.289999961853027,6.289999961853027,6.019999980926514,6.039999961853027,6.039999961853027,520500
2022-01-20,6.070000171661377,6.340000152587891,5.929999828338623,6.110000133514404,6.110000133514404,607200
2022-01-21,6.03000020980835,6.110000133514404,5.929999828338623,6.010000228881836,6.010000228881836,496600
2022-01-24,5.900000095367432,6.159999847412109,5.849999904632568,6.119999885559082,6.119999885559082,358700
2022-01-25,6.050000190734863,6.230000019073486,5.940000057220459,6.110000133514404,6.110000133514404,289600
2022-01-26,6.170000076293945,6.300000190734863,5.900000095367432,5.929999828338623,5.929999828338623,250700
2022-01-27,5.929999828338623,6.010000228881836,5.789999961853027,5.809999942779541,5.809999942779541,776100
2022-01-28,5.78000020980835,5.949999809265137,5.78000020980835,5.940000057220459,5.940000057220459,266100
2022-01-31,5.900000095367432,5.980000019073486,5.809999942779541,5.96999979019165,5.96999979019165,317500
2022-02-01,5.989999771118164,6.289999961853027,5.889999866485596,6.269999980926514,6.269999980926514,374700
2022-02-02,6.28000020980835,6.380000114440918,6.25,6.289999961853027,6.289999961853027,393000
2022-02-03,6.53000020980835,7.0,6.429999828338623,6.699999809265137,6.699999809265137,501500
2022-02-04,6.639999866485596,6.789999961853027,6.409999847412109,6.510000228881836,6.510000228881836,393200
2022-02-07,6.449999809265137,6.46999979019165,6.289999961853027,6.320000171661377,6.320000171661377,263700
2022-02-08,6.349999904632568,6.420000076293945,6.239999771118164,6.349999904632568,6.349999904632568,1476900
2022-02-09,6.349999904632568,6.5,6.349999904632568,6.420000076293945,6.420000076293945,271600
2022-02-10,6.380000114440918,6.570000171661377,6.309999942779541,6.349999904632568,6.349999904632568,901900
2022-02-11,6.349999904632568,6.429999828338623,6.28000020980835,6.360000133514404,6.360000133514404,227000
2022-02-14,6.360000133514404,6.380000114440918,6.21999979019165,6.230000019073486,6.230000019073486,203500
2022-02-15,6.460000038146973,6.460000038146973,6.239999771118164,6.369999885559082,6.369999885559082,244700
2022-02-16,6.360000133514404,6.409999847412109,6.210000038146973,6.21999979019165,6.21999979019165,219400
2022-02-17,6.150000095367432,6.230000019073486,6.03000020980835,6.150000095367432,6.150000095367432,397800
2022-02-18,6.099999904632568,6.230000019073486,6.090000152587891,6.190000057220459,6.190000057220459,299000
2022-02-22,6.170000076293945,6.349999904632568,6.090000152587891,6.300000190734863,6.300000190734863,309300
2022-02-23,6.320000171661377,6.449999809265137,6.099999904632568,6.21999979019165,6.21999979019165,976600
2022-02-24,5.929999828338623,6.130000114440918,5.929999828338623,6.070000171661377,6.070000171661377,298400
2022-02-25,6.050000190734863,6.130000114440918,6.010000228881836,6.03000020980835,6.03000020980835,221500
2022-02-28,5.980000019073486,6.079999923706055,5.929999828338623,5.989999771118164,5.989999771118164,281100
2022-03-01,5.96999979019165,6.039999961853027,5.78000020980835,5.840000152587891,5.840000152587891,424900
2022-03-02,5.849999904632568,6.039999961853027,5.820000171661377,6.039999961853027,6.039999961853027,358000
2022-03-03,6.070000171661377,6.289999961853027,5.789999961853027,5.820000171661377,5.820000171661377,238900
2022-03-04,5.78000020980835,5.869999885559082,5.650000095367432,5.690000057220459,5.690000057220459,552200
2022-03-07,5.639999866485596,5.679999828338623,5.550000190734863,5.559999942779541,5.559999942779541,375500
2022-03-08,5.559999942779541,5.769999980926514,5.510000228881836,5.699999809265137,5.699999809265137,553700
2022-03-09,5.789999961853027,5.909999847412109,5.789999961853027,5.860000133514404,5.860000133514404,320200
2022-03-10,5.78000020980835,5.880000114440918,5.650000095367432,5.699999809265137,5.699999809265137,348000
2022-03-11,5.730000019073486,5.760000228881836,5.590000152587891,5.599999904632568,5.599999904632568,231300
2022-03-14,5.599999904632568,5.679999828338623,5.519999980926514,5.630000114440918,5.630000114440918,336700
2022-03-15,5.659999847412109,5.880000114440918,5.659999847412109,5.690000057220459,5.690000057220459,523700
2022-03-16,5.690000057220459,5.96999979019165,5.630000114440918,5.940000057220459,5.940000057220459,337900
2022-03-17,5.900000095367432,5.96999979019165,5.889999866485596,5.949999809265137,5.949999809265137,163100
2022-03-18,5.889999866485596,5.96999979019165,5.880000114440918,5.96999979019165,5.96999979019165,439200
2022-03-21,5.989999771118164,6.289999961853027,5.96999979019165,6.210000038146973,6.210000038146973,442700
2022-03-22,6.239999771118164,6.309999942779541,6.090000152587891,6.130000114440918,6.130000114440918,190900
2022-03-23,6.119999885559082,6.130000114440918,6.010000228881836,6.019999980926514,6.019999980926514,127400
2022-03-24,6.050000190734863,6.139999866485596,6.03000020980835,6.090000152587891,6.090000152587891,135500
2022-03-25,6.099999904632568,6.230000019073486,6.03000020980835,6.119999885559082,6.119999885559082,247700
2022-03-28,6.070000171661377,6.110000133514404,6.010000228881836,6.059999942779541,6.059999942779541,197900
2022-03-29,6.099999904632568,6.25,6.090000152587891,6.239999771118164,6.239999771118164,306800
2022-03-30,6.239999771118164,6.289999961853027,6.079999923706055,6.110000133514404,6.110000133514404,312300
2022-03-31,6.090000152587891,6.190000057220459,5.980000019073486,6.039999961853027,6.039999961853027,293500
2022-04-01,6.059999942779541,6.230000019073486,6.050000190734863,6.179999828338623,6.179999828338623,234000
2022-04-04,6.210000038146973,6.21999979019165,5.929999828338623,5.949999809265137,5.949999809265137,245600
2022-04-05,6.260000228881836,6.579999923706055,6.199999809265137,6.360000133514404,6.360000133514404,821900
2022-04-06,6.369999885559082,6.739999771118164,6.360000133514404,6.71999979019165,6.71999979019165,703100
2022-04-07,6.71999979019165,6.78000020980835,6.590000152587891,6.760000228881836,6.760000228881836,553800
2022-04-08,6.78000020980835,6.909999847412109,6.739999771118164,6.869999885559082,6.869999885559082,348900
2022-04-11,6.909999847412109,7.059999942779541,6.869999885559082,6.989999771118164,6.989999771118164,682800
2022-04-12,6.989999771118164,7.179999828338623,6.96999979019165,7.079999923706055,7.079999923706055,425900
2022-04-13,7.090000152587891,7.260000228881836,7.039999961853027,7.090000152587891,7.090000152587891,458100
2022-04-14,7.059999942779541,7.239999771118164,7.050000190734863,7.139999866485596,7.139999866485596,242100
2022-04-18,7.110000133514404,7.199999809265137,7.010000228881836,7.130000114440918,7.130000114440918,248500
2022-04-19,7.139999866485596,7.269999980926514,7.079999923706055,7.159999847412109,7.159999847412109,239800
2022-04-20,7.230000019073486,7.269999980926514,7.059999942779541,7.110000133514404,7.110000133514404,221600
2022-04-21,7.139999866485596,7.28000020980835,7.079999923706055,7.170000076293945,7.170000076293945,319300
2022-04-22,7.090000152587891,7.329999923706055,7.010000228881836,7.03000020980835,7.03000020980835,259600
2022-04-25,6.960000038146973,7.099999904632568,6.869999885559082,7.059999942779541,7.059999942779541,247000
2022-04-26,7.119999885559082,7.119999885559082,6.880000114440918,6.920000076293945,6.920000076293945,252800
2022-04-27,6.940000057220459,6.980000019073486,6.829999923706055,6.909999847412109,6.909999847412109,221000
2022-04-28,6.96999979019165,7.329999923706055,6.960000038146973,7.309999942779541,7.309999942779541,449400
2022-04-29,7.309999942779541,7.360000133514404,6.96999979019165,7.0,7.0,382300
2022-05-02,6.900000095367432,7.0,6.769999980926514,6.860000133514404,6.860000133514404,383700
2022-05-03,6.820000171661377,7.050000190734863,6.789999961853027,7.019999980926514,7.019999980926514,251100
2022-05-04,7.03000020980835,7.230000019073486,6.989999771118164,7.179999828338623,7.179999828338623,388400
2022-05-05,7.380000114440918,8.239999771118164,7.25,7.789999961853027,7.789999961853027,1151600
2022-05-06,7.730000019073486,7.840000152587891,7.539999961853027,7.650000095367432,7.650000095367432,513600
2022-05-09,7.630000114440918,7.739999771118164,7.400000095367432,7.440000057220459,7.440000057220459,412500
2022-05-10,7.429999828338623,7.53000020980835,6.989999771118164,7.070000171661377,7.070000171661377,327300
2022-05-11,7.070000171661377,7.110000133514404,6.800000190734863,6.929999828338623,6.929999828338623,304700
2022-05-12,6.840000152587891,7.039999961853027,6.78000020980835,7.03000020980835,7.03000020980835,238000
2022-05-13,7.050000190734863,7.210000038146973,7.050000190734863,7.179999828338623,7.179999828338623,263000
2022-05-16,7.179999828338623,7.28000020980835,7.099999904632568,7.179999828338623,7.179999828338623,211800
2022-05-17,7.289999961853027,7.400000095367432,7.269999980926514,7.349999904632568,7.349999904632568,156400
2022-05-18,7.309999942779541,7.480000019073486,7.239999771118164,7.269999980926514,7.269999980926514,361800
2022-05-19,7.199999809265137,7.369999885559082,7.130000114440918,7.179999828338623,7.179999828338623,251200
2022-05-20,7.260000228881836,7.329999923706055,7.039999961853027,7.159999847412109,7.159999847412109,287100
2022-05-23,7.289999961853027,7.289999961853027,7.139999866485596,7.239999771118164,7.239999771118164,215700
2022-05-24,7.230000019073486,7.269999980926514,7.059999942779541,7.239999771118164,7.239999771118164,256200
2022-05-25,7.260000228881836,7.389999866485596,7.210000038146973,7.309999942779541,7.309999942779541,213100
2022-05-26,7.360000133514404,7.949999809265137,7.360000133514404,7.889999866485596,7.889999866485596,1031800
2022-05-27,7.949999809265137,7.96999979019165,7.789999961853027,7.809999942779541,7.809999942779541,431700
2022-05-31,7.659999847412109,7.820000171661377,7.570000171661377,7.579999923706055,7.579999923706055,300200
2022-06-01,7.639999866485596,7.880000114440918,7.610000133514404,7.78000020980835,7.78000020980835,443300
2022-06-02,7.789999961853027,8.149999618530273,7.78000020980835,8.0600004196167,8.0600004196167,499700
2022-06-03,7.989999771118164,8.069999694824219,7.730000019073486,7.760000228881836,7.760000228881836,264200
2022-06-06,7.849999904632568,8.050000190734863,7.769999980926514,7.869999885559082,7.869999885559082,267700
2022-06-07,7.929999828338623,7.960000038146973,7.78000020980835,7.960000038146973,7.960000038146973,281200
2022-06-08,7.869999885559082,7.929999828338623,7.769999980926514,7.809999942779541,7.809999942779541,189500
2022-06-09,7.920000076293945,7.920000076293945,7.639999866485596,7.710000038146973,7.710000038146973,187900
2022-06-10,7.639999866485596,7.75,7.539999961853027,7.670000076293945,7.670000076293945,295200
2022-06-13,7.409999847412109,7.550000190734863,7.260000228881836,7.369999885559082,7.369999885559082,291400
2022-06-14,7.400000095367432,7.480000019073486,7.289999961853027,7.460000038146973,7.460000038146973,273400
2022-06-15,7.429999828338623,7.599999904632568,7.420000076293945,7.519999980926514,7.519999980926514,296500
2022-06-16,7.420000076293945,7.460000038146973,7.059999942779541,7.150000095367432,7.150000095367432,515100
2022-06-17,7.150000095367432,7.46999979019165,7.150000095367432,7.380000114440918,7.380000114440918,522400
2022-06-21,7.389999866485596,7.590000152587891,7.329999923706055,7.380000114440918,7.380000114440918,327200
2022-06-22,7.25,7.539999961853027,7.25,7.519999980926514,7.519999980926514,234900
2022-06-23,7.539999961853027,7.730000019073486,7.440000057220459,7.71999979019165,7.71999979019165,312500
2022-06-24,7.760000228881836,7.900000095367432,7.639999866485596,7.710000038146973,7.710000038146973,502900
2022-06-27,7.710000038146973,7.769999980926514,7.599999904632568,7.71999979019165,7.71999979019165,192700
2022-06-28,7.849999904632568,7.909999847412109,7.53000020980835,7.599999904632568,7.599999904632568,372000
2022-06-29,7.650000095367432,7.650000095367432,7.239999771118164,7.289999961853027,7.289999961853027,235400
2022-06-30,7.21999979019165,7.539999961853027,7.199999809265137,7.510000228881836,7.510000228881836,284300
2022-07-01,7.480000019073486,7.679999828338623,7.340000152587891,7.639999866485596,7.639999866485596,236500
2022-07-05,7.599999904632568,7.630000114440918,7.389999866485596,7.579999923706055,7.579999923706055,397000
2022-07-06,7.539999961853027,7.579999923706055,7.099999904632568,7.329999923706055,7.329999923706055,487400
2022-07-07,7.380000114440918,7.590000152587891,7.199999809265137,7.429999828338623,7.429999828338623,251000
2022-07-08,7.480000019073486,7.519999980926514,7.25,7.329999923706055,7.329999923706055,287400
2022-07-11,7.090000152587891,7.369999885559082,7.090000152587891,7.170000076293945,7.170000076293945,414400
2022-07-12,7.159999847412109,7.329999923706055,7.150000095367432,7.190000057220459,7.190000057220459,260400
2022-07-13,7.170000076293945,7.420000076293945,7.090000152587891,7.389999866485596,7.389999866485596,352000
2022-07-14,7.239999771118164,7.340000152587891,7.099999904632568,7.239999771118164,7.239999771118164,437400
2022-07-15,7.420000076293945,7.53000020980835,7.25,7.340000152587891,7.340000152587891,215200
2022-07-18,7.340000152587891,7.5,7.260000228881836,7.269999980926514,7.269999980926514,203700
2022-07-19,7.380000114440918,7.619999885559082,7.380000114440918,7.489999771118164,7.489999771118164,286200
2022-07-20,7.440000057220459,7.550000190734863,7.409999847412109,7.510000228881836,7.510000228881836,255100
2022-07-21,7.409999847412109,7.460000038146973,7.230000019073486,7.460000038146973,7.460000038146973,267000
2022-07-22,7.5,7.559999942779541,7.320000171661377,7.46999979019165,7.46999979019165,192500
2022-07-25,7.559999942779541,7.570000171661377,7.369999885559082,7.489999771118164,7.489999771118164,226700
2022-07-26,7.489999771118164,7.519999980926514,7.369999885559082,7.420000076293945,7.420000076293945,154700
2022-07-27,7.5,7.599999904632568,7.369999885559082,7.590000152587891,7.590000152587891,210300
2022-07-28,7.639999866485596,7.889999866485596,7.5,7.869999885559082,7.869999885559082,297600
2022-07-29,7.840000152587891,8.09000015258789,7.840000152587891,8.039999961853027,8.039999961853027,352500
2022-08-01,8.039999961853027,8.210000038146973,7.929999828338623,8.130000114440918,8.130000114440918,181000
2022-08-02,8.180000305175781,8.420000076293945,8.039999961853027,8.319999694824219,8.319999694824219,396400
2022-08-03,8.3100004196167,8.59000015258789,8.260000228881836,8.40999984741211,8.40999984741211,490900
2022-08-04,9.0,9.539999961853027,8.640000343322754,8.75,8.75,993200
2022-08-05,8.789999961853027,8.850000381469727,8.5600004196167,8.739999771118164,8.739999771118164,621400
2022-08-08,8.829999923706055,9.170000076293945,8.779999732971191,9.130000114440918,9.130000114440918,531900
2022-08-09,9.170000076293945,9.260000228881836,9.050000190734863,9.239999771118164,9.239999771118164,355600
2022-08-10,9.300000190734863,9.569999694824219,9.180000305175781,9.510000228881836,9.510000228881836,728100
2022-08-11,9.5,9.600000381469727,9.180000305175781,9.210000038146973,9.210000038146973,530700
2022-08-12,9.229999542236328,9.489999771118164,9.130000114440918,9.449999809265137,9.449999809265137,340800
2022-08-15,9.430000305175781,9.569999694824219,9.25,9.510000228881836,9.510000228881836,304200
2022-08-16,9.479999542236328,9.619999885559082,9.350000381469727,9.520000457763672,9.520000457763672,380800
2022-08-17,9.449999809265137,9.479999542236328,9.270000457763672,9.3100004196167,9.3100004196167,258000
2022-08-18,9.34000015258789,9.510000228881836,9.289999961853027,9.4399995803833,9.4399995803833,294600
2022-08-19,9.329999923706055,9.390000343322754,9.15999984741211,9.270000457763672,9.270000457763672,384800
2022-08-22,9.170000076293945,9.229999542236328,9.010000228881836,9.130000114440918,9.130000114440918,232400
2022-08-23,9.119999885559082,9.270000457763672,9.0,9.0600004196167,9.0600004196167,340300
2022-08-24,9.010000228881836,9.210000038146973,8.960000038146973,9.15999984741211,9.15999984741211,204800
2022-08-25,9.15999984741211,9.470000267028809,9.130000114440918,9.40999984741211,9.40999984741211,239900
2022-08-26,9.3100004196167,9.430000305175781,9.069999694824219,9.079999923706055,9.079999923706055,212500
2022-08-29,9.0,9.0600004196167,8.899999618530273,8.989999771118164,8.989999771118164,216400
2022-08-30,9.039999961853027,9.050000190734863,8.859999656677246,8.9399995803833,8.9399995803833,200600
2022-08-31,8.930000305175781,8.979999542236328,8.579999923706055,8.75,8.75,456800
2022-09-01,8.699999809265137,8.720000267028809,8.4399995803833,8.520000457763672,8.520000457763672,286600
2022-09-02,8.529999732971191,8.550000190734863,8.300000190734863,8.350000381469727,8.350000381469727,236900
2022-09-06,8.329999923706055,8.510000228881836,8.300000190734863,8.4399995803833,8.4399995803833,379900
2022-09-07,8.399999618530273,8.520000457763672,8.369999885559082,8.449999809265137,8.449999809265137,225400
2022-09-08,8.359999656677246,8.470000267028809,8.279999732971191,8.420000076293945,8.420000076293945,207900
2022-09-09,8.449999809265137,8.609999656677246,8.40999984741211,8.550000190734863,8.550000190734863,204300
2022-09-12,8.579999923706055,8.680000305175781,8.510000228881836,8.59000015258789,8.59000015258789,131500
2022-09-13,8.449999809265137,8.479999542236328,8.350000381469727,8.369999885559082,8.369999885559082,301700
2022-09-14,8.430000305175781,8.430000305175781,8.239999771118164,8.319999694824219,8.319999694824219,244400
2022-09-15,8.25,8.380000114440918,8.180000305175781,8.260000228881836,8.260000228881836,213700
2022-09-16,8.260000228881836,8.260000228881836,8.069999694824219,8.140000343322754,8.140000343322754,474600
2022-09-19,8.020000457763672,8.319999694824219,7.670000076293945,8.300000190734863,8.300000190734863,175900
2022-09-20,8.210000038146973,8.239999771118164,7.989999771118164,8.15999984741211,8.15999984741211,194100
2022-09-21,8.25,8.390000343322754,8.100000381469727,8.119999885559082,8.119999885559082,195400
2022-09-22,8.079999923706055,8.180000305175781,7.989999771118164,8.130000114440918,8.130000114440918,214200
2022-09-23,8.029999732971191,8.079999923706055,7.900000095367432,8.0600004196167,8.0600004196167,350000
2022-09-26,8.079999923706055,8.229999542236328,7.989999771118164,8.029999732971191,8.029999732971191,239900
2022-09-27,8.069999694824219,8.130000114440918,7.699999809265137,7.800000190734863,7.800000190734863,266800
2022-09-28,7.829999923706055,8.079999923706055,7.820000171661377,7.96999979019165,7.96999979019165,378800
2022-09-29,7.829999923706055,7.900000095367432,7.619999885559082,7.900000095367432,7.900000095367432,621400
2022-09-30,7.909999847412109,8.029999732971191,7.690000057220459,7.710000038146973,7.710000038146973,763600
2022-10-03,7.769999980926514,8.0,7.610000133514404,7.909999847412109,7.909999847412109,513900
2022-10-04,8.0,8.1899995803833,7.989999771118164,8.09000015258789,8.09000015258789,311300
2022-10-05,7.940000057220459,8.029999732971191,7.860000133514404,8.0,8.0,221500
2022-10-06,7.96999979019165,8.039999961853027,7.880000114440918,7.940000057220459,7.940000057220459,190500
2022-10-07,7.929999828338623,7.929999828338623,7.75,7.889999866485596,7.889999866485596,281300
2022-10-10,7.949999809265137,8.15999984741211,7.78000020980835,7.789999961853027,7.789999961853027,403900
2022-10-11,7.820000171661377,7.900000095367432,7.760000228881836,7.900000095367432,7.900000095367432,595400
2022-10-12,7.880000114440918,8.149999618530273,7.789999961853027,8.09000015258789,8.09000015258789,674800
2022-10-13,8.0,8.289999961853027,7.909999847412109,8.239999771118164,8.239999771118164,486100
2022-10-14,8.300000190734863,8.3100004196167,7.940000057220459,8.0,8.0,319800
2022-10-17,8.130000114440918,8.25,8.0600004196167,8.15999984741211,8.15999984741211,408700
2022-10-18,8.239999771118164,8.34000015258789,8.039999961853027,8.289999961853027,8.289999961853027,492600
2022-10-19,8.279999732971191,8.3100004196167,8.130000114440918,8.25,8.25,379600
2022-10-20,8.239999771118164,8.399999618530273,8.180000305175781,8.319999694824219,8.319999694824219,349700
2022-10-21,8.390000343322754,8.569999694824219,8.300000190734863,8.539999961853027,8.539999961853027,392200
2022-10-24,8.5600004196167,8.640000343322754,8.5,8.59000015258789,8.59000015258789,320400
2022-10-25,8.579999923706055,8.90999984741211,8.579999923706055,8.880000114440918,8.880000114440918,470400
2022-10-26,8.930000305175781,8.930000305175781,8.710000038146973,8.710000038146973,8.710000038146973,291200
2022-10-27,8.779999732971191,9.229999542236328,8.779999732971191,9.149999618530273,9.149999618530273,1128200
2022-10-28,9.199999809265137,9.539999961853027,9.130000114440918,9.489999771118164,9.489999771118164,456000
2022-10-31,9.449999809265137,9.720000267028809,9.390000343322754,9.65999984741211,9.65999984741211,399800
2022-11-01,9.789999961853027,9.789999961853027,9.40999984741211,9.600000381469727,9.600000381469727,330200
2022-11-02,9.539999961853027,9.649999618530273,9.289999961853027,9.350000381469727,9.350000381469727,325100
2022-11-03,9.199999809265137,9.199999809265137,9.050000190734863,9.09000015258789,9.09000015258789,354800
2022-11-04,9.199999809265137,9.270000457763672,9.100000381469727,9.1899995803833,9.1899995803833,279300
2022-11-07,9.260000228881836,9.3100004196167,8.930000305175781,9.300000190734863,9.300000190734863,302400
2022-11-08,9.3100004196167,9.460000038146973,9.180000305175781,9.4399995803833,9.4399995803833,329300
2022-11-09,9.380000114440918,9.539999961853027,9.210000038146973,9.239999771118164,9.239999771118164,223600
2022-11-10,9.520000457763672,9.739999771118164,9.390000343322754,9.729999542236328,9.729999542236328,555000
2022-11-11,9.800000190734863,9.899999618530273,9.59000015258789,9.649999618530273,9.649999618530273,258600
2022-11-14,9.670000076293945,9.880000114440918,9.59000015258789,9.800000190734863,9.800000190734863,370300
2022-11-15,9.880000114440918,10.020000457763672,9.640000343322754,9.850000381469727,9.850000381469727,1815800
2022-11-16,9.880000114440918,9.90999984741211,9.649999618530273,9.779999732971191,9.779999732971191,783900
2022-11-17,9.170000076293945,9.899999618530273,7.050000190734863,9.40999984741211,9.40999984741211,1703700
2022-11-18,9.619999885559082,9.800000190734863,9.399999618530273,9.619999885559082,9.619999885559082,599200
2022-11-21,9.529999732971191,10.0,9.5,9.920000076293945,9.920000076293945,478400
2022-11-22,9.9399995803833,10.270000457763672,9.75,10.09000015258789,10.09000015258789,627900
2022-11-23,10.1899995803833,10.1899995803833,9.920000076293945,10.029999732971191,10.029999732971191,317500
2022-11-25,9.979999542236328,10.119999885559082,9.90999984741211,10.09000015258789,10.09000015258789,198100
2022-11-28,10.09000015258789,10.170000076293945,9.989999771118164,10.039999961853027,10.039999961853027,316600
2022-11-29,10.020000457763672,10.119999885559082,9.970000267028809,10.079999923706055,10.079999923706055,391600
2022-11-30,10.079999923706055,10.15999984741211,9.9399995803833,10.020000457763672,10.020000457763672,1674600
2022-12-01,10.010000228881836,10.149999618530273,9.960000038146973,10.0600004196167,10.0600004196167,645900
2022-12-02,9.9399995803833,10.180000305175781,9.90999984741211,10.170000076293945,10.170000076293945,286500
2022-12-05,10.170000076293945,10.359999656677246,10.069999694824219,10.350000381469727,10.350000381469727,280500
2022-12-06,10.380000114440918,10.680000305175781,10.350000381469727,10.5600004196167,10.5600004196167,482200
2022-12-07,9.430000305175781,9.479999542236328,8.199999809265137,8.640000343322754,8.640000343322754,4429100
2022-12-08,8.859999656677246,8.859999656677246,8.170000076293945,8.260000228881836,8.260000228881836,3913100
2022-12-09,8.180000305175781,8.3100004196167,7.940000057220459,8.010000228881836,8.010000228881836,1464300
2022-12-12,8.0,8.420000076293945,7.909999847412109,8.369999885559082,8.369999885559082,882600
2022-12-13,8.569999694824219,8.600000381469727,8.300000190734863,8.40999984741211,8.40999984741211,942400
2022-12-14,8.399999618530273,8.479999542236328,8.270000457763672,8.420000076293945,8.420000076293945,665300
2022-12-15,8.399999618530273,8.399999618530273,8.180000305175781,8.25,8.25,638300
2022-12-16,8.210000038146973,8.460000038146973,8.100000381469727,8.4399995803833,8.4399995803833,1710800
2022-12-19,8.470000267028809,8.640000343322754,8.460000038146973,8.5,8.5,747900
2022-12-20,8.510000228881836,8.670000076293945,8.140000343322754,8.180000305175781,8.180000305175781,676800
2022-12-21,8.229999542236328,8.489999771118164,8.180000305175781,8.319999694824219,8.319999694824219,568500
2022-12-22,8.279999732971191,8.34000015258789,8.109999656677246,8.210000038146973,8.210000038146973,947800
2022-12-23,8.1899995803833,8.399999618530273,8.1899995803833,8.329999923706055,8.329999923706055,353300
2022-12-27,8.350000381469727,8.529999732971191,8.239999771118164,8.479999542236328,8.479999542236328,303200
2022-12-28,8.460000038146973,8.5,8.069999694824219,8.119999885559082,8.119999885559082,356900
2022-12-29,8.149999618530273,8.319999694824219,8.149999618530273,8.229999542236328,8.229999542236328,299300
2022-12-30,8.220000267028809,8.289999961853027,8.119999885559082,8.149999618530273,8.149999618530273,580000
2023-01-03,8.260000228881836,8.489999771118164,8.210000038146973,8.329999923706055,8.329999923706055,488900
2023-01-04,8.649999618530273,8.850000381469727,8.630000114440918,8.720000267028809,8.720000267028809,1049700
2023-01-05,8.6899995803833,8.720000267028809,8.529999732971191,8.680000305175781,8.680000305175781,634000
2023-01-06,8.770000457763672,8.989999771118164,8.720000267028809,8.899999618530273,8.899999618530273,597300
2023-01-09,8.970000267028809,9.09000015258789,8.8100004196167,8.819999694824219,8.819999694824219,361700
2023-01-10,8.890000343322754,9.15999984741211,8.880000114440918,9.09000015258789,9.09000015258789,920200
2023-01-11,9.130000114440918,9.170000076293945,8.960000038146973,9.0,9.0,1071100
2023-01-12,9.0600004196167,9.069999694824219,8.800000190734863,8.869999885559082,8.869999885559082,412300
2023-01-13,8.779999732971191,8.829999923706055,8.640000343322754,8.729999542236328,8.729999542236328,453800
2023-01-17,8.720000267028809,8.8100004196167,8.609999656677246,8.609999656677246,8.609999656677246,325100
2023-01-18,8.649999618530273,8.680000305175781,8.449999809265137,8.5,8.5,332600
2023-01-19,8.4399995803833,8.550000190734863,8.359999656677246,8.510000228881836,8.510000228881836,276600
2023-01-20,8.609999656677246,8.720000267028809,8.479999542236328,8.630000114440918,8.630000114440918,332100
2023-01-23,8.59000015258789,9.119999885559082,8.430000305175781,9.069999694824219,9.069999694824219,1232100
2023-01-24,9.079999923706055,9.210000038146973,8.930000305175781,9.180000305175781,9.180000305175781,792600
2023-01-25,9.09000015258789,9.399999618530273,9.039999961853027,9.279999732971191,9.279999732971191,1524100
2023-01-26,9.300000190734863,9.319999694824219,9.029999732971191,9.069999694824219,9.069999694824219,432100
2023-01-27,9.069999694824219,9.25,8.989999771118164,9.039999961853027,9.039999961853027,274600
2023-01-30,9.029999732971191,9.09000015258789,8.869999885559082,8.869999885559082,8.869999885559082,286000
2023-01-31,8.859999656677246,9.199999809265137,8.8100004196167,9.109999656677246,9.109999656677246,359700
2023-02-01,9.020000457763672,9.180000305175781,8.880000114440918,9.029999732971191,9.029999732971191,716100
2023-02-02,9.59000015258789,9.65999984741211,9.0,9.029999732971191,9.029999732971191,1040300
2023-02-03,9.380000114440918,9.729999542236328,9.149999618530273,9.34000015258789,9.34000015258789,1548400
2023-02-06,9.300000190734863,9.359999656677246,9.130000114440918,9.3100004196167,9.3100004196167,465900
2023-02-07,9.25,9.369999885559082,8.9399995803833,9.069999694824219,9.069999694824219,763900
2023-02-08,9.100000381469727,9.260000228881836,9.020000457763672,9.140000343322754,9.140000343322754,410700
2023-02-09,9.140000343322754,9.260000228881836,9.069999694824219,9.09000015258789,9.09000015258789,487900
2023-02-10,9.079999923706055,9.170000076293945,8.90999984741211,8.930000305175781,8.930000305175781,859600
2023-02-13,8.920000076293945,9.289999961853027,8.880000114440918,9.270000457763672,9.270000457763672,452300
2023-02-14,9.1899995803833,9.239999771118164,8.970000267028809,9.0,9.0,806700
2023-02-15,8.960000038146973,9.130000114440918,8.930000305175781,9.09000015258789,9.09000015258789,408200
2023-02-16,9.079999923706055,9.170000076293945,8.9399995803833,9.109999656677246,9.109999656677246,398200
2023-02-17,9.130000114440918,9.220000267028809,9.079999923706055,9.119999885559082,9.119999885559082,606600
2023-02-21,9.0,9.079999923706055,8.869999885559082,8.9399995803833,8.9399995803833,665300
2023-02-22,8.979999542236328,9.0600004196167,8.930000305175781,8.9399995803833,8.9399995803833,790900
2023-02-23,8.9399995803833,9.039999961853027,8.829999923706055,8.880000114440918,8.880000114440918,1009800
2023-02-24,8.800000190734863,8.949999809265137,8.649999618530273,8.880000114440918,8.880000114440918,415300
2023-02-27,8.920000076293945,9.020000457763672,8.819999694824219,8.869999885559082,8.869999885559082,294900
2023-02-28,8.899999618530273,9.0,8.819999694824219,8.819999694824219,8.819999694824219,519200
2023-03-01,8.779999732971191,8.930000305175781,8.770000457763672,8.869999885559082,8.869999885559082,412200
2023-03-02,8.779999732971191,8.930000305175781,8.729999542236328,8.899999618530273,8.899999618530273,340100
2023-03-03,8.9399995803833,9.149999618530273,8.90999984741211,9.0600004196167,9.0600004196167,345000
2023-03-06,9.100000381469727,9.100000381469727,8.770000457763672,8.880000114440918,8.880000114440918,484800
2023-03-07,8.890000343322754,8.979999542236328,8.760000228881836,8.920000076293945,8.920000076293945,604400
2023-03-08,8.899999618530273,8.970000267028809,8.729999542236328,8.869999885559082,8.869999885559082,758100
2023-03-09,8.850000381469727,8.979999542236328,8.699999809265137,8.720000267028809,8.720000267028809,397900
2023-03-10,8.649999618530273,8.739999771118164,8.529999732971191,8.5600004196167,8.5600004196167,524800
2023-03-13,8.319999694824219,8.550000190734863,8.270000457763672,8.289999961853027,8.289999961853027,536400
2023-03-14,8.5,8.609999656677246,8.369999885559082,8.470000267028809,8.470000267028809,532700
2023-03-15,8.289999961853027,8.319999694824219,8.130000114440918,8.220000267028809,8.220000267028809,1691600
2023-03-16,8.180000305175781,8.489999771118164,8.119999885559082,8.3100004196167,8.3100004196167,773500
2023-03-17,8.25,8.350000381469727,8.09000015258789,8.229999542236328,8.229999542236328,1675900
2023-03-20,8.270000457763672,8.399999618530273,8.210000038146973,8.210000038146973,8.210000038146973,933000
2023-03-21,8.380000114440918,8.479999542236328,8.319999694824219,8.329999923706055,8.329999923706055,689700
2023-03-22,8.34000015258789,8.449999809265137,8.130000114440918,8.130000114440918,8.130000114440918,580200
2023-03-23,8.039999961853027,8.319999694824219,8.020000457763672,8.140000343322754,8.140000343322754,395300
2023-03-24,8.09000015258789,8.40999984741211,8.029999732971191,8.369999885559082,8.369999885559082,435200
2023-03-27,8.4399995803833,8.569999694824219,8.319999694824219,8.520000457763672,8.520000457763672,460800
2023-03-28,8.5,8.609999656677246,8.479999542236328,8.520000457763672,8.520000457763672,266000
2023-03-29,8.569999694824219,8.649999618530273,8.4399995803833,8.520000457763672,8.520000457763672,281200
2023-03-30,8.600000381469727,8.630000114440918,8.40999984741211,8.5,8.5,334500
2023-03-31,8.5,8.680000305175781,8.489999771118164,8.600000381469727,8.600000381469727,661300
2023-04-03,8.630000114440918,8.65999984741211,8.399999618530273,8.539999961853027,8.539999961853027,376000
2023-04-04,8.619999885559082,8.649999618530273,8.4399995803833,8.529999732971191,8.529999732971191,316000
2023-04-05,8.460000038146973,8.670000076293945,8.430000305175781,8.65999984741211,8.65999984741211,328400
2023-04-06,8.699999809265137,8.800000190734863,8.649999618530273,8.710000038146973,8.710000038146973,281400
2023-04-10,8.760000228881836,8.850000381469727,8.710000038146973,8.789999961853027,8.789999961853027,520600
2023-04-11,8.850000381469727,8.90999984741211,8.739999771118164,8.800000190734863,8.800000190734863,537300
2023-04-12,8.829999923706055,9.010000228881836,8.829999923706055,8.949999809265137,8.949999809265137,290500
2023-04-13,8.979999542236328,9.069999694824219,8.880000114440918,9.0600004196167,9.0600004196167,281200
2023-04-14,9.109999656677246,9.180000305175781,9.0,9.069999694824219,9.069999694824219,246700
2023-04-17,9.079999923706055,9.079999923706055,8.960000038146973,9.010000228881836,9.010000228881836,260500
2023-04-18,9.010000228881836,9.180000305175781,8.949999809265137,9.170000076293945,9.170000076293945,324000
2023-04-19,9.15999984741211,9.220000267028809,9.100000381469727,9.180000305175781,9.180000305175781,513000
2023-04-20,9.140000343322754,9.170000076293945,8.770000457763672,8.949999809265137,8.949999809265137,332000
2023-04-21,8.930000305175781,8.9399995803833,8.6899995803833,8.6899995803833,8.6899995803833,365700
2023-04-24,8.680000305175781,8.779999732971191,8.640000343322754,8.720000267028809,8.720000267028809,465800
2023-04-25,8.680000305175781,8.890000343322754,8.649999618530273,8.779999732971191,8.779999732971191,389800
2023-04-26,8.710000038146973,8.729999542236328,8.640000343322754,8.710000038146973,8.710000038146973,346500
2023-04-27,8.800000190734863,8.899999618530273,8.739999771118164,8.75,8.75,469200
2023-04-28,8.75,8.760000228881836,8.600000381469727,8.609999656677246,8.609999656677246,462800
2023-05-01,8.649999618530273,8.90999984741211,8.640000343322754,8.779999732971191,8.779999732971191,420900
2023-05-02,8.720000267028809,8.800000190734863,8.520000457763672,8.729999542236328,8.729999542236328,472000
2023-05-03,8.770000457763672,8.819999694824219,8.619999885559082,8.739999771118164,8.739999771118164,465100
2023-05-04,8.819999694824219,8.819999694824219,8.40999984741211,8.600000381469727,8.600000381469727,1188900
2023-05-05,8.710000038146973,9.489999771118164,8.680000305175781,9.180000305175781,9.180000305175781,1192800
2023-05-08,9.199999809265137,9.319999694824219,8.989999771118164,9.010000228881836,9.010000228881836,591300
2023-05-09,8.979999542236328,9.260000228881836,8.970000267028809,9.100000381469727,9.100000381469727,920100
2023-05-10,9.15999984741211,9.199999809265137,8.960000038146973,8.979999542236328,8.979999542236328,350500
2023-05-11,8.949999809265137,9.0,8.829999923706055,8.869999885559082,8.869999885559082,470400
2023-05-12,8.920000076293945,8.979999542236328,8.739999771118164,8.75,8.75,297200
2023-05-15,8.8100004196167,8.8100004196167,8.720000267028809,8.75,8.75,487700
2023-05-16,8.720000267028809,8.779999732971191,8.640000343322754,8.739999771118164,8.739999771118164,266700
2023-05-17,8.779999732971191,8.850000381469727,8.630000114440918,8.779999732971191,8.779999732971191,359100
2023-05-18,8.779999732971191,8.850000381469727,8.75,8.800000190734863,8.800000190734863,365400
2023-05-19,8.90999984741211,8.90999984741211,8.699999809265137,8.800000190734863,8.800000190734863,553000
2023-05-22,8.800000190734863,8.850000381469727,8.65999984741211,8.760000228881836,8.760000228881836,357400
2023-05-23,8.739999771118164,8.75,8.649999618530273,8.720000267028809,8.720000267028809,435000
2023-05-24,8.670000076293945,8.720000267028809,8.470000267028809,8.479999542236328,8.479999542236328,359800
2023-05-25,8.449999809265137,8.550000190734863,8.449999809265137,8.479999542236328,8.479999542236328,383700
2023-05-26,8.460000038146973,8.5,8.239999771118164,8.260000228881836,8.260000228881836,670100
2023-05-30,8.289999961853027,8.630000114440918,8.239999771118164,8.579999923706055,8.579999923706055,1155500
2023-05-31,8.579999923706055,8.680000305175781,8.260000228881836,8.34000015258789,8.34000015258789,876300
2023-06-01,8.329999923706055,8.470000267028809,8.25,8.289999961853027,8.289999961853027,518800
2023-06-02,8.380000114440918,8.510000228881836,8.319999694824219,8.460000038146973,8.460000038146973,440800
2023-06-05,8.460000038146973,8.460000038146973,8.25,8.359999656677246,8.359999656677246,571600
2023-06-06,8.34000015258789,8.539999961853027,8.289999961853027,8.529999732971191,8.529999732971191,786300
2023-06-07,8.609999656677246,8.75,8.520000457763672,8.710000038146973,8.710000038146973,1236200
2023-06-08,8.800000190734863,8.880000114440918,8.569999694824219,8.789999961853027,8.789999961853027,581500
2023-06-09,8.760000228881836,8.789999961853027,8.59000015258789,8.600000381469727,8.600000381469727,369000
2023-06-12,8.569999694824219,8.699999809265137,8.550000190734863,8.65999984741211,8.65999984741211,573100
2023-06-13,8.670000076293945,8.770000457763672,8.579999923706055,8.720000267028809,8.720000267028809,511500
2023-06-14,8.720000267028809,8.789999961853027,8.600000381469727,8.609999656677246,8.609999656677246,472600
2023-06-15,8.569999694824219,8.579999923706055,8.430000305175781,8.5,8.5,680100
2023-06-16,8.569999694824219,8.59000015258789,8.289999961853027,8.34000015258789,8.34000015258789,1157200
2023-06-20,8.289999961853027,8.380000114440918,8.239999771118164,8.260000228881836,8.260000228881836,677100
2023-06-21,8.210000038146973,8.380000114440918,8.210000038146973,8.300000190734863,8.300000190734863,1414500
2023-06-22,8.270000457763672,8.770000457763672,8.25,8.649999618530273,8.649999618530273,1489900
2023-06-23,8.569999694824219,8.869999885559082,8.510000228881836,8.680000305175781,8.680000305175781,8263000
2023-06-26,8.699999809265137,8.800000190734863,8.239999771118164,8.25,8.25,1315200
2023-06-27,8.260000228881836,8.380000114440918,8.020000457763672,8.109999656677246,8.109999656677246,924900
2023-06-28,8.140000343322754,8.220000267028809,8.079999923706055,8.130000114440918,8.130000114440918,634500
2023-06-29,8.130000114440918,8.3100004196167,8.109999656677246,8.3100004196167,8.3100004196167,486200
2023-06-30,8.40999984741211,8.529999732971191,8.270000457763672,8.380000114440918,8.380000114440918,789300
2023-07-03,8.399999618530273,8.4399995803833,8.289999961853027,8.359999656677246,8.359999656677246,257300
2023-07-05,8.380000114440918,8.380000114440918,8.229999542236328,8.270000457763672,8.270000457763672,533600
2023-07-06,8.15999984741211,8.3100004196167,8.039999961853027,8.289999961853027,8.289999961853027,636500
2023-07-07,8.239999771118164,8.569999694824219,8.239999771118164,8.470000267028809,8.470000267028809,754500
2023-07-10,8.479999542236328,8.680000305175781,8.470000267028809,8.680000305175781,8.680000305175781,480000
2023-07-11,8.680000305175781,8.760000228881836,8.489999771118164,8.609999656677246,8.609999656677246,751300
2023-07-12,8.640000343322754,8.729999542236328,8.470000267028809,8.710000038146973,8.710000038146973,531200
2023-07-13,8.699999809265137,8.779999732971191,8.619999885559082,8.739999771118164,8.739999771118164,415300
2023-07-14,8.739999771118164,8.789999961853027,8.569999694824219,8.770000457763672,8.770000457763672,361800
2023-07-17,8.720000267028809,8.880000114440918,8.720000267028809,8.779999732971191,8.779999732971191,507900
2023-07-18,8.779999732971191,9.109999656677246,8.770000457763672,9.069999694824219,9.069999694824219,994200
2023-07-19,9.069999694824219,9.260000228881836,9.010000228881836,9.25,9.25,925500
2023-07-20,9.239999771118164,9.25,9.029999732971191,9.199999809265137,9.199999809265137,579800
2023-07-21,9.210000038146973,9.270000457763672,9.039999961853027,9.25,9.25,438400
2023-07-24,9.260000228881836,9.40999984741211,9.220000267028809,9.329999923706055,9.329999923706055,458500
2023-07-25,9.300000190734863,9.34000015258789,9.119999885559082,9.210000038146973,9.210000038146973,642900
2023-07-26,9.229999542236328,9.279999732971191,9.15999984741211,9.239999771118164,9.239999771118164,312000
2023-07-27,9.229999542236328,9.319999694824219,9.100000381469727,9.109999656677246,9.109999656677246,265100
2023-07-28,9.140000343322754,9.289999961853027,9.0600004196167,9.069999694824219,9.069999694824219,202700
2023-07-31,9.069999694824219,9.15999984741211,9.029999732971191,9.0600004196167,9.0600004196167,221900
2023-08-01,9.029999732971191,9.069999694824219,8.970000267028809,9.050000190734863,9.050000190734863,383400
2023-08-02,8.989999771118164,9.0,8.800000190734863,8.84000015258789,8.84000015258789,330800
2023-08-03,8.960000038146973,9.430000305175781,8.899999618530273,9.420000076293945,9.420000076293945,666500
2023-08-04,9.420000076293945,9.430000305175781,9.100000381469727,9.229999542236328,9.229999542236328,585900
2023-08-07,9.239999771118164,9.369999885559082,9.239999771118164,9.3100004196167,9.3100004196167,354100
2023-08-08,9.279999732971191,9.350000381469727,9.199999809265137,9.210000038146973,9.210000038146973,381700
2023-08-09,9.260000228881836,9.260000228881836,9.029999732971191,9.130000114440918,9.130000114440918,286900
2023-08-10,9.25,9.279999732971191,9.020000457763672,9.039999961853027,9.039999961853027,347300
2023-08-11,9.069999694824219,9.140000343322754,9.039999961853027,9.0600004196167,9.0600004196167,215300
2023-08-14,9.0600004196167,9.0600004196167,8.829999923706055,8.84000015258789,8.84000015258789,370500
2023-08-15,8.829999923706055,8.890000343322754,8.779999732971191,8.829999923706055,8.829999923706055,350500
2023-08-16,8.770000457763672,8.850000381469727,8.600000381469727,8.609999656677246,8.609999656677246,252000
2023-08-17,8.609999656677246,8.6899995803833,8.5600004196167,8.630000114440918,8.630000114440918,331400
2023-08-18,8.630000114440918,8.670000076293945,8.579999923706055,8.609999656677246,8.609999656677246,227200
2023-08-21,8.600000381469727,8.6899995803833,8.529999732971191,8.550000190734863,8.550000190734863,282000
2023-08-22,8.539999961853027,8.65999984741211,8.539999961853027,8.59000015258789,8.59000015258789,284800
2023-08-23,8.579999923706055,8.739999771118164,8.5600004196167,8.6899995803833,8.6899995803833,239400
2023-08-24,8.640000343322754,8.760000228881836,8.569999694824219,8.649999618530273,8.649999618530273,423300
2023-08-25,8.649999618530273,8.710000038146973,8.609999656677246,8.699999809265137,8.699999809265137,271200
2023-08-28,8.680000305175781,8.779999732971191,8.65999984741211,8.699999809265137,8.699999809265137,229600
2023-08-29,8.729999542236328,8.800000190734863,8.670000076293945,8.699999809265137,8.699999809265137,219600
2023-08-30,8.65999984741211,8.680000305175781,8.460000038146973,8.479999542236328,8.479999542236328,308200
2023-08-31,8.5,8.5,8.359999656677246,8.40999984741211,8.40999984741211,332600
2023-09-01,8.40999984741211,8.479999542236328,8.390000343322754,8.40999984741211,8.40999984741211,273000
2023-09-05,8.380000114440918,8.380000114440918,8.180000305175781,8.210000038146973,8.210000038146973,458100
2023-09-06,8.210000038146973,8.270000457763672,8.149999618530273,8.220000267028809,8.220000267028809,235800
2023-09-07,8.1899995803833,8.239999771118164,8.069999694824219,8.15999984741211,8.15999984741211,332400
2023-09-08,8.149999618530273,8.1899995803833,8.09000015258789,8.15999984741211,8.15999984741211,241900
2023-09-11,8.15999984741211,8.329999923706055,8.09000015258789,8.119999885559082,8.119999885559082,380000
2023-09-12,8.079999923706055,8.15999984741211,7.989999771118164,8.050000190734863,8.050000190734863,935400
2023-09-13,8.079999923706055,8.100000381469727,8.010000228881836,8.010000228881836,8.010000228881836,344900
2023-09-14,8.020000457763672,8.140000343322754,8.010000228881836,8.020000457763672,8.020000457763672,233300
2023-09-15,8.020000457763672,8.050000190734863,7.900000095367432,7.960000038146973,7.960000038146973,1255900
2023-09-18,7.949999809265137,7.980000019073486,7.849999904632568,7.880000114440918,7.880000114440918,355200
2023-09-19,7.880000114440918,7.949999809265137,7.869999885559082,7.869999885559082,7.869999885559082,265900
2023-09-20,7.880000114440918,7.96999979019165,7.869999885559082,7.869999885559082,7.869999885559082,471400
2023-09-21,7.860000133514404,7.900000095367432,7.820000171661377,7.829999923706055,7.829999923706055,327000
2023-09-22,7.820000171661377,7.889999866485596,7.75,7.760000228881836,7.760000228881836,336800
2023-09-25,7.710000038146973,7.929999828338623,7.710000038146973,7.840000152587891,7.840000152587891,354300
2023-09-26,7.800000190734863,7.849999904632568,7.760000228881836,7.769999980926514,7.769999980926514,202000
2023-09-27,7.78000020980835,8.020000457763672,7.78000020980835,7.980000019073486,7.980000019073486,553400
2023-09-28,8.029999732971191,8.130000114440918,8.0,8.0600004196167,8.0600004196167,446100
2023-09-29,8.039999961853027,8.319999694824219,8.039999961853027,8.25,8.25,1045300
2023-10-02,8.260000228881836,8.34000015258789,8.140000343322754,8.3100004196167,8.3100004196167,475600
2023-10-03,8.279999732971191,8.329999923706055,8.199999809265137,8.279999732971191,8.279999732971191,299100
2023-10-04,8.15999984741211,8.380000114440918,8.149999618530273,8.350000381469727,8.350000381469727,285200
2023-10-05,8.350000381469727,8.380000114440918,8.3100004196167,8.359999656677246,8.359999656677246,236200
2023-10-06,8.380000114440918,8.510000228881836,8.369999885559082,8.380000114440918,8.380000114440918,306500
2023-10-09,8.300000190734863,8.380000114440918,8.289999961853027,8.329999923706055,8.329999923706055,274800
2023-10-10,8.380000114440918,8.460000038146973,8.34000015258789,8.350000381469727,8.350000381469727,214700
2023-10-11,8.380000114440918,8.420000076293945,8.300000190734863,8.369999885559082,8.369999885559082,158000
2023-10-12,8.350000381469727,8.369999885559082,8.260000228881836,8.289999961853027,8.289999961853027,213400
2023-10-13,8.289999961853027,8.3100004196167,8.0,8.0600004196167,8.0600004196167,509800
2023-10-16,8.100000381469727,8.149999618530273,8.020000457763672,8.020000457763672,8.020000457763672,437400
2023-10-17,8.0,8.319999694824219,8.0,8.229999542236328,8.229999542236328,426600
2023-10-18,8.199999809265137,8.229999542236328,8.020000457763672,8.029999732971191,8.029999732971191,244200
2023-10-19,8.010000228881836,8.010000228881836,7.809999942779541,7.849999904632568,7.849999904632568,788300
2023-10-20,7.869999885559082,8.050000190734863,7.820000171661377,7.980000019073486,7.980000019073486,301900
2023-10-23,7.980000019073486,8.109999656677246,7.920000076293945,7.940000057220459,7.940000057220459,409600
2023-10-24,8.010000228881836,8.029999732971191,7.869999885559082,7.869999885559082,7.869999885559082,263400
2023-10-25,7.800000190734863,7.880000114440918,7.699999809265137,7.699999809265137,7.699999809265137,309500
2023-10-26,7.809999942779541,8.010000228881836,7.710000038146973,8.010000228881836,8.010000228881836,452200
2023-10-27,7.989999771118164,8.09000015258789,7.900000095367432,8.020000457763672,8.020000457763672,394000
2023-10-30,8.0600004196167,8.170000076293945,8.0,8.140000343322754,8.140000343322754,240300
2023-10-31,8.140000343322754,8.239999771118164,8.109999656677246,8.199999809265137,8.199999809265137,211700
2023-11-01,8.210000038146973,8.25,8.119999885559082,8.140000343322754,8.140000343322754,251200
2023-11-02,8.170000076293945,8.449999809265137,8.149999618530273,8.380000114440918,8.380000114440918,506500
2023-11-03,8.5,8.5600004196167,8.430000305175781,8.489999771118164,8.489999771118164,452900
2023-11-06,8.539999961853027,8.550000190734863,8.449999809265137,8.5,8.5,242100
2023-11-07,8.430000305175781,8.460000038146973,8.300000190734863,8.3100004196167,8.3100004196167,164000
2023-11-08,8.329999923706055,8.329999923706055,8.210000038146973,8.239999771118164,8.239999771118164,130200
2023-11-09,8.260000228881836,8.319999694824219,8.220000267028809,8.279999732971191,8.279999732971191,184100
2023-11-10,8.289999961853027,8.300000190734863,8.15999984741211,8.220000267028809,8.220000267028809,231800
2023-11-13,8.239999771118164,8.319999694824219,8.210000038146973,8.25,8.25,224800
2023-11-14,8.390000343322754,8.609999656677246,8.380000114440918,8.520000457763672,8.520000457763672,339000
2023-11-15,8.479999542236328,8.680000305175781,8.479999542236328,8.609999656677246,8.609999656677246,430200
2023-11-16,8.710000038146973,8.850000381469727,8.069999694824219,8.319999694824219,8.319999694824219,715300
2023-11-17,8.40999984741211,8.420000076293945,8.130000114440918,8.239999771118164,8.239999771118164,609700
2023-11-20,8.220000267028809,8.510000228881836,8.220000267028809,8.390000343322754,8.390000343322754,418100
2023-11-21,8.34000015258789,8.40999984741211,8.260000228881836,8.289999961853027,8.289999961853027,342200
2023-11-22,8.25,8.40999984741211,8.239999771118164,8.279999732971191,8.279999732971191,361100
2023-11-24,8.289999961853027,8.329999923706055,8.220000267028809,8.239999771118164,8.239999771118164,106500
2023-11-27,8.149999618530273,8.199999809265137,8.029999732971191,8.109999656677246,8.109999656677246,440700
2023-11-28,8.119999885559082,8.149999618530273,7.71999979019165,8.109999656677246,8.109999656677246,808600
2023-11-29,8.170000076293945,8.199999809265137,8.069999694824219,8.069999694824219,8.069999694824219,472900
2023-11-30,8.0600004196167,8.25,8.0600004196167,8.199999809265137,8.199999809265137,500600
2023-12-01,8.15999984741211,8.449999809265137,8.15999984741211,8.380000114440918,8.380000114440918,435900
2023-12-04,8.350000381469727,8.760000228881836,8.350000381469727,8.760000228881836,8.760000228881836,607700
2023-12-05,8.75,8.84000015258789,8.649999618530273,8.6899995803833,8.6899995803833,499900
2023-12-06,8.710000038146973,8.850000381469727,8.470000267028809,8.470000267028809,8.470000267028809,317400
2023-12-07,8.4399995803833,8.670000076293945,8.4399995803833,8.670000076293945,8.670000076293945,237300
2023-12-08,8.680000305175781,8.739999771118164,8.609999656677246,8.6899995803833,8.6899995803833,189400
2023-12-11,8.699999809265137,8.720000267028809,8.609999656677246,8.670000076293945,8.670000076293945,232200
2023-12-12,8.649999618530273,8.75,8.619999885559082,8.65999984741211,8.65999984741211,245000
2023-12-13,8.65999984741211,8.970000267028809,8.65999984741211,8.899999618530273,8.899999618530273,662700
2023-12-14,8.989999771118164,9.0,8.800000190734863,8.90999984741211,8.90999984741211,408800
2023-12-15,8.989999771118164,8.989999771118164,8.710000038146973,8.720000267028809,8.720000267028809,1051500
2023-12-18,8.760000228881836,8.890000343322754,8.670000076293945,8.84000015258789,8.84000015258789,354400
2023-12-19,8.9399995803833,9.0,8.8100004196167,8.920000076293945,8.920000076293945,388700
2023-12-20,8.880000114440918,9.069999694824219,8.850000381469727,8.920000076293945,8.920000076293945,452100
2023-12-21,8.9399995803833,9.050000190734863,8.899999618530273,8.949999809265137,8.949999809265137,578200
2023-12-22,9.0,9.029999732971191,8.850000381469727,8.880000114440918,8.880000114440918,207000
2023-12-26,8.859999656677246,8.960000038146973,8.859999656677246,8.9399995803833,8.9399995803833,116100
2023-12-27,8.9399995803833,8.970000267028809,8.869999885559082,8.869999885559082,8.869999885559082,369700
2023-12-28,8.829999923706055,8.859999656677246,8.720000267028809,8.760000228881836,8.760000228881836,160000
2023-12-29,8.75,8.829999923706055,8.65999984741211,8.739999771118164,8.739999771118164,604800
2024-01-02,8.729999542236328,8.770000457763672,8.65999984741211,8.720000267028809,8.720000267028809,292000
2024-01-03,8.699999809265137,8.800000190734863,8.649999618530273,8.710000038146973,8.710000038146973,249500
2024-01-04,8.699999809265137,8.8100004196167,8.6899995803833,8.699999809265137,8.699999809265137,285400
2024-01-05,8.699999809265137,8.800000190734863,8.579999923706055,8.579999923706055,8.579999923706055,246000
2024-01-08,8.569999694824219,8.640000343322754,8.550000190734863,8.640000343322754,8.640000343322754,295500
2024-01-09,8.529999732971191,8.550000190734863,8.479999542236328,8.5,8.5,318700
2024-01-10,8.5,8.600000381469727,8.460000038146973,8.569999694824219,8.569999694824219,224000
2024-01-11,8.569999694824219,8.569999694824219,8.489999771118164,8.510000228881836,8.510000228881836,206400
2024-01-12,8.579999923706055,8.600000381469727,8.479999542236328,8.539999961853027,8.539999961853027,211700
2024-01-16,8.470000267028809,8.569999694824219,8.4399995803833,8.5600004196167,8.5600004196167,355900
2024-01-17,8.520000457763672,8.539999961853027,8.470000267028809,8.520000457763672,8.520000457763672,511000
2024-01-18,8.550000190734863,8.600000381469727,8.390000343322754,8.420000076293945,8.420000076293945,191100
2024-01-19,8.449999809265137,8.449999809265137,8.260000228881836,8.420000076293945,8.420000076293945,462800
2024-01-22,8.489999771118164,8.670000076293945,8.489999771118164,8.649999618530273,8.649999618530273,273000
2024-01-23,8.699999809265137,8.729999542236328,8.640000343322754,8.649999618530273,8.649999618530273,317600
2024-01-24,8.710000038146973,8.760000228881836,8.649999618530273,8.6899995803833,8.6899995803833,213600
2024-01-25,8.739999771118164,8.789999961853027,8.710000038146973,8.729999542236328,8.729999542236328,340000
2024-01-26,8.760000228881836,8.800000190734863,8.199999809265137,8.649999618530273,8.649999618530273,222800
2024-01-29,8.640000343322754,8.779999732971191,8.59000015258789,8.779999732971191,8.779999732971191,574100
2024-01-30,8.770000457763672,8.770000457763672,8.619999885559082,8.630000114440918,8.630000114440918,236600
2024-01-31,8.539999961853027,8.760000228881836,8.539999961853027,8.600000381469727,8.600000381469727,483200
2024-02-01,9.229999542236328,9.899999618530273,9.210000038146973,9.59000015258789,9.59000015258789,2716700
2024-02-02,10.0,10.239999771118164,9.6899995803833,10.0600004196167,10.0600004196167,1568600
2024-02-05,10.270000457763672,10.34000015258789,9.90999984741211,10.3100004196167,10.3100004196167,1094000
2024-02-06,10.289999961853027,10.34000015258789,10.0,10.039999961853027,10.039999961853027,814800
2024-02-07,10.050000190734863,10.100000381469727,9.920000076293945,10.039999961853027,10.039999961853027,629200
2024-02-08,10.039999961853027,10.25,9.970000267028809,10.0,10.0,683700
2024-02-09,10.0,10.239999771118164,9.960000038146973,10.1899995803833,10.1899995803833,732800
2024-02-12,10.1899995803833,10.569999694824219,10.1899995803833,10.449999809265137,10.449999809265137,892100
2024-02-13,10.25,10.510000228881836,10.100000381469727,10.420000076293945,10.420000076293945,769600
2024-02-14,10.449999809265137,10.779999732971191,10.4399995803833,10.75,10.75,715700
2024-02-15,10.869999885559082,10.989999771118164,10.6899995803833,10.869999885559082,10.869999885559082,1277100
2024-02-16,10.899999618530273,10.899999618530273,10.649999618530273,10.680000305175781,10.680000305175781,1377200
2024-02-20,10.6899995803833,10.960000038146973,10.600000381469727,10.960000038146973,10.960000038146973,677500
2024-02-21,10.9399995803833,11.050000190734863,10.489999771118164,10.619999885559082,10.619999885559082,993000
2024-02-22,10.649999618530273,10.729999542236328,10.460000038146973,10.630000114440918,10.630000114440918,702700
2024-02-23,10.6899995803833,10.800000190734863,10.59000015258789,10.710000038146973,10.710000038146973,324700
2024-02-26,10.75,10.84000015258789,10.550000190734863,10.550000190734863,10.550000190734863,403400
2024-02-27,10.609999656677246,10.75,10.520000457763672,10.630000114440918,10.630000114440918,366400
2024-02-28,10.630000114440918,10.720000267028809,10.579999923706055,10.59000015258789,10.59000015258789,684700
2024-02-29,10.609999656677246,10.760000228881836,10.449999809265137,10.489999771118164,10.489999771118164,702700
2024-03-01,10.520000457763672,10.529999732971191,10.180000305175781,10.229999542236328,10.229999542236328,945700
2024-03-04,10.229999542236328,10.4399995803833,10.229999542236328,10.270000457763672,10.270000457763672,460500
2024-03-05,10.260000228881836,10.5,10.239999771118164,10.4399995803833,10.4399995803833,266800
2024-03-06,10.4399995803833,10.479999542236328,10.350000381469727,10.390000343322754,10.390000343322754,377200
2024-03-07,10.4399995803833,10.579999923706055,10.380000114440918,10.449999809265137,10.449999809265137,419400
2024-03-08,10.539999961853027,10.739999771118164,10.520000457763672,10.600000381469727,10.600000381469727,315900
2024-03-11,10.609999656677246,10.680000305175781,10.460000038146973,10.59000015258789,10.59000015258789,203600
2024-03-12,10.59000015258789,10.699999809265137,10.449999809265137,10.65999984741211,10.65999984741211,256500
2024-03-13,10.649999618530273,10.699999809265137,10.579999923706055,10.600000381469727,10.600000381469727,231800
2024-03-14,10.600000381469727,10.600000381469727,10.329999923706055,10.449999809265137,10.449999809265137,589100
2024-03-15,10.420000076293945,10.510000228881836,10.3100004196167,10.449999809265137,10.449999809265137,419800
2024-03-18,10.40999984741211,10.470000267028809,10.289999961853027,10.289999961853027,10.289999961853027,363400
2024-03-19,10.300000190734863,10.539999961853027,10.300000190734863,10.430000305175781,10.430000305175781,373400
2024-03-20,10.449999809265137,10.699999809265137,10.350000381469727,10.640000343322754,10.640000343322754,281900
2024-03-21,10.699999809265137,10.819999694824219,10.699999809265137,10.710000038146973,10.710000038146973,429900
2024-03-22,10.850000381469727,10.920000076293945,10.75,10.779999732971191,10.779999732971191,457200
2024-03-25,10.779999732971191,10.850000381469727,10.760000228881836,10.779999732971191,10.779999732971191,336000
2024-03-26,10.800000190734863,11.220000267028809,10.760000228881836,11.079999923706055,11.079999923706055,623100
2024-03-27,11.270000457763672,11.270000457763672,11.069999694824219,11.100000381469727,11.100000381469727,400100
2024-03-28,11.109999656677246,11.380000114440918,10.960000038146973,11.329999923706055,11.329999923706055,757900
2024-04-01,11.380000114440918,11.399999618530273,11.029999732971191,11.109999656677246,11.109999656677246,550800
2024-04-02,11.0,11.029999732971191,10.84000015258789,10.90999984741211,10.90999984741211,464900
2024-04-03,10.960000038146973,11.020000457763672,10.880000114440918,10.920000076293945,10.920000076293945,301900
2024-04-04,10.949999809265137,11.09000015258789,10.6899995803833,10.710000038146973,10.710000038146973,272400
2024-04-05,10.710000038146973,10.770000457763672,10.640000343322754,10.640000343322754,10.640000343322754,346800
2024-04-08,10.609999656677246,10.869999885559082,10.600000381469727,10.829999923706055,10.829999923706055,394700
2024-04-09,10.829999923706055,10.850000381469727,10.680000305175781,10.720000267028809,10.720000267028809,414800
2024-04-10,10.670000076293945,11.149999618530273,10.630000114440918,11.050000190734863,11.050000190734863,1048100
2024-04-11,11.140000343322754,11.300000190734863,11.010000228881836,11.260000228881836,11.260000228881836,716900
2024-04-12,11.220000267028809,11.289999961853027,10.699999809265137,10.850000381469727,10.850000381469727,639200
2024-04-15,10.869999885559082,11.100000381469727,10.739999771118164,10.819999694824219,10.819999694824219,468600
2024-04-16,10.949999809265137,11.279999732971191,10.819999694824219,11.260000228881836,11.260000228881836,728500
2024-04-17,11.350000381469727,11.350000381469727,10.960000038146973,11.0600004196167,11.0600004196167,451300
2024-04-18,11.050000190734863,11.0600004196167,10.930000305175781,10.960000038146973,10.960000038146973,616500
2024-04-19,10.899999618530273,11.239999771118164,10.899999618530273,11.199999809265137,11.199999809265137,823300
2024-04-22,11.260000228881836,11.279999732971191,11.149999618530273,11.15999984741211,11.15999984741211,367900
2024-04-23,11.180000305175781,11.5,11.180000305175781,11.470000267028809,11.470000267028809,760600
2024-04-24,11.460000038146973,11.520000457763672,11.359999656677246,11.5,11.5,481800
2024-04-25,11.319999694824219,11.420000076293945,10.9399995803833,11.069999694824219,11.069999694824219,521400
2024-04-26,11.180000305175781,11.399999618530273,11.119999885559082,11.359999656677246,11.359999656677246,393100
2024-04-29,11.430000305175781,11.470000267028809,11.029999732971191,11.180000305175781,11.180000305175781,520000
2024-04-30,11.15999984741211,11.15999984741211,10.970000267028809,10.979999542236328,10.979999542236328,681700
2024-05-01,10.899999618530273,11.09000015258789,10.770000457763672,11.029999732971191,11.029999732971191,673000
2024-05-02,10.6899995803833,10.6899995803833,9.800000190734863,10.539999961853027,10.539999961853027,1342300
2024-05-03,10.539999961853027,10.539999961853027,10.289999961853027,10.430000305175781,10.430000305175781,936900
2024-05-06,10.449999809265137,10.520000457763672,10.300000190734863,10.319999694824219,10.319999694824219,563900
2024-05-07,10.329999923706055,10.6899995803833,10.329999923706055,10.380000114440918,10.380000114440918,1015600
2024-05-08,10.300000190734863,10.460000038146973,10.170000076293945,10.34000015258789,10.34000015258789,580900
2024-05-09,10.300000190734863,10.369999885559082,10.199999809265137,10.329999923706055,10.329999923706055,533100
2024-05-10,10.3100004196167,10.390000343322754,10.149999618530273,10.260000228881836,10.260000228881836,661000
2024-05-13,10.270000457763672,10.470000267028809,10.270000457763672,10.3100004196167,10.3100004196167,399000
2024-05-14,10.369999885559082,10.380000114440918,10.260000228881836,10.34000015258789,10.34000015258789,476000
2024-05-15,10.359999656677246,10.390000343322754,10.109999656677246,10.210000038146973,10.210000038146973,633700
2024-05-16,10.220000267028809,10.270000457763672,10.149999618530273,10.15999984741211,10.15999984741211,570000
2024-05-17,10.199999809265137,10.260000228881836,10.039999961853027,10.229999542236328,10.229999542236328,1071000
2024-05-20,10.180000305175781,10.260000228881836,10.010000228881836,10.010000228881836,10.010000228881836,427900
2024-05-21,10.039999961853027,10.1899995803833,10.010000228881836,10.050000190734863,10.050000190734863,362700
2024-05-22,10.0,10.140000343322754,9.930000305175781,9.970000267028809,9.970000267028809,572800
2024-05-23,10.0,10.100000381469727,9.899999618530273,9.979999542236328,9.979999542236328,556200
2024-05-24,9.979999542236328,10.210000038146973,9.979999542236328,10.199999809265137,10.199999809265137,374600
2024-05-28,10.170000076293945,10.380000114440918,10.170000076293945,10.239999771118164,10.239999771118164,555200
2024-05-29,10.229999542236328,10.329999923706055,10.130000114440918,10.199999809265137,10.199999809265137,341700
2024-05-30,10.229999542236328,10.399999618530273,10.210000038146973,10.289999961853027,10.289999961853027,383900
2024-05-31,10.300000190734863,10.5600004196167,10.270000457763672,10.489999771118164,10.489999771118164,479900
2024-06-03,10.5600004196167,10.579999923706055,10.300000190734863,10.319999694824219,10.319999694824219,314700
2024-06-04,10.239999771118164,10.380000114440918,10.210000038146973,10.25,10.25,410700
2024-06-05,10.319999694824219,10.460000038146973,10.229999542236328,10.359999656677246,10.359999656677246,248200
2024-06-06,10.359999656677246,10.479999542236328,10.329999923706055,10.420000076293945,10.420000076293945,352700
2024-06-07,10.369999885559082,10.5,10.359999656677246,10.479999542236328,10.479999542236328,348100
2024-06-10,10.420000076293945,10.449999809265137,10.029999732971191,10.270000457763672,10.270000457763672,659900
2024-06-11,10.1899995803833,10.239999771118164,10.0600004196167,10.199999809265137,10.199999809265137,420000
2024-06-12,10.270000457763672,10.40999984741211,10.25,10.300000190734863,10.300000190734863,416200
2024-06-13,10.319999694824219,10.359999656677246,10.149999618530273,10.170000076293945,10.170000076293945,403600
2024-06-14,10.100000381469727,10.1899995803833,10.010000228881836,10.029999732971191,10.029999732971191,350600
2024-06-17,10.0,10.229999542236328,9.899999618530273,10.210000038146973,10.210000038146973,369300
2024-06-18,10.199999809265137,10.399999618530273,10.170000076293945,10.319999694824219,10.319999694824219,409400
2024-06-20,10.329999923706055,10.460000038146973,10.170000076293945,10.180000305175781,10.180000305175781,438400
2024-06-21,10.170000076293945,10.260000228881836,10.079999923706055,10.109999656677246,10.109999656677246,1038300
2024-06-24,10.100000381469727,10.34000015258789,10.100000381469727,10.270000457763672,10.270000457763672,560500
2024-06-25,10.300000190734863,10.350000381469727,10.149999618530273,10.149999618530273,10.149999618530273,229800
2024-06-26,10.220000267028809,10.40999984741211,10.220000267028809,10.329999923706055,10.329999923706055,421200
2024-06-27,10.329999923706055,10.350000381469727,10.140000343322754,10.220000267028809,10.220000267028809,338600
2024-06-28,10.270000457763672,10.479999542236328,10.220000267028809,10.470000267028809,10.470000267028809,314000
2024-07-01,10.529999732971191,10.569999694824219,10.319999694824219,10.34000015258789,10.34000015258789,461600
2024-07-02,10.34000015258789,10.4399995803833,10.260000228881836,10.329999923706055,10.329999923706055,553900
2024-07-03,10.329999923706055,10.399999618530273,10.15999984741211,10.25,10.25,215200
2024-07-05,10.149999618530273,10.25,10.010000228881836,10.069999694824219,10.069999694824219,299000
2024-07-08,10.09000015258789,10.140000343322754,9.90999984741211,9.989999771118164,9.989999771118164,403200
2024-07-09,10.029999732971191,10.029999732971191,9.649999618530273,9.710000038146973,9.710000038146973,626100
2024-07-10,9.75,9.899999618530273,9.710000038146973,9.8100004196167,9.8100004196167,467100
2024-07-11,9.800000190734863,10.140000343322754,9.800000190734863,10.130000114440918,10.130000114440918,349800
2024-07-12,10.149999618530273,10.229999542236328,10.0600004196167,10.109999656677246,10.109999656677246,390700
2024-07-15,10.229999542236328,10.260000228881836,10.130000114440918,10.130000114440918,10.130000114440918,245100
2024-07-16,10.130000114440918,10.3100004196167,10.130000114440918,10.220000267028809,10.220000267028809,261200
2024-07-17,10.199999809265137,10.369999885559082,10.15999984741211,10.25,10.25,559200
2024-07-18,10.25,10.359999656677246,10.140000343322754,10.289999961853027,10.289999961853027,480800
2024-07-19,10.25,10.25,9.989999771118164,10.0,10.0,859500
2024-07-22,10.0,10.109999656677246,9.90999984741211,10.100000381469727,10.100000381469727,521300
2024-07-23,10.079999923706055,10.170000076293945,10.010000228881836,10.079999923706055,10.079999923706055,384000
2024-07-24,10.069999694824219,10.15999984741211,9.979999542236328,10.050000190734863,10.050000190734863,431800
2024-07-25,10.130000114440918,10.399999618530273,10.069999694824219,10.34000015258789,10.34000015258789,557100
2024-07-26,10.4399995803833,10.4399995803833,10.109999656677246,10.319999694824219,10.319999694824219,659800
2024-07-29,10.3100004196167,10.350000381469727,10.029999732971191,10.119999885559082,10.119999885559082,416600
2024-07-30,10.170000076293945,10.430000305175781,10.170000076293945,10.380000114440918,10.380000114440918,379000
2024-07-31,10.460000038146973,10.640000343322754,10.260000228881836,10.420000076293945,10.420000076293945,406400
2024-08-01,10.579999923706055,10.9399995803833,10.34000015258789,10.489999771118164,10.489999771118164,623000
2024-08-02,10.640000343322754,11.420000076293945,10.609999656677246,11.069999694824219,11.069999694824219,947600
2024-08-05,10.899999618530273,11.270000457763672,10.6899995803833,11.140000343322754,11.140000343322754,578100
2024-08-06,11.050000190734863,11.220000267028809,10.789999961853027,10.850000381469727,10.850000381469727,498200
2024-08-07,10.899999618530273,11.270000457763672,10.890000343322754,11.210000038146973,11.210000038146973,510300
2024-08-08,11.319999694824219,11.65999984741211,11.289999961853027,11.34000015258789,11.34000015258789,739100
2024-08-09,11.520000457763672,11.59000015258789,11.399999618530273,11.420000076293945,11.420000076293945,523900
2024-08-12,11.569999694824219,11.579999923706055,11.4399995803833,11.479999542236328,11.479999542236328,610000
2024-08-13,11.5,11.75,11.420000076293945,11.59000015258789,11.59000015258789,565300
2024-08-14,11.6899995803833,11.710000038146973,11.3100004196167,11.350000381469727,11.350000381469727,384000
2024-08-15,11.489999771118164,11.579999923706055,11.350000381469727,11.399999618530273,11.399999618530273,333800
2024-08-16,11.430000305175781,11.8100004196167,11.399999618530273,11.800000190734863,11.800000190734863,957900
2024-08-19,11.819999694824219,12.010000228881836,11.649999618530273,12.0,12.0,594600
2024-08-20,11.970000267028809,12.0,11.6899995803833,11.729999542236328,11.729999542236328,509500
2024-08-21,11.739999771118164,12.010000228881836,11.609999656677246,11.699999809265137,11.699999809265137,353400
2024-08-22,11.6899995803833,11.819999694824219,11.569999694824219,11.75,11.75,181300
2024-08-23,11.710000038146973,11.859999656677246,11.619999885559082,11.850000381469727,11.850000381469727,527400
2024-08-26,11.930000305175781,12.0,11.770000457763672,11.800000190734863,11.800000190734863,264500
2024-08-27,11.75,11.949999809265137,11.670000076293945,11.760000228881836,11.760000228881836,272500
2024-08-28,11.670000076293945,11.84000015258789,11.670000076293945,11.760000228881836,11.760000228881836,418800
2024-08-29,11.789999961853027,11.859999656677246,11.680000305175781,11.800000190734863,11.800000190734863,487200
2024-08-30,11.829999923706055,12.229999542236328,11.829999923706055,12.220000267028809,12.220000267028809,454900
2024-09-03,12.119999885559082,12.210000038146973,11.899999618530273,11.90999984741211,11.90999984741211,352800
2024-09-04,11.880000114440918,12.029999732971191,11.819999694824219,11.890000343322754,11.890000343322754,258500
2024-09-05,11.890000343322754,12.0,11.649999618530273,11.869999885559082,11.869999885559082,742600
2024-09-06,11.84000015258789,11.949999809265137,11.479999542236328,11.529999732971191,11.529999732971191,689500
2024-09-09,11.529999732971191,11.600000381469727,11.180000305175781,11.1899995803833,11.1899995803833,562200
2024-09-10,11.220000267028809,11.329999923706055,10.930000305175781,11.100000381469727,11.100000381469727,468500
2024-09-11,11.09000015258789,11.100000381469727,10.819999694824219,10.880000114440918,10.880000114440918,399400
2024-09-12,10.970000267028809,11.15999984741211,10.920000076293945,10.970000267028809,10.970000267028809,414600
2024-09-13,10.979999542236328,11.15999984741211,10.970000267028809,11.0,11.0,492300
2024-09-16,11.0,11.119999885559082,10.779999732971191,10.800000190734863,10.800000190734863,378200
2024-09-17,10.8100004196167,11.180000305175781,10.8100004196167,11.170000076293945,11.170000076293945,517100
2024-09-18,11.1899995803833,11.1899995803833,10.880000114440918,10.90999984741211,10.90999984741211,294900
2024-09-19,10.970000267028809,10.979999542236328,10.800000190734863,10.850000381469727,10.850000381469727,339000
2024-09-20,10.84000015258789,10.979999542236328,10.760000228881836,10.770000457763672,10.770000457763672,782700
2024-09-23,10.800000190734863,11.050000190734863,10.779999732971191,11.020000457763672,11.020000457763672,332900
2024-09-24,10.90999984741211,10.9399995803833,10.630000114440918,10.729999542236328,10.729999542236328,539300
2024-09-25,10.800000190734863,10.800000190734863,10.600000381469727,10.640000343322754,10.640000343322754,499500
2024-09-26,10.65999984741211,10.75,10.5600004196167,10.680000305175781,10.680000305175781,315500
2024-09-27,10.729999542236328,10.899999618530273,10.6899995803833,10.819999694824219,10.819999694824219,387900
