Date,Open,High,Low,Close,Adj Close,Volume
2017-04-13,3851.25,4668.75,3843.75,4668.75,4668.75,3938
2017-04-17,4687.5,5132.25,4500.0,4875.0,4875.0,807
2017-04-18,4912.5,5250.0,4893.75,5235.0,5235.0,661
2017-04-19,5250.0,5520.0,4698.75,5242.5,5242.5,892
2017-04-20,5250.0,5313.75,4968.75,5100.0,5100.0,355
2017-04-21,5190.0,5190.0,4773.75,4976.25,4976.25,171
2017-04-24,4893.75,5176.875,4717.5,5025.0,5025.0,305
2017-04-25,5051.25,5216.25,4884.75,5148.75,5148.75,290
2017-04-26,5175.0,5175.0,4800.0,5006.25,5006.25,557
2017-04-27,4995.0,5205.0,4965.0,5002.5,5002.5,408
2017-04-28,5006.25,5490.0,4910.625,5242.5,5242.5,517
2017-05-01,5332.5,5992.5,5291.25,5801.25,5801.25,729
2017-05-02,5883.75,6150.0,5745.0,6026.25,6026.25,715
2017-05-03,6105.0,6105.0,5906.25,6060.0,6060.0,375
2017-05-04,6093.75,6562.5,6030.0,6487.5,6487.5,530
2017-05-05,6592.5,6685.875,6412.5,6525.0,6525.0,654
2017-05-08,6611.25,6732.375,6243.75,6371.25,6371.25,710
2017-05-09,6408.75,6487.5,6191.25,6382.5,6382.5,316
2017-05-10,6427.5,6562.5,6213.75,6258.75,6258.75,349
2017-05-11,6165.0,6431.25,6048.75,6210.0,6210.0,543
2017-05-12,6240.0,6285.75,6018.75,6097.5,6097.5,217
2017-05-15,6015.0,6218.625,5812.5,5940.0,5940.0,296
2017-05-16,5921.25,5988.75,5445.0,5475.0,5475.0,275
2017-05-17,5411.25,5587.5,4905.0,5437.5,5437.5,489
2017-05-18,5403.75,5906.25,5403.75,5568.75,5568.75,86
2017-05-19,5527.5,6000.0,5512.5,5883.75,5883.75,222
2017-05-22,5943.75,6007.5,5733.75,5966.25,5966.25,204
2017-05-23,5846.25,6093.75,5778.75,5985.0,5985.0,179
2017-05-24,5610.0,6093.75,5512.5,5988.75,5988.75,211
2017-05-25,6018.75,6300.0,5970.0,6240.0,6240.0,225
2017-05-26,6356.25,6450.0,6037.5,6120.0,6120.0,315
2017-05-30,6105.0,6335.625,5940.375,6127.5,6127.5,168
2017-05-31,6348.75,6468.75,5681.25,5996.25,5996.25,346
2017-06-01,6000.0,6135.0,5685.0,5981.25,5981.25,260
2017-06-02,6030.0,6213.75,5902.5,5955.0,5955.0,293
2017-06-05,6000.0,6048.75,5838.75,5966.25,5966.25,168
2017-06-06,5966.25,6052.5,5868.75,5996.25,5996.25,135
2017-06-07,6026.25,6086.25,5827.875,6033.75,6033.75,196
2017-06-08,6127.5,6127.5,5844.375,5947.5,5947.5,149
2017-06-09,6000.0,6116.25,5836.875,6022.5,6022.5,122
2017-06-12,6000.0,6041.25,5666.625,5692.5,5692.5,207
2017-06-13,5745.0,5915.625,5583.75,5602.5,5602.5,418
2017-06-14,5587.5,5812.5,5572.5,5610.0,5610.0,364
2017-06-15,5696.25,5773.5,5437.5,5460.0,5460.0,437
2017-06-16,5460.0,5808.75,5460.0,5606.25,5606.25,1597
2017-06-19,5797.5,5797.5,5460.0,5602.5,5602.5,527
2017-06-20,5625.0,5625.0,5517.375,5587.5,5587.5,363
2017-06-21,5587.5,5610.0,5531.25,5568.75,5568.75,207
2017-06-22,5613.75,5617.5,5362.5,5471.25,5471.25,233
2017-06-23,5490.0,5490.0,5182.5,5231.25,5231.25,2576
2017-06-26,5283.75,5362.5,5171.25,5178.75,5178.75,386
2017-06-27,5156.25,5291.25,4593.75,4702.5,4702.5,408
2017-06-28,4706.25,4852.5,4612.5,4732.5,4732.5,225
2017-06-29,4691.25,4844.25,4218.75,4496.25,4496.25,635
2017-06-30,4515.0,4616.25,4297.5,4511.25,4511.25,315
2017-07-03,4515.0,4593.75,4488.75,4545.0,4545.0,163
2017-07-05,4593.75,4728.75,4447.5,4608.75,4608.75,230
2017-07-06,4563.75,4581.375,4361.25,4376.25,4376.25,166
2017-07-07,4342.5,4573.125,4331.25,4398.75,4398.75,220
2017-07-10,4425.0,4507.5,4312.5,4413.75,4413.75,121
2017-07-11,4368.75,4501.875,4031.25,4087.5,4087.5,336
2017-07-12,4121.25,4192.5,3900.0,3941.25,3941.25,487
2017-07-13,3937.5,3978.75,3630.0,3727.5,3727.5,364
2017-07-14,3750.0,3881.25,3750.0,3813.75,3813.75,392
2017-07-17,3813.75,3937.5,3656.25,3761.25,3761.25,499
2017-07-18,3787.5,3922.5,3663.75,3768.75,3768.75,245
2017-07-19,3798.75,3982.5,3751.875,3847.5,3847.5,219
2017-07-20,3847.5,3851.25,3667.5,3750.0,3750.0,275
2017-07-21,3806.25,3906.375,3768.75,3870.0,3870.0,164
2017-07-24,3971.25,4087.5,3808.125,4061.25,4061.25,367
2017-07-25,4087.5,4383.75,3960.0,4185.0,4185.0,530
2017-07-26,4218.75,4312.125,4100.625,4151.25,4151.25,218
2017-07-27,4155.0,4155.0,3956.25,4012.5,4012.5,240
2017-07-28,4031.25,4069.875,3894.375,3975.0,3975.0,121
2017-07-31,3945.0,4170.0,3900.0,4057.5,4057.5,374
2017-08-01,4113.75,4162.5,3862.5,4091.25,4091.25,501
2017-08-02,4121.25,4121.25,3903.75,3960.0,3960.0,105
2017-08-03,3993.75,3993.75,3829.125,3915.0,3915.0,91
2017-08-04,3896.25,4147.5,3843.75,4012.5,4012.5,146
2017-08-07,3963.75,4192.5,3941.25,4162.5,4162.5,82
2017-08-08,4162.5,4248.75,4125.0,4185.0,4185.0,155
2017-08-09,3948.75,4278.75,3918.75,4117.5,4117.5,70
2017-08-10,3997.5,4170.0,3930.0,4125.0,4125.0,123
2017-08-11,4151.25,4275.0,4012.5,4245.0,4245.0,106
2017-08-14,4143.75,4342.5,4143.75,4278.75,4278.75,110
2017-08-15,4320.0,4481.25,4038.75,4428.75,4428.75,95
2017-08-16,4488.75,4646.25,4357.5,4586.25,4586.25,146
2017-08-17,4627.5,4811.25,4522.5,4717.5,4717.5,172
2017-08-18,4635.0,4935.0,4590.0,4882.5,4882.5,233
2017-08-21,5021.25,5295.0,4785.0,5216.25,5216.25,265
2017-08-22,5242.5,5260.875,4837.875,4908.75,4908.75,152
2017-08-23,4976.25,5124.375,4511.25,4635.0,4635.0,251
2017-08-24,4635.0,4923.75,4511.25,4826.25,4826.25,141
2017-08-25,4860.0,5097.75,4796.25,4953.75,4953.75,103
2017-08-28,4912.5,5238.75,4912.5,5047.5,5047.5,270
2017-08-29,4987.5,5058.75,4897.5,4998.75,4998.75,114
2017-08-30,5043.75,5250.0,4995.0,5235.0,5235.0,213
2017-08-31,5250.0,5287.5,5073.75,5216.25,5216.25,148
2017-09-01,5225.25,5251.875,5062.5,5171.25,5171.25,166
2017-09-05,5212.5,5212.5,4957.5,5062.5,5062.5,149
2017-09-06,5025.0,5217.0,4950.0,4991.25,4991.25,89
2017-09-07,4987.5,5085.0,4876.875,4976.25,4976.25,127
2017-09-08,4950.0,4961.25,4665.0,4725.0,4725.0,218
2017-09-11,4762.5,4803.75,4482.0,4575.0,4575.0,151
2017-09-12,4560.0,4560.0,4316.25,4530.0,4530.0,103
2017-09-13,4537.5,4735.5,4368.75,4683.75,4683.75,153
2017-09-14,4650.0,4830.0,4623.75,4781.25,4781.25,397
2017-09-15,4762.5,4845.375,4638.375,4740.0,4740.0,423
2017-09-18,4728.75,5088.75,4672.5,4912.5,4912.5,553
2017-09-19,4912.5,4943.625,4725.0,4770.0,4770.0,124
2017-09-20,4751.25,4830.0,4593.75,4747.5,4747.5,145
2017-09-21,4710.0,4713.75,4177.5,4447.5,4447.5,153
2017-09-22,4413.75,4466.25,4368.75,4376.25,4376.25,68
2017-09-25,4526.25,4526.25,4185.0,4500.0,4500.0,221
2017-09-26,4515.0,4620.0,4481.25,4518.75,4518.75,159
2017-09-27,4560.0,4826.25,4500.0,4665.0,4665.0,153
2017-09-28,4573.5,4780.875,4571.25,4691.25,4691.25,153
2017-09-29,4706.25,4815.0,4597.5,4672.5,4672.5,137
2017-10-02,4635.0,4803.75,4616.25,4732.5,4732.5,166
2017-10-03,4762.5,4879.5,4500.0,4586.25,4586.25,195
2017-10-04,4545.0,4623.75,4466.25,4500.0,4500.0,365
2017-10-05,4563.75,4593.75,4395.0,4425.0,4425.0,138
2017-10-06,4380.0,4408.5,3900.0,3915.0,3915.0,334
2017-10-09,3900.0,4156.875,3900.0,3963.75,3963.75,453
2017-10-10,4005.0,4162.5,3772.5,3840.0,3840.0,910
2017-10-11,3825.0,3873.375,3791.25,3810.0,3810.0,224
2017-10-12,3806.25,3840.0,3697.5,3735.0,3735.0,310
2017-10-13,3731.25,3798.375,3714.375,3742.5,3742.5,244
2017-10-16,3750.0,3772.5,3618.75,3626.25,3626.25,618
2017-10-17,3637.5,3847.5,3637.5,3735.0,3735.0,521
2017-10-18,3750.0,3808.5,3712.5,3750.0,3750.0,643
2017-10-19,3716.25,3765.0,3712.5,3746.25,3746.25,373
2017-10-20,3761.25,3761.25,3712.5,3746.25,3746.25,211
2017-10-23,3750.0,3753.75,3697.5,3742.5,3742.5,598
2017-10-24,3731.25,3757.5,3675.0,3712.5,3712.5,302
2017-10-25,3697.5,3731.25,3562.5,3592.5,3592.5,466
2017-10-26,3588.75,3588.75,3393.75,3461.25,3461.25,915
2017-10-27,4425.0,4425.0,3225.0,3877.5,3877.5,5099
2017-10-30,4143.75,4462.5,3843.75,4173.75,4173.75,2002
2017-10-31,4211.25,4541.25,4031.625,4151.25,4151.25,1234
2017-11-01,4181.25,4331.25,4031.25,4230.0,4230.0,466
2017-11-02,4241.25,4286.25,3948.75,4012.5,4012.5,370
2017-11-03,4053.75,4162.5,3941.25,4035.0,4035.0,381
2017-11-06,4083.75,4098.75,3881.25,4012.5,4012.5,500
2017-11-07,4027.5,4140.0,3983.625,4061.25,4061.25,335
2017-11-08,4083.75,4083.75,3918.75,4020.0,4020.0,310
2017-11-09,4020.0,4104.75,3639.375,3937.5,3937.5,1266
2017-11-10,3941.25,3941.25,3750.0,3888.75,3888.75,374
2017-11-13,3870.0,3885.0,3776.25,3866.25,3866.25,220
2017-11-14,3888.75,3971.25,3768.75,3892.5,3892.5,204
2017-11-15,3900.0,3918.75,3701.25,3735.0,3735.0,692
2017-11-16,3750.0,3836.25,3693.75,3750.0,3750.0,551
2017-11-17,3765.0,3809.625,3708.75,3750.0,3750.0,288
2017-11-20,3746.25,3855.0,3697.5,3817.5,3817.5,139
2017-11-21,3828.75,3937.5,3716.25,3750.0,3750.0,309
2017-11-22,3746.25,3836.25,3716.25,3791.25,3791.25,347
2017-11-24,3795.0,3918.75,3720.0,3873.75,3873.75,238
2017-11-27,3881.25,4496.25,3881.25,4327.5,4327.5,1094
2017-11-28,4327.5,4419.75,4080.0,4241.25,4241.25,391
2017-11-29,4230.0,4537.5,4218.75,4421.25,4421.25,647
2017-11-30,4443.75,4627.5,4357.5,4477.5,4477.5,456
2017-12-01,4466.25,4605.0,4268.25,4470.0,4470.0,372
2017-12-04,4545.0,4571.25,4128.75,4132.5,4132.5,616
2017-12-05,4155.0,4286.25,3975.0,4121.25,4121.25,615
2017-12-06,4106.25,4203.75,3945.0,4008.75,4008.75,261
2017-12-07,3993.75,4102.5,3963.75,3982.5,3982.5,203
2017-12-08,4012.5,4072.5,3978.75,4042.5,4042.5,300
2017-12-11,4065.0,4207.5,3907.5,3937.5,3937.5,639
2017-12-12,3956.25,4110.0,3956.25,4038.75,4038.75,620
2017-12-13,4072.5,4196.25,4031.25,4125.0,4125.0,550
2017-12-14,4162.5,4563.75,4162.5,4455.0,4455.0,945
2017-12-15,4312.5,4458.75,4087.5,4125.0,4125.0,3799
2017-12-18,4162.5,4185.0,3911.25,3956.25,3956.25,730
2017-12-19,3941.25,4027.5,3810.0,3873.75,3873.75,693
2017-12-20,3881.25,3918.75,3798.75,3840.0,3840.0,423
2017-12-21,3810.0,3960.0,3798.75,3885.0,3885.0,281
2017-12-22,3847.5,4106.25,3847.5,4065.0,4065.0,421
2017-12-26,4042.5,4260.0,3971.25,4005.0,4005.0,351
2017-12-27,3982.5,4147.5,3877.5,3975.0,3975.0,195
2017-12-28,4014.75,4076.25,3866.25,4072.5,4072.5,331
2017-12-29,4162.5,4355.625,3806.25,3843.75,3843.75,838
2018-01-02,3877.5,4215.0,3798.75,4177.5,4177.5,542
2018-01-03,4237.5,4387.5,4215.0,4346.25,4346.25,453
2018-01-04,4368.75,4811.25,4361.25,4680.0,4680.0,518
2018-01-05,4650.0,5055.0,4512.0,4601.25,4601.25,870
2018-01-08,4526.25,4590.0,4057.5,4132.5,4132.5,615
2018-01-09,4147.5,4410.0,3956.25,4170.0,4170.0,567
2018-01-10,4147.5,4293.75,4091.25,4237.5,4237.5,221
2018-01-11,4260.0,4441.875,4163.625,4376.25,4376.25,191
2018-01-12,4395.0,4575.0,4331.25,4545.0,4545.0,324
2018-01-16,4582.5,4687.5,4522.5,4623.75,4623.75,442
2018-01-17,4650.0,4650.0,4391.25,4545.0,4545.0,255
2018-01-18,4556.25,4871.25,4395.0,4811.25,4811.25,458
2018-01-19,4796.25,5433.75,4700.625,5295.0,5295.0,624
2018-01-22,5310.0,5497.5,5073.75,5111.25,5111.25,711
2018-01-23,5081.25,5455.875,4972.5,5227.5,5227.5,522
2018-01-24,5250.0,5287.5,4991.25,5261.25,5261.25,367
2018-01-25,5250.0,5433.75,5103.75,5396.25,5396.25,354
2018-01-26,5426.25,5426.25,5017.5,5066.25,5066.25,264
2018-01-29,5085.0,5175.0,4983.75,5032.5,5032.5,186
2018-01-30,5013.75,5079.0,4706.25,4777.5,4777.5,238
2018-01-31,4773.75,5047.5,4747.5,4878.75,4878.75,279
2018-02-01,4882.5,5077.5,4728.75,5021.25,5021.25,347
2018-02-02,4995.0,5017.5,4591.875,4680.0,4680.0,244
2018-02-05,4646.25,4743.75,4445.625,4485.0,4485.0,514
2018-02-06,4481.25,4546.875,4316.25,4488.75,4488.75,465
2018-02-07,4462.5,4717.5,4331.25,4642.5,4642.5,450
2018-02-08,4650.0,4680.0,4308.75,4312.5,4312.5,219
2018-02-09,4357.5,4410.0,4035.0,4263.75,4263.75,500
2018-02-12,4267.5,4443.75,4125.0,4297.5,4297.5,211
2018-02-13,4305.0,4515.0,4215.0,4466.25,4466.25,149
2018-02-14,4421.25,4706.25,4359.0,4590.0,4590.0,258
2018-02-15,4642.5,4665.0,4440.0,4627.5,4627.5,200
2018-02-16,4601.25,4800.0,4599.375,4646.25,4646.25,321
2018-02-20,4597.5,4826.25,4316.25,4365.0,4365.0,489
2018-02-21,4395.0,4643.625,4301.25,4320.0,4320.0,437
2018-02-22,4357.5,4391.25,4068.75,4155.0,4155.0,577
2018-02-23,4200.0,4200.0,4038.75,4076.25,4076.25,290
2018-02-26,4117.5,4248.75,4050.0,4188.75,4188.75,186
2018-02-27,4188.75,4252.5,4068.75,4098.75,4098.75,167
2018-02-28,4106.25,4200.0,4048.125,4087.5,4087.5,195
2018-03-01,4083.75,4245.0,3945.0,4196.25,4196.25,435
2018-03-02,4151.25,4563.75,4151.25,4552.5,4552.5,323
2018-03-05,4507.5,4710.0,4470.0,4676.25,4676.25,202
2018-03-06,4732.5,4826.25,4627.5,4788.75,4788.75,184
2018-03-07,4747.5,4837.5,4683.75,4803.75,4803.75,218
2018-03-08,4826.25,4878.75,4657.5,4770.0,4770.0,376
2018-03-09,4796.25,4875.0,4642.5,4841.25,4841.25,356
2018-03-12,4875.0,5310.0,4751.25,5130.0,5130.0,714
2018-03-13,4875.0,5310.0,4811.25,4860.0,4860.0,396
2018-03-14,4901.25,4929.0,4676.25,4845.0,4845.0,290
2018-03-15,4875.0,5006.25,4807.5,4905.0,4905.0,198
2018-03-16,4897.5,5139.375,4897.5,5115.0,5115.0,404
2018-03-19,5115.0,5156.25,4811.25,4882.5,4882.5,352
2018-03-20,4897.5,4923.75,4635.0,4672.5,4672.5,268
2018-03-21,4695.0,4912.5,4687.5,4777.5,4777.5,222
2018-03-22,4713.75,4788.75,4601.25,4650.0,4650.0,203
2018-03-23,4695.0,4905.0,4657.5,4740.0,4740.0,265
2018-03-26,4818.75,4830.0,4582.5,4766.25,4766.25,170
2018-03-27,4781.25,4845.0,4470.0,4511.25,4511.25,224
2018-03-28,4511.25,4657.5,4342.5,4455.0,4455.0,370
2018-03-29,4473.75,4552.5,4425.0,4443.75,4443.75,169
2018-04-02,4462.5,4462.5,4200.0,4256.25,4256.25,275
2018-04-03,4278.75,4503.75,4181.25,4271.25,4271.25,214
2018-04-04,4233.75,4372.5,4173.75,4286.25,4286.25,299
2018-04-05,4312.5,4340.625,4166.25,4275.0,4275.0,311
2018-04-06,4252.5,4342.5,4038.75,4121.25,4121.25,336
2018-04-09,4158.75,4237.5,4020.0,4083.75,4083.75,245
2018-04-10,4125.0,4147.5,4061.25,4102.5,4102.5,201
2018-04-11,4087.5,4211.25,4053.75,4136.25,4136.25,300
2018-04-12,4151.25,4268.25,4068.75,4132.5,4132.5,295
2018-04-13,4155.0,4218.75,4038.75,4110.0,4110.0,274
2018-04-16,4121.25,4132.5,3825.0,3843.75,3843.75,394
2018-04-17,3877.5,3922.5,3817.5,3832.5,3832.5,231
2018-04-18,3862.5,4106.25,3858.75,4050.0,4050.0,317
2018-04-19,4125.0,4312.5,3922.5,3930.0,3930.0,380
2018-04-20,3896.25,4005.0,3828.75,3903.75,3903.75,237
2018-04-23,3918.75,3941.25,3787.5,3873.75,3873.75,285
2018-04-24,3873.75,4012.5,3750.0,3795.0,3795.0,251
2018-04-25,3847.5,3847.5,3675.0,3693.75,3693.75,298
2018-04-26,3738.75,3757.5,3645.0,3697.5,3697.5,190
2018-04-27,3708.75,3712.5,3525.0,3592.5,3592.5,277
2018-04-30,3633.75,3798.75,3461.25,3468.75,3468.75,223
2018-05-01,3465.0,3596.25,3337.5,3438.75,3438.75,405
2018-05-02,3438.75,3697.5,3412.5,3577.5,3577.5,348
2018-05-03,3577.5,3744.375,3352.5,3461.25,3461.25,359
2018-05-04,3442.5,3521.25,3330.0,3435.0,3435.0,349
2018-05-07,3446.25,3480.0,3412.5,3435.0,3435.0,179
2018-05-08,3427.5,3427.5,3292.125,3363.75,3363.75,279
2018-05-09,3371.25,3461.25,3333.75,3427.5,3427.5,314
2018-05-10,3427.5,3521.25,3360.0,3435.0,3435.0,235
2018-05-11,3427.5,3510.0,3375.0,3472.5,3472.5,371
2018-05-14,3495.0,3690.375,3461.25,3562.5,3562.5,514
2018-05-15,3562.5,3652.5,3480.0,3543.75,3543.75,237
2018-05-16,3615.0,3693.75,3577.5,3686.25,3686.25,615
2018-05-17,3686.25,3750.0,3648.75,3712.5,3712.5,367
2018-05-18,3731.25,3742.5,3532.5,3540.0,3540.0,333
2018-05-21,3558.75,3600.0,3498.75,3540.0,3540.0,210
2018-05-22,3558.75,3607.5,3495.75,3570.0,3570.0,148
2018-05-23,3600.0,3716.25,3570.0,3588.75,3588.75,151
2018-05-24,3592.5,3611.25,3401.25,3446.25,3446.25,231
2018-05-25,3435.0,3487.5,3401.25,3468.75,3468.75,133
2018-05-29,3453.75,3525.0,3401.25,3510.0,3510.0,150
2018-05-30,3525.0,3641.25,3446.25,3528.75,3528.75,268
2018-05-31,3528.75,3675.0,3465.0,3517.5,3517.5,298
2018-06-01,3536.25,3581.25,3453.75,3521.25,3521.25,155
2018-06-04,3528.75,3555.0,3438.75,3528.75,3528.75,96
2018-06-05,3517.5,3648.75,3491.25,3611.25,3611.25,176
2018-06-06,3618.75,3712.5,3607.5,3671.25,3671.25,291
2018-06-07,3686.25,3690.0,3600.0,3660.0,3660.0,224
2018-06-08,3656.25,3712.5,3607.5,3615.0,3615.0,108
2018-06-11,3686.25,3708.75,3528.75,3615.0,3615.0,228
2018-06-12,3603.75,3847.5,3586.875,3798.75,3798.75,298
2018-06-13,3836.25,3866.25,3641.25,3652.5,3652.5,197
2018-06-14,3663.75,3686.25,3483.75,3540.0,3540.0,543
2018-06-15,3532.5,3645.0,3378.75,3416.25,3416.25,517
2018-06-18,3405.0,3461.25,3333.75,3390.0,3390.0,453
2018-06-19,3371.25,3562.5,3367.5,3513.75,3513.75,285
2018-06-20,3528.75,3712.5,3510.0,3581.25,3581.25,364
2018-06-21,3585.0,3663.75,3318.75,3367.5,3367.5,508
2018-06-22,3393.75,3513.75,3281.25,3311.25,3311.25,637
2018-06-25,3281.25,3330.0,3116.25,3198.75,3198.75,737
2018-06-26,3228.75,3468.75,3165.0,3303.75,3303.75,533
2018-06-27,3442.5,3532.5,3318.75,3382.5,3382.5,390
2018-06-28,3375.0,3516.375,3303.75,3476.25,3476.25,590
2018-06-29,3487.5,3532.5,3380.625,3502.5,3502.5,610
2018-07-02,3573.75,3840.0,3487.5,3750.0,3750.0,511
2018-07-03,3810.0,3877.5,3776.25,3780.0,3780.0,278
2018-07-05,3780.0,3862.5,3731.25,3832.5,3832.5,163
2018-07-06,3873.75,3963.75,3632.625,3660.0,3660.0,387
2018-07-09,3671.25,3735.0,3566.25,3633.75,3633.75,231
2018-07-10,3686.25,3742.5,3571.875,3603.75,3603.75,152
2018-07-11,3585.0,3633.75,3487.5,3510.0,3510.0,109
2018-07-12,3528.75,3596.25,3483.75,3585.0,3585.0,106
2018-07-13,3585.0,3675.0,3540.0,3573.75,3573.75,196
2018-07-16,3592.5,3626.25,3412.5,3528.75,3528.75,131
2018-07-17,3517.5,3622.5,3506.25,3517.5,3517.5,149
2018-07-18,3510.0,3513.75,3378.75,3423.75,3423.75,346
2018-07-19,3412.5,3571.875,3405.0,3450.0,3450.0,199
2018-07-20,3468.75,3528.75,3393.75,3517.5,3517.5,140
2018-07-23,3495.0,3712.5,3453.75,3577.5,3577.5,665
2018-07-24,3607.5,3627.0,3420.375,3483.75,3483.75,310
2018-07-25,3468.75,3483.75,3367.5,3427.5,3427.5,194
2018-07-26,3397.5,3446.25,3305.625,3341.25,3341.25,375
2018-07-27,3367.5,3386.25,3150.0,3236.25,3236.25,326
2018-07-30,3277.5,3367.5,3236.25,3281.25,3281.25,159
2018-07-31,3322.5,3502.5,3243.75,3468.75,3468.75,175
2018-08-01,3442.5,3510.0,3390.0,3408.75,3408.75,167
2018-08-02,3401.25,3401.25,3318.75,3348.75,3348.75,74
2018-08-03,3352.5,3352.5,3262.5,3315.0,3315.0,100
2018-08-06,3311.25,3363.75,3273.75,3288.75,3288.75,84
2018-08-07,3281.25,3356.25,3187.5,3191.25,3191.25,296
2018-08-08,3206.25,3356.25,3206.25,3303.75,3303.75,309
2018-08-09,3288.75,3468.75,3281.25,3408.75,3408.75,259
2018-08-10,3401.25,3505.5,3350.625,3397.5,3397.5,162
2018-08-13,3393.75,3472.5,3356.25,3367.5,3367.5,110
2018-08-14,3375.0,3461.25,3337.5,3420.0,3420.0,168
2018-08-15,3405.0,3405.0,3225.0,3232.5,3232.5,187
2018-08-16,3262.5,3281.25,3187.5,3198.75,3198.75,264
2018-08-17,3187.5,3232.5,3007.5,3041.25,3041.25,497
2018-08-20,3033.75,3187.5,2820.0,3168.75,3168.75,590
2018-08-21,3172.5,3352.5,3142.5,3247.5,3247.5,536
2018-08-22,3273.75,3378.75,3236.25,3360.0,3360.0,185
2018-08-23,3446.25,3532.5,3251.25,3315.0,3315.0,538
2018-08-24,3337.5,3438.75,3337.5,3375.0,3375.0,131
2018-08-27,3375.0,3393.75,3037.5,3116.25,3116.25,602
2018-08-28,3116.25,3228.75,3075.0,3198.75,3198.75,249
2018-08-29,3195.0,3273.75,3108.75,3146.25,3146.25,205
2018-08-30,3450.0,3543.75,3288.75,3483.75,3483.75,1222
2018-08-31,3525.0,3686.25,3412.5,3656.25,3656.25,837
2018-09-04,3761.25,4125.0,3592.5,4098.75,4098.75,1764
2018-09-05,4125.0,4282.5,4012.5,4181.25,4181.25,1131
2018-09-06,4166.25,4290.0,3986.25,4267.5,4267.5,485
2018-09-07,4293.75,4402.5,4041.0,4143.75,4143.75,964
2018-09-10,4196.25,4664.625,4155.0,4593.75,4593.75,1075
2018-09-11,4593.75,4661.25,4406.25,4507.5,4507.5,697
2018-09-12,4500.0,4680.0,4443.75,4593.75,4593.75,615
2018-09-13,4593.75,4683.75,4500.0,4530.0,4530.0,612
2018-09-14,4511.25,4627.5,4428.75,4477.5,4477.5,575
2018-09-17,4458.75,4548.75,4035.0,4125.0,4125.0,886
2018-09-18,4125.0,4361.25,4051.875,4286.25,4286.25,530
2018-09-19,4275.0,4593.75,4256.25,4563.75,4563.75,826
2018-09-20,4788.75,5122.5,4687.5,5073.75,5073.75,2309
2018-09-21,5081.25,5203.125,4890.0,5107.5,5107.5,2597
2018-09-24,5107.5,5197.5,4976.625,5160.0,5160.0,648
2018-09-25,5186.25,5242.5,5066.25,5130.0,5130.0,664
2018-09-26,5111.25,5587.5,4968.75,5358.75,5358.75,717
2018-09-27,5343.75,5883.75,5343.75,5625.0,5625.0,1473
2018-09-28,5685.0,5925.0,5546.25,5846.25,5846.25,822
2018-10-01,5925.0,5925.0,5662.5,5910.0,5910.0,851
2018-10-02,5925.0,5925.0,5463.75,5771.25,5771.25,1211
2018-10-03,5692.5,5741.25,4522.5,4980.0,4980.0,2362
2018-10-04,4961.25,5088.75,4702.5,4796.25,4796.25,1273
2018-10-05,4815.0,4905.0,4541.25,4777.5,4777.5,797
2018-10-08,4807.5,4920.0,4575.375,4762.5,4762.5,447
2018-10-09,4770.0,5422.5,4722.375,5280.0,5280.0,2377
2018-10-10,5370.0,5411.25,4803.75,4845.0,4845.0,1222
2018-10-11,4875.0,5070.0,4672.5,4762.5,4762.5,858
2018-10-12,4946.25,5021.25,4743.75,4803.75,4803.75,702
2018-10-15,4800.0,4875.0,4635.0,4788.75,4788.75,512
2018-10-16,4803.75,5122.5,4747.5,5040.0,5040.0,453
2018-10-17,5043.75,5062.5,4845.0,4950.0,4950.0,283
2018-10-18,4912.5,4968.75,4655.25,4751.25,4751.25,326
2018-10-19,4740.0,4905.0,4387.5,4436.25,4436.25,556
2018-10-22,4368.75,4530.0,4226.25,4383.75,4383.75,401
2018-10-23,4308.75,4425.0,4192.5,4267.5,4267.5,585
2018-10-24,4267.5,4404.0,3675.0,3757.5,3757.5,903
2018-10-25,3798.75,4005.0,3772.5,3971.25,3971.25,511
2018-10-26,3873.75,4147.5,3825.0,4016.25,4016.25,262
2018-10-29,4102.5,4155.0,3843.75,3881.25,3881.25,349
2018-10-30,3813.75,4035.0,3787.5,3986.25,3986.25,307
2018-10-31,4050.0,4083.75,3896.25,3922.5,3922.5,333
2018-11-01,3956.25,4338.75,3915.0,4241.25,4241.25,284
2018-11-02,4301.25,4473.75,4095.0,4365.0,4365.0,263
2018-11-05,4395.0,4418.625,4200.0,4305.0,4305.0,183
2018-11-06,4305.0,4395.0,4215.0,4376.25,4376.25,245
2018-11-07,4428.75,4586.25,4395.0,4522.5,4522.5,514
2018-11-08,4428.75,4736.25,4200.0,4612.5,4612.5,326
2018-11-09,4837.5,5062.5,4503.75,4905.0,4905.0,492
2018-11-12,4923.75,4923.75,4237.5,4353.75,4353.75,608
2018-11-13,4421.25,4725.0,4421.25,4567.5,4567.5,310
2018-11-14,4642.5,4711.125,4211.25,4451.25,4451.25,537
2018-11-15,4443.75,4710.0,4443.75,4627.5,4627.5,267
2018-11-16,4563.75,4736.25,4338.75,4646.25,4646.25,273
2018-11-19,4683.75,4695.0,4387.5,4432.5,4432.5,242
2018-11-20,4417.5,4548.75,4323.75,4376.25,4376.25,432
2018-11-21,4421.25,4578.75,4398.75,4500.0,4500.0,165
2018-11-23,4410.0,4635.0,4226.25,4263.75,4263.75,263
2018-11-26,4226.25,4473.75,4226.25,4380.0,4380.0,250
2018-11-27,4301.25,4387.5,4237.5,4320.0,4320.0,153
2018-11-28,4383.75,4601.25,4213.125,4530.0,4530.0,293
2018-11-29,4477.5,4710.0,4356.0,4646.25,4646.25,190
2018-11-30,4657.5,4875.0,4645.125,4837.5,4837.5,243
2018-12-03,4968.75,5126.25,4875.0,5120.625,5120.625,468
2018-12-04,5062.5,5531.25,5062.5,5186.25,5186.25,612
2018-12-06,5092.5,5220.0,4612.125,4972.5,4972.5,481
2018-12-07,5036.25,5070.0,4811.25,4845.0,4845.0,147
2018-12-10,4800.0,4848.75,4681.5,4766.25,4766.25,255
2018-12-11,4856.25,5383.5,4623.75,4807.5,4807.5,206
2018-12-12,4136.25,4488.75,4087.5,4211.25,4211.25,2782
2018-12-13,3885.0,3975.0,3528.75,3731.25,3731.25,8359
2018-12-14,3611.25,3750.0,3375.0,3423.75,3423.75,2303
2018-12-17,3431.25,3626.25,3243.75,3281.25,3281.25,995
2018-12-18,3337.5,3405.0,3003.75,3082.5,3082.5,835
2018-12-19,3116.25,3285.0,3011.25,3123.75,3123.75,895
2018-12-20,3131.25,3172.5,2707.5,2801.25,2801.25,1499
2018-12-21,2816.25,2831.25,2568.75,2636.25,2636.25,1187
2018-12-24,2553.75,2823.75,2426.25,2703.75,2703.75,925
2018-12-26,2718.75,2880.0,2673.75,2823.75,2823.75,1102
2018-12-27,2775.0,2898.75,2587.5,2658.75,2658.75,1238
2018-12-28,2688.75,3131.25,2621.25,2981.25,2981.25,1243
2018-12-31,3000.0,3093.75,2943.75,3078.75,3078.75,614
2019-01-02,3000.0,3255.0,2962.5,3191.25,3191.25,374
2019-01-03,3198.75,3315.0,3135.0,3240.0,3240.0,465
2019-01-04,3300.0,3408.75,3281.25,3341.25,3341.25,465
2019-01-07,3442.5,3532.5,3367.5,3483.75,3483.75,477
2019-01-08,3502.5,3540.0,3303.75,3483.75,3483.75,508
2019-01-09,3506.25,3702.0,3337.5,3543.75,3543.75,455
2019-01-10,3487.5,3570.0,3378.375,3502.5,3502.5,206
2019-01-11,3480.0,3586.875,3303.75,3476.25,3476.25,467
2019-01-14,3435.0,3468.75,3251.25,3255.0,3255.0,342
2019-01-15,3285.0,3397.5,3228.75,3345.0,3345.0,315
2019-01-16,3337.5,3431.25,3170.625,3187.5,3187.5,475
2019-01-17,3176.25,3318.75,3150.0,3210.0,3210.0,306
2019-01-18,3281.25,3551.25,3273.75,3322.5,3322.5,514
2019-01-22,3300.0,3363.75,3206.25,3273.75,3273.75,370
2019-01-23,3281.25,3412.5,3176.25,3348.75,3348.75,486
2019-01-24,3356.25,3487.5,3285.0,3300.0,3300.0,334
2019-01-25,3322.5,3806.25,3266.25,3757.5,3757.5,663
2019-01-28,3716.25,3843.75,3574.875,3750.0,3750.0,427
2019-01-29,3750.0,4057.5,3663.75,3971.25,3971.25,772
2019-01-30,3967.5,4162.5,3847.5,4076.25,4076.25,435
2019-01-31,4065.0,4252.5,4065.0,4222.5,4222.5,436
2019-02-01,4215.0,4372.5,4158.75,4233.75,4233.75,512
2019-02-04,4226.25,4297.5,4159.125,4230.0,4230.0,277
2019-02-05,4237.5,4365.0,4177.5,4215.0,4215.0,359
2019-02-06,4166.25,4256.25,4065.0,4151.25,4151.25,691
2019-02-07,4117.5,4147.5,3975.0,4110.0,4110.0,293
2019-02-08,4106.25,4125.0,3952.5,4068.75,4068.75,329
2019-02-11,4098.75,4166.25,4035.0,4128.75,4128.75,397
2019-02-12,4173.75,4173.75,4027.5,4106.25,4106.25,234
2019-02-13,4128.75,4143.75,3997.5,4083.75,4083.75,255
2019-02-14,4076.25,4121.25,4001.25,4068.75,4068.75,192
2019-02-15,4083.75,4162.5,4053.75,4113.75,4113.75,264
2019-02-19,4117.5,4173.75,4031.25,4072.5,4072.5,258
2019-02-20,4076.25,4143.75,3862.5,3892.5,3892.5,378
2019-02-21,3892.5,4038.75,3892.5,3937.5,3937.5,280
2019-02-22,3937.5,4125.0,3922.5,4095.0,4095.0,461
2019-02-25,4140.0,4215.0,4110.0,4125.0,4125.0,480
2019-02-26,4125.0,4162.5,4061.25,4117.5,4117.5,509
2019-02-27,4117.5,4398.75,4068.75,4215.0,4215.0,541
2019-02-28,3817.5,4192.5,3783.75,4095.0,4095.0,778
2019-03-01,4117.5,4256.25,4106.25,4125.0,4125.0,566
2019-03-04,4125.0,4368.75,4068.75,4365.0,4365.0,647
2019-03-05,4278.75,4500.0,4222.5,4323.75,4323.75,481
2019-03-06,4297.5,4301.25,4140.0,4151.25,4151.25,501
2019-03-07,4065.0,4098.75,3986.25,4053.75,4053.75,481
2019-03-08,3975.0,4020.0,3825.0,3881.25,3881.25,433
2019-03-11,3885.0,3937.5,3697.5,3810.0,3810.0,711
2019-03-12,3832.5,4064.25,3785.625,3990.0,3990.0,731
2019-03-13,3993.75,4128.75,3892.5,3978.75,3978.75,651
2019-03-14,3978.75,3995.625,3886.875,3930.0,3930.0,196
2019-03-15,3922.5,4042.5,3836.25,3896.25,3896.25,1063
2019-03-18,3903.75,4098.75,3840.0,4050.0,4050.0,559
2019-03-19,4050.0,4140.0,3982.5,4027.5,4027.5,206
2019-03-20,4027.5,4237.5,4012.5,4095.0,4095.0,494
2019-03-21,4046.25,4177.5,3975.0,4128.75,4128.75,464
2019-03-22,4121.25,4121.25,3896.25,3896.25,3896.25,371
2019-03-25,3840.0,3896.25,3720.0,3791.25,3791.25,314
2019-03-26,3817.5,3952.5,3806.25,3941.25,3941.25,190
2019-03-27,3937.5,3975.0,3800.25,3888.75,3888.75,225
2019-03-28,3892.5,4050.0,3892.5,3945.0,3945.0,178
2019-03-29,4027.5,4095.0,3922.5,4076.25,4076.25,383
2019-04-01,4102.5,4106.25,3915.0,4038.75,4038.75,439
2019-04-02,4042.5,4140.0,4042.5,4098.75,4098.75,463
2019-04-03,4110.0,4142.625,4027.5,4072.5,4072.5,244
2019-04-04,4072.5,4125.0,4001.25,4087.5,4087.5,231
2019-04-05,4121.25,4170.0,4065.0,4125.0,4125.0,249
2019-04-08,4125.0,4132.5,4050.0,4068.75,4068.75,326
2019-04-09,4068.75,4091.25,3915.0,3915.0,3915.0,222
2019-04-10,3915.0,3986.25,3881.25,3896.25,3896.25,250
2019-04-11,3885.0,3903.75,3810.0,3847.5,3847.5,210
2019-04-12,3851.25,3888.75,3817.5,3847.5,3847.5,257
2019-04-15,3821.25,3856.125,3693.75,3727.5,3727.5,340
2019-04-16,3723.75,3795.0,3315.0,3390.0,3390.0,1017
2019-04-17,3412.5,3412.5,3187.5,3247.5,3247.5,718
2019-04-18,3243.75,3371.25,3157.5,3176.25,3176.25,518
2019-04-22,3262.5,3312.75,3217.5,3243.75,3243.75,458
2019-04-23,3236.25,3288.75,3187.5,3217.5,3217.5,530
2019-04-24,3232.5,3262.5,3131.25,3195.0,3195.0,654
2019-04-25,3210.0,3468.75,3195.0,3423.75,3423.75,770
2019-04-26,3517.5,3945.0,3517.5,3900.0,3900.0,2430
2019-04-29,3885.0,4065.0,3750.0,3870.0,3870.0,597
2019-04-30,3862.5,3866.25,3611.25,3705.0,3705.0,719
2019-05-01,3712.5,3735.0,3592.5,3656.25,3656.25,290
2019-05-02,3648.75,3731.25,3645.0,3675.0,3675.0,379
2019-05-03,3712.5,3832.5,3633.75,3780.0,3780.0,405
2019-05-06,3693.75,3825.0,3693.75,3742.5,3742.5,464
2019-05-07,3723.75,3735.0,3562.5,3663.75,3663.75,664
2019-05-08,3663.75,4080.0,3487.125,3975.0,3975.0,1089
2019-05-09,3945.0,3970.875,3723.75,3761.25,3761.25,327
2019-05-10,3577.5,3668.25,3474.375,3495.0,3495.0,496
2019-05-13,3472.5,3483.75,3290.625,3307.5,3307.5,629
2019-05-14,3318.75,3431.25,3300.0,3348.75,3348.75,696
2019-05-15,3315.0,3386.25,3255.0,3318.75,3318.75,383
2019-05-16,3341.25,3397.5,3262.5,3330.0,3330.0,423
2019-05-17,3307.5,3476.25,3266.25,3330.0,3330.0,409
2019-05-20,3311.25,3450.0,3296.25,3367.5,3367.5,511
2019-05-21,3382.5,3442.5,3228.75,3307.5,3307.5,1537
2019-05-22,2610.0,2610.0,2010.0,2028.75,2028.75,8787
2019-05-23,1972.5,1987.5,1650.0,1721.25,1721.25,5100
2019-05-24,1728.75,1860.0,1612.5,1721.25,1721.25,2046
2019-05-28,1721.25,1773.0,1548.75,1620.0,1620.0,1563
2019-05-29,1631.25,1642.5,1556.25,1582.5,1582.5,1028
2019-05-30,1691.25,2047.5,1582.5,1920.0,1920.0,3497
2019-05-31,1897.5,1931.25,1803.75,1908.75,1908.75,1163
2019-06-03,1920.0,1942.5,1687.5,1706.25,1706.25,1280
2019-06-04,1905.0,1920.0,1758.75,1852.5,1852.5,1324
2019-06-05,1811.25,1902.0,1773.75,1871.25,1871.25,665
2019-06-06,1856.25,1887.375,1781.25,1830.0,1830.0,497
2019-06-07,1822.5,2062.5,1789.875,1998.75,1998.75,779
2019-06-10,1998.75,2032.5,1923.75,1938.75,1938.75,531
2019-06-11,1953.75,1987.5,1912.5,1920.0,1920.0,497
2019-06-12,1931.25,2388.75,1931.25,2227.5,2227.5,2427
2019-06-13,2231.25,2437.5,2212.5,2332.5,2332.5,1647
2019-06-14,2317.5,2325.0,2125.125,2171.25,2171.25,581
2019-06-17,2193.75,2246.25,2130.0,2171.25,2171.25,765
2019-06-18,2182.5,2338.125,2175.0,2291.25,2291.25,548
2019-06-19,2313.75,2422.5,2272.5,2403.75,2403.75,571
2019-06-20,2433.75,2456.25,2235.0,2265.0,2265.0,859
2019-06-21,2261.25,2313.75,2156.25,2276.25,2276.25,741
2019-06-24,2280.0,2343.75,2193.75,2197.5,2197.5,496
2019-06-25,2216.25,2508.75,2175.0,2377.5,2377.5,1128
2019-06-26,2388.75,2505.0,2298.75,2411.25,2411.25,502
2019-06-27,2418.75,2460.0,2332.5,2418.75,2418.75,331
2019-06-28,2415.0,2527.5,2355.375,2505.0,2505.0,1057
2019-07-01,2538.75,2538.75,2343.75,2403.75,2403.75,580
2019-07-02,2403.75,2429.25,2167.5,2295.0,2295.0,655
2019-07-03,2306.25,2317.5,2253.75,2291.25,2291.25,102
2019-07-05,2291.25,2340.0,2231.25,2310.0,2310.0,227
2019-07-08,2317.5,2343.75,2250.0,2321.25,2321.25,290
2019-07-09,2321.25,2328.75,2216.25,2250.0,2250.0,371
2019-07-10,2261.25,2328.75,2167.5,2216.25,2216.25,459
2019-07-11,2220.0,2227.5,2145.0,2167.5,2167.5,430
2019-07-12,2175.0,2257.5,2137.5,2223.75,2223.75,319
2019-07-15,2223.75,2223.75,2137.5,2171.25,2171.25,746
2019-07-16,2171.25,2310.0,2133.75,2231.25,2231.25,519
2019-07-17,2220.0,2242.5,2130.0,2223.75,2223.75,417
2019-07-18,2223.75,2238.75,2169.375,2201.25,2201.25,175
2019-07-19,2193.75,2238.0,2115.0,2133.75,2133.75,274
2019-07-22,2137.5,2156.25,2062.5,2070.0,2070.0,699
2019-07-23,2062.5,2107.5,1972.5,2002.5,2002.5,452
2019-07-24,1995.0,2122.5,1972.5,2118.75,2118.75,322
2019-07-25,2118.75,2152.5,2006.25,2028.75,2028.75,253
2019-07-26,2055.0,2088.75,1991.25,2047.5,2047.5,366
2019-07-29,2051.25,2055.0,1938.75,1946.25,1946.25,314
2019-07-30,1931.25,2035.125,1878.75,2021.25,2021.25,621
2019-07-31,2036.25,2111.25,1987.5,1995.0,1995.0,393
2019-08-01,1995.0,2021.25,1920.0,1935.0,1935.0,338
2019-08-02,1965.0,1965.0,1875.0,1957.5,1957.5,548
2019-08-05,1901.25,1915.125,1758.75,1773.75,1773.75,859
2019-08-06,1777.5,1826.25,1668.75,1713.75,1713.75,590
2019-08-07,1680.0,1807.5,1635.0,1800.0,1800.0,537
2019-08-08,1807.5,1938.75,1710.0,1905.0,1905.0,689
2019-08-09,2025.0,2025.0,1740.0,1773.75,1773.75,585
2019-08-12,1755.0,1773.75,1668.75,1766.25,1766.25,333
2019-08-13,1766.25,1792.5,1665.0,1695.0,1695.0,392
2019-08-14,1665.0,1687.5,1545.0,1612.5,1612.5,543
2019-08-15,1627.5,1668.75,1575.0,1635.0,1635.0,366
2019-08-16,1642.5,1702.5,1567.5,1695.0,1695.0,701
2019-08-19,1717.5,1785.0,1680.0,1777.5,1777.5,281
2019-08-20,1781.25,1817.25,1698.75,1777.5,1777.5,272
2019-08-21,1800.0,1841.25,1766.25,1796.25,1796.25,331
2019-08-22,1792.5,1800.0,1668.75,1687.5,1687.5,551
2019-08-23,1672.5,1691.25,1545.0,1552.5,1552.5,531
2019-08-26,1593.75,1593.75,1380.0,1451.25,1451.25,1055
2019-08-27,1481.25,1556.25,1335.0,1338.75,1338.75,714
2019-08-28,1335.0,1383.75,1203.75,1378.125,1378.125,848
2019-08-29,1406.25,1451.25,1297.5,1305.0,1305.0,542
2019-08-30,1305.0,1312.5,1173.75,1218.75,1218.75,1451
2019-09-03,1203.75,1286.25,1089.375,1282.5,1282.5,1309
2019-09-04,1297.5,1297.5,1132.5,1140.0,1140.0,941
2019-09-05,1140.0,1193.25,1121.25,1125.0,1125.0,755
2019-09-06,1128.75,1233.75,1123.125,1185.0,1185.0,633
2019-09-09,1192.5,1308.75,1166.25,1286.25,1286.25,466
2019-09-10,1286.25,1410.0,1268.625,1406.25,1406.25,1396
2019-09-11,1417.5,1668.75,1410.0,1567.5,1567.5,1271
2019-09-12,281.625,382.5,274.875,348.75,348.75,40071
2019-09-13,337.875,420.0,337.5,386.25,386.25,15871
2019-09-16,390.0,408.75,345.0,354.75,354.75,5156
2019-09-17,360.0,363.75,326.25,333.375,333.375,3623
2019-09-18,339.0,346.875,307.5,318.75,318.75,3541
2019-09-19,311.25,320.625,293.25,303.75,303.75,3265
2019-09-20,297.0,305.625,285.0,286.5,286.5,2435
2019-09-23,288.0,307.5,285.0,303.0,303.0,4335
2019-09-24,300.0,300.0,270.0,277.5,277.5,3351
2019-09-25,281.25,281.25,258.75,265.125,265.125,3669
2019-09-26,268.125,269.625,243.75,248.25,248.25,1805
2019-09-27,255.0,262.5,240.375,251.625,251.625,1620
2019-09-30,255.0,255.0,226.125,248.25,248.25,2049
2019-10-01,242.625,246.0,228.75,230.25,230.25,814
2019-10-02,231.0,238.5,206.25,219.375,219.375,1561
2019-10-03,218.625,269.25,217.5,262.5,262.5,3119
2019-10-04,251.625,266.25,225.0,239.625,239.625,1533
2019-10-07,237.375,247.875,225.0,247.875,247.875,1306
2019-10-08,243.0,246.75,226.875,233.625,233.625,1220
2019-10-09,236.25,251.25,232.5,233.625,233.625,1799
2019-10-10,227.25,238.125,206.25,210.375,210.375,2529
2019-10-11,206.25,224.625,198.75,213.0,213.0,1086
2019-10-14,198.75,213.75,198.75,207.375,207.375,687
2019-10-15,210.375,221.25,202.5,210.0,210.0,527
2019-10-16,208.875,241.875,207.0,228.75,228.75,1799
2019-10-17,228.75,240.0,213.75,223.5,223.5,1035
2019-10-18,217.5,228.75,210.75,221.25,221.25,511
2019-10-21,228.75,243.375,221.25,243.375,243.375,772
2019-10-22,239.625,254.625,221.25,225.0,225.0,1079
2019-10-23,225.0,233.625,217.5,226.5,226.5,381
2019-10-24,227.625,241.5,225.0,240.0,240.0,661
2019-10-25,251.25,260.25,228.75,247.5,247.5,1092
2019-10-28,247.5,296.25,247.5,268.875,268.875,1721
2019-10-29,264.0,291.375,250.125,274.125,274.125,1070
2019-10-30,281.25,281.25,243.75,257.625,257.625,806
2019-10-31,256.125,262.5,232.875,236.625,236.625,444
2019-11-01,240.0,257.625,234.375,243.375,243.375,552
2019-11-04,237.375,253.875,237.375,248.625,248.625,279
2019-11-05,255.0,255.0,236.25,242.25,242.25,353
2019-11-06,239.625,253.5,234.375,245.25,245.25,459
2019-11-07,247.5,262.5,238.875,246.75,246.75,928
2019-11-08,244.125,258.0,233.25,238.125,238.125,469
2019-11-11,236.25,250.125,232.5,234.0,234.0,648
2019-11-12,236.25,255.0,232.5,239.625,239.625,733
2019-11-13,232.5,240.0,225.0,232.125,232.125,653
2019-11-14,222.0,236.25,219.75,225.375,225.375,370
2019-11-15,225.0,228.75,217.5,223.5,223.5,349
2019-11-18,221.25,225.0,210.0,215.25,215.25,493
2019-11-19,217.5,218.625,210.375,217.875,217.875,369
2019-11-20,221.25,248.625,207.375,236.25,236.25,1337
2019-11-21,228.75,296.25,210.0,232.5,232.5,2135
2019-11-22,225.0,281.25,225.0,280.875,280.875,2552
2019-11-25,288.375,288.375,236.625,240.0,240.0,2618
2019-11-26,232.5,243.75,220.5,240.0,240.0,999
2019-11-27,240.0,247.5,230.625,243.0,243.0,586
2019-11-29,234.375,247.5,229.5,245.625,245.625,281
2019-12-02,247.5,247.5,225.0,228.0,228.0,457
2019-12-03,228.75,251.25,228.75,241.125,241.125,1430
2019-12-04,240.0,247.5,230.625,238.125,238.125,623
2019-12-05,234.375,243.75,225.0,232.5,232.5,877
2019-12-06,229.875,243.75,228.75,239.625,239.625,494
2019-12-09,238.125,244.5,228.75,232.875,232.875,1105
2019-12-10,228.75,242.625,225.0,228.75,228.75,828
2019-12-11,227.625,281.25,227.625,270.75,270.75,6646
2019-12-12,258.75,258.75,172.5,199.125,199.125,10125
2019-12-13,198.75,213.75,198.75,205.125,205.125,2628
2019-12-16,213.375,213.375,180.0,184.5,184.5,4237
2019-12-17,184.5,187.5,166.875,166.875,166.875,1936
2019-12-18,159.375,176.25,158.25,169.875,169.875,1416
2019-12-19,168.75,171.375,161.25,166.125,166.125,1255
2019-12-20,164.25,195.0,161.25,194.25,194.25,3061
2019-12-23,188.625,194.25,172.875,176.625,176.625,1873
2019-12-24,176.625,181.5,174.375,176.25,176.25,851
2019-12-26,173.25,202.5,172.5,196.5,196.5,2657
2019-12-27,200.625,202.5,184.125,191.625,191.625,1283
2019-12-30,191.625,201.375,186.375,190.125,190.125,1433
2019-12-31,184.125,204.75,184.125,199.875,199.875,1318
2020-01-02,206.25,206.25,187.5,198.75,198.75,820
2020-01-03,195.0,202.5,189.0,201.0,201.0,405
2020-01-06,203.625,218.625,195.0,217.5,217.5,4623
2020-01-07,221.25,228.75,201.0,202.5,202.5,2209
2020-01-08,202.875,206.25,189.375,195.0,195.0,1009
2020-01-09,202.5,202.5,183.0,195.375,195.375,935
2020-01-10,200.625,200.625,190.125,192.375,192.375,527
2020-01-13,192.375,192.375,187.5,190.875,190.875,793
2020-01-14,202.5,228.75,191.25,221.25,221.25,3939
2020-01-15,221.25,222.375,195.375,200.625,200.625,2484
2020-01-16,206.25,224.625,204.0,211.5,211.5,1980
2020-01-17,213.75,236.25,210.0,226.125,226.125,1895
2020-01-21,232.125,266.25,225.0,229.875,229.875,2802
2020-01-22,236.25,255.75,221.25,221.625,221.625,1292
2020-01-23,210.0,223.125,210.0,216.75,216.75,669
2020-01-24,218.25,226.5,210.0,211.125,211.125,579
2020-01-27,217.5,217.5,198.75,202.5,202.5,859
2020-01-28,202.5,202.5,191.625,202.5,202.5,496
2020-01-29,201.375,202.5,191.25,195.375,195.375,441
2020-01-30,195.0,198.75,187.5,192.375,192.375,647
2020-01-31,190.125,195.0,180.0,187.5,187.5,517
2020-02-03,183.75,187.125,161.25,183.75,183.75,653
2020-02-04,178.125,196.5,178.125,195.0,195.0,523
2020-02-05,196.875,201.375,191.25,192.375,192.375,226
2020-02-06,191.25,193.125,182.25,184.125,184.125,783
2020-02-07,183.75,189.0,180.0,182.25,182.25,613
2020-02-10,187.5,187.5,161.25,174.375,174.375,760
2020-02-11,176.625,191.25,168.75,184.875,184.875,1447
2020-02-12,187.5,187.875,172.5,175.875,175.875,866
2020-02-13,176.625,179.625,169.125,172.875,172.875,447
2020-02-14,174.75,183.75,165.0,181.5,181.5,901
2020-02-18,182.25,206.25,174.75,204.0,204.0,1398
2020-02-19,202.125,202.125,172.875,181.875,181.875,1654
2020-02-20,300.0,338.625,236.25,337.5,337.5,48658
2020-02-21,315.0,881.25,281.625,712.5,712.5,137194
2020-02-24,768.75,967.5,682.5,783.75,783.75,58655
2020-02-25,746.25,765.0,611.25,663.75,663.75,13463
2020-02-26,645.0,686.25,540.0,637.5,637.5,7651
2020-02-27,615.0,633.375,543.75,603.75,603.75,4037
2020-02-28,611.25,611.25,532.5,532.5,532.5,3571
2020-03-02,547.5,723.75,487.5,718.125,718.125,5328
2020-03-03,652.5,780.0,600.0,622.5,622.5,5198
2020-03-04,630.0,780.0,630.0,723.75,723.75,6890
2020-03-05,693.75,738.75,641.25,690.0,690.0,2564
2020-03-06,675.0,1125.0,656.25,1080.0,1080.0,17551
2020-03-09,900.0,918.75,675.0,791.25,791.25,6656
2020-03-10,735.0,810.0,630.0,645.0,645.0,2476
2020-03-11,630.0,660.0,547.5,581.25,581.25,2364
2020-03-12,536.25,656.25,517.5,603.75,603.75,2646
2020-03-13,615.0,667.5,566.25,615.0,615.0,2424
2020-03-16,543.75,641.25,517.5,592.5,592.5,1961
2020-03-17,600.0,697.5,491.25,618.75,618.75,2695
2020-03-18,562.5,633.75,517.5,562.5,562.5,1442
2020-03-19,536.25,596.25,525.0,566.25,566.25,1058
2020-03-20,566.25,600.0,502.5,532.5,532.5,1098
2020-03-23,540.0,540.0,435.0,476.25,476.25,1166
2020-03-24,491.25,536.25,487.5,532.5,532.5,1022
2020-03-25,502.5,600.0,502.5,562.5,562.5,1175
2020-03-26,566.25,596.25,491.25,536.25,536.25,938
2020-03-27,528.75,532.5,487.5,487.5,487.5,886
2020-03-30,487.5,516.75,435.0,435.0,435.0,1241
2020-03-31,450.0,480.0,438.75,457.5,457.5,640
2020-04-01,450.0,453.75,375.0,375.0,375.0,1013
2020-04-02,375.0,414.0,370.875,386.25,386.25,839
2020-04-03,386.25,401.25,346.875,356.25,356.25,866
2020-04-06,356.25,393.75,356.25,386.25,386.25,683
2020-04-07,397.5,408.75,358.125,358.125,358.125,728
2020-04-08,369.0,427.5,363.75,386.25,386.25,950
2020-04-09,393.75,426.75,393.75,412.5,412.5,633
2020-04-13,427.5,431.25,397.5,412.5,412.5,608
2020-04-14,431.25,577.5,425.625,487.5,487.5,3788
2020-04-15,525.0,570.0,461.25,483.75,483.75,2138
2020-04-16,487.5,510.0,461.25,480.0,480.0,1039
2020-04-17,483.75,487.5,453.75,480.0,480.0,771
2020-04-20,461.25,495.0,442.5,450.0,450.0,939
2020-04-21,446.25,459.375,420.0,427.5,427.5,862
2020-04-22,431.25,461.25,423.75,446.25,446.25,684
2020-04-23,453.75,468.75,423.75,435.0,435.0,731
2020-04-24,438.75,487.5,423.75,472.5,472.5,878
2020-04-27,472.5,476.25,435.0,442.5,442.5,743
2020-04-28,450.0,465.0,431.25,435.0,435.0,1887
2020-04-29,438.75,502.5,438.75,468.75,468.75,2949
2020-04-30,453.75,468.75,438.75,438.75,438.75,694
2020-05-01,438.75,446.25,431.25,438.75,438.75,924
2020-05-04,438.75,465.0,435.0,450.0,450.0,551
2020-05-05,457.5,465.0,435.0,435.0,435.0,448
2020-05-06,435.0,446.25,423.75,423.75,423.75,651
2020-05-07,427.5,435.0,401.25,405.0,405.0,913
2020-05-08,405.0,412.5,397.5,401.25,401.25,660
2020-05-11,401.25,446.25,401.25,435.0,435.0,825
2020-05-12,446.25,476.25,431.25,431.25,431.25,1573
2020-05-13,442.5,450.0,423.75,438.75,438.75,829
2020-05-14,427.5,446.25,420.0,438.75,438.75,613
2020-05-15,435.0,461.25,429.375,442.5,442.5,690
2020-05-18,450.0,633.75,431.25,588.75,588.75,3873
2020-05-19,551.25,562.5,502.5,532.5,532.5,1869
2020-05-20,547.5,596.25,529.875,558.75,558.75,1638
2020-05-21,558.75,607.5,532.5,558.75,558.75,1732
2020-05-22,547.5,637.5,543.75,562.5,562.5,2805
2020-05-26,596.25,596.25,543.75,551.25,551.25,958
2020-05-27,558.75,566.25,506.25,528.75,528.75,747
2020-05-28,536.25,540.0,476.25,491.25,491.25,561
2020-05-29,487.5,498.75,438.75,453.75,453.75,1678
2020-06-01,453.75,467.25,446.25,457.5,457.5,719
2020-06-02,453.75,487.5,450.0,472.5,472.5,707
2020-06-03,480.0,491.25,468.75,476.25,476.25,352
2020-06-04,480.0,487.5,472.5,476.25,476.25,492
2020-06-05,491.25,502.5,480.0,491.25,491.25,703
2020-06-08,502.5,540.0,487.5,528.75,528.75,1167
2020-06-09,555.0,633.75,525.0,615.0,615.0,2026
2020-06-10,622.5,701.25,453.75,502.5,502.5,3773
2020-06-11,487.5,521.25,472.5,472.5,472.5,1250
2020-06-12,491.25,506.25,435.0,491.25,491.25,1639
2020-06-15,476.25,562.5,457.5,472.5,472.5,2027
2020-06-16,425.25,503.32501220703125,378.75,420.0,420.0,2372
2020-06-17,425.0,425.0,342.95001220703125,411.0,411.0,4104
2020-06-18,393.25,396.25,356.25,366.5,366.5,1856
2020-06-19,380.5,393.75,356.5,357.75,357.75,1832
2020-06-22,380.75,396.2250061035156,333.75,365.75,365.75,2660
2020-06-23,358.0,422.0,354.0,389.75,389.75,4692
2020-06-24,388.0,388.0,350.75,364.0,364.0,880
2020-06-25,362.5,374.75,341.5,347.5,347.5,1536
2020-06-26,349.75,377.0,344.5,370.25,370.25,7340
2020-06-29,369.75,369.75,347.5,355.0,355.0,1192
2020-06-30,363.75,384.25,347.75,364.5,364.5,1848
2020-07-01,372.25,387.5,371.7749938964844,381.25,381.25,3164
2020-07-02,386.25,392.0,360.82501220703125,376.5,376.5,1560
2020-07-06,384.5,399.0,368.0,372.5,372.5,3976
2020-07-07,401.0,401.0,372.75,374.0,374.0,892
2020-07-08,375.25,384.25,372.75,373.75,373.75,404
2020-07-09,374.0,377.5,372.0,376.25,376.25,1088
2020-07-10,381.125,385.0,370.5,376.25,376.25,924
2020-07-13,372.0,385.0,371.75,371.75,371.75,1424
2020-07-14,374.5,377.75,362.75,367.75,367.75,2828
2020-07-15,371.25,382.25,371.25,374.25,374.25,1524
2020-07-16,373.0,379.375,373.0,377.0,377.0,2156
2020-07-17,377.5,399.75,376.25,399.75,399.75,5620
2020-07-20,399.75,400.0,388.25,390.25,390.25,4092
2020-07-21,392.25,400.0,390.25,396.875,396.875,3192
2020-07-22,390.0,524.0,388.75,524.0,524.0,4900
2020-07-23,524.5,578.0,481.625,503.0,503.0,3856
2020-07-24,493.75,545.0,493.75,534.0,534.0,1360
2020-07-27,531.75,570.5,513.2249755859375,542.75,542.75,3660
2020-07-28,537.5,562.25,495.25,515.25,515.25,2824
2020-07-29,518.5,542.5,510.0,532.5,532.5,940
2020-07-30,522.5,541.5,509.75,539.5,539.5,1508
2020-07-31,540.75,540.75,457.5,471.25,471.25,2420
2020-08-03,462.0,543.375,447.5,500.25,500.25,1688
2020-08-04,497.5,530.0,473.0,473.0,473.0,600
2020-08-05,484.25,525.875,468.75,481.25,481.25,1120
2020-08-06,475.25,516.25,468.75,473.0,473.0,588
2020-08-07,471.25,515.75,465.0,511.0,511.0,1484
2020-08-10,525.75,600.0,513.625,555.25,555.25,6024
2020-08-11,500.25,570.0,468.5,478.5,478.5,3932
2020-08-12,480.5,486.5,456.5249938964844,472.25,472.25,3048
2020-08-13,476.0,533.25,470.5,533.25,533.25,2328
2020-08-14,525.0,537.625,508.75,532.75,532.75,1100
2020-08-17,532.75,544.75,521.25,536.0,536.0,700
2020-08-18,537.5,569.75,531.5,540.0,540.0,1128
2020-08-19,530.5,586.625,530.5,565.0,565.0,1608
2020-08-20,553.75,566.5,547.25,551.0,551.0,524
2020-08-21,544.5,565.75,527.2999877929688,554.75,554.75,1304
2020-08-24,553.0,637.25,553.0,617.5,617.5,5108
2020-08-25,690.25,742.5,656.5,656.5,656.5,10652
2020-08-26,656.75,702.25,607.5,676.0,676.0,4668
2020-08-27,685.0,696.25,655.0,667.25,667.25,1784
2020-08-28,712.5,817.75,700.25,746.5,746.5,4844
2020-08-31,750.0,789.25,750.0,781.25,781.25,2748
2020-09-01,808.25,822.5,703.0499877929688,754.25,754.25,4044
2020-09-02,762.25,764.75,700.0,717.75,717.75,2024
2020-09-03,716.0,716.0,658.0499877929688,688.5,688.5,2432
2020-09-04,692.5,717.75,613.75,665.75,665.75,3080
2020-09-08,638.0,750.0,638.0,726.25,726.25,3432
2020-09-09,730.75,800.0,725.5,795.0,795.0,3576
2020-09-10,837.75,949.75,800.0,883.5,883.5,6680
2020-09-11,898.75,937.25,878.875,897.75,897.75,3352
2020-09-14,918.25,1085.75,918.25,1010.5,1010.5,6504
2020-09-15,1031.25,1118.4749755859375,1003.25,1040.25,1040.25,3484
2020-09-16,1051.0,1107.875,1040.25,1092.75,1092.75,4428
2020-09-17,1069.5,1320.824951171875,1069.5,1187.5,1187.5,12548
2020-09-18,1156.0,1317.5,1156.0,1237.75,1237.75,13100
2020-09-21,1228.0,1287.175048828125,1046.0,1050.0,1050.0,5652
2020-09-22,1032.75,1122.5,1032.75,1075.0,1075.0,2280
2020-09-23,1082.0,1174.75,1049.2750244140625,1163.0,1163.0,3628
2020-09-24,1194.5,1349.75,1127.25,1140.0,1140.0,4012
2020-09-25,1108.5,1322.25,1101.050048828125,1225.0,1225.0,4072
2020-09-28,1251.5,1280.1500244140625,1226.25,1267.25,1267.25,1824
2020-09-29,1279.25,1279.25,1188.75,1227.0,1227.0,2392
2020-09-30,1212.5,1250.0,1196.25,1212.75,1212.75,1816
2020-10-01,1204.0,1216.0,1077.625,1093.75,1093.75,2456
2020-10-02,1077.5,1196.25,1068.7249755859375,1160.0,1160.0,2312
2020-10-05,1165.25,1195.75,1087.5,1120.25,1120.25,1608
2020-10-06,1117.5,1188.25,1083.5,1153.25,1153.25,1168
2020-10-07,1166.25,1214.375,1137.0,1169.75,1169.75,3392
2020-10-08,1177.75,1189.75,1119.875,1165.25,1165.25,1548
2020-10-09,1165.5,1186.199951171875,1113.75,1129.0,1129.0,1152
2020-10-12,1113.5,1138.1500244140625,1020.75,1045.0,1045.0,3420
2020-10-13,1033.25,1087.050048828125,991.75,997.5,997.5,2172
2020-10-14,991.25,1025.0,911.25,942.0,942.0,3184
2020-10-15,931.25,957.5,900.5250244140625,920.0,920.0,1912
2020-10-16,925.25,983.5,923.0999755859375,970.0,970.0,1296
2020-10-19,964.5,964.5,873.625,889.0,889.0,2204
2020-10-20,889.75,904.5250244140625,838.1500244140625,869.0,869.0,2648
2020-10-21,867.75,876.5,838.5,843.0,843.0,2388
2020-10-22,822.75,872.375,818.0,819.25,819.25,1276
2020-10-23,826.25,913.125,810.5,862.75,862.75,2084
2020-10-26,848.25,887.5,831.5,831.75,831.75,820
2020-10-27,852.75,896.4749755859375,826.25,848.0,848.0,1984
2020-10-28,825.0,851.0,700.0,716.5,716.5,2864
2020-10-29,805.0,959.25,784.6500244140625,909.5,909.5,11232
2020-10-30,887.5,997.5,885.75,954.0,954.0,3304
2020-11-02,975.0,996.25,946.7249755859375,970.25,970.25,2692
2020-11-03,973.5,981.0,861.75,876.25,876.25,3480
2020-11-04,875.25,907.25,849.125,858.25,858.25,2200
2020-11-05,854.0,880.5,834.25,857.5,857.5,3020
2020-11-06,856.0,893.5,768.75,865.25,865.25,5228
2020-11-09,884.5,924.5,829.25,873.0,873.0,712
2020-11-10,875.25,881.0,802.875,855.0,855.0,1936
2020-11-11,886.0,907.7999877929688,855.0,870.75,870.75,1936
2020-11-12,864.5,887.5,827.75,866.0,866.0,1860
2020-11-13,874.0,886.25,844.5,852.0,852.0,2064
2020-11-16,873.5,975.8499755859375,854.5,947.75,947.75,3172
2020-11-17,964.25,964.25,900.0,935.5,935.5,2288
2020-11-18,944.75,965.0,925.1749877929688,940.0,940.0,2856
2020-11-19,932.5,1016.9500122070312,931.0,990.75,990.75,1328
2020-11-20,978.5,1014.5250244140625,978.5,1006.75,1006.75,1276
2020-11-23,1018.75,1075.75,975.7249755859375,980.0,980.0,2316
2020-11-24,984.0,1018.25,927.5,927.75,927.75,996
2020-11-25,937.5,981.75,927.5250244140625,955.0,955.0,1176
2020-11-27,944.25,958.6500244140625,894.0,922.25,922.25,3024
2020-11-30,887.0,920.25,850.0,878.25,878.25,2420
2020-12-01,891.5,949.75,864.375,921.5,921.5,2168
2020-12-02,918.75,978.75,918.75,975.0,975.0,2000
2020-12-03,974.0,975.0,912.0,940.0,940.0,1772
2020-12-04,936.0,942.4500122070312,900.0,918.5,918.5,1256
2020-12-07,885.75,926.5,875.0,875.25,875.25,1640
2020-12-08,880.25,906.2750244140625,876.25,891.75,891.75,800
2020-12-09,898.75,945.0,880.5,894.75,894.75,1108
2020-12-10,891.75,918.0,880.5,906.25,906.25,1752
2020-12-11,905.0,934.8250122070312,886.75,889.5,889.5,1204
2020-12-14,910.25,946.25,894.375,908.75,908.75,1612
2020-12-15,919.25,938.5,888.25,908.0,908.0,1788
2020-12-16,900.5,949.75,892.5,946.5,946.5,3244
2020-12-17,931.5,1038.5,927.6749877929688,1002.75,1002.75,11912
2020-12-18,984.25,1037.0999755859375,960.8499755859375,974.75,974.75,7496
2020-12-21,974.5,1005.0,953.6749877929688,1004.0,1004.0,3980
2020-12-22,999.75,1050.0,982.75,1025.75,1025.75,7328
2020-12-23,1036.25,1038.875,937.7999877929688,977.25,977.25,3040
2020-12-24,972.0,992.75,934.25,950.75,950.75,1580
2020-12-28,950.75,962.5,875.875,904.5,904.5,4720
2020-12-29,918.75,922.5,881.25,893.25,893.25,2320
2020-12-30,899.75,938.5499877929688,883.875,904.5,904.5,2152
2020-12-31,893.0,922.5,887.75,910.25,910.25,2924
2021-01-04,931.75,958.75,875.25,881.5,881.5,3276
2021-01-05,875.0,913.875,827.75,853.5,853.5,4004
2021-01-06,866.5,909.8250122070312,832.5,880.5,880.5,2060
2021-01-07,893.0,928.25,862.25,886.25,886.25,1412
2021-01-08,886.5,914.375,858.0,872.0,872.0,2084
2021-01-11,854.75,885.0,852.125,875.0,875.0,1328
2021-01-12,885.75,953.875,884.625,933.5,933.5,1924
2021-01-13,932.25,971.75,899.0,914.0,914.0,1724
2021-01-14,913.75,978.25,909.625,948.75,948.75,1576
2021-01-15,962.5,999.75,947.5,991.25,991.25,1804
2021-01-19,998.75,1009.0,913.75,1006.0,1006.0,5224
2021-01-20,1018.75,1018.75,949.5,998.5,998.5,4652
2021-01-21,1004.25,1004.25,938.75,975.5,975.5,2412
2021-01-22,967.75,1000.0,967.75,974.75,974.75,1128
2021-01-25,992.75,999.75,942.4500122070312,960.75,960.75,2092
2021-01-26,961.5,999.75,917.5,937.25,937.25,2428
2021-01-27,910.0,917.125,835.0,843.25,843.25,3288
2021-01-28,861.25,869.5,833.5,861.75,861.75,3844
2021-01-29,873.5,899.4500122070312,827.75,846.5,846.5,1696
2021-02-01,850.0,884.5,833.0,845.25,845.25,2100
2021-02-02,856.5,905.5,836.0,899.5,899.5,1528
2021-02-03,893.25,942.6500244140625,883.0,909.0,909.0,2060
2021-02-04,908.75,937.75,880.5,914.75,914.75,2212
2021-02-05,917.0,966.25,881.0,957.0,957.0,2948
2021-02-08,984.75,993.75,950.5,963.75,963.75,2584
2021-02-09,963.75,974.0,931.75,939.75,939.75,2428
2021-02-10,966.7000122070312,966.7000122070312,892.0,927.25,927.25,2364
2021-02-11,944.25,974.5,875.25,888.25,888.25,2396
2021-02-12,902.0,902.0,824.5,850.75,850.75,9412
2021-02-16,852.0,884.2249755859375,831.8499755859375,847.25,847.25,4852
2021-02-17,856.25,856.25,831.75,847.25,847.25,3244
2021-02-18,845.0,850.0,766.25,769.0,769.0,7060
2021-02-19,772.75,814.375,743.75,809.5,809.5,9596
2021-02-22,814.25,814.25,744.25,752.75,752.75,4024
2021-02-23,743.75,750.0,675.0,720.75,720.75,4448
2021-02-24,727.5,790.75,687.75,729.0,729.0,4196
2021-02-25,719.25,732.75,681.5,704.0,704.0,4884
2021-02-26,707.25,731.75,664.25,712.25,712.25,3232
2021-03-01,724.5,759.5,723.75,742.75,742.75,6640
2021-03-02,742.25,766.7999877929688,731.25,737.25,737.25,4216
2021-03-03,733.25,748.75,681.5,728.25,728.25,4608
2021-03-04,725.25,725.25,613.0,663.0,663.0,7552
2021-03-05,680.75,680.75,612.75,669.25,669.25,5108
2021-03-08,676.5,710.5,650.25,684.25,684.25,7116
2021-03-09,696.25,713.5,677.25,708.5,708.5,5608
2021-03-10,698.875,711.125,667.5,694.75,694.75,10856
2021-03-11,710.0,737.5,699.125,725.0,725.0,3640
2021-03-12,729.25,744.75,710.75,739.75,739.75,3796
2021-03-15,741.75,755.8250122070312,717.5,717.75,717.75,10172
2021-03-16,722.0,727.75,676.0,695.0,695.0,4924
2021-03-17,697.625,793.5,679.9500122070312,694.75,694.75,52468
2021-03-18,709.5,715.375,652.75,657.5,657.5,11208
2021-03-19,657.5,707.0,635.9000244140625,697.5,697.5,13052
2021-03-22,700.0,714.0,677.0,711.5,711.5,7980
2021-03-23,747.75,748.5,685.25,691.0,691.0,10628
2021-03-24,725.0,727.5,613.0,625.25,625.25,14420
2021-03-25,625.75,736.0999755859375,622.25,723.0,723.0,30044
2021-03-26,773.25,786.5,732.25,750.5,750.5,44952
2021-03-29,775.0,820.0,762.5,805.0,805.0,16068
2021-03-30,806.0,813.75,746.5499877929688,804.5,804.5,11468
2021-03-31,814.0,874.75,814.0,856.75,856.75,11544
2021-04-01,862.75,872.25,779.0,801.75,801.75,10324
2021-04-05,801.75,854.0,801.75,832.25,832.25,10356
2021-04-06,819.5,839.625,803.25,807.25,807.25,6132
2021-04-07,792.0,843.0,783.0,834.5,834.5,8288
2021-04-08,837.0,947.25,822.25,941.0,941.0,23188
2021-04-09,941.75,991.5,913.75,991.5,991.5,20788
2021-04-12,993.75,1000.0,805.25,847.75,847.75,24532
2021-04-13,845.25,868.5,828.25,866.25,866.25,7508
2021-04-14,870.5,945.0,870.5,909.5,909.5,6672
2021-04-15,913.5,931.75,897.75,919.5,919.5,2960
2021-04-16,926.5,928.5,850.25,920.0,920.0,6836
2021-04-19,918.75,925.0,866.5,894.25,894.25,4276
2021-04-20,882.0,887.25,809.25,830.0,830.0,6392
2021-04-21,831.75,885.75,814.2750244140625,865.5,865.5,3724
2021-04-22,861.0,879.1749877929688,824.4749755859375,843.75,843.75,3892
2021-04-23,850.25,887.75,822.3250122070312,856.0,856.0,1888
2021-04-26,864.25,936.25,845.5,907.75,907.75,3896
2021-04-27,911.75,956.25,904.5,948.0,948.0,3484
2021-04-28,944.75,968.2999877929688,918.75,937.75,937.75,3236
2021-04-29,944.25,952.5,902.0999755859375,918.75,918.75,2508
2021-04-30,902.0,950.75,902.0,904.75,904.75,4628
2021-05-03,910.5,925.75,892.75,914.75,914.75,3656
2021-05-04,901.75,903.75,851.5,865.75,865.75,4976
2021-05-05,873.0,896.75,847.0,862.0,862.0,3184
2021-05-06,854.0,859.75,775.0,800.0,800.0,7612
2021-05-07,808.25,837.5,782.25,816.0,816.0,7584
2021-05-10,815.0,816.5,763.75,793.75,793.75,5648
2021-05-11,762.5,820.25,750.0,807.5,807.5,4484
2021-05-12,797.5,894.75,797.5,848.25,848.25,4172
2021-05-13,856.5,856.5,763.0999755859375,787.5,787.5,6908
2021-05-14,823.0,825.0,788.75,790.25,790.25,4620
2021-05-17,785.5,796.25,762.9500122070312,791.75,791.75,6804
2021-05-18,803.0,895.0,791.75,877.5,877.5,7132
2021-05-19,861.5,903.5,815.25,894.75,894.75,5284
2021-05-20,897.25,917.75,883.0,907.5,907.5,3284
2021-05-21,916.25,956.0,907.75,950.0,950.0,7672
2021-05-24,949.5,979.0,913.0,937.75,937.75,4228
2021-05-25,922.75,949.75,847.25,852.75,852.75,4028
2021-05-26,855.25,874.0,848.25,854.5,854.5,2796
2021-05-27,864.75,921.75,862.5,920.25,920.25,3140
2021-05-28,917.75,946.75,883.25,888.5,888.5,2388
2021-06-01,900.0,933.75,884.5,913.25,913.25,2644
2021-06-02,908.75,925.0,881.25,911.5,911.5,4332
2021-06-03,911.5,968.25,893.75,953.25,953.25,5416
2021-06-04,951.5,1008.75,929.25,1003.5,1003.5,4644
2021-06-07,1019.25,1089.25,1013.0750122070312,1062.5,1062.5,7944
2021-06-08,1068.75,1068.75,1022.5,1058.25,1058.25,6900
2021-06-09,1055.5,1062.5,997.5,1003.5,1003.5,3264
2021-06-10,1012.75,1067.25,995.0,1025.0,1025.0,3724
2021-06-11,1020.75,1032.375,988.9749755859375,1020.5,1020.5,2824
2021-06-14,1014.25,1045.25,1009.625,1014.5,1014.5,3200
2021-06-15,1021.0,1030.5,978.0,995.75,995.75,4388
2021-06-16,991.25,1020.375,925.0,958.5,958.5,7864
2021-06-17,944.75,1012.25,940.25,999.75,999.75,4616
2021-06-18,995.25,1003.375,950.0,974.5,974.5,6028
2021-06-21,983.25,997.125,946.75,965.5,965.5,3952
2021-06-22,952.25,965.75,892.75,926.5,926.5,12044
2021-06-23,930.25,946.25,896.0,922.25,922.25,6136
2021-06-24,927.75,940.0,910.5,912.5,912.5,5348
2021-06-25,919.5,932.5,887.25,891.75,891.75,62160
2021-06-28,892.0,900.0,857.5,859.0,859.0,17932
2021-06-29,864.75,864.75,800.25,819.5,819.5,13612
2021-06-30,814.0,866.3499755859375,811.5,840.5,840.5,8744
2021-07-01,839.5,876.5,828.75,874.25,874.25,9120
2021-07-02,872.5,881.0250244140625,845.25,875.5,875.5,4044
2021-07-06,887.5,912.25,870.25,888.5,888.5,9796
2021-07-07,887.5,907.9249877929688,801.25,821.25,821.25,11860
2021-07-08,814.5,828.0,779.0,800.5,800.5,6696
2021-07-09,808.5,870.75,790.625,861.5,861.5,7308
2021-07-12,878.25,908.5,859.75,903.5,903.5,8848
2021-07-13,901.25,912.0,828.25,833.75,833.75,9876
2021-07-14,845.25,845.25,775.5,786.25,786.25,9896
2021-07-15,786.0,794.0,751.0,770.25,770.25,8684
2021-07-16,779.25,813.0,757.5,776.25,776.25,5892
2021-07-19,770.0,828.5,765.6500244140625,823.0,823.0,7908
2021-07-20,820.5,831.875,793.0,824.5,824.5,7436
2021-07-21,831.25,921.25,824.0,916.75,916.75,7348
2021-07-22,910.25,910.25,765.25,817.0,817.0,28748
2021-07-23,817.5,828.5,754.0,757.75,757.75,12640
2021-07-26,770.75,812.25,739.5,774.0,774.0,7432
2021-07-27,775.0,799.5,723.25,729.0,729.0,7048
2021-07-28,735.5,783.4749755859375,735.5,777.0,777.0,7024
2021-07-29,779.25,794.0,749.25,749.5,749.5,4268
2021-07-30,749.25,768.0,719.0,749.0,749.0,8184
2021-08-02,758.0,774.5,750.0,760.0,760.0,6660
2021-08-03,769.5,769.5,707.5,749.25,749.25,15228
2021-08-04,738.0,761.75,710.2750244140625,712.25,712.25,3980
2021-08-05,729.75,736.125,696.5,700.0,700.0,5752
2021-08-06,697.75,700.0,657.0,673.0,673.0,16972
2021-08-09,674.5,720.375,661.0499877929688,714.5,714.5,7348
2021-08-10,714.25,731.75,673.75,697.75,697.75,4264
2021-08-11,696.75,715.25,664.125,686.25,686.25,4412
2021-08-12,683.25,683.25,644.25,660.75,660.75,5900
2021-08-13,666.5,672.375,622.25,633.75,633.75,9656
2021-08-16,631.25,632.5,590.25,595.0,595.0,8792
2021-08-17,691.5,696.0,623.9749755859375,667.75,667.75,36372
2021-08-18,671.5,683.9749755859375,631.0,642.5,642.5,10580
2021-08-19,629.0,680.25,612.5,647.25,647.25,12560
2021-08-20,665.0,680.5,654.5,675.75,675.75,13188
2021-08-23,689.75,702.75,664.0,678.75,678.75,25916
2021-08-24,687.5,730.0,669.25,700.0,700.0,17168
2021-08-25,698.5,731.0,677.25,703.0,703.0,11652
2021-08-26,698.5,720.0,671.0,683.25,683.25,9852
2021-08-27,689.0,725.0,685.0,704.75,704.75,12268
2021-08-30,721.0,749.75,710.0,733.25,733.25,15628
2021-08-31,726.25,749.25,715.0,735.5,735.5,10844
2021-09-01,743.75,767.25,734.25,748.0,748.0,23256
2021-09-02,751.0,786.75,712.5,714.75,714.75,440928
2021-09-03,141.25,148.75,122.75,126.5,126.5,1626836
2021-09-07,124.5,125.0,101.5,104.75,104.75,654524
2021-09-08,104.5,112.5,102.75,103.75,103.75,246824
2021-09-09,97.5,103.5,96.75,101.0,101.0,171932
2021-09-10,101.5,106.25,98.25,102.75,102.75,184460
2021-09-13,102.5,106.25,96.75,103.5,103.5,186556
2021-09-14,104.75,105.5,95.5,96.5,96.5,101208
2021-09-15,95.25,96.625,83.0,87.25,87.25,205308
2021-09-16,87.25,89.75,84.0,85.375,85.375,115764
2021-09-17,86.0,90.5,83.0,90.0,90.0,110204
2021-09-20,88.75,88.75,76.25,84.0,84.0,102360
2021-09-21,83.75,91.0,83.5,84.25,84.25,87904
2021-09-22,86.5,87.0,81.75,83.5,83.5,88264
2021-09-23,84.0,88.25,82.25,84.75,84.75,75640
2021-09-24,85.5,85.75,80.5,81.0,81.0,53804
2021-09-27,80.0,85.75,78.25,82.5,82.5,65776
2021-09-28,82.5,82.5,77.0,77.75,77.75,60084
2021-09-29,77.5,79.25,75.25,76.25,76.25,65416
2021-09-30,77.0,77.0,72.25,74.0,74.0,64708
2021-10-01,75.25,76.75,72.0,74.25,74.25,59036
2021-10-04,75.0,78.25,72.25,74.0,74.0,53976
2021-10-05,74.25,74.75,68.75,70.0,70.0,54424
2021-10-06,70.25,70.875,66.0,68.5,68.5,44484
2021-10-07,69.75,71.75,68.75,69.25,69.25,31008
2021-10-08,71.0,71.0,67.0,68.0,68.0,22480
2021-10-11,67.75,72.625,67.25,69.0,69.0,36920
2021-10-12,70.25,71.5,69.0,69.25,69.25,17476
2021-10-13,71.0,74.5,69.75,74.25,74.25,24236
2021-10-14,73.5,74.67500305175781,71.25,71.75,71.75,26476
2021-10-15,71.25,71.75,68.875,69.5,69.5,25696
2021-10-18,68.75,68.75,66.5,67.5,67.5,27948
2021-10-19,66.75,68.75,66.5,67.75,67.75,25176
2021-10-20,68.75,71.25,67.5,71.25,71.25,49472
2021-10-21,70.75,74.19999694824219,69.25,70.5,70.5,27664
2021-10-22,71.5,71.5,65.25,66.25,66.25,49284
2021-10-25,65.5,69.0,65.5,68.0,68.0,29956
2021-10-26,68.5,71.0,67.25,68.5,68.5,29924
2021-10-27,69.0,69.0,65.75,66.25,66.25,19860
2021-10-28,66.875,69.5,66.0250015258789,69.0,69.0,15460
2021-10-29,69.0,70.5,67.1500015258789,67.75,67.75,16644
2021-11-01,68.5,78.875,68.5,77.25,77.25,86152
2021-11-02,76.5,80.25,73.5,80.25,80.25,59924
2021-11-03,79.25,84.0250015258789,77.75,83.25,83.25,49644
2021-11-04,82.75,84.5,80.25,80.75,80.75,28188
2021-11-05,79.25,80.5,76.75,80.5,80.5,23428
2021-11-08,79.25,83.0,78.75,82.75,82.75,20760
2021-11-09,81.875,84.5,77.75,83.75,83.75,22880
2021-11-10,81.25,87.0,79.0,80.75,80.75,28172
2021-11-11,79.75,83.75,79.25,82.0,82.0,19488
2021-11-12,83.0,84.5,81.25,84.0,84.0,20124
2021-11-15,84.5,84.5,81.5,83.25,83.25,10272
2021-11-16,83.25,83.25,79.0,79.75,79.75,15160
2021-11-17,80.125,82.25,78.25,79.5,79.5,19008
2021-11-18,78.25,79.25,71.55000305175781,72.0,72.0,23656
2021-11-19,71.0,74.5,71.0,72.0,72.0,13400
2021-11-22,70.75,70.75,66.5,66.5,66.5,22124
2021-11-23,66.375,70.0,65.5,69.25,69.25,21148
2021-11-24,69.25,72.25,67.9749984741211,70.5,70.5,15100
2021-11-26,68.25,70.0,67.25,68.5,68.5,8248
2021-11-29,70.75,74.25,65.5,65.75,65.75,14512
2021-11-30,66.125,67.25,63.25,66.5,66.5,14492
2021-12-01,67.25,67.375,59.5,60.0,60.0,20120
2021-12-02,58.75,61.75,58.25,60.5,60.5,13660
2021-12-03,60.25,60.5,55.5,56.0,56.0,17876
2021-12-06,55.0,57.75,52.525001525878906,56.0,56.0,20448
2021-12-07,58.0,64.25,57.5,61.5,61.5,21992
2021-12-08,62.5,64.0,60.875,63.0,63.0,7592
2021-12-09,63.0,64.5,58.75,59.25,59.25,9144
2021-12-10,59.25,61.0,57.625,58.25,58.25,8328
2021-12-13,58.75,59.0,55.0,57.75,57.75,12952
2021-12-14,56.5,57.875,52.75,53.25,53.25,21188
2021-12-15,53.25,54.25,49.0,50.5,50.5,28904
2021-12-16,50.75,62.5,50.32500076293945,53.5,53.5,120968
2021-12-17,53.0,57.5,51.75,56.25,56.25,28084
2021-12-20,55.0,56.75,53.0,54.5,54.5,21692
2021-12-21,54.75,60.0,54.75,57.25,57.25,24228
2021-12-22,57.625,58.0,55.25,56.625,56.625,7976
2021-12-23,56.25,58.25,55.0,55.5,55.5,9040
2021-12-27,55.0,55.625,53.0,54.0,54.0,9488
2021-12-28,53.75,54.75,53.0,53.25,53.25,9852
2021-12-29,53.75,54.5,51.5,52.0,52.0,12268
2021-12-30,51.0,55.75,51.0,53.0,53.0,17400
2021-12-31,52.75,54.75,51.775001525878906,53.5,53.5,13000
2022-01-03,53.25,56.875,53.25,56.0,56.0,10676
2022-01-04,57.0,57.0,53.25,53.5,53.5,10188
2022-01-05,52.75,55.0,50.25,50.5,50.5,11224
2022-01-06,50.25,51.875,47.75,48.25,48.25,9036
2022-01-07,49.0,49.75,47.0,47.0,47.0,6380
2022-01-10,47.0,47.0,42.0,43.75,43.75,22928
2022-01-11,43.25,46.5,43.25,45.25,45.25,6580
2022-01-12,46.5,46.5,43.0,43.0,43.0,3812
2022-01-13,44.5,44.5,41.25,41.5,41.5,10056
2022-01-14,42.5,43.75,41.25,43.0,43.0,6224
2022-01-18,43.25,43.599998474121094,38.25,38.5,38.5,15840
2022-01-19,39.75,41.0,37.599998474121094,38.25,38.25,11068
2022-01-20,38.75,40.25,38.75,38.75,38.75,8492
2022-01-21,38.75,39.125,35.0,35.0,35.0,14824
2022-01-24,34.125,36.5,31.5,36.5,36.5,15348
2022-01-25,36.0,38.0,35.0,36.75,36.75,6276
2022-01-26,37.25,38.5,34.75,35.0,35.0,5676
2022-01-27,35.5,36.5,32.5,33.0,33.0,11988
2022-01-28,32.5,39.75,32.25,38.5,38.5,22808
2022-01-31,37.75,42.25,37.5,42.25,42.25,11072
2022-02-01,42.75,44.5,41.375,43.0,43.0,9560
2022-02-02,43.5,44.0,40.75,43.75,43.75,8828
2022-02-03,41.75,44.0,40.75,41.75,41.75,12440
2022-02-04,41.25,41.5,39.0,39.25,39.25,6340
2022-02-07,39.25,41.0,37.75,39.0,39.0,9104
2022-02-08,38.75,39.75,37.5,38.0,38.0,4380
2022-02-09,38.75,39.875,37.75,39.25,39.25,7644
2022-02-10,38.5,41.0,37.525001525878906,38.0,38.0,5192
2022-02-11,38.25,39.5,36.25,36.5,36.5,6204
2022-02-14,36.25,37.25,35.0,35.25,35.25,6000
2022-02-15,35.75,37.5,35.5,36.25,36.25,6436
2022-02-16,35.75,37.0,35.5,36.75,36.75,2644
2022-02-17,36.0,37.0,33.0,33.5,33.5,8840
2022-02-18,33.75,34.95000076293945,32.54999923706055,33.25,33.25,3312
2022-02-22,32.5,33.5,31.75,32.25,32.25,6932
2022-02-23,34.0,34.0,31.5,31.75,31.75,9048
2022-02-24,29.5,33.5,29.5,33.25,33.25,8448
2022-02-25,34.0,34.0,32.54999923706055,33.0,33.0,2684
2022-02-28,33.25,33.724998474121094,31.5,31.5,31.5,6844
2022-03-01,31.25,32.75,31.25,31.75,31.75,3000
2022-03-02,32.0,33.25,31.25,32.75,32.75,3568
2022-03-03,33.5,33.5,30.5,31.25,31.25,7580
2022-03-04,30.75,31.0,30.0,30.25,30.25,2920
2022-03-07,30.25,32.0,29.5,30.25,30.25,8588
2022-03-08,31.25,34.75,30.524999618530273,32.5,32.5,14764
2022-03-09,32.75,36.25,32.75,36.125,36.125,10480
2022-03-10,35.0,35.474998474121094,32.5,34.5,34.5,4804
2022-03-11,34.75,34.75,32.75,34.0,34.0,5988
2022-03-14,33.75,34.0,32.25,33.75,33.75,6088
2022-03-15,35.25,35.5,33.75,35.0,35.0,11524
2022-03-16,35.0,36.5,34.5,35.75,35.75,5228
2022-03-17,35.25,36.75,34.75,36.5,36.5,4020
2022-03-18,36.25,37.625,35.5,37.0,37.0,4516
2022-03-21,37.0,37.20000076293945,34.75,34.75,34.75,3608
2022-03-22,35.0,36.75,35.0,36.5,36.5,2784
2022-03-23,36.5,38.5,36.5,37.75,37.75,9324
2022-03-24,39.0,39.5,38.0,39.25,39.25,7168
2022-03-25,39.5,39.75,38.0,38.0,38.0,3744
2022-03-28,38.0,39.75,36.5,37.25,37.25,5808
2022-03-29,37.25,38.5,37.25,38.0,38.0,3216
2022-03-30,38.5,38.75,37.0,37.0,37.0,3892
2022-03-31,37.0,38.5,36.25,36.5,36.5,2632
2022-04-01,36.0,38.20000076293945,36.0,37.75,37.75,5144
2022-04-04,37.75,38.75,37.25,38.75,38.75,4756
2022-04-05,38.5,38.5,36.75,36.75,36.75,2800
2022-04-06,36.25,36.5,35.0,36.0,36.0,5632
2022-04-07,35.5,36.75,35.0,36.0,36.0,3732
2022-04-08,36.5,36.5,35.5,35.5,35.5,6192
2022-04-11,35.25,35.25,32.75,33.75,33.75,4696
2022-04-12,34.54999923706055,35.25,33.25,34.0,34.0,4272
2022-04-13,34.0,36.25,33.75,36.25,36.25,3284
2022-04-14,35.75,36.5,35.0,35.5,35.5,4696
2022-04-18,35.25,35.25,33.5,34.5,34.5,5492
2022-04-19,34.0,35.75,33.75,35.0,35.0,3552
2022-04-20,35.0,35.70000076293945,33.75,35.0,35.0,3456
2022-04-21,35.75,35.75,32.5,32.75,32.75,5004
2022-04-22,32.5,32.900001525878906,32.375,32.5,32.5,4188
2022-04-25,32.0,33.0,32.0,32.75,32.75,3468
2022-04-26,32.25,35.5,32.25,33.25,33.25,11236
2022-04-27,33.25,34.75,31.799999237060547,32.5,32.5,11876
2022-04-28,33.0,34.25,29.0,30.75,30.75,22372
2022-04-29,31.25,31.75,28.0,28.75,28.75,12044
2022-05-02,27.75,29.75,27.75,28.75,28.75,9364
2022-05-03,30.0,33.5,29.299999237060547,32.0,32.0,11940
2022-05-04,32.0,34.0,31.0,34.0,34.0,5564
2022-05-05,34.0,35.5,31.25,31.75,31.75,9052
2022-05-06,31.0,32.25,30.25,31.25,31.25,5600
2022-05-09,30.25,31.25,30.0,30.75,30.75,4684
2022-05-10,30.25,32.5,30.0,31.0,31.0,5500
2022-05-11,29.75,31.0,27.5,27.625,27.625,7932
2022-05-12,27.0,29.75,26.75,29.5,29.5,7536
2022-05-13,29.75,31.25,28.75,29.5,29.5,5656
2022-05-16,29.5,29.5,26.5,26.875,26.875,13020
2022-05-17,27.25,31.0,25.75,30.25,30.25,18568
2022-05-18,29.25,30.25,27.5,28.0,28.0,8220
2022-05-19,28.0,30.75,27.5,29.25,29.25,5500
2022-05-20,29.5,29.75,27.5,27.5,27.5,4584
2022-05-23,27.75,28.75,27.0,27.125,27.125,4844
2022-05-24,27.25,31.25,26.25,28.75,28.75,18524
2022-05-25,29.0,30.5,28.0,30.5,30.5,9420
2022-05-26,31.25,32.5,29.25,30.0,30.0,5196
2022-05-27,29.75,32.5,29.5,32.25,32.25,4116
2022-05-31,32.5,34.75,31.875,33.0,33.0,4172
2022-06-01,33.0,33.5,31.0,31.75,31.75,3524
2022-06-02,31.75,32.0,31.0,31.5,31.5,3304
2022-06-03,31.0,31.75,30.75,31.25,31.25,1928
2022-06-06,32.5,32.5,29.0,29.5,29.5,6492
2022-06-07,29.25,33.0,29.25,32.5,32.5,4276
2022-06-08,32.0,34.25,31.5,32.25,32.25,3464
2022-06-09,31.75,31.75,29.5,29.75,29.75,3780
2022-06-10,29.0,30.25,29.0,30.25,30.25,5676
2022-06-13,29.25,31.0,28.5,30.5,30.5,6476
2022-06-14,32.25,32.25,29.5,29.75,29.75,3784
2022-06-15,30.75,30.75,29.5,30.5,30.5,6892
2022-06-16,29.75,30.125,29.5,29.75,29.75,4040
2022-06-17,29.75,30.125,28.75,29.0,29.0,20724
2022-06-21,31.5,31.5,29.25,30.5,30.5,4564
2022-06-22,30.0,31.5,30.0,31.0,31.0,4416
2022-06-23,30.75,31.0,30.25,30.75,30.75,5316
2022-06-24,30.5,33.25,29.75,32.5,32.5,70840
2022-06-27,32.0,32.25,30.25,31.75,31.75,17352
2022-06-28,31.25,32.5,31.25,32.0,32.0,3512
2022-06-29,31.75,33.0,31.5,32.5,32.5,5180
2022-06-30,32.875,33.5,31.5,32.5,32.5,2544
2022-07-01,32.0,33.25,32.0,33.0,33.0,3168
2022-07-05,31.75,33.625,31.75,33.25,33.25,5136
2022-07-06,33.25,34.0,32.525001525878906,32.75,32.75,8452
2022-07-07,32.5,38.25,32.5,35.75,35.75,14548
2022-07-08,35.25,38.5,35.25,38.25,38.25,4396
2022-07-11,37.25,38.5,36.75,38.25,38.25,1468
2022-07-12,38.25,38.5,32.75,33.25,33.25,22020
2022-07-13,32.5,33.0,31.25,32.75,32.75,19704
2022-07-14,33.0,33.75,32.5,33.5,33.5,2496
2022-07-15,33.07500076293945,33.5,31.5,31.75,31.75,32600
2022-07-18,32.0,33.25,32.0,33.0,33.0,5268
2022-07-19,33.0,33.5,32.75,33.0,33.0,4916
2022-07-20,33.0,33.5,32.0,32.5,32.5,19120
2022-07-21,32.5,33.25,31.75,32.25,32.25,10204
2022-07-22,31.799999237060547,32.5,31.125,31.25,31.25,9912
2022-07-25,31.5,32.0,30.5,31.0,31.0,20956
2022-07-26,31.5,31.75,30.5,31.0,31.0,27276
2022-07-27,31.0,31.5,30.5,31.25,31.25,13788
2022-07-28,31.25,31.75,30.5,31.0,31.0,11752
2022-07-29,30.799999237060547,31.25,30.25,31.0,31.0,10176
2022-08-01,30.5,30.75,28.5,28.75,28.75,19280
2022-08-02,29.5,30.25,29.024999618530273,30.0,30.0,17664
2022-08-03,30.0,30.75,29.25,29.25,29.25,8056
2022-08-04,30.0,30.0,29.0,29.25,29.25,11296
2022-08-05,30.75,31.125,29.5,30.5,30.5,40664
2022-08-08,30.75,31.700000762939453,30.0,30.75,30.75,14092
2022-08-09,30.25,31.0,29.5,29.75,29.75,12712
2022-08-10,30.0,31.0,29.75,31.0,31.0,7244
2022-08-11,30.0,32.25,30.0,32.25,32.25,6224
2022-08-12,31.75,33.724998474121094,31.75,33.25,33.25,3100
2022-08-15,32.5,32.75,31.25,32.5,32.5,15516
2022-08-16,30.5,33.25,30.25,32.75,32.75,12476
2022-08-17,32.75,33.5,31.5,33.25,33.25,5132
2022-08-18,33.0,34.25,32.5,34.0,34.0,4720
2022-08-19,34.0,34.0,33.0,33.5,33.5,2964
2022-08-22,33.5,34.5,32.75,34.25,34.25,3892
2022-08-23,34.5,34.5,33.29999923706055,33.5,33.5,1180
2022-08-24,33.5,34.25,32.5,33.0,33.0,1160
2022-08-25,32.5,33.0,32.0,32.75,32.75,3784
2022-08-26,32.25,33.0,32.0,32.75,32.75,3496
2022-08-29,31.0,32.75,31.0,32.75,32.75,6020
2022-08-30,32.5,32.875,32.5,32.75,32.75,6952
2022-08-31,32.25,32.75,31.75,32.5,32.5,2540
2022-09-01,32.5,32.75,32.375,32.5,32.5,4464
2022-09-02,32.25,33.5,32.0,32.5,32.5,7708
2022-09-06,32.25,32.75,32.0,32.75,32.75,3328
2022-09-07,32.25,33.04999923706055,32.25,33.0,33.0,5172
2022-09-08,32.5,33.25,32.32500076293945,32.75,32.75,2472
2022-09-09,32.5,33.0,31.75,32.125,32.125,3052
2022-09-12,32.0,33.25,32.0,32.5,32.5,2080
2022-09-13,31.25,34.0,31.25,32.25,32.25,8028
2022-09-14,31.5,32.25,31.5,31.75,31.75,2604
2022-09-15,32.0,32.5,31.25,32.0,32.0,4152
2022-09-16,31.5,31.700000762939453,30.75,31.0,31.0,7288
2022-09-19,30.75,31.0,29.875,30.5,30.5,5176
2022-09-20,30.0,31.0,30.0,30.75,30.75,5408
2022-09-21,30.5,31.0,30.5,30.5,30.5,3976
2022-09-22,30.5,30.774999618530273,28.875,29.25,29.25,7764
2022-09-23,29.25,29.25,26.5,26.5,26.5,6564
2022-09-26,26.25,27.0,26.25,26.75,26.75,4660
2022-09-27,26.75,28.0,26.75,27.75,27.75,2024
2022-09-28,27.5,28.25,27.25,27.75,27.75,984
2022-09-29,28.25,28.25,26.25,26.625,26.625,1864
2022-09-30,26.5,27.5,26.5,26.75,26.75,708
2022-10-03,26.5,28.0,26.25,27.5,27.5,1356
2022-10-04,26.25,27.75,26.25,27.25,27.25,2060
2022-10-05,27.0,27.875,27.0,27.5,27.5,888
2022-10-06,27.25,27.75,27.25,27.75,27.75,1212
2022-10-07,28.0,28.0,27.0,27.125,27.125,1204
2022-10-10,27.0,27.649999618530273,27.0,27.0,27.0,1292
2022-10-11,26.75,26.924999237060547,26.5,26.5,26.5,1232
2022-10-12,26.25,27.0,26.25,26.25,26.25,1180
2022-10-13,26.25,26.5,25.75,25.75,25.75,1068
2022-10-14,25.75,26.5,25.75,25.75,25.75,900
2022-10-17,25.75,26.75,25.75,26.25,26.25,1964
2022-10-18,26.25,27.5,26.25,26.75,26.75,3632
2022-10-19,26.25,27.5,26.0,26.25,26.25,2064
2022-10-20,26.25,27.25,26.0,26.25,26.25,1236
2022-10-21,26.0,26.649999618530273,25.75,26.5,26.5,968
2022-10-24,26.25,26.875,25.75,26.75,26.75,3128
2022-10-25,26.75,27.5,26.5,27.0,27.0,1492
2022-10-26,26.75,28.25,26.75,27.5,27.5,1248
2022-10-27,28.0,28.0,27.25,28.0,28.0,700
2022-10-28,27.924999237060547,28.0,27.0,27.375,27.375,2084
2022-10-31,28.0,28.0,26.75,27.0,27.0,1604
2022-11-01,26.75,27.5,26.75,27.0,27.0,1040
2022-11-02,27.0,27.049999237060547,26.75,27.0,27.0,316
2022-11-03,27.75,27.75,25.75,25.75,25.75,1180
2022-11-04,26.0,26.049999237060547,22.450000762939453,24.25,24.25,4092
2022-11-07,23.75,26.0,23.75,25.625,25.625,2340
2022-11-08,25.5,26.0,23.75,24.149999618530273,24.149999618530273,1508
2022-11-09,23.5,24.524999618530273,23.5,24.375,24.375,2516
2022-11-10,23.75,25.0,23.5,25.0,25.0,2628
2022-11-11,24.75,26.0,24.649999618530273,25.75,25.75,1456
2022-11-14,25.75,25.75,24.25,25.25,25.25,864
2022-11-15,25.0,25.5,24.875,25.0,25.0,1296
2022-11-16,25.0,25.0,23.75,24.375,24.375,2400
2022-11-17,24.0,25.0,24.0,25.0,25.0,1220
2022-11-18,25.0,25.5,25.0,25.25,25.25,684
2022-11-21,25.25,26.0,24.375,25.0,25.0,1132
2022-11-22,25.075000762939453,27.5,24.25,25.75,25.75,1748
2022-11-23,26.125,26.125,24.350000381469727,25.0,25.0,936
2022-11-25,24.274999618530273,25.5,24.274999618530273,25.25,25.25,168
2022-11-28,24.5,25.0,23.75,24.5,24.5,1072
2022-11-29,24.0,24.75,23.25,24.75,24.75,1612
2022-11-30,24.5,25.25,24.0,24.875,24.875,948
2022-12-01,24.25,25.5,24.25,25.0,25.0,1592
2022-12-02,23.75,25.5,23.75,24.75,24.75,1136
2022-12-05,24.25,25.5,24.25,24.825000762939453,24.825000762939453,792
2022-12-06,25.5,25.75,24.5,24.75,24.75,648
2022-12-07,24.5,25.5,24.0,24.875,24.875,848
2022-12-08,25.25,25.25,24.75,24.75,24.75,948
2022-12-09,24.25,25.0,24.0,24.5,24.5,792
2022-12-12,25.0,25.0,24.125,24.424999237060547,24.424999237060547,1948
2022-12-13,24.825000762939453,25.25,24.399999618530273,25.0,25.0,1796
2022-12-14,25.0,25.0,24.75,24.75,24.75,620
2022-12-15,24.5,27.0,24.5,25.5,25.5,3560
2022-12-16,26.0,27.25,24.5,24.5,24.5,4040
2022-12-19,25.5,25.5,24.5,24.5,24.5,1340
2022-12-20,24.725000381469727,27.424999237060547,24.399999618530273,24.399999618530273,24.399999618530273,992
2022-12-21,24.5,25.25,24.5,25.0,25.0,876
2022-12-22,24.5,25.5,24.424999237060547,25.0,25.0,968
2022-12-23,24.5,25.5,24.350000381469727,25.0,25.0,2164
2022-12-27,24.0,25.0,23.75,24.350000381469727,24.350000381469727,3244
2022-12-28,24.274999618530273,25.25,24.274999618530273,25.25,25.25,1624
2022-12-29,25.5,26.0,24.75,25.75,25.75,3596
2022-12-30,25.0,25.75,24.274999618530273,25.0,25.0,4388
2023-01-03,25.0,26.5,24.625,26.5,26.5,2696
2023-01-04,25.75,26.5,24.625,25.5,25.5,1552
2023-01-05,26.0,26.0,24.524999618530273,24.75,24.75,744
2023-01-06,24.75,26.25,24.75,25.25,25.25,896
2023-01-09,25.75,26.725000381469727,25.0,25.0,25.0,1744
2023-01-10,26.0,26.0,25.0,25.5,25.5,3392
2023-01-11,25.75,26.0,25.0,25.25,25.25,1716
2023-01-12,25.25,25.5,25.0,25.25,25.25,1340
2023-01-13,25.5,25.75,25.0,25.5,25.5,1460
2023-01-17,25.5,26.25,25.0,25.75,25.75,1716
2023-01-18,25.375,25.725000381469727,25.0,25.25,25.25,1556
2023-01-19,25.25,25.25,24.75,25.0,25.0,1204
2023-01-20,25.5,25.600000381469727,25.0,25.25,25.25,1392
2023-01-23,25.0,25.75,25.0,25.5,25.5,1404
2023-01-24,25.75,25.75,25.0,25.25,25.25,1384
2023-01-25,25.0,25.5,25.0,25.0,25.0,1848
2023-01-26,25.5,25.5,24.975000381469727,25.25,25.25,1376
2023-01-27,24.5,25.5,24.5,25.25,25.25,1904
2023-01-30,25.0,25.450000762939453,24.975000381469727,25.0,25.0,1460
2023-01-31,25.0,25.5,25.0,25.0,25.0,2124
2023-02-01,25.5,25.5,25.0,25.0,25.0,1824
2023-02-02,25.0,25.5,24.975000381469727,25.25,25.25,5376
2023-02-03,25.5,25.5,25.0,25.0,25.0,2020
2023-02-06,24.75,25.5,24.75,25.5,25.5,2040
2023-02-07,25.375,25.5,25.0,25.25,25.25,784
2023-02-08,25.25,25.375,25.0,25.0,25.0,1288
2023-02-09,25.0,25.5,25.0,25.0,25.0,1124
2023-02-10,25.25,25.5,25.0,25.0,25.0,1400
2023-02-13,24.975000381469727,25.25,24.975000381469727,25.0,25.0,508
2023-02-14,24.975000381469727,25.25,24.75,25.25,25.25,3136
2023-02-15,25.100000381469727,25.25,25.0,25.0,25.0,440
2023-02-16,24.75,25.25,24.5,24.875,24.875,1640
2023-02-17,24.5,25.25,24.5,25.0,25.0,1020
2023-02-21,25.25,25.25,25.0,25.0,25.0,956
2023-02-22,25.25,26.0,25.25,25.75,25.75,1160
2023-02-23,25.25,26.0,25.25,26.0,26.0,452
2023-02-24,25.774999618530273,26.0,25.75,25.75,25.75,580
2023-02-27,25.5,26.0,25.5,25.75,25.75,416
2023-02-28,25.575000762939453,26.25,25.5,25.5,25.5,384
2023-03-01,25.5,26.5,25.0,25.0,25.0,2580
2023-03-02,26.25,26.25,25.25,25.75,25.75,1428
2023-03-03,26.0,26.5,25.75,26.25,26.25,5448
2023-03-06,25.5,26.25,25.5,25.75,25.75,560
2023-03-07,25.5,25.700000762939453,24.875,25.125,25.125,716
2023-03-08,24.5,26.0,24.5,25.0,25.0,348
2023-03-09,25.75,26.25,25.0,25.0,25.0,1232
2023-03-10,25.299999237060547,25.299999237060547,24.5,25.0,25.0,2564
2023-03-13,24.524999618530273,25.5,24.524999618530273,24.700000762939453,24.700000762939453,1596
2023-03-14,24.799999237060547,24.924999237060547,24.700000762939453,24.700000762939453,24.700000762939453,724
2023-03-15,24.75,24.825000762939453,24.5,24.674999237060547,24.674999237060547,864
2023-03-16,24.5,24.950000762939453,24.5,24.674999237060547,24.674999237060547,480
2023-03-17,24.75,25.125,24.625,25.0,25.0,2492
2023-03-20,24.75,24.950000762939453,24.5,24.600000381469727,24.600000381469727,2424
2023-03-21,24.5,25.5,24.25,24.575000762939453,24.575000762939453,1884
2023-03-22,24.5,25.25,24.350000381469727,24.375,24.375,1996
2023-03-23,24.5,25.5,23.825000762939453,24.5,24.5,1040
2023-03-24,24.450000762939453,24.924999237060547,23.825000762939453,24.674999237060547,24.674999237060547,1496
2023-03-27,24.5,24.725000381469727,24.024999618530273,24.399999618530273,24.399999618530273,668
2023-03-28,24.0,24.700000762939453,24.0,24.649999618530273,24.649999618530273,1728
2023-03-29,24.25,24.774999618530273,24.049999237060547,24.450000762939453,24.450000762939453,1228
2023-03-30,24.25,25.75,24.0,25.5,25.5,4416
2023-03-31,25.174999237060547,25.25,24.649999618530273,25.25,25.25,948
2023-04-03,25.0,25.25,24.75,25.125,25.125,1388
2023-04-04,24.75,25.0,24.75,25.0,25.0,1908
2023-04-05,25.0,25.25,24.75,25.0,25.0,820
2023-04-06,24.75,32.25,24.549999237060547,27.25,27.25,62524
2023-04-10,27.25,27.5,25.5,27.5,27.5,5004
2023-04-11,26.25,27.5,26.25,27.25,27.25,2628
2023-04-12,27.75,27.75,27.0,27.75,27.75,1384
2023-04-13,27.5,28.25,27.25,27.75,27.75,4280
2023-04-14,27.5,28.0,26.75,27.0,27.0,1120
2023-04-17,27.0,27.75,25.5,27.0,27.0,3540
2023-04-18,26.5,27.25,25.75,26.5,26.5,2984
2023-04-19,26.25,27.25,26.0,26.5,26.5,2124
2023-04-20,26.25,26.75,25.75,26.25,26.25,5328
2023-04-21,26.375,27.25,26.0,26.75,26.75,1896
2023-04-24,26.5,27.25,26.0,26.25,26.25,1588
2023-04-25,26.174999237060547,26.75,25.25,26.25,26.25,2848
2023-04-26,26.5,26.75,25.75,26.5,26.5,1892
2023-04-27,26.5,26.950000762939453,26.0,26.25,26.25,1364
2023-04-28,26.5,27.5,26.5,26.75,26.75,2204
2023-05-01,26.75,27.5,26.75,27.0,27.0,2212
2023-05-02,26.5,27.75,26.5,26.75,26.75,1532
2023-05-03,27.5,28.75,27.0,27.0,27.0,2420
2023-05-04,27.5,27.5,26.5,26.5,26.5,1296
2023-05-05,26.5,26.5,26.25,26.25,26.25,872
2023-05-08,26.5,27.0,26.25,26.5,26.5,1128
2023-05-09,26.350000381469727,26.5,26.174999237060547,26.375,26.375,780
2023-05-10,26.5,27.5,26.5,27.25,27.25,1040
2023-05-11,27.5,27.5,26.75,27.5,27.5,480
2023-05-12,27.024999618530273,27.024999618530273,26.25,26.25,26.25,564
2023-05-15,27.0,27.5,26.25,27.024999618530273,27.024999618530273,1144
2023-05-16,27.0,27.0,26.25,26.25,26.25,1804
2023-05-17,27.225000381469727,27.75,25.25,25.75,25.75,1604
2023-05-18,26.075000762939453,26.75,24.0,24.649999618530273,24.649999618530273,3884
2023-05-19,24.75,25.0,24.100000381469727,24.600000381469727,24.600000381469727,1748
2023-05-22,24.75,25.0,24.049999237060547,24.575000762939453,24.575000762939453,916
2023-05-23,24.649999618530273,25.5,24.575000762939453,25.0,25.0,1588
2023-05-24,25.75,25.75,24.75,24.75,24.75,1708
2023-05-25,24.799999237060547,25.25,24.5,24.924999237060547,24.924999237060547,1820
2023-05-26,25.0,25.75,25.0,25.5,25.5,1124
2023-05-30,24.75,25.75,24.75,25.5,25.5,400
2023-05-31,25.0,26.0,25.0,25.5,25.5,1196
2023-06-01,25.25,25.5,25.024999618530273,25.5,25.5,796
2023-06-02,25.0,25.75,25.0,25.625,25.625,524
2023-06-05,25.5,25.75,25.0,25.0,25.0,840
2023-06-06,25.5,25.75,24.549999237060547,25.0,25.0,520
2023-06-07,24.75,25.5,24.549999237060547,24.924999237060547,24.924999237060547,612
2023-06-08,25.5,25.75,24.5,24.875,24.875,356
2023-06-09,24.875,25.75,24.649999618530273,24.799999237060547,24.799999237060547,832
2023-06-12,24.549999237060547,25.5,24.5,25.5,25.5,632
2023-06-13,25.75,25.75,25.0,25.5,25.5,648
2023-06-14,25.5,25.75,25.25,25.75,25.75,832
2023-06-15,25.75,25.75,25.0,25.75,25.75,512
2023-06-16,25.75,25.75,25.25,25.25,25.25,2148
2023-06-20,25.25,25.700000762939453,25.0,25.5,25.5,632
2023-06-21,25.375,26.0,25.0,25.75,25.75,700
2023-06-22,25.75,26.25,25.5,26.0,26.0,1284
2023-06-23,25.975000381469727,26.5,25.5,25.75,25.75,556
2023-06-26,25.0,26.25,25.0,26.25,26.25,728
2023-06-27,25.75,26.0,25.5,25.5,25.5,240
2023-06-28,25.0,25.5,24.75,25.0,25.0,2288
2023-06-29,24.75,25.25,24.549999237060547,25.125,25.125,3024
2023-06-30,25.0,26.0,24.549999237060547,26.0,26.0,1404
2023-07-03,26.0,26.0,25.924999237060547,25.924999237060547,25.924999237060547,32
2023-07-05,24.75,25.325000762939453,24.700000762939453,25.0,25.0,1556
2023-07-06,24.549999237060547,25.575000762939453,24.424999237060547,25.0,25.0,2972
2023-07-07,24.725000381469727,25.25,24.5,25.25,25.25,2632
2023-07-10,25.25,25.5,24.625,25.25,25.25,2404
2023-07-11,25.0,25.5,24.75,25.0,25.0,1360
2023-07-12,25.0,25.5,24.950000762939453,25.25,25.25,472
2023-07-13,24.25,25.25,24.0,25.25,25.25,1116
2023-07-14,25.0,25.424999237060547,25.0,25.0,25.0,228
2023-07-17,24.024999618530273,25.0,24.024999618530273,24.975000381469727,24.975000381469727,1124
2023-07-18,24.75,25.75,24.700000762939453,25.75,25.75,1520
2023-07-19,25.75,25.75,24.950000762939453,25.375,25.375,480
2023-07-20,24.5,25.75,24.5,25.5,25.5,688
2023-07-21,24.924999237060547,25.375,24.924999237060547,25.0,25.0,548
2023-07-24,25.25,25.5,25.125,25.25,25.25,128
2023-07-25,25.25,25.25,25.0,25.0,25.0,244
2023-07-26,24.75,25.25,24.75,25.25,25.25,456
2023-07-27,24.5,25.25,24.5,25.25,25.25,744
2023-07-28,24.5,25.25,24.5,25.25,25.25,1752
2023-07-31,25.450000762939453,25.75,25.25,25.25,25.25,824
2023-08-01,25.274999618530273,25.5,25.25,25.475000381469727,25.475000381469727,78484
2023-08-02,25.75,25.75,24.024999618530273,24.049999237060547,24.049999237060547,27036
2023-08-03,24.25,24.25,24.0,24.0,24.0,5804
2023-08-04,24.0,24.5,20.350000381469727,21.850000381469727,21.850000381469727,16768
2023-08-07,22.0,22.0,21.274999618530273,21.5,21.5,7184
2023-08-08,21.5,21.625,21.25,21.575000762939453,21.575000762939453,3312
2023-08-09,21.575000762939453,22.225000381469727,21.575000762939453,21.924999237060547,21.924999237060547,2376
2023-08-10,22.024999618530273,22.225000381469727,21.325000762939453,21.899999618530273,21.899999618530273,2732
2023-08-11,21.825000762939453,22.024999618530273,21.825000762939453,22.024999618530273,22.024999618530273,1512
2023-08-14,21.825000762939453,22.200000762939453,21.825000762939453,22.024999618530273,22.024999618530273,452
2023-08-15,21.875,22.225000381469727,20.5,20.5,20.5,1208
2023-08-16,20.5,21.5,20.5,20.825000762939453,20.825000762939453,424
2023-08-17,20.649999618530273,21.850000381469727,20.575000762939453,20.875,20.875,1356
2023-08-18,20.924999237060547,21.75,20.575000762939453,20.799999237060547,20.799999237060547,328
2023-08-21,21.049999237060547,21.049999237060547,20.5,20.75,20.75,828
2023-08-22,20.5,20.75,20.5,20.75,20.75,680
2023-08-23,20.5,21.0,20.5,20.75,20.75,1268
2023-08-24,20.549999237060547,20.75,20.5,20.625,20.625,980
2023-08-25,20.5,21.5,20.5,21.0,21.0,572
2023-08-28,20.75,21.0,20.5,20.725000381469727,20.725000381469727,180
2023-08-29,21.475000381469727,21.475000381469727,20.549999237060547,21.0,21.0,1084
2023-08-30,20.75,20.75,20.549999237060547,20.549999237060547,20.549999237060547,432
2023-08-31,21.0,21.225000381469727,20.75,20.75,20.75,440
2023-09-01,20.725000381469727,21.25,20.725000381469727,20.75,20.75,420
2023-09-05,21.0,21.25,20.725000381469727,21.25,21.25,608
2023-09-06,21.75,21.75,20.825000762939453,21.5,21.5,860
2023-09-07,20.799999237060547,22.75,20.75,21.325000762939453,21.325000762939453,680
2023-09-08,22.0,22.875,20.549999237060547,20.924999237060547,20.924999237060547,7148
2023-09-11,21.25,22.75,20.75,21.450000762939453,21.450000762939453,3780
2023-09-12,21.274999618530273,22.75,21.274999618530273,21.549999237060547,21.549999237060547,940
2023-09-13,21.5,22.5,21.25,21.299999237060547,21.299999237060547,720
2023-09-14,21.424999237060547,21.75,20.5,20.75,20.75,920
2023-09-15,20.524999618530273,21.549999237060547,20.5,20.5,20.5,1304
2023-09-18,20.25,21.100000381469727,19.399999618530273,19.399999618530273,19.399999618530273,4400
2023-09-19,19.725000381469727,20.75,19.399999618530273,20.0,20.0,2980
2023-09-20,19.950000762939453,20.5,19.5,19.924999237060547,19.924999237060547,916
2023-09-21,19.5,20.924999237060547,18.75,19.649999618530273,19.649999618530273,5328
2023-09-22,19.049999237060547,20.0,18.299999237060547,19.25,19.25,1996
2023-09-25,18.5,19.0,18.25,18.25,18.25,704
2023-09-26,18.25,18.75,17.0,17.174999237060547,17.174999237060547,4008
2023-09-27,17.924999237060547,19.725000381469727,17.149999618530273,17.524999618530273,17.524999618530273,972
2023-09-28,18.625,18.625,15.75,16.225000381469727,16.225000381469727,1648
2023-09-29,16.125,16.774999618530273,16.125,16.549999237060547,16.549999237060547,896
2023-10-02,16.100000381469727,16.549999237060547,15.25,15.475000381469727,15.475000381469727,2760
2023-10-03,15.25,15.625,15.0,15.100000381469727,15.100000381469727,576
2023-10-04,15.75,16.600000381469727,15.725000381469727,16.475000381469727,16.475000381469727,1104
2023-10-05,16.274999618530273,16.575000762939453,15.375,15.375,15.375,1100
2023-10-06,15.5,16.225000381469727,15.25,15.975000381469727,15.975000381469727,376
2023-10-09,16.0,16.25,15.100000381469727,15.100000381469727,15.100000381469727,748
2023-10-10,15.100000381469727,16.25,15.100000381469727,15.975000381469727,15.975000381469727,644
2023-10-11,15.875,15.949999809265137,15.0,15.25,15.25,400
2023-10-12,16.024999618530273,16.024999618530273,15.0,15.149999618530273,15.149999618530273,748
2023-10-13,15.024999618530273,15.800000190734863,13.899999618530273,14.25,14.25,1400
2023-10-16,14.25,15.074999809265137,14.0,14.5,14.5,1152
2023-10-17,14.0,14.975000381469727,13.149999618530273,13.975000381469727,13.975000381469727,1812
2023-10-18,14.375,14.75,14.25,14.399999618530273,14.399999618530273,312
2023-10-19,13.975000381469727,14.5,13.449999809265137,13.75,13.75,660
2023-10-20,13.75,13.75,12.5,13.125,13.125,1400
2023-10-23,12.75,13.199999809265137,12.5,12.5,12.5,696
2023-10-24,12.524999618530273,12.75,12.5,12.574999809265137,12.574999809265137,600
2023-10-25,12.350000381469727,12.649999618530273,12.050000190734863,12.25,12.25,852
2023-10-26,12.100000381469727,12.100000381469727,11.5,11.75,11.75,808
2023-10-27,11.75,12.800000190734863,11.75,12.425000190734863,12.425000190734863,332
2023-10-30,12.274999618530273,12.574999809265137,11.725000381469727,12.5,12.5,840
2023-10-31,12.675000190734863,12.675000190734863,12.0,12.274999618530273,12.274999618530273,604
2023-11-01,12.149999618530273,12.675000190734863,11.475000381469727,11.475000381469727,11.475000381469727,696
2023-11-02,11.5,12.125,11.350000381469727,11.975000381469727,11.975000381469727,508
2023-11-03,12.074999809265137,12.074999809265137,12.0,12.0,12.0,648
2023-11-06,11.5,12.050000190734863,11.5,11.75,11.75,396
2023-11-07,12.0,12.5,11.524999618530273,12.0,12.0,1824
2023-11-08,12.25,12.375,11.625,12.199999809265137,12.199999809265137,812
2023-11-09,11.5,12.25,11.5,12.125,12.125,448
2023-11-10,11.824999809265137,12.024999618530273,10.25,11.0,11.0,1712
2023-11-13,10.5,11.175000190734863,10.25,10.774999618530273,10.774999618530273,388
2023-11-14,10.25,10.699999809265137,9.5,9.75,9.75,3672
2023-11-15,9.75,9.75,9.5,9.5,9.5,1740
2023-11-16,9.75,10.324999809265137,9.5,9.824999809265137,9.824999809265137,1108
2023-11-17,9.824999809265137,11.25,9.574999809265137,11.225000381469727,11.225000381469727,16532
2023-11-20,11.75,12.199999809265137,10.5,12.199999809265137,12.199999809265137,4364
2023-11-21,11.824999809265137,11.824999809265137,10.5,10.824999809265137,10.824999809265137,824
2023-11-22,11.350000381469727,11.350000381469727,10.75,10.75,10.75,296
2023-11-24,11.225000381469727,11.75,10.75,11.274999618530273,11.274999618530273,1020
2023-11-27,10.699999809265137,11.75,10.699999809265137,11.149999618530273,11.149999618530273,1076
2023-11-28,11.300000190734863,11.75,11.300000190734863,11.574999809265137,11.574999809265137,676
2023-11-29,11.574999809265137,11.75,11.25,11.574999809265137,11.574999809265137,372
2023-11-30,11.675000190734863,11.850000381469727,11.25,11.850000381469727,11.850000381469727,808
2023-12-01,11.5,12.75,11.274999618530273,12.449999809265137,12.449999809265137,1876
2023-12-04,12.25,12.5,11.25,12.5,12.5,660
2023-12-05,12.199999809265137,12.675000190734863,11.875,12.375,12.375,204
2023-12-06,12.5,13.5,12.5,12.824999809265137,12.824999809265137,2312
2023-12-07,13.25,15.5,13.25,14.5,14.5,2972
2023-12-08,15.0,15.75,13.524999618530273,15.25,15.25,2100
2023-12-11,16.0,16.450000762939453,15.25,15.25,15.25,3104
2023-12-12,15.5,17.5,15.5,16.375,16.375,1724
2023-12-13,17.0,18.024999618530273,16.75,17.5,17.5,2168
2023-12-14,18.0,18.25,17.274999618530273,17.274999618530273,17.274999618530273,1780
2023-12-15,17.25,18.75,17.25,18.75,18.75,6440
2023-12-18,19.5,19.5,17.399999618530273,17.899999618530273,17.899999618530273,3180
2023-12-19,18.799999237060547,19.024999618530273,17.625,17.924999237060547,17.924999237060547,920
2023-12-20,17.924999237060547,18.75,17.475000381469727,18.5,18.5,1648
2023-12-21,17.924999237060547,19.0,17.924999237060547,18.450000762939453,18.450000762939453,1028
2023-12-22,18.649999618530273,19.0,18.25,18.625,18.625,1140
2023-12-26,17.700000762939453,18.600000381469727,17.700000762939453,18.600000381469727,18.600000381469727,1504
2023-12-27,18.25,18.75,18.25,18.274999618530273,18.274999618530273,420
2023-12-28,18.450000762939453,20.0,16.125,19.274999618530273,19.274999618530273,1808
2023-12-29,20.0,21.0,19.274999618530273,20.549999237060547,20.549999237060547,3020
2024-01-02,20.600000381469727,21.25,19.625,20.75,20.75,3124
2024-01-03,20.924999237060547,21.225000381469727,19.875,20.75,20.75,1232
2024-01-04,21.25,21.25,19.75,20.725000381469727,20.725000381469727,1300
2024-01-05,21.25,21.25,19.600000381469727,20.725000381469727,20.725000381469727,776
2024-01-08,20.5,20.774999618530273,20.0,20.774999618530273,20.774999618530273,1644
2024-01-09,20.774999618530273,21.25,20.0,21.25,21.25,960
2024-01-10,20.5,21.25,18.75,20.0,20.0,1872
2024-01-11,19.0,20.5,18.75,18.75,18.75,720
2024-01-12,19.024999618530273,19.625,18.25,18.5,18.5,564
2024-01-16,18.0,18.5,17.25,17.700000762939453,17.700000762939453,1168
2024-01-17,17.700000762939453,18.625,17.5,18.575000762939453,18.575000762939453,312
2024-01-18,17.75,19.350000381469727,17.399999618530273,17.399999618530273,17.399999618530273,1156
2024-01-19,17.125,20.0,17.125,17.424999237060547,17.424999237060547,396
2024-01-22,17.424999237060547,17.424999237060547,17.0,17.225000381469727,17.225000381469727,572
2024-01-23,17.0,18.649999618530273,17.0,17.25,17.25,532
2024-01-24,17.0,17.5,17.0,17.475000381469727,17.475000381469727,224
2024-01-25,17.475000381469727,18.075000762939453,17.0,17.0,17.0,328
2024-01-26,17.0,18.75,17.0,18.674999237060547,18.674999237060547,912
2024-01-29,17.325000762939453,17.975000381469727,17.325000762939453,17.75,17.75,440
2024-01-30,18.0,18.0,15.699999809265137,17.25,17.25,1168
2024-01-31,16.5,17.0,15.024999618530273,15.25,15.25,884
2024-02-01,15.125,15.350000381469727,14.524999618530273,14.824999809265137,14.824999809265137,532
2024-02-02,14.5,14.75,14.5,14.699999809265137,14.699999809265137,700
2024-02-05,16.0,16.0,11.0,12.100000381469727,12.100000381469727,6004
2024-02-06,11.725000381469727,15.0,11.125,14.75,14.75,7444
2024-02-07,14.850000381469727,14.850000381469727,13.25,14.625,14.625,1412
2024-02-08,14.074999809265137,15.75,14.050000190734863,15.625,15.625,2324
2024-02-09,15.0,15.75,15.0,15.75,15.75,700
2024-02-12,15.0,17.924999237060547,15.0,17.100000381469727,17.100000381469727,2088
2024-02-13,17.5,17.5,16.325000762939453,16.524999618530273,16.524999618530273,1160
2024-02-14,16.75,17.25,16.0,17.25,17.25,536
2024-02-15,17.25,17.5,16.75,17.375,17.375,2648
2024-02-16,17.5,17.5,16.5,17.274999618530273,17.274999618530273,1048
2024-02-20,17.5,17.5,16.274999618530273,17.5,17.5,2984
2024-02-21,17.5,17.5,16.399999618530273,17.149999618530273,17.149999618530273,1384
2024-02-22,16.424999237060547,17.5,16.424999237060547,16.524999618530273,16.524999618530273,664
2024-02-23,16.524999618530273,17.5,16.25,17.25,17.25,652
2024-02-26,16.600000381469727,17.5,16.600000381469727,17.274999618530273,17.274999618530273,704
2024-02-27,16.5,17.5,16.5,17.125,17.125,2252
2024-02-28,16.700000762939453,18.225000381469727,16.700000762939453,18.0,18.0,4928
2024-02-29,17.450000762939453,18.0,17.075000762939453,17.075000762939453,17.075000762939453,1000
2024-03-01,17.25,18.25,17.149999618530273,18.100000381469727,18.100000381469727,5472
2024-03-04,17.75,18.0,16.524999618530273,17.25,17.25,1108
2024-03-05,17.25,17.825000762939453,16.75,17.825000762939453,17.825000762939453,460
2024-03-06,18.0,18.75,17.524999618530273,18.5,18.5,1424
2024-03-07,18.75,19.475000381469727,18.5,19.225000381469727,19.225000381469727,1624
2024-03-08,18.25,19.350000381469727,18.25,18.924999237060547,18.924999237060547,576
2024-03-11,18.075000762939453,19.25,17.5,17.725000381469727,17.725000381469727,1560
2024-03-12,17.600000381469727,17.75,16.799999237060547,16.799999237060547,16.799999237060547,768
2024-03-13,16.274999618530273,18.25,16.0,16.200000762939453,16.200000762939453,1548
2024-03-14,16.225000381469727,17.25,15.75,16.225000381469727,16.225000381469727,588
2024-03-15,15.875,16.850000381469727,15.25,15.5,15.5,1220
2024-03-18,15.25,16.75,15.25,16.075000762939453,16.075000762939453,600
2024-03-19,16.25,17.0,16.25,16.5,16.5,780
2024-03-20,16.125,17.75,16.125,17.475000381469727,17.475000381469727,964
2024-03-21,17.625,18.0,17.25,17.25,17.25,640
2024-03-22,17.100000381469727,18.0,16.950000762939453,17.5,17.5,256
2024-03-25,17.5,17.75,17.5,17.75,17.75,204
2024-03-26,18.0,18.5,17.274999618530273,17.75,17.75,924
2024-03-27,18.100000381469727,18.100000381469727,17.274999618530273,17.375,17.375,600
2024-03-28,17.375,18.5,16.799999237060547,17.399999618530273,17.399999618530273,2108
2024-04-01,17.625,18.0,16.75,17.700000762939453,17.700000762939453,252
2024-04-02,17.25,18.25,16.75,17.950000762939453,17.950000762939453,280
2024-04-03,17.875,18.75,17.375,17.375,17.375,1552
2024-04-04,17.450000762939453,18.625,17.25,18.25,18.25,904
2024-04-05,18.0,18.0,16.75,17.475000381469727,17.475000381469727,1284
2024-04-08,18.549999237060547,19.125,15.5,17.524999618530273,17.524999618530273,3176
2024-04-09,18.75,19.125,18.0,18.049999237060547,18.049999237060547,2596
2024-04-10,18.25,18.975000381469727,17.75,18.25,18.25,564
2024-04-11,18.25,18.274999618530273,17.625,18.0,18.0,308
2024-04-12,18.0,18.075000762939453,17.5,18.075000762939453,18.075000762939453,884
2024-04-15,18.549999237060547,18.575000762939453,17.75,17.75,17.75,256
2024-04-16,17.5,18.75,17.5,18.350000381469727,18.350000381469727,712
2024-04-17,18.25,19.5,18.25,18.5,18.5,2292
2024-04-18,19.225000381469727,19.5,18.25,19.5,19.5,2296
2024-04-19,18.75,19.5,18.325000762939453,18.350000381469727,18.350000381469727,336
2024-04-22,17.799999237060547,18.75,17.799999237060547,18.0,18.0,640
2024-04-23,19.174999237060547,19.174999237060547,17.75,18.475000381469727,18.475000381469727,184
2024-04-24,18.0,18.450000762939453,17.75,18.0,18.0,572
2024-04-25,18.125,18.5,17.75,18.475000381469727,18.475000381469727,112
2024-04-26,18.5,18.5,17.75,17.899999618530273,17.899999618530273,232
2024-04-29,17.899999618530273,18.5,17.75,18.125,18.125,544
2024-04-30,17.75,19.25,17.75,18.524999618530273,18.524999618530273,904
2024-05-01,17.75,19.200000762939453,15.75,16.774999618530273,16.774999618530273,1332
2024-05-02,16.75,18.25,16.75,17.25,17.25,444
2024-05-03,17.799999237060547,18.25,17.350000381469727,17.850000381469727,17.850000381469727,472
2024-05-06,18.0,19.225000381469727,18.0,18.0,18.0,464
2024-05-07,17.875,18.75,17.774999618530273,17.774999618530273,17.774999618530273,416
2024-05-08,18.25,18.75,18.25,18.75,18.75,540
2024-05-09,18.75,18.75,17.75,18.200000762939453,18.200000762939453,332
2024-05-10,18.725000381469727,18.725000381469727,18.0,18.625,18.625,132
2024-05-13,18.024999618530273,18.024999618530273,17.75,17.75,17.75,724
2024-05-14,17.25,18.5,16.75,17.0,17.0,700
2024-05-15,16.75,17.0,15.75,16.0,16.0,1036
2024-05-16,16.375,18.725000381469727,15.75,15.75,15.75,1840
2024-05-17,16.100000381469727,16.875,15.0,15.024999618530273,15.024999618530273,1300
2024-05-20,16.549999237060547,16.549999237060547,14.5,15.175000190734863,15.175000190734863,632
2024-05-21,15.0,15.725000381469727,12.75,14.699999809265137,14.699999809265137,968
2024-05-22,13.75,15.5,13.75,15.0,15.0,1020
2024-05-23,14.25,15.725000381469727,14.25,15.0,15.0,556
2024-05-24,15.425000190734863,15.425000190734863,13.75,14.5,14.5,404
2024-05-28,13.75,16.375,13.75,16.274999618530273,16.274999618530273,2620
2024-05-29,15.875,16.0,14.199999809265137,15.25,15.25,3280
2024-05-30,15.0,15.75,14.0,15.625,15.625,3572
2024-05-31,15.25,15.25,14.25,14.850000381469727,14.850000381469727,368
2024-06-03,15.0,16.25,14.5,14.524999618530273,14.524999618530273,684
2024-06-04,14.0,16.25,13.875,15.050000190734863,15.050000190734863,444
2024-06-05,14.25,15.25,13.75,14.274999618530273,14.274999618530273,924
2024-06-06,14.024999618530273,15.625,14.024999618530273,14.850000381469727,14.850000381469727,388
2024-06-07,15.0,15.5,14.5,14.574999809265137,14.574999809265137,1052
2024-06-10,14.100000381469727,15.5,13.75,13.75,13.75,1308
2024-06-11,15.225000381469727,15.25,13.75,14.5,14.5,248
2024-06-12,13.774999618530273,14.625,13.75,14.25,14.25,580
2024-06-13,14.0,14.75,14.0,14.0,14.0,96
2024-06-14,14.5,14.5,13.5,13.975000381469727,13.975000381469727,380
2024-06-17,14.274999618530273,14.274999618530273,12.899999618530273,12.899999618530273,12.899999618530273,708
2024-06-18,13.050000190734863,15.0,13.050000190734863,13.375,13.375,1028
2024-06-20,12.5,13.25,12.5,12.5,12.5,916
2024-06-21,12.5,12.899999618530273,12.225000381469727,12.225000381469727,12.225000381469727,304
2024-06-24,12.25,12.75,12.225000381469727,12.25,12.25,776
2024-06-25,12.25,13.0,11.25,11.5,11.5,2300
2024-06-26,12.0,14.25,12.0,12.0,12.0,400
2024-06-27,13.100000381469727,13.699999809265137,13.100000381469727,13.699999809265137,13.699999809265137,472
2024-06-28,13.699999809265137,14.475000381469727,13.175000190734863,13.425000190734863,13.425000190734863,132
2024-07-01,13.25,14.449999809265137,13.100000381469727,13.649999618530273,13.649999618530273,300
2024-07-02,13.75,13.774999618530273,13.100000381469727,13.100000381469727,13.100000381469727,428
2024-07-03,12.774999618530273,12.774999618530273,12.5,12.75,12.75,84
2024-07-05,12.774999618530273,14.225000381469727,12.0,14.225000381469727,14.225000381469727,244
2024-07-08,12.5,13.975000381469727,12.5,13.25,13.25,204
2024-07-09,13.0,13.5,12.125,13.0,13.0,688
2024-07-10,13.0,13.25,12.375,12.75,12.75,296
2024-07-11,13.25,16.075000762939453,12.5,16.075000762939453,16.075000762939453,1488
2024-07-12,16.075000762939453,16.075000762939453,12.725000381469727,13.649999618530273,13.649999618530273,1752
2024-07-15,14.25,14.274999618530273,13.324999809265137,13.975000381469727,13.975000381469727,588
2024-07-16,15.125,15.5,13.824999809265137,14.5,14.5,884
2024-07-17,14.5,15.0,14.5,14.5,14.5,448
2024-07-18,14.024999618530273,15.0,13.75,14.024999618530273,14.024999618530273,412
2024-07-19,14.199999809265137,15.0,14.074999809265137,14.75,14.75,532
2024-07-22,15.0,15.0,14.75,14.875,14.875,432
2024-07-23,14.0,14.5,13.75,14.199999809265137,14.199999809265137,484
2024-07-24,14.25,14.5,14.125,14.5,14.5,1560
2024-07-25,14.274999618530273,14.5,14.25,14.274999618530273,14.274999618530273,188
2024-07-26,14.274999618530273,14.449999809265137,13.75,13.925000190734863,13.925000190734863,396
2024-07-29,14.0,14.350000381469727,13.524999618530273,13.949999809265137,13.949999809265137,200
2024-07-30,13.949999809265137,14.100000381469727,13.5,13.5,13.5,184
2024-07-31,14.175000190734863,14.5,13.5,13.75,13.75,664
2024-08-01,13.600000381469727,14.5,13.5,13.725000381469727,13.725000381469727,376
2024-08-02,13.5,13.75,13.25,13.25,13.25,812
2024-08-05,13.0,13.125,12.5,12.5,12.5,1244
2024-08-06,13.0,13.149999618530273,11.5,11.649999618530273,11.649999618530273,580
2024-08-07,11.75,12.625,11.75,11.75,11.75,316
2024-08-08,11.5,12.0,10.375,10.699999809265137,10.699999809265137,2572
2024-08-09,10.399999618530273,11.925000190734863,10.024999618530273,11.074999809265137,11.074999809265137,476
2024-08-12,10.5,11.0,9.5,10.475000381469727,10.475000381469727,744
2024-08-13,10.550000190734863,11.25,10.550000190734863,10.574999809265137,10.574999809265137,1324
2024-08-14,10.975000381469727,10.975000381469727,9.75,9.75,9.75,1796
2024-08-15,9.75,10.675000190734863,7.0,7.75,7.75,64488
2024-08-16,7.525000095367432,8.25,7.0,7.5,7.5,11036
2024-08-19,7.75,8.25,7.300000190734863,8.25,8.25,10044
2024-08-20,8.0,9.225000381469727,8.0,8.25,8.25,6536
2024-08-21,8.25,8.949999809265137,8.024999618530273,8.274999618530273,8.274999618530273,5540
2024-08-22,8.75,8.75,7.900000095367432,7.974999904632568,7.974999904632568,16900
2024-08-23,8.25,8.75,7.824999809265137,7.925000190734863,7.925000190734863,15136
2024-08-26,8.600000381469727,8.75,7.824999809265137,8.425000190734863,8.425000190734863,11008
2024-08-27,8.175000190734863,8.949999809265137,8.0,8.625,8.625,10020
2024-08-28,9.050000190734863,9.050000190734863,7.599999904632568,7.730000019073486,7.730000019073486,15500
2024-08-29,7.659999847412109,8.125,7.385000228881836,7.800000190734863,7.800000190734863,7000
2024-08-30,7.849999904632568,8.0,7.585999965667725,7.900000095367432,7.900000095367432,19700
2024-09-03,7.909999847412109,7.909999847412109,7.534999847412109,7.599999904632568,7.599999904632568,1800
2024-09-04,7.309999942779541,7.679999828338623,7.300000190734863,7.300000190734863,7.300000190734863,9600
2024-09-05,7.400000095367432,7.800000190734863,7.257999897003174,7.619999885559082,7.619999885559082,17700
2024-09-06,7.599999904632568,7.699999809265137,7.519999980926514,7.610000133514404,7.610000133514404,6200
2024-09-09,7.697000026702881,7.919000148773193,7.323999881744385,7.579999923706055,7.579999923706055,9400
2024-09-10,7.320000171661377,7.320000171661377,6.909999847412109,7.099999904632568,7.099999904632568,17500
2024-09-11,7.010000228881836,7.099999904632568,6.5,7.099999904632568,7.099999904632568,10000
2024-09-12,6.699999809265137,7.324999809265137,6.699999809265137,7.010000228881836,7.010000228881836,8000
2024-09-13,7.059999942779541,7.327000141143799,6.699999809265137,7.28000020980835,7.28000020980835,14400
2024-09-16,7.070000171661377,7.400000095367432,7.03000020980835,7.260000228881836,7.260000228881836,6600
2024-09-17,7.449999809265137,7.5,6.860000133514404,7.090000152587891,7.090000152587891,15900
2024-09-18,7.0,7.179999828338623,6.6020002365112305,6.730000019073486,6.730000019073486,9800
2024-09-19,7.059999942779541,7.349999904632568,6.909999847412109,7.005000114440918,7.005000114440918,3700
2024-09-20,7.074999809265137,7.139999866485596,6.974999904632568,7.079999923706055,7.079999923706055,4900
2024-09-23,7.150000095367432,7.349999904632568,7.034999847412109,7.034999847412109,7.034999847412109,6000
2024-09-24,6.800000190734863,7.0,6.800000190734863,7.0,7.0,14200
2024-09-25,6.78000020980835,6.900000095367432,6.349999904632568,6.599999904632568,6.599999904632568,16700
2024-09-26,6.510000228881836,6.599999904632568,5.644999980926514,5.820000171661377,5.820000171661377,26800
2024-09-27,5.800000190734863,6.460000038146973,4.860000133514404,5.739999771118164,5.739999771118164,39200
2024-09-30,5.630000114440918,5.789999961853027,5.295000076293945,5.590000152587891,5.590000152587891,13600
2024-10-01,5.53000020980835,5.96999979019165,5.065000057220459,5.159999847412109,5.159999847412109,17900
2024-10-02,5.050000190734863,5.179999828338623,4.889999866485596,5.105000019073486,5.105000019073486,15100
2024-10-03,5.050000190734863,5.050000190734863,4.809999942779541,5.0,5.0,10400
2024-10-04,5.090000152587891,5.099999904632568,5.019999980926514,5.019999980926514,5.019999980926514,1800
2024-10-07,5.175000190734863,5.175000190734863,5.0,5.010000228881836,5.010000228881836,3900
2024-10-08,5.019999980926514,5.123000144958496,4.889999866485596,5.0,5.0,8600
2024-10-09,4.96999979019165,5.0,4.889999866485596,5.0,5.0,3000
2024-10-10,5.014999866485596,5.014999866485596,4.809999942779541,4.809999942779541,4.809999942779541,800
2024-10-11,4.800000190734863,4.840000152587891,4.494999885559082,4.550000190734863,4.550000190734863,18300
2024-10-14,4.510000228881836,4.75,4.440000057220459,4.75,4.75,6300
2024-10-15,4.75,4.75,4.539999961853027,4.614999771118164,4.614999771118164,12000
2024-10-16,4.659999847412109,4.730000019073486,4.480000019073486,4.670000076293945,4.670000076293945,14900
2024-10-17,4.670000076293945,4.679999828338623,4.5,4.5,4.5,2700
2024-10-18,4.910999774932861,4.910999774932861,4.577000141143799,4.730000019073486,4.730000019073486,3000
2024-10-21,4.889999866485596,4.889999866485596,4.5,4.639999866485596,4.639999866485596,14400
2024-10-22,4.75,4.940000057220459,4.699999809265137,4.75,4.75,15500
2024-10-23,4.920000076293945,4.920000076293945,4.659999847412109,4.829999923706055,4.829999923706055,7300
2024-10-24,4.659999847412109,4.849999904632568,4.460000038146973,4.630000114440918,4.630000114440918,10300
2024-10-25,4.880000114440918,4.880000114440918,4.650000095367432,4.678999900817871,4.678999900817871,17200
2024-10-28,4.690000057220459,4.814000129699707,4.559999942779541,4.619999885559082,4.619999885559082,9700
2024-10-29,4.690000057220459,4.690000057220459,4.579999923706055,4.579999923706055,4.579999923706055,2000
2024-10-30,4.599999904632568,4.75,4.550000190734863,4.639999866485596,4.639999866485596,21700
2024-10-31,4.630000114440918,4.650000095367432,4.25,4.449999809265137,4.449999809265137,24000
2024-11-01,4.427999973297119,4.427999973297119,4.110000133514404,4.179999828338623,4.179999828338623,26000
