Date,Open,High,Low,Close,Adj Close,Volume
2015-04-09,25.079999923706055,25.079999923706055,25.0,25.010000228881836,24.08710289001465,8600
2015-04-10,25.219999313354492,25.219999313354492,25.18000030517578,25.18000030517578,24.250831604003906,2200
2015-04-13,25.510000228881836,25.510000228881836,25.219999313354492,25.219999313354492,24.289352416992188,4600
2015-04-14,25.0,25.0,24.940000534057617,25.0,24.077468872070312,3000
2015-04-15,25.170000076293945,25.170000076293945,25.077999114990234,25.139999389648438,24.21230697631836,37300
2015-04-16,25.489999771118164,25.510000228881836,25.0310001373291,25.079999923706055,24.154521942138672,33900
2015-04-17,25.420000076293945,25.420000076293945,24.559999465942383,24.700000762939453,23.788543701171875,30300
2015-04-20,24.889999389648438,25.100000381469727,24.860000610351562,25.09000015258789,24.16415023803711,52300
2015-04-21,25.25,25.31999969482422,25.22599983215332,25.299999237060547,24.36640167236328,71600
2015-04-22,25.5,25.5,25.110000610351562,25.299999237060547,24.36640167236328,93500
2015-04-23,25.479999542236328,25.489999771118164,25.15999984741211,25.3700008392334,24.433820724487305,165700
2015-04-24,25.68000030517578,25.68000030517578,25.100000381469727,25.18000030517578,24.250831604003906,182900
2015-04-27,25.25,25.260000228881836,24.450000762939453,24.5,23.595922470092773,193700
2015-04-28,24.579999923706055,24.64900016784668,24.0,24.450000762939453,23.547767639160156,59400
2015-04-29,24.440000534057617,24.634000778198242,24.110000610351562,24.34000015258789,23.44182777404785,50400
2015-04-30,24.31999969482422,24.31999969482422,23.579999923706055,23.780000686645508,22.902490615844727,58000
2015-05-01,23.700000762939453,24.1200008392334,23.700000762939453,24.117000579833984,23.2270565032959,39700
2015-05-04,24.25,24.530000686645508,24.25,24.3700008392334,23.470720291137695,77100
2015-05-05,24.399999618530273,24.399999618530273,23.760000228881836,23.84000015258789,22.960277557373047,55700
2015-05-06,24.049999237060547,24.43000030517578,23.639999389648438,23.860000610351562,22.979537963867188,53900
2015-05-07,23.889999389648438,24.100000381469727,23.540000915527344,23.920000076293945,23.03732681274414,52100
2015-05-08,24.209999084472656,24.349000930786133,24.010000228881836,24.038999557495117,23.151935577392578,32500
2015-05-11,24.110000610351562,24.31999969482422,24.110000610351562,24.209999084472656,23.31662368774414,33800
2015-05-12,24.209999084472656,24.23699951171875,23.84000015258789,24.209999084472656,23.31662368774414,35100
2015-05-13,24.350000381469727,24.350000381469727,24.010000228881836,24.155000686645508,23.263652801513672,33200
2015-05-14,24.510000228881836,24.549999237060547,24.149999618530273,24.540000915527344,23.63444709777832,100100
2015-05-15,25.049999237060547,25.049999237060547,24.356000900268555,24.459999084472656,23.557397842407227,181700
2015-05-18,24.5,24.799999237060547,24.399999618530273,24.75,23.836698532104492,191900
2015-05-19,24.8700008392334,24.899999618530273,24.75,24.790000915527344,23.875221252441406,201400
2015-05-20,24.899999618530273,24.899999618530273,24.677000045776367,24.709999084472656,23.79817008972168,72200
2015-05-21,24.719999313354492,24.860000610351562,24.690000534057617,24.809999465942383,23.894481658935547,173500
2015-05-22,24.889999389648438,24.969999313354492,24.84000015258789,24.8799991607666,23.961898803710938,50700
2015-05-26,24.979999542236328,24.979999542236328,24.5,24.600000381469727,23.692232131958008,78100
2015-05-27,24.610000610351562,25.139999389648438,24.610000610351562,25.1299991607666,24.202674865722656,112100
2015-05-28,25.18000030517578,25.350000381469727,24.964000701904297,25.090999603271484,24.16511344909668,61100
2015-05-29,25.34000015258789,25.34000015258789,24.940000534057617,25.059999465942383,24.135255813598633,88400
2015-06-01,25.360000610351562,25.360000610351562,24.940000534057617,25.209999084472656,24.279720306396484,105400
2015-06-02,25.309999465942383,25.309999465942383,25.06999969482422,25.190000534057617,24.260459899902344,63500
2015-06-03,25.489999771118164,25.530000686645508,25.19099998474121,25.459999084472656,24.520498275756836,153100
2015-06-04,25.5,25.530000686645508,25.17300033569336,25.260000228881836,24.327877044677734,131700
2015-06-05,25.260000228881836,25.663000106811523,25.101999282836914,25.6299991607666,24.684223175048828,154800
2015-06-08,25.729999542236328,25.989999771118164,25.399999618530273,25.450000762939453,24.510868072509766,195000
2015-06-09,25.450000762939453,25.799999237060547,25.0,25.5,24.55902099609375,131900
2015-06-10,25.709999084472656,25.709999084472656,25.5,25.6299991607666,24.684223175048828,159300
2015-06-11,25.889999389648438,25.889999389648438,25.41900062561035,25.520000457763672,24.57828712463379,151400
2015-06-12,25.479999542236328,25.6200008392334,25.399999618530273,25.6200008392334,24.67459487915039,59200
2015-06-15,25.600000381469727,25.81999969482422,25.209999084472656,25.799999237060547,24.84794807434082,166000
2015-06-16,25.780000686645508,26.010000228881836,25.709999084472656,25.93000030517578,24.973154067993164,85700
2015-06-17,26.0,26.25,25.940000534057617,26.020000457763672,25.059831619262695,249700
2015-06-18,26.139999389648438,26.489999771118164,26.139999389648438,26.309999465942383,25.339128494262695,318700
2015-06-19,26.5,26.809999465942383,26.065000534057617,26.209999084472656,25.242820739746094,110300
2015-06-22,26.600000381469727,26.719999313354492,26.059999465942383,26.209999084472656,25.242820739746094,199600
2015-06-23,26.280000686645508,26.520000457763672,26.1299991607666,26.219999313354492,25.252450942993164,71000
2015-06-24,26.200000762939453,26.209999084472656,25.719999313354492,25.799999237060547,24.84794807434082,129600
2015-06-25,25.920000076293945,25.959999084472656,25.75,25.899999618530273,24.944259643554688,122200
2015-06-26,26.0,26.020000457763672,25.350000381469727,25.420000076293945,24.48197364807129,254900
2015-06-29,25.079999923706055,25.299999237060547,24.649999618530273,24.700000762939453,23.788543701171875,299400
2015-06-30,24.959999084472656,25.1200008392334,24.889999389648438,25.100000381469727,24.17378044128418,83200
2015-07-01,25.469999313354492,25.520000457763672,25.16699981689453,25.299999237060547,24.36640167236328,90000
2015-07-02,25.450000762939453,25.450000762939453,24.899999618530273,25.09000015258789,24.16415023803711,74600
2015-07-06,24.8700008392334,25.110000610351562,24.719999313354492,24.81999969482422,23.904115676879883,87800
2015-07-07,24.850000381469727,24.850000381469727,24.049999237060547,24.649999618530273,23.740386962890625,118700
2015-07-08,24.399999618530273,24.510000228881836,24.200000762939453,24.229999542236328,23.335886001586914,72900
2015-07-09,24.399999618530273,24.972000122070312,24.3799991607666,24.450000762939453,23.547767639160156,56600
2015-07-10,24.780000686645508,25.030000686645508,24.709999084472656,24.9950008392334,24.072660446166992,55400
2015-07-13,25.239999771118164,25.5,25.100000381469727,25.25,24.318246841430664,146900
2015-07-14,25.229999542236328,25.5,25.229999542236328,25.479999542236328,24.539758682250977,82000
2015-07-15,25.440000534057617,25.55500030517578,25.263999938964844,25.3700008392334,24.433820724487305,72400
2015-07-16,25.489999771118164,25.68000030517578,25.489999771118164,25.65999984741211,24.713117599487305,97500
2015-07-17,25.84000015258789,26.389999389648438,25.56999969482422,25.739999771118164,24.790164947509766,169500
2015-07-20,25.829999923706055,25.940000534057617,25.75,25.790000915527344,24.838321685791016,142200
2015-07-21,25.899999618530273,25.899999618530273,25.549999237060547,25.739999771118164,24.790164947509766,85000
2015-07-22,25.280000686645508,25.989999771118164,25.25,25.940000534057617,24.9827880859375,82300
2015-07-23,26.079999923706055,26.22800064086914,25.829999923706055,25.889999389648438,24.934629440307617,113600
2015-07-24,25.93000030517578,26.049999237060547,25.299999237060547,25.610000610351562,24.664960861206055,146000
2015-07-27,25.469999313354492,25.549999237060547,25.020000457763672,25.15999984741211,24.2315673828125,163200
2015-07-28,25.280000686645508,25.43000030517578,24.940000534057617,25.3799991607666,24.44344711303711,79400
2015-07-29,25.3799991607666,25.389999389648438,24.969999313354492,25.139999389648438,24.21230697631836,80400
2015-07-30,25.09000015258789,25.170000076293945,24.799999237060547,25.139999389648438,24.21230697631836,31800
2015-07-31,24.979999542236328,25.309999465942383,24.979999542236328,25.200000762939453,24.27009391784668,45100
2015-08-03,25.239999771118164,25.280000686645508,24.829999923706055,24.979999542236328,24.058210372924805,130900
2015-08-04,24.969999313354492,24.989999771118164,24.75,24.81999969482422,23.904115676879883,54300
2015-08-05,24.899999618530273,25.229999542236328,24.899999618530273,25.059999465942383,24.135255813598633,24300
2015-08-06,25.1200008392334,25.149999618530273,24.18000030517578,24.350000381469727,23.451457977294922,71700
2015-08-07,24.260000228881836,24.5,24.160999298095703,24.5,23.595922470092773,87300
2015-08-10,24.729999542236328,24.81999969482422,24.600000381469727,24.670000076293945,23.7596492767334,42200
2015-08-11,24.450000762939453,24.540000915527344,24.179000854492188,24.31999969482422,23.422565460205078,65600
2015-08-12,24.100000381469727,24.26099967956543,23.469999313354492,24.1200008392334,23.22994613647461,112900
2015-08-13,24.15999984741211,24.357999801635742,24.09000015258789,24.149999618530273,23.258838653564453,46400
2015-08-14,24.149999618530273,24.242000579833984,23.985000610351562,24.200000762939453,23.306991577148438,56700
2015-08-17,24.200000762939453,24.56999969482422,24.076000213623047,24.56999969482422,23.663339614868164,59200
2015-08-18,24.459999084472656,24.606000900268555,24.43000030517578,24.43000030517578,23.528507232666016,25700
2015-08-19,24.3700008392334,24.520000457763672,24.149999618530273,24.3799991607666,23.480350494384766,26700
2015-08-20,24.139999389648438,24.16200065612793,23.43000030517578,23.459999084472656,22.594297409057617,113600
2015-08-21,23.059999465942383,23.18899917602539,22.089000701904297,22.479999542236328,21.650463104248047,383400
2015-08-24,20.5,22.3799991607666,20.290000915527344,21.709999084472656,20.908876419067383,279500
2015-08-25,22.8700008392334,22.8700008392334,21.514999389648438,21.514999389648438,20.721071243286133,76800
2015-08-26,22.489999771118164,22.489999771118164,21.440000534057617,22.299999237060547,21.47710418701172,155300
2015-08-27,22.770000457763672,23.0,22.391000747680664,22.75,21.910499572753906,74600
2015-08-28,22.530000686645508,22.73200035095215,21.549999237060547,22.68000030517578,21.843082427978516,23500
2015-08-31,22.690000534057617,22.75200080871582,22.301000595092773,22.399999618530273,21.573415756225586,138300
2015-09-01,22.0,22.079999923706055,21.5,21.809999465942383,21.00518798828125,42700
2015-09-02,22.100000381469727,22.260000228881836,21.8700008392334,22.260000228881836,21.438581466674805,17800
2015-09-03,22.43600082397461,22.538999557495117,22.149999618530273,22.190000534057617,21.371166229248047,42200
2015-09-04,21.899999618530273,22.19099998474121,21.809999465942383,21.979999542236328,21.168912887573242,29600
2015-09-08,22.600000381469727,22.708999633789062,22.229999542236328,22.707000732421875,21.86908721923828,22500
2015-09-09,23.270000457763672,23.309999465942383,22.469999313354492,22.469999313354492,21.640830993652344,218100
2015-09-10,22.34000015258789,22.74799919128418,22.280000686645508,22.639999389648438,21.80455780029297,36400
2015-09-11,22.6200008392334,22.790000915527344,22.469999313354492,22.790000915527344,21.949024200439453,16200
2015-09-14,22.84000015258789,22.84000015258789,22.684999465942383,22.729999542236328,21.891237258911133,50900
2015-09-15,22.739999771118164,23.059999465942383,22.736000061035156,22.989999771118164,22.141643524169922,83200
2015-09-16,22.989999771118164,23.030000686645508,22.84000015258789,23.020000457763672,22.1705379486084,21900
2015-09-17,23.110000610351562,23.459999084472656,23.059999465942383,23.139999389648438,22.286109924316406,28700
2015-09-18,22.940000534057617,23.329999923706055,22.549999237060547,22.8700008392334,22.026071548461914,99600
2015-09-21,22.989999771118164,23.219999313354492,22.809999465942383,22.850000381469727,22.00680923461914,26300
2015-09-22,22.549999237060547,22.677000045776367,22.44099998474121,22.579999923706055,21.74677276611328,21000
2015-09-23,22.530000686645508,23.197999954223633,22.530000686645508,22.739999771118164,21.900869369506836,9700
2015-09-24,22.899999618530273,22.899999618530273,22.280000686645508,22.530000686645508,21.698619842529297,71700
2015-09-25,22.770000457763672,22.780000686645508,22.290000915527344,22.420000076293945,21.59267807006836,13600
2015-09-28,22.270000457763672,22.299999237060547,21.31999969482422,21.440000534057617,20.648841857910156,174500
2015-09-29,21.260000228881836,21.639999389648438,21.15999984741211,21.350000381469727,20.56216049194336,87500
2015-09-30,21.639999389648438,22.18000030517578,21.530000686645508,21.829999923706055,21.024450302124023,31300
2015-10-01,21.655000686645508,21.950000762939453,21.59000015258789,21.920000076293945,21.111129760742188,30500
2015-10-02,21.600000381469727,22.239999771118164,21.540000915527344,22.229999542236328,21.409687042236328,28700
2015-10-05,22.549999237060547,23.31999969482422,22.415000915527344,22.667999267578125,21.831523895263672,79200
2015-10-06,22.760000228881836,22.760000228881836,22.204999923706055,22.25,21.428951263427734,54800
2015-10-07,22.350000381469727,22.520000457763672,22.25,22.520000457763672,21.688987731933594,27200
2015-10-08,22.579999923706055,22.610000610351562,22.329999923706055,22.59000015258789,21.75640296936035,20400
2015-10-09,22.0,22.829999923706055,22.0,22.719999313354492,21.881603240966797,56000
2015-10-12,22.780000686645508,22.93000030517578,22.749000549316406,22.83300018310547,21.990436553955078,19900
2015-10-13,22.81999969482422,22.878999710083008,22.469999313354492,22.469999313354492,21.640830993652344,26900
2015-10-14,22.540000915527344,22.540000915527344,22.000999450683594,22.040000915527344,21.226699829101562,25300
2015-10-15,22.219999313354492,22.520000457763672,21.700000762939453,22.489999771118164,21.660091400146484,39100
2015-10-16,22.6200008392334,22.760000228881836,22.549999237060547,22.760000228881836,21.92013168334961,99200
2015-10-19,22.65999984741211,23.010000228881836,22.65999984741211,22.959999084472656,22.112749099731445,43500
2015-10-20,22.850000381469727,22.969999313354492,22.68199920654297,22.809999465942383,21.968284606933594,35000
2015-10-21,22.899999618530273,22.920000076293945,22.450000762939453,22.549999237060547,21.717878341674805,19900
2015-10-22,22.610000610351562,22.83099937438965,22.610000610351562,22.770000457763672,21.92976188659668,50800
2015-10-23,23.229999542236328,23.299999237060547,22.75,23.040000915527344,22.18979835510254,44000
2015-10-26,23.06999969482422,23.06999969482422,22.90999984741211,23.030000686645508,22.18016815185547,37900
2015-10-27,22.90999984741211,23.020000457763672,22.770000457763672,22.860000610351562,22.016441345214844,34700
2015-10-28,22.989999771118164,23.489999771118164,22.898000717163086,23.4689998626709,22.60296630859375,92900
2015-10-29,23.450000762939453,23.469999313354492,22.709999084472656,23.222999572753906,22.366043090820312,42300
2015-10-30,23.280000686645508,23.540000915527344,23.020000457763672,23.020000457763672,22.1705379486084,21100
2015-11-02,22.959999084472656,23.31999969482422,22.959999084472656,23.239999771118164,22.38241958618164,38700
2015-11-03,23.299999237060547,23.493000030517578,23.18199920654297,23.399999618530273,22.53651237487793,84800
2015-11-04,23.540000915527344,23.709999084472656,23.399999618530273,23.469999313354492,22.60392951965332,52200
2015-11-05,23.600000381469727,23.600000381469727,23.399999618530273,23.559999465942383,22.690610885620117,36800
2015-11-06,23.549999237060547,23.81999969482422,23.549999237060547,23.809999465942383,22.93138313293457,38200
2015-11-09,23.799999237060547,23.799999237060547,23.354999542236328,23.469999313354492,22.60392951965332,31100
2015-11-10,23.399999618530273,23.64900016784668,23.360000610351562,23.600000381469727,22.72913360595703,17700
2015-11-11,23.709999084472656,23.829999923706055,23.559999465942383,23.570999145507812,22.701204299926758,42000
2015-11-12,23.48200035095215,23.48200035095215,23.197999954223633,23.21299934387207,22.356412887573242,47400
2015-11-13,23.049999237060547,23.072999954223633,22.760000228881836,22.799999237060547,21.958654403686523,64800
2015-11-16,22.709999084472656,23.0,22.520000457763672,23.0,22.15127182006836,44800
2015-11-17,23.0,23.253000259399414,22.86400032043457,22.8700008392334,22.026071548461914,19600
2015-11-18,23.0,23.209999084472656,22.8700008392334,23.18000030517578,22.32463264465332,74600
2015-11-19,23.280000686645508,23.371000289916992,23.15999984741211,23.209999084472656,22.353525161743164,30900
2015-11-20,23.270000457763672,23.399999618530273,23.229999542236328,23.3700008392334,22.50762176513672,48800
2015-11-23,23.389999389648438,23.4950008392334,23.329999923706055,23.399999618530273,22.53651237487793,149500
2015-11-24,23.34000015258789,23.440000534057617,23.1200008392334,23.440000534057617,22.57503890991211,21400
2015-11-25,23.510000228881836,23.639999389648438,22.56999969482422,23.600000381469727,22.72913360595703,32200
2015-11-27,23.639999389648438,23.670000076293945,23.469999313354492,23.6299991607666,22.758026123046875,6200
2015-11-30,23.639999389648438,23.73900032043457,22.969999313354492,23.520000457763672,22.65208625793457,50900
2015-12-01,23.719999313354492,23.719999313354492,23.479999542236328,23.719999313354492,22.844707489013672,41200
2015-12-02,23.75,23.799999237060547,23.489999771118164,23.530000686645508,22.661718368530273,70800
2015-12-03,23.709999084472656,23.709999084472656,22.93000030517578,23.030000686645508,22.18016815185547,119800
2015-12-04,23.0,23.5,22.8799991607666,23.5,22.632823944091797,25900
2015-12-07,23.549999237060547,23.549999237060547,23.149999618530273,23.229999542236328,22.372785568237305,12500
2015-12-08,22.860000610351562,23.280000686645508,22.579999923706055,23.239999771118164,22.38241958618164,21900
2015-12-09,23.288999557495117,23.290000915527344,22.729999542236328,22.770000457763672,21.92976188659668,53500
2015-12-10,22.6299991607666,23.013999938964844,22.6299991607666,22.8799991607666,22.03569984436035,18400
2015-12-11,22.549999237060547,22.6299991607666,22.260000228881836,22.299999237060547,21.47710418701172,119700
2015-12-14,22.290000915527344,22.420000076293945,22.020000457763672,22.360000610351562,21.534893035888672,55000
2015-12-15,22.469999313354492,22.610000610351562,22.469999313354492,22.579999923706055,21.74677276611328,30000
2015-12-16,22.790000915527344,22.889999389648438,22.559999465942383,22.850000381469727,22.00680923461914,52100
2015-12-17,23.0,23.0,22.639999389648438,22.649999618530273,21.814189910888672,61500
2015-12-18,22.670000076293945,22.670000076293945,22.260000228881836,22.260000228881836,21.438581466674805,19500
2015-12-21,22.299999237060547,22.465999603271484,22.239999771118164,22.360000610351562,21.534893035888672,12700
2015-12-22,22.3799991607666,22.420000076293945,22.166000366210938,22.3700008392334,21.544523239135742,55400
2015-12-23,22.43000030517578,22.46299934387207,22.34000015258789,22.440000534057617,21.611940383911133,34900
2015-12-24,22.440000534057617,22.6200008392334,22.440000534057617,22.459999084472656,21.631200790405273,22200
2015-12-28,22.299999237060547,22.440000534057617,22.208999633789062,22.440000534057617,21.611940383911133,30600
2015-12-29,22.559999465942383,22.631999969482422,22.469999313354492,22.56999969482422,21.73714256286621,54300
2015-12-30,22.600000381469727,22.600000381469727,22.420000076293945,22.440000534057617,21.611940383911133,44800
2015-12-31,22.440000534057617,22.440000534057617,22.170000076293945,22.170000076293945,21.35190200805664,8300
2016-01-04,21.65999984741211,21.875999450683594,21.499000549316406,21.6200008392334,20.82219886779785,48700
2016-01-05,21.6200008392334,21.913000106811523,21.6200008392334,21.719999313354492,20.918506622314453,52400
2016-01-06,21.489999771118164,21.719999313354492,21.399999618530273,21.559999465942383,20.7644100189209,45100
2016-01-07,21.1299991607666,21.399999618530273,20.8700008392334,21.020000457763672,20.244338989257812,64400
2016-01-08,21.09000015258789,21.200000762939453,20.520000457763672,20.540000915527344,19.782052993774414,55400
2016-01-11,20.59000015258789,20.639999389648438,20.15999984741211,20.43000030517578,19.676109313964844,47000
2016-01-12,20.749000549316406,20.749000549316406,20.329999923706055,20.649999618530273,19.887990951538086,12800
2016-01-13,20.68000030517578,20.690000534057617,19.75,19.81999969482422,19.088619232177734,135500
2016-01-14,19.90999984741211,20.18400001525879,19.510000228881836,20.079999923706055,19.339025497436523,51600
2016-01-15,19.139999389648438,19.700000762939453,19.030000686645508,19.6200008392334,18.895999908447266,148300
2016-01-19,19.989999771118164,19.989999771118164,19.5,19.600000381469727,18.876737594604492,15300
2016-01-20,19.209999084472656,19.649999618530273,18.76099967956543,19.540000915527344,18.818954467773438,35600
2016-01-21,19.510000228881836,19.75,19.430999755859375,19.510000228881836,18.79006004333496,20000
2016-01-22,19.8700008392334,20.0,19.799999237060547,20.0,19.26197624206543,5800
2016-01-25,20.020000457763672,20.020000457763672,19.367000579833984,19.760000228881836,19.030834197998047,27300
2016-01-26,19.700000762939453,19.975000381469727,19.700000762939453,19.93000030517578,19.194562911987305,15200
2016-01-27,19.90999984741211,20.15999984741211,19.709999084472656,19.790000915527344,19.05972671508789,54300
2016-01-28,20.020000457763672,20.049999237060547,19.815000534057617,19.969999313354492,19.233083724975586,14900
2016-01-29,20.170000076293945,20.540000915527344,20.170000076293945,20.540000915527344,19.782052993774414,106800
2016-02-01,20.489999771118164,20.809999465942383,20.399999618530273,20.739999771118164,19.97467041015625,101800
2016-02-02,20.549999237060547,20.549999237060547,20.18000030517578,20.290000915527344,19.541278839111328,22000
2016-02-03,20.270000457763672,20.290000915527344,19.850000381469727,20.110000610351562,19.367918014526367,168900
2016-02-04,19.969999313354492,20.041000366210938,19.840999603271484,19.969999313354492,19.233083724975586,5500
2016-02-05,19.979999542236328,19.979999542236328,19.079999923706055,19.100000381469727,18.39518928527832,21300
2016-02-08,18.790000915527344,18.790000915527344,18.290000915527344,18.510000228881836,17.826961517333984,41200
2016-02-09,18.386999130249023,18.780000686645508,18.36400032043457,18.5,17.817331314086914,23100
2016-02-10,18.6299991607666,18.834999084472656,18.59000015258789,18.600000381469727,17.913639068603516,128600
2016-02-11,18.3799991607666,19.170000076293945,18.1200008392334,18.540000915527344,17.855852127075195,30800
2016-02-12,18.700000762939453,18.8700008392334,18.579999923706055,18.84000015258789,18.14478302001953,260200
2016-02-16,19.110000610351562,19.299999237060547,18.69700050354004,19.280000686645508,18.56854820251465,30300
2016-02-17,19.350000381469727,19.572999954223633,19.350000381469727,19.56999969482422,18.84784507751465,18300
2016-02-18,20.486000061035156,20.486000061035156,19.530000686645508,19.549999237060547,18.828582763671875,15800
2016-02-19,19.450000762939453,19.68000030517578,19.020000457763672,19.68000030517578,18.953784942626953,12700
2016-02-22,19.75,19.959999084472656,19.5,19.850000381469727,19.117511749267578,12600
2016-02-23,19.670000076293945,19.899999618530273,19.670000076293945,19.809999465942383,19.078989028930664,15300
2016-02-24,19.479999542236328,19.969999313354492,19.479999542236328,19.940000534057617,19.204191207885742,11800
2016-02-25,19.8799991607666,20.139999389648438,19.8799991607666,20.139999389648438,19.39681053161621,76100
2016-02-26,20.200000762939453,20.3700008392334,20.110000610351562,20.110000610351562,19.367918014526367,19700
2016-02-29,20.079999923706055,20.23900032043457,20.030000686645508,20.03499984741211,19.295684814453125,30500
2016-03-01,20.229999542236328,20.399999618530273,20.229999542236328,20.399999618530273,19.647216796875,10300
2016-03-02,20.280000686645508,20.393999099731445,20.25,20.3799991607666,19.627952575683594,11200
2016-03-03,20.469999313354492,20.469999313354492,20.229999542236328,20.40999984741211,19.656848907470703,14500
2016-03-04,20.3799991607666,20.506999969482422,20.363000869750977,20.459999084472656,19.705001831054688,14800
2016-03-07,20.31999969482422,20.520000457763672,20.149999618530273,20.360000610351562,19.608692169189453,37100
2016-03-08,20.209999084472656,20.3700008392334,20.200000762939453,20.229999542236328,19.483489990234375,7500
2016-03-09,20.209999084472656,20.420000076293945,20.209999084472656,20.399999618530273,19.647216796875,12000
2016-03-10,20.5,20.5,20.170000076293945,20.320999145507812,19.57113265991211,20200
2016-03-11,20.461000442504883,20.639999389648438,20.461000442504883,20.639999389648438,19.878360748291016,11700
2016-03-14,20.59000015258789,20.65999984741211,20.59000015258789,20.6200008392334,19.859100341796875,3000
2016-03-15,20.010000228881836,20.540000915527344,19.891000747680664,20.513999938964844,19.757009506225586,7300
2016-03-16,20.549999237060547,20.75,20.530000686645508,20.719999313354492,19.955406188964844,6300
2016-03-17,20.6200008392334,20.979999542236328,20.6200008392334,20.93000030517578,20.15765953063965,19200
2016-03-18,20.889999389648438,21.100000381469727,20.889999389648438,21.0,20.225078582763672,11700
2016-03-21,20.940000534057617,20.976999282836914,20.90999984741211,20.93000030517578,20.15765953063965,14000
2016-03-22,20.829999923706055,21.035999298095703,20.829999923706055,20.969999313354492,20.19618034362793,13600
2016-03-23,21.059999465942383,21.059999465942383,20.829999923706055,20.844999313354492,20.075796127319336,3400
2016-03-24,20.649999618530273,20.709999084472656,20.1299991607666,20.709999084472656,19.945777893066406,7100
2016-03-28,20.709999084472656,20.812000274658203,20.341999053955078,20.812000274658203,20.044015884399414,10800
2016-03-29,20.799999237060547,21.1200008392334,20.690000534057617,21.083999633789062,20.30597496032715,11700
2016-03-30,21.200000762939453,21.200000762939453,21.0,21.09000015258789,20.311756134033203,16300
2016-03-31,21.020000457763672,21.229999542236328,20.989999771118164,21.110000610351562,20.331018447875977,23200
2016-04-01,21.0,21.260000228881836,21.0,21.260000228881836,20.475481033325195,8400
2016-04-04,21.350000381469727,21.350000381469727,21.040000915527344,21.040000915527344,20.263599395751953,10400
2016-04-05,20.951000213623047,21.027000427246094,20.899999618530273,20.95400047302246,20.18077278137207,7200
2016-04-06,21.1200008392334,21.277000427246094,21.1200008392334,21.260000228881836,20.475481033325195,9500
2016-04-07,21.25,21.25,21.04800033569336,21.06999969482422,20.29249382019043,2800
2016-04-08,21.100000381469727,21.25,21.030000686645508,21.100000381469727,20.321386337280273,4300
2016-04-11,21.209999084472656,21.209999084472656,20.959999084472656,20.959999084472656,20.186552047729492,7500
2016-04-12,20.889999389648438,21.0310001373291,20.790000915527344,21.0,20.225078582763672,15800
2016-04-13,21.079999923706055,21.323999404907227,21.079999923706055,21.31999969482422,20.53326988220215,8300
2016-04-14,21.31999969482422,21.327999114990234,21.231000900268555,21.239999771118164,20.456220626831055,14200
2016-04-15,21.1200008392334,21.270000457763672,21.1200008392334,21.270000457763672,20.4851131439209,2700
2016-04-18,21.139999389648438,21.608999252319336,21.139999389648438,21.540000915527344,20.74515151977539,35500
2016-04-19,21.520000457763672,21.579999923706055,21.3799991607666,21.417999267578125,20.627653121948242,8900
2016-04-20,21.469999313354492,21.63599967956543,21.415000915527344,21.520000457763672,20.725887298583984,8600
2016-04-21,21.53499984741211,21.53499984741211,21.3700008392334,21.395000457763672,20.605499267578125,5000
2016-04-22,21.239999771118164,21.424999237060547,21.200000762939453,21.389999389648438,20.600685119628906,4300
2016-04-25,21.43000030517578,21.489999771118164,21.34000015258789,21.350000381469727,20.56216049194336,7400
2016-04-26,21.329999923706055,21.469999313354492,21.110000610351562,21.420000076293945,20.62957763671875,4900
2016-04-27,21.350000381469727,21.554000854492188,21.350000381469727,21.540000915527344,20.74515151977539,4800
2016-04-28,21.43000030517578,21.4950008392334,21.09000015258789,21.1200008392334,20.34065055847168,50200
2016-04-29,21.0,21.0,20.670000076293945,20.81999969482422,20.05171775817871,15800
2016-05-02,20.81999969482422,21.020000457763672,20.809999465942383,21.020000457763672,20.244338989257812,9800
2016-05-03,20.764999389648438,20.764999389648438,20.540000915527344,20.540000915527344,19.782052993774414,16800
2016-05-04,20.510000228881836,20.517000198364258,20.34000015258789,20.5,19.743526458740234,13500
2016-05-05,20.43000030517578,20.510000228881836,20.420000076293945,20.426000595092773,19.672256469726562,9500
2016-05-06,20.280000686645508,20.530000686645508,20.270000457763672,20.5,19.743526458740234,12700
2016-05-09,20.469999313354492,20.780000686645508,20.469999313354492,20.690000534057617,19.926517486572266,46600
2016-05-10,20.700000762939453,20.770000457763672,20.649999618530273,20.75,19.98430061340332,21500
2016-05-11,20.59000015258789,20.75,20.479999542236328,20.479999542236328,19.72426414489746,11200
2016-05-12,20.469999313354492,20.552000045776367,20.3439998626709,20.461999893188477,19.706932067871094,7100
2016-05-13,20.459999084472656,20.54599952697754,20.40999984741211,20.469999313354492,19.714632034301758,7300
2016-05-16,20.309999465942383,20.716999053955078,20.020000457763672,20.649999618530273,19.887990951538086,20600
2016-05-17,20.59000015258789,20.635000228881836,20.33300018310547,20.3700008392334,19.618324279785156,13100
2016-05-18,20.25,20.540000915527344,20.010000228881836,20.309999465942383,19.56053924560547,14800
2016-05-19,20.299999237060547,20.299999237060547,20.100000381469727,20.280000686645508,19.531644821166992,6600
2016-05-20,20.399999618530273,20.559999465942383,20.399999618530273,20.469999313354492,19.714632034301758,7500
2016-05-23,20.399999618530273,20.68000030517578,20.399999618530273,20.600000381469727,19.8398380279541,8300
2016-05-24,20.709999084472656,21.09000015258789,20.709999084472656,21.030000686645508,20.253971099853516,34800
2016-05-25,21.229999542236328,21.229999542236328,21.030000686645508,21.09000015258789,20.311756134033203,52800
2016-05-26,21.049999237060547,21.15999984741211,21.020000457763672,21.149999618530273,20.36954116821289,7200
2016-05-27,21.250999450683594,21.290000915527344,21.239999771118164,21.280000686645508,20.4947452545166,6700
2016-05-31,21.34000015258789,21.427000045776367,21.190000534057617,21.3700008392334,20.5814208984375,29700
2016-06-01,21.30299949645996,21.488000869750977,21.30299949645996,21.488000869750977,20.695072174072266,5400
2016-06-02,21.437000274658203,21.549999237060547,21.437000274658203,21.549999237060547,20.754779815673828,7500
2016-06-03,21.399999618530273,21.43000030517578,21.34000015258789,21.389999389648438,20.600685119628906,15600
2016-06-06,21.40999984741211,21.54599952697754,21.40999984741211,21.4950008392334,20.701812744140625,18400
2016-06-07,21.5,21.729999542236328,21.479999542236328,21.649999618530273,20.851089477539062,13000
2016-06-08,21.67099952697754,21.73900032043457,21.639999389648438,21.719999313354492,20.918506622314453,6100
2016-06-09,21.549999237060547,21.70800018310547,21.549999237060547,21.690000534057617,20.889612197875977,6700
2016-06-10,21.690000534057617,21.690000534057617,20.73699951171875,21.290000915527344,20.504375457763672,85300
2016-06-13,21.299999237060547,21.34000015258789,21.05500030517578,21.05500030517578,20.278045654296875,14800
2016-06-14,21.010000228881836,21.059999465942383,20.93000030517578,21.030000686645508,20.253971099853516,5700
2016-06-15,21.200000762939453,21.260000228881836,21.13599967956543,21.149999618530273,20.36954116821289,11600
2016-06-16,20.950000762939453,21.170000076293945,20.881000518798828,21.170000076293945,20.388803482055664,9600
2016-06-17,21.030000686645508,21.1299991607666,20.989999771118164,21.073999404907227,20.29634666442871,6800
2016-06-20,21.5,21.5,20.32900047302246,21.33300018310547,20.545787811279297,6000
2016-06-21,21.33099937438965,21.33099937438965,21.229999542236328,21.280000686645508,20.4947452545166,11700
2016-06-22,21.200000762939453,21.34000015258789,21.18000030517578,21.18000030517578,20.398433685302734,4900
2016-06-23,21.3799991607666,21.5,21.347999572753906,21.5,20.706626892089844,14300
2016-06-24,20.489999771118164,21.110000610351562,19.780000686645508,20.8700008392334,20.099872589111328,12500
2016-06-27,20.510000228881836,20.649999618530273,20.110000610351562,20.309999465942383,19.56053924560547,66400
2016-06-28,20.350000381469727,20.72599983215332,19.940000534057617,20.68000030517578,19.91688346862793,8900
2016-06-29,20.961000442504883,21.115999221801758,20.950000762939453,21.110000610351562,20.331018447875977,9100
2016-06-30,21.139999389648438,21.5,21.139999389648438,21.479999542236328,20.687360763549805,5000
2016-07-01,21.610000610351562,21.65999984741211,21.420000076293945,21.506000518798828,20.712404251098633,10700
2016-07-05,21.42300033569336,21.472000122070312,21.32200050354004,21.450000762939453,20.658472061157227,9700
2016-07-06,21.42799949645996,21.68199920654297,21.42799949645996,21.649999618530273,20.851089477539062,8000
2016-07-07,21.809999465942383,21.863000869750977,21.753999710083008,21.809999465942383,21.00518798828125,4700
2016-07-08,21.889999389648438,22.32699966430664,21.889999389648438,22.299999237060547,21.47710418701172,59800
2016-07-11,22.5,22.579999923706055,22.454999923706055,22.5,21.66972541809082,29700
2016-07-12,22.770000457763672,22.950000762939453,22.503000259399414,22.600000381469727,21.766036987304688,23300
2016-07-13,22.780000686645508,22.780000686645508,22.40999984741211,22.43000030517578,21.60230827331543,8300
2016-07-14,22.3799991607666,22.549999237060547,22.3799991607666,22.479999542236328,21.650463104248047,15200
2016-07-15,22.459999084472656,22.667999267578125,22.389999389648438,22.420000076293945,21.59267807006836,11900
2016-07-18,22.399999618530273,22.6560001373291,22.399999618530273,22.6200008392334,21.785295486450195,5900
2016-07-19,22.510000228881836,22.649999618530273,22.510000228881836,22.579999923706055,21.74677276611328,10400
2016-07-20,22.59000015258789,22.799999237060547,22.579999923706055,22.760000228881836,21.92013168334961,21900
2016-07-21,22.809999465942383,22.809999465942383,22.55299949645996,22.586000442504883,21.752552032470703,3300
2016-07-22,22.65399932861328,22.860000610351562,22.6200008392334,22.829999923706055,21.987546920776367,9200
2016-07-25,22.93000030517578,22.940000534057617,22.823999404907227,22.93400001525879,22.087709426879883,12500
2016-07-26,22.950000762939453,23.0,22.83099937438965,22.940000534057617,22.093488693237305,8800
2016-07-27,23.059999465942383,23.089000701904297,23.0,23.054000854492188,22.203285217285156,21300
2016-07-28,22.889999389648438,23.117000579833984,22.889999389648438,23.110000610351562,22.257217407226562,7200
2016-07-29,23.079999923706055,23.209999084472656,23.079999923706055,23.17300033569336,22.317890167236328,9900
2016-08-01,23.1299991607666,23.260000228881836,23.1299991607666,23.194000244140625,22.338115692138672,9400
2016-08-02,23.059999465942383,23.1200008392334,22.719999313354492,22.82699966430664,21.98465919494629,45900
2016-08-03,22.799999237060547,22.923999786376953,22.799999237060547,22.889999389648438,22.045330047607422,4800
2016-08-04,23.100000381469727,23.100000381469727,22.899999618530273,22.940000534057617,22.093488693237305,2000
2016-08-05,23.10300064086914,23.118000030517578,23.0,23.100000381469727,22.247581481933594,30300
2016-08-08,23.059999465942383,23.134000778198242,22.90999984741211,22.95800018310547,22.110822677612305,9300
2016-08-09,22.875999450683594,22.96299934387207,22.875999450683594,22.93000030517578,22.0838565826416,33300
2016-08-10,22.84000015258789,22.913000106811523,22.790000915527344,22.84000015258789,21.99717903137207,11700
2016-08-11,22.920000076293945,22.959999084472656,22.8700008392334,22.8700008392334,22.026071548461914,9900
2016-08-12,23.010000228881836,23.200000762939453,22.979999542236328,23.190000534057617,22.33426284790039,22100
2016-08-15,23.239999771118164,23.440000534057617,23.229999542236328,23.3799991607666,22.517250061035156,64400
2016-08-16,23.280000686645508,23.280000686645508,23.079999923706055,23.09000015258789,22.237953186035156,28900
2016-08-17,23.09000015258789,23.09000015258789,22.864999771118164,23.040000915527344,22.18979835510254,11300
2016-08-18,23.079999923706055,23.299999237060547,23.079999923706055,23.270000457763672,22.41131019592285,7300
2016-08-19,23.34000015258789,23.356000900268555,23.229999542236328,23.2810001373291,22.421907424926758,6700
2016-08-22,23.34000015258789,23.34000015258789,23.100000381469727,23.200000762939453,22.34389305114746,8300
2016-08-23,23.280000686645508,23.450000762939453,23.280000686645508,23.399999618530273,22.53651237487793,11500
2016-08-24,23.299999237060547,23.35099983215332,23.06399917602539,23.09000015258789,22.237953186035156,56600
2016-08-25,23.059999465942383,23.1200008392334,22.959999084472656,23.020000457763672,22.1705379486084,21500
2016-08-26,23.06800079345703,23.200000762939453,22.959999084472656,23.059999465942383,22.20905876159668,5800
2016-08-29,23.18400001525879,23.299999237060547,23.170000076293945,23.209999084472656,22.353525161743164,10100
2016-08-30,23.165000915527344,23.239999771118164,23.139999389648438,23.219999313354492,22.363157272338867,10000
2016-08-31,23.450000762939453,23.450000762939453,23.040000915527344,23.209999084472656,22.353525161743164,22600
2016-09-01,23.170000076293945,23.260000228881836,23.100000381469727,23.219999313354492,22.363157272338867,19800
2016-09-02,23.309999465942383,23.420000076293945,23.309999465942383,23.420000076293945,22.555774688720703,34500
2016-09-06,23.350000381469727,23.56999969482422,23.350000381469727,23.52199935913086,22.654010772705078,16500
2016-09-07,23.64900016784668,23.649999618530273,23.479999542236328,23.610000610351562,22.738765716552734,17400
2016-09-08,23.420000076293945,23.56399917602539,23.420000076293945,23.5,22.632823944091797,8300
2016-09-09,23.202999114990234,23.209999084472656,22.56999969482422,22.760000228881836,21.92013168334961,50500
2016-09-12,22.5,23.010000228881836,22.200000762939453,23.010000228881836,22.160905838012695,32900
2016-09-13,22.829999923706055,23.025999069213867,22.489999771118164,22.634000778198242,21.79878044128418,18100
2016-09-14,22.690000534057617,22.889999389648438,22.65999984741211,22.729999542236328,21.891237258911133,9300
2016-09-15,22.670000076293945,23.079999923706055,22.670000076293945,23.030000686645508,22.18016815185547,10400
2016-09-16,23.020000457763672,23.110000610351562,23.01099967956543,23.110000610351562,22.257217407226562,5900
2016-09-19,23.229999542236328,23.270000457763672,23.030000686645508,23.170000076293945,22.315000534057617,23900
2016-09-20,23.141000747680664,23.141000747680664,22.93000030517578,22.979999542236328,22.13201141357422,21900
2016-09-21,23.1200008392334,23.43000030517578,23.049999237060547,23.40999984741211,22.546146392822266,16400
2016-09-22,23.579999923706055,23.739999771118164,23.579999923706055,23.68000030517578,22.806180953979492,19700
2016-09-23,23.770000457763672,23.770000457763672,23.479999542236328,23.540000915527344,22.671348571777344,7600
2016-09-26,23.288999557495117,23.309999465942383,23.235000610351562,23.239999771118164,22.38241958618164,4500
2016-09-27,23.457000732421875,23.56100082397461,23.440000534057617,23.540000915527344,22.671348571777344,3400
2016-09-28,23.579999923706055,23.58300018310547,23.43000030517578,23.579999923706055,22.709871292114258,2100
2016-09-29,23.459999084472656,23.559999465942383,23.299999237060547,23.420000076293945,22.555774688720703,7600
2016-09-30,23.469999313354492,23.579999923706055,23.469999313354492,23.56399917602539,22.694459915161133,3200
2016-10-03,23.6200008392334,23.6200008392334,23.38800048828125,23.459999084472656,22.594297409057617,6700
2016-10-04,23.5,23.530000686645508,23.246999740600586,23.28499984741211,22.425758361816406,2100
2016-10-05,23.572999954223633,23.572999954223633,23.382999420166016,23.382999420166016,22.520139694213867,20100
2016-10-06,23.360000610351562,23.429000854492188,23.239999771118164,23.40999984741211,22.546146392822266,16300
2016-10-07,23.34000015258789,23.361000061035156,23.139999389648438,23.2450008392334,22.38723373413086,2400
2016-10-10,23.549999237060547,23.56999969482422,23.479999542236328,23.479999542236328,22.61355972290039,4700
2016-10-11,23.350000381469727,23.350000381469727,22.87299919128418,22.969999313354492,22.12238121032715,18500
2016-10-12,22.889999389648438,23.0,22.788999557495117,22.920000076293945,22.074228286743164,16200
2016-10-13,22.75,22.75,22.260000228881836,22.700000762939453,21.86234474182129,27200
2016-10-14,22.868000030517578,22.93899917602539,22.65999984741211,22.65999984741211,21.823820114135742,2600
2016-10-17,22.615999221801758,22.641000747680664,22.59000015258789,22.59000015258789,21.75640296936035,1500
2016-10-18,22.850000381469727,22.860000610351562,22.739999771118164,22.770000457763672,21.92976188659668,8700
2016-10-19,22.79400062561035,22.860000610351562,22.790000915527344,22.809999465942383,21.968284606933594,2800
2016-10-20,22.65999984741211,22.839000701904297,22.639999389648438,22.799999237060547,21.958654403686523,6800
2016-10-21,22.679000854492188,22.799999237060547,22.679000854492188,22.799999237060547,21.958654403686523,5400
2016-10-24,22.770000457763672,23.110000610351562,22.770000457763672,23.079999923706055,22.228321075439453,34600
2016-10-25,23.170000076293945,23.170000076293945,22.829999923706055,22.829999923706055,21.987546920776367,3200
2016-10-26,22.54400062561035,22.600000381469727,22.371999740600586,22.399999618530273,21.573415756225586,10600
2016-10-27,22.399999618530273,22.399999618530273,21.979999542236328,21.989999771118164,21.178543090820312,28200
2016-10-28,21.780000686645508,22.290000915527344,21.670000076293945,22.106000900268555,21.290266036987305,17700
2016-10-31,22.030000686645508,22.100000381469727,22.030000686645508,22.100000381469727,21.284486770629883,6500
2016-11-01,22.059999465942383,22.059999465942383,21.65999984741211,21.809999465942383,21.00518798828125,18200
2016-11-02,21.670000076293945,21.72599983215332,21.469999313354492,21.540000915527344,20.74515151977539,14700
2016-11-03,21.459999084472656,21.549999237060547,21.350000381469727,21.350000381469727,20.56216049194336,8500
2016-11-04,21.347000122070312,21.670000076293945,21.347000122070312,21.489999771118164,20.69699478149414,12100
2016-11-07,21.799999237060547,22.100000381469727,21.799999237060547,22.100000381469727,21.284486770629883,8800
2016-11-08,22.219999313354492,22.219999313354492,21.90999984741211,22.06999969482422,21.255590438842773,7700
2016-11-09,21.959999084472656,22.524999618530273,21.959999084472656,22.524999618530273,21.693801879882812,8100
2016-11-10,23.18000030517578,23.18000030517578,22.18899917602539,22.382999420166016,21.55704116821289,9800
2016-11-11,22.229999542236328,22.8700008392334,22.229999542236328,22.8700008392334,22.026071548461914,14900
2016-11-14,23.1299991607666,23.170000076293945,22.864999771118164,22.899999618530273,22.054964065551758,21200
2016-11-15,23.0,23.149999618530273,23.0,23.125,22.27166175842285,3200
2016-11-16,23.15999984741211,23.256999969482422,23.100000381469727,23.224000930786133,22.36701011657715,2200
2016-11-17,23.31999969482422,23.459999084472656,23.299999237060547,23.459999084472656,22.594297409057617,30600
2016-11-18,23.56999969482422,23.600000381469727,23.440000534057617,23.56999969482422,22.700239181518555,82200
2016-11-21,23.600000381469727,23.75,23.593000411987305,23.687000274658203,22.812923431396484,6800
2016-11-22,23.799999237060547,23.84000015258789,23.715999603271484,23.84000015258789,22.960277557373047,8800
2016-11-23,23.950000762939453,24.06599998474121,23.950000762939453,24.020000457763672,23.133636474609375,9000
2016-11-25,24.030000686645508,24.149999618530273,24.030000686645508,24.149999618530273,23.258838653564453,4300
2016-11-28,24.280000686645508,24.280000686645508,23.799999237060547,23.826000213623047,22.946794509887695,16100
2016-11-29,23.969999313354492,24.11199951171875,23.969999313354492,23.969999313354492,23.085477828979492,12700
2016-11-30,24.27400016784668,24.64699935913086,23.899999618530273,23.920000076293945,23.03732681274414,26700
2016-12-01,24.18000030517578,24.25,23.5,23.59000015258789,22.719501495361328,22300
2016-12-02,23.25,23.643999099731445,23.25,23.579999923706055,22.709871292114258,20200
2016-12-05,23.799999237060547,23.969999313354492,23.799999237060547,23.95199966430664,23.068143844604492,4100
2016-12-06,23.920000076293945,24.06999969482422,23.801000595092773,24.06999969482422,23.181787490844727,5400
2016-12-07,23.8700008392334,24.43899917602539,23.8700008392334,24.405000686645508,23.50442886352539,19900
2016-12-08,24.450000762939453,24.725000381469727,24.424999237060547,24.65999984741211,23.750017166137695,11600
2016-12-09,24.579999923706055,24.729999542236328,24.450000762939453,24.469999313354492,23.56702995300293,15900
2016-12-12,24.6299991607666,24.6299991607666,24.114999771118164,24.149999618530273,23.258838653564453,13800
2016-12-13,24.729999542236328,24.875999450683594,24.094999313354492,24.260000228881836,23.364778518676758,16100
2016-12-14,24.1200008392334,24.309999465942383,24.010000228881836,24.079999923706055,23.19141960144043,22600
2016-12-15,24.389999389648438,24.579999923706055,24.389999389648438,24.420000076293945,23.518875122070312,19000
2016-12-16,24.3700008392334,24.554000854492188,24.281999588012695,24.281999588012695,23.38596534729004,2600
2016-12-19,24.5,24.5,24.268999099731445,24.440000534057617,23.538137435913086,10900
2016-12-20,24.450000762939453,24.6200008392334,24.450000762939453,24.610000610351562,23.701862335205078,10900
2016-12-21,24.709999084472656,24.709999084472656,24.399999618530273,24.6299991607666,23.72112464904785,5200
2016-12-22,24.709999084472656,24.709999084472656,24.389999389648438,24.440000534057617,23.538137435913086,4400
2016-12-23,24.469999313354492,24.530000686645508,24.42799949645996,24.530000686645508,23.624818801879883,6100
2016-12-27,24.809999465942383,24.809999465942383,24.690000534057617,24.780000686645508,23.865591049194336,11600
2016-12-28,24.90999984741211,24.90999984741211,24.389999389648438,24.40999984741211,23.509241104125977,12900
2016-12-29,24.14699935913086,24.329999923706055,24.1200008392334,24.309999465942383,23.412933349609375,12500
2016-12-30,24.3700008392334,24.3700008392334,24.149999618530273,24.149999618530273,23.258838653564453,14700
2017-01-03,24.399999618530273,24.459999084472656,24.093000411987305,24.229999542236328,23.335886001586914,5900
2017-01-04,24.434999465942383,24.764999389648438,24.420000076293945,24.75,23.836698532104492,41700
2017-01-05,24.809999465942383,24.809999465942383,24.243999481201172,24.360000610351562,23.461090087890625,32200
2017-01-06,24.549999237060547,24.549999237060547,24.350000381469727,24.447999954223633,23.545839309692383,6800
2017-01-09,24.290000915527344,24.408000946044922,24.170000076293945,24.329999923706055,23.43219757080078,11800
2017-01-10,24.290000915527344,24.59000015258789,24.290000915527344,24.49799919128418,23.593994140625,2800
2017-01-11,24.549999237060547,24.670000076293945,24.531999588012695,24.670000076293945,23.7596492767334,5100
2017-01-12,24.235000610351562,24.4060001373291,24.1200008392334,24.4060001373291,23.505390167236328,8600
2017-01-13,24.780000686645508,24.809999465942383,24.687999725341797,24.687999725341797,23.7769832611084,10200
2017-01-17,24.739999771118164,24.739999771118164,23.969999313354492,23.989999771118164,23.1047420501709,12000
2017-01-18,24.43600082397461,24.43600082397461,23.899999618530273,24.110000610351562,23.220317840576172,7500
2017-01-19,24.148000717163086,24.148000717163086,24.007999420166016,24.010000228881836,23.124006271362305,3500
2017-01-20,24.030000686645508,24.200000762939453,24.030000686645508,24.079999923706055,23.19141960144043,30700
2017-01-23,24.079999923706055,24.079999923706055,23.950000762939453,24.07900047302246,23.19045639038086,6900
2017-01-24,24.31100082397461,24.520000457763672,24.214000701904297,24.510000228881836,23.605552673339844,8000
2017-01-25,24.908000946044922,24.915000915527344,24.743000030517578,24.915000915527344,23.995607376098633,40900
2017-01-26,25.0,25.0,24.860000610351562,24.93000030517578,24.010055541992188,9100
2017-01-27,24.799999237060547,24.950000762939453,24.780000686645508,24.950000762939453,24.02931785583496,12500
2017-01-30,24.979999542236328,24.979999542236328,24.43000030517578,24.709999084472656,23.79817008972168,19600
2017-01-31,24.56999969482422,24.768999099731445,24.489999771118164,24.729999542236328,23.817434310913086,5400
2017-02-01,24.770000457763672,25.049999237060547,24.719999313354492,24.8700008392334,23.952268600463867,12800
2017-02-02,24.68000030517578,24.860000610351562,24.639999389648438,24.72800064086914,23.815507888793945,2800
2017-02-03,24.990999221801758,25.1200008392334,24.990999221801758,25.1200008392334,24.193044662475586,12100
2017-02-06,25.170000076293945,25.170000076293945,24.965999603271484,24.988000869750977,24.065916061401367,7100
2017-02-07,24.989999771118164,25.100000381469727,24.860000610351562,24.940000534057617,24.019685745239258,14000
2017-02-08,25.0,25.0,24.6299991607666,24.8799991607666,23.961898803710938,13200
2017-02-09,24.920000076293945,25.128000259399414,24.920000076293945,25.079999923706055,24.154521942138672,7600
2017-02-10,25.100000381469727,25.100000381469727,24.950000762939453,25.0,24.077468872070312,6200
2017-02-13,25.0,25.139999389648438,25.0,25.076000213623047,24.150667190551758,4100
2017-02-14,24.90999984741211,25.110000610351562,24.8700008392334,25.100000381469727,24.17378044128418,7700
2017-02-15,25.135000228881836,25.270999908447266,25.040000915527344,25.264999389648438,24.332693099975586,25000
2017-02-16,25.34000015258789,25.34000015258789,25.06999969482422,25.219999313354492,24.289352416992188,7700
2017-02-17,25.200000762939453,25.290000915527344,25.030000686645508,25.2450008392334,24.313430786132812,6000
2017-02-21,25.209999084472656,25.475000381469727,25.209999084472656,25.46500015258789,24.525310516357422,15100
2017-02-22,25.360000610351562,25.469999313354492,25.341999053955078,25.420000076293945,24.48197364807129,4800
2017-02-23,25.489999771118164,25.489999771118164,24.75,24.969999313354492,24.0485782623291,9100
2017-02-24,24.920000076293945,24.969999313354492,24.60700035095215,24.950000762939453,24.02931785583496,15800
2017-02-27,25.18000030517578,25.268999099731445,25.1560001373291,25.239999771118164,24.308616638183594,4200
2017-02-28,25.145999908447266,25.174999237060547,25.020000457763672,25.08300018310547,24.15740966796875,8000
2017-03-01,25.290000915527344,25.690000534057617,25.290000915527344,25.649999618530273,24.7034854888916,24200
2017-03-02,25.510000228881836,25.55299949645996,25.14900016784668,25.14900016784668,24.220972061157227,4900
2017-03-03,25.259000778198242,25.270000457763672,25.093000411987305,25.270000457763672,24.337509155273438,9700
2017-03-06,25.309999465942383,25.309999465942383,25.030000686645508,25.18899917602539,24.259496688842773,31300
2017-03-07,25.29400062561035,25.29400062561035,25.149999618530273,25.149999618530273,24.22193717956543,13700
2017-03-08,25.290000915527344,25.327999114990234,25.145000457763672,25.145000457763672,24.217119216918945,4600
2017-03-09,25.229000091552734,25.229000091552734,25.0,25.128999710083008,24.20171356201172,4500
2017-03-10,25.270000457763672,25.270000457763672,25.113000869750977,25.25,24.318246841430664,3400
2017-03-13,25.299999237060547,25.533000946044922,25.038000106811523,25.520000457763672,24.57828712463379,7200
2017-03-14,25.489999771118164,25.489999771118164,25.25,25.43000030517578,24.491605758666992,9700
2017-03-15,25.600000381469727,25.631000518798828,25.549999237060547,25.59000015258789,24.645700454711914,7500
2017-03-16,25.75,25.75,25.604000091552734,25.631999969482422,24.68614959716797,3800
2017-03-17,25.649999618530273,25.756000518798828,25.583999633789062,25.709999084472656,24.76127052307129,6000
2017-03-20,25.829999923706055,25.829999923706055,25.562999725341797,25.6299991607666,24.684223175048828,16000
2017-03-21,25.770000457763672,25.770000457763672,24.860000610351562,24.8799991607666,23.961898803710938,14500
2017-03-22,24.799999237060547,25.059999465942383,24.799999237060547,24.989999771118164,24.067840576171875,15100
2017-03-23,25.030000686645508,25.229999542236328,25.030000686645508,25.059999465942383,24.135255813598633,5800
2017-03-24,25.260000228881836,25.34000015258789,25.0,25.208999633789062,24.278759002685547,9100
2017-03-27,24.799999237060547,25.27899932861328,24.6299991607666,25.27899932861328,24.346176147460938,12400
2017-03-28,25.1299991607666,25.47800064086914,25.1299991607666,25.433000564575195,24.49449348449707,12900
2017-03-29,25.450000762939453,25.450000762939453,25.280000686645508,25.399999618530273,24.462711334228516,7400
2017-03-30,25.510000228881836,25.648000717163086,25.489999771118164,25.624000549316406,24.67844581604004,16200
2017-03-31,25.562000274658203,25.660999298095703,25.562000274658203,25.6299991607666,24.684223175048828,2600
2017-04-03,25.770000457763672,25.81999969482422,25.365999221801758,25.420000076293945,24.48197364807129,10500
2017-04-04,25.280000686645508,25.481000900268555,25.260000228881836,25.30500030517578,24.3712158203125,8700
2017-04-05,25.40999984741211,25.540000915527344,25.139999389648438,25.139999389648438,24.21230697631836,8700
2017-04-06,25.128000259399414,25.357999801635742,25.010000228881836,25.344999313354492,24.409740447998047,5700
2017-04-07,25.34000015258789,25.440000534057617,25.309999465942383,25.3799991607666,24.44344711303711,5800
2017-04-10,25.280000686645508,25.600000381469727,25.280000686645508,25.40999984741211,24.472341537475586,5300
2017-04-11,25.329999923706055,25.356000900268555,25.100000381469727,25.356000900268555,24.42033576965332,2800
2017-04-12,25.433000564575195,25.433000564575195,25.138999938964844,25.239999771118164,24.308616638183594,2400
2017-04-13,25.040000915527344,25.280000686645508,24.799999237060547,24.989999771118164,24.067840576171875,10100
2017-04-17,24.950000762939453,25.309999465942383,24.950000762939453,25.309999465942383,24.37603187561035,5000
2017-04-18,25.100000381469727,25.327999114990234,25.100000381469727,25.327999114990234,24.393369674682617,9900
2017-04-19,25.489999771118164,25.68600082397461,25.489999771118164,25.566999435424805,24.623546600341797,5300
2017-04-20,25.700000762939453,26.0,25.700000762939453,25.950000762939453,24.992416381835938,17900
2017-04-21,26.020000457763672,26.020000457763672,25.785999298095703,25.857999801635742,24.903810501098633,6400
2017-04-24,26.030000686645508,26.299999237060547,26.030000686645508,26.261999130249023,25.29290008544922,13100
2017-04-25,26.450000762939453,26.485000610351562,26.399999618530273,26.40999984741211,25.43543815612793,11400
2017-04-26,26.350000381469727,26.3799991607666,26.219999313354492,26.350000381469727,25.377655029296875,5800
2017-04-27,26.5,26.510000228881836,26.368999481201172,26.420000076293945,25.445070266723633,8800
2017-04-28,27.030000686645508,27.030000686645508,26.284000396728516,26.35099983215332,25.378618240356445,7700
2017-05-01,26.309999465942383,26.600000381469727,26.299999237060547,26.600000381469727,25.61842918395996,9900
2017-05-02,26.56999969482422,26.56999969482422,26.395000457763672,26.468000411987305,25.491302490234375,8700
2017-05-03,26.540000915527344,27.399999618530273,26.225000381469727,26.246999740600586,25.27845573425293,7000
2017-05-04,26.158000946044922,26.170000076293945,26.049999237060547,26.170000076293945,25.20429801940918,8500
2017-05-05,26.239999771118164,26.299999237060547,25.950000762939453,26.299999237060547,25.329500198364258,23100
2017-05-08,26.139999389648438,26.398000717163086,26.139999389648438,26.170000076293945,25.20429801940918,5100
2017-05-09,26.190000534057617,26.459999084472656,26.190000534057617,26.3700008392334,25.39691734313965,11600
2017-05-10,26.5,26.84000015258789,26.5,26.84000015258789,25.84957504272461,38200
2017-05-11,26.59000015258789,26.898000717163086,26.510000228881836,26.860000610351562,25.868837356567383,7300
2017-05-12,26.969999313354492,26.969999313354492,26.739999771118164,26.8799991607666,25.888097763061523,6500
2017-05-15,26.989999771118164,27.219999313354492,26.979999542236328,27.139999389648438,26.138504028320312,29700
2017-05-16,27.139999389648438,27.600000381469727,27.139999389648438,27.600000381469727,26.581527709960938,17900
2017-05-17,27.479999542236328,27.479999542236328,26.575000762939453,26.600000381469727,25.61842918395996,18100
2017-05-18,26.399999618530273,26.884000778198242,26.010000228881836,26.860000610351562,25.868837356567383,14100
2017-05-19,27.040000915527344,27.25,27.0,27.040000915527344,26.04219627380371,28000
2017-05-22,28.0,28.0,27.200000762939453,27.450000762939453,26.43706512451172,20600
2017-05-23,27.479999542236328,27.479999542236328,27.139999389648438,27.329999923706055,26.321491241455078,10200
2017-05-24,27.459999084472656,27.459999084472656,27.12299919128418,27.216999053955078,26.21265983581543,4600
2017-05-25,27.43000030517578,27.43000030517578,27.309999465942383,27.32900047302246,26.32052993774414,9700
2017-05-26,27.75,27.75,27.3799991607666,27.6299991607666,26.610422134399414,12800
2017-05-30,27.389999389648438,27.709999084472656,27.389999389648438,27.43000030517578,26.417800903320312,11500
2017-05-31,27.420000076293945,27.420000076293945,27.25,27.399999618530273,26.388906478881836,8500
2017-06-01,27.510000228881836,27.729999542236328,27.347000122070312,27.729999542236328,26.70673179626465,23500
2017-06-02,27.75,27.940000534057617,27.729999542236328,27.889999389648438,26.86082649230957,13900
2017-06-05,27.979999542236328,28.042999267578125,27.81999969482422,27.81999969482422,26.79340934753418,27500
2017-06-06,27.75,28.31999969482422,27.75,28.12299919128418,27.085227966308594,16900
2017-06-07,28.190000534057617,28.510000228881836,28.190000534057617,28.479999542236328,27.42905616760254,21000
2017-06-08,28.639999389648438,28.68000030517578,28.3700008392334,28.6200008392334,27.56389045715332,17700
2017-06-09,28.8799991607666,28.881000518798828,27.209999084472656,27.729999542236328,26.70673179626465,48300
2017-06-12,26.809999465942383,27.469999313354492,26.69499969482422,27.389999389648438,26.3792781829834,37900
2017-06-13,27.72800064086914,27.799999237060547,27.39900016784668,27.599000930786133,26.580564498901367,12200
2017-06-14,27.709999084472656,27.709999084472656,27.131000518798828,27.18000030517578,26.177026748657227,11900
2017-06-15,27.18000030517578,27.280000686645508,26.861000061035156,27.253999710083008,26.248294830322266,14400
2017-06-16,27.40999984741211,27.40999984741211,27.170000076293945,27.275999069213867,26.26948356628418,4500
2017-06-19,27.479999542236328,28.097999572753906,27.479999542236328,28.059999465942383,27.024553298950195,36900
2017-06-20,28.059999465942383,28.549999237060547,27.795000076293945,27.829999923706055,26.80303955078125,15800
2017-06-21,27.95800018310547,28.128000259399414,27.95800018310547,28.049999237060547,27.014923095703125,5400
2017-06-22,28.100000381469727,28.160999298095703,27.959999084472656,28.100000381469727,27.063077926635742,9800
2017-06-23,28.100000381469727,28.31100082397461,28.079999923706055,28.219999313354492,27.17864990234375,4900
2017-06-26,28.350000381469727,28.413999557495117,27.889999389648438,27.989999771118164,26.957136154174805,19200
2017-06-27,27.950000762939453,27.950000762939453,27.329999923706055,27.329999923706055,26.321491241455078,9400
2017-06-28,27.190000534057617,27.77400016784668,27.139999389648438,27.770000457763672,26.745254516601562,11300
2017-06-29,27.489999771118164,27.540000915527344,26.799999237060547,27.14299964904785,26.14139175415039,25700
2017-06-30,27.06999969482422,27.209999084472656,26.989999771118164,27.19300079345703,26.18954849243164,21000
2017-07-03,27.09000015258789,27.1299991607666,26.809999465942383,26.809999465942383,25.820680618286133,9000
2017-07-05,26.850000381469727,27.100000381469727,26.850000381469727,27.100000381469727,26.0999813079834,10900
2017-07-06,26.920000076293945,27.049999237060547,26.920000076293945,26.959999084472656,25.96514320373535,5300
2017-07-07,27.229999542236328,27.469999313354492,27.219999313354492,27.3799991607666,26.369644165039062,22700
2017-07-10,27.719999313354492,27.719999313354492,27.3700008392334,27.709999084472656,26.687469482421875,12000
2017-07-11,27.719999313354492,27.860000610351562,27.650999069213867,27.847000122070312,26.819414138793945,10600
2017-07-12,27.850000381469727,28.42799949645996,27.850000381469727,28.40999984741211,27.36163902282715,8900
2017-07-13,28.520000457763672,28.565000534057617,28.31999969482422,28.454999923706055,27.40497589111328,9900
2017-07-14,28.520000457763672,28.823999404907227,28.520000457763672,28.799999237060547,27.737247467041016,28900
2017-07-17,28.860000610351562,28.899999618530273,28.66900062561035,28.71500015258789,27.655384063720703,13000
2017-07-18,28.719999313354492,28.940000534057617,28.540000915527344,28.940000534057617,27.872081756591797,23000
2017-07-19,29.1200008392334,29.15999984741211,28.989999771118164,29.040000915527344,27.968393325805664,15900
2017-07-20,29.0,29.139999389648438,28.959999084472656,29.06999969482422,27.997283935546875,9700
2017-07-21,29.15999984741211,29.15999984741211,28.923999786376953,28.989999771118164,27.920236587524414,38600
2017-07-24,29.200000762939453,29.457000732421875,29.136999130249023,29.43000030517578,28.3439998626709,27500
2017-07-25,29.440000534057617,29.600000381469727,29.261999130249023,29.479999542236328,28.39215660095215,28600
2017-07-26,29.600000381469727,29.850000381469727,29.493000030517578,29.649999618530273,28.555883407592773,30400
2017-07-27,30.1299991607666,30.1299991607666,28.572999954223633,28.940000534057617,27.872081756591797,29200
2017-07-28,28.860000610351562,29.18000030517578,28.829999923706055,29.079999923706055,28.006914138793945,11000
2017-07-31,29.280000686645508,29.724000930786133,28.950000762939453,29.030000686645508,27.958759307861328,42700
2017-08-01,29.420000076293945,29.420000076293945,29.09000015258789,29.1299991607666,28.05506706237793,18900
2017-08-02,29.06999969482422,29.06999969482422,28.10099983215332,28.299999237060547,27.25569725036621,33800
2017-08-03,28.450000762939453,28.799999237060547,28.450000762939453,28.729999542236328,27.669828414916992,14500
2017-08-04,28.899999618530273,29.049999237060547,28.86199951171875,28.93600082397461,27.86823081970215,6900
2017-08-07,29.100000381469727,29.549999237060547,29.079999923706055,29.48900032043457,28.400821685791016,48100
2017-08-08,29.540000915527344,29.719999313354492,29.3700008392334,29.399999618530273,28.315105438232422,32700
2017-08-09,29.360000610351562,29.530000686645508,29.1299991607666,29.440000534057617,28.35363006591797,39600
2017-08-10,29.360000610351562,29.360000610351562,28.549999237060547,28.6200008392334,27.56389045715332,25000
2017-08-11,28.549999237060547,28.950000762939453,28.25,28.84000015258789,27.77577018737793,21300
2017-08-14,29.079999923706055,29.559999465942383,29.079999923706055,29.545000076293945,28.454755783081055,47700
2017-08-15,29.469999313354492,29.5,29.360000610351562,29.360000610351562,28.276586532592773,15100
2017-08-16,29.540000915527344,29.92799949645996,29.450000762939453,29.660999298095703,28.56647491455078,19000
2017-08-17,29.93000030517578,29.93000030517578,29.0310001373291,29.079999923706055,28.006914138793945,34100
2017-08-18,29.10099983215332,29.520000457763672,29.094999313354492,29.459999084472656,28.372892379760742,8000
2017-08-21,29.520000457763672,29.520000457763672,29.170000076293945,29.375999450683594,28.2919921875,12800
2017-08-22,29.399999618530273,29.878999710083008,29.399999618530273,29.8700008392334,28.767765045166016,28800
2017-08-23,29.670000076293945,29.889999389648438,29.670000076293945,29.790000915527344,28.690715789794922,55700
2017-08-24,29.940000534057617,29.940000534057617,29.600000381469727,29.69700050354004,28.601146697998047,14100
2017-08-25,29.6200008392334,29.641000747680664,29.22100067138672,29.23900032043457,28.16004753112793,24600
2017-08-28,29.43000030517578,29.43000030517578,29.069000244140625,29.260000228881836,28.180274963378906,11000
2017-08-29,29.0,29.420000076293945,28.68000030517578,29.392000198364258,28.307401657104492,15500
2017-08-30,29.719999313354492,29.9950008392334,29.506999969482422,29.979999542236328,28.873703002929688,23600
2017-08-31,30.040000915527344,30.329999923706055,30.040000915527344,30.329999923706055,29.21078872680664,61300
2017-09-01,30.5,30.649999618530273,30.299999237060547,30.440000534057617,29.316726684570312,83900
2017-09-05,30.510000228881836,30.510000228881836,29.950000762939453,30.270000457763672,29.15300178527832,45400
2017-09-06,30.6200008392334,30.6200008392334,30.049999237060547,30.2450008392334,29.12892723083496,34200
2017-09-07,30.290000915527344,30.59000015258789,30.177000045776367,30.559999465942383,29.432302474975586,41500
2017-09-08,30.489999771118164,30.610000610351562,30.288000106811523,30.329999923706055,29.21078872680664,38100
2017-09-11,30.700000762939453,30.90999984741211,30.700000762939453,30.889999389648438,29.750123977661133,94400
2017-09-12,30.90999984741211,31.0,30.75,31.0,29.85606575012207,44300
2017-09-13,31.0,31.110000610351562,30.8700008392334,31.010000228881836,29.86569595336914,51900
2017-09-14,30.989999771118164,31.04599952697754,30.75,30.8700008392334,29.730863571166992,23400
2017-09-15,30.790000915527344,31.040000915527344,30.57200050354004,30.959999084472656,29.817543029785156,22600
2017-09-18,31.229999542236328,31.440000534057617,31.20599937438965,31.329999923706055,30.173887252807617,168200
2017-09-19,31.479999542236328,31.579999923706055,31.305999755859375,31.549999237060547,30.38576889038086,142100
2017-09-20,31.68000030517578,31.739999771118164,31.177000045776367,31.402000427246094,30.24323272705078,117800
2017-09-21,31.489999771118164,31.489999771118164,30.940000534057617,31.190000534057617,30.03905487060547,52000
2017-09-22,31.214000701904297,31.389999389648438,31.08799934387207,31.389999389648438,30.231672286987305,37300
2017-09-25,31.40999984741211,31.40999984741211,30.360000610351562,30.59000015258789,29.461193084716797,81000
2017-09-26,31.079999923706055,31.079999923706055,30.600000381469727,30.709999084472656,29.576765060424805,33900
2017-09-27,30.93000030517578,31.450000762939453,30.93000030517578,31.3799991607666,30.222043991088867,69000
2017-09-28,31.40999984741211,31.40999984741211,31.06999969482422,31.329999923706055,30.173887252807617,64700
2017-09-29,31.56999969482422,31.700000762939453,31.45599937438965,31.6299991607666,30.462814331054688,84200
2017-10-02,32.040000915527344,32.040000915527344,31.600000381469727,31.860000610351562,30.6843318939209,121600
2017-10-03,32.09000015258789,32.2140007019043,31.959999084472656,32.130001068115234,30.944368362426758,148100
2017-10-04,32.18000030517578,32.26599884033203,31.860000610351562,32.11000061035156,30.92510414123535,58700
2017-10-05,32.22999954223633,32.22999954223633,31.90999984741211,32.097999572753906,30.91354751586914,75200
2017-10-06,31.8799991607666,32.32500076293945,31.868000030517578,32.32500076293945,31.132171630859375,108800
2017-10-09,32.459999084472656,32.66999816894531,32.38999938964844,32.560001373291016,31.35849952697754,104900
2017-10-10,32.63999938964844,32.84700012207031,32.369998931884766,32.584999084472656,31.3825740814209,75400
2017-10-11,32.65999984741211,32.75899887084961,32.53900146484375,32.68000030517578,31.47407341003418,108800
2017-10-12,32.79999923706055,32.79999923706055,32.65999984741211,32.70000076293945,31.493331909179688,68800
2017-10-13,32.84000015258789,32.91999816894531,32.72700119018555,32.86000061035156,31.647430419921875,96900
2017-10-16,33.0099983215332,33.26900100708008,32.900001525878906,33.2599983215332,32.03266525268555,145000
2017-10-17,33.290000915527344,33.42399978637695,33.060001373291016,33.130001068115234,31.907466888427734,93600
2017-10-18,33.279998779296875,33.41999816894531,33.099998474121094,33.41999816894531,32.186763763427734,104600
2017-10-19,33.099998474121094,33.18000030517578,32.45000076293945,33.18000030517578,31.95561981201172,199600
2017-10-20,33.470001220703125,33.95000076293945,33.470001220703125,33.95000076293945,32.69720458984375,268500
2017-10-23,33.959999084472656,34.08000183105469,33.529998779296875,33.619998931884766,32.3793830871582,654100
2017-10-24,33.810001373291016,33.875999450683594,33.54999923706055,33.65999984741211,32.41790771484375,262600
2017-10-25,33.75,33.779998779296875,32.750999450683594,33.040000915527344,31.82078742980957,386100
2017-10-26,32.970001220703125,33.06999969482422,32.529998779296875,32.61000061035156,31.406652450561523,382700
2017-10-27,33.040000915527344,33.11000061035156,32.70000076293945,33.11000061035156,31.888202667236328,369000
2017-10-30,33.040000915527344,33.369998931884766,32.849998474121094,33.02000045776367,31.801525115966797,469000
2017-10-31,33.220001220703125,33.47999954223633,33.060001373291016,33.380001068115234,32.14823913574219,539900
2017-11-01,33.83000183105469,33.83000183105469,32.79999923706055,33.08000183105469,31.859312057495117,351200
2017-11-02,33.130001068115234,33.130001068115234,32.2599983215332,32.439998626708984,31.242923736572266,313200
2017-11-03,32.59000015258789,32.91999816894531,32.525001525878906,32.900001525878906,31.685955047607422,265800
2017-11-06,33.029998779296875,33.20000076293945,32.88999938964844,33.20000076293945,31.974885940551758,306900
2017-11-07,33.279998779296875,33.310001373291016,33.029998779296875,33.18000030517578,31.95561981201172,230900
2017-11-08,33.29999923706055,33.45000076293945,33.11199951171875,33.45000076293945,32.215660095214844,202300
2017-11-09,33.189998626708984,33.189998626708984,32.5099983215332,32.939998626708984,31.72447395324707,337100
2017-11-10,32.95000076293945,33.20000076293945,32.900001525878906,33.20000076293945,31.974885940551758,153700
2017-11-13,33.189998626708984,33.400001525878906,33.0,33.349998474121094,32.119346618652344,235600
2017-11-14,33.31999969482422,33.380001068115234,33.095001220703125,33.27000045776367,32.042301177978516,156400
2017-11-15,33.150001525878906,33.380001068115234,32.79999923706055,33.29999923706055,32.07119369506836,165800
2017-11-16,33.65999984741211,34.07899856567383,33.650001525878906,34.0,32.745365142822266,567700
2017-11-17,34.13999938964844,34.27000045776367,33.84000015258789,33.95000076293945,32.69720458984375,300000
2017-11-20,34.18000030517578,34.4900016784668,34.09600067138672,34.470001220703125,33.198020935058594,436600
2017-11-21,34.75,34.97999954223633,34.70500183105469,34.97999954223633,33.6891975402832,435900
2017-11-22,35.11000061035156,35.13999938964844,34.66999816894531,34.810001373291016,33.525474548339844,319100
2017-11-24,34.900001525878906,34.95000076293945,34.83599853515625,34.95000076293945,33.66030502319336,243600
2017-11-27,34.93000030517578,34.93000030517578,34.45000076293945,34.5099983215332,33.236541748046875,384600
2017-11-28,34.84000015258789,34.900001525878906,34.540000915527344,34.84000015258789,33.55436706542969,244400
2017-11-29,34.880001068115234,34.88999938964844,32.9379997253418,33.400001525878906,32.167503356933594,845100
2017-11-30,33.56999969482422,33.79999923706055,33.349998474121094,33.619998931884766,32.3793830871582,369000
2017-12-01,33.61000061035156,33.61000061035156,32.41999816894531,33.13999938964844,31.91709327697754,508100
2017-12-04,33.540000915527344,33.689998626708984,31.969999313354492,32.02000045776367,30.83842658996582,710600
2017-12-05,31.899999618530273,32.52199935913086,31.690000534057617,32.09000015258789,30.90584373474121,276000
2017-12-06,31.969999313354492,32.349998474121094,31.8799991607666,32.31999969482422,31.12735366821289,142500
2017-12-07,32.40999984741211,32.9900016784668,32.369998931884766,32.959999084472656,31.743736267089844,305400
2017-12-08,33.25,33.5,32.91999816894531,32.97999954223633,31.763002395629883,334000
2017-12-11,33.0099983215332,33.150001525878906,32.779998779296875,32.959999084472656,31.743736267089844,186700
2017-12-12,33.0,33.0,32.75,32.779998779296875,31.570383071899414,134000
2017-12-13,32.849998474121094,33.08000183105469,32.849998474121094,32.959999084472656,31.743736267089844,188800
2017-12-14,33.060001373291016,33.099998474121094,32.55099868774414,32.65999984741211,31.454809188842773,127700
2017-12-15,32.66999816894531,33.20000076293945,32.63999938964844,33.06999969482422,31.84968376159668,239400
2017-12-18,33.310001373291016,33.70000076293945,33.310001373291016,33.70000076293945,32.4564323425293,323800
2017-12-19,33.880001068115234,33.880001068115234,33.5,33.630001068115234,32.38901901245117,259800
2017-12-20,33.79999923706055,33.86000061035156,33.400001525878906,33.560001373291016,32.32160186767578,177400
2017-12-21,33.560001373291016,33.689998626708984,33.40999984741211,33.47999954223633,32.24454879760742,257500
2017-12-22,33.41999816894531,33.4900016784668,33.209999084472656,33.33000183105469,32.10009002685547,249700
2017-12-26,33.27000045776367,33.400001525878906,32.97999954223633,33.38999938964844,32.15787124633789,284000
2017-12-27,33.41999816894531,33.630001068115234,33.250999450683594,33.56999969482422,32.33123016357422,216100
2017-12-28,33.5,33.56999969482422,33.400001525878906,33.5,32.318687438964844,184500
2017-12-29,33.650001525878906,33.720001220703125,33.15999984741211,33.18000030517578,32.009971618652344,166500
2018-01-02,33.400001525878906,33.810001373291016,33.34299850463867,33.79999923706055,32.60810470581055,344400
2018-01-03,33.90999984741211,34.20000076293945,33.90999984741211,34.150001525878906,32.94576644897461,584800
2018-01-04,34.369998931884766,34.58000183105469,34.150001525878906,34.27000045776367,33.0615348815918,471700
2018-01-05,34.29999923706055,34.79999923706055,34.29999923706055,34.779998779296875,33.553550720214844,562200
2018-01-08,34.79999923706055,34.93000030517578,34.54999923706055,34.900001525878906,33.66931915283203,324200
2018-01-09,35.0,35.09000015258789,34.689998626708984,34.97999954223633,33.746498107910156,258500
2018-01-10,34.84000015258789,34.84000015258789,34.5,34.7400016784668,33.51496505737305,234500
2018-01-11,34.849998474121094,35.15999984741211,34.720001220703125,35.130001068115234,33.891212463378906,329600
2018-01-12,35.220001220703125,35.43000030517578,35.130001068115234,35.369998931884766,34.12274169921875,448200
2018-01-16,35.77000045776367,35.869998931884766,34.720001220703125,34.95000076293945,33.71755599975586,637100
2018-01-17,35.04999923706055,35.729000091552734,35.00899887084961,35.650001525878906,34.392879486083984,398700
2018-01-18,35.689998626708984,35.82899856567383,35.500999450683594,35.66999816894531,34.412166595458984,352400
2018-01-19,35.79999923706055,35.939998626708984,35.599998474121094,35.93000030517578,34.66299819946289,378400
2018-01-22,36.09000015258789,36.18000030517578,35.654998779296875,35.90999984741211,34.64370346069336,390200
2018-01-23,35.959999084472656,36.04999923706055,35.72999954223633,35.9900016784668,34.72088623046875,326500
2018-01-24,36.099998474121094,36.150001525878906,35.16999816894531,35.59000015258789,34.33498764038086,451800
2018-01-25,35.79999923706055,35.91999816894531,35.29199981689453,35.41999816894531,34.170982360839844,224600
2018-01-26,35.59000015258789,35.59000015258789,35.220001220703125,35.5,34.24816131591797,282300
2018-01-29,35.40999984741211,35.50899887084961,35.029998779296875,35.25,34.006980895996094,242700
2018-01-30,34.599998474121094,34.810001373291016,34.060001373291016,34.540000915527344,33.322017669677734,555700
2018-01-31,34.650001525878906,34.93000030517578,34.310001373291016,34.41999816894531,33.20624542236328,325700
2018-02-01,34.130001068115234,34.42499923706055,33.79999923706055,34.209999084472656,33.00364685058594,322000
2018-02-02,34.0099983215332,34.060001373291016,33.2400016784668,33.279998779296875,32.106441497802734,967700
2018-02-05,32.79999923706055,33.775001525878906,31.979999542236328,32.130001068115234,30.996999740600586,915800
2018-02-06,31.329999923706055,32.88999938964844,31.010000228881836,32.810001373291016,31.65302276611328,607000
2018-02-07,32.810001373291016,33.0,32.45000076293945,32.560001373291016,31.411834716796875,258700
2018-02-08,32.650001525878906,32.810001373291016,31.010000228881836,31.010000228881836,29.916492462158203,465300
2018-02-09,31.34000015258789,31.68000030517578,30.149999618530273,31.40999984741211,30.302387237548828,946100
2018-02-12,31.579999923706055,32.150001525878906,31.360000610351562,31.959999084472656,30.832990646362305,404900
2018-02-13,31.889999389648438,32.14500045776367,31.784000396728516,32.07099914550781,30.94007682800293,176300
2018-02-14,32.02000045776367,33.08000183105469,32.01100158691406,33.040000915527344,31.874910354614258,495400
2018-02-15,33.349998474121094,33.619998931884766,32.99399948120117,33.619998931884766,32.43445587158203,778700
2018-02-16,33.5,33.50299835205078,33.1609992980957,33.27000045776367,32.0968017578125,372700
2018-02-20,33.0,33.41600036621094,32.900001525878906,33.150001525878906,31.981033325195312,301000
2018-02-21,33.349998474121094,33.81999969482422,33.18000030517578,33.220001220703125,32.048561096191406,200500
2018-02-22,33.41999816894531,33.435001373291016,32.88100051879883,33.0099983215332,31.845966339111328,204700
2018-02-23,33.22999954223633,33.400001525878906,32.97999954223633,33.349998474121094,32.17397689819336,195500
2018-02-26,33.540000915527344,33.63999938964844,33.180999755859375,33.5099983215332,32.328330993652344,300100
2018-02-27,33.52000045776367,33.71099853515625,33.29999923706055,33.41999816894531,32.24150848388672,160400
2018-02-28,33.5,33.64099884033203,33.15999984741211,33.15999984741211,31.990676879882812,151800
2018-03-01,33.08000183105469,33.20000076293945,32.41999816894531,32.720001220703125,31.566194534301758,284900
2018-03-02,32.45000076293945,33.34000015258789,32.099998474121094,33.25,32.07750701904297,382000
2018-03-05,33.209999084472656,33.619998931884766,32.823001861572266,33.470001220703125,32.28974914550781,140600
2018-03-06,33.630001068115234,34.099998474121094,33.55099868774414,34.099998474121094,32.897525787353516,216300
2018-03-07,33.75,34.3390007019043,33.698001861572266,34.2599983215332,33.05188751220703,184800
2018-03-08,34.40999984741211,34.4900016784668,34.154998779296875,34.31999969482422,33.109771728515625,238400
2018-03-09,34.56999969482422,34.8390007019043,34.5099983215332,34.83000183105469,33.60178756713867,424700
2018-03-12,34.93000030517578,35.12900161743164,34.849998474121094,35.04999923706055,33.814029693603516,339400
2018-03-13,35.119998931884766,35.20000076293945,34.604000091552734,34.68000030517578,33.45707702636719,229400
2018-03-14,34.66999816894531,34.82500076293945,34.5,34.66999816894531,33.44743347167969,181100
2018-03-15,34.81999969482422,34.979000091552734,34.66999816894531,34.79999923706055,33.572845458984375,127200
2018-03-16,34.90999984741211,34.915000915527344,34.56999969482422,34.619998931884766,33.399192810058594,175400
2018-03-19,34.5,34.619998931884766,33.849998474121094,34.33000183105469,33.119422912597656,227600
2018-03-20,34.380001068115234,34.9900016784668,34.380001068115234,34.90999984741211,33.6789665222168,259000
2018-03-21,35.0,35.290000915527344,34.810001373291016,34.9900016784668,33.75614547729492,218000
2018-03-22,34.61000061035156,34.77000045776367,34.04999923706055,34.04999923706055,32.84929656982422,232000
2018-03-23,34.0099983215332,34.09000015258789,33.08000183105469,33.08000183105469,31.91349983215332,284200
2018-03-26,33.849998474121094,34.59000015258789,33.58000183105469,34.58000183105469,33.3606071472168,271900
2018-03-27,34.86000061035156,34.86000061035156,32.891998291015625,33.150001525878906,31.981033325195312,346700
2018-03-28,33.0,33.45000076293945,32.119998931884766,32.369998931884766,31.22853660583496,474700
2018-03-29,32.63999938964844,33.599998474121094,32.45000076293945,33.31999969482422,32.14503479003906,146200
2018-04-02,33.119998931884766,33.20000076293945,32.111000061035156,32.439998626708984,31.296062469482422,348100
2018-04-03,32.66999816894531,32.88800048828125,32.33000183105469,32.709999084472656,31.55654525756836,213900
2018-04-04,32.060001373291016,33.38999938964844,32.0,33.310001373291016,32.1353874206543,175100
2018-04-05,33.650001525878906,33.869998931884766,33.37799835205078,33.619998931884766,32.43445587158203,279300
2018-04-06,33.119998931884766,33.569000244140625,32.53300094604492,32.77000045776367,31.614431381225586,177000
2018-04-09,33.0,33.77000045776367,32.95000076293945,33.11000061035156,31.942440032958984,111800
2018-04-10,33.83000183105469,34.040000915527344,33.459999084472656,33.939998626708984,32.74317169189453,279900
2018-04-11,33.779998779296875,34.20000076293945,33.66999816894531,33.86000061035156,32.665992736816406,466200
2018-04-12,33.970001220703125,34.20000076293945,33.900001525878906,34.02000045776367,32.820350646972656,264800
2018-04-13,34.189998626708984,34.22999954223633,33.25,33.4900016784668,32.309043884277344,189600
2018-04-16,33.720001220703125,33.790000915527344,33.430999755859375,33.650001525878906,32.463401794433594,147700
2018-04-17,33.959999084472656,34.83000183105469,33.959999084472656,34.720001220703125,33.495670318603516,312500
2018-04-18,34.810001373291016,34.90999984741211,34.40999984741211,34.790000915527344,33.56319808959961,280900
2018-04-19,34.619998931884766,34.665000915527344,34.13999938964844,34.31999969482422,33.109771728515625,176700
2018-04-20,34.119998931884766,34.220001220703125,33.720001220703125,33.86000061035156,32.665992736816406,127800
2018-04-23,33.959999084472656,33.98500061035156,33.404998779296875,33.54999923706055,32.366920471191406,140100
2018-04-24,33.619998931884766,33.79999923706055,32.279998779296875,32.7599983215332,31.604778289794922,325000
2018-04-25,32.63999938964844,32.65999984741211,31.850000381469727,32.43000030517578,31.286420822143555,389900
2018-04-26,32.77000045776367,33.20899963378906,32.599998474121094,33.130001068115234,31.96173667907715,155400
2018-04-27,33.310001373291016,33.40999984741211,32.75,32.959999084472656,31.797727584838867,75600
2018-04-30,33.02000045776367,33.349998474121094,32.965999603271484,33.119998931884766,31.95208740234375,101900
2018-05-01,33.0099983215332,33.150001525878906,32.736000061035156,33.11000061035156,31.942440032958984,134100
2018-05-02,32.95000076293945,33.470001220703125,32.90999984741211,33.18000030517578,32.009971618652344,105100
2018-05-03,33.04999923706055,33.25,32.619998931884766,33.209999084472656,32.038909912109375,131800
2018-05-04,32.88999938964844,33.790000915527344,32.82500076293945,33.599998474121094,32.415157318115234,113000
2018-05-07,33.779998779296875,34.369998931884766,33.779998779296875,34.22999954223633,33.02294921875,183900
2018-05-08,34.150001525878906,34.45000076293945,34.11000061035156,34.31999969482422,33.109771728515625,87300
2018-05-09,34.459999084472656,34.59000015258789,34.150001525878906,34.4900016784668,33.273780822753906,130700
2018-05-10,34.560001373291016,35.0890007019043,34.560001373291016,35.029998779296875,33.79473114013672,232900
2018-05-11,35.130001068115234,35.130001068115234,34.7599983215332,34.86000061035156,33.63072967529297,309000
2018-05-14,35.0,35.56999969482422,34.79999923706055,34.900001525878906,33.66931915283203,412900
2018-05-15,34.70000076293945,34.900001525878906,34.41999816894531,34.84000015258789,33.6114387512207,121300
2018-05-16,34.900001525878906,35.31999969482422,34.81100082397461,35.290000915527344,34.04556655883789,165700
2018-05-17,35.38999938964844,35.630001068115234,35.185001373291016,35.439998626708984,34.190277099609375,209200
2018-05-18,35.45000076293945,35.599998474121094,35.367000579833984,35.529998779296875,34.277103424072266,140800
2018-05-21,35.72999954223633,35.95899963378906,35.42499923706055,35.560001373291016,34.30604934692383,360500
2018-05-22,35.75,35.79999923706055,35.49100112915039,35.54999923706055,34.2963981628418,144400
2018-05-23,35.38999938964844,35.70000076293945,35.2140007019043,35.70000076293945,34.44110870361328,80600
2018-05-24,35.70000076293945,35.79999923706055,35.40999984741211,35.7400016784668,34.47970199584961,179300
2018-05-25,35.599998474121094,35.84000015258789,35.52000045776367,35.709999084472656,34.45075607299805,137100
2018-05-29,35.5099983215332,35.76599884033203,35.2869987487793,35.5099983215332,34.257808685302734,159000
2018-05-30,35.7400016784668,35.95000076293945,35.63999938964844,35.900001525878906,34.634056091308594,200000
2018-05-31,35.90999984741211,36.099998474121094,35.630001068115234,35.66999816894531,34.412166595458984,151400
2018-06-01,35.939998626708984,36.05500030517578,35.720001220703125,35.93000030517578,34.66299819946289,213700
2018-06-04,36.0,36.0,35.4010009765625,35.869998931884766,34.6051139831543,216400
2018-06-05,35.97999954223633,36.36000061035156,35.959999084472656,36.2400016784668,34.96207046508789,256600
2018-06-06,36.25,36.38999938964844,36.07500076293945,36.33000183105469,35.048892974853516,328800
2018-06-07,36.400001525878906,36.479000091552734,35.439998626708984,35.81999969482422,34.556880950927734,222800
2018-06-08,35.709999084472656,36.209999084472656,35.665000915527344,36.150001525878906,34.875244140625,145300
2018-06-11,36.220001220703125,36.308998107910156,36.11000061035156,36.150001525878906,34.875244140625,143900
2018-06-12,36.27000045776367,36.79999923706055,36.27000045776367,36.720001220703125,35.425140380859375,228000
2018-06-13,36.84000015258789,36.98500061035156,36.54499816894531,36.68000030517578,35.38655090332031,234200
2018-06-14,36.83000183105469,37.06999969482422,36.75,37.060001373291016,35.753150939941406,214000
2018-06-15,37.02000045776367,37.189998626708984,36.75,37.16999816894531,35.85927200317383,143900
2018-06-18,37.0,37.47999954223633,36.720001220703125,37.47999954223633,36.15834045410156,266700
2018-06-19,36.91999816894531,37.09000015258789,36.28499984741211,37.09000015258789,35.7820930480957,325000
2018-06-20,37.36000061035156,37.665000915527344,37.33000183105469,37.40999984741211,36.0908088684082,315900
2018-06-21,37.52000045776367,37.599998474121094,36.65999984741211,36.86000061035156,35.560203552246094,278000
2018-06-22,36.93000030517578,36.93000030517578,36.29999923706055,36.29999923706055,35.01994705200195,155200
2018-06-25,36.0,36.0,34.79999923706055,35.189998626708984,33.949092864990234,603400
2018-06-26,35.25,35.821998596191406,35.20899963378906,35.650001525878906,34.392879486083984,278700
2018-06-27,35.65999984741211,35.97999954223633,34.880001068115234,34.880001068115234,33.6500244140625,236400
2018-06-28,34.79999923706055,35.67499923706055,34.70100021362305,35.529998779296875,34.277103424072266,334400
2018-06-29,35.75,35.87799835205078,35.04999923706055,35.099998474121094,33.862266540527344,161100
2018-07-02,34.900001525878906,35.599998474121094,34.79999923706055,35.599998474121094,34.344635009765625,173400
2018-07-03,35.83000183105469,35.83000183105469,35.349998474121094,35.38999938964844,34.14204025268555,98500
2018-07-05,35.66999816894531,35.736000061035156,35.13999938964844,35.529998779296875,34.277103424072266,135500
2018-07-06,35.599998474121094,36.099998474121094,35.44499969482422,36.029998779296875,34.75947189331055,197800
2018-07-09,36.40999984741211,36.540000915527344,35.959999084472656,36.5,35.212894439697266,596000
2018-07-10,36.63999938964844,36.7400016784668,36.220001220703125,36.40999984741211,35.126075744628906,335200
2018-07-11,35.9900016784668,36.380001068115234,35.619998931884766,36.189998626708984,34.9138298034668,247800
2018-07-12,36.5099983215332,36.939998626708984,36.41400146484375,36.900001525878906,35.59879684448242,407600
2018-07-13,37.0099983215332,37.08000183105469,36.599998474121094,36.70000076293945,35.40584945678711,246800
2018-07-16,36.70000076293945,36.83000183105469,36.540000915527344,36.65999984741211,35.36725616455078,120300
2018-07-17,36.43000030517578,37.0989990234375,36.16999816894531,37.08000183105469,35.77244567871094,246400
2018-07-18,37.130001068115234,37.279998779296875,36.849998474121094,37.27000045776367,35.95574951171875,224900
2018-07-19,37.16999816894531,37.38999938964844,36.970001220703125,37.06999969482422,35.76280212402344,187200
2018-07-20,37.13999938964844,37.2400016784668,36.959999084472656,36.970001220703125,35.666324615478516,201300
2018-07-23,36.959999084472656,37.06999969482422,36.659000396728516,37.0099983215332,35.70491027832031,160900
2018-07-24,37.20000076293945,37.400001525878906,36.1609992980957,36.36000061035156,35.07783889770508,394000
2018-07-25,36.439998626708984,37.40999984741211,36.439998626708984,37.40999984741211,36.0908088684082,332200
2018-07-26,37.09000015258789,37.165000915527344,36.54999923706055,36.959999084472656,35.656681060791016,234100
2018-07-27,36.970001220703125,37.09400177001953,35.42599868774414,35.70000076293945,34.44110870361328,366900
2018-07-30,35.70000076293945,35.81800079345703,34.279998779296875,34.439998626708984,33.22553634643555,704500
2018-07-31,34.599998474121094,35.0099983215332,34.20800018310547,34.72999954223633,33.50531005859375,299100
2018-08-01,34.790000915527344,35.38800048828125,34.790000915527344,35.2599983215332,34.016624450683594,192600
2018-08-02,35.060001373291016,35.81999969482422,35.040000915527344,35.810001373291016,34.5472297668457,194600
2018-08-03,35.880001068115234,35.88999938964844,35.150001525878906,35.34000015258789,34.09380340576172,206600
2018-08-06,35.369998931884766,35.790000915527344,35.290000915527344,35.779998779296875,34.518287658691406,220600
2018-08-07,35.93000030517578,36.16999816894531,35.849998474121094,36.02000045776367,34.74982833862305,154300
2018-08-08,36.09000015258789,36.09000015258789,35.61000061035156,35.81999969482422,34.556880950927734,205600
2018-08-09,35.779998779296875,36.02000045776367,35.678001403808594,35.68000030517578,34.42181396484375,151000
2018-08-10,35.70000076293945,36.33000183105469,35.680999755859375,36.099998474121094,34.82699966430664,208700
2018-08-13,36.11000061035156,36.20000076293945,35.71099853515625,35.83000183105469,34.566524505615234,86000
2018-08-14,36.08000183105469,36.310001373291016,35.775001525878906,36.2599983215332,34.981361389160156,134600
2018-08-15,36.11000061035156,36.154998779296875,35.380001068115234,35.68000030517578,34.42181396484375,164600
2018-08-16,35.83000183105469,35.970001220703125,35.56100082397461,35.72999954223633,34.47005081176758,108400
2018-08-17,35.689998626708984,35.93000030517578,35.459999084472656,35.86000061035156,34.5954704284668,94500
2018-08-20,35.86000061035156,36.0989990234375,35.6870002746582,36.02000045776367,34.74982833862305,141100
2018-08-21,36.13999938964844,36.529998779296875,36.09000015258789,36.470001220703125,35.183956146240234,177900
2018-08-22,36.470001220703125,36.720001220703125,36.349998474121094,36.689998626708984,35.39619827270508,90300
2018-08-23,36.59000015258789,36.959999084472656,36.555999755859375,36.88999938964844,35.58914566040039,141800
2018-08-24,36.959999084472656,37.400001525878906,36.959999084472656,37.380001068115234,36.06187057495117,252300
2018-08-27,37.47999954223633,37.81800079345703,37.47999954223633,37.61199951171875,36.28568649291992,349200
2018-08-28,37.75,37.7599983215332,37.40999984741211,37.72999954223633,36.3995246887207,141800
2018-08-29,37.84000015258789,38.0,37.66999816894531,37.97999954223633,36.640708923339844,131900
2018-08-30,37.79999923706055,38.073001861572266,37.75,37.86000061035156,36.52494430541992,167000
2018-08-31,37.77000045776367,38.16999816894531,37.77000045776367,38.15999984741211,36.814361572265625,109000
2018-09-04,38.189998626708984,38.380001068115234,37.86000061035156,38.369998931884766,37.0169563293457,109700
2018-09-05,38.29999923706055,38.29999923706055,36.70000076293945,37.25,35.93645477294922,244600
2018-09-06,37.220001220703125,37.38600158691406,36.7599983215332,36.959999084472656,35.656681060791016,188700
2018-09-07,36.91999816894531,37.83100128173828,36.8849983215332,37.31999969482422,36.00398254394531,232000
2018-09-10,37.61000061035156,37.73500061035156,37.27199935913086,37.630001068115234,36.30305480957031,97400
2018-09-11,37.540000915527344,38.04999923706055,37.43000030517578,37.9900016784668,36.65035629272461,251100
2018-09-12,37.97999954223633,37.97999954223633,37.029998779296875,37.790000915527344,36.4574089050293,151200
2018-09-13,38.0,38.2599983215332,37.779998779296875,38.08000183105469,36.737186431884766,142000
2018-09-14,38.2400016784668,38.380001068115234,37.88999938964844,38.11000061035156,36.7661247253418,99900
2018-09-17,38.09000015258789,38.189998626708984,37.25,37.33000183105469,36.013633728027344,200200
2018-09-18,37.4900016784668,37.89500045776367,37.25,37.79999923706055,36.46706008911133,138200
2018-09-19,37.75,37.81800079345703,36.768001556396484,37.04999923706055,35.743507385253906,245200
2018-09-20,37.29999923706055,37.42300033569336,37.04999923706055,37.22999954223633,35.917152404785156,205800
2018-09-21,37.310001373291016,37.400001525878906,37.11000061035156,37.16999816894531,35.85927200317383,209100
2018-09-24,37.029998779296875,37.560001373291016,36.779998779296875,37.5099983215332,36.187286376953125,154000
2018-09-25,37.599998474121094,38.13999938964844,37.551998138427734,38.08000183105469,36.737186431884766,175200
2018-09-26,38.20000076293945,38.310001373291016,37.900001525878906,38.0099983215332,36.669647216796875,179500
2018-09-27,38.16999816894531,38.439998626708984,38.09000015258789,38.310001373291016,36.959075927734375,125600
2018-09-28,38.310001373291016,38.5880012512207,38.237998962402344,38.439998626708984,37.08448791503906,178600
2018-10-01,38.68000030517578,38.78799819946289,37.96200180053711,38.06999969482422,36.727535247802734,361900
2018-10-02,37.90999984741211,37.94900131225586,37.11000061035156,37.220001220703125,35.90751266479492,411700
2018-10-03,37.41999816894531,37.540000915527344,37.119998931884766,37.36000061035156,36.04257583618164,145400
2018-10-04,37.25,37.29999923706055,36.130001068115234,36.34000015258789,35.05854034423828,491300
2018-10-05,36.15999984741211,36.619998931884766,35.310001373291016,35.83000183105469,34.566524505615234,594400
2018-10-08,35.7400016784668,35.77299880981445,34.66999816894531,35.22999954223633,33.9876823425293,685900
2018-10-09,35.02000045776367,35.65999984741211,34.861000061035156,34.959999084472656,33.72720718383789,284900
2018-10-10,34.81999969482422,34.9900016784668,32.880001068115234,32.95000076293945,31.788084030151367,1019300
2018-10-11,32.560001373291016,33.599998474121094,32.209999084472656,32.4900016784668,31.34430694580078,951300
2018-10-12,33.290000915527344,33.84000015258789,32.8129997253418,33.38999938964844,32.21256637573242,635200
2018-10-15,33.36000061035156,33.5099983215332,32.849998474121094,33.11000061035156,31.942440032958984,191700
2018-10-16,33.5,34.4900016784668,33.45000076293945,34.439998626708984,33.22553634643555,472400
2018-10-17,34.459999084472656,34.7599983215332,33.90999984741211,34.31999969482422,33.109771728515625,221100
2018-10-18,34.11000061035156,34.207000732421875,33.33000183105469,33.630001068115234,32.44410705566406,236800
2018-10-19,33.7599983215332,33.94900131225586,32.70000076293945,32.70000076293945,31.546897888183594,185700
2018-10-22,32.83000183105469,33.16999816894531,32.630001068115234,32.970001220703125,31.8073787689209,267400
2018-10-23,32.349998474121094,32.819000244140625,31.780000686645508,32.65999984741211,31.50830841064453,457400
2018-10-24,32.4900016784668,32.742000579833984,31.059999465942383,31.059999465942383,29.964731216430664,354700
2018-10-25,31.139999389648438,31.858999252319336,31.100000381469727,31.610000610351562,30.495336532592773,232400
2018-10-26,30.93000030517578,31.350000381469727,30.246999740600586,30.780000686645508,29.694604873657227,293300
2018-10-29,31.200000762939453,31.40999984741211,30.149999618530273,30.489999771118164,29.41482925415039,462600
2018-10-30,30.290000915527344,31.055999755859375,30.274999618530273,30.940000534057617,29.848962783813477,277600
2018-10-31,31.18000030517578,31.59000015258789,31.15999984741211,31.280000686645508,30.176973342895508,508000
2018-11-01,31.40999984741211,31.854999542236328,31.19499969482422,31.790000915527344,30.668987274169922,243500
2018-11-02,31.969999313354492,32.0,31.253999710083008,31.399999618530273,30.292739868164062,362300
2018-11-05,31.350000381469727,31.350000381469727,30.739999771118164,31.079999923706055,29.984024047851562,180400
2018-11-06,31.079999923706055,31.329999923706055,30.95599937438965,31.200000762939453,30.09979248046875,332100
2018-11-07,31.5,32.15999984741211,31.37299919128418,32.15999984741211,31.02593994140625,717900
2018-11-08,32.15999984741211,32.34000015258789,32.0,32.11000061035156,30.977703094482422,826400
2018-11-09,31.8799991607666,31.899999618530273,31.18400001525879,31.5,30.38921356201172,293200
2018-11-12,31.260000228881836,31.290000915527344,30.299999237060547,30.420000076293945,29.34729766845703,697000
2018-11-13,30.530000686645508,30.8799991607666,30.270000457763672,30.459999084472656,29.385887145996094,224300
2018-11-14,30.649999618530273,30.90999984741211,30.100000381469727,30.219999313354492,29.15435028076172,229900
2018-11-15,30.040000915527344,30.6299991607666,29.75,30.56999969482422,29.49201011657715,248500
2018-11-16,30.31999969482422,30.760000228881836,30.23900032043457,30.549999237060547,29.47271156311035,202800
2018-11-19,30.5,30.5,29.040000915527344,29.09000015258789,28.064199447631836,306900
2018-11-20,28.559999465942383,28.968000411987305,28.15999984741211,28.520000457763672,27.514297485351562,642200
2018-11-21,28.75,29.270000457763672,28.711999893188477,29.049999237060547,28.02560806274414,279400
2018-11-23,28.719999313354492,29.312999725341797,28.709999084472656,29.15999984741211,28.131731033325195,61900
2018-11-26,29.489999771118164,29.611000061035156,29.299999237060547,29.56999969482422,28.527271270751953,172800
2018-11-27,29.399999618530273,29.5,29.25,29.40999984741211,28.37291145324707,196300
2018-11-28,29.510000228881836,30.450000762939453,29.510000228881836,30.420000076293945,29.34729766845703,288800
2018-11-29,30.399999618530273,30.8700008392334,30.31399917602539,30.65999984741211,29.57883644104004,300300
2018-11-30,30.579999923706055,30.878999710083008,30.575000762939453,30.719999313354492,29.63671875,150200
2018-12-03,31.739999771118164,31.739999771118164,31.040000915527344,31.510000228881836,30.398862838745117,571400
2018-12-04,31.43000030517578,31.489999771118164,30.309999465942383,30.399999618530273,29.3280029296875,486300
2018-12-06,29.719999313354492,30.3700008392334,29.3700008392334,30.350000381469727,29.279767990112305,262600
2018-12-07,30.268999099731445,30.5,29.104999542236328,29.260000228881836,28.22820472717285,209600
2018-12-10,29.1299991607666,29.559999465942383,28.90999984741211,29.479999542236328,28.440446853637695,202600
2018-12-11,30.0,30.07699966430664,29.43000030517578,29.610000610351562,28.56586265563965,185300
2018-12-12,30.15999984741211,30.450000762939453,29.989999771118164,30.010000228881836,28.951757431030273,286500
2018-12-13,30.1299991607666,30.1299991607666,29.540000915527344,29.649999618530273,28.60445213317871,143000
2018-12-14,29.229999542236328,29.667999267578125,28.940000534057617,29.020000457763672,27.996665954589844,524100
2018-12-17,28.850000381469727,28.850000381469727,27.760000228881836,27.8799991607666,26.896865844726562,488400
2018-12-18,28.030000686645508,28.280000686645508,27.84000015258789,27.979999542236328,26.99333953857422,252200
2018-12-19,27.959999084472656,28.479999542236328,27.309999465942383,27.559999465942383,26.588150024414062,281300
2018-12-20,27.459999084472656,27.68600082397461,26.424999237060547,26.81999969482422,25.874244689941406,781100
2018-12-21,27.010000228881836,27.010000228881836,25.799999237060547,25.829999923706055,24.919157028198242,439100
2018-12-24,25.700000762939453,25.920000076293945,25.389999389648438,25.43000030517578,24.533262252807617,208700
2018-12-26,25.709999084472656,27.030000686645508,25.540000915527344,27.030000686645508,26.076841354370117,356600
2018-12-27,26.75,27.34000015258789,26.299999237060547,27.34000015258789,26.37590789794922,317600
2018-12-28,27.489999771118164,27.799999237060547,27.05299949645996,27.34000015258789,26.37590789794922,358100
2018-12-31,27.530000686645508,27.719999313354492,27.34000015258789,27.6200008392334,26.64603614807129,409600
2019-01-02,26.93000030517578,27.579999923706055,26.93000030517578,27.360000610351562,26.395204544067383,163600
2019-01-03,27.100000381469727,27.239999771118164,26.51300048828125,26.600000381469727,25.662002563476562,183300
2019-01-04,26.90999984741211,27.799999237060547,26.8700008392334,27.59000015258789,26.61709213256836,133800
2019-01-07,27.709999084472656,28.479999542236328,27.700000762939453,28.309999465942383,27.31170082092285,787900
2019-01-08,28.59000015258789,28.8700008392334,28.239999771118164,28.8700008392334,27.851959228515625,619300
2019-01-09,28.969999313354492,29.349000930786133,28.899999618530273,29.270000457763672,28.237852096557617,753400
2019-01-10,29.049999237060547,29.450000762939453,28.85099983215332,29.43000030517578,28.392208099365234,722800
2019-01-11,29.360000610351562,29.43199920654297,29.238000869750977,29.350000381469727,28.315031051635742,94800
2019-01-14,29.049999237060547,29.125999450683594,28.959999084472656,28.959999084472656,27.93878173828125,107400
2019-01-15,29.059999465942383,29.549999237060547,29.059999465942383,29.510000228881836,28.46938705444336,292900
2019-01-16,29.59000015258789,29.770000457763672,29.37700080871582,29.489999771118164,28.450092315673828,255700
2019-01-17,29.350000381469727,29.920000076293945,29.350000381469727,29.760000228881836,28.710573196411133,108100
2019-01-18,30.09000015258789,30.18600082397461,29.729999542236328,30.079999923706055,29.019287109375,289500
2019-01-22,29.969999313354492,30.0,29.489999771118164,29.670000076293945,28.623746871948242,278800
2019-01-23,29.81999969482422,30.020000457763672,29.440000534057617,29.760000228881836,28.710573196411133,99600
2019-01-24,29.809999465942383,29.90999984741211,29.719999313354492,29.899999618530273,28.84563446044922,84800
2019-01-25,30.100000381469727,30.405000686645508,30.100000381469727,30.3799991607666,29.30870819091797,177400
2019-01-28,30.030000686645508,30.329999923706055,29.948999404907227,30.280000686645508,29.212236404418945,134600
2019-01-29,30.399999618530273,30.399999618530273,29.979999542236328,30.1299991607666,29.067523956298828,89600
2019-01-30,30.31999969482422,30.65999984741211,30.1299991607666,30.549999237060547,29.47271156311035,168000
2019-01-31,30.6200008392334,31.079999923706055,30.6200008392334,30.950000762939453,29.85860824584961,382200
2019-02-01,30.90999984741211,31.15999984741211,30.836000442504883,31.1299991607666,30.03226089477539,195000
2019-02-04,31.100000381469727,31.459999084472656,31.09000015258789,31.389999389648438,30.283092498779297,246200
2019-02-05,31.5,31.770000457763672,31.5,31.6200008392334,30.504981994628906,311400
2019-02-06,31.600000381469727,31.750999450683594,31.229999542236328,31.420000076293945,30.312034606933594,256700
2019-02-07,31.219999313354492,31.437000274658203,30.959999084472656,31.200000762939453,30.09979248046875,423900
2019-02-08,31.040000915527344,31.68000030517578,30.979999542236328,31.6200008392334,30.504981994628906,140200
2019-02-11,31.790000915527344,31.979999542236328,31.66200065612793,31.850000381469727,30.726869583129883,215900
2019-02-12,32.09000015258789,32.1510009765625,31.93400001525879,32.130001068115234,30.996999740600586,260500
2019-02-13,32.279998779296875,32.400001525878906,32.03900146484375,32.20000076293945,31.064531326293945,200000
2019-02-14,32.20000076293945,32.709999084472656,32.119998931884766,32.630001068115234,31.479368209838867,217700
2019-02-15,32.779998779296875,32.849998474121094,32.54199981689453,32.83000183105469,31.67231559753418,140100
2019-02-19,32.7599983215332,32.92900085449219,32.66999816894531,32.810001373291016,31.65302276611328,174800
2019-02-20,32.86000061035156,32.91999816894531,32.400001525878906,32.63999938964844,31.489011764526367,206200
2019-02-21,32.630001068115234,32.79999923706055,32.474998474121094,32.68000030517578,31.527605056762695,101100
2019-02-22,32.900001525878906,33.18000030517578,32.83000183105469,33.15999984741211,31.990676879882812,241100
2019-02-25,33.349998474121094,33.48699951171875,33.21099853515625,33.2599983215332,32.0871467590332,221800
2019-02-26,32.90999984741211,32.9900016784668,32.70000076293945,32.81999969482422,31.66266441345215,211400
2019-02-27,32.83000183105469,33.04999923706055,32.676998138427734,32.970001220703125,31.8073787689209,163900
2019-02-28,32.779998779296875,33.08000183105469,32.68000030517578,32.90999984741211,31.749492645263672,145700
2019-03-01,33.150001525878906,33.23500061035156,32.9119987487793,33.11000061035156,31.942440032958984,142800
2019-03-04,33.25,33.25,32.2400016784668,32.66999816894531,31.517955780029297,550600
2019-03-05,32.689998626708984,32.763999938964844,32.52000045776367,32.689998626708984,31.53725242614746,106400
2019-03-06,32.650001525878906,32.650001525878906,32.17499923706055,32.25,31.11276626586914,289600
2019-03-07,32.2400016784668,32.33000183105469,31.989999771118164,32.04999923706055,30.919818878173828,340500
2019-03-08,31.700000762939453,32.029998779296875,31.510000228881836,31.950000762939453,30.823345184326172,292900
2019-03-11,32.0099983215332,32.59000015258789,32.0099983215332,32.56999969482422,31.421483993530273,264700
2019-03-12,32.689998626708984,32.808998107910156,32.52000045776367,32.709999084472656,31.55654525756836,162900
2019-03-13,32.86000061035156,33.05500030517578,32.810001373291016,32.83000183105469,31.67231559753418,258200
2019-03-14,32.810001373291016,32.93000030517578,32.720001220703125,32.880001068115234,31.720552444458008,118900
2019-03-15,32.970001220703125,33.18000030517578,32.970001220703125,32.9900016784668,31.826671600341797,187700
2019-03-18,33.02000045776367,33.185001373291016,32.81999969482422,33.06999969482422,31.903854370117188,151600
2019-03-19,33.2400016784668,33.400001525878906,33.130001068115234,33.220001220703125,32.048561096191406,175200
2019-03-20,33.20000076293945,33.34000015258789,32.849998474121094,33.04999923706055,31.88455581665039,195700
2019-03-21,32.939998626708984,33.849998474121094,32.939998626708984,33.779998779296875,32.58881378173828,328300
2019-03-22,33.599998474121094,33.65999984741211,32.779998779296875,32.779998779296875,31.62407875061035,472900
2019-03-25,32.56999969482422,32.90999984741211,32.47999954223633,32.83000183105469,31.67231559753418,476800
2019-03-26,33.06999969482422,33.310001373291016,32.97999954223633,33.15999984741211,31.990676879882812,124400
2019-03-27,33.209999084472656,33.314998626708984,32.59000015258789,32.90999984741211,31.749492645263672,217200
2019-03-28,33.099998474121094,33.400001525878906,33.02000045776367,33.27000045776367,32.0968017578125,202000
2019-03-29,33.529998779296875,33.5629997253418,33.33000183105469,33.52000045776367,32.337982177734375,256200
2019-04-01,33.84000015258789,33.939998626708984,33.569000244140625,33.779998779296875,32.58881378173828,357600
2019-04-02,33.79999923706055,33.91999816894531,33.680999755859375,33.90999984741211,32.7142333984375,256500
2019-04-03,34.11000061035156,34.279998779296875,33.93899917602539,34.09000015258789,32.887882232666016,233200
2019-04-04,34.09000015258789,34.138999938964844,33.5,33.790000915527344,32.59846496582031,275700
2019-04-05,33.939998626708984,34.04800033569336,33.849998474121094,33.97999954223633,32.781761169433594,146000
2019-04-08,33.93000030517578,34.09000015258789,33.66699981689453,34.09000015258789,32.887882232666016,158200
2019-04-09,33.939998626708984,34.09000015258789,33.86000061035156,33.880001068115234,32.6852912902832,113800
2019-04-10,33.88999938964844,34.220001220703125,33.88999938964844,34.20000076293945,32.9940071105957,91800
2019-04-11,34.25,34.303001403808594,34.130001068115234,34.2400016784668,33.0325927734375,152200
2019-04-12,34.43000030517578,34.4900016784668,34.22999954223633,34.38999938964844,33.17729949951172,186500
2019-04-15,34.45000076293945,34.58000183105469,34.25,34.4900016784668,33.273780822753906,163300
2019-04-16,34.599998474121094,34.66999816894531,34.25,34.38999938964844,33.17729949951172,218000
2019-04-17,34.52000045776367,34.52000045776367,33.9900016784668,34.09000015258789,32.887882232666016,129900
2019-04-18,33.91999816894531,34.0,33.630001068115234,33.939998626708984,32.74317169189453,258400
2019-04-22,33.81999969482422,34.150001525878906,33.81999969482422,34.119998931884766,32.91682052612305,181800
2019-04-23,34.18000030517578,34.52000045776367,34.119998931884766,34.5,33.283424377441406,225000
2019-04-24,34.52000045776367,34.70000076293945,34.47999954223633,34.560001373291016,33.34130859375,122200
2019-04-25,34.5099983215332,34.5099983215332,33.970001220703125,34.33000183105469,33.119422912597656,125800
2019-04-26,34.27000045776367,34.54999923706055,34.119998931884766,34.54999923706055,33.3316650390625,138800
2019-04-29,34.54999923706055,34.63199996948242,34.439998626708984,34.58000183105469,33.3606071472168,105400
2019-04-30,34.47999954223633,34.650001525878906,34.297000885009766,34.59000015258789,33.3702507019043,183000
2019-05-01,34.599998474121094,34.630001068115234,34.04999923706055,34.04999923706055,32.84929656982422,227000
2019-05-02,33.959999084472656,34.32899856567383,33.77000045776367,34.09000015258789,32.887882232666016,231100
2019-05-03,34.08000183105469,34.279998779296875,33.880001068115234,34.25,33.04224395751953,285700
2019-05-06,33.41999816894531,34.11000061035156,33.32099914550781,34.029998779296875,32.83000183105469,334400
2019-05-07,33.79999923706055,33.8650016784668,33.13999938964844,33.380001068115234,32.202919006347656,311700
2019-05-08,33.27000045776367,33.7400016784668,33.220001220703125,33.54999923706055,32.366920471191406,165300
2019-05-09,33.209999084472656,33.645999908447266,32.904998779296875,33.5099983215332,32.328330993652344,296800
2019-05-10,33.29999923706055,33.66299819946289,32.86000061035156,33.54999923706055,32.366920471191406,308600
2019-05-13,32.79999923706055,32.92100143432617,32.18000030517578,32.22999954223633,31.09347152709961,577000
2019-05-14,32.380001068115234,33.07400131225586,32.380001068115234,32.90999984741211,31.749492645263672,472700
2019-05-15,32.65999984741211,33.35300064086914,32.65999984741211,33.189998626708984,32.01961898803711,215700
2019-05-16,33.31999969482422,33.91999816894531,33.31999969482422,33.720001220703125,32.53092575073242,180400
2019-05-17,33.5,33.810001373291016,33.29999923706055,33.369998931884766,32.19327163696289,164600
2019-05-20,33.060001373291016,33.06999969482422,32.709999084472656,32.810001373291016,31.65302276611328,243600
2019-05-21,32.970001220703125,33.31999969482422,32.939998626708984,33.2400016784668,32.0678596496582,169700
2019-05-22,33.13999938964844,33.41999816894531,33.13999938964844,33.27000045776367,32.0968017578125,62300
2019-05-23,32.9900016784668,32.9900016784668,32.375999450683594,32.540000915527344,31.392541885375977,206100
2019-05-24,32.70000076293945,32.89899826049805,32.599998474121094,32.72999954223633,31.57583999633789,127700
2019-05-28,32.7599983215332,33.08000183105469,32.689998626708984,32.70000076293945,31.546897888183594,148400
2019-05-29,32.459999084472656,32.540000915527344,32.130001068115234,32.220001220703125,31.083826065063477,251400
2019-05-30,32.310001373291016,32.66999816894531,32.310001373291016,32.54999923706055,31.40218734741211,114400
2019-05-31,32.119998931884766,32.5,32.09000015258789,32.279998779296875,31.141708374023438,187300
2019-06-03,32.279998779296875,32.457000732421875,31.530000686645508,31.700000762939453,30.582164764404297,702000
2019-06-04,32.029998779296875,32.599998474121094,31.969999313354492,32.56999969482422,31.421483993530273,310100
2019-06-05,32.869998931884766,33.04999923706055,32.560001373291016,33.04999923706055,31.88455581665039,263600
2019-06-06,33.13999938964844,33.290000915527344,32.91999816894531,33.22999954223633,32.05820846557617,114500
2019-06-07,33.43000030517578,33.75,33.43000030517578,33.61000061035156,32.424808502197266,302500
2019-06-10,34.09000015258789,34.345001220703125,33.9109992980957,33.970001220703125,32.77211380004883,837500
2019-06-11,34.22999954223633,34.292999267578125,33.40999984741211,33.61000061035156,32.424808502197266,312700
2019-06-12,33.58000183105469,33.77000045776367,33.529998779296875,33.709999084472656,32.52128601074219,114600
2019-06-13,33.959999084472656,33.959999084472656,33.720001220703125,33.790000915527344,32.59846496582031,193100
2019-06-14,33.79999923706055,33.810001373291016,33.619998931884766,33.709999084472656,32.52128601074219,117300
2019-06-17,33.790000915527344,33.99800109863281,33.75899887084961,33.880001068115234,32.6852912902832,153300
2019-06-18,34.220001220703125,34.4900016784668,34.130001068115234,34.310001373291016,33.10012435913086,245300
2019-06-19,34.380001068115234,34.64500045776367,34.13999938964844,34.63999938964844,33.41849136352539,165700
2019-06-20,35.06999969482422,35.24300003051758,34.7400016784668,34.959999084472656,33.72720718383789,339700
2019-06-21,34.90999984741211,34.90999984741211,34.36000061035156,34.369998931884766,33.15800857543945,152800
2019-06-24,34.45000076293945,34.5,34.099998474121094,34.099998474121094,32.897525787353516,121100
2019-06-25,34.150001525878906,34.15599822998047,33.375,33.459999084472656,32.28009796142578,285800
2019-06-26,33.58000183105469,33.900001525878906,33.55799865722656,33.599998474121094,32.415157318115234,82000
2019-06-27,33.72999954223633,34.04999923706055,33.72999954223633,34.02000045776367,32.820350646972656,82600
2019-06-28,34.189998626708984,34.33000183105469,33.93000030517578,34.290000915527344,33.080833435058594,89200
2019-07-01,34.83000183105469,34.9900016784668,34.58100128173828,34.709999084472656,33.486019134521484,215500
2019-07-02,34.709999084472656,34.88999938964844,34.650001525878906,34.86000061035156,33.63072967529297,118300
2019-07-03,34.970001220703125,35.150001525878906,34.91999816894531,35.150001525878906,33.91050338745117,158900
2019-07-05,35.02000045776367,35.13999938964844,34.56999969482422,35.13999938964844,33.900856018066406,131100
2019-07-08,35.02000045776367,35.0620002746582,34.880001068115234,34.97999954223633,33.746498107910156,138600
2019-07-09,34.810001373291016,35.279998779296875,34.7599983215332,35.23500061035156,33.99250793457031,111800
2019-07-10,35.5,35.61000061035156,35.220001220703125,35.400001525878906,34.15169143676758,220300
2019-07-11,35.59000015258789,35.59000015258789,35.3120002746582,35.560001373291016,34.30604934692383,186900
2019-07-12,35.5099983215332,35.709999084472656,35.380001068115234,35.68000030517578,34.42181396484375,171600
2019-07-15,35.77000045776367,35.84000015258789,35.654998779296875,35.83000183105469,34.566524505615234,113700
2019-07-16,35.790000915527344,36.02000045776367,35.709999084472656,35.810001373291016,34.5472297668457,162100
2019-07-17,35.84000015258789,35.96799850463867,35.68000030517578,35.68000030517578,34.42181396484375,84400
2019-07-18,35.599998474121094,35.849998474121094,35.5,35.84000015258789,34.576171875,120400
2019-07-19,36.0,36.08000183105469,35.439998626708984,35.459999084472656,34.20956802368164,161200
2019-07-22,35.47999954223633,35.54899978637695,35.279998779296875,35.314998626708984,34.06968307495117,118700
2019-07-23,35.5099983215332,35.54499816894531,35.119998931884766,35.3849983215332,34.13721466064453,107900
2019-07-24,35.31999969482422,35.819000244140625,35.310001373291016,35.79499816894531,34.53276062011719,256500
2019-07-25,35.66999816894531,35.709999084472656,35.369998931884766,35.470001220703125,34.21922302246094,148000
2019-07-26,35.58000183105469,35.99800109863281,35.58000183105469,35.849998474121094,34.58582305908203,104900
2019-07-29,35.83000183105469,35.85900115966797,35.108001708984375,35.40999984741211,34.16133117675781,146800
2019-07-30,35.130001068115234,35.263999938964844,35.0099983215332,35.189998626708984,33.949092864990234,422100
2019-07-31,35.25,35.540000915527344,34.56999969482422,34.90999984741211,33.6789665222168,197800
2019-08-01,34.91999816894531,35.59000015258789,34.75,34.90999984741211,33.6789665222168,320300
2019-08-02,34.68000030517578,34.724998474121094,34.04999923706055,34.310001373291016,33.10012435913086,551600
2019-08-05,33.4900016784668,33.54999923706055,32.68000030517578,33.0,31.836320877075195,818700
2019-08-06,33.2599983215332,33.777000427246094,33.2599983215332,33.709999084472656,32.52128601074219,375800
2019-08-07,33.38999938964844,33.939998626708984,33.130001068115234,33.880001068115234,32.6852912902832,146700
2019-08-08,34.13999938964844,34.915000915527344,34.13999938964844,34.88999938964844,33.65967559814453,168500
2019-08-09,34.79999923706055,34.79999923706055,34.36000061035156,34.560001373291016,33.34130859375,106000
2019-08-12,34.34000015258789,34.34000015258789,33.7599983215332,33.90999984741211,32.7142333984375,235800
2019-08-13,33.93000030517578,34.430999755859375,33.77000045776367,34.380001068115234,33.16765594482422,158500
2019-08-14,33.93000030517578,33.93000030517578,33.09000015258789,33.20000076293945,32.02927017211914,260700
2019-08-15,33.369998931884766,33.404998779296875,33.0,33.29999923706055,32.12574005126953,136000
2019-08-16,33.560001373291016,33.95000076293945,33.560001373291016,33.900001525878906,32.70458221435547,90100
2019-08-19,34.38999938964844,34.470001220703125,34.02199935913086,34.06999969482422,32.868587493896484,126500
2019-08-20,34.029998779296875,34.15700149536133,33.82600021362305,34.0,32.80105972290039,54700
2019-08-21,34.33000183105469,34.5,34.19900131225586,34.41999816894531,33.20624542236328,81200
2019-08-22,34.52000045776367,34.52000045776367,34.0099983215332,34.36000061035156,33.14836120605469,61400
2019-08-23,34.16999816894531,34.56999969482422,33.529998779296875,33.62799835205078,32.442176818847656,195700
2019-08-26,33.900001525878906,33.96699905395508,33.650001525878906,33.91999816894531,32.723873138427734,91300
2019-08-27,34.06999969482422,34.279998779296875,33.66999816894531,33.849998474121094,32.65634536743164,86000
2019-08-28,33.81999969482422,34.189998626708984,33.5,34.09000015258789,32.887882232666016,63400
2019-08-29,34.43000030517578,34.650001525878906,34.279998779296875,34.41999816894531,33.20624542236328,119300
2019-08-30,34.529998779296875,34.619998931884766,33.869998931884766,34.040000915527344,32.83964538574219,148500
2019-09-03,33.7400016784668,34.0099983215332,33.50400161743164,33.630001068115234,32.44410705566406,54100
2019-09-04,33.869998931884766,34.0099983215332,33.84400177001953,33.93000030517578,32.733524322509766,104000
2019-09-05,34.31999969482422,34.45000076293945,34.11000061035156,34.310001373291016,33.10012435913086,110900
2019-09-06,34.439998626708984,34.62699890136719,34.194000244140625,34.220001220703125,33.013301849365234,155100
2019-09-09,34.380001068115234,34.47999954223633,33.03499984741211,33.220001220703125,32.048561096191406,249100
2019-09-10,32.95000076293945,32.95000076293945,32.095001220703125,32.27000045776367,31.132062911987305,314000
2019-09-11,32.310001373291016,32.612998962402344,32.262001037597656,32.470001220703125,31.325010299682617,205100
2019-09-12,32.689998626708984,33.0099983215332,32.65999984741211,32.68000030517578,31.527605056762695,208900
2019-09-13,32.7599983215332,32.83000183105469,32.47999954223633,32.540000915527344,31.392541885375977,123300
2019-09-16,32.310001373291016,32.79499816894531,32.310001373291016,32.75,31.595136642456055,120900
2019-09-17,32.77000045776367,33.13999938964844,32.77000045776367,33.119998931884766,31.95208740234375,53200
2019-09-18,33.11000061035156,33.15999984741211,32.720001220703125,33.119998931884766,31.95208740234375,154900
2019-09-19,33.22999954223633,33.5,33.22999954223633,33.349998474121094,32.17397689819336,97000
2019-09-20,33.349998474121094,33.53799819946289,32.869998931884766,33.060001373291016,31.89420509338379,117800
2019-09-23,33.029998779296875,33.2400016784668,33.029998779296875,33.130001068115234,31.96173667907715,54100
2019-09-24,33.209999084472656,33.2400016784668,32.439998626708984,32.59000015258789,31.440776824951172,156200
2019-09-25,32.54999923706055,32.91999816894531,32.263999938964844,32.86000061035156,31.701257705688477,146400
2019-09-26,32.880001068115234,32.9900016784668,32.709999084472656,32.880001068115234,31.720552444458008,99300
2019-09-27,32.91999816894531,32.91999816894531,31.780000686645508,32.029998779296875,30.900524139404297,255400
2019-09-30,32.09000015258789,32.38999938964844,32.060001373291016,32.27000045776367,31.132062911987305,170200
2019-10-01,32.33000183105469,32.400001525878906,31.920000076293945,31.940000534057617,30.813697814941406,148800
2019-10-02,31.709999084472656,31.75,31.299999237060547,31.489999771118164,30.379568099975586,257900
2019-10-03,31.450000762939453,31.959999084472656,31.139999389648438,31.93600082397461,30.809839248657227,173800
2019-10-04,32.0,32.58000183105469,31.989999771118164,32.560001373291016,31.411834716796875,122900
2019-10-07,32.47999954223633,32.654998779296875,32.38999938964844,32.52000045776367,31.373249053955078,109700
2019-10-08,32.2599983215332,32.26900100708008,31.8799991607666,31.895000457763672,30.77028465270996,230600
2019-10-09,32.13999938964844,32.33000183105469,32.0359992980957,32.23099899291992,31.09443473815918,103500
2019-10-10,32.20000076293945,32.51499938964844,32.20000076293945,32.310001373291016,31.170654296875,108400
2019-10-11,32.59000015258789,32.970001220703125,32.59000015258789,32.70000076293945,31.546897888183594,224500
2019-10-14,32.75,32.939998626708984,32.7400016784668,32.869998931884766,31.710905075073242,85600
2019-10-15,32.88999938964844,32.95000076293945,32.72999954223633,32.88999938964844,31.730199813842773,65800
2019-10-16,32.790000915527344,32.790000915527344,32.34000015258789,32.5099983215332,31.363597869873047,74800
2019-10-17,32.650001525878906,32.779998779296875,32.6150016784668,32.665000915527344,31.51313591003418,55100
2019-10-18,32.599998474121094,32.694000244140625,32.082000732421875,32.415000915527344,31.271949768066406,95700
2019-10-21,32.65999984741211,32.74100112915039,32.560001373291016,32.65999984741211,31.50830841064453,58200
2019-10-22,32.70000076293945,32.86800003051758,32.22100067138672,32.224998474121094,31.08864974975586,70000
2019-10-23,32.119998931884766,32.43000030517578,32.040000915527344,32.345001220703125,31.20442008972168,59600
2019-10-24,32.529998779296875,32.88199996948242,32.529998779296875,32.849998474121094,31.691606521606445,61200
2019-10-25,32.849998474121094,33.060001373291016,32.849998474121094,33.029998779296875,31.865259170532227,44900
2019-10-28,33.189998626708984,33.22999954223633,33.06399917602539,33.130001068115234,31.96173667907715,103400
2019-10-29,33.099998474121094,33.36000061035156,33.06999969482422,33.11000061035156,31.942440032958984,85200
2019-10-30,33.130001068115234,33.189998626708984,32.928001403808594,33.189998626708984,32.01961898803711,82600
2019-10-31,33.34000015258789,33.34000015258789,33.0,33.16999816894531,32.00032043457031,150000
2019-11-01,33.36000061035156,33.36000061035156,33.18000030517578,33.29999923706055,32.12574005126953,85000
2019-11-04,33.52000045776367,33.564998626708984,33.19499969482422,33.2599983215332,32.0871467590332,133200
2019-11-05,33.33000183105469,33.529998779296875,33.16999816894531,33.439998626708984,32.26080322265625,98800
2019-11-06,33.400001525878906,33.400001525878906,33.18000030517578,33.33000183105469,32.154685974121094,58000
2019-11-07,33.380001068115234,33.630001068115234,33.35100173950195,33.43000030517578,32.251155853271484,94200
2019-11-08,33.33000183105469,33.54999923706055,33.2599983215332,33.5099983215332,32.328330993652344,114000
2019-11-11,33.349998474121094,33.88999938964844,33.349998474121094,33.88999938964844,32.69493103027344,88600
2019-11-12,33.90999984741211,34.08000183105469,33.845001220703125,33.939998626708984,32.74317169189453,243600
2019-11-13,33.849998474121094,34.12799835205078,33.75,34.09000015258789,32.887882232666016,108900
2019-11-14,34.02000045776367,34.279998779296875,34.02000045776367,34.25,33.04224395751953,69700
2019-11-15,34.45000076293945,34.720001220703125,34.38999938964844,34.720001220703125,33.495670318603516,149900
2019-11-18,34.70000076293945,35.08000183105469,34.650001525878906,34.869998931884766,33.640377044677734,226100
2019-11-19,35.029998779296875,35.20000076293945,34.981998443603516,35.13999938964844,33.900856018066406,194500
2019-11-20,35.06999969482422,35.349998474121094,34.79499816894531,35.0099983215332,33.77544021606445,225800
2019-11-21,35.029998779296875,35.03799819946289,34.430999755859375,34.54499816894531,33.326839447021484,133100
2019-11-22,34.689998626708984,34.689998626708984,34.25,34.459999084472656,33.244834899902344,100600
2019-11-25,34.560001373291016,34.87799835205078,34.54999923706055,34.82500076293945,33.596961975097656,89300
2019-11-26,34.849998474121094,35.16999816894531,34.849998474121094,35.16999816894531,33.92979431152344,76300
2019-11-27,35.31999969482422,35.41999816894531,35.11000061035156,35.41999816894531,34.170982360839844,118600
2019-11-29,35.279998779296875,35.369998931884766,35.215999603271484,35.2599983215332,34.016624450683594,35900
2019-12-02,35.25,35.25,34.54999923706055,34.73500061035156,33.510135650634766,144600
2019-12-03,34.25,34.54999923706055,34.0,34.5369987487793,33.31911849975586,154200
2019-12-04,34.810001373291016,34.880001068115234,34.5260009765625,34.58000183105469,33.3606071472168,82600
2019-12-05,34.7400016784668,34.82899856567383,34.61000061035156,34.79999923706055,33.572845458984375,99900
2019-12-06,34.959999084472656,35.09000015258789,34.95000076293945,34.9900016784668,33.75614547729492,80000
2019-12-09,34.959999084472656,35.0,34.72999954223633,34.72999954223633,33.50531005859375,40400
2019-12-10,34.630001068115234,34.779998779296875,34.630001068115234,34.65999984741211,33.437782287597656,46000
2019-12-11,34.72999954223633,34.74800109863281,34.560001373291016,34.66999816894531,33.44743347167969,43200
2019-12-12,34.599998474121094,34.75,34.21500015258789,34.380001068115234,33.16765594482422,88400
2019-12-13,34.34000015258789,34.55500030517578,34.2599983215332,34.5,33.283424377441406,71200
2019-12-16,34.68000030517578,35.02000045776367,34.630001068115234,34.939998626708984,33.707908630371094,113800
2019-12-17,35.0,35.00600051879883,34.709999084472656,34.849998474121094,33.6210823059082,68400
2019-12-18,34.83000183105469,34.97999954223633,34.81999969482422,34.849998474121094,33.6210823059082,44400
2019-12-19,34.81999969482422,34.965999603271484,34.810001373291016,34.900001525878906,33.66931915283203,100700
2019-12-20,34.959999084472656,35.08000183105469,34.91400146484375,34.97999954223633,33.746498107910156,73400
2019-12-23,35.02000045776367,35.04499816894531,34.8849983215332,34.88999938964844,33.65967559814453,107800
2019-12-24,34.900001525878906,34.95000076293945,34.7599983215332,34.91999816894531,33.6886100769043,99400
2019-12-26,34.97999954223633,35.09000015258789,34.93000030517578,35.0,33.76579284667969,52800
2019-12-27,35.02000045776367,35.099998474121094,34.88999938964844,34.9900016784668,33.75614547729492,78100
2019-12-30,35.0099983215332,35.02799987792969,34.5,34.65999984741211,33.437782287597656,96800
2019-12-31,34.599998474121094,34.790000915527344,34.56100082397461,34.72999954223633,33.50531005859375,90200
2020-01-02,35.0,35.28799819946289,34.91999816894531,35.279998779296875,34.03591537475586,143000
2020-01-03,34.959999084472656,35.220001220703125,34.75,35.06999969482422,33.83332443237305,65600
2020-01-06,34.81999969482422,35.13999938964844,34.7599983215332,35.13999938964844,33.900856018066406,101800
2020-01-07,35.119998931884766,35.36000061035156,35.08000183105469,35.16999816894531,33.92979431152344,61300
2020-01-08,35.16999816894531,35.5,35.16999816894531,35.33000183105469,34.08415985107422,120800
2020-01-09,35.54999923706055,35.86000061035156,35.54999923706055,35.77000045776367,34.508644104003906,141200
2020-01-10,35.869998931884766,35.97999954223633,35.77000045776367,35.849998474121094,34.58582305908203,84600
2020-01-13,35.939998626708984,36.29999923706055,35.89099884033203,36.279998779296875,35.00065612792969,117700
2020-01-14,36.209999084472656,36.369998931884766,36.11000061035156,36.16999816894531,34.89453125,126600
2020-01-15,36.099998474121094,36.297000885009766,36.08000183105469,36.15999984741211,34.884891510009766,52300
2020-01-16,36.400001525878906,36.40999984741211,36.233001708984375,36.40999984741211,35.126075744628906,78800
2020-01-17,36.540000915527344,36.553001403808594,36.31999969482422,36.47999954223633,35.193603515625,68600
2020-01-21,36.34000015258789,36.612998962402344,36.334999084472656,36.4900016784668,35.20325469970703,65300
2020-01-22,36.59000015258789,36.84199905395508,36.45000076293945,36.47999954223633,35.193603515625,113200
2020-01-23,36.470001220703125,36.529998779296875,36.32400131225586,36.470001220703125,35.183956146240234,93000
2020-01-24,36.56999969482422,36.68000030517578,35.93000030517578,36.099998474121094,34.82699966430664,115200
2020-01-27,35.279998779296875,35.630001068115234,34.810001373291016,35.349998474121094,34.103450775146484,217600
2020-01-28,35.599998474121094,36.07400131225586,35.4900016784668,36.0,34.73052978515625,122300
2020-01-29,36.2599983215332,36.29899978637695,35.90399932861328,36.06999969482422,34.798065185546875,43000
2020-01-30,35.810001373291016,36.09000015258789,35.65999984741211,36.08000183105469,34.807708740234375,88300
2020-01-31,35.97999954223633,35.97999954223633,35.380001068115234,35.439998626708984,34.190277099609375,224400
2020-02-03,35.540000915527344,36.025001525878906,35.52000045776367,35.93000030517578,34.66299819946289,108500
2020-02-04,36.47999954223633,36.790000915527344,36.470001220703125,36.7599983215332,35.46372985839844,87700
2020-02-05,37.0099983215332,37.0099983215332,36.21500015258789,36.41999816894531,35.13571548461914,149300
2020-02-06,36.540000915527344,36.54999923706055,36.30699920654297,36.36000061035156,35.07783889770508,68200
2020-02-07,36.27000045776367,36.27000045776367,36.0,36.119998931884766,34.84629821777344,20600
2020-02-10,36.099998474121094,36.59000015258789,36.099998474121094,36.58000183105469,35.29008483886719,41700
2020-02-11,36.79999923706055,36.86000061035156,36.58000183105469,36.689998626708984,35.39619827270508,54800
2020-02-12,36.790000915527344,36.790000915527344,36.380001068115234,36.66999816894531,35.37690353393555,71500
2020-02-13,36.34000015258789,36.86000061035156,36.29999923706055,36.650001525878906,35.35761260986328,64300
2020-02-14,36.720001220703125,36.80500030517578,36.534000396728516,36.63999938964844,35.34796142578125,113100
2020-02-18,36.56999969482422,36.79999923706055,36.51499938964844,36.560001373291016,35.27078628540039,48600
2020-02-19,36.720001220703125,37.0,36.720001220703125,36.880001068115234,35.579498291015625,78100
2020-02-20,36.7400016784668,37.119998931884766,36.09000015258789,36.67499923706055,35.3817253112793,77000
2020-02-21,36.54999923706055,36.54999923706055,35.779998779296875,35.93000030517578,34.66299819946289,154700
2020-02-24,34.689998626708984,35.07600021362305,34.13999938964844,34.81999969482422,33.592140197753906,325600
2020-02-25,35.11000061035156,35.20000076293945,33.650001525878906,33.7599983215332,32.56951904296875,324100
2020-02-26,33.810001373291016,34.369998931884766,33.529998779296875,33.63999938964844,32.45375061035156,178100
2020-02-27,32.939998626708984,33.650001525878906,32.470001220703125,32.470001220703125,31.325010299682617,287300
2020-02-28,31.31999969482422,32.400001525878906,31.0,32.400001525878906,31.257478713989258,328800
2020-03-02,32.650001525878906,33.709999084472656,32.290000915527344,33.68000030517578,32.492340087890625,82800
2020-03-03,33.83000183105469,34.35100173950195,32.720001220703125,33.029998779296875,31.865259170532227,162000
2020-03-04,33.66999816894531,34.529998779296875,33.44300079345703,34.52000045776367,33.30271911621094,76200
2020-03-05,33.650001525878906,34.29600143432617,33.380001068115234,33.70000076293945,32.511634826660156,52900
2020-03-06,32.61000061035156,32.95000076293945,31.920000076293945,32.720001220703125,31.566194534301758,156600
2020-03-09,30.0,31.34000015258789,30.0,30.1200008392334,29.057878494262695,126500
2020-03-10,31.18000030517578,31.510000228881836,30.059999465942383,31.5,30.38921356201172,85000
2020-03-11,30.6299991607666,30.829999923706055,29.280000686645508,29.600000381469727,28.55621337890625,120000
2020-03-12,27.459999084472656,28.100000381469727,26.687000274658203,26.69300079345703,25.751724243164062,277800
2020-03-13,27.920000076293945,28.739999771118164,26.440000534057617,28.739999771118164,27.726539611816406,129500
2020-03-16,25.190000534057617,26.799999237060547,24.030000686645508,25.052000045776367,24.168590545654297,170300
2020-03-17,25.610000610351562,27.013999938964844,24.944000244140625,26.90999984741211,25.961071014404297,81900
2020-03-18,25.200000762939453,26.174999237060547,24.100000381469727,25.149999618530273,24.263134002685547,101500
2020-03-19,24.790000915527344,26.0,24.469999313354492,25.350000381469727,24.456083297729492,92600
2020-03-20,26.149999618530273,26.367000579833984,24.75,24.860000610351562,23.983362197875977,130300
2020-03-23,24.920000076293945,25.30500030517578,24.075000762939453,24.81999969482422,23.944772720336914,129700
2020-03-24,26.049999237060547,26.965999603271484,25.84000015258789,26.93400001525879,25.984224319458008,84200
2020-03-25,27.260000228881836,28.049999237060547,26.57699966430664,27.110000610351562,26.15401840209961,134500
2020-03-26,27.260000228881836,28.489999771118164,27.260000228881836,28.447999954223633,27.44483757019043,147200
2020-03-27,27.75,28.319000244140625,27.450000762939453,27.6200008392334,26.64603614807129,81400
2020-03-30,27.84000015258789,28.299999237060547,27.6299991607666,28.200000762939453,27.205583572387695,114600
2020-03-31,28.3799991607666,28.540000915527344,27.649999618530273,27.989999771118164,27.002986907958984,136400
2020-04-01,26.75,27.360000610351562,26.389999389648438,26.649999618530273,25.710241317749023,110100
2020-04-02,26.309999465942383,26.950000762939453,26.128000259399414,26.709999084472656,25.768123626708984,67500
2020-04-03,26.600000381469727,26.812999725341797,25.81599998474121,26.040000915527344,25.12175178527832,69500
2020-04-06,27.0,27.540000915527344,26.613000869750977,27.440000534057617,26.472383499145508,116600
2020-04-07,28.139999389648438,28.139999389648438,26.989999771118164,27.006999969482422,26.05465316772461,187900
2020-04-08,27.280000686645508,27.72800064086914,27.06399917602539,27.68000030517578,26.703920364379883,67400
2020-04-09,28.0,28.100000381469727,27.600000381469727,27.850000381469727,26.8679256439209,141700
2020-04-13,27.670000076293945,28.049999237060547,27.461999893188477,28.030000686645508,27.04157829284668,67700
2020-04-14,28.450000762939453,29.01799964904785,28.399999618530273,28.860000610351562,27.842308044433594,163100
2020-04-15,28.31999969482422,28.820999145507812,28.246999740600586,28.639999389648438,27.630067825317383,62300
2020-04-16,28.84000015258789,29.200000762939453,28.641000747680664,29.110000610351562,28.083492279052734,125300
2020-04-17,29.989999771118164,29.989999771118164,29.197999954223633,29.489999771118164,28.450092315673828,159800
2020-04-20,29.350000381469727,29.690000534057617,29.229999542236328,29.356000900268555,28.320819854736328,150900
2020-04-21,29.06999969482422,29.06999969482422,28.06999969482422,28.309999465942383,27.31170082092285,163600
2020-04-22,28.989999771118164,29.31999969482422,28.81999969482422,29.200000762939453,28.170320510864258,42000
2020-04-23,29.229999542236328,29.790000915527344,29.229999542236328,29.329999923706055,28.295734405517578,73900
2020-04-24,29.450000762939453,29.739999771118164,29.219999313354492,29.690000534057617,28.643041610717773,113700
2020-04-27,30.0,30.280000686645508,29.979999542236328,30.190000534057617,29.125410079956055,84200
2020-04-28,30.520000457763672,30.520000457763672,29.6299991607666,29.649999618530273,28.60445213317871,111400
2020-04-29,30.079999923706055,30.670000076293945,29.899999618530273,30.469999313354492,29.39553451538086,83100
2020-04-30,30.3700008392334,30.424999237060547,29.969999313354492,30.079999923706055,29.019287109375,60700
2020-05-01,29.520000457763672,29.780000686645508,29.110000610351562,29.440000534057617,28.40185546875,100900
2020-05-04,29.360000610351562,30.110000610351562,29.360000610351562,30.110000610351562,29.048229217529297,70500
2020-05-05,30.440000534057617,31.059999465942383,30.375,30.670000076293945,29.588483810424805,120600
2020-05-06,30.809999465942383,30.959999084472656,30.520000457763672,30.520000457763672,29.44377326965332,86500
2020-05-07,31.09000015258789,31.339000701904297,30.899999618530273,31.18000030517578,30.08049964904785,91300
2020-05-08,31.510000228881836,31.638999938964844,31.31999969482422,31.459999084472656,30.350624084472656,70000
2020-05-11,31.239999771118164,32.11899948120117,31.239999771118164,31.989999771118164,30.861936569213867,72400
2020-05-12,32.11000061035156,32.16899871826172,31.049999237060547,31.049999237060547,29.955080032348633,119100
2020-05-13,31.209999084472656,31.575000762939453,30.288000106811523,30.739999771118164,29.65601348876953,103400
2020-05-14,30.360000610351562,31.0,30.209999084472656,31.0,29.90684700012207,92600
2020-05-15,30.75,31.57900047302246,30.709999084472656,31.540000915527344,30.427804946899414,61900
2020-05-18,32.189998626708984,32.189998626708984,31.600000381469727,31.6200008392334,30.504981994628906,105400
2020-05-19,31.6200008392334,31.975000381469727,31.4950008392334,31.4950008392334,30.384389877319336,68000
2020-05-20,31.959999084472656,32.040000915527344,31.691999435424805,31.860000610351562,30.736520767211914,104300
2020-05-21,31.860000610351562,31.860000610351562,31.229999542236328,31.5,30.38921356201172,37800
2020-05-22,31.489999771118164,31.75,31.40999984741211,31.700000762939453,30.582164764404297,43700
2020-05-26,32.41999816894531,32.41999816894531,31.3700008392334,31.3700008392334,30.2637996673584,81100
2020-05-27,31.399999618530273,31.399999618530273,30.06999969482422,31.309999465942383,30.205913543701172,210400
2020-05-28,31.309999465942383,31.982999801635742,31.309999465942383,31.459999084472656,30.350624084472656,67400
2020-05-29,31.610000610351562,32.150001525878906,31.520000457763672,32.13999938964844,31.00664520263672,47100
2020-06-01,32.060001373291016,32.630001068115234,31.979999542236328,32.529998779296875,31.382890701293945,74400
2020-06-02,32.540000915527344,32.68000030517578,32.119998931884766,32.599998474121094,31.450424194335938,58200
2020-06-03,32.7599983215332,32.77000045776367,32.5099983215332,32.70000076293945,31.546897888183594,61400
2020-06-04,32.529998779296875,32.709999084472656,31.920000076293945,32.119998931884766,30.987350463867188,51400
2020-06-05,32.41999816894531,32.720001220703125,32.124000549316406,32.47999954223633,31.334657669067383,95100
2020-06-08,32.470001220703125,32.79999923706055,32.380001068115234,32.7599983215332,31.604778289794922,68500
2020-06-09,32.560001373291016,32.90599822998047,32.53300094604492,32.75,31.595136642456055,45800
2020-06-10,32.84000015258789,33.38399887084961,32.84000015258789,33.25,32.07750701904297,82200
2020-06-11,32.560001373291016,33.08300018310547,31.799999237060547,31.850000381469727,30.726869583129883,174500
2020-06-12,32.61000061035156,32.71500015258789,31.479999542236328,32.099998474121094,30.968055725097656,91300
2020-06-15,31.549999237060547,33.099998474121094,31.549999237060547,33.09000015258789,31.923147201538086,60900
2020-06-16,33.88999938964844,33.88999938964844,33.099998474121094,33.630001068115234,32.44410705566406,122900
2020-06-17,33.81999969482422,34.06999969482422,33.71500015258789,33.88999938964844,32.69493103027344,88600
2020-06-18,33.72999954223633,33.970001220703125,33.630001068115234,33.83000183105469,32.637054443359375,39700
2020-06-19,34.220001220703125,34.40999984741211,33.7599983215332,34.150001525878906,32.94576644897461,67000
2020-06-22,34.16999816894531,34.689998626708984,34.16999816894531,34.68000030517578,33.45707702636719,115600
2020-06-23,34.970001220703125,35.040000915527344,34.58000183105469,34.68000030517578,33.45707702636719,176200
2020-06-24,34.470001220703125,34.73400115966797,33.48099899291992,33.90999984741211,32.7142333984375,153600
2020-06-25,33.869998931884766,34.400001525878906,33.619998931884766,34.400001525878906,33.186954498291016,77800
2020-06-26,34.400001525878906,34.400001525878906,33.54999923706055,33.70000076293945,32.511634826660156,49100
2020-06-29,33.689998626708984,33.869998931884766,33.09700012207031,33.709999084472656,32.52128601074219,131000
2020-06-30,33.77000045776367,34.540000915527344,33.77000045776367,34.41999816894531,33.20624542236328,52600
2020-07-01,34.43000030517578,34.880001068115234,34.209999084472656,34.810001373291016,33.582496643066406,62500
2020-07-02,35.13999938964844,35.220001220703125,34.81999969482422,34.90999984741211,33.6789665222168,149800
2020-07-06,35.369998931884766,35.84600067138672,35.220001220703125,35.439998626708984,34.190277099609375,154000
2020-07-07,35.40999984741211,35.86000061035156,35.340999603271484,35.38999938964844,34.14204025268555,109800
2020-07-08,35.7400016784668,36.130001068115234,35.52000045776367,36.099998474121094,34.82699966430664,190200
2020-07-09,36.41999816894531,36.459999084472656,35.61000061035156,36.38999938964844,35.10677719116211,116400
2020-07-10,36.470001220703125,36.54199981689453,36.130001068115234,36.47999954223633,35.193603515625,100100
2020-07-13,36.900001525878906,36.959999084472656,35.04999923706055,35.11000061035156,33.87191390991211,168400
2020-07-14,34.779998779296875,35.56999969482422,34.2599983215332,35.5099983215332,34.257808685302734,187500
2020-07-15,35.709999084472656,35.709999084472656,35.11000061035156,35.529998779296875,34.277103424072266,77400
2020-07-16,35.040000915527344,35.34000015258789,34.72999954223633,35.189998626708984,33.949092864990234,99000
2020-07-17,35.470001220703125,35.529998779296875,34.95399856567383,35.459999084472656,34.20956802368164,52500
2020-07-20,35.459999084472656,36.56999969482422,35.459999084472656,36.52000045776367,35.23219299316406,87700
2020-07-21,36.75,36.75,36.16699981689453,36.25,34.97171401977539,61600
2020-07-22,36.4900016784668,36.87300109863281,36.42399978637695,36.63999938964844,35.34796142578125,48200
2020-07-23,36.7400016784668,37.03499984741211,35.65299987792969,35.970001220703125,34.70159149169922,137400
2020-07-24,35.70000076293945,35.91999816894531,35.180999755859375,35.65999984741211,34.40251541137695,101900
2020-07-27,35.939998626708984,36.51900100708008,35.939998626708984,36.5099983215332,35.2225456237793,74700
2020-07-28,36.439998626708984,36.439998626708984,35.95000076293945,36.0,34.73052978515625,69500
2020-07-29,36.209999084472656,36.689998626708984,36.209999084472656,36.560001373291016,35.27078628540039,30100
2020-07-30,36.209999084472656,36.84000015258789,36.099998474121094,36.7599983215332,35.46372985839844,87400
2020-07-31,36.869998931884766,36.959999084472656,36.430999755859375,36.959999084472656,35.656681060791016,39100
2020-08-03,37.22999954223633,37.75,37.130001068115234,37.7400016784668,36.40917205810547,140100
2020-08-04,37.619998931884766,37.90999984741211,37.49100112915039,37.88999938964844,36.55388259887695,101600
2020-08-05,38.150001525878906,38.2599983215332,38.0099983215332,38.189998626708984,36.843299865722656,74200
2020-08-06,38.22999954223633,38.34000015258789,37.75,38.189998626708984,36.843299865722656,84100
2020-08-07,38.099998474121094,38.404998779296875,37.27000045776367,37.66999816894531,36.34164047241211,170900
2020-08-10,37.72999954223633,37.72999954223633,36.939998626708984,37.27000045776367,35.95574951171875,167700
2020-08-11,37.130001068115234,37.130001068115234,36.36000061035156,36.400001525878906,35.11642837524414,100000
2020-08-12,36.619998931884766,37.40999984741211,36.619998931884766,37.27000045776367,35.95574951171875,64600
2020-08-13,37.349998474121094,37.709999084472656,37.33000183105469,37.40999984741211,36.0908088684082,74400
2020-08-14,37.439998626708984,37.5,37.130001068115234,37.27000045776367,35.95574951171875,77700
2020-08-17,37.58000183105469,37.935001373291016,37.566001892089844,37.880001068115234,36.54423904418945,80300
2020-08-18,38.0,38.189998626708984,37.55099868774414,37.900001525878906,36.56352996826172,48900
2020-08-19,37.88999938964844,38.15999984741211,37.77000045776367,37.84000015258789,36.505645751953125,46300
2020-08-20,37.66999816894531,38.09000015258789,37.43000030517578,38.0099983215332,36.669647216796875,36800
2020-08-21,37.90999984741211,37.9900016784668,37.81999969482422,37.939998626708984,36.602115631103516,35700
2020-08-24,38.290000915527344,38.36399841308594,37.7599983215332,38.029998779296875,36.68894577026367,71000
2020-08-25,38.06999969482422,38.220001220703125,37.93000030517578,38.220001220703125,36.872249603271484,35100
2020-08-26,38.36000061035156,38.72999954223633,38.2599983215332,38.70000076293945,37.33531951904297,54700
2020-08-27,38.70000076293945,38.731998443603516,37.91999816894531,38.119998931884766,36.77577209472656,54000
2020-08-28,38.33000183105469,38.47700119018555,38.29999923706055,38.38999938964844,37.036251068115234,32200
2020-08-31,38.310001373291016,38.689998626708984,38.290000915527344,38.599998474121094,37.23884582519531,37400
2020-09-01,38.880001068115234,39.5620002746582,38.880001068115234,39.560001373291016,38.16499328613281,86300
2020-09-02,39.91999816894531,39.95000076293945,39.12099838256836,39.869998931884766,38.46406555175781,72400
2020-09-03,39.18000030517578,39.18000030517578,37.29100036621094,37.65999984741211,36.331993103027344,272500
2020-09-04,37.349998474121094,37.67399978637695,35.2599983215332,36.849998474121094,35.55055618286133,268900
2020-09-08,35.63999938964844,36.53900146484375,35.54999923706055,35.65999984741211,34.40251541137695,322600
2020-09-09,36.11000061035156,37.0,36.02199935913086,36.77000045776367,35.4733772277832,130000
2020-09-10,37.02000045776367,37.34400177001953,36.12799835205078,36.16999816894531,34.89453125,69600
2020-09-11,36.52000045776367,36.78499984741211,35.71099853515625,36.0099983215332,34.74017333984375,56400
2020-09-14,36.43000030517578,36.86000061035156,36.43000030517578,36.779998779296875,35.483028411865234,168800
2020-09-15,37.220001220703125,37.310001373291016,36.97999954223633,37.099998474121094,35.79174041748047,53900
2020-09-16,37.2599983215332,37.40599822998047,36.68000030517578,36.720001220703125,35.425140380859375,63200
2020-09-17,35.95000076293945,36.400001525878906,35.76599884033203,36.34000015258789,35.05854034423828,119700
2020-09-18,36.43000030517578,36.529998779296875,35.62300109863281,36.150001525878906,34.875244140625,69800
2020-09-21,35.52000045776367,36.20000076293945,35.220001220703125,36.20000076293945,34.92348098754883,157300
2020-09-22,36.47999954223633,36.61000061035156,35.84000015258789,36.61000061035156,35.31902313232422,49800
2020-09-23,36.5099983215332,36.582000732421875,35.58300018310547,35.689998626708984,34.431461334228516,40300
2020-09-24,35.439998626708984,36.159000396728516,35.310001373291016,35.7599983215332,34.498992919921875,54900
2020-09-25,35.81999969482422,36.43000030517578,35.5099983215332,36.369998931884766,35.08748245239258,28800
2020-09-28,36.81999969482422,37.02000045776367,36.599998474121094,37.0,35.69527053833008,113600
2020-09-29,36.97999954223633,37.41999816894531,36.97999954223633,37.099998474121094,35.79174041748047,52200
2020-09-30,37.06999969482422,37.61000061035156,37.0,37.301998138427734,35.98661422729492,51200
2020-10-01,37.63999938964844,37.86000061035156,37.46099853515625,37.79999923706055,36.46706008911133,129200
2020-10-02,37.04999923706055,37.58000183105469,36.97999954223633,37.130001068115234,35.82068634033203,65200
2020-10-05,37.43000030517578,38.11000061035156,37.43000030517578,38.11000061035156,36.7661247253418,123200
2020-10-06,38.189998626708984,38.72999954223633,37.810001373291016,37.88999938964844,36.55388259887695,76300
2020-10-07,38.380001068115234,38.65999984741211,38.380001068115234,38.61000061035156,37.24849319458008,70200
2020-10-08,39.02000045776367,39.02000045776367,38.5,38.7400016784668,37.37390899658203,27200
2020-10-09,39.0,39.38999938964844,38.97999954223633,39.29999923706055,37.914161682128906,64500
2020-10-12,39.810001373291016,39.939998626708984,39.5099983215332,39.81999969482422,38.415828704833984,69700
2020-10-13,39.869998931884766,40.06999969482422,39.61000061035156,39.939998626708984,38.531593322753906,76800
2020-10-14,40.06999969482422,40.119998931884766,39.41999816894531,39.66999816894531,38.271114349365234,91000
2020-10-15,39.040000915527344,39.58000183105469,38.79999923706055,39.54999923706055,38.15534591674805,102800
2020-10-16,39.83000183105469,39.91999816894531,39.380001068115234,39.380001068115234,37.9913444519043,48800
2020-10-19,39.619998931884766,39.779998779296875,38.709999084472656,38.79399871826172,37.426002502441406,48500
2020-10-20,38.939998626708984,39.35200119018555,38.90999984741211,38.90999984741211,37.53791427612305,43700
2020-10-21,38.9900016784668,39.19200134277344,38.43000030517578,38.46500015258789,37.10860824584961,42600
2020-10-22,38.470001220703125,38.470001220703125,37.869998931884766,38.029998779296875,36.68894577026367,74400
2020-10-23,38.130001068115234,38.33000183105469,37.98500061035156,38.33000183105469,36.97836685180664,20100
2020-10-26,38.0099983215332,38.20000076293945,37.09000015258789,37.47999954223633,36.15834045410156,148600
2020-10-27,37.61000061035156,37.823001861572266,37.4900016784668,37.63999938964844,36.31269836425781,41100
2020-10-28,37.02000045776367,37.040000915527344,36.459999084472656,36.47999954223633,35.193603515625,108400
2020-10-29,36.650001525878906,37.191001892089844,36.619998931884766,36.93000030517578,35.62773513793945,54700
2020-10-30,36.540000915527344,36.599998474121094,35.58000183105469,35.95000076293945,34.682289123535156,93900
2020-11-02,36.209999084472656,36.68000030517578,35.83000183105469,36.22999954223633,34.95241928100586,68600
2020-11-03,36.540000915527344,36.9900016784668,36.32500076293945,36.88999938964844,35.58914566040039,30000
2020-11-04,37.4900016784668,38.5,37.4900016784668,38.28200149536133,36.93206024169922,162700
2020-11-05,39.2599983215332,39.45000076293945,38.974998474121094,39.349998474121094,37.962398529052734,163800
2020-11-06,39.36000061035156,39.63999938964844,39.03099822998047,39.5099983215332,38.116756439208984,53800
2020-11-09,40.2400016784668,40.2400016784668,36.83000183105469,36.88999938964844,35.58914566040039,182900
2020-11-10,36.779998779296875,36.900001525878906,35.7130012512207,36.38999938964844,35.10677719116211,139000
2020-11-11,36.720001220703125,37.619998931884766,36.720001220703125,37.57400131225586,36.249027252197266,64000
2020-11-12,37.77000045776367,37.861000061035156,37.25299835205078,37.36000061035156,36.04257583618164,42500
2020-11-13,37.75,37.90999984741211,37.41999816894531,37.61000061035156,36.283756256103516,25900
2020-11-16,37.880001068115234,38.025001525878906,37.49599838256836,37.970001220703125,36.631065368652344,59900
2020-11-17,37.849998474121094,38.119998931884766,37.638999938964844,37.95000076293945,36.61177062988281,32800
2020-11-18,37.95000076293945,38.0099983215332,37.5,37.529998779296875,36.20657730102539,34700
2020-11-19,37.47999954223633,38.2599983215332,37.47999954223633,38.20899963378906,36.86163330078125,43900
2020-11-20,38.20000076293945,38.599998474121094,38.20000076293945,38.34000015258789,36.988014221191406,27100
2020-11-23,38.68000030517578,38.790000915527344,38.29999923706055,38.63999938964844,37.27743911743164,52500
2020-11-24,38.88999938964844,38.88999938964844,38.277000427246094,38.439998626708984,37.08448791503906,49900
2020-11-25,38.47999954223633,38.83000183105469,38.47999954223633,38.72999954223633,37.36426544189453,67300
2020-11-27,38.900001525878906,39.380001068115234,38.900001525878906,39.31999969482422,37.93345642089844,26800
2020-11-30,39.400001525878906,39.558998107910156,38.689998626708984,39.5,38.10710906982422,61000
2020-12-01,39.91999816894531,39.91999816894531,39.3849983215332,39.81999969482422,38.415828704833984,30900
2020-12-02,39.58000183105469,39.58000183105469,39.06999969482422,39.41999816894531,38.029930114746094,28300
2020-12-03,39.52000045776367,39.869998931884766,39.49800109863281,39.5,38.10710906982422,31300
2020-12-04,39.630001068115234,39.73500061035156,39.529998779296875,39.66999816894531,38.271114349365234,22200
2020-12-07,39.68000030517578,39.91999816894531,39.65999984741211,39.880001068115234,38.47370910644531,29100
2020-12-08,39.689998626708984,40.27000045776367,39.689998626708984,40.189998626708984,38.77277374267578,44800
2020-12-09,40.2400016784668,40.2400016784668,39.040000915527344,39.209999084472656,37.82733154296875,62800
2020-12-10,39.0099983215332,39.720001220703125,38.93000030517578,39.689998626708984,38.29041290283203,50400
2020-12-11,39.54999923706055,39.8650016784668,39.22999954223633,39.689998626708984,38.29041290283203,40800
2020-12-14,39.970001220703125,40.400001525878906,39.939998626708984,40.02000045776367,38.60877227783203,49500
2020-12-15,40.34000015258789,40.68000030517578,40.290000915527344,40.68000030517578,39.2454948425293,74000
2020-12-16,40.84000015258789,40.92499923706055,40.58000183105469,40.90999984741211,39.46739196777344,77400
2020-12-17,41.13999938964844,41.47999954223633,41.11000061035156,41.47999954223633,40.01728820800781,94500
2020-12-18,41.54999923706055,41.810001373291016,41.470001220703125,41.7599983215332,40.287410736083984,76300
2020-12-21,41.279998779296875,41.805999755859375,40.970001220703125,41.7400016784668,40.26811981201172,60900
2020-12-22,41.970001220703125,42.185001373291016,41.69499969482422,42.18000030517578,40.69260787963867,100100
2020-12-23,42.25,42.27000045776367,41.637001037597656,41.65999984741211,40.190940856933594,37300
2020-12-24,41.7400016784668,41.91699981689453,41.5,41.599998474121094,40.133060455322266,25500
2020-12-28,42.150001525878906,42.150001525878906,40.869998931884766,40.869998931884766,39.42879867553711,86900
2020-12-29,41.029998779296875,41.07099914550781,40.20000076293945,40.54999923706055,39.12008285522461,58300
2020-12-30,40.84000015258789,41.262001037597656,40.84000015258789,41.16999816894531,39.71821975708008,43300
2020-12-31,41.2599983215332,41.2599983215332,40.75199890136719,41.04999923706055,39.60245132446289,36100
2021-01-04,41.279998779296875,41.525001525878906,40.130001068115234,40.68000030517578,39.2454948425293,73500
2021-01-05,40.47999954223633,41.56999969482422,40.47999954223633,41.5099983215332,40.046234130859375,43400
2021-01-06,41.119998931884766,41.709999084472656,40.95000076293945,41.220001220703125,39.76646041870117,50200
2021-01-07,41.65999984741211,42.54999923706055,41.650001525878906,42.47999954223633,40.982025146484375,44400
2021-01-08,42.90999984741211,43.486000061035156,42.529998779296875,42.93000030517578,41.416160583496094,65600
2021-01-11,42.47999954223633,43.720001220703125,42.41999816894531,43.349998474121094,41.821346282958984,60900
2021-01-12,43.75,44.29999923706055,43.71200180053711,44.290000915527344,42.72819900512695,93200
2021-01-13,44.25,44.400001525878906,43.909000396728516,43.95000076293945,42.40019226074219,46900
2021-01-14,44.34000015258789,45.17300033569336,44.34000015258789,44.66999816894531,43.09479904174805,45200
2021-01-15,44.66999816894531,44.66999816894531,43.7599983215332,44.18000030517578,42.62207794189453,93800
2021-01-19,44.959999084472656,45.20000076293945,44.742000579833984,45.20000076293945,43.60611343383789,98300
2021-01-20,45.77000045776367,46.02000045776367,45.3489990234375,45.65999984741211,44.049888610839844,99900
2021-01-21,45.95000076293945,46.20899963378906,45.691001892089844,46.119998931884766,44.49366760253906,74400
2021-01-22,45.86000061035156,46.220001220703125,45.81100082397461,46.209999084472656,44.58049392700195,83400
2021-01-25,46.720001220703125,47.30500030517578,45.3849983215332,46.02000045776367,44.39719772338867,68100
2021-01-26,46.41999816894531,46.41999816894531,45.441001892089844,45.470001220703125,43.8665885925293,87400
2021-01-27,44.880001068115234,44.95000076293945,43.529998779296875,43.66999816894531,42.13005828857422,186500
2021-01-28,44.099998474121094,44.56999969482422,43.88999938964844,44.08000183105469,42.52560806274414,62500
2021-01-29,43.97999954223633,44.119998931884766,42.790000915527344,43.119998931884766,41.59945297241211,174000
2021-02-01,43.70000076293945,44.54999923706055,43.400001525878906,44.45000076293945,42.88256072998047,128800
2021-02-02,45.0,45.2400016784668,44.70000076293945,45.220001220703125,43.62540817260742,112300
2021-02-03,45.5099983215332,45.77000045776367,44.880001068115234,44.98099899291992,43.394832611083984,105300
2021-02-04,45.27000045776367,45.95000076293945,45.27000045776367,45.93000030517578,44.31037139892578,111300
2021-02-05,46.4900016784668,46.63999938964844,46.16999816894531,46.61000061035156,44.966392517089844,99900
2021-02-08,47.130001068115234,47.720001220703125,47.0,47.720001220703125,46.03724670410156,83700
2021-02-09,47.720001220703125,48.2400016784668,47.67100143432617,48.130001068115234,46.432796478271484,77800
2021-02-10,48.5,48.880001068115234,47.209999084472656,48.09000015258789,46.39419937133789,117100
2021-02-11,48.58000183105469,48.76900100708008,48.060001373291016,48.56800079345703,46.8553466796875,81700
2021-02-12,48.5099983215332,49.22999954223633,48.305999755859375,49.189998626708984,47.45541000366211,120500
2021-02-16,49.959999084472656,49.959999084472656,48.402000427246094,48.95000076293945,47.223876953125,126700
2021-02-17,48.4900016784668,48.560001373291016,47.36000061035156,48.119998931884766,46.42314147949219,139000
2021-02-18,47.52000045776367,48.02000045776367,46.959999084472656,47.86000061035156,46.17231369018555,91800
2021-02-19,48.41999816894531,49.189998626708984,48.41999816894531,48.900001525878906,47.175636291503906,106800
2021-02-22,48.20000076293945,48.459999084472656,47.40999984741211,47.47999954223633,45.80570983886719,74100
2021-02-23,46.0099983215332,46.65999984741211,44.130001068115234,46.529998779296875,44.88921356201172,320900
2021-02-24,46.58000183105469,46.939998626708984,45.71500015258789,46.93000030517578,45.275108337402344,164600
2021-02-25,46.61000061035156,46.7400016784668,44.65800094604492,44.849998474121094,43.26844787597656,134000
2021-02-26,45.31999969482422,46.099998474121094,44.349998474121094,45.65999984741211,44.049888610839844,313500
2021-03-01,46.599998474121094,47.970001220703125,46.56999969482422,47.86000061035156,46.17231369018555,229000
2021-03-02,48.11000061035156,48.150001525878906,47.06999969482422,47.06999969482422,45.4101676940918,330700
2021-03-03,47.040000915527344,47.040000915527344,45.250999450683594,45.40999984741211,43.8087043762207,78300
2021-03-04,45.060001373291016,45.145999908447266,42.01100158691406,43.060001373291016,41.54157257080078,270000
2021-03-05,43.68000030517578,43.68000030517578,40.63999938964844,43.529998779296875,41.994998931884766,228500
2021-03-08,43.54999923706055,44.25699996948242,42.724998474121094,42.72999954223633,41.22321319580078,96800
2021-03-09,43.7599983215332,44.81999969482422,43.7599983215332,44.529998779296875,42.95973587036133,91900
2021-03-10,45.15999984741211,45.540000915527344,44.74300003051758,45.11000061035156,43.519287109375,138400
2021-03-11,46.20000076293945,47.209999084472656,46.09000015258789,47.13999938964844,45.477699279785156,178300
2021-03-12,46.689998626708984,47.040000915527344,46.04999923706055,47.02000045776367,45.361934661865234,112700
2021-03-15,47.279998779296875,47.5,46.72999954223633,47.459999084472656,45.78641891479492,108800
2021-03-16,47.7599983215332,47.88999938964844,46.887001037597656,47.209999084472656,45.54522705078125,95800
2021-03-17,46.65999984741211,47.849998474121094,46.28200149536133,47.630001068115234,45.95042419433594,167000
2021-03-18,47.29999923706055,47.70000076293945,46.220001220703125,46.349998474121094,44.71555709838867,157800
2021-03-19,46.2599983215332,47.099998474121094,45.939998626708984,46.77000045776367,45.120750427246094,57700
2021-03-22,47.27000045776367,47.29999923706055,46.292999267578125,46.849998474121094,45.19792556762695,167200
2021-03-23,46.66999816894531,46.77000045776367,44.5099983215332,44.81999969482422,43.2395133972168,103000
2021-03-24,45.2400016784668,45.380001068115234,42.38999938964844,42.5,41.001319885253906,150100
2021-03-25,41.709999084472656,43.189998626708984,41.209999084472656,43.04999923706055,41.531925201416016,187400
2021-03-26,43.47999954223633,44.119998931884766,42.599998474121094,43.77000045776367,42.22653579711914,80000
2021-03-29,43.72999954223633,43.8849983215332,42.32400131225586,42.439998626708984,40.94343948364258,66200
2021-03-30,42.34000015258789,43.630001068115234,42.33000183105469,43.45000076293945,41.91781997680664,61700
2021-03-31,43.779998779296875,44.2599983215332,43.67100143432617,43.880001068115234,42.33265686035156,51700
2021-04-01,44.400001525878906,44.65999984741211,44.12099838256836,44.61000061035156,43.03691482543945,195900
2021-04-05,45.31999969482422,45.40999984741211,44.51300048828125,45.0099983215332,43.42280960083008,162300
2021-04-06,44.86000061035156,45.5,44.86000061035156,45.099998474121094,43.50963592529297,176500
2021-04-07,45.150001525878906,45.150001525878906,44.4119987487793,44.560001373291016,42.988677978515625,54400
2021-04-08,45.0099983215332,45.16999816894531,44.34000015258789,45.150001525878906,43.5578727722168,51500
2021-04-09,45.150001525878906,45.599998474121094,45.084999084472656,45.52000045776367,43.91482925415039,71800
2021-04-12,45.56999969482422,45.75,44.88999938964844,45.58000183105469,43.972713470458984,60900
2021-04-13,45.68000030517578,46.04800033569336,45.19599914550781,45.7400016784668,44.12706756591797,45900
2021-04-14,46.0,46.45800018310547,45.34000015258789,45.470001220703125,43.8665885925293,139200
2021-04-15,46.060001373291016,46.06999969482422,45.49399948120117,45.81999969482422,44.204246520996094,248400
2021-04-16,46.08000183105469,46.11000061035156,45.5,45.95000076293945,44.32966232299805,41000
2021-04-19,45.7400016784668,46.040000915527344,44.529998779296875,44.93000030517578,43.34563446044922,77200
2021-04-20,44.83000183105469,44.8849983215332,42.95000076293945,43.72999954223633,42.18794631958008,76600
2021-04-21,43.36000061035156,45.209999084472656,43.0,45.18000030517578,43.586814880371094,72100
2021-04-22,45.58000183105469,46.16999816894531,44.79999923706055,45.09000015258789,43.49999237060547,59100
2021-04-23,45.459999084472656,46.80799865722656,45.459999084472656,46.689998626708984,45.04356384277344,104400
2021-04-26,46.91999816894531,47.8489990234375,46.814998626708984,47.816001892089844,46.12986373901367,98100
2021-04-27,47.95000076293945,48.215999603271484,47.361000061035156,47.77000045776367,46.08548355102539,79600
2021-04-28,47.70000076293945,47.77000045776367,47.22999954223633,47.52000045776367,45.84429931640625,35400
2021-04-29,48.099998474121094,48.099998474121094,46.5,47.20000076293945,45.53558349609375,58500
2021-04-30,46.93000030517578,47.040000915527344,46.47999954223633,46.619998931884766,44.976036071777344,44600
2021-05-03,47.060001373291016,47.23400115966797,46.599998474121094,46.90999984741211,45.25580978393555,36200
2021-05-04,46.5099983215332,46.5099983215332,45.0629997253418,46.22800064086914,44.59785842895508,63600
2021-05-05,46.70000076293945,46.91999816894531,45.709999084472656,45.97999954223633,44.358604431152344,60900
2021-05-06,45.779998779296875,45.779998779296875,44.24100112915039,45.02000045776367,43.432456970214844,111200
2021-05-07,45.5,46.25,45.380001068115234,46.04999923706055,44.42613220214844,88300
2021-05-10,45.959999084472656,46.29999923706055,45.0,45.029998779296875,43.44210433959961,159300
2021-05-11,43.77000045776367,44.70000076293945,43.34400177001953,44.470001220703125,42.901851654052734,111800
2021-05-12,44.08000183105469,44.459999084472656,42.25,42.38999938964844,40.89520263671875,162400
2021-05-13,42.7599983215332,43.88999938964844,42.36000061035156,43.2400016784668,41.71522903442383,99700
2021-05-14,43.75,44.66999816894531,43.47999954223633,44.619998931884766,43.046566009521484,57700
2021-05-17,44.45000076293945,44.70000076293945,43.79999923706055,44.70000076293945,43.123741149902344,57500
2021-05-18,44.709999084472656,44.95000076293945,43.91999816894531,43.91999816894531,42.37124252319336,34600
2021-05-19,42.939998626708984,43.2599983215332,42.22999954223633,43.2599983215332,41.734519958496094,118700
2021-05-20,43.5,43.70000076293945,42.974998474121094,43.56999969482422,42.033592224121094,43100
2021-05-21,43.900001525878906,44.20000076293945,43.400001525878906,43.40999984741211,41.87923049926758,55100
2021-05-24,43.720001220703125,43.900001525878906,43.481998443603516,43.75,42.207244873046875,38000
2021-05-25,44.02000045776367,44.5,43.54999923706055,43.54999923706055,42.0142936706543,50600
2021-05-26,43.77000045776367,44.540000915527344,43.77000045776367,44.459999084472656,42.89220428466797,33400
2021-05-27,44.70000076293945,45.23699951171875,44.52000045776367,45.189998626708984,43.59646224975586,27200
2021-05-28,45.290000915527344,45.43000030517578,44.88199996948242,44.93000030517578,43.34563446044922,54700
2021-06-01,45.349998474121094,45.7400016784668,44.95100021362305,45.689998626708984,44.07883071899414,61000
2021-06-02,45.75,45.75,45.06999969482422,45.58000183105469,43.972713470458984,26800
2021-06-03,45.150001525878906,45.29999923706055,44.30400085449219,45.060001373291016,43.47105026245117,30000
2021-06-04,45.43000030517578,45.79999923706055,45.41299819946289,45.65999984741211,44.049888610839844,37700
2021-06-07,45.849998474121094,46.66999816894531,45.849998474121094,46.5099983215332,44.86991882324219,78600
2021-06-08,46.70000076293945,46.790000915527344,45.849998474121094,46.439998626708984,44.80238723754883,57100
2021-06-09,46.66999816894531,46.73699951171875,46.20000076293945,46.31999969482422,44.686614990234375,17100
2021-06-10,46.220001220703125,46.349998474121094,45.29999923706055,45.540000915527344,43.934120178222656,42100
2021-06-11,45.790000915527344,45.900001525878906,45.49599838256836,45.790000915527344,44.1753044128418,31500
2021-06-14,45.91999816894531,45.91999816894531,45.130001068115234,45.33000183105469,43.731529235839844,44300
2021-06-15,45.38999938964844,45.43299865722656,44.54999923706055,44.91999816894531,43.33598327636719,48000
2021-06-16,44.81999969482422,44.91999816894531,44.084999084472656,44.619998931884766,43.046566009521484,28000
2021-06-17,44.59000015258789,45.01900100708008,44.08000183105469,44.75,43.17197799682617,29500
2021-06-18,44.31999969482422,44.75,43.861000061035156,44.029998779296875,42.47736740112305,32100
2021-06-21,44.20000076293945,44.37699890136719,43.599998474121094,44.25,42.68960952758789,36700
2021-06-22,44.18000030517578,44.77000045776367,44.06999969482422,44.66999816894531,43.09479904174805,38400
2021-06-23,44.790000915527344,45.20000076293945,44.779998779296875,45.02000045776367,43.432456970214844,78100
2021-06-24,45.40999984741211,45.720001220703125,45.27000045776367,45.619998931884766,44.01129913330078,41500
2021-06-25,45.810001373291016,46.040000915527344,45.540000915527344,45.79999923706055,44.18495178222656,32200
2021-06-28,46.13999938964844,46.369998931884766,46.0,46.33000183105469,44.696266174316406,49800
2021-06-29,46.380001068115234,46.630001068115234,46.06999969482422,46.56999969482422,44.92780303955078,32000
2021-06-30,46.400001525878906,46.599998474121094,46.11000061035156,46.349998474121094,44.71555709838867,24900
2021-07-01,46.25,46.257999420166016,45.25,45.630001068115234,44.02095031738281,50500
2021-07-02,45.849998474121094,45.900001525878906,44.709999084472656,44.849998474121094,43.26844787597656,101200
2021-07-06,44.849998474121094,44.849998474121094,44.150001525878906,44.72999954223633,43.15268325805664,56200
2021-07-07,45.0,45.0,43.599998474121094,43.81999969482422,42.27477264404297,96100
2021-07-08,42.27000045776367,43.3489990234375,41.744998931884766,42.959999084472656,41.44509506225586,90400
2021-07-09,43.47999954223633,43.79999923706055,42.97999954223633,43.79999923706055,42.25547790527344,45400
2021-07-12,43.93000030517578,44.2599983215332,43.79999923706055,44.150001525878906,42.5931396484375,34100
2021-07-13,44.060001373291016,44.54999923706055,44.029998779296875,44.029998779296875,42.47736740112305,25100
2021-07-14,44.459999084472656,44.459999084472656,42.75,42.810001373291016,41.300392150878906,54200
2021-07-15,42.709999084472656,43.13999938964844,41.85200119018555,42.35900115966797,40.86529541015625,46800
2021-07-16,42.790000915527344,42.959999084472656,41.97999954223633,42.04999923706055,40.56718826293945,51600
2021-07-19,41.22999954223633,42.29999923706055,40.81999969482422,42.08000183105469,40.59613037109375,88800
2021-07-20,42.29999923706055,43.5,42.25,43.220001220703125,41.6959342956543,70100
2021-07-21,43.279998779296875,44.220001220703125,43.279998779296875,44.20000076293945,42.64137649536133,95100
2021-07-22,44.189998626708984,44.619998931884766,44.040000915527344,44.52000045776367,42.95008850097656,22400
2021-07-23,45.040000915527344,45.72999954223633,44.959999084472656,45.689998626708984,44.07883071899414,48600
2021-07-26,45.630001068115234,45.779998779296875,45.314998626708984,45.41999816894531,43.81835174560547,216600
2021-07-27,45.33000183105469,45.33000183105469,43.689998626708984,44.4900016784668,42.921146392822266,50100
2021-07-28,44.65999984741211,45.73899841308594,44.56999969482422,45.58000183105469,43.972713470458984,24700
2021-07-29,45.72999954223633,46.145999908447266,45.696998596191406,45.75,44.13671875,41800
2021-07-30,45.150001525878906,45.72600173950195,45.06999969482422,45.13999938964844,43.5482292175293,126800
2021-08-02,45.560001373291016,45.560001373291016,44.84000015258789,44.90999984741211,43.32633972167969,33900
2021-08-03,45.41999816894531,45.65999984741211,45.053001403808594,45.650001525878906,44.04024124145508,43500
2021-08-04,45.529998779296875,46.39899826049805,45.529998779296875,46.34000015258789,44.705909729003906,45800
2021-08-05,46.040000915527344,46.68000030517578,45.869998931884766,46.61000061035156,44.966392517089844,37600
2021-08-06,46.650001525878906,46.779998779296875,46.0,46.18000030517578,44.551551818847656,19600
2021-08-09,46.18000030517578,46.59000015258789,45.849998474121094,46.5,44.860267639160156,19800
2021-08-10,46.66999816894531,46.87900161743164,46.09000015258789,46.130001068115234,44.503318786621094,53800
2021-08-11,46.29999923706055,46.29999923706055,45.20000076293945,45.880001068115234,44.26213073730469,22800
2021-08-12,45.86000061035156,46.290000915527344,45.68000030517578,46.15999984741211,44.532257080078125,18000
2021-08-13,46.04999923706055,46.06999969482422,45.709999084472656,45.79999923706055,44.18495178222656,23100
2021-08-16,45.43000030517578,45.43000030517578,44.5,45.22999954223633,43.63505172729492,35000
2021-08-17,44.810001373291016,45.20000076293945,44.34000015258789,44.77000045776367,43.19127655029297,39600
2021-08-18,44.790000915527344,45.57699966430664,44.790000915527344,45.025001525878906,43.43728256225586,20000
2021-08-19,44.470001220703125,45.27000045776367,44.470001220703125,44.59400177001953,43.021484375,23500
2021-08-20,44.7400016784668,45.32600021362305,44.7400016784668,45.29999923706055,43.70258331298828,24800
2021-08-23,45.689998626708984,46.43000030517578,45.56999969482422,46.40999984741211,44.773441314697266,45200
2021-08-24,46.529998779296875,46.959999084472656,46.529998779296875,46.75,45.1014518737793,36100
2021-08-25,46.83000183105469,47.2400016784668,46.83000183105469,47.09000015258789,45.42946243286133,46300
2021-08-26,46.900001525878906,47.13999938964844,46.334999084472656,46.709999084472656,45.062862396240234,26400
2021-08-27,47.04999923706055,48.18000030517578,47.04999923706055,48.0,46.307373046875,146100
2021-08-30,48.22999954223633,48.72700119018555,47.79999923706055,48.54999923706055,46.83797836303711,85900
2021-08-31,48.63999938964844,48.99300003051758,48.44300079345703,48.880001068115234,47.15634536743164,34900
2021-09-01,49.04999923706055,49.3390007019043,48.849998474121094,49.220001220703125,47.484352111816406,66100
2021-09-02,49.630001068115234,50.209999084472656,49.41299819946289,50.0,48.23684310913086,177700
2021-09-03,49.959999084472656,50.650001525878906,49.85300064086914,50.61000061035156,48.82533645629883,42900
2021-09-07,50.81999969482422,50.99800109863281,50.44499969482422,50.56999969482422,48.78675079345703,47800
2021-09-08,50.45000076293945,50.790000915527344,49.27000045776367,49.779998779296875,48.02460479736328,87200
2021-09-09,49.7599983215332,50.599998474121094,49.75,50.25,48.478031158447266,105000
2021-09-10,50.58000183105469,50.790000915527344,49.70000076293945,49.709999084472656,47.957069396972656,54500
2021-09-13,50.06999969482422,50.06999969482422,47.630001068115234,48.3650016784668,46.65950393676758,162000
2021-09-14,48.540000915527344,49.566001892089844,48.540000915527344,48.970001220703125,47.24317169189453,44800
2021-09-15,48.88999938964844,49.77000045776367,48.6619987487793,49.720001220703125,47.96672439575195,39700
2021-09-16,49.689998626708984,50.75299835205078,49.689998626708984,50.70000076293945,48.912166595458984,103500
2021-09-17,50.869998931884766,51.119998931884766,50.209999084472656,50.54999923706055,48.767452239990234,67500
2021-09-20,48.939998626708984,49.560001373291016,48.33000183105469,49.220001220703125,47.484352111816406,153700
2021-09-21,49.68000030517578,50.224998474121094,49.38100051879883,49.95000076293945,48.18861389160156,83600
2021-09-22,50.2400016784668,51.22999954223633,50.013999938964844,51.029998779296875,49.230525970458984,101300
2021-09-23,51.5099983215332,52.45899963378906,51.2599983215332,52.34000015258789,50.49433517456055,324600
2021-09-24,51.9900016784668,52.040000915527344,51.20000076293945,51.61000061035156,49.790077209472656,125800
2021-09-27,51.47999954223633,51.47999954223633,50.13999938964844,50.400001525878906,48.622745513916016,84800
2021-09-28,49.54999923706055,49.54999923706055,47.441001892089844,47.68000030517578,45.9986572265625,391800
2021-09-29,48.06999969482422,48.31999969482422,47.46099853515625,47.58000183105469,45.90218734741211,118600
2021-09-30,47.779998779296875,48.29800033569336,47.36000061035156,47.369998931884766,45.69959259033203,48600
2021-10-01,47.220001220703125,47.36000061035156,45.52000045776367,47.119998931884766,45.45840835571289,201100
2021-10-04,47.0,47.0,45.529998779296875,45.810001373291016,44.194602966308594,376300
2021-10-05,46.08000183105469,47.018001556396484,46.02000045776367,46.5099983215332,44.86991882324219,57800
2021-10-06,46.0,46.900001525878906,45.762001037597656,46.82600021362305,45.174774169921875,52900
2021-10-07,47.310001373291016,47.87799835205078,47.310001373291016,47.35100173950195,45.68125915527344,80800
2021-10-08,47.66999816894531,47.66999816894531,46.65999984741211,46.70000076293945,45.053218841552734,70400
2021-10-11,46.630001068115234,47.18000030517578,46.32500076293945,46.32500076293945,44.691436767578125,25700
2021-10-12,46.66999816894531,47.29999923706055,46.459999084472656,47.09000015258789,45.42946243286133,24600
2021-10-13,47.279998779296875,47.965999603271484,47.189998626708984,47.869998931884766,46.18195724487305,68700
2021-10-14,48.470001220703125,48.722999572753906,48.25,48.65999984741211,46.9441032409668,60000
2021-10-15,49.099998474121094,49.099998474121094,48.43899917602539,48.47999954223633,46.77044677734375,102200
2021-10-18,48.400001525878906,49.558998107910156,48.400001525878906,49.5099983215332,47.764122009277344,89800
2021-10-19,49.72999954223633,50.18000030517578,49.279998779296875,49.68000030517578,47.928131103515625,120600
2021-10-20,49.779998779296875,50.029998779296875,49.30099868774414,49.400001525878906,47.65800857543945,55300
2021-10-21,49.45000076293945,50.08000183105469,49.426998138427734,49.970001220703125,48.207908630371094,44700
2021-10-22,49.72999954223633,49.72999954223633,48.7599983215332,49.39500045776367,47.65318298339844,49800
2021-10-25,49.68000030517578,50.630001068115234,49.540000915527344,50.15999984741211,48.39120864868164,149800
2021-10-26,50.560001373291016,50.560001373291016,48.959999084472656,49.5,47.75448226928711,44900
2021-10-27,49.439998626708984,49.76499938964844,48.599998474121094,48.599998474121094,46.88621520996094,47900
2021-10-28,48.869998931884766,50.0,48.869998931884766,49.97999954223633,48.217552185058594,42500
2021-10-29,49.75,50.43000030517578,49.630001068115234,50.349998474121094,48.57450485229492,30500
2021-11-01,50.540000915527344,50.959999084472656,50.290000915527344,50.959999084472656,49.162994384765625,35200
2021-11-02,50.97999954223633,51.20399856567383,50.47999954223633,50.88999938964844,49.095462799072266,55700
2021-11-03,50.88999938964844,50.88999938964844,50.08000183105469,50.70000076293945,48.912166595458984,38900
2021-11-04,51.02000045776367,51.83000183105469,50.84000015258789,51.45000076293945,49.63571548461914,52800
2021-11-05,52.22999954223633,52.290000915527344,51.0,51.599998474121094,49.78042221069336,59600
2021-11-08,51.90999984741211,52.5,51.90999984741211,52.279998779296875,50.43644714355469,54900
2021-11-09,52.5099983215332,52.54999923706055,51.26100158691406,51.880001068115234,50.050559997558594,40900
2021-11-10,50.81999969482422,51.22999954223633,49.119998931884766,49.630001068115234,47.8798942565918,177800
2021-11-11,50.810001373291016,51.05400085449219,50.5,50.72999954223633,48.941104888916016,57500
2021-11-12,50.959999084472656,51.2400016784668,50.7400016784668,51.150001525878906,49.34629821777344,30700
2021-11-15,51.369998931884766,51.369998931884766,49.95600128173828,50.310001373291016,48.535919189453125,44900
2021-11-16,50.25,51.209999084472656,50.02000045776367,51.18000030517578,49.37523651123047,37800
2021-11-17,51.08000183105469,51.08000183105469,50.27000045776367,50.540000915527344,48.757808685302734,37200
2021-11-18,51.02000045776367,51.479000091552734,50.43000030517578,50.939998626708984,49.143699645996094,78900
2021-11-19,50.93000030517578,51.400001525878906,50.611000061035156,50.63999938964844,48.854278564453125,29400
2021-11-22,50.939998626708984,50.939998626708984,48.06999969482422,48.209999084472656,46.50996780395508,194100
2021-11-23,48.029998779296875,48.82600021362305,46.61000061035156,47.43000030517578,45.75747299194336,222800
2021-11-24,46.95000076293945,48.59000015258789,46.650001525878906,48.59000015258789,46.87657165527344,65700
2021-11-26,47.529998779296875,48.29999923706055,47.11000061035156,47.70000076293945,46.0179557800293,99800
2021-11-29,48.25,48.599998474121094,47.79999923706055,48.47999954223633,46.77044677734375,70500
2021-11-30,48.18000030517578,48.61000061035156,46.6609992980957,47.349998474121094,45.680294036865234,99100
2021-12-01,48.029998779296875,48.099998474121094,45.54999923706055,45.54999923706055,43.94377136230469,91700
2021-12-02,45.540000915527344,46.5,45.20000076293945,46.27000045776367,44.63837814331055,60900
2021-12-03,46.5099983215332,46.645999908447266,43.823001861572266,44.68000030517578,43.10444641113281,192100
2021-12-06,44.54999923706055,44.54999923706055,43.34000015258789,44.400001525878906,42.83432388305664,297400
2021-12-07,45.470001220703125,46.650001525878906,45.40999984741211,46.349998474121094,44.71555709838867,137000
2021-12-08,46.61000061035156,46.888999938964844,46.119998931884766,46.86000061035156,45.207576751708984,45200
2021-12-09,46.75,47.099998474121094,45.630001068115234,45.63999938964844,44.03059768676758,42000
2021-12-10,46.209999084472656,46.25,45.15999984741211,45.54199981689453,43.93605041503906,32000
2021-12-13,45.66999816894531,45.66999816894531,43.95000076293945,43.97999954223633,42.42913055419922,94400
2021-12-14,43.29999923706055,43.79999923706055,42.89500045776367,43.310001373291016,41.78276062011719,109800
2021-12-15,43.11000061035156,44.36000061035156,42.45100021362305,44.34000015258789,42.77643585205078,91600
2021-12-16,45.0099983215332,45.095001220703125,42.571998596191406,42.869998931884766,41.35826873779297,168700
2021-12-17,42.34000015258789,43.31999969482422,41.91999816894531,42.91999816894531,41.4065055847168,80600
2021-12-20,42.06999969482422,42.369998931884766,41.720001220703125,42.310001373291016,40.818023681640625,111000
2021-12-21,42.900001525878906,43.7599983215332,42.68000030517578,43.72999954223633,42.18794631958008,94400
2021-12-22,43.61000061035156,44.56999969482422,43.54999923706055,44.560001373291016,42.988677978515625,48200
2021-12-23,44.66999816894531,45.05699920654297,44.56999969482422,44.959999084472656,43.37457275390625,64100
2021-12-27,45.20000076293945,46.099998474121094,45.18000030517578,46.09000015258789,44.464725494384766,100400
2021-12-28,46.2599983215332,46.34000015258789,45.500999450683594,45.630001068115234,44.02095031738281,38100
2021-12-29,45.709999084472656,46.099998474121094,45.6150016784668,46.040000915527344,44.4164924621582,25900
2021-12-30,45.939998626708984,46.16999816894531,45.65800094604492,45.720001220703125,44.202823638916016,72400
2021-12-31,45.689998626708984,46.06999969482422,45.689998626708984,45.84299850463867,44.32174301147461,25600
2022-01-03,46.2400016784668,46.349998474121094,45.25,45.540000915527344,44.0287971496582,43100
2022-01-04,45.709999084472656,45.7599983215332,44.439998626708984,45.040000915527344,43.54539108276367,93100
2022-01-05,44.790000915527344,44.86800003051758,42.900001525878906,42.91999816894531,41.49573516845703,106300
2022-01-06,42.779998779296875,43.39799880981445,42.209999084472656,43.060001373291016,41.6310920715332,94000
2022-01-07,43.029998779296875,43.314998626708984,41.900001525878906,41.91999816894531,40.52892303466797,54400
2022-01-10,41.29999923706055,41.7400016784668,40.54100036621094,41.709999084472656,40.325889587402344,97600
2022-01-11,41.58000183105469,42.279998779296875,41.2599983215332,42.2599983215332,40.85763931274414,61200
2022-01-12,42.56999969482422,43.154998779296875,42.380001068115234,42.66999816894531,41.254032135009766,53900
2022-01-13,43.02000045776367,43.40999984741211,42.02000045776367,42.11000061035156,40.712615966796875,83300
2022-01-14,41.709999084472656,42.46799850463867,41.689998626708984,42.439998626708984,41.03166580200195,30500
2022-01-18,41.79999923706055,41.79999923706055,40.689998626708984,40.72999954223633,39.37841033935547,57300
2022-01-19,40.970001220703125,41.220001220703125,39.43000030517578,39.459999084472656,38.150550842285156,102300
2022-01-20,39.75,40.38999938964844,38.590999603271484,38.63999938964844,37.35776901245117,77600
2022-01-21,38.33000183105469,38.810001373291016,37.56999969482422,37.59000015258789,36.342613220214844,126800
2022-01-24,36.720001220703125,37.900001525878906,35.97100067138672,37.86000061035156,36.60365295410156,225200
2022-01-25,37.18000030517578,37.81999969482422,36.630001068115234,37.27000045776367,36.03322982788086,66300
2022-01-26,38.040000915527344,38.44300079345703,36.875,37.22999954223633,35.99455261230469,119700
2022-01-27,37.66999816894531,37.9900016784668,36.5,36.619998931884766,35.4047966003418,70900
2022-01-28,36.65999984741211,37.22999954223633,36.099998474121094,37.22999954223633,35.99455261230469,90400
2022-01-31,37.2599983215332,37.939998626708984,37.130001068115234,37.88999938964844,36.63265609741211,94300
2022-02-01,38.15999984741211,38.47999954223633,37.65999984741211,38.41999816894531,37.14506530761719,120300
2022-02-02,38.779998779296875,38.970001220703125,38.369998931884766,38.81999969482422,37.53179168701172,98000
2022-02-03,38.279998779296875,38.599998474121094,37.900001525878906,37.90999984741211,36.6519889831543,48400
2022-02-04,37.83000183105469,38.073001861572266,37.29999923706055,37.72999954223633,36.477962493896484,48300
2022-02-07,37.880001068115234,38.220001220703125,37.62200164794922,37.83000183105469,36.574649810791016,53100
2022-02-08,37.79999923706055,38.470001220703125,37.665000915527344,38.38999938964844,37.11606216430664,44600
2022-02-09,38.900001525878906,39.31999969482422,38.869998931884766,39.279998779296875,37.976531982421875,57700
2022-02-10,38.619998931884766,39.5099983215332,38.270999908447266,38.459999084472656,37.183738708496094,48200
2022-02-11,38.5099983215332,38.76499938964844,37.34000015258789,37.54999923706055,36.30393600463867,82500
2022-02-14,37.470001220703125,37.72999954223633,36.86000061035156,37.150001525878906,35.91720962524414,82900
2022-02-15,37.650001525878906,38.20000076293945,37.650001525878906,38.15999984741211,36.89369201660156,59600
2022-02-16,38.0099983215332,38.43000030517578,37.88999938964844,38.310001373291016,37.038719177246094,57700
2022-02-17,38.0099983215332,38.0099983215332,37.220001220703125,37.25,36.013893127441406,22600
2022-02-18,37.27000045776367,37.73699951171875,36.959999084472656,37.16999816894531,35.936546325683594,49700
2022-02-22,36.869998931884766,37.38999938964844,36.279998779296875,36.599998474121094,35.385459899902344,154200
2022-02-23,36.970001220703125,37.10100173950195,35.630001068115234,35.70000076293945,34.51533126831055,71600
2022-02-24,34.47999954223633,36.619998931884766,34.279998779296875,36.540000915527344,35.32745361328125,92300
2022-02-25,36.66999816894531,37.630001068115234,36.439998626708984,37.58000183105469,36.332942962646484,67900
2022-02-28,37.2599983215332,37.880001068115234,37.2599983215332,37.84000015258789,36.584312438964844,109100
2022-03-01,37.95000076293945,38.150001525878906,36.970001220703125,37.27000045776367,36.03322982788086,123700
2022-03-02,37.619998931884766,38.38999938964844,37.619998931884766,38.2599983215332,36.99037551879883,108200
2022-03-03,38.349998474121094,38.380001068115234,37.90999984741211,38.22999954223633,36.961368560791016,112900
2022-03-04,37.900001525878906,38.15999984741211,37.599998474121094,38.119998931884766,36.85502243041992,101800
2022-03-07,38.06999969482422,38.15999984741211,36.529998779296875,36.59000015258789,35.375789642333984,129100
2022-03-08,36.33000183105469,36.7599983215332,35.941001892089844,36.13999938964844,34.94072723388672,37600
2022-03-09,36.709999084472656,37.42599868774414,36.5620002746582,37.27000045776367,36.03322982788086,42800
2022-03-10,36.81999969482422,37.66999816894531,36.72999954223633,37.56999969482422,36.323272705078125,37200
2022-03-11,37.63999938964844,37.72700119018555,36.97999954223633,37.0099983215332,35.78185272216797,38400
2022-03-14,36.91999816894531,36.91999816894531,35.790000915527344,35.9900016784668,34.79570770263672,37900
2022-03-15,35.84000015258789,36.7400016784668,35.630001068115234,36.689998626708984,35.47247314453125,49300
2022-03-16,37.08000183105469,37.540000915527344,36.57500076293945,37.529998779296875,36.28459930419922,34500
2022-03-17,37.56999969482422,38.400001525878906,37.56999969482422,38.36000061035156,37.08705520629883,62900
2022-03-18,38.20000076293945,38.900001525878906,38.20000076293945,38.84000015258789,37.55113220214844,56000
2022-03-21,39.02000045776367,39.310001373291016,38.56999969482422,39.08000183105469,37.78316879272461,53400
2022-03-22,39.2400016784668,39.630001068115234,39.04999923706055,39.41999816894531,38.111881256103516,84700
2022-03-23,39.33000183105469,39.599998474121094,38.91999816894531,38.91999816894531,37.62847137451172,28500
2022-03-24,39.130001068115234,39.71900177001953,39.071998596191406,39.68000030517578,38.36325454711914,34000
2022-03-25,39.709999084472656,39.709999084472656,39.090999603271484,39.59000015258789,38.276241302490234,27400
2022-03-28,39.52000045776367,39.77000045776367,39.25,39.7400016784668,38.421268463134766,31300
2022-03-29,39.900001525878906,40.150001525878906,39.14699935913086,40.0099983215332,38.68230438232422,59400
2022-03-30,39.88999938964844,40.2760009765625,39.27299880981445,39.45000076293945,38.14088821411133,38700
2022-03-31,39.43000030517578,39.78099822998047,39.060001373291016,39.09000015258789,37.79283142089844,27600
2022-04-01,39.16999816894531,39.4900016784668,38.61000061035156,39.0,37.70581817626953,31600
2022-04-04,39.150001525878906,39.33000183105469,39.0,39.25,37.94752502441406,19600
2022-04-05,39.279998779296875,39.279998779296875,37.68000030517578,37.779998779296875,36.526302337646484,56800
2022-04-06,37.209999084472656,37.22999954223633,36.31999969482422,36.70000076293945,35.482147216796875,59400
2022-04-07,36.709999084472656,37.16999816894531,36.22700119018555,36.91999816894531,35.69484329223633,32100
2022-04-08,36.849998474121094,36.95199966430664,36.45000076293945,36.599998474121094,35.385459899902344,16200
2022-04-11,36.25,36.369998931884766,35.86000061035156,35.88999938964844,34.69902038574219,26000
2022-04-12,36.189998626708984,36.79999923706055,36.029998779296875,36.09000015258789,34.89238739013672,21800
2022-04-13,36.2599983215332,36.98500061035156,36.2599983215332,36.939998626708984,35.714176177978516,15800
2022-04-14,36.86000061035156,37.16999816894531,36.52000045776367,36.540000915527344,35.32745361328125,42900
2022-04-18,36.47999954223633,36.560001373291016,36.15999984741211,36.31999969482422,35.11475372314453,19200
2022-04-19,36.13999938964844,36.63999938964844,36.07500076293945,36.61000061035156,35.39513397216797,21700
2022-04-20,36.70000076293945,36.90999984741211,36.380001068115234,36.68000030517578,35.462806701660156,22600
2022-04-21,36.970001220703125,36.970001220703125,35.290000915527344,35.400001525878906,34.225284576416016,29100
2022-04-22,35.279998779296875,35.36399841308594,34.13999938964844,34.22999954223633,33.094112396240234,26000
2022-04-25,33.689998626708984,33.939998626708984,32.91999816894531,33.939998626708984,32.81372833251953,27500
2022-04-26,33.849998474121094,33.849998474121094,32.95000076293945,32.95000076293945,31.856586456298828,21600
2022-04-27,33.04999923706055,33.439998626708984,32.90999984741211,33.04999923706055,31.953264236450195,32000
2022-04-28,33.40999984741211,33.56999969482422,32.5,33.400001525878906,32.291648864746094,33500
2022-04-29,33.36000061035156,33.619998931884766,32.38999938964844,32.45000076293945,31.37317657470703,226200
2022-05-02,32.349998474121094,32.45000076293945,31.700000762939453,32.36000061035156,31.286163330078125,59400
2022-05-03,32.349998474121094,32.92900085449219,32.349998474121094,32.81999969482422,31.73089599609375,28100
2022-05-04,32.91999816894531,33.27199935913086,32.19499969482422,33.220001220703125,32.11762619018555,32900
2022-05-05,33.06999969482422,33.06999969482422,31.889999389648438,32.15999984741211,31.092798233032227,35600
2022-05-06,31.90999984741211,31.950000762939453,31.43000030517578,31.68000030517578,30.628726959228516,63300
2022-05-09,30.959999084472656,30.959999084472656,29.610000610351562,29.760000228881836,28.772441864013672,64800
2022-05-10,30.309999465942383,30.389999389648438,29.150999069213867,29.709999084472656,28.72410011291504,30500
2022-05-11,29.739999771118164,30.39299964904785,29.219999313354492,29.290000915527344,28.318038940429688,31200
2022-05-12,28.920000076293945,29.60099983215332,28.729999542236328,29.290000915527344,28.318038940429688,95500
2022-05-13,29.770000457763672,30.71500015258789,29.770000457763672,30.420000076293945,29.410539627075195,346500
2022-05-16,30.479999542236328,30.940000534057617,30.469999313354492,30.649999618530273,29.632905960083008,420400
2022-05-17,31.209999084472656,31.440000534057617,30.8700008392334,31.399999618530273,30.35801887512207,514100
2022-05-18,31.19499969482422,31.239999771118164,30.049999237060547,30.219999313354492,29.21717643737793,652500
2022-05-19,29.860000610351562,30.56999969482422,29.700000762939453,30.149999618530273,29.149497985839844,45900
2022-05-20,30.489999771118164,30.530000686645508,29.290000915527344,29.920000076293945,28.92713165283203,90200
2022-05-23,30.290000915527344,30.670000076293945,30.139999389648438,30.559999465942383,29.5458927154541,34000
2022-05-24,30.31999969482422,30.382999420166016,29.68000030517578,30.34000015258789,29.333194732666016,26100
2022-05-25,30.34000015258789,31.25,30.34000015258789,31.1200008392334,30.087312698364258,33300
2022-05-26,31.594999313354492,32.0099983215332,31.520000457763672,31.93000030517578,30.870431900024414,43400
2022-05-27,32.150001525878906,32.650001525878906,31.964000701904297,32.650001525878906,31.566539764404297,71500
2022-05-31,32.81999969482422,32.83000183105469,31.888999938964844,32.08000183105469,31.01545524597168,54100
2022-06-01,32.34000015258789,32.59299850463867,31.885000228881836,32.45000076293945,31.37317657470703,31300
2022-06-02,32.45000076293945,32.797000885009766,32.22200012207031,32.75,31.66322135925293,23300
2022-06-03,32.45000076293945,33.06800079345703,32.45000076293945,33.029998779296875,31.933927536010742,41400
2022-06-06,33.459999084472656,33.459999084472656,32.9900016784668,33.130001068115234,32.03061294555664,36200
2022-06-07,33.0,34.11000061035156,33.0,34.09000015258789,32.9587516784668,54400
2022-06-08,34.150001525878906,34.150001525878906,33.09000015258789,33.290000915527344,32.185302734375,71800
2022-06-09,32.987998962402344,32.987998962402344,32.060001373291016,32.08000183105469,31.01545524597168,44900
2022-06-10,31.690000534057617,31.81999969482422,30.920000076293945,31.290000915527344,30.251670837402344,50900
2022-06-13,30.270000457763672,30.367000579833984,29.190000534057617,29.450000762939453,28.472728729248047,94700
2022-06-14,29.84000015258789,30.020000457763672,29.290000915527344,29.68000030517578,28.69509506225586,41900
2022-06-15,29.940000534057617,30.06999969482422,29.110000610351562,29.68000030517578,28.69509506225586,41000
2022-06-16,28.8700008392334,29.020000457763672,27.726999282836914,27.959999084472656,27.03217124938965,39700
2022-06-17,28.040000915527344,28.299999237060547,27.350000381469727,27.520000457763672,26.606775283813477,46400
2022-06-21,28.170000076293945,28.68000030517578,28.170000076293945,28.420000076293945,27.47690773010254,69000
2022-06-22,27.31999969482422,27.865999221801758,27.200000762939453,27.270000457763672,26.365070343017578,13900
2022-06-23,27.59000015258789,27.59000015258789,26.31999969482422,26.65999984741211,25.775312423706055,38300
2022-06-24,27.05500030517578,27.530000686645508,26.8700008392334,27.100000381469727,26.200712203979492,62600
2022-06-27,27.31999969482422,27.90999984741211,27.219999313354492,27.780000686645508,26.85814666748047,75200
2022-06-28,28.079999923706055,28.079999923706055,27.100000381469727,27.239999771118164,26.3360652923584,66700
2022-06-29,27.14299964904785,27.14299964904785,26.700000762939453,26.899999618530273,26.00734519958496,30800
2022-06-30,26.559999465942383,27.020000457763672,26.540000915527344,26.850000381469727,25.959007263183594,31500
2022-07-01,26.790000915527344,26.809999465942383,26.200000762939453,26.809999465942383,25.92033576965332,23200
2022-07-05,26.510000228881836,26.850000381469727,26.25,26.850000381469727,25.959007263183594,31400
2022-07-06,26.940000534057617,26.968000411987305,26.583999633789062,26.850000381469727,25.959007263183594,35800
2022-07-07,27.030000686645508,27.270000457763672,27.030000686645508,27.25,26.345733642578125,95100
2022-07-08,27.09000015258789,27.399999618530273,27.059999465942383,27.229999542236328,26.326396942138672,42900
2022-07-11,27.0,27.020000457763672,26.850000381469727,26.8799991607666,25.98801040649414,24300
2022-07-12,26.922000885009766,27.024999618530273,26.393999099731445,26.540000915527344,25.6592960357666,14600
2022-07-13,26.209999084472656,26.700000762939453,26.131999969482422,26.530000686645508,25.649625778198242,32200
2022-07-14,26.200000762939453,26.690000534057617,26.200000762939453,26.649999618530273,25.765644073486328,29300
2022-07-15,26.829999923706055,26.979999542236328,26.540000915527344,26.979999542236328,26.084693908691406,15700
2022-07-18,27.25,27.319000244140625,26.773000717163086,26.854000091552734,25.962875366210938,44500
2022-07-19,27.09000015258789,27.309999465942383,26.989999771118164,27.280000686645508,26.374736785888672,16700
2022-07-20,27.280000686645508,27.3799991607666,27.145000457763672,27.34000015258789,26.43274688720703,54300
2022-07-21,27.280000686645508,27.479999542236328,27.100000381469727,27.459999084472656,26.548765182495117,36300
2022-07-22,27.440000534057617,27.440000534057617,26.700000762939453,26.809999465942383,25.92033576965332,41900
2022-07-25,26.8799991607666,27.0,26.75,27.0,26.10403060913086,15300
2022-07-26,26.979999542236328,27.149999618530273,26.93000030517578,27.059999465942383,26.162036895751953,53500
2022-07-27,27.290000915527344,27.809999465942383,27.195999145507812,27.690000534057617,26.771133422851562,66700
2022-07-28,28.040000915527344,28.229999542236328,27.476999282836914,28.190000534057617,27.254541397094727,40600
2022-07-29,28.309999465942383,28.489999771118164,28.110000610351562,28.450000762939453,27.50591468811035,35400
2022-08-01,28.34000015258789,28.6200008392334,28.115999221801758,28.489999771118164,27.544586181640625,69300
2022-08-02,28.40999984741211,29.049999237060547,28.3700008392334,28.770000457763672,27.815296173095703,37300
2022-08-03,28.959999084472656,29.0,28.461000442504883,28.829999923706055,27.873302459716797,46100
2022-08-04,29.06999969482422,29.06999969482422,28.674999237060547,28.93000030517578,27.969985961914062,22600
2022-08-05,28.56999969482422,29.31999969482422,28.56999969482422,29.270000457763672,28.298702239990234,41300
2022-08-08,29.3799991607666,29.538000106811523,29.149999618530273,29.329999923706055,28.35671043395996,94000
2022-08-09,29.260000228881836,29.385000228881836,28.690000534057617,28.739999771118164,27.78628921508789,28200
2022-08-10,29.274999618530273,29.6200008392334,29.139999389648438,29.59000015258789,28.608083724975586,61100
2022-08-11,29.950000762939453,30.009000778198242,29.541000366210938,29.56999969482422,28.5887451171875,71700
2022-08-12,29.690000534057617,29.979999542236328,29.469999313354492,29.950000762939453,28.956134796142578,93000
2022-08-15,29.59000015258789,29.905000686645508,29.440000534057617,29.829999923706055,28.840118408203125,34900
2022-08-16,29.770000457763672,29.780000686645508,29.232999801635742,29.440000534057617,28.46306037902832,42500
2022-08-17,29.309999465942383,29.334999084472656,28.850000381469727,29.170000076293945,28.2020206451416,45300
2022-08-18,29.299999237060547,29.655000686645508,29.26099967956543,29.59000015258789,28.608083724975586,38600
2022-08-19,29.219999313354492,29.219999313354492,28.875,29.08099937438965,28.1159725189209,33900
2022-08-22,28.68000030517578,29.03499984741211,28.559999465942383,28.90999984741211,27.950647354125977,58300
2022-08-23,29.059999465942383,29.58099937438965,29.059999465942383,29.3799991607666,28.405052185058594,54800
2022-08-24,29.440000534057617,29.83799934387207,29.420000076293945,29.799999237060547,28.811115264892578,30500
2022-08-25,30.049999237060547,30.31999969482422,29.940000534057617,30.31999969482422,29.313858032226562,29300
2022-08-26,30.31999969482422,30.34000015258789,29.540000915527344,29.559999465942383,28.579076766967773,65500
2022-08-29,29.170000076293945,29.809999465942383,29.170000076293945,29.479999542236328,28.501733779907227,32100
2022-08-30,29.299999237060547,29.309999465942383,28.18000030517578,28.389999389648438,27.447904586791992,33700
2022-08-31,28.239999771118164,28.469999313354492,28.139999389648438,28.280000686645508,27.341554641723633,21900
2022-09-01,27.829999923706055,27.854999542236328,27.051000595092773,27.399999618530273,26.490755081176758,72100
2022-09-02,27.860000610351562,28.141000747680664,27.559999465942383,27.68000030517578,26.761465072631836,33300
2022-09-06,27.899999618530273,27.899999618530273,27.209999084472656,27.360000610351562,26.452085494995117,18900
2022-09-07,27.030000686645508,27.520000457763672,26.941999435424805,27.440000534057617,26.529428482055664,18000
2022-09-08,27.399999618530273,27.91900062561035,27.399999618530273,27.860000610351562,26.93549156188965,13900
2022-09-09,28.309999465942383,28.489999771118164,28.18000030517578,28.389999389648438,27.447904586791992,22800
2022-09-12,28.6299991607666,28.6299991607666,28.200000762939453,28.520000457763672,27.573589324951172,25100
2022-09-13,27.809999465942383,28.308000564575195,27.6200008392334,27.68000030517578,26.761465072631836,35900
2022-09-14,27.850000381469727,28.514999389648438,27.850000381469727,28.329999923706055,27.389894485473633,14500
2022-09-15,27.959999084472656,28.045000076293945,27.579999923706055,27.729999542236328,26.809804916381836,25800
2022-09-16,27.3799991607666,27.399999618530273,26.650999069213867,26.959999084472656,26.06535530090332,21300
2022-09-19,26.350000381469727,27.110000610351562,26.209999084472656,27.059999465942383,26.162036895751953,56600
2022-09-20,26.920000076293945,26.920000076293945,26.530000686645508,26.719999313354492,25.83332061767578,24200
2022-09-21,27.020000457763672,27.09000015258789,26.229999542236328,26.229999542236328,25.359580993652344,27200
2022-09-22,26.329999923706055,26.329999923706055,25.40999984741211,25.43000030517578,24.58612823486328,34800
2022-09-23,24.790000915527344,24.790000915527344,23.809999465942383,24.059999465942383,23.26158905029297,121700
2022-09-26,24.059999465942383,24.450000762939453,23.670000076293945,23.75,22.961875915527344,64400
2022-09-27,24.170000076293945,24.360000610351562,23.81999969482422,24.010000228881836,23.2132511138916,41500
2022-09-28,24.170000076293945,25.000999450683594,24.0,24.889999389648438,24.06404685974121,69600
2022-09-29,24.579999923706055,24.667999267578125,24.139999389648438,24.600000381469727,23.783672332763672,47900
2022-09-30,24.469999313354492,24.952999114990234,24.360000610351562,24.440000534057617,23.62898063659668,42800
2022-10-03,24.719999313354492,25.274999618530273,24.525999069213867,25.1200008392334,24.286415100097656,38600
2022-10-04,25.670000076293945,26.016000747680664,25.670000076293945,25.969999313354492,25.10820960998535,54900
2022-10-05,25.709999084472656,25.889999389648438,25.239999771118164,25.719999313354492,24.866506576538086,20700
2022-10-06,25.600000381469727,26.049999237060547,25.562000274658203,25.59000015258789,24.740819931030273,25800
2022-10-07,25.34000015258789,25.34000015258789,24.770000457763672,24.850000381469727,24.02537727355957,23900
2022-10-10,24.93000030517578,24.93000030517578,24.21500015258789,24.459999084472656,23.6483154296875,22200
2022-10-11,24.3799991607666,24.700000762939453,23.950000762939453,24.200000762939453,23.39694595336914,74500
2022-10-12,24.1299991607666,24.450000762939453,23.964000701904297,24.34000015258789,23.532299041748047,15200
2022-10-13,23.81999969482422,25.02400016784668,23.770000457763672,24.940000534057617,24.112388610839844,42400
2022-10-14,24.959999084472656,25.170000076293945,23.940000534057617,23.959999084472656,23.164907455444336,23700
2022-10-17,24.31999969482422,24.540000915527344,24.145999908447266,24.360000610351562,23.5516357421875,49700
2022-10-18,24.719999313354492,24.799999237060547,24.389999389648438,24.639999389648438,23.822343826293945,28400
2022-10-19,24.59000015258789,24.860000610351562,24.5,24.809999465942383,23.98670196533203,13200
2022-10-20,24.969999313354492,25.190000534057617,24.530000686645508,24.59000015258789,23.774003982543945,15000
2022-10-21,24.68000030517578,25.31999969482422,24.489999771118164,25.299999237060547,24.4604434967041,25400
2022-10-24,25.420000076293945,25.649999618530273,25.31999969482422,25.6200008392334,24.769824981689453,39500
2022-10-25,25.53499984741211,25.850000381469727,25.5049991607666,25.760000228881836,24.90517807006836,20300
2022-10-26,25.899999618530273,26.25,25.854999542236328,25.950000762939453,25.08887481689453,34900
2022-10-27,26.200000762939453,26.280000686645508,25.801000595092773,25.84000015258789,24.98252296447754,41000
2022-10-28,25.959999084472656,26.100000381469727,25.559999465942383,26.059999465942383,25.195220947265625,18700
2022-10-31,25.920000076293945,26.329999923706055,25.920000076293945,26.209999084472656,25.34024429321289,13400
2022-11-01,26.6200008392334,26.6200008392334,26.174999237060547,26.3700008392334,25.494935989379883,21900
2022-11-02,26.420000076293945,26.70400047302246,25.783000946044922,25.81999969482422,24.963186264038086,21700
2022-11-03,25.440000534057617,26.115999221801758,25.371000289916992,25.940000534057617,25.079206466674805,23300
2022-11-04,26.43000030517578,26.514999389648438,25.440000534057617,25.75,24.895509719848633,57100
2022-11-07,25.90999984741211,26.190000534057617,25.836999893188477,26.030000686645508,25.166217803955078,27600
2022-11-08,26.110000610351562,26.125,25.6299991607666,25.959999084472656,25.098539352416992,17300
2022-11-09,25.700000762939453,25.704999923706055,24.799999237060547,24.860000610351562,24.035043716430664,122800
2022-11-10,25.600000381469727,25.739999771118164,25.389999389648438,25.639999389648438,24.78915786743164,38700
2022-11-11,26.040000915527344,26.280000686645508,25.594999313354492,25.709999084472656,24.856834411621094,47300
2022-11-14,25.670000076293945,25.989999771118164,25.614999771118164,25.639999389648438,24.78915786743164,21100
2022-11-15,25.989999771118164,26.079999923706055,25.639999389648438,26.010000228881836,25.146883010864258,27300
2022-11-16,25.770000457763672,25.770000457763672,25.5310001373291,25.559999465942383,24.711814880371094,30600
2022-11-17,25.219999313354492,25.610000610351562,25.110000610351562,25.600000381469727,24.750486373901367,28800
2022-11-18,25.540000915527344,25.540000915527344,25.084999084472656,25.448999404907227,24.6044979095459,21300
2022-11-21,25.219999313354492,25.280000686645508,24.610000610351562,25.15999984741211,24.32508659362793,26900
2022-11-22,25.290000915527344,26.049999237060547,25.290000915527344,26.020000457763672,25.15654945373535,51100
2022-11-23,25.84000015258789,25.899999618530273,25.610000610351562,25.739999771118164,24.885841369628906,20200
2022-11-25,25.739999771118164,25.959999084472656,25.719999313354492,25.729999542236328,24.87617301940918,20500
2022-11-28,25.290000915527344,25.579999923706055,25.09000015258789,25.100000381469727,24.267078399658203,29700
2022-11-29,25.299999237060547,25.3799991607666,25.040000915527344,25.040000915527344,24.20907211303711,22500
2022-11-30,25.200000762939453,25.5,24.7549991607666,25.5,24.653804779052734,21600
2022-12-01,25.649999618530273,25.649999618530273,25.139999389648438,25.139999389648438,24.30575180053711,22800
2022-12-02,24.889999389648438,25.139999389648438,24.889999389648438,25.09000015258789,24.257410049438477,33000
2022-12-05,25.079999923706055,25.079999923706055,24.176000595092773,24.290000915527344,23.483959197998047,36000
2022-12-06,24.180999755859375,24.299999237060547,23.510000228881836,23.690000534057617,22.90386962890625,48000
2022-12-07,23.6299991607666,23.809999465942383,23.530000686645508,23.700000762939453,22.913537979125977,33700
2022-12-08,23.940000534057617,24.06999969482422,23.59000015258789,23.639999389648438,22.855525970458984,27800
2022-12-09,23.586000442504883,23.604999542236328,23.18000030517578,23.18000030517578,22.41079330444336,27600
2022-12-12,23.209999084472656,23.639999389648438,23.15999984741211,23.639999389648438,22.855525970458984,22200
2022-12-13,24.280000686645508,24.31999969482422,23.6299991607666,23.834999084472656,23.044055938720703,29900
2022-12-14,23.899999618530273,23.992000579833984,23.63800048828125,23.739999771118164,22.95220947265625,21800
2022-12-15,23.459999084472656,23.459999084472656,22.979999542236328,23.040000915527344,22.27543830871582,73900
2022-12-16,22.739999771118164,22.8799991607666,22.584999084472656,22.829999923706055,22.072406768798828,76200
2022-12-19,22.829999923706055,22.829999923706055,22.440000534057617,22.520000457763672,21.772695541381836,33300
2022-12-20,22.3799991607666,22.670000076293945,22.329999923706055,22.559999465942383,21.811365127563477,33700
2022-12-21,22.709999084472656,23.09000015258789,22.639999389648438,23.049999237060547,22.285104751586914,31400
2022-12-22,22.8799991607666,22.8799991607666,22.31999969482422,22.700000762939453,21.94672203063965,20800
2022-12-23,22.75,22.770000457763672,22.5310001373291,22.760000228881836,22.004730224609375,34100
2022-12-27,22.739999771118164,22.854000091552734,22.607999801635742,22.64699935913086,21.895479202270508,20200
2022-12-28,22.6200008392334,22.639999389648438,22.19099998474121,22.200000762939453,21.463314056396484,34100
2022-12-29,21.81999969482422,21.969999313354492,21.709999084472656,21.84000015258789,21.701793670654297,64700
2022-12-30,21.6299991607666,21.847000122070312,21.59000015258789,21.81999969482422,21.68191909790039,65900
2023-01-03,21.979999542236328,22.038000106811523,21.43000030517578,21.56999969482422,21.433502197265625,57000
2023-01-04,21.729999542236328,21.809999465942383,21.59000015258789,21.68000030517578,21.54280662536621,42800
2023-01-05,21.450000762939453,21.700000762939453,21.450000762939453,21.6299991607666,21.493122100830078,13100
2023-01-06,21.790000915527344,22.030000686645508,21.680999755859375,21.940000534057617,21.80116081237793,35900
2023-01-09,22.170000076293945,22.25,21.950000762939453,21.989999771118164,21.850845336914062,48100
2023-01-10,21.90999984741211,22.25,21.899999618530273,22.240999221801758,22.100255966186523,18700
2023-01-11,22.350000381469727,22.527999877929688,22.288999557495117,22.520000457763672,22.377490997314453,29000
2023-01-12,22.530000686645508,22.729999542236328,22.350000381469727,22.670000076293945,22.52654266357422,26900
2023-01-13,22.540000915527344,22.90999984741211,22.450000762939453,22.90999984741211,22.76502227783203,50700
2023-01-17,22.950000762939453,23.09000015258789,22.860000610351562,22.860000610351562,22.71533966064453,40600
2023-01-18,23.1200008392334,23.219999313354492,22.6200008392334,22.6200008392334,22.476858139038086,53600
2023-01-19,22.479999542236328,22.510000228881836,22.09000015258789,22.18000030517578,22.039644241333008,15200
2023-01-20,22.31999969482422,22.690000534057617,22.260000228881836,22.684999465942383,22.541446685791016,28500
2023-01-23,22.68000030517578,22.940000534057617,22.608999252319336,22.854999542236328,22.710371017456055,50700
2023-01-24,22.770000457763672,22.926000595092773,22.719999313354492,22.860000610351562,22.71533966064453,19800
2023-01-25,22.559999465942383,22.924999237060547,22.399999618530273,22.899999618530273,22.755084991455078,18400
2023-01-26,23.219999313354492,23.229999542236328,22.81999969482422,23.209999084472656,23.06312370300293,57100
2023-01-27,23.1299991607666,23.399999618530273,23.1200008392334,23.260000228881836,23.112808227539062,38000
2023-01-30,23.020000457763672,23.158000946044922,22.760000228881836,22.760000228881836,22.6159725189209,27200
2023-01-31,22.84000015258789,23.22599983215332,22.84000015258789,23.22599983215332,23.079021453857422,17100
2023-02-01,23.239999771118164,23.770000457763672,23.010000228881836,23.56999969482422,23.420846939086914,40700
2023-02-02,23.829999923706055,23.969999313354492,23.540000915527344,23.809999465942383,23.659326553344727,33400
2023-02-03,23.510000228881836,23.969999313354492,23.3700008392334,23.549999237060547,23.400972366333008,49900
2023-02-06,23.360000610351562,23.385000228881836,23.170000076293945,23.260000228881836,23.112808227539062,22800
2023-02-07,23.170000076293945,23.72599983215332,23.049999237060547,23.65999984741211,23.510276794433594,18200
2023-02-08,23.540000915527344,23.56999969482422,23.170000076293945,23.260000228881836,23.112808227539062,30700
2023-02-09,23.530000686645508,23.69700050354004,23.115999221801758,23.170000076293945,23.02337646484375,19300
2023-02-10,23.100000381469727,23.15999984741211,22.871000289916992,23.15999984741211,23.01344108581543,14100
2023-02-13,23.280000686645508,23.6200008392334,23.121999740600586,23.579999923706055,23.430782318115234,28100
2023-02-14,23.43000030517578,24.09000015258789,23.288999557495117,24.030000686645508,23.8779354095459,152400
2023-02-15,23.6200008392334,24.079999923706055,23.527999877929688,24.079999923706055,23.92761993408203,32600
2023-02-16,23.709999084472656,23.940000534057617,23.47100067138672,23.5,23.351289749145508,125100
2023-02-17,23.46500015258789,23.489999771118164,23.09000015258789,23.299999237060547,23.15255355834961,86900
2023-02-21,23.079999923706055,23.190000534057617,22.743000030517578,22.790000915527344,22.645784378051758,62100
2023-02-22,22.93000030517578,23.049999237060547,22.690000534057617,22.8799991607666,22.735210418701172,47800
2023-02-23,23.110000610351562,23.25,22.799999237060547,23.149999618530273,23.003503799438477,42300
2023-02-24,22.834999084472656,22.961999893188477,22.66900062561035,22.950000762939453,22.804771423339844,31600
2023-02-27,23.139999389648438,23.3700008392334,23.139999389648438,23.239999771118164,23.09293556213379,41000
2023-02-28,23.270000457763672,23.40999984741211,23.190000534057617,23.190000534057617,23.043251037597656,26400
2023-03-01,23.209999084472656,23.389999389648438,23.1299991607666,23.274999618530273,23.12771224975586,14400
2023-03-02,22.899999618530273,23.30500030517578,22.84000015258789,23.290000915527344,23.14261817932129,15500
2023-03-03,23.520000457763672,23.850000381469727,23.399999618530273,23.809999465942383,23.659326553344727,56400
2023-03-06,23.8799991607666,24.079999923706055,23.731000900268555,23.799999237060547,23.649389266967773,62500
2023-03-07,23.850000381469727,23.989999771118164,23.600000381469727,23.66200065612793,23.512264251708984,47500
2023-03-08,23.690000534057617,23.940000534057617,23.600000381469727,23.84600067138672,23.695100784301758,21800
2023-03-09,23.850000381469727,24.023000717163086,23.100000381469727,23.110000610351562,22.96375846862793,81700
2023-03-10,23.09000015258789,23.100000381469727,22.270000457763672,22.3799991607666,22.23837661743164,182800
2023-03-13,21.940000534057617,22.469999313354492,21.639999389648438,22.079999923706055,21.940275192260742,59600
2023-03-14,22.549999237060547,22.844999313354492,22.395999908447266,22.6299991607666,22.48679542541504,19200
2023-03-15,22.139999389648438,22.229999542236328,21.81999969482422,22.229999542236328,22.089324951171875,27100
2023-03-16,22.030000686645508,22.917999267578125,22.030000686645508,22.84000015258789,22.695465087890625,52200
2023-03-17,22.719999313354492,22.84600067138672,22.34000015258789,22.540000915527344,22.39736557006836,31800
2023-03-20,22.549999237060547,22.719999313354492,22.472000122070312,22.66699981689453,22.523561477661133,18000
2023-03-21,22.8799991607666,23.229999542236328,22.8799991607666,23.152000427246094,23.005491256713867,16400
2023-03-22,23.170000076293945,23.489999771118164,22.850000381469727,22.850000381469727,22.705402374267578,16400
2023-03-23,23.030000686645508,23.535999298095703,22.780000686645508,23.1200008392334,22.973695755004883,54600
2023-03-24,22.899999618530273,22.899999618530273,22.579999923706055,22.850000381469727,22.705402374267578,64800
2023-03-27,22.940000534057617,23.100000381469727,22.739999771118164,22.854000091552734,22.70937728881836,21500
2023-03-28,22.860000610351562,22.860000610351562,22.475000381469727,22.610000610351562,22.466922760009766,15400
2023-03-29,22.860000610351562,23.139999389648438,22.841999053955078,23.097000122070312,22.95083999633789,17700
2023-03-30,23.350000381469727,23.402000427246094,23.0939998626709,23.17099952697754,23.024370193481445,40500
2023-03-31,23.209999084472656,23.64699935913086,23.200000762939453,23.64299964904785,23.493383407592773,23200
2023-04-03,23.610000610351562,23.768999099731445,23.34000015258789,23.7549991607666,23.60467529296875,21600
2023-04-04,23.889999389648438,23.889999389648438,23.299999237060547,23.385000228881836,23.237018585205078,23200
2023-04-05,23.190000534057617,23.200000762939453,22.709999084472656,22.947999954223633,22.80278205871582,61600
2023-04-06,22.770000457763672,22.8700008392334,22.54800033569336,22.80500030517578,22.660688400268555,19300
2023-04-10,22.600000381469727,23.06399917602539,22.59000015258789,23.06399917602539,22.918046951293945,23700
2023-04-11,23.270000457763672,23.3700008392334,23.163999557495117,23.219999313354492,23.073060989379883,50700
2023-04-12,23.469999313354492,23.540000915527344,23.048999786376953,23.048999786376953,22.90314292907715,26200
2023-04-13,23.190000534057617,23.479999542236328,23.190000534057617,23.408000946044922,23.259872436523438,21500
2023-04-14,23.5,23.649999618530273,23.202999114990234,23.40999984741211,23.261857986450195,38200
2023-04-17,23.639999389648438,23.915000915527344,23.639999389648438,23.850000381469727,23.69907569885254,843300
2023-04-18,24.079999923706055,24.34000015258789,24.079999923706055,24.329999923706055,24.176036834716797,151300
2023-04-19,24.200000762939453,24.200000762939453,23.950000762939453,24.040000915527344,23.88787269592285,50800
2023-04-20,23.84000015258789,24.165000915527344,23.84000015258789,23.889999389648438,23.738821029663086,33200
2023-04-21,23.8799991607666,24.09000015258789,23.719999313354492,24.049999237060547,23.897808074951172,19800
2023-04-24,23.90999984741211,24.0,23.739999771118164,23.920000076293945,23.768632888793945,20500
2023-04-25,23.729999542236328,23.729999542236328,23.27400016784668,23.280000686645508,23.13268280029297,91600
2023-04-26,23.43000030517578,23.459999084472656,23.049999237060547,23.104999542236328,22.95878791809082,54200
2023-04-27,22.93000030517578,22.948999404907227,22.610000610351562,22.905000686645508,22.760055541992188,21800
2023-04-28,22.850000381469727,23.209999084472656,22.716999053955078,23.184999465942383,23.038280487060547,37300
2023-05-01,23.170000076293945,23.350000381469727,23.15999984741211,23.215999603271484,23.0690860748291,26900
2023-05-02,23.079999923706055,23.079999923706055,22.5,22.709999084472656,22.566287994384766,19200
2023-05-03,22.739999771118164,23.08799934387207,22.68000030517578,22.79199981689453,22.647769927978516,39200
2023-05-04,22.799999237060547,22.8799991607666,22.450000762939453,22.517000198364258,22.374509811401367,49700
2023-05-05,22.780000686645508,23.209999084472656,22.780000686645508,23.110000610351562,22.96375846862793,49800
2023-05-08,23.149999618530273,23.18000030517578,23.030000686645508,23.179000854492188,23.03232192993164,41600
2023-05-09,23.079999923706055,23.219999313354492,23.062000274658203,23.190000534057617,23.043251037597656,9500
2023-05-10,23.360000610351562,23.40999984741211,23.149999618530273,23.34000015258789,23.192302703857422,28600
2023-05-11,23.40999984741211,23.40999984741211,23.165000915527344,23.309999465942383,23.162490844726562,47100
2023-05-12,23.3799991607666,23.466999053955078,23.09000015258789,23.18000030517578,23.033315658569336,32700
2023-05-15,23.094999313354492,23.354999542236328,23.049999237060547,23.31999969482422,23.172428131103516,22000
2023-05-16,23.15999984741211,23.15999984741211,22.979999542236328,23.065000534057617,22.919042587280273,13900
2023-05-17,23.06999969482422,23.165000915527344,22.809999465942383,23.089000701904297,22.942890167236328,40900
2023-05-18,23.06999969482422,23.43000030517578,23.06999969482422,23.389999389648438,23.24198341369629,32400
2023-05-19,23.489999771118164,23.489999771118164,23.18000030517578,23.274999618530273,23.12771224975586,27100
2023-05-22,23.290000915527344,23.600000381469727,23.290000915527344,23.475000381469727,23.326446533203125,44400
2023-05-23,23.40999984741211,23.488000869750977,22.875,22.95199966430664,22.8067569732666,88300
2023-05-24,22.760000228881836,22.889999389648438,22.56999969482422,22.860000610351562,22.71533966064453,35700
2023-05-25,23.079999923706055,23.170000076293945,22.790000915527344,22.899999618530273,22.755084991455078,83700
2023-05-26,22.950000762939453,23.208999633789062,22.950000762939453,23.111000061035156,22.964750289916992,28400
2023-05-30,23.389999389648438,23.503999710083008,23.18000030517578,23.229999542236328,23.082996368408203,25400
2023-05-31,23.06999969482422,23.200000762939453,22.8799991607666,23.170000076293945,23.02337646484375,34000
2023-06-01,23.059999465942383,23.600000381469727,23.010000228881836,23.5,23.351289749145508,124400
2023-06-02,23.829999923706055,24.049999237060547,23.75,23.940000534057617,23.78850555419922,120300
2023-06-05,23.850000381469727,24.190000534057617,23.77199935913086,24.143999099731445,23.991214752197266,38400
2023-06-06,24.079999923706055,24.610000610351562,24.079999923706055,24.5,24.344961166381836,240300
2023-06-07,24.579999923706055,24.780000686645508,24.0,24.020000457763672,23.868000030517578,169200
2023-06-08,23.899999618530273,24.309999465942383,23.81999969482422,24.219999313354492,24.06673240661621,72800
2023-06-09,24.3799991607666,24.6200008392334,24.170000076293945,24.200000762939453,24.046859741210938,51400
2023-06-12,24.34000015258789,24.60700035095215,24.309999465942383,24.549999237060547,24.394643783569336,53800
2023-06-13,24.770000457763672,24.93000030517578,24.59000015258789,24.899999618530273,24.742429733276367,205200
2023-06-14,24.959999084472656,24.959999084472656,24.464000701904297,24.729999542236328,24.573505401611328,67600
2023-06-15,24.5,24.858999252319336,24.420000076293945,24.80900001525879,24.652006149291992,45300
2023-06-16,24.809999465942383,24.84000015258789,24.559999465942383,24.700000762939453,24.5436954498291,33500
2023-06-20,24.670000076293945,24.829999923706055,24.440000534057617,24.73900032043457,24.58245086669922,66000
2023-06-21,24.649999618530273,24.729999542236328,24.299999237060547,24.584999084472656,24.42942237854004,46000
2023-06-22,24.420000076293945,24.788999557495117,24.420000076293945,24.68899917602539,24.532764434814453,63600
2023-06-23,24.420000076293945,24.549999237060547,24.290000915527344,24.29199981689453,24.138277053833008,48700
2023-06-26,24.209999084472656,24.5,23.860000610351562,23.92799949645996,23.776580810546875,75800
2023-06-27,24.049999237060547,24.6200008392334,24.049999237060547,24.559999465942383,24.40458106994629,133800
2023-06-28,24.559999465942383,25.18899917602539,24.559999465942383,25.030000686645508,24.871606826782227,205800
2023-06-29,25.09000015258789,25.34000015258789,25.030000686645508,25.139999389648438,24.980911254882812,190400
2023-06-30,25.3799991607666,25.690000534057617,25.3799991607666,25.579999923706055,25.41812515258789,133600
2023-07-03,25.579999923706055,25.600000381469727,25.420000076293945,25.5,25.338632583618164,55000
2023-07-05,25.360000610351562,25.43000030517578,25.190000534057617,25.290000915527344,25.129962921142578,137500
2023-07-06,25.110000610351562,25.110000610351562,24.570999145507812,24.780000686645508,24.623191833496094,159000
2023-07-07,24.829999923706055,25.145000457763672,24.829999923706055,24.889999389648438,24.732492446899414,102600
2023-07-10,24.93000030517578,25.579999923706055,24.920000076293945,25.579999923706055,25.41812515258789,57100
2023-07-11,25.68000030517578,25.739999771118164,25.389999389648438,25.56999969482422,25.40818977355957,133100
2023-07-12,25.969999313354492,25.969999313354492,25.513999938964844,25.68000030517578,25.517494201660156,204600
2023-07-13,25.950000762939453,26.18000030517578,25.860000610351562,26.079999923706055,25.914962768554688,107600
2023-07-14,26.149999618530273,26.209999084472656,25.6299991607666,25.739999771118164,25.57711410522461,203000
2023-07-17,25.739999771118164,26.559999465942383,25.739999771118164,26.5,26.332304000854492,164400
2023-07-18,26.56999969482422,26.84000015258789,26.479999542236328,26.829999923706055,26.660215377807617,346600
2023-07-19,26.969999313354492,26.969999313354492,26.239999771118164,26.469999313354492,26.302494049072266,167300
2023-07-20,26.209999084472656,26.270000457763672,25.69099998474121,25.739999771118164,25.57711410522461,199700
2023-07-21,25.959999084472656,26.020000457763672,25.628000259399414,25.649999618530273,25.48768424987793,120800
2023-07-24,25.690000534057617,25.799999237060547,25.219999313354492,25.3700008392334,25.209457397460938,293500
2023-07-25,25.440000534057617,25.75,25.440000534057617,25.530000686645508,25.368444442749023,91400
2023-07-26,25.389999389648438,25.621999740600586,25.239999771118164,25.450000762939453,25.288949966430664,57600
2023-07-27,25.979999542236328,26.016000747680664,25.190000534057617,25.299999237060547,25.1398983001709,147200
2023-07-28,25.600000381469727,25.92799949645996,25.59000015258789,25.889999389648438,25.726163864135742,76600
2023-07-31,26.020000457763672,26.549999237060547,26.020000457763672,26.549999237060547,26.381988525390625,75700
2023-08-01,26.149999618530273,26.149999618530273,25.8700008392334,26.040000915527344,25.87521743774414,145600
2023-08-02,25.719999313354492,25.719999313354492,25.090999603271484,25.280000686645508,25.120025634765625,149800
2023-08-03,25.079999923706055,25.34000015258789,25.079999923706055,25.1200008392334,24.96103858947754,73900
2023-08-04,25.25,25.415000915527344,24.722000122070312,24.770000457763672,24.613252639770508,80800
2023-08-07,24.889999389648438,24.934999465942383,24.59000015258789,24.860000610351562,24.70268440246582,126600
2023-08-08,24.350000381469727,24.450000762939453,24.149999618530273,24.40999984741211,24.255531311035156,153700
2023-08-09,24.3700008392334,24.43000030517578,23.889999389648438,23.959999084472656,23.808378219604492,104200
2023-08-10,24.239999771118164,24.239999771118164,23.6299991607666,23.790000915527344,23.639455795288086,228500
2023-08-11,23.549999237060547,23.743999481201172,23.520000457763672,23.549999237060547,23.400972366333008,194800
2023-08-14,23.43000030517578,23.600000381469727,23.34000015258789,23.600000381469727,23.45065689086914,89000
2023-08-15,23.420000076293945,23.485000610351562,23.25,23.40999984741211,23.261857986450195,70900
2023-08-16,23.389999389648438,23.489999771118164,23.110000610351562,23.110000610351562,22.96375846862793,76300
2023-08-17,23.25,23.25,22.559999465942383,22.56999969482422,22.427173614501953,128100
2023-08-18,22.25,22.760000228881836,22.1299991607666,22.68000030517578,22.53647804260254,94200
2023-08-21,22.83799934387207,22.8799991607666,22.579999923706055,22.81999969482422,22.67559242248535,69400
2023-08-22,22.93000030517578,22.93000030517578,22.729999542236328,22.809999465942383,22.6656551361084,48000
2023-08-23,22.780000686645508,23.190000534057617,22.74799919128418,23.110000610351562,22.96375846862793,110300
2023-08-24,23.18000030517578,23.18000030517578,22.739999771118164,22.739999771118164,22.596097946166992,104600
2023-08-25,22.84000015258789,23.010000228881836,22.59000015258789,22.920000076293945,22.774959564208984,60300
2023-08-28,23.040000915527344,23.190000534057617,23.02400016784668,23.06999969482422,22.924009323120117,29900
2023-08-29,23.06999969482422,23.639999389648438,23.06999969482422,23.600000381469727,23.45065689086914,43800
2023-08-30,23.559999465942383,23.809999465942383,23.540000915527344,23.75,23.599706649780273,57300
2023-08-31,23.81999969482422,23.920000076293945,23.75,23.8799991607666,23.728883743286133,41000
2023-09-01,24.06999969482422,24.200000762939453,23.969999313354492,24.110000610351562,23.957429885864258,53900
2023-09-05,24.0,24.06999969482422,23.860000610351562,23.979999542236328,23.8282527923584,73000
2023-09-06,24.049999237060547,24.170000076293945,23.780000686645508,23.989999771118164,23.83818817138672,33400
2023-09-07,23.65999984741211,23.950000762939453,23.549999237060547,23.889999389648438,23.738821029663086,41800
2023-09-08,23.8799991607666,24.0,23.729999542236328,23.770000457763672,23.61958122253418,20400
2023-09-11,24.040000915527344,24.040000915527344,23.81999969482422,23.941999435424805,23.790491104125977,43800
2023-09-12,23.770000457763672,23.979999542236328,23.68000030517578,23.690000534057617,23.540088653564453,35900
2023-09-13,23.579999923706055,23.729999542236328,23.402999877929688,23.450000762939453,23.301605224609375,46000
2023-09-14,23.68000030517578,23.709999084472656,23.3700008392334,23.489999771118164,23.341352462768555,37400
2023-09-15,23.3700008392334,23.3700008392334,23.06999969482422,23.184999465942383,23.038280487060547,33100
2023-09-18,23.020000457763672,23.229999542236328,23.020000457763672,23.1200008392334,22.973695755004883,83000
2023-09-19,23.049999237060547,23.059999465942383,22.739999771118164,22.8700008392334,22.725276947021484,61000
2023-09-20,22.969999313354492,23.079999923706055,22.565000534057617,22.56999969482422,22.427173614501953,49000
2023-09-21,22.209999084472656,22.290000915527344,21.959999084472656,21.969999313354492,21.830970764160156,122900
2023-09-22,22.1299991607666,22.264999389648438,22.0049991607666,22.030000686645508,21.890592575073242,83400
2023-09-25,21.889999389648438,22.163999557495117,21.860000610351562,22.149999618530273,22.00983238220215,43000
2023-09-26,22.010000228881836,22.09000015258789,21.864999771118164,21.8700008392334,21.731605529785156,42400
2023-09-27,22.020000457763672,22.33099937438965,22.00200080871582,22.2549991607666,22.114166259765625,173100
2023-09-28,22.280000686645508,22.58099937438965,22.219999313354492,22.43000030517578,22.28805923461914,88400
2023-09-29,22.639999389648438,22.729999542236328,22.3700008392334,22.378000259399414,22.23638916015625,84500
2023-10-02,22.34000015258789,22.389999389648438,22.114999771118164,22.239999771118164,22.09926414489746,72500
2023-10-03,22.06999969482422,22.1200008392334,21.631000518798828,21.729999542236328,21.59248924255371,61100
2023-10-04,21.739999771118164,21.8799991607666,21.579999923706055,21.827999114990234,21.689868927001953,37000
2023-10-05,21.8700008392334,22.020000457763672,21.760000228881836,21.979999542236328,21.840906143188477,56700
2023-10-06,21.860000610351562,22.56999969482422,21.860000610351562,22.489999771118164,22.347679138183594,79800
2023-10-09,22.309999465942383,22.790000915527344,22.309999465942383,22.719999313354492,22.576223373413086,68400
2023-10-10,22.81999969482422,23.165000915527344,22.81999969482422,22.950000762939453,22.804771423339844,77800
2023-10-11,23.059999465942383,23.190000534057617,22.802000045776367,23.059999465942383,22.914073944091797,78600
2023-10-12,23.100000381469727,23.100000381469727,22.489999771118164,22.670000076293945,22.52654266357422,146600
2023-10-13,22.700000762939453,22.725000381469727,22.309999465942383,22.3700008392334,22.22844123840332,136600
2023-10-16,22.40999984741211,22.760000228881836,22.340999603271484,22.709999084472656,22.566287994384766,88400
2023-10-17,22.489999771118164,23.049999237060547,22.489999771118164,22.8799991607666,22.735210418701172,135700
2023-10-18,22.690000534057617,22.81999969482422,22.399999618530273,22.43000030517578,22.28805923461914,118200
2023-10-19,22.489999771118164,22.510000228881836,21.8700008392334,21.90999984741211,21.771350860595703,217300
2023-10-20,21.850000381469727,21.854000091552734,21.34000015258789,21.469999313354492,21.334135055541992,91700
2023-10-23,21.329999923706055,21.610000610351562,21.149999618530273,21.420000076293945,21.284452438354492,75000
2023-10-24,21.600000381469727,21.989999771118164,21.600000381469727,21.81999969482422,21.68191909790039,104100
2023-10-25,21.719999313354492,21.719999313354492,21.290000915527344,21.32900047302246,21.194026947021484,66600
2023-10-26,21.34000015258789,21.389999389648438,20.850000381469727,20.917999267578125,20.78757667541504,376500
2023-10-27,21.040000915527344,21.040000915527344,20.549999237060547,20.600000381469727,20.471561431884766,137200
2023-10-30,20.780000686645508,20.8700008392334,20.6299991607666,20.740999221801758,20.61168098449707,173700
2023-10-31,20.760000228881836,20.84000015258789,20.6200008392334,20.809999465942383,20.68025016784668,137400
2023-11-01,20.840999603271484,21.15999984741211,20.840999603271484,21.149999618530273,21.018131256103516,101400
2023-11-02,21.309999465942383,21.309999465942383,21.0,21.1200008392334,20.988319396972656,164900
2023-11-03,21.290000915527344,21.635000228881836,21.290000915527344,21.500999450683594,21.366941452026367,182400
2023-11-06,21.600000381469727,21.600000381469727,21.360000610351562,21.479999542236328,21.346073150634766,75300
2023-11-07,21.469999313354492,21.579999923706055,21.40999984741211,21.510000228881836,21.375886917114258,138700
2023-11-08,21.600000381469727,21.600000381469727,21.399999618530273,21.479999542236328,21.346073150634766,50400
2023-11-09,21.540000915527344,21.639999389648438,21.3799991607666,21.420000076293945,21.286447525024414,189000
2023-11-10,21.5,21.760000228881836,21.450000762939453,21.739999771118164,21.60445213317871,171700
2023-11-13,21.649999618530273,21.950000762939453,21.6200008392334,21.885000228881836,21.74854850769043,171500
2023-11-14,22.270000457763672,22.459999084472656,22.15999984741211,22.424999237060547,22.285181045532227,179200
2023-11-15,22.540000915527344,22.649999618530273,22.290000915527344,22.34000015258789,22.200712203979492,152200
2023-11-16,22.239999771118164,22.399999618530273,22.100000381469727,22.229999542236328,22.09139633178711,147700
2023-11-17,22.299999237060547,22.549999237060547,22.299999237060547,22.5,22.35971450805664,86900
2023-11-20,22.520000457763672,22.809999465942383,22.520000457763672,22.780000686645508,22.637968063354492,166800
2023-11-21,22.670000076293945,22.760000228881836,22.45199966430664,22.579999923706055,22.4392147064209,126600
2023-11-22,22.639999389648438,22.729999542236328,22.5,22.584999084472656,22.444183349609375,136400
2023-11-24,22.559999465942383,22.780000686645508,22.559999465942383,22.729000091552734,22.5872859954834,58900
2023-11-27,22.670000076293945,22.860000610351562,22.639999389648438,22.740999221801758,22.599210739135742,117100
2023-11-28,22.729999542236328,22.864999771118164,22.65999984741211,22.700000762939453,22.558467864990234,146200
2023-11-29,22.90999984741211,23.170000076293945,22.90999984741211,22.993999481201172,22.85063362121582,141300
2023-11-30,23.450000762939453,23.540000915527344,23.209999084472656,23.38800048828125,23.242177963256836,270700
2023-12-01,23.420000076293945,23.850000381469727,23.3700008392334,23.84000015258789,23.69135856628418,207200
2023-12-04,23.600000381469727,23.709999084472656,23.389999389648438,23.649999618530273,23.50254249572754,174300
2023-12-05,23.459999084472656,23.6299991607666,23.4060001373291,23.59000015258789,23.44291877746582,75100
2023-12-06,23.700000762939453,23.850000381469727,23.389999389648438,23.40999984741211,23.264039993286133,109300
2023-12-07,23.459999084472656,23.459999084472656,23.270000457763672,23.450000762939453,23.303791046142578,103400
2023-12-08,23.34000015258789,23.600000381469727,23.25,23.549999237060547,23.403165817260742,114100
2023-12-11,23.549999237060547,23.75,23.5,23.700000762939453,23.55223274230957,96700
2023-12-12,23.690000534057617,24.020000457763672,23.579999923706055,23.940000534057617,23.790735244750977,55600
2023-12-13,24.010000228881836,24.459999084472656,23.900999069213867,24.440000534057617,24.28761863708496,115800
2023-12-14,24.639999389648438,24.81999969482422,24.190000534057617,24.40999984741211,24.25780487060547,111700
2023-12-15,24.450000762939453,24.6200008392334,24.280000686645508,24.420000076293945,24.267742156982422,144700
2023-12-18,24.469999313354492,24.719999313354492,24.43000030517578,24.639999389648438,24.486370086669922,133200
2023-12-19,24.739999771118164,24.950000762939453,24.719999313354492,24.889999389648438,24.734811782836914,142600
2023-12-20,24.75,24.91900062561035,24.280000686645508,24.280000686645508,24.128616333007812,263300
2023-12-21,24.610000610351562,24.749000549316406,24.489999771118164,24.739999771118164,24.58574676513672,172200
2023-12-22,24.729999542236328,24.829999923706055,24.59000015258789,24.709999084472656,24.555932998657227,151700
2023-12-26,24.75,24.895000457763672,24.75,24.850000381469727,24.6950626373291,64500
2023-12-27,24.8799991607666,24.90999984741211,24.729999542236328,24.860000610351562,24.704999923706055,41000
2023-12-28,24.700000762939453,24.700000762939453,24.59000015258789,24.610000610351562,24.610000610351562,92600
2023-12-29,24.579999923706055,24.65999984741211,24.299999237060547,24.3700008392334,24.3700008392334,152300
2024-01-02,24.100000381469727,24.114999771118164,23.540000915527344,23.68000030517578,23.68000030517578,345800
2024-01-03,23.350000381469727,23.429000854492188,23.0,23.0,23.0,179900
2024-01-04,23.030000686645508,23.420000076293945,23.010000228881836,23.200000762939453,23.200000762939453,131900
2024-01-05,23.110000610351562,23.524999618530273,23.110000610351562,23.329999923706055,23.329999923706055,128800
2024-01-08,23.40999984741211,24.049999237060547,23.40999984741211,24.010000228881836,24.010000228881836,44900
2024-01-09,23.829999923706055,24.270000457763672,23.829999923706055,24.190000534057617,24.190000534057617,133600
2024-01-10,24.299999237060547,24.389999389648438,24.209999084472656,24.260000228881836,24.260000228881836,97700
2024-01-11,24.399999618530273,24.469999313354492,23.84000015258789,24.290000915527344,24.290000915527344,88000
2024-01-12,24.399999618530273,24.530000686645508,24.149999618530273,24.239999771118164,24.239999771118164,48900
2024-01-16,24.15999984741211,24.388999938964844,24.040000915527344,24.360000610351562,24.360000610351562,64500
2024-01-17,24.040000915527344,24.209999084472656,23.700000762939453,24.209999084472656,24.209999084472656,73900
2024-01-18,24.520000457763672,24.56999969482422,24.100000381469727,24.360000610351562,24.360000610351562,50600
2024-01-19,24.479999542236328,24.610000610351562,24.229999542236328,24.610000610351562,24.610000610351562,48900
2024-01-22,24.979999542236328,25.110000610351562,24.774999618530273,24.940000534057617,24.940000534057617,150100
2024-01-23,25.030000686645508,25.06999969482422,24.790000915527344,24.959999084472656,24.959999084472656,57400
2024-01-24,25.290000915527344,25.34000015258789,24.829999923706055,24.850000381469727,24.850000381469727,80500
2024-01-25,25.100000381469727,25.170000076293945,24.829999923706055,25.0,25.0,66800
2024-01-26,24.969999313354492,25.219999313354492,24.899999618530273,25.020000457763672,25.020000457763672,39100
2024-01-29,25.079999923706055,25.549999237060547,25.079999923706055,25.549999237060547,25.549999237060547,80400
2024-01-30,25.5,25.549999237060547,25.309999465942383,25.440000534057617,25.440000534057617,44800
2024-01-31,25.170000076293945,25.3799991607666,24.84000015258789,24.8799991607666,24.8799991607666,94100
2024-02-01,25.110000610351562,25.525999069213867,24.979999542236328,25.479999542236328,25.479999542236328,108500
2024-02-02,25.459999084472656,26.09000015258789,25.459999084472656,25.989999771118164,25.989999771118164,108600
2024-02-05,25.989999771118164,26.170000076293945,25.559999465942383,26.100000381469727,26.100000381469727,102500
2024-02-06,26.239999771118164,26.239999771118164,25.6299991607666,26.030000686645508,26.030000686645508,86500
2024-02-07,26.200000762939453,26.415000915527344,26.03499984741211,26.309999465942383,26.309999465942383,123600
2024-02-08,26.329999923706055,26.78499984741211,26.329999923706055,26.719999313354492,26.719999313354492,94100
2024-02-09,27.030000686645508,27.200000762939453,26.950000762939453,27.1200008392334,27.1200008392334,141700
2024-02-12,27.049999237060547,27.257999420166016,26.780000686645508,26.940000534057617,26.940000534057617,118500
2024-02-13,26.190000534057617,26.719999313354492,25.760000228881836,26.399999618530273,26.399999618530273,120200
2024-02-14,26.93000030517578,27.19499969482422,26.809999465942383,27.170000076293945,27.170000076293945,113600
2024-02-15,27.450000762939453,27.450000762939453,27.049999237060547,27.399999618530273,27.399999618530273,64500
2024-02-16,27.190000534057617,27.3799991607666,26.889999389648438,26.989999771118164,26.989999771118164,106300
2024-02-20,26.850000381469727,26.850000381469727,25.81999969482422,26.170000076293945,26.170000076293945,353900
2024-02-21,25.6200008392334,25.690000534057617,25.363000869750977,25.579999923706055,25.579999923706055,136900
2024-02-22,26.299999237060547,26.850000381469727,26.260000228881836,26.719999313354492,26.719999313354492,209000
2024-02-23,26.81999969482422,27.06999969482422,26.559999465942383,26.809999465942383,26.809999465942383,113600
2024-02-26,26.969999313354492,27.530000686645508,26.8700008392334,27.420000076293945,27.420000076293945,107700
2024-02-27,27.719999313354492,27.780000686645508,27.40999984741211,27.56999969482422,27.56999969482422,96300
2024-02-28,27.420000076293945,27.459999084472656,27.1200008392334,27.1299991607666,27.1299991607666,88200
2024-02-29,27.299999237060547,27.530000686645508,27.030000686645508,27.469999313354492,27.469999313354492,66400
2024-03-01,27.548999786376953,27.959999084472656,27.510000228881836,27.950000762939453,27.950000762939453,88800
2024-03-04,28.149999618530273,28.260000228881836,27.660999298095703,27.729000091552734,27.729000091552734,112400
2024-03-05,27.350000381469727,27.350000381469727,26.389999389648438,26.670000076293945,26.670000076293945,153200
2024-03-06,27.530000686645508,27.530000686645508,26.899999618530273,27.18000030517578,27.18000030517578,139100
2024-03-07,27.420000076293945,27.469999313354492,27.09000015258789,27.399999618530273,27.399999618530273,86900
2024-03-08,27.520000457763672,28.040000915527344,26.969999313354492,27.229999542236328,27.229999542236328,167300
2024-03-11,27.059999465942383,27.06999969482422,26.450000762939453,26.469999313354492,26.469999313354492,80900
2024-03-12,26.700000762939453,27.29800033569336,26.485000610351562,27.27899932861328,27.27899932861328,49800
2024-03-13,27.270000457763672,27.479999542236328,27.219999313354492,27.3799991607666,27.3799991607666,42800
2024-03-14,27.450000762939453,27.469999313354492,26.75,26.959999084472656,26.959999084472656,104800
2024-03-15,26.950000762939453,27.209999084472656,26.739999771118164,27.049999237060547,27.049999237060547,59000
2024-03-18,27.200000762939453,27.31999969482422,26.979999542236328,27.15999984741211,27.15999984741211,44000
2024-03-19,26.850000381469727,26.96500015258789,26.3700008392334,26.940000534057617,26.940000534057617,35900
2024-03-20,27.065000534057617,27.72100067138672,26.93000030517578,27.68000030517578,27.68000030517578,89700
2024-03-21,27.979999542236328,28.290000915527344,27.860000610351562,28.110000610351562,28.110000610351562,90500
2024-03-22,28.1200008392334,28.1200008392334,27.760000228881836,27.90999984741211,27.90999984741211,28300
2024-03-25,27.860000610351562,28.309999465942383,27.860000610351562,28.059999465942383,28.059999465942383,46000
2024-03-26,28.25,28.350000381469727,28.059999465942383,28.059999465942383,28.059999465942383,58800
2024-03-27,28.229999542236328,28.260000228881836,27.610000610351562,27.768999099731445,27.768999099731445,45500
2024-03-28,27.799999237060547,27.93000030517578,27.6299991607666,27.639999389648438,27.639999389648438,73400
2024-04-01,27.6200008392334,27.68000030517578,27.389999389648438,27.500999450683594,27.500999450683594,61200
2024-04-02,27.049999237060547,27.059999465942383,26.761999130249023,27.040000915527344,27.040000915527344,101200
2024-04-03,26.950000762939453,27.309999465942383,26.860000610351562,27.18000030517578,27.18000030517578,50800
2024-04-04,27.489999771118164,27.6200008392334,26.690000534057617,26.690000534057617,26.690000534057617,59900
2024-04-05,26.780000686645508,27.360000610351562,26.780000686645508,27.280000686645508,27.280000686645508,47900
2024-04-08,27.489999771118164,27.489999771118164,27.0,27.11199951171875,27.11199951171875,37900
2024-04-09,27.15999984741211,27.190000534057617,26.420000076293945,26.809999465942383,26.809999465942383,69900
2024-04-10,26.309999465942383,26.850000381469727,26.309999465942383,26.690000534057617,26.690000534057617,54800
2024-04-11,26.799999237060547,27.079999923706055,26.69099998474121,27.059999465942383,27.059999465942383,25600
2024-04-12,26.809999465942383,26.83300018310547,26.229999542236328,26.350000381469727,26.350000381469727,44600
2024-04-15,26.559999465942383,26.65999984741211,25.799999237060547,25.809999465942383,25.809999465942383,83900
2024-04-16,25.719999313354492,26.072999954223633,25.639999389648438,25.8700008392334,25.8700008392334,56700
2024-04-17,26.040000915527344,26.100000381469727,25.450000762939453,25.530000686645508,25.530000686645508,57800
2024-04-18,25.649999618530273,25.854999542236328,25.360000610351562,25.375,25.375,47400
2024-04-19,25.290000915527344,25.399999618530273,24.64900016784668,24.84000015258789,24.84000015258789,114000
2024-04-22,24.950000762939453,25.3700008392334,24.84000015258789,25.201000213623047,25.201000213623047,40900
2024-04-23,25.350000381469727,25.93000030517578,25.34000015258789,25.902999877929688,25.902999877929688,58600
2024-04-24,26.149999618530273,26.299999237060547,25.760000228881836,25.93000030517578,25.93000030517578,33300
2024-04-25,25.6299991607666,26.200000762939453,25.549999237060547,26.100000381469727,26.100000381469727,49900
2024-04-26,26.280000686645508,26.3700008392334,26.148000717163086,26.299999237060547,26.299999237060547,31500
2024-04-29,26.309999465942383,26.43000030517578,26.09000015258789,26.34000015258789,26.34000015258789,52200
2024-04-30,26.170000076293945,26.190000534057617,25.670000076293945,25.670000076293945,25.670000076293945,37200
2024-05-01,25.770000457763672,26.40999984741211,25.56999969482422,25.829999923706055,25.829999923706055,71500
2024-05-02,26.1299991607666,26.344999313354492,25.739999771118164,26.264999389648438,26.264999389648438,37300
2024-05-03,26.579999923706055,26.760000228881836,26.549999237060547,26.639999389648438,26.639999389648438,53400
2024-05-06,26.860000610351562,27.09000015258789,26.80500030517578,27.09000015258789,27.09000015258789,73700
2024-05-07,27.059999465942383,27.100000381469727,26.820999145507812,26.989999771118164,26.989999771118164,45000
2024-05-08,26.860000610351562,27.020000457763672,26.860000610351562,27.020000457763672,27.020000457763672,30400
2024-05-09,27.049999237060547,27.3700008392334,27.0,27.360000610351562,27.360000610351562,25100
2024-05-10,27.520000457763672,27.600000381469727,27.329999923706055,27.341999053955078,27.341999053955078,38500
2024-05-13,27.479999542236328,27.5,27.200000762939453,27.22100067138672,27.22100067138672,25300
2024-05-14,27.260000228881836,27.520000457763672,27.149999618530273,27.510000228881836,27.510000228881836,20400
2024-05-15,27.81999969482422,28.1299991607666,27.70800018310547,28.1299991607666,28.1299991607666,41100
2024-05-16,28.139999389648438,28.18000030517578,27.959999084472656,27.993000030517578,27.993000030517578,34700
2024-05-17,28.020000457763672,28.100000381469727,27.8700008392334,27.940000534057617,27.940000534057617,20200
2024-05-20,27.969999313354492,28.18000030517578,27.969999313354492,28.104000091552734,28.104000091552734,22700
2024-05-21,27.950000762939453,28.21500015258789,27.94499969482422,28.21500015258789,28.21500015258789,12500
2024-05-22,28.06999969482422,28.239999771118164,27.690000534057617,27.8700008392334,27.8700008392334,23000
2024-05-23,28.09000015258789,28.28499984741211,27.75,27.829999923706055,27.829999923706055,137400
2024-05-24,28.0,28.485000610351562,27.992000579833984,28.440000534057617,28.440000534057617,93100
2024-05-28,28.739999771118164,28.739999771118164,28.201000213623047,28.43000030517578,28.43000030517578,90600
2024-05-29,28.06999969482422,28.260000228881836,28.06999969482422,28.18000030517578,28.18000030517578,36600
2024-05-30,28.200000762939453,28.209999084472656,27.809999465942383,27.910999298095703,27.910999298095703,35000
2024-05-31,28.059999465942383,28.11199951171875,27.100000381469727,27.579999923706055,27.579999923706055,101900
2024-06-03,27.8700008392334,27.8700008392334,27.15999984741211,27.540000915527344,27.540000915527344,46700
2024-06-04,27.3799991607666,27.399999618530273,27.014999389648438,27.229999542236328,27.229999542236328,73700
2024-06-05,27.59000015258789,28.225000381469727,27.579999923706055,28.219999313354492,28.219999313354492,70300
2024-06-06,28.219999313354492,28.219999313354492,27.774999618530273,27.850000381469727,27.850000381469727,36800
2024-06-07,27.729999542236328,27.84000015258789,27.559999465942383,27.600000381469727,27.600000381469727,40200
2024-06-10,27.520000457763672,28.200000762939453,27.5,28.200000762939453,28.200000762939453,31400
2024-06-11,28.020000457763672,28.09000015258789,27.829999923706055,27.90999984741211,27.90999984741211,39800
2024-06-12,28.420000076293945,28.65999984741211,28.350000381469727,28.469999313354492,28.469999313354492,124100
2024-06-13,28.559999465942383,28.6200008392334,28.18000030517578,28.579999923706055,28.579999923706055,106700
2024-06-14,28.3799991607666,28.450000762939453,28.139999389648438,28.219999313354492,28.219999313354492,50500
2024-06-17,28.219999313354492,28.649999618530273,28.15999984741211,28.56999969482422,28.56999969482422,82900
2024-06-18,28.489999771118164,29.06999969482422,28.489999771118164,28.969999313354492,28.969999313354492,179400
2024-06-20,29.149999618530273,29.149999618530273,28.09000015258789,28.25,28.25,122000
2024-06-21,28.059999465942383,28.059999465942383,27.440000534057617,27.8799991607666,27.8799991607666,83600
2024-06-24,27.81999969482422,27.969999313354492,27.610000610351562,27.610000610351562,27.610000610351562,258000
2024-06-25,27.75,28.09000015258789,27.690000534057617,28.059999465942383,28.059999465942383,124000
2024-06-26,28.030000686645508,28.079999923706055,27.760000228881836,27.899999618530273,27.899999618530273,50300
2024-06-27,27.937999725341797,28.02199935913086,27.729999542236328,27.989999771118164,27.989999771118164,113300
2024-06-28,28.110000610351562,28.15999984741211,27.65999984741211,27.770000457763672,27.770000457763672,92400
2024-07-01,27.8700008392334,27.93000030517578,27.469999313354492,27.81999969482422,27.81999969482422,81700
2024-07-02,27.6299991607666,27.860000610351562,27.610000610351562,27.836000442504883,27.836000442504883,47800
2024-07-03,27.8700008392334,28.040000915527344,27.84000015258789,27.989999771118164,27.989999771118164,19000
2024-07-05,28.010000228881836,28.15999984741211,27.899999618530273,28.149999618530273,28.149999618530273,59900
2024-07-08,28.25,28.461999893188477,28.200000762939453,28.309999465942383,28.309999465942383,39100
2024-07-09,28.3700008392334,28.485000610351562,28.170000076293945,28.170000076293945,28.170000076293945,46200
2024-07-10,28.31999969482422,28.31999969482422,27.989999771118164,28.1299991607666,28.1299991607666,64400
2024-07-11,28.34000015258789,28.34000015258789,27.899999618530273,27.959999084472656,27.959999084472656,199200
2024-07-12,28.040000915527344,28.459999084472656,28.010000228881836,28.31999969482422,28.31999969482422,130900
2024-07-15,28.520000457763672,28.770000457763672,28.440000534057617,28.579999923706055,28.579999923706055,387100
2024-07-16,28.780000686645508,28.8700008392334,28.600000381469727,28.729999542236328,28.729999542236328,146400
2024-07-17,28.219999313354492,28.420000076293945,27.59000015258789,27.6200008392334,27.6200008392334,274500
2024-07-18,27.81999969482422,27.829999923706055,26.809999465942383,27.020000457763672,27.020000457763672,228000
2024-07-19,26.93000030517578,27.229999542236328,26.93000030517578,26.979999542236328,26.979999542236328,216800
2024-07-22,27.200000762939453,27.40999984741211,26.920000076293945,27.3700008392334,27.3700008392334,104500
2024-07-23,27.25,27.84000015258789,27.215999603271484,27.75,27.75,172300
2024-07-24,27.440000534057617,27.600000381469727,26.59000015258789,26.639999389648438,26.639999389648438,166800
2024-07-25,26.549999237060547,26.899999618530273,25.920000076293945,26.290000915527344,26.290000915527344,500000
2024-07-26,26.829999923706055,27.020000457763672,26.510000228881836,26.649999618530273,26.649999618530273,211600
2024-07-29,26.84000015258789,26.84000015258789,26.309999465942383,26.458999633789062,26.458999633789062,186100
2024-07-30,26.540000915527344,26.75,26.049999237060547,26.229999542236328,26.229999542236328,204700
2024-07-31,26.360000610351562,26.709999084472656,26.170000076293945,26.260000228881836,26.260000228881836,243100
2024-08-01,26.3799991607666,26.520000457763672,25.389999389648438,25.559999465942383,25.559999465942383,361800
2024-08-02,24.940000534057617,24.940000534057617,24.30500030517578,24.56999969482422,24.56999969482422,442900
2024-08-05,23.149999618530273,24.34000015258789,22.954999923706055,24.06999969482422,24.06999969482422,455200
2024-08-06,24.3799991607666,25.059999465942383,24.170000076293945,24.65999984741211,24.65999984741211,467200
2024-08-07,25.09000015258789,25.09000015258789,24.25,24.270000457763672,24.270000457763672,352300
2024-08-08,24.610000610351562,25.020000457763672,24.329999923706055,25.020000457763672,25.020000457763672,132800
2024-08-09,24.969999313354492,25.190000534057617,24.920000076293945,25.108999252319336,25.108999252319336,85700
2024-08-12,25.1299991607666,25.219999313354492,24.989999771118164,25.15999984741211,25.15999984741211,221400
2024-08-13,25.260000228881836,25.3700008392334,25.18000030517578,25.270000457763672,25.270000457763672,125700
2024-08-14,25.350000381469727,25.3700008392334,25.110000610351562,25.225000381469727,25.225000381469727,134200
2024-08-15,25.43000030517578,25.639999389648438,25.43000030517578,25.559999465942383,25.559999465942383,115300
2024-08-16,25.479999542236328,25.825000762939453,25.479999542236328,25.719999313354492,25.719999313354492,105700
2024-08-19,25.829999923706055,26.110000610351562,25.72599983215332,26.110000610351562,26.110000610351562,57700
2024-08-20,26.110000610351562,26.200000762939453,25.799999237060547,25.940000534057617,25.940000534057617,84400
2024-08-21,26.0,26.18000030517578,25.899999618530273,26.18000030517578,26.18000030517578,61300
2024-08-22,26.25,26.327999114990234,26.0,26.030000686645508,26.030000686645508,73000
2024-08-23,26.270000457763672,26.5,26.149999618530273,26.459999084472656,26.459999084472656,105400
2024-08-26,26.549999237060547,26.549999237060547,26.04400062561035,26.09000015258789,26.09000015258789,123700
2024-08-27,25.90999984741211,26.209999084472656,25.829999923706055,26.149999618530273,26.149999618530273,56800
2024-08-28,26.079999923706055,26.079999923706055,25.649999618530273,25.770000457763672,25.770000457763672,69400
2024-08-29,25.8700008392334,26.1200008392334,25.739999771118164,25.770000457763672,25.770000457763672,62300
2024-08-30,25.959999084472656,26.0,25.579999923706055,25.969999313354492,25.969999313354492,56300
2024-09-03,25.780000686645508,25.969999313354492,24.829999923706055,24.889999389648438,24.889999389648438,23800
2024-09-04,24.700000762939453,25.1299991607666,24.59000015258789,24.899999618530273,24.899999618530273,43000
2024-09-05,24.81999969482422,24.940000534057617,24.6200008392334,24.75,24.75,6000
2024-09-06,24.780000686645508,24.875,24.200000762939453,24.329999923706055,24.329999923706055,14400
2024-09-09,24.729999542236328,25.040000915527344,24.729999542236328,24.850000381469727,24.850000381469727,25600
2024-09-10,24.81999969482422,24.81999969482422,24.479999542236328,24.75,24.75,14100
2024-09-11,24.770000457763672,25.209999084472656,24.59000015258789,25.190000534057617,25.190000534057617,82600
2024-09-12,25.270000457763672,25.670000076293945,25.270000457763672,25.589000701904297,25.589000701904297,27600
2024-09-13,25.690000534057617,26.100000381469727,25.690000534057617,26.020000457763672,26.020000457763672,29700
