Date,Open,High,Low,Close,Adj Close,Volume
2021-12-27,9.720000267028809,9.800000190734863,9.720000267028809,9.800000190734863,9.800000190734863,20200
2021-12-28,9.800000190734863,9.84000015258789,9.800000190734863,9.84000015258789,9.84000015258789,252600
2021-12-29,9.859999656677246,9.880000114440918,9.859999656677246,9.880000114440918,9.880000114440918,1900
2021-12-30,9.949999809265137,9.949999809265137,9.8100004196167,9.890000343322754,9.890000343322754,17300
2021-12-31,9.899999618530273,9.899999618530273,9.890000343322754,9.899999618530273,9.899999618530273,3100
2022-01-03,9.859999656677246,9.930000305175781,9.859999656677246,9.869999885559082,9.869999885559082,26700
2022-01-04,9.890000343322754,9.890000343322754,9.890000343322754,9.890000343322754,9.890000343322754,400
2022-01-05,9.890000343322754,9.899999618530273,9.869999885559082,9.880000114440918,9.880000114440918,21500
2022-01-06,9.880000114440918,9.880000114440918,9.869999885559082,9.880000114440918,9.880000114440918,324000
2022-01-07,9.880000114440918,9.880000114440918,9.880000114440918,9.880000114440918,9.880000114440918,0
2022-01-10,9.880000114440918,9.880000114440918,9.880000114440918,9.880000114440918,9.880000114440918,0
2022-01-11,9.880000114440918,9.880000114440918,9.880000114440918,9.880000114440918,9.880000114440918,321700
2022-01-12,9.880000114440918,9.890000343322754,9.880000114440918,9.880000114440918,9.880000114440918,223700
2022-01-13,9.920000076293945,9.920000076293945,9.890000343322754,9.890000343322754,9.890000343322754,3300
2022-01-14,9.869999885559082,9.869999885559082,9.869999885559082,9.869999885559082,9.869999885559082,300
2022-01-18,9.970000267028809,9.970000267028809,9.869999885559082,9.869999885559082,9.869999885559082,1400
2022-01-19,9.850000381469727,9.850000381469727,9.850000381469727,9.850000381469727,9.850000381469727,1400
2022-01-20,9.880000114440918,9.885000228881836,9.869999885559082,9.869999885559082,9.869999885559082,9400
2022-01-21,9.819999694824219,9.829999923706055,9.819999694824219,9.829999923706055,9.829999923706055,23000
2022-01-24,9.829999923706055,9.829999923706055,9.829999923706055,9.829999923706055,9.829999923706055,0
2022-01-25,9.819999694824219,9.850000381469727,9.819999694824219,9.84000015258789,9.84000015258789,746200
2022-01-26,10.074999809265137,10.074999809265137,9.84000015258789,9.84000015258789,9.84000015258789,500
2022-01-27,9.829999923706055,9.850000381469727,9.829999923706055,9.829999923706055,9.829999923706055,32900
2022-01-28,9.850000381469727,9.850000381469727,9.850000381469727,9.850000381469727,9.850000381469727,100
2022-01-31,9.850000381469727,9.850000381469727,9.850000381469727,9.850000381469727,9.850000381469727,0
2022-02-01,9.930000305175781,9.930000305175781,9.84000015258789,9.869999885559082,9.869999885559082,6700
2022-02-02,9.869999885559082,9.880000114440918,9.869999885559082,9.880000114440918,9.880000114440918,47300
2022-02-03,9.899999618530273,9.899999618530273,9.850000381469727,9.869999885559082,9.869999885559082,36800
2022-02-04,9.869999885559082,9.869999885559082,9.869999885559082,9.869999885559082,9.869999885559082,0
2022-02-07,9.869999885559082,9.869999885559082,9.869999885559082,9.869999885559082,9.869999885559082,0
2022-02-08,9.880000114440918,9.880000114440918,9.880000114440918,9.880000114440918,9.880000114440918,27700
2022-02-09,9.880000114440918,9.880000114440918,9.880000114440918,9.880000114440918,9.880000114440918,400
2022-02-10,9.880000114440918,9.880000114440918,9.880000114440918,9.880000114440918,9.880000114440918,27900
2022-02-11,10.380000114440918,10.399999618530273,9.930000305175781,9.930000305175781,9.930000305175781,56500
2022-02-14,9.850000381469727,9.850000381469727,9.850000381469727,9.850000381469727,9.850000381469727,400000
2022-02-15,9.850000381469727,9.850000381469727,9.850000381469727,9.850000381469727,9.850000381469727,0
2022-02-16,9.869999885559082,9.869999885559082,9.859999656677246,9.859999656677246,9.859999656677246,41300
2022-02-17,9.869999885559082,9.880000114440918,9.869999885559082,9.880000114440918,9.880000114440918,4100
2022-02-18,9.890000343322754,9.895000457763672,9.880000114440918,9.895000457763672,9.895000457763672,9500
2022-02-22,9.869999885559082,9.869999885559082,9.859999656677246,9.859999656677246,9.859999656677246,121900
2022-02-23,9.890000343322754,9.890000343322754,9.890000343322754,9.890000343322754,9.890000343322754,100
2022-02-24,9.890000343322754,9.890000343322754,9.890000343322754,9.890000343322754,9.890000343322754,0
2022-02-25,9.890000343322754,9.890000343322754,9.890000343322754,9.890000343322754,9.890000343322754,0
2022-02-28,9.890000343322754,9.890000343322754,9.890000343322754,9.890000343322754,9.890000343322754,0
2022-03-01,9.859999656677246,9.90999984741211,9.859999656677246,9.90999984741211,9.90999984741211,255000
2022-03-02,9.90999984741211,9.920000076293945,9.90999984741211,9.914999961853027,9.914999961853027,6300
2022-03-03,9.899999618530273,9.899999618530273,9.899999618530273,9.899999618530273,9.899999618530273,13200
2022-03-04,9.899999618530273,9.899999618530273,9.890000343322754,9.899999618530273,9.899999618530273,178500
2022-03-07,9.920000076293945,9.930000305175781,9.899999618530273,9.930000305175781,9.930000305175781,1038200
2022-03-08,9.930000305175781,9.930000305175781,9.930000305175781,9.930000305175781,9.930000305175781,200
2022-03-09,9.930000305175781,9.930000305175781,9.930000305175781,9.930000305175781,9.930000305175781,0
2022-03-10,9.920000076293945,9.920000076293945,9.90999984741211,9.920000076293945,9.920000076293945,433700
2022-03-11,9.920000076293945,9.930000305175781,9.920000076293945,9.920000076293945,9.920000076293945,64600
2022-03-14,9.9399995803833,9.9399995803833,9.90999984741211,9.920000076293945,9.920000076293945,593300
2022-03-15,9.920000076293945,9.920000076293945,9.920000076293945,9.920000076293945,9.920000076293945,0
2022-03-16,9.90999984741211,9.925000190734863,9.90999984741211,9.920000076293945,9.920000076293945,133700
2022-03-17,9.920000076293945,9.920000076293945,9.920000076293945,9.920000076293945,9.920000076293945,0
2022-03-18,9.920000076293945,9.920000076293945,9.90999984741211,9.920000076293945,9.920000076293945,98100
2022-03-21,9.920000076293945,9.920000076293945,9.920000076293945,9.920000076293945,9.920000076293945,0
2022-03-22,9.920000076293945,9.920000076293945,9.920000076293945,9.920000076293945,9.920000076293945,300
2022-03-23,9.920000076293945,9.920000076293945,9.920000076293945,9.920000076293945,9.920000076293945,0
2022-03-24,9.920000076293945,9.920000076293945,9.920000076293945,9.920000076293945,9.920000076293945,300
2022-03-25,9.930000305175781,9.930000305175781,9.930000305175781,9.930000305175781,9.930000305175781,1500
2022-03-28,9.920000076293945,9.9399995803833,9.920000076293945,9.920000076293945,9.920000076293945,22700
2022-03-29,9.9399995803833,9.949999809265137,9.9399995803833,9.9399995803833,9.9399995803833,50000
2022-03-30,9.9399995803833,9.9399995803833,9.9399995803833,9.9399995803833,9.9399995803833,0
2022-03-31,9.9399995803833,9.9399995803833,9.9399995803833,9.9399995803833,9.9399995803833,0
2022-04-01,9.9399995803833,9.9399995803833,9.9399995803833,9.9399995803833,9.9399995803833,0
2022-04-04,9.9399995803833,9.9399995803833,9.9399995803833,9.9399995803833,9.9399995803833,0
2022-04-05,9.9399995803833,9.9399995803833,9.9399995803833,9.9399995803833,9.9399995803833,7400
2022-04-06,9.949999809265137,9.949999809265137,9.949999809265137,9.949999809265137,9.949999809265137,700
2022-04-07,9.930000305175781,9.949999809265137,9.930000305175781,9.949999809265137,9.949999809265137,300
2022-04-08,9.949999809265137,9.949999809265137,9.949999809265137,9.949999809265137,9.949999809265137,0
2022-04-11,9.9399995803833,9.9399995803833,9.9399995803833,9.9399995803833,9.9399995803833,600000
2022-04-12,9.9399995803833,9.9399995803833,9.9399995803833,9.9399995803833,9.9399995803833,0
2022-04-13,9.9399995803833,9.9399995803833,9.9399995803833,9.9399995803833,9.9399995803833,0
2022-04-14,9.9399995803833,9.9399995803833,9.9399995803833,9.9399995803833,9.9399995803833,0
2022-04-18,9.9399995803833,9.9399995803833,9.9399995803833,9.9399995803833,9.9399995803833,0
2022-04-19,9.949999809265137,9.949999809265137,9.9399995803833,9.949999809265137,9.949999809265137,700
2022-04-20,9.949999809265137,9.949999809265137,9.949999809265137,9.949999809265137,9.949999809265137,0
2022-04-21,9.949999809265137,9.949999809265137,9.949999809265137,9.949999809265137,9.949999809265137,0
2022-04-22,9.949999809265137,9.949999809265137,9.949999809265137,9.949999809265137,9.949999809265137,0
2022-04-25,9.9399995803833,9.954999923706055,9.9399995803833,9.954999923706055,9.954999923706055,200
2022-04-26,10.0,10.0,10.0,10.0,10.0,600
2022-04-27,10.0,10.0,10.0,10.0,10.0,0
2022-04-28,9.9399995803833,9.9399995803833,9.9399995803833,9.9399995803833,9.9399995803833,200
2022-04-29,9.9399995803833,9.9399995803833,9.9399995803833,9.9399995803833,9.9399995803833,0
2022-05-02,9.960000038146973,9.960000038146973,9.960000038146973,9.960000038146973,9.960000038146973,9400
2022-05-03,9.960000038146973,9.960000038146973,9.960000038146973,9.960000038146973,9.960000038146973,0
2022-05-04,9.960000038146973,9.960000038146973,9.960000038146973,9.960000038146973,9.960000038146973,0
2022-05-05,9.960000038146973,9.970000267028809,9.960000038146973,9.960000038146973,9.960000038146973,9300
2022-05-06,9.960000038146973,9.960000038146973,9.9399995803833,9.9399995803833,9.9399995803833,3900
2022-05-09,9.9399995803833,9.9399995803833,9.930000305175781,9.930000305175781,9.930000305175781,1507700
2022-05-10,9.930000305175781,9.930000305175781,9.920000076293945,9.920000076293945,9.920000076293945,133800
2022-05-11,9.920000076293945,9.920000076293945,9.920000076293945,9.920000076293945,9.920000076293945,5000
2022-05-12,9.920000076293945,9.920000076293945,9.920000076293945,9.920000076293945,9.920000076293945,0
2022-05-13,9.90999984741211,9.90999984741211,9.90999984741211,9.90999984741211,9.90999984741211,2700
2022-05-16,9.949999809265137,9.949999809265137,9.949999809265137,9.949999809265137,9.949999809265137,200
2022-05-17,9.899999618530273,9.899999618530273,9.899999618530273,9.899999618530273,9.899999618530273,800
2022-05-18,9.899999618530273,9.899999618530273,9.890000343322754,9.890000343322754,9.890000343322754,66500
2022-05-19,9.890000343322754,9.90999984741211,9.890000343322754,9.899999618530273,9.899999618530273,609600
2022-05-20,9.90999984741211,9.970000267028809,9.90999984741211,9.90999984741211,9.90999984741211,633300
2022-05-23,9.970000267028809,9.970000267028809,9.899999618530273,9.899999618530273,9.899999618530273,1800
2022-05-24,9.899999618530273,9.899999618530273,9.899999618530273,9.899999618530273,9.899999618530273,0
2022-05-25,9.970000267028809,9.970000267028809,9.970000267028809,9.970000267028809,9.970000267028809,200
2022-05-26,9.970000267028809,9.970000267028809,9.970000267028809,9.970000267028809,9.970000267028809,0
2022-05-27,9.920000076293945,9.970000267028809,9.899999618530273,9.970000267028809,9.970000267028809,663000
2022-05-31,9.970000267028809,9.970000267028809,9.899999618530273,9.899999618530273,9.899999618530273,263300
2022-06-01,9.920000076293945,9.920000076293945,9.920000076293945,9.920000076293945,9.920000076293945,5600
2022-06-02,9.920000076293945,9.920000076293945,9.920000076293945,9.920000076293945,9.920000076293945,77500
2022-06-03,9.920000076293945,9.930000305175781,9.90999984741211,9.930000305175781,9.930000305175781,32700
2022-06-06,9.9399995803833,9.9399995803833,9.930000305175781,9.930000305175781,9.930000305175781,150000
2022-06-07,9.930000305175781,9.970000267028809,9.920000076293945,9.970000267028809,9.970000267028809,69600
2022-06-08,9.989999771118164,9.989999771118164,9.970000267028809,9.970000267028809,9.970000267028809,3200
2022-06-09,9.970000267028809,9.970000267028809,9.970000267028809,9.970000267028809,9.970000267028809,0
2022-06-10,9.970000267028809,9.970000267028809,9.970000267028809,9.970000267028809,9.970000267028809,0
2022-06-13,9.960000038146973,9.960000038146973,9.960000038146973,9.960000038146973,9.960000038146973,400
2022-06-14,9.960000038146973,9.960000038146973,9.960000038146973,9.960000038146973,9.960000038146973,0
2022-06-15,9.960000038146973,9.960000038146973,9.960000038146973,9.960000038146973,9.960000038146973,0
2022-06-16,9.960000038146973,9.960000038146973,9.960000038146973,9.960000038146973,9.960000038146973,0
2022-06-17,9.960000038146973,9.960000038146973,9.960000038146973,9.960000038146973,9.960000038146973,0
2022-06-21,9.960000038146973,9.960000038146973,9.960000038146973,9.960000038146973,9.960000038146973,0
2022-06-22,9.960000038146973,9.960000038146973,9.960000038146973,9.960000038146973,9.960000038146973,0
2022-06-23,9.960000038146973,9.960000038146973,9.960000038146973,9.960000038146973,9.960000038146973,0
2022-06-24,9.960000038146973,9.960000038146973,9.960000038146973,9.960000038146973,9.960000038146973,62600
2022-06-27,9.960000038146973,9.960000038146973,9.899999618530273,9.949999809265137,9.949999809265137,1005400
2022-06-28,9.949999809265137,9.960000038146973,9.9399995803833,9.9399995803833,9.9399995803833,75600
2022-06-29,9.9399995803833,9.9399995803833,9.9399995803833,9.9399995803833,9.9399995803833,0
2022-06-30,9.9399995803833,9.9399995803833,9.9399995803833,9.9399995803833,9.9399995803833,0
2022-07-01,9.9399995803833,9.9399995803833,9.9399995803833,9.9399995803833,9.9399995803833,0
2022-07-05,9.9399995803833,9.9399995803833,9.9399995803833,9.9399995803833,9.9399995803833,0
2022-07-06,9.9399995803833,9.9399995803833,9.9399995803833,9.9399995803833,9.9399995803833,0
2022-07-07,9.9399995803833,9.9399995803833,9.9399995803833,9.9399995803833,9.9399995803833,0
2022-07-08,9.960000038146973,9.970000267028809,9.949999809265137,9.949999809265137,9.949999809265137,446000
2022-07-11,9.949999809265137,9.949999809265137,9.949999809265137,9.949999809265137,9.949999809265137,0
2022-07-12,9.949999809265137,9.949999809265137,9.949999809265137,9.949999809265137,9.949999809265137,0
2022-07-13,9.949999809265137,9.949999809265137,9.949999809265137,9.949999809265137,9.949999809265137,0
2022-07-14,9.949999809265137,9.949999809265137,9.949999809265137,9.949999809265137,9.949999809265137,100
2022-07-15,9.949999809265137,9.949999809265137,9.949999809265137,9.949999809265137,9.949999809265137,0
2022-07-18,9.949999809265137,9.949999809265137,9.949999809265137,9.949999809265137,9.949999809265137,850000
2022-07-19,9.949999809265137,9.949999809265137,9.949999809265137,9.949999809265137,9.949999809265137,0
2022-07-20,9.960000038146973,9.960000038146973,9.954999923706055,9.954999923706055,9.954999923706055,2200
2022-07-21,9.954999923706055,9.954999923706055,9.954999923706055,9.954999923706055,9.954999923706055,0
2022-07-22,9.970000267028809,9.970000267028809,9.970000267028809,9.970000267028809,9.970000267028809,100
2022-07-25,9.970000267028809,9.970000267028809,9.970000267028809,9.970000267028809,9.970000267028809,0
2022-07-26,9.970000267028809,9.970000267028809,9.970000267028809,9.970000267028809,9.970000267028809,0
2022-07-27,9.960000038146973,9.979999542236328,9.960000038146973,9.979999542236328,9.979999542236328,157200
2022-07-28,9.989999771118164,9.989999771118164,9.979999542236328,9.989999771118164,9.989999771118164,9400
2022-07-29,9.989999771118164,9.989999771118164,9.989999771118164,9.989999771118164,9.989999771118164,0
2022-08-01,9.979999542236328,9.979999542236328,9.979999542236328,9.979999542236328,9.979999542236328,100
2022-08-02,9.989999771118164,10.0,9.989999771118164,10.0,10.0,200
2022-08-03,9.989999771118164,9.989999771118164,9.979999542236328,9.989999771118164,9.989999771118164,9300
2022-08-04,9.994999885559082,10.0,9.994999885559082,10.0,10.0,72800
2022-08-05,10.010000228881836,10.010000228881836,9.989999771118164,10.0,10.0,700
2022-08-08,10.0,10.0,10.0,10.0,10.0,20200
2022-08-09,9.989999771118164,9.989999771118164,9.989999771118164,9.989999771118164,9.989999771118164,33600
2022-08-10,10.0,10.0,10.0,10.0,10.0,400
2022-08-11,10.0,10.0,10.0,10.0,10.0,300
2022-08-12,10.0,10.010000228881836,10.0,10.010000228881836,10.010000228881836,54200
2022-08-15,9.989999771118164,10.0,9.989999771118164,9.989999771118164,9.989999771118164,121300
2022-08-16,9.989999771118164,9.989999771118164,9.979999542236328,9.979999542236328,9.979999542236328,34300
2022-08-17,9.979999542236328,9.979999542236328,9.970000267028809,9.970000267028809,9.970000267028809,412300
2022-08-18,9.970000267028809,9.970000267028809,9.970000267028809,9.970000267028809,9.970000267028809,300
2022-08-19,9.960000038146973,9.960000038146973,9.960000038146973,9.960000038146973,9.960000038146973,600
2022-08-22,9.979999542236328,9.979999542236328,9.979999542236328,9.979999542236328,9.979999542236328,300
2022-08-23,9.970000267028809,9.970000267028809,9.970000267028809,9.970000267028809,9.970000267028809,200
2022-08-24,9.979999542236328,9.979999542236328,9.949999809265137,9.960000038146973,9.960000038146973,92600
2022-08-25,9.949999809265137,9.970000267028809,9.949999809265137,9.960000038146973,9.960000038146973,7000
2022-08-26,9.9399995803833,9.979999542236328,9.9399995803833,9.970000267028809,9.970000267028809,3800
2022-08-29,9.970000267028809,9.979999542236328,9.970000267028809,9.979999542236328,9.979999542236328,15000
2022-08-30,9.970000267028809,9.979999542236328,9.970000267028809,9.975000381469727,9.975000381469727,7800
2022-08-31,9.970000267028809,9.975000381469727,9.970000267028809,9.970000267028809,9.970000267028809,405600
2022-09-01,9.970000267028809,9.970000267028809,9.970000267028809,9.970000267028809,9.970000267028809,0
2022-09-02,9.970000267028809,9.970000267028809,9.970000267028809,9.970000267028809,9.970000267028809,100
2022-09-06,9.970000267028809,9.970000267028809,9.970000267028809,9.970000267028809,9.970000267028809,100
2022-09-07,9.979999542236328,9.979999542236328,9.970000267028809,9.970000267028809,9.970000267028809,25100
2022-09-08,9.970000267028809,9.975000381469727,9.960000038146973,9.970000267028809,9.970000267028809,18700
2022-09-09,9.979999542236328,9.979999542236328,9.970000267028809,9.970000267028809,9.970000267028809,200
2022-09-12,9.970000267028809,9.970000267028809,9.970000267028809,9.970000267028809,9.970000267028809,0
2022-09-13,9.970000267028809,9.970000267028809,9.970000267028809,9.970000267028809,9.970000267028809,0
2022-09-14,9.970000267028809,9.970000267028809,9.970000267028809,9.970000267028809,9.970000267028809,0
2022-09-15,9.970000267028809,9.970000267028809,9.970000267028809,9.970000267028809,9.970000267028809,0
2022-09-16,9.949999809265137,9.979999542236328,9.949999809265137,9.979999542236328,9.979999542236328,200
2022-09-19,9.979999542236328,9.984999656677246,9.979999542236328,9.984999656677246,9.984999656677246,14800
2022-09-20,9.984999656677246,9.984999656677246,9.984999656677246,9.984999656677246,9.984999656677246,0
2022-09-21,9.970000267028809,9.989999771118164,9.970000267028809,9.989999771118164,9.989999771118164,121000
2022-09-22,9.989999771118164,10.0,9.989999771118164,10.0,10.0,90900
2022-09-23,10.0,10.0,9.960000038146973,10.0,10.0,316600
2022-09-26,10.0,10.0,9.989999771118164,10.0,10.0,63100
2022-09-27,9.989999771118164,10.0,9.989999771118164,10.0,10.0,16900
2022-09-28,10.020000457763672,10.029999732971191,10.010000228881836,10.029999732971191,10.029999732971191,81000
2022-09-29,10.020000457763672,10.029999732971191,10.020000457763672,10.029999732971191,10.029999732971191,179700
2022-09-30,10.020000457763672,10.029999732971191,10.020000457763672,10.029999732971191,10.029999732971191,25400
2022-10-03,10.029999732971191,10.029999732971191,10.029999732971191,10.029999732971191,10.029999732971191,0
2022-10-04,10.029999732971191,10.029999732971191,10.029999732971191,10.029999732971191,10.029999732971191,0
2022-10-05,10.029999732971191,10.029999732971191,10.029999732971191,10.029999732971191,10.029999732971191,0
2022-10-06,9.979999542236328,9.979999542236328,9.970000267028809,9.970000267028809,9.970000267028809,5900
2022-10-07,9.970000267028809,9.970000267028809,9.970000267028809,9.970000267028809,9.970000267028809,100
2022-10-10,9.970000267028809,10.010000228881836,9.970000267028809,9.979999542236328,9.979999542236328,1185800
2022-10-11,9.970000267028809,10.039999961853027,9.970000267028809,10.039999961853027,10.039999961853027,88400
2022-10-12,10.039999961853027,10.039999961853027,10.039999961853027,10.039999961853027,10.039999961853027,0
2022-10-13,9.994999885559082,9.994999885559082,9.989999771118164,9.989999771118164,9.989999771118164,1100
2022-10-14,9.989999771118164,9.989999771118164,9.989999771118164,9.989999771118164,9.989999771118164,0
2022-10-17,9.989999771118164,9.989999771118164,9.979999542236328,9.979999542236328,9.979999542236328,951000
2022-10-18,10.050000190734863,10.050000190734863,9.989999771118164,10.020000457763672,10.020000457763672,15200
2022-10-19,10.020000457763672,10.020000457763672,10.020000457763672,10.020000457763672,10.020000457763672,0
2022-10-20,10.020000457763672,10.020000457763672,10.020000457763672,10.020000457763672,10.020000457763672,0
2022-10-21,10.029999732971191,10.039999961853027,10.029999732971191,10.039999961853027,10.039999961853027,41400
2022-10-24,10.039999961853027,10.039999961853027,10.039999961853027,10.039999961853027,10.039999961853027,0
2022-10-25,10.039999961853027,10.039999961853027,10.039999961853027,10.039999961853027,10.039999961853027,0
2022-10-26,10.039999961853027,10.039999961853027,10.039999961853027,10.039999961853027,10.039999961853027,0
2022-10-27,10.039999961853027,10.039999961853027,10.039999961853027,10.039999961853027,10.039999961853027,0
2022-10-28,10.039999961853027,10.039999961853027,10.039999961853027,10.039999961853027,10.039999961853027,0
2022-10-31,10.039999961853027,10.039999961853027,10.039999961853027,10.039999961853027,10.039999961853027,0
2022-11-01,10.03499984741211,10.03499984741211,10.03499984741211,10.03499984741211,10.03499984741211,32900
2022-11-02,10.03499984741211,10.03499984741211,10.03499984741211,10.03499984741211,10.03499984741211,0
2022-11-03,10.039999961853027,10.039999961853027,10.039999961853027,10.039999961853027,10.039999961853027,100000
2022-11-04,10.039999961853027,10.039999961853027,10.039999961853027,10.039999961853027,10.039999961853027,0
2022-11-07,10.039999961853027,10.039999961853027,10.039999961853027,10.039999961853027,10.039999961853027,200000
2022-11-08,10.050000190734863,10.050000190734863,10.050000190734863,10.050000190734863,10.050000190734863,268200
2022-11-09,10.050000190734863,10.050000190734863,10.050000190734863,10.050000190734863,10.050000190734863,0
2022-11-10,10.069999694824219,10.079999923706055,10.069999694824219,10.079999923706055,10.079999923706055,12500
2022-11-11,10.079999923706055,10.079999923706055,10.079999923706055,10.079999923706055,10.079999923706055,0
2022-11-14,10.079999923706055,10.079999923706055,10.079999923706055,10.079999923706055,10.079999923706055,0
2022-11-15,10.050000190734863,10.130000114440918,10.050000190734863,10.069999694824219,10.069999694824219,38900
2022-11-16,10.130000114440918,10.130000114440918,10.130000114440918,10.130000114440918,10.130000114440918,100
2022-11-17,10.130000114440918,10.130000114440918,10.130000114440918,10.130000114440918,10.130000114440918,0
2022-11-18,10.130000114440918,10.130000114440918,10.130000114440918,10.130000114440918,10.130000114440918,0
2022-11-21,10.130000114440918,10.130000114440918,10.130000114440918,10.130000114440918,10.130000114440918,0
2022-11-22,10.050000190734863,10.09000015258789,10.050000190734863,10.09000015258789,10.09000015258789,10400
2022-11-23,10.100000381469727,10.104999542236328,10.100000381469727,10.100000381469727,10.100000381469727,7400
2022-11-25,10.109999656677246,10.34000015258789,10.109999656677246,10.119999885559082,10.119999885559082,14000
2022-11-28,10.119999885559082,10.130000114440918,10.119999885559082,10.130000114440918,10.130000114440918,32800
2022-11-29,10.140000343322754,10.140000343322754,10.140000343322754,10.140000343322754,10.140000343322754,1100
2022-11-30,10.140000343322754,10.140000343322754,10.140000343322754,10.140000343322754,10.140000343322754,0
2022-12-01,10.130000114440918,10.130000114440918,10.130000114440918,10.130000114440918,10.130000114440918,3500
2022-12-02,10.130000114440918,10.130000114440918,10.130000114440918,10.130000114440918,10.130000114440918,50000
2022-12-05,10.170000076293945,10.170000076293945,10.170000076293945,10.170000076293945,10.170000076293945,200
2022-12-06,10.170000076293945,10.170000076293945,10.170000076293945,10.170000076293945,10.170000076293945,0
2022-12-07,10.170000076293945,10.170000076293945,10.170000076293945,10.170000076293945,10.170000076293945,0
2022-12-08,10.170000076293945,10.170000076293945,10.170000076293945,10.170000076293945,10.170000076293945,0
2022-12-09,10.170000076293945,10.170000076293945,10.170000076293945,10.170000076293945,10.170000076293945,0
2022-12-12,10.15999984741211,10.15999984741211,10.15999984741211,10.15999984741211,10.15999984741211,200
2022-12-13,10.140000343322754,10.140000343322754,10.140000343322754,10.140000343322754,10.140000343322754,25000
2022-12-14,10.140000343322754,10.140000343322754,10.140000343322754,10.140000343322754,10.140000343322754,0
2022-12-15,10.140000343322754,10.140000343322754,10.140000343322754,10.140000343322754,10.140000343322754,0
2022-12-16,10.149999618530273,10.180000305175781,10.149999618530273,10.180000305175781,10.180000305175781,2700
2022-12-19,10.180000305175781,10.180000305175781,10.180000305175781,10.180000305175781,10.180000305175781,0
2022-12-20,10.180000305175781,10.180000305175781,10.180000305175781,10.180000305175781,10.180000305175781,0
2022-12-21,10.180000305175781,10.180000305175781,10.180000305175781,10.180000305175781,10.180000305175781,0
2022-12-22,10.180000305175781,10.180000305175781,10.180000305175781,10.180000305175781,10.180000305175781,0
2022-12-23,10.180000305175781,10.180000305175781,10.180000305175781,10.180000305175781,10.180000305175781,0
2022-12-27,10.170000076293945,10.229999542236328,10.15999984741211,10.229999542236328,10.229999542236328,5000
2022-12-28,10.180000305175781,10.1899995803833,10.180000305175781,10.1899995803833,10.1899995803833,1200
2022-12-29,10.1899995803833,10.1899995803833,10.1899995803833,10.1899995803833,10.1899995803833,0
2022-12-30,10.1899995803833,10.194999694824219,10.1899995803833,10.1899995803833,10.1899995803833,1100
2023-01-03,10.1899995803833,10.1899995803833,10.1899995803833,10.1899995803833,10.1899995803833,0
2023-01-04,10.199999809265137,10.199999809265137,10.199999809265137,10.199999809265137,10.199999809265137,1400
2023-01-05,10.210000038146973,10.239999771118164,10.210000038146973,10.229999542236328,10.229999542236328,36200
2023-01-06,10.229999542236328,10.229999542236328,10.229999542236328,10.229999542236328,10.229999542236328,400
2023-01-09,10.270000457763672,10.270000457763672,10.25,10.25,10.25,600
2023-01-10,10.229999542236328,10.260000228881836,10.229999542236328,10.25,10.25,290200
2023-01-11,10.25,10.270000457763672,10.25,10.260000228881836,10.260000228881836,261800
2023-01-12,10.239999771118164,10.25,10.239999771118164,10.239999771118164,10.239999771118164,272900
2023-01-13,10.239999771118164,10.239999771118164,10.239999771118164,10.239999771118164,10.239999771118164,0
2023-01-17,10.270000457763672,10.270000457763672,10.270000457763672,10.270000457763672,10.270000457763672,100600
2023-01-18,10.279999732971191,10.279999732971191,10.270000457763672,10.270000457763672,10.270000457763672,48700
2023-01-19,10.270000457763672,10.270000457763672,10.270000457763672,10.270000457763672,10.270000457763672,101800
2023-01-20,10.270000457763672,10.279999732971191,10.25,10.279999732971191,10.279999732971191,571300
2023-01-23,10.270000457763672,10.289999961853027,10.270000457763672,10.270000457763672,10.270000457763672,69300
2023-01-24,10.270000457763672,10.270000457763672,10.270000457763672,10.270000457763672,10.270000457763672,0
2023-01-25,10.270000457763672,10.270000457763672,10.270000457763672,10.270000457763672,10.270000457763672,0
2023-01-26,10.270000457763672,10.270000457763672,10.270000457763672,10.270000457763672,10.270000457763672,0
2023-01-27,10.270000457763672,10.270000457763672,10.270000457763672,10.270000457763672,10.270000457763672,0
2023-01-30,10.28499984741211,10.28499984741211,10.28499984741211,10.28499984741211,10.28499984741211,1200
2023-01-31,10.28499984741211,10.289999961853027,10.28499984741211,10.289999961853027,10.289999961853027,7400
2023-02-01,10.289999961853027,10.289999961853027,10.289999961853027,10.289999961853027,10.289999961853027,0
2023-02-02,10.289999961853027,10.289999961853027,10.289999961853027,10.289999961853027,10.289999961853027,0
2023-02-03,10.289999961853027,10.289999961853027,10.289999961853027,10.289999961853027,10.289999961853027,0
2023-02-06,10.3100004196167,10.3100004196167,10.300000190734863,10.300000190734863,10.300000190734863,189400
2023-02-07,10.305000305175781,10.305000305175781,10.305000305175781,10.305000305175781,10.305000305175781,106400
2023-02-08,10.3100004196167,10.3100004196167,10.300000190734863,10.300000190734863,10.300000190734863,236000
2023-02-09,10.3100004196167,10.3100004196167,10.3100004196167,10.3100004196167,10.3100004196167,52200
2023-02-10,10.3100004196167,10.3100004196167,10.300000190734863,10.300000190734863,10.300000190734863,34300
2023-02-13,10.300000190734863,10.3100004196167,10.300000190734863,10.300000190734863,10.300000190734863,1589400
2023-02-14,10.319999694824219,10.319999694824219,10.319999694824219,10.319999694824219,10.319999694824219,400
2023-02-15,10.319999694824219,10.319999694824219,10.319999694824219,10.319999694824219,10.319999694824219,0
2023-02-16,10.319999694824219,10.319999694824219,10.300000190734863,10.3100004196167,10.3100004196167,267000
2023-02-17,10.3100004196167,10.3100004196167,10.3100004196167,10.3100004196167,10.3100004196167,5900
2023-02-21,10.3100004196167,10.3100004196167,10.3100004196167,10.3100004196167,10.3100004196167,100
2023-02-22,10.3100004196167,10.3100004196167,10.3100004196167,10.3100004196167,10.3100004196167,0
2023-02-23,10.3100004196167,10.3100004196167,10.3100004196167,10.3100004196167,10.3100004196167,0
2023-02-24,10.3100004196167,10.3100004196167,10.3100004196167,10.3100004196167,10.3100004196167,0
2023-02-27,10.3100004196167,10.3100004196167,10.3100004196167,10.3100004196167,10.3100004196167,0
2023-02-28,10.319999694824219,10.329999923706055,10.319999694824219,10.329999923706055,10.329999923706055,433500
2023-03-01,10.329999923706055,10.329999923706055,10.329999923706055,10.329999923706055,10.329999923706055,0
2023-03-02,10.329999923706055,10.329999923706055,10.329999923706055,10.329999923706055,10.329999923706055,50600
2023-03-03,10.34000015258789,10.34000015258789,10.329999923706055,10.329999923706055,10.329999923706055,25500
2023-03-06,10.329999923706055,10.34000015258789,10.329999923706055,10.329999923706055,10.329999923706055,71200
2023-03-07,10.329999923706055,10.359999656677246,10.329999923706055,10.359999656677246,10.359999656677246,408700
2023-03-08,10.369999885559082,10.369999885559082,10.350000381469727,10.359999656677246,10.359999656677246,182200
2023-03-09,10.40999984741211,10.40999984741211,10.359999656677246,10.359999656677246,10.359999656677246,2500
2023-03-10,10.350000381469727,10.359999656677246,10.350000381469727,10.359999656677246,10.359999656677246,99900
2023-03-13,10.359999656677246,10.369999885559082,10.350000381469727,10.359999656677246,10.359999656677246,26800
2023-03-14,10.359999656677246,10.369999885559082,10.350000381469727,10.359999656677246,10.359999656677246,202500
2023-03-15,10.359999656677246,10.359999656677246,10.359999656677246,10.359999656677246,10.359999656677246,25100
2023-03-16,10.359999656677246,10.359999656677246,10.359999656677246,10.359999656677246,10.359999656677246,1160400
2023-03-17,10.359999656677246,10.359999656677246,10.359999656677246,10.359999656677246,10.359999656677246,0
2023-03-20,10.369999885559082,10.369999885559082,10.369999885559082,10.369999885559082,10.369999885559082,100
2023-03-21,10.369999885559082,10.369999885559082,10.369999885559082,10.369999885559082,10.369999885559082,150500
2023-03-22,10.369999885559082,10.390000343322754,10.369999885559082,10.369999885559082,10.369999885559082,815000
2023-03-23,10.369999885559082,10.369999885559082,10.369999885559082,10.369999885559082,10.369999885559082,100
2023-03-24,10.369999885559082,10.375,10.369999885559082,10.369999885559082,10.369999885559082,1522200
2023-03-27,10.399999618530273,10.399999618530273,10.399999618530273,10.399999618530273,10.399999618530273,100
2023-03-28,10.399999618530273,10.399999618530273,10.399999618530273,10.399999618530273,10.399999618530273,0
2023-03-29,10.399999618530273,10.399999618530273,10.399999618530273,10.399999618530273,10.399999618530273,0
2023-03-30,10.369999885559082,10.369999885559082,10.369999885559082,10.369999885559082,10.369999885559082,200
2023-03-31,10.369999885559082,10.369999885559082,10.369999885559082,10.369999885559082,10.369999885559082,0
2023-04-03,10.380000114440918,10.390000343322754,10.380000114440918,10.380000114440918,10.380000114440918,208600
2023-04-04,10.380000114440918,10.385000228881836,10.380000114440918,10.380000114440918,10.380000114440918,199300
2023-04-05,10.380000114440918,10.390000343322754,10.369999885559082,10.390000343322754,10.390000343322754,207500
2023-04-06,10.390000343322754,10.399999618530273,10.380000114440918,10.390000343322754,10.390000343322754,392600
2023-04-10,10.404999732971191,10.414999961853027,10.390000343322754,10.390000343322754,10.390000343322754,20800
2023-04-11,10.399999618530273,10.40999984741211,10.390000343322754,10.40999984741211,10.40999984741211,2085300
2023-04-12,10.380000114440918,10.40999984741211,10.380000114440918,10.40999984741211,10.40999984741211,886100
2023-04-13,10.40999984741211,10.40999984741211,10.399999618530273,10.399999618530273,10.399999618530273,1324300
2023-04-14,10.399999618530273,10.399999618530273,10.399999618530273,10.399999618530273,10.399999618530273,300
2023-04-17,10.399999618530273,10.399999618530273,10.399999618530273,10.399999618530273,10.399999618530273,0
2023-04-18,10.404999732971191,10.420000076293945,10.399999618530273,10.40999984741211,10.40999984741211,503700
2023-04-19,10.414999961853027,10.420000076293945,10.40999984741211,10.420000076293945,10.420000076293945,402700
2023-04-20,10.420000076293945,10.420000076293945,10.40999984741211,10.40999984741211,10.40999984741211,361600
2023-04-21,10.420000076293945,10.420000076293945,10.399999618530273,10.40999984741211,10.40999984741211,867300
2023-04-24,10.399999618530273,10.420000076293945,10.399999618530273,10.420000076293945,10.420000076293945,197900
2023-04-25,10.430000305175781,10.430000305175781,10.404999732971191,10.404999732971191,10.404999732971191,17500
2023-04-26,10.399999618530273,10.40999984741211,10.399999618530273,10.40999984741211,10.40999984741211,700
2023-04-27,10.399999618530273,10.399999618530273,10.399999618530273,10.399999618530273,10.399999618530273,200
2023-04-28,10.420000076293945,10.420000076293945,10.420000076293945,10.420000076293945,10.420000076293945,100600
2023-05-01,10.569999694824219,10.569999694824219,10.399999618530273,10.399999618530273,10.399999618530273,1900
2023-05-02,10.493000030517578,10.493000030517578,10.399999618530273,10.399999618530273,10.399999618530273,600
2023-05-03,10.399999618530273,10.40999984741211,10.399999618530273,10.40999984741211,10.40999984741211,2300
2023-05-04,10.550000190734863,10.550000190734863,10.40999984741211,10.40999984741211,10.40999984741211,3400
2023-05-05,10.550000190734863,10.593000411987305,10.399999618530273,10.40999984741211,10.40999984741211,25700
2023-05-08,10.5600004196167,10.5600004196167,10.420000076293945,10.420000076293945,10.420000076293945,400
2023-05-09,10.420000076293945,10.420000076293945,10.420000076293945,10.420000076293945,10.420000076293945,0
2023-05-10,10.399999618530273,10.399999618530273,10.399999618530273,10.399999618530273,10.399999618530273,25000
2023-05-11,10.399999618530273,10.399999618530273,10.380000114440918,10.380000114440918,10.380000114440918,6800
2023-05-12,10.390000343322754,10.390000343322754,10.390000343322754,10.390000343322754,10.390000343322754,100
2023-05-15,10.390000343322754,10.390000343322754,10.390000343322754,10.390000343322754,10.390000343322754,0
2023-05-16,10.390000343322754,10.399999618530273,10.390000343322754,10.390000343322754,10.390000343322754,168500
2023-05-17,10.390000343322754,10.395000457763672,10.380000114440918,10.380000114440918,10.380000114440918,49300
2023-05-18,10.380000114440918,10.380000114440918,10.380000114440918,10.380000114440918,10.380000114440918,0
2023-05-19,10.380000114440918,10.380000114440918,10.380000114440918,10.380000114440918,10.380000114440918,0
2023-05-22,10.380000114440918,10.380000114440918,10.380000114440918,10.380000114440918,10.380000114440918,1400
2023-05-23,10.380000114440918,10.380000114440918,10.380000114440918,10.380000114440918,10.380000114440918,900
2023-05-24,10.380000114440918,10.380000114440918,10.380000114440918,10.380000114440918,10.380000114440918,25000
2023-05-25,10.380000114440918,10.380000114440918,10.380000114440918,10.380000114440918,10.380000114440918,0
2023-05-26,10.369999885559082,10.369999885559082,10.369999885559082,10.369999885559082,10.369999885559082,500
2023-05-30,10.369999885559082,10.369999885559082,10.369999885559082,10.369999885559082,10.369999885559082,227200
2023-05-31,10.369999885559082,10.380000114440918,10.369999885559082,10.380000114440918,10.380000114440918,7400
2023-06-01,10.380000114440918,10.380000114440918,10.380000114440918,10.380000114440918,10.380000114440918,0
2023-06-02,10.390000343322754,10.390000343322754,10.390000343322754,10.390000343322754,10.390000343322754,15400
2023-06-05,10.399999618530273,10.399999618530273,10.390000343322754,10.390000343322754,10.390000343322754,21400
2023-06-06,10.390000343322754,10.390000343322754,10.390000343322754,10.390000343322754,10.390000343322754,16200
2023-06-07,10.390000343322754,10.390000343322754,10.390000343322754,10.390000343322754,10.390000343322754,0
2023-06-08,10.390000343322754,10.390000343322754,10.390000343322754,10.390000343322754,10.390000343322754,74900
2023-06-09,10.390000343322754,10.390000343322754,10.390000343322754,10.390000343322754,10.390000343322754,20000
2023-06-12,10.390000343322754,10.390000343322754,10.390000343322754,10.390000343322754,10.390000343322754,0
2023-06-13,10.390000343322754,10.390000343322754,10.390000343322754,10.390000343322754,10.390000343322754,0
2023-06-14,10.390000343322754,10.390000343322754,10.390000343322754,10.390000343322754,10.390000343322754,0
2023-06-15,10.390000343322754,10.390000343322754,10.390000343322754,10.390000343322754,10.390000343322754,0
2023-06-16,10.390000343322754,10.390000343322754,10.390000343322754,10.390000343322754,10.390000343322754,100
2023-06-20,10.390000343322754,10.390000343322754,10.390000343322754,10.390000343322754,10.390000343322754,0
2023-06-21,10.40999984741211,10.40999984741211,10.399999618530273,10.399999618530273,10.399999618530273,1700
2023-06-22,10.40999984741211,10.40999984741211,10.40999984741211,10.40999984741211,10.40999984741211,10300
2023-06-23,10.40999984741211,10.40999984741211,10.40999984741211,10.40999984741211,10.40999984741211,0
2023-06-26,10.40999984741211,10.40999984741211,10.40999984741211,10.40999984741211,10.40999984741211,0
2023-06-27,10.40999984741211,10.40999984741211,10.40999984741211,10.40999984741211,10.40999984741211,0
2023-06-28,10.40999984741211,10.40999984741211,10.40999984741211,10.40999984741211,10.40999984741211,0
2023-06-29,10.40999984741211,10.40999984741211,10.40999984741211,10.40999984741211,10.40999984741211,0
2023-06-30,10.399999618530273,10.399999618530273,10.399999618530273,10.399999618530273,10.399999618530273,100
2023-07-03,10.399999618530273,10.399999618530273,10.399999618530273,10.399999618530273,10.399999618530273,0
2023-07-05,10.399999618530273,10.399999618530273,10.399999618530273,10.399999618530273,10.399999618530273,0
2023-07-06,10.399999618530273,10.399999618530273,10.399999618530273,10.399999618530273,10.399999618530273,0
2023-07-07,10.399999618530273,10.399999618530273,10.399999618530273,10.399999618530273,10.399999618530273,0
2023-07-10,10.399999618530273,10.399999618530273,10.399999618530273,10.399999618530273,10.399999618530273,0
2023-07-11,10.399999618530273,10.399999618530273,10.399999618530273,10.399999618530273,10.399999618530273,100
2023-07-12,10.399999618530273,10.399999618530273,10.399999618530273,10.399999618530273,10.399999618530273,0
2023-07-13,10.399999618530273,10.399999618530273,10.399999618530273,10.399999618530273,10.399999618530273,0
2023-07-14,10.399999618530273,10.399999618530273,10.399999618530273,10.399999618530273,10.399999618530273,0
2023-07-17,10.399999618530273,10.399999618530273,10.399999618530273,10.399999618530273,10.399999618530273,0
2023-07-18,10.399999618530273,10.399999618530273,10.399999618530273,10.399999618530273,10.399999618530273,0
2023-07-19,10.399999618530273,10.399999618530273,10.399999618530273,10.399999618530273,10.399999618530273,0
2023-07-20,10.399999618530273,10.399999618530273,10.399999618530273,10.399999618530273,10.399999618530273,0
2023-07-21,10.399999618530273,10.420000076293945,10.399999618530273,10.399999618530273,10.399999618530273,158800
2023-07-24,10.399999618530273,10.40999984741211,10.399999618530273,10.399999618530273,10.399999618530273,4200
2023-07-25,10.399999618530273,10.399999618530273,10.380000114440918,10.380000114440918,10.380000114440918,3500
2023-07-26,10.380000114440918,10.380000114440918,10.380000114440918,10.380000114440918,10.380000114440918,0
2023-07-27,10.380000114440918,10.380000114440918,10.380000114440918,10.380000114440918,10.380000114440918,300
2023-07-28,10.399999618530273,10.449999809265137,10.399999618530273,10.420000076293945,10.420000076293945,2700
2023-07-31,10.420000076293945,10.420000076293945,10.420000076293945,10.420000076293945,10.420000076293945,0
2023-08-01,10.399999618530273,10.420000076293945,10.399999618530273,10.399999618530273,10.399999618530273,4200
2023-08-02,10.40999984741211,10.40999984741211,10.40999984741211,10.40999984741211,10.40999984741211,3300
2023-08-03,10.40999984741211,10.40999984741211,10.40999984741211,10.40999984741211,10.40999984741211,0
2023-08-04,10.40999984741211,10.40999984741211,10.40999984741211,10.40999984741211,10.40999984741211,100
2023-08-07,10.489999771118164,10.489999771118164,10.430000305175781,10.430000305175781,10.430000305175781,2000
2023-08-08,10.430000305175781,10.430000305175781,10.430000305175781,10.430000305175781,10.430000305175781,0
2023-08-09,10.470000267028809,10.470000267028809,10.470000267028809,10.470000267028809,10.470000267028809,200
2023-08-10,10.470000267028809,10.470000267028809,10.470000267028809,10.470000267028809,10.470000267028809,0
2023-08-11,10.470000267028809,10.470000267028809,10.470000267028809,10.470000267028809,10.470000267028809,0
2023-08-14,10.470000267028809,10.470000267028809,10.470000267028809,10.470000267028809,10.470000267028809,0
2023-08-15,10.470000267028809,10.470000267028809,10.470000267028809,10.470000267028809,10.470000267028809,0
2023-08-16,10.470000267028809,10.470000267028809,10.470000267028809,10.470000267028809,10.470000267028809,0
2023-08-17,10.470000267028809,10.470000267028809,10.470000267028809,10.470000267028809,10.470000267028809,0
2023-08-18,10.470000267028809,10.470000267028809,10.470000267028809,10.470000267028809,10.470000267028809,0
2023-08-21,10.479999542236328,10.520000457763672,10.479999542236328,10.510000228881836,10.510000228881836,159200
2023-08-22,10.479999542236328,10.520000457763672,10.479999542236328,10.520000457763672,10.520000457763672,5500
2023-08-23,10.600000381469727,10.600000381469727,10.600000381469727,10.600000381469727,10.600000381469727,500
2023-08-24,10.579999923706055,10.600000381469727,10.529999732971191,10.600000381469727,10.600000381469727,1900
2023-08-25,10.5600004196167,10.5600004196167,10.529999732971191,10.529999732971191,10.529999732971191,3800
2023-08-28,10.529999732971191,10.529999732971191,10.529999732971191,10.529999732971191,10.529999732971191,0
2023-08-29,10.529999732971191,10.529999732971191,10.529999732971191,10.529999732971191,10.529999732971191,0
2023-08-30,10.529999732971191,10.529999732971191,10.529999732971191,10.529999732971191,10.529999732971191,0
2023-08-31,10.529999732971191,10.529999732971191,10.529999732971191,10.529999732971191,10.529999732971191,0
2023-09-01,10.600000381469727,10.609999656677246,10.529999732971191,10.550000190734863,10.550000190734863,13500
2023-09-05,10.555000305175781,10.58899974822998,10.555000305175781,10.58899974822998,10.58899974822998,11400
2023-09-06,10.58899974822998,10.58899974822998,10.58899974822998,10.58899974822998,10.58899974822998,0
2023-09-07,10.58899974822998,10.58899974822998,10.58899974822998,10.58899974822998,10.58899974822998,0
2023-09-08,10.600000381469727,10.600000381469727,10.59000015258789,10.59000015258789,10.59000015258789,1000
2023-09-11,10.59000015258789,10.59000015258789,10.59000015258789,10.59000015258789,10.59000015258789,4600
2023-09-12,10.600000381469727,10.710000038146973,10.600000381469727,10.710000038146973,10.710000038146973,2400
2023-09-13,10.710000038146973,10.710000038146973,10.710000038146973,10.710000038146973,10.710000038146973,0
2023-09-14,10.800000190734863,10.800000190734863,10.609999656677246,10.609999656677246,10.609999656677246,800
2023-09-15,10.609999656677246,10.609999656677246,10.609999656677246,10.609999656677246,10.609999656677246,2900
2023-09-18,10.729999542236328,10.729999542236328,10.729999542236328,10.729999542236328,10.729999542236328,100
2023-09-19,10.729999542236328,10.729999542236328,10.729999542236328,10.729999542236328,10.729999542236328,0
2023-09-20,10.630000114440918,10.630000114440918,10.630000114440918,10.630000114440918,10.630000114440918,375100
2023-09-21,10.630000114440918,10.630000114440918,10.630000114440918,10.630000114440918,10.630000114440918,0
2023-09-22,10.670000076293945,10.779999732971191,10.670000076293945,10.770000457763672,10.770000457763672,1700
2023-09-25,10.800000190734863,10.800000190734863,10.800000190734863,10.800000190734863,10.800000190734863,200
2023-09-26,10.800000190734863,10.800000190734863,10.800000190734863,10.800000190734863,10.800000190734863,0
2023-09-27,10.779999732971191,10.779999732971191,10.779999732971191,10.779999732971191,10.779999732971191,200
2023-09-28,10.779999732971191,10.779999732971191,10.779999732971191,10.779999732971191,10.779999732971191,0
2023-09-29,10.779999732971191,10.779999732971191,10.779999732971191,10.779999732971191,10.779999732971191,0
2023-10-02,10.779999732971191,10.779999732971191,10.779999732971191,10.779999732971191,10.779999732971191,0
2023-10-03,10.779999732971191,10.779999732971191,10.779999732971191,10.779999732971191,10.779999732971191,0
2023-10-04,10.779999732971191,10.779999732971191,10.779999732971191,10.779999732971191,10.779999732971191,0
2023-10-05,10.779999732971191,10.779999732971191,10.779999732971191,10.779999732971191,10.779999732971191,0
2023-10-06,10.619999885559082,10.619999885559082,10.619999885559082,10.619999885559082,10.619999885559082,100
2023-10-09,10.619999885559082,10.619999885559082,10.619999885559082,10.619999885559082,10.619999885559082,100
2023-10-10,10.630000114440918,10.630000114440918,10.630000114440918,10.630000114440918,10.630000114440918,100
2023-10-11,10.619999885559082,10.619999885559082,10.619999885559082,10.619999885559082,10.619999885559082,300
2023-10-12,10.619999885559082,10.619999885559082,10.619999885559082,10.619999885559082,10.619999885559082,100
2023-10-13,10.75,10.75,10.619999885559082,10.619999885559082,10.619999885559082,2900
2023-10-16,10.649999618530273,10.65999984741211,10.640000343322754,10.640000343322754,10.640000343322754,188900
2023-10-17,10.65999984741211,10.65999984741211,10.649999618530273,10.649999618530273,10.649999618530273,60200
2023-10-18,10.649999618530273,10.649999618530273,10.649999618530273,10.649999618530273,10.649999618530273,0
2023-10-19,10.649999618530273,10.649999618530273,10.649999618530273,10.649999618530273,10.649999618530273,0
2023-10-20,10.649999618530273,10.649999618530273,10.649999618530273,10.649999618530273,10.649999618530273,0
2023-10-23,10.649999618530273,10.649999618530273,10.649999618530273,10.649999618530273,10.649999618530273,0
2023-10-24,10.649999618530273,10.649999618530273,10.649999618530273,10.649999618530273,10.649999618530273,300
2023-10-25,10.65999984741211,10.65999984741211,10.649999618530273,10.65999984741211,10.65999984741211,150200
2023-10-26,10.670000076293945,10.680000305175781,10.670000076293945,10.680000305175781,10.680000305175781,7300
2023-10-27,10.680000305175781,10.680000305175781,10.65999984741211,10.65999984741211,10.65999984741211,26200
2023-10-30,10.65999984741211,10.680000305175781,10.65999984741211,10.65999984741211,10.65999984741211,62200
2023-10-31,10.65999984741211,10.6899995803833,10.654999732971191,10.670000076293945,10.670000076293945,1436200
2023-11-01,10.6899995803833,10.720000267028809,10.6899995803833,10.710000038146973,10.710000038146973,652800
2023-11-02,10.800000190734863,11.0,10.710000038146973,10.710000038146973,10.710000038146973,402000
2023-11-03,11.210000038146973,11.3100004196167,10.71500015258789,10.71500015258789,10.71500015258789,653400
2023-11-06,10.6899995803833,11.550000190734863,10.6899995803833,11.550000190734863,11.550000190734863,1500
2023-11-07,10.600000381469727,10.75,10.600000381469727,10.75,10.75,2300
2023-11-08,10.539999961853027,10.550000190734863,10.539999961853027,10.550000190734863,10.550000190734863,582400
2023-11-09,10.539999961853027,10.5600004196167,10.539999961853027,10.550000190734863,10.550000190734863,516000
2023-11-10,10.550000190734863,10.550000190734863,10.550000190734863,10.550000190734863,10.550000190734863,39300
2023-11-13,10.550000190734863,10.550000190734863,10.550000190734863,10.550000190734863,10.550000190734863,85400
2023-11-14,10.550000190734863,10.5649995803833,10.550000190734863,10.5600004196167,10.5600004196167,110000
2023-11-15,10.5600004196167,10.5600004196167,10.520000457763672,10.539999961853027,10.539999961853027,177100
2023-11-16,10.550000190734863,10.550000190734863,10.539999961853027,10.539999961853027,10.539999961853027,17600
2023-11-17,10.550000190734863,10.550000190734863,10.550000190734863,10.550000190734863,10.550000190734863,600
2023-11-20,10.5600004196167,10.5600004196167,10.539999961853027,10.550000190734863,10.550000190734863,306600
2023-11-21,10.550000190734863,10.550000190734863,10.550000190734863,10.550000190734863,10.550000190734863,53300
2023-11-22,10.550000190734863,10.550000190734863,10.550000190734863,10.550000190734863,10.550000190734863,0
2023-11-24,10.550000190734863,10.550000190734863,10.550000190734863,10.550000190734863,10.550000190734863,800
2023-11-27,10.550000190734863,10.550000190734863,10.539999961853027,10.539999961853027,10.539999961853027,167200
2023-11-28,10.539999961853027,10.539999961853027,10.539999961853027,10.539999961853027,10.539999961853027,33500
2023-11-29,10.53499984741211,10.545000076293945,10.529999732971191,10.545000076293945,10.545000076293945,25200
2023-11-30,10.545000076293945,10.545000076293945,10.545000076293945,10.545000076293945,10.545000076293945,100
2023-12-01,10.550000190734863,10.550000190734863,10.550000190734863,10.550000190734863,10.550000190734863,500
2023-12-04,10.539999961853027,10.539999961853027,10.539999961853027,10.539999961853027,10.539999961853027,300
2023-12-05,10.53499984741211,10.53499984741211,10.529999732971191,10.529999732971191,10.529999732971191,21800
2023-12-06,10.529999732971191,10.529999732971191,10.529999732971191,10.529999732971191,10.529999732971191,0
2023-12-07,10.539999961853027,10.539999961853027,10.529999732971191,10.529999732971191,10.529999732971191,53600
2023-12-08,10.5600004196167,10.5600004196167,10.529999732971191,10.539999961853027,10.539999961853027,27900
2023-12-11,10.539999961853027,10.539999961853027,10.539999961853027,10.539999961853027,10.539999961853027,1000
2023-12-12,10.529999732971191,10.539999961853027,10.529999732971191,10.539999961853027,10.539999961853027,1900
2023-12-13,10.539999961853027,10.539999961853027,10.539999961853027,10.539999961853027,10.539999961853027,0
2023-12-14,10.529999732971191,10.529999732971191,10.529999732971191,10.529999732971191,10.529999732971191,92100
2023-12-15,10.529999732971191,10.529999732971191,10.529999732971191,10.529999732971191,10.529999732971191,5500
2023-12-18,10.539999961853027,10.539999961853027,10.529999732971191,10.529999732971191,10.529999732971191,150400
2023-12-19,10.550000190734863,10.550000190734863,10.545000076293945,10.550000190734863,10.550000190734863,276600
2023-12-20,10.550000190734863,10.550000190734863,10.550000190734863,10.550000190734863,10.550000190734863,0
2023-12-21,10.539999961853027,10.550000190734863,10.539999961853027,10.545000076293945,10.545000076293945,600
2023-12-22,10.539999961853027,10.539999961853027,10.539999961853027,10.539999961853027,10.539999961853027,4700
2023-12-26,10.539999961853027,10.539999961853027,10.53499984741211,10.539999961853027,10.539999961853027,9000
2023-12-27,10.539999961853027,10.539999961853027,10.53499984741211,10.53499984741211,10.53499984741211,23900
2023-12-28,10.529999732971191,10.539999961853027,10.529999732971191,10.539999961853027,10.539999961853027,21800
2023-12-29,10.550000190734863,10.5600004196167,10.539999961853027,10.5600004196167,10.5600004196167,274700
2024-01-02,10.5600004196167,10.579999923706055,10.5600004196167,10.569999694824219,10.569999694824219,3600
2024-01-03,10.5600004196167,10.5600004196167,10.5600004196167,10.5600004196167,10.5600004196167,4100
2024-01-04,10.5600004196167,10.569999694824219,10.5600004196167,10.569999694824219,10.569999694824219,5200
2024-01-05,10.579999923706055,10.579999923706055,10.579999923706055,10.579999923706055,10.579999923706055,200
2024-01-08,10.579999923706055,10.579999923706055,10.579999923706055,10.579999923706055,10.579999923706055,0
2024-01-09,10.579999923706055,10.579999923706055,10.569999694824219,10.569999694824219,10.569999694824219,500
2024-01-10,10.569999694824219,10.569999694824219,10.569999694824219,10.569999694824219,10.569999694824219,6000
2024-01-11,10.569999694824219,10.59000015258789,10.569999694824219,10.579999923706055,10.579999923706055,365900
2024-01-12,10.579999923706055,10.579999923706055,10.579999923706055,10.579999923706055,10.579999923706055,0
2024-01-16,10.579999923706055,10.579999923706055,10.579999923706055,10.579999923706055,10.579999923706055,0
2024-01-17,10.600000381469727,10.600000381469727,10.59000015258789,10.59000015258789,10.59000015258789,1100
2024-01-18,10.59000015258789,10.600000381469727,10.579999923706055,10.600000381469727,10.600000381469727,21500
2024-01-19,10.600000381469727,10.600000381469727,10.600000381469727,10.600000381469727,10.600000381469727,4500
2024-01-22,10.600000381469727,10.600000381469727,10.600000381469727,10.600000381469727,10.600000381469727,16400
2024-01-23,10.600000381469727,10.600000381469727,10.600000381469727,10.600000381469727,10.600000381469727,0
2024-01-24,10.600000381469727,10.600000381469727,10.59000015258789,10.59000015258789,10.59000015258789,9700
2024-01-25,10.59000015258789,10.59000015258789,10.59000015258789,10.59000015258789,10.59000015258789,300
2024-01-26,10.600000381469727,10.600000381469727,10.59000015258789,10.59000015258789,10.59000015258789,10300
2024-01-29,10.595000267028809,10.619999885559082,10.595000267028809,10.609999656677246,10.609999656677246,72800
2024-01-30,10.619999885559082,10.619999885559082,10.600000381469727,10.600000381469727,10.600000381469727,5900
2024-01-31,10.600000381469727,10.600000381469727,10.600000381469727,10.600000381469727,10.600000381469727,0
2024-02-01,10.619999885559082,10.649999618530273,10.619999885559082,10.649999618530273,10.649999618530273,338700
2024-02-02,10.65999984741211,10.65999984741211,10.65999984741211,10.65999984741211,10.65999984741211,1000
2024-02-05,10.6899995803833,10.6899995803833,10.649999618530273,10.65999984741211,10.65999984741211,3800
2024-02-06,10.65999984741211,10.65999984741211,10.65999984741211,10.65999984741211,10.65999984741211,0
2024-02-07,10.699999809265137,10.699999809265137,10.699999809265137,10.699999809265137,10.699999809265137,300
2024-02-08,10.699999809265137,10.699999809265137,10.699999809265137,10.699999809265137,10.699999809265137,600
2024-02-09,10.699999809265137,10.699999809265137,10.699999809265137,10.699999809265137,10.699999809265137,0
2024-02-12,10.680000305175781,10.725000381469727,10.680000305175781,10.725000381469727,10.725000381469727,101900
2024-02-13,10.710000038146973,10.710000038146973,10.710000038146973,10.710000038146973,10.710000038146973,700
2024-02-14,10.720000267028809,10.720000267028809,10.720000267028809,10.720000267028809,10.720000267028809,200
2024-02-15,10.720000267028809,10.739999771118164,10.649999618530273,10.739999771118164,10.739999771118164,5500
2024-02-16,10.800000190734863,10.800000190734863,10.739999771118164,10.789999961853027,10.789999961853027,22900
2024-02-20,10.789999961853027,10.819999694824219,10.789999961853027,10.800000190734863,10.800000190734863,46900
2024-02-21,10.869999885559082,10.869999885559082,10.357000350952148,10.789999961853027,10.789999961853027,35900
2024-02-22,10.4399995803833,10.75,10.3100004196167,10.59000015258789,10.59000015258789,5900
2024-02-23,10.300000190734863,10.300000190734863,9.899999618530273,9.899999618530273,9.899999618530273,1000
2024-02-26,10.420000076293945,10.479999542236328,10.420000076293945,10.479999542236328,10.479999542236328,900
2024-02-27,10.399999618530273,10.399999618530273,9.930000305175781,10.199999809265137,10.199999809265137,3200
2024-02-28,11.1899995803833,17.610000610351562,10.550000190734863,10.720000267028809,10.720000267028809,35600
2024-02-29,10.65999984741211,12.649999618530273,9.800000190734863,10.850000381469727,10.850000381469727,2600
2024-03-01,11.279999732971191,13.069999694824219,10.5,10.520000457763672,10.520000457763672,31700
2024-03-04,11.069999694824219,11.069999694824219,11.039999961853027,11.039999961853027,11.039999961853027,300
2024-03-05,11.539999961853027,12.600000381469727,11.0,11.0,11.0,1300
2024-03-06,12.640000343322754,12.640000343322754,11.0,11.300000190734863,11.300000190734863,28700
2024-03-07,11.399999618530273,11.887999534606934,10.5,10.5,10.5,43300
2024-03-08,11.300000190734863,11.300000190734863,10.75,10.75,10.75,2400
2024-03-11,11.699999809265137,13.34000015258789,11.699999809265137,13.34000015258789,13.34000015258789,2000
2024-03-12,13.949999809265137,14.0,10.505000114440918,10.9399995803833,10.9399995803833,32100
2024-03-13,12.0,12.0,10.484999656677246,10.789999961853027,10.789999961853027,21400
2024-03-14,10.800000190734863,10.800000190734863,10.800000190734863,10.800000190734863,10.800000190734863,100
2024-03-15,10.800000190734863,10.800000190734863,10.800000190734863,10.800000190734863,10.800000190734863,0
2024-03-18,11.470000267028809,11.470000267028809,11.470000267028809,11.470000267028809,11.470000267028809,1400
2024-03-19,11.470000267028809,11.470000267028809,11.470000267028809,11.470000267028809,11.470000267028809,0
2024-03-20,11.791000366210938,11.791000366210938,10.899999618530273,11.140000343322754,11.140000343322754,700
2024-03-21,12.210000038146973,12.239999771118164,11.359999656677246,11.75,11.75,2500
2024-03-22,12.859999656677246,13.3100004196167,10.425000190734863,10.489999771118164,10.489999771118164,15200
2024-03-25,10.109999656677246,11.350000381469727,9.949999809265137,10.039999961853027,10.039999961853027,4900
2024-03-26,9.640000343322754,10.350000381469727,6.199999809265137,6.579999923706055,6.579999923706055,9100
2024-03-27,12.569999694824219,56.0,9.4399995803833,44.0,44.0,4294500
2024-03-28,33.0,48.0,28.100000381469727,33.060001373291016,33.060001373291016,613700
2024-04-01,29.0,30.520000457763672,17.0,18.09000015258789,18.09000015258789,313800
2024-04-02,18.530000686645508,20.950000762939453,13.581000328063965,15.5,15.5,273900
2024-04-03,13.760000228881836,13.760000228881836,5.0,6.860000133514404,6.860000133514404,3160800
2024-04-04,6.539999961853027,6.670000076293945,5.550000190734863,5.730000019073486,5.730000019073486,869300
2024-04-05,11.029999732971191,11.899999618530273,7.5,8.15999984741211,8.15999984741211,28557900
2024-04-08,7.880000114440918,8.239999771118164,6.260000228881836,7.0,7.0,1699700
2024-04-09,6.300000190734863,6.579999923706055,5.869999885559082,6.369999885559082,6.369999885559082,1372600
2024-04-10,6.019999980926514,8.0,6.010000228881836,7.400000095367432,7.400000095367432,3584900
2024-04-11,7.329999923706055,7.449999809265137,6.489999771118164,7.019999980926514,7.019999980926514,710300
2024-04-12,6.269999980926514,6.449999809265137,5.900000095367432,6.059999942779541,6.059999942779541,934900
2024-04-15,5.900000095367432,6.0,5.53000020980835,5.570000171661377,5.570000171661377,365600
2024-04-16,5.610000133514404,5.610000133514404,4.840000152587891,4.96999979019165,4.96999979019165,641700
2024-04-17,4.920000076293945,5.380000114440918,4.901000022888184,5.019999980926514,5.019999980926514,385700
2024-04-18,4.980000019073486,5.139999866485596,4.760000228881836,4.980000019073486,4.980000019073486,313400
2024-04-19,4.929999828338623,5.289999961853027,3.799999952316284,3.9000000953674316,3.9000000953674316,701700
2024-04-22,4.210000038146973,4.440000057220459,3.9100000858306885,4.400000095367432,4.400000095367432,463900
2024-04-23,4.519999980926514,4.889999866485596,4.409999847412109,4.619999885559082,4.619999885559082,474800
2024-04-24,4.75,5.099999904632568,4.480000019073486,4.829999923706055,4.829999923706055,267800
2024-04-25,4.670000076293945,4.78000020980835,4.519999980926514,4.710000038146973,4.710000038146973,230100
2024-04-26,4.769999980926514,5.065999984741211,4.710000038146973,4.78000020980835,4.78000020980835,204500
2024-04-29,4.889999866485596,4.929999828338623,4.710000038146973,4.809999942779541,4.809999942779541,165300
2024-04-30,4.829999923706055,4.900000095367432,4.659999847412109,4.71999979019165,4.71999979019165,195500
2024-05-01,4.800000190734863,5.385000228881836,4.760000228881836,5.039999961853027,5.039999961853027,243600
2024-05-02,4.920000076293945,5.28000020980835,4.801000118255615,5.070000171661377,5.070000171661377,159300
2024-05-03,5.199999809265137,6.139999866485596,5.199999809265137,6.090000152587891,6.090000152587891,629400
2024-05-06,6.199999809265137,6.650000095367432,6.019999980926514,6.590000152587891,6.590000152587891,330900
2024-05-07,6.800000190734863,7.0,5.829999923706055,6.369999885559082,6.369999885559082,490900
2024-05-08,6.300000190734863,6.320000171661377,5.934999942779541,6.019999980926514,6.019999980926514,154600
2024-05-09,5.960000038146973,6.099999904632568,5.789999961853027,5.869999885559082,5.869999885559082,149300
2024-05-10,5.880000114440918,6.03000020980835,5.559999942779541,5.599999904632568,5.599999904632568,151000
2024-05-13,5.690000057220459,5.940000057220459,5.579999923706055,5.769999980926514,5.769999980926514,79800
2024-05-14,5.619999885559082,5.900000095367432,5.449999809265137,5.880000114440918,5.880000114440918,242400
2024-05-15,5.739999771118164,5.820000171661377,5.409999847412109,5.519999980926514,5.519999980926514,129800
2024-05-16,5.650000095367432,5.650000095367432,5.260000228881836,5.329999923706055,5.329999923706055,125100
2024-05-17,5.349999904632568,5.349999904632568,5.110000133514404,5.309999942779541,5.309999942779541,92000
2024-05-20,5.349999904632568,5.440000057220459,5.150000095367432,5.300000190734863,5.300000190734863,76200
2024-05-21,5.190000057220459,5.421000003814697,5.190000057220459,5.389999866485596,5.389999866485596,77100
2024-05-22,5.239999771118164,5.573999881744385,5.239999771118164,5.309999942779541,5.309999942779541,95000
2024-05-23,5.300000190734863,5.5,5.260000228881836,5.340000152587891,5.340000152587891,91600
2024-05-24,5.440000057220459,5.800000190734863,5.295000076293945,5.800000190734863,5.800000190734863,158400
2024-05-28,5.789999961853027,5.800000190734863,5.210000038146973,5.300000190734863,5.300000190734863,185900
2024-05-29,5.150000095367432,5.269999980926514,4.670000076293945,4.71999979019165,4.71999979019165,98800
2024-05-30,4.809999942779541,5.03000020980835,4.630000114440918,4.730000019073486,4.730000019073486,139400
2024-05-31,4.659999847412109,4.849999904632568,4.436999797821045,4.539999961853027,4.539999961853027,87800
2024-06-03,4.739999771118164,4.739999771118164,4.320000171661377,4.550000190734863,4.550000190734863,121700
2024-06-04,4.110000133514404,4.139999866485596,3.8499999046325684,3.9800000190734863,3.9800000190734863,290000
2024-06-05,3.880000114440918,3.9000000953674316,3.1500000953674316,3.190000057220459,3.190000057220459,662700
2024-06-06,3.2899999618530273,3.4600000381469727,3.069999933242798,3.069999933242798,3.069999933242798,180700
2024-06-07,3.2100000381469727,3.240000009536743,3.0399999618530273,3.0399999618530273,3.0399999618530273,268200
2024-06-10,3.1600000858306885,3.549999952316284,3.130000114440918,3.5299999713897705,3.5299999713897705,625800
2024-06-11,3.5399999618530273,4.150000095367432,3.5199999809265137,3.940000057220459,3.940000057220459,561800
2024-06-12,4.099999904632568,4.880000114440918,4.099999904632568,4.659999847412109,4.659999847412109,484300
2024-06-13,4.940000057220459,5.440000057220459,4.880000114440918,5.440000057220459,5.440000057220459,523700
2024-06-14,5.449999809265137,5.519999980926514,4.929999828338623,5.0,5.0,291900
2024-06-17,5.199999809265137,5.27400016784668,5.079999923706055,5.21999979019165,5.21999979019165,260400
2024-06-18,5.599999904632568,5.599999904632568,4.650000095367432,4.869999885559082,4.869999885559082,460700
2024-06-20,5.0,5.105000019073486,4.889999866485596,5.0,5.0,293900
2024-06-21,4.989999771118164,5.440000057220459,4.900000095367432,5.329999923706055,5.329999923706055,2028300
2024-06-24,5.230000019073486,5.650000095367432,5.230000019073486,5.579999923706055,5.579999923706055,357700
2024-06-25,5.610000133514404,5.630000114440918,5.289999961853027,5.340000152587891,5.340000152587891,383200
2024-06-26,5.349999904632568,5.440000057220459,4.434999942779541,4.519999980926514,4.519999980926514,457800
2024-06-27,4.619999885559082,4.980000019073486,4.619999885559082,4.980000019073486,4.980000019073486,191300
2024-06-28,4.980000019073486,5.230000019073486,4.980000019073486,5.210000038146973,5.210000038146973,997400
2024-07-01,5.369999885559082,5.440000057220459,5.079999923706055,5.230000019073486,5.230000019073486,142300
2024-07-02,5.230000019073486,5.40500020980835,5.119999885559082,5.300000190734863,5.300000190734863,103500
2024-07-03,5.289999961853027,5.289999961853027,5.199999809265137,5.25,5.25,48000
2024-07-05,5.360000133514404,5.449999809265137,5.135000228881836,5.28000020980835,5.28000020980835,247700
2024-07-08,5.28000020980835,5.389999866485596,5.199999809265137,5.28000020980835,5.28000020980835,195300
2024-07-09,5.199999809265137,5.269999980926514,5.050000190734863,5.190000057220459,5.190000057220459,251300
2024-07-10,5.199999809265137,5.300000190734863,5.099999904632568,5.210000038146973,5.210000038146973,171200
2024-07-11,5.099999904632568,5.182000160217285,4.550000190734863,5.159999847412109,5.159999847412109,439400
2024-07-12,5.099999904632568,5.380000114440918,5.048999786376953,5.269999980926514,5.269999980926514,210900
2024-07-15,5.25,5.25,5.059999942779541,5.079999923706055,5.079999923706055,107900
2024-07-16,5.170000076293945,5.199999809265137,5.019999980926514,5.099999904632568,5.099999904632568,137100
2024-07-17,5.0,5.059999942779541,4.920000076293945,5.0,5.0,95900
2024-07-18,5.059999942779541,5.159999847412109,4.989999771118164,5.139999866485596,5.139999866485596,210300
2024-07-19,5.099999904632568,5.099999904632568,4.704999923706055,4.840000152587891,4.840000152587891,231800
2024-07-22,4.900000095367432,5.090000152587891,4.900000095367432,4.980000019073486,4.980000019073486,91100
2024-07-23,4.96999979019165,5.019999980926514,4.928999900817871,4.96999979019165,4.96999979019165,73200
2024-07-24,4.980000019073486,4.980000019073486,4.840000152587891,4.929999828338623,4.929999828338623,98500
2024-07-25,4.909999847412109,4.989999771118164,4.809999942779541,4.880000114440918,4.880000114440918,77100
2024-07-26,4.980000019073486,4.980000019073486,4.829999923706055,4.900000095367432,4.900000095367432,43900
2024-07-29,4.880000114440918,5.005000114440918,4.800000190734863,4.860000133514404,4.860000133514404,139300
2024-07-30,4.869999885559082,4.869999885559082,4.53000020980835,4.539999961853027,4.539999961853027,85300
2024-07-31,4.699999809265137,4.800000190734863,4.644000053405762,4.699999809265137,4.699999809265137,72800
2024-08-01,4.650000095367432,4.684999942779541,4.320000171661377,4.320000171661377,4.320000171661377,112900
2024-08-02,4.159999847412109,4.230000019073486,3.930000066757202,3.930000066757202,3.930000066757202,116500
2024-08-05,3.75,3.7899999618530273,3.6600000858306885,3.7300000190734863,3.7300000190734863,115900
2024-08-06,3.799999952316284,3.890000104904175,3.640000104904175,3.6600000858306885,3.6600000858306885,62500
2024-08-07,3.740000009536743,3.740000009536743,3.309999942779541,3.3399999141693115,3.3399999141693115,88200
2024-08-08,3.369999885559082,3.428999900817871,3.25,3.2899999618530273,3.2899999618530273,136300
2024-08-09,3.319999933242798,3.690000057220459,3.299999952316284,3.369999885559082,3.369999885559082,190000
2024-08-12,3.4600000381469727,3.4600000381469727,3.299999952316284,3.4000000953674316,3.4000000953674316,111200
2024-08-13,3.8499999046325684,3.9800000190734863,3.434999942779541,3.759999990463257,3.759999990463257,10134800
2024-08-14,3.6600000858306885,3.799999952316284,3.3499999046325684,3.5999999046325684,3.5999999046325684,1001100
2024-08-15,3.3499999046325684,3.8399999141693115,3.299999952316284,3.7899999618530273,3.7899999618530273,581900
2024-08-16,3.690000057220459,3.7100000381469727,3.390000104904175,3.5,3.5,393400
2024-08-19,3.4200000762939453,3.549999952316284,3.4200000762939453,3.5399999618530273,3.5399999618530273,212200
2024-08-20,3.490000009536743,3.569999933242798,3.490000009536743,3.5299999713897705,3.5299999713897705,206700
2024-08-21,3.440000057220459,3.5399999618530273,3.390000104904175,3.4600000381469727,3.4600000381469727,281800
2024-08-22,3.390000104904175,3.430000066757202,3.130000114440918,3.1700000762939453,3.1700000762939453,484200
2024-08-23,3.200000047683716,3.200000047683716,2.799999952316284,2.990000009536743,2.990000009536743,699900
2024-08-26,2.9700000286102295,2.9700000286102295,2.740000009536743,2.75,2.75,433700
2024-08-27,2.7200000286102295,2.7880001068115234,2.4700000286102295,2.7799999713897705,2.7799999713897705,292900
2024-08-28,2.8299999237060547,3.2699999809265137,2.819999933242798,2.9700000286102295,2.9700000286102295,644500
2024-08-29,3.0,3.0,2.6700000762939453,2.819999933242798,2.819999933242798,357200
2024-08-30,2.8299999237060547,2.869999885559082,2.759999990463257,2.799999952316284,2.799999952316284,175300
2024-09-03,2.799999952316284,2.8499999046325684,2.61299991607666,2.640000104904175,2.640000104904175,257300
2024-09-04,2.6500000953674316,2.740000009536743,2.630000114440918,2.6700000762939453,2.6700000762939453,137700
2024-09-05,2.640000104904175,2.7899999618530273,2.640000104904175,2.7799999713897705,2.7799999713897705,134200
2024-09-06,2.690000057220459,2.759999990463257,2.5799999237060547,2.619999885559082,2.619999885559082,164700
2024-09-09,2.640000104904175,2.6649999618530273,2.359999895095825,2.440000057220459,2.440000057220459,259400
2024-09-10,2.4700000286102295,2.5899999141693115,2.380000114440918,2.4800000190734863,2.4800000190734863,169200
2024-09-11,2.4600000381469727,2.6500000953674316,2.3499999046325684,2.6500000953674316,2.6500000953674316,190900
2024-09-12,2.6700000762939453,2.799999952316284,2.6679999828338623,2.7100000381469727,2.7100000381469727,113600
2024-09-13,2.7300000190734863,2.9200000762939453,2.7300000190734863,2.8299999237060547,2.8299999237060547,228000
2024-09-16,2.8299999237060547,2.8399999141693115,2.7100000381469727,2.7899999618530273,2.7899999618530273,67300
2024-09-17,2.799999952316284,2.8399999141693115,2.7300000190734863,2.75,2.75,73200
2024-09-18,2.7699999809265137,2.7899999618530273,2.674999952316284,2.680000066757202,2.680000066757202,143400
2024-09-19,2.799999952316284,2.8499999046325684,2.7100000381469727,2.7799999713897705,2.7799999713897705,164800
2024-09-20,2.7699999809265137,2.890000104904175,2.7100000381469727,2.759999990463257,2.759999990463257,186500
2024-09-23,2.799999952316284,2.8399999141693115,2.7699999809265137,2.799999952316284,2.799999952316284,77600
2024-09-24,2.8399999141693115,2.996000051498413,2.809999942779541,2.869999885559082,2.869999885559082,154600
2024-09-25,2.9000000953674316,3.0,2.8399999141693115,2.940000057220459,2.940000057220459,80800
2024-09-26,3.0199999809265137,3.25,2.930000066757202,3.200000047683716,3.200000047683716,162700
2024-09-27,3.119999885559082,3.240000009536743,3.119999885559082,3.2300000190734863,3.2300000190734863,136800
2024-09-30,3.3399999141693115,3.450000047683716,3.309999942779541,3.3499999046325684,3.3499999046325684,196000
2024-10-01,3.380000114440918,3.4000000953674316,2.9800000190734863,3.0,3.0,259800
2024-10-02,3.0,3.0299999713897705,2.869999885559082,2.880000114440918,2.880000114440918,123200
2024-10-03,2.8399999141693115,2.8580000400543213,2.640000104904175,2.6700000762939453,2.6700000762939453,237100
2024-10-04,2.75,2.7899999618530273,2.5999999046325684,2.5999999046325684,2.5999999046325684,105500
2024-10-07,2.609999895095825,2.765000104904175,2.5199999809265137,2.700000047683716,2.700000047683716,144600
2024-10-08,2.690000057220459,2.7699999809265137,2.5999999046325684,2.5999999046325684,2.5999999046325684,85900
2024-10-09,2.609999895095825,2.694999933242798,2.5380001068115234,2.6700000762939453,2.6700000762939453,77800
2024-10-10,2.5899999141693115,2.700000047683716,2.549999952316284,2.609999895095825,2.609999895095825,134300
2024-10-11,2.6500000953674316,2.680000066757202,2.450000047683716,2.5299999713897705,2.5299999713897705,172600
2024-10-14,2.5299999713897705,2.5299999713897705,2.3499999046325684,2.3499999046325684,2.3499999046325684,231200
2024-10-15,2.3499999046325684,2.6500000953674316,2.2799999713897705,2.5199999809265137,2.5199999809265137,243700
2024-10-16,2.5399999618530273,2.5999999046325684,2.4100000858306885,2.440000057220459,2.440000057220459,124400
2024-10-17,2.450000047683716,2.549999952316284,2.4200000762939453,2.440000057220459,2.440000057220459,110200
2024-10-18,2.4600000381469727,2.740000009536743,2.4600000381469727,2.619999885559082,2.619999885559082,133800
2024-10-21,2.619999885559082,2.7300000190734863,2.549999952316284,2.700000047683716,2.700000047683716,93900
2024-10-22,2.6700000762939453,2.686000108718872,2.569999933242798,2.609999895095825,2.609999895095825,55600
2024-10-23,2.5899999141693115,2.5899999141693115,2.4700000286102295,2.4800000190734863,2.4800000190734863,127700
2024-10-24,2.4800000190734863,2.739000082015991,2.4600000381469727,2.7300000190734863,2.7300000190734863,69900
2024-10-25,2.690000057220459,2.7799999713897705,2.5999999046325684,2.7100000381469727,2.7100000381469727,165500
2024-10-28,2.7100000381469727,2.7699999809265137,2.5999999046325684,2.5999999046325684,2.5999999046325684,143000
2024-10-29,2.619999885559082,2.619999885559082,2.5,2.5399999618530273,2.5399999618530273,130900
2024-10-30,2.559999942779541,2.575000047683716,2.4000000953674316,2.4700000286102295,2.4700000286102295,131800
2024-10-31,2.5199999809265137,2.5199999809265137,2.259999990463257,2.309999942779541,2.309999942779541,176400
2024-11-01,2.4200000762939453,2.5799999237060547,2.4200000762939453,2.5299999713897705,2.5299999713897705,159700
2024-11-04,2.549999952316284,2.759999990463257,2.509999990463257,2.5399999618530273,2.5399999618530273,170100
2024-11-05,2.619999885559082,2.759000062942505,2.5239999294281006,2.609999895095825,2.609999895095825,122500
2024-11-06,2.619999885559082,2.7190001010894775,2.619999885559082,2.690000057220459,2.690000057220459,94200
2024-11-07,2.630000114440918,2.7799999713897705,2.609999895095825,2.7300000190734863,2.7300000190734863,80300
2024-11-08,2.740000009536743,2.859999895095825,2.700000047683716,2.8499999046325684,2.8499999046325684,132900
