Date,Open,High,Low,Close,Adj Close,Volume
2019-06-05,25.0,25.18000030517578,24.950000762939453,25.1200008392334,19.442310333251953,532200
2019-06-06,25.149999618530273,25.25,25.059999465942383,25.18000030517578,19.488750457763672,248204
2019-06-07,25.290000915527344,25.5,25.190000534057617,25.399999618530273,19.659025192260742,100095
2019-06-10,25.440000534057617,25.450000762939453,25.299999237060547,25.399999618530273,19.659025192260742,36281
2019-06-11,25.399999618530273,25.399999618530273,25.280000686645508,25.299999237060547,19.581626892089844,28050
2019-06-12,25.309999465942383,25.3799991607666,25.25,25.260000228881836,19.55067253112793,137603
2019-06-13,25.309999465942383,25.31999969482422,25.270000457763672,25.299999237060547,19.581626892089844,41027
2019-06-14,25.329999923706055,25.34000015258789,25.260000228881836,25.290000915527344,19.573884963989258,63418
2019-06-17,25.291000366210938,25.31599998474121,25.270000457763672,25.31599998474121,19.594013214111328,67690
2019-06-18,25.299999237060547,25.439899444580078,25.281999588012695,25.309999465942383,19.589366912841797,120432
2019-06-19,25.31999969482422,25.345500946044922,25.280000686645508,25.295000076293945,19.5777587890625,82890
2019-06-20,25.31999969482422,25.3799991607666,25.31999969482422,25.360000610351562,19.62806510925293,49788
2019-06-21,25.3700008392334,25.3700008392334,25.309999465942383,25.309999465942383,19.589366912841797,34259
2019-06-24,25.350000381469727,25.450000762939453,25.338300704956055,25.409799575805664,19.666603088378906,54602
2019-06-25,25.41010093688965,25.434999465942383,25.3799991607666,25.429899215698242,19.682165145874023,24838
2019-06-26,25.42259979248047,25.709999084472656,25.415000915527344,25.530000686645508,19.759641647338867,25999
2019-06-27,25.559999465942383,25.559999465942383,25.420000076293945,25.480499267578125,19.721324920654297,66933
2019-06-28,25.489999771118164,25.600000381469727,25.420000076293945,25.420000076293945,19.674501419067383,11358
2019-07-01,25.493999481201172,25.549999237060547,25.450000762939453,25.510000228881836,19.744159698486328,13064
2019-07-02,25.54400062561035,25.559999465942383,25.530000686645508,25.540000915527344,19.767379760742188,7774
2019-07-03,25.56999969482422,25.600000381469727,25.53890037536621,25.58989906311035,19.805999755859375,5830
2019-07-05,25.600000381469727,25.600000381469727,25.520000457763672,25.549999237060547,19.775121688842773,8786
2019-07-08,25.600000381469727,25.600000381469727,25.489999771118164,25.545000076293945,19.771249771118164,7920
2019-07-09,25.600000381469727,25.639999389648438,25.530000686645508,25.610599517822266,19.822019577026367,14779
2019-07-10,25.579999923706055,25.799999237060547,25.579999923706055,25.68000030517578,19.875736236572266,16177
2019-07-11,25.700000762939453,25.700000762939453,25.56999969482422,25.659900665283203,19.86018180847168,10146
2019-07-12,25.622499465942383,25.665000915527344,25.588499069213867,25.6643009185791,19.863584518432617,9320
2019-07-15,25.663000106811523,25.700000762939453,25.655000686645508,25.660400390625,19.860565185546875,6524
2019-07-16,25.6200008392334,25.639999389648438,25.40999984741211,25.520000457763672,19.75189971923828,71103
2019-07-17,25.549999237060547,25.6299991607666,25.5,25.6299991607666,19.8370361328125,71786
2019-07-18,25.649999618530273,25.690000534057617,25.649999618530273,25.68549919128418,19.879993438720703,12613
2019-07-19,25.64080047607422,25.690000534057617,25.64080047607422,25.690000534057617,19.883474349975586,1958
2019-07-22,25.68400001525879,25.690000534057617,25.670000076293945,25.690000534057617,19.883474349975586,2539
2019-07-23,25.695999145507812,25.729999542236328,25.68000030517578,25.729999542236328,19.914438247680664,11982
2019-07-24,25.739999771118164,25.739999771118164,25.69890022277832,25.739999771118164,19.922178268432617,5822
2019-07-25,25.739999771118164,25.829999923706055,25.700000762939453,25.810100555419922,19.976428985595703,16502
2019-07-26,25.809999465942383,25.81209945678711,25.73889923095703,25.799999237060547,19.96861457824707,5029
2019-07-29,25.761899948120117,25.84000015258789,25.760000228881836,25.81410026550293,19.97952651977539,9687
2019-07-30,25.850000381469727,25.850000381469727,25.719999313354492,25.819599151611328,19.98378562927246,11809
2019-07-31,25.76569938659668,25.867000579833984,25.76569938659668,25.863100051879883,20.0174560546875,18784
2019-08-01,25.781400680541992,25.8799991607666,25.781400680541992,25.8799991607666,20.030534744262695,5305
2019-08-02,25.889999389648438,25.889999389648438,25.760000228881836,25.86989974975586,20.022714614868164,11330
2019-08-05,25.760000228881836,25.78730010986328,25.600000381469727,25.6299991607666,19.8370361328125,16046
2019-08-06,25.59000015258789,25.715099334716797,25.579999923706055,25.639999389648438,19.844776153564453,6698
2019-08-07,25.6200008392334,25.726900100708008,25.6200008392334,25.726900100708008,19.912038803100586,1700
2019-08-08,25.700000762939453,25.799999237060547,25.67099952697754,25.799999237060547,19.96861457824707,6785
2019-08-09,25.77790069580078,25.77790069580078,25.709999084472656,25.769899368286133,19.9453125,9956
2019-08-12,25.739999771118164,25.809999465942383,25.739999771118164,25.809999465942383,19.97635269165039,4285
2019-08-13,25.850000381469727,25.920000076293945,25.850000381469727,25.920000076293945,20.061494827270508,8073
2019-08-14,25.93000030517578,25.954999923706055,25.85099983215332,25.908599853515625,20.052669525146484,9800
2019-08-15,26.0,26.0,25.851499557495117,25.861000061035156,20.015827178955078,2025
2019-08-16,25.927900314331055,25.927900314331055,25.915800094604492,25.91939926147461,20.061023712158203,765
2019-08-19,25.969999313354492,26.0,25.950000762939453,25.989999771118164,20.115673065185547,7320
2019-08-20,25.950000762939453,26.100000381469727,25.917999267578125,26.05500030517578,20.16597557067871,18162
2019-08-21,26.100000381469727,26.479999542236328,26.089399337768555,26.149799346923828,20.239355087280273,6410
2019-08-22,26.23259925842285,26.33989906311035,26.149999618530273,26.161399841308594,20.248332977294922,13000
2019-08-23,26.18000030517578,26.18000030517578,26.144899368286133,26.150100708007812,20.23958969116211,3126
2019-08-26,26.68000030517578,26.68000030517578,26.200000762939453,26.3799991607666,20.41752052307129,37355
2019-08-27,26.530000686645508,26.549999237060547,26.389999389648438,26.458099365234375,20.477968215942383,15712
2019-08-28,26.549999237060547,26.56999969482422,26.485000610351562,26.487499237060547,20.50072479248047,8619
2019-08-29,26.579999923706055,26.579999923706055,26.50979995727539,26.533899307250977,20.536638259887695,3646
2019-08-30,26.600000381469727,26.600000381469727,26.540000915527344,26.59000015258789,20.580059051513672,9319
2019-09-03,26.48900032043457,26.59000015258789,26.450000762939453,26.59000015258789,20.580059051513672,5060
2019-09-04,26.59000015258789,26.600000381469727,26.500099182128906,26.52680015563965,20.53114128112793,9619
2019-09-05,26.5,26.502899169921875,26.36949920654297,26.493099212646484,20.505056381225586,9433
2019-09-06,26.540000915527344,26.540000915527344,26.350000381469727,26.5,20.510398864746094,9332
2019-09-09,26.59000015258789,26.59000015258789,26.25,26.360000610351562,20.402042388916016,30810
2019-09-10,26.360000610351562,26.360000610351562,26.200000762939453,26.259899139404297,20.324569702148438,3774
2019-09-11,26.22170066833496,26.273300170898438,26.19700050354004,26.251699447631836,20.318222045898438,5249
2019-09-12,26.299999237060547,26.299999237060547,26.170000076293945,26.202999114990234,20.280527114868164,9040
2019-09-13,26.18000030517578,26.215999603271484,25.920000076293945,25.920000076293945,20.061494827270508,12124
2019-09-16,26.0,26.030000686645508,25.8700008392334,25.989700317382812,20.115436553955078,17041
2019-09-17,26.030000686645508,26.239999771118164,26.020000457763672,26.239999771118164,20.309165954589844,16778
2019-09-18,25.850000381469727,25.860000610351562,25.780000686645508,25.859899520874023,20.330236434936523,5654
2019-09-19,25.860000610351562,25.969999313354492,25.860000610351562,25.969999313354492,20.416791915893555,21380
2019-09-20,25.969999313354492,26.139999389648438,25.950000762939453,26.07710075378418,20.500988006591797,14380
2019-09-23,26.048099517822266,26.149999618530273,26.010000228881836,26.149999618530273,20.558300018310547,7979
2019-09-24,26.148300170898438,26.209999084472656,26.1299991607666,26.155799865722656,20.562862396240234,17600
2019-09-25,26.147199630737305,26.209999084472656,26.147199630737305,26.19770050048828,20.59579849243164,7059
2019-09-26,26.157800674438477,26.260000228881836,26.059999465942383,26.260000228881836,20.644777297973633,12219
2019-09-27,26.260000228881836,26.260000228881836,26.183000564575195,26.207700729370117,20.603668212890625,8382
2019-09-30,26.150100708007812,26.270000457763672,26.150100708007812,26.270000457763672,20.65264320373535,6021
2019-10-01,26.315000534057617,26.350000381469727,26.25,26.25,20.63691520690918,8850
2019-10-02,26.188199996948242,26.360000610351562,26.188199996948242,26.280000686645508,20.660499572753906,8277
2019-10-03,26.194000244140625,26.249300003051758,26.194000244140625,26.222999572753906,20.615694046020508,1931
2019-10-04,26.360000610351562,26.360000610351562,26.190000534057617,26.190000534057617,20.58974838256836,5866
2019-10-07,26.339000701904297,26.350000381469727,26.224000930786133,26.30590057373047,20.680864334106445,4991
2019-10-08,26.350000381469727,26.3799991607666,26.24340057373047,26.31529998779297,20.68825340270996,3548
2019-10-09,26.283199310302734,26.3799991607666,26.283199310302734,26.309999465942383,20.6840877532959,2204
2019-10-10,26.350000381469727,26.3799991607666,26.280000686645508,26.280000686645508,20.660499572753906,10490
2019-10-11,26.3799991607666,26.3799991607666,26.213499069213867,26.25,20.63691520690918,8866
2019-10-14,26.272600173950195,26.3799991607666,26.272600173950195,26.350000381469727,20.715532302856445,9899
2019-10-15,26.350000381469727,26.350000381469727,26.284700393676758,26.326000213623047,20.696670532226562,7963
2019-10-16,26.350000381469727,26.492700576782227,26.299999237060547,26.44409942626953,20.789514541625977,12898
2019-10-17,26.530000686645508,26.56999969482422,26.495100021362305,26.559999465942383,20.880630493164062,13075
2019-10-18,26.493799209594727,26.670000076293945,26.493799209594727,26.65999984741211,20.95924949645996,17251
2019-10-21,26.450000762939453,26.670000076293945,26.450000762939453,26.670000076293945,20.96710968017578,15025
2019-10-22,26.68000030517578,26.780000686645508,26.570100784301758,26.700000762939453,20.99069595336914,25275
2019-10-23,26.700000762939453,26.72949981689453,26.62299919128418,26.665199279785156,20.963333129882812,3950
2019-10-24,26.65519905090332,26.66950035095215,26.600000381469727,26.649999618530273,20.951383590698242,8562
2019-10-25,26.600000381469727,26.600000381469727,26.450000762939453,26.479999542236328,20.817731857299805,11780
2019-10-28,26.450000762939453,26.450000762939453,26.363500595092773,26.3705997467041,20.731731414794922,15021
2019-10-29,26.600000381469727,26.600000381469727,26.3799991607666,26.389999389648438,20.74698257446289,10077
2019-10-30,26.559999465942383,26.579999923706055,26.47800064086914,26.47800064086914,20.816165924072266,2960
2019-10-31,26.538999557495117,26.56999969482422,26.420000076293945,26.559999465942383,20.880630493164062,6650
2019-11-01,26.5,26.5,26.48430061340332,26.48430061340332,20.821117401123047,2850
2019-11-04,26.610000610351562,26.610000610351562,26.5,26.610000610351562,20.91993522644043,4294
2019-11-05,26.56220054626465,26.56220054626465,26.469999313354492,26.47010040283203,20.809951782226562,4131
2019-11-06,26.5,26.503700256347656,26.498899459838867,26.503700256347656,20.836368560791016,4100
2019-11-07,26.459999084472656,26.47719955444336,26.239999771118164,26.274999618530273,20.656572341918945,19771
2019-11-08,26.300899505615234,26.300899505615234,26.190000534057617,26.190000534057617,20.58974838256836,5720
2019-11-11,26.260000228881836,26.265600204467773,26.149999618530273,26.149999618530273,20.558300018310547,3744
2019-11-12,26.27790069580078,26.27790069580078,26.139999389648438,26.15999984741211,20.566164016723633,8784
2019-11-13,26.290000915527344,26.290000915527344,26.229999542236328,26.229999542236328,20.62119483947754,3066
2019-11-14,26.34000015258789,26.43000030517578,26.33930015563965,26.389999389648438,20.74698257446289,4366
2019-11-15,26.399999618530273,26.5,26.268699645996094,26.5,20.83346176147461,4641
2019-11-18,26.5,26.510000228881836,26.299999237060547,26.426000595092773,20.775285720825195,10871
2019-11-19,26.35300064086914,26.482999801635742,26.312999725341797,26.479999542236328,20.817731857299805,7380
2019-11-20,26.530000686645508,26.610000610351562,26.440500259399414,26.610000610351562,20.91993522644043,12688
2019-11-21,26.610000610351562,26.610000610351562,26.477699279785156,26.610000610351562,20.91993522644043,1802
2019-11-22,26.5,26.639999389648438,26.459999084472656,26.576099395751953,20.893287658691406,7237
2019-11-25,26.56999969482422,26.6299991607666,26.329999923706055,26.329999923706055,20.699811935424805,22575
2019-11-26,26.57699966430664,26.57699966430664,26.30500030517578,26.309999465942383,20.6840877532959,5611
2019-11-27,26.389999389648438,26.459999084472656,26.320999145507812,26.412900924682617,20.76498794555664,4976
2019-11-29,26.31999969482422,26.350099563598633,26.31999969482422,26.31999969482422,20.691946029663086,3500
2019-12-02,26.399999618530273,26.440000534057617,26.299999237060547,26.3700008392334,20.73126220703125,8910
2019-12-03,26.440000534057617,26.75,26.35740089416504,26.700000762939453,20.99069595336914,25350
2019-12-04,26.610000610351562,26.700000762939453,26.540000915527344,26.610000610351562,20.91993522644043,8353
2019-12-05,26.600000381469727,26.630599975585938,26.309999465942383,26.395000457763672,20.75091552734375,13615
2019-12-06,26.371999740600586,26.3799991607666,26.329999923706055,26.329999923706055,20.699811935424805,2790
2019-12-09,26.479999542236328,26.479999542236328,26.329999923706055,26.329999923706055,20.699811935424805,7059
2019-12-10,26.43000030517578,26.559999465942383,26.31999969482422,26.497600555419922,20.831573486328125,6290
2019-12-11,26.59000015258789,26.59000015258789,26.399999618530273,26.5,20.83346176147461,5413
2019-12-12,26.43400001525879,26.482900619506836,26.420000076293945,26.475500106811523,20.814197540283203,4365
2019-12-13,26.42009925842285,26.509599685668945,26.420000076293945,26.509599685668945,20.84101104736328,3400
2019-12-16,26.489999771118164,26.549999237060547,26.489999771118164,26.51889991760254,20.84832000732422,4909
2019-12-17,26.309999465942383,26.360000610351562,26.1200008392334,26.33370018005371,20.96831512451172,11071
2019-12-18,26.330900192260742,26.3799991607666,26.2677001953125,26.354999542236328,20.985273361206055,2330
2019-12-19,26.357999801635742,26.3700008392334,26.357999801635742,26.359699249267578,20.989015579223633,1534
2019-12-20,26.365999221801758,26.439300537109375,26.329999923706055,26.439300537109375,21.052396774291992,1835
2019-12-23,26.489999771118164,26.489999771118164,26.299999237060547,26.319700241088867,20.95716667175293,10192
2019-12-24,26.450000762939453,26.450000762939453,26.260000228881836,26.381799697875977,21.00661277770996,4739
2019-12-26,26.352399826049805,26.440000534057617,26.352399826049805,26.414499282836914,21.032651901245117,2596
2019-12-27,26.411399841308594,26.49839973449707,26.411399841308594,26.450000762939453,21.06092071533203,1147
2019-12-30,26.549999237060547,26.549999237060547,26.427900314331055,26.537200927734375,21.130355834960938,3790
2019-12-31,26.540000915527344,26.559999465942383,26.5,26.533599853515625,21.127485275268555,2967
2020-01-02,26.53689956665039,26.729999542236328,26.53689956665039,26.6200008392334,21.19628143310547,8612
2020-01-03,26.559999465942383,26.700000762939453,26.559999465942383,26.700000762939453,21.259984970092773,9189
2020-01-06,26.649999618530273,26.655000686645508,26.559999465942383,26.560100555419922,21.148588180541992,3600
2020-01-07,26.57200050354004,26.69580078125,26.47369956970215,26.5,21.10073471069336,5100
2020-01-09,26.649999618530273,26.700000762939453,26.55739974975586,26.640399932861328,21.212526321411133,2852
2020-01-10,26.700000762939453,26.790000915527344,26.700000762939453,26.714500427246094,21.271526336669922,5509
2020-01-13,26.771699905395508,26.771699905395508,26.771699905395508,26.771699905395508,21.317075729370117,245
2020-01-14,26.700000762939453,26.77400016784668,26.700000762939453,26.736600875854492,21.289127349853516,1048
2020-01-15,26.600000381469727,26.809999465942383,26.600000381469727,26.79789924621582,21.337936401367188,2168
2020-01-16,26.70560073852539,26.70560073852539,26.559999465942383,26.559999465942383,21.148508071899414,4455
2020-01-17,26.559999465942383,26.559999465942383,26.520000457763672,26.55459976196289,21.14420509338379,5375
2020-01-21,26.639999389648438,26.639999389648438,26.639999389648438,26.639999389648438,21.21220588684082,614
2020-01-22,26.704500198364258,27.239999771118164,26.704500198364258,26.916400909423828,21.432292938232422,5752
2020-01-23,26.8799991607666,26.93000030517578,26.719999313354492,26.90999984741211,21.42719841003418,3955
2020-01-24,26.69610023498535,26.979999542236328,26.69610023498535,26.90999984741211,21.42719841003418,7475
2020-01-27,26.884000778198242,26.979999542236328,26.883499145507812,26.969999313354492,21.474973678588867,2291
2020-01-28,26.969999313354492,26.989999771118164,26.797100067138672,26.989999771118164,21.49089813232422,12792
2020-01-29,26.829999923706055,26.829999923706055,26.809999465942383,26.829999923706055,21.363492965698242,5800
2020-01-30,26.829999923706055,26.920000076293945,26.829999923706055,26.91510009765625,21.431255340576172,2332
2020-02-03,26.75,26.899999618530273,26.75,26.81999969482422,21.355533599853516,3079
2020-02-04,26.760000228881836,26.87660026550293,26.75,26.844999313354492,21.375436782836914,3715
2020-02-05,26.81999969482422,26.948699951171875,26.81999969482422,26.850000381469727,21.379419326782227,945
2020-02-07,26.850000381469727,26.979999542236328,26.850000381469727,26.979999542236328,21.482933044433594,2309
2020-02-10,26.979999542236328,27.049999237060547,26.96579933166504,27.04789924621582,21.53700065612793,4462
2020-02-11,26.89579963684082,27.06999969482422,26.89579963684082,27.06999969482422,21.554595947265625,1235
2020-02-12,26.969999313354492,26.969999313354492,26.950000762939453,26.950000762939453,21.459047317504883,1365
2020-02-13,26.829999923706055,27.065399169921875,26.829999923706055,27.065399169921875,21.550933837890625,3762
2020-02-14,27.0,27.139999389648438,26.8700008392334,27.139999389648438,21.61033821105957,5200
2020-02-19,27.139999389648438,27.139999389648438,27.023000717163086,27.139999389648438,21.61033821105957,1087
2020-02-20,27.0310001373291,27.229999542236328,26.90999984741211,27.059999465942383,21.5466365814209,4585
2020-02-21,27.248899459838867,27.248899459838867,27.248899459838867,27.248899459838867,21.697044372558594,580
2020-02-24,26.891199111938477,26.891199111938477,26.891199111938477,26.891199111938477,21.412227630615234,342
2020-02-25,26.91939926147461,26.933799743652344,26.68000030517578,26.885000228881836,21.407291412353516,6675
2020-02-26,26.780000686645508,26.858299255371094,26.780000686645508,26.85449981689453,21.38300323486328,2140
2020-02-27,26.75,26.80500030517578,26.727100372314453,26.760000228881836,21.30776023864746,8950
2020-02-28,26.40999984741211,26.672500610351562,26.010000228881836,26.020000457763672,20.718528747558594,19209
2020-03-02,26.3799991607666,26.3799991607666,26.030000686645508,26.323999404907227,20.96059226989746,1700
2020-03-03,26.515300750732422,26.515300750732422,26.15999984741211,26.167800903320312,20.836219787597656,9373
2020-03-04,26.326400756835938,26.50480079650879,26.260000228881836,26.280000686645508,20.925556182861328,5950
2020-03-05,26.469999313354492,26.479999542236328,26.270000457763672,26.354999542236328,20.985273361206055,3536
2020-03-06,26.350000381469727,26.350000381469727,26.299999237060547,26.309999465942383,20.949443817138672,1855
2020-03-09,25.25,26.153900146484375,25.25,26.014999389648438,20.71454620361328,4295
2020-03-10,25.601200103759766,26.045000076293945,25.601200103759766,25.92099952697754,20.63970184326172,10150
2020-03-11,26.016000747680664,26.05769920349121,25.770000457763672,26.05769920349121,20.748544692993164,5550
2020-03-12,26.049999237060547,26.049999237060547,24.9960994720459,25.21500015258789,20.077545166015625,47106
2020-03-13,25.836000442504883,25.836000442504883,25.5,25.530000686645508,20.328365325927734,8889
2020-03-16,25.25,25.25,24.700000762939453,24.899999618530273,19.826725006103516,31959
2020-03-17,25.899999618530273,25.899999618530273,24.929000854492188,25.010000228881836,19.914316177368164,14862
2020-03-18,24.559999465942383,24.559999465942383,21.600000381469727,22.219999313354492,17.933622360229492,40967
2020-03-19,22.0,23.700199127197266,21.079999923706055,22.170000076293945,17.89327049255371,44992
2020-03-20,22.209999084472656,23.399999618530273,22.209999084472656,23.084999084472656,18.63176155090332,10450
2020-03-23,22.600000381469727,23.5,22.010000228881836,22.399999618530273,18.078899383544922,7363
2020-03-24,23.399999618530273,24.229999542236328,22.530000686645508,24.1737003326416,19.51044273376465,42384
2020-03-25,24.100000381469727,25.349899291992188,24.100000381469727,25.030399322509766,20.201881408691406,27088
2020-03-26,27.0,27.0,24.888999938964844,25.149999618530273,20.298410415649414,30449
2020-03-27,25.0,25.100000381469727,25.0,25.100000381469727,20.258058547973633,4595
2020-03-30,25.0,25.100000381469727,24.75,24.936899185180664,20.12641716003418,18287
2020-03-31,24.850000381469727,25.08169937133789,24.75,24.99020004272461,20.1694393157959,7262
2020-04-01,25.02630043029785,25.02630043029785,24.549999237060547,24.75,19.975576400756836,10893
2020-04-02,25.049999237060547,25.329999923706055,24.975000381469727,25.1299991607666,20.28226661682129,17501
2020-04-03,24.9950008392334,25.1299991607666,24.850000381469727,24.850000381469727,20.05628204345703,4108
2020-04-06,25.040000915527344,25.040000915527344,24.700000762939453,24.924999237060547,20.116809844970703,3705
2020-04-07,25.229999542236328,25.600000381469727,25.010000228881836,25.374399185180664,20.47952651977539,10243
2020-04-08,25.309999465942383,25.549999237060547,25.110000610351562,25.519500732421875,20.596633911132812,10416
2020-04-09,25.51099967956543,25.58799934387207,25.010000228881836,25.388399124145508,20.49081802368164,12985
2020-04-13,25.399999618530273,25.40999984741211,25.399999618530273,25.399999618530273,20.50018310546875,3636
2020-04-14,25.399999618530273,25.499900817871094,25.25,25.399999618530273,20.50018310546875,5528
2020-04-15,25.200000762939453,25.600000381469727,25.200000762939453,25.40999984741211,20.508256912231445,10890
2020-04-16,25.43000030517578,25.64299964904785,25.28230094909668,25.621000289916992,20.678552627563477,6051
2020-04-17,25.649999618530273,25.760000228881836,25.477500915527344,25.489999771118164,20.572824478149414,6449
2020-04-20,25.600000381469727,25.739999771118164,25.600000381469727,25.739999771118164,20.774595260620117,2648
2020-04-21,25.610000610351562,25.849899291992188,25.459999084472656,25.849899291992188,20.86329460144043,4390
2020-04-22,25.829999923706055,25.829999923706055,25.549999237060547,25.65999984741211,20.71002769470215,6620
2020-04-23,25.719999313354492,25.719999313354492,25.700000762939453,25.700000762939453,20.7423152923584,1000
2020-04-27,25.7549991607666,25.7549991607666,25.584999084472656,25.68000030517578,20.72616958618164,6956
2020-04-28,25.680200576782227,25.683900833129883,25.68000030517578,25.68000030517578,20.72616958618164,7778
2020-04-29,25.760000228881836,25.760000228881836,25.760000228881836,25.760000228881836,20.79073715209961,730
2020-04-30,25.729999542236328,26.170000076293945,25.729999542236328,25.811599731445312,20.83238410949707,11649
2020-05-01,25.709999084472656,25.90999984741211,25.709999084472656,25.899999618530273,20.90373420715332,5358
2020-05-04,25.600000381469727,25.790000915527344,25.600000381469727,25.75,20.78266716003418,5341
2020-05-05,25.889999389648438,25.889999389648438,25.829999923706055,25.835500717163086,20.851675033569336,4531
2020-05-06,25.945600509643555,25.945600509643555,25.84000015258789,25.850000381469727,20.863374710083008,1113
2020-05-07,25.899999618530273,25.899999618530273,25.860000610351562,25.899999618530273,20.90373420715332,7157
2020-05-08,25.809999465942383,26.05500030517578,25.809999465942383,26.05500030517578,21.028831481933594,6500
2020-05-11,25.579999923706055,25.959999084472656,25.579999923706055,25.959999084472656,20.952157974243164,2373
2020-05-12,25.825000762939453,25.86359977722168,25.825000762939453,25.829999923706055,20.847232818603516,3069
2020-05-13,26.040000915527344,26.040000915527344,25.6299991607666,25.770000457763672,20.798805236816406,15998
2020-05-14,25.809999465942383,25.830699920654297,25.719999313354492,25.75,20.78266716003418,11227
2020-05-15,25.719999313354492,25.84000015258789,25.654699325561523,25.700000762939453,20.7423152923584,4289
2020-05-18,25.799999237060547,25.905000686645508,25.670000076293945,25.799999237060547,20.823020935058594,31306
2020-05-19,26.010000228881836,26.010000228881836,25.850000381469727,25.9950008392334,20.980403900146484,6355
2020-05-20,26.010000228881836,26.09000015258789,25.90250015258789,26.065000534057617,21.036901473999023,23091
2020-05-21,25.989999771118164,26.030000686645508,25.959999084472656,25.975000381469727,20.964265823364258,3775
2020-05-22,26.014999389648438,26.04290008544922,25.93000030517578,25.98430061340332,20.971769332885742,6925
2020-05-26,25.979999542236328,26.1299991607666,25.979999542236328,26.100000381469727,21.06515121459961,2919
2020-05-27,25.8799991607666,26.190000534057617,25.8799991607666,26.071800231933594,21.042388916015625,7603
2020-05-28,26.010000228881836,26.09269905090332,26.010000228881836,26.079999923706055,21.049007415771484,1901
2020-05-29,26.110000610351562,26.110000610351562,26.06999969482422,26.110000610351562,21.07322120666504,2370
2020-06-01,26.110000610351562,26.261499404907227,26.110000610351562,26.260000228881836,21.194286346435547,11095
2020-06-02,26.260000228881836,26.260000228881836,25.850000381469727,26.1299991607666,21.0893611907959,6751
2020-06-03,26.270000457763672,26.45829963684082,26.219999313354492,26.45829963684082,21.354331970214844,3861
2020-06-04,26.440000534057617,26.459999084472656,26.059999465942383,26.399999618530273,21.307275772094727,14451
2020-06-05,26.540000915527344,26.540000915527344,26.43239974975586,26.479999542236328,21.371843338012695,3264
2020-06-08,26.299999237060547,26.399999618530273,26.260000228881836,26.399999618530273,21.307275772094727,5060
2020-06-09,26.489999771118164,26.489999771118164,26.274999618530273,26.440000534057617,21.339561462402344,8860
2020-06-10,26.412700653076172,26.440000534057617,26.387500762939453,26.387500762939453,21.29718589782715,1466
2020-06-11,26.299999237060547,26.299999237060547,26.06879997253418,26.25,21.18621253967285,6159
2020-06-12,26.268600463867188,26.268600463867188,26.18000030517578,26.200000762939453,21.14586067199707,7483
2020-06-15,26.309999465942383,26.479799270629883,26.307899475097656,26.364999771118164,21.279027938842773,7093
2020-06-16,26.329999923706055,26.59000015258789,26.270000457763672,26.53700065612793,21.4178524017334,4255
2020-06-17,26.649999618530273,26.649999618530273,26.485000610351562,26.572599411010742,21.44658088684082,1396
2020-06-18,26.260000228881836,26.360000610351562,26.252399444580078,26.280000686645508,21.48197364807129,9300
2020-06-19,26.24799919128418,26.31839942932129,26.24799919128418,26.31839942932129,21.513362884521484,482
2020-06-22,26.299999237060547,26.360000610351562,26.299999237060547,26.360000610351562,21.54737091064453,3842
2020-06-23,26.200000762939453,26.3799991607666,26.190000534057617,26.3799991607666,21.563718795776367,3305
2020-06-24,26.3799991607666,26.399999618530273,26.354999542236328,26.399999618530273,21.580066680908203,3729
2020-06-25,26.399999618530273,26.40999984741211,26.350000381469727,26.40399932861328,21.58333396911621,14542
2020-06-26,26.459999084472656,26.459999084472656,26.459999084472656,26.459999084472656,21.629112243652344,484
2020-06-29,26.450000762939453,26.529399871826172,26.354999542236328,26.471900939941406,21.638843536376953,12140
2020-06-30,26.399999618530273,26.549999237060547,26.36009979248047,26.469999313354492,21.637285232543945,3675
2020-07-01,26.549999237060547,26.549999237060547,26.360000610351562,26.40999984741211,21.588245391845703,7556
2020-07-06,26.49799919128418,26.540000915527344,26.420000076293945,26.461000442504883,21.629932403564453,3437
2020-07-07,26.489999771118164,26.530000686645508,26.440000534057617,26.530000686645508,21.686330795288086,3540
2020-07-08,26.5,26.544700622558594,26.5,26.544700622558594,21.698347091674805,2461
2020-07-09,26.549999237060547,26.56999969482422,26.549800872802734,26.56999969482422,21.719030380249023,3482
2020-07-10,26.4950008392334,26.4950008392334,26.4950008392334,26.4950008392334,21.657724380493164,235
2020-07-13,26.56999969482422,26.56999969482422,26.420000076293945,26.540000915527344,21.694503784179688,2177
2020-07-14,26.540000915527344,26.540000915527344,26.481000900268555,26.481000900268555,21.64628028869629,904
2020-07-16,26.540000915527344,26.540000915527344,26.539899826049805,26.539899826049805,21.694429397583008,2062
2020-07-20,26.540000915527344,26.540000915527344,26.540000915527344,26.540000915527344,21.694503784179688,1254
2020-07-21,26.440000534057617,26.559999465942383,26.440000534057617,26.559900283813477,21.710777282714844,1032
2020-07-22,26.47760009765625,26.47760009765625,26.440000534057617,26.450000762939453,21.620939254760742,3965
2020-07-23,26.549999237060547,26.59000015258789,26.524999618530273,26.588199615478516,21.733903884887695,8990
2020-07-24,26.58880043029785,26.770000457763672,26.563499450683594,26.770000457763672,21.882516860961914,5941
2020-07-27,26.75,26.75,26.469999313354492,26.479999542236328,21.64546012878418,6471
2020-07-28,26.510000228881836,26.510000228881836,26.40999984741211,26.40999984741211,21.588245391845703,2792
2020-07-29,26.40999984741211,26.65999984741211,26.40999984741211,26.646499633789062,21.78156280517578,2811
2020-07-30,26.559999465942383,26.559999465942383,26.50200080871582,26.559999465942383,21.71085548400879,1594
2020-07-31,26.621000289916992,26.729999542236328,26.579999923706055,26.729999542236328,21.849817276000977,2450
2020-08-03,26.600000381469727,26.7007999420166,26.579999923706055,26.639999389648438,21.776248931884766,2688
2020-08-04,26.639999389648438,26.770000457763672,26.579999923706055,26.739999771118164,21.857990264892578,5735
2020-08-05,26.770000457763672,26.799999237060547,26.68079948425293,26.699199676513672,21.82463836669922,5129
2020-08-06,26.788999557495117,26.799999237060547,26.765899658203125,26.765899658203125,21.879161834716797,2175
2020-08-07,26.75,26.75,26.690000534057617,26.69890022277832,21.824398040771484,10422
2020-08-10,26.68000030517578,26.68000030517578,26.639999389648438,26.645000457763672,21.780338287353516,5205
2020-08-11,26.690000534057617,26.690000534057617,26.65399932861328,26.657800674438477,21.790802001953125,1780
2020-08-12,26.654800415039062,26.654800415039062,26.654800415039062,26.654800415039062,21.788349151611328,1025
2020-08-13,26.670000076293945,26.670000076293945,26.653600692749023,26.653600692749023,21.78736686706543,826
2020-08-14,26.670000076293945,26.68000030517578,26.639999389648438,26.639999389648438,21.776248931884766,5962
2020-08-17,26.6299991607666,26.690000534057617,26.600000381469727,26.649999618530273,21.784427642822266,12850
2020-08-18,26.690000534057617,26.690000534057617,26.632699966430664,26.632699966430664,21.770278930664062,4971
2020-08-19,26.649999618530273,26.649999618530273,26.594999313354492,26.60849952697754,21.75050163269043,5536
2020-08-20,26.6200008392334,26.6200008392334,26.59000015258789,26.600000381469727,21.743558883666992,600
2020-08-21,26.639999389648438,26.649999618530273,26.579999923706055,26.649999618530273,21.784427642822266,6798
2020-08-24,26.649999618530273,26.709999084472656,26.579999923706055,26.6200008392334,21.759902954101562,35428
2020-08-25,26.600000381469727,26.6200008392334,26.55500030517578,26.579999923706055,21.727203369140625,9240
2020-08-26,26.590599060058594,26.6200008392334,26.540000915527344,26.58679962158203,21.732763290405273,10809
2020-08-27,26.700000762939453,26.700000762939453,26.549999237060547,26.600000381469727,21.743558883666992,4463
2020-08-28,26.6200008392334,26.700000762939453,26.61989974975586,26.6299991607666,21.76807403564453,13607
2020-08-31,26.700000762939453,26.780000686645508,26.700000762939453,26.75,21.866168975830078,14430
2020-09-01,26.6299991607666,26.790000915527344,26.6299991607666,26.787700653076172,21.896982192993164,4687
2020-09-02,26.780000686645508,26.790000915527344,26.739999771118164,26.75,21.866168975830078,10882
2020-09-03,26.790000915527344,26.790000915527344,26.559999465942383,26.559999465942383,21.71085548400879,8895
2020-09-04,26.790000915527344,26.799999237060547,26.5,26.59000015258789,21.735380172729492,9697
2020-09-08,26.670000076293945,26.670000076293945,26.520000457763672,26.520099639892578,21.678239822387695,5645
2020-09-09,26.61389923095703,26.639999389648438,26.61389923095703,26.63990020751953,21.776168823242188,1050
2020-09-10,26.659700393676758,26.663799285888672,26.659000396728516,26.663799285888672,21.795703887939453,5253
2020-09-11,26.604999542236328,26.639400482177734,26.604999542236328,26.639400482177734,21.775760650634766,515
2020-09-14,26.670000076293945,26.790000915527344,26.670000076293945,26.770000457763672,21.882516860961914,4259
2020-09-15,26.799999237060547,26.8799991607666,26.799999237060547,26.879899978637695,21.97235107421875,4860
2020-09-16,26.8799991607666,26.8799991607666,26.777099609375,26.838499069213867,21.938508987426758,2617
2020-09-18,26.540000915527344,26.690000534057617,26.539899826049805,26.68000030517578,21.808950424194336,15172
2020-09-21,26.600000381469727,26.670000076293945,26.5,26.65999984741211,21.792598724365234,5471
2020-09-22,26.58799934387207,26.670000076293945,26.5,26.579999923706055,21.727203369140625,9233
2020-09-23,26.700000762939453,26.700000762939453,26.5,26.50119972229004,21.662790298461914,4019
2020-09-24,26.610000610351562,26.610000610351562,26.489999771118164,26.489999771118164,21.65363121032715,3288
2020-09-25,26.529300689697266,26.55139923095703,26.5,26.520000457763672,21.678159713745117,5167
2020-09-28,26.6200008392334,26.920000076293945,26.588899612426758,26.80500030517578,21.911123275756836,6716
2020-09-29,26.754199981689453,26.90999984741211,26.701400756835938,26.832199096679688,21.933361053466797,5498
2020-09-30,26.780000686645508,26.899999618530273,26.770000457763672,26.8981990814209,21.987308502197266,7546
2020-10-01,26.889999389648438,26.978500366210938,26.709999084472656,26.829999923706055,21.931560516357422,10569
2020-10-02,26.989999771118164,27.06999969482422,26.868999481201172,26.940000534057617,22.02147674560547,3900
2020-10-05,26.84000015258789,27.020000457763672,26.84000015258789,26.889999389648438,21.980609893798828,4010
2020-10-06,26.950000762939453,26.989999771118164,26.950000762939453,26.989900588989258,22.062267303466797,604
2020-10-07,27.0,27.0,26.95800018310547,26.95800018310547,22.036190032958984,1641
2020-10-08,26.90999984741211,26.940000534057617,26.90999984741211,26.940000534057617,22.02147674560547,1898
2020-10-09,26.950000762939453,27.0,26.920000076293945,26.93400001525879,22.016572952270508,3802
2020-10-12,26.90999984741211,26.986900329589844,26.90999984741211,26.959999084472656,22.037826538085938,1071
2020-10-13,26.91010093688965,27.0,26.91010093688965,27.0,22.070520401000977,2364
2020-10-14,26.93000030517578,27.0,26.914499282836914,26.914499282836914,22.00063133239746,2850
2020-10-15,26.966999053955078,27.0,26.966999053955078,27.0,22.070520401000977,519
2020-10-16,26.954999923706055,27.0,26.954999923706055,27.0,22.070520401000977,695
2020-10-19,27.0,27.0,26.97100067138672,26.979999542236328,22.05417251586914,8251
2020-10-20,26.97100067138672,27.030000686645508,26.96299934387207,27.030000686645508,22.095043182373047,3211
2020-10-21,27.110000610351562,27.114999771118164,27.030000686645508,27.114999771118164,22.164527893066406,2101
2020-10-22,27.06999969482422,27.06999969482422,26.950000762939453,27.0,22.070520401000977,7702
2020-10-23,27.049999237060547,27.077499389648438,26.950000762939453,26.950000762939453,22.029653549194336,3805
2020-10-27,26.950000762939453,27.09760093688965,26.950000762939453,27.09760093688965,22.150304794311523,428
2020-10-28,27.0,27.100000381469727,27.0,27.100000381469727,22.152267456054688,7260
2020-10-29,27.03190040588379,27.03820037841797,26.975000381469727,26.981000900268555,22.054994583129883,5240
2020-10-30,26.976900100708008,26.976900100708008,26.68280029296875,26.68280029296875,21.811235427856445,2470
2020-11-02,26.979999542236328,26.984699249267578,26.850000381469727,26.850000381469727,21.947908401489258,2493
2020-11-03,26.959999084472656,27.149999618530273,26.809999465942383,27.149999618530273,22.19314193725586,2181
2020-11-04,27.170000076293945,27.170000076293945,26.809999465942383,27.1200008392334,22.168611526489258,3425
2020-11-05,27.1299991607666,27.18000030517578,26.975299835205078,27.18000030517578,22.21765899658203,2629
2020-11-09,27.200000762939453,27.479999542236328,27.12689971923828,27.479999542236328,22.462890625,1855
2020-11-10,27.049999237060547,27.3700008392334,27.049999237060547,27.3700008392334,22.37297248840332,6008
2020-11-11,27.25,27.271099090576172,27.25,27.271099090576172,22.292123794555664,502
2020-11-12,27.1830997467041,27.1830997467041,27.06999969482422,27.127399444580078,22.174663543701172,2289
2020-11-13,27.18000030517578,27.199899673461914,27.15999984741211,27.199899673461914,22.233930587768555,878
2020-11-16,27.200000762939453,27.329999923706055,27.059999465942383,27.329999923706055,22.340274810791016,3545
2020-11-17,27.329999923706055,27.399999618530273,27.329999923706055,27.399999618530273,22.397497177124023,4070
2020-11-18,27.3439998626709,27.5049991607666,27.3439998626709,27.5049991607666,22.483322143554688,1287
2020-11-19,27.350000381469727,27.610000610351562,27.350000381469727,27.610000610351562,22.569156646728516,3829
2020-11-20,27.513999938964844,27.579999923706055,27.461999893188477,27.579999923706055,22.54463005065918,7779
2020-11-23,27.467899322509766,27.467899322509766,27.270000457763672,27.350000381469727,22.35662078857422,5963
2020-11-24,27.299999237060547,27.450000762939453,27.29800033569336,27.350000381469727,22.35662078857422,1611
2020-11-25,27.299999237060547,27.59000015258789,27.299999237060547,27.579999923706055,22.54463005065918,5269
2020-11-27,27.31999969482422,27.59000015258789,27.31999969482422,27.59000015258789,22.552804946899414,522
2020-11-30,27.59000015258789,27.606800079345703,27.47640037536621,27.59000015258789,22.552804946899414,7576
2020-12-01,27.489999771118164,27.6200008392334,27.489999771118164,27.5,22.47924041748047,9320
2020-12-02,27.54800033569336,27.579999923706055,27.54800033569336,27.579999923706055,22.54463005065918,1196
2020-12-03,27.5,27.609800338745117,27.5,27.582500457763672,22.54667854309082,1981
2020-12-04,27.6200008392334,27.68000030517578,27.6200008392334,27.6299991607666,22.585498809814453,4374
2020-12-07,27.5,27.65999984741211,27.3799991607666,27.65999984741211,22.610027313232422,8041
2020-12-08,27.464000701904297,27.658000946044922,27.464000701904297,27.56999969482422,22.53645896911621,2205
2020-12-09,27.489999771118164,27.690000534057617,27.440000534057617,27.440000534057617,22.430191040039062,2919
2020-12-10,27.440000534057617,27.68000030517578,27.440000534057617,27.459999084472656,22.44654083251953,1187
2020-12-11,27.600000381469727,27.68000030517578,27.600000381469727,27.68000030517578,22.626375198364258,1623
2020-12-14,27.729999542236328,27.739999771118164,27.59000015258789,27.606199264526367,22.56604766845703,5349
2020-12-16,27.649999618530273,27.649999618530273,27.510000228881836,27.520000457763672,22.49558448791504,3798
2020-12-17,27.329999923706055,27.329999923706055,27.288000106811523,27.288000106811523,22.581567764282227,1924
2020-12-18,27.280000686645508,27.280000686645508,27.170000076293945,27.225000381469727,22.52943229675293,1558
2020-12-21,27.209999084472656,27.350000381469727,27.209999084472656,27.229999542236328,22.5335693359375,1049
2020-12-22,27.290000915527344,27.290000915527344,27.059999465942383,27.059999465942383,22.392892837524414,1984
2020-12-23,27.110000610351562,27.3700008392334,27.110000610351562,27.149999618530273,22.467370986938477,1515
2020-12-24,27.190000534057617,27.25,27.190000534057617,27.25,22.55011749267578,1028
2020-12-28,27.350000381469727,27.350000381469727,27.140100479125977,27.140100479125977,22.459177017211914,4667
2020-12-29,27.200000762939453,27.27989959716797,27.200000762939453,27.200000762939453,22.508745193481445,6385
2020-12-30,27.40999984741211,27.40999984741211,27.170000076293945,27.170000076293945,22.483917236328125,2186
2020-12-31,27.149999618530273,27.149999618530273,27.149999618530273,27.149999618530273,22.467370986938477,101
2021-01-04,27.3799991607666,27.3799991607666,27.299999237060547,27.299999237060547,22.59149742126465,426
2021-01-05,27.25,27.40999984741211,27.210100173950195,27.40999984741211,22.682525634765625,3185
2021-01-06,27.40999984741211,27.479999542236328,27.23900032043457,27.3700008392334,22.64942169189453,4272
2021-01-07,27.527999877929688,27.530000686645508,27.170000076293945,27.170000076293945,22.483917236328125,8467
2021-01-08,27.170000076293945,27.173200607299805,27.15999984741211,27.173200607299805,22.486562728881836,2002
2021-01-11,27.3700008392334,27.44499969482422,27.209999084472656,27.209999084472656,22.517017364501953,4205
2021-01-12,27.149999618530273,27.15999984741211,27.149999618530273,27.149999618530273,22.467370986938477,933
2021-01-13,27.139999389648438,27.139999389648438,27.139999389648438,27.139999389648438,22.45909309387207,310
2021-01-14,27.190000534057617,27.190000534057617,27.190000534057617,27.190000534057617,22.50046730041504,340
2021-01-15,27.420000076293945,27.530000686645508,27.420000076293945,27.5,22.757003784179688,40258
2021-01-19,27.485000610351562,27.5,27.450000762939453,27.450000762939453,22.715625762939453,3200
2021-01-20,27.3700008392334,27.455299377441406,27.3700008392334,27.455299377441406,22.720012664794922,1470
2021-01-21,27.354999542236328,27.354999542236328,27.299999237060547,27.299999237060547,22.59149742126465,589
2021-01-22,27.209999084472656,27.31999969482422,27.15999984741211,27.31999969482422,22.608047485351562,3218
2021-01-25,27.449399948120117,27.449399948120117,27.449399948120117,27.449399948120117,22.71512794494629,800
2021-01-26,27.360000610351562,27.364999771118164,27.170000076293945,27.350000381469727,22.632871627807617,2101
2021-01-27,27.170000076293945,27.5,27.149999618530273,27.420000076293945,22.690799713134766,4178
2021-01-28,27.40999984741211,27.52630043029785,27.344999313354492,27.354999542236328,22.637008666992188,2668
2021-01-29,27.200000762939453,27.527299880981445,27.170000076293945,27.527299880981445,22.779590606689453,6350
2021-02-01,27.5,27.514999389648438,27.489999771118164,27.489999771118164,22.748727798461914,961
2021-02-02,27.525299072265625,27.525299072265625,27.31999969482422,27.31999969482422,22.608047485351562,1353
2021-02-03,27.52989959716797,27.52989959716797,27.52989959716797,27.52989959716797,22.781742095947266,219
2021-02-04,27.299999237060547,27.520000457763672,27.299999237060547,27.520000457763672,22.773550033569336,2262
2021-02-05,27.399999618530273,27.75,27.334999084472656,27.75,22.963886260986328,18469
2021-02-08,27.520000457763672,27.520000457763672,27.385400772094727,27.457000732421875,22.721416473388672,3229
2021-02-09,27.34000015258789,27.524999618530273,27.320600509643555,27.524999618530273,22.777694702148438,4376
2021-02-10,28.049999237060547,28.049999237060547,27.49959945678711,27.984800338745117,23.158184051513672,4032
2021-02-11,27.672000885009766,27.780000686645508,27.606300354003906,27.63159942626953,22.865903854370117,2079
2021-02-12,27.606800079345703,27.662200927734375,27.469999313354492,27.600000381469727,22.839754104614258,6440
2021-02-16,27.579999923706055,27.579999923706055,27.270000457763672,27.415000915527344,22.68665885925293,1255
2021-02-17,27.45800018310547,27.479999542236328,27.31999969482422,27.31999969482422,22.608047485351562,2205
2021-02-18,27.399999618530273,27.588199615478516,27.399999618530273,27.43000030517578,22.699073791503906,864
2021-02-19,27.579999923706055,27.59000015258789,27.407699584960938,27.559999465942383,22.806650161743164,3054
2021-02-22,27.381999969482422,27.389999389648438,27.3799991607666,27.389999389648438,22.665973663330078,1839
2021-02-23,27.309999465942383,27.450000762939453,27.235000610351562,27.34160041809082,22.62592124938965,2276
2021-02-24,27.399999618530273,27.579999923706055,27.31679916381836,27.38520050048828,22.662004470825195,3738
2021-02-25,27.389999389648438,27.389999389648438,27.100000381469727,27.177799224853516,22.490371704101562,4056
2021-02-26,27.079999923706055,27.299999237060547,27.049999237060547,27.170000076293945,22.483917236328125,6520
2021-03-01,27.25,27.25,27.190000534057617,27.20199966430664,22.510395050048828,2312
2021-03-02,27.110000610351562,27.299999237060547,27.110000610351562,27.270000457763672,22.566669464111328,4249
2021-03-03,27.219999313354492,27.389999389648438,27.100000381469727,27.34000015258789,22.62459945678711,1839
2021-03-04,27.149999618530273,27.614999771118164,27.149999618530273,27.614999771118164,22.8521671295166,2912
2021-03-05,27.329999923706055,27.93000030517578,27.299999237060547,27.59000015258789,22.831478118896484,7782
2021-03-08,27.549999237060547,27.549999237060547,27.381900787353516,27.49920082092285,22.75634002685547,4926
2021-03-09,27.5,27.790000915527344,27.260000228881836,27.260000228881836,22.558393478393555,3511
2021-03-10,27.395999908447266,27.489999771118164,27.395999908447266,27.489999771118164,22.748727798461914,1154
2021-03-11,27.459999084472656,27.49799919128418,27.35540008544922,27.49799919128418,22.755346298217773,1260
2021-03-12,27.450000762939453,27.450000762939453,27.360000610351562,27.360000610351562,22.641145706176758,3396
2021-03-15,27.40999984741211,27.40999984741211,27.229999542236328,27.229999542236328,22.5335693359375,1961
2021-03-16,27.25,27.549999237060547,27.25,27.534000396728516,22.785139083862305,1197
2021-03-17,27.549999237060547,27.86829948425293,27.549999237060547,27.559999465942383,22.806650161743164,2959
2021-03-18,26.81999969482422,27.45800018310547,26.81999969482422,27.1200008392334,22.719446182250977,3376
2021-03-19,27.04599952697754,27.690000534057617,27.03700065612793,27.03700065612793,22.649913787841797,1933
2021-03-22,27.1200008392334,27.375,26.860000610351562,26.8700008392334,22.510011672973633,6189
2021-03-23,26.899999618530273,27.268699645996094,26.899999618530273,26.90999984741211,22.54351806640625,3147
2021-03-24,27.190000534057617,27.190000534057617,26.997400283813477,26.997400283813477,22.616737365722656,1132
2021-03-25,26.90999984741211,27.091999053955078,26.90999984741211,27.045000076293945,22.656618118286133,3275
2021-03-26,27.1200008392334,27.18000030517578,27.09000015258789,27.178199768066406,22.76820182800293,863
2021-03-29,27.139999389648438,27.14150047302246,27.0,27.14150047302246,22.737455368041992,1987
2021-03-30,27.1299991607666,27.139999389648438,27.059999465942383,27.06999969482422,22.67755699157715,2892
2021-03-31,27.06999969482422,27.36989974975586,27.059999465942383,27.36989974975586,22.92879295349121,3302
2021-04-01,27.26300048828125,27.264999389648438,27.19499969482422,27.264999389648438,22.840913772583008,1058
2021-04-05,27.309999465942383,27.459999084472656,27.190000534057617,27.387100219726562,22.943206787109375,4480
2021-04-06,27.364099502563477,27.479999542236328,27.302000045776367,27.302000045776367,22.871915817260742,22336
2021-04-07,27.260000228881836,27.579999923706055,27.239999771118164,27.579999923706055,23.10480308532715,7090
2021-04-08,27.59000015258789,27.649999618530273,27.59000015258789,27.59000015258789,23.11318016052246,15259
2021-04-09,27.3799991607666,27.600000381469727,27.3799991607666,27.511999130249023,23.047836303710938,6410
2021-04-12,27.399999618530273,27.588600158691406,27.399999618530273,27.588600158691406,23.11200523376465,661
2021-04-13,27.598400115966797,27.600000381469727,27.459999084472656,27.591999053955078,23.114850997924805,4133
2021-04-14,27.600000381469727,27.62299919128418,27.600000381469727,27.62299919128418,23.140825271606445,2295
2021-04-15,27.690000534057617,27.749900817871094,27.520099639892578,27.520099639892578,23.054622650146484,3242
2021-04-16,27.591999053955078,27.920000076293945,27.591999053955078,27.916200637817383,23.386449813842773,6585
2021-04-19,27.93000030517578,27.93000030517578,27.704099655151367,27.850000381469727,23.330995559692383,4826
2021-04-20,27.700000762939453,27.95509910583496,27.700000762939453,27.78499984741211,23.27654266357422,804
2021-04-21,27.90999984741211,27.969999313354492,27.709999084472656,27.829999923706055,23.31423568725586,3023
2021-04-22,27.959999084472656,27.959999084472656,27.959999084472656,27.959999084472656,23.42314338684082,389
2021-04-23,27.889999389648438,28.040000915527344,27.780099868774414,27.780099868774414,23.272436141967773,3022
2021-04-26,27.978099822998047,28.1200008392334,27.978099822998047,28.1200008392334,23.557180404663086,2967
2021-04-27,28.0,28.042499542236328,27.81999969482422,27.950000762939453,23.414764404296875,2750
2021-04-28,27.999500274658203,27.999500274658203,27.975000381469727,27.975000381469727,23.43570899963379,384
2021-04-29,27.889999389648438,27.890100479125977,27.8700008392334,27.8700008392334,23.347747802734375,1156
2021-04-30,28.0,28.0,27.850000381469727,27.850000381469727,23.330995559692383,5000
2021-05-03,27.9060001373291,27.9060001373291,27.9060001373291,27.9060001373291,23.377904891967773,580
2021-05-04,27.908599853515625,27.908599853515625,27.908599853515625,27.908599853515625,23.38008689880371,791
2021-05-05,27.931299209594727,27.950000762939453,27.931299209594727,27.934999465942383,23.402204513549805,1536
2021-05-06,27.950000762939453,28.440000534057617,27.950000762939453,28.139999389648438,23.573932647705078,15649
2021-05-07,28.25,28.639999389648438,28.174800872802734,28.426000595092773,23.813533782958984,3221
2021-05-10,28.299999237060547,28.375,28.299999237060547,28.309999465942383,23.716350555419922,1844
2021-05-11,28.100000381469727,28.1200008392334,28.05500030517578,28.100000381469727,23.54042625427246,731
2021-05-12,28.0,28.0,27.850000381469727,27.920000076293945,23.389636993408203,1079
2021-05-13,27.809999465942383,28.349899291992188,27.809999465942383,27.927900314331055,23.39625358581543,1897
2021-05-14,27.95639991760254,28.239900588989258,27.95639991760254,28.239900588989258,23.657625198364258,2386
2021-05-17,28.0,28.0,27.947099685668945,27.979999542236328,23.439899444580078,2949
2021-05-18,27.937299728393555,27.937299728393555,27.937299728393555,27.937299728393555,23.40412712097168,606
2021-05-19,27.93000030517578,28.18000030517578,27.93000030517578,28.18000030517578,23.607446670532227,737
2021-05-20,28.09000015258789,28.1299991607666,28.010000228881836,28.100000381469727,23.54042625427246,4954
2021-05-21,28.209999084472656,28.209999084472656,28.209999084472656,28.209999084472656,23.632577896118164,114
2021-05-24,28.1299991607666,28.149999618530273,28.010000228881836,28.010099411010742,23.46511459350586,6120
2021-05-25,28.18000030517578,28.219900131225586,28.114999771118164,28.219900131225586,23.640872955322266,780
2021-05-26,28.020000457763672,28.06999969482422,28.010000228881836,28.010000228881836,23.465030670166016,1315
2021-05-27,28.020000457763672,28.1299991607666,27.95599937438965,27.95599937438965,23.4197940826416,3079
2021-05-28,28.079999923706055,28.079999923706055,28.079999923706055,28.079999923706055,23.523670196533203,340
2021-06-01,28.1299991607666,28.1299991607666,27.94260025024414,27.947999954223633,23.4130916595459,881
2021-06-02,28.100000381469727,28.350000381469727,28.100000381469727,28.121000289916992,23.558021545410156,8638
2021-06-03,28.239999771118164,28.239999771118164,27.940799713134766,28.239999771118164,23.6577091217041,2510
2021-06-04,28.239999771118164,28.25,28.190000534057617,28.25,23.666086196899414,2117
2021-06-07,28.100000381469727,28.239999771118164,28.100000381469727,28.239900588989258,23.657625198364258,3616
2021-06-08,28.239999771118164,28.350000381469727,28.239999771118164,28.350000381469727,23.749862670898438,921
2021-06-09,28.350000381469727,28.350000381469727,28.309999465942383,28.350000381469727,23.749862670898438,3375
2021-06-10,28.244400024414062,28.350000381469727,28.204700469970703,28.270000457763672,23.682846069335938,1904
2021-06-14,28.350000381469727,28.350000381469727,28.200000762939453,28.200000762939453,23.62419891357422,8830
2021-06-15,28.184799194335938,28.184799194335938,28.099899291992188,28.099899291992188,23.540342330932617,2799
2021-06-16,28.34000015258789,28.34000015258789,28.34000015258789,28.34000015258789,23.741485595703125,276
2021-06-17,28.0,28.299999237060547,27.8799991607666,28.18000030517578,23.607446670532227,7520
2021-06-18,28.209999084472656,28.219999313354492,27.850000381469727,27.9906005859375,23.731657028198242,1955
2021-06-21,28.219999313354492,28.219999313354492,27.925899505615234,27.925899505615234,23.67679786682129,586
2021-06-23,28.1200008392334,28.1200008392334,27.93000030517578,27.93000030517578,23.680274963378906,1540
2021-06-24,28.06999969482422,28.06999969482422,28.06999969482422,28.06999969482422,23.798973083496094,137
2021-06-25,28.18000030517578,28.18000030517578,27.850000381469727,27.850000381469727,23.612449645996094,489
2021-06-28,28.15999984741211,28.15999984741211,27.795000076293945,27.795000076293945,23.56581687927246,2319
2021-06-29,27.739999771118164,28.079999923706055,27.670000076293945,27.700000762939453,23.485271453857422,4065
2021-06-30,27.809999465942383,27.809999465942383,27.540000915527344,27.540000915527344,23.34961700439453,5225
2021-07-01,27.70400047302246,27.760000228881836,27.68000030517578,27.739999771118164,23.51918601989746,2180
2021-07-02,27.979999542236328,28.110000610351562,27.928199768066406,28.110000610351562,23.832887649536133,2788
2021-07-06,27.979999542236328,28.110000610351562,27.760099411010742,28.110000610351562,23.832887649536133,1786
2021-07-08,27.780000686645508,27.988000869750977,27.780000686645508,27.988000869750977,23.729454040527344,504
2021-07-09,28.09000015258789,28.1200008392334,28.06999969482422,28.1200008392334,23.841367721557617,1376
2021-07-12,28.1200008392334,28.200000762939453,28.065399169921875,28.11989974975586,23.841278076171875,3040
2021-07-14,28.135000228881836,28.135000228881836,28.0939998626709,28.0939998626709,23.819320678710938,832
2021-07-16,28.09000015258789,28.09000015258789,27.7450008392334,27.7450008392334,23.523422241210938,7687
2021-07-19,27.59000015258789,27.59000015258789,27.59000015258789,27.59000015258789,23.39200782775879,121
2021-07-20,27.600000381469727,27.600000381469727,27.450000762939453,27.450000762939453,23.273311614990234,814
2021-07-23,27.517200469970703,27.739999771118164,27.396900177001953,27.739999771118164,23.51918601989746,6265
2021-07-27,27.73430061340332,27.770000457763672,27.535400390625,27.770000457763672,23.544620513916016,1025
2021-07-28,27.770000457763672,27.770000457763672,27.739999771118164,27.739999771118164,23.51918601989746,800
2021-07-29,27.75,27.770000457763672,27.75,27.75029945373535,23.52791976928711,831
2021-07-30,27.739999771118164,27.760000228881836,27.6648006439209,27.760000228881836,23.536144256591797,5294
2021-08-02,27.760000228881836,27.790000915527344,27.718299865722656,27.718299865722656,23.50078773498535,1082
2021-08-03,27.75,27.788999557495117,27.75,27.770000457763672,23.544620513916016,2255
2021-08-04,27.729999542236328,27.75,27.600000381469727,27.600000381469727,23.400489807128906,988
2021-08-05,27.697500228881836,27.697500228881836,27.697500228881836,27.697500228881836,23.483150482177734,425
2021-08-06,27.690000534057617,27.690000534057617,27.549999237060547,27.579999923706055,23.383529663085938,3527
2021-08-09,27.623300552368164,27.623300552368164,27.520000457763672,27.520000457763672,23.332660675048828,1536
2021-08-10,27.520000457763672,27.68000030517578,27.520000457763672,27.68000030517578,23.468313217163086,2569
2021-08-11,27.690000534057617,27.690000534057617,27.690000534057617,27.690000534057617,23.476795196533203,516
2021-08-12,27.768299102783203,27.768299102783203,27.520000457763672,27.578800201416016,23.38251495361328,1501
2021-08-13,27.549999237060547,27.81999969482422,27.549999237060547,27.59000015258789,23.39200782775879,4250
2021-08-16,27.579999923706055,27.628000259399414,27.579999923706055,27.579999923706055,23.383529663085938,2828
2021-08-17,27.655000686645508,27.674999237060547,27.479999542236328,27.5,23.315702438354492,5703
2021-08-18,27.510000228881836,27.645000457763672,27.510000228881836,27.645000457763672,23.438642501831055,583
2021-08-20,27.15999984741211,27.18000030517578,27.15999984741211,27.18000030517578,23.044395446777344,310
2021-08-23,27.219999313354492,27.219999313354492,27.190000534057617,27.190000534057617,23.05286979675293,400
2021-08-24,27.46500015258789,27.719999313354492,27.46500015258789,27.639999389648438,23.434398651123047,985
2021-08-25,27.3799991607666,27.3799991607666,27.299999237060547,27.36199951171875,23.198699951171875,1321
2021-08-26,27.50819969177246,27.50819969177246,27.323299407958984,27.323299407958984,23.1658878326416,2526
2021-08-27,27.299999237060547,27.639999389648438,27.18000030517578,27.18000030517578,23.044395446777344,2099
2021-08-30,27.474000930786133,27.474000930786133,27.474000930786133,27.474000930786133,23.29366111755371,119
2021-09-01,27.295000076293945,27.295000076293945,27.295000076293945,27.295000076293945,23.141891479492188,419
2021-09-02,27.299999237060547,27.489999771118164,27.299999237060547,27.469100952148438,23.28950309753418,3172
2021-09-03,27.423500061035156,27.423500061035156,27.423500061035156,27.423500061035156,23.250843048095703,275
2021-09-07,27.5,27.5,27.423999786376953,27.423999786376953,23.251270294189453,520
2021-09-08,27.3700008392334,27.405899047851562,27.299999237060547,27.299999237060547,23.146135330200195,2255
2021-09-09,27.440000534057617,27.440000534057617,27.299999237060547,27.299999237060547,23.146135330200195,1466
2021-09-10,27.423999786376953,27.56879997253418,27.423999786376953,27.5,23.315702438354492,3105
2021-09-13,27.452899932861328,27.452899932861328,27.452899932861328,27.452899932861328,23.27577018737793,435
2021-09-14,27.31999969482422,27.48550033569336,27.31999969482422,27.420000076293945,23.247875213623047,568
2021-09-15,27.358699798583984,27.81999969482422,27.358699798583984,27.81999969482422,23.587013244628906,1569
2021-09-17,27.209999084472656,27.5,27.209999084472656,27.5,23.315702438354492,488
2021-09-20,27.459999084472656,27.459999084472656,27.459999084472656,27.459999084472656,23.28179168701172,136
2021-09-21,27.202999114990234,27.450000762939453,27.1200008392334,27.1200008392334,22.993520736694336,437
2021-09-22,27.18000030517578,27.526500701904297,27.149999618530273,27.270000457763672,23.120695114135742,2187
2021-09-23,27.239999771118164,27.299999237060547,27.15999984741211,27.290000915527344,23.137659072875977,3914
2021-09-24,27.100000381469727,27.239999771118164,27.100000381469727,27.239999771118164,23.095260620117188,600
2021-09-27,27.190000534057617,27.819900512695312,26.889999389648438,27.260000228881836,23.112218856811523,1428
2021-09-28,27.154399871826172,27.154399871826172,26.950000762939453,26.950000762939453,22.849388122558594,213
2021-09-29,26.760000228881836,27.191299438476562,26.760000228881836,27.191299438476562,23.053972244262695,3045
2021-10-01,26.9950008392334,27.270000457763672,26.9950008392334,27.110000610351562,22.985042572021484,2268
2021-10-04,27.09000015258789,27.09000015258789,26.998300552368164,27.08989906311035,22.968000411987305,2650
2021-10-05,27.09000015258789,27.09000015258789,27.045000076293945,27.09000015258789,22.968090057373047,2503
2021-10-06,27.0,27.000099182128906,27.0,27.0,22.891782760620117,2335
2021-10-07,26.889999389648438,26.940000534057617,26.809999465942383,26.940000534057617,22.840911865234375,704
2021-10-08,27.1299991607666,27.1299991607666,27.1299991607666,27.1299991607666,23.00200080871582,359
2021-10-11,26.899999618530273,27.110000610351562,26.899999618530273,27.044700622558594,22.9296817779541,1252
2021-10-12,27.15999984741211,27.15999984741211,27.15999984741211,27.15999984741211,23.02743911743164,121
2021-10-13,27.559999465942383,27.559999465942383,27.492799758911133,27.492799758911133,23.30959701538086,671
2021-10-14,27.231000900268555,27.231000900268555,27.229999542236328,27.229999542236328,23.0867862701416,520
2021-10-15,27.399999618530273,27.399999618530273,27.200000762939453,27.200000762939453,23.061349868774414,2056
2021-10-18,27.102399826049805,27.102399826049805,27.102399826049805,27.102399826049805,22.97860336303711,416
2021-10-20,27.25,27.25,27.186599731445312,27.25,23.103742599487305,576
2021-10-21,27.125,27.25,27.125,27.20829963684082,23.06838607788086,1588
2021-10-22,26.950000762939453,27.149999618530273,26.829999923706055,27.04990005493164,22.934085845947266,2182
2021-10-25,27.049999237060547,27.25,27.049999237060547,27.25,23.103742599487305,2705
2021-10-26,27.069499969482422,27.139999389648438,27.069499969482422,27.139999389648438,23.01047706604004,1873
2021-10-29,27.09000015258789,27.100000381469727,27.09000015258789,27.100000381469727,22.976566314697266,642
2021-11-01,27.145000457763672,27.25,27.145000457763672,27.15489959716797,23.023109436035156,751
2021-11-02,27.049999237060547,27.049999237060547,27.0,27.0,22.891782760620117,1315
2021-11-03,27.149999618530273,27.149999618530273,27.149999618530273,27.149999618530273,23.018959045410156,117
2021-11-04,27.149999618530273,27.149999618530273,27.0,27.0,22.891782760620117,2210
2021-11-05,27.0,27.0,26.950000762939453,26.99250030517578,22.885425567626953,3517
2021-11-08,27.064599990844727,27.064599990844727,27.064599990844727,27.064599990844727,22.946552276611328,113
2021-11-09,26.951000213623047,26.951000213623047,26.951000213623047,26.951000213623047,22.850234985351562,150
2021-11-10,27.013200759887695,27.013200759887695,26.90999984741211,26.90999984741211,22.815473556518555,1235
2021-11-11,26.81999969482422,26.899999618530273,26.81999969482422,26.899999618530273,22.806997299194336,6333
2021-11-12,26.850000381469727,26.850000381469727,26.81999969482422,26.84000015258789,22.756128311157227,9206
2021-11-15,26.90999984741211,26.90999984741211,26.8700008392334,26.90999984741211,22.815473556518555,6377
2021-11-16,26.81999969482422,26.950000762939453,26.81999969482422,26.950000762939453,22.849388122558594,4330
2021-11-17,26.950000762939453,26.950000762939453,26.829999923706055,26.829999923706055,22.747648239135742,6577
2021-11-19,26.854999542236328,26.860000610351562,26.829999923706055,26.829999923706055,22.747648239135742,1566
2021-11-22,26.809999465942383,26.89900016784668,26.809999465942383,26.850000381469727,22.764602661132812,1857
2021-11-23,26.940500259399414,26.940500259399414,26.84000015258789,26.84000015258789,22.756128311157227,776
2021-11-24,26.809999465942383,26.860000610351562,26.809999465942383,26.860000610351562,22.77308464050293,2266
2021-11-29,26.908300399780273,27.05069923400879,26.908300399780273,27.05069923400879,22.934764862060547,2148
2021-11-30,26.829999923706055,26.970399856567383,26.799999237060547,26.970399856567383,22.86668586730957,1970
2021-12-01,26.899999618530273,26.899999618530273,26.520000457763672,26.600000381469727,22.552642822265625,4312
2021-12-02,26.860000610351562,26.860000610351562,26.860000610351562,26.860000610351562,22.77308464050293,219
2021-12-03,26.8700008392334,27.610000610351562,26.850000381469727,27.5,23.315702438354492,37901
2021-12-06,27.200000762939453,27.280000686645508,27.1200008392334,27.25,23.103742599487305,4563
2021-12-07,27.25,27.270000457763672,27.13159942626953,27.13159942626953,23.003358840942383,5647
2021-12-08,27.190000534057617,27.190000534057617,27.190000534057617,27.190000534057617,23.05286979675293,100
2021-12-09,27.110000610351562,27.299999237060547,26.920000076293945,27.030000686645508,22.917219161987305,9709
2021-12-10,27.020000457763672,27.02079963684082,26.81999969482422,26.8799991607666,22.790040969848633,5327
2021-12-13,26.8799991607666,26.8799991607666,26.8799991607666,26.8799991607666,22.790040969848633,133
2021-12-14,26.8799991607666,26.8799991607666,26.850000381469727,26.854700088500977,22.768590927124023,868
2021-12-15,26.850099563598633,26.860000610351562,26.81999969482422,26.860000610351562,22.77308464050293,3334
2021-12-16,26.700000762939453,26.7450008392334,26.700000762939453,26.700000762939453,22.924110412597656,966
2021-12-17,26.420000076293945,26.420000076293945,26.420000076293945,26.420000076293945,22.683706283569336,1511
2021-12-20,26.66010093688965,26.66010093688965,26.5,26.55820083618164,22.8023624420166,654
2021-12-21,26.575599670410156,26.600000381469727,26.520000457763672,26.600000381469727,22.83824920654297,1051
2021-12-22,26.700000762939453,26.700000762939453,26.510000228881836,26.540000915527344,22.7867374420166,1773
2021-12-23,26.549999237060547,26.559999465942383,26.530000686645508,26.559999465942383,22.80390739440918,1126
2021-12-27,26.75,26.75,26.559999465942383,26.579999923706055,22.821077346801758,803
2021-12-28,26.54800033569336,26.698400497436523,26.54800033569336,26.698400497436523,22.922731399536133,6110
2021-12-29,26.739999771118164,26.739999771118164,26.540000915527344,26.540000915527344,22.7867374420166,780
2021-12-30,26.600000381469727,26.600000381469727,26.600000381469727,26.600000381469727,22.83824920654297,300
2022-01-03,26.58099937438965,26.729999542236328,26.58099937438965,26.719999313354492,22.9412784576416,2441
2022-01-04,26.649999618530273,26.65239906311035,26.639999389648438,26.65239906311035,22.883237838745117,2614
2022-01-06,26.604999542236328,26.64889907836914,26.604999542236328,26.64889907836914,22.880231857299805,904
2022-01-10,26.549999237060547,26.583200454711914,26.25,26.25,22.53774642944336,6111
2022-01-11,26.329999923706055,26.350000381469727,26.329999923706055,26.350000381469727,22.62360191345215,1079
2022-01-12,26.360000610351562,26.360000610351562,26.360000610351562,26.360000610351562,22.632190704345703,1894
2022-01-14,26.399999618530273,26.46820068359375,26.3799991607666,26.389999389648438,22.657947540283203,5809
2022-01-18,26.56999969482422,26.56999969482422,26.31999969482422,26.31999969482422,22.597848892211914,6399
2022-01-19,26.34000015258789,26.618999481201172,26.34000015258789,26.449499130249023,22.709030151367188,4983
2022-01-20,26.5,26.6299991607666,26.489999771118164,26.6299991607666,22.86400604248047,2467
2022-01-21,26.486000061035156,26.579999923706055,26.34000015258789,26.450000762939453,22.709463119506836,5128
2022-01-24,26.3700008392334,26.3700008392334,26.309999465942383,26.350000381469727,22.62360191345215,10774
2022-01-25,26.405000686645508,26.405000686645508,26.405000686645508,26.405000686645508,22.670827865600586,506
2022-01-26,26.358999252319336,26.450000762939453,26.290000915527344,26.350000381469727,22.62360191345215,10996
2022-01-27,26.389999389648438,26.43000030517578,26.18000030517578,26.19700050354004,22.49224281311035,16828
2022-01-28,26.270000457763672,26.290000915527344,26.1299991607666,26.130199432373047,22.434890747070312,3137
2022-01-31,26.329999923706055,26.329999923706055,24.93000030517578,25.940000534057617,22.271591186523438,45225
2022-02-01,26.170000076293945,26.280000686645508,26.049999237060547,26.27989959716797,22.563419342041016,12465
2022-02-02,26.19849967956543,26.450000762939453,26.19849967956543,26.445999145507812,22.70602798461914,6889
2022-02-03,26.3799991607666,26.3799991607666,26.26889991760254,26.3799991607666,22.64936065673828,6426
2022-02-04,26.18000030517578,26.3799991607666,26.110000610351562,26.1299991607666,22.434715270996094,3778
2022-02-07,26.299999237060547,26.350000381469727,26.20009994506836,26.34280014038086,22.61742401123047,3031
2022-02-08,26.20170021057129,26.360700607299805,26.149999618530273,26.162700653076172,22.46279525756836,3062
2022-02-09,26.222700119018555,26.30500030517578,26.209999084472656,26.299999237060547,22.58067512512207,650
2022-02-10,26.209999084472656,26.209999084472656,26.0,26.0,22.323102951049805,6696
2022-02-11,26.0,26.149999618530273,25.950000762939453,26.1299991607666,22.434715270996094,2284
2022-02-14,25.984600067138672,25.984600067138672,25.510099411010742,25.860000610351562,22.202899932861328,5965
2022-02-15,25.709999084472656,25.709999084472656,25.514999389648438,25.625,22.001131057739258,5007
2022-02-16,25.5,25.709999084472656,25.5,25.709999084472656,22.07411003112793,2323
2022-02-17,25.850000381469727,25.856300354003906,25.459999084472656,25.600000381469727,21.97966957092285,6274
2022-02-18,25.81999969482422,25.829999923706055,25.665000915527344,25.78860092163086,22.141597747802734,2442
2022-02-22,25.790000915527344,25.790000915527344,25.657100677490234,25.75200080871582,22.11017417907715,1105
2022-02-24,25.690000534057617,25.690000534057617,25.690000534057617,25.690000534057617,22.056941986083984,291
2022-02-25,25.809999465942383,25.90999984741211,25.79990005493164,25.79990005493164,22.15129852294922,4971
2022-02-28,25.75,25.950000762939453,25.75,25.933399200439453,22.26592254638672,2299
2022-03-02,26.059999465942383,26.059999465942383,25.915000915527344,25.915000915527344,22.250123977661133,2049
2022-03-03,25.75,25.989999771118164,25.75,25.760000228881836,22.117040634155273,3877
2022-03-04,25.978599548339844,25.978599548339844,25.940000534057617,25.940000534057617,22.271591186523438,525
2022-03-07,25.940000534057617,25.940000534057617,25.852800369262695,25.869199752807617,22.21080207824707,1221
2022-03-08,25.670000076293945,25.969999313354492,25.649999618530273,25.969999313354492,22.29734230041504,9312
2022-03-09,25.940000534057617,25.940000534057617,25.65999984741211,25.68000030517578,22.048355102539062,2523
2022-03-10,25.68000030517578,25.76219940185547,25.68000030517578,25.68000030517578,22.048355102539062,662
2022-03-11,25.649999618530273,25.68000030517578,25.649999618530273,25.649999618530273,22.022598266601562,1717
2022-03-14,25.649999618530273,25.709999084472656,25.09000015258789,25.309999465942383,21.730680465698242,12791
2022-03-15,25.649999618530273,25.649999618530273,25.350000381469727,25.3700008392334,21.782196044921875,2043
2022-03-16,25.209999084472656,25.34600067138672,25.209999084472656,25.34600067138672,21.761587142944336,885
2022-03-17,25.34000015258789,25.450000762939453,25.209999084472656,25.280000686645508,21.70492172241211,3064
2022-03-18,25.200000762939453,25.200000762939453,25.040000915527344,25.139999389648438,21.875385284423828,5548
2022-03-21,25.290000915527344,25.329999923706055,25.023399353027344,25.023399353027344,21.773923873901367,7790
2022-03-22,25.020000457763672,25.290000915527344,24.900100708007812,25.110000610351562,21.849279403686523,13400
2022-03-23,25.280000686645508,25.280000686645508,25.010000228881836,25.010000228881836,21.762266159057617,4536
2022-03-24,25.110000610351562,25.149999618530273,24.959999084472656,25.0,21.753562927246094,8342
2022-03-25,25.06999969482422,25.06999969482422,24.959999084472656,25.06999969482422,21.814472198486328,5609
2022-03-28,25.06999969482422,25.25,25.0,25.15999984741211,21.89278793334961,7907
2022-03-29,25.229900360107422,25.229900360107422,25.030000686645508,25.1200008392334,21.857982635498047,6987
2022-03-30,25.165000915527344,25.25,25.1200008392334,25.174999237060547,21.905838012695312,5101
2022-03-31,25.22949981689453,25.308399200439453,25.22949981689453,25.308399200439453,22.021915435791016,1204
2022-04-01,25.25,25.25,25.25,25.25,21.97109603881836,1200
2022-04-04,25.209999084472656,25.280000686645508,25.209999084472656,25.280000686645508,21.997203826904297,1756
2022-04-05,25.149999618530273,25.17639923095703,25.030000686645508,25.059999465942383,21.80577278137207,6060
2022-04-06,25.059900283813477,25.229999542236328,25.049999237060547,25.183700561523438,21.91341209411621,2210
2022-04-07,25.049999237060547,25.149999618530273,25.040000915527344,25.09000015258789,21.831878662109375,4686
2022-04-08,25.1299991607666,25.139999389648438,25.08009910583496,25.100000381469727,21.840578079223633,5364
2022-04-11,25.100000381469727,25.15220069885254,24.93000030517578,24.9601993560791,21.71893310546875,6284
2022-04-12,24.969999313354492,25.09000015258789,24.510000228881836,24.957500457763672,21.716583251953125,7440
2022-04-13,24.969999313354492,24.969999313354492,24.649999618530273,24.730600357055664,21.519149780273438,6573
2022-04-14,24.670499801635742,25.028400421142578,24.600000381469727,24.670000076293945,21.466419219970703,6521
2022-04-18,24.600000381469727,24.75,24.549999237060547,24.749799728393555,21.535856246948242,6640
2022-04-19,24.75,24.75,24.600000381469727,24.68000030517578,21.475120544433594,6571
2022-04-20,24.662700653076172,24.780000686645508,24.662700653076172,24.749900817871094,21.535940170288086,1637
2022-04-21,24.700000762939453,24.753000259399414,24.530000686645508,24.540000915527344,21.35329818725586,9128
2022-04-22,24.549999237060547,24.549999237060547,24.440399169921875,24.484600067138672,21.305091857910156,5923
2022-04-25,24.671100616455078,24.700000762939453,24.59079933166504,24.6200008392334,21.42291259765625,1350
2022-04-26,24.700000762939453,24.700000762939453,24.649900436401367,24.649999618530273,21.449016571044922,2116
2022-04-27,24.700000762939453,25.0,24.51020050048828,24.813400268554688,21.59119415283203,10838
2022-04-28,24.920000076293945,25.195499420166016,24.861099243164062,25.195499420166016,21.923677444458008,18432
2022-04-29,25.139999389648438,25.209999084472656,24.786699295043945,25.200000762939453,21.927593231201172,4446
2022-05-03,24.510000228881836,24.83839988708496,24.510000228881836,24.75,21.536029815673828,5175
2022-05-04,24.75,24.75,24.75,24.75,21.536029815673828,965
2022-05-05,24.639999389648438,24.769899368286133,24.3700008392334,24.68000030517578,21.475120544433594,12480
2022-05-06,24.700000762939453,25.229999542236328,24.700000762939453,24.90019989013672,21.666725158691406,13446
2022-05-09,24.790000915527344,25.219999313354492,24.780899047851562,25.170000076293945,21.901491165161133,13637
2022-05-10,25.149999618530273,25.149999618530273,24.96030044555664,24.989999771118164,21.744861602783203,5668
2022-05-11,24.8799991607666,24.899999618530273,24.719999313354492,24.899999618530273,21.66655158996582,3286
2022-05-12,24.950000762939453,24.969999313354492,24.890499114990234,24.969999313354492,21.727460861206055,9632
2022-05-13,24.944299697875977,24.969999313354492,24.752599716186523,24.969999313354492,21.727460861206055,7426
2022-05-16,24.888099670410156,25.0,24.811199188232422,25.0,21.753562927246094,2140
2022-05-17,24.915000915527344,25.18000030517578,24.83099937438965,25.18000030517578,21.91019058227539,7262
2022-05-18,25.045000076293945,25.09000015258789,25.045000076293945,25.09000015258789,21.831878662109375,1700
2022-05-19,25.149999618530273,25.15999984741211,25.099700927734375,25.099700927734375,21.84031867980957,2679
2022-05-20,25.100000381469727,25.100000381469727,24.979999542236328,25.09000015258789,21.831878662109375,1000
2022-05-23,25.170000076293945,25.256000518798828,25.170000076293945,25.256000518798828,21.976320266723633,4965
2022-05-24,25.020000457763672,25.225000381469727,25.0177001953125,25.225000381469727,21.949344635009766,1631
2022-05-25,25.270000457763672,25.790000915527344,25.270000457763672,25.790000915527344,22.440977096557617,3876
2022-05-26,25.729999542236328,25.729999542236328,25.596599578857422,25.596599578857422,22.27269172668457,700
2022-05-27,25.690099716186523,26.06999969482422,25.690099716186523,26.06999969482422,22.684614181518555,2208
2022-05-31,25.81999969482422,25.920000076293945,25.209999084472656,25.486600875854492,22.176979064941406,22458
2022-06-01,25.43000030517578,25.799999237060547,25.43000030517578,25.75,22.406169891357422,4173
2022-06-02,25.729999542236328,25.760000228881836,25.389999389648438,25.639999389648438,22.310455322265625,6015
2022-06-03,25.860300064086914,25.860300064086914,25.260000228881836,25.309999465942383,22.023305892944336,16260
2022-06-06,25.399999618530273,25.399999618530273,25.239999771118164,25.239999771118164,21.9623966217041,443
2022-06-07,25.100000381469727,25.399999618530273,25.100000381469727,25.314800262451172,22.02748680114746,7917
2022-06-09,25.25,25.34000015258789,25.200000762939453,25.34000015258789,22.049409866333008,1329
2022-06-10,25.404699325561523,25.404699325561523,25.404699325561523,25.404699325561523,22.105710983276367,553
2022-06-13,25.0,25.0,24.787099838256836,24.950000762939453,21.71005630493164,2248
2022-06-14,25.118000030517578,25.209999084472656,24.700000762939453,24.844999313354492,21.618688583374023,11337
2022-06-15,24.700000762939453,25.05430030822754,24.700000762939453,25.05430030822754,21.800811767578125,3955
2022-06-16,25.149999618530273,25.350000381469727,24.3700008392334,24.3700008392334,21.493568420410156,2093
2022-06-17,24.75,24.899999618530273,24.450000762939453,24.479999542236328,21.590585708618164,2705
2022-06-21,24.40999984741211,24.989999771118164,24.40999984741211,24.969900131225586,22.022663116455078,2833
2022-06-22,24.953100204467773,24.959999084472656,24.700000762939453,24.70400047302246,21.78814697265625,2233
2022-06-23,24.649999618530273,24.729999542236328,24.584999084472656,24.665000915527344,21.75374984741211,4560
2022-06-24,24.600000381469727,24.600000381469727,24.420000076293945,24.5,21.608226776123047,6955
2022-06-27,24.600000381469727,24.850000381469727,24.5,24.850000381469727,21.916912078857422,8357
2022-06-28,24.729999542236328,24.859899520874023,24.729999542236328,24.793899536132812,21.867435455322266,701
2022-06-29,24.820100784301758,24.820100784301758,24.709999084472656,24.709999084472656,21.793439865112305,1242
2022-06-30,24.77989959716797,24.959999084472656,24.620100021362305,24.809999465942383,21.881635665893555,4430
2022-07-01,24.80500030517578,24.950000762939453,24.680200576782227,24.8799991607666,21.943374633789062,2382
2022-07-05,24.959999084472656,25.168399810791016,24.959999084472656,25.100000381469727,22.137405395507812,2625
2022-07-06,25.010000228881836,25.251300811767578,25.0,25.030000686645508,22.07567024230957,3597
2022-07-07,25.191499710083008,25.191499710083008,24.937999725341797,25.0,22.04920768737793,5825
2022-07-08,25.024999618530273,25.024999618530273,24.90999984741211,24.940000534057617,21.99629020690918,5036
2022-07-11,25.040000915527344,25.177900314331055,24.959999084472656,24.959999084472656,22.01392936706543,5005
2022-07-13,25.010000228881836,25.170000076293945,25.0,25.170000076293945,22.199148178100586,827
2022-07-14,25.094999313354492,25.100000381469727,24.959999084472656,25.06999969482422,22.110944747924805,3335
2022-07-15,24.747299194335938,25.05780029296875,24.747299194335938,25.05780029296875,22.10018539428711,1160
2022-07-18,25.099899291992188,25.25,25.049999237060547,25.159900665283203,22.190235137939453,8595
2022-07-19,25.350000381469727,25.3799991607666,24.940000534057617,24.940000534057617,21.99629020690918,3995
2022-07-20,25.3799991607666,25.3799991607666,25.020000457763672,25.020000457763672,22.066848754882812,530
2022-07-21,25.5,25.520000457763672,25.1299991607666,25.1299991607666,22.163864135742188,8719
2022-07-22,25.219999313354492,25.309999465942383,25.200000762939453,25.200000762939453,22.225605010986328,2828
2022-07-25,25.299999237060547,25.459999084472656,25.219999313354492,25.290000915527344,22.304981231689453,4137
2022-07-26,25.290000915527344,25.649999618530273,25.1299991607666,25.5,22.49019432067871,5666
2022-07-27,25.5,25.75,25.31999969482422,25.530000686645508,22.516653060913086,4715
2022-07-29,25.510000228881836,25.889999389648438,25.5,25.829999923706055,22.78124237060547,1651
2022-08-01,25.615400314331055,25.899999618530273,25.615400314331055,25.75,22.71068572998047,1871
2022-08-02,25.6299991607666,25.73889923095703,25.6299991607666,25.73889923095703,22.700895309448242,1400
2022-08-03,25.71780014038086,25.71780014038086,25.579999923706055,25.579999923706055,22.560752868652344,587
2022-08-04,25.550100326538086,25.860000610351562,25.550100326538086,25.850000381469727,22.79888343811035,996
2022-08-05,25.84000015258789,25.84000015258789,25.600000381469727,25.600000381469727,22.578392028808594,1464
2022-08-08,25.610000610351562,25.610000610351562,25.59000015258789,25.600000381469727,22.578392028808594,4684
2022-08-09,25.5,25.600000381469727,25.299999237060547,25.299999237060547,22.313798904418945,2419
2022-08-10,25.40999984741211,25.450000762939453,25.3700008392334,25.450000762939453,22.446096420288086,3080
2022-08-11,25.600000381469727,25.600000381469727,25.270000457763672,25.56999969482422,22.551931381225586,1463
2022-08-12,25.542400360107422,25.542400360107422,25.542400360107422,25.542400360107422,22.527589797973633,173
2022-08-15,25.75,25.899999618530273,25.75,25.899999618530273,22.842979431152344,1886
2022-08-16,25.520000457763672,25.57710075378418,25.520000457763672,25.57710075378418,22.55819320678711,536
2022-08-17,25.494400024414062,25.53499984741211,25.15999984741211,25.299999237060547,22.313798904418945,3811
2022-08-18,25.09000015258789,25.610000610351562,25.030000686645508,25.59000015258789,22.569570541381836,9753
2022-08-19,25.579999923706055,25.579999923706055,25.299999237060547,25.299999237060547,22.313798904418945,9002
2022-08-22,25.295000076293945,25.479999542236328,25.295000076293945,25.479900360107422,22.47246742248535,491
2022-08-23,25.229999542236328,25.549999237060547,25.229999542236328,25.549999237060547,22.534292221069336,3112
2022-08-24,25.25,25.31439971923828,25.18000030517578,25.18000030517578,22.207963943481445,1300
2022-08-25,25.459999084472656,25.549999237060547,25.31999969482422,25.549999237060547,22.534292221069336,4898
2022-08-26,25.42009925842285,25.42009925842285,25.389999389648438,25.389999389648438,22.393173217773438,1400
2022-08-29,25.639999389648438,25.639999389648438,25.5,25.5,22.49019432067871,1830
2022-08-30,25.606000900268555,25.790000915527344,25.559999465942383,25.559999465942383,22.543109893798828,3286
2022-09-01,25.31999969482422,25.329999923706055,25.25,25.25,22.269697189331055,4448
2022-09-02,25.299999237060547,25.3700008392334,25.19499969482422,25.19499969482422,22.221193313598633,16329
2022-09-06,25.079999923706055,25.200000762939453,25.011999130249023,25.200000762939453,22.225605010986328,1160
2022-09-07,25.100000381469727,25.100000381469727,25.0,25.0,22.04920768737793,11819
2022-09-08,24.989999771118164,25.020000457763672,24.989999771118164,25.020000457763672,22.066848754882812,1640
2022-09-09,25.06999969482422,25.079999923706055,24.989999771118164,24.989999771118164,22.040390014648438,2524
2022-09-12,25.100000381469727,25.100000381469727,24.979999542236328,24.979999542236328,22.03156852722168,7434
2022-09-13,24.93000030517578,25.010000228881836,24.80500030517578,25.010000228881836,22.058029174804688,677
2022-09-14,24.850000381469727,25.299999237060547,24.850000381469727,25.299999237060547,22.313798904418945,3714
2022-09-15,25.299999237060547,25.299999237060547,25.100000381469727,25.260000228881836,22.278522491455078,1823
2022-09-16,24.770000457763672,24.899999618530273,24.770000457763672,24.850000381469727,22.212318420410156,1368
2022-09-19,24.799999237060547,24.799999237060547,24.40999984741211,24.649999618530273,22.033550262451172,6345
2022-09-20,24.25200080871582,24.549999237060547,24.25200080871582,24.520000457763672,21.917346954345703,24838
2022-09-21,24.6299991607666,24.649999618530273,24.260000228881836,24.260000228881836,21.68494415283203,11062
2022-09-22,24.440000534057617,24.449899673461914,24.019899368286133,24.110000610351562,21.550870895385742,7891
2022-09-23,24.079999923706055,24.079999923706055,23.5,23.520000457763672,21.02349281311035,8743
2022-09-26,23.219999313354492,24.049999237060547,23.219999313354492,24.049999237060547,21.497236251831055,7776
2022-09-27,23.959999084472656,23.979999542236328,23.600000381469727,23.600000381469727,21.094999313354492,3167
2022-09-28,23.549999237060547,23.939899444580078,23.139999389648438,23.920000076293945,21.38103485107422,4241
2022-09-29,24.059999465942383,24.329999923706055,23.770599365234375,23.923900604248047,21.384521484375,5236
2022-09-30,24.249900817871094,24.549999237060547,24.200000762939453,24.399999618530273,21.81008529663086,6797
2022-10-03,24.399999618530273,24.549999237060547,24.150400161743164,24.36199951171875,21.77611541748047,6581
2022-10-04,24.360000610351562,24.549999237060547,24.334199905395508,24.463499069213867,21.866846084594727,2847
2022-10-05,24.399999618530273,24.399999618530273,24.149999618530273,24.229999542236328,21.658130645751953,805
2022-10-06,24.459999084472656,24.459999084472656,24.243799209594727,24.399999618530273,21.81008529663086,4040
2022-10-07,24.200000762939453,24.200000762939453,23.860599517822266,24.09000015258789,21.532989501953125,4887
2022-10-10,23.940000534057617,24.328500747680664,23.940000534057617,24.328500747680664,21.746173858642578,580
2022-10-11,24.049999237060547,24.049999237060547,23.899999618530273,23.979999542236328,21.434663772583008,1678
2022-10-12,23.979999542236328,23.989999771118164,23.75,23.929100036621094,21.3891658782959,4123
2022-10-13,23.790000915527344,23.989999771118164,23.790000915527344,23.895000457763672,21.358688354492188,3364
2022-10-14,23.899999618530273,23.899999618530273,23.809999465942383,23.850000381469727,21.318464279174805,810
2022-10-17,23.881000518798828,24.50119972229004,23.850000381469727,24.299999237060547,21.720699310302734,6348
2022-10-18,24.018999099731445,24.149999618530273,23.850000381469727,23.850000381469727,21.318464279174805,5243
2022-10-19,23.780000686645508,23.799999237060547,23.780000686645508,23.799999237060547,21.27376937866211,610
2022-10-20,23.700000762939453,23.700000762939453,23.200000762939453,23.49720001220703,21.00311279296875,4980
2022-10-21,23.200000762939453,24.15999984741211,22.860000610351562,23.82469940185547,21.295848846435547,10307
2022-10-24,23.290000915527344,23.290000915527344,23.170000076293945,23.170000076293945,20.71063995361328,1101
2022-10-25,22.899999618530273,23.399999618530273,22.899999618530273,23.079999923706055,20.630197525024414,6553
2022-10-26,22.829999923706055,23.110000610351562,22.829999923706055,23.010000228881836,20.567625045776367,9196
2022-10-27,23.25,23.25,22.9950008392334,22.9950008392334,20.554218292236328,1249
2022-10-28,23.010000228881836,23.010099411010742,22.41010093688965,22.780000686645508,20.362037658691406,14264
2022-10-31,22.770000457763672,23.25,22.670000076293945,23.25,20.782150268554688,4868
2022-11-01,23.299999237060547,23.299999237060547,23.0,23.216400146484375,20.752117156982422,1990
2022-11-02,23.020000457763672,23.309999465942383,22.989999771118164,23.205900192260742,20.74273109436035,12055
2022-11-03,23.280000686645508,23.388099670410156,22.91010093688965,23.219999313354492,20.75533103942871,3016
2022-11-04,23.239999771118164,23.520000457763672,23.239999771118164,23.489999771118164,20.996675491333008,5450
2022-11-07,23.30769920349121,23.850000381469727,23.30769920349121,23.350000381469727,20.871540069580078,5835
2022-11-08,23.299999237060547,23.88089942932129,23.260000228881836,23.83880043029785,21.308456420898438,6531
2022-11-09,23.469999313354492,23.93709945678711,23.450000762939453,23.841800689697266,21.31113624572754,5053
2022-11-10,23.940000534057617,24.010000228881836,23.93000030517578,24.0,21.45254135131836,2500
2022-11-11,24.34000015258789,24.43000030517578,24.329999923706055,24.43000030517578,21.836902618408203,1316
2022-11-14,23.84000015258789,23.84000015258789,23.719999313354492,23.719999313354492,21.20226287841797,1296
2022-11-15,24.450000762939453,24.469999313354492,24.309999465942383,24.350000381469727,21.76539421081543,2502
2022-11-17,23.290000915527344,24.489900588989258,23.290000915527344,24.139999389648438,21.577682495117188,3938
2022-11-18,24.065000534057617,24.290000915527344,24.059999465942383,24.270000457763672,21.693885803222656,3525
2022-11-21,23.950000762939453,24.209999084472656,23.799999237060547,24.010000228881836,21.46148109436035,3366
2022-11-22,24.450000762939453,24.88360023498535,23.34000015258789,24.829999923706055,22.194442749023438,10031
2022-11-23,24.700000762939453,24.700000762939453,24.200000762939453,24.240100860595703,21.667158126831055,6320
2022-11-25,24.020000457763672,24.969999313354492,24.020000457763672,24.576000213623047,21.967403411865234,1042
2022-11-28,24.450000762939453,24.68000030517578,24.399999618530273,24.589399337768555,21.979381561279297,3943
2022-11-29,24.5,24.850000381469727,24.5,24.520000457763672,21.917346954345703,2534
2022-11-30,24.104299545288086,24.940000534057617,24.047199249267578,24.700000762939453,22.0782413482666,4122
2022-12-01,24.600000381469727,24.68000030517578,24.360000610351562,24.360000610351562,21.774330139160156,15809
2022-12-02,23.845500946044922,24.34000015258789,23.670000076293945,24.29990005493164,21.720611572265625,19352
2022-12-05,24.579999923706055,24.627500534057617,23.88960075378418,24.059999465942383,21.506175994873047,2583
2022-12-06,24.427799224853516,24.59000015258789,23.80109977722168,24.384000778198242,21.79578399658203,3804
2022-12-07,24.190000534057617,24.450000762939453,23.969999313354492,23.969999313354492,21.42572593688965,1162
2022-12-08,23.729999542236328,24.450000762939453,23.729999542236328,24.229999542236328,21.658130645751953,5241
2022-12-09,24.280000686645508,24.489999771118164,24.209999084472656,24.225000381469727,21.65365982055664,3130
2022-12-12,24.219999313354492,24.25,24.0,24.03499984741211,21.483829498291016,2710
2022-12-13,24.25,24.489900588989258,24.020000457763672,24.30820083618164,21.728031158447266,2114
2022-12-14,24.399999618530273,24.399999618530273,24.126699447631836,24.399999618530273,21.81008529663086,2165
2022-12-15,24.389999389648438,24.75,24.389999389648438,24.5,21.899471282958984,5531
2022-12-16,24.065000534057617,24.065000534057617,23.790000915527344,23.975000381469727,21.72812843322754,1112
2022-12-19,23.860000610351562,23.860000610351562,23.239999771118164,23.450700759887695,21.252960205078125,16953
2022-12-20,23.440000534057617,23.459999084472656,23.0,23.350000381469727,21.16170310974121,13532
2022-12-21,23.639999389648438,23.639999389648438,23.059999465942383,23.440000534057617,21.243267059326172,15265
2022-12-22,23.56999969482422,23.56999969482422,23.299999237060547,23.34000015258789,21.15263557434082,4180
2022-12-23,23.4950008392334,23.4950008392334,23.34000015258789,23.4153995513916,21.220972061157227,1936
2022-12-27,23.540000915527344,23.540000915527344,22.75,22.899999618530273,20.75387191772461,5943
2022-12-28,22.790000915527344,23.094999313354492,22.670000076293945,22.899999618530273,20.75387191772461,7384
2022-12-29,22.81999969482422,23.139999389648438,22.81999969482422,22.81999969482422,20.68136978149414,7198
2022-12-30,22.850000381469727,23.459999084472656,22.850000381469727,23.459999084472656,21.261390686035156,8981
2023-01-03,23.459999084472656,23.474300384521484,23.0,23.468900680541992,21.269460678100586,2417
2023-01-04,23.139999389648438,23.56999969482422,23.040000915527344,23.44729995727539,21.249881744384766,5796
2023-01-05,23.56999969482422,23.940000534057617,23.436500549316406,23.940000534057617,21.6964054107666,1450
2023-01-06,23.989999771118164,23.989999771118164,23.684999465942383,23.989999771118164,21.74172019958496,1842
2023-01-09,24.030000686645508,24.34000015258789,24.01259994506836,24.184999465942383,21.918445587158203,2935
2023-01-10,23.989999771118164,24.34000015258789,23.989999771118164,24.19499969482422,21.92751121520996,6700
2023-01-11,24.3799991607666,24.8799991607666,24.170000076293945,24.235000610351562,21.963760375976562,8957
2023-01-12,24.290000915527344,24.6560001373291,24.15999984741211,24.36669921875,22.08311653137207,3031
2023-01-13,24.489999771118164,24.489999771118164,24.489999771118164,24.489999771118164,22.194860458374023,880
2023-01-17,24.489999771118164,24.639999389648438,24.43000030517578,24.639999389648438,22.3308048248291,723
2023-01-18,24.659700393676758,24.81999969482422,24.526599884033203,24.81999969482422,22.493934631347656,7514
2023-01-19,24.63559913635254,24.799999237060547,24.63559913635254,24.65220069885254,22.341861724853516,400
2023-01-20,24.799999237060547,24.809999465942383,24.659400939941406,24.809999465942383,22.484874725341797,2082
2023-01-23,24.84000015258789,24.934999465942383,24.799999237060547,24.934999465942383,22.59815788269043,3675
2023-01-24,24.940000534057617,24.940000534057617,24.940000534057617,24.940000534057617,22.602689743041992,675
2023-01-25,24.920000076293945,24.920000076293945,24.749900817871094,24.75,22.430496215820312,2097
2023-01-27,24.889999389648438,24.889999389648438,24.610000610351562,24.889999389648438,22.557373046875,2304
2023-01-30,24.700000762939453,24.969999313354492,24.700000762939453,24.889999389648438,22.557373046875,3147
2023-02-01,24.72089958190918,24.72089958190918,24.72089958190918,24.72089958190918,22.40412139892578,408
2023-02-02,24.889999389648438,24.889999389648438,24.889999389648438,24.889999389648438,22.557373046875,800
2023-02-03,24.889999389648438,24.889999389648438,24.889999389648438,24.889999389648438,22.557373046875,162
2023-02-06,24.790000915527344,24.82430076599121,24.790000915527344,24.82430076599121,22.497835159301758,1741
2023-02-07,24.71299934387207,24.940000534057617,24.71299934387207,24.940000534057617,22.602689743041992,6493
2023-02-08,24.804800033569336,24.899999618530273,24.804800033569336,24.850000381469727,22.5211238861084,1619
2023-02-10,24.969999313354492,25.860000610351562,24.809999465942383,25.100000381469727,22.74769401550293,6736
2023-02-14,24.854999542236328,25.149999618530273,24.854999542236328,24.98419952392578,22.64274787902832,5725
2023-02-15,25.100000381469727,25.100000381469727,25.100000381469727,25.100000381469727,22.74769401550293,258
2023-02-16,24.75,24.93000030517578,24.510099411010742,24.510099411010742,22.213077545166016,5496
2023-02-17,24.61479949951172,24.61479949951172,24.612600326538086,24.612600326538086,22.305971145629883,770
2023-02-21,24.860000610351562,24.860000610351562,24.25,24.600000381469727,22.294553756713867,5801
2023-02-22,24.479999542236328,24.59000015258789,24.309999465942383,24.3700008392334,22.086109161376953,2814
2023-02-23,24.3799991607666,24.540000915527344,24.08370018005371,24.411300659179688,22.123537063598633,3800
2023-02-24,24.59000015258789,24.709999084472656,24.293100357055664,24.354999542236328,22.07251739501953,3821
2023-02-27,24.690000534057617,24.700000762939453,24.399999618530273,24.65999984741211,22.34893035888672,2889
2023-02-28,24.459999084472656,24.530000686645508,24.333999633789062,24.530000686645508,22.23111343383789,2830
2023-03-01,24.8799991607666,24.8799991607666,24.309999465942383,24.345199584960938,22.06363296508789,3221
2023-03-03,24.440000534057617,24.479999542236328,24.202299118041992,24.25819969177246,21.984785079956055,3478
2023-03-06,24.299999237060547,24.299999237060547,24.1200008392334,24.15999984741211,21.895788192749023,3100
2023-03-07,24.299999237060547,24.299999237060547,24.020000457763672,24.020000457763672,21.768911361694336,801
2023-03-08,24.239999771118164,24.25,24.0,24.0,21.750783920288086,4010
2023-03-09,24.010000228881836,24.010000228881836,23.62619972229004,23.649999618530273,21.433584213256836,2865
2023-03-10,23.920000076293945,23.920000076293945,23.600000381469727,23.709999084472656,21.48796272277832,4185
2023-03-13,23.829999923706055,24.030000686645508,23.31999969482422,23.850000381469727,21.61484146118164,5197
2023-03-14,23.760000228881836,24.100000381469727,23.510000228881836,24.049999237060547,21.796096801757812,14393
2023-03-15,23.725000381469727,24.049999237060547,23.709999084472656,24.049999237060547,21.796096801757812,2148
2023-03-16,24.049999237060547,24.049999237060547,23.8700008392334,24.049999237060547,21.796096801757812,5606
2023-03-17,23.700000762939453,23.979999542236328,23.700000762939453,23.849899291992188,21.920948028564453,3773
2023-03-20,23.739999771118164,23.739999771118164,23.290000915527344,23.649999618530273,21.737218856811523,2643
2023-03-21,23.80500030517578,23.959999084472656,23.649999618530273,23.700000762939453,21.783174514770508,4922
2023-03-22,23.75,23.75,23.40999984741211,23.75,21.829130172729492,4440
2023-03-23,24.25,24.25,23.360000610351562,23.649999618530273,21.737218856811523,3809
2023-03-24,23.6200008392334,24.149999618530273,23.549999237060547,23.920000076293945,21.985380172729492,5206
2023-03-27,24.25,24.25,23.75,24.040000915527344,22.09567642211914,5300
2023-03-28,24.049999237060547,24.049999237060547,23.61009979248047,24.049999237060547,22.10486602783203,898
2023-03-29,24.049999237060547,24.049999237060547,23.780000686645508,24.049999237060547,22.10486602783203,6711
2023-03-30,24.049999237060547,24.079999923706055,24.009300231933594,24.06999969482422,22.123247146606445,10692
2023-03-31,24.239999771118164,24.239999771118164,23.899999618530273,24.04990005493164,22.10477638244629,4359
2023-04-03,24.049999237060547,24.049999237060547,23.899999618530273,23.979999542236328,22.040523529052734,4220
2023-04-04,24.049999237060547,24.049999237060547,24.049999237060547,24.049999237060547,22.10486602783203,730
2023-04-05,24.024999618530273,24.149999618530273,24.0,24.079999923706055,22.13243865966797,88235
2023-04-06,24.139999389648438,24.190000534057617,23.979999542236328,24.06999969482422,22.123247146606445,16553
2023-04-10,24.100000381469727,24.170000076293945,24.06999969482422,24.06999969482422,22.123247146606445,3229
2023-04-11,24.139999389648438,24.350000381469727,24.139999389648438,24.350000381469727,22.380603790283203,6279
2023-04-12,24.350000381469727,24.469999313354492,24.200000762939453,24.40999984741211,22.435749053955078,6556
2023-04-13,24.3700008392334,24.3700008392334,24.3700008392334,24.3700008392334,22.398983001708984,119
2023-04-14,24.350000381469727,24.450000762939453,24.309999465942383,24.309999465942383,22.343835830688477,2565
2023-04-17,24.190000534057617,24.200000762939453,24.15999984741211,24.200000762939453,22.24273681640625,13435
2023-04-18,24.200000762939453,24.200000762939453,24.0,24.1200008392334,22.169204711914062,20243
2023-04-19,24.260000228881836,24.375,24.06999969482422,24.375,22.40357780456543,5992
2023-04-20,24.440000534057617,24.5,24.280000686645508,24.399999618530273,22.426559448242188,4900
2023-04-21,24.469999313354492,24.489999771118164,24.393600463867188,24.479999542236328,22.50008773803711,2444
2023-04-24,24.5,24.600000381469727,24.399999618530273,24.459800720214844,22.481523513793945,3485
2023-04-25,24.65999984741211,24.724199295043945,24.260000228881836,24.549999237060547,22.564424514770508,7906
2023-04-26,24.639999389648438,24.639999389648438,24.43000030517578,24.6200008392334,22.628765106201172,5721
2023-04-27,24.56999969482422,24.75,24.450000762939453,24.579999923706055,22.59200096130371,4618
2023-04-28,24.540000915527344,24.540000915527344,24.540000915527344,24.540000915527344,22.555234909057617,254
2023-05-01,24.540000915527344,24.549999237060547,24.340200424194336,24.540000915527344,22.555234909057617,2435
2023-05-02,24.559999465942383,24.59000015258789,24.475000381469727,24.540000915527344,22.555234909057617,1783
2023-05-03,24.59000015258789,24.59000015258789,24.478599548339844,24.540000915527344,22.555234909057617,1475
2023-05-04,24.420000076293945,24.459999084472656,23.889999389648438,24.309999465942383,22.343835830688477,9113
2023-05-05,24.540000915527344,24.600000381469727,24.420000076293945,24.420000076293945,22.44493865966797,1509
2023-05-08,24.540000915527344,24.84000015258789,24.540000915527344,24.65999984741211,22.66552734375,4723
2023-05-09,24.639999389648438,24.86590003967285,24.520000457763672,24.555999755859375,22.5699405670166,7712
2023-05-10,24.6299991607666,24.6299991607666,24.497499465942383,24.629899978637695,22.63786506652832,683
2023-05-11,24.6299991607666,24.6299991607666,24.459999084472656,24.54990005493164,22.564332962036133,6601
2023-05-12,24.549999237060547,24.899999618530273,24.481000900268555,24.899999618530273,22.886119842529297,8584
2023-05-15,24.81999969482422,24.850000381469727,24.59000015258789,24.850000381469727,22.84016227722168,4141
2023-05-16,24.850000381469727,24.850000381469727,24.700000762939453,24.760000228881836,22.7574405670166,1913
2023-05-17,24.850000381469727,24.850000381469727,24.709999084472656,24.84000015258789,22.83097267150879,2417
2023-05-18,24.84000015258789,24.850000381469727,24.450000762939453,24.849899291992188,22.840070724487305,4366
2023-05-19,24.850000381469727,24.850000381469727,24.700000762939453,24.7539005279541,22.751832962036133,3546
2023-05-22,24.739999771118164,24.850000381469727,24.652099609375,24.75,22.74825096130371,4554
2023-05-23,24.68000030517578,24.850000381469727,24.68000030517578,24.75,22.74825096130371,4020
2023-05-24,24.75,24.75,24.75,24.75,22.74825096130371,686
2023-05-25,24.829999923706055,24.829999923706055,24.357099533081055,24.357099533081055,22.387126922607422,3805
2023-05-26,24.829999923706055,24.829999923706055,24.420000076293945,24.780000686645508,22.77582359313965,5800
2023-05-30,24.780000686645508,24.849899291992188,24.436800003051758,24.849899291992188,22.840070724487305,1831
2023-05-31,24.850000381469727,24.850000381469727,24.15999984741211,24.760000228881836,22.7574405670166,6936
2023-06-01,24.84000015258789,24.84000015258789,24.450000762939453,24.450000762939453,22.472517013549805,1896
2023-06-02,24.709999084472656,24.829999923706055,24.6299991607666,24.829999923706055,22.821781158447266,2043
2023-06-05,24.579999923706055,24.850000381469727,24.579999923706055,24.850000381469727,22.84016227722168,2589
2023-06-06,24.579999923706055,24.850000381469727,24.579999923706055,24.84000015258789,22.83097267150879,2115
2023-06-07,24.829999923706055,24.850000381469727,24.6200008392334,24.728300094604492,22.728307723999023,4048
2023-06-08,24.829999923706055,24.84000015258789,24.75,24.84000015258789,22.83097267150879,2274
2023-06-09,24.829999923706055,24.850000381469727,24.693899154663086,24.725200653076172,22.72545623779297,13343
2023-06-12,24.59819984436035,24.700000762939453,24.5,24.700000762939453,22.702295303344727,2138
2023-06-13,24.809999465942383,24.84000015258789,24.700000762939453,24.790000915527344,22.785018920898438,2089
2023-06-14,24.739999771118164,24.790000915527344,24.700000762939453,24.790000915527344,22.785018920898438,1537
2023-06-15,24.559999465942383,24.670000076293945,24.559999465942383,24.579999923706055,22.902359008789062,1286
2023-06-16,24.46500015258789,24.46500015258789,24.46500015258789,24.46500015258789,22.795204162597656,280
2023-06-20,24.56999969482422,24.600000381469727,24.31999969482422,24.3799991607666,22.716007232666016,4392
2023-06-21,24.68000030517578,24.700000762939453,24.3799991607666,24.689899444580078,23.004756927490234,7446
2023-06-22,24.690000534057617,24.690000534057617,24.5,24.627500534057617,22.946617126464844,3808
2023-06-23,24.209999084472656,24.610000610351562,24.209999084472656,24.549999237060547,22.87440299987793,2127
2023-06-26,24.649999618530273,24.649999618530273,24.469999313354492,24.639999389648438,22.958261489868164,1411
2023-06-27,24.790000915527344,24.799999237060547,24.549699783325195,24.6299991607666,22.948945999145508,2902
2023-06-28,24.610000610351562,24.760499954223633,24.330900192260742,24.739999771118164,23.051437377929688,3523
2023-06-29,24.729999542236328,24.729999542236328,24.729999542236328,24.729999542236328,23.042118072509766,238
2023-06-30,24.6200008392334,24.668100357055664,24.6200008392334,24.668100357055664,22.98444366455078,511
2023-07-03,24.670000076293945,24.75,24.56999969482422,24.75,23.060754776000977,2070
2023-07-05,24.610000610351562,24.719999313354492,24.299999237060547,24.6299991607666,22.948945999145508,4129
2023-07-06,24.40999984741211,24.729999542236328,24.40999984741211,24.520000457763672,22.846452713012695,1344
2023-07-07,24.520000457763672,24.520000457763672,24.5,24.5,22.827817916870117,411
2023-07-11,24.579999923706055,24.618099212646484,24.579700469970703,24.618099212646484,22.937854766845703,1348
2023-07-12,24.729999542236328,24.729999542236328,24.61199951171875,24.729999542236328,23.042118072509766,2558
2023-07-13,24.604999542236328,24.604999542236328,24.604999542236328,24.604999542236328,22.92565155029297,100
2023-07-14,24.610000610351562,24.670000076293945,24.40999984741211,24.670000076293945,22.986217498779297,1823
2023-07-17,24.36840057373047,24.524999618530273,24.36840057373047,24.441699981689453,22.773496627807617,3659
2023-07-18,24.171300888061523,24.34000015258789,24.170000076293945,24.34000015258789,22.67873764038086,2538
2023-07-19,24.600000381469727,24.600000381469727,24.1200008392334,24.600000381469727,22.92099380493164,4030
2023-07-20,24.59000015258789,24.6299991607666,24.26609992980957,24.44499969482422,22.77657127380371,2335
2023-07-21,24.479999542236328,24.638399124145508,24.450000762939453,24.59000015258789,22.911678314208984,1283
2023-07-25,24.530000686645508,24.530000686645508,24.530000686645508,24.530000686645508,22.855770111083984,209
2023-07-26,24.492799758911133,24.75,24.492799758911133,24.75,23.060754776000977,471
2023-07-27,24.75,24.75,24.444700241088867,24.444700241088867,22.77629280090332,1332
2023-07-28,24.500099182128906,24.649999618530273,24.40999984741211,24.5049991607666,22.832475662231445,3496
2023-07-31,24.510000228881836,24.510000228881836,24.40999984741211,24.450000762939453,22.781232833862305,1228
2023-08-01,24.399999618530273,24.399999618530273,24.299999237060547,24.350000381469727,22.68805694580078,1657
2023-08-02,24.489999771118164,24.489999771118164,23.920000076293945,24.010000228881836,22.371261596679688,10878
2023-08-03,23.989999771118164,23.989999771118164,23.69179916381836,23.795000076293945,22.170936584472656,9123
2023-08-04,23.799999237060547,24.34830093383789,23.799999237060547,24.34830093383789,22.686471939086914,12658
2023-08-07,24.659900665283203,24.659900665283203,24.040000915527344,24.1299991607666,22.483070373535156,3958
2023-08-08,24.059999465942383,24.299999237060547,24.049999237060547,24.25,22.594881057739258,4399
2023-08-09,24.25,24.479999542236328,24.09000015258789,24.290000915527344,22.632152557373047,5107
2023-08-10,24.56999969482422,24.649999618530273,24.360000610351562,24.459999084472656,22.790546417236328,5056
2023-08-11,24.290000915527344,24.630300521850586,24.290000915527344,24.440000534057617,22.771913528442383,2200
2023-08-14,24.670000076293945,24.670000076293945,24.5,24.5,22.827817916870117,966
2023-08-15,24.354999542236328,24.469999313354492,24.180099487304688,24.299999237060547,22.64146614074707,5271
2023-08-16,24.2549991607666,24.302499771118164,24.0,24.0,22.3619441986084,3000
2023-08-17,24.06999969482422,24.100000381469727,23.90999984741211,23.97599983215332,22.339580535888672,3650
2023-08-18,24.190000534057617,24.209999084472656,23.854999542236328,24.088600158691406,22.444496154785156,5120
2023-08-21,23.75,24.200000762939453,23.75,24.200000762939453,22.548295974731445,3857
2023-08-22,24.170000076293945,24.170000076293945,23.790800094604492,23.790800094604492,22.167020797729492,1130
2023-08-23,23.885000228881836,23.950000762939453,23.389999389648438,23.600000381469727,21.98924446105957,11372
2023-08-24,23.760000228881836,23.760000228881836,23.719999313354492,23.729999542236328,22.110370635986328,1128
2023-08-25,23.795000076293945,23.795000076293945,23.479999542236328,23.510099411010742,21.905481338500977,4870
2023-08-28,23.56999969482422,23.940000534057617,23.389999389648438,23.393999099731445,21.797306060791016,3649
2023-08-29,23.838199615478516,23.854900360107422,23.540000915527344,23.549999237060547,21.942657470703125,1830
2023-08-30,23.909900665283203,23.909900665283203,23.549999237060547,23.600000381469727,21.98924446105957,1021
2023-08-31,23.84239959716797,23.899999618530273,23.700000762939453,23.719999313354492,22.101055145263672,3742
2023-09-01,23.729999542236328,23.81529998779297,23.549999237060547,23.58009910583496,21.970705032348633,2916
2023-09-05,23.738000869750977,23.872400283813477,23.65999984741211,23.77720069885254,22.15435028076172,1690
2023-09-06,23.889999389648438,23.899900436401367,23.420000076293945,23.75,22.12900733947754,4728
2023-09-07,23.799999237060547,23.889999389648438,23.674999237060547,23.75,22.12900733947754,2679
2023-09-08,23.649999618530273,23.90999984741211,23.579999923706055,23.90999984741211,22.278087615966797,2879
2023-09-11,23.860000610351562,23.860000610351562,23.829999923706055,23.829999923706055,22.203548431396484,239
2023-09-12,23.728099822998047,23.745899200439453,23.692399978637695,23.692399978637695,22.07533836364746,2310
2023-09-13,23.700000762939453,23.899999618530273,23.700000762939453,23.899999618530273,22.268768310546875,791
2023-09-14,23.871200561523438,23.90999984741211,23.770000457763672,23.84000015258789,22.212865829467773,2014
2023-09-15,23.84000015258789,23.899999618530273,23.738300323486328,23.889999389648438,22.25945281982422,5089
2023-09-18,23.780000686645508,24.290000915527344,23.770200729370117,24.162200927734375,22.834165573120117,10116
2023-09-19,24.0,24.299999237060547,23.895599365234375,24.190000534057617,22.860435485839844,8734
2023-09-20,23.9906005859375,24.1299991607666,23.940000534057617,23.975000381469727,22.657255172729492,8411
2023-09-21,23.979999542236328,23.979999542236328,23.4950008392334,23.540000915527344,22.246164321899414,10806
2023-09-22,23.579999923706055,23.75,23.5,23.739999771118164,22.435169219970703,6148
2023-09-25,23.520000457763672,23.68000030517578,23.510000228881836,23.600000381469727,22.30286407470703,3029
2023-09-26,23.65999984741211,23.65999984741211,23.545000076293945,23.545000076293945,22.25088882446289,1026
2023-09-27,23.440000534057617,23.440000534057617,22.834999084472656,23.059999465942383,21.792545318603516,19860
2023-09-28,22.950000762939453,23.31999969482422,22.950000762939453,23.060100555419922,21.792638778686523,6051
2023-09-29,23.389999389648438,23.389999389648438,23.079999923706055,23.25200080871582,21.973995208740234,5874
2023-10-02,23.170000076293945,23.5,22.84000015258789,23.15999984741211,21.887048721313477,2432
2023-10-03,23.100000381469727,23.139999389648438,22.6299991607666,22.6299991607666,21.38617706298828,8018
2023-10-04,22.700000762939453,23.100500106811523,22.540000915527344,22.649999618530273,21.405078887939453,5482
2023-10-05,22.639999389648438,22.760000228881836,22.550100326538086,22.760000228881836,21.509035110473633,2538
2023-10-06,22.43000030517578,22.739999771118164,22.360000610351562,22.700000762939453,21.452333450317383,2615
2023-10-09,22.700000762939453,22.700000762939453,22.549999237060547,22.649999618530273,21.405078887939453,555
2023-10-10,22.649999618530273,22.93000030517578,22.600000381469727,22.75,21.499584197998047,1711
2023-10-11,23.030000686645508,23.225000381469727,22.700000762939453,23.049999237060547,21.783096313476562,2706
2023-10-12,23.3700008392334,23.3700008392334,22.702699661254883,22.702699661254883,21.454883575439453,3684
2023-10-13,23.200000762939453,23.200000762939453,22.84000015258789,22.9148006439209,21.65532684326172,2981
2023-10-16,22.969999313354492,22.969999313354492,22.610000610351562,22.610000610351562,21.367277145385742,8646
2023-10-17,22.56999969482422,22.93000030517578,22.420000076293945,22.59000015258789,21.348379135131836,3946
2023-10-18,22.81450080871582,22.81450080871582,22.389999389648438,22.74519920349121,21.495046615600586,7919
2023-10-19,22.649099349975586,22.649099349975586,22.530000686645508,22.549999237060547,21.310577392578125,2984
2023-10-20,22.399999618530273,22.399999618530273,22.020000457763672,22.15999984741211,20.942012786865234,9973
2023-10-23,22.2450008392334,22.299999237060547,22.100000381469727,22.100000381469727,20.885311126708984,1406
2023-10-24,22.269899368286133,22.270000457763672,22.135000228881836,22.270000457763672,21.045969009399414,3545
2023-10-25,22.209999084472656,22.209999084472656,22.030000686645508,22.030000686645508,20.81915855407715,1520
2023-10-26,22.0,22.000499725341797,22.0,22.000499725341797,20.791278839111328,301
2023-10-27,22.030000686645508,22.3799991607666,22.030000686645508,22.299999237060547,21.074317932128906,1301
2023-10-30,22.1299991607666,22.140100479125977,22.0,22.140100479125977,20.92320442199707,2913
2023-10-31,22.155000686645508,22.42009925842285,22.1200008392334,22.34980010986328,21.121379852294922,2602
2023-11-01,22.326400756835938,22.479999542236328,22.229999542236328,22.479999542236328,21.24442481994629,3782
2023-11-02,22.399999618530273,22.770000457763672,22.399999618530273,22.729999542236328,21.480682373046875,6379
2023-11-03,22.540000915527344,23.049999237060547,22.540000915527344,22.899999618530273,21.641340255737305,4911
2023-11-06,22.860000610351562,22.969999313354492,22.43000030517578,22.43000030517578,21.19717025756836,3658
2023-11-07,22.651199340820312,22.739999771118164,22.639999389648438,22.719999313354492,21.47123146057129,2856
2023-11-08,22.672000885009766,23.09000015258789,22.6299991607666,22.954999923706055,21.693317413330078,3509
2023-11-09,23.09000015258789,23.09000015258789,22.649999618530273,22.780000686645508,21.527935028076172,2531
2023-11-10,22.780000686645508,23.049999237060547,22.780000686645508,22.950000762939453,21.6885929107666,5639
2023-11-13,22.82200050354004,23.489999771118164,22.780000686645508,23.200000762939453,21.924850463867188,5082
2023-11-14,23.260000228881836,23.65999984741211,23.229999542236328,23.510000228881836,22.21781349182129,3905
2023-11-15,23.399999618530273,23.899999618530273,22.99169921875,23.899999618530273,22.586376190185547,4577
2023-11-16,23.670000076293945,23.8799991607666,23.329999923706055,23.537700653076172,22.243989944458008,3907
2023-11-17,23.56999969482422,23.850000381469727,23.510000228881836,23.83989906311035,22.529579162597656,5121
2023-11-20,23.829999923706055,23.84000015258789,23.75,23.75,22.44462013244629,1116
2023-11-21,23.729999542236328,23.969999313354492,23.729999542236328,23.969999313354492,22.65252685546875,3830
2023-11-22,23.770000457763672,23.950000762939453,23.559999465942383,23.73069953918457,22.426380157470703,2539
2023-11-24,23.969999313354492,23.979999542236328,23.79199981689453,23.79199981689453,22.484312057495117,549
2023-11-27,23.959999084472656,23.959999084472656,23.65999984741211,23.850000381469727,22.539125442504883,2127
2023-11-28,23.709999084472656,24.110000610351562,23.709999084472656,24.100000381469727,22.7753849029541,3960
2023-11-29,23.954999923706055,23.986499786376953,23.954999923706055,23.96929931640625,22.651866912841797,1853
2023-11-30,24.100000381469727,24.200000762939453,23.8700008392334,23.8700008392334,22.558025360107422,3261
2023-12-01,24.15999984741211,24.15999984741211,23.420000076293945,23.68000030517578,22.378467559814453,8105
2023-12-04,23.549999237060547,23.81999969482422,23.549999237060547,23.684999465942383,22.383190155029297,1266
2023-12-05,23.719999313354492,23.719999313354492,23.639999389648438,23.688199996948242,22.386215209960938,400
2023-12-06,23.520000457763672,23.74340057373047,23.299999237060547,23.34000015258789,22.05715560913086,3431
2023-12-07,23.83329963684082,23.83329963684082,23.229700088500977,23.25,21.972103118896484,6076
2023-12-08,23.147199630737305,23.600000381469727,23.147199630737305,23.334999084472656,22.05242919921875,4083
2023-12-11,23.100000381469727,23.5,23.100000381469727,23.31999969482422,22.038253784179688,17887
2023-12-12,23.469999313354492,23.469999313354492,23.149999618530273,23.149999618530273,21.877599716186523,2335
2023-12-13,23.15999984741211,23.520000457763672,23.110000610351562,23.520000457763672,22.227262496948242,7587
2023-12-14,23.475000381469727,23.6200008392334,23.299999237060547,23.5,22.208362579345703,147003
2023-12-15,23.260000228881836,23.399999618530273,23.15999984741211,23.399999618530273,22.434566497802734,6981
2023-12-18,23.399999618530273,23.399999618530273,23.290000915527344,23.290000915527344,22.329103469848633,1565
2023-12-19,23.329999923706055,23.360000610351562,23.219999313354492,23.32200050354004,22.359785079956055,5011
2023-12-20,23.22010040283203,23.3700008392334,23.219999313354492,23.219999313354492,22.261991500854492,6213
2023-12-21,23.350000381469727,23.3700008392334,23.219999313354492,23.369699478149414,22.405513763427734,5237
2023-12-22,23.360000610351562,23.5,23.34000015258789,23.449899673461914,22.482406616210938,4629
2023-12-26,23.59000015258789,23.624799728393555,23.34000015258789,23.549999237060547,22.5783748626709,4105
2023-12-27,23.404399871826172,23.6200008392334,23.404399871826172,23.559999465942383,22.587963104248047,4445
2023-12-28,23.399999618530273,23.8700008392334,23.399999618530273,23.600000381469727,22.626314163208008,4189
2023-12-29,23.649999618530273,23.649999618530273,23.649999618530273,23.649999618530273,22.67424964904785,1103
2024-01-02,23.600000381469727,23.600000381469727,23.520000457763672,23.520000457763672,22.54961395263672,7955
2024-01-03,23.563100814819336,23.563100814819336,23.360000610351562,23.43000030517578,22.463329315185547,3954
2024-01-04,23.5,23.670000076293945,23.5,23.670000076293945,22.69342613220215,4102
2024-01-05,23.622600555419922,23.770000457763672,23.614999771118164,23.614999771118164,22.64069366455078,525
2024-01-08,23.719999313354492,23.719999313354492,23.420000076293945,23.545000076293945,22.57358169555664,1649
2024-01-09,23.700000762939453,23.700000762939453,23.399999618530273,23.68000030517578,22.703012466430664,5642
2024-01-10,23.670000076293945,23.670000076293945,23.559999465942383,23.65489959716797,22.67894744873047,4335
2024-01-11,23.549999237060547,23.575000762939453,23.54759979248047,23.575000762939453,22.602346420288086,1340
2024-01-12,23.649999618530273,23.649999618530273,23.600000381469727,23.616500854492188,22.642133712768555,2414
2024-01-16,23.649999618530273,23.649999618530273,23.584999084472656,23.63990020751953,22.664566040039062,2423
2024-01-17,23.649999618530273,23.649999618530273,23.56999969482422,23.613800048828125,22.639543533325195,6793
2024-01-18,23.649999618530273,23.649999618530273,23.639999389648438,23.639999389648438,22.664663314819336,2228
2024-01-19,23.649999618530273,23.790000915527344,23.567699432373047,23.567699432373047,22.59534454345703,7232
2024-01-22,23.790000915527344,23.790000915527344,23.67460060119629,23.67460060119629,22.697834014892578,223
2024-01-23,23.659299850463867,23.790000915527344,23.597299575805664,23.790000915527344,22.808475494384766,2393
2024-01-24,23.790000915527344,23.850000381469727,23.704999923706055,23.850000381469727,22.86600112915039,2957
2024-01-25,23.899999618530273,24.020000457763672,23.833200454711914,23.833200454711914,22.84989356994629,3223
2024-01-26,23.860000610351562,24.010000228881836,23.860000610351562,23.895000457763672,22.909143447875977,2271
2024-01-29,23.81999969482422,24.260000228881836,23.81999969482422,24.260000228881836,23.25908088684082,8282
2024-01-30,24.0575008392334,24.360000610351562,24.0575008392334,24.360000610351562,23.354955673217773,5385
2024-01-31,24.299999237060547,24.34000015258789,24.139999389648438,24.139999389648438,23.144033432006836,3841
2024-02-01,24.299999237060547,24.34000015258789,23.920000076293945,24.24970054626465,23.24920654296875,8227
2024-02-02,24.299999237060547,24.299999237060547,23.900100708007812,24.020000457763672,23.02898597717285,8809
2024-02-05,24.010000228881836,24.010000228881836,23.829999923706055,23.829999923706055,22.84682273864746,1666
2024-02-06,23.809999465942383,24.010000228881836,23.71030044555664,23.815799713134766,22.833208084106445,3085
2024-02-07,23.770000457763672,23.875,23.670000076293945,23.670000076293945,22.69342613220215,1898
2024-02-08,23.8700008392334,23.913000106811523,23.8700008392334,23.913000106811523,22.926401138305664,840
2024-02-12,23.90999984741211,23.90999984741211,23.90169906616211,23.90169906616211,22.915563583374023,898
2024-02-13,23.93000030517578,23.93000030517578,23.739999771118164,23.80419921875,22.822086334228516,4519
2024-02-14,23.8700008392334,23.979999542236328,23.831600189208984,23.969999313354492,22.981046676635742,852
2024-02-15,24.010000228881836,24.059999465942383,24.010000228881836,24.059999465942383,23.06733512878418,2121
2024-02-16,23.90999984741211,24.059999465942383,23.90999984741211,24.016199111938477,23.025341033935547,2921
2024-02-20,24.059999465942383,24.059999465942383,23.809999465942383,24.059999465942383,23.06733512878418,1466
2024-02-21,24.059999465942383,24.059999465942383,23.969999313354492,24.0,23.009809494018555,3764
2024-02-22,24.059999465942383,24.059999465942383,24.0,24.059999465942383,23.06733512878418,2807
2024-02-23,23.940000534057617,24.059999465942383,23.940000534057617,24.049999237060547,23.0577449798584,2995
2024-02-26,24.059999465942383,24.09000015258789,23.985000610351562,24.09000015258789,23.096097946166992,5899
2024-02-27,23.979999542236328,24.09000015258789,23.97010040283203,24.030000686645508,23.038572311401367,2342
2024-02-28,24.09000015258789,24.199899673461914,23.979999542236328,24.05500030517578,23.062541961669922,6533
2024-02-29,24.1299991607666,24.143199920654297,23.969999313354492,24.139999389648438,23.144033432006836,1801
2024-03-01,24.1200008392334,24.139999389648438,24.06999969482422,24.06999969482422,23.076921463012695,1584
2024-03-04,24.086700439453125,24.086700439453125,24.086700439453125,24.086700439453125,23.092933654785156,430
2024-03-05,24.061599731445312,24.1299991607666,24.020000457763672,24.1299991607666,23.134445190429688,2496
2024-03-06,24.030000686645508,24.102399826049805,23.985700607299805,24.102399826049805,23.10798454284668,1440
2024-03-07,24.100000381469727,24.149999618530273,24.100000381469727,24.149900436401367,23.153526306152344,3994
2024-03-08,24.149999618530273,24.149999618530273,24.114999771118164,24.114999771118164,23.120065689086914,6370
2024-03-11,24.18000030517578,24.18000030517578,24.1200008392334,24.139999389648438,23.144033432006836,1179
2024-03-12,24.149999618530273,24.149999618530273,24.049999237060547,24.139999389648438,23.144033432006836,4115
2024-03-13,24.059999465942383,24.139999389648438,24.008499145507812,24.124099731445312,23.1287899017334,2543
2024-03-14,24.139999389648438,24.139999389648438,24.0,24.049999237060547,23.0577449798584,3817
2024-03-15,24.079999923706055,24.149999618530273,24.0,24.149999618530273,23.15361976623535,21163
2024-03-18,23.795000076293945,23.93000030517578,23.65999984741211,23.93000030517578,23.26634407043457,3484
2024-03-19,23.719999313354492,23.98240089416504,23.719999313354492,23.938800811767578,23.274900436401367,1500
2024-03-20,23.687400817871094,23.989999771118164,23.687400817871094,23.895000457763672,23.232315063476562,2103
2024-03-21,23.989999771118164,24.100000381469727,23.975000381469727,23.989999771118164,23.32468032836914,6935
2024-03-22,23.989999771118164,23.989999771118164,23.794700622558594,23.989900588989258,23.324583053588867,4944
2024-03-25,23.989999771118164,23.989999771118164,23.8700008392334,23.989999771118164,23.32468032836914,1955
2024-03-26,23.989999771118164,23.989999771118164,23.850000381469727,23.949800491333008,23.285594940185547,4510
2024-03-27,24.068599700927734,24.068599700927734,23.8700008392334,24.0,23.334402084350586,530
2024-03-28,23.832700729370117,24.200000762939453,23.832700729370117,24.07309913635254,23.405473709106445,4846
2024-04-01,23.8700008392334,23.950000762939453,23.8700008392334,23.950000762939453,23.285791397094727,2258
2024-04-02,23.810400009155273,24.01959991455078,23.810400009155273,23.942899703979492,23.278884887695312,2484
2024-04-03,24.1200008392334,24.1200008392334,23.93000030517578,23.955400466918945,23.291040420532227,3439
2024-04-05,24.149999618530273,24.149999618530273,23.81999969482422,24.020000457763672,23.353849411010742,4372
2024-04-08,24.110000610351562,24.110000610351562,23.940000534057617,23.954999923706055,23.290651321411133,819
2024-04-09,23.959999084472656,24.1200008392334,23.940000534057617,24.020000457763672,23.353849411010742,8667
2024-04-10,23.886999130249023,23.923599243164062,23.610000610351562,23.610000610351562,22.955219268798828,4120
2024-04-11,23.780000686645508,23.780000686645508,23.590999603271484,23.770000457763672,23.110780715942383,1313
2024-04-12,23.760000228881836,23.760000228881836,23.649999618530273,23.649999618530273,22.994108200073242,2474
2024-04-15,23.530000686645508,23.63450050354004,23.200000762939453,23.25,22.605201721191406,2801
2024-04-16,23.3700008392334,23.389999389648438,23.29330062866211,23.360000610351562,22.7121524810791,1243
2024-04-17,23.399999618530273,23.600000381469727,23.270000457763672,23.600000381469727,22.945497512817383,2146
2024-04-18,23.628799438476562,23.644899368286133,23.399999618530273,23.530000686645508,22.877439498901367,2025
2024-04-19,23.628299713134766,23.649999618530273,23.34000015258789,23.524999618530273,22.872573852539062,5990
2024-04-22,23.479999542236328,23.549999237060547,23.329999923706055,23.549999237060547,22.896881103515625,2734
2024-04-23,23.43000030517578,23.670000076293945,23.43000030517578,23.670000076293945,23.0135555267334,2330
2024-04-24,23.739999771118164,23.739999771118164,23.479999542236328,23.65999984741211,23.00383186340332,3325
2024-04-25,23.559999465942383,23.56999969482422,23.232099533081055,23.350500106811523,22.70291519165039,7271
2024-04-26,23.247900009155273,23.559999465942383,23.247900009155273,23.376399993896484,22.72809600830078,5484
2024-04-29,23.40999984741211,23.469999313354492,23.299999237060547,23.389999389648438,22.74131965637207,4834
2024-04-30,23.40999984741211,23.520000457763672,23.3700008392334,23.3700008392334,22.72187614440918,1472
2024-05-01,23.239999771118164,23.360000610351562,23.200000762939453,23.219999313354492,22.576034545898438,2140
2024-05-02,23.260000228881836,23.3700008392334,23.247299194335938,23.309999465942383,22.663537979125977,1000
2024-05-03,23.3700008392334,23.676000595092773,23.3700008392334,23.473499298095703,22.82250213623047,934
2024-05-06,23.559999465942383,23.63360023498535,23.559999465942383,23.59630012512207,22.941898345947266,2400
2024-05-07,23.600000381469727,23.6200008392334,23.520000457763672,23.520000457763672,22.867713928222656,872
2024-05-08,23.520000457763672,23.610000610351562,23.3700008392334,23.3700008392334,22.72187614440918,1565
2024-05-09,23.3700008392334,23.3799991607666,23.239999771118164,23.3700008392334,22.72187614440918,5669
2024-05-10,23.360000610351562,23.49410057067871,23.25119972229004,23.31999969482422,22.673261642456055,4856
2024-05-13,23.299999237060547,23.450000762939453,23.270200729370117,23.270200729370117,22.62484359741211,2337
2024-05-14,23.357900619506836,23.457000732421875,23.219999313354492,23.31999969482422,22.673261642456055,2965
2024-05-15,23.360000610351562,23.440000534057617,23.305700302124023,23.309999465942383,22.663537979125977,2830
2024-05-16,23.309999465942383,23.31369972229004,23.09000015258789,23.100000381469727,22.459362030029297,15388
2024-05-20,23.09000015258789,23.200000762939453,23.020099639892578,23.110000610351562,22.469085693359375,2466
2024-05-21,23.15999984741211,23.209999084472656,23.043500900268555,23.110000610351562,22.469085693359375,2660
2024-05-22,23.030000686645508,23.15999984741211,22.965099334716797,23.020000457763672,22.381582260131836,4078
2024-05-23,23.010000228881836,23.010000228881836,22.780000686645508,22.790000915527344,22.157960891723633,2963
2024-05-24,23.030000686645508,23.040000915527344,22.969999313354492,22.969999313354492,22.332965850830078,756
2024-05-28,22.875,23.01729965209961,22.809999465942383,22.809999465942383,22.177404403686523,1263
2024-05-29,22.729900360107422,23.010000228881836,22.709999084472656,23.010000228881836,22.371858596801758,1969
2024-05-30,23.010000228881836,23.049999237060547,22.899999618530273,23.030500411987305,22.39179039001465,2247
2024-05-31,23.100000381469727,23.149999618530273,23.010000228881836,23.049999237060547,22.410749435424805,2033
2024-06-04,23.100000381469727,23.209999084472656,23.100000381469727,23.135000228881836,22.493391036987305,2225
2024-06-05,23.18000030517578,23.18000030517578,23.18000030517578,23.18000030517578,22.53714370727539,600
2024-06-06,23.259899139404297,23.259899139404297,23.18000030517578,23.18000030517578,22.53714370727539,2838
2024-06-07,23.18000030517578,23.239999771118164,23.1299991607666,23.239999771118164,22.59547996520996,795
2024-06-10,23.200000762939453,23.329999923706055,23.18000030517578,23.209999084472656,22.56631088256836,2307
2024-06-11,23.1200008392334,23.229999542236328,23.1200008392334,23.1299991607666,22.488529205322266,1748
2024-06-12,23.350000381469727,23.408199310302734,23.149999618530273,23.408199310302734,22.759016036987305,4076
2024-06-13,23.1653995513916,23.489999771118164,23.15999984741211,23.489999771118164,22.838544845581055,2442
2024-06-14,23.450000762939453,23.450000762939453,23.190000534057617,23.31999969482422,22.673261642456055,4246
2024-06-17,23.389999389648438,23.389999389648438,23.270000457763672,23.270000457763672,22.624649047851562,469
2024-06-18,22.93000030517578,22.93000030517578,22.790000915527344,22.84000015258789,22.5318546295166,3928
2024-06-20,22.969999313354492,22.969999313354492,22.790000915527344,22.799999237060547,22.492393493652344,1893
2024-06-21,22.949899673461914,22.949899673461914,22.780000686645508,22.915000915527344,22.605844497680664,6351
2024-06-25,22.979999542236328,22.989900588989258,22.950000762939453,22.950000762939453,22.640371322631836,3609
2024-06-26,23.0,23.0,22.850000381469727,22.850000381469727,22.54172134399414,5344
2024-06-27,22.850000381469727,23.0,22.850000381469727,22.93899917602539,22.629518508911133,1921
2024-06-28,23.0,23.0,22.93000030517578,22.93000030517578,22.620641708374023,2566
2024-07-01,22.93000030517578,22.969900131225586,22.700000762939453,22.940000534057617,22.63050651550293,2318
2024-07-02,22.799999237060547,22.90999984741211,22.790000915527344,22.809999465942383,22.502260208129883,2959
2024-07-03,22.709999084472656,22.889999389648438,22.709999084472656,22.84000015258789,22.5318546295166,1747
2024-07-05,22.899999618530273,22.9325008392334,22.8799991607666,22.899999618530273,22.591045379638672,1833
2024-07-08,22.899999618530273,23.06999969482422,22.899999618530273,23.06999969482422,22.758752822875977,5756
2024-07-09,23.0,23.149999618530273,22.91710090637207,22.91710090637207,22.6079158782959,1169
2024-07-10,22.969999313354492,23.200000762939453,22.91819953918457,23.200000762939453,22.886999130249023,2875
2024-07-11,23.25,23.25,23.010000228881836,23.162500381469727,22.850004196166992,1354
2024-07-12,23.155000686645508,23.219999313354492,23.155000686645508,23.200000762939453,22.886999130249023,308
2024-07-15,23.09000015258789,23.149999618530273,23.09000015258789,23.149999618530273,22.83767318725586,641
2024-07-16,23.31999969482422,23.31999969482422,23.059999465942383,23.238000869750977,22.92448616027832,5020
2024-07-17,23.030000686645508,23.030000686645508,23.030000686645508,23.030000686645508,22.71929168701172,460
2024-07-18,23.049999237060547,23.299999237060547,23.049999237060547,23.155000686645508,22.842605590820312,5282
2024-07-19,23.260000228881836,23.299999237060547,23.21500015258789,23.299999237060547,22.98564910888672,9371
2024-07-22,23.25,23.25,23.120100021362305,23.196500778198242,22.883546829223633,2653
2024-07-23,23.1200008392334,23.290000915527344,23.1200008392334,23.25,22.936323165893555,963
2024-07-24,23.25,23.25,23.06999969482422,23.06999969482422,22.758752822875977,5525
2024-07-25,23.142000198364258,23.190000534057617,23.1200008392334,23.1200008392334,22.80807876586914,696
2024-07-26,23.329999923706055,23.33970069885254,23.15999984741211,23.219999313354492,22.906728744506836,1311
2024-07-29,23.219999313354492,23.229999542236328,23.15679931640625,23.177499771118164,22.86480140686035,1175
2024-07-30,23.081100463867188,23.209999084472656,23.079999923706055,23.079999923706055,22.768617630004883,992
2024-07-31,23.200000762939453,23.239999771118164,23.149999618530273,23.236400604248047,22.92290687561035,1414
2024-08-01,23.139999389648438,23.260000228881836,23.047399520874023,23.1200008392334,22.80807876586914,1681
2024-08-02,23.299999237060547,23.299999237060547,23.170000076293945,23.170000076293945,22.857402801513672,414
2024-08-05,23.3700008392334,23.3700008392334,23.010099411010742,23.139999389648438,22.82780647277832,3226
2024-08-06,23.270000457763672,23.270000457763672,23.08009910583496,23.13450050354004,22.8223819732666,8169
2024-08-07,23.200000762939453,23.3700008392334,23.200000762939453,23.3700008392334,23.054704666137695,821
2024-08-08,23.249799728393555,23.309999465942383,23.249799728393555,23.309999465942383,22.995513916015625,2744
2024-08-09,23.3799991607666,23.3799991607666,23.2549991607666,23.2549991607666,22.941255569458008,630
2024-08-12,23.149999618530273,23.270000457763672,23.149999618530273,23.260000228881836,22.946189880371094,3943
2024-08-13,23.225000381469727,23.27589988708496,23.225000381469727,23.260000228881836,22.946189880371094,643
2024-08-14,23.299999237060547,23.489999771118164,23.299999237060547,23.489999771118164,23.173086166381836,1050
2024-08-15,23.350099563598633,23.5,23.350099563598633,23.5,23.182950973510742,3609
2024-08-16,23.440000534057617,23.5,23.440000534057617,23.5,23.182950973510742,400
2024-08-19,23.690000534057617,23.734500885009766,23.65999984741211,23.65999984741211,23.340791702270508,1405
2024-08-20,23.684200286865234,23.690000534057617,23.530000686645508,23.549999237060547,23.232275009155273,5086
2024-08-21,23.549999237060547,23.719999313354492,23.540000915527344,23.550199508666992,23.232473373413086,8269
2024-08-22,23.530000686645508,23.621400833129883,23.530000686645508,23.549999237060547,23.232275009155273,2190
2024-08-23,23.559999465942383,23.729999542236328,23.559999465942383,23.68000030517578,23.360523223876953,3043
2024-08-26,23.75,23.780000686645508,23.75,23.75,23.42957878112793,454
2024-08-27,23.700000762939453,23.780000686645508,23.700000762939453,23.774099349975586,23.453351974487305,1839
2024-08-28,23.799999237060547,23.81999969482422,23.76020050048828,23.799999237060547,23.47890281677246,5740
2024-08-29,23.808000564575195,23.8799991607666,23.808000564575195,23.8799991607666,23.557823181152344,3004
2024-08-30,23.81999969482422,23.920000076293945,23.81999969482422,23.8799991607666,23.557823181152344,10882
2024-09-03,23.920000076293945,23.946399688720703,23.920000076293945,23.946399688720703,23.623327255249023,351
2024-09-04,23.809999465942383,24.049999237060547,23.809999465942383,24.0,23.676204681396484,6549
2024-09-05,24.001100540161133,24.100000381469727,24.001100540161133,24.045000076293945,23.720598220825195,3637
2024-09-06,24.09000015258789,24.249900817871094,24.09000015258789,24.100000381469727,23.774856567382812,2212
2024-09-09,24.21780014038086,24.26930046081543,24.190000534057617,24.200000762939453,23.87350845336914,5913
2024-09-10,24.25,24.3799991607666,24.181699752807617,24.3799991607666,24.051076889038086,6364
2024-09-11,24.488100051879883,24.566600799560547,24.31999969482422,24.5,24.16946029663086,4529
2024-09-12,24.579999923706055,24.579999923706055,24.579999923706055,24.579999923706055,24.248380661010742,157
2024-09-13,24.559999465942383,24.700000762939453,24.559999465942383,24.639999389648438,24.30756950378418,6217
2024-09-16,24.700000762939453,24.889999389648438,24.690000534057617,24.799999237060547,24.465412139892578,10386
2024-09-17,24.700000762939453,24.969999313354492,24.700000762939453,24.969999313354492,24.63311767578125,4592
2024-09-18,24.809999465942383,24.979900360107422,24.790000915527344,24.900100708007812,24.56416130065918,8032
2024-09-19,24.6200008392334,24.860000610351562,24.6200008392334,24.68000030517578,24.68000030517578,2024
2024-09-20,24.780000686645508,24.780000686645508,24.61009979248047,24.696699142456055,24.696699142456055,9958
2024-09-23,24.600000381469727,24.8700008392334,24.56999969482422,24.56999969482422,24.56999969482422,8110
2024-09-24,24.639999389648438,24.709999084472656,24.6200008392334,24.6200008392334,24.6200008392334,8393
2024-09-25,24.700000762939453,24.860000610351562,24.649999618530273,24.829999923706055,24.829999923706055,5203
2024-09-26,24.940000534057617,24.959999084472656,24.850000381469727,24.940000534057617,24.940000534057617,9310
2024-09-27,24.940000534057617,24.976699829101562,24.899999618530273,24.940000534057617,24.940000534057617,6841
2024-09-30,24.979999542236328,25.330900192260742,24.88010025024414,25.0,25.0,21511
2024-10-01,25.0,25.069900512695312,24.989999771118164,25.0,25.0,1843
2024-10-02,24.920000076293945,25.02039909362793,24.920000076293945,25.02039909362793,25.02039909362793,1135
2024-10-03,25.059999465942383,25.059999465942383,25.059999465942383,25.059999465942383,25.059999465942383,263
2024-10-04,25.049999237060547,25.28350067138672,25.049999237060547,25.079999923706055,25.079999923706055,4497
2024-10-07,25.100000381469727,25.149999618530273,24.739999771118164,24.989999771118164,24.989999771118164,4606
2024-10-08,25.059999465942383,25.059999465942383,24.75,24.75,24.75,5288
2024-10-09,24.899999618530273,24.899999618530273,24.739999771118164,24.790000915527344,24.790000915527344,4072
2024-10-10,24.799999237060547,25.1200008392334,24.739999771118164,25.1200008392334,25.1200008392334,8300
2024-10-11,24.971399307250977,24.971399307250977,24.850000381469727,24.950000762939453,24.950000762939453,1505
2024-10-14,24.854999542236328,24.940000534057617,24.75,24.75,24.75,3375
2024-10-15,24.81999969482422,24.860000610351562,24.81999969482422,24.829999923706055,24.829999923706055,4638
2024-10-16,24.770000457763672,24.8700008392334,24.770000457763672,24.8700008392334,24.8700008392334,526
2024-10-17,24.97909927368164,24.97909927368164,24.799999237060547,24.799999237060547,24.799999237060547,1258
2024-10-18,24.75,25.049999237060547,24.75,24.99370002746582,24.99370002746582,1050
2024-10-21,25.0,25.0,24.75,24.82159996032715,24.82159996032715,3394
2024-10-22,24.741199493408203,24.90999984741211,24.739999771118164,24.834999084472656,24.834999084472656,2237
2024-10-23,24.75,24.75,24.739999771118164,24.75,24.75,1442
