Date,Adj Close,Close,High,Low,Open,Volume
1994-10-11,0.585555911064148,7.218479156494141,7.218479156494141,6.97786283493042,6.97786283493042,13923
1994-10-12,0.585555911064148,7.218479156494141,7.338787078857422,7.218479156494141,7.338787078857422,3429
1994-10-13,0.6050743460655212,7.459095001220703,7.459095001220703,7.098171234130859,7.218479156494141,12364
1994-10-14,0.6148335933685303,7.579402923583984,7.579402923583984,7.459095001220703,7.459095001220703,4468
1994-10-17,0.6441115140914917,7.940327167510986,7.940327167510986,7.699710845947266,7.699710845947266,8312
1994-10-18,0.6245929598808289,7.699710845947266,7.940327167510986,7.579402923583984,7.820018768310547,10598
1994-10-19,0.6441115140914917,7.940327167510986,7.940327167510986,7.940327167510986,7.940327167510986,3636
1994-10-20,0.6538707613945007,8.06063461303711,8.06063461303711,7.820018768310547,7.820018768310547,5611
1994-10-21,0.6441115140914917,7.940327167510986,8.06063461303711,7.940327167510986,8.06063461303711,6961
1994-10-24,0.6343520283699036,7.820018768310547,7.940327167510986,7.820018768310547,7.940327167510986,727
1994-10-25,0.6343520283699036,7.820018768310547,7.940327167510986,7.820018768310547,7.940327167510986,2078
1994-10-26,0.6441115140914917,7.940327167510986,7.940327167510986,7.940327167510986,7.940327167510986,2286
1994-10-27,0.6343520283699036,7.820018768310547,7.820018768310547,7.820018768310547,7.820018768310547,104
1994-10-28,0.6441115140914917,7.940327167510986,7.940327167510986,7.940327167510986,7.940327167510986,5299
1994-10-31,0.6343520283699036,7.820018768310547,7.940327167510986,7.820018768310547,7.940327167510986,727
1994-11-01,0.6441115140914917,7.940327167510986,7.940327167510986,7.940327167510986,7.940327167510986,104
1994-11-02,0.6441115140914917,7.940327167510986,7.940327167510986,7.820018768310547,7.820018768310547,1455
1994-11-03,0.6441115140914917,7.940327167510986,7.940327167510986,7.940327167510986,7.940327167510986,1558
1994-11-04,0.6441115140914917,7.940327167510986,7.940327167510986,7.820018768310547,7.820018768310547,1143
1994-11-07,0.6343520283699036,7.820018768310547,7.940327167510986,7.820018768310547,7.940327167510986,1143
1994-11-08,0.6441115140914917,7.940327167510986,7.940327167510986,7.940327167510986,7.940327167510986,312
1994-11-09,0.6343520283699036,7.820018768310547,7.940327167510986,7.820018768310547,7.940327167510986,1870
1994-11-10,0.6245929598808289,7.699710845947266,7.820018768310547,7.699710845947266,7.699710845947266,1143
1994-11-11,0.6343520283699036,7.820018768310547,7.820018768310547,7.699710845947266,7.820018768310547,1870
1994-11-14,0.6343520283699036,7.820018768310547,7.820018768310547,7.699710845947266,7.820018768310547,3429
1994-11-15,0.6343520283699036,7.820018768310547,7.820018768310547,7.699710845947266,7.699710845947266,3740
1994-11-16,0.6245929598808289,7.699710845947266,7.820018768310547,7.459095001220703,7.820018768310547,15897
1994-11-17,0.6148335933685303,7.579402923583984,7.699710845947266,7.459095001220703,7.579402923583984,21819
1994-11-18,0.5953152775764465,7.338787078857422,7.579402923583984,7.338787078857422,7.459095001220703,13299
1994-11-21,0.5953152775764465,7.338787078857422,7.459095001220703,7.338787078857422,7.459095001220703,9663
1994-11-22,0.585555911064148,7.218479156494141,7.338787078857422,7.218479156494141,7.218479156494141,7585
1994-11-23,0.585555911064148,7.218479156494141,7.338787078857422,7.218479156494141,7.338787078857422,9559
1994-11-25,0.5757963061332703,7.098171234130859,7.218479156494141,7.098171234130859,7.218479156494141,6546
1994-11-28,0.5757963061332703,7.098171234130859,7.218479156494141,6.97786283493042,7.098171234130859,10598
1994-11-29,0.5757963061332703,7.098171234130859,7.098171234130859,6.97786283493042,6.97786283493042,17767
1994-11-30,0.5465188026428223,6.737246990203857,6.97786283493042,6.737246990203857,6.97786283493042,25352
1994-12-01,0.5465188026428223,6.737246990203857,6.97786283493042,6.737246990203857,6.97786283493042,9247
1994-12-02,0.5465188026428223,6.737246990203857,6.857554912567139,6.737246990203857,6.857554912567139,16312
1994-12-05,0.5465188026428223,6.737246990203857,6.857554912567139,6.737246990203857,6.857554912567139,14546
1994-12-06,0.5562779307365417,6.857554912567139,6.857554912567139,6.737246990203857,6.737246990203857,9974
1994-12-07,0.5562779307365417,6.857554912567139,6.97786283493042,6.737246990203857,6.857554912567139,12156
1994-12-08,0.5465188026428223,6.737246990203857,6.97786283493042,6.737246990203857,6.97786283493042,15897
1994-12-09,0.5562779307365417,6.857554912567139,6.857554912567139,6.737246990203857,6.737246990203857,18286
1994-12-12,0.5465188026428223,6.737246990203857,6.857554912567139,6.737246990203857,6.857554912567139,11325
1994-12-13,0.5465188026428223,6.737246990203857,6.857554912567139,6.737246990203857,6.737246990203857,11117
1994-12-14,0.5465188026428223,6.737246990203857,6.857554912567139,6.737246990203857,6.737246990203857,7377
1994-12-15,0.5465188026428223,6.737246990203857,6.857554912567139,6.737246990203857,6.737246990203857,8728
1994-12-16,0.5562779307365417,6.857554912567139,6.857554912567139,6.737246990203857,6.857554912567139,7585
1994-12-19,0.5465188026428223,6.737246990203857,6.857554912567139,6.616939067840576,6.737246990203857,15481
1994-12-20,0.5465188026428223,6.737246990203857,6.737246990203857,6.616939067840576,6.616939067840576,11637
1994-12-21,0.5465188026428223,6.737246990203857,6.857554912567139,6.616939067840576,6.616939067840576,25352
1994-12-22,0.5465188026428223,6.737246990203857,6.857554912567139,6.737246990203857,6.737246990203857,16208
1994-12-23,0.5465188026428223,6.737246990203857,6.857554912567139,6.737246990203857,6.737246990203857,5507
1994-12-27,0.5562779307365417,6.857554912567139,6.97786283493042,6.737246990203857,6.737246990203857,8832
1994-12-28,0.5562779307365417,6.857554912567139,6.97786283493042,6.857554912567139,6.97786283493042,7689
1994-12-29,0.5757963061332703,7.098171234130859,7.098171234130859,6.857554912567139,6.97786283493042,8728
1994-12-30,0.5757963061332703,7.098171234130859,7.098171234130859,6.97786283493042,6.97786283493042,17040
1995-01-03,0.585555911064148,7.218479156494141,7.338787078857422,6.97786283493042,6.97786283493042,10182
1995-01-04,0.585555911064148,7.218479156494141,7.338787078857422,7.218479156494141,7.218479156494141,12156
1995-01-05,0.585555911064148,7.218479156494141,7.338787078857422,7.218479156494141,7.218479156494141,8208
1995-01-06,0.6050743460655212,7.459095001220703,7.459095001220703,7.218479156494141,7.338787078857422,14234
1995-01-09,0.6148335933685303,7.579402923583984,7.699710845947266,7.338787078857422,7.459095001220703,25352
1995-01-10,0.6245929598808289,7.699710845947266,7.699710845947266,7.459095001220703,7.459095001220703,16416
1995-01-11,0.6343520283699036,7.820018768310547,7.820018768310547,7.579402923583984,7.579402923583984,15377
1995-01-12,0.6245929598808289,7.699710845947266,7.940327167510986,7.579402923583984,7.820018768310547,18390
1995-01-13,0.6245929598808289,7.699710845947266,7.820018768310547,7.699710845947266,7.820018768310547,7273
1995-01-16,0.6245929598808289,7.699710845947266,7.820018768310547,7.579402923583984,7.820018768310547,9767
1995-01-17,0.6245929598808289,7.699710845947266,7.699710845947266,7.579402923583984,7.579402923583984,4052
1995-01-18,0.6148335933685303,7.579402923583984,7.820018768310547,7.579402923583984,7.699710845947266,6753
1995-01-19,0.6148335933685303,7.579402923583984,7.699710845947266,7.579402923583984,7.699710845947266,10910
1995-01-20,0.6148335933685303,7.579402923583984,7.699710845947266,7.579402923583984,7.579402923583984,4572
1995-01-23,0.6050743460655212,7.459095001220703,7.699710845947266,7.459095001220703,7.699710845947266,6026
1995-01-24,0.5953152775764465,7.338787078857422,7.579402923583984,7.338787078857422,7.579402923583984,7896
1995-01-25,0.6050743460655212,7.459095001220703,7.459095001220703,7.218479156494141,7.338787078857422,8000
1995-01-26,0.5953152775764465,7.338787078857422,7.459095001220703,7.338787078857422,7.338787078857422,8312
1995-01-27,0.5953152775764465,7.338787078857422,7.459095001220703,7.338787078857422,7.459095001220703,12052
1995-01-30,0.5953152775764465,7.338787078857422,7.459095001220703,7.338787078857422,7.338787078857422,7169
1995-01-31,0.6050743460655212,7.459095001220703,7.459095001220703,7.338787078857422,7.338787078857422,10494
1995-02-01,0.5953152775764465,7.338787078857422,7.459095001220703,7.218479156494141,7.338787078857422,16104
1995-02-02,0.585555911064148,7.218479156494141,7.338787078857422,7.218479156494141,7.218479156494141,4676
1995-02-03,0.5953152775764465,7.338787078857422,7.338787078857422,7.218479156494141,7.218479156494141,7169
1995-02-06,0.5953152775764465,7.338787078857422,7.338787078857422,7.218479156494141,7.218479156494141,6753
1995-02-07,0.585555911064148,7.218479156494141,7.338787078857422,7.218479156494141,7.338787078857422,6026
1995-02-08,0.5953152775764465,7.338787078857422,7.338787078857422,7.218479156494141,7.218479156494141,8208
1995-02-09,0.585555911064148,7.218479156494141,7.338787078857422,7.218479156494141,7.218479156494141,6338
1995-02-10,0.5953152775764465,7.338787078857422,7.338787078857422,7.218479156494141,7.218479156494141,7065
1995-02-13,0.585555911064148,7.218479156494141,7.338787078857422,7.218479156494141,7.338787078857422,10598
1995-02-14,0.5953152775764465,7.338787078857422,7.338787078857422,7.218479156494141,7.218479156494141,9974
1995-02-15,0.5757963061332703,7.098171234130859,7.338787078857422,7.098171234130859,7.218479156494141,12572
1995-02-16,0.5757963061332703,7.098171234130859,7.218479156494141,7.098171234130859,7.098171234130859,6130
1995-02-17,0.5757963061332703,7.098171234130859,7.098171234130859,6.97786283493042,7.098171234130859,4364
1995-02-21,0.5757963061332703,7.098171234130859,7.218479156494141,6.97786283493042,6.97786283493042,9143
1995-02-22,0.5757963061332703,7.098171234130859,7.218479156494141,7.098171234130859,7.098171234130859,8312
1995-02-23,0.5757963061332703,7.098171234130859,7.098171234130859,7.098171234130859,7.098171234130859,6026
1995-02-24,0.585555911064148,7.218479156494141,7.218479156494141,6.97786283493042,7.098171234130859,7273
1995-02-27,0.5660374760627747,6.97786283493042,7.218479156494141,6.97786283493042,7.098171234130859,27222
1995-02-28,0.585555911064148,7.218479156494141,7.218479156494141,6.97786283493042,6.97786283493042,10390
1995-03-01,0.5757963061332703,7.098171234130859,7.218479156494141,7.098171234130859,7.098171234130859,5091
1995-03-02,0.5757963061332703,7.098171234130859,7.338787078857422,7.098171234130859,7.098171234130859,9039
1995-03-03,0.5757963061332703,7.098171234130859,7.218479156494141,7.098171234130859,7.098171234130859,14234
1995-03-06,0.5757963061332703,7.098171234130859,7.218479156494141,6.97786283493042,7.218479156494141,10702
1995-03-07,0.5660374760627747,6.97786283493042,7.098171234130859,6.97786283493042,6.97786283493042,9351
1995-03-08,0.5660374760627747,6.97786283493042,6.97786283493042,6.857554912567139,6.97786283493042,8000
1995-03-09,0.5465188026428223,6.737246990203857,6.97786283493042,6.737246990203857,6.857554912567139,18598
1995-03-10,0.5562779307365417,6.857554912567139,6.857554912567139,6.737246990203857,6.737246990203857,3844
1995-03-13,0.5465188026428223,6.737246990203857,6.857554912567139,6.737246990203857,6.857554912567139,4676
1995-03-14,0.5562779307365417,6.857554912567139,6.97786283493042,6.737246990203857,6.737246990203857,8104
1995-03-15,0.5660374760627747,6.97786283493042,6.97786283493042,6.857554912567139,6.857554912567139,6338
1995-03-16,0.5465188026428223,6.737246990203857,6.857554912567139,6.737246990203857,6.737246990203857,5922
1995-03-17,0.5465188026428223,6.737246990203857,6.857554912567139,6.737246990203857,6.737246990203857,10286
1995-03-20,0.5465188026428223,6.737246990203857,6.857554912567139,6.737246990203857,6.737246990203857,10598
1995-03-21,0.5465188026428223,6.737246990203857,6.857554912567139,6.737246990203857,6.737246990203857,5818
1995-03-22,0.5465188026428223,6.737246990203857,6.857554912567139,6.737246990203857,6.737246990203857,14858
1995-03-23,0.5367594361305237,6.616939067840576,6.737246990203857,6.616939067840576,6.737246990203857,9663
1995-03-24,0.5562779307365417,6.857554912567139,6.857554912567139,6.737246990203857,6.737246990203857,5818
1995-03-27,0.5465188026428223,6.737246990203857,6.857554912567139,6.737246990203857,6.857554912567139,6130
1995-03-28,0.5465188026428223,6.737246990203857,6.857554912567139,6.737246990203857,6.737246990203857,4260
1995-03-29,0.5465188026428223,6.737246990203857,6.857554912567139,6.737246990203857,6.737246990203857,12468
1995-03-30,0.5367594361305237,6.616939067840576,6.737246990203857,6.616939067840576,6.737246990203857,5818
1995-03-31,0.5367594361305237,6.616939067840576,6.737246990203857,6.616939067840576,6.616939067840576,7481
1995-04-03,0.5465188026428223,6.737246990203857,6.857554912567139,6.616939067840576,6.616939067840576,10078
1995-04-04,0.5562779307365417,6.857554912567139,6.857554912567139,6.737246990203857,6.737246990203857,3636
1995-04-05,0.5465188026428223,6.737246990203857,6.857554912567139,6.737246990203857,6.737246990203857,14338
1995-04-06,0.5465188026428223,6.737246990203857,6.857554912567139,6.737246990203857,6.737246990203857,5818
1995-04-07,0.5562779307365417,6.857554912567139,6.857554912567139,6.737246990203857,6.737246990203857,7585
1995-04-10,0.5465188026428223,6.737246990203857,6.857554912567139,6.737246990203857,6.857554912567139,11845
1995-04-11,0.5562779307365417,6.857554912567139,6.97786283493042,6.737246990203857,6.737246990203857,16416
1995-04-12,0.5562779307365417,6.857554912567139,6.97786283493042,6.857554912567139,6.97786283493042,17455
1995-04-13,0.5562779307365417,6.857554912567139,6.97786283493042,6.857554912567139,6.97786283493042,7273
1995-04-17,0.5660374760627747,6.97786283493042,6.97786283493042,6.857554912567139,6.97786283493042,9767
1995-04-18,0.5660374760627747,6.97786283493042,6.97786283493042,6.857554912567139,6.857554912567139,15377
1995-04-19,0.5562779307365417,6.857554912567139,6.97786283493042,6.857554912567139,6.97786283493042,14338
1995-04-20,0.5562779307365417,6.857554912567139,7.098171234130859,6.857554912567139,6.97786283493042,4572
1995-04-21,0.5757963061332703,7.098171234130859,7.098171234130859,6.857554912567139,6.97786283493042,9143
1995-04-24,0.5562779307365417,6.857554912567139,7.098171234130859,6.857554912567139,7.098171234130859,17871
1995-04-25,0.5465188026428223,6.737246990203857,6.97786283493042,6.737246990203857,6.857554912567139,12780
1995-04-26,0.5660374760627747,6.97786283493042,6.97786283493042,6.737246990203857,6.737246990203857,6961
1995-04-27,0.5562779307365417,6.857554912567139,6.97786283493042,6.857554912567139,6.857554912567139,8728
1995-04-28,0.5660374760627747,6.97786283493042,6.97786283493042,6.737246990203857,6.857554912567139,9974
1995-05-01,0.5562779307365417,6.857554912567139,6.97786283493042,6.857554912567139,6.857554912567139,7273
1995-05-02,0.5562779307365417,6.857554912567139,7.098171234130859,6.857554912567139,6.857554912567139,14858
1995-05-03,0.5465188026428223,6.737246990203857,6.857554912567139,6.737246990203857,6.857554912567139,19845
1995-05-04,0.5562779307365417,6.857554912567139,6.857554912567139,6.737246990203857,6.857554912567139,9247
1995-05-05,0.5465188026428223,6.737246990203857,6.857554912567139,6.737246990203857,6.737246990203857,17040
1995-05-08,0.5562779307365417,6.857554912567139,6.857554912567139,6.737246990203857,6.737246990203857,19533
1995-05-09,0.5562779307365417,6.857554912567139,6.97786283493042,6.857554912567139,6.857554912567139,6234
1995-05-10,0.5465188026428223,6.737246990203857,6.857554912567139,6.737246990203857,6.857554912567139,16104
1995-05-11,0.5465188026428223,6.737246990203857,6.857554912567139,6.737246990203857,6.737246990203857,9039
1995-05-12,0.5562779307365417,6.857554912567139,6.857554912567139,6.737246990203857,6.857554912567139,13819
1995-05-15,0.5465188026428223,6.737246990203857,6.857554912567139,6.737246990203857,6.857554912567139,14754
1995-05-16,0.5465188026428223,6.737246990203857,6.857554912567139,6.737246990203857,6.857554912567139,12780
1995-05-17,0.5465188026428223,6.737246990203857,6.97786283493042,6.737246990203857,6.737246990203857,10494
1995-05-18,0.5465188026428223,6.737246990203857,6.857554912567139,6.737246990203857,6.737246990203857,6442
1995-05-19,0.5465188026428223,6.737246990203857,6.857554912567139,6.737246990203857,6.737246990203857,8832
1995-05-22,0.5465188026428223,6.737246990203857,6.857554912567139,6.737246990203857,6.737246990203857,15065
1995-05-23,0.5465188026428223,6.737246990203857,6.857554912567139,6.737246990203857,6.857554912567139,6234
1995-05-24,0.5465188026428223,6.737246990203857,6.857554912567139,6.737246990203857,6.857554912567139,9974
1995-05-25,0.5562779307365417,6.857554912567139,6.857554912567139,6.737246990203857,6.737246990203857,7792
1995-05-26,0.5465188026428223,6.737246990203857,6.857554912567139,6.737246990203857,6.737246990203857,3740
1995-05-30,0.5562779307365417,6.857554912567139,6.857554912567139,6.737246990203857,6.857554912567139,4468
1995-05-31,0.5465188026428223,6.737246990203857,6.857554912567139,6.737246990203857,6.737246990203857,5507
1995-06-01,0.5562779307365417,6.857554912567139,6.857554912567139,6.737246990203857,6.737246990203857,27533
1995-06-02,0.5465188026428223,6.737246990203857,6.857554912567139,6.737246990203857,6.737246990203857,19845
1995-06-05,0.5465188026428223,6.737246990203857,6.857554912567139,6.737246990203857,6.857554912567139,11013
1995-06-06,0.5562779307365417,6.857554912567139,6.857554912567139,6.737246990203857,6.857554912567139,7065
1995-06-07,0.5465188026428223,6.737246990203857,6.857554912567139,6.737246990203857,6.857554912567139,7273
1995-06-08,0.5660374760627747,6.97786283493042,6.97786283493042,6.737246990203857,6.737246990203857,13507
1995-06-09,0.5660374760627747,6.97786283493042,6.97786283493042,6.857554912567139,6.97786283493042,11221
1995-06-12,0.5562779307365417,6.857554912567139,6.97786283493042,6.857554912567139,6.857554912567139,4883
1995-06-13,0.5465188026428223,6.737246990203857,6.857554912567139,6.737246990203857,6.857554912567139,8624
1995-06-14,0.5465188026428223,6.737246990203857,6.97786283493042,6.737246990203857,6.737246990203857,14754
1995-06-15,0.5660374760627747,6.97786283493042,6.97786283493042,6.737246990203857,6.737246990203857,15897
1995-06-16,0.5562779307365417,6.857554912567139,6.97786283493042,6.857554912567139,6.97786283493042,10390
1995-06-19,0.5757963061332703,7.098171234130859,7.098171234130859,6.97786283493042,6.97786283493042,28053
1995-06-20,0.5953152775764465,7.338787078857422,7.459095001220703,7.098171234130859,7.098171234130859,18286
1995-06-21,0.5953152775764465,7.338787078857422,7.459095001220703,7.218479156494141,7.459095001220703,11741
1995-06-22,0.5757963061332703,7.098171234130859,7.338787078857422,7.098171234130859,7.338787078857422,22650
1995-06-23,0.5757963061332703,7.098171234130859,7.218479156494141,6.97786283493042,7.098171234130859,10286
1995-06-26,0.5757963061332703,7.098171234130859,7.218479156494141,7.098171234130859,7.218479156494141,19325
1995-06-27,0.5757963061332703,7.098171234130859,7.218479156494141,7.098171234130859,7.218479156494141,6961
1995-06-28,0.5757963061332703,7.098171234130859,7.098171234130859,7.098171234130859,7.098171234130859,14442
1995-06-29,0.5757963061332703,7.098171234130859,7.218479156494141,6.97786283493042,7.098171234130859,18079
1995-06-30,0.585555911064148,7.218479156494141,7.218479156494141,7.098171234130859,7.098171234130859,24417
1995-07-03,0.585555911064148,7.218479156494141,7.218479156494141,7.218479156494141,7.218479156494141,20261
1995-07-05,0.585555911064148,7.218479156494141,7.338787078857422,7.218479156494141,7.218479156494141,20364
1995-07-06,0.5953152775764465,7.338787078857422,7.338787078857422,7.218479156494141,7.338787078857422,9455
1995-07-07,0.5953152775764465,7.338787078857422,7.338787078857422,7.218479156494141,7.218479156494141,10702
1995-07-10,0.585555911064148,7.218479156494141,7.338787078857422,7.218479156494141,7.218479156494141,52262
1995-07-11,0.5953152775764465,7.338787078857422,7.338787078857422,7.218479156494141,7.218479156494141,19533
1995-07-12,0.5953152775764465,7.338787078857422,7.338787078857422,7.218479156494141,7.338787078857422,36157
1995-07-13,0.5953152775764465,7.338787078857422,7.338787078857422,7.218479156494141,7.338787078857422,12884
1995-07-14,0.585555911064148,7.218479156494141,7.338787078857422,7.218479156494141,7.338787078857422,11221
1995-07-17,0.5953152775764465,7.338787078857422,7.459095001220703,7.218479156494141,7.218479156494141,16936
1995-07-18,0.585555911064148,7.218479156494141,7.338787078857422,7.218479156494141,7.338787078857422,11845
1995-07-19,0.5757963061332703,7.098171234130859,7.218479156494141,7.098171234130859,7.218479156494141,10182
1995-07-20,0.5757963061332703,7.098171234130859,7.218479156494141,7.098171234130859,7.098171234130859,13403
1995-07-21,0.5757963061332703,7.098171234130859,7.218479156494141,7.098171234130859,7.098171234130859,6026
1995-07-24,0.585555911064148,7.218479156494141,7.338787078857422,6.97786283493042,7.098171234130859,36053
1995-07-25,0.5953152775764465,7.338787078857422,7.459095001220703,7.218479156494141,7.338787078857422,17040
1995-07-26,0.6050743460655212,7.459095001220703,7.459095001220703,7.338787078857422,7.338787078857422,24313
1995-07-27,0.585555911064148,7.218479156494141,7.338787078857422,7.218479156494141,7.338787078857422,14754
1995-07-28,0.585555911064148,7.218479156494141,7.218479156494141,7.098171234130859,7.218479156494141,37300
1995-07-31,0.6148335933685303,7.579402923583984,7.579402923583984,7.218479156494141,7.218479156494141,17871
1995-08-01,0.5953152775764465,7.338787078857422,7.699710845947266,7.338787078857422,7.699710845947266,20572
1995-08-02,0.6050743460655212,7.459095001220703,7.579402923583984,7.338787078857422,7.459095001220703,34183
1995-08-03,0.585555911064148,7.218479156494141,7.459095001220703,7.218479156494141,7.459095001220703,11637
1995-08-04,0.5953152775764465,7.338787078857422,7.338787078857422,7.218479156494141,7.218479156494141,14754
1995-08-07,0.6050743460655212,7.459095001220703,7.459095001220703,7.218479156494141,7.338787078857422,39274
1995-08-08,0.5953152775764465,7.338787078857422,7.459095001220703,7.338787078857422,7.338787078857422,110134
1995-08-09,0.5660374760627747,6.97786283493042,6.97786283493042,6.857554912567139,6.97786283493042,35222
1995-08-10,0.5660374760627747,6.97786283493042,6.97786283493042,6.857554912567139,6.857554912567139,57561
1995-08-11,0.5660374760627747,6.97786283493042,6.97786283493042,6.857554912567139,6.97786283493042,13403
1995-08-14,0.5562779307365417,6.857554912567139,6.97786283493042,6.857554912567139,6.97786283493042,24417
1995-08-15,0.5465188026428223,6.737246990203857,6.97786283493042,6.737246990203857,6.97786283493042,23689
1995-08-16,0.5562779307365417,6.857554912567139,6.97786283493042,6.737246990203857,6.737246990203857,19118
1995-08-17,0.5465188026428223,6.737246990203857,6.857554912567139,6.616939067840576,6.857554912567139,85094
1995-08-18,0.5465188026428223,6.737246990203857,6.857554912567139,6.616939067840576,6.737246990203857,27949
1995-08-21,0.5465188026428223,6.737246990203857,6.857554912567139,6.737246990203857,6.857554912567139,28157
1995-08-22,0.5562779307365417,6.857554912567139,6.857554912567139,6.737246990203857,6.737246990203857,49145
1995-08-23,0.5367594361305237,6.616939067840576,6.737246990203857,6.616939067840576,6.737246990203857,80626
1995-08-24,0.5367594361305237,6.616939067840576,6.737246990203857,6.496631145477295,6.737246990203857,92055
1995-08-25,0.5367594361305237,6.616939067840576,6.737246990203857,6.616939067840576,6.737246990203857,21300
1995-08-28,0.5465188026428223,6.737246990203857,6.737246990203857,6.616939067840576,6.616939067840576,30027
1995-08-29,0.5270002484321594,6.496631145477295,6.616939067840576,6.496631145477295,6.616939067840576,42703
1995-08-30,0.5367594361305237,6.616939067840576,6.616939067840576,6.496631145477295,6.616939067840576,73561
1995-08-31,0.5270002484321594,6.496631145477295,6.616939067840576,6.496631145477295,6.496631145477295,43534
1995-09-01,0.5367594361305237,6.616939067840576,6.616939067840576,6.496631145477295,6.616939067840576,31066
1995-09-05,0.5367594361305237,6.616939067840576,6.616939067840576,6.496631145477295,6.616939067840576,52885
1995-09-06,0.5367594361305237,6.616939067840576,6.737246990203857,6.616939067840576,6.616939067840576,65769
1995-09-07,0.5367594361305237,6.616939067840576,6.737246990203857,6.616939067840576,6.737246990203857,15793
1995-09-08,0.5465188026428223,6.737246990203857,6.737246990203857,6.616939067840576,6.737246990203857,72418
1995-09-11,0.5367594361305237,6.616939067840576,6.737246990203857,6.616939067840576,6.737246990203857,32728
1995-09-12,0.5367594361305237,6.616939067840576,6.737246990203857,6.616939067840576,6.616939067840576,7896
1995-09-13,0.5367594361305237,6.616939067840576,6.737246990203857,6.616939067840576,6.737246990203857,20053
1995-09-14,0.5367594361305237,6.616939067840576,6.737246990203857,6.616939067840576,6.616939067840576,47171
1995-09-15,0.5465188026428223,6.737246990203857,6.737246990203857,6.616939067840576,6.616939067840576,10390
1995-09-18,0.5270002484321594,6.496631145477295,6.737246990203857,6.496631145477295,6.616939067840576,22027
1995-09-19,0.5270002484321594,6.496631145477295,6.616939067840576,6.496631145477295,6.616939067840576,17351
1995-09-20,0.5367594361305237,6.616939067840576,6.737246990203857,6.496631145477295,6.496631145477295,107536
1995-09-21,0.5367594361305237,6.616939067840576,6.737246990203857,6.616939067840576,6.737246990203857,50288
1995-09-22,0.5465188026428223,6.737246990203857,6.737246990203857,6.616939067840576,6.737246990203857,11429
1995-09-25,0.5367594361305237,6.616939067840576,6.737246990203857,6.616939067840576,6.616939067840576,11013
1995-09-26,0.5367594361305237,6.616939067840576,6.737246990203857,6.616939067840576,6.616939067840576,33768
1995-09-27,0.5270002484321594,6.496631145477295,6.616939067840576,6.496631145477295,6.616939067840576,46028
1995-09-28,0.5270002484321594,6.496631145477295,6.616939067840576,6.376323223114014,6.496631145477295,190864
1995-09-29,0.5367594361305237,6.616939067840576,6.616939067840576,6.496631145477295,6.496631145477295,12156
1995-10-02,0.5270002484321594,6.496631145477295,6.616939067840576,6.376323223114014,6.496631145477295,27533
1995-10-03,0.5270002484321594,6.496631145477295,6.496631145477295,6.376323223114014,6.496631145477295,29819
1995-10-04,0.5172411799430847,6.376323223114014,6.496631145477295,6.376323223114014,6.376323223114014,12156
1995-10-05,0.5172411799430847,6.376323223114014,6.496631145477295,6.376323223114014,6.376323223114014,17767
1995-10-06,0.5172411799430847,6.376323223114014,6.496631145477295,6.376323223114014,6.496631145477295,19741
1995-10-09,0.5172411799430847,6.376323223114014,6.496631145477295,6.376323223114014,6.376323223114014,30650
1995-10-10,0.5074816942214966,6.256014823913574,6.376323223114014,6.256014823913574,6.376323223114014,15897
1995-10-11,0.5074816942214966,6.256014823913574,6.376323223114014,6.256014823913574,6.256014823913574,30650
1995-10-12,0.5172411799430847,6.376323223114014,6.496631145477295,6.376323223114014,6.376323223114014,15481
1995-10-13,0.5270002484321594,6.496631145477295,6.496631145477295,6.376323223114014,6.376323223114014,28469
1995-10-16,0.5172411799430847,6.376323223114014,6.376323223114014,6.376323223114014,6.376323223114014,8728
1995-10-17,0.5270002484321594,6.496631145477295,6.496631145477295,6.376323223114014,6.376323223114014,11533
1995-10-18,0.5172411799430847,6.376323223114014,6.496631145477295,6.376323223114014,6.376323223114014,22650
1995-10-19,0.5172411799430847,6.376323223114014,6.496631145477295,6.376323223114014,6.496631145477295,11013
1995-10-20,0.5270002484321594,6.496631145477295,6.496631145477295,6.376323223114014,6.376323223114014,14754
1995-10-23,0.5172411799430847,6.376323223114014,6.496631145477295,6.376323223114014,6.496631145477295,12364
1995-10-24,0.5172411799430847,6.376323223114014,6.496631145477295,6.376323223114014,6.376323223114014,9871
1995-10-25,0.5074816942214966,6.256014823913574,6.496631145477295,6.256014823913574,6.376323223114014,73769
1995-10-26,0.4977225065231323,6.135706901550293,6.376323223114014,6.135706901550293,6.256014823913574,52573
1995-10-27,0.4977225065231323,6.135706901550293,6.256014823913574,6.135706901550293,6.135706901550293,5507
1995-10-30,0.4977225065231323,6.135706901550293,6.256014823913574,6.135706901550293,6.256014823913574,18390
1995-10-31,0.5172411799430847,6.376323223114014,6.376323223114014,6.135706901550293,6.135706901550293,20988
1995-11-01,0.5074816942214966,6.256014823913574,6.256014823913574,6.135706901550293,6.135706901550293,30962
1995-11-02,0.5074816942214966,6.256014823913574,6.376323223114014,6.256014823913574,6.256014823913574,12052
1995-11-03,0.5074816942214966,6.256014823913574,6.376323223114014,6.256014823913574,6.256014823913574,10494
1995-11-06,0.5074816942214966,6.256014823913574,6.376323223114014,6.256014823913574,6.256014823913574,15481
1995-11-07,0.5074816942214966,6.256014823913574,6.376323223114014,6.256014823913574,6.256014823913574,12987
1995-11-08,0.5074816942214966,6.256014823913574,6.256014823913574,6.135706901550293,6.256014823913574,45300
1995-11-09,0.5074816942214966,6.256014823913574,6.376323223114014,6.256014823913574,6.256014823913574,16624
1995-11-10,0.5074816942214966,6.256014823913574,6.376323223114014,6.256014823913574,6.256014823913574,7896
1995-11-13,0.5074816942214966,6.256014823913574,6.256014823913574,6.135706901550293,6.256014823913574,32209
1995-11-14,0.5074816942214966,6.256014823913574,6.256014823913574,6.135706901550293,6.135706901550293,33352
1995-11-15,0.5074816942214966,6.256014823913574,6.256014823913574,6.135706901550293,6.135706901550293,44885
1995-11-16,0.5074816942214966,6.256014823913574,6.376323223114014,6.135706901550293,6.256014823913574,15377
1995-11-17,0.4977225065231323,6.135706901550293,6.376323223114014,6.135706901550293,6.256014823913574,31586
1995-11-20,0.5074816942214966,6.256014823913574,6.376323223114014,6.135706901550293,6.135706901550293,42080
1995-11-21,0.5074816942214966,6.256014823913574,6.376323223114014,6.135706901550293,6.256014823913574,29092
1995-11-22,0.5074816942214966,6.256014823913574,6.376323223114014,6.135706901550293,6.135706901550293,9974
1995-11-24,0.5074816942214966,6.256014823913574,6.376323223114014,6.256014823913574,6.256014823913574,935
1995-11-27,0.5172411799430847,6.376323223114014,6.376323223114014,6.256014823913574,6.376323223114014,23378
1995-11-28,0.5172411799430847,6.376323223114014,6.496631145477295,6.256014823913574,6.256014823913574,90289
1995-11-29,0.5270002484321594,6.496631145477295,6.496631145477295,6.376323223114014,6.376323223114014,13403
1995-11-30,0.5172411799430847,6.376323223114014,6.496631145477295,6.376323223114014,6.496631145477295,22858
1995-12-01,0.5172411799430847,6.376323223114014,6.496631145477295,6.376323223114014,6.376323223114014,6130
1995-12-04,0.5270002484321594,6.496631145477295,6.496631145477295,6.376323223114014,6.376323223114014,11845
1995-12-05,0.5172411799430847,6.376323223114014,6.496631145477295,6.376323223114014,6.496631145477295,168734
1995-12-06,0.5270002484321594,6.496631145477295,6.496631145477295,6.376323223114014,6.376323223114014,50184
1995-12-07,0.5270002484321594,6.496631145477295,6.496631145477295,6.376323223114014,6.496631145477295,14858
1995-12-08,0.5270002484321594,6.496631145477295,6.496631145477295,6.376323223114014,6.376323223114014,9351
1995-12-11,0.5172411799430847,6.376323223114014,6.496631145477295,6.376323223114014,6.496631145477295,13195
1995-12-12,0.5172411799430847,6.376323223114014,6.496631145477295,6.376323223114014,6.376323223114014,19325
1995-12-13,0.5367594361305237,6.616939067840576,6.616939067840576,6.376323223114014,6.376323223114014,19741
1995-12-14,0.5270002484321594,6.496631145477295,6.616939067840576,6.496631145477295,6.496631145477295,10182
1995-12-15,0.5270002484321594,6.496631145477295,6.616939067840576,6.496631145477295,6.496631145477295,38131
1995-12-18,0.5172411799430847,6.376323223114014,6.616939067840576,6.376323223114014,6.496631145477295,27741
1995-12-19,0.5270002484321594,6.496631145477295,6.496631145477295,6.376323223114014,6.376323223114014,16312
1995-12-20,0.5074816942214966,6.256014823913574,6.376323223114014,6.135706901550293,6.256014823913574,125407
1995-12-21,0.5074816942214966,6.256014823913574,6.376323223114014,6.256014823913574,6.376323223114014,9039
1995-12-22,0.5172411799430847,6.376323223114014,6.376323223114014,6.256014823913574,6.256014823913574,73769
1995-12-26,0.5270002484321594,6.496631145477295,6.496631145477295,6.376323223114014,6.376323223114014,35949
1995-12-27,0.5172411799430847,6.376323223114014,6.496631145477295,6.376323223114014,6.496631145477295,22650
1995-12-28,0.5367594361305237,6.616939067840576,6.616939067840576,6.376323223114014,6.496631145477295,220476
1995-12-29,0.5270002484321594,6.496631145477295,6.616939067840576,6.496631145477295,6.616939067840576,31793
1996-01-02,0.5270002484321594,6.496631145477295,6.616939067840576,6.496631145477295,6.496631145477295,23066
1996-01-03,0.5270002484321594,6.496631145477295,6.616939067840576,6.496631145477295,6.496631145477295,41352
1996-01-04,0.5270002484321594,6.496631145477295,6.616939067840576,6.496631145477295,6.496631145477295,44885
1996-01-05,0.5270002484321594,6.496631145477295,6.616939067840576,6.496631145477295,6.496631145477295,12260
1996-01-08,0.5270002484321594,6.496631145477295,6.616939067840576,6.496631145477295,6.616939067840576,7585
1996-01-09,0.5270002484321594,6.496631145477295,6.616939067840576,6.496631145477295,6.496631145477295,27326
1996-01-10,0.5270002484321594,6.496631145477295,6.616939067840576,6.496631145477295,6.496631145477295,107433
1996-01-11,0.5270002484321594,6.496631145477295,6.496631145477295,6.376323223114014,6.496631145477295,49456
1996-01-12,0.5270002484321594,6.496631145477295,6.496631145477295,6.376323223114014,6.496631145477295,10390
1996-01-15,0.5172411799430847,6.376323223114014,6.496631145477295,6.376323223114014,6.376323223114014,14754
1996-01-16,0.5172411799430847,6.376323223114014,6.496631145477295,6.376323223114014,6.496631145477295,17663
1996-01-17,0.5172411799430847,6.376323223114014,6.496631145477295,6.376323223114014,6.376323223114014,8520
1996-01-18,0.5172411799430847,6.376323223114014,6.496631145477295,6.376323223114014,6.376323223114014,16208
1996-01-19,0.5172411799430847,6.376323223114014,6.496631145477295,6.376323223114014,6.376323223114014,30547
1996-01-22,0.5172411799430847,6.376323223114014,6.496631145477295,6.376323223114014,6.376323223114014,16832
1996-01-23,0.5172411799430847,6.376323223114014,6.496631145477295,6.376323223114014,6.376323223114014,25975
1996-01-24,0.5367594361305237,6.616939067840576,6.616939067840576,6.376323223114014,6.496631145477295,85510
1996-01-25,0.5367594361305237,6.616939067840576,6.616939067840576,6.496631145477295,6.616939067840576,70756
1996-01-26,0.5367594361305237,6.616939067840576,6.616939067840576,6.496631145477295,6.496631145477295,7273
1996-01-29,0.5270002484321594,6.496631145477295,6.616939067840576,6.496631145477295,6.496631145477295,14546
1996-01-30,0.5270002484321594,6.496631145477295,6.616939067840576,6.496631145477295,6.616939067840576,14338
1996-01-31,0.5367594361305237,6.616939067840576,6.616939067840576,6.496631145477295,6.496631145477295,8104
1996-02-01,0.5270002484321594,6.496631145477295,6.616939067840576,6.496631145477295,6.496631145477295,19533
1996-02-02,0.5465188026428223,6.737246990203857,6.737246990203857,6.496631145477295,6.616939067840576,56210
1996-02-05,0.5465188026428223,6.737246990203857,6.737246990203857,6.616939067840576,6.616939067840576,12676
1996-02-06,0.5367594361305237,6.616939067840576,6.737246990203857,6.616939067840576,6.616939067840576,9871
1996-02-07,0.5465188026428223,6.737246990203857,6.737246990203857,6.616939067840576,6.616939067840576,30650
1996-02-08,0.5367594361305237,6.616939067840576,6.737246990203857,6.616939067840576,6.737246990203857,18494
1996-02-09,0.5367594361305237,6.616939067840576,6.737246990203857,6.616939067840576,6.737246990203857,36573
1996-02-12,0.5367594361305237,6.616939067840576,6.737246990203857,6.616939067840576,6.737246990203857,36573
1996-02-13,0.5367594361305237,6.616939067840576,6.737246990203857,6.616939067840576,6.737246990203857,30754
1996-02-14,0.5465188026428223,6.737246990203857,6.737246990203857,6.616939067840576,6.737246990203857,39170
1996-02-15,0.5367594361305237,6.616939067840576,6.737246990203857,6.616939067840576,6.737246990203857,15065
1996-02-16,0.5367594361305237,6.616939067840576,6.737246990203857,6.616939067840576,6.737246990203857,20364
1996-02-20,0.5367594361305237,6.616939067840576,6.737246990203857,6.616939067840576,6.616939067840576,14754
1996-02-21,0.5367594361305237,6.616939067840576,6.737246990203857,6.616939067840576,6.737246990203857,14962
1996-02-22,0.5367594361305237,6.616939067840576,6.737246990203857,6.616939067840576,6.737246990203857,16520
1996-02-23,0.5465188026428223,6.737246990203857,6.737246990203857,6.616939067840576,6.616939067840576,20261
1996-02-26,0.5367594361305237,6.616939067840576,6.737246990203857,6.616939067840576,6.616939067840576,9974
1996-02-27,0.5465188026428223,6.737246990203857,6.737246990203857,6.616939067840576,6.616939067840576,18079
1996-02-28,0.5367594361305237,6.616939067840576,6.737246990203857,6.616939067840576,6.616939067840576,17871
1996-02-29,0.5367594361305237,6.616939067840576,6.737246990203857,6.616939067840576,6.616939067840576,6650
1996-03-01,0.5465188026428223,6.737246990203857,6.737246990203857,6.616939067840576,6.616939067840576,7896
1996-03-04,0.5367594361305237,6.616939067840576,6.737246990203857,6.616939067840576,6.737246990203857,15065
1996-03-05,0.5367594361305237,6.616939067840576,6.737246990203857,6.616939067840576,6.737246990203857,20988
1996-03-06,0.5367594361305237,6.616939067840576,6.737246990203857,6.616939067840576,6.616939067840576,18286
1996-03-07,0.5367594361305237,6.616939067840576,6.737246990203857,6.616939067840576,6.616939067840576,12780
1996-03-08,0.5270002484321594,6.496631145477295,6.616939067840576,6.496631145477295,6.616939067840576,63587
1996-03-11,0.5270002484321594,6.496631145477295,6.496631145477295,6.376323223114014,6.376323223114014,18910
1996-03-12,0.5270002484321594,6.496631145477295,6.616939067840576,6.376323223114014,6.496631145477295,17871
1996-03-13,0.5172411799430847,6.376323223114014,6.496631145477295,6.376323223114014,6.496631145477295,13507
1996-03-14,0.5270002484321594,6.496631145477295,6.616939067840576,6.376323223114014,6.376323223114014,41456
1996-03-15,0.5270002484321594,6.496631145477295,6.616939067840576,6.496631145477295,6.496631145477295,16416
1996-03-18,0.5270002484321594,6.496631145477295,6.616939067840576,6.496631145477295,6.616939067840576,28053
1996-03-19,0.5270002484321594,6.496631145477295,6.616939067840576,6.496631145477295,6.496631145477295,8000
1996-03-20,0.5172411799430847,6.376323223114014,6.496631145477295,6.376323223114014,6.496631145477295,42911
1996-03-21,0.5172411799430847,6.376323223114014,6.496631145477295,6.376323223114014,6.496631145477295,11117
1996-03-22,0.5270002484321594,6.496631145477295,6.616939067840576,6.376323223114014,6.376323223114014,25352
1996-03-25,0.5270002484321594,6.496631145477295,6.616939067840576,6.496631145477295,6.616939067840576,18390
1996-03-26,0.5270002484321594,6.496631145477295,6.616939067840576,6.496631145477295,6.616939067840576,16208
1996-03-27,0.5270002484321594,6.496631145477295,6.616939067840576,6.496631145477295,6.496631145477295,18079
1996-03-28,0.5270002484321594,6.496631145477295,6.616939067840576,6.496631145477295,6.616939067840576,11845
1996-03-29,0.5367594361305237,6.616939067840576,6.616939067840576,6.496631145477295,6.496631145477295,6338
1996-04-01,0.5270002484321594,6.496631145477295,6.616939067840576,6.496631145477295,6.496631145477295,9143
1996-04-02,0.5270002484321594,6.496631145477295,6.616939067840576,6.496631145477295,6.496631145477295,47482
1996-04-03,0.5270002484321594,6.496631145477295,6.616939067840576,6.496631145477295,6.616939067840576,20468
1996-04-04,0.5367594361305237,6.616939067840576,6.616939067840576,6.496631145477295,6.496631145477295,24832
1996-04-08,0.5270002484321594,6.496631145477295,6.496631145477295,6.376323223114014,6.496631145477295,56937
1996-04-09,0.5270002484321594,6.496631145477295,6.496631145477295,6.496631145477295,6.496631145477295,16936
1996-04-10,0.5172411799430847,6.376323223114014,6.616939067840576,6.376323223114014,6.616939067840576,15273
1996-04-11,0.5270002484321594,6.496631145477295,6.496631145477295,6.376323223114014,6.376323223114014,31170
1996-04-12,0.5270002484321594,6.496631145477295,6.616939067840576,6.376323223114014,6.376323223114014,11637
1996-04-15,0.5270002484321594,6.496631145477295,6.616939067840576,6.496631145477295,6.496631145477295,21092
1996-04-16,0.5270002484321594,6.496631145477295,6.616939067840576,6.496631145477295,6.496631145477295,42495
1996-04-17,0.5367594361305237,6.616939067840576,6.616939067840576,6.496631145477295,6.616939067840576,22442
1996-04-18,0.5367594361305237,6.616939067840576,6.616939067840576,6.496631145477295,6.496631145477295,11533
1996-04-19,0.5270002484321594,6.496631145477295,6.616939067840576,6.376323223114014,6.616939067840576,31897
1996-04-22,0.5270002484321594,6.496631145477295,6.616939067840576,6.496631145477295,6.616939067840576,30339
1996-04-23,0.5270002484321594,6.496631145477295,6.616939067840576,6.496631145477295,6.496631145477295,134447
1996-04-24,0.5270002484321594,6.496631145477295,6.616939067840576,6.496631145477295,6.496631145477295,18598
1996-04-25,0.5270002484321594,6.496631145477295,6.616939067840576,6.496631145477295,6.496631145477295,58080
1996-04-26,0.5270002484321594,6.496631145477295,6.616939067840576,6.496631145477295,6.496631145477295,18702
1996-04-29,0.5367594361305237,6.616939067840576,6.737246990203857,6.496631145477295,6.496631145477295,26494
1996-04-30,0.5367594361305237,6.616939067840576,6.737246990203857,6.616939067840576,6.616939067840576,45093
1996-05-01,0.5465188026428223,6.737246990203857,6.737246990203857,6.616939067840576,6.616939067840576,15273
1996-05-02,0.5367594361305237,6.616939067840576,6.737246990203857,6.616939067840576,6.737246990203857,26391
1996-05-03,0.5465188026428223,6.737246990203857,6.737246990203857,6.616939067840576,6.737246990203857,11845
1996-05-06,0.5465188026428223,6.737246990203857,6.737246990203857,6.616939067840576,6.616939067840576,8935
1996-05-07,0.5367594361305237,6.616939067840576,6.737246990203857,6.496631145477295,6.616939067840576,63898
1996-05-08,0.5270002484321594,6.496631145477295,6.616939067840576,6.496631145477295,6.496631145477295,27222
1996-05-09,0.5270002484321594,6.496631145477295,6.616939067840576,6.496631145477295,6.616939067840576,45508
1996-05-10,0.5270002484321594,6.496631145477295,6.737246990203857,6.496631145477295,6.496631145477295,15481
1996-05-13,0.5270002484321594,6.496631145477295,6.616939067840576,6.496631145477295,6.616939067840576,20468
1996-05-14,0.5367594361305237,6.616939067840576,6.737246990203857,6.496631145477295,6.496631145477295,21403
1996-05-15,0.5367594361305237,6.616939067840576,6.737246990203857,6.616939067840576,6.616939067840576,18183
1996-05-16,0.5367594361305237,6.616939067840576,6.737246990203857,6.616939067840576,6.737246990203857,7273
1996-05-17,0.5367594361305237,6.616939067840576,6.737246990203857,6.616939067840576,6.616939067840576,65561
1996-05-20,0.5465188026428223,6.737246990203857,6.857554912567139,6.616939067840576,6.616939067840576,74600
1996-05-21,0.5465188026428223,6.737246990203857,6.857554912567139,6.737246990203857,6.737246990203857,21300
1996-05-22,0.5465188026428223,6.737246990203857,6.857554912567139,6.737246990203857,6.737246990203857,17975
1996-05-23,0.5465188026428223,6.737246990203857,6.857554912567139,6.616939067840576,6.857554912567139,57768
1996-05-24,0.5465188026428223,6.737246990203857,6.737246990203857,6.616939067840576,6.616939067840576,11845
1996-05-28,0.5465188026428223,6.737246990203857,6.737246990203857,6.616939067840576,6.616939067840576,12468
1996-05-29,0.5465188026428223,6.737246990203857,6.737246990203857,6.616939067840576,6.616939067840576,9871
1996-05-30,0.5367594361305237,6.616939067840576,6.737246990203857,6.616939067840576,6.616939067840576,9663
1996-05-31,0.5367594361305237,6.616939067840576,6.737246990203857,6.616939067840576,6.616939067840576,17040
1996-06-03,0.5367594361305237,6.616939067840576,6.737246990203857,6.616939067840576,6.616939067840576,10598
1996-06-04,0.5465188026428223,6.737246990203857,6.737246990203857,6.616939067840576,6.616939067840576,16416
1996-06-05,0.5465188026428223,6.737246990203857,6.737246990203857,6.616939067840576,6.616939067840576,17975
1996-06-06,0.5367594361305237,6.616939067840576,6.737246990203857,6.616939067840576,6.616939067840576,10390
1996-06-07,0.5367594361305237,6.616939067840576,6.616939067840576,6.496631145477295,6.616939067840576,48833
1996-06-10,0.5367594361305237,6.616939067840576,6.616939067840576,6.616939067840576,6.616939067840576,31170
1996-06-11,0.5367594361305237,6.616939067840576,6.737246990203857,6.616939067840576,6.616939067840576,41768
1996-06-12,0.5367594361305237,6.616939067840576,6.737246990203857,6.616939067840576,6.737246990203857,16312
1996-06-13,0.5367594361305237,6.616939067840576,6.737246990203857,6.616939067840576,6.616939067840576,8208
1996-06-14,0.5465188026428223,6.737246990203857,6.737246990203857,6.616939067840576,6.737246990203857,10702
1996-06-17,0.5367594361305237,6.616939067840576,6.737246990203857,6.616939067840576,6.616939067840576,11637
1996-06-18,0.5367594361305237,6.616939067840576,6.737246990203857,6.616939067840576,6.616939067840576,27430
1996-06-19,0.5367594361305237,6.616939067840576,6.737246990203857,6.616939067840576,6.616939067840576,9663
1996-06-20,0.5367594361305237,6.616939067840576,6.616939067840576,6.616939067840576,6.616939067840576,6546
1996-06-21,0.5465188026428223,6.737246990203857,6.737246990203857,6.616939067840576,6.616939067840576,7377
1996-06-24,0.5465188026428223,6.737246990203857,6.737246990203857,6.616939067840576,6.616939067840576,46028
1996-06-25,0.5562779307365417,6.857554912567139,6.857554912567139,6.737246990203857,6.737246990203857,38027
1996-06-26,0.5465188026428223,6.737246990203857,6.857554912567139,6.737246990203857,6.737246990203857,10702
1996-06-27,0.5465188026428223,6.737246990203857,6.857554912567139,6.616939067840576,6.857554912567139,15169
1996-06-28,0.5465188026428223,6.737246990203857,6.737246990203857,6.616939067840576,6.616939067840576,14442
1996-07-01,0.5367594361305237,6.616939067840576,6.737246990203857,6.616939067840576,6.616939067840576,11845
1996-07-02,0.5465188026428223,6.737246990203857,6.737246990203857,6.616939067840576,6.616939067840576,24624
1996-07-03,0.5465188026428223,6.737246990203857,6.857554912567139,6.616939067840576,6.616939067840576,169773
1996-07-05,0.5465188026428223,6.737246990203857,6.737246990203857,6.737246990203857,6.737246990203857,51430
1996-07-08,0.5367594361305237,6.616939067840576,6.737246990203857,6.616939067840576,6.616939067840576,10494
1996-07-09,0.5465188026428223,6.737246990203857,6.737246990203857,6.616939067840576,6.616939067840576,105978
1996-07-10,0.5367594361305237,6.616939067840576,6.737246990203857,6.616939067840576,6.737246990203857,18910
1996-07-11,0.5270002484321594,6.496631145477295,6.737246990203857,6.496631145477295,6.737246990203857,36781
1996-07-12,0.5270002484321594,6.496631145477295,6.616939067840576,6.496631145477295,6.496631145477295,12156
1996-07-15,0.5172411799430847,6.376323223114014,6.616939067840576,6.376323223114014,6.496631145477295,52262
1996-07-16,0.5074816942214966,6.256014823913574,6.496631145477295,6.256014823913574,6.496631145477295,38963
1996-07-17,0.5172411799430847,6.376323223114014,6.376323223114014,6.256014823913574,6.376323223114014,38027
1996-07-18,0.5367594361305237,6.616939067840576,6.616939067840576,6.376323223114014,6.496631145477295,37092
1996-07-19,0.5367594361305237,6.616939067840576,6.616939067840576,6.496631145477295,6.616939067840576,6546
1996-07-22,0.5172411799430847,6.376323223114014,6.616939067840576,6.376323223114014,6.496631145477295,10702
1996-07-23,0.5172411799430847,6.376323223114014,6.496631145477295,6.376323223114014,6.376323223114014,11637
1996-07-24,0.5172411799430847,6.376323223114014,6.496631145477295,6.376323223114014,6.376323223114014,46859
1996-07-25,0.5172411799430847,6.376323223114014,6.496631145477295,6.376323223114014,6.376323223114014,25248
1996-07-26,0.5172411799430847,6.376323223114014,6.376323223114014,6.376323223114014,6.376323223114014,5403
1996-07-29,0.5074816942214966,6.256014823913574,6.376323223114014,6.256014823913574,6.376323223114014,6234
1996-07-30,0.5074816942214966,6.256014823913574,6.256014823913574,6.256014823913574,6.256014823913574,3325
1996-07-31,0.5074816942214966,6.256014823913574,6.376323223114014,6.256014823913574,6.256014823913574,8208
1996-08-01,0.5172411799430847,6.376323223114014,6.376323223114014,6.256014823913574,6.256014823913574,13611
1996-08-02,0.5172411799430847,6.376323223114014,6.376323223114014,6.256014823913574,6.376323223114014,10910
1996-08-05,0.5270002484321594,6.496631145477295,6.496631145477295,6.376323223114014,6.376323223114014,12884
1996-08-06,0.5074816942214966,6.256014823913574,6.376323223114014,6.256014823913574,6.376323223114014,22339
1996-08-07,0.5074816942214966,6.256014823913574,6.376323223114014,6.256014823913574,6.256014823913574,9663
1996-08-08,0.5074816942214966,6.256014823913574,6.376323223114014,6.256014823913574,6.376323223114014,6442
1996-08-09,0.5074816942214966,6.256014823913574,6.256014823913574,6.256014823913574,6.256014823913574,7896
1996-08-12,0.5172411799430847,6.376323223114014,6.496631145477295,6.256014823913574,6.256014823913574,62963
1996-08-13,0.5172411799430847,6.376323223114014,6.496631145477295,6.376323223114014,6.376323223114014,9663
1996-08-14,0.5270002484321594,6.496631145477295,6.496631145477295,6.376323223114014,6.496631145477295,9559
1996-08-15,0.5172411799430847,6.376323223114014,6.496631145477295,6.376323223114014,6.376323223114014,18598
1996-08-16,0.5172411799430847,6.376323223114014,6.496631145477295,6.376323223114014,6.376323223114014,19429
1996-08-19,0.5172411799430847,6.376323223114014,6.496631145477295,6.376323223114014,6.376323223114014,12884
1996-08-20,0.5270002484321594,6.496631145477295,6.496631145477295,6.376323223114014,6.376323223114014,52054
1996-08-21,0.5172411799430847,6.376323223114014,6.496631145477295,6.376323223114014,6.376323223114014,27949
1996-08-22,0.5172411799430847,6.376323223114014,6.496631145477295,6.376323223114014,6.376323223114014,18183
1996-08-23,0.5172411799430847,6.376323223114014,6.496631145477295,6.376323223114014,6.376323223114014,11013
1996-08-26,0.5270002484321594,6.496631145477295,6.496631145477295,6.376323223114014,6.496631145477295,42807
1996-08-27,0.5172411799430847,6.376323223114014,6.496631145477295,6.376323223114014,6.376323223114014,20780
1996-08-28,0.5172411799430847,6.376323223114014,6.496631145477295,6.376323223114014,6.496631145477295,5091
1996-08-29,0.5172411799430847,6.376323223114014,6.376323223114014,6.376323223114014,6.376323223114014,31170
1996-08-30,0.5172411799430847,6.376323223114014,6.376323223114014,6.376323223114014,6.376323223114014,31170
1996-09-03,0.5270002484321594,6.496631145477295,6.496631145477295,6.376323223114014,6.376323223114014,28053
1996-09-04,0.5172411799430847,6.376323223114014,6.496631145477295,6.376323223114014,6.376323223114014,9974
1996-09-05,0.5270002484321594,6.496631145477295,6.496631145477295,6.376323223114014,6.376323223114014,6753
1996-09-06,0.5172411799430847,6.376323223114014,6.496631145477295,6.376323223114014,6.376323223114014,13299
1996-09-09,0.5270002484321594,6.496631145477295,6.496631145477295,6.376323223114014,6.496631145477295,64626
1996-09-10,0.5270002484321594,6.496631145477295,6.496631145477295,6.376323223114014,6.376323223114014,20261
1996-09-11,0.5172411799430847,6.376323223114014,6.496631145477295,6.376323223114014,6.496631145477295,7377
1996-09-12,0.5270002484321594,6.496631145477295,6.616939067840576,6.376323223114014,6.496631145477295,92783
1996-09-13,0.5270002484321594,6.496631145477295,6.496631145477295,6.496631145477295,6.496631145477295,25248
1996-09-16,0.5270002484321594,6.496631145477295,6.616939067840576,6.496631145477295,6.496631145477295,29715
1996-09-17,0.5270002484321594,6.496631145477295,6.616939067840576,6.496631145477295,6.496631145477295,10182
1996-09-18,0.5367594361305237,6.616939067840576,6.616939067840576,6.496631145477295,6.496631145477295,8000
1996-09-19,0.5270002484321594,6.496631145477295,6.616939067840576,6.496631145477295,6.496631145477295,16416
1996-09-20,0.5270002484321594,6.496631145477295,6.616939067840576,6.496631145477295,6.496631145477295,7273
1996-09-23,0.5270002484321594,6.496631145477295,6.616939067840576,6.496631145477295,6.616939067840576,13507
1996-09-24,0.5270002484321594,6.496631145477295,6.616939067840576,6.496631145477295,6.496631145477295,9247
1996-09-25,0.5270002484321594,6.496631145477295,6.616939067840576,6.496631145477295,6.496631145477295,14026
1996-09-26,0.5270002484321594,6.496631145477295,6.616939067840576,6.496631145477295,6.496631145477295,14754
1996-09-27,0.5270002484321594,6.496631145477295,6.496631145477295,6.496631145477295,6.496631145477295,14234
1996-09-30,0.5367594361305237,6.616939067840576,6.616939067840576,6.496631145477295,6.496631145477295,62444
1996-10-01,0.5270002484321594,6.496631145477295,6.616939067840576,6.496631145477295,6.496631145477295,53197
1996-10-02,0.5270002484321594,6.496631145477295,6.616939067840576,6.496631145477295,6.616939067840576,10702
1996-10-03,0.5270002484321594,6.496631145477295,6.616939067840576,6.496631145477295,6.496631145477295,17871
1996-10-04,0.5367594361305237,6.616939067840576,6.737246990203857,6.496631145477295,6.496631145477295,25975
1996-10-07,0.5465188026428223,6.737246990203857,6.737246990203857,6.616939067840576,6.616939067840576,9039
1996-10-08,0.5367594361305237,6.616939067840576,6.737246990203857,6.616939067840576,6.616939067840576,36885
1996-10-09,0.5465188026428223,6.737246990203857,6.737246990203857,6.616939067840576,6.737246990203857,10806
1996-10-10,0.5367594361305237,6.616939067840576,6.737246990203857,6.616939067840576,6.616939067840576,15793
1996-10-11,0.5367594361305237,6.616939067840576,6.737246990203857,6.616939067840576,6.616939067840576,10286
1996-10-14,0.5367594361305237,6.616939067840576,6.737246990203857,6.616939067840576,6.616939067840576,14442
1996-10-15,0.5367594361305237,6.616939067840576,6.737246990203857,6.616939067840576,6.616939067840576,56314
1996-10-16,0.5367594361305237,6.616939067840576,6.737246990203857,6.616939067840576,6.616939067840576,8208
1996-10-17,0.5367594361305237,6.616939067840576,6.737246990203857,6.616939067840576,6.616939067840576,29923
1996-10-18,0.5367594361305237,6.616939067840576,6.737246990203857,6.616939067840576,6.737246990203857,5922
1996-10-21,0.5270002484321594,6.496631145477295,6.616939067840576,6.496631145477295,6.616939067840576,21923
1996-10-22,0.5367594361305237,6.616939067840576,6.616939067840576,6.496631145477295,6.496631145477295,122914
1996-10-23,0.5367594361305237,6.616939067840576,6.616939067840576,6.496631145477295,6.496631145477295,10598
1996-10-24,0.5270002484321594,6.496631145477295,6.616939067840576,6.496631145477295,6.496631145477295,4779
1996-10-25,0.5270002484321594,6.496631145477295,6.616939067840576,6.496631145477295,6.496631145477295,8832
1996-10-28,0.5367594361305237,6.616939067840576,6.616939067840576,6.496631145477295,6.496631145477295,16728
1996-10-29,0.5270002484321594,6.496631145477295,6.616939067840576,6.496631145477295,6.496631145477295,7377
1996-10-30,0.5270002484321594,6.496631145477295,6.616939067840576,6.496631145477295,6.496631145477295,5195
1996-10-31,0.5270002484321594,6.496631145477295,6.496631145477295,6.496631145477295,6.496631145477295,3948
1996-11-01,0.5270002484321594,6.496631145477295,6.616939067840576,6.496631145477295,6.496631145477295,5091
1996-11-04,0.5270002484321594,6.496631145477295,6.616939067840576,6.496631145477295,6.496631145477295,18390
1996-11-05,0.5270002484321594,6.496631145477295,6.616939067840576,6.496631145477295,6.496631145477295,12364
1996-11-06,0.5270002484321594,6.496631145477295,6.616939067840576,6.496631145477295,6.496631145477295,13923
1996-11-07,0.5367594361305237,6.616939067840576,6.616939067840576,6.496631145477295,6.496631145477295,5611
1996-11-08,0.5270002484321594,6.496631145477295,6.616939067840576,6.496631145477295,6.616939067840576,14026
1996-11-11,0.5367594361305237,6.616939067840576,6.616939067840576,6.496631145477295,6.496631145477295,105458
1996-11-12,0.5367594361305237,6.616939067840576,6.737246990203857,6.496631145477295,6.496631145477295,13195
1996-11-13,0.5270002484321594,6.496631145477295,6.616939067840576,6.496631145477295,6.616939067840576,24001
1996-11-14,0.5270002484321594,6.496631145477295,6.616939067840576,6.496631145477295,6.496631145477295,6338
1996-11-15,0.5367594361305237,6.616939067840576,6.737246990203857,6.496631145477295,6.496631145477295,19741
1996-11-18,0.5367594361305237,6.616939067840576,6.737246990203857,6.616939067840576,6.616939067840576,14338
1996-11-19,0.5367594361305237,6.616939067840576,6.737246990203857,6.616939067840576,6.616939067840576,8000
1996-11-20,0.5367594361305237,6.616939067840576,6.737246990203857,6.616939067840576,6.616939067840576,24209
1996-11-21,0.5270002484321594,6.496631145477295,6.616939067840576,6.496631145477295,6.616939067840576,77613
1996-11-22,0.5465188026428223,6.737246990203857,6.737246990203857,6.496631145477295,6.616939067840576,52158
1996-11-25,0.5367594361305237,6.616939067840576,6.737246990203857,6.616939067840576,6.616939067840576,13091
1996-11-26,0.5367594361305237,6.616939067840576,6.737246990203857,6.616939067840576,6.616939067840576,31274
1996-11-27,0.5367594361305237,6.616939067840576,6.737246990203857,6.616939067840576,6.616939067840576,10390
1996-11-29,0.5367594361305237,6.616939067840576,6.737246990203857,6.616939067840576,6.737246990203857,3533
1996-12-02,0.5367594361305237,6.616939067840576,6.737246990203857,6.616939067840576,6.616939067840576,28988
1996-12-03,0.5367594361305237,6.616939067840576,6.737246990203857,6.616939067840576,6.616939067840576,18910
1996-12-04,0.5465188026428223,6.737246990203857,6.737246990203857,6.616939067840576,6.737246990203857,11429
1996-12-05,0.5465188026428223,6.737246990203857,6.737246990203857,6.616939067840576,6.737246990203857,53301
1996-12-06,0.5367594361305237,6.616939067840576,6.737246990203857,6.616939067840576,6.616939067840576,38027
1996-12-09,0.5367594361305237,6.616939067840576,6.737246990203857,6.616939067840576,6.616939067840576,67327
1996-12-10,0.5367594361305237,6.616939067840576,6.737246990203857,6.616939067840576,6.737246990203857,15273
1996-12-11,0.5465188026428223,6.737246990203857,6.737246990203857,6.616939067840576,6.737246990203857,20884
1996-12-12,0.5367594361305237,6.616939067840576,6.737246990203857,6.616939067840576,6.737246990203857,34391
1996-12-13,0.5367594361305237,6.616939067840576,6.737246990203857,6.616939067840576,6.616939067840576,34807
1996-12-16,0.5367594361305237,6.616939067840576,6.737246990203857,6.616939067840576,6.616939067840576,44885
1996-12-17,0.5367593169212341,6.256014823913574,6.376323223114014,6.256014823913574,6.256014823913574,15793
1996-12-18,0.5367593169212341,6.256014823913574,6.376323223114014,6.256014823913574,6.256014823913574,35014
1996-12-19,0.5367593169212341,6.256014823913574,6.376323223114014,6.256014823913574,6.376323223114014,16312
1996-12-20,0.5367593169212341,6.256014823913574,6.376323223114014,6.256014823913574,6.256014823913574,35949
1996-12-23,0.5470817685127258,6.376323223114014,6.496631145477295,6.256014823913574,6.256014823913574,77509
1996-12-24,0.5574040412902832,6.496631145477295,6.496631145477295,6.376323223114014,6.376323223114014,4987
1996-12-26,0.5574040412902832,6.496631145477295,6.616939067840576,6.376323223114014,6.496631145477295,36885
1996-12-27,0.5574040412902832,6.496631145477295,6.616939067840576,6.496631145477295,6.616939067840576,37508
1996-12-30,0.5574040412902832,6.496631145477295,6.616939067840576,6.496631145477295,6.616939067840576,107329
1996-12-31,0.5677264332771301,6.616939067840576,6.737246990203857,6.496631145477295,6.496631145477295,62859
1997-01-02,0.5574040412902832,6.496631145477295,6.616939067840576,6.496631145477295,6.616939067840576,43742
1997-01-03,0.5677264332771301,6.616939067840576,6.616939067840576,6.496631145477295,6.496631145477295,10390
1997-01-06,0.5574040412902832,6.496631145477295,6.616939067840576,6.496631145477295,6.496631145477295,14754
1997-01-07,0.5574040412902832,6.496631145477295,6.616939067840576,6.496631145477295,6.496631145477295,41041
1997-01-08,0.5574040412902832,6.496631145477295,6.616939067840576,6.496631145477295,6.496631145477295,28157
1997-01-09,0.5574040412902832,6.496631145477295,6.616939067840576,6.496631145477295,6.496631145477295,19429
1997-01-10,0.5574040412902832,6.496631145477295,6.616939067840576,6.496631145477295,6.496631145477295,18286
1997-01-13,0.5574040412902832,6.496631145477295,6.616939067840576,6.496631145477295,6.496631145477295,14962
1997-01-14,0.5574040412902832,6.496631145477295,6.616939067840576,6.496631145477295,6.496631145477295,45197
1997-01-15,0.5574040412902832,6.496631145477295,6.616939067840576,6.496631145477295,6.616939067840576,15793
1997-01-16,0.5574040412902832,6.496631145477295,6.616939067840576,6.496631145477295,6.496631145477295,12260
1997-01-17,0.5574040412902832,6.496631145477295,6.616939067840576,6.496631145477295,6.496631145477295,12572
1997-01-20,0.5574040412902832,6.496631145477295,6.616939067840576,6.496631145477295,6.616939067840576,14338
1997-01-21,0.5574040412902832,6.496631145477295,6.616939067840576,6.496631145477295,6.496631145477295,69094
1997-01-22,0.5574040412902832,6.496631145477295,6.616939067840576,6.496631145477295,6.616939067840576,24417
1997-01-23,0.5574040412902832,6.496631145477295,6.616939067840576,6.496631145477295,6.496631145477295,14442
1997-01-24,0.5677264332771301,6.616939067840576,6.616939067840576,6.496631145477295,6.496631145477295,4052
1997-01-27,0.5574040412902832,6.496631145477295,6.616939067840576,6.496631145477295,6.616939067840576,34183
1997-01-28,0.5470817685127258,6.376323223114014,6.616939067840576,6.376323223114014,6.496631145477295,92575
1997-01-29,0.5470817685127258,6.376323223114014,6.376323223114014,6.376323223114014,6.376323223114014,47898
1997-01-30,0.5470817685127258,6.376323223114014,6.496631145477295,6.376323223114014,6.376323223114014,15897
1997-01-31,0.5470817685127258,6.376323223114014,6.496631145477295,6.376323223114014,6.376323223114014,24313
1997-02-03,0.5470817685127258,6.376323223114014,6.496631145477295,6.376323223114014,6.376323223114014,13507
1997-02-04,0.5574040412902832,6.496631145477295,6.496631145477295,6.376323223114014,6.376323223114014,18390
1997-02-05,0.5470817685127258,6.376323223114014,6.496631145477295,6.376323223114014,6.376323223114014,40729
1997-02-06,0.5470817685127258,6.376323223114014,6.496631145477295,6.376323223114014,6.496631145477295,14442
1997-02-07,0.5470817685127258,6.376323223114014,6.496631145477295,6.376323223114014,6.376323223114014,21819
1997-02-10,0.5470817685127258,6.376323223114014,6.496631145477295,6.376323223114014,6.496631145477295,22131
1997-02-11,0.5574040412902832,6.496631145477295,6.496631145477295,6.376323223114014,6.376323223114014,14130
1997-02-12,0.5780487656593323,6.737246990203857,6.737246990203857,6.376323223114014,6.376323223114014,271387
1997-02-13,0.5677264332771301,6.616939067840576,6.737246990203857,6.616939067840576,6.616939067840576,51638
1997-02-14,0.5780487656593323,6.737246990203857,6.737246990203857,6.616939067840576,6.616939067840576,23481
1997-02-18,0.5780487656593323,6.737246990203857,6.857554912567139,6.737246990203857,6.737246990203857,40729
1997-02-19,0.5883709192276001,6.857554912567139,6.857554912567139,6.616939067840576,6.737246990203857,28884
1997-02-20,0.5780487656593323,6.737246990203857,6.857554912567139,6.737246990203857,6.737246990203857,14650
1997-02-21,0.5780487656593323,6.737246990203857,6.857554912567139,6.616939067840576,6.737246990203857,16104
1997-02-24,0.5780487656593323,6.737246990203857,6.857554912567139,6.616939067840576,6.616939067840576,26702
1997-02-25,0.5677264332771301,6.616939067840576,6.737246990203857,6.616939067840576,6.616939067840576,24417
1997-02-26,0.5574040412902832,6.496631145477295,6.737246990203857,6.496631145477295,6.616939067840576,178189
1997-02-27,0.5574040412902832,6.496631145477295,6.616939067840576,6.496631145477295,6.496631145477295,18598
1997-02-28,0.5574040412902832,6.496631145477295,6.616939067840576,6.496631145477295,6.496631145477295,10078
1997-03-03,0.5677264332771301,6.616939067840576,6.616939067840576,6.496631145477295,6.496631145477295,3740
1997-03-04,0.5574040412902832,6.496631145477295,6.616939067840576,6.496631145477295,6.496631145477295,30235
1997-03-05,0.5574040412902832,6.496631145477295,6.616939067840576,6.496631145477295,6.496631145477295,51742
1997-03-06,0.5780487656593323,6.737246990203857,6.737246990203857,6.616939067840576,6.616939067840576,54444
1997-03-07,0.5677264332771301,6.616939067840576,6.737246990203857,6.616939067840576,6.616939067840576,4364
1997-03-10,0.5677264332771301,6.616939067840576,6.737246990203857,6.616939067840576,6.737246990203857,7792
1997-03-11,0.5883709192276001,6.857554912567139,6.857554912567139,6.616939067840576,6.616939067840576,135070
1997-03-12,0.5780487656593323,6.737246990203857,6.857554912567139,6.737246990203857,6.737246990203857,9039
1997-03-13,0.5780487656593323,6.737246990203857,6.857554912567139,6.737246990203857,6.737246990203857,47171
1997-03-14,0.5780487656593323,6.737246990203857,6.857554912567139,6.737246990203857,6.737246990203857,19118
1997-03-17,0.5780487656593323,6.737246990203857,6.857554912567139,6.737246990203857,6.737246990203857,19222
1997-03-18,0.5780487656593323,6.737246990203857,6.857554912567139,6.737246990203857,6.737246990203857,9455
1997-03-19,0.5780487656593323,6.737246990203857,6.857554912567139,6.616939067840576,6.737246990203857,72834
1997-03-20,0.5677264332771301,6.616939067840576,6.737246990203857,6.616939067840576,6.616939067840576,40105
1997-03-21,0.5574040412902832,6.496631145477295,6.616939067840576,6.496631145477295,6.616939067840576,21092
1997-03-24,0.5677264332771301,6.616939067840576,6.616939067840576,6.496631145477295,6.496631145477295,69405
1997-03-25,0.5677264332771301,6.616939067840576,6.737246990203857,6.616939067840576,6.616939067840576,4364
1997-03-26,0.5677264332771301,6.616939067840576,6.737246990203857,6.616939067840576,6.616939067840576,66600
1997-03-27,0.5574040412902832,6.496631145477295,6.616939067840576,6.496631145477295,6.616939067840576,4883
1997-03-31,0.5574040412902832,6.496631145477295,6.616939067840576,6.496631145477295,6.496631145477295,74600
1997-04-01,0.5574040412902832,6.496631145477295,6.616939067840576,6.496631145477295,6.496631145477295,85925
1997-04-02,0.5470817685127258,6.376323223114014,6.496631145477295,6.376323223114014,6.496631145477295,13923
1997-04-03,0.5470817685127258,6.376323223114014,6.496631145477295,6.376323223114014,6.496631145477295,13299
1997-04-04,0.5470817685127258,6.376323223114014,6.496631145477295,6.376323223114014,6.376323223114014,8624
1997-04-07,0.5470817685127258,6.376323223114014,6.496631145477295,6.376323223114014,6.376323223114014,10598
1997-04-08,0.5470817685127258,6.376323223114014,6.496631145477295,6.376323223114014,6.376323223114014,20780
1997-04-09,0.5470817685127258,6.376323223114014,6.376323223114014,6.376323223114014,6.376323223114014,9974
1997-04-10,0.5574040412902832,6.496631145477295,6.496631145477295,6.376323223114014,6.376323223114014,2494
1997-04-11,0.5574040412902832,6.496631145477295,6.496631145477295,6.376323223114014,6.376323223114014,19845
1997-04-14,0.5470817685127258,6.376323223114014,6.496631145477295,6.376323223114014,6.376323223114014,4364
1997-04-15,0.5574040412902832,6.496631145477295,6.496631145477295,6.376323223114014,6.376323223114014,108783
1997-04-16,0.5470817685127258,6.376323223114014,6.496631145477295,6.376323223114014,6.376323223114014,6650
1997-04-17,0.5470817685127258,6.376323223114014,6.496631145477295,6.376323223114014,6.376323223114014,5507
1997-04-18,0.5470817685127258,6.376323223114014,6.496631145477295,6.376323223114014,6.376323223114014,3013
1997-04-21,0.5470817685127258,6.376323223114014,6.496631145477295,6.376323223114014,6.496631145477295,4364
1997-04-22,0.5470817685127258,6.376323223114014,6.391362190246582,6.376323223114014,6.376323223114014,13819
1997-04-23,0.5470817685127258,6.376323223114014,6.496631145477295,6.376323223114014,6.496631145477295,20364
1997-04-24,0.5470817685127258,6.376323223114014,6.496631145477295,6.376323223114014,6.376323223114014,10390
1997-04-25,0.5470817685127258,6.376323223114014,6.496631145477295,6.376323223114014,6.376323223114014,47898
1997-04-28,0.5574040412902832,6.496631145477295,6.496631145477295,6.376323223114014,6.376323223114014,8312
1997-04-29,0.5470817685127258,6.376323223114014,6.496631145477295,6.376323223114014,6.376323223114014,67743
1997-04-30,0.5574040412902832,6.496631145477295,6.496631145477295,6.376323223114014,6.376323223114014,10182
1997-05-01,0.5470817685127258,6.376323223114014,6.496631145477295,6.376323223114014,6.376323223114014,14650
1997-05-02,0.5574040412902832,6.496631145477295,6.496631145477295,6.376323223114014,6.496631145477295,29923
1997-05-05,0.5574040412902832,6.496631145477295,6.616939067840576,6.376323223114014,6.376323223114014,59119
1997-05-06,0.5574040412902832,6.496631145477295,6.616939067840576,6.496631145477295,6.496631145477295,14338
1997-05-07,0.5574040412902832,6.496631145477295,6.616939067840576,6.496631145477295,6.496631145477295,12676
1997-05-08,0.5574040412902832,6.496631145477295,6.616939067840576,6.496631145477295,6.496631145477295,17455
1997-05-09,0.5574040412902832,6.496631145477295,6.616939067840576,6.496631145477295,6.496631145477295,11949
1997-05-12,0.5574040412902832,6.496631145477295,6.616939067840576,6.496631145477295,6.496631145477295,30650
1997-05-13,0.5574040412902832,6.496631145477295,6.616939067840576,6.496631145477295,6.616939067840576,24209
1997-05-14,0.5574040412902832,6.496631145477295,6.616939067840576,6.496631145477295,6.496631145477295,13611
1997-05-15,0.5574040412902832,6.496631145477295,6.616939067840576,6.496631145477295,6.496631145477295,11949
1997-05-16,0.5574040412902832,6.496631145477295,6.616939067840576,6.496631145477295,6.496631145477295,14650
1997-05-19,0.5677264332771301,6.616939067840576,6.616939067840576,6.496631145477295,6.616939067840576,135382
1997-05-20,0.5677264332771301,6.616939067840576,6.616939067840576,6.496631145477295,6.616939067840576,15585
1997-05-21,0.5780487656593323,6.737246990203857,6.737246990203857,6.616939067840576,6.616939067840576,7169
1997-05-22,0.5677264332771301,6.616939067840576,6.737246990203857,6.616939067840576,6.616939067840576,12884
1997-05-23,0.5780487656593323,6.737246990203857,6.737246990203857,6.737246990203857,6.737246990203857,55586
1997-05-27,0.5883709192276001,6.857554912567139,6.857554912567139,6.737246990203857,6.857554912567139,35949
1997-05-28,0.5883709192276001,6.857554912567139,6.857554912567139,6.857554912567139,6.857554912567139,26183
1997-05-29,0.5883709192276001,6.857554912567139,6.857554912567139,6.857554912567139,6.857554912567139,5715
1997-05-30,0.5883709192276001,6.857554912567139,6.857554912567139,6.737246990203857,6.857554912567139,22546
1997-06-02,0.5883709192276001,6.857554912567139,6.97786283493042,6.857554912567139,6.857554912567139,8104
1997-06-03,0.5883709192276001,6.857554912567139,6.97786283493042,6.857554912567139,6.97786283493042,11949
1997-06-04,0.5883709192276001,6.857554912567139,6.97786283493042,6.857554912567139,6.857554912567139,21507
1997-06-05,0.5883709192276001,6.857554912567139,6.97786283493042,6.857554912567139,6.857554912567139,41872
1997-06-06,0.5883709192276001,6.857554912567139,6.97786283493042,6.857554912567139,6.857554912567139,7481
1997-06-09,0.6193378567695618,7.218479156494141,7.218479156494141,6.97786283493042,6.97786283493042,145044
1997-06-10,0.6193378567695618,7.218479156494141,7.459095001220703,7.218479156494141,7.218479156494141,115537
1997-06-11,0.6296603083610535,7.338787078857422,7.459095001220703,7.218479156494141,7.338787078857422,58288
1997-06-12,0.6296603083610535,7.338787078857422,7.579402923583984,7.338787078857422,7.459095001220703,44989
1997-06-13,0.6399825215339661,7.459095001220703,7.459095001220703,7.338787078857422,7.459095001220703,57976
1997-06-16,0.650304913520813,7.579402923583984,7.579402923583984,7.338787078857422,7.579402923583984,38859
1997-06-17,0.6193378567695618,7.218479156494141,7.579402923583984,7.218479156494141,7.579402923583984,109303
1997-06-18,0.6193378567695618,7.218479156494141,7.338787078857422,7.218479156494141,7.218479156494141,33040
1997-06-19,0.6296603083610535,7.338787078857422,7.459095001220703,7.338787078857422,7.338787078857422,39794
1997-06-20,0.6296603083610535,7.338787078857422,7.459095001220703,7.338787078857422,7.338787078857422,14858
1997-06-23,0.6193378567695618,7.218479156494141,7.338787078857422,7.218479156494141,7.338787078857422,39066
1997-06-24,0.6296603083610535,7.338787078857422,7.338787078857422,7.218479156494141,7.218479156494141,14130
1997-06-25,0.6193378567695618,7.218479156494141,7.338787078857422,7.218479156494141,7.338787078857422,13715
1997-06-26,0.6193378567695618,7.218479156494141,7.338787078857422,7.218479156494141,7.218479156494141,6338
1997-06-27,0.6193378567695618,7.218479156494141,7.338787078857422,7.218479156494141,7.338787078857422,33352
1997-06-30,0.6244990229606628,7.278633117675781,7.278633117675781,7.218479156494141,7.218479156494141,46755
1997-07-01,0.6193378567695618,7.218479156494141,7.278633117675781,7.218479156494141,7.218479156494141,16416
1997-07-02,0.6296603083610535,7.338787078857422,7.338787078857422,7.218479156494141,7.218479156494141,66392
1997-07-03,0.6399825215339661,7.459095001220703,7.459095001220703,7.338787078857422,7.338787078857422,17559
1997-07-07,0.650304913520813,7.579402923583984,7.579402923583984,7.459095001220703,7.459095001220703,17871
1997-07-08,0.6399825215339661,7.459095001220703,7.519248962402344,7.459095001220703,7.459095001220703,10806
1997-07-09,0.6399825215339661,7.459095001220703,7.519248962402344,7.459095001220703,7.459095001220703,18494
1997-07-10,0.6451436877250671,7.519248962402344,7.519248962402344,7.459095001220703,7.519248962402344,30027
1997-07-11,0.6399825215339661,7.459095001220703,7.519248962402344,7.459095001220703,7.519248962402344,14130
1997-07-14,0.6399825215339661,7.459095001220703,7.579402923583984,7.459095001220703,7.459095001220703,17351
1997-07-15,0.6451436877250671,7.519248962402344,7.519248962402344,7.459095001220703,7.459095001220703,8208
1997-07-16,0.6399825215339661,7.459095001220703,7.519248962402344,7.459095001220703,7.459095001220703,19429
1997-07-17,0.6399825215339661,7.459095001220703,7.519248962402344,7.459095001220703,7.459095001220703,29611
1997-07-18,0.6348214745521545,7.3989410400390625,7.519248962402344,7.3989410400390625,7.459095001220703,81146
1997-07-21,0.6296603083610535,7.338787078857422,7.459095001220703,7.338787078857422,7.3989410400390625,25144
1997-07-22,0.6348214745521545,7.3989410400390625,7.459095001220703,7.338787078857422,7.3989410400390625,30962
1997-07-23,0.6399825215339661,7.459095001220703,7.459095001220703,7.3989410400390625,7.3989410400390625,34287
1997-07-24,0.6348214745521545,7.3989410400390625,7.459095001220703,7.3989410400390625,7.3989410400390625,15793
1997-07-25,0.6348214745521545,7.3989410400390625,7.459095001220703,7.3989410400390625,7.3989410400390625,13611
1997-07-28,0.6348214745521545,7.3989410400390625,7.459095001220703,7.3989410400390625,7.459095001220703,35430
1997-07-29,0.6348214745521545,7.3989410400390625,7.459095001220703,7.3989410400390625,7.459095001220703,40521
1997-07-30,0.6451436877250671,7.519248962402344,7.519248962402344,7.3989410400390625,7.3989410400390625,25559
1997-07-31,0.6348214745521545,7.3989410400390625,7.519248962402344,7.3989410400390625,7.519248962402344,35222
1997-08-01,0.6348214745521545,7.3989410400390625,7.459095001220703,7.3989410400390625,7.459095001220703,17559
1997-08-04,0.6348214745521545,7.3989410400390625,7.459095001220703,7.3989410400390625,7.3989410400390625,37612
1997-08-05,0.6399825215339661,7.459095001220703,7.519248962402344,7.3989410400390625,7.3989410400390625,13923
1997-08-06,0.6451436877250671,7.519248962402344,7.519248962402344,7.459095001220703,7.459095001220703,40937
1997-08-07,0.6451436877250671,7.519248962402344,7.519248962402344,7.459095001220703,7.519248962402344,32625
1997-08-08,0.6348214745521545,7.3989410400390625,7.519248962402344,7.3989410400390625,7.519248962402344,66808
1997-08-11,0.6348214745521545,7.3989410400390625,7.459095001220703,7.338787078857422,7.459095001220703,30443
1997-08-12,0.6348214745521545,7.3989410400390625,7.459095001220703,7.338787078857422,7.3989410400390625,17559
1997-08-13,0.6296603083610535,7.338787078857422,7.3989410400390625,7.338787078857422,7.3989410400390625,59119
1997-08-14,0.6296603083610535,7.338787078857422,7.3989410400390625,7.338787078857422,7.338787078857422,53508
1997-08-15,0.6296603083610535,7.338787078857422,7.3989410400390625,7.278633117675781,7.338787078857422,60678
1997-08-18,0.6244990229606628,7.278633117675781,7.338787078857422,7.218479156494141,7.218479156494141,17871
1997-08-19,0.6348214745521545,7.3989410400390625,7.459095001220703,7.278633117675781,7.338787078857422,35534
1997-08-20,0.6399825215339661,7.459095001220703,7.459095001220703,7.3989410400390625,7.3989410400390625,39898
1997-08-21,0.6348214745521545,7.3989410400390625,7.519248962402344,7.3989410400390625,7.459095001220703,19429
1997-08-22,0.6348214745521545,7.3989410400390625,7.519248962402344,7.3989410400390625,7.3989410400390625,155331
1997-08-25,0.6399825215339661,7.459095001220703,7.519248962402344,7.3989410400390625,7.3989410400390625,15689
1997-08-26,0.6451436877250671,7.519248962402344,7.579402923583984,7.459095001220703,7.459095001220703,8624
1997-08-27,0.6399825215339661,7.459095001220703,7.579402923583984,7.459095001220703,7.459095001220703,12572
1997-08-28,0.6399825215339661,7.459095001220703,7.519248962402344,7.459095001220703,7.519248962402344,9351
1997-08-29,0.6399825215339661,7.459095001220703,7.519248962402344,7.459095001220703,7.459095001220703,2701
1997-09-02,0.6451436877250671,7.519248962402344,7.519248962402344,7.459095001220703,7.459095001220703,32625
1997-09-03,0.6451436877250671,7.519248962402344,7.519248962402344,7.459095001220703,7.519248962402344,4987
1997-09-04,0.6451436877250671,7.519248962402344,7.519248962402344,7.459095001220703,7.519248962402344,27741
1997-09-05,0.650304913520813,7.579402923583984,7.579402923583984,7.459095001220703,7.519248962402344,29508
1997-09-08,0.6554661989212036,7.639556884765625,7.699710845947266,7.579402923583984,7.579402923583984,12468
1997-09-09,0.6606273055076599,7.699710845947266,7.759864807128906,7.639556884765625,7.699710845947266,13819
1997-09-10,0.6657881736755371,7.759864807128906,7.820018768310547,7.699710845947266,7.759864807128906,13299
1997-09-11,0.6554661989212036,7.639556884765625,7.699710845947266,7.639556884765625,7.699710845947266,8208
1997-09-12,0.6554661989212036,7.639556884765625,7.699710845947266,7.579402923583984,7.579402923583984,14338
1997-09-15,0.6657881736755371,7.759864807128906,7.759864807128906,7.639556884765625,7.639556884765625,17351
1997-09-16,0.6761103868484497,7.880173206329346,7.880173206329346,7.699710845947266,7.699710845947266,19637
1997-09-17,0.6761103868484497,7.880173206329346,7.940327167510986,7.820018768310547,7.820018768310547,26287
1997-09-18,0.6812713146209717,7.940327167510986,7.940327167510986,7.820018768310547,7.820018768310547,15377
1997-09-19,0.6761103868484497,7.880173206329346,7.940327167510986,7.820018768310547,7.880173206329346,28261
1997-09-22,0.6761103868484497,7.880173206329346,7.940327167510986,7.880173206329346,7.880173206329346,6130
1997-09-23,0.6864328980445862,8.000480651855469,8.06063461303711,7.880173206329346,7.880173206329346,15689
1997-09-24,0.6812713146209717,7.940327167510986,8.000480651855469,7.940327167510986,8.000480651855469,8624
1997-09-25,0.6761103868484497,7.880173206329346,8.000480651855469,7.880173206329346,7.940327167510986,6857
1997-09-26,0.6761103868484497,7.880173206329346,8.000480651855469,7.880173206329346,7.940327167510986,12780
1997-09-29,0.6864328980445862,8.000480651855469,8.06063461303711,7.880173206329346,7.880173206329346,13715
1997-09-30,0.7070779800415039,8.241097450256348,8.241097450256348,7.940327167510986,8.000480651855469,11845
1997-10-01,0.6915940046310425,8.06063461303711,8.18094253540039,8.06063461303711,8.18094253540039,7065
1997-10-02,0.6967549920082092,8.12078857421875,8.18094253540039,8.06063461303711,8.06063461303711,19949
1997-10-03,0.7019163370132446,8.18094253540039,8.301251411437988,8.18094253540039,8.18094253540039,21507
1997-10-06,0.7070779800415039,8.241097450256348,8.241097450256348,8.18094253540039,8.241097450256348,4987
1997-10-07,0.712238609790802,8.301251411437988,8.361405372619629,8.18094253540039,8.18094253540039,7481
1997-10-08,0.7173996567726135,8.361405372619629,8.42155933380127,8.301251411437988,8.361405372619629,16208
1997-10-09,0.712238609790802,8.301251411437988,8.361405372619629,8.301251411437988,8.301251411437988,10806
1997-10-10,0.7173996567726135,8.361405372619629,8.42155933380127,8.301251411437988,8.301251411437988,8416
1997-10-13,0.7173996567726135,8.361405372619629,8.361405372619629,8.301251411437988,8.301251411437988,14754
1997-10-14,0.7070779800415039,8.241097450256348,8.361405372619629,8.18094253540039,8.241097450256348,27637
1997-10-15,0.7173996567726135,8.361405372619629,8.42155933380127,8.241097450256348,8.241097450256348,23170
1997-10-16,0.7328833937644958,8.54186725616455,8.54186725616455,8.241097450256348,8.301251411437988,29300
1997-10-17,0.7173996567726135,8.361405372619629,8.42155933380127,8.301251411437988,8.42155933380127,22235
1997-10-20,0.712238609790802,8.301251411437988,8.361405372619629,8.241097450256348,8.301251411437988,13195
1997-10-21,0.712238609790802,8.301251411437988,8.361405372619629,8.301251411437988,8.301251411437988,10390
1997-10-22,0.712238609790802,8.301251411437988,8.42155933380127,8.241097450256348,8.301251411437988,32001
1997-10-23,0.712238609790802,8.301251411437988,8.361405372619629,8.06063461303711,8.241097450256348,26806
1997-10-24,0.6915940046310425,8.06063461303711,8.301251411437988,8.06063461303711,8.301251411437988,7792
1997-10-27,0.6709490418434143,7.820018768310547,8.12078857421875,7.699710845947266,8.06063461303711,30650
1997-10-28,0.6709490418434143,7.820018768310547,7.940327167510986,7.519248962402344,7.639556884765625,37196
1997-10-29,0.6709490418434143,7.820018768310547,7.880173206329346,7.759864807128906,7.820018768310547,10182
1997-10-30,0.6606273055076599,7.699710845947266,7.759864807128906,7.579402923583984,7.579402923583984,10702
1997-10-31,0.6709490418434143,7.820018768310547,7.820018768310547,7.699710845947266,7.699710845947266,13507
1997-11-03,0.6864328980445862,8.000480651855469,8.06063461303711,7.820018768310547,7.820018768310547,7896
1997-11-04,0.6915940046310425,8.06063461303711,8.18094253540039,7.880173206329346,7.880173206329346,9767
1997-11-05,0.7019163370132446,8.18094253540039,8.18094253540039,8.000480651855469,8.12078857421875,2909
1997-11-06,0.6967549920082092,8.12078857421875,8.18094253540039,8.06063461303711,8.06063461303711,2909
1997-11-07,0.6864328980445862,8.000480651855469,8.06063461303711,8.000480651855469,8.06063461303711,1766
1997-11-10,0.6657881736755371,7.759864807128906,8.000480651855469,7.699710845947266,8.000480651855469,22027
1997-11-11,0.6812713146209717,7.940327167510986,7.940327167510986,7.820018768310547,7.820018768310547,5922
1997-11-12,0.6709490418434143,7.820018768310547,7.880173206329346,7.759864807128906,7.820018768310547,14234
1997-11-13,0.6657881736755371,7.759864807128906,7.940327167510986,7.759864807128906,7.820018768310547,3948
1997-11-14,0.6709490418434143,7.820018768310547,7.880173206329346,7.759864807128906,7.759864807128906,13819
1997-11-17,0.6812713146209717,7.940327167510986,8.06063461303711,7.880173206329346,7.940327167510986,15585
1997-11-18,0.6864328980445862,8.000480651855469,8.06063461303711,7.940327167510986,8.06063461303711,17351
1997-11-19,0.6812713146209717,7.940327167510986,8.12078857421875,7.940327167510986,8.000480651855469,11325
1997-11-20,0.6864328980445862,8.000480651855469,8.18094253540039,7.940327167510986,7.940327167510986,8624
1997-11-21,0.6915940046310425,8.06063461303711,8.18094253540039,8.000480651855469,8.000480651855469,10910
1997-11-24,0.6915940046310425,8.06063461303711,8.18094253540039,8.000480651855469,8.06063461303711,15169
1997-11-25,0.7019163370132446,8.18094253540039,8.241097450256348,8.12078857421875,8.12078857421875,26287
1997-11-26,0.7019163370132446,8.18094253540039,8.241097450256348,8.18094253540039,8.241097450256348,17663
1997-11-28,0.7070779800415039,8.241097450256348,8.241097450256348,8.18094253540039,8.18094253540039,1143
1997-12-01,0.712238609790802,8.301251411437988,8.361405372619629,8.18094253540039,8.18094253540039,32625
1997-12-02,0.712238609790802,8.301251411437988,8.42155933380127,8.241097450256348,8.241097450256348,16832
1997-12-03,0.7070779800415039,8.241097450256348,8.301251411437988,8.241097450256348,8.301251411437988,1351
1997-12-04,0.7070779800415039,8.241097450256348,8.361405372619629,8.241097450256348,8.361405372619629,16312
1997-12-05,0.712238609790802,8.301251411437988,8.361405372619629,8.241097450256348,8.241097450256348,17871
1997-12-08,0.7225609421730042,8.42155933380127,8.42155933380127,8.361405372619629,8.42155933380127,22858
1997-12-09,0.7173996567726135,8.361405372619629,8.361405372619629,8.301251411437988,8.361405372619629,10910
1997-12-10,0.7173996567726135,8.361405372619629,8.361405372619629,8.301251411437988,8.301251411437988,8728
1997-12-11,0.7019163370132446,8.18094253540039,8.301251411437988,8.12078857421875,8.301251411437988,33248
1997-12-12,0.7070779800415039,8.241097450256348,8.301251411437988,8.18094253540039,8.18094253540039,6650
1997-12-15,0.7162452936172485,7.519248962402344,7.579402923583984,7.459095001220703,7.519248962402344,30858
1997-12-16,0.7277056574821472,7.639556884765625,7.639556884765625,7.519248962402344,7.519248962402344,31274
1997-12-17,0.7391651272773743,7.759864807128906,7.820018768310547,7.639556884765625,7.699710845947266,9767
1997-12-18,0.7334352731704712,7.699710845947266,7.940327167510986,7.699710845947266,7.880173206329346,21300
1997-12-19,0.7448950409889221,7.820018768310547,7.820018768310547,7.639556884765625,7.639556884765625,9974
1997-12-22,0.7277056574821472,7.639556884765625,7.880173206329346,7.639556884765625,7.880173206329346,16001
1997-12-23,0.7391651272773743,7.759864807128906,7.759864807128906,7.699710845947266,7.759864807128906,12987
1997-12-24,0.7391651272773743,7.759864807128906,7.880173206329346,7.759864807128906,7.880173206329346,12676
1997-12-26,0.7448950409889221,7.820018768310547,7.940327167510986,7.759864807128906,7.940327167510986,22442
1997-12-29,0.7506250739097595,7.880173206329346,7.940327167510986,7.880173206329346,7.940327167510986,13819
1997-12-30,0.7678151726722717,8.06063461303711,8.06063461303711,7.880173206329346,7.880173206329346,34599
1997-12-31,0.8021945953369141,8.42155933380127,8.42155933380127,8.18094253540039,8.301251411437988,58080
1998-01-02,0.8021945953369141,8.42155933380127,8.42155933380127,8.18094253540039,8.301251411437988,51534
1998-01-05,0.7964649200439453,8.361405372619629,8.54186725616455,8.301251411437988,8.42155933380127,131434
1998-01-06,0.7964649200439453,8.361405372619629,8.42155933380127,8.301251411437988,8.301251411437988,45716
1998-01-07,0.8021945953369141,8.42155933380127,8.662175178527832,8.361405372619629,8.361405372619629,97147
1998-01-08,0.8021945953369141,8.42155933380127,8.48171329498291,8.361405372619629,8.361405372619629,35326
1998-01-09,0.7850052118301392,8.241097450256348,8.42155933380127,8.18094253540039,8.301251411437988,46755
1998-01-12,0.7792747020721436,8.18094253540039,8.361405372619629,8.06063461303711,8.18094253540039,37300
1998-01-13,0.8021945953369141,8.42155933380127,8.42155933380127,8.18094253540039,8.301251411437988,26287
1998-01-14,0.7964649200439453,8.361405372619629,8.42155933380127,8.361405372619629,8.42155933380127,4779
1998-01-15,0.8021945953369141,8.42155933380127,8.42155933380127,8.241097450256348,8.241097450256348,13195
1998-01-16,0.7907349467277527,8.301251411437988,8.42155933380127,8.301251411437988,8.301251411437988,5715
1998-01-20,0.7850052118301392,8.241097450256348,8.301251411437988,8.18094253540039,8.301251411437988,36573
1998-01-21,0.7792747020721436,8.18094253540039,8.301251411437988,8.18094253540039,8.241097450256348,22650
1998-01-22,0.7792747020721436,8.18094253540039,8.241097450256348,8.18094253540039,8.18094253540039,33560
1998-01-23,0.7792747020721436,8.18094253540039,8.241097450256348,8.12078857421875,8.241097450256348,8416
1998-01-26,0.7620850205421448,8.000480651855469,8.18094253540039,8.000480651855469,8.12078857421875,32728
1998-01-27,0.7850052118301392,8.241097450256348,8.241097450256348,8.000480651855469,8.000480651855469,28572
1998-01-28,0.7907349467277527,8.301251411437988,8.42155933380127,8.18094253540039,8.18094253540039,16416
1998-01-29,0.7964649200439453,8.361405372619629,8.42155933380127,8.241097450256348,8.301251411437988,6650
1998-01-30,0.7964649200439453,8.361405372619629,8.48171329498291,8.301251411437988,8.301251411437988,16728
1998-02-02,0.8021945953369141,8.42155933380127,8.48171329498291,8.361405372619629,8.42155933380127,18494
1998-02-03,0.8136550188064575,8.54186725616455,8.54186725616455,8.42155933380127,8.48171329498291,17663
1998-02-04,0.8079249858856201,8.48171329498291,8.54186725616455,8.42155933380127,8.42155933380127,2701
1998-02-05,0.8079249858856201,8.48171329498291,8.54186725616455,8.48171329498291,8.48171329498291,13715
1998-02-06,0.8079249858856201,8.48171329498291,8.54186725616455,8.48171329498291,8.48171329498291,4052
1998-02-09,0.8193849325180054,8.602021217346191,8.602021217346191,8.54186725616455,8.602021217346191,6857
1998-02-10,0.8308447003364563,8.722329139709473,8.722329139709473,8.54186725616455,8.54186725616455,16624
1998-02-11,0.8251146078109741,8.662175178527832,8.782483100891113,8.662175178527832,8.662175178527832,16936
1998-02-12,0.8308447003364563,8.722329139709473,8.782483100891113,8.662175178527832,8.722329139709473,13195
1998-02-13,0.8251146078109741,8.662175178527832,8.782483100891113,8.662175178527832,8.662175178527832,8832
1998-02-17,0.8308447003364563,8.722329139709473,9.143406867980957,8.722329139709473,8.722329139709473,46963
1998-02-18,0.8480342626571655,8.902791023254395,9.023098945617676,8.722329139709473,8.782483100891113,16104
1998-02-19,0.8308447003364563,8.722329139709473,8.902791023254395,8.662175178527832,8.902791023254395,13091
1998-02-20,0.8365744948387146,8.782483100891113,8.902791023254395,8.782483100891113,8.842637062072754,7169
1998-02-23,0.8365744948387146,8.782483100891113,8.902791023254395,8.782483100891113,8.902791023254395,15065
1998-02-24,0.8480342626571655,8.902791023254395,8.902791023254395,8.782483100891113,8.842637062072754,9767
1998-02-25,0.8423045873641968,8.842637062072754,8.902791023254395,8.842637062072754,8.902791023254395,45300
1998-02-26,0.8423045873641968,8.842637062072754,8.902791023254395,8.842637062072754,8.902791023254395,19014
1998-02-27,0.859494686126709,9.023098945617676,9.083252906799316,8.842637062072754,8.842637062072754,67847
1998-03-02,0.8824139833450317,9.263714790344238,9.263714790344238,8.962944984436035,9.083252906799316,24313
1998-03-03,0.8709545731544495,9.143406867980957,9.203560829162598,9.083252906799316,9.203560829162598,12260
1998-03-04,0.8423045873641968,8.842637062072754,9.203560829162598,8.842637062072754,9.143406867980957,18910
1998-03-05,0.8251146078109741,8.662175178527832,8.782483100891113,8.602021217346191,8.782483100891113,29300
1998-03-06,0.8537644147872925,8.962944984436035,9.023098945617676,8.842637062072754,8.842637062072754,12156
1998-03-09,0.8709545731544495,9.143406867980957,9.203560829162598,9.023098945617676,9.023098945617676,11429
1998-03-10,0.8652245402336121,9.083252906799316,9.203560829162598,9.083252906799316,9.203560829162598,8104
1998-03-11,0.8537644147872925,8.962944984436035,9.263714790344238,8.962944984436035,9.083252906799316,46963
1998-03-12,0.8652245402336121,9.083252906799316,9.083252906799316,8.962944984436035,9.083252906799316,27326
1998-03-13,0.8652245402336121,9.083252906799316,9.203560829162598,9.083252906799316,9.083252906799316,21715
1998-03-16,0.888144314289093,9.323868751525879,9.38402271270752,9.143406867980957,9.203560829162598,27326
1998-03-17,0.8824139833450317,9.263714790344238,9.38402271270752,9.263714790344238,9.38402271270752,5715
1998-03-18,0.888144314289093,9.323868751525879,9.38402271270752,9.263714790344238,9.263714790344238,6650
1998-03-19,0.9282541275024414,9.74494743347168,9.74494743347168,9.323868751525879,9.323868751525879,49353
1998-03-20,0.9282541275024414,9.74494743347168,9.865255355834961,9.74494743347168,9.80510139465332,26910
1998-03-23,0.9225239753723145,9.684793472290039,9.80510139465332,9.624638557434082,9.684793472290039,23481
1998-03-24,0.9339839816093445,9.80510139465332,9.985563278198242,9.80510139465332,9.80510139465332,18079
1998-03-25,0.9282541275024414,9.74494743347168,9.985563278198242,9.684793472290039,9.925409317016602,17559
1998-03-26,0.9282541275024414,9.74494743347168,9.74494743347168,9.624638557434082,9.684793472290039,3948
1998-03-27,0.9339839816093445,9.80510139465332,9.865255355834961,9.74494743347168,9.865255355834961,5507
1998-03-30,0.9339839816093445,9.80510139465332,9.925409317016602,9.74494743347168,9.80510139465332,12572
1998-03-31,0.9339839816093445,9.80510139465332,9.865255355834961,9.80510139465332,9.865255355834961,12884
1998-04-01,0.9740937352180481,10.226179122924805,10.226179122924805,9.80510139465332,9.80510139465332,16001
1998-04-02,0.9683637619018555,10.166025161743164,10.226179122924805,9.985563278198242,10.166025161743164,20780
1998-04-03,0.9683637619018555,10.166025161743164,10.226179122924805,10.045717239379883,10.105871200561523,9143
1998-04-06,0.9626338481903076,10.105871200561523,10.226179122924805,10.105871200561523,10.226179122924805,10494
1998-04-07,0.9569035768508911,10.045717239379883,10.226179122924805,9.985563278198242,10.166025161743164,4572
1998-04-08,0.9569035768508911,10.045717239379883,10.166025161743164,10.045717239379883,10.166025161743164,6753
1998-04-09,0.951174259185791,9.985563278198242,10.166025161743164,9.985563278198242,10.105871200561523,18494
1998-04-13,0.951174259185791,9.985563278198242,10.045717239379883,9.985563278198242,9.985563278198242,7585
1998-04-14,0.9569035768508911,10.045717239379883,10.105871200561523,9.985563278198242,9.985563278198242,12156
1998-04-15,0.9626338481903076,10.105871200561523,10.166025161743164,9.985563278198242,10.105871200561523,12052
1998-04-16,0.9683637619018555,10.166025161743164,10.226179122924805,10.105871200561523,10.166025161743164,6026
1998-04-17,0.9626338481903076,10.105871200561523,10.105871200561523,9.985563278198242,10.105871200561523,6234
1998-04-20,0.9626338481903076,10.105871200561523,10.166025161743164,10.045717239379883,10.105871200561523,8312
1998-04-21,0.951174259185791,9.985563278198242,10.166025161743164,9.985563278198242,10.105871200561523,7377
1998-04-22,0.9397137761116028,9.865255355834961,10.105871200561523,9.74494743347168,9.925409317016602,11117
1998-04-23,0.9225239753723145,9.684793472290039,9.985563278198242,9.624638557434082,9.925409317016602,25040
1998-04-24,0.9053341150283813,9.5043306350708,9.684793472290039,9.44417667388916,9.684793472290039,19533
1998-04-27,0.8709545731544495,9.143406867980957,9.38402271270752,9.143406867980957,9.38402271270752,13195
1998-04-28,0.8996039032936096,9.44417667388916,9.5043306350708,9.38402271270752,9.38402271270752,8624
1998-04-29,0.9110641479492188,9.564484596252441,9.564484596252441,9.38402271270752,9.44417667388916,15169
1998-04-30,0.9282541275024414,9.74494743347168,9.865255355834961,9.684793472290039,9.684793472290039,8832
1998-05-01,0.9167938232421875,9.624638557434082,9.74494743347168,9.5043306350708,9.684793472290039,9974
1998-05-04,0.9282541275024414,9.74494743347168,9.985563278198242,9.684793472290039,9.684793472290039,18286
1998-05-05,0.945443868637085,9.925409317016602,9.925409317016602,9.74494743347168,9.74494743347168,8832
1998-05-06,0.9339839816093445,9.80510139465332,10.045717239379883,9.80510139465332,9.865255355834961,18183
1998-05-07,0.9397137761116028,9.865255355834961,9.865255355834961,9.684793472290039,9.80510139465332,11117
1998-05-08,0.9225239753723145,9.684793472290039,9.80510139465332,9.624638557434082,9.624638557434082,12260
1998-05-11,0.9225239753723145,9.684793472290039,9.80510139465332,9.624638557434082,9.80510139465332,10286
1998-05-12,0.9167938232421875,9.624638557434082,9.74494743347168,9.564484596252441,9.74494743347168,13611
1998-05-13,0.9167938232421875,9.624638557434082,9.624638557434082,9.5043306350708,9.564484596252441,14546
1998-05-14,0.9110641479492188,9.564484596252441,9.624638557434082,9.38402271270752,9.5043306350708,8312
1998-05-15,0.9282541275024414,9.74494743347168,9.74494743347168,9.624638557434082,9.624638557434082,4676
1998-05-18,0.9167938232421875,9.624638557434082,9.74494743347168,9.624638557434082,9.684793472290039,13611
1998-05-19,0.9225239753723145,9.684793472290039,9.74494743347168,9.624638557434082,9.624638557434082,17455
1998-05-20,0.9282541275024414,9.74494743347168,9.80510139465332,9.624638557434082,9.624638557434082,4779
1998-05-21,0.9167938232421875,9.624638557434082,9.74494743347168,9.624638557434082,9.74494743347168,4779
1998-05-22,0.9053341150283813,9.5043306350708,9.624638557434082,9.44417667388916,9.624638557434082,7065
1998-05-26,0.9282541275024414,9.74494743347168,9.74494743347168,9.564484596252441,9.564484596252441,10598
1998-05-27,0.8766841292381287,9.203560829162598,9.624638557434082,9.083252906799316,9.624638557434082,25559
1998-05-28,0.8938745856285095,9.38402271270752,9.38402271270752,9.263714790344238,9.323868751525879,13507
1998-05-29,0.8824139833450317,9.263714790344238,9.38402271270752,9.263714790344238,9.38402271270752,2701
1998-06-01,0.8766841292381287,9.203560829162598,9.263714790344238,9.143406867980957,9.143406867980957,5195
1998-06-02,0.8652245402336121,9.083252906799316,9.203560829162598,8.782483100891113,9.143406867980957,47586
1998-06-03,0.8766841292381287,9.203560829162598,9.263714790344238,9.083252906799316,9.083252906799316,11845
1998-06-04,0.8709545731544495,9.143406867980957,9.263714790344238,9.143406867980957,9.263714790344238,52989
1998-06-05,0.8824139833450317,9.263714790344238,9.323868751525879,9.143406867980957,9.143406867980957,17975
1998-06-08,0.8938745856285095,9.38402271270752,9.44417667388916,9.203560829162598,9.263714790344238,14754
1998-06-09,0.9053341150283813,9.5043306350708,9.564484596252441,9.38402271270752,9.44417667388916,9767
1998-06-10,0.9110641479492188,9.564484596252441,9.624638557434082,9.5043306350708,9.5043306350708,11845
1998-06-11,0.9053341150283813,9.5043306350708,9.74494743347168,9.5043306350708,9.5043306350708,7169
1998-06-12,0.8938745856285095,9.38402271270752,9.5043306350708,9.38402271270752,9.5043306350708,5818
1998-06-15,0.8824139833450317,9.263714790344238,9.323868751525879,9.203560829162598,9.323868751525879,15585
1998-06-16,0.8709545731544495,9.143406867980957,9.263714790344238,9.143406867980957,9.263714790344238,11325
1998-06-17,0.8766841292381287,9.203560829162598,9.38402271270752,9.143406867980957,9.143406867980957,12260
1998-06-18,0.888144314289093,9.323868751525879,9.323868751525879,9.203560829162598,9.203560829162598,6753
1998-06-19,0.8652245402336121,9.083252906799316,9.203560829162598,9.083252906799316,9.203560829162598,14442
1998-06-22,0.8709545731544495,9.143406867980957,9.143406867980957,9.083252906799316,9.143406867980957,8208
1998-06-23,0.8824139833450317,9.263714790344238,9.263714790344238,9.083252906799316,9.143406867980957,12987
1998-06-24,0.9282541275024414,9.74494743347168,9.985563278198242,9.38402271270752,9.38402271270752,51223
1998-06-25,0.9282541275024414,9.74494743347168,9.80510139465332,9.684793472290039,9.74494743347168,6130
1998-06-26,0.9225239753723145,9.684793472290039,9.80510139465332,9.684793472290039,9.80510139465332,3117
1998-06-29,0.951174259185791,9.985563278198242,10.166025161743164,9.925409317016602,9.925409317016602,22754
1998-06-30,0.9282541275024414,9.74494743347168,10.105871200561523,9.74494743347168,10.105871200561523,6026
1998-07-01,0.9225239753723145,9.684793472290039,9.985563278198242,9.684793472290039,9.865255355834961,24105
1998-07-02,0.9397137761116028,9.865255355834961,9.925409317016602,9.74494743347168,9.80510139465332,31897
1998-07-06,0.9397137761116028,9.865255355834961,9.985563278198242,9.865255355834961,9.925409317016602,25559
1998-07-07,0.9569035768508911,10.045717239379883,10.045717239379883,9.865255355834961,9.925409317016602,13819
1998-07-08,0.9569035768508911,10.045717239379883,10.045717239379883,9.925409317016602,10.045717239379883,12260
1998-07-09,0.945443868637085,9.925409317016602,10.045717239379883,9.925409317016602,9.985563278198242,6442
1998-07-10,0.951174259185791,9.985563278198242,9.985563278198242,9.865255355834961,9.925409317016602,9455
1998-07-13,0.951174259185791,9.985563278198242,10.045717239379883,9.865255355834961,9.985563278198242,18390
1998-07-14,0.9626338481903076,10.105871200561523,10.166025161743164,9.985563278198242,10.045717239379883,20988
1998-07-15,0.9970135688781738,10.466794967651367,10.466794967651367,10.166025161743164,10.166025161743164,18390
1998-07-16,0.9798235297203064,10.286333084106445,10.406641006469727,10.226179122924805,10.406641006469727,10806
1998-07-17,0.9855539202690125,10.346487045288086,10.406641006469727,10.226179122924805,10.406641006469727,10182
1998-07-20,0.9855539202690125,10.346487045288086,10.406641006469727,10.286333084106445,10.346487045288086,6338
1998-07-21,0.9970135688781738,10.466794967651367,10.70741081237793,10.406641006469727,10.406641006469727,16832
1998-07-22,0.9912839531898499,10.406641006469727,10.587102890014648,10.346487045288086,10.587102890014648,43119
1998-07-23,0.9798235297203064,10.286333084106445,10.466794967651367,10.286333084106445,10.286333084106445,11845
1998-07-24,0.9740937352180481,10.226179122924805,10.587102890014648,10.226179122924805,10.346487045288086,10910
1998-07-27,0.9626338481903076,10.105871200561523,10.286333084106445,9.985563278198242,10.226179122924805,20364
1998-07-28,0.9740937352180481,10.226179122924805,10.346487045288086,10.105871200561523,10.226179122924805,16832
1998-07-29,0.9683637619018555,10.166025161743164,10.286333084106445,10.105871200561523,10.166025161743164,10182
1998-07-30,0.9740937352180481,10.226179122924805,10.226179122924805,10.105871200561523,10.166025161743164,12156
1998-07-31,0.9683637619018555,10.166025161743164,10.286333084106445,10.166025161743164,10.226179122924805,17559
1998-08-03,0.9683637619018555,10.166025161743164,10.286333084106445,10.166025161743164,10.286333084106445,10286
1998-08-04,0.9110641479492188,9.564484596252441,10.226179122924805,9.564484596252441,10.226179122924805,34391
1998-08-05,0.8709545731544495,9.143406867980957,9.684793472290039,9.023098945617676,9.564484596252441,24832
1998-08-06,0.8766841292381287,9.203560829162598,9.38402271270752,9.143406867980957,9.203560829162598,7792
1998-08-07,0.8824139833450317,9.263714790344238,9.5043306350708,9.263714790344238,9.323868751525879,10286
1998-08-10,0.8709545731544495,9.143406867980957,9.143406867980957,9.083252906799316,9.143406867980957,8935
1998-08-11,0.8251146078109741,8.662175178527832,9.083252906799316,8.662175178527832,9.083252906799316,10806
1998-08-12,0.859494686126709,9.023098945617676,9.023098945617676,8.782483100891113,8.782483100891113,19637
1998-08-13,0.859494686126709,9.023098945617676,9.143406867980957,8.902791023254395,8.902791023254395,9663
1998-08-14,0.8480342626571655,8.902791023254395,9.083252906799316,8.902791023254395,9.083252906799316,9974
1998-08-17,0.8537644147872925,8.962944984436035,9.083252906799316,8.782483100891113,8.782483100891113,13715
1998-08-18,0.8824139833450317,9.263714790344238,9.263714790344238,9.023098945617676,9.023098945617676,15169
1998-08-19,0.8938745856285095,9.38402271270752,9.38402271270752,9.143406867980957,9.263714790344238,11117
1998-08-20,0.8766841292381287,9.203560829162598,9.38402271270752,9.203560829162598,9.38402271270752,8416
1998-08-21,0.8365744948387146,8.782483100891113,9.263714790344238,8.662175178527832,9.263714790344238,23793
1998-08-24,0.8480342626571655,8.902791023254395,8.962944984436035,8.902791023254395,8.902791023254395,2701
1998-08-25,0.859494686126709,9.023098945617676,9.143406867980957,9.023098945617676,9.023098945617676,9663
1998-08-26,0.8480342626571655,8.902791023254395,9.023098945617676,8.842637062072754,8.842637062072754,6338
1998-08-27,0.8308447003364563,8.722329139709473,8.722329139709473,8.54186725616455,8.662175178527832,29404
1998-08-28,0.8251146078109741,8.662175178527832,8.842637062072754,8.662175178527832,8.842637062072754,18494
1998-08-31,0.7563549280166626,7.940327167510986,8.662175178527832,7.880173206329346,8.662175178527832,45820
1998-09-01,0.7850052118301392,8.241097450256348,8.301251411437988,7.940327167510986,7.940327167510986,22442
1998-09-02,0.7964649200439453,8.361405372619629,8.361405372619629,8.241097450256348,8.241097450256348,9663
1998-09-03,0.7792747020721436,8.18094253540039,8.361405372619629,8.06063461303711,8.361405372619629,11845
1998-09-04,0.7850052118301392,8.241097450256348,8.301251411437988,8.12078857421875,8.12078857421875,10702
1998-09-08,0.8079249858856201,8.48171329498291,8.602021217346191,8.301251411437988,8.361405372619629,21196
1998-09-09,0.7907349467277527,8.301251411437988,8.361405372619629,8.241097450256348,8.361405372619629,18702
1998-09-10,0.7334352731704712,7.699710845947266,8.18094253540039,7.699710845947266,8.18094253540039,27430
1998-09-11,0.7563549280166626,7.940327167510986,8.06063461303711,7.759864807128906,7.759864807128906,4052
1998-09-14,0.7850052118301392,8.241097450256348,8.241097450256348,7.940327167510986,7.940327167510986,18390
1998-09-15,0.7964649200439453,8.361405372619629,8.361405372619629,8.12078857421875,8.241097450256348,5299
1998-09-16,0.8023644685745239,8.18094253540039,8.241097450256348,8.12078857421875,8.241097450256348,9974
1998-09-17,0.8023644685745239,8.18094253540039,8.301251411437988,7.820018768310547,8.06063461303711,15065
1998-09-18,0.8023644685745239,8.18094253540039,8.18094253540039,8.18094253540039,8.18094253540039,1766
1998-09-21,0.8023644685745239,8.18094253540039,8.241097450256348,8.18094253540039,8.18094253540039,6650
1998-09-22,0.796464741230011,8.12078857421875,8.18094253540039,8.12078857421875,8.18094253540039,7792
1998-09-23,0.8141643404960632,8.301251411437988,8.301251411437988,8.18094253540039,8.18094253540039,15377
1998-09-24,0.8200640678405762,8.361405372619629,8.42155933380127,8.361405372619629,8.42155933380127,3117
1998-09-25,0.8141643404960632,8.301251411437988,8.48171329498291,8.241097450256348,8.48171329498291,17247
1998-09-28,0.8259639143943787,8.42155933380127,8.54186725616455,8.241097450256348,8.241097450256348,47690
1998-09-29,0.8377633094787598,8.54186725616455,8.782483100891113,8.54186725616455,8.54186725616455,48314
1998-09-30,0.8259639143943787,8.42155933380127,8.42155933380127,8.361405372619629,8.42155933380127,58807
1998-10-01,0.8023644685745239,8.18094253540039,8.241097450256348,8.18094253540039,8.18094253540039,5922
1998-10-02,0.8141643404960632,8.301251411437988,8.301251411437988,8.12078857421875,8.12078857421875,15169
1998-10-05,0.796464741230011,8.12078857421875,8.301251411437988,8.06063461303711,8.301251411437988,11949
1998-10-06,0.796464741230011,8.12078857421875,8.18094253540039,8.000480651855469,8.06063461303711,5818
1998-10-07,0.7846651077270508,8.000480651855469,8.12078857421875,8.000480651855469,8.12078857421875,23481
1998-10-08,0.766965925693512,7.820018768310547,8.000480651855469,7.820018768310547,8.000480651855469,11741
1998-10-09,0.7728659510612488,7.880173206329346,7.880173206329346,7.759864807128906,7.759864807128906,10390
1998-10-12,0.7787656784057617,7.940327167510986,7.940327167510986,7.880173206329346,7.880173206329346,8416
1998-10-13,0.7551670074462891,7.699710845947266,7.940327167510986,7.699710845947266,7.880173206329346,21923
1998-10-14,0.7551670074462891,7.699710845947266,7.880173206329346,7.699710845947266,7.699710845947266,10598
1998-10-15,0.7787656784057617,7.940327167510986,7.940327167510986,7.759864807128906,7.759864807128906,21611
1998-10-16,0.796464741230011,8.12078857421875,8.241097450256348,8.000480651855469,8.18094253540039,19637
1998-10-19,0.796464741230011,8.12078857421875,8.12078857421875,8.000480651855469,8.06063461303711,5299
1998-10-20,0.8023644685745239,8.18094253540039,8.241097450256348,8.12078857421875,8.241097450256348,14026
1998-10-21,0.796464741230011,8.12078857421875,8.301251411437988,8.06063461303711,8.18094253540039,11117
1998-10-22,0.8141643404960632,8.301251411437988,8.361405372619629,8.18094253540039,8.18094253540039,6650
1998-10-23,0.8200640678405762,8.361405372619629,8.48171329498291,8.361405372619629,8.42155933380127,3221
1998-10-26,0.8377633094787598,8.54186725616455,8.54186725616455,8.301251411437988,8.48171329498291,18598
1998-10-27,0.8554624915122986,8.722329139709473,8.842637062072754,8.54186725616455,8.54186725616455,21300
1998-10-28,0.8495622873306274,8.662175178527832,8.782483100891113,8.662175178527832,8.722329139709473,2494
1998-10-29,0.861362099647522,8.782483100891113,8.782483100891113,8.662175178527832,8.662175178527832,6130
1998-10-30,0.8672615885734558,8.842637062072754,8.902791023254395,8.782483100891113,8.782483100891113,6338
1998-11-02,0.8967603445053101,9.143406867980957,9.263714790344238,8.902791023254395,8.902791023254395,14338
1998-11-03,0.9026604890823364,9.203560829162598,9.263714790344238,9.143406867980957,9.263714790344238,10286
1998-11-04,0.9026604890823364,9.203560829162598,9.263714790344238,9.143406867980957,9.263714790344238,8624
1998-11-05,0.9026604890823364,9.203560829162598,9.203560829162598,9.023098945617676,9.203560829162598,26910
1998-11-06,0.9085595011711121,9.263714790344238,9.263714790344238,9.203560829162598,9.263714790344238,7585
1998-11-09,0.8908607363700867,9.083252906799316,9.203560829162598,9.023098945617676,9.143406867980957,7169
1998-11-10,0.8849610090255737,9.023098945617676,9.143406867980957,8.902791023254395,9.143406867980957,10494
1998-11-11,0.9026604890823364,9.203560829162598,9.263714790344238,9.083252906799316,9.083252906799316,9559
1998-11-12,0.8967603445053101,9.143406867980957,9.143406867980957,9.083252906799316,9.083252906799316,4468
1998-11-13,0.8790611624717712,8.962944984436035,9.143406867980957,8.962944984436035,9.083252906799316,4987
1998-11-16,0.8849610090255737,9.023098945617676,9.143406867980957,9.023098945617676,9.083252906799316,13091
1998-11-17,0.8908607363700867,9.083252906799316,9.143406867980957,8.962944984436035,9.023098945617676,8000
1998-11-18,0.9026604890823364,9.203560829162598,9.203560829162598,9.023098945617676,9.023098945617676,4676
1998-11-19,0.9026604890823364,9.203560829162598,9.263714790344238,9.143406867980957,9.143406867980957,5195
1998-11-20,0.9085595011711121,9.263714790344238,9.263714790344238,9.203560829162598,9.263714790344238,10910
1998-11-23,0.9380586743354797,9.564484596252441,9.564484596252441,9.263714790344238,9.323868751525879,17144
1998-11-24,0.9557578563690186,9.74494743347168,9.80510139465332,9.5043306350708,9.5043306350708,38755
1998-11-25,0.9439582228660583,9.624638557434082,9.684793472290039,9.624638557434082,9.684793472290039,10286
1998-11-27,0.9439582228660583,9.624638557434082,9.74494743347168,9.564484596252441,9.564484596252441,7481
1998-11-30,0.9439582228660583,9.624638557434082,9.865255355834961,9.624638557434082,9.624638557434082,11637
1998-12-01,0.9380586743354797,9.564484596252441,9.564484596252441,9.5043306350708,9.564484596252441,6857
1998-12-02,0.9380586743354797,9.564484596252441,9.624638557434082,9.5043306350708,9.624638557434082,8208
1998-12-03,0.9852563738822937,10.045717239379883,10.045717239379883,9.44417667388916,9.5043306350708,14962
1998-12-04,0.9734570980072021,9.925409317016602,10.045717239379883,9.74494743347168,9.985563278198242,19325
1998-12-07,0.9793566465377808,9.985563278198242,10.045717239379883,9.925409317016602,9.925409317016602,8728
1998-12-08,0.9734570980072021,9.925409317016602,10.045717239379883,9.925409317016602,9.985563278198242,3013
1998-12-09,0.9852563738822937,10.045717239379883,10.045717239379883,9.925409317016602,9.985563278198242,20572
1998-12-10,0.9675576090812683,9.865255355834961,10.045717239379883,9.865255355834961,9.985563278198242,13403
1998-12-11,0.9675576090812683,9.865255355834961,9.985563278198242,9.74494743347168,9.80510139465332,18806
1998-12-14,0.9557578563690186,9.74494743347168,9.80510139465332,9.74494743347168,9.74494743347168,9247
1998-12-15,0.9482711553573608,9.143406867980957,9.203560829162598,9.143406867980957,9.143406867980957,11845
1998-12-16,0.9482711553573608,9.143406867980957,9.203560829162598,9.023098945617676,9.203560829162598,8312
1998-12-17,0.9420327544212341,9.083252906799316,9.203560829162598,9.083252906799316,9.143406867980957,2909
1998-12-18,0.9482711553573608,9.143406867980957,9.143406867980957,8.902791023254395,9.023098945617676,17455
1998-12-21,0.9607489705085754,9.263714790344238,9.5043306350708,9.143406867980957,9.203560829162598,16624
1998-12-22,0.998180627822876,9.624638557434082,9.624638557434082,9.323868751525879,9.38402271270752,14962
1998-12-23,0.9857032299041748,9.5043306350708,9.624638557434082,9.5043306350708,9.5043306350708,2598
1998-12-24,1.0293735265731812,9.925409317016602,10.045717239379883,9.564484596252441,9.564484596252441,25040
1998-12-28,1.0543285608291626,10.166025161743164,10.346487045288086,10.045717239379883,10.045717239379883,35014
1998-12-29,1.0730443000793457,10.346487045288086,10.466794967651367,10.226179122924805,10.226179122924805,75639
1998-12-30,1.0792829990386963,10.406641006469727,10.406641006469727,10.346487045288086,10.346487045288086,2598
1998-12-31,1.0917600393295288,10.526948928833008,10.526948928833008,10.346487045288086,10.346487045288086,72626
1999-01-04,1.1104758977890015,10.70741081237793,10.827718734741211,10.406641006469727,10.406641006469727,53093
1999-01-05,1.0855214595794678,10.466794967651367,10.587102890014648,10.346487045288086,10.466794967651367,18910
1999-01-06,1.1042370796203613,10.647256851196289,10.827718734741211,10.526948928833008,10.526948928833008,50807
1999-01-07,1.0792829990386963,10.406641006469727,10.466794967651367,10.105871200561523,10.466794967651367,41560
1999-01-08,1.0917600393295288,10.526948928833008,10.70741081237793,10.526948928833008,10.526948928833008,12052
1999-01-11,1.0917600393295288,10.526948928833008,10.587102890014648,10.406641006469727,10.466794967651367,23066
1999-01-12,1.0792829990386963,10.406641006469727,10.526948928833008,10.406641006469727,10.526948928833008,14858
1999-01-13,1.060566782951355,10.226179122924805,10.346487045288086,10.045717239379883,10.286333084106445,33352
1999-01-14,1.0480897426605225,10.105871200561523,10.346487045288086,10.105871200561523,10.286333084106445,11429
1999-01-15,1.0730443000793457,10.346487045288086,10.406641006469727,10.226179122924805,10.226179122924805,10910
1999-01-19,1.0917600393295288,10.526948928833008,10.887872695922852,10.346487045288086,10.346487045288086,25248
1999-01-20,1.141668677330017,11.008180618286133,11.128488540649414,10.70741081237793,10.70741081237793,17144
1999-01-21,1.1291916370391846,10.887872695922852,11.188643455505371,10.887872695922852,10.887872695922852,27741
1999-01-22,1.1104758977890015,10.70741081237793,10.887872695922852,10.647256851196289,10.827718734741211,10598
1999-01-25,1.1104758977890015,10.70741081237793,10.827718734741211,10.526948928833008,10.76756477355957,28780
1999-01-26,1.1354305744171143,10.948026657104492,10.948026657104492,10.70741081237793,10.827718734741211,8104
1999-01-27,1.1541461944580078,11.128488540649414,11.188643455505371,10.887872695922852,10.887872695922852,38547
1999-01-28,1.160385012626648,11.188643455505371,11.248797416687012,10.76756477355957,10.76756477355957,27533
1999-01-29,1.1853395700454712,11.429259300231934,11.489413261413574,11.188643455505371,11.188643455505371,16416
1999-02-01,1.2227712869644165,11.790183067321777,11.910490989685059,11.549567222595215,11.549567222595215,19325
1999-02-02,1.1978164911270142,11.549567222595215,11.910490989685059,11.549567222595215,11.790183067321777,15377
1999-02-03,1.1978164911270142,11.549567222595215,11.669875144958496,11.549567222595215,11.549567222595215,14650
1999-02-04,1.1853395700454712,11.429259300231934,11.669875144958496,11.429259300231934,11.669875144958496,17040
1999-02-05,1.1915786266326904,11.489413261413574,11.549567222595215,11.429259300231934,11.549567222595215,2494
1999-02-08,1.166623592376709,11.248797416687012,11.549567222595215,11.188643455505371,11.429259300231934,6650
1999-02-09,1.141668677330017,11.008180618286133,11.188643455505371,11.008180618286133,11.008180618286133,20780
1999-02-10,1.160385012626648,11.188643455505371,11.188643455505371,10.948026657104492,11.068334579467773,14026
1999-02-11,1.17286217212677,11.308951377868652,11.429259300231934,11.188643455505371,11.188643455505371,5507
1999-02-12,1.1291916370391846,10.887872695922852,11.429259300231934,10.70741081237793,11.369105339050293,26287
1999-02-16,1.1291916370391846,10.887872695922852,11.008180618286133,10.827718734741211,10.948026657104492,25455
1999-02-17,1.1167142391204834,10.76756477355957,10.887872695922852,10.587102890014648,10.70741081237793,18079
1999-02-18,1.1229530572891235,10.827718734741211,10.827718734741211,10.76756477355957,10.76756477355957,9767
1999-02-19,1.1291916370391846,10.887872695922852,10.887872695922852,10.76756477355957,10.76756477355957,7377
1999-02-22,1.1479077339172363,11.068334579467773,11.068334579467773,10.827718734741211,10.827718734741211,7377
1999-02-23,1.141668677330017,11.008180618286133,11.188643455505371,11.008180618286133,11.128488540649414,17559
1999-02-24,1.1541461944580078,11.128488540649414,11.369105339050293,11.068334579467773,11.068334579467773,29923
1999-02-25,1.1541461944580078,11.128488540649414,11.188643455505371,11.008180618286133,11.128488540649414,7896
1999-02-26,1.166623592376709,11.248797416687012,11.308951377868652,10.948026657104492,11.008180618286133,12676
1999-03-01,1.1541461944580078,11.128488540649414,11.248797416687012,11.068334579467773,11.248797416687012,12676
1999-03-02,1.1479077339172363,11.068334579467773,11.128488540649414,11.068334579467773,11.128488540649414,4987
1999-03-03,1.1479077339172363,11.068334579467773,11.188643455505371,11.068334579467773,11.068334579467773,10078
1999-03-04,1.1541461944580078,11.128488540649414,11.188643455505371,11.068334579467773,11.128488540649414,5403
1999-03-05,1.1853395700454712,11.429259300231934,11.429259300231934,11.188643455505371,11.188643455505371,10598
1999-03-08,1.1915786266326904,11.489413261413574,11.489413261413574,11.369105339050293,11.429259300231934,21611
1999-03-09,1.1853395700454712,11.429259300231934,11.549567222595215,11.369105339050293,11.549567222595215,14650
1999-03-10,1.2165327072143555,11.730029106140137,11.730029106140137,11.369105339050293,11.369105339050293,6753
1999-03-11,1.1978164911270142,11.549567222595215,11.730029106140137,11.489413261413574,11.609721183776855,18910
1999-03-12,1.1853395700454712,11.429259300231934,11.609721183776855,11.429259300231934,11.609721183776855,12468
1999-03-15,1.1853395700454712,11.429259300231934,11.669875144958496,11.429259300231934,11.549567222595215,19014
1999-03-16,1.1853395700454712,11.429259300231934,11.609721183776855,11.429259300231934,11.609721183776855,5507
1999-03-17,1.1791008710861206,11.369105339050293,11.489413261413574,11.369105339050293,11.429259300231934,4364
1999-03-18,1.1915786266326904,11.489413261413574,11.549567222595215,11.429259300231934,11.429259300231934,11429
1999-03-19,1.1978164911270142,11.549567222595215,11.669875144958496,11.549567222595215,11.669875144958496,17351
1999-03-22,1.1978164911270142,11.549567222595215,11.669875144958496,11.489413261413574,11.669875144958496,11325
1999-03-23,1.166623592376709,11.248797416687012,11.549567222595215,11.248797416687012,11.549567222595215,8312
1999-03-24,1.17286217212677,11.308951377868652,11.429259300231934,11.248797416687012,11.248797416687012,6857
1999-03-25,1.1791008710861206,11.369105339050293,11.549567222595215,11.248797416687012,11.308951377868652,24832
1999-03-26,1.1791008710861206,11.369105339050293,11.369105339050293,11.188643455505371,11.308951377868652,9455
1999-03-29,1.2040551900863647,11.609721183776855,11.609721183776855,11.429259300231934,11.429259300231934,13403
1999-03-30,1.1791008710861206,11.369105339050293,11.549567222595215,11.308951377868652,11.549567222595215,5507
1999-03-31,1.1853395700454712,11.429259300231934,11.489413261413574,11.429259300231934,11.429259300231934,12156
1999-04-01,1.17286217212677,11.308951377868652,11.489413261413574,11.308951377868652,11.429259300231934,10078
1999-04-05,1.2102938890457153,11.669875144958496,11.669875144958496,11.429259300231934,11.429259300231934,7377
1999-04-06,1.2102938890457153,11.669875144958496,11.790183067321777,11.549567222595215,11.549567222595215,29611
1999-04-07,1.2165327072143555,11.730029106140137,11.910490989685059,11.669875144958496,11.669875144958496,17767
1999-04-08,1.2539644241333008,12.09095287322998,12.151106834411621,11.790183067321777,11.790183067321777,18390
1999-04-09,1.2851582765579224,12.391722679138184,12.451876640319824,12.09095287322998,12.09095287322998,23170
1999-04-12,1.2976349592208862,12.512030601501465,12.512030601501465,12.09095287322998,12.331568717956543,23897
1999-04-13,1.3163502216339111,12.692493438720703,12.812801361083984,12.632338523864746,12.632338523864746,25767
1999-04-14,1.3350671529769897,12.872955322265625,12.993263244628906,12.812801361083984,12.812801361083984,11949
1999-04-15,1.2851582765579224,12.391722679138184,13.053417205810547,12.391722679138184,12.993263244628906,25455
1999-04-16,1.3350671529769897,12.872955322265625,12.933109283447266,12.391722679138184,12.512030601501465,19637
1999-04-19,1.2726800441741943,12.271414756774902,13.053417205810547,12.271414756774902,12.993263244628906,32936
1999-04-20,1.2539644241333008,12.09095287322998,12.391722679138184,12.09095287322998,12.391722679138184,9351
1999-04-21,1.2976349592208862,12.512030601501465,12.632338523864746,12.09095287322998,12.09095287322998,13091
1999-04-22,1.3101117610931396,12.632338523864746,13.053417205810547,12.451876640319824,13.053417205810547,21403
1999-04-23,1.3413054943084717,12.933109283447266,13.053417205810547,12.872955322265625,12.993263244628906,12156
1999-04-26,1.384975790977478,13.35418701171875,13.35418701171875,12.993263244628906,13.113571166992188,17767
1999-04-27,1.447361707687378,13.955726623535156,14.076034545898438,13.474494934082031,13.654956817626953,25767
1999-04-28,1.3974528312683105,13.474494934082031,14.076034545898438,13.474494934082031,13.955726623535156,23274
1999-04-29,1.391214370727539,13.41434097290039,13.594802856445312,13.41434097290039,13.534648895263672,12572
1999-04-30,1.391214370727539,13.41434097290039,13.594802856445312,13.41434097290039,13.534648895263672,12780
1999-05-03,1.3662598133087158,13.173725128173828,13.35418701171875,13.173725128173828,13.35418701171875,5922
1999-05-04,1.3662598133087158,13.173725128173828,13.41434097290039,13.173725128173828,13.29403305053711,6130
1999-05-05,1.347543478012085,12.993263244628906,13.233879089355469,12.993263244628906,13.113571166992188,5091
1999-05-06,1.353781819343567,13.053417205810547,13.173725128173828,12.993263244628906,12.993263244628906,3636
1999-05-07,1.391214370727539,13.41434097290039,13.594802856445312,13.173725128173828,13.474494934082031,13195
1999-05-10,1.391214370727539,13.41434097290039,13.474494934082031,13.233879089355469,13.474494934082031,19741
1999-05-11,1.384975790977478,13.35418701171875,13.474494934082031,13.233879089355469,13.35418701171875,11429
1999-05-12,1.384975790977478,13.35418701171875,13.474494934082031,13.113571166992188,13.474494934082031,28988
1999-05-13,1.4099304676055908,13.594802856445312,13.594802856445312,13.474494934082031,13.474494934082031,27430
1999-05-14,1.384975790977478,13.35418701171875,13.474494934082031,13.35418701171875,13.474494934082031,12780
1999-05-17,1.3974528312683105,13.474494934082031,13.534648895263672,13.173725128173828,13.35418701171875,12676
1999-05-18,1.3974528312683105,13.474494934082031,13.474494934082031,13.233879089355469,13.474494934082031,5922
1999-05-19,1.3974528312683105,13.474494934082031,13.594802856445312,13.35418701171875,13.35418701171875,8520
1999-05-20,1.4348843097686768,13.835418701171875,13.895572662353516,13.474494934082031,13.534648895263672,18598
1999-05-21,1.4411232471466064,13.895572662353516,13.955726623535156,13.835418701171875,13.895572662353516,9143
1999-05-24,1.4224073886871338,13.715110778808594,13.955726623535156,13.715110778808594,13.955726623535156,22131
1999-05-25,1.4099304676055908,13.594802856445312,13.835418701171875,13.594802856445312,13.715110778808594,22858
1999-05-26,1.384975790977478,13.35418701171875,13.715110778808594,13.35418701171875,13.715110778808594,10390
1999-05-27,1.3600214719772339,13.113571166992188,13.474494934082031,13.113571166992188,13.35418701171875,17767
1999-05-28,1.3600214719772339,13.113571166992188,13.233879089355469,12.872955322265625,12.993263244628906,9455
1999-06-01,1.3413054943084717,12.933109283447266,13.113571166992188,12.812801361083984,13.113571166992188,12052
1999-06-02,1.3350671529769897,12.872955322265625,12.993263244628906,12.872955322265625,12.993263244628906,3636
1999-06-03,1.353781819343567,13.053417205810547,13.053417205810547,12.933109283447266,12.933109283447266,3429
1999-06-04,1.3662598133087158,13.173725128173828,13.233879089355469,12.993263244628906,12.993263244628906,4260
1999-06-07,1.3974528312683105,13.474494934082031,13.534648895263672,13.41434097290039,13.41434097290039,18910
1999-06-08,1.384975790977478,13.35418701171875,13.534648895263672,13.173725128173828,13.534648895263672,10494
1999-06-09,1.372498631477356,13.233879089355469,13.474494934082031,13.173725128173828,13.474494934082031,13611
1999-06-10,1.3662598133087158,13.173725128173828,13.35418701171875,13.173725128173828,13.35418701171875,5507
1999-06-11,1.378737211227417,13.29403305053711,13.474494934082031,13.113571166992188,13.29403305053711,12260
1999-06-14,1.3974528312683105,13.474494934082031,13.594802856445312,13.29403305053711,13.41434097290039,10494
1999-06-15,1.378737211227417,13.29403305053711,13.594802856445312,13.29403305053711,13.35418701171875,9871
1999-06-16,1.4036914110183716,13.534648895263672,13.715110778808594,13.474494934082031,13.715110778808594,21819
1999-06-17,1.4286460876464844,13.775264739990234,13.775264739990234,13.534648895263672,13.775264739990234,7792
1999-06-18,1.447361707687378,13.955726623535156,13.955726623535156,13.474494934082031,13.715110778808594,15793
1999-06-21,1.4099304676055908,13.594802856445312,14.076034545898438,13.594802856445312,13.955726623535156,9143
1999-06-22,1.4286460876464844,13.775264739990234,13.835418701171875,13.715110778808594,13.715110778808594,7065
1999-06-23,1.4036914110183716,13.534648895263672,13.895572662353516,13.474494934082031,13.895572662353516,17559
1999-06-24,1.4099304676055908,13.594802856445312,14.076034545898438,13.594802856445312,13.654956817626953,11013
1999-06-25,1.4785552024841309,14.256497383117676,14.67757511138916,13.715110778808594,13.715110778808594,16624
1999-06-28,1.453600525856018,14.015880584716797,14.316651344299316,13.955726623535156,14.316651344299316,12156
1999-06-29,1.4847933053970337,14.316651344299316,14.376805305480957,14.015880584716797,14.076034545898438,16312
1999-06-30,1.497271180152893,14.436959266662598,14.436959266662598,14.076034545898438,14.316651344299316,7169
1999-07-01,1.4910324811935425,14.376805305480957,14.436959266662598,14.196343421936035,14.436959266662598,10806
1999-07-02,1.497271180152893,14.436959266662598,14.436959266662598,14.316651344299316,14.376805305480957,7065
1999-07-06,1.4910324811935425,14.376805305480957,14.436959266662598,14.316651344299316,14.436959266662598,10598
1999-07-07,1.4847933053970337,14.316651344299316,14.436959266662598,14.316651344299316,14.436959266662598,8728
1999-07-08,1.497271180152893,14.436959266662598,14.436959266662598,14.256497383117676,14.376805305480957,3013
1999-07-09,1.497271180152893,14.436959266662598,14.436959266662598,14.376805305480957,14.436959266662598,7065
1999-07-12,1.453600525856018,14.015880584716797,14.436959266662598,14.015880584716797,14.436959266662598,40313
1999-07-13,1.4598392248153687,14.076034545898438,14.076034545898438,13.835418701171875,14.015880584716797,34703
1999-07-14,1.4847933053970337,14.316651344299316,14.316651344299316,14.196343421936035,14.316651344299316,12156
1999-07-15,1.4847933053970337,14.316651344299316,14.376805305480957,14.196343421936035,14.376805305480957,7896
1999-07-16,1.497271180152893,14.436959266662598,14.497113227844238,14.316651344299316,14.316651344299316,22339
1999-07-19,1.528464436531067,14.7377290725708,14.858036994934082,14.557267189025879,14.557267189025879,24832
1999-07-20,1.4723162651062012,14.196343421936035,14.7377290725708,14.196343421936035,14.7377290725708,11429
1999-07-21,1.497271180152893,14.436959266662598,14.497113227844238,14.376805305480957,14.497113227844238,9351
1999-07-22,1.4847933053970337,14.316651344299316,14.497113227844238,14.316651344299316,14.436959266662598,14754
1999-07-23,1.4723162651062012,14.196343421936035,14.376805305480957,14.196343421936035,14.256497383117676,2390
1999-07-26,1.453600525856018,14.015880584716797,14.136189460754395,14.015880584716797,14.136189460754395,8624
1999-07-27,1.4723162651062012,14.196343421936035,14.376805305480957,14.196343421936035,14.376805305480957,5818
1999-07-28,1.4910324811935425,14.376805305480957,14.376805305480957,14.196343421936035,14.196343421936035,8728
1999-07-29,1.453600525856018,14.015880584716797,14.256497383117676,14.015880584716797,14.256497383117676,11325
1999-07-30,1.4348843097686768,13.835418701171875,14.256497383117676,13.835418701171875,14.136189460754395,20572
1999-08-02,1.4411232471466064,13.895572662353516,14.015880584716797,13.895572662353516,13.895572662353516,12260
1999-08-03,1.4099304676055908,13.594802856445312,14.076034545898438,13.474494934082031,14.015880584716797,28572
1999-08-04,1.4348843097686768,13.835418701171875,13.895572662353516,13.594802856445312,13.594802856445312,20988
1999-08-05,1.4224073886871338,13.715110778808594,13.835418701171875,13.474494934082031,13.835418701171875,16416
1999-08-06,1.4036914110183716,13.534648895263672,13.715110778808594,13.35418701171875,13.534648895263672,7689
1999-08-09,1.378737211227417,13.29403305053711,13.715110778808594,13.29403305053711,13.594802856445312,9455
1999-08-10,1.372498631477356,13.233879089355469,13.35418701171875,13.113571166992188,13.29403305053711,21819
1999-08-11,1.372498631477356,13.233879089355469,13.41434097290039,13.173725128173828,13.233879089355469,7377
1999-08-12,1.3600214719772339,13.113571166992188,13.41434097290039,13.113571166992188,13.233879089355469,8416
1999-08-13,1.4099304676055908,13.594802856445312,13.654956817626953,13.29403305053711,13.29403305053711,4779
1999-08-16,1.3974528312683105,13.474494934082031,13.654956817626953,13.35418701171875,13.474494934082031,8624
1999-08-17,1.4099304676055908,13.594802856445312,13.654956817626953,13.474494934082031,13.474494934082031,23066
1999-08-18,1.4161683320999146,13.654956817626953,13.654956817626953,13.594802856445312,13.594802856445312,3740
1999-08-19,1.391214370727539,13.41434097290039,13.534648895263672,13.41434097290039,13.534648895263672,2078
1999-08-20,1.391214370727539,13.41434097290039,13.534648895263672,13.053417205810547,13.474494934082031,17767
1999-08-23,1.3974528312683105,13.474494934082031,13.594802856445312,13.29403305053711,13.534648895263672,17871
1999-08-24,1.4036914110183716,13.534648895263672,13.594802856445312,13.474494934082031,13.474494934082031,7377
1999-08-25,1.4099304676055908,13.594802856445312,13.594802856445312,13.474494934082031,13.474494934082031,3533
1999-08-26,1.384975790977478,13.35418701171875,13.594802856445312,13.29403305053711,13.594802856445312,16728
1999-08-27,1.391214370727539,13.41434097290039,13.654956817626953,13.41434097290039,13.594802856445312,10494
1999-08-30,1.384975790977478,13.35418701171875,13.534648895263672,13.35418701171875,13.534648895263672,16520
1999-08-31,1.391214370727539,13.41434097290039,13.41434097290039,13.233879089355469,13.29403305053711,9143
1999-09-01,1.4036914110183716,13.534648895263672,13.534648895263672,13.35418701171875,13.474494934082031,9351
1999-09-02,1.372498631477356,13.233879089355469,13.41434097290039,13.233879089355469,13.41434097290039,2390
1999-09-03,1.4036914110183716,13.534648895263672,13.654956817626953,13.41434097290039,13.41434097290039,8728
1999-09-07,1.4161683320999146,13.654956817626953,13.715110778808594,13.534648895263672,13.534648895263672,11117
1999-09-08,1.4224073886871338,13.715110778808594,13.835418701171875,13.715110778808594,13.715110778808594,20364
1999-09-09,1.447361707687378,13.955726623535156,14.015880584716797,13.654956817626953,13.715110778808594,16728
1999-09-10,1.453600525856018,14.015880584716797,14.076034545898438,13.955726623535156,14.076034545898438,4779
1999-09-13,1.4598392248153687,14.076034545898438,14.136189460754395,13.955726623535156,14.015880584716797,10598
1999-09-14,1.447361707687378,13.955726623535156,14.076034545898438,13.955726623535156,14.015880584716797,9974
1999-09-15,1.4538233280181885,13.534648895263672,13.955726623535156,13.534648895263672,13.955726623535156,9455
1999-09-16,1.4409006834030151,13.41434097290039,13.654956817626953,13.29403305053711,13.654956817626953,7481
1999-09-17,1.447361946105957,13.474494934082031,13.594802856445312,13.474494934082031,13.534648895263672,4156
1999-09-20,1.4732078313827515,13.715110778808594,13.715110778808594,13.474494934082031,13.594802856445312,3948
1999-09-21,1.4667457342147827,13.654956817626953,13.835418701171875,13.594802856445312,13.594802856445312,13715
1999-09-22,1.4861302375793457,13.835418701171875,13.895572662353516,13.654956817626953,13.835418701171875,9351
1999-09-23,1.4602851867675781,13.594802856445312,13.895572662353516,13.594802856445312,13.594802856445312,10598
1999-09-24,1.447361946105957,13.474494934082031,13.835418701171875,13.474494934082031,13.534648895263672,14546
1999-09-27,1.4732078313827515,13.715110778808594,13.775264739990234,13.594802856445312,13.594802856445312,13819
1999-09-28,1.4861302375793457,13.835418701171875,13.895572662353516,13.775264739990234,13.895572662353516,19533
1999-09-29,1.4861302375793457,13.835418701171875,13.895572662353516,13.775264739990234,13.775264739990234,13195
1999-09-30,1.4990531206130981,13.955726623535156,14.015880584716797,13.835418701171875,13.835418701171875,6546
1999-10-01,1.5119764804840088,14.076034545898438,14.196343421936035,13.895572662353516,13.895572662353516,26806
1999-10-04,1.5507452487945557,14.436959266662598,14.436959266662598,14.316651344299316,14.316651344299316,24832
1999-10-05,1.5507452487945557,14.436959266662598,14.557267189025879,14.376805305480957,14.436959266662598,16936
1999-10-06,1.576590895652771,14.67757511138916,14.797883033752441,14.557267189025879,14.557267189025879,7585
1999-10-07,1.634743571281433,15.218960762023926,15.218960762023926,14.797883033752441,14.918190956115723,21923
1999-10-08,1.634743571281433,15.218960762023926,15.399422645568848,15.158806800842285,15.158806800842285,22027
1999-10-11,1.6282825469970703,15.158806800842285,15.339268684387207,15.158806800842285,15.339268684387207,25248
1999-10-12,1.634743571281433,15.218960762023926,15.640037536621094,14.978344917297363,15.640037536621094,24624
1999-10-13,1.641204833984375,15.279114723205566,15.399422645568848,14.978344917297363,14.978344917297363,42080
1999-10-14,1.6282825469970703,15.158806800842285,15.279114723205566,15.158806800842285,15.158806800842285,18286
1999-10-15,1.5572060346603394,14.497113227844238,14.918190956115723,14.316651344299316,14.918190956115723,25871
1999-10-18,1.537821650505066,14.316651344299316,14.797883033752441,14.196343421936035,14.67757511138916,16416
1999-10-19,1.5442836284637451,14.376805305480957,14.436959266662598,14.316651344299316,14.436959266662598,5507
1999-10-20,1.6153600215911865,15.038498878479004,15.038498878479004,14.497113227844238,14.797883033752441,17144
1999-10-21,1.5701298713684082,14.61742115020752,14.918190956115723,14.557267189025879,14.918190956115723,6546
1999-10-22,1.6218204498291016,15.098652839660645,15.158806800842285,14.67757511138916,14.858036994934082,10806
1999-10-25,1.6153600215911865,15.038498878479004,15.218960762023926,15.038498878479004,15.218960762023926,3533
1999-10-26,1.5959749221801758,14.858036994934082,15.038498878479004,14.858036994934082,15.038498878479004,4883
1999-10-27,1.6282825469970703,15.158806800842285,15.158806800842285,14.858036994934082,14.858036994934082,10182
1999-10-28,1.6476666927337646,15.339268684387207,15.339268684387207,15.218960762023926,15.279114723205566,7481
1999-10-29,1.654128074645996,15.399422645568848,15.519730567932129,15.279114723205566,15.339268684387207,14130
1999-11-01,1.6993577480316162,15.820500373840332,16.000961303710938,15.640037536621094,15.760346412658691,12468
1999-11-02,1.7187426090240479,16.000961303710938,16.482194900512695,15.880654335021973,16.061115264892578,9351
1999-11-03,1.7575104236602783,16.36188507080078,16.662656784057617,16.12126922607422,16.30173110961914,18702
1999-11-04,1.796280026435852,16.722810745239258,16.84311866760254,16.602502822875977,16.602502822875977,15273
1999-11-05,1.8608944416046143,17.324350357055664,17.444658279418945,16.84311866760254,16.84311866760254,14754
1999-11-08,1.82212495803833,16.96342658996582,17.444658279418945,16.602502822875977,17.204042434692383,24520
1999-11-09,1.7898178100585938,16.662656784057617,17.0837345123291,16.662656784057617,16.84311866760254,17767
1999-11-10,1.796280026435852,16.722810745239258,16.84311866760254,16.422040939331055,16.422040939331055,19637
1999-11-11,1.8092024326324463,16.84311866760254,16.84311866760254,16.722810745239258,16.7829647064209,5715
1999-11-12,1.802741289138794,16.7829647064209,16.84311866760254,16.602502822875977,16.7829647064209,13715
1999-11-15,1.8092024326324463,16.84311866760254,16.84311866760254,16.602502822875977,16.7829647064209,14442
1999-11-16,1.796280026435852,16.722810745239258,16.84311866760254,16.722810745239258,16.7829647064209,21403
1999-11-17,1.7898178100585938,16.662656784057617,16.84311866760254,16.662656784057617,16.7829647064209,14546
1999-11-18,1.78335702419281,16.602502822875977,16.7829647064209,16.36188507080078,16.7829647064209,8728
1999-11-19,1.8092024326324463,16.84311866760254,16.84311866760254,16.602502822875977,16.722810745239258,22754
1999-11-22,1.8608944416046143,17.324350357055664,17.324350357055664,17.204042434692383,17.324350357055664,6442
1999-11-23,1.8673549890518188,17.384504318237305,17.564966201782227,17.324350357055664,17.444658279418945,18806
1999-11-24,1.886739730834961,17.564966201782227,17.74542808532715,17.324350357055664,17.384504318237305,13195
1999-11-26,1.9125847816467285,17.80558204650879,17.80558204650879,17.444658279418945,17.685274124145508,6546
1999-11-29,1.9255084991455078,17.92588996887207,18.04619789123535,17.80558204650879,18.04619789123535,13195
1999-11-30,1.9448916912078857,18.106351852416992,18.467275619506836,17.86573600769043,18.166505813598633,12260
1999-12-01,1.899661898612976,17.685274124145508,18.166505813598633,17.444658279418945,18.166505813598633,7377
1999-12-02,1.8608944416046143,17.324350357055664,17.685274124145508,17.324350357055664,17.564966201782227,14130
1999-12-03,1.9513535499572754,18.166505813598633,18.286813735961914,17.564966201782227,17.564966201782227,16832
1999-12-06,1.9448916912078857,18.106351852416992,18.587583541870117,18.106351852416992,18.226659774780273,18079
1999-12-07,1.9255084991455078,17.92588996887207,18.226659774780273,17.92588996887207,18.226659774780273,7065
1999-12-08,1.9642763137817383,18.286813735961914,18.587583541870117,17.80558204650879,18.407121658325195,23066
1999-12-09,1.99012291431427,18.527429580688477,18.647737503051758,18.166505813598633,18.407121658325195,19014
1999-12-10,2.0159685611724854,18.76804542541504,19.0086612701416,18.467275619506836,18.647737503051758,13611
1999-12-13,1.99012291431427,18.527429580688477,19.0086612701416,18.286813735961914,19.0086612701416,18494
1999-12-14,1.9642763137817383,18.286813735961914,18.527429580688477,18.286813735961914,18.527429580688477,36885
1999-12-15,2.025506019592285,15.760346412658691,16.2415771484375,15.158806800842285,15.339268684387207,35014
1999-12-16,1.9868507385253906,15.459576606750488,16.000961303710938,15.399422645568848,15.880654335021973,17559
1999-12-17,2.1028146743774414,16.36188507080078,16.602502822875977,15.519730567932129,15.640037536621094,17455
1999-12-20,1.9868507385253906,15.459576606750488,16.18142318725586,14.436959266662598,15.940808296203613,88315
1999-12-21,2.110546350479126,16.422040939331055,16.84311866760254,16.000961303710938,16.84311866760254,57768
1999-12-22,2.1028146743774414,16.36188507080078,16.602502822875977,16.2415771484375,16.482194900512695,26391
1999-12-23,2.1492016315460205,16.722810745239258,16.722810745239258,16.36188507080078,16.36188507080078,46339
1999-12-27,2.226510763168335,17.324350357055664,17.564966201782227,17.143888473510742,17.564966201782227,166136
1999-12-28,2.272895097732544,17.685274124145508,18.286813735961914,17.685274124145508,18.286813735961914,104835
1999-12-29,2.2806267738342285,17.74542808532715,17.92588996887207,17.504812240600586,17.504812240600586,28261
1999-12-30,2.2883570194244385,17.80558204650879,18.04619789123535,17.685274124145508,17.80558204650879,37300
1999-12-31,2.319282054901123,18.04619789123535,18.166505813598633,17.80558204650879,17.80558204650879,10078
2000-01-03,2.3502047061920166,18.286813735961914,18.76804542541504,18.106351852416992,18.286813735961914,20364
2000-01-04,2.2110483646392822,17.204042434692383,18.226659774780273,17.0837345123291,18.226659774780273,33144
2000-01-05,2.2187788486480713,17.264196395874023,17.564966201782227,17.0837345123291,17.324350357055664,19637
2000-01-06,2.1414694786071777,16.662656784057617,17.324350357055664,16.662656784057617,17.204042434692383,80107
2000-01-07,2.1646628379821777,16.84311866760254,16.96342658996582,16.662656784057617,16.662656784057617,18390
2000-01-10,2.3038198947906494,17.92588996887207,18.286813735961914,17.02358055114746,17.02358055114746,57041
2000-01-11,2.319282054901123,18.04619789123535,18.286813735961914,17.625120162963867,18.106351852416992,82808
2000-01-12,2.334743022918701,18.166505813598633,18.286813735961914,17.98604393005371,18.04619789123535,23378
2000-01-13,2.3656673431396484,18.407121658325195,18.407121658325195,17.685274124145508,17.92588996887207,101510
2000-01-14,2.4043221473693848,18.7078914642334,19.0086612701416,18.407121658325195,18.407121658325195,56522
2000-01-18,2.334743022918701,18.166505813598633,19.0086612701416,17.80558204650879,18.94850730895996,90705
2000-01-19,2.3733978271484375,18.467275619506836,18.467275619506836,18.166505813598633,18.166505813598633,58496
2000-01-20,2.3502047061920166,18.286813735961914,18.527429580688477,17.92588996887207,18.467275619506836,22546
2000-01-21,2.3656673431396484,18.407121658325195,18.407121658325195,18.166505813598633,18.166505813598633,28365
2000-01-24,2.3656673431396484,18.407121658325195,18.76804542541504,18.286813735961914,18.407121658325195,55483
2000-01-25,2.3965914249420166,18.647737503051758,18.647737503051758,18.166505813598633,18.166505813598633,8208
2000-01-26,2.319282054901123,18.04619789123535,18.527429580688477,18.04619789123535,18.407121658325195,11117
2000-01-27,2.3115499019622803,17.98604393005371,18.286813735961914,17.92588996887207,18.286813735961914,7065
2000-01-28,2.272895097732544,17.685274124145508,17.92588996887207,17.444658279418945,17.92588996887207,10182
2000-01-31,2.2187788486480713,17.264196395874023,17.98604393005371,17.143888473510742,17.92588996887207,14338
2000-02-01,2.2574338912963867,17.564966201782227,17.92588996887207,17.324350357055664,17.504812240600586,22131
2000-02-02,2.226510763168335,17.324350357055664,17.625120162963867,17.204042434692383,17.625120162963867,22339
2000-02-03,2.226510763168335,17.324350357055664,17.685274124145508,17.324350357055664,17.625120162963867,14026
2000-02-04,2.226510763168335,17.324350357055664,17.685274124145508,17.0837345123291,17.324350357055664,25871
2000-02-07,2.241971969604492,17.444658279418945,17.625120162963867,17.444658279418945,17.444658279418945,15377
2000-02-08,2.265165090560913,17.625120162963867,18.04619789123535,17.504812240600586,18.04619789123535,49976
2000-02-09,2.272895097732544,17.685274124145508,18.04619789123535,17.625120162963867,17.685274124145508,16312
2000-02-10,2.2883570194244385,17.80558204650879,18.04619789123535,17.444658279418945,17.444658279418945,17040
2000-02-11,2.265165090560913,17.625120162963867,18.166505813598633,17.564966201782227,17.86573600769043,17040
2000-02-14,2.272895097732544,17.685274124145508,18.106351852416992,17.625120162963867,18.106351852416992,11949
2000-02-15,2.265165090560913,17.625120162963867,17.86573600769043,17.444658279418945,17.86573600769043,16936
2000-02-16,2.2574338912963867,17.564966201782227,18.04619789123535,17.564966201782227,17.564966201782227,7377
2000-02-17,2.2497031688690186,17.504812240600586,17.74542808532715,17.444658279418945,17.685274124145508,5922
2000-02-18,2.195586919784546,17.0837345123291,17.685274124145508,17.0837345123291,17.685274124145508,18079
2000-02-22,2.180124282836914,16.96342658996582,17.324350357055664,16.482194900512695,17.0837345123291,15585
2000-02-23,2.203317403793335,17.143888473510742,17.264196395874023,16.84311866760254,17.204042434692383,13403
2000-02-24,2.172393560409546,16.90327262878418,17.384504318237305,16.84311866760254,17.384504318237305,15897
2000-02-25,2.226510763168335,17.324350357055664,17.504812240600586,16.96342658996582,16.96342658996582,22131
2000-02-28,2.226510763168335,17.324350357055664,17.444658279418945,17.0837345123291,17.444658279418945,10494
2000-02-29,2.2110483646392822,17.204042434692383,17.444658279418945,17.0837345123291,17.324350357055664,10078
2000-03-01,2.203317403793335,17.143888473510742,17.264196395874023,16.7829647064209,17.264196395874023,27533
2000-03-02,2.195586919784546,17.0837345123291,17.204042434692383,16.84311866760254,17.02358055114746,18390
2000-03-03,2.2110483646392822,17.204042434692383,17.324350357055664,16.96342658996582,17.0837345123291,16104
2000-03-06,2.2110483646392822,17.204042434692383,17.324350357055664,17.02358055114746,17.324350357055664,18183
2000-03-07,2.1646628379821777,16.84311866760254,17.324350357055664,16.84311866760254,17.324350357055664,20053
2000-03-08,2.1492016315460205,16.722810745239258,16.7829647064209,16.482194900512695,16.7829647064209,14754
2000-03-09,2.172393560409546,16.90327262878418,17.264196395874023,16.602502822875977,16.722810745239258,24001
2000-03-10,2.1337392330169678,16.602502822875977,16.96342658996582,16.36188507080078,16.7829647064209,27741
2000-03-13,2.0100436210632324,15.640037536621094,16.36188507080078,15.339268684387207,16.36188507080078,34599
2000-03-14,2.042224168777466,15.880654335021973,16.12126922607422,15.459576606750488,15.519730567932129,53716
2000-03-15,2.0112810134887695,15.640037536621094,16.12126922607422,15.57988452911377,15.880654335021973,16001
2000-03-16,2.042224168777466,15.880654335021973,16.000961303710938,15.70019245147705,15.70019245147705,17559
2000-03-17,2.0499606132507324,15.940808296203613,16.2415771484375,15.880654335021973,16.000961303710938,21092
2000-03-20,2.042224168777466,15.880654335021973,16.18142318725586,15.880654335021973,16.061115264892578,18598
2000-03-21,2.0499606132507324,15.940808296203613,16.12126922607422,15.820500373840332,15.880654335021973,19637
2000-03-22,2.073166847229004,16.12126922607422,16.2415771484375,15.880654335021973,16.12126922607422,14026
2000-03-23,2.096374034881592,16.30173110961914,16.722810745239258,16.000961303710938,16.30173110961914,23274
2000-03-24,2.1195812225341797,16.482194900512695,16.722810745239258,16.36188507080078,16.422040939331055,12468
2000-03-27,2.1582605838775635,16.7829647064209,17.02358055114746,16.602502822875977,16.722810745239258,11533
2000-03-28,2.1892030239105225,17.02358055114746,17.02358055114746,16.7829647064209,16.84311866760254,22442
2000-03-29,2.22788143157959,17.324350357055664,17.324350357055664,16.84311866760254,17.264196395874023,11117
2000-03-30,2.181466817855835,16.96342658996582,17.564966201782227,16.722810745239258,17.324350357055664,16416
2000-03-31,2.181466817855835,16.96342658996582,17.0837345123291,16.662656784057617,16.84311866760254,9143
2000-04-03,2.181466817855835,16.96342658996582,17.685274124145508,16.90327262878418,16.96342658996582,14338
2000-04-04,2.1118459701538086,16.422040939331055,16.96342658996582,16.18142318725586,16.722810745239258,19222
2000-04-05,2.080902099609375,16.18142318725586,16.2415771484375,16.12126922607422,16.12126922607422,7689
2000-04-06,2.1118459701538086,16.422040939331055,16.422040939331055,16.12126922607422,16.30173110961914,9559
2000-04-07,2.1350529193878174,16.602502822875977,16.90327262878418,16.12126922607422,16.12126922607422,14234
2000-04-10,2.181466817855835,16.96342658996582,17.204042434692383,16.722810745239258,16.84311866760254,5299
2000-04-11,2.1195812225341797,16.482194900512695,16.722810745239258,16.422040939331055,16.722810745239258,8000
2000-04-12,2.1118459701538086,16.422040939331055,16.542348861694336,16.18142318725586,16.482194900512695,7689
2000-04-13,2.0654311180114746,16.061115264892578,16.36188507080078,16.061115264892578,16.18142318725586,7792
2000-04-14,1.9726037979125977,15.339268684387207,15.940808296203613,15.158806800842285,15.880654335021973,31378
2000-04-17,1.8875110149383545,14.67757511138916,15.098652839660645,14.436959266662598,15.098652839660645,16936
2000-04-18,1.949396014213562,15.158806800842285,15.158806800842285,14.67757511138916,14.858036994934082,13923
2000-04-19,1.8875110149383545,14.67757511138916,15.218960762023926,14.67757511138916,15.158806800842285,10910
2000-04-20,1.9339247941970825,15.038498878479004,15.038498878479004,14.497113227844238,14.858036994934082,12364
2000-04-24,1.9029812812805176,14.797883033752441,15.218960762023926,14.67757511138916,15.158806800842285,6026
2000-04-25,1.8952468633651733,14.7377290725708,15.038498878479004,14.436959266662598,14.436959266662598,9871
2000-04-26,1.8875110149383545,14.67757511138916,15.038498878479004,14.67757511138916,14.67757511138916,7169
2000-04-27,1.8875110149383545,14.67757511138916,14.918190956115723,14.557267189025879,14.7377290725708,3948
2000-04-28,1.9029812812805176,14.797883033752441,14.978344917297363,14.7377290725708,14.918190956115723,6026
2000-05-01,1.9339247941970825,15.038498878479004,15.158806800842285,14.918190956115723,15.038498878479004,11013
2000-05-02,1.918453335762024,14.918190956115723,15.158806800842285,14.918190956115723,15.158806800842285,6650
2000-05-03,1.84109628200531,14.316651344299316,14.978344917297363,14.316651344299316,14.978344917297363,28676
2000-05-04,1.8875110149383545,14.67757511138916,14.918190956115723,14.557267189025879,14.918190956115723,6961
2000-05-05,1.8952468633651733,14.7377290725708,14.918190956115723,14.557267189025879,14.557267189025879,5091
2000-05-08,1.8875110149383545,14.67757511138916,14.858036994934082,14.61742115020752,14.797883033752441,3325
2000-05-09,1.8797754049301147,14.61742115020752,14.918190956115723,14.557267189025879,14.918190956115723,12364
2000-05-10,1.848832368850708,14.376805305480957,14.557267189025879,14.015880584716797,14.557267189025879,7169
2000-05-11,1.8178894519805908,14.136189460754395,14.196343421936035,14.136189460754395,14.136189460754395,5818
2000-05-12,1.84109628200531,14.316651344299316,14.316651344299316,14.076034545898438,14.136189460754395,7896
2000-05-15,1.8256254196166992,14.196343421936035,14.436959266662598,14.076034545898438,14.196343421936035,11117
2000-05-16,1.8797754049301147,14.61742115020752,14.67757511138916,14.436959266662598,14.436959266662598,3636
2000-05-17,1.84109628200531,14.316651344299316,14.436959266662598,14.316651344299316,14.436959266662598,5818
2000-05-18,1.848832368850708,14.376805305480957,14.61742115020752,14.376805305480957,14.376805305480957,11741
2000-05-19,1.8256254196166992,14.196343421936035,14.256497383117676,14.196343421936035,14.256497383117676,8416
2000-05-22,1.7173259258270264,13.35418701171875,14.196343421936035,12.752647399902344,14.136189460754395,18079
2000-05-23,1.7250611782073975,13.41434097290039,13.715110778808594,13.35418701171875,13.474494934082031,17351
2000-05-24,1.7637391090393066,13.715110778808594,13.955726623535156,13.474494934082031,13.594802856445312,9351
2000-05-25,1.7482682466506958,13.594802856445312,13.835418701171875,13.474494934082031,13.594802856445312,9455
2000-05-26,1.756003499031067,13.654956817626953,13.715110778808594,13.474494934082031,13.715110778808594,7792
2000-05-30,1.7869462966918945,13.895572662353516,13.895572662353516,13.534648895263672,13.534648895263672,13611
2000-05-31,1.7637391090393066,13.715110778808594,13.955726623535156,13.654956817626953,13.654956817626953,5715
2000-06-01,1.7869462966918945,13.895572662353516,13.955726623535156,13.654956817626953,13.835418701171875,18390
2000-06-02,1.8875110149383545,14.67757511138916,14.7377290725708,14.196343421936035,14.196343421936035,16104
2000-06-05,1.918453335762024,14.918190956115723,14.918190956115723,14.497113227844238,14.7377290725708,6442
2000-06-06,1.918453335762024,14.918190956115723,15.098652839660645,14.797883033752441,14.797883033752441,6546
2000-06-07,1.9261894226074219,14.978344917297363,15.098652839660645,14.67757511138916,15.098652839660645,11429
2000-06-08,1.8797754049301147,14.61742115020752,14.797883033752441,14.557267189025879,14.7377290725708,4676
2000-06-09,1.8797754049301147,14.61742115020752,14.797883033752441,14.61742115020752,14.67757511138916,9663
2000-06-12,1.8643031120300293,14.497113227844238,14.7377290725708,14.316651344299316,14.61742115020752,23689
2000-06-13,1.8875110149383545,14.67757511138916,14.67757511138916,14.196343421936035,14.497113227844238,10598
2000-06-14,1.8875110149383545,14.67757511138916,14.918190956115723,14.557267189025879,14.67757511138916,40521
2000-06-15,1.8468950986862183,13.895572662353516,14.196343421936035,13.775264739990234,13.955726623535156,37612
2000-06-16,1.8708806037902832,14.076034545898438,14.136189460754395,13.955726623535156,13.955726623535156,7896
2000-06-19,1.88687002658844,14.196343421936035,14.196343421936035,14.015880584716797,14.136189460754395,22027
2000-06-20,1.8548901081085205,13.955726623535156,14.196343421936035,13.955726623535156,14.196343421936035,22235
2000-06-21,1.8229092359542847,13.715110778808594,13.955726623535156,13.715110778808594,13.955726623535156,37404
2000-06-22,1.7909280061721802,13.474494934082031,13.775264739990234,13.474494934082031,13.775264739990234,34807
2000-06-23,1.7989237308502197,13.534648895263672,13.654956817626953,13.41434097290039,13.594802856445312,28261
2000-06-26,1.8069190979003906,13.594802856445312,13.654956817626953,13.474494934082031,13.594802856445312,36885
2000-06-27,1.7909280061721802,13.474494934082031,13.594802856445312,13.35418701171875,13.594802856445312,18494
2000-06-28,1.7829333543777466,13.41434097290039,13.534648895263672,13.35418701171875,13.474494934082031,52781
2000-06-29,1.7829333543777466,13.41434097290039,13.474494934082031,13.29403305053711,13.474494934082031,40313
2000-06-30,1.7589473724365234,13.233879089355469,13.35418701171875,13.113571166992188,13.29403305053711,42599
2000-07-03,1.7749383449554443,13.35418701171875,13.35418701171875,13.233879089355469,13.233879089355469,14754
2000-07-05,1.7669422626495361,13.29403305053711,13.41434097290039,13.233879089355469,13.35418701171875,59327
2000-07-06,1.7669422626495361,13.29403305053711,13.35418701171875,13.233879089355469,13.35418701171875,46963
2000-07-07,1.7909280061721802,13.474494934082031,13.474494934082031,13.35418701171875,13.35418701171875,48106
2000-07-10,1.7829333543777466,13.41434097290039,13.594802856445312,13.35418701171875,13.594802856445312,40937
2000-07-11,1.7909280061721802,13.474494934082031,13.474494934082031,13.35418701171875,13.35418701171875,49145
2000-07-12,1.8149138689041138,13.654956817626953,13.715110778808594,13.474494934082031,13.534648895263672,73042
2000-07-13,1.8309032917022705,13.775264739990234,13.835418701171875,13.594802856445312,13.715110778808594,31274
2000-07-14,1.8388997316360474,13.835418701171875,13.895572662353516,13.775264739990234,13.895572662353516,31066
2000-07-17,1.8388997316360474,13.835418701171875,14.015880584716797,13.715110778808594,13.955726623535156,81250
2000-07-18,1.7909280061721802,13.474494934082031,13.895572662353516,13.474494934082031,13.895572662353516,60781
2000-07-19,1.7909280061721802,13.474494934082031,13.534648895263672,13.35418701171875,13.474494934082031,62859
2000-07-20,1.8229092359542847,13.715110778808594,13.835418701171875,13.474494934082031,13.474494934082031,89042
2000-07-21,1.8309032917022705,13.775264739990234,13.835418701171875,13.715110778808594,13.715110778808594,36885
2000-07-24,1.8388997316360474,13.835418701171875,13.895572662353516,13.715110778808594,13.715110778808594,35846
2000-07-25,1.8309032917022705,13.775264739990234,13.895572662353516,13.715110778808594,13.775264739990234,40209
2000-07-26,1.8069190979003906,13.594802856445312,13.835418701171875,13.594802856445312,13.835418701171875,34495
2000-07-27,1.7909280061721802,13.474494934082031,13.654956817626953,13.41434097290039,13.654956817626953,56729
2000-07-28,1.7669422626495361,13.29403305053711,13.474494934082031,13.233879089355469,13.474494934082031,14026
2000-07-31,1.7749383449554443,13.35418701171875,13.35418701171875,13.173725128173828,13.233879089355469,16312
2000-08-01,1.7829333543777466,13.41434097290039,13.41434097290039,13.233879089355469,13.29403305053711,13507
2000-08-02,1.7349616289138794,13.053417205810547,13.35418701171875,13.053417205810547,13.29403305053711,18494
2000-08-03,1.7269666194915771,12.993263244628906,13.113571166992188,12.993263244628906,13.113571166992188,25352
2000-08-04,1.7189717292785645,12.933109283447266,13.113571166992188,12.933109283447266,12.993263244628906,26391
2000-08-07,1.7269666194915771,12.993263244628906,13.053417205810547,12.933109283447266,12.933109283447266,48521
2000-08-08,1.710976243019104,12.872955322265625,13.053417205810547,12.692493438720703,12.993263244628906,97562
2000-08-09,1.7189717292785645,12.933109283447266,12.933109283447266,12.812801361083984,12.933109283447266,64522
2000-08-10,1.7349616289138794,13.053417205810547,13.053417205810547,12.933109283447266,12.993263244628906,80107
2000-08-11,1.7429567575454712,13.113571166992188,13.113571166992188,12.993263244628906,12.993263244628906,27533
2000-08-14,1.750952959060669,13.173725128173828,13.41434097290039,13.053417205810547,13.053417205810547,55067
2000-08-15,1.7829333543777466,13.41434097290039,13.534648895263672,13.173725128173828,13.29403305053711,67223
2000-08-16,1.8069190979003906,13.594802856445312,13.715110778808594,13.474494934082031,13.654956817626953,11637
2000-08-17,1.7909280061721802,13.474494934082031,13.594802856445312,13.35418701171875,13.594802856445312,4676
2000-08-18,1.7829333543777466,13.41434097290039,13.594802856445312,13.41434097290039,13.594802856445312,20468
2000-08-21,1.7909280061721802,13.474494934082031,13.534648895263672,13.173725128173828,13.41434097290039,30443
2000-08-22,1.8069190979003906,13.594802856445312,13.594802856445312,13.29403305053711,13.474494934082031,12572
2000-08-23,1.8149138689041138,13.654956817626953,13.654956817626953,13.474494934082031,13.594802856445312,13091
2000-08-24,1.7989237308502197,13.534648895263672,13.654956817626953,13.534648895263672,13.594802856445312,4572
2000-08-25,1.8149138689041138,13.654956817626953,13.775264739990234,13.534648895263672,13.594802856445312,18183
2000-08-28,1.8149138689041138,13.654956817626953,13.835418701171875,13.594802856445312,13.775264739990234,9247
2000-08-29,1.8149138689041138,13.654956817626953,13.835418701171875,13.594802856445312,13.835418701171875,11637
2000-08-30,1.8069190979003906,13.594802856445312,13.835418701171875,13.594802856445312,13.835418701171875,1870
2000-08-31,1.8309032917022705,13.775264739990234,13.955726623535156,13.534648895263672,13.715110778808594,14338
2000-09-01,1.8548901081085205,13.955726623535156,13.955726623535156,13.715110778808594,13.715110778808594,6961
2000-09-05,1.8229092359542847,13.715110778808594,14.196343421936035,13.715110778808594,13.955726623535156,16001
2000-09-06,1.8229092359542847,13.715110778808594,13.715110778808594,13.474494934082031,13.474494934082031,9559
2000-09-07,1.8309032917022705,13.775264739990234,13.955726623535156,13.534648895263672,13.955726623535156,9663
2000-09-08,1.8069190979003906,13.594802856445312,13.715110778808594,13.534648895263672,13.715110778808594,14650
2000-09-11,1.8069190979003906,13.594802856445312,13.715110778808594,13.594802856445312,13.715110778808594,6234
2000-09-12,1.7749383449554443,13.35418701171875,13.654956817626953,13.233879089355469,13.654956817626953,23481
2000-09-13,1.7749383449554443,13.35418701171875,13.41434097290039,13.173725128173828,13.35418701171875,16208
2000-09-14,1.7669422626495361,13.29403305053711,13.474494934082031,13.233879089355469,13.29403305053711,28469
2000-09-15,1.7749383449554443,13.35418701171875,13.474494934082031,13.233879089355469,13.35418701171875,12780
2000-09-18,1.7269666194915771,12.993263244628906,13.29403305053711,12.993263244628906,13.29403305053711,12572
2000-09-19,1.7589473724365234,13.233879089355469,13.233879089355469,12.752647399902344,13.053417205810547,11325
2000-09-20,1.7029814720153809,12.812801361083984,13.29403305053711,12.812801361083984,13.173725128173828,19014
2000-09-21,1.6390190124511719,12.331568717956543,12.872955322265625,12.271414756774902,12.872955322265625,17767
2000-09-22,1.6470146179199219,12.391722679138184,12.391722679138184,11.669875144958496,12.331568717956543,17144
2000-09-25,1.671000361442566,12.572184562683105,12.812801361083984,12.391722679138184,12.632338523864746,22962
2000-09-26,1.671000361442566,12.572184562683105,12.812801361083984,12.271414756774902,12.512030601501465,20157
2000-09-27,1.6630048751831055,12.512030601501465,12.752647399902344,12.512030601501465,12.512030601501465,9559
2000-09-28,1.710976243019104,12.872955322265625,13.233879089355469,12.391722679138184,12.512030601501465,20364
2000-09-29,1.7269666194915771,12.993263244628906,13.173725128173828,12.572184562683105,12.632338523864746,16001
2000-10-02,1.671000361442566,12.572184562683105,13.113571166992188,12.572184562683105,13.113571166992188,3740
2000-10-03,1.7269666194915771,12.993263244628906,13.113571166992188,12.512030601501465,12.692493438720703,23170
2000-10-04,1.7029814720153809,12.812801361083984,13.113571166992188,12.692493438720703,12.872955322265625,18702
2000-10-05,1.6949856281280518,12.752647399902344,12.993263244628906,12.632338523864746,12.933109283447266,10078
2000-10-06,1.6550095081329346,12.451876640319824,12.752647399902344,12.451876640319824,12.752647399902344,16728
2000-10-09,1.6550095081329346,12.451876640319824,12.451876640319824,12.151106834411621,12.391722679138184,3636
2000-10-10,1.6310242414474487,12.271414756774902,12.572184562683105,12.211260795593262,12.572184562683105,11845
2000-10-11,1.6230285167694092,12.211260795593262,12.331568717956543,11.790183067321777,12.151106834411621,20988
2000-10-12,1.551072359085083,11.669875144958496,12.391722679138184,11.669875144958496,12.03079891204834,12780
2000-10-13,1.5590667724609375,11.730029106140137,11.730029106140137,11.308951377868652,11.669875144958496,19845
2000-10-16,1.535081148147583,11.549567222595215,11.790183067321777,11.549567222595215,11.669875144958496,5922
2000-10-17,1.5031005144119263,11.308951377868652,11.669875144958496,11.308951377868652,11.669875144958496,13091
2000-10-18,1.4951053857803345,11.248797416687012,11.308951377868652,10.948026657104492,11.188643455505371,19741
2000-10-19,1.535081148147583,11.549567222595215,11.669875144958496,11.308951377868652,11.308951377868652,10806
2000-10-20,1.5590667724609375,11.730029106140137,11.730029106140137,11.549567222595215,11.549567222595215,14026
2000-10-23,1.5430762767791748,11.609721183776855,11.730029106140137,11.609721183776855,11.609721183776855,8832
2000-10-24,1.5590667724609375,11.730029106140137,11.9706449508667,11.669875144958496,11.669875144958496,21507
2000-10-25,1.5190913677215576,11.429259300231934,11.730029106140137,11.308951377868652,11.609721183776855,18390
2000-10-26,1.5031005144119263,11.308951377868652,11.429259300231934,11.068334579467773,11.429259300231934,17455
2000-10-27,1.551072359085083,11.669875144958496,11.790183067321777,11.128488540649414,11.128488540649414,13091
2000-10-30,1.535081148147583,11.549567222595215,11.910490989685059,11.429259300231934,11.669875144958496,10910
2000-10-31,1.599043607711792,12.03079891204834,12.391722679138184,11.609721183776855,11.609721183776855,23585
2000-11-01,1.599043607711792,12.03079891204834,12.151106834411621,12.03079891204834,12.151106834411621,5922
2000-11-02,1.6150336265563965,12.151106834411621,12.211260795593262,11.910490989685059,12.151106834411621,20676
2000-11-03,1.6390190124511719,12.331568717956543,12.451876640319824,12.151106834411621,12.151106834411621,15481
2000-11-06,1.6390190124511719,12.331568717956543,12.391722679138184,12.03079891204834,12.211260795593262,20364
2000-11-07,1.6150336265563965,12.151106834411621,12.331568717956543,12.09095287322998,12.331568717956543,13819
2000-11-08,1.6150336265563965,12.151106834411621,12.271414756774902,12.03079891204834,12.151106834411621,13923
2000-11-09,1.5590667724609375,11.730029106140137,12.09095287322998,11.669875144958496,12.03079891204834,19533
2000-11-10,1.5031005144119263,11.308951377868652,11.730029106140137,10.70741081237793,11.730029106140137,20364
2000-11-13,1.535081148147583,11.549567222595215,11.669875144958496,11.188643455505371,11.308951377868652,18598
2000-11-14,1.551072359085083,11.669875144958496,11.790183067321777,11.369105339050293,11.429259300231934,25663
2000-11-15,1.5830527544021606,11.910490989685059,11.910490989685059,11.549567222595215,11.609721183776855,21507
2000-11-16,1.5830527544021606,11.910490989685059,11.9706449508667,11.790183067321777,11.9706449508667,14442
2000-11-17,1.5430762767791748,11.609721183776855,11.669875144958496,11.429259300231934,11.669875144958496,22442
2000-11-20,1.5031005144119263,11.308951377868652,11.549567222595215,11.308951377868652,11.549567222595215,12884
2000-11-21,1.487109661102295,11.188643455505371,11.308951377868652,11.068334579467773,11.308951377868652,8624
2000-11-22,1.4311434030532837,10.76756477355957,11.429259300231934,10.76756477355957,11.128488540649414,28676
2000-11-24,1.5031005144119263,11.308951377868652,11.308951377868652,10.76756477355957,10.76756477355957,20884
2000-11-27,1.535081148147583,11.549567222595215,11.790183067321777,11.549567222595215,11.549567222595215,39690
2000-11-28,1.5670627355575562,11.790183067321777,11.790183067321777,11.429259300231934,11.790183067321777,9974
2000-11-29,1.5031005144119263,11.308951377868652,11.669875144958496,11.308951377868652,11.669875144958496,4779
2000-11-30,1.47111976146698,11.068334579467773,11.188643455505371,10.948026657104492,11.188643455505371,9351
2000-12-01,1.5031005144119263,11.308951377868652,11.369105339050293,10.827718734741211,10.948026657104492,8935
2000-12-04,1.47111976146698,11.068334579467773,11.308951377868652,11.008180618286133,11.308951377868652,5715
2000-12-05,1.5110952854156494,11.369105339050293,11.369105339050293,10.948026657104492,10.948026657104492,19014
2000-12-06,1.5110952854156494,11.369105339050293,11.429259300231934,11.188643455505371,11.188643455505371,5611
2000-12-07,1.47111976146698,11.068334579467773,11.308951377868652,11.068334579467773,11.308951377868652,12572
2000-12-08,1.5031005144119263,11.308951377868652,11.429259300231934,11.068334579467773,11.188643455505371,17040
2000-12-11,1.5031005144119263,11.308951377868652,11.489413261413574,11.188643455505371,11.489413261413574,34495
2000-12-12,1.5190913677215576,11.429259300231934,11.489413261413574,11.308951377868652,11.308951377868652,39482
2000-12-13,1.5373936891555786,10.105871200561523,10.526948928833008,9.985563278198242,10.346487045288086,52054
2000-12-14,1.5282416343688965,10.045717239379883,10.166025161743164,9.74494743347168,10.166025161743164,24209
2000-12-15,1.4824867248535156,9.74494743347168,10.286333084106445,9.684793472290039,10.166025161743164,44989
2000-12-18,1.5373936891555786,10.105871200561523,10.166025161743164,9.865255355834961,9.865255355834961,27533
2000-12-19,1.4824867248535156,9.74494743347168,10.105871200561523,9.684793472290039,10.105871200561523,42287
2000-12-20,1.4916378259658813,9.80510139465332,10.70741081237793,9.80510139465332,10.70741081237793,80003
2000-12-21,1.4641844034194946,9.624638557434082,9.985563278198242,9.624638557434082,9.985563278198242,17871
2000-12-22,1.55569589138031,10.226179122924805,10.286333084106445,9.624638557434082,9.624638557434082,36781
2000-12-26,1.5465443134307861,10.166025161743164,10.466794967651367,9.985563278198242,10.346487045288086,80419
2000-12-27,1.55569589138031,10.226179122924805,10.466794967651367,10.226179122924805,10.466794967651367,49872
2000-12-28,1.500788688659668,9.865255355834961,10.466794967651367,9.865255355834961,10.466794967651367,100887
2000-12-29,1.5099396705627441,9.925409317016602,10.105871200561523,9.865255355834961,9.925409317016602,77406
2001-01-02,1.5190908908843994,9.985563278198242,10.105871200561523,9.865255355834961,9.865255355834961,16208
2001-01-03,1.5739978551864624,10.346487045288086,10.406641006469727,10.105871200561523,10.105871200561523,65977
2001-01-04,1.5739978551864624,10.346487045288086,10.406641006469727,10.226179122924805,10.226179122924805,19637
2001-01-05,1.5831490755081177,10.406641006469727,10.587102890014648,10.406641006469727,10.406641006469727,77509
2001-01-08,1.6014515161514282,10.526948928833008,10.587102890014648,10.346487045288086,10.346487045288086,59119
2001-01-09,1.5922998189926147,10.466794967651367,10.526948928833008,10.346487045288086,10.526948928833008,28469
2001-01-10,1.6106022596359253,10.587102890014648,10.647256851196289,10.226179122924805,10.466794967651367,55171
2001-01-11,1.6380559206008911,10.76756477355957,10.948026657104492,10.526948928833008,10.526948928833008,31274
2001-01-12,1.7112653255462646,11.248797416687012,11.308951377868652,10.887872695922852,11.068334579467773,17663
2001-01-16,1.7204164266586304,11.308951377868652,11.308951377868652,11.128488540649414,11.128488540649414,7169
2001-01-17,1.8027764558792114,11.850337028503418,11.910490989685059,11.429259300231934,11.429259300231934,28261
2001-01-18,1.8393816947937012,12.09095287322998,12.151106834411621,11.850337028503418,11.850337028503418,19325
2001-01-19,1.8942890167236328,12.451876640319824,12.512030601501465,12.03079891204834,12.211260795593262,56833
2001-01-22,1.8485321998596191,12.151106834411621,12.391722679138184,12.03079891204834,12.391722679138184,45300
2001-01-23,1.866835117340088,12.271414756774902,12.271414756774902,11.9706449508667,12.09095287322998,92055
2001-01-24,1.866835117340088,12.271414756774902,12.331568717956543,12.09095287322998,12.151106834411621,56729
2001-01-25,1.8393816947937012,12.09095287322998,12.331568717956543,12.09095287322998,12.271414756774902,64834
2001-01-26,1.8302305936813354,12.03079891204834,12.09095287322998,12.03079891204834,12.03079891204834,17767
2001-01-29,1.80826735496521,11.886428833007812,12.09817123413086,11.886428833007812,12.09817123413086,21715
2001-01-30,1.7789835929870605,11.693936347961426,11.886428833007812,11.693936347961426,11.847930908203125,15273
2001-01-31,1.7570205926895142,11.549567222595215,11.886428833007812,11.549567222595215,11.790183067321777,16312
2001-02-01,1.7570205926895142,11.549567222595215,11.64581298828125,11.501443862915039,11.549567222595215,9247
2001-02-02,1.7497000694274902,11.501443862915039,11.64581298828125,11.405197143554688,11.549567222595215,11949
2001-02-05,1.7570205926895142,11.549567222595215,11.549567222595215,11.357073783874512,11.405197143554688,14546
2001-02-06,1.7438435554504395,11.462944984436035,11.64581298828125,11.45332145690918,11.549567222595215,8520
2001-02-07,1.6911332607269287,11.11645793914795,11.549567222595215,11.068334579467773,11.549567222595215,11533
2001-02-08,1.7423796653747559,11.45332145690918,11.45332145690918,11.068334579467773,11.164581298828125,6546
2001-02-09,1.7423796653747559,11.45332145690918,11.693936347961426,11.405197143554688,11.684311866760254,13403
2001-02-12,1.727737545967102,11.357073783874512,11.491819381713867,11.2127046585083,11.491819381713867,6650
2001-02-13,1.7350575923919678,11.405197143554688,11.501443862915039,11.164581298828125,11.357073783874512,10390
2001-02-14,1.6691702604293823,10.972088813781738,11.164581298828125,10.827718734741211,11.164581298828125,23585
2001-02-15,1.7013825178146362,11.183831214904785,11.203080177307129,10.991337776184082,10.991337776184082,11117
2001-02-16,1.6398863792419434,10.779596328735352,11.020212173461914,10.731472969055176,11.020212173461914,17040
2001-02-20,1.6252442598342896,10.683348655700684,10.818094253540039,10.346487045288086,10.808469772338867,16208
2001-02-21,1.6384220123291016,10.769970893859863,10.923965454101562,10.490857124328613,10.683348655700684,16520
2001-02-22,1.5915679931640625,10.461982727050781,10.731472969055176,10.346487045288086,10.490857124328613,10390
2001-02-23,1.544714093208313,10.153993606567383,10.288739204406738,9.91337776184082,9.91337776184082,35846
2001-02-26,1.588639736175537,10.442732810974121,10.442732810974121,10.25024127960205,10.25024127960205,16104
2001-02-27,1.588639736175537,10.442732810974121,10.519730567932129,10.259864807128906,10.490857124328613,14754
2001-02-28,1.5666775703430176,10.29836368560791,10.471607208251953,10.29836368560791,10.471607208251953,5091
2001-03-01,1.5505708456039429,10.192493438720703,10.346487045288086,10.192493438720703,10.346487045288086,24001
2001-03-02,1.5432499647140503,10.144370079040527,10.221366882324219,10.057747840881348,10.163619041442871,15169
2001-03-05,1.5783904790878296,10.375361442565918,10.481231689453125,10.202116966247559,10.202116966247559,11013
2001-03-06,1.6047463417053223,10.548604011535645,10.66409969329834,10.433109283447266,10.442732810974121,9247
2001-03-07,1.619386911392212,10.644850730895996,10.731472969055176,10.606351852416992,10.654475212097168,11533
2001-03-08,1.6267082691192627,10.692974090576172,10.827718734741211,10.625601768493652,10.625601768493652,12052
2001-03-09,1.6311020851135254,10.721847534179688,10.866217613220215,10.490857124328613,10.61597728729248,7065
2001-03-12,1.5373936891555786,10.105871200561523,10.731472969055176,10.105871200561523,10.731472969055176,19533
2001-03-13,1.5315029621124268,10.009625434875488,10.057747840881348,9.855629920959473,10.009625434875488,12156
2001-03-14,1.5300294160842896,10.0,10.009625434875488,9.624638557434082,9.817131996154785,35638
2001-03-15,1.5182496309280396,9.923003196716309,10.0,9.82675552368164,9.82675552368164,3844
2001-03-16,1.497633457183838,9.788257598876953,9.91337776184082,9.778633117675781,9.855629920959473,4260
2001-03-19,1.5300294160842896,10.0,10.009625434875488,9.720885276794434,9.855629920959473,11429
2001-03-20,1.4946887493133545,9.76900863647461,10.009625434875488,9.720885276794434,10.009625434875488,6546
2001-03-21,1.465235948562622,9.576516151428223,9.720885276794434,9.499519348144531,9.720885276794434,14442
2001-03-22,1.3974963426589966,9.133782386779785,9.76900863647461,8.999037742614746,9.672761917114258,13819
2001-03-23,1.4505103826522827,9.480269432067871,9.480269432067871,8.97016429901123,9.230029106140137,20676
2001-03-26,1.5300294160842896,10.0,10.0,9.528392791748047,9.576516151428223,11741
2001-03-27,1.5535917282104492,10.153993606567383,10.29836368560791,9.740135192871094,9.903754234313965,12156
2001-03-28,1.5462287664413452,10.105871200561523,10.29836368560791,10.009625434875488,10.08662223815918,19222
2001-03-29,1.5197222232818604,9.93262767791748,10.009625434875488,9.93262767791748,10.009625434875488,13611
2001-03-30,1.5094140768051147,9.865255355834961,9.93262767791748,9.865255355834961,9.93262767791748,7273
2001-04-02,1.4505103826522827,9.480269432067871,10.0,9.432146072387695,9.778633117675781,13195
2001-04-03,1.4372565746307373,9.393648147583008,9.624638557434082,9.38402271270752,9.38402271270752,5507
2001-04-04,1.4151670932769775,9.24927806854248,9.605389595031738,9.056784629821777,9.297401428222656,11325
2001-04-05,1.4711260795593262,9.61501407623291,9.61501407623291,9.307025909423828,9.33590030670166,11949
2001-04-06,1.4431469440460205,9.432146072387695,9.432146072387695,9.143406867980957,9.432146072387695,6753
2001-04-09,1.4195853471755981,9.278152465820312,9.624638557434082,9.056784629821777,9.191530227661133,11533
2001-04-10,1.4725987911224365,9.624638557434082,9.817131996154785,9.278152465820312,9.278152465820312,23897
2001-04-11,1.465235948562622,9.576516151428223,9.855629920959473,9.576516151428223,9.817131996154785,12260
2001-04-12,1.5167773962020874,9.91337776184082,10.048123359680176,9.480269432067871,9.480269432067871,12260
2001-04-16,1.4873254299163818,9.720885276794434,9.817131996154785,9.528392791748047,9.720885276794434,9143
2001-04-17,1.4490374326705933,9.4706449508667,9.711260795593262,9.191530227661133,9.624638557434082,13819
2001-04-18,1.490269422531128,9.740135192871094,10.009625434875488,9.63426399230957,9.63426399230957,27533
2001-04-19,1.524140477180481,9.961501121520996,10.08662223815918,9.817131996154785,10.0,16312
2001-04-20,1.5094140768051147,9.865255355834961,10.08662223815918,9.807506561279297,9.961501121520996,12780
2001-04-23,1.5094140768051147,9.865255355834961,10.057747840881348,9.865255355834961,9.874879837036133,10806
2001-04-24,1.5167773962020874,9.91337776184082,10.009625434875488,9.846006393432617,9.961501121520996,2390
2001-04-25,1.5462287664413452,10.105871200561523,10.105871200561523,9.91337776184082,9.91337776184082,15793
2001-04-26,1.5962966680526733,10.433109283447266,10.538979530334473,10.202116966247559,10.25024127960205,16104
2001-04-27,1.5977693796157837,10.442732810974121,10.490857124328613,10.307988166809082,10.36573600769043,8832
2001-04-30,1.5786257982254028,10.317612648010254,10.510106086730957,10.307988166809082,10.490857124328613,7169
2001-05-01,1.6228042840957642,10.606351852416992,10.606351852416992,10.346487045288086,10.413859367370605,12468
2001-05-02,1.6522563695907593,10.798845291137695,10.952838897705078,10.587102890014648,10.654475212097168,17871
2001-05-03,1.6198593378067017,10.587102890014648,10.818094253540039,10.510106086730957,10.818094253540039,14130
2001-05-04,1.641947865486145,10.731472969055176,10.760346412658691,10.423483848571777,10.490857124328613,8520
2001-05-07,1.6434204578399658,10.741097450256348,10.741097450256348,10.490857124328613,10.654475212097168,4572
2001-05-08,1.656673550605774,10.827718734741211,10.827718734741211,10.66409969329834,10.66409969329834,6650
2001-05-09,1.609550952911377,10.519730567932129,10.731472969055176,10.481231689453125,10.731472969055176,13715
2001-05-10,1.641947865486145,10.731472969055176,10.731472969055176,10.519730567932129,10.587102890014648,7689
2001-05-11,1.6375300884246826,10.702598571777344,10.712223052978516,10.519730567932129,10.587102890014648,3117
2001-05-14,1.613968849182129,10.548604011535645,10.721847534179688,10.548604011535645,10.721847534179688,4468
2001-05-15,1.6080777645111084,10.510106086730957,10.587102890014648,10.510106086730957,10.587102890014648,1455
2001-05-16,1.6301679611206055,10.654475212097168,10.721847534179688,10.500480651855469,10.510106086730957,30962
2001-05-17,1.64931058883667,10.779596328735352,10.827718734741211,10.587102890014648,10.606351852416992,20468
2001-05-18,1.7671185731887817,11.549567222595215,11.549567222595215,10.683348655700684,10.779596328735352,42391
2001-05-21,1.6758173704147339,10.952838897705078,11.068334579467773,10.827718734741211,11.068334579467773,32417
2001-05-22,1.7435574531555176,11.395572662353516,11.405197143554688,11.04908561706543,11.04908561706543,46339
2001-05-23,1.6743452548980713,10.943215370178223,11.164581298828125,10.943215370178223,11.068334579467773,11949
2001-05-24,1.6861263513565063,11.020212173461914,11.164581298828125,10.972088813781738,11.020212173461914,11533
2001-05-25,1.6772900819778442,10.962464332580566,11.308951377868652,10.875842094421387,11.02983570098877,21611
2001-05-29,1.668454647064209,10.904715538024902,11.11645793914795,10.875842094421387,11.058710098266602,1766
2001-05-30,1.583044409751892,10.346487045288086,10.972088813781738,10.346487045288086,10.808469772338867,37612
2001-05-31,1.6198593378067017,10.587102890014648,10.673725128173828,10.394610404968262,10.394610404968262,17975
2001-06-01,1.6434204578399658,10.741097450256348,10.769970893859863,10.490857124328613,10.490857124328613,16312
2001-06-04,1.634584903717041,10.683348655700684,10.875842094421387,10.587102890014648,10.587102890014648,17247
2001-06-05,1.6390025615692139,10.712223052978516,10.827718734741211,10.510106086730957,10.721847534179688,38963
2001-06-06,1.6154407262802124,10.558229446411133,10.66409969329834,10.558229446411133,10.558229446411133,19014
2001-06-07,1.621330976486206,10.596728324890137,10.625601768493652,10.567853927612305,10.567853927612305,2805
2001-06-08,1.6360576152801514,10.692974090576172,10.721847534179688,10.558229446411133,10.606351852416992,37612
2001-06-11,1.6066051721572876,10.500480651855469,10.692974090576172,10.500480651855469,10.692974090576172,3013
2001-06-12,1.5977693796157837,10.442732810974121,10.567853927612305,10.356111526489258,10.404234886169434,7689
2001-06-13,1.5859887599945068,10.36573600769043,10.538979530334473,10.356111526489258,10.538979530334473,12260
2001-06-14,1.5624275207519531,10.211742401123047,10.346487045288086,10.153993606567383,10.346487045288086,11013
2001-06-15,1.5462287664413452,10.105871200561523,10.211742401123047,10.076996803283691,10.105871200561523,8520
2001-06-18,1.5300294160842896,10.0,10.134744644165039,9.93262767791748,10.009625434875488,3533
2001-06-19,1.5182496309280396,9.923003196716309,10.105871200561523,9.91337776184082,9.961501121520996,6546
2001-06-20,1.524140477180481,9.961501121520996,9.961501121520996,9.817131996154785,9.961501121520996,16728
2001-06-21,1.5388660430908203,10.057747840881348,10.105871200561523,9.874879837036133,9.874879837036133,9247
2001-06-22,1.5167773962020874,9.91337776184082,9.971125602722168,9.874879837036133,9.961501121520996,12987
2001-06-25,1.5094140768051147,9.865255355834961,10.009625434875488,9.865255355834961,10.009625434875488,13299
2001-06-26,1.5197222232818604,9.93262767791748,9.990374565124512,9.788257598876953,9.91337776184082,18910
2001-06-27,1.5094140768051147,9.865255355834961,9.91337776184082,9.76900863647461,9.865255355834961,1455
2001-06-28,1.5418108701705933,10.076996803283691,10.076996803283691,9.874879837036133,9.874879837036133,18079
2001-06-29,1.5418108701705933,10.076996803283691,10.17324447631836,10.009625434875488,10.028874397277832,7896
2001-07-02,1.5609546899795532,10.202116966247559,10.240615844726562,10.105871200561523,10.17324447631836,9143
2001-07-03,1.5756815671920776,10.29836368560791,10.336861610412598,10.211742401123047,10.25024127960205,4260
2001-07-05,1.5904067754745483,10.394610404968262,10.461982727050781,10.346487045288086,10.346487045288086,34703
2001-07-06,1.5609546899795532,10.202116966247559,10.346487045288086,10.202116966247559,10.29836368560791,29300
2001-07-09,1.5462287664413452,10.105871200561523,10.240615844726562,10.028874397277832,10.240615844726562,7169
2001-07-10,1.524140477180481,9.961501121520996,10.105871200561523,9.894128799438477,10.105871200561523,47067
2001-07-11,1.5388660430908203,10.057747840881348,10.25024127960205,9.923003196716309,9.93262767791748,10598
2001-07-12,1.5256125926971436,9.971125602722168,10.202116966247559,9.923003196716309,10.202116966247559,10286
2001-07-13,1.5315029621124268,10.009625434875488,10.105871200561523,9.91337776184082,9.971125602722168,6546
2001-07-16,1.5182496309280396,9.923003196716309,10.057747840881348,9.91337776184082,10.057747840881348,13819
2001-07-17,1.5329753160476685,10.019248962402344,10.019248962402344,9.91337776184082,9.980751037597656,17455
2001-07-18,1.5167773962020874,9.91337776184082,10.153993606567383,9.884504318237305,10.096245765686035,11429
2001-07-19,1.524140477180481,9.961501121520996,10.009625434875488,9.817131996154785,10.009625434875488,21611
2001-07-20,1.5167773962020874,9.91337776184082,9.961501121520996,9.91337776184082,9.961501121520996,6650
2001-07-23,1.5315029621124268,10.009625434875488,10.009625434875488,9.874879837036133,10.009625434875488,4676
2001-07-24,1.524140477180481,9.961501121520996,10.134744644165039,9.720885276794434,9.91337776184082,10806
2001-07-25,1.5094140768051147,9.865255355834961,9.91337776184082,9.817131996154785,9.865255355834961,8728
2001-07-26,1.5315029621124268,10.009625434875488,10.057747840881348,9.865255355834961,9.865255355834961,15585
2001-07-27,1.552119255065918,10.144370079040527,10.144370079040527,9.865255355834961,9.961501121520996,10078
2001-07-30,1.5315029621124268,10.009625434875488,10.25024127960205,9.951876640319824,10.25024127960205,4883
2001-07-31,1.5359210968017578,10.038498878479004,10.08662223815918,9.951876640319824,9.951876640319824,3636
2001-08-01,1.5329753160476685,10.019248962402344,10.08662223815918,9.971125602722168,9.971125602722168,2390
2001-08-02,1.5462287664413452,10.105871200561523,10.125120162963867,9.93262767791748,10.057747840881348,11845
2001-08-03,1.5403388738632202,10.06737232208252,10.08662223815918,9.91337776184082,10.057747840881348,14338
2001-08-06,1.5211948156356812,9.942252159118652,10.06737232208252,9.93262767791748,10.019248962402344,5507
2001-08-07,1.5167773962020874,9.91337776184082,10.048123359680176,9.865255355834961,10.048123359680176,10286
2001-08-08,1.5138320922851562,9.894128799438477,9.923003196716309,9.865255355834961,9.865255355834961,10494
2001-08-09,1.490269422531128,9.740135192871094,9.91337776184082,9.720885276794434,9.846006393432617,16832
2001-08-10,1.4725987911224365,9.624638557434082,9.76900863647461,9.624638557434082,9.720885276794434,7481
2001-08-13,1.4696537256240845,9.605389595031738,9.720885276794434,9.528392791748047,9.624638557434082,15377
2001-08-14,1.4725987911224365,9.624638557434082,9.711260795593262,9.557267189025879,9.557267189025879,8416
2001-08-15,1.4784895181655884,9.663138389587402,9.663138389587402,9.576516151428223,9.624638557434082,4987
2001-08-16,1.4711260795593262,9.61501407623291,9.61501407623291,9.557267189025879,9.595765113830566,9871
2001-08-17,1.4534552097320557,9.499519348144531,9.653512954711914,9.480269432067871,9.576516151428223,13403
2001-08-20,1.4284213781356812,9.33590030670166,9.4706449508667,9.172281265258789,9.451395988464355,5195
2001-08-21,1.3916056156158447,9.095284461975098,9.316651344299316,9.095284461975098,9.316651344299316,18286
2001-08-22,1.4004417657852173,9.153032302856445,9.33590030670166,9.047161102294922,9.124157905578613,36157
2001-08-23,1.3989686965942383,9.143406867980957,9.287776947021484,9.133782386779785,9.210780143737793,12987
2001-08-24,1.4181127548217773,9.268527030944824,9.364773750305176,9.10490894317627,9.153032302856445,19637
2001-08-27,1.4004417657852173,9.153032302856445,9.355149269104004,8.999037742614746,9.316651344299316,21092
2001-08-28,1.3901337385177612,9.08565902709961,9.210780143737793,9.08565902709961,9.095284461975098,14338
2001-08-29,1.3916056156158447,9.095284461975098,9.143406867980957,8.95091438293457,9.114533424377441,12468
2001-08-30,1.3695167303085327,8.95091438293457,9.066410064697266,8.95091438293457,9.066410064697266,12156
2001-08-31,1.421058177947998,9.287776947021484,9.287776947021484,8.902791023254395,8.902791023254395,20468
2001-09-04,1.3916056156158447,9.095284461975098,9.181905746459961,8.989413261413574,9.172281265258789,22546
2001-09-05,1.3636271953582764,8.912416458129883,9.047161102294922,8.854667663574219,9.047161102294922,12572
2001-09-06,1.3400652408599854,8.758421897888184,8.902791023254395,8.710297584533691,8.902791023254395,10078
2001-09-07,1.3253395557403564,8.662175178527832,8.854667663574219,8.662175178527832,8.854667663574219,19429
2001-09-10,1.3032503128051758,8.517806053161621,8.614051818847656,8.469681739807129,8.614051818847656,27637
2001-09-17,1.2148938179016113,7.940327167510986,8.209816932678223,7.844080924987793,8.036574363708496,22131
2001-09-18,1.1854420900344849,7.747834205627441,7.97882604598999,7.747834205627441,7.97882604598999,35534
2001-09-19,1.1633532047271729,7.6034650802612305,7.699710845947266,7.6034650802612305,7.651587963104248,15689
2001-09-20,1.0897232294082642,7.122232913970947,7.6034650802612305,7.122232913970947,7.6034650802612305,53820
2001-09-21,1.0381821393966675,6.785370826721191,6.881617069244385,6.641001224517822,6.641001224517822,29508
2001-09-24,1.0970861911773682,7.170355796813965,7.266602993011475,6.871992111206055,6.871992111206055,30131
2001-09-25,1.1250656843185425,7.35322380065918,7.487968921661377,7.131857872009277,7.199230194091797,24624
2001-09-26,1.1206475496292114,7.324349880218506,7.430221080780029,7.314725875854492,7.314725875854492,9247
2001-09-27,1.1000312566757202,7.189605236053467,7.228104114532471,7.0644850730896,7.228104114532471,19118
2001-09-28,1.1545172929763794,7.545716762542725,7.555342197418213,7.228104114532471,7.285851955413818,15377
2001-10-01,1.1118123531341553,7.266602993011475,7.555342197418213,7.266602993011475,7.555342197418213,12572
2001-10-02,1.126537799835205,7.362849235534668,7.362849235534668,7.228104114532471,7.314725875854492,13507
2001-10-03,1.1412640810012817,7.459095001220703,7.555342197418213,7.314725875854492,7.362849235534668,11949
2001-10-04,1.2016406059265137,7.853704929351807,7.940327167510986,7.4109721183776855,7.459095001220703,18806
2001-10-05,1.192805290222168,7.795958042144775,7.824831962585449,7.651587963104248,7.776708126068115,7273
2001-10-08,1.1780790090560913,7.699710845947266,7.844080924987793,7.6034650802612305,7.844080924987793,9974
2001-10-09,1.1412640810012817,7.459095001220703,7.795958042144775,7.4109721183776855,7.795958042144775,7792
2001-10-10,1.1633532047271729,7.6034650802612305,7.747834205627441,7.459095001220703,7.507217884063721,15273
2001-10-11,1.2045854330062866,7.872954845428467,7.8825788497924805,7.699710845947266,7.699710845947266,8728
2001-10-12,1.170716404914856,7.651587963104248,7.747834205627441,7.459095001220703,7.459095001220703,14546
2001-10-15,1.1677708625793457,7.632339000701904,7.747834205627441,7.574591159820557,7.699710845947266,15377
2001-10-16,1.207531213760376,7.8922038078308105,7.8922038078308105,7.651587963104248,7.651587963104248,14754
2001-10-17,1.192805290222168,7.795958042144775,7.940327167510986,7.795958042144775,7.853704929351807,8000
2001-10-18,1.2045854330062866,7.872954845428467,8.18094253540039,7.795958042144775,7.795958042144775,17144
2001-10-19,1.2031129598617554,7.863329887390137,7.940327167510986,7.844080924987793,7.8825788497924805,6650
2001-10-22,1.207531213760376,7.8922038078308105,7.940327167510986,7.718960762023926,7.795958042144775,18598
2001-10-23,1.1898596286773682,7.776708126068115,7.8922038078308105,7.738210201263428,7.795958042144775,7273
2001-10-24,1.176606297492981,7.690086841583252,7.824831962585449,7.651587963104248,7.815207004547119,21403
2001-10-25,1.2296198606491089,8.036574363708496,8.036574363708496,7.526467800140381,7.699710845947266,20157
2001-10-26,1.2178394794464111,7.9595770835876465,7.998075008392334,7.940327167510986,7.988450050354004,11949
2001-10-29,1.1854420900344849,7.747834205627441,8.017324447631836,7.6034650802612305,8.017324447631836,22962
2001-10-30,1.176606297492981,7.690086841583252,7.786333084106445,7.439846038818359,7.699710845947266,19637
2001-10-31,1.1751340627670288,7.680461883544922,7.699710845947266,7.507217884063721,7.661212921142578,9247
2001-11-01,1.170716404914856,7.651587963104248,7.8922038078308105,7.430221080780029,7.651587963104248,14234
2001-11-02,1.1633532047271729,7.6034650802612305,7.699710845947266,7.6034650802612305,7.670836925506592,10702
2001-11-05,1.2001683712005615,7.844080924987793,7.844080924987793,7.507217884063721,7.632339000701904,16104
2001-11-06,1.1972230672836304,7.824831962585449,7.824831962585449,7.622714042663574,7.699710845947266,9143
2001-11-07,1.1854420900344849,7.747834205627441,7.940327167510986,7.718960762023926,7.795958042144775,20780
2001-11-08,1.207531213760376,7.8922038078308105,8.084696769714355,7.786333084106445,7.786333084106445,13819
2001-11-09,1.207531213760376,7.8922038078308105,8.036574363708496,7.738210201263428,7.844080924987793,13611
2001-11-12,1.1854420900344849,7.747834205627441,8.084696769714355,7.747834205627441,7.940327167510986,18390
2001-11-13,1.236982822418213,8.084696769714355,8.113571166992188,7.844080924987793,7.844080924987793,13819
2001-11-14,1.2414010763168335,8.113571166992188,8.132820129394531,7.988450050354004,8.132820129394531,14338
2001-11-15,1.2590718269348145,8.229065895080566,8.306063652038574,8.075072288513184,8.084696769714355,16104
2001-11-16,1.2664347887039185,8.277190208435059,8.373435974121094,8.229065895080566,8.229065895080566,10702
2001-11-19,1.297359585762024,8.479307174682617,8.537055015563965,8.344561576843262,8.373435974121094,11741
2001-11-20,1.3032503128051758,8.517806053161621,8.614051818847656,8.469681739807129,8.479307174682617,20053
2001-11-21,1.2737982273101807,8.325312614440918,8.517806053161621,8.18094253540039,8.517806053161621,16104
2001-11-23,1.3179759979248047,8.614051818847656,8.614051818847656,8.286813735961914,8.306063652038574,8312
2001-11-26,1.3474282026290894,8.80654525756836,8.95091438293457,8.54667854309082,8.565929412841797,31482
2001-11-27,1.3327020406723022,8.710297584533691,8.758421897888184,8.662175178527832,8.710297584533691,13299
2001-11-28,1.3253395557403564,8.662175178527832,8.80654525756836,8.614051818847656,8.80654525756836,7273
2001-11-29,1.3032503128051758,8.517806053161621,8.662175178527832,8.469681739807129,8.662175178527832,5091
2001-11-30,1.2958873510360718,8.469681739807129,8.65255069732666,8.469681739807129,8.565929412841797,21507
2001-12-03,1.281160593032837,8.373435974121094,8.556303977966309,8.229065895080566,8.556303977966309,14754
2001-12-04,1.3194488286972046,8.623677253723145,8.662175178527832,8.277190208435059,8.469681739807129,25248
2001-12-05,1.3253395557403564,8.662175178527832,8.777670860290527,8.614051818847656,8.662175178527832,46547
2001-12-06,1.3621537685394287,8.902791023254395,8.95091438293457,8.71992301940918,8.71992301940918,31897
2001-12-07,1.3474282026290894,8.80654525756836,9.066410064697266,8.565929412841797,8.902791023254395,26702
2001-12-10,1.328284502029419,8.681424140930176,8.902791023254395,8.614051818847656,8.902791023254395,22235
2001-12-11,1.3489009141921997,8.816168785095215,8.902791023254395,8.517806053161621,8.58517837524414,40625
2001-12-12,1.3268120288848877,8.671799659729004,8.893166542053223,8.671799659729004,8.80654525756836,10702
2001-12-13,1.3253395557403564,8.662175178527832,8.710297584533691,8.642926216125488,8.662175178527832,17247
2001-12-14,1.3194488286972046,8.623677253723145,8.642926216125488,8.517806053161621,8.642926216125488,6753
2001-12-17,1.3165035247802734,8.604427337646484,8.63330078125,8.488931655883789,8.58517837524414,22027
2001-12-18,1.3253395557403564,8.662175178527832,8.729548454284668,8.54667854309082,8.623677253723145,37300
2001-12-19,1.3297570943832397,8.691048622131348,8.691048622131348,8.565929412841797,8.614051818847656,22131
2001-12-20,1.3327020406723022,8.710297584533691,8.748797416687012,8.662175178527832,8.662175178527832,18702
2001-12-21,1.3253395557403564,8.662175178527832,8.739171981811523,8.614051818847656,8.614051818847656,14026
2001-12-24,1.3209211826324463,8.63330078125,8.662175178527832,8.277190208435059,8.517806053161621,15897
2001-12-26,1.3135586977005005,8.58517837524414,8.614051818847656,8.469681739807129,8.58517837524414,16624
2001-12-27,1.3106133937835693,8.565929412841797,8.594802856445312,8.488931655883789,8.488931655883789,22754
2001-12-28,1.3209211826324463,8.63330078125,8.65255069732666,8.54667854309082,8.565929412841797,27637
2001-12-31,1.3268120288848877,8.671799659729004,8.691048622131348,8.537055015563965,8.537055015563965,51327
2002-01-02,1.3474282026290894,8.80654525756836,8.854667663574219,8.614051818847656,8.758421897888184,12676
2002-01-03,1.3812978267669678,9.027911186218262,9.037535667419434,8.758421897888184,8.854667663574219,10286
2002-01-04,1.3916056156158447,9.095284461975098,9.095284461975098,8.873916625976562,8.97016429901123,19118
2002-01-07,1.3886610269546509,9.076034545898438,9.143406867980957,9.047161102294922,9.08565902709961,5922
2002-01-08,1.3812978267669678,9.027911186218262,9.191530227661133,8.95091438293457,9.095284461975098,4883
2002-01-09,1.3577367067337036,8.873916625976562,8.999037742614746,8.768046379089355,8.95091438293457,15481
2002-01-10,1.3650994300842285,8.922039985656738,8.922039985656738,8.7872953414917,8.845043182373047,15273
2002-01-11,1.3547906875610352,8.854667663574219,8.97016429901123,8.796919822692871,8.97016429901123,8728
2002-01-14,1.328284502029419,8.681424140930176,8.902791023254395,8.681424140930176,8.902791023254395,7689
2002-01-15,1.3341748714447021,8.71992301940918,8.80654525756836,8.662175178527832,8.758421897888184,17871
2002-01-16,1.3061952590942383,8.537055015563965,8.594802856445312,8.373435974121094,8.373435974121094,32417
2002-01-17,1.3253395557403564,8.662175178527832,8.710297584533691,8.556303977966309,8.63330078125,8208
2002-01-18,1.2958873510360718,8.469681739807129,8.681424140930176,8.277190208435059,8.614051818847656,25559
2002-01-22,1.2885241508483887,8.42155933380127,8.54667854309082,8.277190208435059,8.42155933380127,20676
2002-01-23,1.2885241508483887,8.42155933380127,8.479307174682617,8.325312614440918,8.373435974121094,9247
2002-01-24,1.3017772436141968,8.508180618286133,8.54667854309082,8.42155933380127,8.469681739807129,4883
2002-01-25,1.3032503128051758,8.517806053161621,8.517806053161621,8.431183815002441,8.469681739807129,10702
2002-01-28,1.3017772436141968,8.508180618286133,8.565929412841797,8.42155933380127,8.517806053161621,8208
2002-01-29,1.3032503128051758,8.517806053161621,8.556303977966309,8.469681739807129,8.556303977966309,6338
2002-01-30,1.2958873510360718,8.469681739807129,8.469681739807129,8.18094253540039,8.469681739807129,44365
2002-01-31,1.2752708196640015,8.33493709564209,8.469681739807129,8.306063652038574,8.42155933380127,11845
2002-02-01,1.3106133937835693,8.565929412841797,8.604427337646484,8.219442367553711,8.238691329956055,15689
2002-02-04,1.2590718269348145,8.229065895080566,8.614051818847656,8.229065895080566,8.614051818847656,16001
2002-02-05,1.2163667678833008,7.949952125549316,8.219442367553711,7.949952125549316,8.18094253540039,23689
2002-02-06,1.207531213760376,7.8922038078308105,8.18094253540039,7.8922038078308105,8.18094253540039,11637
2002-02-07,1.2546539306640625,8.20019245147705,8.20019245147705,7.988450050354004,7.988450050354004,14546
2002-02-08,1.2664347887039185,8.277190208435059,8.277190208435059,7.998075008392334,8.036574363708496,16312
2002-02-11,1.2664347887039185,8.277190208435059,8.325312614440918,8.142444610595703,8.229065895080566,5507
2002-02-12,1.236982822418213,8.084696769714355,8.325312614440918,8.036574363708496,8.325312614440918,9974
2002-02-13,1.2517091035842896,8.18094253540039,8.383061408996582,8.18094253540039,8.18094253540039,19118
2002-02-14,1.2782155275344849,8.35418701171875,8.35418701171875,8.277190208435059,8.277190208435059,4052
2002-02-15,1.2517091035842896,8.18094253540039,8.469681739807129,8.18094253540039,8.325312614440918,12780
2002-02-19,1.2517091035842896,8.18094253540039,8.325312614440918,8.152069091796875,8.18094253540039,3740
2002-02-20,1.2428730726242065,8.123194694519043,8.171319007873535,8.036574363708496,8.084696769714355,8832
2002-02-21,1.2502363920211792,8.171319007873535,8.373435974121094,8.084696769714355,8.18094253540039,21819
2002-02-22,1.2296198606491089,8.036574363708496,8.18094253540039,8.036574363708496,8.18094253540039,16208
2002-02-25,1.2517091035842896,8.18094253540039,8.277190208435059,8.036574363708496,8.084696769714355,12364
2002-02-26,1.2649625539779663,8.26756477355957,8.26756477355957,8.152069091796875,8.26756477355957,16208
2002-02-27,1.2664347887039185,8.277190208435059,8.42155933380127,8.132820129394531,8.18094253540039,10286
2002-02-28,1.2575994729995728,8.219442367553711,8.373435974121094,8.18094253540039,8.277190208435059,27118
2002-03-01,1.3179759979248047,8.614051818847656,8.662175178527832,8.257940292358398,8.257940292358398,17767
2002-03-04,1.3253395557403564,8.662175178527832,8.902791023254395,8.565929412841797,8.565929412841797,26910
2002-03-05,1.3474282026290894,8.80654525756836,8.80654525756836,8.565929412841797,8.614051818847656,30858
2002-03-06,1.345955729484558,8.796919822692871,8.80654525756836,8.565929412841797,8.710297584533691,20676
2002-03-07,1.3695167303085327,8.95091438293457,8.999037742614746,8.80654525756836,8.816168785095215,15481
2002-03-08,1.3621537685394287,8.902791023254395,8.97016429901123,8.854667663574219,8.854667663574219,15273
2002-03-11,1.3474282026290894,8.80654525756836,8.893166542053223,8.671799659729004,8.816168785095215,21611
2002-03-12,1.3474282026290894,8.80654525756836,8.902791023254395,8.710297584533691,8.80654525756836,5611
2002-03-13,1.3533185720443726,8.845043182373047,8.922039985656738,8.739171981811523,8.758421897888184,23585
2002-03-14,1.3327020406723022,8.710297584533691,8.80654525756836,8.681424140930176,8.796919822692871,19014
2002-03-15,1.3547906875610352,8.854667663574219,8.88354206085205,8.662175178527832,8.710297584533691,23274
2002-03-18,1.3444825410842896,8.7872953414917,8.95091438293457,8.71992301940918,8.902791023254395,16312
2002-03-19,1.3327020406723022,8.710297584533691,8.902791023254395,8.710297584533691,8.825794219970703,25663
2002-03-20,1.3253395557403564,8.662175178527832,8.758421897888184,8.614051818847656,8.614051818847656,33352
2002-03-21,1.3327020406723022,8.710297584533691,8.97016429901123,8.710297584533691,8.739171981811523,24520
2002-03-22,1.3253395557403564,8.662175178527832,8.710297584533691,8.63330078125,8.662175178527832,37716
2002-03-25,1.3179759979248047,8.614051818847656,8.700674057006836,8.488931655883789,8.662175178527832,15169
2002-03-26,1.3253395557403564,8.662175178527832,8.662175178527832,8.469681739807129,8.469681739807129,13299
2002-03-27,1.3268120288848877,8.671799659729004,8.739171981811523,8.614051818847656,8.63330078125,13819
2002-03-28,1.3253395557403564,8.662175178527832,8.71992301940918,8.565929412841797,8.662175178527832,12884
2002-04-01,1.3327020406723022,8.710297584533691,8.739171981811523,8.63330078125,8.710297584533691,8312
2002-04-02,1.3430101871490479,8.777670860290527,8.902791023254395,8.748797416687012,8.748797416687012,20884
2002-04-03,1.3061952590942383,8.537055015563965,8.662175178527832,8.508180618286133,8.565929412841797,19118
2002-04-04,1.3489009141921997,8.816168785095215,8.825794219970703,8.565929412841797,8.565929412841797,26910
2002-04-05,1.3400652408599854,8.758421897888184,8.835418701171875,8.729548454284668,8.748797416687012,34079
2002-04-08,1.3327020406723022,8.710297584533691,8.777670860290527,8.614051818847656,8.729548454284668,21092
2002-04-09,1.345955729484558,8.796919822692871,8.796919822692871,8.575552940368652,8.662175178527832,9455
2002-04-10,1.3327020406723022,8.710297584533691,8.758421897888184,8.662175178527832,8.662175178527832,25871
2002-04-11,1.3253395557403564,8.662175178527832,8.854667663574219,8.614051818847656,8.63330078125,26910
2002-04-12,1.3400652408599854,8.758421897888184,8.758421897888184,8.565929412841797,8.662175178527832,14338
2002-04-15,1.3327020406723022,8.710297584533691,8.758421897888184,8.671799659729004,8.710297584533691,23274
2002-04-16,1.3533185720443726,8.845043182373047,8.854667663574219,8.710297584533691,8.710297584533691,16001
2002-04-17,1.3547906875610352,8.854667663574219,8.902791023254395,8.825794219970703,8.854667663574219,8935
2002-04-18,1.3253395557403564,8.662175178527832,8.88354206085205,8.642926216125488,8.825794219970703,9143
2002-04-19,1.3474282026290894,8.80654525756836,8.854667663574219,8.71992301940918,8.71992301940918,9871
2002-04-22,1.3312294483184814,8.700674057006836,8.912416458129883,8.662175178527832,8.80654525756836,19845
2002-04-23,1.335647702217102,8.729548454284668,8.768046379089355,8.614051818847656,8.614051818847656,8520
2002-04-24,1.3327020406723022,8.710297584533691,8.80654525756836,8.54667854309082,8.729548454284668,13195
2002-04-25,1.335647702217102,8.729548454284668,8.902791023254395,8.662175178527832,8.710297584533691,10910
2002-04-26,1.3179759979248047,8.614051818847656,8.873916625976562,8.565929412841797,8.729548454284668,19741
2002-04-29,1.2885241508483887,8.42155933380127,8.594802856445312,8.42155933380127,8.575552940368652,19014
2002-04-30,1.2737982273101807,8.325312614440918,8.469681739807129,8.229065895080566,8.469681739807129,25975
2002-05-01,1.2752708196640015,8.33493709564209,8.517806053161621,8.190567970275879,8.286813735961914,16936
2002-05-02,1.2737982273101807,8.325312614440918,8.42155933380127,8.325312614440918,8.373435974121094,11845
2002-05-03,1.2737982273101807,8.325312614440918,8.363810539245605,8.296439170837402,8.296439170837402,10078
2002-05-06,1.2708534002304077,8.306063652038574,8.42155933380127,8.296439170837402,8.315688133239746,15481
2002-05-07,1.2664347887039185,8.277190208435059,8.604427337646484,8.277190208435059,8.296439170837402,19014
2002-05-08,1.2855790853500366,8.402310371398926,8.42155933380127,8.18094253540039,8.18094253540039,19014
2002-05-09,1.2826337814331055,8.383061408996582,8.42155933380127,8.277190208435059,8.277190208435059,8312
2002-05-10,1.2855790853500366,8.402310371398926,8.431183815002441,8.277190208435059,8.373435974121094,29196
2002-05-13,1.2517091035842896,8.18094253540039,8.26756477355957,8.152069091796875,8.26756477355957,13091
2002-05-14,1.281160593032837,8.373435974121094,8.383061408996582,8.20019245147705,8.20019245147705,13507
2002-05-15,1.2958873510360718,8.469681739807129,8.479307174682617,8.286813735961914,8.35418701171875,9039
2002-05-16,1.2885241508483887,8.42155933380127,8.469681739807129,8.325312614440918,8.42155933380127,10910
2002-05-17,1.2767431735992432,8.344561576843262,8.460058212280273,8.325312614440918,8.402310371398926,33352
2002-05-20,1.281160593032837,8.373435974121094,8.373435974121094,8.20019245147705,8.33493709564209,12364
2002-05-21,1.2752708196640015,8.33493709564209,8.575552940368652,8.277190208435059,8.325312614440918,20053
2002-05-22,1.2590718269348145,8.229065895080566,8.373435974121094,8.219442367553711,8.315688133239746,15585
2002-05-23,1.2737982273101807,8.325312614440918,8.325312614440918,8.209816932678223,8.209816932678223,13611
2002-05-24,1.2737982273101807,8.325312614440918,8.325312614440918,8.20019245147705,8.26756477355957,14026
2002-05-28,1.2826337814331055,8.383061408996582,8.392684936523438,8.325312614440918,8.373435974121094,8520
2002-05-29,1.2885241508483887,8.42155933380127,8.460058212280273,8.277190208435059,8.35418701171875,9455
2002-05-30,1.2679075002670288,8.286813735961914,8.469681739807129,8.26756477355957,8.325312614440918,35534
2002-05-31,1.2737982273101807,8.325312614440918,8.392684936523438,8.277190208435059,8.286813735961914,8312
2002-06-03,1.263489842414856,8.257940292358398,8.373435974121094,8.257940292358398,8.373435974121094,12676
2002-06-04,1.2472913265228271,8.152069091796875,8.296439170837402,8.152069091796875,8.209816932678223,24520
2002-06-05,1.2310924530029297,8.046197891235352,8.229065895080566,8.036574363708496,8.152069091796875,20468
2002-06-06,1.219312071800232,7.96920108795166,8.036574363708496,7.940327167510986,8.036574363708496,34599
2002-06-07,1.2222570180892944,7.988450050354004,7.988450050354004,7.747834205627441,7.747834205627441,17144
2002-06-10,1.192805290222168,7.795958042144775,7.96920108795166,7.795958042144775,7.940327167510986,21923
2002-06-11,1.2045854330062866,7.872954845428467,7.988450050354004,7.844080924987793,7.844080924987793,14442
2002-06-12,1.192805290222168,7.795958042144775,7.96920108795166,7.795958042144775,7.844080924987793,14130
2002-06-13,1.169243335723877,7.641963005065918,7.795958042144775,7.516842842102051,7.795958042144775,19533
2002-06-14,1.1339013576507568,7.4109721183776855,7.555342197418213,7.266602993011475,7.555342197418213,27845
2002-06-17,1.170716404914856,7.651587963104248,7.651587963104248,7.4109721183776855,7.439846038818359,39690
2002-06-18,1.1633532047271729,7.6034650802612305,7.6034650802612305,7.4109721183776855,7.6034650802612305,19533
2002-06-19,1.1368465423583984,7.430221080780029,7.516842842102051,7.4109721183776855,7.507217884063721,21611
2002-06-20,1.0970861911773682,7.170355796813965,7.4109721183776855,7.170355796813965,7.362849235534668,38443
2002-06-21,1.0897232294082642,7.122232913970947,7.314725875854492,7.122232913970947,7.314725875854492,31378
2002-06-24,1.0823606252670288,7.07411003112793,7.170355796813965,6.97786283493042,7.170355796813965,27430
2002-06-25,1.077942967414856,7.045236110687256,7.170355796813965,6.97786283493042,7.093358993530273,22962
2002-06-26,1.0529085397720337,6.881617069244385,6.968238830566406,6.785370826721191,6.968238830566406,83640
2002-06-27,1.0381821393966675,6.785370826721191,6.891242027282715,6.737246990203857,6.833494186401367,19533
2002-06-28,1.0308191776275635,6.737246990203857,6.910490989685059,6.68912410736084,6.7468719482421875,39586
2002-07-01,1.026401400566101,6.708373069763184,6.871992111206055,6.708373069763184,6.794994831085205,43846
2002-07-02,1.0072578191757202,6.583252906799316,6.727622985839844,6.573627948760986,6.727622985839844,28261
2002-07-03,0.9910595417022705,6.477382183074951,6.573627948760986,6.429258823394775,6.544754981994629,53405
2002-07-05,1.0308191776275635,6.737246990203857,6.7468719482421875,6.544754981994629,6.544754981994629,75120
2002-07-08,1.0072578191757202,6.583252906799316,6.68912410736084,6.564003944396973,6.641001224517822,19741
2002-07-09,0.9940043687820435,6.496631145477295,6.5928778648376465,6.458133220672607,6.544754981994629,37404
2002-07-10,0.971915602684021,6.352262020111084,6.467757225036621,6.275265216827393,6.467757225036621,48210
2002-07-11,0.9601348042488098,6.275265216827393,6.352262020111084,6.188642978668213,6.31376314163208,33560
2002-07-12,0.9925317168235779,6.487007141113281,6.61212682723999,6.265639781951904,6.352262020111084,28365
2002-07-15,1.0160937309265137,6.641001224517822,6.766120910644531,6.410009860992432,6.448507785797119,64106
2002-07-16,1.0087306499481201,6.5928778648376465,6.62175178527832,6.496631145477295,6.544754981994629,15689
2002-07-17,1.0234562158584595,6.68912410736084,6.68912410736084,6.419633865356445,6.573627948760986,10286
2002-07-18,0.9836961030960083,6.429258823394775,6.669875144958496,6.429258823394775,6.669875144958496,21611
2002-07-19,0.9586620926856995,6.265639781951904,6.4388837814331055,6.265639781951904,6.4388837814331055,48833
2002-07-22,0.9203746318817139,6.015398979187012,6.2463908195495605,5.919153213500977,6.2367658615112305,73769
2002-07-23,0.886504590511322,5.794033050537109,5.967276096343994,5.794033050537109,5.871029853820801,41456
2002-07-24,0.858525276184082,5.6111650466918945,5.774783134460449,5.5341668128967285,5.678536891937256,32728
2002-07-25,0.8791419863700867,5.745910167694092,5.774783134460449,5.630414009094238,5.630414009094238,22650
2002-07-26,0.8982851505279541,5.871029853820801,5.871029853820801,5.678536891937256,5.726659774780273,15585
2002-07-29,0.9645523428916931,6.304139137268066,6.304139137268066,5.822906970977783,5.909527778625488,50391
2002-07-30,0.9571895003318787,6.256014823913574,6.304139137268066,6.159769058227539,6.256014823913574,14130
2002-07-31,0.9645523428916931,6.304139137268066,6.352262020111084,6.025023937225342,6.352262020111084,24001
2002-08-01,0.9100663065910339,5.94802713394165,6.496631145477295,5.94802713394165,6.304139137268066,20780
2002-08-02,0.8806139826774597,5.7555341720581055,5.8806538581848145,5.726659774780273,5.8806538581848145,15793
2002-08-05,0.8599972128868103,5.620789051055908,5.7555341720581055,5.582291126251221,5.7555341720581055,24520
2002-08-06,0.8614703416824341,5.630414009094238,5.6977858543396,5.5341668128967285,5.582291126251221,13507
2002-08-07,0.857052743434906,5.6015400886535645,5.678536891937256,5.543791770935059,5.543791770935059,23481
2002-08-08,0.8806139826774597,5.7555341720581055,5.7555341720581055,5.649662971496582,5.659287929534912,40209
2002-08-09,0.8761964440345764,5.726659774780273,5.871029853820801,5.678536891937256,5.678536891937256,14338
2002-08-12,0.8658884763717651,5.659287929534912,5.745910167694092,5.659287929534912,5.745910167694092,13923
2002-08-13,0.8599972128868103,5.620789051055908,5.774783134460449,5.6111650466918945,5.630414009094238,9351
2002-08-14,0.8850318789482117,5.784408092498779,5.784408092498779,5.6015400886535645,5.659287929534912,20780
2002-08-15,0.8938676714897156,5.842155933380127,5.899903774261475,5.794033050537109,5.822906970977783,12260
2002-08-16,0.9056485891342163,5.919153213500977,6.015398979187012,5.871029853820801,5.8806538581848145,19325
2002-08-19,0.9512988924980164,6.217516899108887,6.256014823913574,6.015398979187012,6.015398979187012,32001
2002-08-20,0.9616069197654724,6.284889221191406,6.361886024475098,6.198267936706543,6.275265216827393,26702
2002-08-21,0.971915602684021,6.352262020111084,6.429258823394775,6.198267936706543,6.2367658615112305,24936
2002-08-22,0.9866413474082947,6.448507785797119,6.544754981994629,6.361886024475098,6.400384902954102,11533
2002-08-23,0.9984220862388611,6.525505065917969,6.525505065917969,6.352262020111084,6.410009860992432,5507
2002-08-26,0.9866413474082947,6.448507785797119,6.458133220672607,6.352262020111084,6.448507785797119,25455
2002-08-27,0.9586620926856995,6.265639781951904,6.410009860992432,6.265639781951904,6.410009860992432,13403
2002-08-28,0.9351004958152771,6.1116461753845215,6.31376314163208,6.1116461753845215,6.304139137268066,7273
2002-08-29,0.9395179748535156,6.140520095825195,6.159769058227539,6.063522815704346,6.1116461753845215,11117
2002-08-30,0.9498261213302612,6.207891941070557,6.207891941070557,6.092397212982178,6.121270179748535,2598
2002-09-03,0.9130114912986755,5.967276096343994,6.015398979187012,5.94802713394165,6.015398979187012,15377
2002-09-04,0.9189017415046692,6.005774974822998,6.015398979187012,5.919153213500977,5.928778171539307,17663
2002-09-05,0.9056485891342163,5.919153213500977,5.94802713394165,5.871029853820801,5.94802713394165,17975
2002-09-06,0.91153883934021,5.9576520919799805,6.005774974822998,5.871029853820801,5.919153213500977,14962
2002-09-09,0.91153883934021,5.9576520919799805,5.986526012420654,5.919153213500977,5.919153213500977,11221
2002-09-10,0.9130114912986755,5.967276096343994,6.005774974822998,5.8902788162231445,5.928778171539307,12260
2002-09-11,0.9306827187538147,6.0827717781066895,6.159769058227539,6.0442728996276855,6.0442728996276855,13403
2002-09-12,0.9159567952156067,5.986526012420654,6.073146820068359,5.976901054382324,6.063522815704346,8728
2002-09-13,0.9277377724647522,6.063522815704346,6.140520095825195,5.8902788162231445,5.967276096343994,12987
2002-09-16,0.9130114912986755,5.967276096343994,6.2367658615112305,5.919153213500977,6.063522815704346,13403
2002-09-17,0.9027035236358643,5.899903774261475,6.063522815704346,5.899903774261475,6.063522815704346,16728
2002-09-18,0.8997577428817749,5.8806538581848145,5.8902788162231445,5.832530975341797,5.8806538581848145,11845
2002-09-19,0.8835592865943909,5.774783134460449,5.851780891418457,5.774783134460449,5.851780891418457,20157
2002-09-20,0.858525276184082,5.6111650466918945,5.784408092498779,5.6015400886535645,5.774783134460449,9351
2002-09-23,0.8511620163917542,5.5630412101745605,5.6977858543396,5.5341668128967285,5.591915130615234,25559
2002-09-24,0.842326819896698,5.505293846130371,5.591915130615234,5.505293846130371,5.5341668128967285,26806
2002-09-25,0.846744179725647,5.5341668128967285,5.572666168212891,5.486043930053711,5.5341668128967285,7273
2002-09-26,0.8747237324714661,5.71703577041626,5.7651591300964355,5.6111650466918945,5.630414009094238,29715
2002-09-27,0.8511620163917542,5.5630412101745605,5.726659774780273,5.5630412101745605,5.620789051055908,15897
2002-09-30,0.8276005983352661,5.4090471267700195,5.524542808532715,5.3416748046875,5.3416748046875,16104
2002-10-01,0.857052743434906,5.6015400886535645,5.6015400886535645,5.399423122406006,5.41867208480835,15273
2002-10-02,0.8541078567504883,5.582291126251221,5.630414009094238,5.437921047210693,5.5341668128967285,12468
2002-10-03,0.8320183157920837,5.437921047210693,5.630414009094238,5.437921047210693,5.582291126251221,6753
2002-10-04,0.818764865398407,5.351298809051514,5.543791770935059,5.303175926208496,5.457170009613037,15377
2002-10-07,0.789313018321991,5.158806800842285,5.303175926208496,5.149181842803955,5.303175926208496,25455
2002-10-08,0.7731143832206726,5.05293607711792,5.158806800842285,4.95668888092041,5.158806800842285,20261
2002-10-09,0.7362995147705078,4.812320232391357,5.072185039520264,4.812320232391357,5.004811763763428,36573
2002-10-10,0.7628062963485718,4.985562801361084,4.985562801361084,4.821944236755371,4.821944236755371,56833
2002-10-11,0.7952033877372742,5.197305202484131,5.235804080963135,5.04331111907959,5.04331111907959,30650
2002-10-14,0.8084567189216614,5.283926963806152,5.3416748046875,5.197305202484131,5.206930160522461,21196
2002-10-15,0.857052743434906,5.6015400886535645,5.630414009094238,5.4090471267700195,5.4090471267700195,21819
2002-10-16,0.8364362120628357,5.466794967651367,5.5630412101745605,5.457170009613037,5.5630412101745605,20157
2002-10-17,0.8629428744316101,5.640038013458252,5.726659774780273,5.582291126251221,5.582291126251221,15481
2002-10-18,0.867360532283783,5.668911933898926,5.6977858543396,5.620789051055908,5.659287929534912,19429
2002-10-21,0.890922486782074,5.822906970977783,5.822906970977783,5.678536891937256,5.726659774780273,17663
2002-10-22,0.890922486782074,5.822906970977783,5.899903774261475,5.813282012939453,5.851780891418457,23793
2002-10-23,0.9056485891342163,5.919153213500977,5.967276096343994,5.784408092498779,5.842155933380127,29819
2002-10-24,0.890922486782074,5.822906970977783,6.063522815704346,5.822906970977783,5.967276096343994,21507
2002-10-25,0.9189017415046692,6.005774974822998,6.063522815704346,5.822906970977783,5.822906970977783,12884
2002-10-28,0.9277377724647522,6.063522815704346,6.198267936706543,6.015398979187012,6.073146820068359,43534
2002-10-29,0.9027035236358643,5.899903774261475,6.015398979187012,5.851780891418457,6.015398979187012,22858
2002-10-30,0.908593475818634,5.93840217590332,6.025023937225342,5.928778171539307,5.93840217590332,15169
2002-10-31,0.9130114912986755,5.967276096343994,6.034648895263672,5.919153213500977,5.976901054382324,10598
2002-11-01,0.9203746318817139,6.015398979187012,6.102021217346191,5.899903774261475,5.919153213500977,13299
2002-11-04,0.9527718424797058,6.2271409034729,6.33301305770874,6.121270179748535,6.121270179748535,47482
2002-11-05,0.9601348042488098,6.275265216827393,6.294514179229736,6.159769058227539,6.2367658615112305,12468
2002-11-06,0.9866413474082947,6.448507785797119,6.496631145477295,6.265639781951904,6.458133220672607,31066
2002-11-07,0.9660249948501587,6.31376314163208,6.544754981994629,6.275265216827393,6.544754981994629,13299
2002-11-08,0.9498261213302612,6.207891941070557,6.352262020111084,6.207891941070557,6.352262020111084,19014
2002-11-11,0.9498261213302612,6.207891941070557,6.256014823913574,6.1116461753845215,6.217516899108887,70340
2002-11-12,0.9424635171890259,6.159769058227539,6.207891941070557,6.063522815704346,6.179018020629883,22027
2002-11-13,0.9365730285644531,6.121270179748535,6.150144100189209,6.063522815704346,6.121270179748535,7896
2002-11-14,0.9571895003318787,6.256014823913574,6.256014823913574,6.130895137786865,6.169394016265869,29300
2002-11-15,0.9660249948501587,6.31376314163208,6.352262020111084,6.2367658615112305,6.256014823913574,65457
2002-11-18,0.9778058528900146,6.3907599449157715,6.496631145477295,6.352262020111084,6.361886024475098,25975
2002-11-19,0.9645523428916931,6.304139137268066,6.371510982513428,6.304139137268066,6.32338809967041,17455
2002-11-20,0.9645523428916931,6.304139137268066,6.31376314163208,6.2271409034729,6.265639781951904,39794
2002-11-21,0.9881141185760498,6.458133220672607,6.496631145477295,6.33301305770874,6.352262020111084,16936
2002-11-22,1.0087306499481201,6.5928778648376465,6.61212682723999,6.448507785797119,6.448507785797119,20468
2002-11-25,1.027874231338501,6.717998027801514,6.727622985839844,6.5928778648376465,6.641001224517822,35222
2002-11-26,1.0175660848617554,6.650626182556152,6.68912410736084,6.554378986358643,6.61212682723999,19533
2002-11-27,1.0293467044830322,6.727622985839844,6.785370826721191,6.544754981994629,6.631375789642334,23585
2002-11-29,1.026401400566101,6.708373069763184,6.756496906280518,6.69874906539917,6.737246990203857,12780
2002-12-02,1.036710262298584,6.775745868682861,6.843118190765381,6.737246990203857,6.804619789123535,14546
2002-12-03,1.0205111503601074,6.669875144958496,6.794994831085205,6.641001224517822,6.794994831085205,26183
2002-12-04,1.005784511566162,6.573627948760986,6.61212682723999,6.496631145477295,6.61212682723999,18702
2002-12-05,1.0102030038833618,6.60250186920166,6.641001224517822,6.506256103515625,6.506256103515625,11741
2002-12-06,0.9895866513252258,6.467757225036621,6.535130023956299,6.467757225036621,6.506256103515625,20053
2002-12-09,0.9571895003318787,6.256014823913574,6.448507785797119,6.2271409034729,6.448507785797119,40002
2002-12-10,0.9571895003318787,6.256014823913574,6.352262020111084,6.217516899108887,6.284889221191406,25975
2002-12-11,0.9895866513252258,6.467757225036621,6.477382183074951,6.2463908195495605,6.294514179229736,18806
2002-12-12,1.0160937309265137,6.641001224517822,6.68912410736084,6.352262020111084,6.448507785797119,72314
2002-12-13,0.9851688742637634,6.4388837814331055,6.5928778648376465,6.400384902954102,6.5928778648376465,15169
2002-12-16,0.971915602684021,6.352262020111084,6.4388837814331055,6.352262020111084,6.410009860992432,23066
2002-12-17,0.971915602684021,6.352262020111084,6.400384902954102,6.352262020111084,6.361886024475098,9559
2002-12-18,0.9498261213302612,6.207891941070557,6.352262020111084,6.159769058227539,6.304139137268066,34910
2002-12-19,0.9439359903335571,6.169394016265869,6.265639781951904,6.150144100189209,6.256014823913574,46339
2002-12-20,0.945408284664154,6.179018020629883,6.256014823913574,6.159769058227539,6.217516899108887,35222
2002-12-23,0.9571895003318787,6.256014823913574,6.31376314163208,6.198267936706543,6.256014823913574,20468
2002-12-24,0.9630799293518066,6.294514179229736,6.294514179229736,6.2367658615112305,6.256014823913574,9559
2002-12-26,0.9660249948501587,6.31376314163208,6.33301305770874,6.2367658615112305,6.284889221191406,16936
2002-12-27,0.9557167887687683,6.2463908195495605,6.31376314163208,6.2367658615112305,6.31376314163208,18702
2002-12-30,0.9512988924980164,6.217516899108887,6.284889221191406,6.150144100189209,6.198267936706543,40521
2002-12-31,0.9424635171890259,6.159769058227539,6.207891941070557,6.0827717781066895,6.198267936706543,22858
2003-01-02,0.9778058528900146,6.3907599449157715,6.3907599449157715,6.188642978668213,6.188642978668213,32936
2003-01-03,0.9836961030960083,6.429258823394775,6.496631145477295,6.410009860992432,6.410009860992432,18286
2003-01-06,1.0249289274215698,6.69874906539917,6.717998027801514,6.4388837814331055,6.448507785797119,25248
2003-01-07,1.0175660848617554,6.650626182556152,6.717998027801514,6.5928778648376465,6.69874906539917,8728
2003-01-08,1.005784511566162,6.573627948760986,6.660250186920166,6.573627948760986,6.650626182556152,15481
2003-01-09,1.0087306499481201,6.5928778648376465,6.68912410736084,6.544754981994629,6.544754981994629,7792
2003-01-10,1.0160937309265137,6.641001224517822,6.660250186920166,6.535130023956299,6.544754981994629,7273
2003-01-13,1.0308191776275635,6.737246990203857,6.823869228363037,6.650626182556152,6.650626182556152,24417
2003-01-14,1.033764362335205,6.756496906280518,6.794994831085205,6.69874906539917,6.717998027801514,8728
2003-01-15,1.0440728664398193,6.823869228363037,6.852743148803711,6.766120910644531,6.814243793487549,17767
2003-01-16,1.0249289274215698,6.69874906539917,6.833494186401367,6.69874906539917,6.804619789123535,8104
2003-01-17,1.0087306499481201,6.5928778648376465,6.679500102996826,6.564003944396973,6.669875144958496,43326
2003-01-21,0.999894380569458,6.535130023956299,6.573627948760986,6.535130023956299,6.544754981994629,8000
2003-01-22,0.9748600721359253,6.371510982513428,6.544754981994629,6.371510982513428,6.496631145477295,9247
2003-01-23,0.9792785048484802,6.400384902954102,6.429258823394775,6.33301305770874,6.429258823394775,26806
2003-01-24,0.9630799293518066,6.294514179229736,6.352262020111084,6.275265216827393,6.352262020111084,23066
2003-01-27,0.9498261213302612,6.207891941070557,6.352262020111084,6.198267936706543,6.265639781951904,13715
2003-01-28,0.9380454421043396,6.130895137786865,6.2271409034729,6.102021217346191,6.159769058227539,13611
2003-01-29,0.9483537673950195,6.198267936706543,6.198267936706543,6.0827717781066895,6.130895137786865,15897
2003-01-30,0.945408284664154,6.179018020629883,6.2367658615112305,6.169394016265869,6.169394016265869,8208
2003-01-31,0.9527718424797058,6.2271409034729,6.256014823913574,6.159769058227539,6.169394016265869,11845
2003-02-03,0.9557167887687683,6.2463908195495605,6.352262020111084,6.2367658615112305,6.2367658615112305,9559
2003-02-04,0.9439359903335571,6.169394016265869,6.304139137268066,6.169394016265869,6.2367658615112305,8832
2003-02-05,0.9527718424797058,6.2271409034729,6.2463908195495605,6.198267936706543,6.198267936706543,10702
2003-02-06,0.9483537673950195,6.198267936706543,6.284889221191406,6.188642978668213,6.207891941070557,12468
2003-02-07,0.9468811750411987,6.188642978668213,6.217516899108887,6.188642978668213,6.188642978668213,10182
2003-02-10,0.9483537673950195,6.198267936706543,6.2367658615112305,6.1116461753845215,6.198267936706543,34287
2003-02-11,0.9292100667953491,6.073146820068359,6.169394016265869,6.063522815704346,6.169394016265869,14026
2003-02-12,0.9277377724647522,6.063522815704346,6.092397212982178,6.0442728996276855,6.092397212982178,8832
2003-02-13,0.9100663065910339,5.94802713394165,6.034648895263672,5.774783134460449,6.034648895263672,27845
2003-02-14,0.9174288511276245,5.996150016784668,6.015398979187012,5.8902788162231445,5.919153213500977,14858
2003-02-18,0.9306827187538147,6.0827717781066895,6.1116461753845215,5.967276096343994,5.967276096343994,20468
2003-02-19,0.9292100667953491,6.073146820068359,6.102021217346191,6.0442728996276855,6.092397212982178,9039
2003-02-20,0.9159567952156067,5.986526012420654,6.0827717781066895,5.967276096343994,6.034648895263672,11637
2003-02-21,0.9233189821243286,6.034648895263672,6.034648895263672,5.909527778625488,5.909527778625488,18598
2003-02-24,0.9056485891342163,5.919153213500977,6.063522815704346,5.871029853820801,6.034648895263672,13715
2003-02-25,0.9071213006973267,5.928778171539307,5.928778171539307,5.813282012939453,5.8902788162231445,12987
2003-02-26,0.890922486782074,5.822906970977783,5.8902788162231445,5.822906970977783,5.871029853820801,10702
2003-02-27,0.8982851505279541,5.871029853820801,5.8806538581848145,5.726659774780273,5.861404895782471,19325
2003-02-28,0.8968129754066467,5.861404895782471,5.899903774261475,5.861404895782471,5.8902788162231445,16104
2003-03-03,0.9056485891342163,5.919153213500977,5.967276096343994,5.8806538581848145,5.8806538581848145,13403
2003-03-04,0.8953403830528259,5.851780891418457,6.063522815704346,5.851780891418457,5.94802713394165,22235
2003-03-05,0.8953403830528259,5.851780891418457,5.909527778625488,5.851780891418457,5.871029853820801,3948
2003-03-06,0.890922486782074,5.822906970977783,5.928778171539307,5.794033050537109,5.871029853820801,11741
2003-03-07,0.8850318789482117,5.784408092498779,5.784408092498779,5.736285209655762,5.774783134460449,12884
2003-03-10,0.8732513785362244,5.70741081237793,5.784408092498779,5.70741081237793,5.784408092498779,4260
2003-03-11,0.8555799722671509,5.591915130615234,5.678536891937256,5.582291126251221,5.678536891937256,16001
2003-03-12,0.858525276184082,5.6111650466918945,5.659287929534912,5.582291126251221,5.591915130615234,13611
2003-03-13,0.8703060746192932,5.688161849975586,5.6977858543396,5.582291126251221,5.649662971496582,24313
2003-03-14,0.8835592865943909,5.774783134460449,5.813282012939453,5.70741081237793,5.70741081237793,26598
2003-03-17,0.9174288511276245,5.996150016784668,6.015398979187012,5.784408092498779,5.784408092498779,20780
2003-03-18,0.9292100667953491,6.073146820068359,6.073146820068359,6.034648895263672,6.034648895263672,10702
2003-03-19,0.9247922897338867,6.0442728996276855,6.063522815704346,5.93840217590332,6.053897857666016,21819
2003-03-20,0.9277377724647522,6.063522815704346,6.1116461753845215,5.94802713394165,5.986526012420654,23585
2003-03-21,0.9542439579963684,6.2367658615112305,6.2367658615112305,6.1116461753845215,6.1116461753845215,26598
2003-03-24,0.9233189821243286,6.034648895263672,6.2367658615112305,5.986526012420654,6.150144100189209,31897
2003-03-25,0.9321553707122803,6.092397212982178,6.150144100189209,5.94802713394165,5.967276096343994,16416
2003-03-26,0.9351004958152771,6.1116461753845215,6.150144100189209,6.092397212982178,6.140520095825195,13819
2003-03-27,0.9336277842521667,6.102021217346191,6.121270179748535,6.0827717781066895,6.0827717781066895,4987
2003-03-28,0.9144839644432068,5.976901054382324,6.1116461753845215,5.976901054382324,6.0827717781066895,4260
2003-03-31,0.9056485891342163,5.919153213500977,5.94802713394165,5.871029853820801,5.94802713394165,13923
2003-04-01,0.9130114912986755,5.967276096343994,5.986526012420654,5.8902788162231445,5.8902788162231445,13403
2003-04-02,0.9351004958152771,6.1116461753845215,6.159769058227539,6.005774974822998,6.005774974822998,10806
2003-04-03,0.9468811750411987,6.188642978668213,6.256014823913574,6.130895137786865,6.130895137786865,6961
2003-04-04,0.9439359903335571,6.169394016265869,6.304139137268066,6.121270179748535,6.159769058227539,19118
2003-04-07,0.9616069197654724,6.284889221191406,6.32338809967041,6.217516899108887,6.2271409034729,15377
2003-04-08,0.9601348042488098,6.275265216827393,6.352262020111084,6.275265216827393,6.294514179229736,4260
2003-04-09,0.9512988924980164,6.217516899108887,6.265639781951904,6.217516899108887,6.265639781951904,7481
2003-04-10,0.9557167887687683,6.2463908195495605,6.265639781951904,6.1116461753845215,6.207891941070557,24728
2003-04-11,0.9424635171890259,6.159769058227539,6.275265216827393,6.159769058227539,6.275265216827393,8728
2003-04-14,0.9586620926856995,6.265639781951904,6.304139137268066,6.207891941070557,6.207891941070557,7689
2003-04-15,0.9616069197654724,6.284889221191406,6.33301305770874,6.198267936706543,6.217516899108887,7896
2003-04-16,0.9630799293518066,6.294514179229736,6.419633865356445,6.294514179229736,6.31376314163208,19949
2003-04-17,0.9792785048484802,6.400384902954102,6.477382183074951,6.294514179229736,6.294514179229736,21300
2003-04-21,0.9822233319282532,6.419633865356445,6.4388837814331055,6.33301305770874,6.352262020111084,18286
2003-04-22,1.0013673305511475,6.544754981994629,6.583252906799316,6.381135940551758,6.400384902954102,24105
2003-04-23,1.0043126344680786,6.564003944396973,6.573627948760986,6.506256103515625,6.525505065917969,12780
2003-04-24,1.0013673305511475,6.544754981994629,6.564003944396973,6.525505065917969,6.564003944396973,18079
2003-04-25,0.9822233319282532,6.419633865356445,6.554378986358643,6.410009860992432,6.496631145477295,18702
2003-04-28,1.0043126344680786,6.564003944396973,6.61212682723999,6.400384902954102,6.487007141113281,19118
2003-04-29,1.0131480693817139,6.62175178527832,6.62175178527832,6.506256103515625,6.564003944396973,8935
2003-04-30,1.027874231338501,6.717998027801514,6.727622985839844,6.5928778648376465,6.61212682723999,8728
2003-05-01,1.0190386772155762,6.660250186920166,6.69874906539917,6.583252906799316,6.679500102996826,29923
2003-05-02,1.027874231338501,6.717998027801514,6.737246990203857,6.641001224517822,6.641001224517822,19222
2003-05-05,1.0308191776275635,6.737246990203857,6.794994831085205,6.679500102996826,6.737246990203857,31066
2003-05-06,1.0381821393966675,6.785370826721191,6.804619789123535,6.68912410736084,6.68912410736084,22442
2003-05-07,1.0440728664398193,6.823869228363037,6.871992111206055,6.775745868682861,6.775745868682861,29715
2003-05-08,1.0440728664398193,6.823869228363037,6.881617069244385,6.717998027801514,6.881617069244385,21819
2003-05-09,1.0396549701690674,6.794994831085205,6.852743148803711,6.794994831085205,6.814243793487549,7481
2003-05-12,1.06027090549469,6.929739952087402,6.958613872528076,6.756496906280518,6.843118190765381,22754
2003-05-13,1.0573259592056274,6.910490989685059,7.016362190246582,6.871992111206055,6.910490989685059,29092
2003-05-14,1.0587987899780273,6.920114994049072,6.98748779296875,6.910490989685059,6.920114994049072,20468
2003-05-15,1.0661619901657104,6.968238830566406,7.035611152648926,6.881617069244385,6.881617069244385,18494
2003-05-16,1.0749973058700562,7.025987148284912,7.025987148284912,6.920114994049072,6.929739952087402,14650
2003-05-19,1.06027090549469,6.929739952087402,6.98748779296875,6.910490989685059,6.98748779296875,6026
2003-05-20,1.0455458164215088,6.833494186401367,6.948988914489746,6.833494186401367,6.929739952087402,17351
2003-05-21,1.0381821393966675,6.785370826721191,6.948988914489746,6.785370826721191,6.833494186401367,18806
2003-05-22,1.0529085397720337,6.881617069244385,6.9008660316467285,6.737246990203857,6.804619789123535,16520
2003-05-23,1.0573259592056274,6.910490989685059,6.929739952087402,6.9008660316467285,6.9008660316467285,8000
2003-05-27,1.0749973058700562,7.025987148284912,7.1029839515686035,6.891242027282715,6.891242027282715,12780
2003-05-28,1.0808871984481812,7.0644850730896,7.218479156494141,7.025987148284912,7.025987148284912,20157
2003-05-29,1.0897232294082642,7.122232913970947,7.179981231689453,7.025987148284912,7.045236110687256,20157
2003-05-30,1.1015043258666992,7.199230194091797,7.199230194091797,7.1029839515686035,7.1029839515686035,8416
2003-06-02,1.144209384918213,7.478344917297363,7.478344917297363,7.228104114532471,7.228104114532471,37820
2003-06-03,1.1412640810012817,7.459095001220703,7.555342197418213,7.4109721183776855,7.526467800140381,35118
2003-06-04,1.1383188962936401,7.439846038818359,7.555342197418213,7.4109721183776855,7.4109721183776855,29196
2003-06-05,1.1383188962936401,7.439846038818359,7.468719959259033,7.382098197937012,7.4494709968566895,37196
2003-06-06,1.1515717506408691,7.526467800140381,7.641963005065918,7.4494709968566895,7.4494709968566895,53093
2003-06-09,1.1368465423583984,7.430221080780029,7.526467800140381,7.430221080780029,7.487968921661377,11533
2003-06-10,1.1383188962936401,7.439846038818359,7.468719959259033,7.382098197937012,7.439846038818359,9974
2003-06-11,1.1368465423583984,7.430221080780029,7.459095001220703,7.4109721183776855,7.4109721183776855,9767
2003-06-12,1.1486272811889648,7.507217884063721,7.516842842102051,7.468719959259033,7.478344917297363,33871
2003-06-13,1.1515717506408691,7.526467800140381,7.5360918045043945,7.459095001220703,7.487968921661377,24520
2003-06-16,1.1559906005859375,7.555342197418213,7.574591159820557,7.507217884063721,7.526467800140381,21715
2003-06-17,1.1545172929763794,7.545716762542725,7.5938401222229,7.526467800140381,7.526467800140381,34079
2003-06-18,1.1530449390411377,7.5360918045043945,7.584216117858887,7.526467800140381,7.526467800140381,11949
2003-06-19,1.1559906005859375,7.555342197418213,7.564966201782227,7.555342197418213,7.555342197418213,11741
2003-06-20,1.1604081392288208,7.584216117858887,7.5938401222229,7.430221080780029,7.584216117858887,32625
2003-06-23,1.1412640810012817,7.459095001220703,7.497593879699707,7.459095001220703,7.497593879699707,8832
2003-06-24,1.1324286460876465,7.4013471603393555,7.4109721183776855,7.218479156494141,7.4109721183776855,15065
2003-06-25,1.1132850646972656,7.276226997375488,7.4013471603393555,7.276226997375488,7.362849235534668,17455
2003-06-26,1.1235926151275635,7.343599796295166,7.343599796295166,7.2473530769348145,7.314725875854492,39274
2003-06-27,1.1235926151275635,7.343599796295166,7.391723155975342,7.343599796295166,7.343599796295166,19741
2003-06-30,1.1412640810012817,7.459095001220703,7.459095001220703,7.35322380065918,7.35322380065918,33144
2003-07-01,1.1368465423583984,7.430221080780029,7.468719959259033,7.4109721183776855,7.430221080780029,27533
2003-07-02,1.1456822156906128,7.487968921661377,7.507217884063721,7.362849235534668,7.362849235534668,17040
2003-07-03,1.1486272811889648,7.507217884063721,7.5938401222229,7.4494709968566895,7.459095001220703,40937
2003-07-07,1.1604081392288208,7.584216117858887,7.690086841583252,7.574591159820557,7.574591159820557,27430
2003-07-08,1.173661231994629,7.670836925506592,7.940327167510986,7.584216117858887,7.584216117858887,46443
2003-07-09,1.170716404914856,7.651587963104248,7.776708126068115,7.6034650802612305,7.699710845947266,20261
2003-07-10,1.1589351892471313,7.574591159820557,7.622714042663574,7.555342197418213,7.622714042663574,6546
2003-07-11,1.170716404914856,7.651587963104248,7.690086841583252,7.564966201782227,7.564966201782227,8935
2003-07-14,1.1898596286773682,7.776708126068115,7.853704929351807,7.699710845947266,7.699710845947266,15897
2003-07-15,1.1898596286773682,7.776708126068115,7.901828765869141,7.747834205627441,7.815207004547119,14442
2003-07-16,1.1662979125976562,7.622714042663574,7.7285847663879395,7.6130900382995605,7.7285847663879395,15897
2003-07-17,1.1604081392288208,7.584216117858887,7.6034650802612305,7.584216117858887,7.6034650802612305,14858
2003-07-18,1.1486272811889648,7.507217884063721,7.526467800140381,7.459095001220703,7.507217884063721,11533
2003-07-21,1.1235926151275635,7.343599796295166,7.468719959259033,7.343599796295166,7.459095001220703,11533
2003-07-22,1.1412640810012817,7.459095001220703,7.487968921661377,7.372474193572998,7.420597076416016,15377
2003-07-23,1.1368465423583984,7.430221080780029,7.487968921661377,7.391723155975342,7.420597076416016,5403
2003-07-24,1.1500999927520752,7.516842842102051,7.574591159820557,7.459095001220703,7.459095001220703,10078
2003-07-25,1.1471545696258545,7.497593879699707,7.564966201782227,7.459095001220703,7.487968921661377,13091
2003-07-28,1.1589351892471313,7.574591159820557,7.670836925506592,7.574591159820557,7.574591159820557,41872
2003-07-29,1.1559906005859375,7.555342197418213,7.6034650802612305,7.487968921661377,7.487968921661377,9247
2003-07-30,1.1545172929763794,7.545716762542725,7.584216117858887,7.507217884063721,7.526467800140381,9455
2003-07-31,1.1633532047271729,7.6034650802612305,7.670836925506592,7.487968921661377,7.564966201782227,29923
2003-08-01,1.1545172929763794,7.545716762542725,7.6130900382995605,7.507217884063721,7.6130900382995605,20676
2003-08-04,1.1486272811889648,7.507217884063721,7.584216117858887,7.430221080780029,7.584216117858887,14754
2003-08-05,1.1412640810012817,7.459095001220703,7.5938401222229,7.4494709968566895,7.5360918045043945,19533
2003-08-06,1.126537799835205,7.362849235534668,7.439846038818359,7.314725875854492,7.430221080780029,11845
2003-08-07,1.0985589027404785,7.179981231689453,7.314725875854492,7.170355796813965,7.314725875854492,17144
2003-08-08,1.1029767990112305,7.208855152130127,7.295475959777832,7.199230194091797,7.228104114532471,8000
2003-08-11,1.1132850646972656,7.276226997375488,7.35322380065918,7.228104114532471,7.228104114532471,23378
2003-08-12,1.1191749572753906,7.314725875854492,7.362849235534668,7.295475959777832,7.295475959777832,4779
2003-08-13,1.1339013576507568,7.4109721183776855,7.468719959259033,7.333974838256836,7.333974838256836,24624
2003-08-14,1.128010869026184,7.372474193572998,7.4013471603393555,7.266602993011475,7.333974838256836,9974
2003-08-15,1.1383188962936401,7.439846038818359,7.459095001220703,7.382098197937012,7.4109721183776855,10910
2003-08-18,1.1530449390411377,7.5360918045043945,7.5360918045043945,7.4494709968566895,7.4494709968566895,13715
2003-08-19,1.1780790090560913,7.699710845947266,7.699710845947266,7.507217884063721,7.526467800140381,20780
2003-08-20,1.169243335723877,7.641963005065918,7.670836925506592,7.526467800140381,7.651587963104248,15065
2003-08-21,1.1780790090560913,7.699710845947266,7.7285847663879395,7.651587963104248,7.680461883544922,8624
2003-08-22,1.173661231994629,7.670836925506592,7.7574591636657715,7.6130900382995605,7.709335803985596,14130
2003-08-25,1.1633532047271729,7.6034650802612305,7.690086841583252,7.564966201782227,7.651587963104248,5299
2003-08-26,1.1486272811889648,7.507217884063721,7.584216117858887,7.459095001220703,7.555342197418213,14858
2003-08-27,1.1456822156906128,7.487968921661377,7.545716762542725,7.430221080780029,7.516842842102051,17455
2003-08-28,1.1589351892471313,7.574591159820557,7.632339000701904,7.526467800140381,7.555342197418213,13091
2003-08-29,1.1721887588500977,7.661212921142578,7.699710845947266,7.526467800140381,7.526467800140381,24001
2003-09-02,1.176606297492981,7.690086841583252,7.709335803985596,7.622714042663574,7.661212921142578,41248
2003-09-03,1.1957504749298096,7.815207004547119,7.872954845428467,7.747834205627441,7.747834205627441,26598
2003-09-04,1.2001683712005615,7.844080924987793,7.8825788497924805,7.795958042144775,7.795958042144775,9247
2003-09-05,1.1942774057388306,7.805582046508789,7.863329887390137,7.805582046508789,7.815207004547119,8935
2003-09-08,1.1986955404281616,7.834455966949463,7.844080924987793,7.680461883544922,7.680461883544922,24313
2003-09-09,1.192805290222168,7.795958042144775,7.853704929351807,7.776708126068115,7.853704929351807,14962
2003-09-10,1.1751340627670288,7.680461883544922,7.795958042144775,7.670836925506592,7.795958042144775,15689
2003-09-11,1.1780790090560913,7.699710845947266,7.718960762023926,7.632339000701904,7.632339000701904,13507
2003-09-12,1.173661231994629,7.670836925506592,7.690086841583252,7.632339000701904,7.670836925506592,11533
2003-09-15,1.1721887588500977,7.661212921142578,7.690086841583252,7.661212921142578,7.690086841583252,7792
2003-09-16,1.1751340627670288,7.680461883544922,7.699710845947266,7.651587963104248,7.661212921142578,7377
2003-09-17,1.1780790090560913,7.699710845947266,7.747834205627441,7.661212921142578,7.699710845947266,8624
2003-09-18,1.1898596286773682,7.776708126068115,7.805582046508789,7.680461883544922,7.690086841583252,20364
2003-09-19,1.1957504749298096,7.815207004547119,7.844080924987793,7.776708126068115,7.776708126068115,4779
2003-09-22,1.1824966669082642,7.7285847663879395,7.776708126068115,7.718960762023926,7.776708126068115,7689
2003-09-23,1.1913323402404785,7.786333084106445,7.786333084106445,7.7285847663879395,7.7285847663879395,6753
2003-09-24,1.176606297492981,7.690086841583252,7.767084121704102,7.690086841583252,7.767084121704102,22546
2003-09-25,1.1633532047271729,7.6034650802612305,7.670836925506592,7.6034650802612305,7.641963005065918,6546
2003-09-26,1.1486272811889648,7.507217884063721,7.622714042663574,7.507217884063721,7.6034650802612305,25663
2003-09-29,1.1486272811889648,7.507217884063721,7.564966201782227,7.468719959259033,7.555342197418213,14754
2003-09-30,1.1456822156906128,7.487968921661377,7.545716762542725,7.478344917297363,7.545716762542725,5403
2003-10-01,1.157462477684021,7.564966201782227,7.564966201782227,7.439846038818359,7.439846038818359,21923
2003-10-02,1.1751340627670288,7.680461883544922,7.680461883544922,7.555342197418213,7.564966201782227,3533
2003-10-03,1.2001683712005615,7.844080924987793,7.940327167510986,7.670836925506592,7.670836925506592,25767
2003-10-06,1.1957504749298096,7.815207004547119,7.872954845428467,7.738210201263428,7.795958042144775,13403
2003-10-07,1.1986955404281616,7.834455966949463,7.8825788497924805,7.815207004547119,7.815207004547119,9351
2003-10-08,1.2031129598617554,7.863329887390137,7.8922038078308105,7.853704929351807,7.853704929351807,12260
2003-10-09,1.2148938179016113,7.940327167510986,7.96920108795166,7.824831962585449,7.824831962585449,7689
2003-10-10,1.23403799533844,8.065447807312012,8.18094253540039,7.8922038078308105,7.8922038078308105,34910
2003-10-13,1.2399283647537231,8.1039457321167,8.142444610595703,8.046197891235352,8.046197891235352,14130
2003-10-14,1.2517091035842896,8.18094253540039,8.209816932678223,8.142444610595703,8.152069091796875,9663
2003-10-15,1.2575994729995728,8.219442367553711,8.325312614440918,8.113571166992188,8.132820129394531,23274
2003-10-16,1.2679075002670288,8.286813735961914,8.325312614440918,8.18094253540039,8.18094253540039,11533
2003-10-17,1.263489842414856,8.257940292358398,8.35418701171875,8.248315811157227,8.296439170837402,12156
2003-10-20,1.2590718269348145,8.229065895080566,8.238691329956055,8.209816932678223,8.209816932678223,10494
2003-10-21,1.2531818151474,8.190567970275879,8.257940292358398,8.18094253540039,8.238691329956055,8832
2003-10-22,1.238455891609192,8.094321250915527,8.277190208435059,8.094321250915527,8.190567970275879,18598
2003-10-23,1.2414010763168335,8.113571166992188,8.229065895080566,8.084696769714355,8.084696769714355,10390
2003-10-24,1.2266747951507568,8.017324447631836,8.123194694519043,7.988450050354004,8.084696769714355,17559
2003-10-27,1.2163667678833008,7.949952125549316,7.988450050354004,7.949952125549316,7.988450050354004,13611
2003-10-28,1.2296198606491089,8.036574363708496,8.084696769714355,7.9595770835876465,7.9595770835876465,18183
2003-10-29,1.238455891609192,8.094321250915527,8.094321250915527,7.940327167510986,7.940327167510986,7896
2003-10-30,1.236982822418213,8.084696769714355,8.132820129394531,7.97882604598999,8.132820129394531,36988
2003-10-31,1.2487636804580688,8.161693572998047,8.18094253540039,8.132820129394531,8.132820129394531,9351
2003-11-03,1.2649625539779663,8.26756477355957,8.26756477355957,8.123194694519043,8.18094253540039,12364
2003-11-04,1.2517091035842896,8.18094253540039,8.257940292358398,8.094321250915527,8.20019245147705,19845
2003-11-05,1.2517091035842896,8.18094253540039,8.257940292358398,8.161693572998047,8.161693572998047,8624
2003-11-06,1.2428730726242065,8.123194694519043,8.277190208435059,8.1039457321167,8.277190208435059,20572
2003-11-07,1.2590718269348145,8.229065895080566,8.296439170837402,8.161693572998047,8.171319007873535,9351
2003-11-10,1.2575994729995728,8.219442367553711,8.26756477355957,8.20019245147705,8.229065895080566,13299
2003-11-11,1.2443459033966064,8.132820129394531,8.20019245147705,8.113571166992188,8.20019245147705,7585
2003-11-12,1.2458183765411377,8.142444610595703,8.171319007873535,8.113571166992188,8.113571166992188,5195
2003-11-13,1.2561269998550415,8.209816932678223,8.219442367553711,8.142444610595703,8.142444610595703,21923
2003-11-14,1.2487636804580688,8.161693572998047,8.18094253540039,8.123194694519043,8.171319007873535,22962
2003-11-17,1.235511064529419,8.075072288513184,8.084696769714355,7.988450050354004,8.084696769714355,19014
2003-11-18,1.235511064529419,8.075072288513184,8.132820129394531,8.075072288513184,8.123194694519043,16520
2003-11-19,1.2237299680709839,7.998075008392334,8.075072288513184,7.988450050354004,8.075072288513184,7065
2003-11-20,1.219312071800232,7.96920108795166,7.988450050354004,7.940327167510986,7.988450050354004,2078
2003-11-21,1.2237299680709839,7.998075008392334,8.007699966430664,7.9595770835876465,7.988450050354004,5299
2003-11-24,1.2325656414031982,8.05582332611084,8.075072288513184,7.96920108795166,7.96920108795166,9871
2003-11-25,1.236982822418213,8.084696769714355,8.1039457321167,8.084696769714355,8.084696769714355,4676
2003-11-26,1.2472913265228271,8.152069091796875,8.161693572998047,8.113571166992188,8.113571166992188,13195
2003-11-28,1.2517091035842896,8.18094253540039,8.190567970275879,8.161693572998047,8.161693572998047,5507
2003-12-01,1.263489842414856,8.257940292358398,8.325312614440918,8.229065895080566,8.229065895080566,52781
2003-12-02,1.2693805694580078,8.296439170837402,8.363810539245605,8.257940292358398,8.257940292358398,51846
2003-12-03,1.2723255157470703,8.315688133239746,8.373435974121094,8.26756477355957,8.277190208435059,15481
2003-12-04,1.2620176076889038,8.248315811157227,8.306063652038574,8.229065895080566,8.277190208435059,26494
2003-12-05,1.2517091035842896,8.18094253540039,8.248315811157227,8.18094253540039,8.248315811157227,14130
2003-12-08,1.2517091035842896,8.18094253540039,8.219442367553711,8.113571166992188,8.113571166992188,12468
2003-12-09,1.2428730726242065,8.123194694519043,8.229065895080566,8.123194694519043,8.229065895080566,14546
2003-12-10,1.235511064529419,8.075072288513184,8.152069091796875,8.036574363708496,8.152069091796875,12468
2003-12-11,1.2443459033966064,8.132820129394531,8.18094253540039,8.084696769714355,8.1039457321167,15689
2003-12-12,1.2517091035842896,8.18094253540039,8.26756477355957,8.152069091796875,8.152069091796875,19949
2003-12-15,1.2590718269348145,8.229065895080566,8.35418701171875,8.20019245147705,8.20019245147705,39170
2003-12-16,1.2575994729995728,8.219442367553711,8.229065895080566,8.142444610595703,8.190567970275879,13299
2003-12-17,1.263489842414856,8.257940292358398,8.257940292358398,8.190567970275879,8.257940292358398,18702
2003-12-18,1.2737982273101807,8.325312614440918,8.325312614440918,8.209816932678223,8.296439170837402,58392
2003-12-19,1.2737982273101807,8.325312614440918,8.373435974121094,8.277190208435059,8.35418701171875,40729
2003-12-22,1.2826337814331055,8.383061408996582,8.383061408996582,8.306063652038574,8.325312614440918,50911
2003-12-23,1.300304889678955,8.498556137084961,8.498556137084961,8.35418701171875,8.35418701171875,35326
2003-12-24,1.312085509300232,8.575552940368652,8.604427337646484,8.479307174682617,8.565929412841797,17871
2003-12-26,1.3135586977005005,8.58517837524414,8.65255069732666,8.575552940368652,8.614051818847656,6026
2003-12-29,1.3223940134048462,8.642926216125488,8.662175178527832,8.58517837524414,8.63330078125,30650
2003-12-30,1.3253395557403564,8.662175178527832,8.739171981811523,8.642926216125488,8.65255069732666,24832
2003-12-31,1.335647702217102,8.729548454284668,8.739171981811523,8.681424140930176,8.681424140930176,24105
2004-01-02,1.3430101871490479,8.777670860290527,8.845043182373047,8.729548454284668,8.748797416687012,17663
2004-01-05,1.3547906875610352,8.854667663574219,8.931665420532227,8.80654525756836,8.80654525756836,18702
2004-01-06,1.3636271953582764,8.912416458129883,8.999037742614746,8.902791023254395,8.902791023254395,19222
2004-01-07,1.3724628686904907,8.97016429901123,8.97016429901123,8.864293098449707,8.864293098449707,40521
2004-01-08,1.4136953353881836,9.239653587341309,9.239653587341309,8.931665420532227,8.931665420532227,33352
2004-01-09,1.407804250717163,9.201154708862305,9.278152465820312,9.1626558303833,9.258902549743652,28988
2004-01-12,1.4284213781356812,9.33590030670166,9.374398231506348,9.201154708862305,9.201154708862305,37820
2004-01-13,1.4019138813018799,9.1626558303833,9.287776947021484,9.1626558303833,9.287776947021484,13403
2004-01-14,1.407804250717163,9.201154708862305,9.239653587341309,9.143406867980957,9.143406867980957,22339
2004-01-15,1.4063314199447632,9.191530227661133,9.393648147583008,9.143406867980957,9.153032302856445,21300
2004-01-16,1.4151670932769775,9.24927806854248,9.287776947021484,9.1626558303833,9.1626558303833,14338
2004-01-20,1.4225307703018188,9.297401428222656,9.576516151428223,9.287776947021484,9.576516151428223,50391
2004-01-21,1.424002766609192,9.307025909423828,9.355149269104004,9.24927806854248,9.287776947021484,24936
2004-01-22,1.4357839822769165,9.38402271270752,9.403271675109863,9.307025909423828,9.307025909423828,36469
2004-01-23,1.4431469440460205,9.432146072387695,9.489893913269043,9.33590030670166,9.412897109985352,56625
2004-01-26,1.459345817565918,9.538017272949219,9.538017272949219,9.364773750305176,9.38402271270752,50184
2004-01-27,1.4505103826522827,9.480269432067871,9.518768310546875,9.364773750305176,9.518768310546875,33352
2004-01-28,1.4357839822769165,9.38402271270752,9.480269432067871,9.374398231506348,9.432146072387695,35742
2004-01-29,1.4225307703018188,9.297401428222656,9.33590030670166,9.220403671264648,9.33590030670166,28988
2004-01-30,1.4136953353881836,9.239653587341309,9.287776947021484,9.143406867980957,9.287776947021484,28780
2004-02-02,1.407804250717163,9.201154708862305,9.239653587341309,9.153032302856445,9.239653587341309,7792
2004-02-03,1.3901337385177612,9.08565902709961,9.210780143737793,8.999037742614746,9.201154708862305,14962
2004-02-04,1.3754074573516846,8.989413261413574,9.047161102294922,8.97016429901123,9.047161102294922,18390
2004-02-05,1.3724628686904907,8.97016429901123,9.066410064697266,8.941289901733398,8.989413261413574,20988
2004-02-06,1.3886610269546509,9.076034545898438,9.08565902709961,8.97016429901123,8.97016429901123,25975
2004-02-09,1.4033869504928589,9.172281265258789,9.210780143737793,9.10490894317627,9.10490894317627,10286
2004-02-10,1.4092776775360107,9.210780143737793,9.278152465820312,9.172281265258789,9.172281265258789,9871
2004-02-11,1.446092128753662,9.451395988464355,9.4706449508667,9.258902549743652,9.258902549743652,27430
2004-02-12,1.4534552097320557,9.499519348144531,9.509142875671387,9.461020469665527,9.480269432067871,20988
2004-02-13,1.4431469440460205,9.432146072387695,9.480269432067871,9.432146072387695,9.4706449508667,23481
2004-02-17,1.4681810140609741,9.595765113830566,9.61501407623291,9.403271675109863,9.4706449508667,21403
2004-02-18,1.4696537256240845,9.605389595031738,9.682387351989746,9.489893913269043,9.624638557434082,30339
2004-02-19,1.4725987911224365,9.624638557434082,9.63426399230957,9.480269432067871,9.576516151428223,48625
2004-02-20,1.4637638330459595,9.566890716552734,9.595765113830566,9.4706449508667,9.595765113830566,14026
2004-02-23,1.4416744709014893,9.422521591186523,9.528392791748047,9.38402271270752,9.528392791748047,17767
2004-02-24,1.4284213781356812,9.33590030670166,9.461020469665527,9.33590030670166,9.422521591186523,12676
2004-02-25,1.4269487857818604,9.326274871826172,9.364773750305176,9.258902549743652,9.33590030670166,12884
2004-02-26,1.4195853471755981,9.278152465820312,9.287776947021484,9.239653587341309,9.287776947021484,10806
2004-02-27,1.4225307703018188,9.297401428222656,9.355149269104004,9.278152465820312,9.33590030670166,8104
2004-03-01,1.4357839822769165,9.38402271270752,9.461020469665527,9.287776947021484,9.287776947021484,11117
2004-03-02,1.440201759338379,9.412897109985352,9.432146072387695,9.38402271270752,9.38402271270752,13819
2004-03-03,1.4313665628433228,9.355149269104004,9.393648147583008,9.297401428222656,9.374398231506348,5922
2004-03-04,1.4284213781356812,9.33590030670166,9.393648147583008,9.326274871826172,9.393648147583008,6338
2004-03-05,1.4298933744430542,9.345524787902832,9.355149269104004,9.33590030670166,9.345524787902832,8520
2004-03-08,1.4313665628433228,9.355149269104004,9.422521591186523,9.345524787902832,9.345524787902832,12572
2004-03-09,1.4416744709014893,9.422521591186523,9.461020469665527,9.326274871826172,9.412897109985352,34703
2004-03-10,1.4181127548217773,9.268527030944824,9.422521591186523,9.220403671264648,9.355149269104004,19637
2004-03-11,1.3960237503051758,9.124157905578613,9.201154708862305,9.10490894317627,9.191530227661133,23793
2004-03-12,1.4033869504928589,9.172281265258789,9.191530227661133,8.999037742614746,9.027911186218262,21507
2004-03-15,1.3783528804779053,9.008662223815918,9.114533424377441,9.008662223815918,9.114533424377441,14650
2004-03-16,1.3577367067337036,8.873916625976562,9.10490894317627,8.864293098449707,9.10490894317627,27637
2004-03-17,1.3783528804779053,9.008662223815918,9.027911186218262,8.893166542053223,8.922039985656738,22650
2004-03-18,1.3739346265792847,8.979787826538086,9.01828670501709,8.902791023254395,8.97016429901123,5715
2004-03-19,1.3621537685394287,8.902791023254395,9.191530227661133,8.902791023254395,9.191530227661133,20261
2004-03-22,1.3400652408599854,8.758421897888184,8.902791023254395,8.739171981811523,8.902791023254395,9559
2004-03-23,1.3327020406723022,8.710297584533691,8.80654525756836,8.691048622131348,8.80654525756836,9247
2004-03-24,1.3223940134048462,8.642926216125488,8.739171981811523,8.642926216125488,8.739171981811523,15793
2004-03-25,1.3430101871490479,8.777670860290527,8.7872953414917,8.710297584533691,8.710297584533691,19325
2004-03-26,1.3415378332138062,8.768046379089355,8.835418701171875,8.768046379089355,8.80654525756836,16520
2004-03-29,1.3621537685394287,8.902791023254395,9.037535667419434,8.80654525756836,8.80654525756836,27637
2004-03-30,1.3695167303085327,8.95091438293457,8.95091438293457,8.893166542053223,8.893166542053223,9871
2004-03-31,1.3739346265792847,8.979787826538086,9.047161102294922,8.97016429901123,9.047161102294922,14026
2004-04-01,1.3916056156158447,9.095284461975098,9.095284461975098,9.037535667419434,9.095284461975098,35430
2004-04-02,1.4004417657852173,9.153032302856445,9.239653587341309,9.153032302856445,9.1626558303833,34183
2004-04-05,1.4357839822769165,9.38402271270752,9.663138389587402,9.153032302856445,9.153032302856445,116680
2004-04-06,1.44461989402771,9.441770553588867,9.566890716552734,9.268527030944824,9.355149269104004,31274
2004-04-07,1.4357839822769165,9.38402271270752,9.451395988464355,9.326274871826172,9.403271675109863,11533
2004-04-08,1.4357839822769165,9.38402271270752,9.586140632629395,9.38402271270752,9.489893913269043,27533
2004-04-12,1.4622913599014282,9.557267189025879,9.576516151428223,9.33590030670166,9.33590030670166,26079
2004-04-13,1.4357839822769165,9.38402271270752,9.509142875671387,9.355149269104004,9.489893913269043,16208
2004-04-14,1.4151670932769775,9.24927806854248,9.287776947021484,9.210780143737793,9.239653587341309,16312
2004-04-15,1.4019138813018799,9.1626558303833,9.239653587341309,9.1626558303833,9.201154708862305,9559
2004-04-16,1.4019138813018799,9.1626558303833,9.33590030670166,9.143406867980957,9.1626558303833,17975
2004-04-19,1.4019138813018799,9.1626558303833,9.191530227661133,9.143406867980957,9.153032302856445,8728
2004-04-20,1.3916056156158447,9.095284461975098,9.181905746459961,9.095284461975098,9.143406867980957,50703
2004-04-21,1.4063314199447632,9.191530227661133,9.191530227661133,9.10490894317627,9.114533424377441,11117
2004-04-22,1.4284213781356812,9.33590030670166,9.576516151428223,9.287776947021484,9.287776947021484,32728
2004-04-23,1.421058177947998,9.287776947021484,9.403271675109863,9.239653587341309,9.33590030670166,10390
2004-04-26,1.4122226238250732,9.230029106140137,9.307025909423828,9.230029106140137,9.239653587341309,13611
2004-04-27,1.4151670932769775,9.24927806854248,9.364773750305176,9.191530227661133,9.191530227661133,21196
2004-04-28,1.3989686965942383,9.143406867980957,9.210780143737793,9.10490894317627,9.172281265258789,13611
2004-04-29,1.3842432498931885,9.047161102294922,9.124157905578613,9.047161102294922,9.095284461975098,16624
2004-04-30,1.3842432498931885,9.047161102294922,9.066410064697266,8.999037742614746,9.066410064697266,5403
2004-05-03,1.3812978267669678,9.027911186218262,9.095284461975098,9.027911186218262,9.095284461975098,8624
2004-05-04,1.3827701807022095,9.037535667419434,9.095284461975098,8.97016429901123,9.095284461975098,7377
2004-05-05,1.3916056156158447,9.095284461975098,9.114533424377441,9.047161102294922,9.095284461975098,6546
2004-05-06,1.3680450916290283,8.941289901733398,9.056784629821777,8.873916625976562,9.056784629821777,11221
2004-05-07,1.3474282026290894,8.80654525756836,8.873916625976562,8.80654525756836,8.873916625976562,6857
2004-05-10,1.3253395557403564,8.662175178527832,8.662175178527832,8.54667854309082,8.614051818847656,21715
2004-05-11,1.307667851448059,8.54667854309082,8.556303977966309,8.325312614440918,8.325312614440918,39274
2004-05-12,1.2885241508483887,8.42155933380127,8.614051818847656,8.373435974121094,8.517806053161621,13923
2004-05-13,1.2958873510360718,8.469681739807129,8.498556137084961,8.383061408996582,8.450432777404785,14858
2004-05-14,1.2885241508483887,8.42155933380127,8.537055015563965,8.35418701171875,8.537055015563965,12572
2004-05-17,1.2664347887039185,8.277190208435059,8.363810539245605,8.26756477355957,8.363810539245605,8104
2004-05-18,1.2664347887039185,8.277190208435059,8.373435974121094,8.257940292358398,8.373435974121094,10390
2004-05-19,1.2826337814331055,8.383061408996582,8.450432777404785,8.315688133239746,8.315688133239746,6546
2004-05-20,1.2767431735992432,8.344561576843262,8.42155933380127,8.33493709564209,8.383061408996582,10806
2004-05-21,1.292941927909851,8.450432777404785,8.450432777404785,8.363810539245605,8.363810539245605,15585
2004-05-24,1.3032503128051758,8.517806053161621,8.614051818847656,8.42155933380127,8.498556137084961,25352
2004-05-25,1.3341748714447021,8.71992301940918,8.777670860290527,8.488931655883789,8.488931655883789,14650
2004-05-26,1.3327020406723022,8.710297584533691,8.71992301940918,8.537055015563965,8.691048622131348,9871
2004-05-27,1.3444825410842896,8.7872953414917,8.854667663574219,8.691048622131348,8.71992301940918,12364
2004-05-28,1.3415378332138062,8.768046379089355,8.835418701171875,8.739171981811523,8.739171981811523,10806
2004-06-01,1.335647702217102,8.729548454284668,8.768046379089355,8.614051818847656,8.729548454284668,10182
2004-06-02,1.3592090606689453,8.88354206085205,8.88354206085205,8.729548454284668,8.768046379089355,6753
2004-06-03,1.338592529296875,8.748797416687012,8.835418701171875,8.739171981811523,8.835418701171875,6857
2004-06-04,1.3489009141921997,8.816168785095215,8.854667663574219,8.7872953414917,8.7872953414917,7585
2004-06-07,1.3547906875610352,8.854667663574219,8.95091438293457,8.845043182373047,8.845043182373047,12260
2004-06-08,1.3577367067337036,8.873916625976562,8.88354206085205,8.816168785095215,8.88354206085205,6026
2004-06-09,1.3474282026290894,8.80654525756836,8.854667663574219,8.80654525756836,8.845043182373047,7481
2004-06-10,1.3533185720443726,8.845043182373047,8.902791023254395,8.777670860290527,8.854667663574219,15689
2004-06-14,1.350373387336731,8.825794219970703,8.854667663574219,8.739171981811523,8.854667663574219,9039
2004-06-15,1.345955729484558,8.796919822692871,8.845043182373047,8.71992301940918,8.758421897888184,13403
2004-06-16,1.3444825410842896,8.7872953414917,8.796919822692871,8.71992301940918,8.71992301940918,17663
2004-06-17,1.3341748714447021,8.71992301940918,8.816168785095215,8.700674057006836,8.777670860290527,12052
2004-06-18,1.3400652408599854,8.758421897888184,8.80654525756836,8.700674057006836,8.700674057006836,13715
2004-06-21,1.335647702217102,8.729548454284668,8.758421897888184,8.71992301940918,8.758421897888184,11533
2004-06-22,1.3341748714447021,8.71992301940918,8.768046379089355,8.700674057006836,8.71992301940918,8728
2004-06-23,1.3371198177337646,8.739171981811523,8.758421897888184,8.71992301940918,8.71992301940918,8208
2004-06-24,1.338592529296875,8.748797416687012,8.768046379089355,8.710297584533691,8.71992301940918,13091
2004-06-25,1.335647702217102,8.729548454284668,8.758421897888184,8.691048622131348,8.758421897888184,19118
2004-06-28,1.3341748714447021,8.71992301940918,8.758421897888184,8.700674057006836,8.700674057006836,16936
2004-06-29,1.3415378332138062,8.768046379089355,8.80654525756836,8.700674057006836,8.700674057006836,23378
2004-06-30,1.3489009141921997,8.816168785095215,8.816168785095215,8.739171981811523,8.748797416687012,7689
2004-07-01,1.3371198177337646,8.739171981811523,8.80654525756836,8.71992301940918,8.777670860290527,20988
2004-07-02,1.335647702217102,8.729548454284668,8.758421897888184,8.710297584533691,8.710297584533691,22546
2004-07-06,1.3253395557403564,8.662175178527832,8.80654525756836,8.662175178527832,8.691048622131348,26183
2004-07-07,1.3238667249679565,8.65255069732666,8.662175178527832,8.575552940368652,8.662175178527832,17351
2004-07-08,1.2988324165344238,8.488931655883789,8.623677253723145,8.479307174682617,8.614051818847656,32417
2004-07-09,1.297359585762024,8.479307174682617,8.517806053161621,8.440808296203613,8.517806053161621,25352
2004-07-12,1.2988324165344238,8.488931655883789,8.488931655883789,8.431183815002441,8.479307174682617,31586
2004-07-13,1.3032503128051758,8.517806053161621,8.517806053161621,8.460058212280273,8.479307174682617,12676
2004-07-14,1.2988324165344238,8.488931655883789,8.517806053161621,8.42155933380127,8.42155933380127,29196
2004-07-15,1.300304889678955,8.498556137084961,8.517806053161621,8.488931655883789,8.488931655883789,8832
2004-07-16,1.2899969816207886,8.431183815002441,8.498556137084961,8.42155933380127,8.498556137084961,14858
2004-07-19,1.2914694547653198,8.440808296203613,8.479307174682617,8.431183815002441,8.431183815002441,6546
2004-07-20,1.3017772436141968,8.508180618286133,8.527429580688477,8.431183815002441,8.527429580688477,13715
2004-07-21,1.2958873510360718,8.469681739807129,8.488931655883789,8.440808296203613,8.488931655883789,16936
2004-07-22,1.2944151163101196,8.460058212280273,8.556303977966309,8.392684936523438,8.431183815002441,7585
2004-07-23,1.2841062545776367,8.392684936523438,8.431183815002441,8.383061408996582,8.431183815002441,7169
2004-07-26,1.2752708196640015,8.33493709564209,8.383061408996582,8.33493709564209,8.33493709564209,26391
2004-07-27,1.2723255157470703,8.315688133239746,8.344561576843262,8.315688133239746,8.33493709564209,6130
2004-07-28,1.2679075002670288,8.286813735961914,8.33493709564209,8.286813735961914,8.325312614440918,21819
2004-07-29,1.2708534002304077,8.306063652038574,8.383061408996582,8.296439170837402,8.296439170837402,16728
2004-07-30,1.2767431735992432,8.344561576843262,8.411934852600098,8.286813735961914,8.286813735961914,6234
2004-08-02,1.2782155275344849,8.35418701171875,8.363810539245605,8.296439170837402,8.296439170837402,16624
2004-08-03,1.2796882390975952,8.363810539245605,8.411934852600098,8.363810539245605,8.411934852600098,8520
2004-08-04,1.2693805694580078,8.296439170837402,8.402310371398926,8.286813735961914,8.402310371398926,9871
2004-08-05,1.2546539306640625,8.20019245147705,8.35418701171875,7.988450050354004,8.296439170837402,84886
2004-08-06,1.236982822418213,8.084696769714355,8.1039457321167,8.05582332611084,8.1039457321167,11117
2004-08-09,1.228147029876709,8.026948928833008,8.046197891235352,8.007699966430664,8.046197891235352,5715
2004-08-10,1.23403799533844,8.065447807312012,8.132820129394531,8.036574363708496,8.132820129394531,8728
2004-08-11,1.235511064529419,8.075072288513184,8.075072288513184,8.026948928833008,8.026948928833008,10910
2004-08-12,1.228147029876709,8.026948928833008,8.05582332611084,8.017324447631836,8.05582332611084,7585
2004-08-13,1.228147029876709,8.026948928833008,8.075072288513184,7.988450050354004,8.026948928833008,24936
2004-08-16,1.2575994729995728,8.219442367553711,8.325312614440918,8.017324447631836,8.017324447631836,27845
2004-08-17,1.2502363920211792,8.171319007873535,8.209816932678223,8.113571166992188,8.209816932678223,9351
2004-08-18,1.2708534002304077,8.306063652038574,8.306063652038574,8.161693572998047,8.171319007873535,9143
2004-08-19,1.2679075002670288,8.286813735961914,8.286813735961914,8.209816932678223,8.257940292358398,15897
2004-08-20,1.2737982273101807,8.325312614440918,8.35418701171875,8.257940292358398,8.257940292358398,14130
2004-08-23,1.2841062545776367,8.392684936523438,8.469681739807129,8.306063652038574,8.306063652038574,11325
2004-08-24,1.292941927909851,8.450432777404785,8.488931655883789,8.373435974121094,8.373435974121094,14026
2004-08-25,1.287051796913147,8.411934852600098,8.42155933380127,8.35418701171875,8.42155933380127,14754
2004-08-26,1.2826337814331055,8.383061408996582,8.392684936523438,8.383061408996582,8.383061408996582,14546
2004-08-27,1.281160593032837,8.373435974121094,8.402310371398926,8.35418701171875,8.392684936523438,12884
2004-08-30,1.2782155275344849,8.35418701171875,8.35418701171875,8.286813735961914,8.33493709564209,21507
2004-08-31,1.2752708196640015,8.33493709564209,8.33493709564209,8.286813735961914,8.296439170837402,5091
2004-09-01,1.2693805694580078,8.296439170837402,8.325312614440918,8.277190208435059,8.277190208435059,17144
2004-09-02,1.2841062545776367,8.392684936523438,8.392684936523438,8.296439170837402,8.296439170837402,9351
2004-09-03,1.281160593032837,8.373435974121094,8.411934852600098,8.35418701171875,8.373435974121094,7585
2004-09-07,1.297359585762024,8.479307174682617,8.479307174682617,8.296439170837402,8.296439170837402,15273
2004-09-08,1.2841062545776367,8.392684936523438,8.469681739807129,8.325312614440918,8.42155933380127,18910
2004-09-09,1.2914694547653198,8.440808296203613,8.440808296203613,8.383061408996582,8.431183815002441,15169
2004-09-10,1.2958873510360718,8.469681739807129,8.469681739807129,8.411934852600098,8.460058212280273,8208
2004-09-13,1.312085509300232,8.575552940368652,8.63330078125,8.498556137084961,8.498556137084961,20988
2004-09-14,1.3061952590942383,8.537055015563965,8.63330078125,8.527429580688477,8.575552940368652,14130
2004-09-15,1.315030813217163,8.594802856445312,8.614051818847656,8.58517837524414,8.58517837524414,9143
2004-09-16,1.312085509300232,8.575552940368652,8.594802856445312,8.54667854309082,8.594802856445312,21507
2004-09-17,1.3223940134048462,8.642926216125488,8.65255069732666,8.614051818847656,8.614051818847656,9663
2004-09-20,1.3165035247802734,8.604427337646484,8.642926216125488,8.527429580688477,8.642926216125488,12156
2004-09-21,1.3312294483184814,8.700674057006836,8.700674057006836,8.537055015563965,8.537055015563965,38755
2004-09-22,1.3223940134048462,8.642926216125488,8.71992301940918,8.614051818847656,8.671799659729004,27014
2004-09-23,1.3106133937835693,8.565929412841797,8.681424140930176,8.527429580688477,8.681424140930176,14858
2004-09-24,1.3032503128051758,8.517806053161621,8.575552940368652,8.508180618286133,8.537055015563965,9974
2004-09-27,1.2988324165344238,8.488931655883789,8.498556137084961,8.460058212280273,8.498556137084961,11845
2004-09-28,1.304722547531128,8.527429580688477,8.604427337646484,8.440808296203613,8.450432777404785,11221
2004-09-29,1.3135586977005005,8.58517837524414,8.58517837524414,8.498556137084961,8.517806053161621,4987
2004-09-30,1.315030813217163,8.594802856445312,8.614051818847656,8.58517837524414,8.58517837524414,3533
2004-10-01,1.3341748714447021,8.71992301940918,8.71992301940918,8.623677253723145,8.623677253723145,19118
2004-10-04,1.3474282026290894,8.80654525756836,8.845043182373047,8.768046379089355,8.768046379089355,13403
2004-10-05,1.3533185720443726,8.845043182373047,8.88354206085205,8.7872953414917,8.854667663574219,32936
2004-10-06,1.3518459796905518,8.835418701171875,8.873916625976562,8.71992301940918,8.816168785095215,42807
2004-10-07,1.3474282026290894,8.80654525756836,8.854667663574219,8.796919822692871,8.835418701171875,29923
2004-10-08,1.345955729484558,8.796919822692871,8.88354206085205,8.758421897888184,8.758421897888184,9247
2004-10-11,1.3518459796905518,8.835418701171875,8.835418701171875,8.777670860290527,8.7872953414917,14234
2004-10-12,1.3592090606689453,8.88354206085205,8.88354206085205,8.777670860290527,8.80654525756836,8416
2004-10-13,1.3489009141921997,8.816168785095215,8.88354206085205,8.758421897888184,8.854667663574219,9455
2004-10-14,1.3415378332138062,8.768046379089355,8.825794219970703,8.71992301940918,8.796919822692871,9871
2004-10-15,1.3474282026290894,8.80654525756836,8.80654525756836,8.758421897888184,8.768046379089355,7169
2004-10-18,1.345955729484558,8.796919822692871,8.873916625976562,8.71992301940918,8.864293098449707,12156
2004-10-19,1.3444825410842896,8.7872953414917,8.816168785095215,8.729548454284668,8.816168785095215,19741
2004-10-20,1.350373387336731,8.825794219970703,8.825794219970703,8.681424140930176,8.768046379089355,15793
2004-10-21,1.338592529296875,8.748797416687012,8.835418701171875,8.691048622131348,8.796919822692871,7065
2004-10-22,1.3444825410842896,8.7872953414917,8.7872953414917,8.681424140930176,8.768046379089355,16312
2004-10-25,1.3312294483184814,8.700674057006836,8.758421897888184,8.681424140930176,8.739171981811523,9559
2004-10-26,1.3430101871490479,8.777670860290527,8.825794219970703,8.700674057006836,8.710297584533691,28988
2004-10-27,1.3518459796905518,8.835418701171875,8.845043182373047,8.768046379089355,8.796919822692871,44054
2004-10-28,1.3606816530227661,8.893166542053223,8.893166542053223,8.835418701171875,8.835418701171875,6961
2004-10-29,1.3577367067337036,8.873916625976562,8.912416458129883,8.864293098449707,8.902791023254395,10494
2004-11-01,1.3621537685394287,8.902791023254395,9.08565902709961,8.88354206085205,8.95091438293457,18806
2004-11-02,1.3798257112503052,9.01828670501709,9.047161102294922,8.922039985656738,8.922039985656738,54547
2004-11-03,1.3901337385177612,9.08565902709961,9.143406867980957,9.056784629821777,9.056784629821777,25871
2004-11-04,1.4063314199447632,9.191530227661133,9.210780143737793,9.047161102294922,9.08565902709961,30858
2004-11-05,1.4033869504928589,9.172281265258789,9.278152465820312,9.172281265258789,9.258902549743652,11221
2004-11-08,1.4048593044281006,9.181905746459961,9.210780143737793,9.172281265258789,9.181905746459961,12364
2004-11-09,1.4033869504928589,9.172281265258789,9.220403671264648,9.153032302856445,9.181905746459961,16312
2004-11-10,1.4063314199447632,9.191530227661133,9.230029106140137,9.172281265258789,9.172281265258789,12260
2004-11-11,1.4107495546340942,9.220403671264648,9.239653587341309,9.181905746459961,9.210780143737793,45300
2004-11-12,1.4254754781723022,9.316651344299316,9.316651344299316,9.230029106140137,9.230029106140137,39794
2004-11-15,1.4328395128250122,9.364773750305176,9.38402271270752,9.345524787902832,9.345524787902832,9039
2004-11-16,1.4343115091323853,9.374398231506348,9.38402271270752,9.326274871826172,9.345524787902832,17871
2004-11-17,1.4505103826522827,9.480269432067871,9.509142875671387,9.403271675109863,9.403271675109863,45300
2004-11-18,1.4578726291656494,9.528392791748047,9.538017272949219,9.480269432067871,9.480269432067871,15377
2004-11-19,1.44461989402771,9.441770553588867,9.480269432067871,9.38402271270752,9.480269432067871,26494
2004-11-22,1.4505103826522827,9.480269432067871,9.480269432067871,9.355149269104004,9.38402271270752,29196
2004-11-23,1.4622913599014282,9.557267189025879,9.557267189025879,9.432146072387695,9.461020469665527,11637
2004-11-24,1.465235948562622,9.576516151428223,9.595765113830566,9.480269432067871,9.576516151428223,13715
2004-11-26,1.4637638330459595,9.566890716552734,9.643888473510742,9.566890716552734,9.624638557434082,12260
2004-11-29,1.4711260795593262,9.61501407623291,9.663138389587402,9.566890716552734,9.663138389587402,24832
2004-11-30,1.4784895181655884,9.663138389587402,9.663138389587402,9.624638557434082,9.624638557434082,45508
2004-12-01,1.5064685344696045,9.846006393432617,9.846006393432617,9.63426399230957,9.63426399230957,47794
2004-12-02,1.5005778074264526,9.807506561279297,9.836380958557129,9.74975872039795,9.817131996154785,50184
2004-12-03,1.5005778074264526,9.807506561279297,9.884504318237305,9.797883033752441,9.865255355834961,16312
2004-12-06,1.5049962997436523,9.836380958557129,9.884504318237305,9.76900863647461,9.817131996154785,15481
2004-12-07,1.4887983798980713,9.730509757995605,9.865255355834961,9.730509757995605,9.836380958557129,23897
2004-12-08,1.4799617528915405,9.672761917114258,9.846006393432617,9.663138389587402,9.740135192871094,8832
2004-12-09,1.4858523607254028,9.711260795593262,9.74975872039795,9.643888473510742,9.682387351989746,20884
2004-12-10,1.4873254299163818,9.720885276794434,9.76900863647461,9.682387351989746,9.759384155273438,18702
2004-12-13,1.4946887493133545,9.76900863647461,9.788257598876953,9.70163631439209,9.740135192871094,14962
2004-12-14,1.503523588180542,9.82675552368164,9.82675552368164,9.730509757995605,9.759384155273438,18702
2004-12-15,1.5064685344696045,9.846006393432617,9.874879837036133,9.807506561279297,9.807506561279297,24624
2004-12-16,1.5020511150360107,9.817131996154785,9.855629920959473,9.817131996154785,9.846006393432617,34183
2004-12-17,1.5049962997436523,9.836380958557129,9.846006393432617,9.778633117675781,9.788257598876953,21819
2004-12-20,1.5049962997436523,9.836380958557129,9.874879837036133,9.82675552368164,9.846006393432617,47378
2004-12-21,1.522667407989502,9.951876640319824,9.951876640319824,9.846006393432617,9.846006393432617,30650
2004-12-22,1.5256125926971436,9.971125602722168,10.105871200561523,9.971125602722168,10.0,47794
2004-12-23,1.5447559356689453,10.096245765686035,10.105871200561523,10.028874397277832,10.028874397277832,9143
2004-12-27,1.5447559356689453,10.096245765686035,10.125120162963867,10.009625434875488,10.009625434875488,26598
2004-12-28,1.550646424293518,10.134744644165039,10.202116966247559,10.096245765686035,10.17324447631836,22027
2004-12-29,1.558010220527649,10.182868003845215,10.221366882324219,10.096245765686035,10.105871200561523,50391
2004-12-30,1.5565376281738281,10.17324447631836,10.23099136352539,10.105871200561523,10.221366882324219,49664
2004-12-31,1.572735071182251,10.279114723205566,10.375361442565918,10.134744644165039,10.134744644165039,24313
2005-01-03,1.583044409751892,10.346487045288086,10.413859367370605,10.221366882324219,10.221366882324219,17975
2005-01-04,1.5447559356689453,10.096245765686035,10.336861610412598,10.096245765686035,10.336861610412598,31066
2005-01-05,1.5256125926971436,9.971125602722168,10.06737232208252,9.961501121520996,10.009625434875488,10702
2005-01-06,1.5108866691589355,9.874879837036133,9.93262767791748,9.836380958557129,9.93262767791748,23793
2005-01-07,1.5256125926971436,9.971125602722168,10.0,9.894128799438477,9.894128799438477,9247
2005-01-10,1.524140477180481,9.961501121520996,9.980751037597656,9.82675552368164,9.951876640319824,8208
2005-01-11,1.5182496309280396,9.923003196716309,10.009625434875488,9.874879837036133,10.0,13195
2005-01-12,1.528557300567627,9.990374565124512,9.990374565124512,9.817131996154785,9.942252159118652,18079
2005-01-13,1.5182496309280396,9.923003196716309,10.009625434875488,9.894128799438477,9.93262767791748,11845
2005-01-14,1.5315029621124268,10.009625434875488,10.009625434875488,9.865255355834961,9.865255355834961,9039
2005-01-18,1.5388660430908203,10.057747840881348,10.076996803283691,9.865255355834961,9.961501121520996,7169
2005-01-19,1.5211948156356812,9.942252159118652,10.076996803283691,9.923003196716309,10.076996803283691,16104
2005-01-20,1.5123592615127563,9.884504318237305,9.980751037597656,9.874879837036133,9.942252159118652,13611
2005-01-21,1.5049962997436523,9.836380958557129,9.903754234313965,9.778633117675781,9.884504318237305,26702
2005-01-24,1.4991062879562378,9.797883033752441,9.91337776184082,9.797883033752441,9.865255355834961,33975
2005-01-25,1.5108866691589355,9.874879837036133,9.91337776184082,9.817131996154785,9.817131996154785,43015
2005-01-26,1.5005778074264526,9.807506561279297,9.874879837036133,9.788257598876953,9.807506561279297,11533
2005-01-27,1.5123592615127563,9.884504318237305,9.884504318237305,9.807506561279297,9.82675552368164,34807
2005-01-28,1.5167773962020874,9.91337776184082,9.923003196716309,9.817131996154785,9.91337776184082,11221
2005-01-31,1.5094140768051147,9.865255355834961,9.93262767791748,9.846006393432617,9.884504318237305,9974
2005-02-01,1.5079413652420044,9.855629920959473,10.105871200561523,9.788257598876953,9.903754234313965,26806
2005-02-02,1.527085781097412,9.980751037597656,10.009625434875488,9.874879837036133,9.874879837036133,15585
2005-02-03,1.5211948156356812,9.942252159118652,9.990374565124512,9.903754234313965,9.951876640319824,18494
2005-02-04,1.5256125926971436,9.971125602722168,10.019248962402344,9.961501121520996,9.980751037597656,28053
2005-02-07,1.5491740703582764,10.125120162963867,10.125120162963867,9.980751037597656,9.980751037597656,20261
2005-02-08,1.5491740703582764,10.125120162963867,10.134744644165039,10.019248962402344,10.076996803283691,47378
2005-02-09,1.5344486236572266,10.028874397277832,10.144370079040527,10.028874397277832,10.048123359680176,19949
2005-02-10,1.5447559356689453,10.096245765686035,10.105871200561523,10.019248962402344,10.057747840881348,16936
2005-02-11,1.5550639629364014,10.163619041442871,10.211742401123047,10.057747840881348,10.057747840881348,22754
2005-02-14,1.5491740703582764,10.125120162963867,10.23099136352539,10.105871200561523,10.202116966247559,18806
2005-02-15,1.5683178901672363,10.25024127960205,10.269490242004395,10.153993606567383,10.153993606567383,10390
2005-02-16,1.5683178901672363,10.25024127960205,10.25024127960205,10.192493438720703,10.202116966247559,29404
2005-02-17,1.5653724670410156,10.23099136352539,10.25024127960205,10.211742401123047,10.211742401123047,18390
2005-02-18,1.5639005899429321,10.221366882324219,10.23099136352539,10.153993606567383,10.153993606567383,26287
2005-02-22,1.5418108701705933,10.076996803283691,10.221366882324219,10.06737232208252,10.192493438720703,41144
2005-02-23,1.550646424293518,10.134744644165039,10.134744644165039,10.028874397277832,10.028874397277832,18286
2005-02-24,1.5447559356689453,10.096245765686035,10.134744644165039,10.06737232208252,10.105871200561523,31170
2005-02-25,1.5786257982254028,10.317612648010254,10.317612648010254,10.115495681762695,10.115495681762695,14026
2005-02-28,1.5653724670410156,10.23099136352539,10.307988166809082,10.211742401123047,10.29836368560791,18702
2005-03-01,1.5756815671920776,10.29836368560791,10.375361442565918,10.182868003845215,10.182868003845215,18910
2005-03-02,1.5697901248931885,10.259864807128906,10.38498592376709,10.221366882324219,10.221366882324219,24936
2005-03-03,1.5683178901672363,10.25024127960205,10.327238082885742,10.211742401123047,10.327238082885742,7377
2005-03-04,1.5742084980010986,10.288739204406738,10.336861610412598,10.259864807128906,10.307988166809082,90601
2005-03-07,1.5771540403366089,10.307988166809082,10.317612648010254,10.202116966247559,10.202116966247559,17455
2005-03-08,1.571263313293457,10.269490242004395,10.29836368560791,10.240615844726562,10.25024127960205,17040
2005-03-09,1.5594818592071533,10.192493438720703,10.259864807128906,10.17324447631836,10.259864807128906,16001
2005-03-10,1.5594818592071533,10.192493438720703,10.23099136352539,10.144370079040527,10.153993606567383,26391
2005-03-11,1.5594818592071533,10.192493438720703,10.23099136352539,10.08662223815918,10.096245765686035,18183
2005-03-14,1.544588327407837,9.980751037597656,10.06737232208252,9.980751037597656,10.0,33560
2005-03-15,1.543097972869873,9.971125602722168,10.009625434875488,9.951876640319824,9.971125602722168,45093
2005-03-16,1.5282033681869507,9.874879837036133,10.202116966247559,9.874879837036133,10.038498878479004,19533
2005-03-17,1.5416086912155151,9.961501121520996,10.163619041442871,9.884504318237305,9.884504318237305,41664
2005-03-18,1.5341615676879883,9.91337776184082,10.038498878479004,9.91337776184082,10.028874397277832,4364
2005-03-21,1.5341615676879883,9.91337776184082,10.06737232208252,9.91337776184082,10.009625434875488,15897
2005-03-22,1.5192668437957764,9.817131996154785,9.894128799438477,9.817131996154785,9.865255355834961,4468
2005-03-23,1.51181960105896,9.76900863647461,9.884504318237305,9.76900863647461,9.884504318237305,14650
2005-03-24,1.5133084058761597,9.778633117675781,9.865255355834961,9.70163631439209,9.855629920959473,15377
2005-03-28,1.4969241619110107,9.672761917114258,9.740135192871094,9.595765113830566,9.653512954711914,60366
2005-03-29,1.4745820760726929,9.528392791748047,9.82675552368164,9.528392791748047,9.672761917114258,29611
2005-03-30,1.5103294849395752,9.759384155273438,9.797883033752441,9.54764175415039,9.54764175415039,22131
2005-03-31,1.4984135627746582,9.682387351989746,9.730509757995605,9.643888473510742,9.682387351989746,32832
2005-04-01,1.5043723583221436,9.720885276794434,9.797883033752441,9.672761917114258,9.720885276794434,12260
2005-04-04,1.5073504447937012,9.740135192871094,9.797883033752441,9.672761917114258,9.70163631439209,13507
2005-04-05,1.4999033212661743,9.692011833190918,9.720885276794434,9.692011833190918,9.711260795593262,11117
2005-04-06,1.5043723583221436,9.720885276794434,9.82675552368164,9.720885276794434,9.788257598876953,10702
2005-04-07,1.5043723583221436,9.720885276794434,9.76900863647461,9.643888473510742,9.76900863647461,10910
2005-04-08,1.5058616399765015,9.730509757995605,9.797883033752441,9.730509757995605,9.740135192871094,12572
2005-04-11,1.5013929605484009,9.70163631439209,9.74975872039795,9.663138389587402,9.740135192871094,20780
2005-04-12,1.5013929605484009,9.70163631439209,9.70163631439209,9.595765113830566,9.63426399230957,28572
2005-04-13,1.4999033212661743,9.692011833190918,9.720885276794434,9.672761917114258,9.720885276794434,13715
2005-04-14,1.4894767999649048,9.624638557434082,9.653512954711914,9.605389595031738,9.624638557434082,13715
2005-04-15,1.4537302255630493,9.393648147583008,9.54764175415039,9.393648147583008,9.54764175415039,18183
2005-04-18,1.4507505893707275,9.374398231506348,9.489893913269043,9.287776947021484,9.432146072387695,23481
2005-04-19,1.4477719068527222,9.355149269104004,9.499519348144531,9.345524787902832,9.374398231506348,25767
2005-04-20,1.431387186050415,9.24927806854248,9.441770553588867,9.239653587341309,9.441770553588867,20364
2005-04-21,1.4596877098083496,9.432146072387695,9.499519348144531,9.297401428222656,9.297401428222656,9039
2005-04-22,1.4433037042617798,9.326274871826172,9.451395988464355,9.326274871826172,9.451395988464355,19118
2005-04-25,1.462666392326355,9.451395988464355,9.451395988464355,9.355149269104004,9.355149269104004,14858
2005-04-26,1.4507505893707275,9.374398231506348,9.422521591186523,9.374398231506348,9.412897109985352,4779
2005-04-27,1.4477719068527222,9.355149269104004,9.624638557434082,9.278152465820312,9.297401428222656,18183
2005-04-28,1.435855746269226,9.278152465820312,9.499519348144531,9.278152465820312,9.499519348144531,11429
2005-04-29,1.4298986196517944,9.239653587341309,9.355149269104004,9.220403671264648,9.258902549743652,24832
2005-05-02,1.440323829650879,9.307025909423828,9.403271675109863,9.230029106140137,9.403271675109863,42080
2005-05-03,1.4433037042617798,9.326274871826172,9.38402271270752,9.307025909423828,9.307025909423828,9351
2005-05-04,1.4641554355621338,9.461020469665527,9.576516151428223,9.355149269104004,9.38402271270752,27118
2005-05-05,1.4641554355621338,9.461020469665527,9.576516151428223,9.432146072387695,9.480269432067871,43326
2005-05-06,1.462666392326355,9.451395988464355,9.489893913269043,9.451395988464355,9.489893913269043,14338
2005-05-09,1.4671345949172974,9.480269432067871,9.509142875671387,9.441770553588867,9.441770553588867,8935
2005-05-10,1.455219030380249,9.403271675109863,9.653512954711914,9.403271675109863,9.432146072387695,27533
2005-05-11,1.4522401094436646,9.38402271270752,9.432146072387695,9.316651344299316,9.393648147583008,25040
2005-05-12,1.44926118850708,9.364773750305176,9.432146072387695,9.307025909423828,9.33590030670166,9039
2005-05-13,1.440323829650879,9.307025909423828,9.432146072387695,9.297401428222656,9.38402271270752,10910
2005-05-16,1.435855746269226,9.278152465820312,9.364773750305176,9.239653587341309,9.364773750305176,20053
2005-05-17,1.422450065612793,9.191530227661133,9.268527030944824,9.172281265258789,9.191530227661133,65873
2005-05-18,1.4433037042617798,9.326274871826172,9.403271675109863,9.258902549743652,9.38402271270752,13819
2005-05-19,1.455219030380249,9.403271675109863,9.422521591186523,9.38402271270752,9.412897109985352,60262
2005-05-20,1.4641554355621338,9.461020469665527,9.480269432067871,9.412897109985352,9.412897109985352,32313
2005-05-23,1.462666392326355,9.451395988464355,9.499519348144531,9.432146072387695,9.4706449508667,13611
2005-05-24,1.4656455516815186,9.4706449508667,9.499519348144531,9.432146072387695,9.461020469665527,36261
2005-05-25,1.4581977128982544,9.422521591186523,9.432146072387695,9.412897109985352,9.412897109985352,3221
2005-05-26,1.4611765146255493,9.441770553588867,9.461020469665527,9.403271675109863,9.422521591186523,24832
2005-05-27,1.462666392326355,9.451395988464355,9.480269432067871,9.451395988464355,9.4706449508667,7169
2005-05-31,1.4701138734817505,9.499519348144531,9.499519348144531,9.461020469665527,9.461020469665527,11429
2005-06-01,1.4701138734817505,9.499519348144531,9.576516151428223,9.451395988464355,9.499519348144531,12572
2005-06-02,1.486498236656189,9.605389595031738,9.643888473510742,9.528392791748047,9.528392791748047,11221
2005-06-03,1.4820294380187988,9.576516151428223,9.663138389587402,9.576516151428223,9.663138389587402,22235
2005-06-06,1.4745820760726929,9.528392791748047,9.643888473510742,9.489893913269043,9.528392791748047,13091
2005-06-07,1.4790509939193726,9.557267189025879,9.672761917114258,9.557267189025879,9.624638557434082,14026
2005-06-08,1.4924557209014893,9.643888473510742,9.653512954711914,9.586140632629395,9.643888473510742,19222
2005-06-09,1.5147981643676758,9.788257598876953,9.788257598876953,9.643888473510742,9.663138389587402,23897
2005-06-10,1.4954348802566528,9.663138389587402,9.778633117675781,9.653512954711914,9.720885276794434,10806
2005-06-13,1.4954348802566528,9.663138389587402,9.720885276794434,9.61501407623291,9.70163631439209,5195
2005-06-14,1.5044801235198975,9.605389595031738,9.653512954711914,9.480269432067871,9.643888473510742,14338
2005-06-15,1.5014649629592896,9.586140632629395,9.586140632629395,9.499519348144531,9.528392791748047,7896
2005-06-16,1.495435357093811,9.54764175415039,9.653512954711914,9.518768310546875,9.586140632629395,44781
2005-06-17,1.5044801235198975,9.605389595031738,9.653512954711914,9.538017272949219,9.576516151428223,45820
2005-06-20,1.5210623741149902,9.711260795593262,9.711260795593262,9.586140632629395,9.586140632629395,19949
2005-06-21,1.5301077365875244,9.76900863647461,9.846006393432617,9.70163631439209,9.759384155273438,7896
2005-06-22,1.5255845785140991,9.740135192871094,9.817131996154785,9.720885276794434,9.817131996154785,7585
2005-06-23,1.5165396928787231,9.682387351989746,9.759384155273438,9.624638557434082,9.759384155273438,9247
2005-06-24,1.5120174884796143,9.653512954711914,9.778633117675781,9.595765113830566,9.778633117675781,13611
2005-06-27,1.5195550918579102,9.70163631439209,9.74975872039795,9.663138389587402,9.70163631439209,22858
2005-06-28,1.5301077365875244,9.76900863647461,9.76900863647461,9.70163631439209,9.70163631439209,9039
2005-06-29,1.5255845785140991,9.740135192871094,9.778633117675781,9.692011833190918,9.76900863647461,21196
2005-06-30,1.5225704908370972,9.720885276794434,9.788257598876953,9.720885276794434,9.788257598876953,22858
2005-07-01,1.5180474519729614,9.692011833190918,9.778633117675781,9.624638557434082,9.759384155273438,11949
2005-07-05,1.5376451015472412,9.817131996154785,9.846006393432617,9.653512954711914,9.759384155273438,20468
2005-07-06,1.5285996198654175,9.759384155273438,9.797883033752441,9.653512954711914,9.797883033752441,17663
2005-07-07,1.5331223011016846,9.788257598876953,9.797883033752441,9.720885276794434,9.740135192871094,11949
2005-07-08,1.5285996198654175,9.759384155273438,9.817131996154785,9.720885276794434,9.778633117675781,14338
2005-07-11,1.5376451015472412,9.817131996154785,9.865255355834961,9.682387351989746,9.865255355834961,17767
2005-07-12,1.5316147804260254,9.778633117675781,9.894128799438477,9.76900863647461,9.76900863647461,17975
2005-07-13,1.5376451015472412,9.817131996154785,9.894128799438477,9.797883033752441,9.797883033752441,28988
2005-07-14,1.5662866830825806,10.0,10.0,9.884504318237305,9.884504318237305,13091
2005-07-15,1.5602574348449707,9.961501121520996,10.057747840881348,9.894128799438477,10.038498878479004,12572
2005-07-18,1.5527199506759644,9.91337776184082,9.990374565124512,9.865255355834961,9.951876640319824,12884
2005-07-19,1.5451821088790894,9.865255355834961,9.91337776184082,9.865255355834961,9.874879837036133,17767
2005-07-20,1.5527199506759644,9.91337776184082,9.961501121520996,9.874879837036133,9.961501121520996,13611
2005-07-21,1.542167067527771,9.846006393432617,9.93262767791748,9.82675552368164,9.884504318237305,5403
2005-07-22,1.5512125492095947,9.903754234313965,9.903754234313965,9.846006393432617,9.894128799438477,7377
2005-07-25,1.5602574348449707,9.961501121520996,9.980751037597656,9.894128799438477,9.894128799438477,8728
2005-07-26,1.5527199506759644,9.91337776184082,9.980751037597656,9.874879837036133,9.874879837036133,7065
2005-07-27,1.5542269945144653,9.923003196716309,9.951876640319824,9.91337776184082,9.951876640319824,9871
2005-07-28,1.5753321647644043,10.057747840881348,10.096245765686035,9.951876640319824,9.961501121520996,29196
2005-07-29,1.5693020820617676,10.019248962402344,10.105871200561523,9.990374565124512,10.105871200561523,10910
2005-08-01,1.567794919013977,10.009625434875488,10.08662223815918,9.980751037597656,10.057747840881348,13507
2005-08-02,1.582869529724121,10.105871200561523,10.105871200561523,10.0,10.0,26910
2005-08-03,1.5904077291488647,10.153993606567383,10.153993606567383,10.0,10.105871200561523,14442
2005-08-04,1.567794919013977,10.009625434875488,10.105871200561523,10.009625434875488,10.105871200561523,4676
2005-08-05,1.572317123413086,10.038498878479004,10.06737232208252,9.990374565124512,10.06737232208252,5818
2005-08-08,1.5557347536087036,9.93262767791748,10.038498878479004,9.93262767791748,10.038498878479004,9351
2005-08-09,1.5602574348449707,9.961501121520996,10.0,9.923003196716309,9.93262767791748,10598
2005-08-10,1.5738252401351929,10.048123359680176,10.096245765686035,9.990374565124512,9.990374565124512,24728
2005-08-11,1.5798547267913818,10.08662223815918,10.105871200561523,10.0,10.0,14754
2005-08-12,1.5768399238586426,10.06737232208252,10.08662223815918,10.048123359680176,10.08662223815918,9351
2005-08-15,1.5798547267913818,10.08662223815918,10.096245765686035,10.038498878479004,10.048123359680176,12364
2005-08-16,1.5753321647644043,10.057747840881348,10.125120162963867,10.019248962402344,10.125120162963867,8104
2005-08-17,1.5693020820617676,10.019248962402344,10.057747840881348,10.019248962402344,10.048123359680176,8104
2005-08-18,1.570810079574585,10.028874397277832,10.057747840881348,9.980751037597656,10.009625434875488,8104
2005-08-19,1.578346610069275,10.076996803283691,10.076996803283691,9.903754234313965,9.903754234313965,7273
2005-08-22,1.5693020820617676,10.019248962402344,10.057747840881348,9.91337776184082,10.057747840881348,6130
2005-08-23,1.5693020820617676,10.019248962402344,10.048123359680176,9.961501121520996,10.048123359680176,5091
2005-08-24,1.5662866830825806,10.0,10.038498878479004,9.93262767791748,10.019248962402344,8312
2005-08-25,1.5693020820617676,10.019248962402344,10.019248962402344,9.894128799438477,9.961501121520996,3844
2005-08-26,1.5617645978927612,9.971125602722168,10.057747840881348,9.874879837036133,10.028874397277832,17663
2005-08-29,1.5602574348449707,9.961501121520996,9.980751037597656,9.903754234313965,9.951876640319824,13715
2005-08-30,1.5602574348449707,9.961501121520996,9.971125602722168,9.903754234313965,9.971125602722168,13299
2005-08-31,1.5647796392440796,9.990374565124512,9.990374565124512,9.903754234313965,9.942252159118652,31482
2005-09-01,1.5738252401351929,10.048123359680176,10.076996803283691,9.971125602722168,9.980751037597656,16728
2005-09-02,1.5753321647644043,10.057747840881348,10.105871200561523,10.038498878479004,10.038498878479004,9143
2005-09-06,1.593422532081604,10.17324447631836,10.17324447631836,10.06737232208252,10.06737232208252,78029
2005-09-07,1.593422532081604,10.17324447631836,10.23099136352539,10.153993606567383,10.153993606567383,21300
2005-09-08,1.6024670600891113,10.23099136352539,10.259864807128906,10.221366882324219,10.23099136352539,18910
2005-09-09,1.6084970235824585,10.269490242004395,10.288739204406738,10.25024127960205,10.25024127960205,29923
2005-09-12,1.6084970235824585,10.269490242004395,10.288739204406738,10.25024127960205,10.288739204406738,8312
2005-09-13,1.610004186630249,10.279114723205566,10.288739204406738,10.25024127960205,10.279114723205566,25352
2005-09-14,1.6130543947219849,10.182868003845215,10.202116966247559,10.144370079040527,10.202116966247559,7273
2005-09-15,1.6023815870285034,10.115495681762695,10.163619041442871,10.105871200561523,10.153993606567383,13715
2005-09-16,1.6115294694900513,10.17324447631836,10.192493438720703,10.144370079040527,10.144370079040527,23274
2005-09-19,1.6069551706314087,10.144370079040527,10.17324447631836,10.08662223815918,10.17324447631836,14962
2005-09-20,1.5932337045669556,10.057747840881348,10.144370079040527,10.048123359680176,10.057747840881348,10806
2005-09-21,1.6008566617965698,10.105871200561523,10.105871200561523,9.951876640319824,10.048123359680176,17455
2005-09-22,1.5718883275985718,9.923003196716309,10.0,9.91337776184082,10.0,14338
2005-09-23,1.576462745666504,9.951876640319824,10.019248962402344,9.865255355834961,10.019248962402344,22962
2005-09-26,1.5627415180206299,9.865255355834961,9.923003196716309,9.836380958557129,9.91337776184082,28780
2005-09-27,1.5627415180206299,9.865255355834961,9.971125602722168,9.82675552368164,9.82675552368164,13923
2005-09-28,1.568839430809021,9.903754234313965,9.903754234313965,9.836380958557129,9.865255355834961,14234
2005-09-29,1.5718883275985718,9.923003196716309,10.028874397277832,9.846006393432617,9.846006393432617,10078
2005-09-30,1.58561110496521,10.009625434875488,10.048123359680176,9.865255355834961,9.865255355834961,28365
2005-10-03,1.5978072881698608,10.08662223815918,10.08662223815918,9.903754234313965,9.971125602722168,46443
2005-10-04,1.5825614929199219,9.990374565124512,10.105871200561523,9.990374565124512,9.990374565124512,15481
2005-10-05,1.5718883275985718,9.923003196716309,9.971125602722168,9.923003196716309,9.961501121520996,13611
2005-10-06,1.5627415180206299,9.865255355834961,9.91337776184082,9.865255355834961,9.91337776184082,18806
2005-10-07,1.5581672191619873,9.836380958557129,9.846006393432617,9.82675552368164,9.82675552368164,2182
2005-10-10,1.5612167119979858,9.855629920959473,9.865255355834961,9.778633117675781,9.865255355834961,37716
2005-10-11,1.5429213047027588,9.740135192871094,9.817131996154785,9.740135192871094,9.807506561279297,19533
2005-10-12,1.5291991233825684,9.653512954711914,9.74975872039795,9.643888473510742,9.740135192871094,22131
2005-10-13,1.5124287605285645,9.54764175415039,9.643888473510742,9.54764175415039,9.643888473510742,8832
2005-10-14,1.5276745557785034,9.643888473510742,9.643888473510742,9.576516151428223,9.576516151428223,13195
2005-10-17,1.5291991233825684,9.653512954711914,9.730509757995605,9.624638557434082,9.63426399230957,15377
2005-10-18,1.5200519561767578,9.595765113830566,9.672761917114258,9.586140632629395,9.672761917114258,2701
2005-10-19,1.5139535665512085,9.557267189025879,9.586140632629395,9.480269432067871,9.538017272949219,7377
2005-10-20,1.4941331148147583,9.432146072387695,9.509142875671387,9.432146072387695,9.509142875671387,7792
2005-10-21,1.4926085472106934,9.422521591186523,9.480269432067871,9.412897109985352,9.412897109985352,7065
2005-10-24,1.5032809972763062,9.489893913269043,9.509142875671387,9.432146072387695,9.451395988464355,19429
2005-10-25,1.5246248245239258,9.624638557434082,9.624638557434082,9.499519348144531,9.518768310546875,16520
2005-10-26,1.504805564880371,9.499519348144531,9.605389595031738,9.4706449508667,9.605389595031738,16520
2005-10-27,1.4773623943328857,9.326274871826172,9.451395988464355,9.316651344299316,9.451395988464355,28988
2005-10-28,1.5017565488815308,9.480269432067871,9.499519348144531,9.326274871826172,9.345524787902832,26910
2005-10-31,1.5170018672943115,9.576516151428223,9.576516151428223,9.509142875671387,9.509142875671387,12156
2005-11-01,1.5109041929244995,9.538017272949219,9.595765113830566,9.489893913269043,9.54764175415039,11325
2005-11-02,1.5383472442626953,9.711260795593262,9.730509757995605,9.566890716552734,9.566890716552734,10910
2005-11-03,1.5398716926574707,9.720885276794434,9.82675552368164,9.70163631439209,9.759384155273438,20780
2005-11-04,1.5398716926574707,9.720885276794434,9.720885276794434,9.672761917114258,9.720885276794434,8416
2005-11-07,1.5413970947265625,9.730509757995605,9.807506561279297,9.720885276794434,9.720885276794434,9247
2005-11-08,1.5322487354278564,9.672761917114258,9.740135192871094,9.672761917114258,9.672761917114258,6546
2005-11-09,1.5459703207015991,9.759384155273438,9.797883033752441,9.672761917114258,9.682387351989746,11117
2005-11-10,1.5459703207015991,9.759384155273438,9.759384155273438,9.692011833190918,9.74975872039795,9559
2005-11-11,1.5490193367004395,9.778633117675781,9.855629920959473,9.74975872039795,9.797883033752441,3844
2005-11-14,1.5413970947265625,9.730509757995605,9.797883033752441,9.730509757995605,9.778633117675781,10494
2005-11-15,1.5444457530975342,9.74975872039795,9.759384155273438,9.720885276794434,9.720885276794434,7065
2005-11-16,1.5352983474731445,9.692011833190918,9.740135192871094,9.682387351989746,9.720885276794434,23585
2005-11-17,1.5413970947265625,9.730509757995605,9.788257598876953,9.682387351989746,9.692011833190918,13195
2005-11-18,1.555118203163147,9.817131996154785,9.817131996154785,9.692011833190918,9.692011833190918,13507
2005-11-21,1.5612167119979858,9.855629920959473,9.865255355834961,9.759384155273438,9.76900863647461,19637
2005-11-22,1.5612167119979858,9.855629920959473,9.91337776184082,9.797883033752441,9.865255355834961,28884
2005-11-23,1.5703644752502441,9.91337776184082,9.951876640319824,9.836380958557129,9.836380958557129,8935
2005-11-25,1.5825614929199219,9.990374565124512,10.038498878479004,9.884504318237305,9.884504318237305,8104
2005-11-28,1.5627415180206299,9.865255355834961,9.980751037597656,9.855629920959473,9.903754234313965,8416
2005-11-29,1.5627415180206299,9.865255355834961,9.91337776184082,9.865255355834961,9.865255355834961,3844
2005-11-30,1.5581672191619873,9.836380958557129,9.903754234313965,9.836380958557129,9.846006393432617,12676
2005-12-01,1.5703644752502441,9.91337776184082,9.961501121520996,9.788257598876953,9.788257598876953,11949
2005-12-02,1.555118203163147,9.817131996154785,9.903754234313965,9.76900863647461,9.855629920959473,17663
2005-12-05,1.555118203163147,9.817131996154785,9.894128799438477,9.76900863647461,9.788257598876953,24417
2005-12-06,1.5581672191619873,9.836380958557129,9.855629920959473,9.76900863647461,9.817131996154785,16728
2005-12-07,1.5673149824142456,9.894128799438477,9.903754234313965,9.788257598876953,9.788257598876953,11117
2005-12-08,1.5627415180206299,9.865255355834961,9.951876640319824,9.836380958557129,9.836380958557129,12780
2005-12-09,1.5627415180206299,9.865255355834961,9.865255355834961,9.836380958557129,9.836380958557129,9143
2005-12-12,1.58408522605896,10.0,10.009625434875488,9.865255355834961,9.91337776184082,18702
2005-12-13,1.5762828588485718,9.720885276794434,9.807506561279297,9.643888473510742,9.711260795593262,33975
2005-12-14,1.5794039964675903,9.740135192871094,9.76900863647461,9.720885276794434,9.720885276794434,24936
2005-12-15,1.5762828588485718,9.720885276794434,9.740135192871094,9.70163631439209,9.70163631439209,9974
2005-12-16,1.5731616020202637,9.70163631439209,9.797883033752441,9.692011833190918,9.76900863647461,10806
2005-12-19,1.5747220516204834,9.711260795593262,9.797883033752441,9.692011833190918,9.76900863647461,12156
2005-12-20,1.5731616020202637,9.70163631439209,9.797883033752441,9.70163631439209,9.797883033752441,17975
2005-12-21,1.5731616020202637,9.70163631439209,9.740135192871094,9.672761917114258,9.692011833190918,19014
2005-12-22,1.5794039964675903,9.740135192871094,9.788257598876953,9.730509757995605,9.788257598876953,12780
2005-12-23,1.5778440237045288,9.730509757995605,9.817131996154785,9.730509757995605,9.807506561279297,17559
2005-12-27,1.5840859413146973,9.76900863647461,9.903754234313965,9.74975872039795,9.903754234313965,33040
2005-12-28,1.5840859413146973,9.76900863647461,9.91337776184082,9.76900863647461,9.91337776184082,18183
2005-12-29,1.5794039964675903,9.740135192871094,9.740135192871094,9.692011833190918,9.730509757995605,14338
2005-12-30,1.5840859413146973,9.76900863647461,9.817131996154785,9.692011833190918,9.740135192871094,18390
2006-01-03,1.5840859413146973,9.76900863647461,9.76900863647461,9.70163631439209,9.70163631439209,6130
2006-01-04,1.599692463874817,9.865255355834961,9.894128799438477,9.807506561279297,9.807506561279297,30235
2006-01-05,1.6090564727783203,9.923003196716309,10.009625434875488,9.884504318237305,9.884504318237305,20261
2006-01-06,1.6152997016906738,9.961501121520996,9.990374565124512,9.923003196716309,9.93262767791748,19429
2006-01-09,1.6355880498886108,10.08662223815918,10.08662223815918,10.028874397277832,10.048123359680176,28469
2006-01-10,1.627785086631775,10.038498878479004,10.076996803283691,10.009625434875488,10.038498878479004,26079
2006-01-11,1.6340278387069702,10.076996803283691,10.105871200561523,10.048123359680176,10.076996803283691,22962
2006-01-12,1.6324669122695923,10.06737232208252,10.096245765686035,10.048123359680176,10.06737232208252,21715
2006-01-13,1.6324669122695923,10.06737232208252,10.08662223815918,10.057747840881348,10.057747840881348,4052
2006-01-17,1.6231029033660889,10.009625434875488,10.08662223815918,10.009625434875488,10.009625434875488,11637
2006-01-18,1.6137391328811646,9.951876640319824,10.06737232208252,9.91337776184082,9.91337776184082,9871
2006-01-19,1.6293458938598633,10.048123359680176,10.06737232208252,9.91337776184082,9.91337776184082,18910
2006-01-20,1.6215415000915527,10.0,10.028874397277832,9.961501121520996,9.990374565124512,14026
2006-01-23,1.6121784448623657,9.942252159118652,9.971125602722168,9.93262767791748,9.971125602722168,13507
2006-01-24,1.6199814081192017,9.990374565124512,10.057747840881348,9.971125602722168,9.971125602722168,23585
2006-01-25,1.6168605089187622,9.971125602722168,10.057747840881348,9.903754234313965,9.990374565124512,17144
2006-01-26,1.6324669122695923,10.06737232208252,10.06737232208252,9.980751037597656,9.990374565124512,32625
2006-01-27,1.6433916091918945,10.134744644165039,10.134744644165039,10.06737232208252,10.076996803283691,16832
2006-01-30,1.674606442451477,10.327238082885742,10.346487045288086,10.125120162963867,10.125120162963867,23066
2006-01-31,1.6621201038360596,10.25024127960205,10.346487045288086,10.144370079040527,10.307988166809082,18702
2006-02-01,1.652755856513977,10.192493438720703,10.202116966247559,10.096245765686035,10.182868003845215,15585
2006-02-02,1.6371487379074097,10.096245765686035,10.192493438720703,10.096245765686035,10.192493438720703,25040
2006-02-03,1.6449520587921143,10.144370079040527,10.144370079040527,10.048123359680176,10.144370079040527,2805
2006-02-06,1.627785086631775,10.038498878479004,10.144370079040527,10.019248962402344,10.144370079040527,4156
2006-02-07,1.6215415000915527,10.0,10.115495681762695,9.990374565124512,10.08662223815918,9039
2006-02-08,1.6246634721755981,10.019248962402344,10.076996803283691,9.971125602722168,10.048123359680176,14130
2006-02-09,1.640270709991455,10.115495681762695,10.182868003845215,10.057747840881348,10.08662223815918,18390
2006-02-10,1.627785086631775,10.038498878479004,10.125120162963867,10.019248962402344,10.076996803283691,11845
2006-02-13,1.607496976852417,9.91337776184082,10.105871200561523,9.865255355834961,9.990374565124512,20053
2006-02-14,1.6231029033660889,10.009625434875488,10.06737232208252,9.894128799438477,9.91337776184082,70548
2006-02-15,1.6090564727783203,9.923003196716309,10.057747840881348,9.923003196716309,9.980751037597656,6650
2006-02-16,1.6418306827545166,10.125120162963867,10.202116966247559,9.942252159118652,9.942252159118652,32936
2006-02-17,1.6558772325515747,10.211742401123047,10.288739204406738,10.144370079040527,10.182868003845215,27741
2006-02-21,1.640270709991455,10.115495681762695,10.211742401123047,9.961501121520996,10.115495681762695,21300
2006-02-22,1.6309055089950562,10.057747840881348,10.163619041442871,10.019248962402344,10.06737232208252,20053
2006-02-23,1.6387094259262085,10.105871200561523,10.182868003845215,10.057747840881348,10.076996803283691,13403
2006-02-24,1.6511951684951782,10.182868003845215,10.192493438720703,10.08662223815918,10.08662223815918,12676
2006-02-27,1.6511951684951782,10.182868003845215,10.211742401123047,10.076996803283691,10.211742401123047,17767
2006-02-28,1.6433916091918945,10.134744644165039,10.182868003845215,10.08662223815918,10.153993606567383,17351
2006-03-01,1.640270709991455,10.115495681762695,10.144370079040527,10.028874397277832,10.038498878479004,21196
2006-03-02,1.6340278387069702,10.076996803283691,10.144370079040527,10.057747840881348,10.105871200561523,23897
2006-03-03,1.627785086631775,10.038498878479004,10.125120162963867,10.019248962402344,10.048123359680176,22442
2006-03-06,1.6262249946594238,10.028874397277832,10.08662223815918,10.019248962402344,10.019248962402344,6234
2006-03-07,1.6324669122695923,10.06737232208252,10.06737232208252,9.961501121520996,10.019248962402344,38963
2006-03-08,1.6293458938598633,10.048123359680176,10.057747840881348,9.980751037597656,10.038498878479004,7481
2006-03-09,1.6152997016906738,9.961501121520996,10.009625434875488,9.93262767791748,9.951876640319824,34910
2006-03-10,1.6199814081192017,9.990374565124512,9.990374565124512,9.91337776184082,9.91337776184082,12364
2006-03-13,1.6121784448623657,9.942252159118652,10.019248962402344,9.91337776184082,9.91337776184082,2494
2006-03-14,1.6215415000915527,10.0,10.038498878479004,9.93262767791748,9.951876640319824,12364
2006-03-15,1.6247025728225708,9.894128799438477,9.980751037597656,9.884504318237305,9.923003196716309,14962
2006-03-16,1.6310256719589233,9.93262767791748,10.0,9.894128799438477,9.894128799438477,16104
2006-03-17,1.6373465061187744,9.971125602722168,10.076996803283691,9.93262767791748,9.93262767791748,10806
2006-03-20,1.656311273574829,10.08662223815918,10.17324447631836,9.971125602722168,10.17324447631836,30754
2006-03-21,1.6452491283416748,10.019248962402344,10.08662223815918,10.0,10.06737232208252,13507
2006-03-22,1.6499905586242676,10.048123359680176,10.06737232208252,9.980751037597656,10.009625434875488,40625
2006-03-23,1.640507459640503,9.990374565124512,10.057747840881348,9.865255355834961,10.057747840881348,27637
2006-03-24,1.6389271020889282,9.980751037597656,10.038498878479004,9.951876640319824,10.028874397277832,21092
2006-03-27,1.6341861486434937,9.951876640319824,10.048123359680176,9.836380958557129,10.038498878479004,21611
2006-03-28,1.627864122390747,9.91337776184082,10.096245765686035,9.91337776184082,10.048123359680176,28884
2006-03-29,1.656311273574829,10.08662223815918,10.096245765686035,9.865255355834961,10.06737232208252,17040
2006-03-30,1.6547317504882812,10.076996803283691,10.08662223815918,10.0,10.08662223815918,12468
2006-03-31,1.640507459640503,9.990374565124512,10.096245765686035,9.942252159118652,10.019248962402344,26494
2006-04-03,1.6452491283416748,10.019248962402344,10.048123359680176,9.923003196716309,9.923003196716309,34287
2006-04-04,1.6578927040100098,10.096245765686035,10.096245765686035,9.990374565124512,10.057747840881348,9871
2006-04-05,1.6468294858932495,10.028874397277832,10.105871200561523,10.019248962402344,10.105871200561523,19222
2006-04-06,1.659472942352295,10.105871200561523,10.105871200561523,10.019248962402344,10.028874397277832,33248
2006-04-07,1.6484103202819824,10.038498878479004,10.115495681762695,10.028874397277832,10.105871200561523,13923
2006-04-10,1.6484103202819824,10.038498878479004,10.105871200561523,9.971125602722168,10.048123359680176,19637
2006-04-11,1.6373465061187744,9.971125602722168,10.038498878479004,9.855629920959473,10.028874397277832,30754
2006-04-12,1.6294441223144531,9.923003196716309,9.971125602722168,9.846006393432617,9.846006393432617,18286
2006-04-13,1.6247025728225708,9.894128799438477,9.91337776184082,9.82675552368164,9.82675552368164,13299
2006-04-17,1.6341861486434937,9.951876640319824,10.009625434875488,9.855629920959473,9.990374565124512,41248
2006-04-18,1.642087697982788,10.0,10.0,9.884504318237305,10.0,16416
2006-04-19,1.6468294858932495,10.028874397277832,10.105871200561523,9.971125602722168,10.08662223815918,12364
2006-04-20,1.6452491283416748,10.019248962402344,10.048123359680176,9.980751037597656,10.019248962402344,35638
2006-04-21,1.6499905586242676,10.048123359680176,10.105871200561523,10.028874397277832,10.057747840881348,67016
2006-04-24,1.656311273574829,10.08662223815918,10.134744644165039,10.048123359680176,10.048123359680176,35118
2006-04-25,1.656311273574829,10.08662223815918,10.192493438720703,10.057747840881348,10.08662223815918,39690
2006-04-26,1.6547317504882812,10.076996803283691,10.144370079040527,10.076996803283691,10.08662223815918,44781
2006-04-27,1.673696517944336,10.192493438720703,10.336861610412598,10.06737232208252,10.06737232208252,65769
2006-04-28,1.6974042654037476,10.336861610412598,10.346487045288086,10.221366882324219,10.288739204406738,18079
2006-05-01,1.675276756286621,10.202116966247559,10.327238082885742,10.202116966247559,10.221366882324219,11013
2006-05-02,1.6831796169281006,10.25024127960205,10.346487045288086,10.202116966247559,10.29836368560791,14962
2006-05-03,1.6831796169281006,10.25024127960205,10.336861610412598,10.221366882324219,10.25024127960205,18390
2006-05-04,1.6895016431808472,10.288739204406738,10.317612648010254,10.25024127960205,10.25024127960205,22027
2006-05-05,1.7084667682647705,10.404234886169434,10.442732810974121,10.327238082885742,10.327238082885742,58080
2006-05-08,1.7258514165878296,10.510106086730957,10.558229446411133,10.404234886169434,10.404234886169434,43326
2006-05-09,1.7321743965148926,10.548604011535645,10.567853927612305,10.442732810974121,10.442732810974121,36157
2006-05-10,1.7274328470230103,10.519730567932129,10.538979530334473,10.45235824584961,10.538979530334473,27014
2006-05-11,1.71636962890625,10.45235824584961,10.519730567932129,10.346487045288086,10.461982727050781,44158
2006-05-12,1.6989835500717163,10.346487045288086,10.45235824584961,10.29836368560791,10.45235824584961,22546
2006-05-15,1.6831796169281006,10.25024127960205,10.259864807128906,10.202116966247559,10.259864807128906,1766
2006-05-16,1.69108247756958,10.29836368560791,10.346487045288086,10.211742401123047,10.221366882324219,8728
2006-05-17,1.6515705585479736,10.057747840881348,10.317612648010254,9.91337776184082,10.317612648010254,30962
2006-05-18,1.6389271020889282,9.980751037597656,10.144370079040527,9.91337776184082,10.0,39274
2006-05-19,1.6436687707901,10.009625434875488,10.019248962402344,9.894128799438477,9.961501121520996,18286
2006-05-22,1.640507459640503,9.990374565124512,10.0,9.865255355834961,9.971125602722168,11637
2006-05-23,1.6499905586242676,10.048123359680176,10.08662223815918,9.961501121520996,10.076996803283691,8624
2006-05-24,1.6215415000915527,9.874879837036133,9.990374565124512,9.874879837036133,9.961501121520996,28884
2006-05-25,1.6373465061187744,9.971125602722168,9.980751037597656,9.884504318237305,9.971125602722168,19845
2006-05-26,1.6452491283416748,10.019248962402344,10.019248962402344,9.93262767791748,10.009625434875488,9767
2006-05-30,1.6341861486434937,9.951876640319824,9.990374565124512,9.91337776184082,9.971125602722168,14338
2006-05-31,1.642087697982788,10.0,10.019248962402344,9.951876640319824,10.0,8416
2006-06-01,1.6547317504882812,10.076996803283691,10.076996803283691,9.91337776184082,9.91337776184082,29092
2006-06-02,1.675276756286621,10.202116966247559,10.202116966247559,10.076996803283691,10.125120162963867,17351
2006-06-05,1.6531511545181274,10.06737232208252,10.23099136352539,10.038498878479004,10.144370079040527,4987
2006-06-06,1.6499905586242676,10.048123359680176,10.096245765686035,9.980751037597656,10.06737232208252,13403
2006-06-07,1.6547317504882812,10.076996803283691,10.096245765686035,9.884504318237305,9.971125602722168,111173
2006-06-08,1.6310256719589233,9.93262767791748,10.0,9.778633117675781,10.0,19222
2006-06-09,1.6326059103012085,9.942252159118652,9.942252159118652,9.855629920959473,9.884504318237305,9559
2006-06-12,1.6057374477386475,9.778633117675781,9.91337776184082,9.740135192871094,9.884504318237305,9455
2006-06-13,1.5851919651031494,9.653512954711914,9.76900863647461,9.586140632629395,9.76900863647461,13403
2006-06-14,1.5771857500076294,9.480269432067871,9.54764175415039,9.422521591186523,9.461020469665527,24728
2006-06-15,1.614013671875,9.70163631439209,9.70163631439209,9.528392791748047,9.672761917114258,22131
2006-06-16,1.6220192909240723,9.74975872039795,9.74975872039795,9.61501407623291,9.61501407623291,7792
2006-06-19,1.607608675956726,9.663138389587402,9.720885276794434,9.461020469665527,9.720885276794434,14026
2006-06-20,1.60600745677948,9.653512954711914,9.663138389587402,9.528392791748047,9.663138389587402,7481
2006-06-21,1.6092098951339722,9.672761917114258,9.740135192871094,9.63426399230957,9.711260795593262,15689
2006-06-22,1.6108112335205078,9.682387351989746,9.720885276794434,9.595765113830566,9.720885276794434,6442
2006-06-23,1.614013671875,9.70163631439209,9.720885276794434,9.576516151428223,9.720885276794434,5715
2006-06-26,1.607608675956726,9.663138389587402,9.711260795593262,9.63426399230957,9.70163631439209,8416
2006-06-27,1.5899955034255981,9.557267189025879,9.682387351989746,9.557267189025879,9.653512954711914,42599
2006-06-28,1.5980015993118286,9.605389595031738,9.605389595031738,9.499519348144531,9.576516151428223,58911
2006-06-29,1.6300253868103027,9.797883033752441,9.797883033752441,9.605389595031738,9.624638557434082,14338
2006-06-30,1.6316264867782593,9.807506561279297,9.855629920959473,9.711260795593262,9.807506561279297,27118
2006-07-03,1.6460367441177368,9.894128799438477,9.894128799438477,9.76900863647461,9.76900863647461,12364
2006-07-05,1.6476390361785889,9.903754234313965,9.923003196716309,9.76900863647461,9.76900863647461,8935
2006-07-06,1.6412338018417358,9.865255355834961,9.923003196716309,9.817131996154785,9.817131996154785,9559
2006-07-07,1.6316264867782593,9.807506561279297,9.855629920959473,9.730509757995605,9.82675552368164,7896
2006-07-10,1.6284247636795044,9.788257598876953,9.836380958557129,9.720885276794434,9.740135192871094,4779
2006-07-11,1.6316264867782593,9.807506561279297,9.807506561279297,9.672761917114258,9.672761917114258,4572
2006-07-12,1.612412452697754,9.692011833190918,9.817131996154785,9.624638557434082,9.807506561279297,12987
2006-07-13,1.5899955034255981,9.557267189025879,9.643888473510742,9.538017272949219,9.643888473510742,30027
2006-07-14,1.5899955034255981,9.557267189025879,9.557267189025879,9.393648147583008,9.538017272949219,37612
2006-07-17,1.5723822116851807,9.451395988464355,9.538017272949219,9.393648147583008,9.538017272949219,13195
2006-07-18,1.5723822116851807,9.451395988464355,9.509142875671387,9.412897109985352,9.412897109985352,8935
2006-07-19,1.596400260925293,9.595765113830566,9.595765113830566,9.461020469665527,9.4706449508667,16104
2006-07-20,1.5899955034255981,9.557267189025879,9.605389595031738,9.518768310546875,9.54764175415039,4987
2006-07-21,1.5787867307662964,9.489893913269043,9.557267189025879,9.4706449508667,9.557267189025879,9351
2006-07-24,1.5899955034255981,9.557267189025879,9.711260795593262,9.509142875671387,9.557267189025879,29923
2006-07-25,1.596400260925293,9.595765113830566,9.595765113830566,9.432146072387695,9.557267189025879,25559
2006-07-26,1.5980015993118286,9.605389595031738,9.61501407623291,9.528392791748047,9.61501407623291,6857
2006-07-27,1.599603533744812,9.61501407623291,9.672761917114258,9.528392791748047,9.672761917114258,7065
2006-07-28,1.6028051376342773,9.63426399230957,9.692011833190918,9.538017272949219,9.538017272949219,10078
2006-07-31,1.6092098951339722,9.672761917114258,9.682387351989746,9.557267189025879,9.63426399230957,16624
2006-08-01,1.5980015993118286,9.605389595031738,9.663138389587402,9.538017272949219,9.605389595031738,8208
2006-08-02,1.6172157526016235,9.720885276794434,9.730509757995605,9.624638557434082,9.692011833190918,18806
2006-08-03,1.6092098951339722,9.672761917114258,9.778633117675781,9.672761917114258,9.672761917114258,13611
2006-08-04,1.6220192909240723,9.74975872039795,9.778633117675781,9.720885276794434,9.74975872039795,17351
2006-08-07,1.6204177141189575,9.740135192871094,9.76900863647461,9.61501407623291,9.672761917114258,13507
2006-08-08,1.6156150102615356,9.711260795593262,9.788257598876953,9.624638557434082,9.76900863647461,24624
2006-08-09,1.6044059991836548,9.643888473510742,9.76900863647461,9.605389595031738,9.70163631439209,12260
2006-08-10,1.614013671875,9.70163631439209,9.711260795593262,9.586140632629395,9.595765113830566,6546
2006-08-11,1.618817687034607,9.730509757995605,9.759384155273438,9.63426399230957,9.653512954711914,3325
2006-08-14,1.6204177141189575,9.740135192871094,9.740135192871094,9.692011833190918,9.692011833190918,7377
2006-08-15,1.6332281827926636,9.817131996154785,9.817131996154785,9.759384155273438,9.788257598876953,21611
2006-08-16,1.6508409976959229,9.923003196716309,9.923003196716309,9.846006393432617,9.855629920959473,35638
2006-08-17,1.6588467359542847,9.971125602722168,9.971125602722168,9.923003196716309,9.923003196716309,45508
2006-08-18,1.6700562238693237,10.038498878479004,10.038498878479004,9.951876640319824,9.971125602722168,47586
2006-08-21,1.6652522087097168,10.009625434875488,10.019248962402344,9.942252159118652,9.951876640319824,13299
2006-08-22,1.6620489358901978,9.990374565124512,10.019248962402344,9.93262767791748,9.93262767791748,13611
2006-08-23,1.6572455167770386,9.961501121520996,9.971125602722168,9.91337776184082,9.923003196716309,44573
2006-08-24,1.6572455167770386,9.961501121520996,9.971125602722168,9.923003196716309,9.923003196716309,12572
2006-08-25,1.6508409976959229,9.923003196716309,9.961501121520996,9.923003196716309,9.923003196716309,8728
2006-08-28,1.6540437936782837,9.942252159118652,10.0,9.923003196716309,9.923003196716309,15689
2006-08-29,1.6716574430465698,10.048123359680176,10.048123359680176,9.961501121520996,9.961501121520996,80626
2006-08-30,1.6748591661453247,10.06737232208252,10.096245765686035,10.028874397277832,10.057747840881348,9663
2006-08-31,1.6844658851623535,10.125120162963867,10.125120162963867,10.06737232208252,10.105871200561523,10702
2006-09-01,1.6972755193710327,10.202116966247559,10.202116966247559,10.125120162963867,10.153993606567383,19325
2006-09-05,1.70207941532135,10.23099136352539,10.240615844726562,10.192493438720703,10.240615844726562,10910
2006-09-06,1.694074034690857,10.182868003845215,10.259864807128906,10.182868003845215,10.240615844726562,142966
2006-09-07,1.689269781112671,10.153993606567383,10.17324447631836,10.028874397277832,10.17324447631836,12987
2006-09-08,1.6860675811767578,10.134744644165039,10.17324447631836,10.076996803283691,10.144370079040527,14338
2006-09-11,1.6828657388687134,10.115495681762695,10.115495681762695,10.019248962402344,10.019248962402344,3636
2006-09-12,1.7068836688995361,10.259864807128906,10.259864807128906,10.076996803283691,10.076996803283691,13507
2006-09-13,1.7133675813674927,10.17324447631836,10.182868003845215,10.105871200561523,10.182868003845215,36988
2006-09-14,1.7133675813674927,10.17324447631836,10.202116966247559,10.134744644165039,10.134744644165039,25248
2006-09-15,1.7230926752090454,10.23099136352539,10.25024127960205,10.202116966247559,10.202116966247559,6753
2006-09-18,1.731197714805603,10.279114723205566,10.307988166809082,10.221366882324219,10.221366882324219,83743
2006-09-19,1.7182297706604004,10.202116966247559,10.29836368560791,10.153993606567383,10.25024127960205,73873
2006-09-20,1.732818841934204,10.288739204406738,10.29836368560791,10.202116966247559,10.240615844726562,43015
2006-09-21,1.731197714805603,10.279114723205566,10.336861610412598,10.279114723205566,10.29836368560791,7792
2006-09-22,1.732818841934204,10.288739204406738,10.336861610412598,10.240615844726562,10.307988166809082,7792
2006-09-25,1.7393031120300293,10.327238082885742,10.327238082885742,10.25024127960205,10.25024127960205,23481
2006-09-26,1.7474076747894287,10.375361442565918,10.413859367370605,10.346487045288086,10.346487045288086,28053
2006-09-27,1.7555121183395386,10.423483848571777,10.442732810974121,10.38498592376709,10.38498592376709,21819
2006-09-28,1.7652381658554077,10.481231689453125,10.481231689453125,10.394610404968262,10.423483848571777,29611
2006-09-29,1.7619959115982056,10.461982727050781,10.500480651855469,10.413859367370605,10.471607208251953,20780
2006-10-02,1.7603756189346313,10.45235824584961,10.538979530334473,10.423483848571777,10.538979530334473,16208
2006-10-03,1.7571334838867188,10.433109283447266,10.433109283447266,10.327238082885742,10.336861610412598,48729
2006-10-04,1.7652381658554077,10.481231689453125,10.490857124328613,10.38498592376709,10.38498592376709,21923
2006-10-05,1.7830685377120972,10.587102890014648,10.596728324890137,10.490857124328613,10.490857124328613,24936
2006-10-06,1.7830685377120972,10.587102890014648,10.654475212097168,10.5293550491333,10.548604011535645,28780
2006-10-09,1.7846899032592773,10.596728324890137,10.625601768493652,10.538979530334473,10.538979530334473,13611
2006-10-10,1.7846899032592773,10.596728324890137,10.625601768493652,10.567853927612305,10.596728324890137,25767
2006-10-11,1.7846899032592773,10.596728324890137,10.625601768493652,10.548604011535645,10.567853927612305,10910
2006-10-12,1.7944164276123047,10.654475212097168,10.654475212097168,10.558229446411133,10.567853927612305,17871
2006-10-13,1.8008989095687866,10.692974090576172,10.75072193145752,10.654475212097168,10.654475212097168,51638
2006-10-16,1.8138675689697266,10.769970893859863,10.789219856262207,10.712223052978516,10.712223052978516,25144
2006-10-17,1.8138675689697266,10.769970893859863,10.779596328735352,10.721847534179688,10.721847534179688,6026
2006-10-18,1.8187309503555298,10.798845291137695,10.885466575622559,10.769970893859863,10.808469772338867,16832
2006-10-19,1.82521390914917,10.8373441696167,10.846967697143555,10.769970893859863,10.789219856262207,13403
2006-10-20,1.828456997871399,10.856593132019043,10.866217613220215,10.798845291137695,10.808469772338867,7896
2006-10-23,1.838181495666504,10.91434097290039,10.91434097290039,10.846967697143555,10.866217613220215,15169
2006-10-24,1.8398032188415527,10.923965454101562,10.933589935302734,10.885466575622559,10.904715538024902,28157
2006-10-25,1.8511502742767334,10.991337776184082,10.991337776184082,10.904715538024902,10.904715538024902,23897
2006-10-26,1.8527711629867554,11.000962257385254,11.02983570098877,10.962464332580566,10.98171329498291,15689
2006-10-27,1.8673593997955322,11.087583541870117,11.154956817626953,11.039461135864258,11.039461135864258,21196
2006-10-30,1.8835698366165161,11.183831214904785,11.183831214904785,11.04908561706543,11.04908561706543,8832
2006-10-31,1.878706693649292,11.154956817626953,11.164581298828125,11.106833457946777,11.164581298828125,25144
2006-11-01,1.86411714553833,11.068334579467773,11.19345474243164,11.068334579467773,11.19345474243164,36988
2006-11-02,1.8592541217803955,11.039461135864258,11.04908561706543,10.943215370178223,10.972088813781738,16728
2006-11-03,1.8576335906982422,11.02983570098877,11.077960014343262,11.010586738586426,11.068334579467773,9767
2006-11-06,1.878706693649292,11.154956817626953,11.203080177307129,11.039461135864258,11.039461135864258,20468
2006-11-07,1.89653742313385,11.260828018188477,11.289702415466309,11.203080177307129,11.251202583312988,7273
2006-11-08,1.89653742313385,11.260828018188477,11.299325942993164,11.164581298828125,11.164581298828125,14858
2006-11-09,1.8981572389602661,11.270451545715332,11.289702415466309,11.2127046585083,11.260828018188477,21611
2006-11-10,1.9014002084732056,11.289702415466309,11.299325942993164,11.260828018188477,11.260828018188477,20780
2006-11-13,1.8949161767959595,11.251202583312988,11.289702415466309,11.183831214904785,11.289702415466309,94237
2006-11-14,1.9030205011367798,11.299325942993164,11.299325942993164,11.145332336425781,11.251202583312988,64626
2006-11-15,1.9078834056854248,11.328200340270996,11.328200340270996,11.270451545715332,11.308951377868652,25663
2006-11-16,1.91436767578125,11.36669921875,11.376322746276855,11.318575859069824,11.328200340270996,115848
2006-11-17,1.9127461910247803,11.357073783874512,11.357073783874512,11.308951377868652,11.357073783874512,32313
2006-11-20,1.9176095724105835,11.385948181152344,11.405197143554688,11.357073783874512,11.395572662353516,52885
2006-11-21,1.9176095724105835,11.385948181152344,11.385948181152344,11.318575859069824,11.357073783874512,11013
2006-11-22,1.9257137775421143,11.434070587158203,11.482193946838379,11.34744930267334,11.34744930267334,33664
2006-11-24,1.9370614290237427,11.501443862915039,11.501443862915039,11.405197143554688,11.424447059631348,13715
2006-11-27,1.9046411514282227,11.308951377868652,11.482193946838379,11.299325942993164,11.434070587158203,42287
2006-11-28,1.9078834056854248,11.328200340270996,11.328200340270996,11.231953620910645,11.231953620910645,29196
2006-11-29,1.91436767578125,11.36669921875,11.405197143554688,11.337824821472168,11.337824821472168,17351
2006-11-30,1.9354404211044312,11.491819381713867,11.501443862915039,11.405197143554688,11.405197143554688,9455
2006-12-01,1.9273343086242676,11.443696022033691,11.491819381713867,11.385948181152344,11.491819381713867,18910
2006-12-04,1.9467871189117432,11.559191703796387,11.597689628601074,11.482193946838379,11.482193946838379,81458
2006-12-05,1.9775848388671875,11.742059707641602,11.742059707641602,11.636189460754395,11.636189460754395,21507
2006-12-06,1.9808275699615479,11.761308670043945,11.79980754852295,11.751684188842773,11.790183067321777,25559
2006-12-07,1.9808275699615479,11.761308670043945,11.809432029724121,11.742059707641602,11.751684188842773,37508
2006-12-08,1.9824482202529907,11.770934104919434,11.790183067321777,11.742059707641602,11.751684188842773,21300
2006-12-11,1.9907152652740479,11.588065147399902,11.636189460754395,11.57844066619873,11.616938591003418,112108
2006-12-12,1.9956759214401245,11.616938591003418,11.636189460754395,11.588065147399902,11.626564025878906,15065
2006-12-13,1.9923686981201172,11.597689628601074,11.64581298828125,11.588065147399902,11.64581298828125,18390
2006-12-14,2.0022895336151123,11.655438423156738,11.655438423156738,11.568816184997559,11.568816184997559,18079
2006-12-15,2.0022895336151123,11.655438423156738,11.73243522644043,11.655438423156738,11.693936347961426,24209
2006-12-18,2.000636577606201,11.64581298828125,11.693936347961426,11.597689628601074,11.655438423156738,28157
2006-12-19,2.000636577606201,11.64581298828125,11.64581298828125,11.559191703796387,11.64581298828125,34079
2006-12-20,2.017169713973999,11.742059707641602,11.742059707641602,11.616938591003418,11.616938591003418,11533
2006-12-21,2.015517234802246,11.73243522644043,11.751684188842773,11.607315063476562,11.674687385559082,19014
2006-12-22,2.0072498321533203,11.684311866760254,11.751684188842773,11.549567222595215,11.636189460754395,26910
2006-12-26,2.0138630867004395,11.722809791564941,11.73243522644043,11.684311866760254,11.684311866760254,9974
2006-12-27,2.0436251163482666,11.8960542678833,11.905678749084473,11.722809791564941,11.722809791564941,31482
2006-12-28,2.0386648178100586,11.867179870605469,11.886428833007812,11.838306427001953,11.867179870605469,29508
2006-12-29,2.0287439823150635,11.809432029724121,11.992300033569336,11.809432029724121,11.81905746459961,24001
2007-01-03,2.0485856533050537,11.924927711486816,11.992300033569336,11.838306427001953,11.838306427001953,40313
2007-01-04,2.0551986694335938,11.963425636291504,11.982675552368164,11.876805305480957,11.982675552368164,25871
2007-01-05,2.0551986694335938,11.963425636291504,11.992300033569336,11.876805305480957,11.992300033569336,28261
2007-01-08,2.046931743621826,11.915303230285645,11.953802108764648,11.838306427001953,11.886428833007812,12052
2007-01-09,2.066772699356079,12.03079891204834,12.050047874450684,11.857555389404297,11.867179870605469,18702
2007-01-10,2.061812162399292,12.001925468444824,12.03079891204834,11.963425636291504,12.03079891204834,22962
2007-01-11,2.081653356552124,12.11742115020752,12.406160354614258,11.94417667388916,11.94417667388916,52262
2007-01-12,2.1411759853363037,12.463908195495605,12.492781639099121,12.11742115020752,12.11742115020752,38443
2007-01-16,2.136216878890991,12.435033798217773,12.521655082702637,12.425409317016602,12.492781639099121,40209
2007-01-17,2.1411759853363037,12.463908195495605,12.569779396057129,12.415783882141113,12.492781639099121,27949
2007-01-18,2.139523506164551,12.454282760620117,12.56015396118164,12.415783882141113,12.56015396118164,20676
2007-01-19,2.1329095363616943,12.415783882141113,12.473531723022461,12.338787078857422,12.454282760620117,29923
2007-01-22,2.1312568187713623,12.406160354614258,12.415783882141113,12.386910438537598,12.386910438537598,23378
2007-01-23,2.1378698348999023,12.444658279418945,12.454282760620117,12.386910438537598,12.406160354614258,12052
2007-01-24,2.17093825340271,12.637150764465332,12.64677619934082,12.492781639099121,12.492781639099121,15689
2007-01-25,2.154404401779175,12.540904998779297,12.704524040222168,12.521655082702637,12.637150764465332,32209
2007-01-26,2.1610171794891357,12.579402923583984,12.579402923583984,12.512030601501465,12.579402923583984,14754
2007-01-29,2.146136999130249,12.492781639099121,12.579402923583984,12.473531723022461,12.56015396118164,13091
2007-01-30,2.1411759853363037,12.463908195495605,12.502406120300293,12.463908195495605,12.502406120300293,1870
2007-01-31,2.182511806488037,12.704524040222168,12.704524040222168,12.425409317016602,12.444658279418945,12884
2007-02-01,2.162670612335205,12.589028358459473,12.743021965026855,12.521655082702637,12.704524040222168,21611
2007-02-02,2.1610171794891357,12.579402923583984,12.685274124145508,12.531279563903809,12.56015396118164,18494
2007-02-05,2.1643242835998535,12.598652839660645,12.598652839660645,12.540904998779297,12.579402923583984,4987
2007-02-06,2.1610171794891357,12.579402923583984,12.598652839660645,12.48315715789795,12.56015396118164,14858
2007-02-07,2.1643242835998535,12.598652839660645,12.608277320861816,12.502406120300293,12.512030601501465,15793
2007-02-08,2.1610171794891357,12.579402923583984,12.62752628326416,12.521655082702637,12.550528526306152,12156
2007-02-09,2.1593644618988037,12.569779396057129,12.62752628326416,12.531279563903809,12.608277320861816,12260
2007-02-12,2.1312568187713623,12.406160354614258,12.617901802062988,12.290663719177246,12.608277320861816,29611
2007-02-13,2.1477904319763184,12.502406120300293,12.502406120300293,12.300289154052734,12.425409317016602,39898
2007-02-14,2.156057596206665,12.550528526306152,12.608277320861816,12.473531723022461,12.473531723022461,6753
2007-02-15,2.177551507949829,12.675649642944336,12.685274124145508,12.502406120300293,12.502406120300293,9663
2007-02-16,2.1593644618988037,12.569779396057129,12.733396530151367,12.550528526306152,12.598652839660645,24728
2007-02-20,2.1643242835998535,12.598652839660645,12.791145324707031,12.569779396057129,12.579402923583984,41976
2007-02-21,2.175898790359497,12.666025161743164,12.714147567749023,12.598652839660645,12.598652839660645,13195
2007-02-22,2.1643242835998535,12.598652839660645,12.723773002624512,12.338787078857422,12.637150764465332,58288
2007-02-23,2.165977954864502,12.608277320861816,12.637150764465332,12.531279563903809,12.62752628326416,45508
2007-02-26,2.1841654777526855,12.714147567749023,12.848893165588379,12.656399726867676,12.848893165588379,70029
2007-02-27,2.081653356552124,12.11742115020752,12.579402923583984,11.934552192687988,12.579402923583984,78652
2007-02-28,2.1014952659606934,12.232915878295898,12.26179027557373,12.021174430847168,12.021174430847168,23170
2007-03-01,2.0750396251678467,12.078922271728516,12.078922271728516,11.742059707641602,11.790183067321777,30235
2007-03-02,2.0337047576904297,11.838306427001953,12.078922271728516,11.838306427001953,12.03079891204834,11949
2007-03-05,2.0221304893493652,11.770934104919434,11.924927711486816,11.703560829162598,11.751684188842773,31066
2007-03-06,2.0766937732696533,12.088546752929688,12.107795715332031,11.693936347961426,11.693936347961426,13715
2007-03-07,2.0551986694335938,11.963425636291504,12.069296836853027,11.838306427001953,12.069296836853027,17663
2007-03-08,2.081653356552124,12.11742115020752,12.242541313171387,12.001925468444824,12.059673309326172,9871
2007-03-09,2.0750396251678467,12.078922271728516,12.213666915893555,12.040423393249512,12.204042434692383,8728
2007-03-12,2.0849602222442627,12.136670112609863,12.165543556213379,12.03079891204834,12.03079891204834,5299
2007-03-13,2.066772699356079,12.03079891204834,12.165543556213379,11.982675552368164,12.078922271728516,24001
2007-03-14,2.0768144130706787,11.94417667388916,11.992300033569336,11.838306427001953,11.992300033569336,11117
2007-03-15,2.088528871536255,12.011549949645996,12.03079891204834,11.838306427001953,12.03079891204834,13403
2007-03-16,2.0500376224517822,11.790183067321777,11.934552192687988,11.761308670043945,11.934552192687988,17663
2007-03-19,2.071793556213379,11.915303230285645,11.953802108764648,11.838306427001953,11.838306427001953,24417
2007-03-20,2.106936454772949,12.11742115020752,12.127044677734375,11.934552192687988,11.934552192687988,10598
2007-03-21,2.1504483222961426,12.367661476135254,12.367661476135254,12.078922271728516,12.127044677734375,28261
2007-03-22,2.1638360023498535,12.444658279418945,12.463908195495605,12.348411560058594,12.463908195495605,6130
2007-03-23,2.173877477645874,12.502406120300293,12.502406120300293,12.406160354614258,12.502406120300293,12572
2007-03-26,2.1772241592407227,12.521655082702637,12.569779396057129,12.319538116455078,12.502406120300293,28157
2007-03-27,2.1487739086151123,12.358036994934082,12.512030601501465,12.358036994934082,12.512030601501465,20468
2007-03-28,2.140407085418701,12.30991268157959,12.358036994934082,12.242541313171387,12.319538116455078,17663
2007-03-29,2.1638360023498535,12.444658279418945,12.454282760620117,12.338787078857422,12.367661476135254,49872
2007-03-30,2.173877477645874,12.502406120300293,12.512030601501465,12.300289154052734,12.473531723022461,25975
2007-04-02,2.1922852993011475,12.608277320861816,12.608277320861816,12.531279563903809,12.579402923583984,13195
2007-04-03,2.2190606594085693,12.7622709274292,12.85851764678955,12.64677619934082,12.64677619934082,13403
2007-04-04,2.2190606594085693,12.7622709274292,12.791145324707031,12.723773002624512,12.7622709274292,22858
2007-04-05,2.254204750061035,12.964388847351074,12.993263244628906,12.752647399902344,12.791145324707031,24624
2007-04-09,2.244164228439331,12.906641006469727,13.051011085510254,12.906641006469727,13.01251220703125,13611
2007-04-10,2.237471103668213,12.868142127990723,12.92588996887207,12.7622709274292,12.887392044067383,16208
2007-04-11,2.237471103668213,12.868142127990723,12.887392044067383,12.800769805908203,12.877766609191895,12987
2007-04-12,2.242490530014038,12.897015571594238,13.070260047912598,12.7622709274292,12.94513988494873,14962
2007-04-13,2.242490530014038,12.897015571594238,12.954764366149902,12.78152084350586,12.800769805908203,27222
2007-04-16,2.25587797164917,12.974013328552246,13.070260047912598,12.916266441345215,12.935515403747559,33560
2007-04-17,2.267592430114746,13.041385650634766,13.06063461303711,12.974013328552246,13.051011085510254,17767
2007-04-18,2.2793076038360596,13.108757972717285,13.185755729675293,12.974013328552246,12.993263244628906,17351
2007-04-19,2.27596116065979,13.089509010314941,13.09913444519043,13.041385650634766,13.041385650634766,8104
2007-04-20,2.264246940612793,13.022136688232422,13.253128051757812,12.877766609191895,13.108757972717285,44885
2007-04-23,2.274287223815918,13.07988452911377,13.089509010314941,12.94513988494873,12.94513988494873,21715
2007-04-24,2.287675619125366,13.156882286071777,13.156882286071777,12.877766609191895,13.051011085510254,24417
2007-04-25,2.267592430114746,13.041385650634766,13.214629173278809,12.954764366149902,13.205004692077637,45404
2007-04-26,2.287675619125366,13.156882286071777,13.282002449035645,13.002886772155762,13.01251220703125,25663
2007-04-27,2.3244917392730713,13.368623733520508,13.416747093200684,13.185755729675293,13.262752532958984,67223
2007-04-30,2.321146011352539,13.349373817443848,13.426371574401855,13.339750289916992,13.39749813079834,51430
2007-05-01,2.3094308376312256,13.282002449035645,13.330124855041504,13.185755729675293,13.301251411437988,17040
2007-05-02,2.3177971839904785,13.330124855041504,13.330124855041504,13.205004692077637,13.233879089355469,25559
2007-05-03,2.3395535945892334,13.455245018005371,13.493743896484375,13.387872695922852,13.387872695922852,92575
2007-05-04,2.3161251544952393,13.320500373840332,13.522618293762207,13.233879089355469,13.522618293762207,25144
2007-05-07,2.3663291931152344,13.60923957824707,13.60923957824707,13.330124855041504,13.339750289916992,49145
2007-05-08,2.326165199279785,13.37824821472168,13.599615097045898,13.37824821472168,13.599615097045898,20780
2007-05-09,2.326165199279785,13.37824821472168,13.435996055603027,13.272377014160156,13.330124855041504,36469
2007-05-10,2.3094308376312256,13.282002449035645,13.37824821472168,13.272377014160156,13.37824821472168,14962
2007-05-11,2.304410696029663,13.253128051757812,13.358999252319336,13.051011085510254,13.262752532958984,12260
2007-05-14,2.2893481254577637,13.166505813598633,13.320500373840332,13.156882286071777,13.320500373840332,16832
2007-05-15,2.2860021591186523,13.147256851196289,13.301251411437988,13.07988452911377,13.108757972717285,11325
2007-05-16,2.2926957607269287,13.185755729675293,13.205004692077637,13.051011085510254,13.051011085510254,10494
2007-05-17,2.312777280807495,13.301251411437988,13.320500373840332,13.185755729675293,13.185755729675293,5403
2007-05-18,2.3144514560699463,13.31087589263916,13.349373817443848,13.262752532958984,13.262752532958984,11533
2007-05-21,2.3144514560699463,13.31087589263916,13.416747093200684,13.282002449035645,13.282002449035645,13195
2007-05-22,2.312777280807495,13.301251411437988,13.368623733520508,13.070260047912598,13.368623733520508,45197
2007-05-23,2.3177971839904785,13.330124855041504,13.368623733520508,13.320500373840332,13.349373817443848,12260
2007-05-24,2.3177971839904785,13.330124855041504,13.387872695922852,13.262752532958984,13.358999252319336,20780
2007-05-25,2.3177971839904785,13.330124855041504,13.358999252319336,13.195380210876465,13.272377014160156,12780
2007-05-29,2.3094308376312256,13.282002449035645,13.358999252319336,13.185755729675293,13.358999252319336,9039
2007-05-30,2.3177971839904785,13.330124855041504,13.339750289916992,13.233879089355469,13.233879089355469,8000
2007-05-31,2.3177971839904785,13.330124855041504,13.39749813079834,13.330124855041504,13.387872695922852,6753
2007-06-01,2.3529417514801025,13.532242774963379,13.67661190032959,13.407121658325195,13.4456205368042,19222
2007-06-04,2.373023509979248,13.647738456726074,13.686237335205078,13.484119415283203,13.532242774963379,23066
2007-06-05,2.381390333175659,13.695860862731934,13.734359741210938,13.628488540649414,13.686237335205078,16104
2007-06-06,2.357961654663086,13.561116218566895,13.695860862731934,13.493743896484375,13.666987419128418,22027
2007-06-07,2.3429007530212402,13.474494934082031,13.638113975524902,13.426371574401855,13.638113975524902,36781
2007-06-08,2.3429007530212402,13.474494934082031,13.474494934082031,13.243502616882324,13.243502616882324,25559
2007-06-11,2.3613085746765137,13.580366134643555,13.628488540649414,13.474494934082031,13.474494934082031,79484
2007-06-12,2.3362061977386475,13.435996055603027,13.512992858886719,13.233879089355469,13.474494934082031,16001
2007-06-13,2.3615810871124268,13.435996055603027,13.435996055603027,13.31087589263916,13.339750289916992,159902
2007-06-14,2.3683488368988037,13.474494934082031,13.551491737365723,13.435996055603027,13.435996055603027,34703
2007-06-15,2.375115394592285,13.512992858886719,13.561116218566895,13.37824821472168,13.37824821472168,8728
2007-06-18,2.381882429122925,13.551491737365723,13.570740699768066,13.426371574401855,13.561116218566895,32832
2007-06-19,2.381882429122925,13.551491737365723,13.647738456726074,13.455245018005371,13.570740699768066,33871
2007-06-20,2.3717312812805176,13.493743896484375,13.618864059448242,13.474494934082031,13.474494934082031,21923
2007-06-21,2.3683488368988037,13.474494934082031,13.493743896484375,13.37824821472168,13.416747093200684,12780
2007-06-22,2.3852646350860596,13.570740699768066,13.599615097045898,13.272377014160156,13.503369331359863,19429
2007-06-25,2.3598897457122803,13.426371574401855,13.638113975524902,13.37824821472168,13.638113975524902,10390
2007-06-26,2.348048448562622,13.358999252319336,13.54186725616455,13.330124855041504,13.426371574401855,24209
2007-06-27,2.3277485370635986,13.243502616882324,13.31087589263916,13.137632369995117,13.31087589263916,17559
2007-06-28,2.3615810871124268,13.435996055603027,13.522618293762207,13.243502616882324,13.243502616882324,14546
2007-06-29,2.348048448562622,13.358999252319336,13.4456205368042,13.166505813598633,13.39749813079834,17559
2007-07-02,2.3531229496002197,13.387872695922852,13.54186725616455,13.37824821472168,13.37824821472168,7169
2007-07-03,2.3717312812805176,13.493743896484375,13.512992858886719,13.39749813079834,13.39749813079834,7065
2007-07-05,2.3581979274749756,13.416747093200684,13.561116218566895,13.416747093200684,13.474494934082031,8728
2007-07-06,2.4089486598968506,13.705486297607422,13.715110778808594,13.484119415283203,13.484119415283203,24209
2007-07-09,2.412332057952881,13.724735260009766,13.878729820251465,13.705486297607422,13.772858619689941,12052
2007-07-10,2.381882429122925,13.551491737365723,13.782483100891113,13.551491737365723,13.705486297607422,6338
2007-07-11,2.3954153060913086,13.628488540649414,13.724735260009766,13.551491737365723,13.599615097045898,6026
2007-07-12,2.4190986156463623,13.76323413848877,13.840230941772461,13.67661190032959,13.743985176086426,27222
2007-07-13,2.427556037902832,13.811356544494629,13.869105339050293,13.76323413848877,13.801732063293457,28676
2007-07-16,2.4546244144439697,13.965351104736328,14.003849983215332,13.715110778808594,13.715110778808594,38547
2007-07-17,2.4461655616760254,13.917227745056152,13.955726623535156,13.753608703613281,13.946102142333984,21715
2007-07-18,2.417407751083374,13.753608703613281,13.84985637664795,13.580366134643555,13.801732063293457,29196
2007-07-19,2.4326322078704834,13.840230941772461,13.859479904174805,13.830606460571289,13.830606460571289,7377
2007-07-20,2.415715456008911,13.743985176086426,13.801732063293457,13.666987419128418,13.715110778808594,7481
2007-07-23,2.427556037902832,13.811356544494629,13.859479904174805,13.58998966217041,13.859479904174805,11637
2007-07-24,2.351431131362915,13.37824821472168,13.76323413848877,13.282002449035645,13.76323413848877,17351
2007-07-25,2.3683488368988037,13.474494934082031,13.618864059448242,13.330124855041504,13.474494934082031,9974
2007-07-26,2.3328232765197754,13.272377014160156,13.339750289916992,12.829644203186035,13.339750289916992,37196
2007-07-27,2.2769980430603027,12.954764366149902,13.156882286071777,12.92588996887207,13.156882286071777,13923
2007-07-30,2.3311314582824707,13.262752532958984,13.262752532958984,12.64677619934082,12.897015571594238,29611
2007-07-31,2.2972970008850098,13.070260047912598,13.291626930236816,12.954764366149902,13.272377014160156,94237
2007-08-01,2.2499306201934814,12.800769805908203,12.92588996887207,12.531279563903809,12.92588996887207,15585
2007-08-02,2.234706163406372,12.714147567749023,12.974013328552246,12.685274124145508,12.820018768310547,10078
2007-08-03,2.1907217502593994,12.463908195495605,12.743021965026855,12.463908195495605,12.743021965026855,14442
2007-08-06,2.229630708694458,12.685274124145508,12.685274124145508,12.213666915893555,12.463908195495605,15273
2007-08-07,2.2076382637023926,12.56015396118164,12.723773002624512,12.348411560058594,12.608277320861816,9767
2007-08-08,2.239780902862549,12.743021965026855,12.877766609191895,12.550528526306152,12.550528526306152,11221
2007-08-09,2.167039155960083,12.32916259765625,12.617901802062988,12.281039237976074,12.415783882141113,11845
2007-08-10,2.1636557579040527,12.30991268157959,12.463908195495605,11.982675552368164,12.300289154052734,36365
2007-08-13,2.1687302589416504,12.338787078857422,12.512030601501465,12.252165794372559,12.319538116455078,15897
2007-08-14,2.1230549812316895,12.078922271728516,12.367661476135254,12.059673309326172,12.223292350769043,9974
2007-08-15,2.0790703296661377,11.828680992126465,12.088546752929688,11.828680992126465,12.011549949645996,15065
2007-08-16,2.0790703296661377,11.828680992126465,11.828680992126465,11.164581298828125,11.64581298828125,40625
2007-08-17,2.1112139225006104,12.011549949645996,12.11742115020752,11.847930908203125,11.924927711486816,21092
2007-08-20,2.1196718215942383,12.059673309326172,12.107795715332031,11.655438423156738,12.107795715332031,12468
2007-08-21,2.1230549812316895,12.078922271728516,12.127044677734375,11.482193946838379,11.953802108764648,22858
2007-08-22,2.156888484954834,12.271414756774902,12.290663719177246,12.136670112609863,12.136670112609863,13091
2007-08-23,2.1788806915283203,12.39653491973877,12.463908195495605,12.271414756774902,12.30991268157959,17144
2007-08-24,2.2042551040649414,12.540904998779297,12.540904998779297,12.358036994934082,12.358036994934082,22131
2007-08-27,2.1957972049713135,12.492781639099121,12.608277320861816,12.492781639099121,12.540904998779297,14858
2007-08-28,2.1636557579040527,12.30991268157959,12.589028358459473,12.30991268157959,12.589028358459473,19845
2007-08-29,2.1957972049713135,12.492781639099121,12.492781639099121,12.367661476135254,12.367661476135254,4779
2007-08-30,2.189030885696411,12.454282760620117,12.569779396057129,12.415783882141113,12.463908195495605,4779
2007-08-31,2.226247787475586,12.666025161743164,12.685274124145508,12.56015396118164,12.589028358459473,10182
2007-09-04,2.2583882808685303,12.848893165588379,12.868142127990723,12.704524040222168,12.704524040222168,40209
2007-09-05,2.226247787475586,12.666025161743164,12.839268684387207,12.62752628326416,12.752647399902344,10390
2007-09-06,2.260080575942993,12.85851764678955,12.868142127990723,12.704524040222168,12.7622709274292,22339
2007-09-07,2.2363977432250977,12.723773002624512,12.78152084350586,12.598652839660645,12.78152084350586,29092
2007-09-10,2.2228641510009766,12.64677619934082,12.723773002624512,12.598652839660645,12.656399726867676,2909
2007-09-11,2.2313225269317627,12.69489860534668,12.868142127990723,12.598652839660645,12.598652839660645,10910
2007-09-12,2.245012044906616,12.62752628326416,12.752647399902344,12.512030601501465,12.521655082702637,9455
2007-09-13,2.263833999633789,12.733396530151367,12.743021965026855,12.608277320861816,12.637150764465332,7065
2007-09-14,2.262122869491577,12.723773002624512,12.733396530151367,12.492781639099121,12.512030601501465,11845
2007-09-17,2.245012044906616,12.62752628326416,12.752647399902344,12.62752628326416,12.733396530151367,35430
2007-09-18,2.2929224967956543,12.897015571594238,12.935515403747559,12.62752628326416,12.675649642944336,28261
2007-09-19,2.306612253189087,12.974013328552246,13.176131248474121,12.810395240783691,12.974013328552246,15897
2007-09-20,2.286078453063965,12.85851764678955,13.07988452911377,12.848893165588379,12.954764366149902,10806
2007-09-21,2.3220133781433105,13.06063461303711,13.108757972717285,12.954764366149902,12.954764366149902,12780
2007-09-24,2.3203012943267822,13.051011085510254,13.108757972717285,13.01251220703125,13.01251220703125,10286
2007-09-25,2.2980570793151855,12.92588996887207,13.128007888793945,12.877766609191895,13.128007888793945,34079
2007-09-26,2.3322794437408447,13.118383407592773,13.137632369995117,12.983637809753418,12.983637809753418,33975
2007-09-27,2.3613691329956055,13.282002449035645,13.455245018005371,13.137632369995117,13.137632369995117,48833
2007-09-28,2.3665027618408203,13.31087589263916,13.474494934082031,13.253128051757812,13.301251411437988,12987
2007-10-01,2.4007248878479004,13.503369331359863,13.58998966217041,13.339750289916992,13.349373817443848,11325
2007-10-02,2.416125535964966,13.58998966217041,13.840230941772461,13.522618293762207,13.570740699768066,15793
2007-10-03,2.4417922496795654,13.734359741210938,13.946102142333984,13.4456205368042,13.4456205368042,22131
2007-10-04,2.4058589935302734,13.532242774963379,13.695860862731934,13.493743896484375,13.666987419128418,11013
2007-10-05,2.4400811195373535,13.724735260009766,13.830606460571289,13.532242774963379,13.532242774963379,16416
2007-10-08,2.4366583824157715,13.705486297607422,13.753608703613281,13.37824821472168,13.753608703613281,8935
2007-10-09,2.428102970123291,13.657362937927246,13.715110778808594,13.522618293762207,13.638113975524902,13923
2007-10-10,2.433236837387085,13.686237335205078,13.705486297607422,13.570740699768066,13.570740699768066,5507
2007-10-11,2.426391839981079,13.647738456726074,13.917227745056152,13.647738456726074,13.67661190032959,27637
2007-10-12,2.4691712856292725,13.888354301452637,13.946102142333984,13.666987419128418,13.76323413848877,15689
2007-10-15,2.3973021507263184,13.484119415283203,13.994224548339844,13.435996055603027,13.820981979370117,41041
2007-10-16,2.3938815593719482,13.46487045288086,13.628488540649414,13.330124855041504,13.484119415283203,12987
2007-10-17,2.383613348007202,13.407121658325195,13.570740699768066,13.282002449035645,13.474494934082031,23378
2007-10-18,2.4178361892700195,13.599615097045898,13.715110778808594,13.37824821472168,13.37824821472168,8208
2007-10-19,2.352813482284546,13.233879089355469,13.618864059448242,13.089509010314941,13.618864059448242,12156
2007-10-22,2.3442578315734863,13.185755729675293,13.31087589263916,13.07988452911377,13.137632369995117,24520
2007-10-23,2.4041478633880615,13.522618293762207,13.647738456726074,13.156882286071777,13.185755729675293,12364
2007-10-24,2.373347520828247,13.349373817443848,13.474494934082031,13.041385650634766,13.358999252319336,12884
2007-10-25,2.3767683506011963,13.368623733520508,13.387872695922852,13.214629173278809,13.387872695922852,5507
2007-10-26,2.3784801959991455,13.37824821472168,13.37824821472168,13.214629173278809,13.301251411437988,10598
2007-10-29,2.4109914302825928,13.561116218566895,13.60923957824707,13.368623733520508,13.416747093200684,8728
2007-10-30,2.3938815593719482,13.46487045288086,13.60923957824707,12.877766609191895,13.522618293762207,38443
2007-10-31,2.3990132808685303,13.493743896484375,13.54186725616455,13.339750289916992,13.512992858886719,56314
2007-11-01,2.352813482284546,13.233879089355469,13.368623733520508,13.166505813598633,13.349373817443848,17975
2007-11-02,2.3391244411468506,13.156882286071777,13.233879089355469,12.85851764678955,13.233879089355469,14546
2007-11-05,2.306612253189087,12.974013328552246,13.089509010314941,12.820018768310547,12.94513988494873,35014
2007-11-06,2.3117456436157227,13.002886772155762,13.118383407592773,12.94513988494873,13.031761169433594,22131
2007-11-07,2.270678758621216,12.771896362304688,13.108757972717285,12.752647399902344,12.887392044067383,37716
2007-11-08,2.270678758621216,12.771896362304688,12.848893165588379,12.377285957336426,12.771896362304688,22235
2007-11-09,2.203943967819214,12.39653491973877,12.608277320861816,12.300289154052734,12.608277320861816,20053
2007-11-12,2.1817004680633545,12.271414756774902,12.48315715789795,12.271414756774902,12.348411560058594,9351
2007-11-13,2.197099208831787,12.358036994934082,12.473531723022461,12.127044677734375,12.415783882141113,27326
2007-11-14,2.2090768814086914,12.425409317016602,12.617901802062988,12.425409317016602,12.48315715789795,6857
2007-11-15,2.1765663623809814,12.242541313171387,12.492781639099121,12.127044677734375,12.281039237976074,30962
2007-11-16,2.1714320182800293,12.213666915893555,12.32916259765625,12.184793472290039,12.300289154052734,14026
2007-11-19,2.1337876319885254,12.001925468444824,12.223292350769043,12.001925468444824,12.127044677734375,16312
2007-11-20,2.140631914138794,12.040423393249512,12.204042434692383,11.809432029724121,12.001925468444824,22339
2007-11-21,2.1166772842407227,11.905678749084473,12.242541313171387,11.780557632446289,11.828680992126465,53820
2007-11-23,2.1423442363739014,12.050047874450684,12.088546752929688,11.963425636291504,11.963425636291504,2701
2007-11-26,2.113253355026245,11.886428833007812,12.204042434692383,11.886428833007812,12.059673309326172,11533
2007-11-27,2.1269428730010986,11.963425636291504,12.069296836853027,11.761308670043945,11.886428833007812,42599
2007-11-28,2.1817004680633545,12.271414756774902,12.319538116455078,12.03079891204834,12.03079891204834,32728
2007-11-29,2.149188756942749,12.088546752929688,12.348411560058594,12.069296836853027,12.17516803741455,29196
2007-11-30,2.1851212978363037,12.290663719177246,12.637150764465332,12.252165794372559,12.252165794372559,191799
2007-12-03,2.190253973007202,12.319538116455078,12.377285957336426,12.26179027557373,12.290663719177246,5715
2007-12-04,2.186833381652832,12.300289154052734,12.348411560058594,12.146294593811035,12.146294593811035,11533
2007-12-05,2.207367181777954,12.415783882141113,12.579402923583984,12.377285957336426,12.463908195495605,7273
2007-12-06,2.2296104431152344,12.540904998779297,12.617901802062988,12.281039237976074,12.319538116455078,10390
2007-12-07,2.2330338954925537,12.56015396118164,12.685274124145508,12.415783882141113,12.685274124145508,11013
2007-12-10,2.254049777984619,12.386910438537598,12.444658279418945,12.242541313171387,12.358036994934082,7273
2007-12-11,2.1822431087493896,11.992300033569336,12.415783882141113,11.751684188842773,12.338787078857422,24728
2007-12-12,2.1997573375701904,12.088546752929688,12.444658279418945,12.088546752929688,12.213666915893555,11429
2007-12-13,2.176988124847412,11.963425636291504,12.194417953491211,11.934552192687988,12.194417953491211,35534
2007-12-14,2.1629769802093506,11.886428833007812,12.155919075012207,11.847930908203125,11.992300033569336,6961
2007-12-17,2.1367058753967285,11.742059707641602,11.953802108764648,11.73243522644043,11.953802108764648,9247
2007-12-18,2.1647286415100098,11.8960542678833,12.425409317016602,11.79980754852295,12.425409317016602,39794
2007-12-19,2.1997573375701904,12.088546752929688,12.107795715332031,11.751684188842773,11.934552192687988,23378
2007-12-20,2.1647286415100098,11.8960542678833,12.088546752929688,11.751684188842773,12.021174430847168,27949
2007-12-21,2.2452938556671143,12.338787078857422,12.637150764465332,11.8960542678833,11.8960542678833,41872
2007-12-24,2.3065922260284424,12.675649642944336,12.675649642944336,12.194417953491211,12.194417953491211,12884
2007-12-26,2.2785696983337402,12.521655082702637,12.598652839660645,12.165543556213379,12.56015396118164,14858
2007-12-27,2.233034372329712,12.271414756774902,12.454282760620117,12.213666915893555,12.454282760620117,9663
2007-12-28,2.224276304244995,12.223292350769043,12.463908195495605,12.213666915893555,12.281039237976074,8104
2007-12-31,2.2575533390045166,12.406160354614258,12.492781639099121,12.136670112609863,12.26179027557373,12260
2008-01-02,2.2137680053710938,12.165543556213379,12.32916259765625,12.078922271728516,12.32916259765625,5507
2008-01-03,2.1559722423553467,11.847930908203125,12.069296836853027,11.761308670043945,12.040423393249512,24728
2008-01-04,2.115689277648926,11.626564025878906,11.761308670043945,11.511068344116211,11.703560829162598,18910
2008-01-07,2.0876681804656982,11.472570419311523,11.626564025878906,11.36669921875,11.559191703796387,26702
2008-01-08,2.068402051925659,11.36669921875,11.66506290435791,10.943215370178223,11.559191703796387,17247
2008-01-09,2.0508880615234375,11.270451545715332,11.328200340270996,11.077960014343262,11.318575859069824,28988
2008-01-10,2.068402051925659,11.36669921875,11.434070587158203,11.068334579467773,11.097208976745605,19533
2008-01-11,2.0438826084136963,11.231953620910645,11.357073783874512,11.145332336425781,11.357073783874512,6442
2008-01-14,2.0806615352630615,11.434070587158203,11.434070587158203,11.126083374023438,11.154956817626953,19845
2008-01-15,1.9965946674346924,10.972088813781738,11.183831214904785,10.741097450256348,11.183831214904785,61924
2008-01-16,1.9755780696868896,10.856593132019043,10.923965454101562,10.5293550491333,10.846967697143555,15897
2008-01-17,1.9125272035598755,10.510106086730957,10.731472969055176,10.317612648010254,10.702598571777344,26702
2008-01-18,1.8652400970458984,10.25024127960205,10.644850730895996,10.202116966247559,10.404234886169434,15585
2008-01-22,1.8652400970458984,10.25024127960205,10.25024127960205,9.172281265258789,9.682387351989746,32936
2008-01-23,1.8512294292449951,10.17324447631836,10.182868003845215,9.672761917114258,9.971125602722168,42703
2008-01-24,1.8582338094711304,10.211742401123047,10.38498592376709,10.009625434875488,10.317612648010254,10390
2008-01-25,1.8774994611740112,10.317612648010254,10.461982727050781,10.125120162963867,10.356111526489258,39066
2008-01-28,1.9002678394317627,10.442732810974121,10.442732810974121,10.115495681762695,10.115495681762695,35118
2008-01-29,1.9265384674072266,10.587102890014648,10.741097450256348,10.38498592376709,10.481231689453125,14858
2008-01-30,1.9300411939620972,10.606351852416992,10.818094253540039,10.375361442565918,10.61597728729248,21092
2008-01-31,1.9633175134658813,10.789219856262207,10.8373441696167,10.394610404968262,10.394610404968262,16832
2008-02-01,1.9773294925689697,10.866217613220215,10.943215370178223,10.606351852416992,10.866217613220215,6026
2008-02-04,1.9878381490707397,10.923965454101562,11.068334579467773,10.89509105682373,11.010586738586426,14130
2008-02-05,1.933544635772705,10.625601768493652,10.885466575622559,10.625601768493652,10.885466575622559,10390
2008-02-06,1.8810023069381714,10.336861610412598,10.683348655700684,10.336861610412598,10.683348655700684,35014
2008-02-07,1.9090245962142944,10.490857124328613,10.587102890014648,10.240615844726562,10.240615844726562,5715
2008-02-08,1.903769850730896,10.461982727050781,10.538979530334473,10.192493438720703,10.442732810974121,19222
2008-02-11,1.9370471239089966,10.644850730895996,10.644850730895996,10.356111526489258,10.404234886169434,35534
2008-02-12,1.9493069648742676,10.712223052978516,10.789219856262207,10.596728324890137,10.66409969329834,14234
2008-02-13,1.9685721397399902,10.818094253540039,10.866217613220215,10.558229446411133,10.66409969329834,8416
2008-02-14,1.9107762575149536,10.500480651855469,10.798845291137695,10.490857124328613,10.789219856262207,19325
2008-02-15,1.9265384674072266,10.587102890014648,10.692974090576172,10.471607208251953,10.471607208251953,18286
2008-02-19,1.9300411939620972,10.606351852416992,10.827718734741211,10.587102890014648,10.827718734741211,19637
2008-02-20,1.914279580116272,10.519730567932129,10.61597728729248,10.375361442565918,10.500480651855469,14650
2008-02-21,1.9282903671264648,10.596728324890137,11.04908561706543,10.327238082885742,10.548604011535645,22962
2008-02-22,1.9090245962142944,10.490857124328613,10.827718734741211,10.307988166809082,10.538979530334473,16001
2008-02-25,1.9528098106384277,10.731472969055176,10.731472969055176,10.45235824584961,10.548604011535645,8104
2008-02-26,1.9458041191101074,10.692974090576172,10.75072193145752,10.548604011535645,10.587102890014648,109095
2008-02-27,1.9773294925689697,10.866217613220215,10.875842094421387,10.692974090576172,10.692974090576172,11949
2008-02-28,1.956313133239746,10.75072193145752,10.769970893859863,10.644850730895996,10.721847534179688,72522
2008-02-29,1.8739973306655884,10.29836368560791,10.66409969329834,10.29836368560791,10.548604011535645,8000
2008-03-03,1.8617371320724487,10.23099136352539,10.567853927612305,10.153993606567383,10.29836368560791,28469
2008-03-04,1.8617371320724487,10.23099136352539,10.23099136352539,9.923003196716309,10.096245765686035,21092
2008-03-05,1.8582338094711304,10.211742401123047,10.394610404968262,10.06737232208252,10.125120162963867,25767
2008-03-06,1.8074438571929932,9.93262767791748,10.221366882324219,9.93262767791748,10.221366882324219,10494
2008-03-07,1.781172513961792,9.788257598876953,10.028874397277832,9.76900863647461,9.923003196716309,15897
2008-03-10,1.7531508207321167,9.63426399230957,9.788257598876953,9.63426399230957,9.788257598876953,24624
2008-03-11,1.844222903251648,10.134744644165039,10.144370079040527,9.711260795593262,9.76900863647461,17559
2008-03-12,1.7846752405166626,9.807506561279297,10.057747840881348,9.807506561279297,10.057747840881348,11533
2008-03-13,1.7935636043548584,9.711260795593262,9.817131996154785,9.441770553588867,9.605389595031738,16624
2008-03-14,1.7669000625610352,9.566890716552734,9.797883033752441,9.432146072387695,9.730509757995605,13403
2008-03-17,1.7455687522888184,9.451395988464355,9.528392791748047,9.172281265258789,9.191530227661133,42911
2008-03-18,1.7811206579208374,9.643888473510742,9.643888473510742,9.268527030944824,9.624638557434082,27845
2008-03-19,1.7740099430084229,9.605389595031738,9.923003196716309,9.566890716552734,9.82675552368164,63795
2008-03-20,1.759790062904358,9.528392791748047,9.595765113830566,9.38402271270752,9.595765113830566,25144
2008-03-24,1.8202261924743652,9.855629920959473,9.961501121520996,9.70163631439209,9.70163631439209,41872
2008-03-25,1.8486683368682861,10.009625434875488,10.009625434875488,9.836380958557129,9.903754234313965,26391
2008-03-26,1.8326700925827026,9.923003196716309,10.211742401123047,9.846006393432617,10.0,24520
2008-03-27,1.8131166696548462,9.817131996154785,9.951876640319824,9.817131996154785,9.951876640319824,19222
2008-03-28,1.7846757173538208,9.663138389587402,9.865255355834961,9.586140632629395,9.797883033752441,30027
2008-03-31,1.8006728887557983,9.74975872039795,9.846006393432617,9.586140632629395,9.846006393432617,20572
2008-04-01,1.8415571451187134,9.971125602722168,10.048123359680176,9.797883033752441,9.797883033752441,31066
2008-04-02,1.8575559854507446,10.057747840881348,10.182868003845215,10.009625434875488,10.028874397277832,23170
2008-04-03,1.8664437532424927,10.105871200561523,10.163619041442871,10.06737232208252,10.08662223815918,23066
2008-04-04,1.891329050064087,10.240615844726562,10.259864807128906,10.115495681762695,10.115495681762695,14858
2008-04-07,1.8771090507507324,10.163619041442871,10.413859367370605,10.163619041442871,10.317612648010254,11741
2008-04-08,1.8842183351516724,10.202116966247559,10.221366882324219,10.115495681762695,10.163619041442871,5818
2008-04-09,1.8628877401351929,10.08662223815918,10.17324447631836,9.990374565124512,10.17324447631836,7585
2008-04-10,1.8646657466888428,10.096245765686035,10.144370079040527,9.980751037597656,9.990374565124512,8104
2008-04-11,1.825559139251709,9.884504318237305,10.057747840881348,9.884504318237305,10.057747840881348,9351
2008-04-14,1.7971187829971313,9.730509757995605,9.93262767791748,9.730509757995605,9.884504318237305,7065
2008-04-15,1.7793424129486084,9.63426399230957,10.048123359680176,9.624638557434082,9.846006393432617,18494
2008-04-16,1.834447979927063,9.93262767791748,10.057747840881348,9.730509757995605,9.76900863647461,29404
2008-04-17,1.8326700925827026,9.923003196716309,9.990374565124512,9.865255355834961,9.93262767791748,5299
2008-04-18,1.8575559854507446,10.057747840881348,10.096245765686035,9.980751037597656,9.980751037597656,19118
2008-04-21,1.868221640586853,10.115495681762695,10.115495681762695,10.057747840881348,10.076996803283691,17040
2008-04-22,1.8486683368682861,10.009625434875488,10.115495681762695,9.980751037597656,10.057747840881348,8728
2008-04-23,1.8504455089569092,10.019248962402344,10.038498878479004,9.951876640319824,10.038498878479004,5818
2008-04-24,1.8540011644363403,10.038498878479004,10.23099136352539,9.942252159118652,10.048123359680176,28988
2008-04-25,1.8717758655548096,10.134744644165039,10.153993606567383,10.019248962402344,10.08662223815918,30443
2008-04-28,1.8646657466888428,10.096245765686035,10.211742401123047,10.028874397277832,10.134744644165039,12884
2008-04-29,1.8646657466888428,10.096245765686035,10.115495681762695,10.009625434875488,10.076996803283691,6130
2008-04-30,1.8699983358383179,10.125120162963867,10.413859367370605,10.125120162963867,10.134744644165039,46339
2008-05-01,1.8984397649765015,10.279114723205566,10.336861610412598,10.17324447631836,10.17324447631836,16520
2008-05-02,1.916215419769287,10.375361442565918,10.442732810974121,10.327238082885742,10.346487045288086,13819
2008-05-05,1.9108836650848389,10.346487045288086,10.394610404968262,10.336861610412598,10.394610404968262,4676
2008-05-06,1.919770359992981,10.394610404968262,10.394610404968262,10.17324447631836,10.279114723205566,40521
2008-05-07,1.9037727117538452,10.307988166809082,10.442732810974121,10.279114723205566,10.394610404968262,67639
2008-05-08,1.9108836650848389,10.346487045288086,10.423483848571777,10.317612648010254,10.36573600769043,9039
2008-05-09,1.916215419769287,10.375361442565918,10.375361442565918,10.25024127960205,10.25024127960205,7065
2008-05-12,1.926880955696106,10.433109283447266,10.433109283447266,10.307988166809082,10.394610404968262,16936
2008-05-13,1.925103783607483,10.423483848571777,10.442732810974121,10.307988166809082,10.375361442565918,17767
2008-05-14,1.9375464916229248,10.490857124328613,10.5293550491333,10.442732810974121,10.442732810974121,46859
2008-05-15,1.962432622909546,10.625601768493652,10.625601768493652,10.481231689453125,10.510106086730957,17040
2008-05-16,1.9802075624465942,10.721847534179688,10.769970893859863,10.644850730895996,10.673725128173828,32625
2008-05-19,1.992650032043457,10.789219856262207,10.885466575622559,10.731472969055176,10.75072193145752,32313
2008-05-20,1.9730966091156006,10.683348655700684,10.712223052978516,10.606351852416992,10.712223052978516,19949
2008-05-21,1.9588767290115356,10.606351852416992,10.66409969329834,10.567853927612305,10.66409969329834,39586
2008-05-22,1.9535441398620605,10.577478408813477,10.61597728729248,10.567853927612305,10.577478408813477,28988
2008-05-23,1.9393234252929688,10.500480651855469,10.567853927612305,10.404234886169434,10.567853927612305,32001
2008-05-27,1.9428781270980835,10.519730567932129,10.519730567932129,10.394610404968262,10.461982727050781,8624
2008-05-28,1.9322136640548706,10.461982727050781,10.538979530334473,10.413859367370605,10.5293550491333,13091
2008-05-29,1.9286582469940186,10.442732810974121,10.538979530334473,10.36573600769043,10.423483848571777,8935
2008-05-30,1.946433663368225,10.538979530334473,10.548604011535645,10.45235824584961,10.45235824584961,3740
2008-06-02,1.9517667293548584,10.567853927612305,10.587102890014648,10.413859367370605,10.587102890014648,9351
2008-06-03,1.921547532081604,10.404234886169434,10.61597728729248,10.356111526489258,10.519730567932129,9039
2008-06-04,1.948211431503296,10.548604011535645,10.606351852416992,10.163619041442871,10.346487045288086,16936
2008-06-05,1.9517667293548584,10.567853927612305,10.596728324890137,10.471607208251953,10.471607208251953,24209
2008-06-06,1.9322136640548706,10.461982727050781,10.567853927612305,10.404234886169434,10.5293550491333,27222
2008-06-09,1.8859971761703491,10.211742401123047,10.490857124328613,10.211742401123047,10.490857124328613,8416
2008-06-10,1.868221640586853,10.115495681762695,10.211742401123047,9.942252159118652,10.115495681762695,10598
2008-06-11,1.8237817287445068,9.874879837036133,10.288739204406738,9.874879837036133,10.17324447631836,11533
2008-06-12,1.8147624731063843,9.682387351989746,9.711260795593262,9.499519348144531,9.566890716552734,9039
2008-06-13,1.8364100456237793,9.797883033752441,9.797883033752441,9.730509757995605,9.76900863647461,12156
2008-06-16,1.8382140398025513,9.807506561279297,9.865255355834961,9.730509757995605,9.730509757995605,5091
2008-06-17,1.829193353652954,9.759384155273438,9.82675552368164,9.759384155273438,9.788257598876953,5195
2008-06-18,1.7967227697372437,9.586140632629395,9.70163631439209,9.509142875671387,9.70163631439209,10182
2008-06-19,1.78048837184906,9.499519348144531,9.54764175415039,9.489893913269043,9.538017272949219,9455
2008-06-20,1.7678605318069458,9.432146072387695,9.489893913269043,9.432146072387695,9.489893913269043,5611
2008-06-23,1.7317813634872437,9.239653587341309,9.499519348144531,9.239653587341309,9.441770553588867,9663
2008-06-24,1.7408008575439453,9.287776947021484,9.326274871826172,9.201154708862305,9.307025909423828,10494
2008-06-25,1.7119382619857788,9.133782386779785,9.451395988464355,9.124157905578613,9.451395988464355,41560
2008-06-26,1.7047218084335327,9.095284461975098,9.220403671264648,9.056784629821777,9.10490894317627,24001
2008-06-27,1.6812705993652344,8.97016429901123,9.056784629821777,8.95091438293457,9.056784629821777,8104
2008-06-30,1.6614279747009277,8.864293098449707,8.902791023254395,8.7872953414917,8.902791023254395,18702
2008-07-01,1.6469961404800415,8.7872953414917,8.873916625976562,8.729548454284668,8.845043182373047,13611
2008-07-02,1.6343683004379272,8.71992301940918,8.864293098449707,8.700674057006836,8.864293098449707,10286
2008-07-03,1.6145254373550415,8.614051818847656,8.88354206085205,8.594802856445312,8.739171981811523,14546
2008-07-07,1.5910745859146118,8.488931655883789,8.575552940368652,8.411934852600098,8.575552940368652,19949
2008-07-08,1.6199367046356201,8.642926216125488,8.835418701171875,8.383061408996582,8.508180618286133,16728
2008-07-09,1.5856627225875854,8.460058212280273,8.700674057006836,8.460058212280273,8.63330078125,11221
2008-07-10,1.5748385190963745,8.402310371398926,8.460058212280273,8.35418701171875,8.383061408996582,19222
2008-07-11,1.5622113943099976,8.33493709564209,8.33493709564209,8.257940292358398,8.286813735961914,10806
2008-07-14,1.5297402143478394,8.161693572998047,8.383061408996582,8.142444610595703,8.383061408996582,10078
2008-07-15,1.5080925226211548,8.046197891235352,8.094321250915527,7.930703163146973,8.094321250915527,38235
2008-07-16,1.5153084993362427,8.084696769714355,8.161693572998047,7.96920108795166,8.084696769714355,20988
2008-07-17,1.56401526927948,8.344561576843262,8.344561576843262,8.257940292358398,8.26756477355957,11637
2008-07-18,1.573034405708313,8.392684936523438,8.440808296203613,8.35418701171875,8.392684936523438,9351
2008-07-21,1.5928783416748047,8.498556137084961,8.517806053161621,8.431183815002441,8.440808296203613,16520
2008-07-22,1.5838581323623657,8.450432777404785,8.517806053161621,8.363810539245605,8.402310371398926,47482
2008-07-23,1.6199367046356201,8.642926216125488,8.700674057006836,8.556303977966309,8.556303977966309,6857
2008-07-24,1.6073096990585327,8.575552940368652,8.681424140930176,8.575552940368652,8.614051818847656,33352
2008-07-25,1.589269995689392,8.479307174682617,8.604427337646484,8.315688133239746,8.604427337646484,45820
2008-07-28,1.5622113943099976,8.33493709564209,8.517806053161621,8.33493709564209,8.517806053161621,35326
2008-07-29,1.5820541381835938,8.440808296203613,8.469681739807129,8.373435974121094,8.373435974121094,5715
2008-07-30,1.6055058240890503,8.565929412841797,8.604427337646484,8.479307174682617,8.479307174682617,25975
2008-07-31,1.6686431169509888,8.902791023254395,8.902791023254395,8.363810539245605,8.498556137084961,22754
2008-08-01,1.6109176874160767,8.594802856445312,8.796919822692871,8.488931655883789,8.796919822692871,19637
2008-08-04,1.5838581323623657,8.450432777404785,8.527429580688477,8.402310371398926,8.527429580688477,3533
2008-08-05,1.5856627225875854,8.460058212280273,8.537055015563965,8.344561576843262,8.469681739807129,28676
2008-08-06,1.6073096990585327,8.575552940368652,8.604427337646484,8.479307174682617,8.479307174682617,40209
2008-08-07,1.6000933647155762,8.537055015563965,8.565929412841797,8.479307174682617,8.488931655883789,13715
2008-08-08,1.6145254373550415,8.614051818847656,8.700674057006836,8.479307174682617,8.594802856445312,41456
2008-08-11,1.625348687171936,8.671799659729004,8.825794219970703,8.565929412841797,8.65255069732666,33871
2008-08-12,1.625348687171936,8.671799659729004,8.671799659729004,8.642926216125488,8.65255069732666,36885
2008-08-13,1.625348687171936,8.671799659729004,9.489893913269043,8.671799659729004,8.700674057006836,19222
2008-08-14,1.637976050376892,8.739171981811523,8.816168785095215,8.604427337646484,8.710297584533691,47898
2008-08-15,1.665035605430603,8.88354206085205,8.922039985656738,8.739171981811523,8.748797416687012,59431
2008-08-18,1.6560161113739014,8.835418701171875,9.10490894317627,8.758421897888184,9.047161102294922,47378
2008-08-19,1.627152442932129,8.681424140930176,8.80654525756836,8.575552940368652,8.681424140930176,11429
2008-08-20,1.6325644254684448,8.710297584533691,8.710297584533691,8.565929412841797,8.63330078125,13403
2008-08-21,1.6397805213928223,8.748797416687012,8.748797416687012,8.556303977966309,8.556303977966309,19741
2008-08-22,1.643388032913208,8.768046379089355,8.80654525756836,8.739171981811523,8.768046379089355,4987
2008-08-25,1.627152442932129,8.681424140930176,8.748797416687012,8.65255069732666,8.748797416687012,12468
2008-08-26,1.6415839195251465,8.758421897888184,8.796919822692871,8.63330078125,8.63330078125,44989
2008-08-27,1.6343683004379272,8.71992301940918,8.777670860290527,8.662175178527832,8.777670860290527,8935
2008-08-28,1.6993107795715332,9.066410064697266,9.08565902709961,8.498556137084961,8.758421897888184,36677
2008-08-29,1.7245653867721558,9.201154708862305,9.201154708862305,8.864293098449707,8.864293098449707,100991
2008-09-02,1.6848785877227783,8.989413261413574,9.201154708862305,8.88354206085205,9.201154708862305,18910
2008-09-03,1.636172890663147,8.729548454284668,8.864293098449707,8.498556137084961,8.864293098449707,33456
2008-09-04,1.625348687171936,8.671799659729004,8.777670860290527,8.65255069732666,8.739171981811523,37300
2008-09-05,1.6235448122024536,8.662175178527832,8.671799659729004,8.383061408996582,8.65255069732666,11949
2008-09-08,1.6451916694641113,8.777670860290527,8.777670860290527,8.42155933380127,8.729548454284668,38235
2008-09-09,1.5784465074539185,8.42155933380127,8.65255069732666,8.306063652038574,8.65255069732666,18598
2008-09-10,1.589269995689392,8.479307174682617,8.508180618286133,8.373435974121094,8.411934852600098,7377
2008-09-11,1.5531911849975586,8.286813735961914,8.517806053161621,8.18094253540039,8.479307174682617,23481
2008-09-12,1.5660433769226074,8.209816932678223,8.508180618286133,8.05582332611084,8.1039457321167,7896
2008-09-15,1.4687384366989136,7.699710845947266,8.017324447631836,7.35322380065918,7.9595770835876465,21300
2008-09-16,1.4154976606369019,7.420597076416016,7.641963005065918,7.218479156494141,7.218479156494141,13819
2008-09-17,1.3585834503173828,7.122232913970947,7.324349880218506,6.929739952087402,7.218479156494141,40002
2008-09-18,1.3585834503173828,7.122232913970947,7.131857872009277,6.61212682723999,6.61212682723999,20572
2008-09-19,1.4540519714355469,7.622714042663574,8.306063652038574,7.305100917816162,7.314725875854492,25871
2008-09-22,1.3420599699020386,7.035611152648926,7.459095001220703,7.006737232208252,7.4109721183776855,12052
2008-09-23,1.3494035005569458,7.07411003112793,7.430221080780029,7.025987148284912,7.2473530769348145,21403
2008-09-24,1.4099887609481812,7.391723155975342,7.391723155975342,7.035611152648926,7.362849235534668,13611
2008-09-25,1.4393638372421265,7.545716762542725,7.7285847663879395,7.545716762542725,7.564966201782227,27533
2008-09-26,1.408153772354126,7.382098197937012,8.075072288513184,7.035611152648926,7.189605236053467,11325
2008-09-29,1.3365522623062134,7.006737232208252,7.006737232208252,6.708373069763184,6.891242027282715,22131
2008-09-30,1.3310445547103882,6.97786283493042,6.997113227844238,6.871992111206055,6.948988914489746,18494
2008-10-01,1.2796388864517212,6.708373069763184,7.093358993530273,6.496631145477295,7.025987148284912,17040
2008-10-02,1.2300686836242676,6.448507785797119,6.5928778648376465,6.31376314163208,6.544754981994629,14026
2008-10-03,1.1199132204055786,5.871029853820801,6.641001224517822,5.871029853820801,6.496631145477295,63691
2008-10-06,1.0372966527938843,5.437921047210693,5.5341668128967285,5.004811763763428,5.004811763763428,56937
2008-10-07,0.9785472750663757,5.129932880401611,5.457170009613037,5.129932880401611,5.457170009613037,14130
2008-10-08,0.8720639944076538,4.571703910827637,5.149181842803955,4.408084869384766,4.908565998077393,29196
2008-10-09,0.8353450894355774,4.379210948944092,4.5909528732299805,4.331088066101074,4.379210948944092,49976
2008-10-10,0.7674158811569214,4.023098945617676,4.417708873748779,3.4456210136413574,4.417708873748779,55067
2008-10-13,0.859212338924408,4.504331111907959,5.05293607711792,4.359961986541748,4.523580074310303,75328
2008-10-14,0.9381570816040039,4.918190956115723,5.03368616104126,4.725697994232178,4.8989410400390625,30962
2008-10-15,0.8849155306816101,4.639076232910156,4.870067119598389,4.263714790344238,4.870067119598389,16832
2008-10-16,0.8647202253341675,4.533205032348633,4.802694797515869,4.2348408699035645,4.764195919036865,21092
2008-10-17,0.8849155306816101,4.639076232910156,4.6583251953125,4.196342945098877,4.321463108062744,20676
2008-10-20,0.9344853162765503,4.8989410400390625,4.8989410400390625,4.619826793670654,4.66795015335083,41456
2008-10-21,0.8996027708053589,4.716073036193848,4.831569194793701,4.523580074310303,4.66795015335083,11325
2008-10-22,0.8812434077262878,4.619826793670654,4.639076232910156,4.167469024658203,4.562078952789307,48417
2008-10-23,0.8169861435890198,4.28296422958374,4.456208229064941,4.0423479080200195,4.456208229064941,37092
2008-10-24,0.750892698764801,3.936476945877075,4.0423479080200195,3.67661190032959,3.7439849376678467,57768
2008-10-27,0.7031587958335876,3.686237096786499,3.9076030254364014,3.657362937927246,3.7536089420318604,88003
2008-10-28,0.7251899838447571,3.801732063293457,3.801732063293457,3.320499897003174,3.7632339000701904,42183
2008-10-29,0.7619083523750305,3.994225025177002,4.215591907501221,3.8883540630340576,3.8883540630340576,47171
2008-10-30,0.8133142590522766,4.263714790344238,4.485082149505615,4.177093029022217,4.177093029022217,29196
2008-10-31,0.86104816198349,4.513956069946289,4.523580074310303,4.311838150024414,4.311838150024414,20157
2008-11-03,0.886751115322113,4.648701190948486,4.716073036193848,4.619826793670654,4.687199115753174,12156
2008-11-04,0.9565166234970093,5.014437198638916,5.024062156677246,4.67757511138916,4.67757511138916,16520
2008-11-05,0.9455005526542664,4.95668888092041,5.004811763763428,4.879692077636719,4.96631383895874,38651
2008-11-06,0.8812434077262878,4.619826793670654,4.860443115234375,4.485082149505615,4.860443115234375,13507
2008-11-07,0.8481966853141785,4.446582794189453,4.619826793670654,4.273340225219727,4.619826793670654,29196
2008-11-10,0.8188220858573914,4.29258918762207,4.485082149505615,4.29258918762207,4.485082149505615,7585
2008-11-11,0.7637439966201782,4.003849983215332,4.2348408699035645,3.994225025177002,4.2348408699035645,25040
2008-11-12,0.730697512626648,3.830605983734131,3.994225025177002,3.7824831008911133,3.994225025177002,30339
2008-11-13,0.7123383283615112,3.7343599796295166,3.830605983734131,3.6669869422912598,3.830605983734131,22962
2008-11-14,0.7288616895675659,3.820981979370117,3.849855899810791,3.715111017227173,3.811357021331787,22858
2008-11-17,0.6958147883415222,3.647737979888916,3.7632339000701904,3.5707409381866455,3.6284890174865723,33040
2008-11-18,0.6774557828903198,3.5514919757843018,3.8883540630340576,3.4456210136413574,3.6092400550842285,64106
2008-11-19,0.6242141723632812,3.2723770141601562,3.3878729343414307,3.2627530097961426,3.368623971939087,19637
2008-11-20,0.5728082656860352,3.002887010574341,3.1953799724578857,2.954763889312744,3.1953799724578857,50911
2008-11-21,0.5654644966125488,2.9643890857696533,3.0798850059509277,2.8488929271698,3.0606350898742676,35118
2008-11-24,0.6829634308815002,3.5803658962249756,3.5803658962249756,2.954763889312744,2.974013090133667,39378
2008-11-25,0.6333937048912048,3.320499897003174,3.6669869422912598,3.1568820476531982,3.5514919757843018,45404
2008-11-26,0.6774557828903198,3.5514919757843018,3.6381139755249023,3.2242538928985596,3.2531280517578125,32832
2008-11-28,0.6847995519638062,3.5899899005889893,3.5899899005889893,3.4167470932006836,3.5707409381866455,2598
2008-12-01,0.6811277270317078,3.5707409381866455,3.5899899005889893,3.2435030937194824,3.5899899005889893,43638
2008-12-02,0.6664401888847351,3.493743896484375,3.5514919757843018,3.320499897003174,3.4071218967437744,14442
2008-12-03,0.6792916059494019,3.5611159801483154,3.5611159801483154,3.185755968093872,3.330125093460083,37196
2008-12-04,0.6682761311531067,3.503369092941284,3.5611159801483154,3.4167470932006836,3.5514919757843018,13091
2008-12-05,0.6682761311531067,3.503369092941284,3.5418670177459717,3.4071218967437744,3.493743896484375,17559
2008-12-08,0.704994261264801,3.6958611011505127,3.7439849376678467,3.6092400550842285,3.6381139755249023,24832
2008-12-09,0.7105024456977844,3.7247350215911865,3.9268529415130615,3.6284890174865723,3.686237096786499,45508
2008-12-10,0.7294495105743408,3.7054860591888428,3.820981979370117,3.6669869422912598,3.7343599796295166,24520
2008-12-11,0.6877662539482117,3.493743896484375,3.67661190032959,3.484118938446045,3.6284890174865723,21403
2008-12-12,0.6839771866798401,3.4744949340820312,3.512993097305298,3.2723770141601562,3.2723770141601562,29196
2008-12-15,0.6839771866798401,3.4744949340820312,3.6669869422912598,3.4263720512390137,3.6669869422912598,73457
2008-12-16,0.7105026245117188,3.6092400550842285,3.6381139755249023,3.4456210136413574,3.6092400550842285,37612
2008-12-17,0.7578693628311157,3.849855899810791,3.849855899810791,3.6092400550842285,3.6092400550842285,46651
2008-12-18,0.7389227151870728,3.7536089420318604,4.0423479080200195,3.5996150970458984,4.0423479080200195,79795
2008-12-19,0.7483960390090942,3.801732063293457,3.9557271003723145,3.464869976043701,3.464869976043701,59535
2008-12-22,0.7389227151870728,3.7536089420318604,4.157844066619873,3.5418670177459717,3.657362937927246,90809
2008-12-23,0.7635536193847656,3.878730058670044,3.936476945877075,3.7247350215911865,3.7343599796295166,58392
2008-12-24,0.7483960390090942,3.801732063293457,4.0423479080200195,3.618864059448242,3.686237096786499,45093
2008-12-26,0.788183867931366,4.003849983215332,4.138595104217529,3.7247350215911865,3.840230941772461,135382
2008-12-29,0.7673426270484924,3.8979790210723877,4.186717987060547,3.878730058670044,3.9172279834747314,104939
2008-12-30,0.8147095441818237,4.138595104217529,4.2348408699035645,3.7921080589294434,3.8979790210723877,133615
2008-12-31,0.8431297540664673,4.28296422958374,4.523580074310303,4.003849983215332,4.1097211837768555,154084
2009-01-02,0.8980751037597656,4.562078952789307,4.619826793670654,4.215591907501221,4.215591907501221,22027
2009-01-05,0.8942857980728149,4.542829990386963,4.687199115753174,4.446582794189453,4.6583251953125,19949
2009-01-06,0.8980751037597656,4.562078952789307,4.812320232391357,4.552453994750977,4.552453994750977,30962
2009-01-07,0.8829177021980286,4.485082149505615,4.562078952789307,4.485082149505615,4.494706153869629,15585
2009-01-08,0.8886018991470337,4.513956069946289,4.706449031829834,4.196342945098877,4.379210948944092,32001
2009-01-09,0.867760419845581,4.408084869384766,4.523580074310303,4.2444658279418945,4.456208229064941,30339
2009-01-12,0.8488136529922485,4.311838150024414,4.523580074310303,4.311838150024414,4.417708873748779,22131
2009-01-13,0.8184988498687744,4.157844066619873,4.4369587898254395,4.157844066619873,4.311838150024414,13507
2009-01-14,0.8222880363464355,4.177093029022217,4.205966949462891,4.05197286605835,4.138595104217529,14442
2009-01-15,0.7957625985145569,4.0423479080200195,4.177093029022217,3.9461019039154053,4.177093029022217,17455
2009-01-16,0.7768160700798035,3.9461019039154053,4.128970146179199,3.8883540630340576,4.0423479080200195,4676
2009-01-20,0.7521853446960449,3.820981979370117,4.0423479080200195,3.7054860591888428,3.7054860591888428,16728
2009-01-21,0.7446064352989197,3.7824831008911133,3.7824831008911133,3.484118938446045,3.7536089420318604,10806
2009-01-22,0.7711319923400879,3.9172279834747314,3.9268529415130615,3.5707409381866455,3.67661190032959,37404
2009-01-23,0.7843949198722839,3.9846010208129883,4.013473987579346,3.657362937927246,3.8979790210723877,23585
2009-01-26,0.7806053757667542,3.965351104736328,3.9846010208129883,3.849855899810791,3.9268529415130615,4260
2009-01-27,0.7768160700798035,3.9461019039154053,3.9461019039154053,3.8594799041748047,3.8979790210723877,1662
2009-01-28,0.7692372798919678,3.9076030254364014,4.080846786499023,3.7632339000701904,4.032723903656006,87899
2009-01-29,0.7465012073516846,3.7921080589294434,3.9461019039154053,3.715111017227173,3.849855899810791,55067
2009-01-30,0.7408171892166138,3.7632339000701904,3.830605983734131,3.7632339000701904,3.830605983734131,6857
2009-02-02,0.7483960390090942,3.801732063293457,3.840230941772461,3.686237096786499,3.7343599796295166,24417
2009-02-03,0.7559744715690613,3.840230941772461,3.9557271003723145,3.820981979370117,3.830605983734131,30027
2009-02-04,0.7370278239250183,3.7439849376678467,4.023098945617676,3.7247350215911865,3.811357021331787,23585
2009-02-05,0.7521853446960449,3.820981979370117,3.878730058670044,3.647737979888916,3.647737979888916,17871
2009-02-06,0.7957625985145569,4.0423479080200195,4.05197286605835,3.849855899810791,3.849855899810791,21507
2009-02-09,0.8090257048606873,4.1097211837768555,4.196342945098877,3.936476945877075,4.090472221374512,33040
2009-02-10,0.7635536193847656,3.878730058670044,4.2444658279418945,3.7439849376678467,4.013473987579346,24936
2009-02-11,0.7768160700798035,3.9461019039154053,3.965351104736328,3.7632339000701904,3.830605983734131,52158
2009-02-12,0.7540798783302307,3.830605983734131,3.869105100631714,3.5707409381866455,3.869105100631714,14338
2009-02-13,0.7540798783302307,3.830605983734131,3.9268529415130615,3.7054860591888428,3.801732063293457,25559
2009-02-17,0.6707144379615784,3.4071218967437744,3.6092400550842285,3.4071218967437744,3.6092400550842285,9871
2009-02-18,0.6403999328613281,3.2531280517578125,3.4744949340820312,3.2531280517578125,3.4359960556030273,21923
2009-02-19,0.6385049223899841,3.2435030937194824,3.4263720512390137,3.2435030937194824,3.31087589263916,36677
2009-02-20,0.6290316581726074,3.1953799724578857,3.2146289348602295,3.0991339683532715,3.166506052017212,11325
2009-02-23,0.5873486995697021,2.983638048171997,3.464869976043701,2.983638048171997,3.1953799724578857,19949
2009-02-24,0.6252423524856567,3.176131010055542,3.176131010055542,2.983638048171997,2.993263006210327,58288
2009-02-25,0.61576908826828,3.1280078887939453,3.2338790893554688,3.012511968612671,3.1183829307556152,50703
2009-02-26,0.6025062799453735,3.0606350898742676,3.1568820476531982,3.012511968612671,3.1568820476531982,25767
2009-02-27,0.5740858316421509,2.9162659645080566,3.0317609310150146,2.887392044067383,3.012511968612671,39066
2009-03-02,0.5437713861465454,2.762270927429199,2.8681418895721436,2.656399965286255,2.8681418895721436,43015
2009-03-03,0.5172456502914429,2.627526044845581,2.7815210819244385,2.6082770824432373,2.762270927429199,43015
2009-03-04,0.5456660389900208,2.7718958854675293,2.791145086288452,2.704524040222168,2.7237730026245117,86653
2009-03-05,0.5096672177314758,2.5890278816223145,2.694899082183838,2.5601539611816406,2.675649881362915,34183
2009-03-06,0.5039831399917603,2.5601539611816406,2.694899082183838,2.4350340366363525,2.5601539611816406,37924
2009-03-09,0.4755629301071167,2.4157838821411133,2.5794029235839844,2.4061601161956787,2.4927821159362793,47482
2009-03-10,0.502088189125061,2.5505290031433105,2.5505290031433105,2.444658041000366,2.444658041000366,74912
2009-03-11,0.5286137461662292,2.6852738857269287,2.6852738857269287,2.5794029235839844,2.5986530780792236,37924
2009-03-12,0.5437713861465454,2.762270927429199,2.8777670860290527,2.5505290031433105,2.637151002883911,22027
2009-03-13,0.5778753161430359,2.9355149269104004,2.9643890857696533,2.8007700443267822,2.820019006729126,57353
2009-03-16,0.5721913576126099,2.9066410064697266,3.0413858890533447,2.9066410064697266,2.974013090133667,19637
2009-03-17,0.589243471622467,2.993263006210327,2.993263006210327,2.9355149269104004,2.9451398849487305,9871
2009-03-18,0.617663562297821,3.137631893157959,3.166506052017212,2.974013090133667,2.983638048171997,42495
2009-03-19,0.617663562297821,3.137631893157959,3.205004930496216,3.1183829307556152,3.166506052017212,26806
2009-03-20,0.6006116271018982,3.051011085510254,3.176131010055542,3.051011085510254,3.137631893157959,21611
2009-03-23,0.6498730778694153,3.30125093460083,3.30125093460083,3.147257089614868,3.147257089614868,29196
2009-03-24,0.6479785442352295,3.2916269302368164,3.3493740558624268,3.2820019721984863,3.3493740558624268,26287
2009-03-25,0.6593462824821472,3.3493740558624268,3.3974978923797607,3.2242538928985596,3.358999013900757,31170
2009-03-26,0.6839771866798401,3.4744949340820312,3.4744949340820312,3.368623971939087,3.4071218967437744,16728
2009-03-27,0.6763983368873596,3.4359960556030273,3.4359960556030273,3.30125093460083,3.4167470932006836,23170
2009-03-30,0.6441890597343445,3.2723770141601562,3.3782479763031006,3.1953799724578857,3.3782479763031006,26910
2009-03-31,0.6422943472862244,3.2627530097961426,3.3493740558624268,3.2627530097961426,3.2723770141601562,15585
2009-04-01,0.6498730778694153,3.30125093460083,3.31087589263916,3.1953799724578857,3.1953799724578857,29611
2009-04-02,0.6707144379615784,3.4071218967437744,3.493743896484375,3.3974978923797607,3.3974978923797607,163746
2009-04-03,0.6991344094276428,3.5514919757843018,3.5514919757843018,3.4167470932006836,3.4456210136413574,59327
2009-04-06,0.6896610260009766,3.503369092941284,3.5418670177459717,3.3974978923797607,3.5418670177459717,61717
2009-04-07,0.6707144379615784,3.4071218967437744,3.493743896484375,3.3974978923797607,3.493743896484375,32001
2009-04-08,0.6763983368873596,3.4359960556030273,3.464869976043701,3.3878729343414307,3.4359960556030273,182241
2009-04-09,0.7142918705940247,3.6284890174865723,3.6284890174865723,3.522618055343628,3.522618055343628,42599
2009-04-13,0.7218704223632812,3.6669869422912598,3.7054860591888428,3.5418670177459717,3.6284890174865723,37300
2009-04-14,0.7142918705940247,3.6284890174865723,3.657362937927246,3.5803658962249756,3.657362937927246,39274
2009-04-15,0.7105026245117188,3.6092400550842285,3.647737979888916,3.5707409381866455,3.6092400550842285,75431
2009-04-16,0.7389227151870728,3.7536089420318604,3.7728590965270996,3.6381139755249023,3.6381139755249023,43846
2009-04-17,0.761658787727356,3.869105100631714,3.8979790210723877,3.7343599796295166,3.7728590965270996,67431
2009-04-20,0.7161864042282104,3.6381139755249023,3.811357021331787,3.6092400550842285,3.811357021331787,59015
2009-04-21,0.7370278239250183,3.7439849376678467,3.7824831008911133,3.5611159801483154,3.5611159801483154,51430
2009-04-22,0.7294495105743408,3.7054860591888428,3.7728590965270996,3.6092400550842285,3.715111017227173,64937
2009-04-23,0.7332386374473572,3.7247350215911865,3.7536089420318604,3.647737979888916,3.7054860591888428,25559
2009-04-24,0.7521853446960449,3.820981979370117,3.820981979370117,3.7439849376678467,3.7439849376678467,70652
2009-04-27,0.7389227151870728,3.7536089420318604,3.9076030254364014,3.7439849376678467,3.801732063293457,43638
2009-04-28,0.7332386374473572,3.7247350215911865,3.811357021331787,3.6381139755249023,3.6381139755249023,19014
2009-04-29,0.773026704788208,3.9268529415130615,3.9268529415130615,3.7824831008911133,3.801732063293457,117303
2009-04-30,0.773026704788208,3.9268529415130615,4.080846786499023,3.9172279834747314,4.003849983215332,69301
2009-05-01,0.7787107825279236,3.9557271003723145,4.0423479080200195,3.8979790210723877,3.936476945877075,25559
2009-05-04,0.810920238494873,4.1193461418151855,4.167469024658203,4.013473987579346,4.023098945617676,41872
2009-05-05,0.827972412109375,4.205966949462891,4.205966949462891,4.1193461418151855,4.138595104217529,45924
2009-05-06,0.8450244665145874,4.29258918762207,4.331088066101074,4.225216865539551,4.29258918762207,117615
2009-05-07,0.8317617177963257,4.225216865539551,4.456208229064941,4.215591907501221,4.359961986541748,71172
2009-05-08,0.8601815700531006,4.369585990905762,4.4369587898254395,4.28296422958374,4.28296422958374,49664
2009-05-11,0.856392502784729,4.350337028503418,4.369585990905762,4.2444658279418945,4.331088066101074,39898
2009-05-12,0.8696550726890564,4.417708873748779,4.475457191467285,4.311838150024414,4.359961986541748,107329
2009-05-13,0.827972412109375,4.205966949462891,4.29258918762207,4.148219108581543,4.29258918762207,57249
2009-05-14,0.8260774612426758,4.196342945098877,4.2444658279418945,4.167469024658203,4.177093029022217,75535
2009-05-15,0.8052363991737366,4.090472221374512,4.196342945098877,4.080846786499023,4.157844066619873,61509
2009-05-18,0.8393404483795166,4.263714790344238,4.340712070465088,4.1193461418151855,4.1193461418151855,47794
2009-05-19,0.852603018283844,4.331088066101074,4.3888349533081055,4.273340225219727,4.29258918762207,16312
2009-05-20,0.8450244665145874,4.29258918762207,4.456208229064941,4.29258918762207,4.3888349533081055,33871
2009-05-21,0.8336561322212219,4.2348408699035645,4.29258918762207,4.148219108581543,4.29258918762207,25144
2009-05-22,0.8336561322212219,4.2348408699035645,4.263714790344238,4.138595104217529,4.2444658279418945,23689
2009-05-26,0.8639708161354065,4.3888349533081055,4.408084869384766,4.254089832305908,4.254089832305908,21507
2009-05-27,0.8488136529922485,4.311838150024414,4.456208229064941,4.311838150024414,4.427333831787109,38339
2009-05-28,0.8488136529922485,4.311838150024414,4.417708873748779,4.29258918762207,4.29258918762207,17351
2009-05-29,0.8696550726890564,4.417708873748779,4.427333831787109,4.321463108062744,4.331088066101074,42183
2009-06-01,0.8923912644386292,4.533205032348633,4.619826793670654,4.427333831787109,4.427333831787109,59950
2009-06-02,0.9018645882606506,4.58132791519165,4.610201835632324,4.523580074310303,4.552453994750977,12468
2009-06-03,0.8753390312194824,4.446582794189453,4.552453994750977,4.446582794189453,4.552453994750977,30339
2009-06-04,0.8999700546264648,4.571703910827637,4.571703910827637,4.446582794189453,4.4658331871032715,43015
2009-06-05,0.8942857980728149,4.542829990386963,4.619826793670654,4.485082149505615,4.619826793670654,35534
2009-06-08,0.8961805701255798,4.552453994750977,4.600576877593994,4.456208229064941,4.533205032348633,25871
2009-06-09,0.8961805701255798,4.552453994750977,4.5909528732299805,4.504331111907959,4.58132791519165,22339
2009-06-10,0.8980751037597656,4.562078952789307,4.619826793670654,4.513956069946289,4.600576877593994,89458
2009-06-11,0.8923912644386292,4.533205032348633,4.696824073791504,4.533205032348633,4.600576877593994,31482
2009-06-12,0.8923912644386292,4.533205032348633,4.533205032348633,4.427333831787109,4.533205032348633,21611
2009-06-15,0.8715494871139526,4.427333831787109,4.523580074310303,4.350337028503418,4.523580074310303,34703
2009-06-16,0.852603018283844,4.331088066101074,4.408084869384766,4.311838150024414,4.408084869384766,23689
2009-06-17,0.846919059753418,4.3022141456604,4.321463108062744,4.263714790344238,4.321463108062744,15793
2009-06-18,0.852603018283844,4.331088066101074,4.331088066101074,4.254089832305908,4.254089832305908,17975
2009-06-19,0.8620761632919312,4.379210948944092,4.408084869384766,4.369585990905762,4.369585990905762,12572
2009-06-22,0.8241828680038452,4.186717987060547,4.331088066101074,4.148219108581543,4.331088066101074,34910
2009-06-23,0.8128148913383484,4.128970146179199,4.2348408699035645,4.128970146179199,4.167469024658203,13715
2009-06-24,0.8260774612426758,4.196342945098877,4.29258918762207,4.177093029022217,4.205966949462891,20468
2009-06-25,0.8696550726890564,4.417708873748779,4.485082149505615,4.215591907501221,4.215591907501221,20884
2009-06-26,0.8582870960235596,4.359961986541748,4.427333831787109,4.331088066101074,4.427333831787109,6961
2009-06-29,0.867760419845581,4.408084869384766,4.408084869384766,4.2444658279418945,4.359961986541748,10286
2009-06-30,0.8544974327087402,4.340712070465088,4.427333831787109,4.311838150024414,4.427333831787109,17351
2009-07-01,0.8639708161354065,4.3888349533081055,4.456208229064941,4.350337028503418,4.359961986541748,11221
2009-07-02,0.8582870960235596,4.359961986541748,4.648701190948486,4.225216865539551,4.369585990905762,24520
2009-07-06,0.8355512022972107,4.2444658279418945,4.2444658279418945,4.167469024658203,4.2444658279418945,15585
2009-07-07,0.8128148913383484,4.128970146179199,4.2444658279418945,4.128970146179199,4.2444658279418945,36677
2009-07-08,0.8128148913383484,4.128970146179199,4.157844066619873,4.0423479080200195,4.157844066619873,49560
2009-07-09,0.810920238494873,4.1193461418151855,4.157844066619873,4.090472221374512,4.128970146179199,32105
2009-07-10,0.8014469742774963,4.071221828460693,4.1097211837768555,4.05197286605835,4.090472221374512,15169
2009-07-13,0.8317617177963257,4.225216865539551,4.225216865539551,4.090472221374512,4.100096225738525,24728
2009-07-14,0.8317617177963257,4.225216865539551,4.28296422958374,4.177093029022217,4.186717987060547,27845
2009-07-15,0.8696550726890564,4.417708873748779,4.523580074310303,4.273340225219727,4.273340225219727,24105
2009-07-16,0.8886018991470337,4.513956069946289,4.513956069946289,4.3888349533081055,4.427333831787109,28469
2009-07-17,0.8923912644386292,4.533205032348633,4.533205032348633,4.3984599113464355,4.504331111907959,12468
2009-07-20,0.9208114147186279,4.67757511138916,4.687199115753174,4.513956069946289,4.513956069946289,66288
2009-07-21,0.9208114147186279,4.67757511138916,4.706449031829834,4.610201835632324,4.706449031829834,46132
2009-07-22,0.9283902049064636,4.716073036193848,4.725697994232178,4.619826793670654,4.639076232910156,106394
2009-07-23,0.9568101763725281,4.860443115234375,4.879692077636719,4.687199115753174,4.687199115753174,35118
2009-07-24,0.9359685182571411,4.754571914672852,4.860443115234375,4.7449469566345215,4.860443115234375,25248
2009-07-27,0.9435471892356873,4.793069839477539,4.812320232391357,4.754571914672852,4.754571914672852,27637
2009-07-28,0.9397581219673157,4.773820877075195,4.812320232391357,4.725697994232178,4.725697994232178,15481
2009-07-29,0.9302847981452942,4.725697994232178,4.764195919036865,4.716073036193848,4.716073036193848,20157
2009-07-30,0.9549156427383423,4.850818157196045,4.850818157196045,4.629450798034668,4.764195919036865,20884
2009-07-31,0.9530206322669983,4.841193199157715,4.860443115234375,4.773820877075195,4.812320232391357,10598
2009-08-03,0.981440544128418,4.985562801361084,4.995188236236572,4.841193199157715,4.841193199157715,32832
2009-08-04,0.992808997631073,5.04331111907959,5.062560081481934,4.95668888092041,4.95668888092041,24520
2009-08-05,0.9947035312652588,5.05293607711792,5.05293607711792,4.96631383895874,5.05293607711792,21715
2009-08-06,0.9947035312652588,5.05293607711792,5.062560081481934,5.004811763763428,5.03368616104126,12156
2009-08-07,1.009860873222351,5.129932880401611,5.168430805206299,5.024062156677246,5.05293607711792,33144
2009-08-10,1.0117554664611816,5.139556884765625,5.178055763244629,5.1010589599609375,5.149181842803955,29300
2009-08-11,0.9965981245040894,5.062560081481934,5.139556884765625,5.03368616104126,5.139556884765625,12987
2009-08-12,1.0003873109817505,5.081809043884277,5.149181842803955,4.985562801361084,4.995188236236572,24001
2009-08-13,1.009860873222351,5.129932880401611,5.187679767608643,5.05293607711792,5.120307922363281,17559
2009-08-14,0.9965981245040894,5.062560081481934,5.149181842803955,5.014437198638916,5.149181842803955,42703
2009-08-17,0.96628338098526,4.908565998077393,4.96631383895874,4.860443115234375,4.95668888092041,40002
2009-08-18,0.9681781530380249,4.918190956115723,5.03368616104126,4.908565998077393,4.975937843322754,35742
2009-08-19,0.981440544128418,4.985562801361084,4.985562801361084,4.841193199157715,4.927814960479736,44989
2009-08-20,0.9947035312652588,5.05293607711792,5.05293607711792,4.95668888092041,4.985562801361084,11741
2009-08-21,1.0250184535980225,5.206930160522461,5.206930160522461,5.129932880401611,5.129932880401611,24728
2009-08-24,1.0174397230148315,5.168430805206299,5.2550530433654785,5.168430805206299,5.168430805206299,48002
2009-08-25,1.0212289094924927,5.187679767608643,5.245428085327148,5.149181842803955,5.187679767608643,21300
2009-08-26,1.0250184535980225,5.206930160522461,5.235804080963135,5.139556884765625,5.139556884765625,12468
2009-08-27,1.0269126892089844,5.216554164886475,5.216554164886475,5.1010589599609375,5.197305202484131,19118
2009-08-28,1.0212289094924927,5.187679767608643,5.303175926208496,5.110682964324951,5.226179122924805,23274
2009-08-31,1.0288079977035522,5.226179122924805,5.226179122924805,5.03368616104126,5.081809043884277,22858
2009-09-01,1.0041766166687012,5.1010589599609375,5.216554164886475,5.1010589599609375,5.216554164886475,48521
2009-09-02,0.9947035312652588,5.05293607711792,5.072185039520264,5.024062156677246,5.072185039520264,12260
2009-09-03,0.9947035312652588,5.05293607711792,5.1010589599609375,4.995188236236572,5.1010589599609375,12780
2009-09-04,1.0250184535980225,5.206930160522461,5.235804080963135,5.03368616104126,5.062560081481934,18494
2009-09-08,1.038280963897705,5.274302005767822,5.312800884246826,5.187679767608643,5.197305202484131,40521
2009-09-09,1.0534380674362183,5.351298809051514,5.389798164367676,5.245428085327148,5.2550530433654785,21819
2009-09-10,1.07427978515625,5.457170009613037,5.457170009613037,5.351298809051514,5.351298809051514,16728
2009-09-11,1.0818581581115723,5.495668888092041,5.543791770935059,5.457170009613037,5.457170009613037,21507
2009-09-14,1.1064889430999756,5.620789051055908,5.630414009094238,5.486043930053711,5.495668888092041,19222
2009-09-15,1.1405932903289795,5.794033050537109,5.822906970977783,5.553417205810547,5.553417205810547,85925
2009-09-16,1.1746973991394043,5.967276096343994,5.996150016784668,5.745910167694092,5.7651591300964355,113147
2009-09-17,1.1671186685562134,5.928778171539307,5.986526012420654,5.928778171539307,5.9576520919799805,10182
2009-09-18,1.169013500213623,5.93840217590332,6.063522815704346,5.909527778625488,5.93840217590332,15481
2009-09-21,1.1671186685562134,5.928778171539307,5.93840217590332,5.822906970977783,5.928778171539307,35846
2009-09-22,1.169013500213623,5.93840217590332,5.976901054382324,5.93840217590332,5.976901054382324,12260
2009-09-23,1.1709078550338745,5.94802713394165,6.015398979187012,5.94802713394165,5.967276096343994,29611
2009-09-24,1.1443827152252197,5.813282012939453,5.9576520919799805,5.774783134460449,5.909527778625488,40209
2009-09-25,1.1424881219863892,5.803657054901123,5.813282012939453,5.726659774780273,5.813282012939453,25559
2009-09-28,1.1557506322860718,5.871029853820801,5.871029853820801,5.813282012939453,5.813282012939453,12156
2009-09-29,1.169013500213623,5.93840217590332,5.93840217590332,5.8902788162231445,5.909527778625488,15169
2009-09-30,1.187959909439087,6.034648895263672,6.198267936706543,5.842155933380127,5.928778171539307,53820
2009-10-01,1.1235417127609253,5.70741081237793,6.015398979187012,5.659287929534912,6.015398979187012,105355
2009-10-02,1.108384132385254,5.630414009094238,5.784408092498779,5.5630412101745605,5.668911933898926,31378
2009-10-05,1.1140682697296143,5.659287929534912,5.726659774780273,5.312800884246826,5.312800884246826,32936
2009-10-06,1.1443827152252197,5.813282012939453,5.822906970977783,5.71703577041626,5.71703577041626,13611
2009-10-07,1.1443827152252197,5.813282012939453,5.813282012939453,5.774783134460449,5.794033050537109,5715
2009-10-08,1.159540057182312,5.8902788162231445,5.919153213500977,5.842155933380127,5.842155933380127,12884
2009-10-09,1.1709078550338745,5.94802713394165,5.94802713394165,5.851780891418457,5.851780891418457,10910
2009-10-12,1.187959909439087,6.034648895263672,6.034648895263672,5.899903774261475,5.899903774261475,37092
2009-10-13,1.178486943244934,5.986526012420654,6.025023937225342,5.967276096343994,6.025023937225342,21611
2009-10-14,1.1993281841278076,6.092397212982178,6.130895137786865,6.015398979187012,6.1116461753845215,31066
2009-10-15,1.1936442852020264,6.063522815704346,6.1116461753845215,5.976901054382324,5.996150016784668,30027
2009-10-16,1.1803816556930542,5.996150016784668,6.0442728996276855,5.9576520919799805,6.015398979187012,24832
2009-10-19,1.1803816556930542,5.996150016784668,6.015398979187012,5.813282012939453,5.986526012420654,40209
2009-10-20,1.1803816556930542,5.996150016784668,6.034648895263672,5.986526012420654,6.005774974822998,28988
2009-10-21,1.1917494535446167,6.053897857666016,6.053897857666016,5.668911933898926,5.688161849975586,12260
2009-10-22,1.187959909439087,6.034648895263672,6.1116461753845215,5.851780891418457,6.005774974822998,29508
2009-10-23,1.1841709613800049,6.015398979187012,6.0827717781066895,6.015398979187012,6.073146820068359,32417
2009-10-26,1.1633293628692627,5.909527778625488,6.063522815704346,5.8902788162231445,6.063522815704346,66496
2009-10-27,1.161434531211853,5.899903774261475,5.928778171539307,5.8806538581848145,5.928778171539307,79899
2009-10-28,1.1273304224014282,5.726659774780273,5.8806538581848145,5.726659774780273,5.8806538581848145,28365
2009-10-29,1.1292248964309692,5.736285209655762,5.774783134460449,5.70741081237793,5.7651591300964355,23585
2009-10-30,1.1045947074890137,5.6111650466918945,5.794033050537109,5.553417205810547,5.71703577041626,23378
2009-11-02,1.095121145248413,5.5630412101745605,5.6111650466918945,5.370549201965332,5.514917850494385,30547
2009-11-03,1.0856478214263916,5.514917850494385,5.582291126251221,5.476419925689697,5.553417205810547,25663
2009-11-04,1.0913320779800415,5.543791770935059,5.822906970977783,5.514917850494385,5.514917850494385,31274
2009-11-05,1.098911166191101,5.582291126251221,5.668911933898926,5.5341668128967285,5.5341668128967285,270140
2009-11-06,1.1178573369979858,5.678536891937256,5.842155933380127,5.524542808532715,5.524542808532715,33352
2009-11-09,1.1557506322860718,5.871029853820801,5.919153213500977,5.7651591300964355,5.813282012939453,48314
2009-11-10,1.172803282737732,5.9576520919799805,6.073146820068359,5.861404895782471,5.861404895782471,21715
2009-11-11,1.1860651969909668,6.025023937225342,6.130895137786865,5.986526012420654,6.005774974822998,15585
2009-11-12,1.1709078550338745,5.94802713394165,6.073146820068359,5.928778171539307,5.986526012420654,26183
2009-11-13,1.178486943244934,5.986526012420654,6.015398979187012,5.928778171539307,5.93840217590332,21507
2009-11-16,1.197433352470398,6.0827717781066895,6.102021217346191,6.063522815704346,6.063522815704346,47690
2009-11-17,1.2012228965759277,6.102021217346191,6.121270179748535,6.034648895263672,6.0442728996276855,28884
2009-11-18,1.2144854068756104,6.169394016265869,6.169394016265869,6.092397212982178,6.1116461753845215,20261
2009-11-19,1.187959909439087,6.034648895263672,6.159769058227539,5.986526012420654,6.150144100189209,25559
2009-11-20,1.1917494535446167,6.053897857666016,6.053897857666016,5.967276096343994,5.986526012420654,18079
2009-11-23,1.1917494535446167,6.053897857666016,6.121270179748535,6.053897857666016,6.0827717781066895,26598
2009-11-24,1.187959909439087,6.034648895263672,6.063522815704346,6.015398979187012,6.063522815704346,11013
2009-11-25,1.195538878440857,6.073146820068359,6.179018020629883,6.034648895263672,6.034648895263672,11117
2009-11-27,1.1671186685562134,5.928778171539307,5.996150016784668,5.774783134460449,5.871029853820801,3013
2009-11-30,1.1709078550338745,5.94802713394165,5.996150016784668,5.899903774261475,5.996150016784668,16416
2009-12-01,1.1841709613800049,6.015398979187012,6.102021217346191,5.93840217590332,5.93840217590332,23689
2009-12-02,1.197433352470398,6.0827717781066895,6.130895137786865,6.015398979187012,6.015398979187012,10702
2009-12-03,1.205012559890747,6.121270179748535,6.179018020629883,6.073146820068359,6.073146820068359,6546
2009-12-04,1.2088022232055664,6.140520095825195,6.198267936706543,6.140520095825195,6.179018020629883,19429
2009-12-07,1.23153817653656,6.256014823913574,6.256014823913574,6.169394016265869,6.169394016265869,32417
2009-12-08,1.2201694250106812,6.198267936706543,6.256014823913574,6.198267936706543,6.2463908195495605,6442
2009-12-09,1.2144854068756104,6.169394016265869,6.256014823913574,6.159769058227539,6.159769058227539,18806
2009-12-10,1.2220641374588013,6.207891941070557,6.256014823913574,6.207891941070557,6.207891941070557,13299
2009-12-11,1.2220641374588013,6.207891941070557,6.2367658615112305,6.179018020629883,6.188642978668213,7273
2009-12-14,1.2372220754623413,6.284889221191406,6.32338809967041,6.2271409034729,6.2367658615112305,21300
2009-12-15,1.2220641374588013,6.207891941070557,6.31376314163208,6.188642978668213,6.217516899108887,10598
2009-12-16,1.23153817653656,6.256014823913574,6.304139137268066,6.207891941070557,6.207891941070557,8104
2009-12-17,1.2125910520553589,6.159769058227539,6.256014823913574,6.092397212982178,6.256014823913574,32832
2009-12-18,1.2088022232055664,6.140520095825195,6.207891941070557,6.063522815704346,6.207891941070557,11533
2009-12-21,1.2410107851028442,6.304139137268066,6.31376314163208,6.159769058227539,6.159769058227539,27741
2009-12-22,1.2296433448791504,6.2463908195495605,6.284889221191406,6.217516899108887,6.2271409034729,14546
2009-12-23,1.2353272438049316,6.275265216827393,6.304139137268066,6.188642978668213,6.188642978668213,28572
2009-12-24,1.2391164302825928,6.294514179229736,6.294514179229736,6.275265216827393,6.275265216827393,3117
2009-12-28,1.2334322929382324,6.265639781951904,6.33301305770874,6.256014823913574,6.256014823913574,12572
2009-12-29,1.2504847049713135,6.352262020111084,6.352262020111084,6.2367658615112305,6.304139137268066,33144
2009-12-30,1.2561689615249634,6.381135940551758,6.448507785797119,6.31376314163208,6.31376314163208,12987
2009-12-31,1.252379059791565,6.361886024475098,6.410009860992432,6.361886024475098,6.3907599449157715,19014
2010-01-04,1.252379059791565,6.361886024475098,6.410009860992432,6.352262020111084,6.410009860992432,17144
2010-01-05,1.263747215270996,6.419633865356445,6.429258823394775,6.342637062072754,6.410009860992432,37716
2010-01-06,1.2732206583023071,6.467757225036621,6.554378986358643,6.419633865356445,6.419633865356445,14546
2010-01-07,1.2732206583023071,6.467757225036621,6.496631145477295,6.304139137268066,6.496631145477295,22235
2010-01-08,1.2694309949874878,6.448507785797119,6.477382183074951,6.400384902954102,6.400384902954102,14442
2010-01-11,1.2845884561538696,6.525505065917969,6.583252906799316,6.467757225036621,6.496631145477295,22754
2010-01-12,1.2770099639892578,6.487007141113281,6.496631145477295,6.448507785797119,6.448507785797119,15897
2010-01-13,1.278904676437378,6.496631145477295,6.506256103515625,6.467757225036621,6.487007141113281,22650
2010-01-14,1.2845884561538696,6.525505065917969,6.544754981994629,6.487007141113281,6.487007141113281,33040
2010-01-15,1.2713261842727661,6.458133220672607,6.477382183074951,6.371510982513428,6.477382183074951,20468
2010-01-19,1.2864829301834106,6.535130023956299,6.583252906799316,6.448507785797119,6.448507785797119,16936
2010-01-20,1.2732206583023071,6.467757225036621,6.487007141113281,6.429258823394775,6.487007141113281,37092
2010-01-21,1.2353272438049316,6.275265216827393,6.467757225036621,6.265639781951904,6.467757225036621,24728
2010-01-22,1.2296433448791504,6.2463908195495605,6.381135940551758,6.198267936706543,6.256014823913574,87172
2010-01-25,1.2466950416564941,6.33301305770874,6.33301305770874,6.284889221191406,6.304139137268066,37404
2010-01-26,1.2429057359695435,6.31376314163208,6.342637062072754,6.275265216827393,6.294514179229736,12052
2010-01-27,1.2353272438049316,6.275265216827393,6.304139137268066,6.198267936706543,6.304139137268066,15689
2010-01-28,1.2220641374588013,6.207891941070557,6.2367658615112305,6.130895137786865,6.2271409034729,10702
2010-01-29,1.2088022232055664,6.140520095825195,6.275265216827393,6.140520095825195,6.2463908195495605,9143
2010-02-01,1.2466950416564941,6.33301305770874,6.33301305770874,6.140520095825195,6.140520095825195,34391
2010-02-02,1.2466950416564941,6.33301305770874,6.371510982513428,6.304139137268066,6.352262020111084,22650
2010-02-03,1.2580633163452148,6.3907599449157715,6.3907599449157715,6.294514179229736,6.294514179229736,11637
2010-02-04,1.205012559890747,6.121270179748535,6.352262020111084,6.0442728996276855,6.275265216827393,36885
2010-02-05,1.1860651969909668,6.025023937225342,6.073146820068359,5.871029853820801,6.073146820068359,33560
2010-02-08,1.1746973991394043,5.967276096343994,6.063522815704346,5.9576520919799805,6.025023937225342,21300
2010-02-09,1.195538878440857,6.073146820068359,6.169394016265869,6.063522815704346,6.073146820068359,31482
2010-02-10,1.1822764873504639,6.005774974822998,6.121270179748535,6.005774974822998,6.073146820068359,16312
2010-02-11,1.2012228965759277,6.102021217346191,6.121270179748535,6.005774974822998,6.005774974822998,33456
2010-02-12,1.1993281841278076,6.092397212982178,6.121270179748535,6.073146820068359,6.0827717781066895,13611
2010-02-16,1.2334322929382324,6.265639781951904,6.265639781951904,6.140520095825195,6.140520095825195,9143
2010-02-17,1.2448006868362427,6.32338809967041,6.361886024475098,6.31376314163208,6.352262020111084,14962
2010-02-18,1.2504847049713135,6.352262020111084,6.361886024475098,6.265639781951904,6.275265216827393,21092
2010-02-19,1.2485897541046143,6.342637062072754,6.381135940551758,6.265639781951904,6.294514179229736,20157
2010-02-22,1.2466950416564941,6.33301305770874,6.361886024475098,6.32338809967041,6.342637062072754,13403
2010-02-23,1.2334322929382324,6.265639781951904,6.352262020111084,6.265639781951904,6.352262020111084,5403
2010-02-24,1.2466950416564941,6.33301305770874,6.342637062072754,6.284889221191406,6.284889221191406,11949
2010-02-25,1.252379059791565,6.361886024475098,6.361886024475098,6.2271409034729,6.2463908195495605,10910
2010-02-26,1.2504847049713135,6.352262020111084,6.458133220672607,6.32338809967041,6.32338809967041,28780
2010-03-01,1.2618526220321655,6.410009860992432,6.458133220672607,6.32338809967041,6.32338809967041,18806
2010-03-02,1.2845884561538696,6.525505065917969,6.583252906799316,6.477382183074951,6.477382183074951,21092
2010-03-03,1.2902724742889404,6.554378986358643,6.60250186920166,6.554378986358643,6.564003944396973,7065
2010-03-04,1.288378357887268,6.544754981994629,6.60250186920166,6.535130023956299,6.583252906799316,20157
2010-03-05,1.3149033784866333,6.679500102996826,6.708373069763184,6.583252906799316,6.583252906799316,29611
2010-03-08,1.3546913862228394,6.881617069244385,6.948988914489746,6.7468719482421875,6.7468719482421875,132473
2010-03-09,1.3565860986709595,6.891242027282715,6.968238830566406,6.794994831085205,6.843118190765381,25663
2010-03-10,1.3736380338668823,6.97786283493042,6.997113227844238,6.9008660316467285,6.929739952087402,18286
2010-03-11,1.3736380338668823,6.97786283493042,6.97786283493042,6.862368106842041,6.968238830566406,26079
2010-03-12,1.3736380338668823,6.97786283493042,7.006737232208252,6.958613872528076,6.97786283493042,35742
2010-03-15,1.3736380338668823,6.97786283493042,6.997113227844238,6.958613872528076,6.97786283493042,18494
2010-03-16,1.388795256614685,7.0548601150512695,7.122232913970947,6.968238830566406,7.006737232208252,28676
2010-03-17,1.4001634120941162,7.112607955932617,7.141481876373291,7.1029839515686035,7.112607955932617,28261
2010-03-18,1.396374225616455,7.093358993530273,7.151106834411621,6.948988914489746,7.112607955932617,19014
2010-03-19,1.3774278163909912,6.997113227844238,7.170355796813965,6.98748779296875,6.997113227844238,41041
2010-03-22,1.3774278163909912,6.997113227844238,7.006737232208252,6.929739952087402,6.929739952087402,9559
2010-03-23,1.3944793939590454,7.083734035491943,7.1029839515686035,7.006737232208252,7.006737232208252,22962
2010-03-24,1.3850059509277344,7.035611152648926,7.218479156494141,7.025987148284912,7.141481876373291,38547
2010-03-25,1.4096368551254272,7.160730838775635,7.170355796813965,7.07411003112793,7.1029839515686035,8104
2010-03-26,1.3944793939590454,7.083734035491943,7.122232913970947,7.083734035491943,7.122232913970947,14442
2010-03-29,1.4134267568588257,7.179981231689453,7.305100917816162,7.1029839515686035,7.1029839515686035,26079
2010-03-30,1.4247944355010986,7.237729072570801,7.266602993011475,7.218479156494141,7.218479156494141,22027
2010-03-31,1.4134267568588257,7.179981231689453,7.228104114532471,7.083734035491943,7.228104114532471,35534
2010-04-01,1.4228997230529785,7.228104114532471,7.266602993011475,7.189605236053467,7.189605236053467,16416
2010-04-05,1.4494251012802124,7.362849235534668,7.362849235534668,7.295475959777832,7.295475959777832,10702
2010-04-06,1.4683719873428345,7.459095001220703,7.459095001220703,7.362849235534668,7.362849235534668,9351
2010-04-07,1.4778454303741455,7.507217884063721,7.507217884063721,7.478344917297363,7.507217884063721,27845
2010-04-08,1.4570037126541138,7.4013471603393555,7.4494709968566895,7.324349880218506,7.4109721183776855,21923
2010-04-09,1.470266342163086,7.468719959259033,7.468719959259033,7.391723155975342,7.391723155975342,10702
2010-04-12,1.4930024147033691,7.584216117858887,7.6130900382995605,7.468719959259033,7.468719959259033,22442
2010-04-13,1.4778454303741455,7.507217884063721,7.574591159820557,7.468719959259033,7.564966201782227,24936
2010-04-14,1.5024760961532593,7.632339000701904,7.651587963104248,7.507217884063721,7.507217884063721,16104
2010-04-15,1.4930024147033691,7.584216117858887,7.670836925506592,7.564966201782227,7.564966201782227,16416
2010-04-16,1.4854235649108887,7.545716762542725,7.584216117858887,7.507217884063721,7.584216117858887,17144
2010-04-19,1.4778454303741455,7.507217884063721,7.5360918045043945,7.430221080780029,7.430221080780029,26391
2010-04-20,1.5252121686935425,7.747834205627441,7.747834205627441,7.564966201782227,7.6034650802612305,33871
2010-04-21,1.4948971271514893,7.5938401222229,7.747834205627441,7.516842842102051,7.747834205627441,19429
2010-04-22,1.5119489431381226,7.680461883544922,7.690086841583252,7.5938401222229,7.661212921142578,11949
2010-04-23,1.551737666130066,7.8825788497924805,7.8922038078308105,7.690086841583252,7.690086841583252,23689
2010-04-26,1.563105821609497,7.940327167510986,7.940327167510986,7.844080924987793,7.8922038078308105,20261
2010-04-27,1.5271070003509521,7.7574591636657715,7.901828765869141,7.747834205627441,7.8922038078308105,9663
2010-04-28,1.5195281505584717,7.718960762023926,7.805582046508789,7.651587963104248,7.747834205627441,35846
2010-04-29,1.5422639846801758,7.834455966949463,7.844080924987793,7.7285847663879395,7.7574591636657715,16416
2010-04-30,1.532791018486023,7.786333084106445,7.901828765869141,7.776708126068115,7.901828765869141,14130
2010-05-03,1.5422639846801758,7.834455966949463,7.8825788497924805,7.786333084106445,7.815207004547119,8520
2010-05-04,1.5043704509735107,7.641963005065918,7.795958042144775,7.6130900382995605,7.795958042144775,22754
2010-05-05,1.4835292100906372,7.5360918045043945,7.584216117858887,7.526467800140381,7.555342197418213,35222
2010-05-06,1.4020581245422363,7.122232913970947,7.487968921661377,7.0644850730896,7.487968921661377,25144
2010-05-07,1.3546913862228394,6.881617069244385,7.237729072570801,6.785370826721191,7.218479156494141,72834
2010-05-10,1.3982688188552856,7.1029839515686035,7.179981231689453,7.035611152648926,7.170355796813965,27118
2010-05-11,1.4058477878570557,7.141481876373291,7.35322380065918,7.045236110687256,7.0644850730896,19949
2010-05-12,1.4570037126541138,7.4013471603393555,7.4013471603393555,6.920114994049072,7.237729072570801,19222
2010-05-13,1.4532147645950317,7.382098197937012,7.478344917297363,7.285851955413818,7.391723155975342,6961
2010-05-14,1.411531686782837,7.170355796813965,7.314725875854492,7.160730838775635,7.305100917816162,6026
2010-05-17,1.3869010210037231,7.045236110687256,7.2569780349731445,6.939364910125732,7.2569780349731445,8416
2010-05-18,1.3603752851486206,6.910490989685059,7.189605236053467,6.881617069244385,7.045236110687256,15585
2010-05-19,1.3546913862228394,6.881617069244385,6.891242027282715,6.737246990203857,6.766120910644531,10078
2010-05-20,1.288378357887268,6.544754981994629,6.852743148803711,6.535130023956299,6.852743148803711,15793
2010-05-21,1.3035354614257812,6.62175178527832,6.69874906539917,6.496631145477295,6.525505065917969,13299
2010-05-24,1.2921671867370605,6.564003944396973,6.61212682723999,6.477382183074951,6.535130023956299,12052
2010-05-25,1.2675362825393677,6.4388837814331055,6.515881061553955,6.169394016265869,6.275265216827393,30858
2010-05-26,1.3262712955474854,6.737246990203857,6.737246990203857,6.477382183074951,6.515881061553955,10806
2010-05-27,1.3565860986709595,6.891242027282715,6.9008660316467285,6.68912410736084,6.737246990203857,18079
2010-05-28,1.3546913862228394,6.881617069244385,6.98748779296875,6.852743148803711,6.920114994049072,4260
2010-06-01,1.3509019613265991,6.862368106842041,6.929739952087402,6.804619789123535,6.881617069244385,11013
2010-06-02,1.3565860986709595,6.891242027282715,6.929739952087402,6.823869228363037,6.920114994049072,7169
2010-06-03,1.3793220520019531,7.006737232208252,7.006737232208252,6.843118190765381,6.843118190765381,13715
2010-06-04,1.3546913862228394,6.881617069244385,7.122232913970947,6.785370826721191,6.785370826721191,32417
2010-06-07,1.3262712955474854,6.737246990203857,6.862368106842041,6.737246990203857,6.852743148803711,7273
2010-06-08,1.3035354614257812,6.62175178527832,6.717998027801514,6.515881061553955,6.717998027801514,10286
2010-06-09,1.307324767112732,6.641001224517822,6.804619789123535,6.61212682723999,6.61212682723999,18702
2010-06-10,1.3376390933990479,6.794994831085205,6.823869228363037,6.631375789642334,6.631375789642334,11325
2010-06-11,1.3584802150726318,6.9008660316467285,7.0548601150512695,6.794994831085205,6.794994831085205,20468
2010-06-14,1.3955127000808716,6.891242027282715,6.920114994049072,6.862368106842041,6.9008660316467285,11429
2010-06-15,1.3935635089874268,6.881617069244385,7.016362190246582,6.766120910644531,6.881617069244385,27533
2010-06-16,1.3857673406600952,6.843118190765381,6.910490989685059,6.69874906539917,6.843118190765381,26494
2010-06-17,1.4033085107803345,6.929739952087402,6.929739952087402,6.833494186401367,6.862368106842041,16416
2010-06-18,1.4150028228759766,6.98748779296875,7.025987148284912,6.929739952087402,6.929739952087402,6442
2010-06-21,1.4052575826644897,6.939364910125732,7.035611152648926,6.939364910125732,6.98748779296875,10806
2010-06-22,1.3974618911743164,6.9008660316467285,7.07411003112793,6.775745868682861,6.968238830566406,36988
2010-06-23,1.3955127000808716,6.891242027282715,7.112607955932617,6.833494186401367,7.112607955932617,29715
2010-06-24,1.3292450904846191,6.564003944396973,6.9008660316467285,6.535130023956299,6.9008660316467285,33248
2010-06-25,1.3740732669830322,6.785370826721191,6.814243793487549,6.535130023956299,6.62175178527832,36781
2010-06-28,1.3799203634262085,6.814243793487549,6.852743148803711,6.7468719482421875,6.756496906280518,27637
2010-06-29,1.3058565855026245,6.448507785797119,6.679500102996826,6.4388837814331055,6.679500102996826,48625
2010-06-30,1.290264368057251,6.371510982513428,6.487007141113281,6.31376314163208,6.3907599449157715,9663
2010-07-01,1.2883150577545166,6.361886024475098,6.371510982513428,6.150144100189209,6.371510982513428,10494
2010-07-02,1.2629780769348145,6.2367658615112305,6.371510982513428,6.2367658615112305,6.371510982513428,11949
2010-07-06,1.2454367876052856,6.150144100189209,6.4388837814331055,6.034648895263672,6.352262020111084,28988
2010-07-07,1.2824686765670776,6.33301305770874,6.361886024475098,6.198267936706543,6.198267936706543,17247
2010-07-08,1.3019585609436035,6.429258823394775,6.429258823394775,6.352262020111084,6.361886024475098,12884
2010-07-09,1.3194999694824219,6.515881061553955,6.535130023956299,6.304139137268066,6.496631145477295,16624
2010-07-12,1.3272958993911743,6.554378986358643,6.573627948760986,6.419633865356445,6.515881061553955,7169
2010-07-13,1.3623789548873901,6.727622985839844,6.727622985839844,6.496631145477295,6.641001224517822,24417
2010-07-14,1.346786618232727,6.650626182556152,6.69874906539917,6.583252906799316,6.669875144958496,14650
2010-07-15,1.346786618232727,6.650626182556152,6.766120910644531,6.583252906799316,6.641001224517822,16104
2010-07-16,1.3253470659255981,6.544754981994629,6.5928778648376465,6.496631145477295,6.5928778648376465,5922
2010-07-19,1.323398232460022,6.535130023956299,6.535130023956299,6.4388837814331055,6.448507785797119,20157
2010-07-20,1.3253470659255981,6.544754981994629,6.554378986358643,6.487007141113281,6.487007141113281,12468
2010-07-21,1.3214490413665771,6.525505065917969,6.544754981994629,6.515881061553955,6.544754981994629,17247
2010-07-22,1.346786618232727,6.650626182556152,6.679500102996826,6.535130023956299,6.535130023956299,117926
2010-07-23,1.3623789548873901,6.727622985839844,6.766120910644531,6.660250186920166,6.68912410736084,11533
2010-07-26,1.3916140794754028,6.871992111206055,6.871992111206055,6.814243793487549,6.814243793487549,1558
2010-07-27,1.3994102478027344,6.910490989685059,6.968238830566406,6.871992111206055,6.871992111206055,20572
2010-07-28,1.3955127000808716,6.891242027282715,6.929739952087402,6.871992111206055,6.920114994049072,8832
2010-07-29,1.3857673406600952,6.843118190765381,7.083734035491943,6.775745868682861,7.07411003112793,11533
2010-07-30,1.3857673406600952,6.843118190765381,6.852743148803711,6.727622985839844,6.823869228363037,9974
2010-08-02,1.4150028228759766,6.98748779296875,7.0548601150512695,6.862368106842041,6.920114994049072,9247
2010-08-03,1.4325445890426636,7.07411003112793,7.122232913970947,6.939364910125732,7.016362190246582,47794
2010-08-04,1.4422893524169922,7.122232913970947,7.160730838775635,7.07411003112793,7.160730838775635,22442
2010-08-05,1.4559329748153687,7.189605236053467,7.228104114532471,7.122232913970947,7.228104114532471,46963
2010-08-06,1.4578824043273926,7.199230194091797,7.199230194091797,7.122232913970947,7.141481876373291,17455
2010-08-09,1.4793213605880737,7.305100917816162,7.372474193572998,7.218479156494141,7.314725875854492,139849
2010-08-10,1.4734739065170288,7.276226997375488,7.314725875854492,7.208855152130127,7.285851955413818,128109
2010-08-11,1.4247483015060425,7.035611152648926,7.199230194091797,7.025987148284912,7.199230194091797,143798
2010-08-12,1.3604296445846558,6.717998027801514,6.997113227844238,6.708373069763184,6.97786283493042,83328
2010-08-13,1.4013596773147583,6.920114994049072,6.929739952087402,6.708373069763184,6.708373069763184,23274
2010-08-16,1.3877161741256714,6.852743148803711,6.881617069244385,6.804619789123535,6.881617069244385,32417
2010-08-17,1.4072067737579346,6.948988914489746,6.997113227844238,6.833494186401367,6.833494186401367,25767
2010-08-18,1.4227992296218872,7.025987148284912,7.025987148284912,6.920114994049072,6.948988914489746,16312
2010-08-19,1.4130539894104004,6.97786283493042,7.083734035491943,6.939364910125732,7.025987148284912,59950
2010-08-20,1.4033085107803345,6.929739952087402,6.968238830566406,6.775745868682861,6.958613872528076,79380
2010-08-23,1.3955127000808716,6.891242027282715,6.958613872528076,6.891242027282715,6.9008660316467285,28261
2010-08-24,1.3643280267715454,6.737246990203857,6.833494186401367,6.660250186920166,6.775745868682861,33248
2010-08-25,1.3643280267715454,6.737246990203857,6.756496906280518,6.62175178527832,6.717998027801514,27430
2010-08-26,1.3292450904846191,6.564003944396973,6.823869228363037,6.544754981994629,6.794994831085205,41352
2010-08-27,1.3526335954666138,6.679500102996826,6.708373069763184,6.487007141113281,6.496631145477295,50807
2010-08-30,1.346786618232727,6.650626182556152,6.737246990203857,6.5928778648376465,6.5928778648376465,25767
2010-08-31,1.3662773370742798,6.7468719482421875,6.814243793487549,6.650626182556152,6.650626182556152,18702
2010-09-01,1.3916140794754028,6.871992111206055,6.958613872528076,6.7468719482421875,6.756496906280518,13715
2010-09-02,1.4208500385284424,7.016362190246582,7.016362190246582,6.9008660316467285,6.9008660316467285,14858
2010-09-03,1.4247483015060425,7.035611152648926,7.141481876373291,6.98748779296875,7.07411003112793,18390
2010-09-07,1.4325445890426636,7.07411003112793,7.1029839515686035,6.920114994049072,7.035611152648926,32209
2010-09-08,1.4305952787399292,7.0644850730896,7.112607955932617,7.016362190246582,7.112607955932617,33664
2010-09-09,1.4500857591629028,7.160730838775635,7.218479156494141,7.0644850730896,7.0644850730896,44989
2010-09-10,1.461779236793518,7.218479156494141,7.305100917816162,7.1029839515686035,7.141481876373291,30443
2010-09-13,1.4715254306793213,7.266602993011475,7.391723155975342,7.218479156494141,7.237729072570801,71795
2010-09-14,1.4975521564483643,7.199230194091797,7.208855152130127,7.025987148284912,7.025987148284912,44261
2010-09-15,1.4755290746688843,7.093358993530273,7.2473530769348145,7.0644850730896,7.199230194091797,43119
2010-09-16,1.4635169506072998,7.035611152648926,7.083734035491943,7.025987148284912,7.083734035491943,10494
2010-09-17,1.4695230722427368,7.0644850730896,7.0644850730896,7.016362190246582,7.035611152648926,11533
2010-09-20,1.5035585165023804,7.228104114532471,7.237729072570801,7.141481876373291,7.141481876373291,31482
2010-09-21,1.4955495595932007,7.189605236053467,7.237729072570801,7.151106834411621,7.237729072570801,3740
2010-09-22,1.4995542764663696,7.208855152130127,7.266602993011475,7.131857872009277,7.179981231689453,12780
2010-09-23,1.4975521564483643,7.199230194091797,7.2473530769348145,7.160730838775635,7.228104114532471,27118
2010-09-24,1.5295847654342651,7.35322380065918,7.382098197937012,7.295475959777832,7.362849235534668,57353
2010-09-27,1.5375938415527344,7.391723155975342,7.391723155975342,7.305100917816162,7.305100917816162,40105
2010-09-28,1.541597843170166,7.4109721183776855,7.4109721183776855,7.2473530769348145,7.372474193572998,22131
2010-09-29,1.5335893630981445,7.372474193572998,7.420597076416016,7.314725875854492,7.382098197937012,25040
2010-09-30,1.5235786437988281,7.324349880218506,7.4109721183776855,7.295475959777832,7.382098197937012,6338
2010-10-01,1.527583360671997,7.343599796295166,7.372474193572998,7.237729072570801,7.314725875854492,16936
2010-10-04,1.519574761390686,7.305100917816162,7.4013471603393555,7.208855152130127,7.295475959777832,14858
2010-10-05,1.5435999631881714,7.420597076416016,7.430221080780029,7.372474193572998,7.382098197937012,41560
2010-10-06,1.5536106824874878,7.468719959259033,7.507217884063721,7.362849235534668,7.478344917297363,30131
2010-10-07,1.5516079664230347,7.459095001220703,7.574591159820557,7.430221080780029,7.507217884063721,14026
2010-10-08,1.5556124448776245,7.478344917297363,7.545716762542725,7.420597076416016,7.439846038818359,17975
2010-10-11,1.5776352882385254,7.584216117858887,7.661212921142578,7.487968921661377,7.487968921661377,15065
2010-10-12,1.5896474123001099,7.641963005065918,7.641963005065918,7.420597076416016,7.622714042663574,27118
2010-10-13,1.5976556539535522,7.680461883544922,7.699710845947266,7.641963005065918,7.699710845947266,30962
2010-10-14,1.5896474123001099,7.641963005065918,7.699710845947266,7.6130900382995605,7.641963005065918,16728
2010-10-15,1.5996578931808472,7.690086841583252,7.699710845947266,7.622714042663574,7.690086841583252,10286
2010-10-18,1.6036620140075684,7.709335803985596,7.709335803985596,7.622714042663574,7.622714042663574,24001
2010-10-19,1.5656226873397827,7.526467800140381,7.699710845947266,7.430221080780029,7.680461883544922,24728
2010-10-20,1.5876458883285522,7.632339000701904,7.661212921142578,7.5360918045043945,7.5360918045043945,18598
2010-10-21,1.6016597747802734,7.699710845947266,7.805582046508789,7.555342197418213,7.699710845947266,11949
2010-10-22,1.6236826181411743,7.805582046508789,7.815207004547119,7.709335803985596,7.815207004547119,15585
2010-10-25,1.6036620140075684,7.709335803985596,7.844080924987793,7.709335803985596,7.844080924987793,31793
2010-10-26,1.6156748533248901,7.767084121704102,7.786333084106445,7.699710845947266,7.709335803985596,11533
2010-10-27,1.6096683740615845,7.738210201263428,7.747834205627441,7.641963005065918,7.747834205627441,3844
2010-10-28,1.6056641340255737,7.718960762023926,7.776708126068115,7.680461883544922,7.7574591636657715,10078
2010-10-29,1.6256850957870483,7.815207004547119,7.844080924987793,7.747834205627441,7.747834205627441,9663
2010-11-01,1.6176766157150269,7.776708126068115,7.8825788497924805,7.747834205627441,7.844080924987793,5922
2010-11-02,1.641701579093933,7.8922038078308105,7.901828765869141,7.844080924987793,7.844080924987793,16416
2010-11-03,1.641701579093933,7.8922038078308105,7.921078205108643,7.795958042144775,7.8922038078308105,24936
2010-11-04,1.677739143371582,8.065447807312012,8.094321250915527,7.949952125549316,7.949952125549316,33248
2010-11-05,1.6677285432815552,8.017324447631836,8.132820129394531,7.998075008392334,8.113571166992188,17975
2010-11-08,1.669730305671692,8.026948928833008,8.075072288513184,7.9595770835876465,7.96920108795166,12780
2010-11-09,1.6737347841262817,8.046197891235352,8.152069091796875,7.97882604598999,8.05582332611084,28988
2010-11-10,1.6877497434616089,8.113571166992188,8.132820129394531,7.998075008392334,8.046197891235352,14754
2010-11-11,1.677739143371582,8.065447807312012,8.113571166992188,7.949952125549316,8.113571166992188,23689
2010-11-12,1.6356955766677856,7.863329887390137,7.988450050354004,7.776708126068115,7.97882604598999,16416
2010-11-15,1.6376973390579224,7.872954845428467,7.949952125549316,7.872954845428467,7.930703163146973,25871
2010-11-16,1.6196794509887695,7.786333084106445,7.844080924987793,7.699710845947266,7.844080924987793,20157
2010-11-17,1.5916500091552734,7.651587963104248,7.776708126068115,7.632339000701904,7.776708126068115,26910
2010-11-18,1.6216808557510376,7.795958042144775,7.911452770233154,7.738210201263428,7.738210201263428,4987
2010-11-19,1.6316909790039062,7.844080924987793,7.8825788497924805,7.709335803985596,7.872954845428467,27014
2010-11-22,1.6437034606933594,7.901828765869141,7.911452770233154,7.805582046508789,7.8922038078308105,27533
2010-11-23,1.6296892166137695,7.834455966949463,7.872954845428467,7.795958042144775,7.872954845428467,14546
2010-11-24,1.641701579093933,7.8922038078308105,7.949952125549316,7.795958042144775,7.795958042144775,16624
2010-11-26,1.641701579093933,7.8922038078308105,7.911452770233154,7.863329887390137,7.872954845428467,10286
2010-11-29,1.6537140607833862,7.949952125549316,7.949952125549316,7.853704929351807,7.949952125549316,13819
2010-11-30,1.6356955766677856,7.863329887390137,7.940327167510986,7.805582046508789,7.8825788497924805,6026
2010-12-01,1.6577184200286865,7.96920108795166,8.026948928833008,7.940327167510986,7.97882604598999,13507
2010-12-02,1.6637250185012817,7.998075008392334,8.026948928833008,7.97882604598999,7.97882604598999,39066
2010-12-03,1.6617227792739868,7.988450050354004,8.026948928833008,7.911452770233154,7.911452770233154,96315
2010-12-06,1.6717323064804077,8.036574363708496,8.075072288513184,7.940327167510986,7.988450050354004,16312
2010-12-07,1.6797409057617188,8.075072288513184,8.161693572998047,8.036574363708496,8.084696769714355,28884
2010-12-08,1.669730305671692,8.026948928833008,8.132820129394531,7.988450050354004,8.132820129394531,11949
2010-12-09,1.6857470273971558,8.1039457321167,8.161693572998047,8.026948928833008,8.161693572998047,25352
2010-12-10,1.677544355392456,7.872954845428467,7.872954845428467,7.651587963104248,7.815207004547119,115121
2010-12-13,1.6426810026168823,7.709335803985596,7.8922038078308105,7.709335803985596,7.8922038078308105,84367
2010-12-14,1.6365286111831665,7.680461883544922,7.747834205627441,7.641963005065918,7.709335803985596,52158
2010-12-15,1.6160203218460083,7.584216117858887,7.661212921142578,7.555342197418213,7.6130900382995605,21507
2010-12-16,1.6242235898971558,7.622714042663574,7.632339000701904,7.487968921661377,7.555342197418213,41872
2010-12-17,1.6529347896575928,7.7574591636657715,7.767084121704102,7.632339000701904,7.670836925506592,27845
2010-12-20,1.6467820405960083,7.7285847663879395,7.8825788497924805,7.641963005065918,7.8825788497924805,70964
2010-12-21,1.665239691734314,7.815207004547119,7.863329887390137,7.718960762023926,7.718960762023926,27222
2010-12-22,1.6898488998413086,7.930703163146973,7.940327167510986,7.7574591636657715,7.815207004547119,41664
2010-12-23,1.6918996572494507,7.940327167510986,7.940327167510986,7.844080924987793,7.901828765869141,9039
2010-12-27,1.673442006111145,7.853704929351807,7.921078205108643,7.815207004547119,7.921078205108643,10806
2010-12-28,1.681646466255188,7.8922038078308105,7.911452770233154,7.786333084106445,7.911452770233154,6442
2010-12-29,1.677544355392456,7.872954845428467,8.161693572998047,7.815207004547119,7.863329887390137,31482
2010-12-30,1.6857470273971558,7.911452770233154,7.921078205108643,7.872954845428467,7.8825788497924805,9663
2010-12-31,1.683695912361145,7.901828765869141,7.949952125549316,7.872954845428467,7.872954845428467,6546
2011-01-03,1.696000576019287,7.9595770835876465,8.026948928833008,7.949952125549316,7.949952125549316,7169
2011-01-04,1.7062554359436035,8.007699966430664,8.036574363708496,7.96920108795166,7.96920108795166,14546
2011-01-05,1.7062554359436035,8.007699966430664,8.075072288513184,7.872954845428467,8.007699966430664,28053
2011-01-06,1.7206109762191772,8.075072288513184,8.123194694519043,7.998075008392334,8.046197891235352,18598
2011-01-07,1.7021533250808716,7.988450050354004,8.075072288513184,7.96920108795166,8.075072288513184,14858
2011-01-10,1.6980522871017456,7.96920108795166,8.026948928833008,7.940327167510986,8.026948928833008,12676
2011-01-11,1.7021533250808716,7.988450050354004,8.007699966430664,7.97882604598999,7.998075008392334,16001
2011-01-12,1.712406873703003,8.036574363708496,8.036574363708496,8.007699966430664,8.017324447631836,9351
2011-01-13,1.7103568315505981,8.026948928833008,8.075072288513184,8.017324447631836,8.036574363708496,11533
2011-01-14,1.712406873703003,8.036574363708496,8.084696769714355,7.96920108795166,7.998075008392334,16208
2011-01-18,1.7329157590866089,8.132820129394531,8.132820129394531,7.998075008392334,7.998075008392334,26702
2011-01-19,1.718559980392456,8.065447807312012,8.18094253540039,8.046197891235352,8.161693572998047,23378
2011-01-20,1.7144582271575928,8.046197891235352,8.046197891235352,8.007699966430664,8.046197891235352,4572
2011-01-21,1.7329157590866089,8.132820129394531,8.286813735961914,8.046197891235352,8.046197891235352,43950
2011-01-24,1.728813648223877,8.113571166992188,8.18094253540039,8.075072288513184,8.18094253540039,20261
2011-01-25,1.7349661588668823,8.142444610595703,8.152069091796875,8.084696769714355,8.094321250915527,20676
2011-01-26,1.749321460723877,8.209816932678223,8.219442367553711,8.132820129394531,8.18094253540039,23793
2011-01-27,1.7657278776168823,8.286813735961914,8.33493709564209,8.277190208435059,8.296439170837402,28884
2011-01-28,1.739067792892456,8.161693572998047,8.33493709564209,8.094321250915527,8.33493709564209,18390
2011-01-31,1.745219349861145,8.190567970275879,8.190567970275879,8.1039457321167,8.190567970275879,6442
2011-02-01,1.7616263628005981,8.26756477355957,8.315688133239746,8.20019245147705,8.20019245147705,11221
2011-02-02,1.7677797079086304,8.296439170837402,8.296439170837402,8.257940292358398,8.26756477355957,9351
2011-02-03,1.7800835371017456,8.35418701171875,8.35418701171875,8.229065895080566,8.26756477355957,8832
2011-02-04,1.7718799114227295,8.315688133239746,8.363810539245605,8.315688133239746,8.363810539245605,15169
2011-02-07,1.7739309072494507,8.325312614440918,8.392684936523438,8.315688133239746,8.392684936523438,38027
2011-02-08,1.7800835371017456,8.35418701171875,8.392684936523438,8.315688133239746,8.363810539245605,25455
2011-02-09,1.7780323028564453,8.344561576843262,8.383061408996582,8.277190208435059,8.33493709564209,12987
2011-02-10,1.7698286771774292,8.306063652038574,8.325312614440918,8.248315811157227,8.306063652038574,7481
2011-02-11,1.7780323028564453,8.344561576843262,8.383061408996582,8.286813735961914,8.286813735961914,22962
2011-02-14,1.8005915880203247,8.450432777404785,8.450432777404785,8.373435974121094,8.373435974121094,18286
2011-02-15,1.794438362121582,8.42155933380127,8.469681739807129,8.373435974121094,8.450432777404785,27118
2011-02-16,1.8169978857040405,8.527429580688477,8.527429580688477,8.460058212280273,8.460058212280273,16416
2011-02-17,1.8395565748214722,8.63330078125,8.642926216125488,8.488931655883789,8.527429580688477,39274
2011-02-18,1.8416073322296143,8.642926216125488,8.65255069732666,8.58517837524414,8.623677253723145,41872
2011-02-22,1.8169978857040405,8.527429580688477,8.594802856445312,8.42155933380127,8.537055015563965,43119
2011-02-23,1.7903372049331665,8.402310371398926,8.671799659729004,8.33493709564209,8.537055015563965,38651
2011-02-24,1.7780323028564453,8.344561576843262,8.440808296203613,8.229065895080566,8.315688133239746,67327
2011-02-25,1.7759815454483032,8.33493709564209,8.450432777404785,8.33493709564209,8.35418701171875,58080
2011-02-28,1.798540711402893,8.440808296203613,8.508180618286133,8.33493709564209,8.35418701171875,89146
2011-03-01,1.7964897155761719,8.431183815002441,8.440808296203613,8.33493709564209,8.392684936523438,33040
2011-03-02,1.794438362121582,8.42155933380127,8.42155933380127,8.325312614440918,8.42155933380127,50911
2011-03-03,1.8087948560714722,8.488931655883789,8.527429580688477,8.450432777404785,8.517806053161621,66808
2011-03-04,1.8046931028366089,8.469681739807129,8.508180618286133,8.42155933380127,8.498556137084961,19222
2011-03-07,1.8005915880203247,8.450432777404785,8.498556137084961,8.35418701171875,8.440808296203613,37820
2011-03-08,1.7903372049331665,8.402310371398926,8.460058212280273,8.392684936523438,8.450432777404785,31170
2011-03-09,1.7903372049331665,8.402310371398926,8.469681739807129,8.373435974121094,8.402310371398926,27533
2011-03-10,1.7657278776168823,8.286813735961914,8.363810539245605,8.257940292358398,8.277190208435059,45612
2011-03-11,1.7636772394180298,8.277190208435059,8.325312614440918,8.229065895080566,8.315688133239746,64626
2011-03-14,1.7636772394180298,8.277190208435059,8.296439170837402,8.142444610595703,8.18094253540039,46236
2011-03-15,1.749321460723877,8.209816932678223,8.238691329956055,7.998075008392334,8.161693572998047,47378
2011-03-16,1.7349661588668823,8.142444610595703,8.229065895080566,8.026948928833008,8.229065895080566,39482
2011-03-17,1.7103568315505981,8.026948928833008,8.257940292358398,8.026948928833008,8.18094253540039,37300
2011-03-18,1.712406873703003,8.036574363708496,8.219442367553711,7.988450050354004,8.065447807312012,36573
2011-03-21,1.7657278776168823,8.286813735961914,8.411934852600098,8.1039457321167,8.142444610595703,192942
2011-03-22,1.7762256860733032,8.142444610595703,8.392684936523438,8.094321250915527,8.113571166992188,552540
2011-03-23,1.7699276208877563,8.113571166992188,8.113571166992188,8.007699966430664,8.113571166992188,356689
2011-03-24,1.7720263004302979,8.123194694519043,8.142444610595703,8.05582332611084,8.113571166992188,548592
2011-03-25,1.61665940284729,7.4109721183776855,7.555342197418213,7.4013471603393555,7.507217884063721,490927
2011-03-28,1.6229580640792847,7.439846038818359,7.478344917297363,7.4109721183776855,7.4494709968566895,145460
2011-03-29,1.627157211303711,7.459095001220703,7.487968921661377,7.4109721183776855,7.459095001220703,60158
2011-03-30,1.6355547904968262,7.497593879699707,7.516842842102051,7.420597076416016,7.516842842102051,70548
2011-03-31,1.6397545337677002,7.516842842102051,7.555342197418213,7.430221080780029,7.516842842102051,104212
2011-04-01,1.6460531949996948,7.545716762542725,7.564966201782227,7.516842842102051,7.516842842102051,80523
2011-04-04,1.6460531949996948,7.545716762542725,7.584216117858887,7.487968921661377,7.555342197418213,97978
2011-04-05,1.641854166984558,7.526467800140381,7.574591159820557,7.516842842102051,7.516842842102051,76470
2011-04-06,1.6439529657363892,7.5360918045043945,7.6034650802612305,7.516842842102051,7.6034650802612305,64626
2011-04-07,1.631355881690979,7.478344917297363,7.526467800140381,7.459095001220703,7.497593879699707,119277
2011-04-08,1.625057578086853,7.4494709968566895,7.526467800140381,7.430221080780029,7.526467800140381,159383
2011-04-11,1.6292567253112793,7.468719959259033,7.487968921661377,7.4013471603393555,7.478344917297363,93094
2011-04-12,1.6229580640792847,7.439846038818359,7.4494709968566895,7.391723155975342,7.430221080780029,67639
2011-04-13,1.6145596504211426,7.4013471603393555,7.487968921661377,7.372474193572998,7.487968921661377,74704
2011-04-14,1.6103607416152954,7.382098197937012,7.391723155975342,7.35322380065918,7.362849235534668,67639
2011-04-15,1.6145596504211426,7.4013471603393555,7.4109721183776855,7.35322380065918,7.4013471603393555,83328
2011-04-18,1.5998629331588745,7.333974838256836,7.391723155975342,7.285851955413818,7.391723155975342,67639
2011-04-19,1.6208583116531372,7.430221080780029,7.430221080780029,7.343599796295166,7.343599796295166,93614
2011-04-20,1.6355547904968262,7.497593879699707,7.555342197418213,7.468719959259033,7.555342197418213,109926
2011-04-21,1.633455514907837,7.487968921661377,7.526467800140381,7.478344917297363,7.507217884063721,80211
2011-04-25,1.6460531949996948,7.545716762542725,7.555342197418213,7.487968921661377,7.507217884063721,238347
2011-04-26,1.6649491786956787,7.632339000701904,7.651587963104248,7.564966201782227,7.564966201782227,179643
2011-04-27,1.6733473539352417,7.670836925506592,7.670836925506592,7.564966201782227,7.641963005065918,158032
2011-04-28,1.6712480783462524,7.661212921142578,7.680461883544922,7.651587963104248,7.661212921142578,134343
2011-04-29,1.6880444288253784,7.738210201263428,7.786333084106445,7.651587963104248,7.651587963104248,292998
2011-05-02,1.719537615776062,7.8825788497924805,7.9595770835876465,7.795958042144775,7.834455966949463,174552
2011-05-03,1.7048407793045044,7.815207004547119,7.834455966949463,7.795958042144775,7.815207004547119,69613
2011-05-04,1.6880444288253784,7.738210201263428,7.863329887390137,7.738210201263428,7.863329887390137,83120
2011-05-05,1.6649491786956787,7.632339000701904,7.690086841583252,7.6034650802612305,7.690086841583252,164474
2011-05-06,1.6607502698898315,7.6130900382995605,7.709335803985596,7.6034650802612305,7.690086841583252,190449
2011-05-09,1.677546501159668,7.690086841583252,7.747834205627441,7.555342197418213,7.6034650802612305,469316
2011-05-10,1.7006419897079468,7.795958042144775,7.795958042144775,7.670836925506592,7.690086841583252,314817
2011-05-11,1.6880444288253784,7.738210201263428,7.786333084106445,7.670836925506592,7.747834205627441,128420
2011-05-12,1.6880444288253784,7.738210201263428,7.776708126068115,7.670836925506592,7.699710845947266,60262
2011-05-13,1.6796451807022095,7.699710845947266,7.767084121704102,7.661212921142578,7.7574591636657715,69925
2011-05-16,1.6586506366729736,7.6034650802612305,7.738210201263428,7.584216117858887,7.699710845947266,133200
2011-05-17,1.6628495454788208,7.622714042663574,7.699710845947266,7.5360918045043945,7.699710845947266,67535
2011-05-18,1.6733473539352417,7.670836925506592,7.680461883544922,7.5938401222229,7.6034650802612305,60054
2011-05-19,1.6838454008102417,7.718960762023926,7.738210201263428,7.661212921142578,7.661212921142578,37404
2011-05-20,1.681746006011963,7.709335803985596,7.747834205627441,7.6034650802612305,7.718960762023926,69613
2011-05-23,1.6649491786956787,7.632339000701904,7.670836925506592,7.584216117858887,7.622714042663574,69613
2011-05-24,1.6754469871520996,7.680461883544922,7.738210201263428,7.651587963104248,7.651587963104248,88003
2011-05-25,1.6796451807022095,7.699710845947266,7.709335803985596,7.622714042663574,7.632339000701904,57976
2011-05-26,1.6901440620422363,7.747834205627441,7.7574591636657715,7.661212921142578,7.718960762023926,58392
2011-05-27,1.7048407793045044,7.815207004547119,7.815207004547119,7.7574591636657715,7.7574591636657715,69301
2011-05-31,1.7132387161254883,7.853704929351807,7.872954845428467,7.805582046508789,7.815207004547119,44054
2011-06-01,1.6733473539352417,7.670836925506592,7.844080924987793,7.6034650802612305,7.824831962585449,51430
2011-06-02,1.6922433376312256,7.7574591636657715,7.776708126068115,7.670836925506592,7.680461883544922,52989
2011-06-03,1.6754469871520996,7.680461883544922,7.738210201263428,7.641963005065918,7.641963005065918,46028
2011-06-06,1.6565513610839844,7.5938401222229,7.699710845947266,7.5938401222229,7.699710845947266,86653
2011-06-07,1.6691484451293945,7.651587963104248,7.680461883544922,7.574591159820557,7.574591159820557,41144
2011-06-08,1.6586506366729736,7.6034650802612305,7.622714042663574,7.564966201782227,7.6130900382995605,31897
2011-06-09,1.677546501159668,7.690086841583252,7.699710845947266,7.555342197418213,7.5938401222229,101510
2011-06-10,1.6544511318206787,7.584216117858887,7.651587963104248,7.507217884063721,7.651587963104248,139226
2011-06-13,1.6292567253112793,7.468719959259033,7.6034650802612305,7.4109721183776855,7.584216117858887,86860
2011-06-14,1.6594281196594238,7.4109721183776855,7.4494709968566895,7.237729072570801,7.305100917816162,71795
2011-06-15,1.6227918863296509,7.2473530769348145,7.4013471603393555,7.237729072570801,7.4013471603393555,42391
2011-06-16,1.633566975593567,7.295475959777832,7.382098197937012,6.968238830566406,7.208855152130127,45820
2011-06-17,1.6249464750289917,7.2569780349731445,7.324349880218506,7.2473530769348145,7.324349880218506,22754
2011-06-20,1.6400322914123535,7.324349880218506,7.362849235534668,7.2473530769348145,7.285851955413818,58911
2011-06-21,1.6766681671142578,7.487968921661377,7.487968921661377,7.314725875854492,7.314725875854492,46859
2011-06-22,1.678823709487915,7.497593879699707,7.516842842102051,7.468719959259033,7.497593879699707,71068
2011-06-23,1.6572728157043457,7.4013471603393555,7.487968921661377,7.333974838256836,7.487968921661377,79795
2011-06-24,1.6551177501678467,7.391723155975342,7.507217884063721,7.343599796295166,7.478344917297363,60678
2011-06-27,1.6658934354782104,7.439846038818359,7.4494709968566895,7.35322380065918,7.362849235534668,105458
2011-06-28,1.678823709487915,7.497593879699707,7.497593879699707,7.4109721183776855,7.4109721183776855,106394
2011-06-29,1.700374960899353,7.5938401222229,7.5938401222229,7.478344917297363,7.507217884063721,41144
2011-06-30,1.7176157236099243,7.670836925506592,7.670836925506592,7.555342197418213,7.555342197418213,62548
2011-07-01,1.74132239818573,7.776708126068115,7.776708126068115,7.622714042663574,7.651587963104248,75431
2011-07-05,1.7391670942306519,7.767084121704102,7.786333084106445,7.718960762023926,7.7285847663879395,35326
2011-07-06,1.734856367111206,7.747834205627441,7.776708126068115,7.709335803985596,7.776708126068115,10806
2011-07-07,1.7434768676757812,7.786333084106445,7.824831962585449,7.747834205627441,7.776708126068115,120316
2011-07-08,1.7370116710662842,7.7574591636657715,7.776708126068115,7.699710845947266,7.747834205627441,18910
2011-07-11,1.7068405151367188,7.622714042663574,7.699710845947266,7.545716762542725,7.699710845947266,67639
2011-07-12,1.689599633216858,7.545716762542725,7.622714042663574,7.516842842102051,7.584216117858887,48106
2011-07-13,1.702530026435852,7.6034650802612305,7.651587963104248,7.5360918045043945,7.555342197418213,58288
2011-07-14,1.6939095258712769,7.564966201782227,7.651587963104248,7.564966201782227,7.632339000701904,40313
2011-07-15,1.6831344366073608,7.516842842102051,7.6034650802612305,7.487968921661377,7.564966201782227,13299
2011-07-18,1.6809792518615723,7.507217884063721,7.564966201782227,7.439846038818359,7.555342197418213,33560
2011-07-19,1.7046858072280884,7.6130900382995605,7.680461883544922,7.516842842102051,7.516842842102051,67743
2011-07-20,1.7046858072280884,7.6130900382995605,7.661212921142578,7.5360918045043945,7.661212921142578,21819
2011-07-21,1.719770908355713,7.680461883544922,7.718960762023926,7.6130900382995605,7.651587963104248,84055
2011-07-22,1.715461015701294,7.661212921142578,7.670836925506592,7.6130900382995605,7.641963005065918,40937
2011-07-25,1.713306188583374,7.651587963104248,7.670836925506592,7.5360918045043945,7.5360918045043945,13299
2011-07-26,1.713306188583374,7.651587963104248,7.661212921142578,7.545716762542725,7.6034650802612305,26183
2011-07-27,1.6766681671142578,7.487968921661377,7.6034650802612305,7.430221080780029,7.555342197418213,49976
2011-07-28,1.678823709487915,7.497593879699707,7.5360918045043945,7.4109721183776855,7.526467800140381,28676
2011-07-29,1.6594281196594238,7.4109721183776855,7.478344917297363,7.266602993011475,7.468719959259033,58184
2011-08-01,1.6637380123138428,7.430221080780029,7.5360918045043945,7.314725875854492,7.459095001220703,31482
2011-08-02,1.6184815168380737,7.228104114532471,7.420597076416016,7.151106834411621,7.391723155975342,69197
2011-08-03,1.6141712665557861,7.208855152130127,7.228104114532471,7.093358993530273,7.189605236053467,146707
2011-08-04,1.5322773456573486,6.843118190765381,7.151106834411621,6.843118190765381,7.151106834411621,92783
2011-08-05,1.4956402778625488,6.679500102996826,6.948988914489746,6.169394016265869,6.871992111206055,161045
2011-08-08,1.3641793727874756,6.092397212982178,6.3907599449157715,6.063522815704346,6.063522815704346,131018
2011-08-09,1.411591649055481,6.304139137268066,6.304139137268066,5.803657054901123,6.1116461753845215,85094
2011-08-10,1.374954342842102,6.140520095825195,6.352262020111084,6.121270179748535,6.304139137268066,63587
2011-08-11,1.4352978467941284,6.410009860992432,6.515881061553955,6.188642978668213,6.31376314163208,110238
2011-08-12,1.448227882385254,6.467757225036621,6.544754981994629,6.448507785797119,6.506256103515625,34079
2011-08-15,1.4956402778625488,6.679500102996826,6.679500102996826,6.506256103515625,6.506256103515625,85406
2011-08-16,1.4827100038528442,6.62175178527832,6.650626182556152,6.515881061553955,6.5928778648376465,62028
2011-08-17,1.4891753196716309,6.650626182556152,6.727622985839844,6.5928778648376465,6.660250186920166,50288
2011-08-18,1.4159015417099,6.32338809967041,6.410009860992432,6.256014823913574,6.410009860992432,130602
2011-08-19,1.4051265716552734,6.275265216827393,6.467757225036621,6.2367658615112305,6.31376314163208,49872
2011-08-22,1.4072813987731934,6.284889221191406,6.4388837814331055,6.188642978668213,6.381135940551758,95692
2011-08-23,1.450383186340332,6.477382183074951,6.506256103515625,6.284889221191406,6.381135940551758,44573
2011-08-24,1.4654688835144043,6.544754981994629,6.544754981994629,6.448507785797119,6.515881061553955,17975
2011-08-25,1.448227882385254,6.467757225036621,6.650626182556152,6.4388837814331055,6.5928778648376465,45197
2011-08-26,1.4805554151535034,6.61212682723999,6.679500102996826,6.371510982513428,6.487007141113281,71483
2011-08-29,1.5042608976364136,6.717998027801514,6.785370826721191,6.641001224517822,6.727622985839844,66496
2011-08-30,1.5171914100646973,6.775745868682861,6.804619789123535,6.69874906539917,6.737246990203857,78133
2011-08-31,1.547363042831421,6.910490989685059,6.948988914489746,6.794994831085205,6.823869228363037,49145
2011-09-01,1.527966856956482,6.823869228363037,6.958613872528076,6.814243793487549,6.910490989685059,67223
2011-09-02,1.497795820236206,6.68912410736084,6.727622985839844,6.650626182556152,6.69874906539917,39066
2011-09-06,1.4870197772979736,6.641001224517822,6.641001224517822,6.467757225036621,6.544754981994629,27845
2011-09-07,1.5085711479187012,6.737246990203857,6.766120910644531,6.650626182556152,6.708373069763184,56106
2011-09-08,1.4827100038528442,6.62175178527832,6.717998027801514,6.60250186920166,6.717998027801514,37196
2011-09-09,1.4611588716506958,6.525505065917969,6.61212682723999,6.429258823394775,6.564003944396973,46963
2011-09-12,1.4546936750411987,6.496631145477295,6.544754981994629,6.33301305770874,6.487007141113281,108368
2011-09-13,1.4568487405776978,6.506256103515625,6.573627948760986,6.477382183074951,6.544754981994629,34287
2011-09-14,1.4879395961761475,6.448507785797119,6.525505065917969,6.304139137268066,6.304139137268066,42080
2011-09-15,1.5079271793365479,6.535130023956299,6.544754981994629,6.458133220672607,6.544754981994629,29611
2011-09-16,1.5079271793365479,6.535130023956299,6.61212682723999,6.506256103515625,6.5928778648376465,40417
2011-09-19,1.4923813343048096,6.467757225036621,6.487007141113281,6.352262020111084,6.487007141113281,58392
2011-09-20,1.4812774658203125,6.419633865356445,6.544754981994629,6.410009860992432,6.419633865356445,38963
2011-09-21,1.439082145690918,6.2367658615112305,6.467757225036621,6.2271409034729,6.467757225036621,85614
2011-09-22,1.3902246952056885,6.025023937225342,6.1116461753845215,5.93840217590332,6.1116461753845215,123329
2011-09-23,1.4124325513839722,6.121270179748535,6.121270179748535,5.996150016784668,6.092397212982178,81146
2011-09-26,1.4479656219482422,6.275265216827393,6.284889221191406,6.0442728996276855,6.169394016265869,86341
2011-09-27,1.4479656219482422,6.275265216827393,6.429258823394775,6.2463908195495605,6.3907599449157715,99744
2011-09-28,1.4124325513839722,6.121270179748535,6.32338809967041,6.121270179748535,6.294514179229736,62340
2011-09-29,1.4146534204483032,6.130895137786865,6.294514179229736,6.025023937225342,6.294514179229736,19845
2011-09-30,1.376899242401123,5.967276096343994,6.1116461753845215,5.967276096343994,6.073146820068359,19222
2011-10-03,1.316937804222107,5.70741081237793,5.9576520919799805,5.678536891937256,5.93840217590332,33456
2011-10-04,1.3280421495437622,5.7555341720581055,5.7555341720581055,5.505293846130371,5.640038013458252,35118
2011-10-05,1.3435876369476318,5.822906970977783,5.871029853820801,5.649662971496582,5.678536891937256,78964
2011-10-06,1.3591331243515015,5.8902788162231445,5.909527778625488,5.784408092498779,5.832530975341797,113251
2011-10-07,1.354691982269287,5.871029853820801,5.976901054382324,5.832530975341797,5.93840217590332,70652
2011-10-10,1.3924455642700195,6.034648895263672,6.092397212982178,5.899903774261475,5.986526012420654,28365
2011-10-11,1.4102119207382202,6.1116461753845215,6.130895137786865,6.025023937225342,6.0442728996276855,40313
2011-10-12,1.4301992654800415,6.198267936706543,6.294514179229736,6.179018020629883,6.179018020629883,35430
2011-10-13,1.4346410036087036,6.217516899108887,6.2367658615112305,6.1116461753845215,6.140520095825195,35118
2011-10-14,1.456849217414856,6.31376314163208,6.33301305770874,6.2271409034729,6.2271409034729,11325
2011-10-17,1.4301992654800415,6.198267936706543,6.352262020111084,6.198267936706543,6.352262020111084,35326
2011-10-18,1.4657325744628906,6.352262020111084,6.3907599449157715,6.140520095825195,6.150144100189209,43742
2011-10-19,1.4479656219482422,6.275265216827393,6.381135940551758,6.2463908195495605,6.33301305770874,34910
2011-10-20,1.4413032531738281,6.2463908195495605,6.32338809967041,6.207891941070557,6.256014823913574,60366
2011-10-21,1.4635107517242432,6.342637062072754,6.3907599449157715,6.294514179229736,6.304139137268066,62963
2011-10-24,1.4857192039489746,6.4388837814331055,6.496631145477295,6.342637062072754,6.3907599449157715,88107
2011-10-25,1.456849217414856,6.31376314163208,6.4388837814331055,6.304139137268066,6.4388837814331055,52989
2011-10-26,1.470173954963684,6.371510982513428,6.3907599449157715,6.2463908195495605,6.3907599449157715,41664
2011-10-27,1.5079271793365479,6.535130023956299,6.60250186920166,6.477382183074951,6.487007141113281,209358
2011-10-28,1.519031286239624,6.583252906799316,6.583252906799316,6.467757225036621,6.467757225036621,109822
2011-10-31,1.4857192039489746,6.4388837814331055,6.515881061553955,6.400384902954102,6.496631145477295,25455
2011-11-01,1.4346410036087036,6.217516899108887,6.31376314163208,6.179018020629883,6.265639781951904,102965
2011-11-02,1.4368613958358765,6.2271409034729,6.352262020111084,6.150144100189209,6.304139137268066,67535
2011-11-03,1.470173954963684,6.371510982513428,6.410009860992432,6.256014823913574,6.31376314163208,142135
2011-11-04,1.4546279907226562,6.304139137268066,6.352262020111084,6.256014823913574,6.342637062072754,56210
2011-11-07,1.4679527282714844,6.361886024475098,6.361886024475098,6.256014823913574,6.32338809967041,51015
2011-11-08,1.4812774658203125,6.419633865356445,6.448507785797119,6.342637062072754,6.400384902954102,84263
2011-11-09,1.427978515625,6.188642978668213,6.32338809967041,6.159769058227539,6.32338809967041,45820
2011-11-10,1.4301992654800415,6.198267936706543,6.294514179229736,6.169394016265869,6.2367658615112305,66600
2011-11-11,1.4524072408676147,6.294514179229736,6.352262020111084,6.294514179229736,6.304139137268066,56002
2011-11-14,1.4457443952560425,6.265639781951904,6.304139137268066,6.217516899108887,6.275265216827393,54132
2011-11-15,1.4657325744628906,6.352262020111084,6.361886024475098,6.2367658615112305,6.256014823913574,33975
2011-11-16,1.4413032531738281,6.2463908195495605,6.352262020111084,6.2367658615112305,6.275265216827393,44365
2011-11-17,1.4168740510940552,6.140520095825195,6.32338809967041,6.130895137786865,6.304139137268066,68886
2011-11-18,1.4235365390777588,6.169394016265869,6.2367658615112305,6.140520095825195,6.207891941070557,144837
2011-11-21,1.4102119207382202,6.1116461753845215,6.150144100189209,6.015398979187012,6.150144100189209,76159
2011-11-22,1.4079912900924683,6.102021217346191,6.159769058227539,6.073146820068359,6.150144100189209,53612
2011-11-23,1.3791205883026123,5.976901054382324,6.0827717781066895,5.9576520919799805,6.0827717781066895,44677
2011-11-25,1.3746789693832397,5.9576520919799805,6.015398979187012,5.919153213500977,5.919153213500977,10806
2011-11-28,1.4102119207382202,6.1116461753845215,6.169394016265869,6.063522815704346,6.092397212982178,66288
2011-11-29,1.4057703018188477,6.092397212982178,6.130895137786865,6.0827717781066895,6.121270179748535,62859
2011-11-30,1.4546279907226562,6.304139137268066,6.32338809967041,6.217516899108887,6.217516899108887,95900
2011-12-01,1.4546279907226562,6.304139137268066,6.361886024475098,6.294514179229736,6.31376314163208,110342
2011-12-02,1.4612902402877808,6.33301305770874,6.410009860992432,6.32338809967041,6.400384902954102,105666
2011-12-05,1.483498454093933,6.429258823394775,6.467757225036621,6.361886024475098,6.361886024475098,172994
2011-12-06,1.5079271793365479,6.535130023956299,6.5928778648376465,6.3907599449157715,6.448507785797119,142759
2011-12-07,1.5168105363845825,6.573627948760986,6.61212682723999,6.448507785797119,6.544754981994629,205202
2011-12-08,1.474615454673767,6.3907599449157715,6.573627948760986,6.3907599449157715,6.573627948760986,148369
2011-12-09,1.4885048866271973,6.188642978668213,6.2463908195495605,6.092397212982178,6.198267936706543,155019
2011-12-12,1.4699853658676147,6.1116461753845215,6.150144100189209,6.063522815704346,6.121270179748535,93822
2011-12-13,1.4422056674957275,5.996150016784668,6.188642978668213,5.976901054382324,6.159769058227539,83847
2011-12-14,1.4167416095733643,5.8902788162231445,6.025023937225342,5.871029853820801,6.005774974822998,104731
2011-12-15,1.4144266843795776,5.8806538581848145,5.967276096343994,5.851780891418457,5.909527778625488,52677
2011-12-16,1.4190568923950195,5.899903774261475,5.93840217590332,5.871029853820801,5.928778171539307,82912
2011-12-19,1.4121119976043701,5.871029853820801,5.967276096343994,5.842155933380127,5.94802713394165,122914
2011-12-20,1.4537805318832397,6.0442728996276855,6.0442728996276855,5.909527778625488,5.909527778625488,162604
2011-12-21,1.4468356370925903,6.015398979187012,6.0442728996276855,5.967276096343994,6.0442728996276855,65457
2011-12-22,1.4723000526428223,6.121270179748535,6.130895137786865,6.034648895263672,6.034648895263672,60989
2011-12-23,1.465355396270752,6.092397212982178,6.198267936706543,5.928778171539307,6.121270179748535,64730
2011-12-27,1.4537805318832397,6.0442728996276855,6.121270179748535,6.034648895263672,6.034648895263672,92471
2011-12-28,1.4306316375732422,5.94802713394165,6.073146820068359,5.919153213500977,6.063522815704346,106705
2011-12-29,1.4398912191390991,5.986526012420654,6.025023937225342,5.967276096343994,5.967276096343994,96108
2011-12-30,1.4422056674957275,5.996150016784668,6.015398979187012,5.9576520919799805,5.9576520919799805,60262
2012-01-03,1.4838746786117554,6.169394016265869,6.169394016265869,6.092397212982178,6.092397212982178,90601
2012-01-04,1.4861899614334106,6.179018020629883,6.198267936706543,6.102021217346191,6.1116461753845215,25663
2012-01-05,1.5070239305496216,6.265639781951904,6.304139137268066,6.159769058227539,6.188642978668213,41872
2012-01-06,1.5162838697433472,6.304139137268066,6.342637062072754,6.2367658615112305,6.284889221191406,59846
2012-01-09,1.5185993909835815,6.31376314163208,6.371510982513428,6.284889221191406,6.371510982513428,53820
2012-01-10,1.5324890613555908,6.371510982513428,6.381135940551758,6.32338809967041,6.33301305770874,60470
2012-01-11,1.5301737785339355,6.361886024475098,6.371510982513428,6.32338809967041,6.342637062072754,28053
2012-01-12,1.5278593301773071,6.352262020111084,6.400384902954102,6.342637062072754,6.400384902954102,25767
2012-01-13,1.5278593301773071,6.352262020111084,6.400384902954102,6.31376314163208,6.361886024475098,33352
2012-01-17,1.5278593301773071,6.352262020111084,6.458133220672607,6.352262020111084,6.458133220672607,25663
2012-01-18,1.5324890613555908,6.371510982513428,6.410009860992432,6.371510982513428,6.3907599449157715,40729
2012-01-19,1.546378254890442,6.429258823394775,6.4388837814331055,6.371510982513428,6.371510982513428,32001
2012-01-20,1.551007628440857,6.448507785797119,6.467757225036621,6.381135940551758,6.381135940551758,40002
2012-01-23,1.551007628440857,6.448507785797119,6.487007141113281,6.3907599449157715,6.410009860992432,55690
2012-01-24,1.5417484045028687,6.410009860992432,6.4388837814331055,6.400384902954102,6.4388837814331055,37092
2012-01-25,1.5556375980377197,6.467757225036621,6.487007141113281,6.381135940551758,6.410009860992432,34910
2012-01-26,1.560267686843872,6.487007141113281,6.515881061553955,6.458133220672607,6.458133220672607,36677
2012-01-27,1.55332350730896,6.458133220672607,6.515881061553955,6.4388837814331055,6.515881061553955,47586
2012-01-30,1.569527506828308,6.525505065917969,6.525505065917969,6.400384902954102,6.448507785797119,34703
2012-01-31,1.5648977756500244,6.506256103515625,6.554378986358643,6.477382183074951,6.535130023956299,37820
2012-02-01,1.578787088394165,6.564003944396973,6.5928778648376465,6.535130023956299,6.554378986358643,38131
2012-02-02,1.5880471467971802,6.60250186920166,6.641001224517822,6.544754981994629,6.544754981994629,72834
2012-02-03,1.6181409358978271,6.727622985839844,6.7468719482421875,6.650626182556152,6.650626182556152,249983
2012-02-06,1.6181409358978271,6.727622985839844,6.756496906280518,6.68912410736084,6.756496906280518,75328
2012-02-07,1.6227704286575317,6.7468719482421875,6.7468719482421875,6.69874906539917,6.727622985839844,19325
2012-02-08,1.6366605758666992,6.804619789123535,6.814243793487549,6.737246990203857,6.7468719482421875,82185
2012-02-09,1.6274012327194214,6.766120910644531,6.823869228363037,6.756496906280518,6.823869228363037,54340
2012-02-10,1.613511085510254,6.708373069763184,6.794994831085205,6.69874906539917,6.766120910644531,52989
2012-02-13,1.6274012327194214,6.766120910644531,6.804619789123535,6.737246990203857,6.804619789123535,41144
2012-02-14,1.6111966371536255,6.69874906539917,6.756496906280518,6.68912410736084,6.756496906280518,49872
2012-02-15,1.6181409358978271,6.727622985839844,6.775745868682861,6.708373069763184,6.708373069763184,40313
2012-02-16,1.6366605758666992,6.804619789123535,6.814243793487549,6.708373069763184,6.708373069763184,52158
2012-02-17,1.6320308446884155,6.785370826721191,6.823869228363037,6.775745868682861,6.804619789123535,72938
2012-02-21,1.6505504846572876,6.862368106842041,6.910490989685059,6.833494186401367,6.852743148803711,94757
2012-02-22,1.643606424331665,6.833494186401367,6.871992111206055,6.823869228363037,6.852743148803711,102238
2012-02-23,1.643606424331665,6.833494186401367,6.852743148803711,6.804619789123535,6.843118190765381,87380
2012-02-24,1.6667548418045044,6.929739952087402,6.929739952087402,6.871992111206055,6.881617069244385,81977
2012-02-27,1.6690702438354492,6.939364910125732,6.968238830566406,6.852743148803711,6.939364910125732,81250
2012-02-28,1.6713846921920776,6.948988914489746,6.958613872528076,6.920114994049072,6.929739952087402,75951
2012-02-29,1.6644395589828491,6.920114994049072,6.958613872528076,6.920114994049072,6.958613872528076,79484
2012-03-01,1.6806448698043823,6.98748779296875,6.98748779296875,6.929739952087402,6.939364910125732,81042
2012-03-02,1.6713846921920776,6.948988914489746,6.997113227844238,6.891242027282715,6.997113227844238,107536
2012-03-05,1.6713846921920776,6.948988914489746,6.97786283493042,6.891242027282715,6.968238830566406,66392
2012-03-06,1.6366605758666992,6.804619789123535,6.9008660316467285,6.794994831085205,6.9008660316467285,169669
2012-03-07,1.6505504846572876,6.862368106842041,6.871992111206055,6.814243793487549,6.862368106842041,68574
2012-03-08,1.6690702438354492,6.939364910125732,6.939364910125732,6.862368106842041,6.862368106842041,70756
2012-03-09,1.6760145425796509,6.968238830566406,6.98748779296875,6.948988914489746,6.98748779296875,282192
2012-03-12,1.685274362564087,7.006737232208252,7.016362190246582,6.939364910125732,6.98748779296875,111796
2012-03-13,1.7061086893081665,7.093358993530273,7.1029839515686035,6.97786283493042,7.025987148284912,132473
2012-03-14,1.7061086893081665,6.9008660316467285,6.958613872528076,6.862368106842041,6.958613872528076,84782
2012-03-15,1.7061086893081665,6.9008660316467285,6.9008660316467285,6.833494186401367,6.9008660316467285,94133
2012-03-16,1.701350212097168,6.881617069244385,6.910490989685059,6.823869228363037,6.862368106842041,33871
2012-03-19,1.6870726346969604,6.823869228363037,6.881617069244385,6.794994831085205,6.814243793487549,100056
2012-03-20,1.6965911388397217,6.862368106842041,6.862368106842041,6.794994831085205,6.843118190765381,39794
2012-03-21,1.689453125,6.833494186401367,6.862368106842041,6.823869228363037,6.862368106842041,28780
2012-03-22,1.6942112445831299,6.852743148803711,6.852743148803711,6.794994831085205,6.833494186401367,37924
2012-03-23,1.7061086893081665,6.9008660316467285,6.9008660316467285,6.862368106842041,6.881617069244385,62132
2012-03-26,1.7251445055007935,6.97786283493042,7.006737232208252,6.910490989685059,7.006737232208252,116056
2012-03-27,1.7251445055007935,6.97786283493042,6.997113227844238,6.958613872528076,6.997113227844238,67847
2012-03-28,1.722765326499939,6.968238830566406,6.97786283493042,6.929739952087402,6.958613872528076,58807
2012-03-29,1.713247537612915,6.929739952087402,6.948988914489746,6.891242027282715,6.9008660316467285,17767
2012-03-30,1.722765326499939,6.968238830566406,6.98748779296875,6.929739952087402,6.929739952087402,59327
2012-04-02,1.7299044132232666,6.997113227844238,7.016362190246582,6.939364910125732,6.968238830566406,59535
2012-04-03,1.7322832345962524,7.006737232208252,7.016362190246582,6.958613872528076,6.997113227844238,40105
2012-04-04,1.7084888219833374,6.910490989685059,6.929739952087402,6.852743148803711,6.929739952087402,40105
2012-04-05,1.6942112445831299,6.852743148803711,6.910490989685059,6.833494186401367,6.833494186401367,61197
2012-04-09,1.6846935749053955,6.814243793487549,6.843118190765381,6.804619789123535,6.843118190765381,49976
2012-04-10,1.663277268409729,6.727622985839844,6.862368106842041,6.717998027801514,6.814243793487549,88315
2012-04-11,1.6656571626663208,6.737246990203857,6.766120910644531,6.69874906539917,6.756496906280518,51015
2012-04-12,1.6823134422302246,6.804619789123535,6.804619789123535,6.717998027801514,6.717998027801514,60054
2012-04-13,1.6680359840393066,6.7468719482421875,6.785370826721191,6.737246990203857,6.785370826721191,20261
2012-04-16,1.6608985662460327,6.717998027801514,6.794994831085205,6.717998027801514,6.794994831085205,24209
2012-04-17,1.677554965019226,6.785370826721191,6.833494186401367,6.756496906280518,6.775745868682861,30858
2012-04-18,1.6704157590866089,6.756496906280518,6.794994831085205,6.756496906280518,6.785370826721191,23066
2012-04-19,1.6608985662460327,6.717998027801514,6.794994831085205,6.717998027801514,6.794994831085205,31274
2012-04-20,1.6561392545700073,6.69874906539917,6.804619789123535,6.69874906539917,6.727622985839844,49976
2012-04-23,1.6442413330078125,6.650626182556152,6.68912410736084,6.60250186920166,6.68912410736084,79691
2012-04-24,1.6371030807495117,6.62175178527832,6.68912410736084,6.62175178527832,6.68912410736084,76367
2012-04-25,1.6608985662460327,6.717998027801514,6.7468719482421875,6.631375789642334,6.641001224517822,46755
2012-04-26,1.6823134422302246,6.804619789123535,6.804619789123535,6.717998027801514,6.717998027801514,33768
2012-04-27,1.6823134422302246,6.804619789123535,6.852743148803711,6.756496906280518,6.852743148803711,65353
2012-04-30,1.677554965019226,6.785370826721191,6.814243793487549,6.737246990203857,6.737246990203857,22858
2012-05-01,1.701350212097168,6.881617069244385,6.910490989685059,6.794994831085205,6.794994831085205,42495
2012-05-02,1.7108676433563232,6.920114994049072,6.939364910125732,6.804619789123535,6.862368106842041,74808
2012-05-03,1.7061086893081665,6.9008660316467285,6.97786283493042,6.871992111206055,6.948988914489746,31170
2012-05-04,1.6846935749053955,6.814243793487549,6.920114994049072,6.804619789123535,6.920114994049072,52781
2012-05-07,1.6846935749053955,6.814243793487549,6.833494186401367,6.775745868682861,6.785370826721191,41560
2012-05-08,1.6751747131347656,6.775745868682861,6.804619789123535,6.68912410736084,6.804619789123535,49353
2012-05-09,1.6704157590866089,6.756496906280518,6.756496906280518,6.669875144958496,6.756496906280518,47794
2012-05-10,1.6656571626663208,6.737246990203857,6.823869228363037,6.717998027801514,6.823869228363037,37508
2012-05-11,1.65851891040802,6.708373069763184,6.794994831085205,6.708373069763184,6.756496906280518,18702
2012-05-14,1.6394829750061035,6.631375789642334,6.708373069763184,6.62175178527832,6.679500102996826,66912
2012-05-15,1.622826337814331,6.564003944396973,6.631375789642334,6.515881061553955,6.631375789642334,93510
2012-05-16,1.6085492372512817,6.506256103515625,6.61212682723999,6.496631145477295,6.61212682723999,51015
2012-05-17,1.575236439704895,6.371510982513428,6.496631145477295,6.256014823913574,6.496631145477295,55067
2012-05-18,1.5371640920639038,6.217516899108887,6.400384902954102,6.198267936706543,6.400384902954102,65977
2012-05-21,1.5728565454483032,6.361886024475098,6.371510982513428,6.179018020629883,6.179018020629883,28157
2012-05-22,1.5799949169158936,6.3907599449157715,6.419633865356445,6.352262020111084,6.419633865356445,46755
2012-05-23,1.5680969953536987,6.342637062072754,6.371510982513428,6.275265216827393,6.304139137268066,69613
2012-05-24,1.5799949169158936,6.3907599449157715,6.400384902954102,6.32338809967041,6.352262020111084,44885
2012-05-25,1.5799949169158936,6.3907599449157715,6.419633865356445,6.352262020111084,6.352262020111084,44781
2012-05-29,1.6037901639938354,6.487007141113281,6.496631145477295,6.410009860992432,6.419633865356445,52262
2012-05-30,1.5823745727539062,6.400384902954102,6.448507785797119,6.3907599449157715,6.448507785797119,67431
2012-05-31,1.5728565454483032,6.361886024475098,6.400384902954102,6.32338809967041,6.400384902954102,66600
2012-06-01,1.5419223308563232,6.2367658615112305,6.284889221191406,6.217516899108887,6.256014823913574,57041
2012-06-04,1.5419223308563232,6.2367658615112305,6.304139137268066,6.159769058227539,6.2271409034729,63067
2012-06-05,1.5490610599517822,6.265639781951904,6.304139137268066,6.207891941070557,6.2271409034729,30027
2012-06-06,1.5918922424316406,6.4388837814331055,6.467757225036621,6.352262020111084,6.352262020111084,26079
2012-06-07,1.5966520309448242,6.458133220672607,6.544754981994629,6.448507785797119,6.544754981994629,28157
2012-06-08,1.6037901639938354,6.487007141113281,6.506256103515625,6.419633865356445,6.477382183074951,32832
2012-06-11,1.5966520309448242,6.458133220672607,6.641001224517822,6.448507785797119,6.641001224517822,62548
2012-06-12,1.6014105081558228,6.477382183074951,6.515881061553955,6.4388837814331055,6.448507785797119,71899
2012-06-13,1.601410984992981,6.284889221191406,6.33301305770874,6.2463908195495605,6.2463908195495605,36365
2012-06-14,1.6112200021743774,6.32338809967041,6.3907599449157715,6.2271409034729,6.31376314163208,53405
2012-06-15,1.6283867359161377,6.3907599449157715,6.400384902954102,6.294514179229736,6.371510982513428,109614
2012-06-18,1.625934362411499,6.381135940551758,6.400384902954102,6.32338809967041,6.400384902954102,62340
2012-06-19,1.6381962299346924,6.429258823394775,6.477382183074951,6.32338809967041,6.3907599449157715,52158
2012-06-20,1.6529110670089722,6.487007141113281,6.487007141113281,6.381135940551758,6.381135940551758,60470
2012-06-21,1.6381962299346924,6.429258823394775,6.554378986358643,6.3907599449157715,6.506256103515625,43742
2012-06-22,1.6406488418579102,6.4388837814331055,6.535130023956299,6.3907599449157715,6.467757225036621,82497
2012-06-25,1.6357436180114746,6.419633865356445,6.458133220672607,6.361886024475098,6.458133220672607,97043
2012-06-26,1.6455539464950562,6.458133220672607,6.496631145477295,6.381135940551758,6.419633865356445,88315
2012-06-27,1.6921484470367432,6.641001224517822,6.641001224517822,6.410009860992432,6.4388837814331055,93406
2012-06-28,1.6725300550460815,6.564003944396973,6.641001224517822,6.515881061553955,6.62175178527832,36365
2012-06-29,1.6995065212249756,6.669875144958496,6.679500102996826,6.61212682723999,6.660250186920166,64834
2012-07-02,1.714220404624939,6.727622985839844,6.727622985839844,6.641001224517822,6.717998027801514,35118
2012-07-03,1.7338396310806274,6.804619789123535,6.804619789123535,6.68912410736084,6.737246990203857,18079
2012-07-05,1.731386661529541,6.794994831085205,6.804619789123535,6.68912410736084,6.737246990203857,15689
2012-07-06,1.7166730165481567,6.737246990203857,6.794994831085205,6.641001224517822,6.794994831085205,22027
2012-07-09,1.711768627166748,6.717998027801514,6.7468719482421875,6.669875144958496,6.737246990203857,29611
2012-07-10,1.7240301370620728,6.766120910644531,6.766120910644531,6.69874906539917,6.717998027801514,51950
2012-07-11,1.7166730165481567,6.737246990203857,6.7468719482421875,6.660250186920166,6.737246990203857,33352
2012-07-12,1.714220404624939,6.727622985839844,6.737246990203857,6.641001224517822,6.669875144958496,31378
2012-07-13,1.7191245555877686,6.7468719482421875,6.804619789123535,6.717998027801514,6.717998027801514,35534
2012-07-16,1.7289351224899292,6.785370826721191,6.785370826721191,6.727622985839844,6.7468719482421875,32417
2012-07-17,1.7436491250991821,6.843118190765381,6.843118190765381,6.737246990203857,6.775745868682861,60470
2012-07-18,1.7510069608688354,6.871992111206055,6.871992111206055,6.794994831085205,6.833494186401367,77613
2012-07-19,1.748553991317749,6.862368106842041,6.910490989685059,6.823869228363037,6.833494186401367,39794
2012-07-20,1.7436491250991821,6.843118190765381,6.891242027282715,6.804619789123535,6.871992111206055,26391
2012-07-23,1.7461017370224,6.852743148803711,6.881617069244385,6.717998027801514,6.717998027801514,35949
2012-07-24,1.7166730165481567,6.737246990203857,6.871992111206055,6.708373069763184,6.871992111206055,48002
2012-07-25,1.711768627166748,6.717998027801514,6.766120910644531,6.641001224517822,6.68912410736084,54444
2012-07-26,1.7411973476409912,6.833494186401367,6.852743148803711,6.727622985839844,6.737246990203857,26598
2012-07-27,1.7534587383270264,6.881617069244385,6.920114994049072,6.804619789123535,6.833494186401367,34287
2012-07-30,1.7583636045455933,6.9008660316467285,6.920114994049072,6.833494186401367,6.833494186401367,24209
2012-07-31,1.7534587383270264,6.881617069244385,6.9008660316467285,6.852743148803711,6.881617069244385,37196
2012-08-01,1.7559114694595337,6.891242027282715,6.939364910125732,6.814243793487549,6.939364910125732,76782
2012-08-02,1.7559114694595337,6.891242027282715,6.929739952087402,6.833494186401367,6.891242027282715,55067
2012-08-03,1.7681735754013062,6.939364910125732,6.939364910125732,6.862368106842041,6.939364910125732,34287
2012-08-06,1.7681735754013062,6.939364910125732,6.968238830566406,6.891242027282715,6.939364910125732,37716
2012-08-07,1.7730779647827148,6.958613872528076,7.006737232208252,6.881617069244385,6.98748779296875,107017
2012-08-08,1.7828876972198486,6.997113227844238,7.016362190246582,6.968238830566406,7.016362190246582,57561
2012-08-09,1.7926970720291138,7.035611152648926,7.045236110687256,6.98748779296875,7.006737232208252,62340
2012-08-10,1.8000543117523193,7.0644850730896,7.07411003112793,7.035611152648926,7.035611152648926,29611
2012-08-13,1.8025065660476685,7.07411003112793,7.07411003112793,7.035611152648926,7.0644850730896,32936
2012-08-14,1.8098639249801636,7.1029839515686035,7.112607955932617,7.0644850730896,7.1029839515686035,40729
2012-08-15,1.807411789894104,7.093358993530273,7.122232913970947,7.0644850730896,7.093358993530273,42599
2012-08-16,1.807411789894104,7.093358993530273,7.1029839515686035,7.0644850730896,7.1029839515686035,69301
2012-08-17,1.8025065660476685,7.07411003112793,7.093358993530273,7.0644850730896,7.083734035491943,26702
2012-08-20,1.8000543117523193,7.0644850730896,7.07411003112793,7.045236110687256,7.0548601150512695,29715
2012-08-21,1.8049585819244385,7.083734035491943,7.122232913970947,7.045236110687256,7.122232913970947,50495
2012-08-22,1.8025065660476685,7.07411003112793,7.093358993530273,7.0548601150512695,7.093358993530273,45820
2012-08-23,1.785339593887329,7.006737232208252,7.07411003112793,6.97786283493042,7.07411003112793,60054
2012-08-24,1.7976019382476807,7.0548601150512695,7.0548601150512695,7.006737232208252,7.016362190246582,23481
2012-08-27,1.7926970720291138,7.035611152648926,7.0644850730896,7.035611152648926,7.035611152648926,53820
2012-08-28,1.8000543117523193,7.0644850730896,7.07411003112793,7.035611152648926,7.0548601150512695,30443
2012-08-29,1.8123165369033813,7.112607955932617,7.122232913970947,7.045236110687256,7.045236110687256,44261
2012-08-30,1.8098639249801636,7.1029839515686035,7.122232913970947,7.045236110687256,7.112607955932617,43638
2012-08-31,1.8270303010940552,7.170355796813965,7.179981231689453,7.1029839515686035,7.141481876373291,63898
2012-09-04,1.8196732997894287,7.141481876373291,7.179981231689453,7.093358993530273,7.179981231689453,44781
2012-09-05,1.8270303010940552,7.170355796813965,7.179981231689453,7.122232913970947,7.131857872009277,47067
2012-09-06,1.8491015434265137,7.2569780349731445,7.2569780349731445,7.170355796813965,7.179981231689453,80315
2012-09-07,1.856459379196167,7.285851955413818,7.285851955413818,7.2569780349731445,7.285851955413818,23481
2012-09-10,1.8540067672729492,7.276226997375488,7.295475959777832,7.2473530769348145,7.276226997375488,56833
2012-09-11,1.8662687540054321,7.324349880218506,7.324349880218506,7.276226997375488,7.295475959777832,43534
2012-09-12,1.873824119567871,7.160730838775635,7.199230194091797,7.151106834411621,7.199230194091797,76470
2012-09-13,1.8914549350738525,7.228104114532471,7.2569780349731445,7.151106834411621,7.160730838775635,54651
2012-09-14,1.8990099430084229,7.2569780349731445,7.324349880218506,7.218479156494141,7.218479156494141,30754
2012-09-17,1.8990099430084229,7.2569780349731445,7.276226997375488,7.189605236053467,7.276226997375488,84575
2012-09-18,1.9116029739379883,7.305100917816162,7.305100917816162,7.2569780349731445,7.266602993011475,71587
2012-09-19,1.9267147779464722,7.362849235534668,7.372474193572998,7.324349880218506,7.343599796295166,67119
2012-09-20,1.9342707395553589,7.391723155975342,7.391723155975342,7.285851955413818,7.314725875854492,65665
2012-09-21,1.9367890357971191,7.4013471603393555,7.420597076416016,7.333974838256836,7.391723155975342,81042
2012-09-24,1.9418264627456665,7.420597076416016,7.4494709968566895,7.391723155975342,7.4494709968566895,154811
2012-09-25,1.954419732093811,7.468719959259033,7.478344917297363,7.4109721183776855,7.4109721183776855,153253
2012-09-26,1.9443449974060059,7.430221080780029,7.487968921661377,7.391723155975342,7.487968921661377,83536
2012-09-27,1.9670121669769287,7.516842842102051,7.526467800140381,7.439846038818359,7.478344917297363,77198
2012-09-28,1.982123851776123,7.574591159820557,7.574591159820557,7.4494709968566895,7.468719959259033,97458
2012-10-01,1.9569376707077026,7.478344917297363,7.632339000701904,7.459095001220703,7.6034650802612305,130187
2012-10-02,1.9443449974060059,7.430221080780029,7.555342197418213,7.4013471603393555,7.555342197418213,81769
2012-10-03,1.9468642473220825,7.439846038818359,7.507217884063721,7.430221080780029,7.478344917297363,84367
2012-10-04,1.9619745016098022,7.497593879699707,7.516842842102051,7.459095001220703,7.507217884063721,42599
2012-10-05,1.97456693649292,7.545716762542725,7.5938401222229,7.516842842102051,7.564966201782227,68574
2012-10-08,1.9644936323165894,7.507217884063721,7.564966201782227,7.468719959259033,7.564966201782227,42703
2012-10-09,1.9418264627456665,7.420597076416016,7.555342197418213,7.4109721183776855,7.555342197418213,43430
2012-10-10,1.9292339086532593,7.372474193572998,7.420597076416016,7.333974838256836,7.391723155975342,68158
2012-10-11,1.93175208568573,7.382098197937012,7.430221080780029,7.35322380065918,7.382098197937012,71587
2012-10-12,1.9267147779464722,7.362849235534668,7.4109721183776855,7.343599796295166,7.4013471603393555,57457
2012-10-15,1.9367890357971191,7.4013471603393555,7.439846038818359,7.362849235534668,7.4013471603393555,66912
2012-10-16,1.9367890357971191,7.4013471603393555,7.478344917297363,7.391723155975342,7.4013471603393555,69717
2012-10-17,1.9519007205963135,7.459095001220703,7.487968921661377,7.4109721183776855,7.4494709968566895,46651
2012-10-18,1.954419732093811,7.468719959259033,7.468719959259033,7.4494709968566895,7.468719959259033,44677
2012-10-19,1.9418264627456665,7.420597076416016,7.516842842102051,7.4013471603393555,7.516842842102051,68990
2012-10-22,1.9393075704574585,7.4109721183776855,7.459095001220703,7.362849235534668,7.459095001220703,52573
2012-10-23,1.93175208568573,7.382098197937012,7.4109721183776855,7.314725875854492,7.4109721183776855,63898
2012-10-24,1.9418264627456665,7.420597076416016,7.430221080780029,7.382098197937012,7.430221080780029,99640
2012-10-25,1.9468642473220825,7.439846038818359,7.459095001220703,7.362849235534668,7.459095001220703,171331
2012-10-26,1.9468642473220825,7.439846038818359,7.507217884063721,7.372474193572998,7.439846038818359,51327
2012-10-31,1.9216774702072144,7.343599796295166,7.430221080780029,7.333974838256836,7.430221080780029,67535
2012-11-01,1.9443449974060059,7.430221080780029,7.459095001220703,7.35322380065918,7.4109721183776855,85718
2012-11-02,1.9342707395553589,7.391723155975342,7.478344917297363,7.333974838256836,7.478344917297363,27222
2012-11-05,1.93175208568573,7.382098197937012,7.420597076416016,7.343599796295166,7.4013471603393555,51742
2012-11-06,1.9292339086532593,7.372474193572998,7.439846038818359,7.333974838256836,7.430221080780029,50184
2012-11-07,1.9065662622451782,7.285851955413818,7.382098197937012,7.170355796813965,7.343599796295166,165928
2012-11-08,1.8864173889160156,7.208855152130127,7.305100917816162,7.189605236053467,7.305100917816162,36781
2012-11-09,1.873824119567871,7.160730838775635,7.2569780349731445,7.093358993530273,7.160730838775635,45404
2012-11-12,1.876342535018921,7.170355796813965,7.2569780349731445,7.160730838775635,7.218479156494141,64418
2012-11-13,1.873824119567871,7.160730838775635,7.218479156494141,7.151106834411621,7.160730838775635,36781
2012-11-14,1.8007854223251343,6.881617069244385,7.208855152130127,6.871992111206055,7.208855152130127,128005
2012-11-15,1.7201908826828003,6.573627948760986,6.843118190765381,6.506256103515625,6.823869228363037,158759
2012-11-16,1.7705626487731934,6.766120910644531,6.785370826721191,6.5928778648376465,6.62175178527832,83536
2012-11-19,1.8385645151138306,7.025987148284912,7.045236110687256,6.891242027282715,6.9008660316467285,83847
2012-11-20,1.843601942062378,7.045236110687256,7.083734035491943,6.98748779296875,7.083734035491943,49872
2012-11-21,1.8587137460708618,7.1029839515686035,7.160730838775635,7.0548601150512695,7.112607955932617,80315
2012-11-23,1.873824119567871,7.160730838775635,7.266602993011475,7.141481876373291,7.218479156494141,37196
2012-11-26,1.878861665725708,7.179981231689453,7.218479156494141,7.151106834411621,7.199230194091797,63171
2012-11-27,1.873824119567871,7.160730838775635,7.208855152130127,7.160730838775635,7.208855152130127,60158
2012-11-28,1.8939735889434814,7.237729072570801,7.237729072570801,7.160730838775635,7.199230194091797,68470
2012-11-29,1.9141221046447754,7.314725875854492,7.324349880218506,7.276226997375488,7.314725875854492,83328
2012-11-30,1.9342707395553589,7.391723155975342,7.391723155975342,7.333974838256836,7.362849235534668,62652
2012-12-03,1.9468642473220825,7.439846038818359,7.459095001220703,7.4109721183776855,7.459095001220703,101199
2012-12-04,1.949381947517395,7.4494709968566895,7.497593879699707,7.4109721183776855,7.497593879699707,72314
2012-12-05,1.9393075704574585,7.4109721183776855,7.468719959259033,7.362849235534668,7.468719959259033,295492
2012-12-06,1.9468642473220825,7.439846038818359,7.4494709968566895,7.333974838256836,7.382098197937012,170604
2012-12-07,1.97456693649292,7.545716762542725,7.545716762542725,7.4494709968566895,7.497593879699707,88523
2012-12-10,1.9720489978790283,7.5360918045043945,7.584216117858887,7.507217884063721,7.545716762542725,68678
2012-12-11,1.9720489978790283,7.5360918045043945,7.5938401222229,7.526467800140381,7.5360918045043945,147538
2012-12-12,1.9927266836166382,7.420597076416016,7.430221080780029,7.343599796295166,7.430221080780029,112212
2012-12-13,1.9901413917541504,7.4109721183776855,7.430221080780029,7.372474193572998,7.372474193572998,69925
2012-12-14,1.9953110218048096,7.430221080780029,7.516842842102051,7.391723155975342,7.4109721183776855,52885
2012-12-17,2.0134024620056152,7.497593879699707,7.497593879699707,7.4494709968566895,7.459095001220703,65561
2012-12-18,2.0314950942993164,7.564966201782227,7.574591159820557,7.459095001220703,7.497593879699707,80938
2012-12-19,2.039248466491699,7.5938401222229,7.6034650802612305,7.5360918045043945,7.574591159820557,88627
2012-12-20,2.0470025539398193,7.622714042663574,7.622714042663574,7.574591159820557,7.622714042663574,63067
2012-12-21,2.0547568798065186,7.651587963104248,7.651587963104248,7.5360918045043945,7.5938401222229,147019
2012-12-24,2.0366644859313965,7.584216117858887,7.651587963104248,7.516842842102051,7.651587963104248,62756
2012-12-26,2.0056493282318115,7.468719959259033,7.632339000701904,7.4013471603393555,7.632339000701904,132680
2012-12-27,2.0108180046081543,7.487968921661377,7.526467800140381,7.4109721183776855,7.468719959259033,39690
2012-12-28,2.000479221343994,7.4494709968566895,7.555342197418213,7.4109721183776855,7.487968921661377,66288
2012-12-31,2.0289106369018555,7.555342197418213,7.555342197418213,7.4109721183776855,7.4494709968566895,64626
2013-01-02,2.0857720375061035,7.767084121704102,7.767084121704102,7.584216117858887,7.5938401222229,191280
2013-01-03,2.0883560180664062,7.776708126068115,7.815207004547119,7.709335803985596,7.747834205627441,68678
2013-01-04,2.114201784133911,7.872954845428467,7.872954845428467,7.776708126068115,7.824831962585449,92783
2013-01-07,2.1374640464782715,7.9595770835876465,7.9595770835876465,7.824831962585449,7.872954845428467,139330
2013-01-08,2.1322944164276123,7.940327167510986,7.998075008392334,7.853704929351807,7.998075008392334,98913
2013-01-09,2.145216941833496,7.988450050354004,8.017324447631836,7.940327167510986,7.9595770835876465,81458
2013-01-10,2.1633095741271973,8.05582332611084,8.065447807312012,7.998075008392334,8.065447807312012,130498
2013-01-11,2.17106294631958,8.084696769714355,8.084696769714355,8.007699966430664,8.046197891235352,83847
2013-01-14,2.1658942699432373,8.065447807312012,8.084696769714355,8.026948928833008,8.084696769714355,90185
2013-01-15,2.1633095741271973,8.05582332611084,8.075072288513184,8.007699966430664,8.026948928833008,71172
2013-01-16,2.1581406593322754,8.036574363708496,8.05582332611084,7.97882604598999,8.026948928833008,156889
2013-01-17,2.1581406593322754,8.036574363708496,8.094321250915527,7.998075008392334,8.075072288513184,131745
2013-01-18,2.173647165298462,8.094321250915527,8.094321250915527,8.017324447631836,8.075072288513184,93302
2013-01-22,2.17106294631958,8.084696769714355,8.152069091796875,8.046197891235352,8.123194694519043,132680
2013-01-23,2.1969096660614014,8.18094253540039,8.18094253540039,8.084696769714355,8.142444610595703,59742
2013-01-24,2.1943252086639404,8.171319007873535,8.20019245147705,8.152069091796875,8.18094253540039,78029
2013-01-25,2.1994943618774414,8.190567970275879,8.219442367553711,8.152069091796875,8.190567970275879,72003
2013-01-28,2.204662799835205,8.209816932678223,8.219442367553711,8.18094253540039,8.209816932678223,70029
2013-01-29,2.209831953048706,8.229065895080566,8.277190208435059,8.20019245147705,8.20019245147705,52158
2013-01-30,2.209831953048706,8.229065895080566,8.248315811157227,8.20019245147705,8.238691329956055,59223
2013-01-31,2.212416410446167,8.238691329956055,8.248315811157227,8.18094253540039,8.248315811157227,82289
2013-02-01,2.248601198196411,8.373435974121094,8.373435974121094,8.257940292358398,8.277190208435059,68158
2013-02-04,2.2511863708496094,8.383061408996582,8.402310371398926,8.33493709564209,8.402310371398926,80315
2013-02-05,2.261523962020874,8.42155933380127,8.450432777404785,8.383061408996582,8.392684936523438,80419
2013-02-06,2.274446725845337,8.469681739807129,8.508180618286133,8.392684936523438,8.450432777404785,104731
2013-02-07,2.2537708282470703,8.392684936523438,8.488931655883789,8.373435974121094,8.488931655883789,57872
2013-02-08,2.277031660079956,8.479307174682617,8.479307174682617,8.402310371398926,8.411934852600098,67327
2013-02-11,2.297708749771118,8.556303977966309,8.565929412841797,8.469681739807129,8.527429580688477,112731
2013-02-12,2.3209707736968994,8.642926216125488,8.642926216125488,8.556303977966309,8.63330078125,85718
2013-02-13,2.3209707736968994,8.642926216125488,8.662175178527832,8.614051818847656,8.662175178527832,62963
2013-02-14,2.261523962020874,8.42155933380127,8.662175178527832,8.325312614440918,8.662175178527832,256321
2013-02-15,2.282201051712036,8.498556137084961,8.537055015563965,8.431183815002441,8.469681739807129,79068
2013-02-19,2.313215970993042,8.614051818847656,8.614051818847656,8.556303977966309,8.575552940368652,156162
2013-02-20,2.269277334213257,8.450432777404785,8.63330078125,8.450432777404785,8.63330078125,108368
2013-02-21,2.2563552856445312,8.402310371398926,8.42155933380127,8.344561576843262,8.363810539245605,113355
2013-02-22,2.271862506866455,8.460058212280273,8.469681739807129,8.383061408996582,8.450432777404785,62132
2013-02-25,2.230508804321289,8.306063652038574,8.517806053161621,8.306063652038574,8.469681739807129,121251
2013-02-26,2.243431806564331,8.35418701171875,8.363810539245605,8.315688133239746,8.315688133239746,69925
2013-02-27,2.246016502380371,8.363810539245605,8.402310371398926,8.33493709564209,8.402310371398926,129459
2013-02-28,2.2537708282470703,8.392684936523438,8.431183815002441,8.35418701171875,8.35418701171875,81562
2013-03-01,2.248601198196411,8.373435974121094,8.411934852600098,8.363810539245605,8.411934852600098,209151
2013-03-04,2.2641091346740723,8.431183815002441,8.440808296203613,8.383061408996582,8.411934852600098,103484
2013-03-05,2.284785509109497,8.508180618286133,8.565929412841797,8.469681739807129,8.508180618286133,122186
2013-03-06,2.289954900741577,8.527429580688477,8.662175178527832,8.508180618286133,8.662175178527832,84367
2013-03-07,2.289954900741577,8.527429580688477,8.537055015563965,8.498556137084961,8.527429580688477,81873
2013-03-08,2.3054628372192383,8.58517837524414,8.662175178527832,8.556303977966309,8.614051818847656,126238
2013-03-11,2.3209707736968994,8.642926216125488,8.662175178527832,8.594802856445312,8.594802856445312,112628
2013-03-12,2.3474037647247314,8.54667854309082,8.54667854309082,8.440808296203613,8.479307174682617,119901
2013-03-13,2.3368313312530518,8.508180618286133,8.594802856445312,8.488931655883789,8.594802856445312,57249
2013-03-14,2.318325996398926,8.440808296203613,8.556303977966309,8.431183815002441,8.556303977966309,103588
2013-03-15,2.315683126449585,8.431183815002441,8.488931655883789,8.411934852600098,8.488931655883789,55690
2013-03-18,2.320970296859741,8.450432777404785,8.488931655883789,8.35418701171875,8.373435974121094,80003
2013-03-19,2.313040018081665,8.42155933380127,8.488931655883789,8.344561576843262,8.488931655883789,68158
2013-03-20,2.3262569904327393,8.469681739807129,8.488931655883789,8.42155933380127,8.431183815002441,53093
2013-03-21,2.320970296859741,8.450432777404785,8.469681739807129,8.42155933380127,8.469681739807129,68574
2013-03-22,2.3236138820648193,8.460058212280273,8.54667854309082,8.450432777404785,8.527429580688477,119381
2013-03-25,2.344761848449707,8.537055015563965,8.537055015563965,8.440808296203613,8.460058212280273,89250
2013-03-26,2.350048780441284,8.556303977966309,8.58517837524414,8.517806053161621,8.527429580688477,92679
2013-03-27,2.3632655143737793,8.604427337646484,8.63330078125,8.517806053161621,8.565929412841797,51950
2013-03-28,2.3659093379974365,8.614051818847656,8.662175178527832,8.575552940368652,8.63330078125,64106
2013-04-01,2.352691411972046,8.565929412841797,8.65255069732666,8.537055015563965,8.623677253723145,156785
2013-04-02,2.350048780441284,8.556303977966309,8.604427337646484,8.537055015563965,8.54667854309082,52262
2013-04-03,2.3368313312530518,8.508180618286133,8.604427337646484,8.450432777404785,8.604427337646484,62652
2013-04-04,2.3368313312530518,8.508180618286133,8.517806053161621,8.460058212280273,8.517806053161621,49768
2013-04-05,2.342118263244629,8.527429580688477,8.527429580688477,8.392684936523438,8.42155933380127,39066
2013-04-08,2.3341875076293945,8.498556137084961,8.517806053161621,8.460058212280273,8.517806053161621,120732
2013-04-09,2.3341875076293945,8.498556137084961,8.508180618286133,8.460058212280273,8.488931655883789,80834
2013-04-10,2.3368313312530518,8.508180618286133,8.517806053161621,8.488931655883789,8.498556137084961,145044
2013-04-11,2.3368313312530518,8.508180618286133,8.517806053161621,8.488931655883789,8.517806053161621,65457
2013-04-12,2.342118263244629,8.527429580688477,8.54667854309082,8.479307174682617,8.508180618286133,142447
2013-04-15,2.3289008140563965,8.479307174682617,8.54667854309082,8.469681739807129,8.527429580688477,60262
2013-04-16,2.3341875076293945,8.498556137084961,8.537055015563965,8.460058212280273,8.527429580688477,91224
2013-04-17,2.289247512817383,8.33493709564209,8.479307174682617,8.325312614440918,8.469681739807129,64210
2013-04-18,2.2575275897979736,8.219442367553711,8.33493709564209,8.209816932678223,8.33493709564209,134551
2013-04-19,2.2654571533203125,8.248315811157227,8.277190208435059,8.20019245147705,8.209816932678223,143902
2013-04-22,2.281317949295044,8.306063652038574,8.33493709564209,8.18094253540039,8.18094253540039,76886
2013-04-23,2.3315436840057373,8.488931655883789,8.488931655883789,8.315688133239746,8.383061408996582,51534
2013-04-24,2.344761848449707,8.537055015563965,8.556303977966309,8.479307174682617,8.488931655883789,51846
2013-04-25,2.344761848449707,8.537055015563965,8.614051818847656,8.537055015563965,8.594802856445312,106290
2013-04-26,2.3632655143737793,8.604427337646484,8.604427337646484,8.537055015563965,8.565929412841797,50807
2013-04-29,2.3632655143737793,8.604427337646484,8.642926216125488,8.58517837524414,8.58517837524414,72938
2013-04-30,2.37912654876709,8.662175178527832,8.662175178527832,8.575552940368652,8.614051818847656,34287
2013-05-01,2.371196985244751,8.63330078125,8.662175178527832,8.594802856445312,8.662175178527832,46755
2013-05-02,2.3897008895874023,8.700674057006836,8.710297584533691,8.642926216125488,8.65255069732666,73457
2013-05-03,2.429352283477783,8.845043182373047,8.864293098449707,8.700674057006836,8.700674057006836,63067
2013-05-06,2.4372825622558594,8.873916625976562,8.912416458129883,8.7872953414917,8.7872953414917,70548
2013-05-07,2.4742918014526367,9.008662223815918,9.01828670501709,8.893166542053223,8.931665420532227,128940
2013-05-08,2.5007266998291016,9.10490894317627,9.10490894317627,9.01828670501709,9.027911186218262,98705
2013-05-09,2.4980831146240234,9.095284461975098,9.1626558303833,9.076034545898438,9.114533424377441,60885
2013-05-10,2.5007266998291016,9.10490894317627,9.230029106140137,8.999037742614746,9.153032302856445,101822
2013-05-13,2.529803991317749,9.210780143737793,9.210780143737793,9.124157905578613,9.153032302856445,61301
2013-05-14,2.5588834285736084,9.316651344299316,9.326274871826172,9.210780143737793,9.210780143737793,41560
2013-05-15,2.5747437477111816,9.374398231506348,9.451395988464355,9.307025909423828,9.307025909423828,59535
2013-05-16,2.6038224697113037,9.480269432067871,9.489893913269043,9.374398231506348,9.432146072387695,119173
2013-05-17,2.632899522781372,9.586140632629395,9.61501407623291,9.4706449508667,9.528392791748047,97354
2013-05-20,2.627613067626953,9.566890716552734,9.663138389587402,9.557267189025879,9.624638557434082,106913
2013-05-21,2.638186454772949,9.605389595031738,9.643888473510742,9.576516151428223,9.595765113830566,70340
2013-05-22,2.6355440616607666,9.595765113830566,9.720885276794434,9.538017272949219,9.663138389587402,129979
2013-05-23,2.659334897994995,9.682387351989746,9.682387351989746,9.307025909423828,9.451395988464355,202917
2013-05-24,2.6434738636016846,9.624638557434082,9.672761917114258,9.432146072387695,9.663138389587402,85614
2013-05-28,2.6196839809417725,9.538017272949219,9.759384155273438,9.538017272949219,9.653512954711914,185046
2013-05-29,2.5641696453094482,9.33590030670166,9.576516151428223,9.33590030670166,9.576516151428223,126342
2013-05-30,2.587961435317993,9.422521591186523,9.432146072387695,9.297401428222656,9.297401428222656,43222
2013-05-31,2.5721006393432617,9.364773750305176,9.4706449508667,9.33590030670166,9.393648147583008,66808
2013-06-03,2.561525821685791,9.326274871826172,9.412897109985352,9.287776947021484,9.412897109985352,92367
2013-06-04,2.5377347469329834,9.239653587341309,9.374398231506348,9.230029106140137,9.33590030670166,60989
2013-06-05,2.4690048694610596,8.989413261413574,9.316651344299316,8.960538864135742,9.1626558303833,100679
2013-06-06,2.479578733444214,9.027911186218262,9.095284461975098,8.864293098449707,9.056784629821777,67951
2013-06-07,2.5271620750427246,9.201154708862305,9.268527030944824,9.047161102294922,9.047161102294922,57664
2013-06-10,2.5350914001464844,9.230029106140137,9.38402271270752,9.210780143737793,9.287776947021484,57664
2013-06-11,2.5007266998291016,9.10490894317627,9.258902549743652,9.076034545898438,9.124157905578613,50495
2013-06-12,2.460216999053955,8.768046379089355,9.037535667419434,8.758421897888184,8.931665420532227,66080
2013-06-13,2.462918519973755,8.777670860290527,8.825794219970703,8.662175178527832,8.739171981811523,90913
2013-06-14,2.5250306129455566,8.999037742614746,9.076034545898438,8.768046379089355,8.768046379089355,68470
2013-06-17,2.560138702392578,9.124157905578613,9.345524787902832,9.047161102294922,9.047161102294922,109407
2013-06-18,2.584444284439087,9.210780143737793,9.278152465820312,9.191530227661133,9.191530227661133,60989
2013-06-19,2.5358331203460693,9.037535667419434,9.210780143737793,8.999037742614746,9.143406867980957,64210
2013-06-20,2.4818220138549805,8.845043182373047,9.066410064697266,8.7872953414917,9.037535667419434,100056
2013-06-21,2.5169291496276855,8.97016429901123,9.095284461975098,8.816168785095215,8.893166542053223,187436
2013-06-24,2.335991621017456,8.325312614440918,8.97016429901123,8.084696769714355,8.97016429901123,258295
2013-06-25,2.5547378063201904,9.10490894317627,9.181905746459961,8.373435974121094,8.373435974121094,159175
2013-06-26,2.552037000656128,9.095284461975098,9.201154708862305,8.989413261413574,9.143406867980957,82704
2013-06-27,2.557438611984253,9.114533424377441,9.201154708862305,8.999037742614746,9.201154708862305,60574
2013-06-28,2.5277318954467773,9.008662223815918,9.172281265258789,8.989413261413574,9.133782386779785,74081
2013-07-01,2.552037000656128,9.095284461975098,9.210780143737793,9.027911186218262,9.027911186218262,77302
2013-07-02,2.606048583984375,9.287776947021484,9.316651344299316,9.124157905578613,9.124157905578613,74808
2013-07-03,2.584444284439087,9.210780143737793,9.307025909423828,9.201154708862305,9.258902549743652,30962
2013-07-05,2.660059690475464,9.480269432067871,9.480269432067871,9.230029106140137,9.230029106140137,60678
2013-07-08,2.651958703994751,9.451395988464355,9.528392791748047,9.355149269104004,9.480269432067871,48417
2013-07-09,2.619551658630371,9.33590030670166,9.528392791748047,9.307025909423828,9.422521591186523,103900
2013-07-10,2.597946882247925,9.258902549743652,9.364773750305176,9.239653587341309,9.364773750305176,58911
2013-07-11,2.6384546756744385,9.403271675109863,9.422521591186523,9.374398231506348,9.38402271270752,80419
2013-07-12,2.660059690475464,9.480269432067871,9.480269432067871,9.355149269104004,9.451395988464355,61717
2013-07-15,2.6546590328216553,9.461020469665527,9.528392791748047,9.461020469665527,9.480269432067871,103069
2013-07-16,2.6168506145477295,9.326274871826172,9.518768310546875,9.268527030944824,9.518768310546875,185877
2013-07-17,2.6627607345581055,9.489893913269043,9.489893913269043,9.297401428222656,9.316651344299316,92471
2013-07-18,2.687065839767456,9.576516151428223,9.576516151428223,9.451395988464355,9.54764175415039,99952
2013-07-19,2.6843647956848145,9.566890716552734,9.605389595031738,9.509142875671387,9.595765113830566,29196
2013-07-22,2.687065839767456,9.576516151428223,9.624638557434082,9.538017272949219,9.61501407623291,50080
2013-07-23,2.6843647956848145,9.566890716552734,9.624638557434082,9.509142875671387,9.624638557434082,79691
2013-07-24,2.6816647052764893,9.557267189025879,9.682387351989746,9.538017272949219,9.682387351989746,66392
2013-07-25,2.678964138031006,9.54764175415039,9.595765113830566,9.509142875671387,9.557267189025879,70652
2013-07-26,2.6843647956848145,9.566890716552734,9.576516151428223,9.509142875671387,9.557267189025879,31586
2013-07-29,2.6816647052764893,9.557267189025879,9.566890716552734,9.518768310546875,9.566890716552734,38547
2013-07-30,2.687065839767456,9.576516151428223,9.586140632629395,9.54764175415039,9.566890716552734,43534
2013-07-31,2.687065839767456,9.576516151428223,9.61501407623291,9.566890716552734,9.595765113830566,39274
2013-08-01,2.705970048904419,9.643888473510742,9.692011833190918,9.576516151428223,9.576516151428223,78133
2013-08-02,2.69516658782959,9.605389595031738,9.653512954711914,9.586140632629395,9.653512954711914,64626
2013-08-05,2.705970048904419,9.643888473510742,9.653512954711914,9.595765113830566,9.653512954711914,47794
2013-08-06,2.687065839767456,9.576516151428223,9.653512954711914,9.566890716552734,9.653512954711914,105251
2013-08-07,2.6546590328216553,9.461020469665527,9.586140632629395,9.451395988464355,9.586140632629395,62236
2013-08-08,2.6654610633850098,9.499519348144531,9.605389595031738,9.480269432067871,9.480269432067871,68678
2013-08-09,2.6492578983306885,9.441770553588867,9.528392791748047,9.432146072387695,9.441770553588867,33871
2013-08-12,2.641155958175659,9.412897109985352,9.518768310546875,9.393648147583008,9.518768310546875,87380
2013-08-13,2.6546590328216553,9.461020469665527,9.461020469665527,9.412897109985352,9.432146072387695,45197
2013-08-14,2.635754346847534,9.393648147583008,9.461020469665527,9.393648147583008,9.451395988464355,13091
2013-08-15,2.552037000656128,9.095284461975098,9.393648147583008,9.095284461975098,9.38402271270752,137044
2013-08-16,2.538534164428711,9.047161102294922,9.095284461975098,8.999037742614746,9.047161102294922,45508
2013-08-19,2.4953250885009766,8.893166542053223,9.047161102294922,8.893166542053223,8.960538864135742,96835
2013-08-20,2.5169291496276855,8.97016429901123,8.979787826538086,8.873916625976562,8.873916625976562,44469
2013-08-21,2.5115292072296143,8.95091438293457,8.979787826538086,8.912416458129883,8.922039985656738,60574
2013-08-22,2.5628390312194824,9.133782386779785,9.133782386779785,8.922039985656738,8.922039985656738,60678
2013-08-23,2.565539836883545,9.143406867980957,9.172281265258789,9.114533424377441,9.114533424377441,88731
2013-08-26,2.565539836883545,9.143406867980957,9.172281265258789,9.01828670501709,9.10490894317627,61093
2013-08-27,2.5142290592193604,8.960538864135742,9.076034545898438,8.95091438293457,9.076034545898438,84471
2013-08-28,2.522331476211548,8.989413261413574,9.008662223815918,8.941289901733398,8.960538864135742,69717
2013-08-29,2.538534164428711,9.047161102294922,9.076034545898438,8.979787826538086,9.01828670501709,29508
2013-08-30,2.5196304321289062,8.979787826538086,9.08565902709961,8.960538864135742,9.08565902709961,45924
2013-09-03,2.5250306129455566,8.999037742614746,9.114533424377441,8.960538864135742,9.08565902709961,93302
2013-09-04,2.5547378063201904,9.10490894317627,9.124157905578613,9.01828670501709,9.01828670501709,64834
2013-09-05,2.5898454189300537,9.230029106140137,9.230029106140137,9.114533424377441,9.153032302856445,53716
2013-09-06,2.597946882247925,9.258902549743652,9.287776947021484,9.143406867980957,9.230029106140137,33040
2013-09-09,2.6249523162841797,9.355149269104004,9.374398231506348,9.326274871826172,9.345524787902832,86964
2013-09-10,2.6627607345581055,9.489893913269043,9.566890716552734,9.432146072387695,9.566890716552734,78964
2013-09-11,2.6762642860412598,9.538017272949219,9.54764175415039,9.499519348144531,9.538017272949219,55171
2013-09-12,2.659726142883301,9.287776947021484,9.422521591186523,9.287776947021484,9.422521591186523,62132
2013-09-13,2.662482500076294,9.297401428222656,9.326274871826172,9.268527030944824,9.326274871826172,30754
2013-09-16,2.6845321655273438,9.374398231506348,9.499519348144531,9.355149269104004,9.355149269104004,26391
2013-09-17,2.6762635707855225,9.345524787902832,9.403271675109863,9.316651344299316,9.33590030670166,49872
2013-09-18,2.7313880920410156,9.538017272949219,9.54764175415039,9.38402271270752,9.393648147583008,42703
2013-09-19,2.7424123287200928,9.576516151428223,9.576516151428223,9.412897109985352,9.528392791748047,60470
2013-09-20,2.7120935916900635,9.4706449508667,9.557267189025879,9.403271675109863,9.557267189025879,47275
2013-09-23,2.7313880920410156,9.538017272949219,9.538017272949219,9.412897109985352,9.499519348144531,63691
2013-09-24,2.7231178283691406,9.509142875671387,9.576516151428223,9.499519348144531,9.499519348144531,105666
2013-09-25,2.720362424850464,9.499519348144531,9.528392791748047,9.499519348144531,9.509142875671387,54340
2013-09-26,2.7120935916900635,9.4706449508667,9.54764175415039,9.451395988464355,9.489893913269043,76470
2013-09-27,2.7010691165924072,9.432146072387695,9.4706449508667,9.422521591186523,9.441770553588867,33456
2013-09-30,2.687288522720337,9.38402271270752,9.432146072387695,9.287776947021484,9.38402271270752,34599
2013-10-01,2.717606544494629,9.489893913269043,9.538017272949219,9.422521591186523,9.422521591186523,49456
2013-10-02,2.750680446624756,9.605389595031738,9.605389595031738,9.441770553588867,9.480269432067871,45197
2013-10-03,2.6983118057250977,9.422521591186523,9.63426399230957,9.422521591186523,9.63426399230957,81458
2013-10-04,2.7258753776550293,9.518768310546875,9.518768310546875,9.432146072387695,9.432146072387695,24105
2013-10-07,2.7010691165924072,9.432146072387695,9.499519348144531,9.412897109985352,9.461020469665527,54028
2013-10-08,2.6542139053344727,9.268527030944824,9.432146072387695,9.258902549743652,9.412897109985352,37300
2013-10-09,2.6459453105926514,9.239653587341309,9.278152465820312,9.10490894317627,9.220403671264648,87588
2013-10-10,2.6983118057250977,9.422521591186523,9.422521591186523,9.297401428222656,9.297401428222656,37404
2013-10-11,2.7341437339782715,9.54764175415039,9.557267189025879,9.432146072387695,9.451395988464355,47067
2013-10-14,2.7617061138153076,9.643888473510742,9.653512954711914,9.518768310546875,9.518768310546875,51950
2013-10-15,2.745168924331665,9.586140632629395,9.653512954711914,9.576516151428223,9.653512954711914,42703
2013-10-16,2.7617061138153076,9.643888473510742,9.682387351989746,9.586140632629395,9.586140632629395,78548
2013-10-17,2.78926682472229,9.740135192871094,9.74975872039795,9.605389595031738,9.643888473510742,62028
2013-10-18,2.8554155826568604,9.971125602722168,9.971125602722168,9.778633117675781,9.778633117675781,75016
2013-10-21,2.85817289352417,9.980751037597656,10.028874397277832,9.971125602722168,9.990374565124512,143590
2013-10-22,2.882976770401001,10.06737232208252,10.105871200561523,10.019248962402344,10.06737232208252,68366
2013-10-23,2.882976770401001,10.06737232208252,10.076996803283691,10.019248962402344,10.06737232208252,51223
2013-10-24,2.8774654865264893,10.048123359680176,10.08662223815918,10.009625434875488,10.038498878479004,46339
2013-10-25,2.888490676879883,10.08662223815918,10.08662223815918,10.019248962402344,10.019248962402344,62340
2013-10-28,2.866441011428833,10.009625434875488,10.08662223815918,10.009625434875488,10.08662223815918,48833
2013-10-29,2.866441011428833,10.009625434875488,10.028874397277832,9.980751037597656,9.980751037597656,51327
2013-10-30,2.874709367752075,10.038498878479004,10.057747840881348,9.980751037597656,10.057747840881348,64522
2013-10-31,2.833366632461548,9.894128799438477,10.019248962402344,9.894128799438477,10.019248962402344,42287
2013-11-01,2.833366632461548,9.894128799438477,9.971125602722168,9.855629920959473,9.951876640319824,53716
2013-11-04,2.844391107559204,9.93262767791748,10.048123359680176,9.894128799438477,9.91337776184082,34287
2013-11-05,2.8774654865264893,10.048123359680176,10.057747840881348,9.874879837036133,9.91337776184082,57664
2013-11-06,2.8554155826568604,9.971125602722168,10.202116966247559,9.961501121520996,10.125120162963867,47690
2013-11-07,2.7920234203338623,9.74975872039795,10.038498878479004,9.74975872039795,10.038498878479004,90497
2013-11-08,2.814072370529175,9.82675552368164,9.865255355834961,9.759384155273438,9.865255355834961,36677
2013-11-11,2.836122751235962,9.903754234313965,9.903754234313965,9.817131996154785,9.865255355834961,40002
2013-11-12,2.827853202819824,9.874879837036133,9.874879837036133,9.817131996154785,9.855629920959473,22339
2013-11-13,2.844391107559204,9.93262767791748,9.961501121520996,9.807506561279297,9.961501121520996,72003
2013-11-14,2.874709367752075,10.038498878479004,10.202116966247559,9.93262767791748,9.971125602722168,74392
2013-11-15,2.888490676879883,10.08662223815918,10.182868003845215,10.028874397277832,10.057747840881348,52366
2013-11-18,2.894002914428711,10.105871200561523,10.240615844726562,10.105871200561523,10.125120162963867,60158
2013-11-19,2.869196891784668,10.019248962402344,10.105871200561523,10.0,10.105871200561523,50703
2013-11-20,2.841636896133423,9.923003196716309,10.06737232208252,9.91337776184082,10.028874397277832,55586
2013-11-21,2.8719534873962402,10.028874397277832,10.028874397277832,9.951876640319824,9.980751037597656,67951
2013-11-22,2.935345411300659,10.25024127960205,10.29836368560791,9.990374565124512,9.990374565124512,129148
2013-11-25,2.9629065990448,10.346487045288086,10.346487045288086,10.23099136352539,10.240615844726562,100783
2013-11-26,2.976689100265503,10.394610404968262,10.490857124328613,10.36573600769043,10.394610404968262,56729
2013-11-27,3.0400805473327637,10.61597728729248,10.731472969055176,10.442732810974121,10.490857124328613,89354
2013-11-29,3.0648860931396484,10.702598571777344,11.010586738586426,10.558229446411133,10.61597728729248,70340
2013-12-02,3.0731537342071533,10.731472969055176,10.856593132019043,10.712223052978516,10.8373441696167,102757
2013-12-03,3.0621306896209717,10.692974090576172,10.818094253540039,10.635226249694824,10.731472969055176,103588
2013-12-04,3.136547327041626,10.952838897705078,11.11645793914795,10.587102890014648,10.587102890014648,74081
2013-12-05,3.117253065109253,10.885466575622559,11.058710098266602,10.8373441696167,11.02983570098877,124992
2013-12-06,3.1448168754577637,10.98171329498291,11.231953620910645,10.885466575622559,11.231953620910645,116576
2013-12-09,3.1971843242645264,11.164581298828125,11.616938591003418,10.962464332580566,11.058710098266602,189098
2013-12-10,3.1971843242645264,11.164581298828125,11.222329139709473,11.068334579467773,11.2127046585083,155746
2013-12-11,3.211355209350586,10.904715538024902,11.058710098266602,10.827718734741211,11.058710098266602,91328
2013-12-12,3.1631715297698975,10.741097450256348,10.866217613220215,10.606351852416992,10.846967697143555,98809
2013-12-13,3.2198593616485596,10.933589935302734,10.933589935302734,10.702598571777344,10.91434097290039,93614
2013-12-16,3.3133931159973145,11.251202583312988,11.376322746276855,11.126083374023438,11.126083374023438,134654
2013-12-17,3.3133931159973145,11.251202583312988,11.270451545715332,11.077960014343262,11.251202583312988,82808
2013-12-18,3.2850492000579834,11.154956817626953,11.2127046585083,11.020212173461914,11.19345474243164,55483
2013-12-19,3.299222230911255,11.203080177307129,11.241578102111816,11.068334579467773,11.241578102111816,85302
2013-12-20,3.372915506362915,11.45332145690918,11.462944984436035,11.2127046585083,11.308951377868652,111485
2013-12-23,3.4806225299835205,11.81905746459961,11.886428833007812,11.45332145690918,11.45332145690918,125823
2013-12-24,3.4919586181640625,11.857555389404297,11.886428833007812,11.742059707641602,11.790183067321777,48210
2013-12-26,3.5089662075042725,11.915303230285645,11.953802108764648,11.79980754852295,11.857555389404297,104004
2013-12-27,3.52030348777771,11.953802108764648,12.088546752929688,11.867179870605469,11.982675552368164,86860
2013-12-30,3.4806225299835205,11.81905746459961,12.011549949645996,11.693936347961426,11.953802108764648,69405
2013-12-31,3.5174691677093506,11.94417667388916,11.973051071166992,11.703560829162598,11.790183067321777,93302
2014-01-02,3.387086868286133,11.501443862915039,11.838306427001953,11.462944984436035,11.838306427001953,228788
2014-01-03,3.3502402305603027,11.376322746276855,11.57844066619873,11.36669921875,11.520692825317383,72522
2014-01-06,3.1518332958221436,10.702598571777344,11.45332145690918,10.702598571777344,11.45332145690918,281881
2014-01-07,3.211355209350586,10.904715538024902,11.02983570098877,10.635226249694824,10.683348655700684,171539
2014-01-08,3.28788423538208,11.164581298828125,11.183831214904785,10.933589935302734,10.952838897705078,110965
2014-01-09,3.304889678955078,11.222329139709473,11.289702415466309,11.174205780029297,11.174205780029297,51119
2014-01-10,3.307725191116333,11.231953620910645,11.251202583312988,11.126083374023438,11.222329139709473,100263
2014-01-13,3.2567055225372314,11.058710098266602,11.203080177307129,11.02983570098877,11.145332336425781,103484
2014-01-14,3.236865282058716,10.991337776184082,11.126083374023438,10.923965454101562,11.068334579467773,74600
2014-01-15,3.180177688598633,10.798845291137695,11.02983570098877,10.798845291137695,10.962464332580566,108056
2014-01-16,3.174508571624756,10.779596328735352,10.827718734741211,10.702598571777344,10.779596328735352,90497
2014-01-17,3.202852725982666,10.875842094421387,10.91434097290039,10.75072193145752,10.789219856262207,70236
2014-01-21,3.2793805599212646,11.135706901550293,11.154956817626953,10.846967697143555,10.885466575622559,103796
2014-01-22,3.3162283897399902,11.260828018188477,11.289702415466309,11.058710098266602,11.135706901550293,107433
2014-01-23,3.3133931159973145,11.251202583312988,11.270451545715332,11.135706901550293,11.260828018188477,91432
2014-01-24,3.214189291000366,10.91434097290039,11.145332336425781,10.885466575622559,11.135706901550293,71795
2014-01-27,3.1631715297698975,10.741097450256348,11.164581298828125,10.375361442565918,10.972088813781738,147850
2014-01-28,3.03562331199646,10.307988166809082,10.827718734741211,10.269490242004395,10.827718734741211,140888
2014-01-29,3.015782594680786,10.240615844726562,10.29836368560791,10.105871200561523,10.17324447631836,97147
2014-01-30,3.0384578704833984,10.317612648010254,10.38498592376709,10.221366882324219,10.36573600769043,69197
2014-01-31,3.03562331199646,10.307988166809082,10.346487045288086,10.182868003845215,10.23099136352539,48937
2014-02-03,2.9165797233581543,9.903754234313965,10.394610404968262,9.865255355834961,10.38498592376709,141512
2014-02-04,2.9590957164764404,10.048123359680176,10.048123359680176,9.865255355834961,9.884504318237305,46651
2014-02-05,2.950591802597046,10.019248962402344,10.096245765686035,9.93262767791748,9.971125602722168,63171
2014-02-06,3.021451234817505,10.259864807128906,10.356111526489258,9.951876640319824,9.990374565124512,149928
2014-02-07,3.0951452255249023,10.510106086730957,10.5293550491333,10.221366882324219,10.36573600769043,67431
2014-02-10,3.126324415206909,10.61597728729248,10.635226249694824,10.45235824584961,10.45235824584961,69094
2014-02-11,3.1971843242645264,10.856593132019043,10.923965454101562,10.654475212097168,10.692974090576172,71483
2014-02-12,3.242532968521118,11.010586738586426,11.010586738586426,10.875842094421387,10.923965454101562,56833
2014-02-13,3.217024564743042,10.923965454101562,10.972088813781738,10.885466575622559,10.885466575622559,35430
2014-02-14,3.2085206508636475,10.89509105682373,11.000962257385254,10.856593132019043,11.000962257385254,53301
2014-02-18,3.202852725982666,10.875842094421387,11.020212173461914,10.856593132019043,10.866217613220215,45924
2014-02-19,3.069636583328247,10.423483848571777,10.972088813781738,10.307988166809082,10.875842094421387,155850
2014-02-20,3.1093173027038574,10.558229446411133,10.587102890014648,10.423483848571777,10.45235824584961,96627
2014-02-21,3.166005849838257,10.75072193145752,10.8373441696167,10.625601768493652,10.625601768493652,46236
2014-02-24,3.166005849838257,10.75072193145752,10.885466575622559,10.75072193145752,10.827718734741211,69094
2014-02-25,3.202852725982666,10.875842094421387,10.933589935302734,10.779596328735352,10.827718734741211,35534
2014-02-26,3.168840169906616,10.760346412658691,10.89509105682373,10.760346412658691,10.856593132019043,39378
2014-02-27,3.1631715297698975,10.741097450256348,10.827718734741211,10.702598571777344,10.760346412658691,58288
2014-02-28,3.168840169906616,10.760346412658691,10.866217613220215,10.731472969055176,10.741097450256348,41664
2014-03-03,3.1631715297698975,10.741097450256348,10.769970893859863,10.606351852416992,10.721847534179688,74392
2014-03-04,3.202852725982666,10.875842094421387,10.91434097290039,10.827718734741211,10.827718734741211,53924
2014-03-05,3.194349527359009,10.846967697143555,10.89509105682373,10.827718734741211,10.827718734741211,40625
2014-03-06,3.2085206508636475,10.89509105682373,10.904715538024902,10.866217613220215,10.875842094421387,32209
2014-03-07,3.191514492034912,10.8373441696167,10.933589935302734,10.731472969055176,10.923965454101562,42183
2014-03-10,3.2056875228881836,10.885466575622559,10.89509105682373,10.808469772338867,10.827718734741211,36261
2014-03-11,3.191514492034912,10.8373441696167,10.875842094421387,10.818094253540039,10.856593132019043,72314
2014-03-12,3.1858456134796143,10.818094253540039,10.856593132019043,10.769970893859863,10.856593132019043,27222
2014-03-13,3.1627180576324463,10.5293550491333,10.692974090576172,10.500480651855469,10.683348655700684,38651
2014-03-14,3.1453728675842285,10.471607208251953,10.789219856262207,10.471607208251953,10.587102890014648,28469
2014-03-17,3.1366989612579346,10.442732810974121,10.567853927612305,10.442732810974121,10.481231689453125,42807
2014-03-18,3.1048996448516846,10.336861610412598,10.471607208251953,10.327238082885742,10.423483848571777,72938
2014-03-19,3.1048996448516846,10.336861610412598,10.510106086730957,10.29836368560791,10.29836368560791,44158
2014-03-20,3.099116563796997,10.317612648010254,10.356111526489258,10.29836368560791,10.346487045288086,32936
2014-03-21,3.1251354217529297,10.404234886169434,10.45235824584961,10.327238082885742,10.38498592376709,36261
2014-03-24,3.0817713737487793,10.259864807128906,10.490857124328613,10.182868003845215,10.490857124328613,65873
2014-03-25,3.099116563796997,10.317612648010254,10.356111526489258,10.269490242004395,10.356111526489258,51430
2014-03-26,3.0933353900909424,10.29836368560791,10.375361442565918,10.288739204406738,10.375361442565918,59223
2014-03-27,3.07598876953125,10.240615844726562,10.36573600769043,10.202116966247559,10.336861610412598,57249
2014-03-28,3.1106812953948975,10.356111526489258,10.442732810974121,10.259864807128906,10.259864807128906,81873
2014-03-31,3.119354248046875,10.38498592376709,10.433109283447266,10.356111526489258,10.36573600769043,38547
2014-04-01,3.142482042312622,10.461982727050781,10.481231689453125,10.375361442565918,10.375361442565918,36885
2014-04-02,3.1569361686706543,10.510106086730957,10.567853927612305,10.442732810974121,10.442732810974121,30547
2014-04-03,3.171391487121582,10.558229446411133,10.587102890014648,10.461982727050781,10.481231689453125,117407
2014-04-04,3.142482042312622,10.461982727050781,10.635226249694824,10.423483848571777,10.587102890014648,50807
2014-04-07,3.0586438179016113,10.182868003845215,10.461982727050781,10.182868003845215,10.394610404968262,67743
2014-04-08,3.0528626441955566,10.163619041442871,10.182868003845215,10.105871200561523,10.17324447631836,41144
2014-04-09,3.078880548477173,10.25024127960205,10.259864807128906,10.202116966247559,10.202116966247559,58496
2014-04-10,3.061535120010376,10.192493438720703,10.29836368560791,10.144370079040527,10.29836368560791,45404
2014-04-11,3.018170118331909,10.048123359680176,10.192493438720703,10.038498878479004,10.163619041442871,40002
2014-04-14,2.9401140213012695,9.788257598876953,10.105871200561523,9.759384155273438,10.048123359680176,122290
2014-04-15,2.8909671306610107,9.624638557434082,9.817131996154785,9.461020469665527,9.76900863647461,233463
2014-04-16,2.9169862270355225,9.711260795593262,9.720885276794434,9.643888473510742,9.643888473510742,59639
2014-04-17,2.9112045764923096,9.692011833190918,9.740135192871094,9.682387351989746,9.711260795593262,56522
2014-04-21,2.914095163345337,9.70163631439209,9.76900863647461,9.663138389587402,9.730509757995605,54444
2014-04-22,2.9458956718444824,9.807506561279297,9.817131996154785,9.711260795593262,9.711260795593262,57353
2014-04-23,2.9574601650238037,9.846006393432617,9.846006393432617,9.797883033752441,9.82675552368164,50080
2014-04-24,2.9516775608062744,9.82675552368164,9.894128799438477,9.788257598876953,9.865255355834961,32728
2014-04-25,2.9343323707580566,9.76900863647461,9.846006393432617,9.720885276794434,9.846006393432617,66600
2014-04-28,2.8938589096069336,9.63426399230957,9.76900863647461,9.576516151428223,9.759384155273438,225671
2014-04-29,2.8880763053894043,9.61501407623291,9.672761917114258,9.595765113830566,9.61501407623291,124472
2014-04-30,2.9112045764923096,9.692011833190918,9.70163631439209,9.586140632629395,9.605389595031738,93094
2014-05-01,2.937222480773926,9.778633117675781,9.817131996154785,9.663138389587402,9.663138389587402,47482
2014-05-02,2.9401140213012695,9.788257598876953,9.82675552368164,9.711260795593262,9.711260795593262,62444
2014-05-05,2.9430060386657715,9.797883033752441,9.82675552368164,9.682387351989746,9.692011833190918,85094
2014-05-06,2.9343323707580566,9.76900863647461,9.807506561279297,9.740135192871094,9.740135192871094,47482
2014-05-07,2.9458956718444824,9.807506561279297,9.807506561279297,9.692011833190918,9.76900863647461,41872
2014-05-08,2.9401140213012695,9.788257598876953,9.874879837036133,9.759384155273438,9.807506561279297,57976
2014-05-09,2.9516775608062744,9.82675552368164,9.836380958557129,9.759384155273438,9.807506561279297,34599
2014-05-12,2.971914768218994,9.894128799438477,9.93262767791748,9.846006393432617,9.846006393432617,61509
2014-05-13,2.9805877208709717,9.923003196716309,9.951876640319824,9.865255355834961,9.894128799438477,33144
2014-05-14,2.9690239429473877,9.884504318237305,9.93262767791748,9.855629920959473,9.91337776184082,47690
2014-05-15,2.95456862449646,9.836380958557129,9.874879837036133,9.730509757995605,9.82675552368164,96627
2014-05-16,2.9805877208709717,9.923003196716309,9.923003196716309,9.82675552368164,9.874879837036133,72626
2014-05-19,3.000823497772217,9.990374565124512,10.009625434875488,9.93262767791748,9.93262767791748,37300
2014-05-20,2.9921514987945557,9.961501121520996,10.019248962402344,9.903754234313965,10.019248962402344,38859
2014-05-21,2.989259719848633,9.951876640319824,10.0,9.93262767791748,9.951876640319824,64418
2014-05-22,3.044189214706421,10.134744644165039,10.17324447631836,9.951876640319824,9.990374565124512,66600
2014-05-23,3.087553024291992,10.279114723205566,10.375361442565918,10.134744644165039,10.134744644165039,67743
2014-05-27,3.0933353900909424,10.29836368560791,10.413859367370605,10.240615844726562,10.356111526489258,104627
2014-05-28,3.0846619606018066,10.269490242004395,10.375361442565918,10.259864807128906,10.29836368560791,62236
2014-05-29,3.0730981826782227,10.23099136352539,10.356111526489258,10.221366882324219,10.288739204406738,58392
2014-05-30,3.078880548477173,10.25024127960205,10.317612648010254,10.240615844726562,10.279114723205566,44781
2014-06-02,3.1048996448516846,10.336861610412598,10.336861610412598,10.259864807128906,10.29836368560791,77717
2014-06-03,3.10200834274292,10.327238082885742,10.36573600769043,10.29836368560791,10.346487045288086,77302
2014-06-04,3.099116563796997,10.317612648010254,10.346487045288086,10.29836368560791,10.327238082885742,79276
2014-06-05,3.047079563140869,10.144370079040527,10.336861610412598,10.125120162963867,10.307988166809082,302037
2014-06-06,3.0673165321350098,10.211742401123047,10.23099136352539,10.144370079040527,10.144370079040527,151278
2014-06-09,3.087553024291992,10.279114723205566,10.288739204406738,10.211742401123047,10.25024127960205,112004
2014-06-10,3.107789993286133,10.346487045288086,10.356111526489258,10.23099136352539,10.288739204406738,81562
2014-06-11,3.119354248046875,10.38498592376709,10.404234886169434,10.29836368560791,10.346487045288086,116887
2014-06-12,3.110502243041992,10.144370079040527,10.221366882324219,10.144370079040527,10.221366882324219,113667
2014-06-13,3.0723659992218018,10.020000457763672,10.079999923706055,9.960000038146973,10.069999694824219,170700
2014-06-16,2.9987761974334717,9.779999732971191,10.050000190734863,9.75,9.989999771118164,163100
2014-06-17,2.9435839653015137,9.600000381469727,9.720000267028809,9.579999923706055,9.640000343322754,195900
2014-06-18,3.0325045585632324,9.890000343322754,9.899999618530273,9.600000381469727,9.600000381469727,222400
2014-06-19,3.0141077041625977,9.829999923706055,10.039999961853027,9.770000457763672,9.979999542236328,137300
2014-06-20,3.0294394493103027,9.880000114440918,10.0,9.710000038146973,9.789999961853027,109600
2014-06-23,3.0355708599090576,9.899999618530273,9.970000267028809,9.850000381469727,9.970000267028809,99400
2014-06-24,3.044769287109375,9.930000305175781,9.949999809265137,9.859999656677246,9.930000305175781,178400
2014-06-25,3.0478360652923584,9.9399995803833,9.970000267028809,9.880000114440918,9.949999809265137,157900
2014-06-26,3.0294394493103027,9.880000114440918,9.930000305175781,9.850000381469727,9.899999618530273,64400
2014-06-27,3.0325045585632324,9.890000343322754,9.960000038146973,9.850000381469727,9.880000114440918,53900
2014-06-30,3.0325045585632324,9.890000343322754,9.930000305175781,9.869999885559082,9.930000305175781,76400
2014-07-01,3.053969383239746,9.960000038146973,10.050000190734863,9.869999885559082,9.869999885559082,144400
2014-07-02,3.0478360652923584,9.9399995803833,10.0,9.920000076293945,9.960000038146973,111300
2014-07-03,3.075432777404785,10.029999732971191,10.050000190734863,9.930000305175781,9.930000305175781,74900
2014-07-07,3.075432777404785,10.029999732971191,10.069999694824219,9.979999542236328,10.0,120700
2014-07-08,3.0815649032592773,10.050000190734863,10.050000190734863,9.989999771118164,10.0,96600
2014-07-09,3.078498125076294,10.039999961853027,10.0600004196167,9.979999542236328,9.989999771118164,136200
2014-07-10,3.057034969329834,9.970000267028809,10.079999923706055,9.970000267028809,10.0,103500
2014-07-11,3.023305654525757,9.859999656677246,9.970000267028809,9.819999694824219,9.970000267028809,75400
2014-07-14,3.0294394493103027,9.880000114440918,9.930000305175781,9.850000381469727,9.869999885559082,140100
2014-07-15,3.0171737670898438,9.84000015258789,9.899999618530273,9.789999961853027,9.859999656677246,175100
2014-07-16,3.0141077041625977,9.829999923706055,9.989999771118164,9.800000190734863,9.869999885559082,171700
2014-07-17,2.980379104614258,9.720000267028809,9.899999618530273,9.680000305175781,9.819999694824219,199800
2014-07-18,2.9681143760681152,9.680000305175781,9.779999732971191,9.649999618530273,9.720000267028809,213800
2014-07-21,2.934384822845459,9.569999694824219,9.649999618530273,9.539999961853027,9.649999618530273,218100
2014-07-22,2.971179723739624,9.6899995803833,9.6899995803833,9.59000015258789,9.59000015258789,260000
2014-07-23,2.992642879486084,9.760000228881836,9.760000228881836,9.680000305175781,9.699999809265137,239800
2014-07-24,2.974246025085449,9.699999809265137,9.75,9.670000076293945,9.75,143400
2014-07-25,2.9129223823547363,9.5,9.699999809265137,9.449999809265137,9.649999618530273,698500
2014-07-28,2.928252935409546,9.550000190734863,9.640000343322754,9.510000228881836,9.520000457763672,579200
2014-07-29,2.919055223464966,9.520000457763672,9.630000114440918,9.5,9.600000381469727,356100
2014-07-30,2.9098551273345947,9.489999771118164,9.569999694824219,9.489999771118164,9.5600004196167,239500
2014-07-31,2.854663133621216,9.3100004196167,9.5,9.289999961853027,9.5,323200
2014-08-01,2.8761274814605713,9.380000114440918,9.40999984741211,9.25,9.25,321600
2014-08-04,2.928252935409546,9.550000190734863,9.550000190734863,9.369999885559082,9.420000076293945,225200
2014-08-05,2.9129223823547363,9.5,9.539999961853027,9.430000305175781,9.539999961853027,343000
2014-08-06,2.9129223823547363,9.5,9.520000457763672,9.470000267028809,9.489999771118164,184000
2014-08-07,2.89145827293396,9.430000305175781,9.529999732971191,9.430000305175781,9.529999732971191,125400
2014-08-08,2.915987968444824,9.510000228881836,9.520000457763672,9.420000076293945,9.470000267028809,82800
2014-08-11,2.9221200942993164,9.529999732971191,9.59000015258789,9.520000457763672,9.569999694824219,135400
2014-08-12,2.9251866340637207,9.539999961853027,9.59000015258789,9.510000228881836,9.569999694824219,79400
2014-08-13,2.934384822845459,9.569999694824219,9.600000381469727,9.550000190734863,9.579999923706055,100400
2014-08-14,2.9497170448303223,9.619999885559082,9.619999885559082,9.579999923706055,9.600000381469727,82700
2014-08-15,2.9589149951934814,9.649999618530273,9.649999618530273,9.569999694824219,9.640000343322754,94300
2014-08-18,2.983445644378662,9.729999542236328,9.770000457763672,9.65999984741211,9.65999984741211,139000
2014-08-19,2.9987761974334717,9.779999732971191,9.800000190734863,9.760000228881836,9.760000228881836,96500
2014-08-20,3.0141077041625977,9.829999923706055,9.829999923706055,9.75,9.800000190734863,44800
2014-08-21,3.044769287109375,9.930000305175781,9.949999809265137,9.850000381469727,9.899999618530273,153800
2014-08-22,3.0355708599090576,9.899999618530273,9.949999809265137,9.880000114440918,9.920000076293945,65200
2014-08-25,3.053969383239746,9.960000038146973,9.979999542236328,9.899999618530273,9.899999618530273,68100
2014-08-26,3.057034969329834,9.970000267028809,9.979999542236328,9.930000305175781,9.9399995803833,144200
2014-08-27,3.053969383239746,9.960000038146973,10.0,9.960000038146973,10.0,168600
2014-08-28,3.0509016513824463,9.949999809265137,9.989999771118164,9.920000076293945,9.970000267028809,116800
2014-08-29,3.0662331581115723,10.0,10.09000015258789,9.960000038146973,10.010000228881836,101400
2014-09-02,3.0815649032592773,10.050000190734863,10.140000343322754,10.0,10.0,140600
2014-09-03,3.0815649032592773,10.050000190734863,10.100000381469727,10.050000190734863,10.079999923706055,117000
2014-09-04,3.0907628536224365,10.079999923706055,10.09000015258789,10.039999961853027,10.050000190734863,113300
2014-09-05,3.093829393386841,10.09000015258789,10.100000381469727,10.050000190734863,10.09000015258789,74000
2014-09-08,3.075432777404785,10.029999732971191,10.100000381469727,10.029999732971191,10.050000190734863,95600
2014-09-09,3.0723659992218018,10.020000457763672,10.0600004196167,10.0,10.0600004196167,109300
2014-09-10,3.0968966484069824,10.100000381469727,10.100000381469727,10.010000228881836,10.050000190734863,87000
2014-09-11,3.087697982788086,10.069999694824219,10.100000381469727,10.039999961853027,10.09000015258789,80800
2014-09-12,3.0751593112945557,9.8100004196167,9.869999885559082,9.8100004196167,9.869999885559082,107100
2014-09-15,3.0250017642974854,9.649999618530273,9.819999694824219,9.640000343322754,9.8100004196167,162400
2014-09-16,3.043811321258545,9.710000038146973,9.75,9.640000343322754,9.640000343322754,67300
2014-09-17,3.043811321258545,9.710000038146973,9.760000228881836,9.6899995803833,9.729999542236328,79100
2014-09-18,3.0751593112945557,9.8100004196167,9.819999694824219,9.710000038146973,9.760000228881836,102400
2014-09-19,3.0532150268554688,9.739999771118164,9.829999923706055,9.729999542236328,9.819999694824219,75800
2014-09-22,2.9936559200286865,9.550000190734863,9.760000228881836,9.529999732971191,9.760000228881836,125800
2014-09-23,2.984250783920288,9.520000457763672,9.59000015258789,9.489999771118164,9.569999694824219,101800
2014-09-24,2.9967901706695557,9.5600004196167,9.59000015258789,9.510000228881836,9.550000190734863,101600
2014-09-25,2.946634292602539,9.399999618530273,9.569999694824219,9.350000381469727,9.5600004196167,122500
2014-09-26,2.971712350845337,9.479999542236328,9.479999542236328,9.40999984741211,9.40999984741211,88100
2014-09-29,2.9529049396514893,9.420000076293945,9.460000038146973,9.399999618530273,9.449999809265137,73500
2014-09-30,2.9434995651245117,9.390000343322754,9.460000038146973,9.34000015258789,9.460000038146973,91300
2014-10-01,2.8996145725250244,9.25,9.420000076293945,9.25,9.420000076293945,105900
2014-10-02,2.887075424194336,9.210000038146973,9.260000228881836,9.15999984741211,9.260000228881836,118200
2014-10-03,2.909018039703369,9.279999732971191,9.319999694824219,9.260000228881836,9.270000457763672,62000
2014-10-06,2.8996145725250244,9.25,9.350000381469727,9.25,9.279999732971191,56500
2014-10-07,2.852593421936035,9.100000381469727,9.239999771118164,9.09000015258789,9.239999771118164,97100
2014-10-08,2.8839409351348877,9.199999809265137,9.210000038146973,9.039999961853027,9.100000381469727,116000
2014-10-09,2.824380397796631,9.010000228881836,9.199999809265137,8.989999771118164,9.199999809265137,149100
2014-10-10,2.767955780029297,8.829999923706055,9.039999961853027,8.829999923706055,8.989999771118164,119600
2014-10-13,2.664510726928711,8.5,8.829999923706055,8.5,8.829999923706055,176300
2014-10-14,2.6519715785980225,8.460000038146973,8.649999618530273,8.460000038146973,8.539999961853027,135600
2014-10-15,2.6080853939056396,8.319999694824219,8.369999885559082,8.15999984741211,8.369999885559082,249300
2014-10-16,2.6895885467529297,8.579999923706055,8.579999923706055,8.220000267028809,8.220000267028809,141700
2014-10-17,2.7366089820861816,8.729999542236328,8.779999732971191,8.649999618530273,8.680000305175781,108900
2014-10-20,2.7554171085357666,8.789999961853027,8.819999694824219,8.729999542236328,8.760000228881836,101900
2014-10-21,2.840054512023926,9.0600004196167,9.069999694824219,8.890000343322754,8.899999618530273,167500
2014-10-22,2.8557281494140625,9.109999656677246,9.149999618530273,9.0600004196167,9.119999885559082,94400
2014-10-23,2.887075424194336,9.210000038146973,9.25,9.180000305175781,9.180000305175781,100100
2014-10-24,2.9309613704681396,9.350000381469727,9.369999885559082,9.220000267028809,9.270000457763672,69000
2014-10-27,2.9434995651245117,9.390000343322754,9.390000343322754,9.279999732971191,9.359999656677246,88200
2014-10-28,3.0250017642974854,9.649999618530273,9.649999618530273,9.40999984741211,9.430000305175781,155000
2014-10-29,3.0124635696411133,9.609999656677246,9.699999809265137,9.59000015258789,9.649999618530273,109500
2014-10-30,2.9779818058013916,9.5,9.609999656677246,9.369999885559082,9.600000381469727,68500
2014-10-31,3.0093295574188232,9.600000381469727,9.649999618530273,9.569999694824219,9.569999694824219,82200
2014-11-03,3.0594844818115234,9.760000228881836,9.760000228881836,9.619999885559082,9.619999885559082,103800
2014-11-04,3.037541627883911,9.6899995803833,9.770000457763672,9.65999984741211,9.770000457763672,79400
2014-11-05,3.0500805377960205,9.729999542236328,9.75,9.699999809265137,9.75,48900
2014-11-06,3.015599012374878,9.619999885559082,9.779999732971191,9.609999656677246,9.779999732971191,110200
2014-11-07,3.037541627883911,9.6899995803833,9.699999809265137,9.600000381469727,9.649999618530273,49900
2014-11-10,3.046945810317993,9.720000267028809,9.75,9.699999809265137,9.729999542236328,50800
2014-11-11,3.0500805377960205,9.729999542236328,9.75,9.699999809265137,9.75,58800
2014-11-12,3.0250017642974854,9.649999618530273,9.729999542236328,9.640000343322754,9.729999542236328,61900
2014-11-13,3.0250017642974854,9.649999618530273,9.699999809265137,9.630000114440918,9.65999984741211,72400
2014-11-14,3.0093295574188232,9.600000381469727,9.6899995803833,9.569999694824219,9.680000305175781,72200
2014-11-17,2.9811160564422607,9.510000228881836,9.619999885559082,9.510000228881836,9.550000190734863,121100
2014-11-18,3.0124635696411133,9.609999656677246,9.609999656677246,9.5,9.5,92400
2014-11-19,3.015599012374878,9.619999885559082,9.649999618530273,9.5600004196167,9.600000381469727,62200
2014-11-20,3.028137445449829,9.65999984741211,9.680000305175781,9.569999694824219,9.600000381469727,105200
2014-11-21,3.0406765937805176,9.699999809265137,9.75,9.680000305175781,9.699999809265137,123500
2014-11-24,3.0751593112945557,9.8100004196167,9.850000381469727,9.75,9.770000457763672,203000
2014-11-25,3.100236177444458,9.890000343322754,9.890000343322754,9.84000015258789,9.850000381469727,87500
2014-11-26,3.162930727005005,10.09000015258789,10.09000015258789,9.880000114440918,9.9399995803833,126800
2014-11-28,3.162930727005005,10.09000015258789,10.100000381469727,10.069999694824219,10.100000381469727,68100
2014-12-01,3.137852191925049,10.010000228881836,10.149999618530273,10.010000228881836,10.149999618530273,141200
2014-12-02,3.1817381381988525,10.149999618530273,10.149999618530273,9.989999771118164,9.989999771118164,95400
2014-12-03,3.203681707382202,10.220000267028809,10.239999771118164,10.100000381469727,10.100000381469727,177900
2014-12-04,3.222489833831787,10.279999732971191,10.279999732971191,10.170000076293945,10.199999809265137,174800
2014-12-05,3.285184383392334,10.479999542236328,10.479999542236328,10.300000190734863,10.300000190734863,135100
2014-12-08,3.3165314197540283,10.579999923706055,10.630000114440918,10.4399995803833,10.5,278500
2014-12-09,3.2475674152374268,10.359999656677246,10.5,10.34000015258789,10.5,155000
2014-12-10,3.20196533203125,9.829999923706055,10.270000457763672,9.8100004196167,9.949999809265137,149200
2014-12-11,3.2182514667510986,9.880000114440918,9.989999771118164,9.869999885559082,9.890000343322754,82200
2014-12-12,3.169391393661499,9.729999542236328,9.869999885559082,9.720000267028809,9.850000381469727,94000
2014-12-15,3.1498475074768066,9.670000076293945,9.800000190734863,9.670000076293945,9.779999732971191,89600
2014-12-16,3.1270463466644287,9.600000381469727,9.800000190734863,9.550000190734863,9.640000343322754,120300
2014-12-17,3.195451498031616,9.8100004196167,9.850000381469727,9.600000381469727,9.600000381469727,62400
2014-12-18,3.2833988666534424,10.079999923706055,10.100000381469727,9.9399995803833,9.949999809265137,86700
2014-12-19,3.3290014266967773,10.220000267028809,10.220000267028809,10.079999923706055,10.109999656677246,178100
2014-12-22,3.377861976623535,10.369999885559082,10.449999809265137,10.270000457763672,10.270000457763672,141400
2014-12-23,3.3843770027160645,10.390000343322754,10.430000305175781,10.350000381469727,10.380000114440918,63900
2014-12-24,3.4202067852020264,10.5,10.5,10.270000457763672,10.4399995803833,95900
2014-12-26,3.407177686691284,10.460000038146973,10.5,10.460000038146973,10.5,38100
2014-12-29,3.3452870845794678,10.270000457763672,10.460000038146973,10.270000457763672,10.40999984741211,69100
2014-12-30,3.2736263275146484,10.050000190734863,10.260000228881836,10.050000190734863,10.229999542236328,100000
2014-12-31,3.2605972290039062,10.010000228881836,10.140000343322754,10.010000228881836,10.039999961853027,50000
2015-01-02,3.241053819656372,9.949999809265137,10.149999618530273,9.949999809265137,10.050000190734863,69200
2015-01-05,3.1596198081970215,9.699999809265137,9.899999618530273,9.550000190734863,9.899999618530273,126200
2015-01-06,3.1824209690093994,9.770000457763672,9.819999694824219,9.619999885559082,9.800000190734863,139400
2015-01-07,3.162877321243286,9.710000038146973,9.859999656677246,9.699999809265137,9.789999961853027,88800
2015-01-08,3.2215094566345215,9.890000343322754,9.890000343322754,9.75,9.75,66700
2015-01-09,3.185678720474243,9.779999732971191,9.880000114440918,9.779999732971191,9.859999656677246,48600
2015-01-12,3.241053819656372,9.949999809265137,9.949999809265137,9.770000457763672,9.789999961853027,142600
2015-01-13,3.224766969680786,9.899999618530273,10.149999618530273,9.859999656677246,9.880000114440918,241900
2015-01-14,3.188936710357666,9.789999961853027,9.859999656677246,9.75,9.829999923706055,103400
2015-01-15,3.156362533569336,9.6899995803833,9.829999923706055,9.649999618530273,9.829999923706055,74100
2015-01-16,3.1726489067077637,9.739999771118164,9.770000457763672,9.619999885559082,9.649999618530273,49400
2015-01-20,3.20196533203125,9.829999923706055,9.84000015258789,9.710000038146973,9.789999961853027,63100
2015-01-21,3.237795352935791,9.9399995803833,9.9399995803833,9.789999961853027,9.789999961853027,65300
2015-01-22,3.2443106174468994,9.960000038146973,10.0,9.920000076293945,9.949999809265137,62000
2015-01-23,3.2573397159576416,10.0,10.020000457763672,9.890000343322754,10.020000457763672,53100
2015-01-26,3.2508249282836914,9.979999542236328,10.039999961853027,9.979999542236328,10.039999961853027,91000
2015-01-27,3.2280232906341553,9.90999984741211,10.0,9.829999923706055,9.979999542236328,111500
2015-01-28,3.205221176147461,9.84000015258789,10.050000190734863,9.800000190734863,10.0,100800
2015-01-29,3.175905704498291,9.75,9.869999885559082,9.670000076293945,9.869999885559082,94700
2015-01-30,3.114016532897949,9.5600004196167,9.770000457763672,9.529999732971191,9.670000076293945,86900
2015-02-02,3.1270463466644287,9.600000381469727,9.640000343322754,9.5,9.59000015258789,123500
2015-02-03,3.169391393661499,9.729999542236328,9.779999732971191,9.649999618530273,9.680000305175781,103900
2015-02-04,3.140075445175171,9.640000343322754,9.75,9.640000343322754,9.729999542236328,107000
2015-02-05,3.162877321243286,9.710000038146973,9.800000190734863,9.6899995803833,9.699999809265137,140900
2015-02-06,3.143332004547119,9.649999618530273,9.779999732971191,9.630000114440918,9.729999542236328,86700
2015-02-09,3.1205315589904785,9.579999923706055,9.680000305175781,9.579999923706055,9.65999984741211,96600
2015-02-10,3.153104782104492,9.680000305175781,9.680000305175781,9.619999885559082,9.680000305175781,130400
2015-02-11,3.162877321243286,9.710000038146973,9.729999542236328,9.670000076293945,9.670000076293945,39400
2015-02-12,3.1661343574523926,9.720000267028809,9.829999923706055,9.720000267028809,9.720000267028809,34900
2015-02-13,3.2084801197052,9.850000381469727,9.859999656677246,9.75,9.770000457763672,38700
2015-02-17,3.2215094566345215,9.890000343322754,9.90999984741211,9.829999923706055,9.869999885559082,72900
2015-02-18,3.20196533203125,9.829999923706055,9.899999618530273,9.819999694824219,9.880000114440918,56700
2015-02-19,3.188936710357666,9.789999961853027,9.859999656677246,9.779999732971191,9.800000190734863,58400
2015-02-20,3.1921932697296143,9.800000190734863,9.890000343322754,9.760000228881836,9.779999732971191,86000
2015-02-23,3.1921932697296143,9.800000190734863,9.829999923706055,9.75,9.75,63000
2015-02-24,3.2215094566345215,9.890000343322754,9.899999618530273,9.789999961853027,9.789999961853027,49800
2015-02-25,3.205221176147461,9.84000015258789,9.899999618530273,9.8100004196167,9.869999885559082,36800
2015-02-26,3.1987082958221436,9.819999694824219,9.84000015258789,9.789999961853027,9.8100004196167,42400
2015-02-27,3.20196533203125,9.829999923706055,9.850000381469727,9.800000190734863,9.800000190734863,37000
2015-03-02,3.2215094566345215,9.890000343322754,9.90999984741211,9.859999656677246,9.859999656677246,53400
2015-03-03,3.211738109588623,9.859999656677246,9.869999885559082,9.8100004196167,9.850000381469727,51900
2015-03-04,3.231281280517578,9.920000076293945,9.930000305175781,9.819999694824219,9.859999656677246,64500
2015-03-05,3.2215094566345215,9.890000343322754,9.960000038146973,9.890000343322754,9.90999984741211,47300
2015-03-06,3.1824209690093994,9.770000457763672,9.859999656677246,9.760000228881836,9.850000381469727,68600
2015-03-09,3.1726489067077637,9.739999771118164,9.819999694824219,9.739999771118164,9.8100004196167,56600
2015-03-10,3.1303036212921143,9.609999656677246,9.649999618530273,9.460000038146973,9.649999618530273,148300
2015-03-11,3.1042447090148926,9.529999732971191,9.649999618530273,9.5,9.649999618530273,88300
2015-03-12,3.123788595199585,9.59000015258789,9.640000343322754,9.5600004196167,9.5600004196167,70900
2015-03-13,3.13045597076416,9.390000343322754,9.399999618530273,9.289999961853027,9.399999618530273,128500
2015-03-16,3.127122163772583,9.380000114440918,9.460000038146973,9.369999885559082,9.4399995803833,106900
2015-03-17,3.0937843322753906,9.279999732971191,9.380000114440918,9.279999732971191,9.359999656677246,76100
2015-03-18,3.143791913986206,9.430000305175781,9.4399995803833,9.260000228881836,9.279999732971191,78100
2015-03-19,3.143791913986206,9.430000305175781,9.479999542236328,9.369999885559082,9.479999542236328,71300
2015-03-20,3.1337904930114746,9.399999618530273,9.520000457763672,9.390000343322754,9.470000267028809,74300
2015-03-23,3.13045597076416,9.390000343322754,9.449999809265137,9.380000114440918,9.399999618530273,78600
2015-03-24,3.1371240615844727,9.40999984741211,9.4399995803833,9.380000114440918,9.430000305175781,69500
2015-03-25,3.1137874126434326,9.34000015258789,9.4399995803833,9.34000015258789,9.4399995803833,103800
2015-03-26,3.0871169567108154,9.260000228881836,9.329999923706055,9.220000267028809,9.329999923706055,135900
2015-03-27,3.1004526615142822,9.300000190734863,9.3100004196167,9.270000457763672,9.270000457763672,51100
2015-03-30,3.117121696472168,9.350000381469727,9.399999618530273,9.350000381469727,9.350000381469727,65200
2015-03-31,3.097118377685547,9.289999961853027,9.329999923706055,9.270000457763672,9.300000190734863,45100
2015-04-01,3.0871169567108154,9.260000228881836,9.289999961853027,9.199999809265137,9.270000457763672,55600
2015-04-02,3.097118377685547,9.289999961853027,9.319999694824219,9.25,9.279999732971191,55600
2015-04-06,3.1337904930114746,9.399999618530273,9.399999618530273,9.25,9.300000190734863,50500
2015-04-07,3.1237881183624268,9.369999885559082,9.399999618530273,9.350000381469727,9.359999656677246,59800
2015-04-08,3.13045597076416,9.390000343322754,9.399999618530273,9.350000381469727,9.350000381469727,27200
2015-04-09,3.13045597076416,9.390000343322754,9.40999984741211,9.359999656677246,9.399999618530273,40800
2015-04-10,3.143791913986206,9.430000305175781,9.430000305175781,9.369999885559082,9.399999618530273,123500
2015-04-13,3.1371240615844727,9.40999984741211,9.460000038146973,9.399999618530273,9.420000076293945,49600
2015-04-14,3.143791913986206,9.430000305175781,9.449999809265137,9.359999656677246,9.420000076293945,38900
2015-04-15,3.143791913986206,9.430000305175781,9.460000038146973,9.430000305175781,9.449999809265137,62900
2015-04-16,3.140458822250366,9.420000076293945,9.430000305175781,9.390000343322754,9.390000343322754,33700
2015-04-17,3.1037862300872803,9.3100004196167,9.359999656677246,9.260000228881836,9.359999656677246,69400
2015-04-20,3.090451717376709,9.270000457763672,9.359999656677246,9.270000457763672,9.289999961853027,80900
2015-04-21,3.1137874126434326,9.34000015258789,9.34000015258789,9.279999732971191,9.319999694824219,61400
2015-04-22,3.1037862300872803,9.3100004196167,9.369999885559082,9.300000190734863,9.369999885559082,50300
2015-04-23,3.1037862300872803,9.3100004196167,9.399999618530273,9.3100004196167,9.329999923706055,117300
2015-04-24,3.117121696472168,9.350000381469727,9.390000343322754,9.34000015258789,9.390000343322754,63200
2015-04-27,3.107118844985962,9.319999694824219,9.40999984741211,9.319999694824219,9.369999885559082,66000
2015-04-28,3.13045597076416,9.390000343322754,9.430000305175781,9.300000190734863,9.329999923706055,81300
2015-04-29,3.107118844985962,9.319999694824219,9.380000114440918,9.300000190734863,9.34000015258789,151900
2015-04-30,3.083784341812134,9.25,9.319999694824219,9.239999771118164,9.319999694824219,75200
2015-05-01,3.0937843322753906,9.279999732971191,9.289999961853027,9.239999771118164,9.25,79200
2015-05-04,3.1004526615142822,9.300000190734863,9.329999923706055,9.270000457763672,9.319999694824219,114000
2015-05-05,3.077115297317505,9.229999542236328,9.300000190734863,9.220000267028809,9.289999961853027,65400
2015-05-06,3.053778648376465,9.15999984741211,9.270000457763672,9.149999618530273,9.220000267028809,89800
2015-05-07,3.053778648376465,9.15999984741211,9.239999771118164,9.140000343322754,9.140000343322754,65200
2015-05-08,3.0737814903259277,9.220000267028809,9.300000190734863,9.199999809265137,9.229999542236328,102400
2015-05-11,3.057112693786621,9.170000076293945,9.220000267028809,9.15999984741211,9.1899995803833,72100
2015-05-12,3.043776273727417,9.130000114440918,9.170000076293945,9.09000015258789,9.149999618530273,72600
2015-05-13,3.0504446029663086,9.149999618530273,9.210000038146973,9.130000114440918,9.140000343322754,114400
2015-05-14,3.097118377685547,9.289999961853027,9.289999961853027,9.180000305175781,9.180000305175781,42200
2015-05-15,3.0871169567108154,9.260000228881836,9.300000190734863,9.239999771118164,9.279999732971191,59200
2015-05-18,3.097118377685547,9.289999961853027,9.319999694824219,9.220000267028809,9.229999542236328,73500
2015-05-19,3.1137874126434326,9.34000015258789,9.350000381469727,9.289999961853027,9.300000190734863,79300
2015-05-20,3.13045597076416,9.390000343322754,9.390000343322754,9.270000457763672,9.319999694824219,77900
2015-05-21,3.1571264266967773,9.470000267028809,9.479999542236328,9.369999885559082,9.369999885559082,96000
2015-05-22,3.140458822250366,9.420000076293945,9.479999542236328,9.399999618530273,9.479999542236328,45400
2015-05-26,3.13045597076416,9.390000343322754,9.460000038146973,9.34000015258789,9.449999809265137,99500
2015-05-27,3.1737961769104004,9.520000457763672,9.520000457763672,9.40999984741211,9.40999984741211,72200
2015-05-28,3.187131404876709,9.5600004196167,9.5600004196167,9.479999542236328,9.5,77500
2015-05-29,3.1704626083374023,9.510000228881836,9.539999961853027,9.470000267028809,9.529999732971191,70300
2015-06-01,3.1771297454833984,9.529999732971191,9.539999961853027,9.449999809265137,9.520000457763672,112700
2015-06-02,3.1637940406799316,9.489999771118164,9.520000457763672,9.470000267028809,9.510000228881836,96900
2015-06-03,3.1737961769104004,9.520000457763672,9.579999923706055,9.510000228881836,9.520000457763672,64300
2015-06-04,3.1604604721069336,9.479999542236328,9.520000457763672,9.449999809265137,9.470000267028809,81900
2015-06-05,3.1571264266967773,9.470000267028809,9.520000457763672,9.4399995803833,9.520000457763672,118000
2015-06-08,3.143791913986206,9.430000305175781,9.470000267028809,9.40999984741211,9.470000267028809,68400
2015-06-09,3.1537938117980957,9.460000038146973,9.470000267028809,9.380000114440918,9.40999984741211,143900
2015-06-10,3.1737961769104004,9.520000457763672,9.539999961853027,9.460000038146973,9.470000267028809,80400
2015-06-11,3.1771297454833984,9.529999732971191,9.550000190734863,9.510000228881836,9.539999961853027,51600
2015-06-12,3.1634795665740967,9.270000457763672,9.300000190734863,9.239999771118164,9.300000190734863,34700
2015-06-15,3.1430046558380127,9.210000038146973,9.25,9.199999809265137,9.220000267028809,54100
2015-06-16,3.146416664123535,9.220000267028809,9.260000228881836,9.210000038146973,9.239999771118164,50000
2015-06-17,3.136178731918335,9.1899995803833,9.279999732971191,9.170000076293945,9.25,61600
2015-06-18,3.1600663661956787,9.260000228881836,9.300000190734863,9.220000267028809,9.229999542236328,103400
2015-06-19,3.146416664123535,9.220000267028809,9.289999961853027,9.210000038146973,9.289999961853027,69100
2015-06-22,3.1498289108276367,9.229999542236328,9.3100004196167,9.229999542236328,9.279999732971191,89600
2015-06-23,3.1634795665740967,9.270000457763672,9.279999732971191,9.199999809265137,9.199999809265137,69700
2015-06-24,3.1771299839019775,9.3100004196167,9.329999923706055,9.260000228881836,9.279999732971191,89100
2015-06-25,3.173717498779297,9.300000190734863,9.34000015258789,9.300000190734863,9.34000015258789,58700
2015-06-26,3.1907801628112793,9.350000381469727,9.369999885559082,9.3100004196167,9.350000381469727,70300
2015-06-29,3.122527599334717,9.149999618530273,9.270000457763672,9.149999618530273,9.25,69600
2015-06-30,3.1293537616729736,9.170000076293945,9.199999809265137,9.100000381469727,9.1899995803833,69900
2015-07-01,3.136178731918335,9.1899995803833,9.270000457763672,9.180000305175781,9.229999542236328,37500
2015-07-02,3.1532421112060547,9.239999771118164,9.279999732971191,9.229999542236328,9.279999732971191,49800
2015-07-06,3.1293537616729736,9.170000076293945,9.229999542236328,9.149999618530273,9.199999809265137,35600
2015-07-07,3.1532421112060547,9.239999771118164,9.25,9.079999923706055,9.170000076293945,73500
2015-07-08,3.07816481590271,9.020000457763672,9.140000343322754,9.020000457763672,9.069999694824219,57900
2015-07-09,3.09181547164917,9.0600004196167,9.199999809265137,9.0600004196167,9.180000305175781,42200
2015-07-10,3.1532421112060547,9.239999771118164,9.239999771118164,9.140000343322754,9.149999618530273,40800
2015-07-13,3.201019048690796,9.380000114440918,9.390000343322754,9.300000190734863,9.319999694824219,52700
2015-07-14,3.1976051330566406,9.369999885559082,9.399999618530273,9.359999656677246,9.390000343322754,47000
2015-07-15,3.1771299839019775,9.3100004196167,9.380000114440918,9.300000190734863,9.369999885559082,49700
2015-07-16,3.194192886352539,9.359999656677246,9.380000114440918,9.350000381469727,9.369999885559082,51300
2015-07-17,3.1600663661956787,9.260000228881836,9.350000381469727,9.220000267028809,9.350000381469727,183600
2015-07-20,3.1532421112060547,9.239999771118164,9.270000457763672,9.229999542236328,9.239999771118164,45800
2015-07-21,3.1532421112060547,9.239999771118164,9.239999771118164,9.1899995803833,9.229999542236328,61000
2015-07-22,3.1532421112060547,9.239999771118164,9.25,9.180000305175781,9.180000305175781,38700
2015-07-23,3.1395914554595947,9.199999809265137,9.25,9.180000305175781,9.25,33300
2015-07-24,3.0986406803131104,9.079999923706055,9.210000038146973,9.079999923706055,9.199999809265137,57800
2015-07-27,3.026975154876709,8.869999885559082,9.069999694824219,8.869999885559082,9.069999694824219,96800
2015-07-28,3.06451416015625,8.979999542236328,9.029999732971191,8.869999885559082,8.90999984741211,47900
2015-07-29,3.09181547164917,9.0600004196167,9.079999923706055,8.989999771118164,8.989999771118164,35200
2015-07-30,3.06451416015625,8.979999542236328,9.050000190734863,8.979999542236328,9.050000190734863,50700
2015-07-31,3.0679268836975098,8.989999771118164,9.039999961853027,8.989999771118164,9.029999732971191,51500
2015-08-03,3.06451416015625,8.979999542236328,9.020000457763672,8.9399995803833,9.0,51100
2015-08-04,3.0611014366149902,8.970000267028809,9.039999961853027,8.930000305175781,9.0,52000
2015-08-05,3.0679268836975098,8.989999771118164,9.050000190734863,8.979999542236328,9.020000457763672,51600
2015-08-06,3.0099124908447266,8.819999694824219,8.970000267028809,8.800000190734863,8.899999618530273,123000
2015-08-07,2.979198932647705,8.729999542236328,8.84000015258789,8.699999809265137,8.770000457763672,53000
2015-08-10,3.0235629081726074,8.859999656677246,8.890000343322754,8.789999961853027,8.789999961853027,32400
2015-08-11,2.968961477279663,8.699999809265137,8.8100004196167,8.6899995803833,8.729999542236328,90900
2015-08-12,2.934835910797119,8.600000381469727,8.640000343322754,8.529999732971191,8.619999885559082,92600
2015-08-13,2.934835910797119,8.600000381469727,8.649999618530273,8.569999694824219,8.640000343322754,76500
2015-08-14,2.945073127746582,8.630000114440918,8.680000305175781,8.5600004196167,8.5600004196167,95900
2015-08-17,2.9518990516662598,8.649999618530273,8.6899995803833,8.59000015258789,8.630000114440918,63700
2015-08-18,2.9416606426239014,8.619999885559082,8.680000305175781,8.600000381469727,8.65999984741211,83500
2015-08-19,2.904123067855835,8.510000228881836,8.579999923706055,8.5,8.579999923706055,76800
2015-08-20,2.8222198486328125,8.270000457763672,8.4399995803833,8.020000457763672,8.40999984741211,162400
2015-08-21,2.6823034286499023,7.860000133514404,8.149999618530273,7.840000152587891,8.140000343322754,251300
2015-08-24,2.538973808288574,7.440000057220459,7.440000057220459,7.389999866485596,7.429999828338623,207100
2015-08-25,2.600400447845459,7.619999885559082,7.789999961853027,7.53000020980835,7.789999961853027,132900
2015-08-26,2.7027788162231445,7.920000076293945,7.929999828338623,7.699999809265137,7.78000020980835,132000
2015-08-27,2.7403171062469482,8.029999732971191,8.0600004196167,7.909999847412109,7.989999771118164,116500
2015-08-28,2.7471423149108887,8.050000190734863,8.069999694824219,8.029999732971191,8.029999732971191,93500
2015-08-31,2.730079412460327,8.0,8.0600004196167,7.949999809265137,7.949999809265137,60300
2015-09-01,2.6754772663116455,7.840000152587891,7.940000057220459,7.769999980926514,7.929999828338623,126200
2015-09-02,2.719841957092285,7.96999979019165,8.039999961853027,7.889999866485596,7.989999771118164,119900
2015-09-03,2.733492612838745,8.010000228881836,8.039999961853027,7.960000038146973,8.0,87100
2015-09-04,2.7130165100097656,7.949999809265137,7.960000038146973,7.889999866485596,7.949999809265137,49700
2015-09-08,2.8017444610595703,8.210000038146973,8.210000038146973,8.069999694824219,8.069999694824219,140100
2015-09-09,2.743729591369629,8.039999961853027,8.279999732971191,8.029999732971191,8.260000228881836,95800
2015-09-10,2.7505545616149902,8.0600004196167,8.109999656677246,8.029999732971191,8.0600004196167,46800
2015-09-11,2.7505545616149902,8.0600004196167,8.069999694824219,7.989999771118164,8.029999732971191,39000
2015-09-14,2.7295055389404297,7.78000020980835,7.880000114440918,7.78000020980835,7.860000133514404,61900
2015-09-15,2.775113582611084,7.909999847412109,7.920000076293945,7.769999980926514,7.78000020980835,43700
2015-09-16,2.80318021774292,7.989999771118164,7.989999771118164,7.840000152587891,7.900000095367432,30300
2015-09-17,2.7891476154327393,7.949999809265137,8.010000228881836,7.949999809265137,7.960000038146973,41700
2015-09-18,2.785637855529785,7.940000057220459,7.980000019073486,7.900000095367432,7.900000095367432,77500
2015-09-21,2.796164035797119,7.96999979019165,8.069999694824219,7.960000038146973,8.029999732971191,87500
2015-09-22,2.7821297645568848,7.929999828338623,7.929999828338623,7.820000171661377,7.900000095367432,84700
2015-09-23,2.7996716499328613,7.980000019073486,8.0,7.909999847412109,7.940000057220459,92300
2015-09-24,2.8137059211730957,8.020000457763672,8.020000457763672,7.900000095367432,7.940000057220459,144400
2015-09-25,2.7716054916381836,7.900000095367432,8.069999694824219,7.829999923706055,8.069999694824219,117000
2015-09-28,2.6944212913513184,7.679999828338623,7.860000133514404,7.659999847412109,7.849999904632568,84900
2015-09-29,2.6312711238861084,7.5,7.679999828338623,7.46999979019165,7.679999828338623,83400
2015-09-30,2.6417956352233887,7.53000020980835,7.570000171661377,7.489999771118164,7.550000190734863,62700
2015-10-01,2.655829668045044,7.570000171661377,7.570000171661377,7.480000019073486,7.570000171661377,43400
2015-10-02,2.669862985610962,7.610000133514404,7.619999885559082,7.440000057220459,7.480000019073486,57800
2015-10-05,2.7295055389404297,7.78000020980835,7.809999942779541,7.619999885559082,7.699999809265137,66200
2015-10-06,2.7435386180877686,7.820000171661377,7.840000152587891,7.739999771118164,7.739999771118164,43900
2015-10-07,2.775113582611084,7.909999847412109,7.929999828338623,7.849999904632568,7.900000095367432,36200
2015-10-08,2.806689500808716,8.0,8.0,7.880000114440918,7.909999847412109,34600
2015-10-09,2.817213535308838,8.029999732971191,8.039999961853027,7.949999809265137,8.0,99800
2015-10-12,2.8347558975219727,8.079999923706055,8.079999923706055,8.0,8.0,31900
2015-10-13,2.7996716499328613,7.980000019073486,8.050000190734863,7.980000019073486,8.020000457763672,29500
2015-10-14,2.7891476154327393,7.949999809265137,8.020000457763672,7.909999847412109,7.980000019073486,60700
2015-10-15,2.831247568130493,8.069999694824219,8.069999694824219,7.940000057220459,7.960000038146973,52900
2015-10-16,2.862823247909546,8.15999984741211,8.15999984741211,8.0600004196167,8.069999694824219,54100
2015-10-19,2.8558058738708496,8.140000343322754,8.15999984741211,8.09000015258789,8.09000015258789,66200
2015-10-20,2.862823247909546,8.15999984741211,8.15999984741211,8.100000381469727,8.140000343322754,41500
2015-10-21,2.8347558975219727,8.079999923706055,8.1899995803833,8.079999923706055,8.1899995803833,41700
2015-10-22,2.880364418029785,8.210000038146973,8.210000038146973,8.09000015258789,8.09000015258789,30500
2015-10-23,2.9049229621887207,8.279999732971191,8.300000190734863,8.239999771118164,8.270000457763672,31900
2015-10-26,2.8979063034057617,8.260000228881836,8.300000190734863,8.239999771118164,8.289999961853027,34400
2015-10-27,2.8768563270568848,8.199999809265137,8.25,8.199999809265137,8.25,42800
2015-10-28,2.9084315299987793,8.289999961853027,8.289999961853027,8.210000038146973,8.220000267028809,36400
2015-10-29,2.9084315299987793,8.289999961853027,8.3100004196167,8.25,8.25,20300
2015-10-30,2.9154486656188965,8.3100004196167,8.329999923706055,8.260000228881836,8.3100004196167,19100
2015-11-02,2.9470229148864746,8.399999618530273,8.399999618530273,8.300000190734863,8.300000190734863,46200
2015-11-03,2.9505321979522705,8.40999984741211,8.430000305175781,8.359999656677246,8.380000114440918,37900
2015-11-04,2.954040050506592,8.420000076293945,8.449999809265137,8.399999618530273,8.449999809265137,38000
2015-11-05,2.9364988803863525,8.369999885559082,8.430000305175781,8.359999656677246,8.420000076293945,70500
2015-11-06,2.9154486656188965,8.3100004196167,8.390000343322754,8.279999732971191,8.369999885559082,60400
2015-11-09,2.8487892150878906,8.119999885559082,8.300000190734863,8.069999694824219,8.300000190734863,262800
2015-11-10,2.8417727947235107,8.100000381469727,8.119999885559082,8.050000190734863,8.069999694824219,190200
2015-11-11,2.8417727947235107,8.100000381469727,8.140000343322754,8.079999923706055,8.140000343322754,55200
2015-11-12,2.8137059211730957,8.020000457763672,8.0600004196167,8.020000457763672,8.0600004196167,51900
2015-11-13,2.7926557064056396,7.960000038146973,8.039999961853027,7.949999809265137,8.029999732971191,47300
2015-11-16,2.8347558975219727,8.079999923706055,8.109999656677246,7.929999828338623,7.929999828338623,91900
2015-11-17,2.80318021774292,7.989999771118164,8.09000015258789,7.989999771118164,8.09000015258789,38600
2015-11-18,2.8277394771575928,8.0600004196167,8.09000015258789,7.989999771118164,7.989999771118164,197000
2015-11-19,2.831247568130493,8.069999694824219,8.069999694824219,8.010000228881836,8.0600004196167,40200
2015-11-20,2.838264226913452,8.09000015258789,8.140000343322754,8.079999923706055,8.079999923706055,73800
2015-11-23,2.852297306060791,8.130000114440918,8.170000076293945,8.09000015258789,8.09000015258789,100600
2015-11-24,2.838264226913452,8.09000015258789,8.109999656677246,8.010000228881836,8.069999694824219,68400
2015-11-25,2.831247568130493,8.069999694824219,8.100000381469727,8.020000457763672,8.100000381469727,70200
2015-11-27,2.838264226913452,8.09000015258789,8.09000015258789,8.0600004196167,8.09000015258789,22800
2015-11-30,2.831247568130493,8.069999694824219,8.119999885559082,8.050000190734863,8.119999885559082,82200
2015-12-01,2.8593153953552246,8.149999618530273,8.149999618530273,8.079999923706055,8.079999923706055,62200
2015-12-02,2.8558058738708496,8.140000343322754,8.149999618530273,8.109999656677246,8.140000343322754,68500
2015-12-03,2.8137059211730957,8.020000457763672,8.149999618530273,8.0,8.149999618530273,88100
2015-12-04,2.8487892150878906,8.119999885559082,8.119999885559082,8.050000190734863,8.050000190734863,98200
2015-12-07,2.817213535308838,8.029999732971191,8.119999885559082,8.0,8.119999885559082,126500
2015-12-08,2.817213535308838,8.029999732971191,8.050000190734863,7.960000038146973,8.0,101800
2015-12-09,2.780862808227539,7.650000095367432,7.769999980926514,7.630000114440918,7.75,92900
2015-12-10,2.7699575424194336,7.619999885559082,7.690000057220459,7.610000133514404,7.670000076293945,107600
2015-12-11,2.679080009460449,7.369999885559082,7.539999961853027,7.369999885559082,7.519999980926514,76800
2015-12-14,2.620918035507202,7.210000038146973,7.380000114440918,7.179999828338623,7.349999904632568,358500
2015-12-15,2.679080009460449,7.369999885559082,7.369999885559082,7.300000190734863,7.309999942779541,87500
2015-12-16,2.7336065769195557,7.519999980926514,7.53000020980835,7.369999885559082,7.380000114440918,196700
2015-12-17,2.7263360023498535,7.5,7.550000190734863,7.46999979019165,7.519999980926514,54800
2015-12-18,2.6827144622802734,7.380000114440918,7.550000190734863,7.380000114440918,7.519999980926514,197800
2015-12-21,2.7263360023498535,7.5,7.53000020980835,7.409999847412109,7.420000076293945,183900
2015-12-22,2.729971170425415,7.510000228881836,7.550000190734863,7.480000019073486,7.510000228881836,181500
2015-12-23,2.780862808227539,7.650000095367432,7.650000095367432,7.539999961853027,7.559999942779541,45700
2015-12-24,2.744511604309082,7.550000190734863,7.659999847412109,7.550000190734863,7.599999904632568,50400
2015-12-28,2.7408769130706787,7.539999961853027,7.650000095367432,7.519999980926514,7.539999961853027,88600
2015-12-29,2.7554166316986084,7.579999923706055,7.630000114440918,7.559999942779541,7.559999942779541,70500
2015-12-30,2.737240791320801,7.53000020980835,7.590000152587891,7.510000228881836,7.579999923706055,77700
2015-12-31,2.7263360023498535,7.5,7.550000190734863,7.460000038146973,7.5,104800
2016-01-04,2.708160161972046,7.449999809265137,7.449999809265137,7.300000190734863,7.349999904632568,74300
2016-01-05,2.7117955684661865,7.460000038146973,7.46999979019165,7.389999866485596,7.449999809265137,74300
2016-01-06,2.686349868774414,7.389999866485596,7.389999866485596,7.309999942779541,7.329999923706055,69600
2016-01-07,2.6063778400421143,7.170000076293945,7.28000020980835,7.130000114440918,7.25,85600
2016-01-08,2.5809311866760254,7.099999904632568,7.190000057220459,7.070000171661377,7.170000076293945,98700
2016-01-11,2.570026159286499,7.070000171661377,7.159999847412109,6.949999809265137,7.159999847412109,180300
2016-01-12,2.5772969722747803,7.090000152587891,7.139999866485596,6.960000038146973,7.139999866485596,170700
2016-01-13,2.482783555984497,6.829999923706055,7.119999885559082,6.78000020980835,7.090000152587891,172500
2016-01-14,2.51186466217041,6.909999847412109,6.909999847412109,6.71999979019165,6.800000190734863,140600
2016-01-15,2.424621820449829,6.670000076293945,6.78000020980835,6.599999904632568,6.75,118600
2016-01-19,2.3846352100372314,6.559999942779541,6.699999809265137,6.429999828338623,6.670000076293945,227900
2016-01-20,2.308297872543335,6.349999904632568,6.449999809265137,6.059999942779541,6.449999809265137,176900
2016-01-21,2.322838068008423,6.389999866485596,6.429999828338623,6.300000190734863,6.360000133514404,95700
2016-01-22,2.417351484298706,6.650000095367432,6.670000076293945,6.46999979019165,6.519999980926514,105800
2016-01-25,2.395540714263916,6.590000152587891,6.639999866485596,6.579999923706055,6.639999866485596,27700
2016-01-26,2.4355270862579346,6.699999809265137,6.699999809265137,6.559999942779541,6.579999923706055,56000
2016-01-27,2.431891918182373,6.690000057220459,6.760000228881836,6.659999847412109,6.710000038146973,42200
2016-01-28,2.450066566467285,6.739999771118164,6.760000228881836,6.650000095367432,6.71999979019165,45200
2016-01-29,2.51550030708313,6.920000076293945,6.920000076293945,6.75,6.75,29500
2016-02-01,2.519134283065796,6.929999828338623,6.940000057220459,6.849999904632568,6.880000114440918,45900
2016-02-02,2.482783555984497,6.829999923706055,6.909999847412109,6.800000190734863,6.900000095367432,57200
2016-02-03,2.497323751449585,6.869999885559082,6.869999885559082,6.730000019073486,6.869999885559082,53200
2016-02-04,2.49005389213562,6.849999904632568,6.940000057220459,6.840000152587891,6.849999904632568,83200
2016-02-05,2.4355270862579346,6.699999809265137,6.829999923706055,6.699999809265137,6.820000171661377,64800
2016-02-08,2.344649076461792,6.449999809265137,6.590000152587891,6.389999866485596,6.570000171661377,63100
2016-02-09,2.293757200241089,6.309999942779541,6.440000057220459,6.239999771118164,6.349999904632568,90500
2016-02-10,2.2973923683166504,6.320000171661377,6.380000114440918,6.25,6.320000171661377,46400
2016-02-11,2.2428665161132812,6.170000076293945,6.239999771118164,6.050000190734863,6.199999809265137,142700
2016-02-12,2.2973923683166504,6.320000171661377,6.320000171661377,6.199999809265137,6.269999980926514,66800
2016-02-16,2.330108880996704,6.409999847412109,6.460000038146973,6.329999923706055,6.329999923706055,74300
2016-02-17,2.3919060230255127,6.579999923706055,6.639999866485596,6.449999809265137,6.449999809265137,78200
2016-02-18,2.410081148147583,6.630000114440918,6.670000076293945,6.590000152587891,6.659999847412109,78500
2016-02-19,2.3991763591766357,6.599999904632568,6.639999866485596,6.429999828338623,6.429999828338623,118900
2016-02-22,2.446432113647461,6.730000019073486,6.769999980926514,6.659999847412109,6.699999809265137,45600
2016-02-23,2.49005389213562,6.849999904632568,6.849999904632568,6.670000076293945,6.71999979019165,79700
2016-02-24,2.4864182472229004,6.840000152587891,6.840000152587891,6.579999923706055,6.800000190734863,116000
2016-02-25,2.537310838699341,6.980000019073486,6.980000019073486,6.809999942779541,6.840000152587891,32100
2016-02-26,2.5445809364318848,7.0,7.0,6.920000076293945,6.929999828338623,68100
2016-02-29,2.551849842071533,7.019999980926514,7.039999961853027,6.940000057220459,6.96999979019165,57600
2016-03-01,2.6027417182922363,7.159999847412109,7.170000076293945,7.050000190734863,7.050000190734863,63700
2016-03-02,2.6172826290130615,7.199999809265137,7.21999979019165,7.090000152587891,7.139999866485596,59700
2016-03-03,2.6972553730010986,7.420000076293945,7.420000076293945,7.150000095367432,7.170000076293945,66500
2016-03-04,2.6754446029663086,7.360000133514404,7.389999866485596,7.25,7.289999961853027,74400
2016-03-07,2.6536333560943604,7.300000190734863,7.380000114440918,7.289999961853027,7.309999942779541,67300
2016-03-08,2.6318230628967285,7.239999771118164,7.289999961853027,7.199999809265137,7.21999979019165,67400
2016-03-09,2.6390933990478516,7.260000228881836,7.360000133514404,7.199999809265137,7.239999771118164,109400
2016-03-10,2.635458469390869,7.25,7.300000190734863,7.179999828338623,7.28000020980835,53200
2016-03-11,2.689985513687134,7.400000095367432,7.400000095367432,7.289999961853027,7.300000190734863,109400
2016-03-14,2.6862382888793945,7.170000076293945,7.269999980926514,7.110000133514404,7.130000114440918,63900
2016-03-15,2.6749980449676514,7.139999866485596,7.139999866485596,7.099999904632568,7.119999885559082,35000
2016-03-16,2.689985513687134,7.179999828338623,7.190000057220459,7.079999923706055,7.079999923706055,64700
2016-03-17,2.712463617324829,7.239999771118164,7.260000228881836,7.119999885559082,7.119999885559082,42000
2016-03-18,2.738689422607422,7.309999942779541,7.400000095367432,7.28000020980835,7.289999961853027,68300
2016-03-21,2.73494291305542,7.300000190734863,7.309999942779541,7.210000038146973,7.289999961853027,68600
2016-03-22,2.7237038612365723,7.269999980926514,7.300000190734863,7.239999771118164,7.239999771118164,54000
2016-03-23,2.689985513687134,7.179999828338623,7.300000190734863,7.179999828338623,7.300000190734863,135300
2016-03-24,2.6749980449676514,7.139999866485596,7.179999828338623,7.119999885559082,7.170000076293945,149400
2016-03-28,2.6600124835968018,7.099999904632568,7.230000019073486,7.090000152587891,7.119999885559082,160600
2016-03-29,2.7237038612365723,7.269999980926514,7.269999980926514,7.130000114440918,7.139999866485596,25900
2016-03-30,2.7649145126342773,7.380000114440918,7.389999866485596,7.309999942779541,7.340000152587891,71700
2016-03-31,2.7536752223968506,7.349999904632568,7.389999866485596,7.28000020980835,7.340000152587891,53400
2016-04-01,2.6974785327911377,7.199999809265137,7.349999904632568,7.199999809265137,7.269999980926514,50100
2016-04-04,2.6974785327911377,7.199999809265137,7.340000152587891,7.199999809265137,7.300000190734863,116100
2016-04-05,2.652519941329956,7.079999923706055,7.199999809265137,7.079999923706055,7.110000133514404,68100
2016-04-06,2.6824913024902344,7.159999847412109,7.190000057220459,7.079999923706055,7.110000133514404,66600
2016-04-07,2.6487741470336914,7.070000171661377,7.139999866485596,7.070000171661377,7.099999904632568,70000
2016-04-08,2.6375339031219482,7.039999961853027,7.130000114440918,7.039999961853027,7.130000114440918,55600
2016-04-11,2.645026683807373,7.059999942779541,7.170000076293945,7.010000228881836,7.03000020980835,103900
2016-04-12,2.6375339031219482,7.039999961853027,7.170000076293945,7.039999961853027,7.059999942779541,75300
2016-04-13,2.671252727508545,7.130000114440918,7.21999979019165,7.110000133514404,7.130000114440918,93200
2016-04-14,2.6787450313568115,7.150000095367432,7.239999771118164,7.139999866485596,7.139999866485596,60300
2016-04-15,2.6937310695648193,7.190000057220459,7.230000019073486,7.150000095367432,7.199999809265137,69300
2016-04-18,2.727449655532837,7.28000020980835,7.28000020980835,7.150000095367432,7.170000076293945,90400
2016-04-19,2.731196880340576,7.289999961853027,7.300000190734863,7.260000228881836,7.269999980926514,74000
2016-04-20,2.738689422607422,7.309999942779541,7.309999942779541,7.260000228881836,7.300000190734863,62800
2016-04-21,2.7424354553222656,7.320000171661377,7.320000171661377,7.25,7.269999980926514,86500
2016-04-22,2.738689422607422,7.309999942779541,7.360000133514404,7.28000020980835,7.28000020980835,78900
2016-04-25,2.719956636428833,7.260000228881836,7.320000171661377,7.210000038146973,7.309999942779541,130700
2016-04-26,2.738689422607422,7.309999942779541,7.320000171661377,7.260000228881836,7.309999942779541,43600
2016-04-27,2.7461819648742676,7.329999923706055,7.349999904632568,7.260000228881836,7.309999942779541,123200
2016-04-28,2.727449655532837,7.28000020980835,7.420000076293945,7.28000020980835,7.28000020980835,49800
2016-04-29,2.727449655532837,7.28000020980835,7.309999942779541,7.21999979019165,7.309999942779541,56900
2016-05-02,2.7461819648742676,7.329999923706055,7.340000152587891,7.300000190734863,7.329999923706055,90100
2016-05-03,2.731196880340576,7.289999961853027,7.300000190734863,7.239999771118164,7.300000190734863,49600
2016-05-04,2.7012243270874023,7.210000038146973,7.269999980926514,7.199999809265137,7.25,51600
2016-05-05,2.7012243270874023,7.210000038146973,7.289999961853027,7.190000057220459,7.289999961853027,57100
2016-05-06,2.689985513687134,7.179999828338623,7.190000057220459,7.130000114440918,7.190000057220459,87000
2016-05-09,2.6974785327911377,7.199999809265137,7.21999979019165,7.159999847412109,7.190000057220459,61600
2016-05-10,2.719956636428833,7.260000228881836,7.28000020980835,7.210000038146973,7.210000038146973,40800
2016-05-11,2.6974785327911377,7.199999809265137,7.28000020980835,7.170000076293945,7.260000228881836,91000
2016-05-12,2.6937310695648193,7.190000057220459,7.21999979019165,7.139999866485596,7.21999979019165,115800
2016-05-13,2.667505979537964,7.119999885559082,7.190000057220459,7.099999904632568,7.159999847412109,59300
2016-05-16,2.6974785327911377,7.199999809265137,7.210000038146973,7.119999885559082,7.130000114440918,128900
2016-05-17,2.6749980449676514,7.139999866485596,7.210000038146973,7.119999885559082,7.170000076293945,84800
2016-05-18,2.667505979537964,7.119999885559082,7.179999828338623,7.099999904632568,7.130000114440918,42500
2016-05-19,2.652519941329956,7.079999923706055,7.110000133514404,7.019999980926514,7.099999904632568,65700
2016-05-20,2.6600124835968018,7.099999904632568,7.139999866485596,7.079999923706055,7.099999904632568,45700
2016-05-23,2.6749980449676514,7.139999866485596,7.170000076293945,7.130000114440918,7.159999847412109,74000
2016-05-24,2.708717107772827,7.230000019073486,7.239999771118164,7.130000114440918,7.179999828338623,59800
2016-05-25,2.727449655532837,7.28000020980835,7.320000171661377,7.170000076293945,7.25,87200
2016-05-26,2.738689422607422,7.309999942779541,7.309999942779541,7.260000228881836,7.28000020980835,53600
2016-05-27,2.7536752223968506,7.349999904632568,7.369999885559082,7.329999923706055,7.349999904632568,52700
2016-05-31,2.7536752223968506,7.349999904632568,7.420000076293945,7.349999904632568,7.420000076293945,137600
2016-06-01,2.7536752223968506,7.349999904632568,7.400000095367432,7.329999923706055,7.349999904632568,98300
2016-06-02,2.7574219703674316,7.360000133514404,7.400000095367432,7.349999904632568,7.360000133514404,60000
2016-06-03,2.7686612606048584,7.389999866485596,7.409999847412109,7.360000133514404,7.400000095367432,100600
2016-06-06,2.7873942852020264,7.440000057220459,7.5,7.400000095367432,7.400000095367432,132200
2016-06-07,2.79114031791687,7.449999809265137,7.519999980926514,7.440000057220459,7.440000057220459,160600
2016-06-08,2.802379846572876,7.480000019073486,7.550000190734863,7.460000038146973,7.460000038146973,112600
2016-06-09,2.7948877811431885,7.460000038146973,7.489999771118164,7.440000057220459,7.449999809265137,96200
2016-06-10,2.7536752223968506,7.349999904632568,7.46999979019165,7.340000152587891,7.460000038146973,158900
2016-06-13,2.727449655532837,7.28000020980835,7.380000114440918,7.269999980926514,7.349999904632568,154100
2016-06-14,2.7119967937469482,7.019999980926514,7.139999866485596,7.0,7.099999904632568,109700
2016-06-15,2.7197234630584717,7.039999961853027,7.099999904632568,7.039999961853027,7.039999961853027,37300
2016-06-16,2.6965441703796387,6.980000019073486,7.039999961853027,6.949999809265137,7.039999961853027,110900
2016-06-17,2.704270362854004,7.0,7.03000020980835,6.960000038146973,6.960000038146973,31200
2016-06-20,2.7235867977142334,7.050000190734863,7.210000038146973,7.039999961853027,7.139999866485596,79900
2016-06-21,2.739039897918701,7.090000152587891,7.099999904632568,7.050000190734863,7.099999904632568,48200
2016-06-22,2.739039897918701,7.090000152587891,7.150000095367432,7.070000171661377,7.079999923706055,72000
2016-06-23,2.762219190597534,7.150000095367432,7.190000057220459,7.139999866485596,7.190000057220459,143800
2016-06-24,2.700406789779663,6.989999771118164,7.099999904632568,6.949999809265137,6.949999809265137,303300
2016-06-27,2.60768985748291,6.75,7.0,6.710000038146973,6.96999979019165,173000
2016-06-28,2.669501781463623,6.909999847412109,6.929999828338623,6.78000020980835,6.78000020980835,110600
2016-06-29,2.700406789779663,6.989999771118164,7.03000020980835,6.949999809265137,6.960000038146973,86400
2016-06-30,2.7235867977142334,7.050000190734863,7.130000114440918,6.989999771118164,7.039999961853027,98200
2016-07-01,2.7467663288116455,7.110000133514404,7.119999885559082,7.059999942779541,7.059999942779541,57200
2016-07-05,2.739039897918701,7.090000152587891,7.130000114440918,7.070000171661377,7.090000152587891,92900
2016-07-06,2.727450132369995,7.059999942779541,7.090000152587891,7.0,7.019999980926514,63500
2016-07-07,2.7351768016815186,7.079999923706055,7.130000114440918,7.050000190734863,7.050000190734863,60900
2016-07-08,2.7699458599090576,7.170000076293945,7.199999809265137,7.159999847412109,7.159999847412109,48100
2016-07-11,2.7931251525878906,7.230000019073486,7.239999771118164,7.179999828338623,7.190000057220459,60100
2016-07-12,2.8201675415039062,7.300000190734863,7.300000190734863,7.239999771118164,7.25,165500
2016-07-13,2.8317575454711914,7.329999923706055,7.329999923706055,7.289999961853027,7.320000171661377,82800
2016-07-14,2.8278942108154297,7.320000171661377,7.349999904632568,7.320000171661377,7.349999904632568,89500
2016-07-15,2.835620880126953,7.340000152587891,7.340000152587891,7.320000171661377,7.340000152587891,61500
2016-07-18,2.835620880126953,7.340000152587891,7.360000133514404,7.320000171661377,7.329999923706055,81000
2016-07-19,2.835620880126953,7.340000152587891,7.349999904632568,7.300000190734863,7.320000171661377,123700
2016-07-20,2.8472111225128174,7.369999885559082,7.389999866485596,7.320000171661377,7.340000152587891,108600
2016-07-21,2.8472111225128174,7.369999885559082,7.409999847412109,7.360000133514404,7.380000114440918,72700
2016-07-22,2.885842800140381,7.46999979019165,7.46999979019165,7.380000114440918,7.389999866485596,128100
2016-07-25,2.874253511428833,7.440000057220459,7.460000038146973,7.400000095367432,7.440000057220459,40900
2016-07-26,2.862663984298706,7.409999847412109,7.460000038146973,7.409999847412109,7.429999828338623,88800
2016-07-27,2.870389938354492,7.429999828338623,7.449999809265137,7.420000076293945,7.449999809265137,66700
2016-07-28,2.8665268421173096,7.420000076293945,7.440000057220459,7.400000095367432,7.409999847412109,48700
2016-07-29,2.88197922706604,7.460000038146973,7.480000019073486,7.409999847412109,7.409999847412109,82200
2016-08-01,2.870389938354492,7.429999828338623,7.510000228881836,7.420000076293945,7.480000019073486,96400
2016-08-02,2.8433475494384766,7.360000133514404,7.449999809265137,7.329999923706055,7.429999828338623,84300
2016-08-03,2.858799695968628,7.400000095367432,7.409999847412109,7.340000152587891,7.340000152587891,71000
2016-08-04,2.858799695968628,7.400000095367432,7.420000076293945,7.380000114440918,7.420000076293945,68500
2016-08-05,2.8935697078704834,7.489999771118164,7.510000228881836,7.420000076293945,7.420000076293945,417500
2016-08-08,2.8935697078704834,7.489999771118164,7.510000228881836,7.489999771118164,7.5,266100
2016-08-09,2.8974320888519287,7.5,7.539999961853027,7.489999771118164,7.519999980926514,104600
2016-08-10,2.916748285293579,7.550000190734863,7.550000190734863,7.5,7.53000020980835,116300
2016-08-11,2.955380916595459,7.650000095367432,7.699999809265137,7.550000190734863,7.570000171661377,378100
2016-08-12,2.974698781967163,7.699999809265137,7.699999809265137,7.630000114440918,7.650000095367432,215800
2016-08-15,2.974698781967163,7.699999809265137,7.730000019073486,7.679999828338623,7.699999809265137,127000
2016-08-16,2.97856068611145,7.710000038146973,7.710000038146973,7.679999828338623,7.699999809265137,98900
2016-08-17,2.966970682144165,7.679999828338623,7.710000038146973,7.650000095367432,7.659999847412109,150100
2016-08-18,2.9862873554229736,7.730000019073486,7.739999771118164,7.699999809265137,7.710000038146973,104000
2016-08-19,2.97856068611145,7.710000038146973,7.739999771118164,7.699999809265137,7.739999771118164,154100
2016-08-22,2.982424020767212,7.71999979019165,7.739999771118164,7.690000057220459,7.699999809265137,95100
2016-08-23,2.9901506900787354,7.739999771118164,7.78000020980835,7.71999979019165,7.75,108700
2016-08-24,2.9862873554229736,7.730000019073486,7.78000020980835,7.71999979019165,7.739999771118164,65400
2016-08-25,2.974698781967163,7.699999809265137,7.739999771118164,7.699999809265137,7.710000038146973,49700
2016-08-26,2.955380916595459,7.650000095367432,7.71999979019165,7.650000095367432,7.71999979019165,82900
2016-08-29,2.9631080627441406,7.670000076293945,7.730000019073486,7.659999847412109,7.659999847412109,84800
2016-08-30,2.959244728088379,7.659999847412109,7.690000057220459,7.650000095367432,7.670000076293945,70300
2016-08-31,2.974698781967163,7.699999809265137,7.699999809265137,7.639999866485596,7.650000095367432,116100
2016-09-01,2.9708340167999268,7.690000057220459,7.699999809265137,7.650000095367432,7.699999809265137,108800
2016-09-02,3.0056042671203613,7.78000020980835,7.78000020980835,7.739999771118164,7.739999771118164,72200
2016-09-06,3.0094668865203857,7.789999961853027,7.809999942779541,7.75,7.78000020980835,99700
2016-09-07,3.0365092754364014,7.860000133514404,7.860000133514404,7.769999980926514,7.800000190734863,100100
2016-09-08,3.051962375640869,7.900000095367432,7.900000095367432,7.809999942779541,7.869999885559082,77600
2016-09-09,3.001739740371704,7.769999980926514,7.849999904632568,7.769999980926514,7.840000152587891,113000
2016-09-12,2.994014024734497,7.75,7.789999961853027,7.699999809265137,7.71999979019165,140600
2016-09-13,2.9631080627441406,7.670000076293945,7.820000171661377,7.599999904632568,7.710000038146973,133800
2016-09-14,2.986971616744995,7.510000228881836,7.559999942779541,7.409999847412109,7.510000228881836,106100
2016-09-15,2.9790170192718506,7.489999771118164,7.53000020980835,7.449999809265137,7.5,120200
2016-09-16,2.9432215690612793,7.400000095367432,7.5,7.400000095367432,7.480000019073486,54800
2016-09-19,2.9193570613861084,7.340000152587891,7.46999979019165,7.340000152587891,7.409999847412109,89100
2016-09-20,2.9471988677978516,7.409999847412109,7.409999847412109,7.369999885559082,7.400000095367432,59900
2016-09-21,2.9631080627441406,7.449999809265137,7.460000038146973,7.389999866485596,7.420000076293945,84000
2016-09-22,2.9829940795898438,7.5,7.53000020980835,7.449999809265137,7.5,59500
2016-09-23,2.9710628986358643,7.46999979019165,7.570000171661377,7.440000057220459,7.539999961853027,110900
2016-09-26,3.0028820037841797,7.550000190734863,7.599999904632568,7.429999828338623,7.429999828338623,154400
2016-09-27,3.0625412464141846,7.699999809265137,7.860000133514404,7.53000020980835,7.53000020980835,182300
2016-09-28,3.090381383895874,7.769999980926514,7.849999904632568,7.670000076293945,7.739999771118164,207400
2016-09-29,3.026745319366455,7.610000133514404,7.78000020980835,7.599999904632568,7.760000228881836,65100
2016-09-30,3.058562994003296,7.690000057220459,7.730000019073486,7.650000095367432,7.650000095367432,45900
2016-10-03,3.0784504413604736,7.739999771118164,7.75,7.679999828338623,7.679999828338623,60600
2016-10-04,3.0545856952667236,7.679999828338623,7.800000190734863,7.659999847412109,7.769999980926514,34000
2016-10-05,3.07049560546875,7.71999979019165,7.730000019073486,7.690000057220459,7.730000019073486,26700
2016-10-06,3.0466320514678955,7.659999847412109,7.75,7.659999847412109,7.75,36600
2016-10-07,3.042654037475586,7.650000095367432,7.699999809265137,7.650000095367432,7.650000095367432,34400
2016-10-10,3.042654037475586,7.650000095367432,7.71999979019165,7.650000095367432,7.659999847412109,47000
2016-10-11,3.026745319366455,7.610000133514404,7.710000038146973,7.599999904632568,7.670000076293945,46900
2016-10-12,3.02276873588562,7.599999904632568,7.650000095367432,7.599999904632568,7.619999885559082,32900
2016-10-13,3.0108349323272705,7.570000171661377,7.599999904632568,7.489999771118164,7.550000190734863,99000
2016-10-14,3.0108349323272705,7.570000171661377,7.630000114440918,7.559999942779541,7.619999885559082,69700
2016-10-17,2.9710628986358643,7.46999979019165,7.550000190734863,7.46999979019165,7.519999980926514,76100
2016-10-18,2.9432215690612793,7.400000095367432,7.53000020980835,7.389999866485596,7.53000020980835,123400
2016-10-19,2.9790170192718506,7.489999771118164,7.619999885559082,7.360000133514404,7.360000133514404,199500
2016-10-20,2.9591310024261475,7.440000057220459,7.510000228881836,7.400000095367432,7.489999771118164,89600
2016-10-21,2.9631080627441406,7.449999809265137,7.480000019073486,7.400000095367432,7.420000076293945,51700
2016-10-24,2.998903512954712,7.539999961853027,7.550000190734863,7.510000228881836,7.519999980926514,56300
2016-10-25,2.9949262142181396,7.53000020980835,7.559999942779541,7.53000020980835,7.53000020980835,30800
2016-10-26,3.0108349323272705,7.570000171661377,7.590000152587891,7.519999980926514,7.519999980926514,42800
2016-10-27,3.0028820037841797,7.550000190734863,7.590000152587891,7.519999980926514,7.590000152587891,34100
2016-10-28,2.9591310024261475,7.440000057220459,7.579999923706055,7.440000057220459,7.53000020980835,53300
2016-10-31,2.9909496307373047,7.519999980926514,7.610000133514404,7.449999809265137,7.559999942779541,125600
2016-11-01,2.9790170192718506,7.489999771118164,7.579999923706055,7.429999828338623,7.519999980926514,29000
2016-11-02,2.9034476280212402,7.300000190734863,7.46999979019165,7.300000190734863,7.460000038146973,64300
2016-11-03,2.871628999710083,7.21999979019165,7.369999885559082,7.21999979019165,7.300000190734863,83500
2016-11-04,2.855720281600952,7.179999828338623,7.360000133514404,7.150000095367432,7.260000228881836,75900
2016-11-07,2.875606060028076,7.230000019073486,7.400000095367432,7.21999979019165,7.28000020980835,46700
2016-11-08,2.883561611175537,7.25,7.289999961853027,7.199999809265137,7.21999979019165,57700
2016-11-09,2.899470567703247,7.289999961853027,7.389999866485596,7.150000095367432,7.150000095367432,95100
2016-11-10,2.9034476280212402,7.300000190734863,7.349999904632568,7.260000228881836,7.349999904632568,72800
2016-11-11,2.9034476280212402,7.300000190734863,7.329999923706055,7.260000228881836,7.28000020980835,68800
2016-11-14,2.9233341217041016,7.349999904632568,7.380000114440918,7.269999980926514,7.269999980926514,86500
2016-11-15,2.9829940795898438,7.5,7.5,7.329999923706055,7.329999923706055,99300
2016-11-16,2.9591310024261475,7.440000057220459,7.559999942779541,7.409999847412109,7.5,63500
2016-11-17,2.9631080627441406,7.449999809265137,7.5,7.400000095367432,7.460000038146973,79400
2016-11-18,2.9670848846435547,7.460000038146973,7.519999980926514,7.449999809265137,7.510000228881836,49100
2016-11-21,2.9670848846435547,7.460000038146973,7.46999979019165,7.320000171661377,7.449999809265137,121300
2016-11-22,3.0148134231567383,7.579999923706055,7.579999923706055,7.5,7.519999980926514,95200
2016-11-23,2.9790170192718506,7.489999771118164,7.579999923706055,7.460000038146973,7.570000171661377,87200
2016-11-25,2.9750397205352783,7.480000019073486,7.559999942779541,7.480000019073486,7.539999961853027,26100
2016-11-28,2.9670848846435547,7.460000038146973,7.489999771118164,7.449999809265137,7.460000038146973,88300
2016-11-29,2.998903512954712,7.539999961853027,7.539999961853027,7.5,7.5,48600
2016-11-30,2.9591310024261475,7.440000057220459,7.619999885559082,7.440000057220459,7.570000171661377,82600
2016-12-01,2.955152988433838,7.429999828338623,7.5,7.349999904632568,7.389999866485596,67700
2016-12-02,2.9631080627441406,7.449999809265137,7.5,7.369999885559082,7.389999866485596,47500
2016-12-05,2.9750397205352783,7.480000019073486,7.550000190734863,7.46999979019165,7.46999979019165,28800
2016-12-06,2.9790170192718506,7.489999771118164,7.5,7.440000057220459,7.480000019073486,65900
2016-12-07,2.999366044998169,7.369999885559082,7.420000076293945,7.269999980926514,7.269999980926514,110000
2016-12-08,2.962738513946533,7.28000020980835,7.400000095367432,7.230000019073486,7.360000133514404,174100
2016-12-09,2.9790165424346924,7.320000171661377,7.349999904632568,7.260000228881836,7.309999942779541,78500
2016-12-12,2.950529098510742,7.25,7.320000171661377,7.210000038146973,7.320000171661377,87100
2016-12-13,2.966808319091797,7.289999961853027,7.309999942779541,7.230000019073486,7.300000190734863,79900
2016-12-14,2.950529098510742,7.25,7.300000190734863,7.25,7.28000020980835,45200
2016-12-15,2.9586687088012695,7.269999980926514,7.309999942779541,7.210000038146973,7.239999771118164,119700
2016-12-16,2.962738513946533,7.28000020980835,7.309999942779541,7.239999771118164,7.289999961853027,123800
2016-12-19,3.0034353733062744,7.380000114440918,7.400000095367432,7.239999771118164,7.300000190734863,211300
2016-12-20,3.0278542041778564,7.440000057220459,7.440000057220459,7.340000152587891,7.369999885559082,131100
2016-12-21,3.0034353733062744,7.380000114440918,7.5,7.369999885559082,7.449999809265137,82700
2016-12-22,3.0156445503234863,7.409999847412109,7.449999809265137,7.369999885559082,7.400000095367432,51600
2016-12-23,2.9749481678009033,7.309999942779541,7.420000076293945,7.309999942779541,7.380000114440918,59500
2016-12-27,2.9749481678009033,7.309999942779541,7.340000152587891,7.25,7.269999980926514,123500
2016-12-28,2.950529098510742,7.25,7.320000171661377,7.21999979019165,7.309999942779541,138500
2016-12-29,2.950529098510742,7.25,7.28000020980835,7.21999979019165,7.25,75300
2016-12-30,2.9464595317840576,7.239999771118164,7.25,7.179999828338623,7.239999771118164,104400
2017-01-03,2.9586687088012695,7.269999980926514,7.289999961853027,7.21999979019165,7.230000019073486,61600
2017-01-04,2.987156391143799,7.340000152587891,7.349999904632568,7.309999942779541,7.329999923706055,50300
2017-01-05,3.01971435546875,7.420000076293945,7.420000076293945,7.340000152587891,7.380000114440918,53400
2017-01-06,3.0278542041778564,7.440000057220459,7.46999979019165,7.380000114440918,7.380000114440918,79200
2017-01-09,3.0441319942474365,7.480000019073486,7.5,7.429999828338623,7.449999809265137,41700
2017-01-10,3.031923294067383,7.449999809265137,7.489999771118164,7.409999847412109,7.46999979019165,37100
2017-01-11,3.040062665939331,7.46999979019165,7.489999771118164,7.409999847412109,7.449999809265137,53600
2017-01-12,3.048201560974121,7.489999771118164,7.5,7.409999847412109,7.449999809265137,35700
2017-01-13,3.060411214828491,7.519999980926514,7.519999980926514,7.480000019073486,7.480000019073486,46700
2017-01-17,3.0644800662994385,7.53000020980835,7.570000171661377,7.449999809265137,7.46999979019165,162300
2017-01-18,3.0563409328460693,7.510000228881836,7.559999942779541,7.440000057220459,7.559999942779541,121600
2017-01-19,3.048201560974121,7.489999771118164,7.5,7.449999809265137,7.480000019073486,99800
2017-01-20,3.0644800662994385,7.53000020980835,7.53000020980835,7.489999771118164,7.510000228881836,57800
2017-01-23,3.0888986587524414,7.590000152587891,7.590000152587891,7.489999771118164,7.550000190734863,49900
2017-01-24,3.097038745880127,7.610000133514404,7.639999866485596,7.570000171661377,7.639999866485596,67500
2017-01-25,3.11738657951355,7.659999847412109,7.670000076293945,7.619999885559082,7.630000114440918,85700
2017-01-26,3.1295950412750244,7.690000057220459,7.699999809265137,7.610000133514404,7.630000114440918,87000
2017-01-27,3.1418046951293945,7.71999979019165,7.730000019073486,7.690000057220459,7.710000038146973,74600
2017-01-30,3.1336660385131836,7.699999809265137,7.710000038146973,7.639999866485596,7.670000076293945,51900
2017-01-31,3.1458747386932373,7.730000019073486,7.730000019073486,7.679999828338623,7.679999828338623,59200
2017-02-01,3.1540141105651855,7.75,7.75,7.71999979019165,7.739999771118164,32300
2017-02-02,3.1336660385131836,7.699999809265137,7.75,7.690000057220459,7.730000019073486,53400
2017-02-03,3.1662232875823975,7.78000020980835,7.78000020980835,7.71999979019165,7.739999771118164,27200
2017-02-06,3.158083438873291,7.760000228881836,7.78000020980835,7.739999771118164,7.760000228881836,32700
2017-02-07,3.1418046951293945,7.71999979019165,7.789999961853027,7.71999979019165,7.760000228881836,68600
2017-02-08,3.13773512840271,7.710000038146973,7.71999979019165,7.679999828338623,7.710000038146973,46100
2017-02-09,3.149945020675659,7.739999771118164,7.760000228881836,7.710000038146973,7.710000038146973,52000
2017-02-10,3.1784327030181885,7.809999942779541,7.809999942779541,7.75,7.760000228881836,43100
2017-02-13,3.198779821395874,7.860000133514404,7.860000133514404,7.809999942779541,7.809999942779541,58200
2017-02-14,3.202850103378296,7.869999885559082,7.869999885559082,7.809999942779541,7.849999904632568,82300
2017-02-15,3.2272684574127197,7.929999828338623,7.929999828338623,7.849999904632568,7.860000133514404,55400
2017-02-16,3.2272684574127197,7.929999828338623,7.949999809265137,7.880000114440918,7.929999828338623,108800
2017-02-17,3.2313382625579834,7.940000057220459,7.940000057220459,7.889999866485596,7.929999828338623,61500
2017-02-21,3.24761700630188,7.980000019073486,8.0,7.949999809265137,7.980000019073486,105100
2017-02-22,3.243547201156616,7.96999979019165,8.0,7.929999828338623,7.96999979019165,54200
2017-02-23,3.24761700630188,7.980000019073486,8.0,7.980000019073486,7.989999771118164,49800
2017-02-24,3.2720353603363037,8.039999961853027,8.050000190734863,7.980000019073486,7.980000019073486,117500
2017-02-27,3.2842447757720947,8.069999694824219,8.069999694824219,8.039999961853027,8.0600004196167,155200
2017-02-28,3.24761700630188,7.980000019073486,8.109999656677246,7.96999979019165,8.050000190734863,138700
2017-03-01,3.26796555519104,8.029999732971191,8.069999694824219,8.010000228881836,8.020000457763672,54900
2017-03-02,3.2516868114471436,7.989999771118164,8.0600004196167,7.949999809265137,8.020000457763672,77800
2017-03-03,3.263895273208618,8.020000457763672,8.029999732971191,7.980000019073486,7.989999771118164,61400
2017-03-06,3.2598259449005127,8.010000228881836,8.020000457763672,7.989999771118164,7.989999771118164,84100
2017-03-07,3.24761700630188,7.980000019073486,8.029999732971191,7.960000038146973,8.0,53900
2017-03-08,3.26796555519104,8.029999732971191,8.050000190734863,7.980000019073486,8.020000457763672,90300
2017-03-09,3.215059518814087,7.900000095367432,8.050000190734863,7.820000171661377,8.029999732971191,98900
2017-03-10,3.263895273208618,8.020000457763672,8.029999732971191,7.940000057220459,7.949999809265137,52100
2017-03-13,3.2842447757720947,8.069999694824219,8.069999694824219,8.010000228881836,8.020000457763672,74700
2017-03-14,3.2923836708068848,8.09000015258789,8.100000381469727,8.020000457763672,8.0600004196167,144600
2017-03-15,3.3216679096221924,7.940000057220459,7.96999979019165,7.849999904632568,7.889999866485596,93600
2017-03-16,3.3091180324554443,7.909999847412109,7.96999979019165,7.900000095367432,7.929999828338623,49500
2017-03-17,3.3300347328186035,7.960000038146973,7.96999979019165,7.929999828338623,7.960000038146973,43600
2017-03-20,3.3216679096221924,7.940000057220459,7.980000019073486,7.900000095367432,7.96999979019165,53000
2017-03-21,3.300750255584717,7.889999866485596,8.029999732971191,7.860000133514404,7.960000038146973,105700
2017-03-22,3.2882001399993896,7.860000133514404,7.960000038146973,7.840000152587891,7.849999904632568,58200
2017-03-23,3.2882001399993896,7.860000133514404,7.889999866485596,7.829999923706055,7.849999904632568,93000
2017-03-24,3.313300848007202,7.920000076293945,7.940000057220459,7.860000133514404,7.900000095367432,80700
2017-03-27,3.355135679244995,8.020000457763672,8.029999732971191,7.889999866485596,7.900000095367432,203600
2017-03-28,3.3342177867889404,7.96999979019165,8.079999923706055,7.889999866485596,8.010000228881836,235900
2017-03-29,3.338402032852173,7.980000019073486,8.020000457763672,7.940000057220459,7.960000038146973,54800
2017-03-30,3.346768856048584,8.0,8.039999961853027,7.989999771118164,7.989999771118164,24700
2017-03-31,3.3760533332824707,8.069999694824219,8.069999694824219,7.989999771118164,7.989999771118164,33500
2017-04-03,3.3718695640563965,8.0600004196167,8.100000381469727,8.029999732971191,8.100000381469727,51300
2017-04-04,3.3635025024414062,8.039999961853027,8.079999923706055,8.020000457763672,8.039999961853027,41500
2017-04-05,3.3760533332824707,8.069999694824219,8.149999618530273,8.0600004196167,8.069999694824219,99400
2017-04-06,3.388604164123535,8.100000381469727,8.130000114440918,8.029999732971191,8.109999656677246,96200
2017-04-07,3.40533709526062,8.140000343322754,8.140000343322754,8.079999923706055,8.109999656677246,45300
2017-04-10,3.426255226135254,8.1899995803833,8.220000267028809,8.119999885559082,8.140000343322754,91300
2017-04-11,3.451354503631592,8.25,8.25,8.130000114440918,8.180000305175781,102600
2017-04-12,3.401154041290283,8.130000114440918,8.220000267028809,8.09000015258789,8.210000038146973,119300
2017-04-13,3.4137048721313477,8.15999984741211,8.199999809265137,8.079999923706055,8.15999984741211,72100
2017-04-17,3.4178874492645264,8.170000076293945,8.1899995803833,8.140000343322754,8.15999984741211,40000
2017-04-18,3.40533709526062,8.140000343322754,8.199999809265137,8.130000114440918,8.149999618530273,64700
2017-04-19,3.442988872528076,8.229999542236328,8.229999542236328,8.130000114440918,8.170000076293945,95300
2017-04-20,3.4597222805023193,8.270000457763672,8.289999961853027,8.1899995803833,8.210000038146973,61100
2017-04-21,3.480639696121216,8.319999694824219,8.319999694824219,8.270000457763672,8.279999732971191,58400
2017-04-24,3.4304375648498535,8.199999809265137,8.4399995803833,8.199999809265137,8.380000114440918,214400
2017-04-25,3.489006519317627,8.34000015258789,8.34000015258789,8.220000267028809,8.229999542236328,80500
2017-04-26,3.5057404041290283,8.380000114440918,8.399999618530273,8.34000015258789,8.350000381469727,91300
2017-04-27,3.501556634902954,8.369999885559082,8.420000076293945,8.369999885559082,8.390000343322754,51800
2017-04-28,3.543391704559326,8.470000267028809,8.470000267028809,8.40999984741211,8.4399995803833,65100
2017-05-01,3.5726749897003174,8.539999961853027,8.539999961853027,8.470000267028809,8.5,36000
2017-05-02,3.5726749897003174,8.539999961853027,8.630000114440918,8.5,8.579999923706055,65400
2017-05-03,3.5726749897003174,8.539999961853027,8.579999923706055,8.520000457763672,8.569999694824219,62900
2017-05-04,3.5517578125,8.489999771118164,8.579999923706055,8.329999923706055,8.510000228881836,127500
2017-05-05,3.543391704559326,8.470000267028809,8.520000457763672,8.460000038146973,8.520000457763672,53900
2017-05-08,3.543391704559326,8.470000267028809,8.529999732971191,8.4399995803833,8.529999732971191,40700
2017-05-09,3.5141079425811768,8.399999618530273,8.479999542236328,8.399999618530273,8.4399995803833,57400
2017-05-10,3.518291473388672,8.40999984741211,8.479999542236328,8.40999984741211,8.4399995803833,41500
2017-05-11,3.489006519317627,8.34000015258789,8.4399995803833,8.34000015258789,8.4399995803833,79000
2017-05-12,3.543391704559326,8.470000267028809,8.470000267028809,8.329999923706055,8.380000114440918,62900
2017-05-15,3.5517578125,8.489999771118164,8.609999656677246,8.4399995803833,8.4399995803833,76900
2017-05-16,3.547574758529663,8.479999542236328,8.539999961853027,8.470000267028809,8.520000457763672,65600
2017-05-17,3.484822988510132,8.329999923706055,8.470000267028809,8.329999923706055,8.40999984741211,58700
2017-05-18,3.501556634902954,8.369999885559082,8.449999809265137,8.270000457763672,8.289999961853027,82800
2017-05-19,3.5559422969818115,8.5,8.529999732971191,8.420000076293945,8.420000076293945,45200
2017-05-22,3.581042766571045,8.5600004196167,8.65999984741211,8.550000190734863,8.59000015258789,67400
2017-05-23,3.6228761672973633,8.65999984741211,8.670000076293945,8.600000381469727,8.600000381469727,87400
2017-05-24,3.6186931133270264,8.649999618530273,8.6899995803833,8.630000114440918,8.6899995803833,40800
2017-05-25,3.668896198272705,8.770000457763672,8.819999694824219,8.699999809265137,8.710000038146973,174200
2017-05-26,3.6605286598205566,8.75,8.829999923706055,8.75,8.770000457763672,100400
2017-05-30,3.6605286598205566,8.75,8.84000015258789,8.75,8.8100004196167,56400
2017-05-31,3.668896198272705,8.770000457763672,8.899999618530273,8.770000457763672,8.859999656677246,80900
2017-06-01,3.6563448905944824,8.739999771118164,9.0,8.619999885559082,8.859999656677246,247400
2017-06-02,3.6939961910247803,8.829999923706055,8.829999923706055,8.75,8.75,50000
2017-06-05,3.7400126457214355,8.9399995803833,8.989999771118164,8.869999885559082,8.890000343322754,56800
2017-06-06,3.735830783843994,8.930000305175781,8.989999771118164,8.920000076293945,8.960000038146973,58000
2017-06-07,3.781848192214966,9.039999961853027,9.0600004196167,8.960000038146973,8.979999542236328,82800
2017-06-08,3.794398546218872,9.069999694824219,9.069999694824219,9.029999732971191,9.069999694824219,91200
2017-06-09,3.798582077026367,9.079999923706055,9.140000343322754,9.069999694824219,9.069999694824219,84400
2017-06-12,3.8320491313934326,9.15999984741211,9.15999984741211,8.9399995803833,9.020000457763672,136700
2017-06-13,3.869701385498047,9.25,9.260000228881836,9.039999961853027,9.260000228881836,99000
2017-06-14,3.8782715797424316,9.050000190734863,9.109999656677246,8.8100004196167,8.960000038146973,108500
2017-06-15,3.732569456100464,8.710000038146973,9.020000457763672,8.699999809265137,9.010000228881836,146900
2017-06-16,3.745424747467041,8.739999771118164,8.779999732971191,8.710000038146973,8.770000457763672,75300
2017-06-19,3.7839932441711426,8.829999923706055,8.850000381469727,8.75,8.75,93000
2017-06-20,3.766852378845215,8.789999961853027,8.890000343322754,8.729999542236328,8.850000381469727,89900
2017-06-21,3.7197136878967285,8.680000305175781,8.770000457763672,8.680000305175781,8.75,80300
2017-06-22,3.7754228115081787,8.8100004196167,8.84000015258789,8.65999984741211,8.720000267028809,77100
2017-06-23,3.74971079826355,8.75,8.960000038146973,8.729999542236328,8.890000343322754,114800
2017-06-26,3.835418462753296,8.949999809265137,8.989999771118164,8.819999694824219,8.84000015258789,153300
2017-06-27,3.869701385498047,9.029999732971191,9.029999732971191,8.899999618530273,8.970000267028809,115000
2017-06-28,3.848273754119873,8.979999542236328,9.0600004196167,8.930000305175781,9.050000190734863,77900
2017-06-29,3.8139917850494385,8.899999618530273,9.010000228881836,8.869999885559082,9.0,79700
2017-06-30,3.8311328887939453,8.9399995803833,8.9399995803833,8.819999694824219,8.890000343322754,49000
2017-07-03,3.869701385498047,9.029999732971191,9.050000190734863,8.9399995803833,9.0,35000
2017-07-05,3.835418462753296,8.949999809265137,9.010000228881836,8.920000076293945,9.0,42000
2017-07-06,3.835418462753296,8.949999809265137,8.989999771118164,8.90999984741211,8.9399995803833,65000
2017-07-07,3.8782715797424316,9.050000190734863,9.119999885559082,9.0,9.010000228881836,108200
2017-07-10,3.8825576305389404,9.0600004196167,9.119999885559082,9.0600004196167,9.109999656677246,37300
2017-07-11,3.873985528945923,9.039999961853027,9.079999923706055,9.020000457763672,9.079999923706055,44400
2017-07-12,3.891127347946167,9.079999923706055,9.109999656677246,9.0600004196167,9.100000381469727,44100
2017-07-13,3.895413875579834,9.09000015258789,9.119999885559082,9.0600004196167,9.119999885559082,55700
2017-07-14,3.9039852619171143,9.109999656677246,9.130000114440918,9.069999694824219,9.079999923706055,64500
2017-07-17,3.9082698822021484,9.119999885559082,9.180000305175781,9.119999885559082,9.119999885559082,45700
2017-07-18,3.9211266040802,9.149999618530273,9.210000038146973,9.079999923706055,9.1899995803833,63800
2017-07-19,3.925410747528076,9.15999984741211,9.199999809265137,9.119999885559082,9.119999885559082,73000
2017-07-20,3.925410747528076,9.15999984741211,9.239999771118164,9.15999984741211,9.229999542236328,65700
2017-07-21,3.929697275161743,9.170000076293945,9.25,9.15999984741211,9.15999984741211,81300
2017-07-24,3.9425528049468994,9.199999809265137,9.239999771118164,9.1899995803833,9.239999771118164,62300
2017-07-25,3.951122999191284,9.220000267028809,9.270000457763672,9.199999809265137,9.270000457763672,57200
2017-07-26,3.9425528049468994,9.199999809265137,9.270000457763672,9.199999809265137,9.199999809265137,55800
2017-07-27,3.951122999191284,9.220000267028809,9.34000015258789,9.199999809265137,9.279999732971191,87100
2017-07-28,3.9939770698547363,9.319999694824219,9.350000381469727,9.229999542236328,9.350000381469727,47300
2017-07-31,4.096826076507568,9.5600004196167,9.5600004196167,9.300000190734863,9.319999694824219,182100
2017-08-01,4.152535915374756,9.6899995803833,9.819999694824219,9.520000457763672,9.640000343322754,137600
2017-08-02,4.109682559967041,9.59000015258789,9.789999961853027,9.579999923706055,9.789999961853027,136500
2017-08-03,4.071113109588623,9.5,9.600000381469727,9.489999771118164,9.569999694824219,70300
2017-08-04,4.028259754180908,9.399999618530273,9.520000457763672,9.390000343322754,9.520000457763672,70600
2017-08-07,4.032546043395996,9.40999984741211,9.449999809265137,9.399999618530273,9.430000305175781,39300
2017-08-08,4.058258056640625,9.470000267028809,9.520000457763672,9.420000076293945,9.470000267028809,87100
2017-08-09,4.0025482177734375,9.34000015258789,9.520000457763672,9.34000015258789,9.520000457763672,53600
2017-08-10,3.886843204498291,9.069999694824219,9.350000381469727,9.0600004196167,9.350000381469727,118000
2017-08-11,3.895413875579834,9.09000015258789,9.109999656677246,8.6899995803833,9.0,120200
2017-08-14,3.9339823722839355,9.180000305175781,9.229999542236328,9.130000114440918,9.149999618530273,67000
2017-08-15,3.951122999191284,9.220000267028809,9.220000267028809,9.069999694824219,9.180000305175781,42600
2017-08-16,3.972550392150879,9.270000457763672,9.3100004196167,9.220000267028809,9.229999542236328,69500
2017-08-17,3.929697275161743,9.170000076293945,9.279999732971191,9.15999984741211,9.260000228881836,56700
2017-08-18,3.912555456161499,9.130000114440918,9.170000076293945,9.039999961853027,9.130000114440918,84600
2017-08-21,3.895413875579834,9.09000015258789,9.15999984741211,9.09000015258789,9.149999618530273,55500
2017-08-22,3.9596951007843018,9.239999771118164,9.239999771118164,9.149999618530273,9.149999618530273,22900
2017-08-23,3.955409049987793,9.229999542236328,9.239999771118164,9.199999809265137,9.229999542236328,23200
2017-08-24,3.9339823722839355,9.180000305175781,9.229999542236328,9.119999885559082,9.199999809265137,33200
2017-08-25,3.9468374252319336,9.210000038146973,9.239999771118164,9.1899995803833,9.199999809265137,28700
2017-08-28,3.9339823722839355,9.180000305175781,9.220000267028809,9.180000305175781,9.220000267028809,26800
2017-08-29,3.9425528049468994,9.199999809265137,9.229999542236328,9.130000114440918,9.130000114440918,41700
2017-08-30,3.972550392150879,9.270000457763672,9.289999961853027,9.220000267028809,9.229999542236328,64800
2017-08-31,3.9939770698547363,9.319999694824219,9.399999618530273,9.300000190734863,9.319999694824219,56100
2017-09-01,4.023975372314453,9.390000343322754,9.430000305175781,9.329999923706055,9.329999923706055,23000
2017-09-05,3.9596951007843018,9.239999771118164,9.4399995803833,9.140000343322754,9.4399995803833,108700
2017-09-06,4.041116714477539,9.430000305175781,9.489999771118164,9.270000457763672,9.270000457763672,98200
2017-09-07,4.01540470123291,9.369999885559082,9.5,9.350000381469727,9.5,72300
2017-09-08,4.0111188888549805,9.359999656677246,9.449999809265137,9.329999923706055,9.449999809265137,35000
2017-09-11,4.032546043395996,9.40999984741211,9.449999809265137,9.390000343322754,9.430000305175781,75300
2017-09-12,4.075398921966553,9.510000228881836,9.510000228881836,9.430000305175781,9.489999771118164,43000
2017-09-13,4.083970546722412,9.529999732971191,9.579999923706055,9.510000228881836,9.550000190734863,31900
2017-09-14,4.0532636642456055,9.239999771118164,9.34000015258789,9.180000305175781,9.34000015258789,42300
2017-09-15,4.088356971740723,9.319999694824219,9.380000114440918,9.220000267028809,9.220000267028809,70300
2017-09-18,4.105902671813965,9.359999656677246,9.4399995803833,9.34000015258789,9.380000114440918,70300
2017-09-19,4.1146769523620605,9.380000114440918,9.449999809265137,9.350000381469727,9.350000381469727,35000
2017-09-20,4.149768829345703,9.460000038146973,9.510000228881836,9.420000076293945,9.420000076293945,103300
2017-09-21,4.16731595993042,9.5,9.510000228881836,9.430000305175781,9.5,55900
2017-09-22,4.250662326812744,9.6899995803833,9.859999656677246,9.470000267028809,9.510000228881836,252100
2017-09-25,4.233115196228027,9.649999618530273,9.84000015258789,9.630000114440918,9.800000190734863,107900
2017-09-26,4.25943660736084,9.710000038146973,9.760000228881836,9.65999984741211,9.699999809265137,66400
2017-09-27,4.233115196228027,9.649999618530273,9.75,9.640000343322754,9.699999809265137,66200
2017-09-28,4.206797122955322,9.59000015258789,9.699999809265137,9.539999961853027,9.699999809265137,84100
2017-09-29,4.24627685546875,9.680000305175781,9.699999809265137,9.600000381469727,9.619999885559082,51000
2017-10-02,4.241889953613281,9.670000076293945,9.760000228881836,9.670000076293945,9.729999542236328,40600
2017-10-03,4.24627685546875,9.680000305175781,9.760000228881836,9.649999618530273,9.699999809265137,65100
2017-10-04,4.250662326812744,9.6899995803833,9.760000228881836,9.680000305175781,9.680000305175781,49800
2017-10-05,4.2725958824157715,9.739999771118164,9.779999732971191,9.710000038146973,9.710000038146973,59500
2017-10-06,4.2375030517578125,9.65999984741211,9.729999542236328,9.65999984741211,9.699999809265137,50900
2017-10-09,4.250662326812744,9.6899995803833,9.729999542236328,9.65999984741211,9.710000038146973,30600
2017-10-10,4.233115196228027,9.649999618530273,9.699999809265137,9.630000114440918,9.6899995803833,46300
2017-10-11,4.1892499923706055,9.550000190734863,9.6899995803833,9.529999732971191,9.65999984741211,102400
2017-10-12,4.176089763641357,9.520000457763672,9.550000190734863,9.380000114440918,9.5,144900
2017-10-13,4.154156684875488,9.470000267028809,9.520000457763672,9.449999809265137,9.479999542236328,76800
2017-10-16,4.158543109893799,9.479999542236328,9.520000457763672,9.460000038146973,9.460000038146973,46400
2017-10-17,4.140995025634766,9.4399995803833,9.520000457763672,9.430000305175781,9.520000457763672,35800
2017-10-18,4.140995025634766,9.4399995803833,9.470000267028809,9.420000076293945,9.420000076293945,49900
2017-10-19,4.1146769523620605,9.380000114440918,9.40999984741211,9.359999656677246,9.399999618530273,82900
2017-10-20,4.11029052734375,9.369999885559082,9.449999809265137,9.3100004196167,9.399999618530273,74700
2017-10-23,4.044490814208984,9.220000267028809,9.359999656677246,9.220000267028809,9.359999656677246,74900
2017-10-24,4.035717010498047,9.199999809265137,9.25,9.130000114440918,9.25,103600
2017-10-25,3.9611449241638184,9.029999732971191,9.199999809265137,9.010000228881836,9.199999809265137,118200
2017-10-26,3.763745069503784,8.579999923706055,9.09000015258789,8.579999923706055,9.069999694824219,285600
2017-10-27,3.8207719326019287,8.710000038146973,8.829999923706055,8.640000343322754,8.640000343322754,109800
2017-10-30,3.8383185863494873,8.75,8.899999618530273,8.670000076293945,8.670000076293945,82000
2017-10-31,3.9041178226470947,8.899999618530273,8.960000038146973,8.770000457763672,8.770000457763672,104900
2017-11-01,3.9392101764678955,8.979999542236328,9.029999732971191,8.960000038146973,8.960000038146973,38500
2017-11-02,3.9172780513763428,8.930000305175781,9.029999732971191,8.890000343322754,9.0,65600
2017-11-03,3.855865001678467,8.789999961853027,8.869999885559082,8.789999961853027,8.859999656677246,63600
2017-11-06,3.82515811920166,8.720000267028809,8.770000457763672,8.699999809265137,8.739999771118164,132000
2017-11-07,3.8383185863494873,8.75,8.8100004196167,8.720000267028809,8.739999771118164,61600
2017-11-08,3.8909571170806885,8.869999885559082,8.930000305175781,8.739999771118164,8.789999961853027,79700
2017-11-09,3.851477861404419,8.779999732971191,8.880000114440918,8.720000267028809,8.850000381469727,68700
2017-11-10,3.8470921516418457,8.770000457763672,8.850000381469727,8.75,8.770000457763672,72400
2017-11-13,3.8163845539093018,8.699999809265137,8.800000190734863,8.6899995803833,8.770000457763672,35100
2017-11-14,3.7725183963775635,8.600000381469727,8.739999771118164,8.520000457763672,8.6899995803833,94700
2017-11-15,3.7681326866149902,8.59000015258789,8.600000381469727,8.420000076293945,8.600000381469727,78100
2017-11-16,3.728651762008667,8.5,8.59000015258789,8.489999771118164,8.539999961853027,267700
2017-11-17,3.7330379486083984,8.510000228881836,8.539999961853027,8.460000038146973,8.470000267028809,255300
2017-11-20,3.7461984157562256,8.539999961853027,8.579999923706055,8.5,8.5600004196167,231900
2017-11-21,3.7944517135620117,8.649999618530273,8.670000076293945,8.579999923706055,8.579999923706055,72500
2017-11-22,3.8207719326019287,8.710000038146973,8.770000457763672,8.649999618530273,8.649999618530273,101500
2017-11-24,3.855865001678467,8.789999961853027,8.800000190734863,8.720000267028809,8.720000267028809,34400
2017-11-27,3.8427047729492188,8.760000228881836,8.829999923706055,8.75,8.829999923706055,76900
2017-11-28,3.8470921516418457,8.770000457763672,8.850000381469727,8.75,8.789999961853027,83900
2017-11-29,3.851477861404419,8.779999732971191,8.819999694824219,8.739999771118164,8.800000190734863,40500
2017-11-30,3.8646390438079834,8.8100004196167,8.859999656677246,8.800000190734863,8.829999923706055,120000
2017-12-01,3.877798318862915,8.84000015258789,8.859999656677246,8.75,8.859999656677246,99700
2017-12-04,3.8953444957733154,8.880000114440918,8.920000076293945,8.859999656677246,8.920000076293945,95400
2017-12-05,3.908505916595459,8.90999984741211,8.9399995803833,8.869999885559082,8.920000076293945,77000
2017-12-06,3.908505916595459,8.90999984741211,8.9399995803833,8.869999885559082,8.9399995803833,80400
2017-12-07,3.899508476257324,8.670000076293945,8.710000038146973,8.640000343322754,8.710000038146973,80700
2017-12-08,3.859029531478882,8.579999923706055,8.699999809265137,8.5600004196167,8.640000343322754,155900
2017-12-11,3.8725223541259766,8.609999656677246,8.609999656677246,8.529999732971191,8.539999961853027,147400
2017-12-12,3.886016368865967,8.640000343322754,8.649999618530273,8.600000381469727,8.640000343322754,48000
2017-12-13,3.913001537322998,8.699999809265137,8.710000038146973,8.640000343322754,8.680000305175781,137000
2017-12-14,3.9264941215515137,8.729999542236328,8.779999732971191,8.649999618530273,8.680000305175781,81800
2017-12-15,4.016449928283691,8.930000305175781,9.010000228881836,8.75,8.84000015258789,268100
2017-12-18,4.137887001037598,9.199999809265137,9.260000228881836,8.979999542236328,9.050000190734863,260400
2017-12-19,4.110902309417725,9.140000343322754,9.25,9.039999961853027,9.25,107800
2017-12-20,4.079417705535889,9.069999694824219,9.170000076293945,9.069999694824219,9.170000076293945,67500
2017-12-21,4.115398406982422,9.149999618530273,9.15999984741211,9.039999961853027,9.100000381469727,47300
2017-12-22,4.15587854385376,9.239999771118164,9.25,9.149999618530273,9.1899995803833,87700
2017-12-26,4.10190486907959,9.119999885559082,9.239999771118164,9.119999885559082,9.229999542236328,30500
2017-12-27,4.079417705535889,9.069999694824219,9.180000305175781,9.039999961853027,9.149999618530273,43600
2017-12-28,4.10190486907959,9.119999885559082,9.130000114440918,9.020000457763672,9.0600004196167,65800
2017-12-29,4.137887001037598,9.199999809265137,9.199999809265137,9.109999656677246,9.109999656677246,25200
2018-01-02,4.133389472961426,9.1899995803833,9.239999771118164,9.15999984741211,9.229999542236328,90500
2018-01-03,4.169371604919434,9.270000457763672,9.3100004196167,9.199999809265137,9.279999732971191,50800
2018-01-04,4.200854778289795,9.34000015258789,9.350000381469727,9.289999961853027,9.289999961853027,31700
2018-01-05,4.209850788116455,9.359999656677246,9.420000076293945,9.350000381469727,9.369999885559082,69400
2018-01-08,4.205351829528809,9.350000381469727,9.449999809265137,9.350000381469727,9.40999984741211,75700
2018-01-09,4.209850788116455,9.359999656677246,9.399999618530273,9.359999656677246,9.380000114440918,38100
2018-01-10,4.1873626708984375,9.3100004196167,9.390000343322754,9.279999732971191,9.350000381469727,34600
2018-01-11,4.209850788116455,9.359999656677246,9.380000114440918,9.279999732971191,9.279999732971191,37300
2018-01-12,4.236837387084961,9.420000076293945,9.460000038146973,9.380000114440918,9.380000114440918,75700
2018-01-16,4.241334915161133,9.430000305175781,9.5600004196167,9.399999618530273,9.5,94400
2018-01-17,4.227839946746826,9.399999618530273,9.470000267028809,9.399999618530273,9.420000076293945,56300
2018-01-18,4.1963582038879395,9.329999923706055,9.420000076293945,9.329999923706055,9.380000114440918,59600
2018-01-19,4.24583101272583,9.4399995803833,9.4399995803833,9.34000015258789,9.34000015258789,46300
2018-01-22,4.376265525817871,9.729999542236328,9.739999771118164,9.449999809265137,9.460000038146973,103600
2018-01-23,4.394256114959717,9.770000457763672,9.819999694824219,9.739999771118164,9.819999694824219,74200
2018-01-24,4.443731784820557,9.880000114440918,9.920000076293945,9.8100004196167,9.819999694824219,64300
2018-01-25,4.430238723754883,9.850000381469727,9.930000305175781,9.84000015258789,9.899999618530273,46000
2018-01-26,4.416745185852051,9.819999694824219,9.90999984741211,9.8100004196167,9.880000114440918,87800
2018-01-29,4.4482293128967285,9.890000343322754,9.899999618530273,9.8100004196167,9.84000015258789,43100
2018-01-30,4.304301738739014,9.569999694824219,9.819999694824219,9.550000190734863,9.8100004196167,119300
2018-01-31,4.308800220489502,9.579999923706055,9.680000305175781,9.579999923706055,9.630000114440918,36000
2018-02-01,4.385260105133057,9.75,9.800000190734863,9.5600004196167,9.59000015258789,56600
2018-02-02,4.286312103271484,9.529999732971191,9.770000457763672,9.5,9.770000457763672,87000
2018-02-05,4.173868179321289,9.279999732971191,9.529999732971191,9.279999732971191,9.489999771118164,103100
2018-02-06,4.205351829528809,9.350000381469727,9.359999656677246,9.09000015258789,9.149999618530273,123800
2018-02-07,4.191859245300293,9.319999694824219,9.4399995803833,9.260000228881836,9.260000228881836,50700
2018-02-08,4.110902309417725,9.140000343322754,9.40999984741211,9.100000381469727,9.380000114440918,48600
2018-02-09,4.097407341003418,9.109999656677246,9.229999542236328,8.880000114440918,9.229999542236328,103200
2018-02-12,4.133389472961426,9.1899995803833,9.300000190734863,9.149999618530273,9.199999809265137,54000
2018-02-13,4.10190486907959,9.119999885559082,9.270000457763672,9.119999885559082,9.140000343322754,50500
2018-02-14,4.1873626708984375,9.3100004196167,9.3100004196167,9.140000343322754,9.140000343322754,28100
2018-02-15,4.214348316192627,9.369999885559082,9.390000343322754,9.3100004196167,9.350000381469727,61000
2018-02-16,4.24583101272583,9.4399995803833,9.479999542236328,9.399999618530273,9.399999618530273,53600
2018-02-20,4.232339382171631,9.40999984741211,9.489999771118164,9.380000114440918,9.4399995803833,62800
2018-02-21,4.223344326019287,9.390000343322754,9.479999542236328,9.380000114440918,9.460000038146973,63200
2018-02-22,4.236837387084961,9.420000076293945,9.5,9.369999885559082,9.430000305175781,78900
2018-02-23,4.272817611694336,9.5,9.5,9.390000343322754,9.5,101600
2018-02-26,4.272817611694336,9.5,9.579999923706055,9.5,9.579999923706055,96100
2018-02-27,4.218844890594482,9.380000114440918,9.579999923706055,9.380000114440918,9.520000457763672,69300
2018-02-28,4.227839946746826,9.399999618530273,9.460000038146973,9.399999618530273,9.399999618530273,55400
2018-03-01,4.15587854385376,9.239999771118164,9.430000305175781,9.220000267028809,9.399999618530273,72600
2018-03-02,4.250329971313477,9.449999809265137,9.449999809265137,9.15999984741211,9.25,94700
2018-03-05,4.367269039154053,9.710000038146973,9.720000267028809,9.449999809265137,9.449999809265137,117400
2018-03-06,4.403251647949219,9.789999961853027,9.800000190734863,9.710000038146973,9.800000190734863,39400
2018-03-07,4.488707542419434,9.979999542236328,10.09000015258789,9.75,9.789999961853027,146400
2018-03-08,4.461722373962402,9.920000076293945,10.0,9.890000343322754,9.989999771118164,115500
2018-03-09,4.443731784820557,9.880000114440918,10.010000228881836,9.720000267028809,10.010000228881836,121100
2018-03-12,4.416745185852051,9.819999694824219,10.029999732971191,9.819999694824219,9.880000114440918,248700
2018-03-13,4.353776931762695,9.680000305175781,9.90999984741211,9.65999984741211,9.880000114440918,48200
2018-03-14,4.372185707092285,9.5,9.569999694824219,9.449999809265137,9.479999542236328,84600
2018-03-15,4.436618804931641,9.640000343322754,9.649999618530273,9.520000457763672,9.569999694824219,59400
2018-03-16,4.487242698669434,9.75,9.800000190734863,9.609999656677246,9.609999656677246,68800
2018-03-19,4.436618804931641,9.640000343322754,9.760000228881836,9.640000343322754,9.75,47300
2018-03-20,4.4780378341674805,9.729999542236328,9.859999656677246,9.520000457763672,9.699999809265137,70100
2018-03-21,4.505652904510498,9.789999961853027,9.850000381469727,9.710000038146973,9.710000038146973,62300
2018-03-22,4.353776931762695,9.460000038146973,9.8100004196167,9.460000038146973,9.75,124800
2018-03-23,4.289344310760498,9.319999694824219,9.699999809265137,9.279999732971191,9.609999656677246,118400
2018-03-26,4.353776931762695,9.460000038146973,9.539999961853027,9.40999984741211,9.5,65900
2018-03-27,4.174288272857666,9.069999694824219,9.59000015258789,9.020000457763672,9.479999542236328,123700
2018-03-28,4.178889751434326,9.079999923706055,9.170000076293945,9.020000457763672,9.100000381469727,91000
2018-03-29,4.26633358001709,9.270000457763672,9.289999961853027,9.109999656677246,9.109999656677246,47300
2018-04-02,4.25252628326416,9.239999771118164,9.40999984741211,9.15999984741211,9.239999771118164,55800
2018-04-03,4.26633358001709,9.270000457763672,9.359999656677246,9.119999885559082,9.34000015258789,112600
2018-04-04,4.280140399932861,9.300000190734863,9.300000190734863,9.140000343322754,9.140000343322754,32400
2018-04-05,4.293947219848633,9.329999923706055,9.420000076293945,9.319999694824219,9.380000114440918,47300
2018-04-06,4.2571282386779785,9.25,9.420000076293945,9.149999618530273,9.300000190734863,76800
2018-04-09,4.28474235534668,9.3100004196167,9.350000381469727,9.270000457763672,9.300000190734863,41400
2018-04-10,4.321561336517334,9.390000343322754,9.399999618530273,9.300000190734863,9.380000114440918,34000
2018-04-11,4.353776931762695,9.460000038146973,9.539999961853027,9.279999732971191,9.390000343322754,91000
2018-04-12,4.330765724182129,9.40999984741211,9.520000457763672,9.40999984741211,9.479999542236328,64000
2018-04-13,4.298549652099609,9.34000015258789,9.449999809265137,9.300000190734863,9.449999809265137,49500
2018-04-16,4.3031511306762695,9.350000381469727,9.399999618530273,9.289999961853027,9.34000015258789,50100
2018-04-17,4.3353681564331055,9.420000076293945,9.520000457763672,9.359999656677246,9.489999771118164,55500
2018-04-18,4.3031511306762695,9.350000381469727,9.449999809265137,9.329999923706055,9.420000076293945,86300
2018-04-19,4.3261613845825195,9.399999618530273,9.40999984741211,9.300000190734863,9.3100004196167,61900
2018-04-20,4.307754039764404,9.359999656677246,9.40999984741211,9.3100004196167,9.40999984741211,46800
2018-04-23,4.316957473754883,9.380000114440918,9.420000076293945,9.289999961853027,9.359999656677246,31000
2018-04-24,4.321561336517334,9.390000343322754,9.4399995803833,9.350000381469727,9.399999618530273,42300
2018-04-25,4.330765724182129,9.40999984741211,9.40999984741211,9.319999694824219,9.369999885559082,45900
2018-04-26,4.344571113586426,9.4399995803833,9.449999809265137,9.390000343322754,9.40999984741211,30500
2018-04-27,4.3353681564331055,9.420000076293945,9.489999771118164,9.380000114440918,9.449999809265137,37800
2018-04-30,4.3031511306762695,9.350000381469727,9.449999809265137,9.329999923706055,9.399999618530273,41500
2018-05-01,4.28474235534668,9.3100004196167,9.34000015258789,9.300000190734863,9.319999694824219,22900
2018-05-02,4.270935535430908,9.279999732971191,9.34000015258789,9.260000228881836,9.329999923706055,30000
2018-05-03,4.2617316246032715,9.260000228881836,9.300000190734863,9.220000267028809,9.300000190734863,26000
2018-05-04,4.293947219848633,9.329999923706055,9.34000015258789,9.220000267028809,9.220000267028809,33600
2018-05-07,4.330765724182129,9.40999984741211,9.449999809265137,9.329999923706055,9.329999923706055,23000
2018-05-08,4.321561336517334,9.390000343322754,9.420000076293945,9.359999656677246,9.420000076293945,31400
2018-05-09,4.3261613845825195,9.399999618530273,9.420000076293945,9.319999694824219,9.369999885559082,34800
2018-05-10,4.372185707092285,9.5,9.5,9.420000076293945,9.430000305175781,30500
2018-05-11,4.39059591293335,9.539999961853027,9.569999694824219,9.5,9.5,21100
2018-05-14,4.432015895843506,9.630000114440918,9.630000114440918,9.550000190734863,9.59000015258789,45100
2018-05-15,4.37678861618042,9.510000228881836,9.550000190734863,9.489999771118164,9.550000190734863,26200
2018-05-16,4.372185707092285,9.5,9.600000381469727,9.460000038146973,9.5,48100
2018-05-17,4.385993480682373,9.529999732971191,9.550000190734863,9.489999771118164,9.520000457763672,46300
2018-05-18,4.399799823760986,9.5600004196167,9.569999694824219,9.5,9.529999732971191,26100
2018-05-21,4.441220283508301,9.649999618530273,9.6899995803833,9.539999961853027,9.539999961853027,46200
2018-05-22,4.427413463592529,9.619999885559082,9.680000305175781,9.600000381469727,9.670000076293945,27800
2018-05-23,4.432015895843506,9.630000114440918,9.630000114440918,9.520000457763672,9.539999961853027,37800
2018-05-24,4.436618804931641,9.640000343322754,9.670000076293945,9.569999694824219,9.630000114440918,20100
2018-05-25,4.413606643676758,9.59000015258789,9.630000114440918,9.569999694824219,9.59000015258789,38900
2018-05-29,4.36298131942749,9.479999542236328,9.579999923706055,9.470000267028809,9.569999694824219,51600
2018-05-30,4.3353681564331055,9.420000076293945,9.539999961853027,9.420000076293945,9.479999542236328,64500
2018-05-31,4.3491740226745605,9.449999809265137,9.5,9.399999618530273,9.4399995803833,50900
2018-06-01,4.3491740226745605,9.449999809265137,9.479999542236328,9.420000076293945,9.479999542236328,53700
2018-06-04,4.3261613845825195,9.399999618530273,9.5,9.399999618530273,9.489999771118164,43800
2018-06-05,4.3353681564331055,9.420000076293945,9.5,9.399999618530273,9.399999618530273,66700
2018-06-06,4.358378887176514,9.470000267028809,9.489999771118164,9.40999984741211,9.449999809265137,46700
2018-06-07,4.353776931762695,9.460000038146973,9.539999961853027,9.4399995803833,9.460000038146973,44600
2018-06-08,4.344571113586426,9.4399995803833,9.5,9.40999984741211,9.449999809265137,54600
2018-06-11,4.36298131942749,9.479999542236328,9.579999923706055,9.4399995803833,9.4399995803833,58200
2018-06-12,4.4090046882629395,9.579999923706055,9.640000343322754,9.489999771118164,9.489999771118164,42700
2018-06-13,4.496448516845703,9.770000457763672,9.779999732971191,9.630000114440918,9.649999618530273,100900
2018-06-14,4.524697780609131,9.609999656677246,9.640000343322754,9.529999732971191,9.569999694824219,67300
2018-06-15,4.496448516845703,9.550000190734863,9.630000114440918,9.520000457763672,9.539999961853027,65100
2018-06-18,4.48703145980835,9.529999732971191,9.550000190734863,9.470000267028809,9.550000190734863,74300
2018-06-19,4.454073429107666,9.460000038146973,9.470000267028809,9.430000305175781,9.470000267028809,38300
2018-06-20,4.496448516845703,9.550000190734863,9.600000381469727,9.4399995803833,9.4399995803833,65800
2018-06-21,4.477614402770996,9.510000228881836,9.59000015258789,9.489999771118164,9.539999961853027,53700
2018-06-22,4.496448516845703,9.550000190734863,9.600000381469727,9.510000228881836,9.600000381469727,57000
2018-06-25,4.48703145980835,9.529999732971191,9.630000114440918,9.4399995803833,9.569999694824219,106100
2018-06-26,4.449365139007568,9.449999809265137,9.5,9.369999885559082,9.479999542236328,38200
2018-06-27,4.454073429107666,9.460000038146973,9.569999694824219,9.449999809265137,9.489999771118164,34300
2018-06-28,4.463489055633545,9.479999542236328,9.5,9.430000305175781,9.479999542236328,45400
2018-06-29,4.4446563720703125,9.4399995803833,9.550000190734863,9.4399995803833,9.489999771118164,88900
2018-07-02,4.350490570068359,9.239999771118164,9.449999809265137,9.239999771118164,9.380000114440918,112100
2018-07-03,4.303407192230225,9.140000343322754,9.25,9.140000343322754,9.210000038146973,64600
2018-07-05,4.284574031829834,9.100000381469727,9.199999809265137,9.100000381469727,9.149999618530273,90600
2018-07-06,4.242199420928955,9.010000228881836,9.079999923706055,8.930000305175781,9.029999732971191,136700
2018-07-09,4.23278284072876,8.989999771118164,9.050000190734863,8.979999542236328,9.010000228881836,137200
2018-07-10,4.279865741729736,9.09000015258789,9.09000015258789,9.0,9.020000457763672,97600
2018-07-11,4.289280891418457,9.109999656677246,9.140000343322754,9.029999732971191,9.079999923706055,62100
2018-07-12,4.279865741729736,9.09000015258789,9.170000076293945,9.079999923706055,9.119999885559082,79700
2018-07-13,4.279865741729736,9.09000015258789,9.149999618530273,9.029999732971191,9.09000015258789,69600
2018-07-16,4.270448684692383,9.069999694824219,9.149999618530273,9.029999732971191,9.09000015258789,69200
2018-07-17,4.279865741729736,9.09000015258789,9.109999656677246,9.029999732971191,9.0600004196167,37800
2018-07-18,4.251615524291992,9.029999732971191,9.100000381469727,9.029999732971191,9.09000015258789,49600
2018-07-19,4.228073596954346,8.979999542236328,9.010000228881836,8.949999809265137,9.010000228881836,92900
2018-07-20,4.213949680328369,8.949999809265137,8.970000267028809,8.90999984741211,8.970000267028809,70100
2018-07-23,4.204532146453857,8.930000305175781,8.949999809265137,8.880000114440918,8.949999809265137,78400
2018-07-24,4.190407752990723,8.899999618530273,8.979999542236328,8.869999885559082,8.960000038146973,69800
2018-07-25,4.185699462890625,8.890000343322754,8.949999809265137,8.880000114440918,8.949999809265137,77000
2018-07-26,4.166866779327393,8.850000381469727,8.899999618530273,8.829999923706055,8.890000343322754,59800
2018-07-27,4.143324851989746,8.800000190734863,8.899999618530273,8.760000228881836,8.869999885559082,102300
2018-07-30,4.096240997314453,8.699999809265137,8.850000381469727,8.699999809265137,8.789999961853027,91000
2018-07-31,4.2233662605285645,8.970000267028809,8.970000267028809,8.720000267028809,8.720000267028809,82000
2018-08-01,4.1951165199279785,8.90999984741211,8.979999542236328,8.899999618530273,8.970000267028809,47900
2018-08-02,4.2233662605285645,8.970000267028809,8.970000267028809,8.890000343322754,8.890000343322754,47900
2018-08-03,4.185699462890625,8.890000343322754,9.010000228881836,8.859999656677246,8.979999542236328,108400
2018-08-06,4.19982385635376,8.920000076293945,8.970000267028809,8.890000343322754,8.890000343322754,45600
2018-08-07,4.23278284072876,8.989999771118164,9.010000228881836,8.899999618530273,8.9399995803833,28700
2018-08-08,4.218657970428467,8.960000038146973,8.989999771118164,8.949999809265137,8.960000038146973,20400
2018-08-09,4.251615524291992,9.029999732971191,9.079999923706055,8.989999771118164,8.989999771118164,49800
2018-08-10,4.228073596954346,8.979999542236328,9.0600004196167,8.970000267028809,8.979999542236328,85600
2018-08-13,4.237490653991699,9.0,9.050000190734863,9.0,9.0,43800
2018-08-14,4.237490653991699,9.0,9.029999732971191,8.989999771118164,9.0,25900
2018-08-15,4.1951165199279785,8.90999984741211,9.010000228881836,8.890000343322754,8.989999771118164,36500
2018-08-16,4.143324851989746,8.800000190734863,9.0,8.800000190734863,8.930000305175781,107600
2018-08-17,4.143324851989746,8.800000190734863,8.880000114440918,8.600000381469727,8.819999694824219,155700
2018-08-20,4.1762824058532715,8.869999885559082,8.869999885559082,8.8100004196167,8.829999923706055,55000
2018-08-21,4.23278284072876,8.989999771118164,9.0,8.899999618530273,8.899999618530273,45300
2018-08-22,4.242199420928955,9.010000228881836,9.029999732971191,9.0,9.010000228881836,31300
2018-08-23,4.251615524291992,9.029999732971191,9.09000015258789,9.0,9.0,91400
2018-08-24,4.275157451629639,9.079999923706055,9.100000381469727,9.029999732971191,9.039999961853027,24600
2018-08-27,4.289280891418457,9.109999656677246,9.130000114440918,9.079999923706055,9.119999885559082,48800
2018-08-28,4.265740394592285,9.0600004196167,9.149999618530273,9.0600004196167,9.109999656677246,41200
2018-08-29,4.284574031829834,9.100000381469727,9.109999656677246,9.029999732971191,9.069999694824219,50600
2018-08-30,4.289280891418457,9.109999656677246,9.15999984741211,9.100000381469727,9.119999885559082,26100
2018-08-31,4.293990612030029,9.119999885559082,9.130000114440918,9.100000381469727,9.109999656677246,41300
2018-09-04,4.312824249267578,9.15999984741211,9.199999809265137,9.100000381469727,9.15999984741211,48500
2018-09-05,4.279865741729736,9.09000015258789,9.15999984741211,9.09000015258789,9.149999618530273,57100
2018-09-06,4.275157451629639,9.079999923706055,9.119999885559082,9.050000190734863,9.09000015258789,43600
2018-09-07,4.209240913391113,8.9399995803833,9.079999923706055,8.930000305175781,9.010000228881836,72600
2018-09-10,4.284574031829834,9.100000381469727,9.109999656677246,9.020000457763672,9.029999732971191,63600
2018-09-11,4.3081159591674805,9.149999618530273,9.149999618530273,9.079999923706055,9.09000015258789,47200
2018-09-12,4.355198860168457,9.25,9.25,9.119999885559082,9.149999618530273,70400
2018-09-13,4.345552921295166,9.010000228881836,9.119999885559082,8.970000267028809,9.100000381469727,55500
2018-09-14,4.321437358856201,8.960000038146973,9.100000381469727,8.90999984741211,9.069999694824219,55700
2018-09-17,4.306969165802002,8.930000305175781,8.989999771118164,8.920000076293945,8.920000076293945,39500
2018-09-18,4.335906982421875,8.989999771118164,8.989999771118164,8.90999984741211,8.930000305175781,43400
2018-09-19,4.3889594078063965,9.100000381469727,9.100000381469727,9.0,9.0,93200
2018-09-20,4.417898178100586,9.15999984741211,9.15999984741211,9.079999923706055,9.109999656677246,50200
2018-09-21,4.461306571960449,9.25,9.260000228881836,9.15999984741211,9.239999771118164,90600
2018-09-24,4.437191009521484,9.199999809265137,9.460000038146973,9.1899995803833,9.220000267028809,107200
2018-09-25,4.4227213859558105,9.170000076293945,9.210000038146973,9.170000076293945,9.1899995803833,36800
2018-09-26,4.427544116973877,9.180000305175781,9.25,9.170000076293945,9.229999542236328,49000
2018-09-27,4.470950603485107,9.270000457763672,9.279999732971191,9.199999809265137,9.199999809265137,36200
2018-09-28,4.456482410430908,9.239999771118164,9.300000190734863,9.1899995803833,9.300000190734863,40700
2018-10-01,4.408252239227295,9.140000343322754,9.270000457763672,9.140000343322754,9.270000457763672,85400
2018-10-02,4.282853603363037,8.880000114440918,9.140000343322754,8.880000114440918,9.0600004196167,98500
2018-10-03,4.253914833068848,8.819999694824219,8.989999771118164,8.819999694824219,8.859999656677246,104200
2018-10-04,4.085109233856201,8.470000267028809,8.84000015258789,8.460000038146973,8.800000190734863,171700
2018-10-05,3.998293876647949,8.289999961853027,8.5600004196167,8.270000457763672,8.470000267028809,143100
2018-10-08,4.03687858581543,8.369999885559082,8.430000305175781,8.260000228881836,8.260000228881836,113000
2018-10-09,4.022409915924072,8.34000015258789,8.4399995803833,8.34000015258789,8.359999656677246,76400
2018-10-10,3.950063467025757,8.1899995803833,8.489999771118164,8.170000076293945,8.34000015258789,115500
2018-10-11,3.8825418949127197,8.050000190734863,8.1899995803833,8.0,8.1899995803833,121600
2018-10-12,3.8970108032226562,8.079999923706055,8.199999809265137,8.0600004196167,8.119999885559082,85000
2018-10-15,3.9452412128448486,8.180000305175781,8.180000305175781,8.079999923706055,8.079999923706055,58900
2018-10-16,4.094754695892334,8.489999771118164,8.489999771118164,8.260000228881836,8.260000228881836,67100
2018-10-17,4.118870735168457,8.539999961853027,8.569999694824219,8.449999809265137,8.510000228881836,84500
2018-10-18,4.060994625091553,8.420000076293945,8.520000457763672,8.399999618530273,8.520000457763672,95300
2018-10-19,4.070639133453369,8.4399995803833,8.479999542236328,8.399999618530273,8.479999542236328,39900
2018-10-22,4.065817356109619,8.430000305175781,8.489999771118164,8.40999984741211,8.470000267028809,47800
2018-10-23,4.07546329498291,8.449999809265137,8.449999809265137,8.260000228881836,8.399999618530273,62900
2018-10-24,4.0320563316345215,8.359999656677246,8.510000228881836,8.260000228881836,8.449999809265137,71600
2018-10-25,3.8970108032226562,8.079999923706055,8.430000305175781,8.0600004196167,8.380000114440918,268000
2018-10-26,3.868072271347046,8.020000457763672,8.119999885559082,7.989999771118164,8.050000190734863,79900
2018-10-29,3.7089128494262695,7.690000057220459,8.09000015258789,7.630000114440918,8.09000015258789,94900
2018-10-30,3.7764339447021484,7.829999923706055,7.849999904632568,7.639999866485596,7.690000057220459,36300
2018-10-31,3.9163026809692383,8.119999885559082,8.1899995803833,7.949999809265137,7.949999809265137,65700
2018-11-01,4.046525001525879,8.390000343322754,8.40999984741211,8.199999809265137,8.199999809265137,35600
2018-11-02,4.060994625091553,8.420000076293945,8.479999542236328,8.359999656677246,8.449999809265137,48300
2018-11-05,4.03687858581543,8.369999885559082,8.420000076293945,8.369999885559082,8.380000114440918,43700
2018-11-06,4.065817356109619,8.430000305175781,8.460000038146973,8.399999618530273,8.399999618530273,36400
2018-11-07,4.138162612915039,8.579999923706055,8.630000114440918,8.460000038146973,8.479999542236328,58900
2018-11-08,4.181569576263428,8.670000076293945,8.710000038146973,8.539999961853027,8.539999961853027,46500
2018-11-09,4.128517150878906,8.5600004196167,8.630000114440918,8.5600004196167,8.59000015258789,48800
2018-11-12,4.070639133453369,8.4399995803833,8.5600004196167,8.399999618530273,8.5600004196167,38300
2018-11-13,4.041700839996338,8.380000114440918,8.529999732971191,8.359999656677246,8.460000038146973,27600
2018-11-14,4.012763500213623,8.319999694824219,8.520000457763672,8.289999961853027,8.470000267028809,33900
2018-11-15,4.060994625091553,8.420000076293945,8.420000076293945,8.229999542236328,8.300000190734863,24400
2018-11-16,4.056171417236328,8.40999984741211,8.430000305175781,8.319999694824219,8.399999618530273,25900
2018-11-19,4.003117084503174,8.300000190734863,8.390000343322754,8.279999732971191,8.380000114440918,37500
2018-11-20,3.9163026809692383,8.119999885559082,8.220000267028809,8.069999694824219,8.180000305175781,64000
2018-11-21,3.9452412128448486,8.180000305175781,8.260000228881836,8.140000343322754,8.15999984741211,99900
2018-11-23,3.921126127243042,8.130000114440918,8.260000228881836,8.130000114440918,8.180000305175781,31500
2018-11-26,3.9741790294647217,8.239999771118164,8.34000015258789,8.239999771118164,8.25,61700
2018-11-27,4.041700839996338,8.380000114440918,8.449999809265137,8.229999542236328,8.229999542236328,55900
2018-11-28,4.205685138702393,8.720000267028809,8.720000267028809,8.4399995803833,8.460000038146973,101600
2018-11-29,4.176746368408203,8.65999984741211,8.75,8.640000343322754,8.699999809265137,52300
2018-11-30,4.263561725616455,8.84000015258789,8.84000015258789,8.630000114440918,8.630000114440918,64600
2018-12-03,4.2683844566345215,8.850000381469727,9.0,8.800000190734863,8.859999656677246,144800
2018-12-04,4.205685138702393,8.720000267028809,8.930000305175781,8.59000015258789,8.869999885559082,144200
2018-12-06,4.126332759857178,8.319999694824219,8.430000305175781,8.15999984741211,8.399999618530273,59100
2018-12-07,4.096574783325195,8.260000228881836,8.369999885559082,8.149999618530273,8.3100004196167,71100
2018-12-10,4.037060260772705,8.140000343322754,8.239999771118164,8.029999732971191,8.239999771118164,84600
2018-12-11,4.032101631164551,8.130000114440918,8.319999694824219,8.100000381469727,8.180000305175781,46900
2018-12-12,4.071776866912842,8.210000038146973,8.449999809265137,8.109999656677246,8.109999656677246,62800
2018-12-13,4.042019844055176,8.149999618530273,8.279999732971191,8.130000114440918,8.210000038146973,47400
2018-12-14,3.997385025024414,8.0600004196167,8.270000457763672,8.050000190734863,8.149999618530273,103800
2018-12-17,3.932910680770874,7.929999828338623,8.289999961853027,7.929999828338623,8.079999923706055,145200
2018-12-18,3.8733956813812256,7.809999942779541,8.020000457763672,7.760000228881836,7.929999828338623,101700
2018-12-19,3.803961992263794,7.670000076293945,7.949999809265137,7.670000076293945,7.809999942779541,59800
2018-12-20,3.6402978897094727,7.340000152587891,7.679999828338623,7.210000038146973,7.670000076293945,117400
2018-12-21,3.521268129348755,7.099999904632568,7.349999904632568,7.070000171661377,7.349999904632568,77200
2018-12-24,3.446876049041748,6.949999809265137,7.159999847412109,6.940000057220459,7.099999904632568,59800
2018-12-26,3.536147356033325,7.130000114440918,7.150000095367432,6.900000095367432,6.989999771118164,121600
2018-12-27,3.546066999435425,7.150000095367432,7.159999847412109,7.0,7.099999904632568,59200
2018-12-28,3.585742950439453,7.230000019073486,7.289999961853027,7.110000133514404,7.110000133514404,57700
2018-12-31,3.5014305114746094,7.059999942779541,7.289999961853027,7.059999942779541,7.210000038146973,106300
2019-01-02,3.4964711666107178,7.050000190734863,7.119999885559082,7.03000020980835,7.039999961853027,93600
2019-01-03,3.4964711666107178,7.050000190734863,7.139999866485596,6.949999809265137,7.03000020980835,107200
2019-01-04,3.5411064624786377,7.139999866485596,7.21999979019165,7.050000190734863,7.150000095367432,81500
2019-01-07,3.7097301483154297,7.480000019073486,7.579999923706055,7.190000057220459,7.190000057220459,88400
2019-01-08,3.818840980529785,7.699999809265137,7.730000019073486,7.510000228881836,7.599999904632568,73400
2019-01-09,3.918032169342041,7.900000095367432,7.980000019073486,7.739999771118164,7.75,140700
2019-01-10,3.878355026245117,7.820000171661377,7.96999979019165,7.769999980926514,7.920000076293945,87900
2019-01-11,3.8138818740844727,7.690000057220459,7.860000133514404,7.610000133514404,7.860000133514404,84900
2019-01-14,3.7990024089813232,7.659999847412109,7.699999809265137,7.53000020980835,7.550000190734863,66000
2019-01-15,3.8882741928100586,7.840000152587891,7.889999866485596,7.659999847412109,7.659999847412109,49900
2019-01-16,3.9626669883728027,7.989999771118164,8.010000228881836,7.840000152587891,7.840000152587891,54900
2019-01-17,4.027141571044922,8.119999885559082,8.119999885559082,8.010000228881836,8.010000228881836,64700
2019-01-18,4.042019844055176,8.149999618530273,8.220000267028809,8.119999885559082,8.119999885559082,87800
2019-01-22,4.007303714752197,8.079999923706055,8.220000267028809,8.010000228881836,8.149999618530273,45600
2019-01-23,4.012263774871826,8.09000015258789,8.140000343322754,7.960000038146973,8.140000343322754,31400
2019-01-24,3.9626669883728027,7.989999771118164,8.109999656677246,7.980000019073486,8.100000381469727,58500
2019-01-25,3.9577078819274902,7.980000019073486,8.079999923706055,7.960000038146973,8.039999961853027,62200
2019-01-28,4.027141571044922,8.119999885559082,8.210000038146973,7.96999979019165,7.96999979019165,25100
2019-01-29,4.046978950500488,8.15999984741211,8.199999809265137,8.079999923706055,8.199999809265137,29800
2019-01-30,4.116413116455078,8.300000190734863,8.350000381469727,8.180000305175781,8.300000190734863,59200
2019-01-31,4.0172224044799805,8.100000381469727,8.399999618530273,8.069999694824219,8.399999618530273,179900
2019-02-01,4.002344131469727,8.069999694824219,8.239999771118164,8.0600004196167,8.1899995803833,74900
2019-02-04,4.037060260772705,8.140000343322754,8.140000343322754,8.029999732971191,8.119999885559082,66000
2019-02-05,4.071776866912842,8.210000038146973,8.210000038146973,8.119999885559082,8.149999618530273,50100
2019-02-06,4.066816806793213,8.199999809265137,8.260000228881836,8.199999809265137,8.210000038146973,25700
2019-02-07,4.012263774871826,8.09000015258789,8.270000457763672,8.079999923706055,8.199999809265137,31200
2019-02-08,3.967625856399536,8.0,8.079999923706055,7.980000019073486,8.0,42900
2019-02-11,3.992424964904785,8.050000190734863,8.100000381469727,7.980000019073486,7.980000019073486,90900
2019-02-12,4.046978950500488,8.15999984741211,8.15999984741211,8.0600004196167,8.0600004196167,27300
2019-02-13,4.042019844055176,8.149999618530273,8.239999771118164,8.149999618530273,8.180000305175781,51400
2019-02-14,4.091615200042725,8.25,8.260000228881836,8.180000305175781,8.180000305175781,34900
2019-02-15,4.116413116455078,8.300000190734863,8.329999923706055,8.199999809265137,8.260000228881836,58400
2019-02-19,4.111453056335449,8.289999961853027,8.300000190734863,8.170000076293945,8.170000076293945,78700
2019-02-20,4.111453056335449,8.289999961853027,8.350000381469727,8.289999961853027,8.289999961853027,61200
2019-02-21,4.166007995605469,8.399999618530273,8.399999618530273,8.289999961853027,8.34000015258789,51400
2019-02-22,4.205684185028076,8.479999542236328,8.520000457763672,8.399999618530273,8.4399995803833,72600
2019-02-25,4.190806865692139,8.449999809265137,8.520000457763672,8.449999809265137,8.470000267028809,61300
2019-02-26,4.235442638397217,8.539999961853027,8.569999694824219,8.4399995803833,8.4399995803833,40600
2019-02-27,4.2503204345703125,8.569999694824219,8.569999694824219,8.449999809265137,8.470000267028809,55700
2019-02-28,4.260239601135254,8.59000015258789,8.619999885559082,8.520000457763672,8.520000457763672,33600
2019-03-01,4.304876327514648,8.680000305175781,8.6899995803833,8.609999656677246,8.619999885559082,45100
2019-03-04,4.304876327514648,8.680000305175781,8.8100004196167,8.619999885559082,8.699999809265137,76400
2019-03-05,4.275118350982666,8.619999885559082,8.729999542236328,8.619999885559082,8.680000305175781,47400
2019-03-06,4.225523471832275,8.520000457763672,8.640000343322754,8.520000457763672,8.579999923706055,46500
2019-03-07,4.2999162673950195,8.670000076293945,8.670000076293945,8.399999618530273,8.59000015258789,55000
2019-03-08,4.200725555419922,8.470000267028809,8.550000190734863,8.40999984741211,8.539999961853027,63000
2019-03-11,4.275118350982666,8.619999885559082,8.65999984741211,8.510000228881836,8.520000457763672,33000
2019-03-12,4.2800774574279785,8.630000114440918,8.640000343322754,8.59000015258789,8.619999885559082,41100
2019-03-13,4.275118350982666,8.619999885559082,8.699999809265137,8.569999694824219,8.630000114440918,88400
2019-03-14,4.285297393798828,8.420000076293945,8.420000076293945,8.3100004196167,8.390000343322754,52200
2019-03-15,4.3514604568481445,8.550000190734863,8.550000190734863,8.40999984741211,8.4399995803833,60800
2019-03-18,4.3514604568481445,8.550000190734863,8.619999885559082,8.510000228881836,8.550000190734863,62600
2019-03-19,4.331101894378662,8.510000228881836,8.59000015258789,8.510000228881836,8.5600004196167,63500
2019-03-20,4.356549263000488,8.5600004196167,8.670000076293945,8.5,8.5,70300
2019-03-21,4.356549263000488,8.5600004196167,8.609999656677246,8.5,8.550000190734863,59500
2019-03-22,4.3056559562683105,8.460000038146973,8.579999923706055,8.420000076293945,8.579999923706055,102500
2019-03-25,4.366728782653809,8.579999923706055,8.609999656677246,8.449999809265137,8.5,120900
2019-03-26,4.26494026184082,8.380000114440918,8.619999885559082,8.380000114440918,8.600000381469727,83000
2019-03-27,4.224224090576172,8.300000190734863,8.390000343322754,8.300000190734863,8.390000343322754,43700
2019-03-28,4.234403133392334,8.319999694824219,8.350000381469727,8.289999961853027,8.34000015258789,67500
2019-03-29,4.234403133392334,8.319999694824219,8.369999885559082,8.300000190734863,8.359999656677246,51600
2019-04-01,4.280208587646484,8.40999984741211,8.460000038146973,8.329999923706055,8.329999923706055,56100
2019-04-02,4.275117874145508,8.399999618530273,8.470000267028809,8.369999885559082,8.470000267028809,49700
2019-04-03,4.295475482940674,8.4399995803833,8.489999771118164,8.420000076293945,8.420000076293945,43800
2019-04-04,4.295475482940674,8.4399995803833,8.489999771118164,8.420000076293945,8.470000267028809,38500
2019-04-05,4.280208587646484,8.40999984741211,8.470000267028809,8.399999618530273,8.4399995803833,51100
2019-04-08,4.285297393798828,8.420000076293945,8.460000038146973,8.390000343322754,8.399999618530273,47600
2019-04-09,4.280208587646484,8.40999984741211,8.460000038146973,8.380000114440918,8.449999809265137,42500
2019-04-10,4.2700300216674805,8.390000343322754,8.470000267028809,8.350000381469727,8.430000305175781,38300
2019-04-11,4.234403133392334,8.319999694824219,8.40999984741211,8.319999694824219,8.399999618530273,58700
2019-04-12,4.280208587646484,8.40999984741211,8.420000076293945,8.329999923706055,8.359999656677246,50000
2019-04-15,4.280208587646484,8.40999984741211,8.4399995803833,8.399999618530273,8.420000076293945,19300
2019-04-16,4.254761219024658,8.359999656677246,8.460000038146973,8.359999656677246,8.40999984741211,31600
2019-04-17,4.254761219024658,8.359999656677246,8.470000267028809,8.359999656677246,8.380000114440918,29800
2019-04-18,4.249671936035156,8.350000381469727,8.399999618530273,8.329999923706055,8.359999656677246,33900
2019-04-22,4.229313850402832,8.3100004196167,8.390000343322754,8.3100004196167,8.359999656677246,75100
2019-04-23,4.275117874145508,8.399999618530273,8.420000076293945,8.319999694824219,8.319999694824219,41900
2019-04-24,4.310744762420654,8.470000267028809,8.489999771118164,8.390000343322754,8.4399995803833,44800
2019-04-25,4.285297393798828,8.420000076293945,8.470000267028809,8.40999984741211,8.449999809265137,39000
2019-04-26,4.326013088226318,8.5,8.510000228881836,8.430000305175781,8.449999809265137,30200
2019-04-29,4.331101894378662,8.510000228881836,8.529999732971191,8.449999809265137,8.5,27500
2019-04-30,4.341281890869141,8.529999732971191,8.539999961853027,8.5,8.539999961853027,34800
2019-05-01,4.320923328399658,8.489999771118164,8.5600004196167,8.489999771118164,8.529999732971191,25000
2019-05-02,4.295475482940674,8.4399995803833,8.489999771118164,8.4399995803833,8.449999809265137,47900
2019-05-03,4.320923328399658,8.489999771118164,8.5,8.449999809265137,8.479999542236328,27500
2019-05-06,4.3056559562683105,8.460000038146973,8.470000267028809,8.390000343322754,8.4399995803833,34700
2019-05-07,4.26494026184082,8.380000114440918,8.479999542236328,8.350000381469727,8.460000038146973,45500
2019-05-08,4.259850978851318,8.369999885559082,8.449999809265137,8.369999885559082,8.380000114440918,37300
2019-05-09,4.224224090576172,8.300000190734863,8.420000076293945,8.279999732971191,8.350000381469727,69200
2019-05-10,4.229313850402832,8.3100004196167,8.3100004196167,8.180000305175781,8.260000228881836,72000
2019-05-13,4.071540832519531,8.0,8.3100004196167,7.989999771118164,8.25,115200
2019-05-14,4.137704372406006,8.130000114440918,8.15999984741211,8.0,8.020000457763672,58100
2019-05-15,4.158061504364014,8.170000076293945,8.210000038146973,8.029999732971191,8.050000190734863,18600
2019-05-16,4.208956241607666,8.270000457763672,8.300000190734863,8.199999809265137,8.199999809265137,21200
2019-05-17,4.158061504364014,8.170000076293945,8.260000228881836,8.170000076293945,8.1899995803833,87300
2019-05-20,4.142792701721191,8.140000343322754,8.199999809265137,8.119999885559082,8.170000076293945,36900
2019-05-21,4.188597679138184,8.229999542236328,8.359999656677246,8.140000343322754,8.180000305175781,42400
2019-05-22,4.193687438964844,8.239999771118164,8.300000190734863,8.15999984741211,8.210000038146973,46900
2019-05-23,4.1529717445373535,8.15999984741211,8.270000457763672,8.149999618530273,8.1899995803833,57800
2019-05-24,4.142792701721191,8.140000343322754,8.25,8.140000343322754,8.199999809265137,29800
2019-05-28,4.091899871826172,8.039999961853027,8.199999809265137,8.039999961853027,8.140000343322754,49000
2019-05-29,4.035915374755859,7.929999828338623,8.050000190734863,7.900000095367432,8.029999732971191,80000
2019-05-30,4.000289440155029,7.860000133514404,7.949999809265137,7.860000133514404,7.940000057220459,58400
2019-05-31,3.9493954181671143,7.760000228881836,7.820000171661377,7.760000228881836,7.800000190734863,51600
2019-06-03,4.051183700561523,7.960000038146973,7.960000038146973,7.789999961853027,7.820000171661377,75500
2019-06-04,4.081720352172852,8.020000457763672,8.069999694824219,7.900000095367432,7.960000038146973,72100
2019-06-05,4.071540832519531,8.0,8.079999923706055,7.920000076293945,8.079999923706055,51100
2019-06-06,4.102077960968018,8.0600004196167,8.079999923706055,8.0,8.0,48600
2019-06-07,4.147882461547852,8.149999618530273,8.239999771118164,8.039999961853027,8.0600004196167,60000
2019-06-10,4.208956241607666,8.270000457763672,8.300000190734863,8.170000076293945,8.210000038146973,53600
2019-06-11,4.21913480758667,8.289999961853027,8.329999923706055,8.220000267028809,8.329999923706055,47800
2019-06-12,4.208956241607666,8.270000457763672,8.369999885559082,8.239999771118164,8.25,42100
2019-06-13,4.229869842529297,8.09000015258789,8.119999885559082,8.050000190734863,8.109999656677246,57600
2019-06-14,4.1880412101745605,8.010000228881836,8.149999618530273,8.010000228881836,8.100000381469727,34500
2019-06-17,4.224641799926758,8.079999923706055,8.15999984741211,7.989999771118164,8.010000228881836,41500
2019-06-18,4.2664690017700195,8.15999984741211,8.180000305175781,8.079999923706055,8.170000076293945,38800
2019-06-19,4.276926517486572,8.180000305175781,8.210000038146973,8.149999618530273,8.1899995803833,59700
2019-06-20,4.2612409591674805,8.149999618530273,8.220000267028809,8.140000343322754,8.220000267028809,42600
2019-06-21,4.271697998046875,8.170000076293945,8.220000267028809,8.130000114440918,8.220000267028809,67400
2019-06-24,4.303068161010742,8.229999542236328,8.300000190734863,8.180000305175781,8.25,88600
2019-06-25,4.256011962890625,8.140000343322754,8.229999542236328,8.140000343322754,8.210000038146973,29700
2019-06-26,4.250784873962402,8.130000114440918,8.239999771118164,8.0,8.15999984741211,31500
2019-06-27,4.271697998046875,8.170000076293945,8.170000076293945,8.09000015258789,8.130000114440918,25900
2019-06-28,4.214184284210205,8.0600004196167,8.229999542236328,8.0600004196167,8.1899995803833,34200
2019-07-01,4.271697998046875,8.170000076293945,8.210000038146973,8.119999885559082,8.140000343322754,36000
2019-07-02,4.2821550369262695,8.1899995803833,8.220000267028809,8.140000343322754,8.170000076293945,35400
2019-07-03,4.344897270202637,8.3100004196167,8.329999923706055,8.239999771118164,8.25,27300
2019-07-05,4.355355262756348,8.329999923706055,8.34000015258789,8.1899995803833,8.319999694824219,34700
2019-07-08,4.313526153564453,8.25,8.34000015258789,8.239999771118164,8.329999923706055,24000
2019-07-09,4.313526153564453,8.25,8.279999732971191,8.15999984741211,8.15999984741211,31200
2019-07-10,4.334440231323242,8.289999961853027,8.34000015258789,8.270000457763672,8.270000457763672,31500
2019-07-11,4.334440231323242,8.289999961853027,8.3100004196167,8.260000228881836,8.3100004196167,17900
2019-07-12,4.386725902557373,8.390000343322754,8.390000343322754,8.319999694824219,8.319999694824219,38800
2019-07-15,4.365812301635742,8.350000381469727,8.380000114440918,8.329999923706055,8.369999885559082,32900
2019-07-16,4.350125789642334,8.319999694824219,8.380000114440918,8.319999694824219,8.350000381469727,26900
2019-07-17,4.339668273925781,8.300000190734863,8.34000015258789,8.289999961853027,8.3100004196167,41900
2019-07-18,4.323983192443848,8.270000457763672,8.3100004196167,8.25,8.289999961853027,24600
2019-07-19,4.313526153564453,8.25,8.34000015258789,8.25,8.270000457763672,23500
2019-07-22,4.276926517486572,8.180000305175781,8.3100004196167,8.180000305175781,8.239999771118164,70900
2019-07-23,4.297840595245361,8.220000267028809,8.260000228881836,8.170000076293945,8.170000076293945,45100
2019-07-24,4.4703826904296875,8.550000190734863,8.550000190734863,8.279999732971191,8.390000343322754,229000
2019-07-25,4.381497383117676,8.380000114440918,8.550000190734863,8.380000114440918,8.529999732971191,100100
2019-07-26,4.423326015472412,8.460000038146973,8.5,8.350000381469727,8.390000343322754,52200
2019-07-29,4.418097019195557,8.449999809265137,8.520000457763672,8.369999885559082,8.510000228881836,58200
2019-07-30,4.40764045715332,8.430000305175781,8.5,8.380000114440918,8.449999809265137,58800
2019-07-31,4.371040344238281,8.359999656677246,8.510000228881836,8.359999656677246,8.4399995803833,58500
2019-08-01,4.344897270202637,8.3100004196167,8.460000038146973,8.300000190734863,8.390000343322754,56700
2019-08-02,4.313526153564453,8.25,8.399999618530273,8.199999809265137,8.329999923706055,53800
2019-08-05,4.297840595245361,8.220000267028809,8.229999542236328,8.0,8.199999809265137,87400
2019-08-06,4.3762688636779785,8.369999885559082,8.420000076293945,8.220000267028809,8.25,72600
2019-08-07,4.334440231323242,8.289999961853027,8.369999885559082,8.210000038146973,8.319999694824219,60300
2019-08-08,4.386725902557373,8.390000343322754,8.420000076293945,8.270000457763672,8.3100004196167,39300
2019-08-09,4.350125789642334,8.319999694824219,8.420000076293945,8.279999732971191,8.369999885559082,43600
2019-08-12,4.329211235046387,8.279999732971191,8.329999923706055,8.279999732971191,8.289999961853027,57300
2019-08-13,4.40764045715332,8.430000305175781,8.539999961853027,8.369999885559082,8.380000114440918,58000
2019-08-14,4.256011962890625,8.140000343322754,8.350000381469727,8.130000114440918,8.350000381469727,93400
2019-08-15,4.2664690017700195,8.15999984741211,8.220000267028809,8.109999656677246,8.15999984741211,26400
2019-08-16,4.355355262756348,8.329999923706055,8.329999923706055,8.119999885559082,8.170000076293945,38100
2019-08-19,4.339668273925781,8.300000190734863,8.350000381469727,8.25,8.279999732971191,78000
2019-08-20,4.350125789642334,8.319999694824219,8.34000015258789,8.239999771118164,8.289999961853027,29600
2019-08-21,4.381497383117676,8.380000114440918,8.399999618530273,8.369999885559082,8.399999618530273,35500
2019-08-22,4.397182941436768,8.40999984741211,8.40999984741211,8.34000015258789,8.399999618530273,50400
2019-08-23,4.2612409591674805,8.149999618530273,8.399999618530273,8.149999618530273,8.359999656677246,61700
2019-08-26,4.2821550369262695,8.1899995803833,8.239999771118164,8.15999984741211,8.180000305175781,49500
2019-08-27,4.250784873962402,8.130000114440918,8.279999732971191,8.130000114440918,8.199999809265137,57300
2019-08-28,4.245555877685547,8.119999885559082,8.170000076293945,8.09000015258789,8.100000381469727,102200
2019-08-29,4.287383556365967,8.199999809265137,8.25,8.149999618530273,8.180000305175781,65300
2019-08-30,4.297840595245361,8.220000267028809,8.279999732971191,8.180000305175781,8.25,38800
2019-09-03,4.313526153564453,8.25,8.25,8.180000305175781,8.180000305175781,44400
2019-09-04,4.391953468322754,8.399999618530273,8.430000305175781,8.270000457763672,8.270000457763672,34800
2019-09-05,4.4546966552734375,8.520000457763672,8.539999961853027,8.4399995803833,8.460000038146973,61300
2019-09-06,4.4546966552734375,8.520000457763672,8.59000015258789,8.5,8.550000190734863,73800
2019-09-09,4.480838775634766,8.569999694824219,8.579999923706055,8.510000228881836,8.550000190734863,57900
2019-09-10,4.4703826904296875,8.550000190734863,8.579999923706055,8.470000267028809,8.539999961853027,43800
2019-09-11,4.517437934875488,8.640000343322754,8.640000343322754,8.550000190734863,8.569999694824219,79300
2019-09-12,4.538352012634277,8.680000305175781,8.6899995803833,8.619999885559082,8.670000076293945,59500
2019-09-13,4.570539474487305,8.520000457763672,8.59000015258789,8.470000267028809,8.539999961853027,53900
2019-09-16,4.554445743560791,8.489999771118164,8.510000228881836,8.479999542236328,8.489999771118164,40800
2019-09-17,4.549081325531006,8.479999542236328,8.539999961853027,8.479999542236328,8.479999542236328,38900
2019-09-18,4.522258758544922,8.430000305175781,8.479999542236328,8.329999923706055,8.470000267028809,46800
2019-09-19,4.522258758544922,8.430000305175781,8.5,8.380000114440918,8.449999809265137,69300
2019-09-20,4.490072250366211,8.369999885559082,8.460000038146973,8.319999694824219,8.399999618530273,56500
2019-09-23,4.484707832336426,8.359999656677246,8.430000305175781,8.34000015258789,8.430000305175781,105300
2019-09-24,4.4578857421875,8.3100004196167,8.5,8.270000457763672,8.380000114440918,80500
2019-09-25,4.3935112953186035,8.1899995803833,8.319999694824219,8.15999984741211,8.300000190734863,75400
2019-09-26,4.361324787139893,8.130000114440918,8.180000305175781,8.079999923706055,8.170000076293945,66200
2019-09-27,4.329137325286865,8.069999694824219,8.15999984741211,8.020000457763672,8.15999984741211,54400
2019-09-30,4.355960369110107,8.119999885559082,8.130000114440918,8.0600004196167,8.130000114440918,56300
2019-10-01,4.313044548034668,8.039999961853027,8.149999618530273,8.029999732971191,8.149999618530273,42100
2019-10-02,4.264763832092285,7.949999809265137,8.029999732971191,7.900000095367432,8.020000457763672,81500
2019-10-03,4.313044548034668,8.039999961853027,8.039999961853027,7.960000038146973,7.960000038146973,76700
2019-10-04,4.355960369110107,8.119999885559082,8.119999885559082,8.0600004196167,8.079999923706055,23100
2019-10-07,4.345230579376221,8.100000381469727,8.140000343322754,8.0600004196167,8.119999885559082,26400
2019-10-08,4.2969512939453125,8.010000228881836,8.0600004196167,7.960000038146973,8.050000190734863,39700
2019-10-09,4.345230579376221,8.100000381469727,8.109999656677246,8.029999732971191,8.050000190734863,39100
2019-10-10,4.3398661613464355,8.09000015258789,8.130000114440918,8.050000190734863,8.100000381469727,37200
2019-10-11,4.345230579376221,8.100000381469727,8.199999809265137,8.100000381469727,8.149999618530273,54600
2019-10-14,4.291585922241211,8.0,8.109999656677246,7.949999809265137,8.100000381469727,114000
2019-10-15,4.286221504211426,7.989999771118164,8.09000015258789,7.980000019073486,7.980000019073486,49800
2019-10-16,4.291585922241211,8.0,8.020000457763672,7.960000038146973,7.96999979019165,44700
2019-10-17,4.3398661613464355,8.09000015258789,8.119999885559082,8.0,8.0,29600
2019-10-18,4.323773384094238,8.0600004196167,8.109999656677246,8.029999732971191,8.09000015258789,35300
2019-10-21,4.329137325286865,8.069999694824219,8.109999656677246,8.0600004196167,8.109999656677246,26100
2019-10-22,4.3398661613464355,8.09000015258789,8.119999885559082,8.0600004196167,8.119999885559082,32500
2019-10-23,4.334501266479492,8.079999923706055,8.109999656677246,8.0600004196167,8.109999656677246,26900
2019-10-24,4.318408489227295,8.050000190734863,8.109999656677246,8.050000190734863,8.050000190734863,37000
2019-10-25,4.318408489227295,8.050000190734863,8.119999885559082,8.050000190734863,8.069999694824219,35900
2019-10-28,4.334501266479492,8.079999923706055,8.119999885559082,8.069999694824219,8.069999694824219,59700
2019-10-29,4.3398661613464355,8.09000015258789,8.09000015258789,8.0600004196167,8.0600004196167,16600
2019-10-30,4.3398661613464355,8.09000015258789,8.109999656677246,8.069999694824219,8.079999923706055,32900
2019-10-31,4.313044548034668,8.039999961853027,8.109999656677246,8.039999961853027,8.069999694824219,49100
2019-11-01,4.372053146362305,8.149999618530273,8.199999809265137,8.050000190734863,8.050000190734863,30700
2019-11-04,4.3935112953186035,8.1899995803833,8.25,8.180000305175781,8.25,39600
2019-11-05,4.345230579376221,8.100000381469727,8.1899995803833,8.09000015258789,8.119999885559082,31700
2019-11-06,4.345230579376221,8.100000381469727,8.239999771118164,8.09000015258789,8.119999885559082,48000
2019-11-07,4.38814640045166,8.180000305175781,8.180000305175781,8.100000381469727,8.100000381469727,33300
2019-11-08,4.38814640045166,8.180000305175781,8.270000457763672,8.15999984741211,8.180000305175781,43700
2019-11-11,4.414968967437744,8.229999542236328,8.25,8.170000076293945,8.170000076293945,34800
2019-11-12,4.436428070068359,8.270000457763672,8.300000190734863,8.180000305175781,8.180000305175781,29800
2019-11-13,4.3935112953186035,8.1899995803833,8.229999542236328,8.180000305175781,8.229999542236328,31000
2019-11-14,4.372053146362305,8.149999618530273,8.1899995803833,8.140000343322754,8.170000076293945,37000
2019-11-15,4.425697326660156,8.25,8.270000457763672,8.140000343322754,8.140000343322754,34300
2019-11-18,4.4471564292907715,8.289999961853027,8.300000190734863,8.239999771118164,8.260000228881836,53500
2019-11-19,4.398876190185547,8.199999809265137,8.300000190734863,8.15999984741211,8.300000190734863,46600
2019-11-20,4.37741756439209,8.15999984741211,8.210000038146973,8.149999618530273,8.210000038146973,35500
2019-11-21,4.372053146362305,8.149999618530273,8.210000038146973,8.119999885559082,8.1899995803833,63700
2019-11-22,4.398876190185547,8.199999809265137,8.260000228881836,8.15999984741211,8.15999984741211,33500
2019-11-25,4.425697326660156,8.25,8.279999732971191,8.199999809265137,8.220000267028809,28500
2019-11-26,4.420333385467529,8.239999771118164,8.25,8.149999618530273,8.210000038146973,54100
2019-11-27,4.4578857421875,8.3100004196167,8.3100004196167,8.180000305175781,8.220000267028809,87600
2019-11-29,4.468613624572754,8.329999923706055,8.350000381469727,8.239999771118164,8.3100004196167,33600
2019-12-02,4.414968967437744,8.229999542236328,8.399999618530273,8.229999542236328,8.34000015258789,82700
2019-12-03,4.398876190185547,8.199999809265137,8.260000228881836,8.119999885559082,8.149999618530273,76600
2019-12-04,4.372053146362305,8.149999618530273,8.239999771118164,8.119999885559082,8.210000038146973,76500
2019-12-05,4.382781982421875,8.170000076293945,8.279999732971191,8.130000114440918,8.130000114440918,55400
2019-12-06,4.37741756439209,8.15999984741211,8.239999771118164,8.15999984741211,8.210000038146973,70200
2019-12-09,4.38814640045166,8.180000305175781,8.3100004196167,8.170000076293945,8.220000267028809,86500
2019-12-10,4.345230579376221,8.100000381469727,8.210000038146973,8.100000381469727,8.15999984741211,116500
2019-12-11,4.38814640045166,8.180000305175781,8.199999809265137,8.079999923706055,8.09000015258789,83800
2019-12-12,4.410197734832764,8.0,8.039999961853027,7.989999771118164,8.010000228881836,61900
2019-12-13,4.360583305358887,7.909999847412109,8.010000228881836,7.860000133514404,7.949999809265137,124000
2019-12-16,4.371608734130859,7.929999828338623,7.980000019073486,7.920000076293945,7.929999828338623,56600
2019-12-17,4.338531970977783,7.869999885559082,7.960000038146973,7.860000133514404,7.940000057220459,90400
2019-12-18,4.459812641143799,8.09000015258789,8.100000381469727,7.880000114440918,7.920000076293945,86200
2019-12-19,4.454299449920654,8.079999923706055,8.100000381469727,8.0,8.100000381469727,63500
2019-12-20,4.476350784301758,8.119999885559082,8.170000076293945,8.079999923706055,8.170000076293945,109300
2019-12-23,4.536991119384766,8.229999542236328,8.289999961853027,8.119999885559082,8.119999885559082,102400
2019-12-24,4.4873762130737305,8.140000343322754,8.210000038146973,8.079999923706055,8.119999885559082,68100
2019-12-26,4.470837593078613,8.109999656677246,8.140000343322754,8.079999923706055,8.100000381469727,74400
2019-12-27,4.4212236404418945,8.020000457763672,8.119999885559082,8.020000457763672,8.109999656677246,93900
2019-12-30,4.393658638000488,7.96999979019165,8.050000190734863,7.960000038146973,8.029999732971191,72800
2019-12-31,4.4212236404418945,8.020000457763672,8.029999732971191,7.929999828338623,7.929999828338623,86400
2020-01-02,4.432248115539551,8.039999961853027,8.109999656677246,7.96999979019165,8.039999961853027,72500
2020-01-03,4.448787212371826,8.069999694824219,8.069999694824219,8.0,8.020000457763672,56200
2020-01-06,4.432248115539551,8.039999961853027,8.0600004196167,8.020000457763672,8.039999961853027,91300
2020-01-07,4.415710926055908,8.010000228881836,8.069999694824219,8.010000228881836,8.039999961853027,45600
2020-01-08,4.432248115539551,8.039999961853027,8.09000015258789,8.010000228881836,8.029999732971191,100500
2020-01-09,4.426736354827881,8.029999732971191,8.09000015258789,8.0,8.09000015258789,122200
2020-01-10,4.4212236404418945,8.020000457763672,8.039999961853027,8.010000228881836,8.029999732971191,74400
2020-01-13,4.448787212371826,8.069999694824219,8.079999923706055,8.029999732971191,8.039999961853027,69000
2020-01-14,4.465325832366943,8.100000381469727,8.149999618530273,8.069999694824219,8.079999923706055,55300
2020-01-15,4.531476974487305,8.220000267028809,8.220000267028809,8.119999885559082,8.119999885559082,77500
2020-01-16,4.5480170249938965,8.25,8.279999732971191,8.199999809265137,8.220000267028809,69100
2020-01-17,4.553529262542725,8.260000228881836,8.329999923706055,8.199999809265137,8.329999923706055,69100
2020-01-21,4.525965690612793,8.210000038146973,8.220000267028809,8.140000343322754,8.149999618530273,88100
2020-01-22,4.531476974487305,8.220000267028809,8.25,8.180000305175781,8.220000267028809,48800
2020-01-23,4.492888927459717,8.149999618530273,8.239999771118164,8.100000381469727,8.239999771118164,63700
2020-01-24,4.4873762130737305,8.140000343322754,8.180000305175781,8.109999656677246,8.15999984741211,84600
2020-01-27,4.4212236404418945,8.020000457763672,8.100000381469727,8.010000228881836,8.100000381469727,124300
2020-01-28,4.465325832366943,8.100000381469727,8.109999656677246,8.039999961853027,8.039999961853027,70300
2020-01-29,4.470837593078613,8.109999656677246,8.180000305175781,8.100000381469727,8.149999618530273,51200
2020-01-30,4.432248115539551,8.039999961853027,8.119999885559082,8.020000457763672,8.100000381469727,237200
2020-01-31,4.388145923614502,7.960000038146973,8.09000015258789,7.960000038146973,8.09000015258789,93500
2020-02-03,4.44327449798584,8.0600004196167,8.109999656677246,7.980000019073486,7.980000019073486,72200
2020-02-04,4.481863498687744,8.130000114440918,8.170000076293945,8.109999656677246,8.130000114440918,60800
2020-02-05,4.5039143562316895,8.170000076293945,8.220000267028809,8.149999618530273,8.180000305175781,67600
2020-02-06,4.5039143562316895,8.170000076293945,8.229999542236328,8.15999984741211,8.229999542236328,46100
2020-02-07,4.525965690612793,8.210000038146973,8.220000267028809,8.170000076293945,8.220000267028809,39600
2020-02-10,4.498401641845703,8.15999984741211,8.210000038146973,8.149999618530273,8.1899995803833,56200
2020-02-11,4.514939785003662,8.1899995803833,8.229999542236328,8.140000343322754,8.140000343322754,74700
2020-02-12,4.531476974487305,8.220000267028809,8.25,8.199999809265137,8.220000267028809,67000
2020-02-13,4.553529262542725,8.260000228881836,8.260000228881836,8.1899995803833,8.210000038146973,57100
2020-02-14,4.498401641845703,8.15999984741211,8.270000457763672,8.15999984741211,8.260000228881836,104900
2020-02-18,4.54250431060791,8.239999771118164,8.239999771118164,8.170000076293945,8.220000267028809,78700
2020-02-19,4.592118263244629,8.329999923706055,8.329999923706055,8.270000457763672,8.279999732971191,75600
2020-02-20,4.597631454467773,8.34000015258789,8.350000381469727,8.270000457763672,8.329999923706055,58200
2020-02-21,4.60865592956543,8.359999656677246,8.369999885559082,8.289999961853027,8.319999694824219,87400
2020-02-24,4.498401641845703,8.15999984741211,8.279999732971191,8.069999694824219,8.279999732971191,161400
2020-02-25,4.360583305358887,7.909999847412109,8.170000076293945,7.849999904632568,8.15999984741211,301000
2020-02-26,4.377121448516846,7.940000057220459,8.029999732971191,7.880000114440918,7.960000038146973,138600
2020-02-27,4.167636394500732,7.559999942779541,7.840000152587891,7.5,7.840000152587891,224400
2020-02-28,3.8093080520629883,6.909999847412109,7.460000038146973,6.909999847412109,7.440000057220459,365000
2020-03-02,4.1786627769470215,7.579999923706055,7.650000095367432,7.010000228881836,7.010000228881836,173300
2020-03-03,4.073919773101807,7.389999866485596,7.78000020980835,7.269999980926514,7.610000133514404,193000
2020-03-04,4.277892589569092,7.760000228881836,7.769999980926514,7.46999979019165,7.5,102500
2020-03-05,4.106996059417725,7.449999809265137,7.590000152587891,7.449999809265137,7.590000152587891,99200
2020-03-06,3.991229772567749,7.239999771118164,7.269999980926514,7.110000133514404,7.190000057220459,133000
2020-03-09,3.803795099258423,6.900000095367432,7.0,6.5,7.0,129300
2020-03-10,3.9967410564422607,7.25,7.25,6.940000057220459,7.090000152587891,112100
2020-03-11,3.643925905227661,6.610000133514404,7.130000114440918,6.559999942779541,7.130000114440918,151300
2020-03-12,3.032011032104492,5.5,5.980000019073486,5.0,5.440000057220459,191800
2020-03-13,3.285597085952759,5.960000038146973,5.960000038146973,5.5,5.570000171661377,138600
2020-03-16,2.8849146366119385,5.039999961853027,5.869999885559082,5.0,5.489999771118164,115300
2020-03-17,2.7360901832580566,4.78000020980835,5.099999904632568,4.619999885559082,5.070000171661377,217400
2020-03-18,1.9576205015182495,3.4200000762939453,4.400000095367432,3.1500000953674316,4.300000190734863,368000
2020-03-19,2.1636857986450195,3.7799999713897705,3.9200000762939453,3.0399999618530273,3.25,371300
2020-03-20,2.404095411300659,4.199999809265137,4.820000171661377,4.099999904632568,4.099999904632568,289100
2020-03-23,2.117893695831299,3.700000047683716,4.190000057220459,3.5999999046325684,4.190000057220459,219400
2020-03-24,2.552920341491699,4.460000038146973,4.989999771118164,3.940000057220459,3.940000057220459,271800
2020-03-25,2.987947702407837,5.21999979019165,5.369999885559082,4.5,4.760000228881836,173900
2020-03-26,3.205460786819458,5.599999904632568,5.829999923706055,5.199999809265137,5.21999979019165,111900
2020-03-27,3.1024281978607178,5.420000076293945,5.519999980926514,5.199999809265137,5.420000076293945,94900
2020-03-30,3.1253244876861572,5.460000038146973,5.619999885559082,5.300000190734863,5.409999847412109,63200
2020-03-31,3.09670352935791,5.409999847412109,5.599999904632568,5.360000133514404,5.579999923706055,149500
2020-04-01,2.862018585205078,5.0,5.28000020980835,4.949999809265137,5.179999828338623,58100
2020-04-02,2.9192585945129395,5.099999904632568,5.21999979019165,4.96999979019165,5.010000228881836,55600
2020-04-03,2.7303659915924072,4.769999980926514,5.059999942779541,4.760000228881836,5.059999942779541,57300
2020-04-06,3.0680832862854004,5.360000133514404,5.360000133514404,5.090000152587891,5.150000095367432,86200
2020-04-07,3.153944253921509,5.510000228881836,5.769999980926514,5.489999771118164,5.570000171661377,91100
2020-04-08,3.354285955429077,5.860000133514404,5.869999885559082,5.519999980926514,5.679999828338623,40200
2020-04-09,3.4916629791259766,6.099999904632568,6.260000228881836,5.980000019073486,6.079999923706055,103500
2020-04-13,3.434422254562378,6.0,6.139999866485596,5.820000171661377,6.139999866485596,60200
2020-04-14,3.4916629791259766,6.099999904632568,6.139999866485596,6.0,6.0,72400
2020-04-15,3.348562002182007,5.849999904632568,6.050000190734863,5.710000038146973,6.050000190734863,105400
2020-04-16,3.400078058242798,5.940000057220459,5.960000038146973,5.789999961853027,5.880000114440918,61100
2020-04-17,3.485938787460327,6.090000152587891,6.150000095367432,6.03000020980835,6.139999866485596,66100
2020-04-20,3.3142173290252686,5.789999961853027,6.090000152587891,5.760000228881836,6.050000190734863,100700
2020-04-21,3.268425226211548,5.710000038146973,5.78000020980835,5.599999904632568,5.78000020980835,68600
2020-04-22,3.331389904022217,5.820000171661377,5.880000114440918,5.78000020980835,5.800000190734863,40100
2020-04-23,3.354285955429077,5.860000133514404,5.949999809265137,5.860000133514404,5.949999809265137,53400
2020-04-24,3.3657333850860596,5.880000114440918,5.920000076293945,5.800000190734863,5.920000076293945,65100
2020-04-27,3.4286980628967285,5.989999771118164,6.019999980926514,5.880000114440918,5.949999809265137,68200
2020-04-28,3.468766212463379,6.059999942779541,6.25,6.059999942779541,6.150000095367432,89600
2020-04-29,3.6977286338806152,6.460000038146973,6.570000171661377,6.190000057220459,6.190000057220459,85700
2020-04-30,3.657658815383911,6.389999866485596,6.53000020980835,6.28000020980835,6.53000020980835,85700
2020-05-01,3.531731367111206,6.170000076293945,6.300000190734863,6.119999885559082,6.300000190734863,61900
2020-05-04,3.531731367111206,6.170000076293945,6.170000076293945,6.010000228881836,6.059999942779541,43600
2020-05-05,3.5546271800994873,6.210000038146973,6.320000171661377,6.150000095367432,6.150000095367432,55600
2020-05-06,3.5431787967681885,6.190000057220459,6.289999961853027,6.170000076293945,6.289999961853027,35300
2020-05-07,3.4973864555358887,6.110000133514404,6.309999942779541,6.110000133514404,6.190000057220459,49200
2020-05-08,3.566075563430786,6.230000019073486,6.260000228881836,6.170000076293945,6.210000038146973,34800
2020-05-11,3.600419282913208,6.289999961853027,6.320000171661377,6.170000076293945,6.170000076293945,63700
2020-05-12,3.5603508949279785,6.21999979019165,6.380000114440918,6.21999979019165,6.320000171661377,44000
2020-05-13,3.3886306285858154,5.920000076293945,6.260000228881836,5.789999961853027,6.260000228881836,128300
2020-05-14,3.3771817684173584,5.900000095367432,5.900000095367432,5.699999809265137,5.760000228881836,51000
2020-05-15,3.4802141189575195,6.079999923706055,6.079999923706055,5.869999885559082,5.909999847412109,31900
2020-05-18,3.6118674278259277,6.309999942779541,6.400000095367432,6.150000095367432,6.150000095367432,53300
2020-05-19,3.6748316287994385,6.420000076293945,6.559999942779541,6.340000152587891,6.349999904632568,87000
2020-05-20,3.7549684047698975,6.559999942779541,6.599999904632568,6.480000019073486,6.559999942779541,24000
2020-05-21,3.7835886478424072,6.610000133514404,6.610000133514404,6.5,6.510000228881836,64600
2020-05-22,3.7893128395080566,6.619999885559082,6.619999885559082,6.5,6.599999904632568,29800
2020-05-26,3.840829849243164,6.710000038146973,6.800000190734863,6.699999809265137,6.739999771118164,70100
2020-05-27,3.840829849243164,6.710000038146973,6.800000190734863,6.570000171661377,6.699999809265137,67300
2020-05-28,3.8522770404815674,6.730000019073486,6.840000152587891,6.659999847412109,6.730000019073486,39800
2020-05-29,3.926689863204956,6.860000133514404,6.860000133514404,6.659999847412109,6.730000019073486,23300
2020-06-01,3.8751730918884277,6.769999980926514,6.940000057220459,6.699999809265137,6.730000019073486,95200
2020-06-02,3.915241003036499,6.840000152587891,6.869999885559082,6.769999980926514,6.809999942779541,43100
2020-06-03,4.064065456390381,7.099999904632568,7.239999771118164,6.920000076293945,6.980000019073486,87500
2020-06-04,4.132755279541016,7.21999979019165,7.28000020980835,7.079999923706055,7.099999904632568,48200
2020-06-05,4.270131587982178,7.460000038146973,7.519999980926514,7.329999923706055,7.380000114440918,85900
2020-06-08,4.310199737548828,7.53000020980835,7.619999885559082,7.440000057220459,7.5,86800
2020-06-09,4.293028354644775,7.5,7.550000190734863,7.429999828338623,7.460000038146973,33300
2020-06-10,4.258683681488037,7.440000057220459,7.510000228881836,7.260000228881836,7.5,110000
2020-06-11,3.9095170497894287,6.829999923706055,7.110000133514404,6.579999923706055,6.849999904632568,149300
2020-06-12,4.064065456390381,7.099999904632568,7.230000019073486,6.920000076293945,7.070000171661377,83400
2020-06-15,4.004996299743652,6.78000020980835,6.820000171661377,6.53000020980835,6.619999885559082,67100
2020-06-16,3.9990885257720947,6.769999980926514,7.079999923706055,6.730000019073486,6.889999866485596,44000
2020-06-17,3.8868534564971924,6.579999923706055,6.800000190734863,6.579999923706055,6.800000190734863,51300
2020-06-18,3.8514111042022705,6.519999980926514,6.599999904632568,6.5,6.5,50300
2020-06-19,4.004996299743652,6.78000020980835,6.900000095367432,6.639999866485596,6.659999847412109,98600
2020-06-22,4.010902404785156,6.789999961853027,6.800000190734863,6.679999828338623,6.760000228881836,46000
2020-06-23,4.111323356628418,6.960000038146973,7.03000020980835,6.900000095367432,6.989999771118164,108800
2020-06-24,4.004996299743652,6.78000020980835,7.019999980926514,6.71999979019165,6.929999828338623,137600
2020-06-25,3.9931819438934326,6.760000228881836,6.849999904632568,6.639999866485596,6.710000038146973,44000
2020-06-26,3.869133234024048,6.550000190734863,6.809999942779541,6.510000228881836,6.789999961853027,56600
2020-06-29,3.8455047607421875,6.510000228881836,6.590000152587891,6.5,6.5,48500
2020-06-30,3.839596748352051,6.5,6.579999923706055,6.420000076293945,6.5,49500
2020-07-01,3.869133234024048,6.550000190734863,6.590000152587891,6.409999847412109,6.519999980926514,33100
2020-07-02,3.857318878173828,6.53000020980835,6.670000076293945,6.489999771118164,6.599999904632568,50600
2020-07-06,3.8632254600524902,6.539999961853027,6.670000076293945,6.53000020980835,6.559999942779541,54600
2020-07-07,3.8514111042022705,6.519999980926514,6.579999923706055,6.46999979019165,6.46999979019165,61100
2020-07-08,3.82778263092041,6.480000019073486,6.599999904632568,6.46999979019165,6.489999771118164,42300
2020-07-09,3.798248291015625,6.429999828338623,6.539999961853027,6.420000076293945,6.480000019073486,33700
2020-07-10,3.839596748352051,6.5,6.559999942779541,6.449999809265137,6.480000019073486,49800
2020-07-13,3.815969467163086,6.460000038146973,6.610000133514404,6.420000076293945,6.539999961853027,49000
2020-07-14,3.869133234024048,6.550000190734863,6.599999904632568,6.449999809265137,6.449999809265137,46500
2020-07-15,3.8632254600524902,6.539999961853027,6.650000095367432,6.5,6.510000228881836,65900
2020-07-16,3.8809475898742676,6.570000171661377,6.599999904632568,6.5,6.550000190734863,94400
2020-07-17,3.8336904048919678,6.489999771118164,6.570000171661377,6.420000076293945,6.559999942779541,54600
2020-07-20,3.8809475898742676,6.570000171661377,6.590000152587891,6.440000057220459,6.519999980926514,82700
2020-07-21,3.869133234024048,6.550000190734863,6.690000057220459,6.53000020980835,6.550000190734863,79300
2020-07-22,3.916389226913452,6.630000114440918,6.690000057220459,6.559999942779541,6.590000152587891,92700
2020-07-23,3.8986687660217285,6.599999904632568,6.730000019073486,6.579999923706055,6.590000152587891,88200
2020-07-24,3.91048264503479,6.619999885559082,6.659999847412109,6.550000190734863,6.599999904632568,46700
2020-07-27,3.987273693084717,6.75,6.78000020980835,6.559999942779541,6.599999904632568,52700
2020-07-28,3.9931819438934326,6.760000228881836,6.809999942779541,6.650000095367432,6.75,57900
2020-07-29,4.07588005065918,6.900000095367432,6.900000095367432,6.730000019073486,6.730000019073486,38900
2020-07-30,4.069973468780518,6.889999866485596,6.900000095367432,6.75,6.860000133514404,25300
2020-07-31,4.069973468780518,6.889999866485596,6.889999866485596,6.739999771118164,6.840000152587891,46900
2020-08-03,4.064066410064697,6.880000114440918,6.989999771118164,6.800000190734863,6.880000114440918,55000
2020-08-04,4.07588005065918,6.900000095367432,6.960000038146973,6.840000152587891,6.889999866485596,33600
2020-08-05,4.1408586502075195,7.010000228881836,7.039999961853027,6.920000076293945,6.920000076293945,32000
2020-08-06,4.1408586502075195,7.010000228881836,7.010000228881836,6.900000095367432,6.900000095367432,41400
2020-08-07,4.123137950897217,6.980000019073486,7.019999980926514,6.949999809265137,6.960000038146973,32900
2020-08-10,4.188114643096924,7.090000152587891,7.090000152587891,6.980000019073486,7.0,34200
2020-08-11,4.1408586502075195,7.010000228881836,7.099999904632568,7.010000228881836,7.059999942779541,59000
2020-08-12,4.182208061218262,7.079999923706055,7.130000114440918,7.070000171661377,7.070000171661377,52600
2020-08-13,4.211743354797363,7.130000114440918,7.21999979019165,7.050000190734863,7.070000171661377,53800
2020-08-14,4.247185230255127,7.190000057220459,7.230000019073486,7.150000095367432,7.199999809265137,29100
2020-08-17,4.282628059387207,7.25,7.269999980926514,7.199999809265137,7.21999979019165,74100
2020-08-18,4.264906406402588,7.21999979019165,7.25,7.150000095367432,7.21999979019165,40500
2020-08-19,4.223557949066162,7.150000095367432,7.210000038146973,7.099999904632568,7.179999828338623,75100
2020-08-20,4.223557949066162,7.150000095367432,7.199999809265137,7.03000020980835,7.139999866485596,83700
2020-08-21,4.194020748138428,7.099999904632568,7.139999866485596,7.050000190734863,7.119999885559082,45300
2020-08-24,4.241279125213623,7.179999828338623,7.199999809265137,7.130000114440918,7.130000114440918,58900
2020-08-25,4.241279125213623,7.179999828338623,7.239999771118164,7.119999885559082,7.21999979019165,63500
2020-08-26,4.282628059387207,7.25,7.28000020980835,7.170000076293945,7.170000076293945,56200
2020-08-27,4.2767205238342285,7.239999771118164,7.329999923706055,7.190000057220459,7.28000020980835,93000
2020-08-28,4.253091812133789,7.199999809265137,7.239999771118164,7.150000095367432,7.239999771118164,113200
2020-08-31,4.264906406402588,7.21999979019165,7.230000019073486,7.179999828338623,7.199999809265137,64900
2020-09-01,4.335791110992432,7.340000152587891,7.340000152587891,7.190000057220459,7.199999809265137,85800
2020-09-02,4.371233940124512,7.400000095367432,7.429999828338623,7.340000152587891,7.369999885559082,89700
2020-09-03,4.241279125213623,7.179999828338623,7.400000095367432,7.170000076293945,7.400000095367432,92000
2020-09-04,4.217649936676025,7.139999866485596,7.28000020980835,6.909999847412109,7.25,141800
2020-09-08,4.081788063049316,6.909999847412109,7.139999866485596,6.909999847412109,7.139999866485596,80400
2020-09-09,4.205835342407227,7.119999885559082,7.159999847412109,6.96999979019165,6.96999979019165,110500
2020-09-10,4.1408586502075195,7.010000228881836,7.210000038146973,6.96999979019165,7.210000038146973,88900
2020-09-11,4.1408586502075195,7.010000228881836,7.039999961853027,6.940000057220459,7.039999961853027,98300
2020-09-14,4.229464054107666,7.159999847412109,7.25,7.110000133514404,7.139999866485596,106500
2020-09-15,4.302596092224121,7.059999942779541,7.099999904632568,6.96999979019165,7.099999904632568,69400
2020-09-16,4.266030311584473,7.0,7.099999904632568,6.980000019073486,7.099999904632568,35800
2020-09-17,4.144143581390381,6.800000190734863,6.920000076293945,6.760000228881836,6.920000076293945,82700
2020-09-18,4.119767189025879,6.760000228881836,6.889999866485596,6.670000076293945,6.800000190734863,90600
2020-09-21,4.083199977874756,6.699999809265137,6.730000019073486,6.559999942779541,6.599999904632568,104800
2020-09-22,4.125860691070557,6.769999980926514,6.769999980926514,6.690000057220459,6.739999771118164,39100
2020-09-23,4.052728652954102,6.650000095367432,6.869999885559082,6.599999904632568,6.860000133514404,201100
2020-09-24,4.022257328033447,6.599999904632568,6.71999979019165,6.519999980926514,6.590000152587891,93400
2020-09-25,4.003973484039307,6.570000171661377,6.599999904632568,6.510000228881836,6.599999904632568,74400
2020-09-28,4.040539264678955,6.630000114440918,6.699999809265137,6.630000114440918,6.630000114440918,69700
2020-09-29,3.961313486099243,6.5,6.679999828338623,6.46999979019165,6.639999866485596,124800
2020-09-30,3.936936616897583,6.460000038146973,6.579999923706055,6.400000095367432,6.579999923706055,154400
2020-10-01,3.961313486099243,6.5,6.519999980926514,6.429999828338623,6.449999809265137,101300
2020-10-02,3.9125595092773438,6.420000076293945,6.46999979019165,6.360000133514404,6.440000057220459,81200
2020-10-05,4.034445285797119,6.619999885559082,6.619999885559082,6.440000057220459,6.440000057220459,38900
2020-10-06,4.016163349151611,6.590000152587891,6.679999828338623,6.559999942779541,6.599999904632568,122100
2020-10-07,4.034445285797119,6.619999885559082,6.670000076293945,6.610000133514404,6.610000133514404,37200
2020-10-08,4.113672256469727,6.75,6.75,6.650000095367432,6.679999828338623,70500
2020-10-09,4.0953898429870605,6.71999979019165,6.800000190734863,6.71999979019165,6.800000190734863,78500
2020-10-12,4.162426471710205,6.829999923706055,6.880000114440918,6.760000228881836,6.760000228881836,54400
2020-10-13,4.19899320602417,6.889999866485596,6.889999866485596,6.800000190734863,6.860000133514404,49100
2020-10-14,4.174614429473877,6.849999904632568,6.920000076293945,6.809999942779541,6.880000114440918,51400
2020-10-15,4.138050556182861,6.789999961853027,6.820000171661377,6.679999828338623,6.820000171661377,58300
2020-10-16,4.113672256469727,6.75,6.800000190734863,6.710000038146973,6.78000020980835,77800
2020-10-19,3.9917855262756348,6.550000190734863,6.769999980926514,6.53000020980835,6.75,69400
2020-10-20,4.016163349151611,6.590000152587891,6.639999866485596,6.550000190734863,6.599999904632568,42100
2020-10-21,4.058823108673096,6.659999847412109,6.670000076293945,6.610000133514404,6.639999866485596,59600
2020-10-22,4.028351306915283,6.610000133514404,6.670000076293945,6.579999923706055,6.670000076293945,104600
2020-10-23,4.040539264678955,6.630000114440918,6.679999828338623,6.559999942779541,6.659999847412109,62400
2020-10-26,3.961313486099243,6.5,6.599999904632568,6.429999828338623,6.559999942779541,80200
2020-10-27,3.936936616897583,6.460000038146973,6.519999980926514,6.440000057220459,6.5,66900
2020-10-28,3.790672779083252,6.21999979019165,6.460000038146973,6.190000057220459,6.320000171661377,110700
2020-10-29,3.8150508403778076,6.260000228881836,6.309999942779541,6.179999828338623,6.260000228881836,104300
2020-10-30,3.754106283187866,6.159999847412109,6.289999961853027,6.099999904632568,6.210000038146973,90300
2020-11-02,3.8211443424224854,6.269999980926514,6.320000171661377,6.179999828338623,6.199999809265137,66100
2020-11-03,3.949125289916992,6.480000019073486,6.5,6.349999904632568,6.349999904632568,51500
2020-11-04,4.058823108673096,6.659999847412109,6.690000057220459,6.539999961853027,6.539999961853027,46200
2020-11-05,4.205086708068848,6.900000095367432,6.900000095367432,6.809999942779541,6.820000171661377,50900
2020-11-06,4.174614429473877,6.849999904632568,6.929999828338623,6.829999923706055,6.929999828338623,56800
2020-11-09,4.192897796630859,6.880000114440918,7.199999809265137,6.869999885559082,7.099999904632568,81100
2020-11-10,4.192897796630859,6.880000114440918,6.949999809265137,6.820000171661377,6.849999904632568,59900
2020-11-11,4.266030311584473,7.0,7.059999942779541,6.929999828338623,6.929999828338623,50600
2020-11-12,4.284313678741455,7.03000020980835,7.050000190734863,6.980000019073486,7.039999961853027,44400
2020-11-13,4.3391618728637695,7.119999885559082,7.21999979019165,7.099999904632568,7.099999904632568,98800
2020-11-16,4.400104522705078,7.21999979019165,7.269999980926514,7.190000057220459,7.230000019073486,101500
2020-11-17,4.400104522705078,7.21999979019165,7.28000020980835,7.179999828338623,7.230000019073486,122800
2020-11-18,4.400104522705078,7.21999979019165,7.289999961853027,7.190000057220459,7.21999979019165,93300
2020-11-19,4.503708839416504,7.389999866485596,7.409999847412109,7.199999809265137,7.199999809265137,72400
2020-11-20,4.558557987213135,7.480000019073486,7.5,7.400000095367432,7.420000076293945,100900
2020-11-23,4.63169002532959,7.599999904632568,7.619999885559082,7.460000038146973,7.460000038146973,101000
2020-11-24,4.656067371368408,7.639999866485596,7.710000038146973,7.550000190734863,7.599999904632568,104000
2020-11-25,4.63169002532959,7.599999904632568,7.710000038146973,7.599999904632568,7.659999847412109,59000
2020-11-27,4.674349784851074,7.670000076293945,7.699999809265137,7.639999866485596,7.639999866485596,42900
2020-11-30,4.704821586608887,7.71999979019165,7.769999980926514,7.670000076293945,7.71999979019165,117700
2020-12-01,4.844991207122803,7.949999809265137,7.960000038146973,7.789999961853027,7.789999961853027,116300
2020-12-02,4.875462532043457,8.0,8.0,7.849999904632568,7.940000057220459,85100
2020-12-03,4.905935287475586,8.050000190734863,8.050000190734863,7.989999771118164,8.0,130900
2020-12-04,4.985161304473877,8.180000305175781,8.180000305175781,8.0600004196167,8.069999694824219,120000
2020-12-07,5.033916473388672,8.260000228881836,8.260000228881836,8.15999984741211,8.199999809265137,118700
2020-12-08,5.0278215408325195,8.25,8.260000228881836,8.180000305175781,8.25,162400
2020-12-09,5.05219841003418,8.289999961853027,8.289999961853027,8.199999809265137,8.25,158400
2020-12-10,4.933250427246094,7.880000114440918,8.0,7.880000114440918,8.0,136900
2020-12-11,4.933250427246094,7.880000114440918,7.900000095367432,7.849999904632568,7.880000114440918,106900
2020-12-14,4.958292007446289,7.920000076293945,7.949999809265137,7.900000095367432,7.929999828338623,85700
2020-12-15,4.914468288421631,7.849999904632568,7.980000019073486,7.829999923706055,7.980000019073486,82100
2020-12-16,4.95203161239624,7.909999847412109,7.949999809265137,7.849999904632568,7.880000114440918,76600
2020-12-17,4.9770731925964355,7.949999809265137,7.96999979019165,7.880000114440918,7.940000057220459,78100
2020-12-18,5.00837516784668,8.0,8.020000457763672,7.940000057220459,8.020000457763672,103000
2020-12-21,4.970812797546387,7.940000057220459,7.980000019073486,7.829999923706055,7.960000038146973,94100
2020-12-22,4.926989555358887,7.869999885559082,7.96999979019165,7.829999923706055,7.960000038146973,69800
2020-12-23,4.95203161239624,7.909999847412109,7.960000038146973,7.880000114440918,7.909999847412109,43200
2020-12-24,4.945771217346191,7.900000095367432,7.949999809265137,7.900000095367432,7.940000057220459,23400
2020-12-28,5.002115249633789,7.989999771118164,8.0,7.889999866485596,7.980000019073486,51500
2020-12-29,4.970812797546387,7.940000057220459,8.029999732971191,7.909999847412109,8.0,64800
2020-12-30,4.9770731925964355,7.949999809265137,8.010000228881836,7.920000076293945,7.980000019073486,66000
2020-12-31,4.983334064483643,7.960000038146973,8.0,7.929999828338623,7.960000038146973,34600
2021-01-04,4.870645046234131,7.78000020980835,8.029999732971191,7.71999979019165,8.0,129100
2021-01-05,5.002115249633789,7.989999771118164,7.989999771118164,7.809999942779541,7.809999942779541,46600
2021-01-06,5.039677143096924,8.050000190734863,8.079999923706055,7.909999847412109,7.989999771118164,115900
2021-01-07,5.083500862121582,8.119999885559082,8.149999618530273,8.029999732971191,8.100000381469727,65800
2021-01-08,5.127323627471924,8.1899995803833,8.220000267028809,8.15999984741211,8.220000267028809,90100
2021-01-11,5.064720153808594,8.09000015258789,8.1899995803833,8.09000015258789,8.1899995803833,99000
2021-01-12,5.096022129058838,8.140000343322754,8.1899995803833,8.119999885559082,8.140000343322754,54800
2021-01-13,5.108542442321777,8.15999984741211,8.1899995803833,8.09000015258789,8.140000343322754,38700
2021-01-14,5.133584499359131,8.199999809265137,8.239999771118164,8.149999618530273,8.1899995803833,65600
2021-01-15,5.12106466293335,8.180000305175781,8.25,8.09000015258789,8.25,75800
2021-01-19,5.17114782333374,8.260000228881836,8.279999732971191,8.210000038146973,8.239999771118164,79900
2021-01-20,5.164886474609375,8.25,8.319999694824219,8.25,8.300000190734863,88700
2021-01-21,5.177408695220947,8.270000457763672,8.329999923706055,8.260000228881836,8.260000228881836,76700
2021-01-22,5.158626556396484,8.239999771118164,8.270000457763672,8.149999618530273,8.220000267028809,100100
2021-01-25,5.208710193634033,8.319999694824219,8.329999923706055,8.199999809265137,8.270000457763672,41800
2021-01-26,5.25879430770874,8.399999618530273,8.399999618530273,8.319999694824219,8.350000381469727,74600
2021-01-27,5.17114782333374,8.260000228881836,8.390000343322754,8.210000038146973,8.380000114440918,101600
2021-01-28,5.208710193634033,8.319999694824219,8.369999885559082,8.210000038146973,8.300000190734863,56400
2021-01-29,5.108542442321777,8.15999984741211,8.319999694824219,8.109999656677246,8.319999694824219,57200
2021-02-01,5.233752250671387,8.359999656677246,8.369999885559082,8.1899995803833,8.199999809265137,54900
2021-02-02,5.321398735046387,8.5,8.5,8.399999618530273,8.449999809265137,80300
2021-02-03,5.402784824371338,8.630000114440918,8.640000343322754,8.5,8.520000457763672,90800
2021-02-04,5.446608543395996,8.699999809265137,8.699999809265137,8.640000343322754,8.6899995803833,105800
2021-02-05,5.5467753410339355,8.859999656677246,8.880000114440918,8.649999618530273,8.699999809265137,105300
2021-02-08,5.634422779083252,9.0,9.0,8.899999618530273,8.949999809265137,88200
2021-02-09,5.65320348739624,9.029999732971191,9.039999961853027,8.930000305175781,9.0,68200
2021-02-10,5.715808868408203,9.130000114440918,9.130000114440918,9.029999732971191,9.0600004196167,79100
2021-02-11,5.759631633758545,9.199999809265137,9.210000038146973,9.079999923706055,9.130000114440918,106500
2021-02-12,5.866060256958008,9.369999885559082,9.390000343322754,9.149999618530273,9.1899995803833,146800
2021-02-16,5.934924602508545,9.479999542236328,9.539999961853027,9.420000076293945,9.489999771118164,102700
2021-02-17,5.947444915771484,9.5,9.520000457763672,9.390000343322754,9.470000267028809,87800
2021-02-18,5.916142463684082,9.449999809265137,9.5,9.300000190734863,9.5,82300
2021-02-19,5.9411845207214355,9.489999771118164,9.529999732971191,9.449999809265137,9.470000267028809,63500
2021-02-22,5.909882545471191,9.4399995803833,9.489999771118164,9.380000114440918,9.489999771118164,107300
2021-02-23,5.809715270996094,9.279999732971191,9.430000305175781,9.119999885559082,9.430000305175781,157700
2021-02-24,5.903622627258301,9.430000305175781,9.449999809265137,9.210000038146973,9.300000190734863,84400
2021-02-25,5.884840965270996,9.399999618530273,9.479999542236328,9.270000457763672,9.430000305175781,104100
2021-02-26,5.853538513183594,9.350000381469727,9.470000267028809,9.300000190734863,9.420000076293945,63200
2021-03-01,5.997529029846191,9.579999923706055,9.680000305175781,9.399999618530273,9.40999984741211,72100
2021-03-02,6.091436862945557,9.729999542236328,9.75,9.59000015258789,9.600000381469727,54800
2021-03-03,6.103957653045654,9.75,9.84000015258789,9.729999542236328,9.770000457763672,55500
2021-03-04,5.897362232208252,9.420000076293945,9.739999771118164,9.369999885559082,9.729999542236328,67900
2021-03-05,5.947444915771484,9.5,9.59000015258789,9.359999656677246,9.520000457763672,58500
2021-03-08,6.035092830657959,9.640000343322754,9.670000076293945,9.539999961853027,9.600000381469727,92800
2021-03-09,6.135261535644531,9.800000190734863,9.850000381469727,9.6899995803833,9.760000228881836,100000
2021-03-10,6.122739791870117,9.779999732971191,9.949999809265137,9.779999732971191,9.829999923706055,103300
2021-03-11,6.254209041595459,9.989999771118164,10.079999923706055,9.880000114440918,9.930000305175781,119800
2021-03-12,6.33559513092041,10.119999885559082,10.1899995803833,9.949999809265137,9.989999771118164,90400
2021-03-15,6.4107208251953125,10.239999771118164,10.34000015258789,10.149999618530273,10.149999618530273,120200
2021-03-16,6.455507278442383,10.09000015258789,10.149999618530273,10.0600004196167,10.100000381469727,62000
2021-03-17,6.449107646942139,10.079999923706055,10.09000015258789,9.859999656677246,10.09000015258789,56600
2021-03-18,6.333945274353027,9.899999618530273,10.069999694824219,9.880000114440918,10.069999694824219,46500
2021-03-19,6.353139400482178,9.930000305175781,9.960000038146973,9.850000381469727,9.960000038146973,18100
2021-03-22,6.481098175048828,10.130000114440918,10.149999618530273,9.989999771118164,10.010000228881836,90900
2021-03-23,6.378730773925781,9.970000267028809,10.15999984741211,9.890000343322754,10.15999984741211,41400
2021-03-24,6.269968032836914,9.800000190734863,10.079999923706055,9.739999771118164,10.079999923706055,150200
2021-03-25,6.122814178466797,9.569999694824219,9.800000190734863,9.470000267028809,9.800000190734863,116600
2021-03-26,6.058835506439209,9.470000267028809,9.619999885559082,9.289999961853027,9.619999885559082,83000
2021-03-29,6.039640426635742,9.4399995803833,9.5,9.350000381469727,9.479999542236328,36500
2021-03-30,6.071630001068115,9.489999771118164,9.489999771118164,9.380000114440918,9.40999984741211,30000
2021-03-31,6.1164164543151855,9.5600004196167,9.579999923706055,9.479999542236328,9.5,44800
2021-04-01,6.180395603179932,9.65999984741211,9.6899995803833,9.600000381469727,9.600000381469727,30700
2021-04-05,6.289161205291748,9.829999923706055,9.880000114440918,9.739999771118164,9.829999923706055,76400
2021-04-06,6.289161205291748,9.829999923706055,9.859999656677246,9.779999732971191,9.829999923706055,32600
2021-04-07,6.372333526611328,9.960000038146973,9.960000038146973,9.800000190734863,9.800000190734863,64400
2021-04-08,6.39792537689209,10.0,10.050000190734863,9.960000038146973,10.050000190734863,44700
2021-04-09,6.423516750335693,10.039999961853027,10.039999961853027,10.0,10.039999961853027,22700
2021-04-12,6.442709922790527,10.069999694824219,10.069999694824219,10.0,10.050000190734863,35100
2021-04-13,6.5194854736328125,10.1899995803833,10.220000267028809,10.020000457763672,10.039999961853027,76400
2021-04-14,6.564270973205566,10.260000228881836,10.270000457763672,10.170000076293945,10.239999771118164,63600
2021-04-15,6.621853351593018,10.350000381469727,10.369999885559082,10.25,10.300000190734863,43300
2021-04-16,6.589862823486328,10.300000190734863,10.369999885559082,10.279999732971191,10.369999885559082,29300
2021-04-19,6.513087272644043,10.180000305175781,10.300000190734863,10.170000076293945,10.270000457763672,48400
2021-04-20,6.436313629150391,10.0600004196167,10.15999984741211,9.989999771118164,10.15999984741211,64700
2021-04-21,6.39152717590332,9.989999771118164,10.149999618530273,9.989999771118164,10.020000457763672,47600
2021-04-22,6.314751625061035,9.869999885559082,10.029999732971191,9.800000190734863,10.029999732971191,107500
2021-04-23,6.468301773071289,10.109999656677246,10.119999885559082,9.9399995803833,9.9399995803833,27500
2021-04-26,6.436313629150391,10.0600004196167,10.149999618530273,9.949999809265137,10.119999885559082,52300
2021-04-27,6.429914474487305,10.050000190734863,10.149999618530273,10.039999961853027,10.0600004196167,35900
2021-04-28,6.436313629150391,10.0600004196167,10.119999885559082,10.010000228881836,10.020000457763672,38600
2021-04-29,6.5514750480651855,10.239999771118164,10.3100004196167,10.100000381469727,10.149999618530273,60100
2021-04-30,6.615454196929932,10.34000015258789,10.369999885559082,10.149999618530273,10.25,57300
2021-05-03,6.609057426452637,10.329999923706055,10.369999885559082,10.3100004196167,10.369999885559082,41200
2021-05-04,6.5514750480651855,10.239999771118164,10.3100004196167,10.109999656677246,10.300000190734863,52200
2021-05-05,6.538679599761963,10.220000267028809,10.300000190734863,10.210000038146973,10.239999771118164,59200
2021-05-06,6.50669002532959,10.170000076293945,10.270000457763672,10.109999656677246,10.270000457763672,30200
2021-05-07,6.5514750480651855,10.239999771118164,10.300000190734863,10.170000076293945,10.220000267028809,33200
2021-05-10,6.525882244110107,10.199999809265137,10.279999732971191,10.149999618530273,10.25,30200
2021-05-11,6.468301773071289,10.109999656677246,10.130000114440918,9.970000267028809,10.130000114440918,43900
2021-05-12,6.173996448516846,9.649999618530273,10.010000228881836,9.640000343322754,10.010000228881836,62900
2021-05-13,6.2315778732299805,9.739999771118164,9.8100004196167,9.649999618530273,9.670000076293945,42700
2021-05-14,6.378730773925781,9.970000267028809,9.989999771118164,9.8100004196167,9.8100004196167,17400
2021-05-17,6.385129451751709,9.979999542236328,10.010000228881836,9.869999885559082,9.979999542236328,23900
2021-05-18,6.346742153167725,9.920000076293945,10.020000457763672,9.920000076293945,9.9399995803833,22700
2021-05-19,6.423516750335693,10.039999961853027,10.039999961853027,9.899999618530273,9.899999618530273,50800
2021-05-20,6.481098175048828,10.130000114440918,10.180000305175781,10.029999732971191,10.100000381469727,25800
2021-05-21,6.513087272644043,10.180000305175781,10.1899995803833,10.149999618530273,10.1899995803833,27400
2021-05-24,6.564270973205566,10.260000228881836,10.350000381469727,10.149999618530273,10.180000305175781,40900
2021-05-25,6.532281398773193,10.210000038146973,10.300000190734863,10.199999809265137,10.300000190734863,25100
2021-05-26,6.577066421508789,10.279999732971191,10.300000190734863,10.210000038146973,10.279999732971191,25900
2021-05-27,6.545076370239258,10.229999542236328,10.350000381469727,10.229999542236328,10.300000190734863,27200
2021-05-28,6.577066421508789,10.279999732971191,10.300000190734863,10.25,10.300000190734863,23600
2021-06-01,6.628249645233154,10.359999656677246,10.399999618530273,10.25,10.300000190734863,55800
2021-06-02,6.775402545928955,10.59000015258789,10.59000015258789,10.40999984741211,10.470000267028809,64200
2021-06-03,6.813788890838623,10.649999618530273,10.649999618530273,10.430000305175781,10.579999923706055,37500
2021-06-04,6.871371269226074,10.739999771118164,10.739999771118164,10.670000076293945,10.680000305175781,61700
2021-06-07,6.8777689933776855,10.75,10.770000457763672,10.670000076293945,10.75,53700
2021-06-08,6.980135440826416,10.90999984741211,10.949999809265137,10.75,10.800000190734863,60800
2021-06-09,6.884166240692139,10.760000228881836,10.899999618530273,10.760000228881836,10.859999656677246,66400
2021-06-10,6.960941314697266,10.880000114440918,10.9399995803833,10.850000381469727,10.850000381469727,49600
2021-06-11,6.960941314697266,10.880000114440918,10.90999984741211,10.789999961853027,10.90999984741211,32400
2021-06-14,6.999328136444092,10.9399995803833,11.0,10.880000114440918,10.880000114440918,66800
2021-06-15,6.920979976654053,10.600000381469727,10.899999618530273,10.529999732971191,10.720000267028809,59900
2021-06-16,6.823040962219238,10.449999809265137,10.579999923706055,10.399999618530273,10.5600004196167,90900
2021-06-17,6.816511631011963,10.4399995803833,10.729999542236328,10.390000343322754,10.390000343322754,30600
2021-06-18,6.444345474243164,9.869999885559082,10.319999694824219,9.869999885559082,10.300000190734863,101100
2021-06-21,6.770806789398193,10.369999885559082,10.40999984741211,10.0,10.069999694824219,59400
2021-06-22,6.829568862915039,10.460000038146973,10.470000267028809,10.369999885559082,10.390000343322754,33000
2021-06-23,6.927508354187012,10.609999656677246,10.630000114440918,10.520000457763672,10.59000015258789,76700
2021-06-24,6.999330043792725,10.720000267028809,10.84000015258789,10.609999656677246,10.6899995803833,63600
2021-06-25,6.999330043792725,10.720000267028809,10.800000190734863,10.65999984741211,10.65999984741211,94900
2021-06-28,7.214793682098389,11.050000190734863,11.0600004196167,10.770000457763672,10.779999732971191,121100
2021-06-29,7.280084609985352,11.149999618530273,11.149999618530273,11.100000381469727,11.130000114440918,65600
2021-06-30,7.3062028884887695,11.1899995803833,11.210000038146973,11.029999732971191,11.119999885559082,62000
2021-07-01,7.449845790863037,11.40999984741211,11.59000015258789,11.199999809265137,11.25,147900
2021-07-02,7.456376552581787,11.420000076293945,11.5,11.260000228881836,11.5,42000
2021-07-06,7.397613525390625,11.329999923706055,11.420000076293945,11.25,11.359999656677246,58100
2021-07-07,7.397613525390625,11.329999923706055,11.5,11.300000190734863,11.34000015258789,59500
2021-07-08,7.280084609985352,11.149999618530273,11.3100004196167,11.100000381469727,11.229999542236328,117300
2021-07-09,7.182148456573486,11.0,11.350000381469727,10.90999984741211,11.180000305175781,231400
2021-07-12,6.431288242340088,9.850000381469727,10.789999961853027,9.850000381469727,10.5,309700
2021-07-13,6.509637832641602,9.970000267028809,10.09000015258789,9.880000114440918,9.9399995803833,122600
2021-07-14,6.411700248718262,9.819999694824219,9.979999542236328,9.819999694824219,9.9399995803833,44200
2021-07-15,6.281115531921387,9.619999885559082,9.850000381469727,9.600000381469727,9.84000015258789,89800
2021-07-16,6.281115531921387,9.619999885559082,9.75,9.569999694824219,9.579999923706055,65600
2021-07-19,6.307231903076172,9.65999984741211,9.680000305175781,9.430000305175781,9.529999732971191,120800
2021-07-20,6.3202900886535645,9.680000305175781,9.720000267028809,9.640000343322754,9.640000343322754,41300
2021-07-21,6.326818943023682,9.6899995803833,9.729999542236328,9.6899995803833,9.729999542236328,62600
2021-07-22,6.268056392669678,9.600000381469727,9.75,9.600000381469727,9.720000267028809,79400
2021-07-23,6.313760757446289,9.670000076293945,9.6899995803833,9.630000114440918,9.649999618530273,29500
2021-07-26,6.268056392669678,9.600000381469727,9.670000076293945,9.59000015258789,9.630000114440918,59300
2021-07-27,6.241939544677734,9.5600004196167,9.630000114440918,9.550000190734863,9.609999656677246,88900
2021-07-28,6.27458381652832,9.609999656677246,9.609999656677246,9.5600004196167,9.569999694824219,47900
2021-07-29,6.294173717498779,9.640000343322754,9.65999984741211,9.630000114440918,9.649999618530273,34200
2021-07-30,6.281115531921387,9.619999885559082,9.670000076293945,9.619999885559082,9.619999885559082,52000
2021-08-02,6.281115531921387,9.619999885559082,9.65999984741211,9.600000381469727,9.619999885559082,29500
2021-08-03,6.281115531921387,9.619999885559082,9.640000343322754,9.59000015258789,9.619999885559082,89600
2021-08-04,6.235410690307617,9.550000190734863,9.619999885559082,9.550000190734863,9.579999923706055,71800
2021-08-05,6.248469352722168,9.569999694824219,9.579999923706055,9.550000190734863,9.550000190734863,43800
2021-08-06,6.235410690307617,9.550000190734863,9.609999656677246,9.550000190734863,9.59000015258789,52200
2021-08-09,6.294173717498779,9.640000343322754,9.640000343322754,9.5600004196167,9.640000343322754,34000
2021-08-10,6.27458381652832,9.609999656677246,9.640000343322754,9.600000381469727,9.619999885559082,53100
2021-08-11,6.27458381652832,9.609999656677246,9.619999885559082,9.600000381469727,9.609999656677246,41500
2021-08-12,6.241939544677734,9.5600004196167,9.630000114440918,9.5600004196167,9.609999656677246,110300
2021-08-13,6.202763557434082,9.5,9.569999694824219,9.5,9.529999732971191,54700
2021-08-16,6.254997253417969,9.579999923706055,9.600000381469727,9.529999732971191,9.59000015258789,35900
2021-08-17,6.209292888641357,9.510000228881836,9.579999923706055,9.479999542236328,9.5600004196167,46400
2021-08-18,6.196234226226807,9.489999771118164,9.520000457763672,9.470000267028809,9.489999771118164,38800
2021-08-19,6.137471675872803,9.399999618530273,9.489999771118164,9.289999961853027,9.460000038146973,117700
2021-08-20,6.228880405426025,9.539999961853027,9.539999961853027,9.420000076293945,9.420000076293945,47600
2021-08-23,6.248469352722168,9.569999694824219,9.619999885559082,9.550000190734863,9.579999923706055,90700
2021-08-24,6.254997253417969,9.579999923706055,9.619999885559082,9.569999694824219,9.600000381469727,79100
2021-08-25,6.248469352722168,9.569999694824219,9.600000381469727,9.550000190734863,9.600000381469727,154500
2021-08-26,6.241939544677734,9.5600004196167,9.609999656677246,9.5600004196167,9.5600004196167,107700
2021-08-27,6.282037734985352,9.399999618530273,9.489999771118164,9.300000190734863,9.300000190734863,88500
2021-08-30,6.282037734985352,9.399999618530273,9.430000305175781,9.359999656677246,9.430000305175781,65000
2021-08-31,6.382282733917236,9.550000190734863,9.550000190734863,9.430000305175781,9.430000305175781,72700
2021-09-01,6.402331352233887,9.579999923706055,9.59000015258789,9.539999961853027,9.579999923706055,73300
2021-09-02,6.415698051452637,9.600000381469727,9.600000381469727,9.579999923706055,9.579999923706055,53300
2021-09-03,6.388967037200928,9.5600004196167,9.600000381469727,9.539999961853027,9.550000190734863,67100
2021-09-07,6.388967037200928,9.5600004196167,9.600000381469727,9.529999732971191,9.579999923706055,59200
2021-09-08,6.375600337982178,9.539999961853027,9.579999923706055,9.510000228881836,9.5600004196167,75700
2021-09-09,6.362234115600586,9.520000457763672,9.550000190734863,9.5,9.529999732971191,57000
2021-09-10,6.308769226074219,9.4399995803833,9.579999923706055,9.40999984741211,9.550000190734863,63600
2021-09-13,6.31545352935791,9.449999809265137,9.479999542236328,9.420000076293945,9.479999542236328,68200
2021-09-14,6.228574275970459,9.319999694824219,9.5,9.289999961853027,9.5,81400
2021-09-15,6.215208530426025,9.300000190734863,9.319999694824219,9.260000228881836,9.3100004196167,28200
2021-09-16,6.221890449523926,9.3100004196167,9.350000381469727,9.279999732971191,9.329999923706055,35300
2021-09-17,6.168426036834717,9.229999542236328,9.329999923706055,9.220000267028809,9.329999923706055,23300
2021-09-20,6.014716625213623,9.0,9.199999809265137,9.0,9.199999809265137,114100
2021-09-21,6.114962100982666,9.149999618530273,9.199999809265137,9.109999656677246,9.180000305175781,61700
2021-09-22,6.175108432769775,9.239999771118164,9.25,9.1899995803833,9.199999809265137,47200
2021-09-23,6.275355815887451,9.390000343322754,9.4399995803833,9.279999732971191,9.420000076293945,96900
2021-09-24,6.31545352935791,9.449999809265137,9.479999542236328,9.359999656677246,9.390000343322754,81500
2021-09-27,6.241939544677734,9.34000015258789,9.470000267028809,9.329999923706055,9.449999809265137,73400
2021-09-28,6.1283278465271,9.170000076293945,9.319999694824219,9.15999984741211,9.25,75400
2021-09-29,6.155060291290283,9.210000038146973,9.270000457763672,9.119999885559082,9.199999809265137,29100
2021-09-30,6.101596832275391,9.130000114440918,9.300000190734863,9.119999885559082,9.25,24800
2021-10-01,6.155060291290283,9.210000038146973,9.260000228881836,9.140000343322754,9.199999809265137,36700
2021-10-04,6.06818151473999,9.079999923706055,9.239999771118164,9.050000190734863,9.220000267028809,48900
2021-10-05,6.121645927429199,9.15999984741211,9.199999809265137,9.09000015258789,9.09000015258789,27900
2021-10-06,6.074864387512207,9.09000015258789,9.15999984741211,9.069999694824219,9.140000343322754,28300
2021-10-07,6.148376941680908,9.199999809265137,9.279999732971191,9.149999618530273,9.149999618530273,53000
2021-10-08,6.181793212890625,9.25,9.270000457763672,9.180000305175781,9.239999771118164,20400
2021-10-11,6.148376941680908,9.199999809265137,9.300000190734863,9.199999809265137,9.25,40700
2021-10-12,6.161744117736816,9.220000267028809,9.289999961853027,9.220000267028809,9.260000228881836,28100
2021-10-13,6.181793212890625,9.25,9.329999923706055,9.220000267028809,9.270000457763672,18400
2021-10-14,6.221890449523926,9.3100004196167,9.329999923706055,9.260000228881836,9.270000457763672,22300
2021-10-15,6.30208683013916,9.430000305175781,9.4399995803833,9.359999656677246,9.359999656677246,16300
2021-10-18,6.31545352935791,9.449999809265137,9.449999809265137,9.40999984741211,9.4399995803833,31800
2021-10-19,6.28872013092041,9.40999984741211,9.489999771118164,9.40999984741211,9.4399995803833,41400
2021-10-20,6.31545352935791,9.449999809265137,9.489999771118164,9.390000343322754,9.390000343322754,43900
2021-10-21,6.30208683013916,9.430000305175781,9.460000038146973,9.369999885559082,9.449999809265137,36800
2021-10-22,6.295404434204102,9.420000076293945,9.460000038146973,9.399999618530273,9.449999809265137,34200
2021-10-25,6.308769226074219,9.4399995803833,9.470000267028809,9.420000076293945,9.460000038146973,55300
2021-10-26,6.26867151260376,9.380000114440918,9.460000038146973,9.359999656677246,9.460000038146973,25100
2021-10-27,6.161744117736816,9.220000267028809,9.399999618530273,9.220000267028809,9.350000381469727,57300
2021-10-28,6.155060291290283,9.210000038146973,9.270000457763672,9.15999984741211,9.220000267028809,59700
2021-10-29,6.114962100982666,9.149999618530273,9.210000038146973,9.149999618530273,9.1899995803833,36000
2021-11-01,6.188474655151367,9.260000228881836,9.3100004196167,9.15999984741211,9.15999984741211,52100
2021-11-02,6.168426036834717,9.229999542236328,9.3100004196167,9.229999542236328,9.3100004196167,33000
2021-11-03,6.208524227142334,9.289999961853027,9.3100004196167,9.239999771118164,9.260000228881836,43900
2021-11-04,6.114962100982666,9.149999618530273,9.300000190734863,9.149999618530273,9.300000190734863,46000
2021-11-05,6.161744117736816,9.220000267028809,9.300000190734863,9.180000305175781,9.180000305175781,43600
2021-11-08,6.195158958435059,9.270000457763672,9.300000190734863,9.25,9.270000457763672,35600
2021-11-09,6.208524227142334,9.289999961853027,9.289999961853027,9.220000267028809,9.289999961853027,67800
2021-11-10,6.168426036834717,9.229999542236328,9.300000190734863,9.229999542236328,9.289999961853027,44500
2021-11-11,6.168426036834717,9.229999542236328,9.279999732971191,9.100000381469727,9.239999771118164,86200
2021-11-12,6.248623371124268,9.350000381469727,9.430000305175781,9.260000228881836,9.260000228881836,43800
2021-11-15,6.26867151260376,9.380000114440918,9.399999618530273,9.329999923706055,9.350000381469727,32300
2021-11-16,6.342184543609619,9.489999771118164,9.489999771118164,9.350000381469727,9.399999618530273,54500
2021-11-17,6.295404434204102,9.420000076293945,9.479999542236328,9.399999618530273,9.479999542236328,34400
2021-11-18,6.3288187980651855,9.470000267028809,9.529999732971191,9.350000381469727,9.479999542236328,50300
2021-11-19,6.335501194000244,9.479999542236328,9.479999542236328,9.350000381469727,9.460000038146973,36600
2021-11-22,6.295404434204102,9.420000076293945,9.479999542236328,9.300000190734863,9.479999542236328,66100
2021-11-23,6.322135925292969,9.460000038146973,9.479999542236328,9.25,9.25,58900
2021-11-24,6.335501194000244,9.479999542236328,9.5600004196167,9.300000190734863,9.460000038146973,79900
2021-11-26,6.295404434204102,9.420000076293945,9.489999771118164,9.350000381469727,9.420000076293945,48700
2021-11-29,6.26867151260376,9.380000114440918,9.489999771118164,9.380000114440918,9.460000038146973,26200
2021-11-30,6.201841831207275,9.279999732971191,9.350000381469727,9.279999732971191,9.3100004196167,81300
2021-12-01,6.155060291290283,9.210000038146973,9.350000381469727,9.149999618530273,9.279999732971191,63500
2021-12-02,6.168426036834717,9.229999542236328,9.300000190734863,9.170000076293945,9.170000076293945,44400
2021-12-03,6.135011672973633,9.180000305175781,9.359999656677246,9.140000343322754,9.270000457763672,61500
2021-12-06,6.26867151260376,9.380000114440918,9.380000114440918,9.260000228881836,9.260000228881836,62100
2021-12-07,6.362234115600586,9.520000457763672,9.529999732971191,9.5,9.5,71600
2021-12-08,6.342184543609619,9.489999771118164,9.550000190734863,9.489999771118164,9.529999732971191,53400
2021-12-09,6.225877285003662,9.100000381469727,9.380000114440918,9.079999923706055,9.380000114440918,70500
2021-12-10,6.157460689544678,9.0,9.100000381469727,9.0,9.079999923706055,67400
2021-12-13,5.9727373123168945,8.729999542236328,9.020000457763672,8.5600004196167,9.0,111600
2021-12-14,5.8632707595825195,8.569999694824219,8.850000381469727,8.5600004196167,8.649999618530273,69800
2021-12-15,5.9727373123168945,8.729999542236328,8.770000457763672,8.579999923706055,8.65999984741211,64800
2021-12-16,5.7469635009765625,8.399999618530273,8.760000228881836,8.359999656677246,8.760000228881836,113000
2021-12-17,5.952212333679199,8.699999809265137,8.859999656677246,8.520000457763672,8.649999618530273,121100
2021-12-20,5.740122318267822,8.390000343322754,9.100000381469727,8.25,8.579999923706055,186600
2021-12-21,5.80169677734375,8.479999542236328,8.609999656677246,8.270000457763672,8.449999809265137,79300
2021-12-22,5.89063835144043,8.609999656677246,8.699999809265137,8.369999885559082,8.539999961853027,46400
2021-12-23,5.986420631408691,8.75,8.890000343322754,8.630000114440918,8.640000343322754,49400
2021-12-27,6.013787269592285,8.789999961853027,9.0,8.770000457763672,8.779999732971191,33800
2021-12-28,5.931687831878662,8.670000076293945,8.899999618530273,8.670000076293945,8.789999961853027,30800
2021-12-29,5.883796215057373,8.600000381469727,8.739999771118164,8.600000381469727,8.640000343322754,84000
2021-12-30,5.952212333679199,8.699999809265137,8.770000457763672,8.5600004196167,8.5600004196167,54100
2021-12-31,5.938529968261719,8.680000305175781,8.729999542236328,8.579999923706055,8.579999923706055,106100
2022-01-03,6.143777847290039,8.979999542236328,9.100000381469727,8.65999984741211,8.65999984741211,41400
2022-01-04,6.1232523918151855,8.949999809265137,9.130000114440918,8.869999885559082,9.130000114440918,50400
2022-01-05,5.911163330078125,8.640000343322754,8.949999809265137,8.609999656677246,8.880000114440918,75600
2022-01-06,5.849588394165039,8.550000190734863,8.729999542236328,8.539999961853027,8.619999885559082,51800
2022-01-07,5.815379619598389,8.5,8.609999656677246,8.5,8.550000190734863,72000
2022-01-10,5.808538436889648,8.489999771118164,8.510000228881836,8.380000114440918,8.5,86000
2022-01-11,5.965895652770996,8.720000267028809,8.770000457763672,8.460000038146973,8.479999542236328,49700
2022-01-12,5.965895652770996,8.720000267028809,8.829999923706055,8.720000267028809,8.760000228881836,37700
2022-01-13,5.99326229095459,8.760000228881836,8.930000305175781,8.760000228881836,8.829999923706055,56600
2022-01-14,6.027470588684082,8.8100004196167,8.9399995803833,8.630000114440918,8.649999618530273,47000
2022-01-18,5.876955032348633,8.59000015258789,8.8100004196167,8.5600004196167,8.800000190734863,97800
2022-01-19,5.767488956451416,8.430000305175781,8.770000457763672,8.420000076293945,8.59000015258789,55300
2022-01-20,5.719597816467285,8.359999656677246,8.550000190734863,8.350000381469727,8.479999542236328,97100
2022-01-21,5.452773094177246,7.96999979019165,8.40999984741211,7.900000095367432,8.350000381469727,138400
2022-01-24,5.528032302856445,8.079999923706055,8.079999923706055,7.599999904632568,7.880000114440918,188100
2022-01-25,5.541715145111084,8.100000381469727,8.1899995803833,7.760000228881836,7.920000076293945,95700
2022-01-26,5.50750732421875,8.050000190734863,8.300000190734863,8.020000457763672,8.149999618530273,78900
2022-01-27,5.398040771484375,7.889999866485596,8.239999771118164,7.880000114440918,8.069999694824219,73100
2022-01-28,5.480140686035156,8.010000228881836,8.020000457763672,7.71999979019165,7.889999866485596,93800
2022-01-31,5.685389518737793,8.3100004196167,8.3100004196167,8.029999732971191,8.029999732971191,46500
2022-02-01,5.685389518737793,8.3100004196167,8.4399995803833,8.199999809265137,8.319999694824219,59400
2022-02-02,5.61697244644165,8.210000038146973,8.40999984741211,8.210000038146973,8.34000015258789,72800
2022-02-03,5.480140686035156,8.010000228881836,8.15999984741211,8.0,8.149999618530273,68200
2022-02-04,5.575922966003418,8.149999618530273,8.220000267028809,7.949999809265137,8.0,68500
2022-02-07,5.555398464202881,8.119999885559082,8.239999771118164,8.119999885559082,8.130000114440918,37200
2022-02-08,5.596447467803955,8.180000305175781,8.25,8.100000381469727,8.100000381469727,23900
2022-02-09,5.842746734619141,8.539999961853027,8.649999618530273,8.25,8.260000228881836,41300
2022-02-10,5.69907283782959,8.329999923706055,8.75,8.300000190734863,8.470000267028809,56500
2022-02-11,5.60329008102417,8.1899995803833,8.569999694824219,8.140000343322754,8.319999694824219,60100
2022-02-14,5.582764625549316,8.15999984741211,8.3100004196167,8.109999656677246,8.3100004196167,62200
2022-02-15,5.712756156921387,8.350000381469727,8.510000228881836,8.199999809265137,8.199999809265137,55100
2022-02-16,5.7743306159973145,8.4399995803833,8.489999771118164,8.3100004196167,8.40999984741211,56300
2022-02-17,5.644339561462402,8.25,8.470000267028809,8.210000038146973,8.350000381469727,113200
2022-02-18,5.582764625549316,8.15999984741211,8.319999694824219,8.119999885559082,8.229999542236328,36700
2022-02-22,5.781171798706055,8.449999809265137,8.630000114440918,8.25,8.449999809265137,178000
2022-02-23,5.726438999176025,8.369999885559082,8.539999961853027,8.300000190734863,8.539999961853027,68900
2022-02-24,5.80169677734375,8.479999542236328,8.5,8.149999618530273,8.199999809265137,151800
2022-02-25,5.849588394165039,8.550000190734863,8.630000114440918,8.399999618530273,8.510000228881836,67900
2022-02-28,5.8632707595825195,8.569999694824219,8.770000457763672,8.369999885559082,8.5,56900
2022-03-01,5.815379619598389,8.5,8.760000228881836,8.449999809265137,8.569999694824219,40900
2022-03-02,5.9248456954956055,8.65999984741211,8.6899995803833,8.510000228881836,8.65999984741211,36400
2022-03-03,5.89747953414917,8.619999885559082,8.84000015258789,8.5600004196167,8.640000343322754,66900
2022-03-04,5.9248456954956055,8.65999984741211,8.699999809265137,8.5,8.59000015258789,57800
2022-03-07,5.883796215057373,8.600000381469727,8.699999809265137,8.550000190734863,8.670000076293945,114800
2022-03-08,6.061678886413574,8.859999656677246,8.979999542236328,8.59000015258789,8.609999656677246,195800
2022-03-09,6.239559650421143,9.119999885559082,9.180000305175781,8.920000076293945,9.050000190734863,145600
2022-03-10,6.266927242279053,9.15999984741211,9.180000305175781,8.970000267028809,9.170000076293945,108000
2022-03-11,6.266927242279053,9.15999984741211,9.25,9.100000381469727,9.170000076293945,72600
2022-03-14,6.383234024047852,9.329999923706055,9.380000114440918,9.180000305175781,9.3100004196167,177500
2022-03-15,6.28061056137085,9.180000305175781,9.380000114440918,9.100000381469727,9.199999809265137,171400
2022-03-16,6.406783580780029,9.140000343322754,9.3100004196167,8.899999618530273,9.010000228881836,116900
2022-03-17,6.378745079040527,9.100000381469727,9.199999809265137,9.010000228881836,9.109999656677246,71600
2022-03-18,6.448840141296387,9.199999809265137,9.199999809265137,9.039999961853027,9.09000015258789,84700
2022-03-21,6.245561599731445,8.90999984741211,9.149999618530273,8.90999984741211,9.149999618530273,74300
2022-03-22,6.441831111907959,9.1899995803833,9.25,9.0,9.020000457763672,121400
2022-03-23,6.364725589752197,9.079999923706055,9.239999771118164,8.899999618530273,9.1899995803833,59700
2022-03-24,6.462860584259033,9.220000267028809,9.25,9.09000015258789,9.25,117500
2022-03-25,6.434821605682373,9.180000305175781,9.40999984741211,9.170000076293945,9.239999771118164,68000
2022-03-28,6.427811622619629,9.170000076293945,9.229999542236328,9.15999984741211,9.180000305175781,40900
2022-03-29,6.462860584259033,9.220000267028809,9.239999771118164,9.130000114440918,9.1899995803833,48700
2022-03-30,6.434821605682373,9.180000305175781,9.220000267028809,9.109999656677246,9.220000267028809,54600
2022-03-31,6.455850124359131,9.210000038146973,9.270000457763672,9.119999885559082,9.15999984741211,52600
2022-04-01,6.392763137817383,9.119999885559082,9.34000015258789,9.100000381469727,9.34000015258789,50200
2022-04-04,6.434821605682373,9.180000305175781,9.239999771118164,9.140000343322754,9.210000038146973,24900
2022-04-05,6.329677104949951,9.029999732971191,9.170000076293945,9.010000228881836,9.170000076293945,48700
2022-04-06,6.175466060638428,8.8100004196167,8.90999984741211,8.699999809265137,8.869999885559082,80200
2022-04-07,6.028264045715332,8.600000381469727,8.789999961853027,8.600000381469727,8.720000267028809,49400
2022-04-08,5.8670430183410645,8.369999885559082,8.739999771118164,8.369999885559082,8.600000381469727,80300
2022-04-11,5.846014022827148,8.34000015258789,8.380000114440918,8.25,8.270000457763672,45800
2022-04-12,5.796947479248047,8.270000457763672,8.510000228881836,8.260000228881836,8.359999656677246,39700
2022-04-13,5.874053478240967,8.380000114440918,8.390000343322754,8.25,8.25,64600
2022-04-14,5.712831020355225,8.149999618530273,8.3100004196167,8.149999618530273,8.229999542236328,155800
2022-04-18,5.663764953613281,8.079999923706055,8.25,8.0600004196167,8.0600004196167,154100
2022-04-19,5.712831020355225,8.149999618530273,8.220000267028809,8.050000190734863,8.050000190734863,66100
2022-04-20,5.684792995452881,8.109999656677246,8.220000267028809,8.100000381469727,8.170000076293945,49000
2022-04-21,5.733860492706299,8.180000305175781,8.1899995803833,8.050000190734863,8.140000343322754,44100
2022-04-22,5.642735958099365,8.050000190734863,8.1899995803833,8.039999961853027,8.119999885559082,36900
2022-04-25,5.5446014404296875,7.909999847412109,8.039999961853027,7.800000190734863,8.0,122300
2022-04-26,5.453476428985596,7.78000020980835,7.900000095367432,7.78000020980835,7.889999866485596,45400
2022-04-27,5.530581951141357,7.889999866485596,8.0,7.769999980926514,7.769999980926514,42900
2022-04-28,5.558619976043701,7.929999828338623,8.010000228881836,7.869999885559082,7.929999828338623,24100
2022-04-29,5.467495441436768,7.800000190734863,7.960000038146973,7.789999961853027,7.809999942779541,37100
2022-05-02,5.488523483276367,7.829999923706055,7.96999979019165,7.769999980926514,7.820000171661377,50600
2022-05-03,5.537590980529785,7.900000095367432,7.949999809265137,7.75,7.769999980926514,49100
2022-05-04,5.719841480255127,8.15999984741211,8.15999984741211,7.75,7.849999904632568,51200
2022-05-05,5.600677967071533,7.989999771118164,8.119999885559082,7.949999809265137,8.119999885559082,43000
2022-05-06,5.38338041305542,7.679999828338623,8.039999961853027,7.679999828338623,8.0,77200
2022-05-09,5.081966876983643,7.25,7.630000114440918,7.25,7.579999923706055,88800
2022-05-10,4.885698318481445,6.96999979019165,7.590000152587891,6.909999847412109,7.389999866485596,118700
2022-05-11,4.73849630355835,6.760000228881836,7.260000228881836,6.75,6.900000095367432,82000
2022-05-12,4.647371292114258,6.630000114440918,6.800000190734863,6.599999904632568,6.739999771118164,86800
2022-05-13,4.906726360321045,7.0,7.110000133514404,6.820000171661377,6.820000171661377,33700
2022-05-16,5.053928852081299,7.210000038146973,7.260000228881836,7.0,7.0,31800
2022-05-17,5.32029390335083,7.590000152587891,7.639999866485596,7.360000133514404,7.5,32400
2022-05-18,5.19412088394165,7.409999847412109,7.679999828338623,7.300000190734863,7.610000133514404,34200
2022-05-19,5.201130390167236,7.420000076293945,7.559999942779541,7.349999904632568,7.369999885559082,33300
2022-05-20,5.173091888427734,7.380000114440918,7.539999961853027,7.28000020980835,7.369999885559082,47200
2022-05-23,5.208139896392822,7.429999828338623,7.460000038146973,7.320000171661377,7.380000114440918,25000
2022-05-24,5.124024391174316,7.309999942779541,7.489999771118164,7.239999771118164,7.389999866485596,46800
2022-05-25,5.285244941711426,7.539999961853027,7.619999885559082,7.25,7.25,37800
2022-05-26,5.369360446929932,7.659999847412109,7.760000228881836,7.53000020980835,7.53000020980835,36700
2022-05-27,5.586658477783203,7.96999979019165,7.96999979019165,7.75,7.75,33400
2022-05-31,5.656754970550537,8.069999694824219,8.119999885559082,7.880000114440918,7.96999979019165,59900
2022-06-01,5.649745941162109,8.0600004196167,8.15999984741211,7.920000076293945,8.010000228881836,26100
2022-06-02,5.663764953613281,8.079999923706055,8.15999984741211,7.980000019073486,8.0,40800
2022-06-03,5.684792995452881,8.109999656677246,8.210000038146973,8.010000228881836,8.069999694824219,38900
2022-06-06,5.621706962585449,8.020000457763672,8.199999809265137,7.989999771118164,8.180000305175781,52400
2022-06-07,5.691802501678467,8.119999885559082,8.149999618530273,8.010000228881836,8.149999618530273,40200
2022-06-08,5.733860492706299,8.180000305175781,8.1899995803833,8.020000457763672,8.100000381469727,41500
2022-06-09,5.698813438415527,8.130000114440918,8.239999771118164,8.100000381469727,8.180000305175781,54600
2022-06-10,5.572639465332031,7.949999809265137,8.079999923706055,7.849999904632568,8.069999694824219,82700
2022-06-13,5.362351417541504,7.650000095367432,7.949999809265137,7.599999904632568,7.699999809265137,83200
2022-06-14,5.340699672698975,7.400000095367432,7.550000190734863,7.309999942779541,7.380000114440918,40600
2022-06-15,5.3767852783203125,7.449999809265137,7.449999809265137,7.230000019073486,7.329999923706055,71600
2022-06-16,5.008710861206055,6.940000057220459,7.389999866485596,6.940000057220459,7.230000019073486,62700
2022-06-17,4.929321765899658,6.829999923706055,7.099999904632568,6.75,6.940000057220459,56800
2022-06-21,5.073664665222168,7.03000020980835,7.400000095367432,6.860000133514404,6.869999885559082,121200
2022-06-22,5.0664472579956055,7.019999980926514,7.269999980926514,6.900000095367432,6.900000095367432,39800
2022-06-23,5.153053283691406,7.139999866485596,7.340000152587891,7.019999980926514,7.309999942779541,107100
2022-06-24,5.3912200927734375,7.46999979019165,7.550000190734863,7.199999809265137,7.199999809265137,60600
2022-06-27,5.384002685546875,7.460000038146973,7.690000057220459,7.21999979019165,7.579999923706055,37400
2022-06-28,5.340699672698975,7.400000095367432,7.670000076293945,7.389999866485596,7.400000095367432,40800
2022-06-29,5.282962322235107,7.320000171661377,7.489999771118164,7.25,7.360000133514404,33000
2022-06-30,5.218008041381836,7.230000019073486,7.300000190734863,7.159999847412109,7.25,13100
2022-07-01,5.282962322235107,7.320000171661377,7.340000152587891,7.070000171661377,7.159999847412109,39500
2022-07-05,5.3912200927734375,7.46999979019165,7.46999979019165,7.150000095367432,7.369999885559082,25500
2022-07-06,5.499477386474609,7.619999885559082,7.639999866485596,7.429999828338623,7.570000171661377,36200
2022-07-07,5.614952564239502,7.78000020980835,7.860000133514404,7.5,7.789999961853027,45200
2022-07-08,5.311831474304199,7.360000133514404,7.800000190734863,7.360000133514404,7.75,22900
2022-07-11,5.33348274230957,7.389999866485596,7.400000095367432,7.28000020980835,7.349999904632568,42400
2022-07-12,5.196356296539307,7.199999809265137,7.429999828338623,7.159999847412109,7.360000133514404,26200
2022-07-13,5.189139366149902,7.190000057220459,7.309999942779541,7.0,7.170000076293945,57300
2022-07-14,5.145837306976318,7.130000114440918,7.260000228881836,7.0,7.019999980926514,21000
2022-07-15,5.001492977142334,6.929999828338623,7.159999847412109,6.929999828338623,7.130000114440918,40700
2022-07-18,4.958189964294434,6.869999885559082,7.170000076293945,6.800000190734863,7.0,59600
2022-07-19,5.0664472579956055,7.019999980926514,7.019999980926514,6.760000228881836,6.880000114440918,63400
2022-07-20,5.109750747680664,7.079999923706055,7.130000114440918,7.010000228881836,7.03000020980835,16400
2022-07-21,5.174705505371094,7.170000076293945,7.199999809265137,7.079999923706055,7.090000152587891,15900
2022-07-22,5.095315933227539,7.059999942779541,7.210000038146973,7.059999942779541,7.170000076293945,27000
2022-07-25,5.196356296539307,7.199999809265137,7.28000020980835,7.050000190734863,7.050000190734863,16100
2022-07-26,4.979842185974121,6.900000095367432,7.179999828338623,6.900000095367432,7.099999904632568,65300
2022-07-27,5.153053283691406,7.139999866485596,7.199999809265137,6.900000095367432,6.980000019073486,36800
2022-07-28,5.088099002838135,7.050000190734863,7.239999771118164,6.949999809265137,7.059999942779541,56100
2022-07-29,5.138619422912598,7.119999885559082,7.239999771118164,7.070000171661377,7.070000171661377,47600
2022-08-01,5.174705505371094,7.170000076293945,7.260000228881836,7.039999961853027,7.079999923706055,50800
2022-08-02,5.196356296539307,7.199999809265137,7.25,7.070000171661377,7.079999923706055,26700
2022-08-03,5.196356296539307,7.199999809265137,7.300000190734863,7.159999847412109,7.170000076293945,29400
2022-08-04,5.22522497177124,7.239999771118164,7.300000190734863,7.139999866485596,7.210000038146973,37100
2022-08-05,5.239659786224365,7.260000228881836,7.340000152587891,7.159999847412109,7.199999809265137,25900
2022-08-08,5.347916603088379,7.409999847412109,7.610000133514404,7.28000020980835,7.28000020980835,55900
2022-08-09,5.326265811920166,7.380000114440918,7.480000019073486,7.300000190734863,7.440000057220459,21400
2022-08-10,5.448956489562988,7.550000190734863,7.75,7.539999961853027,7.710000038146973,22300
2022-08-11,5.347916603088379,7.409999847412109,7.699999809265137,7.409999847412109,7.489999771118164,48700
2022-08-12,5.456173896789551,7.559999942779541,7.75,7.409999847412109,7.449999809265137,34300
2022-08-15,5.593300819396973,7.75,7.75,7.550000190734863,7.599999904632568,26700
2022-08-16,5.564432621002197,7.710000038146973,7.840000152587891,7.679999828338623,7.739999771118164,33000
2022-08-17,5.578866004943848,7.730000019073486,7.900000095367432,7.650000095367432,7.650000095367432,30000
2022-08-18,5.6293864250183105,7.800000190734863,7.949999809265137,7.71999979019165,7.71999979019165,46300
2022-08-19,5.557214736938477,7.699999809265137,7.940000057220459,7.670000076293945,7.800000190734863,63000
2022-08-22,5.492260456085205,7.610000133514404,7.789999961853027,7.559999942779541,7.670000076293945,39600
2022-08-23,5.420089244842529,7.510000228881836,7.78000020980835,7.510000228881836,7.570000171661377,26100
2022-08-24,5.412871837615967,7.5,7.739999771118164,7.5,7.519999980926514,32600
2022-08-25,5.340699672698975,7.400000095367432,7.860000133514404,7.369999885559082,7.510000228881836,53600
2022-08-26,5.232442378997803,7.25,7.690000057220459,7.25,7.409999847412109,37900
2022-08-29,5.124184608459473,7.099999904632568,7.199999809265137,7.070000171661377,7.090000152587891,46800
2022-08-30,5.073664665222168,7.03000020980835,7.289999961853027,7.010000228881836,7.110000133514404,75600
2022-08-31,5.124184608459473,7.099999904632568,7.360000133514404,7.070000171661377,7.130000114440918,44300
2022-09-01,5.22522497177124,7.239999771118164,7.360000133514404,7.059999942779541,7.059999942779541,38300
2022-09-02,5.275744438171387,7.309999942779541,7.46999979019165,7.260000228881836,7.260000228881836,23800
2022-09-06,5.311831474304199,7.360000133514404,7.46999979019165,7.25,7.300000190734863,55000
2022-09-07,5.3767852783203125,7.449999809265137,7.579999923706055,7.340000152587891,7.340000152587891,27300
2022-09-08,5.564432621002197,7.710000038146973,7.710000038146973,7.380000114440918,7.449999809265137,47400
2022-09-09,5.636603355407715,7.809999942779541,7.860000133514404,7.570000171661377,7.75,55000
2022-09-12,5.651037693023682,7.829999923706055,7.940000057220459,7.71999979019165,7.940000057220459,75000
2022-09-13,5.477826118469238,7.590000152587891,7.840000152587891,7.519999980926514,7.75,44000
2022-09-14,5.679906368255615,7.869999885559082,7.869999885559082,7.349999904632568,7.599999904632568,95400
2022-09-15,5.575960636138916,7.510000228881836,7.710000038146973,7.46999979019165,7.579999923706055,60600
2022-09-16,5.382917881011963,7.25,7.449999809265137,7.139999866485596,7.380000114440918,48100
2022-09-19,5.197299957275391,7.0,7.239999771118164,6.96999979019165,7.130000114440918,80600
2022-09-20,5.09335470199585,6.860000133514404,7.03000020980835,6.860000133514404,6.949999809265137,44800
2022-09-21,5.033957004547119,6.78000020980835,7.190000057220459,6.78000020980835,7.0,87900
2022-09-22,4.885461807250977,6.579999923706055,6.949999809265137,6.480000019073486,6.78000020980835,131600
2022-09-23,4.6552958488464355,6.269999980926514,6.809999942779541,6.139999866485596,6.539999961853027,186900
2022-09-26,4.506802558898926,6.070000171661377,6.78000020980835,5.929999828338623,6.050000190734863,169100
2022-09-27,4.618173122406006,6.21999979019165,6.510000228881836,6.070000171661377,6.119999885559082,88000
2022-09-28,4.7295427322387695,6.369999885559082,6.380000114440918,6.150000095367432,6.150000095367432,37200
2022-09-29,4.521651268005371,6.090000152587891,6.349999904632568,6.059999942779541,6.309999942779541,63300
2022-09-30,4.640446662902832,6.25,6.25,6.050000190734863,6.050000190734863,38800
2022-10-03,4.640446662902832,6.25,6.340000152587891,6.150000095367432,6.199999809265137,56400
2022-10-04,4.915160655975342,6.619999885559082,6.769999980926514,6.289999961853027,6.289999961853027,52100
2022-10-05,4.826064586639404,6.5,6.579999923706055,6.320000171661377,6.380000114440918,58100
2022-10-06,4.855762958526611,6.539999961853027,6.619999885559082,6.389999866485596,6.46999979019165,22200
2022-10-07,4.677570343017578,6.300000190734863,6.409999847412109,6.25,6.360000133514404,59900
2022-10-10,4.610747814178467,6.210000038146973,6.320000171661377,6.099999904632568,6.300000190734863,82300
2022-10-11,4.62559700012207,6.230000019073486,6.269999980926514,6.139999866485596,6.139999866485596,26900
2022-10-12,4.640446662902832,6.25,6.25,6.059999942779541,6.139999866485596,40600
2022-10-13,4.595897674560547,6.190000057220459,6.210000038146973,6.019999980926514,6.050000190734863,27200
2022-10-14,4.573624134063721,6.159999847412109,6.239999771118164,6.090000152587891,6.239999771118164,18800
2022-10-17,4.588473320007324,6.179999828338623,6.239999771118164,6.119999885559082,6.119999885559082,36700
2022-10-18,4.454829216003418,6.0,6.429999828338623,6.0,6.300000190734863,43600
2022-10-19,4.373156547546387,5.889999866485596,6.050000190734863,5.889999866485596,6.050000190734863,48900
2022-10-20,4.358307838439941,5.869999885559082,5.960000038146973,5.789999961853027,5.900000095367432,53500
2022-10-21,4.43997859954834,5.980000019073486,5.989999771118164,5.78000020980835,5.800000190734863,113200
2022-10-24,4.34345817565918,5.849999904632568,6.239999771118164,5.800000190734863,6.0,43200
2022-10-25,4.581048965454102,6.170000076293945,6.25,5.869999885559082,5.869999885559082,32600
2022-10-26,4.573624134063721,6.159999847412109,6.25,6.150000095367432,6.150000095367432,29800
2022-10-27,4.484527587890625,6.039999961853027,6.199999809265137,6.039999961853027,6.139999866485596,26100
2022-10-28,4.603322982788086,6.199999809265137,6.239999771118164,6.0,6.0,21900
2022-10-31,4.536500930786133,6.110000133514404,6.260000228881836,6.039999961853027,6.179999828338623,36800
2022-11-01,4.477102756500244,6.03000020980835,6.199999809265137,6.010000228881836,6.110000133514404,49300
2022-11-02,4.417705059051514,5.949999809265137,6.199999809265137,5.889999866485596,6.03000020980835,70600
2022-11-03,4.491952896118164,6.050000190734863,6.050000190734863,5.880000114440918,5.900000095367432,25800
2022-11-04,4.388006210327148,5.909999847412109,6.019999980926514,5.880000114440918,6.010000228881836,41300
2022-11-07,4.43997859954834,5.980000019073486,6.079999923706055,5.849999904632568,5.929999828338623,82500
2022-11-08,4.4993767738342285,6.059999942779541,6.090000152587891,5.989999771118164,6.010000228881836,35900
2022-11-09,4.491952896118164,6.050000190734863,6.079999923706055,5.989999771118164,5.989999771118164,13600
2022-11-10,4.640446662902832,6.25,6.289999961853027,6.119999885559082,6.150000095367432,73600
2022-11-11,4.588473320007324,6.179999828338623,6.420000076293945,6.110000133514404,6.260000228881836,73200
2022-11-14,4.640446662902832,6.25,6.400000095367432,6.199999809265137,6.360000133514404,86800
2022-11-15,4.684995174407959,6.309999942779541,6.360000133514404,6.25,6.25,71200
2022-11-16,4.610747814178467,6.210000038146973,6.369999885559082,6.130000114440918,6.28000020980835,104700
2022-11-17,4.5439252853393555,6.119999885559082,6.28000020980835,6.099999904632568,6.199999809265137,59900
2022-11-18,4.506802558898926,6.070000171661377,6.21999979019165,6.070000171661377,6.119999885559082,58400
2022-11-21,4.417705059051514,5.949999809265137,6.070000171661377,5.949999809265137,6.070000171661377,131700
2022-11-22,4.477102756500244,6.03000020980835,6.099999904632568,5.920000076293945,5.949999809265137,80200
2022-11-23,4.484527587890625,6.039999961853027,6.130000114440918,6.0,6.130000114440918,41200
2022-11-25,4.56619930267334,6.150000095367432,6.25,6.070000171661377,6.070000171661377,45800
2022-11-28,4.56619930267334,6.150000095367432,6.28000020980835,6.119999885559082,6.130000114440918,76900
2022-11-29,4.647871494293213,6.260000228881836,6.260000228881836,6.099999904632568,6.099999904632568,39100
2022-11-30,4.796365737915039,6.460000038146973,6.460000038146973,6.210000038146973,6.269999980926514,99400
2022-12-01,4.863187313079834,6.550000190734863,6.619999885559082,6.349999904632568,6.420000076293945,84000
2022-12-02,4.892887115478516,6.590000152587891,6.699999809265137,6.449999809265137,6.53000020980835,52500
2022-12-05,4.826064586639404,6.5,6.659999847412109,6.349999904632568,6.590000152587891,105300
2022-12-06,4.788940906524658,6.449999809265137,6.599999904632568,6.360000133514404,6.369999885559082,120100
2022-12-07,4.855762958526611,6.539999961853027,6.579999923706055,6.429999828338623,6.429999828338623,116900
2022-12-08,4.778932094573975,6.21999979019165,6.480000019073486,6.21999979019165,6.449999809265137,77000
2022-12-09,4.632951259613037,6.03000020980835,6.320000171661377,5.949999809265137,6.210000038146973,83300
2022-12-12,4.57148551940918,5.949999809265137,6.0,5.860000133514404,5.96999979019165,86600
2022-12-13,4.640635013580322,6.039999961853027,6.190000057220459,6.0,6.050000190734863,41200
2022-12-14,4.725149154663086,6.150000095367432,6.269999980926514,6.019999980926514,6.090000152587891,91400
2022-12-15,4.6099019050598145,6.0,6.079999923706055,5.860000133514404,6.03000020980835,130200
2022-12-16,4.517703533172607,5.880000114440918,6.179999828338623,5.820000171661377,6.150000095367432,162100
2022-12-19,4.50233793258667,5.860000133514404,6.070000171661377,5.78000020980835,5.900000095367432,138600
2022-12-20,4.548436164855957,5.920000076293945,5.989999771118164,5.840000152587891,5.840000152587891,54600
2022-12-21,4.5330705642700195,5.900000095367432,6.019999980926514,5.900000095367432,5.900000095367432,46100
2022-12-22,4.394773006439209,5.71999979019165,5.880000114440918,5.519999980926514,5.769999980926514,170100
2022-12-23,4.4101386070251465,5.739999771118164,5.760000228881836,5.510000228881836,5.630000114440918,56600
2022-12-27,4.371723175048828,5.690000057220459,5.849999904632568,5.559999942779541,5.730000019073486,104100
2022-12-28,4.210376739501953,5.480000019073486,5.849999904632568,5.480000019073486,5.650000095367432,77600
2022-12-29,3.9721992015838623,5.170000076293945,5.480000019073486,5.099999904632568,5.429999828338623,169100
2022-12-30,4.1104960441589355,5.349999904632568,5.670000076293945,5.210000038146973,5.269999980926514,118800
2023-01-03,4.179644584655762,5.440000057220459,5.5,5.300000190734863,5.360000133514404,37700
2023-01-04,4.356357097625732,5.670000076293945,5.710000038146973,5.460000038146973,5.5,42900
2023-01-05,4.402455806732178,5.730000019073486,5.840000152587891,5.679999828338623,5.710000038146973,19000
2023-01-06,4.479288578033447,5.829999923706055,5.869999885559082,5.710000038146973,5.710000038146973,74700
2023-01-09,4.394773006439209,5.71999979019165,5.960000038146973,5.71999979019165,5.849999904632568,73900
2023-01-10,4.317941188812256,5.619999885559082,5.820000171661377,5.610000133514404,5.679999828338623,89800
2023-01-11,4.264159679412842,5.550000190734863,5.710000038146973,5.53000020980835,5.619999885559082,104800
2023-01-12,4.30257511138916,5.599999904632568,5.699999809265137,5.550000190734863,5.599999904632568,78400
2023-01-13,4.2795257568359375,5.570000171661377,5.630000114440918,5.53000020980835,5.559999942779541,78100
2023-01-17,4.394773006439209,5.71999979019165,5.800000190734863,5.570000171661377,5.599999904632568,56400
2023-01-18,4.379406452178955,5.699999809265137,5.78000020980835,5.679999828338623,5.710000038146973,29900
2023-01-19,4.325624465942383,5.630000114440918,5.699999809265137,5.570000171661377,5.590000152587891,65700
2023-01-20,4.325624465942383,5.630000114440918,5.710000038146973,5.599999904632568,5.599999904632568,51100
2023-01-23,4.33330774307251,5.639999866485596,5.690000057220459,5.610000133514404,5.610000133514404,98200
2023-01-24,4.2795257568359375,5.570000171661377,5.840000152587891,5.570000171661377,5.690000057220459,104600
2023-01-25,4.340991020202637,5.650000095367432,5.829999923706055,5.570000171661377,5.679999828338623,101400
2023-01-26,4.340991020202637,5.650000095367432,5.829999923706055,5.639999866485596,5.769999980926514,48100
2023-01-27,4.30257511138916,5.599999904632568,5.710000038146973,5.599999904632568,5.619999885559082,80200
2023-01-30,4.317941188812256,5.619999885559082,5.670000076293945,5.579999923706055,5.650000095367432,31600
2023-01-31,4.379406452178955,5.699999809265137,5.710000038146973,5.579999923706055,5.630000114440918,44800
2023-02-01,4.510021209716797,5.869999885559082,5.869999885559082,5.650000095367432,5.699999809265137,89600
2023-02-02,4.586852073669434,5.96999979019165,6.150000095367432,5.889999866485596,5.920000076293945,99300
2023-02-03,4.417821884155273,5.75,5.96999979019165,5.71999979019165,5.909999847412109,88200
2023-02-06,4.271842002868652,5.559999942779541,5.840000152587891,5.53000020980835,5.75,125500
2023-02-07,4.30257511138916,5.599999904632568,5.619999885559082,5.53000020980835,5.579999923706055,55400
2023-02-08,4.310258388519287,5.610000133514404,5.730000019073486,5.570000171661377,5.590000152587891,59400
2023-02-09,4.271842002868652,5.559999942779541,5.679999828338623,5.539999961853027,5.610000133514404,56900
2023-02-10,4.225742816925049,5.5,5.579999923706055,5.5,5.5,71400
2023-02-13,4.225742816925049,5.5,5.599999904632568,5.5,5.599999904632568,57300
2023-02-14,4.310258388519287,5.610000133514404,5.630000114440918,5.519999980926514,5.610000133514404,47300
2023-02-15,4.425506114959717,5.760000228881836,5.760000228881836,5.570000171661377,5.670000076293945,45900
2023-02-16,4.394773006439209,5.71999979019165,5.789999961853027,5.639999866485596,5.710000038146973,64700
2023-02-17,4.57148551940918,5.949999809265137,6.0,5.670000076293945,5.699999809265137,53600
2023-02-21,4.433188438415527,5.769999980926514,5.860000133514404,5.710000038146973,5.800000190734863,96800
2023-02-22,4.394773006439209,5.71999979019165,5.789999961853027,5.679999828338623,5.730000019073486,59100
2023-02-23,4.4408721923828125,5.78000020980835,5.840000152587891,5.75,5.840000152587891,40900
2023-02-24,4.4408721923828125,5.78000020980835,5.800000190734863,5.679999828338623,5.789999961853027,50000
2023-02-27,4.425506114959717,5.760000228881836,5.849999904632568,5.739999771118164,5.78000020980835,81300
2023-02-28,4.54075288772583,5.909999847412109,5.96999979019165,5.760000228881836,5.760000228881836,49800
2023-03-01,4.563802719116211,5.940000057220459,5.980000019073486,5.75,5.78000020980835,72800
2023-03-02,4.556119918823242,5.929999828338623,5.980000019073486,5.809999942779541,5.849999904632568,45800
2023-03-03,4.625268459320068,6.019999980926514,6.079999923706055,5.940000057220459,5.940000057220459,42700
2023-03-06,4.6175856590271,6.010000228881836,6.099999904632568,5.96999979019165,6.099999904632568,87600
2023-03-07,4.648318290710449,6.050000190734863,6.090000152587891,6.0,6.050000190734863,37500
2023-03-08,4.671367645263672,6.079999923706055,6.090000152587891,5.989999771118164,6.050000190734863,63700
2023-03-09,4.5945353507995605,5.980000019073486,6.099999904632568,5.949999809265137,6.099999904632568,43900
2023-03-10,4.548436164855957,5.920000076293945,6.03000020980835,5.889999866485596,5.980000019073486,39000
2023-03-13,4.479288578033447,5.829999923706055,5.909999847412109,5.75,5.789999961853027,82600
2023-03-14,4.648318290710449,6.050000190734863,6.099999904632568,5.849999904632568,5.849999904632568,49000
2023-03-15,4.5945353507995605,5.980000019073486,6.050000190734863,5.900000095367432,6.03000020980835,95500
2023-03-16,4.570605754852295,5.730000019073486,5.800000190734863,5.679999828338623,5.75,79000
2023-03-17,4.307376861572266,5.400000095367432,5.699999809265137,5.400000095367432,5.679999828338623,60900
2023-03-20,4.3392839431762695,5.440000057220459,5.53000020980835,5.400000095367432,5.420000076293945,64600
2023-03-21,4.259518146514893,5.340000152587891,5.440000057220459,5.28000020980835,5.440000057220459,69300
2023-03-22,4.419049263000488,5.539999961853027,5.769999980926514,5.340000152587891,5.340000152587891,97700
2023-03-23,4.48286247253418,5.619999885559082,5.619999885559082,5.400000095367432,5.429999828338623,36100
2023-03-24,4.530721664428711,5.679999828338623,5.820000171661377,5.599999904632568,5.71999979019165,94100
2023-03-27,4.5067925453186035,5.650000095367432,5.78000020980835,5.639999866485596,5.690000057220459,77700
2023-03-28,4.315353870391846,5.409999847412109,5.619999885559082,5.369999885559082,5.539999961853027,79100
2023-03-29,4.387142658233643,5.5,5.630000114440918,5.420000076293945,5.46999979019165,21500
2023-03-30,4.419049263000488,5.539999961853027,5.679999828338623,5.480000019073486,5.53000020980835,32900
2023-03-31,4.498816013336182,5.639999866485596,5.690000057220459,5.53000020980835,5.550000190734863,58200
2023-04-03,4.570605754852295,5.730000019073486,5.769999980926514,5.610000133514404,5.610000133514404,49000
2023-04-04,4.530721664428711,5.679999828338623,5.730000019073486,5.659999847412109,5.730000019073486,20500
2023-04-05,4.5067925453186035,5.650000095367432,5.760000228881836,5.639999866485596,5.730000019073486,28600
2023-04-06,4.458932876586914,5.590000152587891,5.659999847412109,5.539999961853027,5.539999961853027,27400
2023-04-10,4.5945353507995605,5.760000228881836,5.760000228881836,5.570000171661377,5.579999923706055,33500
2023-04-11,4.5067925453186035,5.650000095367432,5.800000190734863,5.639999866485596,5.760000228881836,50600
2023-04-12,4.530721664428711,5.679999828338623,5.739999771118164,5.650000095367432,5.679999828338623,47000
2023-04-13,4.538698673248291,5.690000057220459,5.75,5.650000095367432,5.699999809265137,57000
2023-04-14,4.498816013336182,5.639999866485596,5.75,5.610000133514404,5.690000057220459,46200
2023-04-17,4.49083948135376,5.630000114440918,5.679999828338623,5.599999904632568,5.650000095367432,26100
2023-04-18,4.530721664428711,5.679999828338623,5.739999771118164,5.650000095367432,5.739999771118164,39700
2023-04-19,4.5067925453186035,5.650000095367432,5.690000057220459,5.610000133514404,5.659999847412109,27400
2023-04-20,4.48286247253418,5.619999885559082,5.670000076293945,5.599999904632568,5.650000095367432,65900
2023-04-21,4.458932876586914,5.590000152587891,5.610000133514404,5.570000171661377,5.590000152587891,14600
2023-04-24,4.49083948135376,5.630000114440918,5.650000095367432,5.590000152587891,5.619999885559082,44900
2023-04-25,4.466909408569336,5.599999904632568,5.650000095367432,5.579999923706055,5.630000114440918,35900
2023-04-26,4.530721664428711,5.679999828338623,5.690000057220459,5.559999942779541,5.579999923706055,34600
2023-04-27,4.562628746032715,5.71999979019165,5.739999771118164,5.610000133514404,5.639999866485596,20400
2023-04-28,4.530721664428711,5.679999828338623,5.760000228881836,5.679999828338623,5.710000038146973,28100
2023-05-01,4.522745609283447,5.670000076293945,5.789999961853027,5.630000114440918,5.630000114440918,87500
2023-05-02,4.44297981262207,5.570000171661377,5.679999828338623,5.550000190734863,5.679999828338623,41200
2023-05-03,4.530721664428711,5.679999828338623,5.679999828338623,5.550000190734863,5.550000190734863,26300
2023-05-04,4.44297981262207,5.570000171661377,5.670000076293945,5.539999961853027,5.619999885559082,66800
2023-05-05,4.466909408569336,5.599999904632568,5.650000095367432,5.570000171661377,5.579999923706055,33900
2023-05-08,4.466909408569336,5.599999904632568,5.670000076293945,5.570000171661377,5.599999904632568,42600
2023-05-09,4.450956344604492,5.579999923706055,5.75,5.559999942779541,5.559999942779541,31900
2023-05-10,4.522745609283447,5.670000076293945,5.670000076293945,5.570000171661377,5.579999923706055,37700
2023-05-11,4.466909408569336,5.599999904632568,5.730000019073486,5.579999923706055,5.730000019073486,35800
2023-05-12,4.48286247253418,5.619999885559082,5.659999847412109,5.579999923706055,5.579999923706055,57500
2023-05-15,4.5785813331604,5.739999771118164,5.739999771118164,5.610000133514404,5.610000133514404,19200
2023-05-16,4.602512359619141,5.769999980926514,5.880000114440918,5.699999809265137,5.739999771118164,30700
2023-05-17,4.634418964385986,5.809999942779541,5.869999885559082,5.71999979019165,5.75,23200
2023-05-18,4.793951511383057,6.010000228881836,6.010000228881836,5.820000171661377,5.900000095367432,68700
2023-05-19,4.897647380828857,6.139999866485596,6.150000095367432,5.909999847412109,6.050000190734863,63100
2023-05-22,4.777997970581055,5.989999771118164,6.130000114440918,5.960000038146973,6.070000171661377,47600
2023-05-23,4.754068374633789,5.960000038146973,6.03000020980835,5.909999847412109,5.909999847412109,23500
2023-05-24,4.682278633117676,5.869999885559082,6.03000020980835,5.769999980926514,5.869999885559082,37300
2023-05-25,4.7620439529418945,5.96999979019165,6.0,5.869999885559082,5.869999885559082,26500
2023-05-26,4.738114833831787,5.940000057220459,6.0,5.889999866485596,5.889999866485596,43900
2023-05-30,4.722161769866943,5.920000076293945,6.039999961853027,5.920000076293945,5.940000057220459,40700
2023-05-31,4.770020961761475,5.980000019073486,6.039999961853027,5.920000076293945,5.920000076293945,40400
2023-06-01,4.833834171295166,6.059999942779541,6.070000171661377,5.949999809265137,5.980000019073486,57300
2023-06-02,4.8019280433654785,6.019999980926514,6.070000171661377,6.0,6.019999980926514,49600
2023-06-05,4.8019280433654785,6.019999980926514,6.070000171661377,6.0,6.019999980926514,49000
2023-06-06,4.85776424407959,6.090000152587891,6.099999904632568,6.0,6.0,33200
2023-06-07,4.865740776062012,6.099999904632568,6.159999847412109,6.019999980926514,6.039999961853027,47800
2023-06-08,4.937530040740967,6.190000057220459,6.199999809265137,6.050000190734863,6.059999942779541,33800
2023-06-09,4.961460590362549,6.21999979019165,6.239999771118164,6.110000133514404,6.159999847412109,15900
2023-06-12,5.113015651702881,6.409999847412109,6.409999847412109,6.199999809265137,6.25,97600
2023-06-13,5.097062587738037,6.389999866485596,6.53000020980835,6.340000152587891,6.449999809265137,89800
2023-06-14,5.1466288566589355,6.230000019073486,6.320000171661377,6.130000114440918,6.170000076293945,46100
2023-06-15,5.163151264190674,6.25,6.400000095367432,6.21999979019165,6.21999979019165,42800
2023-06-16,5.287066459655762,6.400000095367432,6.420000076293945,6.300000190734863,6.300000190734863,66400
2023-06-20,5.187934875488281,6.28000020980835,6.440000057220459,6.199999809265137,6.440000057220459,58300
2023-06-21,5.419243335723877,6.559999942779541,6.639999866485596,6.190000057220459,6.210000038146973,78600
2023-06-22,5.543159484863281,6.710000038146973,6.760000228881836,6.300000190734863,6.460000038146973,64000
2023-06-23,5.600986957550049,6.78000020980835,6.900000095367432,6.690000057220459,6.869999885559082,94100
2023-06-26,5.5927252769470215,6.769999980926514,7.0,6.699999809265137,6.730000019073486,64400
2023-06-27,5.7001190185546875,6.900000095367432,6.989999771118164,6.5,6.769999980926514,177000
2023-06-28,5.435764789581299,6.579999923706055,6.909999847412109,6.579999923706055,6.880000114440918,85700
2023-06-29,5.468809127807617,6.619999885559082,6.78000020980835,6.519999980926514,6.730000019073486,18900
2023-06-30,5.435764789581299,6.579999923706055,6.690000057220459,6.53000020980835,6.639999866485596,18500
2023-07-03,5.402720928192139,6.539999961853027,6.690000057220459,6.5,6.690000057220459,25900
2023-07-05,5.4770708084106445,6.630000114440918,6.690000057220459,6.550000190734863,6.690000057220459,21600
2023-07-06,5.485331058502197,6.639999866485596,6.670000076293945,6.5,6.559999942779541,33100
2023-07-07,5.444026470184326,6.590000152587891,6.789999961853027,6.539999961853027,6.590000152587891,46800
2023-07-10,5.501853942871094,6.659999847412109,6.75,6.550000190734863,6.590000152587891,28100
2023-07-11,5.600986957550049,6.78000020980835,6.78000020980835,6.619999885559082,6.730000019073486,37900
2023-07-12,5.493592262268066,6.650000095367432,6.78000020980835,6.599999904632568,6.78000020980835,53900
2023-07-13,5.534898281097412,6.699999809265137,6.800000190734863,6.659999847412109,6.679999828338623,54200
2023-07-14,5.518375873565674,6.679999828338623,6.769999980926514,6.659999847412109,6.699999809265137,47600
2023-07-17,5.534898281097412,6.699999809265137,6.800000190734863,6.659999847412109,6.800000190734863,50800
2023-07-18,5.567942142486572,6.739999771118164,6.760000228881836,6.659999847412109,6.670000076293945,39500
2023-07-19,5.5844645500183105,6.760000228881836,6.78000020980835,6.679999828338623,6.75,25900
2023-07-20,5.534898281097412,6.699999809265137,6.769999980926514,6.630000114440918,6.760000228881836,54400
2023-07-21,5.510114669799805,6.670000076293945,6.71999979019165,6.659999847412109,6.670000076293945,25100
2023-07-24,5.4770708084106445,6.630000114440918,6.690000057220459,6.599999904632568,6.619999885559082,27300
2023-07-25,5.493592262268066,6.650000095367432,6.690000057220459,6.619999885559082,6.650000095367432,34800
2023-07-26,5.468809127807617,6.619999885559082,6.670000076293945,6.570000171661377,6.610000133514404,25900
2023-07-27,5.35315465927124,6.480000019073486,6.710000038146973,6.449999809265137,6.599999904632568,43300
2023-07-28,5.386198997497559,6.519999980926514,6.670000076293945,6.329999923706055,6.480000019073486,84900
2023-07-31,5.3696770668029785,6.5,6.679999828338623,6.380000114440918,6.53000020980835,46700
2023-08-01,5.295327186584473,6.409999847412109,6.630000114440918,6.400000095367432,6.579999923706055,51900
2023-08-02,5.204456329345703,6.300000190734863,6.400000095367432,6.25,6.400000095367432,80800
2023-08-03,5.163151264190674,6.25,6.340000152587891,6.199999809265137,6.25,57200
2023-08-04,5.154890060424805,6.239999771118164,6.320000171661377,6.21999979019165,6.25,41200
2023-08-07,5.187934875488281,6.28000020980835,6.309999942779541,6.210000038146973,6.210000038146973,26700
2023-08-08,5.212717533111572,6.309999942779541,6.309999942779541,6.25,6.25,14600
2023-08-09,5.212717533111572,6.309999942779541,6.360000133514404,6.300000190734863,6.309999942779541,26400
2023-08-10,5.204456329345703,6.300000190734863,6.400000095367432,6.289999961853027,6.309999942779541,24700
2023-08-11,5.179673194885254,6.269999980926514,6.329999923706055,6.260000228881836,6.289999961853027,32300
2023-08-14,5.171411991119385,6.260000228881836,6.320000171661377,6.239999771118164,6.25,29000
2023-08-15,5.097062587738037,6.170000076293945,6.28000020980835,6.150000095367432,6.25,36900
2023-08-16,4.98140811920166,6.03000020980835,6.199999809265137,6.03000020980835,6.150000095367432,52000
2023-08-17,4.989669322967529,6.039999961853027,6.079999923706055,6.019999980926514,6.039999961853027,66900
2023-08-18,4.882275581359863,5.909999847412109,6.159999847412109,5.820000171661377,6.0,133600
2023-08-21,4.890536785125732,5.920000076293945,5.989999771118164,5.840000152587891,5.900000095367432,41000
2023-08-22,4.874014854431152,5.900000095367432,5.920000076293945,5.869999885559082,5.900000095367432,20500
2023-08-23,4.865753173828125,5.889999866485596,5.960000038146973,5.889999866485596,5.889999866485596,43800
2023-08-24,4.783143520355225,5.789999961853027,5.900000095367432,5.78000020980835,5.900000095367432,51000
2023-08-25,4.874014854431152,5.900000095367432,5.940000057220459,5.769999980926514,5.769999980926514,59200
2023-08-28,4.98140811920166,6.03000020980835,6.03000020980835,5.960000038146973,5.980000019073486,49000
2023-08-29,5.204456329345703,6.300000190734863,6.320000171661377,6.010000228881836,6.039999961853027,46100
2023-08-30,5.171411991119385,6.260000228881836,6.309999942779541,6.179999828338623,6.300000190734863,50000
2023-08-31,5.2622833251953125,6.369999885559082,6.460000038146973,6.239999771118164,6.429999828338623,52300
2023-09-01,5.386198997497559,6.519999980926514,6.559999942779541,6.420000076293945,6.5,38600
2023-09-05,5.287066459655762,6.400000095367432,6.5,6.380000114440918,6.489999771118164,33900
2023-09-06,5.311849594116211,6.429999828338623,6.480000019073486,6.380000114440918,6.389999866485596,29200
2023-09-07,5.204456329345703,6.300000190734863,6.519999980926514,6.210000038146973,6.480000019073486,82500
2023-09-08,5.2375006675720215,6.340000152587891,6.440000057220459,6.199999809265137,6.199999809265137,60300
2023-09-11,5.419243335723877,6.559999942779541,6.650000095367432,6.320000171661377,6.320000171661377,148900
2023-09-12,5.386198997497559,6.519999980926514,6.559999942779541,6.449999809265137,6.550000190734863,68200
2023-09-13,5.386198997497559,6.519999980926514,6.559999942779541,6.449999809265137,6.519999980926514,80600
2023-09-14,5.206659317016602,6.090000152587891,6.480000019073486,6.090000152587891,6.300000190734863,49100
2023-09-15,5.155362129211426,6.03000020980835,6.210000038146973,6.0,6.050000190734863,58600
2023-09-18,5.052767753601074,5.909999847412109,6.070000171661377,5.869999885559082,6.019999980926514,48200
2023-09-19,5.001471042633057,5.849999904632568,5.96999979019165,5.849999904632568,5.909999847412109,50800
2023-09-20,5.1810102462768555,6.059999942779541,6.28000020980835,5.860000133514404,5.860000133514404,87400
2023-09-21,5.232307434082031,6.119999885559082,6.28000020980835,5.900000095367432,5.909999847412109,42300
2023-09-22,5.454595565795898,6.380000114440918,6.380000114440918,6.079999923706055,6.300000190734863,113000
2023-09-25,5.386198997497559,6.300000190734863,6.400000095367432,6.25,6.309999942779541,133800
2023-09-26,5.343451976776123,6.25,6.369999885559082,6.170000076293945,6.369999885559082,56100
2023-09-27,5.300703525543213,6.199999809265137,6.269999980926514,6.150000095367432,6.210000038146973,58600
2023-09-28,4.975822448730469,5.820000171661377,6.25,5.760000228881836,6.150000095367432,102300
2023-09-29,5.03566837310791,5.889999866485596,6.039999961853027,5.849999904632568,5.960000038146973,42300
2023-10-02,4.924524307250977,5.760000228881836,5.920000076293945,5.760000228881836,5.869999885559082,60100
2023-10-03,4.847579002380371,5.670000076293945,5.789999961853027,5.510000228881836,5.75,67000
2023-10-04,5.044218063354492,5.900000095367432,5.940000057220459,5.630000114440918,5.789999961853027,59700
2023-10-05,5.0100202560424805,5.860000133514404,6.0,5.800000190734863,5.980000019073486,21200
2023-10-06,5.104064464569092,5.96999979019165,6.050000190734863,5.820000171661377,5.849999904632568,43000
2023-10-09,5.095515251159668,5.960000038146973,6.039999961853027,5.889999866485596,6.0,31100
2023-10-10,5.061317443847656,5.920000076293945,6.039999961853027,5.909999847412109,5.960000038146973,47300
2023-10-11,5.240857124328613,6.130000114440918,6.239999771118164,5.909999847412109,5.940000057220459,29800
2023-10-12,5.061317443847656,5.920000076293945,6.130000114440918,5.909999847412109,6.130000114440918,12400
2023-10-13,5.0100202560424805,5.860000133514404,5.989999771118164,5.760000228881836,5.929999828338623,35000
2023-10-16,4.933074474334717,5.769999980926514,5.869999885559082,5.730000019073486,5.869999885559082,48600
2023-10-17,4.924524307250977,5.760000228881836,5.860000133514404,5.710000038146973,5.75,22000
2023-10-18,4.881776809692383,5.710000038146973,5.889999866485596,5.659999847412109,5.710000038146973,49300
2023-10-19,4.813380718231201,5.630000114440918,5.800000190734863,5.559999942779541,5.699999809265137,39500
2023-10-20,4.710786819458008,5.510000228881836,5.679999828338623,5.5,5.519999980926514,42400
2023-10-23,4.67658805847168,5.46999979019165,5.75,5.409999847412109,5.510000228881836,50700
2023-10-24,4.479949474334717,5.239999771118164,5.590000152587891,5.170000076293945,5.429999828338623,105700
2023-10-25,4.428652286529541,5.179999828338623,5.360000133514404,5.130000114440918,5.239999771118164,30600
2023-10-26,4.317509174346924,5.050000190734863,5.239999771118164,4.989999771118164,5.190000057220459,60000
2023-10-27,4.078121662139893,4.769999980926514,5.110000133514404,4.760000228881836,5.039999961853027,120000
2023-10-30,3.9669783115386963,4.639999866485596,4.960000038146973,4.639999866485596,4.769999980926514,88900
2023-10-31,3.9327800273895264,4.599999904632568,4.829999923706055,4.53000020980835,4.630000114440918,85000
2023-11-01,3.813087224960327,4.460000038146973,4.829999923706055,4.389999866485596,4.630000114440918,88900
2023-11-02,4.086671352386475,4.78000020980835,4.820000171661377,4.519999980926514,4.519999980926514,97000
2023-11-03,4.1123199462890625,4.809999942779541,5.0,4.71999979019165,4.849999904632568,170600
2023-11-06,4.069572925567627,4.760000228881836,4.929999828338623,4.710000038146973,4.880000114440918,56700
2023-11-07,4.095221042633057,4.789999961853027,4.829999923706055,4.739999771118164,4.769999980926514,52600
2023-11-08,3.9242305755615234,4.590000152587891,4.849999904632568,4.590000152587891,4.75,79000
2023-11-09,3.7275917530059814,4.360000133514404,4.690000057220459,4.320000171661377,4.599999904632568,100600
2023-11-10,3.9156808853149414,4.579999923706055,4.619999885559082,4.360000133514404,4.360000133514404,52300
2023-11-13,3.8729336261749268,4.53000020980835,4.650000095367432,4.53000020980835,4.559999942779541,39300
2023-11-14,4.078121662139893,4.769999980926514,4.769999980926514,4.590000152587891,4.590000152587891,50400
2023-11-15,4.1123199462890625,4.809999942779541,4.880000114440918,4.739999771118164,4.880000114440918,24100
2023-11-16,4.103770732879639,4.800000190734863,4.96999979019165,4.800000190734863,4.820000171661377,54200
2023-11-17,4.249112606048584,4.96999979019165,5.039999961853027,4.800000190734863,4.860000133514404,71900
2023-11-20,4.3517069816589355,5.090000152587891,5.179999828338623,4.909999847412109,4.96999979019165,38400
2023-11-21,4.59109354019165,5.369999885559082,5.5,5.119999885559082,5.119999885559082,70000
2023-11-22,4.5654449462890625,5.340000152587891,5.480000019073486,5.179999828338623,5.25,80800
2023-11-24,4.497048854827881,5.260000228881836,5.320000171661377,5.199999809265137,5.320000171661377,37800
2023-11-27,4.3517069816589355,5.090000152587891,5.289999961853027,5.070000171661377,5.190000057220459,70600
2023-11-28,4.539795875549316,5.309999942779541,5.320000171661377,5.059999942779541,5.159999847412109,59800
2023-11-29,4.522697448730469,5.289999961853027,5.360000133514404,5.199999809265137,5.320000171661377,46800
2023-11-30,4.633841037750244,5.420000076293945,5.5,5.329999923706055,5.360000133514404,30900
2023-12-01,5.052767753601074,5.909999847412109,6.0,5.409999847412109,5.409999847412109,88900
2023-12-04,5.104064464569092,5.96999979019165,6.059999942779541,5.699999809265137,5.78000020980835,65200
2023-12-05,5.283604621887207,6.179999828338623,6.190000057220459,5.869999885559082,5.989999771118164,55400
2023-12-06,5.240857124328613,6.130000114440918,6.170000076293945,6.059999942779541,6.159999847412109,52100
2023-12-07,5.189560413360596,6.070000171661377,6.199999809265137,6.050000190734863,6.110000133514404,36600
2023-12-08,4.856128215789795,5.679999828338623,6.139999866485596,5.670000076293945,6.039999961853027,108000
2023-12-11,4.933074474334717,5.769999980926514,5.860000133514404,5.690000057220459,5.739999771118164,70100
2023-12-12,5.018569469451904,5.869999885559082,5.909999847412109,5.800000190734863,5.869999885559082,40600
2023-12-13,5.044218063354492,5.900000095367432,5.96999979019165,5.769999980926514,5.940000057220459,58700
2023-12-14,4.999814987182617,5.630000114440918,5.840000152587891,5.53000020980835,5.699999809265137,70700
2023-12-15,4.884366035461426,5.5,5.630000114440918,5.409999847412109,5.630000114440918,58800
2023-12-18,4.706752777099609,5.300000190734863,5.489999771118164,5.28000020980835,5.46999979019165,83000
2023-12-19,4.733394622802734,5.329999923706055,5.349999904632568,5.239999771118164,5.300000190734863,69600
2023-12-20,4.919888496398926,5.539999961853027,5.869999885559082,5.320000171661377,5.320000171661377,124700
2023-12-21,5.07974100112915,5.71999979019165,5.75,5.570000171661377,5.599999904632568,55800
2023-12-22,5.248473644256592,5.909999847412109,6.0,5.730000019073486,6.0,121500
2023-12-26,5.230711936950684,5.889999866485596,6.25,5.860000133514404,5.860000133514404,118100
2023-12-27,5.204070568084717,5.860000133514404,6.0,5.78000020980835,5.900000095367432,47600
2023-12-28,5.026456832885742,5.659999847412109,5.949999809265137,5.659999847412109,5.840000152587891,68400
2023-12-29,5.035337448120117,5.670000076293945,5.800000190734863,5.630000114440918,5.630000114440918,44800
2024-01-02,4.866604328155518,5.480000019073486,5.710000038146973,5.320000171661377,5.550000190734863,68600
2024-01-03,4.902127265930176,5.519999980926514,5.579999923706055,5.369999885559082,5.429999828338623,51400
2024-01-04,4.964292049407959,5.590000152587891,5.78000020980835,5.489999771118164,5.489999771118164,84300
2024-01-05,4.955410957336426,5.579999923706055,5.699999809265137,5.5,5.519999980926514,29100
2024-01-08,4.866604328155518,5.480000019073486,5.710000038146973,5.440000057220459,5.539999961853027,73500
2024-01-09,4.839962959289551,5.449999809265137,5.539999961853027,5.309999942779541,5.429999828338623,130400
2024-01-10,4.911008358001709,5.53000020980835,5.53000020980835,5.349999904632568,5.449999809265137,42100
2024-01-11,4.911008358001709,5.53000020980835,5.639999866485596,5.420000076293945,5.639999866485596,38900
2024-01-12,4.884366035461426,5.5,5.550000190734863,5.460000038146973,5.480000019073486,14200
2024-01-16,4.911008358001709,5.53000020980835,5.599999904632568,5.46999979019165,5.550000190734863,58700
2024-01-17,4.822201251983643,5.429999828338623,5.510000228881836,5.420000076293945,5.460000038146973,26200
2024-01-18,4.795559406280518,5.400000095367432,5.539999961853027,5.340000152587891,5.440000057220459,57500
2024-01-19,4.804440021514893,5.409999847412109,5.460000038146973,5.320000171661377,5.440000057220459,36600
2024-01-22,4.884366035461426,5.5,5.550000190734863,5.409999847412109,5.409999847412109,43500
2024-01-23,4.884366035461426,5.5,5.679999828338623,5.489999771118164,5.53000020980835,57400
2024-01-24,4.813320636749268,5.420000076293945,5.559999942779541,5.420000076293945,5.550000190734863,48900
2024-01-25,4.795559406280518,5.400000095367432,5.489999771118164,5.400000095367432,5.440000057220459,37700
2024-01-26,4.822201251983643,5.429999828338623,5.46999979019165,5.380000114440918,5.389999866485596,35500
2024-01-29,4.893247127532959,5.510000228881836,5.510000228881836,5.369999885559082,5.369999885559082,42600
2024-01-30,4.866604328155518,5.480000019073486,5.53000020980835,5.46999979019165,5.510000228881836,54700
2024-01-31,4.804440021514893,5.409999847412109,5.519999980926514,5.409999847412109,5.420000076293945,40400
2024-02-01,4.902127265930176,5.519999980926514,5.550000190734863,5.429999828338623,5.429999828338623,32700
2024-02-02,4.875484943389893,5.489999771118164,5.539999961853027,5.46999979019165,5.510000228881836,32500
2024-02-05,4.813320636749268,5.420000076293945,5.460000038146973,5.369999885559082,5.429999828338623,32900
2024-02-06,4.786678791046143,5.389999866485596,5.46999979019165,5.380000114440918,5.400000095367432,18600
2024-02-07,4.804440021514893,5.409999847412109,5.449999809265137,5.400000095367432,5.420000076293945,24500
2024-02-08,4.804440021514893,5.409999847412109,5.420000076293945,5.380000114440918,5.409999847412109,39400
2024-02-09,4.786678791046143,5.389999866485596,5.449999809265137,5.380000114440918,5.429999828338623,26400
2024-02-12,4.831081867218018,5.440000057220459,5.449999809265137,5.400000095367432,5.429999828338623,39900
2024-02-13,4.680110931396484,5.269999980926514,5.429999828338623,5.260000228881836,5.369999885559082,45900
2024-02-14,4.751156330108643,5.349999904632568,5.46999979019165,5.21999979019165,5.21999979019165,66200
2024-02-15,4.786678791046143,5.389999866485596,5.449999809265137,5.349999904632568,5.400000095367432,60800
2024-02-16,4.831081867218018,5.440000057220459,5.449999809265137,5.300000190734863,5.420000076293945,88800
2024-02-20,4.813320636749268,5.420000076293945,5.440000057220459,5.360000133514404,5.409999847412109,106900
2024-02-21,4.813320636749268,5.420000076293945,5.5,5.389999866485596,5.400000095367432,56500
2024-02-22,4.875484943389893,5.489999771118164,5.53000020980835,5.420000076293945,5.429999828338623,58700
2024-02-23,4.937649726867676,5.559999942779541,5.590000152587891,5.480000019073486,5.510000228881836,87900
2024-02-26,4.937649726867676,5.559999942779541,5.579999923706055,5.46999979019165,5.570000171661377,52000
2024-02-27,4.928770065307617,5.550000190734863,5.599999904632568,5.550000190734863,5.559999942779541,51500
2024-02-28,4.973172664642334,5.599999904632568,5.619999885559082,5.550000190734863,5.619999885559082,67900
2024-02-29,4.964292049407959,5.590000152587891,5.619999885559082,5.579999923706055,5.599999904632568,96200
2024-03-01,5.097501754760742,5.739999771118164,5.78000020980835,5.590000152587891,5.630000114440918,60700
2024-03-04,5.1330246925354,5.78000020980835,5.809999942779541,5.699999809265137,5.78000020980835,43500
2024-03-05,5.106382846832275,5.75,5.769999980926514,5.699999809265137,5.769999980926514,57600
2024-03-06,5.195189476013184,5.849999904632568,5.860000133514404,5.75,5.75,67400
2024-03-07,5.177427768707275,5.829999923706055,5.880000114440918,5.800000190734863,5.840000152587891,76500
2024-03-08,5.221831798553467,5.880000114440918,5.900000095367432,5.809999942779541,5.849999904632568,68600
2024-03-11,5.310638427734375,5.980000019073486,5.980000019073486,5.880000114440918,5.889999866485596,119000
2024-03-12,5.426086902618408,6.110000133514404,6.119999885559082,5.960000038146973,5.989999771118164,158800
2024-03-13,5.241839408874512,5.690000057220459,5.840000152587891,5.659999847412109,5.78000020980835,103800
2024-03-14,5.214202404022217,5.659999847412109,5.670000076293945,5.579999923706055,5.650000095367432,49900
2024-03-15,5.186565399169922,5.630000114440918,5.679999828338623,5.599999904632568,5.679999828338623,19100
2024-03-18,5.1220784187316895,5.559999942779541,5.630000114440918,5.519999980926514,5.550000190734863,82200
2024-03-19,5.158927917480469,5.599999904632568,5.630000114440918,5.550000190734863,5.550000190734863,88300
2024-03-20,5.204989910125732,5.650000095367432,5.650000095367432,5.510000228881836,5.559999942779541,82000
2024-03-21,5.435299396514893,5.900000095367432,5.909999847412109,5.71999979019165,5.829999923706055,169000
2024-03-22,5.287900924682617,5.739999771118164,5.880000114440918,5.71999979019165,5.880000114440918,45800
2024-03-25,5.278688907623291,5.730000019073486,5.809999942779541,5.699999809265137,5.75,32800
2024-03-26,5.195777893066406,5.639999866485596,5.710000038146973,5.639999866485596,5.699999809265137,47900
2024-03-27,5.214202404022217,5.659999847412109,5.679999828338623,5.599999904632568,5.659999847412109,32000
2024-03-28,5.214202404022217,5.659999847412109,5.679999828338623,5.630000114440918,5.659999847412109,24400
2024-04-01,5.085229396820068,5.519999980926514,5.699999809265137,5.519999980926514,5.559999942779541,111500
2024-04-02,5.039167404174805,5.46999979019165,5.579999923706055,5.449999809265137,5.570000171661377,65200
2024-04-03,5.1220784187316895,5.559999942779541,5.570000171661377,5.46999979019165,5.46999979019165,20400
2024-04-04,5.223414421081543,5.670000076293945,5.670000076293945,5.610000133514404,5.610000133514404,46200
2024-04-05,5.204989910125732,5.650000095367432,5.679999828338623,5.610000133514404,5.619999885559082,13000
2024-04-08,5.251051425933838,5.699999809265137,5.699999809265137,5.670000076293945,5.699999809265137,28000
2024-04-09,5.149715900421143,5.590000152587891,5.730000019073486,5.590000152587891,5.710000038146973,47600
2024-04-10,5.0944414138793945,5.53000020980835,5.599999904632568,5.480000019073486,5.480000019073486,41300
2024-04-11,5.002317428588867,5.429999828338623,5.579999923706055,5.409999847412109,5.53000020980835,131000
2024-04-12,4.956255912780762,5.380000114440918,5.46999979019165,5.369999885559082,5.440000057220459,82400
2024-04-15,4.864132404327393,5.28000020980835,5.369999885559082,5.28000020980835,5.28000020980835,86600
2024-04-16,4.882557392120361,5.300000190734863,5.440000057220459,5.25,5.25,19600
2024-04-17,4.854919910430908,5.269999980926514,5.300000190734863,5.269999980926514,5.28000020980835,42000
2024-04-18,4.864132404327393,5.28000020980835,5.380000114440918,5.269999980926514,5.380000114440918,25900
2024-04-19,4.882557392120361,5.300000190734863,5.369999885559082,5.300000190734863,5.369999885559082,42300
2024-04-22,4.873344421386719,5.289999961853027,5.349999904632568,5.269999980926514,5.349999904632568,23100
2024-04-23,5.002317428588867,5.429999828338623,5.429999828338623,5.28000020980835,5.329999923706055,98800
2024-04-24,5.048379421234131,5.480000019073486,5.5,5.429999828338623,5.440000057220459,24400
2024-04-25,4.983892917633057,5.409999847412109,5.460000038146973,5.320000171661377,5.440000057220459,50000
2024-04-26,4.983892917633057,5.409999847412109,5.460000038146973,5.409999847412109,5.409999847412109,20900
2024-04-29,5.039167404174805,5.46999979019165,5.480000019073486,5.400000095367432,5.480000019073486,31100
2024-04-30,5.02995491027832,5.460000038146973,5.53000020980835,5.440000057220459,5.480000019073486,20800
2024-05-01,4.993105411529541,5.420000076293945,5.449999809265137,5.380000114440918,5.449999809265137,35100
2024-05-02,5.01153039932251,5.440000057220459,5.46999979019165,5.420000076293945,5.440000057220459,16800
2024-05-03,5.085229396820068,5.519999980926514,5.550000190734863,5.489999771118164,5.5,26400
2024-05-06,5.112866401672363,5.550000190734863,5.610000133514404,5.5,5.53000020980835,28400
2024-05-07,5.112866401672363,5.550000190734863,5.610000133514404,5.519999980926514,5.559999942779541,24300
2024-05-08,5.076016902923584,5.510000228881836,5.579999923706055,5.5,5.539999961853027,25200
2024-05-09,5.140503406524658,5.579999923706055,5.630000114440918,5.5,5.5,40800
2024-05-10,5.140503406524658,5.579999923706055,5.639999866485596,5.539999961853027,5.599999904632568,24300
2024-05-13,5.131290912628174,5.570000171661377,5.630000114440918,5.550000190734863,5.590000152587891,22500
2024-05-14,5.168140888214111,5.610000133514404,5.670000076293945,5.570000171661377,5.619999885559082,24000
2024-05-15,5.2602643966674805,5.710000038146973,5.71999979019165,5.619999885559082,5.659999847412109,36500
2024-05-16,5.251051425933838,5.699999809265137,5.900000095367432,5.670000076293945,5.75,129000
2024-05-17,5.2602643966674805,5.710000038146973,5.860000133514404,5.699999809265137,5.789999961853027,57500
2024-05-20,5.333962917327881,5.789999961853027,5.889999866485596,5.75,5.800000190734863,42900
2024-05-21,5.426086902618408,5.889999866485596,5.900000095367432,5.78000020980835,5.849999904632568,50600
2024-05-22,5.370812892913818,5.829999923706055,5.900000095367432,5.789999961853027,5.840000152587891,72000
2024-05-23,5.343175888061523,5.800000190734863,5.889999866485596,5.699999809265137,5.800000190734863,34900
2024-05-24,5.3800249099731445,5.840000152587891,5.900000095367432,5.809999942779541,5.820000171661377,60000
2024-05-28,5.241839408874512,5.690000057220459,5.900000095367432,5.639999866485596,5.900000095367432,56800
2024-05-29,5.168140888214111,5.610000133514404,5.789999961853027,5.53000020980835,5.679999828338623,68000
2024-05-30,5.1220784187316895,5.559999942779541,5.789999961853027,5.53000020980835,5.590000152587891,69400
2024-05-31,5.149715900421143,5.590000152587891,5.630000114440918,5.539999961853027,5.559999942779541,53500
2024-06-03,5.287900924682617,5.739999771118164,5.840000152587891,5.590000152587891,5.590000152587891,117300
2024-06-04,5.306326389312744,5.760000228881836,5.800000190734863,5.699999809265137,5.710000038146973,58100
2024-06-05,5.352387428283691,5.809999942779541,5.860000133514404,5.75,5.75,80200
2024-06-06,5.324750900268555,5.78000020980835,5.849999904632568,5.769999980926514,5.849999904632568,56900
2024-06-07,5.324750900268555,5.78000020980835,5.809999942779541,5.739999771118164,5.739999771118164,69200
2024-06-10,5.426086902618408,5.889999866485596,5.900000095367432,5.739999771118164,5.880000114440918,119600
2024-06-11,5.499785900115967,5.96999979019165,5.96999979019165,5.840000152587891,5.880000114440918,109000
2024-06-12,5.481360912322998,5.949999809265137,5.980000019073486,5.900000095367432,5.900000095367432,120300
2024-06-13,5.414398193359375,5.659999847412109,5.760000228881836,5.650000095367432,5.710000038146973,71100
2024-06-14,5.261341571807861,5.5,5.610000133514404,5.489999771118164,5.559999942779541,61400
2024-06-17,5.3091721534729,5.550000190734863,5.630000114440918,5.5,5.5,44700
2024-06-18,5.261341571807861,5.5,5.539999961853027,5.5,5.53000020980835,66700
2024-06-20,5.117850303649902,5.349999904632568,5.420000076293945,5.260000228881836,5.389999866485596,251700
2024-06-21,5.223077297210693,5.460000038146973,5.630000114440918,5.409999847412109,5.630000114440918,440200
2024-06-24,5.242209434509277,5.480000019073486,5.510000228881836,5.460000038146973,5.5,43700
2024-06-25,5.232643127441406,5.46999979019165,5.510000228881836,5.429999828338623,5.429999828338623,487600
2024-06-26,5.175246715545654,5.409999847412109,5.449999809265137,5.400000095367432,5.420000076293945,325300
2024-06-27,5.184813022613525,5.420000076293945,5.420000076293945,5.309999942779541,5.349999904632568,70600
2024-06-28,5.127416610717773,5.360000133514404,5.409999847412109,5.320000171661377,5.389999866485596,207100
2024-07-01,5.165680885314941,5.400000095367432,5.429999828338623,5.300000190734863,5.369999885559082,96100
2024-07-02,5.0891523361206055,5.320000171661377,5.480000019073486,5.309999942779541,5.400000095367432,81100
2024-07-03,5.022189617156982,5.25,5.340000152587891,5.25,5.320000171661377,120000
2024-07-05,4.974359035491943,5.199999809265137,5.25,5.199999809265137,5.21999979019165,119600
2024-07-08,4.8691325187683105,5.090000152587891,5.199999809265137,5.079999923706055,5.199999809265137,156900
2024-07-09,4.878698348999023,5.099999904632568,5.099999904632568,5.079999923706055,5.079999923706055,65800
2024-07-10,4.878698348999023,5.099999904632568,5.099999904632568,5.079999923706055,5.099999904632568,82100
2024-07-11,4.8404340744018555,5.059999942779541,5.119999885559082,5.059999942779541,5.099999904632568,133000
2024-07-12,4.8213019371032715,5.039999961853027,5.090000152587891,5.03000020980835,5.070000171661377,153900
2024-07-15,4.8213019371032715,5.039999961853027,5.090000152587891,5.010000228881836,5.010000228881836,111400
2024-07-16,4.878698348999023,5.099999904632568,5.110000133514404,5.039999961853027,5.039999961853027,91900
2024-07-17,4.850000381469727,5.070000171661377,5.110000133514404,5.039999961853027,5.079999923706055,103200
2024-07-18,4.8404340744018555,5.059999942779541,5.090000152587891,5.050000190734863,5.059999942779541,109800
2024-07-19,4.878698348999023,5.099999904632568,5.099999904632568,5.050000190734863,5.070000171661377,109200
2024-07-22,4.8404340744018555,5.059999942779541,5.079999923706055,5.019999980926514,5.079999923706055,178900
2024-07-23,4.8021697998046875,5.019999980926514,5.079999923706055,5.010000228881836,5.059999942779541,137600
2024-07-24,4.792603969573975,5.010000228881836,5.03000020980835,5.0,5.019999980926514,67600
2024-07-25,4.811736106872559,5.03000020980835,5.050000190734863,5.0,5.0,301300
2024-07-26,4.725641250610352,4.940000057220459,5.050000190734863,4.940000057220459,5.010000228881836,545500
2024-07-29,4.830868244171143,5.050000190734863,5.070000171661377,4.960000038146973,4.980000019073486,98700
2024-07-30,4.792603969573975,5.010000228881836,5.070000171661377,5.0,5.010000228881836,126500
2024-07-31,4.811736106872559,5.03000020980835,5.070000171661377,5.03000020980835,5.03000020980835,34900
2024-08-01,4.792603969573975,5.010000228881836,5.079999923706055,5.0,5.03000020980835,69300
2024-08-02,4.773471355438232,4.989999771118164,5.050000190734863,4.989999771118164,5.050000190734863,57000
2024-08-05,4.6395463943481445,4.849999904632568,4.909999847412109,4.849999904632568,4.889999866485596,98300
2024-08-06,4.6969428062438965,4.909999847412109,5.019999980926514,4.900000095367432,4.900000095367432,44900
2024-08-07,4.706509113311768,4.920000076293945,5.010000228881836,4.909999847412109,4.929999828338623,42500
2024-08-08,4.725641250610352,4.940000057220459,4.980000019073486,4.900000095367432,4.900000095367432,77200
2024-08-09,4.687376976013184,4.900000095367432,4.96999979019165,4.809999942779541,4.949999809265137,48400
2024-08-12,4.6778106689453125,4.889999866485596,4.96999979019165,4.880000114440918,4.940000057220459,45500
2024-08-13,4.687376976013184,4.900000095367432,4.940000057220459,4.889999866485596,4.900000095367432,57500
2024-08-14,4.6204142570495605,4.829999923706055,4.929999828338623,4.829999923706055,4.900000095367432,53600
2024-08-15,4.524753570556641,4.730000019073486,4.909999847412109,4.679999828338623,4.840000152587891,159500
2024-08-16,4.582149982452393,4.789999961853027,4.849999904632568,4.75,4.769999980926514,95100
2024-08-19,4.7160749435424805,4.929999828338623,4.940000057220459,4.800000190734863,4.820000171661377,43600
2024-08-20,4.725641250610352,4.940000057220459,4.980000019073486,4.900000095367432,4.900000095367432,24200
2024-08-21,4.706509113311768,4.920000076293945,4.989999771118164,4.920000076293945,4.920000076293945,50500
2024-08-22,4.7160749435424805,4.929999828338623,4.96999979019165,4.920000076293945,4.949999809265137,33000
2024-08-23,4.7830376625061035,5.0,5.010000228881836,4.940000057220459,4.960000038146973,123800
2024-08-26,4.8404340744018555,5.059999942779541,5.099999904632568,5.019999980926514,5.050000190734863,155300
2024-08-27,4.9073967933654785,5.130000114440918,5.150000095367432,5.070000171661377,5.070000171661377,91400
2024-08-28,4.878698348999023,5.099999904632568,5.139999866485596,5.099999904632568,5.139999866485596,110900
2024-08-29,4.897830486297607,5.119999885559082,5.150000095367432,5.099999904632568,5.099999904632568,57200
2024-08-30,4.850000381469727,5.070000171661377,5.150000095367432,5.059999942779541,5.150000095367432,69600
2024-09-03,4.8691325187683105,5.090000152587891,5.099999904632568,5.070000171661377,5.079999923706055,45200
2024-09-04,4.830868244171143,5.050000190734863,5.079999923706055,5.050000190734863,5.059999942779541,104400
2024-09-05,4.850000381469727,5.070000171661377,5.079999923706055,5.03000020980835,5.03000020980835,39600
2024-09-06,4.8595662117004395,5.079999923706055,5.099999904632568,5.050000190734863,5.059999942779541,70100
2024-09-09,4.878698348999023,5.099999904632568,5.119999885559082,5.090000152587891,5.099999904632568,71200
2024-09-10,4.8595662117004395,5.079999923706055,5.119999885559082,5.050000190734863,5.110000133514404,60900
2024-09-11,4.878698348999023,5.099999904632568,5.139999866485596,5.039999961853027,5.139999866485596,107700
2024-09-12,4.878698348999023,5.099999904632568,5.110000133514404,5.090000152587891,5.099999904632568,95200
2024-09-13,4.850000381469727,5.070000171661377,5.110000133514404,5.070000171661377,5.099999904632568,180100
2024-09-16,4.900000095367432,4.900000095367432,4.920000076293945,4.889999866485596,4.900000095367432,56200
2024-09-17,4.840000152587891,4.840000152587891,4.889999866485596,4.840000152587891,4.860000133514404,85700
2024-09-18,4.840000152587891,4.840000152587891,4.860000133514404,4.820000171661377,4.840000152587891,80700
2024-09-19,4.889999866485596,4.889999866485596,4.920000076293945,4.869999885559082,4.889999866485596,72100
2024-09-20,5.010000228881836,5.010000228881836,5.010000228881836,4.889999866485596,4.920000076293945,138300
2024-09-23,5.019999980926514,5.019999980926514,5.119999885559082,5.010000228881836,5.079999923706055,253200
2024-09-24,4.96999979019165,4.96999979019165,5.050000190734863,4.96999979019165,5.019999980926514,80400
2024-09-25,4.920000076293945,4.920000076293945,5.0,4.900000095367432,4.989999771118164,63900
2024-09-26,4.949999809265137,4.949999809265137,4.980000019073486,4.940000057220459,4.960000038146973,60400
2024-09-27,4.900000095367432,4.900000095367432,4.96999979019165,4.900000095367432,4.949999809265137,70800
2024-09-30,4.929999828338623,4.929999828338623,4.949999809265137,4.900000095367432,4.909999847412109,41400
2024-10-01,4.929999828338623,4.929999828338623,4.949999809265137,4.900000095367432,4.949999809265137,41700
2024-10-02,4.889999866485596,4.889999866485596,4.929999828338623,4.880000114440918,4.920000076293945,63200
2024-10-03,4.900000095367432,4.900000095367432,4.949999809265137,4.869999885559082,4.949999809265137,48700
2024-10-04,4.900000095367432,4.900000095367432,4.929999828338623,4.880000114440918,4.880000114440918,97300
2024-10-07,4.849999904632568,4.849999904632568,4.900000095367432,4.849999904632568,4.900000095367432,62300
2024-10-08,4.840000152587891,4.840000152587891,4.860000133514404,4.829999923706055,4.860000133514404,28300
2024-10-09,4.760000228881836,4.760000228881836,4.829999923706055,4.730000019073486,4.809999942779541,183400
2024-10-10,4.730000019073486,4.730000019073486,4.800000190734863,4.71999979019165,4.71999979019165,107500
2024-10-11,4.730000019073486,4.730000019073486,4.760000228881836,4.699999809265137,4.699999809265137,71000
2024-10-14,4.739999771118164,4.739999771118164,4.760000228881836,4.71999979019165,4.71999979019165,56300
2024-10-15,4.71999979019165,4.71999979019165,4.789999961853027,4.71999979019165,4.760000228881836,81300
2024-10-16,4.75,4.75,4.789999961853027,4.71999979019165,4.71999979019165,43600
2024-10-17,4.75,4.75,4.760000228881836,4.730000019073486,4.75,34700
2024-10-18,4.699999809265137,4.699999809265137,4.78000020980835,4.699999809265137,4.730000019073486,69400
2024-10-21,4.710000038146973,4.710000038146973,4.769999980926514,4.679999828338623,4.769999980926514,65900
2024-10-22,4.679999828338623,4.679999828338623,4.75,4.650000095367432,4.75,71500
2024-10-23,4.570000171661377,4.570000171661377,4.679999828338623,4.559999942779541,4.659999847412109,64400
2024-10-24,4.590000152587891,4.590000152587891,4.650000095367432,4.590000152587891,4.599999904632568,44300
2024-10-25,4.630000114440918,4.630000114440918,4.690000057220459,4.610000133514404,4.619999885559082,57400
2024-10-28,4.639999866485596,4.639999866485596,4.670000076293945,4.610000133514404,4.610000133514404,52800
2024-10-29,4.630000114440918,4.630000114440918,4.639999866485596,4.630000114440918,4.639999866485596,41200
2024-10-30,4.639999866485596,4.639999866485596,4.670000076293945,4.630000114440918,4.650000095367432,37400
2024-10-31,4.599999904632568,4.599999904632568,4.670000076293945,4.590000152587891,4.670000076293945,35300
2024-11-01,4.590000152587891,4.590000152587891,4.630000114440918,4.579999923706055,4.579999923706055,44900
2024-11-04,4.679999828338623,4.679999828338623,4.71999979019165,4.599999904632568,4.610000133514404,173200
2024-11-05,4.699999809265137,4.699999809265137,4.71999979019165,4.659999847412109,4.659999847412109,42900
2024-11-06,4.739999771118164,4.739999771118164,4.769999980926514,4.699999809265137,4.760000228881836,56500
2024-11-07,4.800000190734863,4.800000190734863,4.809999942779541,4.75,4.75,37900
2024-11-08,4.829999923706055,4.829999923706055,4.849999904632568,4.800000190734863,4.849999904632568,52900
2024-11-11,4.829999923706055,4.829999923706055,4.860000133514404,4.829999923706055,4.860000133514404,54500
2024-11-12,4.809999942779541,4.809999942779541,4.849999904632568,4.800000190734863,4.849999904632568,74200
2024-11-13,4.75,4.75,4.820000171661377,4.75,4.820000171661377,59100
2024-11-14,4.78000020980835,4.78000020980835,4.789999961853027,4.75,4.75,37300
2024-11-15,4.760000228881836,4.760000228881836,4.800000190734863,4.75,4.789999961853027,45000
2024-11-18,4.78000020980835,4.78000020980835,4.789999961853027,4.75,4.769999980926514,71900
2024-11-19,4.829999923706055,4.829999923706055,4.840000152587891,4.769999980926514,4.769999980926514,126000
2024-11-20,4.829999923706055,4.829999923706055,4.849999904632568,4.78000020980835,4.849999904632568,67800
2024-11-21,4.829999923706055,4.829999923706055,4.849999904632568,4.809999942779541,4.849999904632568,76700
2024-11-22,4.840000152587891,4.840000152587891,4.849999904632568,4.809999942779541,4.809999942779541,96600
2024-11-25,4.880000114440918,4.880000114440918,4.889999866485596,4.849999904632568,4.860000133514404,74400
2024-11-26,4.909999847412109,4.909999847412109,4.929999828338623,4.900000095367432,4.929999828338623,65700
2024-11-27,4.960000038146973,4.960000038146973,4.96999979019165,4.929999828338623,4.929999828338623,78100
2024-11-29,4.989999771118164,4.989999771118164,5.0,4.96999979019165,4.980000019073486,39300
2024-12-02,5.070000171661377,5.070000171661377,5.079999923706055,5.0,5.03000020980835,144000
2024-12-03,5.03000020980835,5.03000020980835,5.079999923706055,5.03000020980835,5.050000190734863,129500
2024-12-04,5.050000190734863,5.050000190734863,5.070000171661377,5.039999961853027,5.059999942779541,132700
2024-12-05,5.039999961853027,5.039999961853027,5.059999942779541,5.03000020980835,5.050000190734863,136700
2024-12-06,5.119999885559082,5.119999885559082,5.130000114440918,5.050000190734863,5.079999923706055,173900
