Date,Open,High,Low,Close,Adj Close,Volume
1984-10-19,0.0,1.2833329439163208,1.2833329439163208,1.2833329439163208,0.9473996758460999,9000
1984-10-22,0.0,1.2666670083999634,1.2666670083999634,1.2666670083999634,0.9350966215133667,12000
1984-10-23,0.0,1.2999999523162842,1.2833329439163208,1.2833329439163208,0.9473996758460999,5250
1984-10-24,1.2833329439163208,1.2833329439163208,1.2833329439163208,1.2833329439163208,0.9473996758460999,0
1984-10-25,1.2833329439163208,1.2833329439163208,1.2833329439163208,1.2833329439163208,0.9473996758460999,0
1984-10-26,0.0,1.2666670083999634,1.2666670083999634,1.2666670083999634,0.9350966215133667,750
1984-10-29,0.0,1.2666670083999634,1.2666670083999634,1.2666670083999634,0.9350966215133667,1500
1984-10-30,0.0,1.4333330392837524,1.2833329439163208,1.4333330392837524,1.0581347942352295,25500
1984-10-31,0.0,1.4500000476837158,1.4166669845581055,1.4333330392837524,1.0581347942352295,11250
1984-11-01,1.4333330392837524,1.4333330392837524,1.4333330392837524,1.4333330392837524,1.0581347942352295,0
1984-11-02,0.0,1.4500000476837158,1.4333330392837524,1.4500000476837158,1.0704388618469238,3750
1984-11-05,0.0,1.4666670560836792,1.4166669845581055,1.4666670560836792,1.0827434062957764,12750
1984-11-06,1.4666670560836792,1.4666670560836792,1.4666670560836792,1.4666670560836792,1.0827434062957764,0
1984-11-07,0.0,1.4500000476837158,1.4500000476837158,1.4500000476837158,1.0704388618469238,2250
1984-11-08,1.4500000476837158,1.4500000476837158,1.4500000476837158,1.4500000476837158,1.0704388618469238,0
1984-11-09,0.0,1.4333330392837524,1.4333330392837524,1.4333330392837524,1.0581347942352295,1500
1984-11-12,1.4333330392837524,1.4333330392837524,1.4333330392837524,1.4333330392837524,1.0581347942352295,0
1984-11-13,1.4333330392837524,1.4333330392837524,1.4333330392837524,1.4333330392837524,1.0581347942352295,0
1984-11-14,0.0,1.399999976158142,1.399999976158142,1.399999976158142,1.0335277318954468,1500
1984-11-15,1.399999976158142,1.399999976158142,1.399999976158142,1.399999976158142,1.0335277318954468,0
1984-11-16,0.0,1.4166669845581055,1.399999976158142,1.399999976158142,1.0335277318954468,9750
1984-11-19,1.399999976158142,1.399999976158142,1.399999976158142,1.399999976158142,1.0335277318954468,0
1984-11-20,0.0,1.399999976158142,1.399999976158142,1.399999976158142,1.0335277318954468,750
1984-11-21,1.399999976158142,1.399999976158142,1.399999976158142,1.399999976158142,1.0335277318954468,0
1984-11-23,1.399999976158142,1.399999976158142,1.399999976158142,1.399999976158142,1.0335277318954468,0
1984-11-26,0.0,1.3833329677581787,1.3833329677581787,1.3833329677581787,1.0212229490280151,1500
1984-11-27,1.3833329677581787,1.3833329677581787,1.3833329677581787,1.3833329677581787,1.0212229490280151,0
1984-11-28,1.3833329677581787,1.3833329677581787,1.3833329677581787,1.3833329677581787,1.0212229490280151,0
1984-11-29,0.0,1.3666670322418213,1.3666670322418213,1.3666670322418213,1.0089201927185059,750
1984-11-30,0.0,1.350000023841858,1.350000023841858,1.350000023841858,0.9966157674789429,1500
1984-12-03,0.0,1.350000023841858,1.2000000476837158,1.25,0.9227921962738037,53250
1984-12-04,0.0,1.25,1.2333329916000366,1.2333329916000366,0.9104884266853333,6750
1984-12-05,1.2333329916000366,1.2333329916000366,1.2333329916000366,1.2333329916000366,0.9104884266853333,0
1984-12-06,1.2333329916000366,1.2333329916000366,1.2333329916000366,1.2333329916000366,0.9104884266853333,0
1984-12-07,1.2333329916000366,1.2333329916000366,1.2333329916000366,1.2333329916000366,0.9104884266853333,0
1984-12-10,0.0,1.25,1.25,1.25,0.9227921962738037,1500
1984-12-11,0.0,1.25,1.25,1.25,0.9227921962738037,1500
1984-12-12,0.0,1.2666670083999634,1.2666670083999634,1.2666670083999634,0.9350966215133667,2250
1984-12-13,1.2666670083999634,1.2666670083999634,1.2666670083999634,1.2666670083999634,0.9350966215133667,0
1984-12-14,0.0,1.2999999523162842,1.2833329439163208,1.2999999523162842,0.9597041010856628,5250
1984-12-17,0.0,1.3166669607162476,1.2999999523162842,1.3166669607162476,0.9720078706741333,8250
1984-12-18,0.0,1.4500000476837158,1.350000023841858,1.4166669845581055,1.0458317995071411,25500
1984-12-19,0.0,1.5166670083999634,1.4500000476837158,1.5166670083999634,1.1196547746658325,11250
1984-12-20,0.0,1.5,1.5,1.5,1.1073508262634277,750
1984-12-21,0.0,1.5,1.4833329916000366,1.4833329916000366,1.0950467586517334,1500
1984-12-24,0.0,1.5499999523162842,1.5166670083999634,1.5499999523162842,1.1442625522613525,9750
1984-12-26,1.5499999523162842,1.5499999523162842,1.5499999523162842,1.5499999523162842,1.1442625522613525,0
1984-12-27,1.5499999523162842,1.5499999523162842,1.5499999523162842,1.5499999523162842,1.1442625522613525,0
1984-12-28,1.5499999523162842,1.5499999523162842,1.5499999523162842,1.5499999523162842,1.1442625522613525,0
1984-12-31,1.5499999523162842,1.5499999523162842,1.5499999523162842,1.5499999523162842,1.1442625522613525,0
1985-01-02,0.0,1.5166670083999634,1.5166670083999634,1.5166670083999634,1.1196547746658325,3000
1985-01-03,1.5166670083999634,1.5166670083999634,1.5166670083999634,1.5166670083999634,1.1196547746658325,0
1985-01-04,0.0,1.5166670083999634,1.5166670083999634,1.5166670083999634,1.1196547746658325,750
1985-01-07,0.0,1.4666670560836792,1.4666670560836792,1.4666670560836792,1.0827434062957764,12750
1985-01-08,0.0,1.4833329916000366,1.4833329916000366,1.4833329916000366,1.0950467586517334,3750
1985-01-09,0.0,1.4666670560836792,1.4666670560836792,1.4666670560836792,1.0827434062957764,750
1985-01-10,1.4666670560836792,1.4666670560836792,1.4666670560836792,1.4666670560836792,1.0827434062957764,0
1985-01-11,0.0,1.5,1.5,1.5,1.1073508262634277,2250
1985-01-14,0.0,1.5166670083999634,1.5,1.5166670083999634,1.1196547746658325,1500
1985-01-15,0.0,1.5499999523162842,1.5333329439163208,1.5499999523162842,1.1442625522613525,7500
1985-01-16,0.0,1.5499999523162842,1.5499999523162842,1.5499999523162842,1.1442625522613525,5250
1985-01-17,1.5499999523162842,1.5499999523162842,1.5499999523162842,1.5499999523162842,1.1442625522613525,0
1985-01-18,0.0,1.600000023841858,1.5666669607162476,1.600000023841858,1.1811739206314087,6750
1985-01-21,0.0,1.6666669845581055,1.600000023841858,1.6666669845581055,1.2303900718688965,15000
1985-01-22,0.0,1.8833329677581787,1.7000000476837158,1.8333330154418945,1.3534287214279175,33000
1985-01-23,0.0,1.8333330154418945,1.8166669607162476,1.8333330154418945,1.3534287214279175,10500
1985-01-24,0.0,1.7999999523162842,1.75,1.75,1.2919093370437622,8250
1985-01-25,0.0,1.7333329916000366,1.7333329916000366,1.7333329916000366,1.2796052694320679,7500
1985-01-28,0.0,1.7666670083999634,1.7333329916000366,1.7333329916000366,1.2796052694320679,5250
1985-01-29,1.7333329916000366,1.7333329916000366,1.7333329916000366,1.7333329916000366,1.2796052694320679,0
1985-01-30,0.0,1.8333330154418945,1.7666670083999634,1.7999999523162842,1.328821063041687,27000
1985-01-31,0.0,1.7999999523162842,1.7833329439163208,1.7833329439163208,1.3165171146392822,4500
1985-02-01,0.0,1.7999999523162842,1.7999999523162842,1.7999999523162842,1.328821063041687,3750
1985-02-04,0.0,1.7666670083999634,1.7333329916000366,1.7333329916000366,1.2796052694320679,6000
1985-02-05,0.0,1.7333329916000366,1.7166670560836792,1.7166670560836792,1.2673015594482422,2250
1985-02-06,0.0,1.6833330392837524,1.6833330392837524,1.6833330392837524,1.2426936626434326,2250
1985-02-07,1.6833330392837524,1.6833330392837524,1.6833330392837524,1.6833330392837524,1.2426936626434326,0
1985-02-08,0.0,1.9666670560836792,1.7000000476837158,1.9333330392837524,1.4272522926330566,95250
1985-02-11,0.0,1.9833329916000366,1.9166669845581055,1.9333330392837524,1.4272522926330566,36000
1985-02-12,0.0,1.9500000476837158,1.8666670322418213,1.9166669845581055,1.4149484634399414,20250
1985-02-13,0.0,2.016666889190674,1.9333330392837524,1.9833329916000366,1.4641637802124023,103500
1985-02-14,0.0,1.9833329916000366,1.9833329916000366,1.9833329916000366,1.4641637802124023,15000
1985-02-15,0.0,2.1333329677581787,2.0,2.049999952316284,1.513379454612732,156750
1985-02-19,0.0,2.066667079925537,1.9833329916000366,1.9833329916000366,1.4641637802124023,45750
1985-02-20,0.0,1.9833329916000366,1.9666670560836792,1.9833329916000366,1.4641637802124023,8250
1985-02-21,0.0,2.049999952316284,2.0333330631256104,2.0333330631256104,1.5010753870010376,12750
1985-02-22,0.0,2.0833330154418945,2.049999952316284,2.066667079925537,1.5256835222244263,20250
1985-02-25,0.0,1.9666670560836792,1.8666670322418213,1.899999976158142,1.402644395828247,109500
1985-02-26,0.0,1.9333330392837524,1.7666670083999634,1.7666670083999634,1.3042138814926147,29250
1985-02-27,0.0,1.7999999523162842,1.75,1.7999999523162842,1.328821063041687,12000
1985-02-28,0.0,1.8833329677581787,1.8166669607162476,1.8833329677581787,1.3903398513793945,27750
1985-03-01,0.0,1.9166669845581055,1.8666670322418213,1.9166669845581055,1.4149484634399414,7500
1985-03-04,0.0,1.8833329677581787,1.8333330154418945,1.8333330154418945,1.3534287214279175,19500
1985-03-05,0.0,1.8666670322418213,1.850000023841858,1.850000023841858,1.3657327890396118,3000
1985-03-06,0.0,1.850000023841858,1.850000023841858,1.850000023841858,1.3657327890396118,750
1985-03-07,1.850000023841858,1.850000023841858,1.850000023841858,1.850000023841858,1.3657327890396118,0
1985-03-08,0.0,1.8166669607162476,1.7833329439163208,1.7833329439163208,1.3165171146392822,7500
1985-03-11,1.7833329439163208,1.7833329439163208,1.7833329439163208,1.7833329439163208,1.3165171146392822,0
1985-03-12,0.0,1.75,1.7333329916000366,1.7333329916000366,1.2796052694320679,9750
1985-03-13,1.7333329916000366,1.7333329916000366,1.7333329916000366,1.7333329916000366,1.2796052694320679,0
1985-03-14,1.7333329916000366,1.7333329916000366,1.7333329916000366,1.7333329916000366,1.2796052694320679,0
1985-03-15,1.7333329916000366,1.7333329916000366,1.7333329916000366,1.7333329916000366,1.2796052694320679,0
1985-03-18,0.0,1.7166670560836792,1.7166670560836792,1.7166670560836792,1.2673015594482422,750
1985-03-19,0.0,1.7166670560836792,1.7000000476837158,1.7000000476837158,1.2549971342086792,8250
1985-03-20,0.0,1.6666669845581055,1.6333329677581787,1.6333329677581787,1.2057815790176392,6000
1985-03-21,1.6333329677581787,1.6333329677581787,1.6333329677581787,1.6333329677581787,1.2057815790176392,0
1985-03-22,0.0,1.600000023841858,1.600000023841858,1.600000023841858,1.1811739206314087,2250
1985-03-25,1.600000023841858,1.600000023841858,1.600000023841858,1.600000023841858,1.1811739206314087,0
1985-03-26,0.0,1.600000023841858,1.600000023841858,1.600000023841858,1.1811739206314087,3750
1985-03-27,0.0,1.5666669607162476,1.5666669607162476,1.5666669607162476,1.1565667390823364,3750
1985-03-28,0.0,1.5499999523162842,1.5499999523162842,1.5499999523162842,1.1442625522613525,3750
1985-03-29,0.0,1.600000023841858,1.5833330154418945,1.600000023841858,1.1811739206314087,5250
1985-04-01,1.600000023841858,1.600000023841858,1.600000023841858,1.600000023841858,1.1811739206314087,0
1985-04-02,0.0,1.6166670322418213,1.6166670322418213,1.6166670322418213,1.1934782266616821,750
1985-04-03,1.6166670322418213,1.6166670322418213,1.6166670322418213,1.6166670322418213,1.1934782266616821,0
1985-04-04,1.6166670322418213,1.6166670322418213,1.6166670322418213,1.6166670322418213,1.1934782266616821,0
1985-04-08,1.6166670322418213,1.6166670322418213,1.6166670322418213,1.6166670322418213,1.1934782266616821,0
1985-04-09,0.0,1.5833330154418945,1.5499999523162842,1.5833330154418945,1.168870210647583,10500
1985-04-10,0.0,1.5833330154418945,1.5833330154418945,1.5833330154418945,1.168870210647583,750
1985-04-11,1.5833330154418945,1.5833330154418945,1.5833330154418945,1.5833330154418945,1.168870210647583,0
1985-04-12,0.0,1.5666669607162476,1.5666669607162476,1.5666669607162476,1.1565667390823364,3750
1985-04-15,1.5666669607162476,1.5666669607162476,1.5666669607162476,1.5666669607162476,1.1565667390823364,0
1985-04-16,0.0,1.600000023841858,1.600000023841858,1.600000023841858,1.1811739206314087,7500
1985-04-17,1.600000023841858,1.600000023841858,1.600000023841858,1.600000023841858,1.1811739206314087,0
1985-04-18,1.600000023841858,1.600000023841858,1.600000023841858,1.600000023841858,1.1811739206314087,0
1985-04-19,1.600000023841858,1.600000023841858,1.600000023841858,1.600000023841858,1.1811739206314087,0
1985-04-22,0.0,1.600000023841858,1.600000023841858,1.600000023841858,1.1811739206314087,3000
1985-04-23,0.0,1.600000023841858,1.600000023841858,1.600000023841858,1.1811739206314087,750
1985-04-24,1.600000023841858,1.600000023841858,1.600000023841858,1.600000023841858,1.1811739206314087,0
1985-04-25,0.0,1.5666669607162476,1.5499999523162842,1.5499999523162842,1.1442625522613525,3750
1985-04-26,0.0,1.5666669607162476,1.5666669607162476,1.5666669607162476,1.1565667390823364,750
1985-04-29,0.0,1.5666669607162476,1.5333329439163208,1.5666669607162476,1.1565667390823364,3750
1985-04-30,0.0,1.5666669607162476,1.5333329439163208,1.5333329439163208,1.1319586038589478,4500
1985-05-01,0.0,1.5499999523162842,1.5499999523162842,1.5499999523162842,1.1442625522613525,750
1985-05-02,0.0,1.5166670083999634,1.5166670083999634,1.5166670083999634,1.1196547746658325,2250
1985-05-03,1.5166670083999634,1.5166670083999634,1.5166670083999634,1.5166670083999634,1.1196547746658325,0
1985-05-06,1.5166670083999634,1.5166670083999634,1.5166670083999634,1.5166670083999634,1.1196547746658325,0
1985-05-07,0.0,1.5499999523162842,1.5333329439163208,1.5499999523162842,1.1442625522613525,2250
1985-05-08,0.0,1.5166670083999634,1.4833329916000366,1.4833329916000366,1.0950467586517334,7500
1985-05-09,0.0,1.5499999523162842,1.5166670083999634,1.5333329439163208,1.1319586038589478,12750
1985-05-10,1.5333329439163208,1.5333329439163208,1.5333329439163208,1.5333329439163208,1.1319586038589478,0
1985-05-13,0.0,1.5,1.5,1.5,1.1073508262634277,3750
1985-05-14,1.5,1.5,1.5,1.5,1.1073508262634277,0
1985-05-15,1.5,1.5,1.5,1.5,1.1073508262634277,0
1985-05-16,1.5,1.5,1.5,1.5,1.1073508262634277,0
1985-05-17,0.0,1.4666670560836792,1.4666670560836792,1.4666670560836792,1.0827434062957764,750
1985-05-20,0.0,1.5166670083999634,1.5,1.5166670083999634,1.1196547746658325,33750
1985-05-21,1.5166670083999634,1.5166670083999634,1.5166670083999634,1.5166670083999634,1.1196547746658325,0
1985-05-22,1.5166670083999634,1.5166670083999634,1.5166670083999634,1.5166670083999634,1.1196547746658325,0
1985-05-23,1.5166670083999634,1.5166670083999634,1.5166670083999634,1.5166670083999634,1.1196547746658325,0
1985-05-24,0.0,1.5,1.5,1.5,1.1073508262634277,750
1985-05-28,0.0,1.4666670560836792,1.4666670560836792,1.4666670560836792,1.0827434062957764,1500
1985-05-29,0.0,1.4666670560836792,1.4666670560836792,1.4666670560836792,1.0827434062957764,750
1985-05-30,1.4666670560836792,1.4666670560836792,1.4666670560836792,1.4666670560836792,1.0827434062957764,0
1985-05-31,1.4666670560836792,1.4666670560836792,1.4666670560836792,1.4666670560836792,1.0827434062957764,0
1985-06-03,0.0,1.4833329916000366,1.4666670560836792,1.4666670560836792,1.0827434062957764,8250
1985-06-04,0.0,1.4333330392837524,1.4333330392837524,1.4333330392837524,1.0581347942352295,2250
1985-06-05,1.4333330392837524,1.4333330392837524,1.4333330392837524,1.4333330392837524,1.0581347942352295,0
1985-06-06,0.0,1.399999976158142,1.350000023841858,1.350000023841858,0.9966157674789429,8250
1985-06-07,0.0,1.4166669845581055,1.3833329677581787,1.399999976158142,1.0335277318954468,15000
1985-06-10,0.0,1.4333330392837524,1.4166669845581055,1.4333330392837524,1.0581347942352295,5250
1985-06-11,1.4333330392837524,1.4333330392837524,1.4333330392837524,1.4333330392837524,1.0581347942352295,0
1985-06-12,0.0,1.4500000476837158,1.4166669845581055,1.4500000476837158,1.0704388618469238,9000
1985-06-13,0.0,1.4333330392837524,1.4333330392837524,1.4333330392837524,1.0581347942352295,1500
1985-06-14,1.4333330392837524,1.4333330392837524,1.4333330392837524,1.4333330392837524,1.0581347942352295,0
1985-06-17,1.4333330392837524,1.4333330392837524,1.4333330392837524,1.4333330392837524,1.0581347942352295,0
1985-06-18,1.4333330392837524,1.4333330392837524,1.4333330392837524,1.4333330392837524,1.0581347942352295,0
1985-06-19,0.0,1.4333330392837524,1.399999976158142,1.399999976158142,1.0335277318954468,11250
1985-06-20,1.399999976158142,1.399999976158142,1.399999976158142,1.399999976158142,1.0335277318954468,0
1985-06-21,1.399999976158142,1.399999976158142,1.399999976158142,1.399999976158142,1.0335277318954468,0
1985-06-24,0.0,1.4166669845581055,1.4166669845581055,1.4166669845581055,1.0458317995071411,1500
1985-06-25,0.0,1.4166669845581055,1.4166669845581055,1.4166669845581055,1.0458317995071411,750
1985-06-26,1.4166669845581055,1.4166669845581055,1.4166669845581055,1.4166669845581055,1.0458317995071411,0
1985-06-27,1.4166669845581055,1.4166669845581055,1.4166669845581055,1.4166669845581055,1.0458317995071411,0
1985-06-28,0.0,1.4166669845581055,1.399999976158142,1.399999976158142,1.0335277318954468,7500
1985-07-01,0.0,1.4166669845581055,1.4166669845581055,1.4166669845581055,1.0458317995071411,1500
1985-07-02,0.0,1.4333330392837524,1.4333330392837524,1.4333330392837524,1.0581347942352295,3000
1985-07-03,1.4333330392837524,1.4333330392837524,1.4333330392837524,1.4333330392837524,1.0581347942352295,0
1985-07-05,1.4333330392837524,1.4333330392837524,1.4333330392837524,1.4333330392837524,1.0581347942352295,0
1985-07-08,1.4333330392837524,1.4333330392837524,1.4333330392837524,1.4333330392837524,1.0581347942352295,0
1985-07-09,1.4333330392837524,1.4333330392837524,1.4333330392837524,1.4333330392837524,1.0581347942352295,0
1985-07-10,1.4333330392837524,1.4333330392837524,1.4333330392837524,1.4333330392837524,1.0581347942352295,0
1985-07-11,0.0,1.399999976158142,1.399999976158142,1.399999976158142,1.0335277318954468,3750
1985-07-12,0.0,1.4333330392837524,1.4333330392837524,1.4333330392837524,1.0581347942352295,9750
1985-07-15,0.0,1.4500000476837158,1.4333330392837524,1.4500000476837158,1.0704388618469238,3000
1985-07-16,0.0,1.4666670560836792,1.4666670560836792,1.4666670560836792,1.0827434062957764,1500
1985-07-17,0.0,1.4833329916000366,1.4833329916000366,1.4833329916000366,1.0950467586517334,3000
1985-07-18,0.0,1.4666670560836792,1.4666670560836792,1.4666670560836792,1.0827434062957764,7500
1985-07-19,1.4666670560836792,1.4666670560836792,1.4666670560836792,1.4666670560836792,1.0827434062957764,0
1985-07-22,1.4666670560836792,1.4666670560836792,1.4666670560836792,1.4666670560836792,1.0827434062957764,0
1985-07-23,1.4666670560836792,1.4666670560836792,1.4666670560836792,1.4666670560836792,1.0827434062957764,0
1985-07-24,0.0,1.4833329916000366,1.4833329916000366,1.4833329916000366,1.0950467586517334,750
1985-07-25,0.0,1.4500000476837158,1.4500000476837158,1.4500000476837158,1.0704388618469238,3750
1985-07-26,0.0,1.4666670560836792,1.4166669845581055,1.4333330392837524,1.0581347942352295,8250
1985-07-29,0.0,1.399999976158142,1.3833329677581787,1.3833329677581787,1.0212229490280151,9000
1985-07-30,0.0,1.3666670322418213,1.3666670322418213,1.3666670322418213,1.0089201927185059,7500
1985-07-31,1.3666670322418213,1.3666670322418213,1.3666670322418213,1.3666670322418213,1.0089201927185059,0
1985-08-01,0.0,1.399999976158142,1.399999976158142,1.399999976158142,1.0335277318954468,1500
1985-08-02,0.0,1.3666670322418213,1.3666670322418213,1.3666670322418213,1.0089201927185059,1500
1985-08-05,1.3666670322418213,1.3666670322418213,1.3666670322418213,1.3666670322418213,1.0089201927185059,0
1985-08-06,1.3666670322418213,1.3666670322418213,1.3666670322418213,1.3666670322418213,1.0089201927185059,0
1985-08-07,1.3666670322418213,1.3666670322418213,1.3666670322418213,1.3666670322418213,1.0089201927185059,0
1985-08-08,0.0,1.3333330154418945,1.3333330154418945,1.3333330154418945,0.9843119978904724,1500
1985-08-09,0.0,1.3333330154418945,1.2999999523162842,1.3333330154418945,0.9843119978904724,6000
1985-08-12,0.0,1.3333330154418945,1.3333330154418945,1.3333330154418945,0.9843119978904724,750
1985-08-13,1.3333330154418945,1.3333330154418945,1.3333330154418945,1.3333330154418945,0.9843119978904724,0
1985-08-14,1.3333330154418945,1.3333330154418945,1.3333330154418945,1.3333330154418945,0.9843119978904724,0
1985-08-15,0.0,1.3333330154418945,1.2999999523162842,1.2999999523162842,0.9597041010856628,10500
1985-08-16,1.2999999523162842,1.2999999523162842,1.2999999523162842,1.2999999523162842,0.9597041010856628,0
1985-08-19,0.0,1.2833329439163208,1.2833329439163208,1.2833329439163208,0.9473996758460999,750
1985-08-20,0.0,1.2833329439163208,1.2666670083999634,1.2833329439163208,0.9473996758460999,4500
1985-08-21,0.0,1.2666670083999634,1.2666670083999634,1.2666670083999634,0.9350966215133667,750
1985-08-22,0.0,1.2833329439163208,1.2833329439163208,1.2833329439163208,0.9473996758460999,1500
1985-08-23,0.0,1.3333330154418945,1.2999999523162842,1.3333330154418945,0.9843119978904724,6750
1985-08-26,1.3333330154418945,1.3333330154418945,1.3333330154418945,1.3333330154418945,0.9843119978904724,0
1985-08-27,1.3333330154418945,1.3333330154418945,1.3333330154418945,1.3333330154418945,0.9843119978904724,0
1985-08-28,0.0,1.3166669607162476,1.3166669607162476,1.3166669607162476,0.9720078706741333,1500
1985-08-29,0.0,1.2666670083999634,1.2666670083999634,1.2666670083999634,0.9350966215133667,15000
1985-08-30,1.2666670083999634,1.2666670083999634,1.2666670083999634,1.2666670083999634,0.9350966215133667,0
1985-09-03,1.2666670083999634,1.2666670083999634,1.2666670083999634,1.2666670083999634,0.9350966215133667,0
1985-09-04,0.0,1.2333329916000366,1.2000000476837158,1.2166670560836792,0.8981850147247314,16500
1985-09-05,0.0,1.2000000476837158,1.1833330392837524,1.2000000476837158,0.885880708694458,11250
1985-09-06,1.2000000476837158,1.2000000476837158,1.2000000476837158,1.2000000476837158,0.885880708694458,0
1985-09-09,0.0,1.1833330392837524,1.1666669845581055,1.1666669845581055,0.8612730503082275,2250
1985-09-10,0.0,1.1666669845581055,1.1666669845581055,1.1666669845581055,0.8612730503082275,6000
1985-09-11,0.0,1.2000000476837158,1.2000000476837158,1.2000000476837158,0.885880708694458,7500
1985-09-12,0.0,1.2000000476837158,1.1833330392837524,1.1833330392837524,0.8735766410827637,4500
1985-09-13,1.1833330392837524,1.1833330392837524,1.1833330392837524,1.1833330392837524,0.8735766410827637,0
1985-09-16,0.0,1.2000000476837158,1.2000000476837158,1.2000000476837158,0.885880708694458,750
1985-09-17,0.0,1.2000000476837158,1.2000000476837158,1.2000000476837158,0.885880708694458,3750
1985-09-18,1.2000000476837158,1.2000000476837158,1.2000000476837158,1.2000000476837158,0.885880708694458,0
1985-09-19,1.2000000476837158,1.2000000476837158,1.2000000476837158,1.2000000476837158,0.885880708694458,0
1985-09-20,0.0,1.1833330392837524,1.1666669845581055,1.1833330392837524,0.8735766410827637,3750
1985-09-23,1.1833330392837524,1.1833330392837524,1.1833330392837524,1.1833330392837524,0.8735766410827637,0
1985-09-24,1.1833330392837524,1.1833330392837524,1.1833330392837524,1.1833330392837524,0.8735766410827637,0
1985-09-25,1.1833330392837524,1.1833330392837524,1.1833330392837524,1.1833330392837524,0.8735766410827637,0
1985-09-26,0.0,1.1833330392837524,1.1833330392837524,1.1833330392837524,0.8735766410827637,750
1985-09-30,0.0,1.1666669845581055,1.0666669607162476,1.0666669607162476,0.7874495387077332,26250
1985-10-01,0.0,1.0666669607162476,1.0,1.0333329439163208,0.7628412246704102,23250
1985-10-02,0.0,1.0333329439163208,1.0,1.0166670083999634,0.7505379915237427,6750
1985-10-03,0.0,1.0333329439163208,1.0166670083999634,1.0166670083999634,0.7505379915237427,6750
1985-10-04,0.0,1.0333329439163208,1.0166670083999634,1.0166670083999634,0.7505379915237427,18750
1985-10-07,0.0,1.0,0.9833329916000366,0.9833329916000366,0.7259297370910645,26250
1985-10-08,0.0,0.9833329916000366,0.9833329916000366,0.9833329916000366,0.7259297370910645,2250
1985-10-09,0.0,0.9833329916000366,0.9333329796791077,0.949999988079071,0.7013221979141235,9750
1985-10-10,0.0,1.0,0.9833329916000366,1.0,0.7382338047027588,9750
1985-10-11,0.0,0.9833329916000366,0.949999988079071,0.9833329916000366,0.7259297370910645,32250
1985-10-14,0.0,1.0,1.0,1.0,0.7382338047027588,7500
1985-10-15,0.0,1.0333329439163208,1.0,1.0166670083999634,0.7505379915237427,39000
1985-10-16,1.0166670083999634,1.0166670083999634,1.0166670083999634,1.0166670083999634,0.7505379915237427,0
1985-10-17,0.0,1.0333329439163208,1.0166670083999634,1.0166670083999634,0.7505379915237427,5250
1985-10-18,0.0,1.0333329439163208,1.0333329439163208,1.0333329439163208,0.7628412246704102,1500
1985-10-21,0.0,1.0333329439163208,0.9833329916000366,0.9833329916000366,0.7259297370910645,9750
1985-10-22,0.0,1.0,1.0,1.0,0.7382338047027588,5250
1985-10-23,0.0,1.0,0.9666669964790344,1.0,0.7382338047027588,13500
1985-10-24,1.0,1.0,1.0,1.0,0.7382338047027588,0
1985-10-25,0.0,0.9666669964790344,0.9166669845581055,0.9166669845581055,0.6767147779464722,66750
1985-10-28,0.0,0.949999988079071,0.9333329796791077,0.949999988079071,0.7013221979141235,3000
1985-10-29,0.0,0.949999988079071,0.949999988079071,0.949999988079071,0.7013221979141235,2250
1985-10-30,0.949999988079071,0.949999988079071,0.949999988079071,0.949999988079071,0.7013221979141235,0
1985-10-31,0.0,0.9666669964790344,0.949999988079071,0.9666669964790344,0.7136264443397522,8250
1985-11-01,0.0,1.0,0.949999988079071,1.0,0.7382338047027588,11250
1985-11-04,0.0,0.9666669964790344,0.949999988079071,0.9666669964790344,0.7136264443397522,13500
1985-11-05,0.9666669964790344,0.9666669964790344,0.9666669964790344,0.9666669964790344,0.7136264443397522,0
1985-11-06,0.0,0.9833329916000366,0.9333329796791077,0.9333329796791077,0.689018189907074,12000
1985-11-07,0.0,0.949999988079071,0.949999988079071,0.949999988079071,0.7013221979141235,5250
1985-11-08,0.0,0.9333329796791077,0.9333329796791077,0.9333329796791077,0.689018189907074,3000
1985-11-11,0.0,0.9666669964790344,0.9666669964790344,0.9666669964790344,0.7136264443397522,3000
1985-11-12,0.0,0.949999988079071,0.9333329796791077,0.9333329796791077,0.689018189907074,9000
1985-11-13,0.0,0.9333329796791077,0.9166669845581055,0.9166669845581055,0.6767147779464722,13500
1985-11-14,0.0,0.9333329796791077,0.8999999761581421,0.9333329796791077,0.689018189907074,83250
1985-11-15,0.0,0.949999988079071,0.9333329796791077,0.949999988079071,0.7013221979141235,16500
1985-11-18,0.0,0.9333329796791077,0.9333329796791077,0.9333329796791077,0.689018189907074,2250
1985-11-19,0.0,0.9333329796791077,0.9333329796791077,0.9333329796791077,0.689018189907074,22500
1985-11-20,0.9333329796791077,0.9333329796791077,0.9333329796791077,0.9333329796791077,0.689018189907074,0
1985-11-21,0.0,0.9333329796791077,0.9333329796791077,0.9333329796791077,0.689018189907074,30750
1985-11-22,0.0,0.9333329796791077,0.9333329796791077,0.9333329796791077,0.689018189907074,2250
1985-11-25,0.0,0.9666669964790344,0.9333329796791077,0.949999988079071,0.7013221979141235,7500
1985-11-26,0.0,0.949999988079071,0.949999988079071,0.949999988079071,0.7013221979141235,750
1985-11-27,0.0,0.949999988079071,0.949999988079071,0.949999988079071,0.7013221979141235,1500
1985-11-29,0.0,0.949999988079071,0.949999988079071,0.949999988079071,0.7013221979141235,2250
1985-12-02,0.0,1.0333329439163208,0.9333329796791077,1.0333329439163208,0.7628412246704102,22500
1985-12-03,0.0,1.0333329439163208,1.0166670083999634,1.0166670083999634,0.7505379915237427,13500
1985-12-04,0.0,1.0,1.0,1.0,0.7382338047027588,3750
1985-12-05,0.0,1.0166670083999634,1.0,1.0,0.7382338047027588,2250
1985-12-06,0.0,1.0333329439163208,1.0166670083999634,1.0166670083999634,0.7505379915237427,5250
1985-12-09,0.0,1.0166670083999634,1.0166670083999634,1.0166670083999634,0.7505379915237427,2250
1985-12-10,0.0,1.0333329439163208,1.0,1.0,0.7382338047027588,4500
1985-12-11,0.0,1.0333329439163208,1.0166670083999634,1.0333329439163208,0.7628412246704102,9750
1985-12-12,0.0,1.0499999523162842,1.0333329439163208,1.0333329439163208,0.7628412246704102,23250
1985-12-13,0.0,1.0333329439163208,1.0333329439163208,1.0333329439163208,0.7628412246704102,9000
1985-12-16,0.0,1.100000023841858,1.0333329439163208,1.0666669607162476,0.7874495387077332,22500
1985-12-17,0.0,1.0499999523162842,1.0499999523162842,1.0499999523162842,0.775145411491394,17250
1985-12-18,0.0,1.0666669607162476,1.0499999523162842,1.0666669607162476,0.7874495387077332,15000
1985-12-19,0.0,1.0666669607162476,1.0666669607162476,1.0666669607162476,0.7874495387077332,750
1985-12-20,0.0,1.1166670322418213,1.100000023841858,1.100000023841858,0.8120571374893188,9750
1985-12-23,0.0,1.100000023841858,1.0666669607162476,1.0666669607162476,0.7874495387077332,26250
1985-12-24,0.0,1.0666669607162476,1.0666669607162476,1.0666669607162476,0.7874495387077332,27000
1985-12-26,0.0,1.0666669607162476,1.0666669607162476,1.0666669607162476,0.7874495387077332,2250
1985-12-27,0.0,1.0833330154418945,1.0666669607162476,1.0833330154418945,0.7997531890869141,3750
1985-12-30,0.0,1.100000023841858,1.0666669607162476,1.0666669607162476,0.7874495387077332,23250
1985-12-31,0.0,1.100000023841858,1.0666669607162476,1.100000023841858,0.8120571374893188,15750
1986-01-02,0.0,1.100000023841858,1.100000023841858,1.100000023841858,0.8120571374893188,3750
1986-01-03,0.0,1.0833330154418945,1.0833330154418945,1.0833330154418945,0.7997531890869141,2250
1986-01-06,0.0,1.100000023841858,1.100000023841858,1.100000023841858,0.8120571374893188,750
1986-01-07,0.0,1.2000000476837158,1.100000023841858,1.1666669845581055,0.8612730503082275,38250
1986-01-08,1.1666669845581055,1.1666669845581055,1.1666669845581055,1.1666669845581055,0.8612730503082275,0
1986-01-09,0.0,1.1666669845581055,1.1666669845581055,1.1666669845581055,0.8612730503082275,3750
1986-01-10,1.1666669845581055,1.1666669845581055,1.1666669845581055,1.1666669845581055,0.8612730503082275,0
1986-01-13,0.0,1.2166670560836792,1.1833330392837524,1.2166670560836792,0.8981850147247314,4500
1986-01-14,0.0,1.2333329916000366,1.2166670560836792,1.2166670560836792,0.8981850147247314,6750
1986-01-15,0.0,1.2166670560836792,1.2000000476837158,1.2166670560836792,0.8981850147247314,8250
1986-01-16,0.0,1.2333329916000366,1.2166670560836792,1.2166670560836792,0.8981850147247314,1500
1986-01-17,0.0,1.2000000476837158,1.2000000476837158,1.2000000476837158,0.885880708694458,6000
1986-01-20,0.0,1.1833330392837524,1.149999976158142,1.149999976158142,0.8489688038825989,37500
1986-01-21,0.0,1.1666669845581055,1.1666669845581055,1.1666669845581055,0.8612730503082275,2250
1986-01-22,0.0,1.1666669845581055,1.1666669845581055,1.1666669845581055,0.8612730503082275,5250
1986-01-23,0.0,1.2000000476837158,1.2000000476837158,1.2000000476837158,0.885880708694458,18750
1986-01-24,1.2000000476837158,1.2000000476837158,1.2000000476837158,1.2000000476837158,0.885880708694458,0
1986-01-27,0.0,1.2000000476837158,1.1833330392837524,1.1833330392837524,0.8735766410827637,15000
1986-01-28,1.1833330392837524,1.1833330392837524,1.1833330392837524,1.1833330392837524,0.8735766410827637,0
1986-01-29,0.0,1.2000000476837158,1.1833330392837524,1.1833330392837524,0.8735766410827637,10500
1986-01-30,1.1833330392837524,1.1833330392837524,1.1833330392837524,1.1833330392837524,0.8735766410827637,0
1986-01-31,1.1833330392837524,1.1833330392837524,1.1833330392837524,1.1833330392837524,0.8735766410827637,0
1986-02-03,1.1833330392837524,1.1833330392837524,1.1833330392837524,1.1833330392837524,0.8735766410827637,0
1986-02-04,1.1833330392837524,1.1833330392837524,1.1833330392837524,1.1833330392837524,0.8735766410827637,0
1986-02-05,1.1833330392837524,1.1833330392837524,1.1833330392837524,1.1833330392837524,0.8735766410827637,0
1986-02-06,0.0,1.2333329916000366,1.2000000476837158,1.2333329916000366,0.9104884266853333,5250
1986-02-07,0.0,1.2999999523162842,1.2166670560836792,1.2999999523162842,0.9597041010856628,11250
1986-02-10,0.0,1.3833329677581787,1.3166669607162476,1.350000023841858,0.9966157674789429,17250
1986-02-11,0.0,1.4166669845581055,1.3333330154418945,1.399999976158142,1.0335277318954468,86250
1986-02-12,0.0,1.4833329916000366,1.4166669845581055,1.4500000476837158,1.0704388618469238,24000
1986-02-13,0.0,1.4500000476837158,1.4166669845581055,1.4500000476837158,1.0704388618469238,10500
1986-02-14,0.0,1.5166670083999634,1.4333330392837524,1.4666670560836792,1.0827434062957764,68250
1986-02-18,0.0,1.5333329439163208,1.4833329916000366,1.5,1.1073508262634277,11250
1986-02-19,0.0,1.7000000476837158,1.5333329439163208,1.7000000476837158,1.2549971342086792,93750
1986-02-20,0.0,1.7000000476837158,1.600000023841858,1.649999976158142,1.2180856466293335,47250
1986-02-21,0.0,1.7000000476837158,1.6166670322418213,1.6833330392837524,1.2426936626434326,30750
1986-02-24,0.0,1.7000000476837158,1.6333329677581787,1.6333329677581787,1.2057815790176392,31500
1986-02-25,0.0,1.6666669845581055,1.6166670322418213,1.6666669845581055,1.2303900718688965,12750
1986-02-26,0.0,1.6333329677581787,1.600000023841858,1.600000023841858,1.1811739206314087,7500
1986-02-27,0.0,1.5666669607162476,1.5333329439163208,1.5666669607162476,1.1565667390823364,15750
1986-02-28,0.0,1.600000023841858,1.5333329439163208,1.5333329439163208,1.1319586038589478,32250
1986-03-03,0.0,1.5166670083999634,1.399999976158142,1.399999976158142,1.0335277318954468,34500
1986-03-04,0.0,1.3333330154418945,1.2833329439163208,1.2999999523162842,0.9597041010856628,33000
1986-03-05,0.0,1.3166669607162476,1.2833329439163208,1.3166669607162476,0.9720078706741333,13500
1986-03-06,0.0,1.3166669607162476,1.3166669607162476,1.3166669607162476,0.9720078706741333,1500
1986-03-07,0.0,1.3166669607162476,1.25,1.25,0.9227921962738037,15000
1986-03-10,0.0,1.2666670083999634,1.2166670560836792,1.2166670560836792,0.8981850147247314,11250
1986-03-11,0.0,1.2999999523162842,1.1666669845581055,1.2999999523162842,0.9597041010856628,45000
1986-03-12,0.0,1.350000023841858,1.2999999523162842,1.350000023841858,0.9966157674789429,9750
1986-03-13,0.0,1.399999976158142,1.3333330154418945,1.399999976158142,1.0335277318954468,15000
1986-03-14,0.0,1.4500000476837158,1.3333330154418945,1.3333330154418945,0.9843119978904724,27750
1986-03-17,0.0,1.350000023841858,1.350000023841858,1.350000023841858,0.9966157674789429,3750
1986-03-18,0.0,1.399999976158142,1.350000023841858,1.399999976158142,1.0335277318954468,7500
1986-03-19,0.0,1.3333330154418945,1.2999999523162842,1.3333330154418945,0.9843119978904724,16500
1986-03-20,0.0,1.350000023841858,1.3166669607162476,1.3166669607162476,0.9720078706741333,28500
1986-03-21,0.0,1.2999999523162842,1.2666670083999634,1.2999999523162842,0.9597041010856628,14250
1986-03-24,0.0,1.2833329439163208,1.2666670083999634,1.2666670083999634,0.9350966215133667,5250
1986-03-25,0.0,1.2833329439163208,1.25,1.2833329439163208,0.9473996758460999,3750
1986-03-26,0.0,1.3333330154418945,1.2666670083999634,1.2833329439163208,0.9473996758460999,30750
1986-03-27,0.0,1.3166669607162476,1.2999999523162842,1.3166669607162476,0.9720078706741333,4500
1986-03-31,0.0,1.2999999523162842,1.2833329439163208,1.2833329439163208,0.9473996758460999,2250
1986-04-01,0.0,1.2999999523162842,1.2999999523162842,1.2999999523162842,0.9597041010856628,750
1986-04-02,0.0,1.2999999523162842,1.2999999523162842,1.2999999523162842,0.9597041010856628,750
1986-04-03,0.0,1.2666670083999634,1.25,1.25,0.9227921962738037,12750
1986-04-04,0.0,1.2999999523162842,1.2000000476837158,1.2999999523162842,0.9597041010856628,15000
1986-04-07,1.2999999523162842,1.2999999523162842,1.2999999523162842,1.2999999523162842,0.9597041010856628,0
1986-04-08,1.2999999523162842,1.2999999523162842,1.2999999523162842,1.2999999523162842,0.9597041010856628,0
1986-04-09,0.0,1.3166669607162476,1.2999999523162842,1.3166669607162476,0.9720078706741333,5250
1986-04-10,0.0,1.3333330154418945,1.2833329439163208,1.2999999523162842,0.9597041010856628,10500
1986-04-11,0.0,1.2833329439163208,1.2833329439163208,1.2833329439163208,0.9473996758460999,1500
1986-04-14,0.0,1.2833329439163208,1.25,1.2833329439163208,0.9473996758460999,9750
1986-04-15,0.0,1.2999999523162842,1.2999999523162842,1.2999999523162842,0.9597041010856628,750
1986-04-16,0.0,1.2833329439163208,1.2166670560836792,1.25,0.9227921962738037,14250
1986-04-17,0.0,1.25,1.2333329916000366,1.25,0.9227921962738037,5250
1986-04-18,0.0,1.2333329916000366,1.2000000476837158,1.2333329916000366,0.9104884266853333,20250
1986-04-21,0.0,1.2333329916000366,1.2166670560836792,1.2166670560836792,0.8981850147247314,3000
1986-04-22,0.0,1.2333329916000366,1.1666669845581055,1.1666669845581055,0.8612730503082275,33750
1986-04-23,0.0,1.1833330392837524,1.1833330392837524,1.1833330392837524,0.8735766410827637,2250
1986-04-24,0.0,1.1833330392837524,1.1833330392837524,1.1833330392837524,0.8735766410827637,1500
1986-04-25,0.0,1.1666669845581055,1.1666669845581055,1.1666669845581055,0.8612730503082275,750
1986-04-28,0.0,1.149999976158142,1.1166670322418213,1.149999976158142,0.8489688038825989,11250
1986-04-29,0.0,1.2000000476837158,1.1666669845581055,1.1666669845581055,0.8612730503082275,15000
1986-04-30,1.1666669845581055,1.1666669845581055,1.1666669845581055,1.1666669845581055,0.8612730503082275,0
1986-05-01,0.0,1.149999976158142,1.1333329677581787,1.1333329677581787,0.8366648554801941,4500
1986-05-02,0.0,1.1166670322418213,1.100000023841858,1.100000023841858,0.8120571374893188,7500
1986-05-05,1.100000023841858,1.100000023841858,1.100000023841858,1.100000023841858,0.8120571374893188,0
1986-05-06,0.0,1.100000023841858,1.0833330154418945,1.100000023841858,0.8120571374893188,3000
1986-05-07,0.0,1.0833330154418945,1.0666669607162476,1.0666669607162476,0.7874495387077332,12750
1986-05-08,1.0666669607162476,1.0666669607162476,1.0666669607162476,1.0666669607162476,0.7874495387077332,0
1986-05-09,0.0,1.0833330154418945,1.0666669607162476,1.0666669607162476,0.7874495387077332,14250
1986-05-12,0.0,1.0833330154418945,1.0666669607162476,1.0833330154418945,0.7997531890869141,9000
1986-05-13,0.0,1.0833330154418945,1.0666669607162476,1.0666669607162476,0.7874495387077332,8250
1986-05-14,1.0666669607162476,1.0666669607162476,1.0666669607162476,1.0666669607162476,0.7874495387077332,0
1986-05-15,0.0,1.0499999523162842,1.0499999523162842,1.0499999523162842,0.775145411491394,750
1986-05-16,1.0499999523162842,1.0499999523162842,1.0499999523162842,1.0499999523162842,0.775145411491394,0
1986-05-19,1.0499999523162842,1.0499999523162842,1.0499999523162842,1.0499999523162842,0.775145411491394,0
1986-05-20,0.0,1.0333329439163208,1.0166670083999634,1.0166670083999634,0.7505379915237427,24000
1986-05-21,0.0,1.0,1.0,1.0,0.7382338047027588,750
1986-05-22,0.0,1.0333329439163208,1.0166670083999634,1.0333329439163208,0.7628412246704102,31500
1986-05-23,0.0,1.0333329439163208,1.0333329439163208,1.0333329439163208,0.7628412246704102,12750
1986-05-27,1.0333329439163208,1.0333329439163208,1.0333329439163208,1.0333329439163208,0.7628412246704102,0
1986-05-28,0.0,1.0666669607162476,1.0333329439163208,1.0499999523162842,0.775145411491394,70500
1986-05-29,0.0,1.0333329439163208,0.9833329916000366,1.0166670083999634,0.7505379915237427,31500
1986-05-30,1.0166670083999634,1.0166670083999634,1.0166670083999634,1.0166670083999634,0.7505379915237427,0
1986-06-02,0.0,1.0166670083999634,1.0166670083999634,1.0166670083999634,0.7505379915237427,7500
1986-06-03,0.0,1.0166670083999634,1.0166670083999634,1.0166670083999634,0.7505379915237427,750
1986-06-04,0.0,1.0333329439163208,1.0333329439163208,1.0333329439163208,0.7628412246704102,7500
1986-06-05,0.0,1.0333329439163208,1.0333329439163208,1.0333329439163208,0.7628412246704102,6000
1986-06-06,1.0333329439163208,1.0333329439163208,1.0333329439163208,1.0333329439163208,0.7628412246704102,0
1986-06-09,0.0,1.0,1.0,1.0,0.7382338047027588,11250
1986-06-10,1.0,1.0,1.0,1.0,0.7382338047027588,0
1986-06-11,1.0,1.0,1.0,1.0,0.7382338047027588,0
1986-06-12,0.0,0.9833329916000366,0.9833329916000366,0.9833329916000366,0.7259297370910645,1500
1986-06-13,0.0,0.9666669964790344,0.9333329796791077,0.9666669964790344,0.7136264443397522,10500
1986-06-16,0.0,0.949999988079071,0.949999988079071,0.949999988079071,0.7013221979141235,4500
1986-06-17,0.0,0.9666669964790344,0.9666669964790344,0.9666669964790344,0.7136264443397522,7500
1986-06-18,0.0,0.9833329916000366,0.9833329916000366,0.9833329916000366,0.7259297370910645,7500
1986-06-19,0.0,0.9833329916000366,0.9833329916000366,0.9833329916000366,0.7259297370910645,5250
1986-06-20,0.0,0.9833329916000366,0.9666669964790344,0.9833329916000366,0.7259297370910645,5250
1986-06-23,0.0,1.0,0.9833329916000366,0.9833329916000366,0.7259297370910645,22500
1986-06-24,0.0,0.9833329916000366,0.9666669964790344,0.9666669964790344,0.7136264443397522,8250
1986-06-25,0.0,0.9833329916000366,0.9833329916000366,0.9833329916000366,0.7259297370910645,7500
1986-06-26,0.9833329916000366,0.9833329916000366,0.9833329916000366,0.9833329916000366,0.7259297370910645,0
1986-06-27,0.0,0.9833329916000366,0.9833329916000366,0.9833329916000366,0.7259297370910645,7500
1986-06-30,0.0,0.9666669964790344,0.9666669964790344,0.9666669964790344,0.7136264443397522,3750
1986-07-01,0.9666669964790344,0.9666669964790344,0.9666669964790344,0.9666669964790344,0.7136264443397522,0
1986-07-02,0.0,1.0666669607162476,1.0,1.0666669607162476,0.7874495387077332,45000
1986-07-03,0.0,1.0333329439163208,0.9833329916000366,1.0,0.7382338047027588,41250
1986-07-07,0.0,0.9833329916000366,0.9666669964790344,0.9666669964790344,0.7136264443397522,15000
1986-07-08,0.9666669964790344,0.9666669964790344,0.9666669964790344,0.9666669964790344,0.7136264443397522,0
1986-07-09,0.9666669964790344,0.9666669964790344,0.9666669964790344,0.9666669964790344,0.7136264443397522,0
1986-07-10,0.9666669964790344,0.9666669964790344,0.9666669964790344,0.9666669964790344,0.7136264443397522,0
1986-07-11,0.0,0.9833329916000366,0.9833329916000366,0.9833329916000366,0.7259297370910645,2250
1986-07-14,0.0,0.9666669964790344,0.949999988079071,0.949999988079071,0.7013221979141235,9000
1986-07-15,0.0,0.9666669964790344,0.9666669964790344,0.9666669964790344,0.7136264443397522,15000
1986-07-16,0.9666669964790344,0.9666669964790344,0.9666669964790344,0.9666669964790344,0.7136264443397522,0
1986-07-17,0.0,0.9333329796791077,0.9333329796791077,0.9333329796791077,0.689018189907074,1500
1986-07-18,0.9333329796791077,0.9333329796791077,0.9333329796791077,0.9333329796791077,0.689018189907074,0
1986-07-21,0.0,0.9333329796791077,0.9333329796791077,0.9333329796791077,0.689018189907074,3750
1986-07-22,0.9333329796791077,0.9333329796791077,0.9333329796791077,0.9333329796791077,0.689018189907074,0
1986-07-23,0.9333329796791077,0.9333329796791077,0.9333329796791077,0.9333329796791077,0.689018189907074,0
1986-07-24,0.9333329796791077,0.9333329796791077,0.9333329796791077,0.9333329796791077,0.689018189907074,0
1986-07-25,0.0,0.9333329796791077,0.9333329796791077,0.9333329796791077,0.689018189907074,750
1986-07-28,0.0,0.8999999761581421,0.8833330273628235,0.8833330273628235,0.6521065831184387,8250
1986-07-29,0.8833330273628235,0.8833330273628235,0.8833330273628235,0.8833330273628235,0.6521065831184387,0
1986-07-30,0.8833330273628235,0.8833330273628235,0.8833330273628235,0.8833330273628235,0.6521065831184387,0
1986-07-31,0.0,0.8666669726371765,0.8666669726371765,0.8666669726371765,0.6398029923439026,1500
1986-08-01,0.8666669726371765,0.8666669726371765,0.8666669726371765,0.8666669726371765,0.6398029923439026,0
1986-08-04,0.8666669726371765,0.8666669726371765,0.8666669726371765,0.8666669726371765,0.6398029923439026,0
1986-08-05,0.8666669726371765,0.8666669726371765,0.8666669726371765,0.8666669726371765,0.6398029923439026,0
1986-08-06,0.0,0.8500000238418579,0.8500000238418579,0.8500000238418579,0.6274985671043396,3750
1986-08-07,0.0,0.8666669726371765,0.8666669726371765,0.8666669726371765,0.6398029923439026,14250
1986-08-08,0.0,0.8500000238418579,0.8166670203208923,0.8166670203208923,0.6028912663459778,39750
1986-08-11,0.0,0.8666669726371765,0.8333330154418945,0.8666669726371765,0.6398029923439026,6000
1986-08-12,0.0,0.8999999761581421,0.8833330273628235,0.8999999761581421,0.6644105315208435,3750
1986-08-13,0.0,0.9666669964790344,0.9166669845581055,0.949999988079071,0.7013221979141235,39750
1986-08-14,0.0,1.0166670083999634,0.949999988079071,1.0,0.7382338047027588,27000
1986-08-15,0.0,1.0333329439163208,1.0166670083999634,1.0333329439163208,0.7628412246704102,12750
1986-08-18,0.0,1.0333329439163208,1.0333329439163208,1.0333329439163208,0.7628412246704102,9000
1986-08-19,0.0,1.0166670083999634,0.9666669964790344,0.9666669964790344,0.7136264443397522,9750
1986-08-20,0.0,0.9833329916000366,0.8999999761581421,0.8999999761581421,0.6644105315208435,10500
1986-08-21,0.0,0.8999999761581421,0.8333330154418945,0.8999999761581421,0.6644105315208435,14250
1986-08-22,0.0,0.9166669845581055,0.8999999761581421,0.9166669845581055,0.6767147779464722,9000
1986-08-25,0.0,0.9333329796791077,0.9166669845581055,0.9333329796791077,0.689018189907074,11250
1986-08-26,0.0,0.9333329796791077,0.9333329796791077,0.9333329796791077,0.689018189907074,1500
1986-08-27,0.0,0.949999988079071,0.9166669845581055,0.949999988079071,0.7013221979141235,16500
1986-08-28,0.0,0.949999988079071,0.9333329796791077,0.9333329796791077,0.689018189907074,8250
1986-08-29,0.0,0.9333329796791077,0.9166669845581055,0.9333329796791077,0.689018189907074,6750
1986-09-02,0.9333329796791077,0.9333329796791077,0.9333329796791077,0.9333329796791077,0.689018189907074,0
1986-09-03,0.0,0.9166669845581055,0.8999999761581421,0.8999999761581421,0.6644105315208435,6000
1986-09-04,0.0,0.8999999761581421,0.8833330273628235,0.8833330273628235,0.6521065831184387,3750
1986-09-05,0.0,0.8999999761581421,0.8999999761581421,0.8999999761581421,0.6644105315208435,1500
1986-09-08,0.0,0.8833330273628235,0.8833330273628235,0.8833330273628235,0.6521065831184387,12000
1986-09-09,0.0,0.9166669845581055,0.8999999761581421,0.9166669845581055,0.6767147779464722,12000
1986-09-10,0.0,0.9166669845581055,0.8999999761581421,0.9166669845581055,0.6767147779464722,7500
1986-09-11,0.0,0.9166669845581055,0.8833330273628235,0.9166669845581055,0.6767147779464722,6750
1986-09-12,0.0,0.8999999761581421,0.8999999761581421,0.8999999761581421,0.6644105315208435,3000
1986-09-15,0.0,0.9166669845581055,0.9166669845581055,0.9166669845581055,0.6767147779464722,750
1986-09-16,0.0,0.8666669726371765,0.8666669726371765,0.8666669726371765,0.6398029923439026,21750
1986-09-17,0.0,0.8666669726371765,0.8666669726371765,0.8666669726371765,0.6398029923439026,1500
1986-09-18,0.8666669726371765,0.8666669726371765,0.8666669726371765,0.8666669726371765,0.6398029923439026,0
1986-09-19,0.8666669726371765,0.8666669726371765,0.8666669726371765,0.8666669726371765,0.6398029923439026,0
1986-09-22,0.0,0.8666669726371765,0.8666669726371765,0.8666669726371765,0.6398029923439026,3750
1986-09-23,0.0,0.9166669845581055,0.8833330273628235,0.8999999761581421,0.6644105315208435,6000
1986-09-24,0.0,0.8999999761581421,0.8999999761581421,0.8999999761581421,0.6644105315208435,750
1986-09-25,0.0,0.8999999761581421,0.8999999761581421,0.8999999761581421,0.6644105315208435,3000
1986-09-26,0.8999999761581421,0.8999999761581421,0.8999999761581421,0.8999999761581421,0.6644105315208435,0
1986-09-29,0.8999999761581421,0.8999999761581421,0.8999999761581421,0.8999999761581421,0.6644105315208435,0
1986-09-30,0.0,0.8833330273628235,0.8500000238418579,0.8833330273628235,0.6521065831184387,14250
1986-10-01,0.0,0.8833330273628235,0.8333330154418945,0.8500000238418579,0.6274985671043396,8250
1986-10-02,0.0,0.8500000238418579,0.8500000238418579,0.8500000238418579,0.6274985671043396,1500
1986-10-03,0.8500000238418579,0.8500000238418579,0.8500000238418579,0.8500000238418579,0.6274985671043396,0
1986-10-06,0.8500000238418579,0.8500000238418579,0.8500000238418579,0.8500000238418579,0.6274985671043396,0
1986-10-07,0.0,0.8500000238418579,0.8333330154418945,0.8500000238418579,0.6274985671043396,7500
1986-10-08,0.0,0.8500000238418579,0.8333330154418945,0.8500000238418579,0.6274985671043396,2250
1986-10-09,0.8500000238418579,0.8500000238418579,0.8500000238418579,0.8500000238418579,0.6274985671043396,0
1986-10-10,0.8500000238418579,0.8500000238418579,0.8500000238418579,0.8500000238418579,0.6274985671043396,0
1986-10-13,0.0,0.8333330154418945,0.8333330154418945,0.8333330154418945,0.6151946783065796,1500
1986-10-14,0.0,0.8833330273628235,0.8500000238418579,0.8833330273628235,0.6521065831184387,16500
1986-10-15,0.0,0.8999999761581421,0.8833330273628235,0.8999999761581421,0.6644105315208435,3000
1986-10-16,0.0,0.9166669845581055,0.8833330273628235,0.9166669845581055,0.6767147779464722,9750
1986-10-17,0.0,0.9166669845581055,0.8999999761581421,0.9166669845581055,0.6767147779464722,4500
1986-10-20,0.0,0.9333329796791077,0.9166669845581055,0.9333329796791077,0.689018189907074,9000
1986-10-21,0.0,0.9333329796791077,0.9166669845581055,0.9333329796791077,0.689018189907074,2250
1986-10-22,0.0,0.9166669845581055,0.9166669845581055,0.9166669845581055,0.6767147779464722,750
1986-10-23,0.0,0.9166669845581055,0.8999999761581421,0.9166669845581055,0.6767147779464722,24750
1986-10-24,0.0,0.9166669845581055,0.8833330273628235,0.9166669845581055,0.6767147779464722,24750
1986-10-27,0.0,0.8999999761581421,0.8999999761581421,0.8999999761581421,0.6644105315208435,1500
1986-10-28,0.0,0.8833330273628235,0.8833330273628235,0.8833330273628235,0.6521065831184387,3750
1986-10-29,0.0,0.8666669726371765,0.8666669726371765,0.8666669726371765,0.6398029923439026,3000
1986-10-30,0.0,0.9166669845581055,0.8833330273628235,0.8833330273628235,0.6521065831184387,15000
1986-10-31,0.8833330273628235,0.8833330273628235,0.8833330273628235,0.8833330273628235,0.6521065831184387,0
1986-11-03,0.0,0.8666669726371765,0.8666669726371765,0.8666669726371765,0.6398029923439026,14250
1986-11-04,0.0,0.8833330273628235,0.8666669726371765,0.8833330273628235,0.6521065831184387,38250
1986-11-05,0.8833330273628235,0.8833330273628235,0.8833330273628235,0.8833330273628235,0.6521065831184387,0
1986-11-06,0.0,0.8833330273628235,0.8666669726371765,0.8666669726371765,0.6398029923439026,11250
1986-11-07,0.0,0.8666669726371765,0.8500000238418579,0.8500000238418579,0.6274985671043396,3000
1986-11-10,0.0,0.8833330273628235,0.8666669726371765,0.8833330273628235,0.6521065831184387,8250
1986-11-11,0.0,0.8999999761581421,0.8833330273628235,0.8999999761581421,0.6644105315208435,20250
1986-11-12,0.0,0.949999988079071,0.8833330273628235,0.949999988079071,0.7013221979141235,88500
1986-11-13,0.0,0.9666669964790344,0.949999988079071,0.949999988079071,0.7013221979141235,45000
1986-11-14,0.0,0.9333329796791077,0.9333329796791077,0.9333329796791077,0.689018189907074,1500
1986-11-17,0.0,0.8999999761581421,0.8999999761581421,0.8999999761581421,0.6644105315208435,37500
1986-11-18,0.0,0.8833330273628235,0.8833330273628235,0.8833330273628235,0.6521065831184387,22500
1986-11-19,0.0,0.8666669726371765,0.8666669726371765,0.8666669726371765,0.6398029923439026,1500
1986-11-20,0.0,0.8999999761581421,0.8666669726371765,0.8999999761581421,0.6644105315208435,38250
1986-11-21,0.8999999761581421,0.8999999761581421,0.8999999761581421,0.8999999761581421,0.6644105315208435,0
1986-11-24,0.0,0.8999999761581421,0.8833330273628235,0.8999999761581421,0.6644105315208435,30000
1986-11-25,0.0,0.8999999761581421,0.8833330273628235,0.8999999761581421,0.6644105315208435,1500
1986-11-26,0.0,0.8999999761581421,0.8999999761581421,0.8999999761581421,0.6644105315208435,750
1986-11-28,0.8999999761581421,0.8999999761581421,0.8999999761581421,0.8999999761581421,0.6644105315208435,0
1986-12-01,0.0,0.8833330273628235,0.8333330154418945,0.8333330154418945,0.6151946783065796,10500
1986-12-02,0.0,0.8833330273628235,0.8500000238418579,0.8833330273628235,0.6521065831184387,12000
1986-12-03,0.0,0.8999999761581421,0.8833330273628235,0.8833330273628235,0.6521065831184387,62250
1986-12-04,0.0,0.8666669726371765,0.8666669726371765,0.8666669726371765,0.6398029923439026,7500
1986-12-05,0.0,0.8833330273628235,0.8666669726371765,0.8666669726371765,0.6398029923439026,6750
1986-12-08,0.0,0.8500000238418579,0.8333330154418945,0.8333330154418945,0.6151946783065796,7500
1986-12-09,0.0,0.8166670203208923,0.7833330035209656,0.7833330035209656,0.5782830715179443,17250
1986-12-10,0.0,0.8166670203208923,0.7666670083999634,0.8166670203208923,0.6028912663459778,24750
1986-12-11,0.0,0.8333330154418945,0.800000011920929,0.800000011920929,0.5905869603157043,15000
1986-12-12,0.0,0.8166670203208923,0.800000011920929,0.800000011920929,0.5905869603157043,3000
1986-12-15,0.800000011920929,0.800000011920929,0.800000011920929,0.800000011920929,0.5905869603157043,0
1986-12-16,0.0,0.800000011920929,0.75,0.75,0.5536754131317139,30750
1986-12-17,0.0,0.7333329916000366,0.699999988079071,0.7333329916000366,0.54137122631073,72750
1986-12-18,0.0,0.75,0.7166669964790344,0.75,0.5536754131317139,7500
1986-12-19,0.0,0.75,0.7166669964790344,0.7166669964790344,0.529067873954773,57750
1986-12-22,0.0,0.7333329916000366,0.699999988079071,0.699999988079071,0.5167638659477234,12000
1986-12-23,0.0,0.699999988079071,0.699999988079071,0.699999988079071,0.5167638659477234,17250
1986-12-24,0.0,0.7333329916000366,0.699999988079071,0.7333329916000366,0.54137122631073,4500
1986-12-26,0.0,0.7833330035209656,0.7333329916000366,0.7833330035209656,0.5782830715179443,11250
1986-12-29,0.0,0.8166670203208923,0.800000011920929,0.800000011920929,0.5905869603157043,15750
1986-12-30,0.0,0.800000011920929,0.7666670083999634,0.800000011920929,0.5905869603157043,6750
1986-12-31,0.0,0.7833330035209656,0.7333329916000366,0.75,0.5536754131317139,23250
1987-01-02,0.0,0.800000011920929,0.75,0.75,0.5536754131317139,23250
1987-01-05,0.0,0.7833330035209656,0.7666670083999634,0.7833330035209656,0.5782830715179443,9750
1987-01-06,0.0,0.7833330035209656,0.7666670083999634,0.7666670083999634,0.565979540348053,5250
1987-01-07,0.0,0.800000011920929,0.75,0.800000011920929,0.5905869603157043,12000
1987-01-08,0.0,0.8500000238418579,0.8166670203208923,0.8500000238418579,0.6274985671043396,9750
1987-01-09,0.0,0.9333329796791077,0.8666669726371765,0.9333329796791077,0.689018189907074,37500
1987-01-12,0.0,0.9166669845581055,0.9166669845581055,0.9166669845581055,0.6767147779464722,7500
1987-01-13,0.0,0.9333329796791077,0.9333329796791077,0.9333329796791077,0.689018189907074,7500
1987-01-14,0.0,0.8999999761581421,0.8833330273628235,0.8833330273628235,0.6521065831184387,18750
1987-01-15,0.0,0.8666669726371765,0.8333330154418945,0.8333330154418945,0.6151946783065796,11250
1987-01-16,0.0,0.8833330273628235,0.8333330154418945,0.8833330273628235,0.6521065831184387,20250
1987-01-19,0.0,0.9333329796791077,0.8500000238418579,0.9166669845581055,0.6767147779464722,47250
1987-01-20,0.0,0.9166669845581055,0.8999999761581421,0.9166669845581055,0.6767147779464722,8250
1987-01-21,0.0,0.9166669845581055,0.8999999761581421,0.9166669845581055,0.6767147779464722,3000
1987-01-22,0.0,0.9333329796791077,0.9166669845581055,0.9333329796791077,0.689018189907074,27000
1987-01-23,0.0,0.9666669964790344,0.9333329796791077,0.9666669964790344,0.7136264443397522,15000
1987-01-26,0.0,0.9833329916000366,0.949999988079071,0.9833329916000366,0.7259297370910645,9750
1987-01-27,0.0,1.0833330154418945,0.9833329916000366,1.0499999523162842,0.775145411491394,40500
1987-01-28,0.0,1.0666669607162476,1.0499999523162842,1.0666669607162476,0.7874495387077332,12750
1987-01-29,0.0,1.149999976158142,1.0499999523162842,1.1166670322418213,0.8243616223335266,37500
1987-01-30,0.0,1.1333329677581787,1.0666669607162476,1.0666669607162476,0.7874495387077332,10500
1987-02-02,0.0,1.0833330154418945,1.0333329439163208,1.0333329439163208,0.7628412246704102,9750
1987-02-03,0.0,1.0333329439163208,1.0,1.0166670083999634,0.7505379915237427,10500
1987-02-04,0.0,1.0166670083999634,0.9666669964790344,0.9833329916000366,0.7259297370910645,12750
1987-02-05,0.0,1.0,0.9333329796791077,1.0,0.7382338047027588,18750
1987-02-06,0.0,1.0166670083999634,0.9333329796791077,0.9333329796791077,0.689018189907074,19500
1987-02-09,0.0,0.9333329796791077,0.9166669845581055,0.9333329796791077,0.689018189907074,4500
1987-02-10,0.9333329796791077,0.9333329796791077,0.9333329796791077,0.9333329796791077,0.689018189907074,0
1987-02-11,0.9333329796791077,0.9333329796791077,0.9333329796791077,0.9333329796791077,0.689018189907074,0
1987-02-12,0.0,0.9333329796791077,0.9333329796791077,0.9333329796791077,0.689018189907074,7500
1987-02-13,0.0,0.9666669964790344,0.9166669845581055,0.9666669964790344,0.7136264443397522,8250
1987-02-17,0.0,0.9833329916000366,0.9333329796791077,0.949999988079071,0.7013221979141235,27000
1987-02-18,0.0,0.9666669964790344,0.949999988079071,0.949999988079071,0.7013221979141235,8250
1987-02-19,0.949999988079071,0.949999988079071,0.949999988079071,0.949999988079071,0.7013221979141235,0
1987-02-20,0.0,0.9833329916000366,0.949999988079071,0.9833329916000366,0.7259297370910645,6750
1987-02-23,0.0,1.0833330154418945,1.0,1.0833330154418945,0.7997531890869141,27750
1987-02-24,0.0,1.1833330392837524,1.0833330154418945,1.1666669845581055,0.8612730503082275,83250
1987-02-25,0.0,1.149999976158142,1.0833330154418945,1.100000023841858,0.8120571374893188,25500
1987-02-26,0.0,1.1166670322418213,1.0666669607162476,1.1166670322418213,0.8243616223335266,24750
1987-02-27,0.0,1.100000023841858,1.0666669607162476,1.100000023841858,0.8120571374893188,30000
1987-03-02,0.0,1.1333329677581787,1.0833330154418945,1.1166670322418213,0.8243616223335266,15000
1987-03-03,0.0,1.1333329677581787,1.100000023841858,1.100000023841858,0.8120571374893188,7500
1987-03-04,0.0,1.1166670322418213,1.0666669607162476,1.0666669607162476,0.7874495387077332,9000
1987-03-05,0.0,1.0833330154418945,1.0833330154418945,1.0833330154418945,0.7997531890869141,750
1987-03-06,0.0,1.1166670322418213,1.100000023841858,1.100000023841858,0.8120571374893188,7500
1987-03-09,1.100000023841858,1.100000023841858,1.100000023841858,1.100000023841858,0.8120571374893188,0
1987-03-10,0.0,1.149999976158142,1.1166670322418213,1.149999976158142,0.8489688038825989,11250
1987-03-11,1.149999976158142,1.149999976158142,1.149999976158142,1.149999976158142,0.8489688038825989,0
1987-03-12,1.149999976158142,1.149999976158142,1.149999976158142,1.149999976158142,0.8489688038825989,0
1987-03-13,0.0,1.1333329677581787,1.1333329677581787,1.1333329677581787,0.8366648554801941,1500
1987-03-16,0.0,1.1166670322418213,1.0833330154418945,1.0833330154418945,0.7997531890869141,3750
1987-03-17,0.0,1.100000023841858,1.100000023841858,1.100000023841858,0.8120571374893188,1500
1987-03-18,0.0,1.149999976158142,1.100000023841858,1.100000023841858,0.8120571374893188,12750
1987-03-19,0.0,1.2166670560836792,1.1333329677581787,1.2166670560836792,0.8981850147247314,43500
1987-03-20,0.0,1.25,1.2000000476837158,1.2000000476837158,0.885880708694458,19500
1987-03-23,0.0,1.2666670083999634,1.1833330392837524,1.2666670083999634,0.9350966215133667,48000
1987-03-24,0.0,1.2333329916000366,1.2000000476837158,1.2166670560836792,0.8981850147247314,27000
1987-03-25,0.0,1.2333329916000366,1.2000000476837158,1.2000000476837158,0.885880708694458,31500
1987-03-26,0.0,1.2333329916000366,1.2166670560836792,1.2166670560836792,0.8981850147247314,9000
1987-03-27,0.0,1.1833330392837524,1.1833330392837524,1.1833330392837524,0.8735766410827637,3000
1987-03-30,0.0,1.1666669845581055,1.1333329677581787,1.1333329677581787,0.8366648554801941,3000
1987-03-31,0.0,1.1666669845581055,1.1666669845581055,1.1666669845581055,0.8612730503082275,3750
1987-04-01,0.0,1.2000000476837158,1.1833330392837524,1.2000000476837158,0.885880708694458,3750
1987-04-02,0.0,1.2000000476837158,1.2000000476837158,1.2000000476837158,0.885880708694458,2250
1987-04-03,0.0,1.25,1.2000000476837158,1.25,0.9227921962738037,14250
1987-04-06,0.0,1.2833329439163208,1.2166670560836792,1.25,0.9227921962738037,33000
1987-04-07,0.0,1.25,1.2000000476837158,1.2166670560836792,0.8981850147247314,17250
1987-04-08,0.0,1.2333329916000366,1.2000000476837158,1.2333329916000366,0.9104884266853333,6000
1987-04-09,0.0,1.2166670560836792,1.1833330392837524,1.2000000476837158,0.885880708694458,6000
1987-04-10,0.0,1.1833330392837524,1.1833330392837524,1.1833330392837524,0.8735766410827637,3000
1987-04-13,0.0,1.2000000476837158,1.149999976158142,1.1666669845581055,0.8612730503082275,10500
1987-04-14,0.0,1.1666669845581055,1.149999976158142,1.1666669845581055,0.8612730503082275,2250
1987-04-15,0.0,1.1666669845581055,1.1333329677581787,1.1666669845581055,0.8612730503082275,27750
1987-04-16,0.0,1.25,1.1833330392837524,1.2166670560836792,0.8981850147247314,23250
1987-04-20,0.0,1.25,1.2333329916000366,1.25,0.9227921962738037,24000
1987-04-21,0.0,1.25,1.25,1.25,0.9227921962738037,22500
1987-04-22,0.0,1.3333330154418945,1.2666670083999634,1.2999999523162842,0.9597041010856628,54750
1987-04-23,0.0,1.4333330392837524,1.2833329439163208,1.3833329677581787,1.0212229490280151,96750
1987-04-24,0.0,1.3833329677581787,1.3333330154418945,1.3833329677581787,1.0212229490280151,27000
1987-04-27,0.0,1.4166669845581055,1.350000023841858,1.399999976158142,1.0335277318954468,52500
1987-04-28,0.0,1.4166669845581055,1.350000023841858,1.3833329677581787,1.0212229490280151,24000
1987-04-29,0.0,1.399999976158142,1.3666670322418213,1.399999976158142,1.0335277318954468,12000
1987-04-30,0.0,1.399999976158142,1.399999976158142,1.399999976158142,1.0335277318954468,23250
1987-05-01,0.0,1.4166669845581055,1.3833329677581787,1.3833329677581787,1.0212229490280151,32250
1987-05-04,0.0,1.350000023841858,1.350000023841858,1.350000023841858,0.9966157674789429,2250
1987-05-05,0.0,1.3333330154418945,1.2999999523162842,1.3333330154418945,0.9843119978904724,15000
1987-05-06,0.0,1.3333330154418945,1.2999999523162842,1.3333330154418945,0.9843119978904724,13500
1987-05-07,0.0,1.3333330154418945,1.2999999523162842,1.3333330154418945,0.9843119978904724,3750
1987-05-08,0.0,1.350000023841858,1.3333330154418945,1.350000023841858,0.9966157674789429,11250
1987-05-11,0.0,1.350000023841858,1.2999999523162842,1.3166669607162476,0.9720078706741333,13500
1987-05-12,1.3166669607162476,1.3166669607162476,1.3166669607162476,1.3166669607162476,0.9720078706741333,0
1987-05-13,0.0,1.2999999523162842,1.2999999523162842,1.2999999523162842,0.9597041010856628,1500
1987-05-14,0.0,1.2833329439163208,1.2666670083999634,1.2666670083999634,0.9350966215133667,13500
1987-05-15,0.0,1.2833329439163208,1.2000000476837158,1.2000000476837158,0.885880708694458,12000
1987-05-18,0.0,1.1833330392837524,1.0666669607162476,1.1166670322418213,0.8243616223335266,30750
1987-05-19,0.0,1.1333329677581787,1.0666669607162476,1.0666669607162476,0.7874495387077332,7500
1987-05-20,0.0,1.0666669607162476,1.0666669607162476,1.0666669607162476,0.7874495387077332,5250
1987-05-21,0.0,1.0499999523162842,1.0333329439163208,1.0333329439163208,0.7628412246704102,2250
1987-05-22,0.0,1.0499999523162842,1.0166670083999634,1.0333329439163208,0.7628412246704102,7500
1987-05-26,0.0,1.100000023841858,1.0499999523162842,1.100000023841858,0.8120571374893188,13500
1987-05-27,0.0,1.1333329677581787,1.100000023841858,1.1333329677581787,0.8366648554801941,11250
1987-05-28,0.0,1.100000023841858,1.100000023841858,1.100000023841858,0.8120571374893188,1500
1987-05-29,1.100000023841858,1.100000023841858,1.100000023841858,1.100000023841858,0.8120571374893188,0
1987-06-01,0.0,1.100000023841858,1.0666669607162476,1.100000023841858,0.8120571374893188,12000
1987-06-02,1.100000023841858,1.100000023841858,1.100000023841858,1.100000023841858,0.8120571374893188,0
1987-06-03,0.0,1.100000023841858,1.100000023841858,1.100000023841858,0.8120571374893188,1500
1987-06-04,1.100000023841858,1.100000023841858,1.100000023841858,1.100000023841858,0.8120571374893188,0
1987-06-05,1.100000023841858,1.100000023841858,1.100000023841858,1.100000023841858,0.8120571374893188,0
1987-06-08,1.100000023841858,1.100000023841858,1.100000023841858,1.100000023841858,0.8120571374893188,0
1987-06-09,1.100000023841858,1.100000023841858,1.100000023841858,1.100000023841858,0.8120571374893188,0
1987-06-10,1.100000023841858,1.100000023841858,1.100000023841858,1.100000023841858,0.8120571374893188,0
1987-06-11,0.0,1.100000023841858,1.0666669607162476,1.0833330154418945,0.7997531890869141,8250
1987-06-12,0.0,1.0666669607162476,1.0666669607162476,1.0666669607162476,0.7874495387077332,2250
1987-06-15,0.0,1.0833330154418945,1.0833330154418945,1.0833330154418945,0.7997531890869141,2250
1987-06-16,0.0,1.100000023841858,1.100000023841858,1.100000023841858,0.8120571374893188,750
1987-06-17,0.0,1.100000023841858,1.100000023841858,1.100000023841858,0.8120571374893188,6000
1987-06-18,0.0,1.1166670322418213,1.1166670322418213,1.1166670322418213,0.8243616223335266,5250
1987-06-19,0.0,1.1333329677581787,1.1333329677581787,1.1333329677581787,0.8366648554801941,2250
1987-06-22,0.0,1.149999976158142,1.100000023841858,1.100000023841858,0.8120571374893188,4500
1987-06-23,0.0,1.100000023841858,1.0833330154418945,1.0833330154418945,0.7997531890869141,8250
1987-06-24,0.0,1.1166670322418213,1.0666669607162476,1.0833330154418945,0.7997531890869141,18750
1987-06-25,0.0,1.100000023841858,1.0666669607162476,1.0833330154418945,0.7997531890869141,10500
1987-06-26,0.0,1.100000023841858,1.0666669607162476,1.100000023841858,0.8120571374893188,52500
1987-06-29,0.0,1.1833330392837524,1.1166670322418213,1.1833330392837524,0.8735766410827637,13500
1987-06-30,0.0,1.2999999523162842,1.1833330392837524,1.2999999523162842,0.9597041010856628,23250
1987-07-01,0.0,1.3833329677581787,1.3166669607162476,1.3333330154418945,0.9843119978904724,93000
1987-07-02,1.3333330154418945,1.3333330154418945,1.3333330154418945,1.3333330154418945,0.9843119978904724,0
1987-07-06,0.0,1.2999999523162842,1.2666670083999634,1.2666670083999634,0.9350966215133667,11250
1987-07-07,0.0,1.25,1.1166670322418213,1.1333329677581787,0.8366648554801941,41250
1987-07-08,0.0,1.2000000476837158,1.149999976158142,1.2000000476837158,0.885880708694458,12750
1987-07-09,0.0,1.2166670560836792,1.2000000476837158,1.2166670560836792,0.8981850147247314,9000
1987-07-10,0.0,1.2833329439163208,1.2333329916000366,1.2833329439163208,0.9473996758460999,12000
1987-07-13,0.0,1.2833329439163208,1.2833329439163208,1.2833329439163208,0.9473996758460999,2250
1987-07-14,0.0,1.2666670083999634,1.25,1.2666670083999634,0.9350966215133667,5250
1987-07-15,0.0,1.3166669607162476,1.2833329439163208,1.3166669607162476,0.9720078706741333,15750
1987-07-16,0.0,1.3166669607162476,1.3166669607162476,1.3166669607162476,0.9720078706741333,6750
1987-07-17,0.0,1.3166669607162476,1.2833329439163208,1.2999999523162842,0.9597041010856628,12750
1987-07-20,0.0,1.2666670083999634,1.2333329916000366,1.25,0.9227921962738037,9000
1987-07-21,1.25,1.25,1.25,1.25,0.9227921962738037,0
1987-07-22,0.0,1.25,1.25,1.25,0.9227921962738037,1500
1987-07-23,0.0,1.2833329439163208,1.2333329916000366,1.25,0.9227921962738037,15000
1987-07-24,0.0,1.2999999523162842,1.25,1.2999999523162842,0.9597041010856628,21000
1987-07-27,0.0,1.2999999523162842,1.2999999523162842,1.2999999523162842,0.9597041010856628,4500
1987-07-28,0.0,1.2999999523162842,1.25,1.2666670083999634,0.9350966215133667,14250
1987-07-29,0.0,1.2666670083999634,1.2666670083999634,1.2666670083999634,0.9350966215133667,2250
1987-07-30,0.0,1.2666670083999634,1.25,1.2666670083999634,0.9350966215133667,13500
1987-07-31,0.0,1.2666670083999634,1.2666670083999634,1.2666670083999634,0.9350966215133667,2250
1987-08-03,0.0,1.2333329916000366,1.2000000476837158,1.2000000476837158,0.885880708694458,14250
1987-08-04,0.0,1.2333329916000366,1.1833330392837524,1.1833330392837524,0.8735766410827637,6750
1987-08-05,0.0,1.1833330392837524,1.1833330392837524,1.1833330392837524,0.8735766410827637,1500
1987-08-06,0.0,1.1666669845581055,1.1333329677581787,1.1333329677581787,0.8366648554801941,11250
1987-08-07,1.1333329677581787,1.1333329677581787,1.1333329677581787,1.1333329677581787,0.8366648554801941,0
1987-08-10,0.0,1.100000023841858,1.0833330154418945,1.0833330154418945,0.7997531890869141,12000
1987-08-11,0.0,1.0666669607162476,1.0333329439163208,1.0333329439163208,0.7628412246704102,24000
1987-08-12,0.0,1.0166670083999634,1.0,1.0,0.7382338047027588,3750
1987-08-13,0.0,0.9833329916000366,0.9833329916000366,0.9833329916000366,0.7259297370910645,31500
1987-08-14,0.0,0.9833329916000366,0.8999999761581421,0.8999999761581421,0.6644105315208435,16500
1987-08-17,0.0,0.9666669964790344,0.9166669845581055,0.9666669964790344,0.7136264443397522,16500
1987-08-18,0.0,0.9666669964790344,0.949999988079071,0.9666669964790344,0.7136264443397522,24000
1987-08-19,0.0,1.0,0.9833329916000366,1.0,0.7382338047027588,3750
1987-08-20,0.0,1.0,0.9833329916000366,1.0,0.7382338047027588,3000
1987-08-21,0.0,1.0666669607162476,1.0,1.0666669607162476,0.7874495387077332,9750
1987-08-24,0.0,1.0833330154418945,1.0499999523162842,1.0666669607162476,0.7874495387077332,6000
1987-08-25,0.0,1.1333329677581787,1.0833330154418945,1.1333329677581787,0.8366648554801941,13500
1987-08-26,0.0,1.1333329677581787,1.0833330154418945,1.100000023841858,0.8120571374893188,12750
1987-08-27,0.0,1.0833330154418945,1.0666669607162476,1.0666669607162476,0.7874495387077332,3750
1987-08-28,0.0,1.0499999523162842,1.0166670083999634,1.0166670083999634,0.7505379915237427,13500
1987-08-31,0.0,1.0333329439163208,1.0333329439163208,1.0333329439163208,0.7628412246704102,2250
1987-09-01,0.0,1.0499999523162842,1.0,1.0499999523162842,0.775145411491394,19500
1987-09-02,0.0,1.0333329439163208,1.0,1.0333329439163208,0.7628412246704102,6000
1987-09-03,0.0,1.100000023841858,1.0333329439163208,1.100000023841858,0.8120571374893188,19500
1987-09-04,0.0,1.0833330154418945,1.0666669607162476,1.0833330154418945,0.7997531890869141,5250
1987-09-08,0.0,1.1166670322418213,1.0666669607162476,1.1166670322418213,0.8243616223335266,15750
1987-09-09,0.0,1.2000000476837158,1.1333329677581787,1.1833330392837524,0.8735766410827637,21750
1987-09-10,0.0,1.2000000476837158,1.2000000476837158,1.2000000476837158,0.885880708694458,12750
1987-09-11,0.0,1.2166670560836792,1.1833330392837524,1.2000000476837158,0.885880708694458,11250
1987-09-14,0.0,1.2333329916000366,1.2000000476837158,1.2000000476837158,0.885880708694458,5250
1987-09-15,0.0,1.2000000476837158,1.1666669845581055,1.2000000476837158,0.885880708694458,8250
1987-09-16,1.2000000476837158,1.2000000476837158,1.2000000476837158,1.2000000476837158,0.885880708694458,0
1987-09-17,0.0,1.1666669845581055,1.1666669845581055,1.1666669845581055,0.8612730503082275,3000
1987-09-18,0.0,1.1833330392837524,1.1833330392837524,1.1833330392837524,0.8735766410827637,750
1987-09-21,0.0,1.1666669845581055,1.149999976158142,1.149999976158142,0.8489688038825989,3750
1987-09-22,0.0,1.2000000476837158,1.1666669845581055,1.2000000476837158,0.885880708694458,9000
1987-09-23,0.0,1.1666669845581055,1.1666669845581055,1.1666669845581055,0.8612730503082275,1500
1987-09-24,0.0,1.1833330392837524,1.1833330392837524,1.1833330392837524,0.8735766410827637,750
1987-09-25,0.0,1.2000000476837158,1.1833330392837524,1.1833330392837524,0.8735766410827637,2250
1987-09-28,0.0,1.2333329916000366,1.2000000476837158,1.2166670560836792,0.8981850147247314,56250
1987-09-29,0.0,1.2333329916000366,1.2000000476837158,1.2333329916000366,0.9104884266853333,33750
1987-09-30,0.0,1.2166670560836792,1.2000000476837158,1.2166670560836792,0.8981850147247314,9750
1987-10-01,0.0,1.25,1.2000000476837158,1.25,0.9227921962738037,28500
1987-10-02,0.0,1.2666670083999634,1.2166670560836792,1.2666670083999634,0.9350966215133667,33750
1987-10-05,0.0,1.2666670083999634,1.25,1.25,0.9227921962738037,6000
1987-10-06,1.25,1.25,1.25,1.25,0.9227921962738037,0
1987-10-07,0.0,1.2333329916000366,1.2166670560836792,1.2333329916000366,0.9104884266853333,3000
1987-10-08,0.0,1.2166670560836792,1.2000000476837158,1.2166670560836792,0.8981850147247314,16500
1987-10-09,0.0,1.2000000476837158,1.1833330392837524,1.2000000476837158,0.885880708694458,2250
1987-10-12,0.0,1.2166670560836792,1.2000000476837158,1.2000000476837158,0.885880708694458,3000
1987-10-13,1.2000000476837158,1.2000000476837158,1.2000000476837158,1.2000000476837158,0.885880708694458,0
1987-10-14,1.2000000476837158,1.2000000476837158,1.2000000476837158,1.2000000476837158,0.885880708694458,0
1987-10-15,1.2000000476837158,1.2000000476837158,1.2000000476837158,1.2000000476837158,0.885880708694458,0
1987-10-16,0.0,1.1833330392837524,1.1666669845581055,1.1833330392837524,0.8735766410827637,3000
1987-10-19,0.0,1.149999976158142,1.0,1.0,0.7382338047027588,15750
1987-10-20,0.0,0.9666669964790344,0.8333330154418945,0.8500000238418579,0.6274985671043396,11250
1987-10-21,0.0,0.8833330273628235,0.8166670203208923,0.8166670203208923,0.6028912663459778,32250
1987-10-22,0.0,0.8500000238418579,0.800000011920929,0.8500000238418579,0.6274985671043396,36000
1987-10-23,0.0,0.8333330154418945,0.8166670203208923,0.8333330154418945,0.6151946783065796,13500
1987-10-26,0.0,0.8166670203208923,0.75,0.75,0.5536754131317139,31500
1987-10-27,0.0,0.7666670083999634,0.6666669845581055,0.6833329796791077,0.5044598579406738,25500
1987-10-28,0.0,0.6833329796791077,0.5833330154418945,0.6833329796791077,0.5044598579406738,29250
1987-10-29,0.0,0.75,0.6666669845581055,0.75,0.5536754131317139,60000
1987-10-30,0.0,0.9333329796791077,0.75,0.8833330273628235,0.6521065831184387,35250
1987-11-02,0.0,0.8999999761581421,0.8666669726371765,0.8833330273628235,0.6521065831184387,3000
1987-11-03,0.0,0.8833330273628235,0.6833329796791077,0.6833329796791077,0.5044598579406738,48750
1987-11-04,0.0,0.7666670083999634,0.699999988079071,0.7166669964790344,0.529067873954773,36000
1987-11-05,0.0,0.7666670083999634,0.7166669964790344,0.7666670083999634,0.565979540348053,15000
1987-11-06,0.0,0.7833330035209656,0.75,0.7666670083999634,0.565979540348053,6000
1987-11-09,0.0,0.7666670083999634,0.7166669964790344,0.7166669964790344,0.529067873954773,7500
1987-11-10,0.7166669964790344,0.7166669964790344,0.7166669964790344,0.7166669964790344,0.529067873954773,0
1987-11-11,0.0,0.7666670083999634,0.6666669845581055,0.6666669845581055,0.49215635657310486,20250
1987-11-12,0.0,0.7333329916000366,0.6666669845581055,0.7333329916000366,0.54137122631073,22500
1987-11-13,0.0,0.8666669726371765,0.75,0.8500000238418579,0.6274985671043396,26250
1987-11-16,0.0,0.8500000238418579,0.8500000238418579,0.8500000238418579,0.6274985671043396,3000
1987-11-17,0.0,0.8333330154418945,0.8333330154418945,0.8333330154418945,0.6151946783065796,750
1987-11-18,0.0,0.8166670203208923,0.800000011920929,0.8166670203208923,0.6028912663459778,6000
1987-11-19,0.0,0.800000011920929,0.7666670083999634,0.7666670083999634,0.565979540348053,5250
1987-11-20,0.0,0.7833330035209656,0.7833330035209656,0.7833330035209656,0.5782830715179443,1500
1987-11-23,0.7833330035209656,0.7833330035209656,0.7833330035209656,0.7833330035209656,0.5782830715179443,0
1987-11-24,0.0,0.800000011920929,0.7666670083999634,0.7833330035209656,0.5782830715179443,6750
1987-11-25,0.0,0.8166670203208923,0.800000011920929,0.800000011920929,0.5905869603157043,6000
1987-11-27,0.0,0.7833330035209656,0.7666670083999634,0.7833330035209656,0.5782830715179443,3750
1987-11-30,0.0,0.8166670203208923,0.75,0.8166670203208923,0.6028912663459778,32250
1987-12-01,0.0,0.800000011920929,0.800000011920929,0.800000011920929,0.5905869603157043,750
1987-12-02,0.0,0.8166670203208923,0.75,0.7833330035209656,0.5782830715179443,18000
1987-12-03,0.0,0.7666670083999634,0.7333329916000366,0.7666670083999634,0.565979540348053,20250
1987-12-04,0.0,0.7666670083999634,0.699999988079071,0.7333329916000366,0.54137122631073,34500
1987-12-07,0.0,0.75,0.7166669964790344,0.75,0.5536754131317139,6000
1987-12-08,0.75,0.75,0.75,0.75,0.5536754131317139,0
1987-12-09,0.0,0.75,0.75,0.75,0.5536754131317139,1500
1987-12-10,0.0,0.7333329916000366,0.699999988079071,0.7333329916000366,0.54137122631073,9750
1987-12-11,0.0,0.7333329916000366,0.7166669964790344,0.7333329916000366,0.54137122631073,2250
1987-12-14,0.7333329916000366,0.7333329916000366,0.7333329916000366,0.7333329916000366,0.54137122631073,0
1987-12-15,0.0,0.75,0.75,0.75,0.5536754131317139,3750
1987-12-16,0.0,0.7666670083999634,0.699999988079071,0.7666670083999634,0.565979540348053,34500
1987-12-17,0.0,0.7666670083999634,0.7666670083999634,0.7666670083999634,0.565979540348053,3000
1987-12-18,0.7666670083999634,0.7666670083999634,0.7666670083999634,0.7666670083999634,0.565979540348053,0
1987-12-21,0.0,0.7666670083999634,0.699999988079071,0.7166669964790344,0.529067873954773,24000
1987-12-22,0.0,0.699999988079071,0.6833329796791077,0.699999988079071,0.5167638659477234,9000
1987-12-23,0.0,0.7333329916000366,0.699999988079071,0.7333329916000366,0.54137122631073,25500
1987-12-24,0.0,0.7166669964790344,0.699999988079071,0.7166669964790344,0.529067873954773,8250
1987-12-28,0.0,0.699999988079071,0.6833329796791077,0.699999988079071,0.5167638659477234,22500
1987-12-29,0.0,0.699999988079071,0.6833329796791077,0.699999988079071,0.5167638659477234,4500
1987-12-30,0.0,0.699999988079071,0.6833329796791077,0.699999988079071,0.5167638659477234,9000
1987-12-31,0.0,0.7166669964790344,0.6666669845581055,0.699999988079071,0.5167638659477234,52500
1988-01-04,0.0,0.8333330154418945,0.699999988079071,0.8333330154418945,0.6151946783065796,26250
1988-01-05,0.0,0.8333330154418945,0.8166670203208923,0.8166670203208923,0.6028912663459778,17250
1988-01-06,0.0,0.8333330154418945,0.8333330154418945,0.8333330154418945,0.6151946783065796,15750
1988-01-07,0.0,0.949999988079071,0.8500000238418579,0.949999988079071,0.7013221979141235,12750
1988-01-08,0.0,0.9666669964790344,0.9333329796791077,0.9666669964790344,0.7136264443397522,3000
1988-01-11,0.0,0.949999988079071,0.9333329796791077,0.949999988079071,0.7013221979141235,5250
1988-01-12,0.0,0.9666669964790344,0.9333329796791077,0.9666669964790344,0.7136264443397522,21000
1988-01-13,0.0,1.0333329439163208,0.9666669964790344,1.0333329439163208,0.7628412246704102,10500
1988-01-14,0.0,1.0166670083999634,0.9333329796791077,0.9833329916000366,0.7259297370910645,31500
1988-01-15,0.0,1.0166670083999634,1.0,1.0166670083999634,0.7505379915237427,12000
1988-01-18,1.0166670083999634,1.0166670083999634,1.0166670083999634,1.0166670083999634,0.7505379915237427,0
1988-01-19,0.0,1.0333329439163208,0.9833329916000366,1.0333329439163208,0.7628412246704102,27000
1988-01-20,0.0,1.0166670083999634,0.9666669964790344,0.9666669964790344,0.7136264443397522,6000
1988-01-21,0.0,1.100000023841858,1.0166670083999634,1.0499999523162842,0.775145411491394,54750
1988-01-22,0.0,1.0833330154418945,1.0499999523162842,1.0666669607162476,0.7874495387077332,21750
1988-01-25,0.0,1.0333329439163208,1.0333329439163208,1.0333329439163208,0.7628412246704102,9000
1988-01-26,0.0,1.0333329439163208,1.0333329439163208,1.0333329439163208,0.7628412246704102,2250
1988-01-27,0.0,1.0333329439163208,1.0333329439163208,1.0333329439163208,0.7628412246704102,1500
1988-01-28,0.0,1.0166670083999634,1.0,1.0166670083999634,0.7505379915237427,5250
1988-01-29,1.0166670083999634,1.0166670083999634,1.0166670083999634,1.0166670083999634,0.7505379915237427,0
1988-02-01,0.0,1.0,0.949999988079071,0.949999988079071,0.7013221979141235,11250
1988-02-02,0.0,0.9333329796791077,0.8166670203208923,0.8666669726371765,0.6398029923439026,64500
1988-02-03,0.0,0.8833330273628235,0.8666669726371765,0.8833330273628235,0.6521065831184387,19500
1988-02-04,0.0,0.8833330273628235,0.8500000238418579,0.8833330273628235,0.6521065831184387,14250
1988-02-05,0.0,0.8999999761581421,0.8666669726371765,0.8999999761581421,0.6644105315208435,3750
1988-02-08,0.0,0.949999988079071,0.8999999761581421,0.949999988079071,0.7013221979141235,31500
1988-02-09,0.0,0.9333329796791077,0.9333329796791077,0.9333329796791077,0.689018189907074,1500
1988-02-10,0.0,0.9666669964790344,0.9333329796791077,0.9666669964790344,0.7136264443397522,18000
1988-02-11,0.0,1.0333329439163208,0.9666669964790344,1.0333329439163208,0.7628412246704102,12000
1988-02-12,0.0,1.0666669607162476,1.0333329439163208,1.0666669607162476,0.7874495387077332,18000
1988-02-16,0.0,1.0666669607162476,1.0333329439163208,1.0333329439163208,0.7628412246704102,3750
1988-02-17,0.0,1.0499999523162842,1.0333329439163208,1.0499999523162842,0.775145411491394,4500
1988-02-18,0.0,1.0666669607162476,1.0666669607162476,1.0666669607162476,0.7874495387077332,1500
1988-02-19,0.0,1.0333329439163208,1.0333329439163208,1.0333329439163208,0.7628412246704102,3750
1988-02-22,0.0,1.0499999523162842,1.0333329439163208,1.0333329439163208,0.7628412246704102,4500
1988-02-23,0.0,1.0333329439163208,1.0,1.0166670083999634,0.7505379915237427,11250
1988-02-24,0.0,1.0666669607162476,1.0333329439163208,1.0333329439163208,0.7628412246704102,12000
1988-02-25,0.0,1.0333329439163208,0.949999988079071,0.949999988079071,0.7013221979141235,17250
1988-02-26,0.0,0.9333329796791077,0.9333329796791077,0.9333329796791077,0.689018189907074,12000
1988-02-29,0.0,0.949999988079071,0.9166669845581055,0.9333329796791077,0.689018189907074,18000
1988-03-01,0.0,0.949999988079071,0.8999999761581421,0.949999988079071,0.7013221979141235,12000
1988-03-02,0.0,0.9333329796791077,0.9333329796791077,0.9333329796791077,0.689018189907074,4500
1988-03-03,0.9333329796791077,0.9333329796791077,0.9333329796791077,0.9333329796791077,0.689018189907074,0
1988-03-04,0.0,1.0,0.9166669845581055,1.0,0.7382338047027588,31500
1988-03-07,0.0,1.100000023841858,1.0333329439163208,1.0666669607162476,0.7874495387077332,55500
1988-03-08,0.0,1.0666669607162476,0.9833329916000366,1.0166670083999634,0.7505379915237427,61500
1988-03-09,0.0,1.0666669607162476,1.0333329439163208,1.0666669607162476,0.7874495387077332,45750
1988-03-10,0.0,1.1166670322418213,1.0666669607162476,1.100000023841858,0.8120571374893188,30000
1988-03-11,0.0,1.100000023841858,1.0666669607162476,1.0833330154418945,0.7997531890869141,20250
1988-03-14,0.0,1.0666669607162476,1.0333329439163208,1.0666669607162476,0.7874495387077332,10500
1988-03-15,0.0,1.0666669607162476,1.0666669607162476,1.0666669607162476,0.7874495387077332,2250
1988-03-16,0.0,1.0666669607162476,1.0499999523162842,1.0666669607162476,0.7874495387077332,2250
1988-03-17,0.0,1.0499999523162842,1.0333329439163208,1.0499999523162842,0.775145411491394,7500
1988-03-18,0.0,1.0499999523162842,1.0499999523162842,1.0499999523162842,0.775145411491394,2250
1988-03-21,1.0499999523162842,1.0499999523162842,1.0499999523162842,1.0499999523162842,0.775145411491394,0
1988-03-22,0.0,1.0333329439163208,0.9833329916000366,1.0333329439163208,0.7628412246704102,24000
1988-03-23,0.0,1.0333329439163208,1.0166670083999634,1.0333329439163208,0.7628412246704102,3000
1988-03-24,0.0,1.0333329439163208,0.9833329916000366,0.9833329916000366,0.7259297370910645,10500
1988-03-25,0.0,0.9666669964790344,0.9333329796791077,0.9666669964790344,0.7136264443397522,13500
1988-03-28,0.0,0.9666669964790344,0.949999988079071,0.9666669964790344,0.7136264443397522,2250
1988-03-29,0.0,0.9833329916000366,0.9833329916000366,0.9833329916000366,0.7259297370910645,1500
1988-03-30,0.0,0.9666669964790344,0.9666669964790344,0.9666669964790344,0.7136264443397522,750
1988-03-31,0.0,0.949999988079071,0.8999999761581421,0.9333329796791077,0.689018189907074,12000
1988-04-04,0.0,0.9166669845581055,0.8833330273628235,0.9166669845581055,0.6767147779464722,15750
1988-04-05,0.9166669845581055,0.9166669845581055,0.9166669845581055,0.9166669845581055,0.6767147779464722,0
1988-04-06,0.0,0.949999988079071,0.9333329796791077,0.949999988079071,0.7013221979141235,30000
1988-04-07,0.0,0.949999988079071,0.949999988079071,0.949999988079071,0.7013221979141235,7500
1988-04-08,0.0,0.949999988079071,0.9333329796791077,0.949999988079071,0.7013221979141235,2250
1988-04-11,0.0,0.9666669964790344,0.9666669964790344,0.9666669964790344,0.7136264443397522,7500
1988-04-12,0.0,0.9833329916000366,0.9833329916000366,0.9833329916000366,0.7259297370910645,1500
1988-04-13,0.0,0.9666669964790344,0.9333329796791077,0.9333329796791077,0.689018189907074,7500
1988-04-14,0.0,0.9166669845581055,0.8833330273628235,0.9166669845581055,0.6767147779464722,18000
1988-04-15,0.9166669845581055,0.9166669845581055,0.9166669845581055,0.9166669845581055,0.6767147779464722,0
1988-04-18,0.0,0.9333329796791077,0.9333329796791077,0.9333329796791077,0.689018189907074,1500
1988-04-19,0.0,0.9666669964790344,0.949999988079071,0.9666669964790344,0.7136264443397522,3750
1988-04-20,0.0,0.9666669964790344,0.949999988079071,0.9666669964790344,0.7136264443397522,2250
1988-04-21,0.0,0.9666669964790344,0.9666669964790344,0.9666669964790344,0.7136264443397522,3750
1988-04-22,0.0,0.949999988079071,0.949999988079071,0.949999988079071,0.7013221979141235,1500
1988-04-25,0.949999988079071,0.949999988079071,0.949999988079071,0.949999988079071,0.7013221979141235,0
1988-04-26,0.0,0.9333329796791077,0.8999999761581421,0.9333329796791077,0.689018189907074,13500
1988-04-27,0.9333329796791077,0.9333329796791077,0.9333329796791077,0.9333329796791077,0.689018189907074,0
1988-04-28,0.9333329796791077,0.9333329796791077,0.9333329796791077,0.9333329796791077,0.689018189907074,0
1988-04-29,0.0,0.9166669845581055,0.8999999761581421,0.9166669845581055,0.6767147779464722,24750
1988-05-02,0.9166669845581055,0.9166669845581055,0.9166669845581055,0.9166669845581055,0.6767147779464722,0
1988-05-03,0.9166669845581055,0.9166669845581055,0.9166669845581055,0.9166669845581055,0.6767147779464722,0
1988-05-04,0.9166669845581055,0.9166669845581055,0.9166669845581055,0.9166669845581055,0.6767147779464722,0
1988-05-05,0.9166669845581055,0.9166669845581055,0.9166669845581055,0.9166669845581055,0.6767147779464722,0
1988-05-06,0.0,0.8999999761581421,0.8333330154418945,0.8666669726371765,0.6398029923439026,18000
1988-05-09,0.0,0.8833330273628235,0.8666669726371765,0.8666669726371765,0.6398029923439026,3000
1988-05-10,0.0,0.8999999761581421,0.8666669726371765,0.8833330273628235,0.6521065831184387,12000
1988-05-11,0.0,0.8833330273628235,0.8666669726371765,0.8666669726371765,0.6398029923439026,5250
1988-05-12,0.0,0.8833330273628235,0.8500000238418579,0.8833330273628235,0.6521065831184387,13500
1988-05-13,0.0,0.8666669726371765,0.8500000238418579,0.8500000238418579,0.6274985671043396,3750
1988-05-16,0.0,0.8333330154418945,0.8333330154418945,0.8333330154418945,0.6151946783065796,1500
1988-05-17,0.0,0.8500000238418579,0.8500000238418579,0.8500000238418579,0.6274985671043396,1500
1988-05-18,0.8500000238418579,0.8500000238418579,0.8500000238418579,0.8500000238418579,0.6274985671043396,0
1988-05-19,0.0,0.8500000238418579,0.7666670083999634,0.7833330035209656,0.5782830715179443,55500
1988-05-20,0.7833330035209656,0.7833330035209656,0.7833330035209656,0.7833330035209656,0.5782830715179443,0
1988-05-23,0.0,0.7666670083999634,0.7666670083999634,0.7666670083999634,0.565979540348053,1500
1988-05-24,0.0,0.7833330035209656,0.7666670083999634,0.7833330035209656,0.5782830715179443,16500
1988-05-25,0.7833330035209656,0.7833330035209656,0.7833330035209656,0.7833330035209656,0.5782830715179443,0
1988-05-26,0.0,0.75,0.75,0.75,0.5536754131317139,3000
1988-05-27,0.0,0.7666670083999634,0.7666670083999634,0.7666670083999634,0.565979540348053,7500
1988-05-31,0.0,0.800000011920929,0.800000011920929,0.800000011920929,0.5905869603157043,17250
1988-06-01,0.0,0.8500000238418579,0.8333330154418945,0.8500000238418579,0.6274985671043396,3750
1988-06-02,0.8500000238418579,0.8500000238418579,0.8500000238418579,0.8500000238418579,0.6274985671043396,0
1988-06-03,0.8500000238418579,0.8500000238418579,0.8500000238418579,0.8500000238418579,0.6274985671043396,0
1988-06-06,0.8500000238418579,0.8500000238418579,0.8500000238418579,0.8500000238418579,0.6274985671043396,0
1988-06-07,0.0,0.8333330154418945,0.8166670203208923,0.8333330154418945,0.6151946783065796,6000
1988-06-08,0.0,0.8333330154418945,0.8166670203208923,0.8333330154418945,0.6151946783065796,3750
1988-06-09,0.0,0.8500000238418579,0.8500000238418579,0.8500000238418579,0.6274985671043396,2250
1988-06-10,0.8500000238418579,0.8500000238418579,0.8500000238418579,0.8500000238418579,0.6274985671043396,0
1988-06-13,0.8500000238418579,0.8500000238418579,0.8500000238418579,0.8500000238418579,0.6274985671043396,0
1988-06-14,0.0,0.8666669726371765,0.8666669726371765,0.8666669726371765,0.6398029923439026,1500
1988-06-15,0.0,0.8999999761581421,0.8833330273628235,0.8999999761581421,0.6644105315208435,3000
1988-06-16,0.8999999761581421,0.8999999761581421,0.8999999761581421,0.8999999761581421,0.6644105315208435,0
1988-06-17,0.8999999761581421,0.8999999761581421,0.8999999761581421,0.8999999761581421,0.6644105315208435,0
1988-06-20,0.8999999761581421,0.8999999761581421,0.8999999761581421,0.8999999761581421,0.6644105315208435,0
1988-06-21,0.0,0.9166669845581055,0.9166669845581055,0.9166669845581055,0.6767147779464722,750
1988-06-22,0.0,0.8999999761581421,0.8999999761581421,0.8999999761581421,0.6644105315208435,750
1988-06-23,0.0,0.8833330273628235,0.8666669726371765,0.8666669726371765,0.6398029923439026,9000
1988-06-24,0.0,0.8833330273628235,0.8666669726371765,0.8833330273628235,0.6521065831184387,1500
1988-06-27,0.8833330273628235,0.8833330273628235,0.8833330273628235,0.8833330273628235,0.6521065831184387,0
1988-06-28,0.0,0.8666669726371765,0.8500000238418579,0.8500000238418579,0.6274985671043396,7500
1988-06-29,0.8500000238418579,0.8500000238418579,0.8500000238418579,0.8500000238418579,0.6274985671043396,0
1988-06-30,0.0,0.8500000238418579,0.8500000238418579,0.8500000238418579,0.6274985671043396,3750
1988-07-01,0.8500000238418579,0.8500000238418579,0.8500000238418579,0.8500000238418579,0.6274985671043396,0
1988-07-05,0.0,0.8500000238418579,0.8500000238418579,0.8500000238418579,0.6274985671043396,3750
1988-07-06,0.0,0.8833330273628235,0.8500000238418579,0.8833330273628235,0.6521065831184387,13500
1988-07-07,0.0,0.8833330273628235,0.8666669726371765,0.8833330273628235,0.6521065831184387,23250
1988-07-08,0.0,0.9333329796791077,0.8999999761581421,0.9333329796791077,0.689018189907074,16500
1988-07-11,0.9333329796791077,0.9333329796791077,0.9333329796791077,0.9333329796791077,0.689018189907074,0
1988-07-12,0.9333329796791077,0.9333329796791077,0.9333329796791077,0.9333329796791077,0.689018189907074,0
1988-07-13,0.9333329796791077,0.9333329796791077,0.9333329796791077,0.9333329796791077,0.689018189907074,0
1988-07-14,0.9333329796791077,0.9333329796791077,0.9333329796791077,0.9333329796791077,0.689018189907074,0
1988-07-15,0.9333329796791077,0.9333329796791077,0.9333329796791077,0.9333329796791077,0.689018189907074,0
1988-07-18,0.9333329796791077,0.9333329796791077,0.9333329796791077,0.9333329796791077,0.689018189907074,0
1988-07-19,0.0,0.9166669845581055,0.9166669845581055,0.9166669845581055,0.6767147779464722,4500
1988-07-20,0.0,0.8999999761581421,0.8999999761581421,0.8999999761581421,0.6644105315208435,3750
1988-07-21,0.0,0.8833330273628235,0.8833330273628235,0.8833330273628235,0.6521065831184387,2250
1988-07-22,0.8833330273628235,0.8833330273628235,0.8833330273628235,0.8833330273628235,0.6521065831184387,0
1988-07-25,0.0,0.8999999761581421,0.8999999761581421,0.8999999761581421,0.6644105315208435,3750
1988-07-26,0.8999999761581421,0.8999999761581421,0.8999999761581421,0.8999999761581421,0.6644105315208435,0
1988-07-27,0.8999999761581421,0.8999999761581421,0.8999999761581421,0.8999999761581421,0.6644105315208435,0
1988-07-28,0.8999999761581421,0.8999999761581421,0.8999999761581421,0.8999999761581421,0.6644105315208435,0
1988-07-29,0.0,0.8666669726371765,0.8666669726371765,0.8666669726371765,0.6398029923439026,4500
1988-08-01,0.8666669726371765,0.8666669726371765,0.8666669726371765,0.8666669726371765,0.6398029923439026,0
1988-08-02,0.0,0.8333330154418945,0.8333330154418945,0.8333330154418945,0.6151946783065796,3750
1988-08-03,0.0,0.8666669726371765,0.8500000238418579,0.8666669726371765,0.6398029923439026,5250
1988-08-04,0.0,0.8333330154418945,0.8333330154418945,0.8333330154418945,0.6151946783065796,9000
1988-08-05,0.0,0.8500000238418579,0.8166670203208923,0.8500000238418579,0.6274985671043396,6000
1988-08-08,0.0,0.8333330154418945,0.8166670203208923,0.8166670203208923,0.6028912663459778,3000
1988-08-09,0.0,0.8500000238418579,0.8333330154418945,0.8500000238418579,0.6274985671043396,6750
1988-08-10,0.0,0.8500000238418579,0.8500000238418579,0.8500000238418579,0.6274985671043396,3750
1988-08-11,0.0,0.8500000238418579,0.8333330154418945,0.8500000238418579,0.6274985671043396,3750
1988-08-12,0.0,0.8666669726371765,0.8500000238418579,0.8666669726371765,0.6398029923439026,6750
1988-08-15,0.0,0.8500000238418579,0.8500000238418579,0.8500000238418579,0.6274985671043396,1500
1988-08-16,0.0,0.8666669726371765,0.8666669726371765,0.8666669726371765,0.6398029923439026,3000
1988-08-17,0.0,1.0,0.8333330154418945,1.0,0.7382338047027588,41250
1988-08-18,0.0,1.0666669607162476,1.0166670083999634,1.0499999523162842,0.775145411491394,50250
1988-08-19,0.0,1.0666669607162476,0.9833329916000366,1.0,0.7382338047027588,28500
1988-08-22,0.0,1.0,0.9333329796791077,0.9333329796791077,0.689018189907074,27750
1988-08-23,0.9333329796791077,0.9333329796791077,0.9333329796791077,0.9333329796791077,0.689018189907074,0
1988-08-24,0.9333329796791077,0.9333329796791077,0.9333329796791077,0.9333329796791077,0.689018189907074,0
1988-08-25,0.9333329796791077,0.9333329796791077,0.9333329796791077,0.9333329796791077,0.689018189907074,0
1988-08-26,0.0,0.9833329916000366,0.8999999761581421,0.9833329916000366,0.7259297370910645,19500
1988-08-29,0.0,1.0,1.0,1.0,0.7382338047027588,5250
1988-08-30,0.0,1.0499999523162842,1.0,1.0166670083999634,0.7505379915237427,23250
1988-08-31,0.0,0.9833329916000366,0.9833329916000366,0.9833329916000366,0.7259297370910645,3750
1988-09-01,0.9833329916000366,0.9833329916000366,0.9833329916000366,0.9833329916000366,0.7259297370910645,0
1988-09-02,0.0,0.949999988079071,0.949999988079071,0.949999988079071,0.7013221979141235,3750
1988-09-06,0.0,0.9666669964790344,0.9166669845581055,0.9666669964790344,0.7136264443397522,15000
1988-09-07,0.0,1.0,0.9833329916000366,1.0,0.7382338047027588,24000
1988-09-08,0.0,1.0499999523162842,1.0,1.0499999523162842,0.775145411491394,24000
1988-09-09,0.0,1.0499999523162842,1.0166670083999634,1.0499999523162842,0.775145411491394,20250
1988-09-12,0.0,1.0499999523162842,1.0499999523162842,1.0499999523162842,0.775145411491394,3750
1988-09-13,0.0,1.0666669607162476,1.0666669607162476,1.0666669607162476,0.7874495387077332,3750
1988-09-14,0.0,1.0833330154418945,1.0333329439163208,1.0666669607162476,0.7874495387077332,36750
1988-09-15,0.0,1.0666669607162476,1.0333329439163208,1.0499999523162842,0.775145411491394,12000
1988-09-16,0.0,1.0666669607162476,1.0333329439163208,1.0666669607162476,0.7874495387077332,6750
1988-09-19,0.0,1.0333329439163208,1.0,1.0,0.7382338047027588,11250
1988-09-20,0.0,1.0166670083999634,1.0166670083999634,1.0166670083999634,0.7505379915237427,1500
1988-09-21,0.0,1.0,1.0,1.0,0.7382338047027588,750
1988-09-22,0.0,1.0333329439163208,1.0,1.0166670083999634,0.7505379915237427,7500
1988-09-23,0.0,0.9666669964790344,0.9666669964790344,0.9666669964790344,0.7136264443397522,15000
1988-09-26,0.0,1.0,0.949999988079071,1.0,0.7382338047027588,9750
1988-09-27,0.0,1.0166670083999634,1.0,1.0166670083999634,0.7505379915237427,4500
1988-09-28,0.0,1.0,1.0,1.0,0.7382338047027588,3750
1988-09-29,0.0,1.0,0.9833329916000366,1.0,0.7382338047027588,5250
1988-09-30,0.0,1.0333329439163208,0.9833329916000366,0.9833329916000366,0.7259297370910645,9750
1988-10-03,0.0,1.0,0.949999988079071,1.0,0.7382338047027588,24750
1988-10-04,0.0,1.0333329439163208,0.9833329916000366,1.0,0.7382338047027588,22500
1988-10-05,0.0,1.0166670083999634,1.0166670083999634,1.0166670083999634,0.7505379915237427,1500
1988-10-06,0.0,1.0333329439163208,1.0,1.0,0.7382338047027588,5250
1988-10-07,0.0,1.0,0.9833329916000366,0.9833329916000366,0.7259297370910645,5250
1988-10-10,0.0,1.0,0.9666669964790344,0.9666669964790344,0.7136264443397522,3000
1988-10-11,0.9666669964790344,0.9666669964790344,0.9666669964790344,0.9666669964790344,0.7136264443397522,0
1988-10-12,0.0,0.9833329916000366,0.9833329916000366,0.9833329916000366,0.7259297370910645,750
1988-10-13,0.9833329916000366,0.9833329916000366,0.9833329916000366,0.9833329916000366,0.7259297370910645,0
1988-10-14,0.9833329916000366,0.9833329916000366,0.9833329916000366,0.9833329916000366,0.7259297370910645,0
1988-10-17,0.9833329916000366,0.9833329916000366,0.9833329916000366,0.9833329916000366,0.7259297370910645,0
1988-10-18,0.0,0.9666669964790344,0.9666669964790344,0.9666669964790344,0.7136264443397522,750
1988-10-19,0.0,1.0166670083999634,0.9833329916000366,1.0,0.7382338047027588,75750
1988-10-20,0.0,1.0166670083999634,0.9833329916000366,0.9833329916000366,0.7259297370910645,13500
1988-10-21,0.0,1.0,1.0,1.0,0.7382338047027588,72000
1988-10-24,0.0,1.0,1.0,1.0,0.7382338047027588,25500
1988-10-25,0.0,1.0,0.9833329916000366,1.0,0.7382338047027588,42750
1988-10-26,0.0,1.0166670083999634,0.9833329916000366,0.9833329916000366,0.7259297370910645,12750
1988-10-27,0.0,0.9666669964790344,0.9666669964790344,0.9666669964790344,0.7136264443397522,11250
1988-10-28,0.0,0.9833329916000366,0.9666669964790344,0.9833329916000366,0.7259297370910645,13500
1988-10-31,0.0,1.0,0.9833329916000366,1.0,0.7382338047027588,17250
1988-11-01,0.0,1.0,1.0,1.0,0.7382338047027588,14250
1988-11-02,0.0,1.0833330154418945,1.0333329439163208,1.0333329439163208,0.7628412246704102,39000
1988-11-03,0.0,1.0833330154418945,1.0333329439163208,1.0833330154418945,0.7997531890869141,6000
1988-11-04,0.0,1.100000023841858,1.0666669607162476,1.0833330154418945,0.7997531890869141,38250
1988-11-07,0.0,1.1166670322418213,1.0666669607162476,1.0833330154418945,0.7997531890869141,37500
1988-11-08,0.0,1.100000023841858,1.0499999523162842,1.0666669607162476,0.7874495387077332,13500
1988-11-09,0.0,1.0833330154418945,1.0333329439163208,1.0666669607162476,0.7874495387077332,30000
1988-11-10,1.0666669607162476,1.0666669607162476,1.0666669607162476,1.0666669607162476,0.7874495387077332,0
1988-11-11,0.0,1.0666669607162476,1.0333329439163208,1.0666669607162476,0.7874495387077332,9000
1988-11-14,0.0,1.0499999523162842,1.0499999523162842,1.0499999523162842,0.775145411491394,750
1988-11-15,1.0499999523162842,1.0499999523162842,1.0499999523162842,1.0499999523162842,0.775145411491394,0
1988-11-16,0.0,1.0333329439163208,1.0166670083999634,1.0166670083999634,0.7505379915237427,14250
1988-11-17,1.0166670083999634,1.0166670083999634,1.0166670083999634,1.0166670083999634,0.7505379915237427,0
1988-11-18,1.0166670083999634,1.0166670083999634,1.0166670083999634,1.0166670083999634,0.7505379915237427,0
1988-11-21,1.0166670083999634,1.0166670083999634,1.0166670083999634,1.0166670083999634,0.7505379915237427,0
1988-11-22,0.0,1.0166670083999634,1.0,1.0166670083999634,0.7505379915237427,3750
1988-11-23,1.0166670083999634,1.0166670083999634,1.0166670083999634,1.0166670083999634,0.7505379915237427,0
1988-11-25,1.0166670083999634,1.0166670083999634,1.0166670083999634,1.0166670083999634,0.7505379915237427,0
1988-11-28,1.0166670083999634,1.0166670083999634,1.0166670083999634,1.0166670083999634,0.7505379915237427,0
1988-11-29,0.0,0.9833329916000366,0.9833329916000366,0.9833329916000366,0.7259297370910645,1500
1988-11-30,0.0,1.0,1.0,1.0,0.7382338047027588,1500
1988-12-01,0.0,1.0,0.9666669964790344,0.9833329916000366,0.7259297370910645,19500
1988-12-02,0.0,0.9833329916000366,0.9333329796791077,0.9333329796791077,0.689018189907074,38250
1988-12-05,0.0,0.9666669964790344,0.9333329796791077,0.9666669964790344,0.7136264443397522,6750
1988-12-06,0.9666669964790344,0.9666669964790344,0.9666669964790344,0.9666669964790344,0.7136264443397522,0
1988-12-07,0.0,0.9666669964790344,0.9666669964790344,0.9666669964790344,0.7136264443397522,750
1988-12-08,0.9666669964790344,0.9666669964790344,0.9666669964790344,0.9666669964790344,0.7136264443397522,0
1988-12-09,0.9666669964790344,0.9666669964790344,0.9666669964790344,0.9666669964790344,0.7136264443397522,0
1988-12-12,0.0,0.9666669964790344,0.9666669964790344,0.9666669964790344,0.7136264443397522,3750
1988-12-13,0.0,0.9333329796791077,0.9333329796791077,0.9333329796791077,0.689018189907074,3000
1988-12-14,0.0,0.9333329796791077,0.9333329796791077,0.9333329796791077,0.689018189907074,3750
1988-12-15,0.9333329796791077,0.9333329796791077,0.9333329796791077,0.9333329796791077,0.689018189907074,0
1988-12-16,0.0,0.949999988079071,0.9333329796791077,0.9333329796791077,0.689018189907074,22500
1988-12-19,0.0,0.9333329796791077,0.9333329796791077,0.9333329796791077,0.689018189907074,3750
1988-12-20,0.0,0.9666669964790344,0.9166669845581055,0.9666669964790344,0.7136264443397522,21000
1988-12-21,0.0,0.949999988079071,0.9333329796791077,0.9333329796791077,0.689018189907074,10500
1988-12-22,0.0,0.9666669964790344,0.9166669845581055,0.949999988079071,0.7013221979141235,63750
1988-12-23,0.0,0.9666669964790344,0.9666669964790344,0.9666669964790344,0.7136264443397522,7500
1988-12-27,0.0,0.949999988079071,0.9333329796791077,0.949999988079071,0.7013221979141235,5250
1988-12-28,0.0,0.949999988079071,0.9333329796791077,0.949999988079071,0.7013221979141235,26250
1988-12-29,0.0,0.949999988079071,0.949999988079071,0.949999988079071,0.7013221979141235,2250
1988-12-30,0.0,0.9833329916000366,0.949999988079071,0.949999988079071,0.7013221979141235,29250
1989-01-03,0.0,0.9333329796791077,0.9333329796791077,0.9333329796791077,0.689018189907074,12000
1989-01-04,0.0,0.9666669964790344,0.9333329796791077,0.9666669964790344,0.7136264443397522,15000
1989-01-05,0.0,0.9666669964790344,0.9666669964790344,0.9666669964790344,0.7136264443397522,1500
1989-01-06,0.0,1.0499999523162842,0.9833329916000366,1.0499999523162842,0.775145411491394,17250
1989-01-09,1.0499999523162842,1.0499999523162842,1.0499999523162842,1.0499999523162842,0.775145411491394,0
1989-01-10,0.0,1.0499999523162842,1.0499999523162842,1.0499999523162842,0.775145411491394,6000
1989-01-11,1.0499999523162842,1.0499999523162842,1.0499999523162842,1.0499999523162842,0.775145411491394,0
1989-01-12,0.0,1.0166670083999634,1.0166670083999634,1.0166670083999634,0.7505379915237427,7500
1989-01-13,0.0,1.0333329439163208,1.0333329439163208,1.0333329439163208,0.7628412246704102,1500
1989-01-16,0.0,1.0499999523162842,1.0499999523162842,1.0499999523162842,0.775145411491394,1500
1989-01-17,0.0,1.0333329439163208,1.0166670083999634,1.0333329439163208,0.7628412246704102,16500
1989-01-18,1.0333329439163208,1.0333329439163208,1.0333329439163208,1.0333329439163208,0.7628412246704102,0
1989-01-19,0.0,1.0666669607162476,1.0499999523162842,1.0666669607162476,0.7874495387077332,12750
1989-01-20,1.0666669607162476,1.0666669607162476,1.0666669607162476,1.0666669607162476,0.7874495387077332,0
1989-01-23,1.0666669607162476,1.0666669607162476,1.0666669607162476,1.0666669607162476,0.7874495387077332,0
1989-01-24,0.0,1.0333329439163208,1.0166670083999634,1.0166670083999634,0.7505379915237427,7500
1989-01-25,0.0,1.0499999523162842,1.0333329439163208,1.0333329439163208,0.7628412246704102,6000
1989-01-26,1.0333329439163208,1.0333329439163208,1.0333329439163208,1.0333329439163208,0.7628412246704102,0
1989-01-27,0.0,1.0333329439163208,1.0333329439163208,1.0333329439163208,0.7628412246704102,6000
1989-01-30,0.0,1.0666669607162476,1.0666669607162476,1.0666669607162476,0.7874495387077332,2250
1989-01-31,0.0,1.0499999523162842,1.0499999523162842,1.0499999523162842,0.775145411491394,4500
1989-02-01,1.0499999523162842,1.0499999523162842,1.0499999523162842,1.0499999523162842,0.775145411491394,0
1989-02-02,0.0,1.0333329439163208,1.0333329439163208,1.0333329439163208,0.7628412246704102,11250
1989-02-03,0.0,1.0499999523162842,1.0333329439163208,1.0333329439163208,0.7628412246704102,16500
1989-02-06,0.0,1.0833330154418945,1.0499999523162842,1.0666669607162476,0.7874495387077332,28500
1989-02-07,0.0,1.0833330154418945,1.0666669607162476,1.0666669607162476,0.7874495387077332,16500
1989-02-08,0.0,1.100000023841858,1.0666669607162476,1.0666669607162476,0.7874495387077332,9750
1989-02-09,0.0,1.0833330154418945,1.0833330154418945,1.0833330154418945,0.7997531890869141,1500
1989-02-10,0.0,1.0833330154418945,1.0666669607162476,1.0833330154418945,0.7997531890869141,21750
1989-02-13,0.0,1.100000023841858,1.100000023841858,1.100000023841858,0.8120571374893188,2250
1989-02-14,0.0,1.100000023841858,1.0666669607162476,1.100000023841858,0.8120571374893188,8250
1989-02-15,0.0,1.100000023841858,1.100000023841858,1.100000023841858,0.8120571374893188,3000
1989-02-16,0.0,1.149999976158142,1.100000023841858,1.149999976158142,0.8489688038825989,30750
1989-02-17,0.0,1.2999999523162842,1.1833330392837524,1.2333329916000366,0.9104884266853333,79500
1989-02-21,0.0,1.2333329916000366,1.1666669845581055,1.1833330392837524,0.8735766410827637,37500
1989-02-22,0.0,1.1666669845581055,1.1333329677581787,1.149999976158142,0.8489688038825989,12750
1989-02-23,1.149999976158142,1.149999976158142,1.149999976158142,1.149999976158142,0.8489688038825989,0
1989-02-24,0.0,1.149999976158142,1.1333329677581787,1.149999976158142,0.8489688038825989,3000
1989-02-27,1.149999976158142,1.149999976158142,1.149999976158142,1.149999976158142,0.8489688038825989,0
1989-02-28,0.0,1.149999976158142,1.149999976158142,1.149999976158142,0.8489688038825989,3750
1989-03-01,0.0,1.149999976158142,1.149999976158142,1.149999976158142,0.8489688038825989,1500
1989-03-02,0.0,1.1666669845581055,1.1333329677581787,1.1666669845581055,0.8612730503082275,2250
1989-03-03,0.0,1.1666669845581055,1.1666669845581055,1.1666669845581055,0.8612730503082275,3750
1989-03-06,0.0,1.1666669845581055,1.1666669845581055,1.1666669845581055,0.8612730503082275,6000
1989-03-07,0.0,1.149999976158142,1.149999976158142,1.149999976158142,0.8489688038825989,750
1989-03-08,0.0,1.149999976158142,1.149999976158142,1.149999976158142,0.8489688038825989,15000
1989-03-09,0.0,1.3166669607162476,1.1833330392837524,1.3166669607162476,0.9720078706741333,173250
1989-03-10,0.0,1.3166669607162476,1.2666670083999634,1.2833329439163208,0.9473996758460999,51750
1989-03-13,0.0,1.3666670322418213,1.3166669607162476,1.3666670322418213,1.0089201927185059,47250
1989-03-14,0.0,1.3833329677581787,1.3333330154418945,1.350000023841858,0.9966157674789429,70500
1989-03-15,0.0,1.3666670322418213,1.3333330154418945,1.3666670322418213,1.0089201927185059,9000
1989-03-16,0.0,1.3666670322418213,1.3666670322418213,1.3666670322418213,1.0089201927185059,21000
1989-03-17,0.0,1.350000023841858,1.2999999523162842,1.350000023841858,0.9966157674789429,16500
1989-03-20,0.0,1.3333330154418945,1.2999999523162842,1.2999999523162842,0.9597041010856628,2250
1989-03-21,0.0,1.3166669607162476,1.2999999523162842,1.3166669607162476,0.9720078706741333,8250
1989-03-22,0.0,1.3333330154418945,1.2999999523162842,1.3333330154418945,0.9843119978904724,12000
1989-03-23,0.0,1.3666670322418213,1.3333330154418945,1.3666670322418213,1.0089201927185059,15750
1989-03-27,0.0,1.350000023841858,1.3333330154418945,1.350000023841858,0.9966157674789429,6000
1989-03-28,0.0,1.350000023841858,1.3333330154418945,1.350000023841858,0.9966157674789429,8250
1989-03-29,0.0,1.3333330154418945,1.2999999523162842,1.3166669607162476,0.9720078706741333,16500
1989-03-30,0.0,1.3333330154418945,1.2999999523162842,1.3333330154418945,0.9843119978904724,11250
1989-03-31,0.0,1.3833329677581787,1.3333330154418945,1.3833329677581787,1.0212229490280151,23250
1989-04-03,0.0,1.3833329677581787,1.350000023841858,1.3666670322418213,1.0089201927185059,7500
1989-04-04,0.0,1.3666670322418213,1.350000023841858,1.3666670322418213,1.0089201927185059,6000
1989-04-05,0.0,1.3666670322418213,1.3333330154418945,1.3333330154418945,0.9843119978904724,6000
1989-04-06,0.0,1.3666670322418213,1.3333330154418945,1.3666670322418213,1.0089201927185059,11250
1989-04-07,0.0,1.3666670322418213,1.3333330154418945,1.3666670322418213,1.0089201927185059,50250
1989-04-10,0.0,1.3666670322418213,1.350000023841858,1.3666670322418213,1.0089201927185059,11250
1989-04-11,0.0,1.350000023841858,1.3333330154418945,1.350000023841858,0.9966157674789429,11250
1989-04-12,0.0,1.3666670322418213,1.3666670322418213,1.3666670322418213,1.0089201927185059,3750
1989-04-13,0.0,1.3333330154418945,1.3333330154418945,1.3333330154418945,0.9843119978904724,37500
1989-04-14,0.0,1.3666670322418213,1.3333330154418945,1.3666670322418213,1.0089201927185059,21000
1989-04-17,0.0,1.350000023841858,1.350000023841858,1.350000023841858,0.9966157674789429,18750
1989-04-18,0.0,1.350000023841858,1.350000023841858,1.350000023841858,0.9966157674789429,13500
1989-04-19,0.0,1.3333330154418945,1.3333330154418945,1.3333330154418945,0.9843119978904724,7500
1989-04-20,0.0,1.3333330154418945,1.3333330154418945,1.3333330154418945,0.9843119978904724,6750
1989-04-21,0.0,1.350000023841858,1.3333330154418945,1.3333330154418945,0.9843119978904724,18000
1989-04-24,0.0,1.3333330154418945,1.3333330154418945,1.3333330154418945,0.9843119978904724,2250
1989-04-25,1.3333330154418945,1.3333330154418945,1.3333330154418945,1.3333330154418945,0.9843119978904724,0
1989-04-26,0.0,1.350000023841858,1.3333330154418945,1.350000023841858,0.9966157674789429,13500
1989-04-27,0.0,1.350000023841858,1.3333330154418945,1.3333330154418945,0.9843119978904724,31500
1989-04-28,0.0,1.350000023841858,1.3333330154418945,1.350000023841858,0.9966157674789429,7500
1989-05-01,0.0,1.3666670322418213,1.3333330154418945,1.350000023841858,0.9966157674789429,34500
1989-05-02,0.0,1.5666669607162476,1.3666670322418213,1.4833329916000366,1.0950467586517334,182250
1989-05-03,0.0,1.6166670322418213,1.5166670083999634,1.5666669607162476,1.1565667390823364,209250
1989-05-04,0.0,1.7666670083999634,1.5833330154418945,1.7000000476837158,1.2549971342086792,393750
1989-05-05,0.0,1.7833329439163208,1.6166670322418213,1.649999976158142,1.2180856466293335,260250
1989-05-08,0.0,1.6333329677581787,1.5499999523162842,1.5666669607162476,1.1565667390823364,110250
1989-05-09,0.0,1.649999976158142,1.5833330154418945,1.6333329677581787,1.2057815790176392,92250
1989-05-10,0.0,1.6333329677581787,1.600000023841858,1.6166670322418213,1.1934782266616821,15750
1989-05-11,0.0,1.6333329677581787,1.4500000476837158,1.4500000476837158,1.0704388618469238,153000
1989-05-12,0.0,1.3666670322418213,1.2999999523162842,1.3333330154418945,0.9843119978904724,143250
1989-05-15,0.0,1.3666670322418213,1.3333330154418945,1.3666670322418213,1.0089201927185059,41250
1989-05-16,0.0,1.4500000476837158,1.3666670322418213,1.4333330392837524,1.0581347942352295,37500
1989-05-17,0.0,1.4500000476837158,1.4500000476837158,1.4500000476837158,1.0704388618469238,14250
1989-05-18,1.4500000476837158,1.4500000476837158,1.4500000476837158,1.4500000476837158,1.0704388618469238,0
1989-05-19,0.0,1.5499999523162842,1.4500000476837158,1.5333329439163208,1.1319586038589478,43500
1989-05-22,0.0,1.600000023841858,1.5666669607162476,1.5833330154418945,1.168870210647583,29250
1989-05-23,0.0,1.5499999523162842,1.5499999523162842,1.5499999523162842,1.1442625522613525,7500
1989-05-24,0.0,1.5333329439163208,1.5333329439163208,1.5333329439163208,1.1319586038589478,3750
1989-05-25,0.0,1.5499999523162842,1.5499999523162842,1.5499999523162842,1.1442625522613525,750
1989-05-26,0.0,1.5333329439163208,1.5333329439163208,1.5333329439163208,1.1319586038589478,9750
1989-05-30,0.0,1.5499999523162842,1.5,1.5,1.1073508262634277,12750
1989-05-31,0.0,1.5666669607162476,1.5333329439163208,1.5666669607162476,1.1565667390823364,15000
1989-06-01,0.0,1.5499999523162842,1.5333329439163208,1.5333329439163208,1.1319586038589478,8250
1989-06-02,0.0,1.5,1.4833329916000366,1.5,1.1073508262634277,18750
1989-06-05,0.0,1.5,1.4500000476837158,1.4500000476837158,1.0704388618469238,24750
1989-06-06,0.0,1.4833329916000366,1.4500000476837158,1.4833329916000366,1.0950467586517334,6000
1989-06-07,0.0,1.5499999523162842,1.4833329916000366,1.5499999523162842,1.1442625522613525,18000
1989-06-08,0.0,1.5666669607162476,1.5333329439163208,1.5499999523162842,1.1442625522613525,15750
1989-06-09,0.0,1.5333329439163208,1.5166670083999634,1.5166670083999634,1.1196547746658325,6000
1989-06-12,0.0,1.5,1.5,1.5,1.1073508262634277,17250
1989-06-13,1.5,1.5,1.5,1.5,1.1073508262634277,0
1989-06-14,0.0,1.4833329916000366,1.4833329916000366,1.4833329916000366,1.0950467586517334,3750
1989-06-15,0.0,1.4666670560836792,1.4666670560836792,1.4666670560836792,1.0827434062957764,6000
1989-06-16,1.4666670560836792,1.4666670560836792,1.4666670560836792,1.4666670560836792,1.0827434062957764,0
1989-06-19,0.0,1.5,1.4666670560836792,1.4666670560836792,1.0827434062957764,6000
1989-06-20,1.4666670560836792,1.4666670560836792,1.4666670560836792,1.4666670560836792,1.0827434062957764,0
1989-06-21,0.0,1.5,1.4666670560836792,1.4666670560836792,1.0827434062957764,26250
1989-06-22,0.0,1.5166670083999634,1.4666670560836792,1.4833329916000366,1.0950467586517334,18750
1989-06-23,0.0,1.4833329916000366,1.4833329916000366,1.4833329916000366,1.0950467586517334,1500
1989-06-26,1.4833329916000366,1.4833329916000366,1.4833329916000366,1.4833329916000366,1.0950467586517334,0
1989-06-27,1.4833329916000366,1.4833329916000366,1.4833329916000366,1.4833329916000366,1.0950467586517334,0
1989-06-28,0.0,1.5166670083999634,1.4833329916000366,1.5166670083999634,1.1196547746658325,9750
1989-06-29,1.5166670083999634,1.5166670083999634,1.5166670083999634,1.5166670083999634,1.1196547746658325,0
1989-06-30,0.0,1.5,1.4833329916000366,1.4833329916000366,1.0950467586517334,9750
1989-07-03,0.0,1.4833329916000366,1.4833329916000366,1.4833329916000366,1.0950467586517334,11250
1989-07-05,0.0,1.4833329916000366,1.4666670560836792,1.4666670560836792,1.0827434062957764,11250
1989-07-06,1.4666670560836792,1.4666670560836792,1.4666670560836792,1.4666670560836792,1.0827434062957764,0
1989-07-07,0.0,1.4666670560836792,1.4666670560836792,1.4666670560836792,1.0827434062957764,2250
1989-07-10,0.0,1.4666670560836792,1.4666670560836792,1.4666670560836792,1.0827434062957764,2250
1989-07-11,0.0,1.5,1.4666670560836792,1.4666670560836792,1.0827434062957764,33750
1989-07-12,0.0,1.4666670560836792,1.4500000476837158,1.4500000476837158,1.0704388618469238,9750
1989-07-13,0.0,1.4666670560836792,1.4500000476837158,1.4666670560836792,1.0827434062957764,7500
1989-07-14,0.0,1.4666670560836792,1.4666670560836792,1.4666670560836792,1.0827434062957764,9000
1989-07-17,0.0,1.4333330392837524,1.4333330392837524,1.4333330392837524,1.0581347942352295,7500
1989-07-18,0.0,1.4500000476837158,1.4500000476837158,1.4500000476837158,1.0704388618469238,11250
1989-07-19,0.0,1.649999976158142,1.4666670560836792,1.600000023841858,1.1811739206314087,98250
1989-07-20,0.0,1.7333329916000366,1.6166670322418213,1.7166670560836792,1.2673015594482422,110250
1989-07-21,0.0,1.9166669845581055,1.7000000476837158,1.8833329677581787,1.3903398513793945,193500
1989-07-24,0.0,1.9500000476837158,1.8166669607162476,1.9333330392837524,1.4272522926330566,75750
1989-07-25,0.0,2.0999999046325684,1.9333330392837524,2.066667079925537,1.5256835222244263,111000
1989-07-26,0.0,2.266666889190674,2.049999952316284,2.2166669368743896,1.6364184617996216,438000
1989-07-27,0.0,2.7833330631256104,2.0999999046325684,2.7833330631256104,2.054750442504883,795750
1989-07-28,0.0,3.0,2.799999952316284,2.8666670322418213,2.1162705421447754,346500
1989-07-31,0.0,3.0833330154418945,2.9000000953674316,3.066667079925537,2.263917922973633,350250
1989-08-01,0.0,3.1333329677581787,3.0333330631256104,3.0333330631256104,2.2393088340759277,96750
1989-08-02,0.0,3.066667079925537,2.9166669845581055,3.049999952316284,2.251612424850464,128250
1989-08-03,0.0,3.0999999046325684,3.0333330631256104,3.049999952316284,2.251612424850464,124500
1989-08-04,0.0,3.450000047683716,3.0333330631256104,3.450000047683716,2.552485227584839,126750
1989-08-07,0.0,3.766666889190674,3.433332920074463,3.766666889190674,2.7867727279663086,173250
1989-08-08,0.0,3.9166669845581055,3.5333330631256104,3.5833330154418945,2.651132345199585,330000
1989-08-09,0.0,3.733333110809326,3.5999999046325684,3.700000047683716,2.7374494075775146,144000
1989-08-10,0.0,3.683332920074463,3.6333329677581787,3.683332920074463,2.72511887550354,69750
1989-08-11,0.0,3.7833330631256104,3.6666669845581055,3.7166669368743896,2.7497806549072266,87750
1989-08-14,0.0,3.7166669368743896,3.683332920074463,3.700000047683716,2.7374494075775146,119250
1989-08-15,0.0,4.1666669845581055,3.7166669368743896,4.1666669845581055,3.0827133655548096,312000
1989-08-16,0.0,4.699999809265137,4.216667175292969,4.283332824707031,3.1690292358398438,346500
1989-08-17,0.0,4.566667079925537,3.8666670322418213,4.466667175292969,3.3046696186065674,411750
1989-08-18,0.0,4.5,4.233333110809326,4.316667079925537,3.1936914920806885,136500
1989-08-21,0.0,4.233333110809326,4.0,4.099999904632568,3.0333902835845947,84000
1989-08-22,0.0,4.199999809265137,4.099999904632568,4.183332920074463,3.0950422286987305,48000
1989-08-23,0.0,4.216667175292969,4.099999904632568,4.133333206176758,3.058051109313965,110250
1989-08-24,0.0,4.1666669845581055,4.099999904632568,4.1666669845581055,3.0827133655548096,30000
1989-08-25,0.0,4.133333206176758,4.0833330154418945,4.0833330154418945,3.021057605743408,69000
1989-08-28,0.0,4.1666669845581055,4.116666793823242,4.133333206176758,3.058051109313965,72750
1989-08-29,0.0,4.466667175292969,4.1666669845581055,4.349999904632568,3.2183520793914795,126750
1989-08-30,0.0,4.766666889190674,4.316667079925537,4.766666889190674,3.526625394821167,237750
1989-08-31,0.0,5.366666793823242,4.75,5.3333330154418945,3.9458720684051514,445500
1989-09-01,0.0,5.433332920074463,5.099999904632568,5.433332920074463,4.0198564529418945,183000
1989-09-05,0.0,5.466667175292969,5.1666669845581055,5.283332824707031,3.908879280090332,111000
1989-09-06,0.0,5.233333110809326,4.9166669845581055,5.099999904632568,3.773240804672241,153000
1989-09-07,0.0,5.133333206176758,5.050000190734863,5.133333206176758,3.7979021072387695,20250
1989-09-08,0.0,5.133333206176758,5.0833330154418945,5.099999904632568,3.773240804672241,63000
1989-09-11,0.0,5.116666793823242,5.0,5.0833330154418945,3.7609097957611084,66000
1989-09-12,0.0,5.066667079925537,5.066667079925537,5.066667079925537,3.748579502105713,1500
1989-09-13,0.0,5.1666669845581055,5.099999904632568,5.133333206176758,3.7979021072387695,105000
1989-09-14,0.0,5.099999904632568,4.966667175292969,4.966667175292969,3.674593925476074,20250
1989-09-15,0.0,5.0,4.766666889190674,4.8333330154418945,3.5759456157684326,106500
1989-09-18,0.0,4.849999904632568,4.599999904632568,4.733333110809326,3.501962661743164,93750
1989-09-19,0.0,5.033332824707031,4.766666889190674,4.966667175292969,3.674593925476074,47250
1989-09-20,0.0,4.983333110809326,4.949999809265137,4.949999809265137,3.6622631549835205,2250
1989-09-21,0.0,4.933332920074463,4.866666793823242,4.933332920074463,3.6499311923980713,58500
1989-09-22,0.0,4.949999809265137,4.866666793823242,4.866666793823242,3.600609540939331,25500
1989-09-25,0.0,4.8333330154418945,4.733333110809326,4.733333110809326,3.501962661743164,36750
1989-09-26,0.0,4.733333110809326,4.683332920074463,4.699999809265137,3.477299928665161,51750
1989-09-27,0.0,4.699999809265137,4.633333206176758,4.633333206176758,3.427976608276367,108750
1989-09-28,0.0,4.800000190734863,4.633333206176758,4.800000190734863,3.5512852668762207,51750
1989-09-29,0.0,4.983333110809326,4.8333330154418945,4.983333110809326,3.6869242191314697,73500
1989-10-02,0.0,4.966667175292969,4.733333110809326,4.766666889190674,3.526625394821167,41250
1989-10-03,0.0,4.800000190734863,4.766666889190674,4.800000190734863,3.5512852668762207,30000
1989-10-04,0.0,4.766666889190674,4.716667175292969,4.733333110809326,3.501962661743164,23250
1989-10-05,0.0,4.866666793823242,4.699999809265137,4.716667175292969,3.4896299839019775,55500
1989-10-06,0.0,4.733333110809326,4.699999809265137,4.733333110809326,3.501962661743164,276000
1989-10-09,0.0,4.75,4.699999809265137,4.75,3.514291524887085,30000
1989-10-10,0.0,4.733333110809326,4.716667175292969,4.716667175292969,3.4896299839019775,18000
1989-10-11,0.0,4.733333110809326,4.400000095367432,4.433332920074463,3.28000545501709,117000
1989-10-12,0.0,4.433332920074463,4.0,4.0,2.9594039916992188,285750
1989-10-13,0.0,4.033332824707031,3.566667079925537,3.566667079925537,2.6388027667999268,177000
1989-10-16,0.0,3.566667079925537,3.233333110809326,3.316667079925537,2.4538395404815674,536250
1989-10-17,0.0,3.4000000953674316,3.233333110809326,3.3666670322418213,2.490832805633545,133500
1989-10-18,0.0,3.5333330631256104,3.3333330154418945,3.5333330631256104,2.614140748977661,47250
1989-10-19,0.0,3.8333330154418945,3.5333330631256104,3.7833330631256104,2.799102544784546,134250
1989-10-20,0.0,3.766666889190674,3.683332920074463,3.7166669368743896,2.7497806549072266,44250
1989-10-23,0.0,3.700000047683716,3.5833330154418945,3.5999999046325684,2.663463830947876,50250
1989-10-24,0.0,3.5333330631256104,3.3499999046325684,3.3499999046325684,2.478501319885254,58500
1989-10-25,0.0,3.3833329677581787,3.233333110809326,3.233333110809326,2.3921844959259033,84000
1989-10-26,0.0,3.200000047683716,2.766666889190674,2.933332920074463,2.1702287197113037,228750
1989-10-27,0.0,2.9000000953674316,2.5333330631256104,2.683332920074463,1.9852663278579712,334500
1989-10-30,0.0,2.5999999046325684,2.3333330154418945,2.549999952316284,1.8866204023361206,252750
1989-10-31,0.0,2.700000047683716,2.5333330631256104,2.6500000953674316,1.9606059789657593,133500
1989-11-01,0.0,3.1166670322418213,2.6500000953674316,3.0833330154418945,2.281208038330078,107250
1989-11-02,0.0,3.233333110809326,3.0833330154418945,3.233333110809326,2.3921844959259033,125250
1989-11-03,0.0,3.183332920074463,3.0833330154418945,3.1333329677581787,2.31820011138916,69750
1989-11-06,0.0,3.1333329677581787,2.8833329677581787,2.9166669845581055,2.1625006198883057,41250
1989-11-07,0.0,2.9166669845581055,2.9166669845581055,2.9166669845581055,2.1625006198883057,750
1989-11-08,0.0,2.9000000953674316,2.9000000953674316,2.9000000953674316,2.1501431465148926,1500
1989-11-09,0.0,2.9000000953674316,2.7166669368743896,2.799999952316284,2.0760011672973633,40500
1989-11-10,0.0,2.816667079925537,2.816667079925537,2.816667079925537,2.088358163833618,3000
1989-11-13,0.0,2.7833330631256104,2.7833330631256104,2.7833330631256104,2.0636417865753174,5250
1989-11-14,0.0,2.75,2.700000047683716,2.700000047683716,2.0018579959869385,5250
1989-11-15,0.0,2.6666669845581055,2.5,2.5333330631256104,1.878286361694336,67500
1989-11-16,0.0,2.566667079925537,2.5333330631256104,2.5333330631256104,1.878286361694336,12750
1989-11-17,0.0,2.516666889190674,2.4166669845581055,2.450000047683716,1.8165000677108765,24000
1989-11-20,0.0,2.433332920074463,2.3666670322418213,2.4000000953674316,1.7794286012649536,39750
1989-11-21,0.0,2.4000000953674316,2.299999952316284,2.316667079925537,1.7176439762115479,29250
1989-11-22,0.0,2.3499999046325684,2.233333110809326,2.3499999046325684,1.7423571348190308,102750
1989-11-24,0.0,2.566667079925537,2.3666670322418213,2.566667079925537,1.9030002355575562,36750
1989-11-27,0.0,2.700000047683716,2.566667079925537,2.700000047683716,2.0018579959869385,113250
1989-11-28,0.0,2.75,2.6666669845581055,2.733333110809326,2.0265724658966064,47250
1989-11-29,0.0,2.733333110809326,2.700000047683716,2.733333110809326,2.0265724658966064,27000
1989-11-30,0.0,2.700000047683716,2.6666669845581055,2.6666669845581055,1.9771430492401123,13500
1989-12-01,0.0,2.6333329677581787,2.5833330154418945,2.6333329677581787,1.952428936958313,30000
1989-12-04,0.0,2.6500000953674316,2.549999952316284,2.6500000953674316,1.9647860527038574,39000
1989-12-05,0.0,2.6500000953674316,2.5999999046325684,2.6500000953674316,1.9647860527038574,10500
1989-12-06,0.0,2.6666669845581055,2.5999999046325684,2.5999999046325684,1.9277145862579346,15000
1989-12-07,0.0,2.6166670322418213,2.566667079925537,2.6166670322418213,1.9400721788406372,21000
1989-12-08,0.0,2.6166670322418213,2.549999952316284,2.6166670322418213,1.9400721788406372,25500
1989-12-11,0.0,2.6166670322418213,2.5999999046325684,2.5999999046325684,1.9277145862579346,12000
1989-12-12,0.0,2.700000047683716,2.5999999046325684,2.683332920074463,1.9895002841949463,52500
1989-12-13,0.0,2.75,2.6666669845581055,2.683332920074463,1.9895002841949463,65250
1989-12-14,0.0,2.683332920074463,2.5833330154418945,2.5833330154418945,1.9153571128845215,10500
1989-12-15,0.0,2.549999952316284,2.4166669845581055,2.483333110809326,1.8412139415740967,28500
1989-12-18,0.0,2.483333110809326,2.3499999046325684,2.3666670322418213,1.7547155618667603,90000
1989-12-19,2.3666670322418213,2.3666670322418213,2.3666670322418213,2.3666670322418213,1.7547155618667603,0
1989-12-20,0.0,2.483333110809326,2.3666670322418213,2.483333110809326,1.8412139415740967,17250
1989-12-21,0.0,2.6166670322418213,2.4166669845581055,2.6166670322418213,1.9400721788406372,75750
1989-12-22,0.0,2.6666669845581055,2.6333329677581787,2.6666669845581055,1.9771430492401123,6750
1989-12-26,0.0,2.9000000953674316,2.700000047683716,2.8666670322418213,2.1254284381866455,53250
1989-12-27,0.0,3.0333330631256104,2.9000000953674316,3.0333330631256104,2.249000310897827,91500
1989-12-28,0.0,3.4000000953674316,3.049999952316284,3.4000000953674316,2.5208568572998047,234000
1989-12-29,0.0,3.5999999046325684,3.266666889190674,3.266666889190674,2.4220006465911865,168750
1990-01-02,0.0,3.3666670322418213,3.299999952316284,3.3666670322418213,2.496142864227295,63000
1990-01-03,0.0,3.3833329677581787,3.299999952316284,3.299999952316284,2.4467146396636963,78750
1990-01-04,0.0,3.299999952316284,3.200000047683716,3.200000047683716,2.3725717067718506,44250
1990-01-05,0.0,3.200000047683716,3.1500000953674316,3.200000047683716,2.3725717067718506,33750
1990-01-08,0.0,3.200000047683716,3.1666669845581055,3.200000047683716,2.3725717067718506,9750
1990-01-09,0.0,3.25,3.1666669845581055,3.200000047683716,2.3725717067718506,214500
1990-01-10,0.0,3.183332920074463,3.1166670322418213,3.1166670322418213,2.310786008834839,47250
1990-01-11,0.0,3.1500000953674316,3.0833330154418945,3.1166670322418213,2.310786008834839,43500
1990-01-12,0.0,3.066667079925537,3.0,3.066667079925537,2.2737154960632324,42000
1990-01-15,0.0,3.0833330154418945,3.0333330631256104,3.0833330154418945,2.286071300506592,9750
1990-01-16,0.0,3.049999952316284,3.0,3.016666889190674,2.2366440296173096,13500
1990-01-17,0.0,3.0833330154418945,3.049999952316284,3.049999952316284,2.261357545852661,9750
1990-01-18,0.0,3.066667079925537,3.0333330631256104,3.066667079925537,2.2737154960632324,32250
1990-01-19,0.0,3.066667079925537,3.0,3.049999952316284,2.261357545852661,50250
1990-01-22,0.0,3.066667079925537,3.0333330631256104,3.0333330631256104,2.249000310897827,49500
1990-01-23,0.0,3.0333330631256104,3.0,3.0,2.2242860794067383,14250
1990-01-24,0.0,2.9666669368743896,2.8666670322418213,2.8666670322418213,2.1254284381866455,32250
1990-01-25,0.0,2.9166669845581055,2.8499999046325684,2.9166669845581055,2.1625006198883057,25500
1990-01-26,0.0,2.9000000953674316,2.799999952316284,2.8666670322418213,2.1254284381866455,40500
1990-01-29,0.0,3.066667079925537,2.9000000953674316,3.016666889190674,2.2366440296173096,46500
1990-01-30,0.0,3.016666889190674,2.950000047683716,2.950000047683716,2.1872143745422363,26250
1990-01-31,0.0,3.0333330631256104,2.933332920074463,3.0333330631256104,2.249000310897827,56250
1990-02-01,0.0,3.066667079925537,3.049999952316284,3.066667079925537,2.2737154960632324,9750
1990-02-02,0.0,3.0333330631256104,3.0,3.016666889190674,2.2366440296173096,9750
1990-02-05,0.0,3.1333329677581787,3.0333330631256104,3.1166670322418213,2.310786008834839,77250
1990-02-06,0.0,3.5833330154418945,3.1333329677581787,3.566667079925537,2.644429922103882,328500
1990-02-07,0.0,3.950000047683716,3.5333330631256104,3.766666889190674,2.792714834213257,259500
1990-02-08,0.0,3.8333330154418945,3.6666669845581055,3.733333110809326,2.7679994106292725,72750
1990-02-09,0.0,3.8499999046325684,3.6666669845581055,3.799999952316284,2.8174304962158203,66000
1990-02-12,0.0,3.7833330631256104,3.683332920074463,3.7166669368743896,2.7556440830230713,18000
1990-02-13,0.0,3.799999952316284,3.700000047683716,3.700000047683716,2.743285894393921,63000
1990-02-14,0.0,3.733333110809326,3.549999952316284,3.5833330154418945,2.656785726547241,64500
1990-02-15,0.0,3.6333329677581787,3.5833330154418945,3.6333329677581787,2.693857192993164,12750
1990-02-16,0.0,3.700000047683716,3.5999999046325684,3.700000047683716,2.743285894393921,24000
1990-02-20,0.0,3.7166669368743896,3.6333329677581787,3.700000047683716,2.743285894393921,105000
1990-02-21,0.0,3.683332920074463,3.5833330154418945,3.6666669845581055,2.7185721397399902,40500
1990-02-22,0.0,3.7166669368743896,3.6333329677581787,3.6333329677581787,2.693857192993164,35250
1990-02-23,0.0,3.733333110809326,3.5999999046325684,3.683332920074463,2.730929374694824,49500
1990-02-26,0.0,3.683332920074463,3.5833330154418945,3.5833330154418945,2.656785726547241,28500
1990-02-27,0.0,3.766666889190674,3.5999999046325684,3.733333110809326,2.7679994106292725,47250
1990-02-28,0.0,3.8499999046325684,3.766666889190674,3.799999952316284,2.8174304962158203,69750
1990-03-01,0.0,3.933332920074463,3.5999999046325684,3.766666889190674,2.7995898723602295,159750
1990-03-02,0.0,3.8499999046325684,3.799999952316284,3.816667079925537,2.836754322052002,72750
1990-03-05,0.0,3.816667079925537,3.6666669845581055,3.6666669845581055,2.7252657413482666,25500
1990-03-06,0.0,3.6333329677581787,3.5333330631256104,3.6166670322418213,2.6881024837493896,62250
1990-03-07,0.0,3.5833330154418945,3.483333110809326,3.549999952316284,2.638551950454712,33750
1990-03-08,0.0,3.6166670322418213,3.483333110809326,3.483333110809326,2.5890018939971924,18000
1990-03-09,0.0,3.5333330631256104,3.4666669368743896,3.4666669368743896,2.576615333557129,109500
1990-03-12,0.0,3.433332920074463,3.299999952316284,3.316667079925537,2.4651265144348145,57000
1990-03-13,0.0,3.299999952316284,3.066667079925537,3.1500000953674316,2.341250419616699,191250
1990-03-14,0.0,3.316667079925537,3.1666669845581055,3.266666889190674,2.427964210510254,75000
1990-03-15,0.0,3.2833330631256104,3.2166669368743896,3.25,2.4155771732330322,16500
1990-03-16,0.0,3.3333330154418945,3.1333329677581787,3.1333329677581787,2.328862428665161,65250
1990-03-19,0.0,3.1333329677581787,3.066667079925537,3.0833330154418945,2.2916994094848633,18000
1990-03-20,0.0,3.1666669845581055,3.0833330154418945,3.1666669845581055,2.353637933731079,16500
1990-03-21,0.0,3.200000047683716,3.183332920074463,3.183332920074463,2.3660247325897217,7500
1990-03-22,0.0,3.1500000953674316,3.0833330154418945,3.1500000953674316,2.341250419616699,40500
1990-03-23,0.0,3.266666889190674,3.183332920074463,3.266666889190674,2.427964210510254,40500
1990-03-26,0.0,3.2833330631256104,3.1666669845581055,3.200000047683716,2.378412961959839,31500
1990-03-27,0.0,3.183332920074463,3.1333329677581787,3.1666669845581055,2.353637933731079,15750
1990-03-28,0.0,3.233333110809326,3.016666889190674,3.016666889190674,2.2421505451202393,48000
1990-03-29,0.0,3.0333330631256104,2.8499999046325684,2.933332920074463,2.1802122592926025,49500
1990-03-30,2.933332920074463,2.933332920074463,2.933332920074463,2.933332920074463,2.1802122592926025,0
1990-04-02,0.0,2.983333110809326,2.75,2.983333110809326,2.2173750400543213,63750
1990-04-03,0.0,2.983333110809326,2.9166669845581055,2.983333110809326,2.2173750400543213,24750
1990-04-04,0.0,3.0333330631256104,3.0,3.0333330631256104,2.25453782081604,20250
1990-04-05,0.0,3.200000047683716,3.049999952316284,3.200000047683716,2.378412961959839,51750
1990-04-06,3.200000047683716,3.200000047683716,3.200000047683716,3.200000047683716,2.378412961959839,0
1990-04-09,0.0,3.183332920074463,3.1666669845581055,3.183332920074463,2.3660247325897217,30750
1990-04-10,0.0,3.1666669845581055,3.1500000953674316,3.1666669845581055,2.353637933731079,95250
1990-04-11,0.0,3.1333329677581787,3.0333330631256104,3.0999999046325684,2.3040876388549805,72000
1990-04-12,0.0,3.1166670322418213,3.0833330154418945,3.1166670322418213,2.316476583480835,19500
1990-04-16,0.0,3.1666669845581055,3.1333329677581787,3.1333329677581787,2.328862428665161,7500
1990-04-17,0.0,3.1333329677581787,3.1166670322418213,3.1333329677581787,2.328862428665161,6000
1990-04-18,0.0,3.1500000953674316,3.0833330154418945,3.0999999046325684,2.3040876388549805,79500
1990-04-19,0.0,3.1333329677581787,3.066667079925537,3.0833330154418945,2.2916994094848633,9750
1990-04-20,0.0,3.0999999046325684,3.016666889190674,3.016666889190674,2.2421505451202393,9000
1990-04-23,0.0,3.0833330154418945,3.016666889190674,3.0333330631256104,2.25453782081604,12000
1990-04-24,0.0,3.066667079925537,3.016666889190674,3.066667079925537,2.2793140411376953,23250
1990-04-25,0.0,3.1666669845581055,3.016666889190674,3.1666669845581055,2.353637933731079,42000
1990-04-26,0.0,3.183332920074463,3.0,3.016666889190674,2.2421505451202393,78000
1990-04-27,0.0,3.066667079925537,3.016666889190674,3.066667079925537,2.2793140411376953,50250
1990-04-30,0.0,3.0999999046325684,3.0,3.016666889190674,2.2421505451202393,50250
1990-05-01,0.0,3.016666889190674,2.983333110809326,3.0,2.2297630310058594,26250
1990-05-02,0.0,3.016666889190674,2.950000047683716,2.983333110809326,2.2173750400543213,51750
1990-05-03,0.0,3.016666889190674,2.983333110809326,3.016666889190674,2.2421505451202393,12750
1990-05-04,0.0,3.016666889190674,2.933332920074463,2.933332920074463,2.1802122592926025,56250
1990-05-07,0.0,2.950000047683716,2.8833329677581787,2.8833329677581787,2.1430492401123047,27750
1990-05-08,0.0,2.933332920074463,2.9166669845581055,2.933332920074463,2.1802122592926025,12750
1990-05-09,0.0,3.016666889190674,2.9166669845581055,3.016666889190674,2.2421505451202393,22500
1990-05-10,0.0,3.0333330631256104,3.016666889190674,3.0333330631256104,2.25453782081604,3000
1990-05-11,0.0,3.066667079925537,3.016666889190674,3.016666889190674,2.2421505451202393,17250
1990-05-14,0.0,3.066667079925537,3.0333330631256104,3.0333330631256104,2.25453782081604,36750
1990-05-15,0.0,3.0,2.9666669368743896,2.9666669368743896,2.2049875259399414,6000
1990-05-16,0.0,3.0,2.9666669368743896,2.9666669368743896,2.2049875259399414,7500
1990-05-17,0.0,2.9666669368743896,2.9000000953674316,2.9666669368743896,2.2049875259399414,18000
1990-05-18,0.0,3.266666889190674,3.0,3.25,2.4155771732330322,123000
1990-05-21,0.0,3.450000047683716,3.3333330154418945,3.3499999046325684,2.4899017810821533,203250
1990-05-22,0.0,3.4666669368743896,3.3666670322418213,3.4000000953674316,2.534123182296753,148500
1990-05-23,0.0,3.5333330631256104,3.4000000953674316,3.516666889190674,2.621079683303833,111750
1990-05-24,0.0,3.5833330154418945,3.5333330631256104,3.5833330154418945,2.6707675457000732,62250
1990-05-25,0.0,3.5999999046325684,3.5333330631256104,3.549999952316284,2.645923376083374,25500
1990-05-29,0.0,3.516666889190674,3.4000000953674316,3.433332920074463,2.5589680671691895,45000
1990-05-30,0.0,3.450000047683716,3.25,3.2833330631256104,2.447169303894043,60750
1990-05-31,0.0,3.3333330154418945,3.2833330631256104,3.3333330154418945,2.4844353199005127,35250
1990-06-01,0.0,3.3333330154418945,3.266666889190674,3.266666889190674,2.4347474575042725,21750
1990-06-04,0.0,3.233333110809326,3.0833330154418945,3.183332920074463,2.37263560295105,63000
1990-06-05,0.0,3.1666669845581055,3.1166670322418213,3.1166670322418213,2.322946786880493,15750
1990-06-06,0.0,3.200000047683716,3.1500000953674316,3.200000047683716,2.3850576877593994,7500
1990-06-07,0.0,3.316667079925537,3.2166669368743896,3.316667079925537,2.4720137119293213,24000
1990-06-08,0.0,3.3499999046325684,3.299999952316284,3.3499999046325684,2.4968576431274414,22500
1990-06-11,0.0,3.4000000953674316,3.3333330154418945,3.4000000953674316,2.534123182296753,22500
1990-06-12,0.0,3.450000047683716,3.4000000953674316,3.4166669845581055,2.5465471744537354,38250
1990-06-13,0.0,3.6333329677581787,3.3833329677581787,3.566667079925537,2.65834641456604,138000
1990-06-14,0.0,3.933332920074463,3.516666889190674,3.9000000953674316,2.906789779663086,323250
1990-06-15,0.0,4.050000190734863,3.7833330631256104,3.9000000953674316,2.906789779663086,263250
1990-06-18,0.0,4.133333206176758,3.9166669845581055,3.933332920074463,2.9316322803497314,372000
1990-06-19,0.0,4.099999904632568,3.8833329677581787,4.099999904632568,3.055856227874756,115500
1990-06-20,0.0,4.349999904632568,4.1666669845581055,4.266666889190674,3.1800765991210938,206250
1990-06-21,0.0,4.400000095367432,4.266666889190674,4.366666793823242,3.254610538482666,180750
1990-06-22,0.0,4.383333206176758,4.199999809265137,4.199999809265137,3.1303882598876953,106500
1990-06-25,0.0,4.199999809265137,4.099999904632568,4.1666669845581055,3.105543613433838,133500
1990-06-26,0.0,4.25,4.199999809265137,4.216667175292969,3.142810583114624,36000
1990-06-27,0.0,4.4166669845581055,4.1666669845581055,4.383333206176758,3.267033576965332,237750
1990-06-28,0.0,4.433332920074463,4.366666793823242,4.366666793823242,3.254610538482666,73500
1990-06-29,0.0,4.449999809265137,4.266666889190674,4.449999809265137,3.3167197704315186,105750
1990-07-02,0.0,4.550000190734863,4.466667175292969,4.466667175292969,3.329143524169922,43500
1990-07-03,0.0,4.449999809265137,4.300000190734863,4.349999904632568,3.2421891689300537,46500
1990-07-05,0.0,4.316667079925537,4.266666889190674,4.316667079925537,3.21734356880188,42750
1990-07-06,0.0,4.300000190734863,4.233333110809326,4.25,3.1676557064056396,18000
1990-07-09,0.0,4.25,4.199999809265137,4.25,3.1676557064056396,11250
1990-07-10,0.0,4.266666889190674,4.216667175292969,4.216667175292969,3.142810583114624,18750
1990-07-11,0.0,4.5,4.25,4.483333110809326,3.3415639400482178,57750
1990-07-12,0.0,4.5833330154418945,4.400000095367432,4.433332920074463,3.3042984008789062,75750
1990-07-13,0.0,4.466667175292969,4.383333206176758,4.466667175292969,3.329143524169922,31500
1990-07-16,0.0,4.433332920074463,4.300000190734863,4.349999904632568,3.2421891689300537,48750
1990-07-17,0.0,4.349999904632568,4.099999904632568,4.266666889190674,3.1800765991210938,92250
1990-07-18,0.0,4.300000190734863,4.199999809265137,4.266666889190674,3.1800765991210938,33750
1990-07-19,0.0,4.283332824707031,4.1666669845581055,4.199999809265137,3.1303882598876953,22500
1990-07-20,0.0,3.049999952316284,2.9000000953674316,2.933332920074463,2.186302423477173,1783500
1990-07-23,0.0,2.933332920074463,2.683332920074463,2.933332920074463,2.186302423477173,130500
1990-07-24,0.0,3.200000047683716,2.933332920074463,3.183332920074463,2.37263560295105,102750
1990-07-25,0.0,3.3333330154418945,3.200000047683716,3.316667079925537,2.4720137119293213,184500
1990-07-26,0.0,3.433332920074463,3.316667079925537,3.4000000953674316,2.534123182296753,84000
1990-07-27,0.0,3.433332920074463,3.3666670322418213,3.3666670322418213,2.5092804431915283,40500
1990-07-30,0.0,3.3499999046325684,3.183332920074463,3.200000047683716,2.3850576877593994,39000
1990-07-31,0.0,3.299999952316284,3.183332920074463,3.233333110809326,2.409902572631836,72000
1990-08-01,0.0,3.3666670322418213,3.25,3.299999952316284,2.4595916271209717,51750
1990-08-02,0.0,3.516666889190674,3.299999952316284,3.433332920074463,2.5589680671691895,98250
1990-08-03,0.0,3.4666669368743896,3.1666669845581055,3.25,2.4223246574401855,58500
1990-08-06,0.0,3.183332920074463,3.066667079925537,3.0999999046325684,2.3105239868164062,42750
1990-08-07,0.0,3.1666669845581055,3.066667079925537,3.0833330154418945,2.298102617263794,33750
1990-08-08,0.0,3.200000047683716,3.0833330154418945,3.200000047683716,2.3850576877593994,24000
1990-08-09,0.0,3.25,3.200000047683716,3.25,2.4223246574401855,21000
1990-08-10,0.0,3.2166669368743896,3.1166670322418213,3.1666669845581055,2.360213041305542,38250
1990-08-13,0.0,3.1500000953674316,3.0999999046325684,3.1500000953674316,2.3477911949157715,9750
1990-08-14,0.0,3.2166669368743896,3.1500000953674316,3.1666669845581055,2.360213041305542,80250
1990-08-15,0.0,3.233333110809326,3.183332920074463,3.233333110809326,2.409902572631836,15000
1990-08-16,0.0,3.25,3.183332920074463,3.200000047683716,2.3850576877593994,16500
1990-08-17,0.0,3.1666669845581055,3.0333330631256104,3.066667079925537,2.28568172454834,22500
1990-08-20,0.0,3.0333330631256104,2.950000047683716,2.983333110809326,2.2235705852508545,19500
1990-08-21,0.0,2.950000047683716,2.7833330631256104,2.950000047683716,2.198725461959839,79500
1990-08-22,0.0,2.9666669368743896,2.8833329677581787,2.933332920074463,2.186302423477173,36750
1990-08-23,0.0,2.9000000953674316,2.8333330154418945,2.8333330154418945,2.111769914627075,10500
1990-08-24,0.0,2.8666670322418213,2.75,2.75,2.0496597290039062,30000
1990-08-27,0.0,2.9166669845581055,2.766666889190674,2.9166669845581055,2.1738810539245605,27000
1990-08-28,0.0,2.950000047683716,2.8499999046325684,2.950000047683716,2.2057831287384033,33000
1990-08-29,0.0,2.9666669368743896,2.9000000953674316,2.9000000953674316,2.168397903442383,18750
1990-08-30,0.0,2.8833329677581787,2.8666670322418213,2.8666670322418213,2.1434731483459473,6750
1990-08-31,2.8666670322418213,2.8666670322418213,2.8666670322418213,2.8666670322418213,2.1434731483459473,0
1990-09-04,0.0,2.8666670322418213,2.8333330154418945,2.8666670322418213,2.1434731483459473,3750
1990-09-05,2.8666670322418213,2.8666670322418213,2.8666670322418213,2.8666670322418213,2.1434731483459473,0
1990-09-06,0.0,2.8499999046325684,2.8499999046325684,2.8499999046325684,2.131009340286255,3750
1990-09-07,0.0,2.950000047683716,2.9000000953674316,2.9166669845581055,2.1808595657348633,24000
1990-09-10,0.0,2.933332920074463,2.9000000953674316,2.9000000953674316,2.168397903442383,6000
1990-09-11,0.0,2.933332920074463,2.9000000953674316,2.9166669845581055,2.1808595657348633,3750
1990-09-12,0.0,2.8833329677581787,2.8666670322418213,2.8833329677581787,2.1559360027313232,8250
1990-09-13,0.0,2.9000000953674316,2.8666670322418213,2.9000000953674316,2.168397903442383,9000
1990-09-14,0.0,2.8666670322418213,2.8499999046325684,2.8499999046325684,2.131009340286255,12750
1990-09-17,0.0,2.816667079925537,2.799999952316284,2.816667079925537,2.106088161468506,6750
1990-09-18,0.0,2.799999952316284,2.799999952316284,2.799999952316284,2.093625068664551,3000
1990-09-19,0.0,2.799999952316284,2.7833330631256104,2.7833330631256104,2.081162452697754,26250
1990-09-20,0.0,2.766666889190674,2.683332920074463,2.683332920074463,2.00639009475708,5250
1990-09-21,0.0,2.700000047683716,2.700000047683716,2.700000047683716,2.018852710723877,750
1990-09-24,0.0,2.700000047683716,2.5999999046325684,2.5999999046325684,1.9440815448760986,42750
1990-09-25,0.0,2.5833330154418945,2.4000000953674316,2.433332920074463,1.819460153579712,39000
1990-09-26,0.0,2.3666670322418213,1.899999976158142,1.9166669845581055,1.4331365823745728,98250
1990-09-27,0.0,1.899999976158142,1.8666670322418213,1.8833329677581787,1.4082119464874268,28500
1990-09-28,0.0,2.233333110809326,1.7999999523162842,2.183332920074463,1.6325290203094482,103500
1990-10-01,0.0,2.4666669368743896,2.200000047683716,2.4666669368743896,1.8443843126296997,47250
1990-10-02,0.0,2.5,2.3333330154418945,2.3333330154418945,1.7446870803833008,57000
1990-10-03,0.0,2.4166669845581055,2.316667079925537,2.4166669845581055,1.8069984912872314,33750
1990-10-04,0.0,2.433332920074463,2.4000000953674316,2.433332920074463,1.819460153579712,9750
1990-10-05,0.0,2.450000047683716,2.3499999046325684,2.3499999046325684,1.757149338722229,13500
1990-10-08,0.0,2.3333330154418945,2.2833330631256104,2.2833330631256104,1.707301378250122,4500
1990-10-09,0.0,2.299999952316284,2.266666889190674,2.266666889190674,1.6948391199111938,2250
1990-10-10,2.266666889190674,2.266666889190674,2.266666889190674,2.266666889190674,1.6948391199111938,0
1990-10-11,0.0,2.233333110809326,2.2166669368743896,2.2166669368743896,1.657453179359436,8250
1990-10-12,0.0,2.25,2.200000047683716,2.200000047683716,1.6449916362762451,5250
1990-10-15,0.0,2.1666669845581055,2.1666669845581055,2.1666669845581055,1.62006676197052,2250
1990-10-16,0.0,2.1666669845581055,2.1166670322418213,2.1500000953674316,1.60760498046875,225750
1990-10-17,0.0,2.2166669368743896,2.1666669845581055,2.2166669368743896,1.657453179359436,30000
1990-10-18,0.0,2.25,2.1333329677581787,2.1333329677581787,1.5951417684555054,14250
1990-10-19,0.0,2.1500000953674316,2.1166670322418213,2.1500000953674316,1.60760498046875,30750
1990-10-22,0.0,2.0999999046325684,2.0999999046325684,2.0999999046325684,1.5702186822891235,3000
1990-10-23,0.0,2.1166670322418213,2.1166670322418213,2.1166670322418213,1.5826808214187622,1500
1990-10-24,2.1166670322418213,2.1166670322418213,2.1166670322418213,2.1166670322418213,1.5826808214187622,0
1990-10-25,0.0,2.0833330154418945,2.016666889190674,2.0333330631256104,1.5203704833984375,6000
1990-10-26,0.0,2.049999952316284,1.9333330392837524,1.9333330392837524,1.445597767829895,9000
1990-10-29,0.0,1.9166669845581055,1.7999999523162842,1.8333330154418945,1.3708252906799316,15000
1990-10-30,1.8333330154418945,1.8333330154418945,1.8333330154418945,1.8333330154418945,1.3708252906799316,0
1990-10-31,0.0,1.7999999523162842,1.7999999523162842,1.7999999523162842,1.3459020853042603,750
1990-11-01,0.0,1.7833329439163208,1.7666670083999634,1.7833329439163208,1.3334399461746216,4500
1990-11-02,0.0,1.75,1.6666669845581055,1.6666669845581055,1.2462060451507568,12000
1990-11-05,0.0,1.649999976158142,1.649999976158142,1.649999976158142,1.233743667602539,8250
1990-11-06,0.0,1.6333329677581787,1.5,1.5166670083999634,1.1340471506118774,33750
1990-11-07,0.0,1.4666670560836792,1.4166669845581055,1.4166669845581055,1.0592747926712036,30000
1990-11-08,0.0,1.5,1.4333330392837524,1.5,1.1215851306915283,34500
1990-11-09,0.0,1.5499999523162842,1.5,1.5499999523162842,1.158970832824707,7500
1990-11-12,0.0,1.600000023841858,1.5666669607162476,1.5666669607162476,1.171433687210083,6000
1990-11-13,0.0,1.5833330154418945,1.5499999523162842,1.5666669607162476,1.171433687210083,6000
1990-11-14,0.0,1.5666669607162476,1.5166670083999634,1.5333329439163208,1.1465089321136475,19500
1990-11-15,0.0,1.600000023841858,1.5333329439163208,1.600000023841858,1.196357011795044,13500
1990-11-16,0.0,1.6833330392837524,1.6166670322418213,1.6833330392837524,1.2586673498153687,14250
1990-11-19,0.0,1.8333330154418945,1.7000000476837158,1.8333330154418945,1.3708252906799316,19500
1990-11-20,0.0,1.9833329916000366,1.850000023841858,1.899999976158142,1.420674204826355,54750
1990-11-21,0.0,1.9666670560836792,1.899999976158142,1.899999976158142,1.420674204826355,179250
1990-11-23,0.0,1.8833329677581787,1.8666670322418213,1.8666670322418213,1.3957502841949463,3000
1990-11-26,0.0,1.8333330154418945,1.7999999523162842,1.7999999523162842,1.3459020853042603,21750
1990-11-27,0.0,1.7999999523162842,1.7999999523162842,1.7999999523162842,1.352916955947876,3750
1990-11-28,0.0,1.8333330154418945,1.7999999523162842,1.8333330154418945,1.377970576286316,8250
1990-11-29,1.8333330154418945,1.8333330154418945,1.8333330154418945,1.8333330154418945,1.377970576286316,0
1990-11-30,0.0,1.7999999523162842,1.7666670083999634,1.7666670083999634,1.3278628587722778,9750
1990-12-03,1.7666670083999634,1.7666670083999634,1.7666670083999634,1.7666670083999634,1.3278628587722778,0
1990-12-04,0.0,1.75,1.7333329916000366,1.75,1.3153351545333862,6000
1990-12-05,0.0,1.7166670560836792,1.6333329677581787,1.6666669845581055,1.2527005672454834,28500
1990-12-06,0.0,1.6833330392837524,1.6666669845581055,1.6666669845581055,1.2527005672454834,12750
1990-12-07,0.0,1.7166670560836792,1.7000000476837158,1.7166670560836792,1.2902816534042358,13500
1990-12-10,0.0,1.7000000476837158,1.6833330392837524,1.7000000476837158,1.2777549028396606,5250
1990-12-11,0.0,1.6666669845581055,1.6666669845581055,1.6666669845581055,1.2527005672454834,5250
1990-12-12,0.0,1.6666669845581055,1.6166670322418213,1.649999976158142,1.2401736974716187,13500
1990-12-13,0.0,1.649999976158142,1.649999976158142,1.649999976158142,1.2401736974716187,1500
1990-12-14,0.0,1.6833330392837524,1.649999976158142,1.649999976158142,1.2401736974716187,4500
1990-12-17,0.0,1.6166670322418213,1.600000023841858,1.600000023841858,1.2025929689407349,7500
1990-12-18,0.0,1.5833330154418945,1.5333329439163208,1.5333329439163208,1.1524841785430908,11250
1990-12-19,0.0,1.5,1.4833329916000366,1.4833329916000366,1.114903450012207,3750
1990-12-20,0.0,1.4666670560836792,1.3833329677581787,1.4500000476837158,1.0898497104644775,25500
1990-12-21,0.0,1.5666669607162476,1.4333330392837524,1.5499999523162842,1.1650116443634033,267000
1990-12-24,0.0,1.600000023841858,1.5666669607162476,1.600000023841858,1.2025929689407349,40500
1990-12-26,0.0,1.6166670322418213,1.5666669607162476,1.6166670322418213,1.2151198387145996,11250
1990-12-27,1.6166670322418213,1.6166670322418213,1.6166670322418213,1.6166670322418213,1.2151198387145996,0
1990-12-28,0.0,1.6166670322418213,1.5666669607162476,1.5666669607162476,1.177538275718689,16500
1990-12-31,0.0,1.600000023841858,1.4666670560836792,1.5333329439163208,1.1524841785430908,234000
1991-01-02,1.5333329439163208,1.5333329439163208,1.5333329439163208,1.5333329439163208,1.1524841785430908,0
1991-01-03,0.0,1.5666669607162476,1.5499999523162842,1.5666669607162476,1.177538275718689,3000
1991-01-04,0.0,1.600000023841858,1.5833330154418945,1.600000023841858,1.2025929689407349,3750
1991-01-07,1.600000023841858,1.600000023841858,1.600000023841858,1.600000023841858,1.2025929689407349,0
1991-01-08,1.600000023841858,1.600000023841858,1.600000023841858,1.600000023841858,1.2025929689407349,0
1991-01-09,0.0,1.6166670322418213,1.5833330154418945,1.5833330154418945,1.1900655031204224,4500
1991-01-10,0.0,1.5833330154418945,1.5666669607162476,1.5833330154418945,1.1900655031204224,4500
1991-01-11,0.0,1.5833330154418945,1.5833330154418945,1.5833330154418945,1.1900655031204224,750
1991-01-14,1.5833330154418945,1.5833330154418945,1.5833330154418945,1.5833330154418945,1.1900655031204224,0
1991-01-15,0.0,1.5833330154418945,1.5833330154418945,1.5833330154418945,1.1900655031204224,1500
1991-01-16,0.0,1.5833330154418945,1.5833330154418945,1.5833330154418945,1.1900655031204224,1500
1991-01-17,0.0,1.6166670322418213,1.5,1.5166670083999634,1.1399579048156738,33750
1991-01-18,0.0,1.5,1.5,1.5,1.1274305582046509,750
1991-01-21,1.5,1.5,1.5,1.5,1.1274305582046509,0
1991-01-22,0.0,1.5166670083999634,1.4833329916000366,1.4833329916000366,1.114903450012207,2250
1991-01-23,0.0,1.4666670560836792,1.4166669845581055,1.4500000476837158,1.0898497104644775,9750
1991-01-24,0.0,1.5333329439163208,1.4833329916000366,1.5333329439163208,1.1524841785430908,27000
1991-01-25,0.0,1.6333329677581787,1.5499999523162842,1.5499999523162842,1.1650116443634033,39750
1991-01-28,0.0,1.5499999523162842,1.5,1.5499999523162842,1.1650116443634033,15000
1991-01-29,0.0,1.5333329439163208,1.5,1.5166670083999634,1.1399579048156738,10500
1991-01-30,0.0,1.5333329439163208,1.5166670083999634,1.5333329439163208,1.1524841785430908,47250
1991-01-31,0.0,1.5166670083999634,1.5,1.5166670083999634,1.1399579048156738,29250
1991-02-01,0.0,1.5499999523162842,1.5,1.5333329439163208,1.1524841785430908,27750
1991-02-04,0.0,1.7999999523162842,1.5666669607162476,1.7333329916000366,1.302808165550232,159000
1991-02-05,0.0,2.049999952316284,1.7666670083999634,2.049999952316284,1.54082190990448,120750
1991-02-06,0.0,2.0833330154418945,1.9333330392837524,2.016666889190674,1.5157679319381714,66000
1991-02-07,0.0,2.016666889190674,1.9500000476837158,1.9833329916000366,1.4907139539718628,28500
1991-02-08,0.0,1.9833329916000366,1.9333330392837524,1.9333330392837524,1.4531323909759521,48750
1991-02-11,0.0,1.899999976158142,1.8333330154418945,1.850000023841858,1.390498399734497,63750
1991-02-12,0.0,1.899999976158142,1.850000023841858,1.899999976158142,1.4280790090560913,29250
1991-02-13,0.0,2.016666889190674,1.899999976158142,2.016666889190674,1.5157679319381714,16500
1991-02-14,0.0,2.049999952316284,1.9666670560836792,1.9666670560836792,1.4781872034072876,23250
1991-02-15,0.0,2.0999999046325684,2.0,2.0999999046325684,1.5784022808074951,49500
1991-02-19,0.0,2.0999999046325684,2.066667079925537,2.0833330154418945,1.56587553024292,15750
1991-02-20,0.0,2.0999999046325684,2.0833330154418945,2.0999999046325684,1.5784022808074951,18000
1991-02-21,0.0,2.200000047683716,2.1166670322418213,2.200000047683716,1.6535648107528687,40500
1991-02-22,0.0,2.3499999046325684,2.2166669368743896,2.299999952316284,1.728727102279663,39000
1991-02-25,0.0,2.566667079925537,2.3499999046325684,2.5333330631256104,1.9041043519973755,91500
1991-02-26,0.0,2.5999999046325684,2.5,2.5333330631256104,1.9041043519973755,64500
1991-02-27,0.0,2.6666669845581055,2.516666889190674,2.6666669845581055,2.0043210983276367,46500
1991-02-28,0.0,2.700000047683716,2.6333329677581787,2.700000047683716,2.0293750762939453,183000
1991-03-01,0.0,2.816667079925537,2.7166669368743896,2.799999952316284,2.1045377254486084,67500
1991-03-04,0.0,3.066667079925537,2.8666670322418213,3.0,2.2548611164093018,92250
1991-03-05,0.0,3.0,2.9000000953674316,2.9000000953674316,2.179699420928955,46500
1991-03-06,0.0,2.933332920074463,2.8833329677581787,2.8833329677581787,2.174168586730957,14250
1991-03-07,0.0,2.8333330154418945,2.733333110809326,2.7833330631256104,2.098763942718506,42000
1991-03-08,0.0,2.8666670322418213,2.7833330631256104,2.816667079925537,2.123899221420288,14250
1991-03-11,0.0,2.8666670322418213,2.799999952316284,2.8333330154418945,2.1364667415618896,22500
1991-03-12,0.0,2.8333330154418945,2.75,2.7833330631256104,2.098763942718506,42000
1991-03-13,0.0,2.766666889190674,2.6500000953674316,2.700000047683716,2.0359272956848145,30000
1991-03-14,0.0,2.75,2.700000047683716,2.700000047683716,2.0359272956848145,19500
1991-03-15,0.0,2.733333110809326,2.6166670322418213,2.6166670322418213,1.9730900526046753,39750
1991-03-18,0.0,2.6500000953674316,2.5999999046325684,2.6333329677581787,1.985656976699829,18000
1991-03-19,0.0,2.6666669845581055,2.6500000953674316,2.6666669845581055,2.0107924938201904,6000
1991-03-20,0.0,2.6666669845581055,2.6166670322418213,2.6166670322418213,1.9730900526046753,16500
1991-03-21,0.0,2.6166670322418213,2.566667079925537,2.566667079925537,1.9353891611099243,9000
1991-03-22,0.0,2.5999999046325684,2.566667079925537,2.5833330154418945,1.9479562044143677,12750
1991-03-25,0.0,2.5833330154418945,2.566667079925537,2.5833330154418945,1.9479562044143677,18000
1991-03-26,0.0,2.549999952316284,2.549999952316284,2.549999952316284,1.9228204488754272,1500
1991-03-27,0.0,2.549999952316284,2.483333110809326,2.483333110809326,1.8725498914718628,19500
1991-03-28,0.0,2.5333330631256104,2.483333110809326,2.5333330631256104,1.9102522134780884,38250
1991-04-01,0.0,2.5333330631256104,2.5,2.5,1.8851189613342285,13500
1991-04-02,0.0,2.4666669368743896,2.4000000953674316,2.4166669845581055,1.8222806453704834,19500
1991-04-03,0.0,2.433332920074463,2.3666670322418213,2.4166669845581055,1.8222806453704834,65250
1991-04-04,0.0,2.4000000953674316,2.4000000953674316,2.4000000953674316,1.8097132444381714,2250
1991-04-05,0.0,2.4166669845581055,2.4166669845581055,2.4166669845581055,1.8222806453704834,750
1991-04-08,0.0,2.4000000953674316,2.3666670322418213,2.4000000953674316,1.8097132444381714,13500
1991-04-09,2.4000000953674316,2.4000000953674316,2.4000000953674316,2.4000000953674316,1.8097132444381714,0
1991-04-10,2.4000000953674316,2.4000000953674316,2.4000000953674316,2.4000000953674316,1.8097132444381714,0
1991-04-11,0.0,2.3833329677581787,2.3499999046325684,2.3666670322418213,1.7845791578292847,22500
1991-04-12,0.0,2.3666670322418213,2.3333330154418945,2.3499999046325684,1.7720105648040771,15750
1991-04-15,0.0,2.3833329677581787,2.3666670322418213,2.3666670322418213,1.7845791578292847,2250
1991-04-16,0.0,2.3499999046325684,2.316667079925537,2.316667079925537,1.7468764781951904,4500
1991-04-17,0.0,2.3499999046325684,2.266666889190674,2.266666889190674,1.7091732025146484,7500
1991-04-18,0.0,2.4666669368743896,2.266666889190674,2.4666669368743896,1.8599834442138672,35250
1991-04-19,0.0,2.516666889190674,2.4666669368743896,2.516666889190674,1.8976852893829346,12000
1991-04-22,0.0,2.516666889190674,2.4000000953674316,2.4000000953674316,1.8097132444381714,23250
1991-04-23,0.0,2.4000000953674316,2.3333330154418945,2.3333330154418945,1.7594430446624756,11250
1991-04-24,0.0,2.3333330154418945,2.1666669845581055,2.25,1.6966063976287842,63750
1991-04-25,0.0,2.200000047683716,2.1333329677581787,2.1333329677581787,1.6086336374282837,33000
1991-04-26,0.0,2.1333329677581787,2.1333329677581787,2.1333329677581787,1.6086336374282837,25500
1991-04-29,0.0,2.183332920074463,2.1500000953674316,2.183332920074463,1.6463360786437988,20250
1991-04-30,0.0,2.233333110809326,2.200000047683716,2.233333110809326,1.6840382814407349,9000
1991-05-01,0.0,2.299999952316284,2.233333110809326,2.233333110809326,1.6840382814407349,35250
1991-05-02,0.0,2.25,2.2166669368743896,2.2166669368743896,1.6714714765548706,9750
1991-05-03,0.0,2.316667079925537,2.2833330631256104,2.2833330631256104,1.7217413187026978,15000
1991-05-06,0.0,2.266666889190674,2.25,2.25,1.6966063976287842,6750
1991-05-07,0.0,2.316667079925537,2.2833330631256104,2.316667079925537,1.7468764781951904,5250
1991-05-08,0.0,2.3499999046325684,2.316667079925537,2.3499999046325684,1.7720105648040771,7500
1991-05-09,0.0,2.3666670322418213,2.316667079925537,2.3499999046325684,1.7720105648040771,15000
1991-05-10,0.0,2.433332920074463,2.3666670322418213,2.4000000953674316,1.8097132444381714,16500
1991-05-13,0.0,2.433332920074463,2.4000000953674316,2.4000000953674316,1.8097132444381714,1500
1991-05-14,0.0,2.3499999046325684,2.3333330154418945,2.3333330154418945,1.7663123607635498,7500
1991-05-15,0.0,2.316667079925537,2.25,2.2833330631256104,1.7284629344940186,36750
1991-05-16,0.0,2.266666889190674,2.233333110809326,2.233333110809326,1.6906129121780396,10500
1991-05-17,0.0,2.233333110809326,2.233333110809326,2.233333110809326,1.6906129121780396,750
1991-05-20,0.0,2.2166669368743896,2.1666669845581055,2.1666669845581055,1.6401474475860596,6750
1991-05-21,0.0,2.1500000953674316,2.0999999046325684,2.0999999046325684,1.5896809101104736,6750
1991-05-22,0.0,2.200000047683716,2.1333329677581787,2.183332920074463,1.652763843536377,8250
1991-05-23,0.0,2.25,2.2166669368743896,2.25,1.7032294273376465,3000
1991-05-24,0.0,2.25,2.2166669368743896,2.25,1.7032294273376465,3750
1991-05-28,2.25,2.25,2.25,2.25,1.7032294273376465,0
1991-05-29,0.0,2.2833330631256104,2.233333110809326,2.233333110809326,1.6906129121780396,5250
1991-05-30,0.0,2.2833330631256104,2.266666889190674,2.2833330631256104,1.7284629344940186,2250
1991-05-31,0.0,2.3666670322418213,2.316667079925537,2.3499999046325684,1.7789288759231567,10500
1991-06-03,0.0,2.316667079925537,2.316667079925537,2.316667079925537,1.7536952495574951,8250
1991-06-04,0.0,2.316667079925537,2.316667079925537,2.316667079925537,1.7536952495574951,1500
1991-06-05,0.0,2.3333330154418945,2.316667079925537,2.3333330154418945,1.7663123607635498,11250
1991-06-06,0.0,2.516666889190674,2.3499999046325684,2.516666889190674,1.9050936698913574,34500
1991-06-07,0.0,2.516666889190674,2.4666669368743896,2.5,1.892478108406067,12750
1991-06-10,0.0,2.5,2.5,2.5,1.892478108406067,18000
1991-06-11,0.0,2.566667079925537,2.516666889190674,2.566667079925537,1.9429436922073364,28500
1991-06-12,0.0,2.5333330631256104,2.5,2.516666889190674,1.9050936698913574,9000
1991-06-13,0.0,2.483333110809326,2.433332920074463,2.483333110809326,1.8798609972000122,23250
1991-06-14,0.0,2.516666889190674,2.4666669368743896,2.516666889190674,1.9050936698913574,15000
1991-06-17,0.0,2.549999952316284,2.5333330631256104,2.549999952316284,1.9303268194198608,7500
1991-06-18,0.0,2.5999999046325684,2.549999952316284,2.549999952316284,1.9303268194198608,6750
1991-06-19,0.0,2.5,2.4666669368743896,2.5,1.892478108406067,13500
1991-06-20,0.0,2.5,2.4666669368743896,2.483333110809326,1.8798609972000122,4500
1991-06-21,0.0,2.516666889190674,2.4666669368743896,2.5,1.892478108406067,6750
1991-06-24,0.0,2.516666889190674,2.4666669368743896,2.4666669368743896,1.8672447204589844,10500
1991-06-25,0.0,2.4666669368743896,2.4666669368743896,2.4666669368743896,1.8672447204589844,1500
1991-06-26,0.0,2.5,2.450000047683716,2.5,1.892478108406067,4500
1991-06-27,2.5,2.5,2.5,2.5,1.892478108406067,0
1991-06-28,0.0,2.483333110809326,2.4166669845581055,2.483333110809326,1.8798609972000122,30750
1991-07-01,0.0,2.5,2.5,2.5,1.892478108406067,750
1991-07-02,0.0,2.5,2.483333110809326,2.5,1.892478108406067,2250
1991-07-03,2.5,2.5,2.5,2.5,1.892478108406067,0
1991-07-05,0.0,2.4666669368743896,2.4666669368743896,2.4666669368743896,1.8672447204589844,1500
1991-07-08,2.4666669368743896,2.4666669368743896,2.4666669368743896,2.4666669368743896,1.8672447204589844,0
1991-07-09,0.0,2.433332920074463,2.4000000953674316,2.4000000953674316,1.8167781829833984,11250
1991-07-10,0.0,2.433332920074463,2.3833329677581787,2.433332920074463,1.8420113325119019,9750
1991-07-11,0.0,2.4000000953674316,2.4000000953674316,2.4000000953674316,1.8167781829833984,750
1991-07-12,2.4000000953674316,2.4000000953674316,2.4000000953674316,2.4000000953674316,1.8167781829833984,0
1991-07-15,0.0,2.4000000953674316,2.4000000953674316,2.4000000953674316,1.8167781829833984,1500
1991-07-16,0.0,2.450000047683716,2.433332920074463,2.450000047683716,1.854628324508667,6750
1991-07-17,0.0,2.483333110809326,2.4666669368743896,2.4666669368743896,1.8672447204589844,13500
1991-07-18,0.0,2.6166670322418213,2.5,2.6166670322418213,1.9807929992675781,19500
1991-07-19,0.0,2.75,2.6166670322418213,2.683332920074463,2.0312581062316895,60750
1991-07-22,0.0,2.766666889190674,2.700000047683716,2.700000047683716,2.0438754558563232,34500
1991-07-23,0.0,2.766666889190674,2.700000047683716,2.7166669368743896,2.056492328643799,31500
1991-07-24,0.0,2.700000047683716,2.683332920074463,2.700000047683716,2.0438754558563232,5250
1991-07-25,0.0,2.6666669845581055,2.6333329677581787,2.6333329677581787,1.9934089183807373,4500
1991-07-26,0.0,2.7166669368743896,2.6500000953674316,2.7166669368743896,2.056492328643799,12000
1991-07-29,0.0,2.799999952316284,2.75,2.799999952316284,2.119575262069702,6750
1991-07-30,0.0,2.8499999046325684,2.816667079925537,2.8499999046325684,2.157423496246338,19500
1991-07-31,0.0,2.933332920074463,2.8499999046325684,2.8499999046325684,2.157423496246338,37500
1991-08-01,0.0,2.8666670322418213,2.766666889190674,2.8499999046325684,2.157423496246338,15000
1991-08-02,0.0,2.816667079925537,2.733333110809326,2.733333110809326,2.069108486175537,15000
1991-08-05,0.0,2.7833330631256104,2.6666669845581055,2.700000047683716,2.0438754558563232,15750
1991-08-06,0.0,2.6666669845581055,2.6166670322418213,2.6500000953674316,2.006025791168213,21750
1991-08-07,0.0,2.683332920074463,2.6500000953674316,2.6500000953674316,2.006025791168213,4500
1991-08-08,0.0,2.700000047683716,2.6333329677581787,2.6333329677581787,1.9934089183807373,13500
1991-08-09,0.0,2.6166670322418213,2.5833330154418945,2.5833330154418945,1.9555596113204956,9000
1991-08-12,0.0,2.5999999046325684,2.566667079925537,2.566667079925537,1.9429436922073364,9000
1991-08-13,0.0,2.6333329677581787,2.5333330631256104,2.566667079925537,1.9429436922073364,20250
1991-08-14,2.566667079925537,2.566667079925537,2.566667079925537,2.566667079925537,1.9429436922073364,0
1991-08-15,0.0,2.5333330631256104,2.5333330631256104,2.5333330631256104,1.9177098274230957,3000
1991-08-16,0.0,2.5,2.5,2.5,1.892478108406067,3750
1991-08-19,0.0,2.433332920074463,2.3833329677581787,2.4000000953674316,1.8167781829833984,12750
1991-08-20,2.4000000953674316,2.4000000953674316,2.4000000953674316,2.4000000953674316,1.8167781829833984,0
1991-08-21,0.0,2.4166669845581055,2.3833329677581787,2.4000000953674316,1.8167781829833984,9750
1991-08-22,0.0,2.483333110809326,2.4166669845581055,2.483333110809326,1.8798609972000122,13500
1991-08-23,0.0,2.483333110809326,2.483333110809326,2.483333110809326,1.8798609972000122,5250
1991-08-26,0.0,2.450000047683716,2.4000000953674316,2.433332920074463,1.8489594459533691,24000
1991-08-27,0.0,2.450000047683716,2.3833329677581787,2.4166669845581055,1.8362959623336792,12750
1991-08-28,0.0,2.450000047683716,2.3666670322418213,2.4166669845581055,1.8362959623336792,15750
1991-08-29,0.0,2.450000047683716,2.4166669845581055,2.4166669845581055,1.8362959623336792,8250
1991-08-30,0.0,2.450000047683716,2.433332920074463,2.450000047683716,1.861625075340271,1500
1991-09-03,0.0,2.4166669845581055,2.3833329677581787,2.3833329677581787,1.8109675645828247,8250
1991-09-04,0.0,2.4666669368743896,2.4000000953674316,2.433332920074463,1.8489594459533691,16500
1991-09-05,0.0,2.4666669368743896,2.450000047683716,2.4666669368743896,1.8742878437042236,6000
1991-09-06,0.0,2.4666669368743896,2.4000000953674316,2.4000000953674316,1.823631763458252,15750
1991-09-09,0.0,2.433332920074463,2.433332920074463,2.433332920074463,1.8489594459533691,3000
1991-09-10,0.0,2.450000047683716,2.4166669845581055,2.450000047683716,1.861625075340271,9000
1991-09-11,0.0,2.483333110809326,2.4666669368743896,2.483333110809326,1.886952519416809,2250
1991-09-12,2.483333110809326,2.483333110809326,2.483333110809326,2.483333110809326,1.886952519416809,0
1991-09-13,0.0,2.4666669368743896,2.433332920074463,2.4666669368743896,1.8742878437042236,9000
1991-09-16,0.0,2.5333330631256104,2.5,2.5,1.8996177911758423,13500
1991-09-17,0.0,2.4666669368743896,2.4666669368743896,2.4666669368743896,1.8742878437042236,750
1991-09-18,0.0,2.433332920074463,2.433332920074463,2.433332920074463,1.8489594459533691,1500
1991-09-19,0.0,2.450000047683716,2.4000000953674316,2.450000047683716,1.861625075340271,11250
1991-09-20,2.450000047683716,2.450000047683716,2.450000047683716,2.450000047683716,1.861625075340271,0
1991-09-23,0.0,2.4166669845581055,2.3666670322418213,2.3666670322418213,1.7983042001724243,5250
1991-09-24,0.0,2.4000000953674316,2.3333330154418945,2.3666670322418213,1.7983042001724243,12000
1991-09-25,0.0,2.3333330154418945,2.266666889190674,2.299999952316284,1.747646689414978,21750
1991-09-26,0.0,2.299999952316284,2.2833330631256104,2.2833330631256104,1.7349833250045776,2250
1991-09-27,0.0,2.3333330154418945,2.25,2.25,1.7096548080444336,22500
1991-09-30,0.0,2.3333330154418945,2.266666889190674,2.3333330154418945,1.772976279258728,28500
1991-10-01,0.0,2.299999952316284,2.2833330631256104,2.2833330631256104,1.7349833250045776,5250
1991-10-02,0.0,2.299999952316284,2.299999952316284,2.299999952316284,1.747646689414978,750
1991-10-03,0.0,2.266666889190674,2.266666889190674,2.266666889190674,1.7223186492919922,4500
1991-10-04,0.0,2.266666889190674,2.25,2.266666889190674,1.7223186492919922,9000
1991-10-07,0.0,2.266666889190674,2.233333110809326,2.266666889190674,1.7223186492919922,5250
1991-10-08,2.266666889190674,2.266666889190674,2.266666889190674,2.266666889190674,1.7223186492919922,0
1991-10-09,0.0,2.2833330631256104,2.266666889190674,2.266666889190674,1.7223186492919922,3750
1991-10-10,0.0,2.266666889190674,2.183332920074463,2.233333110809326,1.696990728378296,24750
1991-10-11,0.0,2.233333110809326,2.200000047683716,2.233333110809326,1.696990728378296,4500
1991-10-14,0.0,2.2833330631256104,2.233333110809326,2.2833330631256104,1.7349833250045776,9000
1991-10-15,0.0,2.266666889190674,2.233333110809326,2.233333110809326,1.696990728378296,20250
1991-10-16,0.0,2.2166669368743896,2.2166669368743896,2.2166669368743896,1.6843267679214478,5250
1991-10-17,0.0,2.266666889190674,2.233333110809326,2.25,1.7096548080444336,13500
1991-10-18,0.0,2.25,2.2166669368743896,2.25,1.7096548080444336,21750
1991-10-21,0.0,2.266666889190674,2.233333110809326,2.25,1.7096548080444336,3000
1991-10-22,0.0,2.266666889190674,2.200000047683716,2.200000047683716,1.67166268825531,30750
1991-10-23,0.0,2.233333110809326,2.1666669845581055,2.1666669845581055,1.6463351249694824,24750
1991-10-24,0.0,2.1666669845581055,2.0999999046325684,2.1666669845581055,1.6463351249694824,18000
1991-10-25,0.0,2.200000047683716,2.1666669845581055,2.1666669845581055,1.6463351249694824,4500
1991-10-28,0.0,2.266666889190674,2.183332920074463,2.266666889190674,1.7223186492919922,9750
1991-10-29,0.0,2.200000047683716,2.183332920074463,2.183332920074463,1.6589984893798828,18000
1991-10-30,0.0,2.2166669368743896,2.1500000953674316,2.1500000953674316,1.6336697340011597,12000
1991-10-31,0.0,2.1333329677581787,2.0333330631256104,2.0333330631256104,1.545020580291748,36000
1991-11-01,0.0,1.9833329916000366,1.9166669845581055,1.9833329916000366,1.5070286989212036,35250
1991-11-04,0.0,2.016666889190674,2.016666889190674,2.016666889190674,1.5323576927185059,7500
1991-11-05,0.0,2.049999952316284,2.016666889190674,2.016666889190674,1.5323576927185059,11250
1991-11-06,0.0,2.0,2.0,2.0,1.5196930170059204,1500
1991-11-07,0.0,2.0333330631256104,1.9500000476837158,1.9500000476837158,1.4817010164260864,7500
1991-11-08,0.0,1.9666670560836792,1.9500000476837158,1.9666670560836792,1.4943654537200928,11250
1991-11-11,1.9666670560836792,1.9666670560836792,1.9666670560836792,1.9666670560836792,1.4943654537200928,0
1991-11-12,1.9500000476837158,1.9833329916000366,1.9166669845581055,1.9166669845581055,1.4563730955123901,25500
1991-11-13,1.9333330392837524,1.9333330392837524,1.9333330392837524,1.9333330392837524,1.4690366983413696,3750
1991-11-14,1.9333330392837524,1.9500000476837158,1.9333330392837524,1.9500000476837158,1.4817010164260864,4500
1991-11-15,1.9166669845581055,1.9500000476837158,1.9166669845581055,1.9500000476837158,1.4817010164260864,6750
1991-11-18,1.9333330392837524,1.9333330392837524,1.850000023841858,1.9166669845581055,1.4563730955123901,24750
1991-11-19,1.9166669845581055,1.9166669845581055,1.8666670322418213,1.899999976158142,1.4437086582183838,8250
1991-11-20,1.899999976158142,1.899999976158142,1.899999976158142,1.899999976158142,1.4437086582183838,0
1991-11-21,1.8833329677581787,1.899999976158142,1.8666670322418213,1.899999976158142,1.4437086582183838,3000
1991-11-22,1.8666670322418213,1.8666670322418213,1.850000023841858,1.850000023841858,1.405716896057129,8250
1991-11-25,1.8166669607162476,1.8166669607162476,1.6666669845581055,1.6666669845581055,1.2728323936462402,53250
1991-11-26,1.7000000476837158,1.7333329916000366,1.7000000476837158,1.7333329916000366,1.3237454891204834,13500
1991-11-27,1.7333329916000366,1.7333329916000366,1.7333329916000366,1.7333329916000366,1.3237454891204834,0
1991-11-29,1.7333329916000366,1.75,1.7333329916000366,1.75,1.3364737033843994,1500
1991-12-02,1.7833329439163208,1.8166669607162476,1.7833329439163208,1.7999999523162842,1.3746585845947266,4500
1991-12-03,1.7833329439163208,1.8666670322418213,1.7833329439163208,1.8666670322418213,1.4255725145339966,5250
1991-12-04,1.899999976158142,1.9333330392837524,1.899999976158142,1.9333330392837524,1.476485252380371,6750
1991-12-05,1.9500000476837158,1.9500000476837158,1.9500000476837158,1.9500000476837158,1.4892139434814453,4500
1991-12-06,1.9333330392837524,1.9333330392837524,1.9333330392837524,1.9333330392837524,1.476485252380371,1500
1991-12-09,1.9500000476837158,1.9500000476837158,1.8666670322418213,1.8666670322418213,1.4255725145339966,17250
1991-12-10,1.8833329677581787,1.899999976158142,1.8833329677581787,1.899999976158142,1.451028823852539,1500
1991-12-11,1.899999976158142,1.899999976158142,1.899999976158142,1.899999976158142,1.451028823852539,0
1991-12-12,1.8666670322418213,1.8666670322418213,1.8333330154418945,1.8333330154418945,1.4001152515411377,7500
1991-12-13,1.8666670322418213,1.8666670322418213,1.8333330154418945,1.8666670322418213,1.4255725145339966,6750
1991-12-16,1.8833329677581787,1.9333330392837524,1.8833329677581787,1.9333330392837524,1.476485252380371,30000
1991-12-17,1.899999976158142,1.899999976158142,1.899999976158142,1.899999976158142,1.451028823852539,5250
1991-12-18,1.9166669845581055,1.9333330392837524,1.9166669845581055,1.9333330392837524,1.476485252380371,2250
1991-12-19,1.899999976158142,1.899999976158142,1.8666670322418213,1.899999976158142,1.451028823852539,10500
1991-12-20,1.8833329677581787,1.9166669845581055,1.8666670322418213,1.9166669845581055,1.4637573957443237,15000
1991-12-23,1.9166669845581055,1.9166669845581055,1.9166669845581055,1.9166669845581055,1.4637573957443237,0
1991-12-24,1.9333330392837524,1.9333330392837524,1.9333330392837524,1.9333330392837524,1.476485252380371,3000
1991-12-26,1.9500000476837158,1.9500000476837158,1.9500000476837158,1.9500000476837158,1.4892139434814453,15000
1991-12-27,1.9166669845581055,1.9333330392837524,1.8666670322418213,1.8833329677581787,1.4383001327514648,30750
1991-12-30,1.850000023841858,1.850000023841858,1.7999999523162842,1.7999999523162842,1.3746585845947266,20250
1991-12-31,1.7666670083999634,1.7999999523162842,1.6666669845581055,1.7999999523162842,1.3746585845947266,194250
1992-01-02,1.8166669607162476,1.8833329677581787,1.8166669607162476,1.8833329677581787,1.4383001327514648,12750
1992-01-03,1.9166669845581055,2.25,1.9166669845581055,2.1500000953674316,1.641953468322754,71250
1992-01-06,2.183332920074463,2.266666889190674,2.1666669845581055,2.200000047683716,1.6801387071609497,92250
1992-01-07,2.233333110809326,2.266666889190674,2.233333110809326,2.25,1.7183234691619873,21000
1992-01-08,2.266666889190674,2.3666670322418213,2.266666889190674,2.266666889190674,1.7310515642166138,75000
1992-01-09,2.299999952316284,2.3666670322418213,2.266666889190674,2.3666670322418213,1.8074222803115845,21000
1992-01-10,2.3833329677581787,2.4166669845581055,2.316667079925537,2.3666670322418213,1.8074222803115845,75750
1992-01-13,2.3833329677581787,2.4000000953674316,2.3666670322418213,2.4000000953674316,1.8328783512115479,63000
1992-01-14,2.3666670322418213,2.4666669368743896,2.3666670322418213,2.4666669368743896,1.883791208267212,21000
1992-01-15,2.450000047683716,2.483333110809326,2.450000047683716,2.483333110809326,1.8965203762054443,6750
1992-01-16,2.5,2.516666889190674,2.4666669368743896,2.483333110809326,1.8965203762054443,36750
1992-01-17,2.516666889190674,2.6500000953674316,2.5,2.6333329677581787,2.0110740661621094,36750
1992-01-20,2.6500000953674316,2.6666669845581055,2.6166670322418213,2.6333329677581787,2.0110740661621094,30000
1992-01-21,2.5833330154418945,2.5833330154418945,2.483333110809326,2.516666889190674,1.9219766855239868,51750
1992-01-22,2.4666669368743896,2.5833330154418945,2.4666669368743896,2.5833330154418945,1.9728894233703613,21000
1992-01-23,2.5999999046325684,2.6166670322418213,2.5333330631256104,2.5333330631256104,1.9347044229507446,60000
1992-01-24,2.5333330631256104,2.566667079925537,2.5333330631256104,2.566667079925537,1.960161566734314,17250
1992-01-27,2.566667079925537,2.6333329677581787,2.566667079925537,2.6333329677581787,2.0110740661621094,57000
1992-01-28,2.5999999046325684,2.7166669368743896,2.5999999046325684,2.7166669368743896,2.074716329574585,25500
1992-01-29,2.683332920074463,2.683332920074463,2.6166670322418213,2.6500000953674316,2.0238027572631836,18750
1992-01-30,2.6166670322418213,2.6333329677581787,2.5833330154418945,2.5833330154418945,1.9728894233703613,24750
1992-01-31,2.5999999046325684,2.5999999046325684,2.549999952316284,2.549999952316284,1.9474331140518188,30000
1992-02-03,2.5833330154418945,2.5833330154418945,2.4666669368743896,2.4666669368743896,1.883791208267212,12000
1992-02-04,2.5,2.5333330631256104,2.5,2.5333330631256104,1.9347044229507446,9750
1992-02-05,2.549999952316284,2.700000047683716,2.549999952316284,2.6666669845581055,2.036532402038574,63750
1992-02-06,2.6666669845581055,2.683332920074463,2.6500000953674316,2.683332920074463,2.049260139465332,9000
1992-02-07,2.6666669845581055,2.700000047683716,2.6500000953674316,2.700000047683716,2.06198787689209,11250
1992-02-10,2.683332920074463,2.683332920074463,2.6166670322418213,2.6166670322418213,1.9983465671539307,7500
1992-02-11,2.6166670322418213,2.6166670322418213,2.6166670322418213,2.6166670322418213,1.9983465671539307,0
1992-02-12,2.6500000953674316,2.799999952316284,2.6500000953674316,2.799999952316284,2.1383588314056396,39750
1992-02-13,2.8333330154418945,2.8333330154418945,2.766666889190674,2.766666889190674,2.1129024028778076,22500
1992-02-14,2.75,2.7833330631256104,2.6666669845581055,2.6666669845581055,2.036532402038574,18750
1992-02-18,2.7166669368743896,2.733333110809326,2.700000047683716,2.733333110809326,2.087445020675659,18000
1992-02-19,2.75,2.8666670322418213,2.733333110809326,2.8666670322418213,2.1892716884613037,50250
1992-02-20,2.8666670322418213,3.0,2.8666670322418213,3.0,2.2910985946655273,49500
1992-02-21,2.9666669368743896,2.9666669368743896,2.8833329677581787,2.9666669368743896,2.2656424045562744,57000
1992-02-24,2.933332920074463,2.9666669368743896,2.8833329677581787,2.8833329677581787,2.2019996643066406,15750
1992-02-25,2.9166669845581055,2.9166669845581055,2.766666889190674,2.816667079925537,2.1510863304138184,25500
1992-02-26,2.799999952316284,3.0999999046325684,2.799999952316284,3.0999999046325684,2.3674678802490234,75000
1992-02-27,3.066667079925537,3.700000047683716,3.0333330631256104,3.4000000953674316,2.5965781211853027,176250
1992-02-28,3.4000000953674316,3.4000000953674316,3.233333110809326,3.233333110809326,2.469294786453247,133500
1992-03-02,3.2166669368743896,3.316667079925537,3.200000047683716,3.2833330631256104,2.507479190826416,51750
1992-03-03,3.299999952316284,3.3333330154418945,3.200000047683716,3.25,2.482022762298584,53250
1992-03-04,3.233333110809326,3.25,3.1500000953674316,3.1666669845581055,2.425346851348877,33750
1992-03-05,3.1333329677581787,3.1333329677581787,2.933332920074463,2.950000047683716,2.2594025135040283,69750
1992-03-06,2.933332920074463,2.9666669368743896,2.933332920074463,2.950000047683716,2.2594025135040283,15000
1992-03-09,2.9666669368743896,3.0,2.9666669368743896,2.983333110809326,2.284931182861328,20250
1992-03-10,2.950000047683716,2.950000047683716,2.799999952316284,2.933332920074463,2.246635675430298,62250
1992-03-11,2.950000047683716,2.950000047683716,2.799999952316284,2.799999952316284,2.144517183303833,79500
1992-03-12,2.8333330154418945,2.8499999046325684,2.75,2.75,2.1062211990356445,15000
1992-03-13,2.700000047683716,2.75,2.6500000953674316,2.75,2.1062211990356445,42750
1992-03-16,2.766666889190674,2.7833330631256104,2.75,2.75,2.1062211990356445,2250
1992-03-17,2.75,2.75,2.683332920074463,2.7166669368743896,2.080691337585449,21750
1992-03-18,2.7166669368743896,2.7166669368743896,2.6500000953674316,2.683332920074463,2.055161952972412,16500
1992-03-19,2.733333110809326,2.799999952316284,2.733333110809326,2.75,2.1062211990356445,33000
1992-03-20,2.766666889190674,2.766666889190674,2.766666889190674,2.766666889190674,2.1189868450164795,2250
1992-03-23,2.7833330631256104,2.7833330631256104,2.7166669368743896,2.733333110809326,2.093456268310547,36000
1992-03-24,2.700000047683716,2.700000047683716,2.549999952316284,2.683332920074463,2.055161952972412,28500
1992-03-25,2.7166669368743896,2.7166669368743896,2.6666669845581055,2.7166669368743896,2.080691337585449,9750
1992-03-26,2.683332920074463,2.7166669368743896,2.6500000953674316,2.7166669368743896,2.080691337585449,18750
1992-03-27,2.700000047683716,2.700000047683716,2.6500000953674316,2.6500000953674316,2.0296316146850586,12000
1992-03-30,2.6500000953674316,2.6500000953674316,2.6500000953674316,2.6500000953674316,2.0296316146850586,0
1992-03-31,2.6333329677581787,2.7166669368743896,2.6333329677581787,2.7166669368743896,2.080691337585449,12000
1992-04-01,2.683332920074463,2.683332920074463,2.5999999046325684,2.6333329677581787,2.0168662071228027,27750
1992-04-02,2.5999999046325684,2.5999999046325684,2.516666889190674,2.5833330154418945,1.9785717725753784,33000
1992-04-03,2.566667079925537,2.5999999046325684,2.5,2.5999999046325684,1.9913374185562134,21000
1992-04-06,2.5999999046325684,2.5999999046325684,2.5999999046325684,2.5999999046325684,1.9913374185562134,0
1992-04-07,2.6166670322418213,2.6166670322418213,2.6166670322418213,2.6166670322418213,2.0041022300720215,8250
1992-04-08,2.5833330154418945,2.5833330154418945,2.4666669368743896,2.566667079925537,1.965806484222412,24750
1992-04-09,2.549999952316284,2.5833330154418945,2.549999952316284,2.566667079925537,1.965806484222412,35250
1992-04-10,2.566667079925537,2.566667079925537,2.566667079925537,2.566667079925537,1.965806484222412,3000
1992-04-13,2.5999999046325684,2.683332920074463,2.2166669368743896,2.3333330154418945,1.7870979309082031,200250
1992-04-14,2.299999952316284,2.299999952316284,2.299999952316284,2.299999952316284,1.761566400527954,13500
1992-04-15,2.299999952316284,2.316667079925537,2.299999952316284,2.316667079925537,1.7743316888809204,22500
1992-04-16,2.299999952316284,2.299999952316284,2.266666889190674,2.266666889190674,1.736037015914917,21000
1992-04-20,2.266666889190674,2.266666889190674,2.266666889190674,2.266666889190674,1.736037015914917,42000
1992-04-21,2.266666889190674,2.266666889190674,2.233333110809326,2.233333110809326,1.710507869720459,22500
1992-04-22,2.2166669368743896,2.25,2.2166669368743896,2.25,1.7232717275619507,5250
1992-04-23,2.266666889190674,2.266666889190674,2.266666889190674,2.266666889190674,1.736037015914917,15000
1992-04-24,2.233333110809326,2.266666889190674,2.233333110809326,2.266666889190674,1.736037015914917,10500
1992-04-27,2.25,2.25,2.233333110809326,2.233333110809326,1.710507869720459,3750
1992-04-28,2.2833330631256104,2.2833330631256104,2.2833330631256104,2.2833330631256104,1.7488025426864624,1500
1992-04-29,2.316667079925537,2.3333330154418945,2.316667079925537,2.3333330154418945,1.7870979309082031,6750
1992-04-30,2.3666670322418213,2.3666670322418213,2.3666670322418213,2.3666670322418213,1.8126276731491089,1500
1992-05-01,2.3333330154418945,2.3333330154418945,2.3333330154418945,2.3333330154418945,1.7870979309082031,750
1992-05-04,2.3499999046325684,2.3666670322418213,2.3499999046325684,2.3666670322418213,1.8126276731491089,1500
1992-05-05,2.3666670322418213,2.3666670322418213,2.3666670322418213,2.3666670322418213,1.8126276731491089,0
1992-05-06,2.3333330154418945,2.3333330154418945,2.316667079925537,2.316667079925537,1.7743316888809204,3750
1992-05-07,2.316667079925537,2.316667079925537,2.316667079925537,2.316667079925537,1.7743316888809204,0
1992-05-08,2.0,2.0999999046325684,2.0,2.0833330154418945,1.5956218242645264,91500
1992-05-11,2.1166670322418213,2.1166670322418213,2.0333330631256104,2.1166670322418213,1.6211520433425903,19500
1992-05-12,2.1166670322418213,2.1166670322418213,2.049999952316284,2.0999999046325684,1.6083874702453613,13500
1992-05-13,2.1333329677581787,2.1666669845581055,2.1333329677581787,2.1666669845581055,1.6594480276107788,13500
1992-05-14,2.1500000953674316,2.183332920074463,2.0999999046325684,2.1333329677581787,1.633917212486267,9000
1992-05-15,2.0999999046325684,2.0999999046325684,2.0999999046325684,2.0999999046325684,1.6083874702453613,5250
1992-05-18,2.0833330154418945,2.1333329677581787,2.0833330154418945,2.1333329677581787,1.633917212486267,3750
1992-05-19,2.1500000953674316,2.1666669845581055,2.1500000953674316,2.1666669845581055,1.6667399406433105,3000
1992-05-20,2.183332920074463,2.25,2.183332920074463,2.25,1.7308441400527954,9750
1992-05-21,2.266666889190674,2.299999952316284,2.2166669368743896,2.25,1.7308441400527954,27750
1992-05-22,2.25,2.25,2.25,2.25,1.7308441400527954,3000
1992-05-26,2.25,2.25,2.25,2.25,1.7308441400527954,0
1992-05-27,2.2166669368743896,2.2166669368743896,2.183332920074463,2.200000047683716,1.6923813819885254,9750
1992-05-28,2.183332920074463,2.25,2.183332920074463,2.25,1.7308441400527954,6000
1992-05-29,2.25,2.25,2.200000047683716,2.2166669368743896,1.705202341079712,10500
1992-06-01,2.25,2.266666889190674,2.233333110809326,2.266666889190674,1.743665337562561,15000
1992-06-02,2.266666889190674,2.266666889190674,2.266666889190674,2.266666889190674,1.743665337562561,0
1992-06-03,2.266666889190674,2.266666889190674,2.266666889190674,2.266666889190674,1.743665337562561,0
1992-06-04,2.233333110809326,2.233333110809326,2.0,2.0,1.5385280847549438,33750
1992-06-05,2.0333330631256104,2.0999999046325684,2.0333330631256104,2.0999999046325684,1.6154547929763794,13500
1992-06-08,2.0999999046325684,2.0999999046325684,2.0999999046325684,2.0999999046325684,1.6154547929763794,0
1992-06-09,2.0999999046325684,2.0999999046325684,2.0999999046325684,2.0999999046325684,1.6154547929763794,0
1992-06-10,2.1333329677581787,2.1333329677581787,2.1333329677581787,2.1333329677581787,1.6410969495773315,3000
1992-06-11,2.1333329677581787,2.1333329677581787,2.1333329677581787,2.1333329677581787,1.6410969495773315,0
1992-06-12,2.1333329677581787,2.1333329677581787,2.1333329677581787,2.1333329677581787,1.6410969495773315,0
1992-06-15,2.1333329677581787,2.1333329677581787,2.1333329677581787,2.1333329677581787,1.6410969495773315,0
1992-06-16,2.1666669845581055,2.1666669845581055,2.0999999046325684,2.0999999046325684,1.6154547929763794,39000
1992-06-17,2.066667079925537,2.066667079925537,2.066667079925537,2.066667079925537,1.5898131132125854,1500
1992-06-18,2.066667079925537,2.066667079925537,2.066667079925537,2.066667079925537,1.5898131132125854,0
1992-06-19,2.0333330631256104,2.049999952316284,2.0333330631256104,2.049999952316284,1.5769914388656616,3000
1992-06-22,2.0833330154418945,2.1166670322418213,2.0833330154418945,2.1166670322418213,1.6282753944396973,7500
1992-06-23,2.1166670322418213,2.1166670322418213,2.1166670322418213,2.1166670322418213,1.6282753944396973,1500
1992-06-24,2.1166670322418213,2.1166670322418213,2.1166670322418213,2.1166670322418213,1.6282753944396973,0
1992-06-25,2.0833330154418945,2.0833330154418945,2.0833330154418945,2.0833330154418945,1.6026332378387451,750
1992-06-26,2.049999952316284,2.049999952316284,2.049999952316284,2.049999952316284,1.5769914388656616,1500
1992-06-29,2.0833330154418945,2.1166670322418213,2.0833330154418945,2.0833330154418945,1.6026332378387451,18750
1992-06-30,2.0,2.049999952316284,2.0,2.049999952316284,1.5769914388656616,24000
1992-07-01,2.016666889190674,2.0333330631256104,1.9333330392837524,2.0333330631256104,1.564170002937317,33750
1992-07-02,2.0,2.0333330631256104,2.0,2.0333330631256104,1.564170002937317,2250
1992-07-06,2.049999952316284,2.0833330154418945,1.9333330392837524,1.9666670560836792,1.5128865242004395,88500
1992-07-07,1.9333330392837524,1.9333330392837524,1.8833329677581787,1.9166669845581055,1.4744232892990112,36750
1992-07-08,1.9166669845581055,1.9333330392837524,1.8666670322418213,1.8666670322418213,1.435960292816162,31500
1992-07-09,1.8666670322418213,1.8833329677581787,1.8666670322418213,1.8833329677581787,1.4487807750701904,18750
1992-07-10,1.899999976158142,1.899999976158142,1.899999976158142,1.899999976158142,1.4616020917892456,16500
1992-07-13,1.8666670322418213,1.9166669845581055,1.8666670322418213,1.8666670322418213,1.435960292816162,39000
1992-07-14,1.7999999523162842,1.8666670322418213,1.7999999523162842,1.8333330154418945,1.4103174209594727,13500
1992-07-15,1.8333330154418945,1.8333330154418945,1.8333330154418945,1.8333330154418945,1.4103174209594727,0
1992-07-16,1.8166669607162476,1.8833329677581787,1.8166669607162476,1.8833329677581787,1.4487807750701904,8250
1992-07-17,1.850000023841858,1.850000023841858,1.7833329439163208,1.7999999523162842,1.3846750259399414,14250
1992-07-20,1.7833329439163208,1.9333330392837524,1.75,1.9333330392837524,1.4872440099716187,18750
1992-07-21,1.9666670560836792,2.066667079925537,1.9166669845581055,1.9166669845581055,1.4744232892990112,30750
1992-07-22,1.9500000476837158,2.0333330631256104,1.6666669845581055,1.6666669845581055,1.2821072340011597,60000
1992-07-23,1.7000000476837158,1.7166670560836792,1.6666669845581055,1.7000000476837158,1.3077490329742432,31500
1992-07-24,1.7166670560836792,1.7999999523162842,1.7166670560836792,1.7999999523162842,1.3846750259399414,28500
1992-07-27,1.7999999523162842,1.8666670322418213,1.7999999523162842,1.8666670322418213,1.435960292816162,21750
1992-07-28,1.8666670322418213,1.8666670322418213,1.8166669607162476,1.850000023841858,1.4231394529342651,15000
1992-07-29,1.8666670322418213,1.8666670322418213,1.8333330154418945,1.8333330154418945,1.4103174209594727,3750
1992-07-30,1.850000023841858,1.850000023841858,1.850000023841858,1.850000023841858,1.4231394529342651,3750
1992-07-31,1.8333330154418945,1.8333330154418945,1.7999999523162842,1.7999999523162842,1.3846750259399414,5250
1992-08-03,1.7666670083999634,1.8333330154418945,1.7666670083999634,1.7999999523162842,1.3846750259399414,10500
1992-08-04,1.7833329439163208,1.7833329439163208,1.7833329439163208,1.7833329439163208,1.3790044784545898,0
1992-08-05,1.7999999523162842,1.8166669607162476,1.7999999523162842,1.8166669607162476,1.4047805070877075,15750
1992-08-06,1.8333330154418945,1.8666670322418213,1.8333330154418945,1.8666670322418213,1.4434442520141602,6000
1992-08-07,1.899999976158142,1.899999976158142,1.899999976158142,1.899999976158142,1.4692198038101196,3750
1992-08-10,1.8333330154418945,1.850000023841858,1.8166669607162476,1.8166669607162476,1.4047805070877075,14250
1992-08-11,1.7999999523162842,1.7999999523162842,1.7999999523162842,1.7999999523162842,1.391892433166504,2250
1992-08-12,1.7833329439163208,1.7833329439163208,1.7833329439163208,1.7833329439163208,1.3790044784545898,14250
1992-08-13,1.7833329439163208,1.7833329439163208,1.7833329439163208,1.7833329439163208,1.3790044784545898,13500
1992-08-14,1.7833329439163208,1.7999999523162842,1.7833329439163208,1.7999999523162842,1.391892433166504,3750
1992-08-17,1.8333330154418945,1.8333330154418945,1.8333330154418945,1.8333330154418945,1.4176679849624634,750
1992-08-18,1.8333330154418945,1.8333330154418945,1.8333330154418945,1.8333330154418945,1.4176679849624634,3750
1992-08-19,1.8666670322418213,1.8666670322418213,1.8666670322418213,1.8666670322418213,1.4434442520141602,1500
1992-08-20,1.899999976158142,1.899999976158142,1.899999976158142,1.899999976158142,1.4692198038101196,2250
1992-08-21,1.899999976158142,1.899999976158142,1.850000023841858,1.850000023841858,1.430556297302246,24750
1992-08-24,1.8833329677581787,1.899999976158142,1.8333330154418945,1.8666670322418213,1.4434442520141602,21750
1992-08-25,1.8333330154418945,1.8333330154418945,1.7999999523162842,1.8333330154418945,1.4176679849624634,7500
1992-08-26,1.8666670322418213,1.899999976158142,1.8666670322418213,1.899999976158142,1.4692198038101196,5250
1992-08-27,1.899999976158142,1.899999976158142,1.899999976158142,1.899999976158142,1.4692198038101196,0
1992-08-28,1.899999976158142,1.899999976158142,1.899999976158142,1.899999976158142,1.4692198038101196,0
1992-08-31,1.8666670322418213,1.899999976158142,1.8666670322418213,1.899999976158142,1.4692198038101196,6000
1992-09-01,1.8666670322418213,1.8666670322418213,1.8666670322418213,1.8666670322418213,1.4434442520141602,1500
1992-09-02,1.899999976158142,1.899999976158142,1.899999976158142,1.899999976158142,1.4692198038101196,750
1992-09-03,1.8666670322418213,1.899999976158142,1.8333330154418945,1.8333330154418945,1.4176679849624634,9000
1992-09-04,1.8333330154418945,1.8333330154418945,1.8333330154418945,1.8333330154418945,1.4176679849624634,0
1992-09-08,1.8666670322418213,1.8666670322418213,1.8666670322418213,1.8666670322418213,1.4434442520141602,1500
1992-09-09,1.8666670322418213,1.8666670322418213,1.8666670322418213,1.8666670322418213,1.4434442520141602,0
1992-09-10,1.8333330154418945,1.8333330154418945,1.8333330154418945,1.8333330154418945,1.4176679849624634,2250
1992-09-11,1.8166669607162476,1.8166669607162476,1.8166669607162476,1.8166669607162476,1.4047805070877075,1500
1992-09-14,1.8166669607162476,1.8166669607162476,1.8166669607162476,1.8166669607162476,1.4047805070877075,0
1992-09-15,1.7999999523162842,1.7999999523162842,1.7999999523162842,1.7999999523162842,1.391892433166504,1500
1992-09-16,1.8166669607162476,1.8333330154418945,1.8166669607162476,1.8333330154418945,1.4176679849624634,10500
1992-09-17,1.8333330154418945,1.8333330154418945,1.8333330154418945,1.8333330154418945,1.4176679849624634,0
1992-09-18,1.8166669607162476,1.8333330154418945,1.8166669607162476,1.8333330154418945,1.4176679849624634,8250
1992-09-21,1.8333330154418945,1.8333330154418945,1.8333330154418945,1.8333330154418945,1.4176679849624634,0
1992-09-22,1.7833329439163208,1.8333330154418945,1.7833329439163208,1.8333330154418945,1.4176679849624634,11250
1992-09-23,1.8333330154418945,1.8333330154418945,1.8333330154418945,1.8333330154418945,1.4176679849624634,0
1992-09-24,1.8333330154418945,1.8333330154418945,1.8333330154418945,1.8333330154418945,1.4176679849624634,0
1992-09-25,1.8333330154418945,1.8333330154418945,1.8333330154418945,1.8333330154418945,1.4176679849624634,0
1992-09-28,1.8166669607162476,1.8333330154418945,1.8166669607162476,1.8333330154418945,1.4176679849624634,17250
1992-09-29,1.8333330154418945,1.8333330154418945,1.8333330154418945,1.8333330154418945,1.4176679849624634,0
1992-09-30,1.8333330154418945,1.8333330154418945,1.8333330154418945,1.8333330154418945,1.4176679849624634,0
1992-10-01,1.8333330154418945,1.8333330154418945,1.8333330154418945,1.8333330154418945,1.4176679849624634,0
1992-10-02,1.8333330154418945,1.8333330154418945,1.8333330154418945,1.8333330154418945,1.4176679849624634,0
1992-10-05,1.7999999523162842,1.7999999523162842,1.75,1.75,1.3532286882400513,6000
1992-10-06,1.7333329916000366,1.7333329916000366,1.7333329916000366,1.7333329916000366,1.3403408527374268,6000
1992-10-07,1.7166670560836792,1.7166670560836792,1.7166670560836792,1.7166670560836792,1.327453374862671,1500
1992-10-08,1.6666669845581055,1.7166670560836792,1.6666669845581055,1.7166670560836792,1.327453374862671,9000
1992-10-09,1.7333329916000366,1.75,1.7333329916000366,1.75,1.3532286882400513,6000
1992-10-12,1.7166670560836792,1.7166670560836792,1.7166670560836792,1.7166670560836792,1.327453374862671,750
1992-10-13,1.7166670560836792,1.7166670560836792,1.7166670560836792,1.7166670560836792,1.327453374862671,0
1992-10-14,1.7333329916000366,1.7333329916000366,1.7333329916000366,1.7333329916000366,1.3403408527374268,3000
1992-10-15,1.7333329916000366,1.7333329916000366,1.7333329916000366,1.7333329916000366,1.3403408527374268,0
1992-10-16,1.7333329916000366,1.7333329916000366,1.7333329916000366,1.7333329916000366,1.3403408527374268,0
1992-10-19,1.7333329916000366,1.7333329916000366,1.7333329916000366,1.7333329916000366,1.3403408527374268,3000
1992-10-20,1.7333329916000366,1.75,1.7333329916000366,1.75,1.3532286882400513,3750
1992-10-21,1.7333329916000366,1.7999999523162842,1.7333329916000366,1.7999999523162842,1.391892433166504,18750
1992-10-22,1.8166669607162476,1.8166669607162476,1.7999999523162842,1.7999999523162842,1.391892433166504,6000
1992-10-23,1.7833329439163208,1.7833329439163208,1.75,1.7666670083999634,1.3661171197891235,6000
1992-10-26,1.7833329439163208,1.7999999523162842,1.7833329439163208,1.7999999523162842,1.391892433166504,6750
1992-10-27,1.8333330154418945,1.8333330154418945,1.8333330154418945,1.8333330154418945,1.4176679849624634,16500
1992-10-28,1.8333330154418945,1.8333330154418945,1.75,1.7833329439163208,1.3790044784545898,10500
1992-10-29,1.8166669607162476,1.8833329677581787,1.7999999523162842,1.7999999523162842,1.391892433166504,16500
1992-10-30,1.7833329439163208,1.7833329439163208,1.7333329916000366,1.7666670083999634,1.3661171197891235,17250
1992-11-02,1.7666670083999634,1.7666670083999634,1.7666670083999634,1.7666670083999634,1.3661171197891235,0
1992-11-03,1.75,1.75,1.7333329916000366,1.7333329916000366,1.3403408527374268,3000
1992-11-04,1.7666670083999634,1.7666670083999634,1.7666670083999634,1.7666670083999634,1.3661171197891235,3750
1992-11-05,1.7666670083999634,1.7666670083999634,1.7666670083999634,1.7666670083999634,1.3661171197891235,8250
1992-11-06,1.7666670083999634,1.7666670083999634,1.7666670083999634,1.7666670083999634,1.3661171197891235,2250
1992-11-09,1.75,1.75,1.75,1.75,1.360416054725647,0
1992-11-10,1.7166670560836792,1.7333329916000366,1.7166670560836792,1.7333329916000366,1.347459077835083,4500
1992-11-11,1.7333329916000366,1.7333329916000366,1.7333329916000366,1.7333329916000366,1.347459077835083,0
1992-11-12,1.7333329916000366,1.7333329916000366,1.7333329916000366,1.7333329916000366,1.347459077835083,3750
1992-11-13,1.7000000476837158,1.7000000476837158,1.7000000476837158,1.7000000476837158,1.3215465545654297,5250
1992-11-16,1.7000000476837158,1.75,1.7000000476837158,1.7333329916000366,1.347459077835083,6750
1992-11-17,1.7166670560836792,1.7166670560836792,1.7166670560836792,1.7166670560836792,1.3345028162002563,1500
1992-11-18,1.7333329916000366,1.7333329916000366,1.7333329916000366,1.7333329916000366,1.347459077835083,2250
1992-11-19,1.7333329916000366,1.7666670083999634,1.7166670560836792,1.7666670083999634,1.373373031616211,9750
1992-11-20,1.7666670083999634,1.7666670083999634,1.6666669845581055,1.6666669845581055,1.2956340312957764,52500
1992-11-23,1.7000000476837158,1.7333329916000366,1.7000000476837158,1.7166670560836792,1.3345028162002563,9000
1992-11-24,1.7000000476837158,1.8333330154418945,1.7000000476837158,1.8333330154418945,1.4251970052719116,60750
1992-11-25,1.8833329677581787,2.1333329677581787,1.8833329677581787,2.049999952316284,1.593630075454712,150750
1992-11-27,2.299999952316284,2.3833329677581787,2.2833330631256104,2.3666670322418213,1.8398007154464722,251250
1992-11-30,2.4666669368743896,2.566667079925537,2.183332920074463,2.266666889190674,1.7620623111724854,279000
1992-12-01,2.183332920074463,2.233333110809326,2.0,2.233333110809326,1.7361488342285156,108750
1992-12-02,2.200000047683716,2.2166669368743896,2.0833330154418945,2.1500000953674316,1.6713676452636719,68250
1992-12-03,2.1166670322418213,2.1166670322418213,2.066667079925537,2.0833330154418945,1.619542121887207,33750
1992-12-04,2.066667079925537,2.066667079925537,2.016666889190674,2.066667079925537,1.6065864562988281,22500
1992-12-07,2.0999999046325684,2.1166670322418213,2.0999999046325684,2.1166670322418213,1.645455241203308,15750
1992-12-08,2.1333329677581787,2.1333329677581787,2.1333329677581787,2.1333329677581787,1.6584115028381348,15750
1992-12-09,2.1333329677581787,2.1333329677581787,2.1333329677581787,2.1333329677581787,1.6584115028381348,3000
1992-12-10,2.0999999046325684,2.1166670322418213,1.9666670560836792,1.9666670560836792,1.5288481712341309,46500
1992-12-11,1.9666670560836792,2.016666889190674,1.899999976158142,2.016666889190674,1.5677181482315063,26250
1992-12-14,2.049999952316284,2.1333329677581787,2.049999952316284,2.0999999046325684,1.6324985027313232,12750
1992-12-15,2.0999999046325684,2.0999999046325684,2.0999999046325684,2.0999999046325684,1.6324985027313232,0
1992-12-16,2.1166670322418213,2.1166670322418213,2.0999999046325684,2.0999999046325684,1.6324985027313232,12750
1992-12-17,2.1166670322418213,2.1166670322418213,2.0999999046325684,2.1166670322418213,1.645455241203308,3750
1992-12-18,2.0999999046325684,2.0999999046325684,2.0999999046325684,2.0999999046325684,1.6324985027313232,5250
1992-12-21,2.049999952316284,2.0833330154418945,2.016666889190674,2.016666889190674,1.5677181482315063,15000
1992-12-22,1.9833329916000366,1.9833329916000366,1.9333330392837524,1.9500000476837158,1.5158915519714355,26250
1992-12-23,1.9333330392837524,1.9333330392837524,1.8666670322418213,1.9333330392837524,1.502935528755188,20250
1992-12-24,1.9333330392837524,1.9500000476837158,1.9333330392837524,1.9500000476837158,1.5158915519714355,4500
1992-12-28,1.9500000476837158,1.9500000476837158,1.899999976158142,1.899999976158142,1.4770228862762451,16500
1992-12-29,1.8666670322418213,1.899999976158142,1.8666670322418213,1.899999976158142,1.4770228862762451,12000
1992-12-30,1.9166669845581055,1.9500000476837158,1.8833329677581787,1.9166669845581055,1.4899792671203613,33000
1992-12-31,1.899999976158142,1.9500000476837158,1.8166669607162476,1.9500000476837158,1.5158915519714355,96000
1993-01-04,1.9833329916000366,2.1166670322418213,1.9833329916000366,2.1166670322418213,1.645455241203308,42750
1993-01-05,2.1333329677581787,2.1500000953674316,2.0999999046325684,2.1333329677581787,1.6584115028381348,19500
1993-01-06,2.1333329677581787,2.1666669845581055,2.1333329677581787,2.1500000953674316,1.6713676452636719,21750
1993-01-07,2.1666669845581055,2.2166669368743896,2.1666669845581055,2.200000047683716,1.7102371454238892,21750
1993-01-08,2.183332920074463,2.183332920074463,2.0833330154418945,2.1333329677581787,1.6584115028381348,37500
1993-01-11,2.1666669845581055,2.200000047683716,2.1333329677581787,2.200000047683716,1.7102371454238892,10500
1993-01-12,2.200000047683716,2.200000047683716,2.200000047683716,2.200000047683716,1.7102371454238892,0
1993-01-13,2.1666669845581055,2.183332920074463,2.1333329677581787,2.183332920074463,1.697281002998352,41250
1993-01-14,2.200000047683716,2.233333110809326,2.1666669845581055,2.233333110809326,1.7361488342285156,27750
1993-01-15,2.25,2.25,2.2166669368743896,2.2166669368743896,1.7231932878494263,4500
1993-01-18,2.200000047683716,2.200000047683716,2.1500000953674316,2.183332920074463,1.697281002998352,14250
1993-01-19,2.1500000953674316,2.1500000953674316,2.016666889190674,2.0333330631256104,1.580673098564148,30750
1993-01-20,2.0,2.016666889190674,2.0,2.0,1.554760456085205,9750
1993-01-21,2.0,2.0,2.0,2.0,1.554760456085205,2250
1993-01-22,2.016666889190674,2.016666889190674,2.016666889190674,2.016666889190674,1.5677181482315063,750
1993-01-25,2.0,2.0333330631256104,2.0,2.0,1.554760456085205,4500
1993-01-26,2.0,2.0333330631256104,2.0,2.0333330631256104,1.580673098564148,4500
1993-01-27,2.0,2.0333330631256104,2.0,2.0333330631256104,1.580673098564148,5250
1993-01-28,2.0333330631256104,2.0333330631256104,2.0333330631256104,2.0333330631256104,1.580673098564148,0
1993-01-29,2.0,2.0,2.0,2.0,1.554760456085205,4500
1993-02-01,2.0,2.0,1.9666670560836792,1.9666670560836792,1.5288481712341309,5250
1993-02-02,1.9666670560836792,2.0,1.9666670560836792,2.0,1.554760456085205,4500
1993-02-03,1.9666670560836792,1.9666670560836792,1.9666670560836792,1.9666670560836792,1.5288481712341309,750
1993-02-04,2.0,2.0999999046325684,2.0,2.0999999046325684,1.6324985027313232,11250
1993-02-05,2.1333329677581787,2.183332920074463,2.1333329677581787,2.1333329677581787,1.6584115028381348,24750
1993-02-08,2.183332920074463,2.183332920074463,2.066667079925537,2.1166670322418213,1.645455241203308,27750
1993-02-09,2.1333329677581787,2.1666669845581055,2.0999999046325684,2.0999999046325684,1.6324985027313232,34500
1993-02-10,2.0999999046325684,2.1333329677581787,2.0999999046325684,2.1166670322418213,1.645455241203308,72000
1993-02-11,2.0999999046325684,2.183332920074463,2.0999999046325684,2.183332920074463,1.697281002998352,48000
1993-02-12,2.183332920074463,2.183332920074463,2.1500000953674316,2.1500000953674316,1.6713676452636719,38250
1993-02-16,2.1333329677581787,2.1333329677581787,2.1166670322418213,2.1166670322418213,1.645455241203308,32250
1993-02-17,2.1166670322418213,2.1166670322418213,2.0999999046325684,2.0999999046325684,1.6324985027313232,2250
1993-02-18,2.1333329677581787,2.1333329677581787,2.016666889190674,2.0333330631256104,1.580673098564148,48000
1993-02-19,2.016666889190674,2.066667079925537,2.016666889190674,2.066667079925537,1.6065864562988281,8250
1993-02-22,2.066667079925537,2.066667079925537,2.0333330631256104,2.0333330631256104,1.580673098564148,9000
1993-02-23,2.0,2.0,2.0,2.0,1.554760456085205,3000
1993-02-24,2.0,2.0,2.0,2.0,1.554760456085205,0
1993-02-25,2.0333330631256104,2.0333330631256104,2.0333330631256104,2.0333330631256104,1.580673098564148,1500
1993-02-26,1.9333330392837524,2.0,1.7999999523162842,1.8333330154418945,1.4251970052719116,31500
1993-03-01,1.8166669607162476,1.8333330154418945,1.7000000476837158,1.8333330154418945,1.4251970052719116,72750
1993-03-02,1.7999999523162842,1.850000023841858,1.7999999523162842,1.850000023841858,1.4381535053253174,6000
1993-03-03,1.850000023841858,1.850000023841858,1.850000023841858,1.850000023841858,1.4381535053253174,0
1993-03-04,1.8333330154418945,1.8333330154418945,1.8333330154418945,1.8333330154418945,1.4251970052719116,750
1993-03-05,1.850000023841858,1.8666670322418213,1.8333330154418945,1.8333330154418945,1.4251970052719116,12000
1993-03-08,1.8666670322418213,1.8666670322418213,1.7999999523162842,1.8333330154418945,1.4251970052719116,19500
1993-03-09,1.8166669607162476,1.8166669607162476,1.8166669607162476,1.8166669607162476,1.4122411012649536,750
1993-03-10,1.7999999523162842,1.8166669607162476,1.7833329439163208,1.8166669607162476,1.4122411012649536,6750
1993-03-11,1.7833329439163208,1.7833329439163208,1.75,1.75,1.360416054725647,4500
1993-03-12,1.7833329439163208,1.7833329439163208,1.75,1.7833329439163208,1.386328101158142,12750
1993-03-15,1.75,1.7833329439163208,1.75,1.7833329439163208,1.386328101158142,3000
1993-03-16,1.7666670083999634,1.7666670083999634,1.7666670083999634,1.7666670083999634,1.373373031616211,3750
1993-03-17,1.75,1.75,1.75,1.75,1.360416054725647,3000
1993-03-18,1.7833329439163208,1.8166669607162476,1.7833329439163208,1.8166669607162476,1.4122411012649536,7500
1993-03-19,1.850000023841858,1.8666670322418213,1.7999999523162842,1.7999999523162842,1.399284839630127,8250
1993-03-22,1.7666670083999634,1.7666670083999634,1.7666670083999634,1.7666670083999634,1.373373031616211,2250
1993-03-23,1.7666670083999634,1.7833329439163208,1.7333329916000366,1.7333329916000366,1.347459077835083,123750
1993-03-24,1.7666670083999634,1.7666670083999634,1.7666670083999634,1.7666670083999634,1.373373031616211,3750
1993-03-25,1.75,1.75,1.7000000476837158,1.7333329916000366,1.347459077835083,21000
1993-03-26,1.7333329916000366,1.7666670083999634,1.7333329916000366,1.75,1.360416054725647,11250
1993-03-29,1.7666670083999634,1.7833329439163208,1.7666670083999634,1.7833329439163208,1.386328101158142,1500
1993-03-30,1.75,1.7833329439163208,1.75,1.7833329439163208,1.386328101158142,3750
1993-03-31,1.75,1.7666670083999634,1.7333329916000366,1.7666670083999634,1.373373031616211,9000
1993-04-01,1.7333329916000366,1.7333329916000366,1.7333329916000366,1.7333329916000366,1.347459077835083,1500
1993-04-02,1.7666670083999634,1.7666670083999634,1.7000000476837158,1.7000000476837158,1.3215465545654297,8250
1993-04-05,1.7333329916000366,1.75,1.7000000476837158,1.7000000476837158,1.3215465545654297,14250
1993-04-06,1.7000000476837158,1.7000000476837158,1.7000000476837158,1.7000000476837158,1.3215465545654297,750
1993-04-07,1.75,1.75,1.7166670560836792,1.7166670560836792,1.3345028162002563,11250
1993-04-08,1.7000000476837158,1.7000000476837158,1.7000000476837158,1.7000000476837158,1.3215465545654297,1500
1993-04-12,1.7333329916000366,1.7333329916000366,1.7333329916000366,1.7333329916000366,1.347459077835083,6750
1993-04-13,1.75,1.7833329439163208,1.7000000476837158,1.7666670083999634,1.373373031616211,22500
1993-04-14,1.7166670560836792,1.7666670083999634,1.7166670560836792,1.7666670083999634,1.373373031616211,13500
1993-04-15,1.7666670083999634,1.7666670083999634,1.7000000476837158,1.7333329916000366,1.347459077835083,13500
1993-04-16,1.7666670083999634,1.7666670083999634,1.7666670083999634,1.7666670083999634,1.373373031616211,1500
1993-04-19,1.7833329439163208,1.7833329439163208,1.7000000476837158,1.7000000476837158,1.3215465545654297,5250
1993-04-20,1.7000000476837158,1.7000000476837158,1.649999976158142,1.649999976158142,1.2826778888702393,18750
1993-04-21,1.6166670322418213,1.6333329677581787,1.5499999523162842,1.6166670322418213,1.2567647695541382,21750
1993-04-22,1.6166670322418213,1.6166670322418213,1.6166670322418213,1.6166670322418213,1.2567647695541382,0
1993-04-23,1.5833330154418945,1.600000023841858,1.5666669607162476,1.600000023841858,1.2438091039657593,24000
1993-04-26,1.6166670322418213,1.6333329677581787,1.600000023841858,1.600000023841858,1.2438091039657593,12750
1993-04-27,1.5833330154418945,1.5833330154418945,1.5833330154418945,1.5833330154418945,1.2308520078659058,1500
1993-04-28,1.600000023841858,1.6333329677581787,1.600000023841858,1.600000023841858,1.2438091039657593,13500
1993-04-29,1.6333329677581787,1.6333329677581787,1.6333329677581787,1.6333329677581787,1.2697213888168335,2250
1993-04-30,1.600000023841858,1.600000023841858,1.5666669607162476,1.5666669607162476,1.217895746231079,10500
1993-05-03,1.5666669607162476,1.5666669607162476,1.5666669607162476,1.5666669607162476,1.217895746231079,0
1993-05-04,1.600000023841858,1.649999976158142,1.600000023841858,1.649999976158142,1.2826778888702393,6750
1993-05-05,1.649999976158142,1.7166670560836792,1.649999976158142,1.7166670560836792,1.3345028162002563,25500
1993-05-06,1.7166670560836792,1.7166670560836792,1.7000000476837158,1.7166670560836792,1.3345028162002563,18750
1993-05-07,1.7166670560836792,1.7166670560836792,1.6833330392837524,1.7166670560836792,1.3345028162002563,10500
1993-05-10,1.7333329916000366,1.7333329916000366,1.7333329916000366,1.7333329916000366,1.347459077835083,2250
1993-05-11,1.7333329916000366,1.7333329916000366,1.7333329916000366,1.7333329916000366,1.347459077835083,2250
1993-05-12,1.7333329916000366,1.7333329916000366,1.7333329916000366,1.7333329916000366,1.347459077835083,5250
1993-05-13,1.7166670560836792,1.7166670560836792,1.6833330392837524,1.6833330392837524,1.308590054512024,9750
1993-05-14,1.6666669845581055,1.6666669845581055,1.6666669845581055,1.6666669845581055,1.2956340312957764,3750
1993-05-17,1.6666669845581055,1.6666669845581055,1.6666669845581055,1.6666669845581055,1.2956340312957764,9750
1993-05-18,1.649999976158142,1.7000000476837158,1.649999976158142,1.7000000476837158,1.3215465545654297,5250
1993-05-19,1.7000000476837158,1.7000000476837158,1.7000000476837158,1.7000000476837158,1.3215465545654297,0
1993-05-20,1.7166670560836792,1.7333329916000366,1.7166670560836792,1.7333329916000366,1.347459077835083,15750
1993-05-21,1.75,1.75,1.75,1.75,1.360416054725647,750
1993-05-24,1.7833329439163208,1.7833329439163208,1.7333329916000366,1.7833329439163208,1.386328101158142,29250
1993-05-25,1.7666670083999634,1.7666670083999634,1.7000000476837158,1.7000000476837158,1.3215465545654297,27750
1993-05-26,1.7000000476837158,1.7000000476837158,1.7000000476837158,1.7000000476837158,1.3215465545654297,3750
1993-05-27,1.7000000476837158,1.7000000476837158,1.7000000476837158,1.7000000476837158,1.3215465545654297,0
1993-05-28,1.6666669845581055,1.6666669845581055,1.649999976158142,1.649999976158142,1.2826778888702393,7500
1993-06-01,1.6333329677581787,1.6333329677581787,1.600000023841858,1.6333329677581787,1.2697213888168335,8250
1993-06-02,1.649999976158142,1.649999976158142,1.649999976158142,1.649999976158142,1.2826778888702393,750
1993-06-03,1.6166670322418213,1.649999976158142,1.5833330154418945,1.649999976158142,1.2826778888702393,17250
1993-06-04,1.6166670322418213,1.6333329677581787,1.600000023841858,1.600000023841858,1.2438091039657593,6000
1993-06-07,1.6333329677581787,1.649999976158142,1.6333329677581787,1.6333329677581787,1.2697213888168335,5250
1993-06-08,1.6333329677581787,1.6333329677581787,1.6333329677581787,1.6333329677581787,1.2697213888168335,0
1993-06-09,1.6333329677581787,1.6333329677581787,1.6333329677581787,1.6333329677581787,1.2697213888168335,0
1993-06-10,1.600000023841858,1.6333329677581787,1.600000023841858,1.6333329677581787,1.2697213888168335,9750
1993-06-11,1.6333329677581787,1.6333329677581787,1.6333329677581787,1.6333329677581787,1.2697213888168335,3750
1993-06-14,1.649999976158142,1.6666669845581055,1.649999976158142,1.6666669845581055,1.2956340312957764,2250
1993-06-15,1.649999976158142,1.649999976158142,1.649999976158142,1.649999976158142,1.2826778888702393,1500
1993-06-16,1.649999976158142,1.649999976158142,1.649999976158142,1.649999976158142,1.2826778888702393,3000
1993-06-17,1.6333329677581787,1.6333329677581787,1.6333329677581787,1.6333329677581787,1.2697213888168335,4500
1993-06-18,1.600000023841858,1.6333329677581787,1.5833330154418945,1.6333329677581787,1.2697213888168335,12750
1993-06-21,1.600000023841858,1.600000023841858,1.600000023841858,1.600000023841858,1.2438091039657593,3750
1993-06-22,1.600000023841858,1.6333329677581787,1.600000023841858,1.6333329677581787,1.2697213888168335,4500
1993-06-23,1.600000023841858,1.600000023841858,1.5666669607162476,1.600000023841858,1.2438091039657593,11250
1993-06-24,1.5833330154418945,1.600000023841858,1.5666669607162476,1.600000023841858,1.2438091039657593,6000
1993-06-25,1.5833330154418945,1.5833330154418945,1.5833330154418945,1.5833330154418945,1.2308520078659058,750
1993-06-28,1.5666669607162476,1.5666669607162476,1.5666669607162476,1.5666669607162476,1.217895746231079,3750
1993-06-29,1.5666669607162476,1.5666669607162476,1.5666669607162476,1.5666669607162476,1.217895746231079,0
1993-06-30,1.600000023841858,1.600000023841858,1.600000023841858,1.600000023841858,1.2438091039657593,6000
1993-07-01,1.5666669607162476,1.6333329677581787,1.5666669607162476,1.6333329677581787,1.2697213888168335,7500
1993-07-02,1.600000023841858,1.600000023841858,1.5666669607162476,1.5666669607162476,1.217895746231079,3750
1993-07-06,1.5833330154418945,1.5833330154418945,1.5333329439163208,1.5499999523162842,1.2049399614334106,17250
1993-07-07,1.5333329439163208,1.5499999523162842,1.5333329439163208,1.5499999523162842,1.2049399614334106,1500
1993-07-08,1.5333329439163208,1.5666669607162476,1.5333329439163208,1.5666669607162476,1.217895746231079,5250
1993-07-09,1.5666669607162476,1.5666669607162476,1.5666669607162476,1.5666669607162476,1.217895746231079,0
1993-07-12,1.600000023841858,1.649999976158142,1.5333329439163208,1.5333329439163208,1.191982626914978,23250
1993-07-13,1.5666669607162476,1.600000023841858,1.5666669607162476,1.600000023841858,1.2438091039657593,5250
1993-07-14,1.6333329677581787,1.649999976158142,1.6333329677581787,1.649999976158142,1.2826778888702393,8250
1993-07-15,1.649999976158142,1.649999976158142,1.600000023841858,1.600000023841858,1.2438091039657593,24750
1993-07-16,1.600000023841858,1.600000023841858,1.600000023841858,1.600000023841858,1.2438091039657593,0
1993-07-19,1.6333329677581787,1.6333329677581787,1.6333329677581787,1.6333329677581787,1.2697213888168335,5250
1993-07-20,1.600000023841858,1.600000023841858,1.5833330154418945,1.600000023841858,1.2438091039657593,9000
1993-07-21,1.5833330154418945,1.5833330154418945,1.5833330154418945,1.5833330154418945,1.2308520078659058,3750
1993-07-22,1.6166670322418213,1.6166670322418213,1.6166670322418213,1.6166670322418213,1.2567647695541382,1500
1993-07-23,1.6333329677581787,1.6666669845581055,1.6333329677581787,1.6666669845581055,1.2956340312957764,8250
1993-07-26,1.6666669845581055,1.75,1.6666669845581055,1.75,1.360416054725647,10500
1993-07-27,1.7666670083999634,1.7666670083999634,1.7666670083999634,1.7666670083999634,1.373373031616211,750
1993-07-28,1.7333329916000366,1.7333329916000366,1.7000000476837158,1.7333329916000366,1.347459077835083,9000
1993-07-29,1.7333329916000366,1.75,1.7333329916000366,1.75,1.360416054725647,4500
1993-07-30,1.7166670560836792,1.7166670560836792,1.6666669845581055,1.7000000476837158,1.3215465545654297,17250
1993-08-02,1.7333329916000366,1.7333329916000366,1.7166670560836792,1.7166670560836792,1.3345028162002563,3000
1993-08-03,1.7000000476837158,1.7000000476837158,1.7000000476837158,1.7000000476837158,1.3215465545654297,750
1993-08-04,1.7000000476837158,1.7000000476837158,1.7000000476837158,1.7000000476837158,1.3215465545654297,750
1993-08-05,1.7000000476837158,1.7000000476837158,1.7000000476837158,1.7000000476837158,1.3215465545654297,7500
1993-08-06,1.6666669845581055,1.6666669845581055,1.649999976158142,1.6666669845581055,1.2956340312957764,11250
1993-08-09,1.7000000476837158,1.7000000476837158,1.5666669607162476,1.600000023841858,1.2438091039657593,44250
1993-08-10,1.6333329677581787,1.649999976158142,1.6333329677581787,1.649999976158142,1.2826778888702393,3750
1993-08-11,1.6666669845581055,1.6666669845581055,1.649999976158142,1.649999976158142,1.2826778888702393,5250
1993-08-12,1.649999976158142,1.649999976158142,1.649999976158142,1.649999976158142,1.2826778888702393,0
1993-08-13,1.6333329677581787,1.6666669845581055,1.6333329677581787,1.6666669845581055,1.2956340312957764,12750
1993-08-16,1.649999976158142,1.6666669845581055,1.649999976158142,1.6666669845581055,1.2956340312957764,4500
1993-08-17,1.6666669845581055,1.6666669845581055,1.6666669845581055,1.6666669845581055,1.2956340312957764,0
1993-08-18,1.649999976158142,1.6666669845581055,1.6333329677581787,1.6666669845581055,1.2956340312957764,8250
1993-08-19,1.6833330392837524,1.6833330392837524,1.6833330392837524,1.6833330392837524,1.308590054512024,11250
1993-08-20,1.6833330392837524,1.7166670560836792,1.6833330392837524,1.7166670560836792,1.3345028162002563,27750
1993-08-23,1.7333329916000366,1.7333329916000366,1.7166670560836792,1.7166670560836792,1.3345028162002563,4500
1993-08-24,1.7000000476837158,1.7333329916000366,1.6833330392837524,1.7333329916000366,1.347459077835083,12000
1993-08-25,1.6833330392837524,1.7166670560836792,1.6833330392837524,1.7166670560836792,1.3345028162002563,23250
1993-08-26,1.6833330392837524,1.7000000476837158,1.6833330392837524,1.7000000476837158,1.3215465545654297,9750
1993-08-27,1.6833330392837524,1.7000000476837158,1.6666669845581055,1.7000000476837158,1.3215465545654297,11250
1993-08-30,1.6833330392837524,1.7166670560836792,1.6666669845581055,1.7166670560836792,1.3345028162002563,7500
1993-08-31,1.7166670560836792,1.75,1.7166670560836792,1.75,1.360416054725647,5250
1993-09-01,1.7333329916000366,1.7333329916000366,1.7333329916000366,1.7333329916000366,1.347459077835083,750
1993-09-02,1.7166670560836792,1.7166670560836792,1.6833330392837524,1.7166670560836792,1.3345028162002563,9750
1993-09-03,1.7166670560836792,1.7166670560836792,1.7166670560836792,1.7166670560836792,1.3345028162002563,0
1993-09-07,1.6833330392837524,1.7000000476837158,1.6833330392837524,1.7000000476837158,1.3215465545654297,3000
1993-09-08,1.7000000476837158,1.7000000476837158,1.7000000476837158,1.7000000476837158,1.3215465545654297,0
1993-09-09,1.7166670560836792,1.7166670560836792,1.7166670560836792,1.7166670560836792,1.3345028162002563,6750
1993-09-10,1.6833330392837524,1.6833330392837524,1.6666669845581055,1.6666669845581055,1.2956340312957764,13500
1993-09-13,1.6666669845581055,1.6666669845581055,1.6666669845581055,1.6666669845581055,1.2956340312957764,0
1993-09-14,1.6666669845581055,1.6666669845581055,1.600000023841858,1.6333329677581787,1.2697213888168335,19500
1993-09-15,1.6333329677581787,1.6333329677581787,1.6333329677581787,1.6333329677581787,1.2697213888168335,3750
1993-09-16,1.6333329677581787,1.6666669845581055,1.6333329677581787,1.6666669845581055,1.2956340312957764,11250
1993-09-17,1.6333329677581787,1.649999976158142,1.6166670322418213,1.6166670322418213,1.2567647695541382,28500
1993-09-20,1.649999976158142,1.649999976158142,1.6333329677581787,1.6333329677581787,1.2697213888168335,4500
1993-09-21,1.6333329677581787,1.6333329677581787,1.600000023841858,1.600000023841858,1.2438091039657593,79500
1993-09-22,1.6333329677581787,1.6666669845581055,1.6333329677581787,1.6666669845581055,1.2956340312957764,5250
1993-09-23,1.649999976158142,1.649999976158142,1.649999976158142,1.649999976158142,1.2826778888702393,750
1993-09-24,1.649999976158142,1.649999976158142,1.649999976158142,1.649999976158142,1.2826778888702393,0
1993-09-27,1.649999976158142,1.649999976158142,1.649999976158142,1.649999976158142,1.2826778888702393,0
1993-09-28,1.649999976158142,1.649999976158142,1.649999976158142,1.649999976158142,1.2826778888702393,18750
1993-09-29,1.649999976158142,1.649999976158142,1.649999976158142,1.649999976158142,1.2826778888702393,0
1993-09-30,1.649999976158142,1.649999976158142,1.649999976158142,1.649999976158142,1.2826778888702393,7500
1993-10-01,1.6166670322418213,1.6166670322418213,1.6166670322418213,1.6166670322418213,1.2567647695541382,5250
1993-10-04,1.6166670322418213,1.6166670322418213,1.6166670322418213,1.6166670322418213,1.2567647695541382,0
1993-10-05,1.6166670322418213,1.6166670322418213,1.6166670322418213,1.6166670322418213,1.2567647695541382,0
1993-10-06,1.600000023841858,1.600000023841858,1.600000023841858,1.600000023841858,1.2438091039657593,7500
1993-10-07,1.600000023841858,1.600000023841858,1.600000023841858,1.600000023841858,1.2438091039657593,0
1993-10-08,1.600000023841858,1.600000023841858,1.600000023841858,1.600000023841858,1.2438091039657593,0
1993-10-11,1.5833330154418945,1.5833330154418945,1.5833330154418945,1.5833330154418945,1.2308520078659058,750
1993-10-12,1.5833330154418945,1.5833330154418945,1.5833330154418945,1.5833330154418945,1.2308520078659058,0
1993-10-13,1.5666669607162476,1.600000023841858,1.5666669607162476,1.600000023841858,1.2438091039657593,5250
1993-10-14,1.600000023841858,1.600000023841858,1.600000023841858,1.600000023841858,1.2438091039657593,3750
1993-10-15,1.6333329677581787,1.6333329677581787,1.6333329677581787,1.6333329677581787,1.2697213888168335,4500
1993-10-18,1.600000023841858,1.600000023841858,1.5833330154418945,1.5833330154418945,1.2308520078659058,7500
1993-10-19,1.5499999523162842,1.5499999523162842,1.4833329916000366,1.5333329439163208,1.191982626914978,30000
1993-10-20,1.5333329439163208,1.5333329439163208,1.5333329439163208,1.5333329439163208,1.191982626914978,0
1993-10-21,1.5333329439163208,1.5333329439163208,1.5333329439163208,1.5333329439163208,1.191982626914978,0
1993-10-22,1.5333329439163208,1.5333329439163208,1.5333329439163208,1.5333329439163208,1.191982626914978,0
1993-10-25,1.5166670083999634,1.5166670083999634,1.4666670560836792,1.5166670083999634,1.1790273189544678,20250
1993-10-26,1.5166670083999634,1.5166670083999634,1.5166670083999634,1.5166670083999634,1.1790273189544678,0
1993-10-27,1.5,1.5333329439163208,1.5,1.5333329439163208,1.191982626914978,3000
1993-10-28,1.5166670083999634,1.5166670083999634,1.5166670083999634,1.5166670083999634,1.1790273189544678,1500
1993-10-29,1.5,1.5,1.5,1.5,1.1660709381103516,6000
1993-11-01,1.4666670560836792,1.5,1.4666670560836792,1.4833329916000366,1.1531140804290771,9000
1993-11-02,1.4666670560836792,1.4666670560836792,1.4666670560836792,1.4666670560836792,1.1401580572128296,11250
1993-11-03,1.4500000476837158,1.4833329916000366,1.4500000476837158,1.4666670560836792,1.1401580572128296,14250
1993-11-04,1.5,1.5,1.5,1.5,1.1660709381103516,1500
1993-11-05,1.4666670560836792,1.4666670560836792,1.4666670560836792,1.4666670560836792,1.1401580572128296,1500
1993-11-08,1.4333330392837524,1.4333330392837524,1.4333330392837524,1.4333330392837524,1.1142454147338867,3000
1993-11-09,1.4333330392837524,1.4333330392837524,1.4166669845581055,1.4166669845581055,1.1012890338897705,6000
1993-11-10,1.4500000476837158,1.4500000476837158,1.4500000476837158,1.4500000476837158,1.1272016763687134,2250
1993-11-11,1.4666670560836792,1.4833329916000366,1.4666670560836792,1.4666670560836792,1.1401580572128296,5250
1993-11-12,1.5,1.5,1.4666670560836792,1.4666670560836792,1.1401580572128296,6750
1993-11-15,1.4333330392837524,1.4833329916000366,1.4333330392837524,1.4833329916000366,1.1531140804290771,13500
1993-11-16,1.4833329916000366,1.4833329916000366,1.4833329916000366,1.4833329916000366,1.1531140804290771,0
1993-11-17,1.4666670560836792,1.4666670560836792,1.4333330392837524,1.4666670560836792,1.1401580572128296,16500
1993-11-18,1.4333330392837524,1.4333330392837524,1.4333330392837524,1.4333330392837524,1.1142454147338867,3750
1993-11-19,1.4500000476837158,1.4500000476837158,1.4500000476837158,1.4500000476837158,1.1272016763687134,750
1993-11-22,1.4166669845581055,1.4166669845581055,1.4166669845581055,1.4166669845581055,1.1012890338897705,7500
1993-11-23,1.4500000476837158,1.4833329916000366,1.4500000476837158,1.4833329916000366,1.1531140804290771,5250
1993-11-24,1.4833329916000366,1.4833329916000366,1.4833329916000366,1.4833329916000366,1.1531140804290771,2250
1993-11-26,1.4833329916000366,1.4833329916000366,1.4833329916000366,1.4833329916000366,1.1531140804290771,7500
1993-11-29,1.4833329916000366,1.4833329916000366,1.4833329916000366,1.4833329916000366,1.1531140804290771,0
1993-11-30,1.4500000476837158,1.4833329916000366,1.4500000476837158,1.4833329916000366,1.1531140804290771,9000
1993-12-01,1.4666670560836792,1.4666670560836792,1.4666670560836792,1.4666670560836792,1.1401580572128296,2250
1993-12-02,1.4500000476837158,1.4500000476837158,1.4500000476837158,1.4500000476837158,1.1272016763687134,3750
1993-12-03,1.4500000476837158,1.4500000476837158,1.4500000476837158,1.4500000476837158,1.1272016763687134,0
1993-12-06,1.4500000476837158,1.4833329916000366,1.4500000476837158,1.4833329916000366,1.1531140804290771,25500
1993-12-07,1.4833329916000366,1.4833329916000366,1.4833329916000366,1.4833329916000366,1.1531140804290771,0
1993-12-08,1.4500000476837158,1.4666670560836792,1.4500000476837158,1.4666670560836792,1.1401580572128296,4500
1993-12-09,1.4500000476837158,1.4666670560836792,1.4333330392837524,1.4666670560836792,1.1401580572128296,9000
1993-12-10,1.4500000476837158,1.4500000476837158,1.4500000476837158,1.4500000476837158,1.1272016763687134,750
1993-12-13,1.4333330392837524,1.4333330392837524,1.4333330392837524,1.4333330392837524,1.1142454147338867,3000
1993-12-14,1.4166669845581055,1.4500000476837158,1.4166669845581055,1.4500000476837158,1.1272016763687134,4500
1993-12-15,1.4500000476837158,1.4500000476837158,1.4500000476837158,1.4500000476837158,1.1272016763687134,0
1993-12-16,1.4666670560836792,1.4666670560836792,1.4666670560836792,1.4666670560836792,1.1401580572128296,3750
1993-12-17,1.4333330392837524,1.4333330392837524,1.4333330392837524,1.4333330392837524,1.1142454147338867,3000
1993-12-20,1.4666670560836792,1.4666670560836792,1.4166669845581055,1.4166669845581055,1.1012890338897705,11250
1993-12-21,1.4166669845581055,1.4166669845581055,1.399999976158142,1.399999976158142,1.0883327722549438,7500
1993-12-22,1.399999976158142,1.399999976158142,1.350000023841858,1.350000023841858,1.049463152885437,26250
1993-12-23,1.3833329677581787,1.399999976158142,1.3666670322418213,1.3666670322418213,1.06242036819458,8250
1993-12-27,1.399999976158142,1.399999976158142,1.3666670322418213,1.399999976158142,1.0883327722549438,15000
1993-12-28,1.4333330392837524,1.4666670560836792,1.4333330392837524,1.4500000476837158,1.1272016763687134,12750
1993-12-29,1.4166669845581055,1.4666670560836792,1.399999976158142,1.4500000476837158,1.1272016763687134,34500
1993-12-30,1.4500000476837158,1.5,1.4500000476837158,1.5,1.1660709381103516,10500
1993-12-31,1.5166670083999634,1.5333329439163208,1.5,1.5,1.1660709381103516,15000
1994-01-03,1.5333329439163208,1.5666669607162476,1.5333329439163208,1.5666669607162476,1.217895746231079,9750
1994-01-04,1.5833330154418945,1.6333329677581787,1.5833330154418945,1.6333329677581787,1.2697213888168335,14250
1994-01-05,1.6166670322418213,1.6166670322418213,1.600000023841858,1.600000023841858,1.2438091039657593,3000
1994-01-06,1.6166670322418213,1.6166670322418213,1.6166670322418213,1.6166670322418213,1.2567647695541382,2250
1994-01-07,1.649999976158142,1.6666669845581055,1.649999976158142,1.6666669845581055,1.2956340312957764,5250
1994-01-10,1.6666669845581055,1.6833330392837524,1.6166670322418213,1.6833330392837524,1.308590054512024,16500
1994-01-11,1.649999976158142,1.649999976158142,1.649999976158142,1.649999976158142,1.2826778888702393,3000
1994-01-12,1.649999976158142,1.649999976158142,1.6333329677581787,1.6333329677581787,1.2697213888168335,3000
1994-01-13,1.6333329677581787,1.6333329677581787,1.6333329677581787,1.6333329677581787,1.2697213888168335,0
1994-01-14,1.6333329677581787,1.649999976158142,1.6333329677581787,1.649999976158142,1.2826778888702393,3000
1994-01-17,1.6166670322418213,1.6333329677581787,1.6166670322418213,1.6333329677581787,1.2697213888168335,5250
1994-01-18,1.6333329677581787,1.6333329677581787,1.5499999523162842,1.600000023841858,1.2438091039657593,29250
1994-01-19,1.5833330154418945,1.5833330154418945,1.5499999523162842,1.5833330154418945,1.2308520078659058,8250
1994-01-20,1.600000023841858,1.600000023841858,1.600000023841858,1.600000023841858,1.2438091039657593,2250
1994-01-21,1.600000023841858,1.600000023841858,1.600000023841858,1.600000023841858,1.2438091039657593,0
1994-01-24,1.5666669607162476,1.5666669607162476,1.5333329439163208,1.5333329439163208,1.191982626914978,9750
1994-01-25,1.5166670083999634,1.5166670083999634,1.5166670083999634,1.5166670083999634,1.1790273189544678,2250
1994-01-26,1.5166670083999634,1.5166670083999634,1.5166670083999634,1.5166670083999634,1.1790273189544678,0
1994-01-27,1.5166670083999634,1.5166670083999634,1.5166670083999634,1.5166670083999634,1.1790273189544678,0
1994-01-28,1.5,1.5166670083999634,1.5,1.5,1.1660709381103516,3750
1994-01-31,1.4666670560836792,1.5,1.4666670560836792,1.4666670560836792,1.1401580572128296,8250
1994-02-01,1.4666670560836792,1.4666670560836792,1.4666670560836792,1.4666670560836792,1.1401580572128296,6000
1994-02-02,1.5,1.5,1.5,1.5,1.1660709381103516,1500
1994-02-03,1.5333329439163208,1.5666669607162476,1.5333329439163208,1.5666669607162476,1.217895746231079,5250
1994-02-04,1.5833330154418945,1.5833330154418945,1.5166670083999634,1.5166670083999634,1.1790273189544678,8250
1994-02-07,1.5499999523162842,1.5499999523162842,1.5166670083999634,1.5499999523162842,1.2049399614334106,12750
1994-02-08,1.5166670083999634,1.5166670083999634,1.5166670083999634,1.5166670083999634,1.1790273189544678,1500
1994-02-09,1.5,1.5,1.4666670560836792,1.4833329916000366,1.1531140804290771,10500
1994-02-10,1.5166670083999634,1.5333329439163208,1.4833329916000366,1.5333329439163208,1.191982626914978,11250
1994-02-11,1.5166670083999634,1.5166670083999634,1.5166670083999634,1.5166670083999634,1.1790273189544678,750
1994-02-14,1.5499999523162842,1.5499999523162842,1.5166670083999634,1.5166670083999634,1.1790273189544678,9750
1994-02-15,1.5333329439163208,1.5499999523162842,1.5333329439163208,1.5499999523162842,1.2049399614334106,4500
1994-02-16,1.5333329439163208,1.600000023841858,1.5166670083999634,1.5833330154418945,1.2308520078659058,22500
1994-02-17,1.600000023841858,1.6166670322418213,1.600000023841858,1.6166670322418213,1.2567647695541382,36000
1994-02-18,1.649999976158142,1.899999976158142,1.649999976158142,1.899999976158142,1.4770228862762451,139500
1994-02-22,1.9166669845581055,1.9833329916000366,1.9166669845581055,1.9333330392837524,1.502935528755188,59250
1994-02-23,1.9666670560836792,1.9666670560836792,1.899999976158142,1.9166669845581055,1.4899792671203613,10500
1994-02-24,1.899999976158142,1.9166669845581055,1.8166669607162476,1.8166669607162476,1.4122411012649536,15750
1994-02-25,1.7999999523162842,1.8166669607162476,1.7166670560836792,1.7666670083999634,1.373373031616211,39750
1994-02-28,1.7333329916000366,1.7666670083999634,1.7166670560836792,1.7166670560836792,1.3345028162002563,47250
1994-03-01,1.7166670560836792,1.7333329916000366,1.7000000476837158,1.7333329916000366,1.347459077835083,30750
1994-03-02,1.7333329916000366,1.7333329916000366,1.7333329916000366,1.7333329916000366,1.347459077835083,0
1994-03-03,1.7333329916000366,1.7333329916000366,1.7333329916000366,1.7333329916000366,1.347459077835083,0
1994-03-04,1.7333329916000366,1.7999999523162842,1.7333329916000366,1.7999999523162842,1.399284839630127,6000
1994-03-07,1.8333330154418945,1.850000023841858,1.8333330154418945,1.850000023841858,1.4381535053253174,11250
1994-03-08,1.8333330154418945,1.8333330154418945,1.8333330154418945,1.8333330154418945,1.4251970052719116,1500
1994-03-09,1.7999999523162842,1.7999999523162842,1.7999999523162842,1.7999999523162842,1.399284839630127,9000
1994-03-10,1.7999999523162842,1.850000023841858,1.7999999523162842,1.8333330154418945,1.4251970052719116,17250
1994-03-11,1.8333330154418945,1.8333330154418945,1.8333330154418945,1.8333330154418945,1.4251970052719116,0
1994-03-14,1.8666670322418213,1.8833329677581787,1.8333330154418945,1.8333330154418945,1.4251970052719116,6750
1994-03-15,1.8166669607162476,1.8166669607162476,1.8166669607162476,1.8166669607162476,1.4122411012649536,3750
1994-03-16,1.7999999523162842,1.7999999523162842,1.7999999523162842,1.7999999523162842,1.399284839630127,3000
1994-03-17,1.7999999523162842,1.8833329677581787,1.7999999523162842,1.8833329677581787,1.4640661478042603,42000
1994-03-18,1.8833329677581787,1.8833329677581787,1.8666670322418213,1.8666670322418213,1.4511104822158813,3750
1994-03-21,1.850000023841858,1.8666670322418213,1.8333330154418945,1.8666670322418213,1.4511104822158813,21750
1994-03-22,1.850000023841858,1.850000023841858,1.850000023841858,1.850000023841858,1.4381535053253174,1500
1994-03-23,1.850000023841858,1.850000023841858,1.850000023841858,1.850000023841858,1.4381535053253174,1500
1994-03-24,1.850000023841858,1.850000023841858,1.850000023841858,1.850000023841858,1.4381535053253174,0
1994-03-25,1.8333330154418945,1.8333330154418945,1.8333330154418945,1.8333330154418945,1.4251970052719116,2250
1994-03-28,1.8666670322418213,1.8666670322418213,1.8333330154418945,1.8666670322418213,1.4511104822158813,22500
1994-03-29,1.8666670322418213,1.8666670322418213,1.8666670322418213,1.8666670322418213,1.4511104822158813,0
1994-03-30,1.8333330154418945,1.850000023841858,1.8333330154418945,1.8333330154418945,1.4251970052719116,34500
1994-03-31,1.8333330154418945,1.8333330154418945,1.8333330154418945,1.8333330154418945,1.4251970052719116,18000
1994-04-04,1.8333330154418945,1.850000023841858,1.7666670083999634,1.7833329439163208,1.386328101158142,15000
1994-04-05,1.7999999523162842,1.899999976158142,1.7999999523162842,1.899999976158142,1.4770228862762451,33750
1994-04-06,1.899999976158142,1.899999976158142,1.899999976158142,1.899999976158142,1.4770228862762451,11250
1994-04-07,1.899999976158142,1.9666670560836792,1.899999976158142,1.9666670560836792,1.5288481712341309,29250
1994-04-08,1.9333330392837524,1.9833329916000366,1.9333330392837524,1.9333330392837524,1.502935528755188,15000
1994-04-11,1.9500000476837158,1.9500000476837158,1.9500000476837158,1.9500000476837158,1.5158915519714355,750
1994-04-12,1.9333330392837524,1.9500000476837158,1.9333330392837524,1.9500000476837158,1.5158915519714355,3000
1994-04-13,1.9333330392837524,1.9333330392837524,1.9333330392837524,1.9333330392837524,1.502935528755188,3750
1994-04-14,1.9500000476837158,1.9500000476837158,1.9500000476837158,1.9500000476837158,1.5158915519714355,750
1994-04-15,1.9333330392837524,1.9666670560836792,1.9166669845581055,1.9666670560836792,1.5288481712341309,6000
1994-04-18,1.9833329916000366,1.9833329916000366,1.9333330392837524,1.9500000476837158,1.5158915519714355,5250
1994-04-19,1.9166669845581055,1.9166669845581055,1.8333330154418945,1.8333330154418945,1.4251970052719116,18750
1994-04-20,1.7999999523162842,1.8666670322418213,1.7999999523162842,1.8666670322418213,1.4511104822158813,4500
1994-04-21,1.8333330154418945,1.8333330154418945,1.7999999523162842,1.8333330154418945,1.4251970052719116,12000
1994-04-22,1.8666670322418213,1.8666670322418213,1.8166669607162476,1.850000023841858,1.4381535053253174,12000
1994-04-25,1.8666670322418213,1.8666670322418213,1.850000023841858,1.850000023841858,1.4381535053253174,3000
1994-04-26,1.850000023841858,1.850000023841858,1.850000023841858,1.850000023841858,1.4381535053253174,0
1994-04-28,1.8833329677581787,1.8833329677581787,1.8666670322418213,1.8666670322418213,1.4511104822158813,3750
1994-04-29,1.8666670322418213,1.8666670322418213,1.8666670322418213,1.8666670322418213,1.4511104822158813,750
1994-05-02,1.899999976158142,1.9333330392837524,1.899999976158142,1.9333330392837524,1.502935528755188,3750
1994-05-03,1.9500000476837158,1.9500000476837158,1.9333330392837524,1.9333330392837524,1.502935528755188,2250
1994-05-04,1.899999976158142,1.899999976158142,1.8833329677581787,1.8833329677581787,1.4640661478042603,3750
1994-05-05,1.8833329677581787,1.8833329677581787,1.8833329677581787,1.8833329677581787,1.4640661478042603,0
1994-05-06,1.8833329677581787,1.8833329677581787,1.8833329677581787,1.8833329677581787,1.4640661478042603,0
1994-05-09,1.850000023841858,1.850000023841858,1.7999999523162842,1.7999999523162842,1.399284839630127,21000
1994-05-10,1.7833329439163208,1.8333330154418945,1.7833329439163208,1.8333330154418945,1.4251970052719116,8250
1994-05-11,1.8333330154418945,1.8333330154418945,1.8333330154418945,1.8333330154418945,1.4251970052719116,0
1994-05-12,1.8333330154418945,1.8333330154418945,1.8333330154418945,1.8333330154418945,1.4251970052719116,0
1994-05-13,1.850000023841858,1.850000023841858,1.8333330154418945,1.8333330154418945,1.4251970052719116,1500
1994-05-16,1.8333330154418945,1.8333330154418945,1.8333330154418945,1.8333330154418945,1.4251970052719116,0
1994-05-17,1.8333330154418945,1.8666670322418213,1.8333330154418945,1.8333330154418945,1.4251970052719116,9750
1994-05-18,1.8166669607162476,1.850000023841858,1.8166669607162476,1.850000023841858,1.4381535053253174,3750
1994-05-19,1.850000023841858,1.850000023841858,1.850000023841858,1.850000023841858,1.4381535053253174,0
1994-05-20,1.850000023841858,1.850000023841858,1.850000023841858,1.850000023841858,1.4381535053253174,0
1994-05-23,1.8166669607162476,1.8166669607162476,1.8166669607162476,1.8166669607162476,1.4122411012649536,1500
1994-05-24,1.8166669607162476,1.8166669607162476,1.8166669607162476,1.8166669607162476,1.4122411012649536,1500
1994-05-25,1.7833329439163208,1.7833329439163208,1.7666670083999634,1.7666670083999634,1.373373031616211,4500
1994-05-26,1.7166670560836792,1.75,1.7166670560836792,1.75,1.360416054725647,6000
1994-05-27,1.7166670560836792,1.75,1.7166670560836792,1.75,1.360416054725647,2250
1994-05-31,1.75,1.75,1.75,1.75,1.360416054725647,0
1994-06-01,1.7333329916000366,1.7333329916000366,1.7333329916000366,1.7333329916000366,1.347459077835083,750
1994-06-02,1.7166670560836792,1.75,1.7166670560836792,1.7166670560836792,1.3345028162002563,6750
1994-06-03,1.7000000476837158,1.7000000476837158,1.6666669845581055,1.6666669845581055,1.2956340312957764,6000
1994-06-06,1.6333329677581787,1.6333329677581787,1.6333329677581787,1.6333329677581787,1.2697213888168335,7500
1994-06-07,1.6166670322418213,1.649999976158142,1.6166670322418213,1.649999976158142,1.2826778888702393,2250
1994-06-08,1.649999976158142,1.649999976158142,1.649999976158142,1.649999976158142,1.2826778888702393,0
1994-06-09,1.649999976158142,1.649999976158142,1.649999976158142,1.649999976158142,1.2826778888702393,0
1994-06-10,1.649999976158142,1.649999976158142,1.649999976158142,1.649999976158142,1.2826778888702393,0
1994-06-13,1.649999976158142,1.649999976158142,1.649999976158142,1.649999976158142,1.2826778888702393,0
1994-06-14,1.6333329677581787,1.6333329677581787,1.600000023841858,1.600000023841858,1.2438091039657593,10500
1994-06-15,1.6333329677581787,1.6333329677581787,1.6333329677581787,1.6333329677581787,1.2697213888168335,1500
1994-06-16,1.6333329677581787,1.6333329677581787,1.6333329677581787,1.6333329677581787,1.2697213888168335,0
1994-06-17,1.6333329677581787,1.6333329677581787,1.6333329677581787,1.6333329677581787,1.2697213888168335,0
1994-06-20,1.6333329677581787,1.6333329677581787,1.6333329677581787,1.6333329677581787,1.2697213888168335,0
1994-06-21,1.6333329677581787,1.6333329677581787,1.6333329677581787,1.6333329677581787,1.2697213888168335,0
1994-06-22,1.6333329677581787,1.6333329677581787,1.6333329677581787,1.6333329677581787,1.2697213888168335,0
1994-06-23,1.6333329677581787,1.6333329677581787,1.6333329677581787,1.6333329677581787,1.2697213888168335,0
1994-06-24,1.6333329677581787,1.6333329677581787,1.6333329677581787,1.6333329677581787,1.2697213888168335,0
1994-06-27,1.649999976158142,1.649999976158142,1.649999976158142,1.649999976158142,1.2826778888702393,750
1994-06-28,1.6333329677581787,1.6333329677581787,1.6333329677581787,1.6333329677581787,1.2697213888168335,750
1994-06-29,1.6333329677581787,1.6333329677581787,1.6333329677581787,1.6333329677581787,1.2697213888168335,2250
1994-06-30,1.6333329677581787,1.6333329677581787,1.6333329677581787,1.6333329677581787,1.2697213888168335,0
1994-07-01,1.6333329677581787,1.6333329677581787,1.6333329677581787,1.6333329677581787,1.2697213888168335,0
1994-07-05,1.6333329677581787,1.6333329677581787,1.6333329677581787,1.6333329677581787,1.2697213888168335,0
1994-07-06,1.6333329677581787,1.6333329677581787,1.6333329677581787,1.6333329677581787,1.2697213888168335,750
1994-07-07,1.649999976158142,1.649999976158142,1.649999976158142,1.649999976158142,1.2826778888702393,1500
1994-07-08,1.649999976158142,1.649999976158142,1.649999976158142,1.649999976158142,1.2826778888702393,0
1994-07-11,1.649999976158142,1.649999976158142,1.649999976158142,1.649999976158142,1.2826778888702393,0
1994-07-12,1.6166670322418213,1.6333329677581787,1.6166670322418213,1.6333329677581787,1.2697213888168335,2250
1994-07-13,1.649999976158142,1.649999976158142,1.600000023841858,1.600000023841858,1.2438091039657593,8250
1994-07-14,1.6333329677581787,1.6333329677581787,1.600000023841858,1.6166670322418213,1.2567647695541382,4500
1994-07-15,1.649999976158142,1.649999976158142,1.6333329677581787,1.6333329677581787,1.2697213888168335,5250
1994-07-18,1.600000023841858,1.600000023841858,1.600000023841858,1.600000023841858,1.2438091039657593,7500
1994-07-19,1.6333329677581787,1.6333329677581787,1.6333329677581787,1.6333329677581787,1.2697213888168335,750
1994-07-20,1.600000023841858,1.600000023841858,1.600000023841858,1.600000023841858,1.2438091039657593,7500
1994-07-21,1.600000023841858,1.600000023841858,1.600000023841858,1.600000023841858,1.2438091039657593,0
1994-07-22,1.600000023841858,1.600000023841858,1.600000023841858,1.600000023841858,1.2438091039657593,750
1994-07-25,1.600000023841858,1.7333329916000366,1.600000023841858,1.7333329916000366,1.347459077835083,3750
1994-07-26,1.7333329916000366,1.7333329916000366,1.7333329916000366,1.7333329916000366,1.347459077835083,0
1994-07-27,1.7999999523162842,1.7999999523162842,1.5166670083999634,1.5166670083999634,1.1790273189544678,13500
1994-07-28,1.5499999523162842,1.5833330154418945,1.5499999523162842,1.5833330154418945,1.2308520078659058,2250
1994-07-29,1.6166670322418213,1.6166670322418213,1.6166670322418213,1.6166670322418213,1.2567647695541382,750
1994-08-01,1.6333329677581787,1.6333329677581787,1.600000023841858,1.6333329677581787,1.2697213888168335,3750
1994-08-02,1.600000023841858,1.6333329677581787,1.600000023841858,1.6166670322418213,1.2567647695541382,9000
1994-08-03,1.6166670322418213,1.6166670322418213,1.6166670322418213,1.6166670322418213,1.2567647695541382,0
1994-08-04,1.600000023841858,1.600000023841858,1.600000023841858,1.600000023841858,1.2438091039657593,750
1994-08-05,1.600000023841858,1.600000023841858,1.600000023841858,1.600000023841858,1.2438091039657593,0
1994-08-08,1.5666669607162476,1.5666669607162476,1.5499999523162842,1.5499999523162842,1.2049399614334106,4500
1994-08-09,1.5166670083999634,1.5333329439163208,1.5,1.5333329439163208,1.191982626914978,8250
1994-08-10,1.5666669607162476,1.5666669607162476,1.5666669607162476,1.5666669607162476,1.217895746231079,1500
1994-08-11,1.5833330154418945,1.5833330154418945,1.5833330154418945,1.5833330154418945,1.2308520078659058,7500
1994-08-12,1.5833330154418945,1.5833330154418945,1.5833330154418945,1.5833330154418945,1.2308520078659058,0
1994-08-15,1.600000023841858,1.600000023841858,1.600000023841858,1.600000023841858,1.2438091039657593,750
1994-08-16,1.600000023841858,1.600000023841858,1.600000023841858,1.600000023841858,1.2438091039657593,0
1994-08-17,1.600000023841858,1.600000023841858,1.600000023841858,1.600000023841858,1.2438091039657593,0
1994-08-18,1.600000023841858,1.600000023841858,1.600000023841858,1.600000023841858,1.2438091039657593,0
1994-08-19,1.5666669607162476,1.5666669607162476,1.5,1.5499999523162842,1.2049399614334106,9750
1994-08-22,1.5499999523162842,1.5499999523162842,1.5499999523162842,1.5499999523162842,1.2049399614334106,0
1994-08-23,1.5499999523162842,1.5499999523162842,1.5499999523162842,1.5499999523162842,1.2049399614334106,0
1994-08-24,1.5833330154418945,1.6166670322418213,1.5833330154418945,1.6166670322418213,1.2567647695541382,10500
1994-08-25,1.6166670322418213,1.6166670322418213,1.6166670322418213,1.6166670322418213,1.2567647695541382,0
1994-08-26,1.6166670322418213,1.6166670322418213,1.6166670322418213,1.6166670322418213,1.2567647695541382,0
1994-08-29,1.6166670322418213,1.6166670322418213,1.6166670322418213,1.6166670322418213,1.2567647695541382,0
1994-08-30,1.6166670322418213,1.6166670322418213,1.6166670322418213,1.6166670322418213,1.2567647695541382,0
1994-08-31,1.6166670322418213,1.6166670322418213,1.6166670322418213,1.6166670322418213,1.2567647695541382,0
1994-09-01,1.6166670322418213,1.6166670322418213,1.6166670322418213,1.6166670322418213,1.2567647695541382,0
1994-09-02,1.5666669607162476,1.5666669607162476,1.5166670083999634,1.5333329439163208,1.191982626914978,12000
1994-09-06,1.5499999523162842,1.5833330154418945,1.5499999523162842,1.5833330154418945,1.2308520078659058,7500
1994-09-07,1.5499999523162842,1.5499999523162842,1.5333329439163208,1.5333329439163208,1.191982626914978,3750
1994-09-08,1.5666669607162476,1.5666669607162476,1.5666669607162476,1.5666669607162476,1.217895746231079,750
1994-09-09,1.5499999523162842,1.5833330154418945,1.5499999523162842,1.5833330154418945,1.2308520078659058,3750
1994-09-12,1.5833330154418945,1.5833330154418945,1.5833330154418945,1.5833330154418945,1.2308520078659058,0
1994-09-13,1.600000023841858,1.600000023841858,1.600000023841858,1.600000023841858,1.2438091039657593,1500
1994-09-14,1.5666669607162476,1.5833330154418945,1.5666669607162476,1.5666669607162476,1.217895746231079,6000
1994-09-15,1.5833330154418945,1.5833330154418945,1.5333329439163208,1.5333329439163208,1.191982626914978,2250
1994-09-16,1.5833330154418945,1.5833330154418945,1.5499999523162842,1.5833330154418945,1.2308520078659058,22500
1994-09-19,1.5833330154418945,1.5833330154418945,1.5833330154418945,1.5833330154418945,1.2308520078659058,3750
1994-09-20,1.5499999523162842,1.5499999523162842,1.5333329439163208,1.5333329439163208,1.191982626914978,8250
1994-09-21,1.5333329439163208,1.5333329439163208,1.5333329439163208,1.5333329439163208,1.191982626914978,0
1994-09-22,1.5333329439163208,1.5333329439163208,1.5333329439163208,1.5333329439163208,1.191982626914978,4500
1994-09-23,1.5666669607162476,1.5666669607162476,1.5666669607162476,1.5666669607162476,1.217895746231079,750
1994-09-26,1.5333329439163208,1.5333329439163208,1.5333329439163208,1.5333329439163208,1.191982626914978,1500
1994-09-27,1.5666669607162476,1.5666669607162476,1.5666669607162476,1.5666669607162476,1.217895746231079,750
1994-09-28,1.5333329439163208,1.5333329439163208,1.5333329439163208,1.5333329439163208,1.191982626914978,3000
1994-09-29,1.5333329439163208,1.5333329439163208,1.5,1.5,1.1660709381103516,3750
1994-09-30,1.5,1.5,1.5,1.5,1.1660709381103516,0
1994-10-03,1.5,1.5,1.5,1.5,1.1660709381103516,0
1994-10-04,1.5,1.5,1.5,1.5,1.1660709381103516,0
1994-10-05,1.5,1.5,1.5,1.5,1.1660709381103516,0
1994-10-06,1.5,1.5,1.5,1.5,1.1660709381103516,0
1994-10-07,1.5333329439163208,1.5333329439163208,1.5,1.5,1.1660709381103516,5250
1994-10-10,1.5333329439163208,1.5333329439163208,1.5333329439163208,1.5333329439163208,1.191982626914978,3750
1994-10-11,1.5,1.5,1.5,1.5,1.1660709381103516,6000
1994-10-12,1.5166670083999634,1.5166670083999634,1.5166670083999634,1.5166670083999634,1.1790273189544678,750
1994-10-13,1.5833330154418945,1.5833330154418945,1.5833330154418945,1.5833330154418945,1.2308520078659058,22500
1994-10-14,1.5666669607162476,1.5666669607162476,1.5666669607162476,1.5666669607162476,1.217895746231079,2250
1994-10-17,1.5666669607162476,1.5666669607162476,1.5666669607162476,1.5666669607162476,1.217895746231079,0
1994-10-18,1.5499999523162842,1.5499999523162842,1.5499999523162842,1.5499999523162842,1.2049399614334106,3000
1994-10-19,1.5333329439163208,1.5333329439163208,1.5333329439163208,1.5333329439163208,1.191982626914978,2250
1994-10-20,1.5333329439163208,1.5333329439163208,1.5333329439163208,1.5333329439163208,1.191982626914978,0
1994-10-21,1.5166670083999634,1.5333329439163208,1.5166670083999634,1.5333329439163208,1.191982626914978,21000
1994-10-24,1.5166670083999634,1.5166670083999634,1.5166670083999634,1.5166670083999634,1.1790273189544678,1500
1994-10-25,1.5166670083999634,1.5166670083999634,1.4833329916000366,1.5166670083999634,1.1790273189544678,6000
1994-10-26,1.5333329439163208,1.5333329439163208,1.5333329439163208,1.5333329439163208,1.191982626914978,3750
1994-10-27,1.5333329439163208,1.5333329439163208,1.5333329439163208,1.5333329439163208,1.191982626914978,0
1994-10-28,1.5499999523162842,1.600000023841858,1.5499999523162842,1.600000023841858,1.2438091039657593,40500
1994-10-31,1.600000023841858,1.600000023841858,1.5666669607162476,1.5666669607162476,1.217895746231079,6750
1994-11-01,1.5666669607162476,1.5666669607162476,1.5666669607162476,1.5666669607162476,1.217895746231079,0
1994-11-02,1.5666669607162476,1.5666669607162476,1.5666669607162476,1.5666669607162476,1.217895746231079,3000
1994-11-03,1.5333329439163208,1.5333329439163208,1.5166670083999634,1.5166670083999634,1.1790273189544678,27000
1994-11-04,1.5166670083999634,1.5166670083999634,1.5166670083999634,1.5166670083999634,1.1790273189544678,3000
1994-11-07,1.4833329916000366,1.5,1.4833329916000366,1.5,1.1660709381103516,17250
1994-11-08,1.5,1.5,1.5,1.5,1.1660709381103516,0
1994-11-09,1.5,1.5,1.5,1.5,1.1660709381103516,0
1994-11-10,1.5,1.5,1.5,1.5,1.1660709381103516,0
1994-11-11,1.4833329916000366,1.4833329916000366,1.4833329916000366,1.4833329916000366,1.1531140804290771,1500
1994-11-14,1.5166670083999634,1.5166670083999634,1.5166670083999634,1.5166670083999634,1.1790273189544678,7500
1994-11-15,1.5166670083999634,1.5166670083999634,1.5166670083999634,1.5166670083999634,1.1790273189544678,0
1994-11-16,1.5166670083999634,1.5166670083999634,1.5166670083999634,1.5166670083999634,1.1790273189544678,0
1994-11-17,1.4833329916000366,1.5166670083999634,1.4833329916000366,1.5166670083999634,1.1790273189544678,15000
1994-11-18,1.4833329916000366,1.4833329916000366,1.4666670560836792,1.4666670560836792,1.1401580572128296,9750
1994-11-21,1.4500000476837158,1.4666670560836792,1.4500000476837158,1.4500000476837158,1.1272016763687134,4500
1994-11-22,1.4500000476837158,1.4500000476837158,1.4500000476837158,1.4500000476837158,1.1272016763687134,0
1994-11-23,1.4500000476837158,1.4500000476837158,1.4500000476837158,1.4500000476837158,1.1272016763687134,0
1994-11-25,1.4500000476837158,1.4500000476837158,1.4500000476837158,1.4500000476837158,1.1272016763687134,0
1994-11-28,1.4500000476837158,1.4500000476837158,1.4500000476837158,1.4500000476837158,1.1272016763687134,0
1994-11-29,1.4333330392837524,1.4333330392837524,1.4333330392837524,1.4333330392837524,1.1142454147338867,750
1994-11-30,1.4333330392837524,1.4333330392837524,1.4333330392837524,1.4333330392837524,1.1142454147338867,0
1994-12-01,1.4166669845581055,1.4500000476837158,1.4166669845581055,1.4500000476837158,1.1272016763687134,5250
1994-12-02,1.4500000476837158,1.4500000476837158,1.4500000476837158,1.4500000476837158,1.1272016763687134,0
1994-12-05,1.4166669845581055,1.4166669845581055,1.3833329677581787,1.4166669845581055,1.1012890338897705,3750
1994-12-06,1.399999976158142,1.399999976158142,1.399999976158142,1.399999976158142,1.0883327722549438,1500
1994-12-07,1.3833329677581787,1.399999976158142,1.3666670322418213,1.3666670322418213,1.06242036819458,14250
1994-12-08,1.3666670322418213,1.3833329677581787,1.3666670322418213,1.3833329677581787,1.0753755569458008,4500
1994-12-09,1.399999976158142,1.399999976158142,1.3833329677581787,1.399999976158142,1.0883327722549438,5250
1994-12-12,1.3666670322418213,1.3666670322418213,1.3666670322418213,1.3666670322418213,1.06242036819458,3000
1994-12-13,1.3666670322418213,1.3666670322418213,1.350000023841858,1.350000023841858,1.049463152885437,3000
1994-12-14,1.3333330154418945,1.350000023841858,1.2833329439163208,1.3166669607162476,1.0235512256622314,47250
1994-12-15,1.2999999523162842,1.3333330154418945,1.2833329439163208,1.3333330154418945,1.0365071296691895,11250
1994-12-16,1.2999999523162842,1.350000023841858,1.2999999523162842,1.350000023841858,1.049463152885437,11250
1994-12-19,1.350000023841858,1.350000023841858,1.350000023841858,1.350000023841858,1.049463152885437,0
1994-12-20,1.3166669607162476,1.3333330154418945,1.3166669607162476,1.3333330154418945,1.0365071296691895,3000
1994-12-21,1.3166669607162476,1.3166669607162476,1.3166669607162476,1.3166669607162476,1.0235512256622314,1500
1994-12-22,1.3166669607162476,1.3166669607162476,1.3166669607162476,1.3166669607162476,1.0235512256622314,0
1994-12-23,1.350000023841858,1.3666670322418213,1.3333330154418945,1.3333330154418945,1.0365071296691895,9000
1994-12-27,1.3666670322418213,1.3666670322418213,1.350000023841858,1.350000023841858,1.049463152885437,3000
1994-12-28,1.3833329677581787,1.3833329677581787,1.3833329677581787,1.3833329677581787,1.0753755569458008,1500
1994-12-29,1.3666670322418213,1.3666670322418213,1.3333330154418945,1.3666670322418213,1.06242036819458,11250
1994-12-30,1.3833329677581787,1.4333330392837524,1.3833329677581787,1.4333330392837524,1.1142454147338867,11250
1995-01-03,1.4500000476837158,1.4500000476837158,1.4500000476837158,1.4500000476837158,1.1272016763687134,1500
1995-01-04,1.4500000476837158,1.4500000476837158,1.4500000476837158,1.4500000476837158,1.1272016763687134,0
1995-01-05,1.4333330392837524,1.4333330392837524,1.4333330392837524,1.4333330392837524,1.1142454147338867,750
1995-01-06,1.4333330392837524,1.4333330392837524,1.4333330392837524,1.4333330392837524,1.1142454147338867,0
1995-01-09,1.4666670560836792,1.4666670560836792,1.4666670560836792,1.4666670560836792,1.1401580572128296,3000
1995-01-10,1.4500000476837158,1.4666670560836792,1.4333330392837524,1.4666670560836792,1.1401580572128296,12000
1995-01-11,1.4666670560836792,1.4666670560836792,1.4333330392837524,1.4333330392837524,1.1142454147338867,10500
1995-01-12,1.4666670560836792,1.4666670560836792,1.4666670560836792,1.4666670560836792,1.1401580572128296,1500
1995-01-13,1.4666670560836792,1.4666670560836792,1.4666670560836792,1.4666670560836792,1.1401580572128296,0
1995-01-16,1.4666670560836792,1.4666670560836792,1.4666670560836792,1.4666670560836792,1.1401580572128296,0
1995-01-17,1.4833329916000366,1.4833329916000366,1.4666670560836792,1.4833329916000366,1.1531140804290771,2250
1995-01-18,1.4833329916000366,1.4833329916000366,1.4833329916000366,1.4833329916000366,1.1531140804290771,0
1995-01-19,1.4833329916000366,1.4833329916000366,1.4833329916000366,1.4833329916000366,1.1531140804290771,0
1995-01-20,1.4833329916000366,1.4833329916000366,1.4666670560836792,1.4666670560836792,1.1401580572128296,2250
1995-01-23,1.4666670560836792,1.4666670560836792,1.4666670560836792,1.4666670560836792,1.1401580572128296,0
1995-01-24,1.4833329916000366,1.5,1.4666670560836792,1.5,1.1660709381103516,7500
1995-01-25,1.5,1.5,1.5,1.5,1.1660709381103516,0
1995-01-26,1.5,1.5,1.5,1.5,1.1660709381103516,279000
1995-01-27,1.5166670083999634,1.5166670083999634,1.5166670083999634,1.5166670083999634,1.1790273189544678,750
1995-01-30,1.4833329916000366,1.4833329916000366,1.4666670560836792,1.4666670560836792,1.1401580572128296,10500
1995-01-31,1.4666670560836792,1.4666670560836792,1.4666670560836792,1.4666670560836792,1.1401580572128296,3750
1995-02-01,1.4666670560836792,1.4666670560836792,1.4666670560836792,1.4666670560836792,1.1401580572128296,0
1995-02-02,1.4500000476837158,1.4500000476837158,1.4166669845581055,1.4333330392837524,1.1142454147338867,30750
1995-02-03,1.4500000476837158,1.4500000476837158,1.4166669845581055,1.4166669845581055,1.1012890338897705,3000
1995-02-06,1.399999976158142,1.399999976158142,1.3833329677581787,1.3833329677581787,1.0753755569458008,3750
1995-02-07,1.3666670322418213,1.3666670322418213,1.2333329916000366,1.25,0.9717255234718323,31500
1995-02-08,1.2666670083999634,1.3833329677581787,1.2666670083999634,1.3833329677581787,1.0753755569458008,30000
1995-02-09,1.399999976158142,1.4166669845581055,1.399999976158142,1.4166669845581055,1.1012890338897705,3000
1995-02-10,1.4333330392837524,1.4333330392837524,1.4333330392837524,1.4333330392837524,1.1142454147338867,5250
1995-02-13,1.4500000476837158,1.4500000476837158,1.4500000476837158,1.4500000476837158,1.1272016763687134,6000
1995-02-14,1.4833329916000366,1.5166670083999634,1.4666670560836792,1.5,1.1660709381103516,13500
1995-02-15,1.4666670560836792,1.4666670560836792,1.3666670322418213,1.3666670322418213,1.06242036819458,21000
1995-02-16,1.399999976158142,1.399999976158142,1.3333330154418945,1.3833329677581787,1.0753755569458008,10500
1995-02-17,1.399999976158142,1.4166669845581055,1.3666670322418213,1.3666670322418213,1.06242036819458,6000
1995-02-21,1.3333330154418945,1.3333330154418945,1.3333330154418945,1.3333330154418945,1.0365071296691895,3000
1995-02-22,1.3333330154418945,1.3333330154418945,1.2999999523162842,1.2999999523162842,1.0105949640274048,6750
1995-02-23,1.3166669607162476,1.3166669607162476,1.3166669607162476,1.3166669607162476,1.0235512256622314,750
1995-02-24,1.3166669607162476,1.3166669607162476,1.3166669607162476,1.3166669607162476,1.0235512256622314,0
1995-02-27,1.2833329439163208,1.2999999523162842,1.2666670083999634,1.2999999523162842,1.0105949640274048,12750
1995-02-28,1.3166669607162476,1.350000023841858,1.3166669607162476,1.350000023841858,1.049463152885437,7500
1995-03-01,1.3333330154418945,1.3333330154418945,1.3333330154418945,1.3333330154418945,1.0365071296691895,1500
1995-03-02,1.3333330154418945,1.3333330154418945,1.3333330154418945,1.3333330154418945,1.0365071296691895,1500
1995-03-03,1.350000023841858,1.350000023841858,1.350000023841858,1.350000023841858,1.049463152885437,2250
1995-03-06,1.3666670322418213,1.3666670322418213,1.3333330154418945,1.350000023841858,1.049463152885437,14250
1995-03-07,1.350000023841858,1.350000023841858,1.350000023841858,1.350000023841858,1.049463152885437,0
1995-03-08,1.3166669607162476,1.3333330154418945,1.3166669607162476,1.3333330154418945,1.0365071296691895,3750
1995-03-09,1.3333330154418945,1.3333330154418945,1.3333330154418945,1.3333330154418945,1.0365071296691895,0
1995-03-10,1.3333330154418945,1.3333330154418945,1.3333330154418945,1.3333330154418945,1.0365071296691895,0
1995-03-13,1.3333330154418945,1.3333330154418945,1.2999999523162842,1.3333330154418945,1.0365071296691895,7500
1995-03-14,1.350000023841858,1.350000023841858,1.350000023841858,1.350000023841858,1.049463152885437,750
1995-03-15,1.350000023841858,1.350000023841858,1.350000023841858,1.350000023841858,1.049463152885437,0
1995-03-16,1.350000023841858,1.350000023841858,1.350000023841858,1.350000023841858,1.049463152885437,750
1995-03-17,1.350000023841858,1.350000023841858,1.350000023841858,1.350000023841858,1.049463152885437,0
1995-03-20,1.350000023841858,1.350000023841858,1.350000023841858,1.350000023841858,1.049463152885437,0
1995-03-21,1.350000023841858,1.350000023841858,1.350000023841858,1.350000023841858,1.049463152885437,0
1995-03-22,1.350000023841858,1.350000023841858,1.350000023841858,1.350000023841858,1.049463152885437,0
1995-03-23,1.350000023841858,1.350000023841858,1.350000023841858,1.350000023841858,1.049463152885437,0
1995-03-24,1.3166669607162476,1.3333330154418945,1.3166669607162476,1.3333330154418945,1.0365071296691895,3000
1995-03-27,1.3333330154418945,1.3333330154418945,1.3333330154418945,1.3333330154418945,1.0365071296691895,0
1995-03-28,1.3333330154418945,1.3333330154418945,1.3333330154418945,1.3333330154418945,1.0365071296691895,0
1995-03-29,1.2999999523162842,1.3166669607162476,1.2833329439163208,1.3166669607162476,1.0235512256622314,4500
1995-03-30,1.2999999523162842,1.2999999523162842,1.2999999523162842,1.2999999523162842,1.0105949640274048,1500
1995-03-31,1.2999999523162842,1.3333330154418945,1.2999999523162842,1.3333330154418945,1.0365071296691895,3000
1995-04-03,1.3333330154418945,1.3333330154418945,1.3333330154418945,1.3333330154418945,1.0365071296691895,0
1995-04-04,1.3333330154418945,1.3333330154418945,1.2999999523162842,1.3333330154418945,1.0365071296691895,6750
1995-04-05,1.350000023841858,1.350000023841858,1.350000023841858,1.350000023841858,1.049463152885437,750
1995-04-06,1.350000023841858,1.350000023841858,1.350000023841858,1.350000023841858,1.049463152885437,0
1995-04-07,1.350000023841858,1.350000023841858,1.350000023841858,1.350000023841858,1.049463152885437,0
1995-04-10,1.3333330154418945,1.350000023841858,1.3166669607162476,1.350000023841858,1.049463152885437,7500
1995-04-11,1.3333330154418945,1.3333330154418945,1.3333330154418945,1.3333330154418945,1.0365071296691895,1500
1995-04-12,1.3333330154418945,1.3333330154418945,1.3333330154418945,1.3333330154418945,1.0365071296691895,0
1995-04-13,1.3333330154418945,1.350000023841858,1.3333330154418945,1.350000023841858,1.049463152885437,1500
1995-04-17,1.3333330154418945,1.3333330154418945,1.3333330154418945,1.3333330154418945,1.0365071296691895,2250
1995-04-18,1.2999999523162842,1.2999999523162842,1.2833329439163208,1.2833329439163208,0.9976375102996826,4500
1995-04-19,1.2833329439163208,1.3166669607162476,1.2833329439163208,1.3166669607162476,1.0235512256622314,27750
1995-04-20,1.2999999523162842,1.2999999523162842,1.2999999523162842,1.2999999523162842,1.0105949640274048,3750
1995-04-21,1.2833329439163208,1.2833329439163208,1.2833329439163208,1.2833329439163208,0.9976375102996826,39750
1995-04-24,1.3166669607162476,1.3166669607162476,1.2833329439163208,1.2833329439163208,0.9976375102996826,17250
1995-04-25,1.2833329439163208,1.2833329439163208,1.2666670083999634,1.2666670083999634,0.9846818447113037,3750
1995-04-26,1.2666670083999634,1.2666670083999634,1.2666670083999634,1.2666670083999634,0.9846818447113037,0
1995-04-27,1.2666670083999634,1.2666670083999634,1.2666670083999634,1.2666670083999634,0.9846818447113037,0
1995-04-28,1.2666670083999634,1.2666670083999634,1.2666670083999634,1.2666670083999634,0.9846818447113037,0
1995-05-01,1.25,1.25,1.25,1.25,0.9717255234718323,750
1995-05-02,1.25,1.25,1.25,1.25,0.9717255234718323,0
1995-05-03,1.2333329916000366,1.2333329916000366,1.2333329916000366,1.2333329916000366,0.9587687849998474,3000
1995-05-04,1.2333329916000366,1.2333329916000366,1.2333329916000366,1.2333329916000366,0.9587687849998474,0
1995-05-05,1.2166670560836792,1.2166670560836792,1.2166670560836792,1.2166670560836792,0.945813000202179,7500
1995-05-08,1.2166670560836792,1.2166670560836792,1.2166670560836792,1.2166670560836792,0.945813000202179,0
1995-05-09,1.2166670560836792,1.2166670560836792,1.2166670560836792,1.2166670560836792,0.945813000202179,0
1995-05-10,1.2000000476837158,1.2000000476837158,1.2000000476837158,1.2000000476837158,0.9328567385673523,6000
1995-05-11,1.2166670560836792,1.2166670560836792,1.2000000476837158,1.2000000476837158,0.9328567385673523,7500
1995-05-12,1.2166670560836792,1.2999999523162842,1.2166670560836792,1.2833329439163208,0.9976375102996826,51750
1995-05-15,1.2666670083999634,1.3166669607162476,1.2666670083999634,1.3166669607162476,1.0235512256622314,20250
1995-05-16,1.2999999523162842,1.3166669607162476,1.2999999523162842,1.3166669607162476,1.0235512256622314,7500
1995-05-17,1.2999999523162842,1.3166669607162476,1.2999999523162842,1.2999999523162842,1.0105949640274048,15000
1995-05-18,1.2833329439163208,1.2999999523162842,1.2833329439163208,1.2999999523162842,1.0105949640274048,15000
1995-05-19,1.2833329439163208,1.2999999523162842,1.2833329439163208,1.2833329439163208,0.9976375102996826,62250
1995-05-22,1.2666670083999634,1.2999999523162842,1.2666670083999634,1.2999999523162842,1.0105949640274048,3750
1995-05-23,1.2999999523162842,1.2999999523162842,1.2999999523162842,1.2999999523162842,1.0105949640274048,0
1995-05-24,1.3166669607162476,1.3333330154418945,1.3166669607162476,1.3333330154418945,1.0365071296691895,24000
1995-05-25,1.3166669607162476,1.3166669607162476,1.3166669607162476,1.3166669607162476,1.0235512256622314,750
1995-05-26,1.3166669607162476,1.3666670322418213,1.3166669607162476,1.3666670322418213,1.06242036819458,22500
1995-05-30,1.3666670322418213,1.3666670322418213,1.3666670322418213,1.3666670322418213,1.06242036819458,0
1995-05-31,1.3666670322418213,1.3666670322418213,1.3666670322418213,1.3666670322418213,1.06242036819458,0
1995-06-01,1.3833329677581787,1.3833329677581787,1.3833329677581787,1.3833329677581787,1.0753755569458008,750
1995-06-02,1.399999976158142,1.4333330392837524,1.399999976158142,1.4333330392837524,1.1142454147338867,23250
1995-06-05,1.4666670560836792,1.4833329916000366,1.4500000476837158,1.4666670560836792,1.1401580572128296,13500
1995-06-06,1.4500000476837158,1.4500000476837158,1.4500000476837158,1.4500000476837158,1.1272016763687134,750
1995-06-07,1.4666670560836792,1.4666670560836792,1.4333330392837524,1.4666670560836792,1.1401580572128296,9000
1995-06-08,1.4833329916000366,1.4833329916000366,1.4833329916000366,1.4833329916000366,1.1531140804290771,1500
1995-06-09,1.5,1.5166670083999634,1.4833329916000366,1.4833329916000366,1.1531140804290771,10500
1995-06-12,1.5166670083999634,1.5166670083999634,1.5166670083999634,1.5166670083999634,1.1790273189544678,1500
1995-06-13,1.5,1.5,1.5,1.5,1.1660709381103516,1500
1995-06-14,1.5,1.5,1.5,1.5,1.1660709381103516,2250
1995-06-15,1.5,1.5,1.5,1.5,1.1660709381103516,1500
1995-06-16,1.5,1.5166670083999634,1.5,1.5166670083999634,1.1790273189544678,1500
1995-06-19,1.5166670083999634,1.5166670083999634,1.5166670083999634,1.5166670083999634,1.1790273189544678,0
1995-06-20,1.5,1.5333329439163208,1.5,1.5333329439163208,1.191982626914978,1500
1995-06-21,1.5333329439163208,1.5333329439163208,1.5333329439163208,1.5333329439163208,1.191982626914978,0
1995-06-22,1.5333329439163208,1.5333329439163208,1.5333329439163208,1.5333329439163208,1.191982626914978,0
1995-06-23,1.5333329439163208,1.5333329439163208,1.5333329439163208,1.5333329439163208,1.191982626914978,0
1995-06-26,1.5666669607162476,1.5833330154418945,1.5666669607162476,1.5833330154418945,1.2308520078659058,5250
1995-06-27,1.5666669607162476,1.5666669607162476,1.5499999523162842,1.5499999523162842,1.2049399614334106,2250
1995-06-28,1.5333329439163208,1.5333329439163208,1.5333329439163208,1.5333329439163208,1.191982626914978,1500
1995-06-29,1.5333329439163208,1.5333329439163208,1.5333329439163208,1.5333329439163208,1.191982626914978,0
1995-06-30,1.5666669607162476,1.5666669607162476,1.5333329439163208,1.5333329439163208,1.191982626914978,8250
1995-07-03,1.5333329439163208,1.5333329439163208,1.5333329439163208,1.5333329439163208,1.191982626914978,0
1995-07-05,1.5,1.5083329677581787,1.4833329916000366,1.5,1.1660709381103516,75000
1995-07-06,1.5,1.5166670083999634,1.5,1.5166670083999634,1.1790273189544678,45000
1995-07-07,1.5166670083999634,1.5166670083999634,1.5166670083999634,1.5166670083999634,1.1790273189544678,0
1995-07-10,1.4833329916000366,1.4833329916000366,1.4833329916000366,1.4833329916000366,1.1531140804290771,2250
1995-07-11,1.4666670560836792,1.4666670560836792,1.4500000476837158,1.4500000476837158,1.1272016763687134,3750
1995-07-12,1.4333330392837524,1.4333330392837524,1.4166669845581055,1.4166669845581055,1.1012890338897705,3750
1995-07-13,1.4166669845581055,1.4166669845581055,1.4166669845581055,1.4166669845581055,1.1012890338897705,0
1995-07-14,1.4166669845581055,1.4166669845581055,1.4166669845581055,1.4166669845581055,1.1012890338897705,0
1995-07-17,1.3833329677581787,1.3833329677581787,1.350000023841858,1.350000023841858,1.049463152885437,6750
1995-07-18,1.350000023841858,1.350000023841858,1.350000023841858,1.350000023841858,1.049463152885437,2250
1995-07-19,1.3833329677581787,1.3833329677581787,1.3833329677581787,1.3833329677581787,1.0753755569458008,3750
1995-07-20,1.399999976158142,1.4500000476837158,1.399999976158142,1.399999976158142,1.0883327722549438,12000
1995-07-21,1.399999976158142,1.399999976158142,1.399999976158142,1.399999976158142,1.0883327722549438,0
1995-07-24,1.399999976158142,1.399999976158142,1.399999976158142,1.399999976158142,1.0883327722549438,0
1995-07-25,1.399999976158142,1.399999976158142,1.399999976158142,1.399999976158142,1.0883327722549438,0
1995-07-26,1.3666670322418213,1.4166669845581055,1.3666670322418213,1.4166669845581055,1.1012890338897705,5250
1995-07-27,1.4500000476837158,1.4666670560836792,1.4500000476837158,1.4666670560836792,1.1401580572128296,8250
1995-07-28,1.4666670560836792,1.4666670560836792,1.4666670560836792,1.4666670560836792,1.1401580572128296,0
1995-07-31,1.4833329916000366,1.5,1.4833329916000366,1.5,1.1660709381103516,3750
1995-08-01,1.4666670560836792,1.4666670560836792,1.4666670560836792,1.4666670560836792,1.1401580572128296,2250
1995-08-02,1.4666670560836792,1.4666670560836792,1.4666670560836792,1.4666670560836792,1.1401580572128296,0
1995-08-03,1.4666670560836792,1.4666670560836792,1.4666670560836792,1.4666670560836792,1.1401580572128296,3000
1995-08-04,1.4666670560836792,1.4666670560836792,1.4666670560836792,1.4666670560836792,1.1401580572128296,0
1995-08-07,1.5,1.5,1.4500000476837158,1.4500000476837158,1.1272016763687134,10500
1995-08-08,1.4666670560836792,1.4666670560836792,1.4500000476837158,1.4666670560836792,1.1401580572128296,14250
1995-08-09,1.4500000476837158,1.4500000476837158,1.4333330392837524,1.4333330392837524,1.1142454147338867,3750
1995-08-10,1.4666670560836792,1.4666670560836792,1.4666670560836792,1.4666670560836792,1.1401580572128296,3750
1995-08-11,1.4666670560836792,1.4666670560836792,1.4666670560836792,1.4666670560836792,1.1401580572128296,0
1995-08-14,1.4833329916000366,1.4833329916000366,1.4833329916000366,1.4833329916000366,1.1531140804290771,1500
1995-08-15,1.4833329916000366,1.4833329916000366,1.4833329916000366,1.4833329916000366,1.1531140804290771,0
1995-08-16,1.4833329916000366,1.4833329916000366,1.4833329916000366,1.4833329916000366,1.1531140804290771,0
1995-08-17,1.5,1.5,1.5,1.5,1.1660709381103516,2250
1995-08-18,1.5,1.5,1.5,1.5,1.1660709381103516,6750
1995-08-21,1.5166670083999634,1.5333329439163208,1.5166670083999634,1.5333329439163208,1.191982626914978,9000
1995-08-22,1.5499999523162842,1.5499999523162842,1.5,1.5499999523162842,1.2049399614334106,24750
1995-08-23,1.5333329439163208,1.5499999523162842,1.5333329439163208,1.5499999523162842,1.2049399614334106,12750
1995-08-24,1.5666669607162476,1.5666669607162476,1.5333329439163208,1.5333329439163208,1.191982626914978,4500
1995-08-25,1.5333329439163208,1.5333329439163208,1.5333329439163208,1.5333329439163208,1.191982626914978,0
1995-08-28,1.5333329439163208,1.5333329439163208,1.5333329439163208,1.5333329439163208,1.191982626914978,0
1995-08-29,1.5666669607162476,1.5666669607162476,1.5333329439163208,1.5666669607162476,1.217895746231079,5250
1995-08-30,1.5499999523162842,1.5499999523162842,1.5333329439163208,1.5333329439163208,1.191982626914978,4500
1995-08-31,1.5499999523162842,1.5833330154418945,1.5499999523162842,1.5833330154418945,1.2308520078659058,5250
1995-09-01,1.5499999523162842,1.5499999523162842,1.5499999523162842,1.5499999523162842,1.2049399614334106,5250
1995-09-05,1.5833330154418945,1.5833330154418945,1.5833330154418945,1.5833330154418945,1.2308520078659058,8250
1995-09-06,1.600000023841858,1.649999976158142,1.600000023841858,1.649999976158142,1.2826778888702393,7500
1995-09-07,1.6666669845581055,1.6666669845581055,1.649999976158142,1.649999976158142,1.2826778888702393,1500
1995-09-08,1.6333329677581787,1.649999976158142,1.6333329677581787,1.649999976158142,1.2826778888702393,8250
1995-09-11,1.649999976158142,1.649999976158142,1.649999976158142,1.649999976158142,1.2826778888702393,0
1995-09-12,1.6666669845581055,1.7000000476837158,1.6666669845581055,1.7000000476837158,1.3215465545654297,2250
1995-09-13,1.7166670560836792,1.850000023841858,1.7166670560836792,1.7999999523162842,1.399284839630127,20250
1995-09-14,1.8166669607162476,1.8166669607162476,1.7333329916000366,1.7999999523162842,1.399284839630127,11250
1995-09-15,1.7833329439163208,1.7833329439163208,1.7666670083999634,1.7666670083999634,1.373373031616211,3750
1995-09-18,1.75,1.75,1.7333329916000366,1.7333329916000366,1.347459077835083,8250
1995-09-19,1.7333329916000366,1.7333329916000366,1.7000000476837158,1.7000000476837158,1.3215465545654297,8250
1995-09-20,1.6666669845581055,1.6666669845581055,1.649999976158142,1.6666669845581055,1.2956340312957764,4500
1995-09-21,1.649999976158142,1.649999976158142,1.649999976158142,1.649999976158142,1.2826778888702393,1500
1995-09-22,1.6166670322418213,1.6166670322418213,1.6166670322418213,1.6166670322418213,1.2567647695541382,3000
1995-09-25,1.6166670322418213,1.6166670322418213,1.6166670322418213,1.6166670322418213,1.2567647695541382,0
1995-09-26,1.6166670322418213,1.6166670322418213,1.6166670322418213,1.6166670322418213,1.2567647695541382,0
1995-09-27,1.6333329677581787,1.6333329677581787,1.6333329677581787,1.6333329677581787,1.2697213888168335,750
1995-09-28,1.6333329677581787,1.6333329677581787,1.6333329677581787,1.6333329677581787,1.2697213888168335,0
1995-09-29,1.6333329677581787,1.6333329677581787,1.6333329677581787,1.6333329677581787,1.2697213888168335,0
1995-10-02,1.6333329677581787,1.6333329677581787,1.6333329677581787,1.6333329677581787,1.2697213888168335,0
1995-10-03,1.6166670322418213,1.6166670322418213,1.600000023841858,1.600000023841858,1.2438091039657593,4500
1995-10-04,1.600000023841858,1.600000023841858,1.600000023841858,1.600000023841858,1.2438091039657593,0
1995-10-05,1.600000023841858,1.600000023841858,1.600000023841858,1.600000023841858,1.2438091039657593,0
1995-10-06,1.5833330154418945,1.6166670322418213,1.5833330154418945,1.6166670322418213,1.2567647695541382,3000
1995-10-09,1.6166670322418213,1.6166670322418213,1.6166670322418213,1.6166670322418213,1.2567647695541382,0
1995-10-10,1.600000023841858,1.600000023841858,1.600000023841858,1.600000023841858,1.2438091039657593,1500
1995-10-11,1.600000023841858,1.600000023841858,1.600000023841858,1.600000023841858,1.2438091039657593,0
1995-10-12,1.600000023841858,1.600000023841858,1.600000023841858,1.600000023841858,1.2438091039657593,0
1995-10-13,1.600000023841858,1.600000023841858,1.600000023841858,1.600000023841858,1.2438091039657593,0
1995-10-16,1.600000023841858,1.600000023841858,1.600000023841858,1.600000023841858,1.2438091039657593,0
1995-10-17,1.5666669607162476,1.5833330154418945,1.5499999523162842,1.5666669607162476,1.217895746231079,9000
1995-10-18,1.5666669607162476,1.5666669607162476,1.5666669607162476,1.5666669607162476,1.217895746231079,0
1995-10-19,1.5666669607162476,1.5666669607162476,1.5666669607162476,1.5666669607162476,1.217895746231079,0
1995-10-20,1.5499999523162842,1.5499999523162842,1.5499999523162842,1.5499999523162842,1.2049399614334106,2250
1995-10-23,1.5499999523162842,1.5499999523162842,1.5499999523162842,1.5499999523162842,1.2049399614334106,0
1995-10-24,1.5499999523162842,1.5499999523162842,1.5499999523162842,1.5499999523162842,1.2049399614334106,0
1995-10-25,1.5499999523162842,1.5666669607162476,1.5333329439163208,1.5666669607162476,1.217895746231079,677250
1995-10-26,1.600000023841858,1.600000023841858,1.5333329439163208,1.600000023841858,1.2438091039657593,66750
1995-10-27,1.600000023841858,1.600000023841858,1.600000023841858,1.600000023841858,1.2438091039657593,3750
1995-10-30,1.600000023841858,1.600000023841858,1.600000023841858,1.600000023841858,1.2438091039657593,750
1995-10-31,1.600000023841858,1.600000023841858,1.600000023841858,1.600000023841858,1.2438091039657593,0
1995-11-01,1.600000023841858,1.600000023841858,1.600000023841858,1.600000023841858,1.2438091039657593,0
1995-11-02,1.600000023841858,1.600000023841858,1.600000023841858,1.600000023841858,1.2438091039657593,0
1995-11-03,1.600000023841858,1.600000023841858,1.600000023841858,1.600000023841858,1.2438091039657593,0
1995-11-06,1.5666669607162476,1.5666669607162476,1.5666669607162476,1.5666669607162476,1.217895746231079,3750
1995-11-07,1.5666669607162476,1.5666669607162476,1.5666669607162476,1.5666669607162476,1.217895746231079,0
1995-11-08,1.5499999523162842,1.5666669607162476,1.5499999523162842,1.5499999523162842,1.2049399614334106,8250
1995-11-09,1.5833330154418945,1.600000023841858,1.5833330154418945,1.5833330154418945,1.2308520078659058,3750
1995-11-10,1.5666669607162476,1.5666669607162476,1.5666669607162476,1.5666669607162476,1.217895746231079,1500
1995-11-13,1.5499999523162842,1.5833330154418945,1.5499999523162842,1.5833330154418945,1.2308520078659058,9000
1995-11-14,1.5666669607162476,1.6333329677581787,1.5666669607162476,1.600000023841858,1.2438091039657593,71250
1995-11-15,1.600000023841858,1.600000023841858,1.600000023841858,1.600000023841858,1.2438091039657593,7500
1995-11-16,1.5833330154418945,1.5833330154418945,1.5833330154418945,1.5833330154418945,1.2308520078659058,1500
1995-11-17,1.5833330154418945,1.6333329677581787,1.5833330154418945,1.6333329677581787,1.2697213888168335,95250
1995-11-20,1.6333329677581787,1.7333329916000366,1.6333329677581787,1.7000000476837158,1.3215465545654297,21000
1995-11-21,1.6833330392837524,1.7333329916000366,1.6833330392837524,1.7333329916000366,1.347459077835083,12000
1995-11-22,1.75,1.8166669607162476,1.75,1.8166669607162476,1.4122411012649536,8250
1995-11-24,1.7999999523162842,1.8333330154418945,1.7999999523162842,1.8333330154418945,1.4251970052719116,7500
1995-11-27,1.8666670322418213,1.9166669845581055,1.8666670322418213,1.8833329677581787,1.4640661478042603,19500
1995-11-28,1.899999976158142,1.9333330392837524,1.899999976158142,1.899999976158142,1.4770228862762451,18000
1995-11-29,1.8666670322418213,1.8666670322418213,1.8166669607162476,1.8166669607162476,1.4122411012649536,27750
1995-11-30,1.7999999523162842,1.7999999523162842,1.7999999523162842,1.7999999523162842,1.399284839630127,2250
1995-12-01,1.7999999523162842,1.7999999523162842,1.7999999523162842,1.7999999523162842,1.399284839630127,0
1995-12-04,1.7833329439163208,1.7999999523162842,1.7833329439163208,1.7999999523162842,1.399284839630127,27000
1995-12-05,1.7999999523162842,1.8166669607162476,1.7999999523162842,1.8166669607162476,1.4122411012649536,15000
1995-12-06,1.8166669607162476,1.8166669607162476,1.8166669607162476,1.8166669607162476,1.4122411012649536,22500
1995-12-07,1.7833329439163208,1.7833329439163208,1.7833329439163208,1.7833329439163208,1.386328101158142,1500
1995-12-08,1.8166669607162476,1.8166669607162476,1.7666670083999634,1.7999999523162842,1.399284839630127,41250
1995-12-11,1.7999999523162842,1.8666670322418213,1.7999999523162842,1.8666670322418213,1.4511104822158813,183750
1995-12-12,1.8666670322418213,1.8833329677581787,1.8666670322418213,1.8833329677581787,1.4640661478042603,93750
1995-12-13,1.8833329677581787,1.8833329677581787,1.8666670322418213,1.8833329677581787,1.4640661478042603,105750
1995-12-14,1.8833329677581787,1.9166669845581055,1.8833329677581787,1.8833329677581787,1.4640661478042603,98250
1995-12-15,1.8833329677581787,1.9166669845581055,1.8833329677581787,1.9166669845581055,1.4899792671203613,42750
1995-12-18,1.8833329677581787,1.8833329677581787,1.8666670322418213,1.8666670322418213,1.4511104822158813,43500
1995-12-19,1.8333330154418945,1.8666670322418213,1.8333330154418945,1.8666670322418213,1.4511104822158813,30000
1995-12-20,1.850000023841858,1.8666670322418213,1.8166669607162476,1.850000023841858,1.4381535053253174,14250
1995-12-21,1.899999976158142,2.0833330154418945,1.899999976158142,2.0333330631256104,1.580673098564148,66750
1995-12-22,2.0333330631256104,2.0333330631256104,2.0,2.016666889190674,1.5677181482315063,11250
1995-12-26,2.049999952316284,2.1333329677581787,2.049999952316284,2.0833330154418945,1.619542121887207,98250
1995-12-27,2.0999999046325684,2.1333329677581787,2.0999999046325684,2.0999999046325684,1.6324985027313232,11250
1995-12-28,2.0999999046325684,2.0999999046325684,2.0999999046325684,2.0999999046325684,1.6324985027313232,0
1995-12-29,2.0833330154418945,2.1166670322418213,2.0833330154418945,2.0999999046325684,1.6324985027313232,10500
1996-01-02,2.066667079925537,2.200000047683716,2.066667079925537,2.183332920074463,1.697281002998352,33000
1996-01-03,2.1500000953674316,2.266666889190674,2.1166670322418213,2.266666889190674,1.7620623111724854,25500
1996-01-04,2.25,2.2833330631256104,2.233333110809326,2.233333110809326,1.7361488342285156,13500
1996-01-05,2.2166669368743896,2.2166669368743896,2.1333329677581787,2.1333329677581787,1.6584115028381348,29250
1996-01-08,2.1333329677581787,2.1333329677581787,2.1333329677581787,2.1333329677581787,1.6584115028381348,0
1996-01-09,2.1333329677581787,2.1666669845581055,2.1333329677581787,2.1666669845581055,1.684324026107788,6750
1996-01-10,2.1333329677581787,2.1333329677581787,2.1166670322418213,2.1166670322418213,1.645455241203308,3750
1996-01-11,2.0999999046325684,2.0999999046325684,2.0999999046325684,2.0999999046325684,1.6324985027313232,3000
1996-01-12,2.0833330154418945,2.0833330154418945,2.0833330154418945,2.0833330154418945,1.619542121887207,1500
1996-01-15,2.1166670322418213,2.1500000953674316,2.1166670322418213,2.1166670322418213,1.645455241203308,21000
1996-01-16,2.1166670322418213,2.1166670322418213,2.0999999046325684,2.1166670322418213,1.645455241203308,4500
1996-01-17,2.0999999046325684,2.0999999046325684,2.0999999046325684,2.0999999046325684,1.6324985027313232,1500
1996-01-18,2.0833330154418945,2.0833330154418945,2.0833330154418945,2.0833330154418945,1.619542121887207,3000
1996-01-19,2.0833330154418945,2.0833330154418945,2.0833330154418945,2.0833330154418945,1.619542121887207,12000
1996-01-22,2.066667079925537,2.0999999046325684,2.049999952316284,2.066667079925537,1.6065864562988281,9000
1996-01-23,2.066667079925537,2.066667079925537,2.066667079925537,2.066667079925537,1.6065864562988281,0
1996-01-24,2.066667079925537,2.066667079925537,2.066667079925537,2.066667079925537,1.6065864562988281,0
1996-01-25,2.0999999046325684,2.0999999046325684,2.066667079925537,2.0999999046325684,1.6324985027313232,5250
1996-01-26,2.066667079925537,2.0999999046325684,2.066667079925537,2.0999999046325684,1.6324985027313232,11250
1996-01-29,2.0999999046325684,2.0999999046325684,2.0999999046325684,2.0999999046325684,1.6324985027313232,0
1996-01-30,2.066667079925537,2.1166670322418213,2.049999952316284,2.1166670322418213,1.645455241203308,23250
1996-01-31,2.0999999046325684,2.0999999046325684,2.0999999046325684,2.0999999046325684,1.6324985027313232,750
1996-02-01,2.0833330154418945,2.0833330154418945,2.066667079925537,2.066667079925537,1.6065864562988281,2250
1996-02-02,2.066667079925537,2.066667079925537,2.066667079925537,2.066667079925537,1.6065864562988281,0
1996-02-05,2.0833330154418945,2.1166670322418213,2.049999952316284,2.0833330154418945,1.619542121887207,23250
1996-02-06,2.0833330154418945,2.0833330154418945,2.0833330154418945,2.0833330154418945,1.619542121887207,0
1996-02-07,2.0833330154418945,2.0833330154418945,2.0833330154418945,2.0833330154418945,1.619542121887207,0
1996-02-08,2.049999952316284,2.049999952316284,2.049999952316284,2.049999952316284,1.593630075454712,2250
1996-02-09,2.016666889190674,2.049999952316284,2.0,2.049999952316284,1.593630075454712,25500
1996-02-12,2.0333330631256104,2.0833330154418945,2.0333330631256104,2.0833330154418945,1.619542121887207,13500
1996-02-13,2.0833330154418945,2.0833330154418945,2.0833330154418945,2.0833330154418945,1.619542121887207,0
1996-02-14,2.0999999046325684,2.1333329677581787,2.0999999046325684,2.1333329677581787,1.6584115028381348,34500
1996-02-15,2.0999999046325684,2.1666669845581055,2.0999999046325684,2.1333329677581787,1.6584115028381348,14250
1996-02-16,2.1333329677581787,2.1333329677581787,2.1333329677581787,2.1333329677581787,1.6584115028381348,1500
1996-02-20,2.0999999046325684,2.1333329677581787,2.0999999046325684,2.1333329677581787,1.6584115028381348,23250
1996-02-21,2.1333329677581787,2.1333329677581787,2.1333329677581787,2.1333329677581787,1.6584115028381348,7500
1996-02-22,2.1333329677581787,2.1666669845581055,2.0999999046325684,2.1666669845581055,1.684324026107788,42750
1996-02-23,2.183332920074463,2.433332920074463,2.183332920074463,2.299999952316284,1.78797447681427,219000
1996-02-26,2.299999952316284,2.299999952316284,2.2166669368743896,2.25,1.7491058111190796,69000
1996-02-27,2.233333110809326,2.266666889190674,2.233333110809326,2.25,1.7491058111190796,9000
1996-02-28,2.2166669368743896,2.2166669368743896,2.1500000953674316,2.1500000953674316,1.6713676452636719,38250
1996-02-29,2.1500000953674316,2.200000047683716,2.0833330154418945,2.200000047683716,1.7102371454238892,138000
1996-03-01,2.233333110809326,2.266666889190674,2.1333329677581787,2.183332920074463,1.697281002998352,62250
1996-03-04,2.1500000953674316,2.1666669845581055,2.1333329677581787,2.1666669845581055,1.684324026107788,42750
1996-03-05,2.183332920074463,2.183332920074463,2.1500000953674316,2.1500000953674316,1.6713676452636719,34500
1996-03-06,2.1500000953674316,2.1666669845581055,2.1500000953674316,2.1666669845581055,1.684324026107788,4500
1996-03-07,2.1500000953674316,2.1500000953674316,2.0999999046325684,2.0999999046325684,1.6324985027313232,11250
1996-03-08,2.066667079925537,2.066667079925537,2.016666889190674,2.016666889190674,1.5677181482315063,18000
1996-03-11,2.0333330631256104,2.0333330631256104,2.0333330631256104,2.0333330631256104,1.580673098564148,1500
1996-03-12,2.016666889190674,2.0999999046325684,2.016666889190674,2.0999999046325684,1.6324985027313232,6750
1996-03-13,2.066667079925537,2.0833330154418945,2.049999952316284,2.049999952316284,1.593630075454712,17250
1996-03-14,2.0833330154418945,2.0833330154418945,2.0833330154418945,2.0833330154418945,1.619542121887207,15000
1996-03-15,2.0333330631256104,2.066667079925537,2.0333330631256104,2.066667079925537,1.6065864562988281,6000
1996-03-18,2.066667079925537,2.066667079925537,2.066667079925537,2.066667079925537,1.6065864562988281,0
1996-03-19,2.049999952316284,2.066667079925537,2.049999952316284,2.066667079925537,1.6065864562988281,7500
1996-03-20,2.0333330631256104,2.0333330631256104,2.0333330631256104,2.0333330631256104,1.580673098564148,9000
1996-03-21,2.0,2.0,1.9333330392837524,1.9333330392837524,1.502935528755188,24750
1996-03-22,1.9333330392837524,1.9666670560836792,1.9333330392837524,1.9666670560836792,1.5288481712341309,3750
1996-03-25,1.9500000476837158,1.9500000476837158,1.9333330392837524,1.9333330392837524,1.502935528755188,3750
1996-03-26,1.9166669845581055,1.9166669845581055,1.9166669845581055,1.9166669845581055,1.4899792671203613,75000
1996-03-27,1.9666670560836792,1.9666670560836792,1.8833329677581787,1.8833329677581787,1.4640661478042603,51750
1996-03-28,1.899999976158142,1.899999976158142,1.899999976158142,1.899999976158142,1.4770228862762451,3000
1996-03-29,1.8833329677581787,1.899999976158142,1.8833329677581787,1.899999976158142,1.4770228862762451,2250
1996-04-01,1.899999976158142,1.899999976158142,1.899999976158142,1.899999976158142,1.4770228862762451,0
1996-04-02,1.8666670322418213,1.899999976158142,1.8666670322418213,1.899999976158142,1.4770228862762451,11250
1996-04-03,1.9166669845581055,1.9166669845581055,1.8666670322418213,1.8666670322418213,1.4511104822158813,23250
1996-04-04,1.8666670322418213,1.8666670322418213,1.8666670322418213,1.8666670322418213,1.4511104822158813,0
1996-04-08,1.8666670322418213,1.8666670322418213,1.8666670322418213,1.8666670322418213,1.4511104822158813,0
1996-04-09,1.8666670322418213,1.8666670322418213,1.8666670322418213,1.8666670322418213,1.4511104822158813,0
1996-04-10,1.850000023841858,1.850000023841858,1.850000023841858,1.850000023841858,1.4381535053253174,750
1996-04-11,1.8333330154418945,1.8666670322418213,1.8333330154418945,1.8666670322418213,1.4511104822158813,10500
1996-04-12,1.850000023841858,1.8666670322418213,1.850000023841858,1.8666670322418213,1.4511104822158813,48750
1996-04-15,1.8333330154418945,1.8333330154418945,1.8333330154418945,1.8333330154418945,1.4251970052719116,15000
1996-04-16,1.8333330154418945,2.0,1.8333330154418945,2.0,1.554760456085205,82500
1996-04-17,2.016666889190674,2.0333330631256104,1.9833329916000366,1.9833329916000366,1.5418041944503784,48000
1996-04-18,1.9500000476837158,2.0,1.9500000476837158,2.0,1.554760456085205,21000
1996-04-19,2.016666889190674,2.0333330631256104,2.016666889190674,2.0333330631256104,1.580673098564148,3750
1996-04-22,2.0333330631256104,2.049999952316284,2.0333330631256104,2.049999952316284,1.593630075454712,6750
1996-04-23,2.066667079925537,2.0833330154418945,2.066667079925537,2.0833330154418945,1.619542121887207,7500
1996-04-24,2.0999999046325684,2.1333329677581787,2.066667079925537,2.1166670322418213,1.645455241203308,39750
1996-04-25,2.1166670322418213,2.1166670322418213,2.1166670322418213,2.1166670322418213,1.645455241203308,0
1996-04-26,2.1500000953674316,2.2833330631256104,2.1500000953674316,2.25,1.7491058111190796,30750
1996-04-29,2.2166669368743896,2.25,2.2166669368743896,2.25,1.7491058111190796,12750
1996-04-30,2.266666889190674,2.266666889190674,2.25,2.266666889190674,1.7620623111724854,21000
1996-05-01,2.25,2.266666889190674,2.233333110809326,2.266666889190674,1.7620623111724854,21750
1996-05-02,2.233333110809326,2.233333110809326,2.200000047683716,2.200000047683716,1.7102371454238892,11250
1996-05-03,2.1666669845581055,2.1666669845581055,2.0833330154418945,2.1333329677581787,1.6584115028381348,32250
1996-05-06,2.0999999046325684,2.0999999046325684,2.066667079925537,2.066667079925537,1.6065864562988281,12750
1996-05-07,2.066667079925537,2.066667079925537,2.066667079925537,2.066667079925537,1.6065864562988281,0
1996-05-08,2.049999952316284,2.1166670322418213,2.049999952316284,2.1166670322418213,1.645455241203308,17250
1996-05-09,2.0999999046325684,2.0999999046325684,2.0833330154418945,2.0833330154418945,1.619542121887207,5250
1996-05-10,2.066667079925537,2.1166670322418213,2.0333330631256104,2.1166670322418213,1.645455241203308,14250
1996-05-13,2.1333329677581787,2.1500000953674316,2.1333329677581787,2.1500000953674316,1.6713676452636719,1500
1996-05-14,2.1333329677581787,2.1333329677581787,2.1333329677581787,2.1333329677581787,1.6584115028381348,1500
1996-05-15,2.0999999046325684,2.0999999046325684,2.0999999046325684,2.0999999046325684,1.6324985027313232,2250
1996-05-16,2.0833330154418945,2.0833330154418945,2.066667079925537,2.0833330154418945,1.619542121887207,10500
1996-05-17,2.0833330154418945,2.0833330154418945,2.0833330154418945,2.0833330154418945,1.619542121887207,0
1996-05-20,2.066667079925537,2.0999999046325684,2.066667079925537,2.0999999046325684,1.6324985027313232,8250
1996-05-21,2.0999999046325684,2.0999999046325684,2.0999999046325684,2.0999999046325684,1.6324985027313232,4500
1996-05-22,2.0999999046325684,2.1333329677581787,2.0999999046325684,2.1333329677581787,1.6584115028381348,3750
1996-05-23,2.1333329677581787,2.1333329677581787,2.1333329677581787,2.1333329677581787,1.6584115028381348,0
1996-05-24,2.0999999046325684,2.1500000953674316,2.0999999046325684,2.1500000953674316,1.6713676452636719,3000
1996-05-28,2.1500000953674316,2.1500000953674316,2.1500000953674316,2.1500000953674316,1.6713676452636719,0
1996-05-29,2.1166670322418213,2.1333329677581787,2.1166670322418213,2.1333329677581787,1.6584115028381348,8250
1996-05-30,2.1500000953674316,2.200000047683716,2.1500000953674316,2.1666669845581055,1.684324026107788,23250
1996-05-31,2.183332920074463,2.2166669368743896,2.183332920074463,2.200000047683716,1.7102371454238892,22500
1996-06-03,2.1666669845581055,2.200000047683716,2.1666669845581055,2.200000047683716,1.7102371454238892,1500
1996-06-04,2.2166669368743896,2.25,2.2166669368743896,2.25,1.7491058111190796,7500
1996-06-05,2.25,2.25,2.2166669368743896,2.2166669368743896,1.7231932878494263,3750
1996-06-06,2.233333110809326,2.233333110809326,2.1500000953674316,2.183332920074463,1.697281002998352,11250
1996-06-07,2.200000047683716,2.2166669368743896,2.200000047683716,2.200000047683716,1.7102371454238892,6000
1996-06-10,2.183332920074463,2.183332920074463,2.183332920074463,2.183332920074463,1.697281002998352,750
1996-06-11,2.200000047683716,2.200000047683716,2.1666669845581055,2.1666669845581055,1.684324026107788,3000
1996-06-12,2.200000047683716,2.2166669368743896,2.200000047683716,2.2166669368743896,1.7231932878494263,7500
1996-06-13,2.233333110809326,2.233333110809326,2.183332920074463,2.2166669368743896,1.7231932878494263,15000
1996-06-14,2.183332920074463,2.183332920074463,2.1666669845581055,2.1666669845581055,1.684324026107788,10500
1996-06-17,2.183332920074463,2.2166669368743896,2.183332920074463,2.2166669368743896,1.7231932878494263,10500
1996-06-18,2.233333110809326,2.233333110809326,2.2166669368743896,2.2166669368743896,1.7231932878494263,6000
1996-06-19,2.2166669368743896,2.2166669368743896,2.200000047683716,2.200000047683716,1.7102371454238892,13500
1996-06-20,2.233333110809326,2.266666889190674,2.233333110809326,2.266666889190674,1.7620623111724854,33750
1996-06-21,2.266666889190674,2.2833330631256104,2.25,2.2833330631256104,1.775018334388733,17250
1996-06-24,2.266666889190674,2.299999952316284,2.266666889190674,2.299999952316284,1.78797447681427,15750
1996-06-25,2.299999952316284,2.3499999046325684,2.266666889190674,2.3499999046325684,1.826844573020935,34500
1996-06-26,2.3666670322418213,2.4000000953674316,2.3499999046325684,2.3499999046325684,1.826844573020935,45750
1996-06-27,2.3833329677581787,2.433332920074463,2.3833329677581787,2.433332920074463,1.891625165939331,30000
1996-06-28,2.433332920074463,2.450000047683716,2.4000000953674316,2.4000000953674316,1.8657134771347046,22500
1996-07-01,2.3666670322418213,2.4000000953674316,2.3333330154418945,2.4000000953674316,1.8657134771347046,20250
1996-07-02,2.433332920074463,2.516666889190674,2.433332920074463,2.5,1.9434510469436646,69000
1996-07-03,2.5,2.5,2.4666669368743896,2.4666669368743896,1.9175385236740112,9000
1996-07-05,2.483333110809326,2.483333110809326,2.483333110809326,2.483333110809326,1.9304949045181274,750
1996-07-08,2.516666889190674,2.516666889190674,2.483333110809326,2.5,1.9434510469436646,24000
1996-07-09,2.5,2.5,2.4666669368743896,2.5,1.9434510469436646,7500
1996-07-10,2.5,2.5,2.5,2.5,1.9434510469436646,0
1996-07-11,2.5,2.5,2.4000000953674316,2.4000000953674316,1.8657134771347046,18750
1996-07-12,2.3833329677581787,2.433332920074463,2.3666670322418213,2.4000000953674316,1.8657134771347046,41250
1996-07-15,2.3833329677581787,2.3833329677581787,2.3833329677581787,2.3833329677581787,1.8527554273605347,750
1996-07-16,2.3833329677581787,2.3833329677581787,2.3333330154418945,2.3499999046325684,1.826844573020935,9000
1996-07-17,2.3499999046325684,2.3666670322418213,2.3333330154418945,2.3666670322418213,1.8398007154464722,10500
1996-07-18,2.3666670322418213,2.3666670322418213,2.3333330154418945,2.3666670322418213,1.8398007154464722,4500
1996-07-19,2.3833329677581787,2.3833329677581787,2.3333330154418945,2.3499999046325684,1.826844573020935,6000
1996-07-22,2.3499999046325684,2.3499999046325684,2.3499999046325684,2.3499999046325684,1.826844573020935,0
1996-07-23,2.316667079925537,2.316667079925537,2.266666889190674,2.266666889190674,1.7620623111724854,13500
1996-07-24,2.266666889190674,2.266666889190674,2.25,2.266666889190674,1.7620623111724854,5250
1996-07-25,2.233333110809326,2.3833329677581787,2.233333110809326,2.3499999046325684,1.826844573020935,39000
1996-07-26,2.3666670322418213,2.4000000953674316,2.2833330631256104,2.299999952316284,1.78797447681427,28500
1996-07-29,2.316667079925537,2.316667079925537,2.266666889190674,2.2833330631256104,1.775018334388733,9000
1996-07-30,2.316667079925537,2.316667079925537,2.25,2.2833330631256104,1.775018334388733,21000
1996-07-31,2.266666889190674,2.2833330631256104,2.25,2.2833330631256104,1.775018334388733,35250
1996-08-01,2.266666889190674,2.266666889190674,2.266666889190674,2.266666889190674,1.7620623111724854,2250
1996-08-02,2.25,2.299999952316284,2.25,2.2833330631256104,1.775018334388733,18750
1996-08-05,2.2833330631256104,2.2833330631256104,2.2833330631256104,2.2833330631256104,1.775018334388733,0
1996-08-06,2.266666889190674,2.266666889190674,2.2166669368743896,2.2166669368743896,1.7231932878494263,12000
1996-08-07,2.200000047683716,2.233333110809326,2.200000047683716,2.233333110809326,1.7361488342285156,12000
1996-08-08,2.200000047683716,2.233333110809326,2.200000047683716,2.200000047683716,1.7102371454238892,12000
1996-08-09,2.1666669845581055,2.1666669845581055,2.1666669845581055,2.1666669845581055,1.684324026107788,1500
1996-08-12,2.1666669845581055,2.200000047683716,2.1666669845581055,2.200000047683716,1.7102371454238892,3000
1996-08-13,2.1666669845581055,2.200000047683716,2.1666669845581055,2.200000047683716,1.7102371454238892,6000
1996-08-14,2.1666669845581055,2.1666669845581055,2.1500000953674316,2.1500000953674316,1.6713676452636719,3750
1996-08-15,2.1500000953674316,2.1500000953674316,2.1500000953674316,2.1500000953674316,1.6713676452636719,0
1996-08-16,2.183332920074463,2.200000047683716,2.183332920074463,2.200000047683716,1.7102371454238892,8250
1996-08-19,2.1666669845581055,2.1666669845581055,2.1666669845581055,2.1666669845581055,1.684324026107788,7500
1996-08-20,2.183332920074463,2.200000047683716,2.183332920074463,2.200000047683716,1.7102371454238892,3000
1996-08-21,2.183332920074463,2.183332920074463,2.1666669845581055,2.1666669845581055,1.684324026107788,10500
1996-08-22,2.183332920074463,2.183332920074463,2.183332920074463,2.183332920074463,1.697281002998352,750
1996-08-23,2.1666669845581055,2.1666669845581055,2.1333329677581787,2.1666669845581055,1.684324026107788,12000
1996-08-26,2.200000047683716,2.200000047683716,2.200000047683716,2.200000047683716,1.7102371454238892,1500
1996-08-27,2.200000047683716,2.200000047683716,2.174999952316284,2.174999952316284,1.6908025741577148,4500
1996-08-28,2.174999952316284,2.174999952316284,2.174999952316284,2.174999952316284,1.6908025741577148,0
1996-08-29,2.125,2.125,2.125,2.125,1.6519337892532349,3500
1996-08-30,2.174999952316284,2.174999952316284,2.174999952316284,2.174999952316284,1.6908025741577148,2500
1996-09-03,2.125,2.125,2.125,2.125,1.6519337892532349,13500
1996-09-04,2.0999999046325684,2.0999999046325684,2.075000047683716,2.075000047683716,1.6130645275115967,4000
1996-09-05,2.0999999046325684,2.0999999046325684,2.0999999046325684,2.0999999046325684,1.6324985027313232,5500
1996-09-06,2.0999999046325684,2.125,2.049999952316284,2.049999952316284,1.593630075454712,21500
1996-09-09,2.0250000953674316,2.0250000953674316,1.975000023841858,1.975000023841858,1.5353260040283203,5500
1996-09-10,2.0,2.0,2.0,2.0,1.554760456085205,11000
1996-09-11,1.9500000476837158,2.075000047683716,1.850000023841858,2.075000047683716,1.6130645275115967,533500
1996-09-12,2.0999999046325684,2.1500000953674316,2.0999999046325684,2.0999999046325684,1.6324985027313232,46000
1996-09-13,2.1500000953674316,2.1500000953674316,2.075000047683716,2.0999999046325684,1.6324985027313232,10500
1996-09-16,2.1500000953674316,2.2249999046325684,2.075000047683716,2.200000047683716,1.7102371454238892,9000
1996-09-17,2.2249999046325684,2.2249999046325684,2.1500000953674316,2.174999952316284,1.6908025741577148,8500
1996-09-18,2.174999952316284,2.174999952316284,2.174999952316284,2.174999952316284,1.6908025741577148,0
1996-09-19,2.200000047683716,2.200000047683716,2.200000047683716,2.200000047683716,1.7102371454238892,5000
1996-09-20,2.25,2.2750000953674316,2.200000047683716,2.2750000953674316,1.768539547920227,12000
1996-09-23,2.3499999046325684,2.3499999046325684,2.2750000953674316,2.2750000953674316,1.768539547920227,27500
1996-09-24,2.299999952316284,2.325000047683716,2.299999952316284,2.325000047683716,1.8074092864990234,3500
1996-09-25,2.325000047683716,2.325000047683716,2.325000047683716,2.325000047683716,1.8074092864990234,0
1996-09-26,2.325000047683716,2.325000047683716,2.325000047683716,2.325000047683716,1.8074092864990234,2000
1996-09-27,2.2750000953674316,2.299999952316284,2.2750000953674316,2.299999952316284,1.78797447681427,14500
1996-09-30,2.325000047683716,2.325000047683716,2.25,2.25,1.7491058111190796,4000
1996-10-01,2.200000047683716,2.200000047683716,2.200000047683716,2.200000047683716,1.7102371454238892,4000
1996-10-02,2.200000047683716,2.200000047683716,2.200000047683716,2.200000047683716,1.7102371454238892,3000
1996-10-03,2.200000047683716,2.200000047683716,2.1500000953674316,2.200000047683716,1.7102371454238892,49000
1996-10-04,2.200000047683716,2.200000047683716,2.200000047683716,2.200000047683716,1.7102371454238892,0
1996-10-07,2.2249999046325684,2.2249999046325684,2.174999952316284,2.174999952316284,1.6908025741577148,4000
1996-10-08,2.125,2.1500000953674316,2.125,2.1500000953674316,1.6713676452636719,2500
1996-10-09,2.200000047683716,2.200000047683716,2.200000047683716,2.200000047683716,1.7102371454238892,500
1996-10-10,2.174999952316284,2.174999952316284,2.174999952316284,2.174999952316284,1.6908025741577148,500
1996-10-11,2.200000047683716,2.2750000953674316,2.200000047683716,2.2750000953674316,1.768539547920227,34000
1996-10-14,2.25,2.25,2.200000047683716,2.2249999046325684,1.729671835899353,15000
1996-10-15,2.2750000953674316,2.2750000953674316,2.25,2.25,1.7491058111190796,3500
1996-10-16,2.2249999046325684,2.2249999046325684,2.174999952316284,2.200000047683716,1.7102371454238892,21000
1996-10-17,2.200000047683716,2.200000047683716,2.200000047683716,2.200000047683716,1.7102371454238892,17000
1996-10-18,2.200000047683716,2.2249999046325684,2.174999952316284,2.174999952316284,1.6908025741577148,9500
1996-10-21,2.200000047683716,2.2249999046325684,2.200000047683716,2.200000047683716,1.7102371454238892,3500
1996-10-22,2.200000047683716,2.200000047683716,2.200000047683716,2.200000047683716,1.7102371454238892,0
1996-10-23,2.2249999046325684,2.2249999046325684,2.200000047683716,2.200000047683716,1.7102371454238892,6000
1996-10-24,2.200000047683716,2.200000047683716,2.200000047683716,2.200000047683716,1.7102371454238892,0
1996-10-25,2.200000047683716,2.25,2.1500000953674316,2.200000047683716,1.7102371454238892,61500
1996-10-28,2.174999952316284,2.200000047683716,2.174999952316284,2.200000047683716,1.7102371454238892,7500
1996-10-29,2.200000047683716,2.200000047683716,2.0999999046325684,2.125,1.6519337892532349,15000
1996-10-30,2.125,2.125,2.125,2.125,1.6519337892532349,3500
1996-10-31,2.0999999046325684,2.174999952316284,2.0999999046325684,2.174999952316284,1.6908025741577148,13000
1996-11-01,2.125,2.174999952316284,2.075000047683716,2.174999952316284,1.6908025741577148,73500
1996-11-04,2.125,2.125,2.125,2.125,1.6519337892532349,3000
1996-11-05,2.125,2.125,2.125,2.125,1.6519337892532349,0
1996-11-06,2.0999999046325684,2.1500000953674316,2.0999999046325684,2.1500000953674316,1.6713676452636719,8500
1996-11-07,2.174999952316284,2.174999952316284,2.1500000953674316,2.1500000953674316,1.6713676452636719,2000
1996-11-08,2.0999999046325684,2.0999999046325684,2.0999999046325684,2.0999999046325684,1.6324985027313232,2500
1996-11-11,2.1500000953674316,2.174999952316284,2.125,2.1500000953674316,1.6713676452636719,64000
1996-11-12,2.1500000953674316,2.1500000953674316,2.1500000953674316,2.1500000953674316,1.6713676452636719,0
1996-11-13,2.1500000953674316,2.1500000953674316,2.1500000953674316,2.1500000953674316,1.6713676452636719,6500
1996-11-14,2.125,2.125,2.125,2.125,1.6519337892532349,16000
1996-11-15,2.0999999046325684,2.125,2.0250000953674316,2.125,1.6519337892532349,13000
1996-11-18,2.1500000953674316,2.1500000953674316,2.1500000953674316,2.1500000953674316,1.6713676452636719,5000
1996-11-19,2.0999999046325684,2.0999999046325684,2.0999999046325684,2.0999999046325684,1.6324985027313232,1500
1996-11-20,2.0999999046325684,2.0999999046325684,2.0999999046325684,2.0999999046325684,1.6324985027313232,0
1996-11-21,2.049999952316284,2.049999952316284,2.049999952316284,2.049999952316284,1.593630075454712,1000
1996-11-22,2.0250000953674316,2.0250000953674316,2.0250000953674316,2.0250000953674316,1.5741952657699585,1500
1996-11-25,2.049999952316284,2.075000047683716,2.049999952316284,2.075000047683716,1.6130645275115967,1500
1996-11-26,2.049999952316284,2.049999952316284,2.049999952316284,2.049999952316284,1.593630075454712,1000
1996-11-27,2.0250000953674316,2.075000047683716,2.0250000953674316,2.075000047683716,1.6130645275115967,2500
1996-11-29,2.075000047683716,2.075000047683716,2.075000047683716,2.075000047683716,1.6130645275115967,0
1996-12-02,2.0999999046325684,2.0999999046325684,2.0999999046325684,2.0999999046325684,1.6324985027313232,5000
1996-12-03,2.049999952316284,2.049999952316284,2.049999952316284,2.049999952316284,1.593630075454712,14500
1996-12-04,2.075000047683716,2.075000047683716,2.0,2.0,1.554760456085205,8000
1996-12-05,2.0,2.0999999046325684,2.0,2.0999999046325684,1.6324985027313232,55000
1996-12-06,2.0999999046325684,2.0999999046325684,2.0999999046325684,2.0999999046325684,1.6324985027313232,0
1996-12-09,2.125,2.125,2.0250000953674316,2.0250000953674316,1.5741952657699585,10000
1996-12-10,2.075000047683716,2.075000047683716,2.0250000953674316,2.0250000953674316,1.5741952657699585,3500
1996-12-11,2.0250000953674316,2.0250000953674316,1.9500000476837158,1.975000023841858,1.5353260040283203,9000
1996-12-12,2.0250000953674316,2.049999952316284,1.975000023841858,2.0,1.554760456085205,12500
1996-12-13,2.0250000953674316,2.0250000953674316,2.0250000953674316,2.0250000953674316,1.5741952657699585,1000
1996-12-16,2.049999952316284,2.049999952316284,1.899999976158142,1.9500000476837158,1.5158915519714355,540500
1996-12-17,1.9249999523162842,1.975000023841858,1.9249999523162842,1.975000023841858,1.5353260040283203,41500
1996-12-18,1.9500000476837158,1.975000023841858,1.9249999523162842,1.975000023841858,1.5353260040283203,5000
1996-12-19,2.0,2.0,2.0,2.0,1.554760456085205,9000
1996-12-20,2.0,2.0,1.9500000476837158,1.975000023841858,1.5353260040283203,14500
1996-12-23,1.9249999523162842,1.9249999523162842,1.9249999523162842,1.9249999523162842,1.4964572191238403,2500
1996-12-24,1.9249999523162842,1.9249999523162842,1.9249999523162842,1.9249999523162842,1.4964572191238403,2500
1996-12-26,1.9249999523162842,1.975000023841858,1.9249999523162842,1.975000023841858,1.5353260040283203,4500
1996-12-27,1.9249999523162842,1.975000023841858,1.899999976158142,1.9249999523162842,1.4964572191238403,14000
1996-12-30,1.9249999523162842,1.9249999523162842,1.899999976158142,1.899999976158142,1.4770228862762451,6500
1996-12-31,1.9500000476837158,1.975000023841858,1.7999999523162842,1.875,1.4575879573822021,43500
1997-01-02,1.875,1.9249999523162842,1.875,1.9249999523162842,1.4964572191238403,4500
1997-01-03,1.9500000476837158,1.9500000476837158,1.850000023841858,1.850000023841858,1.4381535053253174,11500
1997-01-06,1.8250000476837158,1.8250000476837158,1.8250000476837158,1.8250000476837158,1.4187190532684326,4000
1997-01-07,1.8250000476837158,1.9249999523162842,1.8250000476837158,1.899999976158142,1.4770228862762451,20000
1997-01-08,1.9500000476837158,2.0250000953674316,1.9249999523162842,2.0250000953674316,1.5741952657699585,20000
1997-01-09,1.975000023841858,2.049999952316284,1.975000023841858,2.049999952316284,1.593630075454712,28000
1997-01-10,2.0999999046325684,2.200000047683716,2.049999952316284,2.1500000953674316,1.6713676452636719,25000
1997-01-13,2.200000047683716,2.2750000953674316,2.200000047683716,2.2750000953674316,1.768539547920227,18500
1997-01-14,2.299999952316284,2.325000047683716,2.2750000953674316,2.325000047683716,1.8074092864990234,12000
1997-01-15,2.2750000953674316,2.325000047683716,2.25,2.325000047683716,1.8074092864990234,12500
1997-01-16,2.2750000953674316,2.299999952316284,2.25,2.299999952316284,1.78797447681427,15500
1997-01-17,2.325000047683716,2.325000047683716,2.2750000953674316,2.2750000953674316,1.768539547920227,5500
1997-01-20,2.325000047683716,2.325000047683716,2.299999952316284,2.299999952316284,1.78797447681427,3500
1997-01-21,2.25,2.25,2.200000047683716,2.25,1.7491058111190796,10500
1997-01-22,2.2750000953674316,2.2750000953674316,2.2750000953674316,2.2750000953674316,1.768539547920227,500
1997-01-23,2.2249999046325684,2.325000047683716,2.2249999046325684,2.325000047683716,1.8074092864990234,7500
1997-01-24,2.2750000953674316,2.2750000953674316,2.2249999046325684,2.2249999046325684,1.729671835899353,10000
1997-01-27,2.2750000953674316,2.299999952316284,2.25,2.25,1.7491058111190796,17500
1997-01-28,2.2750000953674316,2.2750000953674316,2.25,2.25,1.7491058111190796,1500
1997-01-29,2.25,2.25,2.25,2.25,1.7491058111190796,0
1997-01-30,2.25,2.25,2.25,2.25,1.7491058111190796,0
1997-01-31,2.2249999046325684,2.2249999046325684,2.2249999046325684,2.2249999046325684,1.729671835899353,2000
1997-02-03,2.2249999046325684,2.2249999046325684,2.2249999046325684,2.2249999046325684,1.729671835899353,500
1997-02-04,2.200000047683716,2.25,2.200000047683716,2.25,1.7491058111190796,2000
1997-02-05,2.200000047683716,2.200000047683716,2.200000047683716,2.200000047683716,1.7102371454238892,3000
1997-02-06,2.25,2.25,2.25,2.25,1.7491058111190796,1000
1997-02-07,2.299999952316284,2.299999952316284,2.2249999046325684,2.25,1.7491058111190796,9000
1997-02-10,2.2249999046325684,2.2750000953674316,2.2249999046325684,2.2750000953674316,1.768539547920227,1000
1997-02-11,2.25,2.25,2.25,2.25,1.7491058111190796,500
1997-02-12,2.25,2.25,2.25,2.25,1.7491058111190796,0
1997-02-13,2.25,2.25,2.2249999046325684,2.25,1.7491058111190796,1500
1997-02-14,2.25,2.25,2.25,2.25,1.7491058111190796,0
1997-02-18,2.2249999046325684,2.2750000953674316,2.2249999046325684,2.2750000953674316,1.768539547920227,2500
1997-02-19,2.2750000953674316,2.2750000953674316,2.2750000953674316,2.2750000953674316,1.768539547920227,0
1997-02-20,2.2249999046325684,2.25,2.2249999046325684,2.2249999046325684,1.729671835899353,5000
1997-02-21,2.200000047683716,2.200000047683716,2.174999952316284,2.174999952316284,1.6908025741577148,11500
1997-02-24,2.200000047683716,2.2249999046325684,2.200000047683716,2.200000047683716,1.7102371454238892,27500
1997-02-25,2.25,2.7249999046325684,2.25,2.674999952316284,2.0794925689697266,371000
1997-02-26,2.625,2.875,2.625,2.7249999046325684,2.118361473083496,160500
1997-02-27,2.75,2.799999952316284,2.7249999046325684,2.75,2.1377952098846436,93000
1997-02-28,2.674999952316284,2.674999952316284,2.625,2.674999952316284,2.0794925689697266,69500
1997-03-03,2.625,2.6500000953674316,2.625,2.6500000953674316,2.060058116912842,23500
1997-03-04,2.6500000953674316,2.6500000953674316,2.625,2.625,2.0406229496002197,28500
1997-03-05,2.625,2.674999952316284,2.625,2.674999952316284,2.0794925689697266,12000
1997-03-06,2.674999952316284,2.950000047683716,2.674999952316284,2.75,2.1377952098846436,150000
1997-03-07,2.799999952316284,3.0999999046325684,2.799999952316284,2.9749999046325684,2.312706708908081,328500
1997-03-10,3.0250000953674316,3.125,2.9749999046325684,3.049999952316284,2.3710098266601562,72500
1997-03-11,3.0250000953674316,3.0250000953674316,3.0250000953674316,3.0250000953674316,2.3515748977661133,20000
1997-03-12,3.075000047683716,3.075000047683716,3.0250000953674316,3.0250000953674316,2.3515748977661133,24500
1997-03-13,3.0,3.0,3.0,3.0,2.332141876220703,67000
1997-03-14,3.0,3.0,2.9749999046325684,3.0,2.332141876220703,19500
1997-03-17,2.9749999046325684,2.9749999046325684,2.950000047683716,2.9749999046325684,2.312706708908081,59000
1997-03-18,2.950000047683716,2.9749999046325684,2.950000047683716,2.9749999046325684,2.312706708908081,30000
1997-03-19,2.950000047683716,2.950000047683716,2.924999952316284,2.950000047683716,2.2932727336883545,42000
1997-03-20,2.924999952316284,2.950000047683716,2.924999952316284,2.950000047683716,2.2932727336883545,4500
1997-03-21,2.950000047683716,2.950000047683716,2.950000047683716,2.950000047683716,2.2932727336883545,0
1997-03-24,2.924999952316284,2.924999952316284,2.7750000953674316,2.7750000953674316,2.157231330871582,26000
1997-03-25,2.7750000953674316,2.7750000953674316,2.7750000953674316,2.7750000953674316,2.157231330871582,0
1997-03-26,2.799999952316284,2.8499999046325684,2.799999952316284,2.825000047683716,2.1961004734039307,12000
1997-03-27,2.875,2.9000000953674316,2.7249999046325684,2.7249999046325684,2.118361473083496,34000
1997-03-31,2.7750000953674316,2.825000047683716,2.7750000953674316,2.799999952316284,2.1766655445098877,27000
1997-04-01,2.799999952316284,2.924999952316284,2.75,2.9000000953674316,2.2544033527374268,43500
1997-04-02,2.875,2.875,2.825000047683716,2.8499999046325684,2.215533494949341,11000
1997-04-03,2.799999952316284,2.8499999046325684,2.799999952316284,2.799999952316284,2.1766655445098877,11000
1997-04-04,2.825000047683716,2.825000047683716,2.825000047683716,2.825000047683716,2.1961004734039307,1000
1997-04-07,2.799999952316284,2.799999952316284,2.7249999046325684,2.7249999046325684,2.118361473083496,24500
1997-04-08,2.75,2.75,2.7249999046325684,2.75,2.1377952098846436,18500
1997-04-09,2.7249999046325684,2.8499999046325684,2.7249999046325684,2.8499999046325684,2.215533494949341,5000
1997-04-10,2.875,3.049999952316284,2.875,3.0,2.332141876220703,30500
1997-04-11,2.8499999046325684,2.950000047683716,2.8499999046325684,2.950000047683716,2.2932727336883545,40500
1997-04-14,2.9749999046325684,3.0,2.9749999046325684,3.0,2.332141876220703,4000
1997-04-15,2.950000047683716,3.049999952316284,2.950000047683716,3.0,2.332141876220703,10000
1997-04-16,3.049999952316284,3.049999952316284,2.924999952316284,3.0250000953674316,2.3515748977661133,49000
1997-04-17,3.0,3.049999952316284,3.0,3.0,2.332141876220703,14000
1997-04-18,3.0250000953674316,3.0250000953674316,3.0250000953674316,3.0250000953674316,2.3515748977661133,1000
1997-04-21,3.0,3.0250000953674316,3.0,3.0250000953674316,2.3515748977661133,50000
1997-04-22,3.0,3.0,2.9749999046325684,2.9749999046325684,2.312706708908081,76500
1997-04-23,2.950000047683716,3.0,2.950000047683716,3.0,2.332141876220703,4500
1997-04-24,2.950000047683716,3.0,2.950000047683716,2.950000047683716,2.2932727336883545,29000
1997-04-25,2.9749999046325684,3.0250000953674316,2.9749999046325684,2.9749999046325684,2.312706708908081,7500
1997-04-28,2.924999952316284,2.9749999046325684,2.9000000953674316,2.950000047683716,2.2932727336883545,9500
1997-04-29,2.9000000953674316,3.325000047683716,2.9000000953674316,3.2249999046325684,2.507052183151245,140500
1997-04-30,3.2750000953674316,3.2750000953674316,3.075000047683716,3.075000047683716,2.390444040298462,124500
1997-05-01,3.0,3.075000047683716,3.0,3.049999952316284,2.3710098266601562,34000
1997-05-02,3.075000047683716,3.200000047683716,3.075000047683716,3.125,2.429314613342285,36000
1997-05-05,3.174999952316284,3.174999952316284,3.075000047683716,3.1500000953674316,2.4487481117248535,7500
1997-05-06,3.0999999046325684,3.1500000953674316,3.0999999046325684,3.1500000953674316,2.4487481117248535,12000
1997-05-07,3.0999999046325684,3.0999999046325684,3.049999952316284,3.0999999046325684,2.4098799228668213,10500
1997-05-08,3.049999952316284,3.049999952316284,3.049999952316284,3.049999952316284,2.3710098266601562,25500
1997-05-09,3.0999999046325684,3.0999999046325684,3.0999999046325684,3.0999999046325684,2.4098799228668213,1000
1997-05-12,3.049999952316284,3.049999952316284,3.0250000953674316,3.0250000953674316,2.3515748977661133,8000
1997-05-13,3.075000047683716,3.0999999046325684,3.075000047683716,3.0999999046325684,2.4098799228668213,4500
1997-05-14,3.075000047683716,3.075000047683716,3.0250000953674316,3.0250000953674316,2.3515748977661133,4000
1997-05-15,3.049999952316284,3.049999952316284,3.049999952316284,3.049999952316284,2.3710098266601562,1000
1997-05-16,3.049999952316284,3.049999952316284,3.049999952316284,3.049999952316284,2.3710098266601562,2500
1997-05-19,3.075000047683716,3.0999999046325684,3.075000047683716,3.075000047683716,2.390444040298462,8000
1997-05-20,3.049999952316284,3.0999999046325684,3.049999952316284,3.075000047683716,2.390444040298462,9000
1997-05-21,3.125,3.125,3.075000047683716,3.125,2.429314613342285,5000
1997-05-22,3.075000047683716,3.174999952316284,3.075000047683716,3.1500000953674316,2.4487481117248535,24000
1997-05-23,3.0999999046325684,3.1500000953674316,3.0999999046325684,3.1500000953674316,2.4487481117248535,2500
1997-05-27,3.174999952316284,3.200000047683716,3.125,3.125,2.429314613342285,12500
1997-05-28,3.125,3.125,3.049999952316284,3.075000047683716,2.390444040298462,7500
1997-05-29,3.049999952316284,3.075000047683716,3.0250000953674316,3.075000047683716,2.390444040298462,4500
1997-05-30,3.0250000953674316,3.0250000953674316,2.9749999046325684,2.9749999046325684,2.312706708908081,16500
1997-06-02,2.9749999046325684,2.9749999046325684,2.9749999046325684,2.9749999046325684,2.312706708908081,0
1997-06-03,3.0,3.125,3.0,3.049999952316284,2.3710098266601562,28000
1997-06-04,3.075000047683716,3.0999999046325684,3.075000047683716,3.0999999046325684,2.4098799228668213,1500
1997-06-05,3.125,3.125,3.0999999046325684,3.0999999046325684,2.4098799228668213,38500
1997-06-06,3.049999952316284,3.049999952316284,3.0,3.049999952316284,2.3710098266601562,9500
1997-06-09,2.9749999046325684,3.0250000953674316,2.950000047683716,3.0250000953674316,2.3515748977661133,17500
1997-06-10,2.9749999046325684,3.012500047683716,2.9749999046325684,3.0,2.332141876220703,10000
1997-06-11,3.0,3.0,3.0,3.0,2.332141876220703,0
1997-06-12,2.950000047683716,2.950000047683716,2.950000047683716,2.950000047683716,2.2932727336883545,3500
1997-06-13,2.924999952316284,2.9749999046325684,2.924999952316284,2.9749999046325684,2.312706708908081,8000
1997-06-16,2.9749999046325684,2.9749999046325684,2.9749999046325684,2.9749999046325684,2.312706708908081,0
1997-06-17,3.0,3.125,3.0,3.125,2.429314613342285,33500
1997-06-18,3.1500000953674316,3.25,3.0999999046325684,3.25,2.52648663520813,49500
1997-06-19,3.25,3.4000000953674316,3.200000047683716,3.4000000953674316,2.6430931091308594,55500
1997-06-20,3.375,3.4000000953674316,3.299999952316284,3.375,2.6236588954925537,39000
1997-06-23,3.424999952316284,3.549999952316284,3.424999952316284,3.5,2.720832109451294,68000
1997-06-24,3.450000047683716,3.5,3.450000047683716,3.450000047683716,2.681962251663208,20500
1997-06-25,3.5250000953674316,3.5999999046325684,3.5250000953674316,3.575000047683716,2.779134750366211,49500
1997-06-26,3.549999952316284,3.575000047683716,3.5,3.549999952316284,2.759700059890747,21500
1997-06-27,3.5875000953674316,3.5999999046325684,3.549999952316284,3.575000047683716,2.779134750366211,7000
1997-06-30,3.575000047683716,3.575000047683716,3.5250000953674316,3.5250000953674316,2.740265369415283,10500
1997-07-01,3.549999952316284,3.575000047683716,3.549999952316284,3.549999952316284,2.759700059890747,4500
1997-07-02,3.549999952316284,3.549999952316284,3.549999952316284,3.549999952316284,2.759700059890747,0
1997-07-03,3.5250000953674316,3.5250000953674316,3.424999952316284,3.4749999046325684,2.7013964653015137,18000
1997-07-07,3.424999952316284,3.4749999046325684,3.424999952316284,3.4749999046325684,2.7013964653015137,2000
1997-07-08,3.424999952316284,3.5,3.424999952316284,3.5,2.720832109451294,10500
1997-07-09,3.6500000953674316,3.674999952316284,3.5250000953674316,3.5250000953674316,2.740265369415283,65000
1997-07-10,3.575000047683716,3.575000047683716,3.5250000953674316,3.575000047683716,2.779134750366211,16000
1997-07-11,3.549999952316284,3.6500000953674316,3.549999952316284,3.5999999046325684,2.798569679260254,55000
1997-07-14,3.6500000953674316,3.6500000953674316,3.5250000953674316,3.549999952316284,2.759700059890747,28000
1997-07-15,3.575000047683716,3.6500000953674316,3.549999952316284,3.6500000953674316,2.8374381065368652,11500
1997-07-16,3.6500000953674316,3.6500000953674316,3.5999999046325684,3.6500000953674316,2.8374381065368652,10500
1997-07-17,3.5999999046325684,3.75,3.549999952316284,3.75,2.9151759147644043,79500
1997-07-18,3.7249999046325684,3.7249999046325684,3.375,3.549999952316284,2.759700059890747,199500
1997-07-21,3.5,3.5,3.4000000953674316,3.424999952316284,2.6625285148620605,124500
1997-07-22,3.4375,3.549999952316284,3.4375,3.549999952316284,2.759700059890747,46500
1997-07-23,3.575000047683716,3.700000047683716,3.575000047683716,3.700000047683716,2.8763070106506348,37000
1997-07-24,3.700000047683716,3.700000047683716,3.5999999046325684,3.6500000953674316,2.8374381065368652,13500
1997-07-25,3.5999999046325684,3.5999999046325684,3.5999999046325684,3.5999999046325684,2.798569679260254,5000
1997-07-28,3.549999952316284,3.549999952316284,3.4749999046325684,3.5,2.720832109451294,79500
1997-07-29,3.5,3.549999952316284,3.4749999046325684,3.549999952316284,2.759700059890747,21500
1997-07-30,3.549999952316284,3.549999952316284,3.549999952316284,3.549999952316284,2.759700059890747,1000
1997-07-31,3.5250000953674316,3.5250000953674316,3.5,3.5250000953674316,2.740265369415283,45500
1997-08-01,3.575000047683716,3.575000047683716,3.549999952316284,3.575000047683716,2.779134750366211,8500
1997-08-04,3.549999952316284,3.549999952316284,3.5374999046325684,3.5374999046325684,2.749983787536621,7500
1997-08-05,3.5625,3.5875000953674316,3.5625,3.5875000953674316,2.788851499557495,31000
1997-08-06,3.5999999046325684,3.6500000953674316,3.5999999046325684,3.5999999046325684,2.798569679260254,11500
1997-08-07,3.5999999046325684,3.612499952316284,3.575000047683716,3.5999999046325684,2.798569679260254,17500
1997-08-08,3.549999952316284,3.549999952316284,3.549999952316284,3.549999952316284,2.759700059890747,5000
1997-08-11,3.575000047683716,3.575000047683716,3.575000047683716,3.575000047683716,2.779134750366211,500
1997-08-12,3.549999952316284,3.549999952316284,3.5250000953674316,3.5250000953674316,2.740265369415283,15000
1997-08-13,3.5374999046325684,3.5374999046325684,3.5250000953674316,3.5250000953674316,2.740265369415283,2500
1997-08-14,3.512500047683716,3.512500047683716,3.450000047683716,3.450000047683716,2.681962251663208,132500
1997-08-15,3.450000047683716,3.4749999046325684,3.4375,3.4375,2.672245502471924,49500
1997-08-18,3.450000047683716,3.450000047683716,3.4375,3.4375,2.672245502471924,33000
1997-08-19,3.4625000953674316,3.487499952316284,3.4625000953674316,3.4749999046325684,2.7013964653015137,7500
1997-08-20,3.5,3.5,3.5,3.5,2.720832109451294,1500
1997-08-21,3.5,3.5,3.5,3.5,2.720832109451294,0
1997-08-22,3.4749999046325684,3.4749999046325684,3.4749999046325684,3.4749999046325684,2.7013964653015137,12500
1997-08-25,3.5,3.674999952316284,3.5,3.674999952316284,2.8568737506866455,40000
1997-08-26,3.674999952316284,3.674999952316284,3.674999952316284,3.674999952316284,2.8568737506866455,4500
1997-08-27,3.674999952316284,3.674999952316284,3.674999952316284,3.674999952316284,2.8568737506866455,2500
1997-08-28,3.625,3.625,3.625,3.625,2.818002700805664,4500
1997-08-29,3.625,3.625,3.625,3.625,2.818002700805664,0
1997-09-02,3.625,3.625,3.625,3.625,2.818002700805664,0
1997-09-03,3.5999999046325684,3.700000047683716,3.5999999046325684,3.6624999046325684,2.847156286239624,68500
1997-09-04,3.637500047683716,3.637500047683716,3.549999952316284,3.5999999046325684,2.798569679260254,27500
1997-09-05,3.625,3.674999952316284,3.625,3.674999952316284,2.8568737506866455,11500
1997-09-08,3.6500000953674316,3.6500000953674316,3.625,3.625,2.818002700805664,26000
1997-09-09,3.5999999046325684,3.6500000953674316,3.575000047683716,3.637500047683716,2.82772159576416,35500
1997-09-10,3.612499952316284,3.612499952316284,3.575000047683716,3.5875000953674316,2.788851499557495,20000
1997-09-11,3.5999999046325684,3.674999952316284,3.5999999046325684,3.674999952316284,2.8568737506866455,26500
1997-09-12,3.674999952316284,3.674999952316284,3.674999952316284,3.674999952316284,2.8568737506866455,2500
1997-09-15,3.674999952316284,3.674999952316284,3.674999952316284,3.674999952316284,2.8568737506866455,0
1997-09-16,3.625,3.625,3.575000047683716,3.575000047683716,2.779134750366211,14000
1997-09-17,3.575000047683716,3.625,3.575000047683716,3.625,2.818002700805664,1500
1997-09-18,3.674999952316284,3.7750000953674316,3.6500000953674316,3.7750000953674316,2.9346110820770264,72000
1997-09-19,3.7750000953674316,3.7750000953674316,3.7249999046325684,3.7249999046325684,2.895742416381836,4500
1997-09-22,3.737499952316284,3.8499999046325684,3.700000047683716,3.8499999046325684,2.9929144382476807,35000
1997-09-23,3.8499999046325684,3.8499999046325684,3.825000047683716,3.825000047683716,2.973479747772217,20000
1997-09-24,3.799999952316284,3.924999952316284,3.799999952316284,3.9000000953674316,3.031783103942871,39500
1997-09-25,3.924999952316284,3.924999952316284,3.875,3.924999952316284,3.0512187480926514,8000
1997-09-26,3.950000047683716,3.950000047683716,3.950000047683716,3.950000047683716,3.0706520080566406,5500
1997-09-29,3.950000047683716,3.950000047683716,3.9000000953674316,3.9000000953674316,3.031783103942871,5000
1997-09-30,3.875,3.924999952316284,3.8499999046325684,3.9000000953674316,3.031783103942871,9000
1997-10-01,3.8499999046325684,3.924999952316284,3.8499999046325684,3.8499999046325684,2.9929144382476807,38000
1997-10-02,3.825000047683716,3.825000047683716,3.825000047683716,3.825000047683716,2.973479747772217,1000
1997-10-03,3.799999952316284,3.799999952316284,3.799999952316284,3.799999952316284,2.9540457725524902,1000
1997-10-06,3.799999952316284,3.799999952316284,3.799999952316284,3.799999952316284,2.9540457725524902,0
1997-10-07,3.825000047683716,3.825000047683716,3.825000047683716,3.825000047683716,2.973479747772217,2000
1997-10-08,3.799999952316284,3.799999952316284,3.799999952316284,3.799999952316284,2.9540457725524902,1000
1997-10-09,3.7750000953674316,3.799999952316284,3.7750000953674316,3.799999952316284,2.9540457725524902,1000
1997-10-10,3.8499999046325684,3.950000047683716,3.8499999046325684,3.950000047683716,3.0706520080566406,13500
1997-10-13,3.950000047683716,3.9749999046325684,3.875,3.875,3.0123496055603027,25500
1997-10-14,3.875,3.875,3.875,3.875,3.0123496055603027,0
1997-10-15,3.924999952316284,4.449999809265137,3.924999952316284,4.425000190734863,3.4399070739746094,319000
1997-10-16,4.5,4.5,4.324999809265137,4.400000095367432,3.4204742908477783,203000
1997-10-17,4.349999904632568,4.550000190734863,4.275000095367432,4.550000190734863,3.537079095840454,105500
1997-10-20,4.5,4.574999809265137,4.400000095367432,4.449999809265137,3.459343671798706,87000
1997-10-21,4.550000190734863,4.574999809265137,4.474999904632568,4.525000095367432,3.5176446437835693,64000
1997-10-22,4.525000095367432,4.525000095367432,4.400000095367432,4.449999809265137,3.459343671798706,55500
1997-10-23,4.400000095367432,4.400000095367432,4.175000190734863,4.287499904632568,3.3330185413360596,33000
1997-10-24,4.287499904632568,4.349999904632568,4.199999809265137,4.25,3.3038675785064697,141000
1997-10-27,4.050000190734863,4.150000095367432,3.825000047683716,3.9000000953674316,3.031783103942871,165500
1997-10-28,3.825000047683716,4.099999904632568,3.799999952316284,4.050000190734863,3.148390531539917,121000
1997-10-29,4.125,4.25,4.125,4.224999904632568,3.284430980682373,81500
1997-10-30,4.175000190734863,4.175000190734863,4.125,4.175000190734863,3.24556303024292,18500
1997-10-31,4.199999809265137,4.224999904632568,4.175000190734863,4.199999809265137,3.2649970054626465,22500
1997-11-03,4.25,4.275000095367432,4.25,4.275000095367432,3.323301076889038,6000
1997-11-04,4.300000190734863,4.300000190734863,4.25,4.25,3.3038675785064697,3000
1997-11-05,4.25,4.25,4.25,4.25,3.3038675785064697,25000
1997-11-06,4.25,4.25,4.25,4.25,3.3038675785064697,25000
1997-11-07,4.199999809265137,4.199999809265137,4.150000095367432,4.199999809265137,3.2649970054626465,12500
1997-11-10,4.224999904632568,4.224999904632568,4.125,4.125,3.206693649291992,42000
1997-11-11,4.125,4.125,4.125,4.125,3.206693649291992,21500
1997-11-12,4.074999809265137,4.074999809265137,4.0,4.0,3.10952091217041,22500
1997-11-13,4.0,4.0,4.0,4.0,3.10952091217041,500
1997-11-14,4.025000095367432,4.074999809265137,4.025000095367432,4.074999809265137,3.1678247451782227,4000
1997-11-17,4.125,4.199999809265137,4.125,4.199999809265137,3.2649970054626465,19000
1997-11-18,4.175000190734863,4.224999904632568,4.175000190734863,4.224999904632568,3.284430980682373,10500
1997-11-19,4.199999809265137,4.199999809265137,4.199999809265137,4.199999809265137,3.2649970054626465,500
1997-11-20,4.212500095367432,4.275000095367432,4.212500095367432,4.25,3.3038675785064697,16500
1997-11-21,4.224999904632568,4.224999904632568,4.199999809265137,4.224999904632568,3.284430980682373,14500
1997-11-24,4.175000190734863,4.175000190734863,4.150000095367432,4.150000095367432,3.2261290550231934,5000
1997-11-25,4.175000190734863,4.175000190734863,4.175000190734863,4.175000190734863,3.24556303024292,1500
1997-11-26,4.175000190734863,4.175000190734863,4.175000190734863,4.175000190734863,3.24556303024292,0
1997-11-28,4.199999809265137,4.199999809265137,4.199999809265137,4.199999809265137,3.2649970054626465,1500
1997-12-01,4.224999904632568,4.224999904632568,4.224999904632568,4.224999904632568,3.284430980682373,500
1997-12-02,4.175000190734863,4.199999809265137,4.175000190734863,4.199999809265137,3.2649970054626465,9000
1997-12-03,4.150000095367432,4.199999809265137,4.150000095367432,4.199999809265137,3.2649970054626465,10500
1997-12-04,4.175000190734863,4.25,4.175000190734863,4.25,3.3038675785064697,5000
1997-12-05,4.25,4.25,4.199999809265137,4.199999809265137,3.2649970054626465,5000
1997-12-08,4.199999809265137,4.199999809265137,4.199999809265137,4.199999809265137,3.2649970054626465,0
1997-12-09,4.199999809265137,4.199999809265137,4.150000095367432,4.199999809265137,3.2649970054626465,7500
1997-12-10,4.199999809265137,4.199999809265137,4.199999809265137,4.199999809265137,3.2649970054626465,0
1997-12-11,4.099999904632568,4.099999904632568,3.450000047683716,3.5,2.720832109451294,206000
1997-12-12,3.549999952316284,3.6500000953674316,3.549999952316284,3.5999999046325684,2.798569679260254,166000
1997-12-15,3.575000047683716,3.75,3.5,3.700000047683716,2.8763070106506348,117000
1997-12-16,3.6500000953674316,3.6500000953674316,3.5999999046325684,3.5999999046325684,2.798569679260254,6000
1997-12-17,3.5999999046325684,3.5999999046325684,3.5999999046325684,3.5999999046325684,2.798569679260254,500
1997-12-18,3.575000047683716,3.575000047683716,3.299999952316284,3.5,2.720832109451294,140000
1997-12-19,3.450000047683716,3.450000047683716,3.375,3.4000000953674316,2.6430931091308594,16500
1997-12-22,3.4000000953674316,3.4000000953674316,3.4000000953674316,3.4000000953674316,2.6430931091308594,2500
1997-12-23,3.0999999046325684,3.0999999046325684,3.075000047683716,3.075000047683716,2.390444040298462,24000
1997-12-24,3.049999952316284,3.049999952316284,2.9749999046325684,2.9749999046325684,2.312706708908081,8500
1997-12-26,2.950000047683716,2.950000047683716,2.75,2.825000047683716,2.1961004734039307,34500
1997-12-29,2.8499999046325684,2.875,2.799999952316284,2.825000047683716,2.1961004734039307,25500
1997-12-30,2.7750000953674316,2.8499999046325684,2.5999999046325684,2.7750000953674316,2.157231330871582,186500
1997-12-31,2.8125,3.049999952316284,2.8125,3.049999952316284,2.3710098266601562,33000
1998-01-02,3.075000047683716,3.075000047683716,3.075000047683716,3.075000047683716,2.390444040298462,14000
1998-01-05,3.0250000953674316,3.049999952316284,3.0,3.0,2.332141876220703,16000
1998-01-06,3.0250000953674316,3.0250000953674316,3.0250000953674316,3.0250000953674316,2.3515748977661133,1000
1998-01-07,3.075000047683716,3.075000047683716,3.0250000953674316,3.075000047683716,2.390444040298462,9500
1998-01-08,3.049999952316284,3.049999952316284,3.0250000953674316,3.0250000953674316,2.3515748977661133,4000
1998-01-09,3.0250000953674316,3.0250000953674316,2.950000047683716,2.9749999046325684,2.312706708908081,7000
1998-01-12,3.0,3.0250000953674316,2.950000047683716,2.950000047683716,2.2932727336883545,9500
1998-01-13,2.9000000953674316,2.9000000953674316,2.825000047683716,2.875,2.234968662261963,7000
1998-01-14,2.875,2.875,2.875,2.875,2.234968662261963,0
1998-01-15,2.875,2.875,2.875,2.875,2.234968662261963,0
1998-01-16,2.875,2.875,2.875,2.875,2.234968662261963,0
1998-01-20,2.875,2.875,2.875,2.875,2.234968662261963,0
1998-01-21,2.875,2.875,2.875,2.875,2.234968662261963,0
1998-01-22,2.875,2.875,2.875,2.875,2.234968662261963,0
1998-01-23,2.825000047683716,2.8499999046325684,2.700000047683716,2.825000047683716,2.1961004734039307,44000
1998-01-26,2.875,2.875,2.700000047683716,2.700000047683716,2.098926305770874,42000
1998-01-27,2.674999952316284,2.7125000953674316,2.674999952316284,2.7125000953674316,2.1086437702178955,8500
1998-01-28,2.700000047683716,2.700000047683716,2.700000047683716,2.700000047683716,2.098926305770874,1000
1998-01-29,2.75,2.9000000953674316,2.75,2.9000000953674316,2.2544033527374268,44000
1998-01-30,2.950000047683716,3.0999999046325684,2.950000047683716,3.0999999046325684,2.4098799228668213,24000
1998-02-02,3.049999952316284,3.049999952316284,3.0,3.049999952316284,2.3710098266601562,17500
1998-02-03,3.075000047683716,3.125,3.075000047683716,3.125,2.429314613342285,14000
1998-02-04,3.1500000953674316,3.1500000953674316,3.0250000953674316,3.075000047683716,2.390444040298462,80000
1998-02-05,3.075000047683716,3.125,3.075000047683716,3.0999999046325684,2.4098799228668213,14500
1998-02-06,3.0999999046325684,3.0999999046325684,3.0999999046325684,3.0999999046325684,2.4098799228668213,22000
1998-02-09,3.0999999046325684,3.0999999046325684,3.0999999046325684,3.0999999046325684,2.4098799228668213,3000
1998-02-10,3.0999999046325684,3.0999999046325684,3.0625,3.0625,2.3807270526885986,14500
1998-02-11,3.0875000953674316,3.0999999046325684,3.0875000953674316,3.0999999046325684,2.4098799228668213,13000
1998-02-12,3.075000047683716,3.075000047683716,3.0250000953674316,3.0250000953674316,2.3515748977661133,7000
1998-02-13,3.049999952316284,3.075000047683716,3.049999952316284,3.075000047683716,2.390444040298462,44500
1998-02-17,3.075000047683716,3.0999999046325684,3.075000047683716,3.0999999046325684,2.4098799228668213,16000
1998-02-18,3.0999999046325684,3.1500000953674316,3.0999999046325684,3.1500000953674316,2.4487481117248535,24500
1998-02-19,3.125,3.2750000953674316,3.125,3.2750000953674316,2.5459203720092773,6500
1998-02-20,3.299999952316284,3.3499999046325684,3.299999952316284,3.3499999046325684,2.6042232513427734,3500
1998-02-23,3.4000000953674316,3.549999952316284,3.4000000953674316,3.5,2.720832109451294,25000
1998-02-24,3.5250000953674316,3.575000047683716,3.5250000953674316,3.549999952316284,2.759700059890747,8500
1998-02-25,3.5999999046325684,3.6500000953674316,3.5999999046325684,3.6500000953674316,2.8374381065368652,15000
1998-02-26,3.674999952316284,3.700000047683716,3.674999952316284,3.700000047683716,2.8763070106506348,3500
1998-02-27,3.674999952316284,3.674999952316284,3.575000047683716,3.575000047683716,2.779134750366211,14500
1998-03-02,3.5250000953674316,3.549999952316284,3.5,3.5,2.720832109451294,7000
1998-03-03,3.5250000953674316,3.5250000953674316,3.5250000953674316,3.5250000953674316,2.740265369415283,500
1998-03-04,3.5,3.549999952316284,3.5,3.549999952316284,2.759700059890747,4000
1998-03-05,3.5250000953674316,3.5250000953674316,3.450000047683716,3.5,2.720832109451294,7000
1998-03-06,3.5,3.5,3.5,3.5,2.720832109451294,0
1998-03-09,3.4749999046325684,3.4749999046325684,3.4749999046325684,3.4749999046325684,2.7013964653015137,1500
1998-03-10,3.450000047683716,3.450000047683716,3.424999952316284,3.424999952316284,2.6625285148620605,6000
1998-03-11,3.4749999046325684,3.4749999046325684,3.4749999046325684,3.4749999046325684,2.7013964653015137,1500
1998-03-12,3.424999952316284,3.424999952316284,3.424999952316284,3.424999952316284,2.6625285148620605,1500
1998-03-13,3.424999952316284,3.424999952316284,3.424999952316284,3.424999952316284,2.6625285148620605,0
1998-03-16,3.424999952316284,3.424999952316284,3.424999952316284,3.424999952316284,2.6625285148620605,0
1998-03-17,3.424999952316284,3.424999952316284,3.424999952316284,3.424999952316284,2.6625285148620605,0
1998-03-18,3.424999952316284,3.424999952316284,3.424999952316284,3.424999952316284,2.6625285148620605,0
1998-03-19,3.4000000953674316,3.4000000953674316,3.4000000953674316,3.4000000953674316,2.6430931091308594,3500
1998-03-20,3.424999952316284,3.424999952316284,3.200000047683716,3.2750000953674316,2.5459203720092773,14500
1998-03-23,3.2249999046325684,3.2249999046325684,3.2249999046325684,3.2249999046325684,2.507052183151245,2000
1998-03-24,3.2249999046325684,3.2249999046325684,3.2249999046325684,3.2249999046325684,2.507052183151245,25000
1998-03-25,3.200000047683716,3.2249999046325684,3.174999952316284,3.2249999046325684,2.507052183151245,4500
1998-03-26,3.200000047683716,3.200000047683716,3.200000047683716,3.200000047683716,2.4876182079315186,12500
1998-03-27,3.25,3.262500047683716,3.2125000953674316,3.2125000953674316,2.4973342418670654,6000
1998-03-30,3.237499952316284,3.237499952316284,3.237499952316284,3.237499952316284,2.5167694091796875,1500
1998-03-31,3.262500047683716,3.262500047683716,3.262500047683716,3.262500047683716,2.536202907562256,2500
1998-04-01,3.262500047683716,3.325000047683716,3.262500047683716,3.325000047683716,2.584789752960205,22500
1998-04-02,3.3499999046325684,3.4000000953674316,3.325000047683716,3.4000000953674316,2.6430931091308594,8500
1998-04-03,3.450000047683716,3.5,3.4000000953674316,3.5,2.720832109451294,8000
1998-04-06,3.5250000953674316,3.549999952316284,3.5250000953674316,3.549999952316284,2.759700059890747,11500
1998-04-07,3.549999952316284,3.549999952316284,3.549999952316284,3.549999952316284,2.759700059890747,0
1998-04-08,3.5,3.5,3.5,3.5,2.720832109451294,1500
1998-04-09,3.450000047683716,3.450000047683716,3.450000047683716,3.450000047683716,2.681962251663208,1000
1998-04-13,3.450000047683716,3.4749999046325684,3.450000047683716,3.450000047683716,2.681962251663208,7000
1998-04-14,3.424999952316284,3.424999952316284,3.4000000953674316,3.4000000953674316,2.6430931091308594,6000
1998-04-15,3.4000000953674316,3.4000000953674316,3.4000000953674316,3.4000000953674316,2.6430931091308594,0
1998-04-16,3.450000047683716,3.450000047683716,3.375,3.375,2.6236588954925537,15500
1998-04-17,3.375,3.375,3.375,3.375,2.6236588954925537,0
1998-04-20,3.4000000953674316,3.5999999046325684,3.4000000953674316,3.5999999046325684,2.798569679260254,100000
1998-04-21,3.575000047683716,3.6500000953674316,3.549999952316284,3.6500000953674316,2.8374381065368652,39500
1998-04-22,3.6500000953674316,3.6500000953674316,3.5999999046325684,3.6500000953674316,2.8374381065368652,69000
1998-04-23,3.5999999046325684,3.5999999046325684,3.5999999046325684,3.5999999046325684,2.798569679260254,22500
1998-04-24,3.5999999046325684,3.5999999046325684,3.5999999046325684,3.5999999046325684,2.798569679260254,0
1998-04-27,3.549999952316284,3.5625,3.5250000953674316,3.5625,2.769418954849243,2500
1998-04-28,3.5875000953674316,3.5875000953674316,3.5374999046325684,3.5625,2.769418954849243,8500
1998-04-29,3.5625,3.5625,3.5625,3.5625,2.769418954849243,0
1998-04-30,3.5374999046325684,3.5374999046325684,3.5374999046325684,3.5374999046325684,2.749983787536621,5000
1998-05-01,3.5374999046325684,3.5374999046325684,3.5374999046325684,3.5374999046325684,2.749983787536621,0
1998-05-04,3.5374999046325684,3.5374999046325684,3.5374999046325684,3.5374999046325684,2.749983787536621,0
1998-05-05,3.5374999046325684,3.5374999046325684,3.5374999046325684,3.5374999046325684,2.749983787536621,0
1998-05-06,3.549999952316284,3.549999952316284,3.5,3.5,2.720832109451294,24500
1998-05-07,3.5250000953674316,3.575000047683716,3.5250000953674316,3.575000047683716,2.779134750366211,9000
1998-05-08,3.575000047683716,3.575000047683716,3.575000047683716,3.575000047683716,2.779134750366211,0
1998-05-11,3.575000047683716,3.575000047683716,3.549999952316284,3.575000047683716,2.779134750366211,4000
1998-05-12,3.5250000953674316,3.549999952316284,3.5250000953674316,3.549999952316284,2.759700059890747,7000
1998-05-13,3.5,3.5,3.424999952316284,3.450000047683716,2.681962251663208,16500
1998-05-14,3.4749999046325684,3.5,3.4749999046325684,3.4749999046325684,2.7013964653015137,9000
1998-05-15,3.487499952316284,3.487499952316284,3.487499952316284,3.487499952316284,2.711113929748535,1500
1998-05-18,3.4625000953674316,3.4625000953674316,3.4124999046325684,3.4124999046325684,2.65281081199646,14000
1998-05-19,3.4124999046325684,3.4124999046325684,3.4124999046325684,3.4124999046325684,2.65281081199646,0
1998-05-20,3.4124999046325684,3.4124999046325684,3.4124999046325684,3.4124999046325684,2.65281081199646,0
1998-05-21,3.4000000953674316,3.4000000953674316,3.4000000953674316,3.4000000953674316,2.6430931091308594,6000
1998-05-22,3.4000000953674316,3.4000000953674316,3.4000000953674316,3.4000000953674316,2.6430931091308594,0
1998-05-26,3.424999952316284,3.575000047683716,3.424999952316284,3.5,2.720832109451294,91000
1998-05-27,3.450000047683716,3.450000047683716,3.4000000953674316,3.4000000953674316,2.6430931091308594,14500
1998-05-28,3.4000000953674316,3.4000000953674316,3.4000000953674316,3.4000000953674316,2.6430931091308594,7000
1998-05-29,3.4000000953674316,3.4000000953674316,3.375,3.375,2.6236588954925537,10000
1998-06-01,3.424999952316284,3.424999952316284,3.4000000953674316,3.4000000953674316,2.6430931091308594,6500
1998-06-02,3.4000000953674316,3.4000000953674316,3.4000000953674316,3.4000000953674316,2.6430931091308594,0
1998-06-03,3.375,3.375,3.3499999046325684,3.375,2.6236588954925537,6500
1998-06-04,3.325000047683716,3.375,3.325000047683716,3.3499999046325684,2.6042232513427734,8500
1998-06-05,3.3499999046325684,3.3499999046325684,3.3499999046325684,3.3499999046325684,2.6042232513427734,5500
1998-06-08,3.375,3.375,3.375,3.375,2.6236588954925537,5500
1998-06-09,3.375,3.424999952316284,3.375,3.424999952316284,2.6625285148620605,33500
1998-06-10,3.4000000953674316,3.4000000953674316,3.4000000953674316,3.4000000953674316,2.6430931091308594,1000
1998-06-11,3.3499999046325684,3.3499999046325684,3.3499999046325684,3.3499999046325684,2.6042232513427734,10000
1998-06-12,3.3499999046325684,3.3499999046325684,3.3499999046325684,3.3499999046325684,2.6042232513427734,0
1998-06-15,3.3499999046325684,3.3499999046325684,3.3499999046325684,3.3499999046325684,2.6042232513427734,0
1998-06-16,3.299999952316284,3.325000047683716,3.299999952316284,3.325000047683716,2.584789752960205,3500
1998-06-17,3.3499999046325684,3.3499999046325684,3.299999952316284,3.299999952316284,2.5653557777404785,5000
1998-06-18,3.325000047683716,3.4000000953674316,3.325000047683716,3.4000000953674316,2.6430931091308594,23000
1998-06-19,3.3499999046325684,3.3499999046325684,3.325000047683716,3.325000047683716,2.584789752960205,10000
1998-06-22,3.25,3.2750000953674316,3.25,3.2750000953674316,2.5459203720092773,5500
1998-06-23,3.2249999046325684,3.25,3.200000047683716,3.25,2.52648663520813,8500
1998-06-24,3.2249999046325684,3.2249999046325684,3.2249999046325684,3.2249999046325684,2.507052183151245,500
1998-06-25,3.2249999046325684,3.2249999046325684,3.2249999046325684,3.2249999046325684,2.507052183151245,0
1998-06-26,3.2249999046325684,3.2249999046325684,3.2249999046325684,3.2249999046325684,2.507052183151245,0
1998-06-29,3.2750000953674316,3.299999952316284,3.2750000953674316,3.299999952316284,2.5653557777404785,11500
1998-06-30,3.299999952316284,3.299999952316284,3.25,3.25,2.52648663520813,5500
1998-07-01,3.299999952316284,3.325000047683716,3.299999952316284,3.325000047683716,2.584789752960205,2000
1998-07-02,3.375,3.4000000953674316,3.375,3.4000000953674316,2.6430931091308594,7000
1998-07-06,3.4000000953674316,3.4000000953674316,3.4000000953674316,3.4000000953674316,2.6430931091308594,26000
1998-07-07,3.3499999046325684,3.3499999046325684,3.325000047683716,3.325000047683716,2.584789752960205,37500
1998-07-08,3.325000047683716,3.375,3.325000047683716,3.375,2.6236588954925537,2000
1998-07-09,3.375,3.375,3.375,3.375,2.6236588954925537,0
1998-07-10,3.375,3.375,3.375,3.375,2.6236588954925537,0
1998-07-13,3.325000047683716,3.375,3.325000047683716,3.325000047683716,2.584789752960205,6000
1998-07-14,3.299999952316284,3.3499999046325684,3.299999952316284,3.325000047683716,2.584789752960205,4500
1998-07-15,3.375,3.375,3.375,3.375,2.6236588954925537,10000
1998-07-16,3.375,3.375,3.375,3.375,2.6236588954925537,0
1998-07-17,3.375,3.375,3.375,3.375,2.6236588954925537,0
1998-07-20,3.4000000953674316,3.549999952316284,3.325000047683716,3.387500047683716,2.633375883102417,80000
1998-07-21,3.387500047683716,3.387500047683716,3.362499952316284,3.362499952316284,2.6139421463012695,32500
1998-07-22,3.362499952316284,3.362499952316284,3.362499952316284,3.362499952316284,2.6139421463012695,0
1998-07-23,3.387500047683716,3.387500047683716,3.2750000953674316,3.2750000953674316,2.5459203720092773,26000
1998-07-24,3.25,3.2750000953674316,3.25,3.2750000953674316,2.5459203720092773,49500
1998-07-27,3.25,3.25,3.2249999046325684,3.2249999046325684,2.507052183151245,3000
1998-07-28,3.2249999046325684,3.2249999046325684,3.200000047683716,3.200000047683716,2.4876182079315186,3000
1998-07-29,3.200000047683716,3.200000047683716,3.200000047683716,3.200000047683716,2.4876182079315186,6500
1998-07-30,3.200000047683716,3.200000047683716,3.200000047683716,3.200000047683716,2.4876182079315186,0
1998-07-31,3.2249999046325684,3.2249999046325684,3.2249999046325684,3.2249999046325684,2.507052183151245,2500
1998-08-03,3.2249999046325684,3.2249999046325684,3.2249999046325684,3.2249999046325684,2.507052183151245,0
1998-08-04,3.174999952316284,3.174999952316284,3.1500000953674316,3.1500000953674316,2.4487481117248535,18500
1998-08-05,3.0999999046325684,3.0999999046325684,3.0,3.0,2.332141876220703,25000
1998-08-06,3.0250000953674316,3.075000047683716,3.0250000953674316,3.049999952316284,2.3710098266601562,23500
1998-08-07,3.049999952316284,3.049999952316284,3.049999952316284,3.049999952316284,2.3710098266601562,0
1998-08-10,3.0,3.0,3.0,3.0,2.332141876220703,4000
1998-08-11,2.950000047683716,2.950000047683716,2.875,2.875,2.234968662261963,12500
1998-08-12,2.8499999046325684,2.8499999046325684,2.825000047683716,2.825000047683716,2.1961004734039307,15000
1998-08-13,2.825000047683716,2.825000047683716,2.825000047683716,2.825000047683716,2.1961004734039307,0
1998-08-14,2.825000047683716,2.825000047683716,2.825000047683716,2.825000047683716,2.1961004734039307,0
1998-08-17,2.825000047683716,2.825000047683716,2.825000047683716,2.825000047683716,2.1961004734039307,0
1998-08-18,2.799999952316284,2.799999952316284,2.799999952316284,2.799999952316284,2.1766655445098877,3000
1998-08-19,2.799999952316284,2.799999952316284,2.799999952316284,2.799999952316284,2.1766655445098877,0
1998-08-20,2.799999952316284,2.799999952316284,2.799999952316284,2.799999952316284,2.1766655445098877,0
1998-08-21,2.75,2.75,2.75,2.75,2.1377952098846436,30000
1998-08-24,2.700000047683716,2.700000047683716,2.700000047683716,2.700000047683716,2.098926305770874,22500
1998-08-25,2.6500000953674316,2.6500000953674316,2.5999999046325684,2.5999999046325684,2.0211899280548096,40000
1998-08-26,2.549999952316284,2.549999952316284,2.549999952316284,2.549999952316284,1.9823193550109863,6000
1998-08-27,2.549999952316284,2.549999952316284,2.5,2.512500047683716,1.9531670808792114,3500
1998-08-28,2.4749999046325684,2.4749999046325684,2.4749999046325684,2.4749999046325684,1.9240162372589111,2000
1998-08-31,2.4749999046325684,2.5250000953674316,2.4749999046325684,2.5250000953674316,1.9628857374191284,6000
1998-09-01,2.5,2.5250000953674316,2.450000047683716,2.5,1.9434510469436646,6000
1998-09-02,2.5,2.5,2.5,2.5,1.9434510469436646,0
1998-09-03,2.5,2.5,2.5,2.5,1.9434510469436646,0
1998-09-04,2.5,2.5,2.5,2.5,1.9434510469436646,0
1998-09-08,2.5,2.5250000953674316,2.450000047683716,2.5250000953674316,1.9628857374191284,7000
1998-09-09,2.5250000953674316,2.5250000953674316,2.5250000953674316,2.5250000953674316,1.9628857374191284,0
1998-09-10,2.5250000953674316,2.5250000953674316,2.5250000953674316,2.5250000953674316,1.9628857374191284,0
1998-09-11,2.5250000953674316,2.5250000953674316,2.5250000953674316,2.5250000953674316,1.9628857374191284,0
1998-09-14,2.549999952316284,2.575000047683716,2.549999952316284,2.549999952316284,1.9823193550109863,6500
1998-09-15,2.5999999046325684,2.5999999046325684,2.549999952316284,2.5999999046325684,2.0211899280548096,43000
1998-09-16,2.625,2.6500000953674316,2.625,2.6500000953674316,2.060058116912842,4000
1998-09-17,2.5999999046325684,2.5999999046325684,2.5999999046325684,2.5999999046325684,2.0211899280548096,2000
1998-09-18,2.5999999046325684,2.5999999046325684,2.5999999046325684,2.5999999046325684,2.0211899280548096,0
1998-09-21,2.5625,2.5625,2.5625,2.5625,1.9920374155044556,500
1998-09-22,2.5374999046325684,2.5374999046325684,2.4625000953674316,2.4625000953674316,1.9142991304397583,4500
1998-09-23,2.4375,2.4625000953674316,2.4375,2.4625000953674316,1.9142991304397583,3000
1998-09-24,2.4124999046325684,2.4375,2.4000000953674316,2.4000000953674316,1.8657134771347046,5000
1998-09-25,2.4000000953674316,2.4000000953674316,2.4000000953674316,2.4000000953674316,1.8657134771347046,8000
1998-09-28,2.3499999046325684,2.3499999046325684,2.299999952316284,2.299999952316284,1.78797447681427,5500
1998-09-29,2.299999952316284,2.299999952316284,2.25,2.25,1.7491058111190796,6500
1998-09-30,2.200000047683716,2.25,2.200000047683716,2.25,1.7491058111190796,5000
1998-10-01,2.2249999046325684,2.2249999046325684,2.2249999046325684,2.2249999046325684,1.729671835899353,500
1998-10-02,2.2249999046325684,2.2249999046325684,2.174999952316284,2.200000047683716,1.7102371454238892,15500
1998-10-05,2.1500000953674316,2.1500000953674316,1.9500000476837158,1.9500000476837158,1.5158915519714355,28000
1998-10-06,2.0,2.0,1.899999976158142,1.9249999523162842,1.4964572191238403,33500
1998-10-07,1.9500000476837158,2.0,1.9500000476837158,2.0,1.554760456085205,16000
1998-10-08,1.9500000476837158,1.9500000476837158,1.9500000476837158,1.9500000476837158,1.5158915519714355,3000
1998-10-09,1.9500000476837158,1.9500000476837158,1.9500000476837158,1.9500000476837158,1.5158915519714355,7500
1998-10-12,1.9249999523162842,1.9249999523162842,1.875,1.875,1.4575879573822021,5000
1998-10-13,1.8250000476837158,1.850000023841858,1.7000000476837158,1.774999976158142,1.3798500299453735,40000
1998-10-14,1.7999999523162842,1.875,1.7999999523162842,1.875,1.4575879573822021,18000
1998-10-15,1.8250000476837158,1.850000023841858,1.7999999523162842,1.850000023841858,1.4381535053253174,14500
1998-10-16,1.875,1.875,1.875,1.875,1.4575879573822021,2000
1998-10-19,1.899999976158142,1.899999976158142,1.899999976158142,1.899999976158142,1.4770228862762451,5000
1998-10-20,1.9249999523162842,1.9249999523162842,1.875,1.899999976158142,1.4770228862762451,10500
1998-10-21,1.9249999523162842,1.9500000476837158,1.7000000476837158,1.75,1.360416054725647,60500
1998-10-22,1.7000000476837158,1.7000000476837158,1.399999976158142,1.5,1.1660709381103516,480500
1998-10-23,1.5,1.7000000476837158,1.5,1.7000000476837158,1.3215465545654297,75000
1998-10-26,1.649999976158142,1.662500023841858,1.625,1.6375000476837158,1.2729601860046387,42000
1998-10-27,1.649999976158142,1.649999976158142,1.600000023841858,1.6124999523162842,1.2535260915756226,28500
1998-10-28,1.625,1.625,1.625,1.625,1.263243317604065,10000
1998-10-29,1.649999976158142,1.649999976158142,1.625,1.625,1.263243317604065,12000
1998-10-30,1.600000023841858,1.600000023841858,1.5499999523162842,1.600000023841858,1.2438091039657593,27000
1998-11-02,1.649999976158142,1.6749999523162842,1.5750000476837158,1.600000023841858,1.2438091039657593,11500
1998-11-03,1.600000023841858,1.600000023841858,1.600000023841858,1.600000023841858,1.2438091039657593,0
1998-11-04,1.600000023841858,1.6749999523162842,1.600000023841858,1.6749999523162842,1.3021116256713867,20000
1998-11-05,1.7000000476837158,1.875,1.7000000476837158,1.850000023841858,1.4381535053253174,33000
1998-11-06,1.8250000476837158,1.9249999523162842,1.7999999523162842,1.7999999523162842,1.399284839630127,39000
1998-11-09,1.75,1.75,1.725000023841858,1.725000023841858,1.340981125831604,11500
1998-11-10,1.7000000476837158,1.7000000476837158,1.6749999523162842,1.6749999523162842,1.3021116256713867,10000
1998-11-11,1.625,1.625,1.625,1.625,1.263243317604065,5000
1998-11-12,1.649999976158142,1.649999976158142,1.649999976158142,1.649999976158142,1.2826778888702393,5000
1998-11-13,1.625,1.649999976158142,1.600000023841858,1.600000023841858,1.2438091039657593,8000
1998-11-16,1.6749999523162842,1.75,1.6749999523162842,1.75,1.360416054725647,4000
1998-11-17,1.7000000476837158,1.7000000476837158,1.6875,1.6875,1.3118294477462769,15000
1998-11-18,1.725000023841858,1.7374999523162842,1.725000023841858,1.7374999523162842,1.3506982326507568,2500
1998-11-19,1.7625000476837158,1.7625000476837158,1.725000023841858,1.725000023841858,1.340981125831604,3000
1998-11-20,1.725000023841858,1.725000023841858,1.725000023841858,1.725000023841858,1.340981125831604,0
1998-11-23,1.7000000476837158,1.7000000476837158,1.7000000476837158,1.7000000476837158,1.3215465545654297,1000
1998-11-24,1.7000000476837158,1.7000000476837158,1.7000000476837158,1.7000000476837158,1.3215465545654297,1000
1998-11-25,1.7000000476837158,1.7000000476837158,1.7000000476837158,1.7000000476837158,1.3215465545654297,0
1998-11-27,1.7000000476837158,1.7000000476837158,1.7000000476837158,1.7000000476837158,1.3215465545654297,0
1998-11-30,1.649999976158142,1.649999976158142,1.600000023841858,1.600000023841858,1.2438091039657593,17500
1998-12-01,1.600000023841858,1.600000023841858,1.600000023841858,1.600000023841858,1.2438091039657593,0
1998-12-02,1.600000023841858,1.600000023841858,1.600000023841858,1.600000023841858,1.2438091039657593,0
1998-12-03,1.600000023841858,1.600000023841858,1.5750000476837158,1.5750000476837158,1.2243740558624268,15000
1998-12-04,1.5750000476837158,1.625,1.5750000476837158,1.625,1.263243317604065,16500
1998-12-07,1.5750000476837158,1.587499976158142,1.5125000476837158,1.587499976158142,1.2340911626815796,25500
1998-12-08,1.537500023841858,1.600000023841858,1.5,1.5499999523162842,1.2049399614334106,38500
1998-12-09,1.524999976158142,1.524999976158142,1.524999976158142,1.524999976158142,1.1855049133300781,2500
1998-12-10,1.5,1.524999976158142,1.4500000476837158,1.5,1.1660709381103516,13000
1998-12-11,1.5,1.5,1.5,1.5,1.1660709381103516,0
1998-12-14,1.4500000476837158,1.475000023841858,1.399999976158142,1.4500000476837158,1.1272016763687134,18500
1998-12-15,1.399999976158142,1.475000023841858,1.399999976158142,1.475000023841858,1.1466363668441772,41500
1998-12-16,1.4249999523162842,1.4249999523162842,1.350000023841858,1.399999976158142,1.0883327722549438,66500
1998-12-17,1.399999976158142,1.4500000476837158,1.399999976158142,1.399999976158142,1.0883327722549438,113000
1998-12-18,1.4500000476837158,1.5,1.4249999523162842,1.475000023841858,1.1466363668441772,25000
1998-12-21,1.4500000476837158,1.524999976158142,1.4500000476837158,1.524999976158142,1.1855049133300781,16000
1998-12-22,1.5,1.5499999523162842,1.475000023841858,1.5,1.1660709381103516,52500
1998-12-23,1.5,1.524999976158142,1.4500000476837158,1.524999976158142,1.1855049133300781,109000
1998-12-24,1.524999976158142,1.5499999523162842,1.524999976158142,1.5499999523162842,1.2049399614334106,21500
1998-12-28,1.5,1.5,1.5,1.5,1.1660709381103516,27000
1998-12-29,1.524999976158142,1.6749999523162842,1.524999976158142,1.6749999523162842,1.3021116256713867,19000
1998-12-30,1.625,1.625,1.600000023841858,1.600000023841858,1.2438091039657593,9000
1998-12-31,1.649999976158142,1.649999976158142,1.5,1.5499999523162842,1.2049399614334106,117500
1999-01-04,1.600000023841858,1.600000023841858,1.4874999523162842,1.537500023841858,1.195222020149231,43500
1999-01-05,1.524999976158142,1.649999976158142,1.5,1.600000023841858,1.2438091039657593,38000
1999-01-06,1.649999976158142,1.7000000476837158,1.649999976158142,1.649999976158142,1.2826778888702393,10000
1999-01-07,1.7000000476837158,1.875,1.7000000476837158,1.850000023841858,1.4381535053253174,58000
1999-01-08,1.875,1.975000023841858,1.875,1.9249999523162842,1.4964572191238403,17500
1999-01-11,1.9500000476837158,1.9874999523162842,1.9500000476837158,1.9874999523162842,1.5450435876846313,17000
1999-01-12,2.049999952316284,2.049999952316284,1.9249999523162842,1.9500000476837158,1.5158915519714355,39500
1999-01-13,1.9249999523162842,1.9249999523162842,1.9249999523162842,1.9249999523162842,1.4964572191238403,1000
1999-01-14,1.9249999523162842,1.9375,1.8250000476837158,1.875,1.4575879573822021,21500
1999-01-15,1.875,1.875,1.875,1.875,1.4575879573822021,12000
1999-01-19,1.8250000476837158,1.8250000476837158,1.774999976158142,1.774999976158142,1.3798500299453735,27500
1999-01-20,1.774999976158142,1.774999976158142,1.725000023841858,1.725000023841858,1.340981125831604,15000
1999-01-21,1.725000023841858,1.725000023841858,1.725000023841858,1.725000023841858,1.340981125831604,0
1999-01-22,1.725000023841858,1.75,1.7000000476837158,1.725000023841858,1.340981125831604,118000
1999-01-25,1.649999976158142,1.725000023841858,1.649999976158142,1.725000023841858,1.340981125831604,36500
1999-01-26,1.6749999523162842,1.6749999523162842,1.649999976158142,1.649999976158142,1.2826778888702393,30000
1999-01-27,1.649999976158142,1.649999976158142,1.649999976158142,1.649999976158142,1.2826778888702393,0
1999-01-28,1.7000000476837158,1.875,1.7000000476837158,1.850000023841858,1.4381535053253174,65000
1999-01-29,1.850000023841858,1.875,1.7999999523162842,1.875,1.4575879573822021,62000
1999-02-01,1.9249999523162842,2.2249999046325684,1.875,2.125,1.6519337892532349,128000
1999-02-02,2.112499952316284,2.112499952316284,2.0250000953674316,2.0250000953674316,1.5741952657699585,50500
1999-02-03,2.049999952316284,2.049999952316284,2.0,2.0,1.554760456085205,39500
1999-02-04,2.0,2.0,2.0,2.0,1.554760456085205,0
1999-02-05,2.049999952316284,2.049999952316284,2.0,2.0,1.554760456085205,22500
1999-02-08,1.975000023841858,2.0,1.9249999523162842,1.975000023841858,1.5353260040283203,24500
1999-02-09,1.9500000476837158,1.9500000476837158,1.9500000476837158,1.9500000476837158,1.5158915519714355,4000
1999-02-10,1.975000023841858,1.975000023841858,1.9249999523162842,1.9249999523162842,1.4964572191238403,2000
1999-02-11,1.9249999523162842,1.9249999523162842,1.9249999523162842,1.9249999523162842,1.4964572191238403,0
1999-02-12,1.9500000476837158,1.9500000476837158,1.9500000476837158,1.9500000476837158,1.5158915519714355,11500
1999-02-16,2.0,2.0250000953674316,2.0,2.0,1.554760456085205,27000
1999-02-17,2.0,2.0,2.0,2.0,1.554760456085205,0
1999-02-18,1.975000023841858,1.9874999523162842,1.975000023841858,1.9874999523162842,1.5450435876846313,25000
1999-02-19,1.962499976158142,1.975000023841858,1.9500000476837158,1.975000023841858,1.5353260040283203,16500
1999-02-22,1.975000023841858,1.975000023841858,1.975000023841858,1.975000023841858,1.5353260040283203,196000
1999-02-23,1.975000023841858,1.975000023841858,1.899999976158142,1.9500000476837158,1.5158915519714355,29000
1999-02-24,1.9500000476837158,1.9500000476837158,1.9500000476837158,1.9500000476837158,1.5158915519714355,0
1999-02-25,1.899999976158142,1.899999976158142,1.7999999523162842,1.8250000476837158,1.4187190532684326,26500
1999-02-26,1.7999999523162842,1.875,1.7999999523162842,1.7999999523162842,1.399284839630127,43500
1999-03-01,1.7999999523162842,1.7999999523162842,1.7999999523162842,1.7999999523162842,1.399284839630127,0
1999-03-02,1.7999999523162842,1.7999999523162842,1.75,1.75,1.360416054725647,4000
1999-03-03,1.712499976158142,1.712499976158142,1.712499976158142,1.712499976158142,1.3312642574310303,21000
1999-03-04,1.7000000476837158,1.7000000476837158,1.2999999523162842,1.5750000476837158,1.2243740558624268,185500
1999-03-05,1.5750000476837158,1.625,1.524999976158142,1.625,1.263243317604065,27000
1999-03-08,1.649999976158142,1.6749999523162842,1.649999976158142,1.6749999523162842,1.3021116256713867,8500
1999-03-09,1.625,1.625,1.625,1.625,1.263243317604065,3500
1999-03-10,1.625,1.625,1.625,1.625,1.263243317604065,0
1999-03-11,1.625,1.625,1.625,1.625,1.263243317604065,0
1999-03-12,1.625,1.625,1.5750000476837158,1.5750000476837158,1.2243740558624268,11500
1999-03-15,1.625,1.625,1.5750000476837158,1.5750000476837158,1.2243740558624268,10000
1999-03-16,1.5750000476837158,1.5750000476837158,1.5750000476837158,1.5750000476837158,1.2243740558624268,10000
1999-03-17,1.625,1.625,1.625,1.625,1.263243317604065,2000
1999-03-18,1.649999976158142,1.649999976158142,1.600000023841858,1.600000023841858,1.2438091039657593,3000
1999-03-19,1.600000023841858,1.600000023841858,1.600000023841858,1.600000023841858,1.2438091039657593,0
1999-03-22,1.600000023841858,1.600000023841858,1.600000023841858,1.600000023841858,1.2438091039657593,5500
1999-03-23,1.600000023841858,1.600000023841858,1.600000023841858,1.600000023841858,1.2438091039657593,12500
1999-03-24,1.600000023841858,1.600000023841858,1.600000023841858,1.600000023841858,1.2438091039657593,0
1999-03-25,1.649999976158142,1.649999976158142,1.649999976158142,1.649999976158142,1.2826778888702393,500
1999-03-26,1.600000023841858,1.600000023841858,1.600000023841858,1.600000023841858,1.2438091039657593,7500
1999-03-29,1.600000023841858,1.600000023841858,1.600000023841858,1.600000023841858,1.2438091039657593,1500
1999-03-30,1.600000023841858,1.600000023841858,1.600000023841858,1.600000023841858,1.2438091039657593,0
1999-03-31,1.600000023841858,1.600000023841858,1.600000023841858,1.600000023841858,1.2438091039657593,8500
1999-04-01,1.5750000476837158,1.5750000476837158,1.5750000476837158,1.5750000476837158,1.2243740558624268,2500
1999-04-05,1.600000023841858,1.600000023841858,1.600000023841858,1.600000023841858,1.2438091039657593,500
1999-04-06,1.600000023841858,1.600000023841858,1.600000023841858,1.600000023841858,1.2438091039657593,0
1999-04-07,1.625,1.625,1.625,1.625,1.263243317604065,500
1999-04-08,1.5750000476837158,1.5750000476837158,1.5750000476837158,1.5750000476837158,1.2243740558624268,14000
1999-04-09,1.5750000476837158,1.600000023841858,1.5499999523162842,1.600000023841858,1.2438091039657593,17500
1999-04-12,1.524999976158142,1.5499999523162842,1.524999976158142,1.5499999523162842,1.2049399614334106,6000
1999-04-13,1.537500023841858,1.5750000476837158,1.537500023841858,1.5750000476837158,1.2243740558624268,3500
1999-04-14,1.5750000476837158,1.5750000476837158,1.5750000476837158,1.5750000476837158,1.2243740558624268,0
1999-04-15,1.5750000476837158,1.5750000476837158,1.5750000476837158,1.5750000476837158,1.2243740558624268,0
1999-04-16,1.5499999523162842,1.5499999523162842,1.5499999523162842,1.5499999523162842,1.2049399614334106,18000
1999-04-19,1.5625,1.5625,1.5499999523162842,1.5499999523162842,1.2049399614334106,12000
1999-04-20,1.5625,1.625,1.5625,1.625,1.263243317604065,25500
1999-04-21,1.649999976158142,1.649999976158142,1.649999976158142,1.649999976158142,1.2826778888702393,1000
1999-04-22,1.649999976158142,1.649999976158142,1.649999976158142,1.649999976158142,1.2826778888702393,0
1999-04-23,1.649999976158142,1.649999976158142,1.649999976158142,1.649999976158142,1.2826778888702393,0
1999-04-26,1.7000000476837158,1.7000000476837158,1.649999976158142,1.649999976158142,1.2826778888702393,7000
1999-04-27,1.625,1.625,1.625,1.625,1.263243317604065,500
1999-04-28,1.625,1.625,1.625,1.625,1.263243317604065,0
1999-04-29,1.6749999523162842,1.6749999523162842,1.6749999523162842,1.6749999523162842,1.3021116256713867,11500
1999-04-30,1.649999976158142,1.6749999523162842,1.625,1.6749999523162842,1.3021116256713867,7000
1999-05-03,1.7000000476837158,1.7000000476837158,1.6749999523162842,1.7000000476837158,1.3215465545654297,9500
1999-05-04,1.7000000476837158,1.7000000476837158,1.7000000476837158,1.7000000476837158,1.3215465545654297,0
1999-05-05,1.725000023841858,1.725000023841858,1.6749999523162842,1.6749999523162842,1.3021116256713867,16000
1999-05-06,1.7000000476837158,1.75,1.7000000476837158,1.712499976158142,1.3312642574310303,22500
1999-05-07,1.7374999523162842,1.7374999523162842,1.7374999523162842,1.7374999523162842,1.3506982326507568,500
1999-05-10,1.774999976158142,1.7999999523162842,1.774999976158142,1.7999999523162842,1.399284839630127,12000
1999-05-11,1.7999999523162842,1.8250000476837158,1.75,1.75,1.360416054725647,28500
1999-05-12,1.75,1.7999999523162842,1.75,1.7999999523162842,1.399284839630127,8000
1999-05-13,1.7999999523162842,1.7999999523162842,1.7999999523162842,1.7999999523162842,1.399284839630127,8000
1999-05-14,1.8250000476837158,1.8250000476837158,1.7999999523162842,1.7999999523162842,1.399284839630127,27000
1999-05-17,1.774999976158142,1.7999999523162842,1.774999976158142,1.7999999523162842,1.399284839630127,27500
1999-05-18,1.8624999523162842,1.899999976158142,1.850000023841858,1.850000023841858,1.4381535053253174,13000
1999-05-19,1.850000023841858,1.850000023841858,1.850000023841858,1.850000023841858,1.4381535053253174,0
1999-05-20,1.850000023841858,1.850000023841858,1.850000023841858,1.850000023841858,1.4381535053253174,0
1999-05-21,1.8250000476837158,1.8250000476837158,1.8250000476837158,1.8250000476837158,1.4187190532684326,1000
1999-05-24,1.8250000476837158,1.8250000476837158,1.8250000476837158,1.8250000476837158,1.4187190532684326,0
1999-05-25,1.7999999523162842,1.875,1.7999999523162842,1.850000023841858,1.4381535053253174,13000
1999-05-26,1.774999976158142,1.850000023841858,1.774999976158142,1.774999976158142,1.3798500299453735,39500
1999-05-27,1.75,1.7999999523162842,1.725000023841858,1.7999999523162842,1.399284839630127,43000
1999-05-28,1.7625000476837158,1.7625000476837158,1.7625000476837158,1.7625000476837158,1.3701326847076416,7500
1999-06-01,1.7625000476837158,1.7625000476837158,1.7625000476837158,1.7625000476837158,1.3701326847076416,0
1999-06-02,1.787500023841858,1.7999999523162842,1.774999976158142,1.7999999523162842,1.399284839630127,2000
1999-06-03,1.8250000476837158,1.8250000476837158,1.8250000476837158,1.8250000476837158,1.4187190532684326,3000
1999-06-04,1.7999999523162842,1.7999999523162842,1.774999976158142,1.774999976158142,1.3798500299453735,2000
1999-06-07,1.774999976158142,1.774999976158142,1.774999976158142,1.774999976158142,1.3798500299453735,0
1999-06-08,1.7999999523162842,1.7999999523162842,1.7999999523162842,1.7999999523162842,1.399284839630127,10000
1999-06-09,1.7999999523162842,1.7999999523162842,1.7999999523162842,1.7999999523162842,1.399284839630127,3000
1999-06-10,1.774999976158142,1.7999999523162842,1.774999976158142,1.7999999523162842,1.399284839630127,27000
1999-06-11,1.75,1.75,1.75,1.75,1.360416054725647,21500
1999-06-14,1.75,1.75,1.75,1.75,1.360416054725647,18500
1999-06-15,1.7999999523162842,1.8250000476837158,1.7999999523162842,1.8250000476837158,1.4187190532684326,47500
1999-06-16,1.850000023841858,1.850000023841858,1.774999976158142,1.774999976158142,1.3798500299453735,12000
1999-06-17,1.774999976158142,1.774999976158142,1.774999976158142,1.774999976158142,1.3798500299453735,500
1999-06-18,1.7999999523162842,1.7999999523162842,1.7999999523162842,1.7999999523162842,1.399284839630127,13000
1999-06-21,1.8250000476837158,1.8250000476837158,1.8250000476837158,1.8250000476837158,1.4187190532684326,3000
1999-06-22,1.7999999523162842,1.7999999523162842,1.7999999523162842,1.7999999523162842,1.399284839630127,1500
1999-06-23,1.7999999523162842,1.7999999523162842,1.7999999523162842,1.7999999523162842,1.399284839630127,0
1999-06-24,1.774999976158142,1.774999976158142,1.774999976158142,1.774999976158142,1.3798500299453735,1000
1999-06-25,1.7999999523162842,1.8250000476837158,1.7999999523162842,1.8250000476837158,1.4187190532684326,2500
1999-06-28,1.7999999523162842,1.7999999523162842,1.774999976158142,1.7999999523162842,1.399284839630127,10000
1999-06-29,1.850000023841858,1.850000023841858,1.8250000476837158,1.837499976158142,1.4284368753433228,19500
1999-06-30,1.850000023841858,1.850000023841858,1.850000023841858,1.850000023841858,1.4381535053253174,9000
1999-07-01,1.850000023841858,1.850000023841858,1.8250000476837158,1.8250000476837158,1.4187190532684326,8500
1999-07-02,1.8624999523162842,1.8624999523162842,1.8250000476837158,1.8250000476837158,1.4187190532684326,7500
1999-07-06,1.7999999523162842,1.8624999523162842,1.7999999523162842,1.8624999523162842,1.447871208190918,20000
1999-07-07,1.837499976158142,1.837499976158142,1.837499976158142,1.837499976158142,1.4284368753433228,10000
1999-07-08,1.875,1.875,1.875,1.875,1.4575879573822021,7500
1999-07-09,1.875,1.875,1.875,1.875,1.4575879573822021,0
1999-07-12,1.8875000476837158,1.8875000476837158,1.8875000476837158,1.8875000476837158,1.4673055410385132,1000
1999-07-13,1.8875000476837158,1.8875000476837158,1.8875000476837158,1.8875000476837158,1.4673055410385132,0
1999-07-14,1.850000023841858,1.850000023841858,1.7999999523162842,1.7999999523162842,1.399284839630127,37500
1999-07-15,1.7999999523162842,1.8250000476837158,1.7999999523162842,1.7999999523162842,1.399284839630127,10000
1999-07-16,1.774999976158142,1.774999976158142,1.774999976158142,1.774999976158142,1.3798500299453735,500
1999-07-19,1.774999976158142,1.774999976158142,1.774999976158142,1.774999976158142,1.3798500299453735,0
1999-07-20,1.774999976158142,1.774999976158142,1.774999976158142,1.774999976158142,1.3798500299453735,0
1999-07-21,1.774999976158142,1.774999976158142,1.774999976158142,1.774999976158142,1.3798500299453735,0
1999-07-22,1.774999976158142,1.774999976158142,1.774999976158142,1.774999976158142,1.3798500299453735,0
1999-07-23,1.774999976158142,1.774999976158142,1.774999976158142,1.774999976158142,1.3798500299453735,0
1999-07-26,1.774999976158142,1.774999976158142,1.774999976158142,1.774999976158142,1.3798500299453735,0
1999-07-27,1.787500023841858,1.787500023841858,1.787500023841858,1.787500023841858,1.3895673751831055,13000
1999-07-28,1.7625000476837158,1.7625000476837158,1.7625000476837158,1.7625000476837158,1.3701326847076416,14000
1999-07-29,1.787500023841858,1.787500023841858,1.75,1.75,1.360416054725647,11000
1999-07-30,1.7374999523162842,1.7374999523162842,1.649999976158142,1.6749999523162842,1.3021116256713867,37000
1999-08-02,1.6749999523162842,1.6749999523162842,1.6749999523162842,1.6749999523162842,1.3021116256713867,0
1999-08-03,1.6749999523162842,1.6749999523162842,1.6749999523162842,1.6749999523162842,1.3021116256713867,0
1999-08-04,1.6749999523162842,1.6749999523162842,1.6749999523162842,1.6749999523162842,1.3021116256713867,0
1999-08-05,1.625,1.625,1.625,1.625,1.263243317604065,5000
1999-08-06,1.600000023841858,1.600000023841858,1.5499999523162842,1.5499999523162842,1.2049399614334106,10000
1999-08-09,1.600000023841858,1.6749999523162842,1.600000023841858,1.649999976158142,1.2826778888702393,24500
1999-08-10,1.6749999523162842,1.6749999523162842,1.649999976158142,1.649999976158142,1.2826778888702393,7500
1999-08-11,1.649999976158142,1.649999976158142,1.649999976158142,1.649999976158142,1.2826778888702393,0
1999-08-12,1.6749999523162842,1.6749999523162842,1.649999976158142,1.649999976158142,1.2826778888702393,1000
1999-08-13,1.600000023841858,1.600000023841858,1.600000023841858,1.600000023841858,1.2438091039657593,8000
1999-08-16,1.5499999523162842,1.600000023841858,1.375,1.524999976158142,1.1855049133300781,84000
1999-08-17,1.5499999523162842,1.625,1.5499999523162842,1.625,1.263243317604065,11500
1999-08-18,1.625,1.625,1.625,1.625,1.263243317604065,0
1999-08-19,1.625,1.625,1.625,1.625,1.263243317604065,0
1999-08-20,1.625,1.625,1.625,1.625,1.263243317604065,0
1999-08-23,1.600000023841858,1.649999976158142,1.600000023841858,1.649999976158142,1.2826778888702393,1500
1999-08-24,1.649999976158142,1.649999976158142,1.649999976158142,1.649999976158142,1.2826778888702393,0
1999-08-25,1.625,1.625,1.625,1.625,1.263243317604065,1000
1999-08-26,1.649999976158142,1.649999976158142,1.649999976158142,1.649999976158142,1.2826778888702393,1000
1999-08-27,1.6749999523162842,1.6749999523162842,1.6749999523162842,1.6749999523162842,1.3021116256713867,12500
1999-08-30,1.6749999523162842,1.6749999523162842,1.6749999523162842,1.6749999523162842,1.3021116256713867,0
1999-08-31,1.7000000476837158,1.7000000476837158,1.7000000476837158,1.7000000476837158,1.3215465545654297,500
1999-09-01,1.7000000476837158,1.7000000476837158,1.7000000476837158,1.7000000476837158,1.3215465545654297,0
1999-09-02,1.774999976158142,1.774999976158142,1.7000000476837158,1.7000000476837158,1.3215465545654297,22500
1999-09-03,1.7000000476837158,1.7000000476837158,1.7000000476837158,1.7000000476837158,1.3215465545654297,0
1999-09-07,1.649999976158142,1.649999976158142,1.649999976158142,1.649999976158142,1.2826778888702393,2000
1999-09-08,1.625,1.625,1.625,1.625,1.263243317604065,1000
1999-09-09,1.649999976158142,1.649999976158142,1.649999976158142,1.649999976158142,1.2826778888702393,8500
1999-09-10,1.600000023841858,1.600000023841858,1.5499999523162842,1.600000023841858,1.2438091039657593,37000
1999-09-13,1.5750000476837158,1.5750000476837158,1.5,1.524999976158142,1.1855049133300781,17000
1999-09-14,1.475000023841858,1.524999976158142,1.4500000476837158,1.524999976158142,1.1855049133300781,34500
1999-09-15,1.5750000476837158,1.5750000476837158,1.5,1.5,1.1660709381103516,4000
1999-09-16,1.5,1.5,1.5,1.5,1.1660709381103516,2500
1999-09-17,1.5,1.5,1.5,1.5,1.1660709381103516,12500
1999-09-20,1.5,1.5,1.5,1.5,1.1660709381103516,0
1999-09-21,1.524999976158142,1.524999976158142,1.524999976158142,1.524999976158142,1.1855049133300781,500
1999-09-22,1.475000023841858,1.5,1.399999976158142,1.5,1.1660709381103516,24500
1999-09-23,1.4500000476837158,1.4500000476837158,1.399999976158142,1.399999976158142,1.0883327722549438,24000
1999-09-24,1.399999976158142,1.4500000476837158,1.399999976158142,1.399999976158142,1.0883327722549438,20000
1999-09-27,1.399999976158142,1.399999976158142,1.399999976158142,1.399999976158142,1.0883327722549438,0
1999-09-28,1.399999976158142,1.399999976158142,1.399999976158142,1.399999976158142,1.0883327722549438,0
1999-09-29,1.399999976158142,1.412500023841858,1.3125,1.3250000476837158,1.030029058456421,39500
1999-09-30,1.3125,1.3125,1.2000000476837158,1.2625000476837158,0.9814428687095642,78000
1999-10-01,1.287500023841858,1.287500023841858,1.2374999523162842,1.25,0.9717255234718323,33000
1999-10-04,1.2999999523162842,1.2999999523162842,1.2625000476837158,1.2625000476837158,0.9814428687095642,11000
1999-10-05,1.2999999523162842,1.2999999523162842,1.25,1.25,0.9717255234718323,22000
1999-10-06,1.25,1.2999999523162842,1.225000023841858,1.25,0.9717255234718323,49000
1999-10-07,1.212499976158142,1.2374999523162842,1.212499976158142,1.2374999523162842,0.9620081186294556,13500
1999-10-08,1.2625000476837158,1.2625000476837158,1.2625000476837158,1.2625000476837158,0.9814428687095642,15000
1999-10-11,1.2999999523162842,1.3250000476837158,1.2999999523162842,1.3250000476837158,1.030029058456421,26500
1999-10-12,1.350000023841858,1.350000023841858,1.2999999523162842,1.2999999523162842,1.0105949640274048,7500
1999-10-13,1.2999999523162842,1.2999999523162842,1.2999999523162842,1.2999999523162842,1.0105949640274048,0
1999-10-14,1.274999976158142,1.3624999523162842,1.274999976158142,1.2999999523162842,1.0105949640274048,25500
1999-10-15,1.25,1.25,1.2374999523162842,1.2374999523162842,0.9620081186294556,7500
1999-10-18,1.25,1.25,1.25,1.25,0.9717255234718323,3000
1999-10-19,1.25,1.25,1.25,1.25,0.9717255234718323,0
1999-10-20,1.2999999523162842,1.475000023841858,1.2999999523162842,1.475000023841858,1.1466363668441772,78500
1999-10-21,1.4249999523162842,1.5499999523162842,1.4249999523162842,1.5499999523162842,1.2049399614334106,41000
1999-10-22,1.5750000476837158,1.5750000476837158,1.5750000476837158,1.5750000476837158,1.2243740558624268,25000
1999-10-25,1.524999976158142,1.524999976158142,1.524999976158142,1.524999976158142,1.1855049133300781,2000
1999-10-26,1.5,1.524999976158142,1.5,1.524999976158142,1.1855049133300781,1000
1999-10-27,1.524999976158142,1.524999976158142,1.524999976158142,1.524999976158142,1.1855049133300781,0
1999-10-28,1.5499999523162842,1.5499999523162842,1.5499999523162842,1.5499999523162842,1.2049399614334106,11500
1999-10-29,1.5750000476837158,1.5750000476837158,1.5499999523162842,1.5750000476837158,1.2243740558624268,12000
1999-11-01,1.5750000476837158,1.5750000476837158,1.5750000476837158,1.5750000476837158,1.2243740558624268,5500
1999-11-02,1.587499976158142,1.625,1.587499976158142,1.625,1.263243317604065,44500
1999-11-03,1.649999976158142,1.649999976158142,1.600000023841858,1.600000023841858,1.2438091039657593,18000
1999-11-04,1.600000023841858,1.600000023841858,1.600000023841858,1.600000023841858,1.2438091039657593,0
1999-11-05,1.5499999523162842,1.5499999523162842,1.5499999523162842,1.5499999523162842,1.2049399614334106,10500
1999-11-08,1.5499999523162842,1.5499999523162842,1.5499999523162842,1.5499999523162842,1.2049399614334106,0
1999-11-09,1.5499999523162842,1.5499999523162842,1.5499999523162842,1.5499999523162842,1.2049399614334106,0
1999-11-10,1.5750000476837158,1.625,1.5,1.5,1.1660709381103516,112000
1999-11-11,1.475000023841858,1.475000023841858,1.475000023841858,1.475000023841858,1.1466363668441772,2500
1999-11-12,1.475000023841858,1.475000023841858,1.475000023841858,1.475000023841858,1.1466363668441772,0
1999-11-15,1.475000023841858,1.475000023841858,1.475000023841858,1.475000023841858,1.1466363668441772,6500
1999-11-16,1.524999976158142,1.5499999523162842,1.524999976158142,1.5499999523162842,1.2049399614334106,24500
1999-11-17,1.5499999523162842,1.5499999523162842,1.5499999523162842,1.5499999523162842,1.2049399614334106,0
1999-11-18,1.5499999523162842,1.5499999523162842,1.5499999523162842,1.5499999523162842,1.2049399614334106,0
1999-11-19,1.524999976158142,1.524999976158142,1.524999976158142,1.524999976158142,1.1855049133300781,4000
1999-11-22,1.524999976158142,1.524999976158142,1.524999976158142,1.524999976158142,1.1855049133300781,22000
1999-11-23,1.537500023841858,1.537500023841858,1.5,1.5,1.1660709381103516,7500
1999-11-24,1.5,1.5,1.5,1.5,1.1660709381103516,0
1999-11-26,1.4500000476837158,1.4500000476837158,1.399999976158142,1.399999976158142,1.0883327722549438,21500
1999-11-29,1.399999976158142,1.399999976158142,1.399999976158142,1.399999976158142,1.0883327722549438,13500
1999-11-30,1.4249999523162842,1.4249999523162842,1.399999976158142,1.4249999523162842,1.1077667474746704,28500
1999-12-01,1.4500000476837158,1.4500000476837158,1.4500000476837158,1.4500000476837158,1.1272016763687134,14500
1999-12-02,1.4500000476837158,1.5,1.4500000476837158,1.4500000476837158,1.1272016763687134,12000
1999-12-03,1.399999976158142,1.399999976158142,1.375,1.375,1.0688976049423218,10000
1999-12-06,1.375,1.375,1.375,1.375,1.0688976049423218,0
1999-12-07,1.375,1.375,1.375,1.375,1.0688976049423218,4000
1999-12-08,1.4249999523162842,1.4500000476837158,1.4249999523162842,1.4500000476837158,1.1272016763687134,6500
1999-12-09,1.4249999523162842,1.4500000476837158,1.375,1.375,1.0688976049423218,7000
1999-12-10,1.4249999523162842,1.4249999523162842,1.399999976158142,1.4249999523162842,1.1077667474746704,9000
1999-12-13,1.4500000476837158,1.475000023841858,1.350000023841858,1.350000023841858,1.049463152885437,22500
1999-12-14,1.375,1.375,1.350000023841858,1.350000023841858,1.049463152885437,36000
1999-12-15,1.350000023841858,1.350000023841858,1.350000023841858,1.350000023841858,1.049463152885437,0
1999-12-16,1.3250000476837158,1.350000023841858,1.3250000476837158,1.350000023841858,1.049463152885437,3000
1999-12-17,1.350000023841858,1.350000023841858,1.350000023841858,1.350000023841858,1.049463152885437,0
1999-12-20,1.3250000476837158,1.3250000476837158,1.3250000476837158,1.3250000476837158,1.030029058456421,1500
1999-12-21,1.350000023841858,1.350000023841858,1.3250000476837158,1.3250000476837158,1.030029058456421,29500
1999-12-22,1.3250000476837158,1.3250000476837158,1.3250000476837158,1.3250000476837158,1.030029058456421,0
1999-12-23,1.3250000476837158,1.375,1.2999999523162842,1.375,1.0688976049423218,35500
1999-12-27,1.350000023841858,1.350000023841858,1.274999976158142,1.274999976158142,0.9911596775054932,10500
1999-12-28,1.2999999523162842,1.2999999523162842,1.2999999523162842,1.2999999523162842,1.0105949640274048,1000
1999-12-29,1.274999976158142,1.2999999523162842,1.25,1.2999999523162842,1.0105949640274048,15000
1999-12-30,1.274999976158142,1.2999999523162842,1.25,1.2999999523162842,1.0105949640274048,13000
1999-12-31,1.225000023841858,1.3250000476837158,1.225000023841858,1.3250000476837158,1.030029058456421,21500
2000-01-03,1.375,1.375,1.375,1.375,1.0688976049423218,2000
2000-01-04,1.375,1.375,1.375,1.375,1.0688976049423218,0
2000-01-05,1.375,1.375,1.375,1.375,1.0688976049423218,0
2000-01-06,1.375,1.375,1.375,1.375,1.0688976049423218,5500
2000-01-07,1.375,1.375,1.375,1.375,1.0688976049423218,0
2000-01-10,1.3250000476837158,1.350000023841858,1.3250000476837158,1.350000023841858,1.049463152885437,11000
2000-01-11,1.3250000476837158,1.3250000476837158,1.3250000476837158,1.3250000476837158,1.030029058456421,500
2000-01-12,1.2999999523162842,1.3250000476837158,1.274999976158142,1.3250000476837158,1.030029058456421,6500
2000-01-13,1.2999999523162842,1.2999999523162842,1.2999999523162842,1.2999999523162842,1.0105949640274048,2000
2000-01-14,1.350000023841858,1.350000023841858,1.25,1.25,0.9717255234718323,12500
2000-01-18,1.2000000476837158,1.2999999523162842,1.2000000476837158,1.2999999523162842,1.0105949640274048,74500
2000-01-19,1.274999976158142,1.274999976158142,1.274999976158142,1.274999976158142,0.9911596775054932,1000
2000-01-20,1.3250000476837158,1.399999976158142,1.2999999523162842,1.399999976158142,1.0883327722549438,102000
2000-01-21,1.399999976158142,1.5499999523162842,1.399999976158142,1.5,1.1660709381103516,100000
2000-01-24,1.524999976158142,1.5750000476837158,1.524999976158142,1.537500023841858,1.195222020149231,41000
2000-01-25,1.587499976158142,1.600000023841858,1.587499976158142,1.600000023841858,1.2438091039657593,49500
2000-01-26,1.6124999523162842,1.625,1.5499999523162842,1.5499999523162842,1.2049399614334106,24500
2000-01-27,1.537500023841858,1.5750000476837158,1.537500023841858,1.5750000476837158,1.2243740558624268,11000
2000-01-28,1.587499976158142,1.587499976158142,1.587499976158142,1.587499976158142,1.2340911626815796,5000
2000-01-31,1.5499999523162842,1.5499999523162842,1.5499999523162842,1.5499999523162842,1.2049399614334106,5000
2000-02-01,1.600000023841858,1.6124999523162842,1.5750000476837158,1.5750000476837158,1.2243740558624268,18000
2000-02-02,1.600000023841858,1.600000023841858,1.5750000476837158,1.600000023841858,1.2438091039657593,4000
2000-02-03,1.5499999523162842,1.5499999523162842,1.5499999523162842,1.5499999523162842,1.2049399614334106,8000
2000-02-04,1.587499976158142,1.587499976158142,1.5499999523162842,1.5499999523162842,1.2049399614334106,7500
2000-02-07,1.600000023841858,1.600000023841858,1.5499999523162842,1.5499999523162842,1.2049399614334106,5500
2000-02-08,1.600000023841858,1.625,1.5750000476837158,1.600000023841858,1.2438091039657593,50500
2000-02-09,1.600000023841858,1.600000023841858,1.5,1.5,1.1660709381103516,57500
2000-02-10,1.524999976158142,1.524999976158142,1.524999976158142,1.524999976158142,1.1855049133300781,11500
2000-02-11,1.524999976158142,1.524999976158142,1.524999976158142,1.524999976158142,1.1855049133300781,0
2000-02-14,1.5,1.5,1.5,1.5,1.1660709381103516,21500
2000-02-15,1.5,1.5,1.5,1.5,1.1660709381103516,5000
2000-02-16,1.5,1.5,1.4500000476837158,1.5,1.1660709381103516,16500
2000-02-17,1.4500000476837158,1.4500000476837158,1.3624999523162842,1.3875000476837158,1.078615665435791,109500
2000-02-18,1.375,1.399999976158142,1.375,1.399999976158142,1.0883327722549438,12000
2000-02-22,1.350000023841858,1.4249999523162842,1.350000023841858,1.4249999523162842,1.1077667474746704,28000
2000-02-23,1.4249999523162842,1.4249999523162842,1.399999976158142,1.4249999523162842,1.1077667474746704,60500
2000-02-24,1.4249999523162842,1.4249999523162842,1.4249999523162842,1.4249999523162842,1.1077667474746704,0
2000-02-25,1.4249999523162842,1.4249999523162842,1.4249999523162842,1.4249999523162842,1.1077667474746704,8000
2000-02-28,1.399999976158142,1.399999976158142,1.350000023841858,1.375,1.0688976049423218,9500
2000-02-29,1.399999976158142,1.524999976158142,1.399999976158142,1.475000023841858,1.1466363668441772,113500
2000-03-01,1.5,1.5,1.4249999523162842,1.4249999523162842,1.1077667474746704,37000
2000-03-02,1.475000023841858,1.475000023841858,1.475000023841858,1.475000023841858,1.1466363668441772,8000
2000-03-03,1.475000023841858,1.475000023841858,1.475000023841858,1.475000023841858,1.1466363668441772,500
2000-03-06,1.475000023841858,1.475000023841858,1.475000023841858,1.475000023841858,1.1466363668441772,0
2000-03-07,1.4500000476837158,1.4500000476837158,1.399999976158142,1.4249999523162842,1.1077667474746704,10500
2000-03-08,1.4249999523162842,1.4249999523162842,1.4249999523162842,1.4249999523162842,1.1077667474746704,0
2000-03-09,1.412500023841858,1.412500023841858,1.399999976158142,1.399999976158142,1.0883327722549438,12000
2000-03-10,1.399999976158142,1.4249999523162842,1.399999976158142,1.4249999523162842,1.1077667474746704,8000
2000-03-13,1.4249999523162842,1.4249999523162842,1.4249999523162842,1.4249999523162842,1.1077667474746704,35500
2000-03-14,1.375,1.4500000476837158,1.375,1.4500000476837158,1.1272016763687134,32500
2000-03-15,1.4500000476837158,1.4500000476837158,1.4500000476837158,1.4500000476837158,1.1272016763687134,0
2000-03-16,1.4500000476837158,1.475000023841858,1.4500000476837158,1.4500000476837158,1.1272016763687134,30000
2000-03-17,1.4500000476837158,1.5,1.4249999523162842,1.475000023841858,1.1466363668441772,32000
2000-03-20,1.475000023841858,1.475000023841858,1.399999976158142,1.399999976158142,1.0883327722549438,40500
2000-03-21,1.399999976158142,1.399999976158142,1.399999976158142,1.399999976158142,1.0883327722549438,0
2000-03-22,1.4500000476837158,1.4500000476837158,1.4249999523162842,1.4249999523162842,1.1077667474746704,20000
2000-03-23,1.4500000476837158,1.475000023841858,1.4500000476837158,1.475000023841858,1.1466363668441772,20000
2000-03-24,1.4500000476837158,1.4874999523162842,1.350000023841858,1.4249999523162842,1.1077667474746704,84500
2000-03-27,1.399999976158142,1.399999976158142,1.3250000476837158,1.350000023841858,1.049463152885437,68000
2000-03-28,1.350000023841858,1.375,1.3250000476837158,1.375,1.0688976049423218,210000
2000-03-29,1.375,1.375,1.375,1.375,1.0688976049423218,14000
2000-03-30,1.399999976158142,1.399999976158142,1.375,1.375,1.0688976049423218,20000
2000-03-31,1.375,1.4249999523162842,1.375,1.399999976158142,1.0883327722549438,69000
2000-04-03,1.4249999523162842,1.5,1.4249999523162842,1.475000023841858,1.1466363668441772,73500
2000-04-04,1.4500000476837158,1.475000023841858,1.4500000476837158,1.4500000476837158,1.1272016763687134,29000
2000-04-05,1.4500000476837158,1.4500000476837158,1.4249999523162842,1.4249999523162842,1.1077667474746704,32500
2000-04-06,1.412500023841858,1.4375,1.412500023841858,1.412500023841858,1.0980502367019653,26000
2000-04-07,1.4500000476837158,1.5,1.4249999523162842,1.4500000476837158,1.1272016763687134,33000
2000-04-10,1.5,1.524999976158142,1.4874999523162842,1.524999976158142,1.1855049133300781,49500
2000-04-11,1.5499999523162842,1.5499999523162842,1.5,1.524999976158142,1.1855049133300781,10000
2000-04-12,1.5499999523162842,1.5750000476837158,1.524999976158142,1.537500023841858,1.195222020149231,9500
2000-04-13,1.600000023841858,1.625,1.5750000476837158,1.625,1.263243317604065,19500
2000-04-14,1.5750000476837158,1.5750000476837158,1.5499999523162842,1.5499999523162842,1.2049399614334106,11500
2000-04-17,1.524999976158142,1.524999976158142,1.4249999523162842,1.4249999523162842,1.1077667474746704,11500
2000-04-18,1.5,1.524999976158142,1.5,1.524999976158142,1.1855049133300781,4500
2000-04-19,1.5499999523162842,1.5750000476837158,1.524999976158142,1.524999976158142,1.1855049133300781,9000
2000-04-20,1.524999976158142,1.524999976158142,1.524999976158142,1.524999976158142,1.1855049133300781,0
2000-04-24,1.5,1.524999976158142,1.475000023841858,1.524999976158142,1.1855049133300781,10000
2000-04-25,1.5499999523162842,1.5750000476837158,1.5499999523162842,1.5750000476837158,1.2243740558624268,3500
2000-04-26,1.625,1.625,1.5499999523162842,1.5499999523162842,1.2049399614334106,16000
2000-04-27,1.4500000476837158,1.4500000476837158,1.4500000476837158,1.4500000476837158,1.1272016763687134,15500
2000-04-28,1.4500000476837158,1.4500000476837158,1.4500000476837158,1.4500000476837158,1.1272016763687134,0
2000-05-01,1.4500000476837158,1.4500000476837158,1.4500000476837158,1.4500000476837158,1.1272016763687134,0
2000-05-02,1.5,1.5,1.5,1.5,1.1660709381103516,7500
2000-05-03,1.5499999523162842,1.5499999523162842,1.475000023841858,1.5499999523162842,1.2049399614334106,5500
2000-05-04,1.5750000476837158,1.5750000476837158,1.5,1.524999976158142,1.1855049133300781,16000
2000-05-05,1.524999976158142,1.524999976158142,1.524999976158142,1.524999976158142,1.1855049133300781,0
2000-05-08,1.524999976158142,1.524999976158142,1.524999976158142,1.524999976158142,1.1855049133300781,0
2000-05-09,1.5,1.524999976158142,1.5,1.524999976158142,1.1855049133300781,1500
2000-05-10,1.524999976158142,1.5625,1.524999976158142,1.5625,1.2146573066711426,10000
2000-05-11,1.5750000476837158,1.625,1.5750000476837158,1.5750000476837158,1.2243740558624268,15000
2000-05-12,1.600000023841858,1.649999976158142,1.600000023841858,1.600000023841858,1.2438091039657593,28000
2000-05-15,1.625,1.625,1.625,1.625,1.263243317604065,1500
2000-05-16,1.625,1.625,1.625,1.625,1.263243317604065,1000
2000-05-17,1.5750000476837158,1.5750000476837158,1.5750000476837158,1.5750000476837158,1.2243740558624268,5000
2000-05-18,1.625,1.725000023841858,1.625,1.712499976158142,1.3312642574310303,30000
2000-05-19,1.6749999523162842,1.6749999523162842,1.625,1.6749999523162842,1.3021116256713867,33500
2000-05-22,1.7000000476837158,1.7000000476837158,1.600000023841858,1.649999976158142,1.2826778888702393,31500
2000-05-23,1.649999976158142,1.649999976158142,1.649999976158142,1.649999976158142,1.2826778888702393,0
2000-05-24,1.625,1.625,1.5750000476837158,1.600000023841858,1.2438091039657593,11000
2000-05-25,1.600000023841858,1.600000023841858,1.600000023841858,1.600000023841858,1.2438091039657593,0
2000-05-26,1.5499999523162842,1.5499999523162842,1.524999976158142,1.5499999523162842,1.2049399614334106,1500
2000-05-30,1.524999976158142,1.5499999523162842,1.524999976158142,1.5499999523162842,1.2049399614334106,9500
2000-05-31,1.524999976158142,1.524999976158142,1.524999976158142,1.524999976158142,1.1855049133300781,2000
2000-06-01,1.524999976158142,1.524999976158142,1.524999976158142,1.524999976158142,1.1855049133300781,0
2000-06-02,1.5750000476837158,1.600000023841858,1.5625,1.5625,1.2146573066711426,15500
2000-06-05,1.600000023841858,1.600000023841858,1.524999976158142,1.524999976158142,1.1855049133300781,15000
2000-06-06,1.524999976158142,1.524999976158142,1.524999976158142,1.524999976158142,1.1855049133300781,0
2000-06-07,1.524999976158142,1.5499999523162842,1.524999976158142,1.5499999523162842,1.2049399614334106,11000
2000-06-08,1.5750000476837158,1.5750000476837158,1.5750000476837158,1.5750000476837158,1.2243740558624268,1000
2000-06-09,1.5750000476837158,1.5750000476837158,1.5750000476837158,1.5750000476837158,1.2243740558624268,4500
2000-06-12,1.5750000476837158,1.5750000476837158,1.5750000476837158,1.5750000476837158,1.2243740558624268,0
2000-06-13,1.5750000476837158,1.5750000476837158,1.5750000476837158,1.5750000476837158,1.2243740558624268,0
2000-06-14,1.587499976158142,1.600000023841858,1.587499976158142,1.600000023841858,1.2438091039657593,5500
2000-06-15,1.600000023841858,1.600000023841858,1.600000023841858,1.600000023841858,1.2438091039657593,0
2000-06-16,1.600000023841858,1.600000023841858,1.600000023841858,1.600000023841858,1.2438091039657593,0
2000-06-19,1.600000023841858,1.600000023841858,1.600000023841858,1.600000023841858,1.2438091039657593,0
2000-06-20,1.600000023841858,1.600000023841858,1.600000023841858,1.600000023841858,1.2438091039657593,0
2000-06-21,1.600000023841858,1.600000023841858,1.600000023841858,1.600000023841858,1.2438091039657593,0
2000-06-22,1.600000023841858,1.600000023841858,1.600000023841858,1.600000023841858,1.2438091039657593,0
2000-06-23,1.5499999523162842,1.5499999523162842,1.5499999523162842,1.5499999523162842,1.2049399614334106,1500
2000-06-26,1.5499999523162842,1.5499999523162842,1.5499999523162842,1.5499999523162842,1.2049399614334106,0
2000-06-27,1.5750000476837158,1.5750000476837158,1.524999976158142,1.524999976158142,1.1855049133300781,15000
2000-06-28,1.524999976158142,1.524999976158142,1.524999976158142,1.524999976158142,1.1855049133300781,0
2000-06-29,1.524999976158142,1.5499999523162842,1.5,1.5,1.1660709381103516,8000
2000-06-30,1.5,1.524999976158142,1.5,1.524999976158142,1.1855049133300781,50500
2000-07-03,1.524999976158142,1.524999976158142,1.524999976158142,1.524999976158142,1.1855049133300781,2000
2000-07-05,1.524999976158142,1.524999976158142,1.5,1.524999976158142,1.1855049133300781,13000
2000-07-06,1.524999976158142,1.524999976158142,1.524999976158142,1.524999976158142,1.1855049133300781,0
2000-07-07,1.524999976158142,1.524999976158142,1.524999976158142,1.524999976158142,1.1855049133300781,3500
2000-07-10,1.475000023841858,1.475000023841858,1.475000023841858,1.475000023841858,1.1466363668441772,7500
2000-07-11,1.475000023841858,1.5499999523162842,1.475000023841858,1.5499999523162842,1.2049399614334106,25000
2000-07-12,1.5750000476837158,1.587499976158142,1.5499999523162842,1.5499999523162842,1.2049399614334106,22500
2000-07-13,1.5750000476837158,1.649999976158142,1.5750000476837158,1.600000023841858,1.2438091039657593,127500
2000-07-14,1.600000023841858,1.625,1.600000023841858,1.625,1.263243317604065,18500
2000-07-17,1.600000023841858,1.649999976158142,1.600000023841858,1.649999976158142,1.2826778888702393,21000
2000-07-18,1.649999976158142,1.649999976158142,1.649999976158142,1.649999976158142,1.2826778888702393,7000
2000-07-19,1.649999976158142,1.649999976158142,1.649999976158142,1.649999976158142,1.2826778888702393,0
2000-07-20,1.600000023841858,1.600000023841858,1.524999976158142,1.524999976158142,1.1855049133300781,9000
2000-07-21,1.524999976158142,1.524999976158142,1.524999976158142,1.524999976158142,1.1855049133300781,0
2000-07-24,1.5750000476837158,1.600000023841858,1.524999976158142,1.5499999523162842,1.2049399614334106,5000
2000-07-25,1.600000023841858,1.600000023841858,1.524999976158142,1.600000023841858,1.2438091039657593,4500
2000-07-26,1.5499999523162842,1.5499999523162842,1.5499999523162842,1.5499999523162842,1.2049399614334106,2500
2000-07-27,1.5499999523162842,1.5499999523162842,1.5499999523162842,1.5499999523162842,1.2049399614334106,10000
2000-07-28,1.524999976158142,1.537500023841858,1.524999976158142,1.537500023841858,1.195222020149231,15000
2000-07-31,1.5750000476837158,1.5750000476837158,1.5750000476837158,1.5750000476837158,1.2243740558624268,2500
2000-08-01,1.5750000476837158,1.5750000476837158,1.5750000476837158,1.5750000476837158,1.2243740558624268,0
2000-08-02,1.600000023841858,1.600000023841858,1.5750000476837158,1.5750000476837158,1.2243740558624268,7500
2000-08-03,1.524999976158142,1.5499999523162842,1.5,1.5499999523162842,1.2049399614334106,159000
2000-08-04,1.5499999523162842,1.5499999523162842,1.5499999523162842,1.5499999523162842,1.2049399614334106,0
2000-08-07,1.5750000476837158,1.5750000476837158,1.5750000476837158,1.5750000476837158,1.2243740558624268,9500
2000-08-08,1.524999976158142,1.5750000476837158,1.524999976158142,1.5750000476837158,1.2243740558624268,9000
2000-08-09,1.5750000476837158,1.5750000476837158,1.5750000476837158,1.5750000476837158,1.2243740558624268,0
2000-08-10,1.5625,1.5625,1.524999976158142,1.524999976158142,1.1855049133300781,72500
2000-08-11,1.524999976158142,1.524999976158142,1.524999976158142,1.524999976158142,1.1855049133300781,0
2000-08-14,1.5,1.5499999523162842,1.5,1.5499999523162842,1.2049399614334106,35500
2000-08-15,1.5499999523162842,1.5499999523162842,1.5499999523162842,1.5499999523162842,1.2049399614334106,1500
2000-08-16,1.5499999523162842,1.625,1.5499999523162842,1.600000023841858,1.2438091039657593,15000
2000-08-17,1.6375000476837158,1.7000000476837158,1.6375000476837158,1.6749999523162842,1.3021116256713867,35000
2000-08-18,1.7000000476837158,1.9249999523162842,1.7000000476837158,1.850000023841858,1.4381535053253174,129500
2000-08-21,1.899999976158142,2.075000047683716,1.899999976158142,2.0,1.554760456085205,99500
2000-08-22,2.049999952316284,2.174999952316284,2.0250000953674316,2.1500000953674316,1.6713676452636719,96000
2000-08-23,2.0999999046325684,2.25,2.0875000953674316,2.1500000953674316,1.6713676452636719,132500
2000-08-24,2.125,2.200000047683716,2.075000047683716,2.174999952316284,1.6908025741577148,72500
2000-08-25,2.174999952316284,2.450000047683716,2.1500000953674316,2.3499999046325684,1.826844573020935,183000
2000-08-28,2.3499999046325684,2.5,2.3375000953674316,2.450000047683716,1.9045817852020264,137000
2000-08-29,2.5,2.549999952316284,2.450000047683716,2.450000047683716,1.9045817852020264,82500
2000-08-30,2.5,2.5,2.5,2.5,1.9434510469436646,85500
2000-08-31,2.5,2.5,2.3499999046325684,2.3499999046325684,1.826844573020935,51500
2000-09-01,2.4000000953674316,2.4000000953674316,2.3499999046325684,2.3499999046325684,1.826844573020935,25500
2000-09-05,2.3499999046325684,2.375,2.325000047683716,2.375,1.8462779521942139,15500
2000-09-06,2.4000000953674316,2.4000000953674316,2.325000047683716,2.3499999046325684,1.826844573020935,53500
2000-09-07,2.299999952316284,2.299999952316284,2.299999952316284,2.299999952316284,1.78797447681427,5000
2000-09-08,2.25,2.299999952316284,2.25,2.25,1.7491058111190796,26500
2000-09-11,2.200000047683716,2.200000047683716,2.049999952316284,2.137500047683716,1.661650538444519,50000
2000-09-12,2.1500000953674316,2.2750000953674316,2.0999999046325684,2.2750000953674316,1.768539547920227,76500
2000-09-13,2.200000047683716,2.299999952316284,2.1500000953674316,2.299999952316284,1.78797447681427,56000
2000-09-14,2.25,2.375,2.25,2.375,1.8462779521942139,17000
2000-09-15,2.3125,2.5250000953674316,2.3125,2.5250000953674316,1.9628857374191284,101500
2000-09-18,2.549999952316284,2.575000047683716,2.4000000953674316,2.4000000953674316,1.8657134771347046,43500
2000-09-19,2.4000000953674316,2.450000047683716,2.375,2.450000047683716,1.9045817852020264,22000
2000-09-20,2.375,2.4749999046325684,2.3375000953674316,2.4749999046325684,1.9240162372589111,69500
2000-09-21,2.424999952316284,2.5875000953674316,2.424999952316284,2.5,1.9434510469436646,42500
2000-09-22,2.4749999046325684,2.4749999046325684,2.450000047683716,2.450000047683716,1.9045817852020264,10000
2000-09-25,2.4000000953674316,2.5,2.4000000953674316,2.4000000953674316,1.8657134771347046,15500
2000-09-26,2.4000000953674316,2.4000000953674316,2.4000000953674316,2.4000000953674316,1.8657134771347046,13000
2000-09-27,2.375,2.4000000953674316,2.3499999046325684,2.4000000953674316,1.8657134771347046,11500
2000-09-28,2.424999952316284,2.424999952316284,2.299999952316284,2.3499999046325684,1.826844573020935,16500
2000-09-29,2.2750000953674316,2.375,2.25,2.375,1.8462779521942139,47500
2000-10-02,2.325000047683716,2.325000047683716,2.325000047683716,2.325000047683716,1.8074092864990234,15000
2000-10-03,2.299999952316284,2.3499999046325684,2.2249999046325684,2.3499999046325684,1.826844573020935,56500
2000-10-04,2.3125,2.4000000953674316,2.3125,2.4000000953674316,1.8657134771347046,11500
2000-10-05,2.4000000953674316,2.424999952316284,2.3499999046325684,2.3499999046325684,1.826844573020935,25500
2000-10-06,2.25,2.25,2.2249999046325684,2.25,1.7491058111190796,17500
2000-10-09,2.200000047683716,2.200000047683716,2.200000047683716,2.200000047683716,1.7102371454238892,1000
2000-10-10,2.25,2.2750000953674316,2.200000047683716,2.200000047683716,1.7102371454238892,20000
2000-10-11,2.174999952316284,2.2249999046325684,2.1500000953674316,2.2249999046325684,1.729671835899353,18000
2000-10-12,2.125,2.125,2.0999999046325684,2.0999999046325684,1.6324985027313232,14000
2000-10-13,1.975000023841858,2.2249999046325684,1.975000023841858,2.2249999046325684,1.729671835899353,126000
2000-10-16,2.2750000953674316,2.325000047683716,2.25,2.25,1.7491058111190796,34500
2000-10-17,2.2249999046325684,2.2750000953674316,2.2249999046325684,2.2750000953674316,1.768539547920227,2000
2000-10-18,2.2249999046325684,2.25,2.1500000953674316,2.25,1.7491058111190796,36000
2000-10-19,2.2750000953674316,2.299999952316284,2.25,2.299999952316284,1.78797447681427,3000
2000-10-20,2.299999952316284,2.299999952316284,2.299999952316284,2.299999952316284,1.78797447681427,0
2000-10-23,2.3499999046325684,2.424999952316284,2.3499999046325684,2.424999952316284,1.885147213935852,20500
2000-10-24,2.4749999046325684,2.4749999046325684,2.299999952316284,2.325000047683716,1.8074092864990234,32000
2000-10-25,2.200000047683716,2.200000047683716,2.075000047683716,2.200000047683716,1.7102371454238892,83000
2000-10-26,2.1500000953674316,2.3499999046325684,2.0999999046325684,2.3499999046325684,1.826844573020935,21500
2000-10-27,2.2249999046325684,2.299999952316284,2.2249999046325684,2.299999952316284,1.78797447681427,11500
2000-10-30,2.3125,2.3125,2.2249999046325684,2.25,1.7491058111190796,30000
2000-10-31,2.25,2.25,2.25,2.25,1.7491058111190796,0
2000-11-01,2.174999952316284,2.174999952316284,2.0999999046325684,2.174999952316284,1.6908025741577148,35000
2000-11-02,2.125,2.200000047683716,2.0999999046325684,2.200000047683716,1.7102371454238892,22000
2000-11-03,2.200000047683716,2.200000047683716,2.200000047683716,2.200000047683716,1.7102371454238892,0
2000-11-06,2.200000047683716,2.200000047683716,2.1500000953674316,2.1500000953674316,1.6713676452636719,9000
2000-11-07,2.1500000953674316,2.1500000953674316,2.1500000953674316,2.1500000953674316,1.6713676452636719,6000
2000-11-08,2.1500000953674316,2.1500000953674316,2.1500000953674316,2.1500000953674316,1.6713676452636719,9000
2000-11-09,2.174999952316284,2.174999952316284,2.1500000953674316,2.1500000953674316,1.6713676452636719,20000
2000-11-10,2.0999999046325684,2.0999999046325684,2.0999999046325684,2.0999999046325684,1.6324985027313232,8000
2000-11-13,2.049999952316284,2.075000047683716,2.0,2.075000047683716,1.6130645275115967,42500
2000-11-14,2.0250000953674316,2.125,2.0250000953674316,2.125,1.6519337892532349,17000
2000-11-15,2.125,2.125,2.125,2.125,1.6519337892532349,0
2000-11-16,2.0999999046325684,2.0999999046325684,2.0250000953674316,2.0250000953674316,1.5741952657699585,22500
2000-11-17,2.075000047683716,2.075000047683716,2.075000047683716,2.075000047683716,1.6130645275115967,5000
2000-11-20,2.0250000953674316,2.0250000953674316,2.0250000953674316,2.0250000953674316,1.5741952657699585,2500
2000-11-21,2.0,2.0,1.9500000476837158,1.975000023841858,1.5353260040283203,6500
2000-11-22,1.975000023841858,2.0,1.9500000476837158,1.9500000476837158,1.5158915519714355,16000
2000-11-24,1.9249999523162842,1.9249999523162842,1.9249999523162842,1.9249999523162842,1.4964572191238403,1000
2000-11-27,1.9249999523162842,2.0250000953674316,1.9249999523162842,2.0250000953674316,1.5741952657699585,34000
2000-11-28,1.975000023841858,2.0250000953674316,1.9249999523162842,1.9249999523162842,1.4964572191238403,52500
2000-11-29,1.9500000476837158,1.975000023841858,1.899999976158142,1.899999976158142,1.4770228862762451,41000
2000-11-30,1.899999976158142,1.9500000476837158,1.7999999523162842,1.9500000476837158,1.5158915519714355,161000
2000-12-01,1.9500000476837158,1.9500000476837158,1.9500000476837158,1.9500000476837158,1.5158915519714355,0
2000-12-04,1.975000023841858,2.049999952316284,1.975000023841858,2.049999952316284,1.593630075454712,7500
2000-12-05,2.075000047683716,2.0999999046325684,2.049999952316284,2.0999999046325684,1.6324985027313232,20000
2000-12-06,2.0999999046325684,2.0999999046325684,2.0999999046325684,2.0999999046325684,1.6324985027313232,0
2000-12-07,2.049999952316284,2.049999952316284,2.049999952316284,2.049999952316284,1.593630075454712,2500
2000-12-08,2.049999952316284,2.049999952316284,2.049999952316284,2.049999952316284,1.593630075454712,0
2000-12-11,2.0250000953674316,2.125,2.0250000953674316,2.125,1.6519337892532349,8000
2000-12-12,2.1500000953674316,2.1500000953674316,2.1500000953674316,2.1500000953674316,1.6713676452636719,500
2000-12-13,2.125,2.125,2.125,2.125,1.6519337892532349,500
2000-12-14,2.125,2.125,2.125,2.125,1.6519337892532349,0
2000-12-15,2.075000047683716,2.075000047683716,2.075000047683716,2.075000047683716,1.6130645275115967,3000
2000-12-18,2.0250000953674316,2.0250000953674316,1.975000023841858,2.0250000953674316,1.5741952657699585,8000
2000-12-19,2.0250000953674316,2.0250000953674316,2.0250000953674316,2.0250000953674316,1.5741952657699585,0
2000-12-20,1.975000023841858,1.975000023841858,1.9500000476837158,1.9500000476837158,1.5158915519714355,28000
2000-12-21,1.9249999523162842,2.0,1.9249999523162842,1.9249999523162842,1.4964572191238403,12500
2000-12-22,2.0250000953674316,2.075000047683716,2.0250000953674316,2.075000047683716,1.6130645275115967,9000
2000-12-26,2.049999952316284,2.049999952316284,2.049999952316284,2.049999952316284,1.593630075454712,500
2000-12-27,2.049999952316284,2.049999952316284,2.049999952316284,2.049999952316284,1.593630075454712,0
2000-12-28,2.0,2.1500000953674316,2.0,2.1500000953674316,1.6713676452636719,11000
2000-12-29,2.0999999046325684,2.0999999046325684,2.0250000953674316,2.0250000953674316,1.5741952657699585,6500
2001-01-02,2.049999952316284,2.0999999046325684,1.975000023841858,1.975000023841858,1.5353260040283203,14000
2001-01-03,1.9500000476837158,2.0250000953674316,1.9500000476837158,1.975000023841858,1.5353260040283203,22500
2001-01-04,2.0250000953674316,2.049999952316284,2.0250000953674316,2.049999952316284,1.593630075454712,5000
2001-01-05,2.0,2.0999999046325684,2.0,2.0999999046325684,1.6324985027313232,17000
2001-01-08,2.075000047683716,2.075000047683716,2.075000047683716,2.075000047683716,1.6130645275115967,10000
2001-01-09,2.125,2.125,2.049999952316284,2.0999999046325684,1.6324985027313232,13500
2001-01-10,2.0999999046325684,2.0999999046325684,2.049999952316284,2.049999952316284,1.593630075454712,6000
2001-01-11,2.0999999046325684,2.0999999046325684,2.0250000953674316,2.0999999046325684,1.6324985027313232,13500
2001-01-12,2.0999999046325684,2.125,2.0999999046325684,2.125,1.6519337892532349,9500
2001-01-16,2.125,2.125,2.125,2.125,1.6519337892532349,11000
2001-01-17,2.075000047683716,2.1500000953674316,2.0250000953674316,2.1500000953674316,1.6713676452636719,27500
2001-01-18,2.0999999046325684,2.0999999046325684,2.0250000953674316,2.075000047683716,1.6130645275115967,36500
2001-01-19,2.0250000953674316,2.0250000953674316,2.0250000953674316,2.0250000953674316,1.5741952657699585,5000
2001-01-22,2.0250000953674316,2.0250000953674316,2.0250000953674316,2.0250000953674316,1.5741952657699585,0
2001-01-23,2.075000047683716,2.075000047683716,2.075000047683716,2.075000047683716,1.6130645275115967,2500
2001-01-24,2.0250000953674316,2.0250000953674316,1.975000023841858,1.975000023841858,1.5353260040283203,8500
2001-01-25,1.9500000476837158,2.0,1.9500000476837158,2.0,1.554760456085205,18000
2001-01-26,2.0,2.0,2.0,2.0,1.554760456085205,0
2001-01-29,2.0,2.0,2.0,2.0,1.554760456085205,5000
2001-01-30,2.0,2.0,2.0,2.0,1.554760456085205,3500
2001-01-31,1.899999976158142,1.899999976158142,1.8739999532699585,1.8739999532699585,1.4568109512329102,161500
2001-02-01,1.8580000400543213,1.8580000400543213,1.7999999523162842,1.840000033378601,1.4303795099258423,13000
2001-02-02,1.8799999952316284,1.8799999952316284,1.8739999532699585,1.8739999532699585,1.4568109512329102,9000
2001-02-05,1.850000023841858,1.850000023841858,1.649999976158142,1.7760000228881836,1.3806276321411133,60000
2001-02-06,1.7999999523162842,1.850000023841858,1.7999999523162842,1.850000023841858,1.4381535053253174,6000
2001-02-07,1.899999976158142,1.899999976158142,1.850000023841858,1.899999976158142,1.4770228862762451,6000
2001-02-08,1.8600000143051147,1.8600000143051147,1.7599999904632568,1.7999999523162842,1.399284839630127,20000
2001-02-09,1.7999999523162842,1.7999999523162842,1.7999999523162842,1.7999999523162842,1.399284839630127,0
2001-02-12,1.7999999523162842,1.7999999523162842,1.7999999523162842,1.7999999523162842,1.399284839630127,0
2001-02-13,1.7999999523162842,1.850000023841858,1.7999999523162842,1.850000023841858,1.4381535053253174,11000
2001-02-14,1.850000023841858,1.850000023841858,1.850000023841858,1.850000023841858,1.4381535053253174,0
2001-02-15,1.8899999856948853,1.9500000476837158,1.8600000143051147,1.8600000143051147,1.4459282159805298,13500
2001-02-16,1.8200000524520874,1.8200000524520874,1.8200000524520874,1.8200000524520874,1.414832592010498,2000
2001-02-20,1.8200000524520874,1.8200000524520874,1.8200000524520874,1.8200000524520874,1.414832592010498,0
2001-02-21,1.8200000524520874,1.8200000524520874,1.8200000524520874,1.8200000524520874,1.414832592010498,0
2001-02-22,1.8200000524520874,1.8200000524520874,1.8200000524520874,1.8200000524520874,1.414832592010498,0
2001-02-23,1.8200000524520874,1.8200000524520874,1.809999942779541,1.809999942779541,1.4070589542388916,27500
2001-02-26,1.8200000524520874,1.8200000524520874,1.7999999523162842,1.7999999523162842,1.399284839630127,9500
2001-02-27,1.7999999523162842,1.7999999523162842,1.7999999523162842,1.7999999523162842,1.399284839630127,0
2001-02-28,1.840000033378601,1.840000033378601,1.7599999904632568,1.7999999523162842,1.399284839630127,9500
2001-03-01,1.7999999523162842,1.7999999523162842,1.7999999523162842,1.7999999523162842,1.399284839630127,0
2001-03-02,1.7699999809265137,1.7699999809265137,1.7699999809265137,1.7699999809265137,1.3759632110595703,2500
2001-03-05,1.7699999809265137,1.7699999809265137,1.7699999809265137,1.7699999809265137,1.3759632110595703,0
2001-03-06,1.7400000095367432,1.8200000524520874,1.7400000095367432,1.7699999809265137,1.3759632110595703,11500
2001-03-07,1.7999999523162842,1.840000033378601,1.7999999523162842,1.840000033378601,1.4303795099258423,2000
2001-03-08,1.840000033378601,1.840000033378601,1.840000033378601,1.840000033378601,1.4303795099258423,0
2001-03-09,1.8799999952316284,1.909999966621399,1.8799999952316284,1.909999966621399,1.4847968816757202,7500
2001-03-12,1.899999976158142,1.899999976158142,1.840000033378601,1.8600000143051147,1.4459282159805298,3000
2001-03-13,1.8200000524520874,1.8899999856948853,1.8200000524520874,1.8200000524520874,1.414832592010498,11500
2001-03-14,1.8200000524520874,1.8200000524520874,1.8200000524520874,1.8200000524520874,1.414832592010498,0
2001-03-15,1.7999999523162842,1.7999999523162842,1.7999999523162842,1.7999999523162842,1.399284839630127,1500
2001-03-16,1.7799999713897705,1.7799999713897705,1.7200000286102295,1.7200000286102295,1.337094783782959,11500
2001-03-19,1.7200000286102295,1.7200000286102295,1.7200000286102295,1.7200000286102295,1.337094783782959,1000
2001-03-20,1.7000000476837158,1.7200000286102295,1.7000000476837158,1.7000000476837158,1.3215465545654297,34500
2001-03-21,1.7000000476837158,1.7200000286102295,1.7000000476837158,1.7200000286102295,1.337094783782959,10000
2001-03-22,1.7200000286102295,1.7200000286102295,1.7200000286102295,1.7200000286102295,1.337094783782959,0
2001-03-23,1.7000000476837158,1.7200000286102295,1.7000000476837158,1.715999960899353,1.3339848518371582,23000
2001-03-26,1.7599999904632568,1.7599999904632568,1.7200000286102295,1.7200000286102295,1.337094783782959,11500
2001-03-27,1.7200000286102295,1.75,1.7200000286102295,1.7200000286102295,1.337094783782959,10500
2001-03-28,1.7000000476837158,1.7000000476837158,1.6799999475479126,1.6799999475479126,1.3059990406036377,9500
2001-03-29,1.7000000476837158,1.746000051498413,1.7000000476837158,1.746000051498413,1.3573063611984253,14000
2001-03-30,1.7799999713897705,1.7899999618530273,1.7799999713897705,1.7899999618530273,1.3915104866027832,6000
2001-04-02,1.75,1.7899999618530273,1.75,1.7899999618530273,1.3915104866027832,2500
2001-04-03,1.75,1.75,1.7000000476837158,1.7000000476837158,1.3215465545654297,11000
2001-04-04,1.7400000095367432,1.7400000095367432,1.7400000095367432,1.7400000095367432,1.3526420593261719,1000
2001-04-05,1.7400000095367432,1.7400000095367432,1.7400000095367432,1.7400000095367432,1.3526420593261719,0
2001-04-06,1.7000000476837158,1.777999997138977,1.559999942779541,1.5800000429153442,1.2282613515853882,86500
2001-04-09,1.5800000429153442,1.6200000047683716,1.5800000429153442,1.6200000047683716,1.2593563795089722,5000
2001-04-10,1.649999976158142,1.6979999542236328,1.649999976158142,1.6979999542236328,1.3199915885925293,10500
2001-04-11,1.7239999771118164,1.7400000095367432,1.7000000476837158,1.7200000286102295,1.337094783782959,7000
2001-04-12,1.7200000286102295,1.7200000286102295,1.7200000286102295,1.7200000286102295,1.337094783782959,0
2001-04-16,1.7000000476837158,1.7000000476837158,1.7000000476837158,1.7000000476837158,1.3215465545654297,500
2001-04-17,1.7000000476837158,1.7000000476837158,1.7000000476837158,1.7000000476837158,1.3215465545654297,0
2001-04-18,1.7239999771118164,1.7239999771118164,1.7239999771118164,1.7239999771118164,1.3402042388916016,9000
2001-04-19,1.7599999904632568,1.7599999904632568,1.7599999904632568,1.7599999904632568,1.3681892156600952,1000
2001-04-20,1.7899999618530273,1.7899999618530273,1.7899999618530273,1.7899999618530273,1.3915104866027832,5000
2001-04-23,1.7899999618530273,1.7899999618530273,1.7899999618530273,1.7899999618530273,1.3915104866027832,1000
2001-04-24,1.7999999523162842,1.8600000143051147,1.7799999713897705,1.8200000524520874,1.414832592010498,68000
2001-04-25,1.7999999523162842,1.850000023841858,1.7999999523162842,1.840000033378601,1.4303795099258423,8000
2001-04-26,1.8600000143051147,1.8600000143051147,1.8600000143051147,1.8600000143051147,1.4459282159805298,2500
2001-04-27,1.8799999952316284,1.8799999952316284,1.8799999952316284,1.8799999952316284,1.4614747762680054,2500
2001-04-30,1.8799999952316284,1.909999966621399,1.8799999952316284,1.909999966621399,1.4847968816757202,34000
2001-05-01,1.9299999475479126,1.940000057220459,1.909999966621399,1.940000057220459,1.5081180334091187,15000
2001-05-02,1.9700000286102295,1.9700000286102295,1.9700000286102295,1.9700000286102295,1.5314388275146484,1000
2001-05-03,1.9900000095367432,1.9980000257492065,1.9900000095367432,1.9980000257492065,1.5532060861587524,12500
2001-05-04,2.0,2.0179998874664307,1.9900000095367432,2.009999990463257,1.5625343322753906,11000
2001-05-07,1.9900000095367432,2.01200008392334,1.9900000095367432,2.01200008392334,1.5640896558761597,5500
2001-05-08,2.0199999809265137,2.0199999809265137,2.0,2.0199999809265137,1.5703076124191284,7500
2001-05-09,2.0280001163482666,2.0280001163482666,2.0280001163482666,2.0280001163482666,1.5765280723571777,11500
2001-05-10,2.0299999713897705,2.0399999618530273,2.0280001163482666,2.0399999618530273,1.5858558416366577,10000
2001-05-11,2.0399999618530273,2.0399999618530273,2.0399999618530273,2.0399999618530273,1.5858558416366577,1500
2001-05-14,2.055999994277954,2.059999942779541,2.0399999618530273,2.059999942779541,1.601403832435608,2000
2001-05-15,2.0799999237060547,2.0999999046325684,2.0799999237060547,2.0999999046325684,1.6324985027313232,4000
2001-05-16,2.059999942779541,2.059999942779541,2.059999942779541,2.059999942779541,1.601403832435608,1500
2001-05-17,2.0999999046325684,2.0999999046325684,2.0999999046325684,2.0999999046325684,1.6324985027313232,2500
2001-05-18,2.1059999465942383,2.1600000858306885,2.0999999046325684,2.1600000858306885,1.6791419982910156,37500
2001-05-21,2.190000057220459,2.25,2.1500000953674316,2.2239999771118164,1.7288942337036133,86000
2001-05-22,2.2239999771118164,2.240000009536743,2.200000047683716,2.240000009536743,1.741331934928894,92000
2001-05-23,2.240000009536743,2.25,2.2200000286102295,2.25,1.7491058111190796,17000
2001-05-24,2.25,2.430000066757202,2.25,2.430000066757202,1.8890349864959717,123000
2001-05-25,2.4800000190734863,2.4800000190734863,2.359999895095825,2.4200000762939453,1.8812609910964966,31000
2001-05-29,2.4200000762939453,2.4600000381469727,2.4200000762939453,2.4600000381469727,1.9123561382293701,26500
2001-05-30,2.4600000381469727,2.5199999809265137,2.4000000953674316,2.440000057220459,1.8968086242675781,44500
2001-05-31,2.4800000190734863,2.4800000190734863,2.4000000953674316,2.4600000381469727,1.9123561382293701,35500
2001-06-01,2.4600000381469727,2.4600000381469727,2.4000000953674316,2.450000047683716,1.9045817852020264,52000
2001-06-04,2.4700000286102295,2.4800000190734863,2.365999937057495,2.4200000762939453,1.8812609910964966,75000
2001-06-05,2.4100000858306885,2.450000047683716,2.4000000953674316,2.450000047683716,1.9045817852020264,25000
2001-06-06,2.4200000762939453,2.440000057220459,2.4000000953674316,2.4000000953674316,1.8657134771347046,24500
2001-06-07,2.440000057220459,2.4600000381469727,2.4000000953674316,2.430000066757202,1.8890349864959717,36500
2001-06-08,2.4560000896453857,2.4560000896453857,2.4560000896453857,2.4560000896453857,1.9092463254928589,4000
2001-06-11,2.4560000896453857,2.5360000133514404,2.450000047683716,2.450000047683716,1.9045817852020264,22000
2001-06-12,2.4240000247955322,2.4240000247955322,2.25,2.390000104904175,1.8579392433166504,57500
2001-06-13,2.440000057220459,2.4760000705718994,2.430000066757202,2.4760000705718994,1.9247945547103882,35500
2001-06-14,2.4560000896453857,2.5,2.4560000896453857,2.4820001125335693,1.9294590950012207,36000
2001-06-15,2.5199999809265137,2.559999942779541,2.4200000762939453,2.5199999809265137,1.9589985609054565,45000
2001-06-18,2.5199999809265137,2.549999952316284,2.5199999809265137,2.549999952316284,1.9823193550109863,5000
2001-06-19,2.549999952316284,2.549999952316284,2.4600000381469727,2.4600000381469727,1.9123561382293701,16000
2001-06-20,2.4700000286102295,2.490000009536743,2.4700000286102295,2.490000009536743,1.9356780052185059,2500
2001-06-21,2.4600000381469727,2.4600000381469727,2.4000000953674316,2.4000000953674316,1.8657134771347046,16000
2001-06-22,2.430000066757202,2.430000066757202,2.4000000953674316,2.4000000953674316,1.8657134771347046,6000
2001-06-25,2.4000000953674316,2.4200000762939453,2.4000000953674316,2.4200000762939453,1.8812609910964966,5000
2001-06-26,2.430000066757202,2.450000047683716,2.430000066757202,2.450000047683716,1.9045817852020264,3500
2001-06-27,2.450000047683716,2.450000047683716,2.450000047683716,2.450000047683716,1.9045817852020264,0
2001-06-28,2.450000047683716,2.450000047683716,2.450000047683716,2.450000047683716,1.9045817852020264,0
2001-06-29,2.450000047683716,2.450000047683716,2.450000047683716,2.450000047683716,1.9045817852020264,2000
2001-07-02,2.4200000762939453,2.440000057220459,2.4100000858306885,2.440000057220459,1.8968086242675781,4000
2001-07-03,2.4200000762939453,2.4200000762939453,2.4000000953674316,2.4200000762939453,1.8812609910964966,7500
2001-07-05,2.4200000762939453,2.4200000762939453,2.4200000762939453,2.4200000762939453,1.8812609910964966,0
2001-07-06,2.4200000762939453,2.4200000762939453,2.4200000762939453,2.4200000762939453,1.8812609910964966,0
2001-07-09,2.450000047683716,2.450000047683716,2.4200000762939453,2.450000047683716,1.9045817852020264,7500
2001-07-10,2.4700000286102295,2.4700000286102295,2.4700000286102295,2.4700000286102295,1.9201291799545288,1000
2001-07-11,2.440000057220459,2.440000057220459,2.440000057220459,2.440000057220459,1.8968086242675781,3500
2001-07-12,2.440000057220459,2.440000057220459,2.440000057220459,2.440000057220459,1.8968086242675781,0
2001-07-13,2.440000057220459,2.440000057220459,2.440000057220459,2.440000057220459,1.8968086242675781,5000
2001-07-16,2.4100000858306885,2.440000057220459,2.4100000858306885,2.440000057220459,1.8968086242675781,5000
2001-07-17,2.4100000858306885,2.4100000858306885,2.4000000953674316,2.4000000953674316,1.8657134771347046,16500
2001-07-18,2.369999885559082,2.4200000762939453,2.369999885559082,2.4200000762939453,1.8812609910964966,16000
2001-07-19,2.4200000762939453,2.4200000762939453,2.4200000762939453,2.4200000762939453,1.8812609910964966,0
2001-07-20,2.450000047683716,2.450000047683716,2.450000047683716,2.450000047683716,1.9045817852020264,1000
2001-07-23,2.4200000762939453,2.4200000762939453,2.369999885559082,2.4000000953674316,1.8657134771347046,15000
2001-07-24,2.4000000953674316,2.4000000953674316,2.4000000953674316,2.4000000953674316,1.8657134771347046,0
2001-07-25,2.369999885559082,2.3980000019073486,2.369999885559082,2.369999885559082,1.8423913717269897,7000
2001-07-26,2.3399999141693115,2.3399999141693115,2.3399999141693115,2.3399999141693115,1.8190702199935913,15000
2001-07-27,2.3399999141693115,2.369999885559082,2.3399999141693115,2.369999885559082,1.8423913717269897,6000
2001-07-30,2.3399999141693115,2.3399999141693115,2.309999942779541,2.309999942779541,1.7957483530044556,14000
2001-07-31,2.242000102996826,2.242000102996826,2.180000066757202,2.240000009536743,1.741331934928894,28500
2001-08-01,2.299999952316284,2.299999952316284,2.200000047683716,2.2200000286102295,1.7257845401763916,41500
2001-08-02,2.1600000858306885,2.2200000286102295,2.140000104904175,2.2200000286102295,1.7257845401763916,26500
2001-08-03,2.25,2.25,2.25,2.25,1.7491058111190796,3000
2001-08-06,2.2200000286102295,2.2200000286102295,2.1500000953674316,2.2179999351501465,1.7242292165756226,22500
2001-08-07,2.200000047683716,2.200000047683716,2.200000047683716,2.200000047683716,1.7102371454238892,1500
2001-08-08,2.200000047683716,2.200000047683716,2.200000047683716,2.200000047683716,1.7102371454238892,0
2001-08-09,2.180000066757202,2.180000066757202,2.1600000858306885,2.1600000858306885,1.6791419982910156,4000
2001-08-10,2.130000114440918,2.1500000953674316,2.119999885559082,2.1500000953674316,1.6713676452636719,4000
2001-08-13,2.180000066757202,2.180000066757202,1.9900000095367432,2.109999895095825,1.640272617340088,29500
2001-08-14,2.140000104904175,2.140000104904175,2.140000104904175,2.140000104904175,1.6635946035385132,1000
2001-08-15,2.140000104904175,2.140000104904175,2.140000104904175,2.140000104904175,1.6635946035385132,0
2001-08-16,2.140000104904175,2.140000104904175,2.140000104904175,2.140000104904175,1.6635946035385132,0
2001-08-17,2.180000066757202,2.180000066757202,2.180000066757202,2.180000066757202,1.6946896314620972,6500
2001-08-20,2.2100000381469727,2.2100000381469727,2.180000066757202,2.180000066757202,1.6946896314620972,4500
2001-08-21,2.2100000381469727,2.259999990463257,2.180000066757202,2.2300000190734863,1.7335577011108398,29000
2001-08-22,2.200000047683716,2.2100000381469727,2.1600000858306885,2.2100000381469727,1.7180099487304688,23000
2001-08-23,2.2100000381469727,2.2100000381469727,2.2100000381469727,2.2100000381469727,1.7180099487304688,0
2001-08-24,2.2300000190734863,2.240000009536743,2.2300000190734863,2.240000009536743,1.741331934928894,3500
2001-08-27,2.25,2.25,2.25,2.25,1.7491058111190796,1000
2001-08-28,2.2699999809265137,2.2699999809265137,2.2699999809265137,2.2699999809265137,1.7646528482437134,18000
2001-08-29,2.2699999809265137,2.2699999809265137,2.2699999809265137,2.2699999809265137,1.7646528482437134,0
2001-08-30,2.240000009536743,2.25,2.180000066757202,2.180000066757202,1.6946896314620972,12000
2001-08-31,2.180000066757202,2.180000066757202,2.180000066757202,2.180000066757202,1.6946896314620972,0
2001-09-04,2.180000066757202,2.180000066757202,2.180000066757202,2.180000066757202,1.6946896314620972,0
2001-09-05,2.180000066757202,2.180000066757202,2.180000066757202,2.180000066757202,1.6946896314620972,0
2001-09-06,2.180000066757202,2.180000066757202,2.180000066757202,2.180000066757202,1.6946896314620972,0
2001-09-07,2.1500000953674316,2.1500000953674316,2.130000114440918,2.1500000953674316,1.6713676452636719,6000
2001-09-10,2.1500000953674316,2.1500000953674316,2.1500000953674316,2.1500000953674316,1.6713676452636719,0
2001-09-17,2.119999885559082,2.119999885559082,1.9900000095367432,1.9900000095367432,1.5469870567321777,12500
2001-09-18,1.9700000286102295,1.9700000286102295,1.9700000286102295,1.9700000286102295,1.5314388275146484,1500
2001-09-19,1.7999999523162842,1.7999999523162842,1.6799999475479126,1.6799999475479126,1.3059990406036377,51500
2001-09-20,1.690000057220459,1.7000000476837158,1.4500000476837158,1.5,1.1660709381103516,102000
2001-09-21,1.4839999675750732,1.5099999904632568,1.4839999675750732,1.5099999904632568,1.1738439798355103,3000
2001-09-24,1.5199999809265137,1.5499999523162842,1.5199999809265137,1.5499999523162842,1.2049399614334106,13000
2001-09-25,1.4500000476837158,1.6100000143051147,1.4500000476837158,1.6100000143051147,1.2515827417373657,67500
2001-09-26,1.5399999618530273,1.590000033378601,1.5399999618530273,1.590000033378601,1.2360352277755737,23000
2001-09-27,1.6100000143051147,1.6299999952316284,1.6100000143051147,1.6299999952316284,1.2671295404434204,5000
2001-09-28,1.6299999952316284,1.6299999952316284,1.6299999952316284,1.6299999952316284,1.2671295404434204,0
2001-10-01,1.649999976158142,1.649999976158142,1.6200000047683716,1.6200000047683716,1.2593563795089722,11000
2001-10-02,1.600000023841858,1.6100000143051147,1.600000023841858,1.600000023841858,1.2438091039657593,25000
2001-10-03,1.600000023841858,1.600000023841858,1.600000023841858,1.600000023841858,1.2438091039657593,0
2001-10-04,1.5800000429153442,1.5800000429153442,1.5800000429153442,1.5800000429153442,1.2282613515853882,1500
2001-10-05,1.600000023841858,1.600000023841858,1.5800000429153442,1.5800000429153442,1.2282613515853882,7500
2001-10-08,1.5800000429153442,1.5800000429153442,1.5800000429153442,1.5800000429153442,1.2282613515853882,0
2001-10-09,1.600000023841858,1.6699999570846558,1.600000023841858,1.649999976158142,1.2826778888702393,18500
2001-10-10,1.6299999952316284,1.6299999952316284,1.559999942779541,1.559999942779541,1.2127134799957275,18500
2001-10-11,1.5800000429153442,1.600000023841858,1.5800000429153442,1.600000023841858,1.2438091039657593,7500
2001-10-12,1.600000023841858,1.600000023841858,1.600000023841858,1.600000023841858,1.2438091039657593,5000
2001-10-15,1.6100000143051147,1.6100000143051147,1.6100000143051147,1.6100000143051147,1.2515827417373657,500
2001-10-16,1.6200000047683716,1.6699999570846558,1.6200000047683716,1.6699999570846558,1.2982250452041626,15500
2001-10-17,1.690000057220459,1.7899999618530273,1.690000057220459,1.7799999713897705,1.3837374448776245,30500
2001-10-18,1.7599999904632568,1.7599999904632568,1.7000000476837158,1.7200000286102295,1.337094783782959,31500
2001-10-19,1.7000000476837158,1.7000000476837158,1.6399999856948853,1.649999976158142,1.2826778888702393,18500
2001-10-22,1.6399999856948853,1.6399999856948853,1.6100000143051147,1.6100000143051147,1.2515827417373657,5500
2001-10-23,1.6200000047683716,1.6799999475479126,1.6200000047683716,1.6799999475479126,1.3059990406036377,14000
2001-10-24,1.7000000476837158,2.190000057220459,1.7000000476837158,2.180000066757202,1.6946896314620972,300000
2001-10-25,2.190000057220459,2.5299999713897705,2.190000057220459,2.5299999713897705,1.9667733907699585,158500
2001-10-26,2.569999933242798,2.799999952316284,2.569999933242798,2.799999952316284,2.1766655445098877,93500
2001-10-29,2.640000104904175,2.640000104904175,2.4200000762939453,2.549999952316284,1.9823193550109863,135000
2001-10-30,2.5299999713897705,2.549999952316284,2.5,2.549999952316284,1.9823193550109863,7500
2001-10-31,2.559999942779541,2.6500000953674316,2.549999952316284,2.619999885559082,2.036736011505127,82000
2001-11-01,2.619999885559082,2.880000114440918,2.5999999046325684,2.880000114440918,2.2388558387756348,74000
2001-11-02,2.9600000381469727,2.9600000381469727,2.8499999046325684,2.9000000953674316,2.2544033527374268,134500
2001-11-05,2.9000000953674316,2.9000000953674316,2.799999952316284,2.8399999141693115,2.2077596187591553,35000
2001-11-06,2.880000114440918,2.880000114440918,2.880000114440918,2.880000114440918,2.2388558387756348,3000
2001-11-07,2.859999895095825,2.880000114440918,2.799999952316284,2.799999952316284,2.1766655445098877,11000
2001-11-08,2.8399999141693115,2.8399999141693115,2.799999952316284,2.799999952316284,2.1766655445098877,3000
2001-11-09,2.799999952316284,2.799999952316284,2.799999952316284,2.799999952316284,2.1766655445098877,1000
2001-11-12,2.759999990463257,2.759999990463257,2.680000066757202,2.7200000286102295,2.1144745349884033,9000
2001-11-13,2.759999990463257,2.759999990463257,2.7200000286102295,2.759999990463257,2.1455695629119873,3500
2001-11-14,2.7200000286102295,2.7200000286102295,2.559999942779541,2.640000104904175,2.0522842407226562,27000
2001-11-15,2.5999999046325684,2.640000104904175,2.5999999046325684,2.640000104904175,2.0522842407226562,5500
2001-11-16,2.640000104904175,2.640000104904175,2.640000104904175,2.640000104904175,2.0522842407226562,0
2001-11-19,2.640000104904175,2.640000104904175,2.640000104904175,2.640000104904175,2.0522842407226562,0
2001-11-20,2.5999999046325684,2.5999999046325684,2.5999999046325684,2.5999999046325684,2.0211899280548096,3500
2001-11-21,2.5999999046325684,2.5999999046325684,2.5999999046325684,2.5999999046325684,2.0211899280548096,1500
2001-11-23,2.5999999046325684,2.5999999046325684,2.559999942779541,2.559999942779541,1.9900933504104614,1000
2001-11-26,2.559999942779541,2.559999942779541,2.4600000381469727,2.559999942779541,1.9900933504104614,23000
2001-11-27,2.559999942779541,2.5999999046325684,2.5220000743865967,2.559999942779541,1.9900933504104614,12500
2001-11-28,2.5199999809265137,2.5199999809265137,2.4800000190734863,2.5,1.9434510469436646,5500
2001-11-29,2.4800000190734863,2.497999906539917,2.4600000381469727,2.4600000381469727,1.9123561382293701,4000
2001-11-30,2.4100000858306885,2.4600000381469727,2.4100000858306885,2.4600000381469727,1.9123561382293701,9500
2001-12-03,2.4600000381469727,2.4600000381469727,2.4600000381469727,2.4600000381469727,1.9123561382293701,0
2001-12-04,2.5,2.5,2.440000057220459,2.4800000190734863,1.9279030561447144,8500
2001-12-05,2.4800000190734863,2.4800000190734863,2.4800000190734863,2.4800000190734863,1.9279030561447144,0
2001-12-06,2.4800000190734863,2.4800000190734863,2.4800000190734863,2.4800000190734863,1.9279030561447144,0
2001-12-07,2.509999990463257,2.5999999046325684,2.4800000190734863,2.5999999046325684,2.0211899280548096,16500
2001-12-10,2.5799999237060547,2.5799999237060547,2.4600000381469727,2.4600000381469727,1.9123561382293701,38500
2001-12-11,2.5,2.5,2.5,2.5,1.9434510469436646,5000
2001-12-12,2.4800000190734863,2.4800000190734863,2.4000000953674316,2.440000057220459,1.8968086242675781,13000
2001-12-13,2.4000000953674316,2.440000057220459,2.380000114440918,2.440000057220459,1.8968086242675781,10000
2001-12-14,2.4200000762939453,2.4200000762939453,2.380000114440918,2.4000000953674316,1.8657134771347046,16000
2001-12-17,2.440000057220459,2.440000057220459,2.440000057220459,2.440000057220459,1.8968086242675781,2000
2001-12-18,2.4200000762939453,2.4200000762939453,2.319999933242798,2.319999933242798,1.8035218715667725,12500
2001-12-19,2.309999942779541,2.309999942779541,2.309999942779541,2.309999942779541,1.7957483530044556,500
2001-12-20,2.309999942779541,2.309999942779541,2.309999942779541,2.309999942779541,1.7957483530044556,0
2001-12-21,2.309999942779541,2.309999942779541,2.309999942779541,2.309999942779541,1.7957483530044556,0
2001-12-24,2.309999942779541,2.309999942779541,2.309999942779541,2.309999942779541,1.7957483530044556,0
2001-12-26,2.309999942779541,2.309999942779541,2.309999942779541,2.309999942779541,1.7957483530044556,1500
2001-12-27,2.3299999237060547,2.4000000953674316,2.3299999237060547,2.4000000953674316,1.8657134771347046,12500
2001-12-28,2.4000000953674316,2.4000000953674316,2.4000000953674316,2.4000000953674316,1.8657134771347046,0
2001-12-31,2.440000057220459,2.440000057220459,2.440000057220459,2.440000057220459,1.8968086242675781,1000
2002-01-02,2.4600000381469727,2.4600000381469727,2.4200000762939453,2.4200000762939453,1.8812609910964966,3000
2002-01-03,2.4100000858306885,2.4100000858306885,2.380000114440918,2.4000000953674316,1.8657134771347046,15000
2002-01-04,2.4000000953674316,2.4000000953674316,2.4000000953674316,2.4000000953674316,1.8657134771347046,0
2002-01-07,2.4000000953674316,2.4000000953674316,2.4000000953674316,2.4000000953674316,1.8657134771347046,0
2002-01-08,2.4000000953674316,2.440000057220459,2.4000000953674316,2.440000057220459,1.8968086242675781,7500
2002-01-09,2.440000057220459,2.440000057220459,2.4200000762939453,2.430000066757202,1.8890349864959717,10500
2002-01-10,2.450000047683716,2.450000047683716,2.440000057220459,2.440000057220459,1.8968086242675781,5000
2002-01-11,2.4200000762939453,2.4200000762939453,2.4000000953674316,2.4000000953674316,1.8657134771347046,5000
2002-01-14,2.390000104904175,2.390000104904175,2.390000104904175,2.390000104904175,1.8579392433166504,500
2002-01-15,2.3499999046325684,2.3499999046325684,2.3499999046325684,2.3499999046325684,1.826844573020935,500
2002-01-16,2.319999933242798,2.319999933242798,2.299999952316284,2.299999952316284,1.78797447681427,6000
2002-01-17,2.319999933242798,2.319999933242798,2.319999933242798,2.319999933242798,1.8035218715667725,1500
2002-01-18,2.3399999141693115,2.4000000953674316,2.3399999141693115,2.390000104904175,1.8579392433166504,42500
2002-01-22,2.380000114440918,2.450000047683716,2.380000114440918,2.450000047683716,1.9045817852020264,7500
2002-01-23,2.434000015258789,2.434000015258789,2.434000015258789,2.434000015258789,1.8921442031860352,2500
2002-01-24,2.430000066757202,2.430000066757202,2.430000066757202,2.430000066757202,1.8890349864959717,5000
2002-01-25,2.4000000953674316,2.4700000286102295,2.009999990463257,2.1500000953674316,1.6713676452636719,184500
2002-01-28,2.109999895095825,2.109999895095825,2.049999952316284,2.0899999141693115,1.6247256994247437,13000
2002-01-29,2.0899999141693115,2.0999999046325684,2.049999952316284,2.059999942779541,1.601403832435608,28000
2002-01-30,2.0299999713897705,2.059999942779541,1.9800000190734863,1.9800000190734863,1.5392130613327026,26500
2002-01-31,1.9800000190734863,2.0199999809265137,1.9500000476837158,2.0199999809265137,1.5703076124191284,46500
2002-02-01,2.0,2.0,2.0,2.0,1.554760456085205,10000
2002-02-04,1.9800000190734863,2.0,1.9800000190734863,1.9800000190734863,1.5392130613327026,7500
2002-02-05,2.0,2.0,2.0,2.0,1.554760456085205,1500
2002-02-06,2.0,2.0,2.0,2.0,1.554760456085205,1000
2002-02-07,2.0199999809265137,2.0199999809265137,2.0,2.0,1.554760456085205,17000
2002-02-08,2.0,2.0,2.0,2.0,1.554760456085205,15000
2002-02-11,2.0199999809265137,2.0199999809265137,2.0,2.0,1.554760456085205,4500
2002-02-12,2.0,2.0,2.0,2.0,1.554760456085205,0
2002-02-13,2.0,2.0,1.9800000190734863,2.0,1.554760456085205,12000
2002-02-14,2.0,2.0,2.0,2.0,1.554760456085205,0
2002-02-15,2.0,2.0199999809265137,2.0,2.0,1.554760456085205,30500
2002-02-19,2.0,2.0,2.0,2.0,1.554760456085205,0
2002-02-20,2.0299999713897705,2.049999952316284,2.0,2.0,1.554760456085205,12000
2002-02-21,2.0299999713897705,2.0299999713897705,2.0,2.0,1.554760456085205,7000
2002-02-22,2.0,2.0,2.0,2.0,1.554760456085205,0
2002-02-25,2.0,2.0,2.0,2.0,1.554760456085205,500
2002-02-26,1.9900000095367432,1.9900000095367432,1.9900000095367432,1.9900000095367432,1.5469870567321777,1000
2002-02-27,1.9900000095367432,1.9900000095367432,1.9900000095367432,1.9900000095367432,1.5469870567321777,0
2002-02-28,1.9700000286102295,1.9900000095367432,1.9700000286102295,1.9900000095367432,1.5469870567321777,6000
2002-03-01,1.9900000095367432,1.9900000095367432,1.9900000095367432,1.9900000095367432,1.5469870567321777,0
2002-03-04,1.9700000286102295,1.9700000286102295,1.9700000286102295,1.9700000286102295,1.5314388275146484,6500
2002-03-05,1.9700000286102295,1.9700000286102295,1.9500000476837158,1.9500000476837158,1.5158915519714355,11000
2002-03-06,1.9500000476837158,1.9500000476837158,1.9500000476837158,1.9500000476837158,1.5158915519714355,0
2002-03-07,1.9700000286102295,1.9800000190734863,1.9700000286102295,1.9800000190734863,1.5392130613327026,5000
2002-03-08,2.0,2.049999952316284,2.0,2.049999952316284,1.593630075454712,18000
2002-03-11,2.0399999618530273,2.0399999618530273,2.0399999618530273,2.0399999618530273,1.5858558416366577,500
2002-03-12,2.0220000743865967,2.0220000743865967,2.0220000743865967,2.0220000743865967,1.5718631744384766,500
2002-03-13,2.0220000743865967,2.0220000743865967,2.0220000743865967,2.0220000743865967,1.5718631744384766,0
2002-03-14,2.0220000743865967,2.0220000743865967,2.0220000743865967,2.0220000743865967,1.5718631744384766,0
2002-03-15,2.059999942779541,2.0799999237060547,2.059999942779541,2.0799999237060547,1.6169514656066895,15000
2002-03-18,2.0899999141693115,2.0980000495910645,2.0899999141693115,2.0980000495910645,1.630943775177002,1500
2002-03-19,2.0999999046325684,2.119999885559082,2.0999999046325684,2.119999885559082,1.6480462551116943,11000
2002-03-20,2.119999885559082,2.119999885559082,2.119999885559082,2.119999885559082,1.6480462551116943,0
2002-03-21,2.140000104904175,2.140000104904175,2.140000104904175,2.140000104904175,1.6635946035385132,2500
2002-03-22,2.1600000858306885,2.180000066757202,2.1440000534057617,2.1600000858306885,1.6791419982910156,11500
2002-03-25,2.1600000858306885,2.1600000858306885,2.1600000858306885,2.1600000858306885,1.6791419982910156,0
2002-03-26,2.1600000858306885,2.1600000858306885,2.1600000858306885,2.1600000858306885,1.6791419982910156,0
2002-03-27,2.1600000858306885,2.1600000858306885,2.1600000858306885,2.1600000858306885,1.6791419982910156,0
2002-03-28,2.200000047683716,2.2179999351501465,2.200000047683716,2.200000047683716,1.7102371454238892,9000
2002-04-01,2.180000066757202,2.200000047683716,2.180000066757202,2.200000047683716,1.7102371454238892,3000
2002-04-02,2.200000047683716,2.200000047683716,2.200000047683716,2.200000047683716,1.7102371454238892,1500
2002-04-03,2.180000066757202,2.180000066757202,2.180000066757202,2.180000066757202,1.6946896314620972,500
2002-04-04,2.1600000858306885,2.1600000858306885,2.140000104904175,2.1579999923706055,1.6775869131088257,12000
2002-04-05,2.1579999923706055,2.1579999923706055,2.1579999923706055,2.1579999923706055,1.6775869131088257,0
2002-04-08,2.140000104904175,2.140000104904175,2.130000114440918,2.130000114440918,1.6558208465576172,2500
2002-04-09,2.130000114440918,2.130000114440918,2.130000114440918,2.130000114440918,1.6558208465576172,0
2002-04-10,2.1500000953674316,2.1500000953674316,2.109999895095825,2.109999895095825,1.640272617340088,4500
2002-04-11,2.109999895095825,2.109999895095825,2.109999895095825,2.109999895095825,1.640272617340088,3000
2002-04-12,2.0899999141693115,2.109999895095825,2.0899999141693115,2.109999895095825,1.640272617340088,1500
2002-04-15,2.109999895095825,2.109999895095825,2.109999895095825,2.109999895095825,1.640272617340088,0
2002-04-16,2.0899999141693115,2.0899999141693115,2.0899999141693115,2.0899999141693115,1.6247256994247437,500
2002-04-17,2.0899999141693115,2.0899999141693115,2.0899999141693115,2.0899999141693115,1.6247256994247437,0
2002-04-18,2.0899999141693115,2.130000114440918,2.0899999141693115,2.130000114440918,1.6558208465576172,4500
2002-04-19,2.130000114440918,2.130000114440918,2.130000114440918,2.130000114440918,1.6558208465576172,0
2002-04-22,2.111999988555908,2.111999988555908,2.111999988555908,2.111999988555908,1.6418278217315674,500
2002-04-23,2.140000104904175,2.1700000762939453,2.140000104904175,2.1500000953674316,1.6713676452636719,13000
2002-04-24,2.130000114440918,2.130000114440918,2.130000114440918,2.130000114440918,1.6558208465576172,2000
2002-04-25,2.119999885559082,2.119999885559082,2.119999885559082,2.119999885559082,1.6480462551116943,11000
2002-04-26,2.119999885559082,2.119999885559082,2.119999885559082,2.119999885559082,1.6480462551116943,0
2002-04-29,2.0999999046325684,2.0999999046325684,2.069999933242798,2.0899999141693115,1.6247256994247437,11500
2002-04-30,2.109999895095825,2.109999895095825,2.109999895095825,2.109999895095825,1.640272617340088,1000
2002-05-01,2.0999999046325684,2.109999895095825,2.0999999046325684,2.109999895095825,1.640272617340088,3500
2002-05-02,2.0980000495910645,2.0999999046325684,2.0980000495910645,2.0999999046325684,1.6324985027313232,3000
2002-05-03,2.069999933242798,2.0999999046325684,2.069999933242798,2.0999999046325684,1.6324985027313232,2500
2002-05-06,2.119999885559082,2.119999885559082,2.119999885559082,2.119999885559082,1.6480462551116943,4000
2002-05-07,2.109999895095825,2.109999895095825,2.109999895095825,2.109999895095825,1.640272617340088,1000
2002-05-08,2.059999942779541,2.059999942779541,2.059999942779541,2.059999942779541,1.601403832435608,10000
2002-05-09,2.059999942779541,2.059999942779541,2.059999942779541,2.059999942779541,1.601403832435608,0
2002-05-10,2.059999942779541,2.069999933242798,2.049999952316284,2.069999933242798,1.6091773509979248,16500
2002-05-13,2.069999933242798,2.069999933242798,2.069999933242798,2.069999933242798,1.6091773509979248,0
2002-05-14,2.059999942779541,2.059999942779541,2.009999990463257,2.0299999713897705,1.5780823230743408,12500
2002-05-15,2.0299999713897705,2.0299999713897705,2.0299999713897705,2.0299999713897705,1.5780823230743408,0
2002-05-16,2.049999952316284,2.0799999237060547,2.049999952316284,2.069999933242798,1.6091773509979248,9500
2002-05-17,2.069999933242798,2.069999933242798,2.069999933242798,2.069999933242798,1.6091773509979248,0
2002-05-20,2.0899999141693115,2.0899999141693115,2.0899999141693115,2.0899999141693115,1.6247256994247437,2000
2002-05-21,2.0899999141693115,2.0899999141693115,2.0899999141693115,2.0899999141693115,1.6247256994247437,0
2002-05-22,2.072000026702881,2.072000026702881,2.072000026702881,2.072000026702881,1.6107325553894043,3000
2002-05-23,2.072000026702881,2.072000026702881,2.072000026702881,2.072000026702881,1.6107325553894043,0
2002-05-24,2.052000045776367,2.052000045776367,1.9800000190734863,2.0199999809265137,1.5703076124191284,17500
2002-05-28,2.0,2.0799999237060547,1.9900000095367432,2.0799999237060547,1.6169514656066895,122500
2002-05-29,2.0899999141693115,2.0999999046325684,2.0820000171661377,2.0820000171661377,1.6185063123703003,15500
2002-05-30,2.059999942779541,2.059999942779541,1.9800000190734863,2.0299999713897705,1.5780823230743408,25500
2002-05-31,2.049999952316284,2.069999933242798,2.0299999713897705,2.069999933242798,1.6091773509979248,5500
2002-06-03,2.0899999141693115,2.0899999141693115,2.069999933242798,2.0899999141693115,1.6247256994247437,9000
2002-06-04,2.069999933242798,2.069999933242798,2.009999990463257,2.0299999713897705,1.5780823230743408,14000
2002-06-05,2.0399999618530273,2.0399999618530273,2.0399999618530273,2.0399999618530273,1.5858558416366577,1000
2002-06-06,2.059999942779541,2.059999942779541,2.059999942779541,2.059999942779541,1.601403832435608,2000
2002-06-07,2.0399999618530273,2.0399999618530273,2.0,2.0399999618530273,1.5858558416366577,7000
2002-06-10,2.0199999809265137,2.0199999809265137,2.0199999809265137,2.0199999809265137,1.5703076124191284,12500
2002-06-11,2.0399999618530273,2.0399999618530273,2.0220000743865967,2.0220000743865967,1.5718631744384766,3000
2002-06-12,2.0199999809265137,2.0199999809265137,2.0199999809265137,2.0199999809265137,1.5703076124191284,21000
2002-06-13,2.0199999809265137,2.0199999809265137,2.0199999809265137,2.0199999809265137,1.5703076124191284,0
2002-06-14,2.0199999809265137,2.0199999809265137,2.0199999809265137,2.0199999809265137,1.5703076124191284,0
2002-06-17,2.0,2.0,2.0,2.0,1.554760456085205,1500
2002-06-18,1.9800000190734863,1.9900000095367432,1.9500000476837158,1.9900000095367432,1.5469870567321777,8000
2002-06-19,2.009999990463257,2.009999990463257,1.850000023841858,1.850000023841858,1.4381535053253174,14500
2002-06-20,1.850000023841858,1.850000023841858,1.850000023841858,1.850000023841858,1.4381535053253174,0
2002-06-21,1.8799999952316284,1.8799999952316284,1.8799999952316284,1.8799999952316284,1.4614747762680054,1500
2002-06-24,1.8799999952316284,1.8799999952316284,1.8600000143051147,1.8799999952316284,1.4614747762680054,3000
2002-06-25,1.8799999952316284,1.8799999952316284,1.8799999952316284,1.8799999952316284,1.4614747762680054,0
2002-06-26,1.8600000143051147,1.8700000047683716,1.809999942779541,1.809999942779541,1.4070589542388916,16000
2002-06-27,1.8200000524520874,1.8200000524520874,1.8200000524520874,1.8200000524520874,1.414832592010498,1500
2002-06-28,1.8380000591278076,1.840000033378601,1.8380000591278076,1.840000033378601,1.4303795099258423,2000
2002-07-01,1.8200000524520874,1.8200000524520874,1.7999999523162842,1.7999999523162842,1.399284839630127,33000
2002-07-02,1.7999999523162842,1.7999999523162842,1.7999999523162842,1.7999999523162842,1.399284839630127,1500
2002-07-03,1.7999999523162842,1.7999999523162842,1.7999999523162842,1.7999999523162842,1.399284839630127,0
2002-07-05,1.8200000524520874,1.840000033378601,1.8200000524520874,1.840000033378601,1.4303795099258423,7500
2002-07-08,1.8300000429153442,1.8300000429153442,1.8300000429153442,1.8300000429153442,1.4226064682006836,1000
2002-07-09,1.840000033378601,1.840000033378601,1.840000033378601,1.840000033378601,1.4303795099258423,500
2002-07-10,1.8480000495910645,1.8480000495910645,1.8480000495910645,1.8480000495910645,1.436598539352417,500
2002-07-11,1.8480000495910645,1.8480000495910645,1.8480000495910645,1.8480000495910645,1.436598539352417,0
2002-07-12,1.840000033378601,1.840000033378601,1.8200000524520874,1.8200000524520874,1.414832592010498,4500
2002-07-15,1.7999999523162842,1.7999999523162842,1.7799999713897705,1.7979999780654907,1.397729754447937,7500
2002-07-16,1.7799999713897705,1.7799999713897705,1.7699999809265137,1.7699999809265137,1.3759632110595703,3500
2002-07-17,1.75,1.7699999809265137,1.75,1.7699999809265137,1.3759632110595703,47500
2002-07-18,1.75,1.75,1.75,1.75,1.360416054725647,1000
2002-07-19,1.7699999809265137,1.7899999618530273,1.7699999809265137,1.7899999618530273,1.3915104866027832,6000
2002-07-22,1.8140000104904175,1.8140000104904175,1.7940000295639038,1.809999942779541,1.4070589542388916,7500
2002-07-23,1.8200000524520874,1.8200000524520874,1.7799999713897705,1.7799999713897705,1.3837374448776245,6500
2002-07-24,1.7619999647140503,1.784000039100647,1.7599999904632568,1.7799999713897705,1.3837374448776245,6500
2002-07-25,1.7999999523162842,1.878000020980835,1.7999999523162842,1.878000020980835,1.4599202871322632,9500
2002-07-26,1.878000020980835,1.878000020980835,1.878000020980835,1.878000020980835,1.4599202871322632,0
2002-07-29,1.8799999952316284,1.8799999952316284,1.8600000143051147,1.8600000143051147,1.4459282159805298,2000
2002-07-30,1.8600000143051147,1.8600000143051147,1.8600000143051147,1.8600000143051147,1.4459282159805298,0
2002-07-31,1.840000033378601,1.840000033378601,1.7999999523162842,1.7999999523162842,1.399284839630127,19000
2002-08-01,1.7999999523162842,1.7999999523162842,1.7999999523162842,1.7999999523162842,1.399284839630127,0
2002-08-02,1.7999999523162842,1.7999999523162842,1.7999999523162842,1.7999999523162842,1.399284839630127,0
2002-08-05,1.8200000524520874,1.8200000524520874,1.8200000524520874,1.8200000524520874,1.414832592010498,5500
2002-08-06,1.7899999618530273,1.809999942779541,1.7899999618530273,1.809999942779541,1.4070589542388916,13500
2002-08-07,1.809999942779541,1.809999942779541,1.809999942779541,1.809999942779541,1.4070589542388916,0
2002-08-08,1.8300000429153442,1.8300000429153442,1.8300000429153442,1.8300000429153442,1.4226064682006836,1500
2002-08-09,1.850000023841858,1.850000023841858,1.850000023841858,1.850000023841858,1.4381535053253174,1000
2002-08-12,1.850000023841858,1.850000023841858,1.850000023841858,1.850000023841858,1.4381535053253174,0
2002-08-13,1.850000023841858,1.850000023841858,1.850000023841858,1.850000023841858,1.4381535053253174,0
2002-08-14,1.840000033378601,1.840000033378601,1.8300000429153442,1.840000033378601,1.4303795099258423,3000
2002-08-15,1.840000033378601,1.840000033378601,1.840000033378601,1.840000033378601,1.4303795099258423,0
2002-08-16,1.840000033378601,1.840000033378601,1.840000033378601,1.840000033378601,1.4303795099258423,0
2002-08-19,1.8320000171661377,1.8320000171661377,1.809999942779541,1.809999942779541,1.4070589542388916,25000
2002-08-20,1.781999945640564,1.781999945640564,1.781999945640564,1.781999945640564,1.385291576385498,1000
2002-08-21,1.781999945640564,1.781999945640564,1.781999945640564,1.781999945640564,1.385291576385498,0
2002-08-22,1.7799999713897705,1.7799999713897705,1.7599999904632568,1.777999997138977,1.3821824789047241,20000
2002-08-23,1.7799999713897705,1.8200000524520874,1.7799999713897705,1.8200000524520874,1.414832592010498,7500
2002-08-26,1.8200000524520874,1.8200000524520874,1.8200000524520874,1.8200000524520874,1.414832592010498,0
2002-08-27,1.7999999523162842,1.7999999523162842,1.7999999523162842,1.7999999523162842,1.399284839630127,3000
2002-08-28,1.7899999618530273,1.7899999618530273,1.7899999618530273,1.7899999618530273,1.3992843627929688,0
2002-08-29,1.7999999523162842,1.7999999523162842,1.7999999523162842,1.7999999523162842,1.407102108001709,31500
2002-08-30,1.7999999523162842,1.8200000524520874,1.7999999523162842,1.7999999523162842,1.407102108001709,23500
2002-09-03,1.7799999713897705,1.7799999713897705,1.7799999713897705,1.7799999713897705,1.391467809677124,3000
2002-09-04,1.7799999713897705,1.7799999713897705,1.7799999713897705,1.7799999713897705,1.391467809677124,500
2002-09-05,1.7599999904632568,1.7599999904632568,1.7599999904632568,1.7599999904632568,1.3758331537246704,1500
2002-09-06,1.7300000190734863,1.7400000095367432,1.7000000476837158,1.7100000381469727,1.3367475271224976,13000
2002-09-09,1.7000000476837158,1.7000000476837158,1.6360000371932983,1.649999976158142,1.2898435592651367,23500
2002-09-10,1.6299999952316284,1.649999976158142,1.6200000047683716,1.6200000047683716,1.2663919925689697,32000
2002-09-11,1.6399999856948853,1.659999966621399,1.6399999856948853,1.659999966621399,1.297659993171692,12500
2002-09-12,1.659999966621399,1.659999966621399,1.659999966621399,1.659999966621399,1.297659993171692,0
2002-09-13,1.659999966621399,1.659999966621399,1.659999966621399,1.659999966621399,1.297659993171692,0
2002-09-16,1.6799999475479126,1.7300000190734863,1.6799999475479126,1.7300000190734863,1.3523812294006348,5500
2002-09-17,1.7300000190734863,1.7300000190734863,1.7300000190734863,1.7300000190734863,1.3523812294006348,0
2002-09-18,1.7300000190734863,1.7300000190734863,1.7300000190734863,1.7300000190734863,1.3523812294006348,0
2002-09-19,1.75,1.75,1.7200000286102295,1.7200000286102295,1.3445640802383423,3000
2002-09-20,1.7200000286102295,1.7200000286102295,1.7200000286102295,1.7200000286102295,1.3445640802383423,0
2002-09-23,1.7200000286102295,1.7200000286102295,1.7200000286102295,1.7200000286102295,1.3445640802383423,0
2002-09-24,1.7200000286102295,1.7200000286102295,1.7200000286102295,1.7200000286102295,1.3445640802383423,0
2002-09-25,1.7100000381469727,1.7100000381469727,1.7000000476837158,1.7000000476837158,1.3289295434951782,2000
2002-09-26,1.7000000476837158,1.7000000476837158,1.7000000476837158,1.7000000476837158,1.3289295434951782,0
2002-09-27,1.7000000476837158,1.7000000476837158,1.7000000476837158,1.7000000476837158,1.3289295434951782,0
2002-09-30,1.7000000476837158,1.7000000476837158,1.7000000476837158,1.7000000476837158,1.3289295434951782,0
2002-10-01,1.7000000476837158,1.7000000476837158,1.7000000476837158,1.7000000476837158,1.3289295434951782,0
2002-10-02,1.7000000476837158,1.7000000476837158,1.7000000476837158,1.7000000476837158,1.3289295434951782,0
2002-10-03,1.7000000476837158,1.7000000476837158,1.7000000476837158,1.7000000476837158,1.3289295434951782,1500
2002-10-04,1.7000000476837158,1.7000000476837158,1.7000000476837158,1.7000000476837158,1.3289295434951782,0
2002-10-07,1.6799999475479126,1.6799999475479126,1.399999976158142,1.4600000381469727,1.1413159370422363,28500
2002-10-08,1.4040000438690186,1.4299999475479126,1.399999976158142,1.4199999570846558,1.1100469827651978,47000
2002-10-09,1.4019999504089355,1.409999966621399,1.4019999504089355,1.409999966621399,1.1022298336029053,1000
2002-10-10,1.4199999570846558,1.4199999570846558,1.4199999570846558,1.4199999570846558,1.1100469827651978,500
2002-10-11,1.440000057220459,1.440000057220459,1.440000057220459,1.440000057220459,1.1256816387176514,2000
2002-10-14,1.4600000381469727,1.5,1.4600000381469727,1.5,1.1725856065750122,7000
2002-10-15,1.5199999809265137,1.5479999780654907,1.5199999809265137,1.5399999618530273,1.203853726387024,10500
2002-10-16,1.559999942779541,1.5700000524520874,1.559999942779541,1.5700000524520874,1.2273050546646118,1500
2002-10-17,1.559999942779541,1.559999942779541,1.5,1.5,1.1725856065750122,8500
2002-10-18,1.5,1.5,1.5,1.5,1.1725856065750122,0
2002-10-21,1.5,1.5,1.5,1.5,1.1725856065750122,0
2002-10-22,1.5,1.5,1.5,1.5,1.1725856065750122,0
2002-10-23,1.4700000286102295,1.4800000190734863,1.3700000047683716,1.4800000190734863,1.1569502353668213,28500
2002-10-24,1.4520000219345093,1.4700000286102295,1.4500000476837158,1.4500000476837158,1.1334984302520752,9500
2002-10-25,1.465999960899353,1.4900000095367432,1.465999960899353,1.4900000095367432,1.1647677421569824,2000
2002-10-28,1.4600000381469727,1.4800000190734863,1.440000057220459,1.4800000190734863,1.1569502353668213,10000
2002-10-29,1.4800000190734863,1.4800000190734863,1.4800000190734863,1.4800000190734863,1.1569502353668213,500
2002-10-30,1.4500000476837158,1.4700000286102295,1.399999976158142,1.4700000286102295,1.149133324623108,8500
2002-10-31,1.4880000352859497,1.5,1.4880000352859497,1.5,1.1725856065750122,5000
2002-11-01,1.5,1.5,1.5,1.5,1.1725856065750122,0
2002-11-04,1.5,1.5,1.5,1.5,1.1725856065750122,0
2002-11-05,1.5180000066757202,1.5180000066757202,1.5180000066757202,1.5180000066757202,1.186655879020691,1000
2002-11-06,1.5199999809265137,1.5399999618530273,1.5199999809265137,1.5399999618530273,1.203853726387024,13000
2002-11-07,1.5399999618530273,1.5399999618530273,1.5399999618530273,1.5399999618530273,1.203853726387024,0
2002-11-08,1.5199999809265137,1.5199999809265137,1.4800000190734863,1.5,1.1725856065750122,9500
2002-11-11,1.5,1.5,1.5,1.5,1.1725856065750122,0
2002-11-12,1.4800000190734863,1.5,1.4500000476837158,1.5,1.1725856065750122,9000
2002-11-13,1.5,1.5,1.5,1.5,1.1725856065750122,9500
2002-11-14,1.5199999809265137,1.5199999809265137,1.5199999809265137,1.5199999809265137,1.1882188320159912,5000
2002-11-15,1.534000039100647,1.5479999780654907,1.534000039100647,1.5479999780654907,1.2101078033447266,6500
2002-11-18,1.5499999523162842,1.8600000143051147,1.5499999523162842,1.840000033378601,1.438370704650879,126000
2002-11-19,1.8700000047683716,1.9199999570846558,1.8519999980926514,1.9199999570846558,1.500908613204956,39500
2002-11-20,1.940000057220459,1.940000057220459,1.8200000524520874,1.850000023841858,1.4461883306503296,35500
2002-11-21,1.8799999952316284,1.9199999570846558,1.8799999952316284,1.9199999570846558,1.500908613204956,14500
2002-11-22,1.899999976158142,1.9880000352859497,1.899999976158142,1.968000054359436,1.5384318828582764,45000
2002-11-25,1.9780000448226929,1.9780000448226929,1.899999976158142,1.909999966621399,1.4930917024612427,35000
2002-11-26,1.8919999599456787,1.9299999475479126,1.8700000047683716,1.8700000047683716,1.4695158004760742,20500
2002-11-27,1.8899999856948853,1.9359999895095825,1.8880000114440918,1.9359999895095825,1.5213817358016968,7500
2002-11-29,1.9259999990463257,2.0199999809265137,1.9259999990463257,2.0199999809265137,1.5873918533325195,47000
2002-12-02,2.0399999618530273,2.059999942779541,2.009999990463257,2.059999942779541,1.618825912475586,10500
2002-12-03,2.0399999618530273,2.0399999618530273,1.996000051498413,1.996000051498413,1.568532109260559,33000
2002-12-04,1.9980000257492065,1.9980000257492065,1.9600000381469727,1.9780000448226929,1.554387092590332,17000
2002-12-05,1.9620000123977661,2.0,1.9620000123977661,2.0,1.571675181388855,20000
2002-12-06,2.0179998874664307,2.0179998874664307,2.0179998874664307,2.0179998874664307,1.5858203172683716,1000
2002-12-09,2.0380001068115234,2.0399999618530273,2.0,2.0,1.571675181388855,8000
2002-12-10,1.9800000190734863,1.9980000257492065,1.9620000123977661,1.9980000257492065,1.5701035261154175,11500
2002-12-11,1.9800000190734863,1.9800000190734863,1.937999963760376,1.9579999446868896,1.538670301437378,19000
2002-12-12,1.937999963760376,1.9579999446868896,1.899999976158142,1.9179999828338623,1.5072369575500488,24500
2002-12-13,1.8899999856948853,1.8899999856948853,1.840000033378601,1.8600000143051147,1.4616587162017822,10500
2002-12-16,1.8799999952316284,1.8799999952316284,1.850000023841858,1.850000023841858,1.4537997245788574,14000
2002-12-17,1.840000033378601,1.840000033378601,1.7799999713897705,1.7999999523162842,1.4145079851150513,30000
2002-12-18,1.7799999713897705,1.7799999713897705,1.7799999713897705,1.7799999713897705,1.3987913131713867,2500
2002-12-19,1.7599999904632568,1.7979999780654907,1.75,1.7979999780654907,1.4129359722137451,10000
2002-12-20,1.7979999780654907,1.7979999780654907,1.7979999780654907,1.7979999780654907,1.4129359722137451,1000
2002-12-23,1.7699999809265137,1.7899999618530273,1.7699999809265137,1.7899999618530273,1.4066489934921265,12500
2002-12-24,1.7899999618530273,1.7899999618530273,1.7899999618530273,1.7899999618530273,1.4066489934921265,0
2002-12-26,1.7699999809265137,1.7699999809265137,1.7599999904632568,1.7599999904632568,1.3830742835998535,3500
2002-12-27,1.7400000095367432,1.7400000095367432,1.6799999475479126,1.718000054359436,1.3500694036483765,40000
2002-12-30,1.7400000095367432,1.7400000095367432,1.7300000190734863,1.7300000190734863,1.3594993352890015,2000
2002-12-31,1.746000051498413,1.746000051498413,1.746000051498413,1.746000051498413,1.372072696685791,1000
2003-01-02,1.7680000066757202,1.7799999713897705,1.7680000066757202,1.7699999809265137,1.390932559967041,3000
2003-01-03,1.7699999809265137,1.7699999809265137,1.7699999809265137,1.7699999809265137,1.390932559967041,0
2003-01-06,1.7899999618530273,1.7999999523162842,1.7899999618530273,1.7999999523162842,1.4145079851150513,5500
2003-01-07,1.7979999780654907,1.7979999780654907,1.7979999780654907,1.7979999780654907,1.4129359722137451,2000
2003-01-08,1.7999999523162842,1.7999999523162842,1.7999999523162842,1.7999999523162842,1.4145079851150513,1000
2003-01-09,1.7999999523162842,1.7999999523162842,1.7999999523162842,1.7999999523162842,1.4145079851150513,0
2003-01-10,1.781999945640564,1.7899999618530273,1.781999945640564,1.7899999618530273,1.4066489934921265,1000
2003-01-13,1.7999999523162842,1.7999999523162842,1.7899999618530273,1.7899999618530273,1.4066489934921265,12000
2003-01-14,1.8079999685287476,1.840000033378601,1.8079999685287476,1.8079999685287476,1.420794129371643,20000
2003-01-15,1.8200000524520874,1.8240000009536743,1.8200000524520874,1.8240000009536743,1.4333677291870117,2500
2003-01-16,1.7999999523162842,1.7999999523162842,1.7999999523162842,1.7999999523162842,1.4145079851150513,5000
2003-01-17,1.7999999523162842,1.7999999523162842,1.7999999523162842,1.7999999523162842,1.4145079851150513,0
2003-01-21,1.7999999523162842,1.7999999523162842,1.7999999523162842,1.7999999523162842,1.4145079851150513,0
2003-01-22,1.7999999523162842,1.7999999523162842,1.7999999523162842,1.7999999523162842,1.4145079851150513,0
2003-01-23,1.7999999523162842,1.7999999523162842,1.7999999523162842,1.7999999523162842,1.4145079851150513,0
2003-01-24,1.7999999523162842,1.7999999523162842,1.7999999523162842,1.7999999523162842,1.4145079851150513,0
2003-01-27,1.7999999523162842,1.7999999523162842,1.7999999523162842,1.7999999523162842,1.4145079851150513,2500
2003-01-28,1.7799999713897705,1.7799999713897705,1.7699999809265137,1.7799999713897705,1.3987913131713867,6000
2003-01-29,1.7599999904632568,1.7899999618530273,1.7599999904632568,1.7899999618530273,1.4066489934921265,3500
2003-01-30,1.7699999809265137,1.7699999809265137,1.7200000286102295,1.7419999837875366,1.3689286708831787,8500
2003-01-31,1.7419999837875366,1.7419999837875366,1.7419999837875366,1.7419999837875366,1.3689286708831787,0
2003-02-03,1.7599999904632568,1.7699999809265137,1.7599999904632568,1.7699999809265137,1.390932559967041,2500
2003-02-04,1.7599999904632568,1.7599999904632568,1.7400000095367432,1.7580000162124634,1.3815027475357056,7500
2003-02-05,1.7599999904632568,1.7799999713897705,1.7400000095367432,1.7400000095367432,1.3673577308654785,6000
2003-02-06,1.722000002861023,1.722000002861023,1.600000023841858,1.6299999952316284,1.2809151411056519,24500
2003-02-07,1.6200000047683716,1.6200000047683716,1.6200000047683716,1.6200000047683716,1.2730573415756226,3000
2003-02-10,1.6200000047683716,1.6200000047683716,1.6200000047683716,1.6200000047683716,1.2730573415756226,0
2003-02-11,1.600000023841858,1.7000000476837158,1.600000023841858,1.7000000476837158,1.3359241485595703,17000
2003-02-12,1.6799999475479126,1.6799999475479126,1.659999966621399,1.659999966621399,1.304490089416504,5500
2003-02-13,1.6399999856948853,1.6399999856948853,1.6200000047683716,1.6299999952316284,1.2809151411056519,5500
2003-02-14,1.6460000276565552,1.6460000276565552,1.6460000276565552,1.6460000276565552,1.2934889793395996,1000
2003-02-18,1.6260000467300415,1.6260000467300415,1.6260000467300415,1.6260000467300415,1.2777719497680664,1000
2003-02-19,1.6260000467300415,1.6260000467300415,1.6260000467300415,1.6260000467300415,1.2777719497680664,0
2003-02-20,1.6260000467300415,1.6260000467300415,1.6260000467300415,1.6260000467300415,1.2777719497680664,0
2003-02-21,1.6260000467300415,1.6260000467300415,1.6260000467300415,1.6260000467300415,1.2777719497680664,0
2003-02-24,1.6260000467300415,1.6260000467300415,1.6260000467300415,1.6260000467300415,1.2777719497680664,0
2003-02-25,1.6260000467300415,1.6260000467300415,1.6260000467300415,1.6260000467300415,1.2777719497680664,0
2003-02-26,1.6059999465942383,1.6059999465942383,1.6059999465942383,1.6059999465942383,1.262055516242981,1500
2003-02-27,1.5859999656677246,1.5859999656677246,1.565999984741211,1.565999984741211,1.2306219339370728,3000
2003-02-28,1.590000033378601,1.590000033378601,1.590000033378601,1.590000033378601,1.249482274055481,1000
2003-03-03,1.590000033378601,1.590000033378601,1.590000033378601,1.590000033378601,1.249482274055481,0
2003-03-04,1.5700000524520874,1.5700000524520874,1.5700000524520874,1.5700000524520874,1.2337646484375,1500
2003-03-05,1.5700000524520874,1.5700000524520874,1.5700000524520874,1.5700000524520874,1.2337646484375,0
2003-03-06,1.5800000429153442,1.5800000429153442,1.5800000429153442,1.5800000429153442,1.2416234016418457,2500
2003-03-07,1.5700000524520874,1.5700000524520874,1.5700000524520874,1.5700000524520874,1.2337646484375,500
2003-03-10,1.5700000524520874,1.5700000524520874,1.5700000524520874,1.5700000524520874,1.2337646484375,0
2003-03-11,1.5700000524520874,1.5700000524520874,1.5700000524520874,1.5700000524520874,1.2337646484375,0
2003-03-12,1.5579999685287476,1.5579999685287476,1.5299999713897705,1.5479999780654907,1.2164767980575562,10000
2003-03-13,1.5399999618530273,1.5399999618530273,1.5399999618530273,1.5399999618530273,1.2101895809173584,1500
2003-03-14,1.5199999809265137,1.5199999809265137,1.5099999904632568,1.5099999904632568,1.186614751815796,2500
2003-03-17,1.5099999904632568,1.5099999904632568,1.5099999904632568,1.5099999904632568,1.186614751815796,0
2003-03-18,1.5099999904632568,1.5099999904632568,1.5099999904632568,1.5099999904632568,1.186614751815796,0
2003-03-19,1.5099999904632568,1.5099999904632568,1.5099999904632568,1.5099999904632568,1.186614751815796,0
2003-03-20,1.5,1.5,1.5,1.5,1.186614751815796,0
2003-03-21,1.5,1.5,1.5,1.5,1.186614751815796,0
2003-03-24,1.5199999809265137,1.5360000133514404,1.5199999809265137,1.5360000133514404,1.215093731880188,6500
2003-03-25,1.5360000133514404,1.5360000133514404,1.5360000133514404,1.5360000133514404,1.215093731880188,0
2003-03-26,1.5099999904632568,1.5099999904632568,1.5099999904632568,1.5099999904632568,1.1945263147354126,500
2003-03-27,1.5099999904632568,1.5099999904632568,1.5099999904632568,1.5099999904632568,1.1945263147354126,0
2003-03-28,1.5099999904632568,1.5099999904632568,1.5099999904632568,1.5099999904632568,1.1945263147354126,0
2003-03-31,1.5099999904632568,1.5099999904632568,1.5099999904632568,1.5099999904632568,1.1945263147354126,0
2003-04-01,1.4900000095367432,1.4900000095367432,1.4199999570846558,1.4359999895095825,1.135986089706421,32500
2003-04-02,1.4220000505447388,1.4220000505447388,1.4220000505447388,1.4220000505447388,1.124910593032837,4000
2003-04-03,1.4119999408721924,1.4119999408721924,1.4119999408721924,1.4119999408721924,1.1170004606246948,1000
2003-04-04,1.4199999570846558,1.4259999990463257,1.4199999570846558,1.4259999990463257,1.128075122833252,11000
2003-04-07,1.4259999990463257,1.4259999990463257,1.4259999990463257,1.4259999990463257,1.128075122833252,0
2003-04-08,1.4259999990463257,1.4259999990463257,1.4259999990463257,1.4259999990463257,1.128075122833252,0
2003-04-09,1.4259999990463257,1.4299999475479126,1.4259999990463257,1.4299999475479126,1.131239414215088,2500
2003-04-10,1.4500000476837158,1.4500000476837158,1.4500000476837158,1.4500000476837158,1.1470611095428467,2000
2003-04-11,1.4500000476837158,1.4500000476837158,1.4500000476837158,1.4500000476837158,1.1470611095428467,0
2003-04-14,1.4500000476837158,1.4500000476837158,1.4500000476837158,1.4500000476837158,1.1470611095428467,0
2003-04-15,1.4600000381469727,1.4600000381469727,1.4600000381469727,1.4600000381469727,1.154971718788147,1500
2003-04-16,1.4800000190734863,1.4900000095367432,1.4800000190734863,1.4900000095367432,1.1787035465240479,5000
2003-04-17,1.4900000095367432,1.4900000095367432,1.4900000095367432,1.4900000095367432,1.1787035465240479,0
2003-04-21,1.5299999713897705,1.559999942779541,1.5299999713897705,1.559999942779541,1.2340794801712036,9500
2003-04-22,1.590000033378601,1.590000033378601,1.5499999523162842,1.5499999523162842,1.2261691093444824,4500
2003-04-23,1.559999942779541,1.559999942779541,1.559999942779541,1.559999942779541,1.2340794801712036,2500
2003-04-24,1.559999942779541,1.559999942779541,1.559999942779541,1.559999942779541,1.2340794801712036,0
2003-04-25,1.590000033378601,1.6100000143051147,1.590000033378601,1.590000033378601,1.2578117847442627,28500
2003-04-28,1.5700000524520874,1.590000033378601,1.5499999523162842,1.590000033378601,1.2578117847442627,10000
2003-04-29,1.590000033378601,1.590000033378601,1.590000033378601,1.590000033378601,1.2578117847442627,0
2003-04-30,1.590000033378601,1.590000033378601,1.590000033378601,1.590000033378601,1.2578117847442627,0
2003-05-01,1.590000033378601,1.590000033378601,1.590000033378601,1.590000033378601,1.2578117847442627,0
2003-05-02,1.590000033378601,1.590000033378601,1.590000033378601,1.590000033378601,1.2578117847442627,0
2003-05-05,1.590000033378601,1.590000033378601,1.590000033378601,1.590000033378601,1.2578117847442627,0
2003-05-06,1.590000033378601,1.590000033378601,1.590000033378601,1.590000033378601,1.2578117847442627,0
2003-05-07,1.5800000429153442,1.600000023841858,1.5800000429153442,1.5800000429153442,1.2499006986618042,11500
2003-05-08,1.5800000429153442,1.5800000429153442,1.5800000429153442,1.5800000429153442,1.2499006986618042,0
2003-05-09,1.5800000429153442,1.5800000429153442,1.5800000429153442,1.5800000429153442,1.2499006986618042,0
2003-05-12,1.6059999465942383,1.6100000143051147,1.6059999465942383,1.6100000143051147,1.273633599281311,14000
2003-05-13,1.6100000143051147,1.6100000143051147,1.6100000143051147,1.6100000143051147,1.273633599281311,2500
2003-05-14,1.6100000143051147,1.6100000143051147,1.590000033378601,1.590000033378601,1.2578117847442627,3500
2003-05-15,1.5800000429153442,1.5800000429153442,1.5800000429153442,1.5800000429153442,1.2499006986618042,1500
2003-05-16,1.5800000429153442,1.5800000429153442,1.5800000429153442,1.5800000429153442,1.2499006986618042,0
2003-05-19,1.5700000524520874,1.590000033378601,1.5700000524520874,1.590000033378601,1.2578117847442627,9000
2003-05-20,1.590000033378601,1.590000033378601,1.590000033378601,1.590000033378601,1.2578117847442627,0
2003-05-21,1.600000023841858,1.6200000047683716,1.600000023841858,1.6200000047683716,1.2815442085266113,20000
2003-05-22,1.6399999856948853,1.659999966621399,1.6399999856948853,1.659999966621399,1.313186764717102,19000
2003-05-23,1.6319999694824219,1.6699999570846558,1.6319999694824219,1.659999966621399,1.313186764717102,2000
2003-05-27,1.6720000505447388,1.7200000286102295,1.6720000505447388,1.7000000476837158,1.3448299169540405,5000
2003-05-28,1.7200000286102295,1.7400000095367432,1.7100000381469727,1.7100000381469727,1.3527408838272095,4000
2003-05-29,1.7100000381469727,1.7100000381469727,1.7100000381469727,1.7100000381469727,1.3527408838272095,0
2003-05-30,1.7200000286102295,1.7599999904632568,1.7200000286102295,1.7400000095367432,1.3764734268188477,2500
2003-06-02,1.7400000095367432,1.7400000095367432,1.7400000095367432,1.7400000095367432,1.3764734268188477,0
2003-06-03,1.7599999904632568,1.7999999523162842,1.7599999904632568,1.7999999523162842,1.423937439918518,19000
2003-06-04,1.809999942779541,1.809999942779541,1.809999942779541,1.809999942779541,1.4318485260009766,2000
2003-06-05,1.8200000524520874,1.8279999494552612,1.8200000524520874,1.8279999494552612,1.4460879564285278,15000
2003-06-06,1.840000033378601,1.840000033378601,1.7899999618530273,1.7899999618530273,1.4160268306732178,5500
2003-06-09,1.7799999713897705,1.7799999713897705,1.7799999713897705,1.7799999713897705,1.4081157445907593,1000
2003-06-10,1.7799999713897705,1.7799999713897705,1.7799999713897705,1.7799999713897705,1.4081157445907593,0
2003-06-11,1.7799999713897705,1.7799999713897705,1.7799999713897705,1.7799999713897705,1.4081157445907593,5000
2003-06-12,1.7699999809265137,1.7699999809265137,1.7699999809265137,1.7699999809265137,1.408116340637207,4500
2003-06-13,1.7899999618530273,1.7899999618530273,1.7899999618530273,1.7899999618530273,1.4240268468856812,500
2003-06-16,1.7699999809265137,1.7899999618530273,1.7300000190734863,1.7300000190734863,1.376294493675232,15000
2003-06-17,1.7100000381469727,1.7200000286102295,1.7100000381469727,1.7100000381469727,1.3603836297988892,32000
2003-06-18,1.7100000381469727,1.7100000381469727,1.7100000381469727,1.7100000381469727,1.3603836297988892,0
2003-06-19,1.7100000381469727,1.7100000381469727,1.7100000381469727,1.7100000381469727,1.3603836297988892,0
2003-06-20,1.7100000381469727,1.7100000381469727,1.7100000381469727,1.7100000381469727,1.3603836297988892,0
2003-06-23,1.7100000381469727,1.7100000381469727,1.7100000381469727,1.7100000381469727,1.3603836297988892,0
2003-06-24,1.7100000381469727,1.7100000381469727,1.7100000381469727,1.7100000381469727,1.3603836297988892,0
2003-06-25,1.7100000381469727,1.7100000381469727,1.7100000381469727,1.7100000381469727,1.3603836297988892,0
2003-06-26,1.7100000381469727,1.7100000381469727,1.7100000381469727,1.7100000381469727,1.3603836297988892,0
2003-06-27,1.7100000381469727,1.7100000381469727,1.7100000381469727,1.7100000381469727,1.3603836297988892,0
2003-06-30,1.7280000448226929,1.75,1.7200000286102295,1.7200000286102295,1.3683394193649292,12000
2003-07-01,1.7200000286102295,1.7200000286102295,1.7200000286102295,1.7200000286102295,1.3683394193649292,0
2003-07-02,1.7100000381469727,1.75,1.7100000381469727,1.75,1.392205834388733,5500
2003-07-03,1.75,1.75,1.75,1.75,1.392205834388733,0
2003-07-07,1.7400000095367432,1.7799999713897705,1.7400000095367432,1.7599999904632568,1.4001609086990356,12000
2003-07-08,1.75,1.75,1.75,1.75,1.392205834388733,500
2003-07-09,1.75,1.75,1.7300000190734863,1.7300000190734863,1.376294493675232,5500
2003-07-10,1.7300000190734863,1.7300000190734863,1.7300000190734863,1.7300000190734863,1.376294493675232,0
2003-07-11,1.7100000381469727,1.7100000381469727,1.7100000381469727,1.7100000381469727,1.3603836297988892,1000
2003-07-14,1.7000000476837158,1.7400000095367432,1.7000000476837158,1.7300000190734863,1.376294493675232,9000
2003-07-15,1.722000002861023,1.7699999809265137,1.722000002861023,1.7699999809265137,1.408116340637207,6000
2003-07-16,1.75,1.75,1.75,1.75,1.392205834388733,1000
2003-07-17,1.75,1.75,1.75,1.75,1.392205834388733,0
2003-07-18,1.75,1.75,1.75,1.75,1.392205834388733,3500
2003-07-21,1.75,1.75,1.75,1.75,1.392205834388733,0
2003-07-22,1.7300000190734863,1.7300000190734863,1.6799999475479126,1.7000000476837158,1.3524280786514282,31000
2003-07-23,1.6799999475479126,1.7100000381469727,1.6699999570846558,1.7100000381469727,1.3603836297988892,8500
2003-07-24,1.7300000190734863,1.7300000190734863,1.7300000190734863,1.7300000190734863,1.376294493675232,1500
2003-07-25,1.7480000257492065,1.75,1.7480000257492065,1.75,1.392205834388733,7500
2003-07-28,1.7300000190734863,1.7300000190734863,1.7300000190734863,1.7300000190734863,1.376294493675232,1500
2003-07-29,1.7300000190734863,1.7300000190734863,1.7300000190734863,1.7300000190734863,1.376294493675232,0
2003-07-30,1.75,1.7599999904632568,1.75,1.7599999904632568,1.4001609086990356,22500
2003-07-31,1.7799999713897705,1.7799999713897705,1.7799999713897705,1.7799999713897705,1.4160711765289307,2500
2003-08-01,1.7899999618530273,1.7899999618530273,1.7899999618530273,1.7899999618530273,1.4240268468856812,1000
2003-08-04,1.777999997138977,1.777999997138977,1.75600004196167,1.75600004196167,1.3969789743423462,14500
2003-08-05,1.7359999418258667,1.7359999418258667,1.7000000476837158,1.7000000476837158,1.3524280786514282,13500
2003-08-06,1.7000000476837158,1.7000000476837158,1.7000000476837158,1.7000000476837158,1.3524280786514282,0
2003-08-07,1.7000000476837158,1.7000000476837158,1.6799999475479126,1.7000000476837158,1.3524280786514282,7500
2003-08-08,1.7200000286102295,1.7200000286102295,1.7200000286102295,1.7200000286102295,1.3683394193649292,2000
2003-08-11,1.7400000095367432,1.7999999523162842,1.7400000095367432,1.7999999523162842,1.4319825172424316,21000
2003-08-12,1.8079999685287476,1.8079999685287476,1.7799999713897705,1.7799999713897705,1.4160711765289307,5000
2003-08-13,1.7999999523162842,1.7999999523162842,1.7920000553131104,1.7920000553131104,1.4256184101104736,10000
2003-08-14,1.7920000553131104,1.7920000553131104,1.7920000553131104,1.7920000553131104,1.4256184101104736,0
2003-08-15,1.7920000553131104,1.7920000553131104,1.7920000553131104,1.7920000553131104,1.4256184101104736,0
2003-08-18,1.809999942779541,1.809999942779541,1.7999999523162842,1.7999999523162842,1.4319825172424316,19500
2003-08-19,1.7999999523162842,1.8200000524520874,1.7999999523162842,1.8200000524520874,1.447893500328064,40500
2003-08-20,1.8200000524520874,1.8200000524520874,1.8200000524520874,1.8200000524520874,1.447893500328064,0
2003-08-21,1.809999942779541,1.8300000429153442,1.809999942779541,1.8200000524520874,1.447893500328064,7500
2003-08-22,1.8200000524520874,1.8380000591278076,1.8200000524520874,1.8200000524520874,1.447893500328064,10000
2003-08-25,1.8200000524520874,1.840000033378601,1.8200000524520874,1.840000033378601,1.4638043642044067,13500
2003-08-26,1.850000023841858,1.850000023841858,1.850000023841858,1.850000023841858,1.4717596769332886,2500
2003-08-27,1.8300000429153442,1.8300000429153442,1.8300000429153442,1.8300000429153442,1.4637610912322998,1000
2003-08-28,1.8300000429153442,1.8300000429153442,1.8300000429153442,1.8300000429153442,1.4637610912322998,0
2003-08-29,1.8300000429153442,1.8300000429153442,1.8300000429153442,1.8300000429153442,1.4637610912322998,0
2003-09-02,1.850000023841858,1.850000023841858,1.850000023841858,1.850000023841858,1.4797585010528564,1000
2003-09-03,1.8600000143051147,1.8600000143051147,1.8519999980926514,1.8519999980926514,1.4813586473464966,12000
2003-09-04,1.8519999980926514,1.8519999980926514,1.8519999980926514,1.8519999980926514,1.4813586473464966,5000
2003-09-05,1.840000033378601,1.899999976158142,1.840000033378601,1.899999976158142,1.5197521448135376,18500
2003-09-08,1.899999976158142,1.899999976158142,1.899999976158142,1.899999976158142,1.5197521448135376,0
2003-09-09,1.899999976158142,1.9199999570846558,1.899999976158142,1.9199999570846558,1.5357493162155151,10000
2003-09-10,1.9199999570846558,1.9199999570846558,1.9199999570846558,1.9199999570846558,1.5357493162155151,2500
2003-09-11,1.9299999475479126,1.9299999475479126,1.9299999475479126,1.9299999475479126,1.543747901916504,1000
2003-09-12,1.9299999475479126,1.9299999475479126,1.9299999475479126,1.9299999475479126,1.543747901916504,0
2003-09-15,1.909999966621399,1.909999966621399,1.909999966621399,1.909999966621399,1.5277506113052368,2500
2003-09-16,1.9119999408721924,1.9119999408721924,1.9119999408721924,1.9119999408721924,1.5293503999710083,500
2003-09-17,1.9299999475479126,1.9299999475479126,1.9299999475479126,1.9299999475479126,1.543747901916504,1000
2003-09-18,1.909999966621399,1.909999966621399,1.899999976158142,1.899999976158142,1.5197521448135376,10000
2003-09-19,1.899999976158142,1.899999976158142,1.899999976158142,1.899999976158142,1.5197521448135376,0
2003-09-22,1.899999976158142,1.899999976158142,1.899999976158142,1.899999976158142,1.5197521448135376,0
2003-09-23,1.8899999856948853,1.8899999856948853,1.8899999856948853,1.8899999856948853,1.5117532014846802,500
2003-09-24,1.8700000047683716,1.8700000047683716,1.8700000047683716,1.8700000047683716,1.4957565069198608,1500
2003-09-25,1.850000023841858,1.8600000143051147,1.8200000524520874,1.8600000143051147,1.487757682800293,13500
2003-09-26,1.8700000047683716,1.899999976158142,1.8700000047683716,1.899999976158142,1.5197521448135376,3500
2003-09-29,1.899999976158142,1.899999976158142,1.899999976158142,1.899999976158142,1.5197521448135376,0
2003-09-30,1.899999976158142,1.9199999570846558,1.899999976158142,1.9040000438690186,1.522951602935791,8000
2003-10-01,1.9040000438690186,1.9040000438690186,1.9040000438690186,1.9040000438690186,1.522951602935791,0
2003-10-02,1.9140000343322754,1.9199999570846558,1.9040000438690186,1.9199999570846558,1.5357493162155151,4000
2003-10-03,1.9040000438690186,1.9040000438690186,1.9040000438690186,1.9040000438690186,1.522951602935791,500
2003-10-06,1.9040000438690186,1.9040000438690186,1.9040000438690186,1.9040000438690186,1.522951602935791,0
2003-10-07,1.9240000247955322,1.940000057220459,1.9199999570846558,1.940000057220459,1.5517464876174927,4500
2003-10-08,1.9299999475479126,1.9299999475479126,1.9199999570846558,1.9199999570846558,1.5357493162155151,2000
2003-10-09,1.899999976158142,1.899999976158142,1.899999976158142,1.899999976158142,1.5197521448135376,4000
2003-10-10,1.8899999856948853,1.909999966621399,1.871999979019165,1.871999979019165,1.4973560571670532,22500
2003-10-13,1.8919999599456787,1.8919999599456787,1.8700000047683716,1.8700000047683716,1.4957565069198608,12000
2003-10-14,1.8700000047683716,1.8700000047683716,1.8700000047683716,1.8700000047683716,1.4957565069198608,0
2003-10-15,1.8700000047683716,1.8700000047683716,1.8700000047683716,1.8700000047683716,1.4957565069198608,0
2003-10-16,1.850000023841858,1.850000023841858,1.850000023841858,1.850000023841858,1.4797585010528564,2000
2003-10-17,1.8300000429153442,1.8300000429153442,1.8300000429153442,1.8300000429153442,1.4637610912322998,2500
2003-10-20,1.809999942779541,1.809999942779541,1.7899999618530273,1.7899999618530273,1.4317666292190552,7500
2003-10-21,1.7899999618530273,1.7899999618530273,1.7899999618530273,1.7899999618530273,1.4317666292190552,0
2003-10-22,1.781999945640564,1.781999945640564,1.781999945640564,1.781999945640564,1.425367832183838,500
2003-10-23,1.7799999713897705,1.7799999713897705,1.7640000581741333,1.7640000581741333,1.4109702110290527,15500
2003-10-24,1.7619999647140503,1.7619999647140503,1.7400000095367432,1.7599999904632568,1.4077703952789307,5500
2003-10-27,1.7319999933242798,1.899999976158142,1.7319999933242798,1.8600000143051147,1.487757682800293,108000
2003-10-28,1.8799999952316284,1.8799999952316284,1.8480000495910645,1.850000023841858,1.4797585010528564,32500
2003-10-29,1.8300000429153442,1.8300000429153442,1.7300000190734863,1.8079999685287476,1.4461641311645508,67000
2003-10-30,1.8220000267028809,1.8220000267028809,1.7999999523162842,1.809999942779541,1.4477638006210327,3500
2003-10-31,1.809999942779541,1.809999942779541,1.809999942779541,1.809999942779541,1.4477638006210327,0
2003-11-03,1.8200000524520874,1.840000033378601,1.7999999523162842,1.7999999523162842,1.4397650957107544,30500
2003-11-04,1.7999999523162842,1.7999999523162842,1.7999999523162842,1.7999999523162842,1.4397650957107544,0
2003-11-05,1.8179999589920044,1.8300000429153442,1.8179999589920044,1.8300000429153442,1.4637610912322998,5000
2003-11-06,1.8480000495910645,1.8580000400543213,1.8300000429153442,1.840000033378601,1.4717596769332886,13500
2003-11-07,1.8300000429153442,1.8300000429153442,1.8300000429153442,1.8300000429153442,1.4637610912322998,500
2003-11-10,1.809999942779541,1.8140000104904175,1.7999999523162842,1.8140000104904175,1.4509631395339966,3000
2003-11-11,1.8140000104904175,1.8140000104904175,1.8140000104904175,1.8140000104904175,1.4509631395339966,0
2003-11-12,1.8140000104904175,1.8140000104904175,1.8140000104904175,1.8140000104904175,1.4509631395339966,0
2003-11-13,1.8140000104904175,1.8140000104904175,1.8140000104904175,1.8140000104904175,1.4509631395339966,0
2003-11-14,1.8140000104904175,1.8140000104904175,1.8140000104904175,1.8140000104904175,1.4509631395339966,0
2003-11-17,1.8200000524520874,1.8380000591278076,1.8200000524520874,1.8200000524520874,1.455762505531311,15500
2003-11-18,1.7999999523162842,1.7999999523162842,1.7999999523162842,1.7999999523162842,1.4397650957107544,5000
2003-11-19,1.809999942779541,1.8179999589920044,1.7999999523162842,1.7999999523162842,1.4397650957107544,4000
2003-11-20,1.7799999713897705,1.7999999523162842,1.7799999713897705,1.7999999523162842,1.4397650957107544,2000
2003-11-21,1.8179999589920044,1.8480000495910645,1.8179999589920044,1.8200000524520874,1.455762505531311,18500
2003-11-24,1.8220000267028809,1.8220000267028809,1.8200000524520874,1.8200000524520874,1.455762505531311,5500
2003-11-25,1.8179999589920044,1.8359999656677246,1.7999999523162842,1.7999999523162842,1.4477192163467407,36500
2003-11-26,1.8079999685287476,1.8200000524520874,1.8079999685287476,1.8200000524520874,1.4638049602508545,14500
2003-11-28,1.8020000457763672,1.8179999589920044,1.7960000038146973,1.805999994277954,1.4525452852249146,14500
2003-12-01,1.805999994277954,1.8179999589920044,1.7999999523162842,1.815999984741211,1.460587978363037,75000
2003-12-02,1.8359999656677246,1.8600000143051147,1.809999942779541,1.8300000429153442,1.4718483686447144,65500
2003-12-03,1.8380000591278076,1.940000057220459,1.8380000591278076,1.9240000247955322,1.5474512577056885,81000
2003-12-04,1.940000057220459,1.9700000286102295,1.940000057220459,1.9700000286102295,1.5844484567642212,9500
2003-12-05,1.9900000095367432,2.0199999809265137,1.9900000095367432,2.0199999809265137,1.6246631145477295,14000
2003-12-08,2.0299999713897705,2.049999952316284,2.0299999713897705,2.049999952316284,1.6487916707992554,4500
2003-12-09,2.049999952316284,2.059999942779541,2.049999952316284,2.058000087738037,1.655226230621338,15000
2003-12-10,2.0420000553131104,2.059999942779541,2.0420000553131104,2.058000087738037,1.655226230621338,21000
2003-12-11,2.0460000038146973,2.049999952316284,1.9980000257492065,2.0,1.6085773706436157,110000
2003-12-12,2.01200008392334,2.059999942779541,2.007999897003174,2.059999942779541,1.6568348407745361,74000
2003-12-15,2.0399999618530273,2.0399999618530273,1.9980000257492065,2.0399999618530273,1.6407486200332642,127000
2003-12-16,2.059999942779541,2.059999942779541,2.059999942779541,2.059999942779541,1.6568348407745361,7500
2003-12-17,2.0799999237060547,2.0999999046325684,2.0799999237060547,2.0999999046325684,1.689005970954895,4000
2003-12-18,2.0399999618530273,2.049999952316284,2.0399999618530273,2.049999952316284,1.6487916707992554,26500
2003-12-19,2.0320000648498535,2.0320000648498535,2.003999948501587,2.0199999809265137,1.6246631145477295,14500
2003-12-22,2.0199999809265137,2.0199999809265137,2.0199999809265137,2.0199999809265137,1.6246631145477295,2500
2003-12-23,2.0199999809265137,2.0999999046325684,2.0199999809265137,2.0899999141693115,1.6809636354446411,67500
2003-12-24,2.0980000495910645,2.0999999046325684,2.0980000495910645,2.0999999046325684,1.689005970954895,5500
2003-12-26,2.115999937057495,2.115999937057495,2.0999999046325684,2.0999999046325684,1.689005970954895,7500
2003-12-29,2.115999937057495,2.115999937057495,2.0799999237060547,2.0799999237060547,1.6729201078414917,27500
2003-12-30,2.069999933242798,2.069999933242798,2.0399999618530273,2.059999942779541,1.6568348407745361,9500
2003-12-31,2.0399999618530273,2.0399999618530273,2.0399999618530273,2.0399999618530273,1.6407486200332642,2500
2004-01-02,2.0399999618530273,2.0399999618530273,2.0399999618530273,2.0399999618530273,1.6407486200332642,0
2004-01-05,2.049999952316284,2.063999891281128,2.049999952316284,2.063999891281128,1.6600520610809326,4000
2004-01-06,2.063999891281128,2.063999891281128,2.063999891281128,2.063999891281128,1.6600520610809326,0
2004-01-07,2.053999900817871,2.053999900817871,2.009999990463257,2.0399999618530273,1.6407486200332642,11500
2004-01-08,2.0220000743865967,2.0220000743865967,2.002000093460083,2.002000093460083,1.610186219215393,16500
2004-01-09,2.00600004196167,2.0880000591278076,2.0,2.0880000591278076,1.6793545484542847,63000
2004-01-12,2.0880000591278076,2.0880000591278076,2.0880000591278076,2.0880000591278076,1.6793545484542847,0
2004-01-13,2.0880000591278076,2.0880000591278076,2.0880000591278076,2.0880000591278076,1.6793545484542847,0
2004-01-14,2.068000078201294,2.0920000076293945,2.068000078201294,2.0899999141693115,1.6809636354446411,5000
2004-01-15,2.109999895095825,2.109999895095825,2.109999895095825,2.109999895095825,1.6970487833023071,2000
2004-01-16,2.124000072479248,2.1700000762939453,2.124000072479248,2.1700000762939453,1.745306134223938,15000
2004-01-20,2.1519999504089355,2.190000057220459,2.1519999504089355,2.190000057220459,1.7613922357559204,12500
2004-01-21,2.1679999828338623,2.1760001182556152,2.1659998893737793,2.1760001182556152,1.7501322031021118,3500
2004-01-22,2.187999963760376,2.2899999618530273,2.187999963760376,2.2899999618530273,1.8418211936950684,48500
2004-01-23,2.259999990463257,2.2739999294281006,2.252000093460083,2.259999990463257,1.817691683769226,29000
2004-01-26,2.253999948501587,2.319999933242798,2.25,2.319999933242798,1.8659498691558838,25000
2004-01-27,2.299999952316284,2.299999952316284,2.2899999618530273,2.2899999618530273,1.8418211936950684,2000
2004-01-28,2.2899999618530273,2.308000087738037,2.2899999618530273,2.308000087738037,1.8562982082366943,2000
2004-01-29,2.2799999713897705,2.2860000133514404,2.2720000743865967,2.2860000133514404,1.8386038541793823,10000
2004-01-30,2.308000087738037,2.308000087738037,2.308000087738037,2.308000087738037,1.8562982082366943,2500
2004-02-02,2.3239998817443848,2.3399999141693115,2.1659998893737793,2.190000057220459,1.7613922357559204,75000
2004-02-03,2.2100000381469727,2.2200000286102295,2.200000047683716,2.2119998931884766,1.7790865898132324,22000
2004-02-04,2.2119998931884766,2.2119998931884766,2.0999999046325684,2.109999895095825,1.6970487833023071,96000
2004-02-05,2.130000114440918,2.130000114440918,2.109999895095825,2.109999895095825,1.6970487833023071,54000
2004-02-06,2.0980000495910645,2.0980000495910645,2.0420000553131104,2.0799999237060547,1.6729201078414917,120500
2004-02-09,2.0799999237060547,2.0999999046325684,2.0439999103546143,2.069999933242798,1.6648776531219482,50500
2004-02-10,2.063999891281128,2.0840001106262207,2.0439999103546143,2.072000026702881,1.6664860248565674,56500
2004-02-11,2.059999942779541,2.0999999046325684,2.059999942779541,2.0980000495910645,1.687397837638855,125000
2004-02-12,2.0899999141693115,2.0899999141693115,2.0840001106262207,2.0880000591278076,1.6793545484542847,88500
2004-02-13,2.0880000591278076,2.1019999980926514,2.0880000591278076,2.0999999046325684,1.689005970954895,10000
2004-02-17,2.119999885559082,2.119999885559082,2.0999999046325684,2.0999999046325684,1.689005970954895,45000
2004-02-18,2.0999999046325684,2.118000030517578,2.0999999046325684,2.0999999046325684,1.689005970954895,58000
2004-02-19,2.119999885559082,2.1579999923706055,2.119999885559082,2.1579999923706055,1.7356551885604858,36000
2004-02-20,2.177999973297119,2.2100000381469727,2.177999973297119,2.2100000381469727,1.7774773836135864,31000
2004-02-23,2.2219998836517334,2.259999990463257,2.2200000286102295,2.240000009536743,1.8016070127487183,21000
2004-02-24,2.246000051498413,2.246000051498413,2.1700000762939453,2.1700000762939453,1.745306134223938,27500
2004-02-25,2.1559998989105225,2.1600000858306885,2.140000104904175,2.1600000858306885,1.737263798713684,7000
2004-02-26,2.1600000858306885,2.1600000858306885,2.140000104904175,2.140000104904175,1.7211781740188599,13500
2004-02-27,2.1540000438690186,2.1540000438690186,2.119999885559082,2.140000104904175,1.7211781740188599,48500
2004-03-01,2.1559998989105225,2.180000066757202,2.1559998989105225,2.180000066757202,1.7533494234085083,7500
2004-03-02,2.197999954223633,2.240000009536743,2.196000099182129,2.2200000286102295,1.785521149635315,41500
2004-03-03,2.2360000610351562,2.25,2.2200000286102295,2.2200000286102295,1.785521149635315,52000
2004-03-04,2.2200000286102295,2.2200000286102295,2.2200000286102295,2.2200000286102295,1.785521149635315,6000
2004-03-05,2.2200000286102295,2.2200000286102295,2.2200000286102295,2.2200000286102295,1.785521149635315,0
2004-03-08,2.23799991607666,2.25,2.2200000286102295,2.25,1.8096492290496826,11500
2004-03-09,2.25,2.25,2.25,2.25,1.8096492290496826,0
2004-03-10,2.247999906539917,2.247999906539917,2.23799991607666,2.23799991607666,1.7999975681304932,6000
2004-03-11,2.2279999256134033,2.2279999256134033,2.2279999256134033,2.2279999256134033,1.7999975681304932,0
2004-03-12,2.2079999446868896,2.2300000190734863,2.194000005722046,2.2200000286102295,1.7935353517532349,8000
2004-03-15,2.2200000286102295,2.2200000286102295,2.2200000286102295,2.2200000286102295,1.7935353517532349,0
2004-03-16,2.200000047683716,2.200000047683716,2.200000047683716,2.200000047683716,1.7773767709732056,5000
2004-03-17,2.200000047683716,2.200000047683716,2.200000047683716,2.200000047683716,1.7773767709732056,0
2004-03-18,2.2200000286102295,2.2279999256134033,2.2079999446868896,2.2079999446868896,1.7838399410247803,12500
2004-03-19,2.184000015258789,2.190000057220459,2.184000015258789,2.190000057220459,1.769298791885376,1500
2004-03-22,2.190000057220459,2.190000057220459,2.190000057220459,2.190000057220459,1.769298791885376,0
2004-03-23,2.171999931335449,2.180000066757202,2.1600000858306885,2.1700000762939453,1.753139615058899,7000
2004-03-24,2.1519999504089355,2.1519999504089355,2.119999885559082,2.119999885559082,1.712745189666748,8000
2004-03-25,2.140000104904175,2.180000066757202,2.131999969482422,2.180000066757202,1.7612186670303345,17000
2004-03-26,2.200000047683716,2.2100000381469727,2.200000047683716,2.2100000381469727,1.785455584526062,5000
2004-03-29,2.2119998931884766,2.2119998931884766,2.181999921798706,2.181999921798706,1.7628350257873535,13000
2004-03-30,2.1640000343322754,2.180000066757202,2.140000104904175,2.140000104904175,1.7289029359817505,18000
2004-03-31,2.119999885559082,2.119999885559082,2.119999885559082,2.119999885559082,1.712745189666748,32000
2004-04-01,2.140000104904175,2.1700000762939453,2.140000104904175,2.1700000762939453,1.753139615058899,6500
2004-04-02,2.180000066757202,2.2300000190734863,2.180000066757202,2.2100000381469727,1.785455584526062,8500
2004-04-05,2.194000005722046,2.194000005722046,2.1700000762939453,2.1700000762939453,1.753139615058899,6000
2004-04-06,2.1700000762939453,2.1700000762939453,2.1700000762939453,2.1700000762939453,1.753139615058899,0
2004-04-07,2.1700000762939453,2.200000047683716,2.1700000762939453,2.200000047683716,1.7773767709732056,6500
2004-04-08,2.2100000381469727,2.2100000381469727,2.2100000381469727,2.2100000381469727,1.785455584526062,4000
2004-04-12,2.2100000381469727,2.2100000381469727,2.2100000381469727,2.2100000381469727,1.785455584526062,0
2004-04-13,2.2200000286102295,2.2200000286102295,2.2200000286102295,2.2200000286102295,1.7935353517532349,30000
2004-04-14,2.2200000286102295,2.2200000286102295,2.2200000286102295,2.2200000286102295,1.7935353517532349,0
2004-04-15,2.2179999351501465,2.2699999809265137,2.2179999351501465,2.2699999809265137,1.8339310884475708,48000
2004-04-16,2.2899999618530273,2.3299999237060547,2.2899999618530273,2.3299999237060547,1.8824031352996826,15000
2004-04-19,2.3340001106262207,2.3399999141693115,2.3299999237060547,2.3399999141693115,1.8904831409454346,17500
2004-04-20,2.3580000400543213,2.3580000400543213,2.3580000400543213,2.3580000400543213,1.905024766921997,2500
2004-04-21,2.3499999046325684,2.3499999046325684,2.3499999046325684,2.3499999046325684,1.8985612392425537,500
2004-04-22,2.3299999237060547,2.368000030517578,2.3299999237060547,2.368000030517578,1.9131038188934326,14500
2004-04-23,2.380000114440918,2.380000114440918,2.380000114440918,2.380000114440918,1.9227975606918335,2500
2004-04-26,2.380000114440918,2.380000114440918,2.380000114440918,2.380000114440918,1.9227975606918335,0
2004-04-27,2.390000104904175,2.390000104904175,2.390000104904175,2.390000104904175,1.9308775663375854,500
2004-04-28,2.371999979019165,2.390000104904175,2.369999885559082,2.390000104904175,1.9308775663375854,5500
2004-04-29,2.369999885559082,2.380000114440918,2.359999895095825,2.380000114440918,1.9227975606918335,4500
2004-04-30,2.380000114440918,2.380000114440918,2.380000114440918,2.380000114440918,1.9227975606918335,0
2004-05-03,2.380000114440918,2.390000104904175,2.380000114440918,2.390000104904175,1.9308775663375854,2500
2004-05-04,2.390000104904175,2.390000104904175,2.390000104904175,2.390000104904175,1.9308775663375854,0
2004-05-05,2.390000104904175,2.390000104904175,2.390000104904175,2.390000104904175,1.9308775663375854,500
2004-05-06,2.368000030517578,2.368000030517578,2.299999952316284,2.3299999237060547,1.8824031352996826,15500
2004-05-07,2.3580000400543213,2.359999895095825,2.3580000400543213,2.359999895095825,1.9066404104232788,4000
2004-05-10,2.359999895095825,2.359999895095825,2.359999895095825,2.359999895095825,1.9066404104232788,0
2004-05-11,2.3399999141693115,2.3399999141693115,2.3399999141693115,2.3399999141693115,1.8904831409454346,1000
2004-05-12,2.3399999141693115,2.3399999141693115,2.3399999141693115,2.3399999141693115,1.8904831409454346,0
2004-05-13,2.309999942779541,2.309999942779541,2.2200000286102295,2.2799999713897705,1.8420089483261108,26000
2004-05-14,2.299999952316284,2.299999952316284,2.299999952316284,2.299999952316284,1.8581666946411133,2500
2004-05-17,2.2799999713897705,2.2899999618530273,2.25,2.2899999618530273,1.8500875234603882,10000
2004-05-18,2.2960000038146973,2.2960000038146973,2.2960000038146973,2.2960000038146973,1.8549352884292603,1500
2004-05-19,2.2699999809265137,2.2799999713897705,2.259999990463257,2.2799999713897705,1.8420089483261108,6000
2004-05-20,2.259999990463257,2.259999990463257,2.240000009536743,2.240000009536743,1.8096929788589478,5000
2004-05-21,2.259999990463257,2.259999990463257,2.259999990463257,2.259999990463257,1.8258503675460815,1500
2004-05-24,2.240000009536743,2.240000009536743,2.240000009536743,2.240000009536743,1.8096929788589478,3500
2004-05-25,2.240000009536743,2.240000009536743,2.240000009536743,2.240000009536743,1.8096929788589478,0
2004-05-26,2.259999990463257,2.259999990463257,2.25,2.25,1.8177703619003296,1500
2004-05-27,2.25,2.25,2.25,2.25,1.8177703619003296,0
2004-05-28,2.2300000190734863,2.2300000190734863,2.200000047683716,2.200000047683716,1.7773767709732056,8000
2004-06-01,2.2200000286102295,2.299999952316284,2.2200000286102295,2.299999952316284,1.8581666946411133,13500
2004-06-02,2.2760000228881836,2.319999933242798,2.2720000743865967,2.2899999618530273,1.8500875234603882,45000
2004-06-03,2.313999891281128,2.313999891281128,2.313999891281128,2.313999891281128,1.8694772720336914,2500
2004-06-04,2.2899999618530273,2.318000078201294,2.2899999618530273,2.309999942779541,1.8662458658218384,7500
2004-06-07,2.299999952316284,2.328000068664551,2.299999952316284,2.328000068664551,1.8807886838912964,11000
2004-06-08,2.3359999656677246,2.3359999656677246,2.3359999656677246,2.3359999656677246,1.8872504234313965,3000
2004-06-09,2.3359999656677246,2.3359999656677246,2.3359999656677246,2.3359999656677246,1.8872504234313965,0
2004-06-10,2.3380000591278076,2.3380000591278076,2.3380000591278076,2.3380000591278076,1.888866662979126,2500
2004-06-14,2.3380000591278076,2.3380000591278076,2.3380000591278076,2.3380000591278076,1.8969805240631104,6500
2004-06-15,2.319999933242798,2.319999933242798,2.319999933242798,2.319999933242798,1.8823758363723755,1000
2004-06-16,2.319999933242798,2.3299999237060547,2.299999952316284,2.299999952316284,1.8661483526229858,14000
2004-06-17,2.299999952316284,2.299999952316284,2.299999952316284,2.299999952316284,1.8661483526229858,0
2004-06-18,2.299999952316284,2.299999952316284,2.299999952316284,2.299999952316284,1.8661483526229858,0
2004-06-21,2.2799999713897705,2.2799999713897705,2.259999990463257,2.2699999809265137,1.841807246208191,11500
2004-06-22,2.2699999809265137,2.2699999809265137,2.2699999809265137,2.2699999809265137,1.841807246208191,0
2004-06-23,2.2699999809265137,2.2699999809265137,2.2699999809265137,2.2699999809265137,1.841807246208191,0
2004-06-24,2.2699999809265137,2.2699999809265137,2.2699999809265137,2.2699999809265137,1.841807246208191,0
2004-06-25,2.25,2.25,2.25,2.25,1.825580358505249,1000
2004-06-28,2.25,2.25,2.25,2.25,1.825580358505249,0
2004-06-29,2.25,2.25,2.25,2.25,1.825580358505249,0
2004-06-30,2.2300000190734863,2.25,2.2300000190734863,2.25,1.825580358505249,2500
2004-07-01,2.2300000190734863,2.2300000190734863,2.2300000190734863,2.2300000190734863,1.8093526363372803,2000
2004-07-02,2.200000047683716,2.200000047683716,2.200000047683716,2.200000047683716,1.7850114107131958,1000
2004-07-06,2.2100000381469727,2.2100000381469727,2.200000047683716,2.200000047683716,1.7850114107131958,2000
2004-07-07,2.190000057220459,2.2100000381469727,2.190000057220459,2.2100000381469727,1.7931255102157593,13000
2004-07-08,2.2079999446868896,2.2100000381469727,2.2079999446868896,2.2100000381469727,1.7931255102157593,19500
2004-07-09,2.2100000381469727,2.2100000381469727,2.2039999961853027,2.2100000381469727,1.7931255102157593,20000
2004-07-12,2.2039999961853027,2.2300000190734863,2.2019999027252197,2.2300000190734863,1.8093526363372803,15500
2004-07-13,2.2219998836517334,2.25,2.2160000801086426,2.25,1.825580358505249,36500
2004-07-14,2.2300000190734863,2.2699999809265137,2.2200000286102295,2.2699999809265137,1.841807246208191,21500
2004-07-15,2.252000093460083,2.2660000324249268,2.240000009536743,2.2660000324249268,1.838562250137329,10000
2004-07-16,2.2899999618530273,2.319999933242798,2.2899999618530273,2.319999933242798,1.8823758363723755,33000
2004-07-19,2.3320000171661377,2.3380000591278076,2.328000068664551,2.328000068664551,1.888866662979126,12000
2004-07-20,2.3299999237060547,2.3299999237060547,2.3299999237060547,2.3299999237060547,1.890490174293518,2500
2004-07-21,2.3380000591278076,2.3399999141693115,2.3299999237060547,2.3299999237060547,1.890490174293518,87500
2004-07-22,2.319999933242798,2.319999933242798,2.2699999809265137,2.2699999809265137,1.841807246208191,42000
2004-07-23,2.2699999809265137,2.2699999809265137,2.2699999809265137,2.2699999809265137,1.841807246208191,500
2004-07-26,2.2899999618530273,2.2899999618530273,2.2899999618530273,2.2899999618530273,1.8580348491668701,2000
2004-07-27,2.2899999618530273,2.2899999618530273,2.2899999618530273,2.2899999618530273,1.8580348491668701,0
2004-07-28,2.2899999618530273,2.2899999618530273,2.2899999618530273,2.2899999618530273,1.8580348491668701,0
2004-07-29,2.2699999809265137,2.2799999713897705,2.200000047683716,2.240000009536743,1.8174670934677124,43500
2004-07-30,2.25,2.259999990463257,2.240000009536743,2.25,1.825580358505249,5000
2004-08-02,2.240000009536743,2.240000009536743,2.190000057220459,2.2300000190734863,1.8093526363372803,11000
2004-08-03,2.2179999351501465,2.259999990463257,2.2179999351501465,2.240000009536743,1.8174670934677124,73000
2004-08-04,2.2239999771118164,2.252000093460083,2.2219998836517334,2.246000051498413,1.8223341703414917,72000
2004-08-05,2.246000051498413,2.246000051498413,2.246000051498413,2.246000051498413,1.8223341703414917,0
2004-08-06,2.23799991607666,2.240000009536743,2.2300000190734863,2.240000009536743,1.8174670934677124,27500
2004-08-09,2.25,2.25,2.25,2.25,1.825580358505249,1000
2004-08-10,2.2300000190734863,2.25,2.2300000190734863,2.25,1.825580358505249,2000
2004-08-11,2.25,2.25,2.25,2.25,1.825580358505249,0
2004-08-12,2.25,2.252000093460083,2.25,2.252000093460083,1.8272039890289307,2000
2004-08-13,2.252000093460083,2.257999897003174,2.240000009536743,2.257999897003174,1.8320714235305786,32000
2004-08-16,2.26200008392334,2.2699999809265137,2.26200008392334,2.26200008392334,1.8353163003921509,3000
2004-08-17,2.252000093460083,2.257999897003174,2.252000093460083,2.257999897003174,1.8320714235305786,37000
2004-08-18,2.2860000133514404,2.2899999618530273,2.2799999713897705,2.2899999618530273,1.8580348491668701,18000
2004-08-19,2.2699999809265137,2.2699999809265137,2.2699999809265137,2.2699999809265137,1.841807246208191,2500
2004-08-20,2.2880001068115234,2.2880001068115234,2.2880001068115234,2.2880001068115234,1.856412410736084,1500
2004-08-23,2.259999990463257,2.259999990463257,2.259999990463257,2.259999990463257,1.8336941003799438,2500
2004-08-24,2.259999990463257,2.259999990463257,2.259999990463257,2.259999990463257,1.8336941003799438,0
2004-08-25,2.259999990463257,2.259999990463257,2.259999990463257,2.259999990463257,1.8336941003799438,0
2004-08-26,2.257999897003174,2.257999897003174,2.24399995803833,2.25600004196167,1.830447793006897,116500
2004-08-27,2.259999990463257,2.259999990463257,2.2339999675750732,2.240000009536743,1.8174670934677124,119000
2004-08-30,2.240000009536743,2.259999990463257,2.2200000286102295,2.240000009536743,1.8256165981292725,88000
2004-08-31,2.240000009536743,2.240000009536743,2.2300000190734863,2.240000009536743,1.8256165981292725,19000
2004-09-01,2.25600004196167,2.257999897003174,2.25600004196167,2.257999897003174,1.8402866125106812,6500
2004-09-02,2.257999897003174,2.257999897003174,2.2339999675750732,2.240000009536743,1.8256165981292725,18500
2004-09-03,2.257999897003174,2.257999897003174,2.242000102996826,2.257999897003174,1.8402866125106812,30000
2004-09-07,2.240000009536743,2.257999897003174,2.240000009536743,2.257999897003174,1.8402866125106812,27500
2004-09-08,2.257999897003174,2.259999990463257,2.257999897003174,2.259999990463257,1.8419166803359985,38500
2004-09-09,2.2699999809265137,2.2699999809265137,2.2699999809265137,2.2699999809265137,1.8500664234161377,500
2004-09-10,2.2760000228881836,2.2780001163482666,2.2760000228881836,2.2780001163482666,1.8565870523452759,25500
2004-09-13,2.2799999713897705,2.299999952316284,2.2780001163482666,2.299999952316284,1.8745169639587402,27500
2004-09-14,2.299999952316284,2.319999933242798,2.299999952316284,2.319999933242798,1.8908172845840454,18500
2004-09-15,2.3359999656677246,2.4000000953674316,2.3359999656677246,2.369999885559082,1.9315682649612427,41000
2004-09-16,2.359999895095825,2.390000104904175,2.359999895095825,2.390000104904175,1.9478676319122314,11000
2004-09-17,2.4000000953674316,2.4000000953674316,2.4000000953674316,2.4000000953674316,1.9560184478759766,2500
2004-09-20,2.4000000953674316,2.4000000953674316,2.4000000953674316,2.4000000953674316,1.9560184478759766,0
2004-09-21,2.388000011444092,2.388000011444092,2.3399999141693115,2.3480000495910645,1.9136369228363037,21500
2004-09-22,2.359999895095825,2.359999895095825,2.359999895095825,2.359999895095825,1.9234169721603394,1500
2004-09-23,2.359999895095825,2.359999895095825,2.359999895095825,2.359999895095825,1.9234169721603394,5000
2004-09-24,2.359999895095825,2.359999895095825,2.359999895095825,2.359999895095825,1.9234169721603394,0
2004-09-27,2.359999895095825,2.359999895095825,2.359999895095825,2.359999895095825,1.9234169721603394,0
2004-09-28,2.359999895095825,2.359999895095825,2.359999895095825,2.359999895095825,1.9234169721603394,0
2004-09-29,2.359999895095825,2.359999895095825,2.359999895095825,2.359999895095825,1.9234169721603394,0
2004-09-30,2.359999895095825,2.359999895095825,2.359999895095825,2.359999895095825,1.9234169721603394,0
2004-10-01,2.359999895095825,2.359999895095825,2.359999895095825,2.359999895095825,1.9234169721603394,0
2004-10-04,2.378000020980835,2.378000020980835,2.3519999980926514,2.3519999980926514,1.9168976545333862,5000
2004-10-05,2.3519999980926514,2.3519999980926514,2.3519999980926514,2.3519999980926514,1.9168976545333862,0
2004-10-06,2.3480000495910645,2.3480000495910645,2.3480000495910645,2.3480000495910645,1.9136369228363037,500
2004-10-07,2.3399999141693115,2.3399999141693115,2.2799999713897705,2.3299999237060547,1.8989671468734741,13000
2004-10-08,2.299999952316284,2.3299999237060547,2.299999952316284,2.3299999237060547,1.8989671468734741,13500
2004-10-11,2.3299999237060547,2.3299999237060547,2.3299999237060547,2.3299999237060547,1.8989671468734741,1500
2004-10-12,2.3340001106262207,2.369999885559082,2.322000026702881,2.3499999046325684,1.915267825126648,91000
2004-10-13,2.3420000076293945,2.369999885559082,2.3420000076293945,2.369999885559082,1.9315682649612427,9000
2004-10-14,2.369999885559082,2.450000047683716,2.369999885559082,2.450000047683716,1.9967681169509888,54500
2004-10-15,2.4700000286102295,2.4800000190734863,2.4700000286102295,2.4800000190734863,2.0212185382843018,6000
2004-10-18,2.496000051498413,2.5,2.4800000190734863,2.5,2.0375192165374756,14500
2004-10-19,2.5,2.5,2.4800000190734863,2.4800000190734863,2.0212185382843018,5000
2004-10-20,2.4600000381469727,2.4600000381469727,2.440000057220459,2.4600000381469727,2.004918098449707,5000
2004-10-21,2.4600000381469727,2.4600000381469727,2.4600000381469727,2.4600000381469727,2.004918098449707,0
2004-10-22,2.4800000190734863,2.5,2.4800000190734863,2.5,2.0375192165374756,6500
2004-10-25,2.5199999809265137,2.5299999713897705,2.5199999809265137,2.5299999713897705,2.0619688034057617,6000
2004-10-26,2.5399999618530273,2.5399999618530273,2.5,2.5199999809265137,2.053818702697754,10000
2004-10-27,2.490000009536743,2.5199999809265137,2.4800000190734863,2.5199999809265137,2.053818702697754,14000
2004-10-28,2.5,2.5,2.5,2.5,2.0375192165374756,2500
2004-10-29,2.490000009536743,2.490000009536743,2.490000009536743,2.490000009536743,2.0293686389923096,3500
2004-11-01,2.4739999771118164,2.490000009536743,2.4100000858306885,2.4100000858306885,1.9641681909561157,18000
2004-11-02,2.430000066757202,2.4800000190734863,2.430000066757202,2.4800000190734863,2.0212185382843018,21500
2004-11-03,2.4619998931884766,2.4619998931884766,2.4600000381469727,2.4600000381469727,2.004918098449707,6000
2004-11-04,2.440000057220459,2.440000057220459,2.380000114440918,2.440000057220459,1.9886186122894287,23500
2004-11-05,2.4560000896453857,2.4760000705718994,2.4560000896453857,2.4760000705718994,2.017958879470825,1500
2004-11-08,2.4760000705718994,2.4760000705718994,2.4760000705718994,2.4760000705718994,2.017958879470825,0
2004-11-09,2.4760000705718994,2.4760000705718994,2.4760000705718994,2.4760000705718994,2.017958879470825,0
2004-11-10,2.4760000705718994,2.4760000705718994,2.4760000705718994,2.4760000705718994,2.017958879470825,0
2004-11-11,2.4760000705718994,2.4760000705718994,2.4760000705718994,2.4760000705718994,2.017958879470825,0
2004-11-12,2.49399995803833,2.5,2.49399995803833,2.5,2.0375192165374756,7000
2004-11-15,2.5,2.5,2.5,2.5,2.0375192165374756,2500
2004-11-16,2.502000093460083,2.51200008392334,2.502000093460083,2.502000093460083,2.0391488075256348,9000
2004-11-17,2.5199999809265137,2.5399999618530273,2.5199999809265137,2.5399999618530273,2.0701186656951904,3000
2004-11-18,2.5439999103546143,2.549999952316284,2.5199999809265137,2.5399999618530273,2.0701186656951904,11500
2004-11-19,2.559999942779541,2.5999999046325684,2.559999942779541,2.5999999046325684,2.119018793106079,11000
2004-11-22,2.609999895095825,2.609999895095825,2.5999999046325684,2.5999999046325684,2.119018793106079,22000
2004-11-23,2.5999999046325684,2.5999999046325684,2.5999999046325684,2.5999999046325684,2.119018793106079,1500
2004-11-24,2.609999895095825,2.609999895095825,2.5999999046325684,2.5999999046325684,2.119018793106079,8000
2004-11-26,2.5999999046325684,2.5999999046325684,2.5999999046325684,2.5999999046325684,2.119018793106079,0
2004-11-29,2.5999999046325684,2.618000030517578,2.5799999237060547,2.618000030517578,2.1419267654418945,20000
2004-11-30,2.630000114440918,2.630000114440918,2.6019999980926514,2.6019999980926514,2.128838062286377,5500
2004-12-01,2.640000104904175,2.6600000858306885,2.630000114440918,2.6600000858306885,2.1762895584106445,9000
2004-12-02,2.6019999980926514,2.6019999980926514,2.5840001106262207,2.5999999046325684,2.1272003650665283,42000
2004-12-03,2.5799999237060547,2.5999999046325684,2.5799999237060547,2.5799999237060547,2.1108381748199463,44500
2004-12-06,2.5859999656677246,2.609999895095825,2.5859999656677246,2.609999895095825,2.135382652282715,34000
2004-12-07,2.630000114440918,2.630000114440918,2.630000114440918,2.630000114440918,2.1517465114593506,2500
2004-12-08,2.609999895095825,2.630000114440918,2.6019999980926514,2.630000114440918,2.1517465114593506,11500
2004-12-09,2.619999885559082,2.677999973297119,2.619999885559082,2.677999973297119,2.1910181045532227,12500
2004-12-10,2.694000005722046,2.694000005722046,2.694000005722046,2.694000005722046,2.2041077613830566,1500
2004-12-13,2.680000066757202,2.7019999027252197,2.677999973297119,2.7019999027252197,2.2106528282165527,20500
2004-12-14,2.681999921798706,2.697999954223633,2.681999921798706,2.697999954223633,2.20737886428833,12500
2004-12-15,2.7079999446868896,2.7139999866485596,2.7079999446868896,2.7139999866485596,2.2204692363739014,6500
2004-12-16,2.740000009536743,2.7699999809265137,2.7300000190734863,2.7699999809265137,2.2662875652313232,13000
2004-12-17,2.75,2.759999990463257,2.7200000286102295,2.759999990463257,2.258105516433716,25500
2004-12-20,2.759999990463257,2.759999990463257,2.759999990463257,2.759999990463257,2.258105516433716,0
2004-12-21,2.7799999713897705,2.819999933242798,2.7799999713897705,2.819999933242798,2.307194232940674,23500
2004-12-22,2.8299999237060547,2.8399999141693115,2.819999933242798,2.8399999141693115,2.323557138442993,5000
2004-12-23,2.8519999980926514,2.8519999980926514,2.828000068664551,2.8399999141693115,2.323557138442993,6000
2004-12-27,2.8559999465942383,2.890000104904175,2.8559999465942383,2.890000104904175,2.3644657135009766,19000
2004-12-28,2.890000104904175,2.9200000762939453,2.890000104904175,2.9200000762939453,2.3890106678009033,7500
2004-12-29,2.930000066757202,2.930000066757202,2.9100000858306885,2.930000066757202,2.397191047668457,3000
2004-12-30,2.930000066757202,2.930000066757202,2.930000066757202,2.930000066757202,2.397191047668457,0
2004-12-31,2.9100000858306885,2.9579999446868896,2.9000000953674316,2.9579999446868896,2.420099973678589,10500
2005-01-03,2.9679999351501465,2.9679999351501465,2.9679999351501465,2.9679999351501465,2.4282805919647217,5500
2005-01-04,2.9800000190734863,2.9800000190734863,2.9800000190734863,2.9800000190734863,2.4380993843078613,1500
2005-01-05,2.9800000190734863,2.9800000190734863,2.9600000381469727,2.9719998836517334,2.4315552711486816,10000
2005-01-06,2.9560000896453857,2.9579999446868896,2.931999921798706,2.9579999446868896,2.420099973678589,10000
2005-01-07,2.930000066757202,2.930000066757202,2.9200000762939453,2.9200000762939453,2.3890106678009033,3000
2005-01-10,2.9000000953674316,2.9000000953674316,2.869999885559082,2.869999885559082,2.3481030464172363,13000
2005-01-11,2.869999885559082,2.869999885559082,2.869999885559082,2.869999885559082,2.3481030464172363,500
2005-01-12,2.859999895095825,2.859999895095825,2.859999895095825,2.859999895095825,2.339920997619629,1500
2005-01-13,2.859999895095825,2.859999895095825,2.859999895095825,2.859999895095825,2.339920997619629,0
2005-01-14,2.859999895095825,2.859999895095825,2.859999895095825,2.859999895095825,2.339920997619629,500
2005-01-18,2.859999895095825,2.859999895095825,2.859999895095825,2.859999895095825,2.339920997619629,0
2005-01-19,2.8499999046325684,2.8499999046325684,2.8420000076293945,2.8459999561309814,2.32846736907959,3000
2005-01-20,2.8299999237060547,2.8299999237060547,2.819999933242798,2.8299999237060547,2.3153765201568604,7000
2005-01-21,2.8320000171661377,2.8540000915527344,2.8320000171661377,2.8499999046325684,2.3317394256591797,7500
2005-01-24,2.8399999141693115,2.8399999141693115,2.8399999141693115,2.8399999141693115,2.323557138442993,500
2005-01-25,2.8420000076293945,2.8580000400543213,2.8420000076293945,2.8580000400543213,2.338284969329834,1500
2005-01-26,2.8580000400543213,2.8580000400543213,2.8580000400543213,2.8580000400543213,2.338284969329834,0
2005-01-27,2.861999988555908,2.878000020980835,2.861999988555908,2.878000020980835,2.354647636413574,3000
2005-01-28,2.869999885559082,3.0799999237060547,2.819999933242798,3.0799999237060547,2.5199146270751953,156500
2005-01-31,3.109999895095825,3.2980000972747803,3.0840001106262207,3.0980000495910645,2.5346412658691406,142000
2005-02-01,3.118000030517578,3.200000047683716,2.553999900817871,3.180000066757202,2.60172963142395,57000
2005-02-02,3.200000047683716,3.2699999809265137,3.190000057220459,3.190000057220459,2.609912157058716,65000
2005-02-03,3.180000066757202,3.200000047683716,3.1700000762939453,3.200000047683716,2.6180930137634277,89500
2005-02-04,3.191999912261963,3.26200008392334,3.191999912261963,3.26200008392334,2.668818950653076,20000
2005-02-07,3.2720000743865967,3.390000104904175,3.240000009536743,3.299999952316284,2.69990873336792,86000
2005-02-08,3.319999933242798,3.3499999046325684,3.299999952316284,3.299999952316284,2.69990873336792,30000
2005-02-09,3.299999952316284,3.299999952316284,3.240000009536743,3.240000009536743,2.650819778442383,22000
2005-02-10,3.240000009536743,3.2660000324249268,3.2200000286102295,3.240000009536743,2.650819778442383,26500
2005-02-11,3.2300000190734863,3.2300000190734863,3.2219998836517334,3.2219998836517334,2.6360926628112793,16000
2005-02-14,3.2019999027252197,3.2019999027252197,3.187999963760376,3.200000047683716,2.6180930137634277,46000
2005-02-15,3.2019999027252197,3.2100000381469727,3.200000047683716,3.200000047683716,2.6180930137634277,23500
2005-02-16,3.2100000381469727,3.2100000381469727,3.190000057220459,3.190000057220459,2.609912157058716,36000
2005-02-17,3.200000047683716,3.2899999618530273,3.200000047683716,3.2899999618530273,2.6917269229888916,10000
2005-02-18,3.309999942779541,3.319999933242798,3.2100000381469727,3.2200000286102295,2.6344568729400635,33000
2005-02-22,3.200000047683716,3.2239999771118164,3.200000047683716,3.2239999771118164,2.6377291679382324,9000
2005-02-23,3.200000047683716,3.240000009536743,3.200000047683716,3.200000047683716,2.6180930137634277,9500
2005-02-24,3.200000047683716,3.259999990463257,3.191999912261963,3.259999990463257,2.667181968688965,48000
2005-02-25,3.259999990463257,3.2720000743865967,3.259999990463257,3.2720000743865967,2.6770005226135254,4500
2005-02-28,3.259999990463257,3.2720000743865967,3.2039999961853027,3.240000009536743,2.650819778442383,17500
2005-03-01,3.259999990463257,3.259999990463257,3.25,3.25,2.6590001583099365,2000
2005-03-02,3.2300000190734863,3.2300000190734863,3.200000047683716,3.2100000381469727,2.6262753009796143,12000
2005-03-03,3.2039999961853027,3.2239999771118164,3.2039999961853027,3.2239999771118164,2.6377291679382324,4500
2005-03-04,3.2239999771118164,3.2239999771118164,3.2239999771118164,3.2239999771118164,2.6377291679382324,0
2005-03-07,3.257999897003174,3.259999990463257,3.2300000190734863,3.25600004196167,2.663910150527954,36000
2005-03-08,3.2300000190734863,3.2899999618530273,3.2300000190734863,3.2899999618530273,2.6917269229888916,55500
2005-03-09,3.2899999618530273,3.5199999809265137,3.2899999618530273,3.4519999027252197,2.824268102645874,108500
2005-03-10,3.4719998836517334,3.4800000190734863,3.440000057220459,3.4800000190734863,2.847177028656006,23000
2005-03-11,3.446000099182129,3.4539999961853027,3.4200000762939453,3.430000066757202,2.8143553733825684,14500
2005-03-14,3.446000099182129,3.446000099182129,3.440000057220459,3.440000057220459,2.822561025619507,5500
2005-03-15,3.437999963760376,3.437999963760376,3.3399999141693115,3.3399999141693115,2.740508556365967,82500
2005-03-16,3.361999988555908,3.361999988555908,3.196000099182129,3.2300000190734863,2.650254011154175,247500
2005-03-17,3.257999897003174,3.3540000915527344,3.257999897003174,3.3399999141693115,2.740508556365967,45000
2005-03-18,3.3580000400543213,3.4019999504089355,3.3580000400543213,3.4019999504089355,2.7913818359375,2500
2005-03-21,3.4159998893737793,3.4700000286102295,3.4159998893737793,3.4700000286102295,2.8471755981445312,7000
2005-03-22,3.4700000286102295,3.490000009536743,3.431999921798706,3.434000015258789,2.817638397216797,37000
2005-03-23,3.431999921798706,3.450000047683716,3.4000000953674316,3.450000047683716,2.830765962600708,43000
2005-03-24,3.4800000190734863,3.5399999618530273,3.4800000190734863,3.5399999618530273,2.904611587524414,20500
2005-03-28,3.549999952316284,3.559999942779541,3.5,3.5,2.871791362762451,42000
2005-03-29,3.4800000190734863,3.497999906539917,3.4800000190734863,3.497999906539917,2.8701517581939697,4500
2005-03-30,3.4700000286102295,3.4860000610351562,3.431999921798706,3.434000015258789,2.817638397216797,52000
2005-03-31,3.450000047683716,3.450000047683716,3.450000047683716,3.450000047683716,2.830765962600708,1000
2005-04-01,3.450000047683716,3.450000047683716,3.3359999656677246,3.3399999141693115,2.740508556365967,20500
2005-04-04,3.319999933242798,3.368000030517578,3.309999942779541,3.359999895095825,2.7569196224212646,26500
2005-04-05,3.374000072479248,3.374000072479248,3.3499999046325684,3.365999937057495,2.7618415355682373,8500
2005-04-06,3.3440001010894775,3.4200000762939453,3.3440001010894775,3.4159998893737793,2.8028688430786133,39500
2005-04-07,3.430000066757202,3.4600000381469727,3.430000066757202,3.4600000381469727,2.8389716148376465,11000
2005-04-08,3.4800000190734863,3.496000051498413,3.4800000190734863,3.496000051498413,2.868509531021118,6000
2005-04-11,3.496000051498413,3.496000051498413,3.447999954223633,3.4600000381469727,2.8389716148376465,18500
2005-04-12,3.4800000190734863,3.497999906539917,3.4800000190734863,3.497999906539917,2.8701517581939697,21500
2005-04-13,3.497999906539917,3.5160000324249268,3.496000051498413,3.5160000324249268,2.8849196434020996,20000
2005-04-14,3.5160000324249268,3.5299999713897705,3.5160000324249268,3.5160000324249268,2.8849196434020996,17500
2005-04-15,3.5260000228881836,3.555999994277954,3.5,3.555999994277954,2.9177401065826416,71500
2005-04-18,3.572000026702881,3.5999999046325684,3.562000036239624,3.5840001106262207,2.9407145977020264,34500
2005-04-19,3.5999999046325684,3.6500000953674316,3.5999999046325684,3.6500000953674316,2.994868040084839,35500
2005-04-20,3.6500000953674316,3.6700000762939453,3.569999933242798,3.569999933242798,2.9292280673980713,36500
2005-04-21,3.5799999237060547,3.6040000915527344,3.5399999618530273,3.569999933242798,2.9292280673980713,80000
2005-04-22,3.5899999141693115,3.609999895095825,3.5399999618530273,3.5899999141693115,2.9456372261047363,36000
2005-04-25,3.5899999141693115,3.621999979019165,3.5420000553131104,3.5999999046325684,2.9538426399230957,25500
2005-04-26,3.5799999237060547,3.5999999046325684,3.572000026702881,3.572000026702881,2.930868625640869,13500
2005-04-27,3.5999999046325684,3.6700000762939453,3.5999999046325684,3.631999969482422,2.980098247528076,28000
2005-04-28,3.6700000762939453,3.696000099182129,3.6040000915527344,3.6040000915527344,2.957124948501587,39000
2005-04-29,3.630000114440918,3.6480000019073486,3.619999885559082,3.6480000019073486,2.993227481842041,22500
2005-05-02,3.6700000762939453,3.7019999027252197,3.6700000762939453,3.7019999027252197,3.0375349521636963,23000
2005-05-03,3.7200000286102295,3.7320001125335693,3.7019999027252197,3.7320001125335693,3.0621509552001953,19000
2005-05-04,3.7320001125335693,3.74399995803833,3.7320001125335693,3.74399995803833,3.071995735168457,12500
2005-05-05,3.7699999809265137,3.799999952316284,3.7699999809265137,3.799999952316284,3.1179451942443848,10000
2005-05-06,3.8499999046325684,3.950000047683716,3.808000087738037,3.950000047683716,3.2410213947296143,40000
2005-05-09,3.940000057220459,4.0,3.940000057220459,3.940000057220459,3.232816457748413,34000
2005-05-10,3.997999906539917,4.019999980926514,3.997999906539917,4.01800012588501,3.296816825866699,22500
2005-05-11,4.050000190734863,4.059999942779541,3.99399995803833,4.044000148773193,3.3181498050689697,43000
2005-05-12,4.0920000076293945,4.093999862670898,4.01200008392334,4.019999980926514,3.298459053039551,63500
2005-05-13,4.050000190734863,4.050000190734863,4.0,4.010000228881836,3.290252447128296,12500
2005-05-16,4.010000228881836,4.047999858856201,4.010000228881836,4.035999774932861,3.3115859031677246,31000
2005-05-17,4.035999774932861,4.035999774932861,4.010000228881836,4.0320000648498535,3.308304786682129,20000
2005-05-18,4.01800012588501,4.050000190734863,4.013999938964844,4.050000190734863,3.323073625564575,95000
2005-05-19,4.039999961853027,4.047999858856201,4.004000186920166,4.004000186920166,3.285330295562744,15500
2005-05-20,4.033999919891357,4.033999919891357,3.9760000705718994,4.0,3.2820467948913574,24000
2005-05-23,4.010000228881836,4.03000020980835,3.992000102996826,4.010000228881836,3.290252447128296,35500
2005-05-24,4.004000186920166,4.035999774932861,4.004000186920166,4.035999774932861,3.3115859031677246,9000
2005-05-25,4.035999774932861,4.038000106811523,4.001999855041504,4.019999980926514,3.298459053039551,16000
2005-05-26,4.019999980926514,4.047999858856201,4.01200008392334,4.021999835968018,3.3000988960266113,23000
2005-05-27,4.0320000648498535,4.0320000648498535,4.01200008392334,4.0320000648498535,3.308304786682129,4500
2005-05-31,4.0320000648498535,4.044000148773193,4.0320000648498535,4.044000148773193,3.3181498050689697,4000
2005-06-01,4.044000148773193,4.050000190734863,4.001999855041504,4.03000020980835,3.3066635131835938,22500
2005-06-02,4.0320000648498535,4.059999942779541,4.02400016784668,4.059999942779541,3.3312790393829346,16500
2005-06-03,4.059999942779541,4.093999862670898,4.059999942779541,4.081999778747559,3.3493287563323975,6500
2005-06-06,4.090000152587891,4.090000152587891,4.059999942779541,4.090000152587891,3.3558948040008545,6500
2005-06-07,4.1620001792907715,4.699999809265137,4.144000053405762,4.650000095367432,3.8153820037841797,182500
2005-06-08,4.699999809265137,4.980000019073486,4.429999828338623,4.559999942779541,3.74153470993042,87500
2005-06-09,4.449999809265137,4.5,4.202000141143799,4.349999904632568,3.569227933883667,314500
2005-06-10,4.409999847412109,4.5879998207092285,4.4019999504089355,4.570000171661377,3.7497401237487793,52500
2005-06-13,4.599999904632568,4.6579999923706055,4.550000190734863,4.639999866485596,3.807175636291504,26500
2005-06-14,4.639999866485596,4.659999847412109,4.570000171661377,4.619999885559082,3.790764570236206,50500
2005-06-15,4.619999885559082,4.699999809265137,4.619999885559082,4.699999809265137,3.8647725582122803,25500
2005-06-16,4.75,4.75,4.630000114440918,4.639999866485596,3.8154337406158447,60500
2005-06-17,4.688000202178955,4.75,4.625999927520752,4.75,3.90588641166687,16000
2005-06-20,4.75,4.800000190734863,4.710000038146973,4.75,3.90588641166687,14500
2005-06-21,4.796000003814697,4.796000003814697,4.710000038146973,4.710000038146973,3.8729946613311768,5500
2005-06-22,4.730000019073486,4.736000061035156,4.679999828338623,4.736000061035156,3.8943729400634766,10500
2005-06-23,4.710000038146973,4.736000061035156,4.510000228881836,4.51800012588501,3.7151145935058594,32000
2005-06-24,4.539999961853027,4.5879998207092285,4.539999961853027,4.559999942779541,3.7496492862701416,5000
2005-06-27,4.565999984741211,4.6479997634887695,4.564000129699707,4.6479997634887695,3.8220136165618896,20500
2005-06-28,4.699999809265137,4.769999980926514,4.699999809265137,4.769999980926514,3.9223313331604004,34500
2005-06-29,4.791999816894531,5.349999904632568,4.791999816894531,5.303999900817871,4.361435413360596,139500
2005-06-30,5.303999900817871,5.498000144958496,5.303999900817871,5.369999885559082,4.415707111358643,148500
2005-07-01,5.340000152587891,5.400000095367432,5.335999965667725,5.380000114440918,4.4239301681518555,19500
2005-07-05,5.409999847412109,5.696000099182129,5.409999847412109,5.610000133514404,4.613058567047119,147500
2005-07-06,5.611999988555908,5.684000015258789,5.449999809265137,5.684000015258789,4.673905849456787,58000
2005-07-07,5.696000099182129,5.696000099182129,5.630000114440918,5.670000076293945,4.662395477294922,58500
2005-07-08,5.659999847412109,5.668000221252441,5.631999969482422,5.668000221252441,4.660750389099121,8500
2005-07-11,5.639999866485596,5.78000020980835,5.631999969482422,5.78000020980835,4.752847671508789,81000
2005-07-12,5.809999942779541,5.949999809265137,5.796000003814697,5.8460001945495605,4.8071184158325195,89500
2005-07-13,5.802000045776367,5.811999797821045,5.742000102996826,5.754000186920166,4.731466770172119,25000
2005-07-14,5.760000228881836,5.811999797821045,5.679999828338623,5.679999828338623,4.670618057250977,27500
2005-07-15,5.670000076293945,5.670000076293945,5.426000118255615,5.4720001220703125,4.499581813812256,36000
2005-07-18,5.079999923706055,5.260000228881836,5.050000190734863,5.25,4.3170294761657715,152500
2005-07-19,5.300000190734863,5.480000019073486,5.300000190734863,5.440000057220459,4.473267555236816,66500
2005-07-20,5.46999979019165,5.610000133514404,5.449999809265137,5.610000133514404,4.613058567047119,29500
2005-07-21,5.619999885559082,5.619999885559082,5.579999923706055,5.579999923706055,4.588386058807373,4500
2005-07-22,5.625999927520752,5.998000144958496,5.559999942779541,5.998000144958496,4.932106018066406,95000
2005-07-25,5.998000144958496,5.998000144958496,5.829999923706055,5.869999885559082,4.826854228973389,26000
2005-07-26,5.881999969482422,6.0,5.881999969482422,5.99399995803833,4.928818225860596,101000
2005-07-27,6.0,6.21999979019165,6.0,6.21999979019165,5.1146559715271,230500
2005-07-28,6.440000057220459,6.697999954223633,6.429999828338623,6.636000156402588,5.456727981567383,222500
2005-07-29,6.9679999351501465,7.0,6.699999809265137,6.989999771118164,5.7478179931640625,193000
2005-08-01,7.03000020980835,7.21999979019165,6.980000019073486,7.159999847412109,5.887607097625732,417000
2005-08-02,7.190000057220459,7.190000057220459,7.0320000648498535,7.0320000648498535,5.782353401184082,65500
2005-08-03,7.0320000648498535,7.1579999923706055,6.980000019073486,7.0279998779296875,5.779066562652588,48000
2005-08-04,7.0,7.0,6.76200008392334,6.7779998779296875,5.573493957519531,69500
2005-08-05,6.734000205993652,6.8379998207092285,6.639999866485596,6.659999847412109,5.476462364196777,102000
2005-08-08,6.710000038146973,6.820000171661377,6.665999889373779,6.820000171661377,5.608029365539551,46500
2005-08-09,6.849999904632568,7.070000171661377,6.849999904632568,7.0279998779296875,5.779066562652588,88500
2005-08-10,7.050000190734863,7.099999904632568,6.900000095367432,6.97599983215332,5.736306190490723,69500
2005-08-11,6.929999828338623,6.989999771118164,6.929999828338623,6.97599983215332,5.736306190490723,7500
2005-08-12,6.97599983215332,7.892000198364258,6.97599983215332,7.1479997634887695,5.87774133682251,380500
2005-08-15,7.289999961853027,7.357999801635742,6.760000228881836,7.0,5.756043434143066,109000
2005-08-16,7.090000152587891,7.199999809265137,6.900000095367432,7.190000057220459,5.9122772216796875,30000
2005-08-17,7.197999954223633,7.495999813079834,7.197999954223633,7.400000095367432,6.084959030151367,62500
2005-08-18,7.480000019073486,7.480000019073486,6.900000095367432,7.199999809265137,5.920501708984375,84500
2005-08-19,7.28000020980835,7.28000020980835,7.0,7.0980000495910645,5.836627960205078,24500
2005-08-22,7.0980000495910645,7.308000087738037,7.0980000495910645,7.276000022888184,5.98299503326416,58000
2005-08-23,7.300000190734863,7.449999809265137,7.300000190734863,7.400000095367432,6.084959030151367,51500
2005-08-24,7.429999828338623,7.480000019073486,7.25,7.47599983215332,6.147451877593994,43000
2005-08-25,7.495999813079834,7.940000057220459,7.343999862670898,7.800000190734863,6.413876533508301,128500
2005-08-26,7.860000133514404,7.989999771118164,7.300000190734863,7.453999996185303,6.129364013671875,108500
2005-08-29,7.631999969482422,7.789999961853027,7.239999771118164,7.489999771118164,6.15896463394165,102000
2005-08-30,7.489999771118164,7.690000057220459,7.449999809265137,7.5,6.171308517456055,27000
2005-08-31,7.570000171661377,7.638000011444092,7.49399995803833,7.638000011444092,6.284860610961914,37500
2005-09-01,7.699999809265137,7.989999771118164,7.610000133514404,7.96999979019165,6.558043479919434,20500
2005-09-02,7.998000144958496,8.197999954223633,7.998000144958496,8.130000114440918,6.689697265625,120000
2005-09-06,8.1899995803833,8.281999588012695,7.800000190734863,8.1899995803833,6.739067077636719,158500
2005-09-07,8.248000144958496,8.281999588012695,8.050000190734863,8.0600004196167,6.6321001052856445,43500
2005-09-08,7.599999904632568,7.949999809265137,7.400000095367432,7.699999809265137,6.335875511169434,201500
2005-09-09,7.800000190734863,7.880000114440918,7.642000198364258,7.696000099182129,6.332584857940674,35500
2005-09-12,7.510000228881836,7.624000072479248,7.357999801635742,7.546000003814697,6.209157943725586,98000
2005-09-13,7.539999961853027,7.544000148773193,7.489999771118164,7.501999855041504,6.172954559326172,50500
2005-09-14,7.590000152587891,7.73799991607666,7.489999771118164,7.6479997634887695,6.293088912963867,84500
2005-09-15,7.900000095367432,7.900000095367432,7.400000095367432,7.599999904632568,6.253592491149902,64500
2005-09-16,7.5,7.5,6.797999858856201,7.039999961853027,5.792801856994629,154000
2005-09-19,7.070000171661377,7.590000152587891,7.070000171661377,7.309999942779541,6.014968395233154,102500
2005-09-20,7.360000133514404,7.71999979019165,7.360000133514404,7.581999778747559,6.2387800216674805,21500
2005-09-21,7.581999778747559,7.697999954223633,7.5,7.599999904632568,6.253592491149902,38000
2005-09-22,7.550000190734863,7.800000190734863,7.550000190734863,7.800000190734863,6.418161869049072,46000
2005-09-23,7.900000095367432,7.980000019073486,7.900000095367432,7.980000019073486,6.566271781921387,27500
2005-09-26,8.050000190734863,8.050000190734863,7.892000198364258,8.039999961853027,6.615643501281738,35000
2005-09-27,8.039999961853027,8.04800033569336,7.96999979019165,8.0,6.582728862762451,35000
2005-09-28,8.0,8.0,7.742000102996826,7.869999885559082,6.475760459899902,35000
2005-09-29,7.940000057220459,7.940000057220459,7.099999904632568,7.5,6.171308517456055,137500
2005-09-30,7.300000190734863,7.679999828338623,7.260000228881836,7.519999980926514,6.187766075134277,56500
2005-10-03,7.380000114440918,7.552000045776367,7.190000057220459,7.199999809265137,5.924454212188721,75000
2005-10-04,7.188000202178955,7.28000020980835,6.760000228881836,6.840000152587891,5.628233432769775,64000
2005-10-05,6.860000133514404,7.311999797821045,6.860000133514404,6.980000019073486,5.743431091308594,79250
2005-10-06,7.239999771118164,7.239999771118164,5.760000228881836,6.076000213623047,4.999581813812256,188750
2005-10-07,6.176000118255615,6.208000183105469,5.900000095367432,6.0,4.937045574188232,88000
2005-10-10,6.019999980926514,6.084000110626221,5.923999786376953,6.059999942779541,4.986417293548584,58500
2005-10-11,6.079999923706055,6.179999828338623,5.699999809265137,5.748000144958496,4.729691505432129,92250
2005-10-12,5.659999847412109,5.78000020980835,5.28000020980835,5.440000057220459,4.476254463195801,313500
2005-10-13,5.5,5.696000099182129,5.5,5.576000213623047,4.588161945343018,97000
2005-10-14,5.579999923706055,6.007999897003174,5.579999923706055,6.007999897003174,4.943626403808594,37000
2005-10-17,6.067999839782715,6.076000213623047,5.863999843597412,6.039999961853027,4.969959259033203,33750
2005-10-18,6.079999923706055,6.296000003814697,6.079999923706055,6.0879998207092285,5.009456157684326,16750
2005-10-19,6.0879998207092285,6.0879998207092285,5.760000228881836,5.855999946594238,4.818558692932129,21000
2005-10-20,5.863999843597412,5.863999843597412,5.420000076293945,5.443999767303467,4.479545593261719,116500
2005-10-21,5.447999954223633,5.579999923706055,5.383999824523926,5.539999961853027,4.558538436889648,47500
2005-10-24,5.579999923706055,5.599999904632568,5.443999767303467,5.515999794006348,4.538789749145508,47000
2005-10-25,5.51200008392334,5.688000202178955,5.5,5.576000213623047,4.588161945343018,60500
2005-10-26,5.5920000076293945,5.699999809265137,5.52400016784668,5.559999942779541,4.574996471405029,58250
2005-10-27,5.599999904632568,5.599999904632568,5.539999961853027,5.547999858856201,4.565123081207275,94750
2005-10-28,5.599999904632568,5.631999969482422,5.5920000076293945,5.599999904632568,4.607909202575684,47000
2005-10-31,5.599999904632568,5.900000095367432,5.599999904632568,5.900000095367432,4.854761600494385,29250
2005-11-01,6.5,7.659999847412109,6.420000076293945,7.340000152587891,6.03965425491333,571500
2005-11-02,7.363999843597412,7.71999979019165,7.320000171661377,7.599999904632568,6.253592491149902,181000
2005-11-03,7.659999847412109,7.659999847412109,7.4720001220703125,7.599999904632568,6.253592491149902,71500
2005-11-04,7.599999904632568,7.656000137329102,7.420000076293945,7.5960001945495605,6.250301361083984,96000
2005-11-07,7.639999866485596,7.895999908447266,7.639999866485596,7.892000198364258,6.493860244750977,91000
2005-11-08,7.880000114440918,8.095999717712402,7.840000152587891,8.071999549865723,6.641973972320557,122250
2005-11-09,8.112000465393066,8.295999526977539,8.079999923706055,8.14799976348877,6.704508304595947,85250
2005-11-10,8.140000343322754,8.140000343322754,7.519999980926514,7.920000076293945,6.516900539398193,205500
2005-11-11,7.880000114440918,7.880000114440918,7.684000015258789,7.840000152587891,6.451072692871094,8000
2005-11-14,7.855999946594238,7.900000095367432,7.579999923706055,7.855999946594238,6.464240074157715,32250
2005-11-15,7.860000133514404,7.955999851226807,7.840000152587891,7.9079999923706055,6.507029056549072,28750
2005-11-16,7.920000076293945,7.920000076293945,7.688000202178955,7.760000228881836,6.385245323181152,34500
2005-11-17,7.800000190734863,7.820000171661377,7.559999942779541,7.659999847412109,6.302962779998779,23250
2005-11-18,7.599999904632568,7.696000099182129,7.440000057220459,7.631999969482422,6.2799224853515625,27750
2005-11-21,7.691999912261963,7.860000133514404,7.691999912261963,7.760000228881836,6.385245323181152,35250
2005-11-22,7.860000133514404,7.860000133514404,7.684000015258789,7.800000190734863,6.418161869049072,18250
2005-11-23,7.900000095367432,8.760000228881836,7.900000095367432,8.675999641418457,7.138965606689453,199750
2005-11-25,8.675999641418457,9.355999946594238,8.675999641418457,9.192000389099121,7.5635552406311035,104500
2005-11-28,9.175999641418457,9.175999641418457,8.84000015258789,8.84000015258789,7.273915767669678,99750
2005-11-29,8.928000450134277,8.960000038146973,8.479999542236328,8.520000457763672,7.018546104431152,43250
2005-11-30,8.600000381469727,8.95199966430664,8.600000381469727,8.95199966430664,7.374414920806885,35500
2005-12-01,9.01200008392334,9.140000343322754,8.779999732971191,9.03600025177002,7.443613529205322,36000
2005-12-02,9.180000305175781,9.199999809265137,8.920000076293945,8.996000289916992,7.410661220550537,51000
2005-12-05,9.0,9.236000061035156,9.0,9.107999801635742,7.502923965454102,61000
2005-12-06,9.220000267028809,9.300000190734863,8.824000358581543,9.039999961853027,7.446906089782715,48000
2005-12-07,8.979999542236328,8.984000205993652,8.631999969482422,8.644000053405762,7.120693206787109,30500
2005-12-08,8.739999771118164,8.795999526977539,8.288000106811523,8.383999824523926,6.906512260437012,42750
2005-12-09,8.4399995803833,8.720000267028809,8.4399995803833,8.628000259399414,7.107512950897217,14500
2005-12-12,8.9399995803833,8.9399995803833,8.803999900817871,8.880000114440918,7.315105438232422,26500
2005-12-13,9.039999961853027,9.119999885559082,8.956000328063965,8.979999542236328,7.397478103637695,21250
2005-12-14,8.960000038146973,9.076000213623047,8.956000328063965,8.960000038146973,7.381007194519043,43750
2005-12-15,9.0,9.5600004196167,9.0,9.460000038146973,7.7928924560546875,153750
2005-12-16,9.520000457763672,9.9399995803833,9.520000457763672,9.699999809265137,7.990597724914551,73750
2005-12-19,9.760000228881836,9.760000228881836,9.552000045776367,9.552000045776367,7.868677616119385,48500
2005-12-20,9.699999809265137,9.699999809265137,9.199999809265137,9.255999565124512,7.62484073638916,35000
2005-12-21,9.34000015258789,9.368000030517578,9.34000015258789,9.368000030517578,7.717104911804199,3000
2005-12-22,9.399999618530273,9.600000381469727,9.399999618530273,9.576000213623047,7.888452529907227,19250
2005-12-23,9.619999885559082,9.65999984741211,9.520000457763672,9.576000213623047,7.888452529907227,12750
2005-12-27,9.520000457763672,9.520000457763672,9.199999809265137,9.199999809265137,7.578711032867432,28500
2005-12-28,9.300000190734863,9.315999984741211,9.039999961853027,9.15999984741211,7.54575777053833,47750
2005-12-29,9.0600004196167,9.180000305175781,9.0600004196167,9.12399959564209,7.5161027908325195,45750
2005-12-30,9.0600004196167,9.079999923706055,8.82800006866455,8.960000038146973,7.381007194519043,46500
2006-01-03,8.720000267028809,8.779999732971191,8.64799976348877,8.779999732971191,7.23272705078125,36750
2006-01-04,8.859999656677246,9.079999923706055,8.803999900817871,9.076000213623047,7.476563453674316,38250
2006-01-05,9.140000343322754,9.175999641418457,9.0,9.039999961853027,7.446906089782715,22000
2006-01-06,8.9399995803833,9.095999717712402,8.739999771118164,9.095999717712402,7.493041038513184,61250
2006-01-09,9.039999961853027,9.071999549865723,8.800000190734863,8.855999946594238,7.295332908630371,141250
2006-01-10,9.003999710083008,9.152000427246094,8.923999786376953,9.0,7.413957118988037,87750
2006-01-11,8.920000076293945,8.923999786376953,8.819999694824219,8.880000114440918,7.315105438232422,56500
2006-01-12,8.979999542236328,9.01200008392334,8.880000114440918,8.920000076293945,7.348053455352783,58000
2006-01-13,8.880000114440918,8.883999824523926,8.800000190734863,8.803999900817871,7.252497673034668,56500
2006-01-17,8.803999900817871,8.880000114440918,8.760000228881836,8.819999694824219,7.265678882598877,33500
2006-01-18,8.819999694824219,8.82800006866455,8.800000190734863,8.824000358581543,7.268969535827637,17000
2006-01-19,8.824000358581543,8.824000358581543,8.748000144958496,8.824000358581543,7.268969535827637,30000
2006-01-20,8.800000190734863,8.803999900817871,8.739999771118164,8.800000190734863,7.249199390411377,14250
2006-01-23,8.800000190734863,10.0,8.800000190734863,9.991999626159668,8.231142044067383,112250
2006-01-24,10.347999572753906,10.399999618530273,9.800000190734863,9.800000190734863,8.072976112365723,88250
2006-01-25,9.800000190734863,9.899999618530273,9.404000282287598,9.699999809265137,7.990597724914551,41250
2006-01-26,9.680000305175781,10.192000389099121,9.64799976348877,10.02400016784668,8.257502555847168,69750
2006-01-27,10.13599967956543,10.392000198364258,10.020000457763672,10.392000198364258,8.560648918151855,57000
2006-01-30,10.399999618530273,10.399999618530273,9.960000038146973,10.076000213623047,8.300337791442871,77250
2006-01-31,10.180000305175781,10.319999694824219,10.0,10.15999984741211,8.369535446166992,46000
2006-02-01,9.5600004196167,9.5600004196167,7.800000190734863,8.140000343322754,6.705511569976807,655750
2006-02-02,8.144000053405762,8.220000267028809,7.820000171661377,8.0,6.590184688568115,253000
2006-02-03,7.960000038146973,8.079999923706055,7.564000129699707,7.607999801635742,6.267262935638428,105000
2006-02-06,7.599999904632568,7.699999809265137,7.564000129699707,7.659999847412109,6.3100996017456055,42500
2006-02-07,7.699999809265137,7.699999809265137,7.24399995803833,7.315999984741211,6.026723384857178,55500
2006-02-08,7.5,7.699999809265137,7.239999771118164,7.440000057220459,6.128870487213135,86250
2006-02-09,7.519999980926514,7.895999908447266,7.519999980926514,7.868000030517578,6.481444835662842,69750
2006-02-10,7.952000141143799,8.300000190734863,7.78000020980835,7.920000076293945,6.5242815017700195,94250
2006-02-13,7.920000076293945,7.920000076293945,7.539999961853027,7.760000228881836,6.3924760818481445,36250
2006-02-14,7.659999847412109,7.684000015258789,7.599999904632568,7.684000015258789,6.329870223999023,9500
2006-02-15,7.659999847412109,7.659999847412109,7.300000190734863,7.504000186920166,6.181591033935547,35750
2006-02-16,7.460000038146973,7.576000213623047,7.400000095367432,7.484000205993652,6.165117263793945,34250
2006-02-17,7.420000076293945,7.440000057220459,7.176000118255615,7.199999809265137,5.931163787841797,173000
2006-02-21,7.199999809265137,7.440000057220459,7.199999809265137,7.303999900817871,6.016836643218994,7500
2006-02-22,7.519999980926514,7.880000114440918,7.515999794006348,7.599999904632568,6.260673522949219,68500
2006-02-23,7.699999809265137,8.0,7.699999809265137,7.820000171661377,6.441904067993164,32000
2006-02-24,7.679999828338623,7.800000190734863,7.260000228881836,7.263999938964844,5.983886241912842,38000
2006-02-27,7.363999843597412,7.699999809265137,7.323999881744385,7.559999942779541,6.227723598480225,15000
2006-02-28,7.480000019073486,7.5,7.203999996185303,7.300000190734863,6.013543128967285,35500
2006-03-01,7.340000152587891,7.75600004196167,7.340000152587891,7.699999809265137,6.343051433563232,20250
2006-03-02,7.78000020980835,7.78000020980835,7.447999954223633,7.539999961853027,6.211247444152832,6000
2006-03-03,7.440000057220459,7.519999980926514,7.4039998054504395,7.420000076293945,6.112395763397217,7750
2006-03-06,7.504000186920166,7.504000186920166,7.300000190734863,7.303999900817871,6.016836643218994,17750
2006-03-07,7.320000171661377,7.380000114440918,7.260000228881836,7.28000020980835,5.997066974639893,11000
2006-03-08,7.260000228881836,7.340000152587891,7.199999809265137,7.28000020980835,5.997066974639893,30000
2006-03-09,7.28000020980835,7.340000152587891,7.127999782562256,7.159999847412109,5.8982133865356445,20250
2006-03-10,7.199999809265137,7.260000228881836,7.099999904632568,7.104000091552734,5.852083206176758,15000
2006-03-13,7.0879998207092285,7.196000099182129,7.0879998207092285,7.139999866485596,5.890030384063721,8500
2006-03-14,7.099999904632568,7.179999828338623,7.0879998207092285,7.136000156402588,5.886729717254639,7500
2006-03-15,7.176000118255615,7.179999828338623,7.0879998207092285,7.168000221252441,5.913127899169922,11750
2006-03-16,7.139999866485596,7.199999809265137,7.0879998207092285,7.168000221252441,5.913127899169922,9250
2006-03-17,7.099999904632568,7.199999809265137,7.0879998207092285,7.188000202178955,5.929627895355225,14000
2006-03-20,7.139999866485596,7.395999908447266,7.119999885559082,7.360000133514404,6.071516513824463,17250
2006-03-21,7.388000011444092,7.5,7.260000228881836,7.260000228881836,5.989023685455322,29250
2006-03-22,7.179999828338623,7.21999979019165,7.099999904632568,7.119999885559082,5.873530387878418,14750
2006-03-23,7.21999979019165,7.28000020980835,7.039999961853027,7.064000129699707,5.827332973480225,7750
2006-03-24,7.099999904632568,7.199999809265137,7.039999961853027,7.199999809265137,5.939526557922363,20250
2006-03-27,7.236000061035156,7.78000020980835,7.236000061035156,7.519999980926514,6.20350456237793,34000
2006-03-28,7.440000057220459,7.71999979019165,7.4039998054504395,7.71999979019165,6.368492126464844,7750
2006-03-29,7.71999979019165,7.796000003814697,7.624000072479248,7.796000003814697,6.431186676025391,23500
2006-03-30,7.895999908447266,7.932000160217285,7.800000190734863,7.840000152587891,6.467483043670654,5750
2006-03-31,7.831999778747559,7.952000141143799,7.800000190734863,7.800000190734863,6.4344892501831055,20000
2006-04-03,7.900000095367432,8.140000343322754,7.800000190734863,8.0600004196167,6.648971080780029,29250
2006-04-04,8.116000175476074,8.119999885559082,7.840000152587891,7.98799991607666,6.589574813842773,20000
2006-04-05,8.079999923706055,8.380000114440918,8.079999923706055,8.380000114440918,6.9129486083984375,13750
2006-04-06,8.260000228881836,8.479999542236328,7.796000003814697,8.220000267028809,6.780959129333496,57250
2006-04-07,8.319999694824219,8.460000038146973,8.0,8.0,6.599472522735596,22000
2006-04-10,7.940000057220459,7.97599983215332,7.691999912261963,7.699999809265137,6.351994037628174,12000
2006-04-11,7.71999979019165,7.71999979019165,7.400000095367432,7.4039998054504395,6.107812404632568,13000
2006-04-12,7.440000057220459,7.800000190734863,7.400000095367432,7.800000190734863,6.4344892501831055,56000
2006-04-13,7.828000068664551,8.184000015258789,7.828000068664551,8.039999961853027,6.632471561431885,26750
2006-04-17,8.239999771118164,8.239999771118164,7.980000019073486,8.083999633789062,6.668769359588623,15250
2006-04-18,7.915999889373779,8.484000205993652,7.915999889373779,8.399999618530273,6.929447650909424,37250
2006-04-19,8.4399995803833,8.4399995803833,8.260000228881836,8.380000114440918,6.9129486083984375,15750
2006-04-20,8.479999542236328,8.5,8.300000190734863,8.319999694824219,6.863451957702637,32000
2006-04-21,8.300000190734863,8.399999618530273,8.144000053405762,8.223999977111816,6.784257888793945,13250
2006-04-24,8.784000396728516,9.0,8.680000305175781,8.899999618530273,7.341914653778076,125500
2006-04-25,9.180000305175781,9.199999809265137,9.04800033569336,9.180000305175781,7.572894096374512,100750
2006-04-26,9.100000381469727,9.196000099182129,9.031999588012695,9.140000343322754,7.539898872375488,35250
2006-04-27,9.112000465393066,9.112000465393066,8.5,8.5,7.011937618255615,56750
2006-04-28,8.619999885559082,8.619999885559082,7.880000114440918,8.34000015258789,6.879948616027832,97250
2006-05-01,8.399999618530273,8.399999618530273,7.923999786376953,8.13599967956543,6.711662769317627,23750
2006-05-02,8.039999961853027,8.100000381469727,8.0,8.003999710083008,6.602772235870361,6000
2006-05-03,8.0,8.092000007629395,7.984000205993652,8.04800033569336,6.639068126678467,17000
2006-05-04,8.14799976348877,8.395999908447266,8.04800033569336,8.279999732971191,6.830454349517822,21750
2006-05-05,8.199999809265137,8.199999809265137,8.015999794006348,8.184000015258789,6.7512617111206055,14250
2006-05-08,8.383999824523926,8.383999824523926,8.199999809265137,8.255999565124512,6.810656547546387,9750
2006-05-09,8.300000190734863,8.380000114440918,8.239999771118164,8.239999771118164,6.797456741333008,6750
2006-05-10,8.34000015258789,8.399999618530273,8.184000015258789,8.263999938964844,6.817255020141602,13250
2006-05-11,8.180000305175781,8.37600040435791,7.920000076293945,8.100000381469727,6.6819682121276855,33750
2006-05-12,8.0,8.0,7.900000095367432,7.900000095367432,6.516982078552246,13250
2006-05-15,7.900000095367432,7.900000095367432,7.639999866485596,7.699999809265137,6.351994037628174,13500
2006-05-16,7.900000095367432,8.100000381469727,7.823999881744385,7.995999813079834,6.596174716949463,9750
2006-05-17,7.955999851226807,7.964000225067139,7.8480000495910645,7.955999851226807,6.56317663192749,18250
2006-05-18,8.039999961853027,8.039999961853027,7.940000057220459,7.995999813079834,6.596174716949463,4000
2006-05-19,8.095999717712402,8.232000350952148,7.860000133514404,7.860000133514404,6.483981609344482,10250
2006-05-22,7.860000133514404,7.863999843597412,7.599999904632568,7.676000118255615,6.332195281982422,14500
2006-05-23,7.800000190734863,8.100000381469727,7.739999771118164,7.947999954223633,6.556575298309326,9500
2006-05-24,7.8480000495910645,7.8480000495910645,7.639999866485596,7.728000164031982,6.375091075897217,8250
2006-05-25,7.739999771118164,7.75600004196167,7.671999931335449,7.748000144958496,6.391589641571045,26500
2006-05-26,7.828000068664551,7.880000114440918,7.627999782562256,7.840000152587891,6.467483043670654,19750
2006-05-30,7.920000076293945,8.192000389099121,7.920000076293945,7.955999851226807,6.56317663192749,20250
2006-05-31,7.960000038146973,7.992000102996826,7.900000095367432,7.952000141143799,6.559877395629883,5000
2006-06-01,7.940000057220459,7.97599983215332,7.880000114440918,7.97599983215332,6.57967472076416,2500
2006-06-02,8.100000381469727,8.699999809265137,7.960000038146973,8.699999809265137,7.176926136016846,53750
2006-06-05,8.744000434875488,9.196000099182129,8.300000190734863,8.527999877929688,7.035034656524658,74250
2006-06-06,8.996000289916992,8.996000289916992,8.387999534606934,8.5600004196167,7.061434745788574,20000
2006-06-07,8.420000076293945,8.420000076293945,8.279999732971191,8.399999618530273,6.929447650909424,53000
2006-06-08,8.399999618530273,8.420000076293945,8.12399959564209,8.279999732971191,6.830454349517822,110500
2006-06-09,8.399999618530273,8.404000282287598,8.12399959564209,8.232000350952148,6.790857791900635,23250
2006-06-12,8.319999694824219,8.319999694824219,7.78000020980835,7.860000133514404,6.483981609344482,107750
2006-06-13,7.760000228881836,7.760000228881836,7.480000019073486,7.495999813079834,6.183708667755127,12250
2006-06-14,7.48799991607666,7.5320000648498535,7.480000019073486,7.52400016784668,6.2150959968566895,7750
2006-06-15,7.5,7.5920000076293945,7.48799991607666,7.5879998207092285,6.267963409423828,34250
2006-06-16,7.492000102996826,7.519999980926514,7.199999809265137,7.4039998054504395,6.115971088409424,28750
2006-06-19,7.303999900817871,7.48799991607666,7.236000061035156,7.283999919891357,6.016846656799316,15250
2006-06-20,7.21999979019165,7.21999979019165,7.019999980926514,7.079999923706055,5.8483357429504395,16000
2006-06-21,7.176000118255615,7.24399995803833,7.015999794006348,7.139999866485596,5.8978986740112305,16000
2006-06-22,7.099999904632568,7.139999866485596,7.004000186920166,7.099999904632568,5.8648552894592285,23000
2006-06-23,7.199999809265137,7.515999794006348,7.159999847412109,7.515999794006348,6.208489894866943,24500
2006-06-26,7.4039998054504395,7.480000019073486,7.199999809265137,7.480000019073486,6.178750038146973,18250
2006-06-27,7.400000095367432,7.400000095367432,7.107999801635742,7.271999835968018,6.006933212280273,18500
2006-06-28,7.208000183105469,7.216000080108643,7.159999847412109,7.164000034332275,5.917723178863525,10000
2006-06-29,7.199999809265137,7.331999778747559,7.159999847412109,7.331999778747559,6.056499481201172,39250
2006-06-30,7.432000160217285,7.599999904632568,7.4079999923706055,7.47599983215332,6.175446033477783,22000
2006-07-03,7.400000095367432,7.480000019073486,7.308000087738037,7.480000019073486,6.178750038146973,8000
2006-07-05,7.5,7.5960001945495605,7.300000190734863,7.400000095367432,6.112668037414551,28000
2006-07-06,7.480000019073486,7.576000213623047,7.395999908447266,7.480000019073486,6.178750038146973,13500
2006-07-07,7.572000026702881,7.572000026702881,7.480000019073486,7.480000019073486,6.178750038146973,8750
2006-07-10,7.579999923706055,7.73199987411499,7.579999923706055,7.73199987411499,6.386910438537598,27250
2006-07-11,7.739999771118164,7.739999771118164,7.5879998207092285,7.679999828338623,6.343958854675293,28750
2006-07-12,7.599999904632568,7.599999904632568,7.420000076293945,7.539999961853027,6.228312969207764,20500
2006-07-13,7.599999904632568,7.599999904632568,7.539999961853027,7.599999904632568,6.2778730392456055,31750
2006-07-14,7.699999809265137,7.723999977111816,7.5,7.572000026702881,6.254746437072754,8000
2006-07-17,7.519999980926514,7.611999988555908,7.427999973297119,7.460000038146973,6.1622314453125,26500
2006-07-18,7.363999843597412,7.363999843597412,7.203999996185303,7.203999996185303,5.9507646560668945,10250
2006-07-19,7.300000190734863,7.455999851226807,7.239999771118164,7.455999851226807,6.158924102783203,3750
2006-07-20,7.519999980926514,7.519999980926514,7.311999797821045,7.311999797821045,6.039977073669434,3250
2006-07-21,7.260000228881836,7.260000228881836,7.004000186920166,7.0320000648498535,5.808684825897217,22000
2006-07-24,7.119999885559082,7.119999885559082,6.9679999351501465,6.9679999351501465,5.755819797515869,8750
2006-07-25,7.067999839782715,7.116000175476074,7.039999961853027,7.0920000076293945,5.858249664306641,8750
2006-07-26,7.0920000076293945,7.0920000076293945,6.940000057220459,6.940000057220459,5.732690334320068,19500
2006-07-27,7.199999809265137,7.199999809265137,6.800000190734863,6.840000152587891,5.650089740753174,54000
2006-07-28,6.880000114440918,6.940000057220459,6.440000057220459,6.5920000076293945,5.445228576660156,91500
2006-07-31,6.684000015258789,6.75600004196167,6.639999866485596,6.75600004196167,5.580700397491455,11750
2006-08-01,6.800000190734863,6.855999946594238,6.760000228881836,6.760000228881836,5.584004878997803,15500
2006-08-02,6.760000228881836,7.179999828338623,6.760000228881836,7.179999828338623,5.9309401512146,60000
2006-08-03,7.199999809265137,7.199999809265137,6.803999900817871,6.892000198364258,5.6930413246154785,20750
2006-08-04,6.880000114440918,6.9039998054504395,6.800000190734863,6.895999908447266,5.696345329284668,24000
2006-08-07,6.820000171661377,6.863999843597412,6.800000190734863,6.823999881744385,5.636870384216309,17500
2006-08-08,6.803999900817871,6.820000171661377,6.699999809265137,6.803999900817871,5.620351791381836,44500
2006-08-09,6.900000095367432,6.900000095367432,6.800000190734863,6.820000171661377,5.633566379547119,7000
2006-08-10,6.803999900817871,7.019999980926514,6.803999900817871,6.97599983215332,5.762426376342773,28250
2006-08-11,7.320000171661377,7.340000152587891,7.199999809265137,7.300000190734863,6.030065059661865,64250
2006-08-14,7.440000057220459,7.440000057220459,7.21999979019165,7.300000190734863,6.030065059661865,42500
2006-08-15,7.400000095367432,7.400000095367432,7.211999893188477,7.340000152587891,6.06310510635376,66000
2006-08-16,7.427999973297119,7.495999813079834,7.320000171661377,7.320000171661377,6.046584129333496,10750
2006-08-17,7.300000190734863,7.4039998054504395,7.271999835968018,7.400000095367432,6.112668037414551,7750
2006-08-18,7.400000095367432,7.400000095367432,7.28000020980835,7.383999824523926,6.099450588226318,9250
2006-08-21,7.495999813079834,7.495999813079834,7.303999900817871,7.400000095367432,6.112668037414551,13500
2006-08-22,7.47599983215332,7.567999839782715,7.440000057220459,7.5,6.195271015167236,23500
2006-08-23,7.599999904632568,7.599999904632568,7.420000076293945,7.420000076293945,6.12918758392334,20000
2006-08-24,7.5,7.5,7.5,7.5,6.195271015167236,250
2006-08-25,7.440000057220459,7.504000186920166,7.420000076293945,7.5,6.195271015167236,9250
2006-08-28,7.480000019073486,7.559999942779541,7.460000038146973,7.460000038146973,6.1622314453125,3250
2006-08-29,7.440000057220459,7.539999961853027,7.440000057220459,7.460000038146973,6.1622314453125,16500
2006-08-30,7.447999954223633,7.495999813079834,7.440000057220459,7.495999813079834,6.200279235839844,6500
2006-08-31,7.47599983215332,7.480000019073486,7.420000076293945,7.440000057220459,6.153958320617676,37500
2006-09-01,7.443999767303467,7.464000225067139,7.375999927520752,7.400000095367432,6.120873928070068,73500
2006-09-05,7.320000171661377,7.320000171661377,7.260000228881836,7.28000020980835,6.021616458892822,43000
2006-09-06,7.400000095367432,7.460000038146973,7.28000020980835,7.300000190734863,6.038158416748047,54250
2006-09-07,7.300000190734863,7.415999889373779,7.300000190734863,7.400000095367432,6.120873928070068,5750
2006-09-08,7.400000095367432,7.5,7.400000095367432,7.400000095367432,6.120873928070068,281750
2006-09-11,7.372000217437744,7.380000114440918,7.23199987411499,7.300000190734863,6.038158416748047,11000
2006-09-12,7.300000190734863,7.355999946594238,7.296000003814697,7.340000152587891,6.071244716644287,7000
2006-09-13,7.300000190734863,7.368000030517578,7.271999835968018,7.271999835968018,6.01499605178833,10500
2006-09-14,7.360000133514404,7.368000030517578,7.300000190734863,7.308000087738037,6.044776916503906,11000
2006-09-15,7.300000190734863,7.320000171661377,7.196000099182129,7.199999809265137,5.955443382263184,27250
2006-09-18,7.199999809265137,7.23199987411499,7.107999801635742,7.107999801635742,5.8793463706970215,18500
2006-09-19,7.119999885559082,7.203999996185303,7.104000091552734,7.203999996185303,5.958752632141113,28500
2006-09-20,7.300000190734863,7.300000190734863,7.01200008392334,7.052000045776367,5.83302640914917,131750
2006-09-21,7.007999897003174,7.079999923706055,7.007999897003174,7.007999897003174,5.796630859375,18250
2006-09-22,7.007999897003174,7.124000072479248,7.007999897003174,7.047999858856201,5.829716682434082,8500
2006-09-25,7.015999794006348,7.124000072479248,7.007999897003174,7.064000129699707,5.842950344085693,3250
2006-09-26,7.01200008392334,7.059999942779541,7.01200008392334,7.059999942779541,5.839643955230713,1500
2006-09-27,7.059999942779541,7.059999942779541,6.920000076293945,6.97599983215332,5.770163059234619,19250
2006-09-28,6.940000057220459,7.019999980926514,6.920000076293945,7.019999980926514,5.806559085845947,15750
2006-09-29,7.0960001945495605,7.104000091552734,7.035999774932861,7.035999774932861,5.819793701171875,10500
2006-10-02,7.0,7.0,6.940000057220459,6.940000057220459,5.740386009216309,1500
2006-10-03,6.9039998054504395,7.039999961853027,6.9039998054504395,6.940000057220459,5.740386009216309,4250
2006-10-04,6.940000057220459,7.0960001945495605,6.940000057220459,7.0960001945495605,5.86942195892334,750
2006-10-05,7.0,7.0,6.9079999923706055,7.0,5.790014743804932,18250
2006-10-06,6.9079999923706055,7.007999897003174,6.9079999923706055,6.995999813079834,5.78670597076416,6000
2006-10-09,6.955999851226807,7.0,6.940000057220459,7.0,5.790014743804932,5000
2006-10-10,6.920000076293945,7.099999904632568,6.920000076293945,7.0960001945495605,5.86942195892334,5750
2006-10-11,7.039999961853027,7.0960001945495605,6.980000019073486,7.072000026702881,5.849568843841553,8500
2006-10-12,6.980000019073486,7.0,6.980000019073486,6.980000019073486,5.773472309112549,18750
2006-10-13,6.960000038146973,7.0,6.923999786376953,6.992000102996826,5.7833991050720215,18500
2006-10-16,6.920000076293945,6.960000038146973,6.920000076293945,6.955999851226807,5.753620624542236,11500
2006-10-17,7.0,7.039999961853027,6.940000057220459,6.980000019073486,5.773472309112549,169000
2006-10-18,6.960000038146973,6.960000038146973,6.952000141143799,6.952000141143799,5.750312805175781,2500
2006-10-19,6.8520002365112305,6.900000095367432,6.823999881744385,6.900000095367432,5.707298755645752,30500
2006-10-20,5.599999904632568,5.599999904632568,5.019999980926514,5.196000099182129,4.297846794128418,408250
2006-10-23,5.5279998779296875,5.599999904632568,5.276000022888184,5.360000133514404,4.433497905731201,102250
2006-10-24,5.460000038146973,5.515999794006348,5.199999809265137,5.300000190734863,4.383869647979736,165500
2006-10-25,5.380000114440918,5.383999824523926,5.203999996185303,5.303999900817871,4.387178421020508,52250
2006-10-26,5.320000171661377,5.320000171661377,5.24399995803833,5.28000020980835,4.367326736450195,35250
2006-10-27,5.21999979019165,5.28000020980835,5.203999996185303,5.271999835968018,4.360708236694336,14000
2006-10-30,5.208000183105469,5.375999927520752,5.203999996185303,5.375999927520752,4.446732997894287,35000
2006-10-31,5.380000114440918,5.455999851226807,5.360000133514404,5.455999851226807,4.512904167175293,30250
2006-11-01,5.455999851226807,5.5960001945495605,5.4039998054504395,5.5960001945495605,4.628704071044922,33750
2006-11-02,5.547999858856201,5.71999979019165,5.547999858856201,5.5960001945495605,4.628704071044922,15750
2006-11-03,5.5,5.5960001945495605,5.5,5.584000110626221,4.618779182434082,9250
2006-11-06,5.5920000076293945,5.5920000076293945,5.432000160217285,5.455999851226807,4.512904167175293,8250
2006-11-07,5.480000019073486,5.559999942779541,5.480000019073486,5.559999942779541,4.598926544189453,17250
2006-11-08,5.480000019073486,5.559999942779541,5.320000171661377,5.320000171661377,4.4004106521606445,28500
2006-11-09,5.199999809265137,5.340000152587891,5.199999809265137,5.28000020980835,4.367326736450195,35750
2006-11-10,5.239999771118164,5.400000095367432,5.239999771118164,5.400000095367432,4.466582775115967,72500
2006-11-13,5.343999862670898,5.432000160217285,5.323999881744385,5.400000095367432,4.466582775115967,8500
2006-11-14,5.320000171661377,5.559999942779541,5.320000171661377,5.559999942779541,4.598926544189453,29000
2006-11-15,5.460000038146973,5.480000019073486,5.460000038146973,5.480000019073486,4.5327534675598145,71500
2006-11-16,5.480000019073486,5.6479997634887695,5.480000019073486,5.607999801635742,4.6386284828186035,53250
2006-11-17,5.579999923706055,5.656000137329102,5.579999923706055,5.639999866485596,4.665098667144775,69000
2006-11-20,5.599999904632568,5.679999828338623,5.599999904632568,5.624000072479248,4.651864051818848,9250
2006-11-21,5.691999912261963,5.699999809265137,5.599999904632568,5.619999885559082,4.648556232452393,11000
2006-11-22,5.599999904632568,5.599999904632568,5.5,5.504000186920166,4.552604675292969,16500
2006-11-24,5.584000110626221,5.5960001945495605,5.504000186920166,5.5879998207092285,4.622085094451904,5000
2006-11-27,5.599999904632568,5.599999904632568,5.564000129699707,5.579999923706055,4.615468502044678,9000
2006-11-28,5.5960001945495605,5.599999904632568,5.480000019073486,5.480000019073486,4.5327534675598145,10500
2006-11-29,5.480000019073486,5.559999942779541,5.460000038146973,5.480000019073486,4.541041374206543,71750
2006-11-30,5.480000019073486,5.515999794006348,5.440000057220459,5.440000057220459,4.50789213180542,2500
2006-12-01,5.440000057220459,5.460000038146973,5.440000057220459,5.440000057220459,4.50789213180542,16250
2006-12-04,5.440000057220459,5.440000057220459,5.340000152587891,5.360000133514404,4.4416022300720215,34500
2006-12-05,5.360000133514404,5.360000133514404,5.228000164031982,5.26800012588501,4.365364074707031,62750
2006-12-06,5.199999809265137,5.276000022888184,5.199999809265137,5.260000228881836,4.358737468719482,196750
2006-12-07,5.248000144958496,5.26800012588501,5.228000164031982,5.248000144958496,4.348791599273682,159250
2006-12-08,5.223999977111816,5.28000020980835,5.21999979019165,5.28000020980835,4.37531042098999,71000
2006-12-11,5.28000020980835,5.320000171661377,5.263999938964844,5.315999984741211,4.405141830444336,34250
2006-12-12,5.320000171661377,5.400000095367432,5.21999979019165,5.400000095367432,4.474749565124512,26000
2006-12-13,5.435999870300293,5.495999813079834,5.4039998054504395,5.423999786376953,4.494635581970215,20750
2006-12-14,5.4079999923706055,5.495999813079834,5.4079999923706055,5.460000038146973,4.524469375610352,11500
2006-12-15,5.460000038146973,5.599999904632568,5.460000038146973,5.5960001945495605,4.637165069580078,32750
2006-12-18,5.5920000076293945,5.5920000076293945,5.51200008392334,5.519999980926514,4.574189186096191,24250
2006-12-19,5.556000232696533,5.559999942779541,5.519999980926514,5.539999961853027,4.590759754180908,9000
2006-12-20,5.4720001220703125,5.599999904632568,5.4720001220703125,5.584000110626221,4.627221584320068,16750
2006-12-21,5.52400016784668,5.584000110626221,5.480000019073486,5.480000019073486,4.541041374206543,17500
2006-12-22,5.48799991607666,5.5960001945495605,5.48799991607666,5.5920000076293945,4.633853435516357,15250
2006-12-26,5.515999794006348,5.539999961853027,5.440000057220459,5.460000038146973,4.524469375610352,24750
2006-12-27,5.420000076293945,5.440000057220459,5.380000114440918,5.380000114440918,4.458177089691162,23000
2006-12-28,5.395999908447266,5.440000057220459,5.28000020980835,5.372000217437744,4.451546669006348,38000
2006-12-29,5.372000217437744,5.375999927520752,5.236000061035156,5.248000144958496,4.348791599273682,77750
2007-01-03,5.283999919891357,5.363999843597412,5.283999919891357,5.340000152587891,4.425027847290039,10500
2007-01-04,5.320000171661377,5.323999881744385,5.21999979019165,5.28000020980835,4.37531042098999,52000
2007-01-05,5.360000133514404,5.360000133514404,5.223999977111816,5.223999977111816,4.328904628753662,11500
2007-01-08,5.251999855041504,5.395999908447266,5.228000164031982,5.395999908447266,4.471433162689209,17500
2007-01-09,5.340000152587891,5.340000152587891,5.223999977111816,5.311999797821045,4.401825428009033,13750
2007-01-10,5.260000228881836,5.260000228881836,5.223999977111816,5.223999977111816,4.328904628753662,6750
2007-01-11,5.28000020980835,5.340000152587891,5.25600004196167,5.288000106811523,4.3819379806518555,39500
2007-01-12,5.296000003814697,5.300000190734863,5.251999855041504,5.251999855041504,4.352106094360352,10750
2007-01-16,5.184000015258789,5.260000228881836,5.067999839782715,5.067999839782715,4.199635028839111,34000
2007-01-17,5.067999839782715,5.156000137329102,5.067999839782715,5.119999885559082,4.24272346496582,42500
2007-01-18,5.199999809265137,5.199999809265137,5.136000156402588,5.159999847412109,4.275869369506836,15250
2007-01-19,5.084000110626221,5.1479997634887695,5.084000110626221,5.144000053405762,4.262612342834473,19250
2007-01-22,5.156000137329102,5.191999912261963,5.0920000076293945,5.191999912261963,4.302389144897461,10250
2007-01-23,5.199999809265137,5.203999996185303,5.119999885559082,5.203999996185303,4.312330722808838,11000
2007-01-24,5.203999996185303,5.203999996185303,5.099999904632568,5.199999809265137,4.309015274047852,8750
2007-01-25,5.119999885559082,5.196000099182129,5.119999885559082,5.196000099182129,4.305704116821289,6000
2007-01-26,5.236000061035156,5.5320000648498535,5.159999847412109,5.355999946594238,4.438287734985352,64750
2007-01-29,5.239999771118164,5.699999809265137,5.239999771118164,5.639999866485596,4.673625946044922,59250
2007-01-30,5.699999809265137,5.711999893188477,5.5960001945495605,5.696000099182129,4.720029354095459,37750
2007-01-31,5.699999809265137,5.708000183105469,5.668000221252441,5.684000015258789,4.710087299346924,29500
2007-02-01,5.760000228881836,5.915999889373779,5.619999885559082,5.835999965667725,4.83604097366333,68250
2007-02-02,5.855999946594238,5.855999946594238,5.739999771118164,5.800000190734863,4.806210994720459,11500
2007-02-05,5.71999979019165,5.78000020980835,5.71999979019165,5.760000228881836,4.773065567016602,3250
2007-02-06,5.791999816894531,6.0,5.723999977111816,5.920000076293945,4.905648231506348,80000
2007-02-07,5.935999870300293,6.131999969482422,5.915999889373779,6.119999885559082,5.071381568908691,51750
2007-02-08,6.136000156402588,6.420000076293945,6.119999885559082,6.372000217437744,5.280203819274902,59000
2007-02-09,6.400000095367432,6.71999979019165,6.375999927520752,6.71999979019165,5.56857442855835,96000
2007-02-12,6.71999979019165,6.800000190734863,6.460000038146973,6.639999866485596,5.50228214263916,51250
2007-02-13,6.539999961853027,6.5960001945495605,6.223999977111816,6.440000057220459,5.336552143096924,25250
2007-02-14,6.420000076293945,6.420000076293945,6.28000020980835,6.300000190734863,5.220539093017578,11250
2007-02-15,6.239999771118164,6.360000133514404,6.199999809265137,6.320000171661377,5.237112045288086,34000
2007-02-16,6.320000171661377,6.320000171661377,6.019999980926514,6.116000175476074,5.068065643310547,54000
2007-02-20,6.039999961853027,6.188000202178955,5.980000019073486,6.064000129699707,5.0249786376953125,83250
2007-02-21,6.079999923706055,6.196000099182129,6.019999980926514,6.116000175476074,5.068065643310547,29500
2007-02-22,6.079999923706055,6.119999885559082,6.035999774932861,6.039999961853027,5.005088806152344,19750
2007-02-23,6.0,6.119999885559082,6.0,6.044000148773193,5.008403301239014,34250
2007-02-26,6.111999988555908,6.124000072479248,6.0,6.107999801635742,5.061437129974365,48000
2007-02-27,6.107999801635742,6.107999801635742,6.019999980926514,6.104000091552734,5.0581231117248535,159250
2007-02-28,6.179999828338623,6.179999828338623,6.019999980926514,6.059999942779541,5.021662712097168,155750
2007-03-01,6.02400016784668,6.084000110626221,6.019999980926514,6.076000213623047,5.0349202156066895,17000
2007-03-02,6.02400016784668,6.084000110626221,6.0,6.039999961853027,5.005088806152344,20500
2007-03-05,6.0,6.0920000076293945,5.955999851226807,6.035999774932861,5.001774311065674,23250
2007-03-06,6.0,6.076000213623047,5.943999767303467,5.960000038146973,4.9387969970703125,49750
2007-03-07,6.0,6.0879998207092285,6.0,6.02400016784668,4.991830348968506,59500
2007-03-08,6.004000186920166,6.004000186920166,5.556000232696533,5.960000038146973,4.9387969970703125,12000
2007-03-09,5.960000038146973,6.039999961853027,5.960000038146973,6.019999980926514,4.988514423370361,51000
2007-03-12,6.039999961853027,6.099999904632568,6.039999961853027,6.039999961853027,5.005088806152344,52250
2007-03-13,6.039999961853027,6.079999923706055,5.995999813079834,6.0,4.971941947937012,81250
2007-03-14,6.015999794006348,6.099999904632568,5.9720001220703125,6.079999923706055,5.046645641326904,283500
2007-03-15,6.099999904632568,6.119999885559082,6.02400016784668,6.079999923706055,5.046645641326904,47500
2007-03-16,6.099999904632568,6.107999801635742,5.984000205993652,6.059999942779541,5.030045986175537,30250
2007-03-19,6.104000091552734,6.216000080108643,6.056000232696533,6.179999828338623,5.129648208618164,106500
2007-03-20,6.179999828338623,6.179999828338623,5.992000102996826,6.104000091552734,5.066566467285156,135500
2007-03-21,6.111999988555908,6.1479997634887695,6.0920000076293945,6.0960001945495605,5.059926986694336,78000
2007-03-22,6.0960001945495605,6.124000072479248,5.815999984741211,6.015999794006348,4.993523120880127,73000
2007-03-23,6.039999961853027,6.079999923706055,5.828000068664551,5.980000019073486,4.963642597198486,174750
2007-03-26,6.0,6.052000045776367,5.920000076293945,5.952000141143799,4.94040060043335,64500
2007-03-27,6.007999897003174,6.179999828338623,6.004000186920166,6.136000156402588,5.093127727508545,165000
2007-03-28,6.179999828338623,6.188000202178955,6.127999782562256,6.159999847412109,5.113048553466797,17500
2007-03-29,6.171999931335449,6.679999828338623,6.171999931335449,6.504000186920166,5.398582458496094,80000
2007-03-30,6.604000091552734,6.800000190734863,6.539999961853027,6.579999923706055,5.461667060852051,92750
2007-04-02,6.607999801635742,6.684000015258789,6.460000038146973,6.47599983215332,5.375340461730957,67000
2007-04-03,6.400000095367432,6.452000141143799,6.300000190734863,6.372000217437744,5.289017677307129,36250
2007-04-04,6.388000011444092,6.464000225067139,6.3480000495910645,6.388000011444092,5.3022990226745605,80500
2007-04-05,6.423999786376953,6.800000190734863,6.340000152587891,6.708000183105469,5.567912578582764,90000
2007-04-09,6.659999847412109,6.760000228881836,6.599999904632568,6.708000183105469,5.567912578582764,16000
2007-04-10,6.659999847412109,6.676000118255615,6.504000186920166,6.599999904632568,5.47826623916626,160250
2007-04-11,6.736000061035156,6.78000020980835,6.599999904632568,6.708000183105469,5.567912578582764,78750
2007-04-12,6.708000183105469,6.78000020980835,6.656000137329102,6.728000164031982,5.584510803222656,25750
2007-04-13,6.699999809265137,6.699999809265137,6.619999885559082,6.636000156402588,5.50814962387085,48750
2007-04-16,6.644000053405762,6.78000020980835,6.604000091552734,6.639999866485596,5.511468410491943,49250
2007-04-17,6.644000053405762,6.888000011444092,6.619999885559082,6.828000068664551,5.667517185211182,107250
2007-04-18,6.835999965667725,6.920000076293945,6.800000190734863,6.800000190734863,5.644276142120361,45250
2007-04-19,6.800000190734863,6.920000076293945,6.800000190734863,6.875999927520752,5.7073588371276855,21250
2007-04-20,6.875999927520752,6.875999927520752,6.800000190734863,6.8480000495910645,5.684117317199707,28250
2007-04-23,6.868000030517578,6.895999908447266,6.823999881744385,6.895999908447266,5.723958492279053,18250
2007-04-24,6.895999908447266,6.895999908447266,6.788000106811523,6.800000190734863,5.644276142120361,12500
2007-04-25,6.863999843597412,6.875999927520752,6.815999984741211,6.860000133514404,5.69407844543457,4250
2007-04-26,6.800000190734863,6.880000114440918,6.679999828338623,6.863999843597412,5.697398662567139,21500
2007-04-27,6.800000190734863,6.863999843597412,6.800000190734863,6.863999843597412,5.697398662567139,2750
2007-04-30,6.863999843597412,6.895999908447266,6.800000190734863,6.8520002365112305,5.687436580657959,9750
2007-05-01,6.800000190734863,6.875999927520752,6.800000190734863,6.860000133514404,5.69407844543457,3500
2007-05-02,6.800000190734863,6.920000076293945,6.800000190734863,6.9039998054504395,5.730599403381348,14000
2007-05-03,6.943999767303467,7.184000015258789,6.943999767303467,7.139999866485596,5.926489353179932,34000
2007-05-04,7.179999828338623,7.300000190734863,7.136000156402588,7.236000061035156,6.006173133850098,14250
2007-05-07,7.136000156402588,7.164000034332275,7.076000213623047,7.139999866485596,5.926489353179932,12500
2007-05-08,7.019999980926514,7.019999980926514,6.920000076293945,6.927999973297119,5.750521183013916,17250
2007-05-09,7.0279998779296875,7.199999809265137,7.0279998779296875,7.099999904632568,5.893287181854248,11250
2007-05-10,7.199999809265137,7.21999979019165,7.099999904632568,7.199999809265137,5.976291179656982,30750
2007-05-11,7.139999866485596,7.199999809265137,7.099999904632568,7.124000072479248,5.913209438323975,4500
2007-05-14,7.191999912261963,7.21999979019165,7.099999904632568,7.099999904632568,5.893287181854248,6000
2007-05-15,7.0,7.196000099182129,7.0,7.196000099182129,5.9729719161987305,12000
2007-05-16,7.196000099182129,7.21999979019165,7.099999904632568,7.21999979019165,5.992892742156982,7500
2007-05-17,7.300000190734863,7.300000190734863,6.900000095367432,7.139999866485596,5.926489353179932,8750
2007-05-18,7.119999885559082,7.139999866485596,7.079999923706055,7.079999923706055,5.876685619354248,22750
2007-05-21,7.079999923706055,7.0879998207092285,6.980000019073486,6.980000019073486,5.793683052062988,11750
2007-05-22,6.9039998054504395,7.039999961853027,6.760000228881836,6.960000038146973,5.777081489562988,13750
2007-05-23,6.920000076293945,7.019999980926514,6.920000076293945,7.019999980926514,5.82688570022583,3000
2007-05-24,6.920000076293945,7.019999980926514,6.760000228881836,6.760000228881836,5.6110734939575195,27750
2007-05-25,6.783999919891357,6.800000190734863,6.75600004196167,6.800000190734863,5.644276142120361,28250
2007-05-29,6.880000114440918,6.940000057220459,6.723999977111816,6.800000190734863,5.644276142120361,72000
2007-05-30,6.860000133514404,7.28000020980835,6.811999797821045,7.208000183105469,5.982933044433594,48250
2007-05-31,7.199999809265137,7.21999979019165,6.900000095367432,6.900000095367432,5.727278232574463,62250
2007-06-01,6.980000019073486,7.159999847412109,6.940000057220459,7.007999897003174,5.81692361831665,61750
2007-06-04,7.079999923706055,7.28000020980835,7.079999923706055,7.271999835968018,6.03605318069458,66750
2007-06-05,8.399999618530273,9.579999923706055,8.399999618530273,9.276000022888184,7.699454307556152,1529500
2007-06-06,9.227999687194824,9.699999809265137,8.956000328063965,9.619999885559082,7.984986782073975,426000
2007-06-07,9.579999923706055,9.899999618530273,9.12399959564209,9.239999771118164,7.669573783874512,366250
2007-06-08,9.239999771118164,9.355999946594238,9.01200008392334,9.300000190734863,7.7193756103515625,315250
2007-06-11,9.479999542236328,10.5,9.407999992370605,10.15999984741211,8.433212280273438,177250
2007-06-12,10.039999961853027,10.680000305175781,9.63599967956543,9.98799991607666,8.290446281433105,240000
2007-06-13,10.008000373840332,10.399999618530273,10.003999710083008,10.319999694824219,8.574605941772461,110500
2007-06-14,10.479999542236328,11.196000099182129,10.168000221252441,10.552000045776367,8.767363548278809,214000
2007-06-15,10.520000457763672,10.552000045776367,10.01200008392334,10.255999565124512,8.521425247192383,104500
2007-06-18,10.359999656677246,10.5,9.800000190734863,10.359999656677246,8.60783576965332,89500
2007-06-19,10.156000137329102,10.696000099182129,10.020000457763672,10.571999549865723,8.783982276916504,122250
2007-06-20,10.680000305175781,10.720000267028809,10.0,10.168000221252441,8.448307991027832,79500
2007-06-21,9.97599983215332,11.079999923706055,9.899999618530273,10.944000244140625,9.093069076538086,85750
2007-06-22,10.807999610900879,10.960000038146973,10.420000076293945,10.699999809265137,8.89033031463623,127500
2007-06-25,10.84000015258789,11.17199993133545,10.539999961853027,11.0,9.139596939086914,149000
2007-06-26,11.100000381469727,11.100000381469727,10.460000038146973,10.723999977111816,8.910273551940918,205750
2007-06-27,10.819999694824219,10.819999694824219,10.392000198364258,10.739999771118164,8.923568725585938,69750
2007-06-28,10.579999923706055,11.039999961853027,10.47599983215332,10.920000076293945,9.073128700256348,89500
2007-06-29,11.100000381469727,11.399999618530273,10.996000289916992,11.260000228881836,9.355622291564941,159500
2007-07-02,11.199999809265137,11.748000144958496,11.088000297546387,11.619999885559082,9.65473747253418,149750
2007-07-03,11.692000389099121,12.347999572753906,11.684000015258789,12.15999984741211,10.103407859802246,240250
2007-07-05,12.319999694824219,12.847999572753906,12.199999809265137,12.520000457763672,10.402521133422852,344750
2007-07-06,12.592000007629395,12.855999946594238,12.343999862670898,12.395999908447266,10.299492835998535,210250
2007-07-09,12.496000289916992,12.600000381469727,12.095999717712402,12.472000122070312,10.362640380859375,309500
2007-07-10,12.392000198364258,12.5,11.800000190734863,12.355999946594238,10.26625919342041,173750
2007-07-11,12.192000389099121,12.380000114440918,11.899999618530273,12.152000427246094,10.096762657165527,162000
2007-07-12,12.196000099182129,12.899999618530273,11.887999534606934,12.675999641418457,10.53213882446289,439500
2007-07-13,12.836000442504883,12.899999618530273,12.680000305175781,12.84000015258789,10.668403625488281,118000
2007-07-16,12.755999565124512,12.831999778747559,11.923999786376953,12.51200008392334,10.395873069763184,204500
2007-07-17,12.51200008392334,12.51200008392334,11.324000358581543,12.0,9.970468521118164,302000
2007-07-18,11.880000114440918,11.880000114440918,11.232000350952148,11.687999725341797,9.711235046386719,151750
2007-07-19,11.727999687194824,11.892000198364258,11.359999656677246,11.720000267028809,9.737822532653809,77250
2007-07-20,11.760000228881836,11.855999946594238,11.420000076293945,11.736000061035156,9.751121520996094,69000
2007-07-23,11.704000473022461,11.968000411987305,11.359999656677246,11.600000381469727,9.638120651245117,110250
2007-07-24,11.479999542236328,11.800000190734863,11.34000015258789,11.539999961853027,9.58826732635498,137250
2007-07-25,11.37600040435791,11.696000099182129,10.640000343322754,11.239999771118164,9.339005470275879,125500
2007-07-26,11.15999984741211,11.17199993133545,10.583999633789062,10.84000015258789,9.006657600402832,64250
2007-07-27,10.640000343322754,10.82800006866455,10.163999557495117,10.720000267028809,8.906951904296875,130500
2007-07-30,12.899999618530273,14.711999893188477,12.100000381469727,14.199999809265137,11.79838752746582,1066250
2007-07-31,14.300000190734863,15.0,14.13599967956543,14.4399995803833,11.99779224395752,526750
2007-08-01,14.460000038146973,14.67199993133545,13.407999992370605,14.300000190734863,11.88147258758545,413000
2007-08-02,14.223999977111816,14.395999908447266,14.119999885559082,14.196000099182129,11.795059204101562,249500
2007-08-03,14.192000389099121,15.199999809265137,13.920000076293945,14.331999778747559,11.908065795898438,311500
2007-08-06,14.600000381469727,15.456000328063965,14.543999671936035,15.083999633789062,12.532876968383789,437500
2007-08-07,15.083999633789062,15.083999633789062,14.104000091552734,14.4399995803833,11.99779224395752,152500
2007-08-08,14.411999702453613,14.53600025177002,13.600000381469727,14.279999732971191,11.864858627319336,217000
2007-08-09,14.079999923706055,14.079999923706055,13.399999618530273,13.399999618530273,11.133687973022461,286500
2007-08-10,13.199999809265137,13.199999809265137,12.600000381469727,12.699999809265137,10.552077293395996,393000
2007-08-13,13.0,13.571999549865723,12.760000228881836,12.760000228881836,10.601933479309082,340000
2007-08-14,12.800000190734863,13.092000007629395,12.444000244140625,12.479999542236328,10.36928939819336,225250
2007-08-15,12.800000190734863,13.0,12.300000190734863,12.520000457763672,10.402521133422852,85750
2007-08-16,12.904000282287598,12.904000282287598,12.02400016784668,12.331999778747559,10.246316909790039,163000
2007-08-17,12.751999855041504,12.9399995803833,12.0,12.727999687194824,10.57534408569336,86500
2007-08-20,12.800000190734863,12.815999984741211,12.479999542236328,12.720000267028809,10.56869888305664,47500
2007-08-21,13.076000213623047,13.192000389099121,12.631999969482422,13.140000343322754,10.917659759521484,219250
2007-08-22,13.140000343322754,14.156000137329102,13.140000343322754,14.092000007629395,11.70865249633789,198500
2007-08-23,14.196000099182129,14.196000099182129,13.619999885559082,13.956000328063965,11.59565544128418,156500
2007-08-24,14.01200008392334,14.496000289916992,13.911999702453613,14.423999786376953,11.984501838684082,103000
2007-08-27,14.47599983215332,14.583999633789062,14.36400032043457,14.503999710083008,12.050969123840332,86250
2007-08-28,14.239999771118164,14.555999755859375,14.079999923706055,14.368000030517578,11.937973976135254,115250
2007-08-29,14.723999977111816,14.723999977111816,14.36400032043457,14.5,12.047649383544922,49000
2007-08-30,14.48799991607666,14.692000389099121,14.359999656677246,14.62399959564209,12.159059524536133,58250
2007-08-31,14.739999771118164,14.739999771118164,13.843999862670898,14.520000457763672,12.072588920593262,57500
2007-09-04,14.748000144958496,15.9399995803833,14.687999725341797,15.819999694824219,13.153472900390625,305500
2007-09-05,15.767999649047852,15.788000106811523,15.484000205993652,15.732000350952148,13.080307006835938,183250
2007-09-06,15.779999732971191,16.42799949645996,15.607999801635742,16.399999618530273,13.63570785522461,293250
2007-09-07,15.600000381469727,16.399999618530273,15.5,16.299999237060547,13.552565574645996,144500
2007-09-10,16.308000564575195,16.916000366210938,15.95199966430664,16.84000015258789,14.00154972076416,166250
2007-09-11,17.0,17.200000762939453,16.81999969482422,17.139999389648438,14.250982284545898,122000
2007-09-12,17.139999389648438,17.799999237060547,16.86400032043457,17.68000030517578,14.699963569641113,271500
2007-09-13,17.88800048828125,18.100000381469727,16.799999237060547,17.027999877929688,14.157855987548828,223250
2007-09-14,17.0,17.115999221801758,16.423999786376953,17.06800079345703,14.191115379333496,147500
2007-09-17,16.799999237060547,17.152000427246094,16.70400047302246,17.100000381469727,14.21772289276123,87000
2007-09-18,17.472000122070312,17.631999969482422,17.284000396728516,17.631999969482422,14.660051345825195,104250
2007-09-19,17.775999069213867,18.299999237060547,17.65999984741211,18.0,14.966024398803711,118750
2007-09-20,18.091999053955078,18.091999053955078,17.81599998474121,18.0,14.966024398803711,43500
2007-09-21,18.079999923706055,18.100000381469727,17.520000457763672,17.600000381469727,14.63344955444336,106000
2007-09-24,17.479999542236328,17.600000381469727,16.399999618530273,16.964000701904297,14.10465145111084,175250
2007-09-25,16.600000381469727,16.979999542236328,16.0,16.68400001525879,13.871840476989746,132500
2007-09-26,16.68400001525879,16.775999069213867,15.300000190734863,15.600000381469727,12.97055721282959,282500
2007-09-27,15.600000381469727,16.639999389648438,15.380000114440918,16.5,13.718855857849121,184750
2007-09-28,16.399999618530273,17.172000885009766,16.368000030517578,16.444000244140625,13.672293663024902,149250
2007-10-01,16.719999313354492,17.799999237060547,16.719999313354492,17.260000228881836,14.350750923156738,184750
2007-10-02,17.399999618530273,17.860000610351562,17.360000610351562,17.607999801635742,14.640096664428711,134500
2007-10-03,17.6200008392334,17.624000549316406,16.68000030517578,16.68000030517578,13.868510246276855,112250
2007-10-04,16.719999313354492,17.076000213623047,15.819999694824219,16.0,13.303133010864258,201500
2007-10-05,16.139999389648438,17.040000915527344,16.139999389648438,16.93600082397461,14.081364631652832,83250
2007-10-08,17.200000762939453,17.780000686645508,16.940000534057617,17.492000579833984,14.543643951416016,137500
2007-10-09,17.479999542236328,18.079999923706055,17.479999542236328,17.996000289916992,14.962692260742188,138250
2007-10-10,18.059999465942383,19.172000885009766,17.780000686645508,18.163999557495117,15.102378845214844,295500
2007-10-11,18.280000686645508,19.079999923706055,16.827999114990234,17.368000030517578,14.4405517578125,211500
2007-10-12,17.395999908447266,18.57200050354004,17.395999908447266,18.552000045776367,15.424976348876953,122000
2007-10-15,18.576000213623047,20.0,18.399999618530273,18.70800018310547,15.5546875,242500
2007-10-16,18.70800018310547,18.70800018310547,17.93199920654297,18.299999237060547,15.215455055236816,101250
2007-10-17,19.055999755859375,19.507999420166016,18.351999282836914,19.392000198364258,16.123394012451172,199750
2007-10-18,19.559999465942383,19.579999923706055,18.804000854492188,19.45199966430664,16.173280715942383,168750
2007-10-19,19.399999618530273,19.399999618530273,18.579999923706055,18.823999404907227,15.651137351989746,123250
2007-10-22,18.100000381469727,18.79599952697754,17.31999969482422,18.760000228881836,15.597925186157227,172750
2007-10-23,19.516000747680664,19.516000747680664,18.763999938964844,19.200000762939453,15.963754653930664,111000
2007-10-24,19.239999771118164,19.5,18.84000015258789,19.016000747680664,15.810769081115723,145000
2007-10-25,19.0,19.0,18.083999633789062,18.239999771118164,15.165570259094238,89500
2007-10-26,20.639999389648438,23.836000442504883,20.399999618530273,23.299999237060547,19.372692108154297,604250
2007-10-29,23.200000762939453,25.459999084472656,23.200000762939453,25.0,20.78614044189453,492250
2007-10-30,25.399999618530273,25.399999618530273,23.68400001525879,24.299999237060547,20.204126358032227,199000
2007-10-31,24.43199920654297,26.5,24.0,26.416000366210938,21.963470458984375,176500
2007-11-01,26.351999282836914,26.351999282836914,24.6200008392334,25.695999145507812,21.364830017089844,242000
2007-11-02,25.79199981689453,26.299999237060547,25.215999603271484,25.288000106811523,21.02559471130371,194250
2007-11-05,25.54400062561035,25.88800048828125,24.687999725341797,25.1200008392334,20.885921478271484,298750
2007-11-06,26.371999740600586,27.239999771118164,25.25200080871582,26.459999084472656,22.000057220458984,322750
2007-11-07,26.695999145507812,27.18400001525879,25.40399932861328,25.719999313354492,21.384784698486328,183500
2007-11-08,25.399999618530273,25.81599998474121,23.200000762939453,24.1560001373291,20.08440399169922,266500
2007-11-09,24.15999984741211,24.15999984741211,21.600000381469727,21.6560001373291,18.00579261779785,289500
2007-11-12,22.1200008392334,22.1200008392334,20.68400001525879,21.200000762939453,17.626649856567383,228750
2007-11-13,21.836000442504883,23.88800048828125,21.5,23.719999313354492,19.721893310546875,225000
2007-11-14,24.43199920654297,24.988000869750977,23.799999237060547,24.86400032043457,20.67306900024414,282750
2007-11-15,24.1200008392334,25.148000717163086,23.200000762939453,23.628000259399414,19.645401000976562,255750
2007-11-16,24.336000442504883,24.336000442504883,22.944000244140625,23.700000762939453,19.705265045166016,163000
2007-11-19,24.055999755859375,24.219999313354492,22.57200050354004,22.799999237060547,18.956958770751953,144250
2007-11-20,23.143999099731445,23.256000518798828,22.0,22.368000030517578,18.597782135009766,162250
2007-11-21,21.784000396728516,23.711999893188477,21.628000259399414,23.5,19.538969039916992,255000
2007-11-23,23.899999618530273,25.200000762939453,23.600000381469727,25.200000762939453,20.952434539794922,96500
2007-11-26,25.75200080871582,26.719999313354492,25.600000381469727,26.375999450683594,21.93021583557129,294000
2007-11-27,26.399999618530273,26.691999435424805,25.31999969482422,26.055999755859375,21.664152145385742,172000
2007-11-28,26.691999435424805,27.06800079345703,25.503999710083008,26.700000762939453,22.20983123779297,237500
2007-11-29,27.0,28.0,26.899999618530273,27.700000762939453,23.041656494140625,290500
2007-11-30,28.360000610351562,28.360000610351562,27.323999404907227,28.0,23.291208267211914,178250
2007-12-03,28.42799949645996,29.18000030517578,28.0,29.0,24.123037338256836,316500
2007-12-04,29.347999572753906,29.392000198364258,28.0,28.600000381469727,23.790302276611328,323750
2007-12-05,28.600000381469727,29.139999389648438,28.600000381469727,28.780000686645508,23.94003677368164,154000
2007-12-06,29.15999984741211,29.695999145507812,28.756000518798828,29.416000366210938,24.469074249267578,243500
2007-12-07,29.416000366210938,29.628000259399414,28.200000762939453,29.0,24.123037338256836,164000
2007-12-10,29.81599998474121,30.0,29.04800033569336,29.784000396728516,24.775190353393555,277000
2007-12-11,29.799999237060547,30.479999542236328,27.615999221801758,28.275999069213867,23.520790100097656,291000
2007-12-12,29.124000549316406,29.8799991607666,25.84000015258789,26.695999145507812,22.206499099731445,533000
2007-12-13,26.356000900268555,26.356000900268555,24.47599983215332,24.68000030517578,20.52953338623047,362750
2007-12-14,24.444000244140625,24.799999237060547,23.691999435424805,24.0,19.963895797729492,354750
2007-12-17,23.615999221801758,23.700000762939453,21.81999969482422,21.81999969482422,18.15049934387207,407750
2007-12-18,22.687999725341797,23.200000762939453,21.520000457763672,22.260000228881836,18.516504287719727,370250
2007-12-19,21.908000946044922,22.959999084472656,21.908000946044922,22.579999923706055,18.78269386291504,171750
2007-12-20,23.031999588012695,23.031999588012695,21.200000762939453,21.5,17.88431739807129,243750
2007-12-21,21.639999389648438,22.124000549316406,21.483999252319336,21.600000381469727,17.967500686645508,133500
2007-12-24,21.604000091552734,23.15999984741211,21.604000091552734,22.8799991607666,19.032245635986328,125500
2007-12-26,22.356000900268555,22.84000015258789,21.799999237060547,22.41200065612793,18.64295196533203,156750
2007-12-27,22.20400047302246,22.26799964904785,20.604000091552734,20.739999771118164,17.252124786376953,225500
2007-12-28,21.0,21.107999801635742,20.13599967956543,20.243999481201172,16.83954429626465,253250
2007-12-31,19.983999252319336,21.04400062561035,19.652000427246094,20.959999084472656,17.43514060974121,181500
2008-01-02,21.31599998474121,22.440000534057617,20.756000518798828,22.399999618530273,18.63296127319336,324750
2008-01-03,23.19499969482422,25.149999618530273,22.729999542236328,24.899999618530273,20.712533950805664,405800
2008-01-04,24.90999984741211,25.149999618530273,23.954999923706055,24.209999084472656,20.138578414916992,316600
2008-01-07,24.375,24.899999618530273,22.864999771118164,23.489999771118164,19.539661407470703,182000
2008-01-08,23.0,24.415000915527344,22.899999618530273,23.19499969482422,19.294269561767578,145200
2008-01-09,22.790000915527344,23.174999237060547,21.440000534057617,22.174999237060547,18.445804595947266,198800
2008-01-10,21.594999313354492,23.80500030517578,21.235000610351562,23.674999237060547,19.69355010986328,150400
2008-01-11,23.5,24.395000457763672,22.485000610351562,22.485000610351562,18.70367431640625,145200
2008-01-14,22.100000381469727,23.704999923706055,22.100000381469727,23.149999618530273,19.256839752197266,117200
2008-01-15,23.299999237060547,23.299999237060547,22.375,22.5,18.716154098510742,91600
2008-01-16,21.7549991607666,22.299999237060547,20.329999923706055,20.5,17.052492141723633,249200
2008-01-17,20.5,21.030000686645508,18.299999237060547,18.68000030517578,15.538564682006836,352400
2008-01-18,18.799999237060547,19.709999084472656,18.75,19.399999618530273,16.13747787475586,136600
2008-01-22,18.53499984741211,20.274999618530273,17.385000228881836,19.975000381469727,16.615785598754883,214400
2008-01-23,20.15999984741211,20.15999984741211,17.665000915527344,19.389999389648438,16.12915802001953,135000
2008-01-24,19.834999084472656,21.295000076293945,19.610000610351562,21.274999618530273,17.69715690612793,173200
2008-01-25,21.690000534057617,22.0,20.104999542236328,21.325000762939453,17.738746643066406,133000
2008-01-28,22.524999618530273,23.545000076293945,17.350000381469727,17.424999237060547,14.494613647460938,900400
2008-01-29,17.5,17.549999237060547,14.0,15.0,12.477431297302246,1478800
2008-01-30,14.510000228881836,15.994999885559082,14.279999732971191,15.515000343322754,12.905826568603516,625000
2008-01-31,15.270000457763672,16.135000228881836,15.239999771118164,15.725000381469727,13.080511093139648,262000
2008-02-01,15.694999694824219,17.420000076293945,15.600000381469727,17.024999618530273,14.16188907623291,326400
2008-02-04,17.520000457763672,18.014999389648438,16.309999465942383,16.450000762939453,13.683585166931152,290400
2008-02-05,16.565000534057617,16.575000762939453,15.649999618530273,16.0,13.309260368347168,184600
2008-02-06,16.0,17.110000610351562,16.0,17.0,14.141092300415039,137400
2008-02-07,16.385000228881836,17.0,15.75,16.21500015258789,13.488105773925781,170800
2008-02-08,15.970000267028809,16.9950008392334,15.970000267028809,16.0,13.309260368347168,123800
2008-02-11,15.5649995803833,17.719999313354492,15.5649995803833,17.639999389648438,14.67345905303955,223600
2008-02-12,17.920000076293945,17.920000076293945,16.354999542236328,16.5,13.725171089172363,268600
2008-02-13,16.15999984741211,17.270000457763672,16.15999984741211,16.969999313354492,14.116131782531738,132200
2008-02-14,17.094999313354492,17.690000534057617,16.625,17.075000762939453,14.203481674194336,122200
2008-02-15,17.5,17.5,16.264999389648438,16.264999389648438,13.529695510864258,121200
2008-02-19,16.3700008392334,17.670000076293945,16.3700008392334,17.670000076293945,14.698415756225586,211600
2008-02-20,17.4950008392334,17.670000076293945,17.0,17.5,14.557000160217285,135000
2008-02-21,17.364999771118164,17.625,17.149999618530273,17.299999237060547,14.39063549041748,116400
2008-02-22,17.299999237060547,17.889999389648438,16.875,17.024999618530273,14.16188907623291,300200
2008-02-25,17.049999237060547,18.165000915527344,16.799999237060547,18.0,14.97292423248291,322800
2008-02-26,17.735000610351562,19.100000381469727,17.735000610351562,18.7549991607666,15.60094928741455,170800
2008-02-27,18.844999313354492,19.440000534057617,17.950000762939453,18.75,15.596786499023438,182000
2008-02-28,18.864999771118164,18.9950008392334,18.475000381469727,18.9950008392334,15.80059814453125,75600
2008-02-29,18.844999313354492,19.25,18.5,19.239999771118164,16.00438690185547,165000
2008-03-03,19.649999618530273,19.649999618530273,17.799999237060547,17.815000534057617,14.8190336227417,182000
2008-03-04,17.5049991607666,18.450000762939453,17.5,18.334999084472656,15.25158405303955,124600
2008-03-05,18.770000457763672,19.4950008392334,18.375,18.979999542236328,15.78809928894043,156800
2008-03-06,19.094999313354492,19.155000686645508,18.59000015258789,18.829999923706055,15.663336753845215,95200
2008-03-07,18.860000610351562,18.860000610351562,17.854999542236328,18.459999084472656,15.355561256408691,132200
2008-03-10,18.020000457763672,18.860000610351562,17.0049991607666,17.170000076293945,14.282501220703125,139600
2008-03-11,17.28499984741211,18.475000381469727,17.28499984741211,18.46500015258789,15.359718322753906,117000
2008-03-12,18.229999542236328,18.360000610351562,17.520000457763672,17.604999542236328,14.6443452835083,101800
2008-03-13,17.75,18.614999771118164,16.924999237060547,18.389999389648438,15.297331809997559,140800
2008-03-14,18.520000457763672,19.05500030517578,18.145000457763672,18.299999237060547,15.222469329833984,138600
2008-03-17,17.5049991607666,18.024999618530273,16.795000076293945,17.2549991607666,14.353206634521484,120400
2008-03-18,16.9950008392334,18.405000686645508,16.9950008392334,18.204999923706055,15.143447875976562,68600
2008-03-19,18.010000228881836,18.395000457763672,16.915000915527344,17.049999237060547,14.194377899169922,126200
2008-03-20,16.704999923706055,17.8700008392334,16.315000534057617,17.25,14.360877990722656,78400
2008-03-24,16.975000381469727,17.924999237060547,16.975000381469727,17.514999389648438,14.581500053405762,119000
2008-03-25,17.7450008392334,18.165000915527344,17.530000686645508,18.165000915527344,15.122635841369629,192000
2008-03-26,17.725000381469727,18.15999984741211,17.645000457763672,17.9950008392334,14.981110572814941,111400
2008-03-27,18.364999771118164,18.364999771118164,17.69499969482422,17.93000030517578,14.926984786987305,88800
2008-03-28,17.71500015258789,18.104999542236328,17.25,17.485000610351562,14.556525230407715,105000
2008-03-31,17.68000030517578,17.985000610351562,17.260000228881836,17.80500030517578,14.822924613952637,93200
2008-04-01,18.174999237060547,18.174999237060547,17.864999771118164,17.989999771118164,14.976941108703613,135800
2008-04-02,18.325000762939453,18.325000762939453,17.5,18.0,14.985271453857422,89600
2008-04-03,18.450000762939453,22.899999618530273,18.450000762939453,22.610000610351562,18.82315444946289,555000
2008-04-04,22.649999618530273,24.790000915527344,22.299999237060547,24.395000457763672,20.309200286865234,400400
2008-04-07,26.30500030517578,26.5,24.510000228881836,25.43000030517578,21.170854568481445,762800
2008-04-08,25.719999313354492,25.7450008392334,24.885000228881836,25.489999771118164,21.220806121826172,191400
2008-04-09,25.78499984741211,26.040000915527344,25.0049991607666,25.135000228881836,20.925262451171875,149200
2008-04-10,24.809999465942383,25.719999313354492,24.75,25.625,21.333192825317383,149600
2008-04-11,25.420000076293945,25.774999618530273,24.700000762939453,25.645000457763672,21.34984016418457,153600
2008-04-14,25.625,25.645000457763672,22.075000762939453,23.549999237060547,19.605716705322266,408200
2008-04-15,23.899999618530273,25.420000076293945,23.700000762939453,25.420000076293945,21.162521362304688,214000
2008-04-16,26.03499984741211,26.110000610351562,25.450000762939453,26.0,21.64537811279297,172400
2008-04-17,26.209999084472656,26.209999084472656,25.450000762939453,25.774999618530273,21.458070755004883,148800
2008-04-18,26.334999084472656,26.690000534057617,26.0,26.690000534057617,22.219820022583008,164600
2008-04-21,27.21500015258789,28.135000228881836,26.610000610351562,27.31999969482422,22.744308471679688,376400
2008-04-22,27.489999771118164,27.625,27.084999084472656,27.489999771118164,22.88582992553711,147800
2008-04-23,27.489999771118164,28.329999923706055,27.0,27.514999389648438,22.906648635864258,176600
2008-04-24,27.934999465942383,28.0,26.25,27.399999618530273,22.81090545654297,187200
2008-04-25,27.809999465942383,28.950000762939453,27.405000686645508,28.950000762939453,24.101303100585938,215800
2008-04-28,29.96500015258789,29.985000610351562,29.075000762939453,29.475000381469727,24.538375854492188,280600
2008-04-29,29.915000915527344,29.920000076293945,28.280000686645508,28.53499984741211,23.75580406188965,159200
2008-04-30,29.0,29.34000015258789,28.55500030517578,28.59000015258789,23.801599502563477,168000
2008-05-01,29.4950008392334,30.0,28.790000915527344,29.114999771118164,24.238672256469727,211000
2008-05-02,29.4950008392334,31.350000381469727,29.2549991607666,31.350000381469727,26.099336624145508,438400
2008-05-05,31.985000610351562,32.44499969482422,27.0049991607666,27.56999969482422,22.952430725097656,693600
2008-05-06,27.565000534057617,30.71500015258789,25.5,30.524999618530273,25.41251564025879,617800
2008-05-07,30.969999313354492,31.860000610351562,28.5,28.75,23.93480110168457,297800
2008-05-08,29.43000030517578,30.7450008392334,28.799999237060547,30.7450008392334,25.595670700073242,174400
2008-05-09,29.5,30.924999237060547,28.75,30.420000076293945,25.325101852416992,293800
2008-05-12,30.9950008392334,31.25,29.600000381469727,31.1200008392334,25.907865524291992,241000
2008-05-13,31.725000381469727,32.880001068115234,31.149999618530273,32.474998474121094,27.03591537475586,286600
2008-05-14,33.30500030517578,33.30500030517578,31.549999237060547,32.095001220703125,26.719566345214844,225800
2008-05-15,32.869998931884766,33.459999084472656,32.689998626708984,33.125,27.577051162719727,204000
2008-05-16,33.744998931884766,33.775001525878906,32.5,33.275001525878906,27.70193862915039,221600
2008-05-19,33.94499969482422,35.790000915527344,33.349998474121094,34.6150016784668,28.81749725341797,397200
2008-05-20,34.48500061035156,35.45000076293945,33.755001068115234,34.650001525878906,28.846635818481445,239000
2008-05-21,35.244998931884766,35.48500061035156,30.649999618530273,31.049999237060547,25.849586486816406,627200
2008-05-22,31.075000762939453,31.149999618530273,29.010000228881836,30.375,25.28763771057129,417400
2008-05-23,30.649999618530273,30.649999618530273,28.2450008392334,28.299999237060547,23.5601749420166,397000
2008-05-27,28.075000762939453,30.649999618530273,28.065000534057617,30.399999618530273,25.30845069885254,255800
2008-05-28,30.989999771118164,32.630001068115234,30.0049991607666,31.75,26.43233871459961,270800
2008-05-29,32.435001373291016,33.474998474121094,30.25,30.875,25.70389747619629,439600
2008-05-30,33.09000015258789,35.625,31.760000228881836,34.220001220703125,28.488658905029297,738600
2008-06-02,34.21500015258789,35.994998931884766,33.5,35.994998931884766,29.966360092163086,642200
2008-06-03,36.46500015258789,37.5,35.529998779296875,37.4900016784668,31.210973739624023,590800
2008-06-04,36.71500015258789,37.709999084472656,36.25,37.064998626708984,30.857149124145508,320200
2008-06-05,37.130001068115234,38.25,37.0,38.25,31.843698501586914,299200
2008-06-06,38.0,38.25,36.75,37.25,31.01116180419922,297400
2008-06-09,36.755001068115234,37.42499923706055,35.845001220703125,36.689998626708984,30.544971466064453,331800
2008-06-10,35.779998779296875,35.779998779296875,33.125,34.51499938964844,28.734235763549805,581600
2008-06-11,34.51499938964844,35.38999938964844,33.75,34.875,29.04657554626465,246600
2008-06-12,34.39500045776367,35.915000915527344,33.0099983215332,33.5,27.90137481689453,232400
2008-06-13,33.255001068115234,34.46500015258789,32.494998931884766,34.1349983215332,28.43024444580078,228800
2008-06-16,33.474998474121094,35.66999816894531,32.540000915527344,35.404998779296875,29.48799705505371,222000
2008-06-17,35.994998931884766,37.625,35.994998931884766,37.525001525878906,31.253694534301758,283000
2008-06-18,37.5,38.25,36.755001068115234,37.404998779296875,31.153745651245117,230800
2008-06-19,37.845001220703125,38.20000076293945,36.8650016784668,37.185001373291016,30.97052001953125,143400
2008-06-20,36.77000045776367,36.98500061035156,35.34000015258789,35.82500076293945,29.837810516357422,236800
2008-06-23,36.0,37.2599983215332,35.92499923706055,36.810001373291016,30.658191680908203,200800
2008-06-24,36.845001220703125,37.025001525878906,35.0,35.46500015258789,29.53797149658203,206600
2008-06-25,35.005001068115234,35.44499969482422,32.75,33.875,28.213695526123047,278000
2008-06-26,33.625,34.189998626708984,32.75,33.625,28.005483627319336,210200
2008-06-27,33.255001068115234,35.154998779296875,32.75,34.90999984741211,29.075725555419922,1245200
2008-06-30,34.755001068115234,37.5,34.755001068115234,37.05500030517578,30.86225700378418,439400
2008-07-01,36.38999938964844,38.5,36.02000045776367,38.165000915527344,31.78675079345703,374400
2008-07-02,37.10499954223633,38.95000076293945,36.07500076293945,36.11000061035156,30.075170516967773,434800
2008-07-03,35.16999816894531,35.57500076293945,33.584999084472656,34.775001525878906,28.96328353881836,224800
2008-07-07,34.505001068115234,37.5,33.8849983215332,36.88999938964844,30.724822998046875,316400
2008-07-08,36.994998931884766,37.290000915527344,33.619998931884766,37.275001525878906,31.045494079589844,362200
2008-07-09,37.494998931884766,38.44499969482422,36.349998474121094,36.3650016784668,30.287561416625977,255400
2008-07-10,37.20500183105469,39.42499923706055,36.04999923706055,39.42499923706055,32.83616256713867,348400
2008-07-11,39.41999816894531,40.494998931884766,38.400001525878906,40.03499984741211,33.344215393066406,423000
2008-07-14,40.96500015258789,44.25,40.79999923706055,44.025001525878906,36.667396545410156,935800
2008-07-15,42.755001068115234,45.45000076293945,41.744998931884766,45.25,37.68767547607422,995800
2008-07-16,44.005001068115234,46.209999084472656,42.55500030517578,44.900001525878906,37.396156311035156,777400
2008-07-17,45.54999923706055,46.474998474121094,43.654998779296875,44.81999969482422,37.32954406738281,462200
2008-07-18,45.61000061035156,45.61000061035156,43.45000076293945,44.10499954223633,36.7340202331543,308000
2008-07-21,45.099998474121094,47.25,44.10499954223633,46.54499816894531,38.7662467956543,572600
2008-07-22,44.974998474121094,46.79999923706055,44.7400016784668,46.32500076293945,38.583003997802734,440400
2008-07-23,46.0,47.209999084472656,42.505001068115234,42.91999816894531,35.7470703125,516000
2008-07-24,41.95500183105469,41.970001220703125,37.84000015258789,38.83000183105469,32.34061050415039,1038200
2008-07-25,38.04999923706055,42.0,37.494998931884766,41.13999938964844,34.264549255371094,568400
2008-07-28,42.01499938964844,42.5,41.255001068115234,41.93000030517578,34.92251968383789,361000
2008-07-29,40.77000045776367,42.875,40.20500183105469,42.26499938964844,35.201541900634766,407800
2008-07-30,41.540000915527344,45.810001373291016,41.474998474121094,45.810001373291016,38.154075622558594,484400
2008-07-31,45.91999816894531,46.005001068115234,44.20000076293945,44.5,37.06301498413086,398800
2008-08-01,47.64500045776367,52.57500076293945,47.54999923706055,50.98500061035156,42.46421813964844,992400
2008-08-04,50.875,50.875,43.630001068115234,45.4900016784668,37.887569427490234,1227800
2008-08-05,45.005001068115234,47.935001373291016,44.625,47.470001220703125,39.536659240722656,627200
2008-08-06,48.369998931884766,52.83000183105469,47.939998626708984,51.58000183105469,42.95978927612305,722800
2008-08-07,52.22999954223633,52.45000076293945,48.119998931884766,50.25,41.85205078125,476400
2008-08-08,48.935001373291016,51.19499969482422,48.595001220703125,49.375,41.123291015625,398600
2008-08-11,50.41999816894531,52.875,49.80500030517578,51.20000076293945,42.64329147338867,598800
2008-08-12,52.099998474121094,53.279998779296875,51.33000183105469,53.2599983215332,44.35902404785156,396200
2008-08-13,53.275001525878906,53.720001220703125,51.33000183105469,52.525001525878906,43.74686050415039,447200
2008-08-14,52.9900016784668,53.71500015258789,52.0,53.48500061035156,44.546417236328125,343000
2008-08-15,53.70000076293945,54.90999984741211,49.994998931884766,50.435001373291016,42.00613784790039,563000
2008-08-18,50.93000030517578,53.474998474121094,50.5,52.57500076293945,43.788509368896484,462600
2008-08-19,51.994998931884766,52.0,50.07500076293945,50.560001373291016,42.110252380371094,436200
2008-08-20,50.630001068115234,52.625,50.55500030517578,52.42499923706055,43.66355895996094,349000
2008-08-21,52.41999816894531,52.41999816894531,50.150001525878906,50.79999923706055,42.310142517089844,213000
2008-08-22,50.880001068115234,51.81999969482422,49.04999923706055,49.17499923706055,40.95671081542969,399000
2008-08-25,50.1150016784668,50.1150016784668,44.75,45.0,37.479461669921875,878000
2008-08-26,45.275001525878906,47.095001220703125,45.025001525878906,45.40999984741211,37.820926666259766,528800
2008-08-27,46.439998626708984,46.79999923706055,45.400001525878906,45.5099983215332,37.90422439575195,330400
2008-08-28,45.959999084472656,47.939998626708984,45.334999084472656,47.564998626708984,39.615787506103516,457200
2008-08-29,47.91999816894531,47.91999816894531,46.16999816894531,46.70000076293945,38.89534378051758,201000
2008-09-02,47.0,47.0,42.55500030517578,42.654998779296875,35.526363372802734,660400
2008-09-03,41.64500045776367,42.654998779296875,39.435001373291016,40.0,33.32289123535156,1018200
2008-09-04,38.255001068115234,39.709999084472656,36.375,36.6150016784668,30.502927780151367,767000
2008-09-05,35.505001068115234,37.494998931884766,34.5,37.224998474121094,31.011104583740234,631400
2008-09-08,38.005001068115234,39.0,35.67499923706055,36.32500076293945,30.26133918762207,453600
2008-09-09,35.584999084472656,35.584999084472656,29.674999237060547,30.200000762939453,25.158782958984375,865000
2008-09-10,29.774999618530273,33.970001220703125,29.665000915527344,33.005001068115234,27.495546340942383,503800
2008-09-11,32.994998931884766,36.32500076293945,31.270000457763672,34.29999923706055,28.574373245239258,459600
2008-09-12,33.33000183105469,35.29499816894531,33.32500076293945,34.564998626708984,28.795124053955078,282200
2008-09-15,33.65999984741211,34.880001068115234,30.084999084472656,32.125,26.76243782043457,286600
2008-09-16,30.5049991607666,33.2599983215332,30.0,32.58000183105469,27.141481399536133,464400
2008-09-17,32.345001220703125,33.04999923706055,30.165000915527344,30.334999084472656,25.27124786376953,315800
2008-09-18,30.6299991607666,31.7450008392334,28.104999542236328,30.899999618530273,25.741924285888672,381400
2008-09-19,32.165000915527344,34.93000030517578,32.154998779296875,34.814998626708984,29.003398895263672,441000
2008-09-22,35.0,35.04999923706055,32.779998779296875,33.0,27.491382598876953,213000
2008-09-23,32.994998931884766,33.130001068115234,30.575000762939453,31.125,25.92936897277832,256000
2008-09-24,31.229999542236328,32.779998779296875,30.770000457763672,31.309999465942383,26.08348846435547,247000
2008-09-25,31.420000076293945,32.59000015258789,30.809999465942383,31.125,25.92936897277832,157800
2008-09-26,30.2549991607666,30.549999237060547,29.0,29.43000030517578,24.517316818237305,317000
2008-09-29,28.5,28.5,21.25,23.774999618530273,19.8062801361084,74200
2008-09-30,23.780000686645508,27.375,23.780000686645508,27.049999237060547,22.534597396850586,378200
2008-10-01,27.364999771118164,27.364999771118164,24.25,24.510000228881836,20.41860008239746,262000
2008-10-02,24.334999084472656,24.5,20.625,20.649999618530273,17.202938079833984,268600
2008-10-03,21.014999389648438,23.34000015258789,20.0,20.09000015258789,16.736417770385742,360800
2008-10-06,18.639999389648438,18.84000015258789,16.350000381469727,17.729999542236328,14.770365715026855,509600
2008-10-07,18.1200008392334,19.700000762939453,14.779999732971191,15.350000381469727,12.787656784057617,415400
2008-10-08,15.869999885559082,20.479999542236328,14.25,17.850000381469727,14.870339393615723,553600
2008-10-09,19.440000534057617,21.200000762939453,15.470000267028809,15.550000190734863,12.954269409179688,378000
2008-10-10,13.59000015258789,20.0,12.5,19.700000762939453,16.41152000427246,492600
2008-10-13,22.889999389648438,24.549999237060547,20.700000762939453,22.8799991607666,19.060691833496094,365400
2008-10-14,24.350000381469727,26.479999542236328,23.610000610351562,24.200000762939453,20.160337448120117,804400
2008-10-15,24.200000762939453,24.200000762939453,18.950000762939453,18.950000762939453,15.78671646118164,605600
2008-10-16,20.649999618530273,23.100000381469727,18.149999618530273,23.100000381469727,19.24396324157715,677000
2008-10-17,22.989999771118164,23.690000534057617,20.110000610351562,22.1200008392334,18.427553176879883,575900
2008-10-20,22.989999771118164,23.0,20.84000015258789,22.75,18.952392578125,381300
2008-10-21,22.780000686645508,22.780000686645508,20.670000076293945,21.170000076293945,17.636133193969727,364700
2008-10-22,20.15999984741211,21.299999237060547,18.100000381469727,18.5,15.411835670471191,451600
2008-10-23,18.700000762939453,19.239999771118164,16.459999084472656,18.25,15.203566551208496,468800
2008-10-24,15.020000457763672,17.200000762939453,15.0,16.549999237060547,13.787341117858887,383200
2008-10-27,15.890000343322754,16.739999771118164,15.220000267028809,15.649999618530273,13.037574768066406,210000
2008-10-28,16.959999084472656,18.0,15.359999656677246,17.450000762939453,14.537113189697266,285600
2008-10-29,17.899999618530273,19.889999389648438,16.299999237060547,19.299999237060547,16.078289031982422,430800
2008-10-30,20.969999313354492,21.0,19.0,20.200000762939453,16.828060150146484,308000
2008-10-31,19.709999084472656,21.0,18.719999313354492,21.0,17.4945125579834,267000
2008-11-03,20.989999771118164,21.899999618530273,20.56999969482422,20.950000762939453,17.45285415649414,239200
2008-11-04,17.25,17.25,13.710000038146973,15.25,12.70434856414795,1366000
2008-11-05,15.289999961853027,15.9399995803833,14.010000228881836,14.010000228881836,11.671339988708496,490100
2008-11-06,14.210000038146973,14.430000305175781,13.15999984741211,14.149999618530273,11.787968635559082,375300
2008-11-07,14.489999771118164,14.630000114440918,13.0600004196167,13.600000381469727,11.329779624938965,289600
2008-11-10,14.489999771118164,14.489999771118164,12.510000228881836,12.529999732971191,10.43839168548584,352500
2008-11-11,12.050000190734863,12.390000343322754,10.180000305175781,11.3100004196167,9.422046661376953,496400
2008-11-12,10.75,11.119999885559082,9.260000228881836,9.260000228881836,7.714245796203613,450700
2008-11-13,9.569999694824219,11.0,8.390000343322754,11.0,9.16379165649414,501000
2008-11-14,10.579999923706055,10.829999923706055,9.0600004196167,9.100000381469727,7.580953121185303,216000
2008-11-17,9.069999694824219,9.979999542236328,8.899999618530273,9.789999961853027,8.155773162841797,314200
2008-11-18,9.800000190734863,10.5,9.630000114440918,10.199999809265137,8.497333526611328,345700
2008-11-19,10.050000190734863,10.079999923706055,8.239999771118164,8.270000457763672,6.8895063400268555,384100
2008-11-20,8.0,8.609999656677246,7.550000190734863,7.659999847412109,6.381330966949463,369600
2008-11-21,8.039999961853027,8.050000190734863,6.849999904632568,7.570000171661377,6.306355953216553,367200
2008-11-24,7.940000057220459,8.520000457763672,7.550000190734863,8.420000076293945,7.014466285705566,380900
2008-11-25,8.550000190734863,8.789999961853027,7.800000190734863,8.119999885559082,6.764545440673828,196600
2008-11-26,7.829999923706055,9.649999618530273,7.829999923706055,9.649999618530273,8.058996200561523,307400
2008-11-28,9.119999885559082,9.59000015258789,8.890000343322754,9.100000381469727,7.599671363830566,92000
2008-12-01,8.989999771118164,9.010000228881836,8.199999809265137,8.300000190734863,6.931569576263428,238200
2008-12-02,8.510000228881836,8.699999809265137,8.100000381469727,8.640000343322754,7.215517044067383,271600
2008-12-03,8.390000343322754,9.039999961853027,8.079999923706055,8.899999618530273,7.432647705078125,128800
2008-12-04,8.789999961853027,9.050000190734863,8.050000190734863,8.100000381469727,6.764545440673828,106500
2008-12-05,8.0,8.65999984741211,7.659999847412109,8.65999984741211,7.23221492767334,179100
2008-12-08,8.8100004196167,10.119999885559082,8.75,9.8100004196167,8.19261646270752,265800
2008-12-09,9.350000381469727,10.109999656677246,9.3100004196167,9.779999732971191,8.167558670043945,319900
2008-12-10,10.0,10.899999618530273,9.75,10.0,8.35129451751709,264600
2008-12-11,9.90999984741211,11.25,9.649999618530273,9.8100004196167,8.19261646270752,371900
2008-12-12,9.510000228881836,9.859999656677246,9.029999732971191,9.84000015258789,8.217669486999512,184800
2008-12-15,9.430000305175781,10.300000190734863,9.3100004196167,9.600000381469727,8.017237663269043,153700
2008-12-16,10.149999618530273,10.25,9.520000457763672,10.149999618530273,8.476558685302734,121300
2008-12-17,10.079999923706055,10.920000076293945,9.75,10.75,8.977638244628906,131000
2008-12-18,10.720000267028809,10.720000267028809,10.100000381469727,10.670000076293945,8.91082763671875,146500
2008-12-19,10.90999984741211,11.600000381469727,10.760000228881836,11.149999618530273,9.311686515808105,158700
2008-12-22,11.75,11.75,10.569999694824219,11.199999809265137,9.35344409942627,183300
2008-12-23,10.640000343322754,11.470000267028809,10.640000343322754,11.130000114440918,9.294984817504883,67800
2008-12-24,11.149999618530273,11.520000457763672,10.979999542236328,11.359999656677246,9.487067222595215,48000
2008-12-26,11.489999771118164,12.15999984741211,11.399999618530273,11.9399995803833,9.971439361572266,81200
2008-12-29,11.9399995803833,11.970000267028809,10.449999809265137,10.899999618530273,9.102907180786133,137200
2008-12-30,10.609999656677246,11.3100004196167,10.609999656677246,11.199999809265137,9.35344409942627,95500
2008-12-31,10.760000228881836,11.489999771118164,10.359999656677246,10.819999694824219,9.036094665527344,159400
2009-01-02,10.850000381469727,12.760000228881836,10.829999923706055,12.75,10.647894859313965,183600
2009-01-05,12.180000305175781,13.34000015258789,12.149999618530273,13.149999618530273,10.981949806213379,298500
2009-01-06,13.359999656677246,13.890000343322754,12.880000114440918,13.399999618530273,11.190730094909668,206200
2009-01-07,13.430000305175781,13.430000305175781,11.75,12.029999732971191,10.046599388122559,197700
2009-01-08,11.609999656677246,12.90999984741211,11.600000381469727,12.670000076293945,10.581085205078125,134200
2009-01-09,12.6899995803833,12.6899995803833,11.609999656677246,11.819999694824219,9.87122631072998,172000
2009-01-12,12.010000228881836,12.010000228881836,11.0,11.100000381469727,9.269930839538574,127500
2009-01-13,11.029999732971191,11.430000305175781,10.4399995803833,10.5600004196167,8.818962097167969,155700
2009-01-14,10.5600004196167,10.600000381469727,9.430000305175781,9.569999694824219,7.992186069488525,160800
2009-01-15,9.640000343322754,10.149999618530273,9.0,10.029999732971191,8.376346588134766,164900
2009-01-16,10.430000305175781,10.430000305175781,9.300000190734863,9.510000228881836,7.942080497741699,150600
2009-01-20,9.449999809265137,9.75,8.949999809265137,8.970000267028809,7.49110746383667,220400
2009-01-21,9.180000305175781,10.9399995803833,9.149999618530273,10.680000305175781,8.919178009033203,269900
2009-01-22,10.380000114440918,10.430000305175781,9.520000457763672,9.829999923706055,8.209320068359375,141000
2009-01-23,9.520000457763672,10.079999923706055,9.199999809265137,9.619999885559082,8.033942222595215,143900
2009-01-26,9.699999809265137,10.1899995803833,9.050000190734863,9.279999732971191,7.749996662139893,128300
2009-01-27,9.569999694824219,9.699999809265137,9.100000381469727,9.329999923706055,7.791754245758057,82200
2009-01-28,9.789999961853027,9.84000015258789,9.260000228881836,9.729999542236328,8.125809669494629,159200
2009-01-29,9.760000228881836,9.850000381469727,9.3100004196167,9.479999542236328,7.917022228240967,93800
2009-01-30,9.989999771118164,10.510000228881836,9.369999885559082,9.960000038146973,8.317883491516113,269800
2009-02-02,10.600000381469727,10.600000381469727,9.5,10.0,8.35129451751709,248300
2009-02-03,9.890000343322754,10.640000343322754,9.850000381469727,10.5,8.768851280212402,208900
2009-02-04,10.630000114440918,10.960000038146973,10.25,10.40999984741211,8.693695068359375,167500
2009-02-05,10.390000343322754,10.800000190734863,10.1899995803833,10.6899995803833,8.927528381347656,122000
2009-02-06,10.869999885559082,11.5,10.649999618530273,11.449999809265137,9.562226295471191,111100
2009-02-09,11.539999961853027,11.65999984741211,10.399999618530273,10.670000076293945,8.91082763671875,181200
2009-02-10,10.880000114440918,11.029999732971191,10.0,10.100000381469727,8.43480396270752,124000
2009-02-11,10.010000228881836,10.5,9.8100004196167,10.199999809265137,8.518314361572266,71100
2009-02-12,10.899999618530273,10.899999618530273,9.550000190734863,9.930000305175781,8.292830467224121,86700
2009-02-13,9.800000190734863,10.649999618530273,9.65999984741211,9.970000267028809,8.326237678527832,101700
2009-02-17,9.789999961853027,9.850000381469727,9.0,9.0,7.516161918640137,146500
2009-02-18,9.010000228881836,9.479999542236328,8.100000381469727,8.350000381469727,6.973326683044434,234900
2009-02-19,8.5,8.65999984741211,7.760000228881836,7.849999904632568,6.555762767791748,229500
2009-02-20,7.889999866485596,8.100000381469727,7.489999771118164,7.630000114440918,6.372034549713135,371500
2009-02-23,7.699999809265137,7.889999866485596,7.159999847412109,7.409999847412109,6.188304901123047,403800
2009-02-24,7.489999771118164,8.050000190734863,7.309999942779541,7.860000133514404,6.564113616943359,233200
2009-02-25,7.800000190734863,7.960000038146973,7.510000228881836,7.75,6.472249507904053,196600
2009-02-26,7.989999771118164,8.369999885559082,7.800000190734863,8.119999885559082,6.781248569488525,156700
2009-02-27,8.369999885559082,8.609999656677246,7.949999809265137,8.199999809265137,6.848058700561523,224000
2009-03-02,8.079999923706055,8.390000343322754,7.260000228881836,8.010000228881836,6.689383506774902,288800
2009-03-03,7.989999771118164,8.649999618530273,7.800000190734863,8.270000457763672,6.906518459320068,244200
2009-03-04,8.630000114440918,8.779999732971191,8.40999984741211,8.59000015258789,7.1737589836120605,149900
2009-03-05,8.3100004196167,8.5,7.800000190734863,7.800000190734863,6.514008522033691,97400
2009-03-06,7.690000057220459,7.980000019073486,7.5,7.610000133514404,6.3553314208984375,208100
2009-03-09,7.420000076293945,7.960000038146973,7.409999847412109,7.75,6.472249507904053,138400
2009-03-10,7.940000057220459,8.569999694824219,7.940000057220459,8.470000267028809,7.073541164398193,211000
2009-03-11,8.6899995803833,8.9399995803833,8.430000305175781,8.579999923706055,7.165408611297607,132200
2009-03-12,8.539999961853027,9.289999961853027,8.329999923706055,9.25,7.7249436378479,201900
2009-03-13,10.0600004196167,10.0600004196167,9.069999694824219,9.5600004196167,7.98383092880249,162300
2009-03-16,9.430000305175781,9.75,8.579999923706055,8.670000076293945,7.240571022033691,205000
2009-03-17,8.779999732971191,9.5,8.270000457763672,9.5,7.933724880218506,102600
2009-03-18,9.5600004196167,9.5600004196167,8.930000305175781,9.420000076293945,7.866912841796875,151900
2009-03-19,9.4399995803833,9.6899995803833,9.0,9.329999923706055,7.791754245758057,164300
2009-03-20,9.449999809265137,9.449999809265137,8.970000267028809,9.039999961853027,7.549566745758057,126700
2009-03-23,9.399999618530273,9.859999656677246,9.270000457763672,9.859999656677246,8.23437213897705,156000
2009-03-24,9.789999961853027,10.25,9.75,9.75,8.142507553100586,157400
2009-03-25,10.09000015258789,10.579999923706055,9.5,10.039999961853027,8.40192985534668,198600
2009-03-26,10.489999771118164,10.539999961853027,10.010000228881836,10.279999732971191,8.60277271270752,200900
2009-03-27,10.010000228881836,10.4399995803833,9.5600004196167,9.630000114440918,8.058823585510254,243500
2009-03-30,9.489999771118164,9.489999771118164,8.40999984741211,8.75,7.3224005699157715,222200
2009-03-31,8.770000457763672,9.399999618530273,8.649999618530273,8.970000267028809,7.506505966186523,150800
2009-04-01,8.739999771118164,9.199999809265137,8.699999809265137,8.899999618530273,7.447927951812744,144000
2009-04-02,9.289999961853027,9.640000343322754,9.100000381469727,9.359999656677246,7.8328752517700195,332500
2009-04-03,9.390000343322754,9.75,8.989999771118164,9.5600004196167,8.00024127960205,193500
2009-04-06,9.3100004196167,10.279999732971191,9.3100004196167,10.15999984741211,8.50235366821289,189500
2009-04-07,10.579999923706055,10.979999542236328,10.25,10.75,8.996089935302734,543300
2009-04-08,10.75,11.25,10.680000305175781,11.25,9.41451358795166,230500
2009-04-09,11.649999618530273,12.260000228881836,11.5,12.220000267028809,10.2262544631958,217000
2009-04-13,12.1899995803833,12.210000038146973,11.260000228881836,12.109999656677246,10.13420295715332,145400
2009-04-14,11.800000190734863,11.930000305175781,11.510000228881836,11.630000114440918,9.732513427734375,220800
2009-04-15,11.899999618530273,11.899999618530273,11.350000381469727,11.789999961853027,9.866410255432129,88900
2009-04-16,11.779999732971191,12.25,11.529999732971191,12.100000381469727,10.125833511352539,115200
2009-04-17,12.109999656677246,12.109999656677246,11.619999885559082,11.869999885559082,9.933358192443848,95100
2009-04-20,11.5,11.699999809265137,10.5,10.84000015258789,9.07140827178955,183300
2009-04-21,11.0,11.600000381469727,10.5,11.430000305175781,9.565144538879395,91800
2009-04-22,11.640000343322754,12.350000381469727,11.25,11.829999923706055,9.899883270263672,158700
2009-04-23,11.920000076293945,12.0,11.529999732971191,11.829999923706055,9.899883270263672,125300
2009-04-24,11.970000267028809,12.979999542236328,11.930000305175781,12.979999542236328,10.862252235412598,213300
2009-04-27,12.59000015258789,12.949999809265137,11.069999694824219,11.239999771118164,9.406144142150879,438200
2009-04-28,11.020000457763672,11.8100004196167,10.859999656677246,11.399999618530273,9.540040016174316,215600
2009-04-29,11.609999656677246,12.109999656677246,11.430000305175781,12.100000381469727,10.125833511352539,160100
2009-04-30,12.020000457763672,12.949999809265137,12.020000457763672,12.5,10.460570335388184,164700
2009-05-01,12.510000228881836,12.729999542236328,12.229999542236328,12.600000381469727,10.544257164001465,172100
2009-05-04,12.75,13.699999809265137,12.75,13.680000305175781,11.448049545288086,231600
2009-05-05,13.710000038146973,13.899999618530273,13.180000305175781,13.470000267028809,11.272305488586426,174200
2009-05-06,13.970000267028809,13.970000267028809,13.119999885559082,13.319999694824219,11.146782875061035,156200
2009-05-07,13.3100004196167,13.8100004196167,11.609999656677246,11.619999885559082,9.72414779663086,273600
2009-05-08,13.59000015258789,14.880000114440918,12.770000457763672,14.5,12.134260177612305,784800
2009-05-11,14.59000015258789,14.970000267028809,13.109999656677246,14.920000076293945,12.485735893249512,291200
2009-05-12,14.989999771118164,15.449999809265137,14.550000190734863,15.3100004196167,12.812104225158691,340600
2009-05-13,15.300000190734863,15.329999923706055,13.699999809265137,13.800000190734863,11.548470497131348,261700
2009-05-14,13.15999984741211,14.649999618530273,12.800000190734863,14.369999885559082,12.025474548339844,237000
2009-05-15,14.75,14.75,14.109999656677246,14.25,11.925050735473633,129400
2009-05-18,14.229999542236328,14.850000381469727,14.229999542236328,14.84000015258789,12.418789863586426,150900
2009-05-19,14.829999923706055,15.289999961853027,14.199999809265137,15.130000114440918,12.661473274230957,265300
2009-05-20,15.0600004196167,15.6899995803833,14.75,14.789999961853027,12.376944541931152,163500
2009-05-21,14.789999961853027,14.800000190734863,13.75,14.109999656677246,11.807888984680176,148600
2009-05-22,14.359999656677246,14.649999618530273,14.100000381469727,14.319999694824219,11.983627319335938,103200
2009-05-26,14.489999771118164,15.25,14.380000114440918,14.989999771118164,12.544317245483398,175400
2009-05-27,15.449999809265137,16.1200008392334,15.199999809265137,15.199999809265137,12.720051765441895,279600
2009-05-28,15.699999809265137,15.729999542236328,15.010000228881836,15.220000267028809,12.736787796020508,223900
2009-05-29,15.239999771118164,15.8100004196167,13.010000228881836,14.0,11.715837478637695,862300
2009-06-01,14.119999885559082,14.350000381469727,12.600000381469727,13.170000076293945,11.021257400512695,535100
2009-06-02,12.630000114440918,13.199999809265137,12.5,12.720000267028809,10.644679069519043,356600
2009-06-03,12.510000228881836,13.109999656677246,12.199999809265137,13.020000457763672,10.895730972290039,274400
2009-06-04,13.15999984741211,13.75,13.0600004196167,13.65999984741211,11.431310653686523,222100
2009-06-05,13.510000228881836,13.869999885559082,12.930000305175781,13.699999809265137,11.464783668518066,225900
2009-06-08,13.680000305175781,13.84000015258789,13.1899995803833,13.529999732971191,11.322521209716797,154400
2009-06-09,13.539999961853027,13.800000190734863,13.390000343322754,13.569999694824219,11.35599422454834,115000
2009-06-10,13.800000190734863,13.979999542236328,13.5,13.899999618530273,11.649322509765625,150600
2009-06-11,13.920000076293945,14.050000190734863,13.65999984741211,13.699999809265137,11.481705665588379,136100
2009-06-12,13.319999694824219,14.050000190734863,13.319999694824219,14.039999961853027,11.766653060913086,130100
2009-06-15,13.920000076293945,13.920000076293945,13.149999618530273,13.550000190734863,11.355995178222656,146600
2009-06-16,13.210000038146973,13.880000114440918,13.079999923706055,13.1899995803833,11.054285049438477,106600
2009-06-17,13.010000228881836,13.8100004196167,13.0,13.529999732971191,11.339232444763184,126000
2009-06-18,13.460000038146973,13.720000267028809,13.130000114440918,13.300000190734863,11.146474838256836,75600
2009-06-19,13.529999732971191,13.880000114440918,13.399999618530273,13.880000114440918,11.632563591003418,118800
2009-06-22,13.6899995803833,13.739999771118164,13.0,13.0,10.895051002502441,147000
2009-06-23,13.010000228881836,13.460000038146973,13.0,13.010000228881836,10.903430938720703,93700
2009-06-24,13.489999771118164,14.699999809265137,13.489999771118164,14.039999961853027,11.766653060913086,275000
2009-06-25,14.029999732971191,14.3100004196167,13.720000267028809,14.149999618530273,11.858841896057129,143300
2009-06-26,14.010000228881836,14.800000190734863,14.010000228881836,14.800000190734863,12.403597831726074,331200
2009-06-29,13.880000114440918,14.289999961853027,13.25,13.510000228881836,11.322473526000977,381300
2009-06-30,13.479999542236328,13.770000457763672,13.300000190734863,13.300000190734863,11.146474838256836,195200
2009-07-01,13.3100004196167,13.8100004196167,13.100000381469727,13.170000076293945,11.037527084350586,140900
2009-07-02,12.779999732971191,13.09000015258789,12.510000228881836,13.0,10.895051002502441,191400
2009-07-06,12.630000114440918,12.75,12.039999961853027,12.1899995803833,10.216205596923828,129700
2009-07-07,12.140000343322754,12.399999618530273,11.5,11.619999885559082,9.738497734069824,168500
2009-07-08,11.510000228881836,11.609999656677246,10.680000305175781,10.970000267028809,9.193748474121094,231700
2009-07-09,11.029999732971191,11.390000343322754,10.899999618530273,10.960000038146973,9.185367584228516,111300
2009-07-10,10.829999923706055,11.25,10.520000457763672,11.020000457763672,9.235652923583984,153600
2009-07-13,10.720000267028809,11.369999885559082,10.579999923706055,11.369999885559082,9.52897834777832,98400
2009-07-14,11.369999885559082,11.949999809265137,11.369999885559082,11.949999809265137,10.015067100524902,90600
2009-07-15,11.960000038146973,12.460000038146973,11.930000305175781,12.15999984741211,10.191061973571777,140400
2009-07-16,12.390000343322754,12.460000038146973,11.859999656677246,12.40999984741211,10.400582313537598,77500
2009-07-17,12.369999885559082,12.5,11.9399995803833,12.399999618530273,10.392199516296387,88000
2009-07-20,12.359999656677246,12.989999771118164,12.300000190734863,12.600000381469727,10.559818267822266,98500
2009-07-21,12.970000267028809,13.0,12.199999809265137,12.430000305175781,10.41734504699707,58000
2009-07-22,12.1899995803833,12.399999618530273,12.149999618530273,12.260000228881836,10.274869918823242,60600
2009-07-23,12.289999961853027,12.930000305175781,12.220000267028809,12.84000015258789,10.760960578918457,110400
2009-07-24,12.960000038146973,13.0,12.600000381469727,12.989999771118164,10.88667106628418,67300
2009-07-27,13.069999694824219,13.069999694824219,12.720000267028809,13.039999961853027,10.928572654724121,93200
2009-07-28,12.819999694824219,13.079999923706055,12.800000190734863,13.079999923706055,10.962092399597168,68600
2009-07-29,12.6899995803833,13.199999809265137,12.550000190734863,12.970000267028809,10.869909286499023,107700
2009-07-30,13.270000457763672,13.75,13.020000457763672,13.300000190734863,11.146474838256836,173600
2009-07-31,13.949999809265137,14.430000305175781,13.680000305175781,13.680000305175781,11.464942932128906,266000
2009-08-03,14.109999656677246,14.329999923706055,13.850000381469727,13.979999542236328,11.71636962890625,148500
2009-08-04,13.970000267028809,14.09000015258789,13.75,13.8100004196167,11.573897361755371,93700
2009-08-05,13.899999618530273,14.0,13.390000343322754,13.609999656677246,11.40627670288086,89000
2009-08-06,13.539999961853027,13.850000381469727,12.920000076293945,13.149999618530273,11.02076244354248,80200
2009-08-07,13.050000190734863,14.0,13.050000190734863,13.770000457763672,11.54037094116211,123100
2009-08-10,13.40999984741211,14.1899995803833,13.239999771118164,13.880000114440918,11.632563591003418,94500
2009-08-11,13.989999771118164,14.100000381469727,13.1899995803833,13.1899995803833,11.054285049438477,72300
2009-08-12,13.220000267028809,13.649999618530273,13.0,13.359999656677246,11.196760177612305,98700
2009-08-13,13.619999885559082,13.800000190734863,13.220000267028809,13.449999809265137,11.272187232971191,70900
2009-08-14,13.449999809265137,13.529999732971191,13.029999732971191,13.09000015258789,10.970480918884277,64000
2009-08-17,12.789999961853027,12.979999542236328,12.149999618530273,12.670000076293945,10.61847972869873,78400
2009-08-18,12.729999542236328,13.1899995803833,12.699999809265137,12.800000190734863,10.727436065673828,60000
2009-08-19,12.699999809265137,13.65999984741211,12.699999809265137,13.470000267028809,11.288949012756348,99700
2009-08-20,13.609999656677246,13.609999656677246,13.039999961853027,13.289999961853027,11.138096809387207,81200
2009-08-21,13.40999984741211,14.079999923706055,13.350000381469727,14.079999923706055,11.800177574157715,133900
2009-08-24,13.979999542236328,14.59000015258789,13.710000038146973,14.0600004196167,11.783417701721191,134700
2009-08-25,14.460000038146973,14.649999618530273,14.149999618530273,14.300000190734863,11.984557151794434,94200
2009-08-26,14.329999923706055,14.59000015258789,14.1899995803833,14.34000015258789,12.01807975769043,80300
2009-08-27,14.34000015258789,14.510000228881836,13.899999618530273,14.390000343322754,12.059985160827637,83000
2009-08-28,14.289999961853027,14.5600004196167,14.109999656677246,14.109999656677246,11.825319290161133,64700
2009-08-31,14.0,14.180000305175781,13.489999771118164,13.619999885559082,11.414660453796387,108800
2009-09-01,13.359999656677246,13.869999885559082,12.949999809265137,13.25,11.104571342468262,98800
2009-09-02,13.0,13.399999618530273,12.739999771118164,12.920000076293945,10.844374656677246,95800
2009-09-03,13.050000190734863,13.050000190734863,12.699999809265137,12.970000267028809,10.88633918762207,71600
2009-09-04,13.199999809265137,13.199999809265137,12.6899995803833,12.930000305175781,10.852765083312988,70300
2009-09-08,13.0600004196167,13.149999618530273,12.75,13.09000015258789,10.98706340789795,134600
2009-09-09,13.289999961853027,14.100000381469727,13.0,14.050000190734863,11.792835235595703,161200
2009-09-10,14.25,14.520000457763672,13.899999618530273,14.5,12.170544624328613,109700
2009-09-11,14.899999618530273,14.899999618530273,14.0,14.100000381469727,11.83480453491211,119600
2009-09-14,13.90999984741211,14.239999771118164,13.649999618530273,14.239999771118164,11.952313423156738,48900
2009-09-15,14.15999984741211,14.3100004196167,14.0600004196167,14.220000267028809,11.93552303314209,73300
2009-09-16,14.510000228881836,14.899999618530273,14.359999656677246,14.680000305175781,12.321627616882324,128400
2009-09-17,14.710000038146973,14.880000114440918,14.649999618530273,14.710000038146973,12.346805572509766,86900
2009-09-18,14.460000038146973,14.899999618530273,14.460000038146973,14.729999542236328,12.363592147827148,93300
2009-09-21,14.640000343322754,14.699999809265137,14.239999771118164,14.279999732971191,11.985883712768555,90900
2009-09-22,14.319999694824219,14.4399995803833,14.180000305175781,14.180000305175781,11.90195083618164,66400
2009-09-23,14.5,14.5,14.029999732971191,14.109999656677246,11.843199729919434,95200
2009-09-24,14.130000114440918,14.520000457763672,13.800000190734863,14.119999885559082,11.851587295532227,74500
2009-09-25,14.109999656677246,14.109999656677246,13.899999618530273,13.979999542236328,11.73408031463623,47500
2009-09-28,14.050000190734863,14.5,13.899999618530273,14.460000038146973,12.136969566345215,56700
2009-09-29,14.4399995803833,14.880000114440918,14.220000267028809,14.800000190734863,12.422347068786621,88500
2009-09-30,15.0,15.670000076293945,14.979999542236328,15.550000190734863,13.051858901977539,266600
2009-10-01,15.5600004196167,15.670000076293945,15.0,15.1899995803833,12.749692916870117,168400
2009-10-02,15.109999656677246,15.15999984741211,14.680000305175781,14.970000267028809,12.565037727355957,98100
2009-10-05,15.0,15.149999618530273,14.680000305175781,14.760000228881836,12.38877010345459,76300
2009-10-06,14.90999984741211,15.300000190734863,14.760000228881836,14.890000343322754,12.49788761138916,74000
2009-10-07,14.850000381469727,15.279999732971191,14.760000228881836,15.229999542236328,12.783267974853516,43800
2009-10-08,15.449999809265137,15.760000228881836,15.399999618530273,15.609999656677246,13.102217674255371,77700
2009-10-09,15.640000343322754,16.0,15.529999732971191,16.0,13.429564476013184,67000
2009-10-12,16.309999465942383,16.81999969482422,16.049999237060547,16.40999984741211,13.773696899414062,129800
2009-10-13,16.40999984741211,17.200000762939453,16.010000228881836,16.520000457763672,13.866025924682617,199500
2009-10-14,16.700000762939453,16.799999237060547,16.399999618530273,16.43000030517578,13.790482521057129,108000
2009-10-15,16.399999618530273,16.420000076293945,16.100000381469727,16.280000686645508,13.664579391479492,51900
2009-10-16,16.200000762939453,17.899999618530273,16.200000762939453,17.709999084472656,14.864846229553223,229000
2009-10-19,17.75,18.270000457763672,17.25,17.469999313354492,14.663408279418945,154700
2009-10-20,17.40999984741211,17.5,16.309999465942383,16.8700008392334,14.159801483154297,128300
2009-10-21,16.899999618530273,17.239999771118164,16.510000228881836,16.6200008392334,13.949963569641113,89600
2009-10-22,16.799999237060547,16.8700008392334,16.1200008392334,16.549999237060547,13.891204833984375,89000
2009-10-23,16.809999465942383,16.809999465942383,15.869999885559082,16.030000686645508,13.45474624633789,117100
2009-10-26,16.0,16.59000015258789,14.84000015258789,15.319999694824219,12.858809471130371,193800
2009-10-27,15.09000015258789,15.380000114440918,14.8100004196167,15.140000343322754,12.707723617553711,90700
2009-10-28,15.199999809265137,15.279999732971191,13.649999618530273,13.949999809265137,11.708902359008789,227700
2009-10-29,14.029999732971191,14.789999961853027,14.029999732971191,14.649999618530273,12.2964448928833,83200
2009-10-30,14.989999771118164,15.0,13.3100004196167,14.170000076293945,11.893555641174316,250300
2009-11-02,14.449999809265137,14.899999618530273,14.25,14.84000015258789,12.455921173095703,325600
2009-11-03,14.800000190734863,15.390000343322754,14.65999984741211,15.369999885559082,12.900775909423828,128600
2009-11-04,15.680000305175781,16.549999237060547,15.670000076293945,16.06999969482422,13.48831844329834,196300
2009-11-05,16.420000076293945,16.540000915527344,16.149999618530273,16.290000915527344,13.672977447509766,117200
2009-11-06,16.299999237060547,16.700000762939453,15.970000267028809,16.700000762939453,14.017112731933594,125600
2009-11-09,17.100000381469727,17.25,16.68000030517578,17.209999084472656,14.445175170898438,82500
2009-11-10,16.950000762939453,17.020000457763672,16.389999389648438,16.920000076293945,14.201764106750488,75900
2009-11-11,17.020000457763672,17.200000762939453,16.68000030517578,16.920000076293945,14.201764106750488,48900
2009-11-12,16.850000381469727,17.290000915527344,16.399999618530273,16.40999984741211,13.773696899414062,86000
2009-11-13,16.450000762939453,17.049999237060547,16.3799991607666,16.780000686645508,14.084251403808594,72000
2009-11-16,17.010000228881836,18.700000762939453,16.940000534057617,18.559999465942383,15.578291893005371,266200
2009-11-17,18.5,19.469999313354492,18.010000228881836,18.860000610351562,15.830095291137695,147700
2009-11-18,18.8799991607666,20.34000015258789,18.860000610351562,20.010000228881836,16.795351028442383,319100
2009-11-19,19.93000030517578,19.93000030517578,18.40999984741211,18.989999771118164,15.939210891723633,129000
2009-11-20,18.59000015258789,19.049999237060547,18.309999465942383,18.860000610351562,15.830095291137695,99400
2009-11-23,18.920000076293945,20.600000381469727,18.920000076293945,19.610000610351562,16.459609985351562,188900
2009-11-24,19.729999542236328,19.829999923706055,19.200000762939453,19.829999923706055,16.644271850585938,82500
2009-11-25,20.0,20.0,19.5,19.6299991607666,16.476396560668945,57600
2009-11-27,19.1299991607666,19.209999084472656,18.530000686645508,18.780000686645508,15.77902889251709,46700
2009-11-30,18.790000915527344,18.790000915527344,18.06999969482422,18.540000915527344,15.577387809753418,116000
2009-12-01,18.690000534057617,19.440000534057617,18.440000534057617,19.239999771118164,16.1655216217041,95000
2009-12-02,19.260000228881836,20.170000076293945,19.260000228881836,19.3799991607666,16.283153533935547,116200
2009-12-03,19.5,19.75,18.690000534057617,18.790000915527344,15.787430763244629,48000
2009-12-04,19.149999618530273,19.649999618530273,18.709999084472656,18.8700008392334,15.854641914367676,88300
2009-12-07,18.559999465942383,19.270000457763672,18.559999465942383,18.760000228881836,15.762221336364746,53400
2009-12-08,18.549999237060547,19.25,18.40999984741211,18.65999984741211,15.67819881439209,59200
2009-12-09,18.549999237060547,18.639999389648438,17.75,18.200000762939453,15.29171371459961,81700
2009-12-10,18.149999618530273,18.3799991607666,17.8700008392334,18.1200008392334,15.22449016571045,70500
2009-12-11,18.280000686645508,19.100000381469727,18.280000686645508,19.010000228881836,15.972273826599121,83600
2009-12-14,18.959999084472656,19.899999618530273,18.899999618530273,19.780000686645508,16.619237899780273,103200
2009-12-15,19.770000457763672,20.469999313354492,19.479999542236328,19.479999542236328,16.367170333862305,133600
2009-12-16,19.8799991607666,21.5,19.75,20.959999084472656,17.61067771911621,214500
2009-12-17,20.860000610351562,21.149999618530273,20.6299991607666,20.75,17.43423080444336,60500
2009-12-18,20.25,21.549999237060547,20.25,21.549999237060547,18.10638999938965,178400
2009-12-21,21.469999313354492,21.5,19.010000228881836,21.079999923706055,17.71149444580078,98000
2009-12-22,21.059999465942383,21.100000381469727,20.520000457763672,20.649999618530273,17.350210189819336,65900
2009-12-23,20.829999923706055,21.100000381469727,20.700000762939453,20.90999984741211,17.568662643432617,44800
2009-12-24,21.030000686645508,21.139999389648438,20.809999465942383,21.049999237060547,17.68629264831543,15700
2009-12-28,21.540000915527344,21.84000015258789,20.420000076293945,20.8799991607666,17.543455123901367,47400
2009-12-29,20.8799991607666,20.989999771118164,20.65999984741211,20.93000030517578,17.585466384887695,30700
2009-12-30,20.93000030517578,21.110000610351562,20.65999984741211,21.0,17.6442813873291,42600
2009-12-31,21.030000686645508,21.149999618530273,20.6299991607666,20.700000762939453,17.392215728759766,48500
2010-01-04,21.0,21.299999237060547,20.799999237060547,21.299999237060547,17.896339416503906,82300
2010-01-05,21.299999237060547,21.579999923706055,20.84000015258789,20.84000015258789,17.509849548339844,65900
2010-01-06,21.0,21.059999465942383,20.700000762939453,21.0,17.6442813873291,88900
2010-01-07,20.989999771118164,21.040000915527344,20.350000381469727,20.389999389648438,17.13175392150879,56100
2010-01-08,20.420000076293945,20.950000762939453,20.100000381469727,20.520000457763672,17.24098777770996,161900
2010-01-11,20.059999465942383,20.600000381469727,20.059999465942383,20.209999084472656,16.98051643371582,82700
2010-01-12,20.09000015258789,20.170000076293945,19.270000457763672,19.719999313354492,16.568815231323242,92000
2010-01-13,19.860000610351562,20.100000381469727,19.31999969482422,19.969999313354492,16.778867721557617,68800
2010-01-14,20.25,20.25,19.979999542236328,20.020000457763672,16.820877075195312,27700
2010-01-15,20.200000762939453,20.350000381469727,19.610000610351562,19.649999618530273,16.510005950927734,47800
2010-01-19,19.649999618530273,20.399999618530273,19.5,20.1200008392334,16.904895782470703,77800
2010-01-20,19.959999084472656,20.399999618530273,19.719999313354492,20.260000228881836,17.02252197265625,48900
2010-01-21,20.440000534057617,20.5,18.75,18.81999969482422,15.812629699707031,124500
2010-01-22,18.81999969482422,18.81999969482422,17.75,17.989999771118164,15.11527156829834,131800
2010-01-25,18.270000457763672,18.549999237060547,18.100000381469727,18.100000381469727,15.207695007324219,40700
2010-01-26,17.950000762939453,18.0,17.18000030517578,17.270000457763672,14.510319709777832,72500
2010-01-27,17.329999923706055,17.850000381469727,17.18000030517578,17.799999237060547,14.9556245803833,52300
2010-01-28,17.799999237060547,17.8799991607666,17.309999465942383,17.799999237060547,14.9556245803833,73500
2010-01-29,17.65999984741211,18.0,15.5,15.880000114440918,13.342434883117676,312900
2010-02-01,16.239999771118164,16.290000915527344,15.479999542236328,15.779999732971191,13.258416175842285,201400
2010-02-02,15.850000381469727,16.1200008392334,15.0,16.030000686645508,13.468465805053711,212500
2010-02-03,15.960000038146973,16.020000457763672,15.25,15.710000038146973,13.19959831237793,148400
2010-02-04,15.510000228881836,16.049999237060547,15.119999885559082,15.15999984741211,12.7374906539917,111100
2010-02-05,15.15999984741211,15.569999694824219,14.75,15.34000015258789,12.888728141784668,141200
2010-02-08,15.399999618530273,15.550000190734863,15.079999923706055,15.130000114440918,12.71228313446045,56400
2010-02-09,15.300000190734863,15.630000114440918,15.140000343322754,15.220000267028809,12.78790283203125,86300
2010-02-10,15.100000381469727,15.520000457763672,14.630000114440918,15.399999618530273,12.939139366149902,139100
2010-02-11,15.3100004196167,15.729999542236328,15.0600004196167,15.680000305175781,13.174394607543945,53200
2010-02-12,15.649999618530273,16.549999237060547,15.5,16.34000015258789,13.728928565979004,123400
2010-02-16,16.31999969482422,16.649999618530273,16.31999969482422,16.5,13.863358497619629,66600
2010-02-17,16.65999984741211,16.68000030517578,16.049999237060547,16.110000610351562,13.535679817199707,59500
2010-02-18,16.059999465942383,16.469999313354492,15.989999771118164,16.399999618530273,13.779339790344238,36200
2010-02-19,16.3799991607666,16.479999542236328,16.25,16.34000015258789,13.728928565979004,28900
2010-02-22,16.31999969482422,16.3799991607666,16.110000610351562,16.18000030517578,13.59449577331543,25100
2010-02-23,16.229999542236328,16.3700008392334,16.049999237060547,16.079999923706055,13.510478973388672,38000
2010-02-24,16.049999237060547,16.290000915527344,15.9399995803833,16.06999969482422,13.502076148986816,36100
2010-02-25,15.720000267028809,16.350000381469727,15.539999961853027,16.31999969482422,13.712122917175293,84100
2010-02-26,16.399999618530273,16.399999618530273,16.049999237060547,16.139999389648438,13.56088924407959,25300
2010-03-01,16.389999389648438,16.719999313354492,16.260000228881836,16.5,13.863358497619629,53400
2010-03-02,16.600000381469727,16.889999389648438,16.600000381469727,16.770000457763672,14.090214729309082,41100
2010-03-03,16.770000457763672,16.8799991607666,16.739999771118164,16.75,14.07341480255127,29800
2010-03-04,16.760000228881836,16.8700008392334,16.6200008392334,16.780000686645508,14.098620414733887,30700
2010-03-05,16.84000015258789,16.959999084472656,16.719999313354492,16.850000381469727,14.157435417175293,38800
2010-03-08,16.81999969482422,16.850000381469727,16.56999969482422,16.770000457763672,14.090214729309082,27900
2010-03-09,16.770000457763672,17.260000228881836,16.729999542236328,16.8799991607666,14.18264102935791,102200
2010-03-10,16.8700008392334,19.06999969482422,16.84000015258789,19.049999237060547,16.005884170532227,404400
2010-03-11,19.25,19.739999771118164,18.959999084472656,19.510000228881836,16.392379760742188,216100
2010-03-12,19.860000610351562,19.950000762939453,19.5,19.700000762939453,16.552013397216797,112000
2010-03-15,19.81999969482422,19.81999969482422,18.75,19.100000381469727,16.047895431518555,86400
2010-03-16,19.149999618530273,19.75,19.149999618530273,19.469999313354492,16.35875701904297,58500
2010-03-17,19.510000228881836,19.920000076293945,19.510000228881836,19.579999923706055,16.45119285583496,64600
2010-03-18,19.530000686645508,19.75,19.170000076293945,19.450000762939453,16.341960906982422,41000
2010-03-19,19.020000457763672,19.5,18.579999923706055,19.020000457763672,15.980680465698242,74000
2010-03-22,18.520000457763672,19.1299991607666,18.239999771118164,19.1299991607666,16.073097229003906,54300
2010-03-23,19.559999465942383,19.81999969482422,19.399999618530273,19.489999771118164,16.375577926635742,70100
2010-03-24,19.5,19.5,18.5,18.65999984741211,15.694304466247559,71500
2010-03-25,18.639999389648438,18.709999084472656,18.09000015258789,18.1200008392334,15.240126609802246,78700
2010-03-26,18.06999969482422,18.350000381469727,17.209999084472656,17.729999542236328,14.912111282348633,153200
2010-03-29,17.959999084472656,18.5,17.75,18.190000534057617,15.299009323120117,97000
2010-03-30,18.360000610351562,18.770000457763672,18.25,18.40999984741211,15.484042167663574,40600
2010-03-31,18.399999618530273,18.489999771118164,17.979999542236328,17.989999771118164,15.130799293518066,47700
2010-04-01,18.020000457763672,18.739999771118164,18.020000457763672,18.65999984741211,15.694304466247559,62400
2010-04-05,18.899999618530273,19.25,18.65999984741211,19.190000534057617,16.14008331298828,45400
2010-04-06,18.959999084472656,19.389999389648438,18.959999084472656,19.290000915527344,16.22417449951172,62900
2010-04-07,19.40999984741211,19.600000381469727,19.299999237060547,19.5,16.400802612304688,99000
2010-04-08,19.229999542236328,19.420000076293945,19.0,19.360000610351562,16.283061981201172,38800
2010-04-09,19.360000610351562,19.469999313354492,19.200000762939453,19.299999237060547,16.232587814331055,60100
2010-04-12,19.5,19.5,19.280000686645508,19.43000030517578,16.341938018798828,60300
2010-04-13,19.43000030517578,19.43000030517578,19.260000228881836,19.309999465942383,16.240997314453125,50600
2010-04-14,19.309999465942383,19.350000381469727,19.110000610351562,19.299999237060547,16.232587814331055,64200
2010-04-15,19.420000076293945,19.420000076293945,19.100000381469727,19.34000015258789,16.26622772216797,45000
2010-04-16,19.010000228881836,19.34000015258789,18.850000381469727,19.049999237060547,16.022319793701172,57200
2010-04-19,19.0,19.0,18.100000381469727,18.639999389648438,15.677489280700684,51400
2010-04-20,18.6200008392334,18.75,18.229999542236328,18.649999618530273,15.685891151428223,38700
2010-04-21,18.770000457763672,18.770000457763672,18.0,18.600000381469727,15.643842697143555,23700
2010-04-22,18.350000381469727,18.899999618530273,18.1299991607666,18.829999923706055,15.837289810180664,27600
2010-04-23,18.940000534057617,19.280000686645508,18.75,19.200000762939453,16.148483276367188,42200
2010-04-26,19.200000762939453,19.290000915527344,18.950000762939453,19.059999465942383,16.03072738647461,51900
2010-04-27,18.799999237060547,18.8700008392334,18.450000762939453,18.510000228881836,15.568151473999023,43700
2010-04-28,18.510000228881836,18.75,18.31999969482422,18.420000076293945,15.492452621459961,34800
2010-04-29,18.489999771118164,18.799999237060547,18.479999542236328,18.799999237060547,15.812063217163086,33800
2010-04-30,18.709999084472656,18.790000915527344,17.799999237060547,17.850000381469727,15.013039588928223,76400
2010-05-03,18.0,18.299999237060547,17.950000762939453,18.09000015258789,15.214896202087402,24700
2010-05-04,17.770000457763672,17.940000534057617,17.09000015258789,17.579999923706055,14.785954475402832,60800
2010-05-05,17.559999465942383,17.65999984741211,17.100000381469727,17.56999969482422,14.777542114257812,73100
2010-05-06,17.549999237060547,17.639999389648438,15.75,16.760000228881836,14.096282005310059,129200
2010-05-07,16.549999237060547,16.799999237060547,15.75,16.079999923706055,13.5243558883667,133000
2010-05-10,16.920000076293945,17.6299991607666,16.75,17.579999923706055,14.785954475402832,70300
2010-05-11,17.1299991607666,17.59000015258789,16.75,17.420000076293945,14.651386260986328,66400
2010-05-12,17.420000076293945,18.15999984741211,17.049999237060547,18.1200008392334,15.240126609802246,51900
2010-05-13,18.149999618530273,18.15999984741211,17.600000381469727,17.969999313354492,15.113970756530762,30000
2010-05-14,18.010000228881836,18.010000228881836,17.100000381469727,17.309999465942383,14.558863639831543,51800
2010-05-17,17.079999923706055,17.5,16.65999984741211,17.450000762939453,14.676616668701172,60300
2010-05-18,17.600000381469727,17.690000534057617,16.959999084472656,17.06999969482422,14.357013702392578,54000
2010-05-19,16.549999237060547,16.850000381469727,15.75,16.229999542236328,13.650517463684082,64800
2010-05-20,15.779999732971191,16.139999389648438,15.1899995803833,15.25,12.826268196105957,92900
2010-05-21,14.600000381469727,15.9399995803833,13.5,15.380000114440918,12.9356107711792,280600
2010-05-24,15.4399995803833,16.469999313354492,15.399999618530273,16.209999084472656,13.633692741394043,96100
2010-05-25,15.510000228881836,16.8700008392334,15.510000228881836,16.739999771118164,14.079458236694336,88400
2010-05-26,16.899999618530273,16.979999542236328,16.110000610351562,16.239999771118164,13.658926963806152,108100
2010-05-27,16.850000381469727,17.1200008392334,16.200000762939453,17.100000381469727,14.382245063781738,62100
2010-05-28,16.940000534057617,17.020000457763672,15.779999732971191,16.690000534057617,14.037410736083984,65100
2010-06-01,16.200000762939453,16.600000381469727,15.880000114440918,16.0,13.457069396972656,103800
2010-06-02,16.059999465942383,16.530000686645508,15.8100004196167,16.530000686645508,13.920234680175781,51900
2010-06-03,16.649999618530273,16.700000762939453,16.200000762939453,16.440000534057617,13.844446182250977,51100
2010-06-04,16.200000762939453,16.200000762939453,15.25,15.270000457763672,12.85916519165039,64200
2010-06-07,15.270000457763672,15.470000267028809,14.5,14.529999732971191,12.23599624633789,146400
2010-06-08,14.630000114440918,14.90999984741211,14.5,14.75,12.421263694763184,74800
2010-06-09,14.90999984741211,15.5,14.399999618530273,14.579999923706055,12.278100967407227,56200
2010-06-10,15.0,15.699999809265137,14.539999961853027,15.600000381469727,13.137065887451172,75400
2010-06-11,15.59000015258789,16.0,15.300000190734863,15.949999809265137,13.431807518005371,47200
2010-06-14,16.040000915527344,16.3700008392334,15.149999618530273,15.199999809265137,12.800215721130371,78600
2010-06-15,15.199999809265137,15.5,14.829999923706055,15.039999961853027,12.665475845336914,103100
2010-06-16,14.819999694824219,15.029999732971191,14.520000457763672,14.600000381469727,12.294944763183594,90000
2010-06-17,14.640000343322754,14.729999542236328,14.350000381469727,14.569999694824219,12.269681930541992,123600
2010-06-18,14.680000305175781,15.34000015258789,14.609999656677246,14.649999618530273,12.33704948425293,129800
2010-06-21,15.0,15.489999771118164,14.920000076293945,15.100000381469727,12.716007232666016,58800
2010-06-22,15.1899995803833,15.369999885559082,15.0,15.289999961853027,12.876008987426758,48300
2010-06-23,15.25,15.649999618530273,15.199999809265137,15.359999656677246,12.934953689575195,41700
2010-06-24,15.239999771118164,15.640000343322754,14.859999656677246,14.859999656677246,12.513895988464355,47400
2010-06-25,14.949999809265137,15.880000114440918,14.800000190734863,15.880000114440918,13.372859001159668,181100
2010-06-28,15.720000267028809,15.789999961853027,15.300000190734863,15.430000305175781,12.993903160095215,71000
2010-06-29,15.420000076293945,15.420000076293945,14.529999732971191,14.699999809265137,12.379158020019531,82200
2010-06-30,14.75,15.5,14.649999618530273,14.989999771118164,12.623373031616211,73800
2010-07-01,14.9399995803833,15.050000190734863,14.079999923706055,14.489999771118164,12.202311515808105,52900
2010-07-02,14.489999771118164,14.649999618530273,13.84000015258789,14.180000305175781,11.941251754760742,49300
2010-07-06,14.350000381469727,14.479999542236328,13.8100004196167,13.890000343322754,11.697039604187012,45100
2010-07-07,13.84000015258789,14.449999809265137,13.8100004196167,14.4399995803833,12.16020679473877,36500
2010-07-08,14.5,14.649999618530273,14.100000381469727,14.529999732971191,12.23599624633789,33700
2010-07-09,14.359999656677246,14.84000015258789,14.359999656677246,14.819999694824219,12.48021411895752,24200
2010-07-12,14.869999885559082,14.890000343322754,14.229999542236328,14.279999732971191,12.025467872619629,26100
2010-07-13,14.470000267028809,15.0,14.380000114440918,14.920000076293945,12.564421653747559,37800
2010-07-14,14.930000305175781,14.930000305175781,14.350000381469727,14.739999771118164,12.412840843200684,38500
2010-07-15,14.819999694824219,14.829999923706055,14.1899995803833,14.460000038146973,12.177043914794922,27300
2010-07-16,14.329999923706055,14.420000076293945,13.819999694824219,13.850000381469727,11.66335678100586,40900
2010-07-19,14.0,14.010000228881836,13.520000457763672,13.819999694824219,11.638090133666992,25400
2010-07-20,13.600000381469727,14.399999618530273,13.550000190734863,14.3100004196167,12.050729751586914,58100
2010-07-21,14.390000343322754,14.850000381469727,14.220000267028809,14.6899995803833,12.370733261108398,72700
2010-07-22,14.710000038146973,15.470000267028809,14.710000038146973,15.399999618530273,12.96863842010498,99800
2010-07-23,15.40999984741211,16.200000762939453,15.319999694824219,16.170000076293945,13.617072105407715,73200
2010-07-26,16.170000076293945,17.579999923706055,16.170000076293945,17.43000030517578,14.678144454956055,129000
2010-07-27,17.530000686645508,17.989999771118164,16.81999969482422,17.059999465942383,14.366558074951172,92800
2010-07-28,16.969999313354492,17.059999465942383,15.779999732971191,16.040000915527344,13.507598876953125,59300
2010-07-29,15.010000228881836,16.690000534057617,15.0,16.170000076293945,13.617072105407715,64100
2010-07-30,16.34000015258789,16.34000015258789,15.510000228881836,16.1299991607666,13.583386421203613,61300
2010-08-02,16.09000015258789,16.549999237060547,15.399999618530273,15.789999961853027,13.297066688537598,55700
2010-08-03,15.609999656677246,15.800000190734863,15.100000381469727,15.680000305175781,13.204435348510742,35400
2010-08-04,15.800000190734863,16.260000228881836,15.800000190734863,15.960000038146973,13.440225601196289,27900
2010-08-05,15.699999809265137,16.049999237060547,15.489999771118164,15.800000190734863,13.305490493774414,33400
2010-08-06,15.550000190734863,15.699999809265137,15.079999923706055,15.510000228881836,13.061273574829102,28300
2010-08-09,15.65999984741211,15.680000305175781,15.149999618530273,15.649999618530273,13.179171562194824,25300
2010-08-10,15.460000038146973,15.800000190734863,15.199999809265137,15.640000343322754,13.170747756958008,31400
2010-08-11,15.279999732971191,15.279999732971191,14.34000015258789,14.619999885559082,12.311789512634277,66900
2010-08-12,14.489999771118164,14.6899995803833,14.25,14.369999885559082,12.101256370544434,35200
2010-08-13,14.300000190734863,14.369999885559082,14.0,14.010000228881836,11.798094749450684,30600
2010-08-16,14.0,14.529999732971191,14.0,14.359999656677246,12.0928373336792,30800
2010-08-17,14.5,14.59000015258789,14.25,14.40999984741211,12.134942054748535,25200
2010-08-18,14.329999923706055,14.329999923706055,14.15999984741211,14.279999732971191,12.025467872619629,28300
2010-08-19,14.25,14.270000457763672,14.0,14.270000457763672,12.017045021057129,63100
2010-08-20,14.100000381469727,14.170000076293945,13.829999923706055,14.119999885559082,11.890729904174805,44800
2010-08-23,14.119999885559082,14.369999885559082,13.670000076293945,13.710000038146973,11.545458793640137,45600
2010-08-24,13.479999542236328,13.75,13.270000457763672,13.319999694824219,11.21703052520752,45000
2010-08-25,13.100000381469727,13.960000038146973,13.09000015258789,13.890000343322754,11.697039604187012,55400
2010-08-26,13.899999618530273,14.050000190734863,13.5,13.59000015258789,11.444402694702148,39300
2010-08-27,13.800000190734863,14.109999656677246,13.699999809265137,14.109999656677246,11.882305145263672,42600
2010-08-30,14.0600004196167,14.0600004196167,13.40999984741211,13.5600004196167,11.419140815734863,44200
2010-08-31,13.520000457763672,14.25,13.520000457763672,14.170000076293945,11.932832717895508,84000
2010-09-01,14.470000267028809,14.5,13.699999809265137,14.449999809265137,12.185829162597656,60200
2010-09-02,14.479999542236328,14.670000076293945,14.3100004196167,14.600000381469727,12.312324523925781,33600
2010-09-03,14.819999694824219,14.949999809265137,14.640000343322754,14.890000343322754,12.556883811950684,26700
2010-09-07,14.800000190734863,14.850000381469727,14.260000228881836,14.630000114440918,12.337621688842773,46100
2010-09-08,14.680000305175781,15.09000015258789,14.600000381469727,14.65999984741211,12.362922668457031,37100
2010-09-09,14.880000114440918,14.989999771118164,14.569999694824219,14.649999618530273,12.35448932647705,33500
2010-09-10,14.699999809265137,15.180000305175781,14.699999809265137,15.119999885559082,12.750845909118652,45600
2010-09-13,15.149999618530273,15.779999732971191,15.050000190734863,15.630000114440918,13.180930137634277,43600
2010-09-14,15.600000381469727,15.609999656677246,15.390000343322754,15.430000305175781,13.012271881103516,15100
2010-09-15,15.390000343322754,15.470000267028809,15.130000114440918,15.430000305175781,13.012271881103516,13400
2010-09-16,15.329999923706055,15.5,15.0,15.130000114440918,12.759279251098633,18800
2010-09-17,15.350000381469727,15.520000457763672,14.899999618530273,15.4399995803833,13.02070426940918,38400
2010-09-20,15.359999656677246,15.949999809265137,15.3100004196167,15.930000305175781,13.433921813964844,32300
2010-09-21,15.930000305175781,15.960000038146973,15.449999809265137,15.449999809265137,13.029133796691895,19300
2010-09-22,15.420000076293945,15.420000076293945,14.949999809265137,15.069999694824219,12.70867919921875,26100
2010-09-23,14.989999771118164,15.289999961853027,14.84000015258789,14.970000267028809,12.624345779418945,37600
2010-09-24,15.180000305175781,15.880000114440918,15.069999694824219,15.760000228881836,13.29056167602539,43800
2010-09-27,15.760000228881836,15.760000228881836,15.050000190734863,15.510000228881836,13.07973575592041,35500
2010-09-28,15.460000038146973,15.619999885559082,15.0,15.550000190734863,13.113470077514648,22500
2010-09-29,15.380000114440918,15.600000381469727,15.270000457763672,15.5,13.071301460266113,23300
2010-09-30,15.600000381469727,15.8100004196167,15.130000114440918,15.520000457763672,13.088170051574707,44000
2010-10-01,15.430000305175781,15.649999618530273,15.25,15.390000343322754,12.978535652160645,27300
2010-10-04,15.289999961853027,15.390000343322754,15.0,15.050000190734863,12.691814422607422,24400
2010-10-05,15.210000038146973,15.670000076293945,15.149999618530273,15.5600004196167,13.121901512145996,43400
2010-10-06,15.470000267028809,15.579999923706055,15.079999923706055,15.1899995803833,12.80987548828125,37000
2010-10-07,15.34000015258789,15.350000381469727,15.140000343322754,15.149999618530273,12.776144981384277,24900
2010-10-08,15.119999885559082,15.279999732971191,15.0,15.100000381469727,12.733977317810059,65600
2010-10-11,15.039999961853027,15.199999809265137,14.850000381469727,14.970000267028809,12.624345779418945,57700
2010-10-12,14.829999923706055,15.239999771118164,14.75,15.130000114440918,12.759279251098633,64500
2010-10-13,15.199999809265137,15.789999961853027,15.15999984741211,15.710000038146973,13.248397827148438,114700
2010-10-14,15.720000267028809,16.670000076293945,15.670000076293945,16.6200008392334,14.015807151794434,61900
2010-10-15,16.799999237060547,16.989999771118164,16.600000381469727,16.790000915527344,14.159171104431152,55800
2010-10-18,16.790000915527344,17.0,16.6200008392334,16.979999542236328,14.31939697265625,28500
2010-10-19,16.6299991607666,16.920000076293945,15.800000190734863,16.110000610351562,13.58572006225586,59900
2010-10-20,16.25,16.84000015258789,16.25,16.3799991607666,13.813413619995117,27200
2010-10-21,16.549999237060547,16.719999313354492,15.899999618530273,16.299999237060547,13.745945930480957,27500
2010-10-22,16.399999618530273,16.75,16.299999237060547,16.75,14.125438690185547,22500
2010-10-25,16.84000015258789,16.950000762939453,16.65999984741211,16.8700008392334,14.22663688659668,22900
2010-10-26,16.709999084472656,16.93000030517578,16.56999969482422,16.780000686645508,14.150739669799805,46100
2010-10-27,16.600000381469727,16.65999984741211,16.0,16.309999465942383,13.75438117980957,32900
2010-10-28,16.40999984741211,16.40999984741211,15.59000015258789,15.699999809265137,13.239962577819824,35600
2010-10-29,15.609999656677246,16.969999313354492,15.609999656677246,16.969999313354492,14.310967445373535,83500
2010-11-01,16.969999313354492,17.209999084472656,16.299999237060547,16.479999542236328,13.897746086120605,44100
2010-11-02,16.920000076293945,17.360000610351562,16.6200008392334,17.360000610351562,14.63985538482666,44600
2010-11-03,17.329999923706055,17.420000076293945,16.8700008392334,17.290000915527344,14.580825805664062,32000
2010-11-04,17.540000915527344,18.030000686645508,17.450000762939453,18.030000686645508,15.204878807067871,73200
2010-11-05,18.059999465942383,18.079999923706055,17.829999923706055,17.979999542236328,15.162711143493652,34800
2010-11-08,18.0,18.100000381469727,17.700000762939453,18.040000915527344,15.213312149047852,41900
2010-11-09,18.09000015258789,18.09000015258789,17.5,17.649999618530273,14.884415626525879,27800
2010-11-10,17.690000534057617,18.56999969482422,17.5,18.5,15.60123348236084,61100
2010-11-11,18.600000381469727,18.600000381469727,18.110000610351562,18.31999969482422,15.449429512023926,41700
2010-11-12,18.06999969482422,18.06999969482422,17.25,17.329999923706055,14.614553451538086,38000
2010-11-15,17.440000534057617,17.770000457763672,17.020000457763672,17.06999969482422,14.395299911499023,26200
2010-11-16,16.940000534057617,17.06999969482422,16.479999542236328,17.010000228881836,14.34470272064209,38900
2010-11-17,17.020000457763672,17.229999542236328,16.700000762939453,16.850000381469727,14.209768295288086,21000
2010-11-18,17.149999618530273,17.469999313354492,16.5,16.93000030517578,14.277234077453613,101400
2010-11-19,16.809999465942383,17.010000228881836,16.549999237060547,16.65999984741211,14.049538612365723,48200
2010-11-22,16.729999542236328,16.729999542236328,15.890000343322754,16.34000015258789,13.779679298400879,58900
2010-11-23,15.970000267028809,16.5,15.960000038146973,16.440000534057617,13.864014625549316,35300
2010-11-24,16.559999465942383,17.15999984741211,16.5,17.15999984741211,14.471199035644531,29000
2010-11-26,17.049999237060547,17.309999465942383,16.899999618530273,17.010000228881836,14.34470272064209,8200
2010-11-29,16.799999237060547,16.850000381469727,16.399999618530273,16.520000457763672,13.947879791259766,23400
2010-11-30,16.270000457763672,16.5,16.200000762939453,16.360000610351562,13.812792778015137,39400
2010-12-01,17.3700008392334,17.3700008392334,16.5,16.760000228881836,14.1505126953125,41700
2010-12-02,16.719999313354492,17.149999618530273,16.719999313354492,17.079999923706055,14.420686721801758,25400
2010-12-03,17.0,17.139999389648438,16.90999984741211,17.1200008392334,14.454463005065918,18100
2010-12-06,17.0,17.510000228881836,16.950000762939453,17.510000228881836,14.78374195098877,32500
2010-12-07,17.760000228881836,17.989999771118164,17.600000381469727,17.93000030517578,15.138346672058105,35300
2010-12-08,17.979999542236328,17.979999542236328,17.850000381469727,17.850000381469727,15.07079792022705,24800
2010-12-09,17.969999313354492,18.1299991607666,17.809999465942383,18.06999969482422,15.256546020507812,32400
2010-12-10,17.989999771118164,18.93000030517578,17.989999771118164,18.75,15.830671310424805,47000
2010-12-13,18.770000457763672,18.770000457763672,17.920000076293945,18.010000228881836,15.205888748168945,35800
2010-12-14,18.020000457763672,18.600000381469727,17.799999237060547,18.510000228881836,15.62804126739502,31700
2010-12-15,18.399999618530273,19.399999618530273,18.399999618530273,19.31999969482422,16.311925888061523,77600
2010-12-16,19.5,20.15999984741211,19.399999618530273,20.030000686645508,16.911386489868164,85800
2010-12-17,19.979999542236328,20.049999237060547,19.799999237060547,19.899999618530273,16.801620483398438,112600
2010-12-20,19.940000534057617,20.34000015258789,19.6200008392334,19.65999984741211,16.598987579345703,39500
2010-12-21,19.729999542236328,20.309999465942383,19.5,20.040000915527344,16.919822692871094,49700
2010-12-22,20.040000915527344,20.25,20.0,20.25,17.097129821777344,32700
2010-12-23,20.31999969482422,20.700000762939453,20.209999084472656,20.6200008392334,17.409515380859375,39900
2010-12-27,20.510000228881836,21.0,20.3799991607666,20.8799991607666,17.629037857055664,25300
2010-12-28,20.81999969482422,20.8799991607666,20.25,20.709999084472656,17.485502243041992,42400
2010-12-29,20.6200008392334,20.84000015258789,20.270000457763672,20.510000228881836,17.31664276123047,27400
2010-12-30,20.3799991607666,20.549999237060547,20.280000686645508,20.280000686645508,17.122459411621094,23600
2010-12-31,20.25,20.489999771118164,20.0,20.0,16.88605308532715,26700
2011-01-03,20.040000915527344,21.239999771118164,20.040000915527344,20.649999618530273,17.43484878540039,63200
2011-01-04,20.639999389648438,20.639999389648438,19.559999465942383,19.809999465942383,16.72563362121582,63600
2011-01-05,19.780000686645508,20.25,19.670000076293945,20.239999771118164,17.08868408203125,40300
2011-01-06,20.270000457763672,20.270000457763672,20.010000228881836,20.260000228881836,17.10556983947754,29800
2011-01-07,20.3700008392334,20.549999237060547,20.079999923706055,20.549999237060547,17.350421905517578,31300
2011-01-10,20.459999084472656,22.149999618530273,20.459999084472656,21.920000076293945,18.507110595703125,64200
2011-01-11,22.030000686645508,22.489999771118164,21.389999389648438,21.59000015258789,18.228492736816406,77500
2011-01-12,21.899999618530273,22.5,21.799999237060547,22.25,18.78573226928711,40600
2011-01-13,22.260000228881836,22.399999618530273,22.049999237060547,22.399999618530273,18.91237449645996,41800
2011-01-14,22.399999618530273,23.239999771118164,22.15999984741211,23.209999084472656,19.59626007080078,64200
2011-01-18,23.049999237060547,24.579999923706055,23.049999237060547,24.040000915527344,20.297027587890625,183800
2011-01-19,23.969999313354492,24.170000076293945,23.56999969482422,23.65999984741211,19.976192474365234,115800
2011-01-20,23.700000762939453,23.700000762939453,22.25,22.6299991607666,19.1065616607666,84400
2011-01-21,22.799999237060547,23.09000015258789,22.299999237060547,22.389999389648438,18.903932571411133,51500
2011-01-24,22.309999465942383,22.940000534057617,22.25,22.540000915527344,19.03058433532715,45300
2011-01-25,22.700000762939453,23.34000015258789,22.549999237060547,22.860000610351562,19.30075454711914,65800
2011-01-26,23.0,23.3799991607666,22.600000381469727,23.200000762939453,19.587818145751953,39600
2011-01-27,23.09000015258789,23.200000762939453,22.6299991607666,22.809999465942383,19.25853729248047,44300
2011-01-28,22.649999618530273,22.75,22.309999465942383,22.479999542236328,18.97991943359375,85300
2011-01-31,23.200000762939453,23.25,22.549999237060547,23.200000762939453,19.587818145751953,71400
2011-02-01,23.329999923706055,24.270000457763672,23.280000686645508,23.799999237060547,20.09440040588379,68200
2011-02-02,23.799999237060547,23.93000030517578,23.149999618530273,23.290000915527344,19.663808822631836,44500
2011-02-03,23.389999389648438,23.479999542236328,22.850000381469727,23.110000610351562,19.511831283569336,53900
2011-02-04,22.959999084472656,22.959999084472656,20.530000686645508,22.1200008392334,18.67597198486328,262100
2011-02-07,22.219999313354492,23.510000228881836,21.8799991607666,23.3700008392334,19.731348037719727,123300
2011-02-08,23.59000015258789,23.68000030517578,23.0,23.6299991607666,19.95086097717285,69900
2011-02-09,23.260000228881836,23.700000762939453,22.950000762939453,23.06999969482422,19.47805404663086,43400
2011-02-10,22.709999084472656,23.100000381469727,22.6200008392334,23.040000915527344,19.452730178833008,107800
2011-02-11,23.1200008392334,23.1200008392334,22.850000381469727,23.079999923706055,19.48650550842285,48500
2011-02-14,23.0,23.139999389648438,22.959999084472656,23.079999923706055,19.48650550842285,90700
2011-02-15,23.0,23.06999969482422,22.6200008392334,23.06999969482422,19.47805404663086,74800
2011-02-16,23.079999923706055,23.15999984741211,22.600000381469727,22.690000534057617,19.15721893310547,51900
2011-02-17,22.540000915527344,22.809999465942383,22.5,22.709999084472656,19.174108505249023,38900
2011-02-18,22.790000915527344,23.229999542236328,22.59000015258789,23.209999084472656,19.59626007080078,93700
2011-02-22,22.940000534057617,23.209999084472656,22.639999389648438,22.860000610351562,19.30075454711914,85700
2011-02-23,22.920000076293945,23.0,22.280000686645508,22.280000686645508,18.81105613708496,84500
2011-02-24,22.520000457763672,22.520000457763672,21.3799991607666,21.600000381469727,18.23693084716797,132000
2011-02-25,21.809999465942383,22.020000457763672,21.40999984741211,21.8700008392334,18.464893341064453,78700
2011-02-28,21.479999542236328,21.989999771118164,21.0,21.229999542236328,17.92453956604004,65600
2011-03-01,21.610000610351562,21.610000610351562,20.639999389648438,20.860000610351562,17.61214256286621,58600
2011-03-02,20.889999389648438,21.25,20.1200008392334,20.729999542236328,17.502389907836914,65900
2011-03-03,20.959999084472656,21.530000686645508,20.920000076293945,21.520000457763672,18.169391632080078,30500
2011-03-04,21.530000686645508,21.56999969482422,20.770000457763672,21.100000381469727,17.814786911010742,27200
2011-03-07,21.190000534057617,21.31999969482422,20.06999969482422,20.06999969482422,16.945148468017578,62700
2011-03-08,20.0,20.729999542236328,19.799999237060547,20.079999923706055,16.953596115112305,82900
2011-03-09,20.100000381469727,20.3700008392334,20.0,20.329999923706055,17.164663314819336,31500
2011-03-10,19.799999237060547,20.100000381469727,19.399999618530273,19.40999984741211,16.387914657592773,57400
2011-03-11,19.399999618530273,20.18000030517578,19.399999618530273,19.940000534057617,16.835391998291016,40600
2011-03-14,19.8700008392334,19.8700008392334,19.350000381469727,19.690000534057617,16.624313354492188,43200
2011-03-15,19.350000381469727,20.5,19.079999923706055,20.3799991607666,17.206884384155273,64500
2011-03-16,20.3799991607666,20.969999313354492,20.239999771118164,20.290000915527344,17.130897521972656,86600
2011-03-17,20.280000686645508,21.010000228881836,20.280000686645508,20.489999771118164,17.299758911132812,54300
2011-03-18,20.639999389648438,20.8799991607666,20.639999389648438,20.739999771118164,17.510833740234375,48200
2011-03-21,20.899999618530273,22.149999618530273,20.8700008392334,22.1200008392334,18.67597198486328,48300
2011-03-22,22.290000915527344,22.489999771118164,22.149999618530273,22.239999771118164,18.77728843688965,32600
2011-03-23,22.299999237060547,22.81999969482422,21.709999084472656,22.690000534057617,19.15721893310547,23200
2011-03-24,22.899999618530273,22.90999984741211,22.34000015258789,22.770000457763672,19.22477149963379,18300
2011-03-25,22.920000076293945,23.149999618530273,22.59000015258789,22.670000076293945,19.140336990356445,28900
2011-03-28,21.950000762939453,22.649999618530273,21.950000762939453,22.25,18.78573226928711,27500
2011-03-29,22.219999313354492,22.40999984741211,21.950000762939453,22.3799991607666,18.895490646362305,21700
2011-03-30,22.600000381469727,23.25,22.229999542236328,23.229999542236328,19.630695343017578,26400
2011-03-31,23.15999984741211,23.969999313354492,23.15999984741211,23.940000534057617,20.230684280395508,64300
2011-04-01,23.940000534057617,24.139999389648438,23.8799991607666,24.100000381469727,20.365886688232422,102300
2011-04-04,24.209999084472656,25.15999984741211,24.209999084472656,25.079999923706055,21.194046020507812,102200
2011-04-05,25.600000381469727,25.600000381469727,24.610000610351562,25.0,21.12644386291504,73400
2011-04-06,25.18000030517578,25.299999237060547,24.760000228881836,25.260000228881836,21.346160888671875,124500
2011-04-07,25.010000228881836,25.270000457763672,25.010000228881836,25.239999771118164,21.32925796508789,36900
2011-04-08,25.25,25.350000381469727,25.100000381469727,25.219999313354492,21.312353134155273,33100
2011-04-11,25.200000762939453,25.350000381469727,24.809999465942383,24.959999084472656,21.092641830444336,57200
2011-04-12,24.579999923706055,24.75,23.600000381469727,24.520000457763672,20.720815658569336,122600
2011-04-13,24.850000381469727,25.25,24.600000381469727,24.950000762939453,21.084186553955078,73100
2011-04-14,24.709999084472656,25.09000015258789,24.600000381469727,25.020000457763672,21.14334487915039,54900
2011-04-15,24.93000030517578,25.06999969482422,24.760000228881836,25.040000915527344,21.160247802734375,43400
2011-04-18,24.520000457763672,24.84000015258789,24.299999237060547,24.469999313354492,20.678558349609375,33300
2011-04-19,24.5,24.6299991607666,23.6299991607666,24.139999389648438,20.399686813354492,39400
2011-04-20,24.5,25.530000686645508,24.479999542236328,25.530000686645508,21.574323654174805,63800
2011-04-21,25.6299991607666,26.299999237060547,24.809999465942383,25.350000381469727,21.422212600708008,97100
2011-04-25,25.049999237060547,25.06999969482422,24.0,24.190000534057617,20.441938400268555,45200
2011-04-26,24.290000915527344,24.850000381469727,24.18000030517578,24.6200008392334,20.805320739746094,24300
2011-04-27,24.399999618530273,24.399999618530273,23.3799991607666,23.760000228881836,20.078577041625977,52600
2011-04-28,23.690000534057617,23.90999984741211,23.540000915527344,23.760000228881836,20.078577041625977,22800
2011-04-29,23.84000015258789,23.8799991607666,22.5,22.8799991607666,19.334922790527344,95000
2011-05-02,23.049999237060547,23.520000457763672,22.579999923706055,22.739999771118164,19.216604232788086,39000
2011-05-03,22.709999084472656,22.709999084472656,21.010000228881836,21.389999389648438,18.07578468322754,60000
2011-05-04,21.0,21.440000534057617,20.200000762939453,20.649999618530273,17.450441360473633,71000
2011-05-05,20.40999984741211,20.950000762939453,20.049999237060547,20.329999923706055,17.180021286010742,45700
2011-05-06,20.270000457763672,21.100000381469727,20.010000228881836,20.600000381469727,17.408187866210938,44300
2011-05-09,20.6299991607666,23.329999923706055,20.6299991607666,23.1299991607666,19.546188354492188,127200
2011-05-10,23.3700008392334,23.6200008392334,22.93000030517578,23.329999923706055,19.715192794799805,81500
2011-05-11,23.149999618530273,23.280000686645508,22.600000381469727,23.040000915527344,19.47012710571289,47200
2011-05-12,22.809999465942383,23.260000228881836,22.299999237060547,22.959999084472656,19.402523040771484,20800
2011-05-13,22.610000610351562,22.8700008392334,22.43000030517578,22.489999771118164,19.00534439086914,36300
2011-05-16,22.239999771118164,22.8700008392334,22.059999465942383,22.18000030517578,18.743377685546875,40000
2011-05-17,22.18000030517578,22.6299991607666,21.90999984741211,22.079999923706055,18.658878326416016,28700
2011-05-18,22.079999923706055,22.360000610351562,21.940000534057617,22.110000610351562,18.684223175048828,18100
2011-05-19,22.360000610351562,22.399999618530273,21.639999389648438,22.110000610351562,18.684223175048828,32100
2011-05-20,21.920000076293945,22.110000610351562,21.579999923706055,21.860000610351562,18.47296905517578,139300
2011-05-23,21.280000686645508,21.489999771118164,21.0,21.34000015258789,18.03353500366211,50800
2011-05-24,21.530000686645508,21.530000686645508,20.829999923706055,21.030000686645508,17.77156639099121,29000
2011-05-25,21.020000457763672,21.790000915527344,21.0,21.239999771118164,17.949026107788086,47200
2011-05-26,21.209999084472656,21.25,20.59000015258789,21.190000534057617,17.906774520874023,104700
2011-05-27,22.389999389648438,24.68000030517578,22.389999389648438,23.75,20.070119857788086,201800
2011-05-31,24.139999389648438,24.25,22.59000015258789,22.809999465942383,19.27576446533203,101500
2011-06-01,22.670000076293945,22.670000076293945,21.010000228881836,21.110000610351562,17.83917236328125,94200
2011-06-02,21.149999618530273,22.5,21.149999618530273,21.8700008392334,18.49893569946289,67800
2011-06-03,21.350000381469727,21.950000762939453,21.100000381469727,21.1200008392334,17.864543914794922,41600
2011-06-06,20.8700008392334,21.239999771118164,20.420000076293945,20.68000030517578,17.49236488342285,55600
2011-06-07,20.760000228881836,21.1200008392334,20.75,20.93000030517578,17.703832626342773,35900
2011-06-08,20.760000228881836,21.309999465942383,20.760000228881836,21.06999969482422,17.822246551513672,26500
2011-06-09,21.110000610351562,21.350000381469727,21.0,21.110000610351562,17.856088638305664,23300
2011-06-10,20.8700008392334,20.989999771118164,19.020000457763672,19.299999237060547,16.325082778930664,151900
2011-06-13,19.6200008392334,19.979999542236328,19.450000762939453,19.81999969482422,16.764923095703125,98400
2011-06-14,20.190000534057617,20.25,19.649999618530273,19.799999237060547,16.748010635375977,60500
2011-06-15,19.450000762939453,19.5,19.149999618530273,19.31999969482422,16.341999053955078,66100
2011-06-16,19.0,19.469999313354492,18.6299991607666,18.969999313354492,16.04594612121582,47400
2011-06-17,19.110000610351562,19.3700008392334,18.510000228881836,18.920000076293945,16.003650665283203,85600
2011-06-20,18.90999984741211,19.25,18.770000457763672,18.899999618530273,15.986726760864258,61400
2011-06-21,19.200000762939453,19.68000030517578,19.15999984741211,19.469999313354492,16.468875885009766,52700
2011-06-22,19.190000534057617,20.290000915527344,18.549999237060547,18.549999237060547,15.69068717956543,56800
2011-06-23,18.09000015258789,18.639999389648438,17.739999771118164,18.579999923706055,15.716054916381836,91200
2011-06-24,18.799999237060547,18.799999237060547,18.200000762939453,18.200000762939453,15.394643783569336,113400
2011-06-27,18.56999969482422,18.950000762939453,18.200000762939453,18.690000534057617,15.809106826782227,40000
2011-06-28,18.729999542236328,19.350000381469727,18.56999969482422,19.200000762939453,16.240503311157227,44400
2011-06-29,19.360000610351562,19.389999389648438,18.940000534057617,19.309999465942383,16.333538055419922,23200
2011-06-30,19.459999084472656,20.68000030517578,19.450000762939453,20.399999618530273,17.255523681640625,49000
2011-07-01,20.43000030517578,20.93000030517578,20.290000915527344,20.850000381469727,17.63616180419922,34000
2011-07-05,20.950000762939453,21.239999771118164,20.389999389648438,20.530000686645508,17.365493774414062,26400
2011-07-06,20.239999771118164,20.739999771118164,18.010000228881836,20.5,17.340110778808594,42200
2011-07-07,20.760000228881836,21.229999542236328,20.459999084472656,21.059999465942383,17.813793182373047,22500
2011-07-08,20.700000762939453,20.799999237060547,20.239999771118164,20.3799991607666,17.238605499267578,19000
2011-07-11,19.950000762939453,20.100000381469727,19.68000030517578,19.959999084472656,16.88334846496582,36600
2011-07-12,19.799999237060547,20.09000015258789,19.799999237060547,19.940000534057617,16.866430282592773,40200
2011-07-13,20.149999618530273,20.299999237060547,19.940000534057617,20.170000076293945,17.060977935791016,18300
2011-07-14,20.1299991607666,20.309999465942383,19.270000457763672,19.399999618530273,16.40966796875,25700
2011-07-15,19.559999465942383,19.559999465942383,19.020000457763672,19.389999389648438,16.40120506286621,22000
2011-07-18,19.219999313354492,19.799999237060547,19.030000686645508,19.639999389648438,16.612668991088867,24600
2011-07-19,19.899999618530273,20.549999237060547,19.829999923706055,20.520000457763672,17.357027053833008,20400
2011-07-20,20.549999237060547,20.549999237060547,19.610000610351562,19.809999465942383,16.7564640045166,23300
2011-07-21,19.989999771118164,19.989999771118164,19.68000030517578,19.799999237060547,16.748010635375977,31900
2011-07-22,19.75,19.84000015258789,19.440000534057617,19.59000015258789,16.570383071899414,41000
2011-07-25,19.34000015258789,19.799999237060547,19.290000915527344,19.68000030517578,16.646501541137695,49200
2011-07-26,19.739999771118164,19.75,19.440000534057617,19.510000228881836,16.502710342407227,36200
2011-07-27,19.450000762939453,19.489999771118164,18.920000076293945,19.010000228881836,16.07977867126465,60300
2011-07-28,19.219999313354492,19.3799991607666,19.149999618530273,19.280000686645508,16.30817222595215,24200
2011-07-29,18.780000686645508,20.0,18.780000686645508,19.68000030517578,16.646501541137695,48100
2011-08-01,19.969999313354492,20.670000076293945,19.75,19.8700008392334,16.807218551635742,67000
2011-08-02,19.75,20.149999618530273,19.75,19.75,16.705717086791992,56400
2011-08-03,19.75,20.200000762939453,19.649999618530273,19.75,16.705717086791992,63100
2011-08-04,19.75,19.950000762939453,18.450000762939453,18.610000610351562,15.741435050964355,109300
2011-08-05,18.93000030517578,18.93000030517578,17.510000228881836,17.979999542236328,15.208548545837402,29800
2011-08-08,15.039999961853027,17.639999389648438,15.039999961853027,15.34000015258789,12.975479125976562,95400
2011-08-09,16.100000381469727,17.649999618530273,15.0,17.520000457763672,14.819448471069336,61300
2011-08-10,16.920000076293945,17.170000076293945,15.25,15.279999732971191,12.924724578857422,44500
2011-08-11,15.5,16.809999465942383,15.25,16.559999465942383,14.007420539855957,58200
2011-08-12,17.5,17.5,16.25,16.56999969482422,14.015886306762695,50100
2011-08-15,16.969999313354492,17.649999618530273,16.850000381469727,17.649999618530273,14.929409980773926,24300
2011-08-16,17.3700008392334,17.600000381469727,16.989999771118164,17.0,14.379606246948242,29600
2011-08-17,17.18000030517578,17.43000030517578,17.0,17.43000030517578,14.74332332611084,29400
2011-08-18,16.6200008392334,17.559999465942383,16.299999237060547,16.43000030517578,13.897465705871582,69500
2011-08-19,16.1299991607666,16.850000381469727,16.0,16.510000228881836,13.965133666992188,28300
2011-08-22,17.079999923706055,17.079999923706055,15.819999694824219,15.899999618530273,13.449158668518066,35300
2011-08-23,15.989999771118164,16.889999389648438,15.960000038146973,16.809999465942383,14.218890190124512,30600
2011-08-24,16.670000076293945,17.3799991607666,16.670000076293945,17.329999923706055,14.65873908996582,10400
2011-08-25,17.479999542236328,17.6200008392334,16.190000534057617,16.31999969482422,13.804420471191406,22700
2011-08-26,16.170000076293945,16.459999084472656,15.890000343322754,16.309999465942383,13.7959623336792,20800
2011-08-29,16.5,17.1200008392334,16.5,16.90999984741211,14.303481101989746,44100
2011-08-30,16.829999923706055,17.100000381469727,16.56999969482422,16.959999084472656,14.345766067504883,42300
2011-08-31,17.25,17.25,16.729999542236328,16.829999923706055,14.252619743347168,24600
2011-09-01,16.760000228881836,17.06999969482422,15.930000305175781,15.989999771118164,13.541254043579102,22600
2011-09-02,15.6899995803833,16.540000915527344,15.369999885559082,16.389999389648438,13.879997253417969,132300
2011-09-06,16.040000915527344,16.90999984741211,15.789999961853027,16.690000534057617,14.134054183959961,35500
2011-09-07,17.010000228881836,17.200000762939453,16.489999771118164,17.06999969482422,14.455856323242188,44600
2011-09-08,16.81999969482422,17.079999923706055,16.010000228881836,16.059999465942383,13.600533485412598,24100
2011-09-09,15.850000381469727,16.299999237060547,15.850000381469727,16.18000030517578,13.70215892791748,42700
2011-09-12,15.84000015258789,16.56999969482422,15.770000457763672,16.350000381469727,13.846124649047852,113800
2011-09-13,16.489999771118164,16.489999771118164,16.15999984741211,16.360000610351562,13.854593276977539,11100
2011-09-14,16.520000457763672,17.34000015258789,16.110000610351562,17.25,14.608294486999512,26500
2011-09-15,17.399999618530273,17.399999618530273,17.100000381469727,17.270000457763672,14.62523365020752,12600
2011-09-16,17.360000610351562,17.40999984741211,16.90999984741211,17.40999984741211,14.743794441223145,40300
2011-09-19,17.020000457763672,17.829999923706055,17.0,17.65999984741211,14.955501556396484,20700
2011-09-20,17.670000076293945,17.670000076293945,16.3700008392334,16.3700008392334,13.863061904907227,55300
2011-09-21,16.3700008392334,16.729999542236328,15.6899995803833,15.699999809265137,13.295666694641113,35500
2011-09-22,15.350000381469727,16.0,15.329999923706055,15.649999618530273,13.253325462341309,117900
2011-09-23,15.739999771118164,16.530000686645508,15.739999771118164,15.90999984741211,13.473505973815918,28100
2011-09-26,16.110000610351562,16.3700008392334,15.579999923706055,16.3700008392334,13.863061904907227,15600
2011-09-27,16.75,17.75,16.329999923706055,17.219999313354492,14.582884788513184,51600
2011-09-28,17.260000228881836,17.350000381469727,16.809999465942383,16.84000015258789,14.261082649230957,38200
2011-09-29,17.25,17.25,15.880000114440918,16.700000762939453,14.142524719238281,27400
2011-09-30,16.40999984741211,16.790000915527344,16.270000457763672,16.639999389648438,14.091712951660156,24500
2011-10-03,16.440000534057617,16.489999771118164,14.729999542236328,14.729999542236328,12.474212646484375,55200
2011-10-04,14.729999542236328,16.260000228881836,14.359999656677246,15.850000381469727,13.42269515991211,67300
2011-10-05,15.829999923706055,16.049999237060547,15.510000228881836,16.049999237060547,13.592065811157227,19300
2011-10-06,16.049999237060547,16.280000686645508,15.899999618530273,16.18000030517578,13.70215892791748,35500
2011-10-07,16.15999984741211,16.15999984741211,15.289999961853027,15.600000381469727,13.210976600646973,24100
2011-10-10,16.0,16.760000228881836,15.899999618530273,16.760000228881836,14.193338394165039,41700
2011-10-11,16.809999465942383,16.850000381469727,16.530000686645508,16.639999389648438,14.091712951660156,24700
2011-10-12,16.8799991607666,17.059999465942383,16.459999084472656,16.989999771118164,14.388113975524902,25300
2011-10-13,16.729999542236328,17.770000457763672,16.729999542236328,17.770000457763672,15.048660278320312,20800
2011-10-14,17.8700008392334,18.989999771118164,17.700000762939453,18.81999969482422,15.937859535217285,36100
2011-10-17,18.549999237060547,18.56999969482422,17.440000534057617,18.0,15.243436813354492,44700
2011-10-18,18.149999618530273,19.0,17.780000686645508,18.8700008392334,15.980202674865723,37600
2011-10-19,18.780000686645508,18.780000686645508,17.75,17.75,15.031726837158203,20900
2011-10-20,17.809999465942383,17.899999618530273,17.31999969482422,17.68000030517578,14.972444534301758,9400
2011-10-21,18.040000915527344,18.670000076293945,17.860000610351562,18.649999618530273,15.79389476776123,26400
2011-10-24,18.6200008392334,19.399999618530273,18.309999465942383,19.360000610351562,16.395166397094727,33200
2011-10-25,19.049999237060547,19.049999237060547,17.579999923706055,17.75,15.031726837158203,19200
2011-10-26,18.170000076293945,18.889999389648438,18.170000076293945,18.8799991607666,15.988670349121094,45600
2011-10-27,19.5,20.899999618530273,19.450000762939453,20.59000015258789,17.436803817749023,116100
2011-10-28,19.68000030517578,20.8700008392334,18.729999542236328,20.540000915527344,17.39446258544922,73700
2011-10-31,21.209999084472656,23.920000076293945,20.8799991607666,23.040000915527344,19.511598587036133,242500
2011-11-01,22.670000076293945,23.049999237060547,21.6299991607666,22.0,18.630870819091797,109600
2011-11-02,22.579999923706055,23.31999969482422,22.0,22.420000076293945,18.986553192138672,89900
2011-11-03,23.149999618530273,23.149999618530273,22.270000457763672,22.649999618530273,19.18132781982422,71600
2011-11-04,22.420000076293945,24.31999969482422,21.729999542236328,24.079999923706055,20.392335891723633,269500
2011-11-07,24.219999313354492,24.979999542236328,23.3700008392334,24.079999923706055,20.392335891723633,73700
2011-11-08,24.239999771118164,24.239999771118164,22.979999542236328,23.329999923706055,19.75718879699707,65000
2011-11-09,22.489999771118164,22.790000915527344,22.0,22.479999542236328,19.03736686706543,173900
2011-11-10,22.950000762939453,23.0,22.030000686645508,22.170000076293945,18.77483558654785,55400
2011-11-11,22.540000915527344,23.350000381469727,22.3700008392334,23.030000686645508,19.503131866455078,41900
2011-11-14,23.0,23.579999923706055,22.969999313354492,23.25,19.689437866210938,56200
2011-11-15,23.100000381469727,23.639999389648438,22.5,23.5,19.90114974975586,47500
2011-11-16,23.049999237060547,23.1299991607666,22.18000030517578,22.59000015258789,19.130516052246094,48900
2011-11-17,22.700000762939453,22.719999313354492,21.290000915527344,21.719999313354492,18.39375114440918,61400
2011-11-18,21.760000228881836,21.979999542236328,21.31999969482422,21.729999542236328,18.4022159576416,43900
2011-11-21,21.3700008392334,21.68000030517578,21.030000686645508,21.5,18.20743179321289,71700
2011-11-22,21.5,21.860000610351562,21.079999923706055,21.280000686645508,18.021135330200195,107600
2011-11-23,21.049999237060547,21.079999923706055,20.5,20.829999923706055,17.640045166015625,94400
2011-11-25,20.760000228881836,20.989999771118164,20.549999237060547,20.75,17.57229995727539,28200
2011-11-28,21.459999084472656,22.459999084472656,21.139999389648438,21.829999923706055,18.486909866333008,74100
2011-11-29,21.920000076293945,21.920000076293945,21.229999542236328,21.530000686645508,18.23284149169922,56400
2011-11-30,22.399999618530273,23.489999771118164,22.239999771118164,23.3799991607666,19.799530029296875,86800
2011-12-01,23.239999771118164,23.549999237060547,22.760000228881836,22.860000610351562,19.375741958618164,41700
2011-12-02,23.40999984741211,23.600000381469727,22.670000076293945,22.799999237060547,19.324888229370117,29500
2011-12-05,23.760000228881836,24.420000076293945,23.1299991607666,23.56999969482422,19.97752571105957,50200
2011-12-06,23.56999969482422,24.25,23.229999542236328,24.040000915527344,20.375892639160156,38200
2011-12-07,23.969999313354492,24.5,23.360000610351562,24.270000457763672,20.570833206176758,33200
2011-12-08,24.040000915527344,24.059999465942383,22.65999984741211,22.850000381469727,19.367265701293945,84100
2011-12-09,23.510000228881836,23.739999771118164,23.170000076293945,23.5,19.918190002441406,55300
2011-12-12,22.93000030517578,23.799999237060547,22.6200008392334,23.65999984741211,20.053804397583008,96400
2011-12-13,24.079999923706055,24.139999389648438,22.040000915527344,22.459999084472656,19.03670883178711,46400
2011-12-14,22.1299991607666,22.299999237060547,21.0,21.8799991607666,18.545114517211914,95800
2011-12-15,22.329999923706055,22.649999618530273,21.6299991607666,22.329999923706055,18.926523208618164,53100
2011-12-16,22.56999969482422,22.889999389648438,21.649999618530273,21.989999771118164,18.638347625732422,47500
2011-12-19,22.079999923706055,22.360000610351562,21.040000915527344,21.200000762939453,17.968748092651367,63600
2011-12-20,21.84000015258789,22.389999389648438,21.31999969482422,22.25,18.85871124267578,42400
2011-12-21,22.1200008392334,22.450000762939453,21.489999771118164,22.209999084472656,18.824810028076172,24800
2011-12-22,22.270000457763672,22.600000381469727,22.260000228881836,22.420000076293945,19.002803802490234,15000
2011-12-23,22.450000762939453,22.450000762939453,21.709999084472656,22.100000381469727,18.731578826904297,21100
2011-12-27,21.93000030517578,22.5,21.920000076293945,22.06999969482422,18.70615005493164,54600
2011-12-28,22.049999237060547,22.25,21.610000610351562,21.610000610351562,18.316261291503906,32300
2011-12-29,21.709999084472656,22.510000228881836,21.709999084472656,22.389999389648438,18.977375030517578,42400
2011-12-30,22.270000457763672,22.829999923706055,22.270000457763672,22.440000534057617,19.019760131835938,22300
2012-01-03,23.110000610351562,23.579999923706055,23.0,23.309999465942383,19.757150650024414,74300
2012-01-04,23.229999542236328,23.68000030517578,22.600000381469727,23.31999969482422,19.76563262939453,37300
2012-01-05,23.190000534057617,23.700000762939453,22.770000457763672,23.510000228881836,19.926671981811523,57700
2012-01-06,23.510000228881836,23.899999618530273,22.610000610351562,22.760000228881836,19.290987014770508,101800
2012-01-09,22.770000457763672,23.15999984741211,22.5,22.93000030517578,19.435073852539062,118900
2012-01-10,23.190000534057617,23.690000534057617,22.610000610351562,23.0,19.494401931762695,128500
2012-01-11,22.950000762939453,23.219999313354492,22.600000381469727,22.940000534057617,19.44354820251465,67800
2012-01-12,23.0,23.190000534057617,22.65999984741211,22.93000030517578,19.435073852539062,81000
2012-01-13,22.579999923706055,22.989999771118164,22.549999237060547,22.610000610351562,19.16385269165039,34700
2012-01-17,22.700000762939453,23.100000381469727,22.559999465942383,22.6200008392334,19.17232322692871,49700
2012-01-18,22.520000457763672,22.950000762939453,22.5,22.889999389648438,19.401165008544922,44800
2012-01-19,22.829999923706055,23.100000381469727,22.40999984741211,22.549999237060547,19.11299705505371,44800
2012-01-20,22.389999389648438,22.639999389648438,21.690000534057617,21.93000030517578,18.587491989135742,93600
2012-01-23,22.040000915527344,22.31999969482422,21.739999771118164,21.780000686645508,18.460351943969727,42700
2012-01-24,21.719999313354492,22.079999923706055,21.1299991607666,22.040000915527344,18.68072509765625,47500
2012-01-25,21.950000762939453,22.170000076293945,21.6200008392334,22.010000228881836,18.65529441833496,36200
2012-01-26,22.010000228881836,22.190000534057617,21.75,21.84000015258789,18.51120948791504,56200
2012-01-27,23.43000030517578,23.43000030517578,19.260000228881836,21.8799991607666,18.545114517211914,230700
2012-01-30,21.950000762939453,22.0,21.350000381469727,21.899999618530273,18.562068939208984,56100
2012-01-31,22.030000686645508,22.059999465942383,21.600000381469727,21.81999969482422,18.494247436523438,75000
2012-02-01,22.190000534057617,22.200000762939453,21.809999465942383,22.110000610351562,18.74005889892578,83500
2012-02-02,22.059999465942383,22.079999923706055,21.8700008392334,21.93000030517578,18.587491989135742,51400
2012-02-03,22.399999618530273,23.479999542236328,22.229999542236328,23.479999542236328,19.901247024536133,61500
2012-02-06,21.889999389648438,23.459999084472656,21.600000381469727,23.219999313354492,19.680877685546875,263200
2012-02-07,22.989999771118164,23.209999084472656,22.559999465942383,22.90999984741211,19.418127059936523,63700
2012-02-08,23.0,23.940000534057617,23.0,23.899999618530273,20.25722312927246,79600
2012-02-09,24.0,24.959999084472656,23.979999542236328,24.760000228881836,20.98615264892578,86300
2012-02-10,24.489999771118164,24.969999313354492,24.450000762939453,24.600000381469727,20.850536346435547,70200
2012-02-13,25.040000915527344,25.040000915527344,24.579999923706055,24.850000381469727,21.062437057495117,57400
2012-02-14,24.850000381469727,24.850000381469727,24.5,24.850000381469727,21.062437057495117,38500
2012-02-15,24.920000076293945,24.920000076293945,23.8799991607666,24.149999618530273,20.4691219329834,88800
2012-02-16,24.010000228881836,24.899999618530273,24.010000228881836,24.850000381469727,21.062437057495117,30200
2012-02-17,24.850000381469727,24.920000076293945,24.40999984741211,24.6299991607666,20.87596321105957,43200
2012-02-21,24.6299991607666,24.670000076293945,24.219999313354492,24.459999084472656,20.731876373291016,51300
2012-02-22,24.3700008392334,24.600000381469727,24.290000915527344,24.399999618530273,20.68102264404297,50500
2012-02-23,24.350000381469727,24.950000762939453,24.350000381469727,24.93000030517578,21.130239486694336,38500
2012-02-24,24.8799991607666,25.0,24.670000076293945,24.799999237060547,21.020051956176758,28000
2012-02-27,24.440000534057617,24.719999313354492,24.299999237060547,24.399999618530273,20.68102264404297,31300
2012-02-28,24.350000381469727,24.719999313354492,24.020000457763672,24.34000015258789,20.63016700744629,37000
2012-02-29,24.389999389648438,24.59000015258789,23.329999923706055,23.329999923706055,19.774106979370117,64800
2012-03-01,23.43000030517578,23.760000228881836,23.399999618530273,23.399999618530273,19.833436965942383,50000
2012-03-02,23.469999313354492,23.75,22.3799991607666,23.5,19.918190002441406,127800
2012-03-05,23.3799991607666,23.3799991607666,22.729999542236328,22.770000457763672,19.29945945739746,47800
2012-03-06,22.440000534057617,22.799999237060547,21.899999618530273,21.950000762939453,18.604440689086914,38900
2012-03-07,22.149999618530273,22.149999618530273,21.020000457763672,21.270000457763672,18.028091430664062,77200
2012-03-08,21.40999984741211,22.18000030517578,21.40999984741211,22.1299991607666,18.75701141357422,46100
2012-03-09,22.0,22.829999923706055,21.90999984741211,22.469999313354492,19.045185089111328,29100
2012-03-12,22.309999465942383,22.540000915527344,22.030000686645508,22.170000076293945,18.790908813476562,31300
2012-03-13,22.3700008392334,22.3700008392334,21.729999542236328,21.81999969482422,18.494247436523438,61600
2012-03-14,21.84000015258789,22.100000381469727,21.729999542236328,22.010000228881836,18.65529441833496,50200
2012-03-15,22.100000381469727,22.290000915527344,21.790000915527344,21.899999618530273,18.562068939208984,84400
2012-03-16,21.959999084472656,22.049999237060547,21.670000076293945,21.829999923706055,18.50273323059082,58800
2012-03-19,22.059999465942383,24.229999542236328,22.059999465942383,23.81999969482422,20.189422607421875,123400
2012-03-20,23.780000686645508,24.25,23.309999465942383,23.780000686645508,20.155513763427734,109700
2012-03-21,23.809999465942383,23.8799991607666,23.010000228881836,23.010000228881836,19.502880096435547,57100
2012-03-22,22.899999618530273,23.149999618530273,22.040000915527344,22.639999389648438,19.18927574157715,76900
2012-03-23,22.709999084472656,22.709999084472656,22.09000015258789,22.65999984741211,19.20623207092285,84100
2012-03-26,22.860000610351562,23.8799991607666,22.770000457763672,23.729999542236328,20.113143920898438,120600
2012-03-27,23.899999618530273,24.479999542236328,23.600000381469727,23.65999984741211,20.053804397583008,97900
2012-03-28,23.579999923706055,23.84000015258789,22.81999969482422,23.239999771118164,19.697818756103516,68500
2012-03-29,23.010000228881836,23.31999969482422,22.399999618530273,22.56999969482422,19.129940032958984,120900
2012-03-30,22.860000610351562,22.860000610351562,21.84000015258789,21.889999389648438,18.5535831451416,60100
2012-04-02,21.899999618530273,22.200000762939453,21.700000762939453,21.90999984741211,18.570533752441406,51800
2012-04-03,22.030000686645508,22.690000534057617,21.790000915527344,21.829999923706055,18.50273323059082,56800
2012-04-04,21.5,21.81999969482422,21.059999465942383,21.68000030517578,18.392446517944336,40200
2012-04-05,21.540000915527344,21.90999984741211,21.540000915527344,21.719999313354492,18.42637825012207,28500
2012-04-09,21.309999465942383,21.31999969482422,21.06999969482422,21.09000015258789,17.89191246032715,22500
2012-04-10,21.020000457763672,21.18000030517578,20.329999923706055,20.43000030517578,17.331993103027344,50100
2012-04-11,20.799999237060547,20.899999618530273,20.510000228881836,20.790000915527344,17.63741111755371,28300
2012-04-12,20.700000762939453,21.389999389648438,20.700000762939453,21.229999542236328,18.01068687438965,32400
2012-04-13,21.040000915527344,21.049999237060547,20.75,20.950000762939453,17.773143768310547,58000
2012-04-16,20.950000762939453,21.579999923706055,20.950000762939453,21.229999542236328,18.01068687438965,25100
2012-04-17,21.360000610351562,21.790000915527344,21.360000610351562,21.459999084472656,18.20580291748047,17200
2012-04-18,21.3799991607666,21.489999771118164,21.270000457763672,21.360000610351562,18.1209716796875,21600
2012-04-19,21.350000381469727,21.489999771118164,21.200000762939453,21.280000686645508,18.0531063079834,35800
2012-04-20,21.790000915527344,22.3700008392334,21.559999465942383,22.1299991607666,18.774208068847656,42500
2012-04-23,21.65999984741211,21.729999542236328,21.25,21.389999389648438,18.14642333984375,37000
2012-04-24,21.329999923706055,21.719999313354492,21.31999969482422,21.65999984741211,18.37548065185547,20600
2012-04-25,21.90999984741211,21.920000076293945,21.329999923706055,21.729999542236328,18.43486213684082,24100
2012-04-26,21.600000381469727,22.579999923706055,21.600000381469727,22.489999771118164,19.079620361328125,36800
2012-04-27,22.479999542236328,23.1299991607666,22.09000015258789,23.040000915527344,19.546213150024414,24900
2012-04-30,22.93000030517578,23.040000915527344,22.079999923706055,22.079999923706055,18.731792449951172,21500
2012-05-01,22.0,22.979999542236328,22.0,22.079999923706055,18.731792449951172,38000
2012-05-02,21.850000381469727,22.459999084472656,21.850000381469727,22.280000686645508,18.90146255493164,32800
2012-05-03,22.25,22.559999465942383,21.809999465942383,22.260000228881836,18.884498596191406,36000
2012-05-04,22.139999389648438,22.139999389648438,21.299999237060547,21.389999389648438,18.14642333984375,29400
2012-05-07,21.229999542236328,21.299999237060547,21.0,21.010000228881836,17.82404899597168,37200
2012-05-08,20.65999984741211,20.65999984741211,19.520000457763672,20.350000381469727,17.264127731323242,129000
2012-05-09,20.0,20.719999313354492,20.0,20.639999389648438,17.51015281677246,27100
2012-05-10,20.770000457763672,21.09000015258789,20.510000228881836,20.649999618530273,17.51863670349121,31500
2012-05-11,20.3799991607666,20.559999465942383,19.899999618530273,20.15999984741211,17.102933883666992,38000
2012-05-14,19.829999923706055,19.899999618530273,19.329999923706055,19.360000610351562,16.424245834350586,44400
2012-05-15,19.420000076293945,19.65999984741211,19.18000030517578,19.389999389648438,16.4497013092041,23300
2012-05-16,19.450000762939453,19.450000762939453,18.950000762939453,19.299999237060547,16.37334442138672,24000
2012-05-17,19.280000686645508,19.280000686645508,18.34000015258789,18.959999084472656,16.084911346435547,61200
2012-05-18,18.81999969482422,19.299999237060547,18.399999618530273,18.809999465942383,15.957646369934082,35000
2012-05-21,18.940000534057617,19.100000381469727,18.489999771118164,19.049999237060547,16.161256790161133,26800
2012-05-22,18.989999771118164,18.989999771118164,18.420000076293945,18.690000534057617,15.855853080749512,49300
2012-05-23,18.399999618530273,18.5,18.190000534057617,18.459999084472656,15.660724639892578,32600
2012-05-24,18.43000030517578,18.75,18.149999618530273,18.360000610351562,15.57589054107666,28100
2012-05-25,18.360000610351562,18.399999618530273,18.100000381469727,18.239999771118164,15.474080085754395,28100
2012-05-29,18.40999984741211,19.0,18.399999618530273,18.510000228881836,15.703145027160645,118400
2012-05-30,18.5,18.700000762939453,18.459999084472656,18.649999618530273,15.82190990447998,30700
2012-05-31,18.649999618530273,19.5,18.600000381469727,19.260000228881836,16.33941650390625,57400
2012-06-01,18.81999969482422,18.81999969482422,17.510000228881836,17.559999465942383,14.897202491760254,49300
2012-06-04,17.649999618530273,18.190000534057617,17.649999618530273,18.0,15.270479202270508,49900
2012-06-05,17.809999465942383,18.110000610351562,17.510000228881836,17.65999984741211,14.982033729553223,24800
2012-06-06,17.780000686645508,18.229999542236328,17.549999237060547,18.09000015258789,15.346832275390625,24100
2012-06-07,18.389999389648438,19.0,17.549999237060547,17.81999969482422,15.117775917053223,30500
2012-06-08,17.799999237060547,18.229999542236328,17.709999084472656,17.979999542236328,15.253511428833008,34900
2012-06-11,18.280000686645508,18.399999618530273,17.6200008392334,17.6200008392334,14.948104858398438,42900
2012-06-12,17.84000015258789,18.190000534057617,17.719999313354492,18.110000610351562,15.36380386352539,19200
2012-06-13,18.09000015258789,18.350000381469727,17.90999984741211,18.030000686645508,15.31283950805664,33600
2012-06-14,18.040000915527344,18.450000762939453,17.959999084472656,18.100000381469727,15.372294425964355,23700
2012-06-15,18.149999618530273,18.469999313354492,18.149999618530273,18.299999237060547,15.542153358459473,75100
2012-06-18,18.299999237060547,18.350000381469727,17.950000762939453,18.190000534057617,15.448729515075684,34600
2012-06-19,18.34000015258789,18.610000610351562,17.670000076293945,18.399999618530273,15.62707805633545,51200
2012-06-20,18.469999313354492,18.56999969482422,18.31999969482422,18.520000457763672,15.728999137878418,20800
2012-06-21,18.450000762939453,18.469999313354492,17.610000610351562,17.68000030517578,15.015591621398926,39100
2012-06-22,17.739999771118164,17.989999771118164,17.610000610351562,17.8700008392334,15.176949501037598,58500
2012-06-25,17.5,17.899999618530273,17.5,17.739999771118164,15.066542625427246,19600
2012-06-26,17.729999542236328,17.860000610351562,17.6200008392334,17.729999542236328,15.058055877685547,11400
2012-06-27,17.670000076293945,18.079999923706055,17.670000076293945,18.010000228881836,15.295856475830078,12400
2012-06-28,17.780000686645508,18.059999465942383,17.020000457763672,17.290000915527344,14.68436050415039,17800
2012-06-29,17.84000015258789,18.6200008392334,17.799999237060547,18.6200008392334,15.81393051147461,25200
2012-07-02,18.510000228881836,18.950000762939453,18.15999984741211,18.760000228881836,15.932827949523926,20800
2012-07-03,18.65999984741211,19.049999237060547,18.56999969482422,19.049999237060547,16.179121017456055,7600
2012-07-05,18.709999084472656,19.299999237060547,18.540000915527344,18.950000762939453,16.09419059753418,19200
2012-07-06,18.690000534057617,18.850000381469727,18.190000534057617,18.309999465942383,15.550644874572754,9700
2012-07-09,18.1299991607666,18.68000030517578,18.1299991607666,18.219999313354492,15.474213600158691,13900
2012-07-10,18.469999313354492,18.850000381469727,17.8799991607666,17.8799991607666,15.185447692871094,22300
2012-07-11,18.010000228881836,18.010000228881836,17.299999237060547,17.360000610351562,14.743813514709473,16500
2012-07-12,17.170000076293945,17.25,16.790000915527344,17.100000381469727,14.522995948791504,26600
2012-07-13,17.1299991607666,17.40999984741211,17.0,17.31999969482422,14.7098388671875,25300
2012-07-16,17.3700008392334,17.5,17.020000457763672,17.31999969482422,14.7098388671875,42800
2012-07-17,17.40999984741211,17.799999237060547,17.25,17.700000762939453,15.032575607299805,30300
2012-07-18,17.489999771118164,18.030000686645508,17.489999771118164,17.920000076293945,15.219419479370117,20700
2012-07-19,17.920000076293945,18.030000686645508,17.690000534057617,17.81999969482422,15.134491920471191,26500
2012-07-20,17.6200008392334,17.6200008392334,17.149999618530273,17.170000076293945,14.58244514465332,25500
2012-07-23,16.899999618530273,17.280000686645508,16.770000457763672,16.799999237060547,14.268204689025879,15500
2012-07-24,16.790000915527344,17.190000534057617,16.579999923706055,16.700000762939453,14.183277130126953,23200
2012-07-25,16.65999984741211,17.100000381469727,16.540000915527344,16.850000381469727,14.310670852661133,21100
2012-07-26,17.200000762939453,17.200000762939453,16.3799991607666,16.540000915527344,14.047393798828125,37400
2012-07-27,16.700000762939453,17.1299991607666,16.610000610351562,17.049999237060547,14.480530738830566,60600
2012-07-30,17.06999969482422,17.200000762939453,16.969999313354492,17.040000915527344,14.472041130065918,31400
2012-07-31,17.020000457763672,17.3700008392334,17.020000457763672,17.049999237060547,14.480530738830566,49400
2012-08-01,17.06999969482422,17.25,16.200000762939453,16.200000762939453,13.75862979888916,28000
2012-08-02,16.3700008392334,17.0,16.31999969482422,16.920000076293945,14.370123863220215,37100
2012-08-03,17.239999771118164,17.299999237060547,17.0,17.209999084472656,14.61641788482666,76000
2012-08-06,17.280000686645508,17.360000610351562,17.110000610351562,17.219999313354492,14.624906539916992,37800
2012-08-07,17.290000915527344,17.84000015258789,17.25,17.780000686645508,15.100517272949219,41400
2012-08-08,17.68000030517578,17.780000686645508,17.440000534057617,17.5,14.862713813781738,12500
2012-08-09,17.520000457763672,18.75,17.399999618530273,18.639999389648438,15.83090877532959,21200
2012-08-10,18.360000610351562,18.5,17.760000228881836,17.809999465942383,15.125997543334961,21300
2012-08-13,17.84000015258789,17.889999389648438,17.450000762939453,17.579999923706055,14.930658340454102,9300
2012-08-14,17.600000381469727,17.719999313354492,17.5,17.709999084472656,15.041062355041504,19700
2012-08-15,17.690000534057617,18.719999313354492,17.670000076293945,18.719999313354492,15.898858070373535,22200
2012-08-16,18.600000381469727,18.729999542236328,18.34000015258789,18.649999618530273,15.839404106140137,17900
2012-08-17,18.579999923706055,18.6299991607666,18.309999465942383,18.540000915527344,15.745980262756348,31100
2012-08-20,18.399999618530273,18.5,18.25,18.450000762939453,15.669544219970703,23900
2012-08-21,18.610000610351562,18.75,18.450000762939453,18.649999618530273,15.839404106140137,31000
2012-08-22,18.610000610351562,18.610000610351562,18.450000762939453,18.510000228881836,15.720510482788086,19100
2012-08-23,18.450000762939453,18.75,18.450000762939453,18.5,15.71201229095459,19500
2012-08-24,18.3700008392334,18.6299991607666,18.31999969482422,18.610000610351562,15.805437088012695,12800
2012-08-27,18.5,18.639999389648438,18.360000610351562,18.489999771118164,15.703516006469727,15000
2012-08-28,18.5,18.719999313354492,18.420000076293945,18.690000534057617,15.873377799987793,21700
2012-08-29,18.610000610351562,18.700000762939453,18.399999618530273,18.540000915527344,15.745980262756348,19700
2012-08-30,18.399999618530273,18.610000610351562,18.309999465942383,18.600000381469727,15.813998222351074,19200
2012-08-31,18.770000457763672,19.030000686645508,18.6200008392334,19.010000228881836,16.1625919342041,33100
2012-09-04,18.75,19.170000076293945,18.700000762939453,18.75,15.9415283203125,52800
2012-09-05,18.610000610351562,18.799999237060547,18.5,18.700000762939453,15.899019241333008,22100
2012-09-06,18.75,18.979999542236328,18.5,18.799999237060547,15.984042167663574,34200
2012-09-07,18.950000762939453,19.440000534057617,18.899999618530273,19.389999389648438,16.48567008972168,34900
2012-09-10,19.299999237060547,19.299999237060547,18.959999084472656,18.989999771118164,16.14558219909668,15800
2012-09-11,18.989999771118164,19.239999771118164,18.989999771118164,19.1299991607666,16.26461410522461,17700
2012-09-12,19.110000610351562,19.200000762939453,18.81999969482422,18.950000762939453,16.1115779876709,10300
2012-09-13,18.90999984741211,19.719999313354492,18.90999984741211,19.559999465942383,16.63020896911621,32200
2012-09-14,19.559999465942383,20.0,19.559999465942383,19.700000762939453,16.749242782592773,25700
2012-09-17,19.520000457763672,19.739999771118164,19.229999542236328,19.309999465942383,16.417652130126953,22100
2012-09-18,19.260000228881836,19.309999465942383,18.93000030517578,18.93000030517578,16.094568252563477,15800
2012-09-19,18.93000030517578,19.010000228881836,18.649999618530273,18.68000030517578,15.88201904296875,23100
2012-09-20,18.549999237060547,18.549999237060547,17.969999313354492,18.06999969482422,15.363385200500488,31700
2012-09-21,18.049999237060547,18.829999923706055,18.049999237060547,18.829999923706055,16.009550094604492,70600
2012-09-24,18.719999313354492,19.56999969482422,18.709999084472656,19.56999969482422,16.63870620727539,30700
2012-09-25,19.6299991607666,19.709999084472656,19.1200008392334,19.209999084472656,16.332630157470703,22700
2012-09-26,19.280000686645508,19.299999237060547,18.43000030517578,18.579999923706055,15.796996116638184,19200
2012-09-27,18.649999618530273,18.790000915527344,18.200000762939453,18.329999923706055,15.584441184997559,26600
2012-09-28,18.110000610351562,18.459999084472656,18.0,18.06999969482422,15.363385200500488,33800
2012-10-01,18.219999313354492,18.34000015258789,18.09000015258789,18.34000015258789,15.592945098876953,26700
2012-10-02,18.350000381469727,18.350000381469727,18.049999237060547,18.290000915527344,15.550435066223145,29900
2012-10-03,18.200000762939453,18.260000228881836,17.700000762939453,17.889999389648438,15.210347175598145,40600
2012-10-04,18.040000915527344,18.670000076293945,17.90999984741211,18.209999084472656,15.482415199279785,17800
2012-10-05,18.25,18.3700008392334,17.809999465942383,17.889999389648438,15.210347175598145,14000
2012-10-08,18.139999389648438,18.3700008392334,17.850000381469727,18.309999465942383,15.567441940307617,18500
2012-10-09,18.299999237060547,18.65999984741211,18.059999465942383,18.510000228881836,15.737482070922852,26000
2012-10-10,18.56999969482422,18.56999969482422,18.190000534057617,18.329999923706055,15.584441184997559,9300
2012-10-11,18.5,18.530000686645508,17.760000228881836,18.450000762939453,15.686463356018066,10500
2012-10-12,18.399999618530273,18.40999984741211,18.219999313354492,18.260000228881836,15.524924278259277,7700
2012-10-15,18.209999084472656,18.610000610351562,18.15999984741211,18.459999084472656,15.69497013092041,7400
2012-10-16,18.540000915527344,18.639999389648438,18.399999618530273,18.6299991607666,15.839509010314941,7400
2012-10-17,18.6299991607666,18.670000076293945,18.389999389648438,18.579999923706055,15.796996116638184,7700
2012-10-18,18.510000228881836,18.700000762939453,18.25,18.31999969482422,15.575942039489746,8900
2012-10-19,18.200000762939453,18.239999771118164,17.719999313354492,17.829999923706055,15.159331321716309,41500
2012-10-22,17.760000228881836,18.020000457763672,17.389999389648438,17.389999389648438,14.785240173339844,43400
2012-10-23,17.3799991607666,17.389999389648438,16.450000762939453,16.889999389648438,14.360135078430176,23900
2012-10-24,16.950000762939453,17.190000534057617,16.75,16.979999542236328,14.436649322509766,21400
2012-10-25,17.219999313354492,17.420000076293945,16.950000762939453,17.420000076293945,14.810749053955078,11000
2012-10-26,17.469999313354492,18.5,17.469999313354492,18.5,15.728981971740723,58000
2012-10-31,18.40999984741211,18.43000030517578,17.530000686645508,17.969999313354492,15.278367042541504,38500
2012-11-01,18.0,18.729999542236328,17.84000015258789,18.670000076293945,15.873517990112305,63300
2012-11-02,18.670000076293945,18.709999084472656,17.719999313354492,17.719999313354492,15.065811157226562,20600
2012-11-05,17.68000030517578,18.209999084472656,17.68000030517578,18.06999969482422,15.363385200500488,8700
2012-11-06,18.079999923706055,18.299999237060547,18.06999969482422,18.15999984741211,15.439909934997559,10800
2012-11-07,17.920000076293945,18.010000228881836,17.469999313354492,17.469999313354492,14.853256225585938,18500
2012-11-08,17.530000686645508,18.0,17.15999984741211,17.15999984741211,14.589693069458008,36100
2012-11-09,17.040000915527344,17.6200008392334,17.040000915527344,17.3799991607666,14.776738166809082,20100
2012-11-12,17.40999984741211,17.600000381469727,17.260000228881836,17.40999984741211,14.80224323272705,25400
2012-11-13,17.190000534057617,17.610000610351562,17.010000228881836,17.25,14.666210174560547,21900
2012-11-14,17.34000015258789,18.059999465942383,16.829999923706055,16.850000381469727,14.342753410339355,29900
2012-11-15,16.940000534057617,17.059999465942383,16.600000381469727,16.84000015258789,14.334239959716797,24800
2012-11-16,16.780000686645508,17.5,16.520000457763672,16.760000228881836,14.266143798828125,38200
2012-11-19,17.030000686645508,17.600000381469727,17.030000686645508,17.34000015258789,14.759843826293945,15200
2012-11-20,17.34000015258789,17.43000030517578,17.030000686645508,17.049999237060547,14.512993812561035,20600
2012-11-21,17.200000762939453,17.479999542236328,16.969999313354492,17.479999542236328,14.879012107849121,17300
2012-11-23,17.5,17.5,17.309999465942383,17.5,14.896036148071289,5200
2012-11-26,17.34000015258789,17.59000015258789,17.190000534057617,17.59000015258789,14.97264289855957,13100
2012-11-27,17.549999237060547,17.549999237060547,17.030000686645508,17.100000381469727,14.555554389953613,19600
2012-11-28,17.049999237060547,17.600000381469727,17.049999237060547,17.59000015258789,14.97264289855957,14000
2012-11-29,17.489999771118164,18.360000610351562,17.450000762939453,18.299999237060547,15.576995849609375,20100
2012-11-30,18.280000686645508,18.280000686645508,17.780000686645508,17.969999313354492,15.296102523803711,20400
2012-12-03,18.18000030517578,18.459999084472656,17.729999542236328,18.399999618530273,15.662120819091797,19400
2012-12-04,18.360000610351562,18.68000030517578,18.139999389648438,18.670000076293945,15.891940116882324,22500
2012-12-05,18.68000030517578,18.8799991607666,18.280000686645508,18.6200008392334,15.849381446838379,22900
2012-12-06,18.469999313354492,18.899999618530273,18.450000762939453,18.690000534057617,15.908960342407227,17100
2012-12-07,18.75,18.75,18.3700008392334,18.690000534057617,15.908960342407227,17000
2012-12-10,18.700000762939453,19.15999984741211,18.260000228881836,18.959999084472656,16.1387882232666,38600
2012-12-11,19.18000030517578,19.549999237060547,18.8799991607666,19.5,16.598434448242188,30800
2012-12-12,19.510000228881836,19.600000381469727,19.299999237060547,19.440000534057617,16.547365188598633,15700
2012-12-13,19.510000228881836,19.989999771118164,18.75,19.84000015258789,16.887845993041992,38500
2012-12-14,19.559999465942383,20.549999237060547,19.559999465942383,20.450000762939453,17.40708351135254,42600
2012-12-17,20.5,20.65999984741211,20.399999618530273,20.5,17.44963836669922,19300
2012-12-18,20.5,20.809999465942383,20.5,20.75,17.662439346313477,19500
2012-12-19,20.1200008392334,20.75,20.110000610351562,20.68000030517578,17.602859497070312,12200
2012-12-20,20.469999313354492,21.219999313354492,20.09000015258789,21.139999389648438,17.994409561157227,24200
2012-12-21,20.18000030517578,20.920000076293945,19.889999389648438,20.200000762939453,17.194278717041016,77000
2012-12-24,20.110000610351562,20.110000610351562,19.770000457763672,20.020000457763672,17.041065216064453,4600
2012-12-26,20.0,20.18000030517578,19.459999084472656,19.459999084472656,16.564390182495117,11100
2012-12-27,19.440000534057617,19.520000457763672,18.690000534057617,19.299999237060547,16.42820167541504,21000
2012-12-28,19.1200008392334,19.389999389648438,18.75,19.030000686645508,16.198381423950195,12100
2012-12-31,17.8799991607666,19.700000762939453,17.8799991607666,19.5,16.598434448242188,36000
2013-01-02,20.15999984741211,20.93000030517578,19.959999084472656,20.229999542236328,17.219820022583008,59100
2013-01-03,20.209999084472656,20.540000915527344,19.81999969482422,19.860000610351562,16.90487289428711,26700
2013-01-04,20.020000457763672,20.079999923706055,19.729999542236328,19.850000381469727,16.8963565826416,12000
2013-01-07,19.670000076293945,19.780000686645508,19.600000381469727,19.6299991607666,16.709096908569336,9900
2013-01-08,19.68000030517578,20.200000762939453,19.68000030517578,20.1200008392334,17.126182556152344,24300
2013-01-09,20.200000762939453,20.770000457763672,20.200000762939453,20.75,17.662439346313477,15700
2013-01-10,20.850000381469727,21.579999923706055,20.489999771118164,21.479999542236328,18.2838191986084,15100
2013-01-11,21.65999984741211,22.209999084472656,21.209999084472656,22.049999237060547,18.768999099731445,23100
2013-01-14,21.770000457763672,22.040000915527344,21.520000457763672,22.040000915527344,18.760496139526367,65500
2013-01-15,21.8799991607666,22.479999542236328,21.84000015258789,22.299999237060547,18.9818058013916,26300
2013-01-16,22.15999984741211,22.200000762939453,21.790000915527344,22.0,18.7264461517334,20100
2013-01-17,22.149999618530273,22.5,21.989999771118164,22.43000030517578,19.092458724975586,48800
2013-01-18,22.479999542236328,22.59000015258789,22.290000915527344,22.540000915527344,19.18609619140625,86800
2013-01-22,22.5,22.989999771118164,22.270000457763672,22.989999771118164,19.56913185119629,29500
2013-01-23,22.690000534057617,22.899999618530273,21.93000030517578,22.440000534057617,19.10097312927246,46000
2013-01-24,22.299999237060547,22.489999771118164,22.1200008392334,22.43000030517578,19.092458724975586,83600
2013-01-25,22.450000762939453,22.56999969482422,22.229999542236328,22.520000457763672,19.169076919555664,48700
2013-01-28,22.5,22.729999542236328,22.399999618530273,22.56999969482422,19.21162986755371,26700
2013-01-29,22.739999771118164,23.43000030517578,22.510000228881836,23.260000228881836,19.79895782470703,36700
2013-01-30,23.200000762939453,23.479999542236328,22.649999618530273,23.09000015258789,19.654254913330078,33600
2013-01-31,22.969999313354492,23.200000762939453,22.549999237060547,23.170000076293945,19.722354888916016,44300
2013-02-01,22.0,23.649999618530273,21.850000381469727,23.489999771118164,19.994731903076172,203300
2013-02-04,23.020000457763672,23.8799991607666,21.219999313354492,23.579999923706055,20.071340560913086,78100
2013-02-05,23.610000610351562,23.790000915527344,23.31999969482422,23.530000686645508,20.02878761291504,75500
2013-02-06,23.260000228881836,23.40999984741211,22.979999542236328,23.360000610351562,19.884082794189453,39400
2013-02-07,23.350000381469727,23.690000534057617,23.200000762939453,23.329999923706055,19.858543395996094,60600
2013-02-08,23.350000381469727,23.75,23.0,23.420000076293945,19.93514633178711,93800
2013-02-11,23.40999984741211,23.719999313354492,23.0,23.479999542236328,20.011856079101562,47800
2013-02-12,23.579999923706055,24.260000228881836,22.600000381469727,24.0,20.455049514770508,39200
2013-02-13,24.0,24.399999618530273,23.270000457763672,24.040000915527344,20.489145278930664,47200
2013-02-14,24.049999237060547,24.09000015258789,23.93000030517578,24.0,20.455049514770508,16800
2013-02-15,23.920000076293945,24.459999084472656,23.049999237060547,23.610000610351562,20.122657775878906,33500
2013-02-19,23.75,23.969999313354492,23.190000534057617,23.5,20.02890396118164,62400
2013-02-20,23.479999542236328,23.84000015258789,23.389999389648438,23.389999389648438,19.935144424438477,61400
2013-02-21,23.399999618530273,23.450000762939453,23.229999542236328,23.40999984741211,19.952199935913086,34900
2013-02-22,23.610000610351562,23.639999389648438,23.139999389648438,23.5,20.02890396118164,115500
2013-02-25,23.68000030517578,23.729999542236328,22.690000534057617,22.729999542236328,19.372638702392578,107800
2013-02-26,22.93000030517578,22.979999542236328,22.6299991607666,22.799999237060547,19.432296752929688,22900
2013-02-27,22.850000381469727,23.0,22.56999969482422,22.899999618530273,19.517528533935547,57800
2013-02-28,22.93000030517578,23.6299991607666,22.06999969482422,23.290000915527344,19.84992218017578,30500
2013-03-01,23.06999969482422,23.510000228881836,23.059999465942383,23.40999984741211,19.952199935913086,13600
2013-03-04,23.1200008392334,23.280000686645508,23.049999237060547,23.229999542236328,19.79877471923828,9000
2013-03-05,23.170000076293945,23.84000015258789,23.1200008392334,23.84000015258789,20.318683624267578,33400
2013-03-06,23.899999618530273,23.899999618530273,23.270000457763672,23.329999923706055,19.884016036987305,26800
2013-03-07,23.399999618530273,23.670000076293945,23.399999618530273,23.56999969482422,20.088563919067383,45200
2013-03-08,23.760000228881836,23.760000228881836,23.5,23.719999313354492,20.216407775878906,41700
2013-03-11,23.559999465942383,23.90999984741211,23.309999465942383,23.860000610351562,20.335729598999023,34700
2013-03-12,23.760000228881836,23.950000762939453,23.479999542236328,23.81999969482422,20.301633834838867,48800
2013-03-13,23.760000228881836,23.850000381469727,23.600000381469727,23.670000076293945,20.173795700073242,24900
2013-03-14,23.649999618530273,23.729999542236328,23.290000915527344,23.610000610351562,20.122657775878906,23400
2013-03-15,23.350000381469727,23.969999313354492,23.350000381469727,23.969999313354492,20.42947769165039,35000
2013-03-18,23.510000228881836,24.110000610351562,23.510000228881836,24.049999237060547,20.497663497924805,42100
2013-03-19,24.049999237060547,24.489999771118164,24.049999237060547,24.25,20.66811752319336,74800
2013-03-20,24.31999969482422,24.799999237060547,24.18000030517578,24.790000915527344,21.128360748291016,26900
2013-03-21,24.510000228881836,24.540000915527344,24.299999237060547,24.360000610351562,20.76187515258789,99500
2013-03-22,24.3799991607666,24.420000076293945,24.09000015258789,24.25,20.66811752319336,9600
2013-03-25,24.40999984741211,24.709999084472656,24.200000762939453,24.43000030517578,20.821529388427734,19800
2013-03-26,24.579999923706055,24.579999923706055,24.110000610351562,24.520000457763672,20.89824104309082,10200
2013-03-27,24.25,24.43000030517578,24.030000686645508,24.34000015258789,20.74483299255371,17400
2013-03-28,24.489999771118164,24.739999771118164,24.25,24.739999771118164,21.085744857788086,40300
2013-04-01,24.610000610351562,24.809999465942383,24.059999465942383,24.239999771118164,20.659595489501953,26000
2013-04-02,24.40999984741211,24.549999237060547,24.149999618530273,24.200000762939453,20.625503540039062,24200
2013-04-03,24.200000762939453,24.200000762939453,23.6299991607666,23.790000915527344,20.27606964111328,23500
2013-04-04,23.799999237060547,24.0,23.229999542236328,23.93000030517578,20.395389556884766,10400
2013-04-05,23.209999084472656,23.5,22.530000686645508,23.270000457763672,19.8328800201416,51600
2013-04-08,23.43000030517578,23.450000762939453,23.040000915527344,23.170000076293945,19.74764633178711,11000
2013-04-09,23.360000610351562,23.420000076293945,23.06999969482422,23.270000457763672,19.8328800201416,13000
2013-04-10,23.40999984741211,24.25,23.3700008392334,24.18000030517578,20.608461380004883,41100
2013-04-11,23.90999984741211,24.479999542236328,23.850000381469727,24.299999237060547,20.71074104309082,7700
2013-04-12,24.260000228881836,24.270000457763672,24.1200008392334,24.1200008392334,20.55732536315918,3600
2013-04-15,23.889999389648438,23.889999389648438,22.780000686645508,23.020000457763672,19.619800567626953,43600
2013-04-16,23.209999084472656,23.860000610351562,23.010000228881836,23.84000015258789,20.318683624267578,13500
2013-04-17,23.540000915527344,23.690000534057617,22.760000228881836,23.100000381469727,19.68798828125,67800
2013-04-18,23.06999969482422,23.8799991607666,22.649999618530273,23.0,19.60275650024414,41700
2013-04-19,22.959999084472656,23.700000762939453,22.450000762939453,23.510000228881836,20.03742027282715,14400
2013-04-22,22.979999542236328,23.729999542236328,22.979999542236328,23.670000076293945,20.173795700073242,4000
2013-04-23,23.979999542236328,24.010000228881836,23.520000457763672,24.010000228881836,20.463577270507812,11900
2013-04-24,24.059999465942383,24.520000457763672,23.920000076293945,24.40999984741211,20.804492950439453,11100
2013-04-25,24.389999389648438,24.389999389648438,23.90999984741211,24.040000915527344,20.489145278930664,8800
2013-04-26,24.030000686645508,24.170000076293945,23.739999771118164,23.989999771118164,20.446531295776367,14100
2013-04-29,23.989999771118164,24.09000015258789,23.549999237060547,23.969999313354492,20.42947769165039,41100
2013-04-30,23.850000381469727,24.299999237060547,23.68000030517578,24.299999237060547,20.71074104309082,45000
2013-05-01,24.06999969482422,24.260000228881836,22.649999618530273,22.90999984741211,19.526052474975586,64800
2013-05-02,22.950000762939453,23.360000610351562,22.360000610351562,23.139999389648438,19.722076416015625,35900
2013-05-03,23.139999389648438,24.239999771118164,23.139999389648438,24.100000381469727,20.540285110473633,22900
2013-05-06,22.549999237060547,24.209999084472656,22.549999237060547,24.170000076293945,20.59994125366211,16600
2013-05-07,24.06999969482422,24.299999237060547,23.889999389648438,24.100000381469727,20.540285110473633,37300
2013-05-08,24.1200008392334,24.25,23.770000457763672,24.0,20.455049514770508,17600
2013-05-09,24.0,24.149999618530273,23.68000030517578,23.739999771118164,20.233455657958984,21600
2013-05-10,23.860000610351562,23.860000610351562,23.149999618530273,23.469999313354492,20.003337860107422,19900
2013-05-13,23.350000381469727,23.389999389648438,23.0,23.260000228881836,19.824350357055664,3500
2013-05-14,23.15999984741211,24.239999771118164,23.15999984741211,24.0,20.455049514770508,30800
2013-05-15,23.799999237060547,24.1200008392334,23.610000610351562,23.989999771118164,20.446531295776367,8100
2013-05-16,23.790000915527344,24.149999618530273,23.6200008392334,24.139999389648438,20.574369430541992,8900
2013-05-17,24.0,24.020000457763672,23.600000381469727,23.850000381469727,20.327207565307617,27600
2013-05-20,22.700000762939453,24.0,22.700000762939453,23.84000015258789,20.318683624267578,18900
2013-05-21,23.790000915527344,24.25,23.790000915527344,24.149999618530273,20.582895278930664,28600
2013-05-22,24.0,24.110000610351562,23.1200008392334,23.56999969482422,20.088563919067383,15600
2013-05-23,23.3799991607666,23.8700008392334,23.3799991607666,23.8700008392334,20.34425163269043,11600
2013-05-24,23.790000915527344,24.0,23.549999237060547,23.81999969482422,20.301633834838867,6000
2013-05-28,24.0,24.09000015258789,23.56999969482422,24.0,20.455049514770508,27600
2013-05-29,23.8799991607666,23.989999771118164,23.65999984741211,23.739999771118164,20.233455657958984,28400
2013-05-30,23.93000030517578,24.100000381469727,23.649999618530273,24.0,20.455049514770508,42800
2013-05-31,24.200000762939453,28.0,23.5,28.0,23.864227294921875,216200
2013-06-03,27.729999542236328,27.809999465942383,26.75,27.260000228881836,23.23352813720703,83000
2013-06-04,27.260000228881836,27.280000686645508,26.440000534057617,26.979999542236328,22.99488639831543,102100
2013-06-05,26.90999984741211,26.90999984741211,26.0,26.260000228881836,22.3812313079834,66300
2013-06-06,26.350000381469727,27.15999984741211,26.190000534057617,27.15999984741211,23.148303985595703,32700
2013-06-07,27.25,27.5,26.760000228881836,27.270000457763672,23.24205780029297,9600
2013-06-10,27.31999969482422,27.709999084472656,27.09000015258789,27.700000762939453,23.608535766601562,31900
2013-06-11,27.40999984741211,27.5,27.06999969482422,27.15999984741211,23.17340087890625,17200
2013-06-12,27.190000534057617,27.399999618530273,27.020000457763672,27.020000457763672,23.053943634033203,14700
2013-06-13,27.010000228881836,27.43000030517578,27.0,27.190000534057617,23.198989868164062,24900
2013-06-14,27.049999237060547,27.110000610351562,26.5,26.5,22.610275268554688,9500
2013-06-17,26.850000381469727,27.190000534057617,26.469999313354492,26.8700008392334,22.925966262817383,18600
2013-06-18,26.940000534057617,27.59000015258789,26.549999237060547,27.469999313354492,23.43789291381836,32000
2013-06-19,27.5,27.600000381469727,27.049999237060547,27.049999237060547,23.079540252685547,35400
2013-06-20,26.65999984741211,27.06999969482422,26.5,27.0,23.036882400512695,43500
2013-06-21,27.09000015258789,27.5,27.09000015258789,27.3700008392334,23.352571487426758,41600
2013-06-24,27.110000610351562,27.299999237060547,27.0,27.1200008392334,23.13926124572754,18700
2013-06-25,27.360000610351562,27.65999984741211,27.15999984741211,27.520000457763672,23.48055076599121,51000
2013-06-26,27.5,27.799999237060547,27.440000534057617,27.579999923706055,23.53174591064453,25500
2013-06-27,27.8799991607666,29.389999389648438,27.850000381469727,29.219999313354492,24.9310245513916,54400
2013-06-28,29.389999389648438,31.309999465942383,29.260000228881836,30.030000686645508,25.622129440307617,201400
2013-07-01,30.489999771118164,32.08000183105469,30.389999389648438,31.780000686645508,27.115264892578125,50800
2013-07-02,31.93000030517578,32.43000030517578,31.520000457763672,31.809999465942383,27.14085578918457,48300
2013-07-03,31.809999465942383,32.36000061035156,30.260000228881836,31.729999542236328,27.072599411010742,20800
2013-07-05,32.43000030517578,32.66999816894531,31.940000534057617,32.41999816894531,27.66132164001465,29500
2013-07-08,32.41999816894531,32.45000076293945,31.75,32.45000076293945,27.68692398071289,17900
2013-07-09,32.63999938964844,33.0,32.11000061035156,32.599998474121094,27.814895629882812,63400
2013-07-10,32.599998474121094,32.869998931884766,32.5099983215332,32.7400016784668,27.934350967407227,38900
2013-07-11,32.75,32.849998474121094,32.5,32.63999938964844,27.849023818969727,86700
2013-07-12,32.54999923706055,32.72999954223633,32.4900016784668,32.540000915527344,27.76370620727539,38300
2013-07-15,32.41999816894531,32.86000061035156,32.41999816894531,32.540000915527344,27.76370620727539,23300
2013-07-16,32.61000061035156,32.86000061035156,32.45000076293945,32.529998779296875,27.75517463684082,23600
2013-07-17,32.529998779296875,32.84000015258789,32.43000030517578,32.599998474121094,27.814895629882812,42300
2013-07-18,32.61000061035156,33.709999084472656,32.61000061035156,33.31999969482422,28.429218292236328,41900
2013-07-19,33.33000183105469,33.43000030517578,33.099998474121094,33.189998626708984,28.318294525146484,19000
2013-07-22,33.150001525878906,33.5,33.02000045776367,33.04999923706055,28.198850631713867,55900
2013-07-23,33.959999084472656,33.97999954223633,32.79999923706055,32.91999816894531,28.087932586669922,35900
2013-07-24,32.720001220703125,32.810001373291016,31.399999618530273,31.610000610351562,26.97021484375,44700
2013-07-25,38.959999084472656,38.959999084472656,32.91999816894531,33.11000061035156,28.25003433227539,165600
2013-07-26,32.25,33.33000183105469,32.25,33.2400016784668,28.360960006713867,112600
2013-07-29,33.290000915527344,33.68000030517578,33.0,33.25,28.369489669799805,31300
2013-07-30,33.16999816894531,33.720001220703125,33.13999938964844,33.31999969482422,28.429218292236328,26700
2013-07-31,33.20000076293945,33.29999923706055,32.56999969482422,32.689998626708984,27.89168930053711,52900
2013-08-01,33.0099983215332,33.31999969482422,32.880001068115234,33.150001525878906,28.284170150756836,51100
2013-08-02,32.7400016784668,34.380001068115234,32.63999938964844,33.099998474121094,28.24151039123535,22100
2013-08-05,32.970001220703125,33.849998474121094,32.88999938964844,33.599998474121094,28.668121337890625,20500
2013-08-06,33.619998931884766,33.720001220703125,33.2599983215332,33.36000061035156,28.463348388671875,21800
2013-08-07,33.529998779296875,33.599998474121094,32.900001525878906,33.22999954223633,28.3524227142334,15800
2013-08-08,33.31999969482422,33.709999084472656,33.08000183105469,33.470001220703125,28.55719757080078,20900
2013-08-09,33.650001525878906,34.18000030517578,33.650001525878906,34.0099983215332,29.01793098449707,22100
2013-08-12,33.939998626708984,34.81999969482422,33.939998626708984,34.7400016784668,29.64078712463379,22200
2013-08-13,34.650001525878906,34.650001525878906,33.869998931884766,34.16999816894531,29.154449462890625,24100
2013-08-14,34.290000915527344,34.52000045776367,33.06999969482422,33.790000915527344,28.830230712890625,17900
2013-08-15,33.33000183105469,34.470001220703125,32.880001068115234,33.04999923706055,28.198850631713867,31000
2013-08-16,33.0,33.459999084472656,32.810001373291016,32.9900016784668,28.173227310180664,35000
2013-08-19,33.209999084472656,34.0,33.0,33.650001525878906,28.73686981201172,38400
2013-08-20,33.880001068115234,34.75,33.54999923706055,33.68000030517578,28.762489318847656,15500
2013-08-21,33.66999816894531,33.93000030517578,33.25,33.599998474121094,28.69415855407715,36200
2013-08-22,33.4900016784668,34.45000076293945,33.4900016784668,34.439998626708984,29.411518096923828,14800
2013-08-23,34.41999816894531,34.70000076293945,34.0,34.33000183105469,29.317584991455078,11800
2013-08-26,34.4900016784668,34.529998779296875,33.97999954223633,34.33000183105469,29.317584991455078,28300
2013-08-27,34.06999969482422,34.41999816894531,33.7599983215332,33.9900016784668,29.027219772338867,31900
2013-08-28,34.0,34.95000076293945,33.869998931884766,34.029998779296875,29.061384201049805,19200
2013-08-29,33.7599983215332,34.31999969482422,33.720001220703125,34.2400016784668,29.240720748901367,13300
2013-08-30,34.119998931884766,34.7400016784668,33.650001525878906,34.5099983215332,29.47129249572754,36400
2013-09-03,34.709999084472656,35.0,33.84000015258789,34.83000183105469,29.74458122253418,97900
2013-09-04,34.77000045776367,35.16999816894531,34.439998626708984,35.119998931884766,29.992237091064453,19000
2013-09-05,35.25,35.5,35.06999969482422,35.2400016784668,30.09471321105957,15600
2013-09-06,35.4900016784668,35.5,34.52000045776367,35.0099983215332,29.898292541503906,15700
2013-09-09,35.61000061035156,36.0,35.209999084472656,35.869998931884766,30.632722854614258,40100
2013-09-10,36.2400016784668,36.68000030517578,36.0,36.5,31.170753479003906,30800
2013-09-11,36.58000183105469,37.04999923706055,36.540000915527344,36.630001068115234,31.281757354736328,34400
2013-09-12,36.790000915527344,37.0,36.04999923706055,36.06999969482422,30.803518295288086,46700
2013-09-13,36.060001373291016,36.25,35.79999923706055,36.02000045776367,30.760828018188477,13800
2013-09-16,36.27000045776367,36.290000915527344,35.529998779296875,35.709999084472656,30.496091842651367,21200
2013-09-17,35.83000183105469,35.83000183105469,35.189998626708984,35.380001068115234,30.21426773071289,31900
2013-09-18,35.27000045776367,35.650001525878906,35.0099983215332,35.34000015258789,30.180112838745117,27300
2013-09-19,35.279998779296875,35.40999984741211,34.689998626708984,34.970001220703125,29.8641357421875,33700
2013-09-20,34.86000061035156,35.16999816894531,34.0099983215332,34.52000045776367,29.479839324951172,111100
2013-09-23,34.77000045776367,35.0,34.2599983215332,34.45000076293945,29.420059204101562,39000
2013-09-24,34.2599983215332,35.400001525878906,34.25,35.38999938964844,30.22280502319336,42100
2013-09-25,35.56999969482422,36.5,35.029998779296875,36.279998779296875,30.982868194580078,34000
2013-09-26,35.900001525878906,36.349998474121094,35.81999969482422,36.0099983215332,30.752283096313477,12500
2013-09-27,35.79999923706055,36.06999969482422,35.5099983215332,35.93000030517578,30.683963775634766,21700
2013-09-30,35.75,36.45000076293945,35.38999938964844,36.130001068115234,30.854766845703125,29700
2013-10-01,36.22999954223633,37.209999084472656,35.90999984741211,36.779998779296875,31.409862518310547,33100
2013-10-02,36.630001068115234,36.779998779296875,35.79999923706055,36.060001373291016,30.795001983642578,39500
2013-10-03,36.11000061035156,36.11000061035156,35.08000183105469,35.290000915527344,30.137426376342773,28600
2013-10-04,35.20000076293945,36.619998931884766,35.20000076293945,36.209999084472656,30.923084259033203,30800
2013-10-07,36.18000030517578,36.25,35.7400016784668,35.779998779296875,30.555864334106445,31100
2013-10-08,36.209999084472656,36.25,35.59000015258789,35.66999816894531,30.4619197845459,30300
2013-10-09,35.880001068115234,35.88999938964844,34.560001373291016,34.88999938964844,29.795822143554688,32100
2013-10-10,35.25,36.06999969482422,34.959999084472656,35.91999816894531,30.67542839050293,20200
2013-10-11,35.720001220703125,37.279998779296875,35.65999984741211,37.279998779296875,31.836854934692383,15000
2013-10-14,37.0,38.0,36.36000061035156,37.97999954223633,32.434661865234375,17000
2013-10-15,37.790000915527344,38.0,37.5,37.68000030517578,32.178462982177734,23100
2013-10-16,37.72999954223633,37.939998626708984,37.40999984741211,37.66999816894531,32.16991424560547,17200
2013-10-17,37.650001525878906,38.630001068115234,37.650001525878906,38.2599983215332,32.67378616333008,27500
2013-10-18,38.66999816894531,39.81999969482422,38.47999954223633,39.380001068115234,33.63024139404297,23100
2013-10-21,39.41999816894531,39.66999816894531,38.79999923706055,39.40999984741211,33.655853271484375,26000
2013-10-22,39.40999984741211,39.95000076293945,39.31999969482422,39.59000015258789,33.80957794189453,21200
2013-10-23,39.529998779296875,39.7599983215332,39.130001068115234,39.380001068115234,33.63024139404297,34600
2013-10-24,39.349998474121094,39.5,38.400001525878906,39.119998931884766,33.408199310302734,47100
2013-10-25,40.0,41.939998626708984,38.66999816894531,39.0,33.30573272705078,128800
2013-10-28,38.75,39.130001068115234,37.33000183105469,38.040000915527344,32.485897064208984,49600
2013-10-29,38.040000915527344,38.290000915527344,37.689998626708984,38.040000915527344,32.485897064208984,51400
2013-10-30,38.119998931884766,38.119998931884766,36.52000045776367,36.650001525878906,31.298837661743164,67300
2013-10-31,36.4900016784668,37.77000045776367,36.4900016784668,36.810001373291016,31.43548011779785,79900
2013-11-01,36.72999954223633,36.72999954223633,35.93000030517578,36.52000045776367,31.187824249267578,43200
2013-11-04,36.959999084472656,38.58000183105469,36.58000183105469,37.93000030517578,32.39194107055664,24700
2013-11-05,37.86000061035156,37.900001525878906,36.2599983215332,36.470001220703125,31.145126342773438,18800
2013-11-06,36.63999938964844,37.38999938964844,36.2599983215332,36.369998931884766,31.05972671508789,60700
2013-11-07,37.900001525878906,38.22999954223633,36.849998474121094,37.20000076293945,31.76854133605957,76600
2013-11-08,37.189998626708984,38.25,35.849998474121094,36.16999816894531,30.888935089111328,40800
2013-11-11,36.189998626708984,36.54999923706055,35.779998779296875,36.22999954223633,30.940162658691406,11000
2013-11-12,36.27000045776367,36.27000045776367,35.75,36.0099983215332,30.752283096313477,12500
2013-11-13,35.68000030517578,37.400001525878906,35.5,37.150001525878906,31.7258358001709,80400
2013-11-14,37.02000045776367,37.65999984741211,36.31999969482422,36.58000183105469,31.23906707763672,28700
2013-11-15,36.40999984741211,37.189998626708984,35.900001525878906,36.7599983215332,31.41854476928711,37400
2013-11-18,36.9900016784668,37.22999954223633,34.06999969482422,35.0,29.914283752441406,93400
2013-11-19,34.90999984741211,36.34000015258789,34.4900016784668,35.29999923706055,30.170690536499023,72200
2013-11-20,35.34000015258789,36.38999938964844,34.56999969482422,34.97999954223633,29.897188186645508,108800
2013-11-21,34.9900016784668,36.599998474121094,34.75,36.56999969482422,31.25615692138672,39900
2013-11-22,36.72999954223633,36.7400016784668,36.02000045776367,36.29999923706055,31.025390625,19100
2013-11-25,36.54999923706055,36.709999084472656,35.7400016784668,36.599998474121094,31.28179359436035,35600
2013-11-26,36.540000915527344,38.08000183105469,36.2400016784668,37.13999938964844,31.743322372436523,50200
2013-11-27,37.13999938964844,37.63999938964844,37.13999938964844,37.56999969482422,32.1108512878418,17600
2013-11-29,37.84000015258789,37.84000015258789,37.2599983215332,37.380001068115234,31.948463439941406,6500
2013-12-02,37.02000045776367,37.02000045776367,35.75,36.349998474121094,31.068124771118164,17400
2013-12-03,36.18000030517578,36.59000015258789,36.06999969482422,36.27000045776367,30.9997501373291,12600
2013-12-04,36.18000030517578,37.0,35.5,35.880001068115234,30.666412353515625,16300
2013-12-05,35.959999084472656,36.59000015258789,35.529998779296875,36.060001373291016,30.820266723632812,13400
2013-12-06,36.5,36.9900016784668,36.16999816894531,36.70000076293945,31.367271423339844,10000
2013-12-09,37.0,37.0,36.279998779296875,36.529998779296875,31.22197914123535,21100
2013-12-10,36.41999816894531,36.70000076293945,36.0,36.25,30.982664108276367,25300
2013-12-11,36.41999816894531,36.59000015258789,35.79999923706055,36.29999923706055,31.025390625,27400
2013-12-12,36.06999969482422,36.79999923706055,36.06999969482422,36.5,31.196325302124023,16800
2013-12-13,36.619998931884766,36.77000045776367,36.25,36.25,30.982664108276367,19300
2013-12-16,36.4900016784668,37.0,36.25,36.459999084472656,31.16213607788086,18500
2013-12-17,36.25,36.400001525878906,36.060001373291016,36.279998779296875,31.008289337158203,47100
2013-12-18,36.25,36.5,36.0,36.29999923706055,31.025390625,52000
2013-12-19,36.36000061035156,36.4900016784668,36.0,36.060001373291016,30.820266723632812,18500
2013-12-20,32.95000076293945,36.29999923706055,32.95000076293945,36.09000015258789,30.845901489257812,74000
2013-12-23,36.099998474121094,37.25,35.880001068115234,37.0,31.623674392700195,51900
2013-12-24,37.06999969482422,37.45000076293945,36.5,37.40999984741211,31.974098205566406,4700
2013-12-26,37.68000030517578,37.68000030517578,36.79999923706055,36.900001525878906,31.538196563720703,8200
2013-12-27,37.06999969482422,37.06999969482422,36.0099983215332,36.58000183105469,31.264711380004883,20100
2013-12-30,36.36000061035156,36.83000183105469,35.209999084472656,35.400001525878906,30.25617027282715,81300
2013-12-31,35.66999816894531,36.5,35.66999816894531,36.290000915527344,31.016843795776367,27200
2014-01-02,36.11000061035156,36.11000061035156,34.25,34.970001220703125,29.888643264770508,39500
2014-01-03,34.90999984741211,36.0,34.08000183105469,35.56999969482422,30.401464462280273,78300
2014-01-06,35.79999923706055,35.79999923706055,34.119998931884766,34.45000076293945,29.444202423095703,34300
2014-01-07,34.470001220703125,35.31999969482422,34.099998474121094,35.09000015258789,29.991209030151367,27200
2014-01-08,34.959999084472656,35.2400016784668,34.0099983215332,35.029998779296875,29.93992805480957,18500
2014-01-09,35.25,36.40999984741211,35.25,35.9900016784668,30.760427474975586,25800
2014-01-10,36.06999969482422,36.970001220703125,35.7400016784668,36.34000015258789,31.059568405151367,17600
2014-01-13,35.84000015258789,35.84000015258789,34.310001373291016,34.88999938964844,29.820268630981445,25400
2014-01-14,34.88999938964844,35.79999923706055,34.619998931884766,35.720001220703125,30.5296630859375,11900
2014-01-15,35.66999816894531,36.290000915527344,35.369998931884766,35.56999969482422,30.401464462280273,11700
2014-01-16,36.400001525878906,36.599998474121094,35.36000061035156,36.58000183105469,31.264711380004883,23500
2014-01-17,36.43000030517578,36.43000030517578,35.7400016784668,35.75,30.55530548095703,9900
2014-01-21,36.09000015258789,36.56999969482422,35.27000045776367,36.43000030517578,31.136503219604492,29200
2014-01-22,36.400001525878906,37.22999954223633,36.040000915527344,36.810001373291016,31.461275100708008,10800
2014-01-23,36.7599983215332,36.79999923706055,36.2599983215332,36.45000076293945,31.153593063354492,20900
2014-01-24,36.06999969482422,36.650001525878906,35.650001525878906,36.2599983215332,30.991207122802734,49800
2014-01-27,36.119998931884766,36.79999923706055,35.25,35.790000915527344,30.589496612548828,35100
2014-01-28,35.79999923706055,36.279998779296875,35.45000076293945,36.0,30.76898956298828,27900
2014-01-29,35.47999954223633,35.9900016784668,35.40999984741211,35.5,30.341629028320312,26000
2014-01-30,35.619998931884766,36.79999923706055,35.5,35.95000076293945,30.72624969482422,33300
2014-01-31,34.75,35.900001525878906,33.470001220703125,35.709999084472656,30.5211181640625,66300
2014-02-03,35.43000030517578,35.43000030517578,34.060001373291016,34.29999923706055,29.31599998474121,74500
2014-02-04,34.279998779296875,34.959999084472656,33.68000030517578,34.52000045776367,29.504030227661133,28400
2014-02-05,34.150001525878906,34.29999923706055,33.47999954223633,33.77000045776367,28.863012313842773,92300
2014-02-06,33.77000045776367,34.09000015258789,33.54999923706055,34.09000015258789,29.136512756347656,17300
2014-02-07,34.130001068115234,34.150001525878906,33.0,34.029998779296875,29.08523941040039,20900
2014-02-10,33.900001525878906,34.189998626708984,33.470001220703125,34.18000030517578,29.21343421936035,41500
2014-02-11,34.09000015258789,34.369998931884766,33.869998931884766,34.310001373291016,29.324560165405273,16300
2014-02-12,34.18000030517578,35.16999816894531,34.18000030517578,34.439998626708984,29.43565559387207,18400
2014-02-13,34.41999816894531,35.5,34.41999816894531,35.5,30.341629028320312,10700
2014-02-14,35.56999969482422,35.56999969482422,34.4900016784668,34.59000015258789,29.563867568969727,18000
2014-02-18,34.5099983215332,34.86000061035156,34.41999816894531,34.61000061035156,29.58095359802246,14700
2014-02-19,34.38999938964844,35.290000915527344,34.099998474121094,34.22999954223633,29.256174087524414,218900
2014-02-20,33.900001525878906,35.810001373291016,33.900001525878906,35.630001068115234,30.452756881713867,9800
2014-02-21,35.86000061035156,36.0,35.040000915527344,35.36000061035156,30.221969604492188,18800
2014-02-24,35.25,35.779998779296875,34.33000183105469,34.880001068115234,29.81173324584961,44900
2014-02-25,33.779998779296875,35.18000030517578,33.599998474121094,34.68000030517578,29.674816131591797,51300
2014-02-26,34.81999969482422,35.9900016784668,33.869998931884766,34.040000915527344,29.12718391418457,34000
2014-02-27,33.810001373291016,35.439998626708984,33.810001373291016,34.900001525878906,29.863067626953125,120800
2014-02-28,35.02000045776367,35.43000030517578,34.220001220703125,34.77000045776367,29.7518310546875,37100
2014-03-03,34.58000183105469,34.779998779296875,34.18000030517578,34.709999084472656,29.700483322143555,38200
2014-03-04,34.91999816894531,36.310001373291016,34.91999816894531,35.83000183105469,30.658845901489258,51000
2014-03-05,35.689998626708984,36.290000915527344,35.38999938964844,35.959999084472656,30.770082473754883,23200
2014-03-06,35.86000061035156,36.540000915527344,35.34000015258789,36.04999923706055,30.847095489501953,18400
2014-03-07,36.369998931884766,36.47999954223633,35.900001525878906,36.290000915527344,31.05245590209961,22800
2014-03-10,36.09000015258789,36.29999923706055,35.31999969482422,36.29999923706055,31.06101417541504,9400
2014-03-11,36.209999084472656,36.209999084472656,35.25,35.349998474121094,30.248123168945312,19800
2014-03-12,35.16999816894531,35.349998474121094,34.290000915527344,35.349998474121094,30.248123168945312,12100
2014-03-13,35.150001525878906,35.16999816894531,34.68000030517578,34.7599983215332,29.74327278137207,6500
2014-03-14,34.75,35.209999084472656,34.189998626708984,34.79999923706055,29.777496337890625,12900
2014-03-17,35.06999969482422,35.689998626708984,34.84000015258789,34.84000015258789,29.81171989440918,14000
2014-03-18,35.04999923706055,35.939998626708984,35.040000915527344,35.72999954223633,30.573270797729492,11900
2014-03-19,35.59000015258789,36.2400016784668,34.59000015258789,34.869998931884766,29.837390899658203,17500
2014-03-20,34.7599983215332,35.099998474121094,34.02000045776367,34.2599983215332,29.3154296875,6700
2014-03-21,34.36000061035156,34.9900016784668,34.34000015258789,34.63999938964844,29.640586853027344,19300
2014-03-24,34.61000061035156,34.68000030517578,33.33000183105469,34.56999969482422,29.580692291259766,36100
2014-03-25,34.63999938964844,35.5,33.7599983215332,35.209999084472656,30.128324508666992,15000
2014-03-26,35.47999954223633,35.47999954223633,33.84000015258789,33.959999084472656,29.058731079101562,20800
2014-03-27,33.290000915527344,33.959999084472656,33.0,33.09000015258789,28.314289093017578,10300
2014-03-28,33.0099983215332,33.689998626708984,31.329999923706055,31.790000915527344,27.201921463012695,25000
2014-03-31,31.93000030517578,32.560001373291016,30.229999542236328,31.850000381469727,27.253253936767578,56200
2014-04-01,31.93000030517578,32.349998474121094,31.190000534057617,32.130001068115234,27.492847442626953,88400
2014-04-02,32.310001373291016,32.650001525878906,31.690000534057617,32.619998931884766,27.91212272644043,20600
2014-04-03,32.599998474121094,33.41999816894531,32.119998931884766,33.16999816894531,28.38275146484375,39200
2014-04-04,33.220001220703125,33.220001220703125,31.190000534057617,32.11000061035156,27.47573471069336,42100
2014-04-07,32.09000015258789,32.5,31.600000381469727,31.8700008392334,27.270370483398438,23700
2014-04-08,32.02000045776367,33.099998474121094,31.8700008392334,32.220001220703125,27.569854736328125,13800
2014-04-09,32.43000030517578,32.91999816894531,32.06999969482422,32.689998626708984,27.972021102905273,18700
2014-04-10,32.349998474121094,32.470001220703125,32.0,32.40999984741211,27.73243522644043,29500
2014-04-11,31.989999771118164,32.65999984741211,31.510000228881836,31.920000076293945,27.313154220581055,28300
2014-04-14,32.369998931884766,32.38999938964844,31.059999465942383,31.459999084472656,26.91953468322754,17200
2014-04-15,31.469999313354492,31.469999313354492,30.100000381469727,30.969999313354492,26.500259399414062,18600
2014-04-16,31.239999771118164,31.530000686645508,30.639999389648438,31.280000686645508,26.765518188476562,4800
2014-04-17,31.219999313354492,31.600000381469727,31.06999969482422,31.200000762939453,26.697065353393555,13300
2014-04-21,31.110000610351562,31.65999984741211,31.06999969482422,31.5,26.95376968383789,13600
2014-04-22,31.420000076293945,31.68000030517578,31.15999984741211,31.469999313354492,26.928096771240234,30900
2014-04-23,31.290000915527344,32.09000015258789,30.700000762939453,30.860000610351562,26.406143188476562,53200
2014-04-24,30.809999465942383,31.049999237060547,29.90999984741211,30.149999618530273,25.79861068725586,22600
2014-04-25,29.950000762939453,30.600000381469727,28.40999984741211,29.979999542236328,25.65314483642578,26300
2014-04-28,29.979999542236328,30.700000762939453,29.690000534057617,30.010000228881836,25.678813934326172,50400
2014-04-29,29.899999618530273,30.25,29.3700008392334,30.1299991607666,25.781492233276367,28800
2014-04-30,30.149999618530273,30.149999618530273,29.110000610351562,29.84000015258789,25.533348083496094,26600
2014-05-01,29.65999984741211,29.65999984741211,28.040000915527344,28.579999923706055,24.4552001953125,40800
2014-05-02,28.559999465942383,29.649999618530273,28.3799991607666,29.520000457763672,25.25953483581543,30600
2014-05-05,29.170000076293945,29.68000030517578,28.950000762939453,29.559999465942383,25.293758392333984,19100
2014-05-06,29.5,29.5,28.209999084472656,28.25,24.172822952270508,29500
2014-05-07,28.200000762939453,28.729999542236328,28.0,28.639999389648438,24.50653648376465,23700
2014-05-08,28.719999313354492,28.959999084472656,27.809999465942383,27.90999984741211,23.881895065307617,30600
2014-05-09,27.770000457763672,28.850000381469727,27.770000457763672,28.68000030517578,24.54076385498047,24200
2014-05-12,28.81999969482422,29.200000762939453,28.579999923706055,28.81999969482422,24.660558700561523,41900
2014-05-13,27.780000686645508,28.649999618530273,26.200000762939453,28.0,23.958904266357422,213900
2014-05-14,28.020000457763672,28.100000381469727,27.6200008392334,27.739999771118164,23.736433029174805,43800
2014-05-15,27.559999465942383,27.760000228881836,27.100000381469727,27.610000610351562,23.625194549560547,53600
2014-05-16,27.510000228881836,27.75,27.43000030517578,27.68000030517578,23.685094833374023,23100
2014-05-19,27.520000457763672,27.799999237060547,27.5,27.6200008392334,23.633750915527344,54100
2014-05-20,27.579999923706055,27.6299991607666,26.56999969482422,26.729999542236328,22.8721981048584,259300
2014-05-21,26.93000030517578,27.399999618530273,26.93000030517578,27.280000686645508,23.342819213867188,33500
2014-05-22,27.399999618530273,27.520000457763672,27.25,27.25,23.317150115966797,20500
2014-05-23,27.25,27.59000015258789,27.209999084472656,27.350000381469727,23.402721405029297,42600
2014-05-27,27.479999542236328,28.0,27.360000610351562,27.899999618530273,23.873336791992188,184300
2014-05-28,28.010000228881836,28.40999984741211,27.799999237060547,28.079999923706055,24.02735710144043,49400
2014-05-29,27.760000228881836,28.700000762939453,27.75,28.25,24.172822952270508,36300
2014-05-30,27.739999771118164,29.899999618530273,27.200000762939453,29.799999237060547,25.499116897583008,78800
2014-06-02,30.020000457763672,30.579999923706055,29.68000030517578,30.100000381469727,25.755823135375977,88400
2014-06-03,30.0,30.780000686645508,29.8700008392334,30.780000686645508,26.337682723999023,89100
2014-06-04,30.799999237060547,30.850000381469727,30.559999465942383,30.799999237060547,26.354795455932617,63700
2014-06-05,30.950000762939453,32.90999984741211,30.829999923706055,32.779998779296875,28.049034118652344,67500
2014-06-06,33.04999923706055,33.310001373291016,32.86000061035156,33.16999816894531,28.38275146484375,44500
2014-06-09,33.130001068115234,33.630001068115234,33.130001068115234,33.599998474121094,28.750686645507812,28700
2014-06-10,33.29999923706055,33.5099983215332,33.11000061035156,33.27000045776367,28.502241134643555,53000
2014-06-11,33.119998931884766,33.369998931884766,33.08000183105469,33.150001525878906,28.399446487426758,37600
2014-06-12,33.130001068115234,33.25,32.959999084472656,33.119998931884766,28.37373924255371,44600
2014-06-13,33.290000915527344,34.0,32.880001068115234,33.810001373291016,28.964862823486328,51700
2014-06-16,33.59000015258789,34.029998779296875,33.02000045776367,33.29999923706055,28.527942657470703,33700
2014-06-17,33.130001068115234,34.119998931884766,33.130001068115234,33.790000915527344,28.947725296020508,27800
2014-06-18,33.70000076293945,34.13999938964844,33.06999969482422,33.33000183105469,28.553651809692383,27500
2014-06-19,33.34000015258789,33.439998626708984,33.08000183105469,33.34000015258789,28.562211990356445,15600
2014-06-20,33.619998931884766,33.939998626708984,33.5,33.779998779296875,28.939163208007812,70600
2014-06-23,33.70000076293945,33.70000076293945,33.27000045776367,33.540000915527344,28.733551025390625,15100
2014-06-24,33.4900016784668,33.619998931884766,33.13999938964844,33.2599983215332,28.493671417236328,40000
2014-06-25,33.02000045776367,33.56999969482422,33.02000045776367,33.470001220703125,28.673583984375,41500
2014-06-26,33.38999938964844,33.61000061035156,33.11000061035156,33.4900016784668,28.69072151184082,16600
2014-06-27,33.220001220703125,34.470001220703125,33.119998931884766,34.38999938964844,29.461734771728516,41400
2014-06-30,34.16999816894531,34.880001068115234,33.70000076293945,34.810001373291016,29.82155990600586,60600
2014-07-01,34.869998931884766,35.27000045776367,34.709999084472656,34.900001525878906,29.898662567138672,42600
2014-07-02,34.7400016784668,35.20000076293945,34.7400016784668,35.11000061035156,30.078563690185547,27200
2014-07-03,35.060001373291016,35.349998474121094,34.86000061035156,35.310001373291016,30.249895095825195,19900
2014-07-07,35.11000061035156,35.11000061035156,34.130001068115234,34.279998779296875,29.36750030517578,22500
2014-07-08,34.09000015258789,34.11000061035156,33.54999923706055,34.040000915527344,29.16189956665039,35300
2014-07-09,34.220001220703125,34.2400016784668,33.810001373291016,33.97999954223633,29.11050033569336,15900
2014-07-10,33.20000076293945,33.33000183105469,32.77000045776367,33.220001220703125,28.45941162109375,23500
2014-07-11,33.09000015258789,33.90999984741211,33.060001373291016,33.66999816894531,28.844926834106445,30300
2014-07-14,34.0,34.20000076293945,33.400001525878906,34.06999969482422,29.187591552734375,31700
2014-07-15,33.93000030517578,33.93000030517578,33.06999969482422,33.33000183105469,28.553651809692383,19200
2014-07-16,33.38999938964844,33.38999938964844,32.349998474121094,32.4900016784668,27.834028244018555,18400
2014-07-17,32.16999816894531,32.29999923706055,31.239999771118164,31.530000686645508,27.0115966796875,16100
2014-07-18,31.420000076293945,32.189998626708984,31.420000076293945,32.13999938964844,27.5341796875,20000
2014-07-21,31.799999237060547,31.8700008392334,31.239999771118164,31.31999969482422,26.831689834594727,22400
2014-07-22,31.440000534057617,31.989999771118164,31.270000457763672,31.93000030517578,27.354270935058594,38300
2014-07-23,31.899999618530273,32.130001068115234,31.709999084472656,32.029998779296875,27.439945220947266,19400
2014-07-24,31.959999084472656,32.029998779296875,30.950000762939453,31.3700008392334,26.874528884887695,22900
2014-07-25,31.0,31.010000228881836,30.350000381469727,30.520000457763672,26.14633560180664,14300
2014-07-28,30.149999618530273,30.350000381469727,29.270000457763672,30.1200008392334,25.803653717041016,27600
2014-07-29,30.059999465942383,30.6200008392334,30.059999465942383,30.5,26.12920570373535,17700
2014-07-30,30.760000228881836,31.489999771118164,30.5,31.360000610351562,26.865957260131836,35400
2014-07-31,30.809999465942383,30.889999389648438,29.75,30.15999984741211,25.837923049926758,49400
2014-08-01,30.260000228881836,30.450000762939453,29.850000381469727,30.280000686645508,25.940731048583984,24300
2014-08-04,30.219999313354492,30.43000030517578,30.09000015258789,30.280000686645508,25.940731048583984,27600
2014-08-05,30.049999237060547,30.260000228881836,29.520000457763672,29.899999618530273,25.615182876586914,35400
2014-08-06,29.809999465942383,30.350000381469727,29.809999465942383,30.110000610351562,25.795089721679688,19100
2014-08-07,30.1299991607666,30.260000228881836,29.84000015258789,29.989999771118164,25.692289352416992,19800
2014-08-08,29.989999771118164,30.68000030517578,29.84000015258789,30.329999923706055,25.98356056213379,20000
2014-08-11,30.649999618530273,30.81999969482422,30.239999771118164,30.719999313354492,26.317670822143555,40600
2014-08-12,30.5,30.56999969482422,29.829999923706055,30.190000534057617,25.863618850708008,35100
2014-08-13,30.360000610351562,30.360000610351562,30.059999465942383,30.09000015258789,25.7779541015625,16500
2014-08-14,30.309999465942383,30.309999465942383,29.889999389648438,30.100000381469727,25.786521911621094,24400
2014-08-15,30.450000762939453,30.450000762939453,29.6299991607666,30.040000915527344,25.735118865966797,36100
2014-08-18,30.329999923706055,30.5,30.100000381469727,30.219999313354492,25.923843383789062,18500
2014-08-19,30.209999084472656,30.65999984741211,30.209999084472656,30.34000015258789,26.026784896850586,20200
2014-08-20,30.020000457763672,30.219999313354492,29.8700008392334,30.049999237060547,25.778011322021484,27300
2014-08-21,30.020000457763672,30.559999465942383,29.8700008392334,30.25,25.9495792388916,23500
2014-08-22,30.3799991607666,30.719999313354492,29.940000534057617,29.979999542236328,25.71796226501465,38300
2014-08-25,30.040000915527344,30.420000076293945,29.950000762939453,30.149999618530273,25.863798141479492,36200
2014-08-26,30.25,30.520000457763672,29.989999771118164,30.1200008392334,25.83806037902832,43200
2014-08-27,29.979999542236328,30.420000076293945,29.969999313354492,30.270000457763672,25.96673583984375,13100
2014-08-28,30.1200008392334,30.350000381469727,29.989999771118164,30.239999771118164,25.94099998474121,15700
2014-08-29,30.329999923706055,30.68000030517578,30.18000030517578,30.559999465942383,26.215513229370117,13200
2014-09-02,30.639999389648438,31.719999313354492,30.639999389648438,31.5,27.021879196166992,38000
2014-09-03,31.6200008392334,31.729999542236328,30.280000686645508,30.329999923706055,26.018207550048828,24300
2014-09-04,30.5,31.200000762939453,30.170000076293945,30.989999771118164,26.58438491821289,37900
2014-09-05,30.799999237060547,31.06999969482422,30.610000610351562,30.920000076293945,26.524333953857422,16300
2014-09-08,30.93000030517578,31.010000228881836,30.479999542236328,30.739999771118164,26.369924545288086,22400
2014-09-09,30.700000762939453,30.809999465942383,30.170000076293945,30.440000534057617,26.112571716308594,34900
2014-09-10,30.389999389648438,30.850000381469727,29.90999984741211,30.780000686645508,26.40423583984375,38000
2014-09-11,30.690000534057617,31.239999771118164,30.530000686645508,31.1200008392334,26.695899963378906,34100
2014-09-12,31.219999313354492,31.6299991607666,30.610000610351562,31.399999618530273,26.93609619140625,27400
2014-09-15,31.270000457763672,31.270000457763672,30.479999542236328,30.68000030517578,26.318452835083008,21200
2014-09-16,30.559999465942383,31.959999084472656,30.540000915527344,31.360000610351562,26.90178108215332,30100
2014-09-17,31.350000381469727,31.729999542236328,31.15999984741211,31.389999389648438,26.927513122558594,34000
2014-09-18,31.59000015258789,32.15999984741211,31.25,31.979999542236328,27.433635711669922,40600
2014-09-19,32.09000015258789,32.45000076293945,30.969999313354492,31.309999465942383,26.858888626098633,63000
2014-09-22,31.030000686645508,31.079999923706055,30.18000030517578,30.219999313354492,25.923843383789062,29700
2014-09-23,30.190000534057617,30.670000076293945,30.020000457763672,30.280000686645508,25.975317001342773,37600
2014-09-24,30.43000030517578,30.610000610351562,29.780000686645508,30.010000228881836,25.743696212768555,70100
2014-09-25,30.040000915527344,30.040000915527344,27.989999771118164,28.770000457763672,24.679977416992188,106000
2014-09-26,28.969999313354492,29.18000030517578,27.989999771118164,29.030000686645508,24.903011322021484,75000
2014-09-29,28.530000686645508,29.25,28.530000686645508,29.09000015258789,24.954486846923828,37400
2014-09-30,29.15999984741211,29.280000686645508,28.729999542236328,28.75,24.662818908691406,39800
2014-10-01,28.889999389648438,28.889999389648438,28.190000534057617,28.75,24.662818908691406,49600
2014-10-02,28.829999923706055,29.389999389648438,28.829999923706055,29.260000228881836,25.100317001342773,57700
2014-10-03,29.899999618530273,29.899999618530273,29.200000762939453,29.299999237060547,25.134632110595703,34700
2014-10-06,29.450000762939453,29.709999084472656,29.06999969482422,29.5,25.30620574951172,39700
2014-10-07,29.200000762939453,29.59000015258789,29.0,29.25,25.09174346923828,46200
2014-10-08,29.270000457763672,30.040000915527344,28.6200008392334,29.739999771118164,25.51207733154297,55300
2014-10-09,29.799999237060547,29.850000381469727,29.3799991607666,29.510000228881836,25.314781188964844,44600
2014-10-10,29.280000686645508,30.540000915527344,29.280000686645508,30.110000610351562,25.829479217529297,73300
2014-10-13,30.270000457763672,30.670000076293945,29.829999923706055,29.93000030517578,25.67507553100586,44400
2014-10-14,30.170000076293945,30.510000228881836,29.709999084472656,29.729999542236328,25.50350570678711,46900
2014-10-15,29.469999313354492,30.170000076293945,29.34000015258789,30.059999465942383,25.786588668823242,52200
2014-10-16,29.690000534057617,31.18000030517578,29.579999923706055,30.989999771118164,26.58438491821289,27500
2014-10-17,31.459999084472656,31.459999084472656,29.950000762939453,30.010000228881836,25.743696212768555,24700
2014-10-20,30.040000915527344,30.670000076293945,30.030000686645508,30.670000076293945,26.309871673583984,32700
2014-10-21,30.969999313354492,31.360000610351562,30.690000534057617,31.290000915527344,26.84172821044922,29400
2014-10-22,31.270000457763672,31.350000381469727,30.790000915527344,30.84000015258789,26.45570182800293,32600
2014-10-23,31.239999771118164,31.670000076293945,30.8700008392334,31.040000915527344,26.627273559570312,31100
2014-10-24,31.139999389648438,31.170000076293945,30.239999771118164,30.530000686645508,26.18977165222168,49900
2014-10-27,30.40999984741211,30.760000228881836,30.0,30.75,26.37849998474121,22800
2014-10-28,30.850000381469727,32.77000045776367,30.850000381469727,32.7400016784668,28.085599899291992,40000
2014-10-29,34.099998474121094,34.650001525878906,30.850000381469727,32.150001525878906,27.57947540283203,99600
2014-10-30,31.93000030517578,33.0099983215332,30.93000030517578,32.77000045776367,28.111328125,94400
2014-10-31,33.45000076293945,33.58000183105469,32.119998931884766,33.5,28.737552642822266,39100
2014-11-03,33.61000061035156,34.290000915527344,33.25,33.650001525878906,28.866226196289062,33300
2014-11-04,33.459999084472656,33.61000061035156,32.83000183105469,33.02000045776367,28.325782775878906,18800
2014-11-05,32.900001525878906,33.63999938964844,32.900001525878906,33.349998474121094,28.608875274658203,21200
2014-11-06,33.189998626708984,33.290000915527344,32.91999816894531,33.20000076293945,28.480199813842773,18900
2014-11-07,33.65999984741211,33.790000915527344,33.040000915527344,33.689998626708984,28.900541305541992,21800
2014-11-10,33.599998474121094,34.040000915527344,33.279998779296875,33.97999954223633,29.14931297302246,27800
2014-11-11,33.849998474121094,34.25,32.77000045776367,33.2599983215332,28.531667709350586,34700
2014-11-12,33.18000030517578,34.18000030517578,32.95000076293945,34.04999923706055,29.209367752075195,25900
2014-11-13,33.95000076293945,34.400001525878906,33.58000183105469,33.689998626708984,28.900541305541992,44000
2014-11-14,33.849998474121094,34.29999923706055,33.83000183105469,34.220001220703125,29.355194091796875,23800
2014-11-17,33.959999084472656,34.18000030517578,32.5,32.54999923706055,27.955286026000977,21900
2014-11-18,32.75,33.439998626708984,32.59000015258789,32.720001220703125,28.10129165649414,36200
2014-11-19,32.5,32.790000915527344,31.170000076293945,31.649999618530273,27.182327270507812,22500
2014-11-20,31.600000381469727,32.060001373291016,31.600000381469727,31.959999084472656,27.448566436767578,16100
2014-11-21,32.52000045776367,32.52000045776367,31.559999465942383,31.68000030517578,27.20808982849121,27200
2014-11-24,31.639999389648438,32.04999923706055,31.639999389648438,32.040000915527344,27.51727294921875,24100
2014-11-25,31.84000015258789,32.65999984741211,31.700000762939453,32.380001068115234,27.809280395507812,30300
2014-11-26,32.349998474121094,32.36000061035156,31.25,31.440000534057617,27.00197410583496,12900
2014-11-28,31.239999771118164,31.239999771118164,30.079999923706055,30.3700008392334,26.083011627197266,19300
2014-12-01,30.399999618530273,30.40999984741211,28.610000610351562,29.229999542236328,25.10392951965332,73400
2014-12-02,28.790000915527344,29.190000534057617,28.790000915527344,29.0,24.906396865844727,29100
2014-12-03,28.600000381469727,30.040000915527344,28.559999465942383,29.75,25.55052375793457,94300
2014-12-04,29.719999313354492,29.90999984741211,29.1299991607666,29.170000076293945,25.052398681640625,25000
2014-12-05,29.139999389648438,30.079999923706055,28.780000686645508,29.709999084472656,25.51617431640625,93000
2014-12-08,29.700000762939453,29.93000030517578,29.25,29.639999389648438,25.456056594848633,27800
2014-12-09,29.450000762939453,31.440000534057617,29.450000762939453,31.299999237060547,26.88172721862793,39700
2014-12-10,30.889999389648438,31.06999969482422,29.139999389648438,29.350000381469727,25.206993103027344,36800
2014-12-11,29.6299991607666,29.989999771118164,29.049999237060547,29.329999923706055,25.1898136138916,25400
2014-12-12,28.8799991607666,29.479999542236328,28.649999618530273,29.010000228881836,24.91498565673828,34900
2014-12-15,29.1200008392334,29.1200008392334,26.809999465942383,27.09000015258789,23.266014099121094,84700
2014-12-16,27.079999923706055,27.479999542236328,26.059999465942383,26.229999542236328,22.52740478515625,80300
2014-12-17,26.670000076293945,27.100000381469727,26.3700008392334,26.989999771118164,23.180126190185547,86000
2014-12-18,27.229999542236328,27.65999984741211,26.760000228881836,26.969999313354492,23.16294288635254,66000
2014-12-19,26.799999237060547,27.18000030517578,26.530000686645508,26.610000610351562,22.853761672973633,62400
2014-12-22,26.799999237060547,27.059999465942383,26.3799991607666,26.6299991607666,22.87094497680664,22200
2014-12-23,26.639999389648438,27.600000381469727,26.639999389648438,27.540000915527344,23.65248680114746,36100
2014-12-24,27.799999237060547,28.399999618530273,27.399999618530273,27.790000915527344,23.86720085144043,15800
2014-12-26,28.010000228881836,28.40999984741211,27.790000915527344,28.1299991607666,24.159202575683594,10600
2014-12-29,28.270000457763672,28.639999389648438,28.209999084472656,28.450000762939453,24.43403434753418,28400
2014-12-30,28.450000762939453,28.5,28.200000762939453,28.209999084472656,24.2279109954834,25200
2014-12-31,28.1200008392334,29.190000534057617,28.1200008392334,28.770000457763672,24.7088623046875,60000
2015-01-02,28.81999969482422,28.860000610351562,27.8799991607666,27.969999313354492,24.02178955078125,39800
2015-01-05,27.75,27.780000686645508,27.0,27.290000915527344,23.437780380249023,35100
2015-01-06,27.270000457763672,27.270000457763672,25.829999923706055,26.309999465942383,22.596113204956055,32700
2015-01-07,26.3799991607666,26.3799991607666,25.549999237060547,25.940000534057617,22.278343200683594,26800
2015-01-08,25.979999542236328,26.25,25.81999969482422,26.0,22.32987403869629,32200
2015-01-09,25.850000381469727,26.030000686645508,25.6200008392334,25.780000686645508,22.140928268432617,42100
2015-01-12,25.510000228881836,26.0,25.270000457763672,25.729999542236328,22.097990036010742,41200
2015-01-13,26.06999969482422,26.350000381469727,25.1299991607666,25.3799991607666,21.797393798828125,49600
2015-01-14,25.15999984741211,26.010000228881836,25.15999984741211,25.690000534057617,22.063629150390625,22700
2015-01-15,25.81999969482422,25.81999969482422,24.510000228881836,24.989999771118164,21.462446212768555,35000
2015-01-16,24.860000610351562,25.09000015258789,24.600000381469727,24.75,21.256322860717773,27900
2015-01-20,24.829999923706055,24.829999923706055,23.969999313354492,24.280000686645508,20.8526611328125,33800
2015-01-21,24.110000610351562,24.459999084472656,23.639999389648438,24.100000381469727,20.698076248168945,45000
2015-01-22,24.260000228881836,24.360000610351562,23.93000030517578,24.25,20.82689666748047,52200
2015-01-23,24.110000610351562,24.440000534057617,23.600000381469727,23.700000762939453,20.354543685913086,32500
2015-01-26,23.770000457763672,24.190000534057617,23.75,23.989999771118164,20.603605270385742,43500
2015-01-27,23.770000457763672,23.770000457763672,22.889999389648438,23.100000381469727,19.8392333984375,40300
2015-01-28,23.139999389648438,23.139999389648438,22.170000076293945,22.360000610351562,19.203693389892578,44100
2015-01-29,22.540000915527344,23.229999542236328,22.329999923706055,23.139999389648438,19.873586654663086,97500
2015-01-30,24.0,25.760000228881836,20.579999923706055,20.690000534057617,17.76942253112793,194300
2015-02-02,21.100000381469727,21.479999542236328,20.760000228881836,21.079999923706055,18.1043758392334,151500
2015-02-03,21.100000381469727,22.149999618530273,21.100000381469727,21.809999465942383,18.731327056884766,208200
2015-02-04,21.760000228881836,22.100000381469727,21.31999969482422,21.440000534057617,18.41356086730957,127200
2015-02-05,21.579999923706055,22.020000457763672,21.579999923706055,21.690000534057617,18.628263473510742,104500
2015-02-06,21.809999465942383,24.030000686645508,21.809999465942383,23.280000686645508,19.993825912475586,257600
2015-02-09,23.270000457763672,23.790000915527344,22.59000015258789,22.6299991607666,19.435575485229492,57100
2015-02-10,22.700000762939453,22.700000762939453,22.100000381469727,22.5,19.323925018310547,32200
2015-02-11,22.389999389648438,22.639999389648438,22.100000381469727,22.360000610351562,19.203693389892578,40300
2015-02-12,22.6299991607666,22.8700008392334,22.43000030517578,22.799999237060547,19.581584930419922,54200
2015-02-13,22.809999465942383,23.389999389648438,22.799999237060547,22.84000015258789,19.685007095336914,29600
2015-02-17,22.950000762939453,23.280000686645508,22.399999618530273,22.6299991607666,19.50400733947754,27300
2015-02-18,22.450000762939453,23.059999465942383,22.450000762939453,22.770000457763672,19.624675750732422,35300
2015-02-19,22.610000610351562,22.84000015258789,22.389999389648438,22.639999389648438,19.51262855529785,22500
2015-02-20,22.68000030517578,22.700000762939453,22.110000610351562,22.329999923706055,19.245452880859375,69600
2015-02-23,22.350000381469727,22.350000381469727,21.75,22.030000686645508,18.986894607543945,30400
2015-02-24,22.110000610351562,22.3799991607666,21.75,22.18000030517578,19.11617088317871,36300
2015-02-25,22.1299991607666,22.860000610351562,21.790000915527344,22.790000915527344,19.64191246032715,70000
2015-02-26,22.690000534057617,22.899999618530273,22.510000228881836,22.860000610351562,19.702238082885742,51100
2015-02-27,22.899999618530273,23.0,22.56999969482422,22.6299991607666,19.50400733947754,36400
2015-03-02,22.790000915527344,23.530000686645508,22.709999084472656,23.520000457763672,20.271072387695312,42800
2015-03-03,23.5,23.639999389648438,23.030000686645508,23.530000686645508,20.279691696166992,48800
2015-03-04,23.329999923706055,23.329999923706055,22.989999771118164,23.299999237060547,20.08146095275879,163600
2015-03-05,23.25,23.450000762939453,22.940000534057617,23.43000030517578,20.193504333496094,73900
2015-03-06,23.15999984741211,23.739999771118164,23.15999984741211,23.469999313354492,20.227981567382812,38100
2015-03-09,23.459999084472656,23.770000457763672,23.299999237060547,23.530000686645508,20.279691696166992,88400
2015-03-10,23.260000228881836,23.809999465942383,23.25,23.31999969482422,20.09870147705078,52500
2015-03-11,23.209999084472656,23.700000762939453,23.149999618530273,23.56999969482422,20.314165115356445,34100
2015-03-12,23.8799991607666,24.729999542236328,23.8799991607666,24.729999542236328,21.313934326171875,50200
2015-03-13,24.81999969482422,24.899999618530273,24.139999389648438,24.610000610351562,21.210508346557617,58500
2015-03-16,24.549999237060547,24.959999084472656,23.510000228881836,24.139999389648438,20.80542755126953,126200
2015-03-17,24.149999618530273,24.8700008392334,23.549999237060547,24.229999542236328,20.882993698120117,36600
2015-03-18,24.260000228881836,24.8700008392334,24.06999969482422,24.790000915527344,21.365636825561523,27900
2015-03-19,24.8799991607666,24.8799991607666,24.270000457763672,24.709999084472656,21.296693801879883,49700
2015-03-20,24.829999923706055,25.040000915527344,24.639999389648438,25.0,21.546632766723633,47200
2015-03-23,24.950000762939453,25.309999465942383,24.8799991607666,25.219999313354492,21.736244201660156,21700
2015-03-24,25.049999237060547,25.1200008392334,24.139999389648438,24.670000076293945,21.26222038269043,53200
2015-03-25,24.940000534057617,24.950000762939453,24.09000015258789,24.270000457763672,20.917470932006836,25300
2015-03-26,24.34000015258789,24.479999542236328,23.93000030517578,24.149999618530273,20.814050674438477,23700
2015-03-27,24.06999969482422,24.440000534057617,23.549999237060547,24.260000228881836,20.908849716186523,37800
2015-03-30,24.459999084472656,24.649999618530273,24.100000381469727,24.15999984741211,20.822664260864258,25000
2015-03-31,23.940000534057617,24.440000534057617,23.700000762939453,23.969999313354492,20.658910751342773,152200
2015-04-01,23.979999542236328,24.299999237060547,23.530000686645508,23.969999313354492,20.658910751342773,45100
2015-04-02,24.079999923706055,24.579999923706055,23.81999969482422,24.020000457763672,20.702003479003906,40100
2015-04-06,23.979999542236328,25.079999923706055,23.81999969482422,24.809999465942383,21.38287925720215,92700
2015-04-07,24.65999984741211,25.25,24.65999984741211,24.690000534057617,21.279460906982422,25200
2015-04-08,24.739999771118164,24.93000030517578,24.40999984741211,24.530000686645508,21.141557693481445,29600
2015-04-09,24.309999465942383,24.43000030517578,23.559999465942383,23.979999542236328,20.66753578186035,21400
2015-04-10,24.1200008392334,24.149999618530273,23.670000076293945,23.75,20.46929931640625,23000
2015-04-13,23.719999313354492,23.969999313354492,23.719999313354492,23.770000457763672,20.48653793334961,32000
2015-04-14,24.0,24.1200008392334,23.450000762939453,23.479999542236328,20.236595153808594,49200
2015-04-15,23.68000030517578,23.81999969482422,23.479999542236328,23.579999923706055,20.322786331176758,77500
2015-04-16,23.760000228881836,23.770000457763672,23.34000015258789,23.479999542236328,20.236595153808594,46800
2015-04-17,23.209999084472656,23.479999542236328,22.950000762939453,23.200000762939453,19.995277404785156,64700
2015-04-20,23.31999969482422,24.010000228881836,23.299999237060547,24.0,20.68476676940918,51000
2015-04-21,24.0,24.0,23.479999542236328,23.700000762939453,20.426210403442383,18200
2015-04-22,23.700000762939453,23.899999618530273,23.299999237060547,23.729999542236328,20.45206069946289,21300
2015-04-23,23.739999771118164,24.229999542236328,23.559999465942383,24.110000610351562,20.779571533203125,28500
2015-04-24,24.1299991607666,24.239999771118164,23.780000686645508,23.899999618530273,20.598581314086914,14500
2015-04-27,23.8700008392334,24.209999084472656,23.190000534057617,23.649999618530273,20.383121490478516,30500
2015-04-28,23.950000762939453,24.3799991607666,23.729999542236328,24.31999969482422,20.9605655670166,24100
2015-04-29,24.290000915527344,24.290000915527344,23.34000015258789,23.639999389648438,20.374494552612305,34100
2015-04-30,23.530000686645508,23.959999084472656,22.75,23.399999618530273,20.167652130126953,48800
2015-05-01,23.3700008392334,23.399999618530273,22.969999313354492,23.290000915527344,20.072847366333008,20600
2015-05-04,23.229999542236328,23.940000534057617,23.229999542236328,23.43000030517578,20.193504333496094,21200
2015-05-05,23.540000915527344,23.989999771118164,22.889999389648438,23.09000015258789,19.900468826293945,24400
2015-05-06,23.209999084472656,23.59000015258789,22.959999084472656,23.540000915527344,20.288307189941406,24200
2015-05-07,23.459999084472656,23.790000915527344,23.31999969482422,23.469999313354492,20.227981567382812,15600
2015-05-08,23.799999237060547,24.06999969482422,23.469999313354492,23.5,20.25383186340332,21900
2015-05-11,23.3700008392334,23.760000228881836,23.1200008392334,23.239999771118164,20.029754638671875,20300
2015-05-12,23.239999771118164,23.239999771118164,22.540000915527344,23.030000686645508,19.848756790161133,23800
2015-05-13,23.200000762939453,23.40999984741211,22.719999313354492,23.049999237060547,19.865995407104492,16400
2015-05-14,23.1299991607666,23.969999313354492,23.049999237060547,23.860000610351562,20.564111709594727,20300
2015-05-15,23.84000015258789,23.84000015258789,23.100000381469727,23.260000228881836,20.046985626220703,18300
2015-05-18,23.329999923706055,23.34000015258789,22.68000030517578,23.219999313354492,20.012510299682617,23300
2015-05-19,23.239999771118164,23.239999771118164,22.760000228881836,22.979999542236328,19.805665969848633,13700
2015-05-20,23.09000015258789,23.15999984741211,22.600000381469727,22.690000534057617,19.55572509765625,13100
2015-05-21,22.700000762939453,23.200000762939453,22.6200008392334,22.979999542236328,19.805665969848633,15200
2015-05-22,23.09000015258789,23.209999084472656,22.8799991607666,23.020000457763672,19.840139389038086,24000
2015-05-26,22.93000030517578,23.200000762939453,22.68000030517578,23.010000228881836,19.831518173217773,32200
2015-05-27,22.84000015258789,23.479999542236328,22.84000015258789,23.450000762939453,20.21074104309082,16400
2015-05-28,23.270000457763672,23.31999969482422,22.979999542236328,23.1299991607666,19.93494415283203,12700
2015-05-29,22.5,22.889999389648438,21.899999618530273,22.229999542236328,19.15926170349121,128100
2015-06-01,22.200000762939453,22.469999313354492,21.34000015258789,21.770000457763672,18.762805938720703,73600
2015-06-02,21.610000610351562,21.610000610351562,20.899999618530273,20.979999542236328,18.081932067871094,66200
2015-06-03,20.979999542236328,21.690000534057617,20.979999542236328,21.110000610351562,18.1939754486084,66800
2015-06-04,21.110000610351562,21.270000457763672,20.75,21.139999389648438,18.219831466674805,76100
2015-06-05,20.770000457763672,21.170000076293945,20.770000457763672,20.940000534057617,18.047460556030273,38400
2015-06-08,20.829999923706055,21.1200008392334,20.690000534057617,20.799999237060547,17.926799774169922,49100
2015-06-09,20.6200008392334,20.850000381469727,20.25,20.649999618530273,17.866235733032227,33900
2015-06-10,20.75,21.170000076293945,20.700000762939453,20.81999969482422,18.013320922851562,39900
2015-06-11,20.8700008392334,21.110000610351562,20.520000457763672,20.969999313354492,18.143095016479492,24600
2015-06-12,20.84000015258789,21.049999237060547,20.739999771118164,20.90999984741211,18.0911865234375,46100
2015-06-15,20.809999465942383,20.8700008392334,20.350000381469727,20.469999313354492,17.710498809814453,28500
2015-06-16,20.34000015258789,20.3799991607666,20.200000762939453,20.31999969482422,17.58072280883789,58600
2015-06-17,20.260000228881836,20.5,20.18000030517578,20.360000610351562,17.61532974243164,17900
2015-06-18,20.420000076293945,20.700000762939453,20.239999771118164,20.520000457763672,17.75376319885254,38900
2015-06-19,20.6200008392334,20.670000076293945,20.459999084472656,20.600000381469727,17.822973251342773,50700
2015-06-22,20.75,20.75,20.489999771118164,20.540000915527344,17.771066665649414,20600
2015-06-23,20.6200008392334,20.6200008392334,20.260000228881836,20.3799991607666,17.63263511657715,28400
2015-06-24,20.350000381469727,20.350000381469727,20.010000228881836,20.290000915527344,17.55476951599121,39800
2015-06-25,20.350000381469727,20.389999389648438,19.81999969482422,20.280000686645508,17.546119689941406,48500
2015-06-26,20.399999618530273,20.5,20.229999542236328,20.399999618530273,17.649940490722656,207600
2015-06-29,20.360000610351562,20.959999084472656,20.360000610351562,20.770000457763672,17.970060348510742,35200
2015-06-30,20.84000015258789,20.889999389648438,20.440000534057617,20.489999771118164,17.727806091308594,24500
2015-07-01,20.510000228881836,20.600000381469727,20.010000228881836,20.100000381469727,17.390378952026367,57400
2015-07-02,20.200000762939453,20.459999084472656,20.09000015258789,20.25,17.520156860351562,25800
2015-07-06,20.0,20.290000915527344,20.0,20.170000076293945,17.450939178466797,42500
2015-07-07,20.1299991607666,20.1299991607666,19.649999618530273,19.770000457763672,17.104860305786133,37200
2015-07-08,19.770000457763672,20.0,19.65999984741211,19.799999237060547,17.130815505981445,50100
2015-07-09,20.049999237060547,20.139999389648438,19.770000457763672,20.049999237060547,17.34712028503418,30300
2015-07-10,20.18000030517578,20.469999313354492,19.899999618530273,20.040000915527344,17.338464736938477,23600
2015-07-13,20.149999618530273,20.360000610351562,20.030000686645508,20.06999969482422,17.36442756652832,17700
2015-07-14,20.18000030517578,20.200000762939453,19.739999771118164,19.850000381469727,17.17407989501953,44900
2015-07-15,19.8700008392334,20.100000381469727,19.229999542236328,19.25,16.654970169067383,56300
2015-07-16,19.389999389648438,19.75,19.0,19.219999313354492,16.629009246826172,53800
2015-07-17,19.15999984741211,19.309999465942383,19.030000686645508,19.190000534057617,16.603055953979492,33600
2015-07-20,19.110000610351562,19.110000610351562,18.510000228881836,18.579999923706055,16.07528305053711,53900
2015-07-21,18.530000686645508,18.6200008392334,18.5,18.559999465942383,16.057985305786133,30700
2015-07-22,18.559999465942383,18.860000610351562,18.3799991607666,18.68000030517578,16.161802291870117,31300
2015-07-23,18.639999389648438,18.760000228881836,18.09000015258789,18.09000015258789,15.651338577270508,30000
2015-07-24,18.010000228881836,18.079999923706055,17.25,17.329999923706055,14.993793487548828,66000
2015-07-27,17.170000076293945,17.639999389648438,17.170000076293945,17.579999923706055,15.210091590881348,42800
2015-07-28,17.510000228881836,17.600000381469727,17.110000610351562,17.34000015258789,15.00244426727295,57700
2015-07-29,17.280000686645508,17.760000228881836,17.110000610351562,17.360000610351562,15.01975154876709,87300
2015-07-30,17.6200008392334,20.020000457763672,17.6200008392334,19.520000457763672,16.888566970825195,270900
2015-07-31,19.59000015258789,19.700000762939453,18.3700008392334,18.8799991607666,16.334840774536133,253100
2015-08-03,19.010000228881836,19.440000534057617,18.549999237060547,19.260000228881836,16.663616180419922,62800
2015-08-04,19.100000381469727,19.25,17.790000915527344,18.0,15.573469161987305,69300
2015-08-05,18.260000228881836,18.440000534057617,17.799999237060547,17.940000534057617,15.521560668945312,59300
2015-08-06,17.90999984741211,18.170000076293945,17.8799991607666,17.979999542236328,15.556167602539062,66600
2015-08-07,17.8700008392334,18.559999465942383,17.8700008392334,18.030000686645508,15.5994291305542,79200
2015-08-10,18.040000915527344,18.520000457763672,17.899999618530273,18.290000915527344,15.89490795135498,63500
2015-08-11,18.190000534057617,18.350000381469727,17.600000381469727,18.25,15.860146522521973,88500
2015-08-12,18.1299991607666,18.579999923706055,17.899999618530273,18.420000076293945,16.007883071899414,28300
2015-08-13,18.270000457763672,18.530000686645508,18.09000015258789,18.329999923706055,15.929668426513672,24100
2015-08-14,18.239999771118164,18.309999465942383,17.829999923706055,17.979999542236328,15.62550163269043,46700
2015-08-17,17.709999084472656,18.0,17.290000915527344,17.90999984741211,15.564667701721191,44800
2015-08-18,17.899999618530273,18.0,17.559999465942383,18.0,15.642881393432617,42400
2015-08-19,17.889999389648438,18.360000610351562,17.75,18.079999923706055,15.71240520477295,52200
2015-08-20,18.059999465942383,18.270000457763672,17.950000762939453,18.049999237060547,15.686334609985352,147600
2015-08-21,17.649999618530273,18.260000228881836,17.649999618530273,17.959999084472656,15.608120918273926,100000
2015-08-24,17.649999618530273,17.739999771118164,17.09000015258789,17.18000030517578,14.930265426635742,71000
2015-08-25,17.530000686645508,17.579999923706055,16.559999465942383,16.809999465942383,14.60871410369873,74000
2015-08-26,16.950000762939453,17.65999984741211,16.579999923706055,17.510000228881836,15.217048645019531,54400
2015-08-27,17.530000686645508,17.530000686645508,15.710000038146973,16.3799991607666,14.235023498535156,459300
2015-08-28,16.3700008392334,16.950000762939453,16.3700008392334,16.90999984741211,14.69561767578125,102400
2015-08-31,16.920000076293945,18.709999084472656,16.889999389648438,18.5,16.07740592956543,110300
2015-09-01,18.280000686645508,18.280000686645508,17.190000534057617,17.309999465942383,15.043233871459961,100200
2015-09-02,17.309999465942383,17.709999084472656,17.139999389648438,17.670000076293945,15.356095314025879,40100
2015-09-03,17.540000915527344,17.889999389648438,17.389999389648438,17.670000076293945,15.356095314025879,32500
2015-09-04,17.450000762939453,17.579999923706055,17.09000015258789,17.100000381469727,14.860734939575195,20700
2015-09-08,17.3799991607666,17.3799991607666,16.860000610351562,16.940000534057617,14.72169017791748,43400
2015-09-09,17.059999465942383,17.420000076293945,16.850000381469727,17.079999923706055,14.843356132507324,38400
2015-09-10,17.229999542236328,18.049999237060547,17.079999923706055,17.940000534057617,15.590737342834473,36400
2015-09-11,17.760000228881836,18.190000534057617,17.760000228881836,17.959999084472656,15.608120918273926,67200
2015-09-14,17.780000686645508,17.8799991607666,16.989999771118164,17.030000686645508,14.799906730651855,40900
2015-09-15,17.18000030517578,17.770000457763672,16.969999313354492,17.68000030517578,15.364786148071289,24600
2015-09-16,17.670000076293945,18.0,17.6299991607666,17.920000076293945,15.573356628417969,20000
2015-09-17,17.809999465942383,18.229999542236328,17.59000015258789,17.850000381469727,15.512526512145996,32000
2015-09-18,17.65999984741211,17.940000534057617,17.0,17.040000915527344,14.808595657348633,83000
2015-09-21,17.020000457763672,17.31999969482422,16.979999542236328,17.139999389648438,14.895496368408203,37300
2015-09-22,16.979999542236328,17.1200008392334,16.68000030517578,16.850000381469727,14.643472671508789,67200
2015-09-23,16.8799991607666,17.360000610351562,16.59000015258789,17.25,14.991092681884766,46100
2015-09-24,17.010000228881836,17.600000381469727,16.75,17.399999618530273,15.121452331542969,40400
2015-09-25,17.479999542236328,17.520000457763672,16.770000457763672,16.770000457763672,14.573952674865723,53000
2015-09-28,16.729999542236328,17.43000030517578,16.690000534057617,17.200000762939453,14.94764232635498,45300
2015-09-29,17.309999465942383,17.709999084472656,17.25,17.56999969482422,15.269190788269043,33900
2015-09-30,17.6299991607666,17.829999923706055,17.559999465942383,17.649999618530273,15.338709831237793,29100
2015-10-01,17.770000457763672,17.770000457763672,16.950000762939453,17.5,15.208355903625488,57200
2015-10-02,17.290000915527344,18.020000457763672,17.049999237060547,18.010000228881836,15.651570320129395,22100
2015-10-05,18.229999542236328,18.540000915527344,17.950000762939453,18.329999923706055,15.929668426513672,124600
2015-10-06,18.200000762939453,18.350000381469727,17.790000915527344,18.040000915527344,15.677648544311523,51300
2015-10-07,18.299999237060547,18.690000534057617,18.030000686645508,18.1200008392334,15.747166633605957,44400
2015-10-08,18.100000381469727,18.8799991607666,18.100000381469727,18.350000381469727,15.947044372558594,58600
2015-10-09,18.469999313354492,18.639999389648438,18.190000534057617,18.3799991607666,15.973121643066406,76400
2015-10-12,18.280000686645508,18.520000457763672,17.959999084472656,18.0,15.642881393432617,54400
2015-10-13,17.799999237060547,18.229999542236328,17.799999237060547,17.969999313354492,15.61681079864502,29000
2015-10-14,17.989999771118164,18.170000076293945,17.65999984741211,17.68000030517578,15.364786148071289,28700
2015-10-15,17.6200008392334,18.219999313354492,17.399999618530273,18.059999465942383,15.69502067565918,26400
2015-10-16,18.110000610351562,18.110000610351562,17.690000534057617,17.989999771118164,15.63419246673584,40400
2015-10-19,18.0,18.0,17.549999237060547,17.799999237060547,15.469075202941895,26600
2015-10-20,17.68000030517578,18.239999771118164,17.579999923706055,17.809999465942383,15.477766990661621,47300
2015-10-21,17.899999618530273,18.15999984741211,17.40999984741211,17.5,15.208355903625488,19100
2015-10-22,17.760000228881836,18.219999313354492,17.719999313354492,18.079999923706055,15.71240520477295,25800
2015-10-23,18.079999923706055,18.290000915527344,17.850000381469727,18.079999923706055,15.71240520477295,31400
2015-10-26,18.030000686645508,18.06999969482422,17.579999923706055,17.81999969482422,15.486451148986816,19000
2015-10-27,17.600000381469727,17.600000381469727,16.899999618530273,17.459999084472656,15.17359733581543,45500
2015-10-28,18.030000686645508,18.229999542236328,17.770000457763672,18.030000686645508,15.668954849243164,50200
2015-10-29,17.729999542236328,17.8700008392334,16.860000610351562,16.860000610351562,14.652169227600098,56500
2015-10-30,16.979999542236328,17.1200008392334,16.649999618530273,16.969999313354492,14.747756958007812,23800
2015-11-02,16.940000534057617,17.559999465942383,16.93000030517578,17.440000534057617,15.156218528747559,27600
2015-11-03,17.209999084472656,17.649999618530273,17.15999984741211,17.350000381469727,15.077996253967285,36100
2015-11-04,17.360000610351562,18.190000534057617,17.219999313354492,18.139999389648438,15.764545440673828,40000
2015-11-05,18.030000686645508,18.1299991607666,17.790000915527344,17.93000030517578,15.582048416137695,39500
2015-11-06,17.709999084472656,18.25,17.530000686645508,18.229999542236328,15.913765907287598,21600
2015-11-09,18.239999771118164,18.239999771118164,17.81999969482422,17.93000030517578,15.651885986328125,45900
2015-11-10,17.8700008392334,18.09000015258789,17.850000381469727,18.030000686645508,15.739182472229004,17700
2015-11-11,17.920000076293945,18.239999771118164,17.899999618530273,18.049999237060547,15.75663948059082,21200
2015-11-12,17.950000762939453,18.139999389648438,17.75,17.920000076293945,15.64315414428711,48500
2015-11-13,17.739999771118164,18.0,17.5,17.75,15.494750022888184,95000
2015-11-16,17.68000030517578,17.68000030517578,17.100000381469727,17.40999984741211,15.197952270507812,24900
2015-11-17,17.479999542236328,17.479999542236328,16.90999984741211,17.15999984741211,14.979719161987305,52500
2015-11-18,17.260000228881836,17.389999389648438,17.06999969482422,17.25,15.058277130126953,58300
2015-11-19,17.15999984741211,17.329999923706055,16.969999313354492,17.229999542236328,15.040825843811035,16500
2015-11-20,17.34000015258789,18.1299991607666,17.34000015258789,17.90999984741211,15.63442611694336,31400
2015-11-23,17.729999542236328,18.040000915527344,17.549999237060547,17.639999389648438,15.398730278015137,18200
2015-11-24,17.670000076293945,18.030000686645508,17.389999389648438,18.010000228881836,15.721720695495605,17400
2015-11-25,18.010000228881836,18.010000228881836,17.829999923706055,17.950000762939453,15.669344902038574,16900
2015-11-27,17.8700008392334,17.969999313354492,17.700000762939453,17.84000015258789,15.573319435119629,6900
2015-11-30,17.809999465942383,18.030000686645508,17.6200008392334,17.959999084472656,15.67807388305664,23200
2015-12-01,18.0,18.010000228881836,17.780000686645508,18.0,15.712986946105957,17600
2015-12-02,17.950000762939453,18.0,17.809999465942383,17.81999969482422,15.555853843688965,18100
2015-12-03,17.829999923706055,17.940000534057617,17.489999771118164,17.709999084472656,15.459835052490234,28200
2015-12-04,17.670000076293945,17.790000915527344,17.43000030517578,17.5,15.276519775390625,17900
2015-12-07,17.3700008392334,18.0,17.190000534057617,17.709999084472656,15.459835052490234,35300
2015-12-08,17.450000762939453,17.75,17.350000381469727,17.700000762939453,15.451109886169434,18300
2015-12-09,17.65999984741211,17.84000015258789,17.34000015258789,17.3799991607666,15.171765327453613,46600
2015-12-10,16.950000762939453,17.1200008392334,16.780000686645508,17.010000228881836,14.848777770996094,80300
2015-12-11,16.610000610351562,16.809999465942383,16.469999313354492,16.700000762939453,14.578164100646973,72500
2015-12-14,16.690000534057617,16.690000534057617,15.949999809265137,16.030000686645508,13.993293762207031,80000
2015-12-15,16.149999618530273,16.149999618530273,15.630000114440918,15.739999771118164,13.74013614654541,48300
2015-12-16,15.670000076293945,16.239999771118164,15.65999984741211,16.010000228881836,13.975831985473633,122700
2015-12-17,15.949999809265137,16.15999984741211,15.819999694824219,15.920000076293945,13.897265434265137,40300
2015-12-18,15.970000267028809,16.25,15.819999694824219,16.06999969482422,14.028206825256348,73600
2015-12-21,16.1200008392334,16.3700008392334,16.1200008392334,16.350000381469727,14.272634506225586,58200
2015-12-22,16.350000381469727,16.850000381469727,16.329999923706055,16.729999542236328,14.604350090026855,27000
2015-12-23,16.719999313354492,17.270000457763672,16.700000762939453,17.049999237060547,14.88369083404541,42700
2015-12-24,17.299999237060547,17.350000381469727,16.920000076293945,17.280000686645508,15.084470748901367,21500
2015-12-28,17.15999984741211,17.309999465942383,16.979999542236328,17.059999465942383,14.892424583435059,39600
2015-12-29,17.09000015258789,17.399999618530273,17.0,17.209999084472656,15.023362159729004,43600
2015-12-30,17.290000915527344,17.459999084472656,17.200000762939453,17.260000228881836,15.067011833190918,49600
2015-12-31,17.260000228881836,17.260000228881836,16.530000686645508,16.81999969482422,14.682916641235352,97900
2016-01-04,16.520000457763672,16.579999923706055,16.350000381469727,16.520000457763672,14.42103099822998,44100
2016-01-05,16.479999542236328,16.719999313354492,16.0,16.149999618530273,14.098042488098145,70700
2016-01-06,15.819999694824219,17.229999542236328,15.819999694824219,16.950000762939453,14.796401023864746,89900
2016-01-07,16.15999984741211,16.3799991607666,15.5,15.520000457763672,13.548090934753418,56700
2016-01-08,15.579999923706055,15.75,14.899999618530273,14.989999771118164,13.085428237915039,62700
2016-01-11,14.970000267028809,15.039999961853027,14.470000267028809,14.890000343322754,12.998133659362793,102700
2016-01-12,14.989999771118164,15.170000076293945,14.529999732971191,15.029999732971191,13.12034797668457,90300
2016-01-13,15.029999732971191,15.1899995803833,14.390000343322754,14.920000076293945,13.024323463439941,141300
2016-01-14,15.0,15.680000305175781,14.869999885559082,15.420000076293945,13.460794448852539,53300
2016-01-15,15.020000457763672,15.649999618530273,14.819999694824219,15.510000228881836,13.539361000061035,54400
2016-01-19,15.640000343322754,15.75,15.300000190734863,15.470000267028809,13.50444221496582,32300
2016-01-20,15.239999771118164,16.18000030517578,15.029999732971191,15.920000076293945,13.897265434265137,71100
2016-01-21,15.979999542236328,16.09000015258789,15.670000076293945,15.800000190734863,13.79251480102539,72800
2016-01-22,15.920000076293945,16.31999969482422,15.779999732971191,16.09000015258789,14.045668601989746,51000
2016-01-25,15.920000076293945,16.1200008392334,15.710000038146973,16.0,13.96710205078125,58600
2016-01-26,16.200000762939453,16.760000228881836,16.100000381469727,16.540000915527344,14.438491821289062,31700
2016-01-27,16.540000915527344,16.979999542236328,16.350000381469727,16.649999618530273,14.534515380859375,39000
2016-01-28,16.829999923706055,17.350000381469727,16.829999923706055,17.079999923706055,14.909881591796875,69100
2016-01-29,17.239999771118164,17.860000610351562,16.600000381469727,17.299999237060547,15.101927757263184,135500
2016-02-01,17.139999389648438,17.489999771118164,16.059999465942383,17.1200008392334,14.944799423217773,78400
2016-02-02,16.8799991607666,17.229999542236328,16.670000076293945,16.84000015258789,14.700374603271484,23300
2016-02-03,17.059999465942383,17.190000534057617,16.700000762939453,16.8799991607666,14.735294342041016,55100
2016-02-04,16.81999969482422,17.510000228881836,16.81999969482422,17.170000076293945,14.988449096679688,33400
2016-02-05,17.1200008392334,17.40999984741211,16.770000457763672,16.81999969482422,14.682916641235352,32800
2016-02-08,16.670000076293945,16.959999084472656,16.389999389648438,16.889999389648438,14.74402141571045,26100
2016-02-09,16.649999618530273,17.06999969482422,16.329999923706055,16.450000762939453,14.43685531616211,31900
2016-02-10,16.450000762939453,16.969999313354492,16.43000030517578,16.489999771118164,14.471960067749023,20100
2016-02-11,16.280000686645508,16.760000228881836,16.260000228881836,16.5,14.480735778808594,37600
2016-02-12,16.65999984741211,16.850000381469727,16.219999313354492,16.31999969482422,14.32276439666748,20900
2016-02-16,16.15999984741211,16.969999313354492,16.15999984741211,16.770000457763672,14.717696189880371,17000
2016-02-17,16.93000030517578,17.329999923706055,16.729999542236328,16.829999923706055,14.770352363586426,28700
2016-02-18,16.579999923706055,16.8700008392334,16.579999923706055,16.799999237060547,14.74402141571045,22300
2016-02-19,16.780000686645508,17.06999969482422,16.739999771118164,16.940000534057617,14.866891860961914,28200
2016-02-22,17.049999237060547,17.139999389648438,16.850000381469727,16.979999542236328,14.901995658874512,35900
2016-02-23,16.8700008392334,17.1200008392334,16.709999084472656,16.8799991607666,14.81423282623291,23600
2016-02-24,16.719999313354492,17.510000228881836,16.719999313354492,17.489999771118164,15.34958267211914,19600
2016-02-25,17.530000686645508,17.790000915527344,17.5,17.760000228881836,15.586539268493652,167600
2016-02-26,17.81999969482422,18.290000915527344,17.799999237060547,17.979999542236328,15.779617309570312,20400
2016-02-29,18.020000457763672,18.780000686645508,18.020000457763672,18.3700008392334,16.121885299682617,51500
2016-03-01,18.450000762939453,18.670000076293945,18.399999618530273,18.6299991607666,16.350069046020508,17800
2016-03-02,18.579999923706055,19.219999313354492,18.549999237060547,18.889999389648438,16.5782470703125,33400
2016-03-03,18.950000762939453,19.1200008392334,18.799999237060547,18.90999984741211,16.595806121826172,23300
2016-03-04,18.90999984741211,19.600000381469727,18.90999984741211,19.559999465942383,17.16625213623047,24500
2016-03-07,19.399999618530273,19.940000534057617,19.399999618530273,19.90999984741211,17.473421096801758,16900
2016-03-08,19.90999984741211,19.920000076293945,18.81999969482422,18.950000762939453,16.630908966064453,29000
2016-03-09,19.010000228881836,19.56999969482422,19.010000228881836,19.360000610351562,16.990732192993164,9400
2016-03-10,19.450000762939453,19.450000762939453,18.549999237060547,18.719999313354492,16.42905616760254,17200
2016-03-11,18.860000610351562,19.510000228881836,18.860000610351562,19.399999618530273,17.025835037231445,30000
2016-03-14,19.280000686645508,19.950000762939453,19.139999389648438,19.809999465942383,17.385656356811523,37800
2016-03-15,19.639999389648438,19.899999618530273,19.5,19.760000228881836,17.341785430908203,21400
2016-03-16,19.780000686645508,19.989999771118164,19.549999237060547,19.809999465942383,17.385656356811523,14400
2016-03-17,19.809999465942383,20.0,19.809999465942383,20.0,17.552410125732422,22800
2016-03-18,20.0,20.149999618530273,19.75,20.049999237060547,17.596288681030273,69500
2016-03-21,20.0,20.010000228881836,19.829999923706055,19.90999984741211,17.473421096801758,22400
2016-03-22,19.979999542236328,20.110000610351562,19.649999618530273,19.68000030517578,17.27156639099121,18500
2016-03-23,19.540000915527344,19.690000534057617,18.489999771118164,18.530000686645508,16.262310028076172,37000
2016-03-24,18.5,18.549999237060547,18.200000762939453,18.360000610351562,16.11311149597168,27000
2016-03-28,18.3799991607666,18.59000015258789,18.15999984741211,18.31999969482422,16.0780086517334,19400
2016-03-29,18.299999237060547,19.479999542236328,18.190000534057617,19.40999984741211,17.03461456298828,41600
2016-03-30,19.6299991607666,20.239999771118164,19.579999923706055,19.950000762939453,17.508529663085938,40400
2016-03-31,20.010000228881836,20.100000381469727,19.899999618530273,19.90999984741211,17.473421096801758,31900
2016-04-01,19.700000762939453,19.920000076293945,19.600000381469727,19.65999984741211,17.254016876220703,22200
2016-04-04,19.700000762939453,19.700000762939453,18.8799991607666,18.93000030517578,16.61335563659668,18000
2016-04-05,18.75,18.850000381469727,18.219999313354492,18.260000228881836,16.025352478027344,42900
2016-04-06,18.170000076293945,18.649999618530273,17.90999984741211,18.469999313354492,16.20964813232422,43600
2016-04-07,18.280000686645508,18.559999465942383,18.190000534057617,18.3799991607666,16.130664825439453,18200
2016-04-08,18.469999313354492,18.920000076293945,18.209999084472656,18.489999771118164,16.22719955444336,13600
2016-04-11,18.530000686645508,19.049999237060547,18.299999237060547,18.31999969482422,16.0780086517334,15900
2016-04-12,18.40999984741211,18.760000228881836,18.1200008392334,18.549999237060547,16.279857635498047,21700
2016-04-13,18.799999237060547,19.329999923706055,18.75,19.309999465942383,16.94685173034668,26600
2016-04-14,19.290000915527344,19.290000915527344,18.920000076293945,19.1200008392334,16.780101776123047,14600
2016-04-15,19.1200008392334,19.25,18.450000762939453,18.739999771118164,16.44660758972168,23100
2016-04-18,18.68000030517578,19.270000457763672,18.68000030517578,19.219999313354492,16.86785888671875,30200
2016-04-19,19.18000030517578,19.420000076293945,19.100000381469727,19.170000076293945,16.823984146118164,9000
2016-04-20,19.260000228881836,19.260000228881836,18.93000030517578,19.010000228881836,16.68355941772461,6700
2016-04-21,19.06999969482422,19.219999313354492,18.6299991607666,18.700000762939453,16.411500930786133,10300
2016-04-22,18.940000534057617,19.010000228881836,18.510000228881836,18.739999771118164,16.44660758972168,21200
2016-04-25,18.649999618530273,18.920000076293945,18.540000915527344,18.729999542236328,16.43783187866211,9600
2016-04-26,18.739999771118164,19.25,18.459999084472656,19.09000015258789,16.75377655029297,12700
2016-04-27,19.0,19.09000015258789,18.809999465942383,18.959999084472656,16.639684677124023,9000
2016-04-28,18.729999542236328,18.989999771118164,18.549999237060547,18.600000381469727,16.323745727539062,11800
2016-04-29,18.6200008392334,18.809999465942383,18.270000457763672,18.510000228881836,16.2447509765625,16400
2016-05-02,18.530000686645508,19.530000686645508,18.530000686645508,19.3799991607666,17.008283615112305,29200
2016-05-03,19.100000381469727,19.1200008392334,18.719999313354492,18.760000228881836,16.46415901184082,11800
2016-05-04,18.5,18.700000762939453,18.3700008392334,18.530000686645508,16.262310028076172,15700
2016-05-05,18.670000076293945,18.850000381469727,18.520000457763672,18.600000381469727,16.323745727539062,32300
2016-05-06,18.600000381469727,18.68000030517578,18.350000381469727,18.489999771118164,16.22719955444336,14600
2016-05-09,18.43000030517578,18.549999237060547,18.399999618530273,18.43000030517578,16.174543380737305,13200
2016-05-10,18.56999969482422,18.75,18.389999389648438,18.639999389648438,16.358840942382812,13700
2016-05-11,18.459999084472656,18.559999465942383,18.209999084472656,18.25,16.016571044921875,9000
2016-05-12,18.290000915527344,18.290000915527344,17.760000228881836,17.81999969482422,15.639190673828125,7000
2016-05-13,17.950000762939453,17.950000762939453,17.75,17.760000228881836,15.586539268493652,9200
2016-05-16,18.030000686645508,18.329999923706055,18.010000228881836,18.149999618530273,15.92880916595459,14000
2016-05-17,18.15999984741211,18.299999237060547,17.299999237060547,17.350000381469727,15.226715087890625,22000
2016-05-18,17.40999984741211,17.520000457763672,17.18000030517578,17.31999969482422,15.200382232666016,16800
2016-05-19,17.18000030517578,17.43000030517578,17.110000610351562,17.18000030517578,15.077521324157715,19700
2016-05-20,17.270000457763672,17.56999969482422,17.260000228881836,17.440000534057617,15.305704116821289,8500
2016-05-23,17.450000762939453,18.31999969482422,17.450000762939453,18.170000076293945,15.946361541748047,31000
2016-05-24,18.299999237060547,18.639999389648438,18.299999237060547,18.5,16.23597526550293,35000
2016-05-25,17.5,18.579999923706055,17.5,17.6200008392334,15.46367359161377,130000
2016-05-26,17.75,18.299999237060547,17.540000915527344,17.610000610351562,15.454895973205566,64700
2016-05-27,17.540000915527344,18.360000610351562,17.540000915527344,18.290000915527344,16.051677703857422,38700
2016-05-31,18.229999542236328,18.43000030517578,18.049999237060547,18.059999465942383,15.849820137023926,29100
2016-06-01,18.079999923706055,18.739999771118164,17.889999389648438,18.68000030517578,16.393953323364258,16900
2016-06-02,18.739999771118164,18.739999771118164,18.399999618530273,18.6200008392334,16.341291427612305,13100
2016-06-03,18.450000762939453,18.729999542236328,18.360000610351562,18.40999984741211,16.156991958618164,16900
2016-06-06,18.530000686645508,18.81999969482422,18.530000686645508,18.75,16.455385208129883,8600
2016-06-07,18.700000762939453,18.8700008392334,18.649999618530273,18.690000534057617,16.481840133666992,7500
2016-06-08,18.959999084472656,19.09000015258789,18.75,18.959999084472656,16.719938278198242,20000
2016-06-09,18.75,18.760000228881836,18.399999618530273,18.459999084472656,16.279006958007812,44200
2016-06-10,18.18000030517578,18.649999618530273,18.18000030517578,18.420000076293945,16.243738174438477,49200
2016-06-13,18.170000076293945,18.25,18.0,18.049999237060547,15.917454719543457,17500
2016-06-14,18.1200008392334,18.1200008392334,17.690000534057617,17.850000381469727,15.741079330444336,29400
2016-06-15,17.969999313354492,18.06999969482422,17.799999237060547,17.950000762939453,15.829268455505371,15400
2016-06-16,17.68000030517578,18.1200008392334,17.43000030517578,18.09000015258789,15.952729225158691,10900
2016-06-17,18.139999389648438,18.329999923706055,18.110000610351562,18.290000915527344,16.12910270690918,37900
2016-06-20,18.6200008392334,18.899999618530273,18.40999984741211,18.5,16.314285278320312,21000
2016-06-21,18.360000610351562,18.559999465942383,18.139999389648438,18.440000534057617,16.26137351989746,14500
2016-06-22,18.40999984741211,18.84000015258789,18.40999984741211,18.579999923706055,16.38483238220215,18400
2016-06-23,18.850000381469727,19.170000076293945,18.850000381469727,19.110000610351562,16.852214813232422,22800
2016-06-24,18.149999618530273,18.84000015258789,18.149999618530273,18.729999542236328,16.51711654663086,50700
2016-06-27,18.700000762939453,18.989999771118164,18.510000228881836,18.549999237060547,16.358375549316406,30700
2016-06-28,18.719999313354492,18.809999465942383,18.0,18.079999923706055,15.943907737731934,24100
2016-06-29,18.200000762939453,18.389999389648438,18.0,18.09000015258789,15.952729225158691,18900
2016-06-30,18.139999389648438,18.450000762939453,18.059999465942383,18.420000076293945,16.243738174438477,23800
2016-07-01,18.34000015258789,18.959999084472656,18.34000015258789,18.90999984741211,16.67584991455078,12700
2016-07-05,18.6200008392334,19.100000381469727,18.440000534057617,19.0,16.75520896911621,17500
2016-07-06,18.979999542236328,19.450000762939453,18.760000228881836,19.389999389648438,17.099138259887695,17600
2016-07-07,19.34000015258789,19.489999771118164,19.190000534057617,19.280000686645508,17.002134323120117,11600
2016-07-08,19.350000381469727,20.420000076293945,19.350000381469727,20.350000381469727,17.945716857910156,23900
2016-07-11,20.360000610351562,21.09000015258789,20.34000015258789,21.030000686645508,18.54537582397461,26200
2016-07-12,21.079999923706055,21.079999923706055,20.65999984741211,20.940000534057617,18.46601104736328,25200
2016-07-13,20.959999084472656,21.0,20.729999542236328,20.739999771118164,18.28963851928711,35700
2016-07-14,20.950000762939453,20.950000762939453,19.010000228881836,19.200000762939453,16.931581497192383,32300
2016-07-15,19.3700008392334,19.700000762939453,19.3700008392334,19.530000686645508,17.22259521484375,19800
2016-07-18,19.469999313354492,19.469999313354492,18.809999465942383,18.93000030517578,16.6934814453125,17600
2016-07-19,18.719999313354492,18.799999237060547,18.270000457763672,18.68000030517578,16.473020553588867,18500
2016-07-20,18.719999313354492,19.190000534057617,18.6200008392334,18.969999313354492,16.7287540435791,8000
2016-07-21,18.93000030517578,19.440000534057617,18.93000030517578,19.299999237060547,17.019765853881836,21300
2016-07-22,19.219999313354492,19.610000610351562,19.040000915527344,19.549999237060547,17.240232467651367,8300
2016-07-25,19.540000915527344,19.540000915527344,18.81999969482422,19.040000915527344,16.79048728942871,11500
2016-07-26,19.0,19.15999984741211,18.760000228881836,18.829999923706055,16.60529899597168,16700
2016-07-27,18.81999969482422,18.81999969482422,18.229999542236328,18.549999237060547,16.358375549316406,22300
2016-07-28,18.440000534057617,18.829999923706055,18.440000534057617,18.760000228881836,16.54356575012207,4500
2016-07-29,18.809999465942383,19.06999969482422,18.010000228881836,18.020000457763672,15.890999794006348,33500
2016-08-01,18.1299991607666,18.1299991607666,17.81999969482422,17.959999084472656,15.838086128234863,14900
2016-08-02,18.0,18.0,17.799999237060547,17.809999465942383,15.705810546875,10300
2016-08-03,17.889999389648438,18.139999389648438,17.8700008392334,17.979999542236328,15.85572338104248,15100
2016-08-04,18.0,18.0,17.75,17.75,15.652891159057617,6700
2016-08-05,17.850000381469727,18.0,17.850000381469727,17.989999771118164,15.864541053771973,18600
2016-08-08,17.940000534057617,18.0,17.90999984741211,17.989999771118164,15.864541053771973,5300
2016-08-09,17.8700008392334,17.969999313354492,17.719999313354492,17.959999084472656,15.917717933654785,18600
2016-08-10,18.0,18.06999969482422,17.729999542236328,17.950000762939453,15.908856391906738,48900
2016-08-11,18.040000915527344,18.079999923706055,17.90999984741211,18.0,15.953164100646973,36900
2016-08-12,17.889999389648438,18.18000030517578,17.8799991607666,18.1200008392334,16.059528350830078,11300
2016-08-15,18.229999542236328,18.329999923706055,18.110000610351562,18.239999771118164,16.165878295898438,10800
2016-08-16,18.219999313354492,18.229999542236328,18.020000457763672,18.15999984741211,16.094980239868164,18600
2016-08-17,18.139999389648438,18.790000915527344,18.1200008392334,18.56999969482422,16.458356857299805,30900
2016-08-18,18.739999771118164,18.739999771118164,18.25,18.3700008392334,16.28110122680664,17200
2016-08-19,18.31999969482422,20.360000610351562,18.31999969482422,19.649999618530273,17.415542602539062,56700
2016-08-22,19.68000030517578,20.100000381469727,19.399999618530273,19.579999923706055,17.35350799560547,18000
2016-08-23,19.6299991607666,19.920000076293945,19.6200008392334,19.65999984741211,17.424407958984375,10100
2016-08-24,19.6299991607666,19.729999542236328,19.40999984741211,19.56999969482422,17.344642639160156,8300
2016-08-25,19.510000228881836,19.75,19.3799991607666,19.549999237060547,17.326915740966797,21000
2016-08-26,19.760000228881836,19.829999923706055,19.280000686645508,19.31999969482422,17.123069763183594,7700
2016-08-29,19.420000076293945,19.469999313354492,19.25,19.459999084472656,17.247150421142578,6100
2016-08-30,19.530000686645508,19.690000534057617,19.389999389648438,19.559999465942383,17.33577537536621,7400
2016-08-31,19.299999237060547,19.43000030517578,19.06999969482422,19.110000610351562,16.936946868896484,15000
2016-09-01,18.8700008392334,19.209999084472656,18.520000457763672,18.690000534057617,16.56470489501953,12200
2016-09-02,18.729999542236328,19.520000457763672,18.729999542236328,19.510000228881836,17.291465759277344,8200
2016-09-06,19.420000076293945,19.709999084472656,19.270000457763672,19.59000015258789,17.36237144470215,24000
2016-09-07,19.489999771118164,20.040000915527344,19.489999771118164,19.799999237060547,17.54848289489746,17200
2016-09-08,19.760000228881836,19.979999542236328,19.709999084472656,19.799999237060547,17.54848289489746,13100
2016-09-09,19.5,19.5,18.209999084472656,18.299999237060547,16.21905517578125,13600
2016-09-12,18.229999542236328,18.469999313354492,18.040000915527344,18.219999313354492,16.148151397705078,18600
2016-09-13,18.139999389648438,18.309999465942383,17.75,17.770000457763672,15.749322891235352,14800
2016-09-14,17.760000228881836,18.059999465942383,17.760000228881836,17.899999618530273,15.86453914642334,6200
2016-09-15,18.0,18.309999465942383,17.969999313354492,18.149999618530273,16.086111068725586,10200
2016-09-16,18.209999084472656,18.209999084472656,17.75,17.93000030517578,15.891130447387695,33700
2016-09-19,17.809999465942383,18.0,17.809999465942383,17.950000762939453,15.908856391906738,15300
2016-09-20,18.0,18.219999313354492,17.989999771118164,18.079999923706055,16.024070739746094,15000
2016-09-21,18.209999084472656,18.299999237060547,18.040000915527344,18.290000915527344,16.21019172668457,10100
2016-09-22,18.540000915527344,18.559999465942383,18.25,18.559999465942383,16.449491500854492,13700
2016-09-23,18.6200008392334,18.6200008392334,18.34000015258789,18.3799991607666,16.289960861206055,17500
2016-09-26,18.309999465942383,18.739999771118164,18.299999237060547,18.6299991607666,16.51152992248535,25700
2016-09-27,18.549999237060547,19.0,18.510000228881836,18.989999771118164,16.830596923828125,9000
2016-09-28,19.0,19.0,18.799999237060547,18.829999923706055,16.68878746032715,23100
2016-09-29,18.899999618530273,19.0,18.75,18.8700008392334,16.724239349365234,5500
2016-09-30,18.8700008392334,19.229999542236328,18.799999237060547,19.100000381469727,16.928083419799805,77600
2016-10-03,18.959999084472656,19.1200008392334,18.8799991607666,19.059999465942383,16.892629623413086,8800
2016-10-04,19.010000228881836,19.270000457763672,18.979999542236328,19.100000381469727,16.928083419799805,9200
2016-10-05,19.219999313354492,19.670000076293945,18.959999084472656,19.5,17.28260040283203,12200
2016-10-06,19.450000762939453,19.809999465942383,19.3799991607666,19.65999984741211,17.424407958984375,8700
2016-10-07,19.649999618530273,19.65999984741211,19.40999984741211,19.43000030517578,17.22056007385254,17700
2016-10-10,19.399999618530273,19.59000015258789,19.399999618530273,19.530000686645508,17.30919075012207,9000
2016-10-11,19.520000457763672,19.649999618530273,19.260000228881836,19.3700008392334,17.167383193969727,18600
2016-10-12,19.639999389648438,19.639999389648438,19.190000534057617,19.25,17.06102752685547,9000
2016-10-13,19.209999084472656,19.209999084472656,18.889999389648438,18.950000762939453,16.795141220092773,8200
2016-10-14,18.959999084472656,19.100000381469727,18.700000762939453,18.75,16.617887496948242,19900
2016-10-17,18.8799991607666,18.889999389648438,18.75,18.860000610351562,16.715377807617188,6000
2016-10-18,19.0,19.049999237060547,18.75,18.860000610351562,16.715377807617188,4500
2016-10-19,18.940000534057617,19.010000228881836,18.829999923706055,18.860000610351562,16.715377807617188,9800
2016-10-20,18.8799991607666,18.979999542236328,18.700000762939453,18.700000762939453,16.573570251464844,5500
2016-10-21,18.489999771118164,18.59000015258789,18.110000610351562,18.459999084472656,16.36086082458496,25800
2016-10-24,18.649999618530273,18.8700008392334,18.040000915527344,18.229999542236328,16.15701675415039,15200
2016-10-25,18.1299991607666,18.299999237060547,18.0,18.010000228881836,15.96203327178955,8900
2016-10-26,18.010000228881836,18.059999465942383,17.770000457763672,17.790000915527344,15.767050743103027,14800
2016-10-27,17.8799991607666,17.989999771118164,17.799999237060547,17.959999084472656,15.917717933654785,8000
2016-10-28,17.969999313354492,18.209999084472656,17.829999923706055,17.979999542236328,15.935443878173828,11800
2016-10-31,17.850000381469727,18.270000457763672,17.850000381469727,17.850000381469727,15.82022762298584,13600
2016-11-01,18.75,18.75,17.84000015258789,17.84000015258789,15.81136417388916,18100
2016-11-02,18.110000610351562,18.110000610351562,17.829999923706055,17.84000015258789,15.81136417388916,10300
2016-11-03,17.940000534057617,17.979999542236328,17.559999465942383,17.559999465942383,15.563206672668457,10300
2016-11-04,17.559999465942383,17.649999618530273,17.209999084472656,17.209999084472656,15.253002166748047,22800
2016-11-07,17.459999084472656,17.59000015258789,17.290000915527344,17.479999542236328,15.492300033569336,19800
2016-11-08,17.690000534057617,17.690000534057617,17.190000534057617,17.350000381469727,15.377083778381348,11600
2016-11-09,17.239999771118164,18.219999313354492,17.239999771118164,18.049999237060547,16.080902099609375,39800
2016-11-10,18.1200008392334,18.260000228881836,17.75,18.030000686645508,16.063085556030273,125600
2016-11-11,17.979999542236328,19.25,17.6200008392334,19.18000030517578,17.087629318237305,129000
2016-11-14,19.1200008392334,20.34000015258789,19.1200008392334,20.1299991607666,17.93399429321289,60800
2016-11-15,20.1299991607666,20.8799991607666,20.100000381469727,20.6299991607666,18.379444122314453,34300
2016-11-16,20.690000534057617,20.690000534057617,20.110000610351562,20.200000762939453,17.996360778808594,38400
2016-11-17,20.280000686645508,20.489999771118164,19.540000915527344,19.75,17.59544563293457,33200
2016-11-18,19.850000381469727,20.709999084472656,19.520000457763672,20.5,18.263629913330078,40100
2016-11-21,20.540000915527344,20.700000762939453,19.860000610351562,20.690000534057617,18.43290138244629,22100
2016-11-22,20.639999389648438,21.559999465942383,20.3700008392334,21.530000686645508,19.181264877319336,40800
2016-11-23,21.309999465942383,22.899999618530273,21.25,22.649999618530273,20.179079055786133,50300
2016-11-25,22.579999923706055,23.56999969482422,22.420000076293945,23.489999771118164,20.927440643310547,27300
2016-11-28,23.459999084472656,23.459999084472656,22.6200008392334,23.260000228881836,20.7225341796875,136200
2016-11-29,23.270000457763672,24.049999237060547,23.270000457763672,23.510000228881836,20.945262908935547,61200
2016-11-30,23.780000686645508,23.920000076293945,22.059999465942383,22.219999313354492,19.795988082885742,23700
2016-12-01,22.290000915527344,22.770000457763672,21.760000228881836,22.209999084472656,19.787076950073242,28700
2016-12-02,22.110000610351562,22.34000015258789,21.760000228881836,21.84000015258789,19.457448959350586,8000
2016-12-05,22.079999923706055,23.040000915527344,22.079999923706055,22.639999389648438,20.17017364501953,39700
2016-12-06,22.739999771118164,23.8700008392334,22.3799991607666,23.31999969482422,20.775989532470703,94600
2016-12-07,23.31999969482422,23.540000915527344,21.81999969482422,22.079999923706055,19.671266555786133,231800
2016-12-08,22.030000686645508,23.540000915527344,22.010000228881836,23.270000457763672,20.731443405151367,46100
2016-12-09,23.440000534057617,23.770000457763672,23.0,23.43000030517578,20.87398910522461,26300
2016-12-12,23.110000610351562,23.510000228881836,22.440000534057617,22.920000076293945,20.419626235961914,27900
2016-12-13,22.93000030517578,22.979999542236328,22.18000030517578,22.68000030517578,20.205808639526367,22600
2016-12-14,22.6299991607666,22.989999771118164,22.6299991607666,22.739999771118164,20.259262084960938,18500
2016-12-15,22.860000610351562,23.149999618530273,22.280000686645508,22.8700008392334,20.375078201293945,35000
2016-12-16,22.93000030517578,23.56999969482422,22.399999618530273,22.559999465942383,20.098896026611328,68100
2016-12-19,22.559999465942383,22.579999923706055,21.790000915527344,22.520000457763672,20.063264846801758,26400
2016-12-20,22.469999313354492,23.06999969482422,22.06999969482422,23.059999465942383,20.544353485107422,18900
2016-12-21,22.920000076293945,23.489999771118164,22.889999389648438,23.18000030517578,20.651262283325195,25300
2016-12-22,23.09000015258789,23.440000534057617,22.559999465942383,22.6200008392334,20.152355194091797,29500
2016-12-23,22.6299991607666,22.920000076293945,22.280000686645508,22.579999923706055,20.116718292236328,11100
2016-12-27,22.75,22.860000610351562,22.5,22.84000015258789,20.348352432250977,19200
2016-12-28,22.829999923706055,22.829999923706055,22.040000915527344,22.09000015258789,19.68016815185547,18000
2016-12-29,22.040000915527344,22.59000015258789,22.030000686645508,22.540000915527344,20.081083297729492,15100
2016-12-30,22.8700008392334,22.8700008392334,21.8700008392334,22.149999618530273,19.73362159729004,31900
2017-01-03,22.799999237060547,24.469999313354492,22.799999237060547,24.389999389648438,21.72926139831543,150100
2017-01-04,24.670000076293945,25.0,24.389999389648438,24.739999771118164,22.041078567504883,63300
2017-01-05,24.65999984741211,24.729999542236328,23.739999771118164,23.959999084472656,21.346168518066406,26600
2017-01-06,24.1200008392334,24.1200008392334,23.280000686645508,23.420000076293945,20.865083694458008,33400
2017-01-09,23.420000076293945,23.420000076293945,22.549999237060547,22.59000015258789,20.125629425048828,30100
2017-01-10,22.719999313354492,23.09000015258789,22.709999084472656,22.829999923706055,20.339445114135742,60000
2017-01-11,22.809999465942383,23.100000381469727,22.5,22.81999969482422,20.330533981323242,24900
2017-01-12,22.799999237060547,22.8799991607666,21.93000030517578,22.59000015258789,20.125629425048828,30500
2017-01-13,22.600000381469727,22.93000030517578,22.350000381469727,22.510000228881836,20.054351806640625,22200
2017-01-17,22.440000534057617,22.579999923706055,22.0,22.020000457763672,19.61781120300293,14800
2017-01-18,22.049999237060547,22.329999923706055,21.760000228881836,22.260000228881836,19.831626892089844,26100
2017-01-19,22.0,22.3700008392334,22.0,22.209999084472656,19.787076950073242,23800
2017-01-20,22.229999542236328,23.0,21.93000030517578,22.110000610351562,19.6979923248291,72200
2017-01-23,22.079999923706055,22.239999771118164,21.59000015258789,22.1200008392334,19.706897735595703,27800
2017-01-24,22.200000762939453,22.670000076293945,22.0,22.25,19.82271957397461,20500
2017-01-25,22.459999084472656,23.139999389648438,22.25,23.010000228881836,20.49980926513672,110400
2017-01-26,23.290000915527344,23.290000915527344,22.690000534057617,22.989999771118164,20.481992721557617,17300
2017-01-27,23.049999237060547,23.049999237060547,22.829999923706055,22.979999542236328,20.473081588745117,16600
2017-01-30,22.65999984741211,22.65999984741211,21.610000610351562,22.06999969482422,19.662355422973633,23000
2017-01-31,22.09000015258789,22.329999923706055,21.709999084472656,22.219999313354492,19.795988082885742,35500
2017-02-01,22.649999618530273,23.18000030517578,22.549999237060547,23.0,20.490896224975586,118400
2017-02-02,23.0,23.40999984741211,22.860000610351562,22.969999313354492,20.464168548583984,56400
2017-02-03,23.170000076293945,23.239999771118164,22.81999969482422,23.0,20.490896224975586,30000
2017-02-06,23.030000686645508,23.030000686645508,22.09000015258789,22.149999618530273,19.73362159729004,24000
2017-02-07,21.860000610351562,22.75,21.860000610351562,22.510000228881836,20.054351806640625,36400
2017-02-08,22.309999465942383,22.34000015258789,22.079999923706055,22.170000076293945,19.751445770263672,23200
2017-02-09,22.18000030517578,23.040000915527344,22.18000030517578,22.889999389648438,20.392898559570312,22100
2017-02-10,22.8799991607666,23.579999923706055,22.850000381469727,23.549999237060547,21.0637149810791,28700
2017-02-13,23.639999389648438,24.040000915527344,23.329999923706055,23.8700008392334,21.34993553161621,30600
2017-02-14,24.200000762939453,24.34000015258789,23.549999237060547,23.690000534057617,21.188936233520508,41500
2017-02-15,23.610000610351562,23.610000610351562,23.0,23.139999389648438,20.697004318237305,69400
2017-02-16,23.0,23.299999237060547,22.799999237060547,22.8700008392334,20.455507278442383,83800
2017-02-17,22.989999771118164,23.030000686645508,22.5,22.989999771118164,20.562841415405273,48500
2017-02-21,23.049999237060547,23.06999969482422,22.709999084472656,22.8700008392334,20.455507278442383,30800
2017-02-22,22.559999465942383,23.299999237060547,22.559999465942383,22.8799991607666,20.464448928833008,33300
2017-02-23,22.889999389648438,23.0,22.200000762939453,22.270000457763672,19.918848037719727,15800
2017-02-24,22.1200008392334,22.389999389648438,21.600000381469727,21.90999984741211,19.596858978271484,41100
2017-02-27,22.15999984741211,22.600000381469727,21.989999771118164,22.530000686645508,20.15140724182129,38800
2017-02-28,22.5,22.549999237060547,21.93000030517578,21.93000030517578,19.614749908447266,27800
2017-03-01,22.3700008392334,23.030000686645508,22.200000762939453,22.959999084472656,20.5360107421875,36000
2017-03-02,22.829999923706055,23.290000915527344,22.40999984741211,23.059999465942383,20.625450134277344,83900
2017-03-03,23.0,23.190000534057617,22.739999771118164,23.0,20.571781158447266,44400
2017-03-06,22.899999618530273,23.18000030517578,22.899999618530273,22.979999542236328,20.553895950317383,17200
2017-03-07,22.899999618530273,23.100000381469727,22.899999618530273,22.959999084472656,20.5360107421875,37800
2017-03-08,23.1200008392334,23.1200008392334,22.770000457763672,22.799999237060547,20.39289665222168,25800
2017-03-09,22.8700008392334,22.950000762939453,22.479999542236328,22.670000076293945,20.27662467956543,72100
2017-03-10,22.84000015258789,22.889999389648438,22.600000381469727,22.729999542236328,20.330289840698242,42900
2017-03-13,22.75,23.079999923706055,22.75,22.770000457763672,20.36606216430664,13900
2017-03-14,22.25,22.5,22.100000381469727,22.3799991607666,20.017242431640625,9000
2017-03-15,22.450000762939453,22.739999771118164,22.25,22.65999984741211,20.267681121826172,18800
2017-03-16,22.709999084472656,23.149999618530273,22.530000686645508,22.780000686645508,20.37501335144043,27700
2017-03-17,22.770000457763672,23.299999237060547,22.700000762939453,23.059999465942383,20.625450134277344,41000
2017-03-20,22.93000030517578,23.309999465942383,22.850000381469727,23.010000228881836,20.58072853088379,16900
2017-03-21,23.110000610351562,23.18000030517578,22.709999084472656,22.809999465942383,20.401840209960938,64300
2017-03-22,22.799999237060547,22.940000534057617,22.65999984741211,22.829999923706055,20.41973114013672,30300
2017-03-23,22.799999237060547,23.18000030517578,22.799999237060547,22.90999984741211,20.49128532409668,19800
2017-03-24,23.049999237060547,23.25,22.850000381469727,23.0,20.571781158447266,24800
2017-03-27,23.100000381469727,23.229999542236328,22.829999923706055,23.15999984741211,20.714895248413086,38000
2017-03-28,22.989999771118164,23.5,22.989999771118164,23.270000457763672,20.813278198242188,36700
2017-03-29,23.139999389648438,23.329999923706055,23.040000915527344,23.209999084472656,20.759614944458008,47300
2017-03-30,23.190000534057617,23.6299991607666,23.149999618530273,23.31999969482422,20.857999801635742,30800
2017-03-31,23.31999969482422,23.31999969482422,22.950000762939453,23.0,20.571781158447266,44100
2017-04-03,23.030000686645508,23.100000381469727,22.149999618530273,22.239999771118164,19.89201545715332,31200
2017-04-04,21.440000534057617,22.5,21.440000534057617,21.899999618530273,19.58791732788086,28400
2017-04-05,22.06999969482422,22.170000076293945,21.459999084472656,21.540000915527344,19.265920639038086,38000
2017-04-06,21.68000030517578,21.8700008392334,21.3700008392334,21.799999237060547,19.49847412109375,52800
2017-04-07,21.81999969482422,22.239999771118164,21.610000610351562,22.020000457763672,19.695247650146484,27900
2017-04-10,22.010000228881836,22.25,21.899999618530273,21.920000076293945,19.605812072753906,20900
2017-04-11,21.84000015258789,22.34000015258789,21.790000915527344,21.989999771118164,19.668415069580078,64300
2017-04-12,21.920000076293945,21.920000076293945,20.649999618530273,21.25,19.00653839111328,51300
2017-04-13,21.110000610351562,21.559999465942383,21.110000610351562,21.350000381469727,19.095977783203125,69800
2017-04-17,21.40999984741211,21.809999465942383,21.260000228881836,21.65999984741211,19.373252868652344,58500
2017-04-18,21.579999923706055,21.899999618530273,21.450000762939453,21.649999618530273,19.364307403564453,12100
2017-04-19,22.010000228881836,22.010000228881836,21.290000915527344,21.709999084472656,19.417970657348633,25300
2017-04-20,21.75,22.34000015258789,21.75,22.309999465942383,19.954627990722656,24100
2017-04-21,22.31999969482422,22.360000610351562,22.149999618530273,22.190000534057617,19.847299575805664,33700
2017-04-24,22.610000610351562,22.649999618530273,22.040000915527344,22.399999618530273,20.035127639770508,20800
2017-04-25,22.600000381469727,23.280000686645508,22.59000015258789,22.8799991607666,20.464448928833008,55300
2017-04-26,22.920000076293945,23.25,22.829999923706055,22.950000762939453,20.52706527709961,25100
2017-04-27,22.989999771118164,23.0,22.440000534057617,22.520000457763672,20.1424617767334,13800
2017-04-28,22.540000915527344,22.540000915527344,22.020000457763672,22.06999969482422,19.73996925354004,14200
2017-05-01,22.1200008392334,22.59000015258789,21.950000762939453,22.190000534057617,19.847299575805664,31600
2017-05-02,22.209999084472656,22.420000076293945,21.739999771118164,21.829999923706055,19.525310516357422,21600
2017-05-03,21.68000030517578,21.8700008392334,21.40999984741211,21.559999465942383,19.283811569213867,26500
2017-05-04,21.549999237060547,21.649999618530273,21.389999389648438,21.540000915527344,19.265920639038086,23800
2017-05-05,21.549999237060547,21.719999313354492,21.299999237060547,21.68000030517578,19.391141891479492,36900
2017-05-08,21.68000030517578,22.639999389648438,21.68000030517578,22.6299991607666,20.240846633911133,36900
2017-05-09,22.600000381469727,23.6299991607666,22.360000610351562,23.469999313354492,20.992162704467773,54500
2017-05-10,23.40999984741211,24.030000686645508,23.219999313354492,23.709999084472656,21.206825256347656,45500
2017-05-11,23.670000076293945,23.670000076293945,22.940000534057617,23.059999465942383,20.625450134277344,28900
2017-05-12,23.0,23.389999389648438,22.360000610351562,22.360000610351562,19.999353408813477,27800
2017-05-15,22.59000015258789,22.760000228881836,22.25,22.260000228881836,19.909908294677734,15100
2017-05-16,21.75,22.299999237060547,21.75,22.010000228881836,19.686304092407227,12300
2017-05-17,21.610000610351562,21.84000015258789,21.299999237060547,21.6299991607666,19.346424102783203,33800
2017-05-18,21.079999923706055,22.43000030517578,21.040000915527344,22.190000534057617,19.847299575805664,25500
2017-05-19,22.190000534057617,22.290000915527344,21.93000030517578,21.989999771118164,19.668415069580078,21400
2017-05-22,22.440000534057617,22.440000534057617,21.760000228881836,22.040000915527344,19.713138580322266,28000
2017-05-23,22.1299991607666,22.3799991607666,21.799999237060547,22.1299991607666,19.793638229370117,11200
2017-05-24,22.190000534057617,22.68000030517578,21.68000030517578,21.850000381469727,19.54319190979004,8200
2017-05-25,21.90999984741211,22.100000381469727,21.15999984741211,21.510000228881836,19.239093780517578,17700
2017-05-26,21.979999542236328,21.979999542236328,21.200000762939453,21.6299991607666,19.346424102783203,19800
2017-05-30,21.520000457763672,21.520000457763672,21.110000610351562,21.15999984741211,18.926042556762695,14200
2017-05-31,21.239999771118164,21.280000686645508,20.770000457763672,20.93000030517578,18.720321655273438,31000
2017-06-01,21.239999771118164,21.90999984741211,19.989999771118164,19.989999771118164,17.879566192626953,102600
2017-06-02,20.06999969482422,21.0,20.06999969482422,20.790000915527344,18.59510612487793,39400
2017-06-05,20.770000457763672,20.780000686645508,19.559999465942383,19.709999084472656,17.629117965698242,27000
2017-06-06,19.579999923706055,20.299999237060547,19.579999923706055,20.190000534057617,18.05844497680664,27000
2017-06-07,19.989999771118164,20.290000915527344,19.6299991607666,19.760000228881836,17.673851013183594,24200
2017-06-08,19.68000030517578,20.3799991607666,19.309999465942383,20.0,17.97035789489746,24400
2017-06-09,20.09000015258789,20.709999084472656,20.079999923706055,20.639999389648438,18.545412063598633,32000
2017-06-12,20.6200008392334,20.940000534057617,20.09000015258789,20.639999389648438,18.545412063598633,30600
2017-06-13,20.6299991607666,20.6299991607666,20.149999618530273,20.420000076293945,18.347728729248047,18800
2017-06-14,20.440000534057617,20.530000686645508,19.860000610351562,20.1200008392334,18.07817840576172,32600
2017-06-15,19.899999618530273,20.520000457763672,19.899999618530273,20.360000610351562,18.293825149536133,25600
2017-06-16,20.040000915527344,20.489999771118164,19.93000030517578,20.1200008392334,18.07817840576172,52400
2017-06-19,20.219999313354492,20.420000076293945,20.0,20.1200008392334,18.07817840576172,23300
2017-06-20,19.950000762939453,20.170000076293945,19.950000762939453,20.0,17.97035789489746,27300
2017-06-21,20.030000686645508,20.34000015258789,19.639999389648438,20.0,17.97035789489746,40100
2017-06-22,19.93000030517578,20.260000228881836,19.700000762939453,20.030000686645508,17.9973087310791,25100
2017-06-23,20.0,20.399999618530273,19.540000915527344,19.969999313354492,17.94339942932129,96300
2017-06-26,19.940000534057617,20.079999923706055,19.309999465942383,20.0,17.97035789489746,38900
2017-06-27,20.0,20.239999771118164,19.649999618530273,20.020000457763672,17.988323211669922,72800
2017-06-28,20.299999237060547,20.360000610351562,19.510000228881836,20.030000686645508,17.9973087310791,43700
2017-06-29,20.15999984741211,20.34000015258789,19.790000915527344,20.079999923706055,18.042236328125,31400
2017-06-30,20.06999969482422,20.149999618530273,19.469999313354492,19.65999984741211,17.66486167907715,39900
2017-07-03,19.889999389648438,20.200000762939453,19.6200008392334,20.030000686645508,17.9973087310791,16800
2017-07-05,19.959999084472656,20.0,19.459999084472656,19.739999771118164,17.736738204956055,32100
2017-07-06,19.6299991607666,20.170000076293945,19.520000457763672,19.770000457763672,17.76369857788086,32800
2017-07-07,19.829999923706055,20.1299991607666,19.59000015258789,20.0,17.97035789489746,30900
2017-07-10,20.0,20.5,19.81999969482422,20.079999923706055,18.042236328125,26500
2017-07-11,20.43000030517578,20.43000030517578,19.65999984741211,20.1200008392334,18.07817840576172,31400
2017-07-12,20.09000015258789,20.389999389648438,20.020000457763672,20.139999389648438,18.09615135192871,15800
2017-07-13,20.1299991607666,20.190000534057617,19.899999618530273,20.06999969482422,18.033254623413086,15700
2017-07-14,20.09000015258789,20.290000915527344,19.8700008392334,20.0,17.97035789489746,23400
2017-07-17,20.200000762939453,20.200000762939453,19.799999237060547,19.81999969482422,17.808618545532227,35200
2017-07-18,19.780000686645508,20.0,19.610000610351562,19.8799991607666,17.862533569335938,17500
2017-07-19,19.90999984741211,20.43000030517578,19.809999465942383,20.209999084472656,18.15904426574707,19500
2017-07-20,20.219999313354492,20.34000015258789,20.100000381469727,20.18000030517578,18.132089614868164,20700
2017-07-21,20.399999618530273,20.399999618530273,19.899999618530273,19.959999084472656,17.93441390991211,45400
2017-07-24,19.920000076293945,20.360000610351562,19.700000762939453,20.350000381469727,18.28483772277832,24600
2017-07-25,20.350000381469727,20.440000534057617,20.0,20.18000030517578,18.132089614868164,18600
2017-07-26,20.049999237060547,20.149999618530273,19.969999313354492,20.040000915527344,18.006298065185547,24800
2017-07-27,20.030000686645508,20.100000381469727,19.709999084472656,19.850000381469727,17.835575103759766,36800
2017-07-28,19.81999969482422,19.81999969482422,19.649999618530273,19.770000457763672,17.76369857788086,20200
2017-07-31,19.809999465942383,20.1299991607666,19.530000686645508,20.010000228881836,17.97934341430664,22200
2017-08-01,19.899999618530273,19.90999984741211,19.510000228881836,19.639999389648438,17.646888732910156,36000
2017-08-02,19.65999984741211,20.850000381469727,19.579999923706055,20.1299991607666,18.0871639251709,43100
2017-08-03,20.309999465942383,20.489999771118164,19.700000762939453,20.15999984741211,18.114116668701172,29900
2017-08-04,20.31999969482422,20.43000030517578,19.90999984741211,20.149999618530273,18.105134963989258,39100
2017-08-07,20.100000381469727,20.139999389648438,19.510000228881836,19.530000686645508,17.54805564880371,51200
2017-08-08,19.489999771118164,19.760000228881836,19.489999771118164,19.5,17.52109718322754,25900
2017-08-09,19.399999618530273,19.709999084472656,19.280000686645508,19.559999465942383,17.57500648498535,33200
2017-08-10,19.459999084472656,19.969999313354492,19.389999389648438,19.520000457763672,17.539064407348633,48800
2017-08-11,19.09000015258789,19.610000610351562,18.920000076293945,19.389999389648438,17.502960205078125,37500
2017-08-14,19.479999542236328,19.850000381469727,19.479999542236328,19.579999923706055,17.674467086791992,28600
2017-08-15,19.600000381469727,19.790000915527344,19.3700008392334,19.40999984741211,17.52101707458496,14500
2017-08-16,19.579999923706055,19.649999618530273,19.309999465942383,19.56999969482422,17.665441513061523,93600
2017-08-17,19.56999969482422,19.700000762939453,19.200000762939453,19.309999465942383,17.43074607849121,57400
2017-08-18,19.149999618530273,19.6299991607666,19.149999618530273,19.399999618530273,17.51198959350586,36600
2017-08-21,19.399999618530273,19.399999618530273,19.030000686645508,19.06999969482422,17.2141056060791,20000
2017-08-22,19.25,19.6200008392334,19.020000457763672,19.459999084472656,17.566144943237305,14400
2017-08-23,19.309999465942383,19.600000381469727,18.780000686645508,18.989999771118164,17.141891479492188,33000
2017-08-24,19.079999923706055,19.09000015258789,18.899999618530273,18.959999084472656,17.114805221557617,24900
2017-08-25,19.020000457763672,19.520000457763672,18.90999984741211,19.25,17.376583099365234,41000
2017-08-28,19.31999969482422,19.579999923706055,19.170000076293945,19.389999389648438,17.502960205078125,26000
2017-08-29,19.290000915527344,19.780000686645508,18.950000762939453,19.760000228881836,17.836950302124023,45700
2017-08-30,19.639999389648438,20.239999771118164,19.639999389648438,20.190000534057617,18.225099563598633,39200
2017-08-31,20.299999237060547,20.450000762939453,19.90999984741211,20.030000686645508,18.080671310424805,27300
2017-09-01,20.059999465942383,20.139999389648438,19.770000457763672,19.979999542236328,18.035541534423828,15900
2017-09-05,20.100000381469727,20.329999923706055,19.799999237060547,20.15999984741211,18.19802474975586,22900
2017-09-06,20.239999771118164,20.31999969482422,20.030000686645508,20.139999389648438,18.17997169494629,11700
2017-09-07,20.170000076293945,20.25,19.84000015258789,20.049999237060547,18.098730087280273,37100
2017-09-08,19.979999542236328,20.329999923706055,19.84000015258789,20.260000228881836,18.28829574584961,35300
2017-09-11,20.389999389648438,20.520000457763672,20.149999618530273,20.329999923706055,18.351478576660156,22600
2017-09-12,20.3700008392334,20.3700008392334,20.049999237060547,20.110000610351562,18.15288734436035,10500
2017-09-13,20.06999969482422,20.079999923706055,19.670000076293945,19.700000762939453,17.78278923034668,23500
2017-09-14,19.670000076293945,19.81999969482422,19.6299991607666,19.709999084472656,17.79181480407715,13800
2017-09-15,19.75,19.979999542236328,19.6200008392334,19.84000015258789,17.90916633605957,51800
2017-09-18,19.790000915527344,20.649999618530273,19.700000762939453,20.559999465942383,18.559097290039062,34300
2017-09-19,20.600000381469727,20.719999313354492,20.309999465942383,20.649999618530273,18.640336990356445,15700
2017-09-20,20.690000534057617,20.90999984741211,20.59000015258789,20.719999313354492,18.703521728515625,15500
2017-09-21,20.729999542236328,20.899999618530273,20.420000076293945,20.479999542236328,18.48688316345215,19100
2017-09-22,20.510000228881836,20.510000228881836,20.280000686645508,20.399999618530273,18.4146671295166,18400
2017-09-25,20.280000686645508,20.549999237060547,20.059999465942383,20.170000076293945,18.207050323486328,36600
2017-09-26,20.170000076293945,20.360000610351562,20.040000915527344,20.079999923706055,18.125808715820312,40700
2017-09-27,20.25,20.459999084472656,20.100000381469727,20.360000610351562,18.378559112548828,53600
2017-09-28,20.25,21.0,20.110000610351562,20.979999542236328,18.93822479248047,20500
2017-09-29,20.889999389648438,21.25,20.799999237060547,20.829999923706055,18.802818298339844,35300
2017-10-02,20.889999389648438,21.700000762939453,20.729999542236328,21.68000030517578,19.570093154907227,29900
2017-10-03,21.739999771118164,21.739999771118164,21.170000076293945,21.40999984741211,19.32637596130371,21900
2017-10-04,21.43000030517578,21.6299991607666,21.299999237060547,21.450000762939453,19.36248207092285,10500
2017-10-05,21.56999969482422,21.56999969482422,21.260000228881836,21.469999313354492,19.38053321838379,7200
2017-10-06,21.510000228881836,21.6299991607666,21.15999984741211,21.6200008392334,19.515933990478516,21300
2017-10-09,21.59000015258789,21.899999618530273,21.469999313354492,21.770000457763672,19.651338577270508,26300
2017-10-10,21.950000762939453,22.31999969482422,21.649999618530273,22.280000686645508,20.111703872680664,32700
2017-10-11,22.290000915527344,22.3799991607666,21.989999771118164,22.079999923706055,19.931167602539062,16200
2017-10-12,21.770000457763672,22.209999084472656,21.709999084472656,21.920000076293945,19.786739349365234,13400
2017-10-13,21.959999084472656,22.09000015258789,21.600000381469727,21.639999389648438,19.53398895263672,12100
2017-10-16,21.850000381469727,21.969999313354492,21.600000381469727,21.920000076293945,19.786739349365234,29700
2017-10-17,22.0,22.149999618530273,21.3700008392334,21.420000076293945,19.335399627685547,19200
2017-10-18,21.389999389648438,21.530000686645508,21.200000762939453,21.389999389648438,19.308320999145508,13200
2017-10-19,21.280000686645508,21.469999313354492,21.139999389648438,21.260000228881836,19.19097137451172,12200
2017-10-20,21.450000762939453,21.68000030517578,21.450000762939453,21.579999923706055,19.479827880859375,10800
2017-10-23,21.610000610351562,21.690000534057617,21.229999542236328,21.440000534057617,19.35345458984375,10400
2017-10-24,21.600000381469727,21.899999618530273,21.450000762939453,21.850000381469727,19.723552703857422,37300
2017-10-25,18.93000030517578,20.15999984741211,18.6299991607666,19.899999618530273,17.963327407836914,73700
2017-10-26,20.219999313354492,20.219999313354492,19.479999542236328,19.579999923706055,17.674467086791992,48800
2017-10-27,19.959999084472656,19.959999084472656,19.309999465942383,19.549999237060547,17.647388458251953,41500
2017-10-30,19.549999237060547,19.549999237060547,18.850000381469727,19.420000076293945,17.53004264831543,61600
2017-10-31,19.360000610351562,19.719999313354492,18.959999084472656,19.270000457763672,17.394638061523438,112800
2017-11-01,19.389999389648438,19.440000534057617,18.43000030517578,18.65999984741211,16.844005584716797,35200
2017-11-02,18.709999084472656,19.200000762939453,18.25,19.040000915527344,17.18702507019043,48600
2017-11-03,19.079999923706055,19.190000534057617,18.729999542236328,18.90999984741211,17.06967544555664,39200
2017-11-06,18.959999084472656,19.1299991607666,18.639999389648438,19.06999969482422,17.296422958374023,19200
2017-11-07,19.100000381469727,19.100000381469727,18.459999084472656,18.739999771118164,16.997114181518555,31800
2017-11-08,18.559999465942383,18.559999465942383,18.209999084472656,18.389999389648438,16.679662704467773,29800
2017-11-09,18.170000076293945,18.489999771118164,18.040000915527344,18.31999969482422,16.61617088317871,22200
2017-11-10,18.489999771118164,18.540000915527344,18.139999389648438,18.200000762939453,16.507333755493164,16000
2017-11-13,18.290000915527344,18.5,18.010000228881836,18.360000610351562,16.65245819091797,20300
2017-11-14,18.239999771118164,18.459999084472656,18.049999237060547,18.200000762939453,16.507333755493164,29400
2017-11-15,18.170000076293945,18.229999542236328,17.969999313354492,18.040000915527344,16.36221694946289,22200
2017-11-16,18.0,19.1299991607666,18.0,18.84000015258789,17.087812423706055,32600
2017-11-17,18.670000076293945,19.209999084472656,18.59000015258789,18.860000610351562,17.10595703125,19800
2017-11-20,18.90999984741211,19.239999771118164,18.5,19.209999084472656,17.42340087890625,23500
2017-11-21,19.329999923706055,20.0,19.209999084472656,19.459999084472656,17.650148391723633,29100
2017-11-22,19.459999084472656,20.25,19.459999084472656,19.68000030517578,17.849687576293945,29600
2017-11-24,19.829999923706055,19.8700008392334,19.40999984741211,19.670000076293945,17.840621948242188,4100
2017-11-27,19.649999618530273,20.5,19.649999618530273,20.3799991607666,18.484590530395508,34400
2017-11-28,20.350000381469727,20.6299991607666,19.889999389648438,20.579999923706055,18.665985107421875,28300
2017-11-29,20.65999984741211,20.65999984741211,19.440000534057617,20.020000457763672,18.158071517944336,19600
2017-11-30,20.1200008392334,20.18000030517578,19.68000030517578,19.84000015258789,17.99481201171875,21800
2017-12-01,19.84000015258789,19.84000015258789,19.200000762939453,19.399999618530273,17.595731735229492,31600
2017-12-04,19.700000762939453,19.8799991607666,19.190000534057617,19.260000228881836,17.468751907348633,23000
2017-12-05,18.969999313354492,19.110000610351562,18.770000457763672,18.790000915527344,17.042469024658203,24400
2017-12-06,19.079999923706055,19.100000381469727,18.639999389648438,18.920000076293945,17.16037368774414,28800
2017-12-07,18.93000030517578,19.290000915527344,18.65999984741211,18.670000076293945,16.933624267578125,26800
2017-12-08,18.829999923706055,19.989999771118164,18.700000762939453,19.709999084472656,17.87689971923828,29400
2017-12-11,19.75,20.34000015258789,19.420000076293945,19.459999084472656,17.650148391723633,17400
2017-12-12,19.600000381469727,20.579999923706055,19.600000381469727,20.09000015258789,18.2215576171875,27700
2017-12-13,20.260000228881836,20.549999237060547,19.920000076293945,20.389999389648438,18.493663787841797,29300
2017-12-14,20.420000076293945,20.780000686645508,20.040000915527344,20.25,18.366682052612305,53500
2017-12-15,20.31999969482422,21.729999542236328,20.31999969482422,21.559999465942383,19.554841995239258,63100
2017-12-18,21.719999313354492,22.0,21.360000610351562,21.56999969482422,19.563915252685547,45200
2017-12-19,21.68000030517578,22.530000686645508,21.110000610351562,21.600000381469727,19.591123580932617,65100
2017-12-20,21.75,22.0,21.149999618530273,21.200000762939453,19.22832679748535,17200
2017-12-21,21.25,21.389999389648438,21.049999237060547,21.34000015258789,19.355302810668945,36900
2017-12-22,21.329999923706055,21.40999984741211,20.719999313354492,21.100000381469727,19.13762664794922,30500
2017-12-26,20.84000015258789,21.8799991607666,20.84000015258789,21.739999771118164,19.718103408813477,23200
2017-12-27,21.65999984741211,21.780000686645508,20.75,20.809999465942383,18.874597549438477,32000
2017-12-28,20.860000610351562,21.889999389648438,20.68000030517578,21.81999969482422,19.790660858154297,28500
2017-12-29,21.440000534057617,21.479999542236328,20.899999618530273,20.93000030517578,18.98343849182129,19800
2018-01-02,21.06999969482422,21.670000076293945,21.06999969482422,21.420000076293945,19.427860260009766,39600
2018-01-03,21.299999237060547,21.65999984741211,21.200000762939453,21.3700008392334,19.382516860961914,30400
2018-01-04,21.549999237060547,21.690000534057617,21.09000015258789,21.31999969482422,19.33716583251953,130300
2018-01-05,21.469999313354492,21.690000534057617,21.1299991607666,21.65999984741211,19.64554214477539,34500
2018-01-08,21.520000457763672,22.56999969482422,21.139999389648438,22.040000915527344,19.990203857421875,36300
2018-01-09,22.100000381469727,22.34000015258789,21.450000762939453,21.530000686645508,19.527633666992188,24600
2018-01-10,21.309999465942383,21.84000015258789,21.200000762939453,21.520000457763672,19.518566131591797,22200
2018-01-11,21.709999084472656,22.780000686645508,21.610000610351562,22.59000015258789,20.48904800415039,60300
2018-01-12,22.600000381469727,22.770000457763672,22.110000610351562,22.530000686645508,20.43463134765625,34500
2018-01-16,22.760000228881836,22.829999923706055,22.010000228881836,22.309999465942383,20.235088348388672,42600
2018-01-17,22.510000228881836,22.799999237060547,22.15999984741211,22.6200008392334,20.516260147094727,35800
2018-01-18,22.549999237060547,22.75,22.200000762939453,22.420000076293945,20.33485984802246,47000
2018-01-19,22.399999618530273,22.600000381469727,22.260000228881836,22.260000228881836,20.189743041992188,25600
2018-01-22,21.979999542236328,22.260000228881836,21.979999542236328,22.110000610351562,20.053691864013672,21600
2018-01-23,22.329999923706055,22.329999923706055,21.540000915527344,21.950000762939453,19.90857696533203,47600
2018-01-24,22.280000686645508,22.280000686645508,21.649999618530273,21.760000228881836,19.736248016357422,14800
2018-01-25,21.799999237060547,21.860000610351562,21.639999389648438,21.780000686645508,19.754383087158203,10000
2018-01-26,21.610000610351562,21.780000686645508,21.25,21.670000076293945,19.65461540222168,23800
2018-01-29,21.56999969482422,21.780000686645508,21.309999465942383,21.540000915527344,19.536705017089844,15800
2018-01-30,21.40999984741211,21.690000534057617,21.25,21.440000534057617,19.446008682250977,17800
2018-01-31,21.649999618530273,21.739999771118164,21.1200008392334,21.399999618530273,19.40972328186035,51600
2018-02-01,21.399999618530273,23.25,21.399999618530273,22.969999313354492,20.833707809448242,62400
2018-02-02,22.739999771118164,22.989999771118164,22.389999389648438,22.65999984741211,20.552536010742188,52900
2018-02-05,22.5,22.729999542236328,22.229999542236328,22.299999237060547,20.22601890563965,71600
2018-02-06,21.59000015258789,22.010000228881836,21.31999969482422,21.510000228881836,19.50949478149414,74300
2018-02-07,21.3700008392334,21.559999465942383,21.0,21.09000015258789,19.12855339050293,114400
2018-02-08,20.760000228881836,21.239999771118164,20.579999923706055,20.760000228881836,18.829246520996094,89900
2018-02-09,20.950000762939453,21.6200008392334,20.440000534057617,21.200000762939453,19.22832679748535,50700
2018-02-12,21.3700008392334,21.5,20.690000534057617,21.200000762939453,19.22832679748535,39700
2018-02-13,20.93000030517578,21.030000686645508,20.399999618530273,20.5,18.672698974609375,36900
2018-02-14,20.329999923706055,20.520000457763672,20.1299991607666,20.43000030517578,18.608938217163086,50300
2018-02-15,20.809999465942383,20.989999771118164,20.389999389648438,20.809999465942383,18.95506477355957,34100
2018-02-16,20.799999237060547,21.350000381469727,20.799999237060547,21.260000228881836,19.364953994750977,44600
2018-02-20,21.049999237060547,21.34000015258789,20.709999084472656,20.809999465942383,18.95506477355957,33500
2018-02-21,20.719999313354492,21.610000610351562,20.719999313354492,20.90999984741211,19.04615592956543,28000
2018-02-22,20.93000030517578,21.110000610351562,20.649999618530273,20.65999984741211,18.818437576293945,19800
2018-02-23,20.780000686645508,20.90999984741211,20.56999969482422,20.75,18.900413513183594,15700
2018-02-26,20.829999923706055,20.979999542236328,20.65999984741211,20.709999084472656,18.86397933959961,21000
2018-02-27,20.709999084472656,21.0,20.6200008392334,20.84000015258789,18.982391357421875,40900
2018-02-28,20.90999984741211,21.3700008392334,20.200000762939453,20.209999084472656,18.408544540405273,60100
2018-03-01,20.149999618530273,20.68000030517578,19.889999389648438,20.100000381469727,18.3083553314209,31300
2018-03-02,19.799999237060547,20.1299991607666,19.760000228881836,19.93000030517578,18.153507232666016,54600
2018-03-05,19.899999618530273,20.6200008392334,19.899999618530273,20.559999465942383,18.72735023498535,37200
2018-03-06,20.559999465942383,20.93000030517578,20.299999237060547,20.829999923706055,18.973285675048828,18000
2018-03-07,20.790000915527344,21.399999618530273,20.719999313354492,21.280000686645508,19.383169174194336,30700
2018-03-08,21.329999923706055,21.450000762939453,20.860000610351562,21.010000228881836,19.13724136352539,12000
2018-03-09,21.149999618530273,21.729999542236328,20.700000762939453,21.649999618530273,19.720191955566406,31900
2018-03-12,21.610000610351562,21.729999542236328,21.200000762939453,21.719999313354492,19.783952713012695,19200
2018-03-13,21.799999237060547,22.110000610351562,21.15999984741211,21.639999389648438,19.711084365844727,28800
2018-03-14,21.719999313354492,21.790000915527344,21.329999923706055,21.719999313354492,19.783952713012695,27200
2018-03-15,21.799999237060547,21.799999237060547,21.25,21.469999313354492,19.556232452392578,25900
2018-03-16,21.479999542236328,21.969999313354492,21.479999542236328,21.770000457763672,19.829492568969727,33800
2018-03-19,21.760000228881836,21.959999084472656,21.3700008392334,21.959999084472656,20.002561569213867,22000
2018-03-20,21.920000076293945,22.299999237060547,21.3700008392334,21.5,19.58356475830078,17600
2018-03-21,21.510000228881836,22.0,21.5,21.860000610351562,19.911474227905273,23100
2018-03-22,21.950000762939453,22.0,21.56999969482422,21.709999084472656,19.774843215942383,37200
2018-03-23,21.719999313354492,21.719999313354492,21.010000228881836,21.079999923706055,19.200998306274414,34000
2018-03-26,21.5,21.5,20.690000534057617,21.280000686645508,19.383169174194336,23000
2018-03-27,21.0,21.280000686645508,20.770000457763672,21.0,19.128131866455078,18600
2018-03-28,21.110000610351562,21.219999313354492,20.860000610351562,21.110000610351562,19.228322982788086,24000
2018-03-29,21.1299991607666,21.899999618530273,21.1299991607666,21.420000076293945,19.510690689086914,23600
2018-04-02,21.350000381469727,21.700000762939453,20.8799991607666,21.360000610351562,19.456043243408203,37800
2018-04-03,21.489999771118164,21.489999771118164,20.8799991607666,20.979999542236328,19.10991096496582,88600
2018-04-04,20.790000915527344,21.149999618530273,20.75,21.0,19.128131866455078,42300
2018-04-05,21.200000762939453,21.979999542236328,21.100000381469727,21.290000915527344,19.392284393310547,61000
2018-04-06,21.190000534057617,21.719999313354492,20.889999389648438,21.6200008392334,19.692867279052734,89200
2018-04-09,21.809999465942383,22.100000381469727,21.579999923706055,21.690000534057617,19.756629943847656,33100
2018-04-10,21.950000762939453,22.209999084472656,21.610000610351562,21.649999618530273,19.720191955566406,35700
2018-04-11,21.639999389648438,21.739999771118164,21.3799991607666,21.579999923706055,19.656431198120117,32100
2018-04-12,21.670000076293945,21.8700008392334,21.239999771118164,21.5,19.58356475830078,15900
2018-04-13,21.690000534057617,21.690000534057617,21.329999923706055,21.479999542236328,19.565345764160156,23200
2018-04-16,21.899999618530273,22.06999969482422,20.8700008392334,21.479999542236328,19.565345764160156,19900
2018-04-17,21.950000762939453,21.950000762939453,21.579999923706055,21.75,19.811279296875,17600
2018-04-18,21.84000015258789,21.84000015258789,21.309999465942383,21.530000686645508,19.610889434814453,28300
2018-04-19,21.520000457763672,21.90999984741211,21.459999084472656,21.850000381469727,19.902362823486328,15800
2018-04-20,21.34000015258789,21.770000457763672,21.260000228881836,21.59000015258789,19.665536880493164,11100
2018-04-23,21.420000076293945,21.739999771118164,21.170000076293945,21.399999618530273,19.492473602294922,11300
2018-04-24,21.459999084472656,22.020000457763672,21.329999923706055,21.950000762939453,19.99345588684082,40800
2018-04-25,21.860000610351562,22.190000534057617,21.59000015258789,22.030000686645508,20.066320419311523,35000
2018-04-26,22.030000686645508,22.100000381469727,21.610000610351562,21.959999084472656,20.002561569213867,18700
2018-04-27,21.93000030517578,22.450000762939453,21.479999542236328,21.950000762939453,19.99345588684082,10600
2018-04-30,21.93000030517578,21.93000030517578,21.469999313354492,21.579999923706055,19.656431198120117,28200
2018-05-01,21.540000915527344,22.079999923706055,21.0,22.030000686645508,20.066320419311523,14000
2018-05-02,22.010000228881836,22.6200008392334,22.010000228881836,22.5,20.49442481994629,37500
2018-05-03,22.420000076293945,22.600000381469727,21.889999389648438,22.559999465942383,20.549076080322266,29400
2018-05-04,22.450000762939453,23.09000015258789,22.450000762939453,23.059999465942383,21.004505157470703,19500
2018-05-07,23.100000381469727,23.940000534057617,23.100000381469727,23.68000030517578,21.569246292114258,45200
2018-05-08,23.739999771118164,23.989999771118164,23.450000762939453,23.959999084472656,21.82428550720215,29600
2018-05-09,23.920000076293945,24.229999542236328,23.809999465942383,23.959999084472656,21.82428550720215,43100
2018-05-10,24.020000457763672,24.18000030517578,23.799999237060547,23.860000610351562,21.733200073242188,15300
2018-05-11,23.8799991607666,23.8799991607666,23.40999984741211,23.549999237060547,21.45083236694336,14300
2018-05-14,23.520000457763672,24.1299991607666,23.520000457763672,23.889999389648438,21.76052474975586,24600
2018-05-15,23.889999389648438,24.239999771118164,23.889999389648438,24.1200008392334,21.97002601623535,13200
2018-05-16,24.1200008392334,24.65999984741211,24.1200008392334,24.389999389648438,22.215957641601562,25700
2018-05-17,24.5,24.799999237060547,24.299999237060547,24.670000076293945,22.470998764038086,25900
2018-05-18,24.760000228881836,25.190000534057617,24.75,24.90999984741211,22.689603805541992,39100
2018-05-21,25.010000228881836,25.540000915527344,25.010000228881836,25.40999984741211,23.145036697387695,16000
2018-05-22,25.399999618530273,25.5,25.030000686645508,25.18000030517578,22.93553924560547,47900
2018-05-23,25.049999237060547,25.239999771118164,24.920000076293945,24.920000076293945,22.698713302612305,14700
2018-05-24,24.889999389648438,25.229999542236328,24.889999389648438,25.059999465942383,22.826236724853516,23900
2018-05-25,25.1299991607666,25.59000015258789,25.020000457763672,25.200000762939453,22.953758239746094,19200
2018-05-29,25.059999465942383,25.75,24.979999542236328,25.6299991607666,23.345428466796875,26400
2018-05-30,25.719999313354492,26.440000534057617,25.709999084472656,26.190000534057617,23.855510711669922,21700
2018-05-31,27.5,27.5,25.40999984741211,25.510000228881836,23.236125946044922,135100
2018-06-01,25.639999389648438,26.81999969482422,25.489999771118164,26.5,24.137880325317383,69000
2018-06-04,26.600000381469727,26.809999465942383,25.520000457763672,25.950000762939453,23.636903762817383,49400
2018-06-05,25.940000534057617,26.059999465942383,25.739999771118164,25.84000015258789,23.536712646484375,40300
2018-06-06,25.889999389648438,26.700000762939453,25.889999389648438,26.459999084472656,24.101444244384766,30800
2018-06-07,26.489999771118164,26.81999969482422,25.790000915527344,25.790000915527344,23.491167068481445,35800
2018-06-08,25.84000015258789,26.299999237060547,25.690000534057617,25.700000762939453,23.4091854095459,26400
2018-06-11,25.670000076293945,26.040000915527344,25.420000076293945,25.6299991607666,23.345428466796875,61200
2018-06-12,25.6200008392334,25.719999313354492,24.959999084472656,25.110000610351562,22.95237922668457,45300
2018-06-13,25.15999984741211,25.479999542236328,25.1299991607666,25.389999389648438,23.20831298828125,17100
2018-06-14,25.3700008392334,25.65999984741211,24.899999618530273,25.100000381469727,22.943235397338867,27700
2018-06-15,25.100000381469727,25.579999923706055,24.8799991607666,25.5,23.308866500854492,44300
2018-06-18,25.309999465942383,25.8700008392334,25.280000686645508,25.850000381469727,23.62879180908203,36600
2018-06-19,25.670000076293945,26.309999465942383,25.1200008392334,26.100000381469727,23.857303619384766,36600
2018-06-20,26.110000610351562,26.450000762939453,26.010000228881836,26.34000015258789,24.076683044433594,16900
2018-06-21,26.0,26.459999084472656,25.989999771118164,26.100000381469727,23.857303619384766,65900
2018-06-22,26.31999969482422,27.510000228881836,26.31999969482422,27.40999984741211,25.05474853515625,71400
2018-06-25,27.31999969482422,27.31999969482422,26.469999313354492,26.5,24.222936630249023,40700
2018-06-26,26.59000015258789,26.969999313354492,26.399999618530273,26.739999771118164,24.44231414794922,20200
2018-06-27,26.729999542236328,26.979999542236328,25.959999084472656,26.15999984741211,23.912153244018555,44100
2018-06-28,26.170000076293945,26.469999313354492,25.899999618530273,25.989999771118164,23.756757736206055,20000
2018-06-29,26.209999084472656,26.280000686645508,25.729999542236328,25.809999465942383,23.592226028442383,24600
2018-07-02,25.709999084472656,26.190000534057617,25.1200008392334,26.139999389648438,23.893871307373047,39500
2018-07-03,26.1299991607666,26.219999313354492,26.020000457763672,26.18000030517578,23.930435180664062,3500
2018-07-05,26.25,26.600000381469727,25.690000534057617,26.520000457763672,24.241222381591797,33800
2018-07-06,26.600000381469727,26.829999923706055,26.1200008392334,26.1299991607666,23.88473129272461,9600
2018-07-09,26.229999542236328,26.829999923706055,26.229999542236328,26.649999618530273,24.36004638671875,20600
2018-07-10,26.649999618530273,26.889999389648438,25.93000030517578,26.110000610351562,23.86644744873047,15400
2018-07-11,25.90999984741211,26.079999923706055,25.690000534057617,25.760000228881836,23.546524047851562,9600
2018-07-12,25.780000686645508,25.979999542236328,25.239999771118164,25.520000457763672,23.327146530151367,26000
2018-07-13,25.75,26.079999923706055,25.739999771118164,25.940000534057617,23.711055755615234,20100
2018-07-16,25.510000228881836,25.790000915527344,25.350000381469727,25.75,23.53738021850586,21100
2018-07-17,25.809999465942383,26.139999389648438,25.639999389648438,25.75,23.53738021850586,34800
2018-07-18,25.829999923706055,25.959999084472656,25.600000381469727,25.739999771118164,23.528244018554688,23000
2018-07-19,25.799999237060547,26.170000076293945,25.670000076293945,25.8799991607666,23.65620994567871,24400
2018-07-20,25.899999618530273,26.579999923706055,25.540000915527344,26.290000915527344,24.030981063842773,68900
2018-07-23,26.34000015258789,27.209999084472656,26.34000015258789,26.579999923706055,24.296062469482422,50300
2018-07-24,26.6299991607666,26.770000457763672,25.989999771118164,26.06999969482422,23.829883575439453,14000
2018-07-25,25.989999771118164,26.110000610351562,25.799999237060547,25.850000381469727,23.62879180908203,20300
2018-07-26,25.889999389648438,26.040000915527344,25.799999237060547,26.030000686645508,23.793323516845703,12100
2018-07-27,26.110000610351562,26.110000610351562,25.5,25.700000762939453,23.491680145263672,11900
2018-07-30,25.700000762939453,26.239999771118164,25.200000762939453,26.100000381469727,23.857303619384766,18000
2018-07-31,26.09000015258789,26.709999084472656,25.90999984741211,26.6299991607666,24.341766357421875,26200
2018-08-01,26.6200008392334,26.6200008392334,25.780000686645508,25.899999618530273,23.67449188232422,22300
2018-08-02,25.780000686645508,25.780000686645508,24.989999771118164,25.420000076293945,23.23573875427246,59200
2018-08-03,25.59000015258789,25.959999084472656,22.549999237060547,25.670000076293945,23.46425437927246,49800
2018-08-06,25.950000762939453,26.670000076293945,25.780000686645508,26.299999237060547,24.040124893188477,11600
2018-08-07,26.399999618530273,26.739999771118164,26.360000610351562,26.65999984741211,24.369190216064453,16300
2018-08-08,26.649999618530273,28.0,26.6200008392334,27.959999084472656,25.557479858398438,25100
2018-08-09,27.889999389648438,27.989999771118164,27.549999237060547,27.989999771118164,25.58490562438965,14500
2018-08-10,27.549999237060547,28.0,27.549999237060547,27.979999542236328,25.57576560974121,18000
2018-08-13,28.0,28.0,27.59000015258789,27.780000686645508,25.392955780029297,12300
2018-08-14,27.280000686645508,28.299999237060547,27.280000686645508,28.079999923706055,25.759899139404297,13900
2018-08-15,28.030000686645508,28.43000030517578,27.84000015258789,27.959999084472656,25.649812698364258,25400
2018-08-16,28.139999389648438,28.829999923706055,27.489999771118164,28.579999923706055,26.21858787536621,13800
2018-08-17,28.5,28.979999542236328,27.809999465942383,27.959999084472656,25.649812698364258,23400
2018-08-20,28.059999465942383,28.5,27.399999618530273,28.3700008392334,26.025936126708984,10200
2018-08-21,27.969999313354492,28.549999237060547,27.959999084472656,28.290000915527344,25.952550888061523,16300
2018-08-22,28.389999389648438,28.389999389648438,27.540000915527344,27.579999923706055,25.301212310791016,26300
2018-08-23,27.540000915527344,27.540000915527344,26.739999771118164,27.100000381469727,24.860876083374023,26100
2018-08-24,27.219999313354492,27.899999618530273,27.219999313354492,27.829999923706055,25.53055763244629,20400
2018-08-27,27.850000381469727,27.969999313354492,27.510000228881836,27.540000915527344,25.26451873779297,10300
2018-08-28,27.59000015258789,27.889999389648438,27.25,27.549999237060547,25.27368927001953,8100
2018-08-29,27.540000915527344,27.59000015258789,27.280000686645508,27.540000915527344,25.26451873779297,6400
2018-08-30,27.450000762939453,27.950000762939453,26.3700008392334,27.850000381469727,25.548904418945312,18500
2018-08-31,27.8700008392334,28.059999465942383,26.81999969482422,27.809999465942383,25.512208938598633,26500
2018-09-04,27.65999984741211,27.65999984741211,26.90999984741211,27.219999313354492,24.970956802368164,8800
2018-09-05,27.18000030517578,27.860000610351562,27.049999237060547,27.1299991607666,24.888389587402344,8400
2018-09-06,27.06999969482422,27.09000015258789,25.610000610351562,26.530000686645508,24.337968826293945,24300
2018-09-07,26.440000534057617,27.31999969482422,26.260000228881836,27.309999465942383,25.05352020263672,15200
2018-09-10,27.360000610351562,27.469999313354492,26.760000228881836,27.360000610351562,25.099390029907227,13100
2018-09-11,26.739999771118164,27.65999984741211,26.739999771118164,27.479999542236328,25.209474563598633,11300
2018-09-12,27.290000915527344,27.309999465942383,27.030000686645508,27.15999984741211,24.915916442871094,10400
2018-09-13,26.809999465942383,27.75,26.809999465942383,27.450000762939453,25.181957244873047,17200
2018-09-14,27.690000534057617,28.610000610351562,27.43000030517578,27.84000015258789,25.539731979370117,14300
2018-09-17,27.899999618530273,27.899999618530273,27.0,27.170000076293945,24.925090789794922,9700
2018-09-18,27.299999237060547,27.8700008392334,27.0,27.190000534057617,24.943437576293945,15800
2018-09-19,27.15999984741211,27.15999984741211,26.780000686645508,26.979999542236328,24.750789642333984,10800
2018-09-20,26.860000610351562,28.18000030517578,26.809999465942383,28.09000015258789,25.769075393676758,15900
2018-09-21,28.1200008392334,28.1299991607666,27.770000457763672,28.100000381469727,25.778249740600586,49200
2018-09-24,27.809999465942383,27.809999465942383,27.290000915527344,27.670000076293945,25.383773803710938,10300
2018-09-25,27.6299991607666,28.1200008392334,27.510000228881836,28.0,25.686511993408203,16300
2018-09-26,28.100000381469727,28.18000030517578,27.579999923706055,27.6299991607666,25.347082138061523,31100
2018-09-27,27.760000228881836,28.18000030517578,27.729999542236328,28.0,25.686511993408203,27900
2018-09-28,28.09000015258789,28.170000076293945,28.020000457763672,28.170000076293945,25.842466354370117,10800
2018-10-01,28.18000030517578,28.229999542236328,27.84000015258789,27.950000762939453,25.640644073486328,11400
2018-10-02,27.950000762939453,28.139999389648438,27.389999389648438,27.559999465942383,25.28286361694336,11600
2018-10-03,27.729999542236328,28.079999923706055,27.530000686645508,28.059999465942383,25.74155044555664,8900
2018-10-04,27.899999618530273,28.729999542236328,27.6299991607666,28.309999465942383,25.970901489257812,36100
2018-10-05,28.3799991607666,28.5,28.100000381469727,28.280000686645508,25.943376541137695,7500
2018-10-08,28.270000457763672,28.700000762939453,27.399999618530273,27.469999313354492,25.20030403137207,12800
2018-10-09,27.950000762939453,28.209999084472656,27.610000610351562,27.770000457763672,25.47551155090332,42700
2018-10-10,28.540000915527344,28.540000915527344,27.559999465942383,27.559999465942383,25.28286361694336,46200
2018-10-11,27.540000915527344,27.639999389648438,26.350000381469727,26.350000381469727,24.1728458404541,22000
2018-10-12,26.8700008392334,27.280000686645508,26.299999237060547,26.530000686645508,24.337968826293945,43900
2018-10-15,26.549999237060547,27.1299991607666,26.450000762939453,26.700000762939453,24.493921279907227,41500
2018-10-16,26.559999465942383,27.579999923706055,25.31999969482422,26.149999618530273,23.989368438720703,78800
2018-10-17,26.09000015258789,26.559999465942383,25.90999984741211,26.100000381469727,23.94349479675293,24900
2018-10-18,25.969999313354492,26.239999771118164,25.600000381469727,25.719999313354492,23.59489631652832,23200
2018-10-19,25.610000610351562,25.770000457763672,24.93000030517578,24.969999313354492,22.9068660736084,30000
2018-10-22,25.020000457763672,25.229999542236328,24.6200008392334,24.920000076293945,22.860994338989258,58900
2018-10-23,24.649999618530273,24.649999618530273,24.149999618530273,24.15999984741211,22.163789749145508,31800
2018-10-24,24.440000534057617,24.459999084472656,23.510000228881836,23.520000457763672,21.57666778564453,21800
2018-10-25,23.690000534057617,24.0,23.290000915527344,23.43000030517578,21.494108200073242,41300
2018-10-26,23.190000534057617,23.850000381469727,23.059999465942383,23.56999969482422,21.622535705566406,33600
2018-10-29,23.81999969482422,24.260000228881836,23.290000915527344,23.510000228881836,21.567493438720703,26600
2018-10-30,23.440000534057617,24.149999618530273,23.440000534057617,23.959999084472656,21.98031234741211,39500
2018-10-31,24.200000762939453,24.829999923706055,24.200000762939453,24.610000610351562,22.57660675048828,29500
2018-11-01,25.219999313354492,25.350000381469727,24.920000076293945,24.969999313354492,22.9068660736084,25400
2018-11-02,25.030000686645508,25.739999771118164,24.700000762939453,24.90999984741211,22.851821899414062,28400
2018-11-05,24.889999389648438,25.100000381469727,24.6200008392334,24.75,22.705041885375977,23800
2018-11-06,24.709999084472656,24.889999389648438,24.690000534057617,24.850000381469727,22.796777725219727,11300
2018-11-07,24.899999618530273,26.209999084472656,24.770000457763672,25.989999771118164,23.84258270263672,24300
2018-11-08,25.709999084472656,26.270000457763672,25.25,26.25,24.081106185913086,5400
2018-11-09,26.110000610351562,26.389999389648438,25.6299991607666,26.25,24.081106185913086,29200
2018-11-12,26.229999542236328,26.229999542236328,25.3799991607666,25.670000076293945,23.54902458190918,21900
2018-11-13,25.68000030517578,26.540000915527344,25.6299991607666,26.299999237060547,24.12697410583496,22200
2018-11-14,26.43000030517578,26.5,25.200000762939453,25.200000762939453,23.117860794067383,26200
2018-11-15,25.110000610351562,25.93000030517578,24.90999984741211,25.479999542236328,23.374725341796875,24900
2018-11-16,25.34000015258789,25.5,24.940000534057617,25.479999542236328,23.374725341796875,35200
2018-11-19,25.290000915527344,25.790000915527344,25.079999923706055,25.170000076293945,23.0903377532959,11900
2018-11-20,24.780000686645508,25.15999984741211,24.5,25.010000228881836,23.035076141357422,15100
2018-11-21,25.06999969482422,25.469999313354492,24.600000381469727,24.829999923706055,22.869293212890625,7900
2018-11-23,24.75,24.989999771118164,24.639999389648438,24.989999771118164,23.01665687561035,5700
2018-11-26,25.0,25.389999389648438,24.6200008392334,25.139999389648438,23.15481185913086,26700
2018-11-27,24.989999771118164,25.06999969482422,24.610000610351562,24.81999969482422,22.860076904296875,7500
2018-11-28,24.81999969482422,25.950000762939453,24.6299991607666,25.860000610351562,23.81795883178711,16500
2018-11-29,25.709999084472656,26.200000762939453,24.920000076293945,24.920000076293945,22.952184677124023,18000
2018-11-30,24.940000534057617,25.209999084472656,24.56999969482422,24.920000076293945,22.952184677124023,218000
2018-12-03,25.329999923706055,26.350000381469727,25.329999923706055,26.010000228881836,23.956113815307617,30300
2018-12-04,25.139999389648438,25.979999542236328,24.5,24.75,22.795604705810547,29100
2018-12-06,24.389999389648438,24.950000762939453,24.1200008392334,24.299999237060547,22.381145477294922,25500
2018-12-07,24.709999084472656,24.709999084472656,23.209999084472656,23.299999237060547,21.460107803344727,19300
2018-12-10,23.079999923706055,23.450000762939453,22.489999771118164,23.360000610351562,21.51537322998047,20600
2018-12-11,23.59000015258789,24.1299991607666,23.260000228881836,23.43000030517578,21.57984161376953,16200
2018-12-12,23.739999771118164,24.280000686645508,22.600000381469727,23.1299991607666,21.30352783203125,22900
2018-12-13,23.3700008392334,23.3700008392334,22.15999984741211,22.579999923706055,20.796964645385742,18800
2018-12-14,23.020000457763672,23.020000457763672,22.040000915527344,22.670000076293945,20.879858016967773,13500
2018-12-17,23.270000457763672,23.270000457763672,22.0,22.25,20.493019104003906,16800
2018-12-18,22.260000228881836,22.260000228881836,21.59000015258789,22.1200008392334,20.373289108276367,24000
2018-12-19,22.09000015258789,22.1200008392334,20.850000381469727,20.979999542236328,19.323305130004883,58800
2018-12-20,20.860000610351562,21.43000030517578,20.190000534057617,20.81999969482422,19.17593765258789,20100
2018-12-21,20.8700008392334,21.299999237060547,20.399999618530273,20.530000686645508,18.908843994140625,73200
2018-12-24,20.049999237060547,21.649999618530273,19.479999542236328,20.610000610351562,18.982526779174805,20700
2018-12-26,20.739999771118164,21.239999771118164,20.149999618530273,21.100000381469727,19.4338321685791,23700
2018-12-27,20.829999923706055,21.399999618530273,20.790000915527344,21.1200008392334,19.452253341674805,21600
2018-12-28,21.190000534057617,22.68000030517578,20.790000915527344,22.479999542236328,20.704858779907227,50000
2018-12-31,22.559999465942383,23.420000076293945,21.860000610351562,22.84000015258789,21.03643226623535,43200
2019-01-02,22.65999984741211,23.209999084472656,22.65999984741211,22.979999542236328,21.165376663208008,22700
2019-01-03,22.8700008392334,23.1200008392334,22.1200008392334,22.969999313354492,21.15616798400879,24000
2019-01-04,23.25,23.8799991607666,23.049999237060547,23.8700008392334,21.98509979248047,25900
2019-01-07,23.8700008392334,24.719999313354492,23.479999542236328,24.520000457763672,22.583768844604492,21000
2019-01-08,24.899999618530273,24.899999618530273,23.8799991607666,24.190000534057617,22.279829025268555,40600
2019-01-09,24.3799991607666,24.770000457763672,24.040000915527344,24.450000762939453,22.519296646118164,18100
2019-01-10,24.389999389648438,24.59000015258789,24.06999969482422,24.200000762939453,22.289037704467773,7700
2019-01-11,24.09000015258789,24.459999084472656,23.65999984741211,23.739999771118164,21.8653621673584,14400
2019-01-14,23.540000915527344,23.829999923706055,23.100000381469727,23.15999984741211,21.331161499023438,16000
2019-01-15,22.850000381469727,23.440000534057617,22.549999237060547,23.030000686645508,21.211429595947266,33200
2019-01-16,23.100000381469727,23.100000381469727,22.3799991607666,22.899999618530273,21.09169578552246,12800
2019-01-17,22.469999313354492,23.469999313354492,22.469999313354492,23.170000076293945,21.340373992919922,11200
2019-01-18,23.280000686645508,23.940000534057617,22.989999771118164,23.3799991607666,21.533790588378906,22900
2019-01-22,23.200000762939453,23.760000228881836,22.559999465942383,23.530000686645508,21.671947479248047,20600
2019-01-23,22.790000915527344,23.760000228881836,22.790000915527344,23.479999542236328,21.625892639160156,10300
2019-01-24,23.440000534057617,23.829999923706055,22.969999313354492,23.200000762939453,21.368005752563477,13000
2019-01-25,23.389999389648438,23.90999984741211,23.1200008392334,23.469999313354492,21.61668586730957,8200
2019-01-28,23.260000228881836,23.719999313354492,22.56999969482422,22.790000915527344,20.990379333496094,11600
2019-01-29,22.600000381469727,23.079999923706055,22.25,22.75,20.95353889465332,12400
2019-01-30,22.56999969482422,22.860000610351562,22.200000762939453,22.389999389648438,20.621967315673828,20700
2019-01-31,22.0,23.200000762939453,21.389999389648438,22.399999618530273,20.63117790222168,23200
2019-02-01,22.479999542236328,23.040000915527344,22.329999923706055,22.950000762939453,21.13774299621582,12000
2019-02-04,22.239999771118164,22.899999618530273,21.799999237060547,22.510000228881836,20.73249053955078,25200
2019-02-05,22.489999771118164,22.81999969482422,21.809999465942383,22.469999313354492,20.695650100708008,6900
2019-02-06,22.600000381469727,22.799999237060547,21.860000610351562,22.68000030517578,20.88906478881836,6700
2019-02-07,22.1299991607666,22.350000381469727,21.829999923706055,21.829999923706055,20.106184005737305,11600
2019-02-08,21.770000457763672,21.770000457763672,21.229999542236328,21.329999923706055,19.64566993713379,15900
2019-02-11,20.84000015258789,21.360000610351562,20.84000015258789,21.010000228881836,19.442087173461914,9200
2019-02-12,21.200000762939453,21.59000015258789,21.170000076293945,21.270000457763672,19.68268394470215,4200
2019-02-13,21.389999389648438,22.139999389648438,21.200000762939453,22.010000228881836,20.367460250854492,21700
2019-02-14,21.860000610351562,22.0,21.34000015258789,21.56999969482422,19.960298538208008,21400
2019-02-15,21.770000457763672,22.6299991607666,21.770000457763672,22.31999969482422,20.654325485229492,37300
2019-02-19,22.34000015258789,22.850000381469727,21.760000228881836,22.510000228881836,20.830148696899414,19100
2019-02-20,21.709999084472656,23.290000915527344,21.709999084472656,23.170000076293945,21.44089126586914,20400
2019-02-21,23.149999618530273,23.530000686645508,22.68000030517578,23.219999313354492,21.487163543701172,31000
2019-02-22,23.309999465942383,23.59000015258789,22.850000381469727,23.040000915527344,21.320592880249023,11000
2019-02-25,23.190000534057617,23.5,22.030000686645508,22.030000686645508,20.38596534729004,20700
2019-02-26,22.260000228881836,22.68000030517578,21.790000915527344,22.34000015258789,20.672828674316406,10000
2019-02-27,22.440000534057617,22.65999984741211,21.959999084472656,22.299999237060547,20.635818481445312,14400
2019-02-28,22.450000762939453,22.889999389648438,22.450000762939453,22.649999618530273,20.959701538085938,13300
2019-03-01,22.799999237060547,22.969999313354492,22.40999984741211,22.56999969482422,20.885671615600586,7700
2019-03-04,22.459999084472656,22.829999923706055,22.010000228881836,22.010000228881836,20.367460250854492,12000
2019-03-05,22.040000915527344,22.18000030517578,21.670000076293945,21.780000686645508,20.154626846313477,20100
2019-03-06,21.850000381469727,21.969999313354492,21.6200008392334,21.75,20.126863479614258,12400
2019-03-07,21.850000381469727,21.850000381469727,21.100000381469727,21.299999237060547,19.710445404052734,22500
2019-03-08,21.3700008392334,21.559999465942383,21.149999618530273,21.34000015258789,19.74745750427246,6600
2019-03-11,21.31999969482422,21.81999969482422,21.31999969482422,21.68000030517578,20.062088012695312,4700
2019-03-12,21.829999923706055,22.0,21.360000610351562,21.790000915527344,20.16387939453125,11300
2019-03-13,21.81999969482422,22.450000762939453,21.579999923706055,21.579999923706055,19.96954917907715,16000
2019-03-14,21.65999984741211,22.09000015258789,20.989999771118164,20.989999771118164,19.423580169677734,28900
2019-03-15,21.040000915527344,21.729999542236328,20.649999618530273,20.8700008392334,19.312538146972656,68900
2019-03-18,21.06999969482422,21.540000915527344,20.93000030517578,21.1200008392334,19.54387855529785,21000
2019-03-19,21.200000762939453,21.540000915527344,20.170000076293945,20.209999084472656,18.7017879486084,57300
2019-03-20,21.0,21.0,20.31999969482422,20.940000534057617,19.37731170654297,13300
2019-03-21,20.860000610351562,20.8799991607666,20.56999969482422,20.6200008392334,19.081192016601562,13400
2019-03-22,20.65999984741211,20.65999984741211,19.420000076293945,19.540000915527344,18.081789016723633,17300
2019-03-25,19.68000030517578,19.68000030517578,19.0,19.110000610351562,17.683879852294922,14100
2019-03-26,19.3799991607666,20.459999084472656,19.059999465942383,20.209999084472656,18.7017879486084,58900
2019-03-27,20.170000076293945,20.209999084472656,19.510000228881836,19.579999923706055,18.11880111694336,6500
2019-03-28,19.670000076293945,19.940000534057617,19.3799991607666,19.469999313354492,18.017013549804688,9200
2019-03-29,19.65999984741211,20.110000610351562,19.200000762939453,19.6299991607666,18.16507339477539,32600
2019-04-01,19.84000015258789,20.280000686645508,19.84000015258789,20.15999984741211,18.655521392822266,3300
2019-04-02,20.3700008392334,20.3700008392334,19.959999084472656,19.969999313354492,18.479700088500977,29400
2019-04-03,20.280000686645508,20.479999542236328,20.1299991607666,20.309999465942383,18.79432487487793,4500
2019-04-04,20.329999923706055,20.459999084472656,20.0,20.059999465942383,18.5629825592041,4700
2019-04-05,20.34000015258789,20.34000015258789,19.809999465942383,19.93000030517578,18.44268798828125,10200
2019-04-08,20.239999771118164,20.309999465942383,19.8799991607666,20.1299991607666,18.627758026123047,4600
2019-04-09,21.0,21.0,19.520000457763672,19.540000915527344,18.081789016723633,6600
2019-04-10,19.75,19.850000381469727,19.270000457763672,19.809999465942383,18.33163833618164,11800
2019-04-11,20.31999969482422,20.31999969482422,19.709999084472656,20.0,18.507457733154297,3200
2019-04-12,20.389999389648438,20.43000030517578,19.979999542236328,20.270000457763672,18.757308959960938,54300
2019-04-15,20.25,20.25,20.0,20.0,18.507457733154297,2800
2019-04-16,20.389999389648438,20.389999389648438,20.0,20.0,18.507457733154297,4200
2019-04-17,20.239999771118164,20.40999984741211,19.989999771118164,20.0,18.507457733154297,10000
2019-04-18,20.0,20.40999984741211,19.530000686645508,19.920000076293945,18.433433532714844,18000
2019-04-22,19.899999618530273,20.299999237060547,19.510000228881836,19.75,18.27611541748047,7000
2019-04-23,20.059999465942383,20.139999389648438,19.979999542236328,20.139999389648438,18.637012481689453,3700
2019-04-24,20.0,20.0,19.31999969482422,19.510000228881836,18.054027557373047,60200
2019-04-25,19.469999313354492,19.780000686645508,19.290000915527344,19.299999237060547,17.859697341918945,49200
2019-04-26,19.440000534057617,19.8799991607666,19.440000534057617,19.709999084472656,18.239099502563477,40000
2019-04-29,20.170000076293945,20.719999313354492,20.170000076293945,20.700000762939453,19.15522003173828,10600
2019-04-30,20.510000228881836,20.959999084472656,20.510000228881836,20.700000762939453,19.15522003173828,13500
2019-05-01,20.719999313354492,21.06999969482422,20.579999923706055,20.579999923706055,19.044178009033203,7600
2019-05-02,20.700000762939453,20.760000228881836,20.540000915527344,20.559999465942383,19.02566909790039,5400
2019-05-03,20.75,20.969999313354492,20.15999984741211,20.93000030517578,19.36805534362793,19700
2019-05-06,20.440000534057617,20.93000030517578,20.389999389648438,20.790000915527344,19.23850440979004,10200
2019-05-07,20.510000228881836,20.90999984741211,20.290000915527344,20.760000228881836,19.21074676513672,8400
2019-05-08,20.719999313354492,21.209999084472656,20.65999984741211,20.65999984741211,19.118207931518555,6700
2019-05-09,20.8799991607666,20.8799991607666,20.540000915527344,20.670000076293945,19.127458572387695,5200
2019-05-10,20.809999465942383,20.809999465942383,20.299999237060547,20.299999237060547,18.78507423400879,5700
2019-05-13,19.950000762939453,20.260000228881836,19.860000610351562,20.0,18.507457733154297,9700
2019-05-14,20.459999084472656,20.979999542236328,20.020000457763672,20.829999923706055,19.275516510009766,14900
2019-05-15,20.809999465942383,21.799999237060547,20.809999465942383,21.34000015258789,19.74745750427246,28300
2019-05-16,21.540000915527344,22.600000381469727,21.540000915527344,22.360000610351562,20.691341400146484,12900
2019-05-17,22.200000762939453,22.84000015258789,22.200000762939453,22.75,21.052236557006836,10500
2019-05-20,22.3700008392334,22.84000015258789,21.969999313354492,22.600000381469727,20.913429260253906,11800
2019-05-21,22.510000228881836,22.700000762939453,22.260000228881836,22.3799991607666,20.709848403930664,8600
2019-05-22,22.389999389648438,22.440000534057617,22.010000228881836,22.3700008392334,20.70059585571289,21500
2019-05-23,22.059999465942383,22.3799991607666,20.639999389648438,21.299999237060547,19.710445404052734,30600
2019-05-24,21.40999984741211,21.40999984741211,20.079999923706055,20.969999313354492,19.405071258544922,43900
2019-05-28,20.8700008392334,21.399999618530273,20.420000076293945,20.420000076293945,18.8961181640625,20100
2019-05-29,20.3700008392334,20.81999969482422,20.149999618530273,20.399999618530273,18.87761116027832,29700
2019-05-30,20.200000762939453,20.739999771118164,20.200000762939453,20.420000076293945,18.8961181640625,11300
2019-05-31,19.950000762939453,20.40999984741211,18.959999084472656,20.40999984741211,18.886859893798828,51100
2019-06-03,20.270000457763672,20.65999984741211,19.600000381469727,20.139999389648438,18.637012481689453,18700
2019-06-04,20.1299991607666,20.709999084472656,20.1299991607666,20.68000030517578,19.136714935302734,14400
2019-06-05,20.479999542236328,20.729999542236328,20.309999465942383,20.729999542236328,19.182985305786133,8500
2019-06-06,20.690000534057617,20.709999084472656,20.18000030517578,20.5,18.97014808654785,14900
2019-06-07,20.649999618530273,20.719999313354492,20.389999389648438,20.649999618530273,19.108951568603516,9300
2019-06-10,20.719999313354492,21.0,20.469999313354492,21.0,19.43283462524414,8000
2019-06-11,21.40999984741211,21.40999984741211,20.690000534057617,21.020000457763672,19.544410705566406,13100
2019-06-12,20.809999465942383,20.84000015258789,20.299999237060547,20.5,19.0609130859375,8500
2019-06-13,20.790000915527344,20.93000030517578,20.489999771118164,20.739999771118164,19.284067153930664,12100
2019-06-14,20.860000610351562,20.899999618530273,20.15999984741211,20.3700008392334,18.940038681030273,13600
2019-06-17,20.299999237060547,20.770000457763672,19.90999984741211,20.690000534057617,19.237577438354492,53900
2019-06-18,20.670000076293945,20.8700008392334,20.360000610351562,20.850000381469727,19.3863468170166,13400
2019-06-19,20.68000030517578,20.899999618530273,19.760000228881836,19.799999237060547,18.410053253173828,22100
2019-06-20,20.18000030517578,20.5,19.75,19.75,18.363561630249023,13500
2019-06-21,19.649999618530273,20.809999465942383,19.5,20.809999465942383,19.349151611328125,40600
2019-06-24,20.559999465942383,20.75,20.18000030517578,20.729999542236328,19.27476692199707,41700
2019-06-25,20.600000381469727,20.75,20.079999923706055,20.75,19.293359756469727,48200
2019-06-26,20.799999237060547,20.81999969482422,19.520000457763672,20.030000686645508,18.6239070892334,31900
2019-06-27,19.940000534057617,20.3700008392334,19.670000076293945,20.09000015258789,18.67969512939453,15800
2019-06-28,20.139999389648438,20.75,20.030000686645508,20.209999084472656,18.791271209716797,38200
2019-07-01,20.479999542236328,20.5,19.950000762939453,19.950000762939453,18.54952621459961,10100
2019-07-02,20.020000457763672,20.459999084472656,19.950000762939453,20.100000381469727,18.688993453979492,6300
2019-07-03,20.049999237060547,20.149999618530273,20.049999237060547,20.149999618530273,18.735483169555664,1300
2019-07-05,20.139999389648438,20.399999618530273,20.139999389648438,20.260000228881836,18.837764739990234,1400
2019-07-08,20.59000015258789,20.59000015258789,19.68000030517578,19.68000030517578,18.298473358154297,9800
2019-07-09,20.399999618530273,20.399999618530273,19.6299991607666,19.799999237060547,18.410053253173828,3700
2019-07-10,19.969999313354492,20.06999969482422,19.5,19.829999923706055,18.43794822692871,12900
2019-07-11,19.899999618530273,19.959999084472656,19.549999237060547,19.68000030517578,18.298473358154297,6400
2019-07-12,19.969999313354492,19.969999313354492,19.549999237060547,19.549999237060547,18.177602767944336,8100
2019-07-15,19.65999984741211,19.65999984741211,19.200000762939453,19.31999969482422,17.963747024536133,54300
2019-07-16,19.34000015258789,19.719999313354492,19.299999237060547,19.530000686645508,18.15900993347168,26800
2019-07-17,19.399999618530273,19.799999237060547,18.780000686645508,19.1200008392334,17.777790069580078,16900
2019-07-18,18.959999084472656,19.809999465942383,18.6200008392334,18.6200008392334,17.312889099121094,117600
2019-07-19,18.690000534057617,19.760000228881836,18.690000534057617,19.600000381469727,18.224092483520508,18600
2019-07-22,19.649999618530273,20.149999618530273,19.649999618530273,19.979999542236328,18.57741928100586,13700
2019-07-23,20.270000457763672,21.09000015258789,20.270000457763672,21.09000015258789,19.6094970703125,14900
2019-07-24,21.1200008392334,21.1200008392334,20.6200008392334,20.979999542236328,19.507217407226562,11100
2019-07-25,20.989999771118164,21.15999984741211,20.809999465942383,20.8700008392334,19.40494155883789,10300
2019-07-26,20.139999389648438,21.469999313354492,20.139999389648438,20.969999313354492,19.4979190826416,27700
2019-07-29,20.530000686645508,21.5,20.530000686645508,21.1200008392334,19.637392044067383,9600
2019-07-30,21.190000534057617,22.510000228881836,20.809999465942383,22.18000030517578,20.62298011779785,15200
2019-07-31,22.270000457763672,23.25,21.34000015258789,21.649999618530273,20.130184173583984,55600
2019-08-01,21.649999618530273,21.899999618530273,21.15999984741211,21.43000030517578,19.925628662109375,26600
2019-08-02,21.389999389648438,21.6299991607666,21.049999237060547,21.510000228881836,20.00001335144043,21700
2019-08-05,21.139999389648438,21.6299991607666,20.229999542236328,20.229999542236328,18.809871673583984,18200
2019-08-06,20.520000457763672,20.729999542236328,19.639999389648438,20.190000534057617,18.772676467895508,18100
2019-08-07,19.81999969482422,20.25,19.43000030517578,20.0,18.596012115478516,23000
2019-08-08,20.149999618530273,20.690000534057617,19.920000076293945,19.920000076293945,18.521631240844727,15600
2019-08-09,20.0,20.459999084472656,19.8799991607666,19.899999618530273,18.503032684326172,17600
2019-08-12,19.18000030517578,20.219999313354492,19.18000030517578,19.790000915527344,18.400754928588867,9900
2019-08-13,19.829999923706055,20.25,19.6299991607666,19.93000030517578,18.530927658081055,16500
2019-08-14,19.610000610351562,19.780000686645508,19.100000381469727,19.25,17.89866065979004,10900
2019-08-15,19.3700008392334,19.84000015258789,19.219999313354492,19.360000610351562,18.00094223022461,19800
2019-08-16,19.5,19.84000015258789,19.219999313354492,19.479999542236328,18.112512588500977,21400
2019-08-19,19.780000686645508,19.950000762939453,19.010000228881836,19.3700008392334,18.010236740112305,16200
2019-08-20,19.110000610351562,19.110000610351562,18.600000381469727,18.799999237060547,17.58008575439453,27300
2019-08-21,18.790000915527344,18.93000030517578,18.75,18.760000228881836,17.542682647705078,32700
2019-08-22,18.790000915527344,18.899999618530273,18.75,18.75,17.53333282470703,16700
2019-08-23,18.600000381469727,18.809999465942383,17.899999618530273,18.110000610351562,16.934864044189453,17200
2019-08-26,18.389999389648438,18.5,17.93000030517578,18.020000457763672,16.85070037841797,18600
2019-08-27,18.079999923706055,18.1299991607666,17.790000915527344,17.850000381469727,16.69173240661621,22400
2019-08-28,17.979999542236328,18.190000534057617,17.700000762939453,18.030000686645508,16.86005401611328,27900
2019-08-29,18.219999313354492,18.809999465942383,18.0,18.639999389648438,17.430469512939453,20700
2019-08-30,18.75,19.149999618530273,18.399999618530273,18.40999984741211,17.21539306640625,15800
2019-09-03,18.700000762939453,18.700000762939453,18.25,18.280000686645508,17.09383201599121,15700
2019-09-04,18.510000228881836,18.510000228881836,18.110000610351562,18.25,17.065778732299805,12300
2019-09-05,18.350000381469727,18.940000534057617,18.270000457763672,18.549999237060547,17.346309661865234,24800
2019-09-06,18.700000762939453,18.979999542236328,17.75,17.920000076293945,16.757190704345703,26500
2019-09-09,18.889999389648438,18.889999389648438,17.950000762939453,18.329999923706055,17.14058494567871,71200
2019-09-10,18.350000381469727,18.860000610351562,18.350000381469727,18.549999237060547,17.346309661865234,28700
2019-09-11,18.579999923706055,19.100000381469727,18.549999237060547,18.860000610351562,17.63619613647461,18600
2019-09-12,18.81999969482422,19.110000610351562,18.6299991607666,19.0,17.767108917236328,53600
2019-09-13,19.110000610351562,19.450000762939453,18.899999618530273,19.329999923706055,18.07569694519043,40900
2019-09-16,19.209999084472656,20.059999465942383,19.139999389648438,19.780000686645508,18.49650001525879,77000
2019-09-17,19.6299991607666,19.770000457763672,19.399999618530273,19.68000030517578,18.402984619140625,42600
2019-09-18,19.610000610351562,19.969999313354492,19.450000762939453,19.68000030517578,18.402984619140625,69200
2019-09-19,19.739999771118164,20.6200008392334,19.549999237060547,20.020000457763672,18.720924377441406,41400
2019-09-20,19.979999542236328,19.979999542236328,19.399999618530273,19.799999237060547,18.51519775390625,103200
2019-09-23,19.559999465942383,19.739999771118164,19.3799991607666,19.440000534057617,18.178558349609375,30600
2019-09-24,19.360000610351562,19.43000030517578,18.700000762939453,19.030000686645508,17.795164108276367,46000
2019-09-25,19.170000076293945,19.579999923706055,19.030000686645508,19.389999389648438,18.13180160522461,13300
2019-09-26,19.209999084472656,19.5,18.989999771118164,19.360000610351562,18.103750228881836,25300
2019-09-27,19.56999969482422,20.09000015258789,19.399999618530273,19.959999084472656,18.664812088012695,39900
2019-09-30,19.860000610351562,19.989999771118164,19.739999771118164,19.860000610351562,18.571306228637695,26200
2019-10-01,20.010000228881836,20.219999313354492,19.1299991607666,19.329999923706055,18.07569694519043,21200
2019-10-02,19.170000076293945,19.829999923706055,19.110000610351562,19.760000228881836,18.47779655456543,43400
2019-10-03,19.719999313354492,20.040000915527344,19.030000686645508,19.920000076293945,18.627412796020508,36000
2019-10-04,19.850000381469727,20.170000076293945,19.75,19.950000762939453,18.655467987060547,8700
2019-10-07,19.979999542236328,19.979999542236328,19.399999618530273,19.600000381469727,18.328176498413086,25100
2019-10-08,19.34000015258789,19.770000457763672,19.280000686645508,19.579999923706055,18.309473037719727,33200
2019-10-09,19.850000381469727,20.219999313354492,19.329999923706055,19.93000030517578,18.636762619018555,23900
2019-10-10,19.84000015258789,20.040000915527344,19.309999465942383,19.450000762939453,18.18791389465332,31200
2019-10-11,19.799999237060547,20.079999923706055,19.3700008392334,19.719999313354492,18.44038963317871,27700
2019-10-14,19.68000030517578,20.1200008392334,19.65999984741211,20.059999465942383,18.75832748413086,17700
2019-10-15,20.010000228881836,20.399999618530273,19.860000610351562,20.25,18.935997009277344,21400
2019-10-16,20.25,20.489999771118164,19.959999084472656,20.030000686645508,18.730274200439453,21600
2019-10-17,20.229999542236328,20.450000762939453,20.010000228881836,20.290000915527344,18.973403930664062,24900
2019-10-18,20.15999984741211,20.540000915527344,20.020000457763672,20.360000610351562,19.038862228393555,11100
2019-10-21,20.360000610351562,20.899999618530273,20.25,20.59000015258789,19.253936767578125,15100
2019-10-22,20.729999542236328,20.770000457763672,20.280000686645508,20.600000381469727,19.263290405273438,9000
2019-10-23,20.690000534057617,20.90999984741211,20.489999771118164,20.65999984741211,19.319393157958984,16000
2019-10-24,20.6299991607666,20.68000030517578,20.079999923706055,20.18000030517578,18.870540618896484,13600
2019-10-25,20.209999084472656,20.5,20.100000381469727,20.100000381469727,18.795734405517578,15700
2019-10-28,20.239999771118164,20.760000228881836,20.139999389648438,20.649999618530273,19.310041427612305,25300
2019-10-29,20.6200008392334,20.729999542236328,20.420000076293945,20.520000457763672,19.188480377197266,21400
2019-10-30,21.09000015258789,22.940000534057617,20.940000534057617,22.280000686645508,20.834272384643555,33800
2019-10-31,22.200000762939453,23.3799991607666,22.200000762939453,22.65999984741211,21.18961524963379,48600
2019-11-01,22.940000534057617,23.1299991607666,22.389999389648438,22.56999969482422,21.105457305908203,26900
2019-11-04,22.780000686645508,23.469999313354492,22.309999465942383,23.299999237060547,21.788087844848633,35000
2019-11-05,23.170000076293945,23.639999389648438,22.440000534057617,23.040000915527344,21.544958114624023,30600
2019-11-06,22.950000762939453,23.309999465942383,22.469999313354492,22.549999237060547,21.08675193786621,29700
2019-11-07,22.729999542236328,23.420000076293945,22.719999313354492,23.290000915527344,21.77873992919922,27300
2019-11-08,23.1299991607666,23.34000015258789,22.729999542236328,22.84000015258789,21.45928955078125,19700
2019-11-11,22.799999237060547,23.110000610351562,22.100000381469727,22.510000228881836,21.149242401123047,27400
2019-11-12,22.43000030517578,22.989999771118164,22.43000030517578,22.860000610351562,21.47808265686035,29400
2019-11-13,22.739999771118164,23.010000228881836,22.610000610351562,22.799999237060547,21.42170524597168,11800
2019-11-14,22.950000762939453,23.110000610351562,22.739999771118164,22.799999237060547,21.42170524597168,9700
2019-11-15,22.979999542236328,23.010000228881836,22.719999313354492,22.850000381469727,21.468687057495117,11700
2019-11-18,22.93000030517578,22.93000030517578,22.06999969482422,22.350000381469727,20.998910903930664,10000
2019-11-19,22.200000762939453,22.850000381469727,21.920000076293945,22.6299991607666,21.261985778808594,14100
2019-11-20,22.510000228881836,22.59000015258789,21.8700008392334,21.8700008392334,20.547931671142578,23000
2019-11-21,22.06999969482422,22.139999389648438,21.280000686645508,21.280000686645508,19.993595123291016,14600
2019-11-22,21.3700008392334,21.760000228881836,21.219999313354492,21.65999984741211,20.35062026977539,11500
2019-11-25,21.700000762939453,22.389999389648438,21.690000534057617,21.959999084472656,20.63248634338379,33900
2019-11-26,22.0,22.0,21.200000762939453,21.209999084472656,19.927824020385742,23200
2019-11-27,21.420000076293945,21.719999313354492,21.200000762939453,21.559999465942383,20.256668090820312,19000
2019-11-29,21.190000534057617,21.40999984741211,21.170000076293945,21.239999771118164,19.956012725830078,7100
2019-12-02,21.25,21.600000381469727,21.200000762939453,21.5,20.200294494628906,18500
2019-12-03,21.399999618530273,21.579999923706055,21.190000534057617,21.479999542236328,20.181503295898438,7900
2019-12-04,21.31999969482422,21.700000762939453,21.239999771118164,21.309999465942383,20.02178192138672,11200
2019-12-05,21.540000915527344,21.809999465942383,20.3700008392334,21.670000076293945,20.36001968383789,77600
2019-12-06,21.989999771118164,22.280000686645508,21.6200008392334,21.709999084472656,20.397602081298828,28000
2019-12-09,21.68000030517578,21.8799991607666,21.3700008392334,21.780000686645508,20.463369369506836,17300
2019-12-10,22.059999465942383,22.399999618530273,21.8700008392334,22.040000915527344,20.707651138305664,21400
2019-12-11,22.09000015258789,22.09000015258789,21.549999237060547,21.809999465942383,20.49155616760254,14800
2019-12-12,21.790000915527344,22.31999969482422,21.610000610351562,22.149999618530273,20.811002731323242,30400
2019-12-13,22.149999618530273,22.56999969482422,22.030000686645508,22.40999984741211,21.055282592773438,27300
2019-12-16,22.6200008392334,23.489999771118164,22.6200008392334,23.40999984741211,21.994834899902344,52000
2019-12-17,23.360000610351562,23.56999969482422,23.139999389648438,23.510000228881836,22.088787078857422,52200
2019-12-18,23.6299991607666,23.739999771118164,23.139999389648438,23.6200008392334,22.192138671875,15400
2019-12-19,23.600000381469727,23.600000381469727,23.350000381469727,23.5,22.07939338684082,27500
2019-12-20,23.770000457763672,23.770000457763672,23.09000015258789,23.09000015258789,21.69417953491211,51000
2019-12-23,23.270000457763672,23.270000457763672,22.459999084472656,22.5,21.139841079711914,62600
2019-12-24,22.6299991607666,22.68000030517578,22.399999618530273,22.68000030517578,21.308963775634766,1900
2019-12-26,22.719999313354492,22.719999313354492,22.1200008392334,22.219999313354492,20.876768112182617,8400
2019-12-27,22.1200008392334,22.290000915527344,21.920000076293945,22.010000228881836,20.679466247558594,13200
2019-12-30,22.0,22.09000015258789,21.829999923706055,22.020000457763672,20.68886375427246,24100
2019-12-31,21.700000762939453,22.100000381469727,20.600000381469727,21.8799991607666,20.557321548461914,87700
2020-01-02,21.899999618530273,21.899999618530273,21.31999969482422,21.670000076293945,20.36001968383789,29300
2020-01-03,21.5,21.850000381469727,21.399999618530273,21.690000534057617,20.378808975219727,15400
2020-01-06,21.469999313354492,21.59000015258789,21.229999542236328,21.3799991607666,20.087547302246094,11800
2020-01-07,21.34000015258789,21.420000076293945,20.950000762939453,21.010000228881836,19.73991584777832,28300
2020-01-08,21.0,21.110000610351562,20.799999237060547,20.84000015258789,19.5801944732666,32100
2020-01-09,20.8700008392334,21.219999313354492,20.549999237060547,21.049999237060547,19.777498245239258,37200
2020-01-10,21.049999237060547,21.43000030517578,20.850000381469727,21.299999237060547,20.01238441467285,46300
2020-01-13,21.200000762939453,21.639999389648438,21.06999969482422,21.1299991607666,19.852663040161133,37500
2020-01-14,21.149999618530273,21.209999084472656,20.780000686645508,20.799999237060547,19.542612075805664,30300
2020-01-15,20.829999923706055,20.93000030517578,20.6299991607666,20.760000228881836,19.50503158569336,23900
2020-01-16,20.75,21.579999923706055,20.639999389648438,21.3700008392334,20.078153610229492,60200
2020-01-17,21.520000457763672,21.520000457763672,20.90999984741211,20.979999542236328,19.711729049682617,26800
2020-01-21,20.950000762939453,21.100000381469727,20.780000686645508,20.8700008392334,19.608381271362305,22300
2020-01-22,20.860000610351562,21.0,20.40999984741211,20.469999313354492,19.232559204101562,13400
2020-01-23,20.239999771118164,20.68000030517578,20.059999465942383,20.350000381469727,19.119815826416016,36300
2020-01-24,20.309999465942383,20.510000228881836,20.239999771118164,20.239999771118164,19.016464233398438,10300
2020-01-27,20.010000228881836,20.1299991607666,19.780000686645508,19.950000762939453,18.743995666503906,19800
2020-01-28,20.15999984741211,20.15999984741211,19.65999984741211,20.020000457763672,18.809762954711914,18200
2020-01-29,19.899999618530273,20.0,18.809999465942383,19.31999969482422,18.152080535888672,76400
2020-01-30,18.979999542236328,19.0,18.15999984741211,18.459999084472656,17.344066619873047,53100
2020-01-31,18.360000610351562,18.649999618530273,17.829999923706055,18.280000686645508,17.174949645996094,73000
2020-02-03,18.43000030517578,18.729999542236328,17.770000457763672,17.860000610351562,16.780338287353516,30500
2020-02-04,18.15999984741211,18.520000457763672,18.1200008392334,18.459999084472656,17.344066619873047,17200
2020-02-05,18.59000015258789,18.6299991607666,18.40999984741211,18.450000762939453,17.334672927856445,26400
2020-02-06,18.5,18.5,17.940000534057617,18.270000457763672,17.16555404663086,36500
2020-02-07,18.270000457763672,18.360000610351562,17.969999313354492,18.0,16.911876678466797,28300
2020-02-10,18.010000228881836,18.010000228881836,17.399999618530273,17.420000076293945,16.467573165893555,21700
2020-02-11,17.56999969482422,18.350000381469727,17.56999969482422,18.100000381469727,17.11039161682129,41600
2020-02-12,18.209999084472656,18.450000762939453,18.200000762939453,18.280000686645508,17.280553817749023,14100
2020-02-13,18.139999389648438,18.200000762939453,18.010000228881836,18.170000076293945,17.176563262939453,27000
2020-02-14,18.3799991607666,19.020000457763672,18.209999084472656,18.8799991607666,17.847747802734375,25400
2020-02-18,18.8799991607666,19.049999237060547,17.950000762939453,18.3799991607666,17.37508201599121,26100
2020-02-19,18.3700008392334,18.709999084472656,18.31999969482422,18.450000762939453,17.441253662109375,16700
2020-02-20,18.360000610351562,18.75,18.25,18.56999969482422,17.55469512939453,10200
2020-02-21,18.649999618530273,18.649999618530273,18.0,18.139999389648438,17.148204803466797,16200
2020-02-24,17.770000457763672,17.829999923706055,17.5,17.729999542236328,16.760623931884766,13700
2020-02-25,17.729999542236328,18.059999465942383,16.5,16.549999237060547,15.645136833190918,31100
2020-02-26,16.729999542236328,17.559999465942383,16.709999084472656,17.3799991607666,16.42975616455078,28300
2020-02-27,16.959999084472656,17.25,16.639999389648438,16.850000381469727,15.928733825683594,59300
2020-02-28,16.600000381469727,17.149999618530273,16.5,16.579999923706055,15.673498153686523,49500
2020-03-02,16.899999618530273,17.0,16.209999084472656,16.399999618530273,15.503338813781738,32600
2020-03-03,16.5,16.5,15.5,15.65999984741211,14.80379867553711,54000
2020-03-04,16.010000228881836,16.200000762939453,15.8100004196167,16.049999237060547,15.17247486114502,26700
2020-03-05,15.930000305175781,15.930000305175781,15.529999732971191,15.829999923706055,14.96450424194336,29500
2020-03-06,15.4399995803833,15.84000015258789,14.979999542236328,15.6899995803833,14.832158088684082,38500
2020-03-09,14.5,14.949999809265137,14.050000190734863,14.75,13.943552017211914,48800
2020-03-10,15.270000457763672,15.270000457763672,12.760000228881836,13.770000457763672,13.017133712768555,58200
2020-03-11,13.609999656677246,13.779999732971191,12.539999961853027,13.029999732971191,12.31759262084961,78800
2020-03-12,11.779999732971191,12.640000343322754,11.260000228881836,12.170000076293945,11.50461196899414,82800
2020-03-13,12.729999542236328,12.729999542236328,11.819999694824219,12.039999961853027,11.381719589233398,50300
2020-03-16,11.5,12.149999618530273,11.069999694824219,11.539999961853027,10.9090576171875,52700
2020-03-17,11.520000457763672,12.819999694824219,11.380000114440918,12.819999694824219,12.119073867797852,70100
2020-03-18,12.0600004196167,12.739999771118164,11.399999618530273,12.239999771118164,11.570784568786621,58700
2020-03-19,12.470000267028809,13.279999732971191,11.630000114440918,13.25,12.525564193725586,52100
2020-03-20,13.210000038146973,14.239999771118164,12.649999618530273,13.529999732971191,12.790254592895508,92200
2020-03-23,13.760000228881836,13.8100004196167,12.260000228881836,13.3100004196167,12.582283973693848,81900
2020-03-24,13.710000038146973,15.569999694824219,13.569999694824219,15.359999656677246,14.5201997756958,67900
2020-03-25,15.069999694824219,15.770000457763672,14.25,14.359999656677246,13.574874877929688,73400
2020-03-26,14.619999885559082,15.140000343322754,14.069999694824219,14.479999542236328,13.688312530517578,62500
2020-03-27,13.869999885559082,14.399999618530273,12.180000305175781,12.220000267028809,11.551878929138184,49500
2020-03-30,12.170000076293945,13.3100004196167,11.59000015258789,13.180000305175781,12.459391593933105,46800
2020-03-31,13.25,13.25,12.699999809265137,12.899999618530273,12.194698333740234,51000
2020-04-01,12.5,12.800000190734863,11.539999961853027,11.789999961853027,11.14538860321045,47800
2020-04-02,11.75,12.949999809265137,11.65999984741211,12.420000076293945,11.740944862365723,40100
2020-04-03,12.239999771118164,12.630000114440918,11.720000267028809,12.0,11.343908309936523,54600
2020-04-06,12.420000076293945,12.90999984741211,12.1899995803833,12.550000190734863,11.863835334777832,28700
2020-04-07,12.859999656677246,13.180000305175781,12.199999809265137,12.239999771118164,11.570784568786621,20300
2020-04-08,12.369999885559082,12.90999984741211,12.119999885559082,12.8100004196167,12.109621047973633,54200
2020-04-09,13.229999542236328,13.539999961853027,12.359999656677246,13.479999542236328,12.742987632751465,29400
2020-04-13,13.289999961853027,13.479999542236328,12.520000457763672,12.649999618530273,11.958368301391602,16100
2020-04-14,12.90999984741211,13.3100004196167,12.720000267028809,13.270000457763672,12.54447078704834,27200
2020-04-15,12.710000038146973,12.710000038146973,12.25,12.470000267028809,11.78821086883545,34800
2020-04-16,12.319999694824219,12.630000114440918,11.140000343322754,11.5600004196167,10.927963256835938,64100
2020-04-17,11.789999961853027,12.579999923706055,11.5600004196167,11.649999618530273,11.013041496276855,38400
2020-04-20,11.569999694824219,11.869999885559082,11.3100004196167,11.789999961853027,11.14538860321045,61100
2020-04-21,11.399999618530273,11.729999542236328,11.25,11.289999961853027,10.672725677490234,33600
2020-04-22,11.5,11.720000267028809,10.880000114440918,11.710000038146973,11.069762229919434,42800
2020-04-23,11.770000457763672,11.859999656677246,11.220000267028809,11.569999694824219,10.937417030334473,27900
2020-04-24,11.5600004196167,11.949999809265137,11.399999618530273,11.899999618530273,11.249373435974121,34700
2020-04-27,11.90999984741211,12.539999961853027,11.670000076293945,12.399999618530273,11.722037315368652,49100
2020-04-28,12.829999923706055,13.229999542236328,12.300000190734863,12.779999732971191,12.081259727478027,53100
2020-04-29,13.300000190734863,14.600000381469727,13.010000228881836,13.880000114440918,13.121118545532227,36400
2020-04-30,13.770000457763672,13.770000457763672,12.949999809265137,13.100000381469727,12.38376522064209,20600
2020-05-01,12.680000305175781,12.710000038146973,11.59000015258789,12.100000381469727,11.438440322875977,36300
2020-05-04,12.010000228881836,12.649999618530273,11.489999771118164,11.550000190734863,10.918510437011719,18800
2020-05-05,11.859999656677246,12.079999923706055,11.100000381469727,11.220000267028809,10.60655403137207,19000
2020-05-06,11.329999923706055,11.829999923706055,10.729999542236328,10.789999961853027,10.20006275177002,42100
2020-05-07,10.979999542236328,11.239999771118164,10.75,10.930000305175781,10.332408905029297,61600
2020-05-08,11.170000076293945,11.399999618530273,11.140000343322754,11.359999656677246,10.738898277282715,37000
2020-05-11,11.1899995803833,11.520000457763672,10.949999809265137,11.199999809265137,10.587647438049316,37400
2020-05-12,11.300000190734863,11.390000343322754,10.65999984741211,10.850000381469727,10.256783485412598,37600
2020-05-13,10.779999732971191,10.979999542236328,10.640000343322754,10.789999961853027,10.20006275177002,34300
2020-05-14,10.630000114440918,11.130000114440918,10.359999656677246,11.039999961853027,10.436394691467285,96300
2020-05-15,11.100000381469727,11.539999961853027,10.90999984741211,11.319999694824219,10.701085090637207,52900
2020-05-18,11.880000114440918,12.40999984741211,11.880000114440918,12.329999923706055,11.655863761901855,46100
2020-05-19,12.15999984741211,12.15999984741211,11.40999984741211,11.600000381469727,10.965776443481445,28400
2020-05-20,11.84000015258789,12.0,11.479999542236328,11.779999732971191,11.135936737060547,30000
2020-05-21,11.8100004196167,11.859999656677246,11.569999694824219,11.770000457763672,11.126482963562012,77700
2020-05-22,11.890000343322754,11.890000343322754,11.5600004196167,11.6899995803833,11.05085563659668,35300
2020-05-26,12.140000343322754,12.279999732971191,11.579999923706055,11.699999809265137,11.060309410095215,45200
2020-05-27,12.039999961853027,12.039999961853027,11.420000076293945,11.720000267028809,11.079216003417969,54200
2020-05-28,11.729999542236328,12.3100004196167,11.569999694824219,11.609999656677246,10.97523021697998,48200
2020-05-29,11.579999923706055,11.829999923706055,11.270000457763672,11.4399995803833,10.814522743225098,145200
2020-06-01,11.4399995803833,12.010000228881836,11.300000190734863,11.779999732971191,11.135936737060547,237200
2020-06-02,11.75,12.800000190734863,11.550000190734863,12.760000228881836,12.06235408782959,43700
2020-06-03,12.890000343322754,13.09000015258789,12.680000305175781,12.800000190734863,12.100168228149414,35300
2020-06-04,12.539999961853027,13.399999618530273,12.529999732971191,13.390000343322754,12.657910346984863,22000
2020-06-05,13.960000038146973,15.720000267028809,13.920000076293945,15.579999923706055,14.72817325592041,55300
2020-06-08,15.859999656677246,15.859999656677246,13.710000038146973,14.010000228881836,13.244011878967285,126700
2020-06-09,14.0,14.260000228881836,13.329999923706055,14.109999656677246,13.338543891906738,37800
2020-06-10,14.430000305175781,14.430000305175781,13.079999923706055,13.569999694824219,12.828067779541016,51100
2020-06-11,12.460000038146973,13.15999984741211,12.210000038146973,12.6899995803833,11.996179580688477,59800
2020-06-12,13.020000457763672,13.140000343322754,12.239999771118164,12.729999542236328,12.033995628356934,43900
2020-06-15,12.369999885559082,13.079999923706055,12.260000228881836,12.680000305175781,11.98672866821289,45500
2020-06-16,13.270000457763672,13.430000305175781,12.3100004196167,12.550000190734863,11.863835334777832,39800
2020-06-17,12.619999885559082,12.619999885559082,12.149999618530273,12.149999618530273,11.485705375671387,40000
2020-06-18,11.920000076293945,12.329999923706055,11.859999656677246,12.079999923706055,11.52386474609375,26500
2020-06-19,12.15999984741211,12.25,11.800000190734863,11.960000038146973,11.409388542175293,56000
2020-06-22,11.930000305175781,12.029999732971191,11.800000190734863,11.979999542236328,11.428467750549316,30500
2020-06-23,12.119999885559082,12.270000457763672,11.779999732971191,12.050000190734863,11.495244979858398,66400
2020-06-24,11.819999694824219,12.5,11.800000190734863,12.279999732971191,11.714654922485352,35300
2020-06-25,12.1899995803833,12.600000381469727,11.949999809265137,12.5,11.924528121948242,34500
2020-06-26,12.380000114440918,12.479999542236328,11.960000038146973,12.470000267028809,11.895910263061523,54700
2020-06-29,12.470000267028809,12.800000190734863,12.279999732971191,12.710000038146973,12.124859809875488,31100
2020-06-30,12.539999961853027,12.819999694824219,12.1899995803833,12.739999771118164,12.153478622436523,40100
2020-07-01,12.8100004196167,12.8100004196167,12.140000343322754,12.600000381469727,12.019925117492676,30000
2020-07-02,12.8100004196167,12.989999771118164,12.390000343322754,12.8100004196167,12.220256805419922,25000
2020-07-06,13.039999961853027,13.149999618530273,12.529999732971191,12.84000015258789,12.248875617980957,18800
2020-07-07,12.649999618530273,12.760000228881836,12.34000015258789,12.40999984741211,11.838669776916504,26200
2020-07-08,12.369999885559082,12.4399995803833,11.890000343322754,12.100000381469727,11.542943954467773,21900
2020-07-09,12.15999984741211,12.279999732971191,11.880000114440918,12.050000190734863,11.495244979858398,41700
2020-07-10,12.1899995803833,12.319999694824219,11.890000343322754,12.170000076293945,11.609720230102539,43300
2020-07-13,12.210000038146973,12.710000038146973,11.979999542236328,12.25,11.686037063598633,36400
2020-07-14,12.140000343322754,12.420000076293945,11.970000267028809,12.170000076293945,11.609720230102539,27700
2020-07-15,12.529999732971191,12.9399995803833,12.430000305175781,12.789999961853027,12.201177597045898,35000
2020-07-16,12.90999984741211,12.90999984741211,12.260000228881836,12.430000305175781,11.85775089263916,12200
2020-07-17,12.369999885559082,12.699999809265137,12.0600004196167,12.0600004196167,11.504785537719727,20400
2020-07-20,12.050000190734863,12.569999694824219,11.880000114440918,12.4399995803833,11.867290496826172,43400
2020-07-21,12.6899995803833,12.880000114440918,12.390000343322754,12.729999542236328,12.143939971923828,14800
2020-07-22,12.550000190734863,12.859999656677246,12.289999961853027,12.399999618530273,11.829130172729492,39000
2020-07-23,12.380000114440918,12.529999732971191,12.199999809265137,12.380000114440918,11.810052871704102,11900
2020-07-24,12.430000305175781,12.579999923706055,12.1899995803833,12.300000190734863,11.733736038208008,29400
2020-07-27,12.25,12.489999771118164,12.25,12.399999618530273,11.829130172729492,42300
2020-07-28,12.399999618530273,12.680000305175781,12.029999732971191,12.079999923706055,11.52386474609375,37500
2020-07-29,12.25,12.619999885559082,12.050000190734863,12.399999618530273,11.829130172729492,121400
2020-07-30,12.1899995803833,12.779999732971191,12.100000381469727,12.680000305175781,12.09624195098877,26600
2020-07-31,12.579999923706055,13.229999542236328,12.399999618530273,13.15999984741211,12.5541410446167,35500
2020-08-03,13.300000190734863,13.300000190734863,12.789999961853027,12.989999771118164,12.391969680786133,43100
2020-08-04,12.9399995803833,13.130000114440918,12.619999885559082,13.119999885559082,12.515984535217285,30700
2020-08-05,13.25,13.520000457763672,13.210000038146973,13.520000457763672,12.897570610046387,20700
2020-08-06,13.619999885559082,13.859999656677246,13.359999656677246,13.609999656677246,12.98342514038086,16900
2020-08-07,13.680000305175781,14.220000267028809,13.680000305175781,14.109999656677246,13.460408210754395,38400
2020-08-10,14.25,14.739999771118164,14.25,14.390000343322754,13.727517127990723,29200
2020-08-11,14.600000381469727,14.75,14.020000457763672,14.270000457763672,13.613042831420898,21900
2020-08-12,14.569999694824219,14.569999694824219,13.8100004196167,14.170000076293945,13.517645835876465,33800
2020-08-13,14.020000457763672,14.220000267028809,13.949999809265137,14.220000267028809,13.565342903137207,20900
2020-08-14,14.229999542236328,14.300000190734863,13.5600004196167,13.649999618530273,13.021583557128906,31800
2020-08-17,13.779999732971191,13.779999732971191,13.430000305175781,13.65999984741211,13.031123161315918,17200
2020-08-18,13.5600004196167,13.5600004196167,13.069999694824219,13.3100004196167,12.697237014770508,19700
2020-08-19,13.300000190734863,13.420000076293945,13.270000457763672,13.279999732971191,12.668618202209473,17600
2020-08-20,13.15999984741211,13.180000305175781,13.039999961853027,13.15999984741211,12.658998489379883,14600
2020-08-21,13.100000381469727,13.170000076293945,12.420000076293945,12.4399995803833,11.966409683227539,29700
2020-08-24,12.649999618530273,12.65999984741211,12.0,12.359999656677246,11.88945484161377,76100
2020-08-25,12.479999542236328,12.979999542236328,12.15999984741211,12.819999694824219,12.33194351196289,48600
2020-08-26,12.739999771118164,12.8100004196167,12.3100004196167,12.470000267028809,11.995267868041992,44500
2020-08-27,12.59000015258789,13.170000076293945,12.0,12.680000305175781,12.197273254394531,100300
2020-08-28,12.770000457763672,13.479999542236328,12.550000190734863,13.470000267028809,12.957198143005371,40200
2020-08-31,13.5,13.5,13.130000114440918,13.130000114440918,12.630142211914062,39900
2020-09-01,13.0600004196167,13.449999809265137,13.0600004196167,13.40999984741211,12.899480819702148,15300
2020-09-02,13.470000267028809,13.989999771118164,13.300000190734863,13.5600004196167,13.043771743774414,32700
2020-09-03,13.630000114440918,14.579999923706055,13.630000114440918,14.260000228881836,13.717123031616211,71100
2020-09-04,14.539999961853027,14.539999961853027,13.979999542236328,14.100000381469727,13.563214302062988,40200
2020-09-08,14.119999885559082,14.510000228881836,13.949999809265137,14.279999732971191,13.736360549926758,33000
2020-09-09,14.350000381469727,14.380000114440918,14.100000381469727,14.100000381469727,13.563214302062988,16300
2020-09-10,14.199999809265137,14.199999809265137,13.550000190734863,13.84000015258789,13.313112258911133,44600
2020-09-11,13.770000457763672,13.930000305175781,13.510000228881836,13.609999656677246,13.091867446899414,23900
2020-09-14,13.649999618530273,13.859999656677246,13.329999923706055,13.729999542236328,13.20729923248291,26600
2020-09-15,13.859999656677246,14.069999694824219,13.699999809265137,14.050000190734863,13.515117645263672,19200
2020-09-16,14.350000381469727,14.9399995803833,14.119999885559082,14.479999542236328,13.928746223449707,25900
2020-09-17,14.359999656677246,14.520000457763672,14.15999984741211,14.180000305175781,13.640169143676758,10500
2020-09-18,14.329999923706055,14.329999923706055,13.319999694824219,13.470000267028809,12.957198143005371,59000
2020-09-21,13.260000228881836,13.510000228881836,12.319999694824219,12.699999809265137,12.216510772705078,39100
2020-09-22,12.800000190734863,13.359999656677246,12.4399995803833,13.25,12.745573043823242,28000
2020-09-23,13.079999923706055,13.5600004196167,12.460000038146973,12.550000190734863,12.072221755981445,27400
2020-09-24,12.470000267028809,12.989999771118164,12.399999618530273,12.850000381469727,12.360800743103027,18100
2020-09-25,12.970000267028809,12.970000267028809,12.569999694824219,12.850000381469727,12.360800743103027,29600
2020-09-28,12.949999809265137,13.319999694824219,12.850000381469727,13.180000305175781,12.678237915039062,25300
2020-09-29,13.100000381469727,13.130000114440918,12.869999885559082,13.050000190734863,12.553187370300293,7900
2020-09-30,13.1899995803833,13.300000190734863,12.430000305175781,12.770000457763672,12.28384780883789,15900
2020-10-01,12.720000267028809,12.949999809265137,12.600000381469727,12.630000114440918,12.149176597595215,54000
2020-10-02,12.5600004196167,13.449999809265137,12.5600004196167,13.300000190734863,12.793670654296875,11800
2020-10-05,13.430000305175781,13.710000038146973,13.25,13.40999984741211,12.899480819702148,26400
2020-10-06,13.380000114440918,13.90999984741211,13.210000038146973,13.8100004196167,13.284255027770996,24700
2020-10-07,14.100000381469727,14.600000381469727,13.59000015258789,14.5,13.94798469543457,43700
2020-10-08,14.649999618530273,14.899999618530273,14.40999984741211,14.40999984741211,13.86141300201416,31800
2020-10-09,14.600000381469727,14.8100004196167,14.510000228881836,14.619999885559082,14.063417434692383,10800
2020-10-12,14.699999809265137,14.699999809265137,14.380000114440918,14.539999961853027,13.986462593078613,10400
2020-10-13,14.449999809265137,14.449999809265137,13.960000038146973,14.0,13.467020034790039,13800
2020-10-14,14.050000190734863,14.270000457763672,13.960000038146973,14.079999923706055,13.543974876403809,10100
2020-10-15,13.930000305175781,14.239999771118164,13.90999984741211,14.100000381469727,13.563214302062988,10600
2020-10-16,13.979999542236328,14.350000381469727,13.9399995803833,14.0,13.467020034790039,14300
2020-10-19,14.0,14.0,13.720000267028809,13.720000267028809,13.197681427001953,9100
2020-10-20,13.859999656677246,13.90999984741211,13.470000267028809,13.649999618530273,13.13034439086914,20900
2020-10-21,13.630000114440918,13.720000267028809,13.270000457763672,13.399999618530273,12.889862060546875,16800
2020-10-22,13.489999771118164,13.949999809265137,13.489999771118164,13.84000015258789,13.313112258911133,10100
2020-10-23,14.010000228881836,14.109999656677246,13.609999656677246,13.609999656677246,13.091867446899414,12500
2020-10-26,13.289999961853027,13.510000228881836,13.239999771118164,13.420000076293945,12.909102439880371,12000
2020-10-27,13.199999809265137,13.34000015258789,13.149999618530273,13.25,12.745573043823242,7700
2020-10-28,14.5,14.5,13.390000343322754,13.699999809265137,13.178441047668457,32300
2020-10-29,13.670000076293945,14.010000228881836,13.119999885559082,13.210000038146973,12.7070951461792,27500
2020-10-30,13.279999732971191,13.630000114440918,13.0,13.199999809265137,12.69747543334961,13100
2020-11-02,13.539999961853027,13.539999961853027,13.239999771118164,13.449999809265137,12.937958717346191,11700
2020-11-03,13.630000114440918,14.149999618530273,13.399999618530273,14.039999961853027,13.505496978759766,23000
2020-11-04,13.699999809265137,14.329999923706055,13.239999771118164,13.720000267028809,13.197681427001953,7700
2020-11-05,13.640000343322754,13.829999923706055,13.319999694824219,13.770000457763672,13.245777130126953,15300
2020-11-06,13.899999618530273,14.029999732971191,13.5,13.5,12.986055374145508,10500
2020-11-09,14.170000076293945,15.289999961853027,14.15999984741211,14.579999923706055,14.140155792236328,37500
2020-11-10,14.8100004196167,15.649999618530273,14.770000457763672,15.279999732971191,14.819038391113281,37300
2020-11-11,15.449999809265137,15.449999809265137,14.699999809265137,14.949999809265137,14.498992919921875,9700
2020-11-12,14.770000457763672,14.960000038146973,14.350000381469727,14.520000457763672,14.081966400146484,23700
2020-11-13,14.789999961853027,15.619999885559082,14.680000305175781,15.470000267028809,15.00330638885498,34600
2020-11-16,15.770000457763672,16.239999771118164,15.430000305175781,15.979999542236328,15.497920989990234,32500
2020-11-17,16.0,16.229999542236328,15.130000114440918,15.979999542236328,15.497920989990234,20500
2020-11-18,16.200000762939453,16.200000762939453,15.609999656677246,15.739999771118164,15.26516056060791,18800
2020-11-19,15.609999656677246,15.729999542236328,15.210000038146973,15.569999694824219,15.100290298461914,7600
2020-11-20,15.270000457763672,15.529999732971191,14.930000305175781,15.25,14.78994369506836,16600
2020-11-23,15.359999656677246,15.609999656677246,14.960000038146973,15.510000228881836,15.04210090637207,21700
2020-11-24,15.789999961853027,16.139999389648438,15.020000457763672,16.0,15.517317771911621,24000
2020-11-25,15.880000114440918,16.15999984741211,15.600000381469727,15.90999984741211,15.430033683776855,11000
2020-11-27,16.06999969482422,16.110000610351562,15.6899995803833,16.110000610351562,15.624000549316406,9700
2020-11-30,15.899999618530273,16.110000610351562,15.420000076293945,15.789999961853027,15.313652992248535,37300
2020-12-01,16.15999984741211,16.15999984741211,15.65999984741211,15.800000190734863,15.32335090637207,25400
2020-12-02,15.84000015258789,16.18000030517578,15.670000076293945,15.930000305175781,15.449430465698242,90300
2020-12-03,16.040000915527344,16.229999542236328,15.699999809265137,15.850000381469727,15.371843338012695,13800
2020-12-04,16.010000228881836,16.209999084472656,15.550000190734863,16.020000457763672,15.536714553833008,22100
2020-12-07,16.040000915527344,16.040000915527344,15.329999923706055,15.770000457763672,15.294258117675781,26800
2020-12-08,15.539999961853027,16.1299991607666,15.470000267028809,16.09000015258789,15.604602813720703,42500
2020-12-09,16.239999771118164,16.25,15.470000267028809,15.470000267028809,15.00330638885498,38000
2020-12-10,15.380000114440918,15.399999618530273,15.079999923706055,15.1899995803833,14.731752395629883,17100
2020-12-11,15.09000015258789,15.170000076293945,14.989999771118164,15.020000457763672,14.566883087158203,36900
2020-12-14,15.020000457763672,15.300000190734863,15.0,15.010000228881836,14.557185173034668,37800
2020-12-15,15.1899995803833,15.90999984741211,15.069999694824219,15.5,15.032401084899902,19200
2020-12-16,15.699999809265137,15.710000038146973,15.289999961853027,15.289999961853027,14.828736305236816,18000
2020-12-17,15.5,15.949999809265137,15.180000305175781,15.90999984741211,15.430033683776855,21900
2020-12-18,15.949999809265137,16.09000015258789,14.979999542236328,15.050000190734863,14.595976829528809,106200
2020-12-21,14.899999618530273,15.069999694824219,14.670000076293945,14.899999618530273,14.450501441955566,36600
2020-12-22,14.989999771118164,14.989999771118164,14.460000038146973,14.520000457763672,14.081966400146484,18200
2020-12-23,14.460000038146973,14.899999618530273,14.460000038146973,14.710000038146973,14.266234397888184,8700
2020-12-24,14.5,14.859999656677246,14.420000076293945,14.75,14.305027961730957,2800
2020-12-28,15.100000381469727,15.170000076293945,14.569999694824219,14.670000076293945,14.227441787719727,30100
2020-12-29,14.800000190734863,14.880000114440918,13.9399995803833,14.609999656677246,14.16925048828125,53600
2020-12-30,14.640000343322754,16.969999313354492,14.640000343322754,15.760000228881836,15.284558296203613,76900
2020-12-31,15.609999656677246,15.760000228881836,15.0,15.180000305175781,14.722055435180664,33300
2021-01-04,15.6899995803833,16.219999313354492,14.699999809265137,14.699999809265137,14.256535530090332,50700
2021-01-05,14.699999809265137,15.65999984741211,14.699999809265137,15.640000343322754,15.16817855834961,13800
2021-01-06,16.1299991607666,16.920000076293945,15.930000305175781,16.719999313354492,16.215595245361328,43200
2021-01-07,16.989999771118164,16.989999771118164,16.34000015258789,16.469999313354492,15.973137855529785,31600
2021-01-08,16.360000610351562,16.399999618530273,15.229999542236328,15.479999542236328,15.013005256652832,22400
2021-01-11,15.729999542236328,16.229999542236328,15.720000267028809,16.1200008392334,15.633698463439941,24400
2021-01-12,15.670000076293945,16.1299991607666,15.670000076293945,15.970000267028809,15.4882230758667,7900
2021-01-13,15.720000267028809,15.729999542236328,15.149999618530273,15.149999618530273,14.692959785461426,28400
2021-01-14,15.420000076293945,16.1299991607666,15.239999771118164,15.710000038146973,15.236066818237305,21800
2021-01-15,15.380000114440918,15.880000114440918,15.149999618530273,15.15999984741211,14.702658653259277,17700
2021-01-19,15.15999984741211,15.220000267028809,14.800000190734863,14.970000267028809,14.518390655517578,39700
2021-01-20,15.0,15.199999809265137,14.510000228881836,14.670000076293945,14.227441787719727,37600
2021-01-21,14.670000076293945,17.440000534057617,14.670000076293945,17.15999984741211,16.642322540283203,76200
2021-01-22,17.049999237060547,17.18000030517578,16.579999923706055,16.969999313354492,16.45805549621582,62500
2021-01-25,16.760000228881836,17.049999237060547,16.299999237060547,16.649999618530273,16.147708892822266,88500
2021-01-26,16.93000030517578,16.93000030517578,15.489999771118164,16.0,15.517317771911621,49800
2021-01-27,15.479999542236328,16.09000015258789,15.0,15.579999923706055,15.10998821258545,37500
2021-01-28,15.539999961853027,15.59000015258789,14.210000038146973,14.680000305175781,14.237139701843262,83100
2021-01-29,14.550000190734863,15.079999923706055,14.550000190734863,14.760000228881836,14.314725875854492,34600
2021-02-01,15.0600004196167,15.0600004196167,14.25,14.880000114440918,14.431106567382812,75000
2021-02-02,15.050000190734863,15.279999732971191,14.800000190734863,15.15999984741211,14.702658653259277,45900
2021-02-03,15.100000381469727,15.699999809265137,14.869999885559082,15.489999771118164,15.02270221710205,50400
2021-02-04,15.470000267028809,15.640000343322754,15.109999656677246,15.40999984741211,14.945116996765137,27500
2021-02-05,15.539999961853027,15.539999961853027,14.859999656677246,15.119999885559082,14.66386604309082,28700
2021-02-08,15.180000305175781,15.850000381469727,15.119999885559082,15.710000038146973,15.236066818237305,43200
2021-02-09,15.75,15.75,15.140000343322754,15.300000190734863,14.943065643310547,30700
2021-02-10,15.329999923706055,15.979999542236328,15.199999809265137,15.260000228881836,14.903999328613281,36100
2021-02-11,15.420000076293945,15.779999732971191,15.119999885559082,15.199999809265137,14.84539794921875,28700
2021-02-12,15.109999656677246,15.300000190734863,14.9399995803833,15.15999984741211,14.806331634521484,22500
2021-02-16,15.239999771118164,16.100000381469727,14.949999809265137,15.760000228881836,15.392334938049316,64900
2021-02-17,15.699999809265137,16.100000381469727,15.229999542236328,15.329999923706055,14.972366333007812,46900
2021-02-18,15.329999923706055,15.579999923706055,15.100000381469727,15.289999961853027,14.933300018310547,40100
2021-02-19,15.34000015258789,15.880000114440918,15.289999961853027,15.800000190734863,15.431401252746582,23900
2021-02-22,15.75,16.219999313354492,15.079999923706055,15.779999732971191,15.41186809539795,32500
2021-02-23,15.75,15.920000076293945,15.199999809265137,15.369999885559082,15.011432647705078,39000
2021-02-24,15.529999732971191,16.5,15.399999618530273,16.170000076293945,15.792770385742188,39500
2021-02-25,16.110000610351562,16.15999984741211,15.539999961853027,15.779999732971191,15.41186809539795,31500
2021-02-26,15.949999809265137,16.040000915527344,15.270000457763672,15.34000015258789,14.982133865356445,30900
2021-03-01,15.65999984741211,15.770000457763672,15.239999771118164,15.34000015258789,14.982133865356445,45500
2021-03-02,15.34000015258789,15.710000038146973,15.25,15.569999694824219,15.206767082214355,30100
2021-03-03,15.729999542236328,16.100000381469727,15.579999923706055,16.010000228881836,15.636502265930176,23800
2021-03-04,15.880000114440918,16.139999389648438,15.220000267028809,15.460000038146973,15.099332809448242,49800
2021-03-05,15.859999656677246,16.280000686645508,15.359999656677246,16.0,15.626734733581543,45400
2021-03-08,16.110000610351562,16.389999389648438,15.850000381469727,16.3700008392334,15.988103866577148,37100
2021-03-09,16.15999984741211,16.799999237060547,15.979999542236328,16.479999542236328,16.095535278320312,28000
2021-03-10,16.09000015258789,16.959999084472656,16.09000015258789,16.739999771118164,16.34947395324707,35500
2021-03-11,16.860000610351562,16.959999084472656,16.219999313354492,16.700000762939453,16.310405731201172,33800
2021-03-12,16.770000457763672,16.989999771118164,16.209999084472656,16.850000381469727,16.456905364990234,46500
2021-03-15,16.90999984741211,17.209999084472656,16.559999465942383,17.079999923706055,16.68153953552246,45500
2021-03-16,17.0,17.190000534057617,16.610000610351562,17.0,16.60340690612793,34100
2021-03-17,17.0,17.440000534057617,16.170000076293945,16.479999542236328,16.095535278320312,32300
2021-03-18,16.639999389648438,16.799999237060547,15.680000305175781,15.779999732971191,15.41186809539795,46000
2021-03-19,15.739999771118164,15.739999771118164,14.970000267028809,14.989999771118164,14.640297889709473,181700
2021-03-22,15.149999618530273,15.3100004196167,14.75,14.829999923706055,14.484030723571777,47600
2021-03-23,14.779999732971191,14.9399995803833,14.069999694824219,14.069999694824219,13.74176025390625,68000
2021-03-24,14.579999923706055,14.899999618530273,13.920000076293945,14.140000343322754,13.810128211975098,102600
2021-03-25,13.989999771118164,14.829999923706055,13.920000076293945,14.539999961853027,14.200796127319336,31300
2021-03-26,14.760000228881836,14.800000190734863,14.390000343322754,14.5600004196167,14.220329284667969,34400
2021-03-29,14.609999656677246,14.779999732971191,14.3100004196167,14.5,14.161728858947754,39500
2021-03-30,14.449999809265137,14.640000343322754,14.390000343322754,14.430000305175781,14.093361854553223,19200
2021-03-31,14.449999809265137,14.609999656677246,14.15999984741211,14.239999771118164,13.907794952392578,36200
2021-04-01,14.25,14.4399995803833,14.0,14.380000114440918,14.044528007507324,38700
2021-04-05,14.539999961853027,14.829999923706055,14.180000305175781,14.350000381469727,14.015229225158691,55400
2021-04-06,14.5,15.239999771118164,14.270000457763672,14.800000190734863,14.454730033874512,49700
2021-04-07,14.829999923706055,14.890000343322754,14.25,14.279999732971191,13.946861267089844,40400
2021-04-08,14.350000381469727,14.630000114440918,14.170000076293945,14.600000381469727,14.25939655303955,28000
2021-04-09,14.220000267028809,14.569999694824219,14.199999809265137,14.289999961853027,13.956628799438477,31800
2021-04-12,14.289999961853027,14.289999961853027,13.65999984741211,13.850000381469727,13.526893615722656,40400
2021-04-13,13.850000381469727,14.130000114440918,13.329999923706055,13.90999984741211,13.585492134094238,44600
2021-04-14,13.9399995803833,14.489999771118164,13.9399995803833,14.09000015258789,13.7612943649292,47600
2021-04-15,14.180000305175781,14.180000305175781,13.600000381469727,13.859999656677246,13.536659240722656,35500
2021-04-16,14.020000457763672,14.220000267028809,13.670000076293945,14.039999961853027,13.7124605178833,37900
2021-04-19,14.0,14.210000038146973,13.8100004196167,14.079999923706055,13.751527786254883,36300
2021-04-20,14.119999885559082,14.149999618530273,13.609999656677246,13.859999656677246,13.536659240722656,38200
2021-04-21,13.75,14.09000015258789,13.699999809265137,13.859999656677246,13.536659240722656,32700
2021-04-22,13.899999618530273,14.09000015258789,13.5,13.720000267028809,13.39992618560791,50100
2021-04-23,13.680000305175781,13.920000076293945,13.279999732971191,13.470000267028809,13.155757904052734,39700
2021-04-26,13.510000228881836,14.010000228881836,13.510000228881836,14.0,13.673393249511719,64600
2021-04-27,14.010000228881836,14.149999618530273,13.859999656677246,13.90999984741211,13.585492134094238,31100
2021-04-28,14.0,14.489999771118164,13.850000381469727,14.229999542236328,13.898027420043945,74300
2021-04-29,14.420000076293945,14.420000076293945,13.760000228881836,13.979999542236328,13.653860092163086,31500
2021-04-30,13.979999542236328,14.010000228881836,13.600000381469727,13.710000038146973,13.390158653259277,48500
2021-05-03,13.84000015258789,14.279999732971191,13.65999984741211,14.149999618530273,13.819892883300781,32500
2021-05-04,14.039999961853027,14.069999694824219,13.710000038146973,13.770000457763672,13.448760032653809,29900
2021-05-05,13.8100004196167,14.1899995803833,13.520000457763672,13.850000381469727,13.526893615722656,92900
2021-05-06,13.949999809265137,14.130000114440918,13.6899995803833,13.960000038146973,13.634325981140137,37800
2021-05-07,13.90999984741211,14.569999694824219,13.90999984741211,14.489999771118164,14.151962280273438,47200
2021-05-10,14.539999961853027,14.869999885559082,14.039999961853027,14.239999771118164,13.907794952392578,51300
2021-05-11,14.0,14.649999618530273,13.989999771118164,14.470000267028809,14.132429122924805,73700
2021-05-12,14.40999984741211,14.65999984741211,14.010000228881836,14.220000267028809,13.888261795043945,82000
2021-05-13,14.3100004196167,14.760000228881836,14.09000015258789,14.699999809265137,14.357062339782715,46300
2021-05-14,14.729999542236328,15.239999771118164,14.489999771118164,15.130000114440918,14.777031898498535,31400
2021-05-17,15.020000457763672,15.350000381469727,14.609999656677246,15.1899995803833,14.835631370544434,36600
2021-05-18,15.15999984741211,15.550000190734863,14.9399995803833,15.220000267028809,14.8649320602417,52700
2021-05-19,15.0600004196167,15.0600004196167,14.369999885559082,14.670000076293945,14.327762603759766,18800
2021-05-20,14.630000114440918,14.729999542236328,14.170000076293945,14.329999923706055,13.995695114135742,26600
2021-05-21,14.569999694824219,14.569999694824219,14.220000267028809,14.380000114440918,14.044528007507324,23000
2021-05-24,14.489999771118164,14.6899995803833,14.1899995803833,14.3100004196167,13.97616195678711,21900
2021-05-25,14.329999923706055,14.380000114440918,13.899999618530273,14.0,13.673393249511719,36500
2021-05-26,14.119999885559082,14.170000076293945,13.979999542236328,14.140000343322754,13.810128211975098,36300
2021-05-27,14.15999984741211,14.470000267028809,14.0,14.109999656677246,13.780827522277832,24600
2021-05-28,14.149999618530273,14.90999984741211,14.0,14.6899995803833,14.347296714782715,52500
2021-06-01,15.039999961853027,15.449999809265137,14.569999694824219,15.3100004196167,14.95283317565918,146200
2021-06-02,15.510000228881836,15.539999961853027,14.670000076293945,15.029999732971191,14.679365158081055,63900
2021-06-03,14.770000457763672,14.960000038146973,14.479999542236328,14.869999885559082,14.52309799194336,51600
2021-06-04,14.800000190734863,14.869999885559082,14.649999618530273,14.670000076293945,14.327762603759766,26800
2021-06-07,14.670000076293945,14.899999618530273,14.579999923706055,14.779999732971191,14.435196876525879,45200
2021-06-08,14.579999923706055,14.680000305175781,14.319999694824219,14.329999923706055,14.100638389587402,35700
2021-06-09,14.359999656677246,14.359999656677246,14.09000015258789,14.170000076293945,13.943199157714844,45900
2021-06-10,14.170000076293945,14.260000228881836,14.079999923706055,14.149999618530273,13.9235200881958,25100
2021-06-11,14.170000076293945,14.489999771118164,14.170000076293945,14.319999694824219,14.090798377990723,42000
2021-06-14,14.149999618530273,14.239999771118164,14.0,14.180000305175781,13.953039169311523,59900
2021-06-15,14.229999542236328,14.390000343322754,14.109999656677246,14.319999694824219,14.090798377990723,44500
2021-06-16,14.430000305175781,14.510000228881836,14.109999656677246,14.300000190734863,14.071118354797363,70400
2021-06-17,14.279999732971191,14.390000343322754,14.119999885559082,14.220000267028809,13.992399215698242,76900
2021-06-18,14.0,14.170000076293945,13.5600004196167,13.600000381469727,13.382323265075684,121100
2021-06-21,13.880000114440918,13.899999618530273,13.600000381469727,13.649999618530273,13.431522369384766,113600
2021-06-22,13.649999618530273,13.649999618530273,13.5,13.5,13.283923149108887,101600
2021-06-23,13.529999732971191,13.619999885559082,13.010000228881836,13.300000190734863,13.087124824523926,109400
2021-06-24,13.5,13.619999885559082,12.930000305175781,13.569999694824219,13.352802276611328,111600
2021-06-25,13.520000457763672,13.65999984741211,13.15999984741211,13.449999809265137,13.234723091125488,1323300
2021-06-28,13.539999961853027,13.9399995803833,13.399999618530273,13.819999694824219,13.598801612854004,64600
2021-06-29,13.75,13.850000381469727,13.600000381469727,13.789999961853027,13.569281578063965,36800
2021-06-30,13.760000228881836,13.869999885559082,13.510000228881836,13.760000228881836,13.539762496948242,26800
2021-07-01,13.8100004196167,14.149999618530273,13.670000076293945,13.699999809265137,13.480722427368164,48000
2021-07-02,13.6899995803833,13.890000343322754,13.539999961853027,13.65999984741211,13.441362380981445,31600
2021-07-06,13.65999984741211,13.84000015258789,13.529999732971191,13.619999885559082,13.402002334594727,69500
2021-07-07,13.680000305175781,13.880000114440918,13.630000114440918,13.829999923706055,13.608641624450684,56600
2021-07-08,13.75,13.979999542236328,13.510000228881836,13.569999694824219,13.352802276611328,62500
2021-07-09,13.640000343322754,13.84000015258789,13.5,13.65999984741211,13.441362380981445,64200
2021-07-12,13.539999961853027,13.699999809265137,13.510000228881836,13.579999923706055,13.362643241882324,14500
2021-07-13,13.510000228881836,13.59000015258789,13.300000190734863,13.300000190734863,13.087124824523926,23100
2021-07-14,13.479999542236328,13.569999694824219,13.210000038146973,13.350000381469727,13.136323928833008,20900
2021-07-15,13.34000015258789,13.59000015258789,13.239999771118164,13.489999771118164,13.274083137512207,46800
2021-07-16,13.520000457763672,13.640000343322754,13.229999542236328,13.380000114440918,13.165843963623047,28600
2021-07-19,13.229999542236328,13.4399995803833,12.970000267028809,13.239999771118164,13.028084754943848,57400
2021-07-20,13.25,13.859999656677246,13.239999771118164,13.390000343322754,13.175683975219727,30400
2021-07-21,13.520000457763672,14.020000457763672,13.520000457763672,14.020000457763672,13.795600891113281,55700
2021-07-22,13.960000038146973,13.960000038146973,13.609999656677246,13.699999809265137,13.480722427368164,33800
2021-07-23,13.699999809265137,13.970000267028809,13.649999618530273,13.869999885559082,13.648001670837402,16100
2021-07-26,13.739999771118164,14.100000381469727,13.720000267028809,13.729999542236328,13.510241508483887,19200
2021-07-27,13.640000343322754,14.079999923706055,13.59000015258789,13.800000190734863,13.579121589660645,30400
2021-07-28,13.970000267028809,13.970000267028809,13.710000038146973,13.729999542236328,13.510241508483887,11700
2021-07-29,13.960000038146973,13.960000038146973,13.670000076293945,13.710000038146973,13.490562438964844,14500
2021-07-30,13.6899995803833,13.819999694824219,13.529999732971191,13.6899995803833,13.470881462097168,10900
2021-08-02,13.8100004196167,14.09000015258789,13.699999809265137,13.920000076293945,13.697200775146484,39000
2021-08-03,13.970000267028809,14.229999542236328,13.739999771118164,14.15999984741211,13.933359146118164,23100
2021-08-04,14.109999656677246,14.210000038146973,13.5600004196167,13.630000114440918,13.411842346191406,28700
2021-08-05,13.760000228881836,13.829999923706055,13.529999732971191,13.569999694824219,13.352802276611328,12000
2021-08-06,13.529999732971191,13.729999542236328,13.34000015258789,13.430000305175781,13.215044021606445,23900
2021-08-09,13.4399995803833,13.649999618530273,13.25,13.649999618530273,13.431522369384766,18900
2021-08-10,12.850000381469727,13.350000381469727,12.850000381469727,13.010000228881836,12.905768394470215,40200
2021-08-11,13.119999885559082,13.119999885559082,12.859999656677246,12.989999771118164,12.8859281539917,114500
2021-08-12,12.949999809265137,13.119999885559082,12.739999771118164,12.739999771118164,12.637931823730469,63900
2021-08-13,12.680000305175781,12.75,12.25,12.319999694824219,12.221296310424805,105000
2021-08-16,12.34000015258789,12.420000076293945,12.170000076293945,12.300000190734863,12.201457023620605,38700
2021-08-17,12.25,12.300000190734863,11.979999542236328,12.020000457763672,11.923700332641602,57000
2021-08-18,12.140000343322754,12.1899995803833,11.949999809265137,12.010000228881836,11.913780212402344,23700
2021-08-19,11.960000038146973,12.100000381469727,11.90999984741211,11.90999984741211,11.814580917358398,23100
2021-08-20,11.84000015258789,12.140000343322754,11.84000015258789,12.010000228881836,11.913780212402344,21200
2021-08-23,12.020000457763672,12.25,11.920000076293945,12.100000381469727,12.003059387207031,40700
2021-08-24,12.130000114440918,12.380000114440918,12.130000114440918,12.25,12.151857376098633,8000
2021-08-25,12.279999732971191,12.489999771118164,12.15999984741211,12.289999961853027,12.191536903381348,11500
2021-08-26,12.260000228881836,12.4399995803833,12.119999885559082,12.260000228881836,12.16177749633789,30400
2021-08-27,12.25,12.479999542236328,12.15999984741211,12.170000076293945,12.072498321533203,14600
2021-08-30,12.279999732971191,12.279999732971191,12.020000457763672,12.119999885559082,12.02289867401123,9600
2021-08-31,12.029999732971191,12.180000305175781,11.979999542236328,12.0,11.903860092163086,21100
2021-09-01,12.100000381469727,12.170000076293945,11.949999809265137,12.170000076293945,12.072498321533203,39200
2021-09-02,12.130000114440918,12.65999984741211,12.010000228881836,12.529999732971191,12.429614067077637,160200
2021-09-03,12.829999923706055,13.489999771118164,12.649999618530273,13.270000457763672,13.16368579864502,112300
2021-09-07,13.34000015258789,13.34000015258789,12.710000038146973,12.779999732971191,12.677611351013184,57300
2021-09-08,12.699999809265137,12.9399995803833,12.539999961853027,12.699999809265137,12.598252296447754,45500
2021-09-09,12.670000076293945,12.670000076293945,12.329999923706055,12.380000114440918,12.280816078186035,28700
2021-09-10,12.369999885559082,12.640000343322754,12.3100004196167,12.399999618530273,12.300655364990234,30200
2021-09-13,12.59000015258789,12.65999984741211,12.479999542236328,12.579999923706055,12.47921371459961,51500
2021-09-14,12.600000381469727,12.699999809265137,12.319999694824219,12.420000076293945,12.32049560546875,34000
2021-09-15,12.399999618530273,12.5,12.25,12.420000076293945,12.32049560546875,22700
2021-09-16,12.40999984741211,12.420000076293945,12.239999771118164,12.369999885559082,12.270895957946777,18500
2021-09-17,12.300000190734863,12.420000076293945,11.9399995803833,11.9399995803833,11.844340324401855,87900
2021-09-20,11.829999923706055,12.0,11.710000038146973,11.789999961853027,11.695542335510254,48700
2021-09-21,11.90999984741211,11.989999771118164,11.720000267028809,11.800000190734863,11.705462455749512,30900
2021-09-22,11.800000190734863,12.069999694824219,11.75,12.0,11.903860092163086,52400
2021-09-23,12.050000190734863,12.5,11.920000076293945,12.449999809265137,12.350255012512207,73200
2021-09-24,12.399999618530273,12.819999694824219,12.399999618530273,12.710000038146973,12.608172416687012,53000
2021-09-27,12.869999885559082,13.09000015258789,12.84000015258789,12.920000076293945,12.816490173339844,27100
2021-09-28,12.779999732971191,12.880000114440918,12.5,12.5600004196167,12.45937442779541,21400
2021-09-29,12.609999656677246,12.930000305175781,12.470000267028809,12.90999984741211,12.806570053100586,39000
2021-09-30,12.989999771118164,12.989999771118164,12.399999618530273,12.399999618530273,12.300655364990234,68400
2021-10-01,12.520000457763672,12.829999923706055,12.109999656677246,12.600000381469727,12.499053955078125,75600
2021-10-04,12.619999885559082,12.800000190734863,12.510000228881836,12.670000076293945,12.568492889404297,22700
2021-10-05,12.699999809265137,12.930000305175781,12.619999885559082,12.850000381469727,12.747051239013672,86800
2021-10-06,12.710000038146973,12.869999885559082,12.579999923706055,12.710000038146973,12.608172416687012,24900
2021-10-07,12.850000381469727,12.890000343322754,12.710000038146973,12.819999694824219,12.717290878295898,10900
2021-10-08,12.850000381469727,13.010000228881836,12.739999771118164,13.0,12.895848274230957,71700
2021-10-11,12.9399995803833,13.0600004196167,12.8100004196167,12.859999656677246,12.756970405578613,17100
2021-10-12,12.850000381469727,12.960000038146973,12.720000267028809,12.899999618530273,12.796649932861328,21300
2021-10-13,12.899999618530273,13.09000015258789,12.890000343322754,13.020000457763672,12.915688514709473,18900
2021-10-14,13.119999885559082,13.380000114440918,13.0600004196167,13.260000228881836,13.153765678405762,6200
2021-10-15,13.359999656677246,13.449999809265137,13.010000228881836,13.010000228881836,12.905768394470215,11600
2021-10-18,12.970000267028809,13.1899995803833,12.729999542236328,12.920000076293945,12.816490173339844,12100
2021-10-19,12.979999542236328,13.329999923706055,12.930000305175781,13.329999923706055,13.223204612731934,15100
2021-10-20,13.390000343322754,13.390000343322754,12.989999771118164,13.050000190734863,12.94544792175293,11500
2021-10-21,12.819999694824219,13.239999771118164,12.779999732971191,13.100000381469727,12.995047569274902,4900
2021-10-22,13.100000381469727,13.149999618530273,12.829999923706055,13.0,12.895848274230957,38200
2021-10-25,12.949999809265137,13.039999961853027,12.760000228881836,12.890000343322754,12.786730766296387,29700
2021-10-26,12.65999984741211,13.130000114440918,12.5,13.130000114440918,13.02480697631836,17900
2021-10-27,13.220000267028809,13.260000228881836,12.699999809265137,12.779999732971191,12.677611351013184,65200
2021-10-28,12.729999542236328,12.800000190734863,12.579999923706055,12.710000038146973,12.608172416687012,26300
2021-10-29,12.539999961853027,12.779999732971191,12.510000228881836,12.710000038146973,12.608172416687012,13900
2021-11-01,12.720000267028809,13.039999961853027,12.529999732971191,12.930000305175781,12.826409339904785,14200
2021-11-02,12.899999618530273,13.149999618530273,12.6899995803833,13.069999694824219,12.965287208557129,9600
2021-11-03,13.180000305175781,13.5,12.949999809265137,13.369999885559082,13.262884140014648,30200
2021-11-04,13.479999542236328,13.479999542236328,13.199999809265137,13.449999809265137,13.342243194580078,19600
2021-11-05,13.5,13.729999542236328,13.34000015258789,13.729999542236328,13.619999885559082,22600
2021-11-08,13.59000015258789,13.609999656677246,13.279999732971191,13.359999656677246,13.359999656677246,13400
2021-11-09,13.130000114440918,13.319999694824219,12.930000305175781,13.15999984741211,13.15999984741211,10600
2021-11-10,13.100000381469727,13.100000381469727,12.920000076293945,12.920000076293945,12.920000076293945,5100
2021-11-11,13.0,13.479999542236328,12.989999771118164,13.479999542236328,13.479999542236328,5100
2021-11-12,13.399999618530273,13.399999618530273,12.960000038146973,13.15999984741211,13.15999984741211,6800
2021-11-15,13.15999984741211,13.289999961853027,13.140000343322754,13.289999961853027,13.289999961853027,9500
2021-11-16,13.130000114440918,13.180000305175781,12.960000038146973,13.0,13.0,11600
2021-11-17,12.930000305175781,13.4399995803833,12.890000343322754,13.220000267028809,13.220000267028809,15100
2021-11-18,13.15999984741211,13.15999984741211,12.819999694824219,13.050000190734863,13.050000190734863,15000
2021-11-19,13.069999694824219,13.180000305175781,12.739999771118164,13.029999732971191,13.029999732971191,20300
2021-11-22,13.0600004196167,13.09000015258789,12.890000343322754,13.050000190734863,13.050000190734863,9000
2021-11-23,13.050000190734863,13.0600004196167,12.640000343322754,12.739999771118164,12.739999771118164,8600
2021-11-24,12.829999923706055,13.140000343322754,12.760000228881836,12.960000038146973,12.960000038146973,6500
2021-11-26,12.649999618530273,12.949999809265137,12.510000228881836,12.899999618530273,12.899999618530273,21200
2021-11-29,13.09000015258789,13.109999656677246,12.699999809265137,12.710000038146973,12.710000038146973,21400
2021-11-30,12.770000457763672,12.949999809265137,12.5600004196167,12.760000228881836,12.760000228881836,58800
2021-12-01,12.8100004196167,13.039999961853027,12.460000038146973,12.5600004196167,12.5600004196167,23400
2021-12-02,12.479999542236328,12.579999923706055,12.25,12.5,12.5,17200
2021-12-03,12.300000190734863,12.350000381469727,12.119999885559082,12.239999771118164,12.239999771118164,17600
2021-12-06,12.260000228881836,12.520000457763672,12.0600004196167,12.460000038146973,12.460000038146973,24700
2021-12-07,12.640000343322754,12.869999885559082,12.210000038146973,12.699999809265137,12.699999809265137,16800
2021-12-08,12.880000114440918,13.0,12.550000190734863,12.979999542236328,12.979999542236328,27800
2021-12-09,12.779999732971191,12.979999542236328,12.670000076293945,12.800000190734863,12.800000190734863,9500
2021-12-10,12.859999656677246,12.859999656677246,12.5,12.729999542236328,12.729999542236328,5100
2021-12-13,12.579999923706055,12.949999809265137,12.430000305175781,12.5,12.5,74800
2021-12-14,12.369999885559082,12.420000076293945,11.739999771118164,12.140000343322754,12.140000343322754,91100
2021-12-15,12.109999656677246,12.4399995803833,11.930000305175781,12.039999961853027,12.039999961853027,44500
2021-12-16,12.09000015258789,12.34000015258789,11.960000038146973,12.050000190734863,12.050000190734863,10600
2021-12-17,12.199999809265137,12.420000076293945,12.050000190734863,12.220000267028809,12.220000267028809,29000
2021-12-20,12.069999694824219,12.069999694824219,11.40999984741211,11.970000267028809,11.970000267028809,26000
2021-12-21,11.729999542236328,12.729999542236328,11.699999809265137,12.729999542236328,12.729999542236328,44200
2021-12-22,12.720000267028809,12.720000267028809,12.079999923706055,12.399999618530273,12.399999618530273,33800
2021-12-23,11.739999771118164,13.119999885559082,11.739999771118164,12.699999809265137,12.699999809265137,34800
2021-12-27,12.699999809265137,12.699999809265137,12.289999961853027,12.350000381469727,12.350000381469727,14200
2021-12-28,12.119999885559082,12.5,12.0,12.109999656677246,12.109999656677246,19500
2021-12-29,12.100000381469727,12.1899995803833,12.039999961853027,12.050000190734863,12.050000190734863,6500
2021-12-30,12.170000076293945,12.199999809265137,11.960000038146973,12.1899995803833,12.1899995803833,31100
2021-12-31,12.25,12.5,12.25,12.4399995803833,12.4399995803833,18000
2022-01-03,12.510000228881836,13.170000076293945,12.399999618530273,13.130000114440918,13.130000114440918,28000
2022-01-04,13.100000381469727,13.199999809265137,12.699999809265137,13.020000457763672,13.020000457763672,17700
2022-01-05,12.989999771118164,13.039999961853027,12.630000114440918,13.0,13.0,22200
2022-01-06,12.949999809265137,13.039999961853027,12.609999656677246,12.880000114440918,12.880000114440918,20800
2022-01-07,12.880000114440918,13.010000228881836,12.460000038146973,12.8100004196167,12.8100004196167,5800
2022-01-10,12.470000267028809,12.989999771118164,12.359999656677246,12.949999809265137,12.949999809265137,12600
2022-01-11,12.800000190734863,13.039999961853027,12.470000267028809,12.699999809265137,12.699999809265137,9200
2022-01-12,12.630000114440918,12.850000381469727,12.380000114440918,12.510000228881836,12.510000228881836,11700
2022-01-13,12.460000038146973,13.0,12.25,12.600000381469727,12.600000381469727,14900
2022-01-14,12.670000076293945,13.970000267028809,12.369999885559082,13.710000038146973,13.710000038146973,21100
2022-01-18,13.710000038146973,13.710000038146973,12.25,12.960000038146973,12.960000038146973,24700
2022-01-19,13.050000190734863,13.050000190734863,12.449999809265137,12.829999923706055,12.829999923706055,2400
2022-01-20,12.630000114440918,12.630000114440918,12.289999961853027,12.329999923706055,12.329999923706055,9100
2022-01-21,12.300000190734863,12.569999694824219,12.239999771118164,12.239999771118164,12.239999771118164,17800
2022-01-24,12.239999771118164,12.369999885559082,12.029999732971191,12.029999732971191,12.029999732971191,21600
2022-01-25,11.949999809265137,12.430000305175781,11.949999809265137,12.149999618530273,12.149999618530273,10000
2022-01-26,12.34000015258789,12.550000190734863,12.100000381469727,12.15999984741211,12.15999984741211,7500
2022-01-27,12.260000228881836,12.40999984741211,11.65999984741211,11.75,11.75,39400
2022-01-28,12.0,12.220000267028809,11.880000114440918,11.899999618530273,11.899999618530273,4400
2022-01-31,12.0,12.529999732971191,11.989999771118164,12.34000015258789,12.34000015258789,16900
2022-02-01,12.5,12.5,12.100000381469727,12.100000381469727,12.100000381469727,19800
2022-02-02,12.229999542236328,12.270000457763672,11.8100004196167,12.0,12.0,13800
2022-02-03,11.880000114440918,12.359999656677246,11.880000114440918,12.100000381469727,12.100000381469727,30800
2022-02-04,12.289999961853027,12.289999961853027,11.899999618530273,11.949999809265137,11.949999809265137,9500
2022-02-07,12.010000228881836,12.09000015258789,11.65999984741211,11.770000457763672,11.770000457763672,29100
2022-02-08,9.399999618530273,9.600000381469727,8.3100004196167,8.899999618530273,8.899999618530273,575300
2022-02-09,8.760000228881836,9.069999694824219,8.510000228881836,8.859999656677246,8.859999656677246,218900
2022-02-10,9.100000381469727,9.390000343322754,8.949999809265137,9.130000114440918,9.130000114440918,84600
2022-02-11,9.199999809265137,9.300000190734863,9.109999656677246,9.199999809265137,9.199999809265137,73200
2022-02-14,9.300000190734863,9.300000190734863,9.220000267028809,9.220000267028809,9.220000267028809,32900
2022-02-15,9.300000190734863,9.359999656677246,9.229999542236328,9.279999732971191,9.279999732971191,32800
2022-02-16,9.319999694824219,9.4399995803833,9.210000038146973,9.239999771118164,9.239999771118164,19400
2022-02-17,9.210000038146973,9.380000114440918,8.800000190734863,8.819999694824219,8.819999694824219,156400
2022-02-18,8.869999885559082,9.029999732971191,8.34000015258789,8.34000015258789,8.34000015258789,81500
2022-02-22,8.479999542236328,8.539999961853027,7.760000228881836,7.860000133514404,7.860000133514404,139500
2022-02-23,7.960000038146973,8.229999542236328,7.849999904632568,7.849999904632568,7.849999904632568,13500
2022-02-24,7.75,8.100000381469727,7.75,8.020000457763672,8.020000457763672,28700
2022-02-25,8.100000381469727,8.350000381469727,8.100000381469727,8.140000343322754,8.140000343322754,29300
2022-02-28,8.050000190734863,8.399999618530273,7.96999979019165,8.010000228881836,8.010000228881836,39400
2022-03-01,8.0,8.039999961853027,7.900000095367432,7.960000038146973,7.960000038146973,49000
2022-03-02,8.079999923706055,8.180000305175781,8.010000228881836,8.069999694824219,8.069999694824219,39300
2022-03-03,8.029999732971191,8.510000228881836,8.029999732971191,8.149999618530273,8.149999618530273,21500
2022-03-04,8.119999885559082,8.489999771118164,8.119999885559082,8.149999618530273,8.149999618530273,25600
2022-03-07,8.149999618530273,8.529999732971191,8.069999694824219,8.149999618530273,8.149999618530273,70800
2022-03-08,8.25,8.25,8.010000228881836,8.0600004196167,8.0600004196167,22900
2022-03-09,8.5,8.5,7.860000133514404,7.880000114440918,7.880000114440918,79400
2022-03-10,7.849999904632568,7.889999866485596,7.769999980926514,7.78000020980835,7.78000020980835,50100
2022-03-11,7.75,7.880000114440918,7.639999866485596,7.650000095367432,7.650000095367432,53900
2022-03-14,7.53000020980835,7.699999809265137,7.340000152587891,7.340000152587891,7.340000152587891,99800
2022-03-15,7.46999979019165,7.559999942779541,7.260000228881836,7.260000228881836,7.260000228881836,19900
2022-03-16,7.429999828338623,7.449999809265137,7.269999980926514,7.28000020980835,7.28000020980835,32600
2022-03-17,7.210000038146973,7.699999809265137,7.210000038146973,7.659999847412109,7.659999847412109,12500
2022-03-18,7.550000190734863,7.820000171661377,7.550000190734863,7.820000171661377,7.820000171661377,45700
2022-03-21,8.029999732971191,8.170000076293945,7.5,7.579999923706055,7.579999923706055,30700
2022-03-22,7.639999866485596,7.800000190734863,7.579999923706055,7.659999847412109,7.659999847412109,24400
2022-03-23,7.679999828338623,7.920000076293945,7.679999828338623,7.769999980926514,7.769999980926514,12100
2022-03-24,7.820000171661377,8.029999732971191,7.710000038146973,7.860000133514404,7.860000133514404,26100
2022-03-25,7.949999809265137,8.149999618530273,7.949999809265137,8.109999656677246,8.109999656677246,21200
2022-03-28,7.949999809265137,8.15999984741211,7.949999809265137,8.050000190734863,8.050000190734863,14300
2022-03-29,8.0,8.180000305175781,8.0,8.09000015258789,8.09000015258789,11400
2022-03-30,8.149999618530273,8.170000076293945,7.989999771118164,8.170000076293945,8.170000076293945,12000
2022-03-31,8.170000076293945,8.170000076293945,7.699999809265137,7.710000038146973,7.710000038146973,19300
2022-04-01,7.670000076293945,7.889999866485596,7.289999961853027,7.380000114440918,7.380000114440918,23900
2022-04-04,7.670000076293945,7.670000076293945,7.269999980926514,7.369999885559082,7.369999885559082,16300
2022-04-05,7.309999942779541,7.550000190734863,7.260000228881836,7.300000190734863,7.300000190734863,14800
2022-04-06,7.300000190734863,7.389999866485596,7.119999885559082,7.139999866485596,7.139999866485596,23900
2022-04-07,7.199999809265137,7.429999828338623,7.170000076293945,7.389999866485596,7.389999866485596,27400
2022-04-08,7.420000076293945,7.550000190734863,7.260000228881836,7.480000019073486,7.480000019073486,26000
2022-04-11,7.510000228881836,7.570000171661377,7.309999942779541,7.5,7.5,13000
2022-04-12,7.5,7.539999961853027,7.269999980926514,7.28000020980835,7.28000020980835,10200
2022-04-13,7.340000152587891,7.550000190734863,7.210000038146973,7.25,7.25,15700
2022-04-14,7.5,7.5,7.400000095367432,7.400000095367432,7.400000095367432,1400
2022-04-18,7.480000019073486,7.849999904632568,7.400000095367432,7.849999904632568,7.849999904632568,14200
2022-04-19,7.949999809265137,7.989999771118164,7.659999847412109,7.789999961853027,7.789999961853027,12200
2022-04-20,7.71999979019165,7.989999771118164,7.71999979019165,7.980000019073486,7.980000019073486,11300
2022-04-21,7.949999809265137,7.949999809265137,7.420000076293945,7.800000190734863,7.800000190734863,26400
2022-04-22,7.800000190734863,7.929999828338623,7.559999942779541,7.769999980926514,7.769999980926514,8000
2022-04-25,7.590000152587891,7.739999771118164,7.440000057220459,7.449999809265137,7.449999809265137,6200
2022-04-26,7.75,7.75,7.289999961853027,7.440000057220459,7.440000057220459,5400
2022-04-27,7.489999771118164,7.489999771118164,7.340000152587891,7.400000095367432,7.400000095367432,2100
2022-04-28,7.360000133514404,7.440000057220459,7.25,7.380000114440918,7.380000114440918,6000
2022-04-29,7.320000171661377,7.320000171661377,7.179999828338623,7.289999961853027,7.289999961853027,6700
2022-05-02,7.269999980926514,7.579999923706055,7.210000038146973,7.460000038146973,7.460000038146973,17700
2022-05-03,7.420000076293945,7.650000095367432,7.260000228881836,7.449999809265137,7.449999809265137,6400
2022-05-04,7.5,7.71999979019165,7.300000190734863,7.519999980926514,7.519999980926514,4600
2022-05-05,7.400000095367432,7.610000133514404,7.289999961853027,7.599999904632568,7.599999904632568,8400
2022-05-06,7.5,7.650000095367432,7.349999904632568,7.53000020980835,7.53000020980835,5100
2022-05-09,7.329999923706055,7.46999979019165,7.300000190734863,7.300000190734863,7.300000190734863,6400
2022-05-10,7.389999866485596,7.550000190734863,7.239999771118164,7.300000190734863,7.300000190734863,8100
2022-05-11,7.340000152587891,7.550000190734863,7.170000076293945,7.360000133514404,7.360000133514404,7700
2022-05-12,7.369999885559082,7.389999866485596,7.210000038146973,7.340000152587891,7.340000152587891,6200
2022-05-13,7.389999866485596,7.5,7.170000076293945,7.360000133514404,7.360000133514404,11600
2022-05-16,7.420000076293945,7.489999771118164,7.400000095367432,7.400000095367432,7.400000095367432,1900
2022-05-17,7.429999828338623,7.480000019073486,7.380000114440918,7.460000038146973,7.460000038146973,6900
2022-05-18,7.639999866485596,7.900000095367432,7.400000095367432,7.440000057220459,7.440000057220459,14100
2022-05-19,7.440000057220459,7.730000019073486,7.440000057220459,7.630000114440918,7.630000114440918,5800
2022-05-20,7.71999979019165,8.0,7.510000228881836,7.769999980926514,7.769999980926514,8000
2022-05-23,7.920000076293945,8.770000457763672,7.820000171661377,8.1899995803833,8.1899995803833,29900
2022-05-24,8.260000228881836,8.329999923706055,7.699999809265137,7.710000038146973,7.710000038146973,8900
2022-05-25,7.840000152587891,8.0,7.75,7.760000228881836,7.760000228881836,4900
2022-05-26,7.889999866485596,8.069999694824219,7.730000019073486,7.730000019073486,7.730000019073486,9000
2022-05-27,7.849999904632568,7.849999904632568,7.230000019073486,7.320000171661377,7.320000171661377,27000
2022-05-31,7.449999809265137,7.5,7.340000152587891,7.409999847412109,7.409999847412109,7200
2022-06-01,7.480000019073486,7.489999771118164,7.320000171661377,7.380000114440918,7.380000114440918,5900
2022-06-02,7.480000019073486,7.480000019073486,7.360000133514404,7.429999828338623,7.429999828338623,9600
2022-06-03,7.269999980926514,7.400000095367432,7.25,7.389999866485596,7.389999866485596,2600
2022-06-06,7.389999866485596,8.0,7.389999866485596,8.0,8.0,2600
2022-06-07,7.960000038146973,8.029999732971191,7.75,7.75,7.75,30200
2022-06-08,7.75,8.5,7.75,8.5,8.5,11700
2022-06-09,8.489999771118164,9.079999923706055,8.199999809265137,9.020000457763672,9.020000457763672,39900
2022-06-10,9.180000305175781,9.5,8.550000190734863,9.239999771118164,9.239999771118164,15000
2022-06-13,9.380000114440918,9.630000114440918,8.5,9.350000381469727,9.350000381469727,34600
2022-06-14,9.210000038146973,9.210000038146973,8.609999656677246,8.640000343322754,8.640000343322754,10100
2022-06-15,8.710000038146973,8.859999656677246,8.220000267028809,8.220000267028809,8.220000267028809,20000
2022-06-16,8.109999656677246,8.359999656677246,7.5,7.519999980926514,7.519999980926514,37000
2022-06-17,7.53000020980835,7.590000152587891,7.110000133514404,7.170000076293945,7.170000076293945,51700
2022-06-21,7.25,7.440000057220459,7.110000133514404,7.159999847412109,7.159999847412109,21600
2022-06-22,7.170000076293945,7.170000076293945,7.019999980926514,7.019999980926514,7.019999980926514,22000
2022-06-23,7.099999904632568,7.630000114440918,7.0,7.050000190734863,7.050000190734863,48300
2022-06-24,7.090000152587891,7.25,7.0,7.0,7.0,46100
2022-06-27,7.139999866485596,7.139999866485596,6.940000057220459,6.980000019073486,6.980000019073486,23300
2022-06-28,6.989999771118164,6.989999771118164,6.889999866485596,6.929999828338623,6.929999828338623,22700
2022-06-29,6.849999904632568,6.889999866485596,6.659999847412109,6.800000190734863,6.800000190734863,28700
2022-06-30,6.800000190734863,7.050000190734863,6.800000190734863,6.920000076293945,6.920000076293945,4900
2022-07-01,6.989999771118164,8.270000457763672,6.820000171661377,7.429999828338623,7.429999828338623,143900
2022-07-05,7.369999885559082,7.630000114440918,7.010000228881836,7.010000228881836,7.010000228881836,23400
2022-07-06,7.0,7.03000020980835,6.510000228881836,6.800000190734863,6.800000190734863,20300
2022-07-07,6.840000152587891,7.110000133514404,6.840000152587891,6.960000038146973,6.960000038146973,6100
2022-07-08,7.130000114440918,7.150000095367432,7.050000190734863,7.050000190734863,7.050000190734863,4500
2022-07-11,7.039999961853027,7.039999961853027,6.800000190734863,6.900000095367432,6.900000095367432,4200
2022-07-12,6.809999942779541,6.809999942779541,6.599999904632568,6.650000095367432,6.650000095367432,2800
2022-07-13,6.690000057220459,6.940000057220459,6.510000228881836,6.940000057220459,6.940000057220459,11400
2022-07-14,6.880000114440918,6.900000095367432,6.579999923706055,6.820000171661377,6.820000171661377,5100
2022-07-15,6.880000114440918,6.900000095367432,6.710000038146973,6.78000020980835,6.78000020980835,9300
2022-07-18,6.769999980926514,6.869999885559082,6.71999979019165,6.789999961853027,6.789999961853027,8100
2022-07-19,6.880000114440918,6.880000114440918,6.670000076293945,6.699999809265137,6.699999809265137,28800
2022-07-20,6.670000076293945,6.78000020980835,6.599999904632568,6.650000095367432,6.650000095367432,17100
2022-07-21,6.699999809265137,7.039999961853027,6.619999885559082,6.710000038146973,6.710000038146973,22200
2022-07-22,6.710000038146973,7.230000019073486,6.679999828338623,7.179999828338623,7.179999828338623,17900
2022-07-25,7.090000152587891,7.099999904632568,6.789999961853027,6.940000057220459,6.940000057220459,14500
2022-07-26,6.980000019073486,7.099999904632568,6.769999980926514,7.059999942779541,7.059999942779541,15300
2022-07-27,7.179999828338623,7.230000019073486,6.860000133514404,7.059999942779541,7.059999942779541,16000
2022-07-28,7.110000133514404,7.110000133514404,6.510000228881836,6.599999904632568,6.599999904632568,51200
2022-07-29,7.309999942779541,7.690000057220459,6.900000095367432,7.150000095367432,7.150000095367432,211100
2022-08-01,7.119999885559082,7.579999923706055,6.900000095367432,7.409999847412109,7.409999847412109,42700
2022-08-02,7.489999771118164,7.590000152587891,7.0,7.340000152587891,7.340000152587891,95500
2022-08-03,7.889999866485596,7.889999866485596,7.289999961853027,7.769999980926514,7.769999980926514,18600
2022-08-04,7.659999847412109,8.0,7.599999904632568,7.869999885559082,7.869999885559082,27800
2022-08-05,7.900000095367432,7.900000095367432,7.579999923706055,7.769999980926514,7.769999980926514,20700
2022-08-08,7.849999904632568,8.350000381469727,7.849999904632568,8.350000381469727,8.350000381469727,21700
2022-08-09,8.399999618530273,8.399999618530273,8.109999656677246,8.199999809265137,8.199999809265137,13200
2022-08-10,8.369999885559082,8.619999885559082,8.300000190734863,8.529999732971191,8.529999732971191,16800
2022-08-11,8.649999618530273,9.100000381469727,8.649999618530273,9.100000381469727,9.100000381469727,19400
2022-08-12,9.050000190734863,9.1899995803833,8.890000343322754,8.920000076293945,8.920000076293945,30200
2022-08-15,9.0,9.069999694824219,8.699999809265137,9.069999694824219,9.069999694824219,62400
2022-08-16,9.15999984741211,9.449999809265137,8.920000076293945,9.3100004196167,9.3100004196167,25400
2022-08-17,9.350000381469727,9.720000267028809,9.34000015258789,9.539999961853027,9.539999961853027,43600
2022-08-18,9.479999542236328,9.680000305175781,9.260000228881836,9.449999809265137,9.449999809265137,18000
2022-08-19,9.380000114440918,9.479999542236328,9.229999542236328,9.260000228881836,9.260000228881836,8000
2022-08-22,9.1899995803833,9.350000381469727,8.760000228881836,8.760000228881836,8.760000228881836,7400
2022-08-23,8.859999656677246,9.09000015258789,8.779999732971191,9.09000015258789,9.09000015258789,5300
2022-08-24,9.399999618530273,9.800000190734863,9.260000228881836,9.779999732971191,9.779999732971191,46100
2022-08-25,9.949999809265137,10.319999694824219,9.829999923706055,10.0,10.0,24800
2022-08-26,9.930000305175781,9.979999542236328,9.460000038146973,9.550000190734863,9.550000190734863,39700
2022-08-29,9.239999771118164,10.0,9.239999771118164,9.890000343322754,9.890000343322754,30600
2022-08-30,9.960000038146973,9.960000038146973,9.239999771118164,9.390000343322754,9.390000343322754,39400
2022-08-31,9.420000076293945,9.75,9.15999984741211,9.529999732971191,9.529999732971191,44900
2022-09-01,9.399999618530273,9.399999618530273,8.489999771118164,8.899999618530273,8.899999618530273,40000
2022-09-02,8.770000457763672,9.149999618530273,8.59000015258789,8.720000267028809,8.720000267028809,19300
2022-09-06,8.5600004196167,8.699999809265137,8.1899995803833,8.699999809265137,8.699999809265137,23600
2022-09-07,8.239999771118164,8.710000038146973,8.239999771118164,8.619999885559082,8.619999885559082,12700
2022-09-08,8.699999809265137,10.100000381469727,8.619999885559082,10.050000190734863,10.050000190734863,52600
2022-09-09,9.850000381469727,10.109999656677246,9.739999771118164,9.960000038146973,9.960000038146973,15000
2022-09-12,9.789999961853027,9.960000038146973,9.350000381469727,9.869999885559082,9.869999885559082,19600
2022-09-13,9.699999809265137,9.890000343322754,9.40999984741211,9.510000228881836,9.510000228881836,8400
2022-09-14,9.470000267028809,9.569999694824219,9.100000381469727,9.470000267028809,9.470000267028809,21600
2022-09-15,9.399999618530273,9.539999961853027,9.180000305175781,9.390000343322754,9.390000343322754,11200
2022-09-16,9.279999732971191,9.960000038146973,9.020000457763672,9.25,9.25,37300
2022-09-19,9.0,9.649999618530273,8.960000038146973,9.649999618530273,9.649999618530273,23500
2022-09-20,9.510000228881836,9.529999732971191,8.960000038146973,9.3100004196167,9.3100004196167,16700
2022-09-21,9.15999984741211,9.420000076293945,8.989999771118164,9.279999732971191,9.279999732971191,9600
2022-09-22,9.25,9.369999885559082,8.899999618530273,9.0,9.0,20200
2022-09-23,8.90999984741211,9.0,8.630000114440918,8.819999694824219,8.819999694824219,18200
2022-09-26,8.9399995803833,9.0,8.75,8.9399995803833,8.9399995803833,26500
2022-09-27,8.989999771118164,8.989999771118164,8.699999809265137,8.850000381469727,8.850000381469727,19500
2022-09-28,9.0,9.0,8.829999923706055,8.829999923706055,8.829999923706055,8300
2022-09-29,8.539999961853027,8.949999809265137,8.539999961853027,8.8100004196167,8.8100004196167,13800
2022-09-30,8.760000228881836,8.890000343322754,8.59000015258789,8.789999961853027,8.789999961853027,13200
2022-10-03,8.680000305175781,9.100000381469727,8.649999618530273,8.84000015258789,8.84000015258789,19700
2022-10-04,8.869999885559082,9.010000228881836,8.5600004196167,8.600000381469727,8.600000381469727,24600
2022-10-05,8.649999618530273,8.720000267028809,8.430000305175781,8.5,8.5,7400
2022-10-06,8.75,8.760000228881836,8.220000267028809,8.350000381469727,8.350000381469727,11600
2022-10-07,8.319999694824219,8.489999771118164,7.670000076293945,7.829999923706055,7.829999923706055,65400
2022-10-10,7.869999885559082,8.3100004196167,7.71999979019165,7.800000190734863,7.800000190734863,103600
2022-10-11,7.449999809265137,7.860000133514404,7.449999809265137,7.75,7.75,7800
2022-10-12,7.769999980926514,7.900000095367432,7.630000114440918,7.75,7.75,34400
2022-10-13,7.539999961853027,7.980000019073486,7.539999961853027,7.980000019073486,7.980000019073486,7400
2022-10-14,7.909999847412109,8.0,7.78000020980835,7.900000095367432,7.900000095367432,6400
2022-10-17,7.889999866485596,8.0,7.699999809265137,7.739999771118164,7.739999771118164,15300
2022-10-18,7.679999828338623,7.760000228881836,7.53000020980835,7.610000133514404,7.610000133514404,38300
2022-10-19,7.519999980926514,7.690000057220459,7.519999980926514,7.610000133514404,7.610000133514404,6800
2022-10-20,7.550000190734863,8.020000457763672,7.550000190734863,7.699999809265137,7.699999809265137,24100
2022-10-21,7.699999809265137,8.149999618530273,7.699999809265137,8.029999732971191,8.029999732971191,26600
2022-10-24,8.279999732971191,8.390000343322754,8.029999732971191,8.289999961853027,8.289999961853027,15100
2022-10-25,8.59000015258789,9.180000305175781,8.59000015258789,9.050000190734863,9.050000190734863,32000
2022-10-26,9.0,9.020000457763672,8.720000267028809,8.899999618530273,8.899999618530273,9900
2022-10-27,8.9399995803833,9.119999885559082,8.90999984741211,8.90999984741211,8.90999984741211,5100
2022-10-28,8.899999618530273,9.140000343322754,8.899999618530273,9.100000381469727,9.100000381469727,7300
2022-10-31,9.0,9.289999961853027,8.899999618530273,8.899999618530273,8.899999618530273,39300
2022-11-01,8.899999618530273,9.050000190734863,8.569999694824219,8.819999694824219,8.819999694824219,3500
2022-11-02,8.5,8.8100004196167,8.5,8.739999771118164,8.739999771118164,7900
2022-11-03,8.529999732971191,8.649999618530273,8.329999923706055,8.34000015258789,8.34000015258789,10500
2022-11-04,8.479999542236328,8.6899995803833,8.350000381469727,8.550000190734863,8.550000190734863,7500
2022-11-07,9.09000015258789,9.899999618530273,8.84000015258789,9.319999694824219,9.319999694824219,33000
2022-11-08,9.470000267028809,10.149999618530273,9.399999618530273,10.100000381469727,10.100000381469727,17800
2022-11-09,10.010000228881836,10.15999984741211,9.529999732971191,9.539999961853027,9.539999961853027,25800
2022-11-10,9.880000114440918,10.050000190734863,9.829999923706055,9.949999809265137,9.949999809265137,8800
2022-11-11,9.899999618530273,9.979999542236328,9.550000190734863,9.970000267028809,9.970000267028809,9500
2022-11-14,9.869999885559082,9.970000267028809,9.829999923706055,9.850000381469727,9.850000381469727,4900
2022-11-15,9.899999618530273,10.029999732971191,9.510000228881836,9.779999732971191,9.779999732971191,10200
2022-11-16,9.729999542236328,10.149999618530273,9.720000267028809,9.859999656677246,9.859999656677246,6500
2022-11-17,9.579999923706055,10.0600004196167,9.550000190734863,10.0,10.0,9500
2022-11-18,10.100000381469727,10.149999618530273,9.670000076293945,10.149999618530273,10.149999618530273,7800
2022-11-21,10.149999618530273,11.220000267028809,9.989999771118164,10.859999656677246,10.859999656677246,38700
2022-11-22,10.859999656677246,11.140000343322754,10.699999809265137,10.949999809265137,10.949999809265137,14300
2022-11-23,10.770000457763672,10.779999732971191,10.520000457763672,10.609999656677246,10.609999656677246,198000
2022-11-25,10.5,10.5,10.109999656677246,10.350000381469727,10.350000381469727,2800
2022-11-28,10.170000076293945,10.270000457763672,9.649999618530273,9.75,9.75,8600
2022-11-29,9.680000305175781,9.859999656677246,9.25,9.300000190734863,9.300000190734863,17700
2022-11-30,9.369999885559082,9.770000457763672,9.25,9.579999923706055,9.579999923706055,21800
2022-12-01,9.569999694824219,9.9399995803833,9.569999694824219,9.859999656677246,9.859999656677246,6500
2022-12-02,9.220000267028809,10.1899995803833,9.170000076293945,9.75,9.75,25100
2022-12-05,9.90999984741211,10.289999961853027,9.869999885559082,9.899999618530273,9.899999618530273,21300
2022-12-06,9.789999961853027,10.029999732971191,9.609999656677246,9.850000381469727,9.850000381469727,82600
2022-12-07,9.930000305175781,10.09000015258789,9.699999809265137,9.699999809265137,9.699999809265137,25400
2022-12-08,9.880000114440918,10.069999694824219,9.640000343322754,9.699999809265137,9.699999809265137,14100
2022-12-09,9.600000381469727,10.050000190734863,9.600000381469727,9.609999656677246,9.609999656677246,26900
2022-12-12,9.619999885559082,10.069999694824219,9.619999885559082,9.869999885559082,9.869999885559082,8100
2022-12-13,9.989999771118164,10.319999694824219,9.819999694824219,10.180000305175781,10.180000305175781,32700
2022-12-14,10.210000038146973,10.460000038146973,10.199999809265137,10.220000267028809,10.220000267028809,5200
2022-12-15,10.119999885559082,10.449999809265137,9.970000267028809,10.34000015258789,10.34000015258789,62800
2022-12-16,10.220000267028809,10.470000267028809,9.989999771118164,10.199999809265137,10.199999809265137,9900
2022-12-19,10.0600004196167,10.319999694824219,9.949999809265137,10.1899995803833,10.1899995803833,2700
2022-12-20,10.3100004196167,10.380000114440918,9.899999618530273,10.079999923706055,10.079999923706055,120500
2022-12-21,10.029999732971191,10.369999885559082,9.729999542236328,9.729999542236328,9.729999542236328,40100
2022-12-22,10.0,10.15999984741211,9.5600004196167,9.760000228881836,9.760000228881836,37400
2022-12-23,10.029999732971191,10.029999732971191,9.550000190734863,9.720000267028809,9.720000267028809,2200
2022-12-27,9.710000038146973,9.760000228881836,9.270000457763672,9.369999885559082,9.369999885559082,17000
2022-12-28,9.399999618530273,9.609999656677246,9.199999809265137,9.210000038146973,9.210000038146973,8100
2022-12-29,9.25,9.399999618530273,9.010000228881836,9.050000190734863,9.050000190734863,21300
2022-12-30,9.34000015258789,9.619999885559082,9.140000343322754,9.619999885559082,9.619999885559082,24800
2023-01-03,9.609999656677246,9.829999923706055,9.40999984741211,9.75,9.75,133000
2023-01-04,9.739999771118164,10.010000228881836,9.199999809265137,9.279999732971191,9.279999732971191,93500
2023-01-05,9.25,9.800000190734863,9.25,9.510000228881836,9.510000228881836,22000
2023-01-06,9.609999656677246,9.8100004196167,9.109999656677246,9.34000015258789,9.34000015258789,30900
2023-01-09,9.430000305175781,9.579999923706055,9.279999732971191,9.279999732971191,9.279999732971191,20300
2023-01-10,9.380000114440918,10.020000457763672,9.3100004196167,9.5,9.5,62800
2023-01-11,9.539999961853027,9.90999984741211,9.5,9.5,9.5,25200
2023-01-12,9.630000114440918,10.239999771118164,9.600000381469727,9.869999885559082,9.869999885559082,33000
2023-01-13,9.90999984741211,10.15999984741211,9.779999732971191,9.899999618530273,9.899999618530273,28700
2023-01-17,9.800000190734863,10.0600004196167,9.779999732971191,9.850000381469727,9.850000381469727,10300
2023-01-18,9.920000076293945,10.100000381469727,9.739999771118164,9.739999771118164,9.739999771118164,73400
2023-01-19,9.699999809265137,10.010000228881836,9.5,9.59000015258789,9.59000015258789,33900
2023-01-20,9.75,10.050000190734863,9.569999694824219,9.84000015258789,9.84000015258789,17300
2023-01-23,9.699999809265137,10.199999809265137,9.699999809265137,10.0,10.0,38800
2023-01-24,9.930000305175781,10.199999809265137,9.789999961853027,9.84000015258789,9.84000015258789,6900
2023-01-25,10.069999694824219,10.069999694824219,9.510000228881836,9.739999771118164,9.739999771118164,20400
2023-01-26,9.6899995803833,10.0,9.609999656677246,9.850000381469727,9.850000381469727,41000
2023-01-27,9.829999923706055,9.970000267028809,9.489999771118164,9.630000114440918,9.630000114440918,25900
2023-01-30,9.609999656677246,10.010000228881836,9.550000190734863,9.760000228881836,9.760000228881836,74000
2023-01-31,9.770000457763672,10.0,9.510000228881836,9.699999809265137,9.699999809265137,112000
2023-02-01,9.75,9.819999694824219,9.59000015258789,9.699999809265137,9.699999809265137,88900
2023-02-02,9.699999809265137,10.850000381469727,9.699999809265137,10.779999732971191,10.779999732971191,90900
2023-02-03,10.869999885559082,11.069999694824219,10.680000305175781,10.869999885559082,10.869999885559082,43000
2023-02-06,12.0,12.239999771118164,10.920000076293945,11.630000114440918,11.630000114440918,110400
2023-02-07,11.630000114440918,12.25,11.630000114440918,12.130000114440918,12.130000114440918,57700
2023-02-08,12.170000076293945,12.25,12.010000228881836,12.1899995803833,12.1899995803833,30400
2023-02-09,12.210000038146973,12.5,12.130000114440918,12.470000267028809,12.470000267028809,49200
2023-02-10,12.5,12.699999809265137,12.470000267028809,12.649999618530273,12.649999618530273,51300
2023-02-13,12.739999771118164,12.960000038146973,12.609999656677246,12.880000114440918,12.880000114440918,79600
2023-02-14,12.880000114440918,12.949999809265137,12.680000305175781,12.899999618530273,12.899999618530273,36700
2023-02-15,12.899999618530273,13.25,12.729999542236328,13.069999694824219,13.069999694824219,68700
2023-02-16,12.989999771118164,13.220000267028809,12.989999771118164,13.130000114440918,13.130000114440918,32300
2023-02-17,13.079999923706055,13.460000038146973,13.029999732971191,13.460000038146973,13.460000038146973,50700
2023-02-21,13.529999732971191,13.619999885559082,13.420000076293945,13.5600004196167,13.5600004196167,50800
2023-02-22,13.649999618530273,14.470000267028809,13.609999656677246,14.15999984741211,14.15999984741211,170300
2023-02-23,14.390000343322754,14.489999771118164,14.069999694824219,14.289999961853027,14.289999961853027,69700
2023-02-24,14.199999809265137,14.4399995803833,14.119999885559082,14.420000076293945,14.420000076293945,64300
2023-02-27,14.609999656677246,14.609999656677246,14.180000305175781,14.289999961853027,14.289999961853027,52800
2023-02-28,14.25,14.470000267028809,14.140000343322754,14.359999656677246,14.359999656677246,62600
2023-03-01,14.479999542236328,14.520000457763672,14.130000114440918,14.220000267028809,14.220000267028809,42800
2023-03-02,14.239999771118164,14.460000038146973,14.140000343322754,14.460000038146973,14.460000038146973,44200
2023-03-03,14.5,14.539999961853027,14.3100004196167,14.479999542236328,14.479999542236328,50400
2023-03-06,14.430000305175781,14.430000305175781,14.0,14.239999771118164,14.239999771118164,35100
2023-03-07,14.180000305175781,14.65999984741211,14.0600004196167,14.270000457763672,14.270000457763672,52200
2023-03-08,14.239999771118164,14.579999923706055,13.960000038146973,14.420000076293945,14.420000076293945,55600
2023-03-09,14.40999984741211,14.5,14.260000228881836,14.390000343322754,14.390000343322754,19500
2023-03-10,14.359999656677246,14.550000190734863,13.960000038146973,14.460000038146973,14.460000038146973,57200
2023-03-13,14.40999984741211,14.449999809265137,14.029999732971191,14.140000343322754,14.140000343322754,40200
2023-03-14,14.170000076293945,14.170000076293945,13.760000228881836,14.140000343322754,14.140000343322754,27500
2023-03-15,14.020000457763672,14.270000457763672,13.8100004196167,14.069999694824219,14.069999694824219,59900
2023-03-16,14.020000457763672,14.359999656677246,13.829999923706055,14.3100004196167,14.3100004196167,35000
2023-03-17,14.300000190734863,14.300000190734863,13.800000190734863,13.850000381469727,13.850000381469727,27700
2023-03-20,13.880000114440918,13.880000114440918,13.59000015258789,13.600000381469727,13.600000381469727,15700
2023-03-21,13.5600004196167,13.640000343322754,13.380000114440918,13.5600004196167,13.5600004196167,19700
2023-03-22,13.59000015258789,13.710000038146973,13.350000381469727,13.380000114440918,13.380000114440918,27600
2023-03-23,13.420000076293945,13.550000190734863,13.109999656677246,13.210000038146973,13.210000038146973,34400
2023-03-24,13.010000228881836,13.279999732971191,12.779999732971191,12.989999771118164,12.989999771118164,21800
2023-03-27,13.079999923706055,13.460000038146973,12.8100004196167,13.279999732971191,13.279999732971191,30400
2023-03-28,13.149999618530273,13.529999732971191,13.149999618530273,13.300000190734863,13.300000190734863,11000
2023-03-29,13.300000190734863,13.300000190734863,13.020000457763672,13.119999885559082,13.119999885559082,14000
2023-03-30,13.079999923706055,13.229999542236328,12.899999618530273,12.9399995803833,12.9399995803833,13100
2023-03-31,12.970000267028809,13.100000381469727,12.890000343322754,13.079999923706055,13.079999923706055,29900
2023-04-03,13.09000015258789,13.979999542236328,13.09000015258789,13.890000343322754,13.890000343322754,37000
2023-04-04,14.029999732971191,14.029999732971191,13.510000228881836,13.640000343322754,13.640000343322754,16400
2023-04-05,13.720000267028809,13.739999771118164,13.350000381469727,13.520000457763672,13.520000457763672,14500
2023-04-06,13.40999984741211,13.699999809265137,13.34000015258789,13.609999656677246,13.609999656677246,13300
2023-04-10,13.760000228881836,13.930000305175781,13.520000457763672,13.65999984741211,13.65999984741211,25300
2023-04-11,13.65999984741211,14.239999771118164,13.550000190734863,14.239999771118164,14.239999771118164,56400
2023-04-12,14.260000228881836,14.260000228881836,13.579999923706055,13.770000457763672,13.770000457763672,19900
2023-04-13,13.770000457763672,13.890000343322754,13.510000228881836,13.729999542236328,13.729999542236328,24700
2023-04-14,13.770000457763672,13.84000015258789,13.609999656677246,13.710000038146973,13.710000038146973,12300
2023-04-17,13.760000228881836,13.760000228881836,13.529999732971191,13.699999809265137,13.699999809265137,24300
2023-04-18,13.609999656677246,13.75,13.510000228881836,13.510000228881836,13.510000228881836,20400
2023-04-19,13.479999542236328,13.6899995803833,13.25,13.5,13.5,12900
2023-04-20,13.369999885559082,13.449999809265137,13.140000343322754,13.319999694824219,13.319999694824219,17800
2023-04-21,13.180000305175781,13.279999732971191,12.9399995803833,13.220000267028809,13.220000267028809,15200
2023-04-24,13.220000267028809,13.369999885559082,12.770000457763672,12.960000038146973,12.960000038146973,35100
2023-04-25,12.899999618530273,12.899999618530273,12.359999656677246,12.420000076293945,12.420000076293945,28800
2023-04-26,12.720000267028809,13.140000343322754,12.619999885559082,12.819999694824219,12.819999694824219,20700
2023-04-27,12.739999771118164,12.9399995803833,12.479999542236328,12.9399995803833,12.9399995803833,8500
2023-04-28,12.829999923706055,13.1899995803833,12.6899995803833,12.869999885559082,12.869999885559082,10600
2023-05-01,12.949999809265137,13.109999656677246,12.729999542236328,12.770000457763672,12.770000457763672,9500
2023-05-02,12.899999618530273,12.899999618530273,12.069999694824219,12.15999984741211,12.15999984741211,16000
2023-05-03,12.359999656677246,12.729999542236328,12.09000015258789,12.550000190734863,12.550000190734863,16700
2023-05-04,12.619999885559082,12.710000038146973,12.130000114440918,12.239999771118164,12.239999771118164,10600
2023-05-05,12.520000457763672,12.529999732971191,12.25,12.420000076293945,12.420000076293945,15900
2023-05-08,12.579999923706055,12.770000457763672,12.460000038146973,12.460000038146973,12.460000038146973,12300
2023-05-09,12.260000228881836,12.489999771118164,12.260000228881836,12.34000015258789,12.34000015258789,19100
2023-05-10,12.359999656677246,12.430000305175781,11.800000190734863,11.920000076293945,11.920000076293945,22600
2023-05-11,11.880000114440918,12.0600004196167,11.739999771118164,11.850000381469727,11.850000381469727,6700
2023-05-12,11.649999618530273,11.979999542236328,11.359999656677246,11.460000038146973,11.460000038146973,10400
2023-05-15,11.600000381469727,11.789999961853027,11.279999732971191,11.350000381469727,11.350000381469727,16000
2023-05-16,11.470000267028809,11.600000381469727,11.109999656677246,11.130000114440918,11.130000114440918,12000
2023-05-17,11.100000381469727,11.149999618530273,10.890000343322754,10.949999809265137,10.949999809265137,58300
2023-05-18,10.930000305175781,11.699999809265137,10.770000457763672,11.420000076293945,11.420000076293945,16300
2023-05-19,11.550000190734863,11.65999984741211,11.34000015258789,11.449999809265137,11.449999809265137,16700
2023-05-22,11.510000228881836,11.930000305175781,11.510000228881836,11.850000381469727,11.850000381469727,8300
2023-05-23,11.800000190734863,12.170000076293945,11.779999732971191,11.779999732971191,11.779999732971191,23700
2023-05-24,11.760000228881836,12.050000190734863,11.760000228881836,11.9399995803833,11.9399995803833,6600
2023-05-25,12.0,12.0,11.3100004196167,11.3100004196167,11.3100004196167,19700
2023-05-26,11.260000228881836,11.5600004196167,11.260000228881836,11.539999961853027,11.539999961853027,4900
2023-05-30,11.550000190734863,11.630000114440918,11.25,11.25,11.25,14000
2023-05-31,11.329999923706055,11.470000267028809,11.09000015258789,11.09000015258789,11.09000015258789,13200
2023-06-01,11.15999984741211,11.470000267028809,11.029999732971191,11.039999961853027,11.039999961853027,23000
2023-06-02,11.279999732971191,11.479999542236328,11.15999984741211,11.359999656677246,11.359999656677246,48100
2023-06-05,11.430000305175781,11.9399995803833,11.359999656677246,11.65999984741211,11.65999984741211,22700
2023-06-06,11.529999732971191,11.770000457763672,11.399999618530273,11.489999771118164,11.489999771118164,29100
2023-06-07,11.829999923706055,11.899999618530273,11.489999771118164,11.699999809265137,11.699999809265137,29200
2023-06-08,13.0,13.25,12.479999542236328,13.0,13.0,109000
2023-06-09,13.0,13.170000076293945,12.8100004196167,13.0,13.0,56300
2023-06-12,12.899999618530273,13.140000343322754,12.699999809265137,13.0,13.0,48200
2023-06-13,12.880000114440918,13.449999809265137,12.850000381469727,13.0,13.0,145600
2023-06-14,13.100000381469727,13.390000343322754,12.819999694824219,13.300000190734863,13.300000190734863,36300
2023-06-15,13.319999694824219,13.399999618530273,13.039999961853027,13.289999961853027,13.289999961853027,17300
2023-06-16,13.449999809265137,13.449999809265137,13.020000457763672,13.229999542236328,13.229999542236328,34400
2023-06-20,13.140000343322754,13.260000228881836,12.770000457763672,13.029999732971191,13.029999732971191,31000
2023-06-21,12.899999618530273,13.380000114440918,12.829999923706055,13.029999732971191,13.029999732971191,23300
2023-06-22,12.859999656677246,13.0600004196167,12.779999732971191,12.930000305175781,12.930000305175781,10900
2023-06-23,12.970000267028809,13.25,12.760000228881836,12.869999885559082,12.869999885559082,51000
2023-06-26,12.880000114440918,13.029999732971191,12.800000190734863,12.800000190734863,12.800000190734863,11400
2023-06-27,12.800000190734863,13.260000228881836,12.289999961853027,12.9399995803833,12.9399995803833,18200
2023-06-28,13.039999961853027,13.479999542236328,12.859999656677246,13.3100004196167,13.3100004196167,22500
2023-06-29,13.319999694824219,13.489999771118164,13.130000114440918,13.319999694824219,13.319999694824219,11500
2023-06-30,12.970000267028809,13.399999618530273,12.970000267028809,13.279999732971191,13.279999732971191,6200
2023-07-03,13.199999809265137,13.390000343322754,12.880000114440918,13.380000114440918,13.380000114440918,12600
2023-07-05,13.199999809265137,13.210000038146973,12.5,13.0,13.0,23400
2023-07-06,12.880000114440918,12.880000114440918,12.6899995803833,12.8100004196167,12.8100004196167,8100
2023-07-07,12.8100004196167,13.390000343322754,12.720000267028809,13.020000457763672,13.020000457763672,35600
2023-07-10,13.0600004196167,13.15999984741211,12.34000015258789,13.039999961853027,13.039999961853027,10500
2023-07-11,13.100000381469727,13.300000190734863,12.920000076293945,13.130000114440918,13.130000114440918,11100
2023-07-12,13.0,13.3100004196167,13.0,13.170000076293945,13.170000076293945,8200
2023-07-13,13.350000381469727,13.350000381469727,12.899999618530273,13.0,13.0,6900
2023-07-14,13.029999732971191,13.149999618530273,12.550000190734863,12.760000228881836,12.760000228881836,19400
2023-07-17,12.760000228881836,13.199999809265137,12.399999618530273,13.010000228881836,13.010000228881836,10600
2023-07-18,12.989999771118164,13.239999771118164,12.989999771118164,13.180000305175781,13.180000305175781,9100
2023-07-19,13.069999694824219,13.279999732971191,13.069999694824219,13.210000038146973,13.210000038146973,15100
2023-07-20,13.130000114440918,13.300000190734863,13.079999923706055,13.210000038146973,13.210000038146973,5500
2023-07-21,13.180000305175781,13.300000190734863,12.859999656677246,13.010000228881836,13.010000228881836,6900
2023-07-24,12.770000457763672,13.1899995803833,12.720000267028809,13.1899995803833,13.1899995803833,15000
2023-07-25,13.050000190734863,13.75,12.789999961853027,13.539999961853027,13.539999961853027,35200
2023-07-26,13.75,14.050000190734863,13.5600004196167,13.84000015258789,13.84000015258789,27700
2023-07-27,13.720000267028809,14.220000267028809,13.720000267028809,14.029999732971191,14.029999732971191,19500
2023-07-28,14.180000305175781,14.270000457763672,14.0,14.0600004196167,14.0600004196167,23600
2023-07-31,14.109999656677246,14.350000381469727,13.869999885559082,14.0,14.0,29300
2023-08-01,13.289999961853027,14.010000228881836,12.529999732971191,13.869999885559082,13.869999885559082,37100
2023-08-02,13.720000267028809,14.220000267028809,13.649999618530273,14.079999923706055,14.079999923706055,18300
2023-08-03,14.25,14.350000381469727,14.010000228881836,14.050000190734863,14.050000190734863,16800
2023-08-04,14.279999732971191,14.350000381469727,13.699999809265137,13.949999809265137,13.949999809265137,12700
2023-08-07,14.899999618530273,17.149999618530273,14.8100004196167,15.829999923706055,15.829999923706055,176000
2023-08-08,15.699999809265137,16.239999771118164,15.609999656677246,16.139999389648438,16.139999389648438,87100
2023-08-09,16.0,16.65999984741211,15.850000381469727,16.3799991607666,16.3799991607666,56500
2023-08-10,16.5,17.079999923706055,16.389999389648438,16.860000610351562,16.860000610351562,33300
2023-08-11,16.940000534057617,17.020000457763672,16.780000686645508,16.780000686645508,16.780000686645508,28100
2023-08-14,17.059999465942383,17.760000228881836,17.049999237060547,17.690000534057617,17.690000534057617,82400
2023-08-15,17.780000686645508,17.950000762939453,16.649999618530273,16.739999771118164,16.739999771118164,51300
2023-08-16,16.700000762939453,16.979999542236328,16.540000915527344,16.610000610351562,16.610000610351562,25900
2023-08-17,16.489999771118164,16.729999542236328,16.010000228881836,16.170000076293945,16.170000076293945,26800
2023-08-18,16.149999618530273,16.649999618530273,15.630000114440918,16.190000534057617,16.190000534057617,28600
2023-08-21,16.229999542236328,16.670000076293945,16.190000534057617,16.25,16.25,36600
2023-08-22,16.450000762939453,16.489999771118164,16.030000686645508,16.079999923706055,16.079999923706055,40000
2023-08-23,16.1200008392334,16.709999084472656,15.989999771118164,16.219999313354492,16.219999313354492,29600
2023-08-24,16.219999313354492,16.729999542236328,16.219999313354492,16.389999389648438,16.389999389648438,23800
2023-08-25,16.440000534057617,16.489999771118164,16.049999237060547,16.200000762939453,16.200000762939453,25600
2023-08-28,15.9399995803833,16.299999237060547,15.630000114440918,15.949999809265137,15.949999809265137,30200
2023-08-29,16.0,16.389999389648438,15.949999809265137,16.09000015258789,16.09000015258789,27900
2023-08-30,16.06999969482422,16.299999237060547,15.949999809265137,16.040000915527344,16.040000915527344,26500
2023-08-31,16.0,16.209999084472656,15.920000076293945,16.0,16.0,36300
2023-09-01,15.9399995803833,16.309999465942383,15.729999542236328,16.170000076293945,16.170000076293945,26400
2023-09-05,16.329999923706055,17.200000762939453,16.209999084472656,16.90999984741211,16.90999984741211,61000
2023-09-06,16.770000457763672,16.829999923706055,16.260000228881836,16.3700008392334,16.3700008392334,27400
2023-09-07,16.530000686645508,16.8700008392334,16.010000228881836,16.530000686645508,16.530000686645508,29400
2023-09-08,16.200000762939453,16.690000534057617,16.110000610351562,16.229999542236328,16.229999542236328,12000
2023-09-11,16.100000381469727,16.290000915527344,15.850000381469727,15.970000267028809,15.970000267028809,35000
2023-09-12,16.149999618530273,16.6200008392334,16.06999969482422,16.299999237060547,16.299999237060547,34500
2023-09-13,16.299999237060547,16.469999313354492,15.819999694824219,15.949999809265137,15.949999809265137,42000
2023-09-14,15.989999771118164,16.030000686645508,15.550000190734863,15.550000190734863,15.550000190734863,28000
2023-09-15,15.699999809265137,15.699999809265137,15.510000228881836,15.510000228881836,15.510000228881836,29300
2023-09-18,15.100000381469727,16.09000015258789,15.039999961853027,15.539999961853027,15.539999961853027,48400
2023-09-19,15.630000114440918,15.84000015258789,15.229999542236328,15.489999771118164,15.489999771118164,35400
2023-09-20,15.649999618530273,15.949999809265137,15.430000305175781,15.829999923706055,15.829999923706055,19600
2023-09-21,15.5600004196167,15.569999694824219,14.960000038146973,15.380000114440918,15.380000114440918,41300
2023-09-22,15.149999618530273,15.569999694824219,14.779999732971191,15.369999885559082,15.369999885559082,126500
2023-09-25,15.350000381469727,16.229999542236328,15.25,16.100000381469727,16.100000381469727,30600
2023-09-26,16.1299991607666,16.1299991607666,15.220000267028809,15.510000228881836,15.510000228881836,52300
2023-09-27,15.649999618530273,16.149999618530273,15.390000343322754,15.869999885559082,15.869999885559082,18400
2023-09-28,16.010000228881836,16.739999771118164,15.850000381469727,16.739999771118164,16.739999771118164,31500
2023-09-29,16.700000762939453,16.700000762939453,16.219999313354492,16.600000381469727,16.600000381469727,26800
2023-10-02,16.450000762939453,16.600000381469727,16.049999237060547,16.139999389648438,16.139999389648438,50200
2023-10-03,16.100000381469727,16.229999542236328,15.75,15.970000267028809,15.970000267028809,62500
2023-10-04,16.0,16.5,15.039999961853027,16.450000762939453,16.450000762939453,34400
2023-10-05,16.190000534057617,16.600000381469727,16.170000076293945,16.40999984741211,16.40999984741211,23100
2023-10-06,16.489999771118164,16.780000686645508,16.270000457763672,16.690000534057617,16.690000534057617,22200
2023-10-09,16.690000534057617,16.829999923706055,16.020000457763672,16.719999313354492,16.719999313354492,33700
2023-10-10,16.8700008392334,16.989999771118164,16.079999923706055,16.809999465942383,16.809999465942383,32300
2023-10-11,16.799999237060547,17.440000534057617,16.489999771118164,17.309999465942383,17.309999465942383,22200
2023-10-12,17.139999389648438,17.200000762939453,16.610000610351562,17.06999969482422,17.06999969482422,26500
2023-10-13,17.0,17.0,15.84000015258789,16.25,16.25,25200
2023-10-16,16.739999771118164,17.0,15.920000076293945,16.079999923706055,16.079999923706055,54400
2023-10-17,16.229999542236328,16.8799991607666,16.079999923706055,16.600000381469727,16.600000381469727,50700
2023-10-18,16.34000015258789,16.520000457763672,16.25,16.389999389648438,16.389999389648438,25300
2023-10-19,16.229999542236328,16.729999542236328,16.0,16.479999542236328,16.479999542236328,29900
2023-10-20,16.6200008392334,16.950000762939453,16.559999465942383,16.899999618530273,16.899999618530273,14600
2023-10-23,16.610000610351562,16.860000610351562,16.0,16.18000030517578,16.18000030517578,46200
2023-10-24,16.260000228881836,16.59000015258789,15.010000228881836,15.850000381469727,15.850000381469727,29900
2023-10-25,15.989999771118164,16.1299991607666,15.470000267028809,15.6899995803833,15.6899995803833,24600
2023-10-26,15.6899995803833,15.6899995803833,15.180000305175781,15.289999961853027,15.289999961853027,37600
2023-10-27,15.40999984741211,15.699999809265137,15.300000190734863,15.4399995803833,15.4399995803833,22000
2023-10-30,15.3100004196167,15.869999885559082,15.3100004196167,15.720000267028809,15.720000267028809,28800
2023-10-31,15.59000015258789,15.770000457763672,15.270000457763672,15.59000015258789,15.59000015258789,39700
2023-11-01,15.59000015258789,15.800000190734863,15.329999923706055,15.680000305175781,15.680000305175781,27800
2023-11-02,16.020000457763672,16.829999923706055,15.90999984741211,16.809999465942383,16.809999465942383,27600
2023-11-03,17.0,17.200000762939453,16.850000381469727,16.989999771118164,16.989999771118164,32900
2023-11-06,17.0,17.100000381469727,16.18000030517578,16.579999923706055,16.579999923706055,37800
2023-11-07,16.299999237060547,16.489999771118164,15.619999885559082,16.239999771118164,16.239999771118164,21800
2023-11-08,16.329999923706055,16.389999389648438,15.8100004196167,16.219999313354492,16.219999313354492,31500
2023-11-09,16.110000610351562,16.850000381469727,15.819999694824219,16.850000381469727,16.850000381469727,24800
2023-11-10,16.700000762939453,17.34000015258789,16.5,17.219999313354492,17.219999313354492,48800
2023-11-13,16.8700008392334,17.209999084472656,16.209999084472656,16.489999771118164,16.489999771118164,34600
2023-11-14,16.829999923706055,16.950000762939453,16.5,16.850000381469727,16.850000381469727,27900
2023-11-15,16.8799991607666,17.989999771118164,16.799999237060547,17.979999542236328,17.979999542236328,136700
2023-11-16,18.0,18.43000030517578,17.350000381469727,17.6200008392334,17.6200008392334,52900
2023-11-17,17.899999618530273,17.899999618530273,17.3799991607666,17.600000381469727,17.600000381469727,42700
2023-11-20,17.81999969482422,18.280000686645508,17.559999465942383,18.06999969482422,18.06999969482422,49200
2023-11-21,18.100000381469727,18.790000915527344,18.0,18.3799991607666,18.3799991607666,81800
2023-11-22,18.65999984741211,19.100000381469727,18.209999084472656,18.8700008392334,18.8700008392334,74400
2023-11-24,19.010000228881836,19.690000534057617,18.56999969482422,19.43000030517578,19.43000030517578,33800
2023-11-27,19.0,19.239999771118164,18.399999618530273,18.719999313354492,18.719999313354492,43700
2023-11-28,18.93000030517578,18.969999313354492,18.399999618530273,18.670000076293945,18.670000076293945,31000
2023-11-29,18.75,18.850000381469727,18.469999313354492,18.75,18.75,42300
2023-11-30,18.68000030517578,18.950000762939453,18.43000030517578,18.530000686645508,18.530000686645508,23100
2023-12-01,18.399999618530273,18.989999771118164,18.399999618530273,18.829999923706055,18.829999923706055,43400
2023-12-04,18.829999923706055,19.100000381469727,18.690000534057617,18.950000762939453,18.950000762939453,51500
2023-12-05,18.850000381469727,18.93000030517578,18.479999542236328,18.649999618530273,18.649999618530273,46700
2023-12-06,18.649999618530273,18.850000381469727,17.979999542236328,18.049999237060547,18.049999237060547,59000
2023-12-07,17.93000030517578,17.989999771118164,17.020000457763672,17.559999465942383,17.559999465942383,58100
2023-12-08,17.690000534057617,18.010000228881836,17.559999465942383,17.969999313354492,17.969999313354492,41100
2023-12-11,17.780000686645508,18.020000457763672,17.559999465942383,17.989999771118164,17.989999771118164,46400
2023-12-12,18.030000686645508,18.31999969482422,17.790000915527344,17.899999618530273,17.899999618530273,42500
2023-12-13,17.84000015258789,18.459999084472656,17.3799991607666,17.899999618530273,17.899999618530273,128700
2023-12-14,18.239999771118164,18.3700008392334,17.809999465942383,17.850000381469727,17.850000381469727,63000
2023-12-15,17.90999984741211,17.90999984741211,17.1299991607666,17.600000381469727,17.600000381469727,63300
2023-12-18,17.719999313354492,18.010000228881836,17.649999618530273,17.969999313354492,17.969999313354492,31100
2023-12-19,17.989999771118164,18.899999618530273,17.989999771118164,18.899999618530273,18.899999618530273,49500
2023-12-20,18.93000030517578,18.93000030517578,18.299999237060547,18.43000030517578,18.43000030517578,34100
2023-12-21,18.549999237060547,18.649999618530273,18.030000686645508,18.469999313354492,18.469999313354492,20900
2023-12-22,18.450000762939453,19.40999984741211,18.43000030517578,19.020000457763672,19.020000457763672,63600
2023-12-26,19.25,19.25,18.639999389648438,19.190000534057617,19.190000534057617,54100
2023-12-27,19.31999969482422,19.93000030517578,19.190000534057617,19.670000076293945,19.670000076293945,44000
2023-12-28,19.690000534057617,19.75,19.34000015258789,19.459999084472656,19.459999084472656,25100
2023-12-29,19.6200008392334,19.6200008392334,18.760000228881836,18.969999313354492,18.969999313354492,76000
2024-01-02,19.010000228881836,19.610000610351562,18.780000686645508,19.270000457763672,19.270000457763672,63300
2024-01-03,19.360000610351562,19.360000610351562,18.799999237060547,18.860000610351562,18.860000610351562,32400
2024-01-04,18.790000915527344,19.270000457763672,18.790000915527344,19.239999771118164,19.239999771118164,49600
2024-01-05,19.280000686645508,19.68000030517578,19.059999465942383,19.399999618530273,19.399999618530273,65700
2024-01-08,19.31999969482422,19.31999969482422,18.149999618530273,18.799999237060547,18.799999237060547,52100
2024-01-09,18.510000228881836,18.719999313354492,18.31999969482422,18.6299991607666,18.6299991607666,34200
2024-01-10,18.200000762939453,19.260000228881836,18.200000762939453,19.0,19.0,37300
2024-01-11,18.8700008392334,19.25,18.610000610351562,18.969999313354492,18.969999313354492,36200
2024-01-12,19.18000030517578,19.520000457763672,18.84000015258789,19.5,19.5,38900
2024-01-16,19.59000015258789,20.1299991607666,19.299999237060547,19.90999984741211,19.90999984741211,97700
2024-01-17,19.450000762939453,21.0,19.450000762939453,20.3700008392334,20.3700008392334,129000
2024-01-18,20.5,20.5,19.200000762939453,19.299999237060547,19.299999237060547,97200
2024-01-19,19.309999465942383,19.549999237060547,18.93000030517578,19.5,19.5,65000
2024-01-22,19.549999237060547,19.84000015258789,19.299999237060547,19.719999313354492,19.719999313354492,53000
2024-01-23,19.719999313354492,20.18000030517578,19.719999313354492,20.010000228881836,20.010000228881836,89400
2024-01-24,19.989999771118164,20.100000381469727,19.489999771118164,19.559999465942383,19.559999465942383,21800
2024-01-25,19.799999237060547,19.850000381469727,19.639999389648438,19.799999237060547,19.799999237060547,23300
2024-01-26,19.950000762939453,20.459999084472656,19.770000457763672,20.440000534057617,20.440000534057617,72800
2024-01-29,20.239999771118164,20.270000457763672,19.690000534057617,19.93000030517578,19.93000030517578,62800
2024-01-30,19.760000228881836,20.020000457763672,19.520000457763672,19.829999923706055,19.829999923706055,35900
2024-01-31,19.729999542236328,19.93000030517578,19.350000381469727,19.459999084472656,19.459999084472656,44700
2024-02-01,19.420000076293945,19.700000762939453,18.899999618530273,19.260000228881836,19.260000228881836,66600
2024-02-02,19.15999984741211,19.84000015258789,19.15999984741211,19.780000686645508,19.780000686645508,59300
2024-02-05,22.690000534057617,23.5,20.709999084472656,21.959999084472656,21.959999084472656,181500
2024-02-06,21.959999084472656,22.149999618530273,21.780000686645508,22.100000381469727,22.100000381469727,86800
2024-02-07,22.25,22.25,21.719999313354492,21.760000228881836,21.760000228881836,70100
2024-02-08,21.75,22.940000534057617,21.729999542236328,22.940000534057617,22.940000534057617,86600
2024-02-09,23.0,23.020000457763672,22.489999771118164,22.93000030517578,22.93000030517578,63800
2024-02-12,22.75,22.8799991607666,22.540000915527344,22.860000610351562,22.860000610351562,55000
2024-02-13,22.5,22.510000228881836,22.09000015258789,22.450000762939453,22.450000762939453,50200
2024-02-14,22.65999984741211,24.81999969482422,22.399999618530273,24.770000457763672,24.770000457763672,277500
2024-02-15,24.780000686645508,24.790000915527344,23.65999984741211,24.200000762939453,24.200000762939453,115400
2024-02-16,24.290000915527344,24.979999542236328,23.719999313354492,24.1200008392334,24.1200008392334,78200
2024-02-20,23.899999618530273,24.06999969482422,23.639999389648438,23.809999465942383,23.809999465942383,36200
2024-02-21,23.700000762939453,23.90999984741211,22.780000686645508,23.100000381469727,23.100000381469727,63400
2024-02-22,23.170000076293945,23.270000457763672,22.780000686645508,22.780000686645508,22.780000686645508,39500
2024-02-23,22.729999542236328,23.940000534057617,22.670000076293945,23.889999389648438,23.889999389648438,73600
2024-02-26,24.010000228881836,24.5,23.90999984741211,23.969999313354492,23.969999313354492,41800
2024-02-27,24.139999389648438,24.200000762939453,23.040000915527344,23.450000762939453,23.450000762939453,40200
2024-02-28,23.43000030517578,24.1299991607666,23.399999618530273,23.760000228881836,23.760000228881836,39200
2024-02-29,23.90999984741211,24.079999923706055,23.540000915527344,23.690000534057617,23.690000534057617,26000
2024-03-01,23.290000915527344,24.139999389648438,23.290000915527344,23.709999084472656,23.709999084472656,47200
2024-03-04,23.709999084472656,23.950000762939453,23.469999313354492,23.59000015258789,23.59000015258789,24900
2024-03-05,23.639999389648438,24.030000686645508,23.420000076293945,23.8799991607666,23.8799991607666,38300
2024-03-06,24.0,24.40999984741211,23.700000762939453,23.899999618530273,23.899999618530273,29900
2024-03-07,24.260000228881836,24.639999389648438,24.0,24.479999542236328,24.479999542236328,35000
2024-03-08,24.700000762939453,24.989999771118164,24.049999237060547,24.3799991607666,24.3799991607666,40900
2024-03-11,24.09000015258789,24.209999084472656,23.729999542236328,24.049999237060547,24.049999237060547,19300
2024-03-12,23.93000030517578,24.59000015258789,23.670000076293945,24.540000915527344,24.540000915527344,35000
2024-03-13,24.59000015258789,25.110000610351562,24.540000915527344,24.950000762939453,24.950000762939453,34100
2024-03-14,25.100000381469727,25.100000381469727,24.399999618530273,24.5,24.5,28900
2024-03-15,24.25,25.020000457763672,24.15999984741211,24.719999313354492,24.719999313354492,65400
2024-03-18,24.639999389648438,25.100000381469727,24.34000015258789,24.489999771118164,24.489999771118164,37100
2024-03-19,24.209999084472656,25.139999389648438,24.209999084472656,24.709999084472656,24.709999084472656,29400
2024-03-20,24.8799991607666,25.399999618530273,24.770000457763672,25.31999969482422,25.31999969482422,40900
2024-03-21,25.440000534057617,25.59000015258789,25.06999969482422,25.329999923706055,25.329999923706055,36000
2024-03-22,25.780000686645508,27.239999771118164,25.780000686645508,26.850000381469727,26.850000381469727,118100
2024-03-25,26.950000762939453,26.950000762939453,25.579999923706055,25.950000762939453,25.950000762939453,87100
2024-03-26,25.8700008392334,26.8700008392334,25.8700008392334,26.6299991607666,26.6299991607666,53000
2024-03-27,26.639999389648438,27.450000762939453,26.639999389648438,26.920000076293945,26.920000076293945,52700
2024-03-28,26.739999771118164,27.600000381469727,26.579999923706055,27.280000686645508,27.280000686645508,286200
2024-04-01,30.0,30.8799991607666,29.600000381469727,30.56999969482422,30.56999969482422,478800
2024-04-02,31.75,31.75,29.709999084472656,30.690000534057617,30.690000534057617,176000
2024-04-03,30.989999771118164,34.72999954223633,30.700000762939453,33.15999984741211,33.15999984741211,370500
2024-04-04,34.5,34.5,30.260000228881836,30.6299991607666,30.6299991607666,285200
2024-04-05,30.84000015258789,31.549999237060547,30.360000610351562,31.0,31.0,179200
2024-04-08,31.139999389648438,31.510000228881836,29.860000610351562,30.149999618530273,30.149999618530273,124000
2024-04-09,30.329999923706055,30.520000457763672,29.139999389648438,30.520000457763672,30.520000457763672,107100
2024-04-10,31.079999923706055,31.079999923706055,29.6200008392334,29.8799991607666,29.8799991607666,67700
2024-04-11,29.989999771118164,30.049999237060547,29.200000762939453,29.989999771118164,29.989999771118164,55300
2024-04-12,30.059999465942383,30.200000762939453,28.850000381469727,29.079999923706055,29.079999923706055,53600
2024-04-15,29.670000076293945,29.670000076293945,28.65999984741211,29.549999237060547,29.549999237060547,74700
2024-04-16,29.350000381469727,29.59000015258789,28.889999389648438,29.469999313354492,29.469999313354492,57900
2024-04-17,29.5,29.530000686645508,28.100000381469727,28.219999313354492,28.219999313354492,45400
2024-04-18,28.530000686645508,28.68000030517578,27.920000076293945,27.979999542236328,27.979999542236328,52400
2024-04-19,27.889999389648438,28.229999542236328,27.530000686645508,28.020000457763672,28.020000457763672,74700
2024-04-22,28.020000457763672,28.850000381469727,28.020000457763672,28.079999923706055,28.079999923706055,89100
2024-04-23,28.059999465942383,29.190000534057617,27.81999969482422,29.030000686645508,29.030000686645508,61100
2024-04-24,29.100000381469727,29.1200008392334,28.1200008392334,28.149999618530273,28.149999618530273,52000
2024-04-25,27.829999923706055,28.030000686645508,27.520000457763672,27.84000015258789,27.84000015258789,65600
2024-04-26,27.920000076293945,28.65999984741211,27.59000015258789,28.360000610351562,28.360000610351562,51000
2024-04-29,28.700000762939453,28.950000762939453,28.079999923706055,28.34000015258789,28.34000015258789,52800
2024-04-30,28.299999237060547,28.450000762939453,27.790000915527344,27.84000015258789,27.84000015258789,35000
2024-05-01,27.639999389648438,28.139999389648438,27.3799991607666,27.639999389648438,27.639999389648438,52800
2024-05-02,27.799999237060547,27.90999984741211,27.280000686645508,27.729999542236328,27.729999542236328,33700
2024-05-03,28.100000381469727,28.170000076293945,27.59000015258789,28.030000686645508,28.030000686645508,41900
2024-05-06,28.239999771118164,29.75,28.239999771118164,29.280000686645508,29.280000686645508,70500
2024-05-07,29.399999618530273,30.5,29.329999923706055,29.3700008392334,29.3700008392334,88600
2024-05-08,29.450000762939453,29.989999771118164,29.15999984741211,29.260000228881836,29.260000228881836,46100
2024-05-09,29.110000610351562,29.790000915527344,28.829999923706055,29.709999084472656,29.709999084472656,76400
2024-05-10,29.639999389648438,29.81999969482422,28.81999969482422,28.81999969482422,28.81999969482422,38400
2024-05-13,28.93000030517578,29.020000457763672,28.15999984741211,28.489999771118164,28.489999771118164,48400
2024-05-14,28.260000228881836,28.719999313354492,28.040000915527344,28.239999771118164,28.239999771118164,43900
2024-05-15,28.239999771118164,29.170000076293945,28.239999771118164,28.950000762939453,28.950000762939453,43300
2024-05-16,28.719999313354492,29.309999465942383,28.600000381469727,28.780000686645508,28.780000686645508,35900
2024-05-17,28.600000381469727,29.1200008392334,28.170000076293945,29.1200008392334,29.1200008392334,46700
2024-05-20,28.860000610351562,30.280000686645508,28.049999237060547,29.829999923706055,29.829999923706055,59200
2024-05-21,29.68000030517578,29.8799991607666,29.3799991607666,29.649999618530273,29.649999618530273,21500
2024-05-22,29.549999237060547,29.8700008392334,28.709999084472656,28.8700008392334,28.8700008392334,38100
2024-05-23,28.65999984741211,28.860000610351562,27.700000762939453,28.40999984741211,28.40999984741211,61000
2024-05-24,28.540000915527344,29.440000534057617,28.219999313354492,29.440000534057617,29.440000534057617,83800
2024-05-28,29.190000534057617,29.190000534057617,27.350000381469727,27.540000915527344,27.540000915527344,102300
2024-05-29,27.079999923706055,27.670000076293945,26.75,27.350000381469727,27.350000381469727,56400
2024-05-30,27.290000915527344,27.65999984741211,26.950000762939453,27.040000915527344,27.040000915527344,39600
2024-05-31,26.920000076293945,27.260000228881836,26.440000534057617,27.049999237060547,27.049999237060547,60600
2024-06-03,27.389999389648438,27.389999389648438,26.389999389648438,26.729999542236328,26.729999542236328,39800
2024-06-04,26.299999237060547,26.43000030517578,25.219999313354492,25.559999465942383,25.559999465942383,60100
2024-06-05,25.700000762939453,26.3799991607666,25.299999237060547,26.219999313354492,26.219999313354492,73200
2024-06-06,25.969999313354492,27.059999465942383,25.420000076293945,26.059999465942383,26.059999465942383,82600
2024-06-07,28.510000228881836,29.09000015258789,27.260000228881836,27.649999618530273,27.649999618530273,176000
2024-06-10,27.81999969482422,29.65999984741211,27.700000762939453,29.34000015258789,29.34000015258789,87500
2024-06-11,29.309999465942383,30.09000015258789,28.65999984741211,29.959999084472656,29.959999084472656,71600
2024-06-12,30.309999465942383,31.06999969482422,29.979999542236328,30.670000076293945,30.670000076293945,71200
2024-06-13,30.6299991607666,30.979999542236328,29.40999984741211,29.6200008392334,29.6200008392334,58500
2024-06-14,29.06999969482422,29.389999389648438,28.559999465942383,28.920000076293945,28.920000076293945,49800
2024-06-17,29.280000686645508,29.75,28.959999084472656,29.43000030517578,29.43000030517578,61900
2024-06-18,29.209999084472656,29.920000076293945,28.709999084472656,29.65999984741211,29.65999984741211,65100
2024-06-20,29.790000915527344,30.110000610351562,28.360000610351562,28.790000915527344,28.790000915527344,79900
2024-06-21,28.3700008392334,28.920000076293945,28.15999984741211,28.40999984741211,28.40999984741211,85000
2024-06-24,28.809999465942383,29.219999313354492,27.520000457763672,28.0,28.0,95300
2024-06-25,28.139999389648438,28.139999389648438,27.239999771118164,27.5,27.5,107800
2024-06-26,27.489999771118164,27.530000686645508,26.329999923706055,27.5,27.5,124800
2024-06-27,27.649999618530273,28.229999542236328,27.170000076293945,28.0,28.0,143600
2024-06-28,28.020000457763672,28.940000534057617,27.649999618530273,28.15999984741211,28.15999984741211,1474100
2024-07-01,28.15999984741211,28.75,27.790000915527344,28.610000610351562,28.610000610351562,124900
2024-07-02,28.3700008392334,28.75,28.110000610351562,28.420000076293945,28.420000076293945,71500
2024-07-03,28.489999771118164,28.979999542236328,28.489999771118164,28.639999389648438,28.639999389648438,28300
2024-07-05,28.510000228881836,28.510000228881836,27.5,28.059999465942383,28.059999465942383,85100
2024-07-08,28.350000381469727,28.850000381469727,28.110000610351562,28.489999771118164,28.489999771118164,81500
2024-07-09,28.329999923706055,28.479999542236328,27.149999618530273,27.170000076293945,27.170000076293945,69800
2024-07-10,27.25,27.56999969482422,27.0,27.299999237060547,27.299999237060547,57600
2024-07-11,27.8700008392334,28.610000610351562,27.43000030517578,28.190000534057617,28.190000534057617,75900
2024-07-12,28.690000534057617,29.959999084472656,28.65999984741211,29.8799991607666,29.8799991607666,109100
2024-07-15,30.110000610351562,30.610000610351562,29.860000610351562,30.309999465942383,30.309999465942383,85500
2024-07-16,30.700000762939453,32.220001220703125,30.31999969482422,31.75,31.75,97400
2024-07-17,31.549999237060547,31.770000457763672,30.75,30.780000686645508,30.780000686645508,61600
2024-07-18,30.68000030517578,31.31999969482422,29.34000015258789,29.850000381469727,29.850000381469727,86500
2024-07-19,29.959999084472656,30.43000030517578,29.459999084472656,30.31999969482422,30.31999969482422,73900
2024-07-22,30.34000015258789,32.65999984741211,30.34000015258789,32.290000915527344,32.290000915527344,107600
2024-07-23,32.18000030517578,33.25,32.18000030517578,32.91999816894531,32.91999816894531,77400
2024-07-24,32.70000076293945,33.349998474121094,31.549999237060547,31.559999465942383,31.559999465942383,110400
2024-07-25,31.84000015258789,32.599998474121094,30.610000610351562,32.04999923706055,32.04999923706055,86000
2024-07-26,32.63999938964844,33.22999954223633,32.27000045776367,32.959999084472656,32.959999084472656,65400
2024-07-29,32.880001068115234,33.5,32.099998474121094,32.400001525878906,32.400001525878906,42100
2024-07-30,32.77000045776367,32.880001068115234,31.75,32.40999984741211,32.40999984741211,67900
2024-07-31,32.81999969482422,33.63999938964844,32.02000045776367,32.77000045776367,32.77000045776367,69700
2024-08-01,32.77000045776367,33.119998931884766,30.6299991607666,31.329999923706055,31.329999923706055,67300
2024-08-02,30.0,30.799999237060547,29.399999618530273,30.440000534057617,30.440000534057617,76200
2024-08-05,28.5,29.5,27.670000076293945,28.65999984741211,28.65999984741211,67300
2024-08-06,28.670000076293945,29.5,28.670000076293945,29.020000457763672,29.020000457763672,50300
2024-08-07,32.20000076293945,32.20000076293945,27.799999237060547,27.84000015258789,27.84000015258789,91700
2024-08-08,28.360000610351562,29.09000015258789,28.219999313354492,28.709999084472656,28.709999084472656,46800
2024-08-09,28.469999313354492,28.739999771118164,27.989999771118164,28.5,28.5,54500
2024-08-12,28.329999923706055,28.549999237060547,27.90999984741211,28.170000076293945,28.170000076293945,45700
2024-08-13,28.3700008392334,28.959999084472656,27.989999771118164,28.780000686645508,28.780000686645508,45000
2024-08-14,28.790000915527344,29.299999237060547,28.450000762939453,29.020000457763672,29.020000457763672,50000
2024-08-15,29.84000015258789,30.280000686645508,29.290000915527344,29.790000915527344,29.790000915527344,42100
2024-08-16,29.75,29.75,29.25,29.329999923706055,29.329999923706055,26600
2024-08-19,29.399999618530273,29.760000228881836,29.18000030517578,29.709999084472656,29.709999084472656,23500
2024-08-20,29.600000381469727,29.770000457763672,28.709999084472656,28.920000076293945,28.920000076293945,29700
2024-08-21,28.959999084472656,29.81999969482422,28.719999313354492,29.709999084472656,29.709999084472656,37900
2024-08-22,29.649999618530273,30.219999313354492,29.639999389648438,30.040000915527344,30.040000915527344,40600
2024-08-23,30.25,31.31999969482422,30.06999969482422,31.100000381469727,31.100000381469727,41200
2024-08-26,31.829999923706055,32.099998474121094,31.25,31.5,31.5,49800
2024-08-27,31.450000762939453,32.11000061035156,31.020000457763672,31.93000030517578,31.93000030517578,32800
2024-08-28,32.029998779296875,32.029998779296875,30.93000030517578,31.049999237060547,31.049999237060547,49100
2024-08-29,31.360000610351562,31.729999542236328,31.09000015258789,31.350000381469727,31.350000381469727,18600
2024-08-30,31.700000762939453,31.8700008392334,30.889999389648438,31.84000015258789,31.84000015258789,31600
2024-09-03,31.510000228881836,31.510000228881836,29.200000762939453,29.649999618530273,29.649999618530273,49600
2024-09-04,29.299999237060547,29.780000686645508,29.170000076293945,29.260000228881836,29.260000228881836,47400
2024-09-05,29.450000762939453,29.450000762939453,28.219999313354492,28.700000762939453,28.700000762939453,34100
2024-09-06,28.579999923706055,29.010000228881836,27.479999542236328,27.56999969482422,27.56999969482422,43000
2024-09-09,27.75,28.450000762939453,27.75,28.049999237060547,28.049999237060547,31400
2024-09-10,28.329999923706055,28.469999313354492,27.770000457763672,28.440000534057617,28.440000534057617,35600
2024-09-11,28.270000457763672,29.049999237060547,27.979999542236328,29.0,29.0,32300
2024-09-12,29.3700008392334,29.950000762939453,28.729999542236328,29.030000686645508,29.030000686645508,47700
2024-09-13,29.559999465942383,30.209999084472656,29.200000762939453,29.530000686645508,29.530000686645508,70100
2024-09-16,29.530000686645508,29.530000686645508,28.75,29.280000686645508,29.280000686645508,38300
2024-09-17,29.75,30.079999923706055,29.3799991607666,29.579999923706055,29.579999923706055,30100
2024-09-18,28.90999984741211,30.770000457763672,28.90999984741211,29.899999618530273,29.899999618530273,38700
2024-09-19,31.010000228881836,31.010000228881836,30.020000457763672,30.559999465942383,30.559999465942383,32500
2024-09-20,30.31999969482422,30.809999465942383,30.049999237060547,30.34000015258789,30.34000015258789,67400
2024-09-23,30.579999923706055,30.579999923706055,30.059999465942383,30.329999923706055,30.329999923706055,32900
2024-09-24,30.40999984741211,30.40999984741211,29.670000076293945,30.1200008392334,30.1200008392334,37800
2024-09-25,30.110000610351562,30.110000610351562,29.389999389648438,29.479999542236328,29.479999542236328,31100
2024-09-26,29.989999771118164,30.079999923706055,29.219999313354492,29.25,29.25,42700
2024-09-27,29.530000686645508,29.899999618530273,29.149999618530273,29.510000228881836,29.510000228881836,26600
2024-09-30,29.31999969482422,29.809999465942383,28.899999618530273,29.59000015258789,29.59000015258789,31300
2024-10-01,29.56999969482422,29.56999969482422,28.899999618530273,29.280000686645508,29.280000686645508,25900
2024-10-02,29.1200008392334,29.450000762939453,29.09000015258789,29.399999618530273,29.399999618530273,12900
2024-10-03,29.299999237060547,29.350000381469727,28.84000015258789,28.8700008392334,28.8700008392334,24700
2024-10-04,29.3700008392334,29.799999237060547,28.8700008392334,29.670000076293945,29.670000076293945,24100
2024-10-07,29.690000534057617,29.75,29.360000610351562,29.6299991607666,29.6299991607666,17200
2024-10-08,29.780000686645508,29.950000762939453,29.350000381469727,29.559999465942383,29.559999465942383,18100
2024-10-09,29.68000030517578,30.31999969482422,29.68000030517578,30.239999771118164,30.239999771118164,24500
2024-10-10,29.799999237060547,30.459999084472656,29.3700008392334,30.020000457763672,30.020000457763672,54600
2024-10-11,30.170000076293945,30.920000076293945,29.079999923706055,30.920000076293945,30.920000076293945,38600
2024-10-14,30.809999465942383,31.43000030517578,30.329999923706055,31.030000686645508,31.030000686645508,39700
2024-10-15,31.139999389648438,31.389999389648438,30.690000534057617,31.020000457763672,31.020000457763672,33100
2024-10-16,31.209999084472656,31.850000381469727,30.969999313354492,31.360000610351562,31.360000610351562,43400
2024-10-17,31.639999389648438,31.979999542236328,31.479999542236328,31.700000762939453,31.700000762939453,25900
2024-10-18,31.770000457763672,31.780000686645508,31.139999389648438,31.309999465942383,31.309999465942383,19100
