Date,Open,High,Low,Close,Adj Close,Volume
1997-01-09,3.037036895751953,3.259258985519409,2.814815044403076,3.0740740299224854,1.628343939781189,1608863
1997-01-10,3.259258985519409,3.4814810752868652,3.037036895751953,3.3333330154418945,1.7656733989715576,683100
1997-01-13,3.40740704536438,3.4814810752868652,3.259258985519409,3.2962958812713623,1.7460557222366333,641588
1997-01-14,3.259258985519409,3.40740704536438,3.222222089767456,3.222222089767456,1.706817865371704,589613
1997-01-15,3.185184955596924,3.2962958812713623,3.1111109256744385,3.259258985519409,1.7264357805252075,318600
1997-01-16,3.222222089767456,3.259258985519409,3.1481480598449707,3.2453699111938477,1.7190790176391602,179550
1997-01-17,3.1481480598449707,3.259258985519409,3.1481480598449707,3.259258985519409,1.7264357805252075,97538
1997-01-20,3.259258985519409,3.2962958812713623,3.1111109256744385,3.1481480598449707,1.6675808429718018,107663
1997-01-21,3.259258985519409,3.2962958812713623,3.1111109256744385,3.1111109256744385,1.6479617357254028,118800
1997-01-22,3.2962958812713623,3.2962958812713623,3.1111109256744385,3.1481480598449707,1.6675808429718018,61425
1997-01-23,3.3333330154418945,3.3333330154418945,3.1481480598449707,3.1481480598449707,1.6675808429718018,134663
1997-01-24,3.1481480598449707,3.277777910232544,3.1481480598449707,3.1481480598449707,1.6675808429718018,36450
1997-01-27,3.259258985519409,3.555556058883667,3.259258985519409,3.40740704536438,1.8049107789993286,412425
1997-01-28,3.3703699111938477,3.6666669845581055,3.3703699111938477,3.555556058883667,1.8833866119384766,179213
1997-01-29,3.555556058883667,3.6666669845581055,3.4814810752868652,3.4814810752868652,1.8441485166549683,109013
1997-01-30,3.6666669845581055,3.6666669845581055,3.4814810752868652,3.4814810752868652,1.8441485166549683,126563
1997-01-31,3.7037041187286377,3.8518519401550293,3.4814810752868652,3.6296300888061523,1.9226233959197998,248063
1997-02-03,3.8518519401550293,3.8518519401550293,3.6296300888061523,3.6666669845581055,1.9422413110733032,117113
1997-02-04,3.777777910232544,3.777777910232544,3.6296300888061523,3.6296300888061523,1.9226233959197998,162675
1997-02-05,3.6296300888061523,3.777777910232544,3.6296300888061523,3.6296300888061523,1.9226233959197998,133313
1997-02-06,3.6296300888061523,3.740741014480591,3.555556058883667,3.555556058883667,1.8833866119384766,200138
1997-02-07,3.555556058883667,3.7037041187286377,3.555556058883667,3.555556058883667,1.8833866119384766,204525
1997-02-10,3.555556058883667,3.7037041187286377,3.555556058883667,3.555556058883667,1.8833866119384766,23625
1997-02-11,3.555556058883667,3.7037041187286377,3.555556058883667,3.555556058883667,1.8833866119384766,51638
1997-02-12,3.555556058883667,3.7037041187286377,3.555556058883667,3.555556058883667,1.8833866119384766,67838
1997-02-13,3.555556058883667,3.6296300888061523,3.40740704536438,3.4814810752868652,1.8441485166549683,159300
1997-02-14,3.555556058883667,3.555556058883667,3.40740704536438,3.555556058883667,1.8833866119384766,59738
1997-02-18,3.555556058883667,3.555556058883667,3.40740704536438,3.4814810752868652,1.8441485166549683,102938
1997-02-19,3.40740704536438,3.555556058883667,3.40740704536438,3.40740704536438,1.8049107789993286,78638
1997-02-20,3.40740704536438,3.555556058883667,3.3333330154418945,3.3333330154418945,1.7656733989715576,99563
1997-02-21,3.5185189247131348,3.5185189247131348,3.3703699111938477,3.3703699111938477,1.7852927446365356,17888
1997-02-24,3.3703699111938477,3.5185189247131348,3.2962958812713623,3.3333330154418945,1.7656733989715576,136350
1997-02-25,3.2962958812713623,3.444443941116333,3.2962958812713623,3.2962958812713623,1.7460557222366333,37125
1997-02-26,3.3333330154418945,3.3333330154418945,3.2962958812713623,3.2962958812713623,1.7460557222366333,31725
1997-02-27,3.2962958812713623,3.3703699111938477,3.259258985519409,3.3703699111938477,1.7852927446365356,70875
1997-02-28,3.3703699111938477,3.3703699111938477,3.259258985519409,3.3703699111938477,1.7852927446365356,17550
1997-03-03,3.2962958812713623,3.3703699111938477,3.259258985519409,3.259258985519409,1.7264357805252075,14513
1997-03-04,3.259258985519409,3.3703699111938477,3.259258985519409,3.259258985519409,1.7264357805252075,100575
1997-03-05,3.259258985519409,3.3703699111938477,3.259258985519409,3.2962958812713623,1.7460557222366333,69188
1997-03-06,3.3518519401550293,3.3703699111938477,3.2962958812713623,3.2962958812713623,1.7460557222366333,107663
1997-03-07,3.3703699111938477,3.3703699111938477,3.2962958812713623,3.3703699111938477,1.7852927446365356,62100
1997-03-10,3.3703699111938477,3.40740704536438,3.3333330154418945,3.40740704536438,1.8049107789993286,103613
1997-03-11,3.3333330154418945,3.4814810752868652,3.3333330154418945,3.4814810752868652,1.8441485166549683,187988
1997-03-12,3.4814810752868652,3.4814810752868652,3.40740704536438,3.4814810752868652,1.8441485166549683,30375
1997-03-13,3.40740704536438,3.4814810752868652,3.40740704536438,3.4814810752868652,1.8441485166549683,85725
1997-03-14,3.4814810752868652,3.555556058883667,3.40740704536438,3.4814810752868652,1.8441485166549683,256163
1997-03-17,3.444443941116333,3.555556058883667,3.444443941116333,3.444443941116333,1.8245295286178589,79988
1997-03-18,3.40740704536438,3.555556058883667,3.40740704536438,3.40740704536438,1.8049107789993286,15525
1997-03-19,3.4814810752868652,3.5185189247131348,3.40740704536438,3.5185189247131348,1.863767385482788,43875
1997-03-20,3.40740704536438,3.4814810752868652,3.0740740299224854,3.1111109256744385,1.6479617357254028,179888
1997-03-21,3.185184955596924,3.185184955596924,3.0740740299224854,3.185184955596924,1.6871992349624634,21938
1997-03-24,3.0740740299224854,3.185184955596924,3.037036895751953,3.037036895751953,1.608725666999817,51975
1997-03-25,3.037036895751953,3.185184955596924,3.037036895751953,3.037036895751953,1.608725666999817,24300
1997-03-26,3.1111109256744385,3.3703699111938477,3.0740740299224854,3.2962958812713623,1.7520380020141602,78975
1997-03-27,3.3703699111938477,3.444443941116333,3.259258985519409,3.259258985519409,1.7323510646820068,36788
1997-03-31,3.40740704536438,3.40740704536438,3.259258985519409,3.259258985519409,1.7323510646820068,3713
1997-04-01,3.3333330154418945,3.3333330154418945,3.1111109256744385,3.2962958812713623,1.7520380020141602,38138
1997-04-02,3.1111109256744385,3.1111109256744385,3.1111109256744385,3.1111109256744385,1.653607964515686,8438
1997-04-03,3.259258985519409,3.259258985519409,3.0740740299224854,3.0740740299224854,1.633923053741455,5400
1997-04-04,3.222222089767456,3.240741014480591,3.0740740299224854,3.1481480598449707,1.6732943058013916,52988
1997-04-07,3.1111109256744385,3.1481480598449707,3.1111109256744385,3.1111109256744385,1.653607964515686,4725
1997-04-08,3.115741014480591,3.2962958812713623,3.1111109256744385,3.240741014480591,1.7225089073181152,25988
1997-04-09,3.1111109256744385,3.1481480598449707,3.1111109256744385,3.1481480598449707,1.6732943058013916,15525
1997-04-10,3.1111109256744385,3.2962958812713623,3.1111109256744385,3.1481480598449707,1.6732943058013916,304425
1997-04-11,3.1111109256744385,3.1481480598449707,3.1111109256744385,3.1481480598449707,1.6732943058013916,52650
1997-04-14,3.1481480598449707,3.2962958812713623,3.1481480598449707,3.2962958812713623,1.7520380020141602,19575
1997-04-15,3.1111109256744385,3.2962958812713623,3.1111109256744385,3.185184955596924,1.6929798126220703,21938
1997-04-16,3.1481480598449707,3.1481480598449707,3.1481480598449707,3.1481480598449707,1.6732943058013916,18900
1997-04-17,3.1481480598449707,3.180556058883667,3.1481480598449707,3.1481480598449707,1.6732943058013916,4050
1997-04-18,3.1481480598449707,3.2962958812713623,3.1481480598449707,3.259258985519409,1.7323510646820068,7088
1997-04-21,3.1481480598449707,3.2962958812713623,3.1481480598449707,3.185184955596924,1.6929798126220703,78300
1997-04-22,3.2962958812713623,3.2962958812713623,3.1481480598449707,3.185184955596924,1.6929798126220703,143775
1997-04-23,3.185184955596924,3.185184955596924,3.1481480598449707,3.1481480598449707,1.6732943058013916,72900
1997-04-24,3.1481480598449707,3.1666669845581055,3.1481480598449707,3.1666669845581055,1.683137059211731,6075
1997-04-25,3.2962958812713623,3.2962958812713623,3.1481480598449707,3.1481480598449707,1.6732943058013916,5063
1997-04-28,3.1666669845581055,3.222222089767456,3.1481480598449707,3.222222089767456,1.7126659154891968,14513
1997-04-29,3.222222089767456,3.222222089767456,3.185184955596924,3.185184955596924,1.6929798126220703,17550
1997-04-30,3.1481480598449707,3.1481480598449707,3.1481480598449707,3.1481480598449707,1.6732943058013916,8775
1997-05-01,3.1481480598449707,3.185184955596924,3.1481480598449707,3.185184955596924,1.6929798126220703,56700
1997-05-02,3.1481480598449707,3.1666669845581055,3.1481480598449707,3.1481480598449707,1.6732943058013916,10800
1997-05-05,3.1481480598449707,3.2962958812713623,3.1481480598449707,3.2962958812713623,1.7520380020141602,18225
1997-05-06,3.1481480598449707,3.2962958812713623,3.1481480598449707,3.1481480598449707,1.6732943058013916,30713
1997-05-07,3.1481480598449707,3.1481480598449707,3.1481480598449707,3.1481480598449707,1.6732943058013916,3038
1997-05-08,3.3333330154418945,3.3333330154418945,3.1481480598449707,3.1481480598449707,1.6732943058013916,7088
1997-05-09,3.1481480598449707,3.3333330154418945,3.1481480598449707,3.1481480598449707,1.6732943058013916,14513
1997-05-12,3.1481480598449707,3.185184955596924,3.1481480598449707,3.1481480598449707,1.6732943058013916,12150
1997-05-13,3.1481480598449707,3.222222089767456,3.1481480598449707,3.222222089767456,1.7126659154891968,12825
1997-05-14,3.1481480598449707,3.3333330154418945,3.1481480598449707,3.1481480598449707,1.6732943058013916,51300
1997-05-15,3.1481480598449707,3.1481480598449707,3.1481480598449707,3.1481480598449707,1.6732943058013916,1688
1997-05-16,3.1481480598449707,3.1481480598449707,3.1481480598449707,3.1481480598449707,1.6732943058013916,6413
1997-05-19,3.185184955596924,3.185184955596924,3.1481480598449707,3.1481480598449707,1.6732943058013916,92813
1997-05-20,3.1666669845581055,3.222222089767456,3.1481480598449707,3.1481480598449707,1.6732943058013916,15863
1997-05-21,3.2962958812713623,3.2962958812713623,3.1481480598449707,3.259258985519409,1.7323510646820068,18563
1997-05-22,3.259258985519409,3.259258985519409,3.1481480598449707,3.185184955596924,1.6929798126220703,14513
1997-05-23,3.1481480598449707,3.240741014480591,3.1481480598449707,3.1481480598449707,1.6732943058013916,38475
1997-05-27,3.1481480598449707,3.222222089767456,3.1481480598449707,3.1481480598449707,1.6732943058013916,7425
1997-05-28,3.259258985519409,3.3333330154418945,3.1481480598449707,3.1481480598449707,1.6732943058013916,29025
1997-05-29,3.185184955596924,3.3333330154418945,3.185184955596924,3.185184955596924,1.6929798126220703,50625
1997-05-30,3.259258985519409,3.3333330154418945,3.185184955596924,3.3333330154418945,1.7717229127883911,6075
1997-06-02,3.3333330154418945,3.3333330154418945,3.185184955596924,3.3333330154418945,1.7717229127883911,3713
1997-06-03,3.185184955596924,3.3333330154418945,3.185184955596924,3.3333330154418945,1.7717229127883911,27338
1997-06-04,3.40740704536438,3.444443941116333,3.259258985519409,3.259258985519409,1.7323510646820068,26325
1997-06-05,3.444443941116333,3.444443941116333,3.2962958812713623,3.2962958812713623,1.7520380020141602,11475
1997-06-06,3.444443941116333,3.444443941116333,3.3333330154418945,3.40740704536438,1.8110946416854858,9113
1997-06-09,3.259258985519409,3.40740704536438,3.259258985519409,3.40740704536438,1.8110946416854858,3038
1997-06-10,3.259258985519409,3.40740704536438,3.259258985519409,3.40740704536438,1.8110946416854858,16538
1997-06-11,3.259258985519409,3.40740704536438,3.259258985519409,3.3333330154418945,1.7717229127883911,66825
1997-06-12,3.3333330154418945,3.40740704536438,3.259258985519409,3.40740704536438,1.8110946416854858,49275
1997-06-13,3.3333330154418945,3.40740704536438,3.259258985519409,3.3703699111938477,1.7914094924926758,11138
1997-06-16,3.40740704536438,3.40740704536438,3.259258985519409,3.3703699111938477,1.7914094924926758,38138
1997-06-17,3.259258985519409,3.40740704536438,3.259258985519409,3.40740704536438,1.8110946416854858,6413
1997-06-18,3.259258985519409,3.40740704536438,3.259258985519409,3.2962958812713623,1.7520380020141602,9113
1997-06-19,3.259258985519409,3.40740704536438,3.259258985519409,3.259258985519409,1.7323510646820068,11813
1997-06-20,3.259258985519409,3.40740704536438,3.259258985519409,3.259258985519409,1.7323510646820068,9113
1997-06-23,3.3333330154418945,3.5185189247131348,3.2962958812713623,3.3703699111938477,1.7914094924926758,91800
1997-06-24,3.5185189247131348,3.555556058883667,3.3703699111938477,3.4814810752868652,1.8504670858383179,70875
1997-06-25,3.3703699111938477,3.555556058883667,3.3703699111938477,3.3703699111938477,1.7914094924926758,100913
1997-06-26,3.5185189247131348,3.5185189247131348,3.3333330154418945,3.5185189247131348,1.8701529502868652,23625
1997-06-27,3.4814810752868652,3.5185189247131348,3.3333330154418945,3.5185189247131348,1.8701529502868652,19913
1997-06-30,3.5185189247131348,3.5185189247131348,3.3333330154418945,3.444443941116333,1.8307808637619019,32400
1997-07-01,3.444443941116333,3.444443941116333,3.444443941116333,3.444443941116333,1.8363090753555298,0
1997-07-02,3.444443941116333,3.444443941116333,3.3333330154418945,3.3333330154418945,1.7770735025405884,97538
1997-07-03,3.3703699111938477,3.444443941116333,3.3333330154418945,3.444443941116333,1.8363090753555298,17213
1997-07-07,3.3333330154418945,3.5185189247131348,3.3333330154418945,3.3333330154418945,1.7770735025405884,38138
1997-07-08,3.3333330154418945,3.555556058883667,3.3333330154418945,3.555556058883667,1.895545482635498,27000
1997-07-09,3.5185189247131348,3.555556058883667,3.40740704536438,3.40740704536438,1.8165643215179443,34763
1997-07-10,3.40740704536438,3.5185189247131348,3.40740704536438,3.5185189247131348,1.8757994174957275,28013
1997-07-11,3.5185189247131348,3.5185189247131348,3.5185189247131348,3.5185189247131348,1.8757994174957275,0
1997-07-14,3.5185189247131348,3.5185189247131348,3.40740704536438,3.40740704536438,1.8165643215179443,12150
1997-07-15,3.40740704536438,3.40740704536438,3.40740704536438,3.40740704536438,1.8165643215179443,675
1997-07-16,3.5185189247131348,3.5185189247131348,3.40740704536438,3.40740704536438,1.8165643215179443,15525
1997-07-17,3.40740704536438,3.5185189247131348,3.40740704536438,3.5185189247131348,1.8757994174957275,9788
1997-07-18,3.40740704536438,3.5185189247131348,3.40740704536438,3.5185189247131348,1.8757994174957275,15188
1997-07-21,3.40740704536438,3.5185189247131348,3.40740704536438,3.5185189247131348,1.8757994174957275,5400
1997-07-22,3.40740704536438,3.5185189247131348,3.40740704536438,3.5185189247131348,1.8757994174957275,39150
1997-07-23,3.5185189247131348,3.5185189247131348,3.5185189247131348,3.5185189247131348,1.8757994174957275,0
1997-07-24,3.40740704536438,3.444443941116333,3.40740704536438,3.40740704536438,1.8165643215179443,5738
1997-07-25,3.40740704536438,3.5185189247131348,3.40740704536438,3.5185189247131348,1.8757994174957275,15188
1997-07-28,3.5185189247131348,3.5185189247131348,3.40740704536438,3.40740704536438,1.8165643215179443,18225
1997-07-29,3.40740704536438,3.5185189247131348,3.40740704536438,3.5185189247131348,1.8757994174957275,68175
1997-07-30,3.40740704536438,3.40740704536438,3.40740704536438,3.40740704536438,1.8165643215179443,675
1997-07-31,3.40740704536438,3.5185189247131348,3.40740704536438,3.5185189247131348,1.8757994174957275,15863
1997-08-01,3.40740704536438,3.5185189247131348,3.40740704536438,3.40740704536438,1.8165643215179443,24975
1997-08-04,3.40740704536438,3.40740704536438,3.40740704536438,3.40740704536438,1.8165643215179443,2025
1997-08-05,3.40740704536438,3.4814810752868652,3.3333330154418945,3.4814810752868652,1.8560545444488525,59738
1997-08-06,3.3333330154418945,3.4814810752868652,3.3333330154418945,3.4814810752868652,1.8560545444488525,52313
1997-08-07,3.4814810752868652,3.4814810752868652,3.3333330154418945,3.3333330154418945,1.7770735025405884,25988
1997-08-08,3.3333330154418945,3.40740704536438,3.3333330154418945,3.3333330154418945,1.7770735025405884,20925
1997-08-11,3.444443941116333,3.4814810752868652,3.3333330154418945,3.4814810752868652,1.8560545444488525,38813
1997-08-12,3.4814810752868652,3.4814810752868652,3.3333330154418945,3.3333330154418945,1.7770735025405884,11138
1997-08-13,3.40740704536438,3.555556058883667,3.3333330154418945,3.462963104248047,1.8461815118789673,27338
1997-08-14,3.40740704536438,3.555556058883667,3.3333330154418945,3.3333330154418945,1.7770735025405884,10463
1997-08-15,3.3333330154418945,3.3333330154418945,3.3333330154418945,3.3333330154418945,1.7770735025405884,11475
1997-08-18,3.4814810752868652,3.4814810752868652,3.3333330154418945,3.3333330154418945,1.7770735025405884,7763
1997-08-19,3.3333330154418945,3.4814810752868652,3.3333330154418945,3.3333330154418945,1.7770735025405884,61088
1997-08-20,3.462963104248047,3.4814810752868652,3.462963104248047,3.4814810752868652,1.8560545444488525,2700
1997-08-21,3.462963104248047,3.462963104248047,3.3333330154418945,3.462963104248047,1.8461815118789673,25650
1997-08-22,3.3333330154418945,3.462963104248047,3.3333330154418945,3.3333330154418945,1.7770735025405884,92475
1997-08-25,3.40740704536438,3.462963104248047,3.3333330154418945,3.3333330154418945,1.7770735025405884,13838
1997-08-26,3.40740704536438,3.462963104248047,3.3333330154418945,3.462963104248047,1.8461815118789673,218700
1997-08-27,3.40740704536438,3.462963104248047,3.40740704536438,3.462963104248047,1.8461815118789673,15188
1997-08-28,3.3333330154418945,3.4814810752868652,3.3333330154418945,3.444443941116333,1.8363090753555298,326700
1997-08-29,3.4814810752868652,3.4814810752868652,3.3333330154418945,3.3333330154418945,1.7770735025405884,13500
1997-09-02,3.3333330154418945,3.462963104248047,3.3333330154418945,3.3333330154418945,1.7770735025405884,264938
1997-09-03,3.444443941116333,3.462963104248047,3.3333330154418945,3.3333330154418945,1.7770735025405884,234900
1997-09-04,3.4814810752868652,3.4814810752868652,3.3333330154418945,3.3333330154418945,1.7770735025405884,50625
1997-09-05,3.4814810752868652,3.4814810752868652,3.3333330154418945,3.40740704536438,1.8165643215179443,219038
1997-09-08,3.4814810752868652,3.4814810752868652,3.3703699111938477,3.444443941116333,1.8363090753555298,72225
1997-09-09,3.40740704536438,3.555556058883667,3.3703699111938477,3.40740704536438,1.8165643215179443,185625
1997-09-10,3.4814810752868652,3.6666669845581055,3.444443941116333,3.6666669845581055,1.954781413078308,569700
1997-09-11,3.5185189247131348,3.740741014480591,3.5185189247131348,3.59259295463562,1.9152898788452148,114750
1997-09-12,3.740741014480591,3.740741014480591,3.555556058883667,3.6296300888061523,1.9350361824035645,99563
1997-09-15,3.740741014480591,3.777777910232544,3.6296300888061523,3.7037041187286377,1.9745267629623413,41513
1997-09-16,3.777777910232544,3.777777910232544,3.6296300888061523,3.6296300888061523,1.9350361824035645,16538
1997-09-17,3.6296300888061523,3.777777910232544,3.6296300888061523,3.6296300888061523,1.9350361824035645,376650
1997-09-18,3.6296300888061523,3.777777910232544,3.6296300888061523,3.6666669845581055,1.954781413078308,236925
1997-09-19,3.6296300888061523,3.777777910232544,3.6296300888061523,3.7037041187286377,1.9745267629623413,16875
1997-09-22,3.6481480598449707,3.7037041187286377,3.6296300888061523,3.7037041187286377,1.9745267629623413,31725
1997-09-23,3.6296300888061523,3.740741014480591,3.6296300888061523,3.6296300888061523,1.9350361824035645,11475
1997-09-24,3.6666669845581055,3.7037041187286377,3.6296300888061523,3.6296300888061523,1.9350361824035645,44213
1997-09-25,3.6296300888061523,3.7037041187286377,3.6296300888061523,3.7037041187286377,1.9745267629623413,8775
1997-09-26,3.6296300888061523,3.7037041187286377,3.6296300888061523,3.7037041187286377,1.9745267629623413,81338
1997-09-29,3.7037041187286377,3.7037041187286377,3.6296300888061523,3.6666669845581055,1.960268497467041,145800
1997-09-30,3.6296300888061523,3.7037041187286377,3.6296300888061523,3.7037041187286377,1.9800702333450317,163688
1997-10-01,3.6296300888061523,3.740741014480591,3.6296300888061523,3.7037041187286377,1.9800702333450317,10463
1997-10-02,3.7037041187286377,3.7037041187286377,3.6481480598449707,3.6481480598449707,1.9503686428070068,253800
1997-10-03,3.6666669845581055,3.6666669845581055,3.6296300888061523,3.6296300888061523,1.9404699802398682,4725
1997-10-06,3.6296300888061523,3.6666669845581055,3.6296300888061523,3.6296300888061523,1.9404699802398682,14850
1997-10-07,3.7037041187286377,3.7037041187286377,3.6296300888061523,3.6666669845581055,1.960268497467041,25650
1997-10-08,3.6296300888061523,3.7037041187286377,3.6296300888061523,3.7037041187286377,1.9800702333450317,15525
1997-10-09,3.6296300888061523,3.6666669845581055,3.6296300888061523,3.6296300888061523,1.9404699802398682,11813
1997-10-10,3.7037041187286377,3.7037041187286377,3.6296300888061523,3.7037041187286377,1.9800702333450317,9113
1997-10-13,3.6296300888061523,3.7037041187286377,3.59259295463562,3.59259295463562,1.9206688404083252,83700
1997-10-14,3.59259295463562,3.59259295463562,3.5185189247131348,3.5185189247131348,1.8810677528381348,44213
1997-10-15,3.555556058883667,3.555556058883667,3.4814810752868652,3.4814810752868652,1.8612654209136963,19575
1997-10-16,3.555556058883667,3.555556058883667,3.4814810752868652,3.555556058883667,1.9008671045303345,42525
1997-10-17,3.4814810752868652,3.4814810752868652,3.4814810752868652,3.4814810752868652,1.8612654209136963,12488
1997-10-20,3.4814810752868652,3.4814810752868652,3.4814810752868652,3.4814810752868652,1.8612654209136963,3375
1997-10-21,3.4814810752868652,3.555556058883667,3.444443941116333,3.444443941116333,1.8414649963378906,119813
1997-10-22,3.444443941116333,3.444443941116333,3.444443941116333,3.444443941116333,1.8414649963378906,6750
1997-10-23,3.444443941116333,3.4814810752868652,3.3703699111938477,3.3703699111938477,1.8018642663955688,23963
1997-10-24,3.3703699111938477,3.3703699111938477,3.3703699111938477,3.3703699111938477,1.8018642663955688,2700
1997-10-27,3.3703699111938477,3.444443941116333,3.3703699111938477,3.444443941116333,1.8414649963378906,12488
1997-10-28,3.3333330154418945,3.444443941116333,3.2962958812713623,3.2962958812713623,1.7622624635696411,85050
1997-10-29,3.4814810752868652,3.4814810752868652,3.2962958812713623,3.40740704536438,1.821664810180664,23625
1997-10-30,3.2962958812713623,3.40740704536438,3.259258985519409,3.40740704536438,1.821664810180664,9113
1997-10-31,3.259258985519409,3.40740704536438,3.259258985519409,3.40740704536438,1.821664810180664,8438
1997-11-03,3.259258985519409,3.3703699111938477,3.259258985519409,3.259258985519409,1.7424612045288086,8775
1997-11-04,3.2962958812713623,3.40740704536438,3.259258985519409,3.40740704536438,1.821664810180664,13500
1997-11-05,3.3703699111938477,3.3703699111938477,3.2962958812713623,3.314815044403076,1.7721621990203857,184950
1997-11-06,3.444443941116333,3.444443941116333,3.2962958812713623,3.2962958812713623,1.7622624635696411,2025
1997-11-07,3.40740704536438,3.555556058883667,3.2962958812713623,3.555556058883667,1.9008671045303345,103613
1997-11-10,3.6296300888061523,3.6296300888061523,3.40740704536438,3.555556058883667,1.9008671045303345,9788
1997-11-11,3.6296300888061523,3.6296300888061523,3.444443941116333,3.59259295463562,1.9206688404083252,19575
1997-11-12,3.4814810752868652,3.6666669845581055,3.4814810752868652,3.5740740299224854,1.9107682704925537,16200
1997-11-13,3.5740740299224854,3.5740740299224854,3.5740740299224854,3.5740740299224854,1.9107682704925537,0
1997-11-14,3.555556058883667,3.6296300888061523,3.555556058883667,3.6296300888061523,1.9404699802398682,17213
1997-11-17,3.4814810752868652,3.7037041187286377,3.4814810752868652,3.4814810752868652,1.8612654209136963,2700
1997-11-18,3.4814810752868652,3.59259295463562,3.4814810752868652,3.59259295463562,1.9206688404083252,6413
1997-11-19,3.6481480598449707,3.7037041187286377,3.5185189247131348,3.7037041187286377,1.9800702333450317,40163
1997-11-20,3.555556058883667,3.555556058883667,3.555556058883667,3.555556058883667,1.9008671045303345,4388
1997-11-21,3.555556058883667,3.7037041187286377,3.555556058883667,3.555556058883667,1.9008671045303345,526163
1997-11-24,3.555556058883667,3.7037041187286377,3.555556058883667,3.59259295463562,1.9206688404083252,12150
1997-11-25,3.7037041187286377,3.7037041187286377,3.7037041187286377,3.7037041187286377,1.9800702333450317,3038
1997-11-26,3.7037041187286377,3.7037041187286377,3.555556058883667,3.6296300888061523,1.9404699802398682,7763
1997-11-28,3.7037041187286377,3.7037041187286377,3.7037041187286377,3.7037041187286377,1.9800702333450317,16875
1997-12-01,3.555556058883667,3.555556058883667,3.555556058883667,3.555556058883667,1.9008671045303345,1013
1997-12-02,3.555556058883667,3.59259295463562,3.555556058883667,3.59259295463562,1.9206688404083252,8775
1997-12-03,3.7037041187286377,3.7037041187286377,3.59259295463562,3.59259295463562,1.9206688404083252,6750
1997-12-04,3.59259295463562,3.59259295463562,3.59259295463562,3.59259295463562,1.9206688404083252,0
1997-12-05,3.59259295463562,3.7037041187286377,3.59259295463562,3.7037041187286377,1.9800702333450317,23963
1997-12-08,3.59259295463562,3.7037041187286377,3.59259295463562,3.685184955596924,1.9701697826385498,20250
1997-12-09,3.6111109256744385,3.6666669845581055,3.6111109256744385,3.6111109256744385,1.9305685758590698,31725
1997-12-10,3.6296300888061523,3.6296300888061523,3.6296300888061523,3.6296300888061523,1.9404699802398682,1013
1997-12-11,3.6296300888061523,3.6296300888061523,3.6296300888061523,3.6296300888061523,1.9404699802398682,675
1997-12-12,3.59259295463562,3.59259295463562,3.59259295463562,3.59259295463562,1.9206688404083252,5400
1997-12-15,3.59259295463562,3.7037041187286377,3.59259295463562,3.59259295463562,1.9206688404083252,23963
1997-12-16,3.6296300888061523,3.6666669845581055,3.59259295463562,3.59259295463562,1.9206688404083252,40500
1997-12-17,3.59259295463562,3.59259295463562,3.59259295463562,3.59259295463562,1.9206688404083252,5738
1997-12-18,3.59259295463562,3.59259295463562,3.59259295463562,3.59259295463562,1.9206688404083252,0
1997-12-19,3.59259295463562,3.59259295463562,3.59259295463562,3.59259295463562,1.9206688404083252,6750
1997-12-22,3.6296300888061523,3.6296300888061523,3.555556058883667,3.555556058883667,1.9008671045303345,14175
1997-12-23,3.555556058883667,3.555556058883667,3.555556058883667,3.555556058883667,1.9008671045303345,6750
1997-12-24,3.555556058883667,3.555556058883667,3.555556058883667,3.555556058883667,1.9008671045303345,338
1997-12-26,3.555556058883667,3.555556058883667,3.555556058883667,3.555556058883667,1.9008671045303345,7088
1997-12-29,3.555556058883667,3.555556058883667,3.555556058883667,3.555556058883667,1.9064278602600098,4725
1997-12-30,3.555556058883667,3.555556058883667,3.555556058883667,3.555556058883667,1.9064278602600098,2700
1997-12-31,3.555556058883667,3.555556058883667,3.555556058883667,3.555556058883667,1.9064278602600098,338
1998-01-02,3.6296300888061523,3.6296300888061523,3.6296300888061523,3.6296300888061523,1.946144700050354,1013
1998-01-05,3.555556058883667,3.555556058883667,3.555556058883667,3.555556058883667,1.9064278602600098,3038
1998-01-06,3.59259295463562,3.59259295463562,3.59259295463562,3.59259295463562,1.9262866973876953,34425
1998-01-07,3.5185189247131348,3.5185189247131348,3.5185189247131348,3.5185189247131348,1.886569619178772,1688
1998-01-08,3.5185189247131348,3.5185189247131348,3.4814810752868652,3.4814810752868652,1.8667100667953491,27338
1998-01-09,3.4814810752868652,3.4814810752868652,3.4814810752868652,3.4814810752868652,1.8667100667953491,2700
1998-01-12,3.40740704536438,3.444443941116333,3.40740704536438,3.444443941116333,1.8468509912490845,12150
1998-01-13,3.5185189247131348,3.5185189247131348,3.3703699111938477,3.5185189247131348,1.886569619178772,538313
1998-01-14,3.40740704536438,3.40740704536438,3.40740704536438,3.40740704536438,1.8269933462142944,6413
1998-01-15,3.4814810752868652,3.4814810752868652,3.4814810752868652,3.4814810752868652,1.8667100667953491,1688
1998-01-16,3.40740704536438,3.40740704536438,3.40740704536438,3.40740704536438,1.8269933462142944,17213
1998-01-20,3.40740704536438,3.5185189247131348,3.40740704536438,3.40740704536438,1.8269933462142944,21938
1998-01-21,3.40740704536438,3.555556058883667,3.40740704536438,3.555556058883667,1.9064278602600098,5400
1998-01-22,3.40740704536438,3.5185189247131348,3.40740704536438,3.40740704536438,1.8269933462142944,30375
1998-01-23,3.555556058883667,3.555556058883667,3.555556058883667,3.555556058883667,1.9064278602600098,1688
1998-01-26,3.40740704536438,3.40740704536438,3.40740704536438,3.40740704536438,1.8269933462142944,1688
1998-01-27,3.40740704536438,3.40740704536438,3.40740704536438,3.40740704536438,1.8269933462142944,37800
1998-01-28,3.40740704536438,3.40740704536438,3.40740704536438,3.40740704536438,1.8269933462142944,6075
1998-01-29,3.40740704536438,3.40740704536438,3.40740704536438,3.40740704536438,1.8269933462142944,1350
1998-01-30,3.40740704536438,3.40740704536438,3.40740704536438,3.40740704536438,1.8269933462142944,10463
1998-02-02,3.40740704536438,3.4814810752868652,3.40740704536438,3.444443941116333,1.8468509912490845,10125
1998-02-03,3.4814810752868652,3.4814810752868652,3.40740704536438,3.4814810752868652,1.8667100667953491,15188
1998-02-04,3.4814810752868652,3.537036895751953,3.40740704536438,3.537036895751953,1.896498680114746,21263
1998-02-05,3.4814810752868652,3.555556058883667,3.40740704536438,3.40740704536438,1.8269933462142944,8775
1998-02-06,3.444443941116333,3.444443941116333,3.40740704536438,3.40740704536438,1.8269933462142944,5400
1998-02-09,3.40740704536438,3.5,3.40740704536438,3.5,1.8766403198242188,675
1998-02-10,3.40740704536438,3.444443941116333,3.40740704536438,3.444443941116333,1.8468509912490845,10125
1998-02-11,3.40740704536438,3.5185189247131348,3.40740704536438,3.5185189247131348,1.886569619178772,4050
1998-02-12,3.40740704536438,3.5185189247131348,3.40740704536438,3.5185189247131348,1.886569619178772,11813
1998-02-13,3.40740704536438,3.40740704536438,3.40740704536438,3.40740704536438,1.8269933462142944,3375
1998-02-17,3.40740704536438,3.4814810752868652,3.40740704536438,3.4814810752868652,1.8667100667953491,13163
1998-02-18,3.40740704536438,3.462963104248047,3.40740704536438,3.40740704536438,1.8269933462142944,41850
1998-02-19,3.462963104248047,3.462963104248047,3.40740704536438,3.40740704536438,1.8269933462142944,7763
1998-02-20,3.40740704536438,3.444443941116333,3.40740704536438,3.444443941116333,1.8468509912490845,36450
1998-02-23,3.40740704536438,3.5185189247131348,3.40740704536438,3.40740704536438,1.8269933462142944,23625
1998-02-24,3.40740704536438,3.40740704536438,3.40740704536438,3.40740704536438,1.8269933462142944,1350
1998-02-25,3.40740704536438,3.40740704536438,3.40740704536438,3.40740704536438,1.8269933462142944,4388
1998-02-26,3.4814810752868652,3.5185189247131348,3.4814810752868652,3.5185189247131348,1.886569619178772,6413
1998-02-27,3.4814810752868652,3.4814810752868652,3.40740704536438,3.40740704536438,1.8269933462142944,11475
1998-03-02,3.40740704536438,3.40740704536438,3.40740704536438,3.40740704536438,1.8269933462142944,10800
1998-03-03,3.40740704536438,3.5185189247131348,3.40740704536438,3.5,1.8766403198242188,52988
1998-03-04,3.5185189247131348,3.5185189247131348,3.40740704536438,3.40740704536438,1.8269933462142944,9450
1998-03-05,3.40740704536438,3.7037041187286377,3.40740704536438,3.6296300888061523,1.946144700050354,150525
1998-03-06,3.7037041187286377,3.777777910232544,3.555556058883667,3.777777910232544,2.0255796909332275,154238
1998-03-09,3.814815044403076,3.814815044403076,3.7037041187286377,3.814815044403076,2.0454375743865967,134663
1998-03-10,3.8518519401550293,3.8518519401550293,3.814815044403076,3.814815044403076,2.0454375743865967,40838
1998-03-11,3.8518519401550293,3.9259259700775146,3.777777910232544,3.8888890743255615,2.085155487060547,7088
1998-03-12,3.8888890743255615,3.9259259700775146,3.814815044403076,3.9259259700775146,2.1050148010253906,19913
1998-03-13,3.962963104248047,3.962963104248047,3.814815044403076,3.9259259700775146,2.1050148010253906,27338
1998-03-16,4.0,4.0,3.8518519401550293,3.8518519401550293,2.0652973651885986,12825
1998-03-17,3.8518519401550293,3.9259259700775146,3.8518519401550293,3.8888890743255615,2.085155487060547,42863
1998-03-18,3.814815044403076,3.9259259700775146,3.814815044403076,3.8518519401550293,2.0652973651885986,27675
1998-03-19,3.8518519401550293,3.8518519401550293,3.8518519401550293,3.8518519401550293,2.0652973651885986,9113
1998-03-20,3.8518519401550293,3.9259259700775146,3.814815044403076,3.814815044403076,2.0454375743865967,28688
1998-03-23,3.814815044403076,3.9259259700775146,3.814815044403076,3.9259259700775146,2.1050148010253906,15188
1998-03-24,3.9259259700775146,4.0,3.8888890743255615,3.8888890743255615,2.085155487060547,15188
1998-03-25,4.148148059844971,4.148148059844971,3.8888890743255615,3.8888890743255615,2.085155487060547,19238
1998-03-26,3.8888890743255615,4.074073791503906,3.8888890743255615,4.0,2.1447315216064453,78638
1998-03-27,4.037036895751953,4.148148059844971,3.962963104248047,3.962963104248047,2.1311874389648438,4388
1998-03-30,4.148148059844971,4.148148059844971,4.0,4.148148059844971,2.2307755947113037,13163
1998-03-31,4.148148059844971,4.222221851348877,4.0,4.222221851348877,2.2706100940704346,3375
1998-04-01,4.259259223937988,4.259259223937988,4.074073791503906,4.222221851348877,2.2706100940704346,5400
1998-04-02,4.111111164093018,4.222221851348877,4.074073791503906,4.074073791503906,2.1909401416778564,10463
1998-04-03,4.1666669845581055,4.296296119689941,4.0,4.0,2.1511051654815674,56363
1998-04-06,4.148148059844971,4.296296119689941,4.0,4.222221851348877,2.2706100940704346,51638
1998-04-07,4.148148059844971,4.222221851348877,4.148148059844971,4.185184955596924,2.2506911754608154,3375
1998-04-08,4.296296119689941,4.296296119689941,4.074073791503906,4.148148059844971,2.2307755947113037,13500
1998-04-09,4.296296119689941,4.296296119689941,4.148148059844971,4.148148059844971,2.2307755947113037,67500
1998-04-13,4.296296119689941,4.296296119689941,4.148148059844971,4.148148059844971,2.2307755947113037,6750
1998-04-14,4.148148059844971,4.222221851348877,4.148148059844971,4.148148059844971,2.2307755947113037,5400
1998-04-15,4.296296119689941,4.296296119689941,4.148148059844971,4.148148059844971,2.2307755947113037,20925
1998-04-16,4.222221851348877,4.3333330154418945,4.148148059844971,4.296296119689941,2.3104450702667236,91125
1998-04-17,4.296296119689941,4.370369911193848,4.296296119689941,4.370369911193848,2.3502817153930664,6075
1998-04-20,4.370369911193848,4.370369911193848,4.148148059844971,4.259259223937988,2.290526866912842,29025
1998-04-21,4.370369911193848,4.370369911193848,4.148148059844971,4.296296119689941,2.3104450702667236,188663
1998-04-22,4.370369911193848,4.370369911193848,4.148148059844971,4.203703880310059,2.2606523036956787,674663
1998-04-23,4.370369911193848,4.370369911193848,4.148148059844971,4.148148059844971,2.2307755947113037,2363
1998-04-24,4.148148059844971,4.148148059844971,4.148148059844971,4.148148059844971,2.2307755947113037,675
1998-04-27,4.296296119689941,4.370369911193848,4.148148059844971,4.370369911193848,2.3502817153930664,57038
1998-04-28,4.370369911193848,4.370369911193848,4.259259223937988,4.370369911193848,2.3502817153930664,694238
1998-04-29,4.296296119689941,4.370369911193848,4.259259223937988,4.259259223937988,2.290526866912842,8438
1998-04-30,4.259259223937988,4.370369911193848,4.259259223937988,4.370369911193848,2.3502817153930664,1688
1998-05-01,4.370369911193848,4.481481075286865,4.370369911193848,4.370369911193848,2.3502817153930664,17550
1998-05-04,4.444444179534912,4.444444179534912,4.370369911193848,4.444444179534912,2.390115261077881,21263
1998-05-05,4.5,4.5,4.296296119689941,4.462963104248047,2.4000751972198486,34763
1998-05-06,4.5,4.518518924713135,4.370369911193848,4.518518924713135,2.429952621459961,20925
1998-05-07,4.592593193054199,4.6666669845581055,4.555555820465088,4.555555820465088,2.449869394302368,13838
1998-05-08,4.6666669845581055,4.703703880310059,4.370369911193848,4.703703880310059,2.52953839302063,25988
1998-05-11,4.518518924713135,4.703703880310059,4.518518924713135,4.592593193054199,2.46978759765625,44888
1998-05-12,4.703703880310059,4.888888835906982,4.6666669845581055,4.888888835906982,2.6291282176971436,46238
1998-05-13,5.259259223937988,5.407406806945801,5.111111164093018,5.296296119689941,2.8482232093811035,314888
1998-05-14,5.3333330154418945,5.3333330154418945,5.037036895751953,5.111111164093018,2.748633861541748,102263
1998-05-15,5.222221851348877,5.222221851348877,5.037036895751953,5.111111164093018,2.748633861541748,116100
1998-05-18,5.037036895751953,5.111111164093018,5.0,5.037036895751953,2.7087976932525635,69188
1998-05-19,5.037036895751953,5.037036895751953,4.962963104248047,5.0,2.6888816356658936,69525
1998-05-20,5.037036895751953,5.037036895751953,4.962963104248047,4.981481075286865,2.678922653198242,106988
1998-05-21,4.962963104248047,5.111111164093018,4.962963104248047,5.111111164093018,2.748633861541748,23963
1998-05-22,5.111111164093018,5.111111164093018,4.962963104248047,5.037036895751953,2.7087976932525635,20250
1998-05-26,5.037036895751953,5.037036895751953,4.962963104248047,4.962963104248047,2.668962001800537,29363
1998-05-27,4.851851940155029,4.962963104248047,4.851851940155029,4.888888835906982,2.6291282176971436,6750
1998-05-28,4.962963104248047,4.962963104248047,4.962963104248047,4.962963104248047,2.668962001800537,1350
1998-05-29,4.888888835906982,4.962963104248047,4.814815044403076,4.962963104248047,2.668962001800537,98888
1998-06-01,4.777778148651123,4.962963104248047,4.740740776062012,4.740740776062012,2.5494580268859863,26663
1998-06-02,4.851851940155029,4.925926208496094,4.740740776062012,4.925926208496094,2.649044990539551,2025
1998-06-03,4.740740776062012,4.740740776062012,4.740740776062012,4.740740776062012,2.5494580268859863,1350
1998-06-04,4.740740776062012,4.740740776062012,4.740740776062012,4.740740776062012,2.5494580268859863,1013
1998-06-05,4.925926208496094,4.925926208496094,4.814815044403076,4.888888835906982,2.6291282176971436,22275
1998-06-08,4.925926208496094,4.925926208496094,4.740740776062012,4.740740776062012,2.5494580268859863,2700
1998-06-09,4.740740776062012,4.888888835906982,4.740740776062012,4.888888835906982,2.6291282176971436,16200
1998-06-10,4.925926208496094,4.925926208496094,4.777778148651123,4.777778148651123,2.5693750381469727,11813
1998-06-11,4.888888835906982,4.907406806945801,4.814815044403076,4.907406806945801,2.639087677001953,6413
1998-06-12,4.777778148651123,4.925926208496094,4.777778148651123,4.925926208496094,2.649044990539551,2363
1998-06-15,4.925926208496094,4.925926208496094,4.925926208496094,4.925926208496094,2.649044990539551,0
1998-06-16,4.740740776062012,4.740740776062012,4.740740776062012,4.740740776062012,2.5494580268859863,16875
1998-06-17,4.777778148651123,4.925926208496094,4.703703880310059,4.814815044403076,2.5892930030822754,3375
1998-06-18,4.740740776062012,4.925926208496094,4.740740776062012,4.740740776062012,2.5494580268859863,1350
1998-06-19,4.777778148651123,4.888888835906982,4.777778148651123,4.888888835906982,2.6291282176971436,5400
1998-06-22,4.925926208496094,4.925926208496094,4.925926208496094,4.925926208496094,2.649044990539551,3375
1998-06-23,4.814815044403076,4.814815044403076,4.740740776062012,4.814815044403076,2.5892930030822754,7763
1998-06-24,4.740740776062012,4.740740776062012,4.740740776062012,4.740740776062012,2.5494580268859863,7088
1998-06-25,4.814815044403076,4.814815044403076,4.740740776062012,4.740740776062012,2.5494580268859863,5063
1998-06-26,4.740740776062012,4.888888835906982,4.740740776062012,4.740740776062012,2.5558481216430664,7763
1998-06-29,4.740740776062012,4.740740776062012,4.740740776062012,4.740740776062012,2.5558481216430664,2363
1998-06-30,4.740740776062012,4.814815044403076,4.740740776062012,4.740740776062012,2.5558481216430664,16538
1998-07-01,4.814815044403076,4.814815044403076,4.814815044403076,4.814815044403076,2.59578275680542,675
1998-07-02,4.814815044403076,4.814815044403076,4.814815044403076,4.814815044403076,2.59578275680542,27338
1998-07-06,4.740740776062012,4.740740776062012,4.740740776062012,4.740740776062012,2.5558481216430664,1688
1998-07-07,4.740740776062012,4.851851940155029,4.6666669845581055,4.703703880310059,2.535878896713257,67838
1998-07-08,4.6666669845581055,4.777778148651123,4.6666669845581055,4.777778148651123,2.575814723968506,2700
1998-07-09,4.6666669845581055,4.777778148651123,4.6666669845581055,4.6666669845581055,2.5159130096435547,8100
1998-07-10,4.6666669845581055,4.6666669845581055,4.6666669845581055,4.6666669845581055,2.5159130096435547,3713
1998-07-13,4.6666669845581055,4.740740776062012,4.6666669845581055,4.740740776062012,2.5558481216430664,11813
1998-07-14,4.6666669845581055,4.6666669845581055,4.592593193054199,4.648148059844971,2.505927562713623,27338
1998-07-15,4.592593193054199,4.592593193054199,4.296296119689941,4.296296119689941,2.3162364959716797,31725
1998-07-16,4.296296119689941,4.592593193054199,3.8518519401550293,3.8518519401550293,2.0766263008117676,61763
1998-07-17,3.8888890743255615,3.9259259700775146,3.7037041187286377,3.9259259700775146,2.1165614128112793,238950
1998-07-20,3.8888890743255615,4.0,3.8888890743255615,3.962963104248047,2.136528968811035,11138
1998-07-21,3.8888890743255615,3.962963104248047,3.8888890743255615,3.962963104248047,2.136528968811035,15863
1998-07-22,3.962963104248047,3.962963104248047,3.9259259700775146,3.962963104248047,2.136528968811035,4388
1998-07-23,3.9259259700775146,4.037036895751953,3.9259259700775146,4.037036895751953,2.1764628887176514,32738
1998-07-24,4.037036895751953,4.037036895751953,3.9259259700775146,3.9259259700775146,2.1165614128112793,10463
1998-07-27,4.037036895751953,4.037036895751953,3.8518519401550293,3.9814810752868652,2.1465117931365967,44213
1998-07-28,3.8518519401550293,4.0,3.8518519401550293,3.8518519401550293,2.0766263008117676,32738
1998-07-29,3.8888890743255615,3.8888890743255615,3.6666669845581055,3.7037041187286377,1.996756672859192,50288
1998-07-30,3.6666669845581055,3.7037041187286377,3.6666669845581055,3.7037041187286377,1.996756672859192,11138
1998-07-31,3.6666669845581055,3.7037041187286377,3.6296300888061523,3.6666669845581055,1.9767881631851196,49950
1998-08-03,3.6666669845581055,3.6666669845581055,3.6666669845581055,3.6666669845581055,1.9767881631851196,675
1998-08-04,3.7037041187286377,3.7037041187286377,3.6666669845581055,3.6666669845581055,1.9767881631851196,101250
1998-08-05,3.814815044403076,3.814815044403076,3.6666669845581055,3.6666669845581055,1.9767881631851196,43875
1998-08-06,3.6666669845581055,3.814815044403076,3.6296300888061523,3.6296300888061523,1.9568204879760742,30375
1998-08-07,3.6296300888061523,3.6296300888061523,3.6296300888061523,3.6296300888061523,1.9568204879760742,2700
1998-08-10,3.6666669845581055,3.8518519401550293,3.6666669845581055,3.8518519401550293,2.0766263008117676,675
1998-08-11,3.6666669845581055,3.814815044403076,3.6666669845581055,3.814815044403076,2.0566587448120117,10463
1998-08-12,3.6666669845581055,3.740741014480591,3.6296300888061523,3.6666669845581055,1.9767881631851196,23288
1998-08-13,3.6296300888061523,3.6296300888061523,3.6296300888061523,3.6296300888061523,1.9568204879760742,12825
1998-08-14,3.7037041187286377,3.7037041187286377,3.555556058883667,3.555556058883667,1.9168858528137207,50963
1998-08-17,3.5185189247131348,3.5185189247131348,3.3703699111938477,3.40740704536438,1.8370156288146973,259875
1998-08-18,3.59259295463562,3.59259295463562,3.555556058883667,3.555556058883667,1.9168858528137207,9113
1998-08-19,3.555556058883667,3.7037041187286377,3.40740704536438,3.555556058883667,1.9168858528137207,11475
1998-08-20,3.40740704536438,3.4814810752868652,3.40740704536438,3.4814810752868652,1.8769493103027344,1350
1998-08-21,3.40740704536438,3.40740704536438,3.40740704536438,3.40740704536438,1.8370156288146973,19238
1998-08-24,3.40740704536438,3.537036895751953,3.40740704536438,3.537036895751953,1.9069019556045532,14850
1998-08-25,3.555556058883667,3.555556058883667,3.5185189247131348,3.5185189247131348,1.896917700767517,29025
1998-08-26,3.555556058883667,3.555556058883667,3.314815044403076,3.3333330154418945,1.7970802783966064,135675
1998-08-27,3.40740704536438,3.40740704536438,3.3333330154418945,3.3333330154418945,1.7970802783966064,26325
1998-08-28,3.3333330154418945,3.3518519401550293,3.3333330154418945,3.3518519401550293,1.8070647716522217,6075
1998-08-31,3.3518519401550293,3.4259259700775146,3.185184955596924,3.2962958812713623,1.7771124839782715,39825
1998-09-01,3.2962958812713623,3.2962958812713623,3.037036895751953,3.037036895751953,1.637340784072876,13163
1998-09-02,3.1111109256744385,3.1111109256744385,2.740741014480591,2.8888890743255615,1.5574690103530884,29700
1998-09-03,2.8888890743255615,2.8888890743255615,2.740741014480591,2.777777910232544,1.4975671768188477,26325
1998-09-04,2.7962958812713623,3.0,2.777777910232544,3.0,1.6173722743988037,34088
1998-09-08,2.7962958812713623,3.0740740299224854,2.7962958812713623,2.8888890743255615,1.5574690103530884,10800
1998-09-09,3.0,3.0,3.0,3.0,1.6173722743988037,338
1998-09-10,2.814815044403076,2.8888890743255615,2.814815044403076,2.8888890743255615,1.5574690103530884,9450
1998-09-11,3.0740740299224854,3.0740740299224854,2.962963104248047,2.962963104248047,1.5974042415618896,1688
1998-09-14,2.814815044403076,2.962963104248047,2.814815044403076,2.962963104248047,1.5974042415618896,5063
1998-09-15,2.962963104248047,2.962963104248047,2.962963104248047,2.962963104248047,1.5974042415618896,0
1998-09-16,2.8888890743255615,2.962963104248047,2.8888890743255615,2.962963104248047,1.5974042415618896,10463
1998-09-17,2.814815044403076,2.814815044403076,2.814815044403076,2.814815044403076,1.517534613609314,338
1998-09-18,3.037036895751953,3.037036895751953,2.8888890743255615,2.962963104248047,1.5974042415618896,7763
1998-09-21,3.037036895751953,3.037036895751953,3.037036895751953,3.037036895751953,1.637340784072876,2025
1998-09-22,3.037036895751953,3.037036895751953,3.037036895751953,3.037036895751953,1.637340784072876,0
1998-09-23,2.814815044403076,2.8888890743255615,2.814815044403076,2.8888890743255615,1.5574690103530884,4388
1998-09-24,2.8888890743255615,3.1111109256744385,2.8888890743255615,3.1111109256744385,1.6772747039794922,10800
1998-09-25,3.1111109256744385,3.1111109256744385,3.1111109256744385,3.1111109256744385,1.6772747039794922,0
1998-09-28,2.962963104248047,2.962963104248047,2.8888890743255615,2.8888890743255615,1.5634253025054932,5063
1998-09-29,2.8888890743255615,3.185184955596924,2.8888890743255615,3.185184955596924,1.7237775325775146,13500
1998-09-30,2.9259259700775146,2.9259259700775146,2.8518519401550293,2.8518519401550293,1.543381929397583,2700
1998-10-01,2.9259259700775146,3.09259295463562,2.9259259700775146,3.0740740299224854,1.6636451482772827,80325
1998-10-02,2.9259259700775146,2.962963104248047,2.9259259700775146,2.962963104248047,1.6035127639770508,10125
1998-10-05,2.8518519401550293,2.9259259700775146,2.8518519401550293,2.9259259700775146,1.5834695100784302,3713
1998-10-06,2.8518519401550293,2.8518519401550293,2.8518519401550293,2.8518519401550293,1.543381929397583,1350
1998-10-07,2.8518519401550293,2.962963104248047,2.8518519401550293,2.962963104248047,1.6035127639770508,3375
1998-10-08,2.740741014480591,2.9259259700775146,2.7037041187286377,2.9259259700775146,1.5834695100784302,33075
1998-10-09,2.7037041187286377,2.814815044403076,2.7037041187286377,2.740741014480591,1.4832497835159302,4050
1998-10-12,2.759258985519409,2.759258985519409,2.740741014480591,2.759258985519409,1.4932714700698853,11813
1998-10-13,2.759258985519409,2.759258985519409,2.759258985519409,2.759258985519409,1.4932714700698853,1688
1998-10-14,2.962963104248047,2.962963104248047,2.6296300888061523,2.6666669845581055,1.4431623220443726,118463
1998-10-15,2.6666669845581055,2.8888890743255615,2.6666669845581055,2.740741014480591,1.4832497835159302,30038
1998-10-16,2.6666669845581055,2.6666669845581055,2.444443941116333,2.5185189247131348,1.3629865646362305,94500
1998-10-19,2.5185189247131348,2.6666669845581055,2.3703699111938477,2.5185189247131348,1.3629865646362305,16875
1998-10-20,2.5185189247131348,2.59259295463562,2.3703699111938477,2.4814810752868652,1.3429419994354248,34088
1998-10-21,2.59259295463562,2.6666669845581055,2.5185189247131348,2.6111109256744385,1.4130960702896118,37800
1998-10-22,2.6666669845581055,2.759258985519409,2.5185189247131348,2.555556058883667,1.3830305337905884,30713
1998-10-23,2.7037041187286377,2.740741014480591,2.5185189247131348,2.59259295463562,1.4030745029449463,23625
1998-10-26,2.59259295463562,2.59259295463562,2.555556058883667,2.555556058883667,1.3830305337905884,18900
1998-10-27,2.814815044403076,2.814815044403076,2.555556058883667,2.59259295463562,1.4030745029449463,121838
1998-10-28,2.6666669845581055,2.7037041187286377,2.59259295463562,2.7037041187286377,1.463206171989441,37800
1998-10-29,2.740741014480591,2.777777910232544,2.6296300888061523,2.777777910232544,1.5032939910888672,7425
1998-10-30,2.777777910232544,2.777777910232544,2.6481480598449707,2.7037041187286377,1.463206171989441,7425
1998-11-02,2.7037041187286377,2.7037041187286377,2.7037041187286377,2.7037041187286377,1.463206171989441,0
1998-11-03,2.7037041187286377,2.740741014480591,2.7037041187286377,2.740741014480591,1.4832497835159302,6750
1998-11-04,2.8888890743255615,2.8888890743255615,2.777777910232544,2.777777910232544,1.5032939910888672,56363
1998-11-05,2.8888890743255615,2.8888890743255615,2.8518519401550293,2.8888890743255615,1.5634253025054932,2700
1998-11-06,2.8888890743255615,3.037036895751953,2.8703699111938477,2.8703699111938477,1.5534029006958008,37125
1998-11-09,2.962963104248047,3.259258985519409,2.962963104248047,3.185184955596924,1.7237775325775146,8775
1998-11-10,2.962963104248047,3.259258985519409,2.962963104248047,3.259258985519409,1.7638647556304932,1013
1998-11-11,3.259258985519409,3.259258985519409,3.0185189247131348,3.0185189247131348,1.6335798501968384,7425
1998-11-12,2.9259259700775146,3.259258985519409,2.9259259700775146,3.259258985519409,1.7638647556304932,1013
1998-11-13,3.259258985519409,3.259258985519409,3.037036895751953,3.037036895751953,1.6436017751693726,7425
1998-11-16,3.3703699111938477,3.40740704536438,3.037036895751953,3.185184955596924,1.7237775325775146,26663
1998-11-17,3.1111109256744385,3.1111109256744385,3.1111109256744385,3.1111109256744385,1.6836881637573242,2025
1998-11-18,3.0,3.185184955596924,3.0,3.0,1.6235573291778564,4388
1998-11-19,3.1481480598449707,3.222222089767456,3.1481480598449707,3.222222089767456,1.743821382522583,3713
1998-11-20,3.0,3.055556058883667,3.0,3.0,1.6235573291778564,7088
1998-11-23,3.0,3.037036895751953,3.0,3.037036895751953,1.6436017751693726,2363
1998-11-24,3.185184955596924,3.185184955596924,3.037036895751953,3.037036895751953,1.6436017751693726,12825
1998-11-25,3.0,3.185184955596924,3.0,3.185184955596924,1.7237775325775146,7425
1998-11-27,3.185184955596924,3.185184955596924,3.185184955596924,3.185184955596924,1.7237775325775146,0
1998-11-30,2.962963104248047,3.0,2.962963104248047,3.0,1.6235573291778564,15863
1998-12-01,2.9814810752868652,3.185184955596924,2.9814810752868652,3.185184955596924,1.7237775325775146,675
1998-12-02,2.962963104248047,2.962963104248047,2.962963104248047,2.962963104248047,1.6035127639770508,2025
1998-12-03,3.185184955596924,3.185184955596924,2.962963104248047,2.962963104248047,1.6035127639770508,4388
1998-12-04,3.1111109256744385,3.1111109256744385,2.962963104248047,2.962963104248047,1.6035127639770508,10800
1998-12-07,3.1481480598449707,3.1481480598449707,2.962963104248047,2.962963104248047,1.6035127639770508,12488
1998-12-08,3.0,3.0,3.0,3.0,1.6235573291778564,1688
1998-12-09,2.962963104248047,2.9814810752868652,2.962963104248047,2.9814810752868652,1.6135348081588745,12488
1998-12-10,3.037036895751953,3.037036895751953,2.9259259700775146,2.9259259700775146,1.5834695100784302,5738
1998-12-11,2.9259259700775146,2.9259259700775146,2.6666669845581055,2.6666669845581055,1.4431623220443726,35775
1998-12-14,2.6666669845581055,2.6666669845581055,2.6666669845581055,2.6666669845581055,1.4431623220443726,338
1998-12-15,2.6666669845581055,2.6666669845581055,2.6296300888061523,2.6296300888061523,1.4231178760528564,34425
1998-12-16,2.6666669845581055,2.777777910232544,2.555556058883667,2.555556058883667,1.3830305337905884,17213
1998-12-17,2.5185189247131348,2.814815044403076,2.5185189247131348,2.555556058883667,1.3830305337905884,59063
1998-12-18,2.814815044403076,2.814815044403076,2.5185189247131348,2.5185189247131348,1.3629865646362305,69525
1998-12-21,2.814815044403076,2.814815044403076,2.4814810752868652,2.4814810752868652,1.3429419994354248,70200
1998-12-22,2.5185189247131348,2.5185189247131348,2.444443941116333,2.444443941116333,1.3228981494903564,64125
1998-12-23,2.4814810752868652,2.4814810752868652,2.4814810752868652,2.4814810752868652,1.3429419994354248,29700
1998-12-24,2.3703699111938477,2.444443941116333,2.3703699111938477,2.40740704536438,1.3028548955917358,66488
1998-12-28,2.3703699111938477,2.6666669845581055,2.3703699111938477,2.5185189247131348,1.3629865646362305,27000
1998-12-29,2.444443941116333,2.462963104248047,2.444443941116333,2.444443941116333,1.3291529417037964,4725
1998-12-30,2.444443941116333,2.6666669845581055,2.444443941116333,2.444443941116333,1.3291529417037964,15525
1998-12-31,2.444443941116333,2.462963104248047,2.40740704536438,2.462963104248047,1.33922278881073,34425
1999-01-04,2.59259295463562,2.6666669845581055,2.555556058883667,2.555556058883667,1.3895701169967651,38475
1999-01-05,2.6666669845581055,2.6666669845581055,2.555556058883667,2.59259295463562,1.4097084999084473,7425
1999-01-06,2.6666669845581055,2.6666669845581055,2.555556058883667,2.555556058883667,1.3895701169967651,81338
1999-01-07,2.555556058883667,2.59259295463562,2.5185189247131348,2.5185189247131348,1.3694311380386353,39488
1999-01-08,2.5,2.59259295463562,2.462963104248047,2.555556058883667,1.3895701169967651,62438
1999-01-11,2.444443941116333,2.4814810752868652,2.444443941116333,2.444443941116333,1.3291529417037964,8775
1999-01-12,2.444443941116333,2.5185189247131348,2.444443941116333,2.5185189247131348,1.3694311380386353,104625
1999-01-13,2.3703699111938477,2.59259295463562,2.3703699111938477,2.444443941116333,1.3291529417037964,14513
1999-01-14,2.59259295463562,2.59259295463562,2.444443941116333,2.4814810752868652,1.3492916822433472,2025
1999-01-15,2.4814810752868652,2.555556058883667,2.40740704536438,2.4814810752868652,1.3492916822433472,91463
1999-01-19,2.555556058883667,2.555556058883667,2.40740704536438,2.4814810752868652,1.3492916822433472,12150
1999-01-20,2.40740704536438,2.6296300888061523,2.40740704536438,2.5185189247131348,1.3694311380386353,12488
1999-01-21,2.40740704536438,2.4814810752868652,2.40740704536438,2.4814810752868652,1.3492916822433472,2363
1999-01-22,2.444443941116333,2.6296300888061523,2.444443941116333,2.5185189247131348,1.3694311380386353,21938
1999-01-25,2.5185189247131348,2.5185189247131348,2.462963104248047,2.462963104248047,1.33922278881073,8775
1999-01-26,2.6296300888061523,2.6296300888061523,2.5185189247131348,2.5185189247131348,1.3694311380386353,12150
1999-01-27,2.5185189247131348,2.6296300888061523,2.5185189247131348,2.6296300888061523,1.4298468828201294,4050
1999-01-28,2.6296300888061523,2.6296300888061523,2.6296300888061523,2.6296300888061523,1.4298468828201294,675
1999-01-29,2.555556058883667,2.6296300888061523,2.555556058883667,2.555556058883667,1.3895701169967651,18900
1999-02-01,2.555556058883667,2.6666669845581055,2.555556058883667,2.6666669845581055,1.4499861001968384,46238
1999-02-02,2.59259295463562,2.59259295463562,2.59259295463562,2.59259295463562,1.4097084999084473,4388
1999-02-03,2.59259295463562,2.6666669845581055,2.59259295463562,2.6388890743255615,1.4348814487457275,25988
1999-02-04,2.6666669845581055,2.814815044403076,2.6666669845581055,2.777777910232544,1.510401964187622,27675
1999-02-05,2.814815044403076,2.814815044403076,2.6666669845581055,2.814815044403076,1.5305407047271729,42188
1999-02-08,2.740741014480591,2.740741014480591,2.6666669845581055,2.6666669845581055,1.4499861001968384,5063
1999-02-09,2.777777910232544,2.777777910232544,2.6666669845581055,2.6666669845581055,1.4499861001968384,14513
1999-02-10,2.8888890743255615,2.8888890743255615,2.777777910232544,2.814815044403076,1.5305407047271729,12825
1999-02-11,2.740741014480591,2.814815044403076,2.740741014480591,2.814815044403076,1.5305407047271729,7425
1999-02-12,2.740741014480591,2.814815044403076,2.7037041187286377,2.777777910232544,1.510401964187622,18225
1999-02-16,2.777777910232544,2.777777910232544,2.6666669845581055,2.777777910232544,1.510401964187622,30375
1999-02-17,2.814815044403076,2.814815044403076,2.814815044403076,2.814815044403076,1.5305407047271729,338
1999-02-18,2.814815044403076,2.814815044403076,2.6666669845581055,2.6666669845581055,1.4499861001968384,12825
1999-02-19,2.59259295463562,2.59259295463562,2.5185189247131348,2.5185189247131348,1.3694311380386353,16875
1999-02-22,2.5185189247131348,2.740741014480591,2.5,2.5,1.3593615293502808,15863
1999-02-23,2.5185189247131348,2.59259295463562,2.5185189247131348,2.59259295463562,1.4097084999084473,11475
1999-02-24,2.5185189247131348,2.5185189247131348,2.5185189247131348,2.5185189247131348,1.3694311380386353,3375
1999-02-25,2.4814810752868652,2.4814810752868652,2.4814810752868652,2.4814810752868652,1.3492916822433472,6413
1999-02-26,2.7037041187286377,2.7037041187286377,2.7037041187286377,2.7037041187286377,1.4701244831085205,1350
1999-03-01,2.7037041187286377,2.7037041187286377,2.7037041187286377,2.7037041187286377,1.4701244831085205,0
1999-03-02,2.7037041187286377,2.7037041187286377,2.7037041187286377,2.7037041187286377,1.4701244831085205,0
1999-03-03,2.5185189247131348,2.7037041187286377,2.5185189247131348,2.7037041187286377,1.4701244831085205,1688
1999-03-04,2.5185189247131348,2.5185189247131348,2.5185189247131348,2.5185189247131348,1.3694311380386353,338
1999-03-05,2.5185189247131348,2.5185189247131348,2.5185189247131348,2.5185189247131348,1.3694311380386353,1688
1999-03-08,2.5185189247131348,2.6666669845581055,2.5185189247131348,2.59259295463562,1.4097084999084473,5738
1999-03-09,2.5185189247131348,2.7037041187286377,2.5185189247131348,2.7037041187286377,1.4701244831085205,1350
1999-03-10,2.5185189247131348,2.5185189247131348,2.5185189247131348,2.5185189247131348,1.3694311380386353,12150
1999-03-11,2.5185189247131348,2.5185189247131348,2.3333330154418945,2.40740704536438,1.309015154838562,135000
1999-03-12,2.314815044403076,2.314815044403076,2.222222089767456,2.222222089767456,1.2083206176757812,25650
1999-03-15,2.259258985519409,2.5185189247131348,2.259258985519409,2.259258985519409,1.2284595966339111,1013
1999-03-16,2.2962958812713623,2.2962958812713623,2.259258985519409,2.259258985519409,1.2284595966339111,13838
1999-03-17,2.259258985519409,2.259258985519409,1.888888955116272,2.0740740299224854,1.127766489982605,31388
1999-03-18,2.1481480598449707,2.1481480598449707,1.9629629850387573,2.0740740299224854,1.127766489982605,46913
1999-03-19,2.1481480598449707,2.1481480598449707,2.1481480598449707,2.1481480598449707,1.168043851852417,2025
1999-03-22,2.0740740299224854,2.222222089767456,2.0740740299224854,2.222222089767456,1.2083206176757812,2363
1999-03-23,2.259258985519409,2.259258985519409,2.055556058883667,2.0740740299224854,1.127766489982605,61763
1999-03-24,2.037036895751953,2.1111109256744385,2.037036895751953,2.037036895751953,1.1076281070709229,16875
1999-03-25,2.055556058883667,2.1111109256744385,2.037036895751953,2.037036895751953,1.1076281070709229,58725
1999-03-26,2.1111109256744385,2.1111109256744385,2.1111109256744385,2.1111109256744385,1.1479051113128662,14850
1999-03-29,2.1111109256744385,2.1111109256744385,2.0,2.0,1.0936286449432373,78975
1999-03-30,2.1111109256744385,2.1481480598449707,2.1111109256744385,2.1111109256744385,1.1543861627578735,7088
1999-03-31,2.1111109256744385,2.1111109256744385,2.1111109256744385,2.1111109256744385,1.1543861627578735,675
1999-04-01,2.1111109256744385,2.1111109256744385,2.0,2.0,1.0936286449432373,3713
1999-04-05,2.0185189247131348,2.055556058883667,2.0,2.055556058883667,1.1240079402923584,18563
1999-04-06,2.1111109256744385,2.222222089767456,2.0,2.0740740299224854,1.1341334581375122,19575
1999-04-07,2.0,2.2962958812713623,2.0,2.1481480598449707,1.1746389865875244,13838
1999-04-08,2.1481480598449707,2.444443941116333,2.1481480598449707,2.259258985519409,1.2353953123092651,34425
1999-04-09,2.3333330154418945,2.444443941116333,2.2962958812713623,2.3518519401550293,1.286025881767273,30375
1999-04-12,2.444443941116333,2.59259295463562,2.222222089767456,2.222222089767456,1.2151423692703247,307125
1999-04-13,2.555556058883667,2.555556058883667,2.259258985519409,2.444443941116333,1.3366575241088867,55350
1999-04-14,2.3703699111938477,2.5185189247131348,2.3703699111938477,2.40740704536438,1.3164056539535522,16875
1999-04-15,2.3703699111938477,2.444443941116333,2.3703699111938477,2.3703699111938477,1.2961525917053223,48938
1999-04-16,2.5185189247131348,2.5185189247131348,2.3703699111938477,2.3703699111938477,1.2961525917053223,20588
1999-04-19,2.5185189247131348,2.5185189247131348,2.3703699111938477,2.444443941116333,1.3366575241088867,14175
1999-04-20,2.444443941116333,2.444443941116333,2.3703699111938477,2.40740704536438,1.3164056539535522,19238
1999-04-21,2.5185189247131348,2.5185189247131348,2.40740704536438,2.40740704536438,1.3164056539535522,10125
1999-04-22,2.444443941116333,2.444443941116333,2.444443941116333,2.444443941116333,1.3366575241088867,6750
1999-04-23,2.5185189247131348,2.5185189247131348,2.40740704536438,2.40740704536438,1.3164056539535522,42188
1999-04-26,2.5185189247131348,2.5185189247131348,2.3703699111938477,2.462963104248047,1.3467835187911987,74925
1999-04-27,2.3703699111938477,2.5185189247131348,2.3703699111938477,2.5185189247131348,1.377162218093872,43538
1999-04-28,2.59259295463562,2.59259295463562,2.5185189247131348,2.5185189247131348,1.377162218093872,675
1999-04-29,2.5185189247131348,2.777777910232544,2.5185189247131348,2.777777910232544,1.518929362297058,15863
1999-04-30,2.6296300888061523,2.6296300888061523,2.6296300888061523,2.6296300888061523,1.4379193782806396,5738
1999-05-03,2.814815044403076,2.814815044403076,2.814815044403076,2.814815044403076,1.5391814708709717,2363
1999-05-04,2.6666669845581055,2.759258985519409,2.6666669845581055,2.759258985519409,1.5088024139404297,8100
1999-05-05,2.6666669845581055,2.814815044403076,2.6296300888061523,2.6666669845581055,1.4581724405288696,8100
1999-05-06,2.6296300888061523,2.740741014480591,2.6296300888061523,2.6296300888061523,1.4379193782806396,51975
1999-05-07,2.740741014480591,2.740741014480591,2.740741014480591,2.740741014480591,1.4986768960952759,3375
1999-05-10,2.740741014480591,2.740741014480591,2.740741014480591,2.740741014480591,1.4986768960952759,1350
1999-05-11,2.6296300888061523,2.740741014480591,2.6296300888061523,2.6296300888061523,1.4379193782806396,16200
1999-05-12,2.6296300888061523,2.6666669845581055,2.555556058883667,2.6296300888061523,1.4379193782806396,26663
1999-05-13,2.6296300888061523,2.6666669845581055,2.6296300888061523,2.6666669845581055,1.4581724405288696,14175
1999-05-14,2.59259295463562,2.59259295463562,2.59259295463562,2.59259295463562,1.4176675081253052,7763
1999-05-17,2.59259295463562,2.6296300888061523,2.59259295463562,2.6296300888061523,1.4379193782806396,60750
1999-05-18,2.59259295463562,2.59259295463562,2.59259295463562,2.59259295463562,1.4176675081253052,9450
1999-05-19,2.6666669845581055,2.7037041187286377,2.6666669845581055,2.7037041187286377,1.4784245491027832,1688
1999-05-20,2.6296300888061523,2.6296300888061523,2.6296300888061523,2.6296300888061523,1.4379193782806396,2025
1999-05-21,2.6296300888061523,2.6296300888061523,2.6296300888061523,2.6296300888061523,1.4379193782806396,6750
1999-05-24,2.59259295463562,2.7037041187286377,2.59259295463562,2.7037041187286377,1.4784245491027832,15188
1999-05-25,2.59259295463562,2.59259295463562,2.59259295463562,2.59259295463562,1.4176675081253052,338
1999-05-26,2.59259295463562,2.777777910232544,2.4814810752868652,2.6666669845581055,1.4581724405288696,18900
1999-05-27,2.4814810752868652,2.740741014480591,2.4814810752868652,2.740741014480591,1.4986768960952759,8775
1999-05-28,2.740741014480591,2.740741014480591,2.5185189247131348,2.5185189247131348,1.377162218093872,5400
1999-06-01,2.740741014480591,2.740741014480591,2.555556058883667,2.740741014480591,1.4986768960952759,13838
1999-06-02,2.740741014480591,2.814815044403076,2.740741014480591,2.814815044403076,1.5391814708709717,11475
1999-06-03,2.740741014480591,2.814815044403076,2.6666669845581055,2.814815044403076,1.5391814708709717,58725
1999-06-04,2.814815044403076,2.814815044403076,2.7037041187286377,2.814815044403076,1.5391814708709717,8100
1999-06-07,2.814815044403076,2.814815044403076,2.814815044403076,2.814815044403076,1.5391814708709717,0
1999-06-08,2.814815044403076,2.814815044403076,2.814815044403076,2.814815044403076,1.5391814708709717,0
1999-06-09,2.7962958812713623,2.7962958812713623,2.7314810752868652,2.7314810752868652,1.493613600730896,10463
1999-06-10,2.6666669845581055,2.6666669845581055,2.6666669845581055,2.6666669845581055,1.4581724405288696,10463
1999-06-11,2.59259295463562,2.6666669845581055,2.59259295463562,2.6666669845581055,1.4581724405288696,7763
1999-06-14,2.59259295463562,2.6666669845581055,2.59259295463562,2.59259295463562,1.4176675081253052,8775
1999-06-15,2.6666669845581055,2.7037041187286377,2.59259295463562,2.59259295463562,1.4176675081253052,8438
1999-06-16,2.740741014480591,2.740741014480591,2.685184955596924,2.7037041187286377,1.4784245491027832,4725
1999-06-17,2.7037041187286377,2.7037041187286377,2.59259295463562,2.7037041187286377,1.4784245491027832,16875
1999-06-18,2.7037041187286377,2.7037041187286377,2.6296300888061523,2.6296300888061523,1.4379193782806396,25313
1999-06-21,2.6296300888061523,2.6296300888061523,2.6296300888061523,2.6296300888061523,1.4379193782806396,675
1999-06-22,2.7037041187286377,2.7037041187286377,2.555556058883667,2.555556058883667,1.3974151611328125,16200
1999-06-23,2.555556058883667,2.555556058883667,2.40740704536438,2.5185189247131348,1.377162218093872,4388
1999-06-24,2.6296300888061523,2.6296300888061523,2.5185189247131348,2.537036895751953,1.3872888088226318,37800
1999-06-25,2.6296300888061523,2.6296300888061523,2.6296300888061523,2.6296300888061523,1.4379193782806396,1013
1999-06-28,2.5185189247131348,2.59259295463562,2.5185189247131348,2.59259295463562,1.4240856170654297,11138
1999-06-29,2.59259295463562,2.59259295463562,2.4259259700775146,2.4259259700775146,1.3325374126434326,3713
1999-06-30,2.4259259700775146,2.4259259700775146,2.4259259700775146,2.4259259700775146,1.3325374126434326,0
1999-07-01,2.59259295463562,2.59259295463562,2.5185189247131348,2.5185189247131348,1.3833973407745361,8775
1999-07-02,2.5185189247131348,2.5185189247131348,2.5185189247131348,2.5185189247131348,1.3833973407745361,0
1999-07-06,2.5185189247131348,2.5185189247131348,2.5185189247131348,2.5185189247131348,1.3833973407745361,3375
1999-07-07,2.555556058883667,2.6481480598449707,2.555556058883667,2.6481480598449707,1.4546018838882446,59738
1999-07-08,2.5185189247131348,2.5185189247131348,2.5185189247131348,2.5185189247131348,1.3833973407745361,4050
1999-07-09,2.5185189247131348,2.5185189247131348,2.5185189247131348,2.5185189247131348,1.3833973407745361,0
1999-07-12,2.740741014480591,2.740741014480591,2.4814810752868652,2.4814810752868652,1.3630528450012207,4050
1999-07-13,2.4814810752868652,2.6666669845581055,2.4814810752868652,2.6666669845581055,1.464774250984192,12825
1999-07-14,2.6666669845581055,2.6666669845581055,2.6666669845581055,2.6666669845581055,1.464774250984192,338
1999-07-15,2.6666669845581055,2.6666669845581055,2.5185189247131348,2.5185189247131348,1.3833973407745361,2700
1999-07-16,2.5185189247131348,2.6666669845581055,2.5185189247131348,2.6111109256744385,1.4342575073242188,75938
1999-07-19,2.5185189247131348,2.5185189247131348,2.5185189247131348,2.5185189247131348,1.3833973407745361,338
1999-07-20,2.5185189247131348,2.5185189247131348,2.5185189247131348,2.5185189247131348,1.3833973407745361,7088
1999-07-21,2.5185189247131348,2.5185189247131348,2.3703699111938477,2.5185189247131348,1.3833973407745361,6750
1999-07-22,2.5185189247131348,2.5185189247131348,2.5185189247131348,2.5185189247131348,1.3833973407745361,0
1999-07-23,2.59259295463562,2.6666669845581055,2.59259295463562,2.6666669845581055,1.464774250984192,23625
1999-07-26,2.6666669845581055,2.6666669845581055,2.6666669845581055,2.6666669845581055,1.464774250984192,0
1999-07-27,2.6666669845581055,2.6666669845581055,2.6666669845581055,2.6666669845581055,1.464774250984192,338
1999-07-28,2.6666669845581055,2.6666669845581055,2.59259295463562,2.59259295463562,1.4240856170654297,1688
1999-07-29,2.3888890743255615,2.5185189247131348,2.037036895751953,2.0740740299224854,1.1392685174942017,520425
1999-07-30,2.3888890743255615,2.3888890743255615,2.0833330154418945,2.0833330154418945,1.1443544626235962,97875
1999-08-02,2.222222089767456,2.222222089767456,2.09259295463562,2.09259295463562,1.1494407653808594,13838
1999-08-03,2.222222089767456,2.222222089767456,2.09259295463562,2.185184955596924,1.200300931930542,10463
1999-08-04,2.222222089767456,2.222222089767456,2.1111109256744385,2.1111109256744385,1.1596122980117798,18225
1999-08-05,2.1481480598449707,2.1481480598449707,2.1111109256744385,2.1111109256744385,1.1596122980117798,20925
1999-08-06,2.1111109256744385,2.2037041187286377,2.1111109256744385,2.2037041187286377,1.2104735374450684,10463
1999-08-09,2.1111109256744385,2.2037041187286377,2.1111109256744385,2.2037041187286377,1.2104735374450684,5400
1999-08-10,2.1111109256744385,2.1111109256744385,2.1111109256744385,2.1111109256744385,1.1596122980117798,17550
1999-08-11,2.0740740299224854,2.1481480598449707,2.0740740299224854,2.1481480598449707,1.1799566745758057,2700
1999-08-12,2.222222089767456,2.222222089767456,2.1111109256744385,2.1111109256744385,1.1596122980117798,3375
1999-08-13,2.1111109256744385,2.222222089767456,2.1111109256744385,2.222222089767456,1.220644235610962,3713
1999-08-16,2.2962958812713623,2.2962958812713623,2.1111109256744385,2.1111109256744385,1.1596122980117798,1350
1999-08-17,2.1111109256744385,2.1111109256744385,2.1111109256744385,2.1111109256744385,1.1596122980117798,338
1999-08-18,2.1111109256744385,2.222222089767456,2.1111109256744385,2.1481480598449707,1.1799566745758057,21600
1999-08-19,2.1666669845581055,2.1666669845581055,2.1666669845581055,2.1666669845581055,1.1901286840438843,675
1999-08-20,2.222222089767456,2.222222089767456,2.1481480598449707,2.1481480598449707,1.1799566745758057,20925
1999-08-23,2.1481480598449707,2.185184955596924,2.1111109256744385,2.1111109256744385,1.1596122980117798,30713
1999-08-24,2.1481480598449707,2.1481480598449707,2.1481480598449707,2.1481480598449707,1.1799566745758057,3375
1999-08-25,2.1481480598449707,2.1481480598449707,2.1481480598449707,2.1481480598449707,1.1799566745758057,0
1999-08-26,2.185184955596924,2.185184955596924,2.185184955596924,2.185184955596924,1.200300931930542,10125
1999-08-27,2.222222089767456,2.222222089767456,2.222222089767456,2.222222089767456,1.220644235610962,1013
1999-08-30,2.222222089767456,2.222222089767456,2.222222089767456,2.222222089767456,1.220644235610962,0
1999-08-31,2.222222089767456,2.222222089767456,2.222222089767456,2.222222089767456,1.220644235610962,4388
1999-09-01,2.3518519401550293,2.3703699111938477,2.3333330154418945,2.3703699111938477,1.3020210266113281,53325
1999-09-02,2.3703699111938477,2.3703699111938477,2.3333330154418945,2.3703699111938477,1.3020210266113281,9113
1999-09-03,2.3703699111938477,2.3703699111938477,2.3703699111938477,2.3703699111938477,1.3020210266113281,11813
1999-09-07,2.3703699111938477,2.3703699111938477,2.3703699111938477,2.3703699111938477,1.3020210266113281,0
1999-09-08,2.2962958812713623,2.2962958812713623,2.2962958812713623,2.2962958812713623,1.261332631111145,675
1999-09-09,2.185184955596924,2.3703699111938477,2.185184955596924,2.185184955596924,1.200300931930542,6750
1999-09-10,2.1481480598449707,2.3703699111938477,2.1481480598449707,2.3703699111938477,1.3020210266113281,5063
1999-09-13,2.3703699111938477,2.3703699111938477,2.3703699111938477,2.3703699111938477,1.3020210266113281,0
1999-09-14,2.222222089767456,2.222222089767456,2.222222089767456,2.222222089767456,1.220644235610962,2025
1999-09-15,2.222222089767456,2.222222089767456,2.222222089767456,2.222222089767456,1.220644235610962,3038
1999-09-16,2.2962958812713623,2.3703699111938477,2.222222089767456,2.222222089767456,1.220644235610962,5063
1999-09-17,2.222222089767456,2.222222089767456,2.222222089767456,2.222222089767456,1.220644235610962,0
1999-09-20,2.2962958812713623,2.2962958812713623,2.2962958812713623,2.2962958812713623,1.261332631111145,10125
1999-09-21,2.2962958812713623,2.3703699111938477,2.2962958812713623,2.3703699111938477,1.3020210266113281,3713
1999-09-22,2.2962958812713623,2.3333330154418945,2.2962958812713623,2.3333330154418945,1.281677484512329,94500
1999-09-23,2.3703699111938477,2.3703699111938477,2.2962958812713623,2.2962958812713623,1.261332631111145,2363
1999-09-24,2.2962958812713623,2.2962958812713623,2.2962958812713623,2.2962958812713623,1.261332631111145,0
1999-09-27,2.2962958812713623,2.2962958812713623,2.2962958812713623,2.2962958812713623,1.261332631111145,1013
1999-09-28,2.259258985519409,2.2962958812713623,2.185184955596924,2.2962958812713623,1.2678766250610352,13838
1999-09-29,2.185184955596924,2.185184955596924,2.185184955596924,2.185184955596924,1.2065283060073853,9450
1999-09-30,2.185184955596924,2.185184955596924,2.185184955596924,2.185184955596924,1.2065283060073853,4050
1999-10-01,2.185184955596924,2.185184955596924,2.1666669845581055,2.1666669845581055,1.196303129196167,7088
1999-10-04,2.1666669845581055,2.1666669845581055,2.1666669845581055,2.1666669845581055,1.196303129196167,0
1999-10-05,2.1481480598449707,2.1481480598449707,2.1481480598449707,2.1481480598449707,1.186078667640686,6413
1999-10-06,2.1481480598449707,2.1481480598449707,2.1481480598449707,2.1481480598449707,1.186078667640686,675
1999-10-07,2.1481480598449707,2.1481480598449707,2.09259295463562,2.1296300888061523,1.1758537292480469,23963
1999-10-08,2.1481480598449707,2.2962958812713623,2.1481480598449707,2.2962958812713623,1.2678766250610352,6750
1999-10-11,2.1111109256744385,2.1111109256744385,2.1111109256744385,2.1111109256744385,1.1656286716461182,675
1999-10-12,2.1111109256744385,2.1111109256744385,2.1111109256744385,2.1111109256744385,1.1656286716461182,1350
1999-10-13,2.1111109256744385,2.1111109256744385,2.1111109256744385,2.1111109256744385,1.1656286716461182,0
1999-10-14,2.3703699111938477,2.3703699111938477,2.1111109256744385,2.1111109256744385,1.1656286716461182,13163
1999-10-15,2.2037041187286377,2.2037041187286377,2.2037041187286377,2.2037041187286377,1.216753363609314,5400
1999-10-18,2.1481480598449707,2.1481480598449707,2.1481480598449707,2.1481480598449707,1.186078667640686,22275
1999-10-19,2.1481480598449707,2.1481480598449707,2.1481480598449707,2.1481480598449707,1.186078667640686,0
1999-10-20,2.1111109256744385,2.1481480598449707,2.1111109256744385,2.1481480598449707,1.186078667640686,38138
1999-10-21,2.1481480598449707,2.1481480598449707,2.1481480598449707,2.1481480598449707,1.186078667640686,15188
1999-10-22,2.1481480598449707,2.1481480598449707,2.1481480598449707,2.1481480598449707,1.186078667640686,1350
1999-10-25,2.1111109256744385,2.222222089767456,2.0740740299224854,2.09259295463562,1.1554043292999268,17213
1999-10-26,2.0740740299224854,2.0740740299224854,2.0740740299224854,2.0740740299224854,1.1451795101165771,4725
1999-10-27,2.0740740299224854,2.0740740299224854,2.0740740299224854,2.0740740299224854,1.1451795101165771,0
1999-10-28,2.0740740299224854,2.0740740299224854,2.0740740299224854,2.0740740299224854,1.1451795101165771,3375
1999-10-29,2.222222089767456,2.222222089767456,2.0740740299224854,2.0740740299224854,1.1451795101165771,19238
1999-11-01,2.1111109256744385,2.1111109256744385,2.0740740299224854,2.0740740299224854,1.1451795101165771,5063
1999-11-02,2.0740740299224854,2.1111109256744385,2.0740740299224854,2.0740740299224854,1.1451795101165771,19575
1999-11-03,2.1481480598449707,2.1481480598449707,2.1203699111938477,2.1203699111938477,1.1707409620285034,14513
1999-11-04,2.1481480598449707,2.1481480598449707,2.1481480598449707,2.1481480598449707,1.186078667640686,1350
1999-11-05,2.1111109256744385,2.222222089767456,2.0740740299224854,2.222222089767456,1.226976990699768,58388
1999-11-08,2.1481480598449707,2.1481480598449707,2.1111109256744385,2.1481480598449707,1.186078667640686,8775
1999-11-09,2.222222089767456,2.3703699111938477,2.222222089767456,2.314815044403076,1.2781022787094116,361463
1999-11-10,2.3518519401550293,2.3703699111938477,2.3518519401550293,2.3703699111938477,1.3087759017944336,4725
1999-11-11,2.3703699111938477,2.3703699111938477,2.3703699111938477,2.3703699111938477,1.3087759017944336,0
1999-11-12,2.3333330154418945,2.3333330154418945,2.222222089767456,2.222222089767456,1.226976990699768,41850
1999-11-15,2.185184955596924,2.222222089767456,2.0740740299224854,2.1481480598449707,1.186078667640686,106650
1999-11-16,2.185184955596924,2.222222089767456,2.0740740299224854,2.222222089767456,1.226976990699768,19238
1999-11-17,2.0740740299224854,2.1111109256744385,2.0740740299224854,2.0740740299224854,1.1451795101165771,32400
1999-11-18,2.1481480598449707,2.1481480598449707,2.0740740299224854,2.1111109256744385,1.1656286716461182,4725
1999-11-19,2.0740740299224854,2.09259295463562,2.0740740299224854,2.0833330154418945,1.1502915620803833,18225
1999-11-22,2.0740740299224854,2.1111109256744385,2.055556058883667,2.0833330154418945,1.1502915620803833,86063
1999-11-23,2.0740740299224854,2.0740740299224854,2.037036895751953,2.0740740299224854,1.1451795101165771,9788
1999-11-24,2.0740740299224854,2.0740740299224854,1.888888955116272,1.888888955116272,1.0429301261901855,34425
1999-11-26,1.9259259700775146,2.0,1.9259259700775146,2.0,1.104279637336731,23625
1999-11-29,2.037036895751953,2.037036895751953,1.888888955116272,1.9629629850387573,1.083830714225769,88088
1999-11-30,2.0,2.0,1.8518520593643188,1.9629629850387573,1.083830714225769,38138
1999-12-01,1.9259259700775146,2.0,1.9259259700775146,2.0,1.104279637336731,27338
1999-12-02,1.9629629850387573,1.9629629850387573,1.9259259700775146,1.9259259700775146,1.0633809566497803,6750
1999-12-03,1.9259259700775146,1.9629629850387573,1.8518520593643188,1.9259259700775146,1.0633809566497803,28013
1999-12-06,2.0,2.0,1.8518520593643188,1.8518520593643188,1.0224816799163818,28688
1999-12-07,1.7777780294418335,1.9259259700775146,1.7037039995193481,1.888888955116272,1.0429301261901855,39150
1999-12-08,1.8148150444030762,1.888888955116272,1.8148150444030762,1.888888955116272,1.0429301261901855,23288
1999-12-09,1.8148150444030762,1.8148150444030762,1.7962960004806519,1.7962960004806519,0.9918065667152405,43875
1999-12-10,1.7962960004806519,1.8333330154418945,1.7777780294418335,1.8148150444030762,1.002031922340393,47925
1999-12-13,1.8333330154418945,2.037036895751953,1.8148150444030762,1.9259259700775146,1.0633809566497803,77625
1999-12-14,1.8518520593643188,1.9074070453643799,1.8518520593643188,1.8518520593643188,1.0224816799163818,22275
1999-12-15,1.8518520593643188,1.8518520593643188,1.8518520593643188,1.8518520593643188,1.0224816799163818,20925
1999-12-16,1.8518520593643188,1.9259259700775146,1.8518520593643188,1.8518520593643188,1.0224816799163818,350663
1999-12-17,1.8518520593643188,1.8518520593643188,1.7870370149612427,1.7870370149612427,0.9866946339607239,14513
1999-12-20,1.7870370149612427,1.8148150444030762,1.7777780294418335,1.7870370149612427,0.9866946339607239,54000
1999-12-21,1.8518520593643188,1.8518520593643188,1.7777780294418335,1.7962960004806519,0.9918065667152405,357075
1999-12-22,1.8518520593643188,1.8518520593643188,1.7962960004806519,1.7962960004806519,0.9918065667152405,48938
1999-12-23,1.7962960004806519,1.8518520593643188,1.7777780294418335,1.8518520593643188,1.0224816799163818,488025
1999-12-27,1.9259259700775146,1.9259259700775146,1.7777780294418335,1.7870370149612427,0.9866946339607239,6075
1999-12-28,1.9259259700775146,1.9259259700775146,1.7777780294418335,1.7777780294418335,0.9815823435783386,24638
1999-12-29,1.7777780294418335,1.9259259700775146,1.7777780294418335,1.7962960004806519,0.9984625577926636,19913
1999-12-30,1.7777780294418335,1.8518520593643188,1.7037039995193481,1.8518520593643188,1.029343843460083,94838
1999-12-31,1.7037039995193481,1.9259259700775146,1.7037039995193481,1.9259259700775146,1.0705171823501587,19238
2000-01-03,1.7777780294418335,1.7777780294418335,1.7777780294418335,1.7777780294418335,0.98816978931427,1013
2000-01-04,1.7407410144805908,1.9629629850387573,1.7407410144805908,1.9629629850387573,1.0911040306091309,14175
2000-01-05,1.9259259700775146,1.9259259700775146,1.8518520593643188,1.8518520593643188,1.029343843460083,8100
2000-01-06,2.0,2.0,2.0,2.0,1.1116911172866821,3713
2000-01-07,2.0740740299224854,2.0740740299224854,2.0740740299224854,2.0740740299224854,1.152864933013916,10125
2000-01-10,2.0185189247131348,2.0740740299224854,2.0185189247131348,2.0740740299224854,1.152864933013916,3713
2000-01-11,2.037036895751953,2.037036895751953,2.0,2.0,1.1116911172866821,5400
2000-01-12,2.0,2.1666669845581055,2.0,2.1481480598449707,1.1940382719039917,24638
2000-01-13,2.1481480598449707,2.1481480598449707,2.1481480598449707,2.1481480598449707,1.1940382719039917,0
2000-01-14,2.185184955596924,2.185184955596924,2.0,2.1481480598449707,1.1940382719039917,1688
2000-01-18,2.0,2.0,2.0,2.0,1.1116911172866821,1688
2000-01-19,2.1481480598449707,2.1481480598449707,2.0740740299224854,2.0740740299224854,1.152864933013916,18563
2000-01-20,2.055556058883667,2.055556058883667,2.055556058883667,2.055556058883667,1.1425719261169434,13500
2000-01-21,2.037036895751953,2.0740740299224854,2.037036895751953,2.055556058883667,1.1425719261169434,11475
2000-01-24,2.055556058883667,2.055556058883667,1.8148150444030762,1.9259259700775146,1.0705171823501587,104288
2000-01-25,2.037036895751953,2.037036895751953,1.888888955116272,1.9259259700775146,1.0705171823501587,20250
2000-01-26,2.037036895751953,2.1111109256744385,1.888888955116272,1.888888955116272,1.0499306917190552,7763
2000-01-27,2.277777910232544,2.277777910232544,2.0185189247131348,2.055556058883667,1.1425719261169434,16200
2000-01-28,2.1111109256744385,2.1481480598449707,2.09259295463562,2.09259295463562,1.163158655166626,47250
2000-01-31,2.037036895751953,2.1111109256744385,2.037036895751953,2.1111109256744385,1.1734514236450195,25313
2000-02-01,2.1481480598449707,2.222222089767456,2.1111109256744385,2.185184955596924,1.214625597000122,16200
2000-02-02,2.185184955596924,2.185184955596924,2.09259295463562,2.185184955596924,1.214625597000122,22275
2000-02-03,2.222222089767456,2.222222089767456,2.1666669845581055,2.1666669845581055,1.2043322324752808,50625
2000-02-04,2.1481480598449707,2.2037041187286377,2.0740740299224854,2.0740740299224854,1.152864933013916,65813
2000-02-07,2.0833330154418945,2.0833330154418945,2.0833330154418945,2.0833330154418945,1.1580119132995605,6750
2000-02-08,2.0740740299224854,2.1481480598449707,2.037036895751953,2.1481480598449707,1.1940382719039917,46575
2000-02-09,2.037036895751953,2.037036895751953,2.037036895751953,2.037036895751953,1.1322782039642334,338
2000-02-10,2.0740740299224854,2.0740740299224854,2.037036895751953,2.037036895751953,1.1322782039642334,21263
2000-02-11,2.0740740299224854,2.1481480598449707,2.0740740299224854,2.1481480598449707,1.1940382719039917,20925
2000-02-14,2.1481480598449707,2.1481480598449707,2.0740740299224854,2.1481480598449707,1.1940382719039917,136013
2000-02-15,2.0740740299224854,2.0740740299224854,2.0740740299224854,2.0740740299224854,1.152864933013916,2363
2000-02-16,2.0740740299224854,2.0740740299224854,2.0740740299224854,2.0740740299224854,1.152864933013916,0
2000-02-17,2.0740740299224854,2.185184955596924,2.037036895751953,2.037036895751953,1.1322782039642334,87750
2000-02-18,2.1111109256744385,2.1111109256744385,2.0740740299224854,2.0740740299224854,1.152864933013916,6075
2000-02-22,2.037036895751953,2.0740740299224854,2.037036895751953,2.0740740299224854,1.152864933013916,11138
2000-02-23,2.037036895751953,2.037036895751953,2.037036895751953,2.037036895751953,1.1322782039642334,11475
2000-02-24,2.037036895751953,2.0740740299224854,2.037036895751953,2.037036895751953,1.1322782039642334,9450
2000-02-25,2.037036895751953,2.037036895751953,2.037036895751953,2.037036895751953,1.1322782039642334,8775
2000-02-28,2.037036895751953,2.0740740299224854,2.037036895751953,2.037036895751953,1.1322782039642334,7088
2000-02-29,2.055556058883667,2.055556058883667,2.037036895751953,2.055556058883667,1.1425719261169434,24300
2000-03-01,2.037036895751953,2.0740740299224854,2.037036895751953,2.037036895751953,1.1322782039642334,5738
2000-03-02,2.0740740299224854,2.0740740299224854,2.055556058883667,2.055556058883667,1.1425719261169434,10125
2000-03-03,2.037036895751953,2.0740740299224854,2.037036895751953,2.0740740299224854,1.152864933013916,46575
2000-03-06,2.037036895751953,2.055556058883667,2.037036895751953,2.037036895751953,1.1322782039642334,55688
2000-03-07,2.0740740299224854,2.0740740299224854,2.0740740299224854,2.0740740299224854,1.152864933013916,3375
2000-03-08,2.1111109256744385,2.1666669845581055,2.09259295463562,2.1666669845581055,1.2043322324752808,79988
2000-03-09,2.185184955596924,2.185184955596924,2.1481480598449707,2.1666669845581055,1.2043322324752808,40163
2000-03-10,2.222222089767456,2.222222089767456,2.1481480598449707,2.222222089767456,1.2352123260498047,7088
2000-03-13,2.259258985519409,2.259258985519409,2.222222089767456,2.240741014480591,1.2455058097839355,24300
2000-03-14,2.259258985519409,2.59259295463562,2.259258985519409,2.4814810752868652,1.379319667816162,82350
2000-03-15,2.444443941116333,2.444443941116333,2.259258985519409,2.3703699111938477,1.3175601959228516,20588
2000-03-16,2.40740704536438,2.814815044403076,2.40740704536438,2.555556058883667,1.4204952716827393,51975
2000-03-17,2.740741014480591,2.787036895751953,2.462963104248047,2.462963104248047,1.3690271377563477,4050
2000-03-20,2.814815044403076,2.814815044403076,2.4537041187286377,2.4537041187286377,1.363881230354309,9113
2000-03-21,2.6666669845581055,2.740741014480591,2.59259295463562,2.59259295463562,1.4410818815231323,42188
2000-03-22,2.740741014480591,2.8888890743255615,2.740741014480591,2.8888890743255615,1.605776071548462,40163
2000-03-23,2.6666669845581055,2.740741014480591,2.6666669845581055,2.740741014480591,1.5234287977218628,2700
2000-03-24,2.722222089767456,3.555556058883667,2.722222089767456,3.259258985519409,1.8116446733474731,157275
2000-03-27,3.462963104248047,3.4814810752868652,3.222222089767456,3.222222089767456,1.7910579442977905,77625
2000-03-28,2.8518519401550293,2.8888890743255615,2.6481480598449707,2.6666669845581055,1.4822553396224976,43875
2000-03-29,2.6666669845581055,2.6666669845581055,2.6296300888061523,2.6296300888061523,1.4681934118270874,14513
2000-03-30,2.6296300888061523,2.6296300888061523,2.6296300888061523,2.6296300888061523,1.4681934118270874,2025
2000-03-31,2.6111109256744385,2.6111109256744385,2.6111109256744385,2.6111109256744385,1.4578536748886108,8100
2000-04-03,2.6296300888061523,2.6296300888061523,2.6111109256744385,2.6111109256744385,1.4578536748886108,6750
2000-04-04,2.5740740299224854,2.6296300888061523,2.5740740299224854,2.6296300888061523,1.4681934118270874,2363
2000-04-05,2.6296300888061523,2.6296300888061523,2.6296300888061523,2.6296300888061523,1.4681934118270874,675
2000-04-06,2.555556058883667,2.5740740299224854,2.555556058883667,2.5740740299224854,1.4371750354766846,4725
2000-04-07,2.6111109256744385,2.6666669845581055,2.555556058883667,2.555556058883667,1.4268368482589722,26325
2000-04-10,2.6666669845581055,2.6666669845581055,2.5185189247131348,2.5185189247131348,1.406157374382019,11138
2000-04-11,2.444443941116333,2.444443941116333,2.444443941116333,2.444443941116333,1.3647987842559814,675
2000-04-12,2.444443941116333,2.444443941116333,2.444443941116333,2.444443941116333,1.3647987842559814,6750
2000-04-13,2.444443941116333,2.444443941116333,2.3703699111938477,2.444443941116333,1.3647987842559814,19913
2000-04-14,2.5185189247131348,2.5185189247131348,2.3333330154418945,2.3518519401550293,1.313101887702942,69525
2000-04-17,2.2962958812713623,2.3333330154418945,2.277777910232544,2.277777910232544,1.2717448472976685,37463
2000-04-18,2.222222089767456,2.3333330154418945,2.222222089767456,2.259258985519409,1.261405110359192,14850
2000-04-19,2.4814810752868652,2.4814810752868652,2.4814810752868652,2.4814810752868652,1.3854775428771973,675
2000-04-20,2.4814810752868652,2.4814810752868652,2.4814810752868652,2.4814810752868652,1.3854775428771973,0
2000-04-24,2.4814810752868652,2.4814810752868652,2.4814810752868652,2.4814810752868652,1.3854775428771973,0
2000-04-25,2.4814810752868652,2.4814810752868652,2.4814810752868652,2.4814810752868652,1.3854775428771973,0
2000-04-26,2.5185189247131348,2.5185189247131348,2.3703699111938477,2.3703699111938477,1.3234423398971558,21938
2000-04-27,2.259258985519409,2.3703699111938477,2.134258985519409,2.3703699111938477,1.3234423398971558,141413
2000-04-28,2.305556058883667,2.305556058883667,2.305556058883667,2.305556058883667,1.2872544527053833,7425
2000-05-01,2.3703699111938477,2.3703699111938477,2.222222089767456,2.259258985519409,1.261405110359192,60413
2000-05-02,2.277777910232544,2.2962958812713623,2.277777910232544,2.2962958812713623,1.2820842266082764,3038
2000-05-03,2.222222089767456,2.4814810752868652,2.222222089767456,2.4814810752868652,1.3854775428771973,28013
2000-05-04,2.3518519401550293,2.3518519401550293,2.3518519401550293,2.3518519401550293,1.313101887702942,675
2000-05-05,2.4814810752868652,2.4814810752868652,2.4814810752868652,2.4814810752868652,1.3854775428771973,4725
2000-05-08,2.3703699111938477,2.4814810752868652,2.3703699111938477,2.4814810752868652,1.3854775428771973,7088
2000-05-09,2.5185189247131348,2.5185189247131348,2.3703699111938477,2.3703699111938477,1.3234423398971558,1350
2000-05-10,2.3703699111938477,2.3703699111938477,2.3518519401550293,2.3518519401550293,1.313101887702942,21938
2000-05-11,2.3518519401550293,2.3518519401550293,2.3518519401550293,2.3518519401550293,1.313101887702942,0
2000-05-12,2.3518519401550293,2.3518519401550293,2.3518519401550293,2.3518519401550293,1.313101887702942,0
2000-05-15,2.3518519401550293,2.3518519401550293,2.3518519401550293,2.3518519401550293,1.313101887702942,0
2000-05-16,2.3333330154418945,2.6666669845581055,2.259258985519409,2.6296300888061523,1.4681934118270874,41513
2000-05-17,2.3703699111938477,2.4814810752868652,2.3703699111938477,2.4814810752868652,1.3854775428771973,8438
2000-05-18,2.4814810752868652,2.555556058883667,2.3703699111938477,2.40740704536438,1.3441208600997925,17550
2000-05-19,2.40740704536438,2.40740704536438,2.40740704536438,2.40740704536438,1.3441208600997925,0
2000-05-22,2.555556058883667,2.555556058883667,2.555556058883667,2.555556058883667,1.4268368482589722,8100
2000-05-23,2.555556058883667,2.555556058883667,2.555556058883667,2.555556058883667,1.4268368482589722,338
2000-05-24,2.555556058883667,2.555556058883667,2.555556058883667,2.555556058883667,1.4268368482589722,0
2000-05-25,2.555556058883667,2.555556058883667,2.555556058883667,2.555556058883667,1.4268368482589722,0
2000-05-26,2.555556058883667,2.6666669845581055,2.555556058883667,2.6666669845581055,1.4888726472854614,14175
2000-05-30,2.6666669845581055,2.6666669845581055,2.6666669845581055,2.6666669845581055,1.4888726472854614,0
2000-05-31,2.59259295463562,2.59259295463562,2.59259295463562,2.59259295463562,1.4475151300430298,1688
2000-06-01,2.6666669845581055,2.6666669845581055,2.555556058883667,2.555556058883667,1.4268368482589722,4388
2000-06-02,2.6666669845581055,2.6666669845581055,2.555556058883667,2.555556058883667,1.4268368482589722,5400
2000-06-05,2.59259295463562,2.59259295463562,2.59259295463562,2.59259295463562,1.4475151300430298,3375
2000-06-06,2.59259295463562,2.59259295463562,2.59259295463562,2.59259295463562,1.4475151300430298,0
2000-06-07,2.59259295463562,2.59259295463562,2.59259295463562,2.59259295463562,1.4475151300430298,0
2000-06-08,2.555556058883667,2.555556058883667,2.555556058883667,2.555556058883667,1.4268368482589722,2025
2000-06-09,2.555556058883667,2.555556058883667,2.555556058883667,2.555556058883667,1.4268368482589722,0
2000-06-12,2.555556058883667,2.555556058883667,2.555556058883667,2.555556058883667,1.4268368482589722,1688
2000-06-13,2.555556058883667,2.555556058883667,2.555556058883667,2.555556058883667,1.4268368482589722,0
2000-06-14,2.555556058883667,2.59259295463562,2.444443941116333,2.5185189247131348,1.406157374382019,14850
2000-06-15,2.4814810752868652,2.4814810752868652,2.4814810752868652,2.4814810752868652,1.3854775428771973,2025
2000-06-16,2.4814810752868652,2.4814810752868652,2.4814810752868652,2.4814810752868652,1.3854775428771973,0
2000-06-19,2.4814810752868652,2.4814810752868652,2.4814810752868652,2.4814810752868652,1.3854775428771973,0
2000-06-20,2.4814810752868652,2.4814810752868652,2.4814810752868652,2.4814810752868652,1.3854775428771973,0
2000-06-21,2.59259295463562,2.59259295463562,2.5185189247131348,2.5185189247131348,1.406157374382019,8438
2000-06-22,2.5185189247131348,2.5185189247131348,2.444443941116333,2.444443941116333,1.3647987842559814,17213
2000-06-23,2.4814810752868652,2.4814810752868652,2.444443941116333,2.4814810752868652,1.3854775428771973,11813
2000-06-26,2.444443941116333,2.4814810752868652,2.444443941116333,2.444443941116333,1.3647987842559814,9788
2000-06-27,2.555556058883667,2.555556058883667,2.555556058883667,2.555556058883667,1.4268368482589722,7425
2000-06-28,2.4814810752868652,2.5185189247131348,2.4814810752868652,2.5185189247131348,1.4127094745635986,14850
2000-06-29,2.5185189247131348,2.5185189247131348,2.5185189247131348,2.5185189247131348,1.4127094745635986,5400
2000-06-30,2.4814810752868652,2.4814810752868652,2.4814810752868652,2.4814810752868652,1.3919341564178467,3375
2000-07-03,2.4814810752868652,2.4814810752868652,2.4814810752868652,2.4814810752868652,1.3919341564178467,0
2000-07-05,2.6111109256744385,2.6111109256744385,2.4814810752868652,2.4814810752868652,1.3919341564178467,6413
2000-07-06,2.5,2.5,2.462963104248047,2.462963104248047,1.3815462589263916,29700
2000-07-07,2.6111109256744385,2.6111109256744385,2.5185189247131348,2.5185189247131348,1.4127094745635986,14175
2000-07-10,2.4814810752868652,2.4814810752868652,2.4814810752868652,2.4814810752868652,1.3919341564178467,338
2000-07-11,2.4814810752868652,2.5,2.4814810752868652,2.5,1.4023215770721436,6750
2000-07-12,2.444443941116333,2.444443941116333,2.444443941116333,2.444443941116333,1.3711583614349365,3375
2000-07-13,2.462963104248047,2.462963104248047,2.444443941116333,2.444443941116333,1.3711583614349365,5063
2000-07-14,2.462963104248047,2.555556058883667,2.444443941116333,2.4814810752868652,1.3919341564178467,19575
2000-07-17,2.4814810752868652,2.4814810752868652,2.444443941116333,2.444443941116333,1.3711583614349365,4725
2000-07-18,2.4953699111938477,2.5185189247131348,2.4953699111938477,2.5185189247131348,1.4127094745635986,9113
2000-07-19,2.4537041187286377,2.4537041187286377,2.4537041187286377,2.4537041187286377,1.3763527870178223,3713
2000-07-20,2.4537041187286377,2.4537041187286377,2.4537041187286377,2.4537041187286377,1.3763527870178223,0
2000-07-21,2.4537041187286377,2.4537041187286377,2.4537041187286377,2.4537041187286377,1.3763527870178223,0
2000-07-24,2.4537041187286377,2.4537041187286377,2.4537041187286377,2.4537041187286377,1.3763527870178223,0
2000-07-25,2.444443941116333,2.444443941116333,2.444443941116333,2.444443941116333,1.3711583614349365,338
2000-07-26,2.444443941116333,2.444443941116333,2.444443941116333,2.444443941116333,1.3711583614349365,0
2000-07-27,2.4814810752868652,2.4814810752868652,2.444443941116333,2.444443941116333,1.3711583614349365,8775
2000-07-28,2.4814810752868652,2.4814810752868652,2.444443941116333,2.444443941116333,1.3711583614349365,8100
2000-07-31,2.444443941116333,2.444443941116333,2.444443941116333,2.444443941116333,1.3711583614349365,1688
2000-08-01,2.444443941116333,2.444443941116333,2.444443941116333,2.444443941116333,1.3711583614349365,0
2000-08-02,2.444443941116333,2.5185189247131348,2.444443941116333,2.5,1.4023215770721436,38475
2000-08-03,2.444443941116333,2.444443941116333,2.444443941116333,2.444443941116333,1.3711583614349365,3713
2000-08-04,2.444443941116333,2.462963104248047,2.444443941116333,2.462963104248047,1.3815462589263916,2700
2000-08-07,2.5185189247131348,2.5185189247131348,2.444443941116333,2.462963104248047,1.3815462589263916,19238
2000-08-08,2.444443941116333,2.4814810752868652,2.3703699111938477,2.3703699111938477,1.3296082019805908,8775
2000-08-09,2.3703699111938477,2.3703699111938477,2.3703699111938477,2.3703699111938477,1.3296082019805908,2700
2000-08-10,2.3703699111938477,2.3703699111938477,2.3703699111938477,2.3703699111938477,1.3296082019805908,338
2000-08-11,2.3703699111938477,2.3703699111938477,2.3703699111938477,2.3703699111938477,1.3296082019805908,1350
2000-08-14,2.3703699111938477,2.3703699111938477,2.3703699111938477,2.3703699111938477,1.3296082019805908,9450
2000-08-15,2.444443941116333,2.444443941116333,2.3703699111938477,2.3703699111938477,1.3296082019805908,17213
2000-08-16,2.3703699111938477,2.3703699111938477,2.3703699111938477,2.3703699111938477,1.3296082019805908,0
2000-08-17,2.3703699111938477,2.3703699111938477,2.3703699111938477,2.3703699111938477,1.3296082019805908,0
2000-08-18,2.3703699111938477,2.3703699111938477,2.3703699111938477,2.3703699111938477,1.3296082019805908,0
2000-08-21,2.3703699111938477,2.3703699111938477,2.3703699111938477,2.3703699111938477,1.3296082019805908,0
2000-08-22,2.3703699111938477,2.3703699111938477,2.3703699111938477,2.3703699111938477,1.3296082019805908,0
2000-08-23,2.3703699111938477,2.3703699111938477,2.3703699111938477,2.3703699111938477,1.3296082019805908,4388
2000-08-24,2.3703699111938477,2.3703699111938477,2.3703699111938477,2.3703699111938477,1.3296082019805908,6750
2000-08-25,2.3703699111938477,2.3703699111938477,2.3703699111938477,2.3703699111938477,1.3296082019805908,0
2000-08-28,2.3703699111938477,2.3703699111938477,2.3703699111938477,2.3703699111938477,1.3296082019805908,1688
2000-08-29,2.40740704536438,2.444443941116333,2.40740704536438,2.444443941116333,1.3711583614349365,14175
2000-08-30,2.3888890743255615,2.3888890743255615,2.3888890743255615,2.3888890743255615,1.3399958610534668,3713
2000-08-31,2.3888890743255615,2.3888890743255615,2.3888890743255615,2.3888890743255615,1.3399958610534668,0
2000-09-01,2.3888890743255615,2.3888890743255615,2.3888890743255615,2.3888890743255615,1.3399958610534668,0
2000-09-05,2.3703699111938477,2.3703699111938477,2.3703699111938477,2.3703699111938477,1.3296082019805908,3375
2000-09-06,2.3703699111938477,2.3703699111938477,2.3703699111938477,2.3703699111938477,1.3296082019805908,8438
2000-09-07,2.3703699111938477,2.3703699111938477,2.3703699111938477,2.3703699111938477,1.3296082019805908,3038
2000-09-08,2.3703699111938477,2.3703699111938477,2.3703699111938477,2.3703699111938477,1.3296082019805908,1688
2000-09-11,2.5185189247131348,2.5185189247131348,2.3703699111938477,2.3888890743255615,1.3399958610534668,20250
2000-09-12,2.5185189247131348,2.5185189247131348,2.444443941116333,2.444443941116333,1.3711583614349365,1688
2000-09-13,2.40740704536438,2.40740704536438,2.40740704536438,2.40740704536438,1.3503837585449219,1688
2000-09-14,2.3703699111938477,2.3703699111938477,2.3703699111938477,2.3703699111938477,1.3296082019805908,675
2000-09-15,2.3703699111938477,2.3888890743255615,2.3703699111938477,2.3703699111938477,1.3296082019805908,14175
2000-09-18,2.3703699111938477,2.3888890743255615,2.3703699111938477,2.3888890743255615,1.3399958610534668,30713
2000-09-19,2.3703699111938477,2.3888890743255615,2.3703699111938477,2.3703699111938477,1.3296082019805908,9450
2000-09-20,2.3703699111938477,2.4814810752868652,2.3703699111938477,2.3703699111938477,1.3296082019805908,13163
2000-09-21,2.3703699111938477,2.3703699111938477,2.3703699111938477,2.3703699111938477,1.3296082019805908,5063
2000-09-22,2.3703699111938477,2.3703699111938477,2.3703699111938477,2.3703699111938477,1.3296082019805908,1350
2000-09-25,2.3703699111938477,2.3703699111938477,2.3703699111938477,2.3703699111938477,1.3296082019805908,1350
2000-09-26,2.3703699111938477,2.3703699111938477,2.3703699111938477,2.3703699111938477,1.3296082019805908,1013
2000-09-27,2.3703699111938477,2.3703699111938477,2.3703699111938477,2.3703699111938477,1.3362895250320435,1688
2000-09-28,2.3703699111938477,2.3703699111938477,2.3703699111938477,2.3703699111938477,1.3362895250320435,3713
2000-09-29,2.3703699111938477,2.3703699111938477,2.3703699111938477,2.3703699111938477,1.3362895250320435,2363
2000-10-02,2.3703699111938477,2.3703699111938477,2.3703699111938477,2.3703699111938477,1.3362895250320435,1350
2000-10-03,2.3703699111938477,2.3703699111938477,2.3703699111938477,2.3703699111938477,1.3362895250320435,0
2000-10-04,2.2962958812713623,2.3333330154418945,2.222222089767456,2.240741014480591,1.2632118463516235,37800
2000-10-05,2.240741014480591,2.240741014480591,2.240741014480591,2.240741014480591,1.2632118463516235,0
2000-10-06,2.240741014480591,2.240741014480591,2.240741014480591,2.240741014480591,1.2632118463516235,0
2000-10-09,2.240741014480591,2.240741014480591,2.240741014480591,2.240741014480591,1.2632118463516235,0
2000-10-10,2.240741014480591,2.240741014480591,2.240741014480591,2.240741014480591,1.2632118463516235,0
2000-10-11,2.240741014480591,2.240741014480591,2.240741014480591,2.240741014480591,1.2632118463516235,0
2000-10-12,2.259258985519409,2.259258985519409,2.185184955596924,2.185184955596924,1.231892466545105,40163
2000-10-13,2.3703699111938477,2.3703699111938477,2.3703699111938477,2.3703699111938477,1.3362895250320435,1013
2000-10-16,2.3703699111938477,2.3703699111938477,2.3703699111938477,2.3703699111938477,1.3362895250320435,0
2000-10-17,2.185184955596924,2.185184955596924,2.185184955596924,2.185184955596924,1.231892466545105,1688
2000-10-18,2.185184955596924,2.185184955596924,2.185184955596924,2.185184955596924,1.231892466545105,1013
2000-10-19,2.185184955596924,2.185184955596924,2.185184955596924,2.185184955596924,1.231892466545105,7425
2000-10-20,2.185184955596924,2.185184955596924,2.185184955596924,2.185184955596924,1.231892466545105,3038
2000-10-23,2.185184955596924,2.185184955596924,2.1481480598449707,2.1481480598449707,1.211012363433838,15525
2000-10-24,2.1481480598449707,2.1481480598449707,2.1481480598449707,2.1481480598449707,1.211012363433838,0
2000-10-25,2.1481480598449707,2.1481480598449707,2.1481480598449707,2.1481480598449707,1.211012363433838,3375
2000-10-26,2.1481480598449707,2.1481480598449707,2.1481480598449707,2.1481480598449707,1.211012363433838,1688
2000-10-27,2.185184955596924,2.185184955596924,2.1481480598449707,2.1481480598449707,1.211012363433838,8438
2000-10-30,2.185184955596924,2.185184955596924,2.1481480598449707,2.1481480598449707,1.211012363433838,10125
2000-10-31,2.1666669845581055,2.1666669845581055,2.1666669845581055,2.1666669845581055,1.221452236175537,7425
2000-11-01,2.1481480598449707,2.1481480598449707,2.1481480598449707,2.1481480598449707,1.211012363433838,2025
2000-11-02,2.1481480598449707,2.1481480598449707,2.1481480598449707,2.1481480598449707,1.211012363433838,6075
2000-11-03,2.1481480598449707,2.1481480598449707,2.1481480598449707,2.1481480598449707,1.211012363433838,9450
2000-11-06,2.1481480598449707,2.1481480598449707,2.1481480598449707,2.1481480598449707,1.211012363433838,0
2000-11-07,2.1481480598449707,2.1481480598449707,2.0740740299224854,2.0740740299224854,1.1692533493041992,25650
2000-11-08,2.1481480598449707,2.1481480598449707,2.037036895751953,2.037036895751953,1.1483744382858276,11813
2000-11-09,2.055556058883667,2.055556058883667,2.0,2.0,1.1274946928024292,15188
2000-11-10,2.0185189247131348,2.0185189247131348,2.0,2.0,1.1274946928024292,16200
2000-11-13,2.0,2.037036895751953,2.0,2.037036895751953,1.1483744382858276,5400
2000-11-14,2.037036895751953,2.037036895751953,2.037036895751953,2.037036895751953,1.1483744382858276,0
2000-11-15,2.0,2.0,2.0,2.0,1.1274946928024292,338
2000-11-16,2.0,2.0,2.0,2.0,1.1274946928024292,0
2000-11-17,2.0,2.0,2.0,2.0,1.1274946928024292,1013
2000-11-20,2.0,2.0185189247131348,2.0,2.0185189247131348,1.1379348039627075,8100
2000-11-21,2.1111109256744385,2.1111109256744385,2.0185189247131348,2.0185189247131348,1.1379348039627075,14175
2000-11-22,2.1111109256744385,2.1111109256744385,1.9629629850387573,1.9629629850387573,1.1066147089004517,15188
2000-11-24,1.9629629850387573,1.9629629850387573,1.9629629850387573,1.9629629850387573,1.1066147089004517,0
2000-11-27,1.9629629850387573,1.9629629850387573,1.9629629850387573,1.9629629850387573,1.1066147089004517,675
2000-11-28,1.9259259700775146,2.0,1.9259259700775146,2.0,1.1274946928024292,23963
2000-11-29,2.0,2.0,1.9259259700775146,1.9259259700775146,1.0857356786727905,18563
2000-11-30,1.9259259700775146,1.9259259700775146,1.9259259700775146,1.9259259700775146,1.0857356786727905,675
2000-12-01,1.9259259700775146,2.0740740299224854,1.9259259700775146,2.0740740299224854,1.1692533493041992,4050
2000-12-04,1.9259259700775146,1.9259259700775146,1.9259259700775146,1.9259259700775146,1.0857356786727905,9450
2000-12-05,1.9259259700775146,1.9259259700775146,1.9259259700775146,1.9259259700775146,1.0857356786727905,1350
2000-12-06,2.0740740299224854,2.0740740299224854,1.9259259700775146,1.9259259700775146,1.0857356786727905,2363
2000-12-07,1.9259259700775146,1.9259259700775146,1.9259259700775146,1.9259259700775146,1.0857356786727905,1013
2000-12-08,1.9259259700775146,1.9259259700775146,1.9259259700775146,1.9259259700775146,1.0857356786727905,0
2000-12-11,1.9259259700775146,1.9259259700775146,1.9259259700775146,1.9259259700775146,1.0857356786727905,0
2000-12-12,1.9259259700775146,1.9259259700775146,1.9259259700775146,1.9259259700775146,1.0857356786727905,0
2000-12-13,1.9259259700775146,1.9259259700775146,1.9259259700775146,1.9259259700775146,1.0857356786727905,1350
2000-12-14,1.9629629850387573,1.9629629850387573,1.9629629850387573,1.9629629850387573,1.1066147089004517,7425
2000-12-15,1.9259259700775146,1.9629629850387573,1.9259259700775146,1.9259259700775146,1.0857356786727905,30375
2000-12-18,1.9629629850387573,1.9629629850387573,1.9259259700775146,1.9259259700775146,1.0857356786727905,15525
2000-12-19,1.9259259700775146,1.9259259700775146,1.8518520593643188,1.9259259700775146,1.0857356786727905,7425
2000-12-20,1.9259259700775146,1.9259259700775146,1.9259259700775146,1.9259259700775146,1.0857356786727905,10125
2000-12-21,1.888888955116272,1.888888955116272,1.8518520593643188,1.8518520593643188,1.0439765453338623,33750
2000-12-22,1.888888955116272,1.888888955116272,1.888888955116272,1.888888955116272,1.0648560523986816,3038
2000-12-26,1.9259259700775146,1.9259259700775146,1.9259259700775146,1.9259259700775146,1.0857356786727905,15188
2000-12-27,1.888888955116272,2.0740740299224854,1.888888955116272,2.0,1.1344757080078125,273375
2000-12-28,2.0,2.0185189247131348,1.9629629850387573,2.0185189247131348,1.144981026649475,19238
2000-12-29,1.9629629850387573,2.037036895751953,1.9629629850387573,1.9629629850387573,1.1134668588638306,8775
2001-01-02,1.9629629850387573,1.9629629850387573,1.9629629850387573,1.9629629850387573,1.1134668588638306,2025
2001-01-03,2.009258985519409,2.009258985519409,2.0,2.009258985519409,1.1397285461425781,8438
2001-01-04,2.0185189247131348,2.0740740299224854,1.9629629850387573,2.0740740299224854,1.176493763923645,12488
2001-01-05,1.9629629850387573,2.0,1.9259259700775146,1.9259259700775146,1.0924583673477173,42525
2001-01-08,1.9259259700775146,1.9259259700775146,1.9259259700775146,1.9259259700775146,1.0924583673477173,0
2001-01-09,1.9629629850387573,1.9629629850387573,1.9259259700775146,1.9259259700775146,1.0924583673477173,11475
2001-01-10,1.9259259700775146,1.944443941116333,1.9259259700775146,1.944443941116333,1.1029623746871948,4388
2001-01-11,1.944443941116333,1.944443941116333,1.944443941116333,1.944443941116333,1.1029623746871948,0
2001-01-12,2.037036895751953,2.037036895751953,2.037036895751953,2.037036895751953,1.1554850339889526,338
2001-01-16,1.944443941116333,1.944443941116333,1.944443941116333,1.944443941116333,1.1029623746871948,338
2001-01-17,1.9259259700775146,1.9259259700775146,1.9259259700775146,1.9259259700775146,1.0924583673477173,135000
2001-01-18,1.9259259700775146,1.9259259700775146,1.9259259700775146,1.9259259700775146,1.0924583673477173,0
2001-01-19,1.9259259700775146,1.9259259700775146,1.9259259700775146,1.9259259700775146,1.0924583673477173,338
2001-01-22,1.9259259700775146,2.037036895751953,1.9259259700775146,2.0,1.1344757080078125,10800
2001-01-23,2.037036895751953,2.037036895751953,2.037036895751953,2.037036895751953,1.1554850339889526,675
2001-01-24,2.037036895751953,2.037036895751953,2.037036895751953,2.037036895751953,1.1554850339889526,675
2001-01-25,2.0,2.037036895751953,2.0,2.037036895751953,1.1554850339889526,4725
2001-01-26,2.037036895751953,2.055556058883667,2.037036895751953,2.055556058883667,1.165989637374878,14175
2001-01-29,2.0740740299224854,2.09259295463562,2.0740740299224854,2.09259295463562,1.186998724937439,8100
2001-01-30,2.1296300888061523,2.1296300888061523,2.0740740299224854,2.1111109256744385,1.197502613067627,6750
2001-01-31,2.1481480598449707,2.1481480598449707,2.1481480598449707,2.1481480598449707,1.2185112237930298,3375
2001-02-01,2.037036895751953,2.037036895751953,2.037036895751953,2.037036895751953,1.1554850339889526,3375
2001-02-02,2.0462958812713623,2.0462958812713623,2.0462958812713623,2.0462958812713623,1.1607372760772705,675
2001-02-05,2.0462958812713623,2.0462958812713623,2.0462958812713623,2.0462958812713623,1.1607372760772705,0
2001-02-06,2.1481480598449707,2.185184955596924,2.1481480598449707,2.185184955596924,1.2395201921463013,1688
2001-02-07,2.185184955596924,2.185184955596924,2.185184955596924,2.185184955596924,1.2395201921463013,0
2001-02-08,2.055556058883667,2.055556058883667,2.055556058883667,2.055556058883667,1.165989637374878,2363
2001-02-09,2.055556058883667,2.055556058883667,2.055556058883667,2.055556058883667,1.165989637374878,0
2001-02-12,2.1111109256744385,2.185184955596924,2.1111109256744385,2.185184955596924,1.2395201921463013,6413
2001-02-13,2.185184955596924,2.185184955596924,2.185184955596924,2.185184955596924,1.2395201921463013,0
2001-02-14,2.0740740299224854,2.0740740299224854,2.0740740299224854,2.0740740299224854,1.176493763923645,2363
2001-02-15,2.0740740299224854,2.0740740299224854,2.0740740299224854,2.0740740299224854,1.176493763923645,675
2001-02-16,2.0740740299224854,2.1111109256744385,2.0740740299224854,2.1111109256744385,1.197502613067627,2025
2001-02-20,2.1111109256744385,2.222222089767456,2.1111109256744385,2.222222089767456,1.260528564453125,4050
2001-02-21,2.1481480598449707,2.1481480598449707,2.1481480598449707,2.1481480598449707,1.2185112237930298,2363
2001-02-22,2.1111109256744385,2.1111109256744385,2.1111109256744385,2.1111109256744385,1.197502613067627,5738
2001-02-23,2.1111109256744385,2.1111109256744385,2.1111109256744385,2.1111109256744385,1.197502613067627,3375
2001-02-26,2.1111109256744385,2.1111109256744385,2.1111109256744385,2.1111109256744385,1.197502613067627,0
2001-02-27,2.1111109256744385,2.1111109256744385,2.1111109256744385,2.1111109256744385,1.197502613067627,0
2001-02-28,2.1481480598449707,2.222222089767456,2.1481480598449707,2.222222089767456,1.260528564453125,2025
2001-03-01,2.240741014480591,2.277777910232544,2.222222089767456,2.277777910232544,1.2920421361923218,141750
2001-03-02,2.185184955596924,2.277777910232544,2.1481480598449707,2.259258985519409,1.2815378904342651,15525
2001-03-05,2.259258985519409,2.259258985519409,2.259258985519409,2.259258985519409,1.2815378904342651,0
2001-03-06,2.259258985519409,2.259258985519409,2.259258985519409,2.259258985519409,1.2815378904342651,338
2001-03-07,2.259258985519409,2.259258985519409,2.259258985519409,2.259258985519409,1.2815378904342651,1013
2001-03-08,2.259258985519409,2.259258985519409,2.259258985519409,2.259258985519409,1.2815378904342651,0
2001-03-09,2.259258985519409,2.259258985519409,2.259258985519409,2.259258985519409,1.2815378904342651,0
2001-03-12,2.259258985519409,2.259258985519409,2.259258985519409,2.259258985519409,1.2815378904342651,0
2001-03-13,2.259258985519409,2.259258985519409,2.259258985519409,2.259258985519409,1.2815378904342651,0
2001-03-14,2.222222089767456,2.222222089767456,2.222222089767456,2.222222089767456,1.260528564453125,338
2001-03-15,2.185184955596924,2.185184955596924,2.185184955596924,2.185184955596924,1.2395201921463013,338
2001-03-16,2.185184955596924,2.185184955596924,2.185184955596924,2.185184955596924,1.2395201921463013,0
2001-03-19,2.222222089767456,2.222222089767456,2.185184955596924,2.222222089767456,1.260528564453125,17550
2001-03-20,2.222222089767456,2.222222089767456,2.222222089767456,2.222222089767456,1.260528564453125,0
2001-03-21,2.185184955596924,2.2037041187286377,2.185184955596924,2.185184955596924,1.2395201921463013,20588
2001-03-22,2.222222089767456,2.222222089767456,2.1111109256744385,2.1111109256744385,1.197502613067627,41850
2001-03-23,2.1111109256744385,2.1111109256744385,2.1111109256744385,2.1111109256744385,1.197502613067627,338
2001-03-26,2.1111109256744385,2.1111109256744385,2.1111109256744385,2.1111109256744385,1.197502613067627,0
2001-03-27,2.1481480598449707,2.1481480598449707,2.1111109256744385,2.1111109256744385,1.197502613067627,3038
2001-03-28,2.1111109256744385,2.1111109256744385,2.1111109256744385,2.1111109256744385,1.2042633295059204,3375
2001-03-29,2.1111109256744385,2.1111109256744385,2.1111109256744385,2.1111109256744385,1.2042633295059204,6750
2001-03-30,2.1296300888061523,2.1296300888061523,2.1296300888061523,2.1296300888061523,1.2148276567459106,1013
2001-04-02,2.1296300888061523,2.1296300888061523,2.1296300888061523,2.1296300888061523,1.2148276567459106,0
2001-04-03,2.1111109256744385,2.1111109256744385,2.1111109256744385,2.1111109256744385,1.2042633295059204,2025
2001-04-04,2.1111109256744385,2.1111109256744385,2.1111109256744385,2.1111109256744385,1.2042633295059204,0
2001-04-05,2.1296300888061523,2.1296300888061523,2.1111109256744385,2.1111109256744385,1.2042633295059204,3038
2001-04-06,2.1111109256744385,2.1111109256744385,2.1111109256744385,2.1111109256744385,1.2042633295059204,0
2001-04-09,2.1096301078796387,2.1096301078796387,2.1096301078796387,2.1096301078796387,1.2034187316894531,0
2001-04-10,2.1185190677642822,2.1185190677642822,2.1185190677642822,2.1185190677642822,1.208489179611206,3375
2001-04-11,2.1037039756774902,2.1037039756774902,2.1037039756774902,2.1037039756774902,1.200038194656372,12825
2001-04-12,2.222222089767456,2.222222089767456,2.0888888835906982,2.0888888835906982,1.1915867328643799,2025
2001-04-16,2.0888888835906982,2.0888888835906982,2.0888888835906982,2.0888888835906982,1.1915867328643799,1688
2001-04-17,2.0888888835906982,2.0888888835906982,2.0888888835906982,2.0888888835906982,1.1915867328643799,0
2001-04-18,2.222222089767456,2.222222089767456,2.222222089767456,2.222222089767456,1.2676453590393066,338
2001-04-19,2.1037039756774902,2.266666889190674,2.1037039756774902,2.266666889190674,1.2929985523223877,99563
2001-04-20,2.222222089767456,2.222222089767456,2.222222089767456,2.222222089767456,1.2676453590393066,675
2001-04-23,2.266666889190674,2.266666889190674,2.266666889190674,2.266666889190674,1.2929985523223877,1688
2001-04-24,2.266666889190674,2.266666889190674,2.266666889190674,2.266666889190674,1.2929985523223877,0
2001-04-25,2.266666889190674,2.266666889190674,2.266666889190674,2.266666889190674,1.2929985523223877,1688
2001-04-26,2.2637040615081787,2.2637040615081787,2.237036943435669,2.237036943435669,1.2760967016220093,4050
2001-04-27,2.222222089767456,2.237036943435669,2.222222089767456,2.237036943435669,1.2760967016220093,1013
2001-04-30,2.222222089767456,2.222222089767456,2.222222089767456,2.222222089767456,1.2676453590393066,338
2001-05-01,2.222222089767456,2.266666889190674,2.222222089767456,2.266666889190674,1.2929985523223877,12150
2001-05-02,2.222222089767456,2.237036943435669,2.222222089767456,2.237036943435669,1.2760967016220093,6750
2001-05-03,2.2814810276031494,2.2814810276031494,2.207406997680664,2.207406997680664,1.2591944932937622,2363
2001-05-04,2.2814810276031494,2.2814810276031494,2.207406997680664,2.237036943435669,1.2760967016220093,3375
2001-05-07,2.2814810276031494,2.2814810276031494,2.2814810276031494,2.2814810276031494,1.301448941230774,1688
2001-05-08,2.2962958812713623,2.3259260654449463,2.2962958812713623,2.3259260654449463,1.3268028497695923,2025
2001-05-09,2.3703699111938477,2.3703699111938477,2.222222089767456,2.222222089767456,1.2676453590393066,14850
2001-05-10,2.237036943435669,2.3022220134735107,2.237036943435669,2.237036943435669,1.2760967016220093,2700
2001-05-11,2.3703699111938477,2.3703699111938477,2.3703699111938477,2.3703699111938477,1.352155089378357,1688
2001-05-14,2.237036943435669,2.237036943435669,2.222222089767456,2.222222089767456,1.2676453590393066,4050
2001-05-15,2.4000000953674316,2.4000000953674316,2.2962958812713623,2.2962958812713623,1.3099002838134766,1013
2001-05-16,2.2962958812713623,2.2962958812713623,2.2962958812713623,2.2962958812713623,1.3099002838134766,10463
2001-05-17,2.2962958812713623,2.2962958812713623,2.2962958812713623,2.2962958812713623,1.3099002838134766,1688
2001-05-18,2.3022220134735107,2.3022220134735107,2.3022220134735107,2.3022220134735107,1.3132802248001099,675
2001-05-21,2.3022220134735107,2.3022220134735107,2.3022220134735107,2.3022220134735107,1.3132802248001099,0
2001-05-22,2.3111109733581543,2.3111109733581543,2.3111109733581543,2.3111109733581543,1.3183510303497314,6413
2001-05-23,2.3111109733581543,2.3111109733581543,2.3111109733581543,2.3111109733581543,1.3183510303497314,0
2001-05-24,2.3111109733581543,2.3703699111938477,2.3111109733581543,2.340740919113159,1.3352538347244263,13838
2001-05-25,2.3703699111938477,2.3703699111938477,2.3703699111938477,2.3703699111938477,1.352155089378357,1688
2001-05-29,2.3703699111938477,2.3703699111938477,2.3703699111938477,2.3703699111938477,1.352155089378357,338
2001-05-30,2.2962958812713623,2.2962958812713623,2.2962958812713623,2.2962958812713623,1.3099002838134766,1013
2001-05-31,2.2962958812713623,2.2962958812713623,2.2962958812713623,2.2962958812713623,1.3099002838134766,0
2001-06-01,2.2962958812713623,2.2962958812713623,2.2962958812713623,2.2962958812713623,1.3099002838134766,2025
2001-06-04,2.2962958812713623,2.2962958812713623,2.2962958812713623,2.2962958812713623,1.3099002838134766,0
2001-06-05,2.2962958812713623,2.2962958812713623,2.2962958812713623,2.2962958812713623,1.3099002838134766,0
2001-06-06,2.2962958812713623,2.3703699111938477,2.2962958812713623,2.3703699111938477,1.352155089378357,285525
2001-06-07,2.2962958812713623,2.2962958812713623,2.2962958812713623,2.2962958812713623,1.3099002838134766,16875
2001-06-08,2.2962958812713623,2.2962958812713623,2.2962958812713623,2.2962958812713623,1.3099002838134766,1688
2001-06-11,2.2962958812713623,2.2962958812713623,2.2962958812713623,2.2962958812713623,1.3099002838134766,0
2001-06-12,2.3170371055603027,2.340740919113159,2.3170371055603027,2.340740919113159,1.3352538347244263,11475
2001-06-13,2.30814790725708,2.30814790725708,2.30814790725708,2.30814790725708,1.3166608810424805,675
2001-06-14,2.30814790725708,2.30814790725708,2.30814790725708,2.30814790725708,1.3166608810424805,0
2001-06-15,2.340740919113159,2.3703699111938477,2.340740919113159,2.3703699111938477,1.352155089378357,236250
2001-06-18,2.3703699111938477,2.3703699111938477,2.3111109733581543,2.3111109733581543,1.3183510303497314,110363
2001-06-19,2.3259260654449463,2.3703699111938477,2.3259260654449463,2.3585190773010254,1.3453950881958008,41850
2001-06-20,2.3259260654449463,2.3259260654449463,2.3259260654449463,2.3259260654449463,1.3268028497695923,6750
2001-06-21,2.3259260654449463,2.3259260654449463,2.3259260654449463,2.3259260654449463,1.3268028497695923,1688
2001-06-22,2.3259260654449463,2.3259260654449463,2.3259260654449463,2.3259260654449463,1.3268028497695923,0
2001-06-25,2.3259260654449463,2.3259260654449463,2.3259260654449463,2.3259260654449463,1.3268028497695923,0
2001-06-26,2.3259260654449463,2.3703699111938477,2.3259260654449463,2.3703699111938477,1.352155089378357,10463
2001-06-27,2.3585190773010254,2.3585190773010254,2.3585190773010254,2.3585190773010254,1.3521555662155151,0
2001-06-28,2.3585190773010254,2.3585190773010254,2.3585190773010254,2.3585190773010254,1.3521555662155151,0
2001-06-29,2.3259260654449463,2.3259260654449463,2.3259260654449463,2.3259260654449463,1.3334693908691406,338
2001-07-02,2.3259260654449463,2.3259260654449463,2.3259260654449463,2.3259260654449463,1.3334693908691406,675
2001-07-03,2.3259260654449463,2.3259260654449463,2.3259260654449463,2.3259260654449463,1.3334693908691406,0
2001-07-05,2.3259260654449463,2.3259260654449463,2.3259260654449463,2.3259260654449463,1.3334693908691406,6413
2001-07-06,2.3259260654449463,2.3259260654449463,2.3259260654449463,2.3259260654449463,1.3334693908691406,0
2001-07-09,2.3703699111938477,2.3703699111938477,2.3703699111938477,2.3703699111938477,1.3589494228363037,2700
2001-07-10,2.3703699111938477,2.3703699111938477,2.3703699111938477,2.3703699111938477,1.3589494228363037,0
2001-07-11,2.4000000953674316,2.4000000953674316,2.4000000953674316,2.4000000953674316,1.375937581062317,6750
2001-07-12,2.4000000953674316,2.4000000953674316,2.4000000953674316,2.4000000953674316,1.375937581062317,0
2001-07-13,2.4000000953674316,2.4000000953674316,2.4000000953674316,2.4000000953674316,1.375937581062317,0
2001-07-16,2.4000000953674316,2.4000000953674316,2.4000000953674316,2.4000000953674316,1.375937581062317,0
2001-07-17,2.444443941116333,2.444443941116333,2.4000000953674316,2.4000000953674316,1.375937581062317,2025
2001-07-18,2.4000000953674316,2.4000000953674316,2.4000000953674316,2.4000000953674316,1.375937581062317,338
2001-07-19,2.4000000953674316,2.4000000953674316,2.4000000953674316,2.4000000953674316,1.375937581062317,0
2001-07-20,2.408889055252075,2.408889055252075,2.408889055252075,2.408889055252075,1.3810337781906128,338
2001-07-23,2.340740919113159,2.340740919113159,2.340740919113159,2.340740919113159,1.341963529586792,675
2001-07-24,2.4000000953674316,2.4000000953674316,2.4000000953674316,2.4000000953674316,1.375937581062317,8438
2001-07-25,2.4000000953674316,2.4000000953674316,2.4000000953674316,2.4000000953674316,1.375937581062317,0
2001-07-26,2.4000000953674316,2.4000000953674316,2.4000000953674316,2.4000000953674316,1.375937581062317,0
2001-07-27,2.4000000953674316,2.4000000953674316,2.4000000953674316,2.4000000953674316,1.375937581062317,0
2001-07-30,2.3703699111938477,2.4000000953674316,2.3703699111938477,2.4000000953674316,1.375937581062317,9788
2001-07-31,2.4000000953674316,2.4000000953674316,2.4000000953674316,2.4000000953674316,1.375937581062317,0
2001-08-01,2.4000000953674316,2.4000000953674316,2.4000000953674316,2.4000000953674316,1.375937581062317,0
2001-08-02,2.4000000953674316,2.4000000953674316,2.4000000953674316,2.4000000953674316,1.375937581062317,3375
2001-08-03,2.4000000953674316,2.4000000953674316,2.4000000953674316,2.4000000953674316,1.375937581062317,0
2001-08-06,2.340740919113159,2.340740919113159,2.340740919113159,2.340740919113159,1.341963529586792,1013
2001-08-07,2.340740919113159,2.340740919113159,2.340740919113159,2.340740919113159,1.341963529586792,338
2001-08-08,2.340740919113159,2.340740919113159,2.222222089767456,2.251852035522461,1.2910020351409912,26663
2001-08-09,2.3703699111938477,2.3703699111938477,2.340740919113159,2.3703699111938477,1.3589494228363037,20250
2001-08-10,2.3703699111938477,2.3703699111938477,2.3703699111938477,2.3703699111938477,1.3589494228363037,3375
2001-08-13,2.3703699111938477,2.3703699111938477,2.340740919113159,2.340740919113159,1.341963529586792,3038
2001-08-14,2.340740919113159,2.3703699111938477,2.340740919113159,2.3703699111938477,1.3589494228363037,6750
2001-08-15,2.3703699111938477,2.3703699111938477,2.3703699111938477,2.3703699111938477,1.3589494228363037,3375
2001-08-16,2.3703699111938477,2.3703699111938477,2.3703699111938477,2.3703699111938477,1.3589494228363037,0
2001-08-17,2.3703699111938477,2.3703699111938477,2.3703699111938477,2.3703699111938477,1.3589494228363037,0
2001-08-20,2.3703699111938477,2.3703699111938477,2.3703699111938477,2.3703699111938477,1.3589494228363037,0
2001-08-21,2.340740919113159,2.340740919113159,2.340740919113159,2.340740919113159,1.341963529586792,675
2001-08-22,2.340740919113159,2.340740919113159,2.340740919113159,2.340740919113159,1.341963529586792,0
2001-08-23,2.340740919113159,2.340740919113159,2.340740919113159,2.340740919113159,1.341963529586792,675
2001-08-24,2.3851850032806396,2.3851850032806396,2.340740919113159,2.340740919113159,1.341963529586792,2363
2001-08-27,2.340740919113159,2.340740919113159,2.340740919113159,2.340740919113159,1.341963529586792,371250
2001-08-28,2.340740919113159,2.340740919113159,2.340740919113159,2.340740919113159,1.341963529586792,0
2001-08-29,2.340740919113159,2.340740919113159,2.340740919113159,2.340740919113159,1.341963529586792,1013
2001-08-30,2.340740919113159,2.340740919113159,2.340740919113159,2.340740919113159,1.341963529586792,0
2001-08-31,2.340740919113159,2.340740919113159,2.340740919113159,2.340740919113159,1.341963529586792,2700
2001-09-04,2.340740919113159,2.3703699111938477,2.340740919113159,2.3703699111938477,1.3589494228363037,8438
2001-09-05,2.3703699111938477,2.3703699111938477,2.3703699111938477,2.3703699111938477,1.3589494228363037,0
2001-09-06,2.3703699111938477,2.3703699111938477,2.3259260654449463,2.3703699111938477,1.3589494228363037,9450
2001-09-07,2.3140740394592285,2.3140740394592285,2.3140740394592285,2.3140740394592285,1.3266751766204834,3375
2001-09-10,2.3140740394592285,2.3140740394592285,2.3140740394592285,2.3140740394592285,1.3266751766204834,0
2001-09-17,2.3703699111938477,2.3703699111938477,2.3703699111938477,2.3703699111938477,1.3589494228363037,675
2001-09-18,2.3703699111938477,2.3703699111938477,2.3703699111938477,2.3703699111938477,1.3589494228363037,338
2001-09-19,2.3703699111938477,2.3703699111938477,2.3703699111938477,2.3703699111938477,1.3589494228363037,0
2001-09-20,2.3111109733581543,2.3111109733581543,2.222222089767456,2.222222089767456,1.2740157842636108,2700
2001-09-21,2.251852035522461,2.2962958812713623,2.1925930976867676,2.222222089767456,1.2740157842636108,59738
2001-09-24,2.222222089767456,2.222222089767456,2.222222089767456,2.222222089767456,1.2740157842636108,0
2001-09-25,2.222222089767456,2.222222089767456,2.222222089767456,2.222222089767456,1.2740157842636108,0
2001-09-26,2.1777780055999756,2.1777780055999756,2.1777780055999756,2.1777780055999756,1.2552306652069092,2363
2001-09-27,2.237036943435669,2.237036943435669,2.237036943435669,2.237036943435669,1.2893861532211304,338
2001-09-28,2.237036943435669,2.237036943435669,2.237036943435669,2.237036943435669,1.2893861532211304,0
2001-10-01,2.237036943435669,2.237036943435669,2.237036943435669,2.237036943435669,1.2893861532211304,0
2001-10-02,2.237036943435669,2.237036943435669,2.237036943435669,2.237036943435669,1.2893861532211304,0
2001-10-03,2.237036943435669,2.237036943435669,2.237036943435669,2.237036943435669,1.2893861532211304,0
2001-10-04,2.251852035522461,2.251852035522461,2.251852035522461,2.251852035522461,1.297924518585205,1350
2001-10-05,2.251852035522461,2.251852035522461,2.251852035522461,2.251852035522461,1.297924518585205,0
2001-10-08,2.251852035522461,2.251852035522461,2.251852035522461,2.251852035522461,1.297924518585205,0
2001-10-09,2.251852035522461,2.251852035522461,2.251852035522461,2.251852035522461,1.297924518585205,0
2001-10-10,2.237036943435669,2.237036943435669,2.237036943435669,2.237036943435669,1.2893861532211304,338
2001-10-11,2.237036943435669,2.251852035522461,2.237036943435669,2.251852035522461,1.297924518585205,36788
2001-10-12,2.2962958812713623,2.2962958812713623,2.237036943435669,2.237036943435669,1.2893861532211304,4725
2001-10-15,2.237036943435669,2.237036943435669,2.237036943435669,2.237036943435669,1.2893861532211304,338
2001-10-16,2.3703699111938477,2.3703699111938477,2.3703699111938477,2.3703699111938477,1.3662362098693848,1013
2001-10-17,2.251852035522461,2.251852035522461,2.251852035522461,2.251852035522461,1.297924518585205,3375
2001-10-18,2.251852035522461,2.251852035522461,2.251852035522461,2.251852035522461,1.297924518585205,13163
2001-10-19,2.251852035522461,2.251852035522461,2.251852035522461,2.251852035522461,1.297924518585205,1688
2001-10-22,2.251852035522461,2.251852035522461,2.251852035522461,2.251852035522461,1.297924518585205,0
2001-10-23,2.251852035522461,2.251852035522461,2.251852035522461,2.251852035522461,1.297924518585205,0
2001-10-24,2.251852035522461,2.251852035522461,2.251852035522461,2.251852035522461,1.297924518585205,0
2001-10-25,2.251852035522461,2.251852035522461,2.251852035522461,2.251852035522461,1.297924518585205,0
2001-10-26,2.251852035522461,2.251852035522461,2.251852035522461,2.251852035522461,1.297924518585205,0
2001-10-29,2.251852035522461,2.251852035522461,2.251852035522461,2.251852035522461,1.297924518585205,0
2001-10-30,2.251852035522461,2.251852035522461,2.251852035522461,2.251852035522461,1.297924518585205,0
2001-10-31,2.222222089767456,2.251852035522461,2.222222089767456,2.251852035522461,1.297924518585205,2363
2001-11-01,2.251852035522461,2.251852035522461,2.251852035522461,2.251852035522461,1.297924518585205,0
2001-11-02,2.251852035522461,2.251852035522461,2.251852035522461,2.251852035522461,1.297924518585205,0
2001-11-05,2.251852035522461,2.251852035522461,2.251852035522461,2.251852035522461,1.297924518585205,0
2001-11-06,2.237036943435669,2.237036943435669,2.237036943435669,2.237036943435669,1.2893861532211304,13500
2001-11-07,2.222222089767456,2.237036943435669,2.1629629135131836,2.237036943435669,1.2893861532211304,3375
2001-11-08,2.1629629135131836,2.237036943435669,2.0740740299224854,2.0740740299224854,1.1954572200775146,2025
2001-11-09,2.0740740299224854,2.237036943435669,2.014815092086792,2.237036943435669,1.2893861532211304,3713
2001-11-12,2.0740740299224854,2.0740740299224854,2.0740740299224854,2.0740740299224854,1.1954572200775146,338
2001-11-13,2.222222089767456,2.222222089767456,2.222222089767456,2.222222089767456,1.2808468341827393,3375
2001-11-14,2.222222089767456,2.222222089767456,2.222222089767456,2.222222089767456,1.2808468341827393,1013
2001-11-15,2.1896300315856934,2.1896300315856934,2.014815092086792,2.014815092086792,1.161302089691162,41513
2001-11-16,2.1629629135131836,2.1925930976867676,2.1629629135131836,2.1925930976867676,1.2637691497802734,22950
2001-11-19,2.3170371055603027,2.3170371055603027,2.3170371055603027,2.3170371055603027,1.3354969024658203,338
2001-11-20,2.3170371055603027,2.3170371055603027,2.3170371055603027,2.3170371055603027,1.3354969024658203,0
2001-11-21,2.1629629135131836,2.1629629135131836,2.1629629135131836,2.1629629135131836,1.2466915845870972,3713
2001-11-23,2.1629629135131836,2.1629629135131836,2.1629629135131836,2.1629629135131836,1.2466915845870972,0
2001-11-26,2.1629629135131836,2.1629629135131836,2.1629629135131836,2.1629629135131836,1.2466915845870972,0
2001-11-27,2.207406997680664,2.207406997680664,2.207406997680664,2.207406997680664,1.272307276725769,338
2001-11-28,2.0948150157928467,2.222222089767456,2.0948150157928467,2.1925930976867676,1.2637691497802734,5738
2001-11-29,2.1925930976867676,2.1925930976867676,2.1925930976867676,2.1925930976867676,1.2637691497802734,0
2001-11-30,2.2459259033203125,2.2459259033203125,2.2459259033203125,2.2459259033203125,1.2945092916488647,3713
2001-12-03,2.2459259033203125,2.2459259033203125,2.2459259033203125,2.2459259033203125,1.2945092916488647,6750
2001-12-04,2.2459259033203125,2.2459259033203125,2.2459259033203125,2.2459259033203125,1.2945092916488647,0
2001-12-05,2.225184917449951,2.225184917449951,2.225184917449951,2.225184917449951,1.2825549840927124,338
2001-12-06,2.251852035522461,2.3111109733581543,2.251852035522461,2.3111109733581543,1.3320807218551636,3375
2001-12-07,2.3111109733581543,2.3111109733581543,2.3111109733581543,2.3111109733581543,1.3320807218551636,0
2001-12-10,2.3259260654449463,2.3259260654449463,2.3259260654449463,2.3259260654449463,1.340619683265686,2363
2001-12-11,2.2785189151763916,2.2785189151763916,2.1925930976867676,2.1925930976867676,1.2637691497802734,7425
2001-12-12,2.222222089767456,2.222222089767456,2.222222089767456,2.222222089767456,1.2808468341827393,1013
2001-12-13,2.222222089767456,2.222222089767456,2.222222089767456,2.222222089767456,1.2808468341827393,0
2001-12-14,2.3259260654449463,2.3259260654449463,2.222222089767456,2.222222089767456,1.2808468341827393,1013
2001-12-17,2.222222089767456,2.222222089767456,2.222222089767456,2.222222089767456,1.2808468341827393,0
2001-12-18,2.222222089767456,2.222222089767456,2.222222089767456,2.222222089767456,1.2808468341827393,338
2001-12-19,2.222222089767456,2.222222089767456,2.222222089767456,2.222222089767456,1.2808468341827393,8438
2001-12-20,2.3111109733581543,2.340740919113159,2.3111109733581543,2.340740919113159,1.3491594791412354,1013
2001-12-21,2.340740919113159,2.340740919113159,2.340740919113159,2.340740919113159,1.3491594791412354,2025
2001-12-24,2.337778091430664,2.337778091430664,2.222222089767456,2.222222089767456,1.2808468341827393,6750
2001-12-26,2.266666889190674,2.266666889190674,2.266666889190674,2.266666889190674,1.3064640760421753,338
2001-12-27,2.269629955291748,2.269629955291748,2.269629955291748,2.269629955291748,1.3150485754013062,1013
2001-12-28,2.266666889190674,2.266666889190674,2.266666889190674,2.266666889190674,1.3133313655853271,1350
2001-12-31,2.266666889190674,2.266666889190674,2.266666889190674,2.266666889190674,1.3133313655853271,2700
2002-01-02,2.266666889190674,2.266666889190674,2.266666889190674,2.266666889190674,1.3133313655853271,0
2002-01-03,2.266666889190674,2.266666889190674,2.266666889190674,2.266666889190674,1.3133313655853271,0
2002-01-04,2.254815101623535,2.4829630851745605,2.251852035522461,2.4829630851745605,1.438655972480774,15525
2002-01-07,2.3585190773010254,2.462222099304199,2.3585190773010254,2.444443941116333,1.4163379669189453,1350
2002-01-08,2.509629964828491,2.509629964828491,2.509629964828491,2.509629964828491,1.4541069269180298,6750
2002-01-09,2.5125930309295654,2.5125930309295654,2.459259033203125,2.459259033203125,1.4249212741851807,1013
2002-01-10,2.459259033203125,2.459259033203125,2.459259033203125,2.459259033203125,1.4249212741851807,338
2002-01-11,2.459259033203125,2.459259033203125,2.459259033203125,2.459259033203125,1.4249212741851807,0
2002-01-14,2.459259033203125,2.459259033203125,2.459259033203125,2.459259033203125,1.4249212741851807,0
2002-01-15,2.459259033203125,2.459259033203125,2.459259033203125,2.459259033203125,1.4249212741851807,0
2002-01-16,2.459259033203125,2.459259033203125,2.459259033203125,2.459259033203125,1.4249212741851807,7088
2002-01-17,2.459259033203125,2.474073886871338,2.459259033203125,2.459259033203125,1.4249212741851807,69525
2002-01-18,2.459259033203125,2.459259033203125,2.459259033203125,2.459259033203125,1.4249212741851807,0
2002-01-22,2.459259033203125,2.474073886871338,2.3703699111938477,2.4000000953674316,1.3905866146087646,25988
2002-01-23,2.4000000953674316,2.4000000953674316,2.4000000953674316,2.4000000953674316,1.3905866146087646,0
2002-01-24,2.3851850032806396,2.3851850032806396,2.3851850032806396,2.3851850032806396,1.3820021152496338,4388
2002-01-25,2.3851850032806396,2.3851850032806396,2.3851850032806396,2.3851850032806396,1.3820021152496338,1013
2002-01-28,2.3851850032806396,2.4148149490356445,2.3851850032806396,2.4148149490356445,1.3991695642471313,7088
2002-01-29,2.3703699111938477,2.3851850032806396,2.3703699111938477,2.3851850032806396,1.3820021152496338,4050
2002-01-30,2.3851850032806396,2.3851850032806396,2.3851850032806396,2.3851850032806396,1.3820021152496338,0
2002-01-31,2.3851850032806396,2.3851850032806396,2.3851850032806396,2.3851850032806396,1.3820021152496338,0
2002-02-01,2.3851850032806396,2.3851850032806396,2.3851850032806396,2.3851850032806396,1.3820021152496338,8438
2002-02-04,2.3851850032806396,2.3851850032806396,2.3851850032806396,2.3851850032806396,1.3820021152496338,0
2002-02-05,2.3851850032806396,2.3851850032806396,2.3851850032806396,2.3851850032806396,1.3820021152496338,0
2002-02-06,2.3851850032806396,2.3851850032806396,2.3851850032806396,2.3851850032806396,1.3820021152496338,0
2002-02-07,2.3851850032806396,2.3851850032806396,2.3851850032806396,2.3851850032806396,1.3820021152496338,0
2002-02-08,2.3851850032806396,2.3851850032806396,2.3851850032806396,2.3851850032806396,1.3820021152496338,0
2002-02-11,2.3703699111938477,2.3703699111938477,2.340740919113159,2.340740919113159,1.3562508821487427,9450
2002-02-12,2.3259260654449463,2.3259260654449463,2.3259260654449463,2.3259260654449463,1.3476667404174805,6075
2002-02-13,2.3259260654449463,2.3259260654449463,2.3259260654449463,2.3259260654449463,1.3476667404174805,0
2002-02-14,2.3259260654449463,2.340740919113159,2.3111109733581543,2.3111109733581543,1.339082956314087,37125
2002-02-15,2.240000009536743,2.240000009536743,2.240000009536743,2.240000009536743,1.2978801727294922,338
2002-02-19,2.240000009536743,2.240000009536743,2.240000009536743,2.240000009536743,1.2978801727294922,338
2002-02-20,2.251852035522461,2.251852035522461,2.251852035522461,2.251852035522461,1.3047468662261963,1688
2002-02-21,2.251852035522461,2.251852035522461,2.251852035522461,2.251852035522461,1.3047468662261963,0
2002-02-22,2.251852035522461,2.251852035522461,2.251852035522461,2.251852035522461,1.3047468662261963,0
2002-02-25,2.266666889190674,2.266666889190674,2.266666889190674,2.266666889190674,1.3133313655853271,10125
2002-02-26,2.251852035522461,2.251852035522461,2.251852035522461,2.251852035522461,1.3047468662261963,36450
2002-02-27,2.251852035522461,2.251852035522461,2.251852035522461,2.251852035522461,1.3047468662261963,0
2002-02-28,2.251852035522461,2.251852035522461,2.251852035522461,2.251852035522461,1.3047468662261963,0
2002-03-01,2.251852035522461,2.251852035522461,2.251852035522461,2.251852035522461,1.3047468662261963,0
2002-03-04,2.2637040615081787,2.2637040615081787,2.2637040615081787,2.2637040615081787,1.3116142749786377,1688
2002-03-05,2.293333053588867,2.2962958812713623,2.293333053588867,2.2962958812713623,1.3304989337921143,6075
2002-03-06,2.2962958812713623,2.3318519592285156,2.2962958812713623,2.3318519592285156,1.3511000871658325,3713
2002-03-07,2.3318519592285156,2.3318519592285156,2.3318519592285156,2.3318519592285156,1.3511000871658325,0
2002-03-08,2.3318519592285156,2.3318519592285156,2.3318519592285156,2.3318519592285156,1.3511000871658325,0
2002-03-11,2.266666889190674,2.266666889190674,2.266666889190674,2.266666889190674,1.3133313655853271,338
2002-03-12,2.266666889190674,2.266666889190674,2.266666889190674,2.266666889190674,1.3133313655853271,0
2002-03-13,2.266666889190674,2.266666889190674,2.266666889190674,2.266666889190674,1.3133313655853271,0
2002-03-14,2.3437039852142334,2.3437039852142334,2.3437039852142334,2.3437039852142334,1.3579670190811157,338
2002-03-15,2.352592945098877,2.352592945098877,2.352592945098877,2.352592945098877,1.3631168603897095,338
2002-03-18,2.388148069381714,2.388148069381714,2.388148069381714,2.388148069381714,1.3837190866470337,338
2002-03-19,2.3585190773010254,2.3585190773010254,2.3585190773010254,2.3585190773010254,1.3665521144866943,5738
2002-03-20,2.361480951309204,2.361480951309204,2.361480951309204,2.361480951309204,1.3682674169540405,338
2002-03-21,2.394073963165283,2.405925989151001,2.355556011199951,2.355556011199951,1.3648349046707153,3038
2002-03-22,2.3585190773010254,2.420741081237793,2.3585190773010254,2.420741081237793,1.4026048183441162,20588
2002-03-25,2.420741081237793,2.420741081237793,2.420741081237793,2.420741081237793,1.4026048183441162,0
2002-03-26,2.3585190773010254,2.3585190773010254,2.1925930976867676,2.355556011199951,1.37155020236969,139050
2002-03-27,2.355556011199951,2.355556011199951,2.355556011199951,2.355556011199951,1.37155020236969,338
2002-03-28,2.3703699111938477,2.3703699111938477,2.3703699111938477,2.3703699111938477,1.3801753520965576,67500
2002-04-01,2.3703699111938477,2.3703699111938477,2.3703699111938477,2.3703699111938477,1.3801753520965576,0
2002-04-02,2.388148069381714,2.388148069381714,2.388148069381714,2.388148069381714,1.390527367591858,338
2002-04-03,2.388148069381714,2.388148069381714,2.388148069381714,2.388148069381714,1.390527367591858,0
2002-04-04,2.388148069381714,2.388148069381714,2.388148069381714,2.388148069381714,1.390527367591858,0
2002-04-05,2.3851850032806396,2.3851850032806396,2.3851850032806396,2.3851850032806396,1.3888015747070312,1350
2002-04-08,2.3851850032806396,2.3851850032806396,2.3851850032806396,2.3851850032806396,1.3888015747070312,0
2002-04-09,2.3851850032806396,2.3851850032806396,2.3851850032806396,2.3851850032806396,1.3888015747070312,0
2002-04-10,2.388148069381714,2.4029629230499268,2.388148069381714,2.4029629230499268,1.3991531133651733,1013
2002-04-11,2.4148149490356445,2.4148149490356445,2.4148149490356445,2.4148149490356445,1.4060535430908203,16875
2002-04-12,2.4177780151367188,2.4177780151367188,2.4177780151367188,2.4177780151367188,1.4077790975570679,2025
2002-04-15,2.4177780151367188,2.4177780151367188,2.4177780151367188,2.4177780151367188,1.4077790975570679,0
2002-04-16,2.4000000953674316,2.4000000953674316,2.4000000953674316,2.4000000953674316,1.3974283933639526,338
2002-04-17,2.4000000953674316,2.4000000953674316,2.4000000953674316,2.4000000953674316,1.3974283933639526,0
2002-04-18,2.4000000953674316,2.4000000953674316,2.4000000953674316,2.4000000953674316,1.3974283933639526,0
2002-04-19,2.4000000953674316,2.4000000953674316,2.4000000953674316,2.4000000953674316,1.3974283933639526,2025
2002-04-22,2.4000000953674316,2.4000000953674316,2.4000000953674316,2.4000000953674316,1.3974283933639526,0
2002-04-23,2.4148149490356445,2.4296300411224365,2.4148149490356445,2.4296300411224365,1.4146801233291626,9113
2002-04-24,2.3851850032806396,2.444443941116333,2.3851850032806396,2.4296300411224365,1.4146801233291626,5738
2002-04-25,2.4325931072235107,2.4325931072235107,2.4296300411224365,2.4296300411224365,1.4146801233291626,3713
2002-04-26,2.4296300411224365,2.444443941116333,2.4296300411224365,2.444443941116333,1.4233063459396362,5738
2002-04-29,2.444443941116333,2.444443941116333,2.444443941116333,2.444443941116333,1.4233063459396362,0
2002-04-30,2.444443941116333,2.444443941116333,2.444443941116333,2.444443941116333,1.4233063459396362,0
2002-05-01,2.444443941116333,2.444443941116333,2.444443941116333,2.444443941116333,1.4233063459396362,0
2002-05-02,2.444443941116333,2.444443941116333,2.355556011199951,2.3851850032806396,1.3888015747070312,22275
2002-05-03,2.3851850032806396,2.3851850032806396,2.3851850032806396,2.3851850032806396,1.3888015747070312,0
2002-05-06,2.459259033203125,2.459259033203125,2.3851850032806396,2.4000000953674316,1.3974283933639526,116100
2002-05-07,2.3851850032806396,2.4000000953674316,2.3851850032806396,2.4000000953674316,1.3974283933639526,13500
2002-05-08,2.444443941116333,2.459259033203125,2.3851850032806396,2.3851850032806396,1.3888015747070312,7425
2002-05-09,2.441481113433838,2.441481113433838,2.394073963165283,2.394073963165283,1.3939772844314575,2700
2002-05-10,2.444443941116333,2.5214810371398926,2.444443941116333,2.5214810371398926,1.468161702156067,74925
2002-05-13,2.5481479167938232,2.5629630088806152,2.5481479167938232,2.5629630088806152,1.4923155307769775,2025
2002-05-14,2.5629630088806152,2.5629630088806152,2.5629630088806152,2.5629630088806152,1.4923155307769775,0
2002-05-15,2.5777781009674072,2.5777781009674072,2.5777781009674072,2.5777781009674072,1.5009416341781616,675
2002-05-16,2.5333330631256104,2.5333330631256104,2.4503700733184814,2.4503700733184814,1.4267563819885254,6413
2002-05-17,2.4503700733184814,2.4503700733184814,2.4503700733184814,2.4503700733184814,1.4267563819885254,0
2002-05-20,2.5185189247131348,2.5185189247131348,2.3851850032806396,2.4000000953674316,1.3974283933639526,64800
2002-05-21,2.3851850032806396,2.4000000953674316,2.3703699111938477,2.4000000953674316,1.3974283933639526,184613
2002-05-22,2.4000000953674316,2.4000000953674316,2.4000000953674316,2.4000000953674316,1.3974283933639526,0
2002-05-23,2.3851850032806396,2.3851850032806396,2.3851850032806396,2.3851850032806396,1.3888015747070312,1688
2002-05-24,2.3851850032806396,2.3851850032806396,2.3851850032806396,2.3851850032806396,1.3888015747070312,0
2002-05-28,2.3851850032806396,2.3851850032806396,2.3851850032806396,2.3851850032806396,1.3888015747070312,0
2002-05-29,2.3851850032806396,2.3851850032806396,2.3851850032806396,2.3851850032806396,1.3888015747070312,0
2002-05-30,2.4266669750213623,2.4266669750213623,2.4266669750213623,2.4266669750213623,1.412954568862915,5738
2002-05-31,2.3851850032806396,2.3851850032806396,2.3851850032806396,2.3851850032806396,1.3888015747070312,1688
2002-06-03,2.3851850032806396,2.3851850032806396,2.3851850032806396,2.3851850032806396,1.3888015747070312,0
2002-06-04,2.3851850032806396,2.3851850032806396,2.3851850032806396,2.3851850032806396,1.3888015747070312,3375
2002-06-05,2.3851850032806396,2.3851850032806396,2.3851850032806396,2.3851850032806396,1.3888015747070312,15863
2002-06-06,2.3851850032806396,2.4000000953674316,2.3851850032806396,2.4000000953674316,1.3974283933639526,16875
2002-06-07,2.3851850032806396,2.3851850032806396,2.3851850032806396,2.3851850032806396,1.3888015747070312,1688
2002-06-10,2.3851850032806396,2.3851850032806396,2.3851850032806396,2.3851850032806396,1.3888015747070312,0
2002-06-11,2.3851850032806396,2.3851850032806396,2.3851850032806396,2.3851850032806396,1.3888015747070312,0
2002-06-12,2.3851850032806396,2.3851850032806396,2.3851850032806396,2.3851850032806396,1.3888015747070312,675
2002-06-13,2.3851850032806396,2.5481479167938232,2.3851850032806396,2.3851850032806396,1.3888015747070312,16200
2002-06-14,2.3851850032806396,2.3851850032806396,2.3851850032806396,2.3851850032806396,1.3888015747070312,0
2002-06-17,2.3851850032806396,2.3851850032806396,2.3851850032806396,2.3851850032806396,1.3888015747070312,0
2002-06-18,2.3851850032806396,2.3851850032806396,2.3851850032806396,2.3851850032806396,1.3888015747070312,0
2002-06-19,2.4148149490356445,2.4148149490356445,2.4000000953674316,2.4000000953674316,1.3974283933639526,71888
2002-06-20,2.4000000953674316,2.4000000953674316,2.4000000953674316,2.4000000953674316,1.3974283933639526,0
2002-06-21,2.4000000953674316,2.4000000953674316,2.3970370292663574,2.3970370292663574,1.3957029581069946,17550
2002-06-24,2.3851850032806396,2.3851850032806396,2.3851850032806396,2.3851850032806396,1.3888015747070312,1013
2002-06-25,2.3851850032806396,2.3851850032806396,2.3851850032806396,2.3851850032806396,1.3888015747070312,0
2002-06-26,2.373332977294922,2.373332977294922,2.373332977294922,2.373332977294922,1.3888012170791626,0
2002-06-27,2.388148069381714,2.4148149490356445,2.388148069381714,2.4148149490356445,1.4130750894546509,84713
2002-06-28,2.388148069381714,2.388148069381714,2.388148069381714,2.388148069381714,1.3974710702896118,338
2002-07-01,2.444443941116333,2.444443941116333,2.4148149490356445,2.444443941116333,1.4304141998291016,2363
2002-07-02,2.3851850032806396,2.3851850032806396,2.3851850032806396,2.3851850032806396,1.3957370519638062,5400
2002-07-03,2.3851850032806396,2.4029629230499268,2.3851850032806396,2.4029629230499268,1.4061403274536133,1688
2002-07-05,2.4029629230499268,2.4029629230499268,2.4029629230499268,2.4029629230499268,1.4061403274536133,0
2002-07-08,2.4000000953674316,2.4000000953674316,2.4000000953674316,2.4000000953674316,1.404407024383545,1688
2002-07-09,2.4148149490356445,2.5481479167938232,2.4148149490356445,2.5481479167938232,1.491098165512085,500513
2002-07-10,2.5481479167938232,2.5481479167938232,2.5481479167938232,2.5481479167938232,1.491098165512085,0
2002-07-11,2.4296300411224365,2.545185089111328,2.3851850032806396,2.3851850032806396,1.3957370519638062,1350
2002-07-12,2.3851850032806396,2.3851850032806396,2.3851850032806396,2.3851850032806396,1.3957370519638062,0
2002-07-15,2.3851850032806396,2.3851850032806396,2.3851850032806396,2.3851850032806396,1.3957370519638062,0
2002-07-16,2.3851850032806396,2.3851850032806396,2.3851850032806396,2.3851850032806396,1.3957370519638062,675
2002-07-17,2.3851850032806396,2.3851850032806396,2.3851850032806396,2.3851850032806396,1.3957370519638062,0
2002-07-18,2.3851850032806396,2.3851850032806396,2.3851850032806396,2.3851850032806396,1.3957370519638062,0
2002-07-19,2.4325931072235107,2.4325931072235107,2.4000000953674316,2.4000000953674316,1.404407024383545,1350
2002-07-22,2.4029629230499268,2.4029629230499268,2.4029629230499268,2.4029629230499268,1.4061403274536133,22950
2002-07-23,2.4029629230499268,2.4029629230499268,2.4029629230499268,2.4029629230499268,1.4061403274536133,675
2002-07-24,2.4029629230499268,2.4266669750213623,2.4029629230499268,2.405925989151001,1.4078739881515503,5738
2002-07-25,2.405925989151001,2.405925989151001,2.405925989151001,2.405925989151001,1.4078739881515503,0
2002-07-26,2.4029629230499268,2.4148149490356445,2.4029629230499268,2.4148149490356445,1.4130750894546509,36113
2002-07-29,2.4148149490356445,2.4148149490356445,2.4148149490356445,2.4148149490356445,1.4130750894546509,0
2002-07-30,2.4148149490356445,2.4148149490356445,2.4148149490356445,2.4148149490356445,1.4130750894546509,0
2002-07-31,2.4148149490356445,2.4148149490356445,2.4148149490356445,2.4148149490356445,1.4130750894546509,0
2002-08-01,2.4148149490356445,2.4148149490356445,2.4148149490356445,2.4148149490356445,1.4130750894546509,0
2002-08-02,2.4029629230499268,2.4029629230499268,2.4029629230499268,2.4029629230499268,1.4061403274536133,675
2002-08-05,2.4177780151367188,2.4177780151367188,2.4177780151367188,2.4177780151367188,1.414809226989746,338
2002-08-06,2.491852045059204,2.491852045059204,2.491852045059204,2.491852045059204,1.4581547975540161,338
2002-08-07,2.491852045059204,2.5333330631256104,2.491852045059204,2.506666898727417,1.4668244123458862,4050
2002-08-08,2.506666898727417,2.506666898727417,2.506666898727417,2.506666898727417,1.4668244123458862,0
2002-08-09,2.5333330631256104,2.5333330631256104,2.506666898727417,2.506666898727417,1.4668244123458862,2025
2002-08-12,2.3703699111938477,2.444443941116333,2.3703699111938477,2.4266669750213623,1.420011043548584,2025
2002-08-13,2.4711110591888428,2.4711110591888428,2.4711110591888428,2.4711110591888428,1.4460179805755615,338
2002-08-14,2.4711110591888428,2.4711110591888428,2.4711110591888428,2.4711110591888428,1.4460179805755615,0
2002-08-15,2.4681479930877686,2.4681479930877686,2.4533329010009766,2.4533329010009766,1.4356155395507812,4388
2002-08-16,2.423703908920288,2.4681479930877686,2.4148149490356445,2.4148149490356445,1.4130750894546509,6075
2002-08-19,2.4148149490356445,2.4148149490356445,2.4148149490356445,2.4148149490356445,1.4130750894546509,0
2002-08-20,2.4651849269866943,2.4681479930877686,2.4651849269866943,2.4681479930877686,1.4442843198776245,1350
2002-08-21,2.4681479930877686,2.4681479930877686,2.4681479930877686,2.4681479930877686,1.4442843198776245,0
2002-08-22,2.4681479930877686,2.4681479930877686,2.4681479930877686,2.4681479930877686,1.4442843198776245,0
2002-08-23,2.4681479930877686,2.4681479930877686,2.4681479930877686,2.4681479930877686,1.4442843198776245,0
2002-08-26,2.4681479930877686,2.4681479930877686,2.4681479930877686,2.4681479930877686,1.4442843198776245,0
2002-08-27,2.4177780151367188,2.4177780151367188,2.4177780151367188,2.4177780151367188,1.414809226989746,1688
2002-08-28,2.4177780151367188,2.4177780151367188,2.4177780151367188,2.4177780151367188,1.414809226989746,338
2002-08-29,2.4177780151367188,2.4177780151367188,2.4177780151367188,2.4177780151367188,1.414809226989746,0
2002-08-30,2.4148149490356445,2.4148149490356445,2.4148149490356445,2.4148149490356445,1.4130750894546509,675
2002-09-03,2.4148149490356445,2.4148149490356445,2.4148149490356445,2.4148149490356445,1.4130750894546509,2025
2002-09-04,2.4148149490356445,2.4148149490356445,2.4148149490356445,2.4148149490356445,1.4130750894546509,0
2002-09-05,2.4148149490356445,2.4148149490356445,2.4148149490356445,2.4148149490356445,1.4130750894546509,338
2002-09-06,2.4148149490356445,2.4148149490356445,2.4148149490356445,2.4148149490356445,1.4130750894546509,6750
2002-09-09,2.4148149490356445,2.4148149490356445,2.4148149490356445,2.4148149490356445,1.4130750894546509,0
2002-09-10,2.4148149490356445,2.4148149490356445,2.4148149490356445,2.4148149490356445,1.4130750894546509,0
2002-09-11,2.4148149490356445,2.4148149490356445,2.4148149490356445,2.4148149490356445,1.4130750894546509,1013
2002-09-12,2.4148149490356445,2.4148149490356445,2.4148149490356445,2.4148149490356445,1.4130750894546509,0
2002-09-13,2.4148149490356445,2.4148149490356445,2.4148149490356445,2.4148149490356445,1.4130750894546509,0
2002-09-16,2.4148149490356445,2.4266669750213623,2.4148149490356445,2.4148149490356445,1.4130750894546509,35100
2002-09-17,2.4148149490356445,2.4148149490356445,2.4148149490356445,2.4148149490356445,1.4130750894546509,0
2002-09-18,2.4148149490356445,2.4148149490356445,2.4148149490356445,2.4148149490356445,1.4130750894546509,1688
2002-09-19,2.4148149490356445,2.4266669750213623,2.4148149490356445,2.4266669750213623,1.420011043548584,2363
2002-09-20,2.4266669750213623,2.4266669750213623,2.4266669750213623,2.4266669750213623,1.420011043548584,0
2002-09-23,2.4148149490356445,2.4148149490356445,2.4148149490356445,2.4148149490356445,1.4130750894546509,675
2002-09-24,2.4148149490356445,2.4148149490356445,2.4148149490356445,2.4148149490356445,1.4130750894546509,0
2002-09-25,2.4148149490356445,2.4148149490356445,2.4148149490356445,2.4148149490356445,1.4130750894546509,0
2002-09-26,2.4148149490356445,2.4148149490356445,2.4148149490356445,2.4148149490356445,1.4200447797775269,338
2002-09-27,2.4148149490356445,2.4148149490356445,2.4148149490356445,2.4148149490356445,1.4200447797775269,1350
2002-09-30,2.4148149490356445,2.4148149490356445,2.4148149490356445,2.4148149490356445,1.4200447797775269,0
2002-10-01,2.4148149490356445,2.4148149490356445,2.4148149490356445,2.4148149490356445,1.4200447797775269,1013
2002-10-02,2.4148149490356445,2.4148149490356445,2.4148149490356445,2.4148149490356445,1.4200447797775269,0
2002-10-03,2.4148149490356445,2.4148149490356445,2.4148149490356445,2.4148149490356445,1.4200447797775269,338
2002-10-04,2.4148149490356445,2.4148149490356445,2.4148149490356445,2.4148149490356445,1.4200447797775269,6075
2002-10-07,2.4148149490356445,2.4148149490356445,2.4148149490356445,2.4148149490356445,1.4200447797775269,338
2002-10-08,2.4148149490356445,2.4148149490356445,2.3585190773010254,2.4000000953674316,1.411333680152893,46238
2002-10-09,2.4000000953674316,2.4000000953674316,2.4000000953674316,2.4000000953674316,1.411333680152893,6075
2002-10-10,2.4000000953674316,2.4000000953674316,2.4000000953674316,2.4000000953674316,1.411333680152893,1350
2002-10-11,2.4000000953674316,2.4177780151367188,2.4000000953674316,2.4148149490356445,1.4200447797775269,19913
2002-10-14,2.4148149490356445,2.4266669750213623,2.4148149490356445,2.4266669750213623,1.4270145893096924,3713
2002-10-15,2.4148149490356445,2.4177780151367188,2.4148149490356445,2.4148149490356445,1.4200447797775269,4388
2002-10-16,2.4296300411224365,2.5007410049438477,2.4266669750213623,2.5007410049438477,1.4705742597579956,4388
2002-10-17,2.5007410049438477,2.503704071044922,2.5007410049438477,2.503704071044922,1.4723167419433594,2025
2002-10-18,2.503704071044922,2.503704071044922,2.503704071044922,2.503704071044922,1.4723167419433594,0
2002-10-21,2.503704071044922,2.503704071044922,2.503704071044922,2.503704071044922,1.4723167419433594,0
2002-10-22,2.4148149490356445,2.4148149490356445,2.4148149490356445,2.4148149490356445,1.4200447797775269,338
2002-10-23,2.4148149490356445,2.4148149490356445,2.4148149490356445,2.4148149490356445,1.4200447797775269,675
2002-10-24,2.4148149490356445,2.4148149490356445,2.4148149490356445,2.4148149490356445,1.4200447797775269,0
2002-10-25,2.4177780151367188,2.4177780151367188,2.4177780151367188,2.4177780151367188,1.4217875003814697,1013
2002-10-28,2.4148149490356445,2.4177780151367188,2.4148149490356445,2.4177780151367188,1.4217875003814697,2700
2002-10-29,2.4177780151367188,2.4177780151367188,2.4148149490356445,2.4148149490356445,1.4200447797775269,3713
2002-10-30,2.4148149490356445,2.4148149490356445,2.4148149490356445,2.4148149490356445,1.4200447797775269,0
2002-10-31,2.4148149490356445,2.4148149490356445,2.4148149490356445,2.4148149490356445,1.4200447797775269,2025
2002-11-01,2.4148149490356445,2.4148149490356445,2.4148149490356445,2.4148149490356445,1.4200447797775269,0
2002-11-04,2.4177780151367188,2.4177780151367188,2.4177780151367188,2.4177780151367188,1.4217875003814697,2025
2002-11-05,2.4177780151367188,2.4177780151367188,2.4177780151367188,2.4177780151367188,1.4217875003814697,0
2002-11-06,2.4177780151367188,2.4177780151367188,2.4177780151367188,2.4177780151367188,1.4217875003814697,0
2002-11-07,2.4177780151367188,2.4177780151367188,2.4177780151367188,2.4177780151367188,1.4217875003814697,0
2002-11-08,2.4177780151367188,2.4177780151367188,2.4177780151367188,2.4177780151367188,1.4217875003814697,0
2002-11-11,2.4177780151367188,2.4177780151367188,2.4148149490356445,2.4148149490356445,1.4200447797775269,112050
2002-11-12,2.355556011199951,2.355556011199951,2.355556011199951,2.355556011199951,1.3851979970932007,338
2002-11-13,2.355556011199951,2.355556011199951,2.355556011199951,2.355556011199951,1.3851979970932007,0
2002-11-14,2.355556011199951,2.355556011199951,2.355556011199951,2.355556011199951,1.3851979970932007,0
2002-11-15,2.355556011199951,2.355556011199951,2.2281479835510254,2.266666889190674,1.3329261541366577,2363
2002-11-18,2.266666889190674,2.266666889190674,2.266666889190674,2.266666889190674,1.3329261541366577,0
2002-11-19,2.3259260654449463,2.3703699111938477,2.3259260654449463,2.3703699111938477,1.393908977508545,16200
2002-11-20,2.3703699111938477,2.3703699111938477,2.3703699111938477,2.3703699111938477,1.393908977508545,0
2002-11-21,2.3674070835113525,2.3674070835113525,2.3674070835113525,2.3674070835113525,1.3921669721603394,3375
2002-11-22,2.3703699111938477,2.3703699111938477,2.3703699111938477,2.3703699111938477,1.393908977508545,6750
2002-11-25,2.3703699111938477,2.3703699111938477,2.3703699111938477,2.3703699111938477,1.393908977508545,1688
2002-11-26,2.3703699111938477,2.3703699111938477,2.3703699111938477,2.3703699111938477,1.393908977508545,0
2002-11-27,2.376296043395996,2.376296043395996,2.3703699111938477,2.3703699111938477,1.393908977508545,24638
2002-11-29,2.4000000953674316,2.4000000953674316,2.3792591094970703,2.3792591094970703,1.3991371393203735,22275
2002-12-02,2.4029629230499268,2.4029629230499268,2.4029629230499268,2.4029629230499268,1.4130756855010986,338
2002-12-03,2.4029629230499268,2.4029629230499268,2.4029629230499268,2.4029629230499268,1.4130756855010986,0
2002-12-04,2.3851850032806396,2.3851850032806396,2.3851850032806396,2.3851850032806396,1.4026211500167847,1013
2002-12-05,2.4000000953674316,2.4000000953674316,2.4000000953674316,2.4000000953674316,1.411333680152893,1013
2002-12-06,2.4000000953674316,2.4000000953674316,2.4000000953674316,2.4000000953674316,1.411333680152893,0
2002-12-09,2.388148069381714,2.4029629230499268,2.3851850032806396,2.4029629230499268,1.4130756855010986,6075
2002-12-10,2.408889055252075,2.4148149490356445,2.408889055252075,2.4148149490356445,1.4200447797775269,6750
2002-12-11,2.4148149490356445,2.4148149490356445,2.4148149490356445,2.4148149490356445,1.4200447797775269,5400
2002-12-12,2.4177780151367188,2.4177780151367188,2.4177780151367188,2.4177780151367188,1.4217875003814697,13163
2002-12-13,2.441481113433838,2.441481113433838,2.441481113433838,2.441481113433838,1.4357267618179321,675
2002-12-16,2.4177780151367188,2.4177780151367188,2.4148149490356445,2.4148149490356445,1.4200447797775269,6075
2002-12-17,2.441481113433838,2.441481113433838,2.441481113433838,2.441481113433838,1.4357267618179321,338
2002-12-18,2.441481113433838,2.441481113433838,2.441481113433838,2.441481113433838,1.4357267618179321,0
2002-12-19,2.4177780151367188,2.4177780151367188,2.4148149490356445,2.4148149490356445,1.4200447797775269,4725
2002-12-20,2.420741081237793,2.420741081237793,2.4148149490356445,2.4148149490356445,1.4200447797775269,67500
2002-12-23,2.4148149490356445,2.4177780151367188,2.4148149490356445,2.4148149490356445,1.4200447797775269,8100
2002-12-24,2.4148149490356445,2.4148149490356445,2.4148149490356445,2.4148149490356445,1.4200447797775269,0
2002-12-26,2.4148149490356445,2.4148149490356445,2.4148149490356445,2.4148149490356445,1.4200447797775269,20250
2002-12-27,2.4148149490356445,2.4148149490356445,2.4148149490356445,2.4148149490356445,1.427048683166504,675
2002-12-30,2.4148149490356445,2.4148149490356445,2.4148149490356445,2.4148149490356445,1.427048683166504,4388
2002-12-31,2.3970370292663574,2.3970370292663574,2.3703699111938477,2.3703699111938477,1.4007844924926758,5063
2003-01-02,2.3585190773010254,2.3585190773010254,2.3585190773010254,2.3585190773010254,1.3937805891036987,338
2003-01-03,2.3585190773010254,2.3585190773010254,2.3585190773010254,2.3585190773010254,1.3937805891036987,0
2003-01-06,2.361480951309204,2.361480951309204,2.361480951309204,2.361480951309204,1.3955308198928833,675
2003-01-07,2.444443941116333,2.444443941116333,2.444443941116333,2.444443941116333,1.44455885887146,338
2003-01-08,2.444443941116333,2.444443941116333,2.444443941116333,2.444443941116333,1.44455885887146,0
2003-01-09,2.4148149490356445,2.4148149490356445,2.4148149490356445,2.4148149490356445,1.427048683166504,7763
2003-01-10,2.4148149490356445,2.4148149490356445,2.4148149490356445,2.4148149490356445,1.427048683166504,0
2003-01-13,2.4148149490356445,2.4148149490356445,2.4148149490356445,2.4148149490356445,1.427048683166504,1350
2003-01-14,2.4148149490356445,2.4148149490356445,2.4148149490356445,2.4148149490356445,1.427048683166504,338
2003-01-15,2.444443941116333,2.444443941116333,2.444443941116333,2.444443941116333,1.44455885887146,338
2003-01-16,2.4148149490356445,2.4148149490356445,2.4148149490356445,2.4148149490356445,1.427048683166504,338
2003-01-17,2.4148149490356445,2.4148149490356445,2.4148149490356445,2.4148149490356445,1.427048683166504,12825
2003-01-21,2.4148149490356445,2.4148149490356445,2.4148149490356445,2.4148149490356445,1.427048683166504,0
2003-01-22,2.4148149490356445,2.4148149490356445,2.4148149490356445,2.4148149490356445,1.427048683166504,1688
2003-01-23,2.4266669750213623,2.4266669750213623,2.4266669750213623,2.4266669750213623,1.434052586555481,675
2003-01-24,2.4266669750213623,2.4266669750213623,2.4266669750213623,2.4266669750213623,1.434052586555481,0
2003-01-27,2.4266669750213623,2.4266669750213623,2.4266669750213623,2.4266669750213623,1.434052586555481,0
2003-01-28,2.4266669750213623,2.4266669750213623,2.4266669750213623,2.4266669750213623,1.434052586555481,0
2003-01-29,2.4266669750213623,2.4266669750213623,2.4266669750213623,2.4266669750213623,1.434052586555481,0
2003-01-30,2.4266669750213623,2.4266669750213623,2.4266669750213623,2.4266669750213623,1.434052586555481,0
2003-01-31,2.4148149490356445,2.4148149490356445,2.4148149490356445,2.4148149490356445,1.427048683166504,11813
2003-02-03,2.4177780151367188,2.4177780151367188,2.4148149490356445,2.4148149490356445,1.427048683166504,2700
2003-02-04,2.4148149490356445,2.4148149490356445,2.4148149490356445,2.4148149490356445,1.427048683166504,5063
2003-02-05,2.4177780151367188,2.4177780151367188,2.4177780151367188,2.4177780151367188,1.4288007020950317,675
2003-02-06,2.4148149490356445,2.4148149490356445,2.4148149490356445,2.4148149490356445,1.427048683166504,2363
2003-02-07,2.4148149490356445,2.4148149490356445,2.4148149490356445,2.4148149490356445,1.427048683166504,0
2003-02-10,2.4296300411224365,2.4296300411224365,2.4148149490356445,2.4148149490356445,1.427048683166504,3713
2003-02-11,2.4148149490356445,2.4148149490356445,2.4148149490356445,2.4148149490356445,1.427048683166504,0
2003-02-12,2.4148149490356445,2.4148149490356445,2.4148149490356445,2.4148149490356445,1.427048683166504,0
2003-02-13,2.4148149490356445,2.4148149490356445,2.4148149490356445,2.4148149490356445,1.427048683166504,12488
2003-02-14,2.4177780151367188,2.4177780151367188,2.4148149490356445,2.4148149490356445,1.427048683166504,1013
2003-02-18,2.4148149490356445,2.4148149490356445,2.4148149490356445,2.4148149490356445,1.427048683166504,0
2003-02-19,2.4266669750213623,2.4266669750213623,2.4266669750213623,2.4266669750213623,1.434052586555481,675
2003-02-20,2.4148149490356445,2.4148149490356445,2.4148149490356445,2.4148149490356445,1.427048683166504,6750
2003-02-21,2.4148149490356445,2.4148149490356445,2.4148149490356445,2.4148149490356445,1.427048683166504,8438
2003-02-24,2.4148149490356445,2.4148149490356445,2.4148149490356445,2.4148149490356445,1.427048683166504,0
2003-02-25,2.4148149490356445,2.4148149490356445,2.4148149490356445,2.4148149490356445,1.427048683166504,0
2003-02-26,2.4148149490356445,2.4148149490356445,2.4148149490356445,2.4148149490356445,1.427048683166504,16875
2003-02-27,2.420741081237793,2.420741081237793,2.4148149490356445,2.4148149490356445,1.427048683166504,1688
2003-02-28,2.4148149490356445,2.4148149490356445,2.4148149490356445,2.4148149490356445,1.427048683166504,1013
2003-03-03,2.4148149490356445,2.4148149490356445,2.4148149490356445,2.4148149490356445,1.427048683166504,0
2003-03-04,2.4148149490356445,2.4148149490356445,2.4148149490356445,2.4148149490356445,1.427048683166504,0
2003-03-05,2.4148149490356445,2.4148149490356445,2.4148149490356445,2.4148149490356445,1.427048683166504,1013
2003-03-06,2.423703908920288,2.423703908920288,2.420741081237793,2.423703908920288,1.4323022365570068,3713
2003-03-07,2.423703908920288,2.423703908920288,2.423703908920288,2.423703908920288,1.4323022365570068,0
2003-03-10,2.4177780151367188,2.4177780151367188,2.4177780151367188,2.4177780151367188,1.4288007020950317,1688
2003-03-11,2.420741081237793,2.444443941116333,2.420741081237793,2.444443941116333,1.44455885887146,2700
2003-03-12,2.444443941116333,2.444443941116333,2.444443941116333,2.444443941116333,1.44455885887146,0
2003-03-13,2.444443941116333,2.444443941116333,2.444443941116333,2.444443941116333,1.44455885887146,19575
2003-03-14,2.444443941116333,2.444443941116333,2.444443941116333,2.444443941116333,1.44455885887146,0
2003-03-17,2.444443941116333,2.444443941116333,2.444443941116333,2.444443941116333,1.44455885887146,0
2003-03-18,2.423703908920288,2.435555934906006,2.423703908920288,2.423703908920288,1.4323022365570068,24638
2003-03-19,2.4266669750213623,2.4266669750213623,2.4148149490356445,2.4148149490356445,1.427048683166504,6750
2003-03-20,2.4148149490356445,2.459259033203125,2.4148149490356445,2.4148149490356445,1.427048683166504,11475
2003-03-21,2.4148149490356445,2.4148149490356445,2.4148149490356445,2.4148149490356445,1.427048683166504,1013
2003-03-24,2.4148149490356445,2.4148149490356445,2.4148149490356445,2.4148149490356445,1.427048683166504,0
2003-03-25,2.4148149490356445,2.4148149490356445,2.4148149490356445,2.4148149490356445,1.427048683166504,0
2003-03-26,2.4148149490356445,2.4148149490356445,2.4148149490356445,2.4148149490356445,1.427048683166504,338
2003-03-27,2.4029629230499268,2.4029629230499268,2.4029629230499268,2.4029629230499268,1.427048683166504,0
2003-03-28,2.4029629230499268,2.4029629230499268,2.4029629230499268,2.4029629230499268,1.427048683166504,0
2003-03-31,2.4029629230499268,2.4029629230499268,2.4029629230499268,2.4029629230499268,1.427048683166504,0
2003-04-01,2.4829630851745605,2.4829630851745605,2.4829630851745605,2.4829630851745605,1.474558711051941,338
2003-04-02,2.4859259128570557,2.4859259128570557,2.4859259128570557,2.4859259128570557,1.4763187170028687,1013
2003-04-03,2.4859259128570557,2.4859259128570557,2.4859259128570557,2.4859259128570557,1.4763187170028687,0
2003-04-04,2.4859259128570557,2.4859259128570557,2.4859259128570557,2.4859259128570557,1.4763187170028687,0
2003-04-07,2.4859259128570557,2.4859259128570557,2.4859259128570557,2.4859259128570557,1.4763187170028687,0
2003-04-08,2.4859259128570557,2.4859259128570557,2.4859259128570557,2.4859259128570557,1.4763187170028687,0
2003-04-09,2.4859259128570557,2.4859259128570557,2.4859259128570557,2.4859259128570557,1.4763187170028687,0
2003-04-10,2.4859259128570557,2.4859259128570557,2.4859259128570557,2.4859259128570557,1.4763187170028687,0
2003-04-11,2.4977779388427734,2.4977779388427734,2.423703908920288,2.423703908920288,1.439366340637207,2025
2003-04-14,2.423703908920288,2.423703908920288,2.423703908920288,2.423703908920288,1.439366340637207,0
2003-04-15,2.423703908920288,2.423703908920288,2.423703908920288,2.423703908920288,1.439366340637207,0
2003-04-16,2.423703908920288,2.423703908920288,2.423703908920288,2.423703908920288,1.439366340637207,0
2003-04-17,2.423703908920288,2.423703908920288,2.423703908920288,2.423703908920288,1.439366340637207,0
2003-04-21,2.423703908920288,2.423703908920288,2.423703908920288,2.423703908920288,1.439366340637207,675
2003-04-22,2.423703908920288,2.423703908920288,2.423703908920288,2.423703908920288,1.439366340637207,0
2003-04-23,2.423703908920288,2.423703908920288,2.423703908920288,2.423703908920288,1.439366340637207,0
2003-04-24,2.423703908920288,2.423703908920288,2.423703908920288,2.423703908920288,1.439366340637207,1688
2003-04-25,2.423703908920288,2.423703908920288,2.423703908920288,2.423703908920288,1.439366340637207,0
2003-04-28,2.423703908920288,2.423703908920288,2.423703908920288,2.423703908920288,1.439366340637207,675
2003-04-29,2.423703908920288,2.423703908920288,2.423703908920288,2.423703908920288,1.439366340637207,0
2003-04-30,2.423703908920288,2.423703908920288,2.423703908920288,2.423703908920288,1.439366340637207,338
2003-05-01,2.423703908920288,2.423703908920288,2.423703908920288,2.423703908920288,1.439366340637207,0
2003-05-02,2.4977779388427734,2.4977779388427734,2.4977779388427734,2.4977779388427734,1.483356237411499,1013
2003-05-05,2.4977779388427734,2.4977779388427734,2.4977779388427734,2.4977779388427734,1.483356237411499,0
2003-05-06,2.4474070072174072,2.4681479930877686,2.4148149490356445,2.4148149490356445,1.4340884685516357,2025
2003-05-07,2.4148149490356445,2.4148149490356445,2.4148149490356445,2.4148149490356445,1.4340884685516357,338
2003-05-08,2.3851850032806396,2.3851850032806396,2.3851850032806396,2.3851850032806396,1.4164917469024658,338
2003-05-09,2.4148149490356445,2.4148149490356445,2.4148149490356445,2.4148149490356445,1.4340884685516357,338
2003-05-12,2.4148149490356445,2.444443941116333,2.4148149490356445,2.444443941116333,1.4516836404800415,1688
2003-05-13,2.444443941116333,2.5125930309295654,2.3851850032806396,2.3851850032806396,1.4164917469024658,239625
2003-05-14,2.3851850032806396,2.3851850032806396,2.3851850032806396,2.3851850032806396,1.4164917469024658,0
2003-05-15,2.444443941116333,2.5125930309295654,2.444443941116333,2.5125930309295654,1.492154598236084,3375
2003-05-16,2.5125930309295654,2.5125930309295654,2.5125930309295654,2.5125930309295654,1.492154598236084,0
2003-05-19,2.391110897064209,2.391110897064209,2.391110897064209,2.391110897064209,1.4200102090835571,338
2003-05-20,2.391110897064209,2.391110897064209,2.391110897064209,2.391110897064209,1.4200102090835571,0
2003-05-21,2.391110897064209,2.391110897064209,2.391110897064209,2.391110897064209,1.4200102090835571,0
2003-05-22,2.4296300411224365,2.4296300411224365,2.4296300411224365,2.4296300411224365,1.4428863525390625,338
2003-05-23,2.4296300411224365,2.4296300411224365,2.4296300411224365,2.4296300411224365,1.4428863525390625,0
2003-05-27,2.4296300411224365,2.4296300411224365,2.4296300411224365,2.4296300411224365,1.4428863525390625,0
2003-05-28,2.441481113433838,2.444443941116333,2.441481113433838,2.444443941116333,1.4516836404800415,9113
2003-05-29,2.444443941116333,2.444443941116333,2.444443941116333,2.444443941116333,1.4516836404800415,0
2003-05-30,2.444443941116333,2.444443941116333,2.444443941116333,2.444443941116333,1.4516836404800415,0
2003-06-02,2.4296300411224365,2.4296300411224365,2.4296300411224365,2.4296300411224365,1.4428863525390625,675
2003-06-03,2.4296300411224365,2.4296300411224365,2.4296300411224365,2.4296300411224365,1.4428863525390625,0
2003-06-04,2.4296300411224365,2.4296300411224365,2.4296300411224365,2.4296300411224365,1.4428863525390625,0
2003-06-05,2.444443941116333,2.444443941116333,2.444443941116333,2.444443941116333,1.4516836404800415,338
2003-06-06,2.444443941116333,2.444443941116333,2.444443941116333,2.444443941116333,1.4516836404800415,0
2003-06-09,2.444443941116333,2.444443941116333,2.444443941116333,2.444443941116333,1.4516836404800415,20588
2003-06-10,2.444443941116333,2.444443941116333,2.3703699111938477,2.4148149490356445,1.4340884685516357,38475
2003-06-11,2.376296043395996,2.376296043395996,2.373332977294922,2.376296043395996,1.411212682723999,1350
2003-06-12,2.376296043395996,2.376296043395996,2.376296043395996,2.376296043395996,1.411212682723999,0
2003-06-13,2.3703699111938477,2.3703699111938477,2.340740919113159,2.3703699111938477,1.4076933860778809,4050
2003-06-16,2.352592945098877,2.352592945098877,2.352592945098877,2.352592945098877,1.3971357345581055,4050
2003-06-17,2.3644440174102783,2.3703699111938477,2.3644440174102783,2.3703699111938477,1.4076933860778809,10463
2003-06-18,2.355556011199951,2.355556011199951,2.3437039852142334,2.3437039852142334,1.3918571472167969,4388
2003-06-19,2.3703699111938477,2.3703699111938477,2.3703699111938477,2.3703699111938477,1.4076933860778809,338
2003-06-20,2.322962999343872,2.322962999343872,2.3111109733581543,2.3111109733581543,1.372501015663147,3375
2003-06-23,2.3111109733581543,2.3111109733581543,2.3111109733581543,2.3111109733581543,1.372501015663147,0
2003-06-24,2.355556011199951,2.355556011199951,2.355556011199951,2.355556011199951,1.3988956212997437,338
2003-06-25,2.4118518829345703,2.444443941116333,2.388148069381714,2.388148069381714,1.418251633644104,28013
2003-06-26,2.1333329677581787,2.1333329677581787,2.1333329677581787,2.1333329677581787,1.273242712020874,675
2003-06-27,2.1333329677581787,2.1333329677581787,2.1333329677581787,2.1333329677581787,1.273242712020874,0
2003-06-30,2.1333329677581787,2.1333329677581787,2.1333329677581787,2.1333329677581787,1.273242712020874,0
2003-07-01,2.1333329677581787,2.1333329677581787,2.1333329677581787,2.1333329677581787,1.273242712020874,0
2003-07-02,2.1333329677581787,2.1333329677581787,2.1333329677581787,2.1333329677581787,1.273242712020874,0
2003-07-03,2.43851900100708,2.43851900100708,2.43851900100708,2.43851900100708,1.455388069152832,1350
2003-07-07,2.266666889190674,2.4859259128570557,2.2459259033203125,2.462222099304199,1.469534158706665,6413
2003-07-08,2.4948151111602783,2.6488890647888184,2.319999933242798,2.477036952972412,1.478377103805542,49950
2003-07-09,2.4681479930877686,2.4681479930877686,2.4681479930877686,2.4681479930877686,1.473071575164795,338
2003-07-10,2.6548149585723877,3.1111109256744385,2.6548149585723877,3.0074069499969482,1.7949186563491821,20588
2003-07-11,2.7762959003448486,2.962963104248047,2.5481479167938232,2.59259295463562,1.5473439693450928,37800
2003-07-14,2.59259295463562,2.6696300506591797,2.59259295463562,2.657778024673462,1.5862481594085693,19238
2003-07-15,2.660741090774536,2.6637039184570312,2.610369920730591,2.613332986831665,1.5597227811813354,7763
2003-07-16,2.6074070930480957,2.6074070930480957,2.6074070930480957,2.6074070930480957,1.5561854839324951,1013
2003-07-17,2.6074070930480957,2.6074070930480957,2.6074070930480957,2.6074070930480957,1.5561854839324951,0
2003-07-18,2.6014809608459473,2.625185012817383,2.6014809608459473,2.6222219467163086,1.5650280714035034,16200
2003-07-21,2.6222219467163086,2.6222219467163086,2.6222219467163086,2.6222219467163086,1.5650280714035034,0
2003-07-22,2.6666669845581055,2.6666669845581055,2.6666669845581055,2.6666669845581055,1.5915541648864746,4050
2003-07-23,2.6666669845581055,2.6666669845581055,2.6666669845581055,2.6666669845581055,1.5915541648864746,2363
2003-07-24,2.6666669845581055,2.6666669845581055,2.6666669845581055,2.6666669845581055,1.5915541648864746,338
2003-07-25,2.6666669845581055,2.6666669845581055,2.6666669845581055,2.6666669845581055,1.5915541648864746,0
2003-07-28,2.672593116760254,2.672593116760254,2.6696300506591797,2.6696300506591797,1.5933219194412231,3375
2003-07-29,2.6874070167541504,2.7200000286102295,2.6696300506591797,2.6696300506591797,1.5933219194412231,22950
2003-07-30,2.7851850986480713,2.7851850986480713,2.7851850986480713,2.7851850986480713,1.662288784980774,1688
2003-07-31,2.814815044403076,2.948148012161255,2.814815044403076,2.8740739822387695,1.715341329574585,20588
2003-08-01,2.8592588901519775,2.8592588901519775,2.8592588901519775,2.8592588901519775,1.7064992189407349,40838
2003-08-04,3.019258975982666,3.019258975982666,2.8444440364837646,2.853332996368408,1.7029626369476318,141750
2003-08-05,3.1111109256744385,3.1111109256744385,2.8740739822387695,2.8888890743255615,1.7241836786270142,76613
2003-08-06,3.259258985519409,3.4044439792633057,2.826667070388794,3.185184955596924,1.9010231494903564,94500
2003-08-07,2.8888890743255615,3.0814809799194336,2.814815044403076,2.8444440364837646,2.0856926441192627,76275
2003-08-08,2.897778034210205,2.933332920074463,2.7703700065612793,2.850369930267334,2.090038537979126,73238
2003-08-11,2.9718520641326904,2.9718520641326904,2.6370370388031006,2.6696300506591797,1.9575101137161255,34763
2003-08-12,2.0918519496917725,2.3851850032806396,2.0740740299224854,2.2874069213867188,1.6772443056106567,181575
2003-08-13,2.3466670513153076,2.4000000953674316,2.251852035522461,2.3674070835113525,1.7359052896499634,47925
2003-08-14,2.0592589378356934,2.3674070835113525,2.0592589378356934,2.2874069213867188,1.6772443056106567,31050
2003-08-15,2.240000009536743,2.3111109733581543,1.9348150491714478,2.0770370960235596,1.5229909420013428,29363
2003-08-18,2.337778091430664,2.337778091430664,2.1066670417785645,2.2311110496520996,1.6359659433364868,21600
2003-08-19,2.2962958812713623,2.355556011199951,2.2962958812713623,2.3170371055603027,1.6989716291427612,51638
2003-08-20,2.3288888931274414,2.3288888931274414,2.3259260654449463,2.3259260654449463,1.7054903507232666,2363
2003-08-21,2.3111109733581543,2.3111109733581543,2.3022220134735107,2.3022220134735107,1.6881074905395508,6413
2003-08-22,2.2962958812713623,2.2962958812713623,2.2962958812713623,2.2962958812713623,1.683763027191162,7425
2003-08-25,2.097778081893921,2.290369987487793,2.0266671180725098,2.186666965484619,1.6033769845962524,10800
2003-08-26,2.186666965484619,2.186666965484619,2.186666965484619,2.186666965484619,1.6033769845962524,0
2003-08-27,2.186666965484619,2.2014811038970947,2.151110887527466,2.2014811038970947,1.6142396926879883,142425
2003-08-28,2.1600000858306885,2.1600000858306885,2.1570370197296143,2.1570370197296143,1.5816515684127808,1013
2003-08-29,2.1777780055999756,2.1896300315856934,2.1777780055999756,2.1896300315856934,1.6055500507354736,4388
2003-09-02,2.168889045715332,2.168889045715332,2.151110887527466,2.1570370197296143,1.5816515684127808,9450
2003-09-03,2.112592935562134,2.1481480598449707,2.0948150157928467,2.1481480598449707,1.5751336812973022,27675
2003-09-04,2.1303699016571045,2.2133328914642334,2.1303699016571045,2.2133328914642334,1.6229294538497925,14175
2003-09-05,2.1925930976867676,2.222222089767456,2.136296033859253,2.1955559253692627,1.6098952293395996,27000
2003-09-08,2.2162959575653076,2.219259023666382,2.207406997680664,2.207406997680664,1.6185846328735352,11475
2003-09-09,2.207406997680664,2.207406997680664,2.207406997680664,2.207406997680664,1.6185846328735352,0
2003-09-10,2.1896300315856934,2.1925930976867676,2.1896300315856934,2.1925930976867676,1.6077220439910889,7088
2003-09-11,2.186666965484619,2.186666965484619,2.1481480598449707,2.1481480598449707,1.5751336812973022,8100
2003-09-12,2.1481480598449707,2.1925930976867676,2.1481480598449707,2.1896300315856934,1.6055500507354736,18225
2003-09-15,2.1629629135131836,2.1629629135131836,2.1629629135131836,2.1629629135131836,1.5859959125518799,338
2003-09-16,2.1777780055999756,2.18074107170105,2.1777780055999756,2.18074107170105,1.5990326404571533,4050
2003-09-17,2.18074107170105,2.18074107170105,2.18074107170105,2.18074107170105,1.5990326404571533,675
2003-09-18,2.18074107170105,2.18074107170105,2.18074107170105,2.18074107170105,1.5990326404571533,0
2003-09-19,2.1896300315856934,2.1896300315856934,2.1570370197296143,2.1600000858306885,1.5838239192962646,5400
2003-09-22,2.1600000858306885,2.183703899383545,2.1600000858306885,2.183703899383545,1.6012049913406372,28013
2003-09-23,2.183703899383545,2.183703899383545,2.183703899383545,2.183703899383545,1.6012049913406372,0
2003-09-24,2.05036997795105,2.1570370197296143,2.05036997795105,2.097778081893921,1.5381996631622314,14850
2003-09-25,2.097778081893921,2.097778081893921,2.0948150157928467,2.0948150157928467,1.5360270738601685,2025
2003-09-26,2.065185070037842,2.100740909576416,2.065185070037842,2.100740909576416,1.549136757850647,1688
2003-09-29,2.100740909576416,2.100740909576416,2.100740909576416,2.100740909576416,1.549136757850647,0
2003-09-30,2.0770370960235596,2.0770370960235596,2.0770370960235596,2.0770370960235596,1.5316568613052368,2025
2003-10-01,2.0740740299224854,2.0740740299224854,2.0740740299224854,2.0740740299224854,1.5294713973999023,1013
2003-10-02,2.0770370960235596,2.0888888835906982,2.0740740299224854,2.0888888835906982,1.5403969287872314,7425
2003-10-03,2.0888888835906982,2.0888888835906982,2.0888888835906982,2.0888888835906982,1.5403969287872314,0
2003-10-06,2.1037039756774902,2.121480941772461,1.955556035041809,2.121480941772461,1.5644311904907227,8775
2003-10-07,2.014815092086792,2.0444440841674805,2.014815092086792,2.0444440841674805,1.5076221227645874,7763
2003-10-08,1.9585189819335938,2.0622220039367676,1.9585189819335938,2.0622220039367676,1.5207321643829346,144788
2003-10-09,2.0948150157928467,2.0948150157928467,2.0562961101531982,2.071110963821411,1.5272867679595947,8438
2003-10-10,2.05036997795105,2.1955559253692627,2.014815092086792,2.082962989807129,1.5360267162322998,2363
2003-10-13,2.1037039756774902,2.3288888931274414,2.1037039756774902,2.1629629135131836,1.5950204133987427,6075
2003-10-14,2.1333329677581787,2.2725930213928223,2.1333329677581787,2.139259099960327,1.5775413513183594,7763
2003-10-15,2.254815101623535,2.266666889190674,2.254815101623535,2.266666889190674,1.6714938879013062,5400
2003-10-16,2.222222089767456,2.222222089767456,2.0444440841674805,2.1037039756774902,1.5513215065002441,17888
2003-10-17,2.151110887527466,2.151110887527466,2.151110887527466,2.151110887527466,1.586280345916748,338
2003-10-20,2.1481480598449707,2.1481480598449707,2.1481480598449707,2.1481480598449707,1.584096074104309,5738
2003-10-21,2.097778081893921,2.1451849937438965,1.9437040090560913,1.9703700542449951,1.4529974460601807,18900
2003-10-22,2.014815092086792,2.014815092086792,1.9733330011367798,1.9851850271224976,1.4639225006103516,3038
2003-10-23,1.9881479740142822,1.9881479740142822,1.9851850271224976,1.9851850271224976,1.4639225006103516,4050
2003-10-24,1.9851850271224976,1.9851850271224976,1.9851850271224976,1.9851850271224976,1.4639225006103516,0
2003-10-27,1.9851850271224976,1.9851850271224976,1.9851850271224976,1.9851850271224976,1.4639225006103516,0
2003-10-28,2.0474069118499756,2.0474069118499756,2.0474069118499756,2.0474069118499756,1.509806513786316,1688
2003-10-29,2.0237040519714355,2.0266671180725098,2.0237040519714355,2.0266671180725098,1.494512677192688,5400
2003-10-30,2.0266671180725098,2.0266671180725098,2.0266671180725098,2.0266671180725098,1.494512677192688,0
2003-10-31,2.0444440841674805,2.053333044052124,1.967406988143921,1.967406988143921,1.450812816619873,6750
2003-11-03,2.053333044052124,2.3703699111938477,2.053333044052124,2.3703699111938477,1.7479676008224487,8438
2003-11-04,2.1600000858306885,2.3674070835113525,2.1600000858306885,2.3644440174102783,1.7435975074768066,13163
2003-11-05,2.361480951309204,2.361480951309204,2.3259260654449463,2.3288888931274414,1.7173786163330078,2700
2003-11-06,2.361480951309204,2.361480951309204,2.361480951309204,2.361480951309204,1.74141263961792,1350
2003-11-07,2.3111109733581543,2.3111109733581543,2.3111109733581543,2.3111109733581543,1.7042685747146606,4388
2003-11-10,2.3674070835113525,2.388148069381714,2.361480951309204,2.388148069381714,1.7610774040222168,2700
2003-11-11,2.388148069381714,2.388148069381714,2.388148069381714,2.388148069381714,1.7610774040222168,0
2003-11-12,2.388148069381714,2.6044440269470215,2.388148069381714,2.59259295463562,1.9118399620056152,22275
2003-11-13,2.571851968765259,2.610369920730591,2.5688889026641846,2.610369920730591,1.924949049949646,12150
2003-11-14,2.59259295463562,2.59259295463562,2.59259295463562,2.59259295463562,1.9118399620056152,32738
2003-11-17,2.491852045059204,2.5629630088806152,2.3703699111938477,2.5629630088806152,1.8899900913238525,3713
2003-11-18,2.5629630088806152,2.5629630088806152,2.5629630088806152,2.5629630088806152,1.8899900913238525,0
2003-11-19,2.491852045059204,2.491852045059204,2.459259033203125,2.459259033203125,1.8135159015655518,3375
2003-11-20,2.4651849269866943,2.4651849269866943,2.4503700733184814,2.459259033203125,1.8135159015655518,2363
2003-11-21,2.459259033203125,2.459259033203125,2.459259033203125,2.459259033203125,1.8135159015655518,0
2003-11-24,2.4474070072174072,2.459259033203125,2.4474070072174072,2.459259033203125,1.8135159015655518,2700
2003-11-25,2.4474070072174072,2.5125930309295654,2.4474070072174072,2.477036952972412,1.826626181602478,5063
2003-11-26,2.4681479930877686,2.4681479930877686,2.4681479930877686,2.4681479930877686,1.820071816444397,2700
2003-11-28,2.444443941116333,2.444443941116333,2.376296043395996,2.376296043395996,1.752338171005249,1013
2003-12-01,2.3851850032806396,2.5185189247131348,2.3851850032806396,2.444443941116333,1.8025919198989868,12488
2003-12-02,2.5185189247131348,2.5185189247131348,2.423703908920288,2.423703908920288,1.7872968912124634,2025
2003-12-03,2.441481113433838,2.441481113433838,2.340740919113159,2.340740919113159,1.7261179685592651,9450
2003-12-04,2.3703699111938477,2.373332977294922,2.3703699111938477,2.373332977294922,1.7501522302627563,1013
2003-12-05,2.373332977294922,2.373332977294922,2.373332977294922,2.373332977294922,1.7501522302627563,0
2003-12-08,2.3851850032806396,2.4148149490356445,2.3851850032806396,2.4148149490356445,1.7807426452636719,1350
2003-12-09,2.444443941116333,2.444443941116333,2.444443941116333,2.444443941116333,1.8025919198989868,675
2003-12-10,2.444443941116333,2.444443941116333,2.444443941116333,2.444443941116333,1.8025919198989868,0
2003-12-11,2.373332977294922,2.373332977294922,2.355556011199951,2.355556011199951,1.7370432615280151,2025
2003-12-12,2.3703699111938477,2.3703699111938477,2.2962958812713623,2.2962958812713623,1.6933435201644897,8438
2003-12-15,2.2992589473724365,2.2992589473724365,2.2992589473724365,2.2992589473724365,1.695528268814087,338
2003-12-16,2.355556011199951,2.420741081237793,2.355556011199951,2.420741081237793,1.7851122617721558,2025
2003-12-17,2.3466670513153076,2.423703908920288,2.3466670513153076,2.355556011199951,1.7370432615280151,3038
2003-12-18,2.355556011199951,2.355556011199951,2.355556011199951,2.355556011199951,1.7370432615280151,1688
2003-12-19,2.423703908920288,2.444443941116333,2.225184917449951,2.225184917449951,1.6409046649932861,6750
2003-12-22,2.225184917449951,2.225184917449951,2.225184917449951,2.225184917449951,1.6409046649932861,0
2003-12-23,2.225184917449951,2.225184917449951,2.1274070739746094,2.18074107170105,1.6081310510635376,10463
2003-12-24,2.1570370197296143,2.1570370197296143,2.014815092086792,2.0918519496917725,1.5425817966461182,4725
2003-12-26,2.136296033859253,2.1629629135131836,2.1333329677581787,2.1333329677581787,1.573170781135559,4050
2003-12-29,2.0740740299224854,2.1629629135131836,2.0592589378356934,2.1481480598449707,1.5929456949234009,3713
2003-12-30,2.1570370197296143,2.1570370197296143,2.1481480598449707,2.1481480598449707,1.5929456949234009,10125
2003-12-31,2.1777780055999756,2.1777780055999756,2.002963066101074,2.1451849937438965,1.5907483100891113,24638
2004-01-02,2.2014811038970947,2.2014811038970947,2.2014811038970947,2.2014811038970947,1.6324939727783203,338
2004-01-05,2.1629629135131836,2.251852035522461,2.1629629135131836,2.251852035522461,1.6698462963104248,1688
2004-01-06,2.337778091430664,2.355556011199951,2.2162959575653076,2.355556011199951,1.7467478513717651,7088
2004-01-07,2.3111109733581543,2.3970370292663574,2.3111109733581543,2.3674070835113525,1.755536437034607,2700
2004-01-08,2.4000000953674316,2.4000000953674316,2.4000000953674316,2.4000000953674316,1.7797043323516846,1013
2004-01-09,2.3585190773010254,2.4000000953674316,2.3585190773010254,2.4000000953674316,1.7797043323516846,1688
2004-01-12,2.349630117416382,2.4533329010009766,2.340740919113159,2.4533329010009766,1.8192540407180786,8100
2004-01-13,2.3703699111938477,2.444443941116333,2.3703699111938477,2.444443941116333,1.8126620054244995,10125
2004-01-14,2.444443941116333,2.444443941116333,2.444443941116333,2.444443941116333,1.8126620054244995,0
2004-01-15,2.3674070835113525,2.3674070835113525,2.355556011199951,2.355556011199951,1.7467478513717651,1688
2004-01-16,2.352592945098877,2.352592945098877,2.352592945098877,2.352592945098877,1.7445504665374756,1013
2004-01-20,2.4474070072174072,2.5185189247131348,2.4474070072174072,2.5185189247131348,1.8675915002822876,1350
2004-01-21,2.506666898727417,2.506666898727417,2.506666898727417,2.506666898727417,1.8588024377822876,338
2004-01-22,2.4177780151367188,2.4829630851745605,2.3703699111938477,2.4829630851745605,1.8412259817123413,44550
2004-01-23,2.340740919113159,2.3585190773010254,2.340740919113159,2.340740919113159,1.7357614040374756,5063
2004-01-26,2.340740919113159,2.4711110591888428,2.340740919113159,2.4148149490356445,1.7906907796859741,5063
2004-01-27,2.340740919113159,2.4148149490356445,2.340740919113159,2.340740919113159,1.7357614040374756,675
2004-01-28,2.3822219371795654,2.3822219371795654,2.3822219371795654,2.3822219371795654,1.766521692276001,338
2004-01-29,2.456295967102051,2.456295967102051,2.405925989151001,2.405925989151001,1.7840993404388428,1350
2004-01-30,2.4148149490356445,2.4148149490356445,2.388148069381714,2.388148069381714,1.7709169387817383,2363
2004-02-02,2.456295967102051,2.4829630851745605,2.4296300411224365,2.462222099304199,1.8258451223373413,9788
2004-02-03,2.4000000953674316,2.503704071044922,2.3674070835113525,2.3674070835113525,1.755536437034607,65138
2004-02-04,2.3674070835113525,2.3674070835113525,2.3674070835113525,2.3674070835113525,1.755536437034607,0
2004-02-05,2.3703699111938477,2.405925989151001,2.2962958812713623,2.405925989151001,1.7840993404388428,38813
2004-02-06,2.405925989151001,2.405925989151001,2.405925989151001,2.405925989151001,1.7840993404388428,0
2004-02-09,2.2992589473724365,2.3792591094970703,2.2962958812713623,2.3792591094970703,1.7643245458602905,18225
2004-02-10,2.3792591094970703,2.3792591094970703,2.3792591094970703,2.3792591094970703,1.7643245458602905,0
2004-02-11,2.48888897895813,2.48888897895813,2.4681479930877686,2.4681479930877686,1.830238938331604,31388
2004-02-12,2.4177780151367188,2.4177780151367188,2.4177780151367188,2.4177780151367188,1.7928884029388428,675
2004-02-13,2.4177780151367188,2.4177780151367188,2.4177780151367188,2.4177780151367188,1.7928884029388428,0
2004-02-17,2.3703699111938477,2.3703699111938477,2.3703699111938477,2.3703699111938477,1.75773286819458,2025
2004-02-18,2.4533329010009766,2.459259033203125,2.4000000953674316,2.459259033203125,1.823647141456604,8775
2004-02-19,2.459259033203125,2.459259033203125,2.459259033203125,2.459259033203125,1.823647141456604,0
2004-02-20,2.3703699111938477,2.3703699111938477,2.3703699111938477,2.3703699111938477,1.75773286819458,2025
2004-02-23,2.3703699111938477,2.3703699111938477,2.3703699111938477,2.3703699111938477,1.75773286819458,0
2004-02-24,2.456295967102051,2.456295967102051,2.444443941116333,2.444443941116333,1.8126620054244995,1350
2004-02-25,2.441481113433838,2.459259033203125,2.4148149490356445,2.459259033203125,1.823647141456604,3038
2004-02-26,2.349630117416382,2.4000000953674316,2.340740919113159,2.340740919113159,1.7357614040374756,5400
2004-02-27,2.4000000953674316,2.4000000953674316,2.4000000953674316,2.4000000953674316,1.7797043323516846,2025
2004-03-01,2.444443941116333,2.444443941116333,2.444443941116333,2.444443941116333,1.8126620054244995,1013
2004-03-02,2.444443941116333,2.6637039184570312,2.444443941116333,2.6074070930480957,1.9335061311721802,12150
2004-03-03,2.6340739727020264,2.6666669845581055,2.6340739727020264,2.6666669845581055,1.9774497747421265,7425
2004-03-04,2.6666669845581055,2.681480884552002,2.6637039184570312,2.6666669845581055,1.9774497747421265,8438
2004-03-05,2.79703688621521,2.814815044403076,2.6666669845581055,2.814815044403076,2.087307929992676,12488
2004-03-08,2.8029630184173584,2.8888890743255615,2.799999952316284,2.8888890743255615,2.1422364711761475,33075
2004-03-09,2.8385190963745117,2.962963104248047,2.8355560302734375,2.8888890743255615,2.1422364711761475,19238
2004-03-10,2.962963104248047,3.037036895751953,2.9392590522766113,3.037036895751953,2.2520956993103027,22950
2004-03-11,2.814815044403076,3.3333330154418945,2.814815044403076,3.20296311378479,2.375136613845825,25313
2004-03-12,3.1111109256744385,3.1318519115448,2.962963104248047,2.962963104248047,2.197166681289673,7763
2004-03-15,2.962963104248047,2.9777779579162598,2.962963104248047,2.9777779579162598,2.2081527709960938,10125
2004-03-16,2.9600000381469727,2.9600000381469727,2.814815044403076,2.814815044403076,2.087307929992676,5063
2004-03-17,2.9451849460601807,2.948148012161255,2.8592588901519775,2.948148012161255,2.186180591583252,3713
2004-03-18,2.948148012161255,2.948148012161255,2.948148012161255,2.948148012161255,2.186180591583252,0
2004-03-19,2.9451849460601807,2.9451849460601807,2.9451849460601807,2.9451849460601807,2.183983564376831,675
2004-03-22,3.1111109256744385,3.1111109256744385,2.8562960624694824,2.8592588901519775,2.120264768600464,8100
2004-03-23,2.8592588901519775,2.8592588901519775,2.743704080581665,2.782222032546997,2.0631399154663086,27338
2004-03-24,2.7703700065612793,2.7703700065612793,2.7703700065612793,2.7703700065612793,2.0543503761291504,12488
2004-03-25,2.7051849365234375,2.7051849365234375,2.7051849365234375,2.7051849365234375,2.0060126781463623,675
2004-03-26,2.6666669845581055,2.7733330726623535,2.6666669845581055,2.7614810466766357,2.0477590560913086,3038
2004-03-29,2.6696300506591797,2.6696300506591797,2.6696300506591797,2.6696300506591797,1.9881796836853027,338
2004-03-30,2.7851850986480713,2.8088889122009277,2.758518934249878,2.758518934249878,2.0543792247772217,4050
2004-03-31,2.758518934249878,2.758518934249878,2.758518934249878,2.758518934249878,2.0543792247772217,0
2004-04-01,2.9244439601898193,2.962963104248047,2.9244439601898193,2.962963104248047,2.206637382507324,4050
2004-04-02,2.962963104248047,2.962963104248047,2.9185190200805664,2.9185190200805664,2.1735379695892334,1013
2004-04-05,2.8918519020080566,2.933332920074463,2.8918519020080566,2.9303700923919678,2.1823630332946777,7763
2004-04-06,2.933332920074463,2.962963104248047,2.933332920074463,2.933332920074463,2.1845695972442627,5738
2004-04-07,2.758518934249878,2.758518934249878,2.758518934249878,2.758518934249878,2.0543792247772217,338
2004-04-08,2.9570369720458984,2.9570369720458984,2.740741014480591,2.8444440364837646,2.11837100982666,11475
2004-04-12,2.850369930267334,2.962963104248047,2.8207409381866455,2.8207409381866455,2.1007182598114014,3713
2004-04-13,2.755556106567383,2.9244439601898193,2.755556106567383,2.9244439601898193,2.177950859069824,15863
2004-04-14,2.8592588901519775,2.9274070262908936,2.8592588901519775,2.9274070262908936,2.180157423019409,1013
2004-04-15,2.755556106567383,2.767406940460205,2.755556106567383,2.755556106567383,2.0521724224090576,3038
2004-04-16,2.758518934249878,2.76444411277771,2.755556106567383,2.755556106567383,2.0521724224090576,12150
2004-04-19,2.755556106567383,2.755556106567383,2.755556106567383,2.755556106567383,2.0521724224090576,0
2004-04-20,2.755556106567383,2.755556106567383,2.755556106567383,2.755556106567383,2.0521724224090576,0
2004-04-21,2.8770370483398438,2.9303700923919678,2.8711109161376953,2.9037039279937744,2.162503480911255,6413
2004-04-22,2.9185190200805664,2.948148012161255,2.915555953979492,2.9451849460601807,2.193396806716919,8100
2004-04-23,2.9244439601898193,2.948148012161255,2.782222032546997,2.948148012161255,2.195603847503662,7763
2004-04-26,2.948148012161255,2.948148012161255,2.948148012161255,2.948148012161255,2.195603847503662,0
2004-04-27,2.9303700923919678,2.962963104248047,2.9303700923919678,2.962963104248047,2.206637382507324,2025
2004-04-28,2.962963104248047,2.962963104248047,2.8592588901519775,2.962963104248047,2.206637382507324,20588
2004-04-29,2.74666690826416,2.829629898071289,2.74666690826416,2.829629898071289,2.1073381900787354,675
2004-04-30,2.921480894088745,2.933332920074463,2.8740739822387695,2.933332920074463,2.1845695972442627,10800
2004-05-03,2.933332920074463,2.936295986175537,2.921480894088745,2.921480894088745,2.175743579864502,30375
2004-05-04,3.037036895751953,3.3333330154418945,2.948148012161255,3.3333330154418945,2.4824657440185547,172800
2004-05-05,3.259258985519409,3.6296300888061523,3.170370101928711,3.564444065093994,2.654583692550659,256500
2004-05-06,3.540740966796875,3.69185209274292,3.3362960815429688,3.5851850509643555,2.6700305938720703,187313
2004-05-07,3.3333330154418945,3.6711111068725586,3.3333330154418945,3.5318520069122314,2.630312204360962,84375
2004-05-10,3.3333330154418945,4.07111120223999,3.3333330154418945,4.07111120223999,3.03191876411438,75263
2004-05-11,4.065185070037842,4.07111120223999,3.8962960243225098,3.899259090423584,2.9039337635040283,68175
2004-05-12,3.9111111164093018,3.9111111164093018,3.579258918762207,3.6711111068725586,2.7340221405029297,50625
2004-05-13,3.626667022705078,3.762963056564331,3.5022220611572266,3.6859259605407715,2.7450573444366455,56363
2004-05-14,3.659259080886841,3.7985188961029053,3.555556058883667,3.780740976333618,2.815669298171997,57713
2004-05-17,3.8666670322418213,3.8666670322418213,3.6325929164886475,3.650369882583618,2.718576431274414,24638
2004-05-18,3.650369882583618,3.777777910232544,3.650369882583618,3.777777910232544,2.813462257385254,24300
2004-05-19,3.4814810752868652,3.9437038898468018,3.4814810752868652,3.7985188961029053,2.8289077281951904,84375
2004-05-20,3.801481008529663,3.848889112472534,3.7540740966796875,3.848889112472534,2.866422414779663,6750
2004-05-21,3.650369882583618,3.733333110809326,3.6296300888061523,3.6888890266418457,2.7472634315490723,26663
2004-05-24,3.6888890266418457,3.8577780723571777,3.6888890266418457,3.8222219944000244,2.8465611934661865,11813
2004-05-25,3.8222219944000244,3.8251850605010986,3.792593002319336,3.8222219944000244,2.8465611934661865,28013
2004-05-26,3.8399999141693115,3.8399999141693115,3.79555606842041,3.81925892829895,2.8443541526794434,21600
2004-05-27,3.8548150062561035,3.8548150062561035,3.730370044708252,3.792593002319336,2.8244950771331787,11138
2004-05-28,3.7866671085357666,3.7866671085357666,3.66518497467041,3.66518497467041,2.729609727859497,8100
2004-06-01,3.777777910232544,3.801481008529663,3.6829628944396973,3.7688889503479004,2.8068416118621826,42188
2004-06-02,3.7688889503479004,3.777777910232544,3.7688889503479004,3.777777910232544,2.813462257385254,4388
2004-06-03,3.774815082550049,3.777777910232544,3.748147964477539,3.7511110305786133,2.7936017513275146,14513
2004-06-04,3.7511110305786133,3.946666955947876,3.66518497467041,3.9111111164093018,2.9127609729766846,137025
2004-06-07,3.9111111164093018,4.1451849937438965,3.7985188961029053,3.9229629039764404,2.92158842086792,312188
2004-06-08,3.6296300888061523,4.014814853668213,3.6296300888061523,3.9881479740142822,2.9701340198516846,136013
2004-06-09,4.011851787567139,4.011851787567139,3.8962960243225098,3.967406988143921,2.9546866416931152,24975
2004-06-10,3.9525930881500244,3.967406988143921,3.8962960243225098,3.9229629039764404,2.92158842086792,30038
2004-06-14,3.887407064437866,3.9111111164093018,3.8518519401550293,3.902221918106079,2.906141996383667,27000
2004-06-15,3.967406988143921,4.148148059844971,3.9051849842071533,4.142221927642822,3.0848782062530518,108000
2004-06-16,3.9911110401153564,4.420741081237793,3.9911110401153564,4.420741081237793,3.2923026084899902,312863
2004-06-17,4.444444179534912,4.557036876678467,4.269629955291748,4.527407169342041,3.3717410564422607,267300
2004-06-18,4.474073886871338,4.577777862548828,4.402963161468506,4.577777862548828,3.409254550933838,397575
2004-06-21,4.607407093048096,4.814815044403076,4.331851959228516,4.814815044403076,3.5857865810394287,147150
2004-06-22,4.770370006561279,4.8740739822387695,4.548148155212402,4.7733330726623535,3.554891586303711,259875
2004-06-23,5.1259260177612305,5.1259260177612305,4.7733330726623535,5.084444046020508,3.7865893840789795,210600
2004-06-24,5.037036895751953,5.419259071350098,5.037036895751953,5.185184955596924,3.861614942550659,225788
2004-06-25,5.18222188949585,5.371851921081543,5.18222188949585,5.271111011505127,3.9256088733673096,82013
2004-06-28,5.3333330154418945,5.3333330154418945,4.622221946716309,4.948147773742676,3.6954703330993652,297675
2004-06-29,4.95111083984375,5.179258823394775,4.948147773742676,5.05481481552124,3.7751336097717285,61425
2004-06-30,4.948147773742676,5.28592586517334,4.948147773742676,5.220740795135498,3.8990516662597656,20250
2004-07-01,5.185184955596924,5.472592830657959,5.185184955596924,5.457777976989746,4.076081275939941,73575
2004-07-02,5.457777976989746,5.457777976989746,5.28000020980835,5.431110858917236,4.056163787841797,39488
2004-07-06,5.3333330154418945,5.629630088806152,5.256296157836914,5.291851997375488,3.9521617889404297,222075
2004-07-07,5.288888931274414,5.380741119384766,5.288888931274414,5.3333330154418945,3.9831418991088867,201488
2004-07-08,5.297778129577637,5.297778129577637,5.1555562019348145,5.1644439697265625,3.8570079803466797,91800
2004-07-09,5.037036895751953,5.199999809265137,4.542222023010254,4.625185012817383,3.454268217086792,121838
2004-07-12,4.444444179534912,4.645925998687744,4.444444179534912,4.645925998687744,3.4697587490081787,80325
2004-07-13,4.429629802703857,4.737778186798096,4.429629802703857,4.7348151206970215,3.5361461639404297,13838
2004-07-14,4.68740701675415,4.755556106567383,4.651852130889893,4.651852130889893,3.4741861820220947,18563
2004-07-15,4.651852130889893,4.770370006561279,4.651852130889893,4.743703842163086,3.5427849292755127,45225
2004-07-16,4.814815044403076,4.829629898071289,4.711111068725586,4.743703842163086,3.5427849292755127,33750
2004-07-19,4.651852130889893,4.829629898071289,4.651852130889893,4.826666831970215,3.6047439575195312,47588
2004-07-20,4.826666831970215,4.826666831970215,4.61629581451416,4.826666831970215,3.6047439575195312,34763
2004-07-21,4.826666831970215,4.826666831970215,4.752593040466309,4.826666831970215,3.6047439575195312,3375
2004-07-22,4.749629974365234,4.797037124633789,4.684443950653076,4.797037124633789,3.582613945007324,3038
2004-07-23,4.690370082855225,4.699258804321289,4.6666669845581055,4.66963005065918,3.487462043762207,11138
2004-07-26,4.737778186798096,4.737778186798096,4.225184917449951,4.352592945098877,3.250685453414917,55688
2004-07-27,4.162962913513184,4.165925979614258,3.7037041187286377,3.967406988143921,2.9630143642425537,252450
2004-07-28,4.07111120223999,4.293333053588867,3.9555559158325195,4.237037181854248,3.1643853187561035,72225
2004-07-29,4.207406997680664,4.207406997680664,4.0770368576049805,4.183703899383545,3.124553680419922,15863
2004-07-30,4.201480865478516,4.708148002624512,4.201480865478516,4.5985188484191895,3.4343533515930176,68850
2004-08-02,4.725925922393799,5.170370101928711,4.551111221313477,4.6370368003845215,3.4631214141845703,258188
2004-08-03,4.696296215057373,4.770370006561279,4.6370368003845215,4.71407413482666,3.520655632019043,115763
2004-08-04,4.595555782318115,4.601480960845947,4.222221851348877,4.361481189727783,3.2573256492614746,65138
2004-08-05,4.41185188293457,4.41185188293457,4.029630184173584,4.0325927734375,3.011697769165039,13500
2004-08-06,3.9259259700775146,4.079999923706055,3.9259259700775146,3.9259259700775146,2.9320337772369385,7425
2004-08-09,3.8962960243225098,4.121480941772461,3.777777910232544,3.8044440746307373,2.8413071632385254,13500
2004-08-10,3.8044440746307373,3.8044440746307373,3.8044440746307373,3.8044440746307373,2.8413071632385254,0
2004-08-11,3.777777910232544,3.8518519401550293,3.733333110809326,3.8518519401550293,2.8767130374908447,6413
2004-08-12,3.8518519401550293,3.8518519401550293,3.8518519401550293,3.8518519401550293,2.8767130374908447,0
2004-08-13,3.848889112472534,3.848889112472534,3.792593002319336,3.8044440746307373,2.8413071632385254,3713
2004-08-16,3.7244439125061035,4.068148136138916,3.650369882583618,4.068148136138916,3.0382516384124756,63450
2004-08-17,3.8044440746307373,4.1777777671813965,3.7718520164489746,3.875555992126465,2.8944170475006104,30038
2004-08-18,3.745184898376465,4.148148059844971,3.6681480407714844,3.7837040424346924,2.8258185386657715,31050
2004-08-19,4.053332805633545,4.1451849937438965,4.014814853668213,4.014814853668213,2.998420476913452,13500
2004-08-20,4.0,4.017777919769287,3.7837040424346924,3.9407410621643066,2.9430994987487793,6750
2004-08-23,3.8962960243225098,4.239999771118164,3.816296100616455,4.017777919769287,3.000633478164673,61763
2004-08-24,4.1777777671813965,4.1777777671813965,4.017777919769287,4.074073791503906,3.0426769256591797,21938
2004-08-25,3.997036933898926,4.0,3.8518519401550293,3.8666670322418213,2.887777328491211,38475
2004-08-26,3.9081480503082275,3.9081480503082275,3.9081480503082275,3.9081480503082275,2.9187564849853516,1688
2004-08-27,3.902221918106079,3.985184907913208,3.8666670322418213,3.8696300983428955,2.8899903297424316,11813
2004-08-30,3.9940741062164307,4.0,3.917037010192871,3.9407410621643066,2.9430994987487793,21938
2004-08-31,3.9111111164093018,4.0,3.878519058227539,3.8814809322357178,2.8988420963287354,18563
2004-09-01,3.902221918106079,4.0,3.902221918106079,3.9259259700775146,2.9320337772369385,6075
2004-09-02,3.9377779960632324,3.9377779960632324,3.9377779960632324,3.9377779960632324,2.940886974334717,675
2004-09-03,4.0,4.0,3.8725929260253906,4.0,2.9873557090759277,21263
2004-09-07,4.0,4.0,3.9762959480285645,4.0,2.9873557090759277,17213
2004-09-08,4.0,4.0,3.982222080230713,4.0,2.9873557090759277,9113
2004-09-09,3.9881479740142822,3.9881479740142822,3.946666955947876,3.946666955947876,2.9475250244140625,5738
2004-09-10,4.074073791503906,4.074073791503906,3.56148099899292,3.56148099899292,2.659853219985962,52988
2004-09-13,3.7244439125061035,3.9733328819274902,3.7244439125061035,3.831110954284668,2.861222982406616,57038
2004-09-14,3.9111111164093018,4.0,3.7274069786071777,3.9940741062164307,2.9829304218292236,30713
2004-09-15,3.997036933898926,4.0,3.5703699588775635,3.9881479740142822,2.978506088256836,29363
2004-09-16,3.9051849842071533,3.997036933898926,3.8577780723571777,3.9525930881500244,2.951951026916504,15188
2004-09-17,3.997036933898926,3.997036933898926,3.81925892829895,3.9229629039764404,2.9298229217529297,20925
2004-09-20,3.6148149967193604,4.0,3.6148149967193604,4.0,2.9873557090759277,59400
2004-09-21,4.0,4.074073791503906,3.8548150062561035,3.860740900039673,2.8833515644073486,31388
2004-09-22,3.8429629802703857,3.9437038898468018,3.623703956604004,3.623703956604004,2.7063231468200684,30713
2004-09-23,3.6888890266418457,3.8903698921203613,3.5881481170654297,3.6207408905029297,2.704111099243164,14513
2004-09-24,3.594074010848999,3.8725929260253906,3.594074010848999,3.8725929260253906,2.8922030925750732,17550
2004-09-27,3.878519058227539,3.9051849842071533,3.5881481170654297,3.6029629707336426,2.6908326148986816,33075
2004-09-28,3.5851850509643555,3.834074020385742,3.5851850509643555,3.7185189723968506,2.7886009216308594,48263
2004-09-29,3.6533329486846924,3.8429629802703857,3.6533329486846924,3.730370044708252,2.7974889278411865,20250
2004-09-30,3.7274069786071777,3.848889112472534,3.7274069786071777,3.7866671085357666,2.8397061824798584,15863
2004-10-01,3.7688889503479004,3.848889112472534,3.7688889503479004,3.8074069023132324,2.855260133743286,16875
2004-10-04,3.848889112472534,4.0,3.7570369243621826,3.970370054244995,2.977471113204956,71888
2004-10-05,3.863703966140747,4.0,3.863703966140747,3.9940741062164307,2.995246410369873,36113
2004-10-06,3.997036933898926,4.222221851348877,3.997036933898926,4.059258937835693,3.044130802154541,160313
2004-10-07,4.059258937835693,4.074073791503906,4.0,4.029630184173584,3.0219109058380127,48938
2004-10-08,3.8814809322357178,4.014814853668213,3.8814809322357178,4.011851787567139,3.0085790157318115,16200
2004-10-11,3.9644439220428467,4.059258937835693,3.9644439220428467,4.011851787567139,3.0085790157318115,12150
2004-10-12,3.8814809322357178,3.9259259700775146,3.84592604637146,3.848889112472534,2.8863697052001953,62775
2004-10-13,3.8696300983428955,3.9407410621643066,3.8370370864868164,3.8370370864868164,2.8774821758270264,14513
2004-10-14,3.860740900039673,3.860740900039673,3.733333110809326,3.759999990463257,2.819709062576294,22613
2004-10-15,3.6888890266418457,3.7688889503479004,3.6148149967193604,3.659259080886841,2.744161605834961,33075
2004-10-18,3.6681480407714844,3.7037041187286377,3.5999999046325684,3.5999999046325684,2.699721336364746,55013
2004-10-19,3.6207408905029297,3.6533329486846924,3.555556058883667,3.5822219848632812,2.6863889694213867,44550
2004-10-20,3.6711111068725586,3.6711111068725586,3.543704032897949,3.5703699588775635,2.6775012016296387,10125
2004-10-21,3.659259080886841,3.7511110305786133,3.6296300888061523,3.6740739345550537,2.75527024269104,93150
2004-10-22,3.9940741062164307,3.9940741062164307,3.7362959384918213,3.8725929260253906,2.904144763946533,49950
2004-10-25,3.762963056564331,3.762963056564331,3.6177780628204346,3.6888890266418457,2.7663817405700684,34088
2004-10-26,3.709630012512207,3.709630012512207,3.6355559825897217,3.644443988800049,2.73305082321167,18900
2004-10-27,3.644443988800049,3.644443988800049,3.555556058883667,3.56148099899292,2.670835256576538,28688
2004-10-28,3.6029629707336426,3.6029629707336426,3.555556058883667,3.555556058883667,2.6663930416107178,4725
2004-10-29,3.5703699588775635,3.5703699588775635,3.185184955596924,3.4666669368743896,2.5997331142425537,98550
2004-11-01,3.5674068927764893,3.5674068927764893,3.4459259510040283,3.4992589950561523,2.624173879623413,50288
2004-11-02,3.496295928955078,3.7866671085357666,3.318519115447998,3.4044439792633057,2.5530683994293213,274388
2004-11-03,3.709630012512207,3.709630012512207,3.288888931274414,3.3333330154418945,2.499741792678833,51300
2004-11-04,3.6296300888061523,3.6296300888061523,3.3333330154418945,3.40740704536438,2.5552926063537598,47588
2004-11-05,3.4814810752868652,3.555556058883667,3.259258985519409,3.40740704536438,2.5552926063537598,76275
2004-11-08,3.40740704536438,3.6888890266418457,3.40740704536438,3.6740739345550537,2.75527024269104,126900
2004-11-09,3.7037041187286377,3.9081480503082275,3.6888890266418457,3.8518519401550293,2.8885905742645264,56025
2004-11-10,3.777777910232544,3.8548150062561035,3.6148149967193604,3.780740976333618,2.835263252258301,32063
2004-11-11,3.7985188961029053,3.848889112472534,3.777777910232544,3.84592604637146,2.8841476440429688,12488
2004-11-12,3.848889112472534,4.2459259033203125,3.848889112472534,4.2459259033203125,3.1841163635253906,90788
2004-11-15,4.118518829345703,4.133333206176758,4.008889198303223,4.056295871734619,3.0419082641601562,69525
2004-11-16,4.056295871734619,4.056295871734619,3.8518519401550293,4.011851787567139,3.0085790157318115,21938
2004-11-17,3.7037041187286377,4.017777919769287,3.7037041187286377,4.017777919769287,3.0130226612091064,37800
2004-11-18,4.0444440841674805,4.056295871734619,3.8962960243225098,3.8962960243225098,2.9219210147857666,25988
2004-11-19,4.148148059844971,4.148148059844971,3.9407410621643066,4.002963066101074,3.0019116401672363,48600
2004-11-22,3.9111111164093018,4.115555763244629,3.9111111164093018,4.0444440841674805,3.033020496368408,32738
2004-11-23,4.115555763244629,4.115555763244629,3.985184907913208,4.082962989807129,3.061906099319458,19913
2004-11-24,4.142221927642822,4.142221927642822,4.002963066101074,4.0444440841674805,3.033020496368408,7425
2004-11-26,4.0444440841674805,4.0444440841674805,4.0444440841674805,4.0444440841674805,3.033020496368408,0
2004-11-29,4.053332805633545,4.293333053588867,4.0325927734375,4.207406997680664,3.155228614807129,114750
2004-11-30,4.296296119689941,4.296296119689941,4.207406997680664,4.219258785247803,3.1641173362731934,6413
2004-12-01,4.237037181854248,4.237037181854248,4.059258937835693,4.1451849937438965,3.1085686683654785,38138
2004-12-02,4.234074115753174,4.237037181854248,4.148148059844971,4.148148059844971,3.1107897758483887,36450
2004-12-03,4.180740833282471,4.219258785247803,4.10370397567749,4.133333206176758,3.099679708480835,15188
2004-12-06,4.290369987487793,4.290369987487793,4.0444440841674805,4.0444440841674805,3.033020496368408,57375
2004-12-07,4.136295795440674,4.225184917449951,4.118518829345703,4.189630031585693,3.1418988704681396,36788
2004-12-08,4.121480941772461,4.1777777671813965,4.121480941772461,4.1777777671813965,3.133009910583496,4725
2004-12-09,4.151111125946045,4.237037181854248,4.148148059844971,4.237037181854248,3.177450656890869,6750
2004-12-10,4.251852035522461,4.397037029266357,4.2459259033203125,4.373332977294922,3.279661178588867,31725
2004-12-13,4.441481113433838,4.441481113433838,4.225184917449951,4.234074115753174,3.1752285957336426,18563
2004-12-14,4.394073963165283,4.548148155212402,4.2755560874938965,4.542222023010254,3.4063150882720947,56025
2004-12-15,4.613333225250244,4.731852054595947,4.503704071044922,4.725925922393799,3.5440781116485596,61425
2004-12-16,4.660740852355957,4.740740776062012,4.654815196990967,4.722962856292725,3.5418567657470703,13500
2004-12-17,4.66963005065918,4.725925922393799,4.66963005065918,4.66963005065918,3.501861333847046,17888
2004-12-20,4.722962856292725,4.7348151206970215,4.6666669845581055,4.725925922393799,3.5440781116485596,12825
2004-12-21,4.725925922393799,4.832592964172363,4.696296215057373,4.779259204864502,3.584074020385742,87413
2004-12-22,4.885925769805908,4.885925769805908,4.696296215057373,4.725925922393799,3.5440781116485596,17213
2004-12-23,4.740740776062012,4.740740776062012,4.696296215057373,4.696296215057373,3.5218586921691895,10463
2004-12-27,4.672593116760254,4.717037200927734,4.518518924713135,4.717037200927734,3.537412166595459,21263
2004-12-28,4.740740776062012,4.740740776062012,4.619258880615234,4.6370368003845215,3.4774203300476074,61425
2004-12-29,4.722962856292725,4.740740776062012,4.711111068725586,4.711111068725586,3.549981117248535,42525
2004-12-30,4.681480884552002,4.737778186798096,4.681480884552002,4.737778186798096,3.5700764656066895,2025
2004-12-31,4.675556182861328,4.737778186798096,4.675556182861328,4.731852054595947,3.5656118392944336,3713
2005-01-03,4.681480884552002,4.681480884552002,4.494814872741699,4.559999942779541,3.436115026473999,83025
2005-01-04,4.488889217376709,4.562963008880615,4.480000019073486,4.506667137145996,3.3959245681762695,26325
2005-01-05,4.533332824707031,4.533332824707031,4.320000171661377,4.370369911193848,3.2932212352752686,44550
2005-01-06,4.53925895690918,4.53925895690918,4.296296119689941,4.296296119689941,3.2374038696289062,17550
2005-01-07,4.3140740394592285,4.325925827026367,4.2755560874938965,4.317037105560303,3.2530341148376465,35775
2005-01-10,4.725925922393799,4.740740776062012,4.444444179534912,4.657777786254883,3.5097928047180176,213975
2005-01-11,4.740740776062012,4.740740776062012,4.690370082855225,4.717037200927734,3.554447889328003,91800
2005-01-12,4.740740776062012,4.740740776062012,4.708148002624512,4.737778186798096,3.5700764656066895,32063
2005-01-13,4.740740776062012,4.800000190734863,4.711111068725586,4.711111068725586,3.549981117248535,94500
2005-01-14,4.808888912200928,4.814815044403076,4.740740776062012,4.814815044403076,3.6281261444091797,88763
2005-01-18,4.811851978302002,4.992592811584473,4.788147926330566,4.992592811584473,3.762085199356079,250763
2005-01-19,4.992592811584473,4.992592811584473,4.924444198608398,4.957036972045898,3.7352962493896484,52650
2005-01-20,4.918519020080566,4.962963104248047,4.918519020080566,4.962963104248047,3.7397584915161133,37800
2005-01-21,4.992592811584473,5.140740871429443,4.957036972045898,5.037036895751953,3.795576333999634,98213
2005-01-24,5.140740871429443,5.140740871429443,4.918519020080566,4.95111083984375,3.7308290004730225,93488
2005-01-25,5.111111164093018,5.111111164093018,4.740740776062012,4.770370006561279,3.594634771347046,62438
2005-01-26,4.743703842163086,4.743703842163086,4.444444179534912,4.503704071044922,3.393692970275879,139725
2005-01-27,4.485926151275635,4.5985188484191895,4.459259033203125,4.503704071044922,3.393692970275879,47588
2005-01-28,4.503704071044922,4.533332824707031,4.450369834899902,4.450369834899902,3.353503704071045,6750
2005-01-31,4.711111068725586,4.711111068725586,4.577777862548828,4.577777862548828,3.4495105743408203,28688
2005-02-01,4.592593193054199,4.6666669845581055,4.506667137145996,4.6666669845581055,3.5164904594421387,146138
2005-02-02,4.737778186798096,4.737778186798096,4.6370368003845215,4.696296215057373,3.538818836212158,86738
2005-02-03,4.7348151206970215,4.770370006561279,4.66963005065918,4.71999979019165,3.5566811561584473,136688
2005-02-04,4.740740776062012,4.814815044403076,4.740740776062012,4.740740776062012,3.5723087787628174,94838
2005-02-07,4.740740776062012,5.02222204208374,4.740740776062012,4.980741024017334,3.7531557083129883,98213
2005-02-08,4.891851902008057,5.3333330154418945,4.891851902008057,5.256296157836914,3.960797071456909,283838
2005-02-09,5.3333330154418945,5.3333330154418945,4.909629821777344,4.965926170349121,3.7419919967651367,125213
2005-02-10,5.1259260177612305,5.274074077606201,4.948147773742676,5.111111164093018,3.851395606994629,105975
2005-02-11,5.134815216064453,5.15259313583374,4.800000190734863,4.9037041664123535,3.6951053142547607,57375
2005-02-14,5.235556125640869,5.235556125640869,4.948147773742676,4.97777795791626,3.7509231567382812,169425
2005-02-15,5.241480827331543,5.241480827331543,5.066667079925537,5.119999885559082,3.85809063911438,41175
2005-02-16,5.31259298324585,5.3333330154418945,4.8444437980651855,5.119999885559082,3.85809063911438,238950
2005-02-17,5.223703861236572,5.256296157836914,5.066667079925537,5.066667079925537,3.817904472351074,91800
2005-02-18,5.066667079925537,5.229629993438721,4.954073905944824,5.1259260177612305,3.862557888031006,146138
2005-02-22,5.274074077606201,5.3333330154418945,5.039999961853027,5.262221813201904,3.9652597904205322,103950
2005-02-23,5.262221813201904,5.437036991119385,5.170370101928711,5.291851997375488,3.987591505050659,346275
2005-02-24,5.33036994934082,5.4340739250183105,5.037036895751953,5.143703937530518,3.875955820083618,203850
2005-02-25,5.111111164093018,5.211852073669434,5.007407188415527,5.0251851081848145,3.7866461277008057,91800
2005-02-28,4.9748148918151855,4.995555877685547,4.722962856292725,4.882963180541992,3.679478168487549,173138
2005-03-01,4.814815044403076,5.727406978607178,4.814815044403076,5.7244439125061035,4.31356143951416,1145475
2005-03-02,5.878519058227539,5.937777996063232,5.558518886566162,5.887406826019287,4.43635892868042,657113
2005-03-03,5.925926208496094,6.325925827026367,5.8933329582214355,6.239999771118164,4.702052116394043,738113
2005-03-04,6.296296119689941,6.435555934906006,6.148148059844971,6.290369987487793,4.740005016326904,208913
2005-03-07,6.5155558586120605,6.628148078918457,6.370369911193848,6.400000095367432,4.822615146636963,315900
2005-03-08,6.400000095367432,6.400000095367432,6.242962837219238,6.340741157531738,4.777963638305664,217688
2005-03-09,6.254815101623535,6.518518924713135,6.251852035522461,6.494814872741699,4.894063949584961,151875
2005-03-10,6.622221946716309,6.6666669845581055,6.237037181854248,6.5659260749816895,4.947647571563721,171450
2005-03-11,6.622221946716309,6.628148078918457,6.225184917449951,6.562963008880615,4.945415496826172,121163
2005-03-14,6.429629802703857,7.037036895751953,6.417778015136719,6.954073905944824,5.240128993988037,406688
2005-03-15,7.244443893432617,7.244443893432617,6.699258804321289,6.909629821777344,5.206637859344482,465075
2005-03-16,7.042963027954102,7.066667079925537,6.331851959228516,6.601480960845947,4.974441051483154,354713
2005-03-17,6.797037124633789,6.797037124633789,6.278519153594971,6.518518924713135,4.911923885345459,184950
2005-03-18,6.426667213439941,6.6666669845581055,6.3140740394592285,6.542222023010254,4.9297871589660645,106313
2005-03-21,6.6666669845581055,6.814815044403076,6.459259033203125,6.808888912200928,5.130726337432861,277763
2005-03-22,6.814815044403076,7.241480827331543,6.814815044403076,7.078518867492676,5.333901405334473,387450
2005-03-23,7.244443893432617,7.638518810272217,6.871110916137695,7.114074230194092,5.360696792602539,458663
2005-03-24,7.570370197296143,7.9229631423950195,7.199999809265137,7.905185222625732,5.956825256347656,498150
2005-03-28,8.106666564941406,8.474074363708496,7.940741062164307,8.287406921386719,6.244840621948242,1109700
2005-03-29,8.328888893127441,8.352593421936035,7.573332786560059,7.71851921081543,5.831801891326904,744525
2005-03-30,7.629630088806152,8.518519401550293,7.582221984863281,8.500741004943848,6.422818183898926,646313
2005-03-31,8.58666706085205,8.992592811584473,8.391111373901367,8.90666675567627,6.729518890380859,1163700
2005-04-01,9.066666603088379,9.520000457763672,8.918519020080566,9.359999656677246,7.0720391273498535,1374975
2005-04-04,9.324443817138672,9.555556297302246,9.051852226257324,9.422222137451172,7.119051456451416,864675
2005-04-05,9.582221984863281,9.582221984863281,9.191110610961914,9.442962646484375,7.134721755981445,331425
2005-04-06,9.629630088806152,10.133333206176758,9.481480598449707,10.088889122009277,7.622761249542236,732375
2005-04-07,10.0,10.106666564941406,9.194073677062988,9.605925559997559,7.257852554321289,1396575
2005-04-08,9.745184898376465,9.89037036895752,9.265185356140137,9.4399995803833,7.132487773895264,378000
2005-04-11,9.4399995803833,9.771851539611816,8.755556106567383,9.063703536987305,6.848170280456543,1065825
2005-04-12,8.88888931274414,9.11111068725586,7.771852016448975,8.631111145019531,6.52131986618042,1921050
2005-04-13,8.399999618530273,8.631111145019531,8.029629707336426,8.248888969421387,6.232529640197754,465750
2005-04-14,8.12740707397461,8.23703670501709,7.428147792816162,7.502222061157227,5.6683759689331055,641588
2005-04-15,7.4844441413879395,7.487407207489014,6.764443874359131,6.871110916137695,5.191534996032715,964913
2005-04-18,6.856296062469482,7.599999904632568,6.6370368003845215,7.428147792816162,5.612411022186279,1039838
2005-04-19,7.629630088806152,8.5600004196167,7.629630088806152,8.465185165405273,6.395954608917236,1114088
2005-04-20,9.179259300231934,9.182222366333008,8.349630355834961,8.634074211120605,6.523561000823975,1503900
2005-04-21,9.01629638671875,9.01629638671875,8.325925827026367,8.533332824707031,6.44744348526001,810000
2005-04-22,8.518519401550293,8.885926246643066,8.0,8.882963180541992,6.711609840393066,753300
2005-04-25,8.948147773742676,9.072592735290527,8.391111373901367,8.577777862548828,6.481023788452148,560925
2005-04-26,8.607406616210938,8.696295738220215,8.133333206176758,8.420741081237793,6.362372398376465,333788
2005-04-27,8.088889122009277,8.207406997680664,7.318519115447998,7.564444065093994,5.715389251708984,832613
2005-04-28,7.3333330154418945,8.100741386413574,7.321481227874756,7.857778072357178,5.937019348144531,460013
2005-04-29,7.857778072357178,8.074073791503906,7.546667098999023,8.035555839538574,6.0713419914245605,402638
2005-05-02,8.133333206176758,8.429630279541016,7.887406826019287,8.186667442321777,6.185515880584717,432675
2005-05-03,8.222222328186035,8.266667366027832,7.638518810272217,7.878519058227539,5.952693462371826,329063
2005-05-04,7.890369892120361,7.985185146331787,7.445926189422607,7.522963047027588,5.684049606323242,513000
2005-05-05,7.525926113128662,8.100741386413574,7.525926113128662,7.964444160461426,6.017614364624023,427613
2005-05-06,8.148147583007812,8.604443550109863,7.940741062164307,8.337778091430664,6.299689292907715,587925
2005-05-09,8.50963020324707,9.096296310424805,8.414814949035645,9.084444046020508,6.8638410568237305,895050
2005-05-10,9.232592582702637,9.274073600769043,7.887406826019287,8.207406997680664,6.201187610626221,1938263
2005-05-11,8.589630126953125,8.619258880615234,8.222222328186035,8.57185173034668,6.476545333862305,507263
2005-05-12,8.737777709960938,8.737777709960938,7.970369815826416,8.079999923706055,6.104923725128174,710775
2005-05-13,8.139259338378906,8.148147583007812,7.703703880310059,7.866666793823242,5.943737030029297,364500
2005-05-16,7.925926208496094,7.982222080230713,7.703703880310059,7.943704128265381,6.001944065093994,317250
2005-05-17,8.133333206176758,8.438518524169922,7.837037086486816,8.414814949035645,6.357895851135254,296663
2005-05-18,8.435556411743164,8.71407413482666,8.435556411743164,8.61629581451416,6.510128021240234,314213
2005-05-19,8.702221870422363,8.702221870422363,8.17481517791748,8.557037353515625,6.465354919433594,388463
2005-05-20,8.5925931930542,8.797037124633789,8.30222225189209,8.740740776062012,6.604153156280518,212963
2005-05-23,9.022221565246582,9.82518482208252,8.856295585632324,9.647406578063965,7.289193153381348,1578150
2005-05-24,9.792593002319336,10.005926132202148,9.35111141204834,9.487406730651855,7.168303966522217,896063
2005-05-25,9.608888626098633,9.626667022705078,8.924444198608398,9.570369720458984,7.230985641479492,557888
2005-05-26,9.736295700073242,10.19259262084961,9.36296272277832,10.0,7.555598258972168,907200
2005-05-27,10.0,10.491851806640625,9.854814529418945,10.355555534362793,7.8242363929748535,1652400
2005-05-31,10.631111145019531,11.12592601776123,10.527406692504883,10.939258575439453,8.265264511108398,1576463
2005-06-01,11.226667404174805,11.259259223937988,10.405925750732422,10.773332595825195,8.13989543914795,1284863
2005-06-02,10.826666831970215,11.066666603088379,10.728889465332031,11.037036895751953,8.339142799377441,472838
2005-06-03,11.039999961853027,11.087407112121582,10.764444351196289,10.894815444946289,8.231684684753418,501188
2005-06-06,10.752593040466309,11.508148193359375,10.752593040466309,11.345185279846191,8.571967124938965,818438
2005-06-07,11.46074104309082,11.691851615905762,10.844444274902344,11.001481056213379,8.312274932861328,794475
2005-06-08,10.957036972045898,11.099259376525879,9.777777671813965,9.940740585327148,7.510823726654053,2122538
2005-06-09,9.940740585327148,10.02074146270752,9.35111141204834,9.727407455444336,7.349636554718018,885600
2005-06-10,9.552593231201172,10.222222328186035,9.54370403289795,10.002963066101074,7.55783748626709,445500
2005-06-13,10.702221870422363,10.859258651733398,10.426667213439941,10.642963409423828,8.041397094726562,810000
2005-06-14,10.622221946716309,10.767407417297363,10.438518524169922,10.696295738220215,8.081690788269043,351000
2005-06-15,10.370369911193848,11.066666603088379,10.370369911193848,10.962963104248047,8.283175468444824,611888
2005-06-16,10.962963104248047,11.259259223937988,10.903703689575195,11.170370101928711,8.4398832321167,391500
2005-06-17,11.220741271972656,11.220741271972656,10.962963104248047,11.066666603088379,8.361530303955078,234900
2005-06-20,11.066666603088379,11.066666603088379,10.521480560302734,10.885926246643066,8.22496509552002,417825
2005-06-21,10.734814643859863,11.481480598449707,10.734814643859863,11.072592735290527,8.366007804870605,474525
2005-06-22,11.288888931274414,11.496295928955078,11.117036819458008,11.437037467956543,8.641363143920898,573413
2005-06-23,11.51111125946045,11.819258689880371,10.533332824707031,10.702221870422363,8.086167335510254,1028363
2005-06-24,10.702221870422363,10.980740547180176,10.536295890808105,10.672593116760254,8.063782691955566,1266300
2005-06-27,10.542222023010254,10.675556182861328,9.952592849731445,10.269630432128906,7.75931978225708,690188
2005-06-28,10.23703670501709,10.885926246643066,10.02074146270752,10.832592964172363,8.196496963500977,440438
2005-06-29,10.865184783935547,11.11111068725586,10.832592964172363,11.078518867492676,8.382576942443848,276750
2005-06-30,11.007407188415527,11.185185432434082,10.666666984558105,10.782221794128418,8.1583833694458,287213
2005-07-01,10.808889389038086,11.152592658996582,10.808889389038086,10.974815368652344,8.304108619689941,171450
2005-07-05,10.977778434753418,11.760000228881836,10.977778434753418,11.733332633972168,8.87804126739502,532238
2005-07-06,11.703703880310059,11.76296329498291,11.294815063476562,11.632593154907227,8.801817893981934,420525
2005-07-07,11.339259147644043,11.629630088806152,11.309630393981934,11.594074249267578,8.772672653198242,310163
2005-07-08,11.76296329498291,12.242962837219238,11.76296329498291,12.219259262084961,9.245719909667969,664200
2005-07-11,12.242962837219238,12.515556335449219,11.277036666870117,11.671111106872559,8.830964088439941,1029375
2005-07-12,11.786666870117188,11.9674072265625,11.339259147644043,11.703703880310059,8.855624198913574,372600
2005-07-13,11.76296329498291,12.082962989807129,11.76296329498291,12.005926132202148,9.08430004119873,309488
2005-07-14,12.148147583007812,12.426667213439941,11.757037162780762,11.866666793823242,8.978931427001953,295988
2005-07-15,11.940740585327148,12.293333053588867,11.940740585327148,12.213333129882812,9.24123477935791,202838
2005-07-18,12.191110610961914,13.528888702392578,11.848889350891113,12.831110954284668,9.70867919921875,542475
2005-07-19,12.928889274597168,13.20444393157959,12.671111106872559,12.95111083984375,9.79947566986084,438075
2005-07-20,13.022221565246582,13.600000381469727,12.95555591583252,13.5600004196167,10.26019287109375,358200
2005-07-21,13.577777862548828,13.675556182861328,13.319999694824219,13.404443740844727,10.142491340637207,272700
2005-07-22,13.613332748413086,13.613332748413086,12.355555534362793,12.977778434753418,9.819652557373047,453825
2005-07-25,12.977778434753418,13.733332633972168,12.88888931274414,13.422222137451172,10.155942916870117,311850
2005-07-26,13.48888874053955,13.657777786254883,13.4399995803833,13.644444465637207,10.324088096618652,211275
2005-07-27,13.622221946716309,13.711111068725586,13.04444408416748,13.48888874053955,10.20638370513916,247275
2005-07-28,13.386667251586914,13.515556335449219,13.026666641235352,13.20444393157959,9.99116325378418,211950
2005-07-29,13.20444393157959,13.644444465637207,13.04444408416748,13.497777938842773,10.21311092376709,193725
2005-08-01,13.69777774810791,14.604443550109863,13.502222061157227,14.186667442321777,10.734355926513672,642150
2005-08-02,14.213333129882812,14.377778053283691,14.013333320617676,14.373332977294922,10.875601768493652,326700
2005-08-03,14.391111373901367,14.431111335754395,13.582221984863281,13.74666690826416,10.401436805725098,319050
2005-08-04,13.88888931274414,13.88888931274414,13.09333324432373,13.3644437789917,10.112223625183105,397125
2005-08-05,13.226667404174805,13.328888893127441,12.177778244018555,12.5600004196167,9.50354290008545,706950
2005-08-08,12.448888778686523,12.862221717834473,11.991110801696777,12.79555606842041,9.681770324707031,652725
2005-08-09,12.808889389038086,13.022221565246582,10.346667289733887,10.711111068725586,8.104582786560059,1877400
2005-08-10,11.0,11.0,9.408888816833496,9.835556030273438,7.442080974578857,1489950
2005-08-11,9.844444274902344,9.88888931274414,9.466667175292969,9.773332595825195,7.39500617980957,618300
2005-08-12,9.64888858795166,9.773332595825195,9.248888969421387,9.457777976989746,7.156239032745361,576450
2005-08-15,9.386667251586914,9.608888626098633,9.14222240447998,9.568888664245605,7.240315914154053,416025
2005-08-16,9.515556335449219,9.69777774810791,9.288888931274414,9.435556411743164,7.139426231384277,486000
2005-08-17,9.41333293914795,9.564443588256836,8.640000343322754,8.662221908569336,6.554281711578369,728325
2005-08-18,8.577777862548828,8.933333396911621,8.25777816772461,8.835556030273438,6.685434341430664,686700
2005-08-19,9.022221565246582,9.426667213439941,8.90666675567627,9.231110572814941,6.984732151031494,547200
2005-08-22,9.328888893127441,9.493332862854004,9.288888931274414,9.4622220993042,7.159604549407959,254925
2005-08-23,9.542222023010254,9.546667098999023,9.11111068725586,9.25333309173584,7.001548767089844,178200
2005-08-24,9.244443893432617,9.30666732788086,9.004444122314453,9.133333206176758,6.9107465744018555,136125
2005-08-25,9.115555763244629,9.168889045715332,8.706666946411133,8.973333358764648,6.789685249328613,337050
2005-08-26,8.90666675567627,8.977778434753418,8.684444427490234,8.875555992126465,6.715700149536133,167400
2005-08-29,8.808889389038086,9.244443893432617,8.808889389038086,9.11111068725586,6.893936634063721,198000
2005-08-30,9.0977783203125,9.155555725097656,8.804444313049316,8.924444198608398,6.752692699432373,148950
2005-08-31,8.924444198608398,8.924444198608398,8.444443702697754,8.884444236755371,6.72242546081543,596700
2005-09-01,8.88888931274414,9.262222290039062,8.866666793823242,9.191110610961914,6.954470634460449,263925
2005-09-02,9.297778129577637,9.324443817138672,9.088889122009277,9.195555686950684,6.957828044891357,236475
2005-09-06,9.04444408416748,9.124444007873535,8.74666690826416,9.013333320617676,6.819946765899658,404325
2005-09-07,8.995555877685547,9.155555725097656,8.977778434753418,9.06222152709961,6.856940746307373,167175
2005-09-08,9.017778396606445,9.235555648803711,8.977778434753418,9.177778244018555,6.944378852844238,192150
2005-09-09,9.177778244018555,9.222222328186035,9.066666603088379,9.128889083862305,6.9073872566223145,237825
2005-09-12,9.11111068725586,10.41333293914795,9.09333324432373,10.324443817138672,7.812010288238525,1029375
2005-09-13,10.324443817138672,10.991110801696777,10.324443817138672,10.831110954284668,8.195375442504883,634500
2005-09-14,11.04444408416748,11.04444408416748,9.95111083984375,9.986666679382324,7.556424617767334,377325
2005-09-15,9.866666793823242,9.897777557373047,9.25333309173584,9.506667137145996,7.193231105804443,274500
2005-09-16,9.564443588256836,10.04888916015625,9.493332862854004,9.884444236755371,7.479077339172363,258075
2005-09-19,9.848889350891113,10.164443969726562,9.777777671813965,10.0,7.566513538360596,276750
2005-09-20,10.026666641235352,10.235555648803711,9.426667213439941,9.893333435058594,7.485804080963135,263250
2005-09-21,9.95111083984375,10.186667442321777,9.684444427490234,10.124444007873535,7.660675048828125,247275
2005-09-22,10.119999885559082,10.164443969726562,9.875555992126465,9.964444160461426,7.539610862731934,124875
2005-09-23,9.93777847290039,10.417778015136719,9.928889274597168,10.395556449890137,7.865810394287109,74700
2005-09-26,10.399999618530273,10.591111183166504,10.25333309173584,10.591111183166504,8.013777732849121,169425
2005-09-27,10.600000381469727,10.724444389343262,10.368888854980469,10.551111221313477,7.983509540557861,125100
2005-09-28,10.777777671813965,10.88888931274414,10.555556297302246,10.724444389343262,8.1489896774292,408825
2005-09-29,10.720000267028809,10.760000228881836,10.466667175292969,10.760000228881836,8.176007270812988,185625
2005-09-30,10.728889465332031,10.866666793823242,10.595556259155273,10.800000190734863,8.206400871276855,164250
2005-10-03,10.74666690826416,10.822221755981445,10.5600004196167,10.613332748413086,8.064563751220703,225225
2005-10-04,10.644444465637207,10.835556030273438,10.493332862854004,10.573332786560059,8.03416919708252,156600
2005-10-05,10.528888702392578,10.564443588256836,9.897777557373047,10.09333324432373,7.669436454772949,208800
2005-10-06,10.022221565246582,10.164443969726562,9.475556373596191,9.85777759552002,7.490451335906982,174375
2005-10-07,9.760000228881836,10.475556373596191,9.755556106567383,10.279999732971191,7.811280250549316,115875
2005-10-10,10.275555610656738,10.275555610656738,9.84000015258789,10.177778244018555,7.73360538482666,158625
2005-10-11,10.173333168029785,10.173333168029785,9.688888549804688,9.848889350891113,7.483699321746826,222975
2005-10-12,9.773332595825195,9.875555992126465,9.382222175598145,9.720000267028809,7.385761737823486,140625
2005-10-13,9.671111106872559,10.06222152709961,9.671111106872559,9.813332557678223,7.456681251525879,125775
2005-10-14,9.760000228881836,10.0,9.760000228881836,10.0,7.598520278930664,92475
2005-10-17,10.0,10.319999694824219,9.848889350891113,10.284443855285645,7.814657688140869,119250
2005-10-18,10.333333015441895,10.884444236755371,10.244443893432617,10.564443588256836,8.027409553527832,251775
2005-10-19,10.542222023010254,10.85777759552002,10.368888854980469,10.835556030273438,8.233416557312012,211950
2005-10-20,10.88888931274414,10.960000038146973,10.591111183166504,10.728889465332031,8.152366638183594,213075
2005-10-21,10.653332710266113,10.84000015258789,10.520000457763672,10.608888626098633,8.061184883117676,182475
2005-10-24,10.644444465637207,10.69333267211914,10.577777862548828,10.680000305175781,8.115219116210938,106200
2005-10-25,10.662221908569336,10.675556182861328,10.315555572509766,10.631111145019531,8.078069686889648,108675
2005-10-26,10.644444465637207,10.671111106872559,10.391111373901367,10.399999618530273,7.902462005615234,107550
2005-10-27,10.497777938842773,10.497777938842773,9.324443817138672,9.479999542236328,7.203393936157227,286875
2005-10-28,9.479999542236328,10.004444122314453,9.213333129882812,9.893333435058594,7.5174689292907715,193275
2005-10-31,9.90666675567627,9.995555877685547,9.671111106872559,9.848889350891113,7.483699321746826,169200
2005-11-01,9.88888931274414,10.391111373901367,9.880000114440918,10.328888893127441,7.848429203033447,121725
2005-11-02,10.395556449890137,11.600000381469727,10.395556449890137,11.5377779006958,8.767004013061523,389700
2005-11-03,11.6355562210083,11.897777557373047,11.173333168029785,11.222222328186035,8.52722454071045,308250
2005-11-04,11.20888900756836,11.222222328186035,10.493332862854004,10.644444465637207,8.088202476501465,214425
2005-11-07,10.964444160461426,11.773332595825195,10.711111068725586,11.666666984558105,8.864943504333496,347400
2005-11-08,11.666666984558105,11.88888931274414,8.666666984558105,8.773332595825195,6.666434288024902,2516625
2005-11-09,8.85777759552002,8.866666793823242,8.484443664550781,8.773332595825195,6.666434288024902,731250
2005-11-10,8.69333267211914,8.88888931274414,8.053333282470703,8.25777816772461,6.274689197540283,815175
2005-11-11,8.25777816772461,8.41333293914795,8.217778205871582,8.3644437789917,6.355741500854492,284850
2005-11-14,8.373332977294922,8.822221755981445,8.373332977294922,8.671111106872559,6.588760852813721,331200
2005-11-15,8.79111099243164,8.79111099243164,8.448888778686523,8.51111125946045,6.4671854972839355,220500
2005-11-16,8.573332786560059,8.728889465332031,8.533332824707031,8.680000305175781,6.595515727996826,169650
2005-11-17,8.6355562210083,8.662221908569336,8.15999984741211,8.404443740844727,6.386131763458252,295650
2005-11-18,8.444443702697754,8.760000228881836,8.422222137451172,8.733332633972168,6.6360392570495605,242100
2005-11-21,8.74222183227539,9.333333015441895,8.74222183227539,9.333333015441895,7.0919508934021,392625
2005-11-22,9.333333015441895,9.417778015136719,8.800000190734863,8.964444160461426,6.811653137207031,392175
2005-11-23,8.960000038146973,8.960000038146973,8.808889389038086,8.85777759552002,6.730597496032715,146700
2005-11-25,8.831110954284668,8.831110954284668,8.448888778686523,8.520000457763672,6.473939895629883,133200
2005-11-28,8.533332824707031,8.800000190734863,8.515556335449219,8.5600004196167,6.504334449768066,100350
2005-11-29,8.600000381469727,8.711111068725586,8.444443702697754,8.471111297607422,6.436790943145752,226800
2005-11-30,8.471111297607422,8.644444465637207,8.457777976989746,8.475556373596191,6.4401702880859375,109125
2005-12-01,8.475556373596191,8.600000381469727,8.297778129577637,8.319999694824219,6.321970462799072,199575
2005-12-02,8.266667366027832,8.311111450195312,7.857778072357178,7.902222156524658,6.004517555236816,390150
2005-12-05,7.871110916137695,7.986667156219482,7.733333110809326,7.862222194671631,5.974124431610107,409500
2005-12-06,7.8355560302734375,8.079999923706055,7.813333034515381,7.813333034515381,5.936975955963135,314550
2005-12-07,7.813333034515381,8.022221565246582,7.813333034515381,7.933332920074463,6.0281596183776855,278325
2005-12-08,7.960000038146973,8.4399995803833,7.960000038146973,8.297778129577637,6.305086135864258,647100
2005-12-09,8.25333309173584,8.266667366027832,8.088889122009277,8.182222366333008,6.217278003692627,142425
2005-12-12,8.222222328186035,8.222222328186035,8.008889198303223,8.026666641235352,6.09907865524292,155475
2005-12-13,8.0,8.30666732788086,7.8444437980651855,8.04888916015625,6.115965366363525,256500
2005-12-14,8.0,8.066666603088379,7.95111083984375,8.022221565246582,6.095702171325684,295425
2005-12-15,8.017778396606445,8.106666564941406,8.0,8.09333324432373,6.149735927581787,298575
2005-12-16,8.173333168029785,8.422222137451172,8.119999885559082,8.319999694824219,6.321970462799072,254925
2005-12-19,8.315555572509766,8.533332824707031,8.115555763244629,8.497777938842773,6.457054138183594,289800
2005-12-20,8.422222137451172,8.764444351196289,8.422222137451172,8.595556259155273,6.531349182128906,364275
2005-12-21,8.88888931274414,9.11111068725586,8.755556106567383,8.977778434753418,6.821781158447266,433125
2005-12-22,8.977778434753418,9.14222240447998,8.977778434753418,9.04444408416748,6.872438907623291,158625
2005-12-23,9.039999961853027,9.079999923706055,8.991110801696777,9.06222152709961,6.885946750640869,85500
2005-12-27,9.088889122009277,9.191110610961914,9.0,9.035555839538574,6.865685939788818,126225
2005-12-28,8.973333358764648,9.11111068725586,8.88888931274414,8.946666717529297,6.8317461013793945,219150
2005-12-29,8.920000076293945,8.977778434753418,8.875555992126465,8.875555992126465,6.777444839477539,150300
2005-12-30,8.85777759552002,8.9022216796875,8.577777862548828,8.591111183166504,6.560243129730225,172125
2006-01-03,8.555556297302246,8.768889427185059,8.244443893432617,8.74222183227539,6.675629138946533,402975
2006-01-04,8.755556106567383,9.151110649108887,8.640000343322754,9.022221565246582,6.889442443847656,188775
2006-01-05,9.022221565246582,9.151110649108887,8.88888931274414,9.084444046020508,6.936954021453857,127575
2006-01-06,9.071110725402832,9.199999809265137,9.066666603088379,9.177778244018555,7.008224964141846,135900
2006-01-09,9.199999809265137,9.444443702697754,9.177778244018555,9.324443817138672,7.120223045349121,235350
2006-01-10,9.248888969421387,9.777777671813965,8.933333396911621,9.684444427490234,7.395117282867432,396900
2006-01-11,9.688888549804688,9.982221603393555,9.555556297302246,9.582221984863281,7.3170599937438965,295200
2006-01-12,9.555556297302246,9.657777786254883,9.297778129577637,9.382222175598145,7.164342880249023,148725
2006-01-13,9.466667175292969,9.515556335449219,9.226667404174805,9.297778129577637,7.099858283996582,339300
2006-01-17,9.288888931274414,9.288888931274414,9.053333282470703,9.084444046020508,6.936954021453857,115650
2006-01-18,9.066666603088379,9.128889083862305,8.933333396911621,9.0,6.872471332550049,244350
2006-01-19,8.995555877685547,9.528888702392578,8.995555877685547,9.51111125946045,7.262763023376465,128700
2006-01-20,9.58666706085205,9.58666706085205,9.079999923706055,9.359999656677246,7.147372245788574,191700
2006-01-23,9.582221984863281,9.591111183166504,9.311111450195312,9.3644437789917,7.150763511657715,107550
2006-01-24,9.333333015441895,9.555556297302246,9.333333015441895,9.502222061157227,7.255973815917969,64800
2006-01-25,9.426667213439941,10.017778396606445,9.333333015441895,10.008889198303223,7.642868518829346,321975
2006-01-26,10.026666641235352,10.377778053283691,9.897777557373047,10.30666732788086,7.87025785446167,232200
2006-01-27,10.377778053283691,10.399999618530273,10.222222328186035,10.266667366027832,7.8397064208984375,105525
2006-01-30,10.266667366027832,10.266667366027832,9.564443588256836,9.973333358764648,7.615713596343994,225675
2006-01-31,9.973333358764648,9.973333358764648,9.675556182861328,9.688888549804688,7.398515224456787,171675
2006-02-01,9.684444427490234,10.151110649108887,9.680000305175781,9.924444198608398,7.578385353088379,125100
2006-02-02,10.04444408416748,10.04444408416748,9.386667251586914,9.631111145019531,7.354398250579834,313200
2006-02-03,9.520000457763672,9.88888931274414,9.466667175292969,9.777777671813965,7.466391086578369,169650
2006-02-06,9.755556106567383,10.333333015441895,9.688888549804688,10.275555610656738,7.846492290496826,257850
2006-02-07,10.333333015441895,10.373332977294922,9.595556259155273,9.640000343322754,7.3611836433410645,260325
2006-02-08,9.6355562210083,10.191110610961914,9.595556259155273,10.173333168029785,7.768437385559082,246375
2006-02-09,10.222222328186035,10.222222328186035,9.84000015258789,9.95111083984375,7.59874963760376,116775
2006-02-10,9.911110877990723,10.035555839538574,9.688888549804688,9.715556144714355,7.418876647949219,173250
2006-02-13,9.715556144714355,10.084444046020508,9.688888549804688,9.95555591583252,7.602144241333008,187425
2006-02-14,9.93777847290039,9.93777847290039,9.5600004196167,9.666666984558105,7.381544589996338,206775
2006-02-15,9.595556259155273,9.768889427185059,9.493332862854004,9.64888858795166,7.367967128753662,192375
2006-02-16,9.69777774810791,10.0977783203125,9.528888702392578,10.035555839538574,7.663231372833252,264150
2006-02-17,10.0977783203125,10.222222328186035,9.74222183227539,10.088889122009277,7.703954696655273,179100
2006-02-21,10.133333206176758,10.359999656677246,9.728889465332031,9.808889389038086,7.49014949798584,280125
2006-02-22,9.760000228881836,10.102222442626953,9.684444427490234,9.973333358764648,7.615713596343994,145800
2006-02-23,10.0,10.195555686950684,9.982221603393555,10.075555801391602,7.693777561187744,127125
2006-02-24,10.11111068725586,10.11111068725586,9.893333435058594,10.088889122009277,7.703954696655273,134550
2006-02-27,10.11111068725586,10.11111068725586,10.013333320617676,10.053333282470703,7.67680549621582,57600
2006-02-28,10.088889122009277,10.115555763244629,10.0,10.106666564941406,7.717533111572266,132975
2006-03-01,10.057778358459473,10.217778205871582,10.022221565246582,10.177778244018555,7.771832466125488,130725
2006-03-02,10.231110572814941,10.653332710266113,10.0,10.528888702392578,8.039947509765625,216450
2006-03-03,10.546667098999023,11.333333015441895,10.542222023010254,11.199999809265137,8.552408218383789,563175
2006-03-06,11.053333282470703,11.733332633972168,9.644444465637207,9.933333396911621,7.585175037384033,1329750
2006-03-07,9.995555877685547,10.311111450195312,9.942221641540527,9.986666679382324,7.625904560089111,262350
2006-03-08,10.04444408416748,10.408888816833496,10.04444408416748,10.275555610656738,7.846492290496826,188775
2006-03-09,10.271110534667969,11.20444393157959,10.20444393157959,10.93777847290039,8.352176666259766,488925
2006-03-10,11.106666564941406,11.146666526794434,10.95111083984375,11.066666603088379,8.450599670410156,288000
2006-03-13,11.11111068725586,11.4399995803833,10.911110877990723,11.031110763549805,8.423445701599121,305325
2006-03-14,11.102222442626953,11.333333015441895,11.057778358459473,11.284443855285645,8.616889953613281,163575
2006-03-15,11.284443855285645,11.284443855285645,10.942221641540527,11.14222240447998,8.508293151855469,201600
2006-03-16,11.177778244018555,11.600000381469727,10.95555591583252,11.102222442626953,8.477745056152344,402075
2006-03-17,11.0977783203125,11.146666526794434,10.333333015441895,10.573332786560059,8.073882102966309,573075
2006-03-20,10.617777824401855,10.915555953979492,10.466667175292969,10.737777709960938,8.199456214904785,220050
2006-03-21,10.79111099243164,10.866666793823242,10.604443550109863,10.79111099243164,8.240178108215332,140625
2006-03-22,10.813332557678223,11.022221565246582,10.595556259155273,10.928889274597168,8.345393180847168,156375
2006-03-23,10.95555591583252,11.026666641235352,10.688888549804688,10.768889427185059,8.223213195800781,130275
2006-03-24,10.69777774810791,10.808889389038086,10.235555648803711,10.426667213439941,7.961884021759033,303300
2006-03-27,10.395556449890137,10.395556449890137,9.728889465332031,9.848889350891113,7.520693302154541,517950
2006-03-28,9.84000015258789,9.848889350891113,9.30222225189209,9.342222213745117,7.133800029754639,727425
2006-03-29,9.346667289733887,9.79555606842041,9.346667289733887,9.604443550109863,7.3690876960754395,517500
2006-03-30,9.546667098999023,9.617777824401855,9.457777976989746,9.48888874053955,7.280426979064941,299925
2006-03-31,9.502222061157227,9.711111068725586,9.391111373901367,9.502222061157227,7.290658950805664,335025
2006-04-03,9.600000381469727,9.800000190734863,9.359999656677246,9.702221870422363,7.444108009338379,206550
2006-04-04,9.768889427185059,10.084444046020508,9.688888549804688,9.880000114440918,7.580509185791016,202500
2006-04-05,9.977778434753418,10.035555839538574,9.88888931274414,9.977778434753418,7.655532360076904,162225
2006-04-06,9.960000038146973,10.066666603088379,9.58666706085205,9.85777759552002,7.5634589195251465,151875
2006-04-07,9.880000114440918,9.884444236755371,9.466667175292969,9.502222061157227,7.290658950805664,111150
2006-04-10,9.48888874053955,9.813332557678223,9.457777976989746,9.591111183166504,7.358859062194824,186300
2006-04-11,9.577777862548828,9.662221908569336,9.102222442626953,9.213333129882812,7.069003105163574,194175
2006-04-12,9.222222328186035,9.617777824401855,9.222222328186035,9.4622220993042,7.25996732711792,134100
2006-04-13,9.475556373596191,9.626667022705078,9.271110534667969,9.368888854980469,7.188358306884766,60075
2006-04-17,9.346667289733887,9.502222061157227,9.15999984741211,9.275555610656738,7.116750717163086,128700
2006-04-18,9.333333015441895,9.604443550109863,9.333333015441895,9.51111125946045,7.297478199005127,89325
2006-04-19,9.577777862548828,9.688888549804688,9.5377779006958,9.666666984558105,7.416829586029053,83700
2006-04-20,9.715556144714355,9.9022216796875,9.600000381469727,9.844444274902344,7.553226470947266,96300
2006-04-21,9.9022216796875,9.9022216796875,9.688888549804688,9.69777774810791,7.44069766998291,99450
2006-04-24,9.720000267028809,9.724444389343262,9.568888664245605,9.568888664245605,7.341811180114746,77850
2006-04-25,9.568888664245605,9.866666793823242,9.546667098999023,9.84000015258789,7.549822807312012,106200
2006-04-26,9.688888549804688,9.74222183227539,9.368888854980469,9.395556449890137,7.208815097808838,254250
2006-04-27,9.382222175598145,9.551111221313477,9.15999984741211,9.199999809265137,7.058775424957275,155475
2006-04-28,9.119999885559082,9.471111297607422,9.11111068725586,9.368888854980469,7.188358306884766,100800
2006-05-01,9.74222183227539,9.813332557678223,9.502222061157227,9.5600004196167,7.334988594055176,198900
2006-05-02,9.551111221313477,9.644444465637207,9.408888816833496,9.444443702697754,7.246326923370361,110025
2006-05-03,9.404443740844727,9.41333293914795,9.244443893432617,9.311111450195312,7.14402437210083,76275
2006-05-04,9.275555610656738,9.528888702392578,9.186667442321777,9.431111335754395,7.236095905303955,68175
2006-05-05,9.542222023010254,9.95111083984375,9.431111335754395,9.928889274597168,7.618024826049805,145800
2006-05-08,9.11111068725586,9.426667213439941,8.786666870117188,9.022221565246582,6.922374725341797,612675
2006-05-09,8.911110877990723,9.58666706085205,8.911110877990723,9.51111125946045,7.297478199005127,420525
2006-05-10,9.444443702697754,9.666666984558105,9.444443702697754,9.573332786560059,7.345217227935791,186525
2006-05-11,9.577777862548828,9.768889427185059,9.5600004196167,9.640000343322754,7.39636754989624,140625
2006-05-12,9.595556259155273,9.595556259155273,9.288888931274414,9.342222213745117,7.167899131774902,207450
2006-05-15,9.231110572814941,9.25333309173584,8.800000190734863,8.844444274902344,6.785971641540527,165375
2006-05-16,8.835556030273438,9.084444046020508,8.835556030273438,8.991110801696777,6.898503303527832,123075
2006-05-17,9.004444122314453,9.199999809265137,8.724444389343262,8.74666690826416,6.710951805114746,224100
2006-05-18,8.822221755981445,9.039999961853027,8.666666984558105,8.684444427490234,6.663212776184082,187650
2006-05-19,8.724444389343262,8.733332633972168,8.41333293914795,8.671111106872559,6.652982234954834,200475
2006-05-22,8.626667022705078,8.768889427185059,8.493332862854004,8.666666984558105,6.649571418762207,167175
2006-05-23,8.724444389343262,9.168889045715332,8.724444389343262,9.022221565246582,6.922374725341797,139725
2006-05-24,8.95111083984375,9.248888969421387,8.880000114440918,9.04888916015625,6.942837238311768,160200
2006-05-25,9.119999885559082,9.266667366027832,8.986666679382324,9.115555763244629,6.993985652923584,223200
2006-05-26,9.106666564941406,9.195555686950684,9.022221565246582,9.191110610961914,7.051958084106445,157275
2006-05-30,9.11111068725586,9.133333206176758,8.831110954284668,8.848889350891113,6.78938102722168,313425
2006-05-31,8.871110916137695,8.884444236755371,8.666666984558105,8.755556106567383,6.717771530151367,346950
2006-06-01,8.782221794128418,8.924444198608398,8.666666984558105,8.880000114440918,6.813253402709961,155700
2006-06-02,8.964444160461426,8.968889236450195,8.737777709960938,8.853333473205566,6.792794227600098,152325
2006-06-05,8.786666870117188,8.831110954284668,8.288888931274414,8.311111450195312,6.376765251159668,215325
2006-06-06,8.315555572509766,8.702221870422363,8.017778396606445,8.115555763244629,6.226727485656738,246825
2006-06-07,8.191110610961914,8.591111183166504,8.119999885559082,8.217778205871582,6.305157661437988,172800
2006-06-08,8.146666526794434,8.213333129882812,7.906667232513428,8.137778282165527,6.243775844573975,124650
2006-06-09,8.133333206176758,8.20888900756836,7.866666793823242,7.875555992126465,6.042585849761963,148275
2006-06-12,7.915555953979492,7.924444198608398,7.791110992431641,7.81777811050415,5.998255252838135,117900
2006-06-13,7.8222222328186035,8.053333282470703,7.524444103240967,7.533332824707031,5.780012130737305,218475
2006-06-14,7.635556221008301,7.880000114440918,7.595555782318115,7.8355560302734375,6.011893272399902,133875
2006-06-15,7.853332996368408,8.199999809265137,7.853332996368408,8.14222240447998,6.247186660766602,118125
2006-06-16,8.119999885559082,8.191110610961914,7.884444236755371,8.04444408416748,6.172165870666504,274500
2006-06-19,8.09333324432373,8.09333324432373,7.862222194671631,7.871110916137695,6.039175033569336,106425
2006-06-20,7.920000076293945,7.920000076293945,7.7688889503479,7.7733330726623535,5.964155197143555,94275
2006-06-21,7.813333034515381,8.128889083862305,7.733333110809326,8.057778358459473,6.182395935058594,123075
2006-06-22,8.004444122314453,8.022221565246582,7.884444236755371,8.008889198303223,6.144886493682861,50625
2006-06-23,7.960000038146973,8.124444007873535,7.888888835906982,8.053333282470703,6.178986072540283,84375
2006-06-26,8.088889122009277,8.213333129882812,8.04444408416748,8.213333129882812,6.301746845245361,92700
2006-06-27,8.231110572814941,8.426667213439941,8.231110572814941,8.346667289733887,6.40404748916626,123525
2006-06-28,8.279999732971191,8.324443817138672,8.026666641235352,8.20444393157959,6.3286261558532715,82575
2006-06-29,8.239999771118164,8.773332595825195,8.239999771118164,8.724444389343262,6.729737281799316,201600
2006-06-30,8.800000190734863,9.235555648803711,8.600000381469727,9.235555648803711,7.123988628387451,1475325
2006-07-03,9.248888969421387,9.25777816772461,9.022221565246582,9.20888900756836,7.10341739654541,63450
2006-07-05,9.20888900756836,9.244443893432617,9.004444122314453,9.06222152709961,6.990285873413086,117900
2006-07-06,9.115555763244629,9.164443969726562,8.93777847290039,9.017778396606445,6.9560017585754395,71100
2006-07-07,9.0,9.133333206176758,8.982221603393555,9.035555839538574,6.969714641571045,55125
2006-07-10,9.177778244018555,9.191110610961914,8.911110877990723,8.920000076293945,6.88057804107666,80775
2006-07-11,8.875555992126465,8.928889274597168,8.831110954284668,8.844444274902344,6.822298526763916,88425
2006-07-12,8.862221717834473,8.942221641540527,8.613332748413086,8.764444351196289,6.760590076446533,117225
2006-07-13,8.675556182861328,8.764444351196289,8.088889122009277,8.195555686950684,6.3217692375183105,243900
2006-07-14,8.164443969726562,8.319999694824219,7.888888835906982,7.97777795791626,6.153783321380615,158625
2006-07-17,7.933332920074463,8.066666603088379,7.8933329582214355,7.9422221183776855,6.126356601715088,58725
2006-07-18,7.995555877685547,8.031110763549805,7.599999904632568,7.751111030578613,5.978940963745117,84600
2006-07-19,7.777778148651123,8.031110763549805,7.777778148651123,7.813333034515381,6.026935577392578,91350
2006-07-20,7.813333034515381,7.8933329582214355,7.368888854980469,7.400000095367432,5.708104133605957,170775
2006-07-21,7.444444179534912,7.559999942779541,7.337778091430664,7.386666774749756,5.697819232940674,120600
2006-07-24,7.400000095367432,7.639999866485596,7.337778091430664,7.5155558586120605,5.797240257263184,107550
2006-07-25,7.471110820770264,7.755556106567383,7.471110820770264,7.7244439125061035,5.958370208740234,148500
2006-07-26,7.71999979019165,7.866666793823242,7.675556182861328,7.8444437980651855,6.0509352684021,69525
2006-07-27,7.866666793823242,8.102222442626953,7.577777862548828,7.7866668701171875,6.0063676834106445,75150
2006-07-28,7.81777811050415,8.04444408416748,7.79555606842041,8.04444408416748,6.205207824707031,108000
2006-07-31,8.102222442626953,8.373332977294922,8.017778396606445,8.035555839538574,6.198349952697754,171450
2006-08-01,7.968889236450195,8.231110572814941,7.8444437980651855,7.897778034210205,6.092076301574707,46350
2006-08-02,7.902222156524658,8.119999885559082,7.81777811050415,7.871110916137695,6.071503639221191,60750
2006-08-03,7.8222222328186035,7.960000038146973,7.742221832275391,7.857778072357178,6.061217784881592,45225
2006-08-04,7.933332920074463,8.182222366333008,7.7866668701171875,7.915555953979492,6.10578727722168,51750
2006-08-07,7.991110801696777,8.053333282470703,7.813333034515381,7.924444198608398,6.112644195556641,56475
2006-08-08,7.968889236450195,8.319999694824219,7.777778148651123,8.115555763244629,6.260060787200928,135450
2006-08-09,8.14222240447998,8.182222366333008,7.924444198608398,7.960000038146973,6.140069484710693,73575
2006-08-10,7.95111083984375,8.079999923706055,7.813333034515381,7.813333034515381,6.026935577392578,77400
2006-08-11,7.831110954284668,8.515556335449219,7.831110954284668,8.515556335449219,6.568606376647949,96300
2006-08-14,8.533332824707031,8.808889389038086,8.293333053588867,8.422222137451172,6.496613025665283,55125
2006-08-15,8.484443664550781,8.826666831970215,8.399999618530273,8.804444313049316,6.791443824768066,57825
2006-08-16,8.866666793823242,9.106666564941406,8.822221755981445,9.0977783203125,7.017712593078613,87075
2006-08-17,9.04888916015625,9.151110649108887,8.804444313049316,9.133333206176758,7.045138835906982,78075
2006-08-18,9.066666603088379,9.066666603088379,8.853333473205566,8.875555992126465,6.846296787261963,44325
2006-08-21,8.862221717834473,9.151110649108887,8.862221717834473,9.004444122314453,6.945716381072998,61425
2006-08-22,8.9022216796875,8.991110801696777,8.711111068725586,8.933333396911621,6.890864372253418,32625
2006-08-23,8.933333396911621,9.013333320617676,8.733332633972168,8.853333473205566,6.829159736633301,59625
2006-08-24,8.675556182861328,8.69777774810791,8.453332901000977,8.684444427490234,6.698883533477783,108000
2006-08-25,8.69777774810791,8.933333396911621,8.666666984558105,8.85777759552002,6.832582473754883,29475
2006-08-28,8.884444236755371,8.884444236755371,8.733332633972168,8.84000015258789,6.818869113922119,21825
2006-08-29,8.835556030273438,8.835556030273438,8.720000267028809,8.724444389343262,6.729737281799316,25200
2006-08-30,8.69777774810791,8.831110954284668,8.622221946716309,8.69777774810791,6.709168434143066,20925
2006-08-31,8.69777774810791,8.866666793823242,8.69777774810791,8.764444351196289,6.760590076446533,42300
2006-09-01,8.79111099243164,8.960000038146973,8.760000228881836,8.897777557373047,6.863438129425049,36675
2006-09-05,8.866666793823242,9.066666603088379,8.817777633666992,8.977778434753418,6.925148010253906,38925
2006-09-06,8.93777847290039,9.008889198303223,8.733332633972168,8.9022216796875,6.866866111755371,80100
2006-09-07,8.862221717834473,8.862221717834473,8.657777786254883,8.657777786254883,6.6783127784729,50850
2006-09-08,8.640000343322754,8.653332710266113,8.448888778686523,8.471111297607422,6.534322738647461,66375
2006-09-11,8.471111297607422,8.502222061157227,8.164443969726562,8.186667442321777,6.314911365509033,70425
2006-09-12,8.155555725097656,8.493332862854004,8.119999885559082,8.266667366027832,6.376621723175049,58500
2006-09-13,8.248888969421387,8.453332901000977,8.248888969421387,8.35111141204834,6.44175910949707,46125
2006-09-14,8.342222213745117,8.382222175598145,8.266667366027832,8.30222225189209,6.40404748916626,20475
2006-09-15,8.391111373901367,8.497777938842773,8.288888931274414,8.288888931274414,6.393762588500977,14625
2006-09-18,8.324443817138672,8.377778053283691,8.217778205871582,8.239999771118164,6.356052398681641,46125
2006-09-19,8.293333053588867,8.359999656677246,8.079999923706055,8.079999923706055,6.232634544372559,86400
2006-09-20,8.088889122009277,8.30666732788086,8.0,8.297778129577637,6.40062141418457,70650
2006-09-21,8.297778129577637,8.342222213745117,8.266667366027832,8.266667366027832,6.376621723175049,50625
2006-09-22,8.266667366027832,8.399999618530273,8.266667366027832,8.35111141204834,6.44175910949707,20250
2006-09-25,8.386667251586914,8.555556297302246,8.386667251586914,8.51111125946045,6.5651774406433105,42975
2006-09-26,8.48888874053955,8.684444427490234,8.48888874053955,8.622221946716309,6.650882244110107,51075
2006-09-27,8.551111221313477,8.777777671813965,8.533332824707031,8.591111183166504,6.661223888397217,97425
2006-09-28,8.58666706085205,8.924444198608398,8.5600004196167,8.871110916137695,6.87832498550415,55125
2006-09-29,8.835556030273438,9.288888931274414,8.675556182861328,9.115555763244629,7.067860126495361,75825
2006-10-02,9.079999923706055,9.328888893127441,8.85777759552002,9.213333129882812,7.143673419952393,62325
2006-10-03,9.06222152709961,9.266667366027832,8.79111099243164,8.946666717529297,6.936905860900879,47475
2006-10-04,8.884444236755371,8.968889236450195,8.884444236755371,8.915555953979492,6.91278600692749,47475
2006-10-05,8.95111083984375,9.222222328186035,8.911110877990723,9.222222328186035,7.150565147399902,29925
2006-10-06,9.231110572814941,9.235555648803711,8.991110801696777,9.079999923706055,7.040292263031006,25875
2006-10-09,9.075555801391602,9.266667366027832,9.075555801391602,9.262222290039062,7.181580066680908,18000
2006-10-10,9.244443893432617,9.288888931274414,8.715556144714355,8.875555992126465,6.881770610809326,140850
2006-10-11,8.800000190734863,9.022221565246582,8.800000190734863,8.88888931274414,6.892107963562012,56475
2006-10-12,8.911110877990723,9.017778396606445,8.880000114440918,8.995555877685547,6.9748148918151855,73125
2006-10-13,9.0,9.333333015441895,8.9022216796875,9.333333015441895,7.236714839935303,72900
2006-10-16,9.288888931274414,9.497777938842773,9.177778244018555,9.479999542236328,7.350434303283691,81675
2006-10-17,9.4399995803833,9.737777709960938,9.404443740844727,9.737777709960938,7.550304412841797,44775
2006-10-18,9.737777709960938,9.777777671813965,9.626667022705078,9.777777671813965,7.581321716308594,36450
2006-10-19,9.777777671813965,9.777777671813965,9.359999656677246,9.582221984863281,7.429691314697266,102825
2006-10-20,9.617777824401855,9.777777671813965,9.4399995803833,9.671111106872559,7.498614311218262,212175
2006-10-23,9.613332748413086,9.773332595825195,9.568888664245605,9.74666690826416,7.557194232940674,139050
2006-10-24,9.777777671813965,9.777777671813965,9.608888626098633,9.728889465332031,7.543416976928711,90225
2006-10-25,9.728889465332031,9.733332633972168,9.644444465637207,9.728889465332031,7.543416976928711,76725
2006-10-26,9.760000228881836,9.760000228881836,9.568888664245605,9.64888858795166,7.481382846832275,146475
2006-10-27,9.644444465637207,9.644444465637207,9.466667175292969,9.466667175292969,7.340096473693848,69975
2006-10-30,9.435556411743164,9.555556297302246,9.333333015441895,9.355555534362793,7.2539448738098145,38925
2006-10-31,9.222222328186035,9.622221946716309,9.222222328186035,9.546667098999023,7.402126312255859,66600
2006-11-01,9.58666706085205,9.58666706085205,9.199999809265137,9.244443893432617,7.167791366577148,37125
2006-11-02,9.186667442321777,9.466667175292969,9.075555801391602,9.466667175292969,7.340096473693848,68400
2006-11-03,9.493332862854004,9.528888702392578,9.391111373901367,9.426667213439941,7.30908203125,40725
2006-11-06,9.355555534362793,9.435556411743164,9.071110725402832,9.25777816772461,7.178131103515625,81450
2006-11-07,9.262222290039062,9.58666706085205,8.675556182861328,8.88888931274414,6.892107963562012,295200
2006-11-08,8.88888931274414,9.199999809265137,8.813332557678223,9.186667442321777,7.122994899749756,156375
2006-11-09,9.186667442321777,9.546667098999023,9.09333324432373,9.475556373596191,7.346987724304199,63225
2006-11-10,9.4622220993042,9.69777774810791,9.4622220993042,9.680000305175781,7.50550651550293,57825
2006-11-13,9.684444427490234,9.933333396911621,9.573332786560059,9.831110954284668,7.6226725578308105,128250
2006-11-14,9.880000114440918,9.920000076293945,9.786666870117188,9.813332557678223,7.60888671875,72000
2006-11-15,9.844444274902344,9.875555992126465,9.248888969421387,9.497777938842773,7.364220142364502,150750
2006-11-16,9.591111183166504,9.662221908569336,9.475556373596191,9.48888874053955,7.35732364654541,31950
2006-11-17,9.431111335754395,9.564443588256836,9.431111335754395,9.484443664550781,7.353877067565918,34200
2006-11-20,9.457777976989746,9.493332862854004,9.382222175598145,9.386667251586914,7.2780632972717285,24075
2006-11-21,9.399999618530273,9.835556030273438,9.399999618530273,9.835556030273438,7.6261162757873535,89325
2006-11-22,9.777777671813965,10.031110763549805,9.6355562210083,9.777777671813965,7.581321716308594,38250
2006-11-24,9.733332633972168,9.813332557678223,9.706666946411133,9.804444313049316,7.601996898651123,11475
2006-11-27,9.74222183227539,9.74222183227539,9.342222213745117,9.431111335754395,7.312526226043701,67275
2006-11-28,9.431111335754395,9.431111335754395,9.284443855285645,9.333333015441895,7.236714839935303,57825
2006-11-29,9.342222213745117,9.408888816833496,9.315555572509766,9.35111141204834,7.250495433807373,39825
2006-11-30,9.399999618530273,9.399999618530273,9.297778129577637,9.297778129577637,7.209142208099365,34200
2006-12-01,9.297778129577637,9.297778129577637,9.06222152709961,9.09333324432373,7.050625324249268,77175
2006-12-04,9.30222225189209,9.644444465637207,9.275555610656738,9.644444465637207,7.477936744689941,71775
2006-12-05,9.644444465637207,9.644444465637207,9.417778015136719,9.457777976989746,7.333201885223389,66375
2006-12-06,9.404443740844727,9.479999542236328,9.226667404174805,9.271110534667969,7.188470363616943,32175
2006-12-07,9.355555534362793,9.520000457763672,9.346667289733887,9.4399995803833,7.319418430328369,60975
2006-12-08,9.4399995803833,9.551111221313477,9.25777816772461,9.373332977294922,7.267727851867676,55800
2006-12-11,9.35111141204834,9.546667098999023,9.333333015441895,9.520000457763672,7.381448745727539,42525
2006-12-12,9.51111125946045,9.51111125946045,9.315555572509766,9.399999618530273,7.288404941558838,90900
2006-12-13,9.422222137451172,9.51111125946045,9.422222137451172,9.506667137145996,7.371109962463379,33975
2006-12-14,9.466667175292969,9.728889465332031,9.466667175292969,9.715556144714355,7.533075332641602,107100
2006-12-15,9.715556144714355,9.724444389343262,9.644444465637207,9.671111106872559,7.498614311218262,36000
2006-12-18,9.644444465637207,9.755556106567383,9.475556373596191,9.475556373596191,7.346987724304199,33300
2006-12-19,9.453332901000977,9.626667022705078,9.448888778686523,9.577777862548828,7.426244735717773,38250
2006-12-20,9.631111145019531,9.631111145019531,9.262222290039062,9.266667366027832,7.185023784637451,51300
2006-12-21,9.408888816833496,9.408888816833496,9.20444393157959,9.262222290039062,7.181580066680908,39150
2006-12-22,9.288888931274414,9.288888931274414,9.057778358459473,9.057778358459473,7.023056507110596,51300
2006-12-26,9.022221565246582,9.124444007873535,9.008889198303223,9.11111068725586,7.064413547515869,30150
2006-12-27,9.022221565246582,9.768889427185059,8.88888931274414,9.768889427185059,7.611557960510254,87075
2006-12-28,9.399999618530273,9.426667213439941,9.008889198303223,9.14222240447998,7.123279571533203,82125
2006-12-29,9.14222240447998,9.222222328186035,9.11111068725586,9.115555763244629,7.102504730224609,28125
2007-01-03,9.222222328186035,9.279999732971191,9.039999961853027,9.173333168029785,7.147524356842041,74250
2007-01-04,9.25777816772461,9.25777816772461,9.022221565246582,9.177778244018555,7.150985240936279,27900
2007-01-05,9.0,9.057778358459473,8.88888931274414,8.893333435058594,6.92935848236084,22500
2007-01-08,8.835556030273438,8.915555953979492,8.800000190734863,8.871110916137695,6.912041664123535,59175
2007-01-09,8.88888931274414,9.031110763549805,8.880000114440918,8.946666717529297,6.970911502838135,117900
2007-01-10,8.911110877990723,9.013333320617676,8.88888931274414,8.968889236450195,6.98822546005249,27225
2007-01-11,9.075555801391602,9.151110649108887,8.88888931274414,9.151110649108887,7.130206108093262,78525
2007-01-12,9.071110725402832,9.217778205871582,8.893333435058594,9.217778205871582,7.18215274810791,55575
2007-01-16,9.133333206176758,9.25777816772461,9.106666564941406,9.128889083862305,7.112890720367432,181350
2007-01-17,9.084444046020508,9.266667366027832,9.057778358459473,9.231110572814941,7.192539691925049,29025
2007-01-18,9.239999771118164,9.266667366027832,9.164443969726562,9.177778244018555,7.150985240936279,28125
2007-01-19,9.25333309173584,9.293333053588867,9.155555725097656,9.239999771118164,7.199464797973633,20700
2007-01-22,9.199999809265137,9.20888900756836,9.177778244018555,9.177778244018555,7.150985240936279,15975
2007-01-23,9.15999984741211,9.199999809265137,9.017778396606445,9.199999809265137,7.16829776763916,57150
2007-01-24,9.20888900756836,9.315555572509766,9.151110649108887,9.30666732788086,7.251413822174072,50625
2007-01-25,9.297778129577637,9.675556182861328,9.297778129577637,9.524443626403809,7.421088695526123,82800
2007-01-26,9.48888874053955,9.515556335449219,9.391111373901367,9.444443702697754,7.358761310577393,33525
2007-01-29,9.466667175292969,9.484443664550781,9.337778091430664,9.346667289733887,7.2825798988342285,34650
2007-01-30,9.337778091430664,9.475556373596191,9.333333015441895,9.333333015441895,7.272188663482666,68175
2007-01-31,9.333333015441895,9.457777976989746,9.248888969421387,9.4399995803833,7.35529899597168,48375
2007-02-01,9.475556373596191,9.666666984558105,9.475556373596191,9.653332710266113,7.521519660949707,40950
2007-02-02,9.591111183166504,9.680000305175781,9.564443588256836,9.653332710266113,7.521519660949707,45675
2007-02-05,9.653332710266113,9.666666984558105,9.573332786560059,9.613332748413086,7.49035120010376,29925
2007-02-06,9.591111183166504,9.684444427490234,9.58666706085205,9.626667022705078,7.500740051269531,73575
2007-02-07,9.622221946716309,9.777777671813965,9.58666706085205,9.666666984558105,7.531907081604004,88650
2007-02-08,9.733332633972168,9.737777709960938,9.64888858795166,9.688888549804688,7.549223899841309,40500
2007-02-09,9.720000267028809,9.777777671813965,9.688888549804688,9.777777671813965,7.618484973907471,40950
2007-02-12,9.706666946411133,9.764444351196289,9.657777786254883,9.688888549804688,7.549223899841309,23625
2007-02-13,9.680000305175781,9.777777671813965,9.680000305175781,9.74666690826416,7.594241619110107,38475
2007-02-14,9.773332595825195,9.85777759552002,9.760000228881836,9.85777759552002,7.680815696716309,57600
2007-02-15,9.844444274902344,9.844444274902344,9.782221794128418,9.786666870117188,7.625408172607422,69300
2007-02-16,9.777777671813965,9.85777759552002,9.777777671813965,9.831110954284668,7.660035133361816,101475
2007-02-20,9.85777759552002,10.155555725097656,9.813332557678223,10.155555725097656,7.9128313064575195,103725
2007-02-21,10.155555725097656,10.217778205871582,9.95555591583252,10.14222240447998,7.9024457931518555,103050
2007-02-22,10.222222328186035,10.222222328186035,10.0,10.035555839538574,7.819335460662842,47250
2007-02-23,10.137778282165527,10.155555725097656,10.026666641235352,10.119999885559082,7.885129928588867,43650
2007-02-26,10.213333129882812,10.266667366027832,9.373332977294922,10.191110610961914,7.9405341148376465,106200
2007-02-27,10.066666603088379,10.084444046020508,9.600000381469727,9.69333267211914,7.552688121795654,81450
2007-02-28,9.777777671813965,9.90666675567627,9.724444389343262,9.773332595825195,7.615020275115967,95625
2007-03-01,9.69777774810791,10.199999809265137,9.69777774810791,10.195555686950684,7.943998336791992,78975
2007-03-02,9.866666793823242,10.137778282165527,9.866666793823242,10.09333324432373,7.864349365234375,69075
2007-03-05,10.06222152709961,10.528888702392578,10.004444122314453,10.453332901000977,8.14484977722168,235575
2007-03-06,10.479999542236328,10.995555877685547,10.453332901000977,10.657777786254883,8.304146766662598,732375
2007-03-07,10.724444389343262,11.191110610961914,10.711111068725586,11.004444122314453,8.574254035949707,283275
2007-03-08,11.164443969726562,11.333333015441895,11.013333320617676,11.288888931274414,8.79588508605957,180225
2007-03-09,11.328888893127441,11.582221984863281,11.039999961853027,11.106666564941406,8.653902053833008,146250
2007-03-12,11.133333206176758,11.426667213439941,11.133333206176758,11.35111141204834,8.844367980957031,104400
2007-03-13,11.382222175598145,11.4399995803833,11.128889083862305,11.195555686950684,8.723166465759277,115425
2007-03-14,11.222222328186035,11.266667366027832,10.977778434753418,11.25333309173584,8.768179893493652,81225
2007-03-15,11.231110572814941,11.293333053588867,11.146666526794434,11.275555610656738,8.785497665405273,44325
2007-03-16,11.217778205871582,11.4399995803833,11.217778205871582,11.435556411743164,8.910161018371582,42300
2007-03-19,11.471111297607422,11.831110954284668,11.471111297607422,11.680000305175781,9.100624084472656,117900
2007-03-20,11.74222183227539,11.88888931274414,11.533332824707031,11.88888931274414,9.263385772705078,162225
2007-03-21,11.88888931274414,11.933333396911621,11.555556297302246,11.9022216796875,9.273768424987793,81450
2007-03-22,11.933333396911621,12.315555572509766,11.933333396911621,12.199999809265137,9.505789756774902,213300
2007-03-23,12.199999809265137,12.199999809265137,11.835556030273438,11.862221717834473,9.242606163024902,176850
2007-03-26,11.995555877685547,12.004444122314453,11.9022216796875,12.004444122314453,9.353418350219727,116325
2007-03-27,12.013333320617676,12.013333320617676,11.848889350891113,11.95111083984375,9.311864852905273,53550
2007-03-28,11.968889236450195,11.968889236450195,11.826666831970215,11.880000114440918,9.291006088256836,41625
2007-03-29,11.95111083984375,11.95555591583252,11.773332595825195,11.880000114440918,9.291006088256836,58725
2007-03-30,11.915555953979492,11.982221603393555,11.684444427490234,11.880000114440918,9.291006088256836,87300
2007-04-02,11.995555877685547,12.022221565246582,11.920000076293945,11.973333358764648,9.363998413085938,116550
2007-04-03,11.995555877685547,12.0,11.804444313049316,11.977778434753418,9.367475509643555,63900
2007-04-04,11.982221603393555,12.106666564941406,11.95555591583252,11.968889236450195,9.360527992248535,100125
2007-04-05,12.039999961853027,12.039999961853027,11.977778434753418,12.0,9.38485336303711,38250
2007-04-09,12.0,12.0,11.973333358764648,12.0,9.38485336303711,69300
2007-04-10,12.013333320617676,12.013333320617676,11.973333358764648,11.973333358764648,9.363998413085938,86175
2007-04-11,12.0,12.008889198303223,11.822221755981445,11.915555953979492,9.31881046295166,119700
2007-04-12,11.982221603393555,11.982221603393555,11.395556449890137,11.640000343322754,9.103310585021973,167625
2007-04-13,11.733332633972168,12.0,11.600000381469727,12.0,9.38485336303711,125550
2007-04-16,12.0,12.0,11.897777557373047,12.0,9.38485336303711,106875
2007-04-17,12.017778396606445,12.119999885559082,11.93777847290039,12.088889122009277,9.454375267028809,62775
2007-04-18,12.088889122009277,12.133333206176758,12.004444122314453,12.0977783203125,9.461322784423828,48375
2007-04-19,12.053333282470703,12.199999809265137,12.0,12.102222442626953,9.464798927307129,67950
2007-04-20,12.133333206176758,12.680000305175781,12.11111068725586,12.653332710266113,9.895812034606934,115650
2007-04-23,12.88888931274414,13.275555610656738,12.666666984558105,13.146666526794434,10.28162956237793,345375
2007-04-24,13.244443893432617,13.30222225189209,13.022221565246582,13.106666564941406,10.250346183776855,190350
2007-04-25,13.133333206176758,13.297778129577637,12.933333396911621,13.262222290039062,10.372003555297852,196425
2007-04-26,13.431111335754395,13.577777862548828,13.324443817138672,13.546667098999023,10.59445858001709,145800
2007-04-27,13.600000381469727,14.039999961853027,13.573332786560059,14.035555839538574,10.97680377960205,234225
2007-04-30,14.199999809265137,14.271110534667969,13.88888931274414,13.911110877990723,10.879480361938477,239175
2007-05-01,13.702221870422363,13.977778434753418,13.182222366333008,13.213333129882812,10.333771705627441,412200
2007-05-02,13.333333015441895,13.751111030578613,13.071110725402832,13.613332748413086,10.646598815917969,206100
2007-05-03,13.617777824401855,13.88888931274414,13.617777824401855,13.88888931274414,10.862099647521973,221850
2007-05-04,13.90666675567627,14.06222152709961,13.813332557678223,14.06222152709961,10.997660636901855,130500
2007-05-07,14.106666564941406,14.20888900756836,13.973333358764648,14.177778244018555,11.088032722473145,168975
2007-05-08,14.195555686950684,14.58666706085205,13.506667137145996,14.408888816833496,11.268780708312988,497250
2007-05-09,14.502222061157227,16.408889770507812,14.4622220993042,16.217777252197266,12.68346118927002,721575
2007-05-10,16.377777099609375,16.822221755981445,15.946666717529297,16.453332901000977,12.867679595947266,469800
2007-05-11,16.217777252197266,16.666667938232422,15.653332710266113,16.200000762939453,12.669554710388184,345375
2007-05-14,16.280000686645508,17.102222442626953,16.204444885253906,16.804443359375,13.142271995544434,373725
2007-05-15,17.008888244628906,17.079999923706055,16.817777633666992,16.897777557373047,13.2152681350708,284175
2007-05-16,17.0755558013916,17.528888702392578,16.893333435058594,17.422222137451172,13.625422477722168,389925
2007-05-17,17.58222198486328,18.35555648803711,17.528888702392578,17.85333251953125,13.962584495544434,622125
2007-05-18,18.03555679321289,18.399999618530273,18.03555679321289,18.20888900756836,14.240653038024902,364725
2007-05-21,18.22222137451172,18.666667938232422,18.22222137451172,18.666667938232422,14.598669052124023,333450
2007-05-22,18.564443588256836,18.577777862548828,16.666667938232422,16.920000076293945,13.23264217376709,992700
2007-05-23,16.920000076293945,17.733333587646484,16.622222900390625,17.404443740844727,13.611517906188965,502425
2007-05-24,17.431110382080078,17.635555267333984,16.226667404174805,16.568889617919922,12.958048820495605,394875
2007-05-25,16.262222290039062,17.613332748413086,16.177778244018555,17.471111297607422,13.663663864135742,431325
2007-05-29,17.70222282409668,18.435556411743164,17.479999542236328,18.266666412353516,14.285836219787598,577800
2007-05-30,18.106666564941406,18.351110458374023,18.0,18.200000762939453,14.233695030212402,387900
2007-05-31,18.39555549621582,19.29777717590332,18.39555549621582,19.191110610961914,15.008807182312012,535050
2007-06-01,19.333332061767578,19.81333351135254,18.897777557373047,19.03555679321289,14.887163162231445,607950
2007-06-04,19.15999984741211,20.64444351196289,19.15999984741211,20.479999542236328,16.016817092895508,873675
2007-06-05,20.724443435668945,20.844444274902344,19.55555534362793,19.799999237060547,15.48501205444336,823725
2007-06-06,19.77777862548828,19.77777862548828,19.453332901000977,19.706666946411133,15.412016868591309,516825
2007-06-07,19.29777717590332,19.68000030517578,19.177778244018555,19.422222137451172,15.18956470489502,425475
2007-06-08,19.1200008392334,19.55555534362793,17.915555953979492,19.462221145629883,15.220848083496094,574650
2007-06-11,19.528888702392578,19.528888702392578,19.03555679321289,19.35555648803711,15.13742733001709,273375
2007-06-12,18.72888946533203,19.11111068725586,18.239999771118164,19.017778396606445,14.873257637023926,518175
2007-06-13,18.737777709960938,19.74222183227539,18.737777709960938,19.697778701782227,15.405072212219238,421650
2007-06-14,19.82666778564453,20.168888092041016,19.564443588256836,19.920000076293945,15.578857421875,312750
2007-06-15,20.053333282470703,20.377777099609375,19.72888946533203,19.817777633666992,15.498919486999512,271575
2007-06-18,19.822221755981445,19.835556030273438,19.30666732788086,19.537778854370117,15.279938697814941,285525
2007-06-19,19.55555534362793,20.591110229492188,19.49333381652832,20.44444465637207,15.989017486572266,535950
2007-06-20,20.568889617919922,20.622222900390625,19.77777862548828,19.88888931274414,15.554533958435059,457650
2007-06-21,19.893333435058594,21.195556640625,19.115556716918945,21.093332290649414,16.496488571166992,589500
2007-06-22,21.20888900756836,21.22222137451172,20.53333282470703,20.551111221313477,16.07244110107422,2033775
2007-06-25,20.404443740844727,21.004444122314453,19.86222267150879,20.373332977294922,15.933404922485352,556425
2007-06-26,20.373332977294922,20.95111083984375,20.248889923095703,20.675556182861328,16.169757843017578,471825
2007-06-27,20.23555564880371,20.671110153198242,20.02666664123535,20.639999389648438,16.173240661621094,279000
2007-06-28,20.711111068725586,22.14666748046875,20.675556182861328,21.871110916137695,17.137928009033203,556650
2007-06-29,21.893333435058594,22.34666633605957,21.48444366455078,21.88888931274414,17.151853561401367,505350
2007-07-02,21.9244441986084,22.751110076904297,21.688888549804688,22.622222900390625,17.726491928100586,585900
2007-07-03,22.551111221313477,23.719999313354492,22.551111221313477,23.46666717529297,18.388179779052734,323100
2007-07-05,23.577777862548828,24.0222225189209,22.537778854370117,23.11111068725586,18.109569549560547,563625
2007-07-06,23.204444885253906,23.719999313354492,22.71555519104004,23.55555534362793,18.457834243774414,378900
2007-07-09,23.551111221313477,24.613332748413086,23.253332138061523,24.31999969482422,19.056838989257812,446850
2007-07-10,24.040000915527344,24.213333129882812,22.915555953979492,23.06222152709961,18.071260452270508,487575
2007-07-11,22.8799991607666,23.959999084472656,22.81333351135254,23.591110229492188,18.485694885253906,514575
2007-07-12,23.79111099243164,24.435556411743164,23.688888549804688,24.35555648803711,19.084705352783203,382950
2007-07-13,24.328889846801758,24.364444732666016,23.74222183227539,24.18666648864746,18.95236587524414,204975
2007-07-16,24.155555725097656,24.9777774810791,24.0222225189209,24.266666412353516,19.01504898071289,247500
2007-07-17,25.18000030517578,25.239999771118164,23.906667709350586,25.166667938232422,19.720285415649414,305250
2007-07-18,25.3799991607666,25.3799991607666,24.073333740234375,24.739999771118164,19.385948181152344,370050
2007-07-19,25.18000030517578,25.3799991607666,24.906667709350586,25.32666778564453,19.84564971923828,225300
2007-07-20,25.200000762939453,25.3799991607666,24.233333587646484,24.360000610351562,19.088186264038086,276750
2007-07-23,24.613332748413086,24.613332748413086,22.426666259765625,23.713333129882812,18.58146095275879,671550
2007-07-24,22.713333129882812,23.299999237060547,22.066667556762695,22.586666107177734,17.69862174987793,495900
2007-07-25,22.573333740234375,23.03333282470703,19.559999465942383,20.233333587646484,15.854580879211426,937200
2007-07-26,19.559999465942383,20.979999542236328,19.35333251953125,19.80666732788086,15.520251274108887,730650
2007-07-27,19.46666717529297,20.3799991607666,19.233333587646484,19.746667861938477,15.47323989868164,398100
2007-07-30,19.586666107177734,20.100000381469727,18.84000015258789,19.69333267211914,15.431446075439453,333000
2007-07-31,19.98666763305664,20.426666259765625,19.52666664123535,19.81333351135254,15.525476455688477,304650
2007-08-01,19.559999465942383,20.086666107177734,18.85333251953125,19.65999984741211,15.4053316116333,380550
2007-08-02,19.52666664123535,19.666667938232422,19.166667938232422,19.426666259765625,15.22248363494873,351600
2007-08-03,19.440000534057617,19.913333892822266,18.5,18.700000762939453,14.653085708618164,267000
2007-08-06,19.14666748046875,19.65333366394043,17.833332061767578,19.540000915527344,15.311291694641113,380550
2007-08-07,19.5,20.226667404174805,19.046667098999023,19.753332138061523,15.47846794128418,506250
2007-08-08,19.99333381652832,21.266666412353516,18.273332595825195,18.553333282470703,14.538165092468262,531300
2007-08-09,18.020000457763672,18.020000457763672,15.166666984558105,15.25333309173584,11.95231819152832,809550
2007-08-10,15.0,15.24666690826416,14.24666690826416,15.013333320617676,11.764256477355957,701100
2007-08-13,15.293333053588867,18.97333335876465,15.293333053588867,18.46666717529297,14.470248222351074,780450
2007-08-14,18.299999237060547,18.299999237060547,16.766666412353516,17.3799991607666,13.618739128112793,399000
2007-08-15,17.266666412353516,17.53333282470703,16.433332443237305,16.606666564941406,13.012772560119629,288150
2007-08-16,16.0,16.579999923706055,15.013333320617676,16.253332138061523,12.735902786254883,408000
2007-08-17,17.286666870117188,17.459999084472656,16.286666870117188,16.959999084472656,13.289632797241211,281550
2007-08-20,17.166667938232422,17.586666107177734,16.706666946411133,16.893333435058594,13.237398147583008,213750
2007-08-21,16.726667404174805,17.606666564941406,16.726667404174805,17.446666717529297,13.670979499816895,179700
2007-08-22,17.613332748413086,19.233333587646484,17.566667556762695,18.49333381652832,14.491133689880371,329700
2007-08-23,18.566667556762695,18.566667556762695,17.413333892822266,17.893333435058594,14.020990371704102,223050
2007-08-24,17.98666763305664,18.760000228881836,17.706666946411133,18.760000228881836,14.70009994506836,226950
2007-08-27,18.766666412353516,18.766666412353516,17.84000015258789,18.253332138061523,14.303078651428223,235950
2007-08-28,17.899999618530273,18.233333587646484,17.079999923706055,17.200000762939453,13.477703094482422,237300
2007-08-29,17.333332061767578,18.200000762939453,17.266666412353516,18.15999984741211,14.229949951171875,198450
2007-08-30,17.833332061767578,18.579999923706055,17.46666717529297,18.15333366394043,14.224722862243652,124950
2007-08-31,18.413333892822266,18.64666748046875,17.886667251586914,18.459999084472656,14.465019226074219,107850
2007-09-04,18.559999465942383,18.666667938232422,18.059999465942383,18.64666748046875,14.61129379272461,210000
2007-09-05,18.420000076293945,18.53333282470703,17.700000762939453,17.96666717529297,14.078450202941895,160500
2007-09-06,17.940000534057617,18.273332595825195,17.833332061767578,18.113332748413086,14.193374633789062,105750
2007-09-07,17.786666870117188,18.0,16.753332138061523,16.780000686645508,13.148591995239258,229950
2007-09-10,16.780000686645508,16.97333335876465,15.920000076293945,16.406667709350586,12.85605525970459,193800
2007-09-11,16.46666717529297,16.46666717529297,15.0,15.5600004196167,12.19261646270752,665400
2007-09-12,15.4399995803833,16.03333282470703,14.873332977294922,15.766667366027832,12.354561805725098,335250
2007-09-13,15.926667213439941,16.586666107177734,15.353333473205566,16.293333053588867,12.767250061035156,312450
2007-09-14,16.059999465942383,16.433332443237305,15.686667442321777,16.31999969482422,12.788143157958984,219750
2007-09-17,16.333332061767578,16.333332061767578,15.566666603088379,15.859999656677246,12.427696228027344,145950
2007-09-18,15.960000038146973,17.333332061767578,15.706666946411133,17.333332061767578,13.582175254821777,249600
2007-09-19,17.360000610351562,17.926666259765625,16.799999237060547,17.440000534057617,13.665769577026367,272100
2007-09-20,17.426666259765625,17.80666732788086,16.920000076293945,17.17333221435547,13.456804275512695,174150
2007-09-21,17.35333251953125,17.593332290649414,16.84000015258789,17.046667098999023,13.357545852661133,228000
2007-09-24,17.15333366394043,18.213333129882812,17.086666107177734,17.420000076293945,13.650094032287598,194700
2007-09-25,17.333332061767578,18.213333129882812,17.106666564941406,18.200000762939453,14.261285781860352,243150
2007-09-26,18.333332061767578,18.893333435058594,17.766666412353516,18.69333267211914,14.696310997009277,268950
2007-09-27,18.893333435058594,21.799999237060547,18.17333221435547,21.579999923706055,16.96574592590332,1526250
2007-09-28,22.219999313354492,22.626667022705078,21.02666664123535,21.246667861938477,16.703689575195312,781500
2007-10-01,21.739999771118164,22.913333892822266,21.520000457763672,22.559999465942383,17.7362003326416,520350
2007-10-02,22.959999084472656,23.166667938232422,21.940000534057617,22.579999923706055,17.751922607421875,467550
2007-10-03,22.51333236694336,22.559999465942383,21.5,21.780000686645508,17.12298011779785,350700
2007-10-04,21.85333251953125,22.766666412353516,21.733333587646484,22.766666412353516,17.898681640625,273000
2007-10-05,23.0,23.440000534057617,22.873332977294922,23.066667556762695,18.134531021118164,325350
2007-10-08,23.286666870117188,23.360000610351562,22.666667938232422,23.1200008392334,18.17645835876465,262350
2007-10-09,23.299999237060547,23.453332901000977,22.713333129882812,23.360000610351562,18.36513900756836,214500
2007-10-10,23.3799991607666,23.64666748046875,22.833332061767578,23.600000381469727,18.553829193115234,215400
2007-10-11,23.706666946411133,24.059999465942383,21.700000762939453,22.52666664123535,17.71000099182129,418200
2007-10-12,22.579999923706055,23.093332290649414,22.040000915527344,22.926666259765625,18.02446937561035,206850
2007-10-15,22.98666763305664,23.373332977294922,22.53333282470703,23.02666664123535,18.103084564208984,276750
2007-10-16,23.0,23.046667098999023,22.206666946411133,22.31333351135254,17.54227066040039,211950
2007-10-17,22.780000686645508,22.926666259765625,21.166667938232422,21.799999237060547,17.138704299926758,384000
2007-10-18,21.793333053588867,22.760000228881836,21.713333129882812,22.68000030517578,17.830535888671875,215400
2007-10-19,22.65333366394043,22.84666633605957,21.273332595825195,21.30666732788086,16.750858306884766,221250
2007-10-22,21.333332061767578,22.1200008392334,20.260000228881836,21.933332443237305,17.2435302734375,301050
2007-10-23,22.286666870117188,22.600000381469727,21.873332977294922,22.373332977294922,17.58945083618164,196050
2007-10-24,22.17333221435547,22.31333351135254,21.366666793823242,21.96666717529297,17.26973533630371,186600
2007-10-25,21.913333892822266,22.46666717529297,21.52666664123535,21.926666259765625,17.23828887939453,153750
2007-10-26,22.19333267211914,22.559999465942383,21.546667098999023,22.52666664123535,17.71000099182129,218250
2007-10-29,22.873332977294922,24.333332061767578,22.540000915527344,23.97333335876465,18.84733772277832,391200
2007-10-30,22.84000015258789,24.213333129882812,22.84000015258789,22.96666717529297,18.055910110473633,236700
2007-10-31,23.17333221435547,24.00666618347168,22.666667938232422,23.99333381652832,18.86305809020996,287100
2007-11-01,23.286666870117188,23.479999542236328,22.82666778564453,23.226667404174805,18.260318756103516,287850
2007-11-02,23.420000076293945,23.47333335876465,21.126667022705078,21.633333206176758,17.007661819458008,571500
2007-11-05,21.333332061767578,22.02666664123535,20.50666618347168,20.899999618530273,16.431133270263672,324300
2007-11-06,20.746667861938477,21.80666732788086,20.5,21.786666870117188,17.128231048583984,243750
2007-11-07,21.34000015258789,21.773332595825195,20.3799991607666,20.433332443237305,16.06426239013672,172350
2007-11-08,20.51333236694336,21.253332138061523,20.079999923706055,21.02666664123535,16.530731201171875,254550
2007-11-09,20.586666107177734,20.586666107177734,19.333332061767578,19.52666664123535,15.351449012756348,287550
2007-11-12,19.373332977294922,20.273332595825195,19.15999984741211,19.19333267211914,15.08938980102539,213300
2007-11-13,19.299999237060547,19.899999618530273,18.739999771118164,19.760000228881836,15.534893035888672,319050
2007-11-14,20.18000030517578,20.253332138061523,19.5,19.67333221435547,15.46676254272461,147000
2007-11-15,19.69333267211914,19.85333251953125,18.613332748413086,19.406667709350586,15.25711441040039,344400
2007-11-16,19.48666763305664,19.48666763305664,18.606666564941406,18.98666763305664,14.926921844482422,247800
2007-11-19,18.97333335876465,19.15999984741211,17.700000762939453,18.02666664123535,14.172189712524414,195750
2007-11-20,18.233333587646484,18.46666717529297,17.600000381469727,18.059999465942383,14.19839096069336,126900
2007-11-21,17.873332977294922,17.959999084472656,17.219999313354492,17.32666778564453,13.62186050415039,166350
2007-11-23,17.626667022705078,18.420000076293945,17.333332061767578,18.206666946411133,14.313699722290039,69000
2007-11-26,18.34000015258789,18.586666107177734,17.579999923706055,17.613332748413086,13.84723949432373,185400
2007-11-27,17.84666633605957,18.31999969482422,17.299999237060547,18.17333221435547,14.287492752075195,229350
2007-11-28,18.399999618530273,19.739999771118164,18.106666564941406,19.700000762939453,15.4877347946167,235500
2007-11-29,19.69333267211914,19.69333267211914,18.746667861938477,19.566667556762695,15.382912635803223,186000
2007-11-30,19.97333335876465,20.333332061767578,19.106666564941406,19.366666793823242,15.225664138793945,337800
2007-12-03,19.546667098999023,19.546667098999023,18.606666564941406,19.100000381469727,15.016016006469727,233250
2007-12-04,18.84000015258789,18.860000610351562,18.18000030517578,18.553333282470703,14.586248397827148,138900
2007-12-05,19.200000762939453,19.200000762939453,18.5,19.0,14.937397003173828,220800
2007-12-06,18.920000076293945,19.84000015258789,18.606666564941406,19.780000686645508,15.550621032714844,152850
2007-12-07,19.746667861938477,20.48666763305664,19.626667022705078,20.48666763305664,16.106189727783203,205350
2007-12-10,20.586666107177734,21.520000457763672,20.420000076293945,20.713333129882812,16.284385681152344,280500
2007-12-11,20.97333335876465,20.97333335876465,19.333332061767578,19.386667251586914,15.2413969039917,237600
2007-12-12,20.293333053588867,20.6200008392334,19.53333282470703,20.00666618347168,15.728822708129883,247650
2007-12-13,19.833332061767578,20.093332290649414,18.899999618530273,19.81333351135254,15.576837539672852,200250
2007-12-14,19.46666717529297,19.586666107177734,18.479999542236328,18.593332290649414,14.617690086364746,177300
2007-12-17,18.35333251953125,18.65333366394043,16.700000762939453,16.81999969482422,13.22353458404541,346800
2007-12-18,17.106666564941406,17.913333892822266,16.726667404174805,17.286666870117188,13.59041976928711,262050
2007-12-19,17.5,17.626667022705078,17.086666107177734,17.393333435058594,13.674271583557129,187500
2007-12-20,17.53333282470703,17.573333740234375,16.913333892822266,17.246667861938477,13.558969497680664,204600
2007-12-21,16.68000030517578,17.713333129882812,16.68000030517578,17.593332290649414,13.831512451171875,350250
2007-12-24,17.85333251953125,17.96666717529297,17.360000610351562,17.553333282470703,13.800065994262695,111300
2007-12-26,17.5,18.166667938232422,16.953332901000977,18.040000915527344,14.182669639587402,151800
2007-12-27,18.093332290649414,18.373332977294922,16.96666717529297,16.96666717529297,13.383354187011719,145950
2007-12-28,16.913333892822266,17.459999084472656,16.706666946411133,16.753332138061523,13.215073585510254,102900
2007-12-31,16.773332595825195,17.19333267211914,16.440000534057617,16.81999969482422,13.267658233642578,193200
2008-01-02,16.82666778564453,17.200000762939453,16.14666748046875,16.17333221435547,12.757568359375,163650
2008-01-03,16.360000610351562,17.03333282470703,16.17333221435547,16.273332595825195,12.836447715759277,186300
2008-01-04,16.00666618347168,16.059999465942383,15.199999809265137,15.40666675567627,12.15281867980957,271050
2008-01-07,15.633333206176758,16.31333351135254,15.373332977294922,15.5600004196167,12.273768424987793,299850
2008-01-08,15.600000381469727,16.01333236694336,14.533332824707031,14.5600004196167,11.484965324401855,192300
2008-01-09,14.460000038146973,14.553333282470703,13.353333473205566,14.180000305175781,11.185222625732422,446400
2008-01-10,13.966667175292969,14.933333396911621,13.573332786560059,14.40666675567627,11.364018440246582,295950
2008-01-11,14.199999809265137,14.539999961853027,13.886667251586914,13.953332901000977,11.006426811218262,165750
2008-01-14,14.113332748413086,14.206666946411133,13.58666706085205,14.033332824707031,11.069528579711914,176250
2008-01-15,13.666666984558105,13.853333473205566,13.053333282470703,13.506667137145996,10.654093742370605,254700
2008-01-16,13.279999732971191,13.460000038146973,12.460000038146973,13.433333396911621,10.596244812011719,554250
2008-01-17,13.506667137145996,13.986666679382324,12.5,13.033332824707031,10.28072452545166,389850
2008-01-18,13.026666641235352,13.34000015258789,12.80666732788086,12.933333396911621,10.201845169067383,189300
2008-01-22,11.819999694824219,13.233332633972168,11.346667289733887,12.75333309173584,10.05986213684082,222300
2008-01-23,12.19333267211914,13.65999984741211,11.920000076293945,13.653332710266113,10.769783020019531,174600
2008-01-24,13.760000228881836,14.020000457763672,13.506667137145996,13.779999732971191,10.86970043182373,183900
2008-01-25,14.033332824707031,14.420000076293945,13.786666870117188,14.300000190734863,11.279879570007324,188550
2008-01-28,14.186667442321777,14.426667213439941,13.673333168029785,14.366666793823242,11.332465171813965,137400
2008-01-29,14.453332901000977,14.513333320617676,13.75333309173584,14.460000038146973,11.406085968017578,142200
2008-01-30,14.359999656677246,15.09333324432373,14.020000457763672,15.0,11.832040786743164,203550
2008-01-31,14.5,15.4399995803833,14.09333324432373,15.333333015441895,12.094972610473633,227100
2008-02-01,15.453332901000977,16.066667556762695,14.899999618530273,16.059999465942383,12.668169975280762,197550
2008-02-04,16.100000381469727,16.100000381469727,15.066666603088379,15.333333015441895,12.094972610473633,146850
2008-02-05,15.033332824707031,15.426667213439941,14.473333358764648,14.5,11.437638282775879,164700
2008-02-06,14.626667022705078,14.9399995803833,14.180000305175781,14.326666831970215,11.300910949707031,103650
2008-02-07,14.226667404174805,14.859999656677246,14.0,14.286666870117188,11.269363403320312,135000
2008-02-08,14.25333309173584,15.199999809265137,14.25333309173584,14.41333293914795,11.369275093078613,136500
2008-02-11,14.566666603088379,14.566666603088379,14.186667442321777,14.286666870117188,11.269363403320312,113400
2008-02-12,14.199999809265137,14.833333015441895,14.166666984558105,14.5,11.437638282775879,108900
2008-02-13,14.733332633972168,15.353333473205566,14.733332633972168,15.286666870117188,12.058165550231934,103650
2008-02-14,15.446666717529297,15.5,14.34000015258789,14.4399995803833,11.390313148498535,107550
2008-02-15,14.199999809265137,14.726667404174805,13.893333435058594,14.4399995803833,11.390313148498535,123150
2008-02-19,14.733332633972168,14.966667175292969,14.286666870117188,14.826666831970215,11.69531536102295,115050
2008-02-20,14.69333267211914,15.126667022705078,14.286666870117188,14.686667442321777,11.584879875183105,109350
2008-02-21,14.90666675567627,15.026666641235352,14.313332557678223,14.553333282470703,11.479707717895508,113700
2008-02-22,14.666666984558105,14.699999809265137,13.880000114440918,14.326666831970215,11.300910949707031,139950
2008-02-25,14.40666675567627,14.699999809265137,13.773332595825195,14.680000305175781,11.579622268676758,124350
2008-02-26,14.640000343322754,15.30666732788086,14.40666675567627,15.260000228881836,12.037129402160645,96300
2008-02-27,15.0,15.399999618530273,14.926667213439941,15.053333282470703,11.87410831451416,82800
2008-02-28,14.899999618530273,15.273332595825195,14.80666732788086,15.079999923706055,11.895140647888184,137700
2008-02-29,14.926667213439941,15.173333168029785,14.346667289733887,14.486666679382324,11.427123069763184,154500
2008-03-03,14.466667175292969,14.853333473205566,14.166666984558105,14.4399995803833,11.390313148498535,194850
2008-03-04,14.359999656677246,17.166667938232422,14.026666641235352,16.933332443237305,13.3570556640625,408300
2008-03-05,17.020000457763672,17.8799991607666,16.739999771118164,17.520000457763672,13.819819450378418,428850
2008-03-06,17.386667251586914,17.639999389648438,17.073333740234375,17.100000381469727,13.488529205322266,326550
2008-03-07,16.96666717529297,17.940000534057617,16.793333053588867,17.540000915527344,13.835594177246094,249150
2008-03-10,17.786666870117188,18.433332443237305,17.540000915527344,17.739999771118164,13.99336051940918,298350
2008-03-11,18.32666778564453,18.666667938232422,17.946666717529297,18.666667938232422,14.724313735961914,241500
2008-03-12,18.666667938232422,19.3799991607666,18.18000030517578,18.979999542236328,14.971470832824707,191400
2008-03-13,18.48666763305664,19.666667938232422,18.18000030517578,19.373332977294922,15.281736373901367,271800
2008-03-14,19.31333351135254,19.31333351135254,17.413333892822266,18.01333236694336,14.208959579467773,366600
2008-03-17,17.373332977294922,18.64666748046875,17.333332061767578,18.133333206176758,14.303622245788574,160350
2008-03-18,18.726667404174805,20.139999389648438,18.200000762939453,20.126667022705078,15.875959396362305,315600
2008-03-19,20.206666946411133,20.386667251586914,18.886667251586914,18.926666259765625,14.929402351379395,244200
2008-03-20,19.34000015258789,19.793333053588867,19.020000457763672,19.573333740234375,15.439501762390137,366900
2008-03-24,19.69333267211914,20.613332748413086,18.98666763305664,20.413333892822266,16.10209083557129,265050
2008-03-25,20.266666412353516,20.65999984741211,19.780000686645508,20.239999771118164,15.965371131896973,226800
2008-03-26,20.0,20.233333587646484,19.946666717529297,20.19333267211914,15.928546905517578,116700
2008-03-27,20.02666664123535,20.35333251953125,19.873332977294922,20.0,15.8230619430542,121950
2008-03-28,19.920000076293945,20.219999313354492,19.753332138061523,19.940000534057617,15.775596618652344,106050
2008-03-31,19.860000610351562,20.15999984741211,19.31999969482422,19.51333236694336,15.438035011291504,166950
2008-04-01,20.040000915527344,20.226667404174805,19.906667709350586,20.166667938232422,15.95492935180664,274350
2008-04-02,20.100000381469727,20.233333587646484,19.8799991607666,20.18666648864746,15.970743179321289,180300
2008-04-03,19.933332443237305,20.30666732788086,19.833332061767578,20.200000762939453,15.981300354003906,212100
2008-04-04,19.206666946411133,21.453332901000977,19.206666946411133,20.860000610351562,16.503463745117188,255600
2008-04-07,20.959999084472656,21.15999984741211,20.433332443237305,20.760000228881836,16.424341201782227,140700
2008-04-08,20.34000015258789,20.899999618530273,20.34000015258789,20.82666778564453,16.477083206176758,118950
2008-04-09,20.746667861938477,20.899999618530273,19.780000686645508,19.873332977294922,15.722857475280762,141600
2008-04-10,19.746667861938477,20.753332138061523,19.700000762939453,20.393333435058594,16.134252548217773,140700
2008-04-11,20.219999313354492,20.600000381469727,19.373332977294922,19.553333282470703,15.469684600830078,113100
2008-04-14,19.360000610351562,19.933332443237305,19.246667861938477,19.666667938232422,15.559355735778809,121050
2008-04-15,19.666667938232422,19.96666717529297,19.34666633605957,19.733333587646484,15.612096786499023,86850
2008-04-16,20.079999923706055,20.633333206176758,19.926666259765625,20.420000076293945,16.155349731445312,123300
2008-04-17,20.273332595825195,20.726667404174805,19.84000015258789,20.34000015258789,16.092052459716797,107100
2008-04-18,20.5,20.739999771118164,20.18000030517578,20.553333282470703,16.260847091674805,129450
2008-04-21,20.03333282470703,20.540000915527344,20.0,20.52666664123535,16.239744186401367,98550
2008-04-22,20.5,20.559999465942383,19.700000762939453,20.053333282470703,15.865265846252441,130350
2008-04-23,20.059999465942383,20.5,19.719999313354492,20.139999389648438,15.933829307556152,97500
2008-04-24,20.066667556762695,20.166667938232422,19.5,19.893333435058594,15.738679885864258,130500
2008-04-25,19.98666763305664,20.046667098999023,19.299999237060547,19.913333892822266,15.754508972167969,85950
2008-04-28,19.84000015258789,20.566667556762695,19.84000015258789,20.479999542236328,16.202821731567383,83700
2008-04-29,20.53333282470703,20.666667938232422,19.920000076293945,20.020000457763672,15.83889389038086,66900
2008-04-30,20.133333206176758,20.459999084472656,20.02666664123535,20.1200008392334,15.918000221252441,81150
2008-05-01,20.14666748046875,20.666667938232422,20.14666748046875,20.65999984741211,16.345232009887695,108900
2008-05-02,20.666667938232422,20.926666259765625,20.35333251953125,20.440000534057617,16.171171188354492,87600
2008-05-05,20.833332061767578,21.0,20.719999313354492,20.833332061767578,16.482358932495117,170400
2008-05-06,20.726667404174805,24.633333206176758,20.366666793823242,24.586666107177734,19.451826095581055,1058550
2008-05-07,24.639999389648438,25.14666748046875,23.00666618347168,23.766666412353516,18.803085327148438,482100
2008-05-08,24.03333282470703,24.68000030517578,23.273332595825195,24.420000076293945,19.31995964050293,257850
2008-05-09,24.633333206176758,24.700000762939453,24.02666664123535,24.700000762939453,19.541486740112305,150750
2008-05-12,24.780000686645508,26.586666107177734,24.706666946411133,26.453332901000977,20.928640365600586,428250
2008-05-13,26.280000686645508,26.6200008392334,25.579999923706055,26.333332061767578,20.88106346130371,250500
2008-05-14,25.913333892822266,26.666667938232422,25.546667098999023,25.753332138061523,20.421154022216797,207300
2008-05-15,25.713333129882812,26.733333587646484,25.68000030517578,26.420000076293945,20.949785232543945,304650
2008-05-16,26.65333366394043,26.666667938232422,25.899999618530273,26.31999969482422,20.870502471923828,239100
2008-05-19,26.50666618347168,26.65999984741211,25.760000228881836,25.793333053588867,20.452869415283203,255300
2008-05-20,25.780000686645508,26.47333335876465,25.746667861938477,26.47333335876465,20.992082595825195,295650
2008-05-21,26.613332748413086,27.446666717529297,26.233333587646484,26.586666107177734,21.081951141357422,489150
2008-05-22,26.413333892822266,26.82666778564453,25.96666717529297,26.446666717529297,20.97093391418457,213300
2008-05-23,26.01333236694336,26.01333236694336,23.82666778564453,25.02666664123535,19.844942092895508,349500
2008-05-27,25.833332061767578,26.64666748046875,25.00666618347168,26.64666748046875,21.12952423095703,316950
2008-05-28,26.860000610351562,26.866666793823242,25.553333282470703,26.133333206176758,20.722475051879883,237450
2008-05-29,26.0,26.579999923706055,25.920000076293945,26.0,20.616750717163086,223800
2008-05-30,25.98666763305664,26.860000610351562,25.98666763305664,26.739999771118164,21.203536987304688,230400
2008-06-02,26.69333267211914,27.6200008392334,26.666667938232422,27.360000610351562,21.695159912109375,324900
2008-06-03,27.579999923706055,27.65999984741211,26.166667938232422,26.733333587646484,21.198251724243164,205800
2008-06-04,26.31333351135254,26.81999969482422,26.14666748046875,26.479999542236328,20.997356414794922,133950
2008-06-05,26.30666732788086,26.786666870117188,26.253332138061523,26.566667556762695,21.066085815429688,192450
2008-06-06,26.426666259765625,26.65999984741211,25.333332061767578,25.399999618530273,20.140975952148438,178950
2008-06-09,25.34666633605957,26.02666664123535,24.639999389648438,25.440000534057617,20.172698974609375,261750
2008-06-10,24.99333381652832,26.03333282470703,24.99333381652832,25.333332061767578,20.088115692138672,197100
2008-06-11,25.606666564941406,25.666667938232422,24.113332748413086,24.139999389648438,19.141857147216797,295950
2008-06-12,24.34000015258789,25.066667556762695,23.64666748046875,24.020000457763672,19.04670524597168,208200
2008-06-13,24.34666633605957,25.666667938232422,24.093332290649414,25.666667938232422,20.352436065673828,276750
2008-06-16,26.14666748046875,26.31333351135254,25.833332061767578,26.266666412353516,20.828201293945312,273150
2008-06-17,26.213333129882812,26.299999237060547,25.46666717529297,25.933332443237305,20.563888549804688,301500
2008-06-18,25.68000030517578,26.31999969482422,24.84000015258789,25.426666259765625,20.162126541137695,190200
2008-06-19,25.453332901000977,25.920000076293945,25.040000915527344,25.920000076293945,20.553308486938477,138150
2008-06-20,25.713333129882812,25.713333129882812,24.666667938232422,25.079999923706055,19.887229919433594,228150
2008-06-23,25.373332977294922,25.540000915527344,24.97333335876465,25.03333282470703,19.850231170654297,121950
2008-06-24,24.860000610351562,25.433332443237305,24.093332290649414,24.100000381469727,19.11014175415039,141600
2008-06-25,24.260000228881836,24.700000762939453,24.133333206176758,24.50666618347168,19.43260955810547,266550
2008-06-26,24.15999984741211,24.15999984741211,21.8799991607666,22.360000610351562,17.773908615112305,474150
2008-06-27,22.18000030517578,22.746667861938477,21.593332290649414,21.633333206176758,17.19629669189453,551700
2008-06-30,21.0,21.906667709350586,20.773332595825195,21.51333236694336,17.100914001464844,416400
2008-07-01,21.100000381469727,23.333332061767578,20.959999084472656,23.299999237060547,18.52112579345703,427800
2008-07-02,22.446666717529297,23.18000030517578,21.059999465942383,21.393333435058594,17.005512237548828,353700
2008-07-03,21.333332061767578,22.106666564941406,21.086666107177734,21.260000228881836,16.899520874023438,196500
2008-07-07,21.30666732788086,22.14666748046875,20.81333351135254,21.333332061767578,16.95782470703125,284850
2008-07-08,21.333332061767578,22.433332443237305,20.979999542236328,22.413333892822266,17.81631851196289,273150
2008-07-09,22.46666717529297,22.98666763305664,21.233333587646484,21.239999771118164,16.883634567260742,304050
2008-07-10,21.440000534057617,22.226667404174805,21.200000762939453,21.96666717529297,17.461259841918945,214650
2008-07-11,21.81333351135254,22.586666107177734,21.413333892822266,22.373332977294922,17.78451919555664,252450
2008-07-14,22.780000686645508,22.799999237060547,21.760000228881836,22.459999084472656,17.853408813476562,300150
2008-07-15,22.046667098999023,22.360000610351562,21.02666664123535,21.733333587646484,17.275775909423828,312750
2008-07-16,21.753332138061523,22.860000610351562,21.440000534057617,22.860000610351562,18.171377182006836,204750
2008-07-17,22.69333267211914,23.600000381469727,22.206666946411133,23.51333236694336,18.69070816040039,261900
2008-07-18,23.49333381652832,24.866666793823242,23.273332595825195,24.739999771118164,19.665775299072266,370650
2008-07-21,24.753332138061523,25.333332061767578,24.34666633605957,25.079999923706055,19.936037063598633,239550
2008-07-22,24.886667251586914,27.093332290649414,24.719999313354492,27.079999923706055,21.52583885192871,423900
2008-07-23,26.98666763305664,26.98666763305664,25.746667861938477,26.559999465942383,21.112499237060547,286500
2008-07-24,26.51333236694336,26.65333366394043,24.99333381652832,25.046667098999023,19.9095458984375,227550
2008-07-25,25.200000762939453,26.166667938232422,24.706666946411133,25.926666259765625,20.609058380126953,172650
2008-07-28,25.906667709350586,26.520000457763672,25.35333251953125,25.586666107177734,20.338796615600586,127500
2008-07-29,26.113332748413086,26.666667938232422,25.799999237060547,26.613332748413086,21.15488624572754,161850
2008-07-30,26.69333267211914,28.626667022705078,26.53333282470703,28.040000915527344,22.288949966430664,789600
2008-07-31,28.280000686645508,28.333332061767578,27.333332061767578,27.46666717529297,21.833200454711914,346350
2008-08-01,27.80666732788086,27.933332443237305,26.899999618530273,27.15999984741211,21.58942413330078,251850
2008-08-04,27.406667709350586,27.52666664123535,24.833332061767578,25.626667022705078,20.370594024658203,542100
2008-08-05,25.64666748046875,25.96666717529297,21.166667938232422,22.746667861938477,18.081283569335938,1659450
2008-08-06,21.860000610351562,23.69333267211914,21.700000762939453,22.926666259765625,18.2243595123291,454800
2008-08-07,22.286666870117188,22.799999237060547,22.246667861938477,22.333332061767578,17.75271987915039,269550
2008-08-08,22.139999389648438,23.299999237060547,22.126667022705078,22.886667251586914,18.192569732666016,229800
2008-08-11,22.453332901000977,23.0,22.0,22.573333740234375,17.943498611450195,223650
2008-08-12,22.51333236694336,22.520000457763672,21.793333053588867,22.333332061767578,17.75271987915039,188100
2008-08-13,22.02666664123535,23.253332138061523,21.913333892822266,22.726667404174805,18.06538200378418,222450
2008-08-14,22.393333435058594,23.100000381469727,22.00666618347168,22.82666778564453,18.144882202148438,143250
2008-08-15,23.100000381469727,23.206666946411133,22.113332748413086,22.31999969482422,17.742122650146484,224700
2008-08-18,22.453332901000977,22.82666778564453,21.67333221435547,21.99333381652832,17.482460021972656,96600
2008-08-19,21.713333129882812,21.733333587646484,20.833332061767578,21.30666732788086,16.936626434326172,242250
2008-08-20,21.35333251953125,22.093332290649414,20.99333381652832,21.97333335876465,17.466554641723633,170850
2008-08-21,21.780000686645508,21.99333381652832,21.366666793823242,21.399999618530273,17.01082420349121,199500
2008-08-22,21.739999771118164,22.133333206176758,21.446666717529297,22.02666664123535,17.508949279785156,78300
2008-08-25,22.0,22.0,21.086666107177734,21.299999237060547,16.931324005126953,102750
2008-08-26,21.433332443237305,21.64666748046875,21.1200008392334,21.226667404174805,16.873035430908203,282600
2008-08-27,21.18666648864746,22.066667556762695,21.00666618347168,21.959999084472656,17.455957412719727,180300
2008-08-28,22.18666648864746,22.68666648864746,22.0,22.613332748413086,17.975297927856445,118050
2008-08-29,22.559999465942383,22.559999465942383,21.899999618530273,22.059999465942383,17.53544807434082,93600
2008-09-02,21.126667022705078,22.246667861938477,20.799999237060547,21.32666778564453,16.952526092529297,203550
2008-09-03,21.32666778564453,22.106666564941406,21.100000381469727,21.553333282470703,17.13269805908203,260700
2008-09-04,21.31999969482422,21.3799991607666,19.553333282470703,19.959999084472656,15.866168975830078,317850
2008-09-05,19.793333053588867,20.100000381469727,19.166667938232422,19.753332138061523,15.701881408691406,240450
2008-09-08,20.239999771118164,20.933332443237305,19.793333053588867,20.793333053588867,16.52857780456543,266700
2008-09-09,20.793333053588867,21.18000030517578,19.206666946411133,19.239999771118164,15.293840408325195,128400
2008-09-10,19.406667709350586,20.479999542236328,19.200000762939453,20.413333892822266,16.226520538330078,155250
2008-09-11,20.100000381469727,20.786666870117188,19.68000030517578,20.786666870117188,16.523286819458008,108450
2008-09-12,20.69333267211914,21.280000686645508,20.446666717529297,21.106666564941406,16.77764892578125,64500
2008-09-15,20.35333251953125,20.97333335876465,19.03333282470703,19.15333366394043,15.224942207336426,143250
2008-09-16,18.793333053588867,20.5,18.406667709350586,20.18666648864746,16.046344757080078,268200
2008-09-17,19.733333587646484,19.98666763305664,18.139999389648438,18.19333267211914,14.461837768554688,275100
2008-09-18,18.666667938232422,19.799999237060547,17.126667022705078,19.426666259765625,15.442219734191895,307950
2008-09-19,20.593332290649414,21.833332061767578,20.0,20.99333381652832,16.687564849853516,423600
2008-09-22,20.979999542236328,21.30666732788086,20.133333206176758,20.19333267211914,16.051639556884766,92850
2008-09-23,20.133333206176758,20.133333206176758,18.219999313354492,18.226667404174805,14.488341331481934,215100
2008-09-24,18.273332595825195,18.573333740234375,17.219999313354492,17.226667404174805,13.69344425201416,204600
2008-09-25,17.34666633605957,17.68666648864746,17.059999465942383,17.48666763305664,13.900118827819824,456150
2008-09-26,17.020000457763672,17.600000381469727,16.906667709350586,17.553333282470703,14.001148223876953,161400
2008-09-29,17.15999984741211,17.31999969482422,15.34000015258789,16.260000228881836,12.969544410705566,247050
2008-09-30,16.46666717529297,17.413333892822266,16.219999313354492,17.360000610351562,13.846942901611328,179850
2008-10-01,17.206666946411133,17.206666946411133,16.299999237060547,16.51333236694336,13.17160701751709,165750
2008-10-02,16.333332061767578,16.713333129882812,15.453332901000977,15.5600004196167,12.411197662353516,175050
2008-10-03,15.366666793823242,16.413333892822266,14.74666690826416,15.053333282470703,12.00706672668457,323850
2008-10-06,14.546667098999023,15.053333282470703,13.446666717529297,14.600000381469727,11.645469665527344,334950
2008-10-07,14.75333309173584,14.933333396911621,13.34000015258789,13.533332824707031,10.794656753540039,162000
2008-10-08,13.126667022705078,14.666666984558105,12.113332748413086,13.773332595825195,10.986089706420898,361650
2008-10-09,14.126667022705078,14.686667442321777,12.393333435058594,12.5600004196167,10.018296241760254,261450
2008-10-10,11.4399995803833,15.5,10.84000015258789,14.279999732971191,11.390226364135742,590400
2008-10-13,15.5,16.086666107177734,14.5,16.086666107177734,12.831289291381836,322650
2008-10-14,16.406667709350586,16.566667556762695,14.873332977294922,15.213333129882812,12.134689331054688,225000
2008-10-15,14.833333015441895,15.09333324432373,13.366666793823242,13.506667137145996,10.773387908935547,300300
2008-10-16,13.493332862854004,14.180000305175781,12.5,14.013333320617676,11.177526473999023,265350
2008-10-17,13.34000015258789,14.706666946411133,12.986666679382324,13.313332557678223,10.619179725646973,293400
2008-10-20,13.5,14.493332862854004,13.399999618530273,14.4399995803833,11.517845153808594,238650
2008-10-21,14.260000228881836,14.706666946411133,13.713333129882812,14.033332824707031,11.193475723266602,191100
2008-10-22,13.59333324432373,13.833333015441895,12.166666984558105,12.600000381469727,10.050200462341309,295350
2008-10-23,12.666666984558105,12.833333015441895,11.220000267028809,12.013333320617676,9.582253456115723,338550
2008-10-24,11.666666984558105,12.460000038146973,11.173333168029785,11.960000038146973,9.539714813232422,265950
2008-10-27,11.739999771118164,11.960000038146973,11.173333168029785,11.213333129882812,8.944149017333984,127350
2008-10-28,11.5,12.453332901000977,10.893333435058594,12.446666717529297,9.927898406982422,142200
2008-10-29,12.380000114440918,13.166666984558105,11.373332977294922,12.5,9.97043514251709,132750
2008-10-30,12.539999961853027,13.100000381469727,12.346667289733887,13.100000381469727,10.449020385742188,118050
2008-10-31,13.073332786560059,14.146666526794434,12.826666831970215,13.960000038146973,11.134980201721191,128700
2008-11-03,13.346667289733887,13.706666946411133,13.013333320617676,13.420000076293945,10.704262733459473,235650
2008-11-04,11.113332748413086,11.326666831970215,10.173333168029785,10.766667366027832,8.587872505187988,1024200
2008-11-05,10.653332710266113,10.926667213439941,10.266667366027832,10.293333053588867,8.210323333740234,340650
2008-11-06,10.199999809265137,10.313332557678223,9.473333358764648,9.886667251586914,7.885949611663818,407850
2008-11-07,9.993332862854004,10.24666690826416,9.353333473205566,9.573332786560059,7.636023998260498,254700
2008-11-10,9.666666984558105,9.793333053588867,9.153332710266113,9.34000015258789,7.44990873336792,255600
2008-11-11,9.273332595825195,9.706666946411133,8.720000267028809,8.853333473205566,7.061727046966553,288450
2008-11-12,8.853333473205566,9.260000228881836,8.460000038146973,8.84000015258789,7.051090240478516,424950
2008-11-13,8.886667251586914,10.300000190734863,8.453332901000977,10.300000190734863,8.215639114379883,506250
2008-11-14,10.013333320617676,10.226667404174805,8.973333358764648,9.039999961853027,7.210618019104004,276900
2008-11-17,8.873332977294922,9.4399995803833,8.75333309173584,9.239999771118164,7.370144844055176,352350
2008-11-18,9.24666690826416,9.600000381469727,9.006667137145996,9.359999656677246,7.4658637046813965,224250
2008-11-19,9.326666831970215,9.326666831970215,8.260000228881836,8.346667289733887,6.6575927734375,224100
2008-11-20,8.15999984741211,8.59333324432373,7.6066670417785645,7.639999866485596,6.093931198120117,220050
2008-11-21,7.840000152587891,8.566666603088379,7.486667156219482,8.533332824707031,6.806481838226318,208950
2008-11-24,8.566666603088379,9.213333129882812,8.30666732788086,8.899999618530273,7.098949909210205,170700
2008-11-25,9.026666641235352,9.30666732788086,8.646666526794434,9.266667366027832,7.391418933868408,128850
2008-11-26,8.960000038146973,10.146666526794434,8.960000038146973,10.08666706085205,8.045475006103516,154800
2008-11-28,9.666666984558105,10.166666984558105,9.653332710266113,10.146666526794434,8.09333610534668,54600
2008-12-01,9.720000267028809,10.100000381469727,8.533332824707031,8.613332748413086,6.87029504776001,199200
2008-12-02,8.886667251586914,9.140000343322754,8.699999809265137,9.100000381469727,7.258476734161377,199950
2008-12-03,8.74666690826416,9.726667404174805,8.74666690826416,9.619999885559082,7.673248767852783,226350
2008-12-04,9.386667251586914,9.813332557678223,9.066666603088379,9.319999694824219,7.43395471572876,198000
2008-12-05,9.079999923706055,9.933333396911621,8.853333473205566,9.819999694824219,7.832775592803955,244500
2008-12-08,10.279999732971191,11.286666870117188,10.046667098999023,10.920000076293945,8.710172653198242,296550
2008-12-09,10.713333129882812,11.166666984558105,10.206666946411133,10.353333473205566,8.258179664611816,175500
2008-12-10,10.59333324432373,10.713333129882812,10.039999961853027,10.393333435058594,8.290087699890137,114600
2008-12-11,10.166666984558105,10.666666984558105,10.166666984558105,10.273332595825195,8.194365501403809,206700
2008-12-12,9.973333358764648,10.779999732971191,9.933333396911621,10.640000343322754,8.486834526062012,144900
2008-12-15,10.819999694824219,11.0,10.020000457763672,10.199999809265137,8.13587474822998,128850
2008-12-16,10.460000038146973,11.58666706085205,10.313332557678223,11.513333320617676,9.183436393737793,206400
2008-12-17,11.4399995803833,12.41333293914795,11.4399995803833,12.046667098999023,9.608842849731445,189150
2008-12-18,12.046667098999023,12.046667098999023,10.90666675567627,11.34000015258789,9.045177459716797,292650
2008-12-19,11.69333267211914,12.473333358764648,11.353333473205566,11.479999542236328,9.15684986114502,349800
2008-12-22,11.486666679382324,11.853333473205566,10.846667289733887,11.359999656677246,9.061132431030273,181650
2008-12-23,11.460000038146973,11.760000228881836,11.346667289733887,11.613332748413086,9.26319694519043,237750
2008-12-24,11.566666603088379,12.153332710266113,11.353333473205566,11.886667251586914,9.481222152709961,109950
2008-12-26,11.960000038146973,12.239999771118164,11.626667022705078,12.026666641235352,9.592884063720703,117900
2008-12-29,11.966667175292969,11.966667175292969,10.9399995803833,11.553333282470703,9.261543273925781,124050
2008-12-30,11.633333206176758,12.380000114440918,10.966667175292969,12.333333015441895,9.886820793151855,164400
2008-12-31,12.286666870117188,12.733332633972168,12.119999885559082,12.5600004196167,10.068527221679688,170400
2009-01-02,11.433333396911621,12.84000015258789,11.433333396911621,12.626667022705078,10.121969223022461,156900
2009-01-05,12.75333309173584,12.993332862854004,12.566666603088379,12.813332557678223,10.2716064453125,130950
2009-01-06,12.953332901000977,13.313332557678223,12.673333168029785,13.073332786560059,10.480030059814453,167400
2009-01-07,12.666666984558105,13.026666641235352,11.84000015258789,12.24666690826416,9.817347526550293,129750
2009-01-08,12.146666526794434,12.539999961853027,11.933333396911621,12.34000015258789,9.892170906066895,157500
2009-01-09,12.380000114440918,12.673333168029785,11.673333168029785,11.733332633972168,9.405840873718262,143850
2009-01-12,11.75333309173584,11.920000076293945,11.266667366027832,11.266667366027832,9.031744956970215,163200
2009-01-13,11.300000190734863,11.779999732971191,11.15999984741211,11.493332862854004,9.213448524475098,120900
2009-01-14,11.319999694824219,11.566666603088379,10.680000305175781,10.84000015258789,8.689714431762695,180000
2009-01-15,10.859999656677246,11.213333129882812,10.373332977294922,11.206666946411133,8.983650207519531,160050
2009-01-16,11.239999771118164,11.366666793823242,10.520000457763672,10.873332977294922,8.716434478759766,189450
2009-01-20,10.666666984558105,10.953332901000977,9.773332595825195,9.833333015441895,7.8827385902404785,167550
2009-01-21,10.140000343322754,11.106666564941406,9.846667289733887,10.979999542236328,8.801942825317383,134850
2009-01-22,10.699999809265137,11.380000114440918,10.600000381469727,10.866666793823242,8.711090087890625,131250
2009-01-23,10.579999923706055,10.960000038146973,10.40666675567627,10.720000267028809,8.593517303466797,245250
2009-01-26,10.653332710266113,11.173333168029785,10.473333358764648,10.773332595825195,8.636272430419922,126000
2009-01-27,10.766667366027832,11.006667137145996,10.520000457763672,10.953332901000977,8.780567169189453,110100
2009-01-28,11.15999984741211,12.026666641235352,11.026666641235352,12.006667137145996,9.624956130981445,125550
2009-01-29,11.773332595825195,11.899999618530273,10.619999885559082,10.726667404174805,8.598867416381836,138900
2009-01-30,10.84000015258789,10.933333396911621,10.206666946411133,10.266667366027832,8.230110168457031,174300
2009-02-02,10.153332710266113,10.960000038146973,10.09333324432373,10.813332557678223,8.668335914611816,142200
2009-02-03,10.880000114440918,11.24666690826416,10.726667404174805,11.106666564941406,8.903485298156738,114000
2009-02-04,11.140000343322754,11.766667366027832,10.926667213439941,11.353333473205566,9.101219177246094,91650
2009-02-05,11.206666946411133,11.760000228881836,10.953332901000977,11.613332748413086,9.309642791748047,90150
2009-02-06,11.633333206176758,12.313332557678223,11.399999618530273,12.293333053588867,9.854755401611328,106950
2009-02-09,12.19333267211914,12.393333435058594,11.84000015258789,12.15999984741211,9.747868537902832,71400
2009-02-10,12.020000457763672,12.40666675567627,11.106666564941406,11.313332557678223,9.069154739379883,161100
2009-02-11,11.359999656677246,11.553333282470703,11.180000305175781,11.199999809265137,8.978300094604492,77550
2009-02-12,11.146666526794434,11.380000114440918,10.886667251586914,11.319999694824219,9.074498176574707,99300
2009-02-13,11.300000190734863,11.726667404174805,11.073332786560059,11.260000228881836,9.026399612426758,81150
2009-02-17,11.079999923706055,11.206666946411133,10.69333267211914,10.75333309173584,8.62023639678955,93150
2009-02-18,10.960000038146973,11.09333324432373,10.24666690826416,10.366666793823242,8.310271263122559,156450
2009-02-19,10.466667175292969,11.08666706085205,10.433333396911621,10.826666831970215,8.67902946472168,238500
2009-02-20,10.619999885559082,10.773332595825195,10.300000190734863,10.446666717529297,8.374403953552246,227250
2009-02-23,10.220000267028809,10.25333309173584,9.006667137145996,9.013333320617676,7.225398540496826,403200
2009-02-24,9.106666564941406,9.486666679382324,8.833333015441895,9.41333293914795,7.546048164367676,355650
2009-02-25,9.359999656677246,9.493332862854004,8.91333293914795,8.973333358764648,7.193329811096191,273150
2009-02-26,9.026666641235352,9.300000190734863,8.75333309173584,8.779999732971191,7.038349628448486,219450
2009-02-27,8.880000114440918,9.19333267211914,8.779999732971191,8.84000015258789,7.086443901062012,240000
2009-03-02,8.646666526794434,8.713333129882812,7.853332996368408,8.319999694824219,6.669595241546631,320850
2009-03-03,7.993332862854004,8.233332633972168,7.533332824707031,7.6066670417785645,6.097766876220703,620550
2009-03-04,7.7866668701171875,8.100000381469727,7.706666946411133,7.826666831970215,6.274124622344971,294750
2009-03-05,7.599999904632568,7.739999771118164,6.866666793823242,7.233333110809326,5.798486232757568,299100
2009-03-06,7.313333034515381,7.466667175292969,6.940000057220459,7.179999828338623,5.755733966827393,275400
2009-03-09,7.059999942779541,7.260000228881836,6.866666793823242,7.059999942779541,5.659538269042969,195900
2009-03-10,7.3333330154418945,8.020000457763672,7.139999866485596,8.013333320617676,6.42376184463501,210900
2009-03-11,8.066666603088379,8.386667251586914,7.900000095367432,8.15999984741211,6.590681552886963,259200
2009-03-12,8.100000381469727,9.180000305175781,7.940000057220459,9.0600004196167,7.317595481872559,259200
2009-03-13,9.180000305175781,10.0,9.180000305175781,9.699999809265137,7.83450984954834,258750
2009-03-16,9.793333053588867,9.933333396911621,9.380000114440918,9.446666717529297,7.6299004554748535,129900
2009-03-17,9.466667175292969,9.993332862854004,9.319999694824219,9.986666679382324,8.066047668457031,138600
2009-03-18,9.893333435058594,10.880000114440918,9.853333473205566,10.300000190734863,8.319121360778809,204150
2009-03-19,10.5,10.646666526794434,10.0600004196167,10.106666564941406,8.16296672821045,140850
2009-03-20,10.239999771118164,10.386667251586914,9.473333358764648,9.566666603088379,7.7268218994140625,196350
2009-03-23,10.266667366027832,10.84000015258789,10.039999961853027,10.773332595825195,8.701423645019531,187200
2009-03-24,10.526666641235352,10.666666984558105,10.0,10.026666641235352,8.098357200622559,118950
2009-03-25,10.173333168029785,10.673333168029785,9.866666793823242,10.373332977294922,8.3783540725708,172350
2009-03-26,10.833333015441895,10.833333015441895,10.199999809265137,10.739999771118164,8.674503326416016,188250
2009-03-27,10.433333396911621,10.726667404174805,9.84000015258789,9.880000114440918,8.024724006652832,173850
2009-03-30,9.479999542236328,9.613332748413086,9.046667098999023,9.286666870117188,7.542809009552002,292500
2009-03-31,9.473333358764648,9.920000076293945,9.233332633972168,9.739999771118164,7.911014556884766,313650
2009-04-01,9.533332824707031,10.513333320617676,9.286666870117188,10.420000076293945,8.463326454162598,195900
2009-04-02,10.666666984558105,11.300000190734863,10.506667137145996,10.866666793823242,8.826114654541016,155550
2009-04-03,10.760000228881836,10.926667213439941,10.59333324432373,10.926667213439941,8.874855041503906,73050
2009-04-06,10.766667366027832,10.833333015441895,10.380000114440918,10.680000305175781,8.674503326416016,87750
2009-04-07,10.506667137145996,10.653332710266113,9.90666675567627,9.91333293914795,8.051801681518555,106500
2009-04-08,9.966667175292969,10.213333129882812,9.859999656677246,10.15999984741211,8.252148628234863,61950
2009-04-09,10.493332862854004,10.886667251586914,10.34000015258789,10.720000267028809,8.706993103027344,152700
2009-04-13,10.513333320617676,10.720000267028809,10.319999694824219,10.59333324432373,8.604104995727539,134850
2009-04-14,10.333333015441895,10.346667289733887,9.933333396911621,9.979999542236328,8.105950355529785,122100
2009-04-15,9.91333293914795,10.273332595825195,9.91333293914795,10.25333309173584,8.327953338623047,90900
2009-04-16,10.373332977294922,10.520000457763672,10.0600004196167,10.40666675567627,8.452495574951172,95250
2009-04-17,10.466667175292969,10.626667022705078,10.24666690826416,10.333333015441895,8.39293384552002,139200
2009-04-20,10.053333282470703,10.233332633972168,9.626667022705078,9.800000190734863,7.959743976593018,217050
2009-04-21,9.619999885559082,10.579999923706055,9.526666641235352,10.479999542236328,8.51205825805664,168000
2009-04-22,10.206666946411133,11.293333053588867,10.206666946411133,10.84000015258789,8.804457664489746,187350
2009-04-23,10.819999694824219,11.279999732971191,10.65999984741211,10.960000038146973,8.9019193649292,207150
2009-04-24,11.053333282470703,12.206666946411133,10.833333015441895,11.899999618530273,9.665409088134766,219000
2009-04-27,11.5600004196167,11.653332710266113,11.24666690826416,11.420000076293945,9.275541305541992,182550
2009-04-28,11.133333206176758,11.993332862854004,11.133333206176758,11.65999984741211,9.470479011535645,149100
2009-04-29,11.833333015441895,12.366666793823242,11.75333309173584,12.0600004196167,9.795365333557129,102900
2009-04-30,12.186667442321777,12.733332633972168,12.066666603088379,12.066666603088379,9.800775527954102,186000
2009-05-01,12.08666706085205,12.300000190734863,11.779999732971191,12.0,9.746633529663086,167550
2009-05-04,12.09333324432373,12.666666984558105,12.09333324432373,12.666666984558105,10.28811264038086,242700
2009-05-05,11.520000457763672,12.58666706085205,11.19333267211914,11.359999656677246,9.226812362670898,399600
2009-05-06,11.333333015441895,11.433333396911621,10.726667404174805,10.859999656677246,8.820699691772461,267750
2009-05-07,11.046667098999023,11.186667442321777,10.760000228881836,11.073332786560059,8.993976593017578,233400
2009-05-08,11.273332595825195,11.566666603088379,11.033332824707031,11.366666793823242,9.232226371765137,229800
2009-05-11,11.133333206176758,11.446666717529297,10.960000038146973,11.319999694824219,9.194324493408203,189150
2009-05-12,11.380000114440918,11.566666603088379,11.0,11.273332595825195,9.156416893005371,100950
2009-05-13,11.066666603088379,11.119999885559082,10.539999961853027,10.58666706085205,8.598694801330566,166650
2009-05-14,10.680000305175781,10.960000038146973,10.553333282470703,10.720000267028809,8.706993103027344,148200
2009-05-15,10.779999732971191,10.779999732971191,10.0,10.173333168029785,8.262977600097656,362850
2009-05-18,10.166666984558105,10.34000015258789,10.033332824707031,10.220000267028809,8.300880432128906,222600
2009-05-19,10.206666946411133,10.326666831970215,10.020000457763672,10.09333324432373,8.19799518585205,194550
2009-05-20,10.226667404174805,10.713333129882812,10.140000343322754,10.479999542236328,8.51205825805664,150150
2009-05-21,10.25333309173584,10.633333206176758,9.979999542236328,10.300000190734863,8.365860939025879,150450
2009-05-22,10.353333473205566,10.720000267028809,10.353333473205566,10.539999961853027,8.560790061950684,156750
2009-05-26,10.34000015258789,10.893333435058594,10.34000015258789,10.819999694824219,8.788211822509766,157650
2009-05-27,10.69333267211914,11.039999961853027,10.619999885559082,10.666666984558105,8.66367244720459,117150
2009-05-28,10.726667404174805,10.893333435058594,10.520000457763672,10.69333267211914,8.685334205627441,157200
2009-05-29,10.706666946411133,10.813332557678223,10.34000015258789,10.600000381469727,8.609524726867676,164400
2009-06-01,10.673333168029785,11.333333015441895,10.673333168029785,11.126667022705078,9.0372896194458,186450
2009-06-02,11.113332748413086,11.666666984558105,11.09333324432373,11.58666706085205,9.41091537475586,147450
2009-06-03,11.493332862854004,11.5600004196167,11.173333168029785,11.5,9.3405179977417,124050
2009-06-04,11.533332824707031,11.666666984558105,11.313332557678223,11.58666706085205,9.41091537475586,155100
2009-06-05,11.653332710266113,11.899999618530273,11.473333358764648,11.726667404174805,9.524627685546875,167550
2009-06-08,11.546667098999023,11.899999618530273,11.520000457763672,11.686667442321777,9.49213695526123,136200
2009-06-09,11.80666732788086,11.813332557678223,11.579999923706055,11.713333129882812,9.51379680633545,112650
2009-06-10,11.880000114440918,11.880000114440918,11.333333015441895,11.720000267028809,9.519206047058105,178350
2009-06-11,11.726667404174805,12.0,11.313332557678223,11.853333473205566,9.627503395080566,96450
2009-06-12,11.74666690826416,11.880000114440918,11.279999732971191,11.59333324432373,9.416328430175781,208200
2009-06-15,11.460000038146973,11.666666984558105,11.279999732971191,11.353333473205566,9.221392631530762,193050
2009-06-16,11.359999656677246,11.573332786560059,11.013333320617676,11.053333282470703,8.977728843688965,185700
2009-06-17,11.073332786560059,11.346667289733887,11.006667137145996,11.226667404174805,9.118515968322754,139350
2009-06-18,11.173333168029785,11.279999732971191,11.006667137145996,11.153332710266113,9.058952331542969,109800
2009-06-19,11.333333015441895,11.5,11.013333320617676,11.426667213439941,9.280960083007812,184650
2009-06-22,11.286666870117188,11.286666870117188,10.5600004196167,10.653332710266113,8.652847290039062,195300
2009-06-23,10.666666984558105,10.973333358764648,10.633333206176758,10.666666984558105,8.66367244720459,131100
2009-06-24,10.760000228881836,11.053333282470703,10.653332710266113,10.673333168029785,8.669085502624512,81600
2009-06-25,10.666666984558105,11.066666603088379,10.640000343322754,10.946666717529297,8.891094207763672,139800
2009-06-26,10.80666732788086,11.30666732788086,10.686667442321777,11.293333053588867,9.223215103149414,674850
2009-06-29,11.300000190734863,11.373332977294922,10.90666675567627,11.260000228881836,9.195998191833496,123000
2009-06-30,11.239999771118164,11.359999656677246,10.773332595825195,10.779999732971191,8.803979873657227,107700
2009-07-01,10.853333473205566,11.220000267028809,10.786666870117188,10.933333396911621,8.92920970916748,146550
2009-07-02,10.813332557678223,10.813332557678223,10.526666641235352,10.539999961853027,8.6079740524292,190950
2009-07-06,10.426667213439941,10.566666603088379,10.220000267028809,10.4399995803833,8.5263032913208,146100
2009-07-07,10.479999542236328,10.579999923706055,10.220000267028809,10.233332633972168,8.35752010345459,177300
2009-07-08,10.326666831970215,10.65999984741211,10.053333282470703,10.266667366027832,8.384744644165039,176100
2009-07-09,10.386667251586914,10.393333435058594,10.0600004196167,10.100000381469727,8.248623847961426,100050
2009-07-10,10.033332824707031,10.08666706085205,9.853333473205566,10.033332824707031,8.194178581237793,308250
2009-07-13,10.0600004196167,10.273332595825195,9.84000015258789,10.24666690826416,8.368408203125,156150
2009-07-14,10.206666946411133,10.359999656677246,10.079999923706055,10.25333309173584,8.373849868774414,94200
2009-07-15,10.466667175292969,11.19333267211914,10.466667175292969,11.19333267211914,9.141545295715332,120900
2009-07-16,11.08666706085205,11.58666706085205,10.873332977294922,11.513333320617676,9.402887344360352,103050
2009-07-17,11.546667098999023,11.65999984741211,11.0,11.213333129882812,9.157876968383789,131550
2009-07-20,11.25333309173584,11.653332710266113,11.153332710266113,11.640000343322754,9.506338119506836,83100
2009-07-21,11.686667442321777,11.960000038146973,11.653332710266113,11.766667366027832,9.609786033630371,106650
2009-07-22,11.653332710266113,11.953332901000977,11.140000343322754,11.84000015258789,9.669673919677734,53100
2009-07-23,11.866666793823242,12.319999694824219,11.313332557678223,12.213333129882812,9.974576950073242,196350
2009-07-24,12.046667098999023,12.046667098999023,11.466667175292969,11.90666675567627,9.724125862121582,88500
2009-07-27,11.80666732788086,12.053333282470703,11.579999923706055,11.873332977294922,9.6968994140625,100800
2009-07-28,11.733332633972168,12.0600004196167,11.59333324432373,11.899999618530273,9.718676567077637,64050
2009-07-29,11.739999771118164,11.899999618530273,11.520000457763672,11.613332748413086,9.484560012817383,58200
2009-07-30,11.760000228881836,12.020000457763672,11.65999984741211,11.793333053588867,9.631564140319824,106050
2009-07-31,11.766667366027832,11.933333396911621,11.666666984558105,11.720000267028809,9.571674346923828,101400
2009-08-03,11.793333053588867,11.866666793823242,11.479999542236328,11.826666831970215,9.658788681030273,129000
2009-08-04,11.513333320617676,11.786666870117188,10.846667289733887,11.713333129882812,9.566230773925781,620850
2009-08-05,11.760000228881836,11.813332557678223,11.34000015258789,11.673333168029785,9.533560752868652,249000
2009-08-06,11.680000305175781,11.779999732971191,11.506667137145996,11.666666984558105,9.52811336517334,94200
2009-08-07,11.84000015258789,12.353333473205566,11.573332786560059,12.0600004196167,9.849345207214355,119400
2009-08-10,11.993332862854004,12.046667098999023,11.69333267211914,11.973333358764648,9.77856731414795,86100
2009-08-11,11.826666831970215,11.926667213439941,11.626667022705078,11.699999809265137,9.555339813232422,75750
2009-08-12,11.653332710266113,12.346667289733887,11.626667022705078,12.15999984741211,9.931020736694336,123300
2009-08-13,12.173333168029785,12.393333435058594,11.886667251586914,12.260000228881836,10.012691497802734,101100
2009-08-14,12.25333309173584,12.399999618530273,11.920000076293945,12.359999656677246,10.09435749053955,226950
2009-08-17,12.033332824707031,12.399999618530273,11.673333168029785,12.353333473205566,10.088912010192871,190500
2009-08-18,12.326666831970215,12.65999984741211,12.24666690826416,12.40666675567627,10.13247013092041,218550
2009-08-19,12.333333015441895,12.4399995803833,12.206666946411133,12.366666793823242,10.099806785583496,137550
2009-08-20,12.25333309173584,12.5,12.186667442321777,12.453332901000977,10.170580863952637,92250
2009-08-21,12.473333358764648,12.800000190734863,12.366666793823242,12.766667366027832,10.426482200622559,150450
2009-08-24,12.766667366027832,13.113332748413086,12.666666984558105,12.960000038146973,10.584378242492676,124800
2009-08-25,12.979999542236328,12.979999542236328,12.680000305175781,12.84000015258789,10.486366271972656,109500
2009-08-26,12.760000228881836,13.100000381469727,12.666666984558105,13.0,10.617040634155273,134100
2009-08-27,12.966667175292969,12.966667175292969,12.520000457763672,12.880000114440918,10.519041061401367,48000
2009-08-28,12.90666675567627,12.90666675567627,12.533332824707031,12.706666946411133,10.377480506896973,75450
2009-08-31,12.520000457763672,12.59333324432373,12.25333309173584,12.286666870117188,10.034468650817871,155400
2009-09-01,12.153332710266113,12.74666690826416,12.153332710266113,12.333333015441895,10.072582244873047,133650
2009-09-02,12.333333015441895,12.69333267211914,12.266667366027832,12.600000381469727,10.290365219116211,224850
2009-09-03,12.619999885559082,12.739999771118164,12.426667213439941,12.69333267211914,10.36658763885498,136200
2009-09-04,12.619999885559082,12.926667213439941,12.513333320617676,12.880000114440918,10.519041061401367,282600
2009-09-08,12.75333309173584,13.073332786560059,12.4399995803833,13.006667137145996,10.622488975524902,96000
2009-09-09,12.953332901000977,13.293333053588867,12.933333396911621,13.239999771118164,10.81304931640625,109650
2009-09-10,13.186667442321777,13.966667175292969,13.186667442321777,13.833333015441895,11.297621726989746,158700
2009-09-11,13.899999618530273,14.073332786560059,13.706666946411133,14.0,11.433737754821777,123300
2009-09-14,13.90666675567627,14.279999732971191,13.666666984558105,14.273332595825195,11.65697193145752,136200
2009-09-15,14.19333267211914,14.333333015441895,14.133333206176758,14.300000190734863,11.67874813079834,121650
2009-09-16,14.300000190734863,14.59333324432373,14.173333168029785,14.506667137145996,11.847529411315918,114000
2009-09-17,14.40666675567627,14.786666870117188,14.40666675567627,14.666666984558105,11.97819995880127,97350
2009-09-18,14.733332633972168,14.899999618530273,14.680000305175781,14.779999732971191,12.070760726928711,116550
2009-09-21,14.699999809265137,14.899999618530273,14.506667137145996,14.680000305175781,11.989092826843262,123450
2009-09-22,14.826666831970215,14.826666831970215,14.5600004196167,14.600000381469727,11.923759460449219,34800
2009-09-23,14.619999885559082,14.920000076293945,14.506667137145996,14.626667022705078,11.945531845092773,93000
2009-09-24,14.65999984741211,14.666666984558105,14.286666870117188,14.626667022705078,11.945531845092773,70650
2009-09-25,14.566666603088379,14.680000305175781,14.273332595825195,14.333333015441895,11.705974578857422,52500
2009-09-28,14.359999656677246,15.0,14.279999732971191,14.69333267211914,12.050426483154297,50400
2009-09-29,14.720000267028809,14.813332557678223,14.466667175292969,14.640000343322754,12.006684303283691,39300
2009-09-30,14.553333282470703,14.65999984741211,13.90666675567627,14.039999961853027,11.514608383178711,127650
2009-10-01,13.880000114440918,13.880000114440918,13.420000076293945,13.426667213439941,11.011598587036133,108300
2009-10-02,13.393333435058594,13.653332710266113,13.026666641235352,13.066666603088379,10.71634578704834,113550
2009-10-05,13.186667442321777,13.34000015258789,12.733332633972168,13.260000228881836,10.874908447265625,58500
2009-10-06,13.326666831970215,13.653332710266113,13.19333267211914,13.466667175292969,11.044402122497559,42300
2009-10-07,13.353333473205566,13.633333206176758,13.34000015258789,13.600000381469727,11.153752326965332,40050
2009-10-08,13.680000305175781,13.899999618530273,13.613332748413086,13.633333206176758,11.181085586547852,44100
2009-10-09,13.646666526794434,14.066666603088379,13.546667098999023,14.046667098999023,11.520073890686035,59400
2009-10-12,14.033332824707031,14.486666679382324,14.033332824707031,14.100000381469727,11.563817977905273,53700
2009-10-13,14.033332824707031,14.146666526794434,13.886667251586914,14.100000381469727,11.563817977905273,31800
2009-10-14,14.293333053588867,14.293333053588867,14.006667137145996,14.213333129882812,11.65676498413086,63600
2009-10-15,14.039999961853027,14.126667022705078,13.59333324432373,13.960000038146973,11.448999404907227,82350
2009-10-16,13.866666793823242,14.020000457763672,13.466667175292969,13.58666706085205,11.142818450927734,138450
2009-10-19,13.686667442321777,14.173333168029785,13.433333396911621,14.113332748413086,11.574749946594238,81150
2009-10-20,14.113332748413086,14.113332748413086,13.466667175292969,13.91333293914795,11.410721778869629,55050
2009-10-21,13.893333435058594,14.346667289733887,13.65999984741211,13.846667289733887,11.35605239868164,114900
2009-10-22,13.779999732971191,13.886667251586914,13.273332595825195,13.779999732971191,11.301375389099121,67650
2009-10-23,13.793333053588867,13.793333053588867,13.319999694824219,13.579999923706055,11.137350082397461,50250
2009-10-26,13.553333282470703,13.880000114440918,13.30666732788086,13.460000038146973,11.038932800292969,34200
2009-10-27,13.520000457763672,13.613332748413086,13.206666946411133,13.25333309173584,10.869437217712402,64800
2009-10-28,13.186667442321777,13.30666732788086,12.899999618530273,12.933333396911621,10.606998443603516,56700
2009-10-29,12.993332862854004,13.433333396911621,12.779999732971191,13.300000190734863,10.907713890075684,67050
2009-10-30,13.153332710266113,13.206666946411133,12.613332748413086,12.706666946411133,10.421103477478027,108450
2009-11-02,12.899999618530273,13.30666732788086,12.566666603088379,12.920000076293945,10.596061706542969,105300
2009-11-03,13.673333168029785,14.59333324432373,13.399999618530273,13.579999923706055,11.137350082397461,185700
2009-11-04,13.713333129882812,14.5,13.333333015441895,14.173333168029785,11.623957633972168,136500
2009-11-05,14.186667442321777,14.926667213439941,14.186667442321777,14.713333129882812,12.066828727722168,107100
2009-11-06,14.546667098999023,14.899999618530273,14.206666946411133,14.833333015441895,12.165240287780762,82800
2009-11-09,15.033332824707031,15.600000381469727,14.726667404174805,15.58666706085205,12.783080101013184,139800
2009-11-10,15.433333396911621,15.533332824707031,14.953332901000977,14.960000038146973,12.269124984741211,138300
2009-11-11,15.19333267211914,15.19333267211914,14.813332557678223,15.0600004196167,12.351137161254883,76350
2009-11-12,15.013333320617676,15.25333309173584,14.686667442321777,14.74666690826416,12.09416675567627,65100
2009-11-13,14.773332595825195,15.226667404174805,14.573332786560059,15.013333320617676,12.31286334991455,61050
2009-11-16,15.119999885559082,16.18666648864746,15.119999885559082,16.18666648864746,13.275152206420898,170400
2009-11-17,16.040000915527344,16.3799991607666,15.75333309173584,16.30666732788086,13.373567581176758,144900
2009-11-18,16.31333351135254,16.31333351135254,15.699999809265137,15.986666679382324,13.111125946044922,77100
2009-11-19,15.826666831970215,15.9399995803833,15.453332901000977,15.726667404174805,12.8978910446167,63600
2009-11-20,15.513333320617676,15.819999694824219,15.4399995803833,15.65999984741211,12.843214988708496,65400
2009-11-23,15.773332595825195,16.99333381652832,15.600000381469727,16.933332443237305,13.88751220703125,160200
2009-11-24,16.866666793823242,16.866666793823242,16.366666793823242,16.51333236694336,13.543054580688477,48000
2009-11-25,16.3799991607666,16.5,15.979999542236328,16.079999923706055,13.18767261505127,58950
2009-11-27,15.34000015258789,15.793333053588867,14.893333435058594,15.433333396911621,12.657320976257324,56400
2009-11-30,15.433333396911621,15.819999694824219,14.953332901000977,15.766667366027832,12.93070125579834,120450
2009-12-01,15.90666675567627,17.113332748413086,15.90666675567627,16.753332138061523,13.73989486694336,125400
2009-12-02,16.719999313354492,17.780000686645508,16.719999313354492,17.666667938232422,14.488943099975586,141000
2009-12-03,17.760000228881836,18.093332290649414,16.920000076293945,17.15333366394043,14.067943572998047,115050
2009-12-04,17.613332748413086,17.899999618530273,17.420000076293945,17.84000015258789,14.63109302520752,85650
2009-12-07,17.959999084472656,18.479999542236328,17.899999618530273,18.453332901000977,15.134113311767578,129000
2009-12-08,18.31999969482422,19.1200008392334,18.086666107177734,18.47333335876465,15.150506019592285,236700
2009-12-09,18.65333366394043,18.65999984741211,17.68000030517578,17.926666259765625,14.70217227935791,72900
2009-12-10,17.96666717529297,18.440000534057617,17.96666717529297,18.34666633605957,15.046630859375,459000
2009-12-11,18.413333892822266,18.64666748046875,18.206666946411133,18.453332901000977,15.134113311767578,141600
2009-12-14,18.540000915527344,18.586666107177734,18.34666633605957,18.479999542236328,15.155975341796875,74850
2009-12-15,18.46666717529297,18.85333251953125,18.373332977294922,18.559999465942383,15.221586227416992,231000
2009-12-16,18.780000686645508,18.780000686645508,18.273332595825195,18.35333251953125,15.05208969116211,44100
2009-12-17,18.18666648864746,18.393333435058594,17.8799991607666,18.00666618347168,14.767782211303711,91800
2009-12-18,18.18666648864746,18.30666732788086,17.68666648864746,18.15333366394043,14.888070106506348,190050
2009-12-21,18.219999313354492,18.50666618347168,17.866666793823242,18.126667022705078,14.866204261779785,96000
2009-12-22,18.113332748413086,18.266666412353516,17.940000534057617,18.14666748046875,14.882609367370605,69900
2009-12-23,18.226667404174805,18.540000915527344,18.113332748413086,18.386667251586914,15.07943058013916,47700
2009-12-24,18.333332061767578,18.333332061767578,18.046667098999023,18.31999969482422,15.024759292602539,14250
2009-12-28,18.333332061767578,18.333332061767578,17.706666946411133,17.96666717529297,14.734981536865234,59700
2009-12-29,17.96666717529297,18.040000915527344,17.786666870117188,17.906667709350586,14.73498249053955,41400
2009-12-30,17.753332138061523,18.266666412353516,17.51333236694336,17.793333053588867,14.641722679138184,74400
2009-12-31,17.733333587646484,18.046667098999023,17.440000534057617,17.5,14.400347709655762,64500
2010-01-04,17.706666946411133,18.593332290649414,17.706666946411133,18.426666259765625,15.162871360778809,76350
2010-01-05,18.479999542236328,18.479999542236328,18.073333740234375,18.18000030517578,14.959901809692383,61500
2010-01-06,18.15333366394043,18.413333892822266,17.8799991607666,17.913333892822266,14.740469932556152,51600
2010-01-07,17.84000015258789,18.386667251586914,17.600000381469727,18.31999969482422,15.075098037719727,54000
2010-01-08,18.18666648864746,18.586666107177734,18.093332290649414,18.52666664123535,15.245155334472656,56100
2010-01-11,18.600000381469727,18.600000381469727,18.246667861938477,18.479999542236328,15.206764221191406,28950
2010-01-12,18.260000228881836,18.399999618530273,18.00666618347168,18.053333282470703,14.85567569732666,30750
2010-01-13,18.19333267211914,18.420000076293945,18.040000915527344,18.35333251953125,15.102537155151367,24300
2010-01-14,18.293333053588867,18.64666748046875,18.133333206176758,18.366666793823242,15.113505363464355,35850
2010-01-15,18.453332901000977,18.559999465942383,18.01333236694336,18.03333282470703,14.83922004699707,65100
2010-01-19,18.100000381469727,18.593332290649414,17.84000015258789,18.50666618347168,15.2287015914917,82500
2010-01-20,18.3799991607666,18.3799991607666,17.833332061767578,17.959999084472656,14.778862953186035,84450
2010-01-21,17.96666717529297,18.113332748413086,16.886667251586914,16.886667251586914,13.895651817321777,125100
2010-01-22,16.84666633605957,17.253332138061523,16.666667938232422,16.69333267211914,13.736557960510254,80100
2010-01-25,16.833332061767578,16.946666717529297,16.133333206176758,16.280000686645508,13.396432876586914,110100
2010-01-26,16.166667938232422,16.166667938232422,15.479999542236328,15.640000343322754,12.869794845581055,92850
2010-01-27,15.553333282470703,15.826666831970215,15.506667137145996,15.793333053588867,12.995963096618652,45450
2010-01-28,15.793333053588867,15.793333053588867,15.033332824707031,15.25333309173584,12.551616668701172,61500
2010-01-29,15.5,15.733332633972168,14.920000076293945,14.920000076293945,12.277318954467773,86550
2010-02-01,14.993332862854004,15.020000457763672,14.673333168029785,14.75333309173584,12.140174865722656,82200
2010-02-02,14.726667404174805,15.0600004196167,14.666666984558105,14.953332901000977,12.3047513961792,98550
2010-02-03,14.833333015441895,15.273332595825195,14.666666984558105,14.766667366027832,12.15114688873291,45150
2010-02-04,14.646666526794434,14.813332557678223,14.09333324432373,14.206666946411133,11.690333366394043,83100
2010-02-05,14.199999809265137,14.213333129882812,13.819999694824219,14.146666526794434,11.640963554382324,47400
2010-02-08,14.09333324432373,14.286666870117188,13.880000114440918,13.90666675567627,11.443476676940918,54750
2010-02-09,14.053333282470703,14.153332710266113,13.813332557678223,13.979999542236328,11.503817558288574,82350
2010-02-10,13.833333015441895,14.266667366027832,13.666666984558105,14.260000228881836,11.734221458435059,53700
2010-02-11,14.15999984741211,14.886667251586914,13.946666717529297,14.880000114440918,12.244402885437012,48900
2010-02-12,14.653332710266113,15.266667366027832,14.653332710266113,15.199999809265137,12.507725715637207,72750
2010-02-16,15.353333473205566,15.353333473205566,14.979999542236328,15.300000190734863,12.590014457702637,50250
2010-02-17,15.40666675567627,15.760000228881836,15.266667366027832,15.720000267028809,12.935620307922363,48150
2010-02-18,15.65999984741211,16.719999313354492,15.526666641235352,16.67333221435547,13.720097541809082,51000
2010-02-19,16.67333221435547,16.933332443237305,16.46666717529297,16.666667938232422,13.714609146118164,105300
2010-02-22,16.726667404174805,16.906667709350586,16.47333335876465,16.666667938232422,13.714609146118164,21300
2010-02-23,16.64666748046875,16.68000030517578,16.046667098999023,16.100000381469727,13.248316764831543,73650
2010-02-24,16.133333206176758,16.3799991607666,16.079999923706055,16.366666793823242,13.467750549316406,30300
2010-02-25,16.053333282470703,16.780000686645508,15.793333053588867,16.780000686645508,13.80787181854248,56250
2010-02-26,16.69333267211914,16.753332138061523,16.113332748413086,16.126667022705078,13.270254135131836,72750
2010-03-01,16.286666870117188,16.833332061767578,16.093332290649414,16.80666732788086,13.829814910888672,72000
2010-03-02,16.786666870117188,17.053333282470703,16.53333282470703,16.959999084472656,13.955989837646484,37200
2010-03-03,17.0,17.14666748046875,16.933332443237305,17.100000381469727,14.07119369506836,81300
2010-03-04,16.96666717529297,17.213333129882812,16.926666259765625,17.15333366394043,14.115080833435059,48450
2010-03-05,17.226667404174805,17.706666946411133,17.166667938232422,17.386667251586914,14.307092666625977,81150
2010-03-08,17.433332443237305,17.46666717529297,17.17333221435547,17.253332138061523,14.19736385345459,52650
2010-03-09,18.293333053588867,18.333332061767578,17.979999542236328,18.260000228881836,15.025733947753906,158850
2010-03-10,18.213333129882812,19.760000228881836,18.213333129882812,19.68666648864746,16.199705123901367,138150
2010-03-11,19.593332290649414,19.593332290649414,18.406667709350586,18.553333282470703,15.267108917236328,102300
2010-03-12,18.666667938232422,19.299999237060547,18.246667861938477,18.773332595825195,15.448135375976562,74550
2010-03-15,18.773332595825195,18.773332595825195,18.30666732788086,18.639999389648438,15.338424682617188,39150
2010-03-16,18.67333221435547,18.67333221435547,18.073333740234375,18.479999542236328,15.206764221191406,74100
2010-03-17,17.786666870117188,18.540000915527344,17.786666870117188,18.399999618530273,15.140931129455566,34800
2010-03-18,18.200000762939453,18.5,18.0,18.446666717529297,15.179333686828613,19800
2010-03-19,18.5,18.5,17.940000534057617,18.253332138061523,15.02023696899414,98850
2010-03-22,18.020000457763672,18.366666793823242,17.84000015258789,18.226667404174805,14.998306274414062,91350
2010-03-23,18.286666870117188,18.573333740234375,18.139999389648438,18.3799991607666,15.124476432800293,102450
2010-03-24,18.31333351135254,18.35333251953125,17.726667404174805,17.780000686645508,14.630746841430664,80100
2010-03-25,17.940000534057617,18.139999389648438,17.46666717529297,17.520000457763672,14.41680908203125,110850
2010-03-26,17.65333366394043,18.0,17.52666664123535,17.68000030517578,14.5484619140625,58500
2010-03-29,17.68666648864746,18.00666618347168,17.626667022705078,17.959999084472656,14.82918930053711,54150
2010-03-30,17.98666763305664,18.106666564941406,17.566667556762695,17.84666633605957,14.735610961914062,75000
2010-03-31,17.713333129882812,17.893333435058594,17.280000686645508,17.31999969482422,14.300755500793457,202800
2010-04-01,17.446666717529297,18.126667022705078,17.32666778564453,17.446666717529297,14.405341148376465,87900
2010-04-05,17.459999084472656,18.426666259765625,17.393333435058594,18.30666732788086,15.115431785583496,170850
2010-04-06,18.19333267211914,18.420000076293945,17.733333587646484,18.34666633605957,15.148456573486328,91950
2010-04-07,18.273332595825195,18.273332595825195,17.773332595825195,18.053333282470703,14.906261444091797,73350
2010-04-08,17.933332443237305,18.34666633605957,17.81333351135254,18.200000762939453,15.027352333068848,43200
2010-04-09,18.106666564941406,18.200000762939453,17.84666633605957,18.046667098999023,14.900753021240234,47100
2010-04-12,17.953332901000977,18.47333335876465,17.953332901000977,18.15333366394043,14.988825798034668,83400
2010-04-13,17.99333381652832,18.65999984741211,17.99333381652832,18.399999618530273,15.19249153137207,57750
2010-04-14,18.48666763305664,19.260000228881836,18.106666564941406,19.0,15.687898635864258,87450
2010-04-15,18.866666793823242,19.239999771118164,18.639999389648438,19.166667938232422,15.825507164001465,69300
2010-04-16,19.15999984741211,19.213333129882812,18.906667709350586,19.02666664123535,15.709911346435547,84300
2010-04-19,18.8799991607666,18.99333381652832,18.406667709350586,18.893333435058594,15.599830627441406,46800
2010-04-20,19.040000915527344,19.520000457763672,19.040000915527344,19.386667251586914,16.007158279418945,64650
2010-04-21,19.420000076293945,19.579999923706055,19.30666732788086,19.413333892822266,16.029178619384766,44700
2010-04-22,19.106666564941406,19.633333206176758,19.106666564941406,19.553333282470703,16.144773483276367,47100
2010-04-23,19.47333335876465,19.573333740234375,19.399999618530273,19.553333282470703,16.144773483276367,38850
2010-04-26,19.47333335876465,19.733333587646484,19.366666793823242,19.50666618347168,16.10624122619629,53250
2010-04-27,19.360000610351562,19.49333381652832,18.64666748046875,18.69333267211914,15.434687614440918,49350
2010-04-28,18.766666412353516,18.833332061767578,18.6200008392334,18.719999313354492,15.456707954406738,20850
2010-04-29,18.866666793823242,19.239999771118164,18.5,19.206666946411133,15.858542442321777,46800
2010-04-30,19.15333366394043,19.333332061767578,18.626667022705078,18.67333221435547,15.418173789978027,61350
2010-05-03,18.726667404174805,19.333332061767578,18.51333236694336,19.253332138061523,15.897068977355957,49800
2010-05-04,18.906667709350586,19.18000030517578,18.613332748413086,18.906667709350586,15.61083984375,102750
2010-05-05,18.633333206176758,18.98666763305664,17.80666732788086,18.860000610351562,15.57230281829834,67200
2010-05-06,18.666667938232422,18.946666717529297,17.333332061767578,18.200000762939453,15.027352333068848,115350
2010-05-07,18.14666748046875,18.14666748046875,17.31333351135254,17.386667251586914,14.35580825805664,163200
2010-05-10,18.239999771118164,18.406667709350586,17.860000610351562,18.266666412353516,15.08240032196045,182100
2010-05-11,19.420000076293945,21.333332061767578,18.666667938232422,21.0,17.339256286621094,530400
2010-05-12,21.0,21.333332061767578,20.666667938232422,21.066667556762695,17.39429473876953,202650
2010-05-13,21.0,21.133333206176758,20.333332061767578,20.579999923706055,16.992469787597656,168600
2010-05-14,20.34000015258789,20.366666793823242,19.700000762939453,20.00666618347168,16.519073486328125,84600
2010-05-17,20.206666946411133,20.586666107177734,19.566667556762695,20.059999465942383,16.56311798095703,81300
2010-05-18,20.17333221435547,20.53333282470703,19.706666946411133,19.793333053588867,16.342933654785156,71100
2010-05-19,19.666667938232422,19.97333335876465,19.0,19.31333351135254,15.946606636047363,70200
2010-05-20,18.833332061767578,19.17333221435547,17.766666412353516,17.80666732788086,14.70258903503418,148500
2010-05-21,17.5,18.49333381652832,17.386667251586914,18.093332290649414,14.93928050994873,121350
2010-05-24,18.020000457763672,18.166667938232422,17.713333129882812,17.719999313354492,14.631024360656738,42900
2010-05-25,17.51333236694336,17.51333236694336,16.82666778564453,16.946666717529297,13.992501258850098,218250
2010-05-26,17.053333282470703,17.786666870117188,16.766666412353516,16.96666717529297,14.009015083312988,214650
2010-05-27,17.459999084472656,17.573333740234375,16.68666648864746,17.479999542236328,14.432865142822266,147000
2010-05-28,17.399999618530273,17.64666748046875,17.00666618347168,17.360000610351562,14.333782196044922,77850
2010-06-01,17.233333587646484,17.406667709350586,16.739999771118164,16.793333053588867,13.865897178649902,109950
2010-06-02,16.979999542236328,17.406667709350586,16.726667404174805,17.3799991607666,14.350296020507812,106800
2010-06-03,17.31999969482422,17.920000076293945,17.19333267211914,17.706666946411133,14.620019912719727,135300
2010-06-04,17.1200008392334,17.540000915527344,16.1200008392334,16.17333221435547,13.353981018066406,148050
2010-06-07,16.31999969482422,16.64666748046875,16.00666618347168,16.03333282470703,13.238384246826172,92850
2010-06-08,16.166667938232422,16.239999771118164,15.566666603088379,15.880000114440918,13.11177921295166,114750
2010-06-09,16.113332748413086,16.293333053588867,15.479999542236328,15.646666526794434,12.9191255569458,97350
2010-06-10,16.0,16.48666763305664,15.633333206176758,16.46666717529297,13.59618091583252,201750
2010-06-11,16.15333366394043,17.059999465942383,16.15333366394043,17.01333236694336,14.04754638671875,143700
2010-06-14,17.266666412353516,17.433332443237305,16.84666633605957,16.940000534057617,13.987001419067383,113850
2010-06-15,17.053333282470703,17.6200008392334,16.860000610351562,17.600000381469727,14.531950950622559,151350
2010-06-16,17.453332901000977,18.133333206176758,17.413333892822266,17.84000015258789,14.730114936828613,132300
2010-06-17,18.02666664123535,18.02666664123535,17.420000076293945,17.773332595825195,14.675061225891113,84600
2010-06-18,17.906667709350586,17.99333381652832,17.67333221435547,17.773332595825195,14.675061225891113,102000
2010-06-21,17.99333381652832,18.053333282470703,17.18000030517578,17.333332061767578,14.311765670776367,57000
2010-06-22,17.426666259765625,17.766666412353516,16.799999237060547,16.866666793823242,13.926445960998535,51000
2010-06-23,16.81999969482422,16.953332901000977,16.65333366394043,16.81999969482422,13.887911796569824,96600
2010-06-24,16.626667022705078,17.079999923706055,16.540000915527344,16.64666748046875,13.744805335998535,90450
2010-06-25,16.786666870117188,17.066667556762695,16.626667022705078,16.726667404174805,13.810856819152832,567900
2010-06-28,16.633333206176758,17.00666618347168,16.399999618530273,16.47333335876465,13.650650024414062,113550
2010-06-29,16.046667098999023,16.413333892822266,15.373332977294922,15.539999961853027,12.877242088317871,135000
2010-06-30,15.566666603088379,16.113332748413086,15.34000015258789,15.640000343322754,12.96010684967041,143400
2010-07-01,15.613332748413086,15.873332977294922,15.0600004196167,15.546667098999023,12.882763862609863,127650
2010-07-02,15.733332633972168,15.75333309173584,15.19333267211914,15.266667366027832,12.650739669799805,128400
2010-07-06,15.566666603088379,15.793333053588867,14.979999542236328,15.09333324432373,12.507113456726074,147600
2010-07-07,15.213333129882812,15.59333324432373,14.606666564941406,15.566666603088379,12.899336814880371,94800
2010-07-08,15.706666946411133,15.819999694824219,15.266667366027832,15.786666870117188,13.081639289855957,78600
2010-07-09,15.713333129882812,16.066667556762695,15.539999961853027,15.973333358764648,13.236322402954102,89850
2010-07-12,15.90666675567627,16.03333282470703,15.426667213439941,15.453332901000977,12.805426597595215,66000
2010-07-13,15.680000305175781,16.399999618530273,15.573332786560059,16.34000015258789,13.540162086486816,140100
2010-07-14,16.206666946411133,16.30666732788086,15.933333396911621,16.1200008392334,13.35785961151123,68100
2010-07-15,16.139999389648438,16.139999389648438,15.69333267211914,15.859999656677246,13.14240837097168,63600
2010-07-16,15.666666984558105,15.666666984558105,15.020000457763672,15.126667022705078,12.534729957580566,116700
2010-07-19,15.233332633972168,15.453332901000977,14.866666793823242,15.446666717529297,12.799895286560059,47850
2010-07-20,15.180000305175781,15.800000190734863,15.013333320617676,15.773332595825195,13.070590019226074,60900
2010-07-21,15.926667213439941,16.260000228881836,15.739999771118164,15.960000038146973,13.225274085998535,101250
2010-07-22,16.299999237060547,16.833332061767578,16.139999389648438,16.719999313354492,13.855051040649414,98100
2010-07-23,16.600000381469727,17.420000076293945,16.50666618347168,17.373332977294922,14.396435737609863,118200
2010-07-26,17.446666717529297,18.126667022705078,17.446666717529297,17.953332901000977,14.87705135345459,140850
2010-07-27,18.066667556762695,18.213333129882812,17.360000610351562,17.420000076293945,14.435102462768555,85500
2010-07-28,17.31999969482422,17.520000457763672,17.046667098999023,17.139999389648438,14.203082084655762,34350
2010-07-29,17.239999771118164,17.520000457763672,16.893333435058594,17.253332138061523,14.296998977661133,92400
2010-07-30,16.873332977294922,17.566667556762695,16.873332977294922,17.19333267211914,14.247281074523926,34350
2010-08-02,17.959999084472656,18.333332061767578,17.713333129882812,18.0,14.915719985961914,91200
2010-08-03,17.866666793823242,18.5,17.68666648864746,18.086666107177734,14.987542152404785,72450
2010-08-04,18.15999984741211,18.65333366394043,18.15999984741211,18.559999465942383,15.379765510559082,52800
2010-08-05,18.406667709350586,18.8799991607666,18.273332595825195,18.31999969482422,15.180886268615723,67650
2010-08-06,18.00666618347168,18.6200008392334,17.65999984741211,17.96666717529297,14.88809585571289,60750
2010-08-09,18.073333740234375,18.3799991607666,17.666667938232422,18.34666633605957,15.20299243927002,50850
2010-08-10,17.98666763305664,18.280000686645508,17.64666748046875,17.81999969482422,14.766563415527344,67200
2010-08-11,17.413333892822266,17.65999984741211,16.47333335876465,16.586666107177734,13.744558334350586,113700
2010-08-12,16.200000762939453,16.940000534057617,16.166667938232422,16.413333892822266,13.600934028625488,73950
2010-08-13,16.293333053588867,16.719999313354492,16.100000381469727,16.333332061767578,13.534639358520508,74550
2010-08-16,16.18000030517578,17.239999771118164,16.18000030517578,16.96666717529297,14.059449195861816,44400
2010-08-17,17.14666748046875,17.286666870117188,16.873332977294922,17.200000762939453,14.252801895141602,98100
2010-08-18,17.213333129882812,17.553333282470703,16.84666633605957,17.3799991607666,14.401960372924805,60900
2010-08-19,17.246667861938477,17.246667861938477,16.14666748046875,16.14666748046875,13.379956245422363,96000
2010-08-20,16.073333740234375,16.246667861938477,15.766667366027832,16.086666107177734,13.330238342285156,64500
2010-08-23,16.51333236694336,16.553333282470703,15.333333015441895,15.373332977294922,12.739130973815918,43650
2010-08-24,15.146666526794434,15.69333267211914,15.046667098999023,15.153332710266113,12.556827545166016,93750
2010-08-25,15.0600004196167,15.873332977294922,15.0600004196167,15.826666831970215,13.11478328704834,55200
2010-08-26,15.859999656677246,15.886667251586914,15.313332557678223,15.326666831970215,12.700460433959961,32700
2010-08-27,15.600000381469727,16.48666763305664,15.133333206176758,16.399999618530273,13.589881896972656,52050
2010-08-30,16.260000228881836,16.373332977294922,15.233332633972168,15.25333309173584,12.639693260192871,70800
2010-08-31,15.260000228881836,15.40666675567627,14.65999984741211,14.866666793823242,12.319282531738281,119700
2010-09-01,15.15999984741211,16.113332748413086,15.15999984741211,16.059999465942383,13.308137893676758,62100
2010-09-02,15.966667175292969,16.51333236694336,15.579999923706055,16.373332977294922,13.567785263061523,66450
2010-09-03,16.593332290649414,17.366666793823242,16.593332290649414,17.253332138061523,14.296998977661133,79050
2010-09-07,17.280000686645508,17.31999969482422,16.940000534057617,17.17333221435547,14.23070240020752,82650
2010-09-08,17.286666870117188,17.553333282470703,17.133333206176758,17.30666732788086,14.3411865234375,40500
2010-09-09,17.593332290649414,17.69333267211914,17.079999923706055,17.413333892822266,14.429579734802246,40350
2010-09-10,17.546667098999023,17.773332595825195,17.399999618530273,17.540000915527344,14.534543991088867,41100
2010-09-13,17.726667404174805,18.040000915527344,17.67333221435547,17.940000534057617,14.866003036499023,62250
2010-09-14,17.81999969482422,18.093332290649414,17.579999923706055,18.020000457763672,14.932293891906738,50700
2010-09-15,17.866666793823242,18.286666870117188,17.639999389648438,18.200000762939453,15.08144760131836,36900
2010-09-16,18.206666946411133,18.206666946411133,17.69333267211914,18.100000381469727,14.998588562011719,49350
2010-09-17,18.373332977294922,18.406667709350586,17.866666793823242,18.100000381469727,14.998588562011719,71700
2010-09-20,18.100000381469727,18.713333129882812,18.00666618347168,18.68666648864746,15.48472785949707,51600
2010-09-21,18.719999313354492,18.84000015258789,18.35333251953125,18.393333435058594,15.241653442382812,31950
2010-09-22,18.246667861938477,18.51333236694336,17.933332443237305,18.14666748046875,15.03725528717041,34200
2010-09-23,17.933332443237305,18.413333892822266,17.413333892822266,17.49333381652832,14.495875358581543,37050
2010-09-24,17.84000015258789,18.67333221435547,17.84000015258789,18.666667938232422,15.46816349029541,50250
2010-09-27,18.666667938232422,18.666667938232422,18.040000915527344,18.573333740234375,15.390815734863281,31800
2010-09-28,18.573333740234375,19.18666648864746,18.166667938232422,19.1200008392334,15.895159721374512,39450
2010-09-29,19.03333282470703,19.413333892822266,18.64666748046875,19.15333366394043,15.922868728637695,34950
2010-09-30,19.333332061767578,19.333332061767578,18.666667938232422,18.793333053588867,15.623587608337402,89700
2010-10-01,18.873332977294922,19.31333351135254,18.84000015258789,19.299999237060547,16.044803619384766,53700
2010-10-04,19.166667938232422,19.18000030517578,18.30666732788086,18.373332977294922,15.274430274963379,41550
2010-10-05,18.700000762939453,19.059999465942383,18.360000610351562,18.953332901000977,15.756603240966797,62550
2010-10-06,18.82666778564453,19.073333740234375,18.600000381469727,18.733333587646484,15.573710441589355,50700
2010-10-07,18.959999084472656,18.959999084472656,18.520000457763672,18.68666648864746,15.534916877746582,22650
2010-10-08,18.69333267211914,19.406667709350586,18.5,19.266666412353516,16.017093658447266,44100
2010-10-11,19.18000030517578,19.266666412353516,18.933332443237305,19.03333282470703,15.8231201171875,18450
2010-10-12,18.899999618530273,19.01333236694336,18.420000076293945,18.920000076293945,15.728896141052246,11850
2010-10-13,19.0,19.52666664123535,18.68666648864746,19.32666778564453,16.066967010498047,41400
2010-10-14,19.246667861938477,19.47333335876465,19.14666748046875,19.386667251586914,16.116851806640625,44850
2010-10-15,19.706666946411133,19.82666778564453,19.106666564941406,19.113332748413086,15.889619827270508,100800
2010-10-18,19.113332748413086,19.793333053588867,19.00666618347168,19.69333267211914,16.371793746948242,30600
2010-10-19,19.280000686645508,19.979999542236328,19.233333587646484,19.82666778564453,16.48263931274414,88500
2010-10-20,19.99333381652832,20.49333381652832,19.833332061767578,20.32666778564453,16.898303985595703,60000
2010-10-21,20.52666664123535,20.866666793823242,19.84000015258789,20.50666618347168,17.047945022583008,168750
2010-10-22,20.566667556762695,20.64666748046875,20.34666633605957,20.639999389648438,17.158794403076172,56400
2010-10-25,20.753332138061523,21.053333282470703,20.713333129882812,20.926666259765625,17.397111892700195,32550
2010-10-26,20.833332061767578,20.946666717529297,20.573333740234375,20.739999771118164,17.24192237854004,49350
2010-10-27,20.52666664123535,20.913333892822266,20.233333587646484,20.893333435058594,17.369394302368164,56100
2010-10-28,21.020000457763672,21.19333267211914,20.65333366394043,20.899999618530273,17.374940872192383,35700
2010-10-29,20.866666793823242,20.899999618530273,20.46666717529297,20.713333129882812,17.21975326538086,49950
2010-11-01,20.873332977294922,21.30666732788086,20.80666732788086,20.99333381652832,17.452533721923828,56850
2010-11-02,21.226667404174805,21.546667098999023,20.873332977294922,21.393333435058594,17.785062789916992,55200
2010-11-03,21.459999084472656,21.600000381469727,21.166667938232422,21.579999923706055,17.940244674682617,24900
2010-11-04,21.979999542236328,22.65999984741211,21.84666633605957,22.65999984741211,18.83808708190918,68850
2010-11-05,22.666667938232422,22.666667938232422,22.433332443237305,22.639999389648438,18.82147216796875,48150
2010-11-08,22.600000381469727,22.8799991607666,22.3799991607666,22.753332138061523,18.915687561035156,53250
2010-11-09,22.913333892822266,23.133333206176758,20.733333587646484,21.30666732788086,17.7130184173584,184050
2010-11-10,21.15999984741211,21.34666633605957,20.99333381652832,21.17333221435547,17.88192367553711,89550
2010-11-11,20.81999969482422,21.253332138061523,20.69333267211914,20.920000076293945,17.667970657348633,63750
2010-11-12,20.633333206176758,21.1200008392334,20.633333206176758,20.833332061767578,17.594785690307617,53850
2010-11-15,21.073333740234375,21.65333366394043,21.02666664123535,21.426666259765625,18.095884323120117,46950
2010-11-16,21.273332595825195,21.273332595825195,20.373332977294922,20.719999313354492,17.499067306518555,56550
2010-11-17,20.84666633605957,21.046667098999023,20.520000457763672,20.666667938232422,17.45401954650879,62550
2010-11-18,21.399999618530273,21.666667938232422,21.0,21.433332443237305,18.10150718688965,63000
2010-11-19,21.453332901000977,21.639999389648438,21.226667404174805,21.566667556762695,18.2141170501709,45150
2010-11-22,21.373332977294922,21.420000076293945,20.933332443237305,21.373332977294922,18.050830841064453,35700
2010-11-23,20.959999084472656,21.333332061767578,20.733333587646484,21.246667861938477,17.943862915039062,36300
2010-11-24,21.333332061767578,21.979999542236328,21.15999984741211,21.360000610351562,18.03957176208496,89700
2010-11-26,21.15333366394043,21.459999084472656,21.100000381469727,21.100000381469727,17.819990158081055,8100
2010-11-29,20.893333435058594,21.266666412353516,20.46666717529297,21.166667938232422,17.876304626464844,28050
2010-11-30,20.959999084472656,20.97333335876465,20.386667251586914,20.773332595825195,17.544105529785156,131250
2010-12-01,21.286666870117188,21.540000915527344,20.726667404174805,21.34000015258789,18.02268409729004,66000
2010-12-02,21.34000015258789,21.446666717529297,21.17333221435547,21.399999618530273,18.0733585357666,43200
2010-12-03,21.273332595825195,21.433332443237305,21.260000228881836,21.34666633605957,18.028310775756836,43950
2010-12-06,21.260000228881836,21.786666870117188,21.073333740234375,21.566667556762695,18.2141170501709,52650
2010-12-07,21.953332901000977,22.260000228881836,21.540000915527344,21.873332977294922,18.473106384277344,48450
2010-12-08,21.953332901000977,22.15333366394043,21.666667938232422,21.786666870117188,18.399913787841797,32700
2010-12-09,22.100000381469727,22.566667556762695,21.719999313354492,22.520000457763672,19.019248962402344,51900
2010-12-10,22.51333236694336,22.99333381652832,22.399999618530273,22.933332443237305,19.36833953857422,42000
2010-12-13,22.99333381652832,22.99333381652832,22.546667098999023,22.586666107177734,19.0755558013916,57450
2010-12-14,22.639999389648438,23.726667404174805,22.639999389648438,23.440000534057617,19.796241760253906,78000
2010-12-15,23.5,24.1200008392334,23.34000015258789,23.413333892822266,19.773717880249023,52500
2010-12-16,23.433332443237305,24.15999984741211,23.373332977294922,24.0,20.269180297851562,50250
2010-12-17,24.086666107177734,24.459999084472656,23.600000381469727,24.219999313354492,20.45498275756836,130650
2010-12-20,24.366666793823242,24.799999237060547,24.299999237060547,24.540000915527344,20.72524070739746,98550
2010-12-21,24.633333206176758,25.299999237060547,24.553333282470703,25.15999984741211,21.248865127563477,52200
2010-12-22,25.15999984741211,25.18000030517578,24.459999084472656,24.893333435058594,21.023651123046875,37950
2010-12-23,24.97333335876465,25.219999313354492,24.67333221435547,25.020000457763672,21.13062858581543,32550
2010-12-27,24.99333381652832,25.666667938232422,24.799999237060547,25.520000457763672,21.552894592285156,50400
2010-12-28,25.5,25.68666648864746,25.333332061767578,25.600000381469727,21.620460510253906,28500
2010-12-29,25.579999923706055,25.6200008392334,25.333332061767578,25.399999618530273,21.501953125,37200
2010-12-30,25.47333335876465,25.53333282470703,25.35333251953125,25.453332901000977,21.547101974487305,34950
2010-12-31,25.46666717529297,25.46666717529297,24.913333892822266,25.200000762939453,21.3326416015625,37650
2011-01-03,25.46666717529297,26.133333206176758,25.46666717529297,25.766666412353516,21.81234359741211,41100
2011-01-04,25.886667251586914,25.946666717529297,24.546667098999023,25.49333381652832,21.58095932006836,89700
2011-01-05,25.426666259765625,25.746667861938477,25.040000915527344,25.633333206176758,21.699474334716797,36150
2011-01-06,25.566667556762695,25.566667556762695,25.213333129882812,25.49333381652832,21.58095932006836,29550
2011-01-07,25.65333366394043,26.32666778564453,25.540000915527344,25.81333351135254,21.851852416992188,71700
2011-01-10,25.553333282470703,25.68666648864746,24.913333892822266,25.226667404174805,21.355228424072266,60450
2011-01-11,25.420000076293945,25.420000076293945,24.566667556762695,25.18666648864746,21.32135772705078,62100
2011-01-12,25.479999542236328,25.479999542236328,24.68666648864746,24.926666259765625,21.10126495361328,46050
2011-01-13,24.81333351135254,24.84666633605957,23.99333381652832,24.366666793823242,20.627201080322266,136050
2011-01-14,24.393333435058594,24.593332290649414,23.706666946411133,24.553333282470703,20.78521728515625,134550
2011-01-18,24.440000534057617,24.65999984741211,24.17333221435547,24.633333206176758,20.852943420410156,20100
2011-01-19,24.53333282470703,24.53333282470703,23.126667022705078,23.413333892822266,19.820180892944336,73500
2011-01-20,23.233333587646484,23.893333435058594,23.19333267211914,23.5,19.893531799316406,123600
2011-01-21,22.366666793823242,23.84666633605957,22.366666793823242,23.51333236694336,19.904823303222656,86700
2011-01-24,23.593332290649414,24.17333221435547,23.586666107177734,24.1200008392334,20.418378829956055,34650
2011-01-25,24.0,24.49333381652832,23.946666717529297,24.459999084472656,20.706212997436523,38250
2011-01-26,24.626667022705078,25.65333366394043,24.626667022705078,25.100000381469727,21.24799156188965,69000
2011-01-27,25.0,25.18666648864746,24.5,24.926666259765625,21.10126495361328,29250
2011-01-28,24.959999084472656,24.97333335876465,23.733333587646484,23.8799991607666,20.215221405029297,70800
2011-01-31,24.053333282470703,25.299999237060547,23.333332061767578,24.85333251953125,21.039173126220703,90600
2011-02-01,25.00666618347168,26.046667098999023,24.239999771118164,25.933332443237305,21.953433990478516,69150
2011-02-02,25.753332138061523,26.053333282470703,25.18000030517578,25.34666633605957,21.456806182861328,23550
2011-02-03,25.226667404174805,26.086666107177734,25.0,26.046667098999023,22.049379348754883,44700
2011-02-04,26.046667098999023,26.093332290649414,25.46666717529297,25.64666748046875,21.71076202392578,36300
2011-02-07,25.666667938232422,26.399999618530273,25.566667556762695,26.113332748413086,22.105812072753906,54000
2011-02-08,25.96666717529297,26.053333282470703,25.559999465942383,25.893333435058594,21.91957664489746,30150
2011-02-09,25.566667556762695,25.84666633605957,25.219999313354492,25.586666107177734,21.659969329833984,38250
2011-02-10,25.420000076293945,25.99333381652832,25.35333251953125,25.48666763305664,21.5753173828125,24450
2011-02-11,25.286666870117188,25.933332443237305,25.086666107177734,25.81333351135254,21.851852416992188,67050
2011-02-14,25.733333587646484,26.32666778564453,25.566667556762695,25.979999542236328,21.992948532104492,39450
2011-02-15,25.959999084472656,26.046667098999023,25.426666259765625,25.553333282470703,21.631752014160156,42300
2011-02-16,25.639999389648438,25.700000762939453,24.81999969482422,25.273332595825195,21.394729614257812,70200
2011-02-17,25.280000686645508,25.280000686645508,24.713333129882812,25.139999389648438,21.281850814819336,41250
2011-02-18,25.34000015258789,25.586666107177734,24.899999618530273,25.47333335876465,21.564023971557617,93600
2011-02-22,24.979999542236328,25.47333335876465,24.260000228881836,24.366666793823242,20.627201080322266,131400
2011-02-23,24.406667709350586,24.406667709350586,22.579999923706055,22.866666793823242,19.35740089416504,84000
2011-02-24,23.01333236694336,23.613332748413086,22.959999084472656,23.433332443237305,19.837093353271484,70350
2011-02-25,23.453332901000977,23.773332595825195,23.18666648864746,23.713333129882812,20.07413101196289,37050
2011-02-28,23.98666763305664,24.31999969482422,23.69333267211914,24.066667556762695,20.373241424560547,33300
2011-03-01,24.14666748046875,24.15333366394043,23.446666717529297,23.52666664123535,19.91611099243164,111000
2011-03-02,23.459999084472656,24.213333129882812,23.440000534057617,24.166667938232422,20.457889556884766,105300
2011-03-03,25.333332061767578,25.84666633605957,25.333332061767578,25.600000381469727,21.671253204345703,102450
2011-03-04,25.52666664123535,25.52666664123535,25.040000915527344,25.293333053588867,21.411659240722656,93300
2011-03-07,25.31999969482422,25.666667938232422,24.399999618530273,25.139999389648438,21.281850814819336,105300
2011-03-08,28.8799991607666,29.233333587646484,27.553333282470703,27.780000686645508,23.516695022583008,292650
2011-03-09,27.786666870117188,28.85333251953125,27.253332138061523,28.793333053588867,24.37453269958496,148350
2011-03-10,28.286666870117188,28.96666717529297,27.280000686645508,27.433332443237305,23.22323989868164,126150
2011-03-11,27.213333129882812,27.753332138061523,26.559999465942383,27.433332443237305,23.285484313964844,74550
2011-03-14,27.066667556762695,27.69333267211914,26.69333267211914,26.766666412353516,22.719615936279297,110700
2011-03-15,26.30666732788086,26.8799991607666,25.97333335876465,26.446666717529297,22.4479923248291,79800
2011-03-16,26.5,26.766666412353516,25.80666732788086,25.80666732788086,21.904760360717773,82500
2011-03-17,26.52666664123535,27.01333236694336,26.166667938232422,26.426666259765625,22.431013107299805,113250
2011-03-18,26.82666778564453,27.00666618347168,26.426666259765625,26.573333740234375,22.555513381958008,98850
2011-03-21,27.040000915527344,27.559999465942383,26.82666778564453,27.17333221435547,23.064790725708008,129600
2011-03-22,27.31333351135254,27.940000534057617,27.01333236694336,27.059999465942383,22.96859359741211,137250
2011-03-23,26.906667709350586,27.48666763305664,26.586666107177734,27.31999969482422,23.189281463623047,55950
2011-03-24,27.479999542236328,27.51333236694336,26.833332061767578,27.35333251953125,23.21758270263672,66000
2011-03-25,27.373332977294922,27.96666717529297,27.213333129882812,27.393333435058594,23.251529693603516,50700
2011-03-28,27.459999084472656,27.50666618347168,27.133333206176758,27.233333587646484,23.115720748901367,48450
2011-03-29,27.040000915527344,27.81999969482422,26.953332901000977,27.773332595825195,23.626129150390625,65850
2011-03-30,28.0,28.5,27.713333129882812,28.5,24.244285583496094,39600
2011-03-31,28.360000610351562,28.833332061767578,28.166667938232422,28.733333587646484,24.442773818969727,54450
2011-04-01,28.98666763305664,30.30666732788086,28.420000076293945,30.100000381469727,25.60536766052246,128100
2011-04-04,30.31999969482422,30.399999618530273,29.719999313354492,30.053333282470703,25.5656795501709,58050
2011-04-05,30.00666618347168,30.459999084472656,29.80666732788086,29.926666259765625,25.45791244506836,64950
2011-04-06,30.239999771118164,30.373332977294922,29.780000686645508,30.079999923706055,25.588367462158203,38550
2011-04-07,30.100000381469727,30.100000381469727,29.453332901000977,29.540000915527344,25.128990173339844,40800
2011-04-08,29.85333251953125,29.860000610351562,29.3799991607666,29.47333335876465,25.072280883789062,60600
2011-04-11,29.46666717529297,29.593332290649414,28.899999618530273,29.040000915527344,24.703649520874023,53850
2011-04-12,28.82666778564453,29.046667098999023,28.299999237060547,28.84000015258789,24.533517837524414,106350
2011-04-13,29.040000915527344,29.50666618347168,28.760000228881836,29.3799991607666,24.992874145507812,124350
2011-04-14,29.399999618530273,29.413333892822266,28.920000076293945,29.399999618530273,25.0098934173584,56550
2011-04-15,29.286666870117188,29.81333351135254,29.073333740234375,29.446666717529297,25.049589157104492,115950
2011-04-18,28.82666778564453,28.82666778564453,27.84000015258789,27.946666717529297,23.773578643798828,141600
2011-04-19,28.113332748413086,28.113332748413086,27.366666793823242,27.65333366394043,23.5240478515625,134700
2011-04-20,28.366666793823242,28.893333435058594,28.14666748046875,28.85333251953125,24.544858932495117,119400
2011-04-21,29.393333435058594,29.393333435058594,28.413333892822266,29.126667022705078,24.777379989624023,84450
2011-04-25,29.00666618347168,29.00666618347168,28.17333221435547,28.97333335876465,24.646930694580078,37950
2011-04-26,29.086666107177734,29.84000015258789,28.959999084472656,29.593332290649414,25.174358367919922,91800
2011-04-27,29.65333366394043,29.99333381652832,29.31333351135254,29.940000534057617,25.469261169433594,76500
2011-04-28,30.0,30.886667251586914,29.953332901000977,30.68666648864746,26.104433059692383,117000
2011-04-29,30.84666633605957,31.106666564941406,30.333332061767578,30.99333381652832,26.365310668945312,70500
2011-05-02,31.106666564941406,31.233333587646484,30.84000015258789,31.133333206176758,26.484399795532227,93000
2011-05-03,31.133333206176758,31.280000686645508,30.98666763305664,31.059999465942383,26.42201805114746,88500
2011-05-04,31.213333129882812,31.213333129882812,29.979999542236328,30.00666618347168,25.525972366333008,157050
2011-05-05,29.579999923706055,30.35333251953125,29.333332061767578,29.459999084472656,25.06092643737793,90300
2011-05-06,29.979999542236328,30.32666778564453,28.96666717529297,29.51333236694336,25.10629653930664,52500
2011-05-09,29.51333236694336,31.600000381469727,29.51333236694336,31.426666259765625,26.73393440246582,108000
2011-05-10,33.30666732788086,36.22666549682617,32.99333190917969,35.08000183105469,29.841733932495117,472350
2011-05-11,34.64666748046875,34.82666778564453,30.566667556762695,31.873332977294922,27.11390495300293,487650
2011-05-12,31.559999465942383,32.47999954223633,31.066667556762695,31.940000534057617,27.170621871948242,118650
2011-05-13,32.0,32.0,30.520000457763672,31.713333129882812,26.977798461914062,127500
2011-05-16,31.566667556762695,31.940000534057617,31.233333587646484,31.633333206176758,26.90973663330078,95400
2011-05-17,31.333332061767578,31.99333381652832,31.03333282470703,31.260000228881836,26.592151641845703,200700
2011-05-18,31.440000534057617,32.086666107177734,31.086666107177734,31.99333381652832,27.215984344482422,144450
2011-05-19,32.09333419799805,33.11333465576172,32.02000045776367,32.599998474121094,27.7320613861084,103800
2011-05-20,32.34000015258789,32.66666793823242,31.31333351135254,31.32666778564453,26.64886474609375,70800
2011-05-23,30.406667709350586,31.139999389648438,29.459999084472656,29.97333335876465,25.497615814208984,145050
2011-05-24,30.35333251953125,30.753332138061523,29.559999465942383,29.586666107177734,25.16868782043457,83700
2011-05-25,29.52666664123535,30.906667709350586,29.459999084472656,30.613332748413086,26.04205322265625,60150
2011-05-26,30.3799991607666,31.399999618530273,30.1200008392334,31.233333587646484,26.56947135925293,91650
2011-05-27,31.48666763305664,32.3466682434082,31.34666633605957,31.666667938232422,26.938091278076172,84900
2011-05-31,32.0,32.46666717529297,31.666667938232422,32.28666687011719,27.46551513671875,116100
2011-06-01,32.186668395996094,32.32666778564453,30.633333206176758,31.093332290649414,26.45037269592285,223500
2011-06-02,31.1200008392334,31.15999984741211,30.0,30.579999923706055,26.01368522644043,71700
2011-06-03,29.97333335876465,30.219999313354492,29.239999771118164,29.406667709350586,25.015560150146484,78000
2011-06-06,29.34666633605957,29.573333740234375,28.746667861938477,29.00666618347168,24.675294876098633,54300
2011-06-07,29.333332061767578,29.399999618530273,28.96666717529297,29.0,24.66962432861328,47400
2011-06-08,28.773332595825195,28.959999084472656,28.540000915527344,28.553333282470703,24.28965950012207,80400
2011-06-09,28.786666870117188,29.073333740234375,28.52666664123535,28.733333587646484,24.442773818969727,77850
2011-06-10,28.520000457763672,28.82666778564453,27.5,27.85333251953125,23.69417953491211,61800
2011-06-13,28.0,28.64666748046875,27.833332061767578,28.18666648864746,23.977746963500977,72300
2011-06-14,28.719999313354492,29.520000457763672,28.573333740234375,29.02666664123535,24.692306518554688,66150
2011-06-15,28.520000457763672,28.940000534057617,28.093332290649414,28.106666564941406,23.90968132019043,63000
2011-06-16,28.233333587646484,28.98666763305664,28.0,28.706666946411133,24.42009925842285,48750
2011-06-17,29.040000915527344,29.233333587646484,27.80666732788086,27.96666717529297,23.790592193603516,133650
2011-06-20,27.780000686645508,29.00666618347168,27.780000686645508,28.739999771118164,24.448448181152344,77100
2011-06-21,29.01333236694336,29.793333053588867,28.540000915527344,29.726667404174805,25.28778076171875,69600
2011-06-22,29.49333381652832,30.18000030517578,29.49333381652832,29.613332748413086,25.191370010375977,51450
2011-06-23,29.0,29.873332977294922,28.726667404174805,29.81999969482422,25.367183685302734,56700
2011-06-24,29.979999542236328,30.079999923706055,29.133333206176758,29.53333282470703,25.12331199645996,177600
2011-06-27,29.64666748046875,30.873332977294922,29.639999389648438,30.706666946411133,26.12144660949707,87300
2011-06-28,30.713333129882812,31.5,30.420000076293945,31.5,26.875083923339844,84300
2011-06-29,31.666667938232422,31.666667938232422,30.80666732788086,31.53333282470703,26.90351676940918,45300
2011-06-30,31.633333206176758,32.0,31.46666717529297,31.866666793823242,27.187917709350586,67500
2011-07-01,31.906667709350586,32.54666519165039,31.46666717529297,31.566667556762695,26.93196678161621,96300
2011-07-05,31.479999542236328,32.20000076293945,31.479999542236328,31.8799991607666,27.199291229248047,38250
2011-07-06,31.713333129882812,32.439998626708984,31.6200008392334,32.30666732788086,27.56332015991211,27900
2011-07-07,32.5,33.473331451416016,32.5,33.18000030517578,28.308427810668945,78750
2011-07-08,32.439998626708984,33.4466667175293,32.439998626708984,33.186668395996094,28.314104080200195,40650
2011-07-11,32.48666763305664,32.79999923706055,31.67333221435547,31.99333381652832,27.295982360839844,40650
2011-07-12,31.926666259765625,32.380001068115234,31.666667938232422,31.953332901000977,27.261852264404297,41550
2011-07-13,32.21333312988281,33.13999938964844,31.98666763305664,32.31999969482422,27.57469367980957,38550
2011-07-14,32.38666534423828,32.7400016784668,31.406667709350586,31.52666664123535,26.89784049987793,45900
2011-07-15,31.666667938232422,33.09333419799805,31.52666664123535,32.54666519165039,27.768083572387695,90000
2011-07-18,32.5099983215332,32.59000015258789,30.899999618530273,31.540000915527344,26.909212112426758,50400
2011-07-19,31.920000076293945,33.58000183105469,31.920000076293945,33.56999969482422,28.641157150268555,73200
2011-07-20,33.66999816894531,33.66999816894531,32.84000015258789,32.90999984741211,28.078075408935547,42900
2011-07-21,33.220001220703125,33.45000076293945,32.349998474121094,32.81999969482422,28.001279830932617,47100
2011-07-22,32.619998931884766,33.38999938964844,32.369998931884766,32.439998626708984,27.677072525024414,50500
2011-07-25,31.68000030517578,32.66999816894531,31.3799991607666,32.099998474121094,27.386993408203125,56200
2011-07-26,32.099998474121094,32.099998474121094,30.56999969482422,30.84000015258789,26.311992645263672,55100
2011-07-27,30.56999969482422,31.100000381469727,29.1200008392334,29.309999465942383,25.006628036499023,85500
2011-07-28,29.270000457763672,30.040000915527344,29.209999084472656,29.420000076293945,25.100475311279297,60200
2011-07-29,28.670000076293945,29.600000381469727,28.329999923706055,28.510000228881836,24.324079513549805,95100
2011-08-01,29.219999313354492,29.93000030517578,28.190000534057617,28.709999084472656,24.49471092224121,101700
2011-08-02,28.639999389648438,29.190000534057617,27.389999389648438,27.399999618530273,23.377056121826172,64900
2011-08-03,27.3700008392334,27.93000030517578,26.420000076293945,27.729999542236328,23.658611297607422,70500
2011-08-04,27.149999618530273,27.709999084472656,26.020000457763672,26.030000686645508,22.208208084106445,139700
2011-08-05,26.3799991607666,26.959999084472656,24.270000457763672,25.25,21.5427188873291,130600
2011-08-08,23.110000610351562,24.760000228881836,20.309999465942383,22.100000381469727,18.855222702026367,130500
2011-08-09,23.020000457763672,24.969999313354492,21.670000076293945,24.719999313354492,21.090538024902344,205700
2011-08-10,23.989999771118164,25.610000610351562,23.459999084472656,23.709999084472656,20.228837966918945,146000
2011-08-11,23.950000762939453,26.059999465942383,23.84000015258789,25.520000457763672,21.773080825805664,155400
2011-08-12,25.899999618530273,26.270000457763672,24.850000381469727,25.31999969482422,21.602447509765625,94100
2011-08-15,25.84000015258789,26.020000457763672,25.1299991607666,25.6200008392334,21.858394622802734,49700
2011-08-16,25.170000076293945,25.399999618530273,24.549999237060547,24.700000762939453,21.073482513427734,76000
2011-08-17,24.920000076293945,25.110000610351562,24.020000457763672,24.559999465942383,20.954038619995117,63300
2011-08-18,23.5,23.700000762939453,22.149999618530273,22.3700008392334,19.085575103759766,122200
2011-08-19,21.770000457763672,23.229999542236328,21.510000228881836,22.110000610351562,18.863750457763672,89800
2011-08-22,23.079999923706055,23.239999771118164,22.309999465942383,22.770000457763672,19.426849365234375,70400
2011-08-23,22.84000015258789,24.84000015258789,22.579999923706055,24.75,21.116140365600586,91700
2011-08-24,24.780000686645508,26.059999465942383,23.780000686645508,25.940000534057617,22.131420135498047,127000
2011-08-25,26.450000762939453,26.450000762939453,25.010000228881836,25.25,21.5427188873291,121900
2011-08-26,24.799999237060547,27.520000457763672,24.40999984741211,26.860000610351562,22.916339874267578,124000
2011-08-29,27.459999084472656,28.65999984741211,27.459999084472656,28.6200008392334,24.417940139770508,97300
2011-08-30,28.3799991607666,30.1299991607666,28.190000534057617,29.739999771118164,25.37349510192871,167900
2011-08-31,30.059999465942383,30.610000610351562,28.799999237060547,29.440000534057617,25.117538452148438,136500
2011-09-01,29.520000457763672,29.979999542236328,27.75,28.1299991607666,23.99987030029297,93000
2011-09-02,27.030000686645508,28.0,25.81999969482422,26.079999923706055,22.250865936279297,175500
2011-09-06,24.799999237060547,25.950000762939453,24.690000534057617,25.739999771118164,21.960784912109375,94400
2011-09-07,26.459999084472656,26.790000915527344,25.90999984741211,26.719999313354492,22.796894073486328,86700
2011-09-08,26.440000534057617,27.149999618530273,25.809999465942383,25.899999618530273,22.097288131713867,65800
2011-09-09,25.469999313354492,25.639999389648438,24.15999984741211,24.520000457763672,20.91990089416504,69600
2011-09-12,23.850000381469727,24.68000030517578,23.18000030517578,24.110000610351562,20.570104598999023,91900
2011-09-13,24.299999237060547,24.889999389648438,23.950000762939453,24.809999465942383,21.167327880859375,71100
2011-09-14,25.25,26.190000534057617,24.25,25.670000076293945,21.90106201171875,70800
2011-09-15,25.940000534057617,26.200000762939453,25.06999969482422,25.329999923706055,21.61097526550293,59800
2011-09-16,25.56999969482422,25.579999923706055,24.760000228881836,25.079999923706055,21.39769172668457,93500
2011-09-19,24.309999465942383,25.15999984741211,23.889999389648438,24.739999771118164,21.10760498046875,70200
2011-09-20,24.780000686645508,25.219999313354492,24.149999618530273,24.149999618530273,20.60423469543457,95400
2011-09-21,24.15999984741211,24.239999771118164,22.40999984741211,22.469999313354492,19.170888900756836,115300
2011-09-22,21.40999984741211,22.729999542236328,21.200000762939453,21.950000762939453,18.72724151611328,176800
2011-09-23,22.010000228881836,23.610000610351562,22.010000228881836,22.600000381469727,19.281801223754883,124700
2011-09-26,22.860000610351562,23.43000030517578,21.950000762939453,23.350000381469727,19.921688079833984,61900
2011-09-27,24.1299991607666,25.3799991607666,23.75,24.34000015258789,20.766334533691406,105300
2011-09-28,24.15999984741211,24.3799991607666,22.329999923706055,22.3700008392334,19.156408309936523,75600
2011-09-29,23.219999313354492,23.260000228881836,22.18000030517578,23.1299991607666,19.807233810424805,103700
2011-09-30,22.639999389648438,22.850000381469727,19.889999389648438,20.3799991607666,17.452293395996094,249100
2011-10-03,20.06999969482422,21.219999313354492,19.420000076293945,19.43000030517578,16.638755798339844,94000
2011-10-04,19.149999618530273,21.459999084472656,18.739999771118164,21.450000762939453,18.368568420410156,119200
2011-10-05,21.450000762939453,22.1200008392334,21.209999084472656,21.68000030517578,18.565534591674805,89000
2011-10-06,21.5,22.600000381469727,21.5,22.549999237060547,19.310550689697266,92800
2011-10-07,22.719999313354492,23.020000457763672,22.049999237060547,22.139999389648438,18.95945167541504,155100
2011-10-10,22.8700008392334,23.950000762939453,22.549999237060547,23.899999618530273,20.46660614013672,115400
2011-10-11,23.670000076293945,24.350000381469727,23.520000457763672,24.1200008392334,20.65501594543457,68400
2011-10-12,24.3700008392334,25.100000381469727,24.010000228881836,24.729999542236328,21.177383422851562,70100
2011-10-13,24.450000762939453,24.84000015258789,24.049999237060547,24.809999465942383,21.24588966369629,45200
2011-10-14,25.0,25.8799991607666,24.770000457763672,25.729999542236328,22.033721923828125,61200
2011-10-17,25.420000076293945,25.5,24.709999084472656,24.940000534057617,21.357208251953125,140900
2011-10-18,25.1200008392334,27.0,24.719999313354492,26.770000457763672,22.924318313598633,142900
2011-10-19,26.6299991607666,27.09000015258789,25.690000534057617,25.90999984741211,22.187868118286133,83000
2011-10-20,25.899999618530273,26.329999923706055,24.700000762939453,25.43000030517578,21.77682113647461,106800
2011-10-21,25.979999542236328,27.170000076293945,25.860000610351562,27.079999923706055,23.189786911010742,117700
2011-10-24,27.31999969482422,28.59000015258789,27.31999969482422,28.270000457763672,24.208833694458008,113600
2011-10-25,27.81999969482422,28.15999984741211,26.920000076293945,27.059999465942383,23.172666549682617,73100
2011-10-26,27.579999923706055,28.709999084472656,26.760000228881836,28.459999084472656,24.371549606323242,86700
2011-10-27,29.489999771118164,31.0,29.1299991607666,30.600000381469727,26.204120635986328,170600
2011-10-28,30.290000915527344,30.989999771118164,29.920000076293945,29.93000030517578,25.630369186401367,93000
2011-10-31,29.31999969482422,29.950000762939453,28.709999084472656,28.760000228881836,24.628448486328125,61900
2011-11-01,27.260000228881836,28.280000686645508,26.690000534057617,26.860000610351562,23.001394271850586,112100
2011-11-02,27.549999237060547,28.34000015258789,27.1299991607666,28.1200008392334,24.080387115478516,99800
2011-11-03,28.860000610351562,30.0,28.309999465942383,29.829999923706055,25.544734954833984,108100
2011-11-04,29.219999313354492,29.709999084472656,28.540000915527344,29.049999237060547,24.876781463623047,70100
2011-11-07,28.790000915527344,29.31999969482422,27.56999969482422,28.530000686645508,24.43149185180664,66200
2011-11-08,26.200000762939453,26.59000015258789,23.1299991607666,26.030000686645508,22.29063606262207,435700
2011-11-09,25.040000915527344,25.729999542236328,24.43000030517578,25.100000381469727,21.49423599243164,133900
2011-11-10,25.6200008392334,25.809999465942383,24.899999618530273,25.229999542236328,21.605560302734375,92300
2011-11-11,25.6299991607666,26.3799991607666,25.420000076293945,25.75,22.050857543945312,82000
2011-11-14,25.600000381469727,25.760000228881836,25.219999313354492,25.5,21.83677101135254,67800
2011-11-15,25.309999465942383,25.920000076293945,25.100000381469727,25.270000457763672,21.63981056213379,111400
2011-11-16,24.850000381469727,25.639999389648438,24.700000762939453,24.760000228881836,21.203067779541016,72700
2011-11-17,24.770000457763672,25.010000228881836,23.739999771118164,23.959999084472656,20.51799964904785,68000
2011-11-18,24.010000228881836,24.309999465942383,23.739999771118164,24.139999389648438,20.672128677368164,80100
2011-11-21,23.459999084472656,24.110000610351562,23.0,23.06999969482422,19.755842208862305,51200
2011-11-22,23.100000381469727,23.3799991607666,22.5,22.8799991607666,19.593143463134766,55600
2011-11-23,22.610000610351562,22.770000457763672,21.950000762939453,22.010000228881836,18.848121643066406,85200
2011-11-25,21.860000610351562,22.420000076293945,21.31999969482422,21.329999923706055,18.26581382751465,29600
2011-11-28,22.479999542236328,23.479999542236328,22.25,22.84000015258789,19.558889389038086,112800
2011-11-29,22.920000076293945,23.0,22.149999618530273,22.40999984741211,19.190664291381836,69100
2011-11-30,23.690000534057617,25.219999313354492,22.920000076293945,25.15999984741211,21.54560661315918,186200
2011-12-01,25.209999084472656,25.399999618530273,23.610000610351562,23.690000534057617,20.28678321838379,115400
2011-12-02,24.239999771118164,24.579999923706055,23.68000030517578,23.780000686645508,20.363853454589844,60200
2011-12-05,24.40999984741211,24.40999984741211,23.780000686645508,24.299999237060547,20.809154510498047,82300
2011-12-06,24.360000610351562,24.860000610351562,24.0,24.6200008392334,21.083181381225586,60500
2011-12-07,24.3799991607666,24.93000030517578,23.440000534057617,24.610000610351562,21.07461929321289,66900
2011-12-08,24.309999465942383,24.440000534057617,22.889999389648438,23.09000015258789,19.772972106933594,52200
2011-12-09,23.06999969482422,23.8700008392334,22.93000030517578,23.700000762939453,20.295352935791016,61600
2011-12-12,23.229999542236328,23.280000686645508,22.450000762939453,23.020000457763672,19.71302604675293,56400
2011-12-13,23.299999237060547,23.950000762939453,22.260000228881836,22.469999313354492,19.242042541503906,57400
2011-12-14,22.18000030517578,22.18000030517578,21.270000457763672,21.290000915527344,18.23155403137207,110900
2011-12-15,21.729999542236328,22.18000030517578,21.25,22.15999984741211,18.976573944091797,83900
2011-12-16,22.3700008392334,23.350000381469727,22.280000686645508,22.84000015258789,19.558889389038086,117000
2011-12-19,23.110000610351562,23.6299991607666,22.84000015258789,23.059999465942383,19.747289657592773,106000
2011-12-20,23.799999237060547,24.239999771118164,23.030000686645508,24.15999984741211,20.689260482788086,95300
2011-12-21,24.010000228881836,24.149999618530273,23.079999923706055,24.0,20.5522518157959,51800
2011-12-22,24.149999618530273,24.8700008392334,24.0,24.09000015258789,20.62932777404785,64500
2011-12-23,24.079999923706055,24.229999542236328,23.729999542236328,23.770000457763672,20.35529136657715,31600
2011-12-27,23.649999618530273,24.1200008392334,23.5,24.010000228881836,20.56081199645996,44900
2011-12-28,23.8799991607666,24.1200008392334,22.770000457763672,22.850000381469727,19.64107322692871,41000
2011-12-29,22.8799991607666,23.489999771118164,22.8700008392334,23.350000381469727,20.070859909057617,50000
2011-12-30,23.280000686645508,23.799999237060547,23.280000686645508,23.43000030517578,20.13962745666504,78100
2012-01-03,24.229999542236328,24.75,24.15999984741211,24.360000610351562,20.93902015686035,72100
2012-01-04,24.1200008392334,24.489999771118164,24.09000015258789,24.299999237060547,20.887447357177734,64200
2012-01-05,24.100000381469727,24.639999389648438,23.6200008392334,24.3799991607666,20.95621681213379,49500
2012-01-06,24.290000915527344,24.290000915527344,23.81999969482422,23.90999984741211,20.552217483520508,69900
2012-01-09,23.979999542236328,24.190000534057617,23.510000228881836,23.709999084472656,20.38031005859375,145300
2012-01-10,24.079999923706055,24.639999389648438,23.899999618530273,24.440000534057617,21.00778579711914,99000
2012-01-11,24.360000610351562,24.860000610351562,24.260000228881836,24.799999237060547,21.317232131958008,65200
2012-01-12,24.790000915527344,25.829999923706055,24.770000457763672,25.75,22.133825302124023,70200
2012-01-13,25.329999923706055,26.0,25.329999923706055,25.899999618530273,22.262746810913086,77600
2012-01-17,26.06999969482422,26.649999618530273,25.90999984741211,26.270000457763672,22.580793380737305,99600
2012-01-18,26.299999237060547,27.049999237060547,25.959999084472656,27.010000228881836,23.216867446899414,61700
2012-01-19,27.270000457763672,27.81999969482422,26.270000457763672,27.399999618530273,23.552099227905273,63600
2012-01-20,27.309999465942383,27.540000915527344,26.700000762939453,27.260000228881836,23.431760787963867,54700
2012-01-23,27.170000076293945,27.5,26.799999237060547,27.100000381469727,23.294231414794922,42900
2012-01-24,26.889999389648438,27.75,26.600000381469727,27.18000030517578,23.36300277709961,63600
2012-01-25,27.200000762939453,27.940000534057617,27.149999618530273,27.610000610351562,23.732608795166016,77000
2012-01-26,27.84000015258789,28.0,27.229999542236328,27.350000381469727,23.509126663208008,61100
2012-01-27,27.299999237060547,27.899999618530273,27.010000228881836,27.65999984741211,23.775592803955078,50900
2012-01-30,27.31999969482422,28.549999237060547,27.31999969482422,28.299999237060547,24.325706481933594,135200
2012-01-31,28.5,28.59000015258789,27.989999771118164,28.09000015258789,24.145204544067383,124700
2012-02-01,28.399999618530273,29.670000076293945,28.25,29.389999389648438,25.262636184692383,139000
2012-02-02,29.59000015258789,30.139999389648438,29.15999984741211,29.860000610351562,25.666629791259766,95900
2012-02-03,30.59000015258789,30.84000015258789,30.06999969482422,30.43000030517578,26.15658187866211,142200
2012-02-06,30.329999923706055,30.809999465942383,30.0,30.5,26.216747283935547,63900
2012-02-07,30.579999923706055,30.610000610351562,30.020000457763672,30.530000686645508,26.24254608154297,67400
2012-02-08,30.540000915527344,31.100000381469727,30.010000228881836,30.6200008392334,26.319902420043945,87100
2012-02-09,30.6200008392334,30.6200008392334,30.1299991607666,30.350000381469727,26.087820053100586,42100
2012-02-10,29.989999771118164,30.100000381469727,29.450000762939453,29.540000915527344,25.391572952270508,58800
2012-02-13,29.850000381469727,30.270000457763672,29.450000762939453,30.239999771118164,25.99326515197754,47700
2012-02-14,29.93000030517578,29.969999313354492,29.229999542236328,29.420000076293945,25.28842544555664,38900
2012-02-15,29.56999969482422,30.200000762939453,28.5,28.670000076293945,24.64375114440918,57300
2012-02-16,28.540000915527344,32.91999816894531,28.489999771118164,32.18000030517578,27.660825729370117,238200
2012-02-17,32.310001373291016,32.849998474121094,31.739999771118164,32.25,27.72099494934082,110000
2012-02-21,32.439998626708984,32.900001525878906,32.0099983215332,32.38999938964844,27.841337203979492,74100
2012-02-22,32.15999984741211,32.77000045776367,31.8700008392334,31.889999389648438,27.41155242919922,47400
2012-02-23,32.040000915527344,32.77000045776367,31.68000030517578,32.529998779296875,27.96167755126953,56200
2012-02-24,32.5099983215332,32.7400016784668,32.290000915527344,32.63999938964844,28.056224822998047,53300
2012-02-27,32.189998626708984,33.650001525878906,31.8799991607666,33.36000061035156,28.67511558532715,80800
2012-02-28,33.369998931884766,33.47999954223633,32.529998779296875,32.68000030517578,28.09061050415039,99900
2012-02-29,32.93000030517578,33.52000045776367,32.25,32.86000061035156,28.245330810546875,103100
2012-03-01,33.189998626708984,33.189998626708984,31.489999771118164,31.510000228881836,27.084924697875977,184300
2012-03-02,31.440000534057617,31.510000228881836,29.6299991607666,29.8799991607666,25.683822631835938,131200
2012-03-05,29.700000762939453,30.68000030517578,29.280000686645508,29.979999542236328,25.769779205322266,138900
2012-03-06,29.459999084472656,29.670000076293945,28.770000457763672,29.030000686645508,24.953189849853516,125100
2012-03-07,29.239999771118164,29.5,29.049999237060547,29.270000457763672,25.159496307373047,42600
2012-03-08,29.5,29.790000915527344,29.149999618530273,29.489999771118164,25.34859275817871,91300
2012-03-09,29.5,30.459999084472656,29.440000534057617,29.6299991607666,25.468929290771484,108600
2012-03-12,29.68000030517578,30.049999237060547,29.329999923706055,29.850000381469727,25.658037185668945,68600
2012-03-13,29.639999389648438,29.770000457763672,27.829999923706055,28.690000534057617,24.66094398498535,142200
2012-03-14,28.579999923706055,29.100000381469727,28.1200008392334,28.350000381469727,24.368684768676758,56700
2012-03-15,28.43000030517578,29.209999084472656,28.25,29.049999237060547,24.970380783081055,65500
2012-03-16,29.139999389648438,29.139999389648438,28.559999465942383,28.81999969482422,24.772682189941406,98700
2012-03-19,28.799999237060547,29.489999771118164,28.479999542236328,28.8700008392334,24.815662384033203,74900
2012-03-20,28.59000015258789,28.59000015258789,27.65999984741211,28.059999465942383,24.220090866088867,56700
2012-03-21,28.190000534057617,28.389999389648438,27.75,27.850000381469727,24.03882598876953,49000
2012-03-22,27.600000381469727,27.84000015258789,26.770000457763672,26.860000610351562,23.184307098388672,70500
2012-03-23,26.81999969482422,27.239999771118164,26.489999771118164,27.15999984741211,23.443248748779297,104800
2012-03-26,27.540000915527344,28.469999313354492,27.540000915527344,27.8700008392334,24.056093215942383,63400
2012-03-27,27.90999984741211,28.25,27.3700008392334,27.389999389648438,23.641773223876953,51000
2012-03-28,27.34000015258789,28.530000686645508,25.75,26.3799991607666,22.845050811767578,109200
2012-03-29,26.040000915527344,26.389999389648438,25.59000015258789,26.219999313354492,22.70649528503418,74600
2012-03-30,26.559999465942383,26.600000381469727,25.799999237060547,26.15999984741211,22.6545352935791,109800
2012-04-02,26.040000915527344,26.969999313354492,25.850000381469727,26.719999313354492,23.13950538635254,79300
2012-04-03,26.719999313354492,26.739999771118164,25.56999969482422,25.6200008392334,22.186901092529297,78300
2012-04-04,25.290000915527344,25.610000610351562,24.739999771118164,25.1200008392334,21.753896713256836,96900
2012-04-05,25.030000686645508,25.360000610351562,24.770000457763672,25.049999237060547,21.693269729614258,67800
2012-04-09,24.709999084472656,24.770000457763672,24.260000228881836,24.549999237060547,21.260272979736328,73900
2012-04-10,24.540000915527344,24.549999237060547,23.399999618530273,23.68000030517578,20.506860733032227,112100
2012-04-11,24.040000915527344,24.3700008392334,23.799999237060547,24.170000076293945,20.93120002746582,77800
2012-04-12,24.239999771118164,24.709999084472656,24.15999984741211,24.329999923706055,21.069761276245117,76200
2012-04-13,24.219999313354492,24.219999313354492,23.670000076293945,23.770000457763672,20.584796905517578,57300
2012-04-16,23.84000015258789,24.100000381469727,23.43000030517578,23.75,20.567480087280273,72500
2012-04-17,24.030000686645508,24.850000381469727,24.030000686645508,24.200000762939453,20.95717430114746,76400
2012-04-18,24.06999969482422,24.299999237060547,23.420000076293945,24.239999771118164,20.991823196411133,153200
2012-04-19,24.34000015258789,24.59000015258789,23.75,24.450000762939453,21.173677444458008,123800
2012-04-20,25.049999237060547,25.049999237060547,24.56999969482422,24.809999465942383,21.485437393188477,78000
2012-04-23,24.239999771118164,24.670000076293945,23.84000015258789,24.15999984741211,20.922534942626953,59200
2012-04-24,24.219999313354492,24.65999984741211,24.100000381469727,24.540000915527344,21.251617431640625,41800
2012-04-25,25.040000915527344,25.200000762939453,24.6299991607666,24.860000610351562,21.52874183654785,57700
2012-04-26,24.700000762939453,24.809999465942383,24.399999618530273,24.65999984741211,21.35553550720215,49700
2012-04-27,24.84000015258789,25.329999923706055,24.510000228881836,25.260000228881836,21.875137329101562,44400
2012-04-30,25.139999389648438,25.170000076293945,24.75,25.030000686645508,21.675960540771484,72000
2012-05-01,25.1299991607666,26.149999618530273,24.899999618530273,25.860000610351562,22.394733428955078,171000
2012-05-02,25.479999542236328,26.219999313354492,25.079999923706055,26.200000762939453,22.68917465209961,117900
2012-05-03,26.209999084472656,26.260000228881836,25.850000381469727,26.020000457763672,22.533294677734375,114500
2012-05-04,25.950000762939453,25.950000762939453,24.75,24.829999923706055,21.502761840820312,148800
2012-05-07,24.68000030517578,25.149999618530273,24.6200008392334,24.8799991607666,21.54605484008789,79000
2012-05-08,25.799999237060547,27.209999084472656,24.920000076293945,26.93000030517578,23.32135009765625,166600
2012-05-09,26.56999969482422,26.790000915527344,26.079999923706055,26.170000076293945,22.663198471069336,147000
2012-05-10,26.420000076293945,26.700000762939453,26.06999969482422,26.280000686645508,22.75845718383789,61000
2012-05-11,26.09000015258789,26.450000762939453,25.969999313354492,26.1200008392334,22.619905471801758,59000
2012-05-14,25.75,26.0,25.34000015258789,25.6200008392334,22.186901092529297,51800
2012-05-15,25.700000762939453,26.270000457763672,25.489999771118164,25.850000381469727,22.386072158813477,57000
2012-05-16,25.90999984741211,26.010000228881836,25.399999618530273,25.469999313354492,22.05699920654297,54300
2012-05-17,25.540000915527344,25.540000915527344,24.149999618530273,24.170000076293945,20.93120002746582,70300
2012-05-18,24.18000030517578,24.299999237060547,23.760000228881836,23.93000030517578,20.723358154296875,72300
2012-05-21,24.0,24.729999542236328,23.93000030517578,24.639999389648438,21.338218688964844,35400
2012-05-22,24.68000030517578,24.729999542236328,24.18000030517578,24.440000534057617,21.165019989013672,60000
2012-05-23,24.049999237060547,24.899999618530273,23.850000381469727,24.68000030517578,21.37285614013672,63000
2012-05-24,24.700000762939453,24.700000762939453,23.5,24.0,20.783979415893555,81800
2012-05-25,24.06999969482422,24.170000076293945,23.690000534057617,24.1200008392334,20.887901306152344,56600
2012-05-29,24.309999465942383,25.079999923706055,24.290000915527344,24.610000610351562,21.31224250793457,36900
2012-05-30,24.209999084472656,24.56999969482422,24.0,24.040000915527344,20.818626403808594,38500
2012-05-31,24.0,24.0,22.8700008392334,23.329999923706055,20.203758239746094,90300
2012-06-01,22.709999084472656,22.989999771118164,22.3700008392334,22.399999618530273,19.398378372192383,65200
2012-06-04,22.520000457763672,22.6200008392334,21.899999618530273,22.510000228881836,19.493642807006836,56900
2012-06-05,22.270000457763672,22.8799991607666,22.100000381469727,22.65999984741211,19.62354278564453,69300
2012-06-06,22.950000762939453,23.75,22.8799991607666,23.690000534057617,20.51552391052246,42400
2012-06-07,24.170000076293945,24.170000076293945,23.459999084472656,23.520000457763672,20.368301391601562,43600
2012-06-08,23.40999984741211,23.75,23.280000686645508,23.549999237060547,20.394275665283203,30300
2012-06-11,24.020000457763672,24.020000457763672,22.09000015258789,22.1200008392334,19.155899047851562,75200
2012-06-12,22.3700008392334,22.6299991607666,21.959999084472656,22.600000381469727,19.571578979492188,63600
2012-06-13,22.479999542236328,22.479999542236328,20.8700008392334,21.06999969482422,18.246599197387695,150000
2012-06-14,21.1200008392334,21.690000534057617,20.809999465942383,21.639999389648438,18.740222930908203,77900
2012-06-15,21.600000381469727,22.760000228881836,21.540000915527344,22.670000076293945,19.6322021484375,121800
2012-06-18,22.469999313354492,22.610000610351562,21.860000610351562,22.0,19.051982879638672,70600
2012-06-19,22.139999389648438,23.739999771118164,22.139999389648438,23.540000915527344,20.385618209838867,77000
2012-06-20,23.600000381469727,23.600000381469727,23.09000015258789,23.209999084472656,20.0998477935791,35400
2012-06-21,23.260000228881836,23.350000381469727,22.040000915527344,22.149999618530273,19.1818790435791,40100
2012-06-22,22.43000030517578,22.889999389648438,22.25,22.780000686645508,19.72746467590332,122700
2012-06-25,22.299999237060547,22.6299991607666,22.100000381469727,22.239999771118164,19.259817123413086,27700
2012-06-26,22.290000915527344,22.3700008392334,21.899999618530273,22.209999084472656,19.233844757080078,34900
2012-06-27,22.190000534057617,22.459999084472656,22.079999923706055,22.290000915527344,19.38165283203125,31500
2012-06-28,22.049999237060547,22.5,21.899999618530273,22.479999542236328,19.546863555908203,46000
2012-06-29,23.170000076293945,24.389999389648438,23.170000076293945,24.290000915527344,21.120704650878906,108100
2012-07-02,24.479999542236328,24.479999542236328,23.309999465942383,24.059999465942383,20.920717239379883,102900
2012-07-03,23.959999084472656,24.989999771118164,23.959999084472656,24.989999771118164,21.729368209838867,31700
2012-07-05,24.809999465942383,25.209999084472656,24.809999465942383,25.15999984741211,21.877187728881836,57000
2012-07-06,24.709999084472656,24.959999084472656,24.559999465942383,24.950000762939453,21.694589614868164,41200
2012-07-09,24.639999389648438,24.850000381469727,24.100000381469727,24.31999969482422,21.14678192138672,51300
2012-07-10,24.610000610351562,24.610000610351562,22.889999389648438,22.889999389648438,19.90337371826172,65800
2012-07-11,22.920000076293945,23.1200008392334,22.149999618530273,22.260000228881836,19.35556983947754,88400
2012-07-12,21.959999084472656,22.530000686645508,21.719999313354492,22.190000534057617,19.294706344604492,69800
2012-07-13,22.25,23.059999465942383,22.25,22.719999313354492,19.755552291870117,36500
2012-07-16,22.690000534057617,22.690000534057617,22.0,22.1200008392334,19.233844757080078,27200
2012-07-17,22.3700008392334,22.90999984741211,22.0,22.479999542236328,19.546863555908203,54600
2012-07-18,22.3700008392334,23.329999923706055,22.25,22.889999389648438,19.90337371826172,26500
2012-07-19,22.979999542236328,23.329999923706055,22.790000915527344,22.979999542236328,19.98162841796875,50200
2012-07-20,22.670000076293945,23.18000030517578,22.59000015258789,22.760000228881836,19.79033851623535,73000
2012-07-23,22.1200008392334,22.299999237060547,21.719999313354492,21.75,18.912111282348633,47200
2012-07-24,21.790000915527344,21.989999771118164,21.229999542236328,21.360000610351562,18.5730037689209,41400
2012-07-25,21.639999389648438,22.020000457763672,21.540000915527344,21.850000381469727,18.99907112121582,36700
2012-07-26,22.360000610351562,22.6200008392334,22.030000686645508,22.540000915527344,19.599044799804688,39000
2012-07-27,22.649999618530273,24.15999984741211,22.649999618530273,23.959999084472656,20.833763122558594,49900
2012-07-30,23.899999618530273,23.899999618530273,23.030000686645508,23.059999465942383,20.051189422607422,27300
2012-07-31,23.020000457763672,23.25,22.540000915527344,22.579999923706055,19.633827209472656,47700
2012-08-01,22.850000381469727,22.850000381469727,22.059999465942383,22.09000015258789,19.207754135131836,51200
2012-08-02,21.920000076293945,22.389999389648438,21.899999618530273,22.280000686645508,19.372961044311523,29700
2012-08-03,22.690000534057617,24.420000076293945,22.690000534057617,23.950000762939453,20.825069427490234,76600
2012-08-06,23.90999984741211,24.719999313354492,23.6299991607666,24.459999084472656,21.268524169921875,37000
2012-08-07,23.479999542236328,24.1299991607666,22.329999923706055,23.969999313354492,20.842453002929688,69800
2012-08-08,23.860000610351562,24.540000915527344,23.860000610351562,24.049999237060547,20.91201400756836,70600
2012-08-09,23.93000030517578,24.100000381469727,23.75,23.81999969482422,20.712026596069336,37700
2012-08-10,23.850000381469727,23.850000381469727,23.489999771118164,23.6200008392334,20.538129806518555,30800
2012-08-13,23.5,23.520000457763672,22.959999084472656,23.399999618530273,20.34682846069336,22800
2012-08-14,23.510000228881836,23.510000228881836,23.020000457763672,23.280000686645508,20.24248504638672,32100
2012-08-15,23.270000457763672,23.3700008392334,23.110000610351562,23.260000228881836,20.22509765625,16700
2012-08-16,23.18000030517578,24.239999771118164,23.0,24.1200008392334,20.972883224487305,34200
2012-08-17,24.030000686645508,24.5,23.81999969482422,24.5,21.303298950195312,30600
2012-08-20,24.399999618530273,24.399999618530273,23.899999618530273,24.059999465942383,20.920717239379883,36400
2012-08-21,24.110000610351562,24.959999084472656,24.010000228881836,24.209999084472656,21.051136016845703,61300
2012-08-22,24.06999969482422,24.15999984741211,23.450000762939453,23.700000762939453,20.607685089111328,41500
2012-08-23,23.59000015258789,23.920000076293945,23.459999084472656,23.709999084472656,20.616378784179688,32800
2012-08-24,23.56999969482422,24.389999389648438,23.56999969482422,24.059999465942383,20.920717239379883,47300
2012-08-27,24.280000686645508,24.280000686645508,23.559999465942383,23.739999771118164,20.64246368408203,22400
2012-08-28,23.700000762939453,23.739999771118164,23.219999313354492,23.350000381469727,20.303354263305664,43100
2012-08-29,23.350000381469727,23.43000030517578,23.1200008392334,23.3799991607666,20.329429626464844,27400
2012-08-30,23.170000076293945,23.219999313354492,23.0,23.0,19.999025344848633,39100
2012-08-31,23.329999923706055,23.360000610351562,22.809999465942383,23.149999618530273,20.12944793701172,34700
2012-09-04,23.190000534057617,23.850000381469727,22.670000076293945,23.639999389648438,20.555517196655273,29900
2012-09-05,23.549999237060547,23.84000015258789,23.3799991607666,23.510000228881836,20.442476272583008,33100
2012-09-06,23.799999237060547,24.610000610351562,23.799999237060547,24.549999237060547,21.34677505493164,43900
2012-09-07,24.739999771118164,24.940000534057617,24.5,24.899999618530273,21.65111541748047,31700
2012-09-10,24.729999542236328,24.940000534057617,24.56999969482422,24.649999618530273,21.433738708496094,55000
2012-09-11,24.729999542236328,25.5,24.65999984741211,25.43000030517578,22.111955642700195,49900
2012-09-12,25.5,25.829999923706055,25.299999237060547,25.450000762939453,22.129344940185547,46600
2012-09-13,25.540000915527344,26.739999771118164,25.229999542236328,26.459999084472656,23.007566452026367,46500
2012-09-14,26.469999313354492,27.610000610351562,26.239999771118164,27.25,23.694499969482422,95200
2012-09-17,26.979999542236328,27.209999084472656,26.5,27.170000076293945,23.624921798706055,35300
2012-09-18,26.989999771118164,27.209999084472656,26.239999771118164,26.90999984741211,23.39885711669922,70100
2012-09-19,26.93000030517578,27.06999969482422,26.600000381469727,26.690000534057617,23.20755958557129,56000
2012-09-20,26.450000762939453,26.899999618530273,26.260000228881836,26.829999923706055,23.32929039001465,33600
2012-09-21,27.459999084472656,27.459999084472656,26.8700008392334,26.8799991607666,23.372772216796875,142500
2012-09-24,26.719999313354492,27.270000457763672,26.719999313354492,27.18000030517578,23.633617401123047,40700
2012-09-25,27.3700008392334,27.510000228881836,26.3700008392334,26.420000076293945,22.9727840423584,77300
2012-09-26,26.440000534057617,26.540000915527344,26.030000686645508,26.190000534057617,22.85063934326172,57700
2012-09-27,26.389999389648438,26.65999984741211,26.190000534057617,26.510000228881836,23.12983512878418,33800
2012-09-28,26.18000030517578,26.940000534057617,26.0,26.56999969482422,23.182186126708984,43700
2012-10-01,26.899999618530273,27.329999923706055,26.600000381469727,27.299999237060547,23.819114685058594,143000
2012-10-02,27.43000030517578,27.459999084472656,26.950000762939453,27.399999618530273,23.906356811523438,119400
2012-10-03,27.440000534057617,27.700000762939453,27.040000915527344,27.260000228881836,23.784208297729492,56800
2012-10-04,27.420000076293945,27.709999084472656,27.309999465942383,27.709999084472656,24.176830291748047,46000
2012-10-05,27.860000610351562,28.239999771118164,27.760000228881836,27.989999771118164,24.421131134033203,93500
2012-10-08,27.850000381469727,27.850000381469727,27.270000457763672,27.450000762939453,23.949983596801758,29000
2012-10-09,27.40999984741211,27.649999618530273,26.979999542236328,27.059999465942383,23.609708786010742,47700
2012-10-10,27.040000915527344,27.299999237060547,26.899999618530273,27.049999237060547,23.60097885131836,30200
2012-10-11,27.3700008392334,27.479999542236328,26.549999237060547,26.600000381469727,23.208354949951172,25000
2012-10-12,26.600000381469727,27.059999465942383,25.989999771118164,26.030000686645508,22.711042404174805,23300
2012-10-15,26.100000381469727,26.729999542236328,25.899999618530273,26.65999984741211,23.26071548461914,29400
2012-10-16,26.979999542236328,27.040000915527344,26.510000228881836,26.610000610351562,23.217084884643555,29100
2012-10-17,26.770000457763672,26.770000457763672,26.25,26.700000762939453,23.295616149902344,38600
2012-10-18,26.68000030517578,26.860000610351562,26.40999984741211,26.459999084472656,23.086210250854492,26700
2012-10-19,26.110000610351562,26.219999313354492,25.239999771118164,25.520000457763672,22.26606559753418,49900
2012-10-22,25.440000534057617,25.729999542236328,25.0,25.40999984741211,22.17009162902832,47900
2012-10-23,24.959999084472656,25.6200008392334,24.959999084472656,25.56999969482422,22.309688568115234,70700
2012-10-24,25.700000762939453,25.700000762939453,25.3700008392334,25.440000534057617,22.196271896362305,87500
2012-10-25,25.75,26.100000381469727,25.260000228881836,26.09000015258789,22.763385772705078,70600
2012-10-26,26.020000457763672,26.469999313354492,25.520000457763672,25.90999984741211,22.60634422302246,43400
2012-10-31,25.860000610351562,26.790000915527344,25.860000610351562,26.639999389648438,23.24325942993164,56200
2012-11-01,26.600000381469727,27.450000762939453,26.43000030517578,27.200000762939453,23.731857299804688,49600
2012-11-02,27.309999465942383,27.309999465942383,26.1200008392334,26.239999771118164,22.89426612854004,41000
2012-11-05,26.100000381469727,26.959999084472656,25.690000534057617,25.799999237060547,22.510374069213867,109000
2012-11-06,24.850000381469727,26.8799991607666,24.280000686645508,26.670000076293945,23.269433975219727,158000
2012-11-07,26.350000381469727,26.3799991607666,25.329999923706055,25.350000381469727,22.117738723754883,97600
2012-11-08,25.200000762939453,25.200000762939453,24.489999771118164,24.549999237060547,21.419742584228516,65000
2012-11-09,24.149999618530273,24.940000534057617,23.670000076293945,24.260000228881836,21.16672134399414,56000
2012-11-12,24.34000015258789,25.290000915527344,24.290000915527344,24.979999542236328,21.794919967651367,40100
2012-11-13,24.799999237060547,25.239999771118164,24.780000686645508,24.8799991607666,21.707660675048828,37500
2012-11-14,24.739999771118164,24.899999618530273,23.709999084472656,23.799999237060547,20.765371322631836,84300
2012-11-15,23.8700008392334,24.239999771118164,23.489999771118164,23.729999542236328,20.70429801940918,72600
2012-11-16,23.6200008392334,24.790000915527344,23.43000030517578,24.079999923706055,21.00967025756836,102800
2012-11-19,24.530000686645508,24.899999618530273,24.34000015258789,24.739999771118164,21.58552360534668,30700
2012-11-20,24.68000030517578,24.809999465942383,24.329999923706055,24.649999618530273,21.507001876831055,30800
2012-11-21,24.68000030517578,24.979999542236328,24.540000915527344,24.959999084472656,21.77747344970703,15300
2012-11-23,25.06999969482422,25.579999923706055,25.06999969482422,25.290000915527344,22.06538963317871,64200
2012-11-26,25.219999313354492,25.299999237060547,25.049999237060547,25.280000686645508,22.056669235229492,40800
2012-11-27,25.309999465942383,25.770000457763672,25.0,25.229999542236328,22.013042449951172,41700
2012-11-28,24.959999084472656,25.899999618530273,24.959999084472656,25.899999618530273,22.597610473632812,55800
2012-11-29,26.190000534057617,26.65999984741211,26.09000015258789,26.65999984741211,23.26071548461914,64900
2012-11-30,26.75,26.75,25.790000915527344,26.139999389648438,22.807010650634766,90800
2012-12-03,26.40999984741211,26.649999618530273,25.950000762939453,26.239999771118164,22.89426612854004,64600
2012-12-04,26.31999969482422,27.0,26.31999969482422,26.969999313354492,23.531190872192383,48000
2012-12-05,27.0,27.440000534057617,26.299999237060547,26.3799991607666,23.01640510559082,100900
2012-12-06,26.350000381469727,26.899999618530273,26.1299991607666,26.75,23.339235305786133,43500
2012-12-07,27.020000457763672,27.020000457763672,26.649999618530273,26.700000762939453,23.295616149902344,38100
2012-12-10,26.719999313354492,27.149999618530273,26.260000228881836,27.030000686645508,23.583534240722656,30100
2012-12-11,27.350000381469727,27.350000381469727,26.649999618530273,26.90999984741211,23.478837966918945,42900
2012-12-12,26.040000915527344,26.1299991607666,25.020000457763672,25.25,22.10441780090332,52800
2012-12-13,25.25,25.729999542236328,25.040000915527344,25.530000686645508,22.349538803100586,22800
2012-12-14,25.489999771118164,25.75,25.25,25.469999313354492,22.29701805114746,33200
2012-12-17,25.610000610351562,26.139999389648438,25.510000228881836,26.09000015258789,22.839773178100586,56400
2012-12-18,26.010000228881836,26.600000381469727,26.010000228881836,26.450000762939453,23.154930114746094,46500
2012-12-19,26.420000076293945,26.420000076293945,26.100000381469727,26.31999969482422,23.04112434387207,37100
2012-12-20,26.25,26.610000610351562,26.020000457763672,26.25,22.979848861694336,86600
2012-12-21,25.790000915527344,26.06999969482422,25.5,25.889999389648438,22.66469383239746,163000
2012-12-24,26.010000228881836,26.170000076293945,25.799999237060547,25.979999542236328,22.74348258972168,13800
2012-12-26,26.209999084472656,26.31999969482422,25.81999969482422,25.8799991607666,22.655935287475586,45400
2012-12-27,25.989999771118164,26.100000381469727,25.6200008392334,25.719999313354492,22.51586151123047,39900
2012-12-28,25.639999389648438,25.84000015258789,24.959999084472656,24.969999313354492,21.859298706054688,71500
2012-12-31,25.149999618530273,26.09000015258789,25.149999618530273,26.079999923706055,22.83101463317871,133000
2013-01-02,26.969999313354492,28.280000686645508,26.860000610351562,28.09000015258789,24.590618133544922,126800
2013-01-03,28.079999923706055,28.3700008392334,27.600000381469727,28.09000015258789,24.590618133544922,55500
2013-01-04,28.270000457763672,28.309999465942383,26.850000381469727,27.799999237060547,24.336748123168945,55100
2013-01-07,27.469999313354492,27.8700008392334,27.450000762939453,27.610000610351562,24.170421600341797,31400
2013-01-08,27.479999542236328,27.479999542236328,26.719999313354492,27.040000915527344,23.671428680419922,25500
2013-01-09,27.09000015258789,27.40999984741211,26.90999984741211,27.200000762939453,23.811491012573242,23000
2013-01-10,27.5,27.5,26.6299991607666,27.0,23.63640785217285,21800
2013-01-11,27.030000686645508,27.049999237060547,26.469999313354492,26.959999084472656,23.601394653320312,41400
2013-01-14,26.809999465942383,26.959999084472656,26.600000381469727,26.700000762939453,23.373788833618164,20700
2013-01-15,26.389999389648438,27.059999465942383,26.360000610351562,26.799999237060547,23.461328506469727,71900
2013-01-16,26.610000610351562,26.649999618530273,26.479999542236328,26.510000228881836,23.20745277404785,20200
2013-01-17,26.729999542236328,27.110000610351562,26.520000457763672,26.889999389648438,23.54011344909668,30900
2013-01-18,26.940000534057617,27.190000534057617,26.489999771118164,26.90999984741211,23.557626724243164,46300
2013-01-22,26.90999984741211,27.030000686645508,26.5,27.030000686645508,23.662675857543945,66900
2013-01-23,27.030000686645508,27.149999618530273,26.549999237060547,27.020000457763672,23.65392303466797,75100
2013-01-24,27.15999984741211,27.5,26.829999923706055,27.299999237060547,23.89904022216797,55300
2013-01-25,27.5,27.790000915527344,27.040000915527344,27.770000457763672,24.31049156188965,56200
2013-01-28,27.760000228881836,28.0,27.40999984741211,27.950000762939453,24.468069076538086,63600
2013-01-29,28.0,28.1200008392334,27.850000381469727,27.979999542236328,24.494319915771484,48900
2013-01-30,27.829999923706055,28.049999237060547,27.399999618530273,27.530000686645508,24.100379943847656,40900
2013-01-31,27.510000228881836,27.690000534057617,27.459999084472656,27.600000381469727,24.161659240722656,27200
2013-02-01,27.799999237060547,28.1200008392334,27.639999389648438,28.030000686645508,24.53809928894043,38600
2013-02-04,27.520000457763672,27.829999923706055,26.940000534057617,27.09000015258789,23.71519660949707,43200
2013-02-05,27.40999984741211,27.860000610351562,26.989999771118164,27.530000686645508,24.100379943847656,61000
2013-02-06,27.389999389648438,27.389999389648438,26.540000915527344,27.290000915527344,23.89027976989746,80900
2013-02-07,27.25,27.25,26.530000686645508,26.8700008392334,23.52260398864746,68500
2013-02-08,26.989999771118164,27.6200008392334,26.989999771118164,27.219999313354492,23.829002380371094,48800
2013-02-11,27.219999313354492,27.399999618530273,26.989999771118164,27.219999313354492,23.829002380371094,26400
2013-02-12,27.350000381469727,27.479999542236328,26.899999618530273,27.399999618530273,23.986574172973633,46900
2013-02-13,27.399999618530273,27.920000076293945,26.899999618530273,27.8799991607666,24.406782150268555,70800
2013-02-14,27.6299991607666,28.610000610351562,27.6299991607666,28.350000381469727,24.81822967529297,57400
2013-02-15,28.559999465942383,28.920000076293945,28.229999542236328,28.860000610351562,25.26470375061035,78100
2013-02-19,29.0,29.399999618530273,28.59000015258789,29.3700008392334,25.711158752441406,125600
2013-02-20,29.34000015258789,29.43000030517578,28.309999465942383,28.489999771118164,24.94078826904297,73200
2013-02-21,28.450000762939453,28.889999389648438,28.059999465942383,28.65999984741211,25.089611053466797,68200
2013-02-22,28.959999084472656,29.079999923706055,28.729999542236328,29.010000228881836,25.39600372314453,22200
2013-02-25,29.170000076293945,29.34000015258789,27.559999465942383,27.770000457763672,24.31049156188965,55900
2013-02-26,27.790000915527344,28.40999984741211,27.790000915527344,28.260000228881836,24.73944091796875,32700
2013-02-27,28.18000030517578,28.59000015258789,28.0,28.399999618530273,24.86200714111328,22300
2013-02-28,28.34000015258789,28.450000762939453,27.8700008392334,27.889999389648438,24.4155330657959,43200
2013-03-01,27.520000457763672,28.329999923706055,27.3799991607666,28.1200008392334,24.61688804626465,119200
2013-03-04,28.100000381469727,29.149999618530273,27.81999969482422,29.1299991607666,25.501060485839844,80500
2013-03-05,29.43000030517578,31.899999618530273,29.43000030517578,31.6299991607666,27.689617156982422,178600
2013-03-06,31.690000534057617,32.20000076293945,31.040000915527344,32.040000915527344,28.048542022705078,78000
2013-03-07,31.989999771118164,32.150001525878906,31.59000015258789,32.040000915527344,28.048542022705078,106300
2013-03-08,32.31999969482422,32.650001525878906,32.060001373291016,32.560001373291016,28.503759384155273,102400
2013-03-11,32.310001373291016,32.689998626708984,32.2400016784668,32.400001525878906,28.363685607910156,103600
2013-03-12,32.34000015258789,32.599998474121094,32.060001373291016,32.599998474121094,28.538774490356445,62800
2013-03-13,32.52000045776367,33.20000076293945,32.369998931884766,33.15999984741211,29.109371185302734,47200
2013-03-14,32.9900016784668,33.20000076293945,32.81999969482422,33.08000183105469,29.039152145385742,89800
2013-03-15,33.15999984741211,33.18000030517578,32.70000076293945,33.060001373291016,29.02159881591797,95300
2013-03-18,32.380001068115234,33.20000076293945,32.279998779296875,32.83000183105469,28.819698333740234,34200
2013-03-19,32.77000045776367,32.880001068115234,31.6299991607666,32.130001068115234,28.205196380615234,71500
2013-03-20,32.33000183105469,32.470001220703125,31.93000030517578,32.2599983215332,28.319303512573242,41800
2013-03-21,31.81999969482422,32.20000076293945,30.989999771118164,31.799999237060547,27.915504455566406,34000
2013-03-22,31.969999313354492,32.20000076293945,31.809999465942383,32.20000076293945,28.26664924621582,40600
2013-03-25,32.470001220703125,32.880001068115234,31.93000030517578,32.709999084472656,28.714344024658203,113100
2013-03-26,32.56999969482422,32.7599983215332,32.25,32.63999938964844,28.731948852539062,50400
2013-03-27,32.22999954223633,32.900001525878906,31.969999313354492,32.29999923706055,28.432659149169922,79800
2013-03-28,32.36000061035156,32.63999938964844,32.34000015258789,32.5099983215332,28.617517471313477,96400
2013-04-01,32.5,32.630001068115234,31.799999237060547,32.560001373291016,28.66153335571289,97900
2013-04-02,32.810001373291016,32.880001068115234,31.979999542236328,32.43000030517578,28.547094345092773,93300
2013-04-03,32.4900016784668,32.72999954223633,32.0,32.189998626708984,28.335826873779297,111800
2013-04-04,32.15999984741211,32.43000030517578,31.760000228881836,32.25,28.388643264770508,45200
2013-04-05,31.6299991607666,32.099998474121094,30.920000076293945,32.040000915527344,28.203792572021484,44700
2013-04-08,32.11000061035156,32.34000015258789,31.709999084472656,32.13999938964844,28.29181671142578,54400
2013-04-09,32.13999938964844,32.72999954223633,32.0,32.220001220703125,28.36224365234375,51000
2013-04-10,31.209999084472656,32.869998931884766,31.209999084472656,32.72999954223633,28.811182022094727,34000
2013-04-11,32.58000183105469,32.81999969482422,32.08000183105469,32.36000061035156,28.4854793548584,64600
2013-04-12,32.099998474121094,32.36000061035156,31.739999771118164,31.969999313354492,28.142175674438477,31100
2013-04-15,31.600000381469727,31.600000381469727,29.40999984741211,29.850000381469727,26.276002883911133,71000
2013-04-16,30.030000686645508,30.90999984741211,29.889999389648438,30.739999771118164,27.059444427490234,56100
2013-04-17,30.399999618530273,30.510000228881836,29.610000610351562,30.399999618530273,26.760149002075195,43000
2013-04-18,30.559999465942383,30.780000686645508,29.90999984741211,30.1200008392334,26.513675689697266,38900
2013-04-19,30.200000762939453,30.940000534057617,30.010000228881836,30.670000076293945,26.997825622558594,29100
2013-04-22,30.739999771118164,30.739999771118164,29.59000015258789,30.34000015258789,26.707338333129883,19000
2013-04-23,30.760000228881836,31.600000381469727,30.760000228881836,31.56999969482422,27.790056228637695,35500
2013-04-24,31.520000457763672,32.29999923706055,31.520000457763672,32.150001525878906,28.300621032714844,31400
2013-04-25,32.209999084472656,32.959999084472656,31.920000076293945,32.540000915527344,28.643924713134766,60200
2013-04-26,32.43000030517578,32.58000183105469,31.8799991607666,32.150001525878906,28.300621032714844,42200
2013-04-29,32.45000076293945,32.75,32.189998626708984,32.630001068115234,28.723142623901367,24800
2013-04-30,32.4900016784668,32.7599983215332,32.099998474121094,32.75,28.828786849975586,41300
2013-05-01,32.459999084472656,32.75,31.209999084472656,31.40999984741211,27.649215698242188,115000
2013-05-02,31.729999542236328,32.75,31.479999542236328,32.369998931884766,28.494274139404297,38900
2013-05-03,32.95000076293945,34.220001220703125,32.0,33.43000030517578,29.4273624420166,111200
2013-05-06,33.5,33.709999084472656,33.43000030517578,33.61000061035156,29.585817337036133,30800
2013-05-07,33.630001068115234,34.04999923706055,32.939998626708984,32.97999954223633,29.031246185302734,43800
2013-05-08,32.72999954223633,33.099998474121094,32.52000045776367,32.9900016784668,29.04004669189453,52700
2013-05-09,32.970001220703125,32.970001220703125,32.40999984741211,32.4900016784668,28.59991455078125,22000
2013-05-10,32.54999923706055,33.0,32.380001068115234,32.90999984741211,28.96962547302246,25600
2013-05-13,32.810001373291016,32.810001373291016,31.969999313354492,32.20000076293945,28.34463882446289,85500
2013-05-14,32.36000061035156,32.529998779296875,31.75,32.400001525878906,28.52069091796875,88500
2013-05-15,32.150001525878906,32.5,32.060001373291016,32.349998474121094,28.47667694091797,74300
2013-05-16,32.279998779296875,32.4900016784668,31.93000030517578,32.0,28.168575286865234,76100
2013-05-17,32.119998931884766,32.279998779296875,32.0099983215332,32.09000015258789,28.247800827026367,99700
2013-05-20,31.899999618530273,32.650001525878906,31.899999618530273,32.560001373291016,28.66153335571289,59100
2013-05-21,32.5,33.09000015258789,32.38999938964844,32.810001373291016,28.881601333618164,54100
2013-05-22,32.959999084472656,33.16999816894531,31.690000534057617,32.0099983215332,28.177379608154297,67900
2013-05-23,31.65999984741211,32.41999816894531,31.3799991607666,32.36000061035156,28.4854793548584,49300
2013-05-24,32.13999938964844,32.84000015258789,31.989999771118164,32.66999816894531,28.758358001708984,44600
2013-05-28,33.0,33.95000076293945,32.7599983215332,33.380001068115234,29.383352279663086,45500
2013-05-29,32.93000030517578,33.290000915527344,32.65999984741211,32.70000076293945,28.78476333618164,18900
2013-05-30,32.849998474121094,33.16999816894531,32.529998779296875,32.95000076293945,29.00483512878418,23900
2013-05-31,32.529998779296875,33.2599983215332,32.349998474121094,32.45000076293945,28.564693450927734,46900
2013-06-03,32.459999084472656,33.400001525878906,32.04999923706055,33.20000076293945,29.224903106689453,111200
2013-06-04,33.18000030517578,33.4900016784668,31.950000762939453,32.5099983215332,28.617517471313477,37600
2013-06-05,32.5,32.93000030517578,31.110000610351562,31.360000610351562,27.605205535888672,31000
2013-06-06,31.43000030517578,31.780000686645508,30.899999618530273,31.489999771118164,27.71963882446289,71600
2013-06-07,31.760000228881836,31.979999542236328,30.790000915527344,31.1200008392334,27.393943786621094,92100
2013-06-10,31.40999984741211,31.780000686645508,31.0,31.56999969482422,27.790056228637695,47400
2013-06-11,31.09000015258789,31.90999984741211,30.8700008392334,31.360000610351562,27.605205535888672,21100
2013-06-12,31.6200008392334,31.6200008392334,30.809999465942383,30.84000015258789,27.147464752197266,22200
2013-06-13,30.81999969482422,31.65999984741211,30.65999984741211,31.399999618530273,27.640422821044922,45600
2013-06-14,31.350000381469727,31.360000610351562,30.6299991607666,30.739999771118164,27.059444427490234,20100
2013-06-17,31.219999313354492,31.450000762939453,30.75,31.09000015258789,27.36753273010254,24400
2013-06-18,31.239999771118164,31.489999771118164,30.989999771118164,31.229999542236328,27.49077796936035,62500
2013-06-19,31.34000015258789,31.549999237060547,30.979999542236328,31.0,27.288311004638672,20300
2013-06-20,30.420000076293945,30.420000076293945,29.34000015258789,29.639999389648438,26.09114646911621,53400
2013-06-21,29.809999465942383,30.200000762939453,29.350000381469727,30.040000915527344,26.443256378173828,92000
2013-06-24,29.479999542236328,30.489999771118164,29.34000015258789,29.829999923706055,26.25839614868164,38800
2013-06-25,30.360000610351562,31.579999923706055,30.219999313354492,31.489999771118164,27.71963882446289,66200
2013-06-26,31.610000610351562,31.610000610351562,30.510000228881836,30.790000915527344,27.18114471435547,35000
2013-06-27,31.0,31.989999771118164,30.920000076293945,31.770000457763672,28.04627799987793,71300
2013-06-28,31.559999465942383,31.850000381469727,31.270000457763672,31.280000686645508,27.61370849609375,98000
2013-07-01,31.350000381469727,31.989999771118164,31.1299991607666,31.940000534057617,28.196352005004883,59100
2013-07-02,31.809999465942383,32.099998474121094,31.5,32.09000015258789,28.328765869140625,86900
2013-07-03,31.84000015258789,32.310001373291016,31.43000030517578,32.119998931884766,28.355247497558594,29200
2013-07-05,32.5,32.77000045776367,32.16999816894531,32.77000045776367,28.9290714263916,56500
2013-07-08,32.900001525878906,32.93000030517578,32.0,32.41999816894531,28.620092391967773,48700
2013-07-09,32.61000061035156,33.11000061035156,32.40999984741211,33.029998779296875,29.158592224121094,63400
2013-07-10,32.91999816894531,33.099998474121094,32.7599983215332,32.90999984741211,29.05265998840332,25300
2013-07-11,33.349998474121094,33.459999084472656,32.91999816894531,33.15999984741211,29.27334976196289,34800
2013-07-12,32.9900016784668,33.209999084472656,32.630001068115234,32.79999923706055,28.95555305480957,33800
2013-07-15,32.93000030517578,33.20000076293945,32.279998779296875,32.459999084472656,28.65540313720703,58800
2013-07-16,32.38999938964844,32.439998626708984,31.719999313354492,32.2400016784668,28.46118927001953,58900
2013-07-17,32.619998931884766,32.63999938964844,31.579999923706055,31.850000381469727,28.116901397705078,56400
2013-07-18,31.899999618530273,32.18000030517578,31.8700008392334,32.0,28.249317169189453,99000
2013-07-19,31.950000762939453,32.119998931884766,31.700000762939453,32.04999923706055,28.293453216552734,37500
2013-07-22,31.90999984741211,32.04999923706055,31.59000015258789,31.799999237060547,28.07276153564453,68300
2013-07-23,31.8700008392334,32.02000045776367,31.670000076293945,32.0099983215332,28.258146286010742,30600
2013-07-24,32.130001068115234,32.369998931884766,32.060001373291016,32.18000030517578,28.408212661743164,53200
2013-07-25,32.0,33.189998626708984,32.0,32.77000045776367,28.9290714263916,65600
2013-07-26,32.41999816894531,32.5099983215332,31.940000534057617,32.0099983215332,28.258146286010742,45500
2013-07-29,31.899999618530273,32.25,31.739999771118164,31.809999465942383,28.08158302307129,21000
2013-07-30,31.81999969482422,32.02000045776367,31.510000228881836,31.760000228881836,28.037452697753906,21100
2013-07-31,31.84000015258789,32.25,31.440000534057617,31.450000762939453,27.763784408569336,67800
2013-08-01,31.770000457763672,32.040000915527344,31.25,31.540000915527344,27.843238830566406,39700
2013-08-02,31.260000228881836,32.04999923706055,31.15999984741211,32.0099983215332,28.258146286010742,53400
2013-08-05,31.770000457763672,32.29999923706055,31.760000228881836,32.209999084472656,28.434701919555664,61700
2013-08-06,32.29999923706055,32.36000061035156,31.600000381469727,32.20000076293945,28.425878524780273,34800
2013-08-07,32.02000045776367,32.43000030517578,31.600000381469727,31.6200008392334,27.913850784301758,45300
2013-08-08,31.899999618530273,32.02000045776367,31.459999084472656,31.780000686645508,28.055103302001953,30700
2013-08-09,31.56999969482422,31.860000610351562,31.469999313354492,31.59000015258789,27.887365341186523,24000
2013-08-12,31.31999969482422,32.130001068115234,31.31999969482422,31.829999923706055,28.0992431640625,24000
2013-08-13,31.770000457763672,32.0099983215332,31.670000076293945,31.899999618530273,28.161039352416992,23500
2013-08-14,31.799999237060547,31.93000030517578,31.6200008392334,31.770000457763672,28.04627799987793,23800
2013-08-15,31.389999389648438,31.549999237060547,30.299999237060547,30.3700008392334,26.81037139892578,48200
2013-08-16,30.219999313354492,30.389999389648438,29.969999313354492,30.0,26.48373031616211,63600
2013-08-19,29.829999923706055,31.260000228881836,29.829999923706055,31.09000015258789,27.44597625732422,63900
2013-08-20,31.049999237060547,31.850000381469727,31.049999237060547,31.809999465942383,28.08158302307129,45500
2013-08-21,31.56999969482422,32.0,31.540000915527344,31.6299991607666,27.92267608642578,48400
2013-08-22,31.969999313354492,32.150001525878906,31.8700008392334,32.11000061035156,28.346426010131836,18700
2013-08-23,32.099998474121094,32.5,32.02000045776367,32.439998626708984,28.637741088867188,16100
2013-08-26,32.45000076293945,32.59000015258789,32.189998626708984,32.36000061035156,28.567129135131836,28300
2013-08-27,31.760000228881836,32.130001068115234,30.940000534057617,31.579999923706055,27.8785457611084,41400
2013-08-28,31.489999771118164,31.90999984741211,31.239999771118164,31.510000228881836,27.81675148010254,30200
2013-08-29,31.510000228881836,31.81999969482422,31.43000030517578,31.760000228881836,28.037452697753906,26500
2013-08-30,31.6299991607666,31.6299991607666,30.489999771118164,30.639999389648438,27.048725128173828,33800
2013-09-03,31.25,31.459999084472656,30.770000457763672,31.360000610351562,27.6843318939209,24800
2013-09-04,31.5,31.84000015258789,31.3700008392334,31.829999923706055,28.0992431640625,37900
2013-09-05,31.780000686645508,32.119998931884766,31.760000228881836,32.02000045776367,28.266979217529297,27200
2013-09-06,32.15999984741211,32.20000076293945,31.420000076293945,32.060001373291016,28.302284240722656,20900
2013-09-09,32.119998931884766,33.310001373291016,32.029998779296875,33.25,29.35280418395996,57000
2013-09-10,33.40999984741211,33.86000061035156,32.849998474121094,33.689998626708984,29.74122428894043,74300
2013-09-11,33.56999969482422,34.220001220703125,33.529998779296875,34.08000183105469,30.085525512695312,36200
2013-09-12,34.130001068115234,34.38999938964844,33.720001220703125,33.84000015258789,29.873653411865234,22500
2013-09-13,34.04999923706055,34.15999984741211,33.810001373291016,34.040000915527344,30.050214767456055,22300
2013-09-16,34.439998626708984,34.470001220703125,34.04999923706055,34.36000061035156,30.33270263671875,58100
2013-09-17,34.150001525878906,35.150001525878906,34.150001525878906,35.0099983215332,30.906517028808594,62800
2013-09-18,34.91999816894531,35.9900016784668,34.75,35.40999984741211,31.259639739990234,80200
2013-09-19,35.630001068115234,35.939998626708984,34.939998626708984,35.45000076293945,31.294940948486328,36400
2013-09-20,35.470001220703125,36.34000015258789,35.220001220703125,35.79999923706055,31.603919982910156,105100
2013-09-23,35.9900016784668,36.34000015258789,35.599998474121094,36.06999969482422,31.84227752685547,49200
2013-09-24,35.900001525878906,36.77000045776367,35.630001068115234,36.29999923706055,32.045310974121094,51300
2013-09-25,36.2599983215332,36.970001220703125,36.060001373291016,36.099998474121094,31.868762969970703,37200
2013-09-26,35.88999938964844,36.25,35.709999084472656,35.970001220703125,31.83336067199707,40000
2013-09-27,35.599998474121094,36.31999969482422,35.58000183105469,35.84000015258789,31.71830940246582,22100
2013-09-30,35.33000183105469,36.439998626708984,34.77000045776367,36.27000045776367,32.09886169433594,49000
2013-10-01,36.18000030517578,36.68000030517578,35.119998931884766,36.650001525878906,32.43516159057617,85600
2013-10-02,36.15999984741211,36.52000045776367,35.54999923706055,35.9900016784668,31.85106658935547,45800
2013-10-03,35.79999923706055,35.91999816894531,35.40999984741211,35.58000183105469,31.48821258544922,53300
2013-10-04,35.4900016784668,35.90999984741211,35.33000183105469,35.65999984741211,31.559001922607422,25300
2013-10-07,35.099998474121094,35.41999816894531,34.7400016784668,34.95000076293945,30.930660247802734,25000
2013-10-08,35.0,35.5099983215332,34.900001525878906,35.400001525878906,31.328922271728516,61500
2013-10-09,35.470001220703125,35.90999984741211,35.02000045776367,35.41999816894531,31.346607208251953,98700
2013-10-10,35.9900016784668,36.65999984741211,35.939998626708984,36.5,32.30241775512695,43700
2013-10-11,36.27000045776367,37.63999938964844,36.27000045776367,37.63999938964844,33.31128692626953,34800
2013-10-14,37.400001525878906,38.31999969482422,37.400001525878906,38.150001525878906,33.76266098022461,33100
2013-10-15,38.11000061035156,38.40999984741211,37.310001373291016,37.54999923706055,33.23166275024414,53000
2013-10-16,37.81999969482422,38.119998931884766,37.18000030517578,37.2599983215332,32.97500991821289,33700
2013-10-17,37.119998931884766,37.79999923706055,36.47999954223633,36.66999816894531,32.45285415649414,72100
2013-10-18,37.08000183105469,37.77000045776367,36.70000076293945,37.75,33.408653259277344,175200
2013-10-21,37.720001220703125,38.470001220703125,37.59000015258789,38.27000045776367,33.86886215209961,40200
2013-10-22,38.38999938964844,39.59000015258789,38.099998474121094,39.34000015258789,34.81581115722656,61000
2013-10-23,38.93000030517578,39.689998626708984,38.93000030517578,39.380001068115234,34.8512077331543,29300
2013-10-24,39.5,40.22999954223633,39.36000061035156,40.13999938964844,35.5238037109375,32400
2013-10-25,40.36000061035156,40.36000061035156,39.400001525878906,40.209999084472656,35.585750579833984,56500
2013-10-28,40.220001220703125,40.5,40.029998779296875,40.4900016784668,35.83357238769531,34800
2013-10-29,40.52000045776367,40.95000076293945,40.47999954223633,40.849998474121094,36.152156829833984,37200
2013-10-30,40.66999816894531,41.0,39.38999938964844,39.459999084472656,34.92201232910156,73700
2013-10-31,39.36000061035156,39.93000030517578,39.36000061035156,39.68000030517578,35.1167106628418,86200
2013-11-01,39.540000915527344,39.68000030517578,38.59000015258789,39.040000915527344,34.55030059814453,93500
2013-11-04,39.36000061035156,39.689998626708984,38.439998626708984,39.33000183105469,34.80695724487305,113100
2013-11-05,38.93000030517578,40.540000915527344,38.5,40.5099983215332,35.851253509521484,77900
2013-11-06,40.83000183105469,41.06999969482422,40.0099983215332,40.66999816894531,35.99285125732422,42600
2013-11-07,40.5,40.5,38.060001373291016,38.220001220703125,33.82461929321289,85100
2013-11-08,38.22999954223633,39.52000045776367,38.150001525878906,39.18000030517578,34.67420959472656,62600
2013-11-11,39.20000076293945,39.810001373291016,39.02000045776367,39.619998931884766,35.063602447509766,89700
2013-11-12,39.61000061035156,39.61000061035156,39.06999969482422,39.5,34.9574089050293,47600
2013-11-13,39.279998779296875,40.0,39.11000061035156,39.970001220703125,35.37335205078125,45700
2013-11-14,40.0,40.15999984741211,39.380001068115234,39.9900016784668,35.39105224609375,41500
2013-11-15,39.93000030517578,40.13999938964844,39.630001068115234,40.06999969482422,35.46184539794922,48800
2013-11-18,40.099998474121094,40.13999938964844,39.529998779296875,40.060001373291016,35.452999114990234,47900
2013-11-19,40.0099983215332,40.4900016784668,39.779998779296875,40.060001373291016,35.452999114990234,53200
2013-11-20,40.119998931884766,40.439998626708984,39.84000015258789,40.08000183105469,35.470706939697266,44000
2013-11-21,40.34000015258789,41.04999923706055,40.34000015258789,40.9900016784668,36.276039123535156,74400
2013-11-22,41.040000915527344,41.849998474121094,40.79999923706055,41.75,36.948631286621094,62500
2013-11-25,41.81999969482422,42.04999923706055,41.70000076293945,41.93000030517578,37.10793685913086,41200
2013-11-26,42.0,42.41999816894531,41.84000015258789,42.40999984741211,37.532745361328125,47000
2013-11-27,42.41999816894531,43.4900016784668,42.290000915527344,43.27000045776367,38.2938346862793,59800
2013-11-29,43.0099983215332,43.119998931884766,42.869998931884766,42.970001220703125,38.02835464477539,45000
2013-12-02,42.83000183105469,43.0,41.91999816894531,42.09000015258789,37.249534606933594,46200
2013-12-03,41.900001525878906,42.709999084472656,40.97999954223633,41.0099983215332,36.29374313354492,156900
2013-12-04,41.20000076293945,42.11000061035156,40.43000030517578,40.95000076293945,36.24065017700195,47400
2013-12-05,40.880001068115234,41.40999984741211,40.61000061035156,40.79999923706055,36.1078987121582,46700
2013-12-06,41.40999984741211,41.65999984741211,40.720001220703125,41.11000061035156,36.382259368896484,45200
2013-12-09,41.09000015258789,41.5099983215332,40.220001220703125,40.52000045776367,35.8600959777832,59000
2013-12-10,40.959999084472656,40.959999084472656,39.380001068115234,39.880001068115234,35.293704986572266,82300
2013-12-11,39.97999954223633,40.209999084472656,38.630001068115234,38.93000030517578,34.45294189453125,107300
2013-12-12,38.849998474121094,39.470001220703125,38.34000015258789,39.099998474121094,34.60340118408203,67700
2013-12-13,39.290000915527344,39.59000015258789,38.77000045776367,38.95000076293945,34.47065734863281,133100
2013-12-16,39.040000915527344,39.5099983215332,38.880001068115234,39.189998626708984,34.68305587768555,59800
2013-12-17,39.060001373291016,39.47999954223633,38.5,39.0099983215332,34.523746490478516,40600
2013-12-18,38.939998626708984,39.689998626708984,38.72999954223633,39.599998474121094,35.045894622802734,58000
2013-12-19,39.5,40.0099983215332,39.04999923706055,39.34000015258789,34.81581115722656,55100
2013-12-20,39.540000915527344,39.849998474121094,39.13999938964844,39.43000030517578,34.89545822143555,198200
2013-12-23,39.689998626708984,40.77000045776367,39.54999923706055,40.709999084472656,36.02824020385742,51700
2013-12-24,40.88999938964844,41.31999969482422,40.709999084472656,41.040000915527344,36.3203010559082,25400
2013-12-26,41.11000061035156,41.5,40.93000030517578,41.439998626708984,36.67429733276367,29500
2013-12-27,41.5,41.5,40.86000061035156,41.060001373291016,36.41709518432617,46400
2013-12-30,41.0,41.130001068115234,40.65999984741211,41.040000915527344,36.39935302734375,29000
2013-12-31,41.0099983215332,41.119998931884766,40.400001525878906,40.83000183105469,36.21310043334961,59600
2014-01-02,40.79999923706055,40.90999984741211,39.619998931884766,40.54999923706055,35.964752197265625,49200
2014-01-03,40.599998474121094,41.20000076293945,40.16999816894531,41.15999984741211,36.505775451660156,63200
2014-01-06,41.22999954223633,41.22999954223633,40.369998931884766,40.459999084472656,35.88493347167969,43000
2014-01-07,40.61000061035156,41.29999923706055,40.61000061035156,40.90999984741211,36.284053802490234,25000
2014-01-08,40.90999984741211,40.9900016784668,39.81999969482422,40.25,35.698692321777344,49500
2014-01-09,40.380001068115234,40.380001068115234,39.25,39.54999923706055,35.07783126831055,32100
2014-01-10,39.59000015258789,39.939998626708984,38.880001068115234,39.459999084472656,34.99802017211914,60800
2014-01-13,39.18000030517578,39.34000015258789,38.189998626708984,38.38999938964844,34.049007415771484,46300
2014-01-14,39.0,39.540000915527344,38.630001068115234,38.84000015258789,34.4481201171875,30500
2014-01-15,38.970001220703125,39.40999984741211,38.86000061035156,39.27000045776367,34.82948684692383,40200
2014-01-16,39.09000015258789,39.5,39.0099983215332,39.43000030517578,34.97140884399414,26600
2014-01-17,39.4900016784668,40.13999938964844,39.2599983215332,39.36000061035156,34.90932083129883,58700
2014-01-21,39.61000061035156,39.86000061035156,39.400001525878906,39.65999984741211,35.1754035949707,39900
2014-01-22,39.869998931884766,40.7400016784668,39.83000183105469,40.66999816894531,36.071189880371094,70500
2014-01-23,40.61000061035156,40.66999816894531,40.060001373291016,40.52000045776367,35.93814468383789,60900
2014-01-24,40.119998931884766,40.59000015258789,39.11000061035156,39.66999816894531,35.184268951416016,72400
2014-01-27,39.68000030517578,40.060001373291016,39.20000076293945,39.20000076293945,34.76741409301758,58100
2014-01-28,39.11000061035156,39.29999923706055,38.540000915527344,38.689998626708984,34.31508255004883,68100
2014-01-29,38.29999923706055,38.5,37.13999938964844,37.400001525878906,33.17095947265625,52000
2014-01-30,37.90999984741211,37.959999084472656,37.25,37.58000183105469,33.330596923828125,84600
2014-01-31,37.040000915527344,37.380001068115234,36.31999969482422,36.54999923706055,32.41705322265625,94800
2014-02-03,36.4900016784668,36.63999938964844,34.779998779296875,35.2599983215332,31.272920608520508,68700
2014-02-04,35.369998931884766,36.040000915527344,34.959999084472656,35.540000915527344,31.521268844604492,70400
2014-02-05,35.400001525878906,35.540000915527344,34.70000076293945,35.22999954223633,31.24632453918457,56900
2014-02-06,35.439998626708984,35.86000061035156,35.060001373291016,35.189998626708984,31.210847854614258,37500
2014-02-07,35.20000076293945,35.400001525878906,34.689998626708984,34.9900016784668,31.033462524414062,75500
2014-02-10,36.790000915527344,38.52000045776367,35.68000030517578,36.029998779296875,31.95585823059082,80100
2014-02-11,36.09000015258789,38.7400016784668,35.13999938964844,38.689998626708984,34.31508255004883,194900
2014-02-12,38.61000061035156,39.130001068115234,37.90999984741211,38.20000076293945,33.880489349365234,47900
2014-02-13,37.689998626708984,38.9900016784668,37.369998931884766,38.849998474121094,34.457000732421875,51900
2014-02-14,38.86000061035156,40.0,38.06999969482422,39.349998474121094,34.90045166015625,119600
2014-02-18,39.599998474121094,40.290000915527344,39.45000076293945,40.209999084472656,35.663204193115234,64500
2014-02-19,40.20000076293945,40.709999084472656,40.16999816894531,40.560001373291016,35.973636627197266,94600
2014-02-20,40.470001220703125,42.38999938964844,40.41999816894531,42.27000045776367,37.490264892578125,83900
2014-02-21,42.4900016784668,42.4900016784668,41.599998474121094,42.099998474121094,37.339481353759766,97400
2014-02-24,42.29999923706055,42.97999954223633,41.810001373291016,42.13999938964844,37.37496566772461,79600
2014-02-25,42.0099983215332,42.40999984741211,41.43000030517578,41.7400016784668,37.020198822021484,40500
2014-02-26,41.619998931884766,42.91999816894531,41.619998931884766,42.7599983215332,37.92485809326172,48700
2014-02-27,42.599998474121094,43.220001220703125,42.31999969482422,42.9900016784668,38.12885665893555,76800
2014-02-28,43.06999969482422,43.34000015258789,41.7599983215332,42.29999923706055,37.51687240600586,90500
2014-03-03,41.93000030517578,42.47999954223633,40.970001220703125,42.20000076293945,37.42819595336914,74900
2014-03-04,42.52000045776367,46.380001068115234,40.349998474121094,42.279998779296875,37.49912643432617,524100
2014-03-05,42.04999923706055,43.7400016784668,41.650001525878906,43.68000030517578,38.74082946777344,62900
2014-03-06,43.599998474121094,44.41999816894531,43.02000045776367,44.02000045776367,39.04240798950195,84500
2014-03-07,44.18000030517578,44.779998779296875,43.95000076293945,44.7400016784668,39.680973052978516,56000
2014-03-10,44.779998779296875,44.869998931884766,43.959999084472656,44.70000076293945,39.64549255371094,57800
2014-03-11,44.310001373291016,44.66999816894531,43.38999938964844,43.70000076293945,38.758567810058594,64800
2014-03-12,43.15999984741211,43.939998626708984,42.56999969482422,43.7400016784668,38.87410354614258,35600
2014-03-13,44.0,44.0,42.25,42.70000076293945,37.94981002807617,44000
2014-03-14,42.45000076293945,43.54999923706055,42.34000015258789,42.619998931884766,37.87870407104492,30000
2014-03-17,43.0,43.869998931884766,42.900001525878906,43.060001373291016,38.26974868774414,26600
2014-03-18,43.060001373291016,43.65999984741211,42.689998626708984,43.20000076293945,38.39417266845703,41900
2014-03-19,43.2400016784668,43.54999923706055,42.63999938964844,43.25,38.43861770629883,30200
2014-03-20,43.060001373291016,43.91999816894531,42.470001220703125,42.88999938964844,38.1186637878418,27200
2014-03-21,43.119998931884766,44.060001373291016,42.439998626708984,43.720001220703125,38.85633087158203,137700
2014-03-24,43.689998626708984,43.93000030517578,42.400001525878906,42.849998474121094,38.08311462402344,69600
2014-03-25,43.209999084472656,44.040000915527344,42.45000076293945,44.0099983215332,39.11406707763672,58900
2014-03-26,44.15999984741211,44.15999984741211,42.779998779296875,42.95000076293945,38.171993255615234,62800
2014-03-27,43.029998779296875,43.369998931884766,42.58000183105469,42.939998626708984,38.24323272705078,77900
2014-03-28,42.869998931884766,43.5099983215332,41.880001068115234,42.099998474121094,37.4951171875,63800
2014-03-31,42.34000015258789,43.689998626708984,41.93000030517578,43.310001373291016,38.5727653503418,90900
2014-04-01,43.25,44.58000183105469,43.0,43.91999816894531,39.11605453491211,88300
2014-04-02,44.13999938964844,44.619998931884766,44.11000061035156,44.310001373291016,39.4633903503418,33500
2014-04-03,44.220001220703125,44.36000061035156,43.029998779296875,43.36000061035156,38.6172981262207,30500
2014-04-04,43.7599983215332,43.79999923706055,41.380001068115234,41.79999923706055,37.227928161621094,88900
2014-04-07,41.63999938964844,42.099998474121094,40.65999984741211,41.68000030517578,37.121070861816406,94700
2014-04-08,41.599998474121094,42.650001525878906,41.08000183105469,42.279998779296875,37.65542984008789,61500
2014-04-09,42.279998779296875,43.33000183105469,41.779998779296875,43.130001068115234,38.41245651245117,57600
2014-04-10,42.939998626708984,42.939998626708984,40.83000183105469,41.029998779296875,36.54216766357422,48100
2014-04-11,40.58000183105469,41.41999816894531,40.16999816894531,40.380001068115234,35.96324920654297,52400
2014-04-14,40.88999938964844,41.189998626708984,39.83000183105469,40.439998626708984,36.01668930053711,75200
2014-04-15,40.5099983215332,41.029998779296875,39.08000183105469,40.61000061035156,36.16809844970703,39600
2014-04-16,41.04999923706055,41.2599983215332,40.029998779296875,40.939998626708984,36.46200180053711,28800
2014-04-17,40.75,41.650001525878906,40.529998779296875,41.27000045776367,36.75590133666992,50600
2014-04-21,41.22999954223633,41.22999954223633,40.61000061035156,40.88999938964844,36.4174690246582,25800
2014-04-22,40.83000183105469,41.650001525878906,40.66999816894531,41.34000015258789,36.818267822265625,29600
2014-04-23,41.099998474121094,41.279998779296875,40.40999984741211,40.47999954223633,36.05231475830078,30600
2014-04-24,40.7400016784668,40.900001525878906,39.7599983215332,40.310001373291016,35.900909423828125,25000
2014-04-25,40.0,40.369998931884766,39.18000030517578,39.630001068115234,35.2952995300293,57800
2014-04-28,39.88999938964844,40.099998474121094,38.31999969482422,39.25,34.95685958862305,60500
2014-04-29,39.599998474121094,40.0099983215332,39.040000915527344,39.470001220703125,35.152793884277344,71100
2014-04-30,39.4900016784668,41.08000183105469,38.630001068115234,40.880001068115234,36.40857696533203,92200
2014-05-01,40.689998626708984,40.9900016784668,39.560001373291016,40.369998931884766,35.954345703125,96700
2014-05-02,40.61000061035156,41.650001525878906,40.380001068115234,41.130001068115234,36.6312255859375,57600
2014-05-05,40.66999816894531,41.279998779296875,40.380001068115234,40.900001525878906,36.42636489868164,68700
2014-05-06,40.45000076293945,40.88999938964844,38.43000030517578,38.4900016784668,34.27998352050781,83100
2014-05-07,38.56999969482422,38.56999969482422,36.66999816894531,37.790000915527344,33.65654754638672,88700
2014-05-08,37.81999969482422,38.93000030517578,37.18000030517578,37.310001373291016,33.22905349731445,59400
2014-05-09,37.040000915527344,37.790000915527344,36.58000183105469,37.619998931884766,33.505123138427734,97600
2014-05-12,37.66999816894531,39.54999923706055,37.63999938964844,39.29999923706055,35.00137710571289,58700
2014-05-13,39.099998474121094,39.400001525878906,38.0,38.36000061035156,34.164188385009766,77000
2014-05-14,38.40999984741211,38.40999984741211,36.65999984741211,36.95000076293945,32.90840530395508,48800
2014-05-15,36.619998931884766,36.86000061035156,35.880001068115234,36.65999984741211,32.65013885498047,58000
2014-05-16,36.54999923706055,36.939998626708984,35.900001525878906,36.91999816894531,32.88170623779297,55600
2014-05-19,36.849998474121094,37.7400016784668,36.849998474121094,37.54999923706055,33.44279861450195,34500
2014-05-20,37.29999923706055,37.29999923706055,36.13999938964844,36.779998779296875,32.75700759887695,93000
2014-05-21,36.970001220703125,37.36000061035156,36.0099983215332,36.77000045776367,32.74811553955078,44000
2014-05-22,37.02000045776367,37.33000183105469,36.70000076293945,37.029998779296875,32.97967529296875,35800
2014-05-23,37.099998474121094,37.900001525878906,36.880001068115234,37.75,33.620914459228516,39900
2014-05-27,38.0,39.099998474121094,38.0,38.439998626708984,34.23545455932617,37000
2014-05-28,38.22999954223633,38.22999954223633,37.349998474121094,37.70000076293945,33.57639694213867,26500
2014-05-29,37.7400016784668,37.90999984741211,36.900001525878906,37.31999969482422,33.23794937133789,26400
2014-05-30,37.4900016784668,37.56999969482422,36.5,36.91999816894531,32.88170623779297,45700
2014-06-02,36.83000183105469,37.29999923706055,36.13999938964844,36.70000076293945,32.685768127441406,45700
2014-06-03,36.54999923706055,37.27000045776367,36.290000915527344,37.08000183105469,33.02421951293945,69400
2014-06-04,36.900001525878906,37.61000061035156,36.81999969482422,37.45000076293945,33.35374069213867,58100
2014-06-05,37.52000045776367,40.529998779296875,37.209999084472656,40.439998626708984,36.01668930053711,133700
2014-06-06,40.790000915527344,41.72999954223633,40.34000015258789,40.79999923706055,36.33732223510742,75200
2014-06-09,40.599998474121094,41.790000915527344,39.36000061035156,41.11000061035156,36.613407135009766,65900
2014-06-10,40.810001373291016,41.189998626708984,40.380001068115234,40.84000015258789,36.372947692871094,68000
2014-06-11,40.540000915527344,40.540000915527344,39.630001068115234,39.790000915527344,35.43777847290039,35900
2014-06-12,39.58000183105469,39.58000183105469,38.540000915527344,38.81999969482422,34.573890686035156,51600
2014-06-13,38.779998779296875,39.25,38.689998626708984,39.060001373291016,34.78763961791992,58100
2014-06-16,38.880001068115234,39.45000076293945,38.79999923706055,39.369998931884766,35.06373596191406,65200
2014-06-17,39.20000076293945,40.63999938964844,39.0,40.560001373291016,36.12356185913086,57300
2014-06-18,40.47999954223633,41.709999084472656,40.0099983215332,41.45000076293945,36.91621017456055,82800
2014-06-19,41.45000076293945,41.75,40.81999969482422,41.08000183105469,36.586692810058594,79400
2014-06-20,41.33000183105469,41.45000076293945,39.400001525878906,40.18000030517578,35.78512191772461,125500
2014-06-23,40.150001525878906,41.13999938964844,39.5,39.689998626708984,35.34872817993164,71400
2014-06-24,39.5099983215332,41.16999816894531,39.5,39.779998779296875,35.42887878417969,56900
2014-06-25,39.470001220703125,40.70000076293945,39.470001220703125,40.599998474121094,36.15918731689453,43200
2014-06-26,40.65999984741211,40.97999954223633,39.9900016784668,40.72999954223633,36.355567932128906,60300
2014-06-27,40.349998474121094,41.040000915527344,40.349998474121094,40.84000015258789,36.453765869140625,114000
2014-06-30,40.59000015258789,41.0,40.29999923706055,40.599998474121094,36.239524841308594,89200
2014-07-01,40.95000076293945,42.060001373291016,40.95000076293945,41.439998626708984,36.98931884765625,90100
2014-07-02,41.20000076293945,41.849998474121094,41.0099983215332,41.209999084472656,36.78401184082031,55900
2014-07-03,41.31999969482422,42.18000030517578,41.29999923706055,42.11000061035156,37.58734893798828,31700
2014-07-07,41.75,41.75,40.470001220703125,40.540000915527344,36.18597412109375,47300
2014-07-08,40.380001068115234,40.779998779296875,39.83000183105469,40.68000030517578,36.310935974121094,100600
2014-07-09,40.91999816894531,41.16999816894531,39.7400016784668,40.13999938964844,35.82893753051758,75300
2014-07-10,39.06999969482422,39.380001068115234,38.61000061035156,38.900001525878906,34.722110748291016,100000
2014-07-11,38.7599983215332,39.0099983215332,38.4900016784668,38.709999084472656,34.552513122558594,62700
2014-07-14,39.310001373291016,39.79999923706055,39.029998779296875,39.459999084472656,35.221961975097656,67200
2014-07-15,38.84000015258789,39.41999816894531,37.84000015258789,38.52000045776367,34.382911682128906,98000
2014-07-16,38.75,39.470001220703125,38.38999938964844,38.84000015258789,34.668548583984375,72400
2014-07-17,38.4900016784668,39.41999816894531,38.310001373291016,39.02000045776367,34.82920837402344,86400
2014-07-18,38.849998474121094,40.380001068115234,38.849998474121094,39.83000183105469,35.55221176147461,93900
2014-07-21,39.779998779296875,39.86000061035156,39.029998779296875,39.52000045776367,35.27550506591797,51700
2014-07-22,39.68000030517578,40.77000045776367,39.31999969482422,40.36000061035156,36.025306701660156,57000
2014-07-23,40.34000015258789,40.7599983215332,40.029998779296875,40.11000061035156,35.80215835571289,30300
2014-07-24,40.16999816894531,40.40999984741211,39.150001525878906,39.27000045776367,35.0523681640625,41000
2014-07-25,38.869998931884766,39.20000076293945,38.189998626708984,38.29999923706055,34.18654251098633,76700
2014-07-28,38.27000045776367,38.27000045776367,37.150001525878906,37.939998626708984,33.865203857421875,64500
2014-07-29,37.90999984741211,38.2400016784668,37.43000030517578,37.869998931884766,33.802730560302734,28400
2014-07-30,38.27000045776367,38.27000045776367,37.11000061035156,37.599998474121094,33.56172180175781,56700
2014-07-31,37.20000076293945,37.349998474121094,36.04999923706055,36.47999954223633,32.56201171875,108000
2014-08-01,36.56999969482422,36.72999954223633,35.79999923706055,36.0,32.13356018066406,107200
2014-08-04,36.25,37.04999923706055,36.0,36.72999954223633,32.785179138183594,63000
2014-08-05,36.52000045776367,38.63999938964844,36.47999954223633,37.709999084472656,33.659915924072266,85100
2014-08-06,37.279998779296875,38.0,37.0099983215332,37.5099983215332,33.48139953613281,104000
2014-08-07,37.720001220703125,38.349998474121094,37.59000015258789,37.83000183105469,33.76702880859375,53900
2014-08-08,37.81999969482422,38.630001068115234,37.0,38.290000915527344,34.177616119384766,54700
2014-08-11,38.540000915527344,39.900001525878906,38.400001525878906,39.040000915527344,34.84706497192383,67900
2014-08-12,38.709999084472656,38.93000030517578,38.20000076293945,38.40999984741211,34.284725189208984,30100
2014-08-13,38.599998474121094,38.88999938964844,38.279998779296875,38.68000030517578,34.52573776245117,27600
2014-08-14,38.5099983215332,38.97999954223633,38.5,38.81999969482422,34.650691986083984,15300
2014-08-15,39.150001525878906,39.33000183105469,37.52000045776367,38.65999984741211,34.507869720458984,61200
2014-08-18,39.099998474121094,40.310001373291016,38.06999969482422,39.880001068115234,35.596866607666016,47900
2014-08-19,40.09000015258789,40.09000015258789,39.290000915527344,39.75,35.48080062866211,27100
2014-08-20,39.65999984741211,40.79999923706055,39.209999084472656,40.41999816894531,36.07883834838867,59000
2014-08-21,40.439998626708984,41.40999984741211,40.040000915527344,41.31999969482422,36.8822021484375,47300
2014-08-22,41.130001068115234,41.130001068115234,40.18000030517578,40.31999969482422,35.989585876464844,41200
2014-08-25,40.5099983215332,41.0,40.25,40.720001220703125,36.346641540527344,27900
2014-08-26,40.689998626708984,41.0,40.0,40.81999969482422,36.4359130859375,71700
2014-08-27,41.029998779296875,41.029998779296875,40.2400016784668,40.31999969482422,35.989585876464844,33200
2014-08-28,40.099998474121094,40.11000061035156,39.650001525878906,39.779998779296875,35.507591247558594,32200
2014-08-29,39.779998779296875,40.209999084472656,38.83000183105469,40.029998779296875,35.730743408203125,26800
2014-09-02,40.34000015258789,41.25,39.56999969482422,41.02000045776367,36.61441421508789,47500
2014-09-03,41.25,41.25,39.88999938964844,40.04999923706055,35.748592376708984,26000
2014-09-04,39.119998931884766,40.900001525878906,39.119998931884766,40.209999084472656,35.89140701293945,38500
2014-09-05,39.97999954223633,40.36000061035156,38.59000015258789,40.040000915527344,35.739681243896484,34800
2014-09-08,39.88999938964844,40.150001525878906,39.18000030517578,40.04999923706055,35.748592376708984,20800
2014-09-09,39.86000061035156,39.86000061035156,39.029998779296875,39.130001068115234,34.927398681640625,29600
2014-09-10,39.02000045776367,39.4900016784668,38.75,39.29999923706055,35.07914733886719,27500
2014-09-11,39.0,39.88999938964844,38.75,39.68000030517578,35.41832733154297,41200
2014-09-12,39.560001373291016,40.0,38.75,39.029998779296875,34.83812713623047,34700
2014-09-15,38.77000045776367,38.77000045776367,38.11000061035156,38.38999938964844,34.266883850097656,35500
2014-09-16,38.13999938964844,38.7599983215332,38.06999969482422,38.38999938964844,34.266883850097656,63000
2014-09-17,38.5099983215332,39.349998474121094,38.41999816894531,39.029998779296875,34.83812713623047,51800
2014-09-18,39.34000015258789,39.66999816894531,38.36000061035156,39.650001525878906,35.39154052734375,142700
2014-09-19,39.849998474121094,39.849998474121094,39.16999816894531,39.61000061035156,35.35584259033203,127700
2014-09-22,39.45000076293945,39.459999084472656,38.040000915527344,38.29999923706055,34.18654251098633,53900
2014-09-23,38.130001068115234,38.130001068115234,37.0099983215332,37.08000183105469,33.09758758544922,59200
2014-09-24,37.290000915527344,37.290000915527344,36.599998474121094,36.88999938964844,32.92797088623047,38100
2014-09-25,36.72999954223633,36.72999954223633,35.90999984741211,35.90999984741211,32.05323028564453,53600
2014-09-26,36.40999984741211,37.56999969482422,36.40999984741211,37.380001068115234,33.36536407470703,57300
2014-09-29,36.939998626708984,38.11000061035156,36.939998626708984,38.029998779296875,33.945552825927734,80900
2014-09-30,38.13999938964844,38.65999984741211,37.56999969482422,37.59000015258789,33.63240051269531,129200
2014-10-01,37.5099983215332,37.959999084472656,37.099998474121094,37.27000045776367,33.3460807800293,85300
2014-10-02,37.40999984741211,38.04999923706055,37.40999984741211,37.75,33.775543212890625,92200
2014-10-03,38.22999954223633,38.47999954223633,37.599998474121094,37.619998931884766,33.65923309326172,47500
2014-10-06,37.66999816894531,38.5,37.47999954223633,37.869998931884766,33.88291931152344,55800
2014-10-07,37.4900016784668,37.689998626708984,36.52000045776367,36.630001068115234,32.77347183227539,46000
2014-10-08,35.880001068115234,37.189998626708984,35.58000183105469,37.04999923706055,34.079612731933594,86500
2014-10-09,36.79999923706055,37.099998474121094,36.0099983215332,36.2400016784668,33.334556579589844,60500
2014-10-10,36.040000915527344,37.22999954223633,35.88999938964844,36.209999084472656,33.30696105957031,92000
2014-10-13,35.59000015258789,36.04999923706055,32.58000183105469,33.84000015258789,31.126977920532227,246100
2014-10-14,33.900001525878906,35.400001525878906,33.65999984741211,35.0099983215332,32.20317459106445,177000
2014-10-15,35.290000915527344,36.09000015258789,34.06999969482422,35.83000183105469,32.95743179321289,99100
2014-10-16,35.279998779296875,36.45000076293945,34.61000061035156,35.7599983215332,32.89303970336914,87700
2014-10-17,36.290000915527344,36.290000915527344,34.650001525878906,35.27000045776367,32.44231414794922,71500
2014-10-20,35.040000915527344,35.619998931884766,35.040000915527344,35.5099983215332,32.6630859375,72900
2014-10-21,35.709999084472656,36.45000076293945,34.84000015258789,36.380001068115234,33.46333694458008,41200
2014-10-22,35.900001525878906,36.29999923706055,35.33000183105469,35.369998931884766,32.53432846069336,41300
2014-10-23,35.83000183105469,36.86000061035156,35.5099983215332,36.72999954223633,33.785282135009766,52900
2014-10-24,36.95000076293945,37.04999923706055,36.279998779296875,36.61000061035156,33.67489242553711,46700
2014-10-27,36.369998931884766,36.58000183105469,35.84000015258789,36.369998931884766,33.45413589477539,38200
2014-10-28,36.7400016784668,38.779998779296875,36.540000915527344,38.70000076293945,35.59733963012695,94300
2014-10-29,38.72999954223633,39.029998779296875,37.97999954223633,38.22999954223633,35.16501998901367,60000
2014-10-30,37.91999816894531,39.279998779296875,37.869998931884766,39.150001525878906,36.01124954223633,61500
2014-10-31,40.0,40.0,39.040000915527344,39.810001373291016,36.61832809448242,83700
2014-11-03,39.68000030517578,39.9900016784668,38.939998626708984,39.720001220703125,36.53555679321289,75600
2014-11-04,39.70000076293945,42.68000030517578,39.47999954223633,42.4900016784668,39.08348846435547,134900
2014-11-05,42.7599983215332,43.52000045776367,40.77000045776367,42.689998626708984,39.26743698120117,110400
2014-11-06,42.810001373291016,43.68000030517578,42.47999954223633,42.7599983215332,39.33183670043945,107600
2014-11-07,42.77000045776367,42.790000915527344,40.779998779296875,42.0,38.63276672363281,68200
2014-11-10,41.849998474121094,42.939998626708984,41.75,42.939998626708984,39.49738693237305,62400
2014-11-11,42.650001525878906,42.720001220703125,42.09000015258789,42.349998474121094,38.9547119140625,51700
2014-11-12,41.93000030517578,42.779998779296875,41.849998474121094,42.52000045776367,39.111080169677734,62400
2014-11-13,42.439998626708984,42.650001525878906,41.7400016784668,41.88999938964844,38.53158950805664,32000
2014-11-14,41.900001525878906,42.290000915527344,41.529998779296875,42.11000061035156,38.73395919799805,45500
2014-11-17,41.91999816894531,42.0,41.369998931884766,41.38999938964844,38.0716667175293,49800
2014-11-18,41.58000183105469,42.11000061035156,41.22999954223633,41.400001525878906,38.08087921142578,31700
2014-11-19,41.22999954223633,41.22999954223633,39.880001068115234,40.310001373291016,37.078250885009766,43000
2014-11-20,40.130001068115234,40.470001220703125,40.099998474121094,40.20000076293945,36.97706604003906,55800
2014-11-21,40.95000076293945,41.790000915527344,40.34000015258789,40.689998626708984,37.42779541015625,43900
2014-11-24,40.689998626708984,41.470001220703125,40.689998626708984,41.20000076293945,37.896915435791016,31400
2014-11-25,41.43000030517578,41.650001525878906,41.189998626708984,41.529998779296875,38.2004508972168,27800
2014-11-26,41.459999084472656,41.540000915527344,40.9900016784668,41.209999084472656,37.90610885620117,36900
2014-11-28,41.11000061035156,41.11000061035156,39.959999084472656,40.27000045776367,37.041473388671875,22500
2014-12-01,40.029998779296875,40.150001525878906,39.2400016784668,39.349998474121094,36.19521713256836,50300
2014-12-02,40.09000015258789,40.20000076293945,39.119998931884766,39.810001373291016,36.61832809448242,71700
2014-12-03,39.72999954223633,40.869998931884766,39.72999954223633,40.0,36.79310607910156,83100
2014-12-04,39.84000015258789,40.40999984741211,39.38999938964844,39.9900016784668,36.78390884399414,67700
2014-12-05,39.9900016784668,40.81999969482422,39.65999984741211,40.59000015258789,37.33582305908203,56300
2014-12-08,40.43000030517578,41.369998931884766,39.25,39.630001068115234,36.45276641845703,38500
2014-12-09,39.11000061035156,41.310001373291016,39.0,41.150001525878906,37.85090637207031,70300
2014-12-10,40.869998931884766,41.38999938964844,39.63999938964844,39.84000015258789,36.64594268798828,44600
2014-12-11,40.06999969482422,40.790000915527344,39.0099983215332,39.79999923706055,36.6091423034668,47100
2014-12-12,39.22999954223633,39.400001525878906,38.34000015258789,38.47999954223633,35.39497375488281,58900
2014-12-15,38.849998474121094,38.849998474121094,37.45000076293945,37.939998626708984,34.898258209228516,77200
2014-12-16,37.880001068115234,38.2400016784668,37.43000030517578,37.459999084472656,34.45674514770508,92600
2014-12-17,37.61000061035156,37.75,36.810001373291016,37.599998474121094,34.58552169799805,149600
2014-12-18,38.279998779296875,38.279998779296875,37.459999084472656,37.689998626708984,34.668296813964844,250400
2014-12-19,37.599998474121094,38.29999923706055,37.54999923706055,38.02000045776367,34.97185134887695,188000
2014-12-22,38.16999816894531,39.099998474121094,37.81999969482422,38.79999923706055,35.68932342529297,81800
2014-12-23,38.81999969482422,39.900001525878906,38.0099983215332,39.27000045776367,36.121639251708984,105800
2014-12-24,39.470001220703125,40.09000015258789,39.029998779296875,39.189998626708984,36.04804611206055,37200
2014-12-26,39.470001220703125,40.189998626708984,39.33000183105469,39.63999938964844,36.46196746826172,44300
2014-12-29,39.75,40.150001525878906,39.61000061035156,40.060001373291016,36.93215560913086,28800
2014-12-30,40.040000915527344,40.040000915527344,39.279998779296875,39.65999984741211,36.56339645385742,30200
2014-12-31,39.88999938964844,40.400001525878906,39.279998779296875,39.380001068115234,36.305233001708984,45900
2015-01-02,39.439998626708984,39.709999084472656,38.45000076293945,39.0,35.95491027832031,49700
2015-01-05,38.619998931884766,38.869998931884766,37.310001373291016,37.7400016784668,34.793304443359375,49300
2015-01-06,37.77000045776367,37.959999084472656,36.880001068115234,37.2599983215332,34.350772857666016,66400
2015-01-07,37.41999816894531,37.470001220703125,36.83000183105469,37.0,34.1110725402832,67900
2015-01-08,37.38999938964844,37.93000030517578,37.02000045776367,37.47999954223633,34.55359649658203,175200
2015-01-09,37.349998474121094,37.88999938964844,37.040000915527344,37.15999984741211,34.25859069824219,46300
2015-01-12,37.25,37.959999084472656,36.540000915527344,37.45000076293945,34.52594757080078,103500
2015-01-13,37.810001373291016,37.9900016784668,37.189998626708984,37.54999923706055,34.61813735961914,69500
2015-01-14,37.0099983215332,37.93000030517578,37.0099983215332,37.540000915527344,34.60891342163086,32600
2015-01-15,37.52000045776367,38.0,36.91999816894531,37.27000045776367,34.359989166259766,77500
2015-01-16,37.13999938964844,37.869998931884766,37.13999938964844,37.400001525878906,34.4798583984375,71800
2015-01-20,37.290000915527344,38.099998474121094,37.099998474121094,37.619998931884766,34.68265914916992,46700
2015-01-21,37.400001525878906,38.400001525878906,37.400001525878906,37.91999816894531,34.95924758911133,33700
2015-01-22,38.369998931884766,39.27000045776367,38.029998779296875,39.08000183105469,36.028663635253906,52200
2015-01-23,39.209999084472656,39.27000045776367,38.63999938964844,38.77000045776367,35.74287414550781,53300
2015-01-26,38.56999969482422,39.189998626708984,38.209999084472656,38.45000076293945,35.44785690307617,38600
2015-01-27,38.0,38.290000915527344,37.630001068115234,37.65999984741211,34.719547271728516,36700
2015-01-28,37.97999954223633,37.97999954223633,36.84000015258789,37.029998779296875,34.13873291015625,45000
2015-01-29,37.08000183105469,37.86000061035156,36.95000076293945,37.2599983215332,34.350772857666016,121500
2015-01-30,36.90999984741211,38.040000915527344,36.099998474121094,36.2400016784668,33.41041946411133,100300
2015-02-02,36.369998931884766,37.400001525878906,36.2400016784668,37.22999954223633,34.32312774658203,79400
2015-02-03,37.220001220703125,39.0,37.220001220703125,38.369998931884766,35.37409973144531,88900
2015-02-04,38.15999984741211,38.15999984741211,36.790000915527344,37.060001373291016,34.16640853881836,59900
2015-02-05,37.290000915527344,37.95000076293945,36.849998474121094,37.7400016784668,34.793304443359375,121200
2015-02-06,37.83000183105469,38.029998779296875,37.4900016784668,37.65999984741211,34.719547271728516,42200
2015-02-09,37.36000061035156,38.5,37.29999923706055,37.5099983215332,34.58124923706055,47200
2015-02-10,37.95000076293945,38.189998626708984,37.25,37.849998474121094,34.89469909667969,34800
2015-02-11,37.84000015258789,38.41999816894531,37.25,37.349998474121094,34.433753967285156,31600
2015-02-12,37.790000915527344,38.310001373291016,37.619998931884766,38.310001373291016,35.31881332397461,23500
2015-02-13,38.209999084472656,38.90999984741211,38.130001068115234,38.47999954223633,35.475521087646484,34300
2015-02-17,38.5,38.77000045776367,38.150001525878906,38.540000915527344,35.53083801269531,39100
2015-02-18,38.540000915527344,39.09000015258789,38.540000915527344,38.93000030517578,35.89038848876953,29300
2015-02-19,38.91999816894531,39.36000061035156,38.65999984741211,39.040000915527344,35.991783142089844,34400
2015-02-20,39.09000015258789,40.189998626708984,38.5,40.18000030517578,37.04277420043945,103700
2015-02-23,40.02000045776367,40.65999984741211,39.380001068115234,40.65999984741211,37.485313415527344,74600
2015-02-24,40.189998626708984,41.91999816894531,38.900001525878906,41.13999938964844,37.927825927734375,110100
2015-02-25,41.20000076293945,41.20000076293945,40.349998474121094,40.5,37.337806701660156,79200
2015-02-26,40.65999984741211,40.880001068115234,40.0099983215332,40.58000183105469,37.41156005859375,68600
2015-02-27,40.290000915527344,40.33000183105469,38.650001525878906,38.70000076293945,35.6783332824707,84000
2015-03-02,38.75,39.58000183105469,38.2400016784668,38.33000183105469,35.33723831176758,106800
2015-03-03,38.11000061035156,38.38999938964844,37.45000076293945,37.630001068115234,34.691890716552734,72800
2015-03-04,37.380001068115234,37.380001068115234,37.0,37.08000183105469,34.18484115600586,105700
2015-03-05,37.150001525878906,37.400001525878906,36.56999969482422,37.04999923706055,34.157161712646484,79800
2015-03-06,36.619998931884766,36.9900016784668,36.5099983215332,36.849998474121094,33.97278594970703,85400
2015-03-09,37.029998779296875,37.619998931884766,36.70000076293945,37.619998931884766,34.68265914916992,134700
2015-03-10,37.5099983215332,37.66999816894531,37.150001525878906,37.61000061035156,34.673458099365234,86200
2015-03-11,37.810001373291016,38.290000915527344,37.36000061035156,38.2400016784668,35.33882141113281,75300
2015-03-12,38.619998931884766,40.0,37.81999969482422,39.7400016784668,36.725040435791016,135400
2015-03-13,39.790000915527344,39.790000915527344,38.54999923706055,39.34000015258789,36.35536575317383,64700
2015-03-16,39.40999984741211,39.95000076293945,39.290000915527344,39.47999954223633,36.48474884033203,59400
2015-03-17,39.4900016784668,39.79999923706055,39.130001068115234,39.47999954223633,36.48474884033203,75400
2015-03-18,39.47999954223633,40.150001525878906,39.18000030517578,40.11000061035156,37.06695556640625,109900
2015-03-19,40.0,40.939998626708984,39.9900016784668,40.84000015258789,37.7415657043457,122500
2015-03-20,40.970001220703125,41.31999969482422,40.880001068115234,41.15999984741211,38.03728485107422,174500
2015-03-23,41.20000076293945,41.77000045776367,40.91999816894531,41.369998931884766,38.231353759765625,97600
2015-03-24,41.5,41.849998474121094,41.20000076293945,41.619998931884766,38.4623908996582,78200
2015-03-25,41.68000030517578,41.900001525878906,40.11000061035156,40.31999969482422,37.261009216308594,96100
2015-03-26,40.119998931884766,40.91999816894531,40.119998931884766,40.54999923706055,37.47356033325195,50500
2015-03-27,40.45000076293945,41.27000045776367,40.06999969482422,41.18000030517578,38.14042663574219,79300
2015-03-30,41.310001373291016,41.75,41.04999923706055,41.439998626708984,38.38124084472656,55900
2015-03-31,41.13999938964844,41.459999084472656,40.66999816894531,41.36000061035156,38.30713653564453,62800
2015-04-01,41.060001373291016,41.060001373291016,40.189998626708984,40.47999954223633,37.49208068847656,51400
2015-04-02,40.38999938964844,41.16999816894531,40.2599983215332,40.54999923706055,37.55691909790039,31200
2015-04-06,40.27000045776367,41.20000076293945,40.27000045776367,41.189998626708984,38.149688720703125,30000
2015-04-07,41.029998779296875,41.029998779296875,39.93000030517578,39.97999954223633,37.02899932861328,44100
2015-04-08,40.209999084472656,40.65999984741211,39.88999938964844,40.58000183105469,37.5847053527832,36100
2015-04-09,40.56999969482422,40.56999969482422,39.7400016784668,39.900001525878906,36.95490646362305,76000
2015-04-10,40.16999816894531,40.16999816894531,39.810001373291016,39.95000076293945,37.00121307373047,26800
2015-04-13,39.97999954223633,40.540000915527344,39.5099983215332,39.810001373291016,36.87154006958008,59100
2015-04-14,39.970001220703125,40.599998474121094,39.4900016784668,40.2400016784668,37.26979446411133,332800
2015-04-15,40.459999084472656,41.08000183105469,40.13999938964844,40.720001220703125,37.71438980102539,80100
2015-04-16,41.09000015258789,41.18000030517578,40.369998931884766,40.540000915527344,37.54766845703125,24000
2015-04-17,40.06999969482422,40.41999816894531,39.720001220703125,39.81999969482422,36.88081741333008,64900
2015-04-20,40.0099983215332,40.970001220703125,40.0099983215332,40.95000076293945,37.92741012573242,27200
2015-04-21,41.13999938964844,41.13999938964844,40.2400016784668,40.54999923706055,37.55691909790039,21600
2015-04-22,40.4900016784668,40.779998779296875,39.810001373291016,40.709999084472656,37.70513153076172,57200
2015-04-23,40.599998474121094,41.75,40.599998474121094,41.310001373291016,38.26083755493164,48300
2015-04-24,41.599998474121094,41.900001525878906,41.22999954223633,41.41999816894531,38.36272048950195,57300
2015-04-27,41.880001068115234,42.400001525878906,40.959999084472656,41.09000015258789,38.05705642700195,74900
2015-04-28,41.11000061035156,41.619998931884766,40.33000183105469,41.5099983215332,38.446067810058594,54900
2015-04-29,41.189998626708984,41.31999969482422,40.369998931884766,40.400001525878906,37.418006896972656,43500
2015-04-30,40.08000183105469,40.650001525878906,38.650001525878906,38.90999984741211,36.03798294067383,101000
2015-05-01,38.91999816894531,39.40999984741211,38.459999084472656,38.91999816894531,36.04723358154297,103400
2015-05-04,38.790000915527344,39.34000015258789,38.34000015258789,38.81999969482422,35.954612731933594,85000
2015-05-05,37.5,38.79999923706055,36.61000061035156,37.0,34.26895523071289,179800
2015-05-06,36.959999084472656,37.099998474121094,35.52000045776367,36.5099983215332,33.81512451171875,153200
2015-05-07,36.5099983215332,37.459999084472656,36.5099983215332,37.119998931884766,34.38010787963867,102700
2015-05-08,37.689998626708984,38.650001525878906,36.720001220703125,36.7599983215332,34.04668045043945,51600
2015-05-11,37.099998474121094,37.38999938964844,36.63999938964844,36.68000030517578,33.972572326660156,70900
2015-05-12,36.529998779296875,37.79999923706055,35.81999969482422,36.790000915527344,34.074462890625,85600
2015-05-13,37.09000015258789,37.439998626708984,36.650001525878906,37.04999923706055,34.31526565551758,67500
2015-05-14,37.349998474121094,38.0,36.880001068115234,37.84000015258789,35.04695510864258,88000
2015-05-15,37.70000076293945,37.70000076293945,36.970001220703125,37.459999084472656,34.69500732421875,105300
2015-05-18,37.400001525878906,38.16999816894531,37.15999984741211,38.06999969482422,35.259979248046875,81400
2015-05-19,38.11000061035156,38.290000915527344,37.77000045776367,38.220001220703125,35.3989143371582,65200
2015-05-20,38.29999923706055,38.29999923706055,38.040000915527344,38.15999984741211,35.343345642089844,51500
2015-05-21,38.02000045776367,38.54999923706055,37.849998474121094,38.029998779296875,35.22292709350586,67900
2015-05-22,38.060001373291016,38.13999938964844,37.599998474121094,37.869998931884766,35.074737548828125,54400
2015-05-26,37.630001068115234,38.650001525878906,36.75,37.0099983215332,34.27821350097656,64700
2015-05-27,36.95000076293945,37.65999984741211,36.7599983215332,37.5099983215332,34.74130630493164,46700
2015-05-28,37.310001373291016,37.65999984741211,37.11000061035156,37.599998474121094,34.824668884277344,46100
2015-05-29,37.470001220703125,37.689998626708984,37.0099983215332,37.380001068115234,34.62092208862305,58700
2015-06-01,37.709999084472656,37.88999938964844,37.189998626708984,37.52000045776367,34.75057601928711,92400
2015-06-02,37.310001373291016,38.470001220703125,37.0099983215332,38.0099983215332,35.204402923583984,61400
2015-06-03,38.0099983215332,38.650001525878906,37.900001525878906,38.38999938964844,35.55635452270508,54400
2015-06-04,38.09000015258789,38.66999816894531,37.650001525878906,38.279998779296875,35.45447540283203,70100
2015-06-05,38.029998779296875,38.56999969482422,38.029998779296875,38.47999954223633,35.63972473144531,56600
2015-06-08,38.459999084472656,39.220001220703125,38.41999816894531,38.720001220703125,35.86201858520508,129100
2015-06-09,38.70000076293945,39.040000915527344,38.400001525878906,38.52000045776367,35.676761627197266,79200
2015-06-10,38.86000061035156,39.56999969482422,38.66999816894531,39.38999938964844,36.482540130615234,83100
2015-06-11,39.31999969482422,39.38999938964844,38.84000015258789,39.25,36.352882385253906,47500
2015-06-12,39.150001525878906,39.38999938964844,39.0,39.08000183105469,36.19542694091797,66000
2015-06-15,38.900001525878906,39.060001373291016,38.11000061035156,38.2400016784668,35.41743469238281,70100
2015-06-16,38.279998779296875,38.61000061035156,37.95000076293945,38.130001068115234,35.3155403137207,68000
2015-06-17,38.18000030517578,38.29999923706055,37.77000045776367,37.93000030517578,35.13031005859375,56200
2015-06-18,38.0,38.5099983215332,37.880001068115234,38.310001373291016,35.48225402832031,72700
2015-06-19,38.40999984741211,38.56999969482422,37.91999816894531,38.25,35.42668533325195,101000
2015-06-22,38.5099983215332,38.5099983215332,37.7400016784668,37.869998931884766,35.074737548828125,72000
2015-06-23,37.650001525878906,38.459999084472656,37.63999938964844,38.38999938964844,35.55635452270508,59000
2015-06-24,38.099998474121094,38.43000030517578,38.029998779296875,38.369998931884766,35.53784942626953,46800
2015-06-25,38.459999084472656,38.459999084472656,37.939998626708984,38.130001068115234,35.3155403137207,44800
2015-06-26,38.02000045776367,38.68000030517578,37.84000015258789,38.439998626708984,35.6869010925293,138500
2015-06-29,38.0099983215332,38.45000076293945,37.790000915527344,38.099998474121094,35.37126159667969,168900
2015-06-30,38.459999084472656,38.939998626708984,37.779998779296875,38.11000061035156,35.38053512573242,80300
2015-07-01,38.5,38.59000015258789,37.310001373291016,37.86000061035156,35.14844512939453,132400
2015-07-02,37.90999984741211,38.220001220703125,37.380001068115234,37.40999984741211,34.73067092895508,65600
2015-07-06,36.91999816894531,37.59000015258789,36.79999923706055,37.5099983215332,34.82350540161133,55100
2015-07-07,37.560001373291016,37.720001220703125,37.0,37.689998626708984,34.99061965942383,122600
2015-07-08,37.310001373291016,37.75,35.97999954223633,36.400001525878906,33.79301452636719,72800
2015-07-09,36.720001220703125,36.849998474121094,36.09000015258789,36.189998626708984,33.59804916381836,38700
2015-07-10,36.58000183105469,36.58000183105469,36.060001373291016,36.2400016784668,33.644474029541016,44000
2015-07-13,36.4900016784668,36.5099983215332,36.11000061035156,36.41999816894531,33.81158447265625,94300
2015-07-14,36.650001525878906,36.650001525878906,36.20000076293945,36.470001220703125,33.857994079589844,59000
2015-07-15,36.630001068115234,36.7599983215332,36.060001373291016,36.279998779296875,33.681610107421875,67900
2015-07-16,36.560001373291016,37.0,36.349998474121094,36.5,33.885860443115234,52300
2015-07-17,36.63999938964844,36.90999984741211,36.209999084472656,36.779998779296875,34.14579391479492,84300
2015-07-20,36.880001068115234,36.93000030517578,36.650001525878906,36.68000030517578,34.052955627441406,36900
2015-07-21,36.599998474121094,36.90999984741211,36.5,36.599998474121094,33.97869110107422,106300
2015-07-22,36.560001373291016,37.08000183105469,36.560001373291016,37.06999969482422,34.4150276184082,137300
2015-07-23,37.029998779296875,37.13999938964844,36.0099983215332,36.040000915527344,33.45878982543945,63100
2015-07-24,35.90999984741211,36.119998931884766,34.29999923706055,34.47999954223633,32.01051330566406,114400
2015-07-27,34.13999938964844,34.77000045776367,34.13999938964844,34.59000015258789,32.112632751464844,77400
2015-07-28,34.650001525878906,35.2400016784668,33.86000061035156,35.099998474121094,32.58612060546875,63300
2015-07-29,35.11000061035156,35.349998474121094,34.95000076293945,35.13999938964844,32.62324523925781,32300
2015-07-30,34.880001068115234,35.470001220703125,33.90999984741211,35.310001373291016,32.781089782714844,43600
2015-07-31,35.4900016784668,35.88999938964844,35.290000915527344,35.41999816894531,32.88320541381836,46600
2015-08-03,35.349998474121094,35.599998474121094,34.29999923706055,34.7400016784668,32.251895904541016,82700
2015-08-04,34.7400016784668,34.75,33.790000915527344,34.11000061035156,31.667030334472656,81200
2015-08-05,34.27000045776367,34.54999923706055,33.52000045776367,33.560001373291016,31.156431198120117,131200
2015-08-06,33.560001373291016,33.939998626708984,32.959999084472656,33.02000045776367,30.65508460998535,116400
2015-08-07,32.79999923706055,33.439998626708984,32.5,32.689998626708984,30.348722457885742,72500
2015-08-10,32.93000030517578,33.439998626708984,32.81999969482422,33.439998626708984,31.045007705688477,76700
2015-08-11,33.5,33.5,32.83000183105469,32.939998626708984,30.5808162689209,52300
2015-08-12,32.5,33.279998779296875,32.34000015258789,33.09000015258789,30.720077514648438,65500
2015-08-13,33.02000045776367,33.29999923706055,32.79999923706055,32.95000076293945,30.59009552001953,25100
2015-08-14,32.79999923706055,33.470001220703125,32.689998626708984,33.439998626708984,31.045007705688477,56200
2015-08-17,33.22999954223633,34.439998626708984,32.86000061035156,33.459999084472656,31.063575744628906,23900
2015-08-18,33.290000915527344,33.290000915527344,32.90999984741211,33.08000183105469,30.71079444885254,35600
2015-08-19,32.95000076293945,32.95000076293945,32.11000061035156,32.27000045776367,29.958810806274414,48400
2015-08-20,31.950000762939453,32.63999938964844,31.420000076293945,31.459999084472656,29.206819534301758,51200
2015-08-21,30.899999618530273,32.119998931884766,30.899999618530273,31.5,29.243953704833984,194700
2015-08-24,30.06999969482422,32.34000015258789,30.049999237060547,31.5,29.243953704833984,151300
2015-08-25,32.41999816894531,32.41999816894531,31.049999237060547,31.09000015258789,28.863313674926758,135300
2015-08-26,31.770000457763672,32.43000030517578,30.899999618530273,31.260000228881836,29.021141052246094,98400
2015-08-27,31.389999389648438,31.65999984741211,30.90999984741211,31.479999542236328,29.225385665893555,96400
2015-08-28,31.270000457763672,32.099998474121094,31.270000457763672,31.989999771118164,29.698856353759766,98600
2015-08-31,31.780000686645508,32.45000076293945,31.649999618530273,32.2599983215332,29.949514389038086,76800
2015-09-01,31.549999237060547,32.099998474121094,31.450000762939453,31.540000915527344,29.28108787536621,86800
2015-09-02,31.889999389648438,32.31999969482422,31.299999237060547,31.520000457763672,29.262514114379883,160500
2015-09-03,31.5,31.6200008392334,30.809999465942383,30.93000030517578,28.714780807495117,148400
2015-09-04,30.31999969482422,30.8799991607666,30.100000381469727,30.709999084472656,28.51053237915039,30700
2015-09-08,31.190000534057617,31.190000534057617,30.309999465942383,30.469999313354492,28.2877197265625,96800
2015-09-09,30.670000076293945,30.670000076293945,30.0,30.059999465942383,27.907089233398438,137700
2015-09-10,30.079999923706055,30.360000610351562,29.84000015258789,30.15999984741211,27.999923706054688,169100
2015-09-11,29.90999984741211,30.06999969482422,29.670000076293945,29.799999237060547,27.66570472717285,108000
2015-09-14,29.93000030517578,29.93000030517578,29.520000457763672,29.6200008392334,27.49860382080078,91500
2015-09-15,29.610000610351562,29.8799991607666,29.3799991607666,29.639999389648438,27.517160415649414,283200
2015-09-16,29.709999084472656,30.15999984741211,28.93000030517578,29.149999618530273,27.062255859375,233600
2015-09-17,29.100000381469727,30.049999237060547,28.709999084472656,29.389999389648438,27.285066604614258,166800
2015-09-18,28.969999313354492,29.420000076293945,28.540000915527344,28.639999389648438,26.588790893554688,131900
2015-09-21,28.780000686645508,29.229999542236328,28.56999969482422,28.719999313354492,26.663053512573242,46500
2015-09-22,28.420000076293945,28.639999389648438,28.239999771118164,28.40999984741211,26.375253677368164,48300
2015-09-23,28.399999618530273,28.719999313354492,27.969999313354492,27.979999542236328,25.97605323791504,44500
2015-09-24,27.790000915527344,27.979999542236328,27.270000457763672,27.700000762939453,25.716110229492188,92000
2015-09-25,27.8799991607666,28.09000015258789,27.389999389648438,27.43000030517578,25.465452194213867,96100
2015-09-28,27.190000534057617,27.639999389648438,26.90999984741211,27.229999542236328,25.362987518310547,86800
2015-09-29,27.290000915527344,27.549999237060547,27.0,27.3799991607666,25.502700805664062,68900
2015-09-30,27.579999923706055,27.940000534057617,27.280000686645508,27.469999313354492,25.586536407470703,53600
2015-10-01,27.440000534057617,27.5,26.940000534057617,27.350000381469727,25.474756240844727,133000
2015-10-02,27.1299991607666,28.260000228881836,27.100000381469727,28.25,26.313051223754883,80500
2015-10-05,28.34000015258789,29.530000686645508,28.309999465942383,29.43000030517578,27.412153244018555,59500
2015-10-06,29.43000030517578,29.639999389648438,28.920000076293945,29.020000457763672,27.030256271362305,48500
2015-10-07,29.219999313354492,29.950000762939453,29.190000534057617,29.739999771118164,27.70088768005371,68100
2015-10-08,29.6200008392334,30.450000762939453,29.59000015258789,30.40999984741211,28.324954986572266,92800
2015-10-09,30.5,30.809999465942383,30.18000030517578,30.3700008392334,28.287696838378906,59600
2015-10-12,30.299999237060547,30.6200008392334,29.860000610351562,30.15999984741211,28.092098236083984,51600
2015-10-13,30.1200008392334,30.270000457763672,29.729999542236328,29.90999984741211,27.85923194885254,47300
2015-10-14,29.540000915527344,29.850000381469727,29.440000534057617,29.540000915527344,27.51460838317871,63600
2015-10-15,29.649999618530273,30.329999923706055,29.06999969482422,30.299999237060547,28.222492218017578,68100
2015-10-16,30.40999984741211,30.40999984741211,29.31999969482422,29.510000228881836,27.486661911010742,58500
2015-10-19,29.270000457763672,29.579999923706055,29.06999969482422,29.420000076293945,27.402833938598633,35000
2015-10-20,29.31999969482422,29.719999313354492,29.09000015258789,29.510000228881836,27.486661911010742,54100
2015-10-21,29.670000076293945,29.809999465942383,29.09000015258789,29.139999389648438,27.142024993896484,31000
2015-10-22,29.239999771118164,30.280000686645508,29.239999771118164,29.889999389648438,27.840604782104492,64400
2015-10-23,30.239999771118164,30.43000030517578,29.600000381469727,30.3700008392334,28.287696838378906,59000
2015-10-26,30.219999313354492,30.290000915527344,29.540000915527344,29.649999618530273,27.617061614990234,31800
2015-10-27,29.549999237060547,29.549999237060547,28.6200008392334,28.700000762939453,26.732194900512695,48300
2015-10-28,28.799999237060547,30.450000762939453,28.799999237060547,30.40999984741211,28.324954986572266,71500
2015-10-29,30.219999313354492,30.489999771118164,29.979999542236328,30.239999771118164,28.166608810424805,64100
2015-10-30,30.31999969482422,30.399999618530273,29.049999237060547,29.290000915527344,27.281747817993164,58800
2015-11-02,29.450000762939453,30.270000457763672,29.360000610351562,30.1299991607666,28.064149856567383,65200
2015-11-03,29.0,29.969999313354492,27.65999984741211,29.329999923706055,27.31900405883789,213500
2015-11-04,29.329999923706055,29.829999923706055,29.030000686645508,29.709999084472656,27.672950744628906,115800
2015-11-05,29.739999771118164,30.709999084472656,29.399999618530273,30.09000015258789,28.026891708374023,89300
2015-11-06,29.93000030517578,30.690000534057617,29.770000457763672,30.670000076293945,28.567127227783203,81500
2015-11-09,30.56999969482422,30.709999084472656,29.81999969482422,30.049999237060547,27.98963737487793,97800
2015-11-10,29.899999618530273,30.59000015258789,29.75,30.489999771118164,28.39946937561035,117300
2015-11-11,30.43000030517578,30.489999771118164,30.0,30.350000381469727,28.269071578979492,71200
2015-11-12,30.040000915527344,30.809999465942383,29.59000015258789,30.030000686645508,27.971010208129883,115200
2015-11-13,29.709999084472656,30.510000228881836,29.709999084472656,30.010000228881836,27.952375411987305,162900
2015-11-16,30.010000228881836,30.610000610351562,29.899999618530273,30.56999969482422,28.473987579345703,61400
2015-11-17,30.709999084472656,31.450000762939453,30.420000076293945,31.079999923706055,28.949012756347656,99300
2015-11-18,31.239999771118164,31.860000610351562,30.649999618530273,31.84000015258789,29.656904220581055,93300
2015-11-19,31.81999969482422,32.029998779296875,31.170000076293945,31.489999771118164,29.330904006958008,75400
2015-11-20,31.739999771118164,32.59000015258789,31.719999313354492,31.989999771118164,29.79661750793457,77900
2015-11-23,31.950000762939453,32.22999954223633,31.600000381469727,31.799999237060547,29.61964988708496,69500
2015-11-24,32.0,32.599998474121094,31.440000534057617,32.43000030517578,30.206451416015625,105100
2015-11-25,32.5,32.560001373291016,31.690000534057617,31.739999771118164,29.563762664794922,57900
2015-11-27,31.969999313354492,32.0099983215332,31.600000381469727,31.760000228881836,29.582393646240234,21100
2015-11-30,31.649999618530273,32.970001220703125,31.25,32.93000030517578,30.67217254638672,148500
2015-12-01,32.88999938964844,32.91999816894531,31.790000915527344,31.889999389648438,29.70347785949707,109500
2015-12-02,31.709999084472656,32.18000030517578,31.200000762939453,31.389999389648438,29.237756729125977,117000
2015-12-03,31.540000915527344,31.56999969482422,30.889999389648438,31.06999969482422,28.939706802368164,110500
2015-12-04,30.989999771118164,31.920000076293945,30.850000381469727,31.809999465942383,29.628963470458984,78900
2015-12-07,31.649999618530273,31.649999618530273,30.950000762939453,31.06999969482422,28.939706802368164,87700
2015-12-08,30.899999618530273,31.219999313354492,30.450000762939453,31.0,28.874496459960938,81000
2015-12-09,31.0,31.34000015258789,30.899999618530273,31.0,28.874496459960938,77000
2015-12-10,30.93000030517578,31.299999237060547,30.93000030517578,31.229999542236328,29.08873176574707,80200
2015-12-11,30.790000915527344,31.34000015258789,30.290000915527344,31.030000686645508,28.902448654174805,121800
2015-12-14,31.420000076293945,32.04999923706055,30.899999618530273,31.59000015258789,29.42404556274414,119100
2015-12-15,31.790000915527344,31.790000915527344,30.809999465942383,31.190000534057617,29.051481246948242,83700
2015-12-16,31.31999969482422,32.0099983215332,30.729999542236328,31.389999389648438,29.237756729125977,77200
2015-12-17,31.469999313354492,32.099998474121094,30.8700008392334,31.059999465942383,28.930389404296875,70200
2015-12-18,30.889999389648438,31.329999923706055,30.780000686645508,31.0,28.874496459960938,247200
2015-12-21,31.1200008392334,31.459999084472656,30.709999084472656,31.110000610351562,28.97695541381836,87500
2015-12-22,31.06999969482422,31.940000534057617,30.920000076293945,31.639999389648438,29.47061538696289,70300
2015-12-23,31.780000686645508,32.59000015258789,31.770000457763672,32.189998626708984,29.98291015625,40500
2015-12-24,32.189998626708984,32.66999816894531,32.130001068115234,32.41999816894531,30.197139739990234,27700
2015-12-28,32.20000076293945,32.540000915527344,31.889999389648438,32.290000915527344,30.076051712036133,62600
2015-12-29,32.34000015258789,32.88999938964844,32.099998474121094,32.560001373291016,30.412307739257812,47500
2015-12-30,32.470001220703125,32.869998931884766,32.06999969482422,32.470001220703125,30.3282413482666,70500
2015-12-31,32.2599983215332,32.630001068115234,31.719999313354492,31.729999542236328,29.63706398010254,110400
2016-01-04,31.139999389648438,31.649999618530273,30.209999084472656,30.56999969482422,28.553569793701172,88300
2016-01-05,30.540000915527344,30.540000915527344,29.520000457763672,29.670000076293945,27.712936401367188,77000
2016-01-06,29.350000381469727,29.530000686645508,28.799999237060547,28.829999923706055,26.92833709716797,109000
2016-01-07,28.3799991607666,28.719999313354492,27.420000076293945,28.0,26.153085708618164,143700
2016-01-08,27.959999084472656,28.559999465942383,26.889999389648438,26.950000762939453,25.172348022460938,122300
2016-01-11,27.010000228881836,27.190000534057617,26.760000228881836,26.989999771118164,25.2097110748291,151800
2016-01-12,27.110000610351562,27.280000686645508,26.18000030517578,26.600000381469727,24.845436096191406,181300
2016-01-13,26.709999084472656,26.889999389648438,25.700000762939453,25.920000076293945,24.21028709411621,96800
2016-01-14,26.149999618530273,26.780000686645508,25.809999465942383,26.43000030517578,24.6866455078125,68800
2016-01-15,25.799999237060547,26.3799991607666,25.65999984741211,26.350000381469727,24.611923217773438,66300
2016-01-19,26.700000762939453,26.850000381469727,26.280000686645508,26.559999465942383,24.808074951171875,125100
2016-01-20,26.350000381469727,27.1299991607666,25.610000610351562,26.809999465942383,25.041574478149414,229100
2016-01-21,26.93000030517578,26.989999771118164,26.229999542236328,26.420000076293945,24.677303314208984,81200
2016-01-22,26.75,26.81999969482422,25.520000457763672,25.780000686645508,24.079524993896484,123200
2016-01-25,25.700000762939453,26.100000381469727,24.65999984741211,24.700000762939453,23.070764541625977,68300
2016-01-26,24.729999542236328,25.739999771118164,24.0,25.59000015258789,23.902055740356445,64500
2016-01-27,25.469999313354492,25.8700008392334,25.100000381469727,25.34000015258789,23.66854476928711,62500
2016-01-28,25.59000015258789,27.829999923706055,25.170000076293945,25.260000228881836,23.59382438659668,148700
2016-01-29,25.5,26.239999771118164,25.34000015258789,25.459999084472656,23.78063201904297,235400
2016-02-01,25.350000381469727,26.09000015258789,24.899999618530273,25.40999984741211,23.733932495117188,165900
2016-02-02,25.229999542236328,25.639999389648438,24.809999465942383,25.530000686645508,23.84601402282715,66000
2016-02-03,25.860000610351562,26.219999313354492,25.239999771118164,26.0,24.285015106201172,67500
2016-02-04,25.959999084472656,26.780000686645508,25.420000076293945,26.34000015258789,24.602582931518555,47700
2016-02-05,26.34000015258789,26.8799991607666,25.719999313354492,25.799999237060547,24.098203659057617,88400
2016-02-08,25.479999542236328,27.020000457763672,25.399999618530273,26.850000381469727,25.078948974609375,75400
2016-02-09,26.459999084472656,27.270000457763672,26.34000015258789,26.90999984741211,25.134986877441406,89400
2016-02-10,27.3799991607666,27.5,26.639999389648438,26.899999618530273,25.125646591186523,164600
2016-02-11,26.5,27.079999923706055,26.020000457763672,26.260000228881836,24.527856826782227,142100
2016-02-12,26.479999542236328,27.18000030517578,26.149999618530273,27.059999465942383,25.27509307861328,56600
2016-02-16,27.239999771118164,27.950000762939453,26.520000457763672,27.549999237060547,25.732769012451172,92100
2016-02-17,27.770000457763672,28.81999969482422,27.670000076293945,28.18000030517578,26.32122039794922,96800
2016-02-18,28.15999984741211,28.719999313354492,27.549999237060547,28.290000915527344,26.423959732055664,110300
2016-02-19,28.229999542236328,28.729999542236328,27.799999237060547,28.59000015258789,26.704172134399414,60400
2016-02-22,28.790000915527344,29.190000534057617,28.399999618530273,29.0,27.08713150024414,140500
2016-02-23,29.0,29.489999771118164,28.6200008392334,28.68000030517578,26.788230895996094,96200
2016-02-24,28.389999389648438,29.389999389648438,27.8799991607666,29.270000457763672,27.339317321777344,64500
2016-02-25,29.209999084472656,29.3799991607666,28.670000076293945,29.020000457763672,27.105810165405273,63900
2016-02-26,29.059999465942383,29.579999923706055,28.829999923706055,29.459999084472656,27.51678466796875,64900
2016-02-29,29.3799991607666,30.139999389648438,29.200000762939453,29.780000686645508,27.815675735473633,141200
2016-03-01,30.260000228881836,31.940000534057617,30.229999542236328,31.600000381469727,29.515636444091797,152500
2016-03-02,31.450000762939453,32.7400016784668,31.450000762939453,32.689998626708984,30.533733367919922,163900
2016-03-03,32.54999923706055,33.34000015258789,32.31999969482422,33.02000045776367,30.841964721679688,174000
2016-03-04,33.130001068115234,33.720001220703125,32.66999816894531,33.630001068115234,31.411725997924805,110000
2016-03-07,33.58000183105469,34.130001068115234,33.29999923706055,34.130001068115234,31.87873649597168,151300
2016-03-08,33.95000076293945,34.380001068115234,33.58000183105469,34.09000015258789,31.84139060974121,124600
2016-03-09,34.189998626708984,34.75,34.150001525878906,34.36000061035156,32.09358215332031,102400
2016-03-10,34.58000183105469,34.58000183105469,33.38999938964844,34.11000061035156,31.860061645507812,211300
2016-03-11,34.099998474121094,34.439998626708984,33.27000045776367,33.81999969482422,31.626283645629883,92700
2016-03-14,33.720001220703125,34.369998931884766,33.45000076293945,33.459999084472656,31.28963279724121,74000
2016-03-15,33.220001220703125,33.779998779296875,32.77000045776367,32.83000183105469,30.700496673583984,111400
2016-03-16,32.77000045776367,33.369998931884766,32.77000045776367,33.029998779296875,30.887523651123047,130200
2016-03-17,33.029998779296875,34.4900016784668,33.029998779296875,34.380001068115234,32.14995574951172,81600
2016-03-18,34.54999923706055,35.0,34.209999084472656,34.349998474121094,32.121910095214844,133700
2016-03-21,34.09000015258789,34.459999084472656,33.709999084472656,33.91999816894531,31.71979331970215,75800
2016-03-22,33.70000076293945,34.38999938964844,33.66999816894531,33.88999938964844,31.691747665405273,62600
2016-03-23,33.7400016784668,33.91999816894531,32.77000045776367,32.77000045776367,30.644380569458008,107200
2016-03-24,32.5,33.40999984741211,32.16999816894531,33.18000030517578,31.02779769897461,71700
2016-03-28,33.220001220703125,33.470001220703125,32.5099983215332,33.0,30.859474182128906,48000
2016-03-29,32.90999984741211,33.900001525878906,32.75,33.599998474121094,31.506479263305664,123300
2016-03-30,33.459999084472656,33.91999816894531,33.27000045776367,33.439998626708984,31.356460571289062,91900
2016-03-31,33.5099983215332,33.54999923706055,33.130001068115234,33.189998626708984,31.122032165527344,118600
2016-04-01,32.900001525878906,33.349998474121094,32.560001373291016,33.2400016784668,31.16890525817871,76800
2016-04-04,33.29999923706055,33.29999923706055,32.7400016784668,33.15999984741211,31.09388542175293,160100
2016-04-05,32.970001220703125,33.38999938964844,32.689998626708984,33.150001525878906,31.084516525268555,73700
2016-04-06,33.11000061035156,33.29999923706055,32.70000076293945,33.2599983215332,31.187658309936523,109500
2016-04-07,33.0099983215332,33.0099983215332,32.40999984741211,32.68000030517578,30.6437931060791,102400
2016-04-08,32.88999938964844,33.36000061035156,32.59000015258789,32.81999969482422,30.775089263916016,51900
2016-04-11,32.93000030517578,33.65999984741211,32.93000030517578,33.2400016784668,31.16890525817871,40500
2016-04-12,33.220001220703125,34.119998931884766,33.220001220703125,33.599998474121094,31.506479263305664,53800
2016-04-13,33.790000915527344,34.599998474121094,33.790000915527344,34.599998474121094,32.44417190551758,61100
2016-04-14,34.470001220703125,34.70000076293945,33.84000015258789,34.029998779296875,31.909685134887695,63300
2016-04-15,33.849998474121094,34.189998626708984,33.09000015258789,33.75,31.64714241027832,85500
2016-04-18,33.970001220703125,34.29999923706055,33.65999984741211,33.7599983215332,31.65651512145996,94600
2016-04-19,33.93000030517578,34.599998474121094,33.900001525878906,34.439998626708984,32.294124603271484,121000
2016-04-20,34.4900016784668,34.88999938964844,34.34000015258789,34.619998931884766,32.46292495727539,40300
2016-04-21,34.56999969482422,34.970001220703125,34.400001525878906,34.5099983215332,32.359771728515625,52400
2016-04-22,34.470001220703125,34.9900016784668,34.459999084472656,34.97999954223633,32.800498962402344,48900
2016-04-25,34.77000045776367,34.90999984741211,34.540000915527344,34.7400016784668,32.575439453125,93900
2016-04-26,34.72999954223633,35.290000915527344,34.529998779296875,35.11000061035156,32.92239761352539,62100
2016-04-27,35.18000030517578,35.93000030517578,35.18000030517578,35.86000061035156,33.625667572021484,101200
2016-04-28,35.779998779296875,35.869998931884766,35.25,35.4900016784668,33.278724670410156,114700
2016-04-29,35.4900016784668,35.81999969482422,35.150001525878906,35.380001068115234,33.17557907104492,79700
2016-05-02,35.58000183105469,35.7400016784668,34.900001525878906,35.41999816894531,33.21308135986328,86300
2016-05-03,35.25,35.77000045776367,34.599998474121094,34.88999938964844,32.71611022949219,190600
2016-05-04,34.75,35.0,33.81999969482422,33.970001220703125,31.85343360900879,181200
2016-05-05,33.79999923706055,34.540000915527344,33.79999923706055,33.939998626708984,31.825305938720703,46700
2016-05-06,33.689998626708984,35.13999938964844,32.81999969482422,34.630001068115234,32.4723014831543,55800
2016-05-09,34.529998779296875,34.529998779296875,33.79999923706055,34.13999938964844,32.01283645629883,46400
2016-05-10,33.45000076293945,33.45000076293945,29.770000457763672,30.8700008392334,28.946578979492188,179900
2016-05-11,30.700000762939453,30.799999237060547,29.68000030517578,30.030000686645508,28.158920288085938,110600
2016-05-12,29.989999771118164,30.510000228881836,29.670000076293945,29.770000457763672,27.915119171142578,74200
2016-05-13,29.540000915527344,29.959999084472656,29.309999465942383,29.530000686645508,27.69007110595703,72300
2016-05-16,29.530000686645508,30.389999389648438,29.5,30.149999618530273,28.271438598632812,87200
2016-05-17,30.139999389648438,30.3799991607666,28.90999984741211,29.110000610351562,27.296236038208008,92500
2016-05-18,28.979999542236328,29.479999542236328,28.709999084472656,28.860000610351562,27.061819076538086,45100
2016-05-19,28.610000610351562,29.09000015258789,28.209999084472656,28.649999618530273,26.864896774291992,40900
2016-05-20,28.850000381469727,29.170000076293945,28.1200008392334,28.8799991607666,27.08056640625,31100
2016-05-23,29.049999237060547,29.15999984741211,28.540000915527344,29.0,27.193092346191406,60700
2016-05-24,29.139999389648438,30.15999984741211,28.989999771118164,29.920000076293945,28.055770874023438,74200
2016-05-25,29.959999084472656,30.399999618530273,29.809999465942383,29.8700008392334,28.00888442993164,31000
2016-05-26,29.950000762939453,30.0,29.549999237060547,29.600000381469727,27.755706787109375,37400
2016-05-27,29.18000030517578,29.739999771118164,29.18000030517578,29.6200008392334,27.774459838867188,31800
2016-05-31,29.6200008392334,29.969999313354492,29.1200008392334,29.270000457763672,27.44626808166504,100900
2016-06-01,29.06999969482422,29.649999618530273,28.6200008392334,29.559999465942383,27.718198776245117,121200
2016-06-02,29.31999969482422,29.739999771118164,29.15999984741211,29.729999542236328,27.877607345581055,83200
2016-06-03,29.68000030517578,29.719999313354492,29.100000381469727,29.520000457763672,27.680692672729492,55000
2016-06-06,29.469999313354492,30.15999984741211,29.190000534057617,30.1299991607666,28.252683639526367,83700
2016-06-07,30.030000686645508,30.3700008392334,29.989999771118164,29.989999771118164,28.12140655517578,42300
2016-06-08,29.989999771118164,30.780000686645508,29.989999771118164,30.530000686645508,28.627758026123047,42500
2016-06-09,30.229999542236328,30.479999542236328,30.06999969482422,30.18000030517578,28.299571990966797,62100
2016-06-10,29.899999618530273,30.450000762939453,29.530000686645508,30.0,28.13079261779785,43400
2016-06-13,29.729999542236328,30.15999984741211,29.510000228881836,29.709999084472656,27.858854293823242,39000
2016-06-14,29.610000610351562,29.829999923706055,29.280000686645508,29.56999969482422,27.727577209472656,31300
2016-06-15,29.719999313354492,29.979999542236328,29.329999923706055,29.399999618530273,27.56816864013672,47300
2016-06-16,29.18000030517578,29.719999313354492,28.549999237060547,29.649999618530273,27.802593231201172,48000
2016-06-17,29.739999771118164,30.149999618530273,29.440000534057617,29.889999389648438,28.027637481689453,116700
2016-06-20,30.010000228881836,31.059999465942383,30.010000228881836,30.389999389648438,28.496488571166992,74300
2016-06-21,30.40999984741211,30.739999771118164,29.959999084472656,30.6299991607666,28.721532821655273,59400
2016-06-22,30.610000610351562,31.43000030517578,30.420000076293945,30.940000534057617,29.01221466064453,140800
2016-06-23,31.149999618530273,31.709999084472656,30.90999984741211,31.690000534057617,29.715492248535156,86900
2016-06-24,30.06999969482422,30.40999984741211,28.780000686645508,28.790000915527344,26.996173858642578,230000
2016-06-27,28.65999984741211,28.809999465942383,27.690000534057617,28.200000762939453,26.442935943603516,148400
2016-06-28,28.459999084472656,29.040000915527344,27.829999923706055,28.56999969482422,26.875656127929688,102000
2016-06-29,29.040000915527344,29.520000457763672,28.649999618530273,29.489999771118164,27.7410945892334,73000
2016-06-30,29.670000076293945,29.719999313354492,29.329999923706055,29.690000534057617,27.929237365722656,104800
2016-07-01,29.639999389648438,30.1299991607666,29.43000030517578,29.989999771118164,28.211442947387695,93600
2016-07-05,29.700000762939453,30.290000915527344,29.309999465942383,29.6299991607666,27.872800827026367,58900
2016-07-06,29.420000076293945,29.940000534057617,29.280000686645508,29.799999237060547,28.032711029052734,49800
2016-07-07,29.799999237060547,30.280000686645508,29.190000534057617,29.200000762939453,27.468297958374023,85400
2016-07-08,29.59000015258789,30.209999084472656,29.59000015258789,30.020000457763672,28.239667892456055,127100
2016-07-11,30.31999969482422,30.65999984741211,30.020000457763672,30.190000534057617,28.399587631225586,86400
2016-07-12,30.389999389648438,31.489999771118164,30.389999389648438,30.799999237060547,28.973403930664062,166100
2016-07-13,31.0,31.43000030517578,30.280000686645508,31.030000686645508,29.189767837524414,66300
2016-07-14,31.399999618530273,31.450000762939453,30.700000762939453,30.729999542236328,28.90755844116211,37400
2016-07-15,30.940000534057617,31.31999969482422,30.700000762939453,31.06999969482422,29.227399826049805,47500
2016-07-18,30.93000030517578,31.260000228881836,30.549999237060547,30.6299991607666,28.81348991394043,45600
2016-07-19,30.459999084472656,30.790000915527344,30.059999465942383,30.40999984741211,28.606534957885742,38100
2016-07-20,30.459999084472656,30.780000686645508,30.059999465942383,30.6299991607666,28.81348991394043,51600
2016-07-21,30.510000228881836,30.770000457763672,30.030000686645508,30.260000228881836,28.46543312072754,38600
2016-07-22,30.280000686645508,30.5,29.920000076293945,30.280000686645508,28.484243392944336,19200
2016-07-25,30.229999542236328,30.559999465942383,29.81999969482422,29.950000762939453,28.173818588256836,36900
2016-07-26,30.059999465942383,30.719999313354492,29.989999771118164,30.3799991607666,28.578317642211914,40400
2016-07-27,30.31999969482422,31.110000610351562,30.299999237060547,30.969999313354492,29.13332176208496,44300
2016-07-28,30.90999984741211,30.90999984741211,29.950000762939453,30.110000610351562,28.32432746887207,55600
2016-07-29,30.270000457763672,30.270000457763672,29.520000457763672,30.200000762939453,28.408992767333984,63300
2016-08-01,30.059999465942383,30.34000015258789,29.6200008392334,29.920000076293945,28.145599365234375,53400
2016-08-02,30.030000686645508,30.030000686645508,28.989999771118164,29.110000610351562,27.38363265991211,52000
2016-08-03,29.09000015258789,29.739999771118164,28.959999084472656,29.459999084472656,27.712879180908203,52600
2016-08-04,29.360000610351562,30.239999771118164,28.719999313354492,29.59000015258789,27.835166931152344,53600
2016-08-05,29.799999237060547,29.93000030517578,29.459999084472656,29.559999465942383,27.806943893432617,52300
2016-08-08,29.559999465942383,29.84000015258789,29.1200008392334,29.280000686645508,27.54355812072754,44700
2016-08-09,29.43000030517578,29.610000610351562,29.31999969482422,29.440000534057617,27.694061279296875,24000
2016-08-10,29.5,29.739999771118164,28.93000030517578,29.030000686645508,27.308378219604492,45400
2016-08-11,29.25,29.899999618530273,29.079999923706055,29.469999313354492,27.722278594970703,41900
2016-08-12,29.420000076293945,29.670000076293945,29.1299991607666,29.469999313354492,27.722278594970703,31700
2016-08-15,29.530000686645508,29.940000534057617,29.530000686645508,29.65999984741211,27.901018142700195,45300
2016-08-16,29.600000381469727,29.950000762939453,29.510000228881836,29.520000457763672,27.769317626953125,36700
2016-08-17,29.639999389648438,29.799999237060547,29.239999771118164,29.360000610351562,27.61880874633789,27700
2016-08-18,29.389999389648438,29.549999237060547,29.280000686645508,29.530000686645508,27.77872657775879,19300
2016-08-19,29.440000534057617,29.8700008392334,29.440000534057617,29.719999313354492,27.957456588745117,46500
2016-08-22,29.530000686645508,30.18000030517578,29.489999771118164,30.15999984741211,28.371368408203125,72200
2016-08-23,30.110000610351562,31.389999389648438,30.020000457763672,31.3700008392334,29.509601593017578,89000
2016-08-24,31.260000228881836,31.260000228881836,30.780000686645508,30.8700008392334,29.039255142211914,46300
2016-08-25,30.65999984741211,31.18000030517578,30.25,30.979999542236328,29.142730712890625,57600
2016-08-26,31.010000228881836,31.299999237060547,30.709999084472656,31.040000915527344,29.199176788330078,47300
2016-08-29,31.030000686645508,31.299999237060547,30.809999465942383,31.110000610351562,29.2650203704834,25700
2016-08-30,31.1299991607666,31.440000534057617,30.850000381469727,31.15999984741211,29.312055587768555,44600
2016-08-31,31.020000457763672,31.170000076293945,30.719999313354492,30.81999969482422,28.992223739624023,58000
2016-09-01,30.770000457763672,30.799999237060547,30.43000030517578,30.700000762939453,28.879343032836914,45800
2016-09-02,30.860000610351562,31.200000762939453,30.860000610351562,31.030000686645508,29.189767837524414,66200
2016-09-06,30.90999984741211,31.030000686645508,30.389999389648438,30.549999237060547,28.738229751586914,45300
2016-09-07,30.520000457763672,30.950000762939453,30.270000457763672,30.90999984741211,29.076887130737305,45800
2016-09-08,30.719999313354492,30.950000762939453,30.549999237060547,30.75,28.926368713378906,45200
2016-09-09,30.420000076293945,30.420000076293945,29.190000534057617,29.190000534057617,27.458887100219727,54500
2016-09-12,29.1200008392334,29.81999969482422,29.100000381469727,29.81999969482422,28.05152702331543,60600
2016-09-13,29.399999618530273,29.670000076293945,28.739999771118164,28.770000457763672,27.063791275024414,62000
2016-09-14,28.860000610351562,29.31999969482422,28.459999084472656,28.489999771118164,26.80040168762207,25300
2016-09-15,28.549999237060547,29.040000915527344,28.520000457763672,29.020000457763672,27.298969268798828,41800
2016-09-16,29.0,29.6200008392334,28.530000686645508,29.549999237060547,27.797542572021484,104700
2016-09-19,29.6200008392334,30.030000686645508,29.489999771118164,29.729999542236328,27.966861724853516,41000
2016-09-20,29.90999984741211,30.399999618530273,29.860000610351562,30.290000915527344,28.493654251098633,76600
2016-09-21,30.389999389648438,30.829999923706055,30.239999771118164,30.739999771118164,28.916967391967773,61400
2016-09-22,30.600000381469727,31.670000076293945,30.600000381469727,31.639999389648438,29.76358985900879,46000
2016-09-23,31.3700008392334,31.43000030517578,28.75,30.309999465942383,28.512462615966797,60500
2016-09-26,30.170000076293945,30.579999923706055,29.90999984741211,29.90999984741211,28.136184692382812,34000
2016-09-27,29.93000030517578,31.06999969482422,29.860000610351562,31.020000457763672,29.180360794067383,44500
2016-09-28,30.959999084472656,31.450000762939453,30.850000381469727,31.440000534057617,29.661508560180664,55600
2016-09-29,31.209999084472656,31.729999542236328,31.209999084472656,31.440000534057617,29.661508560180664,50400
2016-09-30,31.700000762939453,32.41999816894531,31.040000915527344,32.27000045776367,30.44455909729004,53500
2016-10-03,32.099998474121094,32.16999816894531,31.520000457763672,32.0,30.18983268737793,79700
2016-10-04,31.940000534057617,32.16999816894531,31.329999923706055,31.989999771118164,30.180402755737305,100500
2016-10-05,32.22999954223633,32.5,31.760000228881836,32.18000030517578,30.359647750854492,72300
2016-10-06,32.040000915527344,32.040000915527344,31.389999389648438,31.729999542236328,29.935104370117188,37400
2016-10-07,31.700000762939453,31.700000762939453,30.780000686645508,30.850000381469727,29.104881286621094,67300
2016-10-10,31.1299991607666,31.6200008392334,30.600000381469727,31.40999984741211,29.633207321166992,37200
2016-10-11,31.270000457763672,31.3799991607666,30.350000381469727,30.420000076293945,28.699209213256836,47200
2016-10-12,30.440000534057617,31.84000015258789,30.260000228881836,30.84000015258789,29.0954532623291,34100
2016-10-13,30.520000457763672,30.59000015258789,30.030000686645508,30.190000534057617,28.48222541809082,38400
2016-10-14,30.520000457763672,30.639999389648438,30.020000457763672,30.06999969482422,28.36900520324707,36900
2016-10-17,30.1200008392334,30.139999389648438,29.31999969482422,29.790000915527344,28.1048526763916,37800
2016-10-18,30.170000076293945,30.170000076293945,29.489999771118164,29.5,27.831249237060547,23400
2016-10-19,29.489999771118164,30.059999465942383,29.100000381469727,29.850000381469727,28.161449432373047,28600
2016-10-20,29.700000762939453,29.829999923706055,29.15999984741211,29.65999984741211,27.982206344604492,37500
2016-10-21,29.360000610351562,29.639999389648438,29.030000686645508,29.520000457763672,27.850122451782227,20900
2016-10-24,29.780000686645508,30.040000915527344,29.389999389648438,29.530000686645508,27.859556198120117,35100
2016-10-25,29.3799991607666,29.40999984741211,28.8799991607666,29.1200008392334,27.472759246826172,35000
2016-10-26,29.020000457763672,29.600000381469727,28.989999771118164,29.3700008392334,27.70861053466797,47600
2016-10-27,29.510000228881836,29.510000228881836,29.200000762939453,29.459999084472656,27.79351806640625,24400
2016-10-28,29.459999084472656,30.540000915527344,29.1200008392334,29.299999237060547,27.64257049560547,28000
2016-10-31,29.489999771118164,29.760000228881836,29.1200008392334,29.43000030517578,27.76520538330078,62700
2016-11-01,29.510000228881836,29.600000381469727,28.959999084472656,29.200000762939453,27.54822540283203,37300
2016-11-02,29.040000915527344,29.459999084472656,28.93000030517578,29.260000228881836,27.604829788208008,40500
2016-11-03,29.3700008392334,29.6200008392334,29.020000457763672,29.06999969482422,27.425580978393555,33800
2016-11-04,29.34000015258789,30.200000762939453,28.93000030517578,29.579999923706055,27.90673065185547,48500
2016-11-07,30.299999237060547,30.700000762939453,29.3799991607666,30.600000381469727,28.869029998779297,114100
2016-11-08,30.899999618530273,34.72999954223633,30.799999237060547,33.58000183105469,31.68046760559082,358200
2016-11-09,33.56999969482422,37.060001373291016,33.52000045776367,37.0,34.90699768066406,138900
2016-11-10,37.220001220703125,39.61000061035156,36.459999084472656,39.36000061035156,37.13349914550781,145900
2016-11-11,39.119998931884766,41.040000915527344,38.81999969482422,40.650001525878906,38.350521087646484,207000
2016-11-14,40.900001525878906,40.900001525878906,39.400001525878906,39.9900016784668,37.72787094116211,177700
2016-11-15,39.75,40.04999923706055,39.33000183105469,39.7599983215332,37.5108757019043,113300
2016-11-16,39.5,39.900001525878906,39.2400016784668,39.439998626708984,37.208961486816406,96000
2016-11-17,39.61000061035156,39.619998931884766,39.040000915527344,39.54999923706055,37.312747955322266,85900
2016-11-18,39.61000061035156,39.61000061035156,39.290000915527344,39.5,37.26557159423828,79900
2016-11-21,39.689998626708984,40.40999984741211,39.45000076293945,39.54999923706055,37.312747955322266,91700
2016-11-22,39.9900016784668,39.9900016784668,39.150001525878906,39.5,37.26557159423828,109300
2016-11-23,39.5,39.84000015258789,39.439998626708984,39.599998474121094,37.35990905761719,104600
2016-11-25,39.75,40.5,39.400001525878906,40.5,38.20901870727539,39300
2016-11-28,40.2599983215332,40.5,39.72999954223633,39.83000183105469,37.5769157409668,48000
2016-11-29,39.900001525878906,39.9900016784668,39.540000915527344,39.56999969482422,37.33161926269531,79400
2016-11-30,39.97999954223633,40.04999923706055,39.5099983215332,39.7400016784668,37.492008209228516,63300
2016-12-01,39.779998779296875,40.400001525878906,39.369998931884766,39.63999938964844,37.397666931152344,73000
2016-12-02,39.59000015258789,39.86000061035156,39.0099983215332,39.04999923706055,36.841026306152344,45800
2016-12-05,39.43000030517578,39.849998474121094,39.13999938964844,39.439998626708984,37.208961486816406,63800
2016-12-06,39.45000076293945,39.97999954223633,39.20000076293945,39.7599983215332,37.5108757019043,63800
2016-12-07,39.81999969482422,40.439998626708984,39.43000030517578,40.11000061035156,37.841068267822266,103300
2016-12-08,39.83000183105469,41.38999938964844,39.83000183105469,41.13999938964844,38.81280517578125,144200
2016-12-09,41.380001068115234,41.90999984741211,40.79999923706055,41.779998779296875,39.41659927368164,93000
2016-12-12,41.56999969482422,42.0,41.02000045776367,41.63999938964844,39.284515380859375,69900
2016-12-13,41.540000915527344,41.79999923706055,40.59000015258789,41.0099983215332,38.69015121459961,59500
2016-12-14,40.79999923706055,41.650001525878906,40.43000030517578,40.470001220703125,38.18070983886719,52000
2016-12-15,40.59000015258789,41.16999816894531,39.65999984741211,40.709999084472656,38.40713119506836,74100
2016-12-16,40.7599983215332,40.900001525878906,39.970001220703125,40.08000183105469,37.81277084350586,155400
2016-12-19,40.150001525878906,40.279998779296875,39.63999938964844,40.029998779296875,37.765594482421875,58000
2016-12-20,40.470001220703125,40.599998474121094,40.02000045776367,40.459999084472656,38.17127227783203,71500
2016-12-21,40.349998474121094,40.56999969482422,39.93000030517578,40.27000045776367,37.99201965332031,46800
2016-12-22,39.91999816894531,40.310001373291016,39.72999954223633,39.810001373291016,37.558040618896484,53600
2016-12-23,39.720001220703125,39.93000030517578,39.04999923706055,39.689998626708984,37.44482421875,67200
2016-12-27,39.72999954223633,40.599998474121094,39.72999954223633,40.34000015258789,38.05806350708008,39600
2016-12-28,40.33000183105469,40.61000061035156,39.95000076293945,40.13999938964844,37.95405197143555,51500
2016-12-29,40.16999816894531,40.36000061035156,39.779998779296875,40.09000015258789,37.906776428222656,26100
2016-12-30,40.060001373291016,40.09000015258789,39.400001525878906,39.970001220703125,37.79330062866211,76500
2017-01-03,40.36000061035156,40.72999954223633,39.439998626708984,39.560001373291016,37.40565490722656,97900
2017-01-04,39.779998779296875,39.84000015258789,39.38999938964844,39.599998474121094,37.44346237182617,67600
2017-01-05,39.470001220703125,39.810001373291016,38.68000030517578,38.849998474121094,36.734310150146484,50500
2017-01-06,38.90999984741211,38.90999984741211,38.22999954223633,38.2400016784668,36.15752029418945,31500
2017-01-09,38.08000183105469,38.20000076293945,37.52000045776367,37.56999969482422,35.52401351928711,54700
2017-01-10,37.59000015258789,38.369998931884766,37.59000015258789,38.099998474121094,36.02515411376953,85400
2017-01-11,38.099998474121094,38.36000061035156,37.970001220703125,38.2400016784668,36.15752029418945,94700
2017-01-12,38.15999984741211,38.189998626708984,37.099998474121094,37.869998931884766,35.80766296386719,81300
2017-01-13,37.75,38.86000061035156,37.75,38.84000015258789,36.724849700927734,73400
2017-01-17,38.68000030517578,38.68000030517578,37.599998474121094,38.09000015258789,36.01569366455078,45900
2017-01-18,38.31999969482422,38.349998474121094,37.86000061035156,38.33000183105469,36.24262237548828,36300
2017-01-19,38.349998474121094,38.63999938964844,37.66999816894531,38.02000045776367,35.94950485229492,62800
2017-01-20,38.02000045776367,38.36000061035156,37.439998626708984,37.709999084472656,35.656375885009766,53100
2017-01-23,37.650001525878906,38.59000015258789,37.2599983215332,37.54999923706055,35.50510025024414,48700
2017-01-24,37.689998626708984,38.58000183105469,37.540000915527344,38.369998931884766,36.28043746948242,47800
2017-01-25,38.66999816894531,39.619998931884766,38.66999816894531,39.5,37.34889602661133,40800
2017-01-26,39.619998931884766,39.619998931884766,38.880001068115234,38.93000030517578,36.8099479675293,54700
2017-01-27,39.04999923706055,39.27000045776367,38.779998779296875,38.97999954223633,36.857215881347656,29000
2017-01-30,38.63999938964844,38.63999938964844,37.720001220703125,38.0099983215332,35.94005584716797,42300
2017-01-31,37.9900016784668,39.41999816894531,37.43000030517578,39.18000030517578,37.04633712768555,98100
2017-02-01,39.47999954223633,39.599998474121094,38.709999084472656,38.84000015258789,36.724849700927734,38500
2017-02-02,38.95000076293945,39.04999923706055,38.20000076293945,38.310001373291016,36.22372055053711,34300
2017-02-03,38.630001068115234,38.939998626708984,38.18000030517578,38.869998931884766,36.75321578979492,31900
2017-02-06,38.61000061035156,38.66999816894531,38.13999938964844,38.38999938964844,36.29935073852539,38700
2017-02-07,38.52000045776367,38.900001525878906,38.11000061035156,38.58000183105469,36.47901153564453,44500
2017-02-08,38.27000045776367,38.27000045776367,37.5,37.689998626708984,35.637474060058594,68500
2017-02-09,37.86000061035156,38.58000183105469,37.77000045776367,38.290000915527344,36.204803466796875,40300
2017-02-10,38.470001220703125,38.63999938964844,38.119998931884766,38.27000045776367,36.18589401245117,38500
2017-02-13,38.4900016784668,38.83000183105469,38.310001373291016,38.369998931884766,36.28043746948242,22500
2017-02-14,38.11000061035156,38.18000030517578,37.72999954223633,37.790000915527344,35.732032775878906,52800
2017-02-15,37.790000915527344,38.18000030517578,37.630001068115234,37.790000915527344,35.732032775878906,48100
2017-02-16,37.83000183105469,37.97999954223633,37.40999984741211,37.86000061035156,35.7982177734375,89500
2017-02-17,37.72999954223633,37.790000915527344,37.400001525878906,37.72999954223633,35.675289154052734,58000
2017-02-21,37.59000015258789,38.5099983215332,37.59000015258789,38.4900016784668,36.39390563964844,32500
2017-02-22,38.220001220703125,38.56999969482422,38.099998474121094,38.470001220703125,36.37499237060547,137900
2017-02-23,38.47999954223633,38.54999923706055,37.54999923706055,37.709999084472656,35.656375885009766,186100
2017-02-24,37.75,38.900001525878906,37.66999816894531,38.880001068115234,36.76266098022461,57400
2017-02-27,38.709999084472656,38.91999816894531,38.130001068115234,38.400001525878906,36.308807373046875,111800
2017-02-28,38.150001525878906,38.189998626708984,35.380001068115234,37.0,34.985050201416016,278000
2017-03-01,37.209999084472656,37.849998474121094,37.0,37.15999984741211,35.13632583618164,176400
2017-03-02,37.02000045776367,38.5,35.90999984741211,36.16999816894531,34.20023727416992,118400
2017-03-03,36.06999969482422,36.349998474121094,34.58000183105469,35.45000076293945,33.51946258544922,192800
2017-03-06,35.150001525878906,36.0099983215332,34.9900016784668,35.810001373291016,33.85986328125,113500
2017-03-07,35.56999969482422,36.119998931884766,35.15999984741211,35.33000183105469,33.40599822998047,94800
2017-03-08,35.220001220703125,35.43000030517578,34.81999969482422,35.09000015258789,33.17905807495117,87100
2017-03-09,35.06999969482422,35.689998626708984,34.83000183105469,35.380001068115234,33.45326232910156,86700
2017-03-10,35.66999816894531,36.38999938964844,35.380001068115234,36.09000015258789,34.124603271484375,154300
2017-03-13,36.099998474121094,36.33000183105469,35.939998626708984,36.18000030517578,34.22867202758789,90300
2017-03-14,36.0,36.18000030517578,35.400001525878906,35.65999984741211,33.73671340942383,60300
2017-03-15,35.86000061035156,36.849998474121094,35.77000045776367,36.65999984741211,34.68278503417969,86000
2017-03-16,36.75,37.13999938964844,36.470001220703125,36.970001220703125,34.97606658935547,103200
2017-03-17,36.91999816894531,37.43000030517578,36.77000045776367,36.779998779296875,34.796295166015625,334400
2017-03-20,36.869998931884766,36.900001525878906,36.40999984741211,36.45000076293945,34.48411178588867,80400
2017-03-21,36.7400016784668,36.7400016784668,35.77000045776367,35.939998626708984,34.001625061035156,123900
2017-03-22,35.7400016784668,35.91999816894531,35.34000015258789,35.7400016784668,33.812408447265625,115600
2017-03-23,35.689998626708984,36.220001220703125,35.689998626708984,35.93000030517578,33.99215316772461,134100
2017-03-24,36.099998474121094,36.29999923706055,35.72999954223633,35.869998931884766,33.935386657714844,86800
2017-03-27,35.380001068115234,36.02000045776367,35.08000183105469,35.79999923706055,33.86915969848633,78400
2017-03-28,35.63999938964844,36.40999984741211,35.43000030517578,36.029998779296875,34.086769104003906,140500
2017-03-29,35.810001373291016,36.11000061035156,35.58000183105469,36.0099983215332,34.15315246582031,68000
2017-03-30,35.93000030517578,36.22999954223633,35.779998779296875,35.97999954223633,34.12470245361328,60200
2017-03-31,35.93000030517578,36.439998626708984,35.77000045776367,36.11000061035156,34.24800491333008,117200
2017-04-03,36.13999938964844,36.220001220703125,34.91999816894531,35.130001068115234,33.31853103637695,97000
2017-04-04,35.2400016784668,35.36000061035156,34.81999969482422,34.95000076293945,33.14780807495117,77700
2017-04-05,35.150001525878906,35.68000030517578,34.63999938964844,35.04999923706055,33.24265670776367,92300
2017-04-06,35.04999923706055,35.689998626708984,34.95000076293945,35.68000030517578,33.840171813964844,62600
2017-04-07,35.5,36.11000061035156,35.5,35.79999923706055,33.9539794921875,75900
2017-04-10,36.099998474121094,36.310001373291016,35.70000076293945,35.84000015258789,33.99192428588867,56300
2017-04-11,35.79999923706055,36.52000045776367,35.720001220703125,36.5,34.617881774902344,66200
2017-04-12,36.310001373291016,36.310001373291016,35.54999923706055,35.83000183105469,33.98242950439453,84500
2017-04-13,35.79999923706055,35.849998474121094,34.5,34.52000045776367,32.73997116088867,204300
2017-04-17,34.560001373291016,35.060001373291016,34.20000076293945,34.459999084472656,32.683074951171875,115600
2017-04-18,34.25,34.56999969482422,34.16999816894531,34.40999984741211,32.63566207885742,206900
2017-04-19,34.599998474121094,34.900001525878906,34.29999923706055,34.34000015258789,32.56925582885742,114400
2017-04-20,34.599998474121094,35.65999984741211,34.599998474121094,35.54999923706055,33.71687316894531,229200
2017-04-21,35.41999816894531,35.9900016784668,35.25,35.75,33.90654373168945,100500
2017-04-24,36.439998626708984,36.81999969482422,35.630001068115234,36.650001525878906,34.760162353515625,46000
2017-04-25,36.95000076293945,37.81999969482422,36.61000061035156,37.45000076293945,35.51890182495117,64200
2017-04-26,37.5,38.4900016784668,37.31999969482422,38.41999816894531,36.43888854980469,119800
2017-04-27,38.400001525878906,38.810001373291016,38.31999969482422,38.790000915527344,36.7898063659668,114400
2017-04-28,38.70000076293945,38.95000076293945,38.45000076293945,38.84000015258789,36.837215423583984,140000
2017-05-01,38.9900016784668,39.08000183105469,38.36000061035156,38.91999816894531,36.9130973815918,167400
2017-05-02,38.90999984741211,39.720001220703125,38.72999954223633,39.66999816894531,37.624427795410156,189300
2017-05-03,39.349998474121094,39.90999984741211,39.349998474121094,39.790000915527344,37.73823165893555,213700
2017-05-04,39.720001220703125,39.970001220703125,39.66999816894531,39.900001525878906,37.84256362915039,142300
2017-05-05,40.0,40.400001525878906,39.75,40.150001525878906,38.079673767089844,143600
2017-05-08,39.970001220703125,40.369998931884766,39.0,39.27000045776367,37.245052337646484,116500
2017-05-09,40.5,42.7599983215332,39.689998626708984,42.5099983215332,40.31797790527344,310600
2017-05-10,42.5,42.90999984741211,41.90999984741211,42.25,40.071388244628906,162700
2017-05-11,42.0,42.66999816894531,41.61000061035156,42.40999984741211,40.2231330871582,133800
2017-05-12,42.310001373291016,42.33000183105469,41.81999969482422,42.13999938964844,39.967063903808594,122600
2017-05-15,42.150001525878906,42.380001068115234,41.7400016784668,41.79999923706055,39.64460372924805,162300
2017-05-16,41.9900016784668,42.0,41.209999084472656,41.47999954223633,39.341087341308594,105600
2017-05-17,40.880001068115234,41.459999084472656,40.4900016784668,40.650001525878906,38.55389404296875,187600
2017-05-18,40.439998626708984,40.95000076293945,40.25,40.720001220703125,38.62029266357422,146500
2017-05-19,40.709999084472656,41.66999816894531,40.470001220703125,41.22999954223633,39.103973388671875,148300
2017-05-22,41.439998626708984,42.16999816894531,41.43000030517578,42.09000015258789,39.919639587402344,109400
2017-05-23,42.349998474121094,42.72999954223633,41.84000015258789,42.61000061035156,40.41282653808594,98400
2017-05-24,42.540000915527344,43.06999969482422,42.40999984741211,42.63999938964844,40.4412727355957,115600
2017-05-25,42.849998474121094,42.97999954223633,41.5099983215332,42.369998931884766,40.18519973754883,65600
2017-05-26,42.41999816894531,42.41999816894531,41.88999938964844,42.0099983215332,39.84375,54000
2017-05-30,41.93000030517578,42.150001525878906,41.349998474121094,41.900001525878906,39.73944091796875,68300
2017-05-31,41.90999984741211,42.810001373291016,41.13999938964844,42.790000915527344,40.583553314208984,110900
2017-06-01,42.83000183105469,43.52000045776367,42.38999938964844,43.439998626708984,41.200016021728516,129200
2017-06-02,43.220001220703125,44.630001068115234,43.220001220703125,43.560001373291016,41.313838958740234,89800
2017-06-05,43.630001068115234,43.91999816894531,43.06999969482422,43.16999816894531,40.943946838378906,44100
2017-06-06,43.0099983215332,43.790000915527344,42.4900016784668,42.95000076293945,40.735286712646484,49700
2017-06-07,43.150001525878906,43.20000076293945,42.15999984741211,42.33000183105469,40.14725875854492,65100
2017-06-08,42.33000183105469,43.5099983215332,42.02000045776367,43.38999938964844,41.15260314941406,62300
2017-06-09,43.43000030517578,44.630001068115234,43.15999984741211,44.529998779296875,42.23381805419922,128500
2017-06-12,44.40999984741211,44.81999969482422,43.59000015258789,43.88999938964844,41.6268196105957,54900
2017-06-13,43.9900016784668,44.2400016784668,43.63999938964844,43.97999954223633,41.712181091308594,55400
2017-06-14,43.90999984741211,43.95000076293945,42.52000045776367,43.61000061035156,41.36125564575195,53400
2017-06-15,43.209999084472656,43.95000076293945,42.27000045776367,43.189998626708984,40.96292495727539,63300
2017-06-16,42.880001068115234,43.349998474121094,42.720001220703125,43.25,41.019832611083984,158100
2017-06-19,43.36000061035156,43.779998779296875,42.97999954223633,43.209999084472656,40.981895446777344,44600
2017-06-20,43.130001068115234,43.130001068115234,42.11000061035156,42.31999969482422,40.13777160644531,63200
2017-06-21,42.43000030517578,42.5,40.81999969482422,41.130001068115234,39.00913619995117,84100
2017-06-22,41.20000076293945,42.54999923706055,41.08000183105469,41.790000915527344,39.63510513305664,101200
2017-06-23,41.720001220703125,42.5,41.290000915527344,42.2400016784668,40.0619010925293,178800
2017-06-26,42.2599983215332,42.540000915527344,41.90999984741211,42.349998474121094,40.166229248046875,69000
2017-06-27,42.45000076293945,43.36000061035156,42.16999816894531,42.59000015258789,40.39385223388672,105800
2017-06-28,42.689998626708984,43.75,42.56999969482422,42.7400016784668,40.62195587158203,151900
2017-06-29,42.709999084472656,42.75,41.5099983215332,42.04999923706055,39.96615219116211,61100
2017-06-30,42.060001373291016,43.5099983215332,42.0,42.66999816894531,40.55543518066406,134000
2017-07-03,42.810001373291016,42.810001373291016,42.220001220703125,42.529998779296875,40.422359466552734,43900
2017-07-05,42.279998779296875,42.7400016784668,41.61000061035156,41.970001220703125,39.89011764526367,60800
2017-07-06,41.79999923706055,42.15999984741211,41.189998626708984,41.369998931884766,39.31985855102539,62300
2017-07-07,41.54999923706055,42.130001068115234,41.38999938964844,41.86000061035156,39.78556823730469,90900
2017-07-10,41.630001068115234,42.09000015258789,41.08000183105469,41.66999816894531,39.60498809814453,65000
2017-07-11,41.79999923706055,42.2400016784668,41.41999816894531,41.83000183105469,39.75705337524414,58300
2017-07-12,42.16999816894531,42.689998626708984,41.630001068115234,41.95000076293945,39.87111282348633,90700
2017-07-13,41.939998626708984,42.18000030517578,41.25,41.9900016784668,39.90913772583008,82600
2017-07-14,41.91999816894531,42.15999984741211,41.689998626708984,41.720001220703125,39.65251159667969,125800
2017-07-17,41.72999954223633,42.2400016784668,40.86000061035156,41.970001220703125,39.89011764526367,96700
2017-07-18,41.7599983215332,42.189998626708984,41.66999816894531,41.779998779296875,39.709529876708984,76400
2017-07-19,41.88999938964844,42.380001068115234,41.560001373291016,42.11000061035156,40.02318572998047,135900
2017-07-20,42.099998474121094,42.130001068115234,41.43000030517578,41.689998626708984,39.623992919921875,38900
2017-07-21,41.86000061035156,41.95000076293945,41.369998931884766,41.66999816894531,39.60498809814453,93500
2017-07-24,41.68000030517578,41.81999969482422,41.31999969482422,41.45000076293945,39.395877838134766,58700
2017-07-25,41.68000030517578,42.83000183105469,41.630001068115234,42.7599983215332,40.64097213745117,141200
2017-07-26,42.75,42.75,41.79999923706055,41.939998626708984,39.86161422729492,104400
2017-07-27,42.22999954223633,42.22999954223633,41.63999938964844,41.83000183105469,39.75705337524414,75200
2017-07-28,41.81999969482422,41.86000061035156,41.13999938964844,41.4900016784668,39.43390655517578,37600
2017-07-31,41.4900016784668,41.79999923706055,41.189998626708984,41.36000061035156,39.31034851074219,38100
2017-08-01,41.41999816894531,41.45000076293945,40.91999816894531,41.369998931884766,39.31985855102539,30300
2017-08-02,41.279998779296875,41.880001068115234,40.97999954223633,41.38999938964844,39.3388557434082,79900
2017-08-03,41.54999923706055,41.970001220703125,41.310001373291016,41.880001068115234,39.80458450317383,87200
2017-08-04,41.880001068115234,41.9900016784668,41.400001525878906,41.66999816894531,39.60498809814453,103900
2017-08-07,41.68000030517578,43.470001220703125,41.68000030517578,43.33000183105469,41.18272399902344,167300
2017-08-08,44.20000076293945,48.439998626708984,44.20000076293945,47.47999954223633,45.12706756591797,515700
2017-08-09,47.880001068115234,47.97999954223633,46.720001220703125,47.09000015258789,44.75638961791992,294600
2017-08-10,46.9900016784668,48.04999923706055,46.970001220703125,47.689998626708984,45.32666015625,220600
2017-08-11,47.81999969482422,47.81999969482422,46.31999969482422,46.790000915527344,44.47126007080078,133400
2017-08-14,47.099998474121094,47.099998474121094,46.65999984741211,47.0,44.67084503173828,104600
2017-08-15,46.97999954223633,47.04999923706055,46.70000076293945,46.86000061035156,44.53778839111328,91200
2017-08-16,47.04999923706055,47.04999923706055,46.58000183105469,46.720001220703125,44.40473556518555,90200
2017-08-17,46.650001525878906,46.810001373291016,46.0,46.119998931884766,43.83445739746094,67700
2017-08-18,45.70000076293945,46.540000915527344,45.15999984741211,46.31999969482422,44.02455139160156,110300
2017-08-21,46.36000061035156,46.5,46.040000915527344,46.400001525878906,44.10057830810547,43000
2017-08-22,46.59000015258789,47.029998779296875,46.36000061035156,46.41999816894531,44.11960220336914,102900
2017-08-23,46.130001068115234,46.400001525878906,45.9900016784668,46.0099983215332,43.72991943359375,84700
2017-08-24,46.13999938964844,46.209999084472656,45.7599983215332,46.0,43.72041320800781,166700
2017-08-25,46.0,46.9900016784668,45.290000915527344,46.810001373291016,44.490264892578125,81800
2017-08-28,46.529998779296875,47.36000061035156,46.47999954223633,47.310001373291016,44.965492248535156,65000
2017-08-29,47.11000061035156,47.86000061035156,46.83000183105469,47.75,45.383670806884766,104200
2017-08-30,47.79999923706055,48.0,47.36000061035156,47.47999954223633,45.12706756591797,61300
2017-08-31,47.72999954223633,48.06999969482422,47.689998626708984,47.90999984741211,45.5357551574707,51400
2017-09-01,47.9900016784668,48.0,47.650001525878906,47.9900016784668,45.61178970336914,41900
2017-09-05,47.86000061035156,48.08000183105469,47.54999923706055,47.88999938964844,45.516746520996094,77700
2017-09-06,47.88999938964844,51.04999923706055,47.310001373291016,50.66999816894531,48.15898895263672,345900
2017-09-07,50.939998626708984,51.16999816894531,49.58000183105469,49.630001068115234,47.1705207824707,281800
2017-09-08,49.63999938964844,50.689998626708984,49.279998779296875,49.459999084472656,47.00893783569336,348100
2017-09-11,49.52000045776367,50.529998779296875,49.2599983215332,50.38999938964844,47.89284896850586,105600
2017-09-12,50.45000076293945,51.02000045776367,50.130001068115234,50.54999923706055,48.04492950439453,78700
2017-09-13,50.4900016784668,51.18000030517578,50.38999938964844,50.9900016784668,48.46311950683594,126700
2017-09-14,50.900001525878906,51.380001068115234,50.4900016784668,51.040000915527344,48.510650634765625,125500
2017-09-15,51.119998931884766,51.279998779296875,50.02000045776367,51.08000183105469,48.548667907714844,163700
2017-09-18,51.189998626708984,51.7400016784668,50.939998626708984,51.650001525878906,49.09040832519531,51500
2017-09-19,51.619998931884766,52.11000061035156,51.380001068115234,52.11000061035156,49.527618408203125,72300
2017-09-20,52.119998931884766,52.880001068115234,52.11000061035156,52.45000076293945,49.85078048706055,108600
2017-09-21,52.18000030517578,52.810001373291016,52.18000030517578,52.689998626708984,50.07887649536133,93900
2017-09-22,52.66999816894531,53.09000015258789,52.279998779296875,52.83000183105469,50.21193313598633,93200
2017-09-25,52.79999923706055,53.47999954223633,52.79999923706055,53.2400016784668,50.601619720458984,66200
2017-09-26,53.34000015258789,53.79999923706055,53.25,53.36000061035156,50.715667724609375,60300
2017-09-27,53.59000015258789,54.349998474121094,53.16999816894531,54.060001373291016,51.380977630615234,133900
2017-09-28,54.060001373291016,54.529998779296875,53.75,54.11000061035156,51.42851257324219,63600
2017-09-29,54.459999084472656,54.540000915527344,53.75,54.0,51.323951721191406,72400
2017-10-02,54.04999923706055,54.810001373291016,53.95000076293945,54.79999923706055,52.08430862426758,79200
2017-10-03,54.939998626708984,55.54999923706055,53.380001068115234,55.529998779296875,52.778133392333984,84300
2017-10-04,55.54999923706055,56.09000015258789,55.040000915527344,55.59000015258789,52.92093276977539,90600
2017-10-05,55.75,56.18000030517578,55.66999816894531,55.90999984741211,53.22557067871094,68100
2017-10-06,55.849998474121094,56.619998931884766,55.849998474121094,56.20000076293945,53.50164031982422,149700
2017-10-09,56.20000076293945,57.43000030517578,56.20000076293945,57.33000183105469,54.577388763427734,124100
2017-10-10,57.72999954223633,57.72999954223633,56.16999816894531,56.470001220703125,53.75868606567383,123800
2017-10-11,56.470001220703125,57.06999969482422,56.470001220703125,56.91999816894531,54.18707275390625,72700
2017-10-12,56.7599983215332,57.130001068115234,56.540000915527344,57.130001068115234,54.38698959350586,48300
2017-10-13,51.91999816894531,57.150001525878906,51.65999984741211,55.130001068115234,52.48302459716797,272900
2017-10-16,55.119998931884766,55.38999938964844,53.5,54.95000076293945,52.3116569519043,148800
2017-10-17,54.83000183105469,55.290000915527344,53.91999816894531,54.380001068115234,51.769039154052734,81600
2017-10-18,54.38999938964844,54.880001068115234,53.779998779296875,54.369998931884766,51.75950622558594,79200
2017-10-19,54.380001068115234,54.70000076293945,53.86000061035156,54.41999816894531,51.807098388671875,56600
2017-10-20,54.81999969482422,55.619998931884766,54.18000030517578,55.61000061035156,52.939979553222656,100500
2017-10-23,55.63999938964844,55.880001068115234,55.029998779296875,55.54999923706055,52.88285446166992,65400
2017-10-24,55.68000030517578,56.7599983215332,55.540000915527344,56.31999969482422,53.61587905883789,76600
2017-10-25,56.29999923706055,56.77000045776367,55.5099983215332,56.2599983215332,53.55876922607422,51800
2017-10-26,56.540000915527344,57.09000015258789,56.08000183105469,56.43000030517578,53.7205924987793,87500
2017-10-27,56.47999954223633,57.209999084472656,56.09000015258789,56.63999938964844,53.9205207824707,77800
2017-10-30,56.70000076293945,56.70000076293945,55.93000030517578,56.380001068115234,53.67301559448242,85400
2017-10-31,56.650001525878906,57.790000915527344,56.650001525878906,57.529998779296875,54.767791748046875,110600
2017-11-01,57.84000015258789,57.90999984741211,56.810001373291016,57.529998779296875,54.767791748046875,83400
2017-11-02,57.52000045776367,58.939998626708984,57.040000915527344,58.77000045776367,55.94825744628906,87000
2017-11-03,59.08000183105469,59.209999084472656,58.66999816894531,59.130001068115234,56.29096984863281,61100
2017-11-06,59.15999984741211,59.970001220703125,58.619998931884766,59.849998474121094,56.97640609741211,93300
2017-11-07,59.5,59.75,55.38999938964844,57.9900016784668,55.2056999206543,351900
2017-11-08,57.650001525878906,58.59000015258789,57.209999084472656,58.540000915527344,55.72929763793945,99200
2017-11-09,58.54999923706055,58.54999923706055,56.9900016784668,57.81999969482422,55.04385757446289,133800
2017-11-10,57.81999969482422,59.349998474121094,57.189998626708984,58.95000076293945,56.11961364746094,96900
2017-11-13,59.040000915527344,59.34000015258789,58.209999084472656,58.40999984741211,55.60553741455078,66500
2017-11-14,58.25,59.900001525878906,58.25,58.689998626708984,55.8720817565918,114200
2017-11-15,58.27000045776367,58.619998931884766,57.709999084472656,57.93000030517578,55.14857482910156,86900
2017-11-16,58.310001373291016,59.459999084472656,57.900001525878906,59.279998779296875,56.43376159667969,63700
2017-11-17,59.0099983215332,59.47999954223633,58.29999923706055,58.61000061035156,55.795936584472656,66400
2017-11-20,58.790000915527344,60.06999969482422,58.790000915527344,60.0099983215332,57.128719329833984,107600
2017-11-21,60.0099983215332,61.5,59.27000045776367,61.43000030517578,58.48054504394531,128000
2017-11-22,61.47999954223633,63.630001068115234,61.06999969482422,61.13999938964844,58.204471588134766,106200
2017-11-24,61.459999084472656,62.43000030517578,59.959999084472656,60.41999816894531,57.51902389526367,51000
2017-11-27,60.43000030517578,61.310001373291016,60.11000061035156,60.439998626708984,57.53807067871094,70600
2017-11-28,60.54999923706055,61.75,60.439998626708984,61.2400016784668,58.29966354370117,92300
2017-11-29,61.29999923706055,61.380001068115234,59.880001068115234,60.470001220703125,57.566619873046875,111500
2017-11-30,60.91999816894531,61.380001068115234,60.220001220703125,60.65999984741211,57.74751281738281,110200
2017-12-01,60.58000183105469,60.61000061035156,58.34000015258789,59.84000015258789,56.96687698364258,104000
2017-12-04,60.439998626708984,61.2599983215332,59.0099983215332,59.130001068115234,56.29096984863281,80900
2017-12-05,59.2400016784668,59.540000915527344,58.02000045776367,58.290000915527344,55.491302490234375,82600
2017-12-06,58.040000915527344,58.56999969482422,57.849998474121094,58.119998931884766,55.3294563293457,80300
2017-12-07,58.11000061035156,58.81999969482422,57.83000183105469,58.02000045776367,55.23426818847656,97000
2017-12-08,58.16999816894531,58.81999969482422,56.959999084472656,57.20000076293945,54.45363235473633,116200
2017-12-11,57.290000915527344,57.459999084472656,56.38999938964844,56.75,54.02524185180664,79900
2017-12-12,56.7599983215332,57.099998474121094,55.529998779296875,56.29999923706055,53.59684753417969,84700
2017-12-13,56.43000030517578,57.43000030517578,56.43000030517578,57.0099983215332,54.27275085449219,86600
2017-12-14,57.0099983215332,57.70000076293945,56.40999984741211,56.540000915527344,53.8253173828125,102800
2017-12-15,56.650001525878906,59.150001525878906,56.650001525878906,58.689998626708984,55.8720817565918,249300
2017-12-18,59.08000183105469,61.0099983215332,58.2400016784668,60.54999923706055,57.642784118652344,101100
2017-12-19,60.650001525878906,60.650001525878906,59.900001525878906,60.29999923706055,57.40480041503906,118200
2017-12-20,60.45000076293945,61.369998931884766,60.11000061035156,61.13999938964844,58.204471588134766,73200
2017-12-21,61.34000015258789,62.869998931884766,61.130001068115234,62.7400016784668,59.72765350341797,117700
2017-12-22,62.66999816894531,64.1500015258789,62.5099983215332,64.05000305175781,60.97475051879883,147500
2017-12-26,64.41000366210938,64.5,63.189998626708984,63.95000076293945,60.879539489746094,101000
2017-12-27,64.1500015258789,64.33000183105469,62.83000183105469,64.23999786376953,61.15561294555664,126000
2017-12-28,64.83999633789062,65.12000274658203,64.06999969482422,65.08999633789062,61.96480178833008,134300
2017-12-29,65.13999938964844,65.16000366210938,64.5199966430664,64.69000244140625,61.58403015136719,112400
2018-01-02,64.80000305175781,65.27999877929688,64.33000183105469,65.27999877929688,62.145694732666016,130100
2018-01-03,65.04000091552734,65.52999877929688,64.58000183105469,64.8499984741211,61.73633575439453,215400
2018-01-04,65.0,65.11000061035156,64.16000366210938,64.52999877929688,61.5170783996582,121000
2018-01-05,64.8499984741211,65.16000366210938,64.01000213623047,64.22000122070312,61.22154998779297,83900
2018-01-08,66.66000366210938,68.11000061035156,65.5999984741211,67.56999969482422,64.41513061523438,217700
2018-01-09,67.5999984741211,68.04000091552734,66.6500015258789,66.75,63.63340759277344,145800
2018-01-10,66.30000305175781,66.95999908447266,65.61000061035156,65.97000122070312,62.88984680175781,102500
2018-01-11,65.55999755859375,67.31999969482422,65.55999755859375,67.23999786376953,64.10052490234375,98500
2018-01-12,67.69000244140625,68.47000122070312,67.11000061035156,67.58999633789062,64.43421173095703,66600
2018-01-16,68.0,69.83999633789062,67.5,67.75,64.58672332763672,85500
2018-01-17,68.20999908447266,68.25,67.30999755859375,67.61000061035156,64.45326232910156,93000
2018-01-18,67.6500015258789,68.0,67.0,67.33999633789062,64.19585418701172,84200
2018-01-19,67.2699966430664,69.04000091552734,66.44000244140625,68.79000091552734,65.57816314697266,119800
2018-01-22,68.94000244140625,68.94000244140625,67.30999755859375,68.66999816894531,65.46377563476562,104400
2018-01-23,68.4000015258789,69.20999908447266,67.58999633789062,68.30000305175781,65.1110610961914,107000
2018-01-24,68.6500015258789,69.19999694824219,67.27999877929688,67.8499984741211,64.68204498291016,98100
2018-01-25,68.01000213623047,70.30999755859375,67.0,70.26000213623047,66.97950744628906,220700
2018-01-26,70.76000213623047,70.83000183105469,69.0999984741211,69.80999755859375,66.5505599975586,82300
2018-01-29,69.6500015258789,70.05999755859375,69.0999984741211,69.19000244140625,65.95951080322266,45800
2018-01-30,66.9000015258789,66.9000015258789,61.54999923706055,62.70000076293945,59.772518157958984,303600
2018-01-31,63.33000183105469,64.75,62.040000915527344,62.08000183105469,59.181453704833984,148300
2018-02-01,61.7400016784668,62.38999938964844,57.869998931884766,59.099998474121094,56.34058380126953,378800
2018-02-02,56.349998474121094,57.09000015258789,54.56999969482422,56.5,53.861995697021484,3161100
2018-02-05,56.810001373291016,57.29999923706055,54.790000915527344,54.79999923706055,52.241371154785156,503700
2018-02-06,53.369998931884766,55.77000045776367,52.06999969482422,54.83000183105469,52.26997375488281,436800
2018-02-07,54.70000076293945,55.20000076293945,53.93000030517578,54.689998626708984,52.136505126953125,293300
2018-02-08,54.63999938964844,54.63999938964844,52.59000015258789,52.59000015258789,50.134552001953125,414200
2018-02-09,53.119998931884766,53.91999816894531,50.689998626708984,52.939998626708984,50.468204498291016,478700
2018-02-12,53.099998474121094,55.29999923706055,52.40999984741211,54.470001220703125,51.92677307128906,270000
2018-02-13,56.040000915527344,56.41999816894531,54.79999923706055,55.220001220703125,52.64175033569336,348400
2018-02-14,54.88999938964844,56.22999954223633,53.400001525878906,55.93000030517578,53.31859588623047,225200
2018-02-15,56.45000076293945,56.86000061035156,55.65999984741211,56.220001220703125,53.595062255859375,347400
2018-02-16,56.15999984741211,56.599998474121094,55.310001373291016,55.47999954223633,52.889625549316406,190700
2018-02-20,54.25,56.900001525878906,53.959999084472656,54.13999938964844,51.612186431884766,313600
2018-02-21,54.13999938964844,56.119998931884766,54.13999938964844,55.65999984741211,53.06121063232422,553500
2018-02-22,55.66999816894531,57.459999084472656,55.66999816894531,56.54999923706055,53.90966033935547,317300
2018-02-23,57.38999938964844,58.38999938964844,56.36000061035156,56.65999984741211,54.01451873779297,470100
2018-02-26,56.77000045776367,58.2599983215332,55.7400016784668,57.619998931884766,54.92970657348633,344900
2018-02-27,57.0,57.099998474121094,53.34000015258789,53.75,51.24039077758789,626400
2018-02-28,53.47999954223633,53.72999954223633,50.15999984741211,51.91999816894531,49.495826721191406,628800
2018-03-01,52.150001525878906,53.16999816894531,51.369998931884766,52.560001373291016,50.105953216552734,388500
2018-03-02,52.13999938964844,53.22999954223633,51.029998779296875,53.029998779296875,50.55400848388672,235400
2018-03-05,52.61000061035156,53.11000061035156,51.59000015258789,52.849998474121094,50.38241195678711,181400
2018-03-06,52.88999938964844,54.13999938964844,52.369998931884766,53.810001373291016,51.297584533691406,204100
2018-03-07,53.439998626708984,54.529998779296875,52.529998779296875,54.2599983215332,51.726585388183594,140200
2018-03-08,54.63999938964844,55.06999969482422,54.060001373291016,54.849998474121094,52.28904724121094,116000
2018-03-09,55.22999954223633,56.880001068115234,54.720001220703125,56.290000915527344,53.66180419921875,165700
2018-03-12,56.20000076293945,56.47999954223633,54.810001373291016,55.04999923706055,52.47969436645508,129800
2018-03-13,56.20000076293945,56.47999954223633,54.619998931884766,54.88999938964844,52.327171325683594,101100
2018-03-14,55.25,55.400001525878906,54.380001068115234,54.7400016784668,52.18417739868164,101700
2018-03-15,54.939998626708984,55.15999984741211,54.369998931884766,54.72999954223633,52.17463302612305,122500
2018-03-16,54.72999954223633,55.7400016784668,54.290000915527344,55.45000076293945,52.86101531982422,534200
2018-03-19,55.380001068115234,55.380001068115234,54.2400016784668,54.90999984741211,52.34623718261719,148900
2018-03-20,54.93000030517578,55.91999816894531,54.04999923706055,55.81999969482422,53.213741302490234,112500
2018-03-21,55.70000076293945,56.099998474121094,54.810001373291016,55.880001068115234,53.27094268798828,199900
2018-03-22,55.2599983215332,55.779998779296875,54.06999969482422,54.08000183105469,51.554988861083984,119700
2018-03-23,54.9900016784668,55.029998779296875,53.61000061035156,53.61000061035156,51.10693359375,193700
2018-03-26,54.560001373291016,54.619998931884766,53.459999084472656,54.5,51.95537185668945,180200
2018-03-27,54.66999816894531,54.93000030517578,53.88999938964844,54.029998779296875,51.50732421875,146700
2018-03-28,54.220001220703125,54.41999816894531,53.099998474121094,53.36000061035156,50.86859893798828,145300
2018-03-29,53.7400016784668,55.869998931884766,53.439998626708984,53.560001373291016,51.05927276611328,180000
2018-04-02,53.38999938964844,53.540000915527344,50.900001525878906,51.41999816894531,49.01917266845703,157300
2018-04-03,51.880001068115234,52.34000015258789,51.02000045776367,52.27000045776367,49.829490661621094,118500
2018-04-04,51.34000015258789,52.540000915527344,50.56999969482422,52.400001525878906,50.03957748413086,141500
2018-04-05,52.65999984741211,53.15999984741211,51.959999084472656,52.75,50.37382507324219,97500
2018-04-06,52.58000183105469,53.29999923706055,49.540000915527344,50.400001525878906,48.129676818847656,191000
2018-04-09,50.7400016784668,51.439998626708984,50.560001373291016,50.61000061035156,48.33021545410156,108500
2018-04-10,51.45000076293945,53.29999923706055,51.029998779296875,52.75,50.37382507324219,197900
2018-04-11,52.650001525878906,53.209999084472656,51.75,52.369998931884766,50.010929107666016,122600
2018-04-12,52.63999938964844,53.38999938964844,52.31999969482422,53.130001068115234,50.7367057800293,84500
2018-04-13,53.5,53.599998474121094,52.72999954223633,53.40999984741211,51.004085540771484,77900
2018-04-16,53.880001068115234,54.650001525878906,53.11000061035156,54.0,51.5675048828125,99200
2018-04-17,54.29999923706055,54.79999923706055,51.810001373291016,54.59000015258789,52.130943298339844,80700
2018-04-18,54.7599983215332,54.970001220703125,54.189998626708984,54.27000045776367,51.825347900390625,94900
2018-04-19,54.099998474121094,54.79999923706055,51.959999084472656,54.220001220703125,51.7775993347168,51500
2018-04-20,54.0099983215332,54.619998931884766,53.75,54.06999969482422,51.634361267089844,56700
2018-04-23,54.209999084472656,54.540000915527344,53.08000183105469,53.470001220703125,51.0613899230957,61100
2018-04-24,53.68000030517578,54.13999938964844,50.959999084472656,51.790000915527344,49.45705795288086,82700
2018-04-25,51.869998931884766,51.869998931884766,50.959999084472656,51.470001220703125,49.1514778137207,89400
2018-04-26,51.65999984741211,51.65999984741211,50.33000183105469,50.41999816894531,48.14877700805664,84000
2018-04-27,50.43000030517578,50.65999984741211,49.34000015258789,49.36000061035156,47.13652801513672,138400
2018-04-30,49.529998779296875,49.91999816894531,48.27000045776367,48.56999969482422,46.38210678100586,129000
2018-05-01,48.47999954223633,48.70000076293945,47.43000030517578,48.400001525878906,46.21976852416992,182500
2018-05-02,48.36000061035156,49.16999816894531,48.310001373291016,48.43000030517578,46.2484130859375,97600
2018-05-03,48.150001525878906,49.22999954223633,47.16999816894531,48.099998474121094,45.93327331542969,88900
2018-05-04,47.810001373291016,49.34000015258789,45.790000915527344,49.099998474121094,46.88823699951172,118100
2018-05-07,49.27000045776367,50.61000061035156,49.06999969482422,50.54999923706055,48.27291488647461,197900
2018-05-08,50.0,52.5099983215332,48.66999816894531,49.0,46.7927360534668,606400
2018-05-09,48.9900016784668,49.86000061035156,45.439998626708984,45.959999084472656,43.889678955078125,280500
2018-05-10,46.220001220703125,49.220001220703125,46.220001220703125,47.34000015258789,45.20751953125,146000
2018-05-11,47.45000076293945,48.900001525878906,45.560001373291016,48.689998626708984,46.49671173095703,118400
2018-05-14,48.689998626708984,48.86000061035156,48.040000915527344,48.31999969482422,46.14336395263672,130300
2018-05-15,48.060001373291016,48.709999084472656,47.630001068115234,48.470001220703125,46.28661346435547,144200
2018-05-16,48.75,49.22999954223633,48.27000045776367,48.959999084472656,46.75454330444336,122200
2018-05-17,48.81999969482422,49.54999923706055,47.5,49.310001373291016,47.088775634765625,101500
2018-05-18,49.529998779296875,50.279998779296875,49.33000183105469,50.0,47.7476921081543,103600
2018-05-21,50.16999816894531,51.34000015258789,50.13999938964844,50.83000183105469,48.54030227661133,97500
2018-05-22,50.84000015258789,51.34000015258789,50.52000045776367,50.810001373291016,48.52122116088867,134300
2018-05-23,50.630001068115234,50.93000030517578,48.38999938964844,50.86000061035156,48.56895446777344,167900
2018-05-24,50.630001068115234,51.220001220703125,50.04999923706055,51.0,48.70265197753906,140200
2018-05-25,50.70000076293945,50.93000030517578,50.09000015258789,50.5,48.22517013549805,170600
2018-05-29,50.119998931884766,50.5099983215332,49.91999816894531,50.27000045776367,48.00552749633789,127500
2018-05-30,50.29999923706055,51.189998626708984,49.9900016784668,50.79999923706055,48.511653900146484,141700
2018-05-31,50.75,50.75,49.599998474121094,49.7599983215332,47.51849365234375,211400
2018-06-01,49.970001220703125,50.869998931884766,49.86000061035156,50.400001525878906,48.129676818847656,148200
2018-06-04,50.650001525878906,50.880001068115234,49.90999984741211,50.369998931884766,48.10102844238281,97200
2018-06-05,50.150001525878906,50.720001220703125,50.150001525878906,50.58000183105469,48.30156707763672,147600
2018-06-06,50.7599983215332,51.36000061035156,50.29999923706055,51.29999923706055,48.98912811279297,123300
2018-06-07,51.43000030517578,51.88999938964844,50.970001220703125,51.81999969482422,49.4857177734375,131900
2018-06-08,51.810001373291016,52.31999969482422,51.560001373291016,52.02000045776367,49.67669677734375,96700
2018-06-11,51.61000061035156,51.959999084472656,51.33000183105469,51.77000045776367,49.437965393066406,239400
2018-06-12,51.75,51.880001068115234,51.04999923706055,51.83000183105469,49.49525451660156,148400
2018-06-13,51.959999084472656,51.959999084472656,51.220001220703125,51.709999084472656,49.38066482543945,148300
2018-06-14,51.70000076293945,52.27000045776367,50.849998474121094,51.349998474121094,49.03688049316406,167200
2018-06-15,51.119998931884766,51.29999923706055,49.849998474121094,50.70000076293945,48.41615676879883,280500
2018-06-18,50.220001220703125,50.29999923706055,48.939998626708984,49.18000030517578,46.964630126953125,146200
2018-06-19,48.77000045776367,48.900001525878906,47.189998626708984,47.959999084472656,45.79959487915039,134600
2018-06-20,48.11000061035156,49.20000076293945,47.709999084472656,49.119998931884766,46.90732955932617,116800
2018-06-21,49.130001068115234,49.130001068115234,48.560001373291016,48.790000915527344,46.59218978881836,176700
2018-06-22,49.0099983215332,50.0099983215332,47.91999816894531,49.849998474121094,47.60444641113281,398600
2018-06-25,49.47999954223633,49.5,47.779998779296875,48.290000915527344,46.114715576171875,106500
2018-06-26,48.349998474121094,49.02000045776367,48.349998474121094,48.95000076293945,46.74498748779297,91100
2018-06-27,48.959999084472656,49.5,48.560001373291016,48.560001373291016,46.372562408447266,99000
2018-06-28,48.599998474121094,49.02000045776367,48.119998931884766,48.63999938964844,46.448951721191406,88100
2018-06-29,48.81999969482422,49.209999084472656,48.18000030517578,48.189998626708984,46.01923370361328,105600
2018-07-02,47.95000076293945,48.52000045776367,47.7400016784668,48.5,46.31525802612305,54400
2018-07-03,48.65999984741211,48.9900016784668,48.310001373291016,48.4900016784668,46.39181900024414,42700
2018-07-05,48.75,50.16999816894531,48.29999923706055,50.150001525878906,47.979976654052734,125800
2018-07-06,49.9900016784668,50.619998931884766,49.90999984741211,50.56999969482422,48.38180160522461,63600
2018-07-09,50.68000030517578,52.04999923706055,50.68000030517578,51.95000076293945,49.702083587646484,162300
2018-07-10,52.0,52.369998931884766,50.959999084472656,51.220001220703125,49.0036735534668,69600
2018-07-11,50.880001068115234,50.880001068115234,49.70000076293945,49.7599983215332,47.606834411621094,74500
2018-07-12,49.0,50.61000061035156,49.0,49.880001068115234,47.72166442871094,95000
2018-07-13,49.630001068115234,50.4900016784668,49.630001068115234,50.220001220703125,48.04693603515625,70600
2018-07-16,50.040000915527344,50.189998626708984,49.279998779296875,49.34000015258789,47.205013275146484,86700
2018-07-17,49.150001525878906,49.66999816894531,49.060001373291016,49.369998931884766,47.23371887207031,107600
2018-07-18,49.08000183105469,49.65999984741211,48.70000076293945,49.529998779296875,47.38679122924805,108500
2018-07-19,49.369998931884766,49.810001373291016,49.13999938964844,49.72999954223633,47.578155517578125,166200
2018-07-20,49.61000061035156,50.119998931884766,49.459999084472656,50.08000183105469,47.91299819946289,88700
2018-07-23,50.06999969482422,50.41999816894531,49.52000045776367,50.25,48.07564163208008,96400
2018-07-24,50.470001220703125,51.02000045776367,49.7400016784668,49.869998931884766,47.71208190917969,80200
2018-07-25,49.72999954223633,50.16999816894531,49.040000915527344,49.900001525878906,47.740787506103516,59100
2018-07-26,49.88999938964844,50.79999923706055,49.849998474121094,50.59000015258789,48.40092468261719,110700
2018-07-27,50.689998626708984,50.689998626708984,49.52000045776367,49.84000015258789,47.68339538574219,65300
2018-07-30,49.83000183105469,50.439998626708984,49.459999084472656,49.810001373291016,47.654693603515625,60000
2018-07-31,50.06999969482422,52.09000015258789,50.06999969482422,52.060001373291016,49.80732727050781,95100
2018-08-01,52.060001373291016,52.369998931884766,51.529998779296875,51.619998931884766,49.386356353759766,99200
2018-08-02,51.33000183105469,52.31999969482422,51.29999923706055,51.93000030517578,49.68294906616211,61400
2018-08-03,52.0099983215332,52.29999923706055,51.119998931884766,51.27000045776367,49.051513671875,53500
2018-08-06,51.2599983215332,53.02000045776367,50.7400016784668,53.02000045776367,50.72577667236328,141800
2018-08-07,48.0,52.310001373291016,48.0,49.09000015258789,46.96583938598633,416000
2018-08-08,48.83000183105469,48.849998474121094,47.27000045776367,47.63999938964844,45.578582763671875,301200
2018-08-09,47.599998474121094,48.290000915527344,47.0,47.349998474121094,45.30112838745117,147800
2018-08-10,47.029998779296875,47.849998474121094,46.540000915527344,47.16999816894531,45.12891387939453,122800
2018-08-13,47.2599983215332,47.54999923706055,46.34000015258789,46.599998474121094,44.583580017089844,78500
2018-08-14,46.72999954223633,47.40999984741211,46.619998931884766,47.33000183105469,45.2819938659668,78000
2018-08-15,47.150001525878906,47.150001525878906,45.459999084472656,45.810001373291016,43.827762603759766,77000
2018-08-16,45.77000045776367,46.88999938964844,45.77000045776367,46.619998931884766,44.60272216796875,54800
2018-08-17,46.560001373291016,47.650001525878906,46.560001373291016,47.619998931884766,45.55944061279297,58700
2018-08-20,47.77000045776367,48.310001373291016,47.599998474121094,47.97999954223633,45.903865814208984,69900
2018-08-21,48.060001373291016,48.9900016784668,47.9900016784668,48.939998626708984,46.822322845458984,82300
2018-08-22,48.93000030517578,49.34000015258789,48.33000183105469,48.599998474121094,46.49703598022461,78700
2018-08-23,48.59000015258789,49.310001373291016,48.06999969482422,48.5,46.4013671875,68700
2018-08-24,48.52000045776367,49.220001220703125,48.52000045776367,48.91999816894531,46.80319595336914,83800
2018-08-27,48.970001220703125,49.56999969482422,48.75,49.2599983215332,47.128475189208984,110500
2018-08-28,49.470001220703125,49.86000061035156,49.29999923706055,49.380001068115234,47.243289947509766,95500
2018-08-29,49.380001068115234,50.09000015258789,49.380001068115234,49.959999084472656,47.79819107055664,78200
2018-08-30,49.959999084472656,50.20000076293945,49.34000015258789,49.91999816894531,47.75992965698242,75600
2018-08-31,49.75,50.5,49.0099983215332,50.34000015258789,48.16175842285156,132000
2018-09-04,50.15999984741211,50.43000030517578,49.29999923706055,49.709999084472656,47.55900192260742,78900
2018-09-05,49.65999984741211,50.2599983215332,48.86000061035156,49.97999954223633,47.817325592041016,143800
2018-09-06,49.9900016784668,50.650001525878906,49.33000183105469,49.84000015258789,47.68339538574219,82100
2018-09-07,49.70000076293945,50.349998474121094,49.43000030517578,50.2400016784668,48.066070556640625,91600
2018-09-10,50.5,51.709999084472656,50.4900016784668,51.369998931884766,49.147178649902344,153600
2018-09-11,51.220001220703125,51.86000061035156,50.95000076293945,51.529998779296875,49.30025100708008,102200
2018-09-12,51.45000076293945,52.599998474121094,51.25,52.290000915527344,50.027366638183594,98300
2018-09-13,52.4900016784668,53.189998626708984,52.0,52.77000045776367,50.486595153808594,72800
2018-09-14,52.72999954223633,53.81999969482422,52.72999954223633,53.459999084472656,51.1467399597168,101900
2018-09-17,53.47999954223633,53.79999923706055,53.15999984741211,53.20000076293945,50.89800262451172,66900
2018-09-18,53.41999816894531,54.52000045776367,53.0,54.5,52.14173889160156,154300
2018-09-19,54.20000076293945,55.36000061035156,53.93000030517578,55.119998931884766,52.73490905761719,177100
2018-09-20,57.400001525878906,57.400001525878906,55.02000045776367,56.97999954223633,54.514434814453125,274100
2018-09-21,57.08000183105469,58.130001068115234,56.97999954223633,57.959999084472656,55.45201110839844,287200
2018-09-24,57.93000030517578,57.93000030517578,56.529998779296875,56.88999938964844,54.42832565307617,137000
2018-09-25,56.88999938964844,57.060001373291016,55.529998779296875,55.529998779296875,53.12717819213867,100800
2018-09-26,55.52000045776367,56.0,54.58000183105469,54.709999084472656,52.3426628112793,92300
2018-09-27,54.75,55.11000061035156,54.130001068115234,54.779998779296875,52.409637451171875,99400
2018-09-28,54.5,55.2400016784668,54.5,54.779998779296875,52.409637451171875,119900
2018-10-01,55.060001373291016,55.060001373291016,54.16999816894531,54.380001068115234,52.026947021484375,102700
2018-10-02,54.209999084472656,54.4900016784668,53.380001068115234,53.529998779296875,51.213714599609375,120600
2018-10-03,53.529998779296875,54.7400016784668,53.47999954223633,54.099998474121094,51.75904846191406,120100
2018-10-04,54.2400016784668,54.349998474121094,52.939998626708984,53.13999938964844,50.92530822753906,110300
2018-10-05,53.130001068115234,53.84000015258789,51.540000915527344,52.349998474121094,50.1682243347168,148900
2018-10-08,52.099998474121094,52.36000061035156,50.95000076293945,51.099998474121094,48.9703254699707,135800
2018-10-09,50.97999954223633,51.61000061035156,50.68000030517578,51.040000915527344,48.9128303527832,140400
2018-10-10,50.79999923706055,50.79999923706055,47.380001068115234,47.40999984741211,45.434120178222656,202500
2018-10-11,47.209999084472656,48.029998779296875,46.099998474121094,46.20000076293945,44.27455139160156,154700
2018-10-12,46.9900016784668,46.9900016784668,45.5099983215332,46.209999084472656,44.28412628173828,143400
2018-10-15,46.20000076293945,46.439998626708984,45.529998779296875,45.97999954223633,44.063716888427734,97200
2018-10-16,46.349998474121094,47.779998779296875,45.689998626708984,47.709999084472656,45.721614837646484,118100
2018-10-17,47.560001373291016,47.560001373291016,46.52000045776367,47.52000045776367,45.53953552246094,50200
2018-10-18,47.209999084472656,47.209999084472656,46.11000061035156,46.31999969482422,44.38954162597656,130500
2018-10-19,46.310001373291016,46.810001373291016,45.77000045776367,46.279998779296875,44.3512077331543,152000
2018-10-22,46.45000076293945,47.72999954223633,46.45000076293945,47.13999938964844,45.17537307739258,177300
2018-10-23,46.16999816894531,46.40999984741211,45.0099983215332,45.720001220703125,43.81455612182617,157600
2018-10-24,45.61000061035156,45.849998474121094,44.88999938964844,44.88999938964844,43.019142150878906,215000
2018-10-25,45.290000915527344,45.939998626708984,44.11000061035156,44.790000915527344,42.92330551147461,225300
2018-10-26,44.189998626708984,45.060001373291016,43.11000061035156,44.810001373291016,42.94247055053711,100200
2018-10-29,45.2599983215332,46.220001220703125,43.779998779296875,44.41999816894531,42.5687255859375,79500
2018-10-30,44.40999984741211,45.61000061035156,43.86000061035156,45.5099983215332,43.6132926940918,69100
2018-10-31,46.029998779296875,46.849998474121094,45.849998474121094,46.400001525878906,44.466209411621094,142700
2018-11-01,46.630001068115234,48.90999984741211,46.400001525878906,48.79999923706055,46.76618957519531,92800
2018-11-02,49.13999938964844,49.900001525878906,48.7599983215332,49.810001373291016,47.734100341796875,107900
2018-11-05,49.95000076293945,51.11000061035156,49.20000076293945,50.029998779296875,47.944923400878906,98800
2018-11-06,44.0099983215332,45.58000183105469,37.0099983215332,37.95000076293945,36.368370056152344,642900
2018-11-07,38.06999969482422,40.189998626708984,37.5,38.63999938964844,37.02962112426758,430300
2018-11-08,38.439998626708984,40.91999816894531,38.439998626708984,40.52000045776367,38.831268310546875,169100
2018-11-09,40.65999984741211,41.5,40.150001525878906,41.29999923706055,39.57876205444336,179000
2018-11-12,41.470001220703125,41.619998931884766,40.65999984741211,40.66999816894531,38.97502517700195,173800
2018-11-13,40.75,41.470001220703125,40.560001373291016,40.779998779296875,39.08043670654297,184700
2018-11-14,40.95000076293945,41.560001373291016,39.540000915527344,40.349998474121094,38.66835021972656,159900
2018-11-15,40.029998779296875,42.099998474121094,39.16999816894531,41.91999816894531,40.172916412353516,126700
2018-11-16,41.58000183105469,42.349998474121094,40.91999816894531,42.25,40.48917007446289,151000
2018-11-19,42.04999923706055,42.22999954223633,40.400001525878906,40.900001525878906,39.1954231262207,110400
2018-11-20,40.470001220703125,40.470001220703125,39.029998779296875,39.47999954223633,37.8346061706543,126400
2018-11-21,39.779998779296875,40.0,38.45000076293945,39.130001068115234,37.49919891357422,103300
2018-11-23,38.689998626708984,39.75,38.689998626708984,39.15999984741211,37.527957916259766,45500
2018-11-26,39.40999984741211,39.959999084472656,39.060001373291016,39.88999938964844,38.22752380371094,97900
2018-11-27,39.560001373291016,40.060001373291016,38.9900016784668,39.75,38.093360900878906,105700
2018-11-28,39.869998931884766,41.22999954223633,39.20000076293945,41.220001220703125,39.50210189819336,101400
2018-11-29,41.06999969482422,41.689998626708984,40.5,41.34000015258789,39.617095947265625,84800
2018-11-30,41.22999954223633,42.040000915527344,40.189998626708984,41.68000030517578,39.94291305541992,136200
2018-12-03,42.11000061035156,42.630001068115234,40.9900016784668,42.2400016784668,40.47958755493164,82000
2018-12-04,42.209999084472656,42.59000015258789,40.06999969482422,40.38999938964844,38.7066764831543,128900
2018-12-06,39.75,40.38999938964844,37.90999984741211,38.880001068115234,37.25962448120117,123600
2018-12-07,38.869998931884766,40.22999954223633,36.849998474121094,37.08000183105469,35.534637451171875,171900
2018-12-10,37.040000915527344,37.959999084472656,36.369998931884766,37.720001220703125,36.147972106933594,156400
2018-12-11,38.459999084472656,39.310001373291016,36.790000915527344,37.25,35.697547912597656,153700
2018-12-12,37.77000045776367,38.869998931884766,37.27000045776367,38.0,36.416290283203125,90600
2018-12-13,38.0099983215332,38.9900016784668,37.650001525878906,37.90999984741211,36.33005142211914,109300
2018-12-14,37.5099983215332,37.9900016784668,36.040000915527344,36.779998779296875,35.247135162353516,81900
2018-12-17,36.790000915527344,37.77000045776367,36.099998474121094,36.40999984741211,34.89255142211914,119100
2018-12-18,36.470001220703125,37.220001220703125,35.630001068115234,35.91999816894531,34.4229736328125,220700
2018-12-19,35.810001373291016,36.470001220703125,33.08000183105469,33.29999923706055,31.912181854248047,195900
2018-12-20,33.310001373291016,34.22999954223633,32.099998474121094,32.75,31.385095596313477,145500
2018-12-21,32.880001068115234,33.2400016784668,32.0099983215332,32.20000076293945,30.858016967773438,312900
2018-12-24,31.969999313354492,32.33000183105469,31.110000610351562,31.110000610351562,29.81344223022461,58000
2018-12-26,31.34000015258789,33.599998474121094,30.790000915527344,33.54999923706055,32.151763916015625,161400
2018-12-27,32.86000061035156,33.56999969482422,32.13999938964844,33.560001373291016,32.16134262084961,93500
2018-12-28,33.56999969482422,33.91999816894531,32.790000915527344,33.36000061035156,31.969675064086914,84000
2018-12-31,33.400001525878906,33.4900016784668,32.630001068115234,33.189998626708984,31.8067626953125,116800
2019-01-02,32.72999954223633,33.7599983215332,32.380001068115234,33.5099983215332,32.11341857910156,117700
2019-01-03,33.290000915527344,33.47999954223633,31.860000610351562,32.22999954223633,30.969945907592773,104100
2019-01-04,32.709999084472656,34.369998931884766,32.310001373291016,34.25,32.91097640991211,96600
2019-01-07,34.130001068115234,35.06999969482422,33.790000915527344,34.65999984741211,33.3049430847168,112000
2019-01-08,35.08000183105469,35.56999969482422,34.33000183105469,34.939998626708984,33.5739860534668,169400
2019-01-09,35.09000015258789,35.83000183105469,34.66999816894531,35.2400016784668,33.86225891113281,219300
2019-01-10,35.0099983215332,35.880001068115234,34.40999984741211,35.75,34.352317810058594,289900
2019-01-11,35.720001220703125,36.33000183105469,35.290000915527344,36.06999969482422,34.659820556640625,102800
2019-01-14,35.900001525878906,36.29999923706055,35.04999923706055,35.16999816894531,33.79500198364258,87200
2019-01-15,35.099998474121094,35.150001525878906,34.34000015258789,34.689998626708984,33.333770751953125,69900
2019-01-16,34.70000076293945,35.4900016784668,34.119998931884766,34.189998626708984,32.85332489013672,174400
2019-01-17,33.88999938964844,34.810001373291016,33.36000061035156,34.75,33.39141845703125,220700
2019-01-18,34.849998474121094,35.779998779296875,34.279998779296875,35.439998626708984,34.054447174072266,153000
2019-01-22,35.119998931884766,35.52000045776367,34.279998779296875,34.779998779296875,33.42024612426758,166200
2019-01-23,35.06999969482422,35.56999969482422,33.52000045776367,33.869998931884766,32.545833587646484,107300
2019-01-24,33.869998931884766,34.08000183105469,32.4900016784668,33.86000061035156,32.53621292114258,203300
2019-01-25,33.849998474121094,34.75,33.54999923706055,34.439998626708984,33.09354019165039,143500
2019-01-28,34.0,34.06999969482422,33.470001220703125,33.72999954223633,32.41130447387695,127700
2019-01-29,33.790000915527344,34.650001525878906,33.45000076293945,34.189998626708984,32.85332489013672,99900
2019-01-30,34.459999084472656,34.869998931884766,33.7400016784668,34.790000915527344,33.42985153198242,72400
2019-01-31,34.619998931884766,35.5,34.18000030517578,35.41999816894531,34.03522872924805,92400
2019-02-01,35.41999816894531,36.619998931884766,35.0099983215332,36.29999923706055,34.88081741333008,161500
2019-02-04,36.2599983215332,36.380001068115234,35.310001373291016,36.16999816894531,34.75590133666992,88500
2019-02-05,36.290000915527344,36.33000183105469,35.540000915527344,35.900001525878906,34.4964599609375,82300
2019-02-06,36.43000030517578,36.43000030517578,35.68000030517578,35.93000030517578,34.52529525756836,44400
2019-02-07,35.63999938964844,35.65999984741211,33.790000915527344,34.0,32.670745849609375,105600
2019-02-08,33.939998626708984,34.08000183105469,32.849998474121094,33.189998626708984,31.89242172241211,286300
2019-02-11,33.22999954223633,33.81999969482422,32.959999084472656,33.0,31.7098445892334,153100
2019-02-12,33.310001373291016,34.849998474121094,33.310001373291016,34.20000076293945,32.8629264831543,301100
2019-02-13,34.349998474121094,34.90999984741211,33.959999084472656,34.86000061035156,33.49711227416992,143100
2019-02-14,34.599998474121094,35.27000045776367,34.560001373291016,34.90999984741211,33.5451774597168,110600
2019-02-15,35.130001068115234,37.029998779296875,35.130001068115234,36.97999954223633,35.53423309326172,147400
2019-02-19,36.869998931884766,37.84000015258789,36.599998474121094,37.459999084472656,35.9954719543457,105700
2019-02-20,37.459999084472656,38.63999938964844,37.459999084472656,38.11000061035156,36.62005615234375,115000
2019-02-21,38.08000183105469,38.08000183105469,37.439998626708984,37.88999938964844,36.40865707397461,60200
2019-02-22,38.16999816894531,38.790000915527344,38.0099983215332,38.7400016784668,37.22543716430664,82700
2019-02-25,39.0,39.560001373291016,38.560001373291016,38.63999938964844,37.12934112548828,141900
2019-02-26,43.540000915527344,47.36000061035156,42.88999938964844,46.790000915527344,44.96070098876953,408600
2019-02-27,46.79999923706055,49.29999923706055,46.43000030517578,47.380001068115234,45.527645111083984,206500
2019-02-28,47.369998931884766,48.9900016784668,46.900001525878906,47.58000183105469,45.719818115234375,208700
2019-03-01,48.20000076293945,49.61000061035156,47.65999984741211,49.529998779296875,47.59357833862305,200300
2019-03-04,49.72999954223633,50.439998626708984,49.0,49.459999084472656,47.52632522583008,97900
2019-03-05,49.72999954223633,50.09000015258789,49.04999923706055,49.34000015258789,47.4110107421875,99400
2019-03-06,49.310001373291016,50.369998931884766,48.5,49.0099983215332,47.09391784667969,108500
2019-03-07,48.86000061035156,49.34000015258789,48.310001373291016,49.0,47.08430480957031,124800
2019-03-08,48.36000061035156,49.2400016784668,47.95000076293945,48.33000183105469,46.440513610839844,59500
2019-03-11,48.619998931884766,49.93000030517578,48.619998931884766,49.7599983215332,47.81459426879883,84200
2019-03-12,48.22999954223633,48.650001525878906,46.529998779296875,47.15999984741211,45.31624221801758,121100
2019-03-13,47.47999954223633,47.939998626708984,46.0099983215332,47.189998626708984,45.345069885253906,117000
2019-03-14,47.09000015258789,47.36000061035156,46.27000045776367,46.529998779296875,44.71087646484375,80100
2019-03-15,46.75,47.119998931884766,45.41999816894531,46.36000061035156,44.54751968383789,272400
2019-03-18,46.45000076293945,48.34000015258789,45.95000076293945,48.060001373291016,46.18105697631836,138200
2019-03-19,48.33000183105469,48.33000183105469,46.66999816894531,47.25,45.40272521972656,48800
2019-03-20,47.08000183105469,49.06999969482422,46.0,46.63999938964844,44.81657409667969,116400
2019-03-21,46.56999969482422,48.720001220703125,46.5,48.31999969482422,46.43089294433594,112600
2019-03-22,47.93000030517578,48.20000076293945,43.689998626708984,43.709999084472656,42.001129150390625,148900
2019-03-25,43.68000030517578,44.959999084472656,43.459999084472656,44.619998931884766,42.875545501708984,76500
2019-03-26,44.34000015258789,45.349998474121094,44.279998779296875,44.880001068115234,43.12537384033203,40500
2019-03-27,44.869998931884766,45.310001373291016,43.75,45.220001220703125,43.45209884643555,73300
2019-03-28,45.349998474121094,46.45000076293945,44.91999816894531,46.2400016784668,44.43221664428711,83200
2019-03-29,46.650001525878906,47.099998474121094,46.15999984741211,46.5099983215332,44.691654205322266,109000
2019-04-01,47.0099983215332,48.86000061035156,46.70000076293945,48.130001068115234,46.248321533203125,99200
2019-04-02,48.099998474121094,48.65999984741211,47.59000015258789,48.36000061035156,46.46933364868164,62900
2019-04-03,48.630001068115234,49.369998931884766,48.61000061035156,49.029998779296875,47.11314010620117,55000
2019-04-04,49.029998779296875,49.619998931884766,48.43000030517578,49.619998931884766,47.767757415771484,67300
2019-04-05,49.75,50.470001220703125,49.400001525878906,50.060001373291016,48.191322326660156,159400
2019-04-08,49.86000061035156,50.599998474121094,49.75,50.5,48.61491012573242,108500
2019-04-09,50.209999084472656,50.65999984741211,49.25,49.45000076293945,47.604095458984375,68000
2019-04-10,49.560001373291016,50.38999938964844,49.13999938964844,50.220001220703125,48.34534454345703,46900
2019-04-11,50.31999969482422,51.13999938964844,49.66999816894531,50.5,48.61491012573242,67400
2019-04-12,51.04999923706055,51.25,50.16999816894531,51.09000015258789,49.18288040161133,79500
2019-04-15,51.099998474121094,51.540000915527344,50.439998626708984,51.4900016784668,49.56794357299805,54600
2019-04-16,49.459999084472656,51.11000061035156,49.459999084472656,49.849998474121094,47.98916244506836,90900
2019-04-17,49.86000061035156,50.9900016784668,48.59000015258789,50.529998779296875,48.64377975463867,108200
2019-04-18,50.900001525878906,51.029998779296875,49.849998474121094,50.869998931884766,48.97108840942383,69000
2019-04-22,50.61000061035156,51.369998931884766,50.2599983215332,51.349998474121094,49.43316650390625,76200
2019-04-23,51.41999816894531,52.91999816894531,50.939998626708984,52.459999084472656,50.50173568725586,143400
2019-04-24,52.279998779296875,53.599998474121094,51.97999954223633,52.630001068115234,50.66539001464844,92700
2019-04-25,52.400001525878906,52.400001525878906,50.970001220703125,51.189998626708984,49.279144287109375,77300
2019-04-26,51.189998626708984,51.650001525878906,50.38999938964844,51.43000030517578,49.51018524169922,94000
2019-04-29,51.4900016784668,52.91999816894531,50.9900016784668,52.900001525878906,50.92531204223633,70800
2019-04-30,52.790000915527344,53.310001373291016,52.13999938964844,52.34000015258789,50.38621520996094,92800
2019-05-01,50.959999084472656,51.93000030517578,50.5099983215332,51.040000915527344,49.134742736816406,101700
2019-05-02,50.709999084472656,50.880001068115234,47.900001525878906,48.27000045776367,46.4681396484375,174100
2019-05-03,48.380001068115234,50.2400016784668,47.869998931884766,49.939998626708984,48.075809478759766,169300
2019-05-06,48.790000915527344,49.869998931884766,48.04999923706055,48.619998931884766,46.80508041381836,190900
2019-05-07,48.060001373291016,49.189998626708984,43.810001373291016,45.099998474121094,43.416473388671875,317400
2019-05-08,44.9900016784668,47.06999969482422,44.88999938964844,45.18000030517578,43.49349594116211,153800
2019-05-09,44.630001068115234,46.83000183105469,43.790000915527344,45.099998474121094,43.416473388671875,113900
2019-05-10,44.779998779296875,45.31999969482422,44.04999923706055,45.0099983215332,43.329830169677734,137600
2019-05-13,43.650001525878906,44.59000015258789,42.470001220703125,43.040000915527344,41.433372497558594,89900
2019-05-14,43.29999923706055,43.540000915527344,42.5099983215332,43.36000061035156,41.741432189941406,107100
2019-05-15,42.86000061035156,44.209999084472656,42.56999969482422,44.11000061035156,42.46343231201172,60500
2019-05-16,44.2400016784668,45.27000045776367,43.95000076293945,44.16999816894531,42.52118682861328,74800
2019-05-17,43.45000076293945,44.029998779296875,42.63999938964844,42.68000030517578,41.08680725097656,68300
2019-05-20,42.15999984741211,43.130001068115234,41.959999084472656,42.70000076293945,41.1060676574707,39900
2019-05-21,43.150001525878906,43.84000015258789,42.810001373291016,43.790000915527344,42.1553840637207,55600
2019-05-22,43.5,44.0099983215332,42.66999816894531,42.91999816894531,41.31785583496094,126600
2019-05-23,42.34000015258789,42.34000015258789,40.65999984741211,41.880001068115234,40.316680908203125,193800
2019-05-24,42.25,42.650001525878906,41.709999084472656,42.459999084472656,40.87502670288086,82800
2019-05-28,42.5,43.439998626708984,41.9900016784668,42.599998474121094,41.009796142578125,171900
2019-05-29,42.29999923706055,43.38999938964844,42.150001525878906,42.880001068115234,41.27935028076172,76200
2019-05-30,43.0,43.86000061035156,42.5099983215332,43.33000183105469,41.712547302246094,111100
2019-05-31,42.65999984741211,43.119998931884766,41.720001220703125,41.75,40.191524505615234,109200
2019-06-03,41.7400016784668,43.220001220703125,41.5,42.90999984741211,41.3082275390625,96200
2019-06-04,43.599998474121094,44.54999923706055,42.959999084472656,44.47999954223633,42.819618225097656,71600
2019-06-05,44.599998474121094,45.099998474121094,43.619998931884766,44.59000015258789,42.925506591796875,56800
2019-06-06,44.58000183105469,44.689998626708984,43.349998474121094,43.779998779296875,42.14574432373047,93800
2019-06-07,44.04999923706055,45.34000015258789,43.77000045776367,45.0099983215332,43.329830169677734,58600
2019-06-10,45.27000045776367,45.93000030517578,44.31999969482422,45.02000045776367,43.33945846557617,117600
2019-06-11,45.560001373291016,46.0,44.5,44.66999816894531,43.00251770019531,60900
2019-06-12,44.58000183105469,44.91999816894531,44.310001373291016,44.61000061035156,42.94477462768555,49000
2019-06-13,44.90999984741211,45.77000045776367,44.7599983215332,45.5099983215332,43.811161041259766,76300
2019-06-14,45.470001220703125,45.470001220703125,43.97999954223633,44.709999084472656,43.04103469848633,82200
2019-06-17,45.33000183105469,46.95000076293945,45.33000183105469,46.77000045776367,45.024139404296875,87500
2019-06-18,44.54999923706055,46.41999816894531,44.45000076293945,45.65999984741211,43.9555778503418,110900
2019-06-19,45.75,45.970001220703125,44.619998931884766,45.209999084472656,43.522369384765625,74500
2019-06-20,46.02000045776367,46.52000045776367,45.38999938964844,46.09000015258789,44.36952209472656,68600
2019-06-21,46.08000183105469,47.150001525878906,44.400001525878906,46.63999938964844,44.89898681640625,170500
2019-06-24,46.7599983215332,46.9900016784668,44.099998474121094,44.16999816894531,42.52118682861328,85900
2019-06-25,44.25,44.630001068115234,42.33000183105469,43.84000015258789,42.20351028442383,67200
2019-06-26,43.869998931884766,44.95000076293945,43.290000915527344,43.56999969482422,41.9435920715332,62000
2019-06-27,43.72999954223633,45.0,43.72999954223633,45.0,43.320213317871094,86900
2019-06-28,45.189998626708984,46.70000076293945,45.189998626708984,46.40999984741211,44.677581787109375,213000
2019-07-01,47.02000045776367,47.79999923706055,46.5,46.75,45.00489044189453,43400
2019-07-02,47.36000061035156,47.86000061035156,44.880001068115234,45.43000030517578,43.734153747558594,43600
2019-07-03,45.439998626708984,46.38999938964844,45.2400016784668,45.869998931884766,44.245384216308594,33000
2019-07-05,45.31999969482422,46.040000915527344,45.029998779296875,45.66999816894531,44.052467346191406,50600
2019-07-08,45.36000061035156,46.08000183105469,44.31999969482422,44.68000030517578,43.097537994384766,72500
2019-07-09,44.06999969482422,45.0,43.63999938964844,44.900001525878906,43.309749603271484,47600
2019-07-10,45.209999084472656,45.900001525878906,44.900001525878906,45.31999969482422,43.714866638183594,47700
2019-07-11,45.369998931884766,45.369998931884766,44.720001220703125,44.88999938964844,43.30009841918945,38600
2019-07-12,44.869998931884766,47.31999969482422,43.849998474121094,46.720001220703125,45.06528091430664,65900
2019-07-15,46.720001220703125,46.720001220703125,45.560001373291016,45.70000076293945,44.081417083740234,29400
2019-07-16,45.540000915527344,47.290000915527344,44.84000015258789,46.79999923706055,45.1424446105957,47000
2019-07-17,46.65999984741211,46.70000076293945,45.72999954223633,45.93000030517578,44.303260803222656,54300
2019-07-18,45.93000030517578,47.16999816894531,45.68000030517578,46.0,44.370784759521484,31400
2019-07-19,45.75,47.09000015258789,45.59000015258789,45.84000015258789,44.21644973754883,43500
2019-07-22,45.869998931884766,46.68000030517578,44.95000076293945,45.0099983215332,43.41584014892578,54200
2019-07-23,45.22999954223633,46.9900016784668,44.599998474121094,46.95000076293945,45.287139892578125,30800
2019-07-24,46.33000183105469,48.119998931884766,45.27000045776367,47.939998626708984,46.242061614990234,84700
2019-07-25,48.25,48.41999816894531,46.189998626708984,46.45000076293945,44.804847717285156,68800
2019-07-26,46.58000183105469,46.599998474121094,45.45000076293945,46.470001220703125,44.82413864135742,89600
2019-07-29,46.459999084472656,46.790000915527344,45.52000045776367,46.29999923706055,44.660152435302734,56900
2019-07-30,45.709999084472656,47.7400016784668,45.63999938964844,47.52000045776367,45.83694839477539,72200
2019-07-31,47.619998931884766,49.279998779296875,46.040000915527344,46.959999084472656,45.29678726196289,126500
2019-08-01,47.16999816894531,47.709999084472656,44.9900016784668,45.11000061035156,43.51230239868164,95900
2019-08-02,44.900001525878906,45.220001220703125,43.20000076293945,44.040000915527344,42.480201721191406,47800
2019-08-05,42.91999816894531,44.0099983215332,40.15999984741211,40.33000183105469,38.901611328125,105100
2019-08-06,40.59000015258789,45.689998626708984,40.59000015258789,45.02000045776367,43.42548751831055,169000
2019-08-07,43.79999923706055,44.560001373291016,42.2400016784668,43.58000183105469,42.0364875793457,156200
2019-08-08,44.209999084472656,45.02000045776367,43.72999954223633,44.31999969482422,42.75028610229492,59300
2019-08-09,43.93000030517578,44.400001525878906,42.560001373291016,42.650001525878906,41.13943862915039,48400
2019-08-12,42.5,42.9900016784668,41.38999938964844,41.45000076293945,39.9819221496582,67400
2019-08-13,41.38999938964844,43.40999984741211,41.31999969482422,42.68000030517578,41.168365478515625,37500
2019-08-14,41.619998931884766,42.619998931884766,40.369998931884766,40.540000915527344,39.10416793823242,44500
2019-08-15,40.72999954223633,40.939998626708984,39.630001068115234,40.349998474121094,38.9208869934082,46100
2019-08-16,40.439998626708984,41.54999923706055,40.25,41.31999969482422,39.856536865234375,37500
2019-08-19,42.040000915527344,42.41999816894531,41.220001220703125,41.95000076293945,40.4642333984375,36900
2019-08-20,41.66999816894531,41.88999938964844,41.400001525878906,41.650001525878906,40.17485427856445,58300
2019-08-21,42.18000030517578,42.31999969482422,41.40999984741211,41.43000030517578,39.96263885498047,45200
2019-08-22,41.380001068115234,42.0,40.470001220703125,40.4900016784668,39.055938720703125,45500
2019-08-23,40.08000183105469,40.47999954223633,38.25,38.5,37.13640594482422,80000
2019-08-26,39.13999938964844,39.349998474121094,38.40999984741211,38.63999938964844,37.271461486816406,51500
2019-08-27,39.060001373291016,39.689998626708984,37.869998931884766,38.52000045776367,37.15570831298828,94200
2019-08-28,38.34000015258789,40.2599983215332,38.34000015258789,39.97999954223633,38.564002990722656,59500
2019-08-29,40.68000030517578,42.20000076293945,40.31999969482422,42.029998779296875,40.54138946533203,73800
2019-08-30,42.540000915527344,42.959999084472656,41.939998626708984,42.790000915527344,41.274478912353516,108000
2019-09-03,42.310001373291016,42.400001525878906,39.06999969482422,39.13999938964844,37.75374984741211,110600
2019-09-04,39.849998474121094,41.56999969482422,39.70000076293945,41.43000030517578,39.96263885498047,107300
2019-09-05,42.16999816894531,44.630001068115234,42.099998474121094,44.220001220703125,42.65383529663086,141600
2019-09-06,44.209999084472656,44.900001525878906,43.689998626708984,44.65999984741211,43.078243255615234,78600
2019-09-09,44.5099983215332,44.91999816894531,43.04999923706055,44.0099983215332,42.45126724243164,64400
2019-09-10,44.0,44.97999954223633,43.11000061035156,44.689998626708984,43.107181549072266,86000
2019-09-11,44.9900016784668,45.65999984741211,44.04999923706055,45.08000183105469,43.483367919921875,248300
2019-09-12,45.27000045776367,45.27000045776367,44.27000045776367,44.970001220703125,43.37727355957031,112400
2019-09-13,45.20000076293945,45.45000076293945,44.2400016784668,44.47999954223633,42.90461730957031,90900
2019-09-16,44.0099983215332,44.5,43.36000061035156,43.540000915527344,41.99790954589844,69500
2019-09-17,43.29999923706055,43.91999816894531,42.689998626708984,43.7400016784668,42.190826416015625,54000
2019-09-18,43.790000915527344,43.790000915527344,42.18000030517578,42.880001068115234,41.361289978027344,48800
2019-09-19,43.13999938964844,44.08000183105469,42.59000015258789,43.0099983215332,41.486671447753906,59500
2019-09-20,43.09000015258789,43.7400016784668,42.209999084472656,43.11000061035156,41.58313751220703,163300
2019-09-23,42.66999816894531,43.099998474121094,41.97999954223633,42.13999938964844,40.647491455078125,63100
2019-09-24,41.88999938964844,42.04999923706055,39.75,40.0099983215332,38.592926025390625,91300
2019-09-25,39.81999969482422,41.65999984741211,39.529998779296875,41.43000030517578,39.96263885498047,91400
2019-09-26,41.43000030517578,41.43000030517578,40.04999923706055,40.40999984741211,38.978759765625,44300
2019-09-27,40.619998931884766,41.689998626708984,40.290000915527344,40.599998474121094,39.16204071044922,37400
2019-09-30,40.650001525878906,41.34000015258789,40.369998931884766,40.56999969482422,39.13310241699219,64600
2019-10-01,40.900001525878906,41.38999938964844,38.5099983215332,38.779998779296875,37.406497955322266,54300
2019-10-02,38.060001373291016,38.2599983215332,37.380001068115234,38.16999816894531,36.81809616088867,62700
2019-10-03,37.81999969482422,37.93000030517578,36.58000183105469,37.81999969482422,36.56672668457031,83200
2019-10-04,37.93000030517578,39.689998626708984,37.310001373291016,38.61000061035156,37.33054733276367,120300
2019-10-07,38.400001525878906,38.689998626708984,37.43000030517578,37.61000061035156,36.363677978515625,134800
2019-10-08,36.93000030517578,37.9900016784668,36.470001220703125,37.34000015258789,36.102630615234375,103300
2019-10-09,37.95000076293945,39.0,37.189998626708984,37.65999984741211,36.41202926635742,47900
2019-10-10,37.45000076293945,38.38999938964844,36.84000015258789,37.2599983215332,36.02527618408203,61400
2019-10-11,37.93000030517578,39.20000076293945,37.93000030517578,38.349998474121094,37.079166412353516,86200
2019-10-14,37.90999984741211,38.189998626708984,37.20000076293945,38.11000061035156,36.84711837768555,38600
2019-10-15,38.130001068115234,39.02000045776367,37.95000076293945,38.58000183105469,37.301536560058594,45200
2019-10-16,38.290000915527344,39.0099983215332,38.099998474121094,38.29999923706055,37.03080749511719,29700
2019-10-17,38.349998474121094,39.119998931884766,38.29999923706055,38.7400016784668,37.45623779296875,47000
2019-10-18,38.540000915527344,39.779998779296875,38.349998474121094,39.529998779296875,38.22005081176758,51400
2019-10-21,39.95000076293945,40.70000076293945,39.79999923706055,40.5099983215332,39.16758346557617,44200
2019-10-22,40.439998626708984,40.900001525878906,39.38999938964844,40.66999816894531,39.3222770690918,44600
2019-10-23,40.83000183105469,42.220001220703125,40.83000183105469,42.04999923706055,40.65653991699219,69200
2019-10-24,42.15999984741211,42.15999984741211,40.18000030517578,40.36000061035156,39.022552490234375,44300
2019-10-25,40.38999938964844,41.68000030517578,40.38999938964844,41.54999923706055,40.17311477661133,29300
2019-10-28,41.68000030517578,42.029998779296875,41.0099983215332,41.52000045776367,40.14411544799805,51000
2019-10-29,41.2400016784668,41.630001068115234,40.90999984741211,41.470001220703125,40.095767974853516,60000
2019-10-30,41.45000076293945,41.45000076293945,40.15999984741211,41.34000015258789,39.97007751464844,28500
2019-10-31,40.86000061035156,40.86000061035156,38.95000076293945,39.630001068115234,38.31674575805664,71300
2019-11-01,40.06999969482422,42.150001525878906,40.06999969482422,42.040000915527344,40.646881103515625,57200
2019-11-04,42.0,42.7400016784668,41.47999954223633,41.93000030517578,40.54052734375,71300
2019-11-05,39.5,47.06999969482422,39.5,46.81999969482422,45.26847839355469,141100
2019-11-06,46.34000015258789,46.4900016784668,43.119998931884766,43.22999954223633,41.797447204589844,73200
2019-11-07,44.02000045776367,45.459999084472656,43.47999954223633,44.869998931884766,43.38310241699219,98600
2019-11-08,44.47999954223633,45.2400016784668,44.0,45.08000183105469,43.58614730834961,46200
2019-11-11,44.70000076293945,45.790000915527344,44.349998474121094,45.709999084472656,44.19526290893555,99100
2019-11-12,45.65999984741211,46.439998626708984,45.529998779296875,46.04999923706055,44.52399826049805,100100
2019-11-13,45.599998474121094,45.79999923706055,44.5,45.560001373291016,44.05023956298828,97300
2019-11-14,45.47999954223633,46.040000915527344,44.709999084472656,44.91999816894531,43.43143081665039,64900
2019-11-15,45.400001525878906,45.470001220703125,44.439998626708984,44.5099983215332,43.0350227355957,36200
2019-11-18,44.060001373291016,44.650001525878906,43.060001373291016,43.54999923706055,42.10683822631836,30600
2019-11-19,43.779998779296875,44.52000045776367,43.38999938964844,43.869998931884766,42.41624069213867,34500
2019-11-20,43.560001373291016,44.220001220703125,42.58000183105469,42.95000076293945,41.52671813964844,77900
2019-11-21,43.25,43.400001525878906,41.86000061035156,43.27000045776367,41.83612060546875,71700
2019-11-22,43.63999938964844,44.34000015258789,43.040000915527344,44.150001525878906,42.68695831298828,72200
2019-11-25,44.59000015258789,46.349998474121094,44.59000015258789,46.0,44.47565841674805,61400
2019-11-26,45.77000045776367,46.02000045776367,44.880001068115234,45.09000015258789,43.5958137512207,47400
2019-11-27,45.33000183105469,45.81999969482422,44.58000183105469,45.709999084472656,44.19526290893555,53100
2019-11-29,45.5,45.70000076293945,44.61000061035156,44.779998779296875,43.296085357666016,18900
2019-12-02,44.29999923706055,44.7400016784668,43.93000030517578,44.060001373291016,42.59993362426758,32800
2019-12-03,43.33000183105469,43.619998931884766,42.869998931884766,43.040000915527344,41.61373519897461,90700
2019-12-04,43.470001220703125,44.36000061035156,43.470001220703125,43.880001068115234,42.425907135009766,48000
2019-12-05,44.09000015258789,44.130001068115234,43.5,44.029998779296875,42.5709342956543,55200
2019-12-06,44.7400016784668,45.779998779296875,44.630001068115234,44.65999984741211,43.180049896240234,67100
2019-12-09,44.290000915527344,44.900001525878906,43.91999816894531,44.11000061035156,42.64828109741211,55500
2019-12-10,44.06999969482422,44.369998931884766,43.650001525878906,44.369998931884766,42.899662017822266,44500
2019-12-11,44.34000015258789,45.939998626708984,44.34000015258789,45.84000015258789,44.32094955444336,90000
2019-12-12,45.900001525878906,47.279998779296875,45.209999084472656,47.06999969482422,45.51018524169922,68500
2019-12-13,46.709999084472656,47.720001220703125,46.150001525878906,46.599998474121094,45.05577087402344,40400
2019-12-16,47.09000015258789,47.5099983215332,45.529998779296875,45.869998931884766,44.34996032714844,77400
2019-12-17,45.45000076293945,46.189998626708984,45.0,45.83000183105469,44.311283111572266,81400
2019-12-18,45.90999984741211,46.400001525878906,45.400001525878906,46.27000045776367,44.736698150634766,59100
2019-12-19,46.0099983215332,46.06999969482422,45.41999816894531,45.7400016784668,44.224273681640625,65700
2019-12-20,45.689998626708984,45.83000183105469,45.380001068115234,45.650001525878906,44.13725280761719,194900
2019-12-23,45.63999938964844,45.900001525878906,45.060001373291016,45.849998474121094,44.330623626708984,46600
2019-12-24,45.90999984741211,45.90999984741211,45.349998474121094,45.560001373291016,44.05023956298828,10200
2019-12-26,45.7400016784668,46.189998626708984,45.400001525878906,45.810001373291016,44.291954040527344,50100
2019-12-27,45.970001220703125,46.279998779296875,45.43000030517578,45.5,43.99222946166992,81500
2019-12-30,45.40999984741211,45.959999084472656,45.279998779296875,45.619998931884766,44.10824203491211,39100
2019-12-31,45.5,47.029998779296875,45.5,46.22999954223633,44.698020935058594,73500
2020-01-02,46.459999084472656,46.79999923706055,45.11000061035156,45.86000061035156,44.426788330078125,75900
2020-01-03,45.060001373291016,46.310001373291016,44.81999969482422,46.220001220703125,44.77553176879883,63900
2020-01-06,45.61000061035156,47.04999923706055,45.279998779296875,46.83000183105469,45.36646270751953,71500
2020-01-07,46.470001220703125,46.75,45.900001525878906,46.5099983215332,45.05646896362305,40200
2020-01-08,46.43000030517578,47.11000061035156,46.18000030517578,46.41999816894531,44.96927261352539,115000
2020-01-09,46.54999923706055,47.0,45.630001068115234,45.900001525878906,44.465538024902344,48900
2020-01-10,45.86000061035156,46.099998474121094,44.810001373291016,44.93000030517578,43.52584457397461,68900
2020-01-13,44.91999816894531,45.689998626708984,44.75,45.68000030517578,44.25240707397461,38900
2020-01-14,45.40999984741211,47.779998779296875,45.400001525878906,46.560001373291016,45.10490798950195,76600
2020-01-15,46.400001525878906,47.31999969482422,46.349998474121094,47.02000045776367,45.550533294677734,47200
2020-01-16,47.470001220703125,48.83000183105469,47.220001220703125,48.810001373291016,47.28459167480469,68200
2020-01-17,49.2599983215332,49.2599983215332,47.310001373291016,47.380001068115234,45.8992805480957,100100
2020-01-21,47.0,47.099998474121094,45.20000076293945,45.25,43.835845947265625,43100
2020-01-22,45.43000030517578,45.5099983215332,44.38999938964844,44.970001220703125,43.564598083496094,49500
2020-01-23,44.65999984741211,46.150001525878906,44.060001373291016,45.7400016784668,44.3105354309082,66800
2020-01-24,45.90999984741211,45.90999984741211,43.939998626708984,44.27000045776367,42.886470794677734,44600
2020-01-27,42.970001220703125,44.29999923706055,42.970001220703125,43.83000183105469,42.46022033691406,36800
2020-01-28,44.20000076293945,44.65999984741211,43.779998779296875,44.04999923706055,42.673343658447266,32400
2020-01-29,44.18000030517578,44.79999923706055,43.47999954223633,44.18000030517578,42.799285888671875,43900
2020-01-30,43.56999969482422,45.290000915527344,43.4900016784668,45.09000015258789,43.680843353271484,52900
2020-01-31,44.72999954223633,44.72999954223633,42.25,42.52000045776367,41.191165924072266,72700
2020-02-03,42.90999984741211,43.95000076293945,42.630001068115234,42.869998931884766,41.53022384643555,37700
2020-02-04,43.91999816894531,44.31999969482422,43.599998474121094,43.83000183105469,42.46022033691406,45000
2020-02-05,44.58000183105469,44.939998626708984,44.209999084472656,44.65999984741211,43.26428985595703,44600
2020-02-06,44.97999954223633,45.13999938964844,44.40999984741211,44.959999084472656,43.55490493774414,33900
2020-02-07,44.61000061035156,45.04999923706055,44.31999969482422,44.560001373291016,43.16741180419922,30600
2020-02-10,44.38999938964844,45.02000045776367,44.04999923706055,44.75,43.351470947265625,51100
2020-02-11,45.2400016784668,46.220001220703125,45.09000015258789,45.27000045776367,43.855220794677734,37300
2020-02-12,45.72999954223633,46.65999984741211,45.4900016784668,46.2599983215332,44.81428146362305,42600
2020-02-13,46.09000015258789,46.2599983215332,45.02000045776367,45.11000061035156,43.700225830078125,28100
2020-02-14,45.11000061035156,45.959999084472656,44.27000045776367,44.529998779296875,43.138336181640625,36300
2020-02-18,44.31999969482422,44.97999954223633,43.310001373291016,43.959999084472656,42.586158752441406,26900
2020-02-19,43.959999084472656,43.970001220703125,42.869998931884766,43.220001220703125,41.86928176879883,37200
2020-02-20,43.060001373291016,44.099998474121094,42.59000015258789,43.779998779296875,42.41178894042969,31800
2020-02-21,43.779998779296875,43.779998779296875,41.65999984741211,41.81999969482422,40.51304626464844,59800
2020-02-24,40.099998474121094,41.20000076293945,39.08000183105469,39.58000183105469,38.34304428100586,69500
2020-02-25,43.540000915527344,49.4900016784668,40.93000030517578,41.75,40.44523239135742,354700
2020-02-26,41.790000915527344,43.15999984741211,39.70000076293945,40.849998474121094,39.5733642578125,130700
2020-02-27,39.54999923706055,41.040000915527344,38.560001373291016,39.7599983215332,38.51742172241211,145100
2020-02-28,39.5,39.939998626708984,38.029998779296875,39.75,38.50774383544922,149300
2020-03-02,40.099998474121094,42.13999938964844,39.2400016784668,41.79999923706055,40.4936637878418,82900
2020-03-03,41.52000045776367,42.779998779296875,40.099998474121094,41.2400016784668,39.951168060302734,145900
2020-03-04,41.95000076293945,44.11000061035156,41.13999938964844,43.79999923706055,42.43115234375,107000
2020-03-05,42.2400016784668,43.13999938964844,40.95000076293945,41.189998626708984,39.9027214050293,84200
2020-03-06,39.310001373291016,41.279998779296875,38.810001373291016,41.119998931884766,39.83491516113281,102800
2020-03-09,38.16999816894531,40.06999969482422,36.25,36.41999816894531,35.281803131103516,91100
2020-03-10,37.630001068115234,41.20000076293945,37.630001068115234,41.099998474121094,39.815547943115234,100700
2020-03-11,39.52000045776367,40.13999938964844,36.56999969482422,37.25,36.08585739135742,88600
2020-03-12,34.41999816894531,35.47999954223633,31.8700008392334,32.2400016784668,31.232433319091797,116200
2020-03-13,34.29999923706055,37.75,31.889999389648438,37.75,36.57024002075195,105100
2020-03-16,32.2400016784668,38.369998931884766,32.2400016784668,36.08000183105469,34.95242691040039,118400
2020-03-17,37.0,43.599998474121094,32.2599983215332,43.0,41.65616226196289,390100
2020-03-18,39.04999923706055,42.060001373291016,38.11000061035156,40.279998779296875,39.02117156982422,195800
2020-03-19,40.189998626708984,45.0,38.91999816894531,43.880001068115234,42.5086669921875,207100
2020-03-20,43.5099983215332,45.900001525878906,39.02000045776367,39.29999923706055,38.07179641723633,441000
2020-03-23,38.119998931884766,38.81999969482422,34.4900016784668,38.810001373291016,37.59710693359375,251300
2020-03-24,41.4900016784668,42.72999954223633,38.34000015258789,40.0,38.74991226196289,136900
2020-03-25,40.16999816894531,42.439998626708984,35.27000045776367,35.47999954223633,34.37117385864258,158400
2020-03-26,35.86000061035156,39.400001525878906,35.61000061035156,39.09000015258789,37.86835861206055,146800
2020-03-27,37.45000076293945,38.34000015258789,35.119998931884766,35.2599983215332,34.158050537109375,94800
2020-03-30,35.52000045776367,37.88999938964844,34.58000183105469,37.47999954223633,36.308677673339844,105900
2020-03-31,37.689998626708984,38.119998931884766,35.849998474121094,37.91999816894531,36.73491668701172,139900
2020-04-01,35.9900016784668,38.81999969482422,34.5,34.5,33.42180252075195,110300
2020-04-02,34.0,36.84000015258789,33.79999923706055,34.95000076293945,33.94630432128906,74900
2020-04-03,34.79999923706055,34.79999923706055,31.940000534057617,32.630001068115234,31.69292640686035,110400
2020-04-06,34.58000183105469,35.810001373291016,33.20000076293945,33.650001525878906,32.68363952636719,202600
2020-04-07,35.310001373291016,35.33000183105469,32.84000015258789,33.849998474121094,32.87788772583008,145500
2020-04-08,34.72999954223633,35.18000030517578,32.970001220703125,33.43000030517578,32.46995162963867,289400
2020-04-09,32.0099983215332,33.70000076293945,30.309999465942383,31.780000686645508,30.867334365844727,931500
2020-04-13,31.709999084472656,31.8700008392334,29.030000686645508,29.770000457763672,28.915058135986328,263500
2020-04-14,30.729999542236328,31.829999923706055,29.5,31.709999084472656,30.799345016479492,332700
2020-04-15,30.530000686645508,31.540000915527344,29.979999542236328,31.170000076293945,30.27484893798828,177500
2020-04-16,31.489999771118164,31.969999313354492,30.190000534057617,30.979999542236328,30.090312957763672,245300
2020-04-17,31.790000915527344,33.27000045776367,31.790000915527344,33.0,32.05229949951172,115000
2020-04-20,32.380001068115234,32.380001068115234,30.549999237060547,31.489999771118164,30.585662841796875,115000
2020-04-21,30.3799991607666,30.940000534057617,29.81999969482422,30.100000381469727,29.235576629638672,91800
2020-04-22,30.989999771118164,30.989999771118164,30.079999923706055,30.299999237060547,29.42983627319336,150700
2020-04-23,30.309999465942383,31.8799991607666,30.309999465942383,30.84000015258789,29.954328536987305,104100
2020-04-24,30.93000030517578,30.93000030517578,29.770000457763672,30.559999465942383,29.6823673248291,64000
2020-04-27,30.969999313354492,32.619998931884766,30.84000015258789,32.29999923706055,31.37239646911621,84600
2020-04-28,33.2400016784668,33.7400016784668,32.220001220703125,33.130001068115234,32.17856979370117,75100
2020-04-29,34.2599983215332,36.619998931884766,33.630001068115234,36.150001525878906,35.11183547973633,174100
2020-04-30,35.16999816894531,36.15999984741211,34.7400016784668,35.56999969482422,34.54848861694336,93100
2020-05-01,34.56999969482422,35.08000183105469,33.630001068115234,33.95000076293945,32.97500991821289,135600
2020-05-04,33.31999969482422,33.79999923706055,31.780000686645508,32.59000015258789,31.654077529907227,136900
2020-05-05,35.83000183105469,37.29999923706055,34.279998779296875,34.70000076293945,33.70348358154297,210700
2020-05-06,34.560001373291016,34.70000076293945,33.599998474121094,33.81999969482422,32.848751068115234,86800
2020-05-07,34.70000076293945,34.790000915527344,33.060001373291016,33.439998626708984,32.47966384887695,84100
2020-05-08,34.439998626708984,34.959999084472656,34.029998779296875,34.75,33.752044677734375,87300
2020-05-11,34.09000015258789,34.09000015258789,32.939998626708984,33.36000061035156,32.40195846557617,135700
2020-05-12,33.63999938964844,33.66999816894531,32.66999816894531,33.0,32.05229949951172,702100
2020-05-13,32.7599983215332,32.7599983215332,31.239999771118164,31.790000915527344,30.877044677734375,89500
2020-05-14,31.010000228881836,31.010000228881836,29.829999923706055,30.399999618530273,29.526966094970703,148100
2020-05-15,30.719999313354492,30.719999313354492,29.709999084472656,30.0,29.13845443725586,228200
2020-05-18,31.079999923706055,31.940000534057617,30.309999465942383,31.5,30.595375061035156,339900
2020-05-19,31.450000762939453,31.75,29.75,29.850000381469727,28.992761611938477,162700
2020-05-20,30.420000076293945,31.420000076293945,30.15999984741211,31.0,30.10973358154297,778400
2020-05-21,31.139999389648438,32.95000076293945,31.139999389648438,31.989999771118164,31.07130241394043,256900
2020-05-22,31.969999313354492,32.779998779296875,31.6200008392334,32.099998474121094,31.178138732910156,258000
2020-05-26,33.40999984741211,34.810001373291016,32.93000030517578,34.0099983215332,33.03329086303711,541300
2020-05-27,34.63999938964844,35.900001525878906,34.31999969482422,35.2599983215332,34.24740219116211,499800
2020-05-28,35.84000015258789,36.380001068115234,33.88999938964844,34.939998626708984,33.936588287353516,459500
2020-05-29,36.66999816894531,36.66999816894531,35.220001220703125,35.77000045776367,34.74274826049805,389100
2020-06-01,35.7599983215332,36.5099983215332,35.220001220703125,35.4900016784668,34.470794677734375,238900
2020-06-02,36.13999938964844,36.2400016784668,34.369998931884766,34.66999816894531,33.67433166503906,220200
2020-06-03,35.36000061035156,37.790000915527344,35.130001068115234,37.13999938964844,36.07339859008789,115900
2020-06-04,37.0,37.97999954223633,37.0,37.93000030517578,36.84071350097656,70800
2020-06-05,39.380001068115234,41.630001068115234,38.77000045776367,40.470001220703125,39.307769775390625,195500
2020-06-08,41.0,41.0,37.93000030517578,39.5099983215332,38.375335693359375,166300
2020-06-09,38.790000915527344,39.88999938964844,38.25,39.41999816894531,38.287925720214844,219400
2020-06-10,39.29999923706055,39.599998474121094,38.02000045776367,38.7400016784668,37.62746047973633,191300
2020-06-11,37.0,37.38999938964844,34.95000076293945,35.0,33.99485778808594,193300
2020-06-12,36.47999954223633,36.720001220703125,34.09000015258789,34.9900016784668,33.98514938354492,158300
2020-06-15,33.880001068115234,35.959999084472656,33.75,35.540000915527344,34.519344329833984,69200
2020-06-16,37.11000061035156,37.56999969482422,35.77000045776367,36.279998779296875,35.238094329833984,194900
2020-06-17,36.209999084472656,36.209999084472656,34.88999938964844,35.400001525878906,34.38337707519531,91300
2020-06-18,35.59000015258789,36.15999984741211,35.40999984741211,36.02000045776367,34.98556900024414,89200
2020-06-19,36.45000076293945,36.79999923706055,35.27000045776367,35.58000183105469,34.55820846557617,175600
2020-06-22,35.33000183105469,36.22999954223633,35.0,36.09000015258789,35.05355453491211,130800
2020-06-23,36.529998779296875,36.72999954223633,35.279998779296875,36.0,34.96614456176758,133000
2020-06-24,35.68000030517578,35.7599983215332,34.849998474121094,35.4900016784668,34.470794677734375,205700
2020-06-25,35.290000915527344,37.06999969482422,34.939998626708984,36.90999984741211,35.850006103515625,178000
2020-06-26,36.619998931884766,38.0,35.91999816894531,36.599998474121094,35.548912048339844,443200
2020-06-29,37.59000015258789,38.349998474121094,36.400001525878906,37.5099983215332,36.43277359008789,176300
2020-06-30,37.349998474121094,37.880001068115234,36.7599983215332,37.25,36.180240631103516,139900
2020-07-01,37.189998626708984,37.43000030517578,34.790000915527344,35.040000915527344,34.11614227294922,111900
2020-07-02,35.84000015258789,36.66999816894531,35.61000061035156,35.810001373291016,34.86585235595703,64100
2020-07-06,36.52000045776367,36.959999084472656,36.099998474121094,36.290000915527344,35.33318328857422,85700
2020-07-07,35.7400016784668,36.119998931884766,34.91999816894531,35.060001373291016,34.135616302490234,130100
2020-07-08,35.029998779296875,35.029998779296875,33.630001068115234,34.31999969482422,33.41511917114258,104500
2020-07-09,34.470001220703125,34.88999938964844,33.33000183105469,33.63999938964844,32.75305938720703,91000
2020-07-10,33.79999923706055,34.45000076293945,33.25,34.16999816894531,33.269081115722656,56100
2020-07-13,34.5,35.470001220703125,31.559999465942383,34.310001373291016,33.405399322509766,68400
2020-07-14,34.369998931884766,35.31999969482422,34.36000061035156,35.279998779296875,34.34981918334961,107100
2020-07-15,36.0099983215332,37.029998779296875,36.0099983215332,36.56999969482422,35.60580825805664,99300
2020-07-16,36.22999954223633,36.849998474121094,35.720001220703125,36.02000045776367,35.0703125,51900
2020-07-17,35.9900016784668,37.119998931884766,35.9900016784668,36.72999954223633,35.76157760620117,67600
2020-07-20,36.540000915527344,36.560001373291016,35.75,36.349998474121094,35.3916015625,66400
2020-07-21,36.59000015258789,37.38999938964844,36.529998779296875,36.81999969482422,35.84921646118164,61800
2020-07-22,36.540000915527344,37.0,36.41999816894531,36.439998626708984,35.47923278808594,38800
2020-07-23,36.34000015258789,37.63999938964844,36.34000015258789,37.189998626708984,36.20945739746094,48800
2020-07-24,37.04999923706055,37.130001068115234,36.52000045776367,36.66999816894531,35.70316696166992,44400
2020-07-27,36.58000183105469,38.58000183105469,36.43000030517578,37.84000015258789,36.84231948852539,93800
2020-07-28,37.54999923706055,38.119998931884766,36.33000183105469,36.650001525878906,35.68370056152344,90400
2020-07-29,36.849998474121094,38.43000030517578,36.849998474121094,38.369998931884766,37.358341217041016,93800
2020-07-30,37.709999084472656,38.709999084472656,37.29999923706055,38.220001220703125,37.212303161621094,89800
2020-07-31,37.790000915527344,38.13999938964844,37.040000915527344,37.83000183105469,36.83258819580078,106500
2020-08-03,38.119998931884766,38.68000030517578,37.650001525878906,38.2599983215332,37.251243591308594,167700
2020-08-04,39.40999984741211,40.900001525878906,38.09000015258789,39.56999969482422,38.52669906616211,159700
2020-08-05,39.84000015258789,41.279998779296875,39.84000015258789,41.09000015258789,40.00662612915039,103500
2020-08-06,41.16999816894531,41.369998931884766,40.45000076293945,41.22999954223633,40.14293670654297,56500
2020-08-07,41.15999984741211,42.33000183105469,40.7400016784668,42.209999084472656,41.09709548950195,103400
2020-08-10,42.29999923706055,43.099998474121094,42.16999816894531,42.97999954223633,41.84679412841797,102700
2020-08-11,43.25,44.529998779296875,42.619998931884766,43.380001068115234,42.23624801635742,114200
2020-08-12,43.779998779296875,44.029998779296875,42.880001068115234,43.369998931884766,42.22651290893555,69100
2020-08-13,43.11000061035156,43.29999923706055,42.36000061035156,42.61000061035156,41.486549377441406,57900
2020-08-14,42.41999816894531,42.58000183105469,41.709999084472656,42.58000183105469,41.45734405517578,48000
2020-08-17,42.720001220703125,42.84000015258789,42.029998779296875,42.150001525878906,41.0386848449707,69000
2020-08-18,42.25,42.25,41.77000045776367,42.08000183105469,40.97053146362305,52900
2020-08-19,42.18000030517578,42.25,41.4900016784668,41.63999938964844,40.5421257019043,63900
2020-08-20,41.15999984741211,41.560001373291016,40.599998474121094,41.08000183105469,39.99689483642578,55000
2020-08-21,41.08000183105469,41.220001220703125,40.130001068115234,40.63999938964844,39.5684928894043,86400
2020-08-24,41.09000015258789,41.65999984741211,40.41999816894531,41.25,40.16241455078125,94800
2020-08-25,41.45000076293945,41.65999984741211,40.290000915527344,41.02000045776367,39.9384765625,84700
2020-08-26,41.06999969482422,41.58000183105469,40.33000183105469,41.029998779296875,39.948204040527344,88700
2020-08-27,41.2400016784668,41.540000915527344,40.54999923706055,40.90999984741211,39.83137512207031,98600
2020-08-28,41.20000076293945,41.65999984741211,41.06999969482422,41.47999954223633,40.38634490966797,58400
2020-08-31,41.939998626708984,42.0,40.900001525878906,41.11000061035156,40.02610778808594,112600
2020-09-01,40.90999984741211,42.79999923706055,40.83000183105469,42.45000076293945,41.33076477050781,126500
2020-09-02,42.369998931884766,43.369998931884766,42.369998931884766,42.68000030517578,41.55470657348633,123500
2020-09-03,42.540000915527344,42.540000915527344,40.900001525878906,41.11000061035156,40.02610778808594,74500
2020-09-04,41.709999084472656,42.0099983215332,40.75,41.060001373291016,39.97743225097656,49900
2020-09-08,40.630001068115234,40.7400016784668,39.65999984741211,40.02000045776367,38.96485137939453,43900
2020-09-09,40.459999084472656,40.75,39.86000061035156,40.20000076293945,39.14009475708008,39900
2020-09-10,40.43000030517578,40.91999816894531,39.439998626708984,39.439998626708984,38.40012741088867,41600
2020-09-11,39.529998779296875,40.11000061035156,39.25,39.4900016784668,38.44881820678711,70400
2020-09-14,39.77000045776367,40.529998779296875,39.77000045776367,40.220001220703125,39.159576416015625,79100
2020-09-15,40.58000183105469,40.779998779296875,39.18000030517578,39.36000061035156,38.322242736816406,40200
2020-09-16,39.52000045776367,39.650001525878906,38.91999816894531,39.09000015258789,38.05936050415039,72000
2020-09-17,38.619998931884766,39.040000915527344,37.279998779296875,38.81999969482422,37.79647445678711,59200
2020-09-18,39.310001373291016,39.9900016784668,38.43000030517578,38.540000915527344,37.52386474609375,253800
2020-09-21,37.75,37.779998779296875,35.400001525878906,36.04999923706055,35.099517822265625,136300
2020-09-22,36.16999816894531,36.70000076293945,35.54999923706055,36.45000076293945,35.48896789550781,76900
2020-09-23,36.33000183105469,37.150001525878906,36.11000061035156,36.31999969482422,35.362396240234375,88300
2020-09-24,36.400001525878906,37.08000183105469,35.84000015258789,36.279998779296875,35.32345199584961,52200
2020-09-25,36.119998931884766,36.40999984741211,35.880001068115234,35.970001220703125,35.0216178894043,44300
2020-09-28,36.369998931884766,37.38999938964844,36.369998931884766,36.93000030517578,35.95631408691406,51200
2020-09-29,36.93000030517578,37.18000030517578,36.439998626708984,36.91999816894531,35.946571350097656,37500
2020-09-30,37.08000183105469,37.5099983215332,35.95000076293945,36.400001525878906,35.44028854370117,91400
2020-10-01,36.4900016784668,37.13999938964844,35.84000015258789,36.970001220703125,35.995262145996094,113100
2020-10-02,36.11000061035156,37.84000015258789,35.79999923706055,37.36000061035156,36.463741302490234,59400
2020-10-05,37.63999938964844,38.900001525878906,37.380001068115234,38.630001068115234,37.70328140258789,86500
2020-10-06,39.029998779296875,40.59000015258789,38.77000045776367,38.83000183105469,37.89847946166992,72400
2020-10-07,39.25,40.040000915527344,38.65999984741211,39.2400016784668,38.298641204833984,68400
2020-10-08,39.52000045776367,40.0,38.900001525878906,39.540000915527344,38.59144592285156,60300
2020-10-09,41.29999923706055,41.29999923706055,39.27000045776367,39.880001068115234,38.92328643798828,49800
2020-10-12,40.27000045776367,42.689998626708984,40.27000045776367,41.97999954223633,40.972900390625,339700
2020-10-13,41.84000015258789,41.9900016784668,40.7400016784668,41.68000030517578,40.68009948730469,163900
2020-10-14,41.7599983215332,41.900001525878906,40.4900016784668,40.90999984741211,39.9285774230957,113200
2020-10-15,40.380001068115234,42.540000915527344,40.380001068115234,42.52000045776367,41.49995422363281,69600
2020-10-16,42.22999954223633,43.2400016784668,42.22999954223633,42.36000061035156,41.34379577636719,102200
2020-10-19,42.68000030517578,43.2400016784668,41.900001525878906,42.130001068115234,41.11931610107422,78000
2020-10-20,42.599998474121094,43.369998931884766,42.54999923706055,43.25,42.212432861328125,67100
2020-10-21,43.0,44.439998626708984,42.75,44.16999816894531,43.11036682128906,158600
2020-10-22,44.0,44.79999923706055,43.59000015258789,44.31999969482422,43.256771087646484,134900
2020-10-23,44.33000183105469,44.529998779296875,43.45000076293945,44.119998931884766,43.06156539916992,73000
2020-10-26,43.599998474121094,43.810001373291016,42.779998779296875,43.810001373291016,42.75901412963867,71900
2020-10-27,43.66999816894531,44.2400016784668,42.9900016784668,43.43000030517578,42.38812255859375,148000
2020-10-28,42.439998626708984,44.16999816894531,41.34000015258789,41.5,40.50442886352539,73700
2020-10-29,41.36000061035156,42.029998779296875,39.91999816894531,41.810001373291016,40.80699157714844,79300
2020-10-30,41.720001220703125,42.529998779296875,41.349998474121094,41.84000015258789,40.836273193359375,107700
2020-11-02,42.470001220703125,44.040000915527344,41.5099983215332,43.54999923706055,42.505245208740234,148600
2020-11-03,44.400001525878906,45.25,42.95000076293945,44.75,43.67646408081055,168700
2020-11-04,44.45000076293945,44.9900016784668,42.41999816894531,43.040000915527344,42.00747299194336,79300
2020-11-05,45.08000183105469,45.08000183105469,43.349998474121094,44.650001525878906,43.578857421875,50700
2020-11-06,44.869998931884766,45.0,44.189998626708984,44.25,43.188453674316406,37200
2020-11-09,45.0099983215332,48.04999923706055,44.25,47.65999984741211,46.51664733886719,187300
2020-11-10,48.04999923706055,50.0,47.220001220703125,49.91999816894531,48.72242736816406,177900
2020-11-11,49.939998626708984,50.0,48.38999938964844,49.95000076293945,48.751712799072266,86000
2020-11-12,49.439998626708984,49.88999938964844,45.150001525878906,48.97999954223633,47.80498504638672,134400
2020-11-13,49.380001068115234,49.529998779296875,48.09000015258789,48.5,47.33649826049805,109500
2020-11-16,49.72999954223633,50.25,49.0,49.900001525878906,48.702911376953125,115400
2020-11-17,49.47999954223633,50.16999816894531,48.7599983215332,49.650001525878906,48.45891189575195,110900
2020-11-18,49.95000076293945,50.2599983215332,48.54999923706055,48.630001068115234,47.463375091552734,89200
2020-11-19,48.38999938964844,49.22999954223633,47.779998779296875,49.15999984741211,47.98065948486328,93300
2020-11-20,48.599998474121094,48.91999816894531,46.9900016784668,48.40999984741211,47.2486572265625,159600
2020-11-23,48.79999923706055,50.040000915527344,48.52000045776367,49.470001220703125,48.283233642578125,67300
2020-11-24,50.0099983215332,52.0,48.709999084472656,51.68000030517578,50.44020462036133,153600
2020-11-25,51.36000061035156,51.45000076293945,48.279998779296875,50.720001220703125,49.50324630737305,77900
2020-11-27,50.77000045776367,51.27000045776367,49.5099983215332,49.83000183105469,48.63459777832031,22900
2020-11-30,49.59000015258789,50.11000061035156,48.709999084472656,49.22999954223633,48.04898452758789,119700
2020-12-01,49.90999984741211,50.689998626708984,48.7599983215332,49.09000015258789,47.91233825683594,93900
2020-12-02,49.09000015258789,49.619998931884766,47.689998626708984,49.09000015258789,47.91233825683594,61500
2020-12-03,49.040000915527344,50.16999816894531,49.040000915527344,49.25,48.06850051879883,37100
2020-12-04,49.47999954223633,49.9900016784668,47.970001220703125,49.83000183105469,48.63459777832031,85000
2020-12-07,49.83000183105469,50.31999969482422,49.08000183105469,49.56999969482422,48.380828857421875,76300
2020-12-08,49.13999938964844,50.86000061035156,49.13999938964844,50.70000076293945,49.48372268676758,135100
2020-12-09,51.54999923706055,52.380001068115234,51.38999938964844,52.0,50.75253677368164,83600
2020-12-10,51.439998626708984,52.47999954223633,51.0,51.630001068115234,50.39140701293945,88900
2020-12-11,51.310001373291016,53.16999816894531,51.310001373291016,52.540000915527344,51.279571533203125,52200
2020-12-14,53.81999969482422,53.81999969482422,51.36000061035156,51.900001525878906,50.654930114746094,99300
2020-12-15,52.27000045776367,53.869998931884766,52.099998474121094,53.849998474121094,52.55814743041992,93600
2020-12-16,53.5,53.939998626708984,52.20000076293945,52.790000915527344,51.52357864379883,94800
2020-12-17,53.06999969482422,53.119998931884766,51.88999938964844,52.939998626708984,51.66997528076172,71800
2020-12-18,53.290000915527344,54.20000076293945,52.31999969482422,53.2599983215332,51.98230743408203,265700
2020-12-21,52.20000076293945,52.70000076293945,50.90999984741211,52.630001068115234,51.3674201965332,103700
2020-12-22,52.56999969482422,53.43000030517578,51.470001220703125,51.95000076293945,50.7037353515625,86500
2020-12-23,52.279998779296875,52.54999923706055,51.900001525878906,52.209999084472656,50.957496643066406,41400
2020-12-24,52.209999084472656,53.2400016784668,50.900001525878906,52.7599983215332,51.49429702758789,27000
2020-12-28,53.27000045776367,53.779998779296875,52.279998779296875,52.77000045776367,51.50406265258789,61500
2020-12-29,53.02000045776367,53.459999084472656,51.59000015258789,52.18000030517578,50.92822265625,46900
2020-12-30,52.18000030517578,53.5,52.18000030517578,52.869998931884766,51.60166549682617,62000
2020-12-31,52.7599983215332,53.86000061035156,52.689998626708984,53.290000915527344,52.01158905029297,86400
2021-01-04,53.45000076293945,53.65999984741211,51.47999954223633,51.91999816894531,50.76018142700195,90300
2021-01-05,51.970001220703125,54.38999938964844,51.470001220703125,53.560001373291016,52.36354446411133,168500
2021-01-06,53.959999084472656,57.66999816894531,53.959999084472656,57.38999938964844,56.10798263549805,174600
2021-01-07,57.34000015258789,58.369998931884766,56.939998626708984,58.290000915527344,56.98788833618164,82800
2021-01-08,58.959999084472656,58.959999084472656,56.400001525878906,57.52000045776367,56.235084533691406,145700
2021-01-11,56.56999969482422,58.599998474121094,56.56999969482422,58.380001068115234,57.075870513916016,62900
2021-01-12,58.380001068115234,59.880001068115234,58.380001068115234,59.52000045776367,58.19041442871094,68900
2021-01-13,59.130001068115234,59.220001220703125,57.86000061035156,57.939998626708984,56.64569854736328,45900
2021-01-14,58.119998931884766,59.45000076293945,57.9900016784668,59.13999938964844,57.81889724731445,87100
2021-01-15,58.5,58.91999816894531,57.20000076293945,57.810001373291016,56.51860427856445,131900
2021-01-19,58.61000061035156,59.25,57.0,57.5099983215332,56.225311279296875,93900
2021-01-20,57.88999938964844,59.310001373291016,57.11000061035156,57.72999954223633,56.44038772583008,67700
2021-01-21,58.220001220703125,58.29999923706055,56.5,57.47999954223633,56.19596862792969,52000
2021-01-22,56.709999084472656,58.560001373291016,56.529998779296875,58.5,57.19318771362305,93900
2021-01-25,58.04999923706055,58.04999923706055,56.5,57.20000076293945,55.92223358154297,86100
2021-01-26,57.84000015258789,58.81999969482422,56.59000015258789,57.0,55.72670364379883,75000
2021-01-27,55.58000183105469,57.0,53.529998779296875,54.650001525878906,53.42919921875,147500
2021-01-28,55.11000061035156,55.40999984741211,54.349998474121094,55.029998779296875,53.80070114135742,89400
2021-01-29,54.65999984741211,54.869998931884766,53.83000183105469,54.54999923706055,53.3314323425293,130100
2021-02-01,54.869998931884766,56.08000183105469,53.61000061035156,55.810001373291016,54.563289642333984,78800
2021-02-02,56.5,57.72999954223633,56.290000915527344,57.029998779296875,55.756019592285156,72200
2021-02-03,56.63999938964844,57.380001068115234,56.47999954223633,57.380001068115234,56.09820556640625,72000
2021-02-04,57.22999954223633,60.02000045776367,57.22999954223633,59.689998626708984,58.35660934448242,141400
2021-02-05,60.369998931884766,60.369998931884766,57.869998931884766,60.189998626708984,58.84543991088867,85700
2021-02-08,60.599998474121094,62.04999923706055,59.959999084472656,61.9900016784668,60.605228424072266,76400
2021-02-09,61.72999954223633,62.630001068115234,61.040000915527344,61.9900016784668,60.605228424072266,63700
2021-02-10,62.470001220703125,62.470001220703125,61.15999984741211,61.470001220703125,60.09684753417969,64200
2021-02-11,60.90999984741211,61.41999816894531,59.0099983215332,60.33000183105469,58.9823112487793,67000
2021-02-12,59.9900016784668,60.68000030517578,59.41999816894531,60.599998474121094,59.246280670166016,122300
2021-02-16,60.38999938964844,61.0,59.939998626708984,60.7599983215332,59.4026985168457,91600
2021-02-17,60.380001068115234,61.900001525878906,60.380001068115234,61.38999938964844,60.01863098144531,100400
2021-02-18,61.209999084472656,61.75,60.630001068115234,61.470001220703125,60.09684753417969,106900
2021-02-19,61.709999084472656,63.0,61.29999923706055,62.970001220703125,61.5633430480957,82800
2021-02-22,62.38999938964844,64.47000122070312,61.22999954223633,64.27999877929688,62.84407424926758,107500
2021-02-23,63.880001068115234,65.9000015258789,63.470001220703125,65.31999969482422,63.86085510253906,175800
2021-02-24,66.12999725341797,67.79000091552734,65.52999877929688,66.94999694824219,65.45442199707031,129900
2021-02-25,66.87000274658203,67.55999755859375,65.4000015258789,65.58999633789062,64.12480163574219,111200
2021-02-26,65.80999755859375,66.66000366210938,64.51000213623047,65.4000015258789,63.939064025878906,146600
2021-03-01,66.62000274658203,67.7300033569336,66.13999938964844,67.55000305175781,66.0410385131836,63000
2021-03-02,70.0,70.69999694824219,68.33999633789062,68.86000061035156,67.3217544555664,156300
2021-03-03,69.44000244140625,70.3499984741211,66.66999816894531,69.33999633789062,67.79103088378906,133100
2021-03-04,69.45999908447266,70.38999938964844,66.62000274658203,68.19999694824219,66.676513671875,128000
2021-03-05,69.33999633789062,70.43000030517578,67.01000213623047,70.11000061035156,68.5438461303711,135900
2021-03-08,70.69000244140625,73.97000122070312,69.58999633789062,73.63999938964844,71.99498748779297,140700
2021-03-09,74.0,74.16000366210938,71.94000244140625,73.51000213623047,71.86790466308594,209800
2021-03-10,73.43000030517578,74.0,71.81999969482422,72.27999877929688,70.66535949707031,132600
2021-03-11,72.37999725341797,73.75,71.12000274658203,73.2699966430664,71.63325500488281,142200
2021-03-12,73.44999694824219,74.75,73.44999694824219,74.2699966430664,72.61091613769531,82300
2021-03-15,73.88999938964844,73.88999938964844,71.5,72.72000122070312,71.09554290771484,89200
2021-03-16,72.4800033569336,72.88999938964844,71.77999877929688,72.2300033569336,70.61648559570312,84900
2021-03-17,73.06999969482422,74.61000061035156,72.61000061035156,73.58000183105469,71.93634033203125,90700
2021-03-18,73.5,76.0,73.1500015258789,73.9000015258789,72.24918365478516,107400
2021-03-19,73.26000213623047,75.11000061035156,70.58000183105469,74.19000244140625,72.5326919555664,321800
2021-03-22,73.7300033569336,73.7300033569336,70.16999816894531,71.44999694824219,69.85391998291016,104000
2021-03-23,70.80000305175781,71.36000061035156,68.94999694824219,69.31999969482422,67.77149200439453,94700
2021-03-24,69.94999694824219,72.05999755859375,69.04000091552734,69.26000213623047,67.71283721923828,98300
2021-03-25,68.95999908447266,71.30999755859375,68.04000091552734,71.04000091552734,69.45307922363281,65500
2021-03-26,71.61000061035156,73.30999755859375,71.5999984741211,73.19000244140625,71.5550537109375,60600
2021-03-29,73.01000213623047,73.73999786376953,71.19000244140625,71.2699966430664,69.67793273925781,84500
2021-03-30,71.52999877929688,73.72000122070312,71.1500015258789,73.30999755859375,71.67236328125,88700
2021-03-31,73.20999908447266,74.2699966430664,72.56999969482422,72.87000274658203,71.24217224121094,120900
2021-04-01,72.70999908447266,73.5199966430664,72.55000305175781,72.9800033569336,71.43795776367188,99500
2021-04-05,73.31999969482422,74.31999969482422,72.37999725341797,72.8499984741211,71.31070709228516,103000
2021-04-06,72.5,73.36000061035156,71.61000061035156,71.80999755859375,70.29267120361328,153100
2021-04-07,71.63999938964844,72.12999725341797,68.11000061035156,68.83999633789062,67.38543701171875,174600
2021-04-08,69.08999633789062,69.94000244140625,67.29000091552734,69.62000274658203,68.14896392822266,226000
2021-04-09,69.37000274658203,70.25,68.7300033569336,69.83000183105469,68.35453033447266,62900
2021-04-12,70.06999969482422,70.44000244140625,69.2699966430664,69.98999786376953,68.51112365722656,45800
2021-04-13,69.88999938964844,70.0,68.06999969482422,68.75,67.29733276367188,70900
2021-04-14,68.55000305175781,70.45999908447266,68.55000305175781,69.63999938964844,68.16854095458984,63000
2021-04-15,70.16999816894531,70.94000244140625,69.0,70.83999633789062,69.34317016601562,58800
2021-04-16,71.56999969482422,72.48999786376953,70.26000213623047,70.54000091552734,69.04951477050781,90100
2021-04-19,70.52999877929688,70.94999694824219,69.62999725341797,70.43000030517578,68.94183349609375,80700
2021-04-20,70.23999786376953,70.4000015258789,69.05999755859375,69.45999908447266,67.9923324584961,76900
2021-04-21,69.54000091552734,71.63999938964844,69.54000091552734,71.2300033569336,69.72493743896484,60100
2021-04-22,71.18000030517578,71.80999755859375,70.30999755859375,70.47000122070312,68.98098754882812,47000
2021-04-23,70.69000244140625,72.91999816894531,70.69000244140625,72.22000122070312,70.69403076171875,69800
2021-04-26,72.80000305175781,73.63999938964844,72.33000183105469,72.58000183105469,71.04641723632812,46400
2021-04-27,72.55000305175781,73.41000366210938,71.31999969482422,73.06999969482422,71.52606201171875,77200
2021-04-28,73.0,73.31999969482422,72.37000274658203,72.68000030517578,71.14430236816406,42800
2021-04-29,72.8499984741211,73.37999725341797,71.52999877929688,72.5999984741211,71.06599426269531,51700
2021-04-30,71.7300033569336,72.97000122070312,71.48999786376953,72.27999877929688,70.75275421142578,117300
2021-05-03,72.81999969482422,73.94999694824219,71.95999908447266,72.81999969482422,71.28133392333984,67400
2021-05-04,72.4000015258789,73.98999786376953,72.0,73.5999984741211,72.04486083984375,71800
2021-05-05,73.62000274658203,75.30000305175781,73.16999816894531,74.22000122070312,72.65174865722656,96500
2021-05-06,74.88999938964844,74.88999938964844,73.30000305175781,74.69000244140625,73.1118392944336,57700
2021-05-07,74.1500015258789,76.45999908447266,73.7300033569336,75.94999694824219,74.34520721435547,54800
2021-05-10,76.5,76.9800033569336,74.44000244140625,74.91000366210938,73.3271713256836,100100
2021-05-11,71.16999816894531,76.04000091552734,71.16999816894531,75.77999877929688,74.17878723144531,140100
2021-05-12,74.30999755859375,76.0,73.87000274658203,74.25,72.68113708496094,140100
2021-05-13,74.1500015258789,77.80000305175781,74.1500015258789,77.58000183105469,75.9407730102539,108000
2021-05-14,77.98999786376953,79.0999984741211,77.7300033569336,78.68000030517578,77.01750183105469,93700
2021-05-17,78.94000244140625,79.05000305175781,76.94000244140625,77.30000305175781,75.66667175292969,90600
2021-05-18,77.23999786376953,77.70999908447266,74.62999725341797,74.83000183105469,73.2488784790039,97600
2021-05-19,73.80000305175781,74.02999877929688,73.02999877929688,73.61000061035156,72.05464935302734,117000
2021-05-20,73.41000366210938,73.41000366210938,69.81999969482422,70.36000061035156,68.8733139038086,111400
2021-05-21,71.36000061035156,71.5,69.7300033569336,71.2699966430664,69.76410675048828,134500
2021-05-24,71.2699966430664,72.19999694824219,70.33000183105469,71.6500015258789,70.13606262207031,68000
2021-05-25,71.66000366210938,72.4800033569336,70.58999633789062,70.58999633789062,69.09843444824219,103500
2021-05-26,71.0999984741211,72.05000305175781,70.70999908447266,71.19999694824219,69.6955795288086,67700
2021-05-27,71.66000366210938,72.76000213623047,71.66000366210938,72.13999938964844,70.61570739746094,92800
2021-05-28,72.19000244140625,72.69999694824219,70.76000213623047,71.05000305175781,69.54874420166016,62000
2021-06-01,71.58999633789062,72.41000366210938,70.55000305175781,72.1500015258789,70.6255111694336,95600
2021-06-02,72.62000274658203,72.66000366210938,71.47000122070312,72.55999755859375,71.02684020996094,80900
2021-06-03,72.1500015258789,74.16999816894531,70.0999984741211,73.68000030517578,72.1231689453125,93700
2021-06-04,74.0,74.56999969482422,72.4800033569336,73.18000030517578,71.63372802734375,47700
2021-06-07,73.5,74.19999694824219,71.05000305175781,73.79000091552734,72.2308349609375,77200
2021-06-08,73.63999938964844,74.6500015258789,72.43000030517578,74.4800033569336,72.9062728881836,54700
2021-06-09,74.4800033569336,74.6500015258789,72.5,73.12000274658203,71.57501220703125,72300
2021-06-10,73.62000274658203,73.80000305175781,71.58000183105469,71.97000122070312,70.44931030273438,97100
2021-06-11,72.22000122070312,72.79000091552734,71.58000183105469,72.6500015258789,71.11493682861328,41300
2021-06-14,72.88999938964844,73.1500015258789,71.63999938964844,72.0,70.47867584228516,50300
2021-06-15,72.26000213623047,74.0,71.72000122070312,74.0,72.43640899658203,63600
2021-06-16,74.4800033569336,75.52999877929688,73.2699966430664,75.16000366210938,73.5718994140625,118300
2021-06-17,75.45999908447266,75.45999908447266,72.25,73.0199966430664,71.47711944580078,108000
2021-06-18,76.5999984741211,76.8499984741211,73.01000213623047,73.62999725341797,72.07421875,326400
2021-06-21,73.9000015258789,76.63999938964844,73.9000015258789,76.33999633789062,74.7269515991211,83000
2021-06-22,76.20999908447266,76.83999633789062,75.37000274658203,76.37999725341797,74.76612091064453,104000
2021-06-23,76.43000030517578,76.62000274658203,75.66999816894531,75.9000015258789,74.29624938964844,114400
2021-06-24,75.8499984741211,77.30000305175781,75.44000244140625,77.22000122070312,75.58837127685547,44100
2021-06-25,77.33999633789062,78.30000305175781,75.16999816894531,75.8499984741211,74.247314453125,797700
2021-06-28,76.0,77.80000305175781,75.56999969482422,77.5999984741211,75.96033477783203,79300
2021-06-29,77.58000183105469,79.05999755859375,77.58000183105469,78.45999908447266,76.80216217041016,52600
2021-06-30,78.0999984741211,78.95999908447266,77.56999969482422,78.05000305175781,76.40083312988281,107500
2021-07-01,78.37000274658203,78.69000244140625,77.76000213623047,78.19999694824219,76.63603973388672,44000
2021-07-02,78.25,78.58999633789062,77.05000305175781,77.55999755859375,76.00881958007812,48300
2021-07-06,77.33000183105469,77.66000366210938,75.20999908447266,77.1500015258789,75.60701751708984,59900
2021-07-07,77.30000305175781,78.72000122070312,77.1500015258789,78.62999725341797,77.05744171142578,79600
2021-07-08,77.18000030517578,78.52999877929688,75.44000244140625,77.33999633789062,75.7932357788086,63100
2021-07-09,78.26000213623047,79.38999938964844,77.5999984741211,78.80000305175781,77.22404479980469,57400
2021-07-12,78.9000015258789,79.5,78.05000305175781,79.48999786376953,77.90023803710938,64700
2021-07-13,79.56999969482422,79.56999969482422,77.62000274658203,78.02999877929688,76.46943664550781,73600
2021-07-14,78.19999694824219,78.44999694824219,77.05000305175781,77.47000122070312,75.92061614990234,44300
2021-07-15,77.0,77.5,76.05999755859375,77.0,75.46003723144531,63800
2021-07-16,77.31999969482422,77.58000183105469,75.47000122070312,75.80000305175781,74.28404998779297,100500
2021-07-19,74.5999984741211,74.5999984741211,72.51000213623047,73.63999938964844,72.16722869873047,85700
2021-07-20,74.0199966430664,77.16999816894531,74.0199966430664,76.0199966430664,74.49962615966797,129600
2021-07-21,76.62000274658203,78.62999725341797,76.58000183105469,77.76000213623047,76.20484924316406,57600
2021-07-22,77.68000030517578,78.4000015258789,76.33999633789062,77.08999633789062,75.54823303222656,48800
2021-07-23,77.63999938964844,79.29000091552734,76.58999633789062,79.0199966430664,77.43962097167969,54800
2021-07-26,79.11000061035156,79.79000091552734,77.7300033569336,78.47000122070312,76.90062713623047,38800
2021-07-27,78.16999816894531,79.01000213623047,76.68000030517578,78.97000122070312,77.39063262939453,76100
2021-07-28,79.05999755859375,79.80000305175781,77.33000183105469,79.0199966430664,77.43962097167969,37700
2021-07-29,79.58999633789062,81.73999786376953,79.11000061035156,81.29000091552734,79.66423034667969,63400
2021-07-30,80.9000015258789,81.91000366210938,79.77999877929688,80.8499984741211,79.23304748535156,115200
2021-08-02,81.0999984741211,82.5999984741211,79.55999755859375,80.19000244140625,78.58622741699219,73600
2021-08-03,80.19000244140625,81.5199966430664,78.62000274658203,80.58999633789062,78.97823333740234,58300
2021-08-04,80.05999755859375,80.91000366210938,79.55000305175781,80.5999984741211,78.98802947998047,51500
2021-08-05,80.86000061035156,81.73999786376953,80.86000061035156,81.56999969482422,79.93862915039062,92000
2021-08-06,82.27999877929688,82.94999694824219,80.9800033569336,81.87000274658203,80.23262786865234,51400
2021-08-09,81.19999694824219,81.5199966430664,79.80000305175781,80.0,78.4000244140625,70700
2021-08-10,83.0,85.94000244140625,81.38999938964844,85.1500015258789,83.44703674316406,221700
2021-08-11,85.83999633789062,86.41999816894531,84.55999755859375,85.08999633789062,83.38823699951172,69100
2021-08-12,84.91999816894531,85.0,83.33000183105469,83.70999908447266,82.03584289550781,92100
2021-08-13,83.62999725341797,84.38999938964844,82.36000061035156,83.7300033569336,82.0554428100586,61400
2021-08-16,83.44000244140625,84.63999938964844,82.45999908447266,83.66999816894531,81.99664306640625,49400
2021-08-17,83.0199966430664,83.44000244140625,81.19999694824219,82.0,80.36003112792969,80900
2021-08-18,81.58999633789062,82.08000183105469,80.43000030517578,80.62999725341797,79.0174331665039,39700
2021-08-19,79.55000305175781,83.01000213623047,78.41999816894531,78.88999938964844,77.3122329711914,61100
2021-08-20,78.70999908447266,79.37000274658203,78.05000305175781,78.9800033569336,77.40043640136719,63700
2021-08-23,79.6500015258789,81.26000213623047,79.33999633789062,79.98999786376953,78.39022064208984,66800
2021-08-24,80.08999633789062,81.69000244140625,79.69999694824219,80.19999694824219,78.59603118896484,65700
2021-08-25,80.31999969482422,81.2699966430664,80.31999969482422,80.5,78.89002990722656,32800
2021-08-26,80.22000122070312,80.30999755859375,78.06999969482422,78.7300033569336,77.15543365478516,46500
2021-08-27,79.23999786376953,81.12000274658203,79.1500015258789,80.62000274658203,79.00763702392578,65300
2021-08-30,80.98999786376953,81.86000061035156,80.80000305175781,81.66999816894531,80.03662109375,63000
2021-08-31,81.66999816894531,82.31999969482422,80.62000274658203,81.62000274658203,79.98763275146484,103100
2021-09-01,81.62000274658203,83.93000030517578,81.12000274658203,83.5,81.83002471923828,92200
2021-09-02,83.79000091552734,83.87000274658203,82.3499984741211,82.86000061035156,81.20284271240234,67100
2021-09-03,83.93000030517578,85.1500015258789,83.7699966430664,84.6500015258789,82.95703125,89700
2021-09-07,85.0,85.16000366210938,83.3499984741211,83.62999725341797,81.95741271972656,152200
2021-09-08,83.54000091552734,84.73999786376953,83.16000366210938,84.73999786376953,83.04522705078125,100400
2021-09-09,85.30000305175781,86.0,84.69999694824219,85.0,83.30003356933594,94800
2021-09-10,85.5999984741211,85.87999725341797,84.04000091552734,84.75,83.0550308227539,87400
2021-09-13,85.5,85.63999938964844,84.16000366210938,85.4000015258789,83.6920394897461,126200
2021-09-14,85.93000030517578,86.5999984741211,84.30999755859375,84.8499984741211,83.15303802490234,102300
2021-09-15,84.77999877929688,86.1500015258789,84.70999908447266,86.06999969482422,84.34864044189453,75400
2021-09-16,85.88999938964844,86.9800033569336,84.30000305175781,84.4000015258789,82.71204376220703,92700
2021-09-17,84.58000183105469,87.02999877929688,82.94000244140625,86.37999725341797,84.6524429321289,349200
2021-09-20,84.52999877929688,84.68000030517578,81.8499984741211,83.91999816894531,82.24163818359375,171100
2021-09-21,84.80999755859375,85.44000244140625,82.48999786376953,85.13999938964844,83.43724822998047,122100
2021-09-22,85.33000183105469,86.72000122070312,84.6500015258789,85.9800033569336,84.26042938232422,93600
2021-09-23,86.51000213623047,88.66999816894531,86.25,87.97000122070312,86.21063232421875,86200
2021-09-24,88.30999755859375,89.1500015258789,87.9800033569336,88.29000091552734,86.52423858642578,94100
2021-09-27,88.41000366210938,90.83000183105469,88.05999755859375,90.06999969482422,88.26863098144531,84100
2021-09-28,90.0199966430664,90.37999725341797,86.76000213623047,87.13999938964844,85.3972396850586,98600
2021-09-29,87.19999694824219,87.19999694824219,85.19999694824219,85.52999877929688,83.81942749023438,98900
2021-09-30,86.0999984741211,87.98999786376953,82.04000091552734,82.11000061035156,80.46784210205078,93200
2021-10-01,83.33999633789062,83.95999908447266,80.54000091552734,82.37000274658203,80.72264099121094,214800
2021-10-04,83.45999908447266,85.16999816894531,82.0,83.08000183105469,81.50749206542969,134000
2021-10-05,83.08000183105469,86.76000213623047,82.55000305175781,86.51000213623047,84.87258911132812,120700
2021-10-06,85.31999969482422,86.13999938964844,83.62999725341797,85.19999694824219,83.58736419677734,77100
2021-10-07,85.45999908447266,88.37000274658203,85.45999908447266,87.88999938964844,86.22647094726562,204400
2021-10-08,87.68000030517578,88.86000061035156,86.9000015258789,88.3499984741211,86.67774963378906,72400
2021-10-11,88.12999725341797,88.7699966430664,85.88999938964844,85.98999786376953,84.36241149902344,119500
2021-10-12,86.0,86.19999694824219,83.2699966430664,83.69000244140625,82.10594940185547,60900
2021-10-13,83.5,85.62000274658203,81.81999969482422,82.5,80.93846893310547,52500
2021-10-14,83.61000061035156,85.55000305175781,83.27999877929688,85.06999969482422,83.45982360839844,75700
2021-10-15,86.41000366210938,86.58999633789062,84.5199966430664,84.61000061035156,83.00852966308594,81200
2021-10-18,84.63999938964844,87.29000091552734,84.55000305175781,86.88999938964844,85.24536895751953,74100
2021-10-19,87.33999633789062,88.45999908447266,86.70999908447266,88.0,86.3343734741211,40500
2021-10-20,88.19000244140625,89.43000030517578,88.19000244140625,88.94999694824219,87.26637268066406,36800
2021-10-21,89.33000183105469,90.52999877929688,88.94000244140625,90.06999969482422,88.36518096923828,55700
2021-10-22,90.13999938964844,91.0,89.30000305175781,89.87000274658203,88.16898345947266,30600
2021-10-25,90.11000061035156,91.25,89.41999816894531,90.27999877929688,88.57120513916016,55600
2021-10-26,90.18000030517578,91.06999969482422,89.54000091552734,90.33000183105469,88.62027740478516,49300
2021-10-27,90.11000061035156,90.58000183105469,88.94000244140625,88.97000122070312,87.2860107421875,39600
2021-10-28,89.33000183105469,92.11000061035156,89.33000183105469,91.80999755859375,90.0722427368164,35100
2021-10-29,91.63999938964844,92.73999786376953,90.20999908447266,91.05000305175781,89.32665252685547,112700
2021-11-01,91.5,91.97000122070312,89.44999694824219,89.94999694824219,88.2474594116211,112300
2021-11-02,90.37999725341797,90.44000244140625,89.2699966430664,89.9000015258789,88.19841003417969,101400
2021-11-03,89.7699966430664,90.5199966430664,87.77999877929688,89.8499984741211,88.14933776855469,102500
2021-11-04,90.47000122070312,92.33999633789062,89.87000274658203,90.83999633789062,89.12061309814453,103800
2021-11-05,92.05000305175781,94.08999633789062,90.33999633789062,93.30000305175781,91.5340347290039,151500
2021-11-08,100.0,104.66999816894531,97.33999633789062,104.30000305175781,102.32585144042969,273600
2021-11-09,104.87000274658203,108.80999755859375,102.87999725341797,108.22000122070312,106.17166900634766,166300
2021-11-10,107.29000091552734,111.87999725341797,106.9800033569336,110.75,108.65376281738281,188500
2021-11-11,110.87999725341797,111.61000061035156,109.36000061035156,109.97000122070312,107.88853454589844,95000
2021-11-12,109.72000122070312,110.38999938964844,106.33999633789062,107.45999908447266,105.42603302001953,124500
2021-11-15,107.61000061035156,108.44999694824219,107.04000091552734,108.0199966430664,105.9754409790039,67700
2021-11-16,108.04000091552734,110.2699966430664,108.04000091552734,109.87000274658203,107.7904281616211,52300
2021-11-17,109.6500015258789,111.3499984741211,108.87999725341797,110.86000061035156,108.76168060302734,64100
2021-11-18,110.3499984741211,114.69000244140625,110.3499984741211,114.18000030517578,112.01883697509766,170700
2021-11-19,113.08000183105469,114.88999938964844,109.44999694824219,109.6500015258789,107.5745849609375,80800
2021-11-22,110.47000122070312,111.05000305175781,108.66000366210938,108.72000122070312,106.66219329833984,131500
2021-11-23,108.58000183105469,109.87000274658203,107.80999755859375,109.22000122070312,107.15272521972656,104600
2021-11-24,108.45999908447266,110.2300033569336,107.58000183105469,108.22000122070312,106.17166900634766,89700
2021-11-26,105.80999755859375,105.80999755859375,101.61000061035156,102.6500015258789,100.70707702636719,92300
2021-11-29,104.93000030517578,104.93000030517578,102.37000274658203,102.93000030517578,100.9817886352539,100500
2021-11-30,101.94999694824219,102.48999786376953,99.5999984741211,100.33000183105469,98.43099975585938,99100
2021-12-01,103.25,103.25,98.80999755859375,98.9800033569336,97.10655212402344,137700
2021-12-02,99.77999877929688,100.29000091552734,98.5999984741211,98.93000030517578,97.05750274658203,193200
2021-12-03,99.7300033569336,100.19000244140625,96.12999725341797,98.37000274658203,96.50808715820312,85000
2021-12-06,99.66000366210938,100.13999938964844,97.98999786376953,99.5999984741211,97.71480560302734,123500
2021-12-07,100.45999908447266,102.55999755859375,99.86000061035156,100.98999786376953,99.07849884033203,116000
2021-12-08,100.98999786376953,101.68000030517578,99.55000305175781,100.79000091552734,98.88229370117188,66700
2021-12-09,99.36000061035156,102.6500015258789,98.79000091552734,101.87000274658203,99.94183349609375,112400
2021-12-10,101.9000015258789,102.51000213623047,100.41999816894531,101.30000305175781,99.38262939453125,112400
2021-12-13,100.5999984741211,100.80000305175781,98.83999633789062,98.88999938964844,97.01824188232422,72100
2021-12-14,98.88999938964844,99.11000061035156,96.72000122070312,96.94999694824219,95.11495971679688,150300
2021-12-15,97.4000015258789,99.48999786376953,95.22000122070312,98.95999908447266,97.08692169189453,138400
2021-12-16,99.9000015258789,100.0,96.16000366210938,96.41999816894531,94.59500122070312,93200
2021-12-17,96.94999694824219,98.05999755859375,94.8499984741211,96.02999877929688,94.21239471435547,207900
2021-12-20,94.23999786376953,94.62999725341797,91.58999633789062,94.2699966430664,92.48568725585938,97500
2021-12-21,95.33000183105469,96.94999694824219,94.97000122070312,96.83000183105469,94.99723052978516,102500
2021-12-22,96.72000122070312,100.79000091552734,96.72000122070312,100.54000091552734,98.63700866699219,116500
2021-12-23,100.58000183105469,103.76000213623047,100.29000091552734,103.11000061035156,101.15837860107422,97300
2021-12-27,102.6500015258789,106.11000061035156,102.20999908447266,105.87999725341797,103.87592315673828,101500
2021-12-28,105.2699966430664,106.91999816894531,102.6500015258789,102.83999633789062,100.89347076416016,85000
2021-12-29,102.91000366210938,106.30999755859375,102.91000366210938,106.16999816894531,104.16045379638672,95200
2021-12-30,106.12999725341797,107.9000015258789,104.77999877929688,104.83000183105469,102.84580993652344,72400
2021-12-31,104.54000091552734,105.94999694824219,104.06999969482422,105.16999816894531,103.17937469482422,45600
2022-01-03,104.98999786376953,106.01000213623047,101.22000122070312,102.7699966430664,100.8248062133789,86300
2022-01-04,103.48999786376953,104.11000061035156,101.33000183105469,101.4800033569336,99.64649963378906,108300
2022-01-05,101.91000366210938,101.91000366210938,98.55000305175781,98.83999633789062,97.05419921875,91000
2022-01-06,98.7300033569336,99.62999725341797,97.36000061035156,99.54000091552734,97.74153900146484,79300
2022-01-07,98.61000061035156,99.4800033569336,97.47000122070312,97.63999938964844,95.8758773803711,82700
2022-01-10,96.79000091552734,96.79000091552734,94.62000274658203,96.4800033569336,94.7368392944336,51300
2022-01-11,96.75,96.75,93.88999938964844,95.44999694824219,93.72543334960938,63800
2022-01-12,96.52999877929688,97.27999877929688,93.20999908447266,93.27999877929688,91.59464263916016,89000
2022-01-13,94.23999786376953,96.08000183105469,93.08999633789062,93.79000091552734,92.09542846679688,99700
2022-01-14,92.66000366210938,92.66000366210938,87.69000244140625,88.0,86.4100341796875,148300
2022-01-18,86.5999984741211,87.19000244140625,84.48999786376953,85.41999816894531,83.87667083740234,127600
2022-01-19,86.13999938964844,86.33999633789062,82.2300033569336,82.38999938964844,80.90140533447266,100200
2022-01-20,82.94000244140625,83.47000122070312,79.12999725341797,79.41999816894531,77.98506927490234,97800
2022-01-21,79.5999984741211,80.88999938964844,77.72000122070312,78.75,77.32717895507812,155900
2022-01-24,77.38999938964844,82.68000030517578,75.68000030517578,81.91999816894531,80.43990325927734,184700
2022-01-25,80.13999938964844,81.04000091552734,76.29000091552734,77.47000122070312,76.0702896118164,98400
2022-01-26,78.81999969482422,80.33000183105469,75.41999816894531,76.41000366210938,75.02944946289062,122800
2022-01-27,77.62999725341797,78.30000305175781,71.91999816894531,73.26000213623047,71.93636322021484,166500
2022-01-28,72.94999694824219,77.37000274658203,71.7699966430664,77.0999984741211,75.70697784423828,175800
2022-01-31,76.20999908447266,78.26000213623047,74.93000030517578,76.62999725341797,75.24547576904297,397400
2022-02-01,76.79000091552734,78.56999969482422,75.43000030517578,77.06999969482422,75.67752075195312,85200
2022-02-02,77.16999816894531,78.3499984741211,76.2699966430664,77.08000183105469,75.6873550415039,197900
2022-02-03,76.16999816894531,76.93000030517578,73.55000305175781,73.7300033569336,72.39788055419922,73700
2022-02-04,73.04000091552734,75.0,71.16999816894531,73.73999786376953,72.40769958496094,99000
2022-02-07,73.41000366210938,77.4800033569336,73.41000366210938,77.06999969482422,75.67752075195312,227700
2022-02-08,76.08000183105469,79.77999877929688,76.08000183105469,79.27999877929688,77.84759521484375,117400
2022-02-09,80.16999816894531,82.16000366210938,79.3499984741211,80.04000091552734,78.5938720703125,147200
2022-02-10,77.73999786376953,79.94999694824219,77.48999786376953,78.30000305175781,76.88529968261719,114000
2022-02-11,78.41999816894531,78.94999694824219,75.95999908447266,76.75,75.36331176757812,55600
2022-02-14,77.0,77.95999908447266,75.31999969482422,76.41999816894531,75.03926849365234,137900
2022-02-15,77.4800033569336,79.45999908447266,77.25,78.69000244140625,77.26825714111328,57800
2022-02-16,78.41000366210938,79.29000091552734,77.12000274658203,78.02999877929688,76.62017822265625,74700
2022-02-17,77.04000091552734,77.1500015258789,74.3499984741211,74.63999938964844,73.29142761230469,100600
2022-02-18,74.05999755859375,76.88999938964844,74.05999755859375,75.43000030517578,74.06714630126953,112600
2022-02-22,74.68000030517578,75.83999633789062,74.2699966430664,74.5199966430664,73.173583984375,101700
2022-02-23,75.31999969482422,75.43000030517578,73.38999938964844,73.55999755859375,72.2309341430664,69400
2022-02-24,70.93000030517578,74.80999755859375,70.66999816894531,74.62000274658203,73.27180480957031,85800
2022-02-25,74.9000015258789,77.0,74.48999786376953,76.5,75.11782836914062,101200
2022-02-28,75.2699966430664,78.86000061035156,74.8499984741211,78.41000366210938,76.99332427978516,204500
2022-03-01,78.4000015258789,80.95999908447266,70.52999877929688,73.12000274658203,71.79888916015625,230100
2022-03-02,73.87999725341797,75.77999877929688,71.48999786376953,75.1500015258789,73.79222106933594,129300
2022-03-03,75.69000244140625,76.08000183105469,74.22000122070312,74.93000030517578,73.576171875,94200
2022-03-04,73.52999877929688,74.38999938964844,72.73999786376953,73.31999969482422,71.99527740478516,68600
2022-03-07,73.83000183105469,74.54000091552734,71.94999694824219,72.44000244140625,71.13117980957031,133300
2022-03-08,72.27999877929688,73.56999969482422,70.0999984741211,70.80999755859375,69.5306167602539,122700
2022-03-09,73.05000305175781,74.06999969482422,72.12999725341797,72.19000244140625,70.88570404052734,75300
2022-03-10,70.5999984741211,71.05000305175781,69.4800033569336,70.73999786376953,69.46188354492188,76100
2022-03-11,70.7699966430664,71.9800033569336,70.56999969482422,70.69999694824219,69.422607421875,67500
2022-03-14,72.27999877929688,74.58000183105469,71.12999725341797,73.26000213623047,71.93636322021484,127100
2022-03-15,73.81999969482422,73.81999969482422,70.91999816894531,72.69000244140625,71.37666320800781,84600
2022-03-16,73.80999755859375,75.08999633789062,72.81999969482422,74.33999633789062,72.996826171875,90100
2022-03-17,73.63999938964844,76.11000061035156,73.63999938964844,76.0999984741211,74.72505187988281,64500
2022-03-18,76.2699966430664,77.16999816894531,74.91000366210938,77.05999755859375,75.6677017211914,187100
2022-03-21,76.16000366210938,77.06999969482422,75.56999969482422,76.33999633789062,74.96070098876953,99600
2022-03-22,79.0,83.0,78.88999938964844,81.11000061035156,79.64453125,167700
2022-03-23,79.94000244140625,79.94000244140625,78.0,78.69000244140625,77.26825714111328,110700
2022-03-24,79.29000091552734,79.97000122070312,78.91999816894531,79.69999694824219,78.26001739501953,84900
2022-03-25,79.62000274658203,79.88999938964844,76.54000091552734,76.62999725341797,75.24547576904297,98500
2022-03-28,76.16999816894531,77.27999877929688,74.26000213623047,75.44000244140625,74.07697296142578,83300
2022-03-29,76.66999816894531,78.88999938964844,75.66000366210938,78.7699966430664,77.34679412841797,136200
2022-03-30,78.83000183105469,78.83000183105469,77.41999816894531,78.04000091552734,76.62999725341797,108000
2022-03-31,78.63999938964844,81.02999877929688,78.44000244140625,80.25,78.80006408691406,184200
2022-04-01,79.93000030517578,80.76000213623047,76.95999908447266,78.75,77.32717895507812,157500
2022-04-04,78.0,78.01000213623047,76.06999969482422,77.12999725341797,75.8230972290039,273900
2022-04-05,76.55000305175781,77.25,75.12000274658203,75.98999786376953,74.702392578125,164600
2022-04-06,74.93000030517578,75.18000030517578,74.04000091552734,75.01000213623047,73.73902130126953,112100
2022-04-07,74.63999938964844,75.52999877929688,73.69999694824219,75.5,74.22071075439453,119500
2022-04-08,74.91999816894531,76.94999694824219,74.9000015258789,75.19000244140625,73.91596984863281,120900
2022-04-11,74.61000061035156,75.80000305175781,74.0199966430664,74.4000015258789,73.13935852050781,100100
2022-04-12,74.88999938964844,76.5,73.41999816894531,73.77999877929688,72.52985382080078,82000
2022-04-13,73.61000061035156,75.61000061035156,72.76000213623047,75.33000183105469,74.05359649658203,62700
2022-04-14,75.61000061035156,75.61000061035156,74.1500015258789,74.30000305175781,73.04104614257812,124700
2022-04-18,73.72000122070312,74.43000030517578,71.81999969482422,72.62000274658203,71.3895034790039,86100
2022-04-19,72.58999633789062,75.08000183105469,72.48999786376953,74.69999694824219,73.43426513671875,145200
2022-04-20,75.52999877929688,76.29000091552734,74.45999908447266,74.4800033569336,73.21800231933594,83100
2022-04-21,75.12000274658203,75.12000274658203,73.04000091552734,73.47000122070312,72.22511291503906,101400
2022-04-22,73.05999755859375,73.19999694824219,71.51000213623047,72.05999755859375,70.83900451660156,116500
2022-04-25,71.13999938964844,72.91999816894531,70.04000091552734,72.6500015258789,71.41899871826172,98700
2022-04-26,71.66999816894531,71.73999786376953,68.20999908447266,68.66000366210938,67.49662017822266,146300
2022-04-27,68.02999877929688,69.45999908447266,67.75,68.43000030517578,67.27049255371094,120100
2022-04-28,69.2699966430664,69.2699966430664,67.01000213623047,68.80000305175781,67.63424682617188,107500
2022-04-29,68.88999938964844,70.20999908447266,66.72000122070312,67.18000030517578,66.04167938232422,124900
2022-05-02,67.11000061035156,69.48999786376953,66.44000244140625,69.41000366210938,68.23390197753906,118900
2022-05-03,69.1500015258789,70.29000091552734,68.30999755859375,69.31999969482422,68.14542388916016,100200
2022-05-04,69.48999786376953,72.29000091552734,69.19000244140625,72.12000274658203,70.89798736572266,88600
2022-05-05,71.0199966430664,71.0199966430664,67.36000061035156,69.0199966430664,67.85050201416016,135800
2022-05-06,68.75,69.37999725341797,67.0199966430664,68.68000030517578,67.51627349853516,237200
2022-05-09,68.2699966430664,69.73999786376953,66.37999725341797,67.20999908447266,66.07118225097656,210900
2022-05-10,66.70999908447266,68.33000183105469,65.11000061035156,65.66999816894531,64.5572738647461,158900
2022-05-11,66.12000274658203,66.58000183105469,64.56999969482422,65.1500015258789,64.04607391357422,146600
2022-05-12,65.1500015258789,67.2300033569336,64.72000122070312,67.13999938964844,66.00236511230469,143300
2022-05-13,68.01000213623047,68.33999633789062,66.66999816894531,67.52999877929688,66.38575744628906,73600
2022-05-16,66.88999938964844,67.55999755859375,66.18000030517578,67.0,65.86473083496094,54900
2022-05-17,68.33000183105469,68.88999938964844,67.73999786376953,68.62999725341797,67.46711730957031,103900
2022-05-18,67.73999786376953,68.75,64.94999694824219,65.70999908447266,64.59660339355469,93100
2022-05-19,64.9000015258789,66.06999969482422,64.72000122070312,65.27999877929688,64.17387390136719,83300
2022-05-20,66.18000030517578,66.18000030517578,63.20000076293945,65.11000061035156,64.00675964355469,140800
2022-05-23,65.97000122070312,66.22000122070312,64.30999755859375,65.26000213623047,64.15422058105469,63000
2022-05-24,64.5,65.0199966430664,62.59000015258789,64.4800033569336,63.387447357177734,84500
2022-05-25,63.959999084472656,65.87999725341797,63.959999084472656,65.23999786376953,64.13455963134766,63300
2022-05-26,65.54000091552734,67.62999725341797,65.54000091552734,67.02999877929688,65.89423370361328,95300
2022-05-27,67.58000183105469,68.44999694824219,67.52999877929688,68.31999969482422,67.162353515625,72600
2022-05-31,67.5,68.48999786376953,66.6500015258789,68.41999816894531,67.26068115234375,156200
2022-06-01,68.73999786376953,69.9000015258789,67.41000366210938,69.5,68.3223876953125,97200
2022-06-02,70.0199966430664,72.94999694824219,70.0199966430664,72.5999984741211,71.36984252929688,117200
2022-06-03,71.62999725341797,72.25,70.58999633789062,72.23999786376953,71.01594543457031,101700
2022-06-06,72.91000366210938,73.63999938964844,72.27999877929688,72.69000244140625,71.45831298828125,165300
2022-06-07,71.7300033569336,72.86000061035156,71.61000061035156,72.79000091552734,71.556640625,82200
2022-06-08,72.1500015258789,72.93000030517578,71.22000122070312,72.5,71.27153778076172,86300
2022-06-09,71.8499984741211,72.72000122070312,71.05000305175781,71.30000305175781,70.09186553955078,52200
2022-06-10,70.23999786376953,70.33000183105469,69.30000305175781,70.19999694824219,69.01051330566406,127200
2022-06-13,68.51000213623047,69.29000091552734,67.45999908447266,68.25,67.09355926513672,178300
2022-06-14,68.12000274658203,69.0,66.87999725341797,67.41000366210938,66.26779174804688,141000
2022-06-15,68.3499984741211,69.02999877929688,67.18000030517578,68.0199966430664,66.86744689941406,143300
2022-06-16,66.41000366210938,66.41000366210938,61.880001068115234,62.029998779296875,60.978946685791016,194600
2022-06-17,63.04999923706055,64.05999755859375,62.33000183105469,62.939998626708984,61.87352752685547,228800
2022-06-21,63.880001068115234,63.880001068115234,62.06999969482422,62.08000183105469,61.028106689453125,126800
2022-06-22,61.08000183105469,62.75,60.72999954223633,62.209999084472656,61.15590286254883,122100
2022-06-23,62.2599983215332,63.08000183105469,61.02000045776367,63.060001373291016,61.99149703979492,115900
2022-06-24,63.29999923706055,66.43000030517578,63.29999923706055,66.33000183105469,65.20609283447266,281900
2022-06-27,66.97000122070312,66.97000122070312,65.58000183105469,66.19999694824219,65.07829284667969,124900
2022-06-28,66.76000213623047,67.27999877929688,65.30999755859375,65.54000091552734,64.42947387695312,87400
2022-06-29,65.7699966430664,65.7699966430664,63.93000030517578,65.43000030517578,64.32134246826172,111100
2022-06-30,64.51000213623047,66.37999725341797,64.1500015258789,66.25,65.12744903564453,148100
2022-07-01,65.76000213623047,66.5,64.0,64.81999969482422,63.80836486816406,118300
2022-07-05,63.61000061035156,64.29000091552734,62.119998931884766,63.650001525878906,62.656620025634766,125500
2022-07-06,63.959999084472656,64.4000015258789,62.54999923706055,63.310001373291016,62.321929931640625,76100
2022-07-07,64.0,65.73999786376953,63.7599983215332,64.91000366210938,63.89695739746094,112100
2022-07-08,64.87000274658203,65.13999938964844,63.81999969482422,63.91999816894531,62.92240524291992,89800
2022-07-11,63.4900016784668,63.91999816894531,62.779998779296875,63.06999969482422,62.08567428588867,55600
2022-07-12,63.25,64.52999877929688,61.97999954223633,62.0099983215332,61.042213439941406,57100
2022-07-13,61.5,62.650001525878906,60.61000061035156,61.939998626708984,60.97330856323242,81000
2022-07-14,60.77000045776367,61.369998931884766,59.36000061035156,61.0099983215332,60.05781936645508,86600
2022-07-15,62.16999816894531,62.16999816894531,61.290000915527344,61.849998474121094,60.88471221923828,113400
2022-07-18,62.2400016784668,62.72999954223633,60.15999984741211,60.5,59.555782318115234,85900
2022-07-19,60.9900016784668,63.15999984741211,60.9900016784668,62.560001373291016,61.58363342285156,212800
2022-07-20,62.560001373291016,63.45000076293945,62.29999923706055,62.970001220703125,61.98723602294922,176600
2022-07-21,62.349998474121094,63.97999954223633,61.7599983215332,63.970001220703125,62.97163009643555,318700
2022-07-22,64.37000274658203,65.16999816894531,62.90999984741211,63.27000045776367,62.282554626464844,91800
2022-07-25,63.08000183105469,64.01000213623047,62.849998474121094,63.939998626708984,62.94209671020508,80000
2022-07-26,63.86000061035156,64.66999816894531,63.29999923706055,64.56999969482422,63.5622673034668,82500
2022-07-27,64.88999938964844,66.81999969482422,64.58999633789062,66.08000183105469,65.04869079589844,83100
2022-07-28,66.51000213623047,67.25,65.79000091552734,67.0199966430664,65.97402954101562,71500
2022-07-29,66.98999786376953,69.23999786376953,66.95999908447266,68.81999969482422,67.74592590332031,78800
2022-08-01,68.33000183105469,69.0,67.93000030517578,68.5,67.43092346191406,133800
2022-08-02,68.4000015258789,68.52999877929688,67.5999984741211,67.61000061035156,66.55482482910156,60400
2022-08-03,67.69999694824219,68.5999984741211,66.7699966430664,68.18000030517578,67.11591339111328,48900
2022-08-04,68.48999786376953,69.7699966430664,67.79000091552734,69.7699966430664,68.68109130859375,77600
2022-08-05,68.83000183105469,69.63999938964844,68.36000061035156,69.5999984741211,68.51375579833984,95300
2022-08-08,69.98999786376953,71.83000183105469,69.8499984741211,70.27999877929688,69.18314361572266,170700
2022-08-09,63.84000015258789,64.72000122070312,59.16999816894531,61.150001525878906,60.195640563964844,297900
2022-08-10,63.029998779296875,66.58000183105469,62.380001068115234,65.9800033569336,64.95024871826172,141000
2022-08-11,66.95999908447266,67.88999938964844,66.2699966430664,66.62000274658203,65.58026123046875,117500
2022-08-12,67.0,70.19000244140625,66.62000274658203,69.91999816894531,68.8287582397461,171100
2022-08-15,69.06999969482422,70.38999938964844,68.7300033569336,70.0199966430664,68.92719268798828,148700
2022-08-16,69.69000244140625,70.31999969482422,68.97000122070312,69.0999984741211,68.02156066894531,97800
2022-08-17,68.11000061035156,68.11000061035156,66.37999725341797,66.5999984741211,65.5605697631836,68900
2022-08-18,66.83000183105469,67.37000274658203,66.0999984741211,66.97000122070312,65.92481231689453,50500
2022-08-19,66.5199966430664,66.5199966430664,64.9800033569336,65.75,64.7238540649414,79200
2022-08-22,64.83999633789062,64.83999633789062,62.29999923706055,62.61000061035156,61.632850646972656,61700
2022-08-23,62.189998626708984,63.810001373291016,62.11000061035156,62.11000061035156,61.140655517578125,52700
2022-08-24,61.7400016784668,62.5,61.029998779296875,61.290000915527344,60.333457946777344,69200
2022-08-25,61.65999984741211,62.560001373291016,61.5,62.099998474121094,61.13080596923828,54700
2022-08-26,61.97999954223633,61.97999954223633,58.70000076293945,58.779998779296875,57.86262130737305,64200
2022-08-29,57.0,58.61000061035156,57.0,57.400001525878906,56.50416564941406,87700
2022-08-30,57.97999954223633,57.97999954223633,55.90999984741211,56.11000061035156,55.23429870605469,90800
2022-08-31,56.720001220703125,56.720001220703125,54.41999816894531,54.619998931884766,53.767547607421875,73000
2022-09-01,54.43000030517578,54.61000061035156,53.40999984741211,54.34000015258789,53.491920471191406,195800
2022-09-02,55.0,55.959999084472656,53.66999816894531,53.88999938964844,53.04894256591797,178900
2022-09-06,54.220001220703125,55.150001525878906,53.06999969482422,55.029998779296875,54.171146392822266,152600
2022-09-07,55.79999923706055,56.849998474121094,55.470001220703125,56.060001373291016,55.18507766723633,122500
2022-09-08,55.560001373291016,56.209999084472656,54.75,55.97999954223633,55.106327056884766,191800
2022-09-09,56.34000015258789,57.09000015258789,55.869998931884766,56.47999954223633,55.59851837158203,103600
2022-09-12,56.470001220703125,56.7400016784668,56.06999969482422,56.63999938964844,55.75602340698242,116500
2022-09-13,55.0,55.04999923706055,53.36000061035156,53.709999084472656,52.87174987792969,83900
2022-09-14,53.34000015258789,53.380001068115234,51.11000061035156,51.38999938964844,50.58796310424805,102100
2022-09-15,51.38999938964844,52.849998474121094,51.04999923706055,51.52000045776367,50.71593475341797,97300
2022-09-16,50.939998626708984,51.16999816894531,49.439998626708984,50.959999084472656,50.1646728515625,170200
2022-09-19,50.79999923706055,52.65999984741211,50.79999923706055,52.56999969482422,51.74953842163086,94600
2022-09-20,51.970001220703125,52.470001220703125,51.59000015258789,52.16999816894531,51.35579299926758,90300
2022-09-21,52.779998779296875,53.369998931884766,50.83000183105469,51.130001068115234,50.33202362060547,78300
2022-09-22,50.61000061035156,50.779998779296875,49.61000061035156,50.22999954223633,49.44606399536133,79600
2022-09-23,49.439998626708984,49.439998626708984,48.27000045776367,49.33000183105469,48.56011199951172,101600
2022-09-26,49.11000061035156,50.0,49.11000061035156,49.470001220703125,48.69792556762695,273800
2022-09-27,50.11000061035156,50.68000030517578,48.880001068115234,49.810001373291016,49.03262710571289,150600
2022-09-28,50.0,51.720001220703125,49.970001220703125,51.0,50.20405197143555,106300
2022-09-29,50.290000915527344,51.369998931884766,49.439998626708984,51.279998779296875,50.47967529296875,118300
2022-09-30,51.220001220703125,52.11000061035156,50.29999923706055,50.599998474121094,49.8102912902832,161600
2022-10-03,51.189998626708984,52.150001525878906,50.959999084472656,51.72999954223633,50.92265319824219,126600
2022-10-04,52.43000030517578,53.900001525878906,52.43000030517578,53.380001068115234,52.63848114013672,217500
2022-10-05,52.59000015258789,53.709999084472656,52.22999954223633,53.31999969482422,52.579315185546875,133100
2022-10-06,52.70000076293945,53.54999923706055,52.2599983215332,53.06999969482422,52.332786560058594,137100
2022-10-07,52.560001373291016,52.560001373291016,50.7400016784668,50.900001525878906,50.19293975830078,169200
2022-10-10,51.470001220703125,51.470001220703125,50.45000076293945,50.939998626708984,50.23237609863281,102900
2022-10-11,50.7599983215332,52.220001220703125,50.08000183105469,51.9900016784668,51.26779556274414,92200
2022-10-12,51.84000015258789,52.09000015258789,51.33000183105469,51.56999969482422,50.8536262512207,74200
2022-10-13,50.56999969482422,53.220001220703125,50.06999969482422,53.20000076293945,52.46098327636719,99600
2022-10-14,53.36000061035156,53.36000061035156,51.13999938964844,51.9900016784668,51.26779556274414,200900
2022-10-17,52.900001525878906,53.9900016784668,52.540000915527344,53.029998779296875,52.29334259033203,136600
2022-10-18,54.279998779296875,54.7599983215332,53.66999816894531,54.20000076293945,53.44709777832031,167200
2022-10-19,53.4900016784668,54.04999923706055,52.189998626708984,53.34000015258789,52.599037170410156,72800
2022-10-20,53.52000045776367,53.779998779296875,50.63999938964844,50.95000076293945,50.24223709106445,99800
2022-10-21,51.47999954223633,53.27000045776367,51.060001373291016,52.77000045776367,52.03696060180664,119700
2022-10-24,53.27000045776367,53.7599983215332,52.7599983215332,52.93000030517578,52.194740295410156,90000
2022-10-25,52.84000015258789,54.630001068115234,52.84000015258789,54.119998931884766,53.368202209472656,104100
2022-10-26,54.7400016784668,55.4900016784668,54.13999938964844,54.91999816894531,54.15708923339844,124300
2022-10-27,55.77000045776367,56.97999954223633,55.150001525878906,55.5,54.729034423828125,153400
2022-10-28,55.470001220703125,57.75,55.34000015258789,56.790000915527344,56.00111770629883,305300
2022-10-31,56.150001525878906,57.09000015258789,56.150001525878906,56.689998626708984,55.902503967285156,119100
2022-11-01,57.08000183105469,57.599998474121094,56.5,56.88999938964844,56.099727630615234,113600
2022-11-02,56.90999984741211,58.68000030517578,55.689998626708984,55.84000015258789,55.06431579589844,110400
2022-11-03,55.08000183105469,55.68000030517578,54.86000061035156,55.0,54.23598098754883,103400
2022-11-04,56.220001220703125,57.119998931884766,55.47999954223633,56.900001525878906,56.109588623046875,164400
2022-11-07,53.0,53.720001220703125,49.380001068115234,50.7400016784668,50.035160064697266,326800
2022-11-08,50.5,52.099998474121094,49.599998474121094,50.7599983215332,50.05487823486328,219700
2022-11-09,49.95000076293945,51.7400016784668,49.90999984741211,51.06999969482422,50.360572814941406,172100
2022-11-10,53.209999084472656,55.91999816894531,53.209999084472656,54.41999816894531,53.66403579711914,257900
2022-11-11,54.29999923706055,54.970001220703125,53.689998626708984,53.9900016784668,53.24000930786133,146000
2022-11-14,53.970001220703125,54.90999984741211,53.66999816894531,54.209999084472656,53.45695114135742,122600
2022-11-15,54.939998626708984,55.400001525878906,53.86000061035156,54.7400016784668,53.979591369628906,214800
2022-11-16,54.709999084472656,54.709999084472656,53.59000015258789,53.81999969482422,53.0723762512207,64400
2022-11-17,53.189998626708984,55.36000061035156,52.5099983215332,55.310001373291016,54.54167175292969,122100
2022-11-18,56.70000076293945,58.34000015258789,56.70000076293945,58.279998779296875,57.470420837402344,240100
2022-11-21,57.9900016784668,58.630001068115234,56.90999984741211,57.13999938964844,56.34625244140625,220500
2022-11-22,57.45000076293945,57.45000076293945,55.68000030517578,55.95000076293945,55.172786712646484,98500
2022-11-23,55.880001068115234,56.58000183105469,55.04999923706055,55.810001373291016,55.034732818603516,93700
2022-11-25,56.13999938964844,56.27000045776367,55.7599983215332,55.810001373291016,55.034732818603516,21100
2022-11-28,55.02000045776367,55.150001525878906,54.0099983215332,54.25,53.49639892578125,96200
2022-11-29,54.04999923706055,54.189998626708984,52.22999954223633,52.31999969482422,51.59321212768555,79600
2022-11-30,52.2599983215332,52.97999954223633,51.5,52.7400016784668,52.00737762451172,294600
2022-12-01,53.279998779296875,53.650001525878906,52.47999954223633,53.619998931884766,52.875152587890625,246200
2022-12-02,52.970001220703125,54.13999938964844,52.95000076293945,53.630001068115234,52.885005950927734,111700
2022-12-05,53.09000015258789,53.9900016784668,52.75,53.88999938964844,53.14140319824219,98500
2022-12-06,53.75,54.29999923706055,52.93000030517578,53.2400016784668,52.500431060791016,89200
2022-12-07,53.189998626708984,54.400001525878906,53.0,53.5099983215332,52.76667785644531,148100
2022-12-08,53.61000061035156,54.22999954223633,53.25,53.9900016784668,53.24000930786133,104800
2022-12-09,53.790000915527344,54.560001373291016,53.709999084472656,53.84000015258789,53.09209442138672,114900
2022-12-12,53.599998474121094,54.31999969482422,53.400001525878906,53.90999984741211,53.16112518310547,90500
2022-12-13,55.59000015258789,56.529998779296875,54.22999954223633,55.54999923706055,54.778343200683594,174900
2022-12-14,55.47999954223633,56.70000076293945,54.0099983215332,54.040000915527344,53.2893180847168,118400
2022-12-15,53.439998626708984,53.439998626708984,51.220001220703125,51.849998474121094,51.129737854003906,141600
2022-12-16,51.20000076293945,52.20000076293945,51.20000076293945,51.95000076293945,51.22835159301758,160000
2022-12-19,52.09000015258789,53.099998474121094,52.09000015258789,52.540000915527344,51.81015396118164,110500
2022-12-20,52.310001373291016,54.16999816894531,52.310001373291016,54.0,53.2498664855957,144300
2022-12-21,54.33000183105469,56.189998626708984,54.33000183105469,55.65999984741211,54.886810302734375,173200
2022-12-22,55.04999923706055,55.380001068115234,53.41999816894531,54.290000915527344,53.53583908081055,151800
2022-12-23,53.79999923706055,54.790000915527344,53.66999816894531,54.790000915527344,54.028900146484375,84200
2022-12-27,54.779998779296875,54.880001068115234,54.209999084472656,54.400001525878906,53.64432144165039,54100
2022-12-28,54.02000045776367,55.29999923706055,52.91999816894531,52.93000030517578,52.194740295410156,219900
2022-12-29,53.439998626708984,55.54999923706055,53.439998626708984,55.5,54.729034423828125,74200
2022-12-30,54.88999938964844,55.33000183105469,53.91999816894531,54.439998626708984,53.68375778198242,72200
2023-01-03,55.0,55.18000030517578,53.43000030517578,54.40999984741211,53.654178619384766,96100
2023-01-04,54.5,55.7599983215332,54.08000183105469,55.61000061035156,54.92836380004883,117400
2023-01-05,55.70000076293945,56.20000076293945,55.15999984741211,55.61000061035156,54.92836380004883,104000
2023-01-06,56.459999084472656,57.45000076293945,56.310001373291016,56.779998779296875,56.08402633666992,144800
2023-01-09,57.29999923706055,57.650001525878906,56.59000015258789,57.029998779296875,56.330955505371094,154600
2023-01-10,56.779998779296875,57.06999969482422,55.63999938964844,56.779998779296875,56.08402633666992,174000
2023-01-11,57.209999084472656,58.40999984741211,57.130001068115234,58.38999938964844,57.67428970336914,71900
2023-01-12,58.7599983215332,59.709999084472656,57.459999084472656,59.68000030517578,58.9484748840332,86500
2023-01-13,59.369998931884766,60.29999923706055,57.290000915527344,60.09000015258789,59.35344696044922,197200
2023-01-17,60.52000045776367,61.02000045776367,59.31999969482422,60.720001220703125,59.97572708129883,159600
2023-01-18,61.310001373291016,62.2400016784668,58.869998931884766,58.97999954223633,58.25705337524414,126600
2023-01-19,58.88999938964844,60.779998779296875,58.790000915527344,60.47999954223633,59.73866653442383,224600
2023-01-20,61.31999969482422,63.13999938964844,60.650001525878906,63.13999938964844,62.36606216430664,231500
2023-01-23,62.970001220703125,65.0,62.7400016784668,64.80999755859375,64.0156021118164,159100
2023-01-24,64.47000122070312,66.80999755859375,64.44999694824219,65.41000366210938,64.60824584960938,277700
2023-01-25,64.80999755859375,65.37999725341797,63.58000183105469,65.27999877929688,64.47982788085938,87700
2023-01-26,65.91999816894531,66.77999877929688,65.33999633789062,66.41999816894531,65.60585021972656,74100
2023-01-27,65.86000061035156,66.83000183105469,65.76000213623047,66.19000244140625,65.3786849975586,56200
2023-01-30,65.98999786376953,66.76000213623047,65.62000274658203,65.77999877929688,64.97370147705078,150600
2023-01-31,65.5999984741211,66.0199966430664,65.0999984741211,66.0,65.19100952148438,203900
2023-02-01,66.08999633789062,69.29000091552734,66.08999633789062,69.08000183105469,68.23326110839844,153800
2023-02-02,69.62999725341797,70.5,69.08999633789062,69.5199966430664,68.66786193847656,152200
2023-02-03,69.01000213623047,69.68000030517578,68.16999816894531,69.62000274658203,68.76665496826172,70200
2023-02-06,69.0999984741211,69.83999633789062,68.20999908447266,68.5199966430664,67.68012237548828,108300
2023-02-07,68.26000213623047,68.72000122070312,67.0999984741211,68.4800033569336,67.64061737060547,105700
2023-02-08,67.5999984741211,67.80000305175781,66.33000183105469,66.69999694824219,65.8824234008789,83800
2023-02-09,67.08000183105469,67.54000091552734,65.66000366210938,65.70999908447266,64.9045639038086,80700
2023-02-10,65.37999725341797,67.20999908447266,65.37999725341797,66.68000030517578,65.8626708984375,68200
2023-02-13,66.54000091552734,67.22000122070312,66.4000015258789,66.94000244140625,66.1194839477539,59200
2023-02-14,66.55999755859375,67.30000305175781,65.43000030517578,66.44000244140625,65.62561798095703,103900
2023-02-15,65.91999816894531,68.41000366210938,65.7300033569336,68.36000061035156,67.5220718383789,129300
2023-02-16,67.05999755859375,67.9000015258789,66.30000305175781,66.31999969482422,65.50709533691406,85000
2023-02-17,66.68000030517578,68.80000305175781,66.08000183105469,68.5999984741211,67.75914764404297,101000
2023-02-21,67.66000366210938,67.66000366210938,65.26000213623047,65.2699966430664,64.46995544433594,75800
2023-02-22,65.55000305175781,66.19000244140625,64.88999938964844,65.80999755859375,65.00334167480469,143400
2023-02-23,66.20999908447266,66.93000030517578,65.45999908447266,66.0999984741211,65.28977966308594,100200
2023-02-24,65.01000213623047,66.27999877929688,65.0,66.0,65.19100952148438,91300
2023-02-27,66.73999786376953,68.02999877929688,66.69999694824219,67.08999633789062,66.26764678955078,153400
2023-02-28,66.87999725341797,69.52999877929688,65.37000274658203,67.73999786376953,66.90968322753906,190700
2023-03-01,68.33999633789062,70.19999694824219,67.9800033569336,70.01000213623047,69.15185546875,133900
2023-03-02,69.30000305175781,70.62999725341797,68.26000213623047,70.56999969482422,69.70498657226562,130500
2023-03-03,71.04000091552734,72.3499984741211,70.30000305175781,72.33999633789062,71.45328521728516,167500
2023-03-06,72.23999786376953,72.61000061035156,70.45999908447266,71.05000305175781,70.17911529541016,97700
2023-03-07,71.4000015258789,71.6500015258789,70.08999633789062,70.80999755859375,69.94204711914062,147400
2023-03-08,70.81999969482422,70.83000183105469,69.06999969482422,69.5999984741211,68.74688720703125,89700
2023-03-09,69.83999633789062,70.2300033569336,68.3499984741211,68.55999755859375,67.71961975097656,83100
2023-03-10,68.12000274658203,68.12000274658203,64.70999908447266,66.5,65.68488311767578,109700
2023-03-13,65.18000030517578,66.80000305175781,64.98999786376953,65.9800033569336,65.17125701904297,96500
2023-03-14,67.87000274658203,68.33000183105469,67.37999725341797,68.16000366210938,67.32453918457031,160900
2023-03-15,66.23999786376953,67.0199966430664,65.2300033569336,66.30000305175781,65.4873275756836,260200
2023-03-16,65.29000091552734,68.05999755859375,65.0,67.19000244140625,66.3664321899414,95200
2023-03-17,67.0,67.0,64.18000030517578,64.80999755859375,64.0156021118164,173400
2023-03-20,65.4000015258789,66.47000122070312,64.69000244140625,64.79000091552734,63.99583435058594,92100
2023-03-21,65.87999725341797,66.68000030517578,64.80999755859375,65.25,64.45020294189453,112800
2023-03-22,65.0999984741211,66.31999969482422,63.880001068115234,63.970001220703125,63.185890197753906,126700
2023-03-23,64.19999694824219,64.93000030517578,62.72999954223633,63.459999084472656,62.68214416503906,95000
2023-03-24,62.790000915527344,63.97999954223633,62.40999984741211,63.2400016784668,62.46483612060547,119200
2023-03-27,64.02999877929688,64.27999877929688,63.290000915527344,63.79999923706055,63.017974853515625,380500
2023-03-28,63.689998626708984,64.91000366210938,62.970001220703125,64.87000274658203,64.07485961914062,174900
2023-03-29,65.33999633789062,65.33999633789062,64.13999938964844,64.72000122070312,63.926692962646484,74600
2023-03-30,64.98999786376953,65.38999938964844,64.05999755859375,64.6500015258789,63.8575553894043,88900
2023-03-31,65.23999786376953,65.91000366210938,64.94000244140625,65.4000015258789,64.59835815429688,157400
2023-04-03,65.69000244140625,65.8499984741211,63.91999816894531,65.1500015258789,64.35142517089844,124000
2023-04-04,65.30000305175781,65.30000305175781,61.58000183105469,61.779998779296875,61.10715103149414,100600
2023-04-05,61.279998779296875,61.279998779296875,59.63999938964844,60.599998474121094,59.939998626708984,131900
2023-04-06,60.720001220703125,60.959999084472656,59.5099983215332,59.560001373291016,58.91133117675781,89600
2023-04-10,59.130001068115234,60.40999984741211,58.790000915527344,60.0,59.34653854370117,163600
2023-04-11,60.04999923706055,61.279998779296875,60.04999923706055,60.66999816894531,60.00924301147461,159000
2023-04-12,61.040000915527344,61.2400016784668,60.310001373291016,60.369998931884766,59.71250915527344,84700
2023-04-13,60.709999084472656,61.77000045776367,59.790000915527344,61.130001068115234,60.4642333984375,115000
2023-04-14,61.15999984741211,62.08000183105469,60.16999816894531,60.43000030517578,59.771854400634766,49200
2023-04-17,60.650001525878906,61.75,60.029998779296875,61.5099983215332,60.840091705322266,44200
2023-04-18,61.86000061035156,62.130001068115234,61.380001068115234,62.040000915527344,61.364315032958984,67400
2023-04-19,61.810001373291016,61.86000061035156,61.060001373291016,61.81999969482422,61.1467170715332,60000
2023-04-20,61.459999084472656,62.31999969482422,60.91999816894531,61.52000045776367,60.849979400634766,140800
2023-04-21,61.869998931884766,61.90999984741211,60.84000015258789,61.709999084472656,61.03791046142578,65500
2023-04-24,61.61000061035156,62.560001373291016,61.2599983215332,61.7400016784668,61.067588806152344,48200
2023-04-25,61.099998474121094,61.66999816894531,59.970001220703125,59.970001220703125,59.31686782836914,70000
2023-04-26,59.29999923706055,59.45000076293945,58.540000915527344,58.77000045776367,58.12993240356445,54800
2023-04-27,58.880001068115234,60.36000061035156,58.84000015258789,60.08000183105469,59.42566680908203,46000
2023-04-28,59.84000015258789,60.91999816894531,59.84000015258789,60.13999938964844,59.48501205444336,66200
2023-05-01,60.150001525878906,61.59000015258789,60.150001525878906,60.95000076293945,60.28619384765625,38600
2023-05-02,60.58000183105469,61.209999084472656,59.36000061035156,61.0,60.33564758300781,72800
2023-05-03,60.849998474121094,62.689998626708984,60.40999984741211,61.43000030517578,60.76095962524414,161200
2023-05-04,61.0099983215332,61.869998931884766,59.880001068115234,60.790000915527344,60.127933502197266,162000
2023-05-05,61.939998626708984,62.560001373291016,61.209999084472656,61.93000030517578,61.255516052246094,188800
2023-05-08,61.790000915527344,62.43000030517578,61.290000915527344,62.16999816894531,61.49290084838867,91400
2023-05-09,59.5,59.70000076293945,55.25,57.25,56.626487731933594,235300
2023-05-10,57.900001525878906,57.900001525878906,52.400001525878906,54.18000030517578,53.589927673339844,169200
2023-05-11,53.7599983215332,55.20000076293945,53.02000045776367,54.810001373291016,54.21306228637695,101300
2023-05-12,55.0,55.349998474121094,53.45000076293945,54.369998931884766,53.777854919433594,75100
2023-05-15,54.33000183105469,54.84000015258789,54.150001525878906,54.79999923706055,54.20316696166992,72400
2023-05-16,54.279998779296875,54.540000915527344,52.540000915527344,53.119998931884766,52.54146957397461,92400
2023-05-17,53.65999984741211,53.869998931884766,52.84000015258789,53.04999923706055,52.47222900390625,116300
2023-05-18,53.11000061035156,53.790000915527344,52.45000076293945,52.709999084472656,52.13593292236328,198500
2023-05-19,53.7400016784668,54.52000045776367,52.31999969482422,52.959999084472656,52.383209228515625,180800
2023-05-22,53.0099983215332,53.65999984741211,52.47999954223633,52.97999954223633,52.402992248535156,120900
2023-05-23,52.939998626708984,53.119998931884766,52.060001373291016,52.599998474121094,52.027130126953125,160300
2023-05-24,52.4900016784668,52.4900016784668,50.70000076293945,50.880001068115234,50.32586669921875,102100
2023-05-25,50.43000030517578,51.04999923706055,49.11000061035156,50.380001068115234,49.83131408691406,108200
2023-05-26,50.4900016784668,51.689998626708984,50.04999923706055,51.439998626708984,50.879764556884766,123200
2023-05-30,51.66999816894531,51.790000915527344,50.0,50.08000183105469,49.534576416015625,90400
2023-05-31,50.0,50.0,48.900001525878906,49.45000076293945,48.91143798828125,130300
2023-06-01,49.5,51.77000045776367,49.11000061035156,51.619998931884766,51.057804107666016,111900
2023-06-02,52.43000030517578,56.04999923706055,51.79999923706055,55.650001525878906,55.043914794921875,196800
2023-06-05,55.11000061035156,55.63999938964844,53.83000183105469,55.529998779296875,54.92522430419922,153000
2023-06-06,55.13999938964844,58.369998931884766,55.13999938964844,58.290000915527344,57.6551628112793,190600
2023-06-07,58.470001220703125,60.970001220703125,58.22999954223633,60.68000030517578,60.019126892089844,139100
2023-06-08,60.52000045776367,62.650001525878906,60.52000045776367,62.43000030517578,61.75006866455078,307000
2023-06-09,61.970001220703125,63.16999816894531,61.5,62.38999938964844,61.71051025390625,328800
2023-06-12,62.310001373291016,64.11000061035156,62.209999084472656,63.02000045776367,62.33364486694336,232600
2023-06-13,63.5099983215332,65.48999786376953,63.47999954223633,64.54000091552734,63.83708572387695,183800
2023-06-14,64.55000305175781,64.77999877929688,63.33000183105469,63.72999954223633,63.03591537475586,156100
2023-06-15,63.02000045776367,63.70000076293945,62.119998931884766,63.15999984741211,62.47212600708008,362800
2023-06-16,63.0,63.349998474121094,62.310001373291016,62.93000030517578,62.24462890625,311000
2023-06-20,62.529998779296875,63.220001220703125,62.2400016784668,63.209999084472656,62.521575927734375,177200
2023-06-21,62.58000183105469,64.66999816894531,62.58000183105469,63.720001220703125,63.02602767944336,68300
2023-06-22,63.900001525878906,63.970001220703125,62.54999923706055,63.189998626708984,62.501792907714844,72600
2023-06-23,62.04999923706055,63.20000076293945,61.869998931884766,62.65999984741211,61.97756576538086,237600
2023-06-26,62.34000015258789,63.970001220703125,62.34000015258789,63.18000030517578,62.49190902709961,76700
2023-06-27,63.45000076293945,64.38999938964844,63.380001068115234,63.84000015258789,63.144718170166016,71100
2023-06-28,63.849998474121094,63.93000030517578,63.36000061035156,63.91999816894531,63.223846435546875,66600
2023-06-29,63.90999984741211,65.33000183105469,63.86000061035156,65.25,64.53935241699219,112600
2023-06-30,65.79000091552734,66.23999786376953,64.86000061035156,66.08999633789062,65.37020111083984,195900
2023-07-03,65.38999938964844,65.95999908447266,64.56999969482422,65.02999877929688,64.40946960449219,37800
2023-07-05,64.25,64.69999694824219,63.400001525878906,63.790000915527344,63.18130111694336,104900
2023-07-06,62.90999984741211,63.970001220703125,62.540000915527344,63.68000030517578,63.072349548339844,125000
2023-07-07,63.65999984741211,65.01000213623047,63.65999984741211,63.720001220703125,63.111968994140625,66000
2023-07-10,63.709999084472656,65.12999725341797,63.709999084472656,64.95999908447266,64.34013366699219,111300
2023-07-11,65.27999877929688,66.19000244140625,64.7699966430664,65.75,65.12260437011719,73400
2023-07-12,66.98999786376953,67.23999786376953,65.9000015258789,67.11000061035156,66.46961975097656,107300
2023-07-13,67.13999938964844,67.30999755859375,66.19000244140625,66.22000122070312,65.58810424804688,52300
2023-07-14,65.80000305175781,65.80000305175781,64.01000213623047,64.70999908447266,64.09252166748047,152300
2023-07-17,64.66999816894531,65.04000091552734,64.4000015258789,64.5999984741211,63.98356628417969,236500
2023-07-18,64.52999877929688,65.5199966430664,64.0,64.55000305175781,63.93405532836914,197400
2023-07-19,65.61000061035156,66.3499984741211,64.01000213623047,64.1500015258789,63.53786087036133,200800
2023-07-20,64.66000366210938,64.66000366210938,63.36000061035156,63.650001525878906,63.04263687133789,133300
2023-07-21,63.66999816894531,63.689998626708984,60.880001068115234,61.029998779296875,60.447635650634766,265900
2023-07-24,61.22999954223633,61.720001220703125,60.52000045776367,61.720001220703125,61.13105010986328,318600
2023-07-25,61.310001373291016,62.68000030517578,61.310001373291016,62.63999938964844,62.042274475097656,135400
2023-07-26,62.7400016784668,63.4900016784668,61.7400016784668,62.08000183105469,61.48762130737305,102500
2023-07-27,62.20000076293945,62.810001373291016,61.540000915527344,62.130001068115234,61.53714370727539,93000
2023-07-28,62.59000015258789,62.95000076293945,61.9900016784668,62.18000030517578,61.58666229248047,85700
2023-07-31,62.08000183105469,63.2599983215332,62.08000183105469,63.20000076293945,62.59693145751953,48800
2023-08-01,63.16999816894531,64.01000213623047,63.04999923706055,63.790000915527344,63.18130111694336,68300
2023-08-02,63.290000915527344,64.0199966430664,63.040000915527344,63.5,62.89406967163086,92500
2023-08-03,63.20000076293945,63.72999954223633,62.599998474121094,63.130001068115234,62.52760314941406,92800
2023-08-04,63.15999984741211,63.16999816894531,62.310001373291016,62.4900016784668,61.893707275390625,87400
2023-08-07,62.310001373291016,63.09000015258789,62.150001525878906,62.33000183105469,61.73523712158203,88900
2023-08-08,53.0,54.709999084472656,48.029998779296875,54.709999084472656,54.18794631958008,713900
2023-08-09,54.970001220703125,58.220001220703125,53.880001068115234,56.0099983215332,55.47553634643555,345300
2023-08-10,56.25,57.20000076293945,56.0099983215332,57.15999984741211,56.61456298828125,141500
2023-08-11,57.0,58.0,57.0,57.900001525878906,57.34750747680664,108500
2023-08-14,57.68000030517578,58.70000076293945,56.65999984741211,58.439998626708984,57.88234329223633,106000
2023-08-15,57.97999954223633,58.279998779296875,57.56999969482422,58.04999923706055,57.49607467651367,64400
2023-08-16,57.83000183105469,58.56999969482422,57.18000030517578,57.349998474121094,56.80275344848633,97900
2023-08-17,57.36000061035156,57.5,56.630001068115234,56.91999816894531,56.376853942871094,74100
2023-08-18,56.31999969482422,57.75,56.31999969482422,57.29999923706055,56.753231048583984,148100
2023-08-21,57.52000045776367,57.66999816894531,56.7400016784668,57.38999938964844,56.84237289428711,123800
2023-08-22,57.90999984741211,58.470001220703125,57.27000045776367,57.790000915527344,57.238555908203125,128600
2023-08-23,57.75,57.75,57.2400016784668,57.290000915527344,56.74332809448242,42900
2023-08-24,56.810001373291016,57.79999923706055,56.52000045776367,56.880001068115234,56.337242126464844,51200
2023-08-25,57.25,57.34000015258789,56.34000015258789,57.029998779296875,56.485809326171875,54400
2023-08-28,57.11000061035156,58.2400016784668,57.11000061035156,57.869998931884766,57.31779098510742,55300
2023-08-29,57.77000045776367,58.099998474121094,57.459999084472656,57.599998474121094,57.05036544799805,152000
2023-08-30,57.38999938964844,58.2599983215332,57.38999938964844,57.84000015258789,57.2880744934082,101100
2023-08-31,57.849998474121094,58.56999969482422,57.689998626708984,57.880001068115234,57.32769775390625,71900
2023-09-01,58.2400016784668,59.22999954223633,58.2400016784668,59.220001220703125,58.65491485595703,57500
2023-09-05,58.959999084472656,58.959999084472656,57.54999923706055,58.189998626708984,57.634735107421875,106700
2023-09-06,58.47999954223633,58.720001220703125,58.040000915527344,58.11000061035156,57.55550003051758,72300
2023-09-07,58.029998779296875,58.27000045776367,56.779998779296875,56.90999984741211,56.36695098876953,79400
2023-09-08,56.93000030517578,57.68000030517578,56.38999938964844,57.630001068115234,57.080081939697266,67200
2023-09-11,57.900001525878906,58.029998779296875,56.790000915527344,56.900001525878906,56.357051849365234,63800
2023-09-12,56.79999923706055,56.91999816894531,55.9900016784668,56.459999084472656,55.921241760253906,53000
2023-09-13,56.36000061035156,56.36000061035156,55.470001220703125,55.63999938964844,55.10906982421875,106500
2023-09-14,56.279998779296875,57.11000061035156,55.90999984741211,56.66999816894531,56.129241943359375,67200
2023-09-15,56.599998474121094,57.29999923706055,55.79999923706055,56.150001525878906,55.61420440673828,164800
2023-09-18,55.97999954223633,56.72999954223633,55.779998779296875,56.04999923706055,55.51515579223633,44000
2023-09-19,56.20000076293945,56.38999938964844,55.66999816894531,56.0,55.465633392333984,102000
2023-09-20,56.04999923706055,56.41999816894531,54.9900016784668,55.02000045776367,54.49498748779297,81200
2023-09-21,54.54999923706055,54.54999923706055,53.65999984741211,53.900001525878906,53.38567352294922,85500
2023-09-22,53.790000915527344,54.150001525878906,53.0,53.41999816894531,52.910247802734375,152400
2023-09-25,53.15999984741211,54.36000061035156,53.15999984741211,54.20000076293945,53.68281555175781,117100
2023-09-26,53.81999969482422,54.40999984741211,53.75,54.0,53.48472213745117,100900
2023-09-27,54.310001373291016,55.119998931884766,54.310001373291016,54.75,54.22756576538086,126300
2023-09-28,54.91999816894531,55.61000061035156,54.720001220703125,55.20000076293945,54.67326736450195,88600
2023-09-29,55.5099983215332,55.79999923706055,54.5099983215332,55.47999954223633,54.95059585571289,139900
2023-10-02,54.9900016784668,55.22999954223633,54.72999954223633,54.959999084472656,54.4355583190918,93900
2023-10-03,54.84000015258789,55.41999816894531,53.7400016784668,53.81999969482422,53.30643844604492,86600
2023-10-04,53.72999954223633,54.08000183105469,52.93000030517578,53.9900016784668,53.56439208984375,73100
2023-10-05,54.029998779296875,54.29999923706055,53.380001068115234,54.13999938964844,53.71320343017578,99900
2023-10-06,54.0,54.59000015258789,53.08000183105469,54.290000915527344,53.86202621459961,74900
2023-10-09,53.70000076293945,54.9900016784668,53.65999984741211,54.7400016784668,54.308475494384766,51500
2023-10-10,54.95000076293945,55.79999923706055,54.95000076293945,55.27000045776367,54.83429718017578,81400
2023-10-11,55.209999084472656,55.7599983215332,55.209999084472656,55.59000015258789,55.15177536010742,67800
2023-10-12,55.779998779296875,55.779998779296875,54.689998626708984,55.040000915527344,54.606109619140625,46100
2023-10-13,55.209999084472656,55.209999084472656,53.40999984741211,53.459999084472656,53.03856658935547,64900
2023-10-16,54.16999816894531,54.619998931884766,53.45000076293945,53.939998626708984,53.5147819519043,65200
2023-10-17,53.720001220703125,55.529998779296875,53.720001220703125,54.709999084472656,54.27871322631836,97300
2023-10-18,54.08000183105469,54.08000183105469,52.66999816894531,52.7400016784668,52.32424545288086,81800
2023-10-19,52.349998474121094,53.099998474121094,51.529998779296875,51.630001068115234,51.22299575805664,78000
2023-10-20,51.7400016784668,51.880001068115234,51.04999923706055,51.619998931884766,51.213069915771484,105800
2023-10-23,51.58000183105469,52.06999969482422,50.7599983215332,50.939998626708984,50.538429260253906,88800
2023-10-24,51.560001373291016,52.5,51.2599983215332,52.20000076293945,51.78850173950195,86300
2023-10-25,51.66999816894531,52.11000061035156,50.470001220703125,50.54999923706055,50.15150451660156,104600
2023-10-26,50.81999969482422,51.91999816894531,50.81999969482422,51.61000061035156,51.20315170288086,85700
2023-10-27,51.84000015258789,52.34000015258789,50.33000183105469,50.779998779296875,50.379695892333984,79800
2023-10-30,51.63999938964844,51.97999954223633,50.380001068115234,50.810001373291016,50.40945816040039,61600
2023-10-31,50.900001525878906,52.09000015258789,50.18000030517578,51.720001220703125,51.31228256225586,377500
2023-11-01,52.150001525878906,52.189998626708984,50.34000015258789,50.9900016784668,50.58803939819336,295400
2023-11-02,52.09000015258789,53.650001525878906,51.70000076293945,52.81999969482422,52.40361404418945,372200
2023-11-03,47.349998474121094,47.709999084472656,39.09000015258789,44.0099983215332,43.663063049316406,995000
2023-11-06,44.119998931884766,44.9900016784668,42.11000061035156,44.04999923706055,43.7027473449707,459000
2023-11-07,43.52000045776367,44.04999923706055,42.06999969482422,42.5,42.16496276855469,347900
2023-11-08,42.54999923706055,42.61000061035156,41.45000076293945,42.15999984741211,41.82764434814453,241600
2023-11-09,42.15999984741211,42.689998626708984,41.97999954223633,42.220001220703125,41.887176513671875,178500
2023-11-10,42.22999954223633,42.349998474121094,41.119998931884766,41.22999954223633,40.90497589111328,157800
2023-11-13,41.279998779296875,41.279998779296875,38.81999969482422,39.04999923706055,38.742164611816406,300100
2023-11-14,40.060001373291016,42.0,39.86000061035156,41.900001525878906,41.56969451904297,629400
2023-11-15,42.209999084472656,43.66999816894531,42.209999084472656,42.70000076293945,42.36338806152344,298500
2023-11-16,42.90999984741211,43.20000076293945,41.47999954223633,42.45000076293945,42.115360260009766,352500
2023-11-17,42.5,43.029998779296875,42.08000183105469,42.68000030517578,42.34354782104492,221300
2023-11-20,42.290000915527344,42.290000915527344,40.38999938964844,41.27000045776367,40.94466018676758,450000
2023-11-21,41.290000915527344,41.779998779296875,39.79999923706055,39.84000015258789,39.525936126708984,177400
2023-11-22,40.0,40.349998474121094,39.439998626708984,39.540000915527344,39.228302001953125,149400
2023-11-24,39.459999084472656,39.91999816894531,39.459999084472656,39.77000045776367,39.456485748291016,88800
2023-11-27,39.65999984741211,39.7400016784668,38.959999084472656,38.9900016784668,38.68263626098633,158700
2023-11-28,38.849998474121094,38.86000061035156,37.9900016784668,38.279998779296875,37.97822952270508,132700
2023-11-29,38.619998931884766,38.91999816894531,37.77000045776367,38.04999923706055,37.75004577636719,135500
2023-11-30,38.2599983215332,38.54999923706055,37.5,38.380001068115234,38.07744598388672,179000
2023-12-01,38.400001525878906,40.099998474121094,38.369998931884766,39.83000183105469,39.516014099121094,280000
2023-12-04,39.7400016784668,40.72999954223633,39.7400016784668,40.709999084472656,40.389076232910156,137600
2023-12-05,40.630001068115234,40.630001068115234,39.099998474121094,39.56999969482422,39.25806427001953,138200
2023-12-06,39.97999954223633,40.91999816894531,39.349998474121094,39.43000030517578,39.11916732788086,100300
2023-12-07,39.2400016784668,40.25,39.2400016784668,40.22999954223633,39.91286087036133,109200
2023-12-08,40.20000076293945,40.79999923706055,39.7599983215332,39.810001373291016,39.49617004394531,120200
2023-12-11,39.79999923706055,40.61000061035156,39.66999816894531,40.58000183105469,40.260101318359375,145800
2023-12-12,40.59000015258789,40.88999938964844,40.16999816894531,40.75,40.42876434326172,125400
2023-12-13,40.790000915527344,42.900001525878906,40.310001373291016,42.52000045776367,42.184810638427734,166000
2023-12-14,43.279998779296875,45.130001068115234,42.66999816894531,44.880001068115234,44.52620315551758,379000
2023-12-15,45.38999938964844,45.75,44.380001068115234,45.7400016784668,45.379425048828125,474500
2023-12-18,46.0,46.0,44.86000061035156,45.349998474121094,44.992496490478516,149400
2023-12-19,45.97999954223633,46.599998474121094,45.540000915527344,46.040000915527344,45.677059173583984,151600
2023-12-20,46.029998779296875,46.369998931884766,44.369998931884766,44.54999923706055,44.19879913330078,451600
2023-12-21,45.130001068115234,45.22999954223633,44.33000183105469,44.560001373291016,44.2087287902832,346100
2023-12-22,44.720001220703125,45.349998474121094,44.349998474121094,44.900001525878906,44.54604721069336,323900
2023-12-26,45.25,45.290000915527344,44.72999954223633,44.83000183105469,44.47659683227539,157600
2023-12-27,44.619998931884766,45.209999084472656,44.310001373291016,44.9900016784668,44.63534164428711,518700
2023-12-28,44.90999984741211,45.060001373291016,44.36000061035156,44.72999954223633,44.37738800048828,285200
2023-12-29,44.68000030517578,45.630001068115234,44.68000030517578,45.349998474121094,44.992496490478516,145600
2024-01-02,44.900001525878906,45.650001525878906,44.470001220703125,44.68000030517578,44.327781677246094,219800
2024-01-03,44.5099983215332,44.5099983215332,42.54999923706055,42.66999816894531,42.419071197509766,304900
2024-01-04,42.95000076293945,42.95000076293945,42.0,42.27000045776367,42.02142333984375,415400
2024-01-05,41.779998779296875,43.290000915527344,41.779998779296875,42.349998474121094,42.1009521484375,235100
2024-01-08,42.099998474121094,42.869998931884766,41.959999084472656,42.29999923706055,42.051246643066406,237800
2024-01-09,41.72999954223633,41.75,40.43000030517578,41.52000045776367,41.27583694458008,307200
2024-01-10,41.400001525878906,41.720001220703125,41.0,41.209999084472656,40.967655181884766,143600
2024-01-11,41.22999954223633,42.7599983215332,40.709999084472656,42.75,42.498600006103516,193200
2024-01-12,43.470001220703125,43.61000061035156,42.40999984741211,42.560001373291016,42.30971908569336,121400
2024-01-16,42.060001373291016,42.310001373291016,40.939998626708984,41.0,40.75889205932617,160000
2024-01-17,40.220001220703125,41.349998474121094,40.220001220703125,41.0099983215332,40.76883316040039,130900
2024-01-18,41.189998626708984,41.79999923706055,40.86000061035156,41.709999084472656,41.464717864990234,168000
2024-01-19,42.0,42.16999816894531,41.439998626708984,42.0099983215332,41.76295471191406,116400
2024-01-22,43.33000183105469,44.439998626708984,42.70000076293945,43.20000076293945,42.945953369140625,221300
2024-01-23,43.779998779296875,43.779998779296875,42.38999938964844,42.86000061035156,42.60795593261719,199300
2024-01-24,43.36000061035156,43.36000061035156,42.18000030517578,42.79999923706055,42.548309326171875,191500
2024-01-25,43.54999923706055,43.63999938964844,42.790000915527344,43.18000030517578,42.92607116699219,209200
2024-01-26,43.61000061035156,43.66999816894531,42.61000061035156,42.869998931884766,42.61789321899414,170800
2024-01-29,42.68000030517578,43.91999816894531,42.599998474121094,43.900001525878906,43.64183807373047,150300
2024-01-30,43.45000076293945,43.95000076293945,42.9900016784668,43.099998474121094,42.84654235839844,175400
2024-01-31,43.20000076293945,43.20000076293945,41.20000076293945,41.2599983215332,41.01736068725586,147300
2024-02-01,41.4900016784668,41.709999084472656,40.68000030517578,41.349998474121094,41.106834411621094,191500
2024-02-02,40.650001525878906,41.869998931884766,40.2599983215332,41.31999969482422,41.07701110839844,182600
2024-02-05,40.560001373291016,40.63999938964844,39.66999816894531,40.34000015258789,40.1027717590332,134300
2024-02-06,40.209999084472656,41.7400016784668,40.13999938964844,41.18000030517578,40.937835693359375,117600
2024-02-07,41.18000030517578,41.97999954223633,40.52000045776367,41.7599983215332,41.51442337036133,132900
2024-02-08,41.75,42.5099983215332,40.56999969482422,40.650001525878906,40.41094970703125,277800
2024-02-09,40.869998931884766,42.38999938964844,40.349998474121094,42.369998931884766,42.1208381652832,258100
2024-02-12,42.529998779296875,42.97999954223633,41.91999816894531,42.25,42.00154113769531,250300
2024-02-13,40.720001220703125,41.150001525878906,39.68000030517578,40.400001525878906,40.16242599487305,261900
2024-02-14,40.72999954223633,41.209999084472656,40.130001068115234,40.84000015258789,40.59983444213867,354700
2024-02-15,41.47999954223633,43.56999969482422,41.47999954223633,43.560001373291016,43.303836822509766,285700
2024-02-16,43.45000076293945,45.349998474121094,42.86000061035156,44.95000076293945,44.6856689453125,304400
2024-02-20,44.08000183105469,45.13999938964844,43.900001525878906,44.06999969482422,43.81084060668945,201800
2024-02-21,44.150001525878906,44.65999984741211,44.0099983215332,44.58000183105469,44.31784439086914,201800
2024-02-22,44.33000183105469,45.040000915527344,43.95000076293945,44.11000061035156,43.85060501098633,212200
2024-02-23,43.97999954223633,44.95000076293945,43.7400016784668,43.83000183105469,43.57225036621094,219000
2024-02-26,43.439998626708984,45.02000045776367,43.08000183105469,44.529998779296875,44.268131256103516,343100
2024-02-27,48.5,49.709999084472656,45.7599983215332,47.040000915527344,46.76337432861328,489900
2024-02-28,46.61000061035156,46.939998626708984,43.959999084472656,44.119998931884766,43.86054611206055,273800
2024-02-29,44.869998931884766,44.900001525878906,43.66999816894531,44.150001525878906,43.8903694152832,251000
2024-03-01,44.189998626708984,44.209999084472656,43.220001220703125,43.650001525878906,43.393314361572266,352500
2024-03-04,43.689998626708984,44.099998474121094,42.790000915527344,43.20000076293945,42.945953369140625,122400
2024-03-05,42.93000030517578,44.029998779296875,42.93000030517578,43.06999969482422,42.81671905517578,105600
2024-03-06,43.459999084472656,43.7400016784668,43.130001068115234,43.619998931884766,43.36348342895508,86800
2024-03-07,44.060001373291016,44.56999969482422,43.93000030517578,44.33000183105469,44.069313049316406,88500
2024-03-08,44.93000030517578,45.310001373291016,44.689998626708984,45.15999984741211,44.89442825317383,145100
2024-03-11,45.09000015258789,45.18000030517578,43.36000061035156,43.9900016784668,43.7313117980957,101300
2024-03-12,43.9900016784668,44.15999984741211,43.400001525878906,43.939998626708984,43.681602478027344,78200
2024-03-13,43.779998779296875,44.290000915527344,43.16999816894531,43.68000030517578,43.423133850097656,93400
2024-03-14,43.650001525878906,43.77000045776367,42.099998474121094,42.529998779296875,42.27989196777344,167000
2024-03-15,42.2599983215332,42.91999816894531,41.91999816894531,42.22999954223633,41.981658935546875,314800
2024-03-18,42.099998474121094,43.349998474121094,41.97999954223633,42.9900016784668,42.7371940612793,111000
2024-03-19,42.900001525878906,44.099998474121094,42.7400016784668,43.91999816894531,43.661720275878906,141300
2024-03-20,43.529998779296875,44.400001525878906,43.18000030517578,44.27000045776367,44.009666442871094,100900
2024-03-21,44.88999938964844,45.220001220703125,43.93000030517578,44.09000015258789,43.83072280883789,183600
2024-03-22,44.13999938964844,44.279998779296875,42.90999984741211,43.25,42.995662689208984,172500
2024-03-25,43.470001220703125,43.59000015258789,41.70000076293945,41.720001220703125,41.47466278076172,124700
2024-03-26,42.20000076293945,42.560001373291016,41.68000030517578,42.47999954223633,42.23019027709961,328400
2024-03-27,42.91999816894531,43.369998931884766,42.70000076293945,42.849998474121094,42.5980110168457,152100
2024-03-28,42.959999084472656,44.75,42.959999084472656,44.689998626708984,44.42719268798828,297900
2024-04-01,44.7400016784668,44.7400016784668,43.54999923706055,44.04999923706055,43.79095458984375,178000
2024-04-02,43.52000045776367,44.04999923706055,43.099998474121094,43.130001068115234,42.876365661621094,467600
2024-04-03,42.599998474121094,44.130001068115234,42.540000915527344,43.29999923706055,43.135379791259766,317900
2024-04-04,44.02000045776367,44.970001220703125,43.560001373291016,44.439998626708984,44.27104187011719,243600
2024-04-05,44.349998474121094,44.81999969482422,44.130001068115234,44.459999084472656,44.29096603393555,168300
2024-04-08,44.88999938964844,45.380001068115234,44.68000030517578,44.939998626708984,44.769142150878906,90500
2024-04-09,45.18000030517578,46.5099983215332,45.18000030517578,46.5,46.323211669921875,196800
2024-04-10,45.7400016784668,46.119998931884766,45.11000061035156,45.97999954223633,45.8051872253418,290500
2024-04-11,46.2400016784668,47.5,46.09000015258789,47.439998626708984,47.25963592529297,250700
2024-04-12,47.0099983215332,47.470001220703125,45.81999969482422,46.130001068115234,45.95461654663086,361800
2024-04-15,46.34000015258789,46.529998779296875,45.630001068115234,46.0,45.825111389160156,183300
2024-04-16,45.41999816894531,46.09000015258789,44.7599983215332,45.75,45.57606506347656,293400
2024-04-17,46.08000183105469,46.33000183105469,45.58000183105469,46.0099983215332,45.8350715637207,180700
2024-04-18,46.040000915527344,47.040000915527344,45.81999969482422,46.040000915527344,45.864959716796875,221000
2024-04-19,45.79999923706055,46.68000030517578,45.65999984741211,45.939998626708984,45.76533889770508,143800
2024-04-22,46.06999969482422,46.06999969482422,44.63999938964844,44.68000030517578,44.510128021240234,260000
2024-04-23,44.59000015258789,46.150001525878906,44.54999923706055,45.630001068115234,45.456520080566406,144700
2024-04-24,45.310001373291016,46.060001373291016,44.86000061035156,45.7599983215332,45.58602523803711,154000
2024-04-25,45.5,45.5,44.47999954223633,44.70000076293945,44.530052185058594,204000
2024-04-26,44.72999954223633,45.91999816894531,44.650001525878906,45.56999969482422,45.39674758911133,126900
2024-04-29,45.599998474121094,46.529998779296875,45.34000015258789,46.34000015258789,46.163822174072266,170700
2024-04-30,45.650001525878906,46.16999816894531,44.810001373291016,45.099998474121094,44.928531646728516,292900
2024-05-01,45.220001220703125,45.900001525878906,44.77000045776367,45.20000076293945,45.02815628051758,184200
2024-05-02,45.720001220703125,46.83000183105469,45.33000183105469,46.369998931884766,46.19370651245117,155400
2024-05-03,47.0,48.06999969482422,46.529998779296875,48.04999923706055,47.86731719970703,149700
2024-05-06,48.380001068115234,49.099998474121094,47.31999969482422,47.33000183105469,47.15005874633789,155800
2024-05-07,47.41999816894531,48.68000030517578,47.33000183105469,48.400001525878906,48.21598815917969,124400
2024-05-08,48.25,48.529998779296875,47.84000015258789,48.380001068115234,48.19606399536133,136600
2024-05-09,47.95000076293945,52.900001525878906,47.459999084472656,51.689998626708984,51.49348068237305,414800
2024-05-10,51.59000015258789,51.9900016784668,50.470001220703125,51.11000061035156,50.915687561035156,224200
2024-05-13,51.540000915527344,51.540000915527344,50.130001068115234,51.18000030517578,50.98542022705078,218400
2024-05-14,51.77000045776367,52.40999984741211,51.529998779296875,52.0,51.80229949951172,251600
2024-05-15,52.36000061035156,52.36000061035156,51.130001068115234,51.599998474121094,51.40382385253906,116500
2024-05-16,51.31999969482422,53.04999923706055,51.130001068115234,52.97999954223633,52.77857208251953,247200
2024-05-17,53.119998931884766,53.790000915527344,52.59000015258789,53.470001220703125,53.2667121887207,229300
2024-05-20,53.189998626708984,54.060001373291016,52.90999984741211,53.880001068115234,53.67515182495117,173800
2024-05-21,53.720001220703125,53.720001220703125,53.0,53.22999954223633,53.027626037597656,138000
2024-05-22,52.959999084472656,53.599998474121094,52.31999969482422,52.7599983215332,52.559410095214844,197700
2024-05-23,52.70000076293945,52.709999084472656,50.29999923706055,50.9900016784668,50.796142578125,156000
2024-05-24,51.0,51.0,49.689998626708984,49.869998931884766,49.680397033691406,166400
2024-05-28,50.13999938964844,50.13999938964844,48.560001373291016,48.7599983215332,48.57461929321289,92600
2024-05-29,48.16999816894531,49.33000183105469,47.970001220703125,47.9900016784668,47.80754852294922,129300
2024-05-30,48.47999954223633,49.459999084472656,48.369998931884766,48.720001220703125,48.53477478027344,143300
2024-05-31,48.849998474121094,50.209999084472656,48.7400016784668,50.08000183105469,49.88960647583008,215900
2024-06-03,49.81999969482422,49.81999969482422,47.45000076293945,47.84000015258789,47.658119201660156,209700
2024-06-04,47.560001373291016,48.02000045776367,46.63999938964844,46.709999084472656,46.532413482666016,144900
2024-06-05,46.97999954223633,48.02000045776367,46.790000915527344,47.880001068115234,47.697967529296875,92700
2024-06-06,47.65999984741211,47.75,47.13999938964844,47.470001220703125,47.28952407836914,80000
2024-06-07,46.88999938964844,47.52000045776367,46.689998626708984,47.20000076293945,47.02055358886719,139200
2024-06-10,46.63999938964844,48.02000045776367,46.63999938964844,47.709999084472656,47.52861022949219,111300
2024-06-11,47.18000030517578,48.0,46.939998626708984,47.75,47.568458557128906,116300
2024-06-12,49.15999984741211,50.5099983215332,48.90999984741211,49.25,49.0627555847168,170100
2024-06-13,48.91999816894531,49.40999984741211,47.90999984741211,49.2599983215332,49.072715759277344,197200
2024-06-14,48.439998626708984,49.31999969482422,47.77000045776367,49.27000045776367,49.082679748535156,340200
2024-06-17,48.900001525878906,49.439998626708984,47.959999084472656,48.20000076293945,48.01675033569336,152000
2024-06-18,48.09000015258789,48.79999923706055,47.91999816894531,47.970001220703125,47.78762435913086,87000
2024-06-20,47.619998931884766,48.66999816894531,47.619998931884766,48.2599983215332,48.07651901245117,122000
2024-06-21,48.2400016784668,48.810001373291016,47.93000030517578,48.560001373291016,48.37538146972656,208600
2024-06-24,48.83000183105469,49.47999954223633,48.83000183105469,49.04999923706055,48.8635139465332,145300
2024-06-25,48.9900016784668,49.0,48.20000076293945,48.54999923706055,48.36541748046875,151900
2024-06-26,48.099998474121094,48.959999084472656,48.099998474121094,48.20000076293945,48.01675033569336,334900
2024-06-27,48.36000061035156,48.36000061035156,47.68000030517578,48.13999938964844,47.95697784423828,126500
2024-06-28,48.70000076293945,48.86000061035156,47.59000015258789,47.75,47.568458557128906,676900
2024-07-01,47.77000045776367,47.77000045776367,46.29999923706055,46.77000045776367,46.592185974121094,160800
2024-07-02,46.68000030517578,47.59000015258789,46.54999923706055,47.54999923706055,47.36921691894531,118000
2024-07-03,47.84000015258789,48.150001525878906,47.279998779296875,47.380001068115234,47.199867248535156,45300
2024-07-05,46.43000030517578,47.40999984741211,46.130001068115234,46.540000915527344,46.451297760009766,187300
2024-07-08,46.970001220703125,47.130001068115234,46.11000061035156,46.33000183105469,46.24169921875,160500
2024-07-09,41.29999923706055,42.20000076293945,39.459999084472656,41.2599983215332,41.181358337402344,1035600
2024-07-10,41.66999816894531,43.41999816894531,41.02000045776367,43.380001068115234,43.29732131958008,395200
2024-07-11,44.189998626708984,46.06999969482422,43.54999923706055,43.970001220703125,43.88619613647461,411800
2024-07-12,44.90999984741211,45.560001373291016,43.97999954223633,44.0,43.9161376953125,481800
2024-07-15,44.5,46.619998931884766,43.849998474121094,45.58000183105469,45.493125915527344,583400
2024-07-16,46.27000045776367,47.7599983215332,46.130001068115234,47.130001068115234,47.0401725769043,513600
2024-07-17,46.15999984741211,46.88999938964844,45.20000076293945,45.31999969482422,45.233619689941406,283800
2024-07-18,44.72999954223633,46.34000015258789,44.150001525878906,45.25,45.163753509521484,227500
2024-07-19,45.349998474121094,45.470001220703125,43.869998931884766,44.06999969482422,43.98600387573242,174400
2024-07-22,44.47999954223633,46.630001068115234,44.02000045776367,46.54999923706055,46.46127700805664,236900
2024-07-23,46.439998626708984,47.5,46.02000045776367,46.7400016784668,46.650917053222656,270300
2024-07-24,46.36000061035156,47.04999923706055,44.209999084472656,44.36000061035156,44.27545166015625,205800
2024-07-25,44.4900016784668,46.02000045776367,44.4900016784668,44.66999816894531,44.58485794067383,270700
2024-07-26,45.619998931884766,46.70000076293945,45.38999938964844,46.369998931884766,46.281620025634766,208400
2024-07-29,46.599998474121094,47.119998931884766,45.65999984741211,45.7400016784668,45.6528205871582,137000
2024-07-30,45.97999954223633,46.34000015258789,44.869998931884766,45.61000061035156,45.523067474365234,125300
2024-07-31,45.810001373291016,47.560001373291016,45.33000183105469,45.95000076293945,45.862422943115234,165400
2024-08-01,45.61000061035156,46.29999923706055,43.290000915527344,43.65999984741211,43.576786041259766,162200
2024-08-02,41.86000061035156,42.369998931884766,41.22999954223633,41.90999984741211,41.83012008666992,127400
2024-08-05,39.88999938964844,41.61000061035156,39.380001068115234,41.5,41.420902252197266,386500
2024-08-06,42.04999923706055,44.400001525878906,41.5,44.15999984741211,44.07583236694336,379200
2024-08-07,44.65999984741211,44.77000045776367,42.54999923706055,42.88999938964844,42.808250427246094,350300
2024-08-08,43.650001525878906,43.66999816894531,42.52000045776367,42.81999969482422,42.73838424682617,247500
2024-08-09,42.79999923706055,43.779998779296875,42.58000183105469,43.650001525878906,43.56680679321289,139600
2024-08-12,43.90999984741211,43.90999984741211,42.77000045776367,42.95000076293945,42.86813735961914,132700
2024-08-13,43.56999969482422,43.939998626708984,42.849998474121094,43.90999984741211,43.82630920410156,172200
2024-08-14,44.08000183105469,44.09000015258789,42.36000061035156,42.630001068115234,42.54874801635742,356000
2024-08-15,43.93000030517578,44.099998474121094,43.029998779296875,43.25,43.16756820678711,218700
2024-08-16,43.119998931884766,43.619998931884766,42.91999816894531,43.11000061035156,43.02783203125,96500
2024-08-19,43.130001068115234,43.470001220703125,42.869998931884766,43.11000061035156,43.02783203125,233400
2024-08-20,43.02000045776367,43.81999969482422,42.560001373291016,43.56999969482422,43.48695755004883,449700
2024-08-21,44.209999084472656,44.61000061035156,43.459999084472656,44.34000015258789,44.255489349365234,471500
2024-08-22,44.38999938964844,44.400001525878906,42.93000030517578,43.0099983215332,42.92802047729492,158100
2024-08-23,43.5,44.31999969482422,43.0099983215332,43.65999984741211,43.576786041259766,142900
2024-08-26,44.2599983215332,44.68000030517578,43.45000076293945,43.650001525878906,43.56680679321289,256400
2024-08-27,43.619998931884766,44.09000015258789,43.15999984741211,43.93000030517578,43.84627151489258,166000
2024-08-28,43.689998626708984,44.70000076293945,43.45000076293945,43.560001373291016,43.47697830200195,137500
2024-08-29,43.84000015258789,44.599998474121094,43.560001373291016,43.83000183105469,43.746463775634766,89600
2024-08-30,44.029998779296875,44.31999969482422,43.43000030517578,44.189998626708984,44.10577392578125,89900
2024-09-03,43.54999923706055,43.72999954223633,41.4900016784668,41.970001220703125,41.89000701904297,142100
2024-09-04,41.790000915527344,42.06999969482422,41.33000183105469,41.58000183105469,41.50075149536133,76500
2024-09-05,41.52000045776367,41.58000183105469,40.27000045776367,40.84000015258789,40.76216125488281,136600
2024-09-06,41.02000045776367,41.29999923706055,40.40999984741211,40.81999969482422,40.7421989440918,138400
2024-09-09,40.97999954223633,41.5099983215332,40.560001373291016,40.959999084472656,40.88193130493164,127900
2024-09-10,40.95000076293945,41.29999923706055,40.380001068115234,40.52000045776367,40.442771911621094,89600
2024-09-11,40.11000061035156,40.41999816894531,39.08000183105469,40.130001068115234,40.05351257324219,220000
2024-09-12,40.40999984741211,41.04999923706055,39.869998931884766,40.400001525878906,40.323001861572266,244800
2024-09-13,41.02000045776367,41.619998931884766,40.720001220703125,41.099998474121094,41.021663665771484,164700
2024-09-16,40.939998626708984,41.970001220703125,40.720001220703125,41.959999084472656,41.88002395629883,120000
2024-09-17,42.380001068115234,43.79999923706055,41.790000915527344,42.70000076293945,42.618614196777344,140200
2024-09-18,42.70000076293945,44.58000183105469,42.5099983215332,43.380001068115234,43.29732131958008,173400
2024-09-19,44.70000076293945,45.77000045776367,44.13999938964844,45.70000076293945,45.61289596557617,209700
2024-09-20,45.400001525878906,45.400001525878906,44.279998779296875,44.279998779296875,44.19560241699219,295100
2024-09-23,44.13999938964844,44.61000061035156,43.650001525878906,44.02000045776367,43.936100006103516,106600
2024-09-24,44.58000183105469,45.38999938964844,44.20000076293945,44.52000045776367,44.43514633178711,109700
2024-09-25,44.400001525878906,44.400001525878906,43.689998626708984,44.16999816894531,44.085811614990234,86800
2024-09-26,45.0,46.27000045776367,44.970001220703125,46.099998474121094,46.01213455200195,146000
2024-09-27,46.709999084472656,47.7400016784668,46.5,47.150001525878906,47.06013488769531,206500
2024-09-30,46.81999969482422,47.720001220703125,46.81999969482422,47.70000076293945,47.60908508300781,179100
2024-10-01,47.400001525878906,47.689998626708984,46.4900016784668,47.349998474121094,47.25975036621094,251100
2024-10-02,47.349998474121094,48.15999984741211,47.31999969482422,47.790000915527344,47.69891357421875,167000
2024-10-03,47.189998626708984,47.75,46.81999969482422,47.220001220703125,47.130001068115234,151700
2024-10-04,48.0,48.56999969482422,47.689998626708984,47.88999938964844,47.88999938964844,122200
2024-10-07,47.349998474121094,48.220001220703125,47.349998474121094,48.150001525878906,48.150001525878906,162700
2024-10-08,48.40999984741211,48.40999984741211,47.08000183105469,47.54999923706055,47.54999923706055,233900
2024-10-09,47.54999923706055,48.15999984741211,47.52000045776367,47.720001220703125,47.720001220703125,197400
2024-10-10,47.22999954223633,47.29999923706055,46.40999984741211,47.13999938964844,47.13999938964844,151800
2024-10-11,46.119998931884766,48.56999969482422,46.119998931884766,48.5,48.5,130900
