Date,Open,High,Low,Close,Adj Close,Volume
2020-11-27,9.75,10.0,9.75,9.75,9.75,660600
2020-11-30,10.300000190734863,10.550000190734863,9.75,9.75,9.75,195000
2020-12-01,9.899999618530273,10.010000228881836,9.779999732971191,9.800000190734863,9.800000190734863,53800
2020-12-02,9.989999771118164,9.989999771118164,9.819999694824219,9.819999694824219,9.819999694824219,1200
2020-12-03,9.979999542236328,9.979999542236328,9.770000457763672,9.8100004196167,9.8100004196167,6900
2020-12-04,9.800000190734863,9.8100004196167,9.779999732971191,9.779999732971191,9.779999732971191,9300
2020-12-07,10.0,10.0600004196167,10.0,10.050000190734863,10.050000190734863,2400
2020-12-08,9.949999809265137,9.949999809265137,9.859999656677246,9.859999656677246,9.859999656677246,6300
2020-12-09,9.9350004196167,9.9399995803833,9.800000190734863,9.800000190734863,9.800000190734863,4200
2020-12-10,9.8100004196167,9.876999855041504,9.800000190734863,9.850000381469727,9.850000381469727,323500
2020-12-11,9.890000343322754,9.979999542236328,9.890000343322754,9.979999542236328,9.979999542236328,10300
2020-12-14,10.100000381469727,10.100000381469727,9.928000450134277,9.970000267028809,9.970000267028809,1200
2020-12-15,9.949999809265137,10.0,9.899999618530273,10.0,10.0,835300
2020-12-16,10.0,10.020000457763672,9.90999984741211,10.0,10.0,38000
2020-12-17,9.960000038146973,9.989999771118164,9.899999618530273,9.920000076293945,9.920000076293945,5200
2020-12-18,9.949999809265137,10.029999732971191,9.9350004196167,9.944999694824219,9.944999694824219,469200
2020-12-21,10.0600004196167,10.0600004196167,9.944999694824219,9.960000038146973,9.960000038146973,5400
2020-12-22,10.010000228881836,10.010000228881836,9.989999771118164,10.003000259399414,10.003000259399414,8800
2020-12-23,10.0,10.010000228881836,10.0,10.010000228881836,10.010000228881836,2700
2020-12-24,9.979999542236328,10.010000228881836,9.979999542236328,10.010000228881836,10.010000228881836,3500
2020-12-28,10.180000305175781,10.180000305175781,9.960000038146973,10.0,10.0,61600
2020-12-29,10.0,10.050000190734863,9.949999809265137,10.0,10.0,58700
2020-12-30,9.949999809265137,10.050000190734863,9.949999809265137,10.020000457763672,10.020000457763672,65600
2020-12-31,10.050000190734863,10.109999656677246,9.970000267028809,10.010000228881836,10.010000228881836,85600
2021-01-04,10.065999984741211,10.09000015258789,10.015000343322754,10.0600004196167,10.0600004196167,3800
2021-01-05,10.100000381469727,10.119999885559082,10.069999694824219,10.079999923706055,10.079999923706055,17700
2021-01-06,10.199999809265137,10.199999809265137,10.020000457763672,10.03499984741211,10.03499984741211,53300
2021-01-07,10.050000190734863,10.119999885559082,10.0,10.109999656677246,10.109999656677246,5900
2021-01-08,10.100000381469727,10.199999809265137,10.100000381469727,10.170000076293945,10.170000076293945,463300
2021-01-11,10.154999732971191,10.1899995803833,10.111000061035156,10.180000305175781,10.180000305175781,1900
2021-01-12,10.1850004196167,10.199999809265137,10.119999885559082,10.170000076293945,10.170000076293945,136900
2021-01-13,10.229999542236328,10.229999542236328,10.109999656677246,10.15999984741211,10.15999984741211,263400
2021-01-14,10.359999656677246,10.359999656677246,10.109999656677246,10.220000267028809,10.220000267028809,123100
2021-01-15,10.239999771118164,10.4399995803833,10.130000114440918,10.319999694824219,10.319999694824219,113300
2021-01-19,10.600000381469727,10.600000381469727,10.149999618530273,10.279999732971191,10.279999732971191,24700
2021-01-20,10.1899995803833,10.260000228881836,10.1899995803833,10.260000228881836,10.260000228881836,73400
2021-01-21,10.239999771118164,10.239999771118164,10.039999961853027,10.1899995803833,10.1899995803833,99600
2021-01-22,10.260000228881836,10.260000228881836,10.149999618530273,10.1899995803833,10.1899995803833,80000
2021-01-25,10.25,10.350000381469727,10.229999542236328,10.289999961853027,10.289999961853027,223400
2021-01-26,10.3100004196167,10.380000114440918,10.239999771118164,10.239999771118164,10.239999771118164,40800
2021-01-27,10.170000076293945,10.319999694824219,10.154999732971191,10.260000228881836,10.260000228881836,21200
2021-01-28,10.369999885559082,10.369999885559082,10.170000076293945,10.180000305175781,10.180000305175781,55200
2021-01-29,10.140000343322754,10.34000015258789,10.140000343322754,10.34000015258789,10.34000015258789,41500
2021-02-01,10.319999694824219,10.449999809265137,10.244999885559082,10.449999809265137,10.449999809265137,11700
2021-02-02,10.390000343322754,10.420000076293945,10.130000114440918,10.319999694824219,10.319999694824219,128400
2021-02-03,10.300000190734863,10.5,10.050000190734863,10.25,10.25,61400
2021-02-04,10.295000076293945,10.34000015258789,10.25,10.279999732971191,10.279999732971191,24900
2021-02-05,10.380000114440918,10.380000114440918,10.239999771118164,10.289999961853027,10.289999961853027,43400
2021-02-08,10.359999656677246,10.359999656677246,10.149999618530273,10.199999809265137,10.199999809265137,77500
2021-02-09,10.239999771118164,10.3100004196167,10.229999542236328,10.260000228881836,10.260000228881836,76000
2021-02-10,10.25,10.300000190734863,10.210000038146973,10.25,10.25,103600
2021-02-11,10.239999771118164,10.460000038146973,10.09000015258789,10.399999618530273,10.399999618530273,63500
2021-02-12,10.399999618530273,10.399999618530273,10.260000228881836,10.326000213623047,10.326000213623047,10700
2021-02-16,10.40999984741211,10.40999984741211,10.229999542236328,10.279999732971191,10.279999732971191,15000
2021-02-17,10.300000190734863,10.34000015258789,10.199999809265137,10.199999809265137,10.199999809265137,48300
2021-02-18,10.329999923706055,10.329999923706055,10.229999542236328,10.279999732971191,10.279999732971191,64800
2021-02-19,10.270000457763672,10.279999732971191,10.109999656677246,10.15999984741211,10.15999984741211,291400
2021-02-22,10.1899995803833,10.289999961853027,10.15999984741211,10.210000038146973,10.210000038146973,27900
2021-02-23,10.180000305175781,10.220000267028809,10.130000114440918,10.220000267028809,10.220000267028809,65600
2021-02-24,10.119999885559082,10.300000190734863,10.119999885559082,10.220000267028809,10.220000267028809,42100
2021-02-25,10.270000457763672,10.270000457763672,10.0,10.210000038146973,10.210000038146973,127800
2021-02-26,10.149999618530273,10.208999633789062,10.010000228881836,10.050000190734863,10.050000190734863,125300
2021-03-01,10.199999809265137,10.199999809265137,10.079999923706055,10.079999923706055,10.079999923706055,22800
2021-03-02,10.069999694824219,10.130000114440918,9.899999618530273,9.899999618530273,9.899999618530273,49000
2021-03-03,10.0,10.079000473022461,9.899999618530273,10.039999961853027,10.039999961853027,21700
2021-03-04,9.970000267028809,10.039999961853027,9.8100004196167,10.010000228881836,10.010000228881836,37700
2021-03-05,9.819999694824219,9.989999771118164,9.819999694824219,9.880000114440918,9.880000114440918,26900
2021-03-08,9.982999801635742,10.039999961853027,9.949999809265137,9.949999809265137,9.949999809265137,33500
2021-03-09,9.949999809265137,9.949999809265137,9.899999618530273,9.90999984741211,9.90999984741211,8200
2021-03-10,9.960000038146973,9.970000267028809,9.90999984741211,9.9399995803833,9.9399995803833,41900
2021-03-11,9.970000267028809,10.039999961853027,9.890000343322754,9.979999542236328,9.979999542236328,183800
2021-03-12,10.010000228881836,10.300000190734863,10.0,10.300000190734863,10.300000190734863,5438300
2021-03-15,10.600000381469727,10.640999794006348,10.010000228881836,10.140000343322754,10.140000343322754,836100
2021-03-16,10.140000343322754,10.199999809265137,10.020000457763672,10.130000114440918,10.130000114440918,306900
2021-03-17,10.25,10.25,9.819999694824219,10.100000381469727,10.100000381469727,823400
2021-03-18,10.1899995803833,10.1899995803833,9.899999618530273,10.140000343322754,10.140000343322754,528600
2021-03-19,10.109999656677246,10.119999885559082,10.010000228881836,10.020000457763672,10.020000457763672,534000
2021-03-22,10.010000228881836,10.109999656677246,9.989999771118164,10.109999656677246,10.109999656677246,663200
2021-03-23,10.109999656677246,10.220000267028809,10.0,10.010000228881836,10.010000228881836,1747300
2021-03-24,9.949999809265137,10.100000381469727,9.859999656677246,9.90999984741211,9.90999984741211,141900
2021-03-25,9.920000076293945,9.989999771118164,9.829999923706055,9.949999809265137,9.949999809265137,493600
2021-03-26,9.979999542236328,10.010000228881836,9.899999618530273,9.979999542236328,9.979999542236328,315200
2021-03-29,9.979999542236328,9.989999771118164,9.930000305175781,9.970000267028809,9.970000267028809,19900
2021-03-30,9.9399995803833,9.99899959564209,9.90999984741211,9.949999809265137,9.949999809265137,189400
2021-03-31,9.920000076293945,9.979999542236328,9.90999984741211,9.979999542236328,9.979999542236328,130800
2021-04-01,10.0,10.1899995803833,9.930000305175781,9.970000267028809,9.970000267028809,65100
2021-04-05,10.0,10.048999786376953,9.930000305175781,9.960000038146973,9.960000038146973,23100
2021-04-06,9.970000267028809,9.970000267028809,9.944999694824219,9.970000267028809,9.970000267028809,33900
2021-04-07,9.970000267028809,10.0,9.930000305175781,9.960000038146973,9.960000038146973,77700
2021-04-08,9.960000038146973,10.0,9.949999809265137,9.960000038146973,9.960000038146973,27500
2021-04-09,9.960000038146973,9.960000038146973,9.920000076293945,9.960000038146973,9.960000038146973,23600
2021-04-12,9.9399995803833,9.960000038146973,9.90999984741211,9.9399995803833,9.9399995803833,39200
2021-04-13,9.920000076293945,9.9399995803833,9.899999618530273,9.930000305175781,9.930000305175781,21400
2021-04-14,9.920000076293945,9.9399995803833,9.899999618530273,9.930000305175781,9.930000305175781,140300
2021-04-15,9.9399995803833,9.970000267028809,9.904999732971191,9.9399995803833,9.9399995803833,105400
2021-04-16,9.949999809265137,9.979999542236328,9.829999923706055,9.960000038146973,9.960000038146973,40100
2021-04-19,9.989999771118164,9.989999771118164,9.890000343322754,9.920000076293945,9.920000076293945,626000
2021-04-20,9.989999771118164,9.989999771118164,9.869999885559082,9.920000076293945,9.920000076293945,27700
2021-04-21,9.970000267028809,9.970000267028809,9.890000343322754,9.960000038146973,9.960000038146973,120400
2021-04-22,9.979999542236328,9.979999542236328,9.850000381469727,9.960000038146973,9.960000038146973,152500
2021-04-23,9.979999542236328,9.979999542236328,9.869999885559082,9.949999809265137,9.949999809265137,99400
2021-04-26,9.930000305175781,9.979999542236328,9.890000343322754,9.970000267028809,9.970000267028809,252100
2021-04-27,9.930000305175781,10.020000457763672,9.920000076293945,10.0,10.0,862800
2021-04-28,10.069999694824219,10.069999694824219,9.859999656677246,9.930000305175781,9.930000305175781,51600
2021-04-29,9.920000076293945,9.937999725341797,9.869999885559082,9.899999618530273,9.899999618530273,124100
2021-04-30,9.920000076293945,10.010000228881836,9.864999771118164,9.989999771118164,9.989999771118164,92300
2021-05-03,10.010000228881836,10.031999588012695,9.899999618530273,9.949999809265137,9.949999809265137,42900
2021-05-04,9.9399995803833,9.949999809265137,9.869999885559082,9.949999809265137,9.949999809265137,109300
2021-05-05,9.90999984741211,10.039999961853027,9.90999984741211,10.010000228881836,10.010000228881836,122100
2021-05-06,10.010000228881836,10.010000228881836,9.9399995803833,9.949999809265137,9.949999809265137,109100
2021-05-07,9.949999809265137,10.050000190734863,9.930000305175781,10.010000228881836,10.010000228881836,129500
2021-05-10,9.960000038146973,10.010000228881836,9.859999656677246,9.920000076293945,9.920000076293945,49600
2021-05-11,9.859999656677246,9.90999984741211,9.850000381469727,9.90999984741211,9.90999984741211,90300
2021-05-12,9.930999755859375,9.930999755859375,9.899999618530273,9.90999984741211,9.90999984741211,18700
2021-05-13,9.930000305175781,9.96500015258789,9.920000076293945,9.920000076293945,9.920000076293945,22900
2021-05-14,9.9399995803833,9.949999809265137,9.850000381469727,9.930000305175781,9.930000305175781,104200
2021-05-17,9.899999618530273,9.968999862670898,9.899999618530273,9.930000305175781,9.930000305175781,21300
2021-05-18,9.890000343322754,9.970000267028809,9.869999885559082,9.960000038146973,9.960000038146973,20100
2021-05-19,9.90999984741211,9.979999542236328,9.880000114440918,9.9399995803833,9.9399995803833,982100
2021-05-20,9.954999923706055,9.970000267028809,9.90999984741211,9.960000038146973,9.960000038146973,75600
2021-05-21,9.949999809265137,9.989999771118164,9.949999809265137,9.979999542236328,9.979999542236328,1044800
2021-05-24,9.970000267028809,10.010000228881836,9.930000305175781,9.960000038146973,9.960000038146973,478600
2021-05-25,9.970000267028809,9.989999771118164,9.960000038146973,9.989999771118164,9.989999771118164,324100
2021-05-26,9.989999771118164,10.029999732971191,9.970000267028809,10.010000228881836,10.010000228881836,511400
2021-05-27,10.008000373840332,10.050000190734863,10.0,10.020000457763672,10.020000457763672,218000
2021-05-28,10.020000457763672,10.069999694824219,9.979999542236328,10.0600004196167,10.0600004196167,249100
2021-06-01,10.039999961853027,10.09000015258789,10.020000457763672,10.039999961853027,10.039999961853027,165600
2021-06-02,10.029999732971191,10.069999694824219,10.029999732971191,10.0600004196167,10.0600004196167,321300
2021-06-03,10.069999694824219,10.069999694824219,10.029999732971191,10.050000190734863,10.050000190734863,68700
2021-06-04,10.029999732971191,10.069999694824219,10.020000457763672,10.0600004196167,10.0600004196167,316600
2021-06-07,10.09000015258789,10.100000381469727,10.0600004196167,10.069999694824219,10.069999694824219,556700
2021-06-08,10.100000381469727,10.359999656677246,10.085000038146973,10.329999923706055,10.329999923706055,1332400
2021-06-09,10.489999771118164,10.550000190734863,10.350000381469727,10.369999885559082,10.369999885559082,444100
2021-06-10,10.390000343322754,10.399999618530273,10.270000457763672,10.300000190734863,10.300000190734863,379000
2021-06-11,10.300000190734863,10.390000343322754,10.300000190734863,10.350000381469727,10.350000381469727,223200
2021-06-14,10.359999656677246,10.359999656677246,10.239999771118164,10.300000190734863,10.300000190734863,322900
2021-06-15,10.289999961853027,10.300000190734863,10.100000381469727,10.210000038146973,10.210000038146973,128100
2021-06-16,10.220000267028809,10.239999771118164,10.119999885559082,10.199999809265137,10.199999809265137,452700
2021-06-17,10.1899995803833,10.220000267028809,10.170000076293945,10.180000305175781,10.180000305175781,162100
2021-06-18,10.170000076293945,10.180000305175781,10.100000381469727,10.180000305175781,10.180000305175781,141300
2021-06-21,10.180000305175781,10.1899995803833,10.079999923706055,10.149999618530273,10.149999618530273,240000
2021-06-22,10.15999984741211,10.15999984741211,10.119999885559082,10.149999618530273,10.149999618530273,104800
2021-06-23,10.229999542236328,10.239999771118164,10.0,10.050000190734863,10.050000190734863,399400
2021-06-24,10.069999694824219,10.09000015258789,10.020000457763672,10.079999923706055,10.079999923706055,70200
2021-06-25,10.1899995803833,10.300000190734863,10.050000190734863,10.050000190734863,10.050000190734863,243800
2021-06-28,10.050000190734863,10.109999656677246,9.979999542236328,9.979999542236328,9.979999542236328,113200
2021-06-29,10.017000198364258,10.050000190734863,9.989999771118164,10.010000228881836,10.010000228881836,96800
2021-06-30,10.020000457763672,10.039999961853027,9.970000267028809,10.010000228881836,10.010000228881836,148900
2021-07-01,10.0,10.057000160217285,9.970000267028809,10.029999732971191,10.029999732971191,364000
2021-07-02,10.020000457763672,10.055000305175781,9.970000267028809,10.029999732971191,10.029999732971191,1336100
2021-07-06,10.020000457763672,10.039999961853027,9.970000267028809,10.0,10.0,396800
2021-07-07,10.020000457763672,10.020000457763672,9.970000267028809,9.979999542236328,9.979999542236328,747300
2021-07-08,9.979999542236328,9.996999740600586,9.970000267028809,9.989999771118164,9.989999771118164,1076100
2021-07-09,9.989999771118164,10.020000457763672,9.899999618530273,10.0,10.0,359000
2021-07-12,9.960000038146973,10.039999961853027,9.920000076293945,9.989999771118164,9.989999771118164,590900
2021-07-13,10.050000190734863,10.90999984741211,9.779999732971191,10.079999923706055,10.079999923706055,863000
2021-07-14,10.109999656677246,10.550000190734863,9.949999809265137,10.380000114440918,10.380000114440918,330400
2021-07-15,10.300000190734863,10.3100004196167,9.850000381469727,10.020000457763672,10.020000457763672,169600
2021-07-16,10.109999656677246,10.229999542236328,9.760000228881836,9.800000190734863,9.800000190734863,88600
2021-07-19,9.75,9.9399995803833,9.449999809265137,9.586000442504883,9.586000442504883,257400
2021-07-20,9.8100004196167,9.8100004196167,9.319999694824219,9.399999618530273,9.399999618530273,247500
2021-07-21,9.380000114440918,9.920000076293945,9.239999771118164,9.779999732971191,9.779999732971191,456200
2021-07-22,9.699999809265137,11.069999694824219,9.699999809265137,10.9399995803833,10.9399995803833,444500
2021-07-23,11.479999542236328,12.40999984741211,11.0,12.100000381469727,12.100000381469727,629200
2021-07-26,12.640000343322754,12.75,11.979999542236328,12.069999694824219,12.069999694824219,648500
2021-07-27,11.789999961853027,12.020000457763672,11.050000190734863,11.109999656677246,11.109999656677246,469700
2021-07-28,11.220000267028809,11.65999984741211,10.960000038146973,11.479999542236328,11.479999542236328,320700
2021-07-29,11.270000457763672,11.369999885559082,10.779999732971191,11.029999732971191,11.029999732971191,1237000
2021-07-30,11.119999885559082,11.8100004196167,10.930000305175781,11.779999732971191,11.779999732971191,234800
2021-08-02,11.699999809265137,11.829999923706055,11.470000267028809,11.579999923706055,11.579999923706055,325400
2021-08-03,11.470000267028809,11.819999694824219,11.470000267028809,11.649999618530273,11.649999618530273,224600
2021-08-04,11.5600004196167,11.699999809265137,11.204999923706055,11.550000190734863,11.550000190734863,118200
2021-08-05,11.579999923706055,11.930000305175781,11.4350004196167,11.600000381469727,11.600000381469727,325500
2021-08-06,11.569999694824219,11.6899995803833,11.510000228881836,11.630000114440918,11.630000114440918,195400
2021-08-09,11.59000015258789,11.6850004196167,11.529999732971191,11.59000015258789,11.59000015258789,107500
2021-08-10,11.5,11.619999885559082,11.180000305175781,11.25,11.25,539200
2021-08-11,11.619999885559082,11.869999885559082,11.430000305175781,11.75,11.75,304600
2021-08-12,11.869999885559082,11.869999885559082,11.329999923706055,11.369999885559082,11.369999885559082,137100
2021-08-13,11.279999732971191,11.305000305175781,11.079999923706055,11.199999809265137,11.199999809265137,82900
2021-08-16,11.390000343322754,11.390000343322754,10.869999885559082,11.020000457763672,11.020000457763672,162100
2021-08-17,11.0,11.0,10.720000267028809,10.850000381469727,10.850000381469727,109200
2021-08-18,10.760000228881836,11.149999618530273,10.720000267028809,10.819999694824219,10.819999694824219,249700
2021-08-19,11.010000228881836,11.220000267028809,10.779999732971191,11.0600004196167,11.0600004196167,184000
2021-08-20,11.119999885559082,11.789999961853027,10.979999542236328,11.600000381469727,11.600000381469727,237800
2021-08-23,11.670000076293945,12.010000228881836,11.520000457763672,11.899999618530273,11.899999618530273,277200
2021-08-24,12.119999885559082,12.270000457763672,11.869999885559082,12.149999618530273,12.149999618530273,292500
2021-08-25,12.180000305175781,12.239999771118164,11.989999771118164,12.130000114440918,12.130000114440918,171800
2021-08-26,12.1899995803833,12.539999961853027,12.079999923706055,12.25,12.25,206500
2021-08-27,12.3100004196167,12.420000076293945,11.890000343322754,12.0600004196167,12.0600004196167,217400
2021-08-30,12.119999885559082,12.130000114440918,11.579999923706055,11.789999961853027,11.789999961853027,198100
2021-08-31,11.770000457763672,11.970000267028809,11.619999885559082,11.699999809265137,11.699999809265137,156600
2021-09-01,11.779999732971191,11.8149995803833,11.430000305175781,11.5,11.5,140400
2021-09-02,11.550000190734863,11.569999694824219,11.364999771118164,11.449999809265137,11.449999809265137,104700
2021-09-03,11.489999771118164,11.489999771118164,11.270000457763672,11.430000305175781,11.430000305175781,98400
2021-09-07,11.529999732971191,12.1899995803833,11.210000038146973,11.239999771118164,11.239999771118164,388900
2021-09-08,11.180000305175781,11.630000114440918,11.180000305175781,11.460000038146973,11.460000038146973,159600
2021-09-09,11.569999694824219,11.739999771118164,11.5,11.569999694824219,11.569999694824219,229500
2021-09-10,11.470000267028809,11.819999694824219,11.470000267028809,11.720000267028809,11.720000267028809,298300
2021-09-13,11.640000343322754,12.039999961853027,11.5,11.550000190734863,11.550000190734863,359300
2021-09-14,11.430000305175781,11.970000267028809,11.350000381469727,11.489999771118164,11.489999771118164,203000
2021-09-15,11.510000228881836,11.949999809265137,11.425000190734863,11.470000267028809,11.470000267028809,478100
2021-09-16,11.380000114440918,11.800000190734863,11.239999771118164,11.40999984741211,11.40999984741211,363100
2021-09-17,11.4399995803833,11.699999809265137,11.079999923706055,11.109999656677246,11.109999656677246,1962000
2021-09-20,10.979999542236328,11.399999618530273,10.779999732971191,11.239999771118164,11.239999771118164,451900
2021-09-21,11.199999809265137,11.699999809265137,11.199999809265137,11.279999732971191,11.279999732971191,458600
2021-09-22,11.34000015258789,12.100000381469727,11.34000015258789,11.960000038146973,11.960000038146973,315200
2021-09-23,12.0,12.34000015258789,11.930000305175781,12.0600004196167,12.0600004196167,72500
2021-09-24,12.039999961853027,12.359999656677246,11.930000305175781,12.210000038146973,12.210000038146973,78500
2021-09-27,12.1899995803833,12.40999984741211,12.1899995803833,12.25,12.25,56400
2021-09-28,12.210000038146973,12.40999984741211,11.6899995803833,11.979999542236328,11.979999542236328,121700
2021-09-29,12.069999694824219,12.170000076293945,11.75,11.800000190734863,11.800000190734863,157200
2021-09-30,11.869999885559082,12.09000015258789,11.630000114440918,11.9399995803833,11.9399995803833,506700
2021-10-01,11.960000038146973,11.960000038146973,11.59000015258789,11.770000457763672,11.770000457763672,58000
2021-10-04,11.75,11.930000305175781,11.75,11.859999656677246,11.859999656677246,43400
2021-10-05,11.989999771118164,11.989999771118164,11.59000015258789,11.770000457763672,11.770000457763672,218700
2021-10-06,11.75,11.770000457763672,11.520000457763672,11.649999618530273,11.649999618530273,139700
2021-10-07,11.720000267028809,11.829999923706055,11.649999618530273,11.699999809265137,11.699999809265137,108400
2021-10-08,11.6899995803833,11.75,11.319999694824219,11.369999885559082,11.369999885559082,124100
2021-10-11,11.449999809265137,12.020000457763672,11.449999809265137,11.5600004196167,11.5600004196167,532700
2021-10-12,11.569999694824219,11.760000228881836,11.239999771118164,11.3100004196167,11.3100004196167,452900
2021-10-13,11.420000076293945,11.640000343322754,11.25,11.510000228881836,11.510000228881836,144800
2021-10-14,11.619999885559082,11.739999771118164,11.470000267028809,11.539999961853027,11.539999961853027,110300
2021-10-15,11.6899995803833,11.75,11.399999618530273,11.489999771118164,11.489999771118164,216900
2021-10-18,11.460000038146973,11.699999809265137,11.109999656677246,11.149999618530273,11.149999618530273,134500
2021-10-19,11.130000114440918,11.40999984741211,10.970000267028809,11.0600004196167,11.0600004196167,116700
2021-10-20,11.069999694824219,11.545000076293945,11.010000228881836,11.300000190734863,11.300000190734863,357200
2021-10-21,11.180000305175781,11.369999885559082,11.180000305175781,11.3100004196167,11.3100004196167,33300
2021-10-22,11.300000190734863,11.300000190734863,11.050000190734863,11.199999809265137,11.199999809265137,64500
2021-10-25,11.0600004196167,11.28499984741211,11.0,11.010000228881836,11.010000228881836,38600
2021-10-26,11.0,11.109999656677246,10.75,10.760000228881836,10.760000228881836,98900
2021-10-27,10.829999923706055,10.850000381469727,10.609999656677246,10.619999885559082,10.619999885559082,57000
2021-10-28,10.75,11.029999732971191,10.739999771118164,10.890000343322754,10.890000343322754,35500
2021-10-29,10.9399995803833,10.949999809265137,10.829999923706055,10.899999618530273,10.899999618530273,75600
2021-11-01,10.989999771118164,11.510000228881836,10.949999809265137,11.430000305175781,11.430000305175781,209100
2021-11-02,11.199999809265137,11.800000190734863,11.199999809265137,11.800000190734863,11.800000190734863,177000
2021-11-03,11.569999694824219,12.220000267028809,11.569999694824219,12.010000228881836,12.010000228881836,115000
2021-11-04,11.890000343322754,12.189000129699707,11.869999885559082,12.010000228881836,12.010000228881836,75500
2021-11-05,11.789999961853027,12.170000076293945,11.539999961853027,11.949999809265137,11.949999809265137,94500
2021-11-08,11.729999542236328,12.050000190734863,11.729999542236328,11.989999771118164,11.989999771118164,179700
2021-11-09,12.010000228881836,12.234999656677246,11.989999771118164,12.039999961853027,12.039999961853027,190500
2021-11-10,12.529999732971191,12.699999809265137,12.119999885559082,12.619999885559082,12.619999885559082,276800
2021-11-11,12.625,13.0,12.470000267028809,12.899999618530273,12.899999618530273,252900
2021-11-12,12.920000076293945,13.40999984741211,12.579999923706055,13.25,13.25,292900
2021-11-15,13.1899995803833,13.539999961853027,13.029999732971191,13.399999618530273,13.399999618530273,283000
2021-11-16,13.210000038146973,13.375,12.994999885559082,13.279999732971191,13.279999732971191,183100
2021-11-17,13.140000343322754,13.5,13.140000343322754,13.449999809265137,13.449999809265137,175600
2021-11-18,13.640000343322754,13.640000343322754,13.130000114440918,13.270000457763672,13.270000457763672,162300
2021-11-19,13.350000381469727,13.539999961853027,13.069999694824219,13.149999618530273,13.149999618530273,166300
2021-11-22,13.100000381469727,13.270000457763672,12.920000076293945,13.100000381469727,13.100000381469727,159800
2021-11-23,13.130000114440918,13.175000190734863,12.520000457763672,12.649999618530273,12.649999618530273,212100
2021-11-24,12.600000381469727,12.869999885559082,12.5600004196167,12.640000343322754,12.640000343322754,148100
2021-11-26,12.430000305175781,12.5,12.09000015258789,12.229999542236328,12.229999542236328,158400
2021-11-29,12.34000015258789,12.34000015258789,11.989999771118164,12.0,12.0,119000
2021-11-30,11.899999618530273,12.239999771118164,11.899999618530273,12.210000038146973,12.210000038146973,864500
2021-12-01,12.220000267028809,13.029999732971191,12.220000267028809,12.59000015258789,12.59000015258789,512400
2021-12-02,12.699999809265137,12.899999618530273,12.399999618530273,12.59000015258789,12.59000015258789,101200
2021-12-03,12.640000343322754,12.84000015258789,12.34000015258789,12.59000015258789,12.59000015258789,218800
2021-12-06,12.5600004196167,12.5600004196167,11.880000114440918,12.0600004196167,12.0600004196167,205300
2021-12-07,12.100000381469727,12.609999656677246,12.100000381469727,12.140000343322754,12.140000343322754,210700
2021-12-08,12.279999732971191,12.569999694824219,12.1899995803833,12.449999809265137,12.449999809265137,149100
2021-12-09,12.420000076293945,12.59000015258789,12.225000381469727,12.289999961853027,12.289999961853027,71400
2021-12-10,12.319999694824219,12.4399995803833,12.239999771118164,12.369999885559082,12.369999885559082,89800
2021-12-13,12.319999694824219,12.479000091552734,12.029999732971191,12.069999694824219,12.069999694824219,235300
2021-12-14,11.949999809265137,12.4399995803833,11.819999694824219,11.9399995803833,11.9399995803833,209600
2021-12-15,11.850000381469727,11.859000205993652,11.449999809265137,11.789999961853027,11.789999961853027,183400
2021-12-16,11.90999984741211,12.157999992370605,11.84000015258789,12.039999961853027,12.039999961853027,151900
2021-12-17,11.920000076293945,12.210000038146973,11.739999771118164,12.130000114440918,12.130000114440918,228500
2021-12-20,12.010000228881836,12.069999694824219,11.710000038146973,11.90999984741211,11.90999984741211,155100
2021-12-21,11.970000267028809,12.170000076293945,11.949999809265137,12.109999656677246,12.109999656677246,72800
2021-12-22,12.140000343322754,12.510000228881836,12.140000343322754,12.479999542236328,12.479999542236328,74800
2021-12-23,12.539999961853027,12.739999771118164,12.479999542236328,12.59000015258789,12.59000015258789,63300
2021-12-27,12.6899995803833,13.050000190734863,12.5600004196167,12.859999656677246,12.859999656677246,106900
2021-12-28,12.920000076293945,13.239999771118164,12.920000076293945,13.210000038146973,13.210000038146973,65000
2021-12-29,13.300000190734863,13.319999694824219,12.640000343322754,12.75,12.75,112400
2021-12-30,12.829999923706055,13.15999984741211,12.829999923706055,13.100000381469727,13.100000381469727,62200
2021-12-31,13.119999885559082,13.180000305175781,12.899999618530273,12.989999771118164,12.989999771118164,62700
2022-01-03,12.989999771118164,13.300000190734863,12.949999809265137,13.260000228881836,13.260000228881836,78700
2022-01-04,13.380000114440918,13.475000381469727,13.170999526977539,13.34000015258789,13.34000015258789,40500
2022-01-05,13.399999618530273,13.404999732971191,12.850000381469727,12.90999984741211,12.90999984741211,71100
2022-01-06,12.800000190734863,12.800000190734863,12.289999961853027,12.600000381469727,12.600000381469727,64300
2022-01-07,12.6899995803833,12.6899995803833,11.989999771118164,12.0600004196167,12.0600004196167,113100
2022-01-10,12.15999984741211,12.15999984741211,11.65999984741211,12.029999732971191,12.029999732971191,57200
2022-01-11,12.149999618530273,12.510000228881836,12.0600004196167,12.329999923706055,12.329999923706055,62500
2022-01-12,12.449999809265137,12.720000267028809,12.220000267028809,12.630000114440918,12.630000114440918,56000
2022-01-13,12.569999694824219,13.220000267028809,12.569999694824219,13.180000305175781,13.180000305175781,122600
2022-01-14,12.989999771118164,13.234999656677246,12.770000457763672,13.029999732971191,13.029999732971191,229000
2022-01-18,13.079999923706055,13.34000015258789,12.78499984741211,13.020000457763672,13.020000457763672,144500
2022-01-19,13.079999923706055,13.4399995803833,12.960000038146973,13.1899995803833,13.1899995803833,226100
2022-01-20,13.199999809265137,13.199999809265137,12.829999923706055,12.84000015258789,12.84000015258789,140800
2022-01-21,12.710000038146973,12.984999656677246,12.380000114440918,12.460000038146973,12.460000038146973,210100
2022-01-24,12.390000343322754,12.569999694824219,11.9399995803833,12.170000076293945,12.170000076293945,281500
2022-01-25,12.020000457763672,12.0600004196167,11.640000343322754,11.8100004196167,11.8100004196167,205500
2022-01-26,11.84000015258789,12.079999923706055,11.65999984741211,11.699999809265137,11.699999809265137,103000
2022-01-27,11.720000267028809,11.75,11.0,11.0600004196167,11.0600004196167,292600
2022-01-28,11.130000114440918,11.5600004196167,10.930000305175781,11.550000190734863,11.550000190734863,153300
2022-01-31,11.609999656677246,11.850000381469727,11.5600004196167,11.84000015258789,11.84000015258789,188700
2022-02-01,11.84000015258789,12.039999961853027,11.649999618530273,11.979999542236328,11.979999542236328,152900
2022-02-02,12.109999656677246,12.180000305175781,11.489999771118164,11.619999885559082,11.619999885559082,126600
2022-02-03,11.289999961853027,11.65999984741211,11.180000305175781,11.25,11.25,188000
2022-02-04,11.3100004196167,11.479999542236328,11.029999732971191,11.40999984741211,11.40999984741211,122000
2022-02-07,11.34000015258789,11.720000267028809,11.34000015258789,11.479999542236328,11.479999542236328,96200
2022-02-08,11.329999923706055,11.789999961853027,11.119999885559082,11.760000228881836,11.760000228881836,110000
2022-02-09,11.760000228881836,11.960000038146973,11.729999542236328,11.789999961853027,11.789999961853027,88500
2022-02-10,11.640000343322754,11.960000038146973,11.489999771118164,11.550000190734863,11.550000190734863,81300
2022-02-11,11.449999809265137,12.0,11.4399995803833,11.8100004196167,11.8100004196167,209800
2022-02-14,11.8100004196167,11.949999809265137,11.595999717712402,11.930000305175781,11.930000305175781,166900
2022-02-15,11.970000267028809,12.319999694824219,11.970000267028809,12.289999961853027,12.289999961853027,144200
2022-02-16,12.3100004196167,12.710000038146973,12.069999694824219,12.420000076293945,12.420000076293945,94000
2022-02-17,12.279999732971191,12.430000305175781,12.210000038146973,12.34000015258789,12.34000015258789,140300
2022-02-18,12.390000343322754,12.550000190734863,12.279999732971191,12.479999542236328,12.479999542236328,226900
2022-02-22,12.420000076293945,12.850000381469727,12.369999885559082,12.40999984741211,12.40999984741211,315400
2022-02-23,12.40999984741211,12.550000190734863,12.25,12.260000228881836,12.260000228881836,193900
2022-02-24,11.960000038146973,12.4399995803833,11.895000457763672,12.369999885559082,12.369999885559082,433900
2022-02-25,12.489999771118164,13.149999618530273,12.484999656677246,13.079999923706055,13.079999923706055,195400
2022-02-28,12.890000343322754,13.359999656677246,12.739999771118164,12.970000267028809,12.970000267028809,307400
2022-03-01,12.829999923706055,13.010000228881836,12.680000305175781,12.829999923706055,12.829999923706055,337500
2022-03-02,12.779999732971191,13.109999656677246,12.720000267028809,13.0600004196167,13.0600004196167,207300
2022-03-03,13.289999961853027,13.829999923706055,13.289999961853027,13.569999694824219,13.569999694824219,307700
2022-03-04,13.699999809265137,14.039999961853027,13.5,14.029999732971191,14.029999732971191,329300
2022-03-07,13.800000190734863,14.010000228881836,13.640000343322754,13.680000305175781,13.680000305175781,345500
2022-03-08,13.699999809265137,13.899999618530273,13.529999732971191,13.619999885559082,13.619999885559082,200100
2022-03-09,13.789999961853027,14.020000457763672,13.510000228881836,13.699999809265137,13.699999809265137,163000
2022-03-10,13.569999694824219,13.970000267028809,13.470000267028809,13.930000305175781,13.930000305175781,171000
2022-03-11,13.970000267028809,14.420000076293945,13.970000267028809,14.3100004196167,14.3100004196167,231200
2022-03-14,14.289999961853027,14.364999771118164,13.289999961853027,13.329999923706055,13.329999923706055,737100
2022-03-15,13.350000381469727,14.300000190734863,13.350000381469727,14.100000381469727,14.100000381469727,482800
2022-03-16,14.319999694824219,14.539999961853027,13.829999923706055,14.520000457763672,14.520000457763672,410400
2022-03-17,14.430000305175781,14.680000305175781,14.270000457763672,14.390000343322754,14.390000343322754,409000
2022-03-18,14.489999771118164,14.5,14.039999961853027,14.050000190734863,14.050000190734863,293700
2022-03-21,13.979999542236328,14.359999656677246,13.859999656677246,14.140000343322754,14.140000343322754,601900
2022-03-22,14.119999885559082,14.28499984741211,14.09000015258789,14.119999885559082,14.119999885559082,250400
2022-03-23,14.15999984741211,14.380000114440918,13.920000076293945,14.010000228881836,14.010000228881836,435300
2022-03-24,14.0,14.029999732971191,13.3100004196167,13.5,13.5,290300
2022-03-25,13.430000305175781,13.550000190734863,13.239999771118164,13.359999656677246,13.359999656677246,119800
2022-03-28,13.239999771118164,13.4399995803833,13.229999542236328,13.430000305175781,13.430000305175781,97600
2022-03-29,13.4399995803833,14.050000190734863,13.4399995803833,13.75,13.75,204100
2022-03-30,13.859999656677246,13.90999984741211,13.579999923706055,13.720000267028809,13.720000267028809,112400
2022-03-31,13.75,14.050000190734863,13.670999526977539,13.90999984741211,13.90999984741211,319300
2022-04-01,14.029999732971191,14.039999961853027,13.807000160217285,14.0,14.0,183000
2022-04-04,13.989999771118164,14.119999885559082,13.739999771118164,13.829999923706055,13.829999923706055,145300
2022-04-05,13.9399995803833,14.0600004196167,13.645000457763672,13.720000267028809,13.720000267028809,161900
2022-04-06,13.630000114440918,13.6899995803833,13.170000076293945,13.239999771118164,13.239999771118164,170800
2022-04-07,13.1899995803833,13.220000267028809,12.720000267028809,12.890000343322754,12.890000343322754,404900
2022-04-08,12.970000267028809,13.0600004196167,12.220000267028809,12.970000267028809,12.970000267028809,228200
2022-04-11,12.880000114440918,13.22700023651123,12.84000015258789,13.020000457763672,13.020000457763672,126200
2022-04-12,13.020000457763672,13.350000381469727,12.829999923706055,12.930000305175781,12.930000305175781,164100
2022-04-13,12.9399995803833,13.380000114440918,12.720000267028809,13.3100004196167,13.3100004196167,183500
2022-04-14,13.350000381469727,13.654999732971191,13.329999923706055,13.5,13.5,182200
2022-04-18,13.529999732971191,13.90999984741211,13.369999885559082,13.720000267028809,13.720000267028809,114400
2022-04-19,13.729999542236328,14.039999961853027,13.699999809265137,13.869999885559082,13.869999885559082,148500
2022-04-20,12.829999923706055,12.920000076293945,12.015000343322754,12.4399995803833,12.4399995803833,1782200
2022-04-21,12.520000457763672,12.600000381469727,11.569999694824219,11.609999656677246,11.609999656677246,5042700
2022-04-22,11.640000343322754,11.710000038146973,11.239999771118164,11.329999923706055,11.329999923706055,552100
2022-04-25,11.289999961853027,11.510000228881836,11.0600004196167,11.380000114440918,11.380000114440918,592400
2022-04-26,11.270000457763672,11.350000381469727,10.630000114440918,10.65999984741211,10.65999984741211,904900
2022-04-27,10.5600004196167,10.729999542236328,10.232999801635742,10.329999923706055,10.329999923706055,722800
2022-04-28,10.399999618530273,10.75,10.09000015258789,10.699999809265137,10.699999809265137,997200
2022-04-29,10.550000190734863,10.800000190734863,10.1899995803833,10.539999961853027,10.539999961853027,614300
2022-05-02,10.529999732971191,10.899999618530273,10.3100004196167,10.760000228881836,10.760000228881836,454400
2022-05-03,10.819999694824219,10.819999694824219,10.460000038146973,10.699999809265137,10.699999809265137,539800
2022-05-04,10.609999656677246,10.805000305175781,10.15999984741211,10.649999618530273,10.649999618530273,596800
2022-05-05,10.569999694824219,10.65999984741211,9.979999542236328,10.079999923706055,10.079999923706055,709100
2022-05-06,10.069999694824219,10.194999694824219,9.670000076293945,9.949999809265137,9.949999809265137,585400
2022-05-09,9.819999694824219,9.819999694824219,9.109999656677246,9.119999885559082,9.119999885559082,928500
2022-05-10,9.15999984741211,9.399999618530273,8.510000228881836,8.90999984741211,8.90999984741211,1203300
2022-05-11,8.899999618530273,9.119999885559082,8.529999732971191,8.529999732971191,8.529999732971191,483100
2022-05-12,9.3100004196167,9.380000114440918,8.229999542236328,9.229999542236328,9.229999542236328,768300
2022-05-13,9.319999694824219,9.850000381469727,9.170999526977539,9.739999771118164,9.739999771118164,465900
2022-05-16,9.65999984741211,10.25,9.619999885559082,10.069999694824219,10.069999694824219,342500
2022-05-17,10.300000190734863,10.430000305175781,10.100000381469727,10.3100004196167,10.3100004196167,217800
2022-05-18,10.140000343322754,10.229999542236328,9.6899995803833,9.979999542236328,9.979999542236328,472800
2022-05-19,9.890000343322754,9.970000267028809,9.470000267028809,9.770000457763672,9.770000457763672,497500
2022-05-20,9.859999656677246,9.930000305175781,9.420000076293945,9.760000228881836,9.760000228881836,289400
2022-05-23,9.819999694824219,9.960000038146973,9.619999885559082,9.720000267028809,9.720000267028809,405700
2022-05-24,9.640000343322754,9.800000190734863,9.53499984741211,9.75,9.75,342000
2022-05-25,9.670000076293945,9.989999771118164,9.670000076293945,9.739999771118164,9.739999771118164,529200
2022-05-26,9.75,10.010000228881836,9.680000305175781,9.90999984741211,9.90999984741211,659300
2022-05-27,10.010000228881836,10.279999732971191,9.9399995803833,10.140000343322754,10.140000343322754,380300
2022-05-31,10.149999618530273,10.619999885559082,10.0600004196167,10.489999771118164,10.489999771118164,358000
2022-06-01,10.470000267028809,10.619999885559082,10.289999961853027,10.4399995803833,10.4399995803833,269000
2022-06-02,10.4399995803833,11.100000381469727,10.390000343322754,11.079999923706055,11.079999923706055,630600
2022-06-03,10.90999984741211,11.09000015258789,10.539999961853027,10.739999771118164,10.739999771118164,314900
2022-06-06,10.960000038146973,11.180000305175781,10.789999961853027,11.0,11.0,602900
2022-06-07,10.84000015258789,10.869999885559082,10.430000305175781,10.8100004196167,10.8100004196167,491400
2022-06-08,10.819999694824219,11.0600004196167,10.704999923706055,10.75,10.75,375000
2022-06-09,10.680000305175781,10.760000228881836,10.510000228881836,10.539999961853027,10.539999961853027,447100
2022-06-10,10.399999618530273,10.550000190734863,10.239999771118164,10.239999771118164,10.239999771118164,443300
2022-06-13,10.0,10.050000190734863,9.640000343322754,9.770000457763672,9.770000457763672,595900
2022-06-14,9.8100004196167,9.895000457763672,9.670000076293945,9.84000015258789,9.84000015258789,354500
2022-06-15,9.930000305175781,10.305000305175781,9.8100004196167,10.100000381469727,10.100000381469727,533200
2022-06-16,9.960000038146973,10.170000076293945,9.770000457763672,9.989999771118164,9.989999771118164,530200
2022-06-17,10.010000228881836,10.15999984741211,9.84000015258789,10.119999885559082,10.119999885559082,648900
2022-06-21,10.239999771118164,10.479999542236328,10.039999961853027,10.069999694824219,10.069999694824219,519200
2022-06-22,10.109999656677246,10.359999656677246,9.90999984741211,10.029999732971191,10.029999732971191,1974200
2022-06-23,10.020000457763672,10.21500015258789,9.800000190734863,10.0,10.0,622400
2022-06-24,10.029999732971191,10.449999809265137,9.899999618530273,10.25,10.25,7930900
2022-06-27,10.270000457763672,10.920000076293945,10.270000457763672,10.920000076293945,10.920000076293945,659100
2022-06-28,11.130000114440918,11.130000114440918,10.680000305175781,10.739999771118164,10.739999771118164,416600
2022-06-29,10.729999542236328,10.8100004196167,10.489999771118164,10.699999809265137,10.699999809265137,415300
2022-06-30,10.5600004196167,10.720000267028809,10.329999923706055,10.5,10.5,1497800
2022-07-01,10.449999809265137,10.979999542236328,10.449999809265137,10.979999542236328,10.979999542236328,375800
2022-07-05,10.789999961853027,11.039999961853027,10.6899995803833,10.84000015258789,10.84000015258789,642100
2022-07-06,10.899999618530273,10.930000305175781,10.680000305175781,10.850000381469727,10.850000381469727,320100
2022-07-07,10.970000267028809,11.475000381469727,10.899999618530273,11.460000038146973,11.460000038146973,594500
2022-07-08,11.380000114440918,11.539999961853027,11.279999732971191,11.329999923706055,11.329999923706055,238600
2022-07-11,11.1899995803833,11.329999923706055,10.9350004196167,10.960000038146973,10.960000038146973,188100
2022-07-12,10.989999771118164,11.199999809265137,10.970000267028809,11.079999923706055,11.079999923706055,452500
2022-07-13,10.979999542236328,11.079999923706055,10.800000190734863,10.899999618530273,10.899999618530273,1442700
2022-07-14,10.6899995803833,11.03499984741211,10.6899995803833,11.0,11.0,243500
2022-07-15,11.170000076293945,11.539999961853027,11.020000457763672,11.529999732971191,11.529999732971191,258500
2022-07-18,11.640000343322754,11.720000267028809,11.420000076293945,11.4399995803833,11.4399995803833,261700
2022-07-19,11.600000381469727,11.710000038146973,11.489999771118164,11.649999618530273,11.649999618530273,307400
2022-07-20,11.579999923706055,12.024999618530273,11.579999923706055,12.020000457763672,12.020000457763672,324700
2022-07-21,11.930000305175781,12.369999885559082,11.930000305175781,12.369999885559082,12.369999885559082,413400
2022-07-22,12.399999618530273,12.420000076293945,12.029999732971191,12.119999885559082,12.119999885559082,230000
2022-07-25,12.149999618530273,12.3100004196167,11.989999771118164,12.199999809265137,12.199999809265137,191100
2022-07-26,12.199999809265137,12.225000381469727,12.0,12.140000343322754,12.140000343322754,249800
2022-07-27,12.220000267028809,12.239999771118164,12.029999732971191,12.149999618530273,12.149999618530273,328700
2022-07-28,12.220000267028809,12.680000305175781,12.15999984741211,12.670000076293945,12.670000076293945,339700
2022-07-29,9.329999923706055,9.380000114440918,7.96999979019165,7.989999771118164,7.989999771118164,8920400
2022-08-01,8.069999694824219,8.069999694824219,6.320000171661377,6.670000076293945,6.670000076293945,8176600
2022-08-02,6.610000133514404,6.749000072479248,6.449999809265137,6.5,6.5,1922400
2022-08-03,6.46999979019165,6.570000171661377,6.019999980926514,6.019999980926514,6.019999980926514,2270300
2022-08-04,6.099999904632568,6.429999828338623,6.0,6.039999961853027,6.039999961853027,2869300
2022-08-05,6.0,6.039999961853027,5.679999828338623,5.730000019073486,5.730000019073486,1574700
2022-08-08,5.75,6.25,5.75,6.210000038146973,6.210000038146973,1339700
2022-08-09,6.199999809265137,6.329999923706055,5.96999979019165,6.190000057220459,6.190000057220459,914300
2022-08-10,6.309999942779541,6.534999847412109,6.215000152587891,6.489999771118164,6.489999771118164,908000
2022-08-11,6.480000019073486,6.650000095367432,6.150000095367432,6.269999980926514,6.269999980926514,1223500
2022-08-12,6.199999809265137,6.599999904632568,6.199999809265137,6.570000171661377,6.570000171661377,765400
2022-08-15,6.46999979019165,6.550000190734863,6.429999828338623,6.46999979019165,6.46999979019165,674200
2022-08-16,6.449999809265137,6.480000019073486,6.261000156402588,6.380000114440918,6.380000114440918,782500
2022-08-17,6.380000114440918,6.400000095367432,6.190000057220459,6.199999809265137,6.199999809265137,694500
2022-08-18,6.170000076293945,6.295000076293945,6.159999847412109,6.25,6.25,529700
2022-08-19,6.300000190734863,6.440000057220459,6.239999771118164,6.360000133514404,6.360000133514404,827800
2022-08-22,6.289999961853027,6.300000190734863,6.0,6.039999961853027,6.039999961853027,498700
2022-08-23,5.989999771118164,6.090000152587891,5.809999942779541,5.849999904632568,5.849999904632568,700600
2022-08-24,5.840000152587891,6.019999980926514,5.840000152587891,5.96999979019165,5.96999979019165,380100
2022-08-25,6.0,6.25,6.0,6.210000038146973,6.210000038146973,425300
2022-08-26,6.269999980926514,6.28000020980835,6.0,6.019999980926514,6.019999980926514,406500
2022-08-29,5.96999979019165,6.059999942779541,5.784999847412109,5.840000152587891,5.840000152587891,600100
2022-08-30,5.840000152587891,5.849999904632568,5.650000095367432,5.710000038146973,5.710000038146973,940300
2022-08-31,5.809999942779541,5.894999980926514,5.610000133514404,5.670000076293945,5.670000076293945,797600
2022-09-01,5.650000095367432,5.699999809265137,5.525000095367432,5.599999904632568,5.599999904632568,597500
2022-09-02,5.619999885559082,5.710000038146973,5.534999847412109,5.599999904632568,5.599999904632568,663900
2022-09-06,5.630000114440918,5.849999904632568,5.570000171661377,5.769999980926514,5.769999980926514,396900
2022-09-07,5.75,5.900000095367432,5.650000095367432,5.739999771118164,5.739999771118164,806100
2022-09-08,5.679999828338623,5.90500020980835,5.670000076293945,5.789999961853027,5.789999961853027,348100
2022-09-09,5.829999923706055,6.03000020980835,5.820000171661377,5.980000019073486,5.980000019073486,803100
2022-09-12,6.019999980926514,6.159999847412109,5.869999885559082,6.010000228881836,6.010000228881836,2097100
2022-09-13,5.840000152587891,5.909999847412109,5.570000171661377,5.619999885559082,5.619999885559082,582000
2022-09-14,5.559999942779541,5.769000053405762,5.454999923706055,5.690000057220459,5.690000057220459,800800
2022-09-15,5.659999847412109,5.860000133514404,5.454999923706055,5.510000228881836,5.510000228881836,628100
2022-09-16,5.460000038146973,5.460000038146973,5.239999771118164,5.329999923706055,5.329999923706055,1814100
2022-09-19,5.28000020980835,5.489999771118164,5.255000114440918,5.389999866485596,5.389999866485596,835400
2022-09-20,5.349999904632568,5.349999904632568,5.204999923706055,5.239999771118164,5.239999771118164,471800
2022-09-21,5.199999809265137,5.28000020980835,4.980000019073486,4.980000019073486,4.980000019073486,811600
2022-09-22,4.929999828338623,4.980000019073486,4.775000095367432,4.789999961853027,4.789999961853027,561900
2022-09-23,4.730000019073486,4.739999771118164,4.5,4.5,4.5,736100
2022-09-26,4.449999809265137,4.639999866485596,4.364999771118164,4.389999866485596,4.389999866485596,493600
2022-09-27,4.449999809265137,4.510000228881836,4.340000152587891,4.409999847412109,4.409999847412109,370400
2022-09-28,4.449999809265137,4.670000076293945,4.394999980926514,4.559999942779541,4.559999942779541,433800
2022-09-29,4.5,4.550000190734863,4.184999942779541,4.269999980926514,4.269999980926514,483400
2022-09-30,4.21999979019165,4.320000171661377,4.050000190734863,4.050000190734863,4.050000190734863,479200
2022-10-03,4.099999904632568,4.260000228881836,4.019999980926514,4.260000228881836,4.260000228881836,471300
2022-10-04,4.340000152587891,4.394999980926514,4.114999771118164,4.150000095367432,4.150000095367432,501200
2022-10-05,4.019999980926514,4.050000190734863,3.880000114440918,4.03000020980835,4.03000020980835,612900
2022-10-06,4.050000190734863,4.170000076293945,3.930000066757202,3.940000057220459,3.940000057220459,367000
2022-10-07,3.9000000953674316,3.9000000953674316,3.5850000381469727,3.5899999141693115,3.5899999141693115,641700
2022-10-10,3.630000114440918,3.9000000953674316,3.5399999618530273,3.880000114440918,3.880000114440918,473100
2022-10-11,3.819999933242798,4.099999904632568,3.7899999618530273,4.059999942779541,4.059999942779541,677400
2022-10-12,4.03000020980835,4.329999923706055,4.0,4.269999980926514,4.269999980926514,844100
2022-10-13,4.099999904632568,4.139999866485596,3.9000000953674316,4.119999885559082,4.119999885559082,713000
2022-10-14,4.170000076293945,4.190000057220459,3.994999885559082,4.079999923706055,4.079999923706055,377500
2022-10-17,4.159999847412109,4.25,4.050000190734863,4.210000038146973,4.210000038146973,516100
2022-10-18,4.300000190734863,4.40500020980835,4.184999942779541,4.210000038146973,4.210000038146973,512900
2022-10-19,4.199999809265137,4.199999809265137,3.9600000381469727,3.9700000286102295,3.9700000286102295,422100
2022-10-20,3.9800000190734863,4.050000190734863,3.9200000762939453,3.9600000381469727,3.9600000381469727,416100
2022-10-21,4.010000228881836,4.054999828338623,3.8469998836517334,4.0,4.0,365000
2022-10-24,3.990000009536743,4.010000228881836,3.8399999141693115,3.9000000953674316,3.9000000953674316,312600
2022-10-25,3.930000066757202,4.050000190734863,3.930000066757202,4.03000020980835,4.03000020980835,688500
2022-10-26,4.079999923706055,4.440000057220459,4.008999824523926,4.230000019073486,4.230000019073486,620500
2022-10-27,4.320000171661377,4.394999980926514,4.114999771118164,4.130000114440918,4.130000114440918,768900
2022-10-28,4.159999847412109,4.159999847412109,3.9200000762939453,4.019999980926514,4.019999980926514,830100
2022-10-31,4.0,4.03000020980835,3.9049999713897705,3.9800000190734863,3.9800000190734863,490300
2022-11-01,4.059999942779541,4.090000152587891,3.9200000762939453,3.9200000762939453,3.9200000762939453,358800
2022-11-02,3.9100000858306885,3.930000066757202,3.609999895095825,3.640000104904175,3.640000104904175,793200
2022-11-03,3.5999999046325684,3.6600000858306885,3.509999990463257,3.5299999713897705,3.5299999713897705,1184700
2022-11-04,3.609999895095825,3.6600000858306885,3.4100000858306885,3.5,3.5,603200
2022-11-07,3.5199999809265137,3.5299999713897705,3.2249999046325684,3.240000009536743,3.240000009536743,729000
2022-11-08,3.259999990463257,3.4800000190734863,3.2100000381469727,3.2799999713897705,3.2799999713897705,1258200
2022-11-09,3.2300000190734863,3.25,2.869999885559082,2.880000114440918,2.880000114440918,889700
2022-11-10,3.049999952316284,3.25,2.9600000381469727,3.130000114440918,3.130000114440918,1313300
2022-11-11,3.119999885559082,3.319999933242798,3.055000066757202,3.2100000381469727,3.2100000381469727,1624600
2022-11-14,3.200000047683716,3.259999990463257,2.884999990463257,2.990000009536743,2.990000009536743,1576200
2022-11-15,3.109999895095825,3.25,3.0299999713897705,3.059999942779541,3.059999942779541,1503200
2022-11-16,3.009999990463257,3.0350000858306885,2.2899999618530273,2.4000000953674316,2.4000000953674316,2840500
2022-11-17,2.4200000762939453,2.924999952316284,2.369999885559082,2.9100000858306885,2.9100000858306885,1476500
2022-11-18,2.950000047683716,3.125,2.9149999618530273,3.0,3.0,916200
2022-11-21,2.9600000381469727,2.990000009536743,2.7699999809265137,2.799999952316284,2.799999952316284,1311700
2022-11-22,2.8299999237060547,2.8399999141693115,2.690000057220459,2.7100000381469727,2.7100000381469727,1006800
2022-11-23,2.7200000286102295,2.75,2.615000009536743,2.6700000762939453,2.6700000762939453,446900
2022-11-25,2.700000047683716,2.7049999237060547,2.615000009536743,2.640000104904175,2.640000104904175,104900
2022-11-28,2.5799999237060547,2.684999942779541,2.5299999713897705,2.6600000858306885,2.6600000858306885,518700
2022-11-29,2.6700000762939453,2.700000047683716,2.5999999046325684,2.640000104904175,2.640000104904175,337200
2022-11-30,2.6500000953674316,2.759999990463257,2.5999999046325684,2.740000009536743,2.740000009536743,549700
2022-12-01,2.75,2.8299999237060547,2.680000066757202,2.690000057220459,2.690000057220459,352000
2022-12-02,2.619999885559082,2.75,2.549999952316284,2.7200000286102295,2.7200000286102295,428600
2022-12-05,2.7200000286102295,2.9600000381469727,2.700000047683716,2.9100000858306885,2.9100000858306885,483100
2022-12-06,2.9000000953674316,2.9100000858306885,2.5999999046325684,2.6600000858306885,2.6600000858306885,633400
2022-12-07,2.6500000953674316,2.759999990463257,2.5850000381469727,2.640000104904175,2.640000104904175,300400
2022-12-08,2.640000104904175,2.7799999713897705,2.569999933242798,2.640000104904175,2.640000104904175,455600
2022-12-09,2.640000104904175,2.799999952316284,2.5799999237060547,2.7200000286102295,2.7200000286102295,543700
2022-12-12,2.7300000190734863,2.8399999141693115,2.6600000858306885,2.690000057220459,2.690000057220459,527400
2022-12-13,2.7300000190734863,2.7799999713897705,2.359999895095825,2.5,2.5,887700
2022-12-14,2.490000009536743,2.509999990463257,2.3299999237060547,2.4600000381469727,2.4600000381469727,417400
2022-12-15,2.4000000953674316,2.4000000953674316,2.25,2.259999990463257,2.259999990463257,717300
2022-12-16,2.259999990463257,2.265000104904175,2.140000104904175,2.240000009536743,2.240000009536743,886600
2022-12-19,2.2699999809265137,2.2699999809265137,2.119999885559082,2.1500000953674316,2.1500000953674316,704200
2022-12-20,2.1500000953674316,2.2799999713897705,2.0899999141693115,2.1500000953674316,2.1500000953674316,556300
2022-12-21,2.1600000858306885,2.2200000286102295,2.140000104904175,2.180000066757202,2.180000066757202,432100
2022-12-22,2.1700000762939453,2.1700000762939453,2.0299999713897705,2.0999999046325684,2.0999999046325684,516700
2022-12-23,2.059999942779541,2.130000114440918,2.0199999809265137,2.0399999618530273,2.0399999618530273,446800
2022-12-27,2.059999942779541,2.059999942779541,1.909999966621399,1.940000057220459,1.940000057220459,821400
2022-12-28,1.9299999475479126,2.015000104904175,1.8799999952316284,1.909999966621399,1.909999966621399,594900
2022-12-29,1.9199999570846558,2.069999933242798,1.8899999856948853,2.0299999713897705,2.0299999713897705,747000
2022-12-30,2.009999990463257,2.1500000953674316,2.009999990463257,2.119999885559082,2.119999885559082,648400
2023-01-03,2.1700000762939453,2.25,2.0999999046325684,2.1600000858306885,2.1600000858306885,690700
2023-01-04,2.2100000381469727,2.259999990463257,2.059999942779541,2.0899999141693115,2.0899999141693115,675300
2023-01-05,2.109999895095825,2.1500000953674316,1.9199999570846558,2.0299999713897705,2.0299999713897705,957400
2023-01-06,2.0399999618530273,2.244999885559082,2.0350000858306885,2.2100000381469727,2.2100000381469727,664800
2023-01-09,2.2300000190734863,2.5,2.2300000190734863,2.440000057220459,2.440000057220459,618100
2023-01-10,2.430000066757202,2.565000057220459,2.384999990463257,2.4600000381469727,2.4600000381469727,611000
2023-01-11,2.4800000190734863,2.490000009536743,2.359999895095825,2.4100000858306885,2.4100000858306885,325000
2023-01-12,2.4200000762939453,2.490000009536743,2.3550000190734863,2.4800000190734863,2.4800000190734863,459700
2023-01-13,2.4200000762939453,2.575000047683716,2.3459999561309814,2.559999942779541,2.559999942779541,341100
2023-01-17,2.569999933242798,2.6600000858306885,2.5199999809265137,2.5899999141693115,2.5899999141693115,565300
2023-01-18,2.640000104904175,2.825000047683716,2.63100004196167,2.75,2.75,745400
2023-01-19,2.75,2.799999952316284,2.690000057220459,2.759999990463257,2.759999990463257,654400
2023-01-20,2.799999952316284,3.0299999713897705,2.7100000381469727,2.869999885559082,2.869999885559082,703700
2023-01-23,2.880000114440918,3.2200000286102295,2.880000114440918,3.2200000286102295,3.2200000286102295,843600
2023-01-24,3.200000047683716,3.2850000858306885,3.0199999809265137,3.0299999713897705,3.0299999713897705,611900
2023-01-25,3.0299999713897705,3.0999999046325684,2.859999895095825,3.069999933242798,3.069999933242798,914700
2023-01-26,3.180000066757202,3.328000068664551,3.1050000190734863,3.1500000953674316,3.1500000953674316,751000
2023-01-27,3.130000114440918,3.2100000381469727,2.990000009536743,3.130000114440918,3.130000114440918,531900
2023-01-30,3.119999885559082,3.2300000190734863,3.0450000762939453,3.190000057220459,3.190000057220459,477600
2023-01-31,3.200000047683716,3.309999942779541,3.1600000858306885,3.309999942779541,3.309999942779541,504800
2023-02-01,3.2699999809265137,3.440000057220459,3.2699999809265137,3.430000066757202,3.430000066757202,579800
2023-02-02,3.5,3.5899999141693115,3.430000066757202,3.509999990463257,3.509999990463257,712700
2023-02-03,3.4700000286102295,3.619999885559082,3.369999885559082,3.4800000190734863,3.4800000190734863,586500
2023-02-06,3.450000047683716,3.4800000190734863,3.319999933242798,3.4200000762939453,3.4200000762939453,341100
2023-02-07,2.6500000953674316,2.7699999809265137,2.1500000953674316,2.359999895095825,2.359999895095825,5575400
2023-02-08,2.4200000762939453,2.4200000762939453,2.130000114440918,2.130000114440918,2.130000114440918,1743700
2023-02-09,2.140000104904175,2.2100000381469727,2.0299999713897705,2.109999895095825,2.109999895095825,1292700
2023-02-10,2.119999885559082,2.2799999713897705,2.0799999237060547,2.2699999809265137,2.2699999809265137,665200
2023-02-13,2.2200000286102295,2.325000047683716,2.0999999046325684,2.2899999618530273,2.2899999618530273,821300
2023-02-14,2.259999990463257,2.2950000762939453,2.194999933242798,2.25,2.25,419000
2023-02-15,2.240000009536743,2.450000047683716,2.0999999046325684,2.450000047683716,2.450000047683716,775000
2023-02-16,2.390000104904175,2.4000000953674316,2.259999990463257,2.2699999809265137,2.2699999809265137,505100
2023-02-17,2.2699999809265137,2.309999942779541,2.2200000286102295,2.299999952316284,2.299999952316284,335000
2023-02-21,2.2799999713897705,2.319999933242798,2.1500000953674316,2.1600000858306885,2.1600000858306885,457200
2023-02-22,2.1700000762939453,2.25,2.1449999809265137,2.200000047683716,2.200000047683716,404100
2023-02-23,2.200000047683716,2.259999990463257,2.109999895095825,2.1500000953674316,2.1500000953674316,444700
2023-02-24,2.140000104904175,2.1700000762939453,2.059999942779541,2.1500000953674316,2.1500000953674316,366500
2023-02-27,2.1700000762939453,2.259999990463257,2.1600000858306885,2.25,2.25,341700
2023-02-28,2.1700000762939453,2.265000104904175,2.1700000762939453,2.180000066757202,2.180000066757202,475000
2023-03-01,2.180000066757202,2.240000009536743,2.140000104904175,2.1500000953674316,2.1500000953674316,359500
2023-03-02,2.1500000953674316,2.200000047683716,2.0999999046325684,2.1700000762939453,2.1700000762939453,573900
2023-03-03,2.190000057220459,2.380000114440918,2.190000057220459,2.3299999237060547,2.3299999237060547,466000
2023-03-06,2.319999933242798,2.3499999046325684,2.2200000286102295,2.2200000286102295,2.2200000286102295,354800
2023-03-07,2.200000047683716,2.2100000381469727,2.119999885559082,2.1500000953674316,2.1500000953674316,407500
2023-03-08,2.140000104904175,2.140000104904175,1.9299999475479126,1.9800000190734863,1.9800000190734863,886400
2023-03-09,2.1600000858306885,3.0799999237060547,2.1500000953674316,2.7699999809265137,2.7699999809265137,8559600
2023-03-10,2.880000114440918,3.059999942779541,2.640000104904175,2.9600000381469727,2.9600000381469727,2524000
2023-03-13,2.940000057220459,3.128999948501587,2.809999942779541,2.9200000762939453,2.9200000762939453,1319300
2023-03-14,2.9800000190734863,2.990000009536743,2.799999952316284,2.930000066757202,2.930000066757202,641800
2023-03-15,2.880000114440918,2.9189999103546143,2.634999990463257,2.7100000381469727,2.7100000381469727,519200
2023-03-16,2.700000047683716,2.7300000190734863,2.619999885559082,2.630000114440918,2.630000114440918,438800
2023-03-17,2.6500000953674316,2.6700000762939453,2.490000009536743,2.5,2.5,951300
2023-03-20,2.5,2.509999990463257,2.390000104904175,2.4600000381469727,2.4600000381469727,455800
2023-03-21,2.490000009536743,2.630000114440918,2.490000009536743,2.609999895095825,2.609999895095825,384100
2023-03-22,2.5999999046325684,2.5999999046325684,2.390000104904175,2.4000000953674316,2.4000000953674316,523700
2023-03-23,2.4000000953674316,2.484999895095825,2.3299999237060547,2.369999885559082,2.369999885559082,484100
2023-03-24,2.3499999046325684,2.4049999713897705,2.299999952316284,2.3399999141693115,2.3399999141693115,390900
2023-03-27,2.3499999046325684,2.4700000286102295,2.2899999618530273,2.450000047683716,2.450000047683716,526200
2023-03-28,2.430000066757202,2.499000072479248,2.375,2.380000114440918,2.380000114440918,305500
2023-03-29,2.390000104904175,2.4600000381469727,2.3299999237060547,2.3499999046325684,2.3499999046325684,311000
2023-03-30,2.5,2.6700000762939453,2.490000009536743,2.640000104904175,2.640000104904175,579500
2023-03-31,2.6600000858306885,2.7660000324249268,2.630000114440918,2.740000009536743,2.740000009536743,470900
2023-04-03,2.7100000381469727,2.799999952316284,2.5999999046325684,2.6600000858306885,2.6600000858306885,587600
2023-04-04,2.6500000953674316,2.6600000858306885,2.4600000381469727,2.4700000286102295,2.4700000286102295,358500
2023-04-05,2.450000047683716,2.490000009536743,2.2850000858306885,2.319999933242798,2.319999933242798,329100
2023-04-06,2.309999942779541,2.309999942779541,2.184999942779541,2.2699999809265137,2.2699999809265137,412900
2023-04-10,2.2799999713897705,2.2899999618530273,2.2100000381469727,2.2799999713897705,2.2799999713897705,394400
2023-04-11,2.309999942779541,2.3299999237060547,2.259999990463257,2.2699999809265137,2.2699999809265137,464900
2023-04-12,2.299999952316284,2.299999952316284,2.200000047683716,2.200000047683716,2.200000047683716,434400
2023-04-13,2.2100000381469727,2.2200000286102295,2.1500000953674316,2.1700000762939453,2.1700000762939453,309300
2023-04-14,2.1700000762939453,2.234999895095825,2.1449999809265137,2.1700000762939453,2.1700000762939453,409800
2023-04-17,2.180000066757202,2.490000009536743,2.1530001163482666,2.4700000286102295,2.4700000286102295,684000
2023-04-18,2.4800000190734863,2.619999885559082,2.4600000381469727,2.5199999809265137,2.5199999809265137,519200
2023-04-19,2.509999990463257,2.5799999237060547,2.490000009536743,2.549999952316284,2.549999952316284,403200
2023-04-20,2.5,2.5299999713897705,2.359999895095825,2.4100000858306885,2.4100000858306885,479400
2023-04-21,2.4000000953674316,2.440000057220459,2.299999952316284,2.309999942779541,2.309999942779541,574900
2023-04-24,2.3499999046325684,2.3499999046325684,2.259999990463257,2.2699999809265137,2.2699999809265137,337200
2023-04-25,2.259999990463257,2.259999990463257,2.190000057220459,2.190000057220459,2.190000057220459,176400
2023-04-26,2.180000066757202,2.2100000381469727,2.140000104904175,2.1700000762939453,2.1700000762939453,287900
2023-04-27,2.1600000858306885,2.2899999618530273,2.1500000953674316,2.2699999809265137,2.2699999809265137,364700
2023-04-28,2.25,2.430000066757202,2.200000047683716,2.4100000858306885,2.4100000858306885,332700
2023-05-01,2.430000066757202,2.490000009536743,2.325000047683716,2.359999895095825,2.359999895095825,292600
2023-05-02,2.3399999141693115,2.3499999046325684,2.2200000286102295,2.2300000190734863,2.2300000190734863,387700
2023-05-03,2.240000009536743,2.265000104904175,2.130000114440918,2.1500000953674316,2.1500000953674316,511700
2023-05-04,2.1500000953674316,2.200000047683716,2.0799999237060547,2.180000066757202,2.180000066757202,481100
2023-05-05,2.2100000381469727,2.3550000190734863,2.2100000381469727,2.319999933242798,2.319999933242798,402200
2023-05-08,2.3399999141693115,2.4600000381469727,2.325000047683716,2.430000066757202,2.430000066757202,284400
2023-05-09,2.390000104904175,2.4000000953674316,2.305000066757202,2.369999885559082,2.369999885559082,407500
2023-05-10,2.4100000858306885,2.619999885559082,2.390000104904175,2.5899999141693115,2.5899999141693115,949800
2023-05-11,2.799999952316284,2.884999990463257,2.5950000286102295,2.7200000286102295,2.7200000286102295,976500
2023-05-12,2.799999952316284,3.119999885559082,2.7699999809265137,3.069999933242798,3.069999933242798,914100
2023-05-15,3.009999990463257,3.119999885559082,2.950000047683716,3.109999895095825,3.109999895095825,445300
2023-05-16,3.0999999046325684,3.1600000858306885,2.9700000286102295,3.0,3.0,317300
2023-05-17,3.0999999046325684,3.509999990463257,3.068000078201294,3.490000009536743,3.490000009536743,1210600
2023-05-18,3.4600000381469727,3.565000057220459,3.380000114440918,3.5199999809265137,3.5199999809265137,522300
2023-05-19,3.5399999618530273,3.5899999141693115,3.444999933242798,3.509999990463257,3.509999990463257,377100
2023-05-22,3.5199999809265137,3.5399999618530273,3.390000104904175,3.430000066757202,3.430000066757202,411400
2023-05-23,3.4200000762939453,3.619999885559082,3.4200000762939453,3.5799999237060547,3.5799999237060547,328000
2023-05-24,3.5299999713897705,3.559999942779541,3.4549999237060547,3.4700000286102295,3.4700000286102295,271100
2023-05-25,3.430000066757202,3.4800000190734863,3.299999952316284,3.319999933242798,3.319999933242798,304800
2023-05-26,3.319999933242798,3.4049999713897705,3.2799999713897705,3.359999895095825,3.359999895095825,226400
2023-05-30,3.369999885559082,3.450000047683716,3.2699999809265137,3.2799999713897705,3.2799999713897705,208200
2023-05-31,3.2799999713897705,3.2799999713897705,2.950000047683716,2.9600000381469727,2.9600000381469727,1031100
2023-06-01,2.9700000286102295,3.0799999237060547,2.950000047683716,2.9600000381469727,2.9600000381469727,324400
2023-06-02,2.990000009536743,3.2850000858306885,2.984999895095825,3.259999990463257,3.259999990463257,345300
2023-06-05,3.240000009536743,3.434999942779541,3.2100000381469727,3.3299999237060547,3.3299999237060547,268400
2023-06-06,3.309999942779541,3.490000009536743,3.2899999618530273,3.4700000286102295,3.4700000286102295,322900
2023-06-07,3.509999990463257,3.5999999046325684,3.4200000762939453,3.569999933242798,3.569999933242798,505300
2023-06-08,3.569999933242798,3.6600000858306885,3.5399999618530273,3.609999895095825,3.609999895095825,278500
2023-06-09,3.630000114440918,3.630000114440918,3.5,3.5299999713897705,3.5299999713897705,320600
2023-06-12,3.559999942779541,3.75,3.5299999713897705,3.740000009536743,3.740000009536743,247200
2023-06-13,3.759999990463257,3.8299999237060547,3.7100000381469727,3.7899999618530273,3.7899999618530273,345500
2023-06-14,3.819999933242798,3.8450000286102295,3.5999999046325684,3.680000066757202,3.680000066757202,555800
2023-06-15,3.6700000762939453,3.7200000286102295,3.5,3.569999933242798,3.569999933242798,301300
2023-06-16,3.630000114440918,3.630000114440918,3.484999895095825,3.559999942779541,3.559999942779541,464100
2023-06-20,3.5999999046325684,3.680000066757202,3.5299999713897705,3.609999895095825,3.609999895095825,293100
2023-06-21,3.609999895095825,3.680000066757202,3.549999952316284,3.640000104904175,3.640000104904175,272500
2023-06-22,3.619999885559082,3.640000104904175,3.5,3.559999942779541,3.559999942779541,286200
2023-06-23,3.490000009536743,3.690000057220459,3.490000009536743,3.6700000762939453,3.6700000762939453,2875200
2023-06-26,3.7200000286102295,3.7699999809265137,3.490000009536743,3.549999952316284,3.549999952316284,374500
2023-06-27,3.5799999237060547,3.859999895095825,3.509999990463257,3.759999990463257,3.759999990463257,368800
2023-06-28,3.759999990463257,3.990000009536743,3.7300000190734863,3.940000057220459,3.940000057220459,493000
2023-06-29,3.9700000286102295,4.089000225067139,3.9549999237060547,4.059999942779541,4.059999942779541,376100
2023-06-30,4.079999923706055,4.110000133514404,4.0,4.090000152587891,4.090000152587891,292400
2023-07-03,4.059999942779541,4.170000076293945,4.059999942779541,4.170000076293945,4.170000076293945,162200
2023-07-05,4.150000095367432,4.150000095367432,3.7799999713897705,3.7899999618530273,3.7899999618530273,384500
2023-07-06,3.799999952316284,4.320000171661377,3.799999952316284,4.300000190734863,4.300000190734863,1149300
2023-07-07,4.300000190734863,4.46999979019165,4.159999847412109,4.190000057220459,4.190000057220459,1154400
2023-07-10,4.199999809265137,4.28000020980835,4.099999904632568,4.260000228881836,4.260000228881836,487400
2023-07-11,4.260000228881836,4.480000019073486,4.239999771118164,4.400000095367432,4.400000095367432,447100
2023-07-12,5.190000057220459,5.809999942779541,5.170000076293945,5.329999923706055,5.329999923706055,3622600
2023-07-13,5.480000019073486,5.650000095367432,5.400000095367432,5.489999771118164,5.489999771118164,2442700
2023-07-14,5.599999904632568,5.749000072479248,5.364999771118164,5.440000057220459,5.440000057220459,1225100
2023-07-17,5.5,5.599999904632568,5.360000133514404,5.550000190734863,5.550000190734863,1030500
2023-07-18,5.650000095367432,6.130000114440918,5.539999961853027,6.079999923706055,6.079999923706055,1383200
2023-07-19,6.079999923706055,6.081999778747559,5.375,5.519999980926514,5.519999980926514,1053100
2023-07-20,5.559999942779541,5.960000038146973,5.539999961853027,5.860000133514404,5.860000133514404,619200
2023-07-21,5.880000114440918,5.949999809265137,5.320000171661377,5.510000228881836,5.510000228881836,900100
2023-07-24,5.460000038146973,6.340000152587891,5.440000057220459,6.25,6.25,2039900
2023-07-25,6.190000057220459,6.485000133514404,6.099999904632568,6.349999904632568,6.349999904632568,2590800
2023-07-26,6.389999866485596,6.510000228881836,6.21999979019165,6.260000228881836,6.260000228881836,778300
2023-07-27,6.340000152587891,6.349999904632568,5.71999979019165,5.769999980926514,5.769999980926514,746900
2023-07-28,5.820000171661377,6.099999904632568,5.820000171661377,6.070000171661377,6.070000171661377,698800
2023-07-31,6.130000114440918,6.34499979019165,6.079999923706055,6.329999923706055,6.329999923706055,517500
2023-08-01,6.190000057220459,6.40500020980835,6.179999828338623,6.25,6.25,444800
2023-08-02,6.139999866485596,6.230000019073486,5.920000076293945,6.179999828338623,6.179999828338623,494200
2023-08-03,6.159999847412109,6.159999847412109,5.96999979019165,6.110000133514404,6.110000133514404,410700
2023-08-04,6.150000095367432,6.195000171661377,5.989999771118164,6.119999885559082,6.119999885559082,378800
2023-08-07,6.400000095367432,7.079999923706055,6.360000133514404,6.739999771118164,6.739999771118164,1648100
2023-08-08,6.650000095367432,6.650000095367432,6.260000228881836,6.460000038146973,6.460000038146973,798400
2023-08-09,6.46999979019165,6.511000156402588,6.070000171661377,6.210000038146973,6.210000038146973,808800
2023-08-10,6.559999942779541,7.989999771118164,6.559999942779541,7.429999828338623,7.429999828338623,3264600
2023-08-11,7.670000076293945,8.0600004196167,7.389999866485596,7.900000095367432,7.900000095367432,1503500
2023-08-14,7.900000095367432,7.949999809265137,7.539999961853027,7.800000190734863,7.800000190734863,888400
2023-08-15,7.539999961853027,7.650000095367432,7.230000019073486,7.329999923706055,7.329999923706055,605700
2023-08-16,6.380000114440918,6.539999961853027,6.119999885559082,6.179999828338623,6.179999828338623,2662300
2023-08-17,6.210000038146973,6.388999938964844,6.03000020980835,6.139999866485596,6.139999866485596,671500
2023-08-18,6.03000020980835,6.079999923706055,5.809999942779541,5.889999866485596,5.889999866485596,1019700
2023-08-21,6.050000190734863,6.074999809265137,5.684999942779541,5.960000038146973,5.960000038146973,1160200
2023-08-22,6.090000152587891,6.139999866485596,5.78000020980835,5.920000076293945,5.920000076293945,662400
2023-08-23,5.940000057220459,6.090000152587891,5.769999980926514,5.980000019073486,5.980000019073486,496500
2023-08-24,5.940000057220459,5.940000057220459,5.75,5.760000228881836,5.760000228881836,428900
2023-08-25,5.78000020980835,5.870999813079834,5.650000095367432,5.809999942779541,5.809999942779541,430000
2023-08-28,5.880000114440918,5.960000038146973,5.71999979019165,5.78000020980835,5.78000020980835,455500
2023-08-29,5.789999961853027,5.980000019073486,5.764999866485596,5.940000057220459,5.940000057220459,393500
2023-08-30,5.869999885559082,5.875,5.679999828338623,5.760000228881836,5.760000228881836,407400
2023-08-31,5.849999904632568,5.880000114440918,5.659999847412109,5.699999809265137,5.699999809265137,1243100
2023-09-01,5.760000228881836,5.869999885559082,5.690999984741211,5.800000190734863,5.800000190734863,467600
2023-09-05,5.739999771118164,5.739999771118164,5.579999923706055,5.639999866485596,5.639999866485596,356900
2023-09-06,5.650000095367432,5.708000183105469,5.400000095367432,5.460000038146973,5.460000038146973,408700
2023-09-07,5.380000114440918,5.460000038146973,5.215000152587891,5.300000190734863,5.300000190734863,522800
2023-09-08,5.309999942779541,5.309999942779541,5.114999771118164,5.260000228881836,5.260000228881836,363200
2023-09-11,5.389999866485596,5.425000190734863,5.139999866485596,5.179999828338623,5.179999828338623,905400
2023-09-12,5.130000114440918,5.309999942779541,5.070000171661377,5.099999904632568,5.099999904632568,505800
2023-09-13,5.119999885559082,5.150000095367432,4.909999847412109,4.96999979019165,4.96999979019165,664000
2023-09-14,5.050000190734863,5.429999828338623,5.050000190734863,5.400000095367432,5.400000095367432,664000
2023-09-15,5.400000095367432,5.610000133514404,5.329999923706055,5.590000152587891,5.590000152587891,938700
2023-09-18,5.590000152587891,5.670000076293945,5.494999885559082,5.539999961853027,5.539999961853027,455300
2023-09-19,5.519999980926514,5.539999961853027,5.199999809265137,5.300000190734863,5.300000190734863,883600
2023-09-20,5.360000133514404,5.465000152587891,5.164999961853027,5.179999828338623,5.179999828338623,496600
2023-09-21,5.039999961853027,5.105000019073486,4.980000019073486,5.010000228881836,5.010000228881836,698000
2023-09-22,5.039999961853027,5.150000095367432,5.0,5.019999980926514,5.019999980926514,337900
2023-09-25,4.920000076293945,5.190000057220459,4.881999969482422,5.119999885559082,5.119999885559082,338100
2023-09-26,5.03000020980835,5.114999771118164,4.815000057220459,4.829999923706055,4.829999923706055,479800
2023-09-27,4.909999847412109,4.988999843597412,4.860000133514404,4.900000095367432,4.900000095367432,420400
2023-09-28,4.900000095367432,4.960000038146973,4.800000190734863,4.889999866485596,4.889999866485596,267800
2023-09-29,5.010000228881836,5.138999938964844,4.934000015258789,4.989999771118164,4.989999771118164,373900
2023-10-02,4.960000038146973,5.119999885559082,4.920000076293945,4.929999828338623,4.929999828338623,347500
2023-10-03,4.880000114440918,4.889999866485596,4.752999782562256,4.800000190734863,4.800000190734863,358600
2023-10-04,4.800000190734863,4.864999771118164,4.760000228881836,4.809999942779541,4.809999942779541,419200
2023-10-05,4.78000020980835,4.829999923706055,4.65500020980835,4.739999771118164,4.739999771118164,388600
2023-10-06,4.679999828338623,4.820000171661377,4.639999866485596,4.760000228881836,4.760000228881836,406800
2023-10-09,4.690000057220459,4.730000019073486,4.625,4.699999809265137,4.699999809265137,301000
2023-10-10,4.789999961853027,4.949999809265137,4.75,4.769999980926514,4.769999980926514,493500
2023-10-11,4.769999980926514,4.800000190734863,4.625,4.739999771118164,4.739999771118164,245000
2023-10-12,4.730000019073486,4.730000019073486,4.59499979019165,4.659999847412109,4.659999847412109,374800
2023-10-13,4.690000057220459,4.699999809265137,4.5,4.53000020980835,4.53000020980835,324800
2023-10-16,4.590000152587891,4.724999904632568,4.550000190734863,4.699999809265137,4.699999809265137,473700
2023-10-17,4.619999885559082,4.800000190734863,4.610000133514404,4.639999866485596,4.639999866485596,433900
2023-10-18,4.579999923706055,4.599999904632568,4.46999979019165,4.480000019073486,4.480000019073486,316500
2023-10-19,4.460000038146973,4.465000152587891,4.369999885559082,4.400000095367432,4.400000095367432,347500
2023-10-20,4.380000114440918,4.394999980926514,4.269999980926514,4.340000152587891,4.340000152587891,435800
2023-10-23,4.289999961853027,4.429999828338623,4.28000020980835,4.300000190734863,4.300000190734863,298900
2023-10-24,4.380000114440918,4.53000020980835,4.340000152587891,4.380000114440918,4.380000114440918,396300
2023-10-25,4.300000190734863,4.300000190734863,4.210000038146973,4.21999979019165,4.21999979019165,256700
2023-10-26,4.21999979019165,4.454999923706055,4.21999979019165,4.289999961853027,4.289999961853027,464900
2023-10-27,4.340000152587891,4.340000152587891,4.170000076293945,4.199999809265137,4.199999809265137,362400
2023-10-30,4.269999980926514,4.360000133514404,4.159999847412109,4.269999980926514,4.269999980926514,376200
2023-10-31,4.25,4.289999961853027,4.210000038146973,4.25,4.25,294400
2023-11-01,4.28000020980835,4.28000020980835,4.099999904632568,4.179999828338623,4.179999828338623,300900
2023-11-02,4.289999961853027,4.340000152587891,4.255000114440918,4.329999923706055,4.329999923706055,460900
2023-11-03,4.349999904632568,4.389999866485596,4.204999923706055,4.269999980926514,4.269999980926514,600100
2023-11-06,4.300000190734863,4.309999942779541,4.15500020980835,4.210000038146973,4.210000038146973,382400
2023-11-07,4.170000076293945,4.28000020980835,4.060999870300293,4.21999979019165,4.21999979019165,849400
2023-11-08,4.449999809265137,4.670000076293945,3.8510000705718994,3.9100000858306885,3.9100000858306885,1413000
2023-11-09,3.880000114440918,3.9049999713897705,3.549999952316284,3.630000114440918,3.630000114440918,1195500
2023-11-10,3.630000114440918,3.819999933242798,3.5799999237060547,3.7699999809265137,3.7699999809265137,492400
2023-11-13,3.759999990463257,3.819999933242798,3.7100000381469727,3.7200000286102295,3.7200000286102295,387200
2023-11-14,3.7799999713897705,4.324999809265137,3.7799999713897705,4.119999885559082,4.119999885559082,819700
2023-11-15,4.440000057220459,4.494999885559082,4.21999979019165,4.230000019073486,4.230000019073486,1019800
2023-11-16,4.210000038146973,4.21999979019165,3.9700000286102295,4.059999942779541,4.059999942779541,469600
2023-11-17,4.050000190734863,4.15500020980835,4.019999980926514,4.119999885559082,4.119999885559082,453900
2023-11-20,4.090000152587891,4.159999847412109,3.990000009536743,4.079999923706055,4.079999923706055,359900
2023-11-21,4.03000020980835,4.045000076293945,3.940000057220459,4.019999980926514,4.019999980926514,312500
2023-11-22,4.019999980926514,4.130000114440918,4.0,4.079999923706055,4.079999923706055,422000
2023-11-24,4.230000019073486,4.360000133514404,4.210000038146973,4.260000228881836,4.260000228881836,292700
2023-11-27,4.199999809265137,4.260000228881836,4.170000076293945,4.210000038146973,4.210000038146973,298700
2023-11-28,4.190000057220459,4.230000019073486,4.079999923706055,4.119999885559082,4.119999885559082,277900
2023-11-29,4.150000095367432,4.289999961853027,4.150000095367432,4.230000019073486,4.230000019073486,378800
2023-11-30,4.269999980926514,4.300000190734863,4.110000133514404,4.130000114440918,4.130000114440918,524800
2023-12-01,4.099999904632568,4.289999961853027,4.050000190734863,4.260000228881836,4.260000228881836,375200
2023-12-04,4.25,4.360000133514404,4.199999809265137,4.320000171661377,4.320000171661377,310400
2023-12-05,4.269999980926514,4.289999961853027,4.190000057220459,4.199999809265137,4.199999809265137,293500
2023-12-06,4.239999771118164,4.375999927520752,4.190000057220459,4.199999809265137,4.199999809265137,277000
2023-12-07,4.199999809265137,4.25,4.150000095367432,4.25,4.25,205800
2023-12-08,4.210000038146973,4.309999942779541,4.199999809265137,4.239999771118164,4.239999771118164,198400
2023-12-11,4.25,4.300000190734863,4.139999866485596,4.210000038146973,4.210000038146973,198900
2023-12-12,4.21999979019165,4.255000114440918,4.139999866485596,4.25,4.25,245100
2023-12-13,4.230000019073486,4.429999828338623,4.105000019073486,4.420000076293945,4.420000076293945,376800
2023-12-14,4.590000152587891,4.730000019073486,4.510000228881836,4.71999979019165,4.71999979019165,648200
2023-12-15,4.739999771118164,4.789999961853027,4.519999980926514,4.619999885559082,4.619999885559082,572100
2023-12-18,4.630000114440918,4.630000114440918,4.46999979019165,4.610000133514404,4.610000133514404,305900
2023-12-19,4.690000057220459,4.980000019073486,4.690000057220459,4.96999979019165,4.96999979019165,366600
2023-12-20,4.949999809265137,5.110000133514404,4.860000133514404,4.869999885559082,4.869999885559082,328000
2023-12-21,4.929999828338623,5.09499979019165,4.929999828338623,5.090000152587891,5.090000152587891,277100
2023-12-22,5.119999885559082,5.139999866485596,4.920000076293945,5.010000228881836,5.010000228881836,250600
2023-12-26,5.010000228881836,5.110000133514404,4.948999881744385,5.070000171661377,5.070000171661377,277700
2023-12-27,5.070000171661377,5.159999847412109,5.03000020980835,5.139999866485596,5.139999866485596,224000
2023-12-28,5.079999923706055,5.144999980926514,5.03000020980835,5.090000152587891,5.090000152587891,233900
2023-12-29,5.099999904632568,5.099999904632568,4.869999885559082,4.869999885559082,4.869999885559082,317000
2024-01-02,4.809999942779541,4.929999828338623,4.730000019073486,4.809999942779541,4.809999942779541,272300
2024-01-03,4.739999771118164,4.769999980926514,4.579999923706055,4.579999923706055,4.579999923706055,306100
2024-01-04,4.599999904632568,4.599999904632568,4.414999961853027,4.510000228881836,4.510000228881836,216300
2024-01-05,4.46999979019165,4.75,4.449999809265137,4.610000133514404,4.610000133514404,599400
2024-01-08,4.570000171661377,4.84499979019165,4.519999980926514,4.710000038146973,4.710000038146973,254800
2024-01-09,4.579999923706055,4.710999965667725,4.559999942779541,4.630000114440918,4.630000114440918,250200
2024-01-10,4.610000133514404,4.710000038146973,4.599999904632568,4.670000076293945,4.670000076293945,230900
2024-01-11,4.639999866485596,4.639999866485596,4.46999979019165,4.590000152587891,4.590000152587891,239100
2024-01-12,4.71999979019165,4.75,4.510000228881836,4.53000020980835,4.53000020980835,219200
2024-01-16,4.429999828338623,4.5,4.3520002365112305,4.5,4.5,210600
2024-01-17,4.389999866485596,4.420000076293945,4.320000171661377,4.420000076293945,4.420000076293945,272700
2024-01-18,4.429999828338623,4.485000133514404,4.329999923706055,4.449999809265137,4.449999809265137,191100
2024-01-19,4.480000019073486,4.574999809265137,4.394999980926514,4.550000190734863,4.550000190734863,301800
2024-01-22,4.599999904632568,4.809999942779541,4.580999851226807,4.809999942779541,4.809999942779541,357100
2024-01-23,4.920000076293945,5.139999866485596,4.840000152587891,4.869999885559082,4.869999885559082,307200
2024-01-24,4.880000114440918,4.909999847412109,4.679999828338623,4.730000019073486,4.730000019073486,267100
2024-01-25,4.840000152587891,4.860000133514404,4.715000152587891,4.849999904632568,4.849999904632568,237400
2024-01-26,4.929999828338623,5.130000114440918,4.929999828338623,5.119999885559082,5.119999885559082,330300
2024-01-29,5.150000095367432,5.230000019073486,5.059999942779541,5.150000095367432,5.150000095367432,460300
2024-01-30,5.130000114440918,5.144999980926514,4.949999809265137,4.96999979019165,4.96999979019165,322500
2024-01-31,4.940000057220459,5.039999961853027,4.760000228881836,4.769999980926514,4.769999980926514,271100
2024-02-01,4.829999923706055,4.945000171661377,4.760000228881836,4.929999828338623,4.929999828338623,216000
2024-02-02,4.880000114440918,4.936999797821045,4.769999980926514,4.860000133514404,4.860000133514404,214400
2024-02-05,4.75,4.75,4.630000114440918,4.679999828338623,4.679999828338623,208500
2024-02-06,4.679999828338623,4.909999847412109,4.670000076293945,4.900000095367432,4.900000095367432,201200
2024-02-07,4.929999828338623,4.929999828338623,4.699999809265137,4.699999809265137,4.699999809265137,196500
2024-02-08,4.699999809265137,4.840000152587891,4.619999885559082,4.800000190734863,4.800000190734863,188200
2024-02-09,4.800000190734863,5.0,4.739999771118164,4.980000019073486,4.980000019073486,216600
2024-02-12,5.0,5.229000091552734,5.0,5.190000057220459,5.190000057220459,272700
2024-02-13,4.96999979019165,5.0,4.809999942779541,4.849999904632568,4.849999904632568,446500
2024-02-14,4.960000038146973,5.054999828338623,4.929999828338623,5.03000020980835,5.03000020980835,366000
2024-02-15,5.070000171661377,5.215000152587891,5.040999889373779,5.190000057220459,5.190000057220459,407000
2024-02-16,5.079999923706055,5.119999885559082,4.909999847412109,4.929999828338623,4.929999828338623,517600
2024-02-20,4.599999904632568,4.619999885559082,4.28000020980835,4.389999866485596,4.389999866485596,700500
2024-02-21,4.360000133514404,4.570000171661377,4.289999961853027,4.570000171661377,4.570000171661377,270500
2024-02-22,4.539999961853027,4.565000057220459,4.389999866485596,4.519999980926514,4.519999980926514,322800
2024-02-23,4.53000020980835,4.610000133514404,4.460000038146973,4.510000228881836,4.510000228881836,175600
2024-02-26,4.5,4.560999870300293,4.440000057220459,4.539999961853027,4.539999961853027,204800
2024-02-27,4.639999866485596,4.869999885559082,4.639999866485596,4.849999904632568,4.849999904632568,354300
2024-02-28,4.5,4.699999809265137,4.269999980926514,4.309999942779541,4.309999942779541,539700
2024-02-29,4.389999866485596,4.489999771118164,4.144999980926514,4.289999961853027,4.289999961853027,419000
2024-03-01,4.300000190734863,4.349999904632568,4.150000095367432,4.320000171661377,4.320000171661377,352600
2024-03-04,4.329999923706055,4.329999923706055,4.199999809265137,4.21999979019165,4.21999979019165,297500
2024-03-05,4.190000057220459,4.235000133514404,4.139999866485596,4.150000095367432,4.150000095367432,223900
2024-03-06,4.230000019073486,4.230000019073486,4.034999847412109,4.059999942779541,4.059999942779541,273500
2024-03-07,4.050000190734863,4.159999847412109,4.03000020980835,4.070000171661377,4.070000171661377,348100
2024-03-08,4.170000076293945,4.25,4.03000020980835,4.059999942779541,4.059999942779541,238700
2024-03-11,4.039999961853027,4.070000171661377,4.0,4.039999961853027,4.039999961853027,201100
2024-03-12,4.050000190734863,4.199999809265137,4.0,4.119999885559082,4.119999885559082,206800
2024-03-13,4.130000114440918,4.210000038146973,4.099999904632568,4.170000076293945,4.170000076293945,388900
2024-03-14,4.130000114440918,4.21999979019165,4.090000152587891,4.210000038146973,4.210000038146973,351000
2024-03-15,4.170000076293945,4.309999942779541,4.099999904632568,4.119999885559082,4.119999885559082,743600
2024-03-18,4.119999885559082,4.329999923706055,4.111000061035156,4.25,4.25,301800
2024-03-19,4.400000095367432,4.400000095367432,4.260000228881836,4.320000171661377,4.320000171661377,293700
2024-03-20,4.269999980926514,4.46999979019165,4.269999980926514,4.409999847412109,4.409999847412109,369800
2024-03-21,4.420000076293945,4.550000190734863,4.420000076293945,4.46999979019165,4.46999979019165,302600
2024-03-22,4.440000057220459,4.440000057220459,4.300000190734863,4.309999942779541,4.309999942779541,247700
2024-03-25,4.300000190734863,4.355000019073486,4.239999771118164,4.260000228881836,4.260000228881836,162000
2024-03-26,4.309999942779541,4.36299991607666,4.239999771118164,4.260000228881836,4.260000228881836,159900
2024-03-27,4.289999961853027,4.460000038146973,4.289999961853027,4.449999809265137,4.449999809265137,376000
2024-03-28,4.449999809265137,4.539999961853027,4.425000190734863,4.460000038146973,4.460000038146973,216500
2024-04-01,4.489999771118164,4.539999961853027,4.409999847412109,4.489999771118164,4.489999771118164,236800
2024-04-02,4.380000114440918,4.5,4.310999870300293,4.5,4.5,238300
2024-04-03,4.440000057220459,4.519999980926514,4.409999847412109,4.5,4.5,182000
2024-04-04,4.5,4.574999809265137,4.349999904632568,4.409999847412109,4.409999847412109,285900
2024-04-05,4.400000095367432,4.440000057220459,4.360000133514404,4.440000057220459,4.440000057220459,159200
2024-04-08,4.5,4.534999847412109,4.440000057220459,4.440000057220459,4.440000057220459,221000
2024-04-09,4.489999771118164,4.53000020980835,4.440000057220459,4.489999771118164,4.489999771118164,232400
2024-04-10,4.340000152587891,4.360000133514404,4.190000057220459,4.269999980926514,4.269999980926514,265800
2024-04-11,4.289999961853027,4.324999809265137,4.239999771118164,4.260000228881836,4.260000228881836,224000
2024-04-12,4.230000019073486,4.269999980926514,4.190000057220459,4.210000038146973,4.210000038146973,235600
2024-04-15,4.260000228881836,4.260000228881836,4.135000228881836,4.150000095367432,4.150000095367432,194200
2024-04-16,4.119999885559082,4.230000019073486,4.119999885559082,4.150000095367432,4.150000095367432,216500
2024-04-17,4.190000057220459,4.21999979019165,4.099999904632568,4.110000133514404,4.110000133514404,239300
2024-04-18,4.110000133514404,4.190000057220459,4.105000019073486,4.170000076293945,4.170000076293945,259200
2024-04-19,4.139999866485596,4.244999885559082,4.139999866485596,4.179999828338623,4.179999828338623,224400
2024-04-22,4.210000038146973,4.21999979019165,4.144999980926514,4.179999828338623,4.179999828338623,137500
2024-04-23,4.190000057220459,4.275000095367432,4.099999904632568,4.159999847412109,4.159999847412109,446900
2024-04-24,4.159999847412109,4.190000057220459,4.03000020980835,4.099999904632568,4.099999904632568,400400
2024-04-25,4.010000228881836,4.085000038146973,4.0,4.070000171661377,4.070000171661377,411100
2024-04-26,4.119999885559082,4.164999961853027,3.994999885559082,4.0,4.0,211200
2024-04-29,4.03000020980835,4.079999923706055,4.014999866485596,4.050000190734863,4.050000190734863,382100
2024-04-30,4.03000020980835,4.065000057220459,4.0,4.019999980926514,4.019999980926514,305000
2024-05-01,4.039999961853027,4.090000152587891,3.994999885559082,4.010000228881836,4.010000228881836,238700
2024-05-02,4.070000171661377,4.090000152587891,3.990000009536743,4.059999942779541,4.059999942779541,332300
2024-05-03,4.150000095367432,4.170000076293945,4.059999942779541,4.079999923706055,4.079999923706055,241300
2024-05-06,4.119999885559082,4.130000114440918,4.090000152587891,4.119999885559082,4.119999885559082,139300
2024-05-07,4.119999885559082,4.179999828338623,4.085000038146973,4.170000076293945,4.170000076293945,278800
2024-05-08,4.039999961853027,4.150000095367432,3.6570000648498535,4.079999923706055,4.079999923706055,366900
2024-05-09,4.059999942779541,4.119999885559082,3.984999895095825,4.019999980926514,4.019999980926514,368200
2024-05-10,4.03000020980835,4.059999942779541,3.9000000953674316,3.990000009536743,3.990000009536743,397100
2024-05-13,4.019999980926514,4.054999828338623,3.9100000858306885,3.930000066757202,3.930000066757202,225900
2024-05-14,4.010000228881836,4.010000228881836,3.8910000324249268,3.950000047683716,3.950000047683716,326600
2024-05-15,3.990000009536743,3.990000009536743,3.890000104904175,3.890000104904175,3.890000104904175,186700
2024-05-16,3.869999885559082,3.9700000286102295,3.859999895095825,3.9100000858306885,3.9100000858306885,329200
2024-05-17,3.9200000762939453,3.940000057220459,3.809999942779541,3.8499999046325684,3.8499999046325684,298300
2024-05-20,3.8399999141693115,3.880000114440918,3.7699999809265137,3.7699999809265137,3.7699999809265137,263400
2024-05-21,3.759999990463257,3.799999952316284,3.740000009536743,3.7799999713897705,3.7799999713897705,301300
2024-05-22,3.7699999809265137,3.7899999618530273,3.609999895095825,3.609999895095825,3.609999895095825,254300
2024-05-23,3.630000114440918,3.6500000953674316,3.5190000534057617,3.5899999141693115,3.5899999141693115,285300
2024-05-24,3.5899999141693115,3.6549999713897705,3.559999942779541,3.640000104904175,3.640000104904175,265800
2024-05-28,3.6700000762939453,3.700000047683716,3.619999885559082,3.630000114440918,3.630000114440918,436600
2024-05-29,3.5899999141693115,3.684999942779541,3.5899999141693115,3.6500000953674316,3.6500000953674316,289000
2024-05-30,3.6500000953674316,3.75,3.6500000953674316,3.7200000286102295,3.7200000286102295,224800
2024-05-31,3.7300000190734863,3.875,3.7300000190734863,3.8399999141693115,3.8399999141693115,458400
2024-06-03,3.8399999141693115,3.880000114440918,3.799999952316284,3.859999895095825,3.859999895095825,495200
2024-06-04,3.859999895095825,3.9100000858306885,3.7049999237060547,3.740000009536743,3.740000009536743,351100
2024-06-05,3.75,3.75,3.6600000858306885,3.700000047683716,3.700000047683716,468600
2024-06-06,3.6600000858306885,3.690000057220459,3.609999895095825,3.6600000858306885,3.6600000858306885,308700
2024-06-07,3.5999999046325684,3.7899999618530273,3.5999999046325684,3.609999895095825,3.609999895095825,342200
2024-06-10,3.5999999046325684,3.630000114440918,3.555000066757202,3.5999999046325684,3.5999999046325684,274600
2024-06-11,3.549999952316284,3.565000057220459,3.359999895095825,3.369999885559082,3.369999885559082,304300
2024-06-12,3.430000066757202,3.494999885559082,3.3399999141693115,3.3399999141693115,3.3399999141693115,317700
2024-06-13,3.3399999141693115,3.3499999046325684,3.2799999713897705,3.299999952316284,3.299999952316284,238300
2024-06-14,3.259999990463257,3.2899999618530273,3.194999933242798,3.2100000381469727,3.2100000381469727,274800
2024-06-17,3.2300000190734863,3.265000104904175,3.2049999237060547,3.25,3.25,323400
2024-06-18,3.25,3.359999895095825,3.1600000858306885,3.3499999046325684,3.3499999046325684,981700
2024-06-20,3.3399999141693115,3.569999933242798,3.3399999141693115,3.569999933242798,3.569999933242798,444100
2024-06-21,3.5799999237060547,3.6549999713897705,3.5450000762939453,3.569999933242798,3.569999933242798,482100
2024-06-24,3.5799999237060547,3.690000057220459,3.559999942779541,3.640000104904175,3.640000104904175,260300
2024-06-25,3.619999885559082,3.619999885559082,3.5350000858306885,3.559999942779541,3.559999942779541,248800
2024-06-26,3.5299999713897705,3.549999952316284,3.4600000381469727,3.5399999618530273,3.5399999618530273,279000
2024-06-27,3.5299999713897705,3.5799999237060547,3.4749999046325684,3.5799999237060547,3.5799999237060547,407100
2024-06-28,3.609999895095825,3.630000114440918,3.430000066757202,3.5799999237060547,3.5799999237060547,1499900
2024-07-01,3.5999999046325684,3.619999885559082,3.4649999141693115,3.4800000190734863,3.4800000190734863,228000
2024-07-02,3.5,3.5199999809265137,3.424999952316284,3.450000047683716,3.450000047683716,168200
2024-07-03,3.430000066757202,3.490000009536743,3.4200000762939453,3.450000047683716,3.450000047683716,112300
2024-07-05,3.440000057220459,3.440000057220459,3.255000114440918,3.3299999237060547,3.3299999237060547,532600
2024-07-08,3.359999895095825,3.444999933242798,3.3499999046325684,3.4000000953674316,3.4000000953674316,355300
2024-07-09,3.390000104904175,3.450000047683716,3.369999885559082,3.369999885559082,3.369999885559082,207400
2024-07-10,3.390000104904175,3.440000057220459,3.3499999046325684,3.430000066757202,3.430000066757202,225300
2024-07-11,3.490000009536743,3.7200000286102295,3.490000009536743,3.690000057220459,3.690000057220459,497700
2024-07-12,3.700000047683716,3.7799999713897705,3.680000066757202,3.740000009536743,3.740000009536743,241500
2024-07-15,3.7799999713897705,3.8299999237060547,3.7300000190734863,3.7899999618530273,3.7899999618530273,231600
2024-07-16,3.8299999237060547,4.079999923706055,3.819999933242798,4.059999942779541,4.059999942779541,387900
2024-07-17,3.990000009536743,4.054999828338623,3.9739999771118164,3.990000009536743,3.990000009536743,232200
2024-07-18,3.9600000381469727,4.050000190734863,3.8499999046325684,3.8499999046325684,3.8499999046325684,438000
2024-07-19,3.8499999046325684,3.8499999046325684,3.640000104904175,3.6700000762939453,3.6700000762939453,327500
2024-07-22,3.7300000190734863,3.7300000190734863,3.5999999046325684,3.6700000762939453,3.6700000762939453,414600
2024-07-23,3.6500000953674316,3.755000114440918,3.5999999046325684,3.700000047683716,3.700000047683716,746000
2024-07-24,3.6600000858306885,3.75,3.5799999237060547,3.5899999141693115,3.5899999141693115,799100
2024-07-25,3.630000114440918,3.7950000762939453,3.5799999237060547,3.7699999809265137,3.7699999809265137,725100
2024-07-26,3.819999933242798,3.9149999618530273,3.755000114440918,3.890000104904175,3.890000104904175,656500
2024-07-29,3.859999895095825,3.9000000953674316,3.744999885559082,3.8499999046325684,3.8499999046325684,326800
2024-07-30,3.859999895095825,3.9000000953674316,3.809999942779541,3.8499999046325684,3.8499999046325684,533700
2024-07-31,3.880000114440918,4.054999828338623,3.8499999046325684,3.940000057220459,3.940000057220459,671600
2024-08-01,3.930000066757202,3.950000047683716,3.7100000381469727,3.7699999809265137,3.7699999809265137,430000
2024-08-02,3.619999885559082,3.6649999618530273,3.5450000762939453,3.5799999237060547,3.5799999237060547,318700
2024-08-05,3.390000104904175,3.549999952316284,3.319999933242798,3.509999990463257,3.509999990463257,903500
2024-08-06,3.5,3.5,3.4000000953674316,3.4200000762939453,3.4200000762939453,398800
2024-08-07,3.369999885559082,3.440000057220459,3.190000057220459,3.200000047683716,3.200000047683716,1029800
2024-08-08,3.190000057220459,3.244999885559082,3.0999999046325684,3.140000104904175,3.140000104904175,679300
2024-08-09,3.119999885559082,3.1600000858306885,2.940000057220459,2.9700000286102295,2.9700000286102295,938000
2024-08-12,3.0899999141693115,3.0899999141693115,2.950000047683716,3.0,3.0,581800
2024-08-13,3.0199999809265137,3.065000057220459,2.9800000190734863,3.049999952316284,3.049999952316284,444100
2024-08-14,3.0799999237060547,3.0799999237060547,2.940000057220459,2.950000047683716,2.950000047683716,321700
2024-08-15,3.0399999618530273,3.0799999237060547,2.950000047683716,3.0199999809265137,3.0199999809265137,356300
2024-08-16,3.0199999809265137,3.055000066757202,3.009999990463257,3.049999952316284,3.049999952316284,473200
2024-08-19,3.0399999618530273,3.0950000286102295,2.9700000286102295,3.0899999141693115,3.0899999141693115,694100
2024-08-20,3.0999999046325684,3.130000114440918,3.0199999809265137,3.0999999046325684,3.0999999046325684,419100
2024-08-21,3.109999895095825,3.1700000762939453,3.069999933242798,3.1500000953674316,3.1500000953674316,316300
2024-08-22,3.1500000953674316,3.180000066757202,3.0899999141693115,3.0899999141693115,3.0899999141693115,129900
2024-08-23,3.0999999046325684,3.2699999809265137,3.0999999046325684,3.2699999809265137,3.2699999809265137,410000
2024-08-26,3.319999933242798,3.380000114440918,3.2699999809265137,3.2799999713897705,3.2799999713897705,443600
2024-08-27,3.2799999713897705,3.319999933242798,3.2249999046325684,3.299999952316284,3.299999952316284,227700
2024-08-28,3.2799999713897705,3.309999942779541,3.240999937057495,3.259999990463257,3.259999990463257,179800
2024-08-29,3.259999990463257,3.2850000858306885,3.2100000381469727,3.2100000381469727,3.2100000381469727,201300
2024-08-30,3.2300000190734863,3.234999895095825,3.174999952316284,3.2300000190734863,3.2300000190734863,361700
2024-09-03,3.200000047683716,3.315000057220459,3.200000047683716,3.259999990463257,3.259999990463257,330300
2024-09-04,3.2699999809265137,3.2850000858306885,3.180000066757202,3.200000047683716,3.200000047683716,372400
2024-09-05,3.200000047683716,3.200000047683716,3.115000009536743,3.1500000953674316,3.1500000953674316,223100
2024-09-06,3.140000104904175,3.200000047683716,3.075000047683716,3.0899999141693115,3.0899999141693115,232100
2024-09-09,3.0799999237060547,3.180000066757202,3.056999921798706,3.140000104904175,3.140000104904175,359000
2024-09-10,3.1700000762939453,3.2019999027252197,3.075000047683716,3.119999885559082,3.119999885559082,273900
2024-09-11,3.109999895095825,3.109999895095825,3.0350000858306885,3.0899999141693115,3.0899999141693115,252500
2024-09-12,3.0999999046325684,3.180000066757202,3.0899999141693115,3.1600000858306885,3.1600000858306885,204900
2024-09-13,3.200000047683716,3.319999933242798,3.200000047683716,3.319999933242798,3.319999933242798,370200
