Date,Open,High,Low,Close,Adj Close,Volume
2018-05-30,1.2599999904632568,1.3200000524520874,1.2599999904632568,1.3200000524520874,1.3200000524520874,569700
2018-05-31,1.2999999523162842,1.3300000429153442,1.2999999523162842,1.2999999523162842,1.2999999523162842,755800
2018-06-01,1.2999999523162842,1.2999999523162842,1.2100000381469727,1.2999999523162842,1.2999999523162842,610300
2018-06-04,1.399999976158142,1.399999976158142,1.399999976158142,1.399999976158142,1.399999976158142,100
2018-06-05,1.2999999523162842,1.350000023841858,1.2999999523162842,1.2999999523162842,1.2999999523162842,556000
2018-06-06,1.350000023841858,1.350000023841858,1.350000023841858,1.350000023841858,1.350000023841858,200
2018-06-07,1.350000023841858,1.350000023841858,1.2799999713897705,1.2799999713897705,1.2799999713897705,252800
2018-06-08,1.350000023841858,1.350000023841858,1.2899999618530273,1.2899999618530273,1.2899999618530273,200
2018-06-11,1.2899999618530273,1.2899999618530273,1.2899999618530273,1.2899999618530273,1.2899999618530273,0
2018-06-12,1.2799999713897705,1.2799999713897705,1.2799999713897705,1.2799999713897705,1.2799999713897705,50000
2018-06-13,1.2799999713897705,1.2799999713897705,1.2799999713897705,1.2799999713897705,1.2799999713897705,74000
2018-06-14,1.2799999713897705,1.2799999713897705,1.2799999713897705,1.2799999713897705,1.2799999713897705,175000
2018-06-15,1.2799999713897705,1.2799999713897705,1.2799999713897705,1.2799999713897705,1.2799999713897705,175000
2018-06-18,1.2799999713897705,1.2799999713897705,1.2799999713897705,1.2799999713897705,1.2799999713897705,25300
2018-06-19,1.2799999713897705,1.2799999713897705,1.2799999713897705,1.2799999713897705,1.2799999713897705,0
2018-06-20,1.2799999713897705,1.2799999713897705,1.2799999713897705,1.2799999713897705,1.2799999713897705,0
2018-06-21,1.2799999713897705,1.2799999713897705,1.2799999713897705,1.2799999713897705,1.2799999713897705,0
2018-06-22,1.2799999713897705,1.2799999713897705,1.2799999713897705,1.2799999713897705,1.2799999713897705,0
2018-06-25,1.2799999713897705,1.2799999713897705,1.2799999713897705,1.2799999713897705,1.2799999713897705,0
2018-06-26,1.2799999713897705,1.2799999713897705,1.2799999713897705,1.2799999713897705,1.2799999713897705,0
2018-06-27,1.2799999713897705,1.2799999713897705,1.2799999713897705,1.2799999713897705,1.2799999713897705,0
2018-06-28,1.2799999713897705,1.2799999713897705,1.2799999713897705,1.2799999713897705,1.2799999713897705,0
2018-06-29,1.2799999713897705,1.2799999713897705,1.2799999713897705,1.2799999713897705,1.2799999713897705,0
2018-07-02,1.2799999713897705,1.2799999713897705,1.2799999713897705,1.2799999713897705,1.2799999713897705,1300
2018-07-03,1.2799999713897705,1.2799999713897705,1.2799999713897705,1.2799999713897705,1.2799999713897705,12500
2018-07-05,1.2799999713897705,1.2799999713897705,1.2799999713897705,1.2799999713897705,1.2799999713897705,110000
2018-07-06,1.2799999713897705,1.2799999713897705,1.2799999713897705,1.2799999713897705,1.2799999713897705,56500
2018-07-09,1.2799999713897705,1.2799999713897705,1.2799999713897705,1.2799999713897705,1.2799999713897705,0
2018-07-10,1.2799999713897705,1.2799999713897705,1.2799999713897705,1.2799999713897705,1.2799999713897705,0
2018-07-11,1.2799999713897705,1.2799999713897705,1.2799999713897705,1.2799999713897705,1.2799999713897705,14600
2018-07-12,1.2799999713897705,1.2799999713897705,1.2799999713897705,1.2799999713897705,1.2799999713897705,0
2018-07-13,1.2799999713897705,1.2799999713897705,1.2799999713897705,1.2799999713897705,1.2799999713897705,0
2018-07-16,1.3200000524520874,1.3200000524520874,1.3200000524520874,1.3200000524520874,1.3200000524520874,300
2018-07-17,1.3200000524520874,1.3200000524520874,1.3200000524520874,1.3200000524520874,1.3200000524520874,0
2018-07-18,1.2799999713897705,1.2799999713897705,1.2799999713897705,1.2799999713897705,1.2799999713897705,12500
2018-07-19,1.309999942779541,1.309999942779541,1.309999942779541,1.309999942779541,1.309999942779541,5000
2018-07-20,1.312999963760376,1.3200000524520874,1.312999963760376,1.3200000524520874,1.3200000524520874,2200
2018-07-23,1.3200000524520874,1.3200000524520874,1.3200000524520874,1.3200000524520874,1.3200000524520874,0
2018-07-24,1.3200000524520874,1.3200000524520874,1.3200000524520874,1.3200000524520874,1.3200000524520874,0
2018-07-25,1.3200000524520874,1.3200000524520874,1.3200000524520874,1.3200000524520874,1.3200000524520874,0
2018-07-26,1.3200000524520874,1.3200000524520874,1.3200000524520874,1.3200000524520874,1.3200000524520874,1400
2018-07-27,1.3200000524520874,1.3200000524520874,1.3200000524520874,1.3200000524520874,1.3200000524520874,0
2018-07-30,1.2799999713897705,1.2999999523162842,1.2799999713897705,1.2999999523162842,1.2999999523162842,25000
2018-07-31,1.2999999523162842,1.2999999523162842,1.2999999523162842,1.2999999523162842,1.2999999523162842,0
2018-08-01,1.2999999523162842,1.2999999523162842,1.2999999523162842,1.2999999523162842,1.2999999523162842,0
2018-08-02,1.2999999523162842,1.2999999523162842,1.2999999523162842,1.2999999523162842,1.2999999523162842,0
2018-08-03,1.2999999523162842,1.2999999523162842,1.2999999523162842,1.2999999523162842,1.2999999523162842,0
2018-08-06,1.2999999523162842,1.2999999523162842,1.2999999523162842,1.2999999523162842,1.2999999523162842,0
2018-08-07,1.2999999523162842,1.2999999523162842,1.2999999523162842,1.2999999523162842,1.2999999523162842,0
2018-08-08,1.2999999523162842,1.2999999523162842,1.2999999523162842,1.2999999523162842,1.2999999523162842,0
2018-08-09,1.2999999523162842,1.2999999523162842,1.2999999523162842,1.2999999523162842,1.2999999523162842,0
2018-08-10,1.3200000524520874,1.3200000524520874,1.3170000314712524,1.3170000314712524,1.3170000314712524,7600
2018-08-13,1.3170000314712524,1.3170000314712524,1.3170000314712524,1.3170000314712524,1.3170000314712524,0
2018-08-14,1.3170000314712524,1.3170000314712524,1.3170000314712524,1.3170000314712524,1.3170000314712524,0
2018-08-15,1.340000033378601,1.340000033378601,1.340000033378601,1.340000033378601,1.340000033378601,16000
2018-08-16,1.2999999523162842,1.350000023841858,1.2999999523162842,1.350000023841858,1.350000023841858,25000
2018-08-17,1.350000023841858,1.350000023841858,1.3300000429153442,1.3300000429153442,1.3300000429153442,1200
2018-08-20,1.3300000429153442,1.3300000429153442,1.3300000429153442,1.3300000429153442,1.3300000429153442,200
2018-08-21,1.3300000429153442,1.3300000429153442,1.3300000429153442,1.3300000429153442,1.3300000429153442,0
2018-08-22,1.3300000429153442,1.3300000429153442,1.3300000429153442,1.3300000429153442,1.3300000429153442,1500
2018-08-23,1.2999999523162842,1.309999942779541,1.2999999523162842,1.2999999523162842,1.2999999523162842,3300
2018-08-24,1.2999999523162842,1.2999999523162842,1.2999999523162842,1.2999999523162842,1.2999999523162842,5000
2018-08-27,1.2999999523162842,1.2999999523162842,1.2999999523162842,1.2999999523162842,1.2999999523162842,46300
2018-08-28,1.309999942779541,1.3300000429153442,1.309999942779541,1.3300000429153442,1.3300000429153442,11000
2018-08-29,1.3300000429153442,1.3300000429153442,1.3300000429153442,1.3300000429153442,1.3300000429153442,0
2018-08-30,1.3300000429153442,1.3300000429153442,1.3300000429153442,1.3300000429153442,1.3300000429153442,0
2018-08-31,1.2999999523162842,1.2999999523162842,1.2999999523162842,1.2999999523162842,1.2999999523162842,300
2018-09-04,1.2999999523162842,1.2999999523162842,1.2999999523162842,1.2999999523162842,1.2999999523162842,87500
2018-09-05,1.2999999523162842,1.2999999523162842,1.2899999618530273,1.2899999618530273,1.2899999618530273,52500
2018-09-06,1.2899999618530273,1.2899999618530273,1.2899999618530273,1.2899999618530273,1.2899999618530273,0
2018-09-07,1.3200000524520874,1.3200000524520874,1.3200000524520874,1.3200000524520874,1.3200000524520874,77000
2018-09-10,1.3200000524520874,1.3200000524520874,1.3200000524520874,1.3200000524520874,1.3200000524520874,0
2018-09-11,1.3200000524520874,1.3200000524520874,1.3200000524520874,1.3200000524520874,1.3200000524520874,0
2018-09-12,1.3200000524520874,1.3200000524520874,1.3200000524520874,1.3200000524520874,1.3200000524520874,0
2018-09-13,1.3200000524520874,1.3200000524520874,1.3200000524520874,1.3200000524520874,1.3200000524520874,0
2018-09-14,1.3200000524520874,1.3200000524520874,1.3200000524520874,1.3200000524520874,1.3200000524520874,0
2018-09-17,1.3200000524520874,1.3200000524520874,1.3200000524520874,1.3200000524520874,1.3200000524520874,0
2018-09-18,1.3200000524520874,1.3200000524520874,1.3200000524520874,1.3200000524520874,1.3200000524520874,0
2018-09-19,1.340000033378601,1.340000033378601,1.340000033378601,1.340000033378601,1.340000033378601,2500
2018-09-20,1.340000033378601,1.340000033378601,1.340000033378601,1.340000033378601,1.340000033378601,4700
2018-09-21,1.350000023841858,1.350000023841858,1.347000002861023,1.350000023841858,1.350000023841858,10000
2018-09-24,1.350000023841858,1.350000023841858,1.350000023841858,1.350000023841858,1.350000023841858,0
2018-09-25,1.350000023841858,1.350000023841858,1.350000023841858,1.350000023841858,1.350000023841858,31600
2018-09-26,1.350000023841858,1.350000023841858,1.350000023841858,1.350000023841858,1.350000023841858,1226000
2018-09-27,1.350000023841858,1.350000023841858,1.350000023841858,1.350000023841858,1.350000023841858,1000
2018-09-28,1.350000023841858,1.350000023841858,1.350000023841858,1.350000023841858,1.350000023841858,50000
2018-10-01,1.350000023841858,1.350000023841858,1.350000023841858,1.350000023841858,1.350000023841858,0
2018-10-02,1.350000023841858,1.350000023841858,1.350000023841858,1.350000023841858,1.350000023841858,0
2018-10-03,1.3600000143051147,1.3600000143051147,1.3600000143051147,1.3600000143051147,1.3600000143051147,201000
2018-10-04,1.350000023841858,1.350000023841858,1.350000023841858,1.350000023841858,1.350000023841858,6200
2018-10-05,1.350000023841858,1.3600000143051147,1.350000023841858,1.3600000143051147,1.3600000143051147,2400
2018-10-08,1.3600000143051147,1.3600000143051147,1.3600000143051147,1.3600000143051147,1.3600000143051147,0
2018-10-09,1.3600000143051147,1.3600000143051147,1.3600000143051147,1.3600000143051147,1.3600000143051147,0
2018-10-10,1.3600000143051147,1.3600000143051147,1.3600000143051147,1.3600000143051147,1.3600000143051147,0
2018-10-11,1.3600000143051147,1.3600000143051147,1.3600000143051147,1.3600000143051147,1.3600000143051147,0
2018-10-12,1.399999976158142,1.399999976158142,1.3600000143051147,1.3899999856948853,1.3899999856948853,51100
2018-10-15,1.350000023841858,1.399999976158142,1.350000023841858,1.3899999856948853,1.3899999856948853,20300
2018-10-16,1.3899999856948853,1.3899999856948853,1.3899999856948853,1.3899999856948853,1.3899999856948853,0
2018-10-17,1.3899999856948853,1.3899999856948853,1.3899999856948853,1.3899999856948853,1.3899999856948853,0
2018-10-18,1.3899999856948853,1.3899999856948853,1.3899999856948853,1.3899999856948853,1.3899999856948853,0
2018-10-19,1.399999976158142,1.399999976158142,1.399999976158142,1.399999976158142,1.399999976158142,25000
2018-10-22,1.399999976158142,1.399999976158142,1.399999976158142,1.399999976158142,1.399999976158142,0
2018-10-23,1.399999976158142,1.399999976158142,1.399999976158142,1.399999976158142,1.399999976158142,0
2018-10-24,1.399999976158142,1.399999976158142,1.399999976158142,1.399999976158142,1.399999976158142,0
2018-10-25,1.399999976158142,1.399999976158142,1.399999976158142,1.399999976158142,1.399999976158142,0
2018-10-26,1.399999976158142,1.399999976158142,1.399999976158142,1.399999976158142,1.399999976158142,0
2018-10-29,1.399999976158142,1.399999976158142,1.399999976158142,1.399999976158142,1.399999976158142,0
2018-10-30,1.399999976158142,1.399999976158142,1.399999976158142,1.399999976158142,1.399999976158142,0
2018-10-31,1.399999976158142,1.399999976158142,1.399999976158142,1.399999976158142,1.399999976158142,0
2018-11-01,1.399999976158142,1.399999976158142,1.399999976158142,1.399999976158142,1.399999976158142,0
2018-11-02,1.340000033378601,1.3799999952316284,1.340000033378601,1.3799999952316284,1.3799999952316284,2500
2018-11-05,1.3600000143051147,1.3600000143051147,1.3200000524520874,1.3200000524520874,1.3200000524520874,12500
2018-11-06,1.3200000524520874,1.3799999952316284,1.2999999523162842,1.3799999952316284,1.3799999952316284,17700
2018-11-07,1.2999999523162842,1.2999999523162842,1.2999999523162842,1.2999999523162842,1.2999999523162842,8400
2018-11-08,1.2899999618530273,1.2899999618530273,1.2899999618530273,1.2899999618530273,1.2899999618530273,100
2018-11-09,1.2899999618530273,1.2899999618530273,1.2899999618530273,1.2899999618530273,1.2899999618530273,0
2018-11-12,1.2799999713897705,1.2799999713897705,1.2799999713897705,1.2799999713897705,1.2799999713897705,500
2018-11-13,1.2799999713897705,1.2799999713897705,1.2799999713897705,1.2799999713897705,1.2799999713897705,0
2018-11-14,1.2999999523162842,1.2999999523162842,1.2400000095367432,1.25,1.25,4300
2018-11-15,1.2300000190734863,1.2300000190734863,1.149999976158142,1.2000000476837158,1.2000000476837158,59100
2018-11-16,1.149999976158142,1.2000000476837158,1.149999976158142,1.2000000476837158,1.2000000476837158,81200
2018-11-19,1.2000000476837158,1.2000000476837158,1.2000000476837158,1.2000000476837158,1.2000000476837158,0
2018-11-20,1.159999966621399,1.159999966621399,1.159999966621399,1.159999966621399,1.159999966621399,100
2018-11-21,1.159999966621399,1.159999966621399,1.159999966621399,1.159999966621399,1.159999966621399,0
2018-11-23,1.1699999570846558,1.1699999570846558,1.1699999570846558,1.1699999570846558,1.1699999570846558,1000
2018-11-26,1.1699999570846558,1.2050000429153442,1.1699999570846558,1.2000000476837158,1.2000000476837158,8600
2018-11-27,1.2000000476837158,1.2000000476837158,1.2000000476837158,1.2000000476837158,1.2000000476837158,0
2018-11-28,1.1699999570846558,1.1799999475479126,1.149999976158142,1.1799999475479126,1.1799999475479126,37600
2018-11-29,1.149999976158142,1.1799999475479126,1.149999976158142,1.1799999475479126,1.1799999475479126,10500
2018-11-30,1.1799999475479126,1.1799999475479126,1.1799999475479126,1.1799999475479126,1.1799999475479126,100
2018-12-03,1.1799999475479126,1.1799999475479126,1.1799999475479126,1.1799999475479126,1.1799999475479126,0
2018-12-04,1.1799999475479126,1.190000057220459,1.100000023841858,1.190000057220459,1.190000057220459,57000
2018-12-06,1.190000057220459,1.190000057220459,1.190000057220459,1.190000057220459,1.190000057220459,0
2018-12-07,1.190000057220459,1.190000057220459,1.190000057220459,1.190000057220459,1.190000057220459,0
2018-12-10,1.149999976158142,1.149999976158142,1.149999976158142,1.149999976158142,1.149999976158142,2000
2018-12-11,1.100000023841858,1.1799999475479126,1.100000023841858,1.1799999475479126,1.1799999475479126,10200
2018-12-12,1.1799999475479126,1.1799999475479126,1.1799999475479126,1.1799999475479126,1.1799999475479126,0
2018-12-13,1.149999976158142,1.149999976158142,1.149999976158142,1.149999976158142,1.149999976158142,200
2018-12-14,1.1299999952316284,1.1299999952316284,1.0800000429153442,1.0800000429153442,1.0800000429153442,6100
2018-12-17,1.149999976158142,1.149999976158142,1.1399999856948853,1.1399999856948853,1.1399999856948853,1200
2018-12-18,1.1399999856948853,1.1399999856948853,1.1399999856948853,1.1399999856948853,1.1399999856948853,0
2018-12-19,1.1399999856948853,1.1399999856948853,1.1399999856948853,1.1399999856948853,1.1399999856948853,0
2018-12-20,1.0,1.100000023841858,1.0,1.100000023841858,1.100000023841858,2000
2018-12-21,1.100000023841858,1.100000023841858,1.100000023841858,1.100000023841858,1.100000023841858,0
2018-12-24,1.100000023841858,1.100000023841858,1.100000023841858,1.100000023841858,1.100000023841858,0
2018-12-26,1.100000023841858,1.100000023841858,1.100000023841858,1.100000023841858,1.100000023841858,0
2018-12-27,1.100000023841858,1.100000023841858,1.100000023841858,1.100000023841858,1.100000023841858,0
2018-12-28,1.100000023841858,1.100000023841858,1.100000023841858,1.100000023841858,1.100000023841858,0
2018-12-31,1.0700000524520874,1.1399999856948853,1.0700000524520874,1.1399999856948853,1.1399999856948853,5100
2019-01-02,1.1399999856948853,1.1399999856948853,1.1399999856948853,1.1399999856948853,1.1399999856948853,0
2019-01-03,1.1200000047683716,1.1200000047683716,1.1200000047683716,1.1200000047683716,1.1200000047683716,100
2019-01-04,1.0700000524520874,1.100000023841858,1.0499999523162842,1.100000023841858,1.100000023841858,23700
2019-01-07,1.059999942779541,1.100000023841858,1.0499999523162842,1.100000023841858,1.100000023841858,5400
2019-01-08,1.100000023841858,1.100000023841858,1.100000023841858,1.100000023841858,1.100000023841858,0
2019-01-09,1.100000023841858,1.100000023841858,1.100000023841858,1.100000023841858,1.100000023841858,0
2019-01-10,1.100000023841858,1.100000023841858,1.100000023841858,1.100000023841858,1.100000023841858,0
2019-01-11,1.090000033378601,1.100000023841858,1.090000033378601,1.100000023841858,1.100000023841858,17500
2019-01-14,1.090000033378601,1.090000033378601,1.090000033378601,1.090000033378601,1.090000033378601,100
2019-01-15,1.0499999523162842,1.090000033378601,1.0490000247955322,1.090000033378601,1.090000033378601,31000
2019-01-16,1.090000033378601,1.090000033378601,1.090000033378601,1.090000033378601,1.090000033378601,0
2019-01-17,1.0499999523162842,1.0700000524520874,1.0499999523162842,1.0499999523162842,1.0499999523162842,15100
2019-01-18,1.0499999523162842,1.0800000429153442,1.0499999523162842,1.059999942779541,1.059999942779541,66400
2019-01-22,1.059999942779541,1.059999942779541,1.059999942779541,1.059999942779541,1.059999942779541,0
2019-01-23,1.059999942779541,1.059999942779541,1.059999942779541,1.059999942779541,1.059999942779541,0
2019-01-24,1.059999942779541,1.059999942779541,1.059999942779541,1.059999942779541,1.059999942779541,0
2019-01-25,1.100000023841858,1.149999976158142,1.100000023841858,1.149999976158142,1.149999976158142,10100
2019-01-28,1.149999976158142,1.149999976158142,1.149999976158142,1.149999976158142,1.149999976158142,0
2019-01-29,1.149999976158142,1.149999976158142,1.0700000524520874,1.1299999952316284,1.1299999952316284,100500
2019-01-30,1.1299999952316284,1.1299999952316284,1.1100000143051147,1.1100000143051147,1.1100000143051147,500
2019-01-31,1.1100000143051147,1.1100000143051147,1.1100000143051147,1.1100000143051147,1.1100000143051147,0
2019-02-01,1.1100000143051147,1.1100000143051147,1.1100000143051147,1.1100000143051147,1.1100000143051147,0
2019-02-04,1.1100000143051147,1.1100000143051147,1.1100000143051147,1.1100000143051147,1.1100000143051147,0
2019-02-05,1.1100000143051147,1.1100000143051147,1.1100000143051147,1.1100000143051147,1.1100000143051147,0
2019-02-06,1.1100000143051147,1.1100000143051147,1.1100000143051147,1.1100000143051147,1.1100000143051147,0
2019-02-07,1.1100000143051147,1.1100000143051147,1.1100000143051147,1.1100000143051147,1.1100000143051147,0
2019-02-08,1.1100000143051147,1.1100000143051147,1.1100000143051147,1.1100000143051147,1.1100000143051147,0
2019-02-11,1.1100000143051147,1.1100000143051147,1.1100000143051147,1.1100000143051147,1.1100000143051147,0
2019-02-12,1.1100000143051147,1.1100000143051147,1.1100000143051147,1.1100000143051147,1.1100000143051147,0
2019-02-13,1.1299999952316284,1.1799999475479126,1.1299999952316284,1.1799999475479126,1.1799999475479126,2000
2019-02-14,1.1799999475479126,1.1799999475479126,1.1799999475479126,1.1799999475479126,1.1799999475479126,0
2019-02-15,1.1799999475479126,1.1799999475479126,1.1799999475479126,1.1799999475479126,1.1799999475479126,0
2019-02-19,1.1799999475479126,1.1799999475479126,1.1799999475479126,1.1799999475479126,1.1799999475479126,100
2019-02-20,1.1799999475479126,1.1799999475479126,1.1799999475479126,1.1799999475479126,1.1799999475479126,0
2019-02-21,1.1799999475479126,1.1799999475479126,1.1299999952316284,1.149999976158142,1.149999976158142,12500
2019-02-22,1.149999976158142,1.149999976158142,1.149999976158142,1.149999976158142,1.149999976158142,0
2019-02-25,1.149999976158142,1.149999976158142,1.149999976158142,1.149999976158142,1.149999976158142,0
2019-02-26,1.1299999952316284,1.190000057220459,1.0800000429153442,1.190000057220459,1.190000057220459,10100
2019-02-27,1.1200000047683716,1.190000057220459,1.0700000524520874,1.190000057220459,1.190000057220459,1600
2019-02-28,1.100000023841858,1.1200000047683716,1.100000023841858,1.1200000047683716,1.1200000047683716,5100
2019-03-01,1.1200000047683716,1.1200000047683716,1.1200000047683716,1.1200000047683716,1.1200000047683716,0
2019-03-04,1.1200000047683716,1.1200000047683716,1.1200000047683716,1.1200000047683716,1.1200000047683716,100
2019-03-05,1.1100000143051147,1.2350000143051147,1.0499999523162842,1.2350000143051147,1.2350000143051147,30100
2019-03-06,1.2350000143051147,1.2350000143051147,1.2350000143051147,1.2350000143051147,1.2350000143051147,0
2019-03-07,1.0499999523162842,1.2000000476837158,1.0499999523162842,1.2000000476837158,1.2000000476837158,35000
2019-03-08,1.2000000476837158,1.2000000476837158,1.2000000476837158,1.2000000476837158,1.2000000476837158,0
2019-03-11,1.2000000476837158,1.2000000476837158,1.2000000476837158,1.2000000476837158,1.2000000476837158,0
2019-03-12,1.2000000476837158,1.2000000476837158,1.2000000476837158,1.2000000476837158,1.2000000476837158,0
2019-03-13,1.2000000476837158,1.2000000476837158,1.2000000476837158,1.2000000476837158,1.2000000476837158,0
2019-03-14,1.2000000476837158,1.2000000476837158,1.2000000476837158,1.2000000476837158,1.2000000476837158,0
2019-03-15,1.1200000047683716,1.1200000047683716,1.100000023841858,1.100000023841858,1.100000023841858,500
2019-03-18,1.0700000524520874,1.1200000047683716,1.0700000524520874,1.1200000047683716,1.1200000047683716,40900
2019-03-19,1.1200000047683716,1.1200000047683716,1.1200000047683716,1.1200000047683716,1.1200000047683716,0
2019-03-20,1.1200000047683716,1.1200000047683716,1.1200000047683716,1.1200000047683716,1.1200000047683716,0
2019-03-21,1.1100000143051147,1.1100000143051147,1.1100000143051147,1.1100000143051147,1.1100000143051147,500
2019-03-22,1.1100000143051147,1.1100000143051147,1.1100000143051147,1.1100000143051147,1.1100000143051147,0
2019-03-25,1.1100000143051147,1.1100000143051147,1.1100000143051147,1.1100000143051147,1.1100000143051147,100
2019-03-26,1.1100000143051147,1.1100000143051147,1.1100000143051147,1.1100000143051147,1.1100000143051147,0
2019-03-27,1.1100000143051147,1.1100000143051147,1.1100000143051147,1.1100000143051147,1.1100000143051147,0
2019-03-28,1.1100000143051147,1.1100000143051147,1.1100000143051147,1.1100000143051147,1.1100000143051147,0
2019-03-29,1.1100000143051147,1.1100000143051147,1.1100000143051147,1.1100000143051147,1.1100000143051147,0
2019-04-01,1.1100000143051147,1.1100000143051147,1.1100000143051147,1.1100000143051147,1.1100000143051147,0
2019-04-02,1.1100000143051147,1.1100000143051147,1.1100000143051147,1.1100000143051147,1.1100000143051147,0
2019-04-03,1.1100000143051147,1.1100000143051147,1.1100000143051147,1.1100000143051147,1.1100000143051147,0
2019-04-04,1.1100000143051147,1.1100000143051147,1.1100000143051147,1.1100000143051147,1.1100000143051147,0
2019-04-05,1.100000023841858,1.2649999856948853,1.090000033378601,1.100000023841858,1.100000023841858,471300
2019-04-08,1.100000023841858,1.100000023841858,1.100000023841858,1.100000023841858,1.100000023841858,0
2019-04-09,1.100000023841858,1.100000023841858,1.100000023841858,1.100000023841858,1.100000023841858,0
2019-04-10,1.100000023841858,1.100000023841858,1.100000023841858,1.100000023841858,1.100000023841858,0
2019-04-11,1.100000023841858,1.100000023841858,1.100000023841858,1.100000023841858,1.100000023841858,0
2019-04-12,1.100000023841858,1.100000023841858,1.100000023841858,1.100000023841858,1.100000023841858,0
2019-04-15,1.2000000476837158,1.2000000476837158,1.2000000476837158,1.2000000476837158,1.2000000476837158,5300
2019-04-16,1.2000000476837158,1.2000000476837158,1.2000000476837158,1.2000000476837158,1.2000000476837158,0
2019-04-17,1.2000000476837158,1.2000000476837158,1.2000000476837158,1.2000000476837158,1.2000000476837158,0
2019-04-18,1.2000000476837158,1.2000000476837158,1.2000000476837158,1.2000000476837158,1.2000000476837158,0
2019-04-22,1.2000000476837158,1.2000000476837158,1.2000000476837158,1.2000000476837158,1.2000000476837158,0
2019-04-23,1.2000000476837158,1.2000000476837158,1.2000000476837158,1.2000000476837158,1.2000000476837158,0
2019-04-24,1.159999966621399,1.184999942779541,1.159999966621399,1.184999942779541,1.184999942779541,100000
2019-04-25,1.1399999856948853,1.1399999856948853,1.1399999856948853,1.1399999856948853,1.1399999856948853,200
2019-04-26,1.1399999856948853,1.1399999856948853,1.1399999856948853,1.1399999856948853,1.1399999856948853,0
2019-04-29,1.1399999856948853,1.1399999856948853,1.1399999856948853,1.1399999856948853,1.1399999856948853,0
2019-04-30,1.1399999856948853,1.1399999856948853,1.1399999856948853,1.1399999856948853,1.1399999856948853,0
2019-05-01,1.1399999856948853,1.1399999856948853,1.1399999856948853,1.1399999856948853,1.1399999856948853,0
2019-05-02,1.1399999856948853,1.1399999856948853,1.1399999856948853,1.1399999856948853,1.1399999856948853,0
2019-05-03,1.1399999856948853,1.1399999856948853,1.1399999856948853,1.1399999856948853,1.1399999856948853,0
2019-05-06,1.0800000429153442,1.0800000429153442,1.0800000429153442,1.0800000429153442,1.0800000429153442,100
2019-05-07,1.1399999856948853,1.1399999856948853,1.0700000524520874,1.0750000476837158,1.0750000476837158,886000
2019-05-08,1.100000023841858,1.1200000047683716,1.0,1.090000033378601,1.090000033378601,191100
2019-05-09,1.090000033378601,1.1100000143051147,1.090000033378601,1.1100000143051147,1.1100000143051147,900
2019-05-10,1.1100000143051147,1.1100000143051147,1.1100000143051147,1.1100000143051147,1.1100000143051147,100100
2019-05-13,1.1100000143051147,1.1100000143051147,1.0700000524520874,1.0700000524520874,1.0700000524520874,223600
2019-05-14,1.059999942779541,1.1100000143051147,1.0499999523162842,1.0499999523162842,1.0499999523162842,218900
2019-05-15,1.0700000524520874,1.149999976158142,1.059999942779541,1.0700000524520874,1.0700000524520874,16400
2019-05-16,1.0880000591278076,1.1299999952316284,1.059999942779541,1.1050000190734863,1.1050000190734863,6700
2019-05-17,1.090000033378601,1.149999976158142,1.031000018119812,1.1100000143051147,1.1100000143051147,17100
2019-05-20,1.0700000524520874,1.1100000143051147,1.0700000524520874,1.1100000143051147,1.1100000143051147,7600
2019-05-21,1.1100000143051147,1.1100000143051147,1.1100000143051147,1.1100000143051147,1.1100000143051147,0
2019-05-22,1.1100000143051147,1.1100000143051147,1.1100000143051147,1.1100000143051147,1.1100000143051147,0
2019-05-23,1.100000023841858,1.100000023841858,1.100000023841858,1.100000023841858,1.100000023841858,4200
2019-05-24,1.100000023841858,1.100000023841858,1.100000023841858,1.100000023841858,1.100000023841858,0
2019-05-28,1.090000033378601,1.090000033378601,1.090000033378601,1.090000033378601,1.090000033378601,300
2019-05-29,1.0800000429153442,1.0800000429153442,1.0800000429153442,1.0800000429153442,1.0800000429153442,1500
2019-05-30,1.0700000524520874,1.0700000524520874,1.059999942779541,1.065000057220459,1.065000057220459,101000
2019-05-31,1.090000033378601,1.090000033378601,1.090000033378601,1.090000033378601,1.090000033378601,1000
2019-06-03,1.090000033378601,1.090000033378601,1.0700000524520874,1.0700000524520874,1.0700000524520874,5200
2019-06-04,1.090000033378601,1.100000023841858,1.090000033378601,1.100000023841858,1.100000023841858,2000
2019-06-05,1.100000023841858,1.100000023841858,1.100000023841858,1.100000023841858,1.100000023841858,0
2019-06-06,1.0800000429153442,1.100000023841858,1.0499999523162842,1.0499999523162842,1.0499999523162842,11300
2019-06-07,1.0499999523162842,1.0499999523162842,1.0499999523162842,1.0499999523162842,1.0499999523162842,0
2019-06-10,1.0499999523162842,1.0499999523162842,1.0499999523162842,1.0499999523162842,1.0499999523162842,0
2019-06-11,1.0800000429153442,1.0800000429153442,1.0800000429153442,1.0800000429153442,1.0800000429153442,1000
2019-06-12,1.0800000429153442,1.0800000429153442,1.0800000429153442,1.0800000429153442,1.0800000429153442,0
2019-06-13,1.100000023841858,1.100000023841858,1.0700000524520874,1.0700000524520874,1.0700000524520874,27000
2019-06-14,1.0700000524520874,1.0700000524520874,1.0700000524520874,1.0700000524520874,1.0700000524520874,0
2019-06-17,1.0700000524520874,1.0700000524520874,1.0700000524520874,1.0700000524520874,1.0700000524520874,0
2019-06-18,1.100000023841858,1.100000023841858,1.0800000429153442,1.0800000429153442,1.0800000429153442,53700
2019-06-19,1.0800000429153442,1.0800000429153442,1.0800000429153442,1.0800000429153442,1.0800000429153442,0
2019-06-20,1.0800000429153442,1.0800000429153442,1.0800000429153442,1.0800000429153442,1.0800000429153442,0
2019-06-21,1.100000023841858,1.1100000143051147,1.090000033378601,1.090000033378601,1.090000033378601,275900
2019-06-24,1.090000033378601,1.090000033378601,1.090000033378601,1.090000033378601,1.090000033378601,0
2019-06-25,1.100000023841858,1.100000023841858,1.090000033378601,1.090000033378601,1.090000033378601,61500
2019-06-26,1.090000033378601,1.0950000286102295,1.090000033378601,1.090000033378601,1.090000033378601,81200
2019-06-27,1.090000033378601,1.090000033378601,1.0700000524520874,1.090000033378601,1.090000033378601,2100
2019-06-28,1.090000033378601,1.090000033378601,1.0800000429153442,1.0800000429153442,1.0800000429153442,51100
2019-07-01,1.090000033378601,1.090000033378601,1.0800000429153442,1.0800000429153442,1.0800000429153442,12900
2019-07-02,1.090000033378601,1.090000033378601,1.0800000429153442,1.0800000429153442,1.0800000429153442,6600
2019-07-03,1.0800000429153442,1.0800000429153442,1.0800000429153442,1.0800000429153442,1.0800000429153442,9500
2019-07-05,1.0800000429153442,1.0800000429153442,1.0800000429153442,1.0800000429153442,1.0800000429153442,0
2019-07-08,1.090000033378601,1.090000033378601,1.0800000429153442,1.0800000429153442,1.0800000429153442,29800
2019-07-09,1.0800000429153442,1.0800000429153442,1.0800000429153442,1.0800000429153442,1.0800000429153442,39300
2019-07-10,1.0800000429153442,1.090000033378601,1.0800000429153442,1.0800000429153442,1.0800000429153442,20300
2019-07-11,1.0800000429153442,1.0800000429153442,1.0800000429153442,1.0800000429153442,1.0800000429153442,1000
2019-07-12,1.0800000429153442,1.0800000429153442,1.0800000429153442,1.0800000429153442,1.0800000429153442,0
2019-07-15,1.0800000429153442,1.0800000429153442,1.0800000429153442,1.0800000429153442,1.0800000429153442,0
2019-07-16,1.0800000429153442,1.0800000429153442,1.0800000429153442,1.0800000429153442,1.0800000429153442,0
2019-07-17,1.0800000429153442,1.0800000429153442,1.0800000429153442,1.0800000429153442,1.0800000429153442,0
2019-07-18,1.0800000429153442,1.0800000429153442,1.0800000429153442,1.0800000429153442,1.0800000429153442,0
2019-07-19,1.149999976158142,1.149999976158142,1.149999976158142,1.149999976158142,1.149999976158142,5000
2019-07-22,1.0800000429153442,1.100000023841858,1.0800000429153442,1.0800000429153442,1.0800000429153442,169100
2019-07-23,1.0800000429153442,1.0950000286102295,1.0499999523162842,1.0800000429153442,1.0800000429153442,99700
2019-07-24,1.0800000429153442,1.0800000429153442,1.0800000429153442,1.0800000429153442,1.0800000429153442,0
2019-07-25,1.0800000429153442,1.0800000429153442,1.0800000429153442,1.0800000429153442,1.0800000429153442,25100
2019-07-26,1.0800000429153442,1.0800000429153442,1.0800000429153442,1.0800000429153442,1.0800000429153442,35000
2019-07-29,1.1100000143051147,1.149999976158142,1.0800000429153442,1.0800000429153442,1.0800000429153442,3900
2019-07-30,1.1100000143051147,1.149999976158142,1.0800000429153442,1.0800000429153442,1.0800000429153442,3900
2019-07-31,1.0700000524520874,1.0770000219345093,1.059999942779541,1.059999942779541,1.059999942779541,1100
2019-08-01,1.1100000143051147,1.1100000143051147,1.059999942779541,1.0700000524520874,1.0700000524520874,3300
2019-08-02,1.1100000143051147,1.1100000143051147,1.059999942779541,1.0700000524520874,1.0700000524520874,3300
2019-08-05,1.149999976158142,1.149999976158142,1.0800000429153442,1.149999976158142,1.149999976158142,28400
2019-08-06,1.1299999952316284,1.149999976158142,1.1200000047683716,1.149999976158142,1.149999976158142,10100
2019-08-07,1.1399999856948853,1.149999976158142,1.0850000381469727,1.149999976158142,1.149999976158142,25700
2019-08-08,1.1299999952316284,1.149999976158142,1.0800000429153442,1.149999976158142,1.149999976158142,900
2019-08-09,1.1399999856948853,1.149999976158142,1.0950000286102295,1.1399999856948853,1.1399999856948853,40000
2019-08-12,1.1299999952316284,1.149999976158142,1.1100000143051147,1.149999976158142,1.149999976158142,10200
2019-08-13,1.149999976158142,1.149999976158142,1.1150000095367432,1.1399999856948853,1.1399999856948853,9100
2019-08-14,1.1299999952316284,1.149999976158142,1.0499999523162842,1.1399999856948853,1.1399999856948853,236800
2019-08-15,1.1100000143051147,1.1699999570846558,1.0700000524520874,1.1399999856948853,1.1399999856948853,505900
2019-08-16,1.0800000429153442,1.0800000429153442,1.0800000429153442,1.0800000429153442,1.0800000429153442,94200
2019-08-19,1.0800000429153442,1.0800000429153442,1.0800000429153442,1.0800000429153442,1.0800000429153442,0
2019-08-20,1.0800000429153442,1.0800000429153442,1.0700000524520874,1.0700000524520874,1.0700000524520874,27500
2019-08-21,1.100000023841858,1.100000023841858,1.100000023841858,1.100000023841858,1.100000023841858,100
2019-08-22,1.100000023841858,1.100000023841858,1.0499999523162842,1.0499999523162842,1.0499999523162842,16600
2019-08-23,1.0700000524520874,1.090000033378601,1.0499999523162842,1.090000033378601,1.090000033378601,2500
2019-08-26,1.0700000524520874,1.0800000429153442,1.0700000524520874,1.0800000429153442,1.0800000429153442,600
2019-08-27,1.0700000524520874,1.090000033378601,1.0700000524520874,1.090000033378601,1.090000033378601,10600
2019-08-28,1.0700000524520874,1.0700000524520874,1.0399999618530273,1.059999942779541,1.059999942779541,19500
2019-08-29,1.0800000429153442,1.090000033378601,1.0700000524520874,1.0700000524520874,1.0700000524520874,123400
2019-08-30,1.0700000524520874,1.0700000524520874,1.0,1.059999942779541,1.059999942779541,106700
2019-09-03,1.0700000524520874,1.0700000524520874,1.0499999523162842,1.059999942779541,1.059999942779541,8600
2019-09-04,1.059999942779541,1.059999942779541,1.059999942779541,1.059999942779541,1.059999942779541,500
2019-09-05,1.059999942779541,1.059999942779541,1.059999942779541,1.059999942779541,1.059999942779541,500
2019-09-06,1.059999942779541,1.059999942779541,1.059999942779541,1.059999942779541,1.059999942779541,4200
2019-09-09,1.059999942779541,1.059999942779541,1.059999942779541,1.059999942779541,1.059999942779541,0
2019-09-10,1.059999942779541,1.059999942779541,1.059999942779541,1.059999942779541,1.059999942779541,0
2019-09-11,1.0499999523162842,1.0499999523162842,1.0499999523162842,1.0499999523162842,1.0499999523162842,600
2019-09-12,1.0499999523162842,1.0499999523162842,1.0199999809265137,1.0499999523162842,1.0499999523162842,11700
2019-09-13,1.0299999713897705,1.0499999523162842,1.0299999713897705,1.0499999523162842,1.0499999523162842,21300
2019-09-16,1.059999942779541,1.059999942779541,1.0399999618530273,1.0499999523162842,1.0499999523162842,59100
2019-09-17,1.059999942779541,1.059999942779541,1.0299999713897705,1.059999942779541,1.059999942779541,80400
2019-09-18,1.059999942779541,1.059999942779541,1.0199999809265137,1.059999942779541,1.059999942779541,29500
2019-09-19,1.0399999618530273,1.0399999618530273,1.0399999618530273,1.0399999618530273,1.0399999618530273,400
2019-09-20,1.0299999713897705,1.0399999618530273,1.0299999713897705,1.0399999618530273,1.0399999618530273,19200
2019-09-23,1.0399999618530273,1.0399999618530273,1.0399999618530273,1.0399999618530273,1.0399999618530273,100
2019-09-24,1.0299999713897705,1.059999942779541,1.0199999809265137,1.059999942779541,1.059999942779541,337800
2019-09-25,1.059999942779541,1.059999942779541,1.059999942779541,1.059999942779541,1.059999942779541,0
2019-09-26,1.0299999713897705,1.0499999523162842,1.0099999904632568,1.0499999523162842,1.0499999523162842,59300
2019-09-27,1.0399999618530273,1.0399999618530273,1.0399999618530273,1.0399999618530273,1.0399999618530273,51500
2019-09-30,1.0299999713897705,1.0499999523162842,1.0199999809265137,1.0499999523162842,1.0499999523162842,78600
2019-10-01,1.059999942779541,1.059999942779541,1.034999966621399,1.034999966621399,1.034999966621399,5700
2019-10-02,1.0099999904632568,1.0399999618530273,1.0099999904632568,1.0399999618530273,1.0399999618530273,18500
2019-10-03,1.0299999713897705,1.0299999713897705,1.0199999809265137,1.0299999713897705,1.0299999713897705,20600
2019-10-04,1.0299999713897705,1.0299999713897705,1.0099999904632568,1.0299999713897705,1.0299999713897705,110800
2019-10-07,1.0299999713897705,1.0299999713897705,1.0299999713897705,1.0299999713897705,1.0299999713897705,147300
2019-10-08,1.0199999809265137,1.0199999809265137,1.0199999809265137,1.0199999809265137,1.0199999809265137,30000
2019-10-09,1.0199999809265137,1.0199999809265137,1.0199999809265137,1.0199999809265137,1.0199999809265137,0
2019-10-10,1.0199999809265137,1.0199999809265137,1.0199999809265137,1.0199999809265137,1.0199999809265137,205000
2019-10-11,1.0099999904632568,1.0399999618530273,1.0099999904632568,1.0199999809265137,1.0199999809265137,73900
2019-10-14,1.0199999809265137,1.0199999809265137,1.0199999809265137,1.0199999809265137,1.0199999809265137,5400
2019-10-15,1.0199999809265137,1.0399999618530273,1.0199999809265137,1.0399999618530273,1.0399999618530273,134300
2019-10-16,1.0299999713897705,1.0499999523162842,1.0299999713897705,1.0499999523162842,1.0499999523162842,60200
2019-10-17,1.0399999618530273,1.100000023841858,1.0399999618530273,1.100000023841858,1.100000023841858,16500
2019-10-18,1.0499999523162842,1.149999976158142,1.0499999523162842,1.1100000143051147,1.1100000143051147,299500
2019-10-21,1.1100000143051147,1.1100000143051147,1.1100000143051147,1.1100000143051147,1.1100000143051147,0
2019-10-22,1.1100000143051147,1.1100000143051147,1.1100000143051147,1.1100000143051147,1.1100000143051147,0
2019-10-23,1.1100000143051147,1.1100000143051147,1.1100000143051147,1.1100000143051147,1.1100000143051147,12400
2019-10-24,1.1100000143051147,1.1100000143051147,1.1100000143051147,1.1100000143051147,1.1100000143051147,600
2019-10-25,1.1100000143051147,1.1100000143051147,1.1100000143051147,1.1100000143051147,1.1100000143051147,300
2019-10-28,1.100000023841858,1.1399999856948853,1.100000023841858,1.1399999856948853,1.1399999856948853,1100
2019-10-29,1.1100000143051147,1.1399999856948853,1.1100000143051147,1.1399999856948853,1.1399999856948853,300
2019-10-30,1.1100000143051147,1.1399999856948853,1.1100000143051147,1.1399999856948853,1.1399999856948853,1900
2019-10-31,1.1319999694824219,1.1399999856948853,1.1319999694824219,1.1399999856948853,1.1399999856948853,6000
2019-11-01,1.2549999952316284,1.2549999952316284,1.1799999475479126,1.190000057220459,1.190000057220459,7000
2019-11-04,1.1799999475479126,1.1799999475479126,1.1799999475479126,1.1799999475479126,1.1799999475479126,100
2019-11-05,1.190000057220459,1.2000000476837158,1.1200000047683716,1.2000000476837158,1.2000000476837158,4400
2019-11-06,1.1799999475479126,1.1799999475479126,1.1690000295639038,1.1690000295639038,1.1690000295639038,1100
2019-11-07,1.149999976158142,1.149999976158142,1.149999976158142,1.149999976158142,1.149999976158142,200
2019-11-08,1.1399999856948853,1.1399999856948853,1.1399999856948853,1.1399999856948853,1.1399999856948853,200
2019-11-11,1.1399999856948853,1.1399999856948853,1.1399999856948853,1.1399999856948853,1.1399999856948853,0
2019-11-12,1.1100000143051147,1.1200000047683716,1.1100000143051147,1.1200000047683716,1.1200000047683716,3500
2019-11-13,1.149999976158142,1.149999976158142,1.149999976158142,1.149999976158142,1.149999976158142,100
2019-11-14,1.1299999952316284,1.1299999952316284,1.1299999952316284,1.1299999952316284,1.1299999952316284,400
2019-11-15,1.1299999952316284,1.1299999952316284,1.1299999952316284,1.1299999952316284,1.1299999952316284,0
2019-11-18,1.0399999618530273,1.1399999856948853,1.0399999618530273,1.1200000047683716,1.1200000047683716,69100
2019-11-19,1.100000023841858,1.1200000047683716,1.059999942779541,1.1200000047683716,1.1200000047683716,16000
2019-11-20,1.100000023841858,1.100000023841858,1.100000023841858,1.100000023841858,1.100000023841858,6000
2019-11-21,1.100000023841858,1.100000023841858,1.100000023841858,1.100000023841858,1.100000023841858,200
2019-11-22,1.100000023841858,1.100000023841858,1.100000023841858,1.100000023841858,1.100000023841858,0
2019-11-25,1.1200000047683716,1.1200000047683716,1.1200000047683716,1.1200000047683716,1.1200000047683716,200
2019-11-26,1.1100000143051147,1.1100000143051147,1.0800000429153442,1.1100000143051147,1.1100000143051147,11300
2019-11-27,1.0750000476837158,1.1100000143051147,1.0750000476837158,1.100000023841858,1.100000023841858,105600
2019-11-29,1.100000023841858,1.100000023841858,1.100000023841858,1.100000023841858,1.100000023841858,0
2019-12-02,1.100000023841858,1.100000023841858,1.100000023841858,1.100000023841858,1.100000023841858,0
2019-12-03,1.0700000524520874,1.0700000524520874,1.0499999523162842,1.0700000524520874,1.0700000524520874,27100
2019-12-04,1.059999942779541,1.059999942779541,1.034000039100647,1.034000039100647,1.034000039100647,800
2019-12-05,1.0199999809265137,1.0399999618530273,1.0199999809265137,1.0399999618530273,1.0399999618530273,7000
2019-12-06,1.024999976158142,1.0299999713897705,1.024999976158142,1.024999976158142,1.024999976158142,11400
2019-12-09,1.0199999809265137,1.0219999551773071,1.0099999904632568,1.0199999809265137,1.0199999809265137,140800
2019-12-10,1.0210000276565552,1.0299999713897705,1.0099999904632568,1.0199999809265137,1.0199999809265137,265900
2019-12-11,1.0299999713897705,1.0299999713897705,1.0199999809265137,1.0199999809265137,1.0199999809265137,69800
2019-12-12,1.0099999904632568,1.0199999809265137,1.0099999904632568,1.0199999809265137,1.0199999809265137,49000
2019-12-13,1.0199999809265137,1.0199999809265137,1.0199999809265137,1.0199999809265137,1.0199999809265137,0
2019-12-16,1.0099999904632568,1.0199999809265137,1.0,1.0099999904632568,1.0099999904632568,126700
2019-12-17,1.0,1.0010000467300415,0.9700000286102295,1.0,1.0,530800
2019-12-18,1.0,1.0,1.0,1.0,1.0,500
2019-12-19,1.0099999904632568,1.0099999904632568,0.9800000190734863,0.9800000190734863,0.9800000190734863,160600
2019-12-20,0.972000002861023,0.9850000143051147,0.972000002861023,0.9800000190734863,0.9800000190734863,1635800
2019-12-23,0.9800000190734863,0.996999979019165,0.9800000190734863,0.9850000143051147,0.9850000143051147,256000
2019-12-24,0.9800000190734863,0.9900000095367432,0.9800000190734863,0.9850000143051147,0.9850000143051147,387200
2019-12-26,0.984000027179718,0.9890000224113464,0.9829999804496765,0.9890000224113464,0.9890000224113464,259000
2019-12-27,0.9890000224113464,0.9890000224113464,0.9890000224113464,0.9890000224113464,0.9890000224113464,0
2019-12-30,0.9890000224113464,0.9890000224113464,0.9890000224113464,0.9890000224113464,0.9890000224113464,0
2019-12-31,0.9800000190734863,0.9860000014305115,0.9800000190734863,0.9860000014305115,0.9860000014305115,2800
2020-01-02,0.9900000095367432,0.9900000095367432,0.9879999756813049,0.9879999756813049,0.9879999756813049,184200
2020-01-03,0.9879999756813049,0.9879999756813049,0.9879999756813049,0.9879999756813049,0.9879999756813049,5200
2020-01-06,0.9800000190734863,0.9900000095367432,0.9800000190734863,0.9900000095367432,0.9900000095367432,355200
2020-01-07,0.9800000190734863,0.9900000095367432,0.9800000190734863,0.9850000143051147,0.9850000143051147,107500
2020-01-08,0.9879999756813049,0.9879999756813049,0.9879999756813049,0.9879999756813049,0.9879999756813049,1900
2020-01-09,0.9879999756813049,0.9929999709129333,0.9879999756813049,0.9879999756813049,0.9879999756813049,211000
2020-01-10,0.9900000095367432,0.9900000095367432,0.9900000095367432,0.9900000095367432,0.9900000095367432,326200
2020-01-13,0.9900000095367432,0.9900000095367432,0.9900000095367432,0.9900000095367432,0.9900000095367432,0
2020-01-14,0.9900000095367432,0.9900000095367432,0.9900000095367432,0.9900000095367432,0.9900000095367432,0
2020-01-15,0.9900000095367432,0.9900000095367432,0.9900000095367432,0.9900000095367432,0.9900000095367432,0
2020-01-16,1.0,1.0,0.9950000047683716,0.9950000047683716,0.9950000047683716,8300
2020-01-17,0.9950000047683716,0.9950000047683716,0.9950000047683716,0.9950000047683716,0.9950000047683716,0
2020-01-21,0.9950000047683716,0.9950000047683716,0.9950000047683716,0.9950000047683716,0.9950000047683716,0
2020-01-22,0.9950000047683716,0.9950000047683716,0.9950000047683716,0.9950000047683716,0.9950000047683716,0
2020-01-23,0.9950000047683716,0.9950000047683716,0.9950000047683716,0.9950000047683716,0.9950000047683716,0
2020-01-24,0.9950000047683716,0.9950000047683716,0.9950000047683716,0.9950000047683716,0.9950000047683716,0
2020-01-27,1.0399999618530273,1.0700000524520874,1.0399999618530273,1.0399999618530273,1.0399999618530273,115600
2020-01-28,1.0399999618530273,1.0399999618530273,1.0399999618530273,1.0399999618530273,1.0399999618530273,0
2020-01-29,1.0,1.0,1.0,1.0,1.0,100
2020-01-30,0.9100000262260437,0.9100000262260437,0.9100000262260437,0.9100000262260437,0.9100000262260437,1200
2020-01-31,1.0,1.0,1.0,1.0,1.0,9100
2020-02-03,1.0,1.0,1.0,1.0,1.0,15000
2020-02-04,1.0,1.0,1.0,1.0,1.0,0
2020-02-05,0.996999979019165,1.0,0.996999979019165,1.0,1.0,9500
2020-02-06,1.0,1.0,1.0,1.0,1.0,0
2020-02-07,1.0,1.0,1.0,1.0,1.0,4800
2020-02-10,0.9399999976158142,1.0,0.9399999976158142,1.0,1.0,4300
2020-02-11,1.1100000143051147,1.1200000047683716,0.9549999833106995,1.1200000047683716,1.1200000047683716,900
2020-02-12,1.0390000343322754,1.0390000343322754,1.0,1.0,1.0,4100
2020-02-13,1.0,1.0,1.0,1.0,1.0,0
2020-02-14,1.1399999856948853,1.149999976158142,1.1399999856948853,1.149999976158142,1.149999976158142,10200
2020-02-18,1.149999976158142,1.149999976158142,1.149999976158142,1.149999976158142,1.149999976158142,0
2020-02-19,1.149999976158142,1.149999976158142,1.149999976158142,1.149999976158142,1.149999976158142,0
2020-02-20,1.149999976158142,1.149999976158142,1.149999976158142,1.149999976158142,1.149999976158142,0
2020-02-21,1.149999976158142,1.149999976158142,1.149999976158142,1.149999976158142,1.149999976158142,0
2020-02-24,1.149999976158142,1.149999976158142,1.149999976158142,1.149999976158142,1.149999976158142,0
2020-02-25,1.149999976158142,1.149999976158142,1.149999976158142,1.149999976158142,1.149999976158142,0
2020-02-26,1.149999976158142,1.149999976158142,1.149999976158142,1.149999976158142,1.149999976158142,0
2020-02-27,1.149999976158142,1.149999976158142,1.149999976158142,1.149999976158142,1.149999976158142,0
2020-02-28,0.949999988079071,0.9750000238418579,0.949999988079071,0.9750000238418579,0.9750000238418579,7800
2020-03-02,0.9750000238418579,1.0,0.949999988079071,1.0,1.0,10300
2020-03-03,1.090000033378601,1.090000033378601,1.0700000524520874,1.0750000476837158,1.0750000476837158,2700
2020-03-04,1.0750000476837158,1.0750000476837158,1.0750000476837158,1.0750000476837158,1.0750000476837158,0
2020-03-05,0.9599999785423279,0.9800000190734863,0.9599999785423279,0.9800000190734863,0.9800000190734863,305200
2020-03-06,0.9700000286102295,0.9789999723434448,0.9649999737739563,0.9750000238418579,0.9750000238418579,207000
2020-03-09,0.9750000238418579,0.9750000238418579,0.9750000238418579,0.9750000238418579,0.9750000238418579,0
2020-03-10,0.9750000238418579,0.9750000238418579,0.9750000238418579,0.9750000238418579,0.9750000238418579,0
2020-03-11,0.9750000238418579,0.9750000238418579,0.9750000238418579,0.9750000238418579,0.9750000238418579,0
2020-03-12,0.9700000286102295,0.9700000286102295,0.9700000286102295,0.9700000286102295,0.9700000286102295,5100
2020-03-13,0.9700000286102295,0.9700000286102295,0.9700000286102295,0.9700000286102295,0.9700000286102295,0
2020-03-16,0.9200000166893005,0.9399999976158142,0.9200000166893005,0.9399999976158142,0.9399999976158142,260800
2020-03-17,0.9399999976158142,0.9399999976158142,0.9399999976158142,0.9399999976158142,0.9399999976158142,25000
2020-03-18,0.9399999976158142,0.9399999976158142,0.9399999976158142,0.9399999976158142,0.9399999976158142,0
2020-03-19,0.9399999976158142,0.9399999976158142,0.9399999976158142,0.9399999976158142,0.9399999976158142,195900
2020-03-20,0.9399999976158142,0.9399999976158142,0.9399999976158142,0.9399999976158142,0.9399999976158142,0
2020-03-23,0.9399999976158142,0.9399999976158142,0.9399999976158142,0.9399999976158142,0.9399999976158142,0
2020-03-24,0.9399999976158142,0.9399999976158142,0.9399999976158142,0.9399999976158142,0.9399999976158142,0
2020-03-25,1.0,1.0,0.9950000047683716,0.9950000047683716,0.9950000047683716,200
2020-03-26,0.9950000047683716,0.9950000047683716,0.9950000047683716,0.9950000047683716,0.9950000047683716,32200
2020-03-27,0.949999988079071,0.949999988079071,0.949999988079071,0.949999988079071,0.949999988079071,42600
2020-03-30,0.949999988079071,0.9900000095367432,0.949999988079071,0.9900000095367432,0.9900000095367432,4000
2020-03-31,0.9900000095367432,0.9900000095367432,0.9900000095367432,0.9900000095367432,0.9900000095367432,0
2020-04-01,0.9900000095367432,0.9900000095367432,0.9900000095367432,0.9900000095367432,0.9900000095367432,0
2020-04-02,0.9900000095367432,0.9900000095367432,0.9900000095367432,0.9900000095367432,0.9900000095367432,0
2020-04-03,0.9900000095367432,0.9900000095367432,0.9900000095367432,0.9900000095367432,0.9900000095367432,0
2020-04-06,1.0099999904632568,1.0099999904632568,1.0099999904632568,1.0099999904632568,1.0099999904632568,10000
2020-04-07,1.0099999904632568,1.0099999904632568,1.0099999904632568,1.0099999904632568,1.0099999904632568,0
2020-04-08,1.0099999904632568,1.0099999904632568,1.0099999904632568,1.0099999904632568,1.0099999904632568,0
2020-04-09,1.0099999904632568,1.0099999904632568,1.0099999904632568,1.0099999904632568,1.0099999904632568,0
2020-04-13,1.0099999904632568,1.0099999904632568,1.0099999904632568,1.0099999904632568,1.0099999904632568,0
2020-04-14,1.0099999904632568,1.0099999904632568,1.0099999904632568,1.0099999904632568,1.0099999904632568,0
2020-04-15,1.0099999904632568,1.0099999904632568,1.0099999904632568,1.0099999904632568,1.0099999904632568,0
2020-04-16,1.0099999904632568,1.0099999904632568,1.0099999904632568,1.0099999904632568,1.0099999904632568,0
2020-04-17,1.0099999904632568,1.0099999904632568,1.0099999904632568,1.0099999904632568,1.0099999904632568,0
2020-04-20,1.0099999904632568,1.0099999904632568,1.0099999904632568,1.0099999904632568,1.0099999904632568,0
2020-04-21,1.0099999904632568,1.0099999904632568,1.0099999904632568,1.0099999904632568,1.0099999904632568,0
2020-04-22,1.0099999904632568,1.0099999904632568,1.0099999904632568,1.0099999904632568,1.0099999904632568,0
2020-04-23,1.0099999904632568,1.0099999904632568,1.0099999904632568,1.0099999904632568,1.0099999904632568,0
2020-04-24,1.0099999904632568,1.0099999904632568,1.0099999904632568,1.0099999904632568,1.0099999904632568,0
2020-04-27,1.0099999904632568,1.0099999904632568,1.0099999904632568,1.0099999904632568,1.0099999904632568,0
2020-04-28,1.0099999904632568,1.0099999904632568,1.0099999904632568,1.0099999904632568,1.0099999904632568,0
2020-04-29,1.0099999904632568,1.0099999904632568,1.0099999904632568,1.0099999904632568,1.0099999904632568,0
2020-04-30,1.0099999904632568,1.0099999904632568,1.0099999904632568,1.0099999904632568,1.0099999904632568,0
2020-05-01,1.0099999904632568,1.0099999904632568,1.0099999904632568,1.0099999904632568,1.0099999904632568,0
2020-05-04,1.0099999904632568,1.0099999904632568,1.0099999904632568,1.0099999904632568,1.0099999904632568,0
2020-05-05,1.0099999904632568,1.0099999904632568,1.0099999904632568,1.0099999904632568,1.0099999904632568,0
2020-05-06,1.0099999904632568,1.0099999904632568,1.0099999904632568,1.0099999904632568,1.0099999904632568,0
2020-05-07,1.0099999904632568,1.0099999904632568,1.0099999904632568,1.0099999904632568,1.0099999904632568,0
2020-05-08,1.0099999904632568,1.0099999904632568,1.0099999904632568,1.0099999904632568,1.0099999904632568,0
2020-05-11,1.0099999904632568,1.0099999904632568,1.0099999904632568,1.0099999904632568,1.0099999904632568,0
2020-05-12,1.0099999904632568,1.0099999904632568,1.0099999904632568,1.0099999904632568,1.0099999904632568,0
2020-05-13,1.0099999904632568,1.0099999904632568,1.0099999904632568,1.0099999904632568,1.0099999904632568,0
2020-05-14,1.0099999904632568,1.0099999904632568,1.0099999904632568,1.0099999904632568,1.0099999904632568,0
2020-05-15,1.0099999904632568,1.0099999904632568,1.0099999904632568,1.0099999904632568,1.0099999904632568,0
2020-05-18,1.0099999904632568,1.0099999904632568,1.0099999904632568,1.0099999904632568,1.0099999904632568,0
2020-05-19,0.8999999761581421,1.0,0.5,1.0,1.0,4800
2020-05-20,1.2999999523162842,1.2999999523162842,1.2999999523162842,1.2999999523162842,1.2999999523162842,100
2020-05-21,1.2999999523162842,1.2999999523162842,1.2999999523162842,1.2999999523162842,1.2999999523162842,0
2020-05-22,1.590000033378601,1.590000033378601,1.590000033378601,1.590000033378601,1.590000033378601,300
2020-05-26,2.755000114440918,2.755000114440918,1.600000023841858,1.600000023841858,1.600000023841858,800
2020-05-27,1.649999976158142,2.0,1.649999976158142,1.9500000476837158,1.9500000476837158,900
2020-05-28,1.9500000476837158,1.9500000476837158,1.9500000476837158,1.9500000476837158,1.9500000476837158,0
2020-05-29,1.649999976158142,1.649999976158142,1.649999976158142,1.649999976158142,1.649999976158142,100
2020-06-01,0.5,0.5,0.5,0.5,0.5,100
2020-06-02,0.9100000262260437,1.149999976158142,0.9100000262260437,1.0570000410079956,1.0570000410079956,1200
2020-06-03,1.0570000410079956,1.0570000410079956,1.0570000410079956,1.0570000410079956,1.0570000410079956,0
2020-06-04,0.949999988079071,0.949999988079071,0.949999988079071,0.949999988079071,0.949999988079071,200
2020-06-05,0.949999988079071,0.949999988079071,0.949999988079071,0.949999988079071,0.949999988079071,0
2020-06-08,0.8999999761581421,0.949999988079071,0.8999999761581421,0.949999988079071,0.949999988079071,600
2020-06-09,0.949999988079071,0.949999988079071,0.949999988079071,0.949999988079071,0.949999988079071,0
2020-06-10,0.949999988079071,0.949999988079071,0.949999988079071,0.949999988079071,0.949999988079071,400
2020-06-11,0.949999988079071,0.949999988079071,0.949999988079071,0.949999988079071,0.949999988079071,0
2020-06-12,0.949999988079071,0.949999988079071,0.949999988079071,0.949999988079071,0.949999988079071,0
2020-06-15,0.949999988079071,0.949999988079071,0.949999988079071,0.949999988079071,0.949999988079071,0
2020-06-16,1.090000033378601,1.090000033378601,1.090000033378601,1.090000033378601,1.090000033378601,5100
2020-06-17,1.4040000438690186,1.4040000438690186,1.190000057220459,1.190000057220459,1.190000057220459,1100
2020-06-18,1.190000057220459,1.190000057220459,1.190000057220459,1.190000057220459,1.190000057220459,0
2020-06-19,1.190000057220459,1.190000057220459,1.190000057220459,1.190000057220459,1.190000057220459,0
2020-06-22,1.190000057220459,1.190000057220459,1.190000057220459,1.190000057220459,1.190000057220459,0
2020-06-23,1.190000057220459,1.190000057220459,1.190000057220459,1.190000057220459,1.190000057220459,0
2020-06-24,1.25,1.25,1.25,1.25,1.25,1100
2020-06-25,1.25,1.25,1.25,1.25,1.25,0
2020-06-26,1.25,1.25,1.0099999904632568,1.0099999904632568,1.0099999904632568,900
2020-06-29,1.0069999694824219,1.059999942779541,1.0069999694824219,1.059999942779541,1.059999942779541,5500
2020-06-30,1.2000000476837158,1.2000000476837158,1.2000000476837158,1.2000000476837158,1.2000000476837158,500
2020-07-01,1.2100000381469727,1.399999976158142,1.2100000381469727,1.399999976158142,1.399999976158142,11400
2020-07-02,1.590000033378601,1.600000023841858,1.590000033378601,1.600000023841858,1.600000023841858,1100
2020-07-06,1.600000023841858,1.600000023841858,1.600000023841858,1.600000023841858,1.600000023841858,0
2020-07-07,1.7999999523162842,1.7999999523162842,1.2999999523162842,1.2999999523162842,1.2999999523162842,3400
2020-07-08,1.399999976158142,1.5,1.350000023841858,1.5,1.5,36200
2020-07-09,1.2999999523162842,1.2999999523162842,1.2599999904632568,1.2599999904632568,1.2599999904632568,800
2020-07-10,1.2599999904632568,1.2599999904632568,1.2599999904632568,1.2599999904632568,1.2599999904632568,0
2020-07-13,1.2599999904632568,1.2599999904632568,1.2599999904632568,1.2599999904632568,1.2599999904632568,0
2020-07-14,1.2599999904632568,1.2599999904632568,1.2599999904632568,1.2599999904632568,1.2599999904632568,0
2020-07-15,5.0,5.0,3.0,3.0,3.0,400
2020-07-16,3.0,3.0,3.0,3.0,3.0,0
2020-07-17,3.0,3.0,3.0,3.0,3.0,0
2020-07-20,2.5920000076293945,2.5920000076293945,2.5920000076293945,2.5920000076293945,2.5920000076293945,200
2020-07-21,1.409999966621399,1.7999999523162842,1.409999966621399,1.7999999523162842,1.7999999523162842,3900
2020-07-22,1.75,1.75,1.6360000371932983,1.7450000047683716,1.7450000047683716,1800
2020-07-23,1.7450000047683716,1.7450000047683716,1.7450000047683716,1.7450000047683716,1.7450000047683716,0
2020-07-24,1.809000015258789,2.0,1.409999966621399,2.0,2.0,400
2020-07-27,2.0,2.0,2.0,2.0,2.0,0
2020-07-28,1.409999966621399,1.409999966621399,1.409999966621399,1.409999966621399,1.409999966621399,300
2020-07-29,1.409999966621399,1.409999966621399,1.409999966621399,1.409999966621399,1.409999966621399,0
2020-07-30,1.2999999523162842,1.2999999523162842,1.2999999523162842,1.2999999523162842,1.2999999523162842,2100
2020-07-31,1.2999999523162842,1.2999999523162842,1.2999999523162842,1.2999999523162842,1.2999999523162842,0
2020-08-03,1.2999999523162842,1.2999999523162842,1.2999999523162842,1.2999999523162842,1.2999999523162842,0
2020-08-04,1.2999999523162842,1.2999999523162842,1.2999999523162842,1.2999999523162842,1.2999999523162842,0
2020-08-05,1.2999999523162842,1.2999999523162842,1.2999999523162842,1.2999999523162842,1.2999999523162842,0
2020-08-06,1.0199999809265137,1.0199999809265137,1.0199999809265137,1.0199999809265137,1.0199999809265137,2500
2020-08-07,0.9900000095367432,0.9900000095367432,0.9900000095367432,0.9900000095367432,0.9900000095367432,500
2020-08-10,0.9900000095367432,0.9900000095367432,0.9900000095367432,0.9900000095367432,0.9900000095367432,0
2020-08-11,0.9900000095367432,0.9900000095367432,0.9900000095367432,0.9900000095367432,0.9900000095367432,0
2020-08-12,2.4200000762939453,2.5,0.8999999761581421,1.5230000019073486,1.5230000019073486,10000
2020-08-13,1.1799999475479126,1.1799999475479126,0.949999988079071,1.059999942779541,1.059999942779541,8000
2020-08-14,1.1100000143051147,1.1200000047683716,1.1100000143051147,1.1200000047683716,1.1200000047683716,16100
2020-08-17,1.5,2.200000047683716,1.4800000190734863,1.5130000114440918,1.5130000114440918,5500
2020-08-18,1.600000023841858,1.600000023841858,1.600000023841858,1.600000023841858,1.600000023841858,500
2020-08-19,1.600000023841858,1.600000023841858,1.600000023841858,1.600000023841858,1.600000023841858,0
2020-08-20,1.25,1.6640000343322754,1.2100000381469727,1.6640000343322754,1.6640000343322754,1700
2020-08-21,1.2699999809265137,1.2699999809265137,1.2699999809265137,1.2699999809265137,1.2699999809265137,100
2020-08-24,0.7699999809265137,0.800000011920929,0.7699999809265137,0.800000011920929,0.800000011920929,8500
2020-08-25,0.8920000195503235,2.5,0.8700000047683716,1.399999976158142,1.399999976158142,16100
2020-08-26,1.0,1.4800000190734863,1.0,1.2100000381469727,1.2100000381469727,6800
2020-08-27,1.159999966621399,1.159999966621399,1.1100000143051147,1.1440000534057617,1.1440000534057617,11600
2020-08-28,1.1330000162124634,1.1330000162124634,1.059999942779541,1.059999942779541,1.059999942779541,500
2020-08-31,1.100000023841858,1.2999999523162842,1.100000023841858,1.2400000095367432,1.2400000095367432,6800
2020-09-01,1.2200000286102295,1.2400000095367432,1.0499999523162842,1.1100000143051147,1.1100000143051147,9100
2020-09-02,1.090000033378601,1.090000033378601,1.090000033378601,1.090000033378601,1.090000033378601,100
2020-09-03,1.0499999523162842,1.0499999523162842,1.0499999523162842,1.0499999523162842,1.0499999523162842,700
2020-09-04,1.100000023841858,1.100000023841858,0.9900000095367432,0.9900000095367432,0.9900000095367432,1100
2020-09-08,1.0700000524520874,1.0700000524520874,0.9900000095367432,0.9900000095367432,0.9900000095367432,800
2020-09-09,0.9900000095367432,1.1799999475479126,0.9900000095367432,1.1799999475479126,1.1799999475479126,3800
2020-09-10,1.1299999952316284,1.1299999952316284,0.8500000238418579,0.8880000114440918,0.8880000114440918,13500
2020-09-11,0.75,0.800000011920929,0.75,0.800000011920929,0.800000011920929,400
2020-09-14,0.8500000238418579,0.9800000190734863,0.8500000238418579,0.9800000190734863,0.9800000190734863,700
2020-09-15,0.9399999976158142,0.9399999976158142,0.75,0.800000011920929,0.800000011920929,4400
2020-09-16,0.9789999723434448,0.9900000095367432,0.8100000023841858,0.8100000023841858,0.8100000023841858,7900
2020-09-17,0.8999999761581421,0.9010000228881836,0.8999999761581421,0.9010000228881836,0.9010000228881836,6300
2020-09-18,0.9010000228881836,0.9010000228881836,0.9010000228881836,0.9010000228881836,0.9010000228881836,0
2020-09-21,0.9010000228881836,0.9010000228881836,0.9010000228881836,0.9010000228881836,0.9010000228881836,0
2020-09-22,0.8399999737739563,0.8999999761581421,0.8399999737739563,0.8999999761581421,0.8999999761581421,6100
2020-09-23,0.8999999761581421,0.8999999761581421,0.8999999761581421,0.8999999761581421,0.8999999761581421,1000
2020-09-24,0.8999999761581421,0.8999999761581421,0.8999999761581421,0.8999999761581421,0.8999999761581421,0
2020-09-25,0.8999999761581421,0.8999999761581421,0.8999999761581421,0.8999999761581421,0.8999999761581421,0
2020-09-28,0.8999999761581421,0.8999999761581421,0.8999999761581421,0.8999999761581421,0.8999999761581421,0
2020-09-29,0.8500000238418579,0.8550000190734863,0.8500000238418579,0.8500000238418579,0.8500000238418579,700
2020-09-30,0.8500000238418579,0.8500000238418579,0.8500000238418579,0.8500000238418579,0.8500000238418579,0
2020-10-01,0.875,0.8999999761581421,0.875,0.8980000019073486,0.8980000019073486,4600
2020-10-02,0.8980000019073486,0.8980000019073486,0.8980000019073486,0.8980000019073486,0.8980000019073486,0
2020-10-05,0.8899999856948853,0.8899999856948853,0.8899999856948853,0.8899999856948853,0.8899999856948853,2300
2020-10-06,0.8500000238418579,0.8799999952316284,0.8500000238418579,0.8799999952316284,0.8799999952316284,2900
2020-10-07,0.8999999761581421,0.8999999761581421,0.8999999761581421,0.8999999761581421,0.8999999761581421,1500
2020-10-08,1.0499999523162842,1.1200000047683716,1.0499999523162842,1.100000023841858,1.100000023841858,2500
2020-10-09,1.100000023841858,1.100000023841858,1.100000023841858,1.100000023841858,1.100000023841858,0
2020-10-12,1.100000023841858,1.100000023841858,1.100000023841858,1.100000023841858,1.100000023841858,0
2020-10-13,1.100000023841858,1.100000023841858,1.100000023841858,1.100000023841858,1.100000023841858,0
2020-10-14,1.100000023841858,1.100000023841858,1.100000023841858,1.100000023841858,1.100000023841858,0
2020-10-15,0.8299999833106995,0.8299999833106995,0.8299999833106995,0.8299999833106995,0.8299999833106995,300
2020-10-16,0.8299999833106995,0.8299999833106995,0.8299999833106995,0.8299999833106995,0.8299999833106995,100
2020-10-19,0.8299999833106995,0.8299999833106995,0.8299999833106995,0.8299999833106995,0.8299999833106995,0
2020-10-20,0.8299999833106995,0.8299999833106995,0.8299999833106995,0.8299999833106995,0.8299999833106995,0
2020-10-21,0.8600000143051147,0.8600000143051147,0.8500000238418579,0.8500000238418579,0.8500000238418579,1000
2020-10-22,0.7699999809265137,0.7699999809265137,0.5199999809265137,0.5199999809265137,0.5199999809265137,2900
2020-10-23,0.5199999809265137,0.5199999809265137,0.5199999809265137,0.5199999809265137,0.5199999809265137,0
2020-10-26,0.5199999809265137,0.5199999809265137,0.5199999809265137,0.5199999809265137,0.5199999809265137,0
2020-10-27,0.5199999809265137,0.5199999809265137,0.5199999809265137,0.5199999809265137,0.5199999809265137,0
2020-10-28,1.3700000047683716,1.3700000047683716,0.6209999918937683,0.6209999918937683,0.6209999918937683,4700
2020-10-29,1.9600000381469727,1.9600000381469727,0.6000000238418579,1.9600000381469727,1.9600000381469727,800
2020-10-30,1.0399999618530273,1.0399999618530273,1.0399999618530273,1.0399999618530273,1.0399999618530273,200
2020-11-02,0.7799999713897705,0.7979999780654907,0.7799999713897705,0.7979999780654907,0.7979999780654907,700
2020-11-03,0.75,0.75,0.675000011920929,0.75,0.75,6100
2020-11-04,0.5600000023841858,0.675000011920929,0.5400000214576721,0.5400000214576721,0.5400000214576721,3800
2020-11-05,0.6000000238418579,0.6000000238418579,0.550000011920929,0.550000011920929,0.550000011920929,300
2020-11-06,0.5699999928474426,0.5799999833106995,0.550000011920929,0.550000011920929,0.550000011920929,4000
2020-11-09,0.800000011920929,1.1449999809265137,0.5699999928474426,0.5699999928474426,0.5699999928474426,11700
2020-11-10,0.8199999928474426,0.9900000095367432,0.7680000066757202,0.7680000066757202,0.7680000066757202,1900
2020-11-11,0.8100000023841858,0.8100000023841858,0.8100000023841858,0.8100000023841858,0.8100000023841858,200
2020-11-12,0.7649999856948853,0.7649999856948853,0.75,0.75,0.75,400
2020-11-13,0.75,0.75,0.75,0.75,0.75,0
2020-11-16,0.9599999785423279,0.9599999785423279,0.9599999785423279,0.9599999785423279,0.9599999785423279,200
2020-11-17,0.9599999785423279,0.9599999785423279,0.9599999785423279,0.9599999785423279,0.9599999785423279,0
2020-11-18,0.6000000238418579,0.753000020980835,0.5799999833106995,0.753000020980835,0.753000020980835,1100
2020-11-19,0.7300000190734863,0.800000011920929,0.7300000190734863,0.800000011920929,0.800000011920929,1200
2020-11-20,0.7799999713897705,0.9200000166893005,0.7799999713897705,0.9200000166893005,0.9200000166893005,2000
2020-11-23,0.800000011920929,0.800000011920929,0.800000011920929,0.800000011920929,0.800000011920929,800
2020-11-24,0.800000011920929,0.800000011920929,0.800000011920929,0.800000011920929,0.800000011920929,0
2020-11-25,0.8920000195503235,0.9599999785423279,0.8920000195503235,0.9599999785423279,0.9599999785423279,2000
2020-11-27,0.9599999785423279,0.9599999785423279,0.9599999785423279,0.9599999785423279,0.9599999785423279,0
2020-11-30,0.8799999952316284,0.9599999785423279,0.8799999952316284,0.8899999856948853,0.8899999856948853,6800
2020-12-01,0.8899999856948853,0.8899999856948853,0.8899999856948853,0.8899999856948853,0.8899999856948853,0
2020-12-02,1.1399999856948853,1.149999976158142,1.0449999570846558,1.1200000047683716,1.1200000047683716,2400
2020-12-03,1.1200000047683716,1.1200000047683716,1.1200000047683716,1.1200000047683716,1.1200000047683716,0
2020-12-04,1.2000000476837158,1.3700000047683716,0.949999988079071,0.949999988079071,0.949999988079071,8300
2020-12-07,0.9700000286102295,1.2400000095367432,0.9700000286102295,1.1699999570846558,1.1699999570846558,14600
2020-12-08,1.2400000095367432,1.8899999856948853,1.1549999713897705,1.649999976158142,1.649999976158142,33100
2020-12-09,1.8799999952316284,1.9600000381469727,1.5399999618530273,1.600000023841858,1.600000023841858,34300
2020-12-10,1.399999976158142,3.0199999809265137,1.399999976158142,2.2300000190734863,2.2300000190734863,71900
2020-12-11,2.2100000381469727,2.7100000381469727,1.7699999809265137,1.7699999809265137,1.7699999809265137,46200
2020-12-14,1.5,2.740000009536743,1.0700000524520874,2.2699999809265137,2.2699999809265137,35900
2020-12-15,2.0999999046325684,2.25,1.8600000143051147,1.899999976158142,1.899999976158142,16000
2020-12-16,1.7699999809265137,1.940000057220459,1.75,1.7599999904632568,1.7599999904632568,2900
2020-12-17,1.600000023841858,1.6100000143051147,1.4320000410079956,1.600000023841858,1.600000023841858,23800
2020-12-18,2.0799999237060547,2.0799999237060547,1.5499999523162842,1.5499999523162842,1.5499999523162842,2000
2020-12-21,1.5,1.5099999904632568,1.409999966621399,1.4919999837875366,1.4919999837875366,46800
2020-12-22,1.75,2.0,1.559999942779541,1.7799999713897705,1.7799999713897705,128000
2020-12-23,1.7999999523162842,3.569999933242798,1.7999999523162842,3.569999933242798,3.569999933242798,114500
2020-12-24,3.950000047683716,3.950000047683716,2.2200000286102295,2.700000047683716,2.700000047683716,34600
2020-12-28,3.0,3.3399999141693115,2.509999990463257,3.3399999141693115,3.3399999141693115,35800
2020-12-29,2.4600000381469727,4.309999942779541,2.4600000381469727,3.9100000858306885,3.9100000858306885,21700
2020-12-30,3.069999933242798,4.96999979019165,3.069999933242798,4.550000190734863,4.550000190734863,45800
2020-12-31,4.550000190734863,4.800000190734863,3.359999895095825,4.53000020980835,4.53000020980835,209000
2021-01-04,4.050000190734863,5.0,4.0,5.0,5.0,40100
2021-01-05,4.199999809265137,5.409999847412109,4.199999809265137,5.409999847412109,5.409999847412109,24600
2021-01-06,5.349999904632568,6.920000076293945,5.349999904632568,6.920000076293945,6.920000076293945,12700
2021-01-07,6.75,7.190000057220459,6.389999866485596,6.929999828338623,6.929999828338623,15100
2021-01-08,6.440000057220459,6.5,5.510000228881836,6.0,6.0,13400
2021-01-11,5.619999885559082,6.429999828338623,5.619999885559082,6.429999828338623,6.429999828338623,11300
2021-01-12,5.489999771118164,6.434999942779541,5.460000038146973,6.114999771118164,6.114999771118164,23600
2021-01-13,5.929999828338623,6.429999828338623,5.150000095367432,6.409999847412109,6.409999847412109,11800
2021-01-14,6.449999809265137,6.698999881744385,5.991000175476074,6.5,6.5,36900
2021-01-15,6.21999979019165,6.75,6.21999979019165,6.440000057220459,6.440000057220459,34700
2021-01-19,7.489999771118164,8.899999618530273,6.820000171661377,7.010000228881836,7.010000228881836,7600
2021-01-20,6.900000095367432,6.900000095367432,6.820000171661377,6.900000095367432,6.900000095367432,8300
2021-01-21,5.78000020980835,6.610000133514404,5.510000228881836,6.585000038146973,6.585000038146973,8800
2021-01-22,6.309999942779541,6.579999923706055,4.96999979019165,6.316999912261963,6.316999912261963,9200
2021-01-25,5.570000171661377,6.210000038146973,5.159999847412109,6.0,6.0,16000
2021-01-26,5.099999904632568,5.920000076293945,4.679999828338623,5.010000228881836,5.010000228881836,4400
2021-01-27,4.53000020980835,4.53000020980835,3.184999942779541,3.240000009536743,3.240000009536743,3200
2021-01-28,3.309999942779541,3.6500000953674316,3.2799999713897705,3.549999952316284,3.549999952316284,3500
2021-01-29,3.2790000438690186,3.4100000858306885,3.2790000438690186,3.4000000953674316,3.4000000953674316,2900
2021-02-01,3.9000000953674316,3.940000057220459,1.9500000476837158,3.4800000190734863,3.4800000190734863,3900
2021-02-02,3.4800000190734863,3.4800000190734863,3.4800000190734863,3.4800000190734863,3.4800000190734863,0
2021-02-03,3.5,3.5,2.5399999618530273,3.4830000400543213,3.4830000400543213,4500
2021-02-04,2.799999952316284,3.1500000953674316,2.799999952316284,3.1500000953674316,3.1500000953674316,800
2021-02-05,3.3299999237060547,3.3299999237060547,3.2119998931884766,3.2119998931884766,3.2119998931884766,500
2021-02-08,3.430000066757202,3.5999999046325684,2.950000047683716,3.3499999046325684,3.3499999046325684,5100
2021-02-09,3.3499999046325684,3.3499999046325684,3.3499999046325684,3.3499999046325684,3.3499999046325684,0
2021-02-10,3.049999952316284,3.2100000381469727,3.0,3.2100000381469727,3.2100000381469727,1300
2021-02-11,3.0,3.0,2.9000000953674316,2.9000000953674316,2.9000000953674316,500
2021-02-12,3.0999999046325684,3.0999999046325684,3.0999999046325684,3.0999999046325684,3.0999999046325684,500
2021-02-16,3.0999999046325684,3.0999999046325684,3.0999999046325684,3.0999999046325684,3.0999999046325684,0
2021-02-17,3.0999999046325684,3.0999999046325684,3.0999999046325684,3.0999999046325684,3.0999999046325684,0
2021-02-18,2.809999942779541,2.809999942779541,2.700000047683716,2.7200000286102295,2.7200000286102295,500
2021-02-19,2.7200000286102295,2.7200000286102295,2.7200000286102295,2.7200000286102295,2.7200000286102295,0
2021-02-22,3.0,3.0,2.5999999046325684,2.5999999046325684,2.5999999046325684,900
2021-02-23,2.990000009536743,3.049999952316284,2.609999895095825,3.049999952316284,3.049999952316284,1000
2021-02-24,2.9700000286102295,3.0999999046325684,2.75,2.9800000190734863,2.9800000190734863,2900
2021-02-25,2.7699999809265137,2.7720000743865967,2.759000062942505,2.759000062942505,2.759000062942505,1800
2021-02-26,2.5,2.5,2.5,2.5,2.5,500
2021-03-01,2.359999895095825,3.0199999809265137,2.359999895095825,2.490000009536743,2.490000009536743,6900
2021-03-02,2.5,2.5999999046325684,2.5,2.5999999046325684,2.5999999046325684,400
2021-03-03,2.5399999618530273,2.5980000495910645,2.509999990463257,2.5980000495910645,2.5980000495910645,1200
2021-03-04,2.509999990463257,2.9700000286102295,2.509999990463257,2.7899999618530273,2.7899999618530273,500
2021-03-05,2.5199999809265137,2.5199999809265137,2.509999990463257,2.509999990463257,2.509999990463257,1700
2021-03-08,2.509999990463257,2.509999990463257,1.8600000143051147,1.8600000143051147,1.8600000143051147,9700
2021-03-09,1.9470000267028809,1.9470000267028809,1.753999948501587,1.753999948501587,1.753999948501587,300
2021-03-10,1.6039999723434448,1.9470000267028809,1.6039999723434448,1.9470000267028809,1.9470000267028809,800
2021-03-11,1.940000057220459,1.9500000476837158,1.940000057220459,1.9500000476837158,1.9500000476837158,3400
2021-03-12,1.9500000476837158,2.049999952316284,1.8600000143051147,1.8600000143051147,1.8600000143051147,24600
2021-03-15,2.490000009536743,2.490000009536743,2.0769999027252197,2.0769999027252197,2.0769999027252197,5100
2021-03-16,1.7599999904632568,1.9700000286102295,1.7599999904632568,1.8350000381469727,1.8350000381469727,1000
2021-03-17,2.0799999237060547,2.0799999237060547,1.9500000476837158,1.9500000476837158,1.9500000476837158,800
2021-03-18,1.75,1.75,1.75,1.75,1.75,7600
2021-03-19,1.7599999904632568,1.7599999904632568,1.75,1.75,1.75,300
2021-03-22,3.690000057220459,3.690000057220459,1.6100000143051147,2.7950000762939453,2.7950000762939453,17900
2021-03-23,3.2899999618530273,3.312000036239624,2.25,2.7699999809265137,2.7699999809265137,14800
2021-03-24,2.7899999618530273,2.799999952316284,2.7699999809265137,2.7699999809265137,2.7699999809265137,700
2021-03-25,2.7699999809265137,3.2699999809265137,2.1700000762939453,3.0,3.0,6300
2021-03-26,3.5,3.5,3.0999999046325684,3.0999999046325684,3.0999999046325684,2500
2021-03-29,2.0999999046325684,3.5,2.0999999046325684,3.2799999713897705,3.2799999713897705,5400
2021-03-30,3.200000047683716,3.200000047683716,2.7200000286102295,2.7200000286102295,2.7200000286102295,300
2021-03-31,2.3499999046325684,2.3499999046325684,2.3499999046325684,2.3499999046325684,2.3499999046325684,300
2021-04-01,2.4800000190734863,2.4800000190734863,2.450000047683716,2.450000047683716,2.450000047683716,2600
2021-04-05,2.180000066757202,2.9000000953674316,2.180000066757202,2.2100000381469727,2.2100000381469727,3400
2021-04-06,2.309999942779541,2.3499999046325684,2.1700000762939453,2.200000047683716,2.200000047683716,24800
2021-04-07,2.869999885559082,2.869999885559082,2.1700000762939453,2.4700000286102295,2.4700000286102295,121100
2021-04-08,2.299999952316284,2.4800000190734863,2.299999952316284,2.4800000190734863,2.4800000190734863,400
2021-04-09,2.309999942779541,2.309999942779541,2.309999942779541,2.309999942779541,2.309999942779541,200
2021-04-12,2.3499999046325684,2.3499999046325684,2.3299999237060547,2.3499999046325684,2.3499999046325684,4100
2021-04-13,2.3499999046325684,2.3499999046325684,2.3499999046325684,2.3499999046325684,2.3499999046325684,800
2021-04-14,2.1700000762939453,2.5199999809265137,2.009999990463257,2.509999990463257,2.509999990463257,5800
2021-04-15,2.799999952316284,2.799999952316284,2.75,2.75,2.75,500
2021-04-16,2.3399999141693115,2.440000057220459,2.119999885559082,2.359999895095825,2.359999895095825,8300
2021-04-19,2.4000000953674316,2.4000000953674316,1.8799999952316284,2.25,2.25,6400
2021-04-20,2.0299999713897705,2.1500000953674316,1.899999976158142,2.130000114440918,2.130000114440918,12200
2021-04-21,2.25,2.25,2.200000047683716,2.200000047683716,2.200000047683716,400
2021-04-22,2.430000066757202,2.430000066757202,2.0999999046325684,2.0999999046325684,2.0999999046325684,2600
2021-04-23,1.9700000286102295,2.190999984741211,1.9700000286102295,2.0999999046325684,2.0999999046325684,2300
2021-04-26,2.0999999046325684,2.119999885559082,2.0999999046325684,2.119999885559082,2.119999885559082,400
2021-04-27,2.359999895095825,2.359999895095825,2.1500000953674316,2.1500000953674316,2.1500000953674316,33700
2021-04-28,2.3499999046325684,2.4100000858306885,2.3499999046325684,2.4100000858306885,2.4100000858306885,2400
2021-04-29,2.2799999713897705,2.4200000762939453,2.259999990463257,2.359999895095825,2.359999895095825,20100
2021-04-30,2.180000066757202,2.180000066757202,2.1600000858306885,2.1600000858306885,2.1600000858306885,400
2021-05-03,2.2750000953674316,2.2750000953674316,2.2750000953674316,2.2750000953674316,2.2750000953674316,400
2021-05-04,2.299999952316284,2.3299999237060547,2.2230000495910645,2.2230000495910645,2.2230000495910645,14700
2021-05-05,2.2869999408721924,2.299999952316284,2.25,2.25,2.25,6600
2021-05-06,2.25,2.25,2.25,2.25,2.25,800
2021-05-07,2.240000009536743,2.240000009536743,2.2090001106262207,2.2090001106262207,2.2090001106262207,3500
2021-05-10,2.240000009536743,2.259999990463257,2.0999999046325684,2.1500000953674316,2.1500000953674316,3400
2021-05-11,2.0999999046325684,2.0999999046325684,2.0299999713897705,2.0299999713897705,2.0299999713897705,800
2021-05-12,2.0999999046325684,2.0999999046325684,2.0999999046325684,2.0999999046325684,2.0999999046325684,200
2021-05-13,2.25,2.259999990463257,2.25,2.25,2.25,700
2021-05-14,2.25,2.25,2.25,2.25,2.25,0
2021-05-17,2.174999952316284,2.174999952316284,2.174999952316284,2.174999952316284,2.174999952316284,200
2021-05-18,1.9900000095367432,2.0,1.9900000095367432,2.0,2.0,3100
2021-05-19,2.009999990463257,2.390000104904175,2.009999990463257,2.390000104904175,2.390000104904175,6600
2021-05-20,2.2699999809265137,2.2699999809265137,2.2699999809265137,2.2699999809265137,2.2699999809265137,400
2021-05-21,2.2699999809265137,2.2699999809265137,2.2699999809265137,2.2699999809265137,2.2699999809265137,0
2021-05-24,2.4100000858306885,2.4100000858306885,2.4100000858306885,2.4100000858306885,2.4100000858306885,300
2021-05-25,2.119999885559082,2.1500000953674316,1.9600000381469727,2.119999885559082,2.119999885559082,7600
2021-05-26,2.1600000858306885,2.1600000858306885,2.1600000858306885,2.1600000858306885,2.1600000858306885,100
2021-05-27,2.1500000953674316,2.200000047683716,2.1500000953674316,2.180000066757202,2.180000066757202,1000
2021-05-28,2.25,2.690000057220459,2.25,2.5,2.5,6700
2021-06-01,2.25,2.380000114440918,2.25,2.2699999809265137,2.2699999809265137,2700
2021-06-02,2.2260000705718994,2.549999952316284,2.2260000705718994,2.450000047683716,2.450000047683716,8200
2021-06-03,2.450000047683716,2.6600000858306885,2.1600000858306885,2.549999952316284,2.549999952316284,7400
2021-06-04,2.5,2.700000047683716,2.5,2.700000047683716,2.700000047683716,2200
2021-06-07,2.7899999618530273,2.7899999618530273,2.4100000858306885,2.4200000762939453,2.4200000762939453,1600
2021-06-08,2.6500000953674316,2.6500000953674316,2.369999885559082,2.369999885559082,2.369999885559082,1500
2021-06-09,2.450000047683716,2.4600000381469727,2.450000047683716,2.4600000381469727,2.4600000381469727,500
2021-06-10,2.4600000381469727,2.4600000381469727,2.4600000381469727,2.4600000381469727,2.4600000381469727,200
2021-06-11,2.5299999713897705,2.5299999713897705,2.5299999713897705,2.5299999713897705,2.5299999713897705,900
2021-06-14,2.5299999713897705,2.5299999713897705,2.5299999713897705,2.5299999713897705,2.5299999713897705,0
2021-06-15,2.75,2.75,2.75,2.75,2.75,300
2021-06-16,2.75,2.75,2.75,2.75,2.75,0
2021-06-17,2.75,2.75,2.75,2.75,2.75,0
2021-06-18,2.609999895095825,2.684999942779541,2.5999999046325684,2.5999999046325684,2.5999999046325684,1300
2021-06-21,2.430000066757202,2.559999942779541,2.430000066757202,2.509999990463257,2.509999990463257,5400
2021-06-22,2.509999990463257,2.509999990463257,2.509999990463257,2.509999990463257,2.509999990463257,0
2021-06-23,2.7039999961853027,2.7039999961853027,2.7039999961853027,2.7039999961853027,2.7039999961853027,500
2021-06-24,2.7699999809265137,3.0799999237060547,2.7699999809265137,2.890000104904175,2.890000104904175,2600
2021-06-25,2.9100000858306885,3.007999897003174,2.5,2.75,2.75,19000
2021-06-28,2.5199999809265137,2.7200000286102295,2.5199999809265137,2.6600000858306885,2.6600000858306885,2100
2021-06-29,2.549999952316284,2.569999933242798,2.549999952316284,2.559999942779541,2.559999942779541,1200
2021-06-30,2.549999952316284,2.609999895095825,2.51200008392334,2.51200008392334,2.51200008392334,800
2021-07-01,2.700000047683716,2.890000104904175,2.6449999809265137,2.880000114440918,2.880000114440918,6200
2021-07-02,2.7130000591278076,3.0199999809265137,2.7130000591278076,3.0199999809265137,3.0199999809265137,2700
2021-07-06,3.0199999809265137,3.0199999809265137,3.0199999809265137,3.0199999809265137,3.0199999809265137,0
2021-07-07,3.0199999809265137,3.0199999809265137,3.0199999809265137,3.0199999809265137,3.0199999809265137,0
2021-07-08,3.0199999809265137,3.0199999809265137,3.0199999809265137,3.0199999809265137,3.0199999809265137,0
2021-07-09,2.8499999046325684,2.8499999046325684,2.803999900817871,2.803999900817871,2.803999900817871,200
2021-07-12,2.803999900817871,2.803999900817871,2.803999900817871,2.803999900817871,2.803999900817871,0
2021-07-13,2.803999900817871,2.803999900817871,2.803999900817871,2.803999900817871,2.803999900817871,0
2021-07-14,2.803999900817871,2.803999900817871,2.803999900817871,2.803999900817871,2.803999900817871,0
2021-07-15,2.803999900817871,2.803999900817871,2.803999900817871,2.803999900817871,2.803999900817871,0
2021-07-16,2.609999895095825,2.6500000953674316,2.490000009536743,2.490000009536743,2.490000009536743,7800
2021-07-19,2.2300000190734863,2.359999895095825,2.2300000190734863,2.3499999046325684,2.3499999046325684,1000
2021-07-20,2.309999942779541,2.6500000953674316,2.309999942779541,2.6500000953674316,2.6500000953674316,700
2021-07-21,2.6500000953674316,2.6500000953674316,2.6500000953674316,2.6500000953674316,2.6500000953674316,0
2021-07-22,2.6500000953674316,2.6500000953674316,2.6500000953674316,2.6500000953674316,2.6500000953674316,100
2021-07-23,2.6500000953674316,2.6500000953674316,2.6500000953674316,2.6500000953674316,2.6500000953674316,0
2021-07-26,2.5,2.5,2.5,2.5,2.5,4400
2021-07-27,2.5,2.5,2.5,2.5,2.5,2100
2021-07-28,2.490000009536743,2.5399999618530273,2.4670000076293945,2.5399999618530273,2.5399999618530273,9600
2021-07-29,2.5399999618530273,2.5399999618530273,2.5399999618530273,2.5399999618530273,2.5399999618530273,0
2021-07-30,2.490000009536743,2.5399999618530273,2.490000009536743,2.509999990463257,2.509999990463257,1200
2021-08-02,2.5,2.549999952316284,2.4700000286102295,2.503000020980835,2.503000020980835,20100
2021-08-03,2.5199999809265137,2.5199999809265137,2.490000009536743,2.490000009536743,2.490000009536743,2600
2021-08-04,2.490000009536743,2.490000009536743,2.490000009536743,2.490000009536743,2.490000009536743,0
2021-08-05,2.490000009536743,2.490000009536743,2.490000009536743,2.490000009536743,2.490000009536743,0
2021-08-06,2.549999952316284,2.549999952316284,2.509999990463257,2.5399999618530273,2.5399999618530273,4800
2021-08-09,2.9100000858306885,2.9100000858306885,2.4200000762939453,2.450000047683716,2.450000047683716,400
2021-08-10,2.509999990463257,2.509999990463257,2.4649999141693115,2.5,2.5,3600
2021-08-11,2.440000057220459,2.440000057220459,2.430000066757202,2.430000066757202,2.430000066757202,200
2021-08-12,2.430000066757202,2.430000066757202,2.430000066757202,2.430000066757202,2.430000066757202,0
2021-08-13,2.430000066757202,2.430000066757202,2.430000066757202,2.430000066757202,2.430000066757202,0
2021-08-16,2.430000066757202,2.430000066757202,2.430000066757202,2.430000066757202,2.430000066757202,0
2021-08-17,2.390000104904175,2.390000104904175,1.875,1.996000051498413,1.996000051498413,6100
2021-08-18,2.059999942779541,2.069999933242798,2.059999942779541,2.059999942779541,2.059999942779541,2400
2021-08-19,2.0299999713897705,2.049999952316284,2.0299999713897705,2.0299999713897705,2.0299999713897705,3100
2021-08-20,2.0299999713897705,2.0299999713897705,2.0299999713897705,2.0299999713897705,2.0299999713897705,0
2021-08-23,2.390000104904175,2.619999885559082,2.059999942779541,2.1740000247955322,2.1740000247955322,9700
2021-08-24,2.1740000247955322,2.1740000247955322,2.1740000247955322,2.1740000247955322,2.1740000247955322,0
2021-08-25,2.1740000247955322,2.1740000247955322,2.1740000247955322,2.1740000247955322,2.1740000247955322,0
2021-08-26,2.1740000247955322,2.1740000247955322,2.1740000247955322,2.1740000247955322,2.1740000247955322,0
2021-08-27,2.1740000247955322,2.1740000247955322,2.1740000247955322,2.1740000247955322,2.1740000247955322,0
2021-08-30,2.1500000953674316,2.1500000953674316,2.140000104904175,2.140000104904175,2.140000104904175,200
2021-08-31,2.140000104904175,2.140000104904175,2.140000104904175,2.140000104904175,2.140000104904175,0
2021-09-01,2.0799999237060547,2.109999895095825,2.0,2.0,2.0,2000
2021-09-02,2.0799999237060547,2.0940001010894775,2.0799999237060547,2.0940001010894775,2.0940001010894775,2400
2021-09-03,2.0940001010894775,2.0940001010894775,2.0940001010894775,2.0940001010894775,2.0940001010894775,0
2021-09-07,2.140000104904175,2.140000104904175,2.140000104904175,2.140000104904175,2.140000104904175,100
2021-09-08,2.0899999141693115,2.0929999351501465,2.0899999141693115,2.0929999351501465,2.0929999351501465,4100
2021-09-09,2.0929999351501465,2.0929999351501465,2.0929999351501465,2.0929999351501465,2.0929999351501465,0
2021-09-10,2.0929999351501465,2.0929999351501465,2.0929999351501465,2.0929999351501465,2.0929999351501465,0
2021-09-13,2.0929999351501465,2.0929999351501465,2.0929999351501465,2.0929999351501465,2.0929999351501465,0
2021-09-14,2.0929999351501465,2.0929999351501465,2.0929999351501465,2.0929999351501465,2.0929999351501465,0
2021-09-15,2.0929999351501465,2.0929999351501465,2.0929999351501465,2.0929999351501465,2.0929999351501465,0
2021-09-16,2.0929999351501465,2.0929999351501465,2.0929999351501465,2.0929999351501465,2.0929999351501465,0
2021-09-17,2.0999999046325684,2.0999999046325684,2.0999999046325684,2.0999999046325684,2.0999999046325684,100
2021-09-20,2.0999999046325684,2.109999895095825,2.0999999046325684,2.109999895095825,2.109999895095825,4400
2021-09-21,2.2100000381469727,2.2100000381469727,2.2100000381469727,2.2100000381469727,2.2100000381469727,100
2021-09-22,2.119999885559082,2.119999885559082,2.109999895095825,2.119999885559082,2.119999885559082,600
2021-09-23,2.2300000190734863,2.2300000190734863,2.2300000190734863,2.2300000190734863,2.2300000190734863,200
2021-09-24,2.1500000953674316,2.299999952316284,2.119999885559082,2.25,2.25,1500
2021-09-27,2.25,2.25,2.25,2.25,2.25,0
2021-09-28,2.109999895095825,2.109999895095825,2.109999895095825,2.109999895095825,2.109999895095825,500
2021-09-29,2.109999895095825,2.109999895095825,2.109999895095825,2.109999895095825,2.109999895095825,0
2021-09-30,2.109999895095825,2.109999895095825,2.109999895095825,2.109999895095825,2.109999895095825,0
2021-10-01,2.130000114440918,2.130000114440918,2.119999885559082,2.130000114440918,2.130000114440918,600
2021-10-04,2.309999942779541,2.4800000190734863,2.109999895095825,2.4800000190734863,2.4800000190734863,14900
2021-10-05,2.5399999618530273,2.75,2.5,2.509999990463257,2.509999990463257,127000
2021-10-06,2.5,2.509999990463257,2.5,2.509999990463257,2.509999990463257,3200
2021-10-07,2.740000009536743,2.7869999408721924,2.7300000190734863,2.740000009536743,2.740000009536743,2200
2021-10-08,2.5299999713897705,2.5299999713897705,2.5299999713897705,2.5299999713897705,2.5299999713897705,200
2021-10-11,2.890000104904175,3.059999942779541,2.8499999046325684,2.940000057220459,2.940000057220459,29800
2021-10-12,2.7249999046325684,2.7249999046325684,2.5299999713897705,2.5399999618530273,2.5399999618530273,2800
2021-10-13,2.5399999618530273,2.5399999618530273,2.5399999618530273,2.5399999618530273,2.5399999618530273,0
2021-10-14,2.9600000381469727,2.9800000190734863,2.9600000381469727,2.9800000190734863,2.9800000190734863,1400
2021-10-15,2.569999933242798,3.1500000953674316,2.569999933242798,3.1500000953674316,3.1500000953674316,4900
2021-10-18,3.259999990463257,3.259999990463257,3.125,3.184999942779541,3.184999942779541,2100
2021-10-19,2.690000057220459,2.690000057220459,2.690000057220459,2.690000057220459,2.690000057220459,100
2021-10-20,2.5299999713897705,2.700000047683716,2.5299999713897705,2.700000047683716,2.700000047683716,800
2021-10-21,2.5,2.5,2.4000000953674316,2.4000000953674316,2.4000000953674316,2800
2021-10-22,3.4000000953674316,3.4000000953674316,2.690000057220459,2.759999990463257,2.759999990463257,2200
2021-10-25,3.25,3.3399999141693115,3.25,3.2899999618530273,3.2899999618530273,2400
2021-10-26,3.4200000762939453,3.4200000762939453,3.319999933242798,3.319999933242798,3.319999933242798,1500
2021-10-27,3.319999933242798,3.319999933242798,3.319999933242798,3.319999933242798,3.319999933242798,0
2021-10-28,3.6500000953674316,4.019999980926514,3.4749999046325684,3.940000057220459,3.940000057220459,5200
2021-10-29,3.890000104904175,3.9749999046325684,3.890000104904175,3.9749999046325684,3.9749999046325684,3300
2021-11-01,4.335000038146973,4.699999809265137,4.239999771118164,4.5,4.5,14400
2021-11-02,4.510000228881836,4.51200008392334,4.210000038146973,4.210000038146973,4.210000038146973,1300
2021-11-03,4.210000038146973,4.210000038146973,4.210000038146973,4.210000038146973,4.210000038146973,0
2021-11-04,4.210000038146973,4.590000152587891,3.9100000858306885,3.9100000858306885,3.9100000858306885,5400
2021-11-05,4.230000019073486,4.360000133514404,4.0,4.0,4.0,4400
2021-11-08,4.5,4.5,4.5,4.5,4.5,200
2021-11-09,4.550000190734863,4.550000190734863,4.539999961853027,4.539999961853027,4.539999961853027,600
2021-11-10,4.050000190734863,4.050000190734863,4.050000190734863,4.050000190734863,4.050000190734863,400
2021-11-11,4.28000020980835,4.590000152587891,3.9159998893737793,4.5,4.5,21700
2021-11-12,4.46999979019165,4.510000228881836,4.442999839782715,4.5,4.5,16600
2021-11-15,4.800000190734863,5.0,4.235000133514404,5.0,5.0,48400
2021-11-16,5.0,5.0,4.760000228881836,5.0,5.0,24500
2021-11-17,5.0,5.010000228881836,4.75,5.0,5.0,15300
2021-11-18,4.835000038146973,5.150000095367432,4.835000038146973,5.0,5.0,4900
2021-11-19,4.5,4.679999828338623,4.449999809265137,4.5,4.5,12300
2021-11-22,4.210000038146973,4.449999809265137,4.110000133514404,4.449999809265137,4.449999809265137,7100
2021-11-23,4.510000228881836,4.510000228881836,4.510000228881836,4.510000228881836,4.510000228881836,100
2021-11-24,4.510000228881836,4.510000228881836,4.510000228881836,4.510000228881836,4.510000228881836,0
2021-11-26,4.5,4.5,4.389999866485596,4.5,4.5,2700
2021-11-29,4.5,4.5,4.5,4.5,4.5,0
2021-11-30,4.434000015258789,4.489999771118164,4.420000076293945,4.489999771118164,4.489999771118164,2500
2021-12-01,4.510000228881836,4.559999942779541,4.5,4.5,4.5,4500
2021-12-02,4.5,4.5,4.445000171661377,4.5,4.5,3400
2021-12-03,4.53000020980835,4.570000171661377,4.5,4.510000228881836,4.510000228881836,6000
2021-12-06,4.510000228881836,4.510000228881836,4.510000228881836,4.510000228881836,4.510000228881836,400
2021-12-07,5.199999809265137,5.199999809265137,5.099999904632568,5.105000019073486,5.105000019073486,800
2021-12-08,4.239999771118164,5.091000080108643,4.239999771118164,4.940000057220459,4.940000057220459,300
2021-12-09,4.940000057220459,4.940000057220459,4.940000057220459,4.940000057220459,4.940000057220459,0
2021-12-10,4.940000057220459,4.940000057220459,4.940000057220459,4.940000057220459,4.940000057220459,0
2021-12-13,4.579999923706055,4.579999923706055,4.230000019073486,4.480000019073486,4.480000019073486,2600
2021-12-14,4.25,4.25,4.25,4.25,4.25,400
2021-12-15,4.730000019073486,4.730000019073486,4.730000019073486,4.730000019073486,4.730000019073486,100
2021-12-16,4.730000019073486,4.730000019073486,4.730000019073486,4.730000019073486,4.730000019073486,0
2021-12-17,4.730000019073486,4.730000019073486,4.730000019073486,4.730000019073486,4.730000019073486,0
2021-12-20,4.730000019073486,4.730000019073486,4.730000019073486,4.730000019073486,4.730000019073486,0
2021-12-21,4.730000019073486,4.730000019073486,4.730000019073486,4.730000019073486,4.730000019073486,0
2021-12-22,4.730000019073486,4.730000019073486,4.730000019073486,4.730000019073486,4.730000019073486,0
2021-12-23,4.730000019073486,4.730000019073486,4.730000019073486,4.730000019073486,4.730000019073486,0
2021-12-27,4.980000019073486,5.630000114440918,4.980000019073486,5.599999904632568,5.599999904632568,3900
2021-12-28,6.23199987411499,6.23199987411499,6.23199987411499,6.23199987411499,6.23199987411499,200
2021-12-29,5.420000076293945,6.0,5.420000076293945,6.0,6.0,500
2021-12-30,5.849999904632568,5.860000133514404,5.800000190734863,5.860000133514404,5.860000133514404,1100
2021-12-31,5.380000114440918,5.380000114440918,5.190000057220459,5.199999809265137,5.199999809265137,2200
2022-01-03,5.199999809265137,5.199999809265137,5.199999809265137,5.199999809265137,5.199999809265137,0
2022-01-04,6.25,6.579999923706055,6.25,6.5269999504089355,6.5269999504089355,3400
2022-01-05,6.519999980926514,6.519999980926514,6.519999980926514,6.519999980926514,6.519999980926514,1400
2022-01-06,6.789999961853027,7.0,6.789999961853027,7.0,7.0,400
2022-01-07,7.0,8.0,7.0,7.03000020980835,7.03000020980835,1700
2022-01-10,6.570000171661377,6.570000171661377,6.570000171661377,6.570000171661377,6.570000171661377,200
2022-01-11,6.946000099182129,6.946000099182129,6.946000099182129,6.946000099182129,6.946000099182129,600
2022-01-12,6.929999828338623,6.929999828338623,6.75,6.75,6.75,400
2022-01-13,6.75,6.75,6.75,6.75,6.75,0
2022-01-14,7.610000133514404,7.670000076293945,7.559999942779541,7.60699987411499,7.60699987411499,3200
2022-01-18,7.179999828338623,7.349999904632568,7.179999828338623,7.349999904632568,7.349999904632568,1900
2022-01-19,7.309999942779541,7.349999904632568,7.309999942779541,7.349999904632568,7.349999904632568,2900
2022-01-20,7.454999923706055,7.474999904632568,7.454999923706055,7.474999904632568,7.474999904632568,1300
2022-01-21,7.474999904632568,7.474999904632568,7.474999904632568,7.474999904632568,7.474999904632568,0
2022-01-24,7.480000019073486,8.180000305175781,7.159999847412109,7.159999847412109,7.159999847412109,4100
2022-01-25,7.190000057220459,7.199999809265137,7.159999847412109,7.199999809265137,7.199999809265137,800
2022-01-26,8.09000015258789,8.09000015258789,8.09000015258789,8.09000015258789,8.09000015258789,400
2022-01-27,7.875,7.875,7.630000114440918,7.630000114440918,7.630000114440918,800
2022-01-28,7.510000228881836,7.848999977111816,7.389999866485596,7.389999866485596,7.389999866485596,4900
2022-01-31,7.389999866485596,7.389999866485596,7.389999866485596,7.389999866485596,7.389999866485596,0
2022-02-01,7.389999866485596,7.389999866485596,7.389999866485596,7.389999866485596,7.389999866485596,0
2022-02-02,7.050000190734863,7.550000190734863,7.03000020980835,7.5329999923706055,7.5329999923706055,800
2022-02-03,7.545000076293945,7.545000076293945,7.0,7.239999771118164,7.239999771118164,1200
2022-02-04,7.5,7.5,7.5,7.5,7.5,200
2022-02-07,7.5,7.5,7.5,7.5,7.5,0
2022-02-08,7.5,7.5,7.5,7.5,7.5,0
2022-02-09,8.09000015258789,8.09000015258789,7.949999809265137,7.989999771118164,7.989999771118164,1400
2022-02-10,8.0,8.65999984741211,8.0,8.579999923706055,8.579999923706055,11000
2022-02-11,8.75,8.817999839782715,8.380000114440918,8.380000114440918,8.380000114440918,4000
2022-02-14,8.829999923706055,9.345000267028809,8.800000190734863,9.100000381469727,9.100000381469727,1500
2022-02-15,9.100000381469727,9.100000381469727,9.100000381469727,9.100000381469727,9.100000381469727,0
2022-02-16,9.119999885559082,9.119999885559082,9.119999885559082,9.119999885559082,9.119999885559082,100
2022-02-17,8.539999961853027,8.539999961853027,8.149999618530273,8.149999618530273,8.149999618530273,3100
2022-02-18,8.479999542236328,8.59000015258789,8.25,8.59000015258789,8.59000015258789,2400
2022-02-22,8.875,8.875,8.65999984741211,8.65999984741211,8.65999984741211,1900
2022-02-23,9.25,9.319999694824219,8.399999618530273,8.5,8.5,13000
2022-02-24,8.75,9.600000381469727,8.75,9.489999771118164,9.489999771118164,7000
2022-02-25,9.760000228881836,10.390000343322754,9.760000228881836,10.010000228881836,10.010000228881836,14100
2022-02-28,10.4399995803833,10.739999771118164,10.390000343322754,10.390000343322754,10.390000343322754,6600
2022-03-01,11.140000343322754,11.140000343322754,9.170000076293945,9.970000267028809,9.970000267028809,3500
2022-03-02,10.210000038146973,10.210000038146973,9.819999694824219,9.819999694824219,9.819999694824219,600
2022-03-03,10.489999771118164,10.5,10.0,10.010000228881836,10.010000228881836,8700
2022-03-04,10.300000190734863,10.770000457763672,10.300000190734863,10.460000038146973,10.460000038146973,2100
2022-03-07,10.75,13.350000381469727,10.75,11.84000015258789,11.84000015258789,37600
2022-03-08,13.109999656677246,13.539999961853027,12.010000228881836,13.539999961853027,13.539999961853027,45100
2022-03-09,12.59000015258789,13.0,11.300000190734863,11.899999618530273,11.899999618530273,7300
2022-03-10,11.619999885559082,11.619999885559082,11.069999694824219,11.5,11.5,16100
2022-03-11,11.170000076293945,11.170000076293945,10.399999618530273,10.420000076293945,10.420000076293945,5500
2022-03-14,10.8100004196167,11.824999809265137,10.5,11.013999938964844,11.013999938964844,3100
2022-03-15,10.5,10.609999656677246,10.199999809265137,10.199999809265137,10.199999809265137,700
2022-03-16,10.25,10.300000190734863,10.25,10.300000190734863,10.300000190734863,2500
2022-03-17,10.020000457763672,10.199999809265137,10.0,10.151000022888184,10.151000022888184,13800
2022-03-18,10.708000183105469,10.708000183105469,10.708000183105469,10.708000183105469,10.708000183105469,100
2022-03-21,12.0,12.0,12.0,12.0,12.0,1500
2022-03-22,12.6899995803833,12.6899995803833,12.6899995803833,12.6899995803833,12.6899995803833,900
2022-03-23,13.0600004196167,14.0,13.0600004196167,14.0,14.0,2000
2022-03-24,14.0,14.0,11.5,11.5,11.5,4000
2022-03-25,11.5,11.5,11.5,11.5,11.5,100
2022-03-28,11.5,11.5,11.5,11.5,11.5,0
2022-03-29,12.5,12.5,11.5,12.0,12.0,1400
2022-03-30,12.0,12.0,11.895999908447266,12.0,12.0,5900
2022-03-31,12.005000114440918,12.460000038146973,12.005000114440918,12.25,12.25,1900
2022-04-01,12.5,12.5,12.5,12.5,12.5,200
2022-04-04,12.5,12.5,12.5,12.5,12.5,1000
2022-04-05,12.5,12.5,12.4399995803833,12.4399995803833,12.4399995803833,400
2022-04-06,12.4399995803833,12.4399995803833,12.4399995803833,12.4399995803833,12.4399995803833,0
2022-04-07,11.821000099182129,11.821000099182129,11.821000099182129,11.821000099182129,11.821000099182129,600
2022-04-08,11.520000457763672,11.520000457763672,11.5,11.5,11.5,1000
2022-04-11,11.5,11.5,11.5,11.5,11.5,0
2022-04-12,12.25,12.25,11.520000457763672,11.520000457763672,11.520000457763672,900
2022-04-13,14.0,18.70599937438965,14.0,17.166000366210938,17.166000366210938,81000
2022-04-14,17.399999618530273,22.989999771118164,17.399999618530273,18.989999771118164,18.989999771118164,152400
2022-04-18,18.25,22.06999969482422,18.25,21.469999313354492,21.469999313354492,29800
2022-04-19,21.290000915527344,21.709999084472656,20.309999465942383,21.170000076293945,21.170000076293945,41600
2022-04-20,21.1299991607666,22.625,21.1299991607666,21.31999969482422,21.31999969482422,23200
2022-04-21,21.0,23.280000686645508,20.299999237060547,21.700000762939453,21.700000762939453,37000
2022-04-22,22.389999389648438,26.43000030517578,21.360000610351562,25.90999984741211,25.90999984741211,84500
2022-04-25,22.420000076293945,23.110000610351562,17.450000762939453,22.59000015258789,22.59000015258789,40900
2022-04-26,21.450000762939453,21.450000762939453,18.56999969482422,18.610000610351562,18.610000610351562,7500
2022-04-27,18.190000534057617,20.579999923706055,18.0,19.889999389648438,19.889999389648438,4800
2022-04-28,21.538999557495117,22.809999465942383,18.18000030517578,18.670000076293945,18.670000076293945,3800
2022-04-29,18.3799991607666,18.3799991607666,15.729999542236328,16.260000228881836,16.260000228881836,12000
2022-05-02,17.079999923706055,17.6299991607666,15.65999984741211,16.0,16.0,5600
2022-05-03,17.600000381469727,18.045000076293945,17.46500015258789,17.610000610351562,17.610000610351562,1700
2022-05-04,17.799999237060547,19.110000610351562,17.5,19.110000610351562,19.110000610351562,7900
2022-05-05,20.0,20.0,18.440000534057617,19.100000381469727,19.100000381469727,4500
2022-05-06,18.989999771118164,18.989999771118164,18.989999771118164,18.989999771118164,18.989999771118164,400
2022-05-09,17.100000381469727,17.100000381469727,15.75,15.75,15.75,11500
2022-05-10,15.800000190734863,15.800000190734863,15.5,15.5,15.5,1300
2022-05-11,17.740999221801758,18.5,17.740999221801758,17.889999389648438,17.889999389648438,800
2022-05-12,17.75,18.0,17.75,18.0,18.0,700
2022-05-13,18.700000762939453,19.260000228881836,18.6299991607666,19.260000228881836,19.260000228881836,10300
2022-05-16,20.020000457763672,22.31999969482422,20.020000457763672,21.969999313354492,21.969999313354492,3600
2022-05-17,16.959999084472656,19.600000381469727,15.100000381469727,17.950000762939453,17.950000762939453,21300
2022-05-18,17.520000457763672,17.57900047302246,15.850000381469727,15.850000381469727,15.850000381469727,10600
2022-05-19,16.0,16.0,15.871999740600586,15.871999740600586,15.871999740600586,1500
2022-05-20,15.84000015258789,15.899999618530273,14.949999809265137,14.949999809265137,14.949999809265137,1700
2022-05-23,16.75,16.75,16.493000030517578,16.493000030517578,16.493000030517578,1100
2022-05-24,16.5,17.110000610351562,16.5,17.06800079345703,17.06800079345703,3400
2022-05-25,18.645999908447266,20.256000518798828,18.5,20.0,20.0,10900
2022-05-26,20.5,20.5,19.020000457763672,20.0,20.0,1700
2022-05-27,19.5,21.0,19.5,20.989999771118164,20.989999771118164,1800
2022-05-31,21.0,21.520000457763672,20.239999771118164,20.3799991607666,20.3799991607666,6700
2022-06-01,22.0,23.770000457763672,21.40999984741211,23.3700008392334,23.3700008392334,25000
2022-06-02,21.829999923706055,21.829999923706055,21.829999923706055,21.829999923706055,21.829999923706055,600
2022-06-03,23.06999969482422,24.3799991607666,23.06999969482422,24.3799991607666,24.3799991607666,1400
2022-06-06,23.309999465942383,23.309999465942383,20.549999237060547,20.700000762939453,20.700000762939453,1500
2022-06-07,20.90999984741211,23.25,20.90999984741211,23.15999984741211,23.15999984741211,2600
2022-06-08,25.549999237060547,25.549999237060547,24.559999465942383,25.0,25.0,4200
2022-06-09,24.030000686645508,25.350000381469727,24.0,25.260000228881836,25.260000228881836,3200
2022-06-10,24.8799991607666,24.8799991607666,23.079999923706055,23.079999923706055,23.079999923706055,900
2022-06-13,20.0,20.1299991607666,20.0,20.1299991607666,20.1299991607666,2200
2022-06-14,20.1299991607666,20.1299991607666,20.1299991607666,20.1299991607666,20.1299991607666,0
2022-06-15,20.0,20.0,19.850000381469727,19.96299934387207,19.96299934387207,8000
2022-06-16,19.719999313354492,19.719999313354492,19.670000076293945,19.670000076293945,19.670000076293945,500
2022-06-17,17.0,17.5,16.5,16.5,16.5,2900
2022-06-21,18.65999984741211,18.860000610351562,18.56999969482422,18.59000015258789,18.59000015258789,1400
2022-06-22,18.100000381469727,18.100000381469727,16.489999771118164,16.489999771118164,16.489999771118164,1000
2022-06-23,16.579999923706055,16.579999923706055,15.0,15.100000381469727,15.100000381469727,7400
2022-06-24,15.25,15.420000076293945,15.25,15.300000190734863,15.300000190734863,1300
2022-06-27,15.300000190734863,15.300000190734863,15.300000190734863,15.300000190734863,15.300000190734863,0
2022-06-28,18.93000030517578,18.93000030517578,18.0,18.0,18.0,400
2022-06-29,18.0,18.0,18.0,18.0,18.0,0
2022-06-30,16.329999923706055,16.329999923706055,16.329999923706055,16.329999923706055,16.329999923706055,100
2022-07-01,14.680000305175781,14.75,13.993000030517578,13.993000030517578,13.993000030517578,1100
2022-07-05,15.020000457763672,15.020000457763672,15.0,15.0,15.0,400
2022-07-06,13.75,13.789999961853027,12.265000343322754,12.618000030517578,12.618000030517578,16400
2022-07-07,13.800000190734863,14.125,13.75,14.125,14.125,700
2022-07-08,13.399999618530273,13.399999618530273,13.0,13.199999809265137,13.199999809265137,1300
2022-07-11,13.199999809265137,13.199999809265137,13.199999809265137,13.199999809265137,13.199999809265137,0
2022-07-12,12.75,12.75,12.600000381469727,12.600000381469727,12.600000381469727,600
2022-07-13,12.600000381469727,12.600000381469727,12.600000381469727,12.600000381469727,12.600000381469727,0
2022-07-14,12.5,12.520000457763672,11.300000190734863,11.300000190734863,11.300000190734863,8700
2022-07-15,11.300000190734863,11.300000190734863,11.300000190734863,11.300000190734863,11.300000190734863,0
2022-07-18,11.300000190734863,11.300000190734863,11.300000190734863,11.300000190734863,11.300000190734863,0
2022-07-19,11.300000190734863,11.300000190734863,11.300000190734863,11.300000190734863,11.300000190734863,0
2022-07-20,12.345000267028809,12.649999618530273,12.345000267028809,12.649999618530273,12.649999618530273,500
2022-07-21,12.300000190734863,12.300000190734863,12.274999618530273,12.289999961853027,12.289999961853027,5500
2022-07-22,12.0,12.0,12.0,12.0,12.0,1200
2022-07-25,13.529999732971191,13.529999732971191,13.529999732971191,13.529999732971191,13.529999732971191,100
2022-07-26,13.529999732971191,13.529999732971191,13.529999732971191,13.529999732971191,13.529999732971191,0
2022-07-27,13.5,14.097999572753906,13.5,14.097999572753906,14.097999572753906,600
2022-07-28,13.600000381469727,13.600000381469727,13.600000381469727,13.600000381469727,13.600000381469727,200
2022-07-29,14.265000343322754,14.265000343322754,14.265000343322754,14.265000343322754,14.265000343322754,100
2022-08-01,13.0,13.0,12.0,12.470000267028809,12.470000267028809,1700
2022-08-02,12.0,12.0,12.0,12.0,12.0,100
2022-08-03,12.0,12.0,11.949999809265137,11.949999809265137,11.949999809265137,2600
2022-08-04,10.710000038146973,11.100000381469727,10.399999618530273,11.010000228881836,11.010000228881836,1000
2022-08-05,11.010000228881836,11.010000228881836,11.010000228881836,11.010000228881836,11.010000228881836,0
2022-08-08,11.010000228881836,11.010000228881836,11.010000228881836,11.010000228881836,11.010000228881836,0
2022-08-09,11.539999961853027,12.149999618530273,11.5,11.5,11.5,3000
2022-08-10,11.520000457763672,11.520000457763672,11.0,11.25,11.25,1300
2022-08-11,11.5,14.859999656677246,11.199999809265137,11.75,11.75,5200
2022-08-12,11.199999809265137,14.760000228881836,11.199999809265137,12.550000190734863,12.550000190734863,6800
2022-08-15,11.5,14.15999984741211,11.3149995803833,11.899999618530273,11.899999618530273,7600
2022-08-16,11.90999984741211,12.300000190734863,9.800000190734863,10.520000457763672,10.520000457763672,6700
2022-08-17,9.899999618530273,11.520000457763672,9.640000343322754,10.75,10.75,22800
2022-08-18,11.239999771118164,14.90999984741211,11.239999771118164,12.75,12.75,10400
2022-08-19,11.989999771118164,14.3100004196167,11.739999771118164,12.989999771118164,12.989999771118164,11100
2022-08-22,12.050000190734863,14.40999984741211,12.0,12.029999732971191,12.029999732971191,9300
2022-08-23,11.979999542236328,13.390000343322754,11.869999885559082,13.0,13.0,20600
2022-08-24,13.880000114440918,16.0,12.859999656677246,14.050000190734863,14.050000190734863,5200
2022-08-25,15.020000457763672,17.0,15.020000457763672,17.0,17.0,22900
2022-08-26,16.520000457763672,17.219999313354492,15.949999809265137,17.030000686645508,17.030000686645508,2600
2022-08-29,18.059999465942383,18.190000534057617,17.850000381469727,18.149999618530273,18.149999618530273,2300
2022-08-30,17.5,17.5,15.270000457763672,16.110000610351562,16.110000610351562,3300
2022-08-31,16.110000610351562,16.110000610351562,16.110000610351562,16.110000610351562,16.110000610351562,0
2022-09-01,14.34000015258789,14.5600004196167,14.220000267028809,14.5600004196167,14.5600004196167,2200
2022-09-02,14.649999618530273,16.06999969482422,14.539999961853027,15.449999809265137,15.449999809265137,1500
2022-09-06,15.420000076293945,15.869999885559082,15.350000381469727,15.350000381469727,15.350000381469727,2200
2022-09-07,15.350000381469727,15.350000381469727,15.350000381469727,15.350000381469727,15.350000381469727,300
2022-09-08,14.4399995803833,14.729999542236328,14.4399995803833,14.729999542236328,14.729999542236328,400
2022-09-09,16.299999237060547,16.299999237060547,15.65999984741211,15.699999809265137,15.699999809265137,1400
2022-09-12,16.299999237060547,16.399999618530273,16.299999237060547,16.399999618530273,16.399999618530273,200
2022-09-13,16.399999618530273,16.399999618530273,16.399999618530273,16.399999618530273,16.399999618530273,0
2022-09-14,16.950000762939453,19.5,16.950000762939453,19.5,19.5,2500
2022-09-15,19.5,19.5,19.5,19.5,19.5,0
2022-09-16,14.130000114440918,14.619999885559082,13.699999809265137,13.699999809265137,13.699999809265137,2800
2022-09-19,13.649999618530273,13.649999618530273,13.300000190734863,13.600000381469727,13.600000381469727,1400
2022-09-20,13.5,13.5,13.0,13.0,13.0,6400
2022-09-21,14.0,14.050000190734863,13.449999809265137,13.5,13.5,21600
2022-09-22,13.975000381469727,13.975000381469727,12.170000076293945,12.170000076293945,12.170000076293945,1600
2022-09-23,12.170000076293945,12.170000076293945,12.170000076293945,12.170000076293945,12.170000076293945,0
2022-09-26,12.0,12.0,10.5,11.0,11.0,4000
2022-09-27,11.949999809265137,13.0,11.949999809265137,13.0,13.0,3900
2022-09-28,13.52299976348877,14.0,12.449999809265137,14.0,14.0,4300
2022-09-29,12.0,12.949999809265137,12.0,12.579999923706055,12.579999923706055,1700
2022-09-30,12.25,12.25,12.25,12.25,12.25,100
2022-10-03,15.600000381469727,15.600000381469727,14.149999618530273,14.149999618530273,14.149999618530273,2700
2022-10-04,15.119999885559082,15.640999794006348,15.100000381469727,15.5,15.5,1500
2022-10-05,14.710000038146973,15.0,14.710000038146973,15.0,15.0,1300
2022-10-06,15.350000381469727,15.350000381469727,15.350000381469727,15.350000381469727,15.350000381469727,100
2022-10-07,14.899999618530273,14.899999618530273,14.899999618530273,14.899999618530273,14.899999618530273,100
2022-10-10,14.065999984741211,14.5600004196167,14.0,14.0,14.0,1700
2022-10-11,12.75,12.75,12.40999984741211,12.739999771118164,12.739999771118164,1200
2022-10-12,12.739999771118164,12.890000343322754,12.510000228881836,12.890000343322754,12.890000343322754,800
2022-10-13,12.574999809265137,12.574999809265137,12.510000228881836,12.510000228881836,12.510000228881836,800
2022-10-14,12.449999809265137,12.510000228881836,12.449999809265137,12.510000228881836,12.510000228881836,1100
2022-10-17,12.510000228881836,12.510000228881836,12.510000228881836,12.510000228881836,12.510000228881836,0
2022-10-18,12.75,12.75,12.75,12.75,12.75,200
2022-10-19,14.0,14.0,14.0,14.0,14.0,500
2022-10-20,13.75,13.75,13.75,13.75,13.75,200
2022-10-21,13.0,13.0,13.0,13.0,13.0,300
2022-10-24,13.0600004196167,13.0600004196167,13.0,13.0,13.0,200
2022-10-25,13.0,13.0,13.0,13.0,13.0,0
2022-10-26,13.0,13.0,13.0,13.0,13.0,0
2022-10-27,15.380000114440918,15.380000114440918,14.0,14.0,14.0,400
2022-10-28,14.199999809265137,15.989999771118164,13.25,15.989999771118164,15.989999771118164,2000
2022-10-31,17.049999237060547,18.5,14.25,17.020000457763672,17.020000457763672,24900
2022-11-01,18.34000015258789,19.489999771118164,17.020000457763672,17.020000457763672,17.020000457763672,4300
2022-11-02,12.970000267028809,15.699999809265137,12.970000267028809,15.699999809265137,15.699999809265137,700
2022-11-03,14.699999809265137,18.0,14.699999809265137,17.350000381469727,17.350000381469727,3700
2022-11-04,17.350000381469727,17.350000381469727,17.350000381469727,17.350000381469727,17.350000381469727,0
2022-11-07,15.989999771118164,16.0,15.989999771118164,16.0,16.0,1100
2022-11-08,15.699999809265137,16.049999237060547,15.649999618530273,16.049999237060547,16.049999237060547,900
2022-11-09,12.899999618530273,19.299999237060547,12.899999618530273,16.920000076293945,16.920000076293945,4000
2022-11-10,16.0,16.0,15.5,15.5,15.5,400
2022-11-11,16.040000915527344,19.100000381469727,16.040000915527344,16.600000381469727,16.600000381469727,8700
2022-11-14,16.201000213623047,16.201000213623047,16.0,16.0,16.0,300
2022-11-15,16.049999237060547,16.049999237060547,15.140000343322754,15.449999809265137,15.449999809265137,1100
2022-11-16,15.0,16.0,14.949999809265137,16.0,16.0,1300
2022-11-17,16.5,18.200000762939453,14.680000305175781,16.139999389648438,16.139999389648438,6400
2022-11-18,16.399999618530273,18.299999237060547,15.449999809265137,15.550000190734863,15.550000190734863,5500
2022-11-21,16.0,16.729999542236328,15.800000190734863,16.729999542236328,16.729999542236328,1000
2022-11-22,16.030000686645508,16.030000686645508,15.949999809265137,16.0,16.0,1700
2022-11-23,16.049999237060547,16.049999237060547,16.049999237060547,16.049999237060547,16.049999237060547,300
2022-11-25,16.049999237060547,16.049999237060547,16.049999237060547,16.049999237060547,16.049999237060547,0
2022-11-28,16.0,16.950000762939453,16.0,16.950000762939453,16.950000762939453,500
2022-11-29,16.84000015258789,17.34000015258789,16.799999237060547,17.270000457763672,17.270000457763672,1300
2022-11-30,17.270000457763672,23.010000228881836,17.270000457763672,17.270000457763672,17.270000457763672,3300
2022-12-01,17.270000457763672,17.270000457763672,17.270000457763672,17.270000457763672,17.270000457763672,400
2022-12-02,16.200000762939453,17.190000534057617,16.200000762939453,17.190000534057617,17.190000534057617,600
2022-12-05,16.510000228881836,16.510000228881836,16.200000762939453,16.219999313354492,16.219999313354492,500
2022-12-06,14.5,16.0,14.5,16.0,16.0,500
2022-12-07,15.890000343322754,15.890000343322754,15.890000343322754,15.890000343322754,15.890000343322754,200
2022-12-08,16.0,16.0,14.510000228881836,14.510000228881836,14.510000228881836,1300
2022-12-09,14.510000228881836,14.510000228881836,14.510000228881836,14.510000228881836,14.510000228881836,0
2022-12-12,14.510000228881836,14.510000228881836,14.510000228881836,14.510000228881836,14.510000228881836,0
2022-12-13,14.510000228881836,14.510000228881836,14.510000228881836,14.510000228881836,14.510000228881836,0
2022-12-14,13.270000457763672,13.270000457763672,13.270000457763672,13.270000457763672,13.270000457763672,100
2022-12-15,13.0,13.0,12.5,12.649999618530273,12.649999618530273,1000
2022-12-16,12.329999923706055,12.329999923706055,12.329999923706055,12.329999923706055,12.329999923706055,300
2022-12-19,12.229999542236328,13.399999618530273,12.229999542236328,13.390000343322754,13.390000343322754,2700
2022-12-20,13.390000343322754,13.390000343322754,13.390000343322754,13.390000343322754,13.390000343322754,0
2022-12-21,13.390000343322754,13.390000343322754,13.390000343322754,13.390000343322754,13.390000343322754,0
2022-12-22,13.390000343322754,13.390000343322754,13.390000343322754,13.390000343322754,13.390000343322754,0
2022-12-23,13.479999542236328,22.829999923706055,11.899999618530273,15.82800006866455,15.82800006866455,16500
2022-12-27,16.5,17.0,16.5,17.0,17.0,800
2022-12-28,17.0,17.0,17.0,17.0,17.0,0
2022-12-29,13.0,17.989999771118164,13.0,17.989999771118164,17.989999771118164,800
2022-12-30,17.989999771118164,17.989999771118164,17.989999771118164,17.989999771118164,17.989999771118164,100
2023-01-03,15.510000228881836,23.010000228881836,14.5,19.5,19.5,13300
2023-01-04,19.5,19.5,19.5,19.5,19.5,300
2023-01-05,17.540000915527344,17.540000915527344,17.540000915527344,17.540000915527344,17.540000915527344,500
2023-01-06,17.540000915527344,17.540000915527344,17.540000915527344,17.540000915527344,17.540000915527344,0
2023-01-09,17.924999237060547,18.0,17.030000686645508,17.030000686645508,17.030000686645508,1800
2023-01-10,16.5,16.5,16.0,16.0,16.0,300
2023-01-11,16.0,16.0,16.0,16.0,16.0,0
2023-01-12,16.0,16.0,14.5,14.5,14.5,1100
2023-01-13,15.079999923706055,15.079999923706055,13.354999542236328,14.0,14.0,3700
2023-01-17,16.049999237060547,16.049999237060547,15.989999771118164,15.989999771118164,15.989999771118164,800
2023-01-18,15.989999771118164,15.989999771118164,15.989999771118164,15.989999771118164,15.989999771118164,0
2023-01-19,15.989999771118164,15.989999771118164,15.989999771118164,15.989999771118164,15.989999771118164,0
2023-01-20,15.989999771118164,15.989999771118164,15.989999771118164,15.989999771118164,15.989999771118164,0
2023-01-23,16.600000381469727,16.600000381469727,16.600000381469727,16.600000381469727,16.600000381469727,1600
2023-01-24,18.0,19.0,16.799999237060547,16.799999237060547,16.799999237060547,16500
2023-01-25,17.559999465942383,17.559999465942383,17.299999237060547,17.299999237060547,17.299999237060547,300
2023-01-26,18.5,18.5,18.149999618530273,18.149999618530273,18.149999618530273,900
2023-01-27,17.77400016784668,19.0,17.639999389648438,17.639999389648438,17.639999389648438,1800
2023-01-30,16.360000610351562,16.459999084472656,16.360000610351562,16.459999084472656,16.459999084472656,300
2023-01-31,17.5,18.25,17.190000534057617,17.190000534057617,17.190000534057617,600
2023-02-01,16.0,16.0,16.0,16.0,16.0,2600
2023-02-02,16.0,16.0,16.0,16.0,16.0,200
2023-02-03,16.09000015258789,16.09000015258789,16.09000015258789,16.09000015258789,16.09000015258789,200
2023-02-06,16.09000015258789,16.09000015258789,16.09000015258789,16.09000015258789,16.09000015258789,0
2023-02-07,16.0,16.0,16.0,16.0,16.0,400
2023-02-08,16.0,16.0,16.0,16.0,16.0,200
2023-02-09,16.0,16.0,16.0,16.0,16.0,0
2023-02-10,16.0,16.0,16.0,16.0,16.0,0
2023-02-13,16.329999923706055,17.329999923706055,16.329999923706055,17.315000534057617,17.315000534057617,1200
2023-02-14,17.315000534057617,17.315000534057617,17.315000534057617,17.315000534057617,17.315000534057617,0
2023-02-15,17.315000534057617,17.315000534057617,17.315000534057617,17.315000534057617,17.315000534057617,0
2023-02-16,18.020000457763672,18.020000457763672,18.020000457763672,18.020000457763672,18.020000457763672,600
2023-02-17,18.020000457763672,18.020000457763672,18.020000457763672,18.020000457763672,18.020000457763672,100
2023-02-21,16.510000228881836,16.510000228881836,16.510000228881836,16.510000228881836,16.510000228881836,500
2023-02-22,16.510000228881836,16.510000228881836,16.510000228881836,16.510000228881836,16.510000228881836,0
2023-02-23,17.0,17.0,17.0,17.0,17.0,300
2023-02-24,17.0,17.0,17.0,17.0,17.0,0
2023-02-27,17.0,17.0,17.0,17.0,17.0,0
2023-02-28,16.174999237060547,16.600000381469727,16.174999237060547,16.350000381469727,16.350000381469727,4300
2023-03-01,16.899999618530273,17.75,16.8700008392334,17.75,17.75,6700
2023-03-02,17.5,18.020000457763672,17.5,18.020000457763672,18.020000457763672,1200
2023-03-03,18.020000457763672,18.5,16.8700008392334,18.5,18.5,4100
2023-03-06,18.360000610351562,18.360000610351562,18.360000610351562,18.360000610351562,18.360000610351562,200
2023-03-07,18.360000610351562,18.360000610351562,18.360000610351562,18.360000610351562,18.360000610351562,100
2023-03-08,18.360000610351562,18.360000610351562,18.360000610351562,18.360000610351562,18.360000610351562,300
2023-03-09,18.979999542236328,18.979999542236328,17.0,17.020000457763672,17.020000457763672,2500
2023-03-10,17.0,17.0,17.0,17.0,17.0,1500
2023-03-13,17.0,17.0,17.0,17.0,17.0,0
2023-03-14,16.540000915527344,16.540000915527344,16.5,16.5,16.5,700
2023-03-15,15.0,15.0,14.0,14.0,14.0,800
2023-03-16,14.0,14.0,14.0,14.0,14.0,0
2023-03-17,14.0,14.0,13.989999771118164,13.989999771118164,13.989999771118164,300
2023-03-20,14.5,14.5,14.5,14.5,14.5,200
2023-03-21,14.5,14.5,14.5,14.5,14.5,100
2023-03-22,14.5,14.5,14.5,14.5,14.5,0
2023-03-23,14.5,14.5,14.5,14.5,14.5,0
2023-03-24,14.5,14.5,14.5,14.5,14.5,0
2023-03-27,14.5,14.5,14.5,14.5,14.5,0
2023-03-28,14.5,14.5,14.5,14.5,14.5,0
2023-03-29,14.5,14.5,14.5,14.5,14.5,0
2023-03-30,14.359999656677246,17.450000762939453,14.359999656677246,16.5,16.5,9200
2023-03-31,16.25,16.25,14.899999618530273,15.140000343322754,15.140000343322754,2600
2023-04-03,15.329999923706055,15.399999618530273,15.270000457763672,15.399999618530273,15.399999618530273,1800
2023-04-04,14.819999694824219,17.25,14.819999694824219,16.520000457763672,16.520000457763672,5200
2023-04-05,17.219999313354492,17.270000457763672,16.90999984741211,17.270000457763672,17.270000457763672,300
2023-04-06,18.09000015258789,18.09000015258789,17.280000686645508,18.0,18.0,800
2023-04-10,16.6200008392334,17.450000762939453,16.6200008392334,17.450000762939453,17.450000762939453,1400
2023-04-11,17.670000076293945,18.100000381469727,17.670000076293945,17.75,17.75,1300
2023-04-12,18.040000915527344,18.18000030517578,16.75,16.75,16.75,800
2023-04-13,17.350000381469727,17.350000381469727,16.92300033569336,16.92300033569336,16.92300033569336,400
2023-04-14,16.25,16.25,15.84000015258789,15.850000381469727,15.850000381469727,800
2023-04-17,16.0,16.25,15.760000228881836,15.760000228881836,15.760000228881836,900
2023-04-18,15.430000305175781,17.450000762939453,15.430000305175781,17.450000762939453,17.450000762939453,4900
2023-04-19,17.450000762939453,17.450000762939453,17.450000762939453,17.450000762939453,17.450000762939453,0
2023-04-20,17.450000762939453,17.450000762939453,17.450000762939453,17.450000762939453,17.450000762939453,0
2023-04-21,16.40999984741211,17.5,15.75,15.989999771118164,15.989999771118164,7500
2023-04-24,12.5,15.479999542236328,12.5,15.479999542236328,15.479999542236328,1200
2023-04-25,15.5,15.5,15.0,15.25,15.25,2100
2023-04-26,13.529999732971191,14.699999809265137,11.670000076293945,13.59000015258789,13.59000015258789,17000
2023-04-27,13.510000228881836,13.510000228881836,11.279999732971191,12.470000267028809,12.470000267028809,4400
2023-04-28,12.489999771118164,12.489999771118164,12.0,12.479999542236328,12.479999542236328,900
2023-05-01,12.779999732971191,13.800000190734863,12.119999885559082,13.800000190734863,13.800000190734863,1600
2023-05-02,13.199999809265137,14.020000457763672,13.0,14.020000457763672,14.020000457763672,6100
2023-05-03,12.550000190734863,13.829999923706055,12.039999961853027,13.5,13.5,8400
2023-05-04,14.859999656677246,16.0,11.050000190734863,11.800000190734863,11.800000190734863,13700
2023-05-05,11.6899995803833,11.6899995803833,11.579999923706055,11.640000343322754,11.640000343322754,900
2023-05-08,11.09000015258789,13.34000015258789,11.09000015258789,11.760000228881836,11.760000228881836,5700
2023-05-09,11.670000076293945,11.670000076293945,11.670000076293945,11.670000076293945,11.670000076293945,100
2023-05-10,12.380000114440918,13.8100004196167,11.0600004196167,11.699999809265137,11.699999809265137,8100
2023-05-11,12.079999923706055,12.079999923706055,12.079999923706055,12.079999923706055,12.079999923706055,200
2023-05-12,11.699999809265137,12.039999961853027,11.699999809265137,11.979999542236328,11.979999542236328,1800
2023-05-15,12.3100004196167,12.479999542236328,12.3100004196167,12.479999542236328,12.479999542236328,1000
2023-05-16,11.949999809265137,12.699999809265137,11.949999809265137,12.470000267028809,12.470000267028809,3000
2023-05-17,12.399999618530273,12.399999618530273,12.359999656677246,12.359999656677246,12.359999656677246,1700
2023-05-18,12.279999732971191,13.979999542236328,12.279999732971191,13.0,13.0,4500
2023-05-19,13.100000381469727,13.100000381469727,12.239999771118164,13.0,13.0,2900
2023-05-22,13.380000114440918,14.199999809265137,13.380000114440918,14.199999809265137,14.199999809265137,2700
2023-05-23,13.010000228881836,13.789999961853027,13.010000228881836,13.550000190734863,13.550000190734863,1900
2023-05-24,12.25,12.25,11.899999618530273,12.25,12.25,3800
2023-05-25,12.949999809265137,12.949999809265137,11.319999694824219,12.59000015258789,12.59000015258789,800
2023-05-26,12.600000381469727,13.600000381469727,12.600000381469727,13.600000381469727,13.600000381469727,900
2023-05-30,13.449999809265137,13.449999809265137,13.25,13.300000190734863,13.300000190734863,1500
2023-05-31,13.180000305175781,13.229999542236328,11.34000015258789,11.484999656677246,11.484999656677246,6700
2023-06-01,11.5,11.5,9.210000038146973,9.210000038146973,9.210000038146973,5700
2023-06-02,9.100000381469727,9.199999809265137,8.5,8.75,8.75,2700
2023-06-05,9.5,9.800000190734863,8.800000190734863,8.899999618530273,8.899999618530273,2200
2023-06-06,8.800000190734863,9.0,8.510000228881836,9.0,9.0,700
2023-06-07,9.0,9.180000305175781,8.901000022888184,9.180000305175781,9.180000305175781,600
2023-06-08,9.399999618530273,9.399999618530273,8.539999961853027,9.199999809265137,9.199999809265137,1200
2023-06-09,9.199999809265137,9.199999809265137,9.199999809265137,9.199999809265137,9.199999809265137,0
2023-06-12,9.199999809265137,9.199999809265137,9.199999809265137,9.199999809265137,9.199999809265137,0
2023-06-13,9.199999809265137,9.199999809265137,9.199999809265137,9.199999809265137,9.199999809265137,0
2023-06-14,9.199999809265137,9.199999809265137,9.199999809265137,9.199999809265137,9.199999809265137,0
2023-06-15,9.699999809265137,10.0,9.5,9.5,9.5,8900
2023-06-16,8.640000343322754,9.199999809265137,8.449999809265137,9.0,9.0,1000
2023-06-20,8.989999771118164,9.050000190734863,6.809999942779541,8.199999809265137,8.199999809265137,11100
2023-06-21,7.0,7.949999809265137,6.699999809265137,7.860000133514404,7.860000133514404,10800
2023-06-22,8.369999885559082,8.5,6.235000133514404,6.829999923706055,6.829999923706055,6700
2023-06-23,6.900000095367432,7.380000114440918,6.230000019073486,7.0,7.0,8900
2023-06-26,6.5,6.989999771118164,6.0,6.0,6.0,3700
2023-06-27,6.400000095367432,6.400000095367432,5.5,5.800000190734863,5.800000190734863,10100
2023-06-28,5.96999979019165,6.150000095367432,5.400000095367432,5.989999771118164,5.989999771118164,6900
2023-06-29,6.360000133514404,6.599999904632568,6.179999828338623,6.190000057220459,6.190000057220459,1900
2023-06-30,6.179999828338623,6.739999771118164,6.0,6.5,6.5,2800
2023-07-03,6.5,6.5,6.5,6.5,6.5,0
2023-07-05,6.5,6.5,6.5,6.5,6.5,0
2023-07-06,6.5,6.5,6.5,6.5,6.5,0
2023-07-07,6.610000133514404,6.710000038146973,5.239999771118164,5.400000095367432,5.400000095367432,9200
2023-07-10,5.5,5.889999866485596,5.489999771118164,5.5,5.5,1300
2023-07-11,5.920000076293945,6.550000190734863,5.699999809265137,5.949999809265137,5.949999809265137,7000
2023-07-12,6.050000190734863,6.050000190734863,6.050000190734863,6.050000190734863,6.050000190734863,2900
2023-07-13,5.900000095367432,6.449999809265137,5.900000095367432,6.0,6.0,8100
2023-07-14,5.699999809265137,5.699999809265137,5.28000020980835,5.28000020980835,5.28000020980835,1600
2023-07-17,5.329999923706055,5.550000190734863,5.179999828338623,5.179999828338623,5.179999828338623,5400
2023-07-18,5.119999885559082,5.25,4.989999771118164,5.019999980926514,5.019999980926514,2300
2023-07-19,4.800000190734863,4.960000038146973,3.8399999141693115,4.130000114440918,4.130000114440918,7700
2023-07-20,4.5,4.800000190734863,4.400000095367432,4.449999809265137,4.449999809265137,3700
2023-07-21,4.300000190734863,4.300000190734863,3.2300000190734863,3.259999990463257,3.259999990463257,5800
2023-07-24,4.0,5.6570000648498535,4.0,5.6570000648498535,5.6570000648498535,4300
2023-07-25,5.679999828338623,5.679999828338623,5.550000190734863,5.550000190734863,5.550000190734863,1500
2023-07-26,5.300000190734863,5.300000190734863,5.289999961853027,5.289999961853027,5.289999961853027,1500
2023-07-27,5.289999961853027,5.289999961853027,5.289999961853027,5.289999961853027,5.289999961853027,0
2023-07-28,4.980000019073486,4.980000019073486,4.980000019073486,4.980000019073486,4.980000019073486,400
2023-07-31,5.0,6.960000038146973,5.0,6.550000190734863,6.550000190734863,7400
2023-08-01,6.559999942779541,6.559999942779541,6.21999979019165,6.21999979019165,6.21999979019165,1700
2023-08-02,6.199999809265137,6.210000038146973,6.199999809265137,6.210000038146973,6.210000038146973,600
2023-08-03,5.5,6.611999988555908,5.5,6.275000095367432,6.275000095367432,1500
2023-08-04,6.275000095367432,6.275000095367432,6.275000095367432,6.275000095367432,6.275000095367432,0
2023-08-07,6.275000095367432,6.275000095367432,6.275000095367432,6.275000095367432,6.275000095367432,0
2023-08-08,6.360000133514404,6.360000133514404,6.260000228881836,6.300000190734863,6.300000190734863,1700
2023-08-09,6.329999923706055,6.71999979019165,4.610000133514404,6.71999979019165,6.71999979019165,2000
2023-08-10,6.579999923706055,6.630000114440918,5.840000152587891,5.840000152587891,5.840000152587891,2900
2023-08-11,5.840000152587891,5.840000152587891,5.840000152587891,5.840000152587891,5.840000152587891,100
2023-08-14,6.119999885559082,6.119999885559082,6.119999885559082,6.119999885559082,6.119999885559082,600
2023-08-15,5.5,6.599999904632568,4.989999771118164,6.309999942779541,6.309999942779541,7200
2023-08-16,7.170000076293945,7.170000076293945,6.389999866485596,6.730000019073486,6.730000019073486,6300
2023-08-17,6.739999771118164,7.300000190734863,6.050000190734863,6.110000133514404,6.110000133514404,3600
2023-08-18,6.699999809265137,6.699999809265137,6.679999828338623,6.679999828338623,6.679999828338623,1500
2023-08-21,6.539999961853027,7.510000228881836,6.539999961853027,7.117000102996826,7.117000102996826,1600
2023-08-22,5.815999984741211,5.815999984741211,5.815999984741211,5.815999984741211,5.815999984741211,100
2023-08-23,5.815999984741211,5.815999984741211,5.815999984741211,5.815999984741211,5.815999984741211,0
2023-08-24,5.815999984741211,5.815999984741211,5.815999984741211,5.815999984741211,5.815999984741211,0
2023-08-25,5.800000190734863,6.46999979019165,5.800000190734863,6.46999979019165,6.46999979019165,1600
2023-08-28,6.5,6.5,5.630000114440918,5.630000114440918,5.630000114440918,800
2023-08-29,6.699999809265137,6.699999809265137,6.119999885559082,6.329999923706055,6.329999923706055,3000
2023-08-30,6.679999828338623,6.679999828338623,6.679999828338623,6.679999828338623,6.679999828338623,300
2023-08-31,6.599999904632568,6.599999904632568,6.0,6.0,6.0,1000
2023-09-01,6.5,6.5,6.0,6.210000038146973,6.210000038146973,1500
2023-09-05,6.96999979019165,11.010000228881836,6.900000095367432,10.0,10.0,15400
2023-09-06,10.0,10.25,9.899999618530273,9.899999618530273,9.899999618530273,4900
2023-09-07,8.699999809265137,9.010000228881836,8.0,8.348999977111816,8.348999977111816,1000
2023-09-08,8.5,8.5,8.079999923706055,8.079999923706055,8.079999923706055,400
2023-09-11,9.039999961853027,12.479999542236328,9.039999961853027,9.5,9.5,2200
2023-09-12,8.289999961853027,8.553999900817871,8.0,8.0,8.0,2600
2023-09-13,8.0,8.0,8.0,8.0,8.0,700
2023-09-14,8.84000015258789,8.84000015258789,8.84000015258789,8.84000015258789,8.84000015258789,200
2023-09-15,9.0,9.0,8.9399995803833,9.0,9.0,700
2023-09-18,9.5,10.800000190734863,9.0,9.869999885559082,9.869999885559082,6400
2023-09-19,10.550000190734863,10.550000190734863,8.59000015258789,9.25,9.25,7300
2023-09-20,11.40999984741211,11.40999984741211,8.510000228881836,8.949999809265137,8.949999809265137,7600
2023-09-21,9.5,9.5,8.300000190734863,9.149999618530273,9.149999618530273,1200
2023-09-22,9.289999961853027,9.989999771118164,8.859999656677246,8.859999656677246,8.859999656677246,2300
2023-09-25,9.031000137329102,10.0,9.031000137329102,9.899999618530273,9.899999618530273,2600
2023-09-26,11.010000228881836,11.5,10.449999809265137,11.5,11.5,2800
2023-09-27,11.5,11.5,11.369999885559082,11.489999771118164,11.489999771118164,3100
2023-09-28,10.0,12.899999618530273,9.550000190734863,9.550000190734863,9.550000190734863,8800
2023-09-29,10.0,10.25,10.0,10.25,10.25,1200
2023-10-02,10.25,10.25,10.25,10.25,10.25,0
2023-10-03,10.899999618530273,10.899999618530273,9.850000381469727,10.229999542236328,10.229999542236328,2600
2023-10-04,10.0,11.010000228881836,10.0,10.390000343322754,10.390000343322754,2400
2023-10-05,10.960000038146973,10.960000038146973,9.9350004196167,10.359999656677246,10.359999656677246,5900
2023-10-06,10.359999656677246,10.359999656677246,10.359999656677246,10.359999656677246,10.359999656677246,300
2023-10-09,10.359999656677246,10.359999656677246,10.359999656677246,10.359999656677246,10.359999656677246,200
2023-10-10,10.359999656677246,10.359999656677246,10.359999656677246,10.359999656677246,10.359999656677246,0
2023-10-11,10.0,10.0,8.869999885559082,9.119999885559082,9.119999885559082,3800
2023-10-12,9.119999885559082,9.119999885559082,9.119999885559082,9.119999885559082,9.119999885559082,0
2023-10-13,8.100000381469727,9.90999984741211,8.100000381469727,8.899999618530273,8.899999618530273,4100
2023-10-16,10.010000228881836,10.010000228881836,8.5600004196167,8.819999694824219,8.819999694824219,1100
2023-10-17,8.670000076293945,9.319999694824219,8.300000190734863,9.039999961853027,9.039999961853027,4600
2023-10-18,10.489999771118164,11.0,10.399999618530273,10.510000228881836,10.510000228881836,10000
2023-10-19,9.449999809265137,9.5,9.199999809265137,9.199999809265137,9.199999809265137,400
2023-10-20,10.539999961853027,10.539999961853027,9.34000015258789,9.34000015258789,9.34000015258789,1100
2023-10-23,9.199999809265137,9.20300006866455,8.170000076293945,8.170000076293945,8.170000076293945,1000
2023-10-24,8.170000076293945,8.170000076293945,8.170000076293945,8.170000076293945,8.170000076293945,0
2023-10-25,8.989999771118164,8.989999771118164,8.989999771118164,8.989999771118164,8.989999771118164,300
2023-10-26,9.0,9.479999542236328,8.399999618530273,9.449999809265137,9.449999809265137,1500
2023-10-27,10.579999923706055,10.579999923706055,8.300000190734863,8.300000190734863,8.300000190734863,1500
2023-10-30,8.5,9.039999961853027,8.5,9.010000228881836,9.010000228881836,1200
2023-10-31,10.069999694824219,10.899999618530273,8.420000076293945,8.890000343322754,8.890000343322754,13200
2023-11-01,9.8100004196167,9.8100004196167,8.90999984741211,8.90999984741211,8.90999984741211,1100
2023-11-02,8.949999809265137,11.010000228881836,8.949999809265137,10.0,10.0,6200
2023-11-03,10.0,12.680000305175781,10.0,12.130000114440918,12.130000114440918,2600
2023-11-06,13.0,15.5,9.199999809265137,9.199999809265137,9.199999809265137,5400
2023-11-07,9.569999694824219,10.5,9.260000228881836,10.5,10.5,4200
2023-11-08,12.649999618530273,12.649999618530273,10.5,10.5,10.5,5200
2023-11-09,11.010000228881836,11.010000228881836,9.989999771118164,10.989999771118164,10.989999771118164,1400
2023-11-10,10.989999771118164,10.989999771118164,10.989999771118164,10.989999771118164,10.989999771118164,0
2023-11-13,10.989999771118164,10.989999771118164,10.989999771118164,10.989999771118164,10.989999771118164,0
2023-11-14,10.979999542236328,13.75,10.5,10.5,10.5,10700
2023-11-15,10.890000343322754,12.199999809265137,10.239999771118164,10.300000190734863,10.300000190734863,9700
2023-11-16,11.460000038146973,11.5,9.699999809265137,10.0,10.0,3400
2023-11-17,9.880000114440918,10.899999618530273,8.989999771118164,9.489999771118164,9.489999771118164,5700
2023-11-20,9.9399995803833,10.5,9.399999618530273,9.5,9.5,5100
2023-11-21,9.550000190734863,9.550000190734863,9.5,9.5,9.5,700
2023-11-22,9.5,9.5,9.5,9.5,9.5,0
2023-11-24,8.579999923706055,8.579999923706055,8.579999923706055,8.579999923706055,8.579999923706055,500
2023-11-27,9.0,10.585000038146973,8.34000015258789,9.25,9.25,7100
2023-11-28,9.470000267028809,10.779999732971191,9.229999542236328,9.300000190734863,9.300000190734863,5900
2023-11-29,9.380000114440918,9.380000114440918,9.0,9.0,9.0,700
2023-11-30,9.170000076293945,9.170000076293945,9.100000381469727,9.100000381469727,9.100000381469727,400
2023-12-01,9.430000305175781,9.430000305175781,8.859999656677246,8.859999656677246,8.859999656677246,3200
2023-12-04,9.6899995803833,9.6899995803833,8.899999618530273,9.0,9.0,1900
2023-12-05,10.359999656677246,10.359999656677246,9.0,9.0,9.0,1600
2023-12-06,9.289999961853027,10.75,9.289999961853027,9.989999771118164,9.989999771118164,8100
2023-12-07,9.199999809265137,9.979999542236328,8.935999870300293,9.0,9.0,4200
2023-12-08,9.0,9.0,9.0,9.0,9.0,300
2023-12-11,9.25,9.25,7.5,8.300000190734863,8.300000190734863,3400
2023-12-12,8.359999656677246,8.40999984741211,6.980000019073486,7.0,7.0,7600
2023-12-13,7.0,8.300000190734863,7.0,7.699999809265137,7.699999809265137,5400
2023-12-14,8.5,8.5,7.150000095367432,7.699999809265137,7.699999809265137,6100
2023-12-15,8.199999809265137,8.388999938964844,7.199999809265137,7.489999771118164,7.489999771118164,10500
2023-12-18,7.929999828338623,7.929999828338623,6.900000095367432,7.0,7.0,4800
2023-12-19,7.25,7.599999904632568,6.849999904632568,6.880000114440918,6.880000114440918,5100
2023-12-20,7.369999885559082,7.599999904632568,6.84499979019165,7.110000133514404,7.110000133514404,9100
2023-12-21,7.099999904632568,7.159999847412109,6.949999809265137,7.130000114440918,7.130000114440918,3300
2023-12-22,6.800000190734863,6.800000190734863,5.329999923706055,6.800000190734863,6.800000190734863,700
2023-12-26,6.7729997634887695,7.099999904632568,6.7729997634887695,6.99399995803833,6.99399995803833,1700
2023-12-27,7.400000095367432,7.400000095367432,7.130000114440918,7.130000114440918,7.130000114440918,1500
2023-12-28,7.130000114440918,7.130000114440918,7.130000114440918,7.130000114440918,7.130000114440918,0
2023-12-29,6.510000228881836,6.699999809265137,6.425000190734863,6.53000020980835,6.53000020980835,600
2024-01-02,6.630000114440918,7.629000186920166,6.630000114440918,7.629000186920166,7.629000186920166,500
2024-01-03,7.0,9.399999618530273,7.0,8.5,8.5,9100
2024-01-04,8.5,8.5,7.929999828338623,7.929999828338623,7.929999828338623,1500
2024-01-05,8.649999618530273,8.699999809265137,7.099999904632568,7.139999866485596,7.139999866485596,4600
2024-01-08,7.360000133514404,7.5,6.159999847412109,6.5,6.5,4700
2024-01-09,6.699999809265137,6.699999809265137,6.119999885559082,6.119999885559082,6.119999885559082,900
2024-01-10,6.039999961853027,6.699999809265137,6.03000020980835,6.039999961853027,6.039999961853027,1300
2024-01-11,6.699999809265137,7.400000095367432,6.300000190734863,6.400000095367432,6.400000095367432,4100
2024-01-12,7.050000190734863,7.170000076293945,6.400000095367432,6.440000057220459,6.440000057220459,1600
2024-01-16,7.360000133514404,8.399999618530273,7.0,8.399999618530273,8.399999618530273,13000
2024-01-17,8.010000228881836,8.720000267028809,7.019999980926514,8.399999618530273,8.399999618530273,1600
2024-01-18,8.489999771118164,8.899999618530273,8.399999618530273,8.5,8.5,5400
2024-01-19,8.109999656677246,8.970000267028809,7.400000095367432,8.25,8.25,4300
2024-01-22,8.5,13.699999809265137,8.25,9.0,9.0,11000
2024-01-23,10.0,10.010000228881836,9.1899995803833,9.5,9.5,1900
2024-01-24,10.0,10.0,7.059999942779541,8.399999618530273,8.399999618530273,7300
2024-01-25,8.600000381469727,9.0,7.900000095367432,8.399999618530273,8.399999618530273,2000
2024-01-26,8.300000190734863,8.300000190734863,8.100000381469727,8.100000381469727,8.100000381469727,400
2024-01-29,8.579999923706055,8.800000190734863,7.539999961853027,8.0,8.0,1700
2024-01-30,8.390000343322754,8.699999809265137,8.100000381469727,8.100000381469727,8.100000381469727,1700
2024-01-31,8.149999618530273,8.149999618530273,7.300000190734863,7.880000114440918,7.880000114440918,3800
2024-02-01,7.900000095367432,7.900000095367432,7.860000133514404,7.860000133514404,7.860000133514404,700
2024-02-02,7.429999828338623,8.0,6.900000095367432,8.0,8.0,2000
2024-02-05,8.020000457763672,8.300000190734863,6.789999961853027,7.699999809265137,7.699999809265137,10800
2024-02-06,7.690000057220459,8.0,7.449999809265137,8.0,8.0,1900
2024-02-07,7.539999961853027,7.539999961853027,7.019999980926514,7.019999980926514,7.019999980926514,2100
2024-02-08,7.540999889373779,7.540999889373779,6.75,7.349999904632568,7.349999904632568,3900
2024-02-09,7.0,7.400000095367432,6.699999809265137,6.800000190734863,6.800000190734863,4500
2024-02-12,7.0,7.699999809265137,7.0,7.699999809265137,7.699999809265137,6500
2024-02-13,7.5,7.78000020980835,7.21999979019165,7.21999979019165,7.21999979019165,11300
2024-02-14,7.550000190734863,7.550000190734863,7.289999961853027,7.300000190734863,7.300000190734863,5900
2024-02-15,7.300000190734863,7.300000190734863,7.300000190734863,7.300000190734863,7.300000190734863,6700
2024-02-16,6.699999809265137,7.059999942779541,6.699999809265137,7.059999942779541,7.059999942779541,400
2024-02-20,7.130000114440918,8.6899995803833,6.748000144958496,8.130000114440918,8.130000114440918,12500
2024-02-21,8.489999771118164,10.0,8.0,8.699999809265137,8.699999809265137,20400
2024-02-22,9.449999809265137,9.449999809265137,8.600000381469727,9.0,9.0,1400
2024-02-23,9.479999542236328,9.479999542236328,9.470000267028809,9.470000267028809,9.470000267028809,400
2024-02-26,9.437999725341797,10.800000190734863,9.437999725341797,10.300000190734863,10.300000190734863,1500
2024-02-27,10.329999923706055,10.329999923706055,9.600000381469727,9.600000381469727,9.600000381469727,600
2024-02-28,10.300000190734863,10.300000190734863,9.029999732971191,9.170000076293945,9.170000076293945,5300
2024-02-29,9.0,10.199999809265137,9.0,9.75,9.75,3000
2024-03-01,9.0,9.5,9.0,9.5,9.5,600
2024-03-04,9.5,9.5,9.5,9.5,9.5,100
2024-03-05,9.5,9.5,9.5,9.5,9.5,400
2024-03-06,9.0600004196167,9.600000381469727,8.5,9.199999809265137,9.199999809265137,1400
2024-03-07,8.800000190734863,8.800000190734863,7.53000020980835,8.600000381469727,8.600000381469727,1000
2024-03-08,8.699999809265137,8.800000190734863,8.699999809265137,8.800000190734863,8.800000190734863,900
2024-03-11,9.010000228881836,9.010000228881836,7.960000038146973,8.020000457763672,8.020000457763672,1500
2024-03-12,8.899999618530273,8.899999618530273,7.699999809265137,8.1899995803833,8.1899995803833,3200
2024-03-13,8.3100004196167,8.3100004196167,8.0,8.0,8.0,300
2024-03-14,8.399999618530273,8.399999618530273,7.849999904632568,8.390000343322754,8.390000343322754,2000
2024-03-15,8.390000343322754,8.390000343322754,8.390000343322754,8.390000343322754,8.390000343322754,0
2024-03-18,8.350000381469727,8.350000381469727,8.0,8.0,8.0,400
2024-03-19,7.699999809265137,8.619999885559082,7.699999809265137,7.699999809265137,7.699999809265137,700
2024-03-20,7.699999809265137,8.199999809265137,6.929999828338623,7.329999923706055,7.329999923706055,14900
2024-03-21,7.699999809265137,7.699999809265137,7.699999809265137,7.699999809265137,7.699999809265137,800
2024-03-22,8.25,8.25,7.110000133514404,7.110000133514404,7.110000133514404,4500
2024-03-25,7.699999809265137,7.699999809265137,7.119999885559082,7.5,7.5,1500
2024-03-26,7.699999809265137,8.100000381469727,7.0,7.03000020980835,7.03000020980835,4900
2024-03-27,7.03000020980835,7.199999809265137,6.559999942779541,6.699999809265137,6.699999809265137,2400
2024-03-28,6.699999809265137,6.699999809265137,6.699999809265137,6.699999809265137,6.699999809265137,400
2024-04-01,7.449999809265137,7.449999809265137,6.78000020980835,6.840000152587891,6.840000152587891,1800
2024-04-02,6.599999904632568,8.300000190734863,6.599999904632568,7.010000228881836,7.010000228881836,3200
2024-04-03,7.010000228881836,7.010000228881836,7.010000228881836,7.010000228881836,7.010000228881836,0
2024-04-04,7.619999885559082,8.25,6.949999809265137,6.949999809265137,6.949999809265137,12700
2024-04-05,7.0,7.0,6.659999847412109,6.659999847412109,6.659999847412109,900
2024-04-08,6.440000057220459,6.5,6.360000133514404,6.5,6.5,2700
2024-04-09,6.5,6.5,6.5,6.5,6.5,0
2024-04-10,6.309999942779541,6.400000095367432,6.150000095367432,6.230000019073486,6.230000019073486,1100
2024-04-11,6.230000019073486,6.230000019073486,6.230000019073486,6.230000019073486,6.230000019073486,0
2024-04-12,5.855000019073486,6.199999809265137,5.855000019073486,6.199999809265137,6.199999809265137,2900
2024-04-15,6.199999809265137,6.199999809265137,6.199999809265137,6.199999809265137,6.199999809265137,0
2024-04-16,6.199999809265137,6.199999809265137,6.199999809265137,6.199999809265137,6.199999809265137,0
2024-04-17,6.0,6.5,5.599999904632568,5.599999904632568,5.599999904632568,1500
2024-04-18,5.510000228881836,5.519999980926514,5.5,5.510000228881836,5.510000228881836,1100
2024-04-19,5.510000228881836,5.510000228881836,5.440000057220459,5.440000057220459,5.440000057220459,3000
2024-04-22,5.510000228881836,5.510000228881836,5.510000228881836,5.510000228881836,5.510000228881836,100
2024-04-23,5.510000228881836,5.510000228881836,5.510000228881836,5.510000228881836,5.510000228881836,0
2024-04-24,5.510000228881836,5.510000228881836,5.510000228881836,5.510000228881836,5.510000228881836,0
2024-04-25,5.800000190734863,6.0,5.079999923706055,6.0,6.0,3300
2024-04-26,6.0,6.0,6.0,6.0,6.0,0
2024-04-29,5.5,6.0,5.239999771118164,6.0,6.0,900
2024-04-30,5.679999828338623,6.300000190734863,5.679999828338623,5.940000057220459,5.940000057220459,5000
2024-05-01,5.519999980926514,5.519999980926514,5.519999980926514,5.519999980926514,5.519999980926514,1700
2024-05-02,5.539999961853027,5.659999847412109,5.519999980926514,5.659999847412109,5.659999847412109,800
2024-05-03,5.5,6.519999980926514,5.414000034332275,6.0,6.0,6400
2024-05-06,5.550000190734863,5.686999797821045,5.539999961853027,5.686999797821045,5.686999797821045,900
2024-05-07,5.855000019073486,6.199999809265137,5.690000057220459,5.71999979019165,5.71999979019165,1700
2024-05-08,5.71999979019165,5.71999979019165,5.71999979019165,5.71999979019165,5.71999979019165,0
2024-05-09,6.123000144958496,6.123000144958496,5.980000019073486,5.980000019073486,5.980000019073486,800
2024-05-10,6.699999809265137,6.699999809265137,5.199999809265137,5.199999809265137,5.199999809265137,500
2024-05-13,5.5,5.5,5.5,5.5,5.5,1900
2024-05-14,5.400000095367432,5.400000095367432,5.019999980926514,5.019999980926514,5.019999980926514,1300
2024-05-15,5.5,5.666999816894531,5.5,5.666999816894531,5.666999816894531,1200
2024-05-16,5.679999828338623,5.699999809265137,5.679999828338623,5.699999809265137,5.699999809265137,700
2024-05-17,5.599999904632568,5.599999904632568,4.659999847412109,4.659999847412109,4.659999847412109,2600
2024-05-20,5.300000190734863,5.320000171661377,5.25,5.25,5.25,14900
2024-05-21,4.849999904632568,4.849999904632568,4.849999904632568,4.849999904632568,4.849999904632568,13800
2024-05-22,4.849999904632568,4.849999904632568,4.849999904632568,4.849999904632568,4.849999904632568,0
2024-05-23,5.789999961853027,5.980000019073486,5.400000095367432,5.980000019073486,5.980000019073486,2200
2024-05-24,5.482999801635742,5.482999801635742,5.482999801635742,5.482999801635742,5.482999801635742,200
2024-05-28,5.482999801635742,5.482999801635742,5.482999801635742,5.482999801635742,5.482999801635742,100
2024-05-29,5.482999801635742,5.482999801635742,5.482999801635742,5.482999801635742,5.482999801635742,0
2024-05-30,5.482999801635742,5.482999801635742,5.482999801635742,5.482999801635742,5.482999801635742,0
2024-05-31,5.815000057220459,5.815000057220459,5.815000057220459,5.815000057220459,5.815000057220459,100
2024-06-03,4.980000019073486,5.139999866485596,4.929999828338623,4.929999828338623,4.929999828338623,1700
2024-06-04,5.0,5.010000228881836,5.0,5.0,5.0,900
2024-06-05,5.0,5.0,5.0,5.0,5.0,0
2024-06-06,4.980000019073486,5.400000095367432,4.980000019073486,5.125,5.125,300
2024-06-07,5.125,5.125,5.125,5.125,5.125,0
2024-06-10,5.25,5.25,5.25,5.25,5.25,100
2024-06-11,5.25,5.25,5.25,5.25,5.25,0
2024-06-12,5.25,5.25,5.25,5.25,5.25,0
2024-06-13,5.25,5.25,5.25,5.25,5.25,0
2024-06-14,4.849999904632568,5.0,4.75,4.75,4.75,3800
2024-06-17,4.619999885559082,5.119999885559082,4.570000171661377,4.599999904632568,4.599999904632568,6200
2024-06-18,4.21999979019165,4.409999847412109,4.179999828338623,4.179999828338623,4.179999828338623,1600
2024-06-20,4.289999961853027,4.289999961853027,4.199999809265137,4.239999771118164,4.239999771118164,7900
2024-06-21,4.300000190734863,4.389999866485596,3.950000047683716,4.0,4.0,10200
2024-06-24,3.9600000381469727,3.9600000381469727,3.9600000381469727,3.9600000381469727,3.9600000381469727,200
2024-06-25,4.0,4.010000228881836,4.0,4.010000228881836,4.010000228881836,800
2024-06-26,3.990000009536743,4.400000095367432,3.990000009536743,4.25,4.25,2700
2024-06-27,4.489999771118164,4.489999771118164,4.159999847412109,4.400000095367432,4.400000095367432,5200
2024-06-28,4.400000095367432,4.739999771118164,4.050000190734863,4.300000190734863,4.300000190734863,9100
2024-07-01,4.039999961853027,4.039999961853027,4.0,4.0,4.0,500
2024-07-02,4.210000038146973,4.440000057220459,4.199999809265137,4.199999809265137,4.199999809265137,6500
2024-07-03,4.760000228881836,4.760000228881836,4.139999866485596,4.139999866485596,4.139999866485596,14300
2024-07-05,4.300000190734863,4.550000190734863,4.199999809265137,4.199999809265137,4.199999809265137,5000
2024-07-08,4.199999809265137,4.579999923706055,4.179999828338623,4.179999828338623,4.179999828338623,2600
2024-07-09,4.400000095367432,5.070000171661377,4.070000171661377,4.21999979019165,4.21999979019165,16000
2024-07-10,4.5,4.5,4.400000095367432,4.400000095367432,4.400000095367432,800
2024-07-11,4.21999979019165,4.809999942779541,4.079999923706055,4.199999809265137,4.199999809265137,17100
2024-07-12,4.300000190734863,4.5,4.119999885559082,4.349999904632568,4.349999904632568,10100
2024-07-15,4.579999923706055,5.989999771118164,4.380000114440918,5.5,5.5,27900
2024-07-16,5.699999809265137,5.75,5.059999942779541,5.300000190734863,5.300000190734863,38200
2024-07-17,5.300000190734863,5.633999824523926,5.300000190734863,5.329999923706055,5.329999923706055,16200
2024-07-18,5.679999828338623,6.440000057220459,5.510000228881836,5.800000190734863,5.800000190734863,5500
2024-07-19,5.909999847412109,6.460000038146973,5.71999979019165,5.739999771118164,5.739999771118164,4800
2024-07-22,5.800000190734863,5.853000164031982,5.699999809265137,5.710000038146973,5.710000038146973,1800
2024-07-23,5.340000152587891,5.550000190734863,5.340000152587891,5.349999904632568,5.349999904632568,800
2024-07-24,5.440000057220459,5.489999771118164,5.440000057220459,5.489999771118164,5.489999771118164,500
2024-07-25,5.590000152587891,5.769999980926514,5.260000228881836,5.550000190734863,5.550000190734863,5000
2024-07-26,5.309999942779541,5.309999942779541,5.289999961853027,5.309999942779541,5.309999942779541,1600
2024-07-29,5.300000190734863,5.300000190734863,5.300000190734863,5.300000190734863,5.300000190734863,500
2024-07-30,5.300000190734863,5.300000190734863,4.5,4.800000190734863,4.800000190734863,2700
2024-07-31,5.0,5.300000190734863,5.0,5.300000190734863,5.300000190734863,5800
2024-08-01,4.619999885559082,4.699999809265137,4.619999885559082,4.699999809265137,4.699999809265137,400
2024-08-02,4.300000190734863,4.300000190734863,3.630000114440918,3.8399999141693115,3.8399999141693115,3300
2024-08-05,3.5,3.9100000858306885,3.5,3.9000000953674316,3.9000000953674316,3700
2024-08-06,3.549999952316284,4.389999866485596,3.5399999618530273,4.389999866485596,4.389999866485596,1200
2024-08-07,4.389999866485596,4.389999866485596,4.389999866485596,4.389999866485596,4.389999866485596,0
2024-08-08,4.389999866485596,4.389999866485596,4.389999866485596,4.389999866485596,4.389999866485596,1300
2024-08-09,4.389999866485596,4.389999866485596,4.389999866485596,4.389999866485596,4.389999866485596,0
2024-08-12,4.599999904632568,4.599999904632568,4.199999809265137,4.199999809265137,4.199999809265137,600
2024-08-13,4.199999809265137,4.199999809265137,4.199999809265137,4.199999809265137,4.199999809265137,0
2024-08-14,4.199999809265137,4.199999809265137,4.199999809265137,4.199999809265137,4.199999809265137,0
2024-08-15,4.610000133514404,4.610000133514404,4.510000228881836,4.510000228881836,4.510000228881836,1600
2024-08-16,4.510000228881836,4.510000228881836,4.510000228881836,4.510000228881836,4.510000228881836,100
2024-08-19,4.510000228881836,4.510000228881836,4.510000228881836,4.510000228881836,4.510000228881836,0
2024-08-20,4.239999771118164,4.239999771118164,4.239999771118164,4.239999771118164,4.239999771118164,900
2024-08-21,4.239999771118164,4.239999771118164,4.239999771118164,4.239999771118164,4.239999771118164,0
2024-08-22,4.239999771118164,4.239999771118164,4.239999771118164,4.239999771118164,4.239999771118164,0
2024-08-23,4.239999771118164,4.239999771118164,4.239999771118164,4.239999771118164,4.239999771118164,0
2024-08-26,4.239999771118164,4.239999771118164,4.239999771118164,4.239999771118164,4.239999771118164,0
2024-08-27,4.239999771118164,4.239999771118164,4.239999771118164,4.239999771118164,4.239999771118164,0
2024-08-28,4.239999771118164,4.239999771118164,4.239999771118164,4.239999771118164,4.239999771118164,0
2024-08-29,4.960000038146973,5.300000190734863,4.869999885559082,5.300000190734863,5.300000190734863,9800
2024-08-30,5.300000190734863,5.300000190734863,5.300000190734863,5.300000190734863,5.300000190734863,0
2024-09-03,4.550000190734863,4.550000190734863,4.519999980926514,4.519999980926514,4.519999980926514,400
2024-09-04,4.300000190734863,4.320000171661377,4.079999923706055,4.079999923706055,4.079999923706055,2400
2024-09-05,4.28000020980835,4.329999923706055,4.150000095367432,4.239999771118164,4.239999771118164,2000
2024-09-06,4.070000171661377,4.070000171661377,4.0,4.0,4.0,5400
2024-09-09,4.414999961853027,4.449999809265137,4.25,4.25,4.25,500
2024-09-10,4.25,4.25,4.25,4.25,4.25,0
2024-09-11,4.0,4.0,3.2049999237060547,4.0,4.0,11200
2024-09-12,3.9000000953674316,3.9800000190734863,3.9000000953674316,3.9800000190734863,3.9800000190734863,300
2024-09-13,4.099999904632568,4.25,4.0,4.071000099182129,4.071000099182129,1500
