Date,Open,High,Low,Close,Adj Close,Volume
2021-04-20,28200.0,45000.0,21200.0,24120.0,24120.0,2107
2021-04-21,20280.0,20800.0,16600.0,18960.0,18960.0,980
2021-04-22,18120.0,19960.0,17200.0,17960.0,17960.0,524
2021-04-23,17920.0,18760.0,16800.0,16880.0,16880.0,342
2021-04-26,17280.0,18600.0,16456.0,17320.0,17320.0,298
2021-04-27,17360.0,17640.0,17040.0,17320.0,17320.0,178
2021-04-28,17280.0,17880.0,17200.0,17560.0,17560.0,176
2021-04-29,17800.0,17816.0,16840.0,17200.0,17200.0,133
2021-04-30,16760.0,16920.0,15600.0,16240.0,16240.0,171
2021-05-03,15960.0,15960.0,14640.0,14840.0,14840.0,166
2021-05-04,14320.0,15840.0,14096.0,15560.0,15560.0,126
2021-05-05,15480.0,16160.0,15060.0,15320.0,15320.0,126
2021-05-06,17152.0,20800.0,15560.0,16840.0,16840.0,4453
2021-05-07,16160.0,17600.0,16160.0,17560.0,17560.0,269
2021-05-10,17560.0,17600.0,16280.0,16280.0,16280.0,116
2021-05-11,15480.0,15840.0,14920.0,15480.0,15480.0,150
2021-05-12,14920.0,15840.0,14800.0,15240.0,15240.0,133
2021-05-13,15160.0,15760.0,14820.0,15172.0,15172.0,96
2021-05-14,15320.0,15680.0,14800.0,15480.0,15480.0,62
2021-05-17,15120.0,15360.0,14840.0,15200.0,15200.0,60
2021-05-18,14880.0,15120.0,14720.0,14840.0,14840.0,96
2021-05-19,14680.0,15160.0,14600.0,15160.0,15160.0,29
2021-05-20,15200.0,16800.0,14960.0,15960.0,15960.0,157
2021-05-21,16240.0,16240.0,15400.0,15760.0,15760.0,44
2021-05-24,15600.0,15920.0,15200.0,15280.0,15280.0,26
2021-05-25,15240.0,15560.0,15040.0,15280.0,15280.0,21
2021-05-26,15120.0,15600.0,14840.0,15360.0,15360.0,72
2021-05-27,15240.0,15440.0,14880.0,14920.0,14920.0,45
2021-05-28,14880.0,15520.0,14880.0,15280.0,15280.0,66
2021-06-01,15280.0,15480.0,14880.0,15080.0,15080.0,41
2021-06-02,14920.0,15400.0,14840.0,14960.0,14960.0,63
2021-06-03,14920.0,15400.0,14480.0,14960.0,14960.0,53
2021-06-04,15160.0,15360.0,14840.0,15120.0,15120.0,80
2021-06-07,15160.0,15360.0,15000.0,15040.0,15040.0,83
2021-06-08,15200.0,16360.0,14960.0,16360.0,16360.0,108
2021-06-09,16200.0,16520.0,15664.0,15680.0,15680.0,54
2021-06-10,16320.0,16320.0,15280.0,15720.0,15720.0,118
2021-06-11,15960.0,15960.0,15440.0,15760.0,15760.0,33
2021-06-14,15800.0,16000.0,15400.0,15920.0,15920.0,64
2021-06-15,15960.0,16120.0,15160.0,15440.0,15440.0,131
2021-06-16,15360.0,15760.0,14600.0,14760.0,14760.0,98
2021-06-17,14760.0,15072.0,14600.0,14720.0,14720.0,29
2021-06-18,14600.0,14920.0,14240.0,14240.0,14240.0,57
2021-06-21,14400.0,14480.0,13280.0,13520.0,13520.0,107
2021-06-22,13360.0,15400.0,13000.0,14920.0,14920.0,267
2021-06-23,14960.0,15560.0,14280.0,14880.0,14880.0,276
2021-06-24,17060.0,18840.0,15120.0,15320.0,15320.0,2237
2021-06-25,15320.0,16628.0,15160.0,16240.0,16240.0,487
2021-06-28,16280.0,16280.0,14880.0,15520.0,15520.0,336
2021-06-29,15760.0,24400.0,15480.0,20280.0,20280.0,13398
2021-06-30,19760.0,21920.0,18000.0,18680.0,18680.0,1999
2021-07-01,17560.0,19520.0,16080.0,16720.0,16720.0,1053
2021-07-02,16600.0,17880.0,16000.0,16200.0,16200.0,275
2021-07-06,15800.0,15920.0,14400.0,14600.0,14600.0,578
2021-07-07,14600.0,15160.0,13684.0,14160.0,14160.0,566
2021-07-08,13840.0,15240.0,13280.0,14480.0,14480.0,495
2021-07-09,14600.0,17400.0,14240.0,16680.0,16680.0,633
2021-07-12,16200.0,16360.0,14700.0,14840.0,14840.0,224
2021-07-13,14960.0,16640.0,14240.0,14800.0,14800.0,297
2021-07-14,15000.0,15480.0,14400.0,14520.0,14520.0,131
2021-07-15,14400.0,14840.0,13240.0,13460.0,13460.0,199
2021-07-16,13720.0,14000.0,13240.0,13520.0,13520.0,152
2021-07-19,13440.0,13520.0,12400.0,12720.0,12720.0,139
2021-07-20,13480.0,13920.0,12800.0,13440.0,13440.0,395
2021-07-21,13600.0,13960.0,13400.0,13760.0,13760.0,143
2021-07-22,13600.0,13800.0,12800.0,12840.0,12840.0,105
2021-07-23,12960.0,13360.0,12480.0,12760.0,12760.0,89
2021-07-26,12720.0,13120.0,12240.0,12440.0,12440.0,81
2021-07-27,12480.0,12480.0,11000.0,11360.0,11360.0,156
2021-07-28,11640.0,14560.0,11520.0,13960.0,13960.0,1256
2021-07-29,13340.0,13764.0,12276.0,12480.0,12480.0,359
2021-07-30,12360.0,13280.0,12240.0,12440.0,12440.0,303
2021-08-02,12680.0,12760.0,11600.0,11600.0,11600.0,174
2021-08-03,12600.0,12800.0,11640.0,11760.0,11760.0,273
2021-08-04,11680.0,11712.0,11200.0,11240.0,11240.0,85
2021-08-05,11320.0,12560.0,11268.0,11680.0,11680.0,192
2021-08-06,11600.0,12160.0,11320.0,12000.0,12000.0,52
2021-08-09,11760.0,12160.0,11640.0,11920.0,11920.0,47
2021-08-10,12120.0,12160.0,11800.0,11880.0,11880.0,37
2021-08-11,11920.0,12680.0,11880.0,12320.0,12320.0,83
2021-08-12,12280.0,12760.0,11840.0,12480.0,12480.0,101
2021-08-13,12640.0,12640.0,11840.0,12000.0,12000.0,40
2021-08-16,12600.0,13396.0,12080.0,13120.0,13120.0,245
2021-08-17,12520.0,12540.0,11360.0,11400.0,11400.0,119
2021-08-18,12080.0,12080.0,11160.0,11200.0,11200.0,64
2021-08-19,11320.0,11400.0,10560.0,10640.0,10640.0,58
2021-08-20,10520.0,10920.0,10440.0,10720.0,10720.0,18
2021-08-23,10840.0,11116.0,10696.0,11000.0,11000.0,45
2021-08-24,11040.0,11440.0,10880.0,11080.0,11080.0,40
2021-08-25,11120.0,11480.0,11120.0,11280.0,11280.0,25
2021-08-26,11480.0,11480.0,10880.0,10960.0,10960.0,29
2021-08-27,11080.0,11400.0,11080.0,11400.0,11400.0,23
2021-08-30,11320.0,11400.0,11200.0,11400.0,11400.0,16
2021-08-31,11280.0,11800.0,11240.0,11440.0,11440.0,85
2021-09-01,11520.0,11600.0,11280.0,11520.0,11520.0,21
2021-09-02,11680.0,11720.0,11400.0,11560.0,11560.0,29
2021-09-03,11560.0,11660.0,11320.0,11520.0,11520.0,18
2021-09-07,11600.0,11648.0,11320.0,11440.0,11440.0,23
2021-09-08,11480.0,11532.0,10680.0,11080.0,11080.0,30
2021-09-09,10960.0,11120.0,10680.0,10880.0,10880.0,30
2021-09-10,10960.0,11120.0,10640.0,10840.0,10840.0,19
2021-09-13,10800.0,10800.0,10440.0,10600.0,10600.0,31
2021-09-14,10600.0,10720.0,9920.0,10200.0,10200.0,43
2021-09-15,10000.0,10360.0,9840.0,10360.0,10360.0,46
2021-09-16,10280.0,10520.0,9864.0,10440.0,10440.0,47
2021-09-17,10280.0,10280.0,10000.0,10000.0,10000.0,21
2021-09-20,9680.0,9840.0,9260.0,9400.0,9400.0,30
2021-09-21,9480.0,10344.0,9160.0,9880.0,9880.0,80
2021-09-22,9840.0,9880.0,9440.0,9720.0,9720.0,20
2021-09-23,9680.0,9888.0,9480.0,9520.0,9520.0,14
2021-09-24,9600.0,10000.0,9560.0,9920.0,9920.0,23
2021-09-27,9920.0,10080.0,9680.0,9760.0,9760.0,24
2021-09-28,9720.0,9836.0,9480.0,9640.0,9640.0,19
2021-09-29,9640.0,11200.0,9280.0,9640.0,9640.0,205
2021-09-30,9640.0,10000.0,9440.0,9600.0,9600.0,32
2021-10-01,9600.0,9760.0,9160.0,9160.0,9160.0,44
2021-10-04,9040.0,9200.0,8400.0,8400.0,8400.0,38
2021-10-05,8600.0,8700.0,8400.0,8440.0,8440.0,18
2021-10-06,8360.0,9000.0,8180.0,8600.0,8600.0,78
2021-10-07,8520.0,8880.0,8400.0,8480.0,8480.0,28
2021-10-08,8400.0,8720.0,8360.0,8640.0,8640.0,12
2021-10-11,8640.0,8760.0,8400.0,8600.0,8600.0,10
2021-10-12,8600.0,8760.0,8400.0,8680.0,8680.0,13
2021-10-13,8680.0,9440.0,8680.0,8920.0,8920.0,102
2021-10-14,8920.0,9160.0,8600.0,8680.0,8680.0,67
2021-10-15,8600.0,8800.0,8320.0,8520.0,8520.0,27
2021-10-18,8440.0,8600.0,8320.0,8480.0,8480.0,9
2021-10-19,8400.0,8640.0,8080.0,8360.0,8360.0,46
2021-10-20,8240.0,8680.0,8160.0,8600.0,8600.0,43
2021-10-21,8480.0,8800.0,8200.0,8320.0,8320.0,27
2021-10-22,8280.0,9000.0,8040.0,8160.0,8160.0,138
2021-10-25,8200.0,8600.0,8160.0,8600.0,8600.0,30
2021-10-26,8520.0,9400.0,8480.0,9240.0,9240.0,364
2021-10-27,9000.0,10120.0,8840.0,9720.0,9720.0,178
2021-10-28,9880.0,10200.0,8904.0,9440.0,9440.0,207
2021-10-29,9320.0,9760.0,9000.0,9560.0,9560.0,66
2021-11-01,9440.0,9920.0,9200.0,9400.0,9400.0,74
2021-11-02,9480.0,10840.0,9240.0,10760.0,10760.0,190
2021-11-03,10600.0,10640.0,9920.0,10120.0,10120.0,59
2021-11-04,10040.0,10352.0,9672.0,9800.0,9800.0,31
2021-11-05,9880.0,10020.0,9040.0,9080.0,9080.0,69
2021-11-08,9240.0,9480.0,8680.0,9120.0,9120.0,48
2021-11-09,9000.0,9000.0,8520.0,8600.0,8600.0,31
2021-11-10,8680.0,8760.0,8044.0,8160.0,8160.0,50
2021-11-11,8200.0,8532.0,8160.0,8320.0,8320.0,16
2021-11-12,8440.0,8720.0,8240.0,8600.0,8600.0,41
2021-11-15,8480.0,8640.0,8240.0,8400.0,8400.0,20
2021-11-16,8280.0,8440.0,8120.0,8200.0,8200.0,20
2021-11-17,8120.0,8320.0,8080.0,8280.0,8280.0,20
2021-11-18,8200.0,8200.0,7000.0,7120.0,7120.0,130
2021-11-19,7040.0,7124.0,6720.0,6720.0,6720.0,46
2021-11-22,6720.0,6760.0,6040.0,6120.0,6120.0,50
2021-11-23,6080.0,6360.0,6040.0,6080.0,6080.0,18
2021-11-24,6160.0,6600.0,6040.0,6600.0,6600.0,34
2021-11-26,6320.0,6560.0,6200.0,6376.0,6376.0,11
2021-11-29,6280.0,6360.0,6120.0,6180.0,6180.0,16
2021-11-30,6120.0,6360.0,5480.0,6000.0,6000.0,76
2021-12-01,5920.0,6160.0,5212.0,5240.0,5240.0,78
2021-12-02,5280.0,5356.0,4800.0,4800.0,4800.0,58
2021-12-03,5040.0,5040.0,4200.0,4200.0,4200.0,77
2021-12-06,4360.0,4800.0,3800.0,4760.0,4760.0,26
2021-12-07,4760.0,4920.0,4520.0,4560.0,4560.0,20
2021-12-08,4800.0,4960.0,4640.0,4640.0,4640.0,29
2021-12-09,4600.0,5560.0,4580.0,5320.0,5320.0,244
2021-12-10,5320.0,5348.0,5000.0,5120.0,5120.0,30
2021-12-13,5120.0,5120.0,4600.0,4760.0,4760.0,39
2021-12-14,4640.0,4920.0,4600.0,4720.0,4720.0,21
2021-12-15,4676.0,4680.0,4280.0,4620.0,4620.0,41
2021-12-16,4560.0,4880.0,4560.0,4640.0,4640.0,10
2021-12-17,4600.0,4800.0,4456.0,4720.0,4720.0,13
2021-12-20,4760.0,4880.0,4400.0,4440.0,4440.0,25
2021-12-21,4640.0,4720.0,4400.0,4600.0,4600.0,15
2021-12-22,4520.0,4840.0,4520.0,4640.0,4640.0,35
2021-12-23,4840.0,4840.0,4520.0,4760.0,4760.0,26
2021-12-27,4800.0,5280.0,4520.0,4660.0,4660.0,104
2021-12-28,4640.0,5000.0,4440.0,4680.0,4680.0,82
2021-12-29,4760.0,4880.0,4200.0,4240.0,4240.0,75
2021-12-30,4200.0,4712.0,4100.0,4640.0,4640.0,116
2021-12-31,4480.0,4600.0,4200.0,4320.0,4320.0,28
2022-01-03,4320.0,4680.0,4320.0,4588.0,4588.0,45
2022-01-04,4680.0,5080.0,4480.0,4840.0,4840.0,135
2022-01-05,4360.0,4816.0,4320.0,4400.0,4400.0,70
2022-01-06,4560.0,4560.0,4040.0,4260.0,4260.0,27
2022-01-07,4440.0,4920.0,4160.0,4560.0,4560.0,119
2022-01-10,4560.0,4560.0,4120.0,4160.0,4160.0,51
2022-01-11,4200.0,4320.0,4160.0,4320.0,4320.0,22
2022-01-12,4240.0,4320.0,4120.0,4156.0,4156.0,22
2022-01-13,4160.0,4160.0,3560.0,3780.0,3780.0,86
2022-01-14,3640.0,3960.0,3360.0,3360.0,3360.0,70
2022-01-18,3260.0,3520.0,3240.0,3280.0,3280.0,16
2022-01-19,3444.0,3520.0,3280.0,3480.0,3480.0,20
2022-01-20,3524.0,3576.0,3400.0,3400.0,3400.0,27
2022-01-21,3304.0,3444.0,3080.0,3140.0,3140.0,26
2022-01-24,3048.0,3320.0,2600.0,2996.0,2996.0,37
2022-01-25,2996.0,3084.0,2792.0,3000.0,3000.0,12
2022-01-26,3008.0,3800.0,2920.0,3200.0,3200.0,46
2022-01-27,3400.0,3400.0,2960.0,3228.0,3228.0,35
2022-01-28,3240.0,3760.0,3124.0,3480.0,3480.0,44
2022-01-31,3560.0,3560.0,3312.0,3440.0,3440.0,12
2022-02-01,3480.0,3720.0,3320.0,3640.0,3640.0,21
2022-02-02,3800.0,3800.0,3400.0,3424.0,3424.0,13
2022-02-03,3400.0,3600.0,3144.0,3400.0,3400.0,7
2022-02-04,3332.0,3560.0,3240.0,3340.0,3340.0,6
2022-02-07,3600.0,3600.0,3244.0,3544.0,3544.0,9
2022-02-08,3600.0,3920.0,3320.0,3740.0,3740.0,68
2022-02-09,4400.0,5120.0,4320.0,4840.0,4840.0,5703
2022-02-10,4520.0,4720.0,4160.0,4280.0,4280.0,360
2022-02-11,4320.0,4360.0,3860.0,3860.0,3860.0,107
2022-02-14,4160.0,4160.0,3480.0,3620.0,3620.0,101
2022-02-15,3604.0,4000.0,3600.0,3804.0,3804.0,43
2022-02-16,4040.0,4040.0,3600.0,3720.0,3720.0,30
2022-02-17,3880.0,3880.0,3360.0,3480.0,3480.0,33
2022-02-18,3484.0,3760.0,3384.0,3680.0,3680.0,17
2022-02-22,3600.0,3604.0,3240.0,3280.0,3280.0,18
2022-02-23,3280.0,3516.0,3136.0,3160.0,3160.0,19
2022-02-24,2700.0,3156.0,2024.0,3000.0,3000.0,29
2022-02-25,3088.0,3276.0,2900.0,3096.0,3096.0,16
2022-02-28,3080.0,3316.0,2864.0,3240.0,3240.0,18
2022-03-01,3360.0,3360.0,3008.0,3200.0,3200.0,12
2022-03-02,3200.0,3360.0,3000.0,3140.0,3140.0,7
2022-03-03,2856.0,3200.0,2856.0,3000.0,3000.0,11
2022-03-04,2920.0,3160.0,2768.0,3000.0,3000.0,24
2022-03-07,2940.0,3200.0,2800.0,3040.0,3040.0,12
2022-03-08,2960.0,2960.0,2640.0,2688.0,2688.0,33
2022-03-09,2804.0,2920.0,2644.0,2920.0,2920.0,46
2022-03-10,2800.0,3080.0,2680.0,3080.0,3080.0,26
2022-03-11,2844.0,2980.0,2800.0,2840.0,2840.0,17
2022-03-14,2760.0,2840.0,2200.0,2368.0,2368.0,40
2022-03-15,2356.0,2480.0,2200.0,2320.0,2320.0,36
2022-03-16,2520.0,2760.0,2400.0,2520.0,2520.0,57
2022-03-17,2640.0,2960.0,2540.0,2840.0,2840.0,65
2022-03-18,2800.0,3156.0,2720.0,2852.0,2852.0,31
2022-03-21,3000.0,3044.0,2804.0,2840.0,2840.0,6
2022-03-22,2840.0,3120.0,2840.0,3004.0,3004.0,29
2022-03-23,3040.0,3360.0,2980.0,3216.0,3216.0,53
2022-03-24,3360.0,3600.0,3120.0,3500.0,3500.0,30
2022-03-25,3600.0,3668.0,3420.0,3460.0,3460.0,18
2022-03-28,3504.0,3600.0,3012.0,3196.0,3196.0,60
2022-03-29,3200.0,3200.0,3004.0,3100.0,3100.0,23
2022-03-30,3100.0,3120.0,2688.0,2808.0,2808.0,38
2022-03-31,2800.0,2960.0,2760.0,2792.0,2792.0,17
2022-04-01,2840.0,2920.0,2760.0,2800.0,2800.0,15
2022-04-04,2880.0,3000.0,2840.0,2900.0,2900.0,6
2022-04-05,3068.0,3160.0,2920.0,3108.0,3108.0,17
2022-04-06,2880.0,2988.0,2808.0,2812.0,2812.0,31
2022-04-07,2780.0,2940.0,2700.0,2720.0,2720.0,23
2022-04-08,2752.0,2800.0,2700.0,2704.0,2704.0,18
2022-04-11,2752.0,2812.0,2700.0,2804.0,2804.0,28
2022-04-12,2804.0,2880.0,2728.0,2792.0,2792.0,26
2022-04-13,2792.0,2880.0,2700.0,2792.0,2792.0,13
2022-04-14,2748.0,2808.0,2700.0,2720.0,2720.0,8
2022-04-18,2800.0,2800.0,2700.0,2736.0,2736.0,20
2022-04-19,2720.0,2960.0,2720.0,2864.0,2864.0,7
2022-04-20,3000.0,3000.0,2844.0,2956.0,2956.0,14
2022-04-21,2900.0,3160.0,2900.0,2960.0,2960.0,7
2022-04-22,3120.0,3120.0,2744.0,2800.0,2800.0,20
2022-04-25,2748.0,2920.0,2720.0,2840.0,2840.0,17
2022-04-26,2740.0,2900.0,2360.0,2800.0,2800.0,28
2022-04-27,2840.0,2840.0,2680.0,2744.0,2744.0,8
2022-04-28,2800.0,2800.0,2600.0,2720.0,2720.0,10
2022-04-29,2760.0,2960.0,2760.0,2840.0,2840.0,23
2022-05-02,2840.0,3120.0,2800.0,2992.0,2992.0,20
2022-05-03,2832.0,3000.0,2620.0,2800.0,2800.0,7
2022-05-04,2768.0,2920.0,2604.0,2800.0,2800.0,17
2022-05-05,2896.0,2896.0,2744.0,2780.0,2780.0,4
2022-05-06,2656.0,2788.0,2604.0,2668.0,2668.0,5
2022-05-09,2604.0,2620.0,2200.0,2292.0,2292.0,24
2022-05-10,2384.0,2384.0,2200.0,2324.0,2324.0,19
2022-05-11,2200.0,2312.0,2068.0,2168.0,2168.0,13
2022-05-12,2168.0,2200.0,2040.0,2112.0,2112.0,7
2022-05-13,2120.0,2240.0,2040.0,2220.0,2220.0,13
2022-05-16,2240.0,2280.0,2040.0,2192.0,2192.0,4
2022-05-17,2352.0,2616.0,2220.0,2480.0,2480.0,10
2022-05-18,2184.0,2560.0,2184.0,2496.0,2496.0,5
2022-05-19,2556.0,2560.0,2280.0,2560.0,2560.0,3
2022-05-20,2580.0,2800.0,2520.0,2600.0,2600.0,2
2022-05-23,2592.0,2880.0,2400.0,2880.0,2880.0,33
2022-05-24,2880.0,2880.0,2560.0,2700.0,2700.0,6
2022-05-25,2800.0,2800.0,2636.0,2800.0,2800.0,3
2022-05-26,2720.0,2760.0,2520.0,2600.0,2600.0,6
2022-05-27,2560.0,2800.0,2520.0,2796.0,2796.0,4
2022-05-31,2760.0,2800.0,2600.0,2700.0,2700.0,3
2022-06-01,2600.0,2880.0,2560.0,2840.0,2840.0,2
2022-06-02,2640.0,2880.0,2640.0,2680.0,2680.0,11
2022-06-03,2720.0,2724.0,2444.0,2600.0,2600.0,18
2022-06-06,2480.0,2648.0,2400.0,2552.0,2552.0,4
2022-06-07,2480.0,2480.0,2440.0,2468.0,2468.0,5
2022-06-08,2400.0,2400.0,2000.0,2288.0,2288.0,25
2022-06-09,2240.0,2880.0,2156.0,2560.0,2560.0,77
2022-06-10,2440.0,2800.0,2360.0,2488.0,2488.0,20
2022-06-13,2360.0,2488.0,2240.0,2244.0,2244.0,2
2022-06-14,2240.0,2400.0,2164.0,2164.0,2164.0,13
2022-06-15,2160.0,2200.0,2120.0,2120.0,2120.0,6
2022-06-16,2124.0,2124.0,2020.0,2104.0,2104.0,7
2022-06-17,2000.0,2200.0,2000.0,2188.0,2188.0,5
2022-06-21,2072.0,3388.0,2000.0,2360.0,2360.0,422
2022-06-22,2200.0,2312.0,2104.0,2184.0,2184.0,20
2022-06-23,2144.0,2380.0,2000.0,2352.0,2352.0,43
2022-06-24,2440.0,2440.0,2352.0,2388.0,2388.0,19
2022-06-27,2800.0,2800.0,2220.0,2280.0,2280.0,27
2022-06-28,2256.0,2676.0,2256.0,2400.0,2400.0,212
2022-06-29,2468.0,2468.0,1920.0,2100.0,2100.0,82
2022-06-30,2036.0,2036.0,1804.0,1896.0,1896.0,43
2022-07-01,1956.0,2160.0,1896.0,1980.0,1980.0,30
2022-07-05,2076.0,2080.0,1920.0,1944.0,1944.0,13
2022-07-06,1960.0,1960.0,1940.0,1940.0,1940.0,24
2022-07-07,2036.0,2036.0,1884.0,1916.0,1916.0,39
2022-07-08,1960.0,1960.0,1884.0,1920.0,1920.0,7
2022-07-11,1880.0,1956.0,1832.0,1904.0,1904.0,12
2022-07-12,1900.0,2040.0,1760.0,1920.0,1920.0,32
2022-07-13,1900.0,1920.0,1800.0,1880.0,1880.0,5
2022-07-14,1840.0,1860.0,1680.0,1800.0,1800.0,5
2022-07-15,1796.0,1800.0,1704.0,1776.0,1776.0,9
2022-07-18,1800.0,1800.0,1720.0,1736.0,1736.0,3
2022-07-19,1720.0,2080.0,1720.0,1800.0,1800.0,172
2022-07-20,1800.0,1840.0,1740.0,1764.0,1764.0,30
2022-07-21,1756.0,1780.0,1724.0,1752.0,1752.0,10
2022-07-22,1760.0,1760.0,1600.0,1656.0,1656.0,25
2022-07-25,1760.0,1760.0,1600.0,1644.0,1644.0,19
2022-07-26,1612.0,1640.0,1484.0,1520.0,1520.0,19
2022-07-27,1500.0,1536.0,1492.0,1492.0,1492.0,15
2022-07-28,1480.0,1552.0,1468.0,1484.0,1484.0,4
2022-07-29,1612.0,1612.0,1440.0,1488.0,1488.0,6
2022-08-01,1540.0,1568.0,1440.0,1492.0,1492.0,11
2022-08-02,1440.0,1920.0,1420.0,1840.0,1840.0,104
2022-08-03,1680.0,1760.0,1600.0,1712.0,1712.0,31
2022-08-04,1668.0,2156.0,1668.0,1824.0,1824.0,139
2022-08-05,1792.0,2108.0,1700.0,1920.0,1920.0,151
2022-08-08,1864.0,1916.0,1732.0,1872.0,1872.0,29
2022-08-09,1816.0,1904.0,1704.0,1736.0,1736.0,27
2022-08-10,1680.0,1888.0,1680.0,1796.0,1796.0,25
2022-08-11,1768.0,1800.0,1680.0,1720.0,1720.0,19
2022-08-12,1780.0,1800.0,1700.0,1704.0,1704.0,16
2022-08-15,1712.0,1732.0,1616.0,1684.0,1684.0,14
2022-08-16,1776.0,1776.0,1616.0,1700.0,1700.0,15
2022-08-17,1668.0,1668.0,1640.0,1640.0,1640.0,4
2022-08-18,1640.0,1720.0,1520.0,1560.0,1560.0,34
2022-08-19,1560.0,1560.0,1480.0,1480.0,1480.0,33
2022-08-22,1480.0,1560.0,1468.0,1472.0,1472.0,19
2022-08-23,1480.0,1560.0,1472.0,1528.0,1528.0,42
2022-08-24,1556.0,1556.0,1488.0,1496.0,1496.0,7
2022-08-25,1548.0,1576.0,1488.0,1500.0,1500.0,31
2022-08-26,1504.0,1580.0,1444.0,1444.0,1444.0,10
2022-08-29,1476.0,1480.0,1404.0,1416.0,1416.0,13
2022-08-30,1412.0,1412.0,1364.0,1368.0,1368.0,14
2022-08-31,1400.0,1480.0,1360.0,1456.0,1456.0,13
2022-09-01,1440.0,1480.0,1404.0,1412.0,1412.0,33
2022-09-02,1400.0,1480.0,1372.0,1384.0,1384.0,8
2022-09-06,1400.0,1480.0,1384.0,1384.0,1384.0,14
2022-09-07,1360.0,1364.0,1352.0,1360.0,1360.0,17
2022-09-08,1396.0,1596.0,1260.0,1476.0,1476.0,559
2022-09-09,1808.0,2120.0,1448.0,1560.0,1560.0,10993
2022-09-12,1632.0,1696.0,1456.0,1544.0,1544.0,6377
2022-09-13,1488.0,2112.0,1456.0,1976.0,1976.0,6842
2022-09-14,1776.0,1784.0,1200.0,1224.0,1224.0,1561
2022-09-15,1232.0,1336.0,1128.0,1144.0,1144.0,280
2022-09-16,1112.0,1112.0,968.0,1008.0,1008.0,353
2022-09-19,1040.0,1040.0,880.0,896.0,896.0,313
2022-09-20,912.0,992.0,888.0,960.0,960.0,292
2022-09-21,976.0,992.0,888.0,944.0,944.0,149
2022-09-22,920.0,936.0,888.0,888.0,888.0,77
2022-09-23,896.0,926.4000244140625,808.0,864.0,864.0,113
2022-09-26,864.0,904.0,840.0,872.0,872.0,22
2022-09-27,872.0,960.0,872.0,944.0,944.0,122
2022-09-28,968.0,968.0,912.0,928.0,928.0,57
2022-09-29,880.0,960.0,864.0,888.0,888.0,26
2022-09-30,848.0,872.0,816.0,872.0,872.0,42
2022-10-03,888.0,984.0,856.7999877929688,904.0,904.0,204
2022-10-04,896.0,936.0,896.0,912.0,912.0,43
2022-10-05,968.0,1000.0,896.0,992.0,992.0,218
2022-10-06,936.0,986.4000244140625,928.0,968.0,968.0,33
2022-10-07,960.0,960.0,896.0,920.0,920.0,17
2022-10-10,904.0,928.0,864.0,912.0,912.0,23
2022-10-11,912.0,944.0,856.0,912.0,912.0,15
2022-10-12,904.0,936.0,872.0,904.0,904.0,25
2022-10-13,864.0,940.0,864.0,904.0,904.0,45
2022-10-14,928.0,928.0,864.0,884.0,884.0,20
2022-10-17,864.0,904.0,864.0,880.0,880.0,10
2022-10-18,896.0,960.0,888.0,944.0,944.0,49
2022-10-19,888.0,928.0,880.0,880.0,880.0,13
2022-10-20,888.0,915.2000122070312,872.0,880.0,880.0,18
2022-10-21,870.4000244140625,904.0,848.0,904.0,904.0,8
2022-10-24,920.0,920.0,689.5999755859375,792.0,792.0,37
2022-10-25,784.0,832.0,729.5999755859375,760.0,760.0,59
2022-10-26,772.0,776.0,746.4000244140625,760.0,760.0,11
2022-10-27,746.4000244140625,772.7999877929688,744.0,746.4000244140625,746.4000244140625,2
2022-10-28,746.4000244140625,760.0,724.7999877929688,728.7999877929688,728.7999877929688,9
2022-10-31,720.0,760.0,654.4000244140625,692.0,692.0,56
2022-11-01,752.0,752.0,696.0,728.0,728.0,14
2022-11-02,720.0,720.0,661.5999755859375,674.4000244140625,674.4000244140625,9
2022-11-03,664.7999877929688,680.0,656.0,667.2000122070312,667.2000122070312,14
2022-11-04,680.0,720.0,584.0,664.0,664.0,101
2022-11-07,672.0,697.5999755859375,624.0,685.5999755859375,685.5999755859375,43
2022-11-08,680.0,720.0,636.0,688.0,688.0,31
2022-11-09,640.0,688.0,621.5999755859375,648.0,648.0,20
2022-11-10,672.7999877929688,720.0,665.5999755859375,701.5999755859375,701.5999755859375,17
2022-11-11,720.0,720.0,696.0,708.0,708.0,24
2022-11-14,710.4000244140625,720.0,688.0,720.0,720.0,13
2022-11-15,720.0,760.0,688.7999877929688,728.0,728.0,40
2022-11-16,724.0,726.4000244140625,664.7999877929688,720.0,720.0,12
2022-11-17,756.0,760.0,600.0,736.0,736.0,66
2022-11-18,734.4000244140625,736.0,620.7999877929688,727.2000122070312,727.2000122070312,12
2022-11-21,671.2000122070312,736.0,671.2000122070312,684.7999877929688,684.7999877929688,16
2022-11-22,728.0,728.0,656.0,712.0,712.0,45
2022-11-23,696.0,712.0,600.0,656.0,656.0,24
2022-11-25,661.5999755859375,661.5999755859375,600.0,608.0,608.0,19
2022-11-28,592.0,624.0,585.5999755859375,585.5999755859375,585.5999755859375,6
2022-11-29,560.0,585.5999755859375,560.0,581.5999755859375,581.5999755859375,23
2022-11-30,587.2000122070312,616.0,568.7999877929688,592.0,592.0,20
2022-12-01,608.0,640.0,600.0,640.0,640.0,32
2022-12-02,648.0,648.0,534.4000244140625,602.4000244140625,602.4000244140625,14
2022-12-05,602.4000244140625,640.0,600.0,640.0,640.0,24
2022-12-06,609.5999755859375,609.5999755859375,544.0,548.7999877929688,548.7999877929688,38
2022-12-07,558.4000244140625,600.0,544.0,565.5999755859375,565.5999755859375,9
2022-12-08,560.0,560.0,456.0,536.0,536.0,126
2022-12-09,536.0,784.0,496.0,679.2000122070312,679.2000122070312,421
2022-12-12,624.0,652.7999877929688,589.5999755859375,616.0,616.0,49
2022-12-13,584.7999877929688,712.0,584.7999877929688,712.0,712.0,38
2022-12-14,713.5999755859375,713.5999755859375,608.0,672.0,672.0,36
2022-12-15,628.0,704.0,592.0,592.0,592.0,13
2022-12-16,600.0,680.0,600.0,632.7999877929688,632.7999877929688,2
2022-12-19,660.0,686.4000244140625,630.4000244140625,630.4000244140625,630.4000244140625,2
2022-12-20,630.4000244140625,632.0,592.0,592.0,592.0,1
2022-12-21,556.7999877929688,632.0,512.0,512.0,512.0,48
2022-12-22,520.0,678.4000244140625,520.0,678.4000244140625,678.4000244140625,38
2022-12-23,678.4000244140625,678.4000244140625,592.0,608.7999877929688,608.7999877929688,21
2022-12-27,591.2000122070312,591.2000122070312,560.0,591.2000122070312,591.2000122070312,5
2022-12-28,560.0,560.0,452.0,520.0,520.0,44
2022-12-29,512.0,552.0,504.0,524.0,524.0,25
2022-12-30,514.4000244140625,528.0,440.79998779296875,480.0,480.0,52
2023-01-03,480.0,551.2000122070312,449.6000061035156,551.2000122070312,551.2000122070312,16
2023-01-04,544.0,616.0,480.0,592.0,592.0,59
2023-01-05,568.0,640.0,496.0,616.0,616.0,35
2023-01-06,639.2000122070312,1040.0,624.0,752.0,752.0,1021
2023-01-09,680.0,728.0,600.0,638.4000244140625,638.4000244140625,82
2023-01-10,619.2000122070312,661.5999755859375,608.0,611.2000122070312,611.2000122070312,10
2023-01-11,661.5999755859375,661.5999755859375,611.2000122070312,640.0,640.0,14
2023-01-12,639.2000122070312,639.2000122070312,592.0,632.0,632.0,28
2023-01-13,587.2000122070312,759.2000122070312,587.2000122070312,660.0,660.0,268
2023-01-17,680.0,712.0,592.0,634.4000244140625,634.4000244140625,92
2023-01-18,640.0,672.0,600.0,642.4000244140625,642.4000244140625,89
2023-01-19,624.0,702.4000244140625,616.0,677.5999755859375,677.5999755859375,42
2023-01-20,712.0,712.0,642.4000244140625,700.0,700.0,36
2023-01-23,700.0,788.0,700.0,748.0,748.0,118
2023-01-24,775.2000122070312,776.0,713.5999755859375,760.0,760.0,24
2023-01-25,760.0,760.0,704.0,735.2000122070312,735.2000122070312,7
2023-01-26,705.5999755859375,840.0,680.0,736.0,736.0,194
2023-01-27,760.0,920.0,704.0,808.0,808.0,241
2023-01-30,960.0,1080.0,888.0,928.0,928.0,379
2023-01-31,904.0,1152.0,864.0,952.0,952.0,510
2023-02-01,912.0,1264.0,880.0,1120.0,1120.0,387
2023-02-02,1120.0,1152.0,960.0,960.0,960.0,244
2023-02-03,968.0,1072.0,888.0,960.0,960.0,286
2023-02-06,1064.0,1128.0,976.0,1040.0,1040.0,216
2023-02-07,1008.0,1060.0,912.0,1008.0,1008.0,192
2023-02-08,992.0,992.0,904.0,912.0,912.0,65
2023-02-09,912.0,968.0,795.2000122070312,832.0,832.0,62
2023-02-10,808.0,816.0,720.0,779.2000122070312,779.2000122070312,144
2023-02-13,816.0,816.0,731.2000122070312,731.2000122070312,731.2000122070312,28
2023-02-14,760.0,760.0,680.7999877929688,760.0,760.0,14
2023-02-15,760.0,880.0,747.2000122070312,848.0,848.0,125
2023-02-16,848.0,1014.4000244140625,781.5999755859375,992.0,992.0,348
2023-02-17,1016.0,1288.0,888.0,1128.0,1128.0,3128
2023-02-21,1256.0,1360.0,1088.800048828125,1264.0,1264.0,5669
2023-02-22,1176.0,1280.0,1088.0,1256.0,1256.0,4495
2023-02-23,1217.5999755859375,1328.0,1052.0,1167.199951171875,1167.199951171875,3596
2023-02-24,720.0,776.0,672.7999877929688,685.5999755859375,685.5999755859375,617
2023-02-27,684.0,696.7999877929688,600.0,632.0,632.0,120
2023-02-28,624.0,660.0,612.7999877929688,642.4000244140625,642.4000244140625,98
2023-03-01,637.5999755859375,637.5999755859375,496.79998779296875,544.0,544.0,241
2023-03-02,529.5999755859375,608.0,528.0,560.0,560.0,132
2023-03-03,568.0,608.0,552.0,565.5999755859375,565.5999755859375,79
2023-03-06,560.0,583.2000122070312,552.0,560.0,560.0,55
2023-03-07,544.0,576.0,536.0,544.0,544.0,95
2023-03-08,540.7999877929688,568.0,496.79998779296875,513.5999755859375,513.5999755859375,69
2023-03-09,536.0,568.0,536.0,568.0,568.0,82
2023-03-10,568.0,568.0,540.0,560.0,560.0,13
2023-03-13,540.7999877929688,560.0,480.79998779296875,551.2000122070312,551.2000122070312,93
2023-03-14,520.0,546.4000244140625,484.0,488.0,488.0,63
2023-03-15,454.3999938964844,536.0,454.3999938964844,488.0,488.0,39
2023-03-16,472.0,488.0,464.0,464.0,464.0,11
2023-03-17,464.0,472.0,424.79998779296875,472.0,472.0,105
2023-03-20,440.0,440.0,408.79998779296875,440.0,440.0,21
2023-03-21,440.0,512.7999877929688,432.0,439.20001220703125,439.20001220703125,14
2023-03-22,456.0,480.0,424.79998779296875,440.0,440.0,14
2023-03-23,464.0,504.0,464.0,472.0,472.0,25
2023-03-24,464.0,533.5999755859375,424.79998779296875,470.3999938964844,470.3999938964844,57
2023-03-27,440.0,461.6000061035156,432.0,432.0,432.0,35
2023-03-28,424.0,451.20001220703125,424.0,433.6000061035156,433.6000061035156,3
2023-03-29,494.3999938964844,512.0,424.0,442.3999938964844,442.3999938964844,18
2023-03-30,452.0,512.0,442.3999938964844,444.0,444.0,23
2023-03-31,496.0,496.0,440.0,448.0,448.0,29
2023-04-03,448.0,520.0,448.0,456.0,456.0,14
2023-04-04,468.0,512.0,463.20001220703125,468.0,468.0,28
2023-04-05,464.0,512.0,448.79998779296875,464.0,464.0,31
2023-04-06,469.6000061035156,480.0,450.3999938964844,460.0,460.0,67
2023-04-10,460.0,465.6000061035156,428.0,441.6000061035156,441.6000061035156,24
2023-04-11,460.79998779296875,480.0,440.0,456.0,456.0,15
2023-04-12,456.0,480.0,408.0,412.0,412.0,82
2023-04-13,400.0,428.79998779296875,336.0,385.6000061035156,385.6000061035156,1067
2023-04-14,408.0,475.20001220703125,401.6000061035156,460.79998779296875,460.79998779296875,1276
2023-04-17,424.0,516.0,400.0,464.0,464.0,756
2023-04-18,440.79998779296875,472.0,416.79998779296875,440.0,440.0,229
2023-04-19,440.0,446.3999938964844,360.0,384.79998779296875,384.79998779296875,389
2023-04-20,392.0,440.0,372.79998779296875,413.6000061035156,413.6000061035156,203
2023-04-21,408.0,416.0,400.0,404.0,404.0,82
2023-04-24,424.0,440.0,352.0,416.0,416.0,1114
2023-04-25,392.79998779296875,392.79998779296875,336.0,338.3999938964844,338.3999938964844,367
2023-04-26,344.0,360.0,276.79998779296875,276.79998779296875,276.79998779296875,403
2023-04-27,282.3999938964844,313.6000061035156,280.0,290.3999938964844,290.3999938964844,120
2023-04-28,290.3999938964844,312.79998779296875,280.0,298.3999938964844,298.3999938964844,308
2023-05-01,305.6000061035156,348.0,298.3999938964844,336.0,336.0,1576
2023-05-02,312.0,344.79998779296875,241.60000610351562,272.79998779296875,272.79998779296875,804
2023-05-03,284.79998779296875,284.79998779296875,244.0,268.0,268.0,370
2023-05-04,272.0,272.0,243.1999969482422,246.39999389648438,246.39999389648438,143
2023-05-05,256.0,256.0,244.0,248.0,248.0,125
2023-05-08,246.39999389648438,256.0,232.0,244.8000030517578,244.8000030517578,157
2023-05-09,256.0,256.0,232.0,244.0,244.0,205
2023-05-10,234.39999389648438,240.0,232.0,239.1999969482422,239.1999969482422,313
2023-05-11,248.0,252.8000030517578,232.0,232.0,232.0,544
2023-05-12,231.1999969482422,232.0,200.0,208.0,208.0,513
2023-05-15,208.0,236.8000030517578,184.0,204.8000030517578,204.8000030517578,1511
2023-05-16,208.0,208.0,188.8000030517578,196.8000030517578,196.8000030517578,961
2023-05-17,195.1999969482422,235.1999969482422,148.8000030517578,193.60000610351562,193.60000610351562,9229
2023-05-18,225.60000610351562,363.20001220703125,185.60000610351562,232.0,232.0,88525
2023-05-19,188.8000030517578,232.0,188.8000030517578,195.1999969482422,195.1999969482422,8882
2023-05-22,198.39999389648438,208.0,187.1999969482422,188.8000030517578,188.8000030517578,4886
2023-05-23,201.60000610351562,217.60000610351562,185.60000610351562,196.8000030517578,196.8000030517578,5678
2023-05-24,192.0,195.1999969482422,168.0,177.60000610351562,177.60000610351562,6063
2023-05-25,259.20001220703125,263.20001220703125,184.0,219.1999969482422,219.1999969482422,67139
2023-05-26,198.39999389648438,214.39999389648438,188.8000030517578,193.60000610351562,193.60000610351562,4507
2023-05-30,184.0,212.0,177.60000610351562,200.0,200.0,4299
2023-05-31,198.39999389648438,201.60000610351562,177.60000610351562,195.1999969482422,195.1999969482422,1326
2023-06-01,188.8000030517578,200.0,186.39999389648438,188.8000030517578,188.8000030517578,1004
2023-06-02,190.39999389648438,232.0,184.0,209.60000610351562,209.60000610351562,5180
2023-06-05,204.8000030517578,220.8000030517578,198.39999389648438,219.1999969482422,219.1999969482422,863
2023-06-06,219.1999969482422,235.1999969482422,208.0,235.1999969482422,235.1999969482422,1583
2023-06-07,228.8000030517578,264.0,220.8000030517578,235.1999969482422,235.1999969482422,3661
2023-06-08,240.0,248.0,208.0,232.0,232.0,1264
2023-06-09,230.39999389648438,235.1999969482422,203.1999969482422,232.8000030517578,232.8000030517578,1532
2023-06-12,347.20001220703125,395.20001220703125,281.6000061035156,321.6000061035156,321.6000061035156,174737
2023-06-13,283.20001220703125,310.3999938964844,267.20001220703125,297.6000061035156,297.6000061035156,8369
2023-06-14,286.3999938964844,304.0,284.79998779296875,294.3999938964844,294.3999938964844,3424
2023-06-15,283.20001220703125,313.6000061035156,281.6000061035156,288.0,288.0,2496
2023-06-16,297.6000061035156,297.6000061035156,232.0,236.8000030517578,236.8000030517578,2180
2023-06-20,232.0,265.6000061035156,230.39999389648438,252.8000030517578,252.8000030517578,1460
2023-06-21,243.1999969482422,262.3999938964844,240.0,249.60000610351562,249.60000610351562,1078
2023-06-22,252.8000030517578,257.6000061035156,236.0,246.39999389648438,246.39999389648438,1524
2023-06-23,241.60000610351562,256.0,234.39999389648438,246.39999389648438,246.39999389648438,1275
2023-06-26,241.60000610351562,243.36000061035156,184.0,196.8000030517578,196.8000030517578,4753
2023-06-27,193.60000610351562,225.75999450683594,193.60000610351562,216.0,216.0,2939
2023-06-28,212.8000030517578,233.60000610351562,201.60000610351562,225.60000610351562,225.60000610351562,4389
2023-06-29,219.1999969482422,220.63999938964844,198.39999389648438,200.0,200.0,1557
2023-06-30,200.0,211.1999969482422,196.8000030517578,196.8000030517578,196.8000030517578,752
2023-07-03,199.0399932861328,203.1999969482422,195.1999969482422,196.8000030517578,196.8000030517578,404
2023-07-05,192.0,209.44000244140625,192.0,198.39999389648438,198.39999389648438,2958
2023-07-06,203.1999969482422,216.0,152.16000366210938,163.1999969482422,163.1999969482422,18371
2023-07-07,168.0,176.0,153.60000610351562,168.0,168.0,5862
2023-07-10,172.8000030517578,193.60000610351562,168.0,176.0,176.0,12267
2023-07-11,169.60000610351562,188.8000030517578,163.1999969482422,171.1999969482422,171.1999969482422,5294
2023-07-12,169.60000610351562,171.1999969482422,160.0,164.8000030517578,164.8000030517578,2383
2023-07-13,163.1999969482422,171.1999969482422,153.60000610351562,153.60000610351562,153.60000610351562,3890
2023-07-14,155.1999969482422,158.39999389648438,136.0,141.44000244140625,141.44000244140625,2585
2023-07-17,140.8000030517578,148.0,93.5999984741211,109.91999816894531,109.91999816894531,8876
2023-07-18,105.76000213623047,122.4000015258789,105.76000213623047,108.95999908447266,108.95999908447266,4084
2023-07-19,109.76000213623047,118.08000183105469,109.76000213623047,112.0,112.0,708
2023-07-20,115.19999694824219,151.67999267578125,109.27999877929688,147.1999969482422,147.1999969482422,15296
2023-07-21,144.9600067138672,174.39999389648438,140.8000030517578,153.60000610351562,153.60000610351562,16532
2023-07-24,145.60000610351562,151.83999633789062,130.55999755859375,139.1999969482422,139.1999969482422,3349
2023-07-25,142.24000549316406,151.52000427246094,132.16000366210938,135.36000061035156,135.36000061035156,2447
2023-07-26,134.24000549316406,138.55999755859375,124.80000305175781,132.8000030517578,132.8000030517578,2116
2023-07-27,130.0800018310547,136.0,130.0800018310547,133.44000244140625,133.44000244140625,1324
2023-07-28,164.8000030517578,236.8000030517578,154.39999389648438,174.39999389648438,174.39999389648438,249615
2023-07-31,177.60000610351562,200.0,138.55999755859375,158.39999389648438,158.39999389648438,29170
2023-08-01,152.0,153.60000610351562,140.8000030517578,152.0,152.0,5758
2023-08-02,147.1999969482422,152.0,136.8000030517578,142.24000549316406,142.24000549316406,3721
2023-08-03,138.72000122070312,140.8000030517578,129.60000610351562,131.1999969482422,131.1999969482422,2201
2023-08-04,132.32000732421875,132.32000732421875,120.31999969482422,121.44000244140625,121.44000244140625,4690
2023-08-07,112.80000305175781,115.19999694824219,107.36000061035156,111.68000030517578,111.68000030517578,2252
2023-08-08,106.08000183105469,108.4800033569336,98.4000015258789,106.4000015258789,106.4000015258789,2778
2023-08-09,108.80000305175781,110.4000015258789,102.4000015258789,104.95999908447266,104.95999908447266,899
2023-08-10,108.95999908447266,108.95999908447266,102.55999755859375,103.36000061035156,103.36000061035156,1021
2023-08-11,100.4800033569336,103.04000091552734,97.5999984741211,99.36000061035156,99.36000061035156,1122
2023-08-14,98.4000015258789,103.83999633789062,97.44000244140625,99.19999694824219,99.19999694824219,5389
2023-08-15,96.16000366210938,97.27999877929688,83.19999694824219,86.4000015258789,86.4000015258789,5258
2023-08-16,86.23999786376953,86.4000015258789,54.400001525878906,57.279998779296875,57.279998779296875,18464
2023-08-17,57.599998474121094,60.63999938964844,44.959999084472656,47.20000076293945,47.20000076293945,8084
2023-08-18,45.7599983215332,48.0,41.91999816894531,42.720001220703125,42.720001220703125,3925
2023-08-21,45.599998474121094,51.040000915527344,44.0,44.0,44.0,6283
2023-08-22,46.400001525878906,50.720001220703125,35.20000076293945,40.79999923706055,40.79999923706055,9771
2023-08-23,37.91999816894531,40.79999923706055,35.20000076293945,40.0,40.0,5013
2023-08-24,40.31999969482422,41.599998474121094,36.959999084472656,40.31999969482422,40.31999969482422,1849
2023-08-25,40.0,40.79999923706055,38.400001525878906,38.720001220703125,38.720001220703125,1322
2023-08-28,38.720001220703125,42.08000183105469,38.720001220703125,40.0,40.0,1479
2023-08-29,40.0,43.84000015258789,38.560001373291016,40.31999969482422,40.31999969482422,2429
2023-08-30,40.47999954223633,48.79999923706055,39.36000061035156,44.79999923706055,44.79999923706055,16007
2023-08-31,77.44000244140625,99.19999694824219,38.560001373291016,41.599998474121094,41.599998474121094,431377
2023-09-01,41.279998779296875,42.400001525878906,32.15999984741211,34.2400016784668,34.2400016784668,112812
2023-09-05,33.599998474121094,36.79999923706055,30.399999618530273,34.08000183105469,34.08000183105469,44193
2023-09-06,35.20000076293945,36.79999923706055,31.200000762939453,31.68000030517578,31.68000030517578,30971
2023-09-07,32.0,32.15999984741211,27.200000762939453,28.639999389648438,28.639999389648438,28973
2023-09-08,30.079999923706055,30.559999465942383,27.360000610351562,28.15999984741211,28.15999984741211,20182
2023-09-11,28.15999984741211,28.479999542236328,24.15999984741211,25.920000076293945,25.920000076293945,19896
2023-09-12,25.280000686645508,27.200000762939453,24.15999984741211,27.200000762939453,27.200000762939453,14160
2023-09-13,26.079999923706055,27.200000762939453,25.760000228881836,26.719999313354492,26.719999313354492,8233
2023-09-14,26.559999465942383,26.8799991607666,24.799999237060547,25.600000381469727,25.600000381469727,5804
2023-09-15,25.600000381469727,25.920000076293945,24.15999984741211,24.639999389648438,24.639999389648438,5814
2023-09-18,25.600000381469727,25.600000381469727,20.959999084472656,22.719999313354492,22.719999313354492,13121
2023-09-19,20.959999084472656,23.040000915527344,19.360000610351562,23.040000915527344,23.040000915527344,23621
2023-09-20,22.399999618530273,22.559999465942383,20.799999237060547,22.239999771118164,22.239999771118164,8905
2023-09-21,21.760000228881836,21.760000228881836,19.68000030517578,21.280000686645508,21.280000686645508,8518
2023-09-22,21.440000534057617,21.440000534057617,20.0,20.959999084472656,20.959999084472656,4699
2023-09-25,20.639999389648438,21.440000534057617,19.68000030517578,20.799999237060547,20.799999237060547,48262
2023-09-26,28.799999237060547,29.760000228881836,18.399999618530273,19.040000915527344,19.040000915527344,151063
2023-09-27,19.040000915527344,19.200000762939453,16.959999084472656,17.440000534057617,17.440000534057617,28191
2023-09-28,16.959999084472656,17.1200008392334,16.15999984741211,16.479999542236328,16.479999542236328,13159
2023-09-29,16.31999969482422,17.600000381469727,16.15999984741211,16.959999084472656,16.959999084472656,13684
2023-10-02,18.559999465942383,18.559999465942383,17.280000686645508,17.440000534057617,17.440000534057617,9061
2023-10-03,17.760000228881836,18.079999923706055,16.959999084472656,17.600000381469727,17.600000381469727,13286
2023-10-04,17.440000534057617,17.760000228881836,17.1200008392334,17.280000686645508,17.280000686645508,3533
2023-10-05,17.920000076293945,19.040000915527344,17.280000686645508,18.239999771118164,18.239999771118164,11314
2023-10-06,17.600000381469727,18.559999465942383,17.440000534057617,18.079999923706055,18.079999923706055,8686
2023-10-09,17.760000228881836,18.079999923706055,16.15999984741211,17.280000686645508,17.280000686645508,4711
2023-10-10,17.280000686645508,18.399999618530273,16.479999542236328,17.920000076293945,17.920000076293945,6999
2023-10-11,19.200000762939453,20.0,18.079999923706055,19.200000762939453,19.200000762939453,29108
2023-10-12,20.799999237060547,20.799999237060547,18.399999618530273,18.8799991607666,18.8799991607666,13261
2023-10-13,18.239999771118164,18.399999618530273,17.440000534057617,17.920000076293945,17.920000076293945,27141
2023-10-16,17.600000381469727,18.719999313354492,17.280000686645508,18.239999771118164,18.239999771118164,7675
2023-10-17,18.719999313354492,18.719999313354492,17.920000076293945,18.719999313354492,18.719999313354492,4133
2023-10-18,19.200000762939453,19.68000030517578,17.600000381469727,18.8799991607666,18.8799991607666,8690
2023-10-19,27.200000762939453,28.0,17.760000228881836,17.920000076293945,17.920000076293945,194511
2023-10-20,16.639999389648438,16.799999237060547,14.399999618530273,14.880000114440918,14.880000114440918,24937
2023-10-23,15.680000305175781,16.31999969482422,14.399999618530273,15.84000015258789,15.84000015258789,16285
2023-10-24,15.680000305175781,16.799999237060547,15.199999809265137,16.479999542236328,16.479999542236328,7684
2023-10-25,15.359999656677246,16.31999969482422,14.720000267028809,16.15999984741211,16.15999984741211,6687
2023-10-26,16.479999542236328,16.479999542236328,14.880000114440918,16.15999984741211,16.15999984741211,11306
2023-10-27,16.0,16.479999542236328,14.880000114440918,16.15999984741211,16.15999984741211,7721
2023-10-30,16.799999237060547,16.799999237060547,15.199999809265137,16.479999542236328,16.479999542236328,3905
2023-10-31,16.0,16.479999542236328,15.199999809265137,16.479999542236328,16.479999542236328,7036
2023-11-01,16.479999542236328,16.479999542236328,14.5600004196167,16.31999969482422,16.31999969482422,4832
2023-11-02,15.84000015258789,16.479999542236328,15.199999809265137,16.479999542236328,16.479999542236328,2652
2023-11-03,17.280000686645508,19.68000030517578,16.0,18.8799991607666,18.8799991607666,16368
2023-11-06,18.719999313354492,18.8799991607666,17.600000381469727,18.719999313354492,18.719999313354492,2393
2023-11-07,19.200000762939453,19.200000762939453,17.600000381469727,17.760000228881836,17.760000228881836,1947
2023-11-08,18.559999465942383,18.559999465942383,16.799999237060547,17.1200008392334,17.1200008392334,2423
2023-11-09,16.31999969482422,17.600000381469727,14.880000114440918,16.959999084472656,16.959999084472656,4209
2023-11-10,16.479999542236328,17.440000534057617,15.359999656677246,16.639999389648438,16.639999389648438,1704
2023-11-13,16.31999969482422,17.1200008392334,15.039999961853027,16.0,16.0,4844
2023-11-14,15.520000457763672,17.280000686645508,15.199999809265137,17.1200008392334,17.1200008392334,8016
2023-11-15,16.479999542236328,17.1200008392334,15.359999656677246,16.479999542236328,16.479999542236328,3152
2023-11-16,16.0,16.639999389648438,14.399999618530273,16.31999969482422,16.31999969482422,15226
2023-11-17,16.0,16.31999969482422,14.399999618530273,16.15999984741211,16.15999984741211,12349
2023-11-20,12.079999923706055,14.720000267028809,11.760000228881836,13.199999809265137,13.199999809265137,44163
2023-11-21,13.600000381469727,14.960000038146973,13.039999961853027,14.720000267028809,14.720000267028809,16150
2023-11-22,14.800000190734863,14.800000190734863,12.479999542236328,13.359999656677246,13.359999656677246,12100
2023-11-24,12.960000038146973,13.600000381469727,12.5600004196167,12.960000038146973,12.960000038146973,7100
2023-11-27,13.600000381469727,13.600000381469727,12.479999542236328,12.800000190734863,12.800000190734863,7850
2023-11-28,12.319999694824219,13.144000053405762,12.319999694824219,12.640000343322754,12.640000343322754,8288
2023-11-29,12.5600004196167,14.239999771118164,12.5600004196167,13.039999961853027,13.039999961853027,19313
2023-11-30,13.600000381469727,15.039999961853027,12.800000190734863,14.640000343322754,14.640000343322754,35888
2023-12-01,13.920000076293945,14.15999984741211,12.960000038146973,13.119999885559082,13.119999885559082,14288
2023-12-04,13.119999885559082,13.527999877929688,12.640000343322754,12.640000343322754,12.640000343322754,4975
2023-12-05,12.720000267028809,12.720000267028809,10.319999694824219,10.880000114440918,10.880000114440918,16613
2023-12-06,10.720000267028809,11.199999809265137,10.720000267028809,10.960000038146973,10.960000038146973,4475
2023-12-07,11.039999961853027,11.039999961853027,10.5600004196167,10.960000038146973,10.960000038146973,4675
2023-12-08,10.960000038146973,11.039999961853027,10.5600004196167,10.880000114440918,10.880000114440918,2213
2023-12-11,11.119999885559082,11.119999885559082,10.800000190734863,10.960000038146973,10.960000038146973,2900
2023-12-12,10.736000061035156,10.736000061035156,10.0,10.319999694824219,10.319999694824219,4388
2023-12-13,10.319999694824219,10.399999618530273,9.767999649047852,10.399999618530273,10.399999618530273,2138
2023-12-14,11.039999961853027,11.039999961853027,10.0,10.5600004196167,10.5600004196167,1625
2023-12-15,10.640000343322754,10.800000190734863,10.479999542236328,10.720000267028809,10.720000267028809,1925
2023-12-18,10.640000343322754,10.991999626159668,10.640000343322754,10.84000015258789,10.84000015258789,187500
2023-12-19,12.800000190734863,15.84000015258789,9.760000228881836,9.920000076293945,9.920000076293945,1972325
2023-12-20,10.800000190734863,11.039999961853027,8.399999618530273,9.175999641418457,9.175999641418457,172575
2023-12-21,8.960000038146973,8.960000038146973,8.359999656677246,8.479999542236328,8.479999542236328,43600
2023-12-22,8.239999771118164,8.640000343322754,7.76800012588501,8.079999923706055,8.079999923706055,56050
2023-12-26,7.76800012588501,7.880000114440918,6.639999866485596,7.28000020980835,7.28000020980835,52788
2023-12-27,6.880000114440918,7.567999839782715,6.880000114440918,7.559999942779541,7.559999942779541,17938
2023-12-28,7.567999839782715,8.399999618530273,7.360000133514404,7.840000152587891,7.840000152587891,39125
2023-12-29,9.199999809265137,12.319999694824219,8.720000267028809,10.479999542236328,10.479999542236328,769950
2024-01-02,9.760000228881836,11.279999732971191,8.15999984741211,11.039999961853027,11.039999961853027,62563
2024-01-03,12.880000114440918,13.920000076293945,5.28000020980835,6.119999885559082,6.119999885559082,783800
2024-01-04,5.74399995803833,5.74399995803833,4.559999942779541,4.9039998054504395,4.9039998054504395,116013
2024-01-05,4.831999778747559,4.943999767303467,4.607999801635742,4.760000228881836,4.760000228881836,49213
2024-01-08,4.639999866485596,5.119999885559082,4.639999866485596,4.960000038146973,4.960000038146973,36663
2024-01-09,4.6479997634887695,4.960000038146973,4.400000095367432,4.639999866485596,4.639999866485596,44375
2024-01-10,4.639999866485596,4.679999828338623,4.239999771118164,4.368000030517578,4.368000030517578,33050
2024-01-11,4.559999942779541,4.624000072479248,4.159999847412109,4.320000171661377,4.320000171661377,30038
2024-01-12,4.25600004196167,4.392000198364258,4.168000221252441,4.320000171661377,4.320000171661377,14300
2024-01-16,4.392000198364258,4.392000198364258,4.015999794006348,4.079999923706055,4.079999923706055,27113
2024-01-17,4.0,4.1519999504089355,3.759999990463257,4.119999885559082,4.119999885559082,28125
2024-01-18,3.7039999961853027,4.0,3.7039999961853027,4.0,4.0,15988
2024-01-19,3.8399999141693115,3.992000102996826,3.687999963760376,3.759999990463257,3.759999990463257,7963
2024-01-22,3.5999999046325684,3.8399999141693115,3.5999999046325684,3.6080000400543213,3.6080000400543213,9125
2024-01-23,3.9200000762939453,4.320000171661377,3.5999999046325684,4.239999771118164,4.239999771118164,35225
2024-01-24,4.320000171661377,4.320000171661377,3.880000114440918,4.208000183105469,4.208000183105469,21325
2024-01-25,4.303999900817871,4.303999900817871,3.5199999809265137,3.8399999141693115,3.8399999141693115,11775
2024-01-26,4.119999885559082,4.119999885559082,3.8959999084472656,3.9760000705718994,3.9760000705718994,5313
2024-01-29,4.015999794006348,6.0,3.440000057220459,5.552000045776367,5.552000045776367,184925
2024-01-30,4.696000099182129,5.28000020980835,4.616000175476074,5.039999961853027,5.039999961853027,57238
2024-01-31,4.800000190734863,10.960000038146973,4.480000019073486,10.880000114440918,10.880000114440918,576100
2024-02-01,7.599999904632568,9.920000076293945,7.360000133514404,8.079999923706055,8.079999923706055,147138
2024-02-02,8.079999923706055,9.4399995803833,6.880000114440918,6.960000038146973,6.960000038146973,56150
2024-02-05,6.800000190734863,7.119999885559082,6.015999794006348,6.159999847412109,6.159999847412109,21738
2024-02-06,6.159999847412109,6.159999847412109,5.696000099182129,5.960000038146973,5.960000038146973,5675
2024-02-07,5.74399995803833,5.960000038146973,5.28000020980835,5.559999942779541,5.559999942779541,14313
2024-02-08,5.607999801635742,7.895999908447266,5.607999801635742,7.599999904632568,7.599999904632568,57450
2024-02-09,7.599999904632568,7.599999904632568,6.880000114440918,6.992000102996826,6.992000102996826,12713
2024-02-12,6.840000152587891,7.599999904632568,6.343999862670898,6.960000038146973,6.960000038146973,15213
2024-02-13,6.960000038146973,6.960000038146973,6.48799991607666,6.5279998779296875,6.5279998779296875,4650
2024-02-14,6.71999979019165,7.664000034332275,6.599999904632568,7.440000057220459,7.440000057220459,19600
2024-02-15,9.600000381469727,15.592000007629395,7.760000228881836,11.760000228881836,11.760000228881836,2767863
2024-02-16,12.5600004196167,17.440000534057617,10.960000038146973,15.039999961853027,15.039999961853027,831913
2024-02-20,13.119999885559082,15.84000015258789,12.0,15.600000381469727,15.600000381469727,91063
2024-02-21,15.600000381469727,16.91200065612793,14.0,16.0,16.0,69500
2024-02-22,16.799999237060547,25.600000381469727,16.559999465942383,23.68000030517578,23.68000030517578,641900
2024-02-23,24.399999618530273,32.47999954223633,24.0,30.239999771118164,30.239999771118164,319025
2024-02-26,32.08000183105469,33.91999816894531,17.920000076293945,22.079999923706055,22.079999923706055,102450
2024-02-27,47.119998931884766,54.63999938964844,8.319999694824219,10.239999771118164,10.239999771118164,6939100
2024-02-28,8.800000190734863,9.520000457763672,7.760000228881836,8.039999961853027,8.039999961853027,1049650
2024-02-29,7.343999862670898,7.343999862670898,5.935999870300293,5.984000205993652,5.984000205993652,594363
2024-03-01,5.599999904632568,7.4720001220703125,5.199999809265137,6.239999771118164,6.239999771118164,959350
2024-03-04,6.0,6.0,4.119999885559082,4.78000020980835,4.78000020980835,607700
2024-03-05,4.809999942779541,5.389999866485596,4.400000095367432,5.230000019073486,5.230000019073486,677900
2024-03-06,6.559999942779541,8.399999618530273,5.75,7.630000114440918,7.630000114440918,9686600
2024-03-07,6.0,6.63700008392334,5.4679999351501465,6.449999809265137,6.449999809265137,1259500
2024-03-08,5.980000019073486,7.0,5.946000099182129,6.480000019073486,6.480000019073486,521300
2024-03-11,6.170000076293945,6.800000190734863,6.000999927520752,6.230000019073486,6.230000019073486,511400
2024-03-12,6.150000095367432,6.159999847412109,5.552000045776367,5.630000114440918,5.630000114440918,475800
2024-03-13,5.690000057220459,6.449999809265137,5.690000057220459,5.900000095367432,5.900000095367432,556500
2024-03-14,5.949999809265137,6.199999809265137,5.599999904632568,5.960000038146973,5.960000038146973,539300
2024-03-15,5.900000095367432,6.050000190734863,5.420000076293945,5.46999979019165,5.46999979019165,263300
2024-03-18,5.409999847412109,5.552999973297119,4.590000152587891,4.96999979019165,4.96999979019165,272100
2024-03-19,4.590000152587891,5.800000190734863,4.590000152587891,5.510000228881836,5.510000228881836,390000
2024-03-20,5.289999961853027,5.409999847412109,4.900000095367432,4.900000095367432,4.900000095367432,357200
2024-03-21,4.989999771118164,5.315999984741211,4.916999816894531,5.039999961853027,5.039999961853027,249700
2024-03-22,4.900000095367432,5.0,4.699999809265137,4.75,4.75,202000
2024-03-25,4.699999809265137,4.96999979019165,4.550000190734863,4.550000190734863,4.550000190734863,163100
2024-03-26,4.550000190734863,4.703999996185303,4.199999809265137,4.230000019073486,4.230000019073486,147700
2024-03-27,4.300000190734863,4.380000114440918,4.099999904632568,4.349999904632568,4.349999904632568,118400
2024-03-28,4.349999904632568,4.50600004196167,4.256999969482422,4.389999866485596,4.389999866485596,83200
2024-04-01,4.420000076293945,4.420000076293945,4.209000110626221,4.25,4.25,41800
2024-04-02,4.300000190734863,4.400000095367432,3.9200000762939453,3.9200000762939453,3.9200000762939453,74000
2024-04-03,3.9600000381469727,4.0,3.7799999713897705,3.9100000858306885,3.9100000858306885,87800
2024-04-04,3.940000057220459,4.260000228881836,3.8259999752044678,3.9700000286102295,3.9700000286102295,68900
2024-04-05,4.0,4.090000152587891,3.7799999713897705,3.7799999713897705,3.7799999713897705,33900
2024-04-08,3.809999942779541,3.9000000953674316,3.6500000953674316,3.7300000190734863,3.7300000190734863,136400
2024-04-09,3.7799999713897705,4.678999900817871,3.7300000190734863,4.130000114440918,4.130000114440918,285400
2024-04-10,4.130000114440918,6.949999809265137,4.130000114440918,5.449999809265137,5.449999809265137,20623200
2024-04-11,5.449999809265137,5.760000228881836,4.730000019073486,5.630000114440918,5.630000114440918,651100
2024-04-12,5.400000095367432,5.590000152587891,4.599999904632568,4.739999771118164,4.739999771118164,291100
2024-04-15,4.429999828338623,4.53000020980835,3.5399999618530273,3.759999990463257,3.759999990463257,205700
2024-04-16,3.8499999046325684,4.175000190734863,3.8499999046325684,4.03000020980835,4.03000020980835,76500
2024-04-17,4.03000020980835,4.099999904632568,3.759999990463257,3.990000009536743,3.990000009536743,133500
2024-04-18,3.940000057220459,4.119999885559082,3.867000102996826,3.890000104904175,3.890000104904175,72300
2024-04-19,3.940000057220459,4.099999904632568,3.7019999027252197,3.869999885559082,3.869999885559082,53400
2024-04-22,3.799999952316284,3.9200000762939453,3.759999990463257,3.7699999809265137,3.7699999809265137,70300
2024-04-23,3.809999942779541,3.940000057220459,3.799999952316284,3.869999885559082,3.869999885559082,71900
2024-04-24,3.8499999046325684,3.890000104904175,3.75,3.759999990463257,3.759999990463257,40700
2024-04-25,3.7699999809265137,3.799999952316284,3.640000104904175,3.690000057220459,3.690000057220459,41700
2024-04-26,3.890000104904175,5.599999904632568,3.799999952316284,4.900000095367432,4.900000095367432,4124300
2024-04-29,5.0,5.349999904632568,4.800000190734863,5.050000190734863,5.050000190734863,298800
2024-04-30,4.820000171661377,5.050000190734863,4.010000228881836,4.210000038146973,4.210000038146973,287100
2024-05-01,4.179999828338623,4.300000190734863,3.9000000953674316,3.990000009536743,3.990000009536743,77700
2024-05-02,4.179999828338623,4.389999866485596,3.994999885559082,4.269999980926514,4.269999980926514,109500
2024-05-03,4.25,4.619999885559082,4.203999996185303,4.25,4.25,131800
2024-05-06,4.260000228881836,4.449999809265137,4.199999809265137,4.199999809265137,4.199999809265137,73000
2024-05-07,4.210000038146973,4.210000038146973,4.0,4.0,4.0,73000
2024-05-08,3.990000009536743,4.289999961853027,3.869999885559082,3.990000009536743,3.990000009536743,42000
2024-05-09,3.9700000286102295,4.090000152587891,3.869999885559082,3.940000057220459,3.940000057220459,33100
2024-05-10,4.019999980926514,4.400000095367432,3.9200000762939453,3.950000047683716,3.950000047683716,80500
2024-05-13,3.950000047683716,4.190000057220459,3.799999952316284,3.930000066757202,3.930000066757202,96900
2024-05-14,4.0,4.269999980926514,3.930000066757202,4.179999828338623,4.179999828338623,162700
2024-05-15,4.199999809265137,4.199999809265137,3.9079999923706055,3.9200000762939453,3.9200000762939453,83600
2024-05-16,3.990000009536743,4.047999858856201,3.9000000953674316,3.9600000381469727,3.9600000381469727,77300
2024-05-17,3.9200000762939453,4.163000106811523,3.6600000858306885,3.6600000858306885,3.6600000858306885,184900
2024-05-20,3.819999933242798,4.059999942779541,3.7109999656677246,3.950000047683716,3.950000047683716,101400
2024-05-21,3.9000000953674316,3.9800000190734863,3.809999942779541,3.859999895095825,3.859999895095825,56900
2024-05-22,4.0,4.0,3.75,3.9100000858306885,3.9100000858306885,30600
2024-05-23,3.930000066757202,4.119999885559082,3.8310000896453857,3.9200000762939453,3.9200000762939453,61700
2024-05-24,4.0,4.039999961853027,3.880000114440918,3.950000047683716,3.950000047683716,50800
2024-05-28,3.990000009536743,4.710000038146973,3.9639999866485596,4.309999942779541,4.309999942779541,710600
2024-05-29,4.429999828338623,4.590000152587891,4.110000133514404,4.179999828338623,4.179999828338623,234600
2024-05-30,4.239999771118164,4.324999809265137,3.640000104904175,3.7100000381469727,3.7100000381469727,200000
2024-05-31,3.7899999618530273,3.937000036239624,3.5799999237060547,3.5999999046325684,3.5999999046325684,60500
2024-06-03,3.700000047683716,3.759999990463257,3.640000104904175,3.740000009536743,3.740000009536743,43600
2024-06-04,3.7300000190734863,3.819999933242798,3.6410000324249268,3.7070000171661377,3.7070000171661377,28000
2024-06-05,3.7699999809265137,3.9200000762939453,3.7699999809265137,3.890000104904175,3.890000104904175,56900
2024-06-06,3.8399999141693115,3.869999885559082,3.680000066757202,3.759999990463257,3.759999990463257,35500
2024-06-07,3.6700000762939453,3.759999990463257,3.450000047683716,3.490000009536743,3.490000009536743,109700
2024-06-10,3.5999999046325684,3.5999999046325684,3.4000000953674316,3.440000057220459,3.440000057220459,21700
2024-06-11,3.4100000858306885,3.619999885559082,3.4000000953674316,3.569999933242798,3.569999933242798,28300
2024-06-12,3.740000009536743,3.799999952316284,3.4200000762939453,3.609999895095825,3.609999895095825,306000
2024-06-13,3.4700000286102295,3.6010000705718994,3.3499999046325684,3.390000104904175,3.390000104904175,42500
2024-06-14,3.359999895095825,3.378999948501587,3.200000047683716,3.25,3.25,30100
2024-06-17,3.190000057220459,3.4200000762939453,3.121000051498413,3.2899999618530273,3.2899999618530273,74300
2024-06-18,3.25,3.2799999713897705,3.069999933242798,3.0999999046325684,3.0999999046325684,32400
2024-06-20,3.109999895095825,3.140000104904175,3.049999952316284,3.0799999237060547,3.0799999237060547,23100
2024-06-21,3.069999933242798,3.0999999046325684,3.0,3.049999952316284,3.049999952316284,8400
2024-06-24,3.049999952316284,3.0899999141693115,3.0,3.0199999809265137,3.0199999809265137,15100
2024-06-25,3.0,3.489000082015991,2.9800000190734863,3.180000066757202,3.180000066757202,175900
2024-06-26,3.200000047683716,3.25,2.9000000953674316,2.9700000286102295,2.9700000286102295,92000
2024-06-27,3.009999990463257,3.0339999198913574,2.9100000858306885,2.9200000762939453,2.9200000762939453,26800
2024-06-28,3.0,3.0899999141693115,2.9800000190734863,3.049999952316284,3.049999952316284,14700
2024-07-01,3.0,3.009999990463257,2.9100000858306885,2.9600000381469727,2.9600000381469727,731600
2024-07-02,3.049999952316284,3.5399999618530273,2.740000009536743,3.1700000762939453,3.1700000762939453,3009600
2024-07-03,3.0199999809265137,3.25,3.009999990463257,3.009999990463257,3.009999990463257,117900
2024-07-05,2.9600000381469727,3.0899999141693115,2.9600000381469727,2.9800000190734863,2.9800000190734863,74900
2024-07-08,2.930000066757202,3.259999990463257,2.799999952316284,3.1600000858306885,3.1600000858306885,88700
2024-07-09,3.0799999237060547,3.2799999713897705,3.0,3.009999990463257,3.009999990463257,31600
2024-07-10,3.0369999408721924,3.200000047683716,3.009999990463257,3.049999952316284,3.049999952316284,45700
2024-07-11,3.0199999809265137,3.119999885559082,3.0,3.069999933242798,3.069999933242798,147200
2024-07-12,3.049999952316284,3.140000104904175,3.009999990463257,3.0899999141693115,3.0899999141693115,27400
2024-07-15,3.0999999046325684,3.0999999046325684,3.0,3.0299999713897705,3.0299999713897705,28500
2024-07-16,3.0,3.259000062942505,3.0,3.1700000762939453,3.1700000762939453,45100
2024-07-17,3.119999885559082,3.200000047683716,3.0399999618530273,3.200000047683716,3.200000047683716,15200
2024-07-18,3.130000114440918,3.240000009536743,3.0309998989105225,3.109999895095825,3.109999895095825,26700
2024-07-19,3.0799999237060547,3.190000057220459,3.0299999713897705,3.0399999618530273,3.0399999618530273,8100
2024-07-22,3.0299999713897705,3.049999952316284,2.859999895095825,2.8940000534057617,2.8940000534057617,54100
2024-07-23,2.9100000858306885,2.940000057220459,2.615999937057495,2.7300000190734863,2.7300000190734863,75100
2024-07-24,2.815000057220459,2.815000057220459,2.5799999237060547,2.5999999046325684,2.5999999046325684,35900
2024-07-25,2.5799999237060547,2.700000047683716,2.5799999237060547,2.619999885559082,2.619999885559082,21800
2024-07-26,2.7699999809265137,2.799999952316284,2.5299999713897705,2.559999942779541,2.559999942779541,45400
2024-07-29,2.549999952316284,2.7200000286102295,2.4749999046325684,2.5,2.5,19300
2024-07-30,2.5799999237060547,2.5799999237060547,2.4000000953674316,2.430000066757202,2.430000066757202,25700
2024-07-31,2.4100000858306885,2.4779999256134033,2.309999942779541,2.4000000953674316,2.4000000953674316,20600
2024-08-01,2.4600000381469727,2.4600000381469727,2.259999990463257,2.259999990463257,2.259999990463257,12600
2024-08-02,2.25,2.259999990463257,2.1600000858306885,2.200000047683716,2.200000047683716,151200
2024-08-05,2.1500000953674316,2.200000047683716,2.0,2.140000104904175,2.140000104904175,53200
2024-08-06,2.0799999237060547,2.234999895095825,2.0,2.0299999713897705,2.0299999713897705,14800
2024-08-07,2.200000047683716,2.200000047683716,2.009999990463257,2.009999990463257,2.009999990463257,30000
2024-08-08,2.009999990463257,2.049999952316284,1.909999966621399,1.909999966621399,1.909999966621399,15900
2024-08-09,1.9600000381469727,2.200000047683716,1.9600000381469727,2.049999952316284,2.049999952316284,44800
2024-08-12,2.049999952316284,2.049999952316284,1.940000057220459,2.0399999618530273,2.0399999618530273,35900
2024-08-13,2.0820000171661377,2.180000066757202,1.8799999952316284,1.9299999475479126,1.9299999475479126,58600
2024-08-14,1.9500000476837158,1.9500000476837158,1.7300000190734863,1.7300000190734863,1.7300000190734863,14300
2024-08-15,1.86899995803833,1.9500000476837158,1.7999999523162842,1.9500000476837158,1.9500000476837158,20600
2024-08-16,1.88100004196167,1.940000057220459,1.850000023841858,1.940000057220459,1.940000057220459,12800
2024-08-19,1.9600000381469727,2.0799999237060547,1.9299999475479126,2.0,2.0,15400
2024-08-20,1.975000023841858,1.975000023841858,1.899999976158142,1.940000057220459,1.940000057220459,15100
2024-08-21,1.9500000476837158,2.0,1.9500000476837158,1.9900000095367432,1.9900000095367432,13600
2024-08-22,2.059999942779541,2.180000066757202,1.8899999856948853,1.899999976158142,1.899999976158142,31100
2024-08-23,2.0299999713897705,2.0299999713897705,1.899999976158142,1.9500000476837158,1.9500000476837158,11300
2024-08-26,1.9600000381469727,2.0,1.9199999570846558,1.9700000286102295,1.9700000286102295,13000
2024-08-27,1.9450000524520874,1.9700000286102295,1.9299999475479126,1.9500000476837158,1.9500000476837158,4500
2024-08-28,2.0250000953674316,2.0250000953674316,1.9299999475479126,1.9500000476837158,1.9500000476837158,16000
2024-08-29,1.909999966621399,1.9149999618530273,1.7599999904632568,1.7599999904632568,1.7599999904632568,28900
2024-08-30,1.7599999904632568,1.7799999713897705,1.7400000095367432,1.7510000467300415,1.7510000467300415,11300
2024-09-03,1.8960000276565552,1.8960000276565552,1.6799999475479126,1.7400000095367432,1.7400000095367432,29800
2024-09-04,1.7100000381469727,1.7100000381469727,1.6460000276565552,1.6799999475479126,1.6799999475479126,12600
2024-09-05,1.6799999475479126,1.6799999475479126,1.63100004196167,1.659999966621399,1.659999966621399,7100
2024-09-06,1.659999966621399,1.7200000286102295,1.6540000438690186,1.6799999475479126,1.6799999475479126,5200
2024-09-09,1.659999966621399,1.7400000095367432,1.659999966621399,1.7300000190734863,1.7300000190734863,3200
2024-09-10,1.7300000190734863,1.75,1.7000000476837158,1.7300000190734863,1.7300000190734863,5500
2024-09-11,1.7999999523162842,1.8450000286102295,1.7599999904632568,1.7699999809265137,1.7699999809265137,8400
2024-09-12,1.8899999856948853,1.8899999856948853,1.7999999523162842,1.7999999523162842,1.7999999523162842,8600
2024-09-13,1.7999999523162842,1.8799999952316284,1.659999966621399,1.7100000381469727,1.7100000381469727,19000
2024-09-16,1.7599999904632568,1.809999942779541,1.7200000286102295,1.7699999809265137,1.7699999809265137,5000
2024-09-17,1.784000039100647,1.899999976158142,1.784000039100647,1.8799999952316284,1.8799999952316284,19400
2024-09-18,1.8550000190734863,1.8600000143051147,1.8200000524520874,1.840000033378601,1.840000033378601,3100
2024-09-19,1.899999976158142,1.9600000381469727,1.850000023841858,1.899999976158142,1.899999976158142,14200
2024-09-20,1.8799999952316284,1.9500000476837158,1.850000023841858,1.850000023841858,1.850000023841858,12300
2024-09-23,1.8589999675750732,1.9199999570846558,1.850000023841858,1.850000023841858,1.850000023841858,5500
2024-09-24,1.9299999475479126,2.0,1.850000023841858,2.0,2.0,23400
2024-09-25,1.9500000476837158,1.9700000286102295,1.850000023841858,1.8539999723434448,1.8539999723434448,19100
2024-09-26,1.9500000476837158,1.9500000476837158,1.7400000095367432,1.840000033378601,1.840000033378601,24100
2024-09-27,1.9270000457763672,1.9800000190734863,1.8600000143051147,1.9600000381469727,1.9600000381469727,24200
2024-09-30,1.9600000381469727,2.359999895095825,1.9600000381469727,2.25,2.25,185100
2024-10-01,2.2200000286102295,2.2200000286102295,2.0199999809265137,2.0199999809265137,2.0199999809265137,36900
2024-10-02,2.049999952316284,2.1700000762939453,1.9500000476837158,2.1500000953674316,2.1500000953674316,69700
2024-10-03,2.1500000953674316,2.1700000762939453,2.0199999809265137,2.069999933242798,2.069999933242798,27400
2024-10-04,2.069999933242798,2.140000104904175,2.059999942779541,2.109999895095825,2.109999895095825,28900
2024-10-07,2.109999895095825,2.2300000190734863,2.109999895095825,2.1700000762939453,2.1700000762939453,67000
2024-10-08,2.1500000953674316,2.1500000953674316,2.0,2.0199999809265137,2.0199999809265137,34000
2024-10-09,2.015000104904175,2.121999979019165,2.0,2.059999942779541,2.059999942779541,32000
2024-10-10,2.059999942779541,2.190000057220459,1.9600000381469727,2.119999885559082,2.119999885559082,45500
2024-10-11,2.0799999237060547,2.114000082015991,1.9199999570846558,1.9600000381469727,1.9600000381469727,59400
2024-10-14,2.0,2.0999999046325684,1.9199999570846558,1.940000057220459,1.940000057220459,20600
2024-10-15,1.940000057220459,2.0399999618530273,1.899999976158142,1.940000057220459,1.940000057220459,174100
2024-10-16,1.899999976158142,2.0199999809265137,1.8899999856948853,1.9700000286102295,1.9700000286102295,38500
2024-10-17,1.9800000190734863,2.0,1.7999999523162842,1.8799999952316284,1.8799999952316284,51100
2024-10-18,1.9199999570846558,1.9800000190734863,1.850000023841858,1.9299999475479126,1.9299999475479126,19600
