Date,Open,High,Low,Close,Adj Close,Volume
2019-07-01,38.5,38.5,38.5,38.5,28.990495681762695,0
2019-07-02,38.5,38.5,38.5,38.5,28.990495681762695,0
2019-07-03,38.5,38.5,38.5,38.5,28.990495681762695,0
2019-07-05,38.5,38.5,38.5,38.5,28.990495681762695,0
2019-07-08,38.5,38.5,38.5,38.5,28.990495681762695,0
2019-07-09,38.5,38.5,38.5,38.5,28.990495681762695,0
2019-07-10,38.5,38.5,38.5,38.5,28.990495681762695,0
2019-07-11,38.5,38.5,38.5,38.5,28.990495681762695,0
2019-07-12,38.5,38.5,38.5,38.5,28.990495681762695,0
2019-07-15,38.5,38.5,38.5,38.5,28.990495681762695,0
2019-07-16,38.5,38.5,38.5,38.5,28.990495681762695,0
2019-07-17,38.5,38.5,38.5,38.5,28.990495681762695,0
2019-07-18,38.5,38.5,38.5,38.5,28.990495681762695,0
2019-07-19,46.0,47.459999084472656,44.310001373291016,47.0,35.390995025634766,2450600
2019-07-22,45.810001373291016,46.57699966430664,43.82600021362305,45.70000076293945,34.41209411621094,513100
2019-07-23,45.95000076293945,46.0,44.56999969482422,44.650001525878906,33.62144470214844,190000
2019-07-24,43.5,44.5,42.22999954223633,43.650001525878906,32.868438720703125,335600
2019-07-25,43.150001525878906,44.45000076293945,42.9010009765625,43.75,32.94374465942383,195500
2019-07-26,43.0,44.0,42.650001525878906,43.15999984741211,32.49946975708008,122700
2019-07-29,42.9900016784668,43.25899887084961,41.61000061035156,42.599998474121094,32.077796936035156,276000
2019-07-30,42.29999923706055,42.560001373291016,41.29999923706055,42.31999969482422,31.866952896118164,105900
2019-07-31,42.08000183105469,42.5,41.5099983215332,42.20000076293945,31.776594161987305,120000
2019-08-01,42.150001525878906,42.25,41.61000061035156,41.939998626708984,31.580810546875,105900
2019-08-02,41.900001525878906,42.279998779296875,39.849998474121094,39.970001220703125,30.0974063873291,252700
2019-08-05,39.93000030517578,39.93000030517578,37.709999084472656,38.83000183105469,29.23898696899414,104900
2019-08-06,38.93000030517578,39.720001220703125,38.36000061035156,39.04999923706055,29.404640197753906,142900
2019-08-07,38.869998931884766,40.44300079345703,38.5099983215332,40.11000061035156,30.202823638916016,101600
2019-08-08,40.25,41.86600112915039,40.04999923706055,41.4900016784668,31.241966247558594,45800
2019-08-09,40.95000076293945,41.470001220703125,39.95000076293945,39.95000076293945,30.082345962524414,67500
2019-08-12,39.54999923706055,40.375,38.61199951171875,39.84000015258789,29.999515533447266,81900
2019-08-13,39.38999938964844,40.56999969482422,38.20000076293945,39.93000030517578,30.067285537719727,71600
2019-08-14,39.709999084472656,40.060001373291016,38.560001373291016,38.97999954223633,29.3519344329834,157900
2019-08-15,39.16999816894531,40.040000915527344,39.0,39.0,29.366992950439453,44800
2019-08-16,39.18000030517578,40.20000076293945,39.0099983215332,39.75,29.931747436523438,36600
2019-08-19,41.11000061035156,41.11000061035156,40.1150016784668,40.36000061035156,30.39107322692871,67900
2019-08-20,40.27000045776367,41.279998779296875,39.150001525878906,39.70000076293945,29.894094467163086,25800
2019-08-21,39.70000076293945,40.54999923706055,39.09000015258789,39.779998779296875,29.954336166381836,78300
2019-08-22,39.75,40.09000015258789,38.66999816894531,40.09000015258789,30.187763214111328,36200
2019-08-23,39.939998626708984,39.939998626708984,38.40999984741211,38.70000076293945,29.141094207763672,23600
2019-08-26,38.7400016784668,39.18000030517578,38.290000915527344,38.58000183105469,29.050735473632812,69300
2019-08-27,38.380001068115234,40.7599983215332,38.09000015258789,39.54999923706055,29.78114128112793,132100
2019-08-28,39.47999954223633,39.9900016784668,38.599998474121094,38.97999954223633,29.3519344329834,31500
2019-08-29,39.2599983215332,39.2599983215332,38.40999984741211,39.0,29.366992950439453,27300
2019-08-30,39.0,40.099998474121094,38.41999816894531,39.95000076293945,30.082345962524414,58200
2019-09-03,39.54999923706055,41.5,39.54999923706055,40.9900016784668,30.86546516418457,99500
2019-09-04,41.189998626708984,41.689998626708984,40.130001068115234,40.5,30.496492385864258,15800
2019-09-05,40.91999816894531,42.40999984741211,39.77000045776367,41.5,31.249492645263672,93900
2019-09-06,41.224998474121094,42.0,40.630001068115234,40.630001068115234,30.594385147094727,34600
2019-09-09,40.79999923706055,41.33100128173828,39.619998931884766,39.959999084472656,30.08987808227539,47300
2019-09-10,39.61000061035156,39.91999816894531,39.0,39.5,29.74349594116211,27400
2019-09-11,39.35300064086914,40.53499984741211,39.0099983215332,39.93000030517578,30.067285537719727,129800
2019-09-12,39.42399978637695,41.20000076293945,39.42399978637695,41.11000061035156,30.955825805664062,33700
2019-09-13,40.88999938964844,42.439998626708984,40.88999938964844,41.84000015258789,31.50551414489746,28700
2019-09-16,41.790000915527344,41.790000915527344,40.27000045776367,41.31999969482422,31.113956451416016,13900
2019-09-17,41.060001373291016,41.790000915527344,40.31999969482422,41.349998474121094,31.13654136657715,29200
2019-09-18,41.78499984741211,42.125,40.88199996948242,41.939998626708984,31.580810546875,17400
2019-09-19,41.29999923706055,42.56999969482422,41.290000915527344,42.41999816894531,31.942251205444336,8000
2019-09-20,41.37699890136719,43.68000030517578,40.33000183105469,42.369998931884766,31.904600143432617,33000
2019-09-23,42.119998931884766,42.439998626708984,41.06999969482422,42.34000015258789,31.882017135620117,10300
2019-09-24,41.709999084472656,43.290000915527344,41.4900016784668,41.58000183105469,31.309734344482422,221300
2019-09-25,41.35599899291992,42.599998474121094,41.20000076293945,41.7400016784668,31.430219650268555,7600
2019-09-26,41.38999938964844,42.0,41.25,41.70000076293945,31.40009880065918,6400
2019-09-27,41.45000076293945,42.40999984741211,41.310001373291016,41.63999938964844,31.35491180419922,17400
2019-09-30,41.599998474121094,41.6150016784668,40.5,41.22999954223633,31.046184539794922,49300
2019-10-01,41.22999954223633,41.22999954223633,38.790000915527344,39.7400016784668,29.92421531677246,53200
2019-10-02,39.95000076293945,40.25,38.79999923706055,39.18000030517578,29.502534866333008,48900
2019-10-03,39.040000915527344,39.400001525878906,37.86000061035156,38.83000183105469,29.23898696899414,41300
2019-10-04,39.0,39.5,37.720001220703125,39.369998931884766,29.645605087280273,24400
2019-10-07,38.77199935913086,39.66999816894531,38.43000030517578,39.04999923706055,29.404640197753906,37200
2019-10-08,38.75,39.150001525878906,38.290000915527344,38.66999816894531,29.11850357055664,21200
2019-10-09,38.689998626708984,39.400001525878906,38.345001220703125,39.25,29.55524444580078,76500
2019-10-10,39.20000076293945,39.20000076293945,38.58000183105469,38.79999923706055,29.21639633178711,9100
2019-10-11,39.2400016784668,39.5,38.599998474121094,39.43000030517578,29.690784454345703,56800
2019-10-14,39.47999954223633,39.6349983215332,38.849998474121094,39.459999084472656,29.7133731842041,59700
2019-10-15,38.59000015258789,39.47999954223633,38.59000015258789,39.290000915527344,29.585365295410156,43900
2019-10-16,39.290000915527344,39.290000915527344,39.290000915527344,39.290000915527344,29.585365295410156,0
2019-10-17,40.29999923706055,40.4900016784668,39.599998474121094,40.13999938964844,30.22541046142578,26400
2019-10-18,39.86000061035156,40.790000915527344,39.86000061035156,40.22999954223633,30.293182373046875,33300
2019-10-21,40.20000076293945,40.95000076293945,40.04999923706055,40.790000915527344,30.714866638183594,15500
2019-10-22,40.54999923706055,41.34000015258789,40.2599983215332,40.75,30.68474578857422,23700
2019-10-23,40.75,41.43000030517578,40.310001373291016,41.20000076293945,31.023591995239258,12800
2019-10-24,41.0,41.79999923706055,40.0099983215332,41.38999938964844,31.166662216186523,21300
2019-10-25,40.689998626708984,41.880001068115234,40.689998626708984,41.470001220703125,31.22690200805664,13500
2019-10-28,41.37799835205078,41.57500076293945,41.189998626708984,41.20000076293945,31.023591995239258,7900
2019-10-29,41.150001525878906,41.97999954223633,40.766998291015625,41.619998931884766,31.339855194091797,37700
2019-10-30,42.0,42.0,40.31999969482422,41.630001068115234,31.34738540649414,31700
2019-10-31,41.540000915527344,41.86000061035156,40.7400016784668,41.72999954223633,31.42268180847168,10800
2019-11-01,41.880001068115234,42.209999084472656,40.9900016784668,42.209999084472656,31.78412437438965,5900
2019-11-04,42.380001068115234,42.5,41.27000045776367,41.58000183105469,31.309734344482422,24300
2019-11-05,41.68000030517578,41.68000030517578,41.150001525878906,41.400001525878906,31.174196243286133,10000
2019-11-06,41.13999938964844,41.41999816894531,41.0,41.029998779296875,30.895586013793945,16700
2019-11-07,41.099998474121094,41.88999938964844,40.91600036621094,41.209999084472656,31.031124114990234,11000
2019-11-08,41.529998779296875,41.529998779296875,40.47999954223633,40.47999954223633,30.481435775756836,13100
2019-11-11,40.40999984741211,41.0,39.7599983215332,40.529998779296875,30.519084930419922,20700
2019-11-12,40.88999938964844,41.0,40.20000076293945,40.70000076293945,30.647098541259766,16300
2019-11-13,40.51499938964844,40.56999969482422,40.0,40.150001525878906,30.232942581176758,10900
2019-11-14,40.5,41.0,39.310001373291016,39.90999984741211,30.052223205566406,21100
2019-11-15,40.0099983215332,40.15999984741211,39.130001068115234,39.25,29.55524444580078,18500
2019-11-18,39.70000076293945,40.43000030517578,39.27000045776367,39.97999954223633,30.104930877685547,14300
2019-11-19,40.11000061035156,41.09000015258789,39.599998474121094,40.209999084472656,30.27812957763672,23600
2019-11-20,39.709999084472656,40.439998626708984,39.150001525878906,39.5,29.74349594116211,39900
2019-11-21,39.75,39.75,39.20000076293945,39.65999984741211,29.86397361755371,19100
2019-11-22,39.63999938964844,39.63999938964844,39.0,39.25,29.55524444580078,24600
2019-11-25,39.90999984741211,39.90999984741211,39.23400115966797,39.369998931884766,29.645605087280273,3300
2019-11-26,39.529998779296875,39.70000076293945,38.95000076293945,38.95000076293945,29.329343795776367,29400
2019-11-27,39.5,39.86000061035156,39.029998779296875,39.529998779296875,29.766084671020508,18200
2019-11-29,39.529998779296875,40.5099983215332,39.25,40.29999923706055,30.345897674560547,13500
2019-12-02,40.361000061035156,40.58000183105469,40.029998779296875,40.29999923706055,30.345897674560547,10200
2019-12-03,40.06999969482422,40.880001068115234,39.060001373291016,39.5,29.74349594116211,15000
2019-12-04,39.779998779296875,40.65999984741211,39.32500076293945,39.5,29.74349594116211,36700
2019-12-05,39.5,39.75,39.040000915527344,39.459999084472656,29.7133731842041,40300
2019-12-06,39.45000076293945,39.869998931884766,39.0099983215332,39.11000061035156,29.44982147216797,62900
2019-12-09,39.400001525878906,39.400001525878906,38.939998626708984,38.9900016784668,29.359464645385742,36000
2019-12-10,39.150001525878906,39.150001525878906,38.5,38.650001525878906,29.103445053100586,51700
2019-12-11,38.90999984741211,39.63999938964844,38.58000183105469,39.060001373291016,29.412174224853516,89500
2019-12-12,39.349998474121094,40.0,38.70000076293945,39.880001068115234,30.02963638305664,17600
2019-12-13,39.880001068115234,40.400001525878906,38.97600173950195,39.9900016784668,30.112470626831055,48300
2019-12-16,39.900001525878906,40.7400016784668,39.154998779296875,39.970001220703125,30.0974063873291,123800
2019-12-17,39.959999084472656,40.68000030517578,39.63999938964844,40.43000030517578,30.443784713745117,22700
2019-12-18,40.25,41.45000076293945,40.25,41.27000045776367,31.076309204101562,86400
2019-12-19,41.790000915527344,41.790000915527344,40.380001068115234,40.83000183105469,30.74498748779297,20300
2019-12-20,41.224998474121094,41.4900016784668,40.619998931884766,41.22999954223633,31.046184539794922,17400
2019-12-23,40.9900016784668,41.16999816894531,39.310001373291016,40.849998474121094,30.76004409790039,24400
2019-12-24,40.70000076293945,41.220001220703125,40.290000915527344,41.04999923706055,30.910642623901367,3800
2019-12-26,41.0099983215332,41.189998626708984,40.4900016784668,40.84000015258789,30.752511978149414,12800
2019-12-27,41.099998474121094,41.45000076293945,40.220001220703125,40.720001220703125,30.662155151367188,12000
2019-12-30,40.310001373291016,41.59000015258789,40.310001373291016,41.59000015258789,31.317264556884766,67300
2019-12-31,41.38999938964844,41.474998474121094,40.435001373291016,41.29999923706055,31.098892211914062,37100
2020-01-02,41.0099983215332,42.540000915527344,40.599998474121094,42.41999816894531,31.942251205444336,78800
2020-01-03,41.959999084472656,42.099998474121094,41.150001525878906,41.150001525878906,30.985946655273438,43200
2020-01-06,42.23400115966797,42.23400115966797,41.18000030517578,41.540000915527344,31.279617309570312,43700
2020-01-07,41.5,41.9900016784668,41.185001373291016,41.83000183105469,31.497987747192383,70500
2020-01-08,41.540000915527344,41.88999938964844,41.0,41.22999954223633,31.046184539794922,38400
2020-01-09,41.38999938964844,41.65999984741211,40.13999938964844,40.7400016784668,30.677215576171875,37900
2020-01-10,40.5,41.58000183105469,39.58000183105469,40.0,30.1199951171875,60600
2020-01-13,39.810001373291016,40.25,39.400001525878906,39.47999954223633,29.72843360900879,37300
2020-01-14,39.560001373291016,40.65999984741211,39.54999923706055,40.29999923706055,30.345897674560547,39900
2020-01-15,40.560001373291016,40.7400016784668,39.63999938964844,40.02000045776367,30.135053634643555,44700
2020-01-16,40.47999954223633,42.255001068115234,39.779998779296875,42.099998474121094,31.701290130615234,155000
2020-01-17,41.84000015258789,43.22999954223633,41.70000076293945,43.04999923706055,32.41664123535156,41000
2020-01-21,42.88999938964844,44.209999084472656,42.38999938964844,43.68000030517578,32.89103317260742,118700
2020-01-22,43.72999954223633,44.900001525878906,42.83000183105469,44.33000183105469,33.38048553466797,108900
2020-01-23,43.970001220703125,45.0099983215332,43.95000076293945,44.560001373291016,33.553672790527344,74800
2020-01-24,44.41999816894531,44.5,43.349998474121094,43.349998474121094,32.64254379272461,21700
2020-01-27,42.900001525878906,43.369998931884766,42.029998779296875,42.310001373291016,31.85942268371582,21700
2020-01-28,42.45000076293945,42.599998474121094,40.35499954223633,41.599998474121094,31.324790954589844,32600
2020-01-29,41.599998474121094,42.0,40.790000915527344,41.5,31.249492645263672,32800
2020-01-30,41.5,42.400001525878906,41.0,41.900001525878906,31.550691604614258,41200
2020-01-31,41.65999984741211,42.400001525878906,41.5,42.25,31.81424903869629,186700
2020-02-03,42.09000015258789,42.97999954223633,42.0,42.5,32.00249481201172,41500
2020-02-04,43.13999938964844,43.5,41.11000061035156,42.099998474121094,31.701290130615234,53500
2020-02-05,42.13999938964844,42.93000030517578,41.54999923706055,42.84000015258789,32.258514404296875,44700
2020-02-06,42.560001373291016,43.380001068115234,41.189998626708984,42.34000015258789,31.882017135620117,42500
2020-02-07,42.33000183105469,42.33000183105469,41.349998474121094,41.5,31.249492645263672,41000
2020-02-10,41.52000045776367,41.900001525878906,39.630001068115234,40.5,30.496492385864258,454700
2020-02-11,41.0,41.45000076293945,40.58000183105469,41.099998474121094,30.948293685913086,20400
2020-02-12,41.4900016784668,42.16999816894531,41.130001068115234,42.0,31.625995635986328,42200
2020-02-13,42.0,42.47999954223633,41.36000061035156,41.40999984741211,31.18172264099121,56600
2020-02-14,41.513999938964844,43.720001220703125,41.349998474121094,42.380001068115234,31.912137985229492,59200
2020-02-18,42.09000015258789,42.869998931884766,41.40999984741211,41.810001373291016,31.482927322387695,59900
2020-02-19,42.0,42.20000076293945,41.59000015258789,42.08000183105469,31.686237335205078,38100
2020-02-20,41.689998626708984,42.22999954223633,40.619998931884766,41.34000015258789,31.12901496887207,46500
2020-02-21,40.970001220703125,41.9900016784668,40.970001220703125,41.689998626708984,31.392560958862305,34100
2020-02-24,41.900001525878906,41.900001525878906,40.0099983215332,41.58000183105469,31.309734344482422,26600
2020-02-25,40.59000015258789,41.65999984741211,39.47999954223633,39.709999084472656,29.901622772216797,17400
2020-02-26,40.2760009765625,40.75,39.2400016784668,40.0,30.1199951171875,30500
2020-02-27,39.939998626708984,40.0,38.0,38.0,28.613994598388672,89700
2020-02-28,36.849998474121094,39.0,36.599998474121094,38.79999923706055,29.21639633178711,41500
2020-03-02,38.709999084472656,39.77000045776367,38.20000076293945,39.47999954223633,29.72843360900879,19900
2020-03-03,39.529998779296875,39.900001525878906,37.7400016784668,39.209999084472656,29.525123596191406,33600
2020-03-04,39.290000915527344,39.7599983215332,38.83000183105469,39.290000915527344,29.585365295410156,15800
2020-03-05,38.70000076293945,38.720001220703125,37.720001220703125,37.900001525878906,28.538694381713867,8900
2020-03-06,36.72999954223633,37.119998931884766,35.630001068115234,36.380001068115234,27.394136428833008,97000
2020-03-09,35.38999938964844,35.939998626708984,32.33000183105469,33.5,25.225496292114258,57800
2020-03-10,35.0,36.88999938964844,35.0,35.52000045776367,26.746557235717773,24000
2020-03-11,34.869998931884766,36.279998779296875,29.360000610351562,32.75,24.66074562072754,273000
2020-03-12,30.0,32.150001525878906,29.440000534057617,32.150001525878906,24.20894432067871,139000
2020-03-13,32.849998474121094,36.11000061035156,31.770000457763672,36.11000061035156,27.190824508666992,83500
2020-03-16,33.0099983215332,35.11000061035156,31.364999771118164,31.479999542236328,23.704435348510742,47800
2020-03-17,31.829999923706055,32.20000076293945,28.3799991607666,29.200000762939453,21.98759651184082,261700
2020-03-18,26.549999237060547,26.809999465942383,23.899999618530273,25.5,19.201496124267578,98900
2020-03-19,24.729999542236328,27.350000381469727,23.21500015258789,26.299999237060547,19.803895950317383,19300
2020-03-20,25.729999542236328,26.510000228881836,24.290000915527344,25.0,18.824996948242188,87600
2020-03-23,24.0,24.299999237060547,22.139999389648438,23.850000381469727,17.95904541015625,10600
2020-03-24,25.299999237060547,26.5,25.0,25.010000228881836,18.83252716064453,197000
2020-03-25,26.40999984741211,28.200000762939453,25.5,25.5,19.201496124267578,72300
2020-03-26,26.399999618530273,28.600000381469727,26.399999618530273,27.399999618530273,20.63219451904297,78900
2020-03-27,26.690000534057617,26.989999771118164,25.5,26.18000030517578,19.713539123535156,21100
2020-03-30,26.200000762939453,27.53499984741211,25.44499969482422,25.469999313354492,19.17890739440918,122600
2020-03-31,25.6200008392334,30.149999618530273,25.2450008392334,27.719999313354492,20.87315559387207,116700
2020-04-01,27.0,27.790000915527344,24.8799991607666,25.0,18.824996948242188,41000
2020-04-02,25.010000228881836,26.0,22.18199920654297,23.59000015258789,17.76326560974121,71600
2020-04-03,23.219999313354492,23.850000381469727,23.0,23.219999313354492,17.484657287597656,24700
2020-04-06,23.950000762939453,24.200000762939453,23.040000915527344,23.799999237060547,17.921396255493164,54400
2020-04-07,24.559999465942383,25.93000030517578,23.229999542236328,23.8700008392334,17.974105834960938,254900
2020-04-08,24.6299991607666,25.43000030517578,23.149999618530273,24.309999465942383,18.3054256439209,152100
2020-04-09,24.559999465942383,25.81999969482422,24.559999465942383,24.709999084472656,18.606626510620117,9300
2020-04-13,24.610000610351562,26.84000015258789,24.510000228881836,25.600000381469727,19.276796340942383,65400
2020-04-14,26.1200008392334,26.979999542236328,25.125,26.09000015258789,19.64576530456543,65700
2020-04-15,25.709999084472656,27.559999465942383,25.709999084472656,27.5,20.707494735717773,52200
2020-04-16,27.670000076293945,27.670000076293945,26.18000030517578,26.690000534057617,20.097566604614258,93000
2020-04-17,27.469999313354492,28.65999984741211,25.530000686645508,25.799999237060547,19.427396774291992,83400
2020-04-20,25.200000762939453,26.514999389648438,24.229999542236328,24.600000381469727,18.52379608154297,68200
2020-04-21,24.600000381469727,25.065000534057617,24.25,24.709999084472656,18.606626510620117,42800
2020-04-22,25.43000030517578,25.989999771118164,25.1200008392334,25.780000686645508,19.412336349487305,77400
2020-04-23,26.261999130249023,26.479999542236328,25.280000686645508,26.40999984741211,19.88672637939453,85600
2020-04-24,26.6200008392334,27.34000015258789,26.0,26.170000076293945,19.70600700378418,129800
2020-04-27,24.760000228881836,25.670000076293945,23.270000457763672,23.270000457763672,18.77800178527832,77300
2020-04-28,23.479999542236328,25.3700008392334,23.25,24.420000076293945,19.70600700378418,142800
2020-04-29,25.5,25.950000762939453,24.44499969482422,25.809999465942383,20.827682495117188,168300
2020-04-30,25.36400032043457,25.56399917602539,25.0,25.139999389648438,20.287017822265625,30400
2020-05-01,25.15999984741211,25.15999984741211,24.184999465942383,24.6299991607666,19.87546730041504,4800
2020-05-04,24.200000762939453,25.139999389648438,24.18600082397461,25.0,20.174043655395508,22000
2020-05-05,25.295000076293945,26.440000534057617,25.0,25.010000228881836,20.18211555480957,38000
2020-05-06,25.350000381469727,25.75,23.969999313354492,23.969999313354492,19.342872619628906,56500
2020-05-07,26.079999923706055,26.079999923706055,23.850000381469727,24.06999969482422,19.42357063293457,163300
2020-05-08,24.290000915527344,25.420000076293945,23.600000381469727,24.979999542236328,20.15790557861328,127900
2020-05-11,24.829999923706055,26.0,24.459999084472656,25.190000534057617,20.32736587524414,57900
2020-05-12,25.450000762939453,26.5,24.510000228881836,26.309999465942383,21.231163024902344,84200
2020-05-13,26.559999465942383,26.709999084472656,24.760000228881836,25.059999465942383,20.22245979309082,107100
2020-05-14,24.65999984741211,24.950000762939453,23.899999618530273,24.530000686645508,19.794771194458008,25000
2020-05-15,24.670000076293945,25.399999618530273,24.670000076293945,25.100000381469727,20.25473976135254,17200
2020-05-18,25.780000686645508,25.780000686645508,24.600000381469727,24.690000534057617,19.923885345458984,23800
2020-05-19,24.920000076293945,25.43000030517578,24.06999969482422,24.420000076293945,19.70600700378418,43700
2020-05-20,24.600000381469727,24.920000076293945,24.260000228881836,24.5,19.77056312561035,25700
2020-05-21,24.670000076293945,25.0,24.450000762939453,24.540000915527344,19.80284309387207,10900
2020-05-22,24.75,24.989999771118164,24.360000610351562,24.360000610351562,19.657588958740234,36000
2020-05-26,25.149999618530273,25.520000457763672,24.5,24.829999923706055,20.0368595123291,57500
2020-05-27,25.309999465942383,27.100000381469727,24.195999145507812,26.600000381469727,21.46518325805664,90600
2020-05-28,27.329999923706055,27.5,26.40999984741211,26.510000228881836,21.392555236816406,127300
2020-05-29,26.190000534057617,26.190000534057617,24.510000228881836,24.790000915527344,20.00458335876465,78500
2020-06-01,25.209999084472656,25.850000381469727,25.110000610351562,25.15999984741211,20.303157806396484,28600
2020-06-02,25.59000015258789,25.639999389648438,24.979999542236328,25.399999618530273,20.496828079223633,39200
2020-06-03,25.809999465942383,28.0,25.809999465942383,27.270000457763672,22.00584602355957,73500
2020-06-04,27.450000762939453,27.549999237060547,26.860000610351562,27.079999923706055,21.852523803710938,27100
2020-06-05,27.920000076293945,28.850000381469727,27.920000076293945,28.5,22.998411178588867,111800
2020-06-08,28.81999969482422,31.229999542236328,28.290000915527344,31.100000381469727,25.096511840820312,70600
2020-06-09,30.799999237060547,30.799999237060547,28.8799991607666,29.920000076293945,24.14429473876953,60900
2020-06-10,29.84000015258789,30.3799991607666,28.399999618530273,29.809999465942383,24.055530548095703,26200
2020-06-11,28.84000015258789,30.139999389648438,28.299999237060547,29.790000915527344,24.039390563964844,152600
2020-06-12,30.610000610351562,30.610000610351562,29.56999969482422,29.920000076293945,24.14429473876953,26100
2020-06-15,29.389999389648438,30.399999618530273,28.545000076293945,30.399999618530273,24.531635284423828,24000
2020-06-16,31.010000228881836,31.780000686645508,29.799999237060547,30.260000228881836,24.41866111755371,31000
2020-06-17,30.06999969482422,30.93000030517578,29.350000381469727,30.739999771118164,24.80600357055664,106800
2020-06-18,30.290000915527344,30.760000228881836,29.864999771118164,30.5,24.612335205078125,146000
2020-06-19,30.780000686645508,30.780000686645508,29.309999465942383,29.760000228881836,24.015180587768555,136000
2020-06-22,29.610000610351562,29.610000610351562,28.020000457763672,28.469999313354492,22.974199295043945,63500
2020-06-23,28.0,28.614999771118164,27.46500015258789,28.469999313354492,22.974199295043945,36400
2020-06-24,27.139999389648438,27.8700008392334,26.670000076293945,27.780000686645508,22.41739845275879,67200
2020-06-25,27.670000076293945,27.670000076293945,25.604999542236328,26.0,20.98100471496582,50000
2020-06-26,26.0,26.8799991607666,25.510000228881836,26.469999313354492,21.36027717590332,22800
2020-06-29,26.530000686645508,27.559999465942383,25.649999618530273,26.700000762939453,21.545879364013672,9800
2020-06-30,27.0,27.530000686645508,26.350000381469727,26.440000534057617,21.336069107055664,40200
2020-07-01,26.459999084472656,27.049999237060547,26.200000762939453,26.829999923706055,21.65078353881836,29600
2020-07-02,27.270000457763672,27.270000457763672,26.30699920654297,27.149999618530273,21.90900993347168,131200
2020-07-06,27.09000015258789,27.549999237060547,26.469999313354492,27.510000228881836,22.19951820373535,105700
2020-07-07,27.360000610351562,28.420000076293945,27.25,28.219999313354492,22.7724609375,19400
2020-07-08,27.809999465942383,28.170000076293945,27.799999237060547,27.899999618530273,22.514230728149414,76400
2020-07-09,27.68000030517578,27.84000015258789,26.985000610351562,27.0,21.787965774536133,51900
2020-07-10,27.229999542236328,27.31999969482422,26.829999923706055,26.829999923706055,21.65078353881836,87500
2020-07-13,27.0,27.0,25.360000610351562,25.360000610351562,20.464550018310547,151100
2020-07-14,25.270000457763672,26.469999313354492,25.270000457763672,26.229999542236328,21.166606903076172,53300
2020-07-15,26.600000381469727,27.06999969482422,26.1299991607666,26.239999771118164,21.1746768951416,34100
2020-07-16,26.34000015258789,26.399999618530273,26.0,26.059999465942383,21.029422760009766,60800
2020-07-17,26.15999984741211,26.219999313354492,25.593000411987305,26.18000030517578,21.126258850097656,54200
2020-07-20,26.200000762939453,26.420000076293945,26.200000762939453,26.350000381469727,21.263442993164062,82500
2020-07-21,26.84000015258789,27.309999465942383,26.700000762939453,27.049999237060547,21.82831573486328,20600
2020-07-22,26.610000610351562,26.7549991607666,26.420000076293945,26.579999923706055,21.44904327392578,14700
2020-07-23,27.020000457763672,27.020000457763672,26.049999237060547,26.280000686645508,21.20695686340332,53500
2020-07-24,26.079999923706055,26.079999923706055,25.489999771118164,25.68000030517578,20.722776412963867,20400
2020-07-27,25.559999465942383,25.81999969482422,25.0,25.270000457763672,20.391923904418945,18500
2020-07-28,25.209999084472656,25.299999237060547,24.360000610351562,25.270000457763672,20.391923904418945,30600
2020-07-29,25.270000457763672,25.950000762939453,25.1299991607666,25.950000762939453,20.940658569335938,13800
2020-07-30,25.59000015258789,25.81999969482422,25.25,25.700000762939453,20.73891830444336,33800
2020-07-31,25.5,25.850000381469727,25.190000534057617,25.25,20.375782012939453,29200
2020-08-03,25.3700008392334,25.545000076293945,24.84000015258789,25.15999984741211,20.303157806396484,24000
2020-08-04,25.209999084472656,25.989999771118164,25.030000686645508,25.030000686645508,20.198253631591797,13400
2020-08-05,25.239999771118164,25.299999237060547,24.459999084472656,24.809999465942383,20.020721435546875,29000
2020-08-06,24.729999542236328,24.729999542236328,23.829999923706055,24.030000686645508,19.391292572021484,44600
2020-08-07,24.030000686645508,24.260000228881836,23.56999969482422,24.200000762939453,19.528474807739258,27500
2020-08-10,24.200000762939453,24.489999771118164,24.200000762939453,24.469999313354492,19.746355056762695,19600
2020-08-11,24.6200008392334,24.799999237060547,24.290000915527344,24.420000076293945,19.70600700378418,56700
2020-08-12,24.3799991607666,24.790000915527344,24.0,24.700000762939453,19.931955337524414,79800
2020-08-13,24.770000457763672,26.299999237060547,24.770000457763672,26.219999313354492,21.158538818359375,64000
2020-08-14,26.25,27.079999923706055,26.15999984741211,26.780000686645508,21.610435485839844,21900
2020-08-17,26.5,26.510000228881836,25.375,26.280000686645508,21.20695686340332,100600
2020-08-18,26.110000610351562,26.43000030517578,25.674999237060547,26.299999237060547,21.223093032836914,15100
2020-08-19,26.350000381469727,26.6299991607666,25.8799991607666,26.100000381469727,21.06170082092285,29600
2020-08-20,26.010000228881836,26.239999771118164,25.389999389648438,25.559999465942383,20.625940322875977,27900
2020-08-21,25.59000015258789,25.979999542236328,25.56999969482422,25.799999237060547,20.81961441040039,11100
2020-08-24,25.940000534057617,25.940000534057617,25.020000457763672,25.219999313354492,20.351573944091797,14000
2020-08-25,25.25,25.524999618530273,24.6299991607666,24.729999542236328,19.95616340637207,21100
2020-08-26,24.6299991607666,24.739999771118164,24.06999969482422,24.469999313354492,19.746355056762695,27500
2020-08-27,24.3700008392334,24.8799991607666,24.1299991607666,24.399999618530273,19.68986701965332,20900
2020-08-28,24.600000381469727,24.700000762939453,24.190000534057617,24.440000534057617,19.722145080566406,15800
2020-08-31,24.34000015258789,24.780000686645508,24.06999969482422,24.709999084472656,19.940025329589844,78900
2020-09-01,24.469999313354492,24.799999237060547,24.260000228881836,24.670000076293945,19.907747268676758,39000
2020-09-02,24.360000610351562,25.395000457763672,24.360000610351562,24.549999237060547,19.810909271240234,36400
2020-09-03,24.80500030517578,24.950000762939453,24.260000228881836,24.68000030517578,19.915815353393555,24600
2020-09-04,24.850000381469727,25.270000457763672,24.25,24.3700008392334,19.665658950805664,62800
2020-09-08,24.389999389648438,24.989999771118164,24.219999313354492,24.559999465942383,19.81898307800293,37900
2020-09-09,24.68000030517578,24.8700008392334,23.719999313354492,23.979999542236328,19.350942611694336,29700
2020-09-10,23.979999542236328,24.1200008392334,23.049999237060547,23.329999923706055,18.826417922973633,44400
2020-09-11,23.18000030517578,23.229999542236328,22.34000015258789,22.8799991607666,18.46328353881836,50200
2020-09-14,22.850000381469727,23.90999984741211,22.75,23.899999618530273,19.286386489868164,22600
2020-09-15,23.770000457763672,23.770000457763672,23.0,23.290000915527344,18.794139862060547,48400
2020-09-16,23.299999237060547,23.8799991607666,23.09000015258789,23.489999771118164,18.95553207397461,21700
2020-09-17,23.709999084472656,23.75,23.440000534057617,23.540000915527344,18.995880126953125,5500
2020-09-18,23.600000381469727,23.709999084472656,23.277000427246094,23.469999313354492,18.93939208984375,16500
2020-09-21,23.25,23.56999969482422,22.940000534057617,23.280000686645508,18.786069869995117,9500
2020-09-22,23.40999984741211,24.450000762939453,23.40999984741211,23.700000762939453,19.12499237060547,12700
2020-09-23,24.280000686645508,24.309999465942383,23.1299991607666,23.1299991607666,18.665023803710938,14000
2020-09-24,23.899999618530273,23.899999618530273,23.020000457763672,23.290000915527344,18.794139862060547,21700
2020-09-25,23.65999984741211,24.114999771118164,23.229999542236328,23.959999084472656,19.334802627563477,23000
2020-09-28,24.059999465942383,24.81999969482422,23.440000534057617,23.600000381469727,19.04429817199707,27400
2020-09-29,23.600000381469727,23.760000228881836,22.950000762939453,23.469999313354492,18.93939208984375,21300
2020-09-30,23.450000762939453,23.700000762939453,22.959999084472656,23.110000610351562,18.64888572692871,7000
2020-10-01,23.139999389648438,23.190000534057617,22.549999237060547,22.549999237060547,18.196985244750977,12500
2020-10-02,22.459999084472656,23.0,22.350000381469727,22.93000030517578,18.503633499145508,15400
2020-10-05,22.350000381469727,23.90999984741211,22.350000381469727,23.530000686645508,18.987810134887695,17700
2020-10-06,23.674999237060547,24.40999984741211,23.674999237060547,24.34000015258789,19.641447067260742,33500
2020-10-07,24.40999984741211,24.479999542236328,23.299999237060547,24.260000228881836,19.576892852783203,43000
2020-10-08,24.100000381469727,24.299999237060547,23.850000381469727,24.299999237060547,19.609169006347656,29500
2020-10-09,24.18000030517578,24.424999237060547,23.9950008392334,24.170000076293945,19.50426483154297,13500
2020-10-12,23.979999542236328,24.700000762939453,23.354999542236328,24.299999237060547,19.609169006347656,20400
2020-10-13,24.270000457763672,24.270000457763672,23.520000457763672,24.010000228881836,19.375150680541992,23200
2020-10-14,23.829999923706055,24.045000076293945,23.264999389648438,23.510000228881836,18.971668243408203,19300
2020-10-15,23.540000915527344,23.989999771118164,23.5,23.790000915527344,19.197620391845703,33700
2020-10-16,23.65999984741211,23.65999984741211,23.100000381469727,23.209999084472656,18.729581832885742,9300
2020-10-19,23.309999465942383,23.469999313354492,23.0049991607666,23.280000686645508,18.786069869995117,9500
2020-10-20,23.649999618530273,23.649999618530273,22.520000457763672,22.59000015258789,18.229267120361328,45100
2020-10-21,22.6200008392334,23.079999923706055,22.6200008392334,22.799999237060547,18.398727416992188,10000
2020-10-22,22.8799991607666,23.06999969482422,22.600000381469727,22.68000030517578,18.30189323425293,6100
2020-10-23,23.0,23.09000015258789,22.540000915527344,22.6200008392334,18.253477096557617,7700
2020-10-26,22.549999237060547,22.940000534057617,22.110000610351562,22.110000610351562,17.84192657470703,16800
2020-10-27,23.5,23.5,22.0,22.059999465942383,17.801576614379883,49900
2020-10-28,21.760000228881836,21.90999984741211,20.959999084472656,21.149999618530273,17.067241668701172,29300
2020-10-29,21.170000076293945,21.170000076293945,20.5,20.600000381469727,16.623411178588867,13400
2020-10-30,20.399999618530273,20.889999389648438,20.399999618530273,20.770000457763672,16.760595321655273,12900
2020-11-02,20.8799991607666,20.889999389648438,20.260000228881836,20.270000457763672,16.357114791870117,30400
2020-11-03,20.600000381469727,20.889999389648438,20.2549991607666,20.600000381469727,16.623411178588867,21100
2020-11-04,20.479999542236328,20.714000701904297,19.81999969482422,19.850000381469727,16.018192291259766,41500
2020-11-05,20.09000015258789,21.200000762939453,20.09000015258789,20.760000228881836,16.752525329589844,77000
2020-11-06,20.790000915527344,20.920000076293945,19.235000610351562,20.299999237060547,16.381324768066406,40100
2020-11-09,25.25,25.75,21.459999084472656,23.0,18.56011962890625,100700
2020-11-10,22.610000610351562,22.989999771118164,20.309999465942383,20.420000076293945,16.478158950805664,118500
2020-11-11,20.479999542236328,20.959999084472656,20.479999542236328,20.739999771118164,16.736385345458984,124600
2020-11-12,20.350000381469727,21.15999984741211,20.350000381469727,20.799999237060547,16.78480339050293,121800
2020-11-13,20.799999237060547,23.049999237060547,20.799999237060547,22.06999969482422,17.80964469909668,72200
2020-11-16,22.139999389648438,23.219999313354492,21.440000534057617,23.06999969482422,18.616607666015625,123100
2020-11-17,22.90999984741211,25.469999313354492,22.90999984741211,25.25,20.375782012939453,68300
2020-11-18,25.299999237060547,26.0,24.40999984741211,25.020000457763672,20.190183639526367,92700
2020-11-19,25.06999969482422,26.030000686645508,24.985000610351562,25.5,20.577524185180664,68200
2020-11-20,25.3700008392334,26.780000686645508,25.3700008392334,26.649999618530273,21.505529403686523,47400
2020-11-23,26.920000076293945,28.040000915527344,26.040000915527344,27.729999542236328,22.37704849243164,91300
2020-11-24,28.209999084472656,29.489999771118164,28.209999084472656,29.139999389648438,23.514863967895508,84800
2020-11-25,29.0,29.450000762939453,28.360000610351562,29.190000534057617,23.555212020874023,518800
2020-11-27,29.31999969482422,30.989999771118164,29.25,30.479999542236328,24.596195220947266,127900
2020-11-30,30.65999984741211,31.860000610351562,29.530000686645508,30.0,24.208852767944336,739600
2020-12-01,29.969999313354492,30.989999771118164,29.700000762939453,30.920000076293945,24.951255798339844,59100
2020-12-02,30.709999084472656,31.5,30.299999237060547,30.670000076293945,24.7495174407959,46700
2020-12-03,30.780000686645508,31.2189998626709,30.3700008392334,31.049999237060547,25.056161880493164,47200
2020-12-04,30.93000030517578,31.0,30.1299991607666,30.34000015258789,24.483219146728516,60900
2020-12-07,30.34000015258789,31.469999313354492,29.774999618530273,31.190000534057617,25.169137954711914,79000
2020-12-08,31.219999313354492,31.889999389648438,31.094999313354492,31.600000381469727,25.49999237060547,162500
2020-12-09,31.600000381469727,32.189998626708984,31.280000686645508,31.59000015258789,25.491920471191406,162000
2020-12-10,31.290000915527344,31.770000457763672,30.985000610351562,31.600000381469727,25.49999237060547,101700
2020-12-11,31.399999618530273,31.670000076293945,29.93000030517578,30.049999237060547,24.24920082092285,53200
2020-12-14,30.389999389648438,30.459999084472656,29.15999984741211,29.510000228881836,23.813440322875977,35100
2020-12-15,29.8700008392334,31.6299991607666,29.700000762939453,31.469999313354492,25.395084381103516,72000
2020-12-16,31.209999084472656,31.68000030517578,30.924999237060547,31.219999313354492,25.193344116210938,64600
2020-12-17,30.81999969482422,31.040000915527344,30.450000762939453,30.489999771118164,24.604263305664062,16300
2020-12-18,30.56999969482422,30.639999389648438,29.770000457763672,29.84000015258789,24.079740524291992,23500
2020-12-21,29.579999923706055,29.940000534057617,28.600000381469727,29.75,24.007110595703125,41600
2020-12-22,29.56999969482422,30.68000030517578,29.520000457763672,30.59000015258789,24.684961318969727,22100
2020-12-23,30.389999389648438,31.329999923706055,30.389999389648438,30.790000915527344,24.84635353088379,43800
2020-12-24,30.84000015258789,31.100000381469727,30.0,30.0,24.208852767944336,3800
2020-12-28,30.139999389648438,30.399999618530273,29.982999801635742,30.200000762939453,24.37024688720703,3100
2020-12-29,30.110000610351562,30.989999771118164,30.110000610351562,30.860000610351562,24.9028377532959,6700
2020-12-30,30.719999313354492,31.329999923706055,30.719999313354492,31.329999923706055,25.28211212158203,37600
2020-12-31,31.260000228881836,32.41999816894531,30.959999084472656,32.349998474121094,26.10521125793457,10700
2021-01-04,32.34000015258789,32.34000015258789,30.579999923706055,31.889999389648438,25.734010696411133,55200
2021-01-05,31.56999969482422,32.04999923706055,30.34000015258789,31.829999923706055,25.68559455871582,66600
2021-01-06,31.729999542236328,33.564998626708984,31.110000610351562,32.63999938964844,26.339231491088867,132200
2021-01-07,32.52000045776367,33.560001373291016,32.41999816894531,32.52000045776367,26.242395401000977,52700
2021-01-08,32.88999938964844,34.606998443603516,32.88999938964844,34.439998626708984,27.791759490966797,77500
2021-01-11,34.0099983215332,35.22999954223633,33.97999954223633,34.939998626708984,28.195241928100586,86500
2021-01-12,35.04999923706055,35.04999923706055,33.81999969482422,34.75,28.04192352294922,128700
2021-01-13,34.47999954223633,34.60499954223633,33.709999084472656,33.970001220703125,27.412490844726562,96000
2021-01-14,33.869998931884766,35.220001220703125,33.869998931884766,35.04999923706055,28.28400993347168,26400
2021-01-15,34.650001525878906,35.130001068115234,34.5,34.630001068115234,27.945087432861328,102700
2021-01-19,34.720001220703125,35.040000915527344,33.029998779296875,33.08000183105469,26.69429588317871,127000
2021-01-20,32.54999923706055,33.2400016784668,29.489999771118164,33.220001220703125,26.80727195739746,116900
2021-01-21,32.880001068115234,33.27000045776367,32.0,33.27000045776367,26.847618103027344,47800
2021-01-22,32.75,32.84000015258789,31.489999771118164,32.65999984741211,26.355369567871094,135400
2021-01-25,32.33000183105469,33.060001373291016,32.33000183105469,33.060001373291016,26.67815589904785,231500
2021-01-26,33.11000061035156,33.38999938964844,31.030000686645508,32.650001525878906,26.347301483154297,124800
2021-01-27,32.18000030517578,32.540000915527344,31.388999938964844,32.20000076293945,25.984167098999023,119300
2021-01-28,32.25,32.25,30.790000915527344,31.3700008392334,25.314390182495117,85300
2021-01-29,31.15999984741211,32.09000015258789,30.895000457763672,32.029998779296875,25.846982955932617,39400
2021-02-01,31.950000762939453,31.989999771118164,31.209999084472656,31.639999389648438,25.532270431518555,26600
2021-02-02,31.760000228881836,32.15999984741211,31.139999389648438,31.530000686645508,25.443504333496094,22300
2021-02-03,31.610000610351562,31.850000381469727,30.770000457763672,31.5,25.419294357299805,40900
2021-02-04,31.559999465942383,32.029998779296875,31.100000381469727,31.540000915527344,25.45157241821289,74200
2021-02-05,31.8700008392334,32.17900085449219,31.360000610351562,31.81999969482422,25.677522659301758,19900
2021-02-08,31.850000381469727,32.83000183105469,31.520000457763672,32.540000915527344,26.258535385131836,16300
2021-02-09,32.380001068115234,33.47999954223633,32.29999923706055,33.40999984741211,26.960590362548828,14800
2021-02-10,33.2599983215332,34.185001373291016,32.650001525878906,32.810001373291016,26.476415634155273,38400
2021-02-11,32.61000061035156,32.86000061035156,32.150001525878906,32.150001525878906,25.94382095336914,18700
2021-02-12,32.560001373291016,33.95000076293945,32.290000915527344,33.90999984741211,27.36407470703125,45800
2021-02-16,33.9900016784668,34.939998626708984,33.63999938964844,34.599998474121094,27.920875549316406,100800
2021-02-17,34.5099983215332,34.95000076293945,33.880001068115234,34.779998779296875,28.06612777709961,26800
2021-02-18,34.619998931884766,35.959999084472656,34.04999923706055,34.459999084472656,27.80790138244629,61400
2021-02-19,34.31999969482422,35.09000015258789,34.119998931884766,35.09000015258789,28.3162899017334,26800
2021-02-22,34.970001220703125,35.06999969482422,34.189998626708984,35.060001373291016,28.29207992553711,14500
2021-02-23,35.11000061035156,35.11000061035156,34.5,34.66999816894531,27.977365493774414,32600
2021-02-24,34.58000183105469,34.810001373291016,33.880001068115234,33.880001068115234,27.33986473083496,24500
2021-02-25,34.119998931884766,34.95000076293945,33.65999984741211,34.939998626708984,28.195241928100586,23100
2021-02-26,34.959999084472656,34.959999084472656,34.41999816894531,34.900001525878906,28.162967681884766,90500
2021-03-01,35.0,35.0,34.040000915527344,34.290000915527344,27.67072105407715,73400
2021-03-02,34.77000045776367,34.77000045776367,33.86000061035156,34.0,27.43669891357422,24700
2021-03-03,34.31999969482422,34.5,32.529998779296875,33.34000015258789,26.904102325439453,41900
2021-03-04,33.79999923706055,34.18000030517578,32.58000183105469,32.619998931884766,26.323091506958008,54900
2021-03-05,32.97999954223633,32.97999954223633,30.399999618530273,31.81999969482422,25.677522659301758,49100
2021-03-08,31.829999923706055,32.11000061035156,31.399999618530273,31.979999542236328,25.806636810302734,20800
2021-03-09,31.799999237060547,31.809999465942383,30.003999710083008,30.950000762939453,24.975465774536133,163600
2021-03-10,31.209999084472656,31.68000030517578,30.700000762939453,31.1200008392334,25.112651824951172,62600
2021-03-11,31.469999313354492,31.520000457763672,30.729999542236328,30.81999969482422,24.870561599731445,65900
2021-03-12,31.040000915527344,31.299999237060547,30.579999923706055,31.110000610351562,25.104581832885742,55600
2021-03-15,31.06999969482422,31.395000457763672,30.649999618530273,30.75,24.814071655273438,69300
2021-03-16,30.75,31.0049991607666,30.5,30.6299991607666,24.71723747253418,37800
2021-03-17,30.59000015258789,30.933000564575195,30.049999237060547,30.549999237060547,24.652681350708008,37500
2021-03-18,30.59000015258789,30.59000015258789,29.704999923706055,29.719999313354492,23.982900619506836,45400
2021-03-19,29.809999465942383,29.809999465942383,28.8799991607666,29.440000534057617,23.756956100463867,50500
2021-03-22,29.200000762939453,29.5,28.040000915527344,28.260000228881836,22.804738998413086,54200
2021-03-23,28.350000381469727,28.610000610351562,27.670000076293945,28.389999389648438,22.909645080566406,143800
2021-03-24,28.790000915527344,29.009000778198242,28.100000381469727,28.3799991607666,22.901573181152344,32400
2021-03-25,28.15999984741211,28.549999237060547,27.979999542236328,28.3799991607666,22.901573181152344,17500
2021-03-26,28.549999237060547,29.149999618530273,28.020000457763672,28.239999771118164,22.788599014282227,25500
2021-03-29,28.09000015258789,30.06999969482422,28.09000015258789,29.399999618530273,23.72467613220215,44600
2021-03-30,29.399999618530273,30.020000457763672,29.135000228881836,29.610000610351562,23.89413833618164,38000
2021-03-31,29.420000076293945,30.170000076293945,29.209999084472656,29.899999618530273,24.128156661987305,60300
2021-04-01,29.899999618530273,31.450000762939453,29.75,31.450000762939453,25.37894630432129,50900
2021-04-05,31.389999389648438,31.399999618530273,30.0,30.299999237060547,24.450939178466797,35500
2021-04-06,30.559999465942383,30.93000030517578,30.165000915527344,30.690000534057617,24.765657424926758,27800
2021-04-07,30.96500015258789,31.0,30.540000915527344,31.0,25.01581382751465,62300
2021-04-08,31.0,32.36000061035156,31.0,32.029998779296875,25.846982955932617,31500
2021-04-09,32.0,32.31999969482422,31.0,31.639999389648438,25.532270431518555,44200
2021-04-12,31.399999618530273,31.639999389648438,29.979999542236328,31.639999389648438,25.532270431518555,80000
2021-04-13,31.639999389648438,31.790000915527344,30.902999877929688,31.600000381469727,25.49999237060547,45300
2021-04-14,31.670000076293945,31.934999465942383,31.270000457763672,31.6200008392334,25.516130447387695,20100
2021-04-15,31.534000396728516,31.790000915527344,31.329999923706055,31.540000915527344,25.45157241821289,30200
2021-04-16,31.690000534057617,31.690000534057617,30.59000015258789,30.899999618530273,24.935115814208984,28700
2021-04-19,30.579999923706055,32.279998779296875,29.219999313354492,29.350000381469727,23.684329986572266,95600
2021-04-20,28.729999542236328,29.59000015258789,26.299999237060547,27.5,22.191448211669922,184200
2021-04-21,27.34000015258789,28.174999237060547,27.34000015258789,27.6299991607666,22.296354293823242,77100
2021-04-22,27.670000076293945,27.670000076293945,26.260000228881836,26.3799991607666,21.28765106201172,81300
2021-04-23,26.209999084472656,27.110000610351562,26.040000915527344,26.950000762939453,21.747621536254883,50900
2021-04-26,26.899999618530273,28.049999237060547,26.700000762939453,27.739999771118164,22.385120391845703,111600
2021-04-27,27.0,27.290000915527344,26.459999084472656,26.549999237060547,22.036518096923828,39800
2021-04-28,26.600000381469727,26.690000534057617,25.729999542236328,25.899999618530273,21.497018814086914,30100
2021-04-29,26.06999969482422,26.06999969482422,25.614999771118164,25.729999542236328,21.355918884277344,25300
2021-04-30,25.913999557495117,26.05500030517578,25.43000030517578,25.65999984741211,21.297819137573242,31300
2021-05-03,25.729999542236328,26.052000045776367,25.43000030517578,25.799999237060547,21.414018630981445,16100
2021-05-04,25.979999542236328,26.1200008392334,24.709999084472656,24.75,20.542516708374023,24800
2021-05-05,24.6299991607666,25.049999237060547,24.440000534057617,24.93000030517578,20.691917419433594,17000
2021-05-06,24.850000381469727,24.979999542236328,24.149999618530273,24.979999542236328,20.733415603637695,47400
2021-05-07,24.719999313354492,25.889999389648438,24.700000762939453,24.75,20.542516708374023,77800
2021-05-10,25.139999389648438,27.690000534057617,24.83300018310547,27.549999237060547,22.866519927978516,122300
2021-05-11,27.059999465942383,28.0,26.600000381469727,27.170000076293945,22.551118850708008,46000
2021-05-12,27.440000534057617,29.860000610351562,27.15999984741211,29.43000030517578,24.426921844482422,82300
2021-05-13,29.530000686645508,30.0,28.770999908447266,29.649999618530273,24.609519958496094,44800
2021-05-14,30.030000686645508,30.136999130249023,29.520000457763672,29.889999389648438,24.8087215423584,40100
2021-05-17,29.700000762939453,29.700000762939453,28.014999389648438,28.149999618530273,23.364521026611328,44400
2021-05-18,28.440000534057617,28.440000534057617,27.0,27.389999389648438,22.733718872070312,29100
2021-05-19,27.3700008392334,28.049999237060547,26.8799991607666,27.93000030517578,23.181921005249023,85000
2021-05-20,27.920000076293945,29.0,27.889999389648438,28.770000457763672,23.879119873046875,89700
2021-05-21,28.700000762939453,28.700000762939453,27.420000076293945,28.25,23.447519302368164,120600
2021-05-24,28.579999923706055,28.579999923706055,26.84000015258789,26.959999084472656,22.37681770324707,52400
2021-05-25,27.1299991607666,27.5,26.5,26.84000015258789,22.277217864990234,86600
2021-05-26,27.225000381469727,27.260000228881836,25.670000076293945,26.309999465942383,21.837318420410156,108700
2021-05-27,26.889999389648438,27.31999969482422,24.850000381469727,25.8700008392334,21.472118377685547,221200
2021-05-28,26.040000915527344,28.43000030517578,26.040000915527344,28.139999389648438,23.356218338012695,114100
2021-06-01,27.950000762939453,27.950000762939453,27.3799991607666,27.530000686645508,22.84992027282715,65600
2021-06-02,27.770000457763672,28.915000915527344,27.625,28.780000686645508,23.887422561645508,51000
2021-06-03,28.920000076293945,28.920000076293945,28.3700008392334,28.829999923706055,23.928918838500977,62400
2021-06-04,29.100000381469727,30.6299991607666,29.040000915527344,30.6299991607666,25.42292022705078,105900
2021-06-07,29.469999313354492,29.469999313354492,26.520000457763672,27.09000015258789,22.484718322753906,179400
2021-06-08,27.299999237060547,27.301000595092773,26.0,26.6200008392334,22.094619750976562,79200
2021-06-09,26.510000228881836,26.690000534057617,25.0,25.43000030517578,21.106918334960938,200000
2021-06-10,26.0,26.604999542236328,25.6299991607666,25.700000762939453,21.331018447875977,117400
2021-06-11,25.959999084472656,26.600000381469727,25.510000228881836,25.68000030517578,21.31441879272461,48200
2021-06-14,25.860000610351562,26.100000381469727,25.604999542236328,25.690000534057617,21.322717666625977,26500
2021-06-15,25.709999084472656,25.709999084472656,25.31999969482422,25.59000015258789,21.239717483520508,82600
2021-06-16,25.5,25.950000762939453,25.229999542236328,25.489999771118164,21.156719207763672,62300
2021-06-17,25.670000076293945,25.93000030517578,25.149999618530273,25.81999969482422,21.430618286132812,77200
2021-06-18,25.829999923706055,26.309999465942383,24.770000457763672,25.360000610351562,21.04882049560547,144200
2021-06-21,25.299999237060547,26.280000686645508,25.06999969482422,25.200000762939453,20.916017532348633,74000
2021-06-22,25.389999389648438,25.540000915527344,24.979999542236328,25.309999465942383,21.00731658935547,222000
2021-06-23,25.40999984741211,25.959999084472656,25.229999542236328,25.8700008392334,21.472118377685547,35900
2021-06-24,25.889999389648438,26.165000915527344,24.91200065612793,25.790000915527344,21.405717849731445,88200
2021-06-25,26.059999465942383,26.059999465942383,25.079999923706055,25.5,21.16501808166504,90100
2021-06-28,25.15999984741211,25.64699935913086,24.579999923706055,25.549999237060547,21.206518173217773,77600
2021-06-29,25.549999237060547,25.84000015258789,25.219999313354492,25.440000534057617,21.115219116210938,15200
2021-06-30,25.639999389648438,25.639999389648438,24.959999084472656,25.1200008392334,20.849618911743164,10300
2021-07-01,24.899999618530273,25.100000381469727,23.729999542236328,24.520000457763672,20.35161781311035,89200
2021-07-02,24.459999084472656,25.309999465942383,24.200000762939453,24.450000762939453,20.29351806640625,38000
2021-07-06,24.440000534057617,24.540000915527344,23.940000534057617,24.25,20.127517700195312,38800
2021-07-07,24.209999084472656,24.385000228881836,23.639999389648438,24.190000534057617,20.07771873474121,53600
2021-07-08,23.600000381469727,23.84000015258789,23.1200008392334,23.780000686645508,19.737417221069336,39400
2021-07-09,23.75,24.510000228881836,23.139999389648438,24.43000030517578,20.276918411254883,35700
2021-07-12,24.510000228881836,24.700000762939453,23.625,24.030000686645508,19.944917678833008,66000
2021-07-13,24.1299991607666,24.90999984741211,23.59000015258789,23.940000534057617,19.87021827697754,26300
2021-07-14,24.06999969482422,24.395000457763672,23.0,23.200000762939453,19.256017684936523,69400
2021-07-15,23.149999618530273,24.170000076293945,22.760000228881836,23.450000762939453,19.463516235351562,36100
2021-07-16,23.56999969482422,24.59000015258789,22.44499969482422,23.139999389648438,19.20621681213379,80300
2021-07-19,22.799999237060547,23.610000610351562,22.549999237060547,22.850000381469727,18.965517044067383,40100
2021-07-20,22.989999771118164,24.0,22.979999542236328,23.75,19.71251678466797,24000
2021-07-21,23.899999618530273,24.489999771118164,23.610000610351562,23.889999389648438,19.828716278076172,30800
2021-07-22,23.860000610351562,24.670000076293945,23.469999313354492,24.389999389648438,20.243717193603516,19500
2021-07-23,24.479999542236328,24.5,22.780000686645508,23.1299991607666,19.19791603088379,54100
2021-07-26,23.059999465942383,23.5,22.889999389648438,23.0,19.090017318725586,39000
2021-07-27,23.1299991607666,23.315000534057617,22.510000228881836,22.950000762939453,19.04851722717285,38200
2021-07-28,22.969999313354492,23.56999969482422,22.969999313354492,23.239999771118164,19.289216995239258,29900
2021-07-29,23.34000015258789,24.219999313354492,22.290000915527344,22.639999389648438,18.791215896606445,60800
2021-07-30,22.200000762939453,22.200000762939453,20.34000015258789,20.350000381469727,16.89051628112793,180600
2021-08-02,20.790000915527344,21.51799964904785,20.389999389648438,20.610000610351562,17.106313705444336,121100
2021-08-03,20.6200008392334,20.799999237060547,19.850000381469727,20.010000228881836,16.608314514160156,67000
2021-08-04,20.0,20.559999465942383,19.684999465942383,19.81999969482422,16.450613021850586,74700
2021-08-05,19.899999618530273,20.0,18.75,19.209999084472656,15.944314002990723,99600
2021-08-06,19.5,19.780000686645508,18.6200008392334,18.729999542236328,15.545912742614746,72400
2021-08-09,18.700000762939453,18.739999771118164,18.030000686645508,18.059999465942383,14.989812850952148,86200
2021-08-10,18.09000015258789,18.639999389648438,17.670000076293945,18.100000381469727,15.023015022277832,331500
2021-08-11,18.559999465942383,19.3700008392334,18.399999618530273,18.739999771118164,15.554213523864746,850400
2021-08-12,19.31999969482422,19.360000610351562,18.04400062561035,18.3799991607666,15.255413055419922,188100
2021-08-13,18.270000457763672,19.25,18.270000457763672,19.1200008392334,15.86961555480957,386200
2021-08-16,19.110000610351562,20.780000686645508,18.98900032043457,19.530000686645508,16.20991325378418,463100
2021-08-17,19.540000915527344,20.854999542236328,18.860000610351562,19.559999465942383,16.234813690185547,260600
2021-08-18,19.600000381469727,19.81999969482422,18.600000381469727,18.670000076293945,15.496113777160645,470300
2021-08-19,18.6299991607666,19.05500030517578,18.329999923706055,18.959999084472656,15.73681354522705,215900
2021-08-20,18.81999969482422,20.200000762939453,18.81999969482422,19.690000534057617,16.342714309692383,98900
2021-08-23,19.729999542236328,20.860000610351562,19.729999542236328,20.799999237060547,17.264013290405273,50500
2021-08-24,21.0,21.8700008392334,20.81999969482422,21.690000534057617,18.002716064453125,61700
2021-08-25,21.559999465942383,22.059999465942383,21.364999771118164,21.93000030517578,18.20191764831543,71700
2021-08-26,21.850000381469727,22.09000015258789,21.389999389648438,21.940000534057617,18.210216522216797,70500
2021-08-27,22.079999923706055,22.399999618530273,21.40999984741211,22.200000762939453,18.426015853881836,99100
2021-08-30,22.06999969482422,22.760000228881836,22.06999969482422,22.5,18.675016403198242,43300
2021-08-31,22.479999542236328,23.1299991607666,22.299999237060547,22.610000610351562,18.766315460205078,57400
2021-09-01,22.65999984741211,22.820999145507812,22.290000915527344,22.309999465942383,18.517314910888672,23900
2021-09-02,22.31999969482422,22.450000762939453,21.6299991607666,21.709999084472656,18.01931381225586,27100
2021-09-03,21.829999923706055,21.916000366210938,21.219999313354492,21.290000915527344,17.67071533203125,14200
2021-09-07,21.260000228881836,21.53700065612793,21.040000915527344,21.5,17.845016479492188,42300
2021-09-08,21.3799991607666,21.6299991607666,21.079999923706055,21.110000610351562,17.521316528320312,31200
2021-09-09,21.049999237060547,21.415000915527344,20.75,21.31999969482422,17.695613861083984,37800
2021-09-10,21.389999389648438,21.780000686645508,21.18000030517578,21.59000015258789,17.919715881347656,35900
2021-09-13,21.729999542236328,22.299999237060547,21.729999542236328,22.270000457763672,18.484115600585938,18100
2021-09-14,22.190000534057617,22.190000534057617,21.610000610351562,22.010000228881836,18.2683162689209,36500
2021-09-15,21.979999542236328,22.3799991607666,21.979999542236328,22.309999465942383,18.517314910888672,23300
2021-09-16,22.200000762939453,22.399999618530273,21.90999984741211,22.149999618530273,18.3845157623291,41800
2021-09-17,22.190000534057617,22.40999984741211,21.610000610351562,22.190000534057617,18.417715072631836,24100
2021-09-20,21.790000915527344,21.8700008392334,20.950000762939453,21.170000076293945,17.57111358642578,19400
2021-09-21,21.280000686645508,21.6299991607666,21.049999237060547,21.389999389648438,17.753713607788086,18500
2021-09-22,21.3700008392334,21.860000610351562,21.3700008392334,21.6299991607666,17.952913284301758,40400
2021-09-23,22.31999969482422,22.780000686645508,21.40999984741211,22.350000381469727,18.550518035888672,24500
2021-09-24,22.93000030517578,22.93000030517578,21.809999465942383,22.190000534057617,18.417715072631836,22800
2021-09-27,22.09000015258789,23.0,22.09000015258789,22.959999084472656,19.056814193725586,36200
2021-09-28,22.68000030517578,22.809999465942383,22.344999313354492,22.729999542236328,18.865915298461914,33300
2021-09-29,22.68899917602539,22.899999618530273,22.0,22.299999237060547,18.509016036987305,23300
2021-09-30,22.389999389648438,22.6200008392334,22.15999984741211,22.329999923706055,18.533916473388672,16400
2021-10-01,22.290000915527344,22.985000610351562,22.040000915527344,22.860000610351562,18.973817825317383,21900
2021-10-04,22.860000610351562,23.239999771118164,22.459999084472656,22.799999237060547,18.92401695251465,26800
2021-10-05,22.780000686645508,24.84000015258789,22.780000686645508,23.799999237060547,19.754016876220703,43600
2021-10-06,23.459999084472656,23.459999084472656,21.59000015258789,22.040000915527344,18.293216705322266,57800
2021-10-07,22.479999542236328,24.739999771118164,22.420000076293945,24.18000030517578,20.06941795349121,154500
2021-10-08,24.059999465942383,24.059999465942383,23.260000228881836,23.350000381469727,19.380516052246094,10000
2021-10-11,23.540000915527344,24.229999542236328,23.290000915527344,23.760000228881836,19.720815658569336,14600
2021-10-12,23.75,24.34000015258789,23.75,24.15999984741211,20.052818298339844,13600
2021-10-13,24.260000228881836,24.600000381469727,23.719999313354492,24.200000762939453,20.086017608642578,35800
2021-10-14,24.360000610351562,25.020000457763672,23.889999389648438,24.760000228881836,20.550817489624023,30200
2021-10-15,24.920000076293945,26.450000762939453,24.854999542236328,26.139999389648438,21.696218490600586,40800
2021-10-18,26.0,26.459999084472656,25.799999237060547,26.0,21.580018997192383,52600
2021-10-19,26.299999237060547,26.68000030517578,26.0,26.3700008392334,21.88711929321289,72400
2021-10-20,26.350000381469727,26.790000915527344,26.045000076293945,26.790000915527344,22.2357177734375,43700
2021-10-21,26.700000762939453,27.309999465942383,26.56399917602539,27.309999465942383,22.667320251464844,34900
2021-10-22,27.790000915527344,28.209999084472656,27.399999618530273,28.190000534057617,23.397720336914062,79000
2021-10-25,28.200000762939453,28.200000762939453,27.34000015258789,27.84000015258789,23.107219696044922,43100
2021-10-26,27.8799991607666,28.139999389648438,27.469999313354492,27.920000076293945,23.173620223999023,55100
2021-10-27,27.75,28.360000610351562,27.540000915527344,27.68000030517578,22.97442054748535,39100
2021-10-28,28.209999084472656,28.719999313354492,27.760000228881836,28.719999313354492,23.83761978149414,33800
2021-10-29,28.530000686645508,28.799999237060547,28.31999969482422,28.719999313354492,23.83761978149414,88600
2021-11-01,28.479999542236328,28.829999923706055,28.420000076293945,28.420000076293945,23.588621139526367,24200
2021-11-02,28.59000015258789,29.049999237060547,28.325000762939453,28.899999618530273,23.987018585205078,60800
2021-11-03,28.799999237060547,29.09000015258789,28.639999389648438,28.850000381469727,23.94552230834961,39000
2021-11-04,28.84000015258789,28.84000015258789,27.010000228881836,27.600000381469727,22.908018112182617,55000
2021-11-05,27.670000076293945,28.34000015258789,27.388999938964844,27.5,22.82501983642578,37800
2021-11-08,27.739999771118164,28.450000762939453,27.420000076293945,27.780000686645508,23.05742073059082,7900
2021-11-09,27.81999969482422,27.81999969482422,26.940000534057617,27.1200008392334,22.509620666503906,10600
2021-11-10,25.0,27.729999542236328,24.200000762939453,25.420000076293945,21.098617553710938,130100
2021-11-11,25.389999389648438,26.131999969482422,24.979999542236328,25.399999618530273,21.082015991210938,71600
2021-11-12,25.610000610351562,25.610000610351562,24.15999984741211,24.940000534057617,20.700218200683594,30700
2021-11-15,24.84000015258789,25.049999237060547,24.600000381469727,24.760000228881836,20.550817489624023,16500
2021-11-16,24.6200008392334,24.860000610351562,23.78499984741211,24.639999389648438,20.451215744018555,37600
2021-11-17,24.34000015258789,24.450000762939453,24.1200008392334,24.260000228881836,20.13581657409668,11300
2021-11-18,24.1200008392334,24.674999237060547,24.110000610351562,24.1200008392334,20.01961898803711,31800
2021-11-19,24.049999237060547,24.700000762939453,23.950000762939453,24.290000915527344,20.16071891784668,12500
2021-11-22,24.530000686645508,24.770000457763672,23.950000762939453,23.959999084472656,19.886816024780273,14500
2021-11-23,24.059999465942383,24.860000610351562,23.969999313354492,24.469999313354492,20.310115814208984,31800
2021-11-24,24.170000076293945,25.540000915527344,24.170000076293945,25.40999984741211,21.09031867980957,42900
2021-11-26,24.5,25.43000030517578,23.700000762939453,25.43000030517578,21.106918334960938,81100
2021-11-29,25.520000457763672,26.950000762939453,24.924999237060547,26.15999984741211,21.712818145751953,82800
2021-11-30,25.860000610351562,29.0,25.06999969482422,29.0,24.07002067565918,251300
2021-12-01,28.25,28.579999923706055,25.489999771118164,25.549999237060547,21.206518173217773,422800
2021-12-02,25.610000610351562,26.187000274658203,24.579999923706055,24.6299991607666,20.442916870117188,60200
2021-12-03,24.760000228881836,24.81999969482422,24.0,24.280000686645508,20.15241813659668,21100
2021-12-06,24.059999465942383,24.790000915527344,23.40999984741211,24.610000610351562,20.426319122314453,71900
2021-12-07,24.700000762939453,25.34000015258789,24.59000015258789,24.739999771118164,20.534217834472656,31200
2021-12-08,24.8799991607666,25.15999984741211,24.114999771118164,24.610000610351562,20.426319122314453,39300
2021-12-09,24.40999984741211,24.860000610351562,23.979999542236328,24.1200008392334,20.01961898803711,24500
2021-12-10,23.969999313354492,24.43000030517578,23.530000686645508,24.360000610351562,20.21881866455078,51300
2021-12-13,23.760000228881836,24.09000015258789,23.1200008392334,23.56999969482422,19.56311798095703,59200
2021-12-14,22.8799991607666,23.829999923706055,22.8799991607666,23.809999465942383,20.32276725769043,33300
2021-12-15,23.670000076293945,24.197999954223633,23.040000915527344,23.899999618530273,20.39958381652832,29200
2021-12-16,23.760000228881836,24.399999618530273,23.239999771118164,24.059999465942383,20.536151885986328,93300
2021-12-17,23.729999542236328,23.84000015258789,23.079999923706055,23.610000610351562,20.152057647705078,79800
2021-12-20,23.510000228881836,23.700000762939453,23.229999542236328,23.65999984741211,20.194734573364258,16700
2021-12-21,24.43000030517578,24.950000762939453,23.959999084472656,24.600000381469727,20.99706268310547,37600
2021-12-22,24.729999542236328,25.299999237060547,24.469999313354492,25.049999237060547,21.381153106689453,25200
2021-12-23,25.270000457763672,26.049999237060547,25.25,25.530000686645508,21.79085350036621,214200
2021-12-27,25.5,26.989999771118164,25.420000076293945,26.889999389648438,22.9516658782959,39400
2021-12-28,26.969999313354492,27.69499969482422,26.229999542236328,26.600000381469727,22.704139709472656,24200
2021-12-29,26.420000076293945,26.959999084472656,26.40999984741211,26.799999237060547,22.874847412109375,29700
2021-12-30,26.81999969482422,27.200000762939453,26.56999969482422,26.860000610351562,22.92605972290039,38600
2021-12-31,26.639999389648438,26.889999389648438,26.280000686645508,26.3799991607666,22.516361236572266,10300
2022-01-03,26.459999084472656,26.65999984741211,25.770000457763672,26.56999969482422,22.67853546142578,24500
2022-01-04,26.6200008392334,27.15999984741211,25.850000381469727,27.149999618530273,23.173587799072266,23200
2022-01-05,27.059999465942383,27.059999465942383,26.229999542236328,26.530000686645508,22.644393920898438,18300
2022-01-06,26.610000610351562,27.1299991607666,26.270000457763672,26.940000534057617,22.99434471130371,25600
2022-01-07,26.959999084472656,28.0,26.959999084472656,27.90999984741211,23.822275161743164,24800
2022-01-10,27.790000915527344,28.440000534057617,27.40999984741211,28.270000457763672,24.129552841186523,39200
2022-01-11,28.459999084472656,28.549999237060547,27.729999542236328,28.299999237060547,24.155155181884766,21500
2022-01-12,28.459999084472656,31.059999465942383,28.299999237060547,30.969999313354492,26.434104919433594,41400
2022-01-13,30.780000686645508,31.75,30.110000610351562,31.739999771118164,27.09132957458496,90300
2022-01-14,31.290000915527344,31.700000762939453,30.600000381469727,31.68000030517578,27.040119171142578,52000
2022-01-18,31.510000228881836,31.530000686645508,30.649999618530273,30.850000381469727,26.331680297851562,49200
2022-01-19,30.920000076293945,31.59000015258789,30.200000762939453,31.299999237060547,26.715774536132812,65600
2022-01-20,31.729999542236328,31.729999542236328,30.299999237060547,31.25,26.673095703125,105800
2022-01-21,30.850000381469727,32.005001068115234,30.299999237060547,30.5,26.032943725585938,164700
2022-01-24,30.100000381469727,31.209999084472656,28.614999771118164,31.0,26.4597110748291,270200
2022-01-25,30.670000076293945,31.645000457763672,30.100000381469727,31.639999389648438,27.0059757232666,306600
2022-01-26,31.700000762939453,31.700000762939453,29.950000762939453,31.43000030517578,26.82673454284668,412600
2022-01-27,31.309999465942383,31.985000610351562,30.969999313354492,30.989999771118164,26.451175689697266,57500
2022-01-28,31.1200008392334,31.790000915527344,31.1200008392334,31.34000015258789,26.749914169311523,52700
2022-01-31,31.479999542236328,31.899999618530273,31.256999969482422,31.530000686645508,26.91208839416504,82500
2022-02-01,31.229999542236328,32.25,30.290000915527344,30.829999923706055,26.31460952758789,99800
2022-02-02,31.040000915527344,32.040000915527344,29.79400062561035,31.790000915527344,27.134010314941406,137200
2022-02-03,31.3700008392334,31.674999237060547,30.399999618530273,30.790000915527344,26.28046989440918,94200
2022-02-04,30.790000915527344,31.31999969482422,30.579999923706055,30.799999237060547,26.289005279541016,22400
2022-02-07,31.030000686645508,32.31999969482422,31.030000686645508,32.2599983215332,27.535171508789062,86200
2022-02-08,32.189998626708984,34.529998779296875,31.239999771118164,33.33000183105469,28.448461532592773,194400
2022-02-09,33.0,33.849998474121094,33.0,33.13999938964844,28.286285400390625,23800
2022-02-10,32.63999938964844,33.25,32.349998474121094,33.06999969482422,28.226537704467773,42200
2022-02-11,33.0,33.06999969482422,32.060001373291016,32.20000076293945,27.483959197998047,53700
2022-02-14,32.0,32.970001220703125,31.18000030517578,31.799999237060547,27.142541885375977,49100
2022-02-15,32.029998779296875,33.130001068115234,32.029998779296875,32.7599983215332,27.961938858032227,32500
2022-02-16,32.83000183105469,33.150001525878906,32.2400016784668,32.2400016784668,27.518102645874023,13900
2022-02-17,32.26900100708008,33.130001068115234,31.549999237060547,33.08000183105469,28.235074996948242,120700
2022-02-18,32.66999816894531,32.880001068115234,32.099998474121094,32.209999084472656,27.49249267578125,83700
2022-02-22,32.0,32.0099983215332,31.184999465942383,31.489999771118164,26.877944946289062,20400
2022-02-23,31.68000030517578,31.68000030517578,30.950000762939453,31.34000015258789,26.749914169311523,25600
2022-02-24,30.280000686645508,30.889999389648438,29.579999923706055,30.739999771118164,26.237791061401367,34900
2022-02-25,31.09000015258789,32.40999984741211,30.719999313354492,32.2599983215332,27.535171508789062,58400
2022-02-28,31.75,32.349998474121094,31.635000228881836,32.29999923706055,27.569311141967773,59100
2022-03-01,32.25,32.4900016784668,31.309999465942383,32.18000030517578,27.466888427734375,62800
2022-03-02,32.04999923706055,32.63999938964844,31.809999465942383,31.81999969482422,27.15961456298828,18800
2022-03-03,32.040000915527344,32.7599983215332,31.860000610351562,32.52000045776367,27.75709342956543,9000
2022-03-04,32.040000915527344,33.52000045776367,31.540000915527344,33.060001373291016,28.21800422668457,111100
2022-03-07,34.04999923706055,34.04999923706055,31.690000534057617,31.799999237060547,27.142541885375977,35900
2022-03-08,32.150001525878906,33.060001373291016,31.940000534057617,32.70000076293945,27.910728454589844,224100
2022-03-09,31.950000762939453,33.599998474121094,31.950000762939453,33.599998474121094,28.678911209106445,204100
2022-03-10,33.2400016784668,33.689998626708984,32.400001525878906,33.59000015258789,28.670377731323242,99000
2022-03-11,33.27000045776367,33.65999984741211,32.79999923706055,33.5,28.59355926513672,48100
2022-03-14,33.369998931884766,33.77000045776367,32.779998779296875,32.790000915527344,27.987546920776367,17100
2022-03-15,32.98699951171875,32.98699951171875,32.2859992980957,32.68000030517578,27.893659591674805,13900
2022-03-16,33.279998779296875,33.29999923706055,33.0,33.04999923706055,28.2094669342041,11600
2022-03-17,33.08000183105469,33.630001068115234,32.880001068115234,33.560001373291016,28.644773483276367,32800
2022-03-18,33.369998931884766,33.689998626708984,33.27000045776367,33.45000076293945,28.550884246826172,12500
2022-03-21,33.54999923706055,34.939998626708984,33.54999923706055,34.18000030517578,29.173965454101562,46200
2022-03-22,34.2599983215332,34.400001525878906,33.93000030517578,34.13999938964844,29.13982391357422,32700
2022-03-23,34.2599983215332,34.77000045776367,33.8650016784668,34.33000183105469,29.302001953125,47200
2022-03-24,34.33000183105469,34.52000045776367,33.94499969482422,34.0,29.020328521728516,50400
2022-03-25,34.150001525878906,34.77000045776367,33.91999816894531,34.369998931884766,29.336135864257812,66100
2022-03-28,34.130001068115234,34.16999816894531,33.43000030517578,34.119998931884766,29.122751235961914,9900
2022-03-29,34.189998626708984,34.41999816894531,33.650001525878906,33.79999923706055,28.849620819091797,10400
2022-03-30,33.880001068115234,34.54999923706055,33.56999969482422,33.90999984741211,28.943511962890625,15500
2022-03-31,33.90999984741211,34.709999084472656,33.21500015258789,34.54999923706055,29.489774703979492,61600
2022-04-01,34.459999084472656,34.95000076293945,34.290000915527344,34.88999938964844,29.779979705810547,12100
2022-04-04,34.81999969482422,36.810001373291016,34.349998474121094,36.52000045776367,31.171247482299805,73100
2022-04-05,36.54999923706055,37.63999938964844,35.45800018310547,36.040000915527344,30.761550903320312,33400
2022-04-06,35.779998779296875,36.40999984741211,34.439998626708984,34.86000061035156,29.75437355041504,82500
2022-04-07,34.83000183105469,34.86000061035156,33.72999954223633,33.90999984741211,28.943511962890625,39400
2022-04-08,34.099998474121094,34.099998474121094,33.130001068115234,33.459999084472656,28.559417724609375,57900
2022-04-11,33.25,33.933998107910156,32.849998474121094,32.970001220703125,28.141185760498047,73300
2022-04-12,33.84000015258789,33.939998626708984,32.220001220703125,32.38999938964844,27.646129608154297,32000
2022-04-13,32.349998474121094,32.630001068115234,31.950000762939453,32.0,27.313251495361328,115600
2022-04-14,32.12300109863281,32.96900177001953,32.12300109863281,32.61000061035156,27.83390998840332,8700
2022-04-18,32.81999969482422,33.03300094604492,31.790000915527344,32.040000915527344,27.347393035888672,47000
2022-04-19,32.060001373291016,32.9900016784668,31.709999084472656,32.0099983215332,27.321786880493164,50300
2022-04-20,32.16999816894531,32.70000076293945,31.790000915527344,31.790000915527344,27.134010314941406,65200
2022-04-21,32.16999816894531,32.21500015258789,31.299999237060547,31.549999237060547,26.92915916442871,45100
2022-04-22,31.760000228881836,32.54399871826172,31.170000076293945,31.68000030517578,27.040119171142578,27200
2022-04-25,31.68000030517578,31.68000030517578,29.899999618530273,30.729999542236328,26.229257583618164,68500
2022-04-26,31.010000228881836,31.059999465942383,30.0,30.06999969482422,25.66592025756836,67900
2022-04-27,28.139999389648438,28.8799991607666,27.219999313354492,28.34000015258789,25.684045791625977,64300
2022-04-28,27.530000686645508,28.440000534057617,27.360000610351562,27.850000381469727,25.23996925354004,112300
2022-04-29,27.579999923706055,28.06999969482422,27.31999969482422,27.329999923706055,24.768701553344727,19900
2022-05-02,27.270000457763672,27.270000457763672,26.08799934387207,26.6299991607666,24.13430404663086,38800
2022-05-03,26.489999771118164,27.31999969482422,26.308000564575195,26.6200008392334,24.125242233276367,60900
2022-05-04,26.649999618530273,27.360000610351562,26.440000534057617,26.799999237060547,24.28837013244629,78900
2022-05-05,26.700000762939453,26.739999771118164,25.040000915527344,25.170000076293945,22.811132431030273,127700
2022-05-06,25.149999618530273,25.389999389648438,24.420000076293945,24.479999542236328,22.185794830322266,161000
2022-05-09,24.270000457763672,24.309999465942383,23.049999237060547,23.81999969482422,21.587650299072266,55800
2022-05-10,23.940000534057617,24.68000030517578,23.3799991607666,24.1299991607666,21.86859703063965,38300
2022-05-11,24.399999618530273,24.549999237060547,23.8799991607666,23.969999313354492,21.723590850830078,34700
2022-05-12,23.979999542236328,24.350000381469727,23.540000915527344,24.010000228881836,21.759843826293945,28400
2022-05-13,23.899999618530273,25.010000228881836,23.899999618530273,24.729999542236328,22.41236686706543,41700
2022-05-16,24.600000381469727,25.84000015258789,24.450000762939453,25.219999313354492,22.8564453125,24500
2022-05-17,25.579999923706055,27.049999237060547,25.579999923706055,26.0,23.563344955444336,101900
2022-05-18,25.93000030517578,26.3700008392334,25.420000076293945,25.5,23.110204696655273,55000
2022-05-19,25.670000076293945,26.309999465942383,25.670000076293945,26.219999313354492,23.762727737426758,20000
2022-05-20,26.25,26.25,25.530000686645508,25.600000381469727,23.20083236694336,21800
2022-05-23,25.399999618530273,26.200000762939453,25.399999618530273,26.0,23.563344955444336,37200
2022-05-24,26.959999084472656,26.959999084472656,25.72599983215332,25.850000381469727,23.427404403686523,20100
2022-05-25,25.649999618530273,26.940000534057617,24.690000534057617,26.93000030517578,24.40618896484375,18100
2022-05-26,26.739999771118164,27.135000228881836,26.309999465942383,26.31999969482422,23.853355407714844,13600
2022-05-27,26.450000762939453,27.014999389648438,25.93000030517578,26.030000686645508,23.590534210205078,27900
2022-05-31,26.280000686645508,27.290000915527344,25.850000381469727,27.290000915527344,24.732450485229492,43400
2022-06-01,27.020000457763672,27.420000076293945,26.229999542236328,27.190000534057617,24.641822814941406,26200
2022-06-02,27.290000915527344,28.25,27.170000076293945,28.18000030517578,25.53904151916504,25300
2022-06-03,27.93000030517578,28.274999618530273,27.100000381469727,27.280000686645508,24.723386764526367,21400
2022-06-06,27.600000381469727,27.600000381469727,26.3700008392334,26.5,24.01648712158203,22700
2022-06-07,26.5,26.84000015258789,26.219999313354492,26.329999923706055,23.86241912841797,5200
2022-06-08,26.350000381469727,26.889999389648438,25.799999237060547,26.209999084472656,23.753665924072266,452100
2022-06-09,26.219999313354492,26.639999389648438,25.65999984741211,26.290000915527344,23.826168060302734,30000
2022-06-10,26.15999984741211,26.15999984741211,25.610000610351562,25.829999923706055,23.409276962280273,18700
2022-06-13,25.420000076293945,26.40999984741211,25.030000686645508,25.559999465942383,23.164581298828125,44200
2022-06-14,25.8700008392334,26.5,24.75,25.149999618530273,22.793004989624023,47300
2022-06-15,25.190000534057617,26.704999923706055,25.15999984741211,26.510000228881836,24.025548934936523,27600
2022-06-16,25.93000030517578,26.229999542236328,25.5,25.8799991607666,23.454591751098633,27900
2022-06-17,26.149999618530273,26.149999618530273,24.81999969482422,25.079999923706055,22.72956657409668,89100
2022-06-21,25.389999389648438,25.389999389648438,24.270000457763672,24.290000915527344,22.01360321044922,22100
2022-06-22,24.030000686645508,24.110000610351562,23.31999969482422,23.690000534057617,21.469833374023438,39800
2022-06-23,24.040000915527344,24.040000915527344,23.6200008392334,23.649999618530273,21.433582305908203,9700
2022-06-24,23.850000381469727,24.0,22.899999618530273,23.25,21.071067810058594,38700
2022-06-27,23.479999542236328,23.479999542236328,22.920000076293945,23.030000686645508,20.871686935424805,6100
2022-06-28,23.299999237060547,23.600000381469727,22.729999542236328,22.93000030517578,20.781057357788086,20300
2022-06-29,22.670000076293945,23.50200080871582,22.670000076293945,23.149999618530273,20.98044204711914,101900
2022-06-30,23.020000457763672,23.479999542236328,22.615999221801758,23.399999618530273,21.207012176513672,85800
2022-07-01,23.06999969482422,23.469999313354492,22.770000457763672,23.399999618530273,21.207012176513672,51400
2022-07-05,23.079999923706055,23.079999923706055,22.594999313354492,22.959999084472656,20.808244705200195,5800
2022-07-06,22.81999969482422,23.059999465942383,22.100000381469727,23.059999465942383,20.898874282836914,39100
2022-07-07,23.0,23.700000762939453,22.65999984741211,23.59000015258789,21.37920570373535,111000
2022-07-08,23.56999969482422,24.989999771118164,23.56999969482422,24.530000686645508,22.231111526489258,56500
2022-07-11,24.190000534057617,24.440000534057617,23.1200008392334,23.239999771118164,21.0620059967041,38500
2022-07-12,23.290000915527344,24.332000732421875,22.447999954223633,22.780000686645508,20.645116806030273,36600
2022-07-13,22.780000686645508,23.479999542236328,22.260000228881836,22.260000228881836,20.17384910583496,11400
2022-07-14,22.31999969482422,22.600000381469727,21.420000076293945,22.079999923706055,20.010719299316406,18200
2022-07-15,22.229999542236328,22.566999435424805,22.010000228881836,22.010000228881836,19.94727897644043,5800
2022-07-18,22.389999389648438,23.190000534057617,22.389999389648438,22.729999542236328,20.599802017211914,10000
2022-07-19,22.84000015258789,24.139999389648438,22.84000015258789,23.940000534057617,21.69640350341797,57500
2022-07-20,24.139999389648438,24.5,23.850000381469727,24.020000457763672,21.76890754699707,108400
2022-07-21,24.1299991607666,24.187999725341797,23.68000030517578,24.0,21.75078010559082,20000
2022-07-22,24.190000534057617,24.389999389648438,23.645000457763672,24.09000015258789,21.832345962524414,137700
2022-07-25,24.540000915527344,24.670000076293945,23.895999908447266,24.290000915527344,22.01360321044922,108400
2022-07-26,24.479999542236328,24.479999542236328,23.729999542236328,23.940000534057617,21.69640350341797,7700
2022-07-27,23.8799991607666,24.28499984741211,23.049999237060547,23.56999969482422,21.3610782623291,125000
2022-07-28,23.809999465942383,24.399999618530273,23.360000610351562,23.93000030517578,21.687341690063477,8100
2022-07-29,23.979999542236328,24.059999465942383,23.90999984741211,24.059999465942383,21.805156707763672,15500
2022-08-01,23.899999618530273,24.399999618530273,23.808000564575195,24.200000762939453,21.932037353515625,10600
2022-08-02,23.989999771118164,23.989999771118164,23.260000228881836,23.700000762939453,21.47889518737793,4400
2022-08-03,23.770000457763672,24.316999435424805,23.56999969482422,23.770000457763672,21.542335510253906,17200
2022-08-04,23.75,24.47100067138672,23.510000228881836,23.510000228881836,21.30670166015625,5500
2022-08-05,23.399999618530273,24.239999771118164,23.309999465942383,24.0,21.75078010559082,16700
2022-08-08,24.06999969482422,24.420000076293945,23.510000228881836,24.200000762939453,21.932037353515625,22600
2022-08-09,24.3700008392334,24.43000030517578,23.5,23.950000762939453,21.705467224121094,30200
2022-08-10,24.030000686645508,25.308000564575195,23.725000381469727,24.860000610351562,22.530183792114258,16600
2022-08-11,24.790000915527344,25.549999237060547,24.450000762939453,25.06999969482422,22.720502853393555,111400
2022-08-12,25.079999923706055,25.743000030517578,25.0,25.399999618530273,23.019577026367188,14500
2022-08-15,25.229999542236328,25.450000762939453,24.722999572753906,24.959999084472656,22.620811462402344,20800
2022-08-16,25.43000030517578,25.43000030517578,24.200000762939453,24.950000762939453,22.611751556396484,69200
2022-08-17,24.56999969482422,24.899999618530273,24.030000686645508,24.030000686645508,21.777969360351562,21800
2022-08-18,24.25,24.618999481201172,23.05500030517578,23.530000686645508,21.3248291015625,19600
2022-08-19,23.190000534057617,23.729999542236328,22.5,22.790000915527344,20.6541805267334,35000
2022-08-22,22.65999984741211,23.139999389648438,22.65999984741211,22.90999984741211,20.7629337310791,11700
2022-08-23,23.0,23.0,22.739999771118164,22.84000015258789,20.699493408203125,6800
2022-08-24,23.1299991607666,23.81999969482422,22.700000762939453,22.700000762939453,20.572612762451172,29600
2022-08-25,22.700000762939453,22.809999465942383,22.350000381469727,22.520000457763672,20.409482955932617,77300
2022-08-26,22.75,22.75,22.18000030517578,22.18000030517578,20.101346969604492,160200
2022-08-29,22.260000228881836,22.70400047302246,22.200000762939453,22.389999389648438,20.29166603088379,19700
2022-08-30,22.600000381469727,22.600000381469727,21.944000244140625,22.010000228881836,19.94727897644043,4400
2022-08-31,22.149999618530273,22.222999572753906,21.040000915527344,21.559999465942383,19.539451599121094,52100
2022-09-01,21.690000534057617,21.690000534057617,21.100000381469727,21.299999237060547,19.303817749023438,13900
2022-09-02,21.56999969482422,22.309999465942383,21.149999618530273,21.399999618530273,19.394445419311523,73000
2022-09-06,21.579999923706055,21.733999252319336,21.200000762939453,21.469999313354492,19.4578857421875,9900
2022-09-07,21.350000381469727,21.940000534057617,21.229999542236328,21.40999984741211,19.40350914001465,20200
2022-09-08,21.389999389648438,21.969999313354492,21.200000762939453,21.5,19.485074996948242,29600
2022-09-09,22.170000076293945,22.170000076293945,21.610000610351562,21.709999084472656,19.675392150878906,42100
2022-09-12,21.979999542236328,22.5,21.700000762939453,21.799999237060547,19.7569580078125,31500
2022-09-13,21.540000915527344,21.899999618530273,21.540000915527344,21.719999313354492,19.68445587158203,11800
2022-09-14,21.719999313354492,21.8799991607666,21.600000381469727,21.6299991607666,19.60289192199707,13000
2022-09-15,21.56999969482422,21.959999084472656,21.56999969482422,21.690000534057617,19.657268524169922,7700
2022-09-16,21.440000534057617,21.729999542236328,21.25200080871582,21.579999923706055,19.55757713317871,11800
2022-09-19,22.100000381469727,22.100000381469727,21.399999618530273,21.59000015258789,19.566640853881836,14000
2022-09-20,21.530000686645508,21.829999923706055,21.510000228881836,21.799999237060547,19.7569580078125,18900
2022-09-21,21.829999923706055,21.924999237060547,21.225000381469727,21.420000076293945,19.41257095336914,22600
2022-09-22,21.780000686645508,21.959999084472656,21.139999389648438,21.239999771118164,19.249441146850586,20600
2022-09-23,21.15999984741211,21.209999084472656,20.649999618530273,21.030000686645508,19.05912208557129,16200
2022-09-26,20.770000457763672,21.030000686645508,20.1299991607666,20.18000030517578,18.288782119750977,13500
2022-09-27,20.399999618530273,20.65999984741211,19.78499984741211,19.8700008392334,18.00783348083496,290900
2022-09-28,19.90999984741211,20.770000457763672,19.90999984741211,20.700000762939453,18.76004981994629,82300
2022-09-29,20.56999969482422,20.65999984741211,19.950000762939453,20.110000610351562,18.225341796875,130500
2022-09-30,20.15999984741211,20.31999969482422,19.649999618530273,20.059999465942383,18.18002700805664,67200
2022-10-03,20.31999969482422,20.59000015258789,19.979999542236328,19.979999542236328,18.107524871826172,67500
2022-10-04,20.290000915527344,21.209999084472656,20.110000610351562,21.0,19.031932830810547,127300
2022-10-05,20.799999237060547,21.649999618530273,20.200000762939453,20.719999313354492,18.778173446655273,54800
2022-10-06,20.799999237060547,21.34000015258789,20.649999618530273,20.969999313354492,19.004743576049805,209100
2022-10-07,20.899999618530273,21.84000015258789,20.899999618530273,21.829999923706055,19.784147262573242,17900
2022-10-10,21.860000610351562,22.209999084472656,20.90999984741211,20.90999984741211,18.950366973876953,16800
2022-10-11,20.969999313354492,20.969999313354492,20.25,20.420000076293945,18.506288528442383,10200
2022-10-12,20.219999313354492,21.110000610351562,20.219999313354492,20.530000686645508,18.605981826782227,30200
2022-10-13,20.399999618530273,21.350000381469727,20.399999618530273,21.139999389648438,19.158811569213867,9000
2022-10-14,21.190000534057617,21.690000534057617,20.780000686645508,21.690000534057617,19.657268524169922,11500
2022-10-17,21.670000076293945,22.670000076293945,21.670000076293945,22.309999465942383,20.21916389465332,29600
2022-10-18,22.549999237060547,22.549999237060547,21.850000381469727,22.030000686645508,19.965404510498047,21300
2022-10-19,21.989999771118164,22.59000015258789,21.399999618530273,22.270000457763672,20.182912826538086,38800
2022-10-20,22.25,22.59000015258789,21.360000610351562,21.600000381469727,19.57570457458496,64900
2022-10-21,21.709999084472656,22.25,21.524999618530273,22.059999465942383,19.992591857910156,5100
2022-10-24,22.059999465942383,22.100000381469727,21.610000610351562,21.969999313354492,19.911026000976562,51100
2022-10-25,22.020000457763672,22.260000228881836,21.649999618530273,22.049999237060547,19.983530044555664,91600
2022-10-26,22.219999313354492,22.90999984741211,22.219999313354492,22.56999969482422,20.454797744750977,12000
2022-10-27,22.739999771118164,23.110000610351562,22.709999084472656,23.079999923706055,20.917001724243164,32800
2022-10-28,23.1200008392334,23.850000381469727,23.1200008392334,23.600000381469727,21.388269424438477,76400
2022-10-31,23.559999465942383,24.989999771118164,23.540000915527344,24.600000381469727,22.294551849365234,74400
2022-11-01,24.729999542236328,25.770000457763672,24.729999542236328,25.610000610351562,23.209896087646484,25300
2022-11-02,25.43000030517578,25.969999313354492,24.510000228881836,24.56999969482422,22.26736068725586,20900
2022-11-03,24.5,24.739999771118164,24.139999389648438,24.579999923706055,22.276424407958984,12700
2022-11-04,24.700000762939453,25.510000228881836,24.700000762939453,24.989999771118164,22.647998809814453,434200
2022-11-07,25.15999984741211,26.1299991607666,25.15399932861328,26.040000915527344,23.599597930908203,35200
2022-11-08,26.020000457763672,26.049999237060547,25.049999237060547,25.049999237060547,22.702377319335938,13200
2022-11-09,24.739999771118164,24.889999389648438,24.139999389648438,24.239999771118164,21.96828842163086,16900
2022-11-10,24.860000610351562,29.5,24.860000610351562,26.0,23.563344955444336,60600
2022-11-11,25.790000915527344,26.209999084472656,23.8700008392334,24.8799991607666,22.548309326171875,189700
2022-11-14,25.0,25.0,23.719999313354492,24.15999984741211,21.89578628540039,91100
2022-11-15,24.450000762939453,25.25,24.100000381469727,24.31999969482422,22.040790557861328,45200
2022-11-16,24.18000030517578,24.33300018310547,23.399999618530273,23.709999084472656,21.487957000732422,40000
2022-11-17,23.520000457763672,23.790000915527344,22.799999237060547,23.100000381469727,20.93512725830078,43700
2022-11-18,23.350000381469727,23.350000381469727,22.010000228881836,22.709999084472656,20.581674575805664,180000
2022-11-21,22.709999084472656,23.959999084472656,22.270000457763672,23.799999237060547,21.569522857666016,65700
2022-11-22,23.719999313354492,24.559999465942383,23.610000610351562,24.149999618530273,21.886722564697266,48600
2022-11-23,24.389999389648438,24.520000457763672,23.670000076293945,24.149999618530273,21.886722564697266,42000
2022-11-25,24.1200008392334,24.170000076293945,23.0,23.190000534057617,21.016691207885742,60800
2022-11-28,23.389999389648438,23.594999313354492,22.510000228881836,22.579999923706055,20.46385955810547,56500
2022-11-29,22.850000381469727,24.100000381469727,22.850000381469727,23.709999084472656,21.487957000732422,410500
2022-11-30,23.5,24.899999618530273,23.139999389648438,24.600000381469727,22.294551849365234,1632900
2022-12-01,24.719999313354492,24.920000076293945,24.15999984741211,24.31999969482422,22.040790557861328,404500
2022-12-02,24.030000686645508,24.700000762939453,24.030000686645508,24.540000915527344,22.24017333984375,15700
2022-12-05,24.489999771118164,24.489999771118164,23.1200008392334,23.610000610351562,21.39733123779297,46000
2022-12-06,23.809999465942383,23.809999465942383,23.34000015258789,23.610000610351562,21.39733123779297,9000
2022-12-07,23.610000610351562,24.139999389648438,22.424999237060547,23.969999313354492,21.723590850830078,110400
2022-12-08,22.809999465942383,23.729999542236328,22.399999618530273,23.670000076293945,21.45170783996582,52900
2022-12-09,23.770000457763672,24.0,23.290000915527344,23.59000015258789,21.37920570373535,45500
2022-12-12,23.68000030517578,23.709999084472656,22.889999389648438,23.469999313354492,21.270450592041016,68600
2022-12-13,23.93000030517578,24.0,23.28499984741211,23.309999465942383,21.125446319580078,35800
2022-12-14,23.219999313354492,23.549999237060547,22.84000015258789,23.0,20.844497680664062,49200
2022-12-15,23.959999084472656,24.829999923706055,22.68000030517578,22.709999084472656,20.581674575805664,80000
2022-12-16,22.559999465942383,23.110000610351562,22.559999465942383,22.979999542236328,20.826372146606445,70200
2022-12-19,23.0,23.575000762939453,22.90999984741211,22.969999313354492,20.81730842590332,39700
2022-12-20,23.010000228881836,23.375,22.850000381469727,23.110000610351562,20.944190979003906,40700
2022-12-21,23.309999465942383,23.420000076293945,22.8700008392334,22.989999771118164,20.83543586730957,158900
2022-12-22,22.899999618530273,23.30500030517578,22.420000076293945,23.0,20.844497680664062,96100
2022-12-23,23.040000915527344,23.399999618530273,22.920000076293945,23.329999923706055,21.143571853637695,47800
2022-12-27,23.399999618530273,24.010000228881836,23.2549991607666,23.90999984741211,21.66921615600586,30200
2022-12-28,23.90999984741211,24.1299991607666,23.5,23.649999618530273,21.433582305908203,9900
2022-12-29,23.56999969482422,24.09000015258789,23.540000915527344,23.760000228881836,21.533273696899414,19300
2022-12-30,23.610000610351562,23.719999313354492,23.315000534057617,23.5,21.297639846801758,11500
2023-01-03,23.5,23.68000030517578,23.34000015258789,23.450000762939453,21.2523250579834,14100
2023-01-04,23.65999984741211,24.100000381469727,23.65999984741211,24.049999237060547,21.79609489440918,18200
2023-01-05,23.950000762939453,24.3799991607666,23.889999389648438,24.0,21.75078010559082,49700
2023-01-06,24.170000076293945,25.479999542236328,24.010000228881836,25.450000762939453,23.064891815185547,68600
2023-01-09,25.549999237060547,25.915000915527344,25.09000015258789,25.18000030517578,22.820194244384766,47100
2023-01-10,25.15999984741211,25.5,24.969999313354492,25.479999542236328,23.092077255249023,12200
2023-01-11,25.6299991607666,25.850000381469727,25.0,25.239999771118164,22.874570846557617,43500
2023-01-12,25.280000686645508,25.8799991607666,24.920000076293945,25.75,23.336774826049805,35400
2023-01-13,25.530000686645508,26.020000457763672,25.040000915527344,25.760000228881836,23.34583854675293,8000
2023-01-17,25.75,25.809999465942383,25.53499984741211,25.75,23.336774826049805,8100
2023-01-18,25.729999542236328,25.809999465942383,25.100000381469727,25.299999237060547,22.92894744873047,35600
2023-01-19,25.059999465942383,25.3799991607666,24.94499969482422,25.290000915527344,22.919885635375977,10400
2023-01-20,25.219999313354492,25.219999313354492,24.90999984741211,24.90999984741211,22.575498580932617,8200
2023-01-23,24.899999618530273,24.899999618530273,23.950000762939453,23.969999313354492,21.723590850830078,18500
2023-01-24,23.799999237060547,24.40999984741211,23.049999237060547,24.149999618530273,21.886722564697266,28100
2023-01-25,23.81999969482422,24.270000457763672,23.81999969482422,24.049999237060547,21.79609489440918,29700
2023-01-26,24.040000915527344,24.219999313354492,23.6200008392334,23.729999542236328,21.506084442138672,36700
2023-01-27,23.6299991607666,24.149999618530273,23.6299991607666,23.8700008392334,21.632965087890625,15900
2023-01-30,23.850000381469727,23.920000076293945,23.280000686645508,23.719999313354492,21.497020721435547,90200
2023-01-31,23.770000457763672,24.3700008392334,23.770000457763672,23.989999771118164,21.741716384887695,26000
2023-02-01,24.0,24.139999389648438,23.670000076293945,23.850000381469727,21.614839553833008,13600
2023-02-02,23.850000381469727,23.850000381469727,23.520000457763672,23.520000457763672,21.315765380859375,28400
2023-02-03,23.610000610351562,23.610000610351562,23.18000030517578,23.18000030517578,21.00762939453125,36100
2023-02-06,23.239999771118164,23.25,22.479999542236328,23.049999237060547,20.889812469482422,25000
2023-02-07,23.1299991607666,23.469999313354492,22.75,23.3799991607666,21.188884735107422,75900
2023-02-08,23.399999618530273,23.489999771118164,23.010000228881836,23.219999313354492,21.04387855529785,67700
2023-02-09,23.469999313354492,23.549999237060547,23.0,23.059999465942383,20.898874282836914,94100
2023-02-10,23.0,23.049999237060547,22.020000457763672,22.280000686645508,20.19197654724121,162600
2023-02-13,22.540000915527344,22.979999542236328,21.908000946044922,22.489999771118164,20.382293701171875,65400
2023-02-14,22.610000610351562,22.68000030517578,22.010000228881836,22.010000228881836,19.94727897644043,39500
2023-02-15,22.0,22.239999771118164,21.954999923706055,22.1200008392334,20.04697036743164,36000
2023-02-16,22.1200008392334,22.4950008392334,21.950000762939453,22.270000457763672,20.182912826538086,61500
2023-02-17,22.34000015258789,23.020000457763672,22.200000762939453,23.020000457763672,20.862625122070312,21900
2023-02-21,22.75,23.110000610351562,22.75,23.079999923706055,20.917001724243164,23000
2023-02-22,23.0,23.360000610351562,22.959999084472656,23.110000610351562,20.944190979003906,51000
2023-02-23,23.1299991607666,23.3700008392334,23.1299991607666,23.350000381469727,21.161697387695312,35500
2023-02-24,23.219999313354492,23.40999984741211,23.1299991607666,23.34000015258789,21.15263557434082,30200
2023-02-27,23.3799991607666,23.510000228881836,23.190000534057617,23.450000762939453,21.2523250579834,18800
2023-02-28,23.34000015258789,23.829999923706055,23.079999923706055,23.829999923706055,21.596712112426758,140600
2023-03-01,23.700000762939453,24.059999465942383,23.514999389648438,23.90999984741211,21.66921615600586,82800
2023-03-02,23.649999618530273,23.889999389648438,23.594999313354492,23.65999984741211,21.442646026611328,264800
2023-03-03,23.610000610351562,24.31999969482422,23.610000610351562,24.280000686645508,22.004539489746094,16700
2023-03-06,24.290000915527344,24.399999618530273,23.920000076293945,23.959999084472656,21.714527130126953,202200
2023-03-07,23.959999084472656,24.149999618530273,23.739999771118164,24.030000686645508,21.777969360351562,217500
2023-03-08,24.040000915527344,24.040000915527344,23.420000076293945,23.719999313354492,21.497020721435547,142300
2023-03-09,23.719999313354492,23.719999313354492,22.719999313354492,22.84000015258789,20.699493408203125,21700
2023-03-10,22.790000915527344,23.020000457763672,22.079999923706055,22.420000076293945,20.3188533782959,27600
2023-03-13,21.90999984741211,22.459999084472656,21.0,22.18000030517578,20.101346969604492,45700
2023-03-14,22.75,23.049999237060547,21.954999923706055,22.079999923706055,20.010719299316406,50900
2023-03-15,21.65999984741211,22.165000915527344,21.65999984741211,21.969999313354492,19.911026000976562,36500
2023-03-16,21.950000762939453,22.43000030517578,21.260000228881836,22.25,20.164785385131836,27000
2023-03-17,22.149999618530273,22.270000457763672,21.65999984741211,21.770000457763672,19.72977066040039,76000
2023-03-20,21.989999771118164,22.5049991607666,21.889999389648438,22.149999618530273,20.07415771484375,65200
2023-03-21,22.440000534057617,22.760000228881836,22.440000534057617,22.690000534057617,20.56355094909668,10600
2023-03-22,22.639999389648438,23.030000686645508,22.489999771118164,22.90999984741211,20.7629337310791,29900
2023-03-23,22.93000030517578,23.06999969482422,22.65999984741211,22.790000915527344,20.6541805267334,47400
2023-03-24,22.68000030517578,22.709999084472656,22.31999969482422,22.329999923706055,20.237289428710938,80300
2023-03-27,22.510000228881836,23.059999465942383,22.510000228881836,23.059999465942383,20.898874282836914,17200
2023-03-28,23.010000228881836,23.3700008392334,23.010000228881836,23.149999618530273,20.98044204711914,14300
2023-03-29,23.260000228881836,23.674999237060547,23.260000228881836,23.579999923706055,21.370141983032227,17900
2023-03-30,23.690000534057617,23.829999923706055,22.989999771118164,23.170000076293945,20.998565673828125,37100
2023-03-31,23.239999771118164,23.604999542236328,22.53499984741211,22.81999969482422,20.681367874145508,17800
2023-04-03,22.68000030517578,23.3700008392334,22.540000915527344,23.309999465942383,21.125446319580078,47500
2023-04-04,23.149999618530273,23.350000381469727,22.889999389648438,23.149999618530273,20.98044204711914,17300
2023-04-05,23.09000015258789,23.549999237060547,22.950000762939453,23.110000610351562,20.944190979003906,11700
2023-04-06,22.950000762939453,23.09000015258789,22.81999969482422,22.950000762939453,20.799184799194336,4400
2023-04-10,22.809999465942383,22.979999542236328,22.729999542236328,22.889999389648438,20.744808197021484,14600
2023-04-11,22.860000610351562,23.860000610351562,22.860000610351562,23.280000686645508,21.098257064819336,39100
2023-04-12,23.31999969482422,23.479999542236328,22.8799991607666,23.010000228881836,20.853561401367188,56300
2023-04-13,23.200000762939453,23.829999923706055,23.100000381469727,23.6299991607666,21.415456771850586,48100
2023-04-14,23.559999465942383,23.950000762939453,23.069000244140625,23.899999618530273,21.660152435302734,53300
2023-04-17,23.899999618530273,23.940000534057617,23.530000686645508,23.68000030517578,21.460769653320312,89200
2023-04-18,23.829999923706055,23.96500015258789,23.770000457763672,23.84000015258789,21.605775833129883,40100
2023-04-19,23.809999465942383,23.979999542236328,23.540000915527344,23.829999923706055,21.596712112426758,36300
2023-04-20,23.8799991607666,23.93000030517578,23.594999313354492,23.850000381469727,21.614839553833008,30400
2023-04-21,23.78499984741211,23.961999893188477,23.610000610351562,23.670000076293945,21.45170783996582,29400
2023-04-24,23.700000762939453,23.959999084472656,23.690000534057617,23.760000228881836,21.533273696899414,22000
2023-04-25,23.6299991607666,23.6299991607666,22.75,23.190000534057617,21.016691207885742,43800
2023-04-26,23.360000610351562,23.517000198364258,22.260000228881836,22.90999984741211,20.7629337310791,191400
2023-04-27,21.600000381469727,22.639999389648438,21.600000381469727,21.959999084472656,20.982694625854492,91400
2023-04-28,21.81999969482422,22.485000610351562,21.760000228881836,22.3700008392334,21.37445068359375,19900
2023-05-01,22.3700008392334,22.670000076293945,22.110000610351562,22.110000610351562,21.126022338867188,10000
2023-05-02,22.049999237060547,22.049999237060547,21.34000015258789,21.770000457763672,20.8011531829834,32800
2023-05-03,22.1299991607666,22.190000534057617,21.68000030517578,21.809999465942383,20.839370727539062,29600
2023-05-04,21.43000030517578,21.89299964904785,21.15999984741211,21.709999084472656,20.74382209777832,74200
2023-05-05,21.850000381469727,22.459999084472656,21.850000381469727,22.309999465942383,21.317119598388672,35100
2023-05-08,22.40999984741211,22.851999282836914,22.31999969482422,22.75,21.737539291381836,41200
2023-05-09,22.75,23.329999923706055,22.75,22.8700008392334,21.85219955444336,93000
2023-05-10,22.809999465942383,23.479999542236328,22.809999465942383,23.479999542236328,22.43505096435547,36800
2023-05-11,22.350000381469727,23.600000381469727,22.350000381469727,23.350000381469727,22.310836791992188,184100
2023-05-12,23.239999771118164,23.239999771118164,22.579999923706055,22.90999984741211,21.890417098999023,63500
2023-05-15,22.920000076293945,22.920000076293945,22.600000381469727,22.75,21.737539291381836,35200
2023-05-16,22.75,22.75,21.8799991607666,22.049999237060547,21.06869125366211,37400
2023-05-17,22.209999084472656,22.40999984741211,21.950000762939453,22.18000030517578,21.19290542602539,15000
2023-05-18,22.18000030517578,22.299999237060547,21.790000915527344,22.270000457763672,21.278900146484375,17700
2023-05-19,21.899999618530273,22.270000457763672,21.899999618530273,21.979999542236328,21.001806259155273,34400
2023-05-22,22.135000228881836,22.135000228881836,21.899999618530273,21.969999313354492,20.992250442504883,16300
2023-05-23,21.969999313354492,22.15999984741211,21.940000534057617,22.010000228881836,21.030471801757812,17800
2023-05-24,22.0,22.0,21.170000076293945,21.34000015258789,20.390289306640625,216100
2023-05-25,21.299999237060547,22.010000228881836,21.299999237060547,21.8700008392334,20.89670181274414,23900
2023-05-26,21.889999389648438,22.200000762939453,21.760000228881836,21.84000015258789,20.8680362701416,35000
2023-05-30,21.719999313354492,21.719999313354492,21.190000534057617,21.190000534057617,20.246965408325195,14600
2023-05-31,21.110000610351562,21.31999969482422,20.920000076293945,21.25,20.30429458618164,37200
2023-06-01,22.25,22.56999969482422,21.729999542236328,21.950000762939453,20.973142623901367,92700
2023-06-02,22.1200008392334,22.479999542236328,22.06999969482422,22.309999465942383,21.317119598388672,50300
2023-06-05,22.270000457763672,22.739999771118164,21.989999771118164,22.68000030517578,21.670654296875,17500
2023-06-06,22.6200008392334,23.09000015258789,22.56999969482422,22.84000015258789,21.82353401184082,48500
2023-06-07,22.889999389648438,23.360000610351562,22.579999923706055,23.020000457763672,21.99552345275879,74000
2023-06-08,23.040000915527344,23.579999923706055,23.040000915527344,23.350000381469727,22.310836791992188,84900
2023-06-09,23.219999313354492,23.6200008392334,23.190000534057617,23.329999923706055,22.291725158691406,48900
2023-06-12,23.450000762939453,23.700000762939453,23.389999389648438,23.690000534057617,22.635705947875977,23000
2023-06-13,23.75,23.770000457763672,23.329999923706055,23.709999084472656,22.654813766479492,36300
2023-06-14,23.739999771118164,23.860000610351562,23.309999465942383,23.549999237060547,22.501934051513672,51400
2023-06-15,23.450000762939453,23.709999084472656,23.399999618530273,23.5,22.454160690307617,249000
2023-06-16,23.549999237060547,24.520000457763672,23.549999237060547,24.270000457763672,23.18989372253418,135200
2023-06-20,24.56999969482422,24.59000015258789,23.959999084472656,24.079999923706055,23.00834846496582,41700
2023-06-21,24.040000915527344,24.25,23.90999984741211,24.040000915527344,22.970129013061523,23300
2023-06-22,23.809999465942383,24.059999465942383,23.780000686645508,23.90999984741211,22.84591293334961,33300
2023-06-23,23.84000015258789,23.989999771118164,23.530000686645508,23.780000686645508,22.72170066833496,43400
2023-06-26,24.0,24.18000030517578,23.729999542236328,24.010000228881836,22.941463470458984,45300
2023-06-27,23.969999313354492,24.264999389648438,23.940000534057617,24.059999465942383,22.989238739013672,60200
2023-06-28,23.90999984741211,24.2450008392334,23.8799991607666,24.149999618530273,23.075233459472656,14700
2023-06-29,24.229999542236328,25.299999237060547,24.229999542236328,24.770000457763672,23.667640686035156,47300
2023-06-30,24.959999084472656,25.229999542236328,24.690000534057617,24.84000015258789,23.734525680541992,85500
2023-07-03,24.940000534057617,25.09000015258789,24.600000381469727,24.600000381469727,23.505207061767578,20500
2023-07-05,24.551000595092773,24.584999084472656,24.3799991607666,24.43000030517578,23.342771530151367,16100
2023-07-06,24.200000762939453,24.200000762939453,23.829999923706055,24.100000381469727,23.02745819091797,12800
2023-07-07,24.18000030517578,24.389999389648438,24.05500030517578,24.139999389648438,23.065677642822266,11700
2023-07-10,24.610000610351562,24.610000610351562,24.06999969482422,24.15999984741211,23.084787368774414,15400
2023-07-11,24.31999969482422,24.639999389648438,24.149999618530273,24.530000686645508,23.438322067260742,15600
2023-07-12,24.670000076293945,24.950000762939453,24.520000457763672,24.549999237060547,23.457429885864258,14700
2023-07-13,24.549999237060547,24.81999969482422,24.3700008392334,24.729999542236328,23.62942123413086,29400
2023-07-14,24.790000915527344,24.889999389648438,24.479999542236328,24.65999984741211,23.562536239624023,15600
2023-07-17,24.56999969482422,25.149999618530273,24.56999969482422,25.049999237060547,23.935178756713867,18400
2023-07-18,25.030000686645508,25.450000762939453,24.799999237060547,24.8799991607666,23.77274513244629,23700
2023-07-19,25.040000915527344,25.145000457763672,24.809999465942383,25.0,23.887405395507812,21600
2023-07-20,24.93000030517578,25.15999984741211,24.690000534057617,24.989999771118164,23.877849578857422,43200
2023-07-21,25.020000457763672,25.270000457763672,24.700000762939453,25.0,23.887405395507812,19000
2023-07-24,25.049999237060547,25.600000381469727,24.920000076293945,25.149999618530273,24.030729293823242,25700
2023-07-25,25.260000228881836,25.334999084472656,24.989999771118164,25.040000915527344,23.92562484741211,18800
2023-07-26,24.93000030517578,25.040000915527344,24.75,24.75,23.648530960083008,13600
2023-07-27,24.84000015258789,25.059999465942383,24.59000015258789,24.760000228881836,23.6580867767334,7700
2023-07-28,24.780000686645508,25.100000381469727,24.510000228881836,24.920000076293945,23.810964584350586,9500
2023-07-31,24.84000015258789,25.05500030517578,24.420000076293945,24.540000915527344,23.447877883911133,24000
2023-08-01,24.530000686645508,25.399999618530273,24.530000686645508,25.190000534057617,24.06894874572754,19200
2023-08-02,25.010000228881836,25.010000228881836,24.635000228881836,24.68000030517578,23.581645965576172,38100
2023-08-03,24.729999542236328,25.06999969482422,24.549999237060547,24.780000686645508,23.677196502685547,18900
2023-08-04,24.809999465942383,24.979999542236328,24.729999542236328,24.8799991607666,23.77274513244629,7600
2023-08-07,24.90999984741211,25.190000534057617,24.645000457763672,25.030000686645508,23.91607093811035,9700
2023-08-08,24.81999969482422,25.389999389648438,24.81999969482422,25.3700008392334,24.24094009399414,27800
2023-08-09,25.290000915527344,25.290000915527344,24.8700008392334,24.979999542236328,23.86829376220703,51100
2023-08-10,25.194000244140625,25.26099967956543,24.1200008392334,24.280000686645508,23.199447631835938,40300
2023-08-11,24.09000015258789,24.09000015258789,23.520000457763672,23.56999969482422,22.521045684814453,34900
2023-08-14,23.25,23.610000610351562,22.665000915527344,23.610000610351562,22.55926513671875,56300
2023-08-15,23.34000015258789,23.469999313354492,23.30500030517578,23.43000030517578,22.38727569580078,9500
2023-08-16,23.43000030517578,23.43000030517578,23.200000762939453,23.260000228881836,22.224842071533203,821500
2023-08-17,23.459999084472656,23.479999542236328,23.25,23.25,22.215286254882812,19700
2023-08-18,23.229999542236328,23.56999969482422,23.200000762939453,23.450000762939453,22.406387329101562,24400
2023-08-21,23.5,23.6200008392334,23.389999389648438,23.600000381469727,22.549711227416992,6600
2023-08-22,23.68000030517578,23.68000030517578,23.309999465942383,23.309999465942383,22.272615432739258,9800
2023-08-23,23.360000610351562,23.600000381469727,23.1200008392334,23.5,22.454160690307617,9000
2023-08-24,23.600000381469727,24.040000915527344,23.56999969482422,23.790000915527344,22.73125457763672,18000
2023-08-25,23.68000030517578,23.75,23.290000915527344,23.549999237060547,22.501934051513672,12200
2023-08-28,23.56999969482422,23.59000015258789,23.290000915527344,23.350000381469727,22.310836791992188,6000
2023-08-29,23.420000076293945,23.559999465942383,23.1200008392334,23.309999465942383,22.272615432739258,70600
2023-08-30,23.270000457763672,23.44499969482422,23.170000076293945,23.260000228881836,22.224842071533203,7400
2023-08-31,23.18000030517578,23.399999618530273,22.989999771118164,23.329999923706055,22.291725158691406,30600
2023-09-01,23.450000762939453,23.65999984741211,23.385000228881836,23.489999771118164,22.444604873657227,48200
2023-09-05,23.3700008392334,23.600000381469727,22.809999465942383,22.860000610351562,21.84264373779297,32300
2023-09-06,22.8799991607666,23.05500030517578,22.760000228881836,22.989999771118164,21.96685791015625,11500
2023-09-07,22.90999984741211,23.200000762939453,22.6200008392334,22.75,21.737539291381836,27900
2023-09-08,22.979999542236328,23.100000381469727,22.459999084472656,22.65999984741211,21.65154266357422,24600
2023-09-11,22.75,23.149999618530273,22.479999542236328,22.540000915527344,21.536884307861328,36700
2023-09-12,22.489999771118164,23.5,22.3799991607666,23.5,22.454160690307617,102800
2023-09-13,23.489999771118164,23.739999771118164,23.190000534057617,23.739999771118164,22.68347930908203,32200
2023-09-14,23.809999465942383,24.100000381469727,23.649999618530273,24.010000228881836,22.941463470458984,28900
2023-09-15,24.06999969482422,24.200000762939453,23.770000457763672,24.020000457763672,22.951019287109375,60000
2023-09-18,24.079999923706055,24.15999984741211,23.229999542236328,23.59000015258789,22.5401554107666,126200
2023-09-19,23.510000228881836,24.253999710083008,23.469999313354492,23.6200008392334,22.56882095336914,54400
2023-09-20,23.68000030517578,24.020000457763672,23.635000228881836,24.020000457763672,22.951019287109375,57400
2023-09-21,23.899999618530273,23.989999771118164,23.200000762939453,23.270000457763672,22.23439598083496,53400
2023-09-22,23.3799991607666,23.90999984741211,23.31999969482422,23.6200008392334,22.56882095336914,29000
2023-09-25,23.420000076293945,23.899999618530273,23.170000076293945,23.81999969482422,22.759918212890625,100200
2023-09-26,23.579999923706055,23.969999313354492,22.976999282836914,23.270000457763672,22.23439598083496,68100
2023-09-27,23.450000762939453,23.450000762939453,22.860000610351562,22.989999771118164,21.96685791015625,13400
2023-09-28,23.020000457763672,23.020000457763672,22.700000762939453,22.799999237060547,21.78531265258789,5300
2023-09-29,22.84000015258789,22.844999313354492,22.492000579833984,22.520000457763672,21.51777458190918,15300
2023-10-02,22.68000030517578,22.8799991607666,21.739999771118164,21.90999984741211,20.934921264648438,28400
2023-10-03,21.780000686645508,22.030000686645508,21.700000762939453,21.90999984741211,20.934921264648438,16000
2023-10-04,22.09000015258789,22.31999969482422,21.290000915527344,21.290000915527344,20.342514038085938,20800
2023-10-05,21.270000457763672,21.520000457763672,20.760000228881836,20.829999923706055,19.902986526489258,35900
2023-10-06,20.790000915527344,21.09000015258789,20.5,21.0,20.065420150756836,74500
2023-10-09,20.93000030517578,20.990999221801758,20.600000381469727,20.84000015258789,19.912540435791016,23900
2023-10-10,20.709999084472656,21.100000381469727,20.709999084472656,20.950000762939453,20.01764678955078,16100
2023-10-11,21.079999923706055,21.09000015258789,20.770000457763672,20.899999618530273,19.96986961364746,9900
2023-10-12,20.704999923706055,21.100000381469727,20.700000762939453,20.899999618530273,19.96986961364746,38400
2023-10-13,20.80500030517578,20.895000457763672,20.459999084472656,20.489999771118164,19.57811737060547,14800
2023-10-16,20.799999237060547,20.799999237060547,20.420000076293945,20.5,19.587671279907227,20000
2023-10-17,20.40999984741211,20.635000228881836,20.40999984741211,20.5,19.587671279907227,29400
2023-10-18,20.450000762939453,20.687000274658203,20.100000381469727,20.170000076293945,19.272357940673828,15900
2023-10-19,20.209999084472656,20.469999313354492,20.0,20.079999923706055,19.186363220214844,31500
2023-10-20,20.020000457763672,20.049999237060547,19.610000610351562,19.670000076293945,18.79461097717285,55700
2023-10-23,19.760000228881836,19.954999923706055,19.43000030517578,19.56999969482422,18.699060440063477,23500
2023-10-24,19.75,19.75,19.280000686645508,19.299999237060547,18.441076278686523,46100
2023-10-25,19.280000686645508,19.559999465942383,18.8799991607666,18.950000762939453,18.106653213500977,101900
2023-10-26,18.969999313354492,19.280000686645508,18.850000381469727,19.079999923706055,18.230867385864258,124200
2023-10-27,18.989999771118164,19.229999542236328,18.90999984741211,18.950000762939453,18.106653213500977,50700
2023-10-30,18.899999618530273,19.049999237060547,18.81999969482422,18.8799991607666,18.03976821899414,30100
2023-10-31,18.899999618530273,18.899999618530273,18.69499969482422,18.780000686645508,17.9442195892334,51800
2023-11-01,18.780000686645508,18.90999984741211,18.389999389648438,18.600000381469727,17.77223014831543,14200
2023-11-02,18.780000686645508,18.959999084472656,18.6200008392334,18.799999237060547,17.963327407836914,61800
2023-11-03,18.850000381469727,18.90999984741211,18.540000915527344,18.600000381469727,17.77223014831543,42800
2023-11-06,18.700000762939453,19.0,18.600000381469727,18.770000457763672,17.934663772583008,66600
2023-11-07,18.790000915527344,19.049999237060547,18.78499984741211,18.989999771118164,18.144872665405273,57300
2023-11-08,19.06999969482422,19.25,18.649999618530273,19.06999969482422,18.221311569213867,58000
2023-11-09,18.299999237060547,18.93000030517578,18.1200008392334,18.65999984741211,17.829559326171875,30400
2023-11-10,18.700000762939453,18.799999237060547,18.545000076293945,18.700000762939453,17.867778778076172,42500
2023-11-13,18.559999465942383,18.65999984741211,18.139999389648438,18.15999984741211,17.351810455322266,16000
2023-11-14,18.149999618530273,18.645000457763672,17.940000534057617,18.5,17.676679611206055,50400
2023-11-15,18.68000030517578,18.700000762939453,18.545000076293945,18.59000015258789,17.76267433166504,46200
2023-11-16,18.6200008392334,19.229999542236328,18.479999542236328,18.81999969482422,17.982437133789062,34700
2023-11-17,18.889999389648438,19.170000076293945,18.850000381469727,19.110000610351562,18.259532928466797,81100
2023-11-20,18.959999084472656,19.549999237060547,18.959999084472656,19.25,18.393301010131836,142700
2023-11-21,19.25,19.25,19.0,19.030000686645508,18.183094024658203,15800
2023-11-22,19.100000381469727,19.100000381469727,18.690000534057617,18.729999542236328,17.896442413330078,51800
2023-11-24,18.950000762939453,19.020000457763672,18.719999313354492,18.8700008392334,18.030214309692383,10700
2023-11-27,18.8799991607666,18.940000534057617,18.80500030517578,18.920000076293945,18.077987670898438,20600
2023-11-28,19.110000610351562,19.110000610351562,18.920000076293945,18.940000534057617,18.09709930419922,28000
2023-11-29,18.959999084472656,19.40999984741211,18.959999084472656,19.079999923706055,18.230867385864258,75600
2023-11-30,19.030000686645508,19.325000762939453,19.030000686645508,19.139999389648438,18.288196563720703,72500
2023-12-01,19.209999084472656,19.454999923706055,19.209999084472656,19.399999618530273,18.536624908447266,77400
2023-12-04,19.40999984741211,19.540000915527344,19.389999389648438,19.40999984741211,18.546180725097656,60800
2023-12-05,19.434999465942383,19.46500015258789,19.190000534057617,19.309999465942383,18.45063018798828,37200
2023-12-06,19.3799991607666,19.3799991607666,18.81999969482422,18.860000610351562,18.020658493041992,23500
2023-12-07,18.979999542236328,19.200000762939453,18.861000061035156,19.149999618530273,18.297752380371094,22900
2023-12-08,19.170000076293945,19.170000076293945,18.90999984741211,19.079999923706055,18.230867385864258,17700
2023-12-11,18.969999313354492,18.9950008392334,18.799999237060547,18.799999237060547,17.963327407836914,79100
2023-12-12,18.799999237060547,18.81999969482422,18.6299991607666,18.81999969482422,17.982437133789062,19100
2023-12-13,18.799999237060547,18.950000762939453,18.600000381469727,18.950000762939453,18.106653213500977,45300
2023-12-14,19.049999237060547,20.040000915527344,19.049999237060547,19.5,18.63217544555664,211000
2023-12-15,19.5,20.540000915527344,19.350000381469727,20.5,19.587671279907227,142900
2023-12-18,20.420000076293945,20.43000030517578,19.709999084472656,20.100000381469727,19.205472946166992,45200
2023-12-19,20.209999084472656,21.170000076293945,20.139999389648438,20.959999084472656,20.027198791503906,46400
2023-12-20,20.799999237060547,21.56999969482422,20.799999237060547,21.190000534057617,20.246965408325195,39100
2023-12-21,21.229999542236328,21.489999771118164,21.09000015258789,21.3700008392334,20.418954849243164,23700
2023-12-22,21.540000915527344,21.55500030517578,21.1200008392334,21.239999771118164,20.29473876953125,13300
2023-12-26,21.389999389648438,21.389999389648438,21.149999618530273,21.170000076293945,20.227853775024414,16000
2023-12-27,21.100000381469727,21.575000762939453,20.920000076293945,21.0,20.065420150756836,13200
2023-12-28,20.979999542236328,21.309999465942383,20.940000534057617,21.25,20.30429458618164,8400
2023-12-29,21.110000610351562,22.010000228881836,21.10099983215332,21.950000762939453,20.973142623901367,36300
2024-01-02,21.829999923706055,22.15999984741211,21.56999969482422,21.8700008392334,20.89670181274414,22000
2024-01-03,21.700000762939453,21.93000030517578,21.450000762939453,21.579999923706055,20.61960792541504,15800
2024-01-04,21.760000228881836,21.959999084472656,21.420000076293945,21.780000686645508,20.810707092285156,16700
2024-01-05,21.665000915527344,22.34000015258789,21.665000915527344,22.149999618530273,21.16423988342285,21100
2024-01-08,21.91900062561035,22.049999237060547,21.690000534057617,21.989999771118164,21.01136016845703,35500
2024-01-09,21.84000015258789,22.309999465942383,21.760000228881836,22.15999984741211,21.173795700073242,34400
2024-01-10,22.010000228881836,22.68000030517578,22.010000228881836,22.510000228881836,21.50821876525879,42000
2024-01-11,22.579999923706055,22.579999923706055,22.09000015258789,22.489999771118164,21.48910903930664,22700
2024-01-12,22.44499969482422,22.690000534057617,22.290000915527344,22.530000686645508,21.52733039855957,34500
2024-01-16,22.389999389648438,22.850000381469727,22.360000610351562,22.729999542236328,21.718427658081055,38600
2024-01-17,22.469999313354492,22.700000762939453,22.344999313354492,22.59000015258789,21.584659576416016,20700
2024-01-18,22.649999618530273,22.790000915527344,22.475000381469727,22.719999313354492,21.708873748779297,83100
2024-01-19,22.549999237060547,22.889999389648438,22.549999237060547,22.81999969482422,21.80442237854004,7900
2024-01-22,22.84000015258789,22.84000015258789,22.690000534057617,22.75,21.737539291381836,12300
2024-01-23,22.649999618530273,22.753000259399414,22.469999313354492,22.530000686645508,21.52733039855957,11700
2024-01-24,22.6200008392334,22.690000534057617,22.5,22.5,21.49866485595703,29100
2024-01-25,22.56999969482422,22.84000015258789,22.459999084472656,22.639999389648438,21.63243293762207,47900
2024-01-26,22.709999084472656,23.030000686645508,22.69499969482422,23.0,21.976411819458008,21800
2024-01-29,23.06999969482422,23.190000534057617,23.01099967956543,23.18000030517578,22.148401260375977,12200
2024-01-30,23.209999084472656,23.399999618530273,23.149999618530273,23.3799991607666,22.339500427246094,109800
2024-01-31,23.200000762939453,23.860000610351562,23.200000762939453,23.450000762939453,22.406387329101562,20700
2024-02-01,23.395000457763672,23.950000762939453,23.329999923706055,23.860000610351562,22.798139572143555,37900
2024-02-02,23.790000915527344,23.80500030517578,23.649999618530273,23.75,22.693035125732422,18400
2024-02-05,23.549999237060547,23.75,23.510000228881836,23.65999984741211,22.607040405273438,25200
2024-02-06,23.510000228881836,23.8799991607666,23.510000228881836,23.670000076293945,22.616594314575195,50100
2024-02-07,23.799999237060547,23.889999389648438,23.700000762939453,23.889999389648438,22.82680320739746,23500
2024-02-08,23.84000015258789,23.989999771118164,23.67300033569336,23.84000015258789,22.779029846191406,37000
2024-02-09,23.804000854492188,23.804000854492188,23.719999313354492,23.75,22.693035125732422,7900
2024-02-12,23.739999771118164,23.788999557495117,23.510000228881836,23.549999237060547,22.501934051513672,5200
2024-02-13,23.59000015258789,24.9950008392334,23.59000015258789,24.84000015258789,23.734525680541992,164100
2024-02-14,24.899999618530273,25.790000915527344,24.899999618530273,25.790000915527344,24.642248153686523,67600
2024-02-15,25.84000015258789,27.3799991607666,25.7450008392334,26.8700008392334,25.674182891845703,90400
2024-02-16,26.81999969482422,28.1200008392334,26.81999969482422,27.809999465942383,26.57234764099121,163400
2024-02-20,27.780000686645508,28.864999771118164,27.780000686645508,28.739999771118164,27.460960388183594,137100
2024-02-21,28.889999389648438,29.56999969482422,28.80500030517578,29.260000228881836,27.95781898498535,459600
2024-02-22,29.40999984741211,29.459999084472656,29.0,29.270000457763672,27.967374801635742,217700
2024-02-23,29.3700008392334,29.780000686645508,29.350000381469727,29.75,28.42601203918457,445200
2024-02-26,29.889999389648438,30.59000015258789,29.54400062561035,30.239999771118164,28.89420509338379,367000
2024-02-27,30.290000915527344,30.31999969482422,29.799999237060547,29.959999084472656,28.626665115356445,528200
2024-02-28,29.899999618530273,29.959999084472656,28.889999389648438,28.889999389648438,27.604284286499023,290700
2024-02-29,28.969999313354492,29.200000762939453,27.170000076293945,27.299999237060547,26.085044860839844,826000
2024-03-01,27.440000534057617,28.479999542236328,27.440000534057617,28.43000030517578,27.164756774902344,91200
2024-03-04,28.489999771118164,28.959999084472656,27.989999771118164,28.1200008392334,26.868553161621094,76800
2024-03-05,27.90999984741211,28.604999542236328,27.610000610351562,28.399999618530273,27.136091232299805,215100
2024-03-06,28.020000457763672,28.655000686645508,28.020000457763672,28.510000228881836,27.24119758605957,109800
2024-03-07,28.420000076293945,28.834999084472656,28.25,28.469999313354492,27.20297622680664,120500
2024-03-08,28.399999618530273,28.399999618530273,28.079999923706055,28.200000762939453,26.94499397277832,54600
2024-03-11,28.260000228881836,28.496000289916992,28.030000686645508,28.299999237060547,27.04054069519043,32500
2024-03-12,28.40999984741211,28.40999984741211,27.829999923706055,27.940000534057617,26.696563720703125,38600
2024-03-13,27.93000030517578,27.969999313354492,27.09000015258789,27.209999084472656,25.99905014038086,79900
2024-03-14,27.31999969482422,27.31999969482422,26.860000610351562,26.8700008392334,25.674182891845703,48300
2024-03-15,26.885000228881836,26.989999771118164,26.770000457763672,26.920000076293945,25.72195816040039,41100
2024-03-18,27.0,27.030000686645508,26.71500015258789,26.780000686645508,25.58818817138672,35300
2024-03-19,26.709999084472656,26.860000610351562,26.010000228881836,26.440000534057617,25.26331901550293,66700
2024-03-20,26.56999969482422,27.34000015258789,26.274999618530273,26.90999984741211,25.71240234375,84000
2024-03-21,27.030000686645508,27.12700080871582,26.860000610351562,27.0,25.798397064208984,35900
2024-03-22,26.860000610351562,27.03499984741211,26.770000457763672,26.969999313354492,25.769731521606445,28800
2024-03-25,27.09000015258789,27.280000686645508,26.459999084472656,26.459999084472656,25.282428741455078,15500
2024-03-26,26.3700008392334,26.420000076293945,25.68000030517578,25.739999771118164,24.594470977783203,56000
2024-03-27,25.81999969482422,25.90999984741211,23.8799991607666,23.899999618530273,22.83635902404785,242600
2024-03-28,23.979999542236328,25.079999923706055,23.799999237060547,23.809999465942383,22.750364303588867,316000
2024-04-01,24.09000015258789,24.459999084472656,23.7549991607666,23.850000381469727,22.788583755493164,218100
2024-04-02,23.719999313354492,24.1299991607666,23.719999313354492,23.899999618530273,22.83635902404785,209800
2024-04-03,23.899999618530273,24.19300079345703,23.670000076293945,23.860000610351562,22.798139572143555,313900
2024-04-04,23.940000534057617,24.209999084472656,23.3799991607666,23.5,22.454160690307617,243200
2024-04-05,23.540000915527344,23.809999465942383,23.06999969482422,23.100000381469727,22.071962356567383,164500
2024-04-08,23.290000915527344,23.299999237060547,23.06999969482422,23.079999923706055,22.052852630615234,215800
2024-04-09,23.25,23.25,23.0,23.110000610351562,22.081518173217773,182900
2024-04-10,23.0,24.1200008392334,22.940000534057617,24.1200008392334,23.04656982421875,123700
2024-04-11,24.270000457763672,24.450000762939453,23.579999923706055,23.59000015258789,22.5401554107666,219700
2024-04-12,23.799999237060547,23.899999618530273,22.80500030517578,22.940000534057617,21.919082641601562,188200
2024-04-15,23.079999923706055,23.459999084472656,22.239999771118164,22.299999237060547,21.30756378173828,169700
2024-04-16,22.43000030517578,22.770000457763672,21.75,22.469999313354492,21.469999313354492,162300
2024-04-17,21.100000381469727,21.280000686645508,20.559999465942383,21.149999618530273,21.149999618530273,263200
2024-04-18,21.229999542236328,21.700000762939453,21.135000228881836,21.68000030517578,21.68000030517578,165800
2024-04-19,21.5,21.889999389648438,21.235000610351562,21.260000228881836,21.260000228881836,127200
2024-04-22,21.34000015258789,21.829999923706055,21.09000015258789,21.829999923706055,21.829999923706055,99200
2024-04-23,21.850000381469727,22.219999313354492,21.75,21.920000076293945,21.920000076293945,269000
2024-04-24,21.979999542236328,22.100000381469727,21.780000686645508,21.959999084472656,21.959999084472656,87700
2024-04-25,21.8799991607666,21.940000534057617,21.469999313354492,21.479999542236328,21.479999542236328,63800
2024-04-26,21.40999984741211,21.799999237060547,21.40999984741211,21.6299991607666,21.6299991607666,129300
2024-04-29,21.59000015258789,22.309999465942383,21.59000015258789,22.0,22.0,145600
2024-04-30,22.0,22.1200008392334,21.270000457763672,21.31999969482422,21.31999969482422,143400
2024-05-01,21.5,21.899999618530273,21.329999923706055,21.549999237060547,21.549999237060547,66400
2024-05-02,21.5,21.790000915527344,21.5,21.65999984741211,21.65999984741211,42600
2024-05-03,21.649999618530273,21.780000686645508,21.5,21.649999618530273,21.649999618530273,107300
2024-05-06,21.739999771118164,22.110000610351562,21.739999771118164,22.0,22.0,28400
2024-05-07,21.989999771118164,22.360000610351562,21.989999771118164,22.110000610351562,22.110000610351562,59600
2024-05-08,22.010000228881836,22.950000762939453,21.940000534057617,22.950000762939453,22.950000762939453,126700
2024-05-09,22.950000762939453,23.200000762939453,22.899999618530273,22.959999084472656,22.959999084472656,125000
2024-05-10,22.959999084472656,23.204999923706055,22.780000686645508,22.799999237060547,22.799999237060547,96600
2024-05-13,22.8700008392334,23.378999710083008,22.6299991607666,22.969999313354492,22.969999313354492,105900
2024-05-14,22.950000762939453,23.045000076293945,21.559999465942383,21.719999313354492,21.719999313354492,280100
2024-05-15,22.0,23.489999771118164,21.829999923706055,23.399999618530273,23.399999618530273,180000
2024-05-16,23.610000610351562,24.15999984741211,23.479999542236328,23.700000762939453,23.700000762939453,95300
2024-05-17,23.510000228881836,23.559999465942383,23.1299991607666,23.260000228881836,23.260000228881836,67300
2024-05-20,23.290000915527344,23.469999313354492,23.0049991607666,23.079999923706055,23.079999923706055,44700
2024-05-21,23.020000457763672,23.190000534057617,22.84000015258789,22.959999084472656,22.959999084472656,25100
2024-05-22,22.959999084472656,22.959999084472656,22.469999313354492,22.479999542236328,22.479999542236328,36100
2024-05-23,22.440000534057617,22.489999771118164,22.010000228881836,22.239999771118164,22.239999771118164,32200
2024-05-24,22.25,22.600000381469727,22.079999923706055,22.59000015258789,22.59000015258789,37200
2024-05-28,22.6200008392334,22.790000915527344,22.25,22.440000534057617,22.440000534057617,36400
2024-05-29,22.31999969482422,22.670000076293945,21.979999542236328,22.579999923706055,22.579999923706055,45900
2024-05-30,22.459999084472656,22.84000015258789,22.274999618530273,22.84000015258789,22.84000015258789,69800
2024-05-31,22.770000457763672,24.40999984741211,22.75,24.06999969482422,24.06999969482422,413600
2024-06-03,24.0,24.049999237060547,23.399999618530273,23.450000762939453,23.450000762939453,127900
2024-06-04,23.239999771118164,23.239999771118164,22.5,22.530000686645508,22.530000686645508,103700
2024-06-05,22.450000762939453,23.0,22.389999389648438,22.81999969482422,22.81999969482422,46400
2024-06-06,22.809999465942383,22.940000534057617,22.510000228881836,22.760000228881836,22.760000228881836,47300
2024-06-07,22.84000015258789,22.84000015258789,22.149999618530273,22.209999084472656,22.209999084472656,22200
2024-06-10,22.34000015258789,22.540000915527344,22.174999237060547,22.459999084472656,22.459999084472656,25100
2024-06-11,22.270000457763672,22.489999771118164,22.114999771118164,22.290000915527344,22.290000915527344,44300
2024-06-12,22.31999969482422,22.709999084472656,22.165000915527344,22.34000015258789,22.34000015258789,50500
2024-06-13,22.209999084472656,22.479999542236328,22.1200008392334,22.299999237060547,22.299999237060547,17700
2024-06-14,22.229999542236328,22.239999771118164,21.90999984741211,22.18000030517578,22.18000030517578,69800
2024-06-17,22.290000915527344,22.719999313354492,22.18000030517578,22.68000030517578,22.68000030517578,26600
2024-06-18,22.540000915527344,22.700000762939453,22.350000381469727,22.440000534057617,22.440000534057617,43900
2024-06-20,22.31999969482422,22.420000076293945,22.049999237060547,22.209999084472656,22.209999084472656,49500
2024-06-21,22.059999465942383,22.190000534057617,22.0,22.079999923706055,22.079999923706055,64200
2024-06-24,22.200000762939453,22.479999542236328,22.049999237060547,22.260000228881836,22.260000228881836,17700
2024-06-25,22.25,22.290000915527344,21.989999771118164,22.25,22.25,14700
2024-06-26,22.09000015258789,22.34000015258789,21.860000610351562,22.030000686645508,22.030000686645508,75900
2024-06-27,22.049999237060547,22.329999923706055,21.850000381469727,22.309999465942383,22.309999465942383,55600
2024-06-28,22.360000610351562,22.610000610351562,22.25,22.40999984741211,22.40999984741211,27200
2024-07-01,22.559999465942383,22.559999465942383,22.187000274658203,22.3799991607666,22.3799991607666,63200
2024-07-02,22.25,22.56999969482422,22.25,22.3799991607666,22.3799991607666,31500
2024-07-03,22.360000610351562,22.68000030517578,22.360000610351562,22.520000457763672,22.520000457763672,16000
2024-07-05,22.459999084472656,22.469999313354492,22.25,22.31999969482422,22.31999969482422,28500
2024-07-08,22.290000915527344,23.06999969482422,22.079999923706055,22.969999313354492,22.969999313354492,166800
2024-07-09,22.809999465942383,23.59000015258789,22.809999465942383,23.540000915527344,23.540000915527344,105600
2024-07-10,23.65999984741211,23.969999313354492,23.540000915527344,23.920000076293945,23.920000076293945,111000
2024-07-11,23.969999313354492,24.360000610351562,23.43000030517578,23.729999542236328,23.729999542236328,84300
2024-07-12,23.8700008392334,24.15999984741211,23.649999618530273,24.15999984741211,24.15999984741211,92400
2024-07-15,24.06999969482422,24.200000762939453,23.649999618530273,24.059999465942383,24.059999465942383,86000
2024-07-16,24.09000015258789,24.440000534057617,23.049999237060547,23.149999618530273,23.149999618530273,85100
2024-07-17,23.09000015258789,23.350000381469727,22.950000762939453,22.959999084472656,22.959999084472656,35900
2024-07-18,22.84000015258789,23.030000686645508,22.59000015258789,22.790000915527344,22.790000915527344,17200
2024-07-19,23.0,23.3799991607666,22.829999923706055,22.829999923706055,22.829999923706055,33800
2024-07-22,22.829999923706055,22.940000534057617,22.610000610351562,22.90999984741211,22.90999984741211,33900
2024-07-23,22.90999984741211,23.219999313354492,22.809999465942383,22.920000076293945,22.920000076293945,20600
2024-07-24,22.75,23.149999618530273,22.549999237060547,22.709999084472656,22.709999084472656,15100
2024-07-25,22.600000381469727,22.979999542236328,22.530000686645508,22.68000030517578,22.68000030517578,15900
2024-07-26,22.6299991607666,22.788999557495117,22.520000457763672,22.709999084472656,22.709999084472656,17400
2024-07-29,22.670000076293945,22.670000076293945,22.010000228881836,22.209999084472656,22.209999084472656,19000
2024-07-30,22.100000381469727,22.610000610351562,22.100000381469727,22.520000457763672,22.520000457763672,32600
2024-07-31,22.450000762939453,22.93000030517578,21.809999465942383,22.760000228881836,22.760000228881836,17200
2024-08-01,22.68000030517578,22.790000915527344,22.059999465942383,22.25,22.25,66400
2024-08-02,22.079999923706055,22.290000915527344,21.625,22.280000686645508,22.280000686645508,108100
2024-08-05,21.6299991607666,22.204999923706055,21.399999618530273,22.149999618530273,22.149999618530273,58200
2024-08-06,22.165000915527344,22.540000915527344,21.969999313354492,22.360000610351562,22.360000610351562,32400
2024-08-07,22.389999389648438,22.510000228881836,22.139999389648438,22.360000610351562,22.360000610351562,54900
2024-08-08,22.399999618530273,22.760000228881836,22.399999618530273,22.709999084472656,22.709999084472656,18600
2024-08-09,22.75,23.34000015258789,22.559999465942383,22.969999313354492,22.969999313354492,67900
2024-08-12,22.969999313354492,23.280000686645508,22.690000534057617,22.739999771118164,22.739999771118164,33600
2024-08-13,22.600000381469727,22.799999237060547,22.334999084472656,22.420000076293945,22.420000076293945,58300
2024-08-14,22.549999237060547,23.020000457763672,22.360000610351562,22.6200008392334,22.6200008392334,37500
2024-08-15,22.790000915527344,23.700000762939453,22.579999923706055,23.290000915527344,23.290000915527344,115900
2024-08-16,23.5,23.739999771118164,23.270000457763672,23.360000610351562,23.360000610351562,21700
2024-08-19,23.520000457763672,24.059999465942383,23.18000030517578,23.899999618530273,23.899999618530273,190800
2024-08-20,23.940000534057617,23.940000534057617,23.68000030517578,23.790000915527344,23.790000915527344,234900
2024-08-21,23.920000076293945,23.979999542236328,23.649999618530273,23.84000015258789,23.84000015258789,27000
2024-08-22,23.940000534057617,23.954999923706055,23.760000228881836,23.829999923706055,23.829999923706055,93100
2024-08-23,23.81999969482422,24.15999984741211,23.729999542236328,23.809999465942383,23.809999465942383,57200
2024-08-26,23.790000915527344,23.895000457763672,23.530000686645508,23.739999771118164,23.739999771118164,43800
2024-08-27,23.75,23.889999389648438,23.68000030517578,23.780000686645508,23.780000686645508,130700
2024-08-28,23.815000534057617,24.1200008392334,23.719999313354492,24.0,24.0,206600
2024-08-29,24.010000228881836,24.790000915527344,24.010000228881836,24.709999084472656,24.709999084472656,118200
2024-08-30,24.760000228881836,25.450000762939453,24.75,25.399999618530273,25.399999618530273,86400
2024-09-03,25.350000381469727,25.350000381469727,24.68000030517578,24.780000686645508,24.780000686645508,230100
2024-09-04,24.780000686645508,25.1299991607666,24.600000381469727,24.989999771118164,24.989999771118164,57200
2024-09-05,24.940000534057617,25.3799991607666,24.940000534057617,25.030000686645508,25.030000686645508,236900
2024-09-06,25.229999542236328,25.229999542236328,24.420000076293945,24.440000534057617,24.440000534057617,35200
2024-09-09,24.729999542236328,24.889999389648438,24.31999969482422,24.31999969482422,24.31999969482422,30900
2024-09-10,24.459999084472656,24.459999084472656,24.0,24.34000015258789,24.34000015258789,37400
2024-09-11,24.229999542236328,24.559999465942383,23.950000762939453,24.530000686645508,24.530000686645508,37100
2024-09-12,24.68000030517578,24.979999542236328,24.469999313354492,24.5,24.5,66400
2024-09-13,24.649999618530273,24.719999313354492,24.309999465942383,24.520000457763672,24.520000457763672,55200
2024-09-16,24.59000015258789,24.65999984741211,24.360000610351562,24.520000457763672,24.520000457763672,26500
2024-09-17,24.639999389648438,24.975000381469727,24.229999542236328,24.31999969482422,24.31999969482422,137300
2024-09-18,24.4060001373291,25.219999313354492,24.260000228881836,25.030000686645508,25.030000686645508,187300
2024-09-19,25.270000457763672,25.354999542236328,24.850000381469727,24.920000076293945,24.920000076293945,65200
2024-09-20,24.69499969482422,24.844999313354492,24.280000686645508,24.510000228881836,24.510000228881836,84600
2024-09-23,24.65999984741211,25.059999465942383,24.350000381469727,24.920000076293945,24.920000076293945,65300
2024-09-24,25.0,25.344999313354492,24.84000015258789,25.290000915527344,25.290000915527344,186200
2024-09-25,25.420000076293945,25.459999084472656,24.989999771118164,25.290000915527344,25.290000915527344,95300
2024-09-26,25.520000457763672,26.09000015258789,25.360000610351562,26.059999465942383,26.059999465942383,261000
2024-09-27,26.049999237060547,26.770000457763672,25.9950008392334,26.479999542236328,26.479999542236328,79000
2024-09-30,26.479999542236328,26.540000915527344,26.059999465942383,26.1299991607666,26.1299991607666,134000
2024-10-01,26.149999618530273,26.3799991607666,25.450000762939453,26.18000030517578,26.18000030517578,131500
2024-10-02,26.270000457763672,26.510000228881836,25.75,25.770000457763672,25.770000457763672,232300
2024-10-03,25.610000610351562,26.610000610351562,25.610000610351562,26.59000015258789,26.59000015258789,121800
2024-10-04,26.600000381469727,27.219999313354492,26.600000381469727,27.15999984741211,27.15999984741211,229600
2024-10-07,27.299999237060547,27.329999923706055,26.739999771118164,26.790000915527344,26.790000915527344,57300
2024-10-08,26.690000534057617,27.149999618530273,26.610000610351562,27.100000381469727,27.100000381469727,49700
2024-10-09,27.1200008392334,27.3799991607666,26.860000610351562,26.93000030517578,26.93000030517578,244000
2024-10-10,27.030000686645508,27.079999923706055,26.780000686645508,27.0,27.0,102100
