Date,Open,High,Low,Close,Adj Close,Volume
2021-12-06,6.0,124.5,6.0,112.5,112.5,15993
2021-12-07,91.5,107.69999694824219,63.29999923706055,71.0999984741211,71.0999984741211,20833
2021-12-08,67.5,68.69999694824219,46.95000076293945,48.29999923706055,48.29999923706055,19593
2021-12-09,48.150001525878906,48.435001373291016,39.01499938964844,40.650001525878906,40.650001525878906,11040
2021-12-10,41.25,44.70000076293945,37.5,40.20000076293945,40.20000076293945,7193
2021-12-13,39.75,39.8849983215332,34.79999923706055,38.400001525878906,38.400001525878906,2980
2021-12-14,36.29999923706055,37.5,32.400001525878906,34.650001525878906,34.650001525878906,5000
2021-12-15,33.900001525878906,34.20000076293945,28.69499969482422,31.200000762939453,31.200000762939453,5293
2021-12-16,30.75,33.75,30.75,32.25,32.25,2733
2021-12-17,32.25,36.0,32.25,33.9900016784668,33.9900016784668,2007
2021-12-20,33.45000076293945,33.75,31.649999618530273,33.150001525878906,33.150001525878906,593
2021-12-21,34.095001220703125,34.13999938964844,30.674999237060547,31.799999237060547,31.799999237060547,2487
2021-12-22,30.600000381469727,32.400001525878906,30.600000381469727,31.334999084472656,31.334999084472656,1093
2021-12-23,30.75,32.54999923706055,30.75,31.649999618530273,31.649999618530273,913
2021-12-27,33.29999923706055,33.29999923706055,30.0,30.299999237060547,30.299999237060547,787
2021-12-28,33.900001525878906,33.900001525878906,30.899999618530273,31.799999237060547,31.799999237060547,713
2021-12-29,32.849998474121094,32.849998474121094,30.450000762939453,30.899999618530273,30.899999618530273,560
2021-12-30,30.2549991607666,31.9950008392334,30.2549991607666,30.75,30.75,587
2021-12-31,31.049999237060547,34.04999923706055,28.649999618530273,32.099998474121094,32.099998474121094,2180
2022-01-03,30.75,43.20000076293945,30.209999084472656,39.0,39.0,37913
2022-01-04,37.5,40.97999954223633,34.380001068115234,34.5,34.5,5893
2022-01-05,38.54999923706055,38.54999923706055,30.299999237060547,31.049999237060547,31.049999237060547,3007
2022-01-06,32.25,34.5,30.75,32.400001525878906,32.400001525878906,1147
2022-01-07,34.125,34.5,31.049999237060547,31.799999237060547,31.799999237060547,787
2022-01-10,33.900001525878906,33.900001525878906,28.799999237060547,30.299999237060547,30.299999237060547,2493
2022-01-11,32.25,32.71500015258789,28.950000762939453,31.934999465942383,31.934999465942383,2107
2022-01-12,30.55500030517578,33.75,29.549999237060547,30.0,30.0,2167
2022-01-13,29.700000762939453,30.75,29.399999618530273,30.600000381469727,30.600000381469727,693
2022-01-14,30.149999618530273,30.149999618530273,28.5,29.100000381469727,29.100000381469727,1267
2022-01-18,29.100000381469727,31.350000381469727,28.5,31.350000381469727,31.350000381469727,820
2022-01-19,30.450000762939453,30.450000762939453,27.149999618530273,28.5,28.5,547
2022-01-20,28.6200008392334,29.25,27.75,27.75,27.75,740
2022-01-21,23.399999618530273,25.5,21.0,22.5,22.5,5687
2022-01-24,21.239999771118164,22.5,20.25,20.700000762939453,20.700000762939453,5513
2022-01-25,20.700000762939453,21.375,20.399999618530273,20.399999618530273,20.399999618530273,1553
2022-01-26,20.399999618530273,21.0,19.5,19.5,19.5,1593
2022-01-27,21.899999618530273,35.400001525878906,16.049999237060547,17.399999618530273,17.399999618530273,499553
2022-01-28,33.45000076293945,51.75,31.950000762939453,32.70000076293945,32.70000076293945,7012553
2022-01-31,15.75,16.200000762939453,14.295000076293945,14.699999809265137,14.699999809265137,1991053
2022-02-01,14.625,14.625,13.5,14.024999618530273,14.024999618530273,412133
2022-02-02,14.175000190734863,14.175000190734863,12.449999809265137,12.75,12.75,238093
2022-02-03,11.954999923706055,12.449999809265137,11.279999732971191,11.699999809265137,11.699999809265137,207800
2022-02-04,11.850000381469727,12.75,10.994999885559082,11.399999618530273,11.399999618530273,252533
2022-02-07,11.385000228881836,12.0,10.529999732971191,10.875,10.875,151987
2022-02-08,10.649999618530273,10.649999618530273,9.75,9.914999961853027,9.914999961853027,136007
2022-02-09,9.46500015258789,10.425000190734863,9.300000190734863,9.899999618530273,9.899999618530273,145413
2022-02-10,10.050000190734863,10.050000190734863,9.479999542236328,9.600000381469727,9.600000381469727,83493
2022-02-11,9.600000381469727,9.824999809265137,8.864999771118164,9.300000190734863,9.300000190734863,115727
2022-02-14,9.510000228881836,9.510000228881836,8.71500015258789,9.119999885559082,9.119999885559082,71347
2022-02-15,9.119999885559082,9.46500015258789,8.789999961853027,9.0600004196167,9.0600004196167,49427
2022-02-16,9.0,9.225000381469727,8.25,8.625,8.625,66047
2022-02-17,8.520000457763672,9.0,7.784999847412109,7.875,7.875,72627
2022-02-18,7.949999809265137,7.949999809265137,7.215000152587891,7.364999771118164,7.364999771118164,74200
2022-02-22,10.289999961853027,12.854999542236328,9.46500015258789,12.0,12.0,7606267
2022-02-23,15.449999809265137,19.350000381469727,14.699999809265137,16.950000762939453,16.950000762939453,10865953
2022-02-24,25.200000762939453,26.25,18.899999618530273,23.549999237060547,23.549999237060547,6922253
2022-02-25,22.049999237060547,33.599998474121094,20.700000762939453,31.5,31.5,8852680
2022-02-28,35.099998474121094,42.29999923706055,32.25,35.54999923706055,35.54999923706055,7139160
2022-03-01,33.45000076293945,33.75,21.75,22.200000762939453,22.200000762939453,2823373
2022-03-02,27.149999618530273,32.54999923706055,27.0,30.899999618530273,30.899999618530273,6015593
2022-03-03,36.150001525878906,39.0,29.399999618530273,33.0,33.0,7609507
2022-03-04,33.0,51.599998474121094,32.099998474121094,50.70000076293945,50.70000076293945,9665060
2022-03-07,70.19999694824219,126.0,65.25,112.5,112.5,14844740
2022-03-08,136.9499969482422,145.5,55.650001525878906,63.75,63.75,6924293
2022-03-09,67.6500015258789,88.94999694824219,64.80000305175781,75.9000015258789,75.9000015258789,5844720
2022-03-10,86.25,92.8499984741211,70.94999694824219,74.8499984741211,74.8499984741211,3523493
2022-03-11,65.8499984741211,66.44999694824219,53.25,54.150001525878906,54.150001525878906,1469973
2022-03-14,47.849998474121094,61.349998474121094,45.150001525878906,51.599998474121094,51.599998474121094,1603093
2022-03-15,48.0,51.0,39.150001525878906,40.95000076293945,40.95000076293945,1380247
2022-03-16,41.70000076293945,46.5,30.149999618530273,30.600000381469727,30.600000381469727,2241107
2022-03-17,36.45000076293945,42.0,33.75,34.875,34.875,4661080
2022-03-18,40.95000076293945,42.45000076293945,33.75,35.54999923706055,35.54999923706055,2675893
2022-03-21,21.75,23.399999618530273,21.600000381469727,22.5,22.5,6465120
2022-03-22,23.700000762939453,24.149999618530273,21.600000381469727,22.950000762939453,22.950000762939453,2704447
2022-03-23,23.399999618530273,31.649999618530273,22.5,31.5,31.5,7768587
2022-03-24,29.850000381469727,34.349998474121094,26.700000762939453,26.850000381469727,26.850000381469727,6524367
2022-03-25,25.049999237060547,28.649999618530273,23.700000762939453,25.799999237060547,25.799999237060547,4352713
2022-03-28,23.850000381469727,25.200000762939453,22.649999618530273,25.200000762939453,25.200000762939453,2218033
2022-03-29,22.649999618530273,23.700000762939453,21.600000381469727,23.100000381469727,23.100000381469727,1995320
2022-03-30,25.649999618530273,27.0,23.399999618530273,24.0,24.0,3469227
2022-03-31,22.950000762939453,23.25,21.75,21.75,21.75,1633133
2022-04-01,21.299999237060547,21.600000381469727,19.649999618530273,19.799999237060547,19.799999237060547,1758113
2022-04-04,20.549999237060547,22.350000381469727,20.399999618530273,21.75,21.75,1769933
2022-04-05,21.299999237060547,21.600000381469727,20.25,20.399999618530273,20.399999618530273,1011207
2022-04-06,20.399999618530273,21.299999237060547,19.350000381469727,19.649999618530273,19.649999618530273,1277880
2022-04-07,19.350000381469727,19.950000762939453,17.850000381469727,18.149999618530273,18.149999618530273,1204820
2022-04-08,17.549999237060547,19.799999237060547,16.950000762939453,18.899999618530273,18.899999618530273,1220767
2022-04-11,17.399999618530273,17.850000381469727,16.649999618530273,16.950000762939453,16.950000762939453,641213
2022-04-12,18.600000381469727,21.75,18.149999618530273,18.600000381469727,18.600000381469727,3191653
2022-04-13,19.049999237060547,19.950000762939453,17.700000762939453,19.200000762939453,19.200000762939453,1292147
2022-04-14,18.600000381469727,23.549999237060547,17.700000762939453,21.899999618530273,21.899999618530273,4033147
2022-04-18,20.700000762939453,22.950000762939453,19.799999237060547,20.399999618530273,20.399999618530273,3000520
2022-04-19,19.5,19.649999618530273,18.149999618530273,18.75,18.75,1282167
2022-04-20,18.75,19.950000762939453,18.299999237060547,18.600000381469727,18.600000381469727,896820
2022-04-21,18.75,19.5,16.5,16.649999618530273,16.649999618530273,1664587
2022-04-22,16.049999237060547,16.799999237060547,15.449999809265137,16.049999237060547,16.049999237060547,767653
2022-04-25,15.0,15.449999809265137,13.96500015258789,14.670000076293945,14.670000076293945,926673
2022-04-26,15.300000190734863,16.350000381469727,15.0,15.0,15.0,987827
2022-04-27,15.0,15.0,14.25,14.34000015258789,14.34000015258789,496180
2022-04-28,14.369999885559082,15.449999809265137,13.529999732971191,15.149999618530273,15.149999618530273,833453
2022-04-29,15.300000190734863,15.899999618530273,14.25,14.399999618530273,14.399999618530273,685380
2022-05-02,13.5600004196167,14.069999694824219,12.930000305175781,13.199999809265137,13.199999809265137,587627
2022-05-03,13.050000190734863,14.385000228881836,12.975000381469727,13.5,13.5,522900
2022-05-04,14.550000190734863,15.899999618530273,14.399999618530273,15.600000381469727,15.600000381469727,1635007
2022-05-05,15.149999618530273,15.449999809265137,13.574999809265137,13.649999618530273,13.649999618530273,1090187
2022-05-06,14.039999961853027,14.414999961853027,13.125,13.350000381469727,13.350000381469727,524853
2022-05-09,13.005000114440918,13.125,11.520000457763672,11.864999771118164,11.864999771118164,529267
2022-05-10,11.595000267028809,12.210000038146973,10.5,10.635000228881836,10.635000228881836,518853
2022-05-11,10.800000190734863,12.0,10.199999809265137,10.319999694824219,10.319999694824219,763127
2022-05-12,9.795000076293945,10.40999984741211,9.375,10.020000457763672,10.020000457763672,503980
2022-05-13,10.40999984741211,10.904999732971191,9.869999885559082,10.020000457763672,10.020000457763672,896307
2022-05-16,10.21500015258789,13.350000381469727,9.899999618530273,11.475000381469727,11.475000381469727,2599907
2022-05-17,6.465000152587891,8.069999694824219,6.434999942779541,7.5,7.5,10866553
2022-05-18,7.710000038146973,7.710000038146973,6.75,6.960000038146973,6.960000038146973,2893733
2022-05-19,6.78000020980835,7.125,6.449999809265137,6.824999809265137,6.824999809265137,2235720
2022-05-20,6.824999809265137,6.914999961853027,6.300000190734863,6.389999866485596,6.389999866485596,2225540
2022-05-23,6.465000152587891,6.75,5.849999904632568,6.360000133514404,6.360000133514404,2116113
2022-05-24,6.150000095367432,6.210000038146973,5.699999809265137,5.775000095367432,5.775000095367432,1396807
2022-05-25,6.0,6.0,5.699999809265137,5.775000095367432,5.775000095367432,1055840
2022-05-26,5.909999847412109,6.329999923706055,5.699999809265137,5.940000057220459,5.940000057220459,2183793
2022-05-27,6.224999904632568,8.399999618530273,5.954999923706055,8.220000267028809,8.220000267028809,7788547
2022-05-31,9.494999885559082,9.600000381469727,7.349999904632568,7.724999904632568,7.724999904632568,8694807
2022-06-01,7.574999809265137,8.100000381469727,7.125,7.304999828338623,7.304999828338623,3303633
2022-06-02,7.199999809265137,8.085000038146973,7.125,7.84499979019165,7.84499979019165,3376267
2022-06-03,7.650000095367432,8.475000381469727,7.349999904632568,8.369999885559082,8.369999885559082,3408713
2022-06-06,8.279999732971191,8.925000190734863,7.949999809265137,8.085000038146973,8.085000038146973,2694313
2022-06-07,7.949999809265137,9.225000381469727,7.755000114440918,8.850000381469727,8.850000381469727,5465473
2022-06-08,9.585000038146973,13.199999809265137,9.194999694824219,11.25,11.25,17176540
2022-06-09,11.774999618530273,14.550000190734863,11.399999618530273,12.300000190734863,12.300000190734863,15609787
2022-06-10,11.835000038146973,13.725000381469727,11.550000190734863,13.229999542236328,13.229999542236328,8970567
2022-06-13,11.145000457763672,13.03499984741211,10.350000381469727,11.805000305175781,11.805000305175781,11419927
2022-06-14,12.225000381469727,12.975000381469727,9.164999961853027,9.345000267028809,9.345000267028809,9083467
2022-06-15,9.015000343322754,9.045000076293945,7.755000114440918,8.15999984741211,8.15999984741211,5584720
2022-06-16,7.800000190734863,8.925000190734863,7.050000190734863,8.175000190734863,8.175000190734863,5657287
2022-06-17,8.9399995803833,8.9399995803833,7.875,8.1899995803833,8.1899995803833,2821353
2022-06-21,8.295000076293945,8.699999809265137,8.039999961853027,8.25,8.25,2179613
2022-06-22,7.5,7.949999809265137,7.5,7.679999828338623,7.679999828338623,2408213
2022-06-23,7.5,7.650000095367432,7.199999809265137,7.380000114440918,7.380000114440918,1730707
2022-06-24,7.289999961853027,8.220000267028809,7.289999961853027,7.679999828338623,7.679999828338623,2632253
2022-06-27,7.934999942779541,8.324999809265137,7.619999885559082,7.800000190734863,7.800000190734863,2116553
2022-06-28,7.994999885559082,8.010000228881836,7.454999923706055,7.46999979019165,7.46999979019165,1617880
2022-06-29,7.514999866485596,7.559999942779541,6.900000095367432,7.050000190734863,7.050000190734863,1275993
2022-06-30,6.614999771118164,6.900000095367432,6.300000190734863,6.300000190734863,6.300000190734863,1550827
2022-07-01,6.675000190734863,6.704999923706055,6.300000190734863,6.510000228881836,6.510000228881836,724640
2022-07-05,6.40500020980835,6.40500020980835,6.03000020980835,6.105000019073486,6.105000019073486,904213
2022-07-06,6.090000152587891,6.269999980926514,5.925000190734863,6.164999961853027,6.164999961853027,786573
2022-07-07,6.329999923706055,6.945000171661377,6.164999961853027,6.614999771118164,6.614999771118164,1447600
2022-07-08,6.690000057220459,6.690000057220459,6.389999866485596,6.449999809265137,6.449999809265137,806367
2022-07-11,6.239999771118164,6.34499979019165,6.03000020980835,6.150000095367432,6.150000095367432,613227
2022-07-12,6.255000114440918,6.329999923706055,6.045000076293945,6.119999885559082,6.119999885559082,786253
2022-07-13,6.0,6.255000114440918,5.940000057220459,6.135000228881836,6.135000228881836,632307
2022-07-14,6.0,6.119999885559082,5.909999847412109,5.96999979019165,5.96999979019165,527600
2022-07-15,6.045000076293945,6.135000228881836,5.925000190734863,6.03000020980835,6.03000020980835,386393
2022-07-18,6.090000152587891,6.40500020980835,6.03000020980835,6.074999809265137,6.074999809265137,859167
2022-07-19,6.105000019073486,6.75,6.045000076293945,6.570000171661377,6.570000171661377,2048460
2022-07-20,6.449999809265137,6.585000038146973,6.315000057220459,6.375,6.375,764620
2022-07-21,6.150000095367432,6.269999980926514,6.074999809265137,6.135000228881836,6.135000228881836,473540
2022-07-22,6.105000019073486,6.119999885559082,5.849999904632568,5.864999771118164,5.864999771118164,650540
2022-07-25,5.835000038146973,6.630000114440918,5.820000171661377,6.420000076293945,6.420000076293945,1356480
2022-07-26,6.599999904632568,7.784999847412109,6.525000095367432,7.349999904632568,7.349999904632568,3447773
2022-07-27,8.699999809265137,8.850000381469727,6.389999866485596,6.599999904632568,6.599999904632568,4954407
2022-07-28,6.315000057220459,6.494999885559082,6.074999809265137,6.239999771118164,6.239999771118164,1487993
2022-07-29,6.224999904632568,6.599999904632568,6.135000228881836,6.300000190734863,6.300000190734863,1385893
2022-08-01,6.105000019073486,6.135000228881836,5.96999979019165,6.0,6.0,925087
2022-08-02,5.954999923706055,6.0,5.820000171661377,5.864999771118164,5.864999771118164,1207540
2022-08-03,5.909999847412109,6.045000076293945,5.849999904632568,5.880000114440918,5.880000114440918,890247
2022-08-04,5.880000114440918,5.96999979019165,5.775000095367432,5.804999828338623,5.804999828338623,933653
2022-08-05,5.715000152587891,5.820000171661377,5.625,5.730000019073486,5.730000019073486,800127
2022-08-08,5.849999904632568,6.0,5.699999809265137,5.760000228881836,5.760000228881836,584153
2022-08-09,5.730000019073486,5.730000019073486,5.400000095367432,5.460000038146973,5.460000038146973,868080
2022-08-10,5.519999980926514,5.59499979019165,5.429999828338623,5.550000190734863,5.550000190734863,575320
2022-08-11,5.579999923706055,5.804999828338623,5.550000190734863,5.65500020980835,5.65500020980835,888433
2022-08-12,5.579999923706055,5.65500020980835,5.400000095367432,5.534999847412109,5.534999847412109,721947
2022-08-15,5.474999904632568,5.550000190734863,5.400000095367432,5.489999771118164,5.489999771118164,455553
2022-08-16,5.429999828338623,5.474999904632568,5.25,5.309999942779541,5.309999942779541,642100
2022-08-17,5.264999866485596,5.625,5.130000114440918,5.445000171661377,5.445000171661377,1092860
2022-08-18,5.400000095367432,6.389999866485596,5.400000095367432,6.0,6.0,3449353
2022-08-19,5.760000228881836,5.849999904632568,5.519999980926514,5.610000133514404,5.610000133514404,1014920
2022-08-22,5.489999771118164,5.775000095367432,5.295000076293945,5.429999828338623,5.429999828338623,949560
2022-08-23,5.639999866485596,6.40500020980835,5.625,6.0,6.0,3246373
2022-08-24,6.375,6.599999904632568,5.804999828338623,6.255000114440918,6.255000114440918,1998487
2022-08-25,6.135000228881836,6.224999904632568,5.880000114440918,5.909999847412109,5.909999847412109,782207
2022-08-26,5.699999809265137,5.96999979019165,5.625,5.835000038146973,5.835000038146973,839813
2022-08-29,5.835000038146973,6.135000228881836,5.760000228881836,5.985000133514404,5.985000133514404,1016373
2022-08-30,5.880000114440918,5.880000114440918,5.550000190734863,5.579999923706055,5.579999923706055,718240
2022-08-31,5.59499979019165,5.730000019073486,5.474999904632568,5.519999980926514,5.519999980926514,650187
2022-09-01,5.489999771118164,5.505000114440918,5.21999979019165,5.295000076293945,5.295000076293945,555640
2022-09-02,5.400000095367432,5.744999885559082,5.264999866485596,5.59499979019165,5.59499979019165,622153
2022-09-06,5.670000076293945,5.670000076293945,5.400000095367432,5.505000114440918,5.505000114440918,396447
2022-09-07,5.369999885559082,5.550000190734863,5.295000076293945,5.414999961853027,5.414999961853027,426660
2022-09-08,5.295000076293945,5.519999980926514,5.295000076293945,5.400000095367432,5.400000095367432,385620
2022-09-09,5.550000190734863,5.550000190734863,5.414999961853027,5.414999961853027,5.414999961853027,376307
2022-09-12,5.519999980926514,5.699999809265137,5.474999904632568,5.550000190734863,5.550000190734863,337067
2022-09-13,5.474999904632568,5.670000076293945,5.400000095367432,5.445000171661377,5.445000171661377,338720
2022-09-14,5.505000114440918,5.670000076293945,5.445000171661377,5.489999771118164,5.489999771118164,504980
2022-09-15,5.550000190734863,5.550000190734863,5.295000076293945,5.385000228881836,5.385000228881836,451240
2022-09-16,5.400000095367432,5.400000095367432,5.264999866485596,5.28000020980835,5.28000020980835,286273
2022-09-19,5.204999923706055,5.25,5.099999904632568,5.114999771118164,5.114999771118164,336800
2022-09-20,5.070000171661377,5.085000038146973,4.800000190734863,4.980000019073486,4.980000019073486,384053
2022-09-21,4.949999809265137,5.054999828338623,4.650000095367432,4.679999828338623,4.679999828338623,480453
2022-09-22,4.695000171661377,4.695000171661377,4.289999961853027,4.335000038146973,4.335000038146973,590947
2022-09-23,4.125,4.125,3.9000000953674316,4.005000114440918,4.005000114440918,464807
2022-09-26,3.9000000953674316,4.5,3.9000000953674316,4.46999979019165,4.46999979019165,395767
2022-09-27,4.590000152587891,4.724999904632568,4.485000133514404,4.545000076293945,4.545000076293945,274573
2022-09-28,4.545000076293945,4.800000190734863,4.5,4.769999980926514,4.769999980926514,248613
2022-09-29,4.650000095367432,4.769999980926514,4.514999866485596,4.679999828338623,4.679999828338623,284533
2022-09-30,4.679999828338623,4.90500020980835,4.590000152587891,4.875,4.875,171867
2022-10-03,5.025000095367432,5.324999809265137,4.980000019073486,5.130000114440918,5.130000114440918,559807
2022-10-04,5.355000019073486,6.570000171661377,5.25,5.894999980926514,5.894999980926514,1726920
2022-10-05,6.315000057220459,6.690000057220459,5.715000152587891,6.059999942779541,6.059999942779541,1393053
2022-10-06,6.150000095367432,6.239999771118164,5.429999828338623,5.925000190734863,5.925000190734863,501007
2022-10-07,5.775000095367432,6.300000190734863,5.775000095367432,6.119999885559082,6.119999885559082,727013
2022-10-10,6.014999866485596,6.300000190734863,5.625,5.789999961853027,5.789999961853027,346873
2022-10-11,5.684999942779541,5.684999942779541,5.309999942779541,5.550000190734863,5.550000190734863,312520
2022-10-12,5.369999885559082,5.550000190734863,5.25,5.429999828338623,5.429999828338623,233100
2022-10-13,5.054999828338623,5.835000038146973,4.994999885559082,5.684999942779541,5.684999942779541,362587
2022-10-14,5.565000057220459,5.699999809265137,5.400000095367432,5.684999942779541,5.684999942779541,169500
2022-10-17,5.550000190734863,5.775000095367432,5.489999771118164,5.639999866485596,5.639999866485596,177193
2022-10-18,5.684999942779541,5.730000019073486,5.534999847412109,5.65500020980835,5.65500020980835,166527
2022-10-19,5.550000190734863,5.639999866485596,5.264999866485596,5.460000038146973,5.460000038146973,274533
2022-10-20,5.534999847412109,5.789999961853027,5.414999961853027,5.670000076293945,5.670000076293945,250127
2022-10-21,5.849999904632568,6.599999904632568,5.715000152587891,6.554999828338623,6.554999828338623,1208020
2022-10-24,6.960000038146973,7.335000038146973,6.03000020980835,6.71999979019165,6.71999979019165,2245233
2022-10-25,6.510000228881836,6.75,6.164999961853027,6.239999771118164,6.239999771118164,795820
2022-10-26,5.835000038146973,6.510000228881836,5.835000038146973,6.210000038146973,6.210000038146973,631520
2022-10-27,6.195000171661377,6.675000190734863,6.150000095367432,6.224999904632568,6.224999904632568,469787
2022-10-28,6.045000076293945,6.375,6.014999866485596,6.090000152587891,6.090000152587891,251600
2022-10-31,5.880000114440918,6.284999847412109,5.880000114440918,6.090000152587891,6.090000152587891,282873
2022-11-01,6.119999885559082,6.224999904632568,5.789999961853027,5.894999980926514,5.894999980926514,441953
2022-11-02,5.925000190734863,6.585000038146973,5.849999904632568,6.255000114440918,6.255000114440918,559733
2022-11-03,6.195000171661377,6.449999809265137,6.074999809265137,6.300000190734863,6.300000190734863,292480
2022-11-04,6.449999809265137,6.539999961853027,6.074999809265137,6.164999961853027,6.164999961853027,332467
2022-11-07,6.224999904632568,6.659999847412109,6.03000020980835,6.585000038146973,6.585000038146973,635667
2022-11-08,6.599999904632568,7.230000019073486,6.360000133514404,6.449999809265137,6.449999809265137,679533
2022-11-09,6.40500020980835,6.434999942779541,5.880000114440918,6.0,6.0,460813
2022-11-10,6.255000114440918,6.494999885559082,6.074999809265137,6.375,6.375,225220
2022-11-11,6.375,6.675000190734863,6.375,6.494999885559082,6.494999885559082,259080
2022-11-14,6.449999809265137,6.449999809265137,6.195000171661377,6.195000171661377,6.195000171661377,308527
2022-11-15,6.195000171661377,6.570000171661377,6.0,6.300000190734863,6.300000190734863,391547
2022-11-16,6.315000057220459,6.315000057220459,6.135000228881836,6.210000038146973,6.210000038146973,159693
2022-11-17,6.150000095367432,6.150000095367432,5.460000038146973,5.730000019073486,5.730000019073486,450427
2022-11-18,5.565000057220459,5.730000019073486,5.474999904632568,5.59499979019165,5.59499979019165,194407
2022-11-21,5.474999904632568,5.579999923706055,5.114999771118164,5.28000020980835,5.28000020980835,474247
2022-11-22,5.445000171661377,5.625,5.25,5.355000019073486,5.355000019073486,220133
2022-11-23,5.28000020980835,5.519999980926514,5.175000190734863,5.400000095367432,5.400000095367432,153827
2022-11-25,5.565000057220459,5.565000057220459,5.295000076293945,5.429999828338623,5.429999828338623,96500
2022-11-28,5.385000228881836,5.400000095367432,5.175000190734863,5.235000133514404,5.235000133514404,225860
2022-11-29,5.25,5.369999885559082,5.099999904632568,5.099999904632568,5.099999904632568,187360
2022-11-30,5.144999980926514,5.684999942779541,4.965000152587891,5.340000152587891,5.340000152587891,470667
2022-12-01,5.400000095367432,5.519999980926514,5.21999979019165,5.21999979019165,5.21999979019165,210627
2022-12-02,5.25,5.369999885559082,5.114999771118164,5.324999809265137,5.324999809265137,134727
2022-12-05,5.400000095367432,5.400000095367432,4.800000190734863,5.085000038146973,5.085000038146973,228780
2022-12-06,5.085000038146973,5.130000114440918,4.829999923706055,4.875,4.875,160660
2022-12-07,4.889999866485596,5.25,4.875,5.039999961853027,5.039999961853027,217193
2022-12-08,5.144999980926514,5.144999980926514,4.5,4.724999904632568,4.724999904632568,180553
2022-12-09,4.800000190734863,4.934999942779541,4.769999980926514,4.860000133514404,4.860000133514404,109313
2022-12-12,4.90500020980835,4.934999942779541,4.650000095367432,4.724999904632568,4.724999904632568,134313
2022-12-13,4.800000190734863,4.949999809265137,4.53000020980835,4.559999942779541,4.559999942779541,177473
2022-12-14,4.559999942779541,4.605000019073486,4.349999904632568,4.440000057220459,4.440000057220459,166007
2022-12-15,4.425000190734863,4.5,4.289999961853027,4.289999961853027,4.289999961853027,187333
2022-12-16,4.5,4.980000019073486,4.199999809265137,4.425000190734863,4.425000190734863,240120
2022-12-19,4.440000057220459,4.454999923706055,4.065000057220459,4.260000228881836,4.260000228881836,217300
2022-12-20,4.349999904632568,4.349999904632568,4.079999923706055,4.184999942779541,4.184999942779541,124473
2022-12-21,4.199999809265137,4.5,4.184999942779541,4.349999904632568,4.349999904632568,160873
2022-12-22,4.199999809265137,4.349999904632568,4.050000190734863,4.199999809265137,4.199999809265137,189073
2022-12-23,4.170000076293945,4.349999904632568,4.019999980926514,4.110000133514404,4.110000133514404,168553
2022-12-27,4.050000190734863,4.125,3.75,3.825000047683716,3.825000047683716,307727
2022-12-28,3.9000000953674316,4.050000190734863,3.4800000190734863,3.734999895095825,3.734999895095825,326800
2022-12-29,3.674999952316284,3.674999952316284,3.4649999141693115,3.630000114440918,3.630000114440918,467287
2022-12-30,3.630000114440918,3.75,3.555000066757202,3.615000009536743,3.615000009536743,307687
2023-01-03,3.674999952316284,3.75,3.5250000953674316,3.5999999046325684,3.5999999046325684,215840
2023-01-04,3.674999952316284,3.674999952316284,3.4800000190734863,3.630000114440918,3.630000114440918,270280
2023-01-05,3.630000114440918,3.7200000286102295,3.569999933242798,3.6600000858306885,3.6600000858306885,276513
2023-01-06,3.690000057220459,3.690000057220459,3.494999885559082,3.6600000858306885,3.6600000858306885,263900
2023-01-09,3.734999895095825,4.050000190734863,3.7049999237060547,3.869999885559082,3.869999885559082,448187
2023-01-10,4.170000076293945,4.199999809265137,3.7950000762939453,3.990000009536743,3.990000009536743,243553
2023-01-11,3.9600000381469727,4.050000190734863,3.869999885559082,3.944999933242798,3.944999933242798,260800
2023-01-12,3.990000009536743,4.199999809265137,3.825000047683716,4.005000114440918,4.005000114440918,395760
2023-01-13,4.065000057220459,4.199999809265137,3.944999933242798,4.019999980926514,4.019999980926514,328900
2023-01-17,4.09499979019165,4.440000057220459,4.050000190734863,4.320000171661377,4.320000171661377,486067
2023-01-18,4.514999866485596,4.545000076293945,4.170000076293945,4.184999942779541,4.184999942779541,383173
2023-01-19,4.170000076293945,4.170000076293945,3.9000000953674316,4.050000190734863,4.050000190734863,303747
2023-01-20,4.09499979019165,4.230000019073486,3.990000009536743,4.215000152587891,4.215000152587891,322053
2023-01-23,4.244999885559082,4.650000095367432,4.230000019073486,4.349999904632568,4.349999904632568,483947
2023-01-24,4.289999961853027,4.5,4.184999942779541,4.199999809265137,4.199999809265137,260967
2023-01-25,4.170000076293945,4.199999809265137,4.034999847412109,4.079999923706055,4.079999923706055,216053
2023-01-26,4.199999809265137,4.275000095367432,4.050000190734863,4.15500020980835,4.15500020980835,262253
2023-01-27,4.139999866485596,4.215000152587891,4.065000057220459,4.125,4.125,190487
2023-01-30,4.125,4.125,3.990000009536743,4.005000114440918,4.005000114440918,188827
2023-01-31,3.9000000953674316,4.005000114440918,3.809999942779541,3.9000000953674316,3.9000000953674316,279387
2023-02-01,3.869999885559082,3.9149999618530273,3.825000047683716,3.8550000190734863,3.8550000190734863,264413
2023-02-02,3.884999990463257,3.9000000953674316,3.555000066757202,3.7799999713897705,3.7799999713897705,470413
2023-02-03,3.7950000762939453,3.869999885559082,3.7049999237060547,3.7049999237060547,3.7049999237060547,296040
2023-02-06,3.8399999141693115,3.9000000953674316,3.7200000286102295,3.75,3.75,362140
2023-02-07,3.7049999237060547,3.825000047683716,3.5999999046325684,3.674999952316284,3.674999952316284,286733
2023-02-08,3.690000057220459,4.275000095367432,3.674999952316284,4.079999923706055,4.079999923706055,811160
2023-02-09,4.050000190734863,4.15500020980835,3.7200000286102295,3.734999895095825,3.734999895095825,252500
2023-02-10,3.8550000190734863,3.9600000381469727,3.5999999046325684,3.9149999618530273,3.9149999618530273,417860
2023-02-13,3.869999885559082,5.369999885559082,3.869999885559082,5.369999885559082,5.369999885559082,1942100
2023-02-14,4.829999923706055,5.625,4.800000190734863,5.324999809265137,5.324999809265137,1097273
2023-02-15,5.715000152587891,5.715000152587891,3.5850000381469727,4.110000133514404,4.110000133514404,2577327
2023-02-16,4.034999847412109,4.050000190734863,3.75,3.7799999713897705,3.7799999713897705,1071507
2023-02-17,3.75,3.7950000762939453,3.5999999046325684,3.630000114440918,3.630000114440918,761187
2023-02-21,3.5999999046325684,3.6600000858306885,3.1500000953674316,3.315000057220459,3.315000057220459,948673
2023-02-22,3.255000114440918,3.5999999046325684,3.194999933242798,3.240000009536743,3.240000009536743,467200
2023-02-23,3.2850000858306885,3.299999952316284,3.0450000762939453,3.1500000953674316,3.1500000953674316,460240
2023-02-24,3.194999933242798,3.2100000381469727,3.0450000762939453,3.0899999141693115,3.0899999141693115,413133
2023-02-27,3.134999990463257,3.240000009536743,2.924999952316284,3.0,3.0,519247
2023-02-28,3.0,3.059999942779541,2.940000057220459,2.984999895095825,2.984999895095825,333853
2023-03-01,3.0,3.015000104904175,2.940000057220459,2.984999895095825,2.984999895095825,345527
2023-03-02,2.940000057220459,2.984999895095825,2.8499999046325684,2.940000057220459,2.940000057220459,457413
2023-03-03,2.940000057220459,3.119999885559082,2.8949999809265137,3.0,3.0,544580
2023-03-06,3.0,3.1500000953674316,2.8499999046325684,2.865000009536743,2.865000009536743,424760
2023-03-07,2.880000114440918,2.924999952316284,2.759999990463257,2.819999933242798,2.819999933242798,314220
2023-03-08,2.8499999046325684,2.8949999809265137,2.700000047683716,2.759999990463257,2.759999990463257,539627
2023-03-09,2.819999933242798,2.8499999046325684,2.640000104904175,2.640000104904175,2.640000104904175,284407
2023-03-10,2.640000104904175,2.640000104904175,2.369999885559082,2.549999952316284,2.549999952316284,581700
2023-03-13,2.4749999046325684,2.549999952316284,2.325000047683716,2.505000114440918,2.505000114440918,749207
2023-03-14,2.759999990463257,3.0,2.430000066757202,2.5350000858306885,2.5350000858306885,1411873
2023-03-15,2.4600000381469727,2.490000009536743,2.325000047683716,2.384999990463257,2.384999990463257,509493
2023-03-16,2.3399999141693115,2.444999933242798,2.265000104904175,2.4149999618530273,2.4149999618530273,285140
2023-03-17,2.430000066757202,2.625,2.369999885559082,2.4000000953674316,2.4000000953674316,273347
2023-03-20,2.265000104904175,2.4000000953674316,2.25,2.4000000953674316,2.4000000953674316,220333
2023-03-21,2.4149999618530273,2.609999895095825,2.4149999618530273,2.549999952316284,2.549999952316284,209893
2023-03-22,2.609999895095825,2.819999933242798,2.565000057220459,2.6549999713897705,2.6549999713897705,357453
2023-03-23,2.640000104904175,2.700000047683716,2.444999933242798,2.4749999046325684,2.4749999046325684,215980
2023-03-24,2.4749999046325684,2.565000057220459,2.4000000953674316,2.549999952316284,2.549999952316284,161220
2023-03-27,2.8350000381469727,3.630000114440918,2.5799999237060547,3.134999990463257,3.134999990463257,3982173
2023-03-28,3.0899999141693115,3.4049999713897705,2.7899999618530273,2.924999952316284,2.924999952316284,1333673
2023-03-29,3.0,3.059999942779541,2.819999933242798,2.9100000858306885,2.9100000858306885,616847
2023-03-30,2.865000009536743,2.8949999809265137,2.7300000190734863,2.759999990463257,2.759999990463257,505793
2023-03-31,2.8499999046325684,2.9100000858306885,2.7149999141693115,2.9100000858306885,2.9100000858306885,439680
2023-04-03,3.4049999713897705,3.5999999046325684,3.0450000762939453,3.1050000190734863,3.1050000190734863,3474000
2023-04-04,3.059999942779541,3.1500000953674316,2.8949999809265137,3.015000104904175,3.015000104904175,856860
2023-04-05,2.9549999237060547,3.075000047683716,2.865000009536743,2.940000057220459,2.940000057220459,381400
2023-04-06,2.8949999809265137,3.2850000858306885,2.8499999046325684,3.1649999618530273,3.1649999618530273,637020
2023-04-10,3.2249999046325684,3.2249999046325684,3.0299999713897705,3.1649999618530273,3.1649999618530273,260387
2023-04-11,3.180000066757202,3.4200000762939453,3.180000066757202,3.240000009536743,3.240000009536743,641587
2023-04-12,3.255000114440918,3.434999942779541,3.1500000953674316,3.359999895095825,3.359999895095825,541013
2023-04-13,3.4800000190734863,3.5999999046325684,3.0,3.2699999809265137,3.2699999809265137,675473
2023-04-14,3.255000114440918,3.299999952316284,2.8499999046325684,2.8949999809265137,2.8949999809265137,1001320
2023-04-17,3.0,3.0,2.8499999046325684,2.9100000858306885,2.9100000858306885,337707
2023-04-18,2.8499999046325684,3.075000047683716,2.8499999046325684,3.059999942779541,3.059999942779541,323787
2023-04-19,3.0,3.0299999713897705,2.8949999809265137,2.924999952316284,2.924999952316284,254607
2023-04-20,2.924999952316284,2.984999895095825,2.8949999809265137,2.940000057220459,2.940000057220459,170287
2023-04-21,2.924999952316284,3.0,2.880000114440918,2.984999895095825,2.984999895095825,169953
2023-04-24,3.0899999141693115,3.0899999141693115,2.880000114440918,3.0,3.0,152540
2023-04-25,2.924999952316284,3.0,2.880000114440918,2.984999895095825,2.984999895095825,259387
2023-04-26,2.549999952316284,2.7899999618530273,2.325000047683716,2.5199999809265137,2.5199999809265137,1153413
2023-04-27,2.444999933242798,2.6700000762939453,2.444999933242798,2.5199999809265137,2.5199999809265137,427760
2023-04-28,2.4700000286102295,2.690000057220459,2.359999895095825,2.6500000953674316,2.6500000953674316,768500
2023-05-01,2.5999999046325684,2.630000114440918,2.4700000286102295,2.559999942779541,2.559999942779541,443600
2023-05-02,2.450000047683716,2.4690001010894775,2.2100000381469727,2.2300000190734863,2.2300000190734863,828400
2023-05-03,2.2100000381469727,2.299999952316284,2.1500000953674316,2.1500000953674316,2.1500000953674316,423100
2023-05-04,2.200000047683716,2.259999990463257,2.0799999237060547,2.140000104904175,2.140000104904175,564800
2023-05-05,2.1600000858306885,2.5,2.1600000858306885,2.4000000953674316,2.4000000953674316,707000
2023-05-08,3.009999990463257,3.380000114440918,2.8299999237060547,3.119999885559082,3.119999885559082,10630700
2023-05-09,3.0299999713897705,3.119999885559082,2.799999952316284,2.990000009536743,2.990000009536743,1217000
2023-05-10,3.009999990463257,3.569999933242798,2.990000009536743,3.4700000286102295,3.4700000286102295,2196000
2023-05-11,3.490000009536743,3.5899999141693115,3.1500000953674316,3.1500000953674316,3.1500000953674316,1285800
2023-05-12,3.1600000858306885,3.5199999809265137,3.1500000953674316,3.4200000762939453,3.4200000762939453,685100
2023-05-15,3.390000104904175,3.5199999809265137,3.2699999809265137,3.4800000190734863,3.4800000190734863,589100
2023-05-16,3.4700000286102295,3.8499999046325684,3.380000114440918,3.819999933242798,3.819999933242798,1403900
2023-05-17,3.9000000953674316,3.950000047683716,3.619999885559082,3.700000047683716,3.700000047683716,1076600
2023-05-18,3.700000047683716,3.739000082015991,3.5,3.5299999713897705,3.5299999713897705,721200
2023-05-19,3.5399999618530273,3.6500000953674316,3.390000104904175,3.4600000381469727,3.4600000381469727,562800
2023-05-22,3.4700000286102295,3.9600000381469727,3.4600000381469727,3.8499999046325684,3.8499999046325684,921300
2023-05-23,3.859999895095825,3.9100000858306885,3.6600000858306885,3.7300000190734863,3.7300000190734863,432000
2023-05-24,3.740000009536743,3.7750000953674316,3.569999933242798,3.690000057220459,3.690000057220459,356400
2023-05-25,3.6500000953674316,3.680000066757202,3.319999933242798,3.450000047683716,3.450000047683716,502600
2023-05-26,3.5,3.549999952316284,3.431999921798706,3.5,3.5,277100
2023-05-30,3.5,3.549999952316284,3.3299999237060547,3.390000104904175,3.390000104904175,367300
2023-05-31,3.309999942779541,3.430000066757202,3.25,3.3499999046325684,3.3499999046325684,316600
2023-06-01,3.3299999237060547,3.559999942779541,3.319999933242798,3.4600000381469727,3.4600000381469727,276700
2023-06-02,3.4800000190734863,3.7899999618530273,3.4619998931884766,3.700000047683716,3.700000047683716,435100
2023-06-05,3.759999990463257,3.940000057220459,3.5199999809265137,3.5799999237060547,3.5799999237060547,608300
2023-06-06,3.5,3.8399999141693115,3.4600000381469727,3.8399999141693115,3.8399999141693115,361000
2023-06-07,3.8399999141693115,4.079999923706055,3.7899999618530273,4.0,4.0,834800
2023-06-08,3.9600000381469727,4.059000015258789,3.8299999237060547,3.9600000381469727,3.9600000381469727,412500
2023-06-09,3.880000114440918,4.099999904632568,3.880000114440918,4.059999942779541,4.059999942779541,430800
2023-06-12,4.010000228881836,4.289999961853027,3.859999895095825,4.269999980926514,4.269999980926514,556400
2023-06-13,4.400000095367432,4.5,4.320000171661377,4.380000114440918,4.380000114440918,480600
2023-06-14,4.409999847412109,4.429999828338623,3.819999933242798,3.9800000190734863,3.9800000190734863,728200
2023-06-15,3.950000047683716,4.269999980926514,3.930000066757202,4.239999771118164,4.239999771118164,466700
2023-06-16,4.289999961853027,4.525000095367432,4.159999847412109,4.320000171661377,4.320000171661377,740800
2023-06-20,4.230000019073486,4.340000152587891,4.050000190734863,4.320000171661377,4.320000171661377,351600
2023-06-21,4.199999809265137,4.440000057220459,4.139999866485596,4.349999904632568,4.349999904632568,415900
2023-06-22,3.7799999713897705,3.9000000953674316,3.6040000915527344,3.8499999046325684,3.8499999046325684,506500
2023-06-23,3.799999952316284,3.8259999752044678,3.2709999084472656,3.315000057220459,3.315000057220459,1068200
2023-06-26,3.3499999046325684,3.3499999046325684,3.0999999046325684,3.2100000381469727,3.2100000381469727,409400
2023-06-27,3.2100000381469727,3.259999990463257,2.940000057220459,3.130000114440918,3.130000114440918,663100
2023-06-28,3.119999885559082,3.190000057220459,2.9839999675750732,3.1600000858306885,3.1600000858306885,542400
2023-06-29,3.0999999046325684,3.1500000953674316,2.880000114440918,2.9000000953674316,2.9000000953674316,590700
2023-06-30,2.940000057220459,3.1700000762939453,2.9000000953674316,3.0799999237060547,3.0799999237060547,453100
2023-07-03,3.140000104904175,3.3499999046325684,3.130000114440918,3.299999952316284,3.299999952316284,236700
2023-07-05,3.240000009536743,3.368000030517578,3.2100000381469727,3.2899999618530273,3.2899999618530273,271500
2023-07-06,3.2200000286102295,3.240000009536743,3.0,3.059999942779541,3.059999942779541,351800
2023-07-07,3.0799999237060547,3.299999952316284,2.680000066757202,2.869999885559082,2.869999885559082,1561300
2023-07-10,2.9700000286102295,3.059999942779541,2.9100000858306885,2.940000057220459,2.940000057220459,472300
2023-07-11,2.9700000286102295,3.140000104904175,2.880000114440918,3.0899999141693115,3.0899999141693115,669600
2023-07-12,3.1500000953674316,3.1500000953674316,2.9700000286102295,3.049999952316284,3.049999952316284,397800
2023-07-13,3.069999933242798,3.1700000762939453,3.009999990463257,3.059999942779541,3.059999942779541,445600
2023-07-14,3.059999942779541,3.0799999237060547,2.869999885559082,2.9700000286102295,2.9700000286102295,419100
2023-07-17,2.9000000953674316,2.9700000286102295,2.6649999618530273,2.7200000286102295,2.7200000286102295,1033300
2023-07-18,2.7799999713897705,2.799999952316284,2.609999895095825,2.6549999713897705,2.6549999713897705,533700
2023-07-19,2.640000104904175,2.809999942779541,2.630000114440918,2.7200000286102295,2.7200000286102295,680600
2023-07-20,2.740000009536743,2.869999885559082,2.690000057220459,2.7100000381469727,2.7100000381469727,544800
2023-07-21,2.75,2.759999990463257,2.690000057220459,2.7200000286102295,2.7200000286102295,262200
2023-07-24,2.7100000381469727,2.75,2.640000104904175,2.7200000286102295,2.7200000286102295,427400
2023-07-25,2.680000066757202,2.7699999809265137,2.6700000762939453,2.7100000381469727,2.7100000381469727,540000
2023-07-26,2.6500000953674316,2.743000030517578,2.6500000953674316,2.7100000381469727,2.7100000381469727,211200
2023-07-27,2.740000009536743,2.7799999713897705,2.640000104904175,2.6500000953674316,2.6500000953674316,363700
2023-07-28,2.6700000762939453,2.700000047683716,2.5910000801086426,2.700000047683716,2.700000047683716,345500
2023-07-31,2.7300000190734863,2.890000104904175,2.690000057220459,2.8299999237060547,2.8299999237060547,539900
2023-08-01,2.7799999713897705,2.884999990463257,2.740000009536743,2.869999885559082,2.869999885559082,315200
2023-08-02,2.869999885559082,2.869999885559082,2.7799999713897705,2.819999933242798,2.819999933242798,211600
2023-08-03,2.809999942779541,2.869999885559082,2.740000009536743,2.819999933242798,2.819999933242798,191300
2023-08-04,2.819999933242798,2.950000047683716,2.819999933242798,2.8399999141693115,2.8399999141693115,558700
2023-08-07,2.8399999141693115,2.869999885559082,2.750999927520752,2.819999933242798,2.819999933242798,370400
2023-08-08,2.8499999046325684,3.1449999809265137,2.809999942779541,3.049999952316284,3.049999952316284,942800
2023-08-09,3.0899999141693115,3.1700000762939453,3.0,3.0399999618530273,3.0399999618530273,641700
2023-08-10,3.2300000190734863,3.2799999713897705,2.5299999713897705,2.5350000858306885,2.5350000858306885,1924100
2023-08-11,1.899999976158142,1.899999976158142,1.5299999713897705,1.6299999952316284,1.6299999952316284,6686900
2023-08-14,1.659999966621399,1.7200000286102295,1.4600000381469727,1.5199999809265137,1.5199999809265137,2364300
2023-08-15,1.5,1.5160000324249268,1.3600000143051147,1.399999976158142,1.399999976158142,1474500
2023-08-16,1.4299999475479126,1.4299999475479126,1.3380000591278076,1.3600000143051147,1.3600000143051147,1028100
2023-08-17,1.3700000047683716,1.3899999856948853,1.1799999475479126,1.2100000381469727,1.2100000381469727,2722000
2023-08-18,1.1799999475479126,1.3300000429153442,1.1799999475479126,1.3200000524520874,1.3200000524520874,1648100
2023-08-21,1.3799999952316284,1.3880000114440918,1.2599999904632568,1.2999999523162842,1.2999999523162842,1802600
2023-08-22,1.309999942779541,1.3250000476837158,1.2200000286102295,1.2599999904632568,1.2599999904632568,590800
2023-08-23,1.2599999904632568,1.340000033378601,1.2300000190734863,1.3300000429153442,1.3300000429153442,459400
2023-08-24,1.3300000429153442,1.340000033378601,1.2799999713897705,1.2899999618530273,1.2899999618530273,329600
2023-08-25,1.2799999713897705,1.3300000429153442,1.2699999809265137,1.2999999523162842,1.2999999523162842,267000
2023-08-28,1.2999999523162842,1.3300000429153442,1.2899999618530273,1.3200000524520874,1.3200000524520874,392700
2023-08-29,1.2999999523162842,1.3700000047683716,1.2799999713897705,1.350000023841858,1.350000023841858,421800
2023-08-30,1.350000023841858,1.4199999570846558,1.340000033378601,1.350000023841858,1.350000023841858,572700
2023-08-31,1.3700000047683716,1.3799999952316284,1.3300000429153442,1.350000023841858,1.350000023841858,408500
2023-09-01,1.3899999856948853,1.5099999904632568,1.3700000047683716,1.4700000286102295,1.4700000286102295,1451500
2023-09-05,1.5199999809265137,1.5549999475479126,1.4199999570846558,1.440000057220459,1.440000057220459,1226500
2023-09-06,1.409999966621399,1.4299999475479126,1.3600000143051147,1.3700000047683716,1.3700000047683716,426900
2023-09-07,1.5099999904632568,1.5099999904632568,1.2999999523162842,1.4299999475479126,1.4299999475479126,2542100
2023-09-08,1.4600000381469727,1.4800000190734863,1.399999976158142,1.440000057220459,1.440000057220459,646300
2023-09-11,1.4199999570846558,1.4299999475479126,1.3300000429153442,1.3600000143051147,1.3600000143051147,771300
2023-09-12,1.3600000143051147,1.4249999523162842,1.3350000381469727,1.3899999856948853,1.3899999856948853,837500
2023-09-13,1.399999976158142,1.399999976158142,1.309999942779541,1.340000033378601,1.340000033378601,850600
2023-09-14,1.3600000143051147,1.3949999809265137,1.350000023841858,1.3600000143051147,1.3600000143051147,499900
2023-09-15,1.3899999856948853,1.3899999856948853,1.3300000429153442,1.3700000047683716,1.3700000047683716,347300
2023-09-18,1.3700000047683716,1.399999976158142,1.350000023841858,1.3600000143051147,1.3600000143051147,407400
2023-09-19,1.399999976158142,1.4600000381469727,1.3700000047683716,1.4600000381469727,1.4600000381469727,854300
2023-09-20,1.4600000381469727,1.5199999809265137,1.4299999475479126,1.4700000286102295,1.4700000286102295,727900
2023-09-21,1.4800000190734863,1.559999942779541,1.440000057220459,1.4800000190734863,1.4800000190734863,1328100
2023-09-22,1.4900000095367432,1.5299999713897705,1.4800000190734863,1.5099999904632568,1.5099999904632568,361900
2023-09-25,1.5099999904632568,1.5240000486373901,1.440000057220459,1.5,1.5,611700
2023-09-26,1.4600000381469727,1.590000033378601,1.4500000476837158,1.5299999713897705,1.5299999713897705,727500
2023-09-27,1.5399999618530273,1.6100000143051147,1.5,1.5099999904632568,1.5099999904632568,1084200
2023-09-28,1.5499999523162842,1.5700000524520874,1.5,1.5399999618530273,1.5399999618530273,851800
2023-09-29,1.5800000429153442,1.590000033378601,1.5199999809265137,1.5800000429153442,1.5800000429153442,671000
2023-10-02,1.5800000429153442,1.659999966621399,1.5399999618530273,1.6399999856948853,1.6399999856948853,1023200
2023-10-03,1.6399999856948853,1.6699999570846558,1.590000033378601,1.6699999570846558,1.6699999570846558,443400
2023-10-04,1.649999976158142,1.649999976158142,1.5499999523162842,1.6299999952316284,1.6299999952316284,730500
2023-10-05,1.600000023841858,1.690000057220459,1.5800000429153442,1.659999966621399,1.659999966621399,548900
2023-10-06,1.6699999570846558,1.6950000524520874,1.6200000047683716,1.649999976158142,1.649999976158142,556800
2023-10-09,1.6799999475479126,1.850000023841858,1.659999966621399,1.840000033378601,1.840000033378601,2523000
2023-10-10,1.850000023841858,1.8700000047683716,1.7300000190734863,1.8200000524520874,1.8200000524520874,1455500
2023-10-11,1.809999942779541,1.8600000143051147,1.774999976158142,1.809999942779541,1.809999942779541,1125800
2023-10-12,1.7899999618530273,1.8300000429153442,1.7200000286102295,1.7999999523162842,1.7999999523162842,871400
2023-10-13,1.809999942779541,1.8600000143051147,1.7799999713897705,1.8600000143051147,1.8600000143051147,958900
2023-10-16,1.899999976158142,1.9500000476837158,1.8300000429153442,1.9199999570846558,1.9199999570846558,904300
2023-10-17,1.9500000476837158,1.9500000476837158,1.8600000143051147,1.8799999952316284,1.8799999952316284,835600
2023-10-18,1.8899999856948853,1.940000057220459,1.809999942779541,1.8600000143051147,1.8600000143051147,1008000
2023-10-19,1.840000033378601,1.840000033378601,1.5700000524520874,1.590000033378601,1.590000033378601,1672400
2023-10-20,1.600000023841858,1.7699999809265137,1.600000023841858,1.7200000286102295,1.7200000286102295,792300
2023-10-23,1.7200000286102295,1.7489999532699585,1.5399999618530273,1.6100000143051147,1.6100000143051147,886400
2023-10-24,1.6200000047683716,1.6299999952316284,1.5399999618530273,1.600000023841858,1.600000023841858,713100
2023-10-25,1.600000023841858,1.7000000476837158,1.4600000381469727,1.590000033378601,1.590000033378601,1369300
2023-10-26,1.590000033378601,1.6399999856948853,1.5499999523162842,1.6299999952316284,1.6299999952316284,441800
2023-10-27,1.6299999952316284,1.659999966621399,1.5700000524520874,1.5800000429153442,1.5800000429153442,351200
2023-10-30,1.600000023841858,1.6299999952316284,1.5499999523162842,1.600000023841858,1.600000023841858,602200
2023-10-31,1.6100000143051147,1.7000000476837158,1.6100000143051147,1.6699999570846558,1.6699999570846558,676100
2023-11-01,1.6699999570846558,1.7000000476837158,1.649999976158142,1.690000057220459,1.690000057220459,212200
2023-11-02,1.6799999475479126,1.75,1.6799999475479126,1.7200000286102295,1.7200000286102295,360800
2023-11-03,1.7000000476837158,1.7599999904632568,1.7000000476837158,1.7300000190734863,1.7300000190734863,408800
2023-11-06,1.7400000095367432,1.7400000095367432,1.590000033378601,1.6299999952316284,1.6299999952316284,1483900
2023-11-07,1.6100000143051147,1.649999976158142,1.4900000095367432,1.6100000143051147,1.6100000143051147,478600
2023-11-08,1.5800000429153442,1.649999976158142,1.562999963760376,1.6200000047683716,1.6200000047683716,330700
2023-11-09,1.6200000047683716,1.6799999475479126,1.590000033378601,1.600000023841858,1.600000023841858,291900
2023-11-10,1.6200000047683716,1.7000000476837158,1.600000023841858,1.659999966621399,1.659999966621399,485500
2023-11-13,1.659999966621399,1.7200000286102295,1.6399999856948853,1.6399999856948853,1.6399999856948853,329600
2023-11-14,1.649999976158142,1.6749999523162842,1.6100000143051147,1.6399999856948853,1.6399999856948853,339900
2023-11-15,1.6299999952316284,1.6799999475479126,1.5,1.5299999713897705,1.5299999713897705,1007800
2023-11-16,1.5399999618530273,1.6200000047683716,1.5199999809265137,1.5700000524520874,1.5700000524520874,569400
2023-11-17,1.5700000524520874,1.590000033378601,1.5499999523162842,1.559999942779541,1.559999942779541,181800
2023-11-20,1.5700000524520874,1.6100000143051147,1.5,1.5099999904632568,1.5099999904632568,572900
2023-11-21,1.5399999618530273,1.5399999618530273,1.440000057220459,1.4900000095367432,1.4900000095367432,607200
2023-11-22,1.4900000095367432,1.590000033378601,1.440000057220459,1.5700000524520874,1.5700000524520874,340800
2023-11-24,1.590000033378601,1.6670000553131104,1.5679999589920044,1.590000033378601,1.590000033378601,289000
2023-11-27,1.6200000047683716,1.6699999570846558,1.5870000123977661,1.649999976158142,1.649999976158142,447700
2023-11-28,1.6299999952316284,1.659999966621399,1.5800000429153442,1.6100000143051147,1.6100000143051147,298000
2023-11-29,1.600000023841858,1.6799999475479126,1.600000023841858,1.659999966621399,1.659999966621399,354400
2023-11-30,1.6799999475479126,1.7300000190734863,1.6399999856948853,1.659999966621399,1.659999966621399,537500
2023-12-01,1.6699999570846558,1.75,1.6399999856948853,1.7200000286102295,1.7200000286102295,496500
2023-12-04,1.7300000190734863,1.7899999618530273,1.7100000381469727,1.7200000286102295,1.7200000286102295,496600
2023-12-05,1.7200000286102295,1.7999999523162842,1.715000033378601,1.75,1.75,224900
2023-12-06,1.7699999809265137,1.7999999523162842,1.7100000381469727,1.7400000095367432,1.7400000095367432,504900
2023-12-07,1.7599999904632568,1.8200000524520874,1.7300000190734863,1.7799999713897705,1.7799999713897705,384700
2023-12-08,1.7899999618530273,1.8799999952316284,1.7799999713897705,1.840000033378601,1.840000033378601,473300
2023-12-11,1.809999942779541,1.8600000143051147,1.7799999713897705,1.840000033378601,1.840000033378601,580800
2023-12-12,1.9199999570846558,2.0999999046325684,1.8799999952316284,2.0399999618530273,2.0399999618530273,1410800
2023-12-13,2.049999952316284,2.2200000286102295,1.9700000286102295,2.1700000762939453,2.1700000762939453,1074600
2023-12-14,2.140000104904175,2.2300000190734863,2.1010000705718994,2.140000104904175,2.140000104904175,924400
2023-12-15,2.1700000762939453,2.200000047683716,2.069999933242798,2.140000104904175,2.140000104904175,479900
2023-12-18,2.259999990463257,2.4700000286102295,2.180000066757202,2.3299999237060547,2.3299999237060547,1699400
2023-12-19,2.369999885559082,2.380000114440918,2.1649999618530273,2.240000009536743,2.240000009536743,769300
2023-12-20,2.2300000190734863,2.559999942779541,2.2149999141693115,2.4000000953674316,2.4000000953674316,1301300
2023-12-21,2.4700000286102295,2.559999942779541,2.4100000858306885,2.490000009536743,2.490000009536743,957300
2023-12-22,2.619999885559082,2.9100000858306885,2.559999942779541,2.809999942779541,2.809999942779541,1703600
2023-12-26,2.8499999046325684,2.930000066757202,2.7200000286102295,2.859999895095825,2.859999895095825,989800
2023-12-27,2.9000000953674316,2.9000000953674316,2.7049999237060547,2.7899999618530273,2.7899999618530273,621300
2023-12-28,2.7899999618530273,2.880000114440918,2.690000057220459,2.690000057220459,2.690000057220459,485200
2023-12-29,2.700000047683716,2.700000047683716,2.505000114440918,2.640000104904175,2.640000104904175,1153500
2024-01-02,2.640000104904175,2.950000047683716,2.615000009536743,2.740000009536743,2.740000009536743,1113100
2024-01-03,2.700000047683716,3.0199999809265137,2.619999885559082,2.819999933242798,2.819999933242798,1087600
2024-01-04,2.8499999046325684,3.009999990463257,2.765000104904175,2.890000104904175,2.890000104904175,727200
2024-01-05,2.940000057220459,3.0190000534057617,2.8299999237060547,2.859999895095825,2.859999895095825,640600
2024-01-08,2.819999933242798,2.934999942779541,2.7300000190734863,2.9000000953674316,2.9000000953674316,692100
2024-01-09,3.009999990463257,3.255000114440918,3.009999990463257,3.130000114440918,3.130000114440918,1152900
2024-01-10,3.130000114440918,3.130000114440918,2.9200000762939453,3.0,3.0,644300
2024-01-11,3.0,3.059999942779541,2.940000057220459,2.9700000286102295,2.9700000286102295,438600
2024-01-12,3.049999952316284,3.239000082015991,2.950000047683716,2.9600000381469727,2.9600000381469727,720100
2024-01-16,3.0399999618530273,3.0899999141693115,2.799999952316284,3.0199999809265137,3.0199999809265137,744700
2024-01-17,3.0199999809265137,3.119999885559082,3.005000114440918,3.049999952316284,3.049999952316284,579700
2024-01-18,3.0299999713897705,3.3499999046325684,3.0299999713897705,3.3299999237060547,3.3299999237060547,1381300
2024-01-19,3.2799999713897705,3.319999933242798,3.0999999046325684,3.180000066757202,3.180000066757202,563500
2024-01-22,3.174999952316284,3.2899999618530273,3.069999933242798,3.2200000286102295,3.2200000286102295,700800
2024-01-23,3.200000047683716,3.259999990463257,3.140000104904175,3.200000047683716,3.200000047683716,310700
2024-01-24,3.240000009536743,3.5950000286102295,3.240000009536743,3.569999933242798,3.569999933242798,1181200
2024-01-25,3.549999952316284,3.609999895095825,3.380000114440918,3.4100000858306885,3.4100000858306885,969900
2024-01-26,3.5299999713897705,3.559999942779541,3.299999952316284,3.369999885559082,3.369999885559082,697100
2024-01-29,3.3399999141693115,3.4600000381469727,3.2950000762939453,3.369999885559082,3.369999885559082,532700
2024-01-30,3.4000000953674316,3.490000009536743,3.309999942779541,3.4600000381469727,3.4600000381469727,695000
2024-01-31,3.390000104904175,3.490000009536743,3.3299999237060547,3.4000000953674316,3.4000000953674316,455500
2024-02-01,3.4100000858306885,3.569999933242798,3.140000104904175,3.319999933242798,3.319999933242798,1106700
2024-02-02,3.3399999141693115,3.3399999141693115,2.9700000286102295,3.0450000762939453,3.0450000762939453,1003100
2024-02-05,3.0199999809265137,3.121999979019165,3.009999990463257,3.0299999713897705,3.0299999713897705,416900
2024-02-06,3.0199999809265137,3.319999933242798,2.9800000190734863,3.1500000953674316,3.1500000953674316,605300
2024-02-07,3.1600000858306885,3.1600000858306885,2.9649999141693115,3.0299999713897705,3.0299999713897705,517200
2024-02-08,3.0299999713897705,3.059999942779541,2.9600000381469727,2.990000009536743,2.990000009536743,317000
2024-02-09,3.009999990463257,3.0899999141693115,2.950000047683716,3.0899999141693115,3.0899999141693115,237800
2024-02-12,3.0999999046325684,3.306999921798706,3.059999942779541,3.259999990463257,3.259999990463257,382900
2024-02-13,3.180000066757202,3.190000057220459,3.0840001106262207,3.140000104904175,3.140000104904175,534400
2024-02-14,3.2300000190734863,3.319999933242798,3.1649999618530273,3.190000057220459,3.190000057220459,345100
2024-02-15,3.2200000286102295,3.299999952316284,3.190000057220459,3.25,3.25,214500
2024-02-16,3.2100000381469727,3.309999942779541,3.1500000953674316,3.2200000286102295,3.2200000286102295,420800
2024-02-20,3.2200000286102295,3.2200000286102295,3.015000104904175,3.049999952316284,3.049999952316284,552100
2024-02-21,3.059999942779541,3.0999999046325684,2.9489998817443848,3.009999990463257,3.009999990463257,307600
2024-02-22,2.990000009536743,3.0299999713897705,2.859999895095825,2.869999885559082,2.869999885559082,434800
2024-02-23,2.8399999141693115,2.950000047683716,2.819999933242798,2.869999885559082,2.869999885559082,400000
2024-02-26,2.880000114440918,3.130000114440918,2.869999885559082,3.059999942779541,3.059999942779541,478300
2024-02-27,3.109999895095825,3.1500000953674316,3.0399999618530273,3.0899999141693115,3.0899999141693115,515300
2024-02-28,3.069999933242798,3.240999937057495,3.059999942779541,3.190000057220459,3.190000057220459,489300
2024-02-29,3.2300000190734863,3.3299999237060547,3.109999895095825,3.130000114440918,3.130000114440918,345000
2024-03-01,3.119999885559082,3.1549999713897705,3.009999990463257,3.0299999713897705,3.0299999713897705,398400
2024-03-04,3.0899999141693115,3.0980000495910645,2.9200000762939453,3.009999990463257,3.009999990463257,488600
2024-03-05,2.9600000381469727,3.0399999618530273,2.9149999618530273,2.940000057220459,2.940000057220459,266100
2024-03-06,2.9100000858306885,3.009999990463257,2.7799999713897705,2.990000009536743,2.990000009536743,499700
2024-03-07,3.009999990463257,3.1500000953674316,2.9709999561309814,3.140000104904175,3.140000104904175,883800
2024-03-08,3.1500000953674316,3.23799991607666,3.0799999237060547,3.0999999046325684,3.0999999046325684,290900
2024-03-11,3.0899999141693115,3.125,3.059999942779541,3.0999999046325684,3.0999999046325684,137300
2024-03-12,3.069999933242798,3.200000047683716,3.059999942779541,3.1600000858306885,3.1600000858306885,392600
2024-03-13,3.190000057220459,3.440000057220459,3.180000066757202,3.4000000953674316,3.4000000953674316,767600
2024-03-14,3.4000000953674316,3.4000000953674316,3.0199999809265137,3.180000066757202,3.180000066757202,621200
2024-03-15,3.2100000381469727,3.2300000190734863,3.0799999237060547,3.0899999141693115,3.0899999141693115,332500
2024-03-18,3.049999952316284,3.0899999141693115,2.990000009536743,3.0,3.0,276000
2024-03-19,3.0,3.109999895095825,2.9800000190734863,3.0299999713897705,3.0299999713897705,291500
2024-03-20,3.0199999809265137,3.1500000953674316,2.992000102996826,3.109999895095825,3.109999895095825,193100
2024-03-21,3.0999999046325684,3.1549999713897705,3.0799999237060547,3.140000104904175,3.140000104904175,202700
2024-03-22,3.130000114440918,3.130000114440918,3.0799999237060547,3.0999999046325684,3.0999999046325684,91400
2024-03-25,3.119999885559082,3.1500000953674316,2.990000009536743,3.0299999713897705,3.0299999713897705,351200
2024-03-26,3.0399999618530273,3.049999952316284,2.990000009536743,3.0,3.0,135700
2024-03-27,3.009999990463257,3.1449999809265137,2.9800000190734863,3.0999999046325684,3.0999999046325684,248800
2024-03-28,3.069999933242798,3.200000047683716,3.069999933242798,3.130000114440918,3.130000114440918,327700
2024-04-01,3.2200000286102295,3.309999942779541,3.140000104904175,3.2300000190734863,3.2300000190734863,579900
2024-04-02,3.2200000286102295,3.490000009536743,3.2200000286102295,3.4600000381469727,3.4600000381469727,790100
2024-04-03,3.5,3.559999942779541,3.369999885559082,3.4100000858306885,3.4100000858306885,586700
2024-04-04,3.4600000381469727,3.4600000381469727,3.2300000190734863,3.2799999713897705,3.2799999713897705,429400
2024-04-05,3.309999942779541,3.700000047683716,3.305000066757202,3.680000066757202,3.680000066757202,1269500
2024-04-08,3.75,4.059999942779541,3.615000009536743,3.630000114440918,3.630000114440918,2018600
2024-04-09,3.6600000858306885,3.7300000190734863,3.380000114440918,3.4000000953674316,3.4000000953674316,798800
2024-04-10,3.319999933242798,3.5999999046325684,3.319999933242798,3.559999942779541,3.559999942779541,498200
2024-04-11,3.6500000953674316,3.7799999713897705,3.615999937057495,3.75,3.75,637300
2024-04-12,3.880000114440918,4.079999923706055,3.509999990463257,3.5999999046325684,3.5999999046325684,3005800
2024-04-15,3.569999933242798,3.680000066757202,3.319999933242798,3.390000104904175,3.390000104904175,1091600
2024-04-16,3.3299999237060547,3.359999895095825,3.1700000762939453,3.319999933242798,3.319999933242798,771900
2024-04-17,3.390000104904175,3.390000104904175,3.255000114440918,3.2699999809265137,3.2699999809265137,289900
2024-04-18,3.2699999809265137,3.3550000190734863,3.190000057220459,3.200000047683716,3.200000047683716,308800
2024-04-19,3.25,3.450000047683716,3.25,3.359999895095825,3.359999895095825,549000
2024-04-22,3.319999933242798,3.3299999237060547,3.240000009536743,3.25,3.25,322400
2024-04-23,3.240000009536743,3.319999933242798,3.2200000286102295,3.2899999618530273,3.2899999618530273,285900
2024-04-24,3.299999952316284,3.430000066757202,3.2300000190734863,3.430000066757202,3.430000066757202,406100
2024-04-25,3.309999942779541,3.5,3.2799999713897705,3.4600000381469727,3.4600000381469727,494700
2024-04-26,3.4600000381469727,3.5799999237060547,3.4260001182556152,3.569999933242798,3.569999933242798,281600
2024-04-29,3.5299999713897705,3.75,3.5299999713897705,3.740000009536743,3.740000009536743,424600
2024-04-30,3.690000057220459,3.740000009536743,3.619999885559082,3.690000057220459,3.690000057220459,385300
2024-05-01,3.680000066757202,3.734999895095825,3.559999942779541,3.5850000381469727,3.5850000381469727,338400
2024-05-02,3.5899999141693115,3.640000104904175,3.5399999618530273,3.609999895095825,3.609999895095825,130400
2024-05-03,3.5799999237060547,3.6549999713897705,3.509999990463257,3.509999990463257,3.509999990463257,193600
2024-05-06,3.549999952316284,3.6500000953674316,3.5199999809265137,3.569999933242798,3.569999933242798,221900
2024-05-07,3.5799999237060547,3.5899999141693115,3.4000000953674316,3.559999942779541,3.559999942779541,195600
2024-05-08,3.5799999237060547,3.680000066757202,3.559999942779541,3.619999885559082,3.619999885559082,153400
2024-05-09,3.609999895095825,3.740000009536743,3.609999895095825,3.690000057220459,3.690000057220459,259400
2024-05-10,3.690000057220459,3.7699999809265137,3.6619999408721924,3.700000047683716,3.700000047683716,208300
2024-05-13,3.7100000381469727,3.890000104904175,3.609999895095825,3.6600000858306885,3.6600000858306885,451000
2024-05-14,3.7200000286102295,3.799999952316284,3.609999895095825,3.640000104904175,3.640000104904175,336800
2024-05-15,3.640000104904175,3.684999942779541,3.575000047683716,3.5899999141693115,3.5899999141693115,394800
2024-05-16,3.8299999237060547,4.014999866485596,3.680000066757202,3.930000066757202,3.930000066757202,1493100
2024-05-17,3.9600000381469727,4.25,3.9200000762939453,4.010000228881836,4.010000228881836,1096200
2024-05-20,4.190000057220459,4.239999771118164,3.950000047683716,4.019999980926514,4.019999980926514,949900
2024-05-21,4.039999961853027,4.235000133514404,3.984999895095825,4.190000057220459,4.190000057220459,1057500
2024-05-22,4.170000076293945,4.385000228881836,4.099999904632568,4.349999904632568,4.349999904632568,1063500
2024-05-23,4.420000076293945,4.590000152587891,4.03000020980835,4.110000133514404,4.110000133514404,1627600
2024-05-24,4.119999885559082,4.28000020980835,4.054999828338623,4.28000020980835,4.28000020980835,713500
2024-05-28,4.28000020980835,4.389999866485596,4.269999980926514,4.369999885559082,4.369999885559082,168500
2024-05-29,4.329999923706055,4.340000152587891,4.179999828338623,4.300000190734863,4.300000190734863,223800
2024-05-30,4.289999961853027,4.300000190734863,4.119999885559082,4.139999866485596,4.139999866485596,411200
2024-05-31,4.139999866485596,4.199999809265137,4.034999847412109,4.110000133514404,4.110000133514404,220300
2024-06-03,4.110000133514404,4.260000228881836,4.039999961853027,4.179999828338623,4.179999828338623,542400
2024-06-04,4.170000076293945,4.170000076293945,4.050000190734863,4.079999923706055,4.079999923706055,245500
2024-06-05,4.090000152587891,4.105000019073486,3.755000114440918,3.880000114440918,3.880000114440918,522400
2024-06-06,3.869999885559082,3.871000051498413,3.740000009536743,3.759999990463257,3.759999990463257,248600
2024-06-07,3.759999990463257,3.8299999237060547,3.6600000858306885,3.680000066757202,3.680000066757202,374100
2024-06-10,3.680000066757202,3.8299999237060547,3.640000104904175,3.809999942779541,3.809999942779541,408000
2024-06-11,3.950000047683716,3.950000047683716,3.734999895095825,3.8499999046325684,3.8499999046325684,318200
2024-06-12,3.880000114440918,3.880000114440918,3.690999984741211,3.740000009536743,3.740000009536743,261500
2024-06-13,3.6700000762939453,3.859999895095825,3.569999933242798,3.740000009536743,3.740000009536743,305000
2024-06-14,3.7200000286102295,3.759999990463257,3.490000009536743,3.5,3.5,391400
2024-06-17,3.5,3.559999942779541,3.450000047683716,3.5,3.5,183400
2024-06-18,3.5199999809265137,3.690000057220459,3.4000000953674316,3.450000047683716,3.450000047683716,330000
2024-06-20,3.4700000286102295,3.5950000286102295,3.4549999237060547,3.5299999713897705,3.5299999713897705,311300
2024-06-21,3.5299999713897705,3.7200000286102295,3.509999990463257,3.7200000286102295,3.7200000286102295,335000
2024-06-24,3.75,3.8299999237060547,3.7200000286102295,3.7799999713897705,3.7799999713897705,224700
2024-06-25,3.8299999237060547,3.9000000953674316,3.7899999618530273,3.865000009536743,3.865000009536743,129400
2024-06-26,3.880000114440918,3.930000066757202,3.8380000591278076,3.9100000858306885,3.9100000858306885,202100
2024-06-27,3.9200000762939453,3.9489998817443848,3.7950000762939453,3.819999933242798,3.819999933242798,159600
2024-06-28,3.8299999237060547,3.934000015258789,3.799999952316284,3.880000114440918,3.880000114440918,169900
2024-07-01,3.880000114440918,3.930000066757202,3.75,3.7899999618530273,3.7899999618530273,145000
2024-07-02,3.7300000190734863,3.7899999618530273,3.7300000190734863,3.75,3.75,101600
2024-07-03,3.759999990463257,3.799999952316284,3.7320001125335693,3.7950000762939453,3.7950000762939453,79700
2024-07-05,3.7799999713897705,3.7799999713897705,3.6500000953674316,3.7200000286102295,3.7200000286102295,254600
2024-07-08,3.6700000762939453,3.740000009536743,3.640000104904175,3.7200000286102295,3.7200000286102295,180800
2024-07-09,3.740000009536743,3.740000009536743,3.5999999046325684,3.690000057220459,3.690000057220459,251800
2024-07-10,3.680000066757202,3.700000047683716,3.630000114440918,3.6500000953674316,3.6500000953674316,188500
2024-07-11,3.6500000953674316,3.680000066757202,3.619999885559082,3.630000114440918,3.630000114440918,223900
2024-07-12,3.640000104904175,3.6600000858306885,3.5999999046325684,3.630000114440918,3.630000114440918,104200
2024-07-15,3.630000114440918,3.878000020980835,3.609999895095825,3.8299999237060547,3.8299999237060547,241600
2024-07-16,3.869999885559082,3.9600000381469727,3.8299999237060547,3.9200000762939453,3.9200000762939453,198100
2024-07-17,3.9100000858306885,3.9700000286102295,3.819999933242798,3.869999885559082,3.869999885559082,109600
2024-07-18,3.9000000953674316,4.050000190734863,3.9000000953674316,4.0,4.0,320100
2024-07-19,3.990000009536743,4.170000076293945,3.8550000190734863,4.070000171661377,4.070000171661377,429700
2024-07-22,4.010000228881836,4.349999904632568,3.9600000381469727,4.269999980926514,4.269999980926514,499500
2024-07-23,4.269999980926514,4.300000190734863,4.159999847412109,4.25,4.25,352800
2024-07-24,4.25,4.25,3.9700000286102295,4.079999923706055,4.079999923706055,425200
2024-07-25,4.010000228881836,4.190000057220459,4.0,4.179999828338623,4.179999828338623,218100
2024-07-26,4.170000076293945,4.25,4.159999847412109,4.199999809265137,4.199999809265137,179900
2024-07-29,4.110000133514404,4.150000095367432,4.03000020980835,4.03000020980835,4.03000020980835,195400
2024-07-30,4.039999961853027,4.061999797821045,3.930000066757202,3.9600000381469727,3.9600000381469727,128200
2024-07-31,3.950000047683716,3.990000009536743,3.859999895095825,3.9800000190734863,3.9800000190734863,180000
2024-08-01,3.9700000286102295,4.001999855041504,3.8399999141693115,3.890000104904175,3.890000104904175,276800
2024-08-02,3.759999990463257,3.7899999618530273,3.5999999046325684,3.740000009536743,3.740000009536743,290300
2024-08-05,3.4000000953674316,3.690000057220459,3.2249999046325684,3.6700000762939453,3.6700000762939453,465800
2024-08-06,3.630000114440918,3.75,3.5299999713897705,3.6600000858306885,3.6600000858306885,154300
2024-08-07,3.7200000286102295,3.8299999237060547,3.630000114440918,3.809999942779541,3.809999942779541,177800
2024-08-08,3.869999885559082,3.869999885559082,3.700000047683716,3.759999990463257,3.759999990463257,184600
2024-08-09,3.75,3.8399999141693115,3.700000047683716,3.799999952316284,3.799999952316284,78100
2024-08-12,3.819999933242798,3.9200000762939453,3.7200000286102295,3.890000104904175,3.890000104904175,268900
2024-08-13,3.930000066757202,3.930000066757202,3.7699999809265137,3.859999895095825,3.859999895095825,127500
2024-08-14,3.799999952316284,3.9200000762939453,3.759999990463257,3.7699999809265137,3.7699999809265137,97900
2024-08-15,3.809999942779541,3.8499999046325684,3.680000066757202,3.700000047683716,3.700000047683716,163900
2024-08-16,3.6700000762939453,3.799999952316284,3.640000104904175,3.755000114440918,3.755000114440918,93400
2024-08-19,3.7799999713897705,3.806999921798706,3.630000114440918,3.6500000953674316,3.6500000953674316,166900
2024-08-20,3.6700000762939453,3.700000047683716,3.5399999618530273,3.619999885559082,3.619999885559082,208300
2024-08-21,3.630000114440918,3.7699999809265137,3.630000114440918,3.700000047683716,3.700000047683716,110300
2024-08-22,3.7100000381469727,3.7799999713897705,3.6500000953674316,3.7699999809265137,3.7699999809265137,134600
2024-08-23,3.7899999618530273,3.930000066757202,3.7799999713897705,3.9200000762939453,3.9200000762939453,207100
2024-08-26,3.930000066757202,4.070000171661377,3.9000000953674316,4.059999942779541,4.059999942779541,400400
2024-08-27,4.099999904632568,4.230000019073486,3.9820001125335693,4.130000114440918,4.130000114440918,722600
2024-08-28,4.150000095367432,4.150000095367432,3.9800000190734863,4.039999961853027,4.039999961853027,268500
2024-08-29,4.059999942779541,4.289999961853027,4.03000020980835,4.289999961853027,4.289999961853027,558600
2024-08-30,4.300000190734863,4.489999771118164,4.260000228881836,4.420000076293945,4.420000076293945,655900
2024-09-03,4.420000076293945,4.473999977111816,4.210000038146973,4.329999923706055,4.329999923706055,487400
2024-09-04,4.300000190734863,4.409999847412109,4.289999961853027,4.289999961853027,4.289999961853027,212300
2024-09-05,4.269999980926514,4.309999942779541,4.179999828338623,4.28000020980835,4.28000020980835,126100
2024-09-06,4.28000020980835,4.300000190734863,4.099999904632568,4.190000057220459,4.190000057220459,228200
2024-09-09,4.210000038146973,4.340000152587891,4.090000152587891,4.28000020980835,4.28000020980835,204400
2024-09-10,4.230000019073486,4.230000019073486,4.010000228881836,4.139999866485596,4.139999866485596,241400
2024-09-11,4.190000057220459,4.190000057220459,4.099999904632568,4.144999980926514,4.144999980926514,85500
2024-09-12,4.159999847412109,4.184999942779541,4.09499979019165,4.099999904632568,4.099999904632568,114600
2024-09-13,4.070000171661377,4.230000019073486,4.070000171661377,4.150000095367432,4.150000095367432,137100
2024-09-16,4.25,4.289999961853027,3.9600000381469727,4.070000171661377,4.070000171661377,239500
2024-09-17,4.059999942779541,4.060999870300293,3.990000009536743,3.990000009536743,3.990000009536743,138000
2024-09-18,4.0,4.070000171661377,3.9200000762939453,3.930000066757202,3.930000066757202,128900
2024-09-19,3.950000047683716,4.107999801635742,3.930000066757202,4.070000171661377,4.070000171661377,180100
2024-09-20,4.070000171661377,4.090000152587891,4.010000228881836,4.079999923706055,4.079999923706055,110900
2024-09-23,4.0,4.0,3.7899999618530273,3.890000104904175,3.890000104904175,696600
2024-09-24,3.950000047683716,4.03000020980835,3.9100000858306885,3.994999885559082,3.994999885559082,265900
2024-09-25,4.019999980926514,4.050000190734863,3.9800000190734863,4.019999980926514,4.019999980926514,90200
2024-09-26,3.990000009536743,4.0,3.799999952316284,3.950000047683716,3.950000047683716,411200
2024-09-27,3.9800000190734863,4.059999942779541,3.940000057220459,4.0,4.0,146100
2024-09-30,4.039999961853027,4.150000095367432,4.010000228881836,4.150000095367432,4.150000095367432,347600
2024-10-01,4.150000095367432,4.289999961853027,4.104000091552734,4.210000038146973,4.210000038146973,701400
2024-10-02,4.210000038146973,4.360000133514404,4.210000038146973,4.335000038146973,4.335000038146973,289900
2024-10-03,4.3480000495910645,4.550000190734863,4.13100004196167,4.179999828338623,4.179999828338623,530900
2024-10-04,4.099999904632568,4.199999809265137,3.9800000190734863,4.019999980926514,4.019999980926514,305700
2024-10-07,4.070000171661377,4.070000171661377,3.9000000953674316,3.9600000381469727,3.9600000381469727,250100
2024-10-08,3.950000047683716,3.9700000286102295,3.9000000953674316,3.950000047683716,3.950000047683716,152800
2024-10-09,3.930000066757202,3.9600000381469727,3.859999895095825,3.9000000953674316,3.9000000953674316,173600
2024-10-10,3.9000000953674316,3.9690001010894775,3.880000114440918,3.9100000858306885,3.9100000858306885,179800
2024-10-11,3.9000000953674316,4.019999980926514,3.9000000953674316,3.9800000190734863,3.9800000190734863,142000
2024-10-14,3.9600000381469727,3.990000009536743,3.890000104904175,3.9000000953674316,3.9000000953674316,169200
2024-10-15,3.9200000762939453,3.9200000762939453,3.740000009536743,3.7899999618530273,3.7899999618530273,344700
2024-10-16,3.7899999618530273,3.819999933242798,3.7100000381469727,3.740000009536743,3.740000009536743,171500
2024-10-17,3.759999990463257,3.7709999084472656,3.700000047683716,3.7699999809265137,3.7699999809265137,118800
2024-10-18,3.809999942779541,3.809999942779541,3.7100000381469727,3.759999990463257,3.759999990463257,239500
2024-10-21,3.759999990463257,3.8299999237060547,3.700000047683716,3.7699999809265137,3.7699999809265137,223500
2024-10-22,3.759999990463257,3.7799999713897705,3.7100000381469727,3.75,3.75,142700
2024-10-23,3.7699999809265137,3.7699999809265137,3.680000066757202,3.700000047683716,3.700000047683716,195300
2024-10-24,3.6700000762939453,3.7200000286102295,3.6649999618530273,3.680000066757202,3.680000066757202,116200
2024-10-25,3.6600000858306885,3.799999952316284,3.6600000858306885,3.690000057220459,3.690000057220459,166200
2024-10-28,3.6700000762939453,3.7200000286102295,3.6500000953674316,3.6600000858306885,3.6600000858306885,199700
2024-10-29,3.640000104904175,3.7100000381469727,3.5999999046325684,3.7100000381469727,3.7100000381469727,127300
2024-10-30,3.690000057220459,3.7200000286102295,3.6700000762939453,3.7100000381469727,3.7100000381469727,121000
2024-10-31,3.700000047683716,3.700000047683716,3.619999885559082,3.6700000762939453,3.6700000762939453,133700
2024-11-01,3.7200000286102295,3.7300000190734863,3.619999885559082,3.640000104904175,3.640000104904175,147600
2024-11-04,3.619999885559082,3.6600000858306885,3.609999895095825,3.609999895095825,3.609999895095825,119800
2024-11-05,3.5999999046325684,3.6600000858306885,3.5999999046325684,3.5999999046325684,3.5999999046325684,87200
2024-11-06,3.6500000953674316,3.75,3.609999895095825,3.6600000858306885,3.6600000858306885,141000
