Date,Adj Close,Close,High,Low,Open,Volume
1984-11-30,1.3939778804779053,17.25,17.375,17.125,17.25,2700
1984-12-03,1.4040780067443848,17.375,17.375,17.25,17.25,1900
1984-12-04,1.4141803979873657,17.5,17.5,17.125,17.375,2400
1984-12-05,1.3737750053405762,17.0,17.25,17.0,17.25,700
1984-12-06,1.3838763236999512,17.125,17.25,17.0,17.0,1700
1984-12-07,1.3838763236999512,17.125,17.125,17.125,17.125,1600
1984-12-10,1.4040780067443848,17.375,17.5,17.25,17.25,1800
1984-12-11,1.4040780067443848,17.375,17.5,17.125,17.375,2300
1984-12-12,1.3939778804779053,17.25,17.625,17.25,17.375,1600
1984-12-13,1.3939778804779053,17.25,17.375,17.25,17.25,1000
1984-12-14,1.3838763236999512,17.125,17.125,17.125,17.125,1400
1984-12-17,1.4040780067443848,17.375,17.375,17.125,17.125,1100
1984-12-18,1.3939778804779053,17.25,17.5,17.25,17.375,2100
1984-12-19,1.4141803979873657,17.5,17.5,17.25,17.25,500
1984-12-20,1.4141803979873657,17.5,17.5,17.25,17.5,5800
1984-12-21,1.4141803979873657,17.5,17.5,17.25,17.5,3200
1984-12-24,1.434382677078247,17.75,17.75,17.375,17.5,3700
1984-12-26,1.434382677078247,17.75,17.75,17.75,17.75,2000
1984-12-27,1.4040780067443848,17.375,17.875,17.375,17.75,5800
1984-12-28,1.444483995437622,17.875,17.875,17.375,17.375,6400
1984-12-31,1.4545857906341553,18.0,18.0,17.875,17.875,2900
1985-01-02,1.444483995437622,17.875,18.125,17.875,18.0,3700
1985-01-03,1.4545857906341553,18.0,18.0,17.5,17.875,3400
1985-01-04,1.434382677078247,17.75,18.0,17.75,18.0,700
1985-01-07,1.4141803979873657,17.5,17.5,17.125,17.5,1000
1985-01-08,1.434382677078247,17.75,17.75,17.5,17.5,2400
1985-01-09,1.444483995437622,17.875,17.875,17.5,17.75,3600
1985-01-10,1.4545857906341553,18.0,18.0,17.75,17.875,1700
1985-01-11,1.515192985534668,18.75,18.75,17.875,18.0,15600
1985-01-14,1.4949911832809448,18.5,18.5,18.125,18.5,4400
1985-01-15,1.4848891496658325,18.375,18.375,18.375,18.375,700
1985-01-16,1.4949911832809448,18.5,18.5,18.375,18.375,1900
1985-01-17,1.5050911903381348,18.625,18.75,18.5,18.5,4300
1985-01-18,1.5050911903381348,18.625,18.875,18.5,18.625,2300
1985-01-21,1.4848891496658325,18.375,18.375,18.375,18.375,3200
1985-01-22,1.4949911832809448,18.5,18.5,18.5,18.5,1400
1985-01-23,1.5050911903381348,18.625,18.625,18.5,18.5,2500
1985-01-24,1.5050911903381348,18.625,18.75,18.5,18.625,1800
1985-01-25,1.515192985534668,18.75,18.75,18.75,18.75,500
1985-01-28,1.4949911832809448,18.5,18.875,18.5,18.75,2700
1985-01-29,1.5252941846847534,18.875,18.875,18.625,18.625,300
1985-01-30,1.5050911903381348,18.625,19.0,18.5,18.875,3200
1985-01-31,1.4949911832809448,18.5,18.625,18.5,18.625,300
1985-02-01,1.5050911903381348,18.625,18.625,18.5,18.5,500
1985-02-04,1.5050911903381348,18.625,18.625,18.375,18.625,1000
1985-02-05,1.4848891496658325,18.375,18.5,18.375,18.5,400
1985-02-06,1.4545857906341553,18.0,18.25,18.0,18.25,1700
1985-02-07,1.444483995437622,17.875,18.25,17.875,18.0,2200
1985-02-08,1.4141803979873657,17.5,17.875,17.5,17.875,1200
1985-02-11,1.4242817163467407,17.625,17.75,17.5,17.5,1000
1985-02-12,1.444483995437622,17.875,17.875,17.625,17.625,2600
1985-02-13,1.434382677078247,17.75,17.75,17.5,17.75,500
1985-02-14,1.4141803979873657,17.5,17.5,17.5,17.5,3100
1985-02-15,1.4141803979873657,17.5,17.5,17.5,17.5,1200
1985-02-19,1.444483995437622,17.875,17.875,17.75,17.75,1000
1985-02-20,1.4646859169006348,18.125,18.25,17.875,17.875,4700
1985-02-21,1.474787712097168,18.25,18.25,17.875,18.125,2300
1985-02-22,1.444483995437622,17.875,18.0,17.875,18.0,1200
1985-02-25,1.434382677078247,17.75,18.0,17.75,17.875,2700
1985-02-26,1.4545857906341553,18.0,18.0,17.75,17.75,300
1985-02-27,1.444483995437622,17.875,18.125,17.875,18.0,2000
1985-02-28,1.434382677078247,17.75,17.875,17.75,17.875,1200
1985-03-01,1.4141803979873657,17.5,17.875,17.5,17.75,4800
1985-03-04,1.444483995437622,17.875,17.875,17.75,17.75,1700
1985-03-05,1.4242817163467407,17.625,17.625,17.625,17.625,200
1985-03-06,1.444483995437622,17.875,17.875,17.625,17.625,700
1985-03-07,1.4545857906341553,18.0,18.375,17.75,17.875,5500
1985-03-08,1.444483995437622,17.875,18.0,17.625,18.0,2300
1985-03-11,1.4545857906341553,18.0,18.0,17.625,17.875,700
1985-03-12,1.444483995437622,17.875,17.875,17.75,17.875,600
1985-03-13,1.434382677078247,17.75,17.75,17.5,17.75,2800
1985-03-14,1.434382677078247,17.75,18.0,17.75,17.75,1500
1985-03-15,1.4545857906341553,18.0,18.0,17.75,17.75,1000
1985-03-18,1.444483995437622,17.875,18.125,17.875,18.0,1300
1985-03-19,1.444483995437622,17.875,17.875,17.875,17.875,1000
1985-03-20,1.4545857906341553,18.0,18.25,17.75,17.875,3100
1985-03-21,1.444483995437622,17.875,18.125,17.875,18.0,300
1985-03-22,1.434382677078247,17.75,17.875,17.75,17.875,500
1985-03-25,1.444483995437622,17.875,18.125,17.875,17.875,2000
1985-03-26,1.4646859169006348,18.125,18.375,18.125,18.125,3000
1985-03-27,1.474787712097168,18.25,18.375,18.125,18.125,800
1985-03-28,1.4848891496658325,18.375,18.5,18.25,18.25,2300
1985-03-29,1.474787712097168,18.25,18.5,18.25,18.375,2400
1985-04-01,1.4848891496658325,18.375,18.5,18.375,18.375,2500
1985-04-02,1.4949911832809448,18.5,18.5,18.25,18.375,1000
1985-04-03,1.515192985534668,18.75,18.875,18.375,18.5,2200
1985-04-04,1.515192985534668,18.75,18.875,18.75,18.75,2600
1985-04-08,1.5353944301605225,19.0,19.0,18.875,18.875,3800
1985-04-09,1.515192985534668,18.75,19.0,18.75,19.0,1600
1985-04-10,1.5454963445663452,19.125,19.125,18.875,18.875,4400
1985-04-11,1.5555986166000366,19.25,19.25,19.0,19.125,1100
1985-04-12,1.5454963445663452,19.125,19.375,18.875,19.25,1900
1985-04-15,1.5454963445663452,19.125,19.375,19.125,19.125,4200
1985-04-16,1.5050911903381348,18.625,18.75,18.625,18.75,1900
1985-04-17,1.5252941846847534,18.875,18.875,18.625,18.625,600
1985-04-18,1.5353944301605225,19.0,19.0,18.75,18.875,3100
1985-04-19,1.5252941846847534,18.875,18.875,18.75,18.875,1300
1985-04-22,1.5252941846847534,18.875,19.125,18.75,18.875,1100
1985-04-23,1.5353944301605225,19.0,19.0,18.875,18.875,1800
1985-04-24,1.5252941846847534,18.875,19.125,18.875,19.0,1400
1985-04-25,1.5252941846847534,18.875,19.0,18.875,18.875,2200
1985-04-26,1.5252941846847534,18.875,18.875,18.875,18.875,2100
1985-04-29,1.515192985534668,18.75,19.0,18.75,18.875,4700
1985-04-30,1.515192985534668,18.75,19.0,18.75,18.75,600
1985-05-01,1.5252941846847534,18.875,18.875,18.875,18.875,200
1985-05-02,1.5050911903381348,18.625,19.0,18.625,18.875,2100
1985-05-03,1.5050911903381348,18.625,19.0,18.625,18.625,1600
1985-05-06,1.5252941846847534,18.875,19.125,18.5,18.625,3300
1985-05-07,1.5353944301605225,19.0,19.25,19.0,19.0,3500
1985-05-08,1.5454963445663452,19.125,19.125,19.0,19.0,700
1985-05-09,1.5454963445663452,19.125,19.375,19.125,19.125,2000
1985-05-10,1.5555986166000366,19.25,19.5,19.125,19.125,1500
1985-05-13,1.5656991004943848,19.375,19.375,19.125,19.25,1400
1985-05-14,1.5656991004943848,19.375,19.375,19.375,19.375,700
1985-05-15,1.5656991004943848,19.375,19.375,19.25,19.375,700
1985-05-16,1.5656991004943848,19.375,19.625,19.25,19.375,1600
1985-05-17,1.5656991004943848,19.375,19.625,19.375,19.375,1200
1985-05-20,1.5656991004943848,19.375,19.625,19.375,19.375,2000
1985-05-21,1.5960023403167725,19.75,19.75,19.375,19.375,3000
1985-05-22,1.6263073682785034,20.125,20.375,20.0,20.0,8000
1985-05-23,1.6364071369171143,20.25,20.25,19.875,20.125,4400
1985-05-24,1.6364071369171143,20.25,20.25,19.875,20.25,1400
1985-05-28,1.6364071369171143,20.25,20.25,19.875,20.25,2900
1985-05-29,1.606103777885437,19.875,20.0,19.875,20.0,800
1985-05-30,1.6465097665786743,20.375,20.375,20.0,20.0,2000
1985-05-31,1.6162053346633911,20.0,20.25,20.0,20.25,1700
1985-06-03,1.5960023403167725,19.75,20.0,19.625,20.0,3400
1985-06-04,1.656612515449524,20.5,20.5,20.0,20.0,3800
1985-06-05,1.697015643119812,21.0,21.5,20.25,20.5,8200
1985-06-06,1.697015643119812,21.0,21.0,20.75,21.0,1700
1985-06-07,1.6465097665786743,20.375,20.875,20.375,20.875,4200
1985-06-10,1.6768133640289307,20.75,20.75,20.25,20.375,1300
1985-06-11,1.697015643119812,21.0,21.0,20.625,20.75,1500
1985-06-12,1.697015643119812,21.0,21.0,21.0,21.0,1800
1985-06-13,1.6869163513183594,20.875,21.25,20.875,21.0,4900
1985-06-14,1.6869163513183594,20.875,20.875,20.625,20.875,1500
1985-06-17,1.6768133640289307,20.75,21.0,20.625,20.875,1000
1985-06-18,1.6869163513183594,20.875,20.875,20.5,20.75,1400
1985-06-19,1.697015643119812,21.0,21.0,20.875,20.875,2000
1985-06-20,1.697015643119812,21.0,21.0,20.75,21.0,1400
1985-06-21,1.697015643119812,21.0,21.25,21.0,21.0,500
1985-06-24,1.6768133640289307,20.75,21.25,20.75,21.0,1400
1985-06-25,1.656612515449524,20.5,20.75,20.25,20.75,1000
1985-06-26,1.6869163513183594,20.875,20.875,20.625,20.625,2400
1985-06-27,1.656612515449524,20.5,20.75,20.5,20.75,1200
1985-06-28,1.656612515449524,20.5,20.5,20.5,20.5,200
1985-07-01,1.6768133640289307,20.75,20.875,20.75,20.75,1200
1985-07-02,1.697015643119812,21.0,21.0,20.875,20.875,1000
1985-07-03,1.697015643119812,21.0,21.0,21.0,21.0,1900
1985-07-05,1.7071170806884766,21.125,21.125,21.0,21.0,1600
1985-07-08,1.697015643119812,21.0,21.125,21.0,21.125,800
1985-07-09,1.6869163513183594,20.875,21.25,20.875,21.0,1000
1985-07-10,1.6768133640289307,20.75,21.0,20.75,20.875,1700
1985-07-11,1.7374215126037598,21.5,21.5,21.0,21.0,2500
1985-07-12,1.656612515449524,20.5,21.5,20.5,21.5,6700
1985-07-15,1.6667120456695557,20.625,20.625,20.375,20.5,1900
1985-07-16,1.6667120456695557,20.625,20.625,20.375,20.625,3200
1985-07-17,1.6364071369171143,20.25,20.5,20.25,20.5,2300
1985-07-18,1.6162053346633911,20.0,20.25,20.0,20.25,4100
1985-07-19,1.606103777885437,19.875,19.875,19.5,19.875,11300
1985-07-22,1.5758012533187866,19.5,19.75,19.25,19.75,3600
1985-07-23,1.5454963445663452,19.125,19.375,19.0,19.375,5500
1985-07-24,1.5454963445663452,19.125,19.5,19.0,19.125,3600
1985-07-25,1.5353944301605225,19.0,19.25,18.875,19.125,1100
1985-07-26,1.5454963445663452,19.125,19.25,19.0,19.0,700
1985-07-29,1.5252941846847534,18.875,19.375,18.875,19.125,4400
1985-07-30,1.5353944301605225,19.0,19.0,18.75,18.875,200
1985-07-31,1.515192985534668,18.75,19.0,18.75,19.0,1800
1985-08-01,1.5454963445663452,19.125,19.125,18.875,18.875,1200
1985-08-02,1.5353944301605225,19.0,19.0,18.75,19.0,1000
1985-08-05,1.5353944301605225,19.0,19.0,18.75,19.0,1800
1985-08-06,1.5353944301605225,19.0,19.125,18.875,19.0,2100
1985-08-07,1.5353944301605225,19.0,19.0,18.875,19.0,2700
1985-08-08,1.5353944301605225,19.0,19.0,19.0,19.0,700
1985-08-09,1.5353944301605225,19.0,19.0,18.75,19.0,2200
1985-08-12,1.5252941846847534,18.875,19.0,18.75,19.0,1800
1985-08-13,1.515192985534668,18.75,19.0,18.75,18.875,1600
1985-08-14,1.5353944301605225,19.0,19.0,18.75,18.75,1500
1985-08-15,1.5353944301605225,19.0,19.0,18.75,19.0,700
1985-08-16,1.5353944301605225,19.0,19.375,19.0,19.0,5700
1985-08-19,1.5353944301605225,19.0,19.25,19.0,19.0,1300
1985-08-20,1.5454963445663452,19.125,19.25,19.125,19.125,200
1985-08-21,1.5555986166000366,19.25,19.5,19.125,19.125,1800
1985-08-22,1.5859016180038452,19.625,19.625,19.375,19.375,900
1985-08-23,1.5758012533187866,19.5,19.625,19.5,19.625,500
1985-08-26,1.5353944301605225,19.0,19.25,19.0,19.25,700
1985-08-27,1.5353944301605225,19.0,19.125,19.0,19.0,2100
1985-08-28,1.5656991004943848,19.375,19.375,19.25,19.25,8500
1985-08-29,1.5454963445663452,19.125,19.375,19.125,19.375,1200
1985-08-30,1.5758012533187866,19.5,19.5,19.125,19.125,600
1985-09-03,1.5454963445663452,19.125,19.375,19.125,19.375,1500
1985-09-04,1.5656991004943848,19.375,19.375,19.125,19.125,2200
1985-09-05,1.5454963445663452,19.125,19.25,19.125,19.25,400
1985-09-06,1.5656991004943848,19.375,19.375,19.125,19.125,4200
1985-09-09,1.5656991004943848,19.375,19.375,19.25,19.375,3100
1985-09-10,1.5454963445663452,19.125,19.125,19.125,19.125,700
1985-09-11,1.515192985534668,18.75,19.125,18.75,19.125,3600
1985-09-12,1.5050911903381348,18.625,19.0,18.625,18.75,1400
1985-09-13,1.5353944301605225,19.0,19.0,18.5,18.625,1400
1985-09-16,1.5353944301605225,19.0,19.0,19.0,19.0,700
1985-09-17,1.5050911903381348,18.625,19.0,18.625,19.0,1200
1985-09-18,1.5353944301605225,19.0,19.0,18.75,18.75,2000
1985-09-19,1.5353944301605225,19.0,19.125,18.875,19.0,1100
1985-09-20,1.5353944301605225,19.0,19.375,19.0,19.0,2100
1985-09-23,1.5656991004943848,19.375,19.375,19.0,19.0,6600
1985-09-24,1.5758012533187866,19.5,19.5,19.25,19.375,2300
1985-09-25,1.5758012533187866,19.5,19.5,19.5,19.5,1100
1985-09-26,1.5555986166000366,19.25,19.5,19.25,19.5,400
1985-09-30,1.5353944301605225,19.0,19.125,18.75,19.125,2900
1985-10-01,1.5050911903381348,18.625,19.125,18.625,19.0,2900
1985-10-02,1.5252941846847534,18.875,18.875,18.875,18.875,200
1985-10-03,1.5353944301605225,19.0,19.0,19.0,19.0,700
1985-10-04,1.5353944301605225,19.0,19.0,18.75,19.0,2400
1985-10-07,1.5353944301605225,19.0,19.125,19.0,19.0,1000
1985-10-08,1.5454963445663452,19.125,19.125,19.0,19.0,900
1985-10-09,1.5555986166000366,19.25,19.375,19.25,19.25,900
1985-10-10,1.5454963445663452,19.125,19.125,19.0,19.125,900
1985-10-11,1.5454963445663452,19.125,19.25,19.125,19.125,1200
1985-10-14,1.5353944301605225,19.0,19.25,19.0,19.125,2600
1985-10-15,1.5353944301605225,19.0,19.25,19.0,19.0,1400
1985-10-16,1.5252941846847534,18.875,19.0,18.875,19.0,1400
1985-10-17,1.5454963445663452,19.125,19.125,19.0,19.0,7100
1985-10-18,1.5353944301605225,19.0,19.125,19.0,19.125,900
1985-10-21,1.5353944301605225,19.0,19.0,18.875,19.0,700
1985-10-22,1.5252941846847534,18.875,19.125,18.875,19.0,2100
1985-10-23,1.5252941846847534,18.875,19.0,18.875,18.875,1600
1985-10-24,1.5353944301605225,19.0,19.125,19.0,19.0,2500
1985-10-25,1.5454963445663452,19.125,19.125,19.125,19.125,500
1985-10-28,1.5353944301605225,19.0,19.125,19.0,19.125,2600
1985-10-29,1.5353944301605225,19.0,19.125,19.0,19.0,2400
1985-10-30,1.5555986166000366,19.25,19.25,19.0,19.0,4100
1985-10-31,1.5555986166000366,19.25,19.25,19.0,19.25,5100
1985-11-01,1.5555986166000366,19.25,19.25,19.0,19.25,2300
1985-11-04,1.5454963445663452,19.125,19.25,19.125,19.25,400
1985-11-05,1.5555986166000366,19.25,19.25,19.125,19.125,4800
1985-11-06,1.5758012533187866,19.5,19.5,19.25,19.25,7500
1985-11-07,1.5859016180038452,19.625,19.75,19.5,19.5,2500
1985-11-08,1.5960023403167725,19.75,19.75,19.5,19.625,2100
1985-11-11,1.6364071369171143,20.25,20.25,19.75,19.75,7200
1985-11-12,1.6667120456695557,20.625,21.0,20.125,20.25,11900
1985-11-13,1.6465097665786743,20.375,20.375,20.375,20.375,1700
1985-11-14,1.6768133640289307,20.75,20.75,20.25,20.375,5000
1985-11-15,1.6768133640289307,20.75,20.875,20.375,20.75,2700
1985-11-18,1.6465097665786743,20.375,20.75,20.375,20.75,4200
1985-11-19,1.6768133640289307,20.75,20.75,20.375,20.375,2600
1985-11-20,1.6162053346633911,20.0,20.5,20.0,20.5,4100
1985-11-21,1.6364071369171143,20.25,20.25,20.0,20.0,5800
1985-11-22,1.6364071369171143,20.25,20.25,20.25,20.25,1400
1985-11-25,1.6162053346633911,20.0,20.25,20.0,20.25,3200
1985-11-26,1.6162053346633911,20.0,20.25,20.0,20.0,3300
1985-11-27,1.6667120456695557,20.625,20.625,20.0,20.0,3700
1985-11-29,1.6263073682785034,20.125,20.375,20.125,20.375,3200
1985-12-02,1.6162053346633911,20.0,20.125,19.75,20.125,2900
1985-12-03,1.6364071369171143,20.25,20.25,19.75,20.0,2700
1985-12-04,1.656612515449524,20.5,20.5,20.0,20.25,2700
1985-12-05,1.6869163513183594,20.875,20.875,20.25,20.5,2600
1985-12-06,1.6768133640289307,20.75,20.75,20.375,20.75,2700
1985-12-09,1.6869163513183594,20.875,20.875,20.5,20.75,2800
1985-12-10,1.6667120456695557,20.625,20.875,20.5,20.875,3300
1985-12-11,1.6869163513183594,20.875,21.0,20.5,20.625,6700
1985-12-12,1.7374215126037598,21.5,21.5,21.125,21.125,3400
1985-12-13,1.7677255868911743,21.875,21.875,21.125,21.5,4900
1985-12-16,1.7980283498764038,22.25,22.25,21.375,21.875,3200
1985-12-17,1.7778271436691284,22.0,22.0,21.75,22.0,1600
1985-12-18,1.7576239109039307,21.75,22.125,21.5,22.0,3700
1985-12-19,1.7677255868911743,21.875,21.875,21.25,21.75,3800
1985-12-20,1.7273194789886475,21.375,21.75,21.375,21.75,3200
1985-12-23,1.7677255868911743,21.875,21.875,21.5,21.5,1500
1985-12-24,1.717218279838562,21.25,21.5,21.25,21.5,2200
1985-12-26,1.7778271436691284,22.0,22.0,21.5,21.5,3300
1985-12-27,1.7374215126037598,21.5,22.0,21.375,22.0,15000
1985-12-30,1.8081302642822266,22.375,22.375,21.375,21.5,5300
1985-12-31,1.7677255868911743,21.875,22.25,21.875,22.25,5600
1986-01-02,1.787927269935608,22.125,22.125,21.75,21.875,1900
1986-01-03,1.8081302642822266,22.375,22.375,21.625,22.125,3900
1986-01-06,1.7778271436691284,22.0,22.25,21.75,22.25,5000
1986-01-07,1.8081302642822266,22.375,22.375,22.125,22.125,1500
1986-01-08,1.7576239109039307,21.75,22.375,21.75,22.375,2600
1986-01-09,1.7374215126037598,21.5,21.75,20.875,21.75,14600
1986-01-10,1.697015643119812,21.0,21.875,21.0,21.5,4600
1986-01-13,1.656612515449524,20.5,21.0,20.5,21.0,3800
1986-01-14,1.6869163513183594,20.875,21.0,20.5,20.5,1900
1986-01-15,1.7071170806884766,21.125,21.125,21.0,21.0,1100
1986-01-16,1.6263073682785034,20.125,21.25,20.125,21.125,4900
1986-01-17,1.6768133640289307,20.75,21.0,20.25,20.25,1500
1986-01-20,1.6869163513183594,20.875,21.0,20.75,20.75,1700
1986-01-21,1.697015643119812,21.0,21.0,20.75,20.875,3500
1986-01-22,1.6768133640289307,20.75,21.0,20.75,21.0,2000
1986-01-23,1.7273194789886475,21.375,21.375,21.0,21.0,1900
1986-01-24,1.7273194789886475,21.375,21.5,21.125,21.375,2100
1986-01-27,1.7374215126037598,21.5,21.5,21.125,21.375,2400
1986-01-28,1.7778271436691284,22.0,22.0,21.375,21.5,4300
1986-01-29,1.717218279838562,21.25,21.875,21.25,21.875,6500
1986-01-30,1.7677255868911743,21.875,21.875,21.5,21.5,2000
1986-01-31,1.7273194789886475,21.375,22.0,21.375,21.875,2200
1986-02-03,1.7273194789886475,21.375,21.5,21.125,21.375,4900
1986-02-04,1.7273194789886475,21.375,21.875,21.375,21.375,4500
1986-02-05,1.7374215126037598,21.5,21.875,21.5,21.5,1700
1986-02-06,1.7374215126037598,21.5,21.625,21.5,21.5,700
1986-02-07,1.7677255868911743,21.875,21.875,21.5,21.5,500
1986-02-10,1.7677255868911743,21.875,21.875,21.625,21.875,2100
1986-02-11,1.7374215126037598,21.5,21.625,21.5,21.625,900
1986-02-12,1.7576239109039307,21.75,21.75,21.5,21.5,400
1986-02-13,1.7576239109039307,21.75,21.75,21.5,21.75,600
1986-02-14,1.7778271436691284,22.0,22.0,21.625,21.75,5200
1986-02-18,1.7576239109039307,21.75,22.0,21.625,22.0,6300
1986-02-19,1.7677255868911743,21.875,22.125,21.75,21.75,3400
1986-02-20,1.7778271436691284,22.0,22.0,21.625,21.875,2200
1986-02-21,1.7778271436691284,22.0,22.125,22.0,22.0,4100
1986-02-24,1.7677255868911743,21.875,22.25,21.875,22.0,1300
1986-02-25,1.7576239109039307,21.75,21.75,21.75,21.75,200
1986-02-26,1.7576239109039307,21.75,22.0,21.5,21.75,2500
1986-02-27,1.7778271436691284,22.0,22.375,21.75,21.75,2800
1986-02-28,1.8081302642822266,22.375,22.375,21.75,22.0,4700
1986-03-03,1.8081302642822266,22.375,22.375,22.375,22.375,300
1986-03-04,1.7778271436691284,22.0,22.375,22.0,22.375,2300
1986-03-05,1.7980283498764038,22.25,22.375,22.25,22.25,1600
1986-03-06,1.8384336233139038,22.75,22.875,22.625,22.625,2100
1986-03-07,1.8384336233139038,22.75,22.875,22.75,22.75,2000
1986-03-10,1.8586361408233643,23.0,23.0,22.75,22.75,5500
1986-03-11,1.8384336233139038,22.75,23.375,22.75,23.0,6100
1986-03-12,1.8384336233139038,22.75,23.375,22.625,22.75,5700
1986-03-13,1.8485349416732788,22.875,23.5,22.75,22.75,7100
1986-03-14,1.8485349416732788,22.875,22.875,22.875,22.875,0
1986-03-17,1.8081302642822266,22.375,22.875,22.375,22.875,5800
1986-03-18,1.8081302642822266,22.375,22.625,22.125,22.375,8500
1986-03-19,1.7980283498764038,22.25,22.625,22.25,22.375,1700
1986-03-20,1.7677255868911743,21.875,22.25,21.625,22.25,4700
1986-03-21,1.8182318210601807,22.5,22.5,21.75,21.875,12300
1986-03-24,1.8182318210601807,22.5,22.625,22.5,22.5,2100
1986-03-25,1.8485349416732788,22.875,22.875,22.25,22.5,2000
1986-03-26,1.8283320665359497,22.625,22.875,22.625,22.875,1200
1986-03-27,1.8889399766921997,23.375,23.75,22.875,22.875,3300
1986-03-31,1.8889399766921997,23.375,23.5,23.25,23.375,1300
1986-04-01,1.8889399766921997,23.375,23.875,23.25,23.375,4900
1986-04-02,1.9192445278167725,23.75,23.75,23.0,23.375,3700
1986-04-03,1.7980283498764038,22.25,23.75,22.25,23.75,6200
1986-04-04,1.8182318210601807,22.5,22.875,22.25,22.25,7200
1986-04-07,1.8485349416732788,22.875,22.875,22.375,22.5,5800
1986-04-08,1.8485349416732788,22.875,22.875,22.75,22.875,1000
1986-04-09,1.8081302642822266,22.375,22.875,22.375,22.875,3600
1986-04-10,1.8384336233139038,22.75,22.875,22.5,22.5,1700
1986-04-11,1.8384336233139038,22.75,22.875,22.5,22.75,4800
1986-04-14,1.8990412950515747,23.5,23.5,22.625,22.75,4400
1986-04-15,1.8384336233139038,22.75,23.0,22.375,23.0,2500
1986-04-16,1.8788394927978516,23.25,23.5,22.875,22.875,1600
1986-04-17,1.8485349416732788,22.875,23.625,22.875,23.25,2500
1986-04-18,1.8384336233139038,22.75,23.125,22.75,22.875,3100
1986-04-21,1.8485349416732788,22.875,23.125,22.625,22.75,4800
1986-04-22,1.8687375783920288,23.125,23.125,22.625,22.875,2700
1986-04-23,1.8586361408233643,23.0,23.125,22.875,23.125,3400
1986-04-24,1.8586361408233643,23.0,23.0,22.875,23.0,1200
1986-04-25,1.8687375783920288,23.125,23.125,22.875,23.0,4900
1986-04-28,1.8384336233139038,22.75,23.0,22.75,23.0,1600
1986-04-29,1.8485349416732788,22.875,23.125,22.75,22.75,6200
1986-04-30,1.8586361408233643,23.0,23.0,22.75,22.875,1200
1986-05-01,1.8182318210601807,22.5,23.0,22.5,23.0,500
1986-05-02,1.8384336233139038,22.75,22.875,22.5,22.5,2200
1986-05-05,1.8182318210601807,22.5,23.0,22.5,22.75,1700
1986-05-06,1.8485349416732788,22.875,22.875,22.625,22.625,500
1986-05-07,1.8485349416732788,22.875,22.875,22.25,22.875,4500
1986-05-08,1.8586361408233643,23.0,23.0,22.625,22.875,2000
1986-05-09,1.8687375783920288,23.125,23.125,23.0,23.0,800
1986-05-12,1.8182318210601807,22.5,23.0,22.5,23.0,1700
1986-05-13,1.7778271436691284,22.0,22.625,22.0,22.5,3500
1986-05-14,1.787927269935608,22.125,22.375,22.0,22.0,3500
1986-05-15,1.787927269935608,22.125,22.25,22.125,22.125,1500
1986-05-16,1.8081302642822266,22.375,22.375,22.125,22.125,2800
1986-05-19,1.8081302642822266,22.375,22.375,22.125,22.375,1300
1986-05-20,1.7980283498764038,22.25,22.25,21.875,22.25,1400
1986-05-21,1.7677255868911743,21.875,22.0,21.875,22.0,2500
1986-05-22,1.787927269935608,22.125,22.25,22.0,22.0,3400
1986-05-23,1.8384336233139038,22.75,22.75,22.375,22.375,4200
1986-05-27,1.8687375783920288,23.125,23.125,22.5,22.75,2600
1986-05-28,1.8283320665359497,22.625,23.125,22.625,23.125,1600
1986-05-29,1.8485349416732788,22.875,23.125,22.75,22.75,3200
1986-05-30,1.8485349416732788,22.875,22.875,22.75,22.875,2200
1986-06-02,1.8081302642822266,22.375,23.0,22.375,22.875,2500
1986-06-03,1.8081302642822266,22.375,22.625,22.125,22.375,1100
1986-06-04,1.8081302642822266,22.375,22.375,22.375,22.375,200
1986-06-05,1.8283320665359497,22.625,22.75,22.5,22.5,400
1986-06-06,1.8485349416732788,22.875,22.875,22.375,22.625,2200
1986-06-09,1.7677255868911743,21.875,23.0,21.875,22.875,4900
1986-06-10,1.7374215126037598,21.5,21.875,21.375,21.875,1900
1986-06-11,1.7677255868911743,21.875,22.0,21.625,21.625,1300
1986-06-12,1.8182318210601807,22.5,22.5,21.875,21.875,3000
1986-06-13,1.8182318210601807,22.5,22.5,22.25,22.5,1000
1986-06-16,1.7778271436691284,22.0,22.25,22.0,22.25,2400
1986-06-17,1.7778271436691284,22.0,22.375,21.875,22.0,1700
1986-06-18,1.8081302642822266,22.375,22.375,21.875,22.0,2800
1986-06-19,1.787927269935608,22.125,22.375,21.875,22.375,1200
1986-06-20,1.6768133640289307,20.75,22.0,20.75,22.0,16300
1986-06-23,1.7778271436691284,22.0,22.0,21.0,21.0,7300
1986-06-24,1.7273194789886475,21.375,21.75,21.375,21.75,1300
1986-06-25,1.7374215126037598,21.5,21.625,21.5,21.5,700
1986-06-26,1.787927269935608,22.125,22.375,21.375,21.5,3300
1986-06-27,1.787927269935608,22.125,22.25,21.75,22.125,2000
1986-06-30,1.787927269935608,22.125,22.375,22.125,22.125,2200
1986-07-01,1.787927269935608,22.125,22.125,21.875,22.125,1500
1986-07-02,1.8081302642822266,22.375,22.375,22.0,22.125,1700
1986-07-03,1.8283320665359497,22.625,22.625,22.25,22.375,1700
1986-07-07,1.8081302642822266,22.375,22.375,22.125,22.375,2400
1986-07-08,1.7576239109039307,21.75,22.25,21.75,22.25,3500
1986-07-09,1.787927269935608,22.125,22.125,21.75,21.75,1800
1986-07-10,1.7677255868911743,21.875,22.125,21.875,22.125,2000
1986-07-11,1.7576239109039307,21.75,21.75,21.375,21.75,1800
1986-07-14,1.7374215126037598,21.5,21.5,20.5,21.5,10000
1986-07-15,1.697015643119812,21.0,21.5,21.0,21.5,1700
1986-07-16,1.7071170806884766,21.125,21.375,21.125,21.125,3200
1986-07-17,1.7273194789886475,21.375,21.5,21.25,21.25,3100
1986-07-18,1.7374215126037598,21.5,21.5,21.25,21.375,1300
1986-07-21,1.7273194789886475,21.375,21.375,21.25,21.375,1500
1986-07-22,1.717218279838562,21.25,21.5,21.25,21.375,4800
1986-07-23,1.7475224733352661,21.625,21.75,21.5,21.5,3400
1986-07-24,1.7576239109039307,21.75,21.75,21.625,21.625,2700
1986-07-25,1.7576239109039307,21.75,21.75,21.75,21.75,2500
1986-07-28,1.7576239109039307,21.75,21.875,21.75,21.75,2000
1986-07-29,1.7677255868911743,21.875,21.875,21.75,21.75,2800
1986-07-30,1.8182318210601807,22.5,22.5,22.125,22.125,3100
1986-07-31,1.8384336233139038,22.75,22.75,22.25,22.5,1700
1986-08-01,1.8081302642822266,22.375,22.625,22.125,22.625,3200
1986-08-04,1.8283320665359497,22.625,22.625,22.375,22.375,700
1986-08-05,1.7778271436691284,22.0,22.375,22.0,22.375,1200
1986-08-06,1.8081302642822266,22.375,22.375,22.125,22.125,1300
1986-08-07,1.8182318210601807,22.5,22.625,22.5,22.5,800
1986-08-08,1.8283320665359497,22.625,22.75,22.375,22.5,2600
1986-08-11,1.8283320665359497,22.625,22.875,22.5,22.625,1300
1986-08-12,1.8485349416732788,22.875,23.0,22.75,22.75,1300
1986-08-13,1.8182318210601807,22.5,23.0,22.5,22.875,3600
1986-08-14,1.8182318210601807,22.5,22.5,22.5,22.5,0
1986-08-15,1.8384336233139038,22.75,22.75,22.5,22.5,300
1986-08-18,1.8081302642822266,22.375,22.875,22.375,22.75,1500
1986-08-19,1.8485349416732788,22.875,22.875,22.625,22.625,2000
1986-08-20,1.8384336233139038,22.75,23.0,22.5,22.875,1000
1986-08-21,1.8384336233139038,22.75,23.0,22.75,22.75,6500
1986-08-22,1.8283320665359497,22.625,22.625,22.0,22.625,8100
1986-08-25,1.8081302642822266,22.375,22.5,22.25,22.5,1200
1986-08-26,1.8283320665359497,22.625,22.625,22.375,22.375,2300
1986-08-27,1.8384336233139038,22.75,22.75,22.5,22.625,1200
1986-08-28,1.8384336233139038,22.75,23.0,22.5,22.75,5000
1986-08-29,1.8687375783920288,23.125,23.125,23.0,23.0,2500
1986-09-02,1.8384336233139038,22.75,23.125,22.75,23.125,2700
1986-09-03,1.8586361408233643,23.0,23.0,23.0,23.0,600
1986-09-04,1.8788394927978516,23.25,23.25,22.875,23.0,3800
1986-09-05,1.8687375783920288,23.125,23.125,22.875,23.125,1300
1986-09-08,1.8384336233139038,22.75,23.0,22.75,23.0,2200
1986-09-09,1.8485349416732788,22.875,23.125,22.875,22.875,1200
1986-09-10,1.8889399766921997,23.375,23.375,22.875,22.875,1700
1986-09-11,1.8788394927978516,23.25,23.25,23.25,23.25,2200
1986-09-12,1.8384336233139038,22.75,23.25,22.75,23.25,2500
1986-09-15,1.8485349416732788,22.875,23.125,22.75,22.75,2700
1986-09-16,1.8485349416732788,22.875,23.125,22.875,22.875,5600
1986-09-17,1.8586361408233643,23.0,23.0,22.875,22.875,700
1986-09-18,1.8586361408233643,23.0,23.0,23.0,23.0,0
1986-09-19,1.8788394927978516,23.25,23.25,23.0,23.0,3500
1986-09-22,1.8586361408233643,23.0,23.25,23.0,23.25,700
1986-09-23,1.8687375783920288,23.125,23.25,22.875,23.0,6200
1986-09-24,1.8687375783920288,23.125,23.125,22.875,23.125,1100
1986-09-25,1.8485349416732788,22.875,23.0,22.75,23.0,2800
1986-09-26,1.8586361408233643,23.0,23.0,22.75,22.875,2300
1986-09-29,1.8485349416732788,22.875,22.875,22.25,22.875,2700
1986-09-30,1.8384336233139038,22.75,22.75,22.625,22.75,1200
1986-10-01,1.8283320665359497,22.625,22.75,22.375,22.75,1400
1986-10-02,1.8283320665359497,22.625,22.75,22.5,22.625,2000
1986-10-03,1.8586361408233643,23.0,23.0,22.625,22.625,3700
1986-10-06,1.8586361408233643,23.0,23.0,22.75,23.0,2700
1986-10-07,1.8384336233139038,22.75,23.0,22.75,23.0,1900
1986-10-08,1.8384336233139038,22.75,22.875,22.75,22.75,1000
1986-10-09,1.8283320665359497,22.625,22.75,22.625,22.75,1200
1986-10-10,1.8283320665359497,22.625,22.875,22.625,22.625,400
1986-10-13,1.8283320665359497,22.625,22.625,22.625,22.625,400
1986-10-14,1.8485349416732788,22.875,22.875,22.75,22.75,700
1986-10-15,1.8586361408233643,23.0,23.0,22.625,22.875,3200
1986-10-16,1.8586361408233643,23.0,23.0,23.0,23.0,500
1986-10-17,1.8283320665359497,22.625,23.0,22.625,23.0,300
1986-10-20,1.8485349416732788,22.875,22.875,22.625,22.625,1800
1986-10-21,1.8384336233139038,22.75,22.75,22.75,22.75,1300
1986-10-22,1.8384336233139038,22.75,22.875,22.75,22.75,1200
1986-10-23,1.8384336233139038,22.75,22.75,22.625,22.75,600
1986-10-24,1.8283320665359497,22.625,22.75,22.625,22.75,2900
1986-10-27,1.8384336233139038,22.75,22.875,22.75,22.75,1500
1986-10-28,1.8485349416732788,22.875,22.875,22.875,22.875,700
1986-10-29,1.8485349416732788,22.875,22.875,22.875,22.875,3100
1986-10-30,1.8485349416732788,22.875,22.875,22.75,22.875,1800
1986-10-31,1.8586361408233643,23.0,23.0,23.0,23.0,600
1986-11-03,1.8687375783920288,23.125,23.125,22.75,23.0,5600
1986-11-04,1.8485349416732788,22.875,23.0,22.75,23.0,2000
1986-11-05,1.8687375783920288,23.125,23.125,23.0,23.0,600
1986-11-06,1.8485349416732788,22.875,23.125,22.875,23.125,800
1986-11-07,1.8586361408233643,23.0,23.0,22.875,22.875,700
1986-11-10,1.8485349416732788,22.875,23.0,22.875,23.0,1100
1986-11-11,1.8687375783920288,23.125,23.125,22.875,22.875,1900
1986-11-12,1.8586361408233643,23.0,23.125,22.875,23.125,1400
1986-11-13,1.8485349416732788,22.875,23.0,22.875,23.0,700
1986-11-14,1.8586361408233643,23.0,23.125,22.875,22.875,4200
1986-11-17,1.8687375783920288,23.125,23.125,22.875,23.0,900
1986-11-18,1.8586361408233643,23.0,23.0,22.875,23.0,1800
1986-11-19,1.8384336233139038,22.75,22.875,22.75,22.875,12500
1986-11-20,1.8283320665359497,22.625,22.75,22.625,22.75,5600
1986-11-21,1.8384336233139038,22.75,22.75,22.625,22.625,1400
1986-11-24,1.8384336233139038,22.75,23.125,22.75,22.75,2600
1986-11-25,1.8586361408233643,23.0,23.0,22.875,22.875,2500
1986-11-26,1.8788394927978516,23.25,23.375,23.0,23.0,3300
1986-11-28,1.8788394927978516,23.25,23.5,23.25,23.25,1400
1986-12-01,1.8687375783920288,23.125,23.375,23.0,23.25,1100
1986-12-02,1.8990412950515747,23.5,23.5,23.125,23.125,4500
1986-12-03,1.8788394927978516,23.25,23.625,23.25,23.5,1800
1986-12-04,1.8687375783920288,23.125,23.25,23.125,23.25,1100
1986-12-05,1.8889399766921997,23.375,23.375,22.875,23.125,2200
1986-12-08,1.9091426134109497,23.625,23.625,23.25,23.375,3300
1986-12-09,1.8889399766921997,23.375,23.625,23.375,23.625,2500
1986-12-10,1.9091426134109497,23.625,23.625,23.375,23.375,2200
1986-12-11,1.8687375783920288,23.125,23.625,23.125,23.625,3100
1986-12-12,1.8788394927978516,23.25,23.625,23.0,23.125,2900
1986-12-15,1.8788394927978516,23.25,23.25,22.875,23.25,3000
1986-12-16,1.8788394927978516,23.25,23.25,23.125,23.25,2700
1986-12-17,1.8990412950515747,23.5,23.5,23.125,23.25,2000
1986-12-18,1.8687375783920288,23.125,23.5,23.125,23.5,4100
1986-12-19,1.9293451309204102,23.875,23.875,23.125,23.125,12200
1986-12-22,1.9293451309204102,23.875,23.875,23.625,23.875,6200
1986-12-23,1.9091426134109497,23.625,23.875,23.375,23.875,4100
1986-12-24,1.9192445278167725,23.75,24.0,23.75,23.75,3800
1986-12-26,1.9293451309204102,23.875,23.875,23.75,23.75,800
1986-12-29,1.9192445278167725,23.75,23.875,23.75,23.875,1900
1986-12-30,1.9091426134109497,23.625,23.875,23.625,23.75,1700
1986-12-31,1.9091426134109497,23.625,23.875,23.5,23.625,1500
1987-01-02,1.9293451309204102,23.875,23.875,23.75,23.75,2900
1987-01-05,1.9192445278167725,23.75,23.75,23.375,23.75,4100
1987-01-06,1.9495477676391602,24.125,24.5,24.0,24.0,7600
1987-01-07,1.9394468069076538,24.0,24.25,23.875,24.125,2500
1987-01-08,1.9192445278167725,23.75,23.875,23.75,23.875,500
1987-01-09,1.9091426134109497,23.625,24.0,23.25,23.75,5900
1987-01-12,1.8990412950515747,23.5,24.0,23.5,23.625,2400
1987-01-13,1.9495477676391602,24.125,24.25,24.0,24.0,2200
1987-01-14,1.9192445278167725,23.75,24.125,23.75,24.125,1600
1987-01-15,1.9495477676391602,24.125,24.375,23.75,23.75,5300
1987-01-16,1.9495477676391602,24.125,24.375,24.125,24.125,1600
1987-01-19,1.9798526763916016,24.5,24.5,24.125,24.125,3200
1987-01-20,2.0101561546325684,24.875,25.5,24.5,24.5,9200
1987-01-21,1.9495477676391602,24.125,24.375,24.125,24.375,2000
1987-01-22,2.000053644180298,24.75,24.75,24.625,24.625,5400
1987-01-23,1.9596494436264038,24.25,24.5,24.25,24.5,1000
1987-01-26,1.969750165939331,24.375,24.375,24.25,24.25,1800
1987-01-27,1.9495477676391602,24.125,24.5,24.125,24.375,2900
1987-01-28,1.969750165939331,24.375,24.375,24.125,24.125,2200
1987-01-29,1.9293451309204102,23.875,24.375,23.75,24.375,3400
1987-01-30,1.9091426134109497,23.625,23.75,23.25,23.75,2300
1987-02-02,1.9192445278167725,23.75,23.75,23.375,23.625,3600
1987-02-03,1.8990412950515747,23.5,23.75,23.5,23.75,1600
1987-02-04,1.8990412950515747,23.5,23.75,23.5,23.5,3500
1987-02-05,1.8990412950515747,23.5,23.75,23.375,23.5,5200
1987-02-06,1.8586361408233643,23.0,23.5,23.0,23.5,6700
1987-02-09,1.8384336233139038,22.75,23.25,22.75,23.0,6500
1987-02-10,1.8586361408233643,23.0,23.0,22.75,22.75,1900
1987-02-11,1.8283320665359497,22.625,22.75,22.625,22.75,1100
1987-02-12,1.8384336233139038,22.75,23.0,22.75,22.75,1200
1987-02-13,1.8687375783920288,23.125,23.125,22.875,22.875,4200
1987-02-17,1.8586361408233643,23.0,23.25,23.0,23.125,2700
1987-02-18,1.8384336233139038,22.75,22.875,22.625,22.875,2200
1987-02-19,1.8586361408233643,23.0,23.0,22.75,22.75,3000
1987-02-20,1.8384336233139038,22.75,23.0,22.75,23.0,2600
1987-02-23,1.8384336233139038,22.75,22.75,22.5,22.75,2900
1987-02-24,1.8182318210601807,22.5,22.75,22.5,22.75,2000
1987-02-25,1.7980283498764038,22.25,22.25,22.25,22.25,2300
1987-02-26,1.7980283498764038,22.25,22.5,22.125,22.25,3800
1987-02-27,1.8182318210601807,22.5,22.5,22.25,22.25,1100
1987-03-02,1.8081302642822266,22.375,22.75,22.375,22.5,3300
1987-03-03,1.8283320665359497,22.625,22.75,22.625,22.625,1900
1987-03-04,1.8081302642822266,22.375,22.5,22.25,22.5,5900
1987-03-05,1.8182318210601807,22.5,22.5,22.25,22.375,2400
1987-03-06,1.8081302642822266,22.375,22.625,22.375,22.5,4900
1987-03-09,1.8384336233139038,22.75,22.75,22.375,22.375,2500
1987-03-10,1.8384336233139038,22.75,22.75,22.5,22.75,2200
1987-03-11,1.8485349416732788,22.875,22.875,22.5,22.75,5000
1987-03-12,1.8283320665359497,22.625,22.875,22.625,22.875,1000
1987-03-13,1.8283320665359497,22.625,22.875,22.625,22.625,600
1987-03-16,1.8384336233139038,22.75,22.75,22.625,22.625,500
1987-03-17,1.8384336233139038,22.75,23.0,22.625,22.75,2100
1987-03-18,1.8384336233139038,22.75,23.0,22.625,22.75,1600
1987-03-19,1.8283320665359497,22.625,23.0,22.625,22.75,2300
1987-03-20,1.8384336233139038,22.75,22.875,22.5,22.625,17400
1987-03-23,1.8182318210601807,22.5,22.625,22.5,22.625,3600
1987-03-24,1.8283320665359497,22.625,22.625,22.5,22.5,2400
1987-03-25,1.8384336233139038,22.75,22.75,22.5,22.625,5100
1987-03-26,1.8384336233139038,22.75,22.75,22.5,22.75,1700
1987-03-27,1.8182318210601807,22.5,22.5,22.5,22.5,600
1987-03-30,1.7980283498764038,22.25,22.625,22.25,22.5,4000
1987-03-31,1.7980283498764038,22.25,22.5,22.25,22.25,5300
1987-04-01,1.7778271436691284,22.0,22.25,22.0,22.25,4400
1987-04-02,1.787927269935608,22.125,22.125,22.125,22.125,1300
1987-04-03,1.8182318210601807,22.5,22.5,21.875,22.125,1700
1987-04-06,1.8283320665359497,22.625,22.625,22.5,22.5,300
1987-04-07,1.787927269935608,22.125,22.375,22.125,22.375,2700
1987-04-08,1.7778271436691284,22.0,22.25,22.0,22.125,2800
1987-04-09,1.787927269935608,22.125,22.25,22.0,22.0,1800
1987-04-10,1.7576239109039307,21.75,22.0,21.75,22.0,1400
1987-04-13,1.6263073682785034,20.125,21.5,20.125,21.5,8900
1987-04-14,1.5656991004943848,19.375,20.25,19.25,20.125,4500
1987-04-15,1.5454963445663452,19.125,19.625,18.625,19.375,6800
1987-04-16,1.6364071369171143,20.25,20.25,19.25,19.25,6700
1987-04-20,1.6263073682785034,20.125,20.375,20.0,20.25,3200
1987-04-21,1.6162053346633911,20.0,20.125,19.75,20.125,9400
1987-04-22,1.656612515449524,20.5,20.5,20.125,20.125,2600
1987-04-23,1.6162053346633911,20.0,20.5,20.0,20.5,11400
1987-04-24,1.5960023403167725,19.75,20.125,19.75,20.0,4000
1987-04-27,1.5960023403167725,19.75,20.125,19.375,19.75,6400
1987-04-28,1.6162053346633911,20.0,20.375,19.875,19.875,3500
1987-04-29,1.5859016180038452,19.625,19.75,19.375,19.75,2100
1987-04-30,1.606103777885437,19.875,19.875,19.5,19.625,1000
1987-05-01,1.606103777885437,19.875,20.0,19.875,19.875,1000
1987-05-04,1.5960023403167725,19.75,19.875,19.5,19.875,1700
1987-05-05,1.5960023403167725,19.75,19.75,19.25,19.75,1500
1987-05-06,1.606103777885437,19.875,20.0,19.75,19.75,1900
1987-05-07,1.5960023403167725,19.75,20.125,19.75,19.875,2200
1987-05-08,1.6263073682785034,20.125,20.25,19.75,19.75,4000
1987-05-11,1.6263073682785034,20.125,20.125,20.0,20.125,4600
1987-05-12,1.6263073682785034,20.125,20.25,20.125,20.125,1600
1987-05-13,1.6263073682785034,20.125,20.25,20.125,20.125,1800
1987-05-14,1.6263073682785034,20.125,20.125,20.125,20.125,600
1987-05-15,1.5960023403167725,19.75,20.125,19.625,20.125,1900
1987-05-18,1.5555986166000366,19.25,19.75,19.25,19.75,3600
1987-05-19,1.5252941846847534,18.875,19.375,18.875,19.25,5200
1987-05-20,1.5252941846847534,18.875,19.0,18.75,18.875,3200
1987-05-21,1.5758012533187866,19.5,19.5,18.875,18.875,4100
1987-05-22,1.5758012533187866,19.5,19.75,19.5,19.5,1400
1987-05-26,1.6364071369171143,20.25,20.25,19.375,19.5,2600
1987-05-27,1.6465097665786743,20.375,20.375,20.0,20.25,1600
1987-05-28,1.606103777885437,19.875,20.125,19.875,20.125,2900
1987-05-29,1.6162053346633911,20.0,20.0,19.75,19.875,900
1987-06-01,1.6162053346633911,20.0,20.0,19.75,20.0,1000
1987-06-02,1.5555986166000366,19.25,19.75,19.25,19.75,3500
1987-06-03,1.5859016180038452,19.625,19.75,19.5,19.5,1800
1987-06-04,1.5656991004943848,19.375,19.625,19.375,19.625,1300
1987-06-05,1.5859016180038452,19.625,19.875,19.375,19.375,1700
1987-06-08,1.606103777885437,19.875,20.0,19.625,19.625,2500
1987-06-09,1.606103777885437,19.875,19.875,19.625,19.875,2500
1987-06-10,1.5859016180038452,19.625,19.875,19.625,19.875,2000
1987-06-11,1.606103777885437,19.875,19.875,19.625,19.625,3100
1987-06-12,1.606103777885437,19.875,19.875,19.625,19.875,2600
1987-06-15,1.5859016180038452,19.625,19.875,19.625,19.875,2000
1987-06-16,1.5859016180038452,19.625,19.875,19.625,19.625,2400
1987-06-17,1.606103777885437,19.875,19.875,19.625,19.625,2000
1987-06-18,1.606103777885437,19.875,19.875,19.625,19.875,2300
1987-06-19,1.606103777885437,19.875,20.0,19.625,19.875,13000
1987-06-22,1.6869163513183594,20.875,20.875,20.0,20.0,10200
1987-06-23,1.7374215126037598,21.5,21.5,20.625,20.875,4000
1987-06-24,1.697015643119812,21.0,21.5,21.0,21.5,2700
1987-06-25,1.7071170806884766,21.125,21.125,20.75,21.0,2900
1987-06-26,1.7071170806884766,21.125,21.125,20.875,21.125,1300
1987-06-29,1.697015643119812,21.0,21.25,21.0,21.125,4500
1987-06-30,1.697015643119812,21.0,21.25,21.0,21.0,2500
1987-07-01,1.7273194789886475,21.375,21.375,21.0,21.0,3500
1987-07-02,1.717218279838562,21.25,21.375,21.125,21.375,800
1987-07-06,1.7475224733352661,21.625,21.625,21.25,21.25,4000
1987-07-07,1.717218279838562,21.25,21.5,21.0,21.5,3500
1987-07-08,1.7374215126037598,21.5,21.625,21.375,21.375,1300
1987-07-09,1.7475224733352661,21.625,21.625,21.375,21.5,200
1987-07-10,1.7071170806884766,21.125,21.25,21.125,21.25,600
1987-07-13,1.717218279838562,21.25,21.25,21.0,21.125,1000
1987-07-14,1.7273194789886475,21.375,21.5,21.375,21.375,400
1987-07-15,1.7374215126037598,21.5,21.5,21.25,21.375,1300
1987-07-16,1.717218279838562,21.25,21.25,21.0,21.25,2600
1987-07-17,1.697015643119812,21.0,21.25,21.0,21.25,1900
1987-07-20,1.6667120456695557,20.625,21.0,20.625,21.0,3600
1987-07-21,1.6768133640289307,20.75,20.75,20.25,20.625,1800
1987-07-22,1.6869163513183594,20.875,20.875,20.625,20.75,2400
1987-07-23,1.656612515449524,20.5,21.0,20.25,20.875,3800
1987-07-24,1.6768133640289307,20.75,20.75,20.75,20.75,200
1987-07-27,1.6869163513183594,20.875,20.875,20.25,20.75,3000
1987-07-28,1.656612515449524,20.5,20.75,20.5,20.75,1200
1987-07-29,1.6364071369171143,20.25,20.5,20.25,20.5,1000
1987-07-30,1.6162053346633911,20.0,20.5,20.0,20.25,2100
1987-07-31,1.656612515449524,20.5,20.5,20.0,20.0,2300
1987-08-03,1.6667120456695557,20.625,20.75,20.25,20.5,2500
1987-08-04,1.656612515449524,20.5,20.75,20.375,20.625,2000
1987-08-05,1.6465097665786743,20.375,20.375,20.375,20.375,2700
1987-08-06,1.6768133640289307,20.75,20.875,20.5,20.5,3000
1987-08-07,1.6667120456695557,20.625,20.875,20.5,20.75,3300
1987-08-10,1.6869163513183594,20.875,20.875,20.875,20.875,1600
1987-08-11,1.697015643119812,21.0,21.0,20.625,20.875,2400
1987-08-12,1.697015643119812,21.0,21.0,20.75,21.0,2000
1987-08-13,1.697015643119812,21.0,21.0,20.75,21.0,4600
1987-08-14,1.717218279838562,21.25,21.25,21.0,21.0,6700
1987-08-17,1.6869163513183594,20.875,21.125,20.875,21.125,2900
1987-08-18,1.6667120456695557,20.625,21.0,20.625,20.875,2900
1987-08-19,1.7071170806884766,21.125,21.25,20.875,20.875,2100
1987-08-20,1.717218279838562,21.25,21.5,21.125,21.125,2100
1987-08-21,1.7071170806884766,21.125,21.375,21.125,21.25,200
1987-08-24,1.7273194789886475,21.375,21.375,20.875,21.125,2500
1987-08-25,1.717218279838562,21.25,21.375,21.125,21.375,1500
1987-08-26,1.7576239109039307,21.75,21.75,21.375,21.375,3700
1987-08-27,1.7071170806884766,21.125,21.5,21.0,21.5,4500
1987-08-28,1.7071170806884766,21.125,21.125,20.875,21.125,1700
1987-08-31,1.717218279838562,21.25,21.75,21.25,21.25,4900
1987-09-01,1.717218279838562,21.25,21.375,20.875,21.25,2000
1987-09-02,1.6869163513183594,20.875,21.625,20.875,21.25,1100
1987-09-03,1.6667120456695557,20.625,20.875,20.625,20.875,1300
1987-09-04,1.7071170806884766,21.125,21.125,20.625,20.625,2800
1987-09-08,1.6667120456695557,20.625,20.875,20.5,20.875,2600
1987-09-09,1.656612515449524,20.5,20.75,20.5,20.625,1800
1987-09-10,1.6465097665786743,20.375,20.75,20.375,20.5,1100
1987-09-11,1.6667120456695557,20.625,20.75,20.5,20.5,800
1987-09-14,1.6768133640289307,20.75,20.875,20.5,20.625,3900
1987-09-15,1.656612515449524,20.5,21.125,20.5,20.75,1400
1987-09-16,1.656612515449524,20.5,20.625,20.25,20.5,3500
1987-09-17,1.6364071369171143,20.25,20.75,20.25,20.5,3100
1987-09-18,1.6465097665786743,20.375,20.625,20.25,20.25,2100
1987-09-21,1.6364071369171143,20.25,20.5,20.25,20.375,1600
1987-09-22,1.656612515449524,20.5,20.75,20.25,20.25,1800
1987-09-23,1.656612515449524,20.5,20.5,20.5,20.5,800
1987-09-24,1.6465097665786743,20.375,20.625,20.25,20.5,5700
1987-09-25,1.6364071369171143,20.25,20.5,20.125,20.375,1700
1987-09-28,1.6667120456695557,20.625,20.875,20.375,20.375,3200
1987-09-29,1.6667120456695557,20.625,20.625,20.625,20.625,600
1987-09-30,1.6263073682785034,20.125,20.375,20.125,20.375,1900
1987-10-01,1.6364071369171143,20.25,20.375,20.125,20.125,1800
1987-10-02,1.656612515449524,20.5,20.5,20.125,20.25,3200
1987-10-05,1.606103777885437,19.875,19.875,19.875,19.875,500
1987-10-06,1.5859016180038452,19.625,20.0,19.625,19.875,900
1987-10-07,1.5758012533187866,19.5,19.875,19.375,19.625,4600
1987-10-08,1.5454963445663452,19.125,19.5,19.0,19.5,3000
1987-10-09,1.5353944301605225,19.0,19.125,18.5,19.125,3900
1987-10-12,1.515192985534668,18.75,19.0,18.75,19.0,3000
1987-10-13,1.515192985534668,18.75,19.0,18.5,18.75,1900
1987-10-14,1.4545857906341553,18.0,18.375,18.0,18.375,3400
1987-10-15,1.4141803979873657,17.5,18.25,17.375,18.0,6500
1987-10-16,1.3939778804779053,17.25,17.5,17.125,17.5,8400
1987-10-19,1.3737750053405762,17.0,17.625,17.0,17.25,10300
1987-10-20,1.4545857906341553,18.0,18.0,17.25,17.25,9000
1987-10-21,1.5252941846847534,18.875,19.0,18.375,18.375,4300
1987-10-22,1.5353944301605225,19.0,19.25,18.75,18.875,5200
1987-10-23,1.5353944301605225,19.0,19.0,18.625,19.0,2900
1987-10-26,1.4949911832809448,18.5,19.375,18.5,19.0,2000
1987-10-27,1.606103777885437,19.875,19.875,18.75,18.75,3800
1987-10-28,1.5758012533187866,19.5,19.875,19.5,19.875,1100
1987-10-29,1.6162053346633911,20.0,20.0,19.75,19.75,900
1987-10-30,1.5960023403167725,19.75,19.75,19.375,19.75,2700
1987-11-02,1.5656991004943848,19.375,19.625,19.25,19.625,1700
1987-11-03,1.606103777885437,19.875,19.875,19.125,19.375,2600
1987-11-04,1.5859016180038452,19.625,19.625,19.625,19.625,500
1987-11-05,1.606103777885437,19.875,20.0,19.625,19.625,0
1987-11-06,1.6364071369171143,20.25,20.25,19.75,20.0,0
1987-11-09,1.5960023403167725,19.75,20.125,19.75,20.125,900
1987-11-10,1.5960023403167725,19.75,20.125,19.75,20.125,1600
1987-11-11,1.5960023403167725,19.75,19.75,19.75,19.75,0
1987-11-12,1.606103777885437,19.875,20.25,19.875,20.0,5300
1987-11-13,1.6465097665786743,20.375,20.375,20.125,20.125,1400
1987-11-16,1.6465097665786743,20.375,20.5,20.375,20.5,3000
1987-11-17,1.6364071369171143,20.25,20.625,20.25,20.625,3000
1987-11-18,1.6465097665786743,20.375,20.375,20.0,20.375,4000
1987-11-19,1.6465097665786743,20.375,20.5,20.125,20.5,2200
1987-11-20,1.656612515449524,20.5,20.75,20.5,20.75,2300
1987-11-23,1.6162053346633911,20.0,20.375,19.875,20.375,2100
1987-11-24,1.5960023403167725,19.75,20.0,19.75,20.0,1000
1987-11-25,1.5960023403167725,19.75,19.75,19.75,19.75,0
1987-11-27,1.6364071369171143,20.25,20.25,20.0,20.0,600
1987-11-30,1.6465097665786743,20.375,20.375,19.625,20.0,4100
1987-12-01,1.6263073682785034,20.125,20.75,19.875,20.75,3400
1987-12-02,1.5960023403167725,19.75,20.125,19.75,19.875,800
1987-12-03,1.5859016180038452,19.625,20.0,19.625,20.0,800
1987-12-04,1.5859016180038452,19.625,19.875,19.625,19.875,700
1987-12-07,1.606103777885437,19.875,19.875,19.625,19.625,1700
1987-12-08,1.5960023403167725,19.75,19.875,19.25,19.875,2000
1987-12-09,1.5758012533187866,19.5,19.875,19.5,19.625,1800
1987-12-10,1.5454963445663452,19.125,19.5,19.125,19.5,1800
1987-12-11,1.5353944301605225,19.0,19.125,19.0,19.125,1600
1987-12-14,1.5454963445663452,19.125,19.25,19.0,19.25,1300
1987-12-15,1.5454963445663452,19.125,19.375,19.0,19.0,1100
1987-12-16,1.5656991004943848,19.375,19.625,19.375,19.375,1400
1987-12-17,1.5555986166000366,19.25,19.25,19.25,19.25,200
1987-12-18,1.5555986166000366,19.25,19.5,19.25,19.5,1700
1987-12-21,1.5859016180038452,19.625,19.625,19.25,19.25,1400
1987-12-22,1.5859016180038452,19.625,19.625,19.5,19.625,1600
1987-12-23,1.5859016180038452,19.625,19.75,19.5,19.625,3700
1987-12-24,1.59335196018219,19.25,19.5,19.25,19.25,1700
1987-12-28,1.59335196018219,19.25,19.25,19.25,19.25,0
1987-12-29,1.5726574659347534,19.0,19.25,19.0,19.0,1600
1987-12-30,1.5726574659347534,19.0,19.25,19.0,19.25,3800
1987-12-31,1.5623120069503784,18.875,19.375,18.875,19.0,1700
1988-01-04,1.5726574659347534,19.0,19.25,18.875,18.875,2100
1988-01-05,1.6140447854995728,19.5,19.5,19.25,19.25,1400
1988-01-06,1.6347362995147705,19.75,19.75,19.5,19.5,6700
1988-01-07,1.655429482460022,20.0,20.0,20.0,20.0,200
1988-01-08,1.655429482460022,20.0,20.0,20.0,20.0,600
1988-01-11,1.6657767295837402,20.125,20.125,19.75,19.75,2500
1988-01-12,1.6864694356918335,20.375,20.375,20.375,20.375,1500
1988-01-13,1.6657767295837402,20.125,20.25,20.125,20.125,3000
1988-01-14,1.676121711730957,20.25,20.5,20.0,20.125,6000
1988-01-15,1.6864694356918335,20.375,20.75,20.375,20.5,3200
1988-01-18,1.696817398071289,20.5,20.5,20.5,20.5,800
1988-01-19,1.6864694356918335,20.375,20.625,20.25,20.375,1100
1988-01-20,1.676121711730957,20.25,20.5,20.25,20.25,4800
1988-01-21,1.676121711730957,20.25,20.5,20.25,20.5,300
1988-01-22,1.6864694356918335,20.375,20.625,20.375,20.5,1700
1988-01-25,1.6864694356918335,20.375,20.5,20.375,20.5,2900
1988-01-26,1.696817398071289,20.5,20.5,20.375,20.375,500
1988-01-27,1.6864694356918335,20.375,20.5,20.375,20.5,1100
1988-01-28,1.696817398071289,20.5,20.625,20.375,20.625,2000
1988-01-29,1.6864694356918335,20.375,20.625,20.375,20.625,1200
1988-02-01,1.7071620225906372,20.625,20.625,20.5,20.625,1500
1988-02-02,1.7278566360473633,20.875,20.875,20.75,20.875,4300
1988-02-03,1.7588939666748047,21.25,21.25,20.875,21.0,2600
1988-02-04,1.7588939666748047,21.25,21.625,21.125,21.125,1600
1988-02-05,1.7588939666748047,21.25,21.25,21.25,21.25,100
1988-02-08,1.7795875072479248,21.5,21.5,21.25,21.5,1700
1988-02-09,1.800280213356018,21.75,21.75,21.625,21.625,1000
1988-02-10,1.800280213356018,21.75,22.0,21.75,22.0,3100
1988-02-11,1.800280213356018,21.75,22.0,21.625,21.625,1500
1988-02-12,1.831318974494934,22.125,22.125,21.75,21.75,4200
1988-02-16,1.800280213356018,21.75,22.375,21.75,22.375,7500
1988-02-17,1.800280213356018,21.75,22.0,21.75,21.875,1300
1988-02-18,1.7588939666748047,21.25,22.25,21.25,22.0,8600
1988-02-19,1.769240379333496,21.375,21.625,21.375,21.5,1600
1988-02-22,1.8209737539291382,22.0,22.0,21.625,21.625,1700
1988-02-23,1.8106271028518677,21.875,22.0,21.75,21.75,1600
1988-02-24,1.7899335622787476,21.625,21.75,21.625,21.75,1100
1988-02-25,1.7588939666748047,21.25,21.5,21.25,21.375,1300
1988-02-26,1.7795875072479248,21.5,21.75,21.5,21.5,1800
1988-02-29,1.800280213356018,21.75,21.75,21.625,21.75,4000
1988-03-01,1.800280213356018,21.75,21.75,21.5,21.5,2100
1988-03-02,1.7899335622787476,21.625,21.625,21.5,21.5,500
1988-03-03,1.769240379333496,21.375,21.5,21.375,21.5,1400
1988-03-04,1.7795875072479248,21.5,21.75,21.5,21.5,800
1988-03-07,1.769240379333496,21.375,21.625,21.25,21.625,2200
1988-03-08,1.7588939666748047,21.25,21.375,21.0,21.125,5200
1988-03-09,1.7588939666748047,21.25,21.25,21.125,21.25,900
1988-03-10,1.7382011413574219,21.0,21.375,21.0,21.25,1300
1988-03-11,1.7588939666748047,21.25,21.25,21.0,21.0,1600
1988-03-14,1.7588939666748047,21.25,21.25,21.25,21.25,300
1988-03-15,1.7485476732254028,21.125,21.375,21.125,21.375,800
1988-03-16,1.7899335622787476,21.625,21.625,21.25,21.375,3200
1988-03-17,1.7795875072479248,21.5,21.75,21.5,21.75,200
1988-03-18,1.7795875072479248,21.5,21.5,21.25,21.25,200
1988-03-21,1.7899335622787476,21.625,21.625,21.375,21.5,2800
1988-03-22,1.7588939666748047,21.25,21.625,21.25,21.5,1600
1988-03-23,1.7899335622787476,21.625,21.625,21.5,21.5,1200
1988-03-24,1.7795875072479248,21.5,21.5,21.25,21.5,1500
1988-03-25,1.7278566360473633,20.875,21.5,20.875,21.5,5000
1988-03-28,1.7071620225906372,20.625,20.75,20.625,20.75,2100
1988-03-29,1.7382011413574219,21.0,21.0,20.75,20.75,1700
1988-03-30,1.7382011413574219,21.0,21.25,21.0,21.25,900
1988-03-31,1.7382011413574219,21.0,21.0,20.75,21.0,1100
1988-04-04,1.7071620225906372,20.625,21.125,20.625,21.125,1900
1988-04-05,1.7175084352493286,20.75,20.875,20.625,20.625,1200
1988-04-06,1.7071620225906372,20.625,20.625,20.625,20.625,300
1988-04-07,1.7278566360473633,20.875,21.0,20.875,20.875,700
1988-04-08,1.7175084352493286,20.75,21.0,20.75,20.875,900
1988-04-11,1.7278566360473633,20.875,20.875,20.75,20.875,2100
1988-04-12,1.7588939666748047,21.25,21.25,20.75,20.75,3500
1988-04-13,1.7175084352493286,20.75,21.375,20.75,21.375,4900
1988-04-14,1.7071620225906372,20.625,21.0,20.625,21.0,2000
1988-04-15,1.7071620225906372,20.625,20.875,20.625,20.625,1600
1988-04-18,1.7253682613372803,20.375,20.375,20.25,20.25,400
1988-04-19,1.7041983604431152,20.125,20.375,20.125,20.375,500
1988-04-20,1.6830285787582397,19.875,20.0,19.875,20.0,1500
1988-04-21,1.693613886833191,20.0,20.25,20.0,20.125,1600
1988-04-22,1.693613886833191,20.0,20.0,19.75,19.875,2800
1988-04-25,1.7147833108901978,20.25,20.25,20.0,20.125,3000
1988-04-26,1.7041983604431152,20.125,20.125,20.0,20.0,400
1988-04-27,1.693613886833191,20.0,20.0,20.0,20.0,700
1988-04-28,1.7041983604431152,20.125,20.125,19.875,19.875,1000
1988-04-29,1.67244291305542,19.75,19.875,19.75,19.875,700
1988-05-02,1.693613886833191,20.0,20.0,19.875,20.0,1000
1988-05-03,1.6830285787582397,19.875,19.875,19.75,19.75,1000
1988-05-04,1.6830285787582397,19.875,20.0,19.875,20.0,1300
1988-05-05,1.6830285787582397,19.875,19.875,19.875,19.875,300
1988-05-06,1.7041983604431152,20.125,20.125,19.875,19.875,1700
1988-05-09,1.67244291305542,19.75,20.0,19.75,20.0,800
1988-05-10,1.6830285787582397,19.875,19.875,19.625,19.875,3900
1988-05-11,1.6830285787582397,19.875,19.875,19.875,19.875,0
1988-05-12,1.661858081817627,19.625,19.625,19.625,19.625,300
1988-05-13,1.661858081817627,19.625,19.625,19.625,19.625,0
1988-05-16,1.67244291305542,19.75,19.75,19.625,19.625,400
1988-05-17,1.693613886833191,20.0,20.0,19.75,19.75,4400
1988-05-18,1.67244291305542,19.75,19.75,19.75,19.75,1900
1988-05-19,1.6830285787582397,19.875,19.875,19.625,19.75,1000
1988-05-20,1.6830285787582397,19.875,19.875,19.875,19.875,0
1988-05-23,1.67244291305542,19.75,19.75,19.5,19.625,1000
1988-05-24,1.6301031112670898,19.25,19.5,19.25,19.5,2500
1988-05-25,1.6301031112670898,19.25,19.25,19.25,19.25,7500
1988-05-26,1.6301031112670898,19.25,19.375,19.25,19.375,200
1988-05-27,1.67244291305542,19.75,19.75,19.25,19.25,2600
1988-05-31,1.651273250579834,19.5,19.5,19.5,19.5,1400
1988-06-01,1.67244291305542,19.75,19.75,19.75,19.75,1000
1988-06-02,1.67244291305542,19.75,19.875,19.75,19.75,5900
1988-06-03,1.661858081817627,19.625,19.625,19.625,19.625,400
1988-06-06,1.6830285787582397,19.875,19.875,19.75,19.875,700
1988-06-07,1.661858081817627,19.625,19.875,19.5,19.875,1900
1988-06-08,1.661858081817627,19.625,19.875,19.625,19.75,2900
1988-06-09,1.661858081817627,19.625,19.875,19.625,19.875,2100
1988-06-10,1.661858081817627,19.625,19.875,19.625,19.875,1500
1988-06-13,1.6830285787582397,19.875,19.875,19.75,19.75,300
1988-06-14,1.6830285787582397,19.875,19.875,19.625,19.625,2300
1988-06-15,1.661858081817627,19.625,20.0,19.625,20.0,3100
1988-06-16,1.67244291305542,19.75,19.875,19.75,19.75,1500
1988-06-17,1.6406867504119873,19.375,19.625,19.375,19.625,6000
1988-06-20,1.67244291305542,19.75,19.75,19.5,19.625,400
1988-06-21,1.651273250579834,19.5,19.75,19.5,19.5,1900
1988-06-22,1.661858081817627,19.625,19.75,19.5,19.5,2600
1988-06-23,1.6301031112670898,19.25,19.625,19.25,19.625,2800
1988-06-24,1.6406867504119873,19.375,19.375,19.25,19.25,2900
1988-06-27,1.651273250579834,19.5,19.625,19.5,19.625,600
1988-06-28,1.661858081817627,19.625,19.625,19.375,19.375,1000
1988-06-29,1.651273250579834,19.5,19.75,19.5,19.75,900
1988-06-30,1.67244291305542,19.75,19.75,19.75,19.75,200
1988-07-01,1.67244291305542,19.75,19.75,19.5,19.5,1600
1988-07-05,1.661858081817627,19.625,19.75,19.625,19.75,300
1988-07-06,1.661858081817627,19.625,19.625,19.625,19.625,900
1988-07-07,1.651273250579834,19.5,19.75,19.5,19.75,1500
1988-07-08,1.651273250579834,19.5,19.625,19.5,19.625,1600
1988-07-11,1.669924020767212,19.25,19.25,19.0,19.0,1800
1988-07-12,1.669924020767212,19.25,19.25,19.125,19.25,2700
1988-07-13,1.669924020767212,19.25,19.25,19.125,19.125,2800
1988-07-14,1.669924020767212,19.25,19.25,19.125,19.125,3800
1988-07-15,1.659079909324646,19.125,19.25,19.125,19.25,2800
1988-07-18,1.669924020767212,19.25,19.25,19.125,19.125,1000
1988-07-19,1.659079909324646,19.125,19.25,19.0,19.0,3700
1988-07-20,1.6482365131378174,19.0,19.125,19.0,19.125,200
1988-07-21,1.659079909324646,19.125,19.125,19.125,19.125,1400
1988-07-22,1.659079909324646,19.125,19.125,19.125,19.125,900
1988-07-25,1.669924020767212,19.25,19.375,19.125,19.375,900
1988-07-26,1.669924020767212,19.25,19.25,19.25,19.25,600
1988-07-27,1.659079909324646,19.125,19.25,19.125,19.25,1700
1988-07-28,1.669924020767212,19.25,19.25,19.125,19.25,1100
1988-07-29,1.669924020767212,19.25,19.375,19.125,19.25,800
1988-08-01,1.669924020767212,19.25,19.5,19.25,19.5,1700
1988-08-02,1.659079909324646,19.125,19.25,18.875,19.25,5700
1988-08-03,1.7132974863052368,19.75,19.75,19.375,19.375,7000
1988-08-04,1.7241425514221191,19.875,19.875,19.625,19.625,500
1988-08-05,1.7241425514221191,19.875,19.875,19.625,19.625,1500
1988-08-08,1.734986424446106,20.0,20.0,19.875,19.875,1900
1988-08-09,1.7458298206329346,20.125,20.125,19.75,19.75,3300
1988-08-10,1.7132974863052368,19.75,20.25,19.75,20.125,2000
1988-08-11,1.6807674169540405,19.375,19.625,19.25,19.625,3500
1988-08-12,1.669924020767212,19.25,19.5,19.25,19.25,1200
1988-08-15,1.7024550437927246,19.625,19.625,19.375,19.5,1700
1988-08-16,1.7024550437927246,19.625,19.625,19.375,19.625,1800
1988-08-17,1.7024550437927246,19.625,19.625,19.375,19.375,3000
1988-08-18,1.669924020767212,19.25,19.375,19.25,19.375,2100
1988-08-19,1.6807674169540405,19.375,19.5,19.375,19.5,400
1988-08-22,1.669924020767212,19.25,19.5,19.25,19.5,700
1988-08-23,1.669924020767212,19.25,19.25,19.0,19.25,4000
1988-08-24,1.669924020767212,19.25,19.25,19.0,19.25,4600
1988-08-25,1.669924020767212,19.25,19.25,19.25,19.25,500
1988-08-26,1.6807674169540405,19.375,19.375,19.125,19.125,3200
1988-08-29,1.669924020767212,19.25,19.375,19.25,19.375,900
1988-08-30,1.6807674169540405,19.375,19.375,19.25,19.375,2800
1988-08-31,1.6916115283966064,19.5,19.5,19.25,19.375,1300
1988-09-01,1.6807674169540405,19.375,19.375,19.25,19.25,800
1988-09-02,1.669924020767212,19.25,19.5,19.25,19.5,300
1988-09-06,1.659079909324646,19.125,19.375,19.125,19.25,2700
1988-09-07,1.659079909324646,19.125,19.125,19.125,19.125,0
1988-09-08,1.6482365131378174,19.0,19.125,19.0,19.125,3300
1988-09-09,1.6482365131378174,19.0,19.125,18.875,18.875,4600
1988-09-12,1.6373933553695679,18.875,19.0,18.875,19.0,2400
1988-09-13,1.669924020767212,19.25,19.25,18.875,18.875,3200
1988-09-14,1.6482365131378174,19.0,19.25,19.0,19.25,1500
1988-09-15,1.6482365131378174,19.0,19.125,19.0,19.0,2000
1988-09-16,1.659079909324646,19.125,19.125,19.0,19.0,3800
1988-09-19,1.659079909324646,19.125,19.25,19.0,19.0,1500
1988-09-20,1.659079909324646,19.125,19.375,19.0,19.0,2100
1988-09-21,1.669924020767212,19.25,19.25,19.0,19.0,3000
1988-09-22,1.6807674169540405,19.375,19.375,19.125,19.25,2200
1988-09-23,1.6807674169540405,19.375,19.5,19.125,19.5,3400
1988-09-26,1.6807674169540405,19.375,19.5,19.25,19.5,1000
1988-09-27,1.6807674169540405,19.375,19.5,19.25,19.25,1400
1988-09-28,1.6807674169540405,19.375,19.5,19.375,19.5,1200
1988-09-29,1.6807674169540405,19.375,19.375,19.375,19.375,200
1988-09-30,1.669924020767212,19.25,19.5,19.25,19.5,3800
1988-10-03,1.669924020767212,19.25,19.5,19.25,19.375,1900
1988-10-04,1.6916115283966064,19.5,19.5,19.25,19.375,2100
1988-10-05,1.669924020767212,19.25,19.25,19.25,19.25,1200
1988-10-06,1.6807674169540405,19.375,19.375,19.25,19.25,600
1988-10-07,1.669924020767212,19.25,19.25,18.875,19.25,1000
1988-10-10,1.6482365131378174,19.0,19.0,18.875,19.0,1900
1988-10-11,1.6482365131378174,19.0,19.125,18.875,19.0,1000
1988-10-12,1.659079909324646,19.125,19.125,19.0,19.0,1100
1988-10-13,1.659079909324646,19.125,19.125,19.0,19.125,1300
1988-10-14,1.659079909324646,19.125,19.25,19.125,19.125,2800
1988-10-17,1.669924020767212,19.25,19.25,19.125,19.125,3000
1988-10-18,1.659079909324646,19.125,19.25,19.125,19.25,1100
1988-10-19,1.659079909324646,19.125,19.375,19.125,19.125,4400
1988-10-20,1.669924020767212,19.25,19.375,19.125,19.125,4100
1988-10-21,1.659079909324646,19.125,19.375,19.125,19.25,2100
1988-10-24,1.659079909324646,19.125,19.25,19.125,19.125,1500
1988-10-25,1.6373933553695679,18.875,19.25,18.875,19.25,6400
1988-10-26,1.6373933553695679,18.875,18.875,18.875,18.875,0
1988-10-27,1.6482365131378174,19.0,19.125,19.0,19.125,1300
1988-10-28,1.6373933553695679,18.875,19.125,18.875,18.875,1300
1988-10-31,1.6373933553695679,18.875,18.875,18.875,18.875,1600
1988-11-01,1.6373933553695679,18.875,19.0,18.75,18.875,8500
1988-11-02,1.6482365131378174,19.0,19.0,18.875,18.875,200
1988-11-03,1.626549482345581,18.75,19.0,18.75,18.75,2700
1988-11-04,1.6482365131378174,19.0,19.0,18.75,18.75,1000
1988-11-07,1.6482365131378174,19.0,19.125,19.0,19.125,5600
1988-11-08,1.669924020767212,19.25,19.25,19.125,19.125,2000
1988-11-09,1.669924020767212,19.25,19.25,19.125,19.125,200
1988-11-10,1.6482365131378174,19.0,19.375,19.0,19.375,4800
1988-11-11,1.659079909324646,19.125,19.25,19.0,19.0,1900
1988-11-14,1.626549482345581,18.75,19.0,18.75,18.875,5300
1988-11-15,1.626549482345581,18.75,18.875,18.75,18.75,1800
1988-11-16,1.583174467086792,18.25,18.5,18.25,18.5,2500
1988-11-17,1.5614880323410034,18.0,18.5,17.75,18.25,6300
1988-11-18,1.5614880323410034,18.0,18.125,17.875,17.875,3300
1988-11-21,1.5614880323410034,18.0,18.125,17.875,18.125,3000
1988-11-22,1.5940182209014893,18.375,18.375,18.0,18.0,5800
1988-11-23,1.5940182209014893,18.375,18.5,18.25,18.375,2100
1988-11-25,1.604862093925476,18.5,18.5,18.375,18.5,1600
1988-11-28,1.583174467086792,18.25,18.5,18.125,18.375,3000
1988-11-29,1.5614880323410034,18.0,18.375,17.875,18.375,3500
1988-11-30,1.5723308324813843,18.125,18.25,17.75,18.25,3500
1988-12-01,1.5614880323410034,18.0,18.375,18.0,18.375,5100
1988-12-02,1.5614880323410034,18.0,18.25,17.875,17.875,1500
1988-12-05,1.5614880323410034,18.0,18.0,18.0,18.0,2200
1988-12-06,1.5506441593170166,17.875,18.0,17.875,18.0,6900
1988-12-07,1.5506441593170166,17.875,18.0,17.875,17.875,4700
1988-12-08,1.5614880323410034,18.0,18.25,18.0,18.125,2700
1988-12-09,1.5614880323410034,18.0,18.25,18.0,18.25,2700
1988-12-12,1.583174467086792,18.25,18.25,18.0,18.0,1400
1988-12-13,1.583174467086792,18.25,18.25,18.0,18.0,2400
1988-12-14,1.5723308324813843,18.125,18.25,18.125,18.25,700
1988-12-15,1.5614880323410034,18.0,18.25,18.0,18.125,2800
1988-12-16,1.583174467086792,18.25,18.25,18.0,18.0,2800
1988-12-19,1.583174467086792,18.25,18.25,18.25,18.25,2600
1988-12-20,1.5723308324813843,18.125,18.25,18.125,18.125,3500
1988-12-21,1.5614880323410034,18.0,18.25,18.0,18.25,2800
1988-12-22,1.5506441593170166,17.875,18.0,17.875,18.0,2300
1988-12-23,1.558659315109253,17.5,17.625,17.5,17.625,1200
1988-12-27,1.5697928667068481,17.625,17.875,17.625,17.625,2700
1988-12-28,1.59205961227417,17.875,17.875,17.625,17.625,4700
1988-12-29,1.59205961227417,17.875,17.875,17.75,17.875,2900
1988-12-30,1.5697928667068481,17.625,17.875,17.625,17.75,3500
1989-01-03,1.59205961227417,17.875,17.875,17.875,17.875,300
1989-01-04,1.6031931638717651,18.0,18.0,17.75,18.0,3500
1989-01-05,1.6031931638717651,18.0,18.125,18.0,18.0,2000
1989-01-06,1.6031931638717651,18.0,18.0,18.0,18.0,600
1989-01-09,1.6031931638717651,18.0,18.125,18.0,18.125,1100
1989-01-10,1.6254600286483765,18.25,18.25,18.0,18.0,800
1989-01-11,1.6031931638717651,18.0,18.125,18.0,18.125,1100
1989-01-12,1.6031931638717651,18.0,18.125,18.0,18.125,800
1989-01-13,1.6143267154693604,18.125,18.25,18.125,18.25,800
1989-01-16,1.6254600286483765,18.25,18.375,18.0,18.25,3100
1989-01-17,1.6031931638717651,18.0,18.25,17.875,18.125,3800
1989-01-18,1.6031931638717651,18.0,18.0,17.875,18.0,500
1989-01-19,1.6143267154693604,18.125,18.125,17.875,17.875,1900
1989-01-20,1.6031931638717651,18.0,18.125,18.0,18.0,2600
1989-01-23,1.6031931638717651,18.0,18.125,18.0,18.125,600
1989-01-24,1.6254600286483765,18.25,18.25,18.0,18.0,7800
1989-01-25,1.6254600286483765,18.25,18.375,18.125,18.375,1200
1989-01-26,1.6143267154693604,18.125,18.25,18.125,18.25,1900
1989-01-27,1.6143267154693604,18.125,18.25,18.125,18.25,3100
1989-01-30,1.6588594913482666,18.625,18.75,18.375,18.375,5700
1989-01-31,1.669992208480835,18.75,18.75,18.5,18.5,2300
1989-02-01,1.6588594913482666,18.625,18.75,18.625,18.625,4300
1989-02-02,1.6811264753341675,18.875,18.875,18.625,18.875,6400
1989-02-03,1.6588594913482666,18.625,18.875,18.625,18.875,3000
1989-02-06,1.6811264753341675,18.875,19.0,18.625,18.625,7700
1989-02-07,1.669992208480835,18.75,18.875,18.75,18.875,2400
1989-02-08,1.669992208480835,18.75,18.75,18.75,18.75,600
1989-02-09,1.7033922672271729,19.125,19.125,18.75,18.75,4300
1989-02-10,1.669992208480835,18.75,19.25,18.75,19.25,3900
1989-02-13,1.669992208480835,18.75,19.0,18.75,18.75,2000
1989-02-14,1.6811264753341675,18.875,19.0,18.75,18.75,3200
1989-02-15,1.6811264753341675,18.875,19.0,18.875,19.0,300
1989-02-16,1.6922587156295776,19.0,19.0,18.875,18.875,1200
1989-02-17,1.6811264753341675,18.875,19.0,18.875,19.0,1800
1989-02-21,1.6811264753341675,18.875,19.0,18.875,19.0,400
1989-02-22,1.6922587156295776,19.0,19.0,18.875,18.875,1300
1989-02-23,1.7033922672271729,19.125,19.125,18.875,18.875,1900
1989-02-24,1.7033922672271729,19.125,19.125,18.875,18.875,2100
1989-02-27,1.6922587156295776,19.0,19.0,18.875,19.0,2200
1989-02-28,1.6922587156295776,19.0,19.0,19.0,19.0,500
1989-03-01,1.6811264753341675,18.875,19.0,18.875,19.0,1700
1989-03-02,1.6811264753341675,18.875,18.875,18.875,18.875,1500
1989-03-03,1.6922587156295776,19.0,19.0,18.75,18.75,1600
1989-03-06,1.6922587156295776,19.0,19.0,19.0,19.0,0
1989-03-07,1.6922587156295776,19.0,19.0,18.875,18.875,3500
1989-03-08,1.6811264753341675,18.875,18.875,18.875,18.875,300
1989-03-09,1.6811264753341675,18.875,19.0,18.875,18.875,2200
1989-03-10,1.6811264753341675,18.875,18.875,18.875,18.875,200
1989-03-13,1.7033922672271729,19.125,19.125,19.0,19.0,1500
1989-03-14,1.6922587156295776,19.0,19.25,19.0,19.25,800
1989-03-15,1.7033922672271729,19.125,19.125,19.125,19.125,100
1989-03-16,1.6922587156295776,19.0,19.125,19.0,19.125,600
1989-03-17,1.7145261764526367,19.25,19.25,19.0,19.0,1400
1989-03-20,1.6922587156295776,19.0,19.0,19.0,19.0,1000
1989-03-21,1.6922587156295776,19.0,19.0,19.0,19.0,0
1989-03-22,1.7033922672271729,19.125,19.25,19.0,19.0,4000
1989-03-23,1.7033922672271729,19.125,19.125,19.125,19.125,300
1989-03-27,1.7033922672271729,19.125,19.25,19.125,19.25,1900
1989-03-28,1.7033922672271729,19.125,19.25,19.125,19.25,500
1989-03-29,1.7033922672271729,19.125,19.125,19.125,19.125,1000
1989-03-30,1.7033922672271729,19.125,19.25,19.125,19.25,1400
1989-03-31,1.6922587156295776,19.0,19.0,19.0,19.0,700
1989-04-03,1.7145261764526367,19.25,19.25,19.0,19.125,1100
1989-04-04,1.7145261764526367,19.25,19.25,19.125,19.125,900
1989-04-05,1.7033922672271729,19.125,19.125,19.125,19.125,300
1989-04-06,1.7033922672271729,19.125,19.25,19.125,19.25,500
1989-04-07,1.6922587156295776,19.0,19.125,19.0,19.125,1400
1989-04-10,1.7033922672271729,19.125,19.125,19.0,19.125,1200
1989-04-11,1.7033922672271729,19.125,19.25,19.125,19.25,1400
1989-04-12,1.7033922672271729,19.125,19.25,19.125,19.25,400
1989-04-13,1.6922587156295776,19.0,19.25,19.0,19.0,3400
1989-04-14,1.710965633392334,18.75,18.875,18.75,18.75,2000
1989-04-17,1.6995584964752197,18.625,18.75,18.625,18.75,1200
1989-04-18,1.6995584964752197,18.625,18.625,18.625,18.625,0
1989-04-19,1.7223719358444214,18.875,18.875,18.75,18.875,1900
1989-04-20,1.7223719358444214,18.875,18.875,18.875,18.875,1800
1989-04-21,1.710965633392334,18.75,18.875,18.75,18.875,8200
1989-04-24,1.7223719358444214,18.875,18.875,18.75,18.75,2200
1989-04-25,1.710965633392334,18.75,18.875,18.75,18.875,700
1989-04-26,1.7337781190872192,19.0,19.0,18.75,18.75,2600
1989-04-27,1.7223719358444214,18.875,19.0,18.875,18.875,4200
1989-04-28,1.7451858520507812,19.125,19.125,19.0,19.125,2100
1989-05-01,1.7337781190872192,19.0,19.25,19.0,19.25,1800
1989-05-02,1.7451858520507812,19.125,19.125,19.0,19.0,4100
1989-05-03,1.756591558456421,19.25,19.25,19.25,19.25,900
1989-05-04,1.756591558456421,19.25,19.375,19.25,19.25,3800
1989-05-05,1.7679965496063232,19.375,19.5,19.25,19.5,1600
1989-05-08,1.756591558456421,19.25,19.25,19.25,19.25,600
1989-05-09,1.756591558456421,19.25,19.25,19.25,19.25,1300
1989-05-10,1.7451858520507812,19.125,19.25,19.125,19.125,2100
1989-05-11,1.7451858520507812,19.125,19.125,19.125,19.125,100
1989-05-12,1.7451858520507812,19.125,19.25,19.125,19.25,500
1989-05-15,1.7337781190872192,19.0,19.25,19.0,19.25,2600
1989-05-16,1.7337781190872192,19.0,19.25,19.0,19.0,1400
1989-05-17,1.7223719358444214,18.875,19.25,18.875,19.125,1300
1989-05-18,1.7223719358444214,18.875,18.875,18.875,18.875,800
1989-05-19,1.7223719358444214,18.875,18.875,18.875,18.875,1500
1989-05-22,1.7223719358444214,18.875,19.125,18.875,19.0,1300
1989-05-23,1.7451858520507812,19.125,19.125,19.0,19.0,1200
1989-05-24,1.756591558456421,19.25,19.25,19.125,19.25,4800
1989-05-25,1.7451858520507812,19.125,19.25,19.125,19.25,1300
1989-05-26,1.7451858520507812,19.125,19.25,19.125,19.25,500
1989-05-30,1.7679965496063232,19.375,19.375,19.25,19.25,1000
1989-05-31,1.756591558456421,19.25,19.375,19.25,19.25,800
1989-06-01,1.756591558456421,19.25,19.375,19.25,19.25,1200
1989-06-02,1.7679965496063232,19.375,19.375,19.375,19.375,1700
1989-06-05,1.8022161722183228,19.75,19.875,19.5,19.5,2500
1989-06-06,1.779403805732727,19.5,19.875,19.375,19.875,5700
1989-06-07,1.8022161722183228,19.75,19.75,19.5,19.5,1100
1989-06-08,1.8022161722183228,19.75,19.75,19.625,19.75,2400
1989-06-09,1.8022161722183228,19.75,19.75,19.75,19.75,600
1989-06-12,1.7908107042312622,19.625,19.625,19.625,19.625,700
1989-06-13,1.7908107042312622,19.625,19.625,19.5,19.625,1600
1989-06-14,1.779403805732727,19.5,19.625,19.5,19.5,800
1989-06-15,1.779403805732727,19.5,19.625,19.5,19.625,2000
1989-06-16,1.8022161722183228,19.75,19.75,19.375,19.375,2200
1989-06-19,1.779403805732727,19.5,19.625,19.5,19.625,700
1989-06-20,1.7679965496063232,19.375,19.375,19.375,19.375,200
1989-06-21,1.756591558456421,19.25,19.5,19.25,19.5,800
1989-06-22,1.756591558456421,19.25,19.5,19.25,19.5,1100
1989-06-23,1.8022161722183228,19.75,19.75,19.25,19.25,3500
1989-06-26,1.8022161722183228,19.75,19.75,19.625,19.625,400
1989-06-27,1.7908107042312622,19.625,19.875,19.625,19.875,1700
1989-06-28,1.779403805732727,19.5,19.75,19.5,19.75,1100
1989-06-29,1.756591558456421,19.25,19.5,19.25,19.5,2200
1989-06-30,1.7679965496063232,19.375,19.375,19.25,19.375,1000
1989-07-03,1.7908107042312622,19.625,19.625,19.5,19.5,2700
1989-07-05,1.8022161722183228,19.75,19.75,19.5,19.5,1000
1989-07-06,1.7908107042312622,19.625,19.625,19.625,19.625,200
1989-07-07,1.7908107042312622,19.625,19.875,19.625,19.875,500
1989-07-10,1.8216389417648315,19.5,19.5,19.125,19.125,2100
1989-07-11,1.8099614381790161,19.375,19.5,19.25,19.25,2100
1989-07-12,1.8333152532577515,19.625,19.625,19.375,19.5,2100
1989-07-13,1.8099614381790161,19.375,19.625,19.375,19.5,2300
1989-07-14,1.85667085647583,19.875,19.875,19.5,19.5,2200
1989-07-17,1.8333152532577515,19.625,19.75,19.5,19.75,3600
1989-07-18,1.8449921607971191,19.75,19.75,19.5,19.5,1100
1989-07-19,1.8333152532577515,19.625,19.75,19.625,19.625,1900
1989-07-20,1.8216389417648315,19.5,19.875,19.5,19.875,3300
1989-07-21,1.8216389417648315,19.5,19.75,19.5,19.5,1800
1989-07-24,1.8333152532577515,19.625,19.75,19.625,19.75,1800
1989-07-25,1.8216389417648315,19.5,19.5,19.5,19.5,100
1989-07-26,1.8216389417648315,19.5,19.75,19.5,19.75,1000
1989-07-27,1.8449921607971191,19.75,19.75,19.5,19.5,2400
1989-07-28,1.85667085647583,19.875,19.875,19.875,19.875,800
1989-07-31,1.8449921607971191,19.75,19.875,19.75,19.875,4000
1989-08-01,1.86834716796875,20.0,20.0,19.75,19.75,9800
1989-08-02,1.8800239562988281,20.125,20.125,20.0,20.125,2600
1989-08-03,1.8800239562988281,20.125,20.25,20.0,20.125,2600
1989-08-04,1.8800239562988281,20.125,20.25,20.125,20.25,1500
1989-08-07,1.9033784866333008,20.375,20.375,20.25,20.25,1900
1989-08-08,1.8917018175125122,20.25,20.375,20.0,20.375,2300
1989-08-09,1.8800239562988281,20.125,20.25,20.0,20.0,2100
1989-08-10,1.86834716796875,20.0,20.125,20.0,20.125,1400
1989-08-11,1.85667085647583,19.875,19.875,19.875,19.875,1100
1989-08-14,1.85667085647583,19.875,20.0,19.875,20.0,2200
1989-08-15,1.85667085647583,19.875,19.875,19.875,19.875,1300
1989-08-16,1.86834716796875,20.0,20.125,19.875,19.875,600
1989-08-17,1.86834716796875,20.0,20.25,20.0,20.25,3600
1989-08-18,1.8800239562988281,20.125,20.375,19.875,19.875,2900
1989-08-21,1.8800239562988281,20.125,20.125,20.125,20.125,800
1989-08-22,1.8800239562988281,20.125,20.25,20.125,20.125,600
1989-08-23,1.8800239562988281,20.125,20.125,20.125,20.125,1400
1989-08-24,1.9150570631027222,20.5,20.625,20.125,20.125,3100
1989-08-25,1.9150570631027222,20.5,20.75,20.5,20.625,600
1989-08-28,1.9150570631027222,20.5,20.5,20.375,20.375,1500
1989-08-29,1.9150570631027222,20.5,20.625,20.5,20.625,1100
1989-08-30,1.9150570631027222,20.5,20.75,20.5,20.5,3100
1989-08-31,1.9384100437164307,20.75,20.75,20.5,20.5,2700
1989-09-01,1.9150570631027222,20.5,20.625,20.5,20.625,1300
1989-09-05,1.9150570631027222,20.5,20.75,20.5,20.5,1000
1989-09-06,1.8917018175125122,20.25,20.625,20.25,20.375,3500
1989-09-07,1.8800239562988281,20.125,20.375,20.125,20.25,1700
1989-09-08,1.9150570631027222,20.5,20.5,20.375,20.375,3300
1989-09-11,1.8917018175125122,20.25,20.25,20.25,20.25,900
1989-09-12,1.8917018175125122,20.25,20.375,20.25,20.25,2500
1989-09-13,1.8917018175125122,20.25,20.25,20.25,20.25,1200
1989-09-14,1.8917018175125122,20.25,20.25,20.25,20.25,800
1989-09-15,1.8917018175125122,20.25,20.375,20.25,20.375,500
1989-09-18,1.8917018175125122,20.25,20.25,20.25,20.25,400
1989-09-19,1.8917018175125122,20.25,20.375,20.25,20.375,2700
1989-09-20,1.8917018175125122,20.25,20.375,20.25,20.25,1000
1989-09-21,1.8800239562988281,20.125,20.375,20.125,20.375,3300
1989-09-22,1.8917018175125122,20.25,20.375,20.25,20.375,1000
1989-09-25,1.8800239562988281,20.125,20.125,19.875,20.125,5300
1989-09-26,1.8800239562988281,20.125,20.375,20.125,20.375,2100
1989-09-27,1.8917018175125122,20.25,20.25,20.125,20.25,1600
1989-09-28,1.8917018175125122,20.25,20.25,20.125,20.25,800
1989-09-29,1.8917018175125122,20.25,20.25,20.25,20.25,1000
1989-10-02,1.8800239562988281,20.125,20.25,20.125,20.25,1300
1989-10-03,1.8800239562988281,20.125,20.125,20.125,20.125,1400
1989-10-04,1.8800239562988281,20.125,20.25,20.125,20.125,1000
1989-10-05,1.8800239562988281,20.125,20.25,20.125,20.125,1200
1989-10-06,1.9115651845932007,20.0,20.0,19.75,19.875,2300
1989-10-09,1.9115651845932007,20.0,20.0,20.0,20.0,0
1989-10-10,1.8996180295944214,19.875,20.125,19.875,19.875,1700
1989-10-11,1.8876709938049316,19.75,19.875,19.75,19.75,1600
1989-10-12,1.8876709938049316,19.75,19.875,19.75,19.75,2100
1989-10-13,1.92351233959198,20.125,20.125,20.0,20.0,2900
1989-10-16,1.8757232427597046,19.625,20.125,19.625,20.125,7200
1989-10-17,1.8996180295944214,19.875,19.875,19.625,19.625,1000
1989-10-18,1.8876709938049316,19.75,19.75,19.625,19.625,2300
1989-10-19,1.8876709938049316,19.75,20.0,19.75,19.75,3300
1989-10-20,1.9115651845932007,20.0,20.0,19.75,20.0,3200
1989-10-23,1.9115651845932007,20.0,20.125,20.0,20.0,1100
1989-10-24,1.9115651845932007,20.0,20.125,20.0,20.125,1500
1989-10-25,1.8996180295944214,19.875,20.25,19.875,20.25,3600
1989-10-26,1.92351233959198,20.125,20.125,20.0,20.0,2600
1989-10-27,1.92351233959198,20.125,20.125,20.125,20.125,0
1989-10-30,1.9354596138000488,20.25,20.25,20.125,20.25,2300
1989-10-31,1.9593546390533447,20.5,20.5,20.125,20.125,3600
1989-11-01,1.9713009595870972,20.625,20.625,20.375,20.375,1700
1989-11-02,1.9713009595870972,20.625,20.75,20.625,20.75,1500
1989-11-03,1.9832489490509033,20.75,20.75,20.75,20.75,100
1989-11-06,1.9832489490509033,20.75,20.75,20.75,20.75,400
1989-11-07,1.9713009595870972,20.625,20.625,20.625,20.625,100
1989-11-08,1.9713009595870972,20.625,20.75,20.625,20.75,1100
1989-11-09,1.9832489490509033,20.75,20.875,20.625,20.75,1900
1989-11-10,1.9832489490509033,20.75,20.75,20.75,20.75,0
1989-11-13,1.9832489490509033,20.75,20.875,20.75,20.875,2600
1989-11-14,2.0310373306274414,21.25,21.25,20.625,20.625,8400
1989-11-15,2.0071442127227783,21.0,21.125,20.875,21.125,3800
1989-11-16,2.0190913677215576,21.125,21.125,20.875,21.0,2200
1989-11-17,2.0310373306274414,21.25,21.25,21.0,21.0,1100
1989-11-20,2.0071442127227783,21.0,21.25,21.0,21.125,1200
1989-11-21,2.0071442127227783,21.0,21.0,21.0,21.0,200
1989-11-22,2.0071442127227783,21.0,21.0,20.875,20.875,1500
1989-11-24,2.0071442127227783,21.0,21.125,21.0,21.125,500
1989-11-27,1.995195746421814,20.875,21.125,20.875,21.125,2000
1989-11-28,2.0310373306274414,21.25,21.25,21.0,21.0,1400
1989-11-29,2.0429859161376953,21.375,21.625,21.25,21.25,11100
1989-11-30,2.0429859161376953,21.375,21.375,21.375,21.375,200
1989-12-01,2.0429859161376953,21.375,21.5,21.375,21.5,800
1989-12-04,2.0429859161376953,21.375,21.375,21.25,21.375,700
1989-12-05,2.0310373306274414,21.25,21.375,21.25,21.25,1700
1989-12-06,2.0429859161376953,21.375,21.375,21.25,21.25,2300
1989-12-07,2.066879987716675,21.625,21.625,21.5,21.5,2300
1989-12-08,2.09077525138855,21.875,21.875,21.875,21.875,2300
1989-12-11,2.114668369293213,22.125,22.125,21.875,21.875,5200
1989-12-12,2.1027207374572754,22.0,22.25,22.0,22.25,3600
1989-12-13,2.114668369293213,22.125,22.125,22.0,22.0,2400
1989-12-14,2.114668369293213,22.125,22.125,22.0,22.0,1200
1989-12-15,2.1027207374572754,22.0,22.0,22.0,22.0,600
1989-12-18,2.1027207374572754,22.0,22.0,22.0,22.0,1800
1989-12-19,2.1027207374572754,22.0,22.125,22.0,22.0,600
1989-12-20,2.114668369293213,22.125,22.25,22.0,22.0,2500
1989-12-21,2.1266164779663086,22.25,22.25,22.125,22.125,600
1989-12-22,2.110029458999634,21.625,21.625,21.625,21.625,2200
1989-12-26,2.110029458999634,21.625,21.75,21.625,21.625,1200
1989-12-27,2.122225522994995,21.75,21.75,21.75,21.75,300
1989-12-28,2.110029458999634,21.625,21.625,21.625,21.625,500
1989-12-29,2.134422540664673,21.875,22.0,21.625,21.625,3600
1990-01-02,2.158815622329712,22.125,22.125,22.125,22.125,0
1990-01-03,2.110029458999634,21.625,21.875,21.625,21.875,3000
1990-01-04,2.134422540664673,21.875,21.875,21.625,21.625,1200
1990-01-05,2.110029458999634,21.625,21.875,21.625,21.875,3300
1990-01-08,2.110029458999634,21.625,21.75,21.625,21.625,1600
1990-01-09,2.097832202911377,21.5,21.75,21.5,21.75,400
1990-01-10,2.110029458999634,21.625,21.625,21.5,21.625,700
1990-01-11,2.085635185241699,21.375,21.375,21.375,21.375,1400
1990-01-12,2.110029458999634,21.625,21.625,21.25,21.375,5900
1990-01-15,2.085635185241699,21.375,21.5,21.375,21.5,900
1990-01-16,2.110029458999634,21.625,21.625,21.375,21.375,1000
1990-01-17,2.110029458999634,21.625,21.625,21.25,21.375,1600
1990-01-18,2.085635185241699,21.375,21.375,21.375,21.375,600
1990-01-19,2.097832202911377,21.5,21.5,21.375,21.375,3600
1990-01-22,2.097832202911377,21.5,21.625,21.5,21.625,1400
1990-01-23,2.097832202911377,21.5,21.625,21.5,21.5,1400
1990-01-24,2.097832202911377,21.5,21.625,21.5,21.625,1500
1990-01-25,2.085635185241699,21.375,21.5,21.375,21.5,1300
1990-01-26,2.097832202911377,21.5,21.5,21.375,21.375,800
1990-01-29,2.085635185241699,21.375,21.375,21.375,21.375,1200
1990-01-30,2.0734376907348633,21.25,21.375,21.25,21.25,5300
1990-01-31,2.0734376907348633,21.25,21.25,21.25,21.25,1200
1990-02-01,2.0734376907348633,21.25,21.375,21.25,21.375,300
1990-02-02,2.0734376907348633,21.25,21.25,21.25,21.25,0
1990-02-05,2.061241626739502,21.125,21.25,21.125,21.25,700
1990-02-06,2.049046039581299,21.0,21.125,21.0,21.125,1400
1990-02-07,2.0246527194976807,20.75,21.0,20.75,21.0,1200
1990-02-08,2.0246527194976807,20.75,20.75,20.75,20.75,400
1990-02-09,2.036848306655884,20.875,20.875,20.625,20.75,1000
1990-02-12,2.0246527194976807,20.75,20.875,20.75,20.875,700
1990-02-13,2.0124542713165283,20.625,20.75,20.625,20.75,1300
1990-02-14,2.000258445739746,20.5,20.625,20.5,20.625,5100
1990-02-15,2.000258445739746,20.5,20.625,20.375,20.375,2800
1990-02-16,1.9880620241165161,20.375,20.5,20.375,20.5,2700
1990-02-20,1.9758645296096802,20.25,20.375,20.125,20.25,7700
1990-02-21,1.9514710903167725,20.0,20.0,20.0,20.0,1000
1990-02-22,1.914881706237793,19.625,20.0,19.625,20.0,900
1990-02-23,1.9026856422424316,19.5,19.625,19.5,19.625,1000
1990-02-26,1.9026856422424316,19.5,19.5,19.5,19.5,1200
1990-02-27,1.927078366279602,19.75,19.75,19.5,19.5,2100
1990-02-28,1.927078366279602,19.75,19.875,19.75,19.875,600
1990-03-01,1.927078366279602,19.75,19.75,19.75,19.75,300
1990-03-02,1.927078366279602,19.75,19.875,19.625,19.875,2900
1990-03-05,1.927078366279602,19.75,19.875,19.625,19.625,800
1990-03-06,1.927078366279602,19.75,19.875,19.75,19.875,900
1990-03-07,1.9392759799957275,19.875,19.875,19.75,19.75,3700
1990-03-08,1.9514710903167725,20.0,20.0,19.75,19.75,2500
1990-03-09,1.927078366279602,19.75,20.0,19.75,20.0,1800
1990-03-12,1.9392759799957275,19.875,19.875,19.875,19.875,100
1990-03-13,1.9514710903167725,20.0,20.0,19.75,19.75,3000
1990-03-14,1.927078366279602,19.75,19.75,19.75,19.75,900
1990-03-15,1.927078366279602,19.75,19.75,19.75,19.75,100
1990-03-16,1.927078366279602,19.75,19.75,19.75,19.75,100
1990-03-19,1.927078366279602,19.75,19.75,19.75,19.75,300
1990-03-20,1.927078366279602,19.75,20.0,19.75,20.0,700
1990-03-21,1.914881706237793,19.625,19.75,19.625,19.75,6900
1990-03-22,1.914881706237793,19.625,19.625,19.625,19.625,500
1990-03-23,1.9026856422424316,19.5,19.625,19.5,19.625,700
1990-03-26,1.9026856422424316,19.5,19.5,19.5,19.5,100
1990-03-27,1.9026856422424316,19.5,19.5,19.5,19.5,400
1990-03-28,1.9026856422424316,19.5,19.625,19.375,19.5,1800
1990-03-29,1.8904880285263062,19.375,19.375,19.375,19.375,200
1990-03-30,1.914881706237793,19.625,19.625,19.5,19.5,1600
1990-04-02,1.8904880285263062,19.375,19.375,19.375,19.375,1000
1990-04-03,1.8782919645309448,19.25,19.5,19.25,19.375,1600
1990-04-04,1.9026856422424316,19.5,19.5,19.375,19.375,1800
1990-04-05,1.9026856422424316,19.5,19.625,19.375,19.5,800
1990-04-06,1.8904880285263062,19.375,19.5,19.375,19.375,1500
1990-04-09,1.8904880285263062,19.375,19.5,19.375,19.5,400
1990-04-10,1.914881706237793,19.625,19.75,19.25,19.5,27000
1990-04-11,1.9392759799957275,19.875,19.875,19.75,19.75,1000
1990-04-12,1.9514710903167725,20.0,20.0,20.0,20.0,2600
1990-04-16,1.9484739303588867,19.5,19.75,19.5,19.75,1900
1990-04-17,1.9484739303588867,19.5,19.5,19.5,19.5,1200
1990-04-18,1.9234950542449951,19.25,19.5,19.25,19.5,2000
1990-04-19,1.9234950542449951,19.25,19.375,19.25,19.375,2400
1990-04-20,1.9484739303588867,19.5,19.5,19.25,19.25,600
1990-04-23,1.9110031127929688,19.125,19.375,19.125,19.375,25000
1990-04-24,1.8860234022140503,18.875,19.375,18.875,19.25,5600
1990-04-25,1.8860234022140503,18.875,19.0,18.875,19.0,1600
1990-04-26,1.8985129594802856,19.0,19.0,18.875,19.0,1900
1990-04-27,1.9110031127929688,19.125,19.125,18.875,19.0,3200
1990-04-30,1.9110031127929688,19.125,19.125,19.125,19.125,300
1990-05-01,1.9234950542449951,19.25,19.25,19.0,19.0,3400
1990-05-02,1.935983657836914,19.375,19.375,19.25,19.25,2500
1990-05-03,1.9234950542449951,19.25,19.375,19.25,19.375,1200
1990-05-04,1.9484739303588867,19.5,19.5,19.375,19.375,1700
1990-05-07,1.9234950542449951,19.25,19.5,19.125,19.5,7400
1990-05-08,1.9234950542449951,19.25,19.375,19.125,19.125,3000
1990-05-09,1.9110031127929688,19.125,19.25,19.0,19.25,4000
1990-05-10,1.9110031127929688,19.125,19.25,19.0,19.125,1100
1990-05-11,1.9234950542449951,19.25,19.375,19.25,19.25,3400
1990-05-14,1.935983657836914,19.375,19.5,19.25,19.375,2000
1990-05-15,1.9484739303588867,19.5,19.5,19.25,19.25,5900
1990-05-16,1.9234950542449951,19.25,19.5,19.25,19.5,3100
1990-05-17,1.935983657836914,19.375,19.375,19.25,19.25,700
1990-05-18,1.935983657836914,19.375,19.375,19.25,19.25,1300
1990-05-21,1.9234950542449951,19.25,19.25,19.125,19.25,3400
1990-05-22,1.9234950542449951,19.25,19.375,19.25,19.375,1400
1990-05-23,1.935983657836914,19.375,19.375,19.25,19.375,500
1990-05-24,1.9484739303588867,19.5,19.5,19.25,19.375,2600
1990-05-25,1.9234950542449951,19.25,19.25,19.25,19.25,2300
1990-05-29,1.935983657836914,19.375,19.5,19.25,19.25,6300
1990-05-30,1.960964322090149,19.625,19.625,19.5,19.5,8000
1990-05-31,1.960964322090149,19.625,19.625,19.625,19.625,400
1990-06-01,1.9984350204467773,20.0,20.0,19.75,19.75,3000
1990-06-04,1.9984350204467773,20.0,20.125,19.75,20.0,8700
1990-06-05,2.0234150886535645,20.25,20.25,20.25,20.25,900
1990-06-06,2.0234150886535645,20.25,20.25,20.25,20.25,500
1990-06-07,1.9984350204467773,20.0,20.25,20.0,20.125,1600
1990-06-08,1.9984350204467773,20.0,20.125,20.0,20.0,1500
1990-06-11,1.9984350204467773,20.0,20.125,20.0,20.0,1700
1990-06-12,1.9859436750411987,19.875,20.0,19.875,20.0,2400
1990-06-13,1.9859436750411987,19.875,20.0,19.75,20.0,1600
1990-06-14,1.9859436750411987,19.875,19.875,19.625,19.75,5500
1990-06-15,1.960964322090149,19.625,19.875,19.625,19.625,800
1990-06-18,1.960964322090149,19.625,19.875,19.625,19.875,4500
1990-06-19,1.9859436750411987,19.875,19.875,19.625,19.75,1300
1990-06-20,1.9859436750411987,19.875,19.875,19.875,19.875,1200
1990-06-21,1.9984350204467773,20.0,20.0,19.875,19.875,2400
1990-06-22,1.9984350204467773,20.0,20.0,20.0,20.0,3200
1990-06-25,2.01092529296875,20.125,20.125,20.0,20.0,2900
1990-06-26,2.0234150886535645,20.25,20.25,20.125,20.125,8200
1990-06-27,2.01092529296875,20.125,20.25,20.125,20.125,1200
1990-06-28,2.0234150886535645,20.25,20.25,20.125,20.125,2500
1990-06-29,2.0234150886535645,20.25,20.25,20.0,20.125,3700
1990-07-02,2.048396110534668,20.5,20.5,20.25,20.25,3000
1990-07-03,2.0234150886535645,20.25,20.5,20.25,20.375,1400
1990-07-05,2.048396110534668,20.5,20.625,20.5,20.5,1700
1990-07-06,2.0608859062194824,20.625,20.625,20.5,20.625,1300
1990-07-09,2.0450360774993896,20.0,20.125,20.0,20.125,1100
1990-07-10,2.0706002712249756,20.25,20.25,20.125,20.25,3200
1990-07-11,2.083381414413452,20.375,20.375,20.25,20.25,900
1990-07-12,2.0450360774993896,20.0,20.375,19.875,20.25,5800
1990-07-13,2.0450360774993896,20.0,20.125,20.0,20.125,1600
1990-07-16,2.0578184127807617,20.125,20.125,20.125,20.125,400
1990-07-17,2.0578184127807617,20.125,20.125,20.0,20.0,2600
1990-07-18,2.0578184127807617,20.125,20.125,20.0,20.0,400
1990-07-19,2.0450360774993896,20.0,20.0,19.75,19.875,2100
1990-07-20,2.0450360774993896,20.0,20.0,19.875,19.875,2300
1990-07-23,2.0322537422180176,19.875,20.0,19.875,19.875,900
1990-07-24,2.0322537422180176,19.875,20.0,19.875,20.0,4100
1990-07-25,2.0322537422180176,19.875,19.875,19.875,19.875,0
1990-07-26,2.0322537422180176,19.875,19.875,19.875,19.875,1200
1990-07-27,2.0450360774993896,20.0,20.0,20.0,20.0,1200
1990-07-30,2.0322537422180176,19.875,20.0,19.875,20.0,1500
1990-07-31,2.0322537422180176,19.875,19.875,19.875,19.875,0
1990-08-01,2.0322537422180176,19.875,20.0,19.875,19.875,900
1990-08-02,2.0194737911224365,19.75,20.0,19.75,20.0,4000
1990-08-03,2.0194737911224365,19.75,19.75,19.5,19.625,4000
1990-08-06,2.0066919326782227,19.625,19.875,19.625,19.875,900
1990-08-07,2.0322537422180176,19.875,19.875,19.5,19.5,2000
1990-08-08,2.0194737911224365,19.75,19.875,19.75,19.875,1700
1990-08-09,2.0322537422180176,19.875,19.875,19.875,19.875,500
1990-08-10,2.0450360774993896,20.0,20.125,20.0,20.0,1000
1990-08-13,2.0450360774993896,20.0,20.0,20.0,20.0,1200
1990-08-14,2.0450360774993896,20.0,20.0,20.0,20.0,0
1990-08-15,2.0450360774993896,20.0,20.125,20.0,20.0,600
1990-08-16,2.0578184127807617,20.125,20.125,20.0,20.0,2700
1990-08-17,2.0578184127807617,20.125,20.125,20.125,20.125,0
1990-08-20,2.0450360774993896,20.0,20.125,20.0,20.125,2800
1990-08-21,2.0194737911224365,19.75,20.0,19.75,19.875,1500
1990-08-22,1.9811289310455322,19.375,19.625,19.375,19.625,2600
1990-08-23,1.9683493375778198,19.25,19.375,19.25,19.375,1500
1990-08-24,1.9939106702804565,19.5,19.5,19.5,19.5,600
1990-08-27,2.0194737911224365,19.75,19.75,19.625,19.625,900
1990-08-28,1.9683493375778198,19.25,19.625,19.25,19.625,2200
1990-08-29,1.9811289310455322,19.375,19.375,19.375,19.375,100
1990-08-30,1.9939106702804565,19.5,19.5,19.25,19.25,800
1990-08-31,1.9811289310455322,19.375,19.5,19.375,19.375,1100
1990-09-04,1.9683493375778198,19.25,19.625,19.25,19.5,1300
1990-09-05,1.9683493375778198,19.25,19.25,19.25,19.25,100
1990-09-06,1.9555667638778687,19.125,19.125,19.125,19.125,200
1990-09-07,1.9427849054336548,19.0,19.0,19.0,19.0,2700
1990-09-10,1.9427849054336548,19.0,19.0,19.0,19.0,100
1990-09-11,1.9427849054336548,19.0,19.0,19.0,19.0,2600
1990-09-12,1.9427849054336548,19.0,19.0,19.0,19.0,1100
1990-09-13,1.9555667638778687,19.125,19.25,19.125,19.125,1300
1990-09-14,1.9427849054336548,19.0,19.125,19.0,19.125,500
1990-09-17,1.9300038814544678,18.875,19.0,18.875,18.875,3300
1990-09-18,1.9555667638778687,19.125,19.125,18.875,18.875,1400
1990-09-19,1.9555667638778687,19.125,19.25,19.0,19.25,4100
1990-09-20,1.9427849054336548,19.0,19.0,19.0,19.0,200
1990-09-21,1.9427849054336548,19.0,19.0,19.0,19.0,400
1990-09-24,1.9555667638778687,19.125,19.125,19.0,19.0,1900
1990-09-25,1.9427849054336548,19.0,19.125,19.0,19.0,900
1990-09-26,1.9427849054336548,19.0,19.25,19.0,19.25,1700
1990-09-27,1.9683493375778198,19.25,19.25,19.125,19.125,2500
1990-09-28,1.9683493375778198,19.25,19.25,19.25,19.25,1600
1990-10-01,1.9683493375778198,19.25,19.25,19.0,19.25,3100
1990-10-02,1.9683493375778198,19.25,19.375,19.25,19.375,500
1990-10-03,1.9811289310455322,19.375,19.5,19.375,19.5,400
1990-10-04,1.9939106702804565,19.5,19.5,19.5,19.5,300
1990-10-05,1.990767240524292,19.0,19.125,18.75,19.0,3700
1990-10-08,1.990767240524292,19.0,19.0,19.0,19.0,300
1990-10-09,1.9776718616485596,18.875,19.0,18.875,18.875,800
1990-10-10,1.9645733833312988,18.75,19.0,18.75,19.0,1000
1990-10-11,1.9514764547348022,18.625,18.875,18.5,18.875,1400
1990-10-12,1.9383782148361206,18.5,18.625,18.5,18.625,3600
1990-10-15,1.9383782148361206,18.5,18.625,18.5,18.5,4300
1990-10-16,1.9383782148361206,18.5,18.625,18.5,18.625,500
1990-10-17,1.9514764547348022,18.625,18.625,18.5,18.5,1100
1990-10-18,1.9383782148361206,18.5,18.75,18.5,18.625,1900
1990-10-19,1.9514764547348022,18.625,18.625,18.5,18.625,3300
1990-10-22,1.9645733833312988,18.75,18.75,18.625,18.625,3700
1990-10-23,1.9776718616485596,18.875,18.875,18.625,18.75,4300
1990-10-24,1.990767240524292,19.0,19.0,19.0,19.0,1900
1990-10-25,1.9776718616485596,18.875,19.0,18.875,19.0,300
1990-10-26,2.003864288330078,19.125,19.125,19.0,19.0,2400
1990-10-29,2.016963005065918,19.25,19.375,19.25,19.25,6200
1990-10-30,2.003864288330078,19.125,19.125,19.125,19.125,300
1990-10-31,2.016963005065918,19.25,19.25,19.125,19.25,900
1990-11-01,2.003864288330078,19.125,19.375,19.125,19.375,1300
1990-11-02,2.0300586223602295,19.375,19.375,19.125,19.375,2100
1990-11-05,2.0955452919006348,20.0,20.0,19.5,19.625,4800
1990-11-06,2.161031484603882,20.625,20.625,20.25,20.25,13300
1990-11-07,2.134836196899414,20.375,20.5,20.375,20.5,2200
1990-11-08,2.1479339599609375,20.5,20.625,20.375,20.5,3000
1990-11-09,2.1479339599609375,20.5,20.625,20.5,20.625,2600
1990-11-12,2.1479339599609375,20.5,20.5,20.375,20.375,17300
1990-11-13,2.134836196899414,20.375,20.5,20.375,20.375,2300
1990-11-14,2.1217403411865234,20.25,20.5,20.25,20.375,1600
1990-11-15,2.1217403411865234,20.25,20.375,20.125,20.25,1800
1990-11-16,2.1217403411865234,20.25,20.375,20.25,20.375,400
1990-11-19,2.108642578125,20.125,20.375,20.0,20.375,4500
1990-11-20,2.1217403411865234,20.25,20.375,20.25,20.25,2800
1990-11-21,2.1217403411865234,20.25,20.25,20.125,20.125,1300
1990-11-23,2.1217403411865234,20.25,20.375,20.125,20.125,800
1990-11-26,2.108642578125,20.125,20.375,20.125,20.375,200
1990-11-27,2.0955452919006348,20.0,20.25,20.0,20.25,600
1990-11-28,2.1217403411865234,20.25,20.25,20.0,20.0,600
1990-11-29,2.134836196899414,20.375,20.375,20.375,20.375,1200
1990-11-30,2.1217403411865234,20.25,20.375,20.25,20.375,500
1990-12-03,2.1217403411865234,20.25,20.375,20.25,20.375,3100
1990-12-04,2.1217403411865234,20.25,20.5,20.25,20.375,2800
1990-12-05,2.134836196899414,20.375,20.5,20.375,20.375,1400
1990-12-06,2.161031484603882,20.625,20.625,20.375,20.5,1900
1990-12-07,2.1741275787353516,20.75,20.875,20.5,20.5,7500
1990-12-10,2.2265164852142334,21.25,21.25,20.75,20.75,10100
1990-12-11,2.265808343887329,21.625,21.625,21.5,21.5,3900
1990-12-12,2.2265164852142334,21.25,21.5,21.125,21.375,3800
1990-12-13,2.239614963531494,21.375,21.5,21.375,21.5,1700
1990-12-14,2.265808343887329,21.625,21.625,21.125,21.25,7700
1990-12-17,2.239614963531494,21.375,21.625,21.25,21.625,2700
1990-12-18,2.2265164852142334,21.25,21.375,21.125,21.125,2000
1990-12-19,2.265808343887329,21.625,21.625,21.25,21.375,4800
1990-12-20,2.252711296081543,21.5,21.75,21.5,21.5,2700
1990-12-21,2.2746543884277344,21.25,21.375,21.125,21.25,2100
1990-12-24,2.2746543884277344,21.25,21.25,21.125,21.25,1300
1990-12-26,2.2345144748687744,20.875,21.25,20.875,21.125,3100
1990-12-27,2.247894525527954,21.0,21.0,20.75,20.75,4100
1990-12-28,2.247894525527954,21.0,21.125,20.875,21.125,1900
1990-12-31,2.221132755279541,20.75,20.875,20.625,20.75,3000
1991-01-02,2.261273145675659,21.125,21.125,21.0,21.0,2500
1991-01-03,2.247894525527954,21.0,21.125,21.0,21.125,4800
1991-01-04,2.247894525527954,21.0,21.25,21.0,21.125,3600
1991-01-07,2.261273145675659,21.125,21.125,21.0,21.0,2800
1991-01-08,2.2746543884277344,21.25,21.25,21.125,21.25,1800
1991-01-09,2.247894525527954,21.0,21.25,21.0,21.25,4500
1991-01-10,2.247894525527954,21.0,21.25,21.0,21.25,1600
1991-01-11,2.247894525527954,21.0,21.125,21.0,21.125,700
1991-01-14,2.2345144748687744,20.875,21.0,20.875,20.875,1700
1991-01-15,2.2077534198760986,20.625,21.0,20.625,20.75,3500
1991-01-16,2.2077534198760986,20.625,20.625,20.625,20.625,700
1991-01-17,2.247894525527954,21.0,21.0,20.875,20.875,3500
1991-01-18,2.2077534198760986,20.625,21.0,20.625,21.0,2100
1991-01-21,2.2345144748687744,20.875,20.875,20.625,20.625,1600
1991-01-22,2.221132755279541,20.75,21.0,20.75,21.0,700
1991-01-23,2.221132755279541,20.75,21.0,20.75,20.875,3100
1991-01-24,2.2077534198760986,20.625,20.75,20.625,20.75,1500
1991-01-25,2.221132755279541,20.75,20.75,20.75,20.75,6400
1991-01-28,2.221132755279541,20.75,20.75,20.75,20.75,2400
1991-01-29,2.2077534198760986,20.625,20.75,20.625,20.75,900
1991-01-30,2.221132755279541,20.75,20.75,20.625,20.625,13000
1991-01-31,2.221132755279541,20.75,20.75,20.625,20.625,8700
1991-02-01,2.2746543884277344,21.25,21.25,20.75,20.75,6000
1991-02-04,2.3147966861724854,21.625,21.625,21.0,21.375,8600
1991-02-05,2.3147966861724854,21.625,22.0,21.5,21.625,5700
1991-02-06,2.3014161586761475,21.5,21.75,21.5,21.75,5000
1991-02-07,2.261273145675659,21.125,21.5,21.125,21.25,2400
1991-02-08,2.247894525527954,21.0,21.375,21.0,21.375,2200
1991-02-11,2.2746543884277344,21.25,21.375,21.125,21.25,2900
1991-02-12,2.2746543884277344,21.25,21.375,21.25,21.25,3300
1991-02-13,2.2880361080169678,21.375,21.5,21.125,21.125,4900
1991-02-14,2.221132755279541,20.75,21.375,20.75,21.125,4900
1991-02-15,2.2746543884277344,21.25,21.25,20.75,20.875,2000
1991-02-19,2.2746543884277344,21.25,21.5,21.0,21.5,4700
1991-02-20,2.261273145675659,21.125,21.375,21.125,21.25,3400
1991-02-21,2.2746543884277344,21.25,21.25,21.25,21.25,300
1991-02-22,2.261273145675659,21.125,21.375,21.0,21.125,2300
1991-02-25,2.2880361080169678,21.375,21.5,21.125,21.375,6100
1991-02-26,2.2880361080169678,21.375,21.875,21.375,21.5,5300
1991-02-27,2.3415567874908447,21.875,21.875,21.5,21.5,3000
1991-02-28,2.3014161586761475,21.5,22.0,21.5,21.75,2600
1991-03-01,2.3014161586761475,21.5,21.625,21.375,21.5,1300
1991-03-04,2.3014161586761475,21.5,21.5,21.25,21.25,12100
1991-03-05,2.2746543884277344,21.25,21.25,21.125,21.25,2600
1991-03-06,2.2746543884277344,21.25,21.375,21.25,21.375,900
1991-03-07,2.2880361080169678,21.375,21.375,21.125,21.125,3300
1991-03-08,2.2880361080169678,21.375,21.375,21.125,21.375,1200
1991-03-11,2.2880361080169678,21.375,21.375,21.125,21.375,2100
1991-03-12,2.2880361080169678,21.375,21.375,21.0,21.375,3200
1991-03-13,2.261273145675659,21.125,21.375,21.125,21.375,1200
1991-03-14,2.2746543884277344,21.25,21.375,21.0,21.375,4800
1991-03-15,2.247894525527954,21.0,21.125,21.0,21.0,2900
1991-03-18,2.247894525527954,21.0,21.25,21.0,21.25,2300
1991-03-19,2.2746543884277344,21.25,21.25,20.875,20.875,2600
1991-03-20,2.2746543884277344,21.25,21.375,20.875,21.375,5700
1991-03-21,2.2345144748687744,20.875,21.0,20.875,21.0,300
1991-03-22,2.247894525527954,21.0,21.25,21.0,21.125,1500
1991-03-25,2.2880361080169678,21.375,21.375,21.125,21.25,4800
1991-03-26,2.2880361080169678,21.375,21.375,21.125,21.375,1800
1991-03-27,2.3014161586761475,21.5,21.5,21.375,21.375,1300
1991-03-28,2.2880361080169678,21.375,21.5,21.125,21.5,2800
1991-04-01,2.2746543884277344,21.25,21.5,21.125,21.5,2800
1991-04-02,2.2746543884277344,21.25,21.625,21.25,21.25,3500
1991-04-03,2.3014161586761475,21.5,21.5,21.125,21.375,1900
1991-04-04,2.2880361080169678,21.375,21.625,21.25,21.25,1200
1991-04-05,2.328176259994507,21.75,21.75,21.375,21.625,5400
1991-04-08,2.3014161586761475,21.5,21.75,21.5,21.75,800
1991-04-09,2.3014161586761475,21.5,21.75,21.5,21.75,2700
1991-04-10,2.3147966861724854,21.625,21.75,21.625,21.75,800
1991-04-11,2.328176259994507,21.75,21.875,21.625,21.625,1400
1991-04-12,2.336923599243164,21.375,21.625,21.375,21.5,1200
1991-04-15,2.3505899906158447,21.5,21.5,21.25,21.5,1000
1991-04-16,2.3505899906158447,21.5,21.5,21.25,21.25,2200
1991-04-17,2.336923599243164,21.375,21.625,21.25,21.25,6300
1991-04-18,2.3505899906158447,21.5,21.625,21.375,21.625,9100
1991-04-19,2.336923599243164,21.375,21.5,21.25,21.5,7800
1991-04-22,2.3232555389404297,21.25,21.25,21.25,21.25,1000
1991-04-23,2.3232555389404297,21.25,21.25,21.25,21.25,800
1991-04-24,2.309589147567749,21.125,21.125,21.0,21.125,3800
1991-04-25,2.336923599243164,21.375,21.375,21.125,21.125,800
1991-04-26,2.309589147567749,21.125,21.125,21.0,21.125,900
1991-04-29,2.2959232330322266,21.0,21.0,21.0,21.0,900
1991-04-30,2.309589147567749,21.125,21.125,21.0,21.0,600
1991-05-01,2.2959232330322266,21.0,21.125,21.0,21.125,1600
1991-05-02,2.309589147567749,21.125,21.25,21.125,21.25,800
1991-05-03,2.309589147567749,21.125,21.125,21.0,21.125,2100
1991-05-06,2.309589147567749,21.125,21.125,20.875,21.0,1100
1991-05-07,2.3232555389404297,21.25,21.25,21.0,21.125,1100
1991-05-08,2.2685914039611816,20.75,21.0,20.75,21.0,2300
1991-05-09,2.2959232330322266,21.0,21.0,20.875,21.0,4500
1991-05-10,2.309589147567749,21.125,21.375,21.125,21.125,1500
1991-05-13,2.309589147567749,21.125,21.25,20.75,21.0,6000
1991-05-14,2.2959232330322266,21.0,21.25,21.0,21.0,900
1991-05-15,2.2685914039611816,20.75,20.875,20.75,20.875,1200
1991-05-16,2.2822585105895996,20.875,20.875,20.625,20.625,2100
1991-05-17,2.241259813308716,20.5,20.875,20.5,20.875,2900
1991-05-20,2.186593770980835,20.0,20.5,20.0,20.5,13700
1991-05-21,2.200261116027832,20.125,20.25,20.125,20.125,2200
1991-05-22,2.227592706680298,20.375,20.375,20.125,20.375,3000
1991-05-23,2.227592706680298,20.375,20.375,20.375,20.375,1200
1991-05-24,2.227592706680298,20.375,20.375,20.125,20.125,600
1991-05-28,2.227592706680298,20.375,20.375,20.125,20.125,1700
1991-05-29,2.227592706680298,20.375,20.375,20.125,20.125,3800
1991-05-30,2.2139267921447754,20.25,20.375,20.125,20.125,1400
1991-05-31,2.227592706680298,20.375,20.375,20.25,20.25,1400
1991-06-03,2.227592706680298,20.375,20.375,20.375,20.375,2200
1991-06-04,2.227592706680298,20.375,20.375,20.25,20.375,1600
1991-06-05,2.227592706680298,20.375,20.375,20.25,20.25,2300
1991-06-06,2.227592706680298,20.375,20.375,20.25,20.375,700
1991-06-07,2.227592706680298,20.375,20.375,20.25,20.25,1500
1991-06-10,2.254925489425659,20.625,20.625,20.25,20.25,4700
1991-06-11,2.2822585105895996,20.875,20.875,20.25,20.375,3800
1991-06-12,2.2685914039611816,20.75,21.0,20.625,21.0,1600
1991-06-13,2.2685914039611816,20.75,20.875,20.625,20.875,2300
1991-06-14,2.241259813308716,20.5,20.625,20.5,20.625,2300
1991-06-17,2.254925489425659,20.625,20.75,20.5,20.75,2800
1991-06-18,2.2685914039611816,20.75,20.75,20.75,20.75,600
1991-06-19,2.254925489425659,20.625,20.625,20.375,20.5,4500
1991-06-20,2.2139267921447754,20.25,20.5,20.25,20.5,4900
1991-06-21,2.241259813308716,20.5,20.5,20.25,20.5,2100
1991-06-24,2.241259813308716,20.5,20.625,20.25,20.5,2500
1991-06-25,2.241259813308716,20.5,20.5,20.5,20.5,100
1991-06-26,2.2685914039611816,20.75,20.75,20.625,20.625,1200
1991-06-27,2.2685914039611816,20.75,20.875,20.75,20.75,1100
1991-06-28,2.2685914039611816,20.75,21.0,20.75,20.75,3800
1991-07-01,2.2959232330322266,21.0,21.0,20.75,21.0,1500
1991-07-02,2.2959232330322266,21.0,21.0,20.75,20.75,2700
1991-07-03,2.2822585105895996,20.875,21.0,20.75,21.0,1500
1991-07-05,2.29119873046875,20.5,20.5,20.375,20.375,3800
1991-07-08,2.305168867111206,20.625,20.75,20.5,20.625,4100
1991-07-09,2.333111047744751,20.875,20.875,20.625,20.75,2700
1991-07-10,2.333111047744751,20.875,21.25,20.875,21.0,2900
1991-07-11,2.3750221729278564,21.25,21.25,21.125,21.125,2700
1991-07-12,2.3889949321746826,21.375,21.375,21.0,21.0,1800
1991-07-15,2.3889949321746826,21.375,21.375,21.25,21.25,1100
1991-07-16,2.3889949321746826,21.375,21.375,21.25,21.25,1200
1991-07-17,2.3750221729278564,21.25,21.25,21.25,21.25,1000
1991-07-18,2.361051082611084,21.125,21.375,21.125,21.375,900
1991-07-19,2.361051082611084,21.125,21.125,20.875,21.0,1500
1991-07-22,2.3750221729278564,21.25,21.5,21.0,21.0,1700
1991-07-23,2.3750221729278564,21.25,21.375,21.25,21.375,2300
1991-07-24,2.361051082611084,21.125,21.5,21.125,21.375,2600
1991-07-25,2.361051082611084,21.125,21.125,21.125,21.125,0
1991-07-26,2.3889949321746826,21.375,21.375,21.375,21.375,100
1991-07-29,2.3750221729278564,21.25,21.375,21.125,21.125,2800
1991-07-30,2.3889949321746826,21.375,21.375,21.375,21.375,200
1991-07-31,2.361051082611084,21.125,21.375,21.125,21.375,3400
1991-08-01,2.3470818996429443,21.0,21.0,21.0,21.0,1400
1991-08-02,2.361051082611084,21.125,21.25,21.0,21.0,1000
1991-08-05,2.3889949321746826,21.375,21.375,21.375,21.375,300
1991-08-06,2.3889949321746826,21.375,21.375,21.125,21.25,1700
1991-08-07,2.361051082611084,21.125,21.375,21.125,21.25,800
1991-08-08,2.3889949321746826,21.375,21.375,21.125,21.125,1200
1991-08-09,2.3750221729278564,21.25,21.5,21.25,21.375,2200
1991-08-12,2.3889949321746826,21.375,21.5,21.375,21.375,2400
1991-08-13,2.3889949321746826,21.375,21.5,21.375,21.375,1600
1991-08-14,2.4029641151428223,21.5,21.5,21.375,21.5,600
1991-08-15,2.416935920715332,21.625,21.625,21.375,21.5,4100
1991-08-16,2.416935920715332,21.625,21.625,21.625,21.625,600
1991-08-19,2.3750221729278564,21.25,21.5,21.25,21.5,1300
1991-08-20,2.4029641151428223,21.5,21.5,21.25,21.25,700
1991-08-21,2.3889949321746826,21.375,21.375,21.375,21.375,200
1991-08-22,2.3889949321746826,21.375,21.5,21.375,21.5,1100
1991-08-23,2.4029641151428223,21.5,21.5,21.375,21.5,700
1991-08-26,2.3889949321746826,21.375,21.5,21.375,21.5,800
1991-08-27,2.3889949321746826,21.375,21.5,21.375,21.375,3200
1991-08-28,2.3750221729278564,21.25,21.5,21.25,21.5,2500
1991-08-29,2.4029641151428223,21.5,21.5,21.25,21.5,1800
1991-08-30,2.416935920715332,21.625,21.625,21.625,21.625,500
1991-09-03,2.4029641151428223,21.5,21.5,21.5,21.5,400
1991-09-04,2.416935920715332,21.625,21.625,21.5,21.5,1100
1991-09-05,2.416935920715332,21.625,21.625,21.5,21.5,800
1991-09-06,2.4029641151428223,21.5,21.625,21.5,21.625,1200
1991-09-09,2.3889949321746826,21.375,21.5,21.375,21.5,5500
1991-09-10,2.3889949321746826,21.375,21.625,21.375,21.5,3600
1991-09-11,2.3889949321746826,21.375,21.375,21.375,21.375,900
1991-09-12,2.4029641151428223,21.5,21.5,21.5,21.5,700
1991-09-13,2.4029641151428223,21.5,21.75,21.5,21.5,2500
1991-09-16,2.416935920715332,21.625,21.75,21.5,21.5,700
1991-09-17,2.416935920715332,21.625,21.75,21.625,21.75,2200
1991-09-18,2.4029641151428223,21.5,21.5,21.5,21.5,700
1991-09-19,2.4728171825408936,22.125,22.125,21.5,21.5,5400
1991-09-20,2.4029641151428223,21.5,22.125,21.5,22.125,5800
1991-09-23,2.4309048652648926,21.75,22.0,21.625,21.625,2700
1991-09-24,2.4029641151428223,21.5,21.625,21.375,21.625,4000
1991-09-25,2.4029641151428223,21.5,21.5,21.375,21.5,1500
1991-09-26,2.416935920715332,21.625,21.875,21.5,21.625,3200
1991-09-27,2.4029641151428223,21.5,21.5,21.5,21.5,600
1991-09-30,2.4309048652648926,21.75,21.875,21.625,21.625,2900
1991-10-01,2.4309048652648926,21.75,22.0,21.75,21.75,3700
1991-10-02,2.4448769092559814,21.875,22.0,21.875,22.0,600
1991-10-03,2.4588465690612793,22.0,22.125,21.75,22.125,1000
1991-10-04,2.453712224960327,21.5,21.5,21.5,21.5,400
1991-10-07,2.453712224960327,21.5,21.5,21.5,21.5,800
1991-10-08,2.453712224960327,21.5,21.5,21.5,21.5,400
1991-10-09,2.425180435180664,21.25,21.625,21.125,21.5,2500
1991-10-10,2.453712224960327,21.5,21.5,21.5,21.5,1400
1991-10-11,2.453712224960327,21.5,21.625,21.5,21.5,3900
1991-10-14,2.439445734024048,21.375,21.375,21.375,21.375,800
1991-10-15,2.425180435180664,21.25,21.625,21.25,21.375,2300
1991-10-16,2.425180435180664,21.25,21.5,21.25,21.5,8000
1991-10-17,2.453712224960327,21.5,21.5,21.25,21.5,6400
1991-10-18,2.425180435180664,21.25,21.5,21.25,21.5,2100
1991-10-21,2.425180435180664,21.25,21.25,21.25,21.25,300
1991-10-22,2.425180435180664,21.25,21.25,21.25,21.25,1300
1991-10-23,2.410914182662964,21.125,21.125,21.125,21.125,4000
1991-10-24,2.410914182662964,21.125,21.125,21.125,21.125,100
1991-10-25,2.3966481685638428,21.0,21.25,21.0,21.125,4000
1991-10-28,2.410914182662964,21.125,21.25,21.125,21.25,1300
1991-10-29,2.410914182662964,21.125,21.125,21.125,21.125,1400
1991-10-30,2.425180435180664,21.25,21.25,21.125,21.25,400
1991-10-31,2.46797776222229,21.625,21.625,21.25,21.375,3900
1991-11-01,2.453712224960327,21.5,21.625,21.375,21.625,1700
1991-11-04,2.453712224960327,21.5,21.5,21.375,21.5,700
1991-11-05,2.439445734024048,21.375,21.5,21.375,21.5,1100
1991-11-06,2.453712224960327,21.5,21.625,21.375,21.375,2500
1991-11-07,2.46797776222229,21.625,21.625,21.5,21.5,1100
1991-11-08,2.439445734024048,21.375,21.625,21.375,21.625,700
1991-11-11,2.453712224960327,21.5,21.625,21.375,21.375,700
1991-11-12,2.46797776222229,21.625,21.75,21.375,21.375,4200
1991-11-13,2.46797776222229,21.625,21.75,21.625,21.75,3100
1991-11-14,2.4822423458099365,21.75,21.75,21.75,21.75,500
1991-11-15,2.46797776222229,21.625,21.75,21.5,21.75,800
1991-11-18,2.425180435180664,21.25,21.375,21.25,21.375,2900
1991-11-19,2.46797776222229,21.625,21.625,21.5,21.5,1000
1991-11-20,2.4822423458099365,21.75,21.75,21.625,21.625,1000
1991-11-21,2.496509313583374,21.875,21.875,21.75,21.75,2900
1991-11-22,2.496509313583374,21.875,21.875,21.75,21.75,1700
1991-11-25,2.4822423458099365,21.75,21.75,21.5,21.625,1700
1991-11-26,2.496509313583374,21.875,21.875,21.875,21.875,600
1991-11-27,2.5250399112701416,22.125,22.125,21.75,21.75,4900
1991-11-29,2.5250399112701416,22.125,22.125,22.125,22.125,400
1991-12-02,2.496509313583374,21.875,21.875,21.875,21.875,1900
1991-12-03,2.496509313583374,21.875,22.0,21.75,21.75,1900
1991-12-04,2.496509313583374,21.875,22.0,21.875,21.875,1200
1991-12-05,2.5107736587524414,22.0,22.0,22.0,22.0,200
1991-12-06,2.4822423458099365,21.75,22.0,21.75,22.0,1800
1991-12-09,2.5107736587524414,22.0,22.125,21.875,21.875,5200
1991-12-10,2.5250399112701416,22.125,22.125,22.125,22.125,600
1991-12-11,2.5393054485321045,22.25,22.25,22.0,22.125,1600
1991-12-12,2.5678389072418213,22.5,22.5,22.25,22.25,1300
1991-12-13,2.5678389072418213,22.5,22.625,22.375,22.375,3600
1991-12-16,2.553572177886963,22.375,22.625,22.375,22.625,3900
1991-12-17,2.5678389072418213,22.5,22.5,22.5,22.5,1100
1991-12-18,2.553572177886963,22.375,22.625,22.375,22.5,2600
1991-12-19,2.5821034908294678,22.625,22.625,22.5,22.5,1200
1991-12-20,2.5634589195251465,22.0,22.25,21.875,21.875,1900
1991-12-23,2.6362857818603516,22.625,22.625,22.0,22.0,1400
1991-12-24,2.6362857818603516,22.625,22.625,22.5,22.5,600
1991-12-26,2.6362857818603516,22.625,22.625,22.625,22.625,2500
1991-12-27,2.6217219829559326,22.5,22.75,22.5,22.625,3800
1991-12-30,2.6217219829559326,22.5,22.875,22.5,22.75,4300
1991-12-31,2.6217219829559326,22.5,22.75,22.5,22.75,700
1992-01-02,2.5925910472869873,22.25,22.625,22.25,22.375,3600
1992-01-03,2.5634589195251465,22.0,22.25,22.0,22.25,2300
1992-01-06,2.534329652786255,21.75,22.0,21.625,21.875,2800
1992-01-07,2.5197653770446777,21.625,21.75,21.625,21.75,1100
1992-01-08,2.5488955974578857,21.875,21.875,21.75,21.875,1800
1992-01-09,2.5634589195251465,22.0,22.0,21.875,22.0,1100
1992-01-10,2.5488955974578857,21.875,21.875,21.75,21.875,2200
1992-01-13,2.5634589195251465,22.0,22.0,21.875,21.875,1600
1992-01-14,2.5780253410339355,22.125,22.125,21.75,21.875,1700
1992-01-15,2.5780253410339355,22.125,22.125,21.875,21.875,1500
1992-01-16,2.607156276702881,22.375,22.375,22.25,22.25,600
1992-01-17,2.5488955974578857,21.875,22.5,21.875,22.5,1800
1992-01-20,2.5780253410339355,22.125,22.25,21.75,21.75,4700
1992-01-21,2.5634589195251465,22.0,22.0,21.75,21.875,3200
1992-01-22,2.534329652786255,21.75,22.0,21.75,22.0,1200
1992-01-23,2.5488955974578857,21.875,21.875,21.75,21.75,1200
1992-01-24,2.5488955974578857,21.875,21.875,21.75,21.75,400
1992-01-27,2.5488955974578857,21.875,21.875,21.625,21.75,1200
1992-01-28,2.5634589195251465,22.0,22.0,22.0,22.0,1400
1992-01-29,2.5925910472869873,22.25,22.25,22.0,22.0,2300
1992-01-30,2.5780253410339355,22.125,22.375,22.125,22.375,1800
1992-01-31,2.6217219829559326,22.5,22.5,22.125,22.125,1400
1992-02-03,2.607156276702881,22.375,22.375,22.25,22.25,400
1992-02-04,2.607156276702881,22.375,22.375,22.25,22.25,1000
1992-02-05,2.6362857818603516,22.625,22.75,22.375,22.625,4300
1992-02-06,2.607156276702881,22.375,22.75,22.375,22.625,2400
1992-02-07,2.5925910472869873,22.25,22.375,22.25,22.25,2300
1992-02-10,2.6362857818603516,22.625,22.625,22.5,22.5,700
1992-02-11,2.679981231689453,23.0,23.0,22.375,22.5,3700
1992-02-12,2.694545269012451,23.125,23.125,22.875,23.0,2400
1992-02-13,2.679981231689453,23.0,23.0,22.75,23.0,2600
1992-02-14,2.6362857818603516,22.625,22.75,22.625,22.75,400
1992-02-18,2.6217219829559326,22.5,22.75,22.5,22.75,1800
1992-02-19,2.650850534439087,22.75,22.75,22.5,22.5,300
1992-02-20,2.650850534439087,22.75,22.875,22.625,22.75,2200
1992-02-21,2.650850534439087,22.75,22.75,22.5,22.625,10200
1992-02-24,2.6362857818603516,22.625,22.75,22.625,22.75,1300
1992-02-25,2.650850534439087,22.75,22.75,22.625,22.625,300
1992-02-26,2.5925910472869873,22.25,22.75,22.25,22.625,3800
1992-02-27,2.6217219829559326,22.5,22.5,22.25,22.375,3100
1992-02-28,2.607156276702881,22.375,22.5,22.25,22.25,2300
1992-03-02,2.607156276702881,22.375,22.5,22.125,22.5,4000
1992-03-03,2.6217219829559326,22.5,22.625,22.5,22.625,300
1992-03-04,2.607156276702881,22.375,22.5,22.125,22.25,3600
1992-03-05,2.5634589195251465,22.0,22.5,22.0,22.125,6400
1992-03-06,2.5925910472869873,22.25,22.25,22.0,22.0,1000
1992-03-09,2.6217219829559326,22.5,22.5,22.5,22.5,1100
1992-03-10,2.6362857818603516,22.625,22.625,22.375,22.375,2300
1992-03-11,2.6362857818603516,22.625,22.625,22.625,22.625,0
1992-03-12,2.6362857818603516,22.625,22.625,22.375,22.375,1700
1992-03-13,2.6362857818603516,22.625,22.625,22.625,22.625,200
1992-03-16,2.6362857818603516,22.625,22.625,22.5,22.5,300
1992-03-17,2.6362857818603516,22.625,22.625,22.5,22.5,500
1992-03-18,2.607156276702881,22.375,22.75,22.375,22.5,4900
1992-03-19,2.650850534439087,22.75,22.75,22.625,22.625,1700
1992-03-20,2.650850534439087,22.75,22.75,22.5,22.75,600
1992-03-23,2.6362857818603516,22.625,22.75,22.5,22.5,4100
1992-03-24,2.6362857818603516,22.625,22.75,22.5,22.5,2500
1992-03-25,2.6362857818603516,22.625,22.75,22.625,22.625,800
1992-03-26,2.6362857818603516,22.625,22.75,22.625,22.625,1200
1992-03-27,2.650850534439087,22.75,22.75,22.625,22.625,2700
1992-03-30,2.650850534439087,22.75,22.75,22.625,22.75,3500
1992-03-31,2.6362857818603516,22.625,22.75,22.625,22.75,300
1992-04-01,2.6362857818603516,22.625,22.75,22.625,22.75,800
1992-04-02,2.6362857818603516,22.625,22.625,22.625,22.625,1300
1992-04-03,2.6217219829559326,22.5,22.75,22.5,22.75,500
1992-04-06,2.6217219829559326,22.5,22.75,22.5,22.75,2500
1992-04-07,2.650850534439087,22.75,22.75,22.75,22.75,300
1992-04-08,2.6217219829559326,22.5,22.75,22.5,22.5,1400
1992-04-09,2.6217219829559326,22.5,22.5,22.5,22.5,700
1992-04-10,2.616370916366577,22.0,22.25,22.0,22.25,2100
1992-04-13,2.616370916366577,22.0,22.25,21.875,21.875,2800
1992-04-14,2.660966634750366,22.375,22.375,22.125,22.25,1300
1992-04-15,2.631235361099243,22.125,22.375,22.125,22.375,900
1992-04-16,2.631235361099243,22.125,22.375,22.125,22.375,300
1992-04-20,2.660966634750366,22.375,22.375,22.25,22.375,1300
1992-04-21,2.631235361099243,22.125,22.125,21.875,22.125,3000
1992-04-22,2.616370916366577,22.0,22.0,21.875,21.875,2300
1992-04-23,2.616370916366577,22.0,22.25,21.875,22.25,3700
1992-04-24,2.660966634750366,22.375,22.375,22.25,22.25,3700
1992-04-27,2.6758322715759277,22.5,22.5,22.125,22.125,3900
1992-04-28,2.6758322715759277,22.5,22.5,22.375,22.375,600
1992-04-29,2.6758322715759277,22.5,22.5,22.375,22.375,800
1992-04-30,2.6906981468200684,22.625,22.625,22.5,22.5,600
1992-05-01,2.7055625915527344,22.75,22.875,22.75,22.75,3200
1992-05-04,2.720428705215454,22.875,22.875,22.75,22.75,1100
1992-05-05,2.720428705215454,22.875,22.875,22.75,22.75,2500
1992-05-06,2.7352945804595947,23.0,23.0,22.75,22.875,1700
1992-05-07,2.720428705215454,22.875,23.125,22.875,22.875,3500
1992-05-08,2.7352945804595947,23.0,23.125,22.875,22.875,1000
1992-05-11,2.7501611709594727,23.125,23.125,23.0,23.125,2300
1992-05-12,2.765026807785034,23.25,23.25,23.25,23.25,1000
1992-05-13,2.794757604598999,23.5,23.5,23.25,23.25,2100
1992-05-14,2.794757604598999,23.5,23.625,23.25,23.375,3200
1992-05-15,2.765026807785034,23.25,23.625,23.25,23.625,700
1992-05-18,2.765026807785034,23.25,23.25,23.25,23.25,800
1992-05-19,2.794757604598999,23.5,23.5,23.5,23.5,600
1992-05-20,2.794757604598999,23.5,23.625,23.25,23.625,5700
1992-05-21,2.794757604598999,23.5,23.625,23.125,23.25,1800
1992-05-22,2.8096227645874023,23.625,23.625,23.375,23.375,1200
1992-05-26,2.8096227645874023,23.625,23.625,23.625,23.625,1800
1992-05-27,2.779892683029175,23.375,23.625,23.125,23.375,5500
1992-05-28,2.7501611709594727,23.125,23.25,23.125,23.125,2700
1992-05-29,2.7501611709594727,23.125,23.375,23.125,23.125,2300
1992-06-01,2.794757604598999,23.5,23.5,23.125,23.125,2000
1992-06-02,2.824489116668701,23.75,23.75,23.75,23.75,1000
1992-06-03,2.824489116668701,23.75,23.75,23.625,23.75,1900
1992-06-04,2.824489116668701,23.75,23.75,23.5,23.5,2000
1992-06-05,2.824489116668701,23.75,23.75,23.75,23.75,100
1992-06-08,2.765026807785034,23.25,23.75,23.25,23.75,4100
1992-06-09,2.765026807785034,23.25,23.5,23.125,23.125,6000
1992-06-10,2.794757604598999,23.5,23.625,23.125,23.125,3500
1992-06-11,2.779892683029175,23.375,23.75,23.375,23.75,1400
1992-06-12,2.765026807785034,23.25,23.25,23.25,23.25,1200
1992-06-15,2.7501611709594727,23.125,23.25,23.0,23.25,1800
1992-06-16,2.7352945804595947,23.0,23.0,23.0,23.0,3000
1992-06-17,2.779892683029175,23.375,23.375,23.125,23.25,1400
1992-06-18,2.8096227645874023,23.625,23.625,23.5,23.5,1400
1992-06-19,2.824489116668701,23.75,23.875,23.625,23.75,2500
1992-06-22,2.824489116668701,23.75,23.75,23.75,23.75,0
1992-06-23,2.794757604598999,23.5,23.75,23.375,23.75,1200
1992-06-24,2.824489116668701,23.75,23.875,23.75,23.75,4300
1992-06-25,2.765026807785034,23.25,23.75,23.25,23.75,1500
1992-06-26,2.7501611709594727,23.125,23.125,23.125,23.125,500
1992-06-29,2.824489116668701,23.75,23.75,23.375,23.375,2700
1992-06-30,2.869086503982544,24.125,24.25,24.0,24.0,2000
1992-07-01,2.869086503982544,24.125,24.375,24.125,24.125,10000
1992-07-02,2.8484809398651123,23.5,23.875,23.5,23.875,1600
1992-07-06,2.9090869426727295,24.0,24.0,23.75,23.75,1500
1992-07-07,2.9090869426727295,24.0,24.0,23.625,24.0,7000
1992-07-08,2.8939335346221924,23.875,23.875,23.875,23.875,100
1992-07-09,2.9393885135650635,24.25,24.25,23.75,23.875,1300
1992-07-10,2.9090869426727295,24.0,24.0,24.0,24.0,500
1992-07-13,2.924238443374634,24.125,24.125,24.0,24.0,1100
1992-07-14,2.878783941268921,23.75,24.0,23.75,23.875,1800
1992-07-15,2.8636314868927,23.625,23.625,23.5,23.5,5300
1992-07-16,2.8939335346221924,23.875,23.875,23.5,23.5,1100
1992-07-17,2.8636314868927,23.625,23.875,23.625,23.625,2000
1992-07-20,2.8636314868927,23.625,23.875,23.375,23.375,1400
1992-07-21,2.9090869426727295,24.0,24.0,23.875,23.875,3200
1992-07-22,2.924238443374634,24.125,24.5,24.0,24.0,4400
1992-07-23,2.924238443374634,24.125,24.125,24.125,24.125,0
1992-07-24,2.969691753387451,24.5,24.5,24.25,24.25,3100
1992-07-27,2.969691753387451,24.5,24.5,24.25,24.25,1200
1992-07-28,3.0454511642456055,25.125,25.125,24.625,24.625,2400
1992-07-29,3.0302982330322266,25.0,25.25,24.875,25.25,3900
1992-07-30,2.9999969005584717,24.75,24.75,24.75,24.75,500
1992-07-31,2.969691753387451,24.5,25.125,24.5,25.0,5600
1992-08-03,3.0151455402374268,24.875,24.875,24.5,24.5,700
1992-08-04,2.9999969005584717,24.75,25.25,24.625,24.875,8300
1992-08-05,3.0151455402374268,24.875,25.125,24.75,24.75,2300
1992-08-06,3.0302982330322266,25.0,25.25,25.0,25.0,1700
1992-08-07,3.1212079524993896,25.75,25.75,25.125,25.125,3400
1992-08-10,3.106055974960327,25.625,25.75,25.625,25.625,3900
1992-08-11,3.106055974960327,25.625,25.75,25.625,25.75,1200
1992-08-12,3.090904951095581,25.5,25.5,25.25,25.375,900
1992-08-13,3.0605990886688232,25.25,25.5,25.25,25.25,1000
1992-08-14,3.0454511642456055,25.125,25.5,25.125,25.125,5900
1992-08-17,3.0454511642456055,25.125,25.25,25.125,25.125,3600
1992-08-18,3.0605990886688232,25.25,25.25,25.125,25.25,1400
1992-08-19,3.0302982330322266,25.0,25.25,24.875,25.0,5200
1992-08-20,3.0605990886688232,25.25,25.25,25.0,25.0,2100
1992-08-21,3.0454511642456055,25.125,25.375,25.0,25.375,5000
1992-08-24,3.0454511642456055,25.125,25.375,25.125,25.25,6200
1992-08-25,3.0454511642456055,25.125,25.375,25.125,25.375,1600
1992-08-26,3.0757529735565186,25.375,25.375,25.25,25.25,4000
1992-08-27,3.106055974960327,25.625,25.625,25.25,25.375,1700
1992-08-28,3.0454511642456055,25.125,25.375,25.125,25.375,4300
1992-08-31,3.0605990886688232,25.25,25.25,25.125,25.125,5000
1992-09-01,3.0605990886688232,25.25,25.25,25.125,25.125,5500
1992-09-02,3.090904951095581,25.5,25.5,25.25,25.25,3800
1992-09-03,3.0757529735565186,25.375,25.625,25.375,25.5,1300
1992-09-04,3.0757529735565186,25.375,25.625,25.375,25.375,5400
1992-09-08,3.106055974960327,25.625,25.625,25.25,25.625,3600
1992-09-09,3.0605990886688232,25.25,25.75,25.25,25.5,4600
1992-09-10,3.0605990886688232,25.25,25.375,25.0,25.375,2500
1992-09-11,3.0454511642456055,25.125,25.125,25.0,25.0,3900
1992-09-14,3.0302982330322266,25.0,25.125,24.875,25.125,3300
1992-09-15,3.0151455402374268,24.875,25.125,24.875,25.0,3200
1992-09-16,2.984844446182251,24.625,24.875,24.625,24.625,1600
1992-09-17,2.984844446182251,24.625,24.875,24.5,24.5,2600
1992-09-18,2.984844446182251,24.625,24.625,24.5,24.5,700
1992-09-21,3.0151455402374268,24.875,24.875,24.625,24.625,2700
1992-09-22,3.0151455402374268,24.875,24.875,24.75,24.875,7200
1992-09-23,2.9999969005584717,24.75,24.875,24.5,24.875,4500
1992-09-24,2.9999969005584717,24.75,24.75,24.5,24.5,5800
1992-09-25,3.0302982330322266,25.0,25.0,24.875,24.875,4400
1992-09-28,2.984844446182251,24.625,24.75,24.5,24.75,5000
1992-09-29,3.0151455402374268,24.875,24.875,24.5,24.625,6100
1992-09-30,3.0151455402374268,24.875,24.875,24.75,24.875,1700
1992-10-01,2.9999969005584717,24.75,24.875,24.75,24.75,1500
1992-10-02,2.9944381713867188,24.25,24.25,24.125,24.25,1500
1992-10-05,2.9944381713867188,24.25,24.25,23.875,24.25,5600
1992-10-06,3.0098748207092285,24.375,24.375,24.375,24.375,2000
1992-10-07,2.9944381713867188,24.25,24.375,24.0,24.25,2800
1992-10-08,3.0098748207092285,24.375,24.375,24.0,24.0,5100
1992-10-09,3.0098748207092285,24.375,24.375,24.25,24.375,1000
1992-10-12,2.9944381713867188,24.25,24.375,24.25,24.375,1300
1992-10-13,3.025308609008789,24.5,24.5,24.25,24.375,4800
1992-10-14,3.025308609008789,24.5,24.5,24.375,24.375,1300
1992-10-15,3.0098748207092285,24.375,24.5,24.375,24.5,1800
1992-10-16,3.025308609008789,24.5,24.5,24.5,24.5,1200
1992-10-19,3.0098748207092285,24.375,24.5,24.375,24.5,2000
1992-10-20,3.025308609008789,24.5,24.5,24.375,24.5,2600
1992-10-21,2.9944381713867188,24.25,24.625,24.125,24.625,4700
1992-10-22,2.979004144668579,24.125,24.375,24.0,24.0,1700
1992-10-23,2.979004144668579,24.125,24.25,24.125,24.125,3000
1992-10-26,2.9944381713867188,24.25,24.375,24.125,24.25,2000
1992-10-27,2.9944381713867188,24.25,24.375,24.25,24.25,2800
1992-10-28,2.9944381713867188,24.25,24.375,24.25,24.375,8200
1992-10-29,2.979004144668579,24.125,24.375,24.0,24.25,1600
1992-10-30,2.948132276535034,23.875,24.125,23.875,23.875,4800
1992-11-02,2.963568687438965,24.0,24.125,23.875,24.125,1400
1992-11-03,2.963568687438965,24.0,24.0,23.75,23.75,1400
1992-11-04,3.025308609008789,24.5,24.5,24.125,24.125,4600
1992-11-05,2.9944381713867188,24.25,24.75,24.25,24.75,1800
1992-11-06,2.963568687438965,24.0,24.5,24.0,24.5,2500
1992-11-09,2.948132276535034,23.875,24.25,23.875,24.0,3900
1992-11-10,2.948132276535034,23.875,24.25,23.875,24.125,3100
1992-11-11,2.948132276535034,23.875,24.125,23.875,23.875,1200
1992-11-12,2.9326987266540527,23.75,23.75,23.625,23.75,1200
1992-11-13,2.9172635078430176,23.625,23.75,23.5,23.5,1100
1992-11-16,2.840085744857788,23.0,23.5,23.0,23.5,5500
1992-11-17,2.8246512413024902,22.875,23.125,22.875,22.875,1600
1992-11-18,2.8246512413024902,22.875,23.25,22.875,23.125,5900
1992-11-19,2.8555214405059814,23.125,23.375,23.125,23.125,9300
1992-11-20,2.8709568977355957,23.25,23.25,23.0,23.125,3100
1992-11-23,2.8709568977355957,23.25,23.25,23.0,23.0,3400
1992-11-24,2.840085744857788,23.0,23.0,22.625,23.0,4100
1992-11-25,2.8246512413024902,22.875,23.125,22.75,23.125,1400
1992-11-27,2.840085744857788,23.0,23.0,22.75,22.75,1500
1992-11-30,2.7937817573547363,22.625,22.875,22.625,22.875,4500
1992-12-01,2.7937817573547363,22.625,22.625,22.5,22.625,2200
1992-12-02,2.7783455848693848,22.5,22.625,22.5,22.5,2700
1992-12-03,2.7166049480438232,22.0,22.5,22.0,22.375,10000
1992-12-04,2.732039451599121,22.125,22.125,21.875,21.875,2100
1992-12-07,2.7629106044769287,22.375,22.375,22.0,22.0,2500
1992-12-08,2.7937817573547363,22.625,22.625,22.25,22.25,2900
1992-12-09,2.809215545654297,22.75,22.75,22.5,22.5,1900
1992-12-10,2.809215545654297,22.75,23.0,22.5,22.5,8000
1992-12-11,2.7937817573547363,22.625,22.875,22.625,22.875,2500
1992-12-14,2.8246512413024902,22.875,22.875,22.75,22.875,900
1992-12-15,2.809215545654297,22.75,22.875,22.75,22.75,1800
1992-12-16,2.886392116546631,23.375,23.375,22.875,22.875,5900
1992-12-17,2.886392116546631,23.375,23.375,23.375,23.375,200
1992-12-18,2.840085744857788,23.0,23.375,22.75,23.375,3800
1992-12-21,2.840085744857788,23.0,23.375,23.0,23.25,5000
1992-12-22,2.840085744857788,23.0,23.125,22.875,23.125,900
1992-12-23,2.8611855506896973,22.375,22.375,22.125,22.375,3100
1992-12-24,2.8931562900543213,22.625,22.625,22.5,22.5,2100
1992-12-28,2.8931562900543213,22.625,22.625,22.125,22.25,7000
1992-12-29,2.8931562900543213,22.625,22.625,22.625,22.625,2200
1992-12-30,2.8931562900543213,22.625,22.625,22.625,22.625,600
1992-12-31,2.8931562900543213,22.625,22.625,22.5,22.625,1300
1993-01-04,2.8611855506896973,22.375,22.625,22.375,22.375,2000
1993-01-05,2.8611855506896973,22.375,22.5,22.375,22.5,2800
1993-01-06,2.8132340908050537,22.0,22.25,22.0,22.25,3800
1993-01-07,2.829216480255127,22.125,22.25,22.125,22.125,1300
1993-01-08,2.8452014923095703,22.25,22.375,22.125,22.375,4800
1993-01-11,2.8611855506896973,22.375,22.375,22.125,22.375,4300
1993-01-12,2.8611855506896973,22.375,22.5,22.375,22.5,700
1993-01-13,2.829216480255127,22.125,22.125,22.125,22.125,1100
1993-01-14,2.8452014923095703,22.25,22.375,22.125,22.125,1800
1993-01-15,2.8452014923095703,22.25,22.25,22.0,22.25,4800
1993-01-18,2.8611855506896973,22.375,22.375,22.25,22.375,900
1993-01-19,2.8611855506896973,22.375,22.375,22.125,22.375,3500
1993-01-20,2.829216480255127,22.125,22.375,22.125,22.375,12400
1993-01-21,2.8611855506896973,22.375,22.375,22.25,22.375,3500
1993-01-22,2.8771705627441406,22.5,22.5,22.375,22.375,3000
1993-01-25,2.9411044120788574,23.0,23.25,22.5,22.5,18800
1993-01-26,2.9730758666992188,23.25,23.375,23.25,23.25,5400
1993-01-27,3.0210275650024414,23.625,23.875,23.375,23.375,4700
1993-01-28,3.005042552947998,23.5,23.75,23.5,23.625,3800
1993-01-29,3.0210275650024414,23.625,23.625,23.5,23.5,500
1993-02-01,3.0529961585998535,23.875,24.0,23.625,23.875,12000
1993-02-02,3.0529961585998535,23.875,23.875,23.75,23.875,4100
1993-02-03,3.037012815475464,23.75,23.875,23.625,23.875,3600
1993-02-04,3.0210275650024414,23.625,23.625,23.5,23.5,2700
1993-02-05,3.0210275650024414,23.625,23.75,23.5,23.625,4800
1993-02-08,3.0529961585998535,23.875,23.875,23.5,23.75,2600
1993-02-09,3.0529961585998535,23.875,23.875,23.625,23.625,4900
1993-02-10,3.068981409072876,24.0,24.0,23.75,23.875,6000
1993-02-11,3.068981409072876,24.0,24.0,24.0,24.0,2000
1993-02-12,3.0529961585998535,23.875,23.875,23.625,23.75,2600
1993-02-16,3.0529961585998535,23.875,24.0,23.75,23.875,6300
1993-02-17,3.0529961585998535,23.875,23.875,23.75,23.75,5300
1993-02-18,3.0529961585998535,23.875,23.875,23.625,23.625,5500
1993-02-19,3.068981409072876,24.0,24.0,23.625,23.875,3500
1993-02-22,3.084965229034424,24.125,24.25,23.875,24.0,4600
1993-02-23,3.1169347763061523,24.375,24.375,24.25,24.25,4300
1993-02-24,3.100950002670288,24.25,24.375,24.125,24.125,3500
1993-02-25,3.1169347763061523,24.375,24.375,24.375,24.375,4700
1993-02-26,3.1169347763061523,24.375,24.375,24.25,24.375,1800
1993-03-01,3.1169347763061523,24.375,24.375,24.375,24.375,1400
1993-03-02,3.100950002670288,24.25,24.375,24.25,24.375,3900
1993-03-03,3.1169347763061523,24.375,24.375,24.25,24.25,2300
1993-03-04,3.100950002670288,24.25,24.375,24.125,24.375,1000
1993-03-05,3.1169347763061523,24.375,24.375,24.25,24.375,3700
1993-03-08,3.132918357849121,24.5,24.5,24.375,24.375,4200
1993-03-09,3.1648879051208496,24.75,24.75,24.375,24.375,6200
1993-03-10,3.148902177810669,24.625,24.75,24.375,24.75,4900
1993-03-11,3.148902177810669,24.625,24.75,24.375,24.75,4200
1993-03-12,3.1169347763061523,24.375,24.375,24.25,24.375,1400
1993-03-15,3.1169347763061523,24.375,24.625,24.375,24.5,1500
1993-03-16,3.1169347763061523,24.375,24.375,24.25,24.25,1200
1993-03-17,3.132918357849121,24.5,24.625,24.25,24.25,2300
1993-03-18,3.132918357849121,24.5,24.5,24.375,24.375,2600
1993-03-19,3.132918357849121,24.5,24.625,24.5,24.625,3000
1993-03-22,3.132918357849121,24.5,24.625,24.5,24.625,2900
1993-03-23,3.1648879051208496,24.75,24.75,24.75,24.75,3000
1993-03-24,3.132918357849121,24.5,24.875,24.5,24.875,4100
1993-03-25,3.1648879051208496,24.75,24.75,24.375,24.375,2300
1993-03-26,3.180870532989502,24.875,24.875,24.625,24.875,4200
1993-03-29,3.1648879051208496,24.75,25.0,24.5,24.625,8500
1993-03-30,3.180870532989502,24.875,25.0,24.875,25.0,2400
1993-03-31,3.1648879051208496,24.75,25.0,24.75,25.0,900
1993-04-01,3.1968562602996826,25.0,25.125,25.0,25.0,2200
1993-04-02,3.1648879051208496,24.75,25.0,24.75,25.0,2800
1993-04-05,3.180870532989502,24.875,24.875,24.875,24.875,200
1993-04-06,3.180870532989502,24.875,24.875,24.875,24.875,1700
1993-04-07,3.1968562602996826,25.0,25.0,24.875,24.875,3800
1993-04-08,3.207274913787842,24.625,24.625,24.625,24.625,3000
1993-04-12,3.207274913787842,24.625,24.625,24.375,24.375,6000
1993-04-13,3.1584322452545166,24.25,24.625,24.25,24.625,5600
1993-04-14,3.1584322452545166,24.25,24.25,24.0,24.125,2500
1993-04-15,3.207274913787842,24.625,24.625,24.25,24.25,2000
1993-04-16,3.207274913787842,24.625,24.75,24.625,24.75,700
1993-04-19,3.1909942626953125,24.5,24.625,24.5,24.625,1700
1993-04-20,3.1909942626953125,24.5,24.75,24.5,24.5,1300
1993-04-21,3.2235560417175293,24.75,24.75,24.5,24.625,600
1993-04-22,3.2235560417175293,24.75,24.75,24.625,24.75,3200
1993-04-23,3.1909942626953125,24.5,24.75,24.5,24.75,1900
1993-04-26,3.1584322452545166,24.25,24.5,24.125,24.375,5300
1993-04-27,3.142151355743408,24.125,24.375,24.125,24.125,5000
1993-04-28,3.1584322452545166,24.25,24.375,24.125,24.125,1900
1993-04-29,3.142151355743408,24.125,24.375,24.125,24.25,1000
1993-04-30,3.142151355743408,24.125,24.375,24.125,24.125,1700
1993-05-03,3.1584322452545166,24.25,24.25,24.125,24.125,3600
1993-05-04,3.142151355743408,24.125,24.5,24.125,24.375,2100
1993-05-05,3.1584322452545166,24.25,24.25,24.0,24.25,3500
1993-05-06,3.1095902919769287,23.875,24.375,23.875,24.25,3600
1993-05-07,3.12587308883667,24.0,24.0,23.875,23.875,300
1993-05-10,3.142151355743408,24.125,24.125,23.875,23.875,3000
1993-05-11,3.1584322452545166,24.25,24.25,23.875,24.0,3500
1993-05-12,3.1747143268585205,24.375,24.375,24.125,24.125,1300
1993-05-13,3.12587308883667,24.0,24.25,24.0,24.25,900
1993-05-14,3.142151355743408,24.125,24.125,24.125,24.125,1300
1993-05-17,3.142151355743408,24.125,24.125,24.125,24.125,1100
1993-05-18,3.0933122634887695,23.75,24.0,23.75,24.0,3400
1993-05-19,3.0770294666290283,23.625,23.875,23.625,23.875,3500
1993-05-20,3.0933122634887695,23.75,23.75,23.625,23.625,3000
1993-05-21,3.0770294666290283,23.625,23.625,23.5,23.5,2300
1993-05-24,3.028188705444336,23.25,23.625,23.25,23.625,7500
1993-05-25,3.028188705444336,23.25,23.25,22.875,23.0,5400
1993-05-26,2.9956252574920654,23.0,23.375,23.0,23.375,6700
1993-05-27,3.0119071006774902,23.125,23.25,23.0,23.0,700
1993-05-28,3.0119071006774902,23.125,23.125,23.0,23.0,700
1993-06-01,3.0119071006774902,23.125,23.125,23.0,23.125,2100
1993-06-02,2.9956252574920654,23.0,23.375,23.0,23.0,3400
1993-06-03,3.0119071006774902,23.125,23.125,22.875,23.0,2200
1993-06-04,2.9956252574920654,23.0,23.0,22.75,22.875,3000
1993-06-07,3.044468879699707,23.375,23.375,23.125,23.125,3100
1993-06-08,3.060748338699341,23.5,23.5,23.125,23.125,1200
1993-06-09,3.0933122634887695,23.75,23.75,23.5,23.5,2500
1993-06-10,3.0933122634887695,23.75,23.75,23.625,23.75,1200
1993-06-11,3.1095902919769287,23.875,23.875,23.75,23.875,1400
1993-06-14,3.0933122634887695,23.75,23.875,23.75,23.75,3100
1993-06-15,3.0933122634887695,23.75,23.875,23.5,23.875,5500
1993-06-16,3.0770294666290283,23.625,23.75,23.625,23.625,2000
1993-06-17,3.044468879699707,23.375,23.875,23.375,23.75,3700
1993-06-18,2.9956252574920654,23.0,23.625,23.0,23.625,5200
1993-06-21,2.979346752166748,22.875,23.25,22.875,23.25,3100
1993-06-22,2.9956252574920654,23.0,23.0,22.75,23.0,2600
1993-06-23,3.0119071006774902,23.125,23.125,23.0,23.0,1300
1993-06-24,2.9956252574920654,23.0,23.0,23.0,23.0,2000
1993-06-25,2.979346752166748,22.875,23.125,22.875,22.875,4000
1993-06-28,3.044468879699707,23.375,23.375,22.875,23.0,5000
1993-06-29,3.0933122634887695,23.75,23.75,23.5,23.5,1300
1993-06-30,3.1095902919769287,23.875,23.875,23.625,23.875,5500
1993-07-01,3.1334645748138428,23.625,23.625,23.625,23.625,700
1993-07-02,3.116884708404541,23.5,23.75,23.5,23.75,2000
1993-07-06,3.116884708404541,23.5,23.5,23.25,23.25,1100
1993-07-07,3.116884708404541,23.5,23.75,23.5,23.75,500
1993-07-08,3.150045871734619,23.75,23.75,23.5,23.5,1400
1993-07-09,3.18320369720459,24.0,24.0,23.75,23.75,3700
1993-07-12,3.1997814178466797,24.125,24.125,23.875,24.125,1400
1993-07-13,3.216359853744507,24.25,24.25,24.25,24.25,200
1993-07-14,3.2495195865631104,24.5,24.5,24.25,24.25,400
1993-07-15,3.266098737716675,24.625,24.75,24.5,24.5,2000
1993-07-16,3.2826790809631348,24.75,24.75,24.5,24.75,1700
1993-07-19,3.2826790809631348,24.75,24.75,24.75,24.75,900
1993-07-20,3.2826790809631348,24.75,24.875,24.75,24.875,1900
1993-07-21,3.2826790809631348,24.75,24.75,24.75,24.75,700
1993-07-22,3.299257278442383,24.875,24.875,24.875,24.875,600
1993-07-23,3.2495195865631104,24.5,24.875,24.375,24.875,3300
1993-07-26,3.232941150665283,24.375,24.5,24.375,24.375,900
1993-07-27,3.216359853744507,24.25,24.625,24.25,24.375,3400
1993-07-28,3.216359853744507,24.25,24.25,24.25,24.25,200
1993-07-29,3.216359853744507,24.25,24.25,24.25,24.25,700
1993-07-30,3.216359853744507,24.25,24.25,24.25,24.25,1400
1993-08-02,3.1997814178466797,24.125,24.125,24.0,24.125,1000
1993-08-03,3.1997814178466797,24.125,24.375,24.0,24.125,3400
1993-08-04,3.1997814178466797,24.125,24.375,24.125,24.375,1500
1993-08-05,3.1997814178466797,24.125,24.125,24.125,24.125,0
1993-08-06,3.216359853744507,24.25,24.5,24.125,24.25,1700
1993-08-09,3.232941150665283,24.375,24.5,24.125,24.5,1500
1993-08-10,3.232941150665283,24.375,24.375,24.125,24.125,500
1993-08-11,3.1997814178466797,24.125,24.125,24.0,24.125,400
1993-08-12,3.18320369720459,24.0,24.0,24.0,24.0,100
1993-08-13,3.1997814178466797,24.125,24.125,24.125,24.125,400
1993-08-16,3.216359853744507,24.25,24.25,24.0,24.25,2500
1993-08-17,3.216359853744507,24.25,24.25,24.25,24.25,0
1993-08-18,3.18320369720459,24.0,24.0,24.0,24.0,2000
1993-08-19,3.1666221618652344,23.875,24.0,23.75,24.0,2200
1993-08-20,3.1666221618652344,23.875,24.0,23.75,24.0,4600
1993-08-23,3.1666221618652344,23.875,23.875,23.875,23.875,700
1993-08-24,3.1666221618652344,23.875,23.875,23.875,23.875,0
1993-08-25,3.100306749343872,23.375,24.0,23.375,24.0,15800
1993-08-26,3.1334645748138428,23.625,23.625,23.25,23.25,1400
1993-08-27,3.083728313446045,23.25,23.625,23.25,23.625,2100
1993-08-30,3.116884708404541,23.5,23.5,23.25,23.25,400
1993-08-31,3.1334645748138428,23.625,23.75,23.5,23.625,3600
1993-09-01,3.150045871734619,23.75,23.75,23.75,23.75,400
1993-09-02,3.150045871734619,23.75,23.75,23.75,23.75,200
1993-09-03,3.1334645748138428,23.625,23.75,23.625,23.75,500
1993-09-07,3.1666221618652344,23.875,23.875,23.625,23.75,3600
1993-09-08,3.150045871734619,23.75,23.75,23.625,23.625,1800
1993-09-09,3.150045871734619,23.75,23.875,23.75,23.875,1600
1993-09-10,3.150045871734619,23.75,23.875,23.75,23.75,1900
1993-09-13,3.1666221618652344,23.875,24.0,23.625,23.625,4100
1993-09-14,3.1334645748138428,23.625,23.875,23.625,23.75,2100
1993-09-15,3.150045871734619,23.75,23.75,23.5,23.5,1400
1993-09-16,3.18320369720459,24.0,24.0,23.75,23.75,2600
1993-09-17,3.1334645748138428,23.625,23.75,23.625,23.75,1700
1993-09-20,3.116884708404541,23.5,23.875,23.5,23.875,4700
1993-09-21,3.18320369720459,24.0,24.0,23.5,23.5,2500
1993-09-22,3.150045871734619,23.75,24.25,23.75,24.25,3300
1993-09-23,3.150045871734619,23.75,23.75,23.5,23.625,800
1993-09-24,3.1334645748138428,23.625,23.75,23.625,23.75,500
1993-09-27,3.1666221618652344,23.875,23.875,23.875,23.875,1100
1993-09-28,3.1666221618652344,23.875,23.875,23.875,23.875,500
1993-09-29,3.116884708404541,23.5,23.875,23.5,23.875,1900
1993-09-30,3.1334645748138428,23.625,23.875,23.625,23.625,1300
1993-10-01,3.1348206996917725,23.125,23.25,23.0,23.125,2300
1993-10-04,3.1517674922943115,23.25,23.375,23.125,23.375,2800
1993-10-05,3.1856565475463867,23.5,23.5,23.5,23.5,400
1993-10-06,3.1856565475463867,23.5,23.5,23.125,23.25,2200
1993-10-07,3.1517674922943115,23.25,23.5,23.125,23.375,10100
1993-10-08,3.168710231781006,23.375,23.375,23.125,23.125,700
1993-10-11,3.168710231781006,23.375,23.625,23.375,23.375,2200
1993-10-12,3.1517674922943115,23.25,23.25,23.0,23.25,2700
1993-10-13,3.1517674922943115,23.25,23.5,23.25,23.375,1600
1993-10-14,3.1856565475463867,23.5,23.625,23.375,23.5,3500
1993-10-15,3.1517674922943115,23.25,23.375,23.25,23.375,900
1993-10-18,3.21954607963562,23.75,23.75,23.375,23.5,3200
1993-10-19,3.1856565475463867,23.5,23.625,23.25,23.625,11500
1993-10-20,3.1856565475463867,23.5,23.5,23.375,23.375,700
1993-10-21,3.168710231781006,23.375,23.5,23.375,23.5,2700
1993-10-22,3.1178765296936035,23.0,23.25,23.0,23.25,3500
1993-10-25,3.1178765296936035,23.0,23.0,22.75,22.875,3200
1993-10-26,3.1348206996917725,23.125,23.25,22.875,22.875,4500
1993-10-27,3.1178765296936035,23.0,23.375,23.0,23.25,3300
1993-10-28,3.1348206996917725,23.125,23.25,23.0,23.0,2900
1993-10-29,3.1348206996917725,23.125,23.375,23.125,23.25,4200
1993-11-01,3.168710231781006,23.375,23.375,23.125,23.375,2400
1993-11-02,3.1517674922943115,23.25,23.25,23.0,23.125,2300
1993-11-03,3.1348206996917725,23.125,23.375,23.125,23.375,1600
1993-11-04,3.1348206996917725,23.125,23.25,23.0,23.0,1600
1993-11-05,3.1517674922943115,23.25,23.375,23.125,23.25,2900
1993-11-08,3.168710231781006,23.375,23.375,23.125,23.125,1600
1993-11-09,3.1178765296936035,23.0,23.375,23.0,23.25,1000
1993-11-10,3.1348206996917725,23.125,23.375,23.125,23.25,2300
1993-11-11,3.1178765296936035,23.0,23.25,23.0,23.25,600
1993-11-12,3.1009299755096436,22.875,23.0,22.875,22.875,800
1993-11-15,3.1348206996917725,23.125,23.25,23.125,23.125,1700
1993-11-16,3.1348206996917725,23.125,23.125,22.875,22.875,8500
1993-11-17,3.1348206996917725,23.125,23.25,23.125,23.25,3100
1993-11-18,3.1009299755096436,22.875,23.0,22.875,23.0,800
1993-11-19,3.1009299755096436,22.875,22.875,22.875,22.875,600
1993-11-22,3.1178765296936035,23.0,23.0,22.875,23.0,2300
1993-11-23,3.1178765296936035,23.0,23.0,22.875,22.875,3200
1993-11-24,3.1009299755096436,22.875,22.875,22.875,22.875,1600
1993-11-26,3.1009299755096436,22.875,22.875,22.875,22.875,500
1993-11-29,3.1009299755096436,22.875,23.0,22.875,23.0,1800
1993-11-30,3.1178765296936035,23.0,23.0,22.875,23.0,2400
1993-12-01,3.1009299755096436,22.875,22.875,22.875,22.875,400
1993-12-02,3.1178765296936035,23.0,23.0,22.875,22.875,2300
1993-12-03,3.1178765296936035,23.0,23.0,22.875,22.875,2900
1993-12-06,3.1178765296936035,23.0,23.0,22.875,22.875,1300
1993-12-07,3.1009299755096436,22.875,23.0,22.875,23.0,1300
1993-12-08,3.1178765296936035,23.0,23.0,22.875,23.0,1900
1993-12-09,3.1178765296936035,23.0,23.0,23.0,23.0,3300
1993-12-10,3.1009299755096436,22.875,23.0,22.875,23.0,1300
1993-12-13,3.1009299755096436,22.875,22.875,22.875,22.875,100
1993-12-14,3.1009299755096436,22.875,23.0,22.75,23.0,6700
1993-12-15,3.1009299755096436,22.875,22.875,22.875,22.875,1700
1993-12-16,3.0670413970947266,22.625,23.0,22.625,23.0,4900
1993-12-17,3.1178765296936035,23.0,23.0,22.875,22.875,5900
1993-12-20,3.1772778034210205,23.0,23.0,22.75,22.75,1400
1993-12-21,3.142742156982422,22.75,22.875,22.75,22.875,2100
1993-12-22,3.1082074642181396,22.5,22.625,22.5,22.625,1500
1993-12-23,3.125474214553833,22.625,22.625,22.375,22.5,4600
1993-12-27,3.160008668899536,22.875,22.875,22.625,22.625,1400
1993-12-28,3.194545030593872,23.125,23.125,22.875,22.875,4500
1993-12-29,3.1772778034210205,23.0,23.0,23.0,23.0,700
1993-12-30,3.142742156982422,22.75,22.875,22.75,22.875,2800
1993-12-31,3.142742156982422,22.75,22.75,22.625,22.75,6400
1994-01-03,3.0909388065338135,22.375,22.5,22.375,22.5,1900
1994-01-04,3.0909388065338135,22.375,22.375,22.125,22.25,3300
1994-01-05,3.0909388065338135,22.375,22.5,22.25,22.375,3800
1994-01-06,3.073669910430908,22.25,22.25,22.125,22.125,2800
1994-01-07,3.073669910430908,22.25,22.25,22.125,22.25,2500
1994-01-10,3.039133071899414,22.0,22.25,22.0,22.25,3500
1994-01-11,3.073669910430908,22.25,22.375,22.0,22.25,3800
1994-01-12,3.0564026832580566,22.125,22.25,22.125,22.25,900
1994-01-13,3.073669910430908,22.25,22.25,22.0,22.125,10000
1994-01-14,3.073669910430908,22.25,22.25,22.125,22.125,500
1994-01-17,3.0564026832580566,22.125,22.125,22.125,22.125,800
1994-01-18,3.039133071899414,22.0,22.25,22.0,22.125,1100
1994-01-19,3.0564026832580566,22.125,22.125,22.0,22.0,2400
1994-01-20,3.0045993328094482,21.75,22.25,21.625,22.0,8500
1994-01-21,3.0045993328094482,21.75,21.875,21.75,21.75,4000
1994-01-24,3.0045993328094482,21.75,21.875,21.75,21.75,5900
1994-01-25,2.9873313903808594,21.625,22.0,21.625,21.75,11800
1994-01-26,3.0045993328094482,21.75,21.875,21.625,21.75,6200
1994-01-27,3.0045993328094482,21.75,22.0,21.75,21.875,5700
1994-01-28,3.0218665599823,21.875,22.125,21.875,21.875,5800
1994-01-31,3.039133071899414,22.0,22.0,21.875,22.0,3300
1994-02-01,3.0045993328094482,21.75,22.0,21.625,22.0,12900
1994-02-02,3.0045993328094482,21.75,21.75,21.625,21.75,11700
1994-02-03,2.9873313903808594,21.625,21.75,21.625,21.75,5100
1994-02-04,2.9873313903808594,21.625,21.75,21.625,21.625,3300
1994-02-07,3.0045993328094482,21.75,21.875,21.625,21.75,11900
1994-02-08,3.0045993328094482,21.75,21.75,21.75,21.75,5600
1994-02-09,2.9873313903808594,21.625,21.75,21.625,21.75,4300
1994-02-10,3.0045993328094482,21.75,21.875,21.625,21.625,3700
1994-02-11,2.9873313903808594,21.625,21.75,21.625,21.75,2600
1994-02-14,3.0045993328094482,21.75,21.75,21.625,21.625,9500
1994-02-15,3.0045993328094482,21.75,21.75,21.625,21.75,6100
1994-02-16,3.0218665599823,21.875,21.875,21.625,21.625,5100
1994-02-17,2.9873313903808594,21.625,21.875,21.5,21.875,7500
1994-02-18,2.9873313903808594,21.625,21.625,21.5,21.5,700
1994-02-22,2.9700632095336914,21.5,21.75,21.375,21.375,2900
1994-02-23,2.952796697616577,21.375,21.5,21.25,21.5,3000
1994-02-24,2.952796697616577,21.375,21.375,21.0,21.25,3400
1994-02-25,2.952796697616577,21.375,21.5,21.25,21.25,3500
1994-02-28,2.9700632095336914,21.5,21.625,21.375,21.5,12700
1994-03-01,2.952796697616577,21.375,21.5,21.375,21.375,5000
1994-03-02,2.9700632095336914,21.5,21.5,21.375,21.375,1700
1994-03-03,2.952796697616577,21.375,21.625,21.375,21.625,3600
1994-03-04,2.9700632095336914,21.5,21.5,21.375,21.375,400
1994-03-07,2.9700632095336914,21.5,21.5,21.5,21.5,1700
1994-03-08,2.952796697616577,21.375,21.5,21.375,21.5,4700
1994-03-09,2.952796697616577,21.375,21.5,21.375,21.5,3100
1994-03-10,2.935528516769409,21.25,21.375,21.125,21.375,1800
1994-03-11,2.9182605743408203,21.125,21.125,21.0,21.0,2000
1994-03-14,2.935528516769409,21.25,21.25,21.0,21.0,2500
1994-03-15,2.935528516769409,21.25,21.25,21.0,21.125,800
1994-03-16,2.9182605743408203,21.125,21.25,21.125,21.125,1300
1994-03-17,2.9182605743408203,21.125,21.125,21.0,21.125,900
1994-03-18,2.9182605743408203,21.125,21.25,21.0,21.0,500
1994-03-21,2.9009931087493896,21.0,21.125,21.0,21.0,2900
1994-03-22,2.935528516769409,21.25,21.25,20.875,20.875,2600
1994-03-23,2.935528516769409,21.25,21.375,21.0,21.375,3000
1994-03-24,2.9009931087493896,21.0,21.375,21.0,21.25,3100
1994-03-25,2.952796697616577,21.375,21.375,21.25,21.25,1700
1994-03-28,2.935528516769409,21.25,21.375,21.25,21.375,1700
1994-03-29,2.952796697616577,21.375,21.375,21.25,21.25,2500
1994-03-30,2.952796697616577,21.375,21.375,21.375,21.375,5100
1994-03-31,2.9182605743408203,21.125,21.25,20.875,21.25,4800
1994-04-04,2.849189281463623,20.625,21.0,20.625,20.875,4200
1994-04-05,2.883725643157959,20.875,20.875,20.375,20.375,7500
1994-04-06,2.831921100616455,20.5,20.75,20.5,20.75,4700
1994-04-07,2.831921100616455,20.5,20.625,20.375,20.5,3300
1994-04-08,2.831921100616455,20.5,20.5,20.375,20.375,1600
1994-04-11,2.866456985473633,20.75,20.75,20.5,20.625,2200
1994-04-12,2.856583595275879,20.25,20.375,20.0,20.375,4300
1994-04-13,2.8389484882354736,20.125,20.5,20.125,20.25,3200
1994-04-14,2.821315288543701,20.0,20.25,20.0,20.25,900
1994-04-15,2.7684166431427,19.625,20.125,19.625,20.125,5700
1994-04-18,2.7860474586486816,19.75,20.0,19.75,19.875,3500
1994-04-19,2.7331480979919434,19.375,19.5,19.125,19.5,6400
1994-04-20,2.7684166431427,19.625,19.75,19.25,19.25,3200
1994-04-21,2.803682327270508,19.875,20.125,19.625,19.625,7600
1994-04-22,2.856583595275879,20.25,20.25,19.875,20.0,2500
1994-04-25,2.856583595275879,20.25,20.375,20.25,20.375,2600
1994-04-26,2.8389484882354736,20.125,20.5,20.125,20.25,5600
1994-04-28,2.8918490409851074,20.5,20.5,20.125,20.375,3700
1994-04-29,2.9271152019500732,20.75,20.875,20.625,20.625,4600
1994-05-02,2.8918490409851074,20.5,20.75,20.5,20.5,1700
1994-05-03,2.909482479095459,20.625,20.875,20.625,20.875,1600
1994-05-04,2.944749116897583,20.875,21.125,20.875,20.875,3700
1994-05-05,2.9623818397521973,21.0,21.0,21.0,21.0,500
1994-05-06,2.9623818397521973,21.0,21.0,20.875,21.0,2800
1994-05-09,2.9271152019500732,20.75,21.0,20.625,21.0,3600
1994-05-10,2.944749116897583,20.875,21.0,20.625,21.0,4400
1994-05-11,2.9623818397521973,21.0,21.0,20.75,20.875,800
1994-05-12,2.9800150394439697,21.125,21.125,20.875,21.0,1800
1994-05-13,2.9623818397521973,21.0,21.25,21.0,21.25,2100
1994-05-16,2.9800150394439697,21.125,21.125,20.875,20.875,2900
1994-05-17,2.9800150394439697,21.125,21.125,21.0,21.125,1900
1994-05-18,2.997647762298584,21.25,21.25,21.125,21.25,3000
1994-05-19,2.9800150394439697,21.125,21.25,21.125,21.25,400
1994-05-20,2.9271152019500732,20.75,21.125,20.75,21.125,2400
1994-05-23,2.9623818397521973,21.0,21.0,21.0,21.0,3200
1994-05-24,2.9271152019500732,20.75,21.0,20.75,20.875,3400
1994-05-25,2.9271152019500732,20.75,20.875,20.75,20.75,3100
1994-05-26,2.944749116897583,20.875,20.875,20.875,20.875,500
1994-05-27,2.9271152019500732,20.75,20.875,20.625,20.875,1500
1994-05-31,2.9271152019500732,20.75,21.0,20.625,20.75,4100
1994-06-01,2.8918490409851074,20.5,20.75,20.5,20.75,6000
1994-06-02,2.874215841293335,20.375,20.5,20.375,20.5,700
1994-06-03,2.8918490409851074,20.5,20.5,20.375,20.375,1200
1994-06-06,2.856583595275879,20.25,20.625,20.25,20.625,4600
1994-06-07,2.856583595275879,20.25,20.375,20.125,20.125,5200
1994-06-08,2.874215841293335,20.375,20.375,20.25,20.25,4000
1994-06-09,2.874215841293335,20.375,20.5,20.375,20.375,2100
1994-06-10,2.9271152019500732,20.75,20.75,20.5,20.5,8600
1994-06-13,2.8918490409851074,20.5,20.75,20.5,20.5,3100
1994-06-14,2.9271152019500732,20.75,20.75,20.5,20.75,1300
1994-06-15,2.9271152019500732,20.75,20.75,20.5,20.5,7900
1994-06-16,2.909482479095459,20.625,20.875,20.625,20.875,2100
1994-06-17,2.944749116897583,20.875,20.875,20.875,20.875,500
1994-06-20,2.9800150394439697,21.125,21.125,21.0,21.0,5200
1994-06-21,2.944749116897583,20.875,21.125,20.625,21.125,4300
1994-06-22,2.944749116897583,20.875,20.875,20.75,20.75,500
1994-06-23,2.9800150394439697,21.125,21.125,21.0,21.0,1600
1994-06-24,2.9623818397521973,21.0,21.125,21.0,21.125,400
1994-06-27,2.9271152019500732,20.75,21.125,20.75,21.0,3800
1994-06-28,2.9800150394439697,21.125,21.125,21.0,21.0,3600
1994-06-29,3.0059356689453125,20.875,20.875,20.875,20.875,200
1994-06-30,3.0059356689453125,20.875,20.875,20.75,20.875,2900
1994-07-01,2.9519355297088623,20.5,21.125,20.5,21.125,6000
1994-07-05,2.969935655593872,20.625,20.625,20.375,20.625,5300
1994-07-06,2.9879343509674072,20.75,20.75,20.75,20.75,100
1994-07-07,3.0239341259002686,21.0,21.0,20.75,20.75,1300
1994-07-08,2.9879343509674072,20.75,20.75,20.5,20.75,1300
1994-07-11,2.9519355297088623,20.5,20.75,20.5,20.75,2000
1994-07-12,2.9339358806610107,20.375,20.75,20.375,20.5,4500
1994-07-13,2.915937662124634,20.25,20.5,20.25,20.375,4200
1994-07-14,2.915937662124634,20.25,20.5,20.25,20.375,2100
1994-07-15,2.915937662124634,20.25,20.375,20.125,20.25,3200
1994-07-18,2.915937662124634,20.25,20.25,20.25,20.25,600
1994-07-19,2.9519355297088623,20.5,20.5,20.25,20.375,2500
1994-07-20,2.9339358806610107,20.375,20.5,20.375,20.5,200
1994-07-21,2.969935655593872,20.625,20.625,20.5,20.5,600
1994-07-22,2.9879343509674072,20.75,20.875,20.75,20.75,2800
1994-07-25,2.969935655593872,20.625,20.625,20.625,20.625,200
1994-07-26,2.969935655593872,20.625,20.625,20.375,20.5,2300
1994-07-27,3.0239341259002686,21.0,21.0,20.625,20.875,4000
1994-07-28,2.9879343509674072,20.75,20.75,20.75,20.75,1600
1994-07-29,3.0059356689453125,20.875,20.875,20.75,20.875,5600
1994-08-01,3.0239341259002686,21.0,21.0,20.875,20.875,2900
1994-08-02,3.0239341259002686,21.0,21.0,20.875,20.875,6100
1994-08-03,3.0239341259002686,21.0,21.125,21.0,21.125,9500
1994-08-04,3.0239341259002686,21.0,21.0,20.875,21.0,3900
1994-08-05,3.0059356689453125,20.875,20.875,20.75,20.875,1800
1994-08-08,3.0239341259002686,21.0,21.0,20.75,20.75,3500
1994-08-09,3.0239341259002686,21.0,21.0,20.875,21.0,4700
1994-08-10,3.0239341259002686,21.0,21.0,20.875,20.875,5100
1994-08-11,3.0239341259002686,21.0,21.0,20.875,21.0,4300
1994-08-12,3.0239341259002686,21.0,21.0,20.75,21.0,10200
1994-08-15,3.0239341259002686,21.0,21.0,20.875,21.0,1600
1994-08-16,3.0419342517852783,21.125,21.125,21.0,21.0,5800
1994-08-17,3.0419342517852783,21.125,21.125,21.125,21.125,600
1994-08-18,3.0059356689453125,20.875,21.25,20.875,21.125,6200
1994-08-19,3.0059356689453125,20.875,20.875,20.875,20.875,1200
1994-08-22,3.0059356689453125,20.875,20.875,20.875,20.875,800
1994-08-23,2.9879343509674072,20.75,21.0,20.75,21.0,4800
1994-08-24,3.0059356689453125,20.875,20.875,20.75,20.75,2600
1994-08-25,2.969935655593872,20.625,20.875,20.625,20.875,4000
1994-08-26,2.969935655593872,20.625,20.75,20.625,20.75,1600
1994-08-29,2.969935655593872,20.625,20.75,20.625,20.75,1000
1994-08-30,2.9879343509674072,20.75,20.75,20.75,20.75,600
1994-08-31,3.0059356689453125,20.875,20.875,20.625,20.625,1100
1994-09-01,2.9879343509674072,20.75,20.875,20.75,20.75,900
1994-09-02,2.9879343509674072,20.75,20.875,20.75,20.875,2300
1994-09-06,2.9879343509674072,20.75,20.875,20.75,20.875,2700
1994-09-07,2.9879343509674072,20.75,20.75,20.75,20.75,0
1994-09-08,3.0059356689453125,20.875,20.875,20.75,20.875,3800
1994-09-09,3.0239341259002686,21.0,21.0,20.875,20.875,5800
1994-09-12,2.9879343509674072,20.75,21.0,20.75,20.875,6800
1994-09-13,2.9879343509674072,20.75,20.75,20.75,20.75,800
1994-09-14,3.0239341259002686,21.0,21.0,21.0,21.0,4100
1994-09-15,3.0239341259002686,21.0,21.0,20.875,20.875,1000
1994-09-16,3.0059356689453125,20.875,21.0,20.875,21.0,800
1994-09-19,2.9879343509674072,20.75,20.875,20.75,20.875,2000
1994-09-20,2.9776406288146973,20.25,20.375,20.125,20.25,9400
1994-09-21,2.9776406288146973,20.25,20.375,20.125,20.125,800
1994-09-22,2.9408795833587646,20.0,20.25,20.0,20.125,11100
1994-09-23,2.959260940551758,20.125,20.25,20.125,20.125,1700
1994-09-26,2.9776406288146973,20.25,20.25,20.125,20.125,1900
1994-09-27,2.959260940551758,20.125,20.375,20.125,20.125,8400
1994-09-28,2.9776406288146973,20.25,20.25,20.125,20.125,4500
1994-09-29,2.9776406288146973,20.25,20.25,20.0,20.125,2000
1994-09-30,2.9776406288146973,20.25,20.25,20.25,20.25,3600
1994-10-03,2.959260940551758,20.125,20.25,20.125,20.25,1400
1994-10-04,2.9408795833587646,20.0,20.25,20.0,20.25,4500
1994-10-05,2.959260940551758,20.125,20.25,20.0,20.0,2500
1994-10-06,2.9225003719329834,19.875,20.0,19.875,20.0,2700
1994-10-07,2.9408795833587646,20.0,20.0,19.875,20.0,900
1994-10-10,2.959260940551758,20.125,20.25,19.875,20.0,3700
1994-10-11,2.9225003719329834,19.875,20.125,19.875,20.125,700
1994-10-12,2.9225003719329834,19.875,20.0,19.875,20.0,1500
1994-10-13,2.9225003719329834,19.875,19.875,19.625,19.625,5100
1994-10-14,2.9408795833587646,20.0,20.0,19.75,19.875,2100
1994-10-17,2.959260940551758,20.125,20.125,20.0,20.0,1400
1994-10-18,2.959260940551758,20.125,20.125,20.125,20.125,700
1994-10-19,2.9408795833587646,20.0,20.125,20.0,20.125,3000
1994-10-20,2.9225003719329834,19.875,19.875,19.75,19.75,2600
1994-10-21,2.9041192531585693,19.75,19.75,19.75,19.75,400
1994-10-24,2.9041192531585693,19.75,19.875,19.625,19.75,3700
1994-10-25,2.8857386112213135,19.625,19.625,19.625,19.625,1000
1994-10-26,2.8857386112213135,19.625,19.875,19.625,19.75,1200
1994-10-27,2.8857386112213135,19.625,19.75,19.375,19.75,7800
1994-10-28,2.8489773273468018,19.375,19.625,19.375,19.5,5500
1994-10-31,2.8857386112213135,19.625,19.625,19.5,19.625,2600
1994-11-01,2.830596446990967,19.25,19.5,19.25,19.5,9100
1994-11-02,2.8489773273468018,19.375,19.5,19.125,19.5,6300
1994-11-03,2.8122169971466064,19.125,19.375,19.125,19.25,2200
1994-11-04,2.793835401535034,19.0,19.25,19.0,19.25,7000
1994-11-07,2.793835401535034,19.0,19.0,18.875,18.875,3300
1994-11-08,2.7386958599090576,18.625,19.0,18.625,19.0,4800
1994-11-09,2.793835401535034,19.0,19.0,18.875,18.875,3400
1994-11-10,2.775456428527832,18.875,19.0,18.75,19.0,1700
1994-11-11,2.757075786590576,18.75,18.75,18.5,18.625,6700
1994-11-14,2.7386958599090576,18.625,18.875,18.625,18.875,2600
1994-11-15,2.757075786590576,18.75,18.75,18.375,18.75,10100
1994-11-16,2.7386958599090576,18.625,18.75,18.5,18.75,4900
1994-11-17,2.7386958599090576,18.625,18.75,18.5,18.5,5800
1994-11-18,2.720315456390381,18.5,18.75,18.5,18.625,8800
1994-11-21,2.757075786590576,18.75,18.75,18.5,18.5,2200
1994-11-22,2.720315456390381,18.5,18.625,18.5,18.625,12800
1994-11-23,2.757075786590576,18.75,18.75,18.625,18.625,6200
1994-11-25,2.793835401535034,19.0,19.0,18.875,18.875,5200
1994-11-28,2.775456428527832,18.875,19.0,18.875,19.0,12000
1994-11-29,2.793835401535034,19.0,19.0,18.75,19.0,4100
1994-11-30,2.775456428527832,18.875,19.0,18.875,19.0,1400
1994-12-01,2.7386958599090576,18.625,18.75,18.625,18.75,6100
1994-12-02,2.720315456390381,18.5,18.625,18.5,18.5,3400
1994-12-05,2.775456428527832,18.875,18.875,18.625,18.625,2800
1994-12-06,2.775456428527832,18.875,18.875,18.75,18.875,8000
1994-12-07,2.793835401535034,19.0,19.0,18.875,18.875,5000
1994-12-08,2.793835401535034,19.0,19.0,18.875,18.875,1400
1994-12-09,2.8122169971466064,19.125,19.125,18.875,19.0,8200
1994-12-12,2.8122169971466064,19.125,19.125,19.0,19.125,2400
1994-12-13,2.8122169971466064,19.125,19.125,19.0,19.125,400
1994-12-14,2.8122169971466064,19.125,19.125,18.875,19.125,3200
1994-12-15,2.8122169971466064,19.125,19.125,19.0,19.125,4300
1994-12-16,2.793835401535034,19.0,19.125,19.0,19.125,700
1994-12-19,2.8122169971466064,19.125,19.25,19.0,19.0,4600
1994-12-20,2.820490837097168,18.75,18.75,18.625,18.625,3600
1994-12-21,2.858095645904541,19.0,19.0,18.625,18.625,4000
1994-12-22,2.839293956756592,18.875,19.125,18.875,18.875,6100
1994-12-23,2.858095645904541,19.0,19.0,18.875,19.0,1900
1994-12-27,2.839293956756592,18.875,18.875,18.75,18.75,1100
1994-12-28,2.839293956756592,18.875,19.0,18.875,18.875,4800
1994-12-29,2.858095645904541,19.0,19.125,19.0,19.125,7000
1994-12-30,2.858095645904541,19.0,19.125,19.0,19.125,1000
1995-01-03,2.8769004344940186,19.125,19.125,19.0,19.0,800
1995-01-04,2.8769004344940186,19.125,19.25,19.125,19.125,5300
1995-01-05,2.895702600479126,19.25,19.25,19.0,19.25,7500
1995-01-06,2.914505958557129,19.375,19.375,19.125,19.125,900
1995-01-09,2.914505958557129,19.375,19.375,19.375,19.375,500
1995-01-10,2.914505958557129,19.375,19.375,19.25,19.25,10200
1995-01-11,2.952112913131714,19.625,19.625,19.25,19.25,3100
1995-01-12,2.9333107471466064,19.5,19.5,19.375,19.375,2300
1995-01-13,2.9333107471466064,19.5,19.5,19.5,19.5,0
1995-01-16,2.9333107471466064,19.5,19.5,19.375,19.5,4100
1995-01-17,2.9333107471466064,19.5,19.5,19.5,19.5,2000
1995-01-18,2.9333107471466064,19.5,19.5,19.375,19.5,3000
1995-01-19,2.9333107471466064,19.5,19.5,19.5,19.5,100
1995-01-20,2.914505958557129,19.375,19.375,19.375,19.375,600
1995-01-23,2.914505958557129,19.375,19.5,19.25,19.5,5000
1995-01-24,2.952112913131714,19.625,19.625,19.375,19.5,10700
1995-01-25,2.970916509628296,19.75,19.75,19.625,19.75,3600
1995-01-26,2.952112913131714,19.625,19.625,19.625,19.625,1400
1995-01-27,2.970916509628296,19.75,19.875,19.75,19.75,1600
1995-01-30,3.0273263454437256,20.125,20.125,19.75,19.875,3200
1995-01-31,3.0273263454437256,20.125,20.125,19.875,20.0,3600
1995-02-01,3.0085222721099854,20.0,20.25,20.0,20.0,6900
1995-02-02,3.046128749847412,20.25,20.375,20.25,20.25,6200
1995-02-03,3.0085222721099854,20.0,20.125,20.0,20.125,10200
1995-02-06,3.046128749847412,20.25,20.375,20.125,20.125,4700
1995-02-07,3.0649337768554688,20.375,20.375,20.125,20.25,4600
1995-02-08,3.046128749847412,20.25,20.375,20.25,20.375,1200
1995-02-09,3.083735704421997,20.5,20.5,20.125,20.125,3600
1995-02-10,3.0273263454437256,20.125,20.25,20.125,20.25,1300
1995-02-13,3.046128749847412,20.25,20.25,20.25,20.25,700
1995-02-14,3.046128749847412,20.25,20.25,20.125,20.25,800
1995-02-15,3.0649337768554688,20.375,20.375,20.125,20.125,1500
1995-02-16,3.0649337768554688,20.375,20.5,20.25,20.375,8300
1995-02-17,3.0649337768554688,20.375,20.5,20.375,20.5,2400
1995-02-21,3.0649337768554688,20.375,20.5,20.375,20.375,1500
1995-02-22,3.102539539337158,20.625,20.625,20.375,20.5,2100
1995-02-23,3.083735704421997,20.5,20.625,20.5,20.625,5400
1995-02-24,3.102539539337158,20.625,20.625,20.5,20.625,1000
1995-02-27,3.083735704421997,20.5,20.5,20.375,20.5,2600
1995-02-28,3.083735704421997,20.5,20.625,20.5,20.625,1200
1995-03-01,3.102539539337158,20.625,20.75,20.5,20.5,7100
1995-03-02,3.083735704421997,20.5,20.625,20.375,20.5,5400
1995-03-03,3.0649337768554688,20.375,20.625,20.375,20.375,2000
1995-03-06,3.102539539337158,20.625,20.625,20.375,20.5,1400
1995-03-07,3.046128749847412,20.25,20.5,20.25,20.375,1900
1995-03-08,3.0273263454437256,20.125,20.5,19.875,20.5,5600
1995-03-09,3.083735704421997,20.5,20.5,20.0,20.0,1300
1995-03-10,3.0649337768554688,20.375,20.5,20.125,20.25,2500
1995-03-13,3.083735704421997,20.5,20.5,20.25,20.375,3100
1995-03-14,3.083735704421997,20.5,20.5,20.25,20.25,1300
1995-03-15,3.046128749847412,20.25,20.5,20.25,20.5,3500
1995-03-16,3.0649337768554688,20.375,20.5,20.375,20.5,2200
1995-03-17,3.0649337768554688,20.375,20.5,20.375,20.375,1100
1995-03-20,3.083735704421997,20.5,20.5,20.375,20.375,600
1995-03-21,3.0649337768554688,20.375,20.375,20.375,20.375,1100
1995-03-22,3.0649337768554688,20.375,20.5,20.25,20.375,2500
1995-03-23,3.083735704421997,20.5,20.5,20.375,20.375,3400
1995-03-24,3.102539539337158,20.625,20.625,20.5,20.5,3600
1995-03-27,3.083735704421997,20.5,20.5,20.5,20.5,800
1995-03-28,3.083735704421997,20.5,20.625,20.5,20.625,1600
1995-03-29,3.102539539337158,20.625,20.625,20.5,20.5,2300
1995-03-30,3.083735704421997,20.5,20.625,20.375,20.625,1500
1995-03-31,3.0273263454437256,20.125,20.5,20.125,20.5,2200
1995-04-03,3.046128749847412,20.25,20.375,20.125,20.125,1800
1995-04-04,3.046128749847412,20.25,20.25,20.25,20.25,0
1995-04-05,3.046128749847412,20.25,20.5,20.25,20.375,1500
1995-04-06,3.046128749847412,20.25,20.5,20.25,20.5,2000
1995-04-07,3.0649337768554688,20.375,20.625,20.25,20.375,3300
1995-04-10,3.102539539337158,20.625,20.625,20.25,20.25,2000
1995-04-11,3.1109883785247803,20.25,20.375,20.25,20.25,1000
1995-04-12,3.130192995071411,20.375,20.375,20.375,20.375,200
1995-04-13,3.091785192489624,20.125,20.25,20.125,20.125,1300
1995-04-17,3.0725810527801514,20.0,20.375,20.0,20.375,2000
1995-04-18,3.0725810527801514,20.0,20.25,20.0,20.25,500
1995-04-19,3.1109883785247803,20.25,20.25,20.25,20.25,400
1995-04-20,3.130192995071411,20.375,20.625,20.25,20.25,4100
1995-04-21,3.1493966579437256,20.5,20.5,20.375,20.375,400
1995-04-24,3.168600559234619,20.625,20.625,20.25,20.25,2000
1995-04-25,3.168600559234619,20.625,20.625,20.625,20.625,1600
1995-04-26,3.1493966579437256,20.5,20.5,20.5,20.5,100
1995-04-27,3.1493966579437256,20.5,20.5,20.375,20.5,700
1995-04-28,3.168600559234619,20.625,20.625,20.375,20.375,1800
1995-05-01,3.1109883785247803,20.25,20.5,20.25,20.375,2000
1995-05-02,3.130192995071411,20.375,20.375,20.0,20.125,2000
1995-05-03,3.1109883785247803,20.25,20.5,20.25,20.5,2700
1995-05-04,3.1109883785247803,20.25,20.5,20.25,20.375,3300
1995-05-05,3.1493966579437256,20.5,20.625,20.25,20.25,3700
1995-05-08,3.168600559234619,20.625,20.625,20.5,20.625,900
1995-05-09,3.1493966579437256,20.5,20.625,20.5,20.625,6200
1995-05-10,3.130192995071411,20.375,20.625,20.25,20.5,4900
1995-05-11,3.1493966579437256,20.5,20.5,20.5,20.5,1100
1995-05-12,3.1493966579437256,20.5,20.5,20.25,20.375,3100
1995-05-15,3.1493966579437256,20.5,20.625,20.5,20.625,3000
1995-05-16,3.1493966579437256,20.5,20.625,20.375,20.5,2600
1995-05-17,3.1878037452697754,20.75,20.75,20.375,20.5,6000
1995-05-18,3.1878037452697754,20.75,20.75,20.625,20.75,2500
1995-05-19,3.168600559234619,20.625,20.625,20.5,20.625,900
1995-05-22,3.168600559234619,20.625,20.625,20.625,20.625,300
1995-05-23,3.168600559234619,20.625,20.625,20.5,20.625,3200
1995-05-24,3.1493966579437256,20.5,20.625,20.5,20.5,2200
1995-05-25,3.168600559234619,20.625,20.625,20.625,20.625,1200
1995-05-26,3.168600559234619,20.625,20.625,20.625,20.625,3500
1995-05-30,3.168600559234619,20.625,20.625,20.625,20.625,700
1995-05-31,3.1878037452697754,20.75,20.75,20.625,20.625,2300
1995-06-01,3.130192995071411,20.375,20.5,20.375,20.5,3100
1995-06-02,3.130192995071411,20.375,20.625,20.375,20.625,3900
1995-06-05,3.1878037452697754,20.75,20.75,20.5,20.625,3500
1995-06-06,3.1878037452697754,20.75,20.75,20.625,20.75,2700
1995-06-07,3.207007646560669,20.875,20.875,20.75,20.875,3100
1995-06-08,3.226210832595825,21.0,21.0,20.75,20.875,1800
1995-06-09,3.226210832595825,21.0,21.0,20.875,21.0,4400
1995-06-12,3.226210832595825,21.0,21.0,20.875,21.0,5300
1995-06-13,3.1878037452697754,20.75,20.875,20.75,20.875,2500
1995-06-14,3.207007646560669,20.875,20.875,20.75,20.875,2400
1995-06-15,3.226210832595825,21.0,21.0,20.875,20.875,4700
1995-06-16,3.226210832595825,21.0,21.125,21.0,21.125,2100
1995-06-19,3.207007646560669,20.875,21.125,20.75,21.0,8900
1995-06-20,3.226210832595825,21.0,21.0,20.875,20.875,1500
1995-06-21,3.226210832595825,21.0,21.0,21.0,21.0,1000
1995-06-22,3.2454147338867188,21.125,21.125,21.0,21.125,1500
1995-06-23,3.226210832595825,21.0,21.0,20.875,21.0,1200
1995-06-26,3.207007646560669,20.875,21.125,20.875,20.875,4700
1995-06-27,3.226210832595825,21.0,21.125,21.0,21.0,1000
1995-06-28,3.2454147338867188,21.125,21.125,21.125,21.125,3200
1995-06-29,3.2454147338867188,21.125,21.125,21.125,21.125,100
1995-06-30,3.2736427783966064,20.875,21.0,20.75,20.75,1700
1995-07-03,3.2736427783966064,20.875,20.875,20.875,20.875,0
1995-07-05,3.2736427783966064,20.875,20.875,20.75,20.75,400
1995-07-06,3.2736427783966064,20.875,21.0,20.75,20.75,2100
1995-07-07,3.2932448387145996,21.0,21.125,21.0,21.0,2900
1995-07-10,3.312847375869751,21.125,21.125,20.875,20.875,2300
1995-07-11,3.312847375869751,21.125,21.125,21.0,21.125,1400
1995-07-12,3.312847375869751,21.125,21.25,21.0,21.25,9200
1995-07-13,3.332449197769165,21.25,21.25,21.125,21.125,1000
1995-07-14,3.3716540336608887,21.5,21.5,21.375,21.5,11300
1995-07-17,3.332449197769165,21.25,21.25,21.125,21.25,6900
1995-07-18,3.332449197769165,21.25,21.25,21.0,21.125,4400
1995-07-19,3.312847375869751,21.125,21.125,20.875,21.0,5400
1995-07-20,3.312847375869751,21.125,21.125,21.125,21.125,500
1995-07-21,3.312847375869751,21.125,21.125,21.0,21.0,700
1995-07-24,3.312847375869751,21.125,21.125,21.0,21.0,800
1995-07-25,3.2736427783966064,20.875,21.25,20.875,21.125,6200
1995-07-26,3.2932448387145996,21.0,21.0,20.875,20.875,2300
1995-07-27,3.2736427783966064,20.875,21.0,20.875,21.0,400
1995-07-28,3.2932448387145996,21.0,21.0,21.0,21.0,500
1995-07-31,3.2932448387145996,21.0,21.125,20.875,21.0,1600
1995-08-01,3.332449197769165,21.25,21.25,21.0,21.125,1200
1995-08-02,3.312847375869751,21.125,21.375,21.125,21.375,3500
1995-08-03,3.352053165435791,21.375,21.375,21.0,21.0,6900
1995-08-04,3.332449197769165,21.25,21.375,21.25,21.375,2900
1995-08-07,3.352053165435791,21.375,21.375,21.25,21.375,600
1995-08-08,3.332449197769165,21.25,21.375,21.25,21.375,900
1995-08-09,3.352053165435791,21.375,21.375,21.375,21.375,2300
1995-08-10,3.332449197769165,21.25,21.375,21.25,21.375,1600
1995-08-11,3.332449197769165,21.25,21.25,21.25,21.25,200
1995-08-14,3.352053165435791,21.375,21.375,21.25,21.25,300
1995-08-15,3.332449197769165,21.25,21.375,21.25,21.375,1500
1995-08-16,3.352053165435791,21.375,21.375,21.25,21.25,6400
1995-08-17,3.352053165435791,21.375,21.375,21.375,21.375,600
1995-08-18,3.352053165435791,21.375,21.375,21.375,21.375,1100
1995-08-21,3.3716540336608887,21.5,21.625,21.375,21.5,4500
1995-08-22,3.3716540336608887,21.5,21.5,21.25,21.5,1800
1995-08-23,3.332449197769165,21.25,21.5,21.25,21.5,2100
1995-08-24,3.352053165435791,21.375,21.375,21.25,21.375,1700
1995-08-25,3.3716540336608887,21.5,21.5,21.375,21.375,1500
1995-08-28,3.410860061645508,21.75,21.75,21.375,21.5,5000
1995-08-29,3.391258716583252,21.625,21.625,21.5,21.625,1600
1995-08-30,3.3716540336608887,21.5,21.625,21.375,21.5,1300
1995-08-31,3.391258716583252,21.625,21.625,21.625,21.625,7300
1995-09-01,3.3716540336608887,21.5,21.625,21.5,21.5,1100
1995-09-05,3.3716540336608887,21.5,21.5,21.25,21.5,2000
1995-09-06,3.332449197769165,21.25,21.25,21.25,21.25,1300
1995-09-07,3.332449197769165,21.25,21.25,21.25,21.25,600
1995-09-08,3.332449197769165,21.25,21.5,21.25,21.5,1000
1995-09-11,3.3716540336608887,21.5,21.5,21.375,21.375,700
1995-09-12,3.3716540336608887,21.5,21.625,21.5,21.5,1900
1995-09-13,3.391258716583252,21.625,21.625,21.5,21.625,3400
1995-09-14,3.391258716583252,21.625,21.625,21.5,21.5,1100
1995-09-15,3.391258716583252,21.625,21.625,21.5,21.5,1300
1995-09-18,3.391258716583252,21.625,21.75,21.625,21.75,3000
1995-09-19,3.410860061645508,21.75,21.75,21.5,21.5,3200
1995-09-20,3.391258716583252,21.625,21.875,21.625,21.875,4400
1995-09-21,3.430464267730713,21.875,21.875,21.75,21.75,2300
1995-09-22,3.4560346603393555,21.625,21.625,21.375,21.625,1600
1995-09-25,3.4560346603393555,21.625,21.625,21.5,21.625,800
1995-09-26,3.4360556602478027,21.5,21.5,21.25,21.5,4100
1995-09-27,3.4360556602478027,21.5,21.5,21.25,21.25,4100
1995-09-28,3.4160802364349365,21.375,21.375,21.375,21.375,700
1995-09-29,3.3761258125305176,21.125,21.375,21.125,21.375,1700
1995-10-02,3.4360556602478027,21.5,21.5,21.125,21.25,1600
1995-10-03,3.4160802364349365,21.375,21.5,21.375,21.5,300
1995-10-04,3.3761258125305176,21.125,21.375,21.125,21.375,6200
1995-10-05,3.3761258125305176,21.125,21.25,21.125,21.125,1500
1995-10-06,3.3761258125305176,21.125,21.125,21.125,21.125,500
1995-10-09,3.4160802364349365,21.375,21.375,21.375,21.375,700
1995-10-10,3.4360556602478027,21.5,21.5,21.25,21.25,1300
1995-10-11,3.4360556602478027,21.5,21.5,21.5,21.5,300
1995-10-12,3.4360556602478027,21.5,21.5,21.5,21.5,300
1995-10-13,3.4360556602478027,21.5,21.5,21.25,21.375,1600
1995-10-16,3.4360556602478027,21.5,21.5,21.25,21.5,2400
1995-10-17,3.4360556602478027,21.5,21.5,21.375,21.5,1800
1995-10-18,3.4360556602478027,21.5,21.5,21.5,21.5,1100
1995-10-19,3.4160802364349365,21.375,21.625,21.375,21.625,2400
1995-10-20,3.4560346603393555,21.625,21.625,21.375,21.625,2900
1995-10-23,3.4160802364349365,21.375,21.625,21.375,21.625,12100
1995-10-24,3.47601056098938,21.75,22.0,21.375,21.375,7200
1995-10-25,3.4560346603393555,21.625,21.75,21.375,21.75,3700
1995-10-26,3.4560346603393555,21.625,21.625,21.625,21.625,400
1995-10-27,3.4560346603393555,21.625,21.75,21.625,21.75,3200
1995-10-30,3.4959890842437744,21.875,21.875,21.625,21.75,3600
1995-10-31,3.4560346603393555,21.625,21.75,21.625,21.75,300
1995-11-01,3.4959890842437744,21.875,21.875,21.75,21.75,600
1995-11-02,3.4560346603393555,21.625,21.75,21.625,21.75,600
1995-11-03,3.4959890842437744,21.875,21.875,21.75,21.75,700
1995-11-06,3.4560346603393555,21.625,22.0,21.625,21.75,2500
1995-11-07,3.4560346603393555,21.625,21.875,21.625,21.875,2500
1995-11-08,3.4560346603393555,21.625,21.875,21.625,21.75,2500
1995-11-09,3.4560346603393555,21.625,21.875,21.625,21.625,1800
1995-11-10,3.4959890842437744,21.875,21.875,21.625,21.625,1300
1995-11-13,3.4959890842437744,21.875,21.875,21.625,21.75,1700
1995-11-14,3.4959890842437744,21.875,21.875,21.875,21.875,2800
1995-11-15,3.4560346603393555,21.625,21.625,21.625,21.625,800
1995-11-16,3.4959890842437744,21.875,21.875,21.625,21.625,2100
1995-11-17,3.4560346603393555,21.625,21.625,21.625,21.625,2700
1995-11-20,3.4360556602478027,21.5,21.75,21.375,21.75,5600
1995-11-21,3.4360556602478027,21.5,21.5,21.375,21.375,1800
1995-11-22,3.4360556602478027,21.5,21.5,21.25,21.25,1200
1995-11-24,3.4160802364349365,21.375,21.625,21.375,21.5,1100
1995-11-27,3.4160802364349365,21.375,21.625,21.375,21.625,5100
1995-11-28,3.4160802364349365,21.375,21.5,21.25,21.5,4900
1995-11-29,3.4160802364349365,21.375,21.375,21.25,21.25,2700
1995-11-30,3.4360556602478027,21.5,21.5,21.25,21.25,7100
1995-12-01,3.4160802364349365,21.375,21.5,21.375,21.375,1600
1995-12-04,3.4360556602478027,21.5,21.625,21.375,21.5,2800
1995-12-05,3.4160802364349365,21.375,21.625,21.375,21.625,6200
1995-12-06,3.4160802364349365,21.375,21.5,21.375,21.5,1800
1995-12-07,3.4160802364349365,21.375,21.5,21.375,21.375,2100
1995-12-08,3.4360556602478027,21.5,21.5,21.375,21.375,3200
1995-12-11,3.4360556602478027,21.5,21.625,21.375,21.625,9000
1995-12-12,3.4160802364349365,21.375,21.375,21.25,21.375,5600
1995-12-13,3.396101713180542,21.25,21.25,21.25,21.25,3400
1995-12-14,3.4160802364349365,21.375,21.375,21.375,21.375,700
1995-12-15,3.396101713180542,21.25,21.25,21.25,21.25,2000
1995-12-18,3.3561487197875977,21.0,21.25,21.0,21.25,6900
1995-12-19,3.3761258125305176,21.125,21.125,21.0,21.0,2000
1995-12-20,3.396101713180542,21.25,21.25,21.125,21.125,3400
1995-12-21,3.4018075466156006,20.875,20.875,20.75,20.75,1900
1995-12-22,3.4221765995025635,21.0,21.0,20.75,20.75,4600
1995-12-26,3.4018075466156006,20.875,21.0,20.875,21.0,2400
1995-12-27,3.4018075466156006,20.875,21.0,20.875,21.0,5000
1995-12-28,3.4018075466156006,20.875,20.875,20.875,20.875,0
1995-12-29,3.4221765995025635,21.0,21.0,20.875,20.875,800
1996-01-02,3.442547082901001,21.125,21.125,21.125,21.125,7300
1996-01-03,3.4629170894622803,21.25,21.25,21.125,21.125,1900
1996-01-04,3.4832870960235596,21.375,21.375,21.125,21.125,2500
1996-01-05,3.4629170894622803,21.25,21.375,21.25,21.25,2300
1996-01-08,3.4832870960235596,21.375,21.375,21.25,21.375,2900
1996-01-09,3.4832870960235596,21.375,21.375,21.125,21.25,3500
1996-01-10,3.4629170894622803,21.25,21.375,21.125,21.375,5400
1996-01-11,3.4832870960235596,21.375,21.375,21.25,21.375,1600
1996-01-12,3.4832870960235596,21.375,21.375,21.25,21.375,2200
1996-01-15,3.5240278244018555,21.625,21.625,21.125,21.125,10400
1996-01-16,3.4832870960235596,21.375,21.5,21.375,21.5,1800
1996-01-17,3.503654718399048,21.5,21.5,21.375,21.375,2000
1996-01-18,3.503654718399048,21.5,21.625,21.375,21.5,1800
1996-01-19,3.544395923614502,21.75,21.75,21.5,21.5,5200
1996-01-22,3.544395923614502,21.75,21.75,21.375,21.625,7600
1996-01-23,3.5240278244018555,21.625,22.125,21.625,21.75,10600
1996-01-24,3.544395923614502,21.75,21.875,21.75,21.875,1100
1996-01-25,3.5647685527801514,21.875,21.875,21.75,21.75,1000
1996-01-26,3.544395923614502,21.75,21.875,21.75,21.875,2600
1996-01-29,3.5851354598999023,22.0,22.0,21.75,21.875,2900
1996-01-30,3.6055052280426025,22.125,22.375,22.125,22.125,8900
1996-01-31,3.6462481021881104,22.375,22.375,22.125,22.125,2500
1996-02-01,3.6258797645568848,22.25,22.375,22.25,22.25,3200
1996-02-02,3.6258797645568848,22.25,22.375,22.25,22.25,3800
1996-02-05,3.6666178703308105,22.5,22.5,22.25,22.375,3100
1996-02-06,3.6666178703308105,22.5,22.5,22.375,22.5,2200
1996-02-07,3.7073590755462646,22.75,22.75,22.375,22.375,5400
1996-02-08,3.6666178703308105,22.5,22.75,22.375,22.75,5700
1996-02-09,3.6462481021881104,22.375,22.625,22.375,22.5,7500
1996-02-12,3.6869888305664062,22.625,22.625,22.375,22.5,56100
1996-02-13,3.6869888305664062,22.625,22.625,22.5,22.5,2700
1996-02-14,3.6589772701263428,22.453125,22.75,22.375,22.625,13400
1996-02-15,3.6869888305664062,22.625,22.75,22.5,22.625,7700
1996-02-16,3.6869888305664062,22.625,22.625,22.5,22.5,1000
1996-02-20,3.6462481021881104,22.375,22.625,22.375,22.625,4000
1996-02-21,3.6869888305664062,22.625,22.625,22.5,22.625,2100
1996-02-22,3.6869888305664062,22.625,22.625,22.5,22.625,5100
1996-02-23,3.6869888305664062,22.625,22.625,22.625,22.625,400
1996-02-26,3.6869888305664062,22.625,22.625,22.5,22.625,4300
1996-02-27,3.6666178703308105,22.5,22.5,22.5,22.5,4600
1996-02-28,3.6462481021881104,22.375,22.5,22.375,22.5,2300
1996-02-29,3.6462481021881104,22.375,22.5,22.375,22.5,1000
1996-03-01,3.6462481021881104,22.375,22.5,22.375,22.375,3200
1996-03-04,3.6462481021881104,22.375,22.5,22.375,22.375,2800
1996-03-05,3.6462481021881104,22.375,22.375,22.375,22.375,500
1996-03-06,3.6666178703308105,22.5,22.5,22.375,22.5,6200
1996-03-07,3.6666178703308105,22.5,22.5,22.375,22.375,800
1996-03-08,3.6055052280426025,22.125,22.375,22.125,22.375,4000
1996-03-11,3.5647685527801514,21.875,22.0,21.875,21.875,3200
1996-03-12,3.5240278244018555,21.625,21.75,21.625,21.75,2000
1996-03-13,3.5240278244018555,21.625,21.75,21.625,21.75,1700
1996-03-14,3.503654718399048,21.5,21.625,21.375,21.625,4200
1996-03-15,3.4832870960235596,21.375,21.5,21.375,21.375,3900
1996-03-18,3.4832870960235596,21.375,21.5,21.375,21.375,1900
1996-03-19,3.503654718399048,21.5,21.5,21.375,21.375,1300
1996-03-20,3.503654718399048,21.5,21.5,21.5,21.5,3400
1996-03-21,3.503654718399048,21.5,21.5,21.375,21.375,2500
1996-03-22,3.4832870960235596,21.375,21.5,21.375,21.375,700
1996-03-25,3.4832870960235596,21.375,21.5,21.375,21.375,1200
1996-03-26,3.4629170894622803,21.25,21.375,21.25,21.375,2800
1996-03-27,3.4629170894622803,21.25,21.375,21.25,21.375,3100
1996-03-28,3.4832870960235596,21.375,21.375,21.25,21.375,2300
1996-03-29,3.4629170894622803,21.25,21.25,21.25,21.25,1300
1996-04-01,3.4629170894622803,21.25,21.25,21.25,21.25,300
1996-04-02,3.442547082901001,21.125,21.25,21.125,21.25,1500
1996-04-03,3.442547082901001,21.125,21.25,21.0,21.0,6100
1996-04-04,3.4221765995025635,21.0,21.0,21.0,21.0,2000
1996-04-08,3.4018075466156006,20.875,20.875,20.625,20.75,4500
1996-04-09,3.383540153503418,20.375,20.5,20.375,20.375,1300
1996-04-10,3.404299020767212,20.5,20.75,20.5,20.5,2900
1996-04-11,3.383540153503418,20.375,20.375,20.375,20.375,5300
1996-04-12,3.3627824783325195,20.25,20.375,20.25,20.375,2500
1996-04-15,3.404299020767212,20.5,20.5,20.25,20.375,2100
1996-04-16,3.404299020767212,20.5,20.625,20.375,20.5,2700
1996-04-17,3.4250552654266357,20.625,20.875,20.625,20.75,3500
1996-04-18,3.4250552654266357,20.625,20.625,20.625,20.625,800
1996-04-19,3.4458134174346924,20.75,20.75,20.625,20.75,4900
1996-04-22,3.4458134174346924,20.75,20.875,20.75,20.875,2000
1996-04-23,3.466571807861328,20.875,20.875,20.75,20.75,1300
1996-04-24,3.4458134174346924,20.75,20.875,20.75,20.75,300
1996-04-25,3.4250552654266357,20.625,20.75,20.625,20.75,1300
1996-04-26,3.4458134174346924,20.75,20.75,20.625,20.75,2300
1996-04-29,3.404299020767212,20.5,20.5,20.5,20.5,2200
1996-04-30,3.4458134174346924,20.75,20.75,20.5,20.5,2000
1996-05-01,3.4250552654266357,20.625,20.75,20.625,20.75,2800
1996-05-02,3.4250552654266357,20.625,20.625,20.5,20.5,1400
1996-05-03,3.383540153503418,20.375,20.5,20.375,20.375,3500
1996-05-06,3.404299020767212,20.5,20.5,20.25,20.5,2900
1996-05-07,3.383540153503418,20.375,20.375,20.25,20.25,1600
1996-05-08,3.3627824783325195,20.25,20.375,20.25,20.375,2400
1996-05-09,3.383540153503418,20.375,20.375,20.125,20.125,2000
1996-05-10,3.3627824783325195,20.25,20.25,20.25,20.25,100
1996-05-13,3.3627824783325195,20.25,20.375,20.25,20.25,1800
1996-05-14,3.383540153503418,20.375,20.5,20.375,20.5,5500
1996-05-15,3.404299020767212,20.5,20.5,20.375,20.375,3000
1996-05-16,3.404299020767212,20.5,20.5,20.375,20.375,2300
1996-05-17,3.404299020767212,20.5,20.5,20.5,20.5,3000
1996-05-20,3.404299020767212,20.5,20.625,20.5,20.625,3600
1996-05-21,3.4250552654266357,20.625,20.75,20.625,20.625,5800
1996-05-22,3.4458134174346924,20.75,20.875,20.625,20.625,5200
1996-05-23,3.4250552654266357,20.625,20.75,20.625,20.75,1000
1996-05-24,3.404299020767212,20.5,20.625,20.375,20.625,5200
1996-05-28,3.404299020767212,20.5,20.625,20.5,20.625,2600
1996-05-29,3.383540153503418,20.375,20.375,20.375,20.375,1300
1996-05-30,3.383540153503418,20.375,20.5,20.375,20.5,1800
1996-05-31,3.3420236110687256,20.125,20.5,20.125,20.5,4400
1996-06-03,3.3420236110687256,20.125,20.125,20.0,20.0,1400
1996-06-04,3.3420236110687256,20.125,20.375,20.125,20.125,4300
1996-06-05,3.3627824783325195,20.25,20.25,20.25,20.25,1500
1996-06-06,3.383540153503418,20.375,20.375,20.125,20.125,5100
1996-06-07,3.383540153503418,20.375,20.375,20.25,20.25,6300
1996-06-10,3.383540153503418,20.375,20.375,20.25,20.25,800
1996-06-11,3.383540153503418,20.375,20.375,20.125,20.25,4000
1996-06-12,3.3627824783325195,20.25,20.25,20.25,20.25,2900
1996-06-13,3.3627824783325195,20.25,20.25,20.25,20.25,1600
1996-06-14,3.3627824783325195,20.25,20.25,20.25,20.25,4200
1996-06-17,3.3627824783325195,20.25,20.375,20.25,20.375,1500
1996-06-18,3.383540153503418,20.375,20.5,20.375,20.5,3000
1996-06-19,3.383540153503418,20.375,20.5,20.375,20.5,2500
1996-06-20,3.404299020767212,20.5,20.5,20.5,20.5,200
1996-06-21,3.383540153503418,20.375,20.5,20.375,20.375,4100
1996-06-24,3.404299020767212,20.5,20.625,20.5,20.5,7300
1996-06-25,3.404299020767212,20.5,20.75,20.5,20.625,4300
1996-06-26,3.4250552654266357,20.625,20.625,20.5,20.5,2700
1996-06-27,3.404299020767212,20.5,20.625,20.5,20.5,3700
1996-06-28,3.4068362712860107,20.125,20.25,20.125,20.25,1000
1996-07-01,3.4068362712860107,20.125,20.375,20.125,20.125,3000
1996-07-02,3.427997589111328,20.25,20.5,20.25,20.25,1500
1996-07-03,3.4068362712860107,20.125,20.375,20.125,20.375,900
1996-07-05,3.4068362712860107,20.125,20.125,20.125,20.125,300
1996-07-08,3.3856773376464844,20.0,20.25,20.0,20.125,4700
1996-07-09,3.3433549404144287,19.75,20.25,19.75,20.25,2400
1996-07-10,3.3433549404144287,19.75,20.0,19.625,20.0,1800
1996-07-11,3.3856773376464844,20.0,20.0,19.875,19.875,1200
1996-07-12,3.3856773376464844,20.0,20.125,19.875,19.875,800
1996-07-15,3.3645179271698,19.875,19.875,19.875,19.875,200
1996-07-16,3.3856773376464844,20.0,20.0,19.875,19.875,600
1996-07-17,3.3645179271698,19.875,19.875,19.625,19.875,2600
1996-07-18,3.3433549404144287,19.75,19.75,19.75,19.75,300
1996-07-19,3.3645179271698,19.875,20.0,19.75,19.75,1500
1996-07-22,3.4068362712860107,20.125,20.125,19.75,19.75,6500
1996-07-23,3.3645179271698,19.875,20.0,19.875,20.0,2200
1996-07-24,3.3433549404144287,19.75,19.875,19.75,19.875,1000
1996-07-25,3.3645179271698,19.875,20.0,19.875,19.875,1200
1996-07-26,3.427997589111328,20.25,20.25,20.0,20.0,2000
1996-07-29,3.427997589111328,20.25,20.25,20.25,20.25,1000
1996-07-30,3.3856773376464844,20.0,20.25,20.0,20.25,1800
1996-07-31,3.3856773376464844,20.0,20.0,20.0,20.0,300
1996-08-01,3.3645179271698,19.875,20.0,19.875,20.0,1200
1996-08-02,3.3856773376464844,20.0,20.125,20.0,20.125,2400
1996-08-05,3.3856773376464844,20.0,20.0,20.0,20.0,700
1996-08-06,3.3856773376464844,20.0,20.125,20.0,20.0,9900
1996-08-07,3.4068362712860107,20.125,20.25,20.0,20.125,4400
1996-08-08,3.4068362712860107,20.125,20.25,20.0,20.0,600
1996-08-09,3.4068362712860107,20.125,20.25,20.125,20.25,1900
1996-08-12,3.427997589111328,20.25,20.25,20.125,20.125,600
1996-08-13,3.4068362712860107,20.125,20.125,20.0,20.125,4600
1996-08-14,3.3856773376464844,20.0,20.25,20.0,20.25,1700
1996-08-15,3.4068362712860107,20.125,20.125,20.0,20.125,1200
1996-08-16,3.4068362712860107,20.125,20.125,20.125,20.125,700
1996-08-19,3.3856773376464844,20.0,20.0,20.0,20.0,1200
1996-08-20,3.3856773376464844,20.0,20.0,20.0,20.0,200
1996-08-21,3.3645179271698,19.875,20.25,19.875,20.0,10000
1996-08-22,3.3856773376464844,20.0,20.0,19.875,19.875,1800
1996-08-23,3.4068362712860107,20.125,20.125,20.0,20.0,2400
1996-08-26,3.4068362712860107,20.125,20.125,20.125,20.125,200
1996-08-27,3.3856773376464844,20.0,20.0,20.0,20.0,2200
1996-08-28,3.3645179271698,19.875,20.0,19.875,20.0,5600
1996-08-29,3.3645179271698,19.875,20.0,19.75,20.0,1200
1996-08-30,3.3433549404144287,19.75,19.875,19.75,19.875,4000
1996-09-03,3.322195529937744,19.625,19.875,19.5,19.625,6100
1996-09-04,3.3433549404144287,19.75,19.75,19.625,19.625,2200
1996-09-05,3.322195529937744,19.625,19.625,19.625,19.625,500
1996-09-06,3.3433549404144287,19.75,19.75,19.625,19.625,2000
1996-09-09,3.322195529937744,19.625,19.75,19.625,19.625,2500
1996-09-10,3.322195529937744,19.625,19.75,19.625,19.75,3900
1996-09-11,3.301037311553955,19.5,19.625,19.5,19.625,2000
1996-09-12,3.322195529937744,19.625,19.625,19.5,19.625,4800
1996-09-13,3.3645179271698,19.875,19.875,19.625,19.625,5100
1996-09-16,3.3645179271698,19.875,19.875,19.75,19.75,2100
1996-09-17,3.3433549404144287,19.75,19.75,19.75,19.75,6200
1996-09-18,3.345945119857788,19.375,19.5,19.375,19.5,9400
1996-09-19,3.367532730102539,19.5,19.5,19.375,19.375,6600
1996-09-20,3.367532730102539,19.5,19.5,19.375,19.375,3200
1996-09-23,3.345945119857788,19.375,19.5,19.375,19.5,10600
1996-09-24,3.345945119857788,19.375,19.5,19.375,19.375,4000
1996-09-25,3.367532730102539,19.5,19.5,19.375,19.5,1800
1996-09-26,3.345945119857788,19.375,19.625,19.375,19.375,8700
1996-09-27,3.345945119857788,19.375,19.5,19.25,19.5,5000
1996-09-30,3.367532730102539,19.5,19.5,19.375,19.375,1900
1996-10-01,3.345945119857788,19.375,19.5,19.375,19.375,6400
1996-10-02,3.367532730102539,19.5,19.5,19.375,19.5,4800
1996-10-03,3.367532730102539,19.5,19.5,19.375,19.5,1400
1996-10-04,3.367532730102539,19.5,19.5,19.375,19.5,5400
1996-10-07,3.367532730102539,19.5,19.625,19.5,19.625,4400
1996-10-08,3.3891196250915527,19.625,19.75,19.5,19.625,14600
1996-10-09,3.3891196250915527,19.625,19.625,19.5,19.5,5300
1996-10-10,3.3891196250915527,19.625,19.625,19.5,19.625,3300
1996-10-11,3.3891196250915527,19.625,19.75,19.625,19.625,2900
1996-10-14,3.3891196250915527,19.625,19.75,19.625,19.625,1800
1996-10-15,3.3891196250915527,19.625,19.625,19.625,19.625,2700
1996-10-16,3.367532730102539,19.5,19.625,19.5,19.625,4100
1996-10-17,3.367532730102539,19.5,19.625,19.5,19.5,3700
1996-10-18,3.4107065200805664,19.75,19.75,19.5,19.5,5900
1996-10-21,3.4107065200805664,19.75,19.75,19.625,19.75,2800
1996-10-22,3.4107065200805664,19.75,19.75,19.625,19.625,5400
1996-10-23,3.3891196250915527,19.625,19.75,19.625,19.625,4900
1996-10-24,3.4107065200805664,19.75,19.875,19.75,19.75,4900
1996-10-25,3.4107065200805664,19.75,19.875,19.625,19.75,3800
1996-10-28,3.4322946071624756,19.875,19.875,19.75,19.875,1300
1996-10-29,3.4107065200805664,19.75,19.875,19.75,19.75,2500
1996-10-30,3.4322946071624756,19.875,19.875,19.75,19.875,2800
1996-10-31,3.4322946071624756,19.875,20.0,19.75,19.75,6300
1996-11-01,3.4322946071624756,19.875,19.875,19.75,19.875,2700
1996-11-04,3.4322946071624756,19.875,19.875,19.75,19.75,2600
1996-11-05,3.453878402709961,20.0,20.125,19.75,19.75,10500
1996-11-06,3.4754655361175537,20.125,20.25,20.125,20.25,4700
1996-11-07,3.453878402709961,20.0,20.0,20.0,20.0,1500
1996-11-08,3.453878402709961,20.0,20.0,20.0,20.0,100
1996-11-11,3.4970543384552,20.25,20.25,20.125,20.125,1600
1996-11-12,3.4970543384552,20.25,20.375,20.25,20.25,2900
1996-11-13,3.4970543384552,20.25,20.25,20.0,20.25,1500
1996-11-14,3.4754655361175537,20.125,20.25,20.125,20.125,4700
1996-11-15,3.4754655361175537,20.125,20.25,20.125,20.125,3300
1996-11-18,3.4754655361175537,20.125,20.25,20.125,20.25,4000
1996-11-19,3.4754655361175537,20.125,20.25,20.125,20.25,1000
1996-11-20,3.4970543384552,20.25,20.25,20.125,20.125,3900
1996-11-21,3.4754655361175537,20.125,20.25,20.125,20.25,3900
1996-11-22,3.4970543384552,20.25,20.25,20.125,20.25,3600
1996-11-25,3.4970543384552,20.25,20.375,20.25,20.25,3200
1996-11-26,3.5186400413513184,20.375,20.5,20.25,20.25,9000
1996-11-27,3.4970543384552,20.25,20.375,20.25,20.375,3600
1996-11-29,3.5186400413513184,20.375,20.375,20.25,20.375,1600
1996-12-02,3.4970543384552,20.25,20.5,20.25,20.375,6400
1996-12-03,3.5186400413513184,20.375,20.375,20.25,20.25,7200
1996-12-04,3.4970543384552,20.25,20.25,20.25,20.25,700
1996-12-05,3.5186400413513184,20.375,20.375,20.25,20.25,2700
1996-12-06,3.4754655361175537,20.125,20.125,20.125,20.125,7200
1996-12-09,3.4970543384552,20.25,20.25,20.125,20.125,3500
1996-12-10,3.4970543384552,20.25,20.25,20.125,20.125,2500
1996-12-11,3.453878402709961,20.0,20.125,20.0,20.0,5400
1996-12-12,3.453878402709961,20.0,20.125,20.0,20.125,4300
1996-12-13,3.453878402709961,20.0,20.125,20.0,20.125,3300
1996-12-16,3.4754655361175537,20.125,20.125,20.0,20.0,900
1996-12-17,3.4754655361175537,20.125,20.125,20.0,20.0,9100
1996-12-18,3.4754655361175537,20.125,20.125,20.125,20.125,5300
1996-12-19,3.5001232624053955,19.875,19.875,19.625,19.75,5300
1996-12-20,3.4781088829040527,19.75,19.75,19.625,19.75,4600
1996-12-23,3.4781088829040527,19.75,19.875,19.75,19.875,2800
1996-12-24,3.4781088829040527,19.75,19.75,19.75,19.75,300
1996-12-26,3.4781088829040527,19.75,19.875,19.75,19.75,1000
1996-12-27,3.5001232624053955,19.875,19.875,19.75,19.75,2500
1996-12-30,3.4781088829040527,19.75,19.875,19.75,19.875,2700
1996-12-31,3.4781088829040527,19.75,19.875,19.75,19.875,2100
1997-01-02,3.5001232624053955,19.875,19.875,19.75,19.75,4400
1997-01-03,3.4781088829040527,19.75,19.875,19.75,19.875,1900
1997-01-06,3.5001232624053955,19.875,19.875,19.75,19.875,2000
1997-01-07,3.4781088829040527,19.75,19.875,19.75,19.875,1500
1997-01-08,3.5001232624053955,19.875,19.875,19.75,19.75,3500
1997-01-09,3.5001232624053955,19.875,19.875,19.75,19.875,1300
1997-01-10,3.5001232624053955,19.875,19.875,19.75,19.75,5100
1997-01-13,3.4781088829040527,19.75,19.875,19.75,19.875,5400
1997-01-14,3.4781088829040527,19.75,19.875,19.75,19.75,6000
1997-01-15,3.5001232624053955,19.875,19.875,19.75,19.75,3500
1997-01-16,3.4781088829040527,19.75,19.875,19.75,19.875,8900
1997-01-17,3.5001232624053955,19.875,19.875,19.75,19.75,1300
1997-01-20,3.4781088829040527,19.75,19.75,19.75,19.75,1000
1997-01-21,3.4781088829040527,19.75,19.875,19.75,19.75,11300
1997-01-22,3.4781088829040527,19.75,20.0,19.75,20.0,2100
1997-01-23,3.4781088829040527,19.75,19.875,19.75,19.75,3000
1997-01-24,3.4781088829040527,19.75,19.75,19.75,19.75,5200
1997-01-27,3.4781088829040527,19.75,19.875,19.75,19.875,3700
1997-01-28,3.5001232624053955,19.875,19.875,19.875,19.875,300
1997-01-29,3.5001232624053955,19.875,19.875,19.75,19.75,3700
1997-01-30,3.456094980239868,19.625,19.75,19.625,19.75,11100
1997-01-31,3.4781088829040527,19.75,19.75,19.625,19.75,4600
1997-02-03,3.4781088829040527,19.75,19.75,19.75,19.75,1900
1997-02-04,3.456094980239868,19.625,19.75,19.625,19.75,600
1997-02-05,3.456094980239868,19.625,19.75,19.625,19.625,3800
1997-02-06,3.456094980239868,19.625,19.75,19.625,19.625,3300
1997-02-07,3.4781088829040527,19.75,19.75,19.625,19.625,3300
1997-02-10,3.4781088829040527,19.75,19.75,19.625,19.75,4800
1997-02-11,3.456094980239868,19.625,19.75,19.625,19.75,3000
1997-02-12,3.5001232624053955,19.875,19.875,19.625,19.75,4100
1997-02-13,3.5221340656280518,20.0,20.0,19.875,19.875,5600
1997-02-14,3.5001232624053955,19.875,19.875,19.875,19.875,900
1997-02-18,3.5001232624053955,19.875,20.0,19.875,20.0,700
1997-02-19,3.5001232624053955,19.875,20.0,19.875,19.875,1700
1997-02-20,3.5001232624053955,19.875,20.0,19.875,19.875,2000
1997-02-21,3.5221340656280518,20.0,20.0,19.875,20.0,1800
1997-02-24,3.5221340656280518,20.0,20.0,19.875,19.875,400
1997-02-25,3.5221340656280518,20.0,20.0,19.875,20.0,1700
1997-02-26,3.5221340656280518,20.0,20.125,19.875,19.875,12700
1997-02-27,3.5221340656280518,20.0,20.125,20.0,20.0,800
1997-02-28,3.5221340656280518,20.0,20.0,20.0,20.0,1400
1997-03-03,3.5221340656280518,20.0,20.0,20.0,20.0,3700
1997-03-04,3.54414701461792,20.125,20.125,20.0,20.0,6000
1997-03-05,3.5221340656280518,20.0,20.0,19.875,20.0,3700
1997-03-06,3.5001232624053955,19.875,20.0,19.875,20.0,2300
1997-03-07,3.566161870956421,20.25,20.25,20.0,20.0,20300
1997-03-10,3.566161870956421,20.25,20.25,20.125,20.125,800
1997-03-11,3.5001232624053955,19.875,20.25,19.875,20.125,25000
1997-03-12,3.5001232624053955,19.875,20.0,19.875,19.875,2500
1997-03-13,3.5221340656280518,20.0,20.0,19.875,19.875,2200
1997-03-14,3.5001232624053955,19.875,20.125,19.875,20.0,4300
1997-03-17,3.5001232624053955,19.875,20.0,19.875,20.0,1800
1997-03-18,3.5221340656280518,20.0,20.0,19.875,20.0,2900
1997-03-19,3.4781088829040527,19.75,19.875,19.75,19.875,3200
1997-03-20,3.4781088829040527,19.75,19.875,19.75,19.875,1900
1997-03-21,3.4781088829040527,19.75,19.75,19.75,19.75,1900
1997-03-24,3.4781088829040527,19.75,19.875,19.75,19.875,1300
1997-03-25,3.4781088829040527,19.75,19.875,19.75,19.875,1300
1997-03-26,3.4781088829040527,19.75,19.75,19.75,19.75,1500
1997-03-27,3.4781088829040527,19.75,19.875,19.625,19.875,9700
1997-03-31,3.4781088829040527,19.75,19.75,19.625,19.75,1800
1997-04-01,3.4340810775756836,19.5,19.625,19.5,19.625,2900
1997-04-02,3.456094980239868,19.625,19.625,19.625,19.625,100
1997-04-03,3.4340810775756836,19.5,19.625,19.5,19.5,600
1997-04-04,3.456094980239868,19.625,19.625,19.625,19.625,200
1997-04-07,3.4781088829040527,19.75,19.75,19.5,19.75,1700
1997-04-08,3.480802059173584,19.375,19.375,19.25,19.375,2500
1997-04-09,3.5032594203948975,19.5,19.5,19.375,19.375,2600
1997-04-10,3.5032594203948975,19.5,19.5,19.25,19.25,3500
1997-04-11,3.4583473205566406,19.25,19.375,19.25,19.375,1600
1997-04-14,3.4358901977539062,19.125,19.25,19.125,19.125,6500
1997-04-15,3.4583473205566406,19.25,19.25,19.25,19.25,400
1997-04-16,3.4358901977539062,19.125,19.125,19.125,19.125,200
1997-04-17,3.4358901977539062,19.125,19.125,19.125,19.125,400
1997-04-18,3.4583473205566406,19.25,19.25,19.125,19.125,2000
1997-04-21,3.480802059173584,19.375,19.375,19.125,19.125,2400
1997-04-22,3.4583473205566406,19.25,19.25,19.25,19.25,600
1997-04-23,3.480802059173584,19.375,19.375,19.25,19.25,2900
1997-04-24,3.4583473205566406,19.25,19.375,19.25,19.375,1800
1997-04-25,3.4583473205566406,19.25,19.25,19.25,19.25,0
1997-04-28,3.4358901977539062,19.125,19.25,19.125,19.25,3500
1997-04-29,3.4583473205566406,19.25,19.25,19.25,19.25,100
1997-04-30,3.5032594203948975,19.5,19.5,19.5,19.5,5800
1997-05-01,3.5032594203948975,19.5,19.5,19.375,19.5,2700
1997-05-02,3.5032594203948975,19.5,19.5,19.375,19.5,4100
1997-05-05,3.5481741428375244,19.75,19.75,19.625,19.625,8400
1997-05-06,3.5032594203948975,19.5,19.625,19.5,19.625,2400
1997-05-07,3.525716781616211,19.625,19.75,19.5,19.5,4600
1997-05-08,3.525716781616211,19.625,19.625,19.625,19.625,1100
1997-05-09,3.570631742477417,19.875,19.875,19.75,19.75,7200
1997-05-12,3.5481741428375244,19.75,19.875,19.75,19.875,1200
1997-05-13,3.5481741428375244,19.75,19.75,19.75,19.75,1600
1997-05-14,3.570631742477417,19.875,19.875,19.75,19.75,600
1997-05-15,3.5481741428375244,19.75,19.875,19.75,19.75,2600
1997-05-16,3.5481741428375244,19.75,19.75,19.75,19.75,1200
1997-05-19,3.525716781616211,19.625,19.875,19.625,19.625,5300
1997-05-20,3.570631742477417,19.875,19.875,19.625,19.625,2100
1997-05-21,3.5481741428375244,19.75,19.875,19.75,19.875,2400
1997-05-22,3.570631742477417,19.875,19.875,19.875,19.875,3900
1997-05-23,3.570631742477417,19.875,20.0,19.875,19.875,2500
1997-05-27,3.5481741428375244,19.75,20.0,19.75,20.0,2500
1997-05-28,3.525716781616211,19.625,19.75,19.625,19.75,15200
1997-05-29,3.525716781616211,19.625,19.75,19.625,19.75,2700
1997-05-30,3.5481741428375244,19.75,19.75,19.625,19.625,5500
1997-06-02,3.570631742477417,19.875,19.875,19.75,19.75,1000
1997-06-03,3.570631742477417,19.875,19.875,19.625,19.75,2100
1997-06-04,3.5481741428375244,19.75,19.75,19.75,19.75,1100
1997-06-05,3.525716781616211,19.625,19.625,19.625,19.625,2000
1997-06-06,3.5481741428375244,19.75,19.75,19.625,19.625,2000
1997-06-09,3.5481741428375244,19.75,19.875,19.75,19.875,8700
1997-06-10,3.525716781616211,19.625,19.75,19.625,19.75,1500
1997-06-11,3.570631742477417,19.875,19.875,19.625,19.75,1800
1997-06-12,3.5481741428375244,19.75,19.875,19.75,19.875,2400
1997-06-13,3.5481741428375244,19.75,19.75,19.75,19.75,200
1997-06-16,3.570631742477417,19.875,19.875,19.75,19.875,9400
1997-06-17,3.570631742477417,19.875,20.0,19.875,19.875,8200
1997-06-18,3.570631742477417,19.875,20.0,19.875,20.0,2400
1997-06-19,3.5930867195129395,20.0,20.0,19.875,20.0,4000
1997-06-20,3.570631742477417,19.875,20.0,19.875,19.875,3100
1997-06-23,3.6155436038970947,20.125,20.125,20.0,20.0,2000
1997-06-24,3.5930867195129395,20.0,20.125,20.0,20.0,5200
1997-06-25,3.6155436038970947,20.125,20.25,20.125,20.125,5300
1997-06-26,3.6155436038970947,20.125,20.25,20.125,20.125,6500
1997-06-27,3.627903699874878,19.8125,19.875,19.8125,19.8125,1300
1997-06-30,3.639349937438965,19.875,19.9375,19.875,19.9375,2200
1997-07-01,3.627903699874878,19.8125,19.8125,19.8125,19.8125,6400
1997-07-02,3.627903699874878,19.8125,19.9375,19.8125,19.8125,5400
1997-07-03,3.6622366905212402,20.0,20.0,19.8125,19.8125,3300
1997-07-07,3.673680305480957,20.0625,20.0625,19.8125,19.8125,2200
1997-07-08,3.673680305480957,20.0625,20.125,20.0,20.0,2600
1997-07-09,3.6622366905212402,20.0,20.1875,20.0,20.1875,2700
1997-07-10,3.6507928371429443,19.9375,20.1875,19.9375,20.1875,3300
1997-07-11,3.639349937438965,19.875,19.9375,19.875,19.9375,1800
1997-07-14,3.6622366905212402,20.0,20.125,20.0,20.125,1400
1997-07-15,3.673680305480957,20.0625,20.1875,20.0625,20.125,3200
1997-07-16,3.696571111679077,20.1875,20.1875,20.0625,20.0625,1700
1997-07-17,3.6851255893707275,20.125,20.125,20.125,20.125,2400
1997-07-18,3.6851255893707275,20.125,20.25,20.0625,20.1875,4100
1997-07-21,3.6507928371429443,19.9375,20.0625,19.9375,20.0625,11800
1997-07-22,3.673680305480957,20.0625,20.0625,19.9375,19.9375,2800
1997-07-23,3.6622366905212402,20.0,20.0625,20.0,20.0625,6400
1997-07-24,3.673680305480957,20.0625,20.0625,20.0625,20.0625,500
1997-07-25,3.6851255893707275,20.125,20.1875,20.0625,20.0625,6700
1997-07-28,3.6851255893707275,20.125,20.1875,20.0,20.1875,4600
1997-07-29,3.673680305480957,20.0625,20.125,20.0625,20.0625,6400
1997-07-30,3.696571111679077,20.1875,20.25,20.125,20.125,7400
1997-07-31,3.696571111679077,20.1875,20.25,20.125,20.1875,6000
1997-08-01,3.6851255893707275,20.125,20.1875,20.125,20.1875,1800
1997-08-04,3.730902671813965,20.375,20.375,20.25,20.375,22500
1997-08-05,3.7652361392974854,20.5625,20.875,20.5625,20.875,32000
1997-08-06,3.7652361392974854,20.5625,20.6875,20.5625,20.6875,1900
1997-08-07,3.7652361392974854,20.5625,20.5625,20.5,20.5625,4300
1997-08-08,3.7423486709594727,20.4375,20.5,20.4375,20.5,2200
1997-08-11,3.6851255893707275,20.125,20.3125,20.125,20.25,6400
1997-08-12,3.673680305480957,20.0625,20.125,20.0625,20.125,5300
1997-08-13,3.673680305480957,20.0625,20.0625,20.0625,20.0625,1000
1997-08-14,3.6622366905212402,20.0,20.125,19.9375,20.0,12400
1997-08-15,3.673680305480957,20.0625,20.0625,19.9375,20.0625,3800
1997-08-18,3.6507928371429443,19.9375,20.0625,19.9375,20.0,8600
1997-08-19,3.6622366905212402,20.0,20.0625,20.0,20.0,2700
1997-08-20,3.6622366905212402,20.0,20.0625,20.0,20.0625,2600
1997-08-21,3.639349937438965,19.875,19.9375,19.875,19.9375,6600
1997-08-22,3.639349937438965,19.875,19.9375,19.875,19.875,6500
1997-08-25,3.627903699874878,19.8125,20.0,19.8125,19.9375,1400
1997-08-26,3.627903699874878,19.8125,19.8125,19.75,19.8125,1200
1997-08-27,3.6507928371429443,19.9375,19.9375,19.6875,19.75,16100
1997-08-28,3.639349937438965,19.875,20.0,19.75,19.8125,5700
1997-08-29,3.639349937438965,19.875,19.875,19.875,19.875,900
1997-09-02,3.6622366905212402,20.0,20.0,19.875,19.875,5600
1997-09-03,3.6507928371429443,19.9375,19.9375,19.9375,19.9375,500
1997-09-04,3.6507928371429443,19.9375,19.9375,19.875,19.875,3300
1997-09-05,3.6507928371429443,19.9375,19.9375,19.875,19.875,2400
1997-09-08,3.6851255893707275,20.125,20.125,20.0,20.0,2300
1997-09-09,3.6851255893707275,20.125,20.125,20.0625,20.125,1200
1997-09-10,3.6622366905212402,20.0,20.125,20.0,20.125,5700
1997-09-11,3.6507928371429443,19.9375,20.0,19.9375,20.0,1100
1997-09-12,3.6851255893707275,20.125,20.125,19.9375,19.9375,1600
1997-09-15,3.673680305480957,20.0625,20.125,20.0625,20.0625,3700
1997-09-16,3.696571111679077,20.1875,20.1875,20.1875,20.1875,500
1997-09-17,3.71945858001709,20.3125,20.375,20.25,20.25,1600
1997-09-18,3.7080154418945312,20.25,20.25,20.25,20.25,1000
1997-09-19,3.696571111679077,20.1875,20.25,20.1875,20.25,1600
1997-09-22,3.71945858001709,20.3125,20.3125,20.25,20.25,6300
1997-09-23,3.730902671813965,20.375,20.375,20.3125,20.3125,700
1997-09-24,3.7423486709594727,20.4375,20.4375,20.3125,20.3125,5900
1997-09-25,3.7423486709594727,20.4375,20.4375,20.4375,20.4375,0
1997-09-26,3.7316198348999023,20.0,20.0,20.0,20.0,6000
1997-09-29,3.69663667678833,19.8125,19.875,19.8125,19.875,1900
1997-09-30,3.7082998752593994,19.875,20.0,19.875,19.875,1500
1997-10-01,3.7666053771972656,20.1875,20.1875,20.0,20.0,2800
1997-10-02,3.7432796955108643,20.0625,20.1875,20.0625,20.0625,2200
1997-10-03,3.789926767349243,20.3125,20.4375,20.25,20.25,1200
1997-10-06,3.778266191482544,20.25,20.25,20.25,20.25,200
1997-10-07,3.778266191482544,20.25,20.375,20.25,20.375,300
1997-10-08,3.7666053771972656,20.1875,20.25,20.1875,20.1875,2400
1997-10-09,3.7432796955108643,20.0625,20.125,20.0625,20.125,3000
1997-10-10,3.754941701889038,20.125,20.125,20.0625,20.125,1400
1997-10-13,3.7432796955108643,20.0625,20.0625,20.0625,20.0625,1200
1997-10-14,3.754941701889038,20.125,20.25,20.125,20.25,4700
1997-10-15,3.7432796955108643,20.0625,20.25,20.0,20.0625,3500
1997-10-16,3.7432796955108643,20.0625,20.1875,20.0625,20.1875,1300
1997-10-17,3.7316198348999023,20.0,20.125,19.875,20.0,2400
1997-10-20,3.7432796955108643,20.0625,20.0625,19.875,19.875,5700
1997-10-21,3.7316198348999023,20.0,20.125,20.0,20.0,3000
1997-10-22,3.7199599742889404,19.9375,20.0625,19.9375,20.0625,900
1997-10-23,3.7432796955108643,20.0625,20.0625,19.9375,19.9375,1500
1997-10-24,3.754941701889038,20.125,20.25,20.125,20.125,15200
1997-10-27,3.7316198348999023,20.0,20.0,20.0,20.0,500
1997-10-28,3.69663667678833,19.8125,19.8125,19.5,19.8125,15500
1997-10-29,3.69663667678833,19.8125,19.875,19.8125,19.8125,5600
1997-10-30,3.7082998752593994,19.875,19.875,19.8125,19.8125,6500
1997-10-31,3.7199599742889404,19.9375,20.0625,19.875,19.875,1200
1997-11-03,3.7082998752593994,19.875,19.9375,19.875,19.9375,1200
1997-11-04,3.754941701889038,20.125,20.125,19.8125,19.875,16900
1997-11-05,3.7316198348999023,20.0,20.1875,20.0,20.125,3500
1997-11-06,3.754941701889038,20.125,20.125,19.9375,20.0,1800
1997-11-07,3.7199599742889404,19.9375,20.125,19.9375,20.125,3100
1997-11-10,3.7432796955108643,20.0625,20.0625,19.875,20.0,4100
1997-11-11,3.7432796955108643,20.0625,20.0625,20.0,20.0,1100
1997-11-12,3.7316198348999023,20.0,20.0,20.0,20.0,100
1997-11-13,3.7199599742889404,19.9375,20.0625,19.9375,20.0625,3200
1997-11-14,3.7199599742889404,19.9375,20.0625,19.9375,19.9375,1000
1997-11-17,3.7316198348999023,20.0,20.0625,19.9375,20.0625,1800
1997-11-18,3.7432796955108643,20.0625,20.0625,20.0,20.0625,2000
1997-11-19,3.7316198348999023,20.0,20.0625,20.0,20.0625,800
1997-11-20,3.7432796955108643,20.0625,20.25,20.0625,20.25,12300
1997-11-21,3.7666053771972656,20.1875,20.1875,20.0625,20.0625,1600
1997-11-24,3.7666053771972656,20.1875,20.1875,20.0,20.0625,4900
1997-11-25,3.7666053771972656,20.1875,20.1875,20.0625,20.1875,5500
1997-11-26,3.7316198348999023,20.0,20.25,20.0,20.0625,2800
1997-11-28,3.7432796955108643,20.0625,20.0625,20.0625,20.0625,500
1997-12-01,3.778266191482544,20.25,20.25,20.0625,20.0625,3200
1997-12-02,3.789926767349243,20.3125,20.3125,20.25,20.3125,1800
1997-12-03,3.8132495880126953,20.4375,20.4375,20.3125,20.3125,1900
1997-12-04,3.789926767349243,20.3125,20.5,20.3125,20.5,2200
1997-12-05,3.8132495880126953,20.4375,20.4375,20.25,20.375,2200
1997-12-08,3.8015875816345215,20.375,20.375,20.3125,20.3125,600
1997-12-09,3.789926767349243,20.3125,20.5,20.3125,20.375,6200
1997-12-10,3.8132495880126953,20.4375,20.4375,20.3125,20.3125,5400
1997-12-11,3.8015875816345215,20.375,20.5,20.375,20.375,1500
1997-12-12,3.8132495880126953,20.4375,20.5,20.375,20.375,2600
1997-12-15,3.8482346534729004,20.625,20.625,20.4375,20.625,5200
1997-12-16,3.871556282043457,20.75,20.75,20.5,20.6875,3700
1997-12-17,3.8832180500030518,20.8125,20.875,20.625,20.8125,7500
1997-12-18,3.8960466384887695,20.5,20.5,20.375,20.4375,7300
1997-12-19,3.8841681480407715,20.4375,20.5,20.4375,20.5,1600
1997-12-22,3.8960466384887695,20.5,20.625,20.5,20.5,1000
1997-12-23,3.8960466384887695,20.5,20.5,20.4375,20.4375,4100
1997-12-24,3.8960466384887695,20.5,20.5,20.5,20.5,0
1997-12-26,3.8960466384887695,20.5,20.5,20.5,20.5,1700
1997-12-29,3.91980242729187,20.625,20.625,20.4375,20.4375,4700
1997-12-30,3.91980242729187,20.625,20.625,20.625,20.625,5200
1997-12-31,3.8841681480407715,20.4375,20.5625,20.4375,20.5625,3000
1998-01-02,3.8960466384887695,20.5,20.5625,20.4375,20.4375,2900
1998-01-05,3.943559169769287,20.75,20.75,20.6875,20.6875,6000
1998-01-06,3.9554355144500732,20.8125,20.8125,20.625,20.625,3900
1998-01-07,3.943559169769287,20.75,20.875,20.5625,20.625,5000
1998-01-08,3.931680679321289,20.6875,20.8125,20.6875,20.8125,1400
1998-01-09,3.9554355144500732,20.8125,20.8125,20.625,20.625,2400
1998-01-12,3.9554355144500732,20.8125,20.8125,20.625,20.6875,5500
1998-01-13,3.9673147201538086,20.875,21.0,20.5625,20.625,6900
1998-01-14,3.991072416305542,21.0,21.0,20.8125,20.8125,3400
1998-01-15,3.943559169769287,20.75,21.0,20.75,21.0,1500
1998-01-16,3.9673147201538086,20.875,20.875,20.75,20.75,3900
1998-01-20,3.979191303253174,20.9375,20.9375,20.625,20.75,5900
1998-01-21,3.931680679321289,20.6875,20.875,20.6875,20.875,1000
1998-01-22,4.002946853637695,21.0625,21.0625,20.6875,20.75,8200
1998-01-23,3.979191303253174,20.9375,21.0,20.875,21.0,1400
1998-01-26,3.991072416305542,21.0,21.0,20.6875,20.75,6200
1998-01-27,3.9673147201538086,20.875,21.0625,20.875,21.0,6300
1998-01-28,3.9673147201538086,20.875,21.125,20.875,21.0,5300
1998-01-29,4.002946853637695,21.0625,21.125,20.6875,20.6875,9300
1998-01-30,3.9554355144500732,20.8125,20.875,20.8125,20.875,1500
1998-02-02,3.9554355144500732,20.8125,21.0,20.8125,20.8125,3500
1998-02-03,3.9673147201538086,20.875,20.875,20.75,20.75,6900
1998-02-04,3.979191303253174,20.9375,20.9375,20.875,20.875,3900
1998-02-05,3.9673147201538086,20.875,20.875,20.75,20.875,2000
1998-02-06,3.991072416305542,21.0,21.0,20.875,20.875,1400
1998-02-09,3.943559169769287,20.75,20.875,20.75,20.875,2500
1998-02-10,4.002946853637695,21.0625,21.0625,20.6875,20.6875,4500
1998-02-11,3.943559169769287,20.75,21.0,20.75,21.0,2600
1998-02-12,4.014828681945801,21.125,21.125,20.875,20.875,7800
1998-02-13,3.991072416305542,21.0,21.0,21.0,21.0,1600
1998-02-17,3.9554355144500732,20.8125,21.0,20.75,21.0,5800
1998-02-18,3.991072416305542,21.0,21.1875,21.0,21.0,7100
1998-02-19,3.9554355144500732,20.8125,21.1875,20.8125,21.1875,4000
1998-02-20,4.026705741882324,21.1875,21.1875,21.0,21.0,6100
1998-02-23,4.002946853637695,21.0625,21.125,20.875,21.125,6100
1998-02-24,4.002946853637695,21.0625,21.0625,20.9375,21.0625,1900
1998-02-25,4.002946853637695,21.0625,21.125,21.0625,21.0625,800
1998-02-26,4.002946853637695,21.0625,21.0625,21.0625,21.0625,0
1998-02-27,3.991072416305542,21.0,21.125,20.875,20.875,1300
1998-03-02,3.979191303253174,20.9375,20.9375,20.9375,20.9375,500
1998-03-03,3.979191303253174,20.9375,20.9375,20.9375,20.9375,1100
1998-03-04,4.014828681945801,21.125,21.125,20.9375,21.0,4400
1998-03-05,3.979191303253174,20.9375,21.0625,20.9375,21.0625,400
1998-03-06,4.002946853637695,21.0625,21.0625,20.9375,21.0625,4000
1998-03-09,3.991072416305542,21.0,21.0625,20.875,21.0,4500
1998-03-10,4.026705741882324,21.1875,21.1875,21.0,21.125,7000
1998-03-11,3.979191303253174,20.9375,21.0625,20.9375,21.0625,3700
1998-03-12,3.991072416305542,21.0,21.0,20.9375,20.9375,2300
1998-03-13,3.9673147201538086,20.875,21.0,20.875,21.0,1200
1998-03-16,3.943559169769287,20.75,21.0625,20.75,21.0625,10400
1998-03-17,3.9673147201538086,20.875,20.9375,20.75,20.875,4000
1998-03-18,4.002946853637695,21.0625,21.0625,21.0,21.0,1600
1998-03-19,3.943559169769287,20.75,21.125,20.75,21.0,7900
1998-03-20,3.931680679321289,20.6875,20.875,20.6875,20.75,7500
1998-03-23,3.943559169769287,20.75,20.9375,20.75,20.9375,3300
1998-03-24,3.979191303253174,20.9375,21.0,20.875,20.875,4400
1998-03-25,3.979191303253174,20.9375,20.9375,20.9375,20.9375,0
1998-03-26,4.014828681945801,21.125,21.1875,20.9375,20.9375,2800
1998-03-27,3.9673147201538086,20.875,21.0,20.875,21.0,5300
1998-03-30,3.9673147201538086,20.875,21.125,20.8125,20.8125,2800
1998-03-31,3.9554355144500732,20.8125,21.0625,20.8125,21.0625,4100
1998-04-01,3.979191303253174,20.9375,21.0625,20.875,21.0,1700
1998-04-02,3.9673147201538086,20.875,20.875,20.875,20.875,500
1998-04-03,3.9554355144500732,20.8125,20.8125,20.75,20.8125,5800
1998-04-06,4.002946853637695,21.0625,21.0625,20.875,21.0,5600
1998-04-07,3.967628002166748,20.5,20.5,20.5,20.5,1500
1998-04-08,3.9797232151031494,20.5625,20.6875,20.5,20.5,1400
1998-04-09,4.0039167404174805,20.6875,20.6875,20.5,20.5,1500
1998-04-13,4.0039167404174805,20.6875,20.6875,20.5625,20.5625,400
1998-04-14,3.967628002166748,20.5,20.75,20.5,20.75,3700
1998-04-15,4.016014575958252,20.75,20.9375,20.75,20.75,11600
1998-04-16,3.9555323123931885,20.4375,20.6875,20.4375,20.6875,4500
1998-04-17,4.028110027313232,20.8125,20.8125,20.5,20.625,5300
1998-04-20,4.0644001960754395,21.0,21.0,20.6875,20.75,2300
1998-04-21,4.05230188369751,20.9375,20.9375,20.6875,20.875,5000
1998-04-22,4.016014575958252,20.75,20.9375,20.75,20.9375,1700
1998-04-23,4.016014575958252,20.75,20.875,20.6875,20.875,4500
1998-04-24,4.028110027313232,20.8125,20.8125,20.75,20.75,700
1998-04-27,3.967628002166748,20.5,20.8125,20.5,20.6875,3700
1998-04-28,3.967628002166748,20.5,20.5,20.5,20.5,400
1998-04-29,4.0644001960754395,21.0,21.0625,20.875,21.0625,14600
1998-04-30,4.016014575958252,20.75,20.75,20.75,20.75,1000
1998-05-01,4.0644001960754395,21.0,21.0,20.875,20.875,600
1998-05-04,4.028110027313232,20.8125,20.9375,20.75,20.75,1900
1998-05-05,4.028110027313232,20.8125,21.0,20.625,20.75,2100
1998-05-06,4.05230188369751,20.9375,20.9375,20.8125,20.8125,2100
1998-05-07,4.040205001831055,20.875,20.9375,20.875,20.9375,900
1998-05-08,4.05230188369751,20.9375,20.9375,20.75,20.75,500
1998-05-11,4.016014575958252,20.75,21.0,20.75,20.8125,7900
1998-05-12,4.016014575958252,20.75,21.0,20.75,21.0,4700
1998-05-13,3.9918212890625,20.625,20.75,20.625,20.625,1500
1998-05-14,3.9918212890625,20.625,20.625,20.625,20.625,0
1998-05-15,3.9797232151031494,20.5625,20.75,20.5625,20.625,2300
1998-05-18,3.9555323123931885,20.4375,20.625,20.4375,20.625,1000
1998-05-19,3.967628002166748,20.5,20.625,20.5,20.625,800
1998-05-20,3.9918212890625,20.625,20.625,20.625,20.625,1300
1998-05-21,3.9918212890625,20.625,20.625,20.5625,20.5625,1000
1998-05-22,4.016014575958252,20.75,20.75,20.5,20.5625,4800
1998-05-26,3.967628002166748,20.5,20.625,20.5,20.625,1200
1998-05-27,3.967628002166748,20.5,20.5,20.5,20.5,3300
1998-05-28,4.016014575958252,20.75,20.75,20.625,20.625,1600
1998-05-29,3.9918212890625,20.625,20.875,20.625,20.625,2500
1998-06-01,3.9918212890625,20.625,20.625,20.625,20.625,800
1998-06-02,3.9797232151031494,20.5625,20.625,20.5625,20.625,4100
1998-06-03,3.9797232151031494,20.5625,20.6875,20.5625,20.5625,3300
1998-06-04,3.9918212890625,20.625,20.625,20.5625,20.5625,3600
1998-06-05,3.9797232151031494,20.5625,20.75,20.5625,20.75,1300
1998-06-08,4.028110027313232,20.8125,20.8125,20.5625,20.5625,1000
1998-06-09,4.040205001831055,20.875,20.875,20.75,20.75,3000
1998-06-10,4.016014575958252,20.75,20.9375,20.625,20.875,2900
1998-06-11,3.9918212890625,20.625,20.75,20.5625,20.6875,2600
1998-06-12,4.0039167404174805,20.6875,20.8125,20.625,20.625,5700
1998-06-15,4.209554672241211,21.75,21.75,21.0,21.125,10200
1998-06-16,4.197458267211914,21.6875,21.875,21.5,21.875,10800
1998-06-17,4.16117000579834,21.5,21.5,21.4375,21.5,2900
1998-06-18,4.136979103088379,21.375,21.5,21.3125,21.3125,7400
1998-06-19,4.0644001960754395,21.0,21.4375,21.0,21.4375,8500
1998-06-22,4.112785339355469,21.25,21.25,21.25,21.25,2200
1998-06-23,4.136979103088379,21.375,21.375,21.25,21.25,4300
1998-06-24,4.112785339355469,21.25,21.25,21.25,21.25,2800
1998-06-25,4.1006879806518555,21.1875,21.25,21.0625,21.25,3200
1998-06-26,4.1386260986328125,21.0,21.25,20.875,21.0,10800
1998-06-29,4.1139912605285645,20.875,21.1875,20.875,21.0,8100
1998-06-30,4.212529182434082,21.375,21.5,21.0,21.0,6400
1998-07-01,4.212529182434082,21.375,21.5,21.25,21.5,1600
1998-07-02,4.1386260986328125,21.0,21.3125,21.0,21.3125,2200
1998-07-06,4.1386260986328125,21.0,21.25,20.875,21.25,1000
1998-07-07,4.18789529800415,21.25,21.25,20.875,20.875,2700
1998-07-08,4.1386260986328125,21.0,21.125,21.0,21.125,5300
1998-07-09,4.126308441162109,20.9375,21.0,20.875,20.875,2300
1998-07-10,4.1386260986328125,21.0,21.0,20.875,20.875,2800
1998-07-13,4.150941848754883,21.0625,21.125,21.0,21.0,3800
1998-07-14,4.150941848754883,21.0625,21.3125,20.875,21.3125,10500
1998-07-15,4.18789529800415,21.25,21.25,21.0,21.125,6400
1998-07-16,4.212529182434082,21.375,21.5,21.25,21.5,2100
1998-07-17,4.237165451049805,21.5,21.625,21.25,21.25,3600
1998-07-20,4.237165451049805,21.5,21.5,21.5,21.5,300
1998-07-21,4.18789529800415,21.25,21.5,21.125,21.3125,3900
1998-07-22,4.1386260986328125,21.0,21.125,20.9375,21.0,5200
1998-07-23,4.1139912605285645,20.875,20.9375,20.875,20.9375,2600
1998-07-24,4.1386260986328125,21.0,21.0,21.0,21.0,1800
1998-07-27,4.1386260986328125,21.0,21.25,21.0,21.0,1600
1998-07-28,4.101672649383545,20.8125,21.0,20.75,21.0,2600
1998-07-29,4.126308441162109,20.9375,20.9375,20.75,20.75,3200
1998-07-30,4.1386260986328125,21.0,21.0,20.875,21.0,2900
1998-07-31,4.1139912605285645,20.875,20.9375,20.875,20.9375,2200
1998-08-03,4.101672649383545,20.8125,20.9375,20.8125,20.875,2800
1998-08-04,4.101672649383545,20.8125,20.8125,20.8125,20.8125,0
1998-08-05,4.150941848754883,21.0625,21.25,21.0,21.0,6700
1998-08-06,4.1139912605285645,20.875,21.0,20.875,20.875,2800
1998-08-07,4.175578594207764,21.1875,21.1875,21.0,21.0,2000
1998-08-10,4.163261890411377,21.125,21.25,21.0,21.0,2400
1998-08-11,4.101672649383545,20.8125,21.0,20.8125,21.0,1600
1998-08-12,4.1139912605285645,20.875,20.875,20.875,20.875,300
1998-08-13,4.18789529800415,21.25,21.25,21.0,21.0,1400
1998-08-14,4.163261890411377,21.125,21.25,21.125,21.25,1600
1998-08-17,4.163261890411377,21.125,21.125,21.125,21.125,0
1998-08-18,4.18789529800415,21.25,21.25,21.0625,21.0625,400
1998-08-19,4.163261890411377,21.125,21.375,21.125,21.125,1500
1998-08-20,4.212529182434082,21.375,21.4375,21.25,21.375,1900
1998-08-21,4.175578594207764,21.1875,21.3125,21.0,21.125,3200
1998-08-24,4.150941848754883,21.0625,21.125,21.0625,21.125,1100
1998-08-25,4.175578594207764,21.1875,21.25,21.0625,21.0625,700
1998-08-26,4.212529182434082,21.375,21.375,21.25,21.25,3600
1998-08-27,4.175578594207764,21.1875,21.375,21.1875,21.375,1800
1998-08-28,4.163261890411377,21.125,21.3125,21.0625,21.3125,4500
1998-08-31,4.18789529800415,21.25,21.25,21.0625,21.0625,5300
1998-09-01,4.175578594207764,21.1875,21.25,21.0625,21.0625,3500
1998-09-02,4.163261890411377,21.125,21.1875,21.0625,21.0625,5000
1998-09-03,4.212529182434082,21.375,21.625,21.1875,21.1875,6900
1998-09-04,4.237165451049805,21.5,21.6875,21.125,21.5,6200
1998-09-08,4.261801242828369,21.625,21.6875,21.25,21.375,9200
1998-09-09,4.237165451049805,21.5,21.6875,21.5,21.6875,1900
1998-09-10,4.175578594207764,21.1875,21.625,21.1875,21.4375,1600
1998-09-11,4.163261890411377,21.125,21.375,20.9375,21.125,4400
1998-09-14,4.18789529800415,21.25,21.25,21.1875,21.1875,1600
1998-09-15,4.18789529800415,21.25,21.25,21.125,21.25,1100
1998-09-16,4.286434173583984,21.75,21.75,21.25,21.25,2300
1998-09-17,4.212529182434082,21.375,21.5625,21.375,21.5625,700
1998-09-18,4.249481201171875,21.5625,21.5625,21.125,21.4375,3200
1998-09-21,4.3357038497924805,22.0,22.0,21.75,21.75,3600
1998-09-22,4.360335350036621,22.125,22.125,21.875,22.0,3000
1998-09-23,4.311069488525391,21.875,22.125,21.875,22.125,4100
1998-09-24,4.3357038497924805,22.0,22.0,21.8125,21.8125,1400
1998-09-25,4.3357038497924805,22.0,22.25,22.0,22.0,3700
1998-09-28,4.3116374015808105,21.5,21.75,21.5,21.75,3500
1998-09-29,4.361774921417236,21.75,21.8125,21.5625,21.625,4000
1998-09-30,4.336705207824707,21.625,21.625,21.625,21.625,600
1998-10-01,4.386841773986816,21.875,21.875,21.625,21.625,400
1998-10-02,4.386841773986816,21.875,21.875,21.875,21.875,200
1998-10-05,4.361774921417236,21.75,22.0,21.75,21.875,2500
1998-10-06,4.361774921417236,21.75,22.1875,21.75,22.0,3000
1998-10-07,4.361774921417236,21.75,22.0,21.625,21.625,3200
1998-10-08,4.324173927307129,21.5625,21.625,21.5625,21.625,1100
1998-10-09,4.336705207824707,21.625,21.625,21.5,21.5,1300
1998-10-12,4.386841773986816,21.875,21.875,21.875,21.875,300
1998-10-13,4.3116374015808105,21.5,21.875,21.5,21.625,4600
1998-10-14,4.261502742767334,21.25,21.375,21.125,21.375,2300
1998-10-15,4.286571502685547,21.375,21.375,21.125,21.125,1700
1998-10-16,4.3116374015808105,21.5,21.5,21.5,21.5,500
1998-10-19,4.3116374015808105,21.5,21.6875,21.5,21.625,1300
1998-10-20,4.386841773986816,21.875,21.875,21.625,21.75,4300
1998-10-21,4.386841773986816,21.875,21.875,21.875,21.875,0
1998-10-22,4.286571502685547,21.375,21.5,21.3125,21.5,5500
1998-10-23,4.3116374015808105,21.5,21.5,21.5,21.5,1400
1998-10-26,4.248969078063965,21.1875,21.375,21.125,21.375,1800
1998-10-27,4.261502742767334,21.25,21.25,21.1875,21.1875,1700
1998-10-28,4.274036407470703,21.3125,21.3125,21.1875,21.25,2900
1998-10-29,4.274036407470703,21.3125,21.3125,21.3125,21.3125,2700
1998-10-30,4.261502742767334,21.25,21.375,21.25,21.375,3400
1998-11-02,4.274036407470703,21.3125,21.3125,21.25,21.25,1100
1998-11-03,4.23643684387207,21.125,21.3125,21.0,21.3125,14900
1998-11-04,4.261502742767334,21.25,21.25,21.25,21.25,300
1998-11-05,4.261502742767334,21.25,21.25,21.125,21.25,900
1998-11-06,4.261502742767334,21.25,21.375,21.125,21.25,1700
1998-11-09,4.261502742767334,21.25,21.3125,21.125,21.125,4200
1998-11-10,4.286571502685547,21.375,21.375,21.125,21.3125,4800
1998-11-11,4.274036407470703,21.3125,21.375,21.0625,21.375,7200
1998-11-12,4.23643684387207,21.125,21.1875,21.125,21.1875,600
1998-11-13,4.2238993644714355,21.0625,21.125,21.0625,21.125,1800
1998-11-16,4.23643684387207,21.125,21.25,21.0625,21.125,4500
1998-11-17,4.261502742767334,21.25,21.3125,21.125,21.25,6800
1998-11-18,4.248969078063965,21.1875,21.25,21.0625,21.125,5500
1998-11-19,4.261502742767334,21.25,21.25,21.125,21.25,2000
1998-11-20,4.261502742767334,21.25,21.25,21.125,21.125,3300
1998-11-23,4.261502742767334,21.25,21.3125,21.1875,21.3125,2300
1998-11-24,4.248969078063965,21.1875,21.3125,21.125,21.3125,8400
1998-11-25,4.261502742767334,21.25,21.25,21.125,21.125,1300
1998-11-27,4.261502742767334,21.25,21.25,21.25,21.25,0
1998-11-30,4.23643684387207,21.125,21.25,21.125,21.25,5600
1998-12-01,4.274036407470703,21.3125,21.3125,21.25,21.25,2000
1998-12-02,4.23643684387207,21.125,21.125,21.125,21.125,800
1998-12-03,4.261502742767334,21.25,21.25,21.125,21.125,200
1998-12-04,4.286571502685547,21.375,21.4375,21.25,21.3125,2700
1998-12-07,4.286571502685547,21.375,21.375,21.25,21.25,2400
1998-12-08,4.261502742767334,21.25,21.3125,21.25,21.25,2300
1998-12-09,4.286571502685547,21.375,21.375,21.25,21.3125,3500
1998-12-10,4.299106121063232,21.4375,21.5,21.25,21.25,7900
1998-12-11,4.286571502685547,21.375,21.5,21.3125,21.4375,13100
1998-12-14,4.3116374015808105,21.5,21.5,21.375,21.5,4400
1998-12-15,4.3116374015808105,21.5,21.625,21.25,21.625,7600
1998-12-16,4.299106121063232,21.4375,21.625,21.4375,21.625,7600
1998-12-17,4.286571502685547,21.375,21.5625,21.375,21.4375,1900
1998-12-18,4.3116374015808105,21.5,21.5,21.25,21.5,7100
1998-12-21,4.299106121063232,21.4375,21.625,21.375,21.5,1500
1998-12-22,4.324173927307129,21.5625,21.5625,21.3125,21.3125,2100
1998-12-23,4.286571502685547,21.375,21.625,21.375,21.5625,2600
1998-12-24,4.349240303039551,21.6875,21.75,21.625,21.625,2300
1998-12-28,4.324173927307129,21.5625,21.5625,21.5625,21.5625,200
1998-12-29,4.350709915161133,21.3125,21.375,21.1875,21.25,6400
1998-12-30,4.363470554351807,21.375,21.625,21.375,21.5,1500
1998-12-31,4.337950229644775,21.25,21.4375,21.25,21.25,2400
1999-01-04,4.312435150146484,21.125,21.375,21.125,21.375,2000
1999-01-05,4.312435150146484,21.125,21.125,21.125,21.125,1200
1999-01-06,4.248637676239014,20.8125,21.0625,20.75,21.0,4200
1999-01-07,4.274157524108887,20.9375,20.9375,20.75,20.75,2100
1999-01-08,4.274157524108887,20.9375,21.0625,20.75,21.0625,1800
1999-01-11,4.261399745941162,20.875,21.0625,20.875,21.0,1800
1999-01-12,4.261399745941162,20.875,21.0,20.8125,20.8125,4200
1999-01-13,4.274157524108887,20.9375,20.9375,20.875,20.875,2100
1999-01-14,4.286917209625244,21.0,21.0,21.0,21.0,1600
1999-01-15,4.274157524108887,20.9375,21.0625,20.9375,21.0625,1800
1999-01-19,4.286917209625244,21.0,21.0,20.9375,20.9375,1100
1999-01-20,4.274157524108887,20.9375,21.0,20.9375,20.9375,2800
1999-01-21,4.286917209625244,21.0,21.0,21.0,21.0,1300
1999-01-22,4.286917209625244,21.0,21.0625,21.0,21.0,3000
1999-01-25,4.286917209625244,21.0,21.0625,21.0,21.0625,4300
1999-01-26,4.312435150146484,21.125,21.25,21.0,21.0,11600
1999-01-27,4.312435150146484,21.125,21.3125,21.125,21.25,6300
1999-01-28,4.312435150146484,21.125,21.25,21.125,21.1875,1000
1999-01-29,4.312435150146484,21.125,21.125,21.125,21.125,2600
1999-02-01,4.325192928314209,21.1875,21.1875,21.125,21.125,900
1999-02-02,4.299673080444336,21.0625,21.25,21.0625,21.125,6800
1999-02-03,4.325192928314209,21.1875,21.1875,21.0625,21.1875,2600
1999-02-04,4.363470554351807,21.375,21.375,21.125,21.1875,5400
1999-02-05,4.337950229644775,21.25,21.375,21.25,21.3125,1700
1999-02-08,4.325192928314209,21.1875,21.25,21.1875,21.25,1200
1999-02-09,4.350709915161133,21.3125,21.3125,21.1875,21.3125,400
1999-02-10,4.299673080444336,21.0625,21.1875,21.0625,21.1875,2400
1999-02-11,4.299673080444336,21.0625,21.1875,21.0625,21.1875,1600
1999-02-12,4.286917209625244,21.0,21.0625,21.0,21.0625,2300
1999-02-16,4.286917209625244,21.0,21.125,21.0,21.0625,2200
1999-02-17,4.286917209625244,21.0,21.125,21.0,21.125,2300
1999-02-18,4.312435150146484,21.125,21.125,21.125,21.125,1000
1999-02-19,4.325192928314209,21.1875,21.1875,21.0625,21.125,6400
1999-02-22,4.350709915161133,21.3125,21.3125,21.0625,21.0625,2500
1999-02-23,4.325192928314209,21.1875,21.1875,21.1875,21.1875,700
1999-02-24,4.325192928314209,21.1875,21.3125,21.1875,21.1875,5200
1999-02-25,4.286917209625244,21.0,21.1875,21.0,21.1875,2700
1999-02-26,4.286917209625244,21.0,21.0,21.0,21.0,500
1999-03-01,4.299673080444336,21.0625,21.0625,20.9375,21.0,5100
1999-03-02,4.299673080444336,21.0625,21.0625,21.0,21.0,2600
1999-03-03,4.299673080444336,21.0625,21.0625,21.0,21.0,1600
1999-03-04,4.261399745941162,20.875,21.0,20.875,21.0,9400
1999-03-05,4.261399745941162,20.875,20.875,20.875,20.875,500
1999-03-08,4.261399745941162,20.875,21.0,20.875,21.0,1400
1999-03-09,4.197606086730957,20.5625,21.0,20.5,21.0,10000
1999-03-10,4.210363388061523,20.625,20.625,20.5,20.625,600
1999-03-11,4.197606086730957,20.5625,20.625,20.5,20.5,1400
1999-03-12,4.184848308563232,20.5,20.6875,20.5,20.5625,11300
1999-03-15,4.210363388061523,20.625,20.75,20.5,20.75,17100
1999-03-16,4.223124027252197,20.6875,20.6875,20.5625,20.6875,3900
1999-03-17,4.210363388061523,20.625,20.6875,20.625,20.6875,1500
1999-03-18,4.2358808517456055,20.75,20.75,20.625,20.625,1300
1999-03-19,4.210363388061523,20.625,20.8125,20.625,20.8125,12100
1999-03-22,4.223124027252197,20.6875,20.875,20.6875,20.75,3200
1999-03-23,4.223124027252197,20.6875,20.6875,20.6875,20.6875,100
1999-03-24,4.248637676239014,20.8125,20.8125,20.625,20.625,2700
1999-03-25,4.248637676239014,20.8125,20.875,20.75,20.875,1200
1999-03-26,4.2358808517456055,20.75,20.75,20.625,20.6875,3400
1999-03-29,4.210363388061523,20.625,20.625,20.625,20.625,1600
1999-03-30,4.210363388061523,20.625,20.6875,20.5,20.6875,5500
1999-03-31,4.223124027252197,20.6875,20.75,20.5625,20.5625,4300
1999-04-01,4.223124027252197,20.6875,20.6875,20.5625,20.5625,3700
1999-04-05,4.2358808517456055,20.75,20.75,20.6875,20.6875,5200
1999-04-06,4.2239251136779785,20.3125,20.5,20.125,20.4375,3200
1999-04-07,4.210930347442627,20.25,20.4375,20.1875,20.1875,2100
1999-04-08,4.210930347442627,20.25,20.25,20.125,20.125,1700
1999-04-09,4.210930347442627,20.25,20.375,20.25,20.375,1300
1999-04-12,4.262913703918457,20.5,20.5,20.1875,20.3125,3100
1999-04-13,4.210930347442627,20.25,20.5,20.25,20.375,4300
1999-04-14,4.2239251136779785,20.3125,20.4375,20.25,20.25,1500
1999-04-15,4.2239251136779785,20.3125,20.3125,20.25,20.25,1700
1999-04-16,4.249918460845947,20.4375,20.4375,20.375,20.375,3400
1999-04-19,4.249918460845947,20.4375,20.5625,20.4375,20.5625,2300
1999-04-20,4.249918460845947,20.4375,20.625,20.4375,20.625,3200
1999-04-21,4.249918460845947,20.4375,20.5,20.4375,20.5,3500
1999-04-22,4.275911808013916,20.5625,20.5625,20.375,20.375,3700
1999-04-23,4.275911808013916,20.5625,20.5625,20.375,20.375,5600
1999-04-26,4.236922264099121,20.375,20.5625,20.375,20.375,3000
1999-04-27,4.249918460845947,20.4375,20.5625,20.4375,20.5,6400
1999-04-28,4.262913703918457,20.5,20.5,20.375,20.375,2900
1999-04-29,4.275911808013916,20.5625,20.5625,20.5,20.5,3200
1999-04-30,4.262913703918457,20.5,20.625,20.5,20.625,2600
1999-05-03,4.262913703918457,20.5,20.5625,20.375,20.5625,2300
1999-05-04,4.288907527923584,20.625,20.625,20.5,20.5,6100
1999-05-05,4.288907527923584,20.625,20.6875,20.625,20.625,3900
1999-05-06,4.275911808013916,20.5625,20.625,20.5625,20.625,2200
1999-05-07,4.275911808013916,20.5625,20.8125,20.5625,20.5625,4300
1999-05-10,4.275911808013916,20.5625,20.75,20.5625,20.75,6500
1999-05-11,4.301905155181885,20.6875,20.75,20.5625,20.625,3400
1999-05-12,4.288907527923584,20.625,20.75,20.5625,20.625,2000
1999-05-13,4.288907527923584,20.625,20.75,20.625,20.75,1100
1999-05-14,4.262913703918457,20.5,20.5,20.5,20.5,1100
1999-05-17,4.249918460845947,20.4375,20.6875,20.4375,20.6875,4600
1999-05-18,4.262913703918457,20.5,20.625,20.375,20.4375,5400
1999-05-19,4.275911808013916,20.5625,20.5625,20.5,20.5,700
1999-05-20,4.249918460845947,20.4375,20.5625,20.4375,20.5,2000
1999-05-21,4.275911808013916,20.5625,20.5625,20.4375,20.4375,200
1999-05-24,4.249918460845947,20.4375,20.5625,20.4375,20.5,4700
1999-05-25,4.262913703918457,20.5,20.5625,20.375,20.5625,4200
1999-05-26,4.2239251136779785,20.3125,20.3125,20.3125,20.3125,1600
1999-05-27,4.197931289672852,20.1875,20.375,20.1875,20.3125,5100
1999-05-28,4.184935092926025,20.125,20.1875,20.125,20.1875,1000
1999-06-01,4.2239251136779785,20.3125,20.3125,20.0,20.125,1500
1999-06-02,4.2239251136779785,20.3125,20.3125,20.1875,20.1875,700
1999-06-03,4.106954574584961,19.75,20.125,19.75,20.0625,5500
1999-06-04,4.106954574584961,19.75,19.9375,19.75,19.8125,11900
1999-06-07,4.106954574584961,19.75,19.875,19.6875,19.75,7600
1999-06-08,4.067964553833008,19.5625,19.625,19.5625,19.5625,4200
1999-06-09,4.093958854675293,19.6875,19.6875,19.5625,19.6875,2300
1999-06-10,4.106954574584961,19.75,19.8125,19.75,19.8125,1200
1999-06-11,4.119951248168945,19.8125,19.8125,19.8125,19.8125,500
1999-06-14,4.106954574584961,19.75,19.8125,19.75,19.75,800
1999-06-15,4.132946968078613,19.875,19.875,19.875,19.875,1700
1999-06-16,4.132946968078613,19.875,19.9375,19.8125,19.8125,1300
1999-06-17,4.119951248168945,19.8125,19.9375,19.8125,19.9375,4500
1999-06-18,4.132946968078613,19.875,20.0625,19.8125,19.8125,5000
1999-06-21,4.132946968078613,19.875,19.875,19.875,19.875,0
1999-06-22,4.1459455490112305,19.9375,19.9375,19.75,19.9375,1500
1999-06-23,4.119951248168945,19.8125,19.875,19.8125,19.875,1300
1999-06-24,4.171938896179199,20.0625,20.0625,19.875,19.875,4400
1999-06-25,4.158942222595215,20.0,20.0,20.0,20.0,600
1999-06-28,4.119951248168945,19.8125,19.9375,19.8125,19.9375,2200
1999-06-29,4.132946968078613,19.875,19.9375,19.875,19.875,3800
1999-06-30,4.132946968078613,19.875,19.9375,19.875,19.9375,4300
1999-07-01,4.183361053466797,19.75,19.75,19.5625,19.625,700
1999-07-02,4.183361053466797,19.75,19.75,19.5,19.625,3300
1999-07-06,4.1568827629089355,19.625,19.75,19.625,19.75,1600
1999-07-07,4.130406856536865,19.5,19.625,19.5,19.625,1400
1999-07-08,4.1568827629089355,19.625,19.75,19.5625,19.625,1600
1999-07-09,4.1701226234436035,19.6875,19.6875,19.5,19.625,2400
1999-07-12,4.117168426513672,19.4375,19.8125,19.4375,19.625,8200
1999-07-13,4.1701226234436035,19.6875,19.6875,19.4375,19.5,4700
1999-07-14,4.143646240234375,19.5625,19.5625,19.5625,19.5625,500
1999-07-15,4.143646240234375,19.5625,19.75,19.5625,19.625,3900
1999-07-16,4.130406856536865,19.5,19.625,19.5,19.5625,2100
1999-07-19,4.117168426513672,19.4375,19.5,19.4375,19.5,2400
1999-07-20,4.064213752746582,19.1875,19.25,19.1875,19.1875,5300
1999-07-21,4.103928565979004,19.375,19.375,19.1875,19.1875,3900
1999-07-22,4.090690612792969,19.3125,19.4375,19.25,19.4375,3600
1999-07-23,4.077450752258301,19.25,19.3125,19.25,19.3125,2200
1999-07-26,3.984783887863159,18.8125,19.25,18.8125,19.1875,12800
1999-07-27,3.998021364212036,18.875,18.875,18.6875,18.6875,2800
1999-07-28,3.984783887863159,18.8125,18.875,18.8125,18.875,1700
1999-07-29,3.971545696258545,18.75,18.875,18.75,18.875,2700
1999-07-30,3.9318294525146484,18.5625,18.75,18.5625,18.75,1400
1999-08-02,3.9450671672821045,18.625,18.75,18.5,18.6875,4600
1999-08-03,3.984783887863159,18.8125,18.8125,18.6875,18.6875,8800
1999-08-04,3.971545696258545,18.75,18.8125,18.75,18.8125,4800
1999-08-05,3.984783887863159,18.8125,18.8125,18.75,18.75,4700
1999-08-06,3.9450671672821045,18.625,18.8125,18.625,18.8125,2200
1999-08-09,3.971545696258545,18.75,18.75,18.625,18.6875,4600
1999-08-10,3.9318294525146484,18.5625,18.6875,18.5625,18.6875,7300
1999-08-11,3.9185898303985596,18.5,18.625,18.5,18.625,1800
1999-08-12,3.892115354537964,18.375,18.5,18.375,18.5,5300
1999-08-13,3.9185898303985596,18.5,18.5,18.375,18.375,3800
1999-08-16,3.90535306930542,18.4375,18.4375,18.3125,18.375,4800
1999-08-17,3.8523998260498047,18.1875,18.375,18.1875,18.375,8800
1999-08-18,3.865638494491577,18.25,18.3125,18.125,18.125,3900
1999-08-19,3.865638494491577,18.25,18.3125,18.25,18.3125,700
1999-08-20,3.8523998260498047,18.1875,18.3125,18.1875,18.25,2300
1999-08-23,3.8523998260498047,18.1875,18.3125,18.1875,18.1875,1800
1999-08-24,3.865638494491577,18.25,18.3125,18.25,18.3125,7500
1999-08-25,3.892115354537964,18.375,18.375,18.1875,18.3125,6500
1999-08-26,3.892115354537964,18.375,18.375,18.125,18.25,5400
1999-08-27,3.865638494491577,18.25,18.3125,18.25,18.3125,2400
1999-08-30,3.839160919189453,18.125,18.25,18.125,18.1875,7200
1999-08-31,3.8259217739105225,18.0625,18.125,18.0625,18.125,3700
1999-09-01,3.839160919189453,18.125,18.125,18.0,18.0625,6700
1999-09-02,3.812682867050171,18.0,18.125,18.0,18.125,2700
1999-09-03,3.839160919189453,18.125,18.125,18.125,18.125,3100
1999-09-07,3.8259217739105225,18.0625,18.125,18.0625,18.0625,1900
1999-09-08,3.839160919189453,18.125,18.1875,18.125,18.125,7400
1999-09-09,3.8259217739105225,18.0625,18.125,18.0625,18.125,1400
1999-09-10,3.839160919189453,18.125,18.125,18.0625,18.0625,2800
1999-09-13,3.8259217739105225,18.0625,18.0625,18.0625,18.0625,2500
1999-09-14,3.786205291748047,17.875,18.125,17.875,18.125,3600
1999-09-15,3.812682867050171,18.0,18.0625,18.0,18.0,900
1999-09-16,3.7332539558410645,17.625,17.75,17.625,17.75,6500
1999-09-17,3.7597274780273438,17.75,18.0,17.75,17.75,6400
1999-09-20,3.7597274780273438,17.75,17.875,17.75,17.75,4500
1999-09-21,3.7597274780273438,17.75,17.875,17.75,17.75,3200
1999-09-22,3.7597274780273438,17.75,17.875,17.75,17.875,2700
1999-09-23,3.746490240097046,17.6875,17.875,17.6875,17.75,3700
1999-09-24,3.706775665283203,17.5,17.625,17.5,17.625,3000
1999-09-27,3.7332539558410645,17.625,17.625,17.25,17.25,7900
1999-09-28,3.7306575775146484,17.25,17.5,17.25,17.25,1000
1999-09-29,3.744171619415283,17.3125,17.375,17.125,17.125,5100
1999-09-30,3.7847237586975098,17.5,17.5,17.375,17.375,6400
1999-10-01,3.7712059020996094,17.4375,17.5625,17.4375,17.5,4600
1999-10-04,3.7982397079467773,17.5625,17.5625,17.3125,17.4375,9800
1999-10-05,3.7847237586975098,17.5,17.5625,17.5,17.5625,9800
1999-10-06,3.8117575645446777,17.625,17.625,17.5,17.5,5700
1999-10-07,3.7171382904052734,17.1875,17.5,17.1875,17.5,10400
1999-10-08,3.744171619415283,17.3125,17.3125,17.125,17.1875,5800
1999-10-11,3.744171619415283,17.3125,17.3125,17.3125,17.3125,0
1999-10-12,3.7306575775146484,17.25,17.3125,17.25,17.3125,2100
1999-10-13,3.7306575775146484,17.25,17.25,17.125,17.125,3400
1999-10-14,3.7306575775146484,17.25,17.25,17.1875,17.1875,2100
1999-10-15,3.7036237716674805,17.125,17.1875,17.125,17.1875,3700
1999-10-18,3.64955472946167,16.875,17.0625,16.75,17.0625,4600
1999-10-19,3.6765894889831543,17.0,17.1875,16.8125,16.875,8800
1999-10-20,3.64955472946167,16.875,16.875,16.875,16.875,2000
1999-10-21,3.6630728244781494,16.9375,17.0625,16.9375,16.9375,8100
1999-10-22,3.6630728244781494,16.9375,16.9375,16.9375,16.9375,1300
1999-10-25,3.62252140045166,16.75,16.875,16.75,16.875,6700
1999-10-26,3.62252140045166,16.75,16.75,16.75,16.75,0
1999-10-27,3.62252140045166,16.75,16.75,16.625,16.75,4600
1999-10-28,3.6901042461395264,17.0625,17.0625,16.875,16.875,5400
1999-10-29,3.6765894889831543,17.0,17.0,17.0,17.0,200
1999-11-01,3.6765894889831543,17.0,17.0625,17.0,17.0625,2700
1999-11-02,3.6901042461395264,17.0625,17.1875,17.0625,17.0625,3800
1999-11-03,3.6901042461395264,17.0625,17.1875,17.0625,17.125,900
1999-11-04,3.7036237716674805,17.125,17.25,17.125,17.1875,6800
1999-11-05,3.7171382904052734,17.1875,17.375,17.1875,17.25,7200
1999-11-08,3.7306575775146484,17.25,17.3125,17.25,17.25,7200
1999-11-09,3.757689952850342,17.375,17.4375,17.25,17.3125,9500
1999-11-10,3.7306575775146484,17.25,17.4375,17.25,17.4375,9700
1999-11-11,3.6901042461395264,17.0625,17.3125,17.0625,17.3125,3600
1999-11-12,3.7171382904052734,17.1875,17.25,17.125,17.125,2400
1999-11-15,3.7036237716674805,17.125,17.125,17.0625,17.0625,6400
1999-11-16,3.6901042461395264,17.0625,17.1875,17.0625,17.125,4500
1999-11-17,3.6630728244781494,16.9375,17.0,16.875,17.0,5700
1999-11-18,3.6765894889831543,17.0,17.0625,16.875,16.9375,6400
1999-11-19,3.62252140045166,16.75,17.0,16.75,17.0,6000
1999-11-22,3.636037826538086,16.8125,16.875,16.75,16.75,5300
1999-11-23,3.62252140045166,16.75,16.8125,16.75,16.8125,11800
1999-11-24,3.636037826538086,16.8125,16.875,16.8125,16.8125,5300
1999-11-26,3.62252140045166,16.75,16.875,16.75,16.75,2900
1999-11-29,3.5279037952423096,16.3125,16.8125,16.25,16.8125,19900
1999-11-30,3.5549368858337402,16.4375,16.6875,16.375,16.375,7900
1999-12-01,3.5684545040130615,16.5,16.5625,16.5,16.5625,3900
1999-12-02,3.5549368858337402,16.4375,16.625,16.4375,16.5,5900
1999-12-03,3.5819709300994873,16.5625,16.6875,16.5,16.5,3100
1999-12-06,3.5684545040130615,16.5,16.625,16.5,16.625,12200
1999-12-07,3.5819709300994873,16.5625,16.625,16.5,16.5625,5200
1999-12-08,3.5684545040130615,16.5,16.5625,16.4375,16.5,12400
1999-12-09,3.5819709300994873,16.5625,16.5625,16.4375,16.5,13400
1999-12-10,3.5684545040130615,16.5,16.625,16.5,16.625,7500
1999-12-13,3.5819709300994873,16.5625,16.5625,16.5625,16.5625,7700
1999-12-14,3.5684545040130615,16.5,16.5,16.4375,16.5,18200
1999-12-15,3.5684545040130615,16.5,16.5,16.4375,16.4375,10100
1999-12-16,3.5684545040130615,16.5,16.5,16.375,16.4375,7700
1999-12-17,3.5684545040130615,16.5,16.5625,16.375,16.4375,9100
1999-12-20,3.5684545040130615,16.5,16.5,16.4375,16.4375,15600
1999-12-21,3.5414204597473145,16.375,16.5625,16.375,16.5625,18100
1999-12-22,3.5549368858337402,16.4375,16.4375,16.3125,16.375,5600
1999-12-23,3.5549368858337402,16.4375,16.4375,16.3125,16.375,11600
1999-12-27,3.5549368858337402,16.4375,16.5,16.4375,16.4375,12800
1999-12-28,3.5661048889160156,16.125,16.1875,16.0625,16.125,5500
1999-12-29,3.5661048889160156,16.125,16.1875,16.125,16.125,9100
1999-12-30,3.5799291133880615,16.1875,16.1875,16.0625,16.125,10000
1999-12-31,3.5799291133880615,16.1875,16.1875,16.125,16.125,1200
2000-01-03,3.5661048889160156,16.125,16.125,16.0625,16.0625,4100
2000-01-04,3.538461208343506,16.0,16.25,16.0,16.125,22100
2000-01-05,3.552283763885498,16.0625,16.1875,16.0625,16.0625,8300
2000-01-06,3.5661048889160156,16.125,16.1875,16.125,16.1875,4300
2000-01-07,3.635218381881714,16.4375,16.4375,16.125,16.125,16200
2000-01-10,3.635218381881714,16.4375,16.5,16.3125,16.3125,3400
2000-01-11,3.6213948726654053,16.375,16.5,16.3125,16.4375,6400
2000-01-12,3.635218381881714,16.4375,16.5,16.375,16.375,800
2000-01-13,3.635218381881714,16.4375,16.4375,16.4375,16.4375,2600
2000-01-14,3.635218381881714,16.4375,16.5625,16.4375,16.4375,6200
2000-01-18,3.649038553237915,16.5,16.5,16.4375,16.4375,6000
2000-01-19,3.635218381881714,16.4375,16.4375,16.4375,16.4375,1100
2000-01-20,3.649038553237915,16.5,16.5,16.4375,16.5,4000
2000-01-21,3.6766815185546875,16.625,16.625,16.5625,16.625,5900
2000-01-24,3.662860155105591,16.5625,16.625,16.5,16.625,5800
2000-01-25,3.6766815185546875,16.625,16.75,16.5625,16.5625,16300
2000-01-26,3.690504312515259,16.6875,16.75,16.6875,16.75,21400
2000-01-27,3.690504312515259,16.6875,16.6875,16.6875,16.6875,900
2000-01-28,3.7043263912200928,16.75,16.75,16.6875,16.6875,5800
2000-01-31,3.690504312515259,16.6875,16.6875,16.6875,16.6875,300
2000-02-01,3.718149423599243,16.8125,16.8125,16.6875,16.6875,1700
2000-02-02,3.690504312515259,16.6875,16.75,16.6875,16.75,1100
2000-02-03,3.7319722175598145,16.875,16.9375,16.8125,16.8125,2600
2000-02-04,3.7319722175598145,16.875,16.9375,16.8125,16.8125,900
2000-02-07,3.7319722175598145,16.875,17.0,16.875,17.0,3800
2000-02-08,3.745793342590332,16.9375,17.0,16.9375,16.9375,2600
2000-02-09,3.745793342590332,16.9375,17.0,16.9375,16.9375,1500
2000-02-10,3.7596166133880615,17.0,17.0625,17.0,17.0625,3500
2000-02-11,3.773437261581421,17.0625,17.0625,17.0,17.0,800
2000-02-14,3.773437261581421,17.0625,17.0625,17.0,17.0625,2200
2000-02-15,3.745793342590332,16.9375,17.0625,16.9375,17.0,3400
2000-02-16,3.745793342590332,16.9375,16.9375,16.9375,16.9375,3800
2000-02-17,3.7319722175598145,16.875,16.9375,16.875,16.9375,1100
2000-02-18,3.718149423599243,16.8125,16.8125,16.8125,16.8125,1100
2000-02-22,3.7319722175598145,16.875,16.875,16.8125,16.8125,2900
2000-02-23,3.718149423599243,16.8125,16.8125,16.8125,16.8125,2500
2000-02-24,3.718149423599243,16.8125,16.8125,16.8125,16.8125,0
2000-02-25,3.718149423599243,16.8125,16.8125,16.8125,16.8125,2700
2000-02-28,3.718149423599243,16.8125,16.8125,16.75,16.8125,2900
2000-02-29,3.718149423599243,16.8125,16.8125,16.8125,16.8125,2600
2000-03-01,3.7043263912200928,16.75,16.75,16.75,16.75,1500
2000-03-02,3.718149423599243,16.8125,16.8125,16.75,16.75,1900
2000-03-03,3.718149423599243,16.8125,16.875,16.8125,16.8125,3400
2000-03-06,3.718149423599243,16.8125,16.875,16.8125,16.875,4200
2000-03-07,3.718149423599243,16.8125,16.875,16.8125,16.8125,2200
2000-03-08,3.7043263912200928,16.75,16.8125,16.75,16.75,8500
2000-03-09,3.7043263912200928,16.75,16.8125,16.75,16.75,9600
2000-03-10,3.7319722175598145,16.875,16.875,16.75,16.75,4200
2000-03-13,3.718149423599243,16.8125,16.875,16.75,16.8125,7700
2000-03-14,3.690504312515259,16.6875,16.75,16.6875,16.75,1400
2000-03-15,3.718149423599243,16.8125,16.8125,16.6875,16.6875,2400
2000-03-16,3.7043263912200928,16.75,16.75,16.75,16.75,4700
2000-03-17,3.718149423599243,16.8125,16.8125,16.75,16.75,7700
2000-03-20,3.718149423599243,16.8125,16.875,16.8125,16.875,3000
2000-03-21,3.718149423599243,16.8125,16.875,16.8125,16.8125,1700
2000-03-22,3.718149423599243,16.8125,16.875,16.8125,16.8125,4000
2000-03-23,3.7319722175598145,16.875,16.9375,16.8125,16.8125,4900
2000-03-24,3.7319722175598145,16.875,16.9375,16.875,16.9375,3100
2000-03-27,3.718149423599243,16.8125,16.875,16.8125,16.8125,6900
2000-03-28,3.745793342590332,16.9375,16.9375,16.8125,16.8125,1500
2000-03-29,3.718149423599243,16.8125,16.9375,16.8125,16.9375,4000
2000-03-30,3.745793342590332,16.9375,16.9375,16.8125,16.8125,2300
2000-03-31,3.7319722175598145,16.875,16.9375,16.875,16.875,4000
2000-04-03,3.745793342590332,16.9375,16.9375,16.875,16.9375,3400
2000-04-04,3.785454273223877,16.75,16.75,16.6875,16.75,6800
2000-04-05,3.785454273223877,16.75,16.75,16.6875,16.6875,4300
2000-04-06,3.813707113265991,16.875,16.875,16.8125,16.8125,2600
2000-04-07,3.813707113265991,16.875,16.9375,16.875,16.875,2600
2000-04-10,3.813707113265991,16.875,16.9375,16.875,16.875,800
2000-04-11,3.813707113265991,16.875,17.0,16.875,16.9375,6200
2000-04-12,3.7995808124542236,16.8125,16.9375,16.8125,16.9375,1900
2000-04-13,3.785454273223877,16.75,16.8125,16.75,16.8125,700
2000-04-14,3.785454273223877,16.75,16.75,16.75,16.75,4800
2000-04-17,3.7713310718536377,16.6875,16.75,16.6875,16.75,1800
2000-04-18,3.7713310718536377,16.6875,16.75,16.6875,16.6875,4300
2000-04-19,3.74308180809021,16.5625,16.6875,16.5625,16.6875,1700
2000-04-20,3.7713310718536377,16.6875,16.6875,16.625,16.625,1100
2000-04-24,3.75720477104187,16.625,16.625,16.4375,16.625,18700
2000-04-25,3.75720477104187,16.625,16.6875,16.5625,16.5625,5600
2000-04-26,3.74308180809021,16.5625,16.5625,16.5625,16.5625,1100
2000-04-27,3.7148337364196777,16.4375,16.5625,16.375,16.5625,9700
2000-04-28,3.7148337364196777,16.4375,16.5,16.375,16.375,4100
2000-05-01,3.7148337364196777,16.4375,16.5,16.4375,16.4375,600
2000-05-02,3.7148337364196777,16.4375,16.5,16.375,16.375,3700
2000-05-03,3.7148337364196777,16.4375,16.4375,16.375,16.375,1600
2000-05-04,3.7148337364196777,16.4375,16.4375,16.375,16.4375,800
2000-05-05,3.686581611633301,16.3125,16.375,16.25,16.375,2800
2000-05-08,3.658332347869873,16.1875,16.3125,16.1875,16.3125,1200
2000-05-09,3.658332347869873,16.1875,16.3125,16.1875,16.25,18200
2000-05-10,3.658332347869873,16.1875,16.25,16.125,16.25,5000
2000-05-11,3.6442055702209473,16.125,16.1875,16.0625,16.125,19000
2000-05-12,3.6442055702209473,16.125,16.25,16.125,16.1875,6600
2000-05-15,3.6442055702209473,16.125,16.125,16.125,16.125,0
2000-05-16,3.658332347869873,16.1875,16.1875,16.125,16.125,4500
2000-05-17,3.6724560260772705,16.25,16.25,16.25,16.25,5200
2000-05-18,3.658332347869873,16.1875,16.1875,16.1875,16.1875,4700
2000-05-19,3.658332347869873,16.1875,16.1875,16.1875,16.1875,100
2000-05-22,3.6442055702209473,16.125,16.25,16.125,16.25,1600
2000-05-23,3.6442055702209473,16.125,16.1875,16.125,16.125,8700
2000-05-24,3.6442055702209473,16.125,16.1875,16.0625,16.125,2400
2000-05-25,3.6442055702209473,16.125,16.125,16.125,16.125,100
2000-05-26,3.6724560260772705,16.25,16.25,16.25,16.25,300
2000-05-30,3.658332347869873,16.1875,16.25,16.125,16.1875,1600
2000-05-31,3.686581611633301,16.3125,16.3125,16.1875,16.1875,5500
2000-06-01,3.7289559841156006,16.5,16.5,16.3125,16.375,14700
2000-06-02,3.7995808124542236,16.8125,16.9375,16.5625,16.5625,17400
2000-06-05,3.7995808124542236,16.8125,16.875,16.75,16.8125,6300
2000-06-06,3.813707113265991,16.875,16.875,16.8125,16.8125,8900
2000-06-07,3.8278310298919678,16.9375,16.9375,16.875,16.875,4400
2000-06-08,3.813707113265991,16.875,16.9375,16.875,16.9375,2200
2000-06-09,3.8278310298919678,16.9375,17.0,16.875,16.875,2600
2000-06-12,3.8419554233551025,17.0,17.0,17.0,17.0,2200
2000-06-13,3.8702049255371094,17.125,17.125,17.0,17.0,4300
2000-06-14,3.8560798168182373,17.0625,17.125,17.0625,17.125,4100
2000-06-15,3.8702049255371094,17.125,17.125,17.0625,17.0625,6900
2000-06-16,3.8702049255371094,17.125,17.125,17.125,17.125,0
2000-06-19,3.898454427719116,17.25,17.375,17.125,17.125,15500
2000-06-20,3.898454427719116,17.25,17.25,17.25,17.25,2200
2000-06-21,3.898454427719116,17.25,17.4375,17.25,17.25,5100
2000-06-22,3.9267032146453857,17.375,17.375,17.25,17.25,6400
2000-06-23,3.912578821182251,17.3125,17.375,17.3125,17.375,400
2000-06-26,3.940831184387207,17.4375,17.4375,17.3125,17.3125,2700
2000-06-27,3.940831184387207,17.4375,17.4375,17.4375,17.4375,700
2000-06-28,3.940831184387207,17.4375,17.5,17.375,17.375,26900
2000-06-29,3.940831184387207,17.4375,17.4375,17.4375,17.4375,2900
2000-06-30,3.954954147338867,17.5,17.5,17.4375,17.4375,4500
2000-07-03,3.940831184387207,17.4375,17.4375,17.4375,17.4375,1400
2000-07-05,3.952484607696533,17.125,17.1875,17.125,17.125,2200
2000-07-06,3.981334686279297,17.25,17.25,17.125,17.125,10400
2000-07-07,3.9669084548950195,17.1875,17.25,17.1875,17.1875,3600
2000-07-10,3.9669084548950195,17.1875,17.25,17.1875,17.25,3700
2000-07-11,3.952484607696533,17.125,17.1875,17.125,17.1875,4600
2000-07-12,3.952484607696533,17.125,17.1875,17.125,17.1875,1800
2000-07-13,3.9669084548950195,17.1875,17.25,17.125,17.125,3000
2000-07-14,3.952484607696533,17.125,17.25,17.125,17.25,8800
2000-07-17,3.952484607696533,17.125,17.1875,17.125,17.125,3500
2000-07-18,3.952484607696533,17.125,17.125,17.125,17.125,0
2000-07-19,3.9669084548950195,17.1875,17.1875,17.125,17.1875,3600
2000-07-20,3.952484607696533,17.125,17.125,17.125,17.125,1700
2000-07-21,3.9669084548950195,17.1875,17.1875,17.125,17.125,2800
2000-07-24,3.952484607696533,17.125,17.125,17.125,17.125,2100
2000-07-25,3.952484607696533,17.125,17.125,17.125,17.125,800
2000-07-26,3.952484607696533,17.125,17.1875,17.0625,17.125,6700
2000-07-27,3.952484607696533,17.125,17.125,17.0625,17.125,5200
2000-07-28,3.9669084548950195,17.1875,17.1875,17.125,17.125,6700
2000-07-31,3.9669084548950195,17.1875,17.25,17.1875,17.1875,900
2000-08-01,3.9669084548950195,17.1875,17.25,17.1875,17.25,1400
2000-08-02,3.9669084548950195,17.1875,17.1875,17.1875,17.1875,3400
2000-08-03,3.981334686279297,17.25,17.3125,17.1875,17.1875,3300
2000-08-04,4.010184288024902,17.375,17.375,17.3125,17.3125,4400
2000-08-07,4.039035797119141,17.5,17.5,17.375,17.375,5900
2000-08-08,4.0678863525390625,17.625,17.625,17.4375,17.4375,24300
2000-08-09,4.0678863525390625,17.625,17.625,17.5625,17.625,4400
2000-08-10,4.082313060760498,17.6875,17.6875,17.625,17.6875,1900
2000-08-11,4.096735954284668,17.75,17.8125,17.6875,17.6875,1600
2000-08-14,4.082313060760498,17.6875,17.75,17.6875,17.75,6600
2000-08-15,4.082313060760498,17.6875,17.6875,17.6875,17.6875,27700
2000-08-16,4.096735954284668,17.75,17.75,17.6875,17.6875,3900
2000-08-17,4.096735954284668,17.75,17.8125,17.75,17.75,1800
2000-08-18,4.125586986541748,17.875,17.875,17.75,17.75,7800
2000-08-21,4.111159801483154,17.8125,17.8125,17.75,17.8125,6200
2000-08-22,4.096735954284668,17.75,17.8125,17.75,17.8125,2700
2000-08-23,4.096735954284668,17.75,17.75,17.75,17.75,1100
2000-08-24,4.096735954284668,17.75,17.75,17.75,17.75,2500
2000-08-25,4.111159801483154,17.8125,17.8125,17.75,17.75,1600
2000-08-28,4.125586986541748,17.875,17.875,17.8125,17.8125,5500
2000-08-29,4.111159801483154,17.8125,17.8125,17.8125,17.8125,2100
2000-08-30,4.096735954284668,17.75,17.8125,17.75,17.8125,1000
2000-08-31,4.111159801483154,17.8125,17.8125,17.75,17.8125,3900
2000-09-01,4.111159801483154,17.8125,17.8125,17.75,17.75,3400
2000-09-05,4.111159801483154,17.8125,17.8125,17.75,17.75,1300
2000-09-06,4.096735954284668,17.75,17.875,17.75,17.875,4600
2000-09-07,4.096735954284668,17.75,17.75,17.75,17.75,700
2000-09-08,4.111159801483154,17.8125,17.875,17.8125,17.875,1500
2000-09-11,4.111159801483154,17.8125,17.875,17.75,17.8125,12900
2000-09-12,4.111159801483154,17.8125,17.8125,17.8125,17.8125,1800
2000-09-13,4.125586986541748,17.875,17.9375,17.8125,17.8125,5800
2000-09-14,4.125586986541748,17.875,17.875,17.8125,17.875,3900
2000-09-15,4.125586986541748,17.875,17.875,17.875,17.875,0
2000-09-18,4.125586986541748,17.875,17.875,17.8125,17.8125,3300
2000-09-19,4.111159801483154,17.8125,17.9375,17.8125,17.9375,7100
2000-09-20,4.140010356903076,17.9375,17.9375,17.875,17.875,1100
2000-09-21,4.125586986541748,17.875,17.9375,17.875,17.875,4100
2000-09-22,4.140010356903076,17.9375,17.9375,17.875,17.875,2600
2000-09-25,4.140010356903076,17.9375,17.9375,17.8125,17.875,2800
2000-09-26,4.18135404586792,17.75,17.75,17.5625,17.625,5300
2000-09-27,4.151908874511719,17.625,17.625,17.625,17.625,300
2000-09-28,4.151908874511719,17.625,17.6875,17.625,17.625,3800
2000-09-29,4.151908874511719,17.625,17.625,17.625,17.625,900
2000-10-02,4.166631698608398,17.6875,17.6875,17.6875,17.6875,4400
2000-10-03,4.18135404586792,17.75,17.75,17.75,17.75,2800
2000-10-04,4.166631698608398,17.6875,17.75,17.6875,17.75,2000
2000-10-05,4.151908874511719,17.625,17.6875,17.625,17.6875,5500
2000-10-06,4.151908874511719,17.625,17.6875,17.625,17.625,2800
2000-10-09,4.151908874511719,17.625,17.625,17.625,17.625,300
2000-10-10,4.151908874511719,17.625,17.625,17.625,17.625,2900
2000-10-11,4.151908874511719,17.625,17.75,17.625,17.6875,2300
2000-10-12,4.151908874511719,17.625,17.625,17.625,17.625,5700
2000-10-13,4.151908874511719,17.625,17.6875,17.625,17.6875,1800
2000-10-16,4.10774040222168,17.4375,17.625,17.4375,17.625,18600
2000-10-17,4.093014240264893,17.375,17.5,17.375,17.4375,3600
2000-10-18,4.063568115234375,17.25,17.3125,17.25,17.3125,1600
2000-10-19,4.0782904624938965,17.3125,17.3125,17.3125,17.3125,500
2000-10-20,4.0782904624938965,17.3125,17.3125,17.25,17.25,2700
2000-10-23,4.063568115234375,17.25,17.25,17.25,17.25,700
2000-10-24,4.063568115234375,17.25,17.25,17.25,17.25,900
2000-10-25,4.063568115234375,17.25,17.25,17.25,17.25,300
2000-10-26,4.0782904624938965,17.3125,17.3125,17.25,17.25,200
2000-10-27,4.093014240264893,17.375,17.375,17.3125,17.3125,2000
2000-10-30,4.10774040222168,17.4375,17.4375,17.375,17.375,5700
2000-10-31,4.10774040222168,17.4375,17.5,17.375,17.375,4400
2000-11-01,4.10774040222168,17.4375,17.5,17.4375,17.4375,1400
2000-11-02,4.122461318969727,17.5,17.5625,17.5,17.5,600
2000-11-03,4.122461318969727,17.5,17.5,17.5,17.5,0
2000-11-06,4.137185573577881,17.5625,17.5625,17.5625,17.5625,900
2000-11-07,4.151908874511719,17.625,17.6875,17.5625,17.5625,10200
2000-11-08,4.18135404586792,17.75,17.75,17.6875,17.6875,1500
2000-11-09,4.137185573577881,17.5625,17.625,17.5625,17.625,4400
2000-11-10,4.166631698608398,17.6875,17.6875,17.625,17.625,1000
2000-11-13,4.151908874511719,17.625,17.6875,17.5625,17.6875,2700
2000-11-14,4.151908874511719,17.625,17.625,17.625,17.625,600
2000-11-15,4.137185573577881,17.5625,17.625,17.5625,17.625,1100
2000-11-16,4.18135404586792,17.75,17.75,17.5625,17.5625,3400
2000-11-17,4.166631698608398,17.6875,17.75,17.5625,17.75,7700
2000-11-20,4.18135404586792,17.75,17.75,17.6875,17.6875,3100
2000-11-21,4.166631698608398,17.6875,17.75,17.625,17.6875,2600
2000-11-22,4.196075439453125,17.8125,17.8125,17.8125,17.8125,500
2000-11-24,4.166631698608398,17.6875,17.6875,17.6875,17.6875,2000
2000-11-27,4.151908874511719,17.625,17.625,17.625,17.625,1900
2000-11-28,4.269691467285156,18.125,18.5,17.625,17.625,20200
2000-11-29,4.2844157218933105,18.1875,18.375,18.0625,18.375,9100
2000-11-30,4.3727521896362305,18.5625,18.5625,18.3125,18.3125,18700
2000-12-01,4.3727521896362305,18.5625,18.75,18.5625,18.5625,9200
2000-12-04,4.358030319213867,18.5,18.625,18.375,18.625,5400
2000-12-05,4.328585147857666,18.375,18.5625,18.375,18.5,4000
2000-12-06,4.343307971954346,18.4375,18.4375,18.4375,18.4375,800
2000-12-07,4.358030319213867,18.5,18.5,18.4375,18.4375,3100
2000-12-08,4.3727521896362305,18.5625,18.5625,18.5,18.5,3500
2000-12-11,4.313862323760986,18.3125,18.5625,18.3125,18.5625,5300
2000-12-12,4.328585147857666,18.375,18.375,18.25,18.3125,4900
2000-12-13,4.343307971954346,18.4375,18.5,18.375,18.375,2600
2000-12-14,4.328585147857666,18.375,18.375,18.375,18.375,2300
2000-12-15,4.387477874755859,18.625,18.625,18.4375,18.5,8700
2000-12-18,4.3727521896362305,18.5625,18.625,18.5625,18.5625,3800
2000-12-19,4.358030319213867,18.5,18.625,18.5,18.5625,4300
2000-12-20,4.387477874755859,18.625,18.625,18.5,18.625,5200
2000-12-21,4.4169206619262695,18.75,18.75,18.625,18.625,7600
2000-12-22,4.387477874755859,18.625,18.875,18.625,18.75,900
2000-12-26,4.475813388824463,19.0,19.125,18.8125,18.875,6900
2000-12-27,4.562991619110107,19.0,19.0,18.625,18.75,6600
2000-12-28,4.562991619110107,19.0,19.0,18.9375,19.0,6400
2000-12-29,4.562991619110107,19.0,19.125,18.9375,18.9375,2500
2001-01-02,4.578001022338867,19.0625,19.0625,18.9375,19.0,6800
2001-01-03,4.547982215881348,18.9375,18.9375,18.9375,18.9375,900
2001-01-04,4.578001022338867,19.0625,19.1875,19.0625,19.1875,12000
2001-01-05,4.593011379241943,19.125,19.125,19.0,19.0,2200
2001-01-08,4.608020305633545,19.1875,19.1875,19.125,19.125,7200
2001-01-09,4.578001022338867,19.0625,19.1875,19.0625,19.1875,1200
2001-01-10,4.593011379241943,19.125,19.125,19.0625,19.0625,5500
2001-01-11,4.608020305633545,19.1875,19.1875,19.1875,19.1875,4200
2001-01-12,4.593011379241943,19.125,19.125,19.125,19.125,6700
2001-01-16,4.593011379241943,19.125,19.1875,19.0625,19.1875,7500
2001-01-17,4.593011379241943,19.125,19.125,18.875,19.125,22000
2001-01-18,4.578001022338867,19.0625,19.0625,18.875,19.0,2000
2001-01-19,4.578001022338867,19.0625,19.0625,19.0,19.0,600
2001-01-22,4.562991619110107,19.0,19.125,19.0,19.0625,2600
2001-01-23,4.562991619110107,19.0,19.0,19.0,19.0,0
2001-01-24,4.593011379241943,19.125,19.125,19.0625,19.0625,700
2001-01-25,4.578001022338867,19.0625,19.125,19.0,19.125,4400
2001-01-26,4.562991619110107,19.0,19.125,19.0,19.0,4500
2001-01-29,4.589409828186035,19.110000610351562,19.110000610351562,19.0,19.0,700
2001-01-30,4.594213008880615,19.1299991607666,19.1299991607666,19.010000228881836,19.110000610351562,10300
2001-01-31,4.623031139373779,19.25,19.299999237060547,19.149999618530273,19.200000762939453,5700
2001-02-01,4.611022472381592,19.200000762939453,19.290000915527344,19.149999618530273,19.149999618530273,2500
2001-02-02,4.6326398849487305,19.290000915527344,19.299999237060547,19.25,19.25,1800
2001-02-05,4.603816986083984,19.170000076293945,19.170000076293945,19.110000610351562,19.110000610351562,7000
2001-02-06,4.608624458312988,19.190000534057617,19.190000534057617,19.1299991607666,19.18000030517578,1900
2001-02-07,4.608624458312988,19.190000534057617,19.190000534057617,19.190000534057617,19.190000534057617,1700
2001-02-08,4.611022472381592,19.200000762939453,19.200000762939453,19.139999389648438,19.139999389648438,2700
2001-02-09,4.623031139373779,19.25,19.25,19.200000762939453,19.200000762939453,5600
2001-02-12,4.613424301147461,19.209999084472656,19.25,19.209999084472656,19.25,3800
2001-02-13,4.6254353523254395,19.260000228881836,19.299999237060547,19.260000228881836,19.299999237060547,1600
2001-02-14,4.623031139373779,19.25,19.329999923706055,19.25,19.31999969482422,10100
2001-02-15,4.599016189575195,19.149999618530273,19.280000686645508,19.149999618530273,19.219999313354492,10400
2001-02-16,4.594213008880615,19.1299991607666,19.1299991607666,19.1299991607666,19.1299991607666,1300
2001-02-20,4.599016189575195,19.149999618530273,19.170000076293945,19.030000686645508,19.110000610351562,6100
2001-02-21,4.606220722198486,19.18000030517578,19.18000030517578,19.149999618530273,19.170000076293945,3200
2001-02-22,4.611022472381592,19.200000762939453,19.200000762939453,19.200000762939453,19.200000762939453,2100
2001-02-23,4.659055233001709,19.399999618530273,19.399999618530273,19.25,19.25,6700
2001-02-26,4.649448871612549,19.360000610351562,19.360000610351562,19.299999237060547,19.350000381469727,1900
2001-02-27,4.659055233001709,19.399999618530273,19.399999618530273,19.3799991607666,19.3799991607666,2500
2001-02-28,4.635037899017334,19.299999237060547,19.3700008392334,19.299999237060547,19.3700008392334,2200
2001-03-01,4.64704704284668,19.350000381469727,19.399999618530273,19.350000381469727,19.350000381469727,3300
2001-03-02,4.6710638999938965,19.450000762939453,19.450000762939453,19.440000534057617,19.440000534057617,2400
2001-03-05,4.651849746704102,19.3700008392334,19.440000534057617,19.3700008392334,19.440000534057617,4500
2001-03-06,4.64704704284668,19.350000381469727,19.350000381469727,19.309999465942383,19.350000381469727,8500
2001-03-07,4.644646167755127,19.34000015258789,19.34000015258789,19.280000686645508,19.280000686645508,2300
2001-03-08,4.644646167755127,19.34000015258789,19.350000381469727,19.309999465942383,19.34000015258789,8500
2001-03-09,4.642242431640625,19.329999923706055,19.329999923706055,19.299999237060547,19.299999237060547,1000
2001-03-12,4.644646167755127,19.34000015258789,19.34000015258789,19.34000015258789,19.34000015258789,100
2001-03-13,4.64704704284668,19.350000381469727,19.350000381469727,19.309999465942383,19.34000015258789,5600
2001-03-14,4.5918121337890625,19.1200008392334,19.350000381469727,19.1200008392334,19.350000381469727,11700
2001-03-15,4.623031139373779,19.25,19.25,19.1200008392334,19.1200008392334,2700
2001-03-16,4.623031139373779,19.25,19.25,19.25,19.25,0
2001-03-19,4.644646167755127,19.34000015258789,19.34000015258789,19.1200008392334,19.18000030517578,3200
2001-03-20,4.635037899017334,19.299999237060547,19.350000381469727,19.299999237060547,19.34000015258789,5300
2001-03-21,4.644646167755127,19.34000015258789,19.34000015258789,19.219999313354492,19.25,1600
2001-03-22,4.635037899017334,19.299999237060547,19.34000015258789,19.200000762939453,19.34000015258789,3400
2001-03-23,4.635037899017334,19.299999237060547,19.350000381469727,19.219999313354492,19.219999313354492,2400
2001-03-26,4.635037899017334,19.299999237060547,19.299999237060547,19.299999237060547,19.299999237060547,1800
2001-03-27,4.635037899017334,19.299999237060547,19.299999237060547,19.299999237060547,19.299999237060547,1500
2001-03-28,4.627832412719727,19.270000457763672,19.329999923706055,19.270000457763672,19.299999237060547,3800
2001-03-29,4.644646167755127,19.34000015258789,19.34000015258789,19.270000457763672,19.270000457763672,2100
2001-03-30,4.627832412719727,19.270000457763672,19.299999237060547,19.270000457763672,19.299999237060547,3900
2001-04-02,4.635037899017334,19.299999237060547,19.34000015258789,19.18000030517578,19.34000015258789,9500
2001-04-03,4.670039653778076,19.079999923706055,19.079999923706055,19.049999237060547,19.049999237060547,2300
2001-04-04,4.718993663787842,19.280000686645508,19.280000686645508,19.049999237060547,19.049999237060547,7700
2001-04-05,4.6798295974731445,19.1200008392334,19.270000457763672,19.1200008392334,19.200000762939453,4300
2001-04-06,4.6798295974731445,19.1200008392334,19.1200008392334,19.1200008392334,19.1200008392334,0
2001-04-09,4.6798295974731445,19.1200008392334,19.1200008392334,19.1200008392334,19.1200008392334,200
2001-04-10,4.6529035568237305,19.010000228881836,19.010000228881836,19.010000228881836,19.010000228881836,1800
2001-04-11,4.6382222175598145,18.950000762939453,19.010000228881836,18.850000381469727,19.010000228881836,3200
2001-04-12,4.56724214553833,18.65999984741211,18.850000381469727,18.65999984741211,18.850000381469727,4800
2001-04-16,4.528078556060791,18.5,18.790000915527344,18.5,18.790000915527344,10500
2001-04-17,4.515839099884033,18.450000762939453,18.459999084472656,18.450000762939453,18.459999084472656,1200
2001-04-18,4.532973766326904,18.520000457763672,18.600000381469727,18.399999618530273,18.399999618530273,4800
2001-04-19,4.552555084228516,18.600000381469727,18.600000381469727,18.520000457763672,18.520000457763672,4600
2001-04-20,4.550106525421143,18.59000015258789,18.600000381469727,18.59000015258789,18.600000381469727,400
2001-04-23,4.550106525421143,18.59000015258789,18.59000015258789,18.5,18.5,2200
2001-04-24,4.552555084228516,18.600000381469727,18.780000686645508,18.459999084472656,18.5,4900
2001-04-25,4.574585437774658,18.690000534057617,18.690000534057617,18.520000457763672,18.690000534057617,2400
2001-04-26,4.574585437774658,18.690000534057617,18.700000762939453,18.600000381469727,18.700000762939453,4700
2001-04-27,4.574585437774658,18.690000534057617,18.690000534057617,18.690000534057617,18.690000534057617,0
2001-04-30,4.572135925292969,18.68000030517578,18.690000534057617,18.600000381469727,18.690000534057617,2900
2001-05-01,4.577032566070557,18.700000762939453,18.799999237060547,18.6299991607666,18.690000534057617,6200
2001-05-02,4.601505279541016,18.799999237060547,18.799999237060547,18.700000762939453,18.790000915527344,1600
2001-05-03,4.589266300201416,18.75,18.84000015258789,18.709999084472656,18.84000015258789,3100
2001-05-04,4.6382222175598145,18.950000762939453,18.950000762939453,18.799999237060547,18.799999237060547,4100
2001-05-07,4.62598180770874,18.899999618530273,18.950000762939453,18.8700008392334,18.950000762939453,2700
2001-05-08,4.662698268890381,19.049999237060547,19.049999237060547,18.860000610351562,18.860000610351562,7000
2001-05-09,4.650458335876465,19.0,19.030000686645508,19.0,19.020000457763672,2400
2001-05-10,4.674933910369873,19.100000381469727,19.100000381469727,19.0,19.0,2600
2001-05-11,4.667593002319336,19.06999969482422,19.149999618530273,19.06999969482422,19.100000381469727,2800
2001-05-14,4.650458335876465,19.0,19.049999237060547,19.0,19.049999237060547,8100
2001-05-15,4.650458335876465,19.0,19.0,18.950000762939453,18.989999771118164,9900
2001-05-16,4.63087797164917,18.920000076293945,19.0,18.920000076293945,18.920000076293945,7200
2001-05-17,4.674933910369873,19.100000381469727,19.139999389648438,18.920000076293945,18.920000076293945,4300
2001-05-18,4.662698268890381,19.049999237060547,19.079999923706055,19.020000457763672,19.079999923706055,2100
2001-05-21,4.650458335876465,19.0,19.010000228881836,18.989999771118164,19.010000228881836,6200
2001-05-22,4.665143013000488,19.059999465942383,19.059999465942383,19.010000228881836,19.059999465942383,1100
2001-05-23,4.662698268890381,19.049999237060547,19.049999237060547,19.049999237060547,19.049999237060547,500
2001-05-24,4.667593002319336,19.06999969482422,19.06999969482422,19.06999969482422,19.06999969482422,300
2001-05-25,4.6529035568237305,19.010000228881836,19.059999465942383,19.010000228881836,19.010000228881836,1200
2001-05-29,4.643117427825928,18.969999313354492,19.06999969482422,18.899999618530273,19.010000228881836,12900
2001-05-30,4.667593002319336,19.06999969482422,19.06999969482422,18.899999618530273,18.950000762939453,5500
2001-05-31,4.6529035568237305,19.010000228881836,19.100000381469727,19.010000228881836,19.06999969482422,5200
2001-06-01,4.657803535461426,19.030000686645508,19.049999237060547,19.010000228881836,19.049999237060547,1000
2001-06-04,4.650458335876465,19.0,19.010000228881836,19.0,19.010000228881836,1400
2001-06-05,4.662698268890381,19.049999237060547,19.049999237060547,18.959999084472656,19.0,6200
2001-06-06,4.667593002319336,19.06999969482422,19.06999969482422,19.059999465942383,19.059999465942383,2400
2001-06-07,4.667593002319336,19.06999969482422,19.06999969482422,19.0,19.06999969482422,3000
2001-06-08,4.6529035568237305,19.010000228881836,19.09000015258789,19.010000228881836,19.06999969482422,2500
2001-06-11,4.6798295974731445,19.1200008392334,19.1200008392334,19.040000915527344,19.09000015258789,1800
2001-06-12,4.684726715087891,19.139999389648438,19.139999389648438,19.040000915527344,19.100000381469727,2100
2001-06-13,4.660250186920166,19.040000915527344,19.040000915527344,18.600000381469727,19.030000686645508,20900
2001-06-14,4.672487735748291,19.09000015258789,19.09000015258789,18.950000762939453,18.950000762939453,2700
2001-06-15,4.684726715087891,19.139999389648438,19.149999618530273,19.049999237060547,19.09000015258789,5000
2001-06-18,4.687174320220947,19.149999618530273,19.190000534057617,19.059999465942383,19.149999618530273,8700
2001-06-19,4.709201335906982,19.239999771118164,19.25,19.149999618530273,19.149999618530273,6200
2001-06-20,4.711650371551514,19.25,19.25,19.239999771118164,19.239999771118164,1900
2001-06-21,4.711650371551514,19.25,19.25,19.239999771118164,19.239999771118164,1400
2001-06-22,4.709201335906982,19.239999771118164,19.25,19.239999771118164,19.239999771118164,5800
2001-06-25,4.728783130645752,19.31999969482422,19.34000015258789,19.239999771118164,19.239999771118164,5500
2001-06-26,4.745913505554199,19.389999389648438,19.389999389648438,19.34000015258789,19.34000015258789,3400
2001-06-27,4.7385735511779785,19.360000610351562,19.450000762939453,19.299999237060547,19.450000762939453,8400
2001-06-28,4.763050556182861,19.459999084472656,19.549999237060547,19.40999984741211,19.450000762939453,2600
2001-06-29,4.799764633178711,19.610000610351562,19.610000610351562,19.450000762939453,19.450000762939453,4600
2001-07-02,4.777734756469727,19.520000457763672,19.600000381469727,19.510000228881836,19.600000381469727,4500
2001-07-03,4.788460731506348,19.200000762939453,19.25,19.200000762939453,19.25,4900
2001-07-05,4.808412551879883,19.280000686645508,19.280000686645508,19.149999618530273,19.200000762939453,2000
2001-07-06,4.790951251983643,19.209999084472656,19.25,19.170000076293945,19.170000076293945,1700
2001-07-09,4.783471584320068,19.18000030517578,19.299999237060547,19.18000030517578,19.260000228881836,3800
2001-07-10,4.810906887054443,19.290000915527344,19.290000915527344,19.18000030517578,19.18000030517578,4700
2001-07-11,4.773495674133301,19.139999389648438,19.299999237060547,19.139999389648438,19.25,14800
2001-07-12,4.771000862121582,19.1299991607666,19.1299991607666,19.1299991607666,19.1299991607666,600
2001-07-13,4.810906887054443,19.290000915527344,19.290000915527344,19.139999389648438,19.190000534057617,4000
2001-07-16,4.823375225067139,19.34000015258789,19.34000015258789,19.209999084472656,19.290000915527344,3500
2001-07-17,4.835841655731201,19.389999389648438,19.389999389648438,19.350000381469727,19.350000381469727,2100
2001-07-18,4.790951251983643,19.209999084472656,19.389999389648438,19.209999084472656,19.389999389648438,2900
2001-07-19,4.810906887054443,19.290000915527344,19.290000915527344,19.200000762939453,19.290000915527344,4700
2001-07-20,4.800929069519043,19.25,19.25,19.25,19.25,600
2001-07-23,4.788460731506348,19.200000762939453,19.25,19.200000762939453,19.25,1100
2001-07-24,4.798436164855957,19.239999771118164,19.239999771118164,19.200000762939453,19.200000762939453,2600
2001-07-25,4.810906887054443,19.290000915527344,19.290000915527344,19.239999771118164,19.25,3500
2001-07-26,4.788460731506348,19.200000762939453,19.299999237060547,19.200000762939453,19.299999237060547,1700
2001-07-27,4.810906887054443,19.290000915527344,19.299999237060547,19.209999084472656,19.290000915527344,3000
2001-07-30,4.808412551879883,19.280000686645508,19.299999237060547,19.280000686645508,19.299999237060547,800
2001-07-31,4.808412551879883,19.280000686645508,19.299999237060547,19.280000686645508,19.299999237060547,1900
2001-08-01,4.81339693069458,19.299999237060547,19.389999389648438,19.290000915527344,19.389999389648438,2400
2001-08-02,4.835841655731201,19.389999389648438,19.389999389648438,19.309999465942383,19.350000381469727,2900
2001-08-03,4.835841655731201,19.389999389648438,19.389999389648438,19.389999389648438,19.389999389648438,1000
2001-08-06,4.83833646774292,19.399999618530273,19.43000030517578,19.309999465942383,19.350000381469727,22800
2001-08-07,4.873255252838135,19.540000915527344,19.540000915527344,19.440000534057617,19.440000534057617,6300
2001-08-08,4.858290672302246,19.479999542236328,19.540000915527344,19.479999542236328,19.540000915527344,3500
2001-08-09,4.96303653717041,19.899999618530273,19.899999618530273,19.540000915527344,19.540000915527344,4800
2001-08-10,4.915653228759766,19.709999084472656,19.799999237060547,19.709999084472656,19.799999237060547,3500
2001-08-13,4.960543155670166,19.889999389648438,19.940000534057617,19.729999542236328,19.729999542236328,5700
2001-08-14,4.928123474121094,19.760000228881836,19.93000030517578,19.760000228881836,19.93000030517578,8300
2001-08-15,4.938097953796387,19.799999237060547,19.799999237060547,19.799999237060547,19.799999237060547,1000
2001-08-16,4.968025207519531,19.920000076293945,19.920000076293945,19.799999237060547,19.799999237060547,3000
2001-08-17,4.960543155670166,19.889999389648438,19.93000030517578,19.850000381469727,19.920000076293945,3200
2001-08-20,4.965530872344971,19.90999984741211,20.0,19.899999618530273,19.899999618530273,1900
2001-08-21,4.987977504730225,20.0,20.049999237060547,19.809999465942383,19.809999465942383,4700
2001-08-22,5.01042366027832,20.09000015258789,20.09000015258789,20.0,20.0,2100
2001-08-23,5.01042366027832,20.09000015258789,20.09000015258789,20.09000015258789,20.09000015258789,5400
2001-08-24,4.987977504730225,20.0,20.09000015258789,20.0,20.09000015258789,2300
2001-08-27,4.978000640869141,19.959999084472656,20.020000457763672,19.959999084472656,20.020000457763672,800
2001-08-28,5.020402908325195,20.1299991607666,20.139999389648438,19.959999084472656,19.959999084472656,5200
2001-08-29,5.012917518615723,20.100000381469727,20.110000610351562,20.09000015258789,20.110000610351562,2900
2001-08-30,5.0029425621032715,20.059999465942383,20.1299991607666,20.049999237060547,20.100000381469727,7800
2001-08-31,5.037857532501221,20.200000762939453,20.25,20.059999465942383,20.059999465942383,4900
2001-09-04,5.037857532501221,20.200000762939453,20.25,20.110000610351562,20.25,3300
2001-09-05,5.025386333465576,20.149999618530273,20.149999618530273,20.149999618530273,20.149999618530273,100
2001-09-06,4.978000640869141,19.959999084472656,20.139999389648438,19.959999084472656,20.100000381469727,5800
2001-09-07,4.975505352020264,19.950000762939453,19.950000762939453,19.950000762939453,19.950000762939453,1300
2001-09-10,4.987977504730225,20.0,20.049999237060547,19.959999084472656,19.959999084472656,1800
2001-09-17,5.032869815826416,20.18000030517578,20.18000030517578,20.0,20.0,4700
2001-09-18,5.075270175933838,20.350000381469727,20.450000762939453,20.1200008392334,20.1200008392334,4700
2001-09-19,5.015411376953125,20.110000610351562,20.34000015258789,20.110000610351562,20.209999084472656,8600
2001-09-20,5.035365581512451,20.190000534057617,20.190000534057617,20.100000381469727,20.110000610351562,4200
2001-09-21,5.020402908325195,20.1299991607666,20.149999618530273,20.100000381469727,20.110000610351562,6300
2001-09-24,5.035365581512451,20.190000534057617,20.190000534057617,20.100000381469727,20.110000610351562,4800
2001-09-25,5.0183491706848145,19.760000228881836,20.030000686645508,19.75,19.950000762939453,3900
2001-09-26,4.977713108062744,19.600000381469727,19.65999984741211,19.600000381469727,19.65999984741211,800
2001-09-27,4.952320098876953,19.5,19.5,19.5,19.5,500
2001-09-28,4.952320098876953,19.5,19.5,19.3799991607666,19.450000762939453,1800
2001-10-01,4.9497785568237305,19.489999771118164,19.489999771118164,19.399999618530273,19.399999618530273,700
2001-10-02,4.9142231941223145,19.350000381469727,19.399999618530273,19.260000228881836,19.399999618530273,5000
2001-10-03,4.952320098876953,19.5,19.5,19.350000381469727,19.399999618530273,1900
2001-10-04,4.977713108062744,19.600000381469727,19.600000381469727,19.5,19.5,1800
2001-10-05,5.003109931945801,19.700000762939453,19.75,19.600000381469727,19.600000381469727,2200
2001-10-08,5.01580810546875,19.75,19.75,19.709999084472656,19.709999084472656,900
2001-10-09,4.93707799911499,19.440000534057617,19.600000381469727,19.309999465942383,19.600000381469727,5200
2001-10-10,4.952320098876953,19.5,19.59000015258789,19.5,19.5,3700
2001-10-11,4.93707799911499,19.440000534057617,19.520000457763672,19.3799991607666,19.520000457763672,2800
2001-10-12,4.952320098876953,19.5,19.600000381469727,19.399999618530273,19.399999618530273,2100
2001-10-15,4.977713108062744,19.600000381469727,19.739999771118164,19.600000381469727,19.600000381469727,8200
2001-10-16,5.038664817810059,19.84000015258789,19.84000015258789,19.700000762939453,19.700000762939453,3000
2001-10-17,5.041205406188965,19.850000381469727,19.950000762939453,19.84000015258789,19.84000015258789,5600
2001-10-18,4.9421610832214355,19.459999084472656,19.950000762939453,19.40999984741211,19.950000762939453,9900
2001-10-19,4.939620494842529,19.450000762939453,19.450000762939453,19.450000762939453,19.450000762939453,600
2001-10-22,4.939620494842529,19.450000762939453,19.450000762939453,19.40999984741211,19.450000762939453,800
2001-10-23,4.952320098876953,19.5,19.59000015258789,19.5,19.540000915527344,2900
2001-10-24,4.9751739501953125,19.59000015258789,19.59000015258789,19.450000762939453,19.5,2100
2001-10-25,4.939620494842529,19.450000762939453,19.459999084472656,19.399999618530273,19.459999084472656,3500
2001-10-26,4.965015888214111,19.549999237060547,19.549999237060547,19.540000915527344,19.540000915527344,1000
2001-10-29,4.93707799911499,19.440000534057617,19.440000534057617,19.309999465942383,19.309999465942383,10200
2001-10-30,4.916762828826904,19.360000610351562,19.450000762939453,19.34000015258789,19.399999618530273,4100
2001-10-31,4.901522636413574,19.299999237060547,19.350000381469727,19.299999237060547,19.350000381469727,2000
2001-11-01,4.947238922119141,19.479999542236328,19.479999542236328,19.360000610351562,19.399999618530273,10100
2001-11-02,4.947238922119141,19.479999542236328,19.479999542236328,19.479999542236328,19.479999542236328,0
2001-11-05,4.9497785568237305,19.489999771118164,19.489999771118164,19.399999618530273,19.479999542236328,2900
2001-11-06,4.9497785568237305,19.489999771118164,19.489999771118164,19.489999771118164,19.489999771118164,3500
2001-11-07,4.9294610023498535,19.40999984741211,19.489999771118164,19.40999984741211,19.489999771118164,3800
2001-11-08,4.939620494842529,19.450000762939453,19.450000762939453,19.399999618530273,19.399999618530273,600
2001-11-09,4.9497785568237305,19.489999771118164,19.489999771118164,19.40999984741211,19.40999984741211,1400
2001-11-12,4.9497785568237305,19.489999771118164,19.489999771118164,19.489999771118164,19.489999771118164,3500
2001-11-13,5.003109931945801,19.700000762939453,19.700000762939453,19.489999771118164,19.489999771118164,7700
2001-11-14,5.028506278991699,19.799999237060547,19.799999237060547,19.6200008392334,19.6299991607666,2400
2001-11-15,5.07929801940918,20.0,20.049999237060547,19.899999618530273,19.899999618530273,6000
2001-11-16,5.0564422607421875,19.90999984741211,20.0,19.90999984741211,20.0,2900
2001-11-19,5.08691930770874,20.030000686645508,20.040000915527344,19.899999618530273,19.950000762939453,2300
2001-11-20,5.114854335784912,20.139999389648438,20.139999389648438,19.860000610351562,20.049999237060547,10100
2001-11-21,5.12501335144043,20.18000030517578,20.200000762939453,20.049999237060547,20.149999618530273,2100
2001-11-23,5.117392539978027,20.149999618530273,20.200000762939453,20.149999618530273,20.200000762939453,600
2001-11-26,5.07929801940918,20.0,20.139999389648438,19.959999084472656,20.139999389648438,5300
2001-11-27,5.058981895446777,19.920000076293945,20.049999237060547,19.899999618530273,20.049999237060547,3400
2001-11-28,5.099616527557373,20.079999923706055,20.09000015258789,20.010000228881836,20.079999923706055,2800
2001-11-29,5.091996669769287,20.049999237060547,20.100000381469727,20.010000228881836,20.100000381469727,1900
2001-11-30,5.127553939819336,20.190000534057617,20.200000762939453,20.010000228881836,20.010000228881836,2500
2001-12-03,5.091996669769287,20.049999237060547,20.200000762939453,20.049999237060547,20.190000534057617,4400
2001-12-04,5.081840991973877,20.010000228881836,20.010000228881836,20.010000228881836,20.010000228881836,1200
2001-12-05,5.01580810546875,19.75,20.049999237060547,19.75,20.0,9000
2001-12-06,5.07929801940918,20.0,20.200000762939453,19.799999237060547,19.899999618530273,10900
2001-12-07,5.07929801940918,20.0,20.0,20.0,20.0,0
2001-12-10,5.048823833465576,19.8799991607666,19.950000762939453,19.780000686645508,19.950000762939453,12000
2001-12-11,4.990411758422852,19.649999618530273,19.8799991607666,19.649999618530273,19.8799991607666,2500
2001-12-12,4.901522636413574,19.299999237060547,19.5,19.219999313354492,19.5,12400
2001-12-13,4.888826847076416,19.25,19.299999237060547,19.25,19.280000686645508,1400
2001-12-14,4.888826847076416,19.25,19.25,19.25,19.25,1100
2001-12-17,4.888826847076416,19.25,19.34000015258789,18.93000030517578,19.219999313354492,12800
2001-12-18,4.876129627227783,19.200000762939453,19.25,19.110000610351562,19.25,4300
2001-12-19,4.876129627227783,19.200000762939453,19.209999084472656,19.100000381469727,19.149999618530273,3800
2001-12-20,4.850730895996094,19.100000381469727,19.18000030517578,19.049999237060547,19.100000381469727,4000
2001-12-21,4.825334072113037,19.0,19.200000762939453,18.959999084472656,19.200000762939453,5300
2001-12-24,4.7999372482299805,18.899999618530273,19.010000228881836,18.899999618530273,19.0,4100
2001-12-26,4.903441905975342,18.950000762939453,18.950000762939453,18.450000762939453,18.700000762939453,5400
2001-12-27,4.93190336227417,19.059999465942383,19.100000381469727,18.850000381469727,18.899999618530273,5600
2001-12-28,4.942253589630127,19.100000381469727,19.100000381469727,18.959999084472656,19.010000228881836,4600
2001-12-31,4.934492111206055,19.06999969482422,19.100000381469727,19.010000228881836,19.020000457763672,3500
2002-01-02,4.942253589630127,19.100000381469727,19.200000762939453,18.959999084472656,19.010000228881836,7800
2002-01-03,4.916377544403076,19.0,19.09000015258789,18.959999084472656,18.959999084472656,4200
2002-01-04,4.880152225494385,18.860000610351562,19.100000381469727,18.860000610351562,18.959999084472656,8300
2002-01-07,4.916377544403076,19.0,19.0,18.860000610351562,18.950000762939453,2800
2002-01-08,4.921552658081055,19.020000457763672,19.049999237060547,19.0,19.0,1900
2002-01-09,4.916377544403076,19.0,19.079999923706055,19.0,19.079999923706055,5900
2002-01-10,4.903441905975342,18.950000762939453,19.0,18.8799991607666,18.899999618530273,4800
2002-01-11,4.9189629554748535,19.010000228881836,19.020000457763672,18.899999618530273,18.899999618530273,1600
2002-01-14,4.93190336227417,19.059999465942383,19.100000381469727,19.040000915527344,19.040000915527344,3900
2002-01-15,4.962956428527832,19.18000030517578,19.18000030517578,19.0,19.059999465942383,5400
2002-01-16,4.988833427429199,19.280000686645508,19.280000686645508,19.18000030517578,19.18000030517578,700
2002-01-17,5.18807315826416,20.049999237060547,20.799999237060547,19.280000686645508,19.280000686645508,38800
2002-01-18,5.162196159362793,19.950000762939453,20.0,19.780000686645508,19.959999084472656,8500
2002-01-22,5.201010227203369,20.100000381469727,20.100000381469727,19.90999984741211,20.0,5700
2002-01-23,5.18807315826416,20.049999237060547,20.049999237060547,20.049999237060547,20.049999237060547,500
2002-01-24,5.195836067199707,20.079999923706055,20.100000381469727,19.969999313354492,20.079999923706055,2800
2002-01-25,5.206188201904297,20.1200008392334,20.1200008392334,19.959999084472656,20.100000381469727,3000
2002-01-28,5.162196159362793,19.950000762939453,20.059999465942383,19.950000762939453,20.059999465942383,7700
2002-01-29,5.177725791931152,20.010000228881836,20.190000534057617,20.010000228881836,20.040000915527344,10500
2002-01-30,5.226886749267578,20.200000762939453,20.200000762939453,20.1200008392334,20.1200008392334,7200
2002-01-31,5.149257659912109,19.899999618530273,20.1299991607666,19.809999465942383,20.1299991607666,7500
2002-02-01,5.18548583984375,20.040000915527344,20.040000915527344,19.959999084472656,20.040000915527344,1700
2002-02-04,5.131147861480713,19.829999923706055,20.079999923706055,19.829999923706055,20.049999237060547,5200
2002-02-05,5.175135135650635,20.0,20.0,19.950000762939453,19.950000762939453,1500
2002-02-06,5.175135135650635,20.0,20.0,19.950000762939453,19.950000762939453,400
2002-02-07,5.1673736572265625,19.969999313354492,19.979999542236328,19.969999313354492,19.979999542236328,7600
2002-02-08,5.169960021972656,19.979999542236328,19.989999771118164,19.969999313354492,19.969999313354492,6200
2002-02-11,5.1647844314575195,19.959999084472656,19.989999771118164,19.920000076293945,19.969999313354492,2100
2002-02-12,5.162196159362793,19.950000762939453,19.950000762939453,19.920000076293945,19.920000076293945,1100
2002-02-13,5.169960021972656,19.979999542236328,19.979999542236328,19.850000381469727,19.920000076293945,3300
2002-02-14,5.133733749389648,19.84000015258789,19.899999618530273,19.84000015258789,19.899999618530273,800
2002-02-15,5.125973224639893,19.809999465942383,19.81999969482422,19.809999465942383,19.81999969482422,700
2002-02-19,5.175135135650635,20.0,20.0,19.81999969482422,19.850000381469727,8500
2002-02-20,5.18548583984375,20.040000915527344,20.040000915527344,20.040000915527344,20.040000915527344,200
2002-02-21,5.177725791931152,20.010000228881836,20.030000686645508,19.989999771118164,19.989999771118164,1500
2002-02-22,5.175135135650635,20.0,20.09000015258789,20.0,20.049999237060547,5800
2002-02-25,5.175135135650635,20.0,20.0,19.90999984741211,20.0,3600
2002-02-26,5.162196159362793,19.950000762939453,20.040000915527344,19.920000076293945,19.920000076293945,2200
2002-02-27,5.201010227203369,20.100000381469727,20.100000381469727,19.90999984741211,19.90999984741211,1700
2002-02-28,5.201010227203369,20.100000381469727,20.1200008392334,20.100000381469727,20.100000381469727,4900
2002-03-01,5.2217116355896,20.18000030517578,20.18000030517578,20.010000228881836,20.010000228881836,900
2002-03-04,5.18807315826416,20.049999237060547,20.149999618530273,20.049999237060547,20.149999618530273,2500
2002-03-05,5.18548583984375,20.040000915527344,20.049999237060547,20.040000915527344,20.049999237060547,700
2002-03-06,5.159611701965332,19.940000534057617,20.010000228881836,19.90999984741211,20.010000228881836,1900
2002-03-07,5.162196159362793,19.950000762939453,20.040000915527344,19.940000534057617,19.940000534057617,2100
2002-03-08,5.201010227203369,20.100000381469727,20.100000381469727,19.899999618530273,20.040000915527344,9700
2002-03-11,5.136322021484375,19.850000381469727,20.100000381469727,19.850000381469727,20.100000381469727,5200
2002-03-12,5.125973224639893,19.809999465942383,19.84000015258789,19.809999465942383,19.84000015258789,4000
2002-03-13,5.123383522033691,19.799999237060547,19.8799991607666,19.799999237060547,19.8799991607666,1800
2002-03-14,5.144085884094238,19.8799991607666,19.8799991607666,19.8799991607666,19.8799991607666,1500
2002-03-15,5.149257659912109,19.899999618530273,19.899999618530273,19.709999084472656,19.729999542236328,5800
2002-03-18,5.162196159362793,19.950000762939453,19.950000762939453,19.799999237060547,19.850000381469727,2400
2002-03-19,5.071632385253906,19.600000381469727,19.950000762939453,19.350000381469727,19.950000762939453,14600
2002-03-20,5.097507953643799,19.700000762939453,19.700000762939453,19.600000381469727,19.700000762939453,1600
2002-03-21,5.094922065734863,19.690000534057617,19.690000534057617,19.649999618530273,19.68000030517578,2600
2002-03-22,5.071632385253906,19.600000381469727,19.690000534057617,19.600000381469727,19.690000534057617,1800
2002-03-25,5.045759201049805,19.5,19.690000534057617,19.5,19.600000381469727,6300
2002-03-26,4.955193519592285,19.149999618530273,19.579999923706055,19.149999618530273,19.579999923706055,5100
2002-03-27,4.988833427429199,19.280000686645508,19.299999237060547,19.170000076293945,19.200000762939453,2500
2002-03-28,5.004356861114502,19.34000015258789,19.34000015258789,19.34000015258789,19.34000015258789,600
2002-04-01,4.999182224273682,19.31999969482422,19.31999969482422,19.219999313354492,19.280000686645508,4100
2002-04-02,5.112498760223389,19.399999618530273,19.399999618530273,19.0,19.0,11700
2002-04-03,5.112498760223389,19.399999618530273,19.489999771118164,19.299999237060547,19.299999237060547,3400
2002-04-04,5.075607776641846,19.260000228881836,19.5,19.260000228881836,19.489999771118164,4600
2002-04-05,5.072969913482666,19.25,19.350000381469727,19.25,19.350000381469727,500
2002-04-08,5.112498760223389,19.399999618530273,19.399999618530273,19.25,19.25,2600
2002-04-09,5.109860897064209,19.389999389648438,19.389999389648438,19.209999084472656,19.389999389648438,3800
2002-04-10,5.088779926300049,19.309999465942383,19.399999618530273,19.25,19.260000228881836,2500
2002-04-11,5.0597944259643555,19.200000762939453,19.350000381469727,19.110000610351562,19.299999237060547,5100
2002-04-12,5.038710594177246,19.1200008392334,19.200000762939453,19.049999237060547,19.200000762939453,4300
2002-04-15,4.967556953430176,18.850000381469727,19.0,18.610000610351562,19.0,11400
2002-04-16,5.007086277008057,19.0,19.0,18.850000381469727,18.850000381469727,3500
2002-04-17,5.030805587768555,19.09000015258789,19.09000015258789,18.899999618530273,19.0,3000
2002-04-18,5.030805587768555,19.09000015258789,19.09000015258789,19.09000015258789,19.09000015258789,700
2002-04-19,5.030805587768555,19.09000015258789,19.09000015258789,19.0,19.0,1100
2002-04-22,5.007086277008057,19.0,19.09000015258789,19.0,19.0,2100
2002-04-23,4.991273880004883,18.940000534057617,19.09000015258789,18.940000534057617,19.09000015258789,4000
2002-04-24,4.954380035400391,18.799999237060547,19.049999237060547,18.799999237060547,19.049999237060547,8300
2002-04-25,4.9807329177856445,18.899999618530273,18.899999618530273,18.729999542236328,18.739999771118164,8200
2002-04-26,4.9359354972839355,18.729999542236328,18.899999618530273,18.729999542236328,18.850000381469727,2500
2002-04-29,4.962286472320557,18.829999923706055,18.829999923706055,18.829999923706055,18.829999923706055,600
2002-04-30,5.020265579223633,19.049999237060547,19.049999237060547,18.950000762939453,18.950000762939453,4000
2002-05-01,4.993910312652588,18.950000762939453,19.0,18.899999618530273,19.0,16900
2002-05-02,5.020265579223633,19.049999237060547,19.149999618530273,18.969999313354492,18.969999313354492,3200
2002-05-03,5.038710594177246,19.1200008392334,19.200000762939453,19.1200008392334,19.1200008392334,3400
2002-05-06,5.0334391593933105,19.100000381469727,19.15999984741211,19.100000381469727,19.15999984741211,4200
2002-05-07,5.04661750793457,19.149999618530273,19.25,19.020000457763672,19.139999389648438,8100
2002-05-08,5.0334391593933105,19.100000381469727,19.290000915527344,19.100000381469727,19.200000762939453,4500
2002-05-09,5.18101692199707,19.65999984741211,19.75,19.25,19.25,10100
2002-05-10,5.178380489349365,19.649999618530273,19.649999618530273,19.600000381469727,19.600000381469727,2800
2002-05-13,5.138854503631592,19.5,19.68000030517578,19.450000762939453,19.68000030517578,3400
2002-05-14,5.165205478668213,19.600000381469727,19.600000381469727,19.149999618530273,19.5,9100
2002-05-15,5.144123077392578,19.520000457763672,19.600000381469727,19.5,19.5,1100
2002-05-16,5.138854503631592,19.5,19.5,19.5,19.5,300
2002-05-17,5.165205478668213,19.600000381469727,19.600000381469727,19.5,19.5,1600
2002-05-20,5.138854503631592,19.5,19.5,19.450000762939453,19.5,3200
2002-05-21,5.152029514312744,19.549999237060547,19.6299991607666,19.549999237060547,19.600000381469727,1000
2002-05-22,5.138854503631592,19.5,19.6299991607666,19.5,19.6299991607666,2300
2002-05-23,5.138854503631592,19.5,19.5,19.450000762939453,19.5,5100
2002-05-24,5.165205478668213,19.600000381469727,19.600000381469727,19.549999237060547,19.549999237060547,2000
2002-05-28,5.11513614654541,19.40999984741211,19.469999313354492,19.40999984741211,19.469999313354492,2500
2002-05-29,5.152029514312744,19.549999237060547,19.549999237060547,19.399999618530273,19.399999618530273,2500
2002-05-30,5.138854503631592,19.5,19.549999237060547,19.459999084472656,19.5,5100
2002-05-31,5.125679016113281,19.450000762939453,19.5,19.450000762939453,19.469999313354492,2500
2002-06-03,5.117769718170166,19.420000076293945,19.5,19.420000076293945,19.5,1700
2002-06-04,5.086144924163818,19.299999237060547,19.469999313354492,19.25,19.399999618530273,6800
2002-06-05,5.133582592010498,19.479999542236328,19.479999542236328,19.229999542236328,19.25,5000
2002-06-06,5.11513614654541,19.40999984741211,19.479999542236328,19.40999984741211,19.479999542236328,1000
2002-06-07,5.136216640472412,19.489999771118164,19.489999771118164,19.360000610351562,19.360000610351562,600
2002-06-10,5.112498760223389,19.399999618530273,19.450000762939453,19.399999618530273,19.450000762939453,2200
2002-06-11,5.04661750793457,19.149999618530273,19.399999618530273,19.149999618530273,19.399999618530273,5800
2002-06-12,5.072969913482666,19.25,19.25,19.059999465942383,19.100000381469727,4700
2002-06-13,5.080877304077148,19.280000686645508,19.280000686645508,19.190000534057617,19.25,2100
2002-06-14,5.14675760269165,19.530000686645508,19.540000915527344,19.25,19.25,7100
2002-06-17,5.086144924163818,19.299999237060547,19.450000762939453,19.299999237060547,19.450000762939453,3900
2002-06-18,5.075607776641846,19.260000228881836,19.399999618530273,19.260000228881836,19.399999618530273,3100
2002-06-19,5.091416835784912,19.31999969482422,19.329999923706055,19.260000228881836,19.299999237060547,1500
2002-06-20,5.099323272705078,19.350000381469727,19.43000030517578,19.209999084472656,19.31999969482422,4000
2002-06-21,5.099323272705078,19.350000381469727,19.450000762939453,19.299999237060547,19.31999969482422,3100
2002-06-24,5.107227802276611,19.3799991607666,19.3799991607666,19.299999237060547,19.299999237060547,1300
2002-06-25,5.072969913482666,19.25,19.3799991607666,19.1200008392334,19.3799991607666,10100
2002-06-26,5.086144924163818,19.299999237060547,19.350000381469727,19.100000381469727,19.260000228881836,23100
2002-06-27,5.117769718170166,19.420000076293945,19.479999542236328,19.350000381469727,19.350000381469727,3900
2002-06-28,5.130947113037109,19.469999313354492,19.479999542236328,19.450000762939453,19.450000762939453,600
2002-07-01,5.144123077392578,19.520000457763672,19.520000457763672,19.459999084472656,19.479999542236328,5800
2002-07-02,5.168276309967041,19.260000228881836,19.360000610351562,19.170000076293945,19.270000457763672,4100
2002-07-03,5.165592193603516,19.25,19.290000915527344,19.25,19.260000228881836,3500
2002-07-05,5.165592193603516,19.25,19.25,19.25,19.25,300
2002-07-08,5.133388996124268,19.1299991607666,19.25,19.1299991607666,19.25,2900
2002-07-09,5.162907123565674,19.239999771118164,19.239999771118164,19.190000534057617,19.190000534057617,1300
2002-07-10,5.160224437713623,19.229999542236328,19.229999542236328,19.149999618530273,19.149999618530273,2900
2002-07-11,5.160224437713623,19.229999542236328,19.229999542236328,19.229999542236328,19.229999542236328,500
2002-07-12,5.141441822052002,19.15999984741211,19.209999084472656,19.15999984741211,19.200000762939453,2100
2002-07-15,5.179006576538086,19.299999237060547,19.299999237060547,19.229999542236328,19.229999542236328,8500
2002-07-16,5.1575422286987305,19.219999313354492,19.350000381469727,19.219999313354492,19.299999237060547,2600
2002-07-17,5.227309226989746,19.479999542236328,19.479999542236328,19.299999237060547,19.299999237060547,4500
2002-07-18,5.227309226989746,19.479999542236328,19.479999542236328,19.479999542236328,19.479999542236328,3700
2002-07-19,5.221944808959961,19.459999084472656,19.459999084472656,19.31999969482422,19.450000762939453,4700
2002-07-22,5.192425727844238,19.350000381469727,19.40999984741211,19.309999465942383,19.40999984741211,1800
2002-07-23,5.179006576538086,19.299999237060547,19.469999313354492,19.219999313354492,19.469999313354492,4700
2002-07-24,5.1575422286987305,19.219999313354492,19.399999618530273,19.200000762939453,19.299999237060547,7900
2002-07-25,5.138757228851318,19.149999618530273,19.200000762939453,19.100000381469727,19.200000762939453,5500
2002-07-26,5.152174949645996,19.200000762939453,19.200000762939453,19.15999984741211,19.15999984741211,2600
2002-07-29,5.146806240081787,19.18000030517578,19.200000762939453,19.049999237060547,19.200000762939453,3400
2002-07-30,5.152174949645996,19.200000762939453,19.200000762939453,19.100000381469727,19.100000381469727,27500
2002-07-31,5.2165727615356445,19.440000534057617,19.440000534057617,19.25,19.25,5100
2002-08-01,5.179006576538086,19.299999237060547,19.450000762939453,19.260000228881836,19.440000534057617,5600
2002-08-02,5.200472831726074,19.3799991607666,19.440000534057617,19.270000457763672,19.270000457763672,9200
2002-08-05,5.1977925300598145,19.3700008392334,19.389999389648438,19.3700008392334,19.3799991607666,1800
2002-08-06,5.179006576538086,19.299999237060547,19.3700008392334,19.270000457763672,19.360000610351562,5500
2002-08-07,5.098504066467285,19.0,19.450000762939453,18.799999237060547,19.399999618530273,12300
2002-08-08,5.111923694610596,19.049999237060547,19.049999237060547,18.899999618530273,18.899999618530273,1300
2002-08-09,5.125337600708008,19.100000381469727,19.18000030517578,19.0,19.100000381469727,1500
2002-08-12,5.098504066467285,19.0,19.149999618530273,19.0,19.100000381469727,8700
2002-08-13,5.1038713455200195,19.020000457763672,19.100000381469727,19.020000457763672,19.079999923706055,3900
2002-08-14,5.133388996124268,19.1299991607666,19.149999618530273,19.100000381469727,19.100000381469727,4300
2002-08-15,5.179006576538086,19.299999237060547,19.34000015258789,19.1299991607666,19.1299991607666,7900
2002-08-16,5.160224437713623,19.229999542236328,19.350000381469727,19.229999542236328,19.329999923706055,3900
2002-08-19,5.187058925628662,19.329999923706055,19.329999923706055,19.239999771118164,19.25,5100
2002-08-20,5.152174949645996,19.200000762939453,19.299999237060547,19.200000762939453,19.299999237060547,2000
2002-08-21,5.154855251312256,19.209999084472656,19.209999084472656,19.209999084472656,19.209999084472656,500
2002-08-22,5.152174949645996,19.200000762939453,19.200000762939453,19.110000610351562,19.200000762939453,4500
2002-08-23,5.146806240081787,19.18000030517578,19.18000030517578,19.149999618530273,19.149999618530273,1300
2002-08-26,5.152174949645996,19.200000762939453,19.200000762939453,19.18000030517578,19.18000030517578,7800
2002-08-27,5.152174949645996,19.200000762939453,19.200000762939453,19.149999618530273,19.149999618530273,11800
2002-08-28,5.152174949645996,19.200000762939453,19.200000762939453,19.200000762939453,19.200000762939453,700
2002-08-29,5.138757228851318,19.149999618530273,19.149999618530273,19.100000381469727,19.100000381469727,2200
2002-08-30,5.149489879608154,19.190000534057617,19.190000534057617,19.100000381469727,19.100000381469727,1500
2002-09-03,5.152174949645996,19.200000762939453,19.200000762939453,19.1200008392334,19.190000534057617,5000
2002-09-04,5.154855251312256,19.209999084472656,19.25,19.18000030517578,19.200000762939453,5900
2002-09-05,5.152174949645996,19.200000762939453,19.200000762939453,19.170000076293945,19.200000762939453,28100
2002-09-06,5.144122123718262,19.170000076293945,19.200000762939453,19.170000076293945,19.200000762939453,7200
2002-09-09,5.195108413696289,19.360000610351562,19.360000610351562,19.200000762939453,19.200000762939453,2200
2002-09-10,5.1977925300598145,19.3700008392334,19.3799991607666,19.309999465942383,19.34000015258789,1500
2002-09-11,5.203155517578125,19.389999389648438,19.389999389648438,19.3799991607666,19.3799991607666,200
2002-09-12,5.200472831726074,19.3799991607666,19.3799991607666,19.31999969482422,19.31999969482422,2500
2002-09-13,5.184375286102295,19.31999969482422,19.389999389648438,19.270000457763672,19.3700008392334,1700
2002-09-16,5.200472831726074,19.3799991607666,19.3799991607666,19.200000762939453,19.200000762939453,6700
2002-09-17,5.2165727615356445,19.440000534057617,19.540000915527344,19.360000610351562,19.399999618530273,6500
2002-09-18,5.2621941566467285,19.610000610351562,19.700000762939453,19.459999084472656,19.5,5000
2002-09-19,5.310497283935547,19.790000915527344,19.790000915527344,19.610000610351562,19.700000762939453,4100
2002-09-20,5.289028644561768,19.709999084472656,19.889999389648438,19.649999618530273,19.700000762939453,5500
2002-09-23,5.36416482925415,19.989999771118164,20.0,19.799999237060547,19.799999237060547,8300
2002-09-24,5.4488301277160645,19.950000762939453,19.950000762939453,19.5,19.549999237060547,9200
2002-09-25,5.462486743927002,20.0,20.0,19.700000762939453,19.829999923706055,7100
2002-09-26,5.4488301277160645,19.950000762939453,19.950000762939453,19.860000610351562,19.860000610351562,1000
2002-09-27,5.440637111663818,19.920000076293945,19.979999542236328,19.899999618530273,19.899999618530273,1000
2002-09-30,5.489799499511719,20.100000381469727,20.100000381469727,19.860000610351562,19.899999618530273,4100
2002-10-01,5.462486743927002,20.0,20.0,19.93000030517578,20.0,500
2002-10-02,5.459757328033447,19.989999771118164,19.989999771118164,19.860000610351562,19.920000076293945,4800
2002-10-03,5.440637111663818,19.920000076293945,20.0,19.920000076293945,20.0,2900
2002-10-04,5.437906742095947,19.90999984741211,19.90999984741211,19.90999984741211,19.90999984741211,500
2002-10-07,5.435175895690918,19.899999618530273,20.079999923706055,19.899999618530273,19.90999984741211,3100
2002-10-08,5.484338283538818,20.079999923706055,20.100000381469727,19.989999771118164,20.0,2900
2002-10-09,5.462486743927002,20.0,20.079999923706055,20.0,20.079999923706055,2400
2002-10-10,5.462486743927002,20.0,20.010000228881836,19.899999618530273,20.010000228881836,3600
2002-10-11,5.4706830978393555,20.030000686645508,20.030000686645508,19.899999618530273,19.920000076293945,2400
2002-10-14,5.4488301277160645,19.950000762939453,20.0,19.950000762939453,20.0,500
2002-10-15,5.429712772369385,19.8799991607666,20.049999237060547,19.850000381469727,20.049999237060547,3800
2002-10-16,5.4269819259643555,19.8700008392334,20.0,19.8700008392334,20.0,3200
2002-10-17,5.4488301277160645,19.950000762939453,19.969999313354492,19.850000381469727,19.860000610351562,3700
2002-10-18,5.421519756317139,19.850000381469727,19.950000762939453,19.850000381469727,19.950000762939453,400
2002-10-21,5.328658103942871,19.510000228881836,19.850000381469727,19.510000228881836,19.850000381469727,5100
2002-10-22,5.287688732147217,19.360000610351562,19.549999237060547,19.360000610351562,19.549999237060547,3400
2002-10-23,5.216676712036133,19.100000381469727,19.3700008392334,19.0,19.3700008392334,5600
2002-10-24,5.194826126098633,19.020000457763672,19.020000457763672,19.020000457763672,19.020000457763672,100
2002-10-25,5.20302152633667,19.049999237060547,19.049999237060547,19.049999237060547,19.049999237060547,1500
2002-10-28,5.254915237426758,19.239999771118164,19.239999771118164,19.049999237060547,19.059999465942383,4700
2002-10-29,5.271300792694092,19.299999237060547,19.299999237060547,19.25,19.25,800
2002-10-30,5.284958362579346,19.350000381469727,19.43000030517578,19.350000381469727,19.350000381469727,2500
2002-10-31,5.298612594604492,19.399999618530273,19.450000762939453,19.350000381469727,19.399999618530273,1800
2002-11-01,5.274032115936279,19.309999465942383,19.450000762939453,19.270000457763672,19.399999618530273,2400
2002-11-04,5.260379791259766,19.260000228881836,19.43000030517578,19.260000228881836,19.350000381469727,5500
2002-11-05,5.293149948120117,19.3799991607666,19.43000030517578,19.34000015258789,19.34000015258789,3200
2002-11-06,5.350508213043213,19.59000015258789,19.59000015258789,19.43000030517578,19.43000030517578,4100
2002-11-07,5.325927257537842,19.5,19.649999618530273,19.5,19.649999618530273,4000
2002-11-08,5.339583396911621,19.549999237060547,19.59000015258789,19.399999618530273,19.579999923706055,6100
2002-11-11,5.331388473510742,19.520000457763672,19.600000381469727,19.520000457763672,19.579999923706055,1500
2002-11-12,5.353238582611084,19.600000381469727,19.600000381469727,19.469999313354492,19.469999313354492,300
2002-11-13,5.358699798583984,19.6200008392334,19.700000762939453,19.579999923706055,19.600000381469727,2500
2002-11-14,5.391475200653076,19.739999771118164,19.739999771118164,19.600000381469727,19.600000381469727,2900
2002-11-15,5.407862186431885,19.799999237060547,19.799999237060547,19.700000762939453,19.700000762939453,1100
2002-11-18,5.407862186431885,19.799999237060547,19.799999237060547,19.700000762939453,19.700000762939453,900
2002-11-19,5.38328218460083,19.709999084472656,19.790000915527344,19.700000762939453,19.790000915527344,2000
2002-11-20,5.4488301277160645,19.950000762939453,19.950000762939453,19.790000915527344,19.790000915527344,1600
2002-11-21,5.437906742095947,19.90999984741211,19.920000076293945,19.90999984741211,19.920000076293945,800
2002-11-22,5.440637111663818,19.920000076293945,20.0,19.799999237060547,19.950000762939453,4800
2002-11-25,5.429712772369385,19.8799991607666,19.959999084472656,19.8799991607666,19.899999618530273,1300
2002-11-26,5.3559699058532715,19.610000610351562,19.700000762939453,19.549999237060547,19.700000762939453,5900
2002-11-27,5.325927257537842,19.5,19.899999618530273,19.5,19.549999237060547,6300
2002-11-29,5.325927257537842,19.5,19.5,19.5,19.5,0
2002-12-02,5.298612594604492,19.399999618530273,19.5,19.399999618530273,19.5,6800
2002-12-03,5.325927257537842,19.5,19.5,19.399999618530273,19.399999618530273,1900
2002-12-04,5.350508213043213,19.59000015258789,19.59000015258789,19.40999984741211,19.5,3200
2002-12-05,5.402402877807617,19.780000686645508,19.780000686645508,19.450000762939453,19.5,1900
2002-12-06,5.45156192779541,19.959999084472656,19.979999542236328,19.850000381469727,19.850000381469727,3500
2002-12-09,5.435175895690918,19.899999618530273,20.0,19.899999618530273,20.0,2000
2002-12-10,5.457027435302734,19.979999542236328,19.989999771118164,19.850000381469727,19.850000381469727,5000
2002-12-11,5.459757328033447,19.989999771118164,19.989999771118164,19.700000762939453,19.989999771118164,8800
2002-12-12,5.435175895690918,19.899999618530273,20.0,19.899999618530273,19.989999771118164,4000
2002-12-13,5.41059684753418,19.809999465942383,19.989999771118164,19.809999465942383,19.989999771118164,2100
2002-12-16,5.459757328033447,19.989999771118164,19.989999771118164,19.860000610351562,19.860000610351562,3200
2002-12-17,5.424252033233643,19.860000610351562,20.020000457763672,19.860000610351562,19.940000534057617,5200
2002-12-18,5.435175895690918,19.899999618530273,19.979999542236328,19.829999923706055,19.90999984741211,3500
2002-12-19,5.46795129776001,20.020000457763672,20.020000457763672,19.979999542236328,19.979999542236328,2700
2002-12-20,5.517114162445068,20.200000762939453,20.200000762939453,19.899999618530273,19.920000076293945,3500
2002-12-23,5.462486743927002,20.0,20.25,19.950000762939453,20.25,6600
2002-12-24,5.4569315910339355,19.639999389648438,19.850000381469727,19.549999237060547,19.75,5400
2002-12-26,5.42081356048584,19.510000228881836,19.549999237060547,19.510000228881836,19.510000228881836,3000
2002-12-27,5.443039417266846,19.59000015258789,19.59000015258789,19.5,19.59000015258789,2600
2002-12-30,5.423590183258057,19.520000457763672,19.579999923706055,19.479999542236328,19.5,1700
2002-12-31,5.440260410308838,19.579999923706055,19.579999923706055,19.479999542236328,19.579999923706055,3100
2003-01-02,5.395805835723877,19.420000076293945,19.579999923706055,19.40999984741211,19.479999542236328,6400
2003-01-03,5.415256500244141,19.489999771118164,19.489999771118164,19.489999771118164,19.489999771118164,3100
2003-01-06,5.4319257736206055,19.549999237060547,19.6200008392334,19.43000030517578,19.489999771118164,11100
2003-01-07,5.487493991851807,19.75,19.75,19.549999237060547,19.549999237060547,2900
2003-01-08,5.468047618865967,19.68000030517578,19.75,19.68000030517578,19.700000762939453,1500
2003-01-09,5.526393413543701,19.889999389648438,19.889999389648438,19.75,19.75,3200
2003-01-10,5.506943702697754,19.81999969482422,19.899999618530273,19.81999969482422,19.889999389648438,1000
2003-01-13,5.543063163757324,19.950000762939453,19.969999313354492,19.850000381469727,19.8799991607666,1700
2003-01-14,5.62086296081543,20.229999542236328,20.399999618530273,19.989999771118164,19.989999771118164,12100
2003-01-15,5.615303993225098,20.209999084472656,20.299999237060547,20.1200008392334,20.1200008392334,4000
2003-01-16,5.623641014099121,20.239999771118164,20.329999923706055,20.229999542236328,20.229999542236328,2500
2003-01-17,5.64309024810791,20.309999465942383,20.31999969482422,20.309999465942383,20.31999969482422,400
2003-01-21,5.681988716125488,20.450000762939453,20.549999237060547,20.3700008392334,20.3700008392334,5100
2003-01-22,5.72366189956665,20.600000381469727,20.600000381469727,20.5,20.530000686645508,6100
2003-01-23,5.734779357910156,20.639999389648438,20.639999389648438,20.5,20.579999923706055,4100
2003-01-24,5.72366189956665,20.600000381469727,20.780000686645508,20.600000381469727,20.600000381469727,2800
2003-01-27,5.726446151733398,20.610000610351562,20.700000762939453,20.559999465942383,20.639999389648438,2500
2003-01-28,5.754225730895996,20.709999084472656,20.709999084472656,20.600000381469727,20.709999084472656,2900
2003-01-29,5.75145149230957,20.700000762939453,20.799999237060547,20.65999984741211,20.709999084472656,5600
2003-01-30,5.7458953857421875,20.68000030517578,20.68000030517578,20.68000030517578,20.68000030517578,500
2003-01-31,5.75145149230957,20.700000762939453,20.709999084472656,20.68000030517578,20.700000762939453,2100
2003-02-03,5.737558841705322,20.649999618530273,20.81999969482422,20.649999618530273,20.729999542236328,3000
2003-02-04,5.7014384269714355,20.520000457763672,20.579999923706055,20.5,20.56999969482422,4300
2003-02-05,5.729222774505615,20.6200008392334,20.6200008392334,20.489999771118164,20.5,5400
2003-02-06,5.706994533538818,20.540000915527344,20.6200008392334,20.540000915527344,20.6200008392334,300
2003-02-07,5.679209232330322,20.440000534057617,20.489999771118164,20.360000610351562,20.489999771118164,3700
2003-02-10,5.656981468200684,20.360000610351562,20.479999542236328,20.360000610351562,20.479999542236328,3600
2003-02-11,5.64309024810791,20.309999465942383,20.399999618530273,20.299999237060547,20.399999618530273,1800
2003-02-12,5.662539005279541,20.3799991607666,20.3799991607666,20.31999969482422,20.31999969482422,1100
2003-02-13,5.656981468200684,20.360000610351562,20.360000610351562,20.360000610351562,20.360000610351562,100
2003-02-14,5.690324783325195,20.479999542236328,20.479999542236328,20.389999389648438,20.389999389648438,1000
2003-02-18,5.690324783325195,20.479999542236328,20.479999542236328,20.479999542236328,20.479999542236328,0
2003-02-19,5.690324783325195,20.479999542236328,20.479999542236328,20.469999313354492,20.469999313354492,300
2003-02-20,5.715330123901367,20.56999969482422,20.56999969482422,20.399999618530273,20.399999618530273,2000
2003-02-21,5.70977258682251,20.549999237060547,20.549999237060547,20.510000228881836,20.530000686645508,1300
2003-02-24,5.690324783325195,20.479999542236328,20.5,20.479999542236328,20.489999771118164,600
2003-02-25,5.670874118804932,20.40999984741211,20.489999771118164,20.360000610351562,20.479999542236328,4300
2003-02-26,5.64309024810791,20.309999465942383,20.440000534057617,20.280000686645508,20.440000534057617,1700
2003-02-27,5.640310287475586,20.299999237060547,20.360000610351562,20.290000915527344,20.360000610351562,900
2003-02-28,5.651423931121826,20.34000015258789,20.3799991607666,20.280000686645508,20.3799991607666,6800
2003-03-03,5.64309024810791,20.309999465942383,20.360000610351562,20.280000686645508,20.360000610351562,1000
2003-03-04,5.687547206878662,20.469999313354492,20.479999542236328,20.260000228881836,20.270000457763672,5500
2003-03-05,5.718108177185059,20.579999923706055,20.6299991607666,20.469999313354492,20.469999313354492,7700
2003-03-06,5.712549686431885,20.559999465942383,20.610000610351562,20.549999237060547,20.610000610351562,2300
2003-03-07,5.729222774505615,20.6200008392334,20.6200008392334,20.579999923706055,20.579999923706055,500
2003-03-10,5.765342712402344,20.75,20.75,20.579999923706055,20.579999923706055,3500
2003-03-11,5.773679256439209,20.780000686645508,20.780000686645508,20.649999618530273,20.690000534057617,6400
2003-03-12,5.770898818969727,20.770000457763672,20.81999969482422,20.760000228881836,20.799999237060547,1300
2003-03-13,5.832028388977051,20.989999771118164,21.049999237060547,20.780000686645508,20.780000686645508,5800
2003-03-14,5.798683166503906,20.8700008392334,20.940000534057617,20.860000610351562,20.940000534057617,2900
2003-03-17,5.812577247619629,20.920000076293945,21.049999237060547,20.920000076293945,21.0,1900
2003-03-18,5.809798240661621,20.90999984741211,20.989999771118164,20.899999618530273,20.899999618530273,1900
2003-03-19,5.829250335693359,20.979999542236328,21.020000457763672,20.899999618530273,21.020000457763672,1900
2003-03-20,5.815356731414795,20.93000030517578,20.93000030517578,20.93000030517578,20.93000030517578,200
2003-03-21,5.820913314819336,20.950000762939453,20.950000762939453,20.860000610351562,20.90999984741211,2200
2003-03-24,5.768124103546143,20.760000228881836,20.799999237060547,20.719999313354492,20.799999237060547,3100
2003-03-25,5.7458953857421875,20.68000030517578,20.75,20.600000381469727,20.75,5800
2003-03-26,5.75145149230957,20.700000762939453,20.700000762939453,20.700000762939453,20.700000762939453,100
2003-03-27,5.734779357910156,20.639999389648438,20.649999618530273,20.639999389648438,20.649999618530273,500
2003-03-28,5.74867057800293,20.690000534057617,20.719999313354492,20.690000534057617,20.719999313354492,600
2003-03-31,5.737558841705322,20.649999618530273,20.780000686645508,20.6200008392334,20.780000686645508,3500
2003-04-01,5.723437309265137,20.260000228881836,20.350000381469727,20.260000228881836,20.260000228881836,2200
2003-04-02,5.754509925842285,20.3700008392334,20.399999618530273,20.260000228881836,20.350000381469727,7100
2003-04-03,5.785582542419434,20.479999542236328,20.489999771118164,20.399999618530273,20.399999618530273,800
2003-04-04,5.805355072021484,20.549999237060547,20.559999465942383,20.5,20.5,1000
2003-04-07,5.802533149719238,20.540000915527344,20.600000381469727,20.5,20.5,2100
2003-04-08,5.799708843231201,20.530000686645508,20.6299991607666,20.530000686645508,20.600000381469727,1000
2003-04-09,5.796885013580322,20.520000457763672,20.56999969482422,20.520000457763672,20.540000915527344,2200
2003-04-10,5.8223066329956055,20.610000610351562,20.610000610351562,20.469999313354492,20.469999313354492,3500
2003-04-11,5.859031677246094,20.739999771118164,20.75,20.600000381469727,20.649999618530273,4400
2003-04-14,5.853383541107178,20.719999313354492,20.780000686645508,20.65999984741211,20.780000686645508,2200
2003-04-15,5.842081069946289,20.68000030517578,20.90999984741211,20.68000030517578,20.770000457763672,6900
2003-04-16,5.847733974456787,20.700000762939453,20.81999969482422,20.649999618530273,20.700000762939453,3700
2003-04-17,5.839259624481201,20.670000076293945,20.770000457763672,20.649999618530273,20.649999618530273,2000
2003-04-21,5.890105724334717,20.850000381469727,20.850000381469727,20.65999984741211,20.670000076293945,3500
2003-04-22,5.909883975982666,20.920000076293945,21.079999923706055,20.899999618530273,20.899999618530273,5100
2003-04-23,5.912707328796387,20.93000030517578,20.93000030517578,20.850000381469727,20.889999389648438,1700
2003-04-24,5.890105724334717,20.850000381469727,20.979999542236328,20.850000381469727,20.979999542236328,3000
2003-04-25,5.890105724334717,20.850000381469727,20.850000381469727,20.850000381469727,20.850000381469727,1200
2003-04-28,5.890105724334717,20.850000381469727,20.899999618530273,20.75,20.75,3500
2003-04-29,5.842081069946289,20.68000030517578,20.899999618530273,20.670000076293945,20.899999618530273,2400
2003-04-30,5.842081069946289,20.68000030517578,20.75,20.649999618530273,20.649999618530273,1600
2003-05-01,5.859031677246094,20.739999771118164,20.84000015258789,20.68000030517578,20.799999237060547,2700
2003-05-02,5.85055685043335,20.709999084472656,20.729999542236328,20.709999084472656,20.729999542236328,400
2003-05-05,5.813833236694336,20.579999923706055,20.799999237060547,20.5,20.799999237060547,5100
2003-05-06,5.875982284545898,20.799999237060547,20.81999969482422,20.520000457763672,20.520000457763672,9500
2003-05-07,5.90423059463501,20.899999618530273,20.950000762939453,20.81999969482422,20.850000381469727,3700
2003-05-08,5.90423059463501,20.899999618530273,20.950000762939453,20.799999237060547,20.899999618530273,3600
2003-05-09,5.90423059463501,20.899999618530273,20.90999984741211,20.899999618530273,20.899999618530273,300
2003-05-12,5.884459018707275,20.829999923706055,20.899999618530273,20.780000686645508,20.899999618530273,2900
2003-05-13,5.898581027984619,20.8799991607666,20.8799991607666,20.780000686645508,20.8799991607666,12200
2003-05-14,5.946606636047363,21.049999237060547,21.049999237060547,20.889999389648438,20.899999618530273,1500
2003-05-15,5.955080509185791,21.079999923706055,21.079999923706055,21.040000915527344,21.040000915527344,1400
2003-05-16,5.938134670257568,21.020000457763672,21.100000381469727,21.020000457763672,21.049999237060547,2400
2003-05-19,5.957906723022461,21.09000015258789,21.09000015258789,21.030000686645508,21.030000686645508,900
2003-05-20,5.949432373046875,21.059999465942383,21.139999389648438,21.049999237060547,21.100000381469727,5300
2003-05-21,5.983331203460693,21.18000030517578,21.18000030517578,21.079999923706055,21.100000381469727,2200
2003-05-22,5.924007415771484,20.969999313354492,21.200000762939453,20.950000762939453,21.18000030517578,8800
2003-05-23,5.957906723022461,21.09000015258789,21.09000015258789,20.969999313354492,20.979999542236328,5000
2003-05-27,5.960731029510498,21.100000381469727,21.18000030517578,21.049999237060547,21.049999237060547,2300
2003-05-28,6.0285325050354,21.34000015258789,21.34000015258789,21.200000762939453,21.25,2400
2003-05-29,6.051131248474121,21.420000076293945,21.489999771118164,21.399999618530273,21.399999618530273,2800
2003-05-30,6.045481204986572,21.399999618530273,21.450000762939453,21.329999923706055,21.450000762939453,4500
2003-06-02,6.0567803382873535,21.440000534057617,21.5,21.329999923706055,21.489999771118164,3700
2003-06-03,6.03135871887207,21.350000381469727,21.350000381469727,21.25,21.25,4200
2003-06-04,6.0567803382873535,21.440000534057617,21.440000534057617,21.399999618530273,21.399999618530273,500
2003-06-05,6.045481204986572,21.399999618530273,21.450000762939453,21.399999618530273,21.440000534057617,400
2003-06-06,6.144359588623047,21.75,21.850000381469727,21.649999618530273,21.850000381469727,8200
2003-06-09,6.172606468200684,21.850000381469727,21.850000381469727,21.790000915527344,21.850000381469727,5600
2003-06-10,6.152833938598633,21.780000686645508,21.989999771118164,21.729999542236328,21.75,10600
2003-06-11,6.150006294250488,21.770000457763672,21.850000381469727,21.760000228881836,21.850000381469727,600
2003-06-12,6.158481597900391,21.799999237060547,21.860000610351562,21.709999084472656,21.729999542236328,1600
2003-06-13,6.116106033325195,21.649999618530273,21.709999084472656,21.649999618530273,21.700000762939453,1500
2003-06-16,6.13023042678833,21.700000762939453,21.700000762939453,21.700000762939453,21.700000762939453,100
2003-06-17,6.144359588623047,21.75,21.75,21.719999313354492,21.719999313354492,3200
2003-06-18,6.1867289543151855,21.899999618530273,22.0,21.670000076293945,21.780000686645508,6000
2003-06-19,6.200855255126953,21.950000762939453,22.079999923706055,21.829999923706055,21.959999084472656,4000
2003-06-20,6.135880947113037,21.719999313354492,21.8799991607666,21.719999313354492,21.8700008392334,3400
2003-06-23,6.13023042678833,21.700000762939453,21.729999542236328,21.700000762939453,21.729999542236328,1900
2003-06-24,6.11893367767334,21.65999984741211,21.700000762939453,21.649999618530273,21.700000762939453,1000
2003-06-25,6.11893367767334,21.65999984741211,21.65999984741211,21.65999984741211,21.65999984741211,200
2003-06-26,6.133054733276367,21.709999084472656,21.850000381469727,21.700000762939453,21.790000915527344,3900
2003-06-27,6.161304473876953,21.809999465942383,21.81999969482422,21.799999237060547,21.799999237060547,1200
2003-06-30,6.169782638549805,21.84000015258789,21.84000015258789,21.700000762939453,21.719999313354492,2100
2003-07-01,6.212827682495117,21.649999618530273,21.700000762939453,21.549999237060547,21.700000762939453,3000
2003-07-02,6.089431285858154,21.219999313354492,21.610000610351562,21.219999313354492,21.610000610351562,3100
2003-07-03,6.141085147857666,21.399999618530273,21.399999618530273,21.200000762939453,21.200000762939453,1200
2003-07-07,5.940209865570068,20.700000762939453,21.299999237060547,20.700000762939453,21.299999237060547,10600
2003-07-08,5.928730010986328,20.65999984741211,20.799999237060547,20.65999984741211,20.799999237060547,3500
2003-07-09,5.945949077606201,20.719999313354492,20.799999237060547,20.549999237060547,20.690000534057617,4800
2003-07-10,5.931600570678711,20.670000076293945,20.75,20.559999465942383,20.739999771118164,3500
2003-07-11,5.885684013366699,20.510000228881836,20.600000381469727,20.510000228881836,20.600000381469727,4500
2003-07-14,5.89716100692749,20.549999237060547,20.739999771118164,20.40999984741211,20.510000228881836,6000
2003-07-15,5.89716100692749,20.549999237060547,20.6299991607666,20.549999237060547,20.600000381469727,400
2003-07-16,5.856990814208984,20.40999984741211,20.489999771118164,20.40999984741211,20.489999771118164,2200
2003-07-17,5.796727180480957,20.200000762939453,20.270000457763672,20.059999465942383,20.260000228881836,4500
2003-07-18,5.81107234954834,20.25,20.25,20.059999465942383,20.100000381469727,1500
2003-07-21,5.770895957946777,20.110000610351562,20.329999923706055,20.110000610351562,20.219999313354492,1800
2003-07-22,5.796727180480957,20.200000762939453,20.280000686645508,20.049999237060547,20.049999237060547,10000
2003-07-23,5.819681167602539,20.280000686645508,20.280000686645508,20.239999771118164,20.239999771118164,1400
2003-07-24,5.805335998535156,20.229999542236328,20.329999923706055,20.229999542236328,20.31999969482422,500
2003-07-25,5.7938551902771,20.190000534057617,20.190000534057617,20.149999618530273,20.149999618530273,1800
2003-07-28,5.785246849060059,20.15999984741211,20.190000534057617,20.149999618530273,20.15999984741211,1900
2003-07-29,5.538453578948975,19.299999237060547,20.149999618530273,19.299999237060547,20.149999618530273,9300
2003-07-30,5.61593770980835,19.56999969482422,19.600000381469727,19.309999465942383,19.309999465942383,6200
2003-07-31,5.552806377410889,19.350000381469727,19.549999237060547,19.209999084472656,19.549999237060547,7900
2003-08-01,5.495409965515137,19.149999618530273,19.190000534057617,19.010000228881836,19.190000534057617,4700
2003-08-04,5.351925849914551,18.649999618530273,19.100000381469727,18.510000228881836,19.100000381469727,10600
2003-08-05,5.277315616607666,18.389999389648438,18.75,18.3799991607666,18.75,10500
2003-08-06,5.4093194007873535,18.850000381469727,18.979999542236328,18.489999771118164,18.489999771118164,9800
2003-08-07,5.383492946624756,18.760000228881836,18.920000076293945,18.75,18.75,8600
2003-08-08,5.374882221221924,18.729999542236328,18.8799991607666,18.399999618530273,18.780000686645508,44600
2003-08-11,5.460975170135498,19.030000686645508,19.079999923706055,18.739999771118164,18.739999771118164,17700
2003-08-12,5.512627601623535,19.209999084472656,19.209999084472656,18.989999771118164,18.989999771118164,4100
2003-08-13,5.538453578948975,19.299999237060547,19.350000381469727,19.25,19.25,1200
2003-08-14,5.552806377410889,19.350000381469727,19.350000381469727,19.329999923706055,19.329999923706055,700
2003-08-15,5.549934387207031,19.34000015258789,19.399999618530273,19.34000015258789,19.350000381469727,1000
2003-08-18,5.552806377410889,19.350000381469727,19.350000381469727,19.31999969482422,19.31999969482422,3300
2003-08-19,5.515500068664551,19.219999313354492,19.350000381469727,19.149999618530273,19.350000381469727,5800
2003-08-20,5.524108409881592,19.25,19.25,19.059999465942383,19.200000762939453,3500
2003-08-21,5.50976037979126,19.200000762939453,19.239999771118164,19.190000534057617,19.209999084472656,1900
2003-08-22,5.46671199798584,19.049999237060547,19.100000381469727,18.850000381469727,19.049999237060547,4300
2003-08-25,5.498279094696045,19.15999984741211,19.15999984741211,18.959999084472656,18.979999542236328,1400
2003-08-26,5.443756580352783,18.969999313354492,19.200000762939453,18.969999313354492,19.15999984741211,3000
2003-08-27,5.44662618637085,18.979999542236328,19.09000015258789,18.979999542236328,19.09000015258789,2000
2003-08-28,5.481063365936279,19.100000381469727,19.100000381469727,18.940000534057617,18.940000534057617,4500
2003-08-29,5.46671199798584,19.049999237060547,19.149999618530273,19.0,19.0,2700
2003-09-02,5.469582557678223,19.059999465942383,19.229999542236328,19.059999465942383,19.149999618530273,4300
2003-09-03,5.472455024719238,19.06999969482422,19.360000610351562,19.06999969482422,19.270000457763672,3400
2003-09-04,5.567152976989746,19.399999618530273,19.399999618530273,19.15999984741211,19.15999984741211,1900
2003-09-05,5.564282417297363,19.389999389648438,19.389999389648438,19.100000381469727,19.25,4600
2003-09-08,5.524108409881592,19.25,19.389999389648438,19.200000762939453,19.389999389648438,7400
2003-09-09,5.526978015899658,19.260000228881836,19.350000381469727,19.25,19.350000381469727,2500
2003-09-10,5.535584449768066,19.290000915527344,19.389999389648438,19.290000915527344,19.31999969482422,3300
2003-09-11,5.552806377410889,19.350000381469727,19.440000534057617,19.270000457763672,19.270000457763672,7100
2003-09-12,5.541324615478516,19.309999465942383,19.399999618530273,19.290000915527344,19.399999618530273,1100
2003-09-15,5.532716751098633,19.280000686645508,19.280000686645508,19.280000686645508,19.280000686645508,500
2003-09-16,5.572891712188721,19.420000076293945,19.450000762939453,19.3799991607666,19.3799991607666,2300
2003-09-17,5.624547958374023,19.600000381469727,19.600000381469727,19.440000534057617,19.440000534057617,3900
2003-09-18,5.624547958374023,19.600000381469727,19.600000381469727,19.399999618530273,19.600000381469727,5900
2003-09-19,5.704896926879883,19.8799991607666,19.8799991607666,19.600000381469727,19.75,2600
2003-09-22,5.624547958374023,19.600000381469727,19.809999465942383,19.549999237060547,19.809999465942383,5400
2003-09-23,5.65083122253418,19.350000381469727,19.350000381469727,19.260000228881836,19.260000228881836,8100
2003-09-24,5.642067909240723,19.31999969482422,19.40999984741211,19.309999465942383,19.3799991607666,3400
2003-09-25,5.662508964538574,19.389999389648438,19.489999771118164,19.389999389648438,19.43000030517578,1900
2003-09-26,5.814367771148682,19.90999984741211,20.0,19.479999542236328,19.479999542236328,7900
2003-09-29,5.758879661560059,19.719999313354492,19.850000381469727,19.600000381469727,19.850000381469727,5600
2003-09-30,5.7822418212890625,19.799999237060547,19.799999237060547,19.579999923706055,19.719999313354492,7000
2003-10-01,5.796846866607666,19.850000381469727,19.920000076293945,19.770000457763672,19.850000381469727,5800
2003-10-02,5.761800289154053,19.729999542236328,19.799999237060547,19.68000030517578,19.700000762939453,3800
2003-10-03,5.7238383293151855,19.600000381469727,19.719999313354492,19.600000381469727,19.719999313354492,4300
2003-10-06,5.7822418212890625,19.799999237060547,19.809999465942383,19.600000381469727,19.700000762939453,4000
2003-10-07,5.744278430938721,19.670000076293945,19.770000457763672,19.59000015258789,19.68000030517578,5300
2003-10-08,5.741358757019043,19.65999984741211,19.690000534057617,19.59000015258789,19.690000534057617,3300
2003-10-09,5.741358757019043,19.65999984741211,19.65999984741211,19.559999465942383,19.65999984741211,2300
2003-10-10,5.747198104858398,19.68000030517578,19.68000030517578,19.65999984741211,19.65999984741211,700
2003-10-13,5.717995643615723,19.579999923706055,19.59000015258789,19.5,19.5,2700
2003-10-14,5.7238383293151855,19.600000381469727,19.600000381469727,19.450000762939453,19.579999923706055,900
2003-10-15,5.7238383293151855,19.600000381469727,19.6200008392334,19.5,19.5,3200
2003-10-16,5.732597351074219,19.6299991607666,19.6299991607666,19.6200008392334,19.6299991607666,2800
2003-10-17,5.732597351074219,19.6299991607666,19.6299991607666,19.6299991607666,19.6299991607666,0
2003-10-20,5.7267584800720215,19.610000610351562,19.649999618530273,19.610000610351562,19.639999389648438,7100
2003-10-21,5.7530388832092285,19.700000762939453,19.700000762939453,19.600000381469727,19.610000610351562,800
2003-10-22,5.7384352684021,19.649999618530273,19.649999618530273,19.56999969482422,19.56999969482422,1800
2003-10-23,5.7209153175354,19.59000015258789,19.739999771118164,19.59000015258789,19.709999084472656,1900
2003-10-24,5.7530388832092285,19.700000762939453,19.700000762939453,19.690000534057617,19.700000762939453,7200
2003-10-27,5.820206165313721,19.93000030517578,19.93000030517578,19.709999084472656,19.709999084472656,20400
2003-10-28,5.831887722015381,19.969999313354492,19.969999313354492,19.93000030517578,19.93000030517578,12300
2003-10-29,5.893212795257568,20.18000030517578,20.18000030517578,19.989999771118164,19.989999771118164,9400
2003-10-30,5.802685260772705,19.8700008392334,20.389999389648438,19.8700008392334,20.18000030517578,11400
2003-10-31,5.65083122253418,19.350000381469727,19.700000762939453,19.15999984741211,19.5,51900
2003-11-03,5.644984245300293,19.329999923706055,19.34000015258789,19.1200008392334,19.209999084472656,7300
2003-11-04,5.662508964538574,19.389999389648438,19.389999389648438,19.170000076293945,19.350000381469727,11000
2003-11-05,5.665430545806885,19.399999618530273,19.450000762939453,19.399999618530273,19.399999618530273,5100
2003-11-06,5.662508964538574,19.389999389648438,19.43000030517578,19.31999969482422,19.43000030517578,1700
2003-11-07,5.662508964538574,19.389999389648438,19.389999389648438,19.309999465942383,19.309999465942383,3200
2003-11-10,5.583660125732422,19.1200008392334,19.34000015258789,19.1200008392334,19.34000015258789,5500
2003-11-11,5.569060325622559,19.06999969482422,19.110000610351562,19.020000457763672,19.100000381469727,7100
2003-11-12,5.5515360832214355,19.010000228881836,19.030000686645508,19.0,19.010000228881836,17100
2003-11-13,5.542776107788086,18.979999542236328,19.049999237060547,18.899999618530273,19.049999237060547,13900
2003-11-14,5.5310959815979,18.940000534057617,19.0,18.899999618530273,19.0,28000
2003-11-17,5.554457187652588,19.020000457763672,19.100000381469727,18.940000534057617,18.989999771118164,17000
2003-11-18,5.615786075592041,19.229999542236328,19.25,19.020000457763672,19.020000457763672,19400
2003-11-19,5.601181983947754,19.18000030517578,19.299999237060547,19.06999969482422,19.079999923706055,23400
2003-11-20,5.615786075592041,19.229999542236328,19.25,19.09000015258789,19.09000015258789,30900
2003-11-21,5.607024669647217,19.200000762939453,19.280000686645508,19.1299991607666,19.229999542236328,29100
2003-11-24,5.595339775085449,19.15999984741211,19.229999542236328,19.15999984741211,19.229999542236328,17000
2003-11-25,5.577822685241699,19.100000381469727,19.200000762939453,19.079999923706055,19.15999984741211,19200
2003-11-26,5.571979999542236,19.079999923706055,19.190000534057617,19.079999923706055,19.18000030517578,9500
2003-11-28,5.601181983947754,19.18000030517578,19.190000534057617,19.110000610351562,19.110000610351562,2600
2003-12-01,5.607024669647217,19.200000762939453,19.25,19.100000381469727,19.25,31500
2003-12-02,5.604103088378906,19.190000534057617,19.239999771118164,19.06999969482422,19.06999969482422,10500
2003-12-03,5.563216686248779,19.049999237060547,19.1299991607666,19.049999237060547,19.1299991607666,7400
2003-12-04,5.571979999542236,19.079999923706055,19.100000381469727,19.049999237060547,19.059999465942383,28700
2003-12-05,5.586579322814941,19.1299991607666,19.139999389648438,19.079999923706055,19.09000015258789,53500
2003-12-08,5.571979999542236,19.079999923706055,19.139999389648438,19.079999923706055,19.139999389648438,10000
2003-12-09,5.571979999542236,19.079999923706055,19.100000381469727,19.059999465942383,19.100000381469727,4700
2003-12-10,5.571979999542236,19.079999923706055,19.100000381469727,19.06999969482422,19.100000381469727,10000
2003-12-11,5.548617362976074,19.0,19.100000381469727,19.0,19.09000015258789,11100
2003-12-12,5.569060325622559,19.06999969482422,19.079999923706055,18.989999771118164,19.040000915527344,52200
2003-12-15,5.563216686248779,19.049999237060547,19.06999969482422,18.969999313354492,19.059999465942383,17600
2003-12-16,5.56613826751709,19.059999465942383,19.06999969482422,19.010000228881836,19.020000457763672,8200
2003-12-17,5.59242057800293,19.149999618530273,19.149999618530273,19.040000915527344,19.040000915527344,14600
2003-12-18,5.569060325622559,19.06999969482422,19.110000610351562,19.0,19.110000610351562,32300
2003-12-19,5.5807414054870605,19.110000610351562,19.110000610351562,18.959999084472656,19.0,17200
2003-12-22,5.586579322814941,19.1299991607666,19.1299991607666,19.030000686645508,19.1299991607666,7000
2003-12-23,5.5807414054870605,19.110000610351562,19.1200008392334,18.979999542236328,19.030000686645508,11700
2003-12-24,5.586579322814941,19.1299991607666,19.139999389648438,19.1200008392334,19.1299991607666,17800
2003-12-26,5.655755519866943,19.049999237060547,19.100000381469727,18.850000381469727,19.100000381469727,30800
2003-12-29,5.626066207885742,18.950000762939453,19.0,18.8700008392334,19.0,23000
2003-12-30,5.629035949707031,18.959999084472656,19.030000686645508,18.8700008392334,19.0,38700
2003-12-31,5.6112236976623535,18.899999618530273,19.040000915527344,18.899999618530273,18.979999542236328,9300
2004-01-02,5.626066207885742,18.950000762939453,19.049999237060547,18.860000610351562,19.049999237060547,19600
2004-01-05,5.634974956512451,18.979999542236328,19.020000457763672,18.829999923706055,19.0,34800
2004-01-06,5.6409125328063965,19.0,19.049999237060547,18.899999618530273,19.020000457763672,17100
2004-01-07,5.626066207885742,18.950000762939453,19.110000610351562,18.899999618530273,19.110000610351562,22200
2004-01-08,5.664662837982178,19.079999923706055,19.079999923706055,18.950000762939453,19.049999237060547,12300
2004-01-09,5.652790069580078,19.040000915527344,19.149999618530273,19.020000457763672,19.100000381469727,17200
2004-01-12,5.661695957183838,19.06999969482422,19.149999618530273,19.0,19.030000686645508,7600
2004-01-13,5.652790069580078,19.040000915527344,19.200000762939453,19.040000915527344,19.200000762939453,5100
2004-01-14,5.670600891113281,19.100000381469727,19.1299991607666,19.040000915527344,19.1200008392334,10000
2004-01-15,5.682473659515381,19.139999389648438,19.200000762939453,19.049999237060547,19.200000762939453,27900
2004-01-16,5.661695957183838,19.06999969482422,19.200000762939453,19.06999969482422,19.200000762939453,61800
2004-01-20,5.727011680603027,19.290000915527344,19.299999237060547,19.170000076293945,19.25,19300
2004-01-21,5.729977607727051,19.299999237060547,19.329999923706055,19.280000686645508,19.309999465942383,5300
2004-01-22,5.727011680603027,19.290000915527344,19.350000381469727,19.190000534057617,19.299999237060547,16300
2004-01-23,5.724044322967529,19.280000686645508,19.3700008392334,19.25,19.350000381469727,8100
2004-01-26,5.724044322967529,19.280000686645508,19.34000015258789,19.200000762939453,19.34000015258789,7400
2004-01-27,5.700290679931641,19.200000762939453,19.3799991607666,19.18000030517578,19.3799991607666,19600
2004-01-28,5.685446739196777,19.149999618530273,19.290000915527344,19.149999618530273,19.270000457763672,16500
2004-01-29,5.688412666320801,19.15999984741211,19.239999771118164,19.139999389648438,19.149999618530273,9100
2004-01-30,5.682473659515381,19.139999389648438,19.239999771118164,19.1299991607666,19.239999771118164,4800
2004-02-02,5.679505825042725,19.1299991607666,19.219999313354492,19.1299991607666,19.139999389648438,4400
2004-02-03,5.700290679931641,19.200000762939453,19.280000686645508,19.15999984741211,19.280000686645508,2400
2004-02-04,5.724044322967529,19.280000686645508,19.280000686645508,19.030000686645508,19.149999618530273,18300
2004-02-05,5.712164402008057,19.239999771118164,19.270000457763672,19.139999389648438,19.200000762939453,10100
2004-02-06,5.729977607727051,19.299999237060547,19.350000381469727,19.280000686645508,19.350000381469727,5500
2004-02-09,5.724044322967529,19.280000686645508,19.350000381469727,19.18000030517578,19.229999542236328,5900
2004-02-10,5.721070289611816,19.270000457763672,19.399999618530273,19.200000762939453,19.3799991607666,7200
2004-02-11,5.715132713317871,19.25,19.3799991607666,19.219999313354492,19.3799991607666,9800
2004-02-12,5.7388834953308105,19.329999923706055,19.3799991607666,19.25,19.3799991607666,3400
2004-02-13,5.753728866577148,19.3799991607666,19.399999618530273,19.31999969482422,19.3799991607666,4900
2004-02-17,5.756697654724121,19.389999389648438,19.5,19.100000381469727,19.399999618530273,15500
2004-02-18,5.77451229095459,19.450000762939453,19.479999542236328,19.389999389648438,19.389999389648438,8200
2004-02-19,5.786386966705322,19.489999771118164,19.5,19.299999237060547,19.479999542236328,10800
2004-02-20,5.759667873382568,19.399999618530273,19.5,19.399999618530273,19.5,15900
2004-02-23,5.727011680603027,19.290000915527344,19.469999313354492,19.290000915527344,19.469999313354492,9300
2004-02-24,5.727011680603027,19.290000915527344,19.479999542236328,19.25,19.479999542236328,10500
2004-02-25,5.74482536315918,19.350000381469727,19.399999618530273,19.350000381469727,19.389999389648438,5600
2004-02-26,5.721070289611816,19.270000457763672,19.399999618530273,19.270000457763672,19.350000381469727,5100
2004-02-27,5.753728866577148,19.3799991607666,19.399999618530273,19.260000228881836,19.399999618530273,7800
2004-03-01,5.747794151306152,19.360000610351562,19.399999618530273,19.350000381469727,19.399999618530273,8900
2004-03-02,5.74482536315918,19.350000381469727,19.43000030517578,19.350000381469727,19.399999618530273,6700
2004-03-03,5.732945919036865,19.309999465942383,19.399999618530273,19.260000228881836,19.399999618530273,5900
2004-03-04,5.732945919036865,19.309999465942383,19.3799991607666,19.299999237060547,19.3700008392334,3300
2004-03-05,5.74482536315918,19.350000381469727,19.510000228881836,19.34000015258789,19.420000076293945,8200
2004-03-08,5.768573760986328,19.43000030517578,19.5,19.43000030517578,19.5,3700
2004-03-09,5.795295715332031,19.520000457763672,19.549999237060547,19.469999313354492,19.549999237060547,3500
2004-03-10,5.8398284912109375,19.670000076293945,19.68000030517578,19.549999237060547,19.600000381469727,10400
2004-03-11,5.777483940124512,19.459999084472656,19.799999237060547,19.43000030517578,19.700000762939453,10200
2004-03-12,5.783416748046875,19.479999542236328,19.639999389648438,19.360000610351562,19.459999084472656,10100
2004-03-15,5.77451229095459,19.450000762939453,19.59000015258789,19.450000762939453,19.549999237060547,4200
2004-03-16,5.801231861114502,19.540000915527344,19.6299991607666,19.469999313354492,19.600000381469727,4800
2004-03-17,5.8932695388793945,19.850000381469727,20.200000762939453,19.579999923706055,19.639999389648438,31700
2004-03-18,5.833888053894043,19.649999618530273,19.75,19.649999618530273,19.75,12800
2004-03-19,5.777483940124512,19.459999084472656,19.75,19.459999084472656,19.75,7700
2004-03-22,5.833888053894043,19.649999618530273,19.649999618530273,19.530000686645508,19.600000381469727,3500
2004-03-23,5.833888053894043,19.649999618530273,19.690000534057617,19.520000457763672,19.690000534057617,9100
2004-03-24,5.833888053894043,19.649999618530273,19.790000915527344,19.649999618530273,19.690000534057617,4500
2004-03-25,5.824982166290283,19.6200008392334,19.84000015258789,19.6200008392334,19.75,6900
2004-03-26,5.854673862457275,19.719999313354492,19.829999923706055,19.639999389648438,19.799999237060547,5200
2004-03-29,5.833888053894043,19.649999618530273,19.700000762939453,19.559999465942383,19.700000762939453,6700
2004-03-30,5.804200649261475,19.549999237060547,19.56999969482422,19.510000228881836,19.56999969482422,5000
2004-03-31,5.792324542999268,19.510000228881836,19.790000915527344,19.510000228881836,19.790000915527344,5500
2004-04-01,5.872483253479004,19.780000686645508,19.780000686645508,19.649999618530273,19.649999618530273,6700
2004-04-02,5.792324542999268,19.510000228881836,19.6299991607666,19.510000228881836,19.610000610351562,15200
2004-04-05,5.74482536315918,19.350000381469727,19.579999923706055,19.350000381469727,19.579999923706055,10600
2004-04-06,5.709516525268555,18.920000076293945,19.190000534057617,18.90999984741211,19.030000686645508,7900
2004-04-07,5.7064971923828125,18.90999984741211,19.170000076293945,18.90999984741211,19.100000381469727,8100
2004-04-08,5.718570232391357,18.950000762939453,19.200000762939453,18.950000762939453,19.049999237060547,19800
2004-04-12,5.646144866943359,18.709999084472656,19.100000381469727,18.709999084472656,19.100000381469727,8600
2004-04-13,5.555614471435547,18.40999984741211,18.709999084472656,18.40999984741211,18.709999084472656,21700
2004-04-14,5.519401550292969,18.290000915527344,18.440000534057617,18.260000228881836,18.43000030517578,7500
2004-04-15,5.495258331298828,18.209999084472656,18.420000076293945,18.209999084472656,18.420000076293945,6700
2004-04-16,5.477149963378906,18.149999618530273,18.200000762939453,18.1200008392334,18.1200008392334,5200
2004-04-19,5.4741315841674805,18.139999389648438,18.170000076293945,18.1299991607666,18.15999984741211,16000
2004-04-20,5.477149963378906,18.149999618530273,18.200000762939453,18.1200008392334,18.1200008392334,6100
2004-04-21,5.437922477722168,18.020000457763672,18.200000762939453,18.010000228881836,18.049999237060547,7300
2004-04-22,5.401709079742432,17.899999618530273,18.200000762939453,17.899999618530273,18.010000228881836,12400
2004-04-23,5.341355800628662,17.700000762939453,18.0,17.700000762939453,17.899999618530273,9400
2004-04-26,5.356441497802734,17.75,17.899999618530273,17.670000076293945,17.68000030517578,7000
2004-04-27,5.3111772537231445,17.600000381469727,17.899999618530273,17.549999237060547,17.799999237060547,15900
2004-04-28,5.3111772537231445,17.600000381469727,17.75,17.489999771118164,17.489999771118164,6600
2004-04-29,5.32324743270874,17.639999389648438,17.649999618530273,17.450000762939453,17.549999237060547,5900
2004-04-30,5.284019947052002,17.510000228881836,17.65999984741211,17.489999771118164,17.510000228881836,10200
2004-05-03,5.305142402648926,17.579999923706055,17.950000762939453,17.510000228881836,17.510000228881836,11300
2004-05-04,5.386620044708252,17.850000381469727,18.100000381469727,17.690000534057617,17.799999237060547,18100
2004-05-05,5.416798114776611,17.950000762939453,18.040000915527344,17.860000610351562,18.0,6800
2004-05-06,5.344374656677246,17.709999084472656,17.799999237060547,17.700000762939453,17.760000228881836,9200
2004-05-07,5.220646381378174,17.299999237060547,17.690000534057617,17.299999237060547,17.690000534057617,30000
2004-05-10,5.0939040184021,16.8799991607666,17.299999237060547,16.809999465942383,17.200000762939453,17900
2004-05-11,5.1089911460876465,16.93000030517578,17.0,16.709999084472656,16.809999465942383,9800
2004-05-12,5.130114555358887,17.0,17.049999237060547,16.90999984741211,16.950000762939453,8200
2004-05-13,5.099937438964844,16.899999618530273,17.0,16.790000915527344,17.0,11400
2004-05-14,5.130114555358887,17.0,17.0,16.760000228881836,16.760000228881836,3900
2004-05-17,5.151238441467285,17.06999969482422,17.110000610351562,16.90999984741211,16.90999984741211,35200
2004-05-18,5.13615083694458,17.020000457763672,17.200000762939453,17.020000457763672,17.079999923706055,7700
2004-05-19,5.130114555358887,17.0,17.200000762939453,17.0,17.0,4800
2004-05-20,5.187449932098389,17.190000534057617,17.190000534057617,17.049999237060547,17.049999237060547,6400
2004-05-21,5.235734939575195,17.350000381469727,17.350000381469727,17.200000762939453,17.25,2400
2004-05-24,5.265912055969238,17.450000762939453,17.450000762939453,17.309999465942383,17.309999465942383,4700
2004-05-25,5.277982711791992,17.489999771118164,17.489999771118164,17.290000915527344,17.290000915527344,8400
2004-05-26,5.32626485824585,17.649999618530273,17.649999618530273,17.489999771118164,17.489999771118164,5200
2004-05-27,5.3111772537231445,17.600000381469727,17.690000534057617,17.549999237060547,17.68000030517578,4300
2004-05-28,5.332301616668701,17.670000076293945,17.670000076293945,17.469999313354492,17.510000228881836,5600
2004-06-01,5.28100061416626,17.5,17.639999389648438,17.200000762939453,17.200000762939453,4400
2004-06-02,5.3111772537231445,17.600000381469727,17.649999618530273,17.530000686645508,17.649999618530273,4800
2004-06-03,5.28100061416626,17.5,17.600000381469727,17.3700008392334,17.5,6300
2004-06-04,5.3111772537231445,17.600000381469727,17.600000381469727,17.440000534057617,17.469999313354492,5000
2004-06-07,5.250823497772217,17.399999618530273,17.59000015258789,17.360000610351562,17.59000015258789,7600
2004-06-08,5.287037372589111,17.520000457763672,17.530000686645508,17.399999618530273,17.40999984741211,2300
2004-06-09,5.268930435180664,17.459999084472656,17.600000381469727,17.459999084472656,17.579999923706055,6500
2004-06-10,5.253843784332275,17.40999984741211,17.5,17.239999771118164,17.3799991607666,7400
2004-06-14,5.2327165603637695,17.34000015258789,17.540000915527344,17.34000015258789,17.350000381469727,12000
2004-06-15,5.290053367614746,17.530000686645508,17.540000915527344,17.399999618530273,17.399999618530273,5000
2004-06-16,5.308160305023193,17.59000015258789,17.59000015258789,17.459999084472656,17.520000457763672,3900
2004-06-17,5.32324743270874,17.639999389648438,17.639999389648438,17.59000015258789,17.59000015258789,5300
2004-06-18,5.3111772537231445,17.600000381469727,17.639999389648438,17.559999465942383,17.600000381469727,15500
2004-06-21,5.32626485824585,17.649999618530273,17.690000534057617,17.59000015258789,17.610000610351562,9500
2004-06-22,5.268930435180664,17.459999084472656,17.670000076293945,17.459999084472656,17.649999618530273,13400
2004-06-23,5.32324743270874,17.639999389648438,17.639999389648438,17.399999618530273,17.40999984741211,14200
2004-06-24,5.32626485824585,17.649999618530273,17.690000534057617,17.559999465942383,17.559999465942383,12000
2004-06-25,5.28100061416626,17.5,17.579999923706055,17.420000076293945,17.579999923706055,2100
2004-06-28,5.3111772537231445,17.600000381469727,17.600000381469727,17.5,17.5,1900
2004-06-29,5.2991042137146,17.559999465942383,17.579999923706055,17.549999237060547,17.579999923706055,1200
2004-06-30,5.32324743270874,17.639999389648438,17.690000534057617,17.579999923706055,17.579999923706055,6500
2004-07-01,5.338337421417236,17.690000534057617,17.690000534057617,17.610000610351562,17.649999618530273,9800
2004-07-02,5.386620044708252,17.850000381469727,17.850000381469727,17.6200008392334,17.6200008392334,13600
2004-07-06,5.378326892852783,17.510000228881836,17.510000228881836,17.360000610351562,17.5,2500
2004-07-07,5.427471160888672,17.670000076293945,17.670000076293945,17.360000610351562,17.40999984741211,6200
2004-07-08,5.439758777618408,17.709999084472656,17.780000686645508,17.690000534057617,17.690000534057617,5900
2004-07-09,5.455116271972656,17.760000228881836,17.760000228881836,17.600000381469727,17.690000534057617,6000
2004-07-12,5.473546504974365,17.81999969482422,17.889999389648438,17.6299991607666,17.760000228881836,6800
2004-07-13,5.424401760101318,17.65999984741211,17.899999618530273,17.65999984741211,17.899999618530273,6300
2004-07-14,5.409043312072754,17.610000610351562,17.690000534057617,17.600000381469727,17.68000030517578,3100
2004-07-15,5.4366888999938965,17.700000762939453,17.850000381469727,17.610000610351562,17.6200008392334,16100
2004-07-16,5.482760429382324,17.850000381469727,17.8799991607666,17.799999237060547,17.799999237060547,12900
2004-07-19,5.504263401031494,17.920000076293945,17.93000030517578,17.8799991607666,17.8799991607666,7400
2004-07-20,5.485833168029785,17.860000610351562,17.940000534057617,17.860000610351562,17.93000030517578,2300
2004-07-21,5.491976261138916,17.8799991607666,17.940000534057617,17.860000610351562,17.940000534057617,3200
2004-07-22,5.510404586791992,17.940000534057617,17.940000534057617,17.940000534057617,17.940000534057617,200
2004-07-23,5.495044231414795,17.889999389648438,17.950000762939453,17.850000381469727,17.860000610351562,3700
2004-07-26,5.498117923736572,17.899999618530273,17.93000030517578,17.850000381469727,17.850000381469727,18300
2004-07-27,5.467403888702393,17.799999237060547,17.8700008392334,17.799999237060547,17.8700008392334,61500
2004-07-28,5.455116271972656,17.760000228881836,17.760000228881836,17.600000381469727,17.700000762939453,7200
2004-07-29,5.455116271972656,17.760000228881836,17.790000915527344,17.690000534057617,17.790000915527344,2800
2004-07-30,5.491976261138916,17.8799991607666,17.889999389648438,17.790000915527344,17.790000915527344,5300
2004-08-02,5.482760429382324,17.850000381469727,17.899999618530273,17.809999465942383,17.899999618530273,1900
2004-08-03,5.485833168029785,17.860000610351562,17.940000534057617,17.850000381469727,17.8799991607666,13400
2004-08-04,5.5073323249816895,17.93000030517578,17.950000762939453,17.860000610351562,17.920000076293945,15800
2004-08-05,5.495044231414795,17.889999389648438,17.950000762939453,17.889999389648438,17.889999389648438,2000
2004-08-06,5.574906826019287,18.149999618530273,18.299999237060547,17.920000076293945,17.950000762939453,22000
2004-08-09,5.574906826019287,18.149999618530273,18.299999237060547,18.149999618530273,18.209999084472656,2600
2004-08-10,5.5503363609313965,18.06999969482422,18.229999542236328,18.030000686645508,18.030000686645508,9400
2004-08-11,5.556477069854736,18.09000015258789,18.100000381469727,18.059999465942383,18.059999465942383,5200
2004-08-12,5.577977180480957,18.15999984741211,18.15999984741211,18.059999465942383,18.059999465942383,1300
2004-08-13,5.593338489532471,18.209999084472656,18.299999237060547,18.100000381469727,18.100000381469727,4500
2004-08-16,5.574906826019287,18.149999618530273,18.239999771118164,18.049999237060547,18.239999771118164,7400
2004-08-17,5.528832912445068,18.0,18.290000915527344,18.0,18.149999618530273,8000
2004-08-18,5.599483489990234,18.229999542236328,18.299999237060547,18.010000228881836,18.010000228881836,10700
2004-08-19,5.599483489990234,18.229999542236328,18.229999542236328,18.100000381469727,18.100000381469727,2600
2004-08-20,5.6209821701049805,18.299999237060547,18.34000015258789,18.229999542236328,18.229999542236328,12800
2004-08-23,5.648627281188965,18.389999389648438,18.389999389648438,18.209999084472656,18.389999389648438,5800
2004-08-24,5.657840728759766,18.420000076293945,18.420000076293945,18.31999969482422,18.389999389648438,4500
2004-08-25,5.657840728759766,18.420000076293945,18.5,18.40999984741211,18.459999084472656,8400
2004-08-26,5.710054874420166,18.59000015258789,18.59000015258789,18.469999313354492,18.5,12000
2004-08-27,5.713129043579102,18.600000381469727,18.600000381469727,18.549999237060547,18.600000381469727,1900
2004-08-30,5.713129043579102,18.600000381469727,18.600000381469727,18.350000381469727,18.350000381469727,7500
2004-08-31,5.685484886169434,18.510000228881836,18.690000534057617,18.459999084472656,18.600000381469727,5700
2004-09-01,5.6209821701049805,18.299999237060547,18.399999618530273,18.299999237060547,18.399999618530273,4900
2004-09-02,5.651698112487793,18.399999618530273,18.479999542236328,18.309999465942383,18.309999465942383,3500
2004-09-03,5.682413101196289,18.5,18.600000381469727,18.350000381469727,18.399999618530273,3100
2004-09-07,5.697768688201904,18.549999237060547,18.700000762939453,18.309999465942383,18.5,8700
2004-09-08,5.713129043579102,18.600000381469727,18.649999618530273,18.329999923706055,18.399999618530273,4500
2004-09-09,5.6547698974609375,18.40999984741211,18.5,18.350000381469727,18.5,6900
2004-09-10,5.642484188079834,18.3700008392334,18.5,18.3700008392334,18.469999313354492,10100
2004-09-13,5.682413101196289,18.5,18.5,18.3700008392334,18.3799991607666,6800
2004-09-14,5.663983345031738,18.440000534057617,18.5,18.43000030517578,18.489999771118164,4600
2004-09-15,5.682413101196289,18.5,18.5,18.389999389648438,18.389999389648438,6200
2004-09-16,5.713129043579102,18.600000381469727,18.600000381469727,18.489999771118164,18.489999771118164,11300
2004-09-17,5.728487014770508,18.649999618530273,18.649999618530273,18.520000457763672,18.600000381469727,9700
2004-09-20,5.789917469024658,18.850000381469727,18.850000381469727,18.639999389648438,18.649999618530273,12700
2004-09-21,5.840829372406006,18.700000762939453,18.75,18.520000457763672,18.65999984741211,6300
2004-09-22,5.856447696685791,18.75,18.75,18.700000762939453,18.700000762939453,2500
2004-09-23,5.8533244132995605,18.739999771118164,18.790000915527344,18.579999923706055,18.579999923706055,12200
2004-09-24,5.859571933746338,18.760000228881836,18.780000686645508,18.709999084472656,18.780000686645508,3900
2004-09-27,5.809596538543701,18.600000381469727,18.799999237060547,18.450000762939453,18.649999618530273,10600
2004-09-28,5.7783613204956055,18.5,18.799999237060547,18.5,18.770000457763672,8000
2004-09-29,5.809596538543701,18.600000381469727,18.75,18.399999618530273,18.420000076293945,3700
2004-09-30,5.775240898132324,18.489999771118164,18.649999618530273,18.450000762939453,18.450000762939453,4300
2004-10-01,5.753374099731445,18.420000076293945,18.420000076293945,18.40999984741211,18.420000076293945,2000
2004-10-04,5.784608840942383,18.520000457763672,18.520000457763672,18.399999618530273,18.5,12800
2004-10-05,5.772115230560303,18.479999542236328,18.6200008392334,18.31999969482422,18.6200008392334,9300
2004-10-06,5.7783613204956055,18.5,18.649999618530273,18.5,18.600000381469727,6500
2004-10-07,5.7877302169799805,18.530000686645508,18.530000686645508,18.40999984741211,18.40999984741211,2700
2004-10-08,5.7783613204956055,18.5,18.600000381469727,18.420000076293945,18.450000762939453,8500
2004-10-11,5.825213432312012,18.649999618530273,18.649999618530273,18.43000030517578,18.43000030517578,1900
2004-10-12,5.825213432312012,18.649999618530273,18.649999618530273,18.649999618530273,18.649999618530273,0
2004-10-13,5.856447696685791,18.75,18.75,18.469999313354492,18.549999237060547,4500
2004-10-14,5.809596538543701,18.600000381469727,18.75,18.600000381469727,18.75,2000
2004-10-15,5.806469917297363,18.59000015258789,18.600000381469727,18.299999237060547,18.479999542236328,5800
2004-10-18,5.843954563140869,18.709999084472656,18.75,18.5,18.59000015258789,5700
2004-10-19,5.775240898132324,18.489999771118164,18.600000381469727,18.469999313354492,18.600000381469727,5300
2004-10-20,5.768991947174072,18.469999313354492,18.479999542236328,18.450000762939453,18.459999084472656,1300
2004-10-21,5.793976783752441,18.549999237060547,18.719999313354492,18.489999771118164,18.56999969482422,4200
2004-10-22,5.822089672088623,18.639999389648438,18.649999618530273,18.479999542236328,18.479999542236328,1700
2004-10-25,5.793976783752441,18.549999237060547,18.59000015258789,18.530000686645508,18.530000686645508,2900
2004-10-26,5.809596538543701,18.600000381469727,18.739999771118164,18.5,18.5,7800
2004-10-27,5.809596538543701,18.600000381469727,18.600000381469727,18.510000228881836,18.510000228881836,4500
2004-10-28,5.868943214416504,18.790000915527344,18.799999237060547,18.68000030517578,18.68000030517578,9300
2004-10-29,5.840829372406006,18.700000762939453,18.75,18.600000381469727,18.600000381469727,3300
2004-11-01,5.840829372406006,18.700000762939453,18.770000457763672,18.600000381469727,18.770000457763672,1100
2004-11-02,5.847076416015625,18.719999313354492,18.850000381469727,18.639999389648438,18.729999542236328,7900
2004-11-03,5.850198745727539,18.729999542236328,18.8700008392334,18.700000762939453,18.8700008392334,15200
2004-11-04,5.847076416015625,18.719999313354492,18.899999618530273,18.709999084472656,18.899999618530273,1500
2004-11-05,5.7783613204956055,18.5,18.6299991607666,18.260000228881836,18.6299991607666,22600
2004-11-08,5.715893745422363,18.299999237060547,18.540000915527344,18.15999984741211,18.5,13400
2004-11-09,5.734633445739746,18.360000610351562,18.479999542236328,18.360000610351562,18.360000610351562,4300
2004-11-10,5.715893745422363,18.299999237060547,18.389999389648438,18.299999237060547,18.360000610351562,3900
2004-11-11,5.734633445739746,18.360000610351562,18.489999771118164,18.350000381469727,18.350000381469727,4500
2004-11-12,5.747128009796143,18.399999618530273,18.450000762939453,18.280000686645508,18.309999465942383,6500
2004-11-15,5.747128009796143,18.399999618530273,18.40999984741211,18.299999237060547,18.299999237060547,3800
2004-11-16,5.7596211433410645,18.440000534057617,18.469999313354492,18.31999969482422,18.389999389648438,4400
2004-11-17,5.762743949890137,18.450000762939453,18.489999771118164,18.31999969482422,18.31999969482422,11500
2004-11-18,5.756496906280518,18.43000030517578,18.5,18.360000610351562,18.360000610351562,13300
2004-11-19,5.7783613204956055,18.5,18.540000915527344,18.420000076293945,18.450000762939453,10700
2004-11-22,5.818967342376709,18.6299991607666,18.68000030517578,18.510000228881836,18.510000228881836,2900
2004-11-23,5.803351402282715,18.579999923706055,18.670000076293945,18.399999618530273,18.579999923706055,12700
2004-11-24,5.800224304199219,18.56999969482422,18.780000686645508,18.520000457763672,18.68000030517578,15700
2004-11-26,5.809596538543701,18.600000381469727,18.649999618530273,18.469999313354492,18.649999618530273,4100
2004-11-29,5.797101974487305,18.559999465942383,18.610000610351562,18.479999542236328,18.479999542236328,3300
2004-11-30,5.793976783752441,18.549999237060547,18.56999969482422,18.360000610351562,18.510000228881836,6900
2004-12-01,5.734633445739746,18.360000610351562,18.559999465942383,18.360000610351562,18.559999465942383,6000
2004-12-02,5.672162055969238,18.15999984741211,18.420000076293945,18.100000381469727,18.420000076293945,17000
2004-12-03,5.725264072418213,18.329999923706055,18.34000015258789,18.059999465942383,18.059999465942383,18700
2004-12-06,5.715893745422363,18.299999237060547,18.350000381469727,18.25,18.309999465942383,14200
2004-12-07,5.753374099731445,18.420000076293945,18.43000030517578,18.299999237060547,18.350000381469727,18400
2004-12-08,5.7596211433410645,18.440000534057617,18.450000762939453,18.3700008392334,18.450000762939453,5200
2004-12-09,5.744004249572754,18.389999389648438,18.440000534057617,18.309999465942383,18.399999618530273,7600
2004-12-10,5.753374099731445,18.420000076293945,18.43000030517578,18.299999237060547,18.31999969482422,11300
2004-12-13,5.753374099731445,18.420000076293945,18.440000534057617,18.360000610351562,18.3799991607666,11500
2004-12-14,5.756496906280518,18.43000030517578,18.450000762939453,18.3700008392334,18.450000762939453,9500
2004-12-15,5.793976783752441,18.549999237060547,18.549999237060547,18.34000015258789,18.34000015258789,11400
2004-12-16,5.815845489501953,18.6200008392334,18.6299991607666,18.530000686645508,18.559999465942383,12000
2004-12-17,5.837710380554199,18.690000534057617,18.690000534057617,18.600000381469727,18.600000381469727,8600
2004-12-20,5.872064590454102,18.799999237060547,18.81999969482422,18.649999618530273,18.700000762939453,18500
2004-12-21,5.904778957366943,18.59000015258789,18.6200008392334,18.520000457763672,18.520000457763672,13900
2004-12-22,5.8825483322143555,18.520000457763672,18.649999618530273,18.350000381469727,18.5,15700
2004-12-23,5.853958606719971,18.43000030517578,18.600000381469727,18.40999984741211,18.459999084472656,5400
2004-12-27,5.803139686584473,18.270000457763672,18.40999984741211,18.270000457763672,18.40999984741211,2200
2004-12-28,5.803139686584473,18.270000457763672,18.350000381469727,18.25,18.25,10400
2004-12-29,5.83172607421875,18.360000610351562,18.389999389648438,18.299999237060547,18.350000381469727,2300
2004-12-30,5.866665840148926,18.469999313354492,18.530000686645508,18.399999618530273,18.399999618530273,10900
2004-12-31,5.876194000244141,18.5,18.5,18.459999084472656,18.469999313354492,1500
2005-01-03,5.888900279998779,18.540000915527344,18.540000915527344,18.399999618530273,18.420000076293945,4000
2005-01-04,5.8825483322143555,18.520000457763672,18.600000381469727,18.479999542236328,18.56999969482422,6500
2005-01-05,5.8444318771362305,18.399999618530273,18.489999771118164,18.350000381469727,18.3700008392334,9100
2005-01-06,5.866665840148926,18.469999313354492,18.469999313354492,18.350000381469727,18.350000381469727,6400
2005-01-07,5.907957553863525,18.600000381469727,18.610000610351562,18.40999984741211,18.420000076293945,5100
2005-01-10,5.901605129241943,18.579999923706055,18.68000030517578,18.469999313354492,18.649999618530273,6300
2005-01-11,5.87937068939209,18.510000228881836,18.530000686645508,18.5,18.530000686645508,4700
2005-01-12,5.863488674163818,18.459999084472656,18.510000228881836,18.450000762939453,18.5,2200
2005-01-13,5.888900279998779,18.540000915527344,18.540000915527344,18.450000762939453,18.459999084472656,5800
2005-01-14,5.885722637176514,18.530000686645508,18.549999237060547,18.459999084472656,18.459999084472656,8200
2005-01-18,6.035009384155273,19.0,19.0,18.530000686645508,18.530000686645508,24200
2005-01-19,5.993717670440674,18.8700008392334,19.010000228881836,18.860000610351562,19.0,5200
2005-01-20,6.050891876220703,19.049999237060547,19.15999984741211,18.8700008392334,18.969999313354492,10700
2005-01-21,6.0826568603515625,19.149999618530273,19.350000381469727,18.93000030517578,19.100000381469727,23000
2005-01-24,6.120770454406738,19.270000457763672,19.290000915527344,18.81999969482422,19.25,16800
2005-01-25,6.066776275634766,19.100000381469727,19.31999969482422,19.020000457763672,19.299999237060547,10500
2005-01-26,6.085830211639404,19.15999984741211,19.15999984741211,19.049999237060547,19.15999984741211,6900
2005-01-27,6.09536075592041,19.190000534057617,19.260000228881836,19.09000015258789,19.260000228881836,7900
2005-01-28,6.050891876220703,19.049999237060547,19.270000457763672,19.049999237060547,19.200000762939453,14900
2005-01-31,6.1175947189331055,19.260000228881836,19.260000228881836,18.950000762939453,18.950000762939453,9000
2005-02-01,6.085830211639404,19.15999984741211,19.280000686645508,19.15999984741211,19.280000686645508,4200
2005-02-02,6.101712703704834,19.209999084472656,19.239999771118164,19.139999389648438,19.139999389648438,3900
2005-02-03,6.085830211639404,19.15999984741211,19.229999542236328,19.059999465942383,19.059999465942383,13400
2005-02-04,6.092182159423828,19.18000030517578,19.190000534057617,19.139999389648438,19.139999389648438,2100
2005-02-07,6.050891876220703,19.049999237060547,19.100000381469727,19.040000915527344,19.100000381469727,8300
2005-02-08,6.06995153427124,19.110000610351562,19.110000610351562,18.850000381469727,18.850000381469727,8400
2005-02-09,6.019126892089844,18.950000762939453,19.049999237060547,18.829999923706055,19.049999237060547,14700
2005-02-10,6.05724573135376,19.06999969482422,19.06999969482422,18.850000381469727,18.950000762939453,10900
2005-02-11,6.050891876220703,19.049999237060547,19.059999465942383,18.940000534057617,19.049999237060547,3300
2005-02-14,6.0826568603515625,19.149999618530273,19.149999618530273,18.93000030517578,19.079999923706055,7700
2005-02-15,6.09536075592041,19.190000534057617,19.200000762939453,19.0,19.0,15600
2005-02-16,6.063595771789551,19.09000015258789,19.280000686645508,19.09000015258789,19.09000015258789,9400
2005-02-17,6.041365146636963,19.020000457763672,19.18000030517578,19.020000457763672,19.030000686645508,5800
2005-02-18,5.971484661102295,18.799999237060547,19.0,18.739999771118164,19.0,9100
2005-02-22,5.939719200134277,18.700000762939453,18.850000381469727,18.610000610351562,18.700000762939453,11200
2005-02-23,5.955601215362549,18.75,18.760000228881836,18.6299991607666,18.719999313354492,13400
2005-02-24,5.968308925628662,18.790000915527344,18.850000381469727,18.719999313354492,18.850000381469727,3200
2005-02-25,6.035009384155273,19.0,19.149999618530273,18.799999237060547,18.799999237060547,7700
2005-02-28,6.028658390045166,18.979999542236328,19.139999389648438,18.920000076293945,19.0,3700
2005-03-01,6.0794782638549805,19.139999389648438,19.139999389648438,18.920000076293945,19.079999923706055,3800
2005-03-02,6.120770454406738,19.270000457763672,19.270000457763672,18.969999313354492,19.040000915527344,5600
2005-03-03,6.076301097869873,19.1299991607666,19.219999313354492,19.1299991607666,19.170000076293945,4300
2005-03-04,6.06995153427124,19.110000610351562,19.1299991607666,19.049999237060547,19.1299991607666,4500
2005-03-07,6.050891876220703,19.049999237060547,19.139999389648438,19.049999237060547,19.1200008392334,8900
2005-03-08,6.050891876220703,19.049999237060547,19.139999389648438,19.010000228881836,19.010000228881836,7700
2005-03-09,5.987364292144775,18.850000381469727,19.049999237060547,18.850000381469727,19.049999237060547,6500
2005-03-10,5.971484661102295,18.799999237060547,18.8799991607666,18.75,18.760000228881836,13700
2005-03-11,5.898427486419678,18.56999969482422,18.799999237060547,18.540000915527344,18.799999237060547,33100
2005-03-14,5.98101282119751,18.829999923706055,18.829999923706055,18.469999313354492,18.469999313354492,5700
2005-03-15,5.936544895172119,18.690000534057617,18.809999465942383,18.530000686645508,18.809999465942383,4600
2005-03-16,5.892076015472412,18.549999237060547,18.59000015258789,18.5,18.59000015258789,9500
2005-03-17,5.873020648956299,18.489999771118164,18.540000915527344,18.399999618530273,18.40999984741211,5300
2005-03-18,5.8825483322143555,18.520000457763672,18.559999465942383,18.450000762939453,18.450000762939453,4500
2005-03-21,5.841254234313965,18.389999389648438,18.489999771118164,18.360000610351562,18.440000534057617,11700
2005-03-22,5.803139686584473,18.270000457763672,18.450000762939453,18.219999313354492,18.450000762939453,7900
2005-03-23,5.787259578704834,18.219999313354492,18.290000915527344,18.100000381469727,18.190000534057617,8500
2005-03-24,5.8444318771362305,18.399999618530273,18.59000015258789,18.270000457763672,18.329999923706055,6000
2005-03-28,5.7396135330200195,18.06999969482422,18.3799991607666,18.06999969482422,18.200000762939453,5600
2005-03-29,5.714199542999268,17.989999771118164,18.229999542236328,17.81999969482422,18.06999969482422,13100
2005-03-30,5.701495170593262,17.950000762939453,18.100000381469727,17.899999618530273,17.940000534057617,7800
2005-03-31,5.799963474273682,18.260000228881836,18.489999771118164,18.079999923706055,18.079999923706055,6700
2005-04-01,5.857136249542236,18.440000534057617,18.440000534057617,18.360000610351562,18.360000610351562,5900
2005-04-04,5.863488674163818,18.459999084472656,18.600000381469727,18.440000534057617,18.440000534057617,3600
2005-04-05,5.876194000244141,18.5,18.690000534057617,18.209999084472656,18.209999084472656,10100
2005-04-06,5.91103982925415,18.31999969482422,18.399999618530273,17.950000762939453,18.399999618530273,8000
2005-04-07,5.98524808883667,18.549999237060547,18.549999237060547,18.149999618530273,18.149999618530273,12700
2005-04-08,5.8400559425354,18.100000381469727,18.540000915527344,18.0,18.540000915527344,15100
2005-04-11,5.7400336265563965,17.790000915527344,17.790000915527344,17.549999237060547,17.559999465942383,63600
2005-04-12,5.733580112457275,17.770000457763672,17.770000457763672,17.59000015258789,17.760000228881836,13900
2005-04-13,5.710992813110352,17.700000762939453,17.780000686645508,17.700000762939453,17.700000762939453,10800
2005-04-14,5.710992813110352,17.700000762939453,17.709999084472656,17.6200008392334,17.649999618530273,5900
2005-04-15,5.707767486572266,17.690000534057617,17.700000762939453,17.639999389648438,17.639999389648438,4800
2005-04-18,5.714219093322754,17.709999084472656,17.719999313354492,17.600000381469727,17.68000030517578,12000
2005-04-19,5.752940654754639,17.829999923706055,17.84000015258789,17.700000762939453,17.700000762939453,7000
2005-04-20,5.778749942779541,17.90999984741211,17.93000030517578,17.809999465942383,17.809999465942383,4100
2005-04-21,5.769073486328125,17.8799991607666,17.889999389648438,17.809999465942383,17.889999389648438,7100
2005-04-22,5.749714374542236,17.81999969482422,17.899999618530273,17.670000076293945,17.75,15500
2005-04-25,5.785205841064453,17.93000030517578,17.940000534057617,17.899999618530273,17.899999618530273,2300
2005-04-26,5.788434028625488,17.940000534057617,17.940000534057617,17.899999618530273,17.940000534057617,2800
2005-04-27,5.807791709899902,18.0,18.0,17.90999984741211,17.940000534057617,4900
2005-04-28,5.820698261260986,18.040000915527344,18.09000015258789,17.940000534057617,18.09000015258789,3800
2005-04-29,5.8400559425354,18.100000381469727,18.149999618530273,17.969999313354492,18.09000015258789,6800
2005-05-02,5.852963447570801,18.139999389648438,18.139999389648438,18.059999465942383,18.100000381469727,11600
2005-05-03,5.888455867767334,18.25,18.25,18.09000015258789,18.139999389648438,6400
2005-05-04,5.898133277893066,18.280000686645508,18.450000762939453,18.229999542236328,18.350000381469727,9500
2005-05-05,5.872321605682373,18.200000762939453,18.450000762939453,18.200000762939453,18.3799991607666,5300
2005-05-06,5.8110175132751465,18.010000228881836,18.100000381469727,17.920000076293945,18.100000381469727,1700
2005-05-09,5.920722484588623,18.350000381469727,18.350000381469727,18.0,18.0,15300
2005-05-10,5.914267539978027,18.329999923706055,18.440000534057617,18.329999923706055,18.350000381469727,1300
2005-05-11,5.87554931640625,18.209999084472656,18.31999969482422,18.209999084472656,18.229999542236328,2300
2005-05-12,5.878774642944336,18.219999313354492,18.309999465942383,17.93000030517578,17.959999084472656,7900
2005-05-13,5.920722484588623,18.350000381469727,18.649999618530273,18.239999771118164,18.299999237060547,7500
2005-05-16,5.969116687774658,18.5,18.549999237060547,18.110000610351562,18.200000762939453,3300
2005-05-17,5.969116687774658,18.5,18.600000381469727,18.399999618530273,18.399999618530273,9200
2005-05-18,6.0949554443359375,18.889999389648438,18.899999618530273,18.5,18.559999465942383,18100
2005-05-19,6.030423641204834,18.690000534057617,18.940000534057617,18.579999923706055,18.940000534057617,7500
2005-05-20,5.969116687774658,18.5,18.75,18.469999313354492,18.59000015258789,2200
2005-05-23,5.891682147979736,18.260000228881836,18.579999923706055,18.25,18.25,12600
2005-05-24,5.994932174682617,18.579999923706055,18.579999923706055,18.360000610351562,18.450000762939453,7000
2005-05-25,6.036876678466797,18.709999084472656,18.780000686645508,18.56999969482422,18.56999969482422,3800
2005-05-26,6.036876678466797,18.709999084472656,18.719999313354492,18.530000686645508,18.719999313354492,9300
2005-05-27,6.011061668395996,18.6299991607666,18.770000457763672,18.6299991607666,18.770000457763672,1500
2005-05-31,6.017516613006592,18.649999618530273,18.75,18.540000915527344,18.670000076293945,3600
2005-06-01,6.036876678466797,18.709999084472656,18.760000228881836,18.600000381469727,18.65999984741211,2700
2005-06-02,6.059459686279297,18.780000686645508,18.790000915527344,18.639999389648438,18.780000686645508,5600
2005-06-03,6.056236267089844,18.770000457763672,18.780000686645508,18.6299991607666,18.649999618530273,6900
2005-06-06,6.072366237640381,18.81999969482422,18.81999969482422,18.700000762939453,18.780000686645508,7700
2005-06-07,6.053009033203125,18.760000228881836,18.81999969482422,18.760000228881836,18.81999969482422,2700
2005-06-08,6.023970603942871,18.670000076293945,18.75,18.520000457763672,18.649999618530273,7900
2005-06-09,6.065914630889893,18.799999237060547,18.81999969482422,18.549999237060547,18.770000457763672,17400
2005-06-10,6.043329238891602,18.729999542236328,18.829999923706055,18.5,18.700000762939453,11500
2005-06-13,6.020743370056152,18.65999984741211,18.739999771118164,18.559999465942383,18.579999923706055,3500
2005-06-14,6.017516613006592,18.649999618530273,18.729999542236328,18.56999969482422,18.579999923706055,6300
2005-06-15,6.043329238891602,18.729999542236328,18.75,18.649999618530273,18.649999618530273,5000
2005-06-16,6.030423641204834,18.690000534057617,18.8700008392334,18.690000534057617,18.780000686645508,24800
2005-06-17,6.062687397003174,18.790000915527344,19.0,18.790000915527344,18.889999389648438,11000
2005-06-20,6.0820488929748535,18.850000381469727,18.950000762939453,18.700000762939453,18.700000762939453,4500
2005-06-21,6.036876678466797,18.709999084472656,18.799999237060547,18.670000076293945,18.700000762939453,5100
2005-06-22,6.0917277336120605,18.8799991607666,18.979999542236328,18.649999618530273,18.709999084472656,11000
2005-06-23,6.06913948059082,18.809999465942383,18.940000534057617,18.700000762939453,18.700000762939453,9100
2005-06-24,6.046555042266846,18.739999771118164,18.889999389648438,18.700000762939453,18.829999923706055,3600
2005-06-27,6.049781322479248,18.75,18.829999923706055,18.739999771118164,18.75,2800
2005-06-28,6.0917277336120605,18.8799991607666,18.90999984741211,18.780000686645508,18.799999237060547,5000
2005-06-29,6.114314079284668,18.950000762939453,19.049999237060547,18.809999465942383,18.899999618530273,6000
2005-06-30,6.13044548034668,19.0,19.0,18.979999542236328,18.979999542236328,2500
2005-07-01,6.098180294036865,18.899999618530273,19.06999969482422,18.899999618530273,19.010000228881836,4800
2005-07-05,6.061483860015869,18.5,18.68000030517578,18.389999389648438,18.549999237060547,8800
2005-07-06,6.097524166107178,18.610000610351562,18.610000610351562,18.5,18.5,800
2005-07-07,6.136843681335449,18.729999542236328,18.90999984741211,18.579999923706055,18.709999084472656,1400
2005-07-08,6.143396377563477,18.75,18.850000381469727,18.59000015258789,18.600000381469727,2800
2005-07-11,6.064762592315674,18.510000228881836,18.899999618530273,18.510000228881836,18.8700008392334,4000
2005-07-12,6.113907814025879,18.65999984741211,18.65999984741211,18.520000457763672,18.520000457763672,400
2005-07-13,6.094249725341797,18.600000381469727,18.68000030517578,18.559999465942383,18.559999465942383,1000
2005-07-14,6.127013206481934,18.700000762939453,18.739999771118164,18.520000457763672,18.700000762939453,3800
2005-07-15,6.048378944396973,18.459999084472656,18.610000610351562,18.40999984741211,18.510000228881836,5000
2005-07-18,6.127013206481934,18.700000762939453,18.700000762939453,18.479999542236328,18.479999542236328,4200
2005-07-19,6.140118598937988,18.739999771118164,18.75,18.649999618530273,18.739999771118164,4900
2005-07-20,6.143396377563477,18.75,18.75,18.65999984741211,18.700000762939453,4800
2005-07-21,6.136843681335449,18.729999542236328,18.8700008392334,18.729999542236328,18.729999542236328,4100
2005-07-22,6.061483860015869,18.5,18.829999923706055,18.3799991607666,18.829999923706055,11200
2005-07-25,6.041826248168945,18.440000534057617,18.549999237060547,18.440000534057617,18.440000534057617,5600
2005-07-26,6.031994819641113,18.40999984741211,18.530000686645508,18.350000381469727,18.399999618530273,4400
2005-07-27,6.071314811706543,18.530000686645508,18.540000915527344,18.5,18.5,3600
2005-07-28,6.071314811706543,18.530000686645508,18.700000762939453,18.530000686645508,18.690000534057617,4400
2005-07-29,6.127013206481934,18.700000762939453,18.700000762939453,18.520000457763672,18.520000457763672,4100
2005-08-01,6.117186069488525,18.670000076293945,18.799999237060547,18.489999771118164,18.760000228881836,3900
2005-08-02,6.113907814025879,18.65999984741211,18.8799991607666,18.65999984741211,18.790000915527344,12300
2005-08-03,6.113907814025879,18.65999984741211,18.81999969482422,18.65999984741211,18.81999969482422,3200
2005-08-04,6.1335649490356445,18.719999313354492,18.84000015258789,18.719999313354492,18.799999237060547,2300
2005-08-05,6.113907814025879,18.65999984741211,18.799999237060547,18.65999984741211,18.700000762939453,2600
2005-08-08,6.117186069488525,18.670000076293945,18.799999237060547,18.670000076293945,18.799999237060547,600
2005-08-09,6.110632419586182,18.649999618530273,18.649999618530273,18.600000381469727,18.649999618530273,3700
2005-08-10,6.1073527336120605,18.639999389648438,18.649999618530273,18.510000228881836,18.649999618530273,2700
2005-08-11,6.028717994689941,18.399999618530273,18.59000015258789,18.399999618530273,18.40999984741211,5100
2005-08-12,6.058207988739014,18.489999771118164,18.5,18.489999771118164,18.5,1400
2005-08-15,6.094249725341797,18.600000381469727,18.600000381469727,18.5,18.5,5200
2005-08-16,6.1073527336120605,18.639999389648438,18.649999618530273,18.5,18.600000381469727,2700
2005-08-17,6.018892288208008,18.3700008392334,18.6299991607666,18.260000228881836,18.549999237060547,14600
2005-08-18,6.041826248168945,18.440000534057617,18.469999313354492,18.299999237060547,18.350000381469727,8500
2005-08-19,6.061483860015869,18.5,18.5,18.309999465942383,18.309999465942383,5900
2005-08-22,6.104075908660889,18.6299991607666,18.6299991607666,18.469999313354492,18.600000381469727,5000
2005-08-23,6.113907814025879,18.65999984741211,18.65999984741211,18.549999237060547,18.56999969482422,3100
2005-08-24,6.1597795486450195,18.799999237060547,18.799999237060547,18.530000686645508,18.559999465942383,2700
2005-08-25,6.1597795486450195,18.799999237060547,18.799999237060547,18.700000762939453,18.799999237060547,3100
2005-08-26,6.156500816345215,18.790000915527344,18.790000915527344,18.59000015258789,18.670000076293945,3100
2005-08-29,6.146674156188965,18.760000228881836,18.950000762939453,18.729999542236328,18.889999389648438,8800
2005-08-30,6.140118598937988,18.739999771118164,18.899999618530273,18.610000610351562,18.75,5300
2005-08-31,6.156500816345215,18.790000915527344,18.799999237060547,18.59000015258789,18.780000686645508,11900
2005-09-01,6.149950981140137,18.770000457763672,18.790000915527344,18.65999984741211,18.700000762939453,8700
2005-09-02,6.169607639312744,18.829999923706055,18.940000534057617,18.65999984741211,18.790000915527344,7600
2005-09-06,6.127013206481934,18.700000762939453,18.850000381469727,18.65999984741211,18.75,6800
2005-09-07,6.136843681335449,18.729999542236328,18.799999237060547,18.65999984741211,18.799999237060547,3400
2005-09-08,6.143396377563477,18.75,18.850000381469727,18.649999618530273,18.649999618530273,7700
2005-09-09,6.146674156188965,18.760000228881836,18.850000381469727,18.65999984741211,18.670000076293945,3200
2005-09-12,6.1597795486450195,18.799999237060547,18.84000015258789,18.700000762939453,18.84000015258789,1500
2005-09-13,6.117186069488525,18.670000076293945,18.850000381469727,18.670000076293945,18.700000762939453,7000
2005-09-14,6.1597795486450195,18.799999237060547,18.799999237060547,18.65999984741211,18.65999984741211,6800
2005-09-15,6.1597795486450195,18.799999237060547,18.799999237060547,18.600000381469727,18.700000762939453,4700
2005-09-16,6.110632419586182,18.649999618530273,18.690000534057617,18.520000457763672,18.65999984741211,6800
2005-09-19,6.0844197273254395,18.56999969482422,18.59000015258789,18.510000228881836,18.549999237060547,2800
2005-09-20,6.143396377563477,18.75,18.75,18.56999969482422,18.670000076293945,1800
2005-09-21,6.061483860015869,18.5,18.739999771118164,18.489999771118164,18.649999618530273,8000
2005-09-22,6.064762592315674,18.510000228881836,18.739999771118164,18.489999771118164,18.649999618530273,16000
2005-09-23,6.087695121765137,18.579999923706055,18.639999389648438,18.510000228881836,18.510000228881836,3600
2005-09-26,6.071314811706543,18.530000686645508,18.700000762939453,18.530000686645508,18.700000762939453,3100
2005-09-27,6.025439739227295,18.389999389648438,18.700000762939453,18.389999389648438,18.549999237060547,6300
2005-09-28,6.038549423217773,18.43000030517578,18.579999923706055,18.25,18.299999237060547,12700
2005-09-29,6.058207988739014,18.489999771118164,18.489999771118164,18.329999923706055,18.329999923706055,3300
2005-09-30,6.058207988739014,18.489999771118164,18.59000015258789,18.299999237060547,18.399999618530273,21900
2005-10-03,6.061483860015869,18.5,18.549999237060547,18.5,18.5,1200
2005-10-04,6.061483860015869,18.5,18.540000915527344,18.450000762939453,18.450000762939453,1500
2005-10-05,6.040846824645996,18.149999618530273,18.299999237060547,18.1200008392334,18.299999237060547,5000
2005-10-06,6.074132919311523,18.25,18.290000915527344,18.06999969482422,18.149999618530273,9700
2005-10-07,6.057489395141602,18.200000762939453,18.219999313354492,18.09000015258789,18.149999618530273,6300
2005-10-10,6.030864715576172,18.1200008392334,18.190000534057617,18.1200008392334,18.18000030517578,2800
2005-10-11,6.030864715576172,18.1200008392334,18.290000915527344,18.1200008392334,18.219999313354492,5900
2005-10-12,5.987593173980713,17.989999771118164,18.149999618530273,17.75,18.1200008392334,18300
2005-10-13,5.827836990356445,17.510000228881836,17.950000762939453,17.5,17.899999618530273,15500
2005-10-14,5.847808837890625,17.56999969482422,17.690000534057617,17.56999969482422,17.600000381469727,4500
2005-10-17,5.8877482414245605,17.690000534057617,17.700000762939453,17.450000762939453,17.469999313354492,9800
2005-10-18,5.8877482414245605,17.690000534057617,17.75,17.56999969482422,17.75,2000
2005-10-19,5.851135730743408,17.579999923706055,17.799999237060547,17.56999969482422,17.56999969482422,6200
2005-10-20,5.8644514083862305,17.6200008392334,17.6200008392334,17.399999618530273,17.5,5300
2005-10-21,5.911044597625732,17.760000228881836,17.889999389648438,17.520000457763672,17.520000457763672,9700
2005-10-24,5.911044597625732,17.760000228881836,17.950000762939453,17.739999771118164,17.739999771118164,7200
2005-10-25,5.861120700836182,17.610000610351562,17.829999923706055,17.610000610351562,17.670000076293945,6200
2005-10-26,5.847808837890625,17.56999969482422,17.649999618530273,17.520000457763672,17.56999969482422,16200
2005-10-27,5.841152191162109,17.549999237060547,17.719999313354492,17.549999237060547,17.719999313354492,3300
2005-10-28,5.847808837890625,17.56999969482422,17.600000381469727,17.549999237060547,17.549999237060547,2200
2005-10-31,5.8910746574401855,17.700000762939453,17.700000762939453,17.600000381469727,17.690000534057617,2500
2005-11-01,5.8644514083862305,17.6200008392334,17.790000915527344,17.56999969482422,17.65999984741211,10500
2005-11-02,5.871105670928955,17.639999389648438,17.739999771118164,17.600000381469727,17.709999084472656,6200
2005-11-03,5.881089210510254,17.670000076293945,17.8799991607666,17.549999237060547,17.719999313354492,5500
2005-11-04,5.844477653503418,17.559999465942383,17.799999237060547,17.549999237060547,17.670000076293945,8400
2005-11-07,5.841152191162109,17.549999237060547,17.6200008392334,17.479999542236328,17.549999237060547,4100
2005-11-08,5.884418487548828,17.68000030517578,17.690000534057617,17.420000076293945,17.420000076293945,4200
2005-11-09,5.921031475067139,17.790000915527344,17.84000015258789,17.56999969482422,17.579999923706055,4400
2005-11-10,5.9576416015625,17.899999618530273,17.899999618530273,17.75,17.899999618530273,3500
2005-11-11,5.944327354431152,17.860000610351562,18.0,17.709999084472656,17.889999389648438,5000
2005-11-14,5.974283218383789,17.950000762939453,17.950000762939453,17.860000610351562,17.860000610351562,2800
2005-11-15,5.9276862144470215,17.809999465942383,17.950000762939453,17.799999237060547,17.950000762939453,1100
2005-11-16,5.924359321594238,17.799999237060547,17.889999389648438,17.760000228881836,17.850000381469727,3400
2005-11-17,5.941000938415527,17.850000381469727,17.950000762939453,17.719999313354492,17.799999237060547,2600
2005-11-18,5.941000938415527,17.850000381469727,17.850000381469727,17.700000762939453,17.850000381469727,2600
2005-11-21,5.85779333114624,17.600000381469727,17.860000610351562,17.600000381469727,17.799999237060547,8800
2005-11-22,5.834494113922119,17.530000686645508,17.700000762939453,17.530000686645508,17.600000381469727,5700
2005-11-23,5.827836990356445,17.510000228881836,17.639999389648438,17.5,17.5,1900
2005-11-25,5.824508190155029,17.5,17.600000381469727,17.5,17.600000381469727,2300
2005-11-28,5.8744306564331055,17.649999618530273,17.829999923706055,17.5,17.700000762939453,6300
2005-11-29,5.85779333114624,17.600000381469727,17.700000762939453,17.5,17.549999237060547,11300
2005-11-30,5.851135730743408,17.579999923706055,17.670000076293945,17.399999618530273,17.510000228881836,6900
2005-12-01,5.9576416015625,17.899999618530273,17.899999618530273,17.510000228881836,17.540000915527344,3800
2005-12-02,5.954314708709717,17.889999389648438,17.899999618530273,17.799999237060547,17.799999237060547,10000
2005-12-05,5.9276862144470215,17.809999465942383,17.899999618530273,17.799999237060547,17.889999389648438,5300
2005-12-06,5.9576416015625,17.899999618530273,17.950000762939453,17.850000381469727,17.950000762939453,8000
2005-12-07,5.9576416015625,17.899999618530273,17.950000762939453,17.899999618530273,17.950000762939453,10400
2005-12-08,5.8910746574401855,17.700000762939453,17.829999923706055,17.65999984741211,17.75,2900
2005-12-09,5.827836990356445,17.510000228881836,17.93000030517578,17.510000228881836,17.700000762939453,7300
2005-12-12,5.9043869972229,17.739999771118164,17.739999771118164,17.5,17.5,3400
2005-12-13,5.797882556915283,17.420000076293945,17.700000762939453,17.399999618530273,17.700000762939453,6300
2005-12-14,5.827836990356445,17.510000228881836,17.700000762939453,17.34000015258789,17.440000534057617,11400
2005-12-15,5.8744306564331055,17.649999618530273,17.700000762939453,17.450000762939453,17.450000762939453,4600
2005-12-16,5.8910746574401855,17.700000762939453,17.809999465942383,17.549999237060547,17.690000534057617,3600
2005-12-19,5.841152191162109,17.549999237060547,17.75,17.5,17.600000381469727,8200
2005-12-20,5.824508190155029,17.5,17.649999618530273,17.31999969482422,17.31999969482422,16000
2005-12-21,5.820450305938721,17.200000762939453,17.309999465942383,17.049999237060547,17.309999465942383,8400
2005-12-22,5.833983421325684,17.239999771118164,17.239999771118164,17.049999237060547,17.049999237060547,15100
2005-12-23,5.806915760040283,17.15999984741211,17.239999771118164,17.15999984741211,17.239999771118164,9300
2005-12-27,5.857673168182373,17.309999465942383,17.399999618530273,17.15999984741211,17.15999984741211,9900
2005-12-28,5.884744167327881,17.389999389648438,17.489999771118164,17.350000381469727,17.350000381469727,5200
2005-12-29,5.854288101196289,17.299999237060547,17.299999237060547,17.260000228881836,17.299999237060547,6400
2005-12-30,5.857673168182373,17.309999465942383,17.5,17.260000228881836,17.299999237060547,9500
2006-01-03,6.0201029777526855,17.790000915527344,17.850000381469727,17.309999465942383,17.309999465942383,7900
2006-01-04,6.050559043884277,17.8799991607666,17.899999618530273,17.700000762939453,17.700000762939453,5100
2006-01-05,6.064095497131348,17.920000076293945,18.049999237060547,17.799999237060547,17.799999237060547,13300
2006-01-06,6.033640384674072,17.829999923706055,17.8700008392334,17.75,17.8700008392334,5800
2006-01-09,6.026871204376221,17.809999465942383,17.950000762939453,17.760000228881836,17.889999389648438,3400
2006-01-10,6.016718864440918,17.780000686645508,17.790000915527344,17.75,17.75,1900
2006-01-11,6.026871204376221,17.809999465942383,17.989999771118164,17.700000762939453,17.700000762939453,11000
2006-01-12,6.043790817260742,17.860000610351562,17.8700008392334,17.799999237060547,17.809999465942383,2600
2006-01-13,6.040410041809082,17.850000381469727,17.899999618530273,17.729999542236328,17.799999237060547,2300
2006-01-17,5.993031978607178,17.709999084472656,17.829999923706055,17.540000915527344,17.760000228881836,24600
2006-01-18,5.996417045593262,17.719999313354492,17.829999923706055,17.600000381469727,17.760000228881836,5100
2006-01-19,6.033640384674072,17.829999923706055,17.829999923706055,17.799999237060547,17.799999237060547,1500
2006-01-20,6.158844947814941,18.200000762939453,18.200000762939453,17.829999923706055,17.8799991607666,14700
2006-01-23,6.125007629394531,18.100000381469727,18.149999618530273,17.959999084472656,18.100000381469727,4700
2006-01-24,6.023488998413086,17.799999237060547,18.100000381469727,17.799999237060547,18.010000228881836,9300
2006-01-25,6.125007629394531,18.100000381469727,18.100000381469727,17.8799991607666,17.8799991607666,7800
2006-01-26,6.158844947814941,18.200000762939453,18.200000762939453,18.0,18.049999237060547,9500
2006-01-27,6.064095497131348,17.920000076293945,18.170000076293945,17.850000381469727,18.110000610351562,7400
2006-01-30,5.972726821899414,17.649999618530273,17.8700008392334,17.649999618530273,17.8700008392334,6200
2006-01-31,6.101320743560791,18.030000686645508,18.030000686645508,17.719999313354492,17.719999313354492,3800
2006-02-01,6.0031843185424805,17.739999771118164,18.040000915527344,17.649999618530273,18.040000915527344,8000
2006-02-02,5.979493618011475,17.670000076293945,17.690000534057617,17.6200008392334,17.690000534057617,2900
2006-02-03,5.959194183349609,17.610000610351562,17.700000762939453,17.610000610351562,17.6200008392334,5000
2006-02-06,5.955808639526367,17.600000381469727,17.739999771118164,17.600000381469727,17.610000610351562,6500
2006-02-07,5.938889026641846,17.549999237060547,17.739999771118164,17.540000915527344,17.600000381469727,6800
2006-02-08,5.989646911621094,17.700000762939453,17.700000762939453,17.520000457763672,17.520000457763672,6700
2006-02-09,5.989646911621094,17.700000762939453,17.81999969482422,17.610000610351562,17.760000228881836,6600
2006-02-10,6.070865154266357,17.940000534057617,17.950000762939453,17.65999984741211,17.75,3900
2006-02-13,6.0843987464904785,17.979999542236328,18.059999465942383,17.84000015258789,17.940000534057617,2800
2006-02-14,6.023488998413086,17.799999237060547,17.799999237060547,17.690000534057617,17.729999542236328,3500
2006-02-15,5.989646911621094,17.700000762939453,17.860000610351562,17.670000076293945,17.799999237060547,4700
2006-02-16,5.976111888885498,17.65999984741211,17.940000534057617,17.579999923706055,17.799999237060547,17900
2006-02-17,5.986263751983643,17.690000534057617,17.81999969482422,17.649999618530273,17.709999084472656,3400
2006-02-21,5.955808639526367,17.600000381469727,17.81999969482422,17.600000381469727,17.65999984741211,15400
2006-02-22,6.006567001342773,17.75,17.75,17.6200008392334,17.6200008392334,5700
2006-02-23,6.023488998413086,17.799999237060547,17.889999389648438,17.709999084472656,17.709999084472656,6500
2006-02-24,6.077630519866943,17.959999084472656,17.959999084472656,17.75,17.75,13100
2006-02-27,6.023488998413086,17.799999237060547,18.0,17.799999237060547,17.899999618530273,7600
2006-02-28,6.0843987464904785,17.979999542236328,18.0,17.719999313354492,17.799999237060547,12300
2006-03-01,6.0945539474487305,18.010000228881836,18.030000686645508,17.8799991607666,17.8799991607666,8300
2006-03-02,6.057329177856445,17.899999618530273,18.030000686645508,17.8700008392334,17.959999084472656,3200
2006-03-03,6.057329177856445,17.899999618530273,18.020000457763672,17.829999923706055,17.850000381469727,9700
2006-03-06,6.037023544311523,17.84000015258789,18.0,17.84000015258789,17.850000381469727,3100
2006-03-07,6.037023544311523,17.84000015258789,17.93000030517578,17.670000076293945,17.690000534057617,7900
2006-03-08,5.972726821899414,17.649999618530273,17.899999618530273,17.649999618530273,17.8700008392334,4200
2006-03-09,6.037023544311523,17.84000015258789,17.850000381469727,17.600000381469727,17.600000381469727,3400
2006-03-10,6.023488998413086,17.799999237060547,17.989999771118164,17.799999237060547,17.989999771118164,4000
2006-03-13,6.023488998413086,17.799999237060547,17.860000610351562,17.600000381469727,17.799999237060547,5000
2006-03-14,5.989646911621094,17.700000762939453,17.899999618530273,17.6200008392334,17.700000762939453,4300
2006-03-15,5.989646911621094,17.700000762939453,17.8700008392334,17.610000610351562,17.729999542236328,3400
2006-03-16,5.989646911621094,17.700000762939453,17.889999389648438,17.700000762939453,17.790000915527344,4300
2006-03-17,6.023488998413086,17.799999237060547,17.899999618530273,17.700000762939453,17.700000762939453,3700
2006-03-20,6.006567001342773,17.75,17.920000076293945,17.75,17.850000381469727,4200
2006-03-21,6.023488998413086,17.799999237060547,17.850000381469727,17.729999542236328,17.75,4000
2006-03-22,6.006567001342773,17.75,17.850000381469727,17.65999984741211,17.799999237060547,2200
2006-03-23,5.989646911621094,17.700000762939453,17.84000015258789,17.700000762939453,17.84000015258789,4300
2006-03-24,5.993031978607178,17.709999084472656,17.799999237060547,17.700000762939453,17.739999771118164,4300
2006-03-27,6.026871204376221,17.809999465942383,17.889999389648438,17.700000762939453,17.700000762939453,5000
2006-03-28,5.989646911621094,17.700000762939453,17.889999389648438,17.700000762939453,17.709999084472656,5400
2006-03-29,5.959194183349609,17.610000610351562,17.700000762939453,17.610000610351562,17.700000762939453,4700
2006-03-30,5.9693450927734375,17.639999389648438,17.719999313354492,17.639999389648438,17.65999984741211,2000
2006-03-31,6.006567001342773,17.75,17.8799991607666,17.6299991607666,17.649999618530273,9300
2006-04-03,5.996417045593262,17.719999313354492,17.899999618530273,17.719999313354492,17.899999618530273,10200
2006-04-04,6.019805908203125,17.5,17.600000381469727,17.420000076293945,17.5,6900
2006-04-05,6.033568859100342,17.540000915527344,17.639999389648438,17.479999542236328,17.5,900
2006-04-06,6.023248672485352,17.510000228881836,17.579999923706055,17.510000228881836,17.540000915527344,3000
2006-04-07,6.012928009033203,17.479999542236328,17.549999237060547,17.350000381469727,17.540000915527344,7500
2006-04-10,5.971648216247559,17.360000610351562,17.450000762939453,17.360000610351562,17.3799991607666,9200
2006-04-11,5.971648216247559,17.360000610351562,17.399999618530273,17.360000610351562,17.3799991607666,1400
2006-04-12,6.019805908203125,17.5,17.6200008392334,17.5,17.559999465942383,8600
2006-04-13,5.957888603210449,17.31999969482422,17.600000381469727,17.299999237060547,17.459999084472656,16000
2006-04-17,5.91661262512207,17.200000762939453,17.5,17.200000762939453,17.5,4800
2006-04-18,5.923487663269043,17.219999313354492,17.350000381469727,17.100000381469727,17.260000228881836,3600
2006-04-19,6.002607822418213,17.450000762939453,17.489999771118164,17.100000381469727,17.149999618530273,12200
2006-04-20,5.875331401824951,17.079999923706055,17.450000762939453,17.010000228881836,17.450000762939453,7200
2006-04-21,5.899410247802734,17.149999618530273,17.290000915527344,17.0,17.0,7000
2006-04-24,5.878774166107178,17.09000015258789,17.239999771118164,17.059999465942383,17.209999084472656,4100
2006-04-25,5.882210731506348,17.100000381469727,17.139999389648438,17.0,17.139999389648438,4600
2006-04-26,5.854690074920654,17.020000457763672,17.100000381469727,17.0,17.010000228881836,7300
2006-04-27,5.906291961669922,17.170000076293945,17.18000030517578,17.020000457763672,17.09000015258789,5800
2006-04-28,5.895970821380615,17.139999389648438,17.270000457763672,17.139999389648438,17.18000030517578,3900
2006-05-01,5.944128036499023,17.280000686645508,17.31999969482422,17.079999923706055,17.31999969482422,5800
2006-05-02,5.930368900299072,17.239999771118164,17.5,17.139999389648438,17.299999237060547,8800
2006-05-03,5.964767932891846,17.34000015258789,17.40999984741211,17.219999313354492,17.389999389648438,6400
2006-05-04,5.957888603210449,17.31999969482422,17.3799991607666,17.229999542236328,17.239999771118164,3000
2006-05-05,5.971648216247559,17.360000610351562,17.389999389648438,17.229999542236328,17.389999389648438,3400
2006-05-08,5.923487663269043,17.219999313354492,17.270000457763672,17.100000381469727,17.260000228881836,10100
2006-05-09,5.899410247802734,17.149999618530273,17.219999313354492,17.030000686645508,17.219999313354492,6200
2006-05-10,5.91661262512207,17.200000762939453,17.280000686645508,17.059999465942383,17.059999465942383,9000
2006-05-11,5.926929950714111,17.229999542236328,17.260000228881836,17.06999969482422,17.260000228881836,5100
2006-05-12,5.861571788787842,17.040000915527344,17.139999389648438,17.040000915527344,17.100000381469727,6100
2006-05-15,5.847810745239258,17.0,17.1299991607666,16.979999542236328,16.979999542236328,3900
2006-05-16,5.882210731506348,17.100000381469727,17.25,17.09000015258789,17.25,4400
2006-05-17,5.913171291351318,17.190000534057617,17.25,17.059999465942383,17.079999923706055,6400
2006-05-18,5.895970821380615,17.139999389648438,17.190000534057617,17.110000610351562,17.139999389648438,6800
2006-05-19,5.902851104736328,17.15999984741211,17.190000534057617,17.110000610351562,17.190000534057617,6600
2006-05-22,5.913171291351318,17.190000534057617,17.200000762939453,17.139999389648438,17.15999984741211,9000
2006-05-23,5.909732818603516,17.18000030517578,17.219999313354492,17.06999969482422,17.200000762939453,9100
2006-05-24,5.875331401824951,17.079999923706055,17.229999542236328,17.079999923706055,17.1299991607666,7100
2006-05-25,5.875331401824951,17.079999923706055,17.100000381469727,17.079999923706055,17.079999923706055,5500
2006-05-26,5.875331401824951,17.079999923706055,17.200000762939453,17.079999923706055,17.200000762939453,4400
2006-05-30,5.875331401824951,17.079999923706055,17.200000762939453,17.079999923706055,17.079999923706055,2100
2006-05-31,5.8856520652771,17.110000610351562,17.209999084472656,17.059999465942383,17.209999084472656,2200
2006-06-01,5.875331401824951,17.079999923706055,17.190000534057617,17.079999923706055,17.15999984741211,7300
2006-06-02,5.913171291351318,17.190000534057617,17.190000534057617,17.06999969482422,17.079999923706055,5100
2006-06-05,5.923487663269043,17.219999313354492,17.229999542236328,17.1200008392334,17.1200008392334,3700
2006-06-06,5.902851104736328,17.15999984741211,17.25,17.110000610351562,17.15999984741211,5400
2006-06-07,5.889090538024902,17.1200008392334,17.209999084472656,17.1200008392334,17.1200008392334,2200
2006-06-08,5.875331401824951,17.079999923706055,17.229999542236328,17.059999465942383,17.059999465942383,1800
2006-06-09,5.875331401824951,17.079999923706055,17.149999618530273,17.040000915527344,17.079999923706055,3500
2006-06-12,5.851252555847168,17.010000228881836,17.139999389648438,17.010000228881836,17.049999237060547,5200
2006-06-13,5.8409342765808105,16.979999542236328,17.079999923706055,16.959999084472656,17.0,5000
2006-06-14,5.882210731506348,17.100000381469727,17.1200008392334,17.030000686645508,17.030000686645508,6300
2006-06-15,5.858130931854248,17.030000686645508,17.139999389648438,17.010000228881836,17.139999389648438,4300
2006-06-16,5.875331401824951,17.079999923706055,17.09000015258789,17.030000686645508,17.09000015258789,4300
2006-06-19,5.854690074920654,17.020000457763672,17.09000015258789,17.020000457763672,17.09000015258789,8100
2006-06-20,5.834054470062256,16.959999084472656,17.040000915527344,16.950000762939453,17.040000915527344,11100
2006-06-21,5.8650126457214355,17.049999237060547,17.049999237060547,16.959999084472656,16.959999084472656,1100
2006-06-22,5.8409342765808105,16.979999542236328,17.020000457763672,16.979999542236328,17.020000457763672,13800
2006-06-23,5.851252555847168,17.010000228881836,17.040000915527344,16.969999313354492,17.030000686645508,2900
2006-06-26,5.8374924659729,16.969999313354492,17.049999237060547,16.969999313354492,16.979999542236328,6800
2006-06-27,5.8684539794921875,17.059999465942383,17.079999923706055,16.969999313354492,16.969999313354492,2100
2006-06-28,5.847810745239258,17.0,17.059999465942383,16.950000762939453,17.059999465942383,2100
2006-06-29,5.785894393920898,16.81999969482422,17.079999923706055,16.81999969482422,16.950000762939453,8200
2006-06-30,5.844372749328613,16.989999771118164,17.040000915527344,16.850000381469727,16.850000381469727,6500
2006-07-03,5.844372749328613,16.989999771118164,17.0,16.860000610351562,16.8799991607666,5300
2006-07-05,5.878664016723633,16.799999237060547,16.850000381469727,16.700000762939453,16.850000381469727,5900
2006-07-06,5.889163494110107,16.829999923706055,16.829999923706055,16.75,16.799999237060547,1100
2006-07-07,5.847169876098633,16.709999084472656,16.799999237060547,16.700000762939453,16.799999237060547,5000
2006-07-10,5.88216495513916,16.809999465942383,16.84000015258789,16.709999084472656,16.709999084472656,2400
2006-07-11,5.945149898529053,16.989999771118164,16.989999771118164,16.809999465942383,16.81999969482422,4200
2006-07-12,6.001136302947998,17.149999618530273,17.149999618530273,16.899999618530273,16.989999771118164,5200
2006-07-13,6.001136302947998,17.149999618530273,17.290000915527344,16.950000762939453,17.100000381469727,10600
2006-07-14,5.962645530700684,17.040000915527344,17.149999618530273,17.020000457763672,17.149999618530273,600
2006-07-17,5.9346537590026855,16.959999084472656,17.149999618530273,16.850000381469727,17.149999618530273,7500
2006-07-18,5.927653789520264,16.940000534057617,16.940000534057617,16.760000228881836,16.829999923706055,14000
2006-07-19,5.920654773712158,16.920000076293945,17.049999237060547,16.860000610351562,16.950000762939453,3500
2006-07-20,5.948647499084473,17.0,17.049999237060547,16.81999969482422,16.920000076293945,6600
2006-07-21,5.9661455154418945,17.049999237060547,17.049999237060547,16.850000381469727,17.0,4800
2006-07-24,6.088616847991943,17.399999618530273,17.399999618530273,17.110000610351562,17.1299991607666,6100
2006-07-25,6.015134334564209,17.190000534057617,17.200000762939453,17.1299991607666,17.200000762939453,1900
2006-07-26,5.983640193939209,17.100000381469727,17.100000381469727,17.0,17.049999237060547,2400
2006-07-27,5.99763822555542,17.139999389648438,17.200000762939453,17.1299991607666,17.200000762939453,1700
2006-07-28,6.001136302947998,17.149999618530273,17.299999237060547,17.100000381469727,17.290000915527344,5300
2006-07-31,5.969645977020264,17.059999465942383,17.219999313354492,17.0,17.0,45700
2006-08-01,6.00813627243042,17.170000076293945,17.239999771118164,17.170000076293945,17.219999313354492,2200
2006-08-02,6.039626598358154,17.260000228881836,17.389999389648438,17.260000228881836,17.270000457763672,10800
2006-08-03,6.046625137329102,17.280000686645508,17.389999389648438,17.219999313354492,17.360000610351562,9600
2006-08-04,6.095613956451416,17.420000076293945,17.43000030517578,17.260000228881836,17.260000228881836,20000
2006-08-07,6.08161735534668,17.3799991607666,17.559999465942383,17.34000015258789,17.350000381469727,5700
2006-08-08,6.088616847991943,17.399999618530273,17.700000762939453,17.389999389648438,17.5,6100
2006-08-09,6.0606231689453125,17.31999969482422,17.489999771118164,17.299999237060547,17.450000762939453,6500
2006-08-10,6.074620246887207,17.360000610351562,17.5,17.25,17.25,7000
2006-08-11,6.088616847991943,17.399999618530273,17.399999618530273,17.350000381469727,17.350000381469727,2800
2006-08-14,6.071122169494629,17.350000381469727,17.450000762939453,17.350000381469727,17.399999618530273,4400
2006-08-15,6.067620754241943,17.34000015258789,17.389999389648438,17.200000762939453,17.350000381469727,12000
2006-08-16,6.0606231689453125,17.31999969482422,17.389999389648438,17.239999771118164,17.239999771118164,8200
2006-08-17,6.085116863250732,17.389999389648438,17.479999542236328,17.260000228881836,17.260000228881836,7400
2006-08-18,6.064122676849365,17.329999923706055,17.399999618530273,17.329999923706055,17.350000381469727,5900
2006-08-21,6.092115879058838,17.40999984741211,17.600000381469727,17.299999237060547,17.299999237060547,6700
2006-08-22,6.088616847991943,17.399999618530273,17.559999465942383,17.399999618530273,17.440000534057617,6900
2006-08-23,6.071122169494629,17.350000381469727,17.489999771118164,17.299999237060547,17.489999771118164,6000
2006-08-24,6.078118324279785,17.3700008392334,17.450000762939453,17.299999237060547,17.360000610351562,2000
2006-08-25,6.144603729248047,17.559999465942383,17.610000610351562,17.399999618530273,17.399999618530273,8300
2006-08-28,6.200593948364258,17.719999313354492,17.770000457763672,17.5,17.5,19400
2006-08-29,6.225088596343994,17.790000915527344,17.8700008392334,17.639999389648438,17.719999313354492,3100
2006-08-30,6.200593948364258,17.719999313354492,17.81999969482422,17.700000762939453,17.700000762939453,6600
2006-08-31,6.288074493408203,17.969999313354492,18.010000228881836,17.719999313354492,17.81999969482422,11300
2006-09-01,6.235580921173096,17.81999969482422,17.920000076293945,17.799999237060547,17.920000076293945,8500
2006-09-05,6.249578475952148,17.860000610351562,17.969999313354492,17.780000686645508,17.809999465942383,5200
2006-09-06,6.197093486785889,17.709999084472656,17.860000610351562,17.709999084472656,17.809999465942383,6900
2006-09-07,6.197093486785889,17.709999084472656,17.75,17.690000534057617,17.75,8400
2006-09-08,6.197093486785889,17.709999084472656,17.719999313354492,17.690000534057617,17.709999084472656,3100
2006-09-11,6.204091548919678,17.729999542236328,17.84000015258789,17.700000762939453,17.700000762939453,1100
2006-09-12,6.193594455718994,17.700000762939453,17.719999313354492,17.690000534057617,17.690000534057617,4000
2006-09-13,6.218087196350098,17.770000457763672,17.8799991607666,17.719999313354492,17.850000381469727,39300
2006-09-14,6.235580921173096,17.81999969482422,17.850000381469727,17.719999313354492,17.75,1700
2006-09-15,6.214587211608887,17.760000228881836,17.809999465942383,17.729999542236328,17.729999542236328,34800
2006-09-18,6.1586012840271,17.600000381469727,17.770000457763672,17.600000381469727,17.709999084472656,11000
2006-09-19,6.193594455718994,17.700000762939453,17.75,17.600000381469727,17.600000381469727,4400
2006-09-20,6.1865949630737305,17.68000030517578,17.84000015258789,17.649999618530273,17.709999084472656,7200
2006-09-21,6.218087196350098,17.770000457763672,17.860000610351562,17.6299991607666,17.6299991607666,3700
2006-09-22,6.221588611602783,17.780000686645508,17.920000076293945,17.729999542236328,17.809999465942383,3900
2006-09-25,6.25308084487915,17.8700008392334,17.8700008392334,17.719999313354492,17.719999313354492,8900
2006-09-26,6.368553638458252,18.200000762939453,18.200000762939453,17.950000762939453,17.950000762939453,8100
2006-09-27,6.344057559967041,18.1299991607666,18.399999618530273,18.100000381469727,18.399999618530273,8100
2006-09-28,6.386047840118408,18.25,18.5,17.959999084472656,18.200000762939453,10800
2006-09-29,6.386047840118408,18.25,18.31999969482422,18.25,18.25,10500
2006-10-02,6.3895487785339355,18.260000228881836,18.270000457763672,18.040000915527344,18.149999618530273,900
2006-10-03,6.302070617675781,18.010000228881836,18.25,18.010000228881836,18.15999984741211,3800
2006-10-04,6.322694778442383,17.780000686645508,17.920000076293945,17.729999542236328,17.899999618530273,10400
2006-10-05,6.383147716522217,17.950000762939453,18.299999237060547,17.579999923706055,17.719999313354492,21600
2006-10-06,6.3404741287231445,17.829999923706055,17.899999618530273,17.75,17.889999389648438,4500
2006-10-09,6.3404741287231445,17.829999923706055,18.0,17.760000228881836,17.780000686645508,3500
2006-10-10,6.347586154937744,17.850000381469727,17.850000381469727,17.68000030517578,17.75,3500
2006-10-11,6.322694778442383,17.780000686645508,17.860000610351562,17.770000457763672,17.770000457763672,2800
2006-10-12,6.315581798553467,17.760000228881836,17.829999923706055,17.760000228881836,17.829999923706055,900
2006-10-13,6.358257293701172,17.8799991607666,17.940000534057617,17.770000457763672,17.770000457763672,3400
2006-10-16,6.415151119232178,18.040000915527344,18.040000915527344,17.790000915527344,17.850000381469727,9200
2006-10-17,6.347586154937744,17.850000381469727,17.90999984741211,17.850000381469727,17.90999984741211,2600
2006-10-18,6.347586154937744,17.850000381469727,17.860000610351562,17.850000381469727,17.860000610351562,3400
2006-10-19,6.3404741287231445,17.829999923706055,17.950000762939453,17.760000228881836,17.81999969482422,5600
2006-10-20,6.347586154937744,17.850000381469727,17.920000076293945,17.760000228881836,17.760000228881836,6700
2006-10-23,6.368924140930176,17.90999984741211,17.920000076293945,17.799999237060547,17.809999465942383,2800
2006-10-24,6.358257293701172,17.8799991607666,17.920000076293945,17.850000381469727,17.850000381469727,8700
2006-10-25,6.351141452789307,17.860000610351562,17.90999984741211,17.799999237060547,17.799999237060547,900
2006-10-26,6.361808776855469,17.889999389648438,17.920000076293945,17.8700008392334,17.90999984741211,4400
2006-10-27,6.347586154937744,17.850000381469727,17.889999389648438,17.84000015258789,17.860000610351562,4300
2006-10-30,6.347586154937744,17.850000381469727,17.93000030517578,17.809999465942383,17.809999465942383,2900
2006-10-31,6.347586154937744,17.850000381469727,17.899999618530273,17.850000381469727,17.899999618530273,3000
2006-11-01,6.3867034912109375,17.959999084472656,17.959999084472656,17.829999923706055,17.829999923706055,13000
2006-11-02,6.368924140930176,17.90999984741211,17.920000076293945,17.829999923706055,17.8799991607666,10600
2006-11-03,6.347586154937744,17.850000381469727,17.969999313354492,17.809999465942383,17.809999465942383,3600
2006-11-06,6.361808776855469,17.889999389648438,18.100000381469727,17.860000610351562,17.860000610351562,5600
2006-11-07,6.411595344543457,18.030000686645508,18.040000915527344,17.799999237060547,17.799999237060547,5900
2006-11-08,6.415151119232178,18.040000915527344,18.040000915527344,18.0,18.0,4700
2006-11-09,6.486272811889648,18.239999771118164,18.239999771118164,18.0,18.0,1300
2006-11-10,6.4009270668029785,18.0,18.100000381469727,18.0,18.100000381469727,1300
2006-11-13,6.404484748840332,18.010000228881836,18.149999618530273,18.010000228881836,18.049999237060547,7000
2006-11-14,6.397369861602783,17.989999771118164,18.010000228881836,17.950000762939453,18.010000228881836,6700
2006-11-15,6.397369861602783,17.989999771118164,18.06999969482422,17.989999771118164,18.0,2000
2006-11-16,6.447154998779297,18.1299991607666,18.25,18.040000915527344,18.040000915527344,5200
2006-11-17,6.397369861602783,17.989999771118164,18.09000015258789,17.959999084472656,18.059999465942383,3800
2006-11-20,6.351141452789307,17.860000610351562,18.059999465942383,17.850000381469727,17.959999084472656,7900
2006-11-21,6.393813133239746,17.979999542236328,18.049999237060547,17.760000228881836,17.90999984741211,5800
2006-11-22,6.4258198738098145,18.06999969482422,18.09000015258789,17.979999542236328,17.979999542236328,2500
2006-11-24,6.418707847595215,18.049999237060547,18.079999923706055,17.950000762939453,17.950000762939453,1300
2006-11-27,6.418707847595215,18.049999237060547,18.149999618530273,18.049999237060547,18.100000381469727,7800
2006-11-28,6.4258198738098145,18.06999969482422,18.149999618530273,18.049999237060547,18.049999237060547,10000
2006-11-29,6.429375171661377,18.079999923706055,18.139999389648438,18.020000457763672,18.020000457763672,11500
2006-11-30,6.4009270668029785,18.0,18.09000015258789,17.700000762939453,17.979999542236328,26000
2006-12-01,6.415151119232178,18.040000915527344,18.079999923706055,17.899999618530273,17.899999618530273,4000
2006-12-04,6.429375171661377,18.079999923706055,18.149999618530273,18.020000457763672,18.020000457763672,4500
2006-12-05,6.468491077423096,18.190000534057617,18.200000762939453,18.110000610351562,18.110000610351562,6200
2006-12-06,6.447154998779297,18.1299991607666,18.170000076293945,18.1200008392334,18.1299991607666,7600
2006-12-07,6.45071268081665,18.139999389648438,18.18000030517578,18.1299991607666,18.170000076293945,3200
2006-12-08,6.4542694091796875,18.149999618530273,18.190000534057617,18.079999923706055,18.110000610351562,4900
2006-12-11,6.468491077423096,18.190000534057617,18.229999542236328,18.06999969482422,18.1200008392334,5100
2006-12-12,6.440042972564697,18.110000610351562,18.229999542236328,18.020000457763672,18.1299991607666,6200
2006-12-13,6.486272811889648,18.239999771118164,18.239999771118164,18.079999923706055,18.110000610351562,2700
2006-12-14,6.475605487823486,18.209999084472656,18.280000686645508,18.139999389648438,18.25,4500
2006-12-15,6.489830017089844,18.25,18.299999237060547,18.209999084472656,18.209999084472656,3000
2006-12-18,6.485490798950195,17.950000762939453,18.149999618530273,17.899999618530273,18.110000610351562,8000
2006-12-19,6.507171630859375,18.010000228881836,18.010000228881836,17.90999984741211,17.920000076293945,4200
2006-12-20,6.525238037109375,18.059999465942383,18.09000015258789,17.989999771118164,17.989999771118164,6500
2006-12-21,6.52162504196167,18.049999237060547,18.079999923706055,18.020000457763672,18.049999237060547,5100
2006-12-22,6.528852939605713,18.06999969482422,18.09000015258789,18.059999465942383,18.059999465942383,1500
2006-12-26,6.485490798950195,17.950000762939453,18.09000015258789,17.84000015258789,18.049999237060547,7400
2006-12-27,6.460201740264893,17.8799991607666,18.110000610351562,17.8799991607666,18.030000686645508,7000
2006-12-28,6.485490798950195,17.950000762939453,17.950000762939453,17.829999923706055,17.829999923706055,800
2006-12-29,6.452974319458008,17.860000610351562,17.979999542236328,17.829999923706055,17.850000381469727,3900
2007-01-03,6.463815689086914,17.889999389648438,19.0,17.829999923706055,17.829999923706055,5900
2007-01-04,6.499946594238281,17.989999771118164,18.030000686645508,17.8700008392334,17.8700008392334,6700
2007-01-05,6.503558158874512,18.0,18.030000686645508,17.90999984741211,18.030000686645508,1600
2007-01-08,6.52162504196167,18.049999237060547,18.170000076293945,17.899999618530273,17.899999618530273,6700
2007-01-09,6.539687156677246,18.100000381469727,18.149999618530273,17.979999542236328,17.989999771118164,4400
2007-01-10,6.546914577484131,18.1200008392334,18.200000762939453,18.059999465942383,18.139999389648438,10900
2007-01-11,6.543303489685059,18.110000610351562,18.170000076293945,18.059999465942383,18.06999969482422,3300
2007-01-12,6.608338832855225,18.290000915527344,18.290000915527344,18.15999984741211,18.190000534057617,5100
2007-01-16,6.61195182800293,18.299999237060547,18.309999465942383,18.219999313354492,18.219999313354492,1500
2007-01-17,6.608338832855225,18.290000915527344,18.43000030517578,18.239999771118164,18.260000228881836,11100
2007-01-18,6.6227922439575195,18.329999923706055,18.3799991607666,18.25,18.3799991607666,3600
2007-01-19,6.608338832855225,18.290000915527344,18.440000534057617,18.290000915527344,18.399999618530273,4600
2007-01-22,6.601111888885498,18.270000457763672,18.440000534057617,18.270000457763672,18.440000534057617,6500
2007-01-23,6.5938849449157715,18.25,18.34000015258789,18.25,18.34000015258789,7500
2007-01-24,6.648083686828613,18.399999618530273,18.399999618530273,18.260000228881836,18.299999237060547,6400
2007-01-25,6.5938849449157715,18.25,18.5,18.25,18.299999237060547,6700
2007-01-26,6.604724407196045,18.280000686645508,18.34000015258789,18.25,18.25,3700
2007-01-29,6.601111888885498,18.270000457763672,18.350000381469727,18.270000457763672,18.329999923706055,2600
2007-01-30,6.626402378082275,18.34000015258789,18.350000381469727,18.270000457763672,18.309999465942383,3100
2007-01-31,6.6227922439575195,18.329999923706055,18.489999771118164,18.280000686645508,18.350000381469727,7500
2007-02-01,6.619177341461182,18.31999969482422,18.469999313354492,18.309999465942383,18.309999465942383,2400
2007-02-02,6.666146278381348,18.450000762939453,18.450000762939453,18.270000457763672,18.270000457763672,1400
2007-02-05,6.633631706237793,18.360000610351562,18.389999389648438,18.25,18.309999465942383,5400
2007-02-06,6.5685954093933105,18.18000030517578,18.34000015258789,18.15999984741211,18.280000686645508,8700
2007-02-07,6.543303489685059,18.110000610351562,18.350000381469727,18.110000610351562,18.15999984741211,14600
2007-02-08,6.503558158874512,18.0,18.1200008392334,17.8700008392334,18.049999237060547,20500
2007-02-09,6.485490798950195,17.950000762939453,18.040000915527344,17.68000030517578,18.040000915527344,10000
2007-02-12,6.52162504196167,18.049999237060547,18.049999237060547,17.959999084472656,17.959999084472656,10100
2007-02-13,6.485490798950195,17.950000762939453,18.059999465942383,17.93000030517578,18.010000228881836,11100
2007-02-14,6.536074638366699,18.09000015258789,18.100000381469727,17.959999084472656,18.079999923706055,6900
2007-02-15,6.52162504196167,18.049999237060547,18.09000015258789,18.040000915527344,18.040000915527344,6400
2007-02-16,6.61195182800293,18.299999237060547,18.299999237060547,18.020000457763672,18.020000457763672,7200
2007-02-20,6.608338832855225,18.290000915527344,18.329999923706055,18.059999465942383,18.25,7700
2007-02-21,6.601111888885498,18.270000457763672,18.34000015258789,18.200000762939453,18.239999771118164,6900
2007-02-22,6.557753562927246,18.149999618530273,18.270000457763672,18.100000381469727,18.270000457763672,4200
2007-02-23,6.5938849449157715,18.25,18.25,18.149999618530273,18.200000762939453,6800
2007-02-26,6.597497463226318,18.260000228881836,18.260000228881836,18.170000076293945,18.200000762939453,2100
2007-02-27,6.586658954620361,18.229999542236328,18.260000228881836,18.149999618530273,18.219999313354492,4800
2007-02-28,6.604724407196045,18.280000686645508,18.280000686645508,18.149999618530273,18.170000076293945,5200
2007-03-01,6.608338832855225,18.290000915527344,18.290000915527344,18.15999984741211,18.200000762939453,4200
2007-03-02,6.644469738006592,18.389999389648438,18.399999618530273,18.309999465942383,18.309999465942383,2000
2007-03-05,6.604724407196045,18.280000686645508,18.31999969482422,18.260000228881836,18.31999969482422,1900
2007-03-06,6.550528526306152,18.1299991607666,18.25,18.049999237060547,18.09000015258789,7700
2007-03-07,6.528852939605713,18.06999969482422,18.1200008392334,18.049999237060547,18.1200008392334,6500
2007-03-08,6.550528526306152,18.1299991607666,18.18000030517578,18.049999237060547,18.139999389648438,10300
2007-03-09,6.546914577484131,18.1200008392334,18.149999618530273,18.1200008392334,18.1200008392334,15200
2007-03-12,6.579432964324951,18.209999084472656,18.209999084472656,18.049999237060547,18.049999237060547,6700
2007-03-13,6.590271472930908,18.239999771118164,18.290000915527344,18.09000015258789,18.239999771118164,6700
2007-03-14,6.5938849449157715,18.25,18.31999969482422,18.149999618530273,18.170000076293945,6200
2007-03-15,6.601111888885498,18.270000457763672,18.34000015258789,18.209999084472656,18.209999084472656,2100
2007-03-16,6.579432964324951,18.209999084472656,18.329999923706055,18.209999084472656,18.329999923706055,2800
2007-03-19,6.583045482635498,18.219999313354492,18.229999542236328,18.139999389648438,18.229999542236328,4800
2007-03-20,6.572207927703857,18.190000534057617,18.219999313354492,18.1200008392334,18.1200008392334,9400
2007-03-21,6.590271472930908,18.239999771118164,18.239999771118164,18.139999389648438,18.139999389648438,7500
2007-03-22,6.586658954620361,18.229999542236328,18.239999771118164,18.149999618530273,18.149999618530273,4200
2007-03-23,6.586658954620361,18.229999542236328,18.229999542236328,18.1299991607666,18.1299991607666,3000
2007-03-26,6.601111888885498,18.270000457763672,18.270000457763672,18.170000076293945,18.170000076293945,5300
2007-03-27,6.61195182800293,18.299999237060547,18.299999237060547,18.170000076293945,18.229999542236328,4100
2007-03-28,6.608338832855225,18.290000915527344,18.299999237060547,18.229999542236328,18.229999542236328,4000
2007-03-29,6.608338832855225,18.290000915527344,18.290000915527344,18.25,18.290000915527344,2000
2007-03-30,6.61195182800293,18.299999237060547,18.299999237060547,18.229999542236328,18.239999771118164,3400
2007-04-02,6.662536144256592,18.440000534057617,18.450000762939453,18.299999237060547,18.299999237060547,7200
2007-04-03,6.68015193939209,18.200000762939453,18.229999542236328,18.09000015258789,18.149999618530273,13400
2007-04-04,6.724198818206787,18.31999969482422,18.399999618530273,18.110000610351562,18.190000534057617,13900
2007-04-05,6.753561973571777,18.399999618530273,18.399999618530273,18.280000686645508,18.34000015258789,6300
2007-04-09,6.771910190582275,18.450000762939453,18.450000762939453,18.299999237060547,18.329999923706055,3400
2007-04-10,6.757231712341309,18.40999984741211,18.43000030517578,18.3799991607666,18.3799991607666,1800
2007-04-11,6.735210418701172,18.350000381469727,18.399999618530273,18.260000228881836,18.34000015258789,6400
2007-04-12,6.6948347091674805,18.239999771118164,18.299999237060547,18.200000762939453,18.280000686645508,4900
2007-04-13,6.683821678161621,18.209999084472656,18.280000686645508,18.170000076293945,18.170000076293945,2000
2007-04-16,6.672808647155762,18.18000030517578,18.229999542236328,18.110000610351562,18.149999618530273,6900
2007-04-17,6.7095160484313965,18.280000686645508,18.350000381469727,18.170000076293945,18.239999771118164,4400
2007-04-18,6.735210418701172,18.350000381469727,18.399999618530273,18.299999237060547,18.350000381469727,7800
2007-04-19,6.724198818206787,18.31999969482422,18.329999923706055,18.239999771118164,18.239999771118164,3500
2007-04-20,6.731539726257324,18.34000015258789,18.350000381469727,18.290000915527344,18.350000381469727,5300
2007-04-23,6.749891757965088,18.389999389648438,18.389999389648438,18.299999237060547,18.299999237060547,2000
2007-04-24,6.742549419403076,18.3700008392334,18.389999389648438,18.350000381469727,18.389999389648438,4400
2007-04-25,6.7645721435546875,18.43000030517578,18.43000030517578,18.299999237060547,18.350000381469727,2200
2007-04-26,6.738876819610596,18.360000610351562,18.420000076293945,18.270000457763672,18.420000076293945,2800
2007-04-27,6.757231712341309,18.40999984741211,18.40999984741211,18.3700008392334,18.3700008392334,1100
2007-04-30,6.724198818206787,18.31999969482422,18.420000076293945,18.280000686645508,18.34000015258789,4300
2007-05-01,6.7095160484313965,18.280000686645508,18.40999984741211,18.280000686645508,18.40999984741211,2700
2007-05-02,6.720527172088623,18.309999465942383,18.3700008392334,18.25,18.3700008392334,7100
2007-05-03,6.7095160484313965,18.280000686645508,18.350000381469727,18.209999084472656,18.329999923706055,10900
2007-05-04,6.713186264038086,18.290000915527344,18.329999923706055,18.25,18.270000457763672,4300
2007-05-07,6.738876819610596,18.360000610351562,18.459999084472656,18.209999084472656,18.260000228881836,16500
2007-05-08,6.738876819610596,18.360000610351562,18.440000534057617,18.309999465942383,18.350000381469727,2000
2007-05-09,6.749891757965088,18.389999389648438,18.450000762939453,18.31999969482422,18.31999969482422,3100
2007-05-10,6.768243789672852,18.440000534057617,18.440000534057617,18.34000015258789,18.440000534057617,5500
2007-05-11,6.790265083312988,18.5,18.5,18.420000076293945,18.440000534057617,3400
2007-05-14,6.760902404785156,18.420000076293945,18.540000915527344,18.420000076293945,18.43000030517578,3700
2007-05-15,6.7645721435546875,18.43000030517578,18.5,18.3799991607666,18.3799991607666,5700
2007-05-16,6.819629669189453,18.579999923706055,18.579999923706055,18.450000762939453,18.450000762939453,2900
2007-05-17,6.793935775756836,18.510000228881836,18.639999389648438,18.40999984741211,18.579999923706055,9200
2007-05-18,6.731539726257324,18.34000015258789,18.59000015258789,18.280000686645508,18.450000762939453,7700
2007-05-21,6.6948347091674805,18.239999771118164,18.299999237060547,18.200000762939453,18.280000686645508,13600
2007-05-22,6.760902404785156,18.420000076293945,18.489999771118164,18.149999618530273,18.149999618530273,10500
2007-05-23,6.720527172088623,18.309999465942383,18.3799991607666,18.239999771118164,18.239999771118164,4200
2007-05-24,6.650786399841309,18.1200008392334,18.290000915527344,17.950000762939453,18.209999084472656,7100
2007-05-25,6.647120952606201,18.110000610351562,18.1299991607666,17.979999542236328,18.1299991607666,3700
2007-05-29,6.661799430847168,18.149999618530273,18.170000076293945,17.979999542236328,18.139999389648438,9400
2007-05-30,6.669143199920654,18.170000076293945,18.190000534057617,18.030000686645508,18.030000686645508,5100
2007-05-31,6.676483631134033,18.190000534057617,18.270000457763672,18.100000381469727,18.260000228881836,8500
2007-06-01,6.647120952606201,18.110000610351562,18.229999542236328,18.110000610351562,18.229999542236328,4100
2007-06-04,6.650786399841309,18.1200008392334,18.1299991607666,18.110000610351562,18.1299991607666,1400
2007-06-05,6.643446922302246,18.100000381469727,18.1299991607666,18.049999237060547,18.1200008392334,8800
2007-06-06,6.647120952606201,18.110000610351562,18.1299991607666,18.049999237060547,18.049999237060547,1600
2007-06-07,6.6140851974487305,18.020000457763672,18.100000381469727,18.0,18.020000457763672,10000
2007-06-08,6.599403381347656,17.979999542236328,18.020000457763672,17.799999237060547,18.010000228881836,8200
2007-06-11,6.617755889892578,18.030000686645508,18.06999969482422,17.920000076293945,17.920000076293945,1200
2007-06-12,6.525997638702393,17.780000686645508,17.979999542236328,17.760000228881836,17.8799991607666,5600
2007-06-13,6.485621452331543,17.670000076293945,17.860000610351562,17.510000228881836,17.780000686645508,9500
2007-06-14,6.445244789123535,17.559999465942383,17.690000534057617,17.510000228881836,17.56999969482422,14600
2007-06-15,6.46727180480957,17.6200008392334,17.65999984741211,17.59000015258789,17.600000381469727,3200
2007-06-18,6.448915481567383,17.56999969482422,17.690000534057617,17.5,17.540000915527344,7900
2007-06-19,6.489293098449707,17.68000030517578,17.690000534057617,17.510000228881836,17.510000228881836,9900
2007-06-20,6.507644176483154,17.729999542236328,17.739999771118164,17.579999923706055,17.579999923706055,7600
2007-06-21,6.485621452331543,17.670000076293945,17.709999084472656,17.6299991607666,17.6299991607666,1800
2007-06-22,6.485621452331543,17.670000076293945,17.68000030517578,17.600000381469727,17.600000381469727,1200
2007-06-25,6.448915481567383,17.56999969482422,17.729999542236328,17.450000762939453,17.559999465942383,14000
2007-06-26,6.573710918426514,17.90999984741211,17.989999771118164,17.549999237060547,17.559999465942383,28600
2007-06-27,6.544346809387207,17.829999923706055,17.93000030517578,17.760000228881836,17.760000228881836,12400
2007-06-28,6.570040225982666,17.899999618530273,17.920000076293945,17.860000610351562,17.889999389648438,19400
2007-06-29,6.577383041381836,17.920000076293945,17.950000762939453,17.920000076293945,17.920000076293945,4400
2007-07-02,6.6361083984375,18.079999923706055,18.079999923706055,17.889999389648438,17.90999984741211,8900
2007-07-03,6.643446922302246,18.100000381469727,18.100000381469727,18.09000015258789,18.09000015258789,1300
2007-07-05,6.658132076263428,18.139999389648438,18.209999084472656,18.09000015258789,18.100000381469727,8900
2007-07-06,6.643446922302246,18.100000381469727,18.209999084472656,18.100000381469727,18.1200008392334,5500
2007-07-09,6.625095367431641,18.049999237060547,18.170000076293945,18.010000228881836,18.079999923706055,8300
2007-07-10,6.616888523101807,17.739999771118164,17.899999618530273,17.709999084472656,17.75,12000
2007-07-11,6.546023368835449,17.549999237060547,17.81999969482422,17.549999237060547,17.709999084472656,10400
2007-07-12,6.56840181350708,17.610000610351562,17.709999084472656,17.549999237060547,17.549999237060547,4100
2007-07-13,6.646728992462158,17.81999969482422,17.989999771118164,17.690000534057617,17.739999771118164,23500
2007-07-16,6.654191017150879,17.84000015258789,17.950000762939453,17.809999465942383,17.950000762939453,9500
2007-07-17,6.646728992462158,17.81999969482422,17.93000030517578,17.809999465942383,17.829999923706055,14100
2007-07-18,6.646728992462158,17.81999969482422,17.93000030517578,17.809999465942383,17.81999969482422,5400
2007-07-19,6.6392717361450195,17.799999237060547,17.8700008392334,17.799999237060547,17.81999969482422,4000
2007-07-20,6.63181209564209,17.780000686645508,17.8700008392334,17.780000686645508,17.799999237060547,5800
2007-07-23,6.620620250701904,17.75,17.8700008392334,17.75,17.780000686645508,9400
2007-07-24,6.5572099685668945,17.579999923706055,17.75,17.579999923706055,17.75,9800
2007-07-25,6.546023368835449,17.549999237060547,17.780000686645508,17.549999237060547,17.56999969482422,14600
2007-07-26,6.408015251159668,17.18000030517578,17.540000915527344,17.100000381469727,17.540000915527344,22800
2007-07-27,6.422933578491211,17.219999313354492,17.309999465942383,17.110000610351562,17.25,9600
2007-07-30,6.43785285949707,17.260000228881836,17.34000015258789,17.149999618530273,17.15999984741211,7200
2007-07-31,6.4900712966918945,17.399999618530273,17.450000762939453,17.25,17.34000015258789,4500
2007-08-01,6.422933578491211,17.219999313354492,17.40999984741211,17.18000030517578,17.270000457763672,8500
2007-08-02,6.385636806488037,17.1200008392334,17.3700008392334,17.110000610351562,17.270000457763672,6900
2007-08-03,6.3334174156188965,16.979999542236328,17.309999465942383,16.979999542236328,17.020000457763672,12600
2007-08-06,6.337146759033203,16.989999771118164,17.149999618530273,16.979999542236328,17.139999389648438,12200
2007-08-07,6.329687118530273,16.969999313354492,17.139999389648438,16.950000762939453,17.100000381469727,11100
2007-08-08,6.378174304962158,17.100000381469727,17.149999618530273,17.0,17.0,6400
2007-08-09,6.359526634216309,17.049999237060547,17.1200008392334,17.030000686645508,17.040000915527344,5000
2007-08-10,6.337146759033203,16.989999771118164,17.09000015258789,16.989999771118164,16.989999771118164,9100
2007-08-13,6.340875148773193,17.0,17.079999923706055,16.979999542236328,16.989999771118164,4300
2007-08-14,6.3334174156188965,16.979999542236328,17.100000381469727,16.979999542236328,17.020000457763672,6900
2007-08-15,6.2327070236206055,16.709999084472656,16.989999771118164,16.700000762939453,16.899999618530273,27100
2007-08-16,6.146921157836914,16.479999542236328,16.709999084472656,16.450000762939453,16.670000076293945,20200
2007-08-17,6.173027992248535,16.549999237060547,16.700000762939453,16.239999771118164,16.5,28900
2007-08-20,6.542293071746826,17.540000915527344,17.700000762939453,16.75,16.75,29500
2007-08-21,6.508721351623535,17.450000762939453,17.479999542236328,17.389999389648438,17.399999618530273,2100
2007-08-22,6.531102180480957,17.510000228881836,17.510000228881836,16.940000534057617,17.40999984741211,10700
2007-08-23,6.56840181350708,17.610000610351562,17.729999542236328,17.25,17.510000228881836,8300
2007-08-24,6.519912242889404,17.479999542236328,17.6299991607666,17.3700008392334,17.579999923706055,6300
2007-08-27,6.504994869232178,17.440000534057617,17.56999969482422,17.260000228881836,17.260000228881836,7400
2007-08-28,6.41920280456543,17.209999084472656,17.649999618530273,16.8799991607666,17.5,47000
2007-08-29,6.519912242889404,17.479999542236328,17.489999771118164,17.290000915527344,17.290000915527344,20700
2007-08-30,6.5161848068237305,17.469999313354492,17.670000076293945,17.420000076293945,17.479999542236328,10500
2007-08-31,6.542293071746826,17.540000915527344,17.639999389648438,17.5,17.5,4500
2007-09-04,6.598242282867432,17.690000534057617,17.799999237060547,17.610000610351562,17.6299991607666,16800
2007-09-05,6.583320140838623,17.649999618530273,17.780000686645508,17.540000915527344,17.739999771118164,7400
2007-09-06,6.613161563873291,17.729999542236328,17.799999237060547,17.469999313354492,17.739999771118164,17700
2007-09-07,6.594513416290283,17.68000030517578,17.729999542236328,17.520000457763672,17.719999313354492,5800
2007-09-10,6.609431266784668,17.719999313354492,17.799999237060547,17.6200008392334,17.68000030517578,8500
2007-09-11,6.601972579956055,17.700000762939453,17.799999237060547,17.639999389648438,17.790000915527344,24800
2007-09-12,6.628079891204834,17.770000457763672,17.799999237060547,17.68000030517578,17.68000030517578,1300
2007-09-13,6.620620250701904,17.75,17.84000015258789,17.68000030517578,17.799999237060547,3300
2007-09-14,6.605701446533203,17.709999084472656,17.760000228881836,17.6200008392334,17.75,2300
2007-09-17,6.564672470092773,17.600000381469727,17.790000915527344,17.600000381469727,17.760000228881836,6800
2007-09-18,6.594513416290283,17.68000030517578,17.739999771118164,17.649999618530273,17.739999771118164,6100
2007-09-19,6.594513416290283,17.68000030517578,17.799999237060547,17.68000030517578,17.68000030517578,3200
2007-09-20,6.5385613441467285,17.530000686645508,17.690000534057617,17.530000686645508,17.690000534057617,4700
2007-09-21,6.512450695037842,17.459999084472656,17.600000381469727,17.360000610351562,17.520000457763672,11200
2007-09-24,6.527369499206543,17.5,17.5,17.40999984741211,17.459999084472656,7700
2007-09-25,6.512450695037842,17.459999084472656,17.5,17.43000030517578,17.479999542236328,1600
2007-09-26,6.553480625152588,17.56999969482422,17.59000015258789,17.3700008392334,17.3700008392334,9100
2007-09-27,6.594513416290283,17.68000030517578,17.739999771118164,17.600000381469727,17.600000381469727,9000
2007-09-28,6.5870490074157715,17.65999984741211,17.700000762939453,17.510000228881836,17.510000228881836,12300
2007-10-01,6.598242282867432,17.690000534057617,17.690000534057617,17.6299991607666,17.65999984741211,4200
2007-10-02,6.56840181350708,17.610000610351562,17.709999084472656,17.459999084472656,17.700000762939453,5900
2007-10-03,6.560056686401367,17.299999237060547,17.3799991607666,17.25,17.31999969482422,9500
2007-10-04,6.563851833343506,17.309999465942383,17.399999618530273,17.299999237060547,17.299999237060547,6100
2007-10-05,6.5979766845703125,17.399999618530273,17.520000457763672,17.239999771118164,17.309999465942383,12200
2007-10-08,6.594184398651123,17.389999389648438,17.399999618530273,17.329999923706055,17.350000381469727,2300
2007-10-09,6.5828094482421875,17.360000610351562,17.479999542236328,17.350000381469727,17.3700008392334,6000
2007-10-10,6.594184398651123,17.389999389648438,17.43000030517578,17.360000610351562,17.360000610351562,3300
2007-10-11,6.586606979370117,17.3700008392334,17.43000030517578,17.3700008392334,17.40999984741211,3500
2007-10-12,6.575227737426758,17.34000015258789,17.3700008392334,17.299999237060547,17.3700008392334,4900
2007-10-15,6.571434497833252,17.329999923706055,17.399999618530273,17.280000686645508,17.280000686645508,3900
2007-10-16,6.579017639160156,17.350000381469727,17.3700008392334,17.290000915527344,17.31999969482422,800
2007-10-17,6.579017639160156,17.350000381469727,17.389999389648438,17.260000228881836,17.389999389648438,11000
2007-10-18,6.571434497833252,17.329999923706055,17.3799991607666,17.309999465942383,17.34000015258789,7000
2007-10-19,6.5486860275268555,17.270000457763672,17.360000610351562,17.260000228881836,17.360000610351562,5900
2007-10-22,6.525929927825928,17.209999084472656,17.280000686645508,17.15999984741211,17.209999084472656,8300
2007-10-23,6.541098117828369,17.25,17.389999389648438,17.25,17.3700008392334,8200
2007-10-24,6.541098117828369,17.25,17.329999923706055,17.18000030517578,17.25,9600
2007-10-25,6.5221428871154785,17.200000762939453,17.31999969482422,17.15999984741211,17.25,11700
2007-10-26,6.567640781402588,17.31999969482422,17.3700008392334,17.209999084472656,17.219999313354492,10800
2007-10-29,6.5448899269104,17.260000228881836,17.450000762939453,17.239999771118164,17.31999969482422,21100
2007-10-30,6.5221428871154785,17.200000762939453,17.309999465942383,17.200000762939453,17.239999771118164,6200
2007-10-31,6.571434497833252,17.329999923706055,17.5,17.25,17.31999969482422,16900
2007-11-01,6.563851833343506,17.309999465942383,17.399999618530273,17.270000457763672,17.309999465942383,9500
2007-11-02,6.541098117828369,17.25,17.3799991607666,17.25,17.3700008392334,11000
2007-11-05,6.5448899269104,17.260000228881836,17.329999923706055,17.25,17.25,4700
2007-11-06,6.5486860275268555,17.270000457763672,17.360000610351562,17.270000457763672,17.360000610351562,6700
2007-11-07,6.525929927825928,17.209999084472656,17.389999389648438,17.200000762939453,17.260000228881836,24600
2007-11-08,6.525929927825928,17.209999084472656,17.350000381469727,17.010000228881836,17.209999084472656,26000
2007-11-09,6.480432033538818,17.09000015258789,17.15999984741211,16.899999618530273,17.15999984741211,28100
2007-11-12,6.469052314758301,17.059999465942383,17.1200008392334,17.010000228881836,17.09000015258789,15100
2007-11-13,6.510765552520752,17.170000076293945,17.18000030517578,17.079999923706055,17.110000610351562,11800
2007-11-14,6.488011360168457,17.110000610351562,17.329999923706055,17.110000610351562,17.219999313354492,7600
2007-11-15,6.461468696594238,17.040000915527344,17.149999618530273,17.040000915527344,17.100000381469727,20200
2007-11-16,6.488011360168457,17.110000610351562,17.209999084472656,17.040000915527344,17.040000915527344,10300
2007-11-19,6.453886032104492,17.020000457763672,17.110000610351562,17.020000457763672,17.049999237060547,6800
2007-11-20,6.438718795776367,16.979999542236328,17.06999969482422,16.860000610351562,17.020000457763672,16400
2007-11-21,6.4349260330200195,16.969999313354492,17.1200008392334,16.860000610351562,16.959999084472656,17600
2007-11-23,6.499389171600342,17.139999389648438,17.139999389648438,17.110000610351562,17.110000610351562,700
2007-11-26,6.484219551086426,17.100000381469727,17.190000534057617,17.079999923706055,17.079999923706055,9900
2007-11-27,6.5183491706848145,17.190000534057617,17.299999237060547,17.079999923706055,17.100000381469727,8400
2007-11-28,6.575227737426758,17.34000015258789,17.520000457763672,17.200000762939453,17.299999237060547,17600
2007-11-29,6.711738109588623,17.700000762939453,17.709999084472656,17.190000534057617,17.25,22400
2007-11-30,6.7458648681640625,17.790000915527344,17.790000915527344,17.469999313354492,17.790000915527344,15200
2007-12-03,6.730696678161621,17.75,17.84000015258789,17.739999771118164,17.790000915527344,3400
2007-12-04,6.734488487243652,17.760000228881836,17.84000015258789,17.610000610351562,17.709999084472656,7300
2007-12-05,6.726902008056641,17.739999771118164,17.90999984741211,17.709999084472656,17.84000015258789,7000
2007-12-06,6.81032657623291,17.959999084472656,18.25,17.649999618530273,17.649999618530273,8500
2007-12-07,6.840660572052002,18.040000915527344,18.110000610351562,17.959999084472656,17.959999084472656,3500
2007-12-10,6.787576675415039,17.899999618530273,18.100000381469727,17.899999618530273,18.049999237060547,2500
2007-12-11,6.783783912658691,17.889999389648438,17.90999984741211,17.709999084472656,17.75,11100
2007-12-12,6.738280296325684,17.770000457763672,17.940000534057617,17.700000762939453,17.899999618530273,7300
2007-12-13,6.83687162399292,18.030000686645508,18.030000686645508,17.700000762939453,17.770000457763672,5000
2007-12-14,6.779992580413818,17.8799991607666,17.979999542236328,17.780000686645508,17.81999969482422,4900
2007-12-17,6.783783912658691,17.889999389648438,17.889999389648438,17.700000762939453,17.729999542236328,1400
2007-12-18,6.692776203155518,17.649999618530273,17.969999313354492,17.649999618530273,17.969999313354492,25900
2007-12-19,6.7421183586120605,17.489999771118164,17.489999771118164,17.25,17.299999237060547,6700
2007-12-20,6.749827861785889,17.510000228881836,17.510000228881836,17.290000915527344,17.450000762939453,6100
2007-12-21,6.869326114654541,17.81999969482422,17.940000534057617,17.399999618530273,17.399999618530273,7900
2007-12-24,6.819217205047607,17.690000534057617,17.700000762939453,17.520000457763672,17.520000457763672,9300
2007-12-26,6.722844123840332,17.440000534057617,17.56999969482422,17.270000457763672,17.510000228881836,5700
2007-12-27,6.734410762786865,17.469999313354492,17.479999542236328,17.299999237060547,17.479999542236328,5800
2007-12-28,6.695864677429199,17.3700008392334,17.450000762939453,17.31999969482422,17.31999969482422,4900
2007-12-31,6.730550289154053,17.459999084472656,17.479999542236328,17.299999237060547,17.479999542236328,5700
2008-01-02,6.692007541656494,17.360000610351562,17.850000381469727,17.350000381469727,17.399999618530273,7900
2008-01-03,6.784522533416748,17.600000381469727,17.8799991607666,17.440000534057617,17.59000015258789,4200
2008-01-04,6.765249729156494,17.549999237060547,17.610000610351562,17.5,17.600000381469727,2800
2008-01-07,6.796085834503174,17.6299991607666,17.690000534057617,17.56999969482422,17.600000381469727,3300
2008-01-08,6.78066873550415,17.59000015258789,18.030000686645508,17.540000915527344,17.690000534057617,10500
2008-01-09,6.826925277709961,17.709999084472656,17.75,17.520000457763672,17.520000457763672,4300
2008-01-10,6.826925277709961,17.709999084472656,17.81999969482422,17.709999084472656,17.719999313354492,3100
2008-01-11,6.834636211395264,17.729999542236328,17.84000015258789,17.709999084472656,17.709999084472656,1100
2008-01-14,6.850053310394287,17.770000457763672,18.06999969482422,17.770000457763672,17.790000915527344,4200
2008-01-15,6.838489532470703,17.739999771118164,17.81999969482422,17.700000762939453,17.75,1000
2008-01-16,6.861619472503662,17.799999237060547,17.799999237060547,17.610000610351562,17.610000610351562,7100
2008-01-17,6.900169372558594,17.899999618530273,17.93000030517578,17.709999084472656,17.809999465942383,5100
2008-01-18,6.8462018966674805,17.760000228881836,17.940000534057617,17.709999084472656,17.940000534057617,4100
2008-01-22,6.934860706329346,17.989999771118164,17.989999771118164,17.5,17.600000381469727,5700
2008-01-23,6.896310806274414,17.889999389648438,17.989999771118164,17.5,17.989999771118164,4700
2008-01-24,6.919440269470215,17.950000762939453,17.979999542236328,17.81999969482422,17.969999313354492,6100
2008-01-25,6.907878398895264,17.920000076293945,18.049999237060547,17.899999618530273,17.989999771118164,9500
2008-01-28,6.9695563316345215,18.079999923706055,18.079999923706055,17.899999618530273,17.899999618530273,33000
2008-01-29,6.988826274871826,18.1299991607666,18.18000030517578,17.75,17.950000762939453,12000
2008-01-30,6.981119632720947,18.110000610351562,18.110000610351562,18.020000457763672,18.020000457763672,2600
2008-01-31,6.977263927459717,18.100000381469727,18.139999389648438,17.899999618530273,18.010000228881836,13300
2008-02-01,6.957992076873779,18.049999237060547,18.049999237060547,18.0,18.0,3300
2008-02-04,7.00039005279541,18.15999984741211,19.0,17.950000762939453,18.139999389648438,44400
2008-02-05,7.00039005279541,18.15999984741211,18.350000381469727,18.15999984741211,18.31999969482422,6000
2008-02-06,6.973405838012695,18.09000015258789,18.25,17.8700008392334,18.170000076293945,6400
2008-02-07,7.011957168579102,18.190000534057617,18.350000381469727,18.010000228881836,18.25,3200
2008-02-08,6.950281620025635,18.030000686645508,18.299999237060547,17.90999984741211,18.030000686645508,2400
2008-02-11,6.981119632720947,18.110000610351562,18.31999969482422,17.920000076293945,17.920000076293945,11500
2008-02-12,6.957992076873779,18.049999237060547,18.170000076293945,17.950000762939453,18.170000076293945,28800
2008-02-13,6.907878398895264,17.920000076293945,18.1200008392334,17.899999618530273,18.1200008392334,12300
2008-02-14,6.745972633361816,17.5,17.899999618530273,17.450000762939453,17.899999618530273,6300
2008-02-15,6.649601936340332,17.25,17.450000762939453,17.149999618530273,17.450000762939453,4600
2008-02-19,6.634180068969727,17.209999084472656,17.34000015258789,17.200000762939453,17.200000762939453,8700
2008-02-20,6.618762969970703,17.170000076293945,17.290000915527344,17.170000076293945,17.209999084472656,11000
2008-02-21,6.611055374145508,17.149999618530273,17.260000228881836,17.149999618530273,17.18000030517578,6300
2008-02-22,6.595633029937744,17.110000610351562,17.270000457763672,17.110000610351562,17.149999618530273,27900
2008-02-25,6.6688761711120605,17.299999237060547,17.3700008392334,17.200000762939453,17.329999923706055,6800
2008-02-26,6.7035698890686035,17.389999389648438,17.399999618530273,17.350000381469727,17.350000381469727,1400
2008-02-27,6.707423686981201,17.399999618530273,17.489999771118164,17.31999969482422,17.389999389648438,12200
2008-02-28,6.684296607971191,17.34000015258789,17.399999618530273,17.34000015258789,17.34000015258789,2600
2008-02-29,6.692007541656494,17.360000610351562,17.389999389648438,17.31999969482422,17.34000015258789,4900
2008-03-03,6.71898889541626,17.43000030517578,17.5,17.360000610351562,17.360000610351562,7700
2008-03-04,6.695864677429199,17.3700008392334,17.479999542236328,17.3700008392334,17.399999618530273,2900
2008-03-05,6.599489688873291,17.1200008392334,17.450000762939453,17.059999465942383,17.34000015258789,13100
2008-03-06,6.634180068969727,17.209999084472656,17.25,17.139999389648438,17.15999984741211,3600
2008-03-07,6.607198238372803,17.139999389648438,17.3799991607666,17.139999389648438,17.15999984741211,5600
2008-03-10,6.584072589874268,17.079999923706055,17.15999984741211,17.079999923706055,17.15999984741211,11900
2008-03-11,6.57636022567749,17.059999465942383,17.100000381469727,17.059999465942383,17.079999923706055,6500
2008-03-12,6.58792781829834,17.09000015258789,17.139999389648438,17.059999465942383,17.059999465942383,3500
2008-03-13,6.641890525817871,17.229999542236328,17.239999771118164,17.059999465942383,17.09000015258789,4300
2008-03-14,6.634180068969727,17.209999084472656,17.229999542236328,17.110000610351562,17.110000610351562,2200
2008-03-17,6.557085990905762,17.010000228881836,17.110000610351562,17.010000228881836,17.010000228881836,12400
2008-03-18,6.568650245666504,17.040000915527344,17.09000015258789,16.40999984741211,17.06999969482422,13900
2008-03-19,6.568650245666504,17.040000915527344,17.09000015258789,17.040000915527344,17.040000915527344,9100
2008-03-20,6.58792781829834,17.09000015258789,17.09000015258789,17.040000915527344,17.040000915527344,9400
2008-03-24,6.614910125732422,17.15999984741211,17.200000762939453,17.049999237060547,17.1200008392334,4900
2008-03-25,6.568650245666504,17.040000915527344,17.15999984741211,17.040000915527344,17.1200008392334,8100
2008-03-26,6.522392749786377,16.920000076293945,17.09000015258789,16.920000076293945,17.010000228881836,7700
2008-03-27,6.537812232971191,16.959999084472656,17.020000457763672,16.90999984741211,16.920000076293945,7300
2008-03-28,6.503119468688965,16.8700008392334,17.030000686645508,16.860000610351562,17.030000686645508,12800
2008-03-31,6.607198238372803,17.139999389648438,17.149999618530273,16.8700008392334,16.8700008392334,28600
2008-04-01,6.749827861785889,17.510000228881836,17.579999923706055,17.149999618530273,17.149999618530273,13600
2008-04-02,6.83527135848999,17.440000534057617,17.56999969482422,17.149999618530273,17.25,19600
2008-04-03,6.811752796173096,17.3799991607666,17.489999771118164,17.309999465942383,17.40999984741211,27300
2008-04-04,6.807836532592773,17.3700008392334,17.489999771118164,17.299999237060547,17.399999618530273,10400
2008-04-07,6.8039140701293945,17.360000610351562,17.420000076293945,16.969999313354492,17.309999465942383,10300
2008-04-08,6.839188098907471,17.450000762939453,17.510000228881836,17.270000457763672,17.270000457763672,13800
2008-04-09,6.85094690322876,17.479999542236328,17.520000457763672,17.420000076293945,17.479999542236328,14200
2008-04-10,6.88230037689209,17.559999465942383,17.610000610351562,17.3700008392334,17.3700008392334,38500
2008-04-11,6.858785629272461,17.5,17.59000015258789,17.350000381469727,17.559999465942383,26700
2008-04-14,6.854865074157715,17.489999771118164,17.559999465942383,17.299999237060547,17.549999237060547,12700
2008-04-15,6.858785629272461,17.5,17.520000457763672,17.40999984741211,17.450000762939453,4500
2008-04-16,6.913655757904053,17.639999389648438,17.639999389648438,17.350000381469727,17.350000381469727,19000
2008-04-17,6.847030162811279,17.469999313354492,17.489999771118164,17.360000610351562,17.450000762939453,9300
2008-04-18,6.897979259490967,17.600000381469727,17.600000381469727,16.479999542236328,17.399999618530273,41500
2008-04-21,6.862703800201416,17.510000228881836,17.600000381469727,17.350000381469727,17.600000381469727,7500
2008-04-22,6.917574882507324,17.649999618530273,17.84000015258789,17.059999465942383,17.56999969482422,27900
2008-04-23,6.917574882507324,17.649999618530273,17.649999618530273,17.5,17.649999618530273,9600
2008-04-24,6.897979259490967,17.600000381469727,17.719999313354492,17.530000686645508,17.639999389648438,53500
2008-04-25,6.897979259490967,17.600000381469727,17.719999313354492,17.520000457763672,17.68000030517578,14400
2008-04-28,6.799993991851807,17.350000381469727,17.700000762939453,16.899999618530273,17.540000915527344,60800
2008-04-29,6.83527135848999,17.440000534057617,17.440000534057617,17.299999237060547,17.350000381469727,10500
2008-04-30,6.905819416046143,17.6200008392334,17.6200008392334,17.360000610351562,17.450000762939453,11700
2008-05-01,6.933251857757568,17.690000534057617,17.700000762939453,17.5,17.530000686645508,9300
2008-05-02,6.909735679626465,17.6299991607666,17.75,17.6299991607666,17.700000762939453,7000
2008-05-05,6.909735679626465,17.6299991607666,17.729999542236328,17.6299991607666,17.700000762939453,12800
2008-05-06,6.948929309844971,17.729999542236328,17.729999542236328,17.649999618530273,17.729999542236328,9800
2008-05-07,6.952848434448242,17.739999771118164,17.760000228881836,17.700000762939453,17.729999542236328,12700
2008-05-08,6.956766605377197,17.75,17.760000228881836,17.729999542236328,17.75,20000
2008-05-09,6.952848434448242,17.739999771118164,17.75,17.559999465942383,17.75,14700
2008-05-12,6.956766605377197,17.75,17.75,17.709999084472656,17.739999771118164,8500
2008-05-13,6.917574882507324,17.649999618530273,17.75,17.649999618530273,17.75,2300
2008-05-14,6.854865074157715,17.489999771118164,17.739999771118164,17.459999084472656,17.729999542236328,5400
2008-05-15,6.913655757904053,17.639999389648438,17.68000030517578,17.559999465942383,17.65999984741211,4700
2008-05-16,6.921492576599121,17.65999984741211,17.700000762939453,17.56999969482422,17.68000030517578,5100
2008-05-19,6.839188098907471,17.450000762939453,17.700000762939453,17.450000762939453,17.700000762939453,6800
2008-05-20,6.85094690322876,17.479999542236328,17.579999923706055,17.450000762939453,17.579999923706055,9100
2008-05-21,6.897979259490967,17.600000381469727,17.700000762939453,17.459999084472656,17.549999237060547,28900
2008-05-22,6.88230037689209,17.559999465942383,17.6200008392334,17.110000610351562,17.6200008392334,15400
2008-05-23,6.878384113311768,17.549999237060547,17.59000015258789,17.209999084472656,17.420000076293945,3500
2008-05-27,6.878384113311768,17.549999237060547,17.549999237060547,17.350000381469727,17.350000381469727,5800
2008-05-28,6.866624355316162,17.520000457763672,17.559999465942383,17.450000762939453,17.549999237060547,6100
2008-05-29,6.858785629272461,17.5,17.579999923706055,17.469999313354492,17.549999237060547,2300
2008-05-30,6.85094690322876,17.479999542236328,17.59000015258789,17.479999542236328,17.549999237060547,900
2008-06-02,6.811752796173096,17.3799991607666,17.670000076293945,17.329999923706055,17.479999542236328,6900
2008-06-03,6.819591999053955,17.399999618530273,17.399999618530273,17.299999237060547,17.329999923706055,6500
2008-06-04,6.819591999053955,17.399999618530273,17.399999618530273,17.329999923706055,17.389999389648438,3900
2008-06-05,6.819591999053955,17.399999618530273,17.399999618530273,17.309999465942383,17.309999465942383,5500
2008-06-06,6.819591999053955,17.399999618530273,17.399999618530273,17.350000381469727,17.360000610351562,3200
2008-06-09,6.819591999053955,17.399999618530273,17.399999618530273,17.350000381469727,17.399999618530273,8200
2008-06-10,6.8744635581970215,17.540000915527344,17.549999237060547,17.350000381469727,17.360000610351562,10000
2008-06-11,6.811752796173096,17.3799991607666,17.530000686645508,17.329999923706055,17.5,7800
2008-06-12,6.839188098907471,17.450000762939453,17.510000228881836,17.260000228881836,17.440000534057617,2900
2008-06-13,6.780397891998291,17.299999237060547,17.450000762939453,17.290000915527344,17.450000762939453,5000
2008-06-16,6.760801792144775,17.25,17.440000534057617,17.170000076293945,17.440000534057617,5100
2008-06-17,6.662820339202881,17.0,17.25,16.93000030517578,17.25,7000
2008-06-18,6.623627662658691,16.899999618530273,17.09000015258789,16.809999465942383,17.079999923706055,10300
2008-06-19,6.6079487800598145,16.860000610351562,17.030000686645508,16.809999465942383,17.020000457763672,5000
2008-06-20,6.658900737762451,16.989999771118164,17.059999465942383,16.850000381469727,16.850000381469727,1800
2008-06-23,6.682414531707764,17.049999237060547,17.049999237060547,16.950000762939453,17.0,3900
2008-06-24,6.651060581207275,16.969999313354492,17.100000381469727,16.969999313354492,17.049999237060547,3100
2008-06-25,6.647141456604004,16.959999084472656,17.100000381469727,16.959999084472656,17.079999923706055,2800
2008-06-26,6.604032516479492,16.850000381469727,17.079999923706055,16.850000381469727,17.079999923706055,4900
2008-06-27,6.604032516479492,16.850000381469727,16.899999618530273,16.81999969482422,16.850000381469727,9300
2008-06-30,6.572677135467529,16.770000457763672,16.829999923706055,16.739999771118164,16.809999465942383,2900
2008-07-01,6.478612899780273,16.530000686645508,16.899999618530273,16.5,16.829999923706055,10500
2008-07-02,6.462937831878662,16.489999771118164,16.559999465942383,16.489999771118164,16.559999465942383,10100
2008-07-03,6.502127647399902,16.59000015258789,16.59000015258789,16.40999984741211,16.40999984741211,3300
2008-07-07,6.459017276763916,16.479999542236328,16.540000915527344,16.450000762939453,16.450000762939453,2600
2008-07-08,6.462937831878662,16.489999771118164,16.540000915527344,16.399999618530273,16.5,4800
2008-07-09,6.411983489990234,16.360000610351562,16.5,16.360000610351562,16.5,7500
2008-07-10,6.486451625823975,16.549999237060547,16.549999237060547,16.360000610351562,16.360000610351562,3300
2008-07-11,6.439418792724609,16.43000030517578,16.5,16.420000076293945,16.5,6200
2008-07-14,6.376711845397949,16.270000457763672,16.389999389648438,16.270000457763672,16.3700008392334,8000
2008-07-15,6.329677581787109,16.149999618530273,16.290000915527344,16.110000610351562,16.290000915527344,12700
2008-07-16,6.333597660064697,16.15999984741211,16.190000534057617,16.110000610351562,16.139999389648438,4300
2008-07-17,6.372790336608887,16.260000228881836,16.440000534057617,16.239999771118164,16.239999771118164,4400
2008-07-18,6.376711845397949,16.270000457763672,16.389999389648438,16.209999084472656,16.389999389648438,5000
2008-07-21,6.427661895751953,16.399999618530273,16.399999618530273,16.209999084472656,16.209999084472656,5600
2008-07-22,6.439418792724609,16.43000030517578,16.450000762939453,16.309999465942383,16.399999618530273,5500
2008-07-23,6.438621520996094,16.139999389648438,16.290000915527344,15.880000114440918,16.18000030517578,10800
2008-07-24,6.40670919418335,16.059999465942383,16.200000762939453,16.0,16.149999618530273,7000
2008-07-25,6.474524974822998,16.229999542236328,16.440000534057617,16.010000228881836,16.010000228881836,8700
2008-07-28,6.502448081970215,16.299999237060547,16.440000534057617,16.229999542236328,16.229999542236328,1400
2008-07-29,6.4665446281433105,16.209999084472656,16.43000030517578,16.209999084472656,16.43000030517578,2200
2008-07-30,6.454579830169678,16.18000030517578,16.450000762939453,16.030000686645508,16.229999542236328,4500
2008-07-31,6.44659948348999,16.15999984741211,16.239999771118164,16.059999465942383,16.18000030517578,7100
2008-08-01,6.450591087341309,16.170000076293945,16.190000534057617,16.010000228881836,16.110000610351562,4000
2008-08-04,6.370803356170654,15.970000267028809,16.040000915527344,15.960000038146973,16.030000686645508,2400
2008-08-05,6.398728847503662,16.040000915527344,16.040000915527344,15.90999984741211,15.960000038146973,2600
2008-08-06,6.354846477508545,15.930000305175781,16.100000381469727,15.850000381469727,16.100000381469727,2600
2008-08-07,6.346867561340332,15.90999984741211,16.030000686645508,15.90999984741211,15.90999984741211,2100
2008-08-08,6.338892936706543,15.890000343322754,15.970000267028809,15.869999885559082,15.899999618530273,2800
2008-08-11,6.338892936706543,15.890000343322754,15.970000267028809,15.869999885559082,15.90999984741211,3300
2008-08-12,6.354846477508545,15.930000305175781,15.949999809265137,15.880000114440918,15.880000114440918,1500
2008-08-13,6.342879772186279,15.899999618530273,15.949999809265137,15.899999618530273,15.899999618530273,2400
2008-08-14,6.342879772186279,15.899999618530273,15.949999809265137,15.880000114440918,15.890000343322754,1100
2008-08-15,6.338892936706543,15.890000343322754,15.989999771118164,15.880000114440918,15.949999809265137,2300
2008-08-18,6.37479305267334,15.979999542236328,16.040000915527344,15.970000267028809,15.979999542236328,4700
2008-08-19,6.390751838684082,16.020000457763672,16.030000686645508,15.920000076293945,16.030000686645508,7700
2008-08-20,6.534364223480225,16.3799991607666,16.440000534057617,16.040000915527344,16.040000915527344,9300
2008-08-21,6.474524974822998,16.229999542236328,16.420000076293945,16.229999542236328,16.399999618530273,5500
2008-08-22,6.434635162353516,16.1299991607666,16.25,16.1299991607666,16.15999984741211,1000
2008-08-25,6.4306440353393555,16.1200008392334,16.280000686645508,16.110000610351562,16.209999084472656,3600
2008-08-26,6.434635162353516,16.1299991607666,16.209999084472656,16.1200008392334,16.1200008392334,2400
2008-08-27,6.442609786987305,16.149999618530273,16.149999618530273,16.1299991607666,16.1299991607666,900
2008-08-28,6.502448081970215,16.299999237060547,16.299999237060547,16.149999618530273,16.149999618530273,3500
2008-08-29,6.6699957847595215,16.719999313354492,17.25,16.40999984741211,16.40999984741211,8300
2008-09-02,6.638084888458252,16.639999389648438,16.68000030517578,16.5,16.649999618530273,2900
2008-09-03,6.610158443450928,16.56999969482422,16.56999969482422,16.3700008392334,16.3700008392334,1100
2008-09-04,6.5144171714782715,16.329999923706055,16.450000762939453,16.110000610351562,16.450000762939453,6900
2008-09-05,6.542341232299805,16.399999618530273,16.469999313354492,16.209999084472656,16.219999313354492,10300
2008-09-08,6.654040336608887,16.68000030517578,16.899999618530273,16.649999618530273,16.8799991607666,3200
2008-09-09,6.558300018310547,16.440000534057617,16.65999984741211,16.440000534057617,16.479999542236328,1800
2008-09-10,6.5383501052856445,16.389999389648438,16.6299991607666,16.3799991607666,16.420000076293945,7600
2008-09-11,6.4306440353393555,16.1200008392334,16.34000015258789,16.110000610351562,16.34000015258789,19600
2008-09-12,6.434635162353516,16.1299991607666,16.290000915527344,16.1299991607666,16.139999389648438,5700
2008-09-15,6.314953327178955,15.829999923706055,16.059999465942383,15.699999809265137,16.059999465942383,3100
2008-09-16,5.896088123321533,14.779999732971191,15.640000343322754,14.75,15.640000343322754,14300
2008-09-17,5.485197067260742,13.75,14.729999542236328,13.630000114440918,14.670000076293945,37900
2008-09-18,5.489184379577637,13.760000228881836,13.829999923706055,13.579999923706055,13.579999923706055,31800
2008-09-19,5.92401123046875,14.850000381469727,14.890000343322754,14.050000190734863,14.25,10600
2008-09-22,5.840237140655518,14.640000343322754,14.8100004196167,14.600000381469727,14.800000190734863,8800
2008-09-23,5.784389019012451,14.5,14.729999542236328,14.5,14.520000457763672,7200
2008-09-24,5.748483180999756,14.40999984741211,14.59000015258789,14.319999694824219,14.5,18900
2008-09-25,5.776406764984131,14.479999542236328,14.479999542236328,14.300000190734863,14.420000076293945,6500
2008-09-26,5.796356678009033,14.529999732971191,14.539999961853027,14.319999694824219,14.319999694824219,1400
2008-09-29,5.604873180389404,14.050000190734863,14.529999732971191,14.050000190734863,14.529999732971191,5100
2008-09-30,5.584926128387451,14.0,14.0,13.899999618530273,13.970000267028809,9300
2008-10-01,5.681864261627197,13.949999809265137,14.199999809265137,13.4399995803833,13.65999984741211,31300
2008-10-02,5.531161308288574,13.579999923706055,13.989999771118164,13.420000076293945,13.989999771118164,13500
2008-10-03,5.7348127365112305,14.079999923706055,17.229999542236328,13.680000305175781,13.760000228881836,11400
2008-10-06,5.176810264587402,12.710000038146973,13.880000114440918,12.399999618530273,13.869999885559082,20800
2008-10-07,5.180883407592773,12.720000267028809,13.15999984741211,12.720000267028809,13.079999923706055,10300
2008-10-08,4.97315788269043,12.210000038146973,12.739999771118164,11.550000190734863,12.720000267028809,35400
2008-10-09,4.765434265136719,11.699999809265137,12.40999984741211,11.619999885559082,12.199999809265137,28900
2008-10-10,4.044510841369629,9.930000305175781,10.5,8.149999618530273,10.0,51900
2008-10-13,5.205322265625,12.779999732971191,12.779999732971191,10.180000305175781,10.5,35700
2008-10-14,5.132006645202637,12.600000381469727,13.760000228881836,10.90999984741211,12.0,117300
2008-10-15,5.294928073883057,13.0,13.479999542236328,12.020000457763672,12.300000190734863,14200
2008-10-16,5.307145118713379,13.029999732971191,13.5,11.710000038146973,11.710000038146973,31900
2008-10-17,5.6411333084106445,13.850000381469727,13.920000076293945,12.510000228881836,12.869999885559082,29800
2008-10-20,5.539308547973633,13.600000381469727,13.90999984741211,13.350000381469727,13.899999618530273,5300
2008-10-21,5.518941402435303,13.550000190734863,13.600000381469727,13.210000038146973,13.600000381469727,5100
2008-10-22,5.49857759475708,13.5,13.5,13.300000190734863,13.5,9900
2008-10-23,5.3438029289245605,13.119999885559082,13.489999771118164,13.119999885559082,13.489999771118164,2200
2008-10-24,5.258268356323242,12.90999984741211,13.470000267028809,12.680000305175781,12.680000305175781,7400
2008-10-27,5.201247215270996,12.770000457763672,13.369999885559082,12.649999618530273,13.199999809265137,7300
2008-10-28,5.417117595672607,13.300000190734863,13.550000190734863,12.770000457763672,12.770000457763672,133400
2008-10-29,5.518941402435303,13.550000190734863,13.789999961853027,13.380000114440918,13.640000343322754,4400
2008-10-30,5.600404739379883,13.75,13.789999961853027,13.3100004196167,13.789999961853027,2800
2008-10-31,5.429337024688721,13.329999923706055,13.789999961853027,13.329999923706055,13.779999732971191,20400
2008-11-03,5.571889877319336,13.680000305175781,13.800000190734863,13.199999809265137,13.199999809265137,8600
2008-11-04,5.6492815017700195,13.869999885559082,13.869999885559082,13.649999618530273,13.789999961853027,3500
2008-11-05,5.645206928253174,13.859999656677246,14.520000457763672,13.84000015258789,13.84000015258789,8100
2008-11-06,5.575966835021973,13.6899995803833,13.989999771118164,13.359999656677246,13.680000305175781,14500
2008-11-07,5.417117595672607,13.300000190734863,13.869999885559082,13.050000190734863,13.699999809265137,33200
2008-11-10,5.47413969039917,13.4399995803833,13.4399995803833,12.8100004196167,13.300000190734863,7800
2008-11-11,5.299001216888428,13.010000228881836,13.260000228881836,12.609999656677246,13.109999656677246,21200
2008-11-12,5.258268356323242,12.90999984741211,13.010000228881836,12.75,13.0,4200
2008-11-13,5.241975784301758,12.869999885559082,12.970000267028809,11.5,12.800000190734863,35000
2008-11-14,5.205322265625,12.779999732971191,12.859999656677246,12.489999771118164,12.8100004196167,15700
2008-11-17,5.009815216064453,12.300000190734863,12.510000228881836,12.289999961853027,12.289999961853027,7500
2008-11-18,5.091275691986084,12.5,12.770000457763672,12.449999809265137,12.470000267028809,5600
2008-11-19,4.989449501037598,12.25,13.039999961853027,12.25,12.5,8000
2008-11-20,4.81023645401001,11.8100004196167,12.5,11.619999885559082,12.300000190734863,12300
2008-11-21,4.977231025695801,12.220000267028809,12.380000114440918,11.890000343322754,11.890000343322754,8600
2008-11-24,5.189027786254883,12.739999771118164,13.119999885559082,12.109999656677246,12.199999809265137,7900
2008-11-25,5.327512264251709,13.079999923706055,13.170000076293945,12.649999618530273,12.739999771118164,9400
2008-11-26,5.486359119415283,13.470000267028809,13.510000228881836,13.1899995803833,13.1899995803833,18500
2008-11-28,5.575966835021973,13.6899995803833,13.75,13.680000305175781,13.6899995803833,113300
2008-12-01,5.413045406341553,13.289999961853027,13.640000343322754,13.229999542236328,13.25,3800
2008-12-02,5.547454357147217,13.619999885559082,13.619999885559082,13.359999656677246,13.4399995803833,5900
2008-12-03,5.535236358642578,13.59000015258789,13.619999885559082,13.3100004196167,13.619999885559082,6800
2008-12-04,5.417117595672607,13.300000190734863,13.369999885559082,13.300000190734863,13.369999885559082,1000
2008-12-05,5.559671878814697,13.649999618530273,13.649999618530273,12.800000190734863,13.359999656677246,11500
2008-12-08,5.396751403808594,13.25,15.5,13.25,13.600000381469727,18300
2008-12-09,5.620767593383789,13.800000190734863,13.800000190734863,13.369999885559082,13.369999885559082,29400
2008-12-10,5.816275119781494,14.279999732971191,14.770000457763672,14.010000228881836,14.100000381469727,14700
2008-12-11,5.983269214630127,14.6899995803833,14.899999618530273,14.569999694824219,14.899999618530273,6400
2008-12-12,5.914024829864502,14.520000457763672,14.949999809265137,14.399999618530273,14.6899995803833,3500
2008-12-15,5.7266669273376465,14.0600004196167,14.720000267028809,14.0600004196167,14.720000267028809,4800
2008-12-16,5.596329689025879,13.739999771118164,14.989999771118164,13.359999656677246,14.9399995803833,19200
2008-12-17,5.824312210083008,14.0,14.6899995803833,13.520000457763672,13.649999618530273,13000
2008-12-18,5.878391265869141,14.130000114440918,14.859999656677246,13.630000114440918,13.699999809265137,11600
2008-12-19,5.953276634216309,14.3100004196167,14.6899995803833,13.510000228881836,13.899999618530273,4500
2008-12-22,6.05312442779541,14.550000190734863,14.550000190734863,14.229999542236328,14.229999542236328,14700
2008-12-23,6.028160095214844,14.489999771118164,14.710000038146973,14.460000038146973,14.479999542236328,3000
2008-12-24,6.024001598358154,14.479999542236328,14.720000267028809,14.470000267028809,14.470000267028809,2500
2008-12-26,6.0739240646362305,14.600000381469727,14.770000457763672,14.430000305175781,14.770000457763672,10500
2008-12-29,6.161288738250732,14.8100004196167,14.8100004196167,14.600000381469727,14.729999542236328,7700
2008-12-30,5.928316116333008,14.25,14.75,14.119999885559082,14.75,9600
2008-12-31,6.115525722503662,14.699999809265137,14.789999961853027,14.350000381469727,14.600000381469727,8900
2009-01-02,6.140487194061279,14.760000228881836,14.899999618530273,14.600000381469727,14.890000343322754,20400
2009-01-05,6.0656046867370605,14.579999923706055,14.920000076293945,14.579999923706055,14.899999618530273,18400
2009-01-06,6.161288738250732,14.8100004196167,15.109999656677246,14.770000457763672,14.800000190734863,11300
2009-01-07,6.115525722503662,14.699999809265137,15.0,14.600000381469727,14.890000343322754,6700
2009-01-08,6.198728084564209,14.899999618530273,15.149999618530273,14.859999656677246,14.859999656677246,17900
2009-01-09,6.340176582336426,15.239999771118164,15.289999961853027,14.649999618530273,14.6899995803833,5700
2009-01-12,6.602270603179932,15.869999885559082,15.970000267028809,15.119999885559082,15.5,6900
2009-01-13,6.427543640136719,15.449999809265137,15.9399995803833,15.029999732971191,15.9399995803833,7900
2009-01-14,6.211209297180176,14.930000305175781,15.890000343322754,14.899999618530273,15.890000343322754,11900
2009-01-15,6.365139961242676,15.300000190734863,15.300000190734863,14.800000190734863,15.0,6400
2009-01-16,6.448342323303223,15.5,15.5,15.350000381469727,15.489999771118164,6100
2009-01-20,6.585629463195801,15.829999923706055,15.890000343322754,15.350000381469727,15.489999771118164,28800
2009-01-21,6.460825443267822,15.529999732971191,15.800000190734863,15.380000114440918,15.800000190734863,19200
2009-01-22,6.5648298263549805,15.779999732971191,15.779999732971191,15.180000305175781,15.180000305175781,5000
2009-01-23,6.456666469573975,15.520000457763672,15.770000457763672,15.460000038146973,15.770000457763672,7100
2009-01-26,6.3193769454956055,15.1899995803833,15.40999984741211,15.100000381469727,15.40999984741211,9400
2009-01-27,6.327695846557617,15.210000038146973,15.239999771118164,15.1899995803833,15.239999771118164,8800
2009-01-28,6.302734851837158,15.149999618530273,15.390000343322754,15.100000381469727,15.220000267028809,17300
2009-01-29,6.348498821258545,15.260000228881836,15.399999618530273,15.100000381469727,15.399999618530273,12500
2009-01-30,6.394259929656982,15.369999885559082,15.5,15.1899995803833,15.1899995803833,6900
2009-02-02,6.240330696105957,15.0,15.369999885559082,14.890000343322754,15.369999885559082,5600
2009-02-03,6.385941982269287,15.350000381469727,15.350000381469727,14.699999809265137,14.890000343322754,15300
2009-02-04,6.398421287536621,15.380000114440918,15.380000114440918,15.100000381469727,15.25,1800
2009-02-05,6.398421287536621,15.380000114440918,15.390000343322754,15.029999732971191,15.300000190734863,2200
2009-02-06,6.232011795043945,14.979999542236328,15.390000343322754,14.949999809265137,15.390000343322754,6200
2009-02-09,6.173769474029541,14.84000015258789,14.850000381469727,14.739999771118164,14.84000015258789,4000
2009-02-10,6.069761753082275,14.59000015258789,14.84000015258789,14.170000076293945,14.84000015258789,55500
2009-02-11,6.1030449867248535,14.670000076293945,14.899999618530273,14.470000267028809,14.8100004196167,5900
2009-02-12,6.140487194061279,14.760000228881836,14.760000228881836,14.550000190734863,14.579999923706055,10400
2009-02-13,6.03231954574585,14.5,14.779999732971191,14.5,14.779999732971191,17100
2009-02-17,5.9615983963012695,14.329999923706055,14.640000343322754,13.770000457763672,14.5,48400
2009-02-18,5.990718841552734,14.399999618530273,14.630000114440918,14.289999961853027,14.569999694824219,15600
2009-02-19,5.953276634216309,14.3100004196167,14.3100004196167,14.0,14.279999732971191,25600
2009-02-20,5.824312210083008,14.0,14.420000076293945,14.0,14.359999656677246,5300
2009-02-23,5.553896427154541,13.350000381469727,14.0,13.329999923706055,14.0,7300
2009-02-24,5.670383453369141,13.630000114440918,14.079999923706055,13.079999923706055,13.600000381469727,8100
2009-02-25,5.607980251312256,13.479999542236328,13.819999694824219,13.260000228881836,13.369999885559082,5200
2009-02-26,5.720305919647217,13.75,14.510000228881836,13.399999618530273,13.479999542236328,10800
2009-02-27,5.558056831359863,13.359999656677246,14.4399995803833,13.350000381469727,13.850000381469727,11000
2009-03-02,5.741105556488037,13.800000190734863,14.699999809265137,13.279999732971191,13.300000190734863,26300
2009-03-03,5.678701877593994,13.649999618530273,14.180000305175781,13.600000381469727,13.979999542236328,12300
2009-03-04,5.65790319442749,13.600000381469727,14.09000015258789,13.550000190734863,13.680000305175781,4800
2009-03-05,5.479011535644531,13.170000076293945,13.770000457763672,13.149999618530273,13.640000343322754,7500
2009-03-06,5.512293338775635,13.25,14.359999656677246,13.25,13.25,19400
2009-03-09,5.637099266052246,13.550000190734863,13.989999771118164,13.420000076293945,13.449999809265137,16900
2009-03-10,5.545576572418213,13.329999923706055,13.649999618530273,13.329999923706055,13.359999656677246,12500
2009-03-11,5.487332344055176,13.1899995803833,13.460000038146973,13.100000381469727,13.239999771118164,12100
2009-03-12,5.624619483947754,13.520000457763672,13.880000114440918,13.199999809265137,13.199999809265137,12800
2009-03-13,5.641260623931885,13.5600004196167,14.220000267028809,13.470000267028809,13.520000457763672,5500
2009-03-16,5.682863235473633,13.65999984741211,13.800000190734863,13.470000267028809,13.470000267028809,12300
2009-03-17,5.799346923828125,13.9399995803833,13.949999809265137,13.5,13.75,15100
2009-03-18,5.824312210083008,14.0,14.199999809265137,13.65999984741211,14.0,16400
2009-03-19,5.687023639678955,13.670000076293945,14.0,13.59000015258789,13.800000190734863,8000
2009-03-20,5.720305919647217,13.75,13.899999618530273,13.5600004196167,13.5600004196167,3400
2009-03-23,5.753586769104004,13.829999923706055,14.100000381469727,13.75,13.75,18000
2009-03-24,5.791029453277588,13.920000076293945,13.920000076293945,13.770000457763672,13.859999656677246,14100
2009-03-25,5.761907577514648,13.850000381469727,13.989999771118164,13.850000381469727,13.989999771118164,6400
2009-03-26,5.82014799118042,13.989999771118164,13.989999771118164,13.84000015258789,13.949999809265137,5400
2009-03-27,5.6911821365356445,13.680000305175781,14.069999694824219,13.550000190734863,13.989999771118164,13900
2009-03-30,5.649581432342529,13.579999923706055,13.9399995803833,13.520000457763672,13.770000457763672,7200
2009-03-31,5.728625297546387,13.770000457763672,13.859999656677246,13.550000190734863,13.550000190734863,8300
2009-04-01,5.736274242401123,13.5,13.829999923706055,13.390000343322754,13.489999771118164,23300
2009-04-02,5.800009250640869,13.649999618530273,13.760000228881836,13.59000015258789,13.619999885559082,13900
2009-04-03,5.787262439727783,13.619999885559082,13.789999961853027,13.5,13.569999694824219,6300
2009-04-06,5.744771480560303,13.520000457763672,13.720000267028809,13.5,13.720000267028809,12500
2009-04-07,5.757519721984863,13.550000190734863,13.680000305175781,13.470000267028809,13.59000015258789,5500
2009-04-08,5.75327205657959,13.539999961853027,13.600000381469727,13.539999961853027,13.5600004196167,23200
2009-04-09,5.893488883972168,13.869999885559082,13.880000114440918,13.619999885559082,13.789999961853027,10500
2009-04-13,5.804257869720459,13.65999984741211,13.880000114440918,13.65999984741211,13.710000038146973,82600
2009-04-14,5.893488883972168,13.869999885559082,13.869999885559082,13.609999656677246,13.609999656677246,47400
2009-04-15,5.859496116638184,13.789999961853027,13.880000114440918,13.75,13.75,9800
2009-04-16,5.927484512329102,13.949999809265137,14.109999656677246,13.84000015258789,13.84000015258789,10700
2009-04-17,5.991219520568848,14.100000381469727,14.100000381469727,13.869999885559082,13.869999885559082,21000
2009-04-20,5.969973564147949,14.050000190734863,14.149999618530273,14.0,14.0,10600
2009-04-21,6.025210380554199,14.180000305175781,14.210000038146973,13.850000381469727,14.039999961853027,12400
2009-04-22,6.037960529327393,14.210000038146973,14.329999923706055,13.949999809265137,14.029999732971191,9600
2009-04-23,5.991219520568848,14.100000381469727,14.359999656677246,14.0,14.359999656677246,9200
2009-04-24,6.016714572906494,14.15999984741211,14.270000457763672,14.109999656677246,14.109999656677246,3000
2009-04-27,6.059205055236816,14.260000228881836,14.640000343322754,14.15999984741211,14.300000190734863,6700
2009-04-28,6.054956436157227,14.25,14.649999618530273,14.199999809265137,14.260000228881836,28000
2009-04-29,6.08044958114624,14.3100004196167,14.380000114440918,14.25,14.25,5500
2009-04-30,6.182430267333984,14.550000190734863,14.670000076293945,14.350000381469727,14.640000343322754,9900
2009-05-01,6.190927982330322,14.569999694824219,14.800000190734863,14.550000190734863,14.550000190734863,8800
2009-05-04,6.373635292053223,15.0,15.239999771118164,14.680000305175781,14.84000015258789,18700
2009-05-05,6.416128635406494,15.100000381469727,15.119999885559082,15.0,15.119999885559082,5800
2009-05-06,6.475614547729492,15.239999771118164,15.25,15.199999809265137,15.199999809265137,4800
2009-05-07,6.437375068664551,15.149999618530273,15.25,15.010000228881836,15.239999771118164,9800
2009-05-08,6.441622257232666,15.15999984741211,15.25,15.100000381469727,15.100000381469727,4700
2009-05-11,6.467118263244629,15.220000267028809,15.550000190734863,15.149999618530273,15.149999618530273,8300
2009-05-12,6.501110553741455,15.300000190734863,15.4399995803833,15.210000038146973,15.229999542236328,9000
2009-05-13,6.339646339416504,14.920000076293945,15.420000076293945,14.819999694824219,15.270000457763672,21300
2009-05-14,6.343892574310303,14.930000305175781,15.300000190734863,14.850000381469727,14.850000381469727,6900
2009-05-15,6.428875923156738,15.130000114440918,15.130000114440918,14.930000305175781,14.930000305175781,2500
2009-05-18,6.373635292053223,15.0,15.180000305175781,15.0,15.180000305175781,5200
2009-05-19,6.382134914398193,15.020000457763672,15.09000015258789,14.960000038146973,15.0,11500
2009-05-20,6.501110553741455,15.300000190734863,15.3100004196167,15.010000228881836,15.010000228881836,4500
2009-05-21,6.399133205413818,15.0600004196167,15.5,15.010000228881836,15.5,8200
2009-05-22,6.484113693237305,15.260000228881836,15.399999618530273,14.989999771118164,15.399999618530273,9200
2009-05-26,6.615837097167969,15.569999694824219,15.59000015258789,15.15999984741211,15.350000381469727,7400
2009-05-27,6.615837097167969,15.569999694824219,15.6899995803833,15.5,15.5,16800
2009-05-28,6.58184289932251,15.489999771118164,15.579999923706055,15.380000114440918,15.579999923706055,2300
2009-05-29,6.615837097167969,15.569999694824219,15.979999542236328,15.539999961853027,15.640000343322754,7800
2009-06-01,6.620083332061768,15.579999923706055,15.899999618530273,15.579999923706055,15.59000015258789,6500
2009-06-02,6.658327102661133,15.670000076293945,15.670000076293945,15.579999923706055,15.670000076293945,3000
2009-06-03,6.671074390411377,15.699999809265137,15.739999771118164,15.670000076293945,15.670000076293945,4900
2009-06-04,6.696568012237549,15.760000228881836,15.890000343322754,15.670000076293945,15.75,8400
2009-06-05,6.705066204071045,15.779999732971191,15.890000343322754,15.649999618530273,15.819999694824219,5900
2009-06-08,6.730559349060059,15.84000015258789,15.880000114440918,15.720000267028809,15.779999732971191,4300
2009-06-09,6.683821678161621,15.729999542236328,15.899999618530273,15.539999961853027,15.84000015258789,16900
2009-06-10,6.641331195831299,15.630000114440918,15.800000190734863,15.430000305175781,15.729999542236328,10500
2009-06-11,6.658327102661133,15.670000076293945,15.680000305175781,15.59000015258789,15.630000114440918,5200
2009-06-12,6.692319393157959,15.75,15.859999656677246,15.59000015258789,15.680000305175781,5700
2009-06-15,6.658327102661133,15.670000076293945,15.6899995803833,15.449999809265137,15.520000457763672,10900
2009-06-16,6.6455793380737305,15.640000343322754,15.800000190734863,15.600000381469727,15.600000381469727,3700
2009-06-17,6.671074390411377,15.699999809265137,15.8100004196167,15.510000228881836,15.510000228881836,7600
2009-06-18,6.713565826416016,15.800000190734863,16.0,15.710000038146973,15.899999618530273,9000
2009-06-19,6.6498308181762695,15.649999618530273,15.90999984741211,15.649999618530273,15.710000038146973,4100
2009-06-22,6.773050785064697,15.9399995803833,15.949999809265137,15.75,15.949999809265137,7200
2009-06-23,6.692319393157959,15.75,15.979999542236328,15.75,15.979999542236328,3200
2009-06-24,6.713565826416016,15.800000190734863,15.960000038146973,15.800000190734863,15.949999809265137,10300
2009-06-25,6.756054878234863,15.899999618530273,15.899999618530273,15.770000457763672,15.800000190734863,6800
2009-06-26,6.794299125671387,15.989999771118164,16.0,15.850000381469727,15.949999809265137,5900
2009-06-29,6.7603044509887695,15.90999984741211,16.0,15.90999984741211,15.979999542236328,4700
2009-06-30,6.781549453735352,15.960000038146973,16.0,15.880000114440918,15.880000114440918,6500
2009-07-01,6.798548221588135,16.0,16.0,15.949999809265137,15.989999771118164,3300
2009-07-02,6.841036319732666,16.100000381469727,16.469999313354492,15.949999809265137,15.970000267028809,14100
2009-07-06,6.807046413421631,16.020000457763672,16.440000534057617,16.020000457763672,16.200000762939453,15000
2009-07-07,6.97275972366333,16.40999984741211,16.420000076293945,16.010000228881836,16.020000457763672,41500
2009-07-08,6.858033180236816,16.139999389648438,16.469999313354492,16.100000381469727,16.40999984741211,23100
2009-07-09,6.926021575927734,16.299999237060547,16.469999313354492,16.110000610351562,16.110000610351562,31100
2009-07-10,6.917521953582764,16.280000686645508,16.450000762939453,16.280000686645508,16.389999389648438,64900
2009-07-13,6.798548221588135,16.0,16.100000381469727,15.649999618530273,15.680000305175781,46700
2009-07-14,6.713565826416016,15.800000190734863,16.110000610351562,15.800000190734863,16.0,56900
2009-07-15,6.768962860107422,15.640000343322754,15.649999618530273,15.369999885559082,15.640000343322754,42700
2009-07-16,6.669417858123779,15.40999984741211,15.600000381469727,15.399999618530273,15.59000015258789,32500
2009-07-17,6.686733722686768,15.449999809265137,15.649999618530273,15.40999984741211,15.609999656677246,15700
2009-07-20,6.686733722686768,15.449999809265137,15.520000457763672,15.40999984741211,15.470000267028809,34400
2009-07-21,6.669417858123779,15.40999984741211,15.470000267028809,15.319999694824219,15.420000076293945,26300
2009-07-22,6.6218132972717285,15.300000190734863,15.40999984741211,15.270000457763672,15.40999984741211,29100
2009-07-23,6.626139163970947,15.3100004196167,15.430000305175781,15.220000267028809,15.430000305175781,46900
2009-07-24,6.660764694213867,15.390000343322754,15.4399995803833,15.149999618530273,15.149999618530273,20200
2009-07-27,6.626139163970947,15.3100004196167,15.369999885559082,15.25,15.350000381469727,28600
2009-07-28,6.660764694213867,15.390000343322754,15.4399995803833,15.300000190734863,15.34000015258789,30500
2009-07-29,6.64345121383667,15.350000381469727,15.420000076293945,15.319999694824219,15.319999694824219,17600
2009-07-30,6.669417858123779,15.40999984741211,15.460000038146973,15.300000190734863,15.390000343322754,29200
2009-07-31,6.673746109008789,15.420000076293945,15.479999542236328,15.350000381469727,15.350000381469727,27800
2009-08-03,6.734339714050293,15.5600004196167,15.640000343322754,15.420000076293945,15.420000076293945,27600
2009-08-04,6.816571235656738,15.75,15.760000228881836,15.470000267028809,15.510000228881836,31000
2009-08-05,6.846867561340332,15.819999694824219,15.819999694824219,15.649999618530273,15.680000305175781,21700
2009-08-06,6.794931888580322,15.699999809265137,15.800000190734863,15.600000381469727,15.779999732971191,18800
2009-08-07,6.820898056030273,15.760000228881836,15.859999656677246,15.699999809265137,15.710000038146973,12200
2009-08-10,6.838212966918945,15.800000190734863,15.850000381469727,15.739999771118164,15.75,12200
2009-08-11,6.803586483001709,15.720000267028809,15.890000343322754,15.6899995803833,15.890000343322754,23300
2009-08-12,6.820898056030273,15.760000228881836,15.850000381469727,15.739999771118164,15.800000190734863,36100
2009-08-13,6.799255847930908,15.710000038146973,15.890000343322754,15.710000038146973,15.890000343322754,26300
2009-08-14,6.825225830078125,15.770000457763672,15.800000190734863,15.6899995803833,15.710000038146973,16200
2009-08-17,6.794931888580322,15.699999809265137,15.729999542236328,15.59000015258789,15.729999542236328,21200
2009-08-18,6.794931888580322,15.699999809265137,15.720000267028809,15.59000015258789,15.59000015258789,23900
2009-08-19,6.855522155761719,15.84000015258789,15.84000015258789,15.640000343322754,15.710000038146973,12400
2009-08-20,6.885818958282471,15.90999984741211,15.90999984741211,15.8100004196167,15.8100004196167,10600
2009-08-21,6.881490230560303,15.899999618530273,15.90999984741211,15.829999923706055,15.899999618530273,22500
2009-08-24,6.833883285522461,15.789999961853027,15.930000305175781,15.739999771118164,15.899999618530273,10500
2009-08-25,6.773292541503906,15.649999618530273,15.800000190734863,15.649999618530273,15.720000267028809,14000
2009-08-26,6.794931888580322,15.699999809265137,15.789999961853027,15.649999618530273,15.649999618530273,16800
2009-08-27,6.825225830078125,15.770000457763672,15.789999961853027,15.65999984741211,15.699999809265137,25900
2009-08-28,6.833883285522461,15.789999961853027,15.800000190734863,15.760000228881836,15.760000228881836,28800
2009-08-31,6.838212966918945,15.800000190734863,15.800000190734863,15.760000228881836,15.760000228881836,11000
2009-09-01,6.881490230560303,15.899999618530273,15.9399995803833,15.789999961853027,15.869999885559082,28200
2009-09-02,6.85984992980957,15.850000381469727,15.880000114440918,15.84000015258789,15.880000114440918,19800
2009-09-03,6.92476749420166,16.0,16.0,15.829999923706055,15.829999923706055,37400
2009-09-04,6.92476749420166,16.0,16.0,15.920000076293945,15.920000076293945,19600
2009-09-08,6.968050003051758,16.100000381469727,16.110000610351562,15.9399995803833,15.9399995803833,12800
2009-09-09,6.989692211151123,16.149999618530273,16.149999618530273,16.09000015258789,16.110000610351562,13600
2009-09-10,6.994019031524658,16.15999984741211,16.15999984741211,16.049999237060547,16.149999618530273,12400
2009-09-11,7.007003307342529,16.190000534057617,16.190000534057617,16.0,16.149999618530273,11900
2009-09-14,7.032970905303955,16.25,16.290000915527344,16.139999389648438,16.18000030517578,17200
2009-09-15,7.019985198974609,16.219999313354492,16.25,16.18000030517578,16.25,72600
2009-09-16,7.032970905303955,16.25,16.280000686645508,16.18000030517578,16.18000030517578,25900
2009-09-17,7.032970905303955,16.25,16.280000686645508,16.15999984741211,16.280000686645508,17600
2009-09-18,7.063263416290283,16.31999969482422,16.31999969482422,16.200000762939453,16.280000686645508,34000
2009-09-21,7.037301063537598,16.260000228881836,16.290000915527344,16.25,16.280000686645508,36100
2009-09-22,7.041625022888184,16.270000457763672,16.309999465942383,16.25,16.309999465942383,30300
2009-09-23,7.0589375495910645,16.309999465942383,16.31999969482422,16.25,16.280000686645508,28000
2009-09-24,7.054610252380371,16.299999237060547,16.31999969482422,16.170000076293945,16.170000076293945,34800
2009-09-25,7.041625022888184,16.270000457763672,16.3799991607666,16.270000457763672,16.31999969482422,43700
2009-09-28,7.089234352111816,16.3799991607666,16.3799991607666,16.280000686645508,16.3700008392334,35300
2009-09-29,7.076248645782471,16.350000381469727,16.3799991607666,16.25,16.3799991607666,39000
2009-09-30,7.079773426055908,16.06999969482422,16.209999084472656,16.0,16.200000762939453,26900
2009-10-01,7.057746410369873,16.020000457763672,16.139999389648438,15.949999809265137,16.09000015258789,17500
2009-10-02,7.04893684387207,16.0,16.1299991607666,15.979999542236328,16.010000228881836,27700
2009-10-05,7.101802349090576,16.1200008392334,16.329999923706055,16.049999237060547,16.049999237060547,13000
2009-10-06,7.1458587646484375,16.219999313354492,16.219999313354492,16.1299991607666,16.209999084472656,30100
2009-10-07,7.128236770629883,16.18000030517578,16.209999084472656,16.15999984741211,16.200000762939453,21100
2009-10-08,7.167886734008789,16.270000457763672,16.350000381469727,16.170000076293945,16.209999084472656,19500
2009-10-09,7.167886734008789,16.270000457763672,16.270000457763672,16.170000076293945,16.25,6200
2009-10-12,7.101802349090576,16.1200008392334,16.270000457763672,16.079999923706055,16.270000457763672,30000
2009-10-13,7.066557884216309,16.040000915527344,16.200000762939453,16.020000457763672,16.149999618530273,10200
2009-10-14,7.062149524688721,16.030000686645508,16.239999771118164,16.030000686645508,16.049999237060547,18300
2009-10-15,6.960822582244873,15.800000190734863,16.100000381469727,15.800000190734863,16.020000457763672,38300
2009-10-16,7.031312465667725,15.960000038146973,15.979999542236328,15.829999923706055,15.829999923706055,12100
2009-10-19,7.101802349090576,16.1200008392334,16.1200008392334,15.979999542236328,15.979999542236328,11900
2009-10-20,7.150260925292969,16.229999542236328,16.270000457763672,16.219999313354492,16.260000228881836,12000
2009-10-21,7.159074306488037,16.25,16.25,16.149999618530273,16.25,7900
2009-10-22,7.115018844604492,16.149999618530273,16.149999618530273,16.049999237060547,16.049999237060547,6500
2009-10-23,7.176697254180908,16.290000915527344,16.34000015258789,16.190000534057617,16.190000534057617,9800
2009-10-26,7.1458587646484375,16.219999313354492,16.329999923706055,16.219999313354492,16.329999923706055,17500
2009-10-27,7.150260925292969,16.229999542236328,16.34000015258789,16.139999389648438,16.290000915527344,20800
2009-10-28,7.079773426055908,16.06999969482422,16.200000762939453,16.06999969482422,16.200000762939453,15800
2009-10-29,7.194319248199463,16.329999923706055,16.34000015258789,16.100000381469727,16.209999084472656,13300
2009-10-30,7.128236770629883,16.18000030517578,16.350000381469727,16.110000610351562,16.350000381469727,12400
2009-11-02,7.097395896911621,16.110000610351562,16.229999542236328,16.110000610351562,16.229999542236328,22100
2009-11-03,7.110609531402588,16.139999389648438,16.149999618530273,16.06999969482422,16.149999618530273,12100
2009-11-04,7.141450881958008,16.209999084472656,16.329999923706055,16.06999969482422,16.06999969482422,17200
2009-11-05,7.070962429046631,16.049999237060547,16.200000762939453,16.049999237060547,16.110000610351562,9700
2009-11-06,7.0753679275512695,16.059999465942383,16.110000610351562,16.049999237060547,16.100000381469727,32100
2009-11-09,7.101802349090576,16.1200008392334,16.190000534057617,16.020000457763672,16.139999389648438,63400
2009-11-10,7.0753679275512695,16.059999465942383,16.100000381469727,16.020000457763672,16.100000381469727,13400
2009-11-11,7.026907444000244,15.949999809265137,16.059999465942383,15.779999732971191,16.059999465942383,54500
2009-11-12,7.031312465667725,15.960000038146973,16.0,15.899999618530273,15.90999984741211,7500
2009-11-13,7.026907444000244,15.949999809265137,16.0,15.90999984741211,16.0,12900
2009-11-16,7.026907444000244,15.949999809265137,16.0,15.949999809265137,16.0,17100
2009-11-17,7.013689041137695,15.920000076293945,16.0,15.899999618530273,15.989999771118164,29800
2009-11-18,7.013689041137695,15.920000076293945,15.970000267028809,15.920000076293945,15.970000267028809,10900
2009-11-19,7.070962429046631,16.049999237060547,16.170000076293945,15.930000305175781,15.930000305175781,30200
2009-11-20,7.057746410369873,16.020000457763672,16.100000381469727,16.020000457763672,16.100000381469727,7900
2009-11-23,7.115018844604492,16.149999618530273,16.25,16.049999237060547,16.139999389648438,27500
2009-11-24,7.115018844604492,16.149999618530273,16.200000762939453,16.100000381469727,16.15999984741211,14700
2009-11-25,7.137047290802002,16.200000762939453,16.25,16.149999618530273,16.25,10800
2009-11-27,7.08418083190918,16.079999923706055,16.25,16.010000228881836,16.25,23900
2009-11-30,7.176697254180908,16.290000915527344,16.350000381469727,16.100000381469727,16.100000381469727,28100
2009-12-01,7.203129768371582,16.350000381469727,16.360000610351562,16.260000228881836,16.260000228881836,13300
2009-12-02,7.176697254180908,16.290000915527344,16.309999465942383,16.280000686645508,16.309999465942383,15100
2009-12-03,7.203129768371582,16.350000381469727,16.360000610351562,16.260000228881836,16.299999237060547,15900
2009-12-04,7.154665946960449,16.239999771118164,16.309999465942383,16.239999771118164,16.299999237060547,8400
2009-12-07,7.163478851318359,16.260000228881836,16.309999465942383,16.25,16.299999237060547,4700
2009-12-08,7.159074306488037,16.25,16.299999237060547,16.200000762939453,16.260000228881836,7300
2009-12-09,7.185507774353027,16.309999465942383,16.3700008392334,16.260000228881836,16.299999237060547,10800
2009-12-10,7.198725700378418,16.34000015258789,16.350000381469727,16.25,16.34000015258789,10000
2009-12-11,7.181102752685547,16.299999237060547,16.389999389648438,16.290000915527344,16.31999969482422,6300
2009-12-14,7.211940288543701,16.3700008392334,16.3799991607666,16.25,16.25,17100
2009-12-15,7.194319248199463,16.329999923706055,16.399999618530273,16.329999923706055,16.3700008392334,28200
2009-12-16,7.251723289489746,16.170000076293945,16.239999771118164,16.110000610351562,16.239999771118164,16300
2009-12-17,7.256208896636963,16.18000030517578,16.299999237060547,16.18000030517578,16.18000030517578,4800
2009-12-18,7.256208896636963,16.18000030517578,16.25,16.15999984741211,16.15999984741211,16500
2009-12-21,7.274147033691406,16.219999313354492,16.25,16.18000030517578,16.25,10600
2009-12-22,7.2651777267456055,16.200000762939453,16.299999237060547,16.149999618530273,16.25,21600
2009-12-23,7.323479652404785,16.329999923706055,16.3700008392334,16.25,16.270000457763672,6300
2009-12-24,7.310024261474609,16.299999237060547,16.299999237060547,16.260000228881836,16.299999237060547,1800
2009-12-28,7.332446098327637,16.350000381469727,16.350000381469727,16.299999237060547,16.34000015258789,15000
2009-12-29,7.310024261474609,16.299999237060547,16.40999984741211,16.260000228881836,16.40999984741211,9400
2009-12-30,7.287601470947266,16.25,16.3700008392334,16.25,16.31999969482422,5800
2009-12-31,7.3279643058776855,16.34000015258789,16.34000015258789,16.25,16.25,1500
2010-01-04,7.305539131164551,16.290000915527344,16.299999237060547,16.280000686645508,16.280000686645508,3300
2010-01-05,7.301051616668701,16.280000686645508,16.309999465942383,16.280000686645508,16.290000915527344,32400
2010-01-06,7.323479652404785,16.329999923706055,16.329999923706055,16.290000915527344,16.299999237060547,10700
2010-01-07,7.33693265914917,16.360000610351562,16.40999984741211,16.34000015258789,16.3700008392334,32000
2010-01-08,7.3638410568237305,16.420000076293945,16.420000076293945,16.270000457763672,16.270000457763672,6900
2010-01-11,7.359355926513672,16.40999984741211,16.489999771118164,16.40999984741211,16.420000076293945,20100
2010-01-12,7.39523458480835,16.489999771118164,16.610000610351562,16.389999389648438,16.389999389648438,22600
2010-01-13,7.404202461242676,16.510000228881836,16.56999969482422,16.43000030517578,16.56999969482422,12500
2010-01-14,7.440077781677246,16.59000015258789,16.59000015258789,16.440000534057617,16.440000534057617,11700
2010-01-15,7.471472263336182,16.65999984741211,16.65999984741211,16.489999771118164,16.59000015258789,9000
2010-01-19,7.484925746917725,16.690000534057617,16.940000534057617,16.399999618530273,16.860000610351562,24200
2010-01-20,7.444564342498779,16.600000381469727,16.690000534057617,16.600000381469727,16.690000534057617,24100
2010-01-21,7.440077781677246,16.59000015258789,16.65999984741211,16.59000015258789,16.65999984741211,12200
2010-01-22,7.390750885009766,16.479999542236328,16.56999969482422,16.43000030517578,16.56999969482422,17700
2010-01-25,7.440077781677246,16.59000015258789,16.59000015258789,16.450000762939453,16.469999313354492,26300
2010-01-26,7.413171291351318,16.530000686645508,16.600000381469727,16.530000686645508,16.549999237060547,6900
2010-01-27,7.399714946746826,16.5,16.579999923706055,16.420000076293945,16.420000076293945,25000
2010-01-28,7.3862624168396,16.469999313354492,16.6200008392334,16.459999084472656,16.6200008392334,23200
2010-01-29,7.458018779754639,16.6299991607666,16.75,16.479999542236328,16.530000686645508,14000
2010-02-01,7.45353364944458,16.6200008392334,16.639999389648438,16.469999313354492,16.6299991607666,22500
2010-02-02,7.458018779754639,16.6299991607666,16.700000762939453,16.469999313354492,16.700000762939453,19800
2010-02-03,7.480438232421875,16.68000030517578,16.739999771118164,16.649999618530273,16.690000534057617,19200
2010-02-04,7.408687114715576,16.520000457763672,16.68000030517578,16.5,16.68000030517578,16200
2010-02-05,7.359355926513672,16.40999984741211,16.6299991607666,16.360000610351562,16.6299991607666,25600
2010-02-08,7.417656898498535,16.540000915527344,16.549999237060547,16.5,16.510000228881836,1900
2010-02-09,7.413171291351318,16.530000686645508,16.549999237060547,16.459999084472656,16.549999237060547,17100
2010-02-10,7.399714946746826,16.5,16.6200008392334,16.5,16.510000228881836,13800
2010-02-11,7.408687114715576,16.520000457763672,16.520000457763672,16.440000534057617,16.5,27700
2010-02-12,7.390750885009766,16.479999542236328,16.59000015258789,16.43000030517578,16.440000534057617,11100
2010-02-16,7.444564342498779,16.600000381469727,16.729999542236328,16.459999084472656,16.459999084472656,19900
2010-02-17,7.466987609863281,16.649999618530273,16.649999618530273,16.549999237060547,16.56999969482422,7700
2010-02-18,7.462503433227539,16.639999389648438,16.68000030517578,16.610000610351562,16.610000610351562,5200
2010-02-19,7.475955009460449,16.670000076293945,16.729999542236328,16.6200008392334,16.6200008392334,13700
2010-02-22,7.520803928375244,16.770000457763672,16.860000610351562,16.56999969482422,16.6200008392334,27100
2010-02-23,7.440077781677246,16.59000015258789,16.780000686645508,16.59000015258789,16.780000686645508,10400
2010-02-24,7.5656514167785645,16.8700008392334,16.889999389648438,16.639999389648438,16.639999389648438,17700
2010-02-25,7.579103946685791,16.899999618530273,16.899999618530273,16.760000228881836,16.899999618530273,15700
2010-02-26,7.588073253631592,16.920000076293945,17.010000228881836,16.770000457763672,16.770000457763672,22300
2010-03-01,7.623950004577637,17.0,17.020000457763672,16.899999618530273,17.010000228881836,36600
2010-03-02,7.637404441833496,17.030000686645508,17.079999923706055,16.93000030517578,16.93000030517578,9300
2010-03-03,7.646374225616455,17.049999237060547,17.170000076293945,17.040000915527344,17.170000076293945,6100
2010-03-04,7.677764892578125,17.1200008392334,17.1299991607666,16.899999618530273,17.049999237060547,23700
2010-03-05,7.6643171310424805,17.09000015258789,17.1299991607666,16.93000030517578,17.1299991607666,3000
2010-03-08,7.592557907104492,16.93000030517578,17.100000381469727,16.920000076293945,17.100000381469727,8200
2010-03-09,7.641890048980713,17.040000915527344,17.170000076293945,17.040000915527344,17.149999618530273,11400
2010-03-10,7.646374225616455,17.049999237060547,17.079999923706055,17.010000228881836,17.079999923706055,11600
2010-03-11,7.646374225616455,17.049999237060547,17.049999237060547,16.959999084472656,16.959999084472656,7200
2010-03-12,7.646374225616455,17.049999237060547,17.049999237060547,17.010000228881836,17.010000228881836,45500
2010-03-15,7.682251453399658,17.1299991607666,17.139999389648438,17.09000015258789,17.09000015258789,4900
2010-03-16,7.677764892578125,17.1200008392334,17.139999389648438,17.09000015258789,17.100000381469727,28600
2010-03-17,7.641890048980713,17.040000915527344,17.139999389648438,17.020000457763672,17.09000015258789,28300
2010-03-18,7.646374225616455,17.049999237060547,17.15999984741211,17.040000915527344,17.040000915527344,14900
2010-03-19,7.641890048980713,17.040000915527344,17.15999984741211,17.010000228881836,17.040000915527344,31500
2010-03-22,7.628435134887695,17.010000228881836,17.079999923706055,16.969999313354492,17.040000915527344,70400
2010-03-23,7.66879940032959,17.100000381469727,17.149999618530273,16.829999923706055,17.0,21100
2010-03-24,7.677764892578125,17.1200008392334,17.170000076293945,17.06999969482422,17.06999969482422,10700
2010-03-25,7.691222190856934,17.149999618530273,17.18000030517578,17.1200008392334,17.18000030517578,20200
2010-03-26,7.677764892578125,17.1200008392334,17.290000915527344,17.1200008392334,17.1299991607666,31400
2010-03-29,7.704676628112793,17.18000030517578,17.290000915527344,17.100000381469727,17.100000381469727,14400
2010-03-30,7.6598310470581055,17.079999923706055,17.200000762939453,17.040000915527344,17.190000534057617,18300
2010-03-31,7.677764892578125,17.1200008392334,17.149999618530273,17.09000015258789,17.110000610351562,11200
2010-04-01,7.704676628112793,17.18000030517578,17.190000534057617,17.149999618530273,17.149999618530273,4100
2010-04-05,7.722005844116211,16.93000030517578,17.1299991607666,16.899999618530273,17.100000381469727,17900
2010-04-06,7.685520172119141,16.850000381469727,16.90999984741211,16.829999923706055,16.829999923706055,7300
2010-04-07,7.685520172119141,16.850000381469727,16.899999618530273,16.829999923706055,16.850000381469727,13900
2010-04-08,7.722005844116211,16.93000030517578,16.959999084472656,16.8700008392334,16.8700008392334,23200
2010-04-09,7.772181987762451,17.040000915527344,17.079999923706055,16.93000030517578,16.93000030517578,27900
2010-04-12,7.75393533706665,17.0,17.06999969482422,16.959999084472656,16.989999771118164,9900
2010-04-13,7.804105758666992,17.110000610351562,17.139999389648438,17.0,17.0,27000
2010-04-14,7.799549102783203,17.100000381469727,17.18000030517578,17.059999465942383,17.059999465942383,6400
2010-04-15,7.749373435974121,16.989999771118164,17.06999969482422,16.989999771118164,17.06999969482422,8800
2010-04-16,7.685520172119141,16.850000381469727,16.979999542236328,16.850000381469727,16.940000534057617,21100
2010-04-19,7.6900787353515625,16.860000610351562,16.950000762939453,16.81999969482422,16.81999969482422,17400
2010-04-20,7.740252494812012,16.969999313354492,17.059999465942383,16.850000381469727,16.850000381469727,14400
2010-04-21,7.75393533706665,17.0,17.049999237060547,16.950000762939453,16.950000762939453,7300
2010-04-22,7.7584967613220215,17.010000228881836,17.040000915527344,17.0,17.0,7900
2010-04-23,7.858842372894287,17.229999542236328,17.25,17.0,17.0,24300
2010-04-26,7.8269171714782715,17.15999984741211,17.239999771118164,17.1299991607666,17.239999771118164,8300
2010-04-27,7.804105758666992,17.110000610351562,17.18000030517578,17.110000610351562,17.15999984741211,16200
2010-04-28,7.845160007476807,17.200000762939453,17.200000762939453,17.1299991607666,17.1299991607666,11700
2010-04-29,7.867965221405029,17.25,17.25,17.209999084472656,17.229999542236328,6400
2010-04-30,7.88620662689209,17.290000915527344,17.34000015258789,17.280000686645508,17.280000686645508,6000
2010-05-03,7.8725266456604,17.260000228881836,17.31999969482422,17.229999542236328,17.25,24400
2010-05-04,7.927257537841797,17.3799991607666,17.3799991607666,17.239999771118164,17.299999237060547,20200
2010-05-05,7.895329475402832,17.309999465942383,17.360000610351562,17.25,17.309999465942383,10900
2010-05-06,7.7584967613220215,17.010000228881836,17.260000228881836,16.969999313354492,17.260000228881836,24200
2010-05-07,7.772181987762451,17.040000915527344,17.18000030517578,16.940000534057617,16.940000534057617,19700
2010-05-10,7.813230514526367,17.1299991607666,17.270000457763672,17.110000610351562,17.239999771118164,15600
2010-05-11,7.836038112640381,17.18000030517578,17.200000762939453,17.06999969482422,17.1200008392334,5400
2010-05-12,7.904454231262207,17.329999923706055,17.329999923706055,17.079999923706055,17.329999923706055,6700
2010-05-13,7.890769958496094,17.299999237060547,17.360000610351562,17.170000076293945,17.309999465942383,7200
2010-05-14,7.845160007476807,17.200000762939453,17.299999237060547,17.149999618530273,17.25,10000
2010-05-17,7.822352409362793,17.149999618530273,17.31999969482422,17.100000381469727,17.209999084472656,25300
2010-05-18,7.817789554595947,17.139999389648438,17.280000686645508,17.100000381469727,17.110000610351562,14400
2010-05-19,7.904454231262207,17.329999923706055,17.649999618530273,17.010000228881836,17.239999771118164,16200
2010-05-20,7.75393533706665,17.0,17.209999084472656,16.959999084472656,17.18000030517578,24300
2010-05-21,7.75393533706665,17.0,17.0,16.90999984741211,17.0,14000
2010-05-24,7.83147668838501,17.170000076293945,17.299999237060547,17.049999237060547,17.1299991607666,4100
2010-05-25,7.772181987762451,17.040000915527344,17.049999237060547,16.899999618530273,17.049999237060547,11800
2010-05-26,7.7584967613220215,17.010000228881836,17.25,17.0,17.09000015258789,13600
2010-05-27,7.817789554595947,17.139999389648438,17.200000762939453,17.1299991607666,17.149999618530273,3700
2010-05-28,7.83147668838501,17.170000076293945,17.239999771118164,17.139999389648438,17.190000534057617,6600
2010-06-01,7.808668613433838,17.1200008392334,17.280000686645508,17.110000610351562,17.170000076293945,17100
2010-06-02,7.877086162567139,17.270000457763672,17.270000457763672,17.110000610351562,17.270000457763672,6100
2010-06-03,7.808668613433838,17.1200008392334,17.329999923706055,17.1200008392334,17.229999542236328,12700
2010-06-04,7.858842372894287,17.229999542236328,17.34000015258789,17.100000381469727,17.100000381469727,10800
2010-06-07,7.867965221405029,17.25,17.329999923706055,17.15999984741211,17.329999923706055,6900
2010-06-08,7.88620662689209,17.290000915527344,17.389999389648438,17.110000610351562,17.299999237060547,20800
2010-06-09,7.881646633148193,17.280000686645508,17.350000381469727,17.15999984741211,17.350000381469727,8600
2010-06-10,7.88620662689209,17.290000915527344,17.329999923706055,17.15999984741211,17.329999923706055,6200
2010-06-11,7.854279518127441,17.219999313354492,17.290000915527344,17.15999984741211,17.15999984741211,9800
2010-06-14,7.845160007476807,17.200000762939453,17.280000686645508,17.170000076293945,17.280000686645508,4800
2010-06-15,7.909015655517578,17.34000015258789,17.34000015258789,17.209999084472656,17.209999084472656,7800
2010-06-16,7.881646633148193,17.280000686645508,17.299999237060547,17.200000762939453,17.200000762939453,8300
2010-06-17,7.867965221405029,17.25,17.299999237060547,17.209999084472656,17.299999237060547,18800
2010-06-18,7.890769958496094,17.299999237060547,17.299999237060547,17.209999084472656,17.209999084472656,1600
2010-06-21,7.950066089630127,17.43000030517578,17.43000030517578,17.350000381469727,17.350000381469727,6800
2010-06-22,7.954626560211182,17.440000534057617,17.5,17.360000610351562,17.360000610351562,12600
2010-06-23,7.895329475402832,17.309999465942383,17.469999313354492,17.309999465942383,17.469999313354492,10900
2010-06-24,7.899890899658203,17.31999969482422,17.399999618530273,17.290000915527344,17.290000915527344,2100
2010-06-25,7.950066089630127,17.43000030517578,17.450000762939453,17.389999389648438,17.389999389648438,4200
2010-06-28,7.981993675231934,17.5,17.75,17.450000762939453,17.450000762939453,21100
2010-06-29,7.981993675231934,17.5,17.510000228881836,17.389999389648438,17.5,77100
2010-06-30,7.981993675231934,17.5,17.510000228881836,17.479999542236328,17.5,5100
2010-07-01,7.95918607711792,17.450000762939453,17.6200008392334,17.3799991607666,17.6200008392334,22800
2010-07-02,7.972869873046875,17.479999542236328,17.540000915527344,17.450000762939453,17.450000762939453,7900
2010-07-06,8.082337379455566,17.719999313354492,17.799999237060547,17.450000762939453,17.530000686645508,15700
2010-07-07,8.054975509643555,17.65999984741211,17.760000228881836,17.649999618530273,17.670000076293945,8200
2010-07-08,8.1325101852417,17.829999923706055,17.850000381469727,17.690000534057617,17.690000534057617,21100
2010-07-09,8.141631126403809,17.850000381469727,17.969999313354492,17.799999237060547,17.799999237060547,16400
2010-07-12,8.068653106689453,17.690000534057617,17.829999923706055,17.690000534057617,17.829999923706055,6800
2010-07-13,8.141631126403809,17.850000381469727,17.850000381469727,17.719999313354492,17.81999969482422,5300
2010-07-14,8.105145454406738,17.770000457763672,17.950000762939453,17.670000076293945,17.950000762939453,8900
2010-07-15,8.141631126403809,17.850000381469727,17.93000030517578,17.719999313354492,17.860000610351562,6200
2010-07-16,8.155316352844238,17.8799991607666,18.0,17.709999084472656,17.75,11000
2010-07-19,8.210049629211426,18.0,18.0,17.93000030517578,17.979999542236328,1900
2010-07-20,8.255659103393555,18.100000381469727,18.100000381469727,17.93000030517578,18.0,9100
2010-07-21,8.237417221069336,18.059999465942383,18.350000381469727,17.959999084472656,18.110000610351562,10600
2010-07-22,8.219170570373535,18.020000457763672,18.100000381469727,18.020000457763672,18.020000457763672,14800
2010-07-23,8.255659103393555,18.100000381469727,18.170000076293945,18.100000381469727,18.110000610351562,3900
2010-07-26,8.305719375610352,17.920000076293945,17.950000762939453,17.739999771118164,17.899999618530273,18000
2010-07-27,8.236197471618652,17.770000457763672,17.850000381469727,17.75,17.829999923706055,5100
2010-07-28,8.231557846069336,17.760000228881836,17.850000381469727,17.75,17.75,14400
2010-07-29,8.213016510009766,17.719999313354492,17.850000381469727,17.719999313354492,17.780000686645508,30500
2010-07-30,8.213016510009766,17.719999313354492,17.770000457763672,17.68000030517578,17.68000030517578,30200
2010-08-02,8.2176513671875,17.729999542236328,17.850000381469727,17.690000534057617,17.690000534057617,17300
2010-08-03,8.273274421691895,17.850000381469727,17.850000381469727,17.690000534057617,17.809999465942383,36500
2010-08-04,8.296452522277832,17.899999618530273,17.979999542236328,17.799999237060547,17.799999237060547,9000
2010-08-05,8.32889175415039,17.969999313354492,17.969999313354492,17.610000610351562,17.920000076293945,5300
2010-08-06,8.398416519165039,18.1200008392334,18.1200008392334,17.739999771118164,17.739999771118164,5900
2010-08-09,8.412321090698242,18.149999618530273,18.239999771118164,18.040000915527344,18.049999237060547,10800
2010-08-10,8.361335754394531,18.040000915527344,18.170000076293945,18.020000457763672,18.049999237060547,5700
2010-08-11,8.458670616149902,18.25,18.260000228881836,17.950000762939453,17.950000762939453,15500
2010-08-12,8.407686233520508,18.139999389648438,18.299999237060547,18.030000686645508,18.299999237060547,7300
2010-08-13,8.454035758972168,18.239999771118164,18.239999771118164,18.1299991607666,18.209999084472656,10600
2010-08-16,8.514290809631348,18.3700008392334,18.3700008392334,18.15999984741211,18.299999237060547,9600
2010-08-17,8.412321090698242,18.149999618530273,18.43000030517578,18.049999237060547,18.43000030517578,51500
2010-08-18,8.416953086853027,18.15999984741211,18.219999313354492,18.149999618530273,18.219999313354492,8800
2010-08-19,8.444764137268066,18.219999313354492,18.219999313354492,18.149999618530273,18.149999618530273,2300
2010-08-20,8.458670616149902,18.25,18.25,18.1299991607666,18.15999984741211,9800
2010-08-23,8.43085765838623,18.190000534057617,18.190000534057617,17.969999313354492,18.18000030517578,25300
2010-08-24,8.444764137268066,18.219999313354492,18.219999313354492,18.030000686645508,18.030000686645508,15800
2010-08-25,8.472574234008789,18.280000686645508,18.280000686645508,18.15999984741211,18.15999984741211,8900
2010-08-26,8.444764137268066,18.219999313354492,18.299999237060547,18.170000076293945,18.170000076293945,6500
2010-08-27,8.472574234008789,18.280000686645508,18.299999237060547,18.200000762939453,18.25,3800
2010-08-30,8.472574234008789,18.280000686645508,18.309999465942383,18.1299991607666,18.1299991607666,8300
2010-08-31,8.48184585571289,18.299999237060547,18.3799991607666,18.1299991607666,18.260000228881836,13400
2010-09-01,8.500382423400879,18.34000015258789,18.399999618530273,18.1200008392334,18.25,17300
2010-09-02,8.472574234008789,18.280000686645508,18.34000015258789,18.219999313354492,18.239999771118164,6100
2010-09-03,8.505019187927246,18.350000381469727,18.360000610351562,18.190000534057617,18.190000534057617,7900
2010-09-07,8.495748519897461,18.329999923706055,18.440000534057617,18.260000228881836,18.260000228881836,10300
2010-09-08,8.523561477661133,18.389999389648438,18.399999618530273,18.3700008392334,18.3799991607666,15400
2010-09-09,8.528193473815918,18.399999618530273,18.399999618530273,18.3700008392334,18.3799991607666,9700
2010-09-10,8.47720718383789,18.290000915527344,18.450000762939453,18.270000457763672,18.329999923706055,11700
2010-09-13,8.467938423156738,18.270000457763672,18.299999237060547,18.15999984741211,18.290000915527344,17400
2010-09-14,8.435494422912598,18.200000762939453,18.239999771118164,18.149999618530273,18.219999313354492,7800
2010-09-15,8.416953086853027,18.15999984741211,18.200000762939453,18.139999389648438,18.170000076293945,36900
2010-09-16,8.48184585571289,18.299999237060547,18.3700008392334,18.139999389648438,18.149999618530273,13600
2010-09-17,8.47720718383789,18.290000915527344,18.360000610351562,18.239999771118164,18.239999771118164,11400
2010-09-20,8.505019187927246,18.350000381469727,18.3700008392334,18.260000228881836,18.260000228881836,5800
2010-09-21,8.48184585571289,18.299999237060547,18.34000015258789,18.299999237060547,18.299999237060547,3800
2010-09-22,8.542097091674805,18.43000030517578,18.440000534057617,18.31999969482422,18.43000030517578,12400
2010-09-23,8.546730995178223,18.440000534057617,18.450000762939453,18.3700008392334,18.440000534057617,11200
2010-09-24,8.528193473815918,18.399999618530273,18.510000228881836,18.399999618530273,18.479999542236328,9000
2010-09-27,8.551365852355957,18.450000762939453,18.489999771118164,18.420000076293945,18.489999771118164,4900
2010-09-28,8.597713470458984,18.549999237060547,18.600000381469727,18.43000030517578,18.43000030517578,8900
2010-09-29,8.597713470458984,18.549999237060547,18.600000381469727,18.530000686645508,18.530000686645508,11600
2010-09-30,8.593080520629883,18.540000915527344,18.56999969482422,18.530000686645508,18.56999969482422,17700
2010-10-01,8.64406681060791,18.649999618530273,18.670000076293945,18.479999542236328,18.479999542236328,15300
2010-10-04,8.676074981689453,18.43000030517578,18.549999237060547,18.43000030517578,18.450000762939453,44200
2010-10-05,8.676074981689453,18.43000030517578,18.5,18.389999389648438,18.389999389648438,22600
2010-10-06,8.657245635986328,18.389999389648438,18.420000076293945,18.34000015258789,18.389999389648438,38900
2010-10-07,8.661952018737793,18.399999618530273,18.399999618530273,18.309999465942383,18.309999465942383,23000
2010-10-08,8.643122673034668,18.360000610351562,18.399999618530273,18.299999237060547,18.329999923706055,8500
2010-10-11,8.676074981689453,18.43000030517578,18.450000762939453,18.25,18.25,4900
2010-10-12,8.690196990966797,18.459999084472656,18.459999084472656,18.34000015258789,18.34000015258789,43900
2010-10-13,8.732564926147461,18.549999237060547,18.610000610351562,18.450000762939453,18.450000762939453,19100
2010-10-14,8.732564926147461,18.549999237060547,18.600000381469727,18.469999313354492,18.469999313354492,13800
2010-10-15,8.732564926147461,18.549999237060547,18.59000015258789,18.5,18.520000457763672,12200
2010-10-18,8.629000663757324,18.329999923706055,18.600000381469727,18.25,18.549999237060547,18700
2010-10-19,8.596047401428223,18.260000228881836,18.31999969482422,18.25,18.260000228881836,12200
2010-10-20,8.647830963134766,18.3700008392334,18.43000030517578,18.260000228881836,18.270000457763672,42900
2010-10-21,8.68078327178955,18.440000534057617,18.489999771118164,18.350000381469727,18.459999084472656,20300
2010-10-22,8.704324722290039,18.489999771118164,18.530000686645508,18.399999618530273,18.399999618530273,25200
2010-10-25,8.732564926147461,18.549999237060547,18.579999923706055,18.450000762939453,18.549999237060547,21700
2010-10-26,8.676074981689453,18.43000030517578,18.520000457763672,18.40999984741211,18.459999084472656,20000
2010-10-27,8.685491561889648,18.450000762939453,18.479999542236328,18.3700008392334,18.479999542236328,40400
2010-10-28,8.671370506286621,18.420000076293945,18.530000686645508,18.3700008392334,18.5,23600
2010-10-29,8.68078327178955,18.440000534057617,18.520000457763672,18.440000534057617,18.520000457763672,23900
2010-11-01,8.765522003173828,18.6200008392334,18.6200008392334,18.3799991607666,18.3799991607666,33000
2010-11-02,8.690196990966797,18.459999084472656,18.610000610351562,18.43000030517578,18.579999923706055,34500
2010-11-03,8.68078327178955,18.440000534057617,18.530000686645508,18.420000076293945,18.420000076293945,22700
2010-11-04,8.68078327178955,18.440000534057617,18.479999542236328,18.399999618530273,18.440000534057617,38200
2010-11-05,8.690196990966797,18.459999084472656,18.479999542236328,18.440000534057617,18.450000762939453,12200
2010-11-08,8.690196990966797,18.459999084472656,18.5,18.440000534057617,18.479999542236328,14400
2010-11-09,8.713737487792969,18.510000228881836,18.559999465942383,18.469999313354492,18.520000457763672,23400
2010-11-10,8.666664123535156,18.40999984741211,18.479999542236328,18.399999618530273,18.440000534057617,53300
2010-11-11,8.643122673034668,18.360000610351562,18.450000762939453,18.200000762939453,18.399999618530273,39900
2010-11-12,8.525430679321289,18.110000610351562,18.309999465942383,18.06999969482422,18.309999465942383,45000
2010-11-15,8.412452697753906,17.8700008392334,18.200000762939453,17.8700008392334,18.139999389648438,62700
2010-11-16,8.341836929321289,17.719999313354492,18.049999237060547,17.610000610351562,17.940000534057617,118400
2010-11-17,8.435989379882812,17.920000076293945,18.010000228881836,17.700000762939453,17.700000762939453,30200
2010-11-18,8.516018867492676,18.09000015258789,18.149999618530273,17.969999313354492,18.149999618530273,17600
2010-11-19,8.591339111328125,18.25,18.25,18.06999969482422,18.09000015258789,27000
2010-11-22,8.624288558959961,18.31999969482422,18.399999618530273,18.299999237060547,18.299999237060547,21400
2010-11-23,8.61487865447998,18.299999237060547,18.399999618530273,18.299999237060547,18.360000610351562,10500
2010-11-24,8.58663272857666,18.239999771118164,18.329999923706055,18.239999771118164,18.239999771118164,23600
2010-11-26,8.58663272857666,18.239999771118164,18.290000915527344,18.18000030517578,18.200000762939453,7800
2010-11-29,8.619584083557129,18.309999465942383,18.350000381469727,18.15999984741211,18.15999984741211,17900
2010-11-30,8.605463981628418,18.280000686645508,18.3799991607666,18.200000762939453,18.3799991607666,44000
2010-12-01,8.600754737854004,18.270000457763672,18.309999465942383,18.209999084472656,18.309999465942383,60200
2010-12-02,8.591339111328125,18.25,18.34000015258789,18.15999984741211,18.34000015258789,30700
2010-12-03,8.58663272857666,18.239999771118164,18.34000015258789,18.200000762939453,18.260000228881836,27500
2010-12-06,8.567802429199219,18.200000762939453,18.270000457763672,18.149999618530273,18.149999618530273,27300
2010-12-07,8.520724296569824,18.100000381469727,18.25,18.0,18.25,19400
2010-12-08,8.44069766998291,17.93000030517578,18.1299991607666,17.8700008392334,18.1299991607666,20600
2010-12-09,8.351253509521484,17.739999771118164,17.969999313354492,17.549999237060547,17.969999313354492,51800
2010-12-10,8.31359577178955,17.65999984741211,17.81999969482422,17.65999984741211,17.739999771118164,38500
2010-12-13,8.318300247192383,17.670000076293945,17.75,17.6200008392334,17.75,40700
2010-12-14,8.285346984863281,17.600000381469727,17.690000534057617,17.56999969482422,17.690000534057617,40000
2010-12-15,8.317890167236328,17.3799991607666,17.3799991607666,17.270000457763672,17.3799991607666,43500
2010-12-16,8.317890167236328,17.3799991607666,17.450000762939453,17.219999313354492,17.219999313354492,28500
2010-12-17,8.370534896850586,17.489999771118164,17.489999771118164,17.43000030517578,17.450000762939453,26000
2010-12-20,8.360965728759766,17.469999313354492,17.559999465942383,17.389999389648438,17.389999389648438,42000
2010-12-21,8.332250595092773,17.40999984741211,17.489999771118164,17.399999618530273,17.40999984741211,21700
2010-12-22,8.33703327178955,17.420000076293945,17.489999771118164,17.399999618530273,17.399999618530273,38900
2010-12-23,8.322674751281738,17.389999389648438,17.489999771118164,17.389999389648438,17.399999618530273,23100
2010-12-27,8.33703327178955,17.420000076293945,17.510000228881836,17.389999389648438,17.389999389648438,11000
2010-12-28,8.380110740661621,17.510000228881836,17.510000228881836,17.440000534057617,17.479999542236328,43400
2010-12-29,8.432751655578613,17.6200008392334,17.6200008392334,17.40999984741211,17.579999923706055,26600
2010-12-30,8.432751655578613,17.6200008392334,17.639999389648438,17.549999237060547,17.549999237060547,14600
2010-12-31,8.471041679382324,17.700000762939453,17.739999771118164,17.65999984741211,17.709999084472656,11200
2011-01-03,8.509325981140137,17.780000686645508,17.780000686645508,17.6299991607666,17.6299991607666,14900
2011-01-04,8.461467742919922,17.68000030517578,17.90999984741211,17.600000381469727,17.600000381469727,15100
2011-01-05,8.413610458374023,17.579999923706055,17.709999084472656,17.579999923706055,17.670000076293945,19800
2011-01-06,8.4423246383667,17.639999389648438,17.700000762939453,17.579999923706055,17.670000076293945,17200
2011-01-07,8.41839599609375,17.59000015258789,17.649999618530273,17.56999969482422,17.56999969482422,17900
2011-01-10,8.456679344177246,17.670000076293945,17.670000076293945,17.56999969482422,17.59000015258789,31200
2011-01-11,8.4423246383667,17.639999389648438,17.690000534057617,17.610000610351562,17.68000030517578,15200
2011-01-12,8.456679344177246,17.670000076293945,17.709999084472656,17.600000381469727,17.65999984741211,20500
2011-01-13,8.4423246383667,17.639999389648438,17.739999771118164,17.639999389648438,17.639999389648438,12300
2011-01-14,8.480610847473145,17.719999313354492,17.739999771118164,17.68000030517578,17.719999313354492,10800
2011-01-18,8.471041679382324,17.700000762939453,17.84000015258789,17.59000015258789,17.84000015258789,26300
2011-01-19,8.437538146972656,17.6299991607666,17.790000915527344,17.6299991607666,17.790000915527344,19500
2011-01-20,8.447112083435059,17.649999618530273,17.729999542236328,17.59000015258789,17.59000015258789,13200
2011-01-21,8.480610847473145,17.719999313354492,17.75,17.68000030517578,17.739999771118164,13700
2011-01-24,8.494967460632324,17.75,17.809999465942383,17.739999771118164,17.760000228881836,21800
2011-01-25,8.514113426208496,17.790000915527344,17.81999969482422,17.729999542236328,17.729999542236328,11200
2011-01-26,8.490182876586914,17.739999771118164,17.829999923706055,17.729999542236328,17.829999923706055,22600
2011-01-27,8.53325366973877,17.829999923706055,17.829999923706055,17.729999542236328,17.770000457763672,15900
2011-01-28,8.542827606201172,17.850000381469727,17.90999984741211,17.770000457763672,17.889999389648438,29600
2011-01-31,8.494967460632324,17.75,17.920000076293945,17.739999771118164,17.75,21900
2011-02-01,8.485396385192871,17.729999542236328,17.770000457763672,17.690000534057617,17.690000534057617,50700
2011-02-02,8.485396385192871,17.729999542236328,17.790000915527344,17.709999084472656,17.790000915527344,8500
2011-02-03,8.485396385192871,17.729999542236328,17.760000228881836,17.700000762939453,17.760000228881836,22500
2011-02-04,8.475825309753418,17.709999084472656,17.770000457763672,17.690000534057617,17.770000457763672,20000
2011-02-07,8.466255187988281,17.690000534057617,17.709999084472656,17.68000030517578,17.709999084472656,31800
2011-02-08,8.466255187988281,17.690000534057617,17.709999084472656,17.670000076293945,17.709999084472656,35600
2011-02-09,8.461467742919922,17.68000030517578,17.68000030517578,17.649999618530273,17.65999984741211,19100
2011-02-10,8.485396385192871,17.729999542236328,17.729999542236328,17.68000030517578,17.729999542236328,17100
2011-02-11,8.432751655578613,17.6200008392334,17.709999084472656,17.600000381469727,17.709999084472656,45100
2011-02-14,8.461467742919922,17.68000030517578,17.700000762939453,17.559999465942383,17.559999465942383,20600
2011-02-15,8.475825309753418,17.709999084472656,17.75,17.56999969482422,17.6200008392334,23300
2011-02-16,8.480610847473145,17.719999313354492,17.729999542236328,17.649999618530273,17.68000030517578,21700
2011-02-17,8.480610847473145,17.719999313354492,17.719999313354492,17.68000030517578,17.68000030517578,19600
2011-02-18,8.490182876586914,17.739999771118164,17.739999771118164,17.649999618530273,17.649999618530273,18300
2011-02-22,8.466255187988281,17.690000534057617,17.729999542236328,17.690000534057617,17.700000762939453,37800
2011-02-23,8.499755859375,17.760000228881836,17.780000686645508,17.690000534057617,17.719999313354492,37100
2011-02-24,8.504538536071777,17.770000457763672,17.799999237060547,17.760000228881836,17.780000686645508,25800
2011-02-25,8.509325981140137,17.780000686645508,17.81999969482422,17.780000686645508,17.790000915527344,18000
2011-02-28,8.53325366973877,17.829999923706055,17.8799991607666,17.829999923706055,17.860000610351562,18400
2011-03-01,8.53325366973877,17.829999923706055,17.829999923706055,17.799999237060547,17.799999237060547,13100
2011-03-02,8.53325366973877,17.829999923706055,17.889999389648438,17.81999969482422,17.889999389648438,24100
2011-03-03,8.528468132019043,17.81999969482422,17.829999923706055,17.790000915527344,17.829999923706055,44700
2011-03-04,8.490182876586914,17.739999771118164,17.84000015258789,17.719999313354492,17.84000015258789,14800
2011-03-07,8.514113426208496,17.790000915527344,17.81999969482422,17.690000534057617,17.719999313354492,24200
2011-03-08,8.494967460632324,17.75,17.770000457763672,17.729999542236328,17.770000457763672,31000
2011-03-09,8.485396385192871,17.729999542236328,17.75,17.700000762939453,17.719999313354492,35000
2011-03-10,8.490182876586914,17.739999771118164,17.75,17.709999084472656,17.729999542236328,27300
2011-03-11,8.480610847473145,17.719999313354492,17.790000915527344,17.690000534057617,17.760000228881836,59300
2011-03-14,8.485396385192871,17.729999542236328,17.790000915527344,17.719999313354492,17.729999542236328,22000
2011-03-15,8.514113426208496,17.790000915527344,17.799999237060547,17.649999618530273,17.649999618530273,31900
2011-03-16,8.538039207458496,17.84000015258789,17.899999618530273,17.84000015258789,17.8799991607666,27000
2011-03-17,8.547616958618164,17.860000610351562,17.899999618530273,17.84000015258789,17.899999618530273,12400
2011-03-18,8.58590030670166,17.940000534057617,17.969999313354492,17.8799991607666,17.8799991607666,49700
2011-03-21,8.557184219360352,17.8799991607666,17.940000534057617,17.8799991607666,17.940000534057617,29300
2011-03-22,8.590685844421387,17.950000762939453,17.959999084472656,17.899999618530273,17.899999618530273,21100
2011-03-23,8.576332092285156,17.920000076293945,18.0,17.899999618530273,18.0,9300
2011-03-24,8.58590030670166,17.940000534057617,17.959999084472656,17.920000076293945,17.940000534057617,29900
2011-03-25,8.56676197052002,17.899999618530273,17.979999542236328,17.899999618530273,17.979999542236328,16000
2011-03-28,8.576332092285156,17.920000076293945,17.969999313354492,17.899999618530273,17.969999313354492,13100
2011-03-29,8.576332092285156,17.920000076293945,17.940000534057617,17.8799991607666,17.940000534057617,14200
2011-03-30,8.614617347717285,18.0,18.0,17.889999389648438,17.93000030517578,16700
2011-03-31,8.633760452270508,18.040000915527344,18.040000915527344,17.829999923706055,17.829999923706055,17100
2011-04-01,8.705546379089355,18.190000534057617,18.209999084472656,18.020000457763672,18.020000457763672,29400
2011-04-04,8.724028587341309,17.940000534057617,18.0,17.90999984741211,17.940000534057617,26200
2011-04-05,8.675395965576172,17.84000015258789,17.950000762939453,17.84000015258789,17.920000076293945,25800
2011-04-06,8.70457649230957,17.899999618530273,17.959999084472656,17.8799991607666,17.889999389648438,10100
2011-04-07,8.68026351928711,17.850000381469727,17.950000762939453,17.850000381469727,17.950000762939453,12600
2011-04-08,8.685125350952148,17.860000610351562,17.90999984741211,17.829999923706055,17.899999618530273,10000
2011-04-11,8.655946731567383,17.799999237060547,17.93000030517578,17.799999237060547,17.829999923706055,27400
2011-04-12,8.665670394897461,17.81999969482422,17.860000610351562,17.770000457763672,17.770000457763672,11200
2011-04-13,8.70943832397461,17.90999984741211,17.90999984741211,17.8799991607666,17.889999389648438,14300
2011-04-14,8.724028587341309,17.940000534057617,17.950000762939453,17.850000381469727,17.90999984741211,14700
2011-04-15,8.753207206726074,18.0,18.0,17.920000076293945,17.940000534057617,10400
2011-04-18,8.70943832397461,17.90999984741211,18.020000457763672,17.899999618530273,18.0,15500
2011-04-19,8.758069038391113,18.010000228881836,18.059999465942383,17.969999313354492,17.969999313354492,13300
2011-04-20,8.79697036743164,18.09000015258789,18.110000610351562,18.059999465942383,18.06999969482422,9900
2011-04-21,8.782382011413574,18.059999465942383,18.110000610351562,18.040000915527344,18.06999969482422,15600
2011-04-25,8.782382011413574,18.059999465942383,18.139999389648438,18.010000228881836,18.100000381469727,21600
2011-04-26,8.840737342834473,18.18000030517578,18.18000030517578,18.100000381469727,18.1200008392334,15100
2011-04-27,8.840737342834473,18.18000030517578,18.18000030517578,18.030000686645508,18.1200008392334,18200
2011-04-28,8.85046100616455,18.200000762939453,18.200000762939453,18.1299991607666,18.190000534057617,14300
2011-04-29,8.899091720581055,18.299999237060547,18.299999237060547,18.200000762939453,18.200000762939453,12000
2011-05-02,8.879638671875,18.260000228881836,18.34000015258789,18.239999771118164,18.34000015258789,19000
2011-05-03,8.889366149902344,18.280000686645508,18.350000381469727,18.239999771118164,18.350000381469727,19000
2011-05-04,8.879638671875,18.260000228881836,18.360000610351562,18.200000762939453,18.360000610351562,22000
2011-05-05,8.874778747558594,18.25,18.299999237060547,18.200000762939453,18.299999237060547,21700
2011-05-06,8.913681030273438,18.329999923706055,18.360000610351562,18.25,18.25,7700
2011-05-09,8.918543815612793,18.34000015258789,18.34000015258789,18.31999969482422,18.34000015258789,18000
2011-05-10,8.913681030273438,18.329999923706055,18.360000610351562,18.270000457763672,18.31999969482422,26500
2011-05-11,8.928269386291504,18.360000610351562,18.3700008392334,18.270000457763672,18.290000915527344,24900
2011-05-12,8.918543815612793,18.34000015258789,18.360000610351562,18.309999465942383,18.329999923706055,21000
2011-05-13,8.899091720581055,18.299999237060547,18.399999618530273,18.299999237060547,18.3700008392334,74600
2011-05-16,8.8942289352417,18.290000915527344,18.299999237060547,18.25,18.25,17700
2011-05-17,8.8942289352417,18.290000915527344,18.31999969482422,18.260000228881836,18.290000915527344,31300
2011-05-18,8.899091720581055,18.299999237060547,18.309999465942383,18.280000686645508,18.309999465942383,23400
2011-05-19,8.869915008544922,18.239999771118164,18.290000915527344,18.209999084472656,18.290000915527344,24800
2011-05-20,8.8942289352417,18.290000915527344,18.299999237060547,18.260000228881836,18.280000686645508,15300
2011-05-23,8.874778747558594,18.25,18.280000686645508,18.25,18.280000686645508,15800
2011-05-24,8.884504318237305,18.270000457763672,18.309999465942383,18.25,18.25,27000
2011-05-25,8.899091720581055,18.299999237060547,18.299999237060547,18.280000686645508,18.290000915527344,27600
2011-05-26,8.913681030273438,18.329999923706055,18.329999923706055,18.31999969482422,18.329999923706055,11500
2011-05-27,8.928269386291504,18.360000610351562,18.360000610351562,18.280000686645508,18.280000686645508,33200
2011-05-31,8.923406600952148,18.350000381469727,18.360000610351562,18.31999969482422,18.360000610351562,40300
2011-06-01,8.937994003295898,18.3799991607666,18.399999618530273,18.309999465942383,18.309999465942383,33000
2011-06-02,8.957447052001953,18.420000076293945,18.450000762939453,18.40999984741211,18.450000762939453,18900
2011-06-03,8.923406600952148,18.350000381469727,18.399999618530273,18.34000015258789,18.34000015258789,13700
2011-06-06,8.923406600952148,18.350000381469727,18.420000076293945,18.350000381469727,18.420000076293945,19900
2011-06-07,8.942858695983887,18.389999389648438,18.389999389648438,18.360000610351562,18.360000610351562,17900
2011-06-08,8.952585220336914,18.40999984741211,18.450000762939453,18.389999389648438,18.440000534057617,20400
2011-06-09,8.972033500671387,18.450000762939453,18.450000762939453,18.420000076293945,18.440000534057617,20200
2011-06-10,8.97689437866211,18.459999084472656,18.489999771118164,18.34000015258789,18.34000015258789,32500
2011-06-13,8.967175483703613,18.440000534057617,18.459999084472656,18.239999771118164,18.459999084472656,38800
2011-06-14,8.962308883666992,18.43000030517578,18.440000534057617,18.389999389648438,18.399999618530273,56500
2011-06-15,8.952585220336914,18.40999984741211,18.440000534057617,18.34000015258789,18.440000534057617,23600
2011-06-16,8.947721481323242,18.399999618530273,18.450000762939453,18.389999389648438,18.43000030517578,27900
2011-06-17,8.98662281036377,18.479999542236328,18.489999771118164,18.43000030517578,18.440000534057617,30100
2011-06-20,8.991488456726074,18.489999771118164,18.5,18.450000762939453,18.489999771118164,22900
2011-06-21,8.991488456726074,18.489999771118164,18.5,18.40999984741211,18.5,26100
2011-06-22,9.015804290771484,18.540000915527344,18.540000915527344,18.450000762939453,18.450000762939453,25900
2011-06-23,9.02552604675293,18.559999465942383,18.56999969482422,18.559999465942383,18.559999465942383,19200
2011-06-24,9.040118217468262,18.59000015258789,18.6299991607666,18.559999465942383,18.6299991607666,38200
2011-06-27,9.0449800491333,18.600000381469727,18.649999618530273,18.579999923706055,18.649999618530273,27100
2011-06-28,9.069292068481445,18.649999618530273,18.649999618530273,18.610000610351562,18.649999618530273,14600
2011-06-29,9.02552604675293,18.559999465942383,18.649999618530273,18.549999237060547,18.59000015258789,20600
2011-06-30,9.059565544128418,18.6299991607666,18.6299991607666,18.489999771118164,18.6200008392334,16800
2011-07-01,9.0449800491333,18.600000381469727,18.68000030517578,18.540000915527344,18.68000030517578,22500
2011-07-05,9.06442928314209,18.639999389648438,18.639999389648438,18.5,18.639999389648438,17100
2011-07-06,9.020660400390625,18.549999237060547,18.670000076293945,18.540000915527344,18.65999984741211,59500
2011-07-07,9.083882331848145,18.68000030517578,18.700000762939453,18.610000610351562,18.6200008392334,21400
2011-07-08,9.117919921875,18.75,18.799999237060547,18.670000076293945,18.670000076293945,23600
2011-07-11,9.108193397521973,18.729999542236328,18.780000686645508,18.709999084472656,18.719999313354492,22000
2011-07-12,9.127647399902344,18.770000457763672,18.860000610351562,18.700000762939453,18.700000762939453,15700
2011-07-13,9.156289100646973,18.540000915527344,18.59000015258789,18.459999084472656,18.459999084472656,20800
2011-07-14,9.161227226257324,18.549999237060547,18.579999923706055,18.510000228881836,18.510000228881836,9400
2011-07-15,9.141475677490234,18.510000228881836,18.559999465942383,18.440000534057617,18.540000915527344,14000
2011-07-18,9.106904983520508,18.440000534057617,18.549999237060547,18.40999984741211,18.549999237060547,21800
2011-07-19,9.106904983520508,18.440000534057617,18.489999771118164,18.399999618530273,18.489999771118164,15500
2011-07-20,9.18592643737793,18.600000381469727,18.6299991607666,18.440000534057617,18.489999771118164,34700
2011-07-21,9.1908597946167,18.610000610351562,18.639999389648438,18.520000457763672,18.559999465942383,17200
2011-07-22,9.18592643737793,18.600000381469727,18.68000030517578,18.510000228881836,18.68000030517578,20100
2011-07-25,9.131597518920898,18.489999771118164,18.549999237060547,18.31999969482422,18.549999237060547,26700
2011-07-26,9.087152481079102,18.399999618530273,18.549999237060547,18.399999618530273,18.549999237060547,17800
2011-07-27,9.151355743408203,18.530000686645508,18.540000915527344,18.399999618530273,18.440000534057617,51600
2011-07-28,9.151355743408203,18.530000686645508,18.579999923706055,18.420000076293945,18.489999771118164,29600
2011-07-29,9.166169166564941,18.559999465942383,18.559999465942383,18.299999237060547,18.479999542236328,18000
2011-08-01,9.279757499694824,18.790000915527344,18.850000381469727,18.600000381469727,18.600000381469727,21300
2011-08-02,9.269879341125488,18.770000457763672,18.799999237060547,18.700000762939453,18.770000457763672,17600
2011-08-03,9.195801734924316,18.6200008392334,18.780000686645508,18.59000015258789,18.770000457763672,14400
2011-08-04,9.180987358093262,18.59000015258789,18.75,18.56999969482422,18.56999969482422,36700
2011-08-05,9.03282642364502,18.290000915527344,18.75,18.190000534057617,18.68000030517578,43600
2011-08-08,8.81058406829834,17.84000015258789,18.190000534057617,17.84000015258789,18.15999984741211,52400
2011-08-09,8.99825382232666,18.219999313354492,18.219999313354492,17.84000015258789,18.020000457763672,45600
2011-08-10,9.082212448120117,18.389999389648438,18.43000030517578,18.020000457763672,18.1299991607666,41600
2011-08-11,9.106904983520508,18.440000534057617,18.440000534057617,18.34000015258789,18.34000015258789,21100
2011-08-12,9.195801734924316,18.6200008392334,18.90999984741211,18.399999618530273,18.90999984741211,38200
2011-08-15,9.18592643737793,18.600000381469727,18.719999313354492,18.510000228881836,18.719999313354492,34000
2011-08-16,9.200740814208984,18.6299991607666,18.68000030517578,18.579999923706055,18.579999923706055,35600
2011-08-17,9.195801734924316,18.6200008392334,18.68000030517578,18.610000610351562,18.68000030517578,43600
2011-08-18,9.21555233001709,18.65999984741211,18.670000076293945,18.579999923706055,18.610000610351562,32100
2011-08-19,9.245185852050781,18.719999313354492,18.719999313354492,18.690000534057617,18.690000534057617,33500
2011-08-22,9.28469467163086,18.799999237060547,18.90999984741211,18.760000228881836,18.90999984741211,26400
2011-08-23,9.29951286315918,18.829999923706055,18.850000381469727,18.770000457763672,18.770000457763672,18000
2011-08-24,9.289634704589844,18.809999465942383,18.90999984741211,18.809999465942383,18.90999984741211,31200
2011-08-25,9.260004043579102,18.75,18.8700008392334,18.709999084472656,18.780000686645508,35700
2011-08-26,9.304450988769531,18.84000015258789,18.940000534057617,18.799999237060547,18.799999237060547,38000
2011-08-29,9.304450988769531,18.84000015258789,18.8799991607666,18.770000457763672,18.8799991607666,36100
2011-08-30,9.279757499694824,18.790000915527344,18.829999923706055,18.690000534057617,18.690000534057617,31400
2011-08-31,9.260004043579102,18.75,18.860000610351562,18.729999542236328,18.84000015258789,30100
2011-09-01,9.255066871643066,18.739999771118164,18.8700008392334,18.739999771118164,18.81999969482422,27200
2011-09-02,9.255066871643066,18.739999771118164,18.780000686645508,18.690000534057617,18.739999771118164,24200
2011-09-06,9.156289100646973,18.540000915527344,18.690000534057617,18.540000915527344,18.68000030517578,21400
2011-09-07,9.21555233001709,18.65999984741211,18.670000076293945,18.579999923706055,18.670000076293945,22900
2011-09-08,9.180987358093262,18.59000015258789,18.670000076293945,18.549999237060547,18.600000381469727,23900
2011-09-09,9.13653564453125,18.5,18.700000762939453,18.5,18.639999389648438,41700
2011-09-12,9.13653564453125,18.5,18.639999389648438,18.469999313354492,18.549999237060547,25900
2011-09-13,9.13653564453125,18.5,18.610000610351562,18.469999313354492,18.610000610351562,19400
2011-09-14,9.141475677490234,18.510000228881836,18.56999969482422,18.479999542236328,18.5,41300
2011-09-15,9.13653564453125,18.5,18.56999969482422,18.459999084472656,18.56999969482422,22200
2011-09-16,9.11184024810791,18.450000762939453,18.510000228881836,18.450000762939453,18.5,19300
2011-09-19,9.11184024810791,18.450000762939453,18.5,18.420000076293945,18.479999542236328,30100
2011-09-20,9.121720314025879,18.469999313354492,18.540000915527344,18.440000534057617,18.450000762939453,27400
2011-09-21,9.11184024810791,18.450000762939453,18.559999465942383,18.450000762939453,18.540000915527344,33100
2011-09-22,9.106904983520508,18.440000534057617,18.520000457763672,18.399999618530273,18.440000534057617,34900
2011-09-23,9.097025871276855,18.420000076293945,18.450000762939453,18.3700008392334,18.450000762939453,22500
2011-09-26,9.087152481079102,18.399999618530273,18.510000228881836,18.350000381469727,18.510000228881836,32800
2011-09-27,9.087152481079102,18.399999618530273,18.559999465942383,18.3700008392334,18.489999771118164,21200
2011-09-28,9.013071060180664,18.25,18.399999618530273,18.239999771118164,18.399999618530273,43700
2011-09-29,9.013071060180664,18.25,18.479999542236328,18.190000534057617,18.479999542236328,20700
2011-09-30,9.027884483337402,18.280000686645508,18.350000381469727,18.25,18.25,32900
2011-10-03,8.94393253326416,18.110000610351562,18.350000381469727,18.06999969482422,18.25,41000
2011-10-04,8.815524101257324,17.850000381469727,18.149999618530273,17.829999923706055,18.110000610351562,44100
2011-10-05,8.904873847961426,17.739999771118164,17.81999969482422,17.579999923706055,17.81999969482422,36200
2011-10-06,8.82455825805664,17.579999923706055,17.8700008392334,17.579999923706055,17.8700008392334,28000
2011-10-07,8.86973762512207,17.670000076293945,17.700000762939453,17.579999923706055,17.700000762939453,33600
2011-10-10,8.914910316467285,17.760000228881836,17.850000381469727,17.75,17.75,37800
2011-10-11,9.06550121307373,18.059999465942383,18.510000228881836,17.81999969482422,17.829999923706055,68700
2011-10-12,9.085580825805664,18.100000381469727,18.209999084472656,18.010000228881836,18.100000381469727,46100
2011-10-13,9.105658531188965,18.139999389648438,18.200000762939453,18.079999923706055,18.200000762939453,18900
2011-10-14,9.120719909667969,18.170000076293945,18.350000381469727,18.139999389648438,18.25,40200
2011-10-17,9.100639343261719,18.1299991607666,18.229999542236328,18.110000610351562,18.229999542236328,21300
2011-10-18,9.130760192871094,18.190000534057617,18.239999771118164,18.139999389648438,18.209999084472656,27000
2011-10-19,9.085580825805664,18.100000381469727,18.200000762939453,18.059999465942383,18.200000762939453,26400
2011-10-20,9.085580825805664,18.100000381469727,18.100000381469727,18.040000915527344,18.100000381469727,27000
2011-10-21,9.070521354675293,18.06999969482422,18.110000610351562,17.979999542236328,18.100000381469727,25400
2011-10-24,9.085580825805664,18.100000381469727,18.139999389648438,18.06999969482422,18.100000381469727,33700
2011-10-25,9.120719909667969,18.170000076293945,18.18000030517578,18.100000381469727,18.149999618530273,31800
2011-10-26,9.125738143920898,18.18000030517578,18.290000915527344,18.149999618530273,18.290000915527344,25000
2011-10-27,9.1458158493042,18.219999313354492,18.420000076293945,18.200000762939453,18.420000076293945,22300
2011-10-28,9.125738143920898,18.18000030517578,18.290000915527344,18.15999984741211,18.219999313354492,31400
2011-10-31,9.14079475402832,18.209999084472656,18.25,18.18000030517578,18.18000030517578,19300
2011-11-01,9.201034545898438,18.329999923706055,18.329999923706055,18.209999084472656,18.209999084472656,36800
2011-11-02,9.236172676086426,18.399999618530273,18.43000030517578,18.270000457763672,18.399999618530273,30900
2011-11-03,9.281346321105957,18.489999771118164,18.489999771118164,18.420000076293945,18.489999771118164,14700
2011-11-04,9.326526641845703,18.579999923706055,18.639999389648438,18.489999771118164,18.600000381469727,23500
2011-11-07,9.401817321777344,18.729999542236328,18.729999542236328,18.579999923706055,18.690000534057617,30000
2011-11-08,9.401817321777344,18.729999542236328,18.729999542236328,18.68000030517578,18.729999542236328,34000
2011-11-09,9.361662864685059,18.649999618530273,18.719999313354492,18.34000015258789,18.34000015258789,33100
2011-11-10,9.386760711669922,18.700000762939453,18.709999084472656,18.649999618530273,18.709999084472656,30100
2011-11-11,9.3717041015625,18.670000076293945,18.700000762939453,18.610000610351562,18.700000762939453,22200
2011-11-14,9.3717041015625,18.670000076293945,18.690000534057617,18.59000015258789,18.690000534057617,28800
2011-11-15,9.396799087524414,18.719999313354492,18.739999771118164,18.6299991607666,18.739999771118164,32400
2011-11-16,9.386760711669922,18.700000762939453,18.729999542236328,18.639999389648438,18.719999313354492,31500
2011-11-17,9.391778945922852,18.709999084472656,18.739999771118164,18.65999984741211,18.739999771118164,36700
2011-11-18,9.376721382141113,18.68000030517578,18.739999771118164,18.68000030517578,18.739999771118164,28200
2011-11-21,9.376721382141113,18.68000030517578,18.68000030517578,18.600000381469727,18.68000030517578,56900
2011-11-22,9.376721382141113,18.68000030517578,18.729999542236328,18.65999984741211,18.700000762939453,95700
2011-11-23,9.416879653930664,18.760000228881836,18.760000228881836,18.65999984741211,18.75,31600
2011-11-25,9.376721382141113,18.68000030517578,18.770000457763672,18.65999984741211,18.760000228881836,16600
2011-11-28,9.401817321777344,18.729999542236328,18.739999771118164,18.649999618530273,18.739999771118164,19000
2011-11-29,9.406839370727539,18.739999771118164,18.739999771118164,18.65999984741211,18.729999542236328,21100
2011-11-30,9.441975593566895,18.809999465942383,18.809999465942383,18.709999084472656,18.75,53000
2011-12-01,9.446995735168457,18.81999969482422,18.81999969482422,18.709999084472656,18.809999465942383,43900
2011-12-02,9.436955451965332,18.799999237060547,18.81999969482422,18.719999313354492,18.81999969482422,35200
2011-12-05,9.462056159973145,18.850000381469727,18.850000381469727,18.770000457763672,18.799999237060547,22400
2011-12-06,9.4971923828125,18.920000076293945,18.920000076293945,18.829999923706055,18.850000381469727,22300
2011-12-07,9.457035064697266,18.84000015258789,18.920000076293945,18.84000015258789,18.920000076293945,13800
2011-12-08,9.4971923828125,18.920000076293945,18.950000762939453,18.809999465942383,18.950000762939453,30100
2011-12-09,9.587546348571777,19.100000381469727,19.25,18.979999542236328,19.25,11200
2011-12-12,9.411857604980469,18.75,19.100000381469727,18.75,19.100000381469727,42500
2011-12-13,9.47209644317627,18.8700008392334,18.8799991607666,18.709999084472656,18.75,30600
2011-12-14,9.391778945922852,18.709999084472656,19.1299991607666,18.709999084472656,19.1299991607666,23400
2011-12-15,9.446995735168457,18.81999969482422,18.90999984741211,18.75,18.75,40100
2011-12-16,9.411857604980469,18.75,18.959999084472656,18.75,18.899999618530273,35500
2011-12-19,9.4971923828125,18.920000076293945,18.920000076293945,18.760000228881836,18.920000076293945,14500
2011-12-20,9.537349700927734,19.0,19.200000762939453,18.90999984741211,19.200000762939453,31100
2011-12-21,9.532331466674805,18.989999771118164,19.049999237060547,18.920000076293945,19.049999237060547,36700
2011-12-22,9.477113723754883,18.8799991607666,19.049999237060547,18.8799991607666,19.0,33200
2011-12-23,9.482136726379395,18.889999389648438,18.989999771118164,18.889999389648438,18.979999542236328,23100
2011-12-27,9.567770004272461,18.770000457763672,18.920000076293945,18.6200008392334,18.889999389648438,25100
2011-12-28,9.440333366394043,18.520000457763672,18.770000457763672,18.520000457763672,18.75,19200
2011-12-29,9.526991844177246,18.690000534057617,18.780000686645508,18.549999237060547,18.649999618530273,11900
2011-12-30,9.583061218261719,18.799999237060547,18.799999237060547,18.6200008392334,18.690000534057617,11800
2012-01-03,9.603450775146484,18.84000015258789,18.889999389648438,18.75,18.809999465942383,13200
2012-01-04,9.588159561157227,18.809999465942383,18.84000015258789,18.75,18.84000015258789,19200
2012-01-05,9.588159561157227,18.809999465942383,18.90999984741211,18.709999084472656,18.90999984741211,25300
2012-01-06,9.557574272155762,18.75,18.889999389648438,18.729999542236328,18.829999923706055,32400
2012-01-09,9.593254089355469,18.81999969482422,18.8700008392334,18.729999542236328,18.75,22900
2012-01-10,9.613648414611816,18.860000610351562,18.90999984741211,18.799999237060547,18.90999984741211,25400
2012-01-11,9.598357200622559,18.829999923706055,18.90999984741211,18.81999969482422,18.8799991607666,24000
2012-01-12,9.659523963928223,18.950000762939453,19.020000457763672,18.899999618530273,19.020000457763672,35800
2012-01-13,9.659523963928223,18.950000762939453,19.0,18.8799991607666,18.989999771118164,27200
2012-01-17,9.674814224243164,18.979999542236328,19.030000686645508,18.950000762939453,19.030000686645508,31700
2012-01-18,9.690107345581055,19.010000228881836,19.030000686645508,18.899999618530273,19.030000686645508,21300
2012-01-19,9.664621353149414,18.959999084472656,19.040000915527344,18.940000534057617,19.030000686645508,18800
2012-01-20,9.679908752441406,18.989999771118164,19.030000686645508,18.959999084472656,18.959999084472656,32900
2012-01-23,9.64932632446289,18.93000030517578,19.040000915527344,18.93000030517578,19.040000915527344,27600
2012-01-24,9.679908752441406,18.989999771118164,18.989999771118164,18.90999984741211,18.93000030517578,37500
2012-01-25,9.710495948791504,19.049999237060547,19.09000015258789,18.920000076293945,19.049999237060547,32800
2012-01-26,9.766568183898926,19.15999984741211,19.190000534057617,19.049999237060547,19.049999237060547,53300
2012-01-27,9.776762008666992,19.18000030517578,19.260000228881836,19.170000076293945,19.260000228881836,24300
2012-01-30,9.817543029785156,19.260000228881836,19.299999237060547,19.110000610351562,19.299999237060547,21700
2012-01-31,9.848125457763672,19.31999969482422,19.3700008392334,18.579999923706055,18.59000015258789,24000
2012-02-01,9.883803367614746,19.389999389648438,19.389999389648438,19.209999084472656,19.389999389648438,38200
2012-02-02,9.873614311218262,19.3700008392334,19.40999984741211,19.31999969482422,19.40999984741211,41600
2012-02-03,9.868515968322754,19.360000610351562,19.399999618530273,19.25,19.3700008392334,19900
2012-02-06,9.776762008666992,19.18000030517578,19.3700008392334,19.18000030517578,19.360000610351562,24700
2012-02-07,9.802248001098633,19.229999542236328,19.290000915527344,19.200000762939453,19.290000915527344,15200
2012-02-08,9.817543029785156,19.260000228881836,19.299999237060547,19.229999542236328,19.290000915527344,28900
2012-02-09,9.792054176330566,19.209999084472656,19.309999465942383,19.209999084472656,19.309999465942383,28600
2012-02-10,9.812444686889648,19.25,19.350000381469727,19.209999084472656,19.350000381469727,13700
2012-02-13,9.858318328857422,19.34000015258789,19.440000534057617,19.299999237060547,19.440000534057617,19200
2012-02-14,9.832833290100098,19.290000915527344,19.350000381469727,19.260000228881836,19.350000381469727,29300
2012-02-15,9.904197692871094,19.43000030517578,19.469999313354492,19.329999923706055,19.420000076293945,25300
2012-02-16,10.016337394714355,19.649999618530273,19.649999618530273,19.31999969482422,19.31999969482422,29200
2012-02-17,10.011239051818848,19.639999389648438,20.100000381469727,19.56999969482422,19.68000030517578,43200
2012-02-21,10.006145477294922,19.6299991607666,19.790000915527344,19.549999237060547,19.790000915527344,22400
2012-02-22,10.001046180725098,19.6200008392334,19.65999984741211,19.56999969482422,19.6299991607666,26700
2012-02-23,10.087702751159668,19.790000915527344,19.790000915527344,19.639999389648438,19.709999084472656,46200
2012-02-24,9.985753059387207,19.59000015258789,19.809999465942383,19.56999969482422,19.809999465942383,62800
2012-02-27,10.041827201843262,19.700000762939453,19.709999084472656,19.549999237060547,19.709999084472656,42300
2012-02-28,10.06731128692627,19.75,19.75,19.600000381469727,19.700000762939453,33300
2012-02-29,9.9806547164917,19.579999923706055,19.75,19.530000686645508,19.75,38400
2012-03-01,10.041827201843262,19.700000762939453,19.700000762939453,19.530000686645508,19.700000762939453,30000
2012-03-02,10.016337394714355,19.649999618530273,19.809999465942383,19.610000610351562,19.809999465942383,16000
2012-03-05,9.960265159606934,19.540000915527344,19.670000076293945,19.290000915527344,19.670000076293945,30500
2012-03-06,9.939875602722168,19.5,19.65999984741211,19.450000762939453,19.65999984741211,18700
2012-03-07,10.041827201843262,19.700000762939453,19.739999771118164,19.610000610351562,19.6299991607666,15600
2012-03-08,10.138680458068848,19.889999389648438,19.899999618530273,19.719999313354492,19.75,17500
2012-03-09,10.10809326171875,19.829999923706055,19.989999771118164,19.75,19.989999771118164,33100
2012-03-12,10.077507972717285,19.770000457763672,19.969999313354492,19.719999313354492,19.969999313354492,23000
2012-03-13,10.062211036682129,19.739999771118164,19.8700008392334,19.649999618530273,19.8700008392334,16300
2012-03-14,9.9806547164917,19.579999923706055,19.790000915527344,19.530000686645508,19.790000915527344,28700
2012-03-15,9.97046184539795,19.559999465942383,19.600000381469727,19.479999542236328,19.559999465942383,18500
2012-03-16,9.939875602722168,19.5,19.59000015258789,19.299999237060547,19.59000015258789,32700
2012-03-19,9.93477725982666,19.489999771118164,19.540000915527344,19.299999237060547,19.5,34400
2012-03-20,9.939875602722168,19.5,19.549999237060547,19.489999771118164,19.489999771118164,22900
2012-03-21,9.944975852966309,19.510000228881836,19.579999923706055,19.5,19.559999465942383,18800
2012-03-22,9.9806547164917,19.579999923706055,19.6299991607666,19.3799991607666,19.6299991607666,23300
2012-03-23,9.965362548828125,19.549999237060547,19.68000030517578,19.5,19.59000015258789,22200
2012-03-26,10.026533126831055,19.670000076293945,19.700000762939453,19.549999237060547,19.639999389648438,34100
2012-03-27,10.016337394714355,19.649999618530273,19.719999313354492,19.43000030517578,19.700000762939453,30000
2012-03-28,10.031633377075195,19.68000030517578,19.700000762939453,19.600000381469727,19.700000762939453,38600
2012-03-29,10.046920776367188,19.709999084472656,19.799999237060547,19.68000030517578,19.68000030517578,39800
2012-03-30,10.062211036682129,19.739999771118164,19.850000381469727,19.709999084472656,19.709999084472656,27500
2012-04-02,10.180158615112305,19.68000030517578,19.770000457763672,19.5,19.6299991607666,40200
2012-04-03,10.159463882446289,19.639999389648438,19.729999542236328,19.540000915527344,19.540000915527344,16200
2012-04-04,10.164636611938477,19.649999618530273,19.729999542236328,19.6200008392334,19.649999618530273,14500
2012-04-05,10.14394474029541,19.610000610351562,19.68000030517578,19.59000015258789,19.649999618530273,19300
2012-04-09,10.185328483581543,19.690000534057617,19.690000534057617,19.610000610351562,19.610000610351562,9800
2012-04-10,10.185328483581543,19.690000534057617,19.700000762939453,19.649999618530273,19.690000534057617,22100
2012-04-11,10.200843811035156,19.719999313354492,19.75,19.65999984741211,19.690000534057617,32300
2012-04-12,10.128424644470215,19.579999923706055,19.780000686645508,19.579999923706055,19.770000457763672,20600
2012-04-13,10.107734680175781,19.540000915527344,19.780000686645508,19.540000915527344,19.75,15800
2012-04-16,10.247401237487793,19.809999465942383,19.81999969482422,19.56999969482422,19.719999313354492,19000
2012-04-17,10.23188591003418,19.780000686645508,19.809999465942383,19.739999771118164,19.780000686645508,12900
2012-04-18,10.22671127319336,19.770000457763672,19.809999465942383,19.6299991607666,19.739999771118164,16200
2012-04-19,10.221535682678223,19.760000228881836,19.790000915527344,19.5,19.790000915527344,14200
2012-04-20,10.195672988891602,19.709999084472656,19.790000915527344,19.649999618530273,19.790000915527344,10100
2012-04-23,10.200843811035156,19.719999313354492,19.780000686645508,19.6200008392334,19.770000457763672,16000
2012-04-24,10.159463882446289,19.639999389648438,19.790000915527344,19.6200008392334,19.790000915527344,15600
2012-04-25,10.133600234985352,19.59000015258789,19.770000457763672,19.559999465942383,19.760000228881836,25300
2012-04-26,10.149118423461914,19.6200008392334,19.780000686645508,19.479999542236328,19.780000686645508,25800
2012-04-27,10.133600234985352,19.59000015258789,19.729999542236328,19.559999465942383,19.729999542236328,13000
2012-04-30,10.174983024597168,19.670000076293945,19.760000228881836,19.610000610351562,19.690000534057617,22000
2012-05-01,10.185328483581543,19.690000534057617,19.75,19.670000076293945,19.75,16800
2012-05-02,10.169809341430664,19.65999984741211,19.739999771118164,19.559999465942383,19.6299991607666,26000
2012-05-03,10.174983024597168,19.670000076293945,19.719999313354492,19.6299991607666,19.65999984741211,18000
2012-05-04,10.154293060302734,19.6299991607666,19.739999771118164,19.59000015258789,19.739999771118164,11000
2012-05-07,10.149118423461914,19.6200008392334,19.700000762939453,19.610000610351562,19.700000762939453,11000
2012-05-08,10.138772964477539,19.600000381469727,19.639999389648438,19.559999465942383,19.639999389648438,8900
2012-05-09,10.185328483581543,19.690000534057617,19.690000534057617,19.549999237060547,19.600000381469727,12000
2012-05-10,10.195672988891602,19.709999084472656,19.760000228881836,19.670000076293945,19.690000534057617,12300
2012-05-11,10.149118423461914,19.6200008392334,19.770000457763672,19.600000381469727,19.770000457763672,17000
2012-05-14,10.180158615112305,19.68000030517578,19.770000457763672,19.59000015258789,19.690000534057617,10100
2012-05-15,10.159463882446289,19.639999389648438,19.700000762939453,19.579999923706055,19.670000076293945,13000
2012-05-16,10.169809341430664,19.65999984741211,19.68000030517578,19.6200008392334,19.639999389648438,10200
2012-05-17,10.159463882446289,19.639999389648438,19.65999984741211,19.579999923706055,19.65999984741211,25400
2012-05-18,10.014625549316406,19.360000610351562,19.600000381469727,19.290000915527344,19.59000015258789,21500
2012-05-21,9.86978530883789,19.079999923706055,19.260000228881836,17.43000030517578,19.25,156000
2012-05-22,10.056009292602539,19.440000534057617,19.540000915527344,19.09000015258789,19.190000534057617,34000
2012-05-23,10.071527481079102,19.469999313354492,19.5,19.350000381469727,19.5,14000
2012-05-24,10.133600234985352,19.59000015258789,19.600000381469727,19.459999084472656,19.600000381469727,42100
2012-05-25,10.087041854858398,19.5,19.68000030517578,19.5,19.68000030517578,7100
2012-05-29,10.133600234985352,19.59000015258789,19.6200008392334,19.43000030517578,19.43000030517578,7300
2012-05-30,9.973243713378906,19.280000686645508,19.639999389648438,19.149999618530273,19.520000457763672,21300
2012-05-31,10.056009292602539,19.440000534057617,19.540000915527344,19.239999771118164,19.329999923706055,16300
2012-06-01,9.983588218688965,19.299999237060547,19.3799991607666,19.219999313354492,19.3799991607666,18200
2012-06-04,9.957724571228027,19.25,19.40999984741211,19.139999389648438,19.329999923706055,19200
2012-06-05,9.905994415283203,19.149999618530273,19.360000610351562,19.1299991607666,19.350000381469727,20500
2012-06-06,9.931859970092773,19.200000762939453,19.399999618530273,19.100000381469727,19.190000534057617,31400
2012-06-07,9.916340827941895,19.170000076293945,19.329999923706055,19.09000015258789,19.329999923706055,15000
2012-06-08,9.86978530883789,19.079999923706055,19.25,19.049999237060547,19.06999969482422,17900
2012-06-11,9.859437942504883,19.059999465942383,19.200000762939453,19.059999465942383,19.200000762939453,10800
2012-06-12,9.905994415283203,19.149999618530273,19.239999771118164,19.030000686645508,19.239999771118164,23500
2012-06-13,9.957724571228027,19.25,19.280000686645508,19.139999389648438,19.260000228881836,21300
2012-06-14,9.916340827941895,19.170000076293945,19.399999618530273,19.15999984741211,19.3700008392334,10000
2012-06-15,9.937031745910645,19.209999084472656,19.280000686645508,19.170000076293945,19.170000076293945,13400
2012-06-18,9.94737720489502,19.229999542236328,19.350000381469727,19.100000381469727,19.350000381469727,7800
2012-06-19,9.973243713378906,19.280000686645508,19.290000915527344,19.15999984741211,19.15999984741211,15200
2012-06-20,9.999104499816895,19.329999923706055,19.389999389648438,19.239999771118164,19.389999389648438,11700
2012-06-21,10.03014087677002,19.389999389648438,19.389999389648438,19.290000915527344,19.329999923706055,12700
2012-06-22,10.004278182983398,19.34000015258789,19.399999618530273,19.290000915527344,19.299999237060547,19200
2012-06-25,9.968070030212402,19.270000457763672,19.34000015258789,19.190000534057617,19.299999237060547,18500
2012-06-26,10.061180114746094,19.450000762939453,19.450000762939453,19.190000534057617,19.190000534057617,25900
2012-06-27,10.050835609436035,19.43000030517578,19.479999542236328,19.3799991607666,19.469999313354492,14100
2012-06-28,10.014625549316406,19.360000610351562,19.489999771118164,19.350000381469727,19.489999771118164,11300
2012-06-29,9.983588218688965,19.299999237060547,19.479999542236328,19.290000915527344,19.479999542236328,17000
2012-07-02,10.014625549316406,19.360000610351562,19.389999389648438,19.25,19.25,11300
2012-07-03,10.045661926269531,19.420000076293945,19.43000030517578,19.34000015258789,19.43000030517578,7700
2012-07-05,9.98875617980957,19.309999465942383,19.469999313354492,19.229999542236328,19.309999465942383,43700
2012-07-06,10.035314559936523,19.399999618530273,19.40999984741211,19.25,19.25,13400
2012-07-09,10.087041854858398,19.5,19.530000686645508,19.309999465942383,19.309999465942383,18500
2012-07-10,10.092217445373535,19.510000228881836,19.56999969482422,19.399999618530273,19.56999969482422,12200
2012-07-11,10.138772964477539,19.600000381469727,19.6299991607666,19.510000228881836,19.6299991607666,24100
2012-07-12,10.169809341430664,19.65999984741211,19.709999084472656,19.5,19.579999923706055,16900
2012-07-13,10.200843811035156,19.719999313354492,19.780000686645508,19.600000381469727,19.719999313354492,12300
2012-07-16,10.221535682678223,19.760000228881836,19.760000228881836,19.65999984741211,19.75,14600
2012-07-17,10.211188316345215,19.739999771118164,19.780000686645508,19.700000762939453,19.760000228881836,19000
2012-07-18,10.283610343933105,19.8799991607666,19.920000076293945,19.760000228881836,19.780000686645508,19600
2012-07-19,10.273265838623047,19.860000610351562,19.950000762939453,19.790000915527344,19.950000762939453,19300
2012-07-20,10.195672988891602,19.709999084472656,19.790000915527344,19.6299991607666,19.709999084472656,23500
2012-07-23,10.22671127319336,19.770000457763672,19.84000015258789,19.690000534057617,19.84000015258789,30000
2012-07-24,10.302736282348633,19.649999618530273,19.649999618530273,19.520000457763672,19.6299991607666,17200
2012-07-25,10.281765937805176,19.610000610351562,19.709999084472656,19.530000686645508,19.709999084472656,20300
2012-07-26,10.276521682739258,19.600000381469727,19.649999618530273,19.540000915527344,19.6200008392334,8400
2012-07-27,10.27127742767334,19.59000015258789,19.639999389648438,19.520000457763672,19.639999389648438,9300
2012-07-30,10.260788917541504,19.56999969482422,19.6299991607666,19.56999969482422,19.56999969482422,22700
2012-07-31,10.22933578491211,19.510000228881836,19.549999237060547,19.5,19.549999237060547,33300
2012-08-01,10.302736282348633,19.649999618530273,19.649999618530273,19.540000915527344,19.579999923706055,16200
2012-08-02,10.32895278930664,19.700000762939453,19.709999084472656,19.65999984741211,19.65999984741211,23400
2012-08-03,10.307979583740234,19.65999984741211,19.75,19.649999618530273,19.75,6700
2012-08-06,10.349921226501465,19.739999771118164,19.790000915527344,19.65999984741211,19.780000686645508,8300
2012-08-07,10.307979583740234,19.65999984741211,19.799999237060547,19.65999984741211,19.799999237060547,13000
2012-08-08,10.302736282348633,19.649999618530273,19.700000762939453,19.6200008392334,19.700000762939453,12800
2012-08-09,10.355168342590332,19.75,19.75,19.690000534057617,19.700000762939453,16200
2012-08-10,10.32895278930664,19.700000762939453,19.799999237060547,19.639999389648438,19.799999237060547,9400
2012-08-13,10.412843704223633,19.860000610351562,19.979999542236328,19.700000762939453,19.799999237060547,21800
2012-08-14,10.481003761291504,19.989999771118164,19.989999771118164,19.920000076293945,19.979999542236328,28400
2012-08-15,10.470515251159668,19.969999313354492,20.0,19.899999618530273,20.0,21200
2012-08-16,10.460030555725098,19.950000762939453,20.0,19.899999618530273,20.0,16300
2012-08-17,10.433813095092773,19.899999618530273,19.950000762939453,19.899999618530273,19.93000030517578,14200
2012-08-20,10.423328399658203,19.8799991607666,19.989999771118164,19.8799991607666,19.989999771118164,12700
2012-08-21,10.486244201660156,20.0,20.0,19.8799991607666,19.969999313354492,24900
2012-08-22,10.491488456726074,20.010000228881836,20.049999237060547,19.940000534057617,19.979999542236328,38000
2012-08-23,10.538679122924805,20.100000381469727,20.100000381469727,20.020000457763672,20.059999465942383,15800
2012-08-24,10.654025077819824,20.31999969482422,20.31999969482422,20.1299991607666,20.209999084472656,20700
2012-08-27,10.643534660339355,20.299999237060547,20.350000381469727,19.770000457763672,20.31999969482422,31100
2012-08-28,10.606839179992676,20.229999542236328,20.389999389648438,20.040000915527344,20.3799991607666,31600
2012-08-29,10.470515251159668,19.969999313354492,20.260000228881836,19.8799991607666,20.200000762939453,32200
2012-08-30,10.685482025146484,20.3799991607666,20.40999984741211,20.139999389648438,20.190000534057617,31000
2012-08-31,10.737914085388184,20.479999542236328,20.5,20.31999969482422,20.34000015258789,19800
2012-09-04,10.732674598693848,20.469999313354492,20.489999771118164,20.229999542236328,20.489999771118164,10700
2012-09-05,10.774619102478027,20.549999237060547,20.649999618530273,20.350000381469727,20.549999237060547,22000
2012-09-06,10.61732006072998,20.25,20.59000015258789,20.100000381469727,20.59000015258789,23400
2012-09-07,10.695967674255371,20.399999618530273,20.399999618530273,20.270000457763672,20.3700008392334,9700
2012-09-10,10.612081527709961,20.239999771118164,20.5,20.239999771118164,20.5,11700
2012-09-11,10.76937198638916,20.540000915527344,20.540000915527344,20.309999465942383,20.450000762939453,15300
2012-09-12,10.711698532104492,20.43000030517578,20.68000030517578,20.40999984741211,20.540000915527344,30600
2012-09-13,10.790346145629883,20.579999923706055,20.65999984741211,20.43000030517578,20.479999542236328,12100
2012-09-14,10.76413345336914,20.530000686645508,20.700000762939453,20.40999984741211,20.700000762939453,20700
2012-09-17,10.774619102478027,20.549999237060547,20.700000762939453,20.450000762939453,20.649999618530273,18300
2012-09-18,10.774619102478027,20.549999237060547,20.700000762939453,20.440000534057617,20.700000762939453,8100
2012-09-19,10.790346145629883,20.579999923706055,20.690000534057617,20.40999984741211,20.600000381469727,20500
2012-09-20,10.816568374633789,20.6299991607666,20.690000534057617,20.5,20.690000534057617,8800
2012-09-21,10.7955904006958,20.59000015258789,20.809999465942383,20.329999923706055,20.700000762939453,18900
2012-09-24,10.790346145629883,20.579999923706055,20.809999465942383,20.450000762939453,20.739999771118164,18400
2012-09-25,10.785102844238281,20.56999969482422,20.770000457763672,20.510000228881836,20.649999618530273,22500
2012-09-26,10.785102844238281,20.56999969482422,20.670000076293945,20.450000762939453,20.670000076293945,24300
2012-09-27,10.895211219787598,20.780000686645508,20.780000686645508,20.520000457763672,20.56999969482422,17500
2012-09-28,10.827048301696777,20.649999618530273,20.84000015258789,20.649999618530273,20.799999237060547,18700
2012-10-01,10.8480224609375,20.690000534057617,20.719999313354492,20.559999465942383,20.649999618530273,9300
2012-10-02,10.884725570678711,20.760000228881836,20.84000015258789,20.649999618530273,20.75,14300
2012-10-03,10.961730003356934,20.639999389648438,20.700000762939453,20.579999923706055,20.700000762939453,13700
2012-10-04,10.913935661315918,20.549999237060547,20.639999389648438,20.540000915527344,20.639999389648438,10200
2012-10-05,10.775848388671875,20.290000915527344,20.56999969482422,20.280000686645508,20.56999969482422,8800
2012-10-08,10.823646545410156,20.3799991607666,20.75,20.350000381469727,20.75,16000
2012-10-09,10.828958511352539,20.389999389648438,20.540000915527344,20.1200008392334,20.520000457763672,27800
2012-10-10,10.860828399658203,20.450000762939453,20.5,20.25,20.489999771118164,18300
2012-10-11,10.765227317810059,20.270000457763672,20.600000381469727,20.1299991607666,20.600000381469727,15600
2012-10-12,10.828958511352539,20.389999389648438,20.399999618530273,20.25,20.399999618530273,8800
2012-10-15,10.791779518127441,20.31999969482422,20.399999618530273,20.149999618530273,20.399999618530273,8600
2012-10-16,10.770543098449707,20.280000686645508,20.43000030517578,20.25,20.420000076293945,15200
2012-10-17,10.903311729431152,20.530000686645508,20.549999237060547,20.3700008392334,20.399999618530273,14000
2012-10-18,10.913935661315918,20.549999237060547,20.6200008392334,20.479999542236328,20.6200008392334,4600
2012-10-19,10.919246673583984,20.559999465942383,20.6299991607666,20.510000228881836,20.610000610351562,8500
2012-10-22,10.892688751220703,20.510000228881836,20.649999618530273,20.440000534057617,20.639999389648438,19300
2012-10-23,10.967041969299316,20.649999618530273,20.649999618530273,20.510000228881836,20.6200008392334,16400
2012-10-24,10.919246673583984,20.559999465942383,20.649999618530273,20.510000228881836,20.540000915527344,5300
2012-10-25,10.797090530395508,20.329999923706055,20.559999465942383,20.25,20.549999237060547,15000
2012-10-26,10.78647232055664,20.309999465942383,20.440000534057617,20.1299991607666,20.440000534057617,19200
2012-10-31,10.72274112701416,20.190000534057617,20.40999984741211,19.899999618530273,20.350000381469727,24500
2012-11-01,10.770543098449707,20.280000686645508,20.309999465942383,20.06999969482422,20.06999969482422,18100
2012-11-02,10.749296188354492,20.239999771118164,20.489999771118164,20.149999618530273,20.489999771118164,44600
2012-11-05,10.701496124267578,20.149999618530273,20.18000030517578,19.989999771118164,20.18000030517578,50400
2012-11-06,10.690873146057129,20.1299991607666,20.25,20.110000610351562,20.18000030517578,14000
2012-11-07,10.653697967529297,20.059999465942383,20.25,20.059999465942383,20.25,15700
2012-11-08,10.643074035644531,20.040000915527344,20.190000534057617,20.0,20.059999465942383,20100
2012-11-09,10.706808090209961,20.15999984741211,20.170000076293945,20.020000457763672,20.040000915527344,22200
2012-11-12,10.659010887145996,20.06999969482422,20.15999984741211,20.06999969482422,20.149999618530273,23900
2012-11-13,10.669628143310547,20.09000015258789,20.100000381469727,19.979999542236328,19.979999542236328,20200
2012-11-14,10.388153076171875,19.559999465942383,20.079999923706055,19.40999984741211,20.0,57800
2012-11-15,10.255376815795898,19.309999465942383,19.549999237060547,18.860000610351562,19.469999313354492,90800
2012-11-16,10.648387908935547,20.049999237060547,20.049999237060547,19.450000762939453,19.489999771118164,54500
2012-11-19,10.5846586227417,19.93000030517578,20.270000457763672,19.670000076293945,20.270000457763672,39700
2012-11-20,10.616520881652832,19.989999771118164,20.190000534057617,19.899999618530273,20.110000610351562,29600
2012-11-21,10.73336124420166,20.209999084472656,20.280000686645508,20.030000686645508,20.09000015258789,20400
2012-11-23,10.759918212890625,20.260000228881836,20.34000015258789,20.239999771118164,20.290000915527344,9800
2012-11-26,10.781157493591309,20.299999237060547,20.420000076293945,20.139999389648438,20.420000076293945,12900
2012-11-27,10.770543098449707,20.280000686645508,20.469999313354492,19.989999771118164,20.200000762939453,28200
2012-11-28,10.765227317810059,20.270000457763672,20.350000381469727,20.1200008392334,20.1200008392334,17000
2012-11-29,10.659010887145996,20.06999969482422,20.229999542236328,19.739999771118164,20.1200008392334,20300
2012-11-30,10.632454872131348,20.020000457763672,20.09000015258789,19.959999084472656,20.049999237060547,62300
2012-12-03,10.531545639038086,19.829999923706055,19.969999313354492,19.829999923706055,19.850000381469727,33000
2012-12-04,10.600590705871582,19.959999084472656,19.989999771118164,19.75,19.780000686645508,23100
2012-12-05,10.510302543640137,19.790000915527344,19.989999771118164,19.790000915527344,19.860000610351562,26500
2012-12-06,10.621831893920898,20.0,20.0,19.760000228881836,19.760000228881836,21100
2012-12-07,10.515616416931152,19.799999237060547,19.93000030517578,19.75,19.8799991607666,31500
2012-12-10,10.515616416931152,19.799999237060547,19.93000030517578,19.799999237060547,19.93000030517578,29300
2012-12-11,10.781157493591309,20.299999237060547,20.299999237060547,19.950000762939453,20.049999237060547,37900
2012-12-12,10.832280158996582,20.1299991607666,20.219999313354492,20.049999237060547,20.219999313354492,43800
2012-12-13,10.762323379516602,20.0,20.170000076293945,20.0,20.06999969482422,20700
2012-12-14,10.719278335571289,19.920000076293945,20.1200008392334,19.860000610351562,20.110000610351562,22400
2012-12-17,10.590129852294922,19.68000030517578,19.889999389648438,19.600000381469727,19.8799991607666,31900
2012-12-18,10.600893020629883,19.700000762939453,19.799999237060547,19.489999771118164,19.540000915527344,30800
2012-12-19,10.573983192443848,19.649999618530273,19.770000457763672,19.530000686645508,19.75,26600
2012-12-20,10.600893020629883,19.700000762939453,19.700000762939453,19.510000228881836,19.649999618530273,34400
2012-12-21,10.643941879272461,19.780000686645508,19.780000686645508,19.56999969482422,19.6200008392334,25800
2012-12-24,10.600893020629883,19.700000762939453,19.780000686645508,19.700000762939453,19.700000762939453,13800
2012-12-26,10.62779712677002,19.75,19.770000457763672,19.700000762939453,19.700000762939453,27500
2012-12-27,10.525554656982422,19.559999465942383,19.850000381469727,19.5,19.850000381469727,31900
2012-12-28,10.53093433380127,19.56999969482422,19.6200008392334,19.43000030517578,19.43000030517578,32900
2012-12-31,10.573983192443848,19.649999618530273,19.700000762939453,19.530000686645508,19.530000686645508,33500
2013-01-02,10.611653327941895,19.719999313354492,19.760000228881836,19.600000381469727,19.600000381469727,13300
2013-01-03,10.66008472442627,19.809999465942383,19.8700008392334,19.700000762939453,19.799999237060547,11500
2013-01-04,10.762323379516602,20.0,20.0,19.760000228881836,19.8700008392334,31300
2013-01-07,10.767705917358398,20.010000228881836,20.079999923706055,19.799999237060547,19.8799991607666,29100
2013-01-08,10.654705047607422,19.799999237060547,20.06999969482422,19.799999237060547,20.059999465942383,20400
2013-01-09,10.81075382232666,20.09000015258789,20.09000015258789,19.920000076293945,19.920000076293945,14000
2013-01-10,10.869950294494629,20.200000762939453,20.200000762939453,19.899999618530273,20.170000076293945,52300
2013-01-11,10.843042373657227,20.149999618530273,20.190000534057617,20.0,20.190000534057617,26200
2013-01-14,10.72465991973877,19.93000030517578,20.190000534057617,19.90999984741211,20.190000534057617,22900
2013-01-15,10.730039596557617,19.940000534057617,20.030000686645508,19.790000915527344,19.790000915527344,22800
2013-01-16,10.783845901489258,20.040000915527344,20.040000915527344,19.850000381469727,19.850000381469727,23500
2013-01-17,10.767705917358398,20.010000228881836,20.079999923706055,19.950000762939453,19.959999084472656,31000
2013-01-18,10.773088455200195,20.020000457763672,20.040000915527344,19.950000762939453,20.0,20900
2013-01-22,10.87533187866211,20.209999084472656,20.229999542236328,20.059999465942383,20.170000076293945,47100
2013-01-23,10.869950294494629,20.200000762939453,20.260000228881836,20.149999618530273,20.239999771118164,32000
2013-01-24,11.05290699005127,20.540000915527344,20.540000915527344,20.110000610351562,20.219999313354492,34100
2013-01-25,10.88071060180664,20.219999313354492,20.420000076293945,20.149999618530273,20.420000076293945,23900
2013-01-28,10.805375099182129,20.079999923706055,20.290000915527344,19.940000534057617,20.290000915527344,31800
2013-01-29,10.756943702697754,19.989999771118164,20.040000915527344,19.959999084472656,20.040000915527344,29800
2013-01-30,10.719278335571289,19.920000076293945,20.010000228881836,19.850000381469727,19.920000076293945,27200
2013-01-31,10.708513259887695,19.899999618530273,20.010000228881836,19.829999923706055,19.8799991607666,41900
2013-02-01,10.73542308807373,19.950000762939453,19.979999542236328,19.8700008392334,19.8700008392334,19500
2013-02-04,10.719278335571289,19.920000076293945,19.920000076293945,19.860000610351562,19.860000610351562,30800
2013-02-05,10.713894844055176,19.90999984741211,20.010000228881836,19.899999618530273,19.920000076293945,28200
2013-02-06,10.740803718566895,19.959999084472656,19.969999313354492,19.860000610351562,19.889999389648438,20900
2013-02-07,10.783845901489258,20.040000915527344,20.040000915527344,19.8700008392334,19.920000076293945,26200
2013-02-08,10.891473770141602,20.239999771118164,20.239999771118164,19.93000030517578,19.950000762939453,27700
2013-02-11,10.72465991973877,19.93000030517578,20.200000762939453,19.93000030517578,20.200000762939453,36800
2013-02-12,10.75156307220459,19.979999542236328,20.049999237060547,19.93000030517578,19.940000534057617,30000
2013-02-13,10.66008472442627,19.809999465942383,20.0,19.799999237060547,19.959999084472656,26600
2013-02-14,10.643941879272461,19.780000686645508,19.81999969482422,19.729999542236328,19.739999771118164,33400
2013-02-15,10.633173942565918,19.760000228881836,19.780000686645508,19.729999542236328,19.75,24000
2013-02-19,10.579366683959961,19.65999984741211,19.719999313354492,19.56999969482422,19.56999969482422,53200
2013-02-20,10.66008472442627,19.809999465942383,19.809999465942383,19.649999618530273,19.75,30300
2013-02-21,10.713894844055176,19.90999984741211,19.90999984741211,19.639999389648438,19.780000686645508,31700
2013-02-22,10.719278335571289,19.920000076293945,19.969999313354492,19.799999237060547,19.969999313354492,20000
2013-02-25,10.697751998901367,19.8799991607666,19.969999313354492,19.799999237060547,19.969999313354492,25400
2013-02-26,10.73542308807373,19.950000762939453,20.0,19.809999465942383,19.829999923706055,32200
2013-02-27,10.708513259887695,19.899999618530273,19.950000762939453,19.799999237060547,19.899999618530273,34200
2013-02-28,10.708513259887695,19.899999618530273,19.90999984741211,19.81999969482422,19.899999618530273,26700
2013-03-01,10.72465991973877,19.93000030517578,19.989999771118164,19.81999969482422,19.81999969482422,42700
2013-03-04,10.703136444091797,19.889999389648438,19.989999771118164,19.860000610351562,19.860000610351562,22500
2013-03-05,10.73542308807373,19.950000762939453,19.979999542236328,19.8700008392334,19.940000534057617,29200
2013-03-06,10.762323379516602,20.0,20.0,19.899999618530273,19.979999542236328,24100
2013-03-07,10.72465991973877,19.93000030517578,19.950000762939453,19.799999237060547,19.93000030517578,23100
2013-03-08,10.730039596557617,19.940000534057617,19.940000534057617,19.84000015258789,19.920000076293945,23200
2013-03-11,10.756943702697754,19.989999771118164,19.989999771118164,19.709999084472656,19.979999542236328,29900
2013-03-12,10.730039596557617,19.940000534057617,20.0,19.81999969482422,20.0,34100
2013-03-13,10.681612014770508,19.850000381469727,19.969999313354492,19.850000381469727,19.969999313354492,25000
2013-03-14,10.670844078063965,19.829999923706055,19.959999084472656,19.829999923706055,19.959999084472656,18600
2013-03-15,10.62779712677002,19.75,19.979999542236328,19.700000762939453,19.899999618530273,44800
2013-03-18,10.611653327941895,19.719999313354492,19.850000381469727,19.700000762939453,19.850000381469727,18300
2013-03-19,10.740803718566895,19.959999084472656,19.979999542236328,19.719999313354492,19.719999313354492,16200
2013-03-20,10.859187126159668,20.18000030517578,20.229999542236328,19.899999618530273,19.959999084472656,22300
2013-03-21,10.918378829956055,20.290000915527344,20.3700008392334,20.170000076293945,20.170000076293945,12800
2013-03-22,10.913004875183105,20.280000686645508,20.350000381469727,20.15999984741211,20.290000915527344,20600
2013-03-25,10.713894844055176,19.90999984741211,20.329999923706055,19.729999542236328,20.190000534057617,29300
2013-03-26,10.778471946716309,20.030000686645508,20.059999465942383,19.889999389648438,20.030000686645508,16300
2013-03-27,10.81075382232666,20.09000015258789,20.100000381469727,19.8799991607666,20.100000381469727,18800
2013-03-28,10.794612884521484,20.059999465942383,20.149999618530273,19.989999771118164,20.100000381469727,19900
2013-04-01,10.907618522644043,20.270000457763672,20.280000686645508,20.170000076293945,20.200000762939453,21000
2013-04-02,10.953960418701172,20.09000015258789,20.149999618530273,19.940000534057617,20.079999923706055,24100
2013-04-03,10.992130279541016,20.15999984741211,20.18000030517578,20.09000015258789,20.139999389648438,12700
2013-04-04,11.013941764831543,20.200000762939453,20.200000762939453,20.0,20.200000762939453,14000
2013-04-05,10.915797233581543,20.020000457763672,20.190000534057617,19.90999984741211,20.049999237060547,18100
2013-04-08,10.959420204162598,20.100000381469727,20.100000381469727,19.950000762939453,20.06999969482422,14100
2013-04-09,10.981229782104492,20.139999389648438,20.139999389648438,19.93000030517578,20.020000457763672,14500
2013-04-10,10.89943790435791,19.989999771118164,20.059999465942383,19.950000762939453,20.059999465942383,17400
2013-04-11,10.888533592224121,19.969999313354492,20.139999389648438,19.950000762939453,20.100000381469727,20400
2013-04-12,10.85036563873291,19.899999618530273,20.010000228881836,19.8799991607666,19.940000534057617,16500
2013-04-15,10.904889106750488,20.0,20.030000686645508,19.850000381469727,19.899999618530273,32000
2013-04-16,11.03030014038086,20.229999542236328,20.229999542236328,20.0,20.09000015258789,22700
2013-04-17,11.09572982788086,20.350000381469727,20.350000381469727,20.100000381469727,20.110000610351562,18300
2013-04-18,11.013941764831543,20.200000762939453,20.399999618530273,20.100000381469727,20.25,26400
2013-04-19,11.013941764831543,20.200000762939453,20.329999923706055,20.200000762939453,20.200000762939453,12100
2013-04-22,11.013941764831543,20.200000762939453,20.389999389648438,20.09000015258789,20.09000015258789,21600
2013-04-23,11.008487701416016,20.190000534057617,20.350000381469727,20.030000686645508,20.350000381469727,24300
2013-04-24,11.12298583984375,20.399999618530273,20.399999618530273,20.209999084472656,20.280000686645508,19700
2013-04-25,11.117536544799805,20.389999389648438,20.399999618530273,20.260000228881836,20.399999618530273,22300
2013-04-26,11.133895874023438,20.420000076293945,20.59000015258789,20.3700008392334,20.440000534057617,20500
2013-04-29,11.063010215759277,20.290000915527344,20.530000686645508,20.270000457763672,20.530000686645508,19800
2013-04-30,10.992130279541016,20.15999984741211,20.329999923706055,20.149999618530273,20.270000457763672,19600
2013-05-01,11.177513122558594,20.5,20.5,20.260000228881836,20.34000015258789,22400
2013-05-02,11.1884183883667,20.520000457763672,20.600000381469727,20.420000076293945,20.530000686645508,16500
2013-05-03,11.204776763916016,20.549999237060547,20.610000610351562,20.510000228881836,20.600000381469727,20900
2013-05-06,11.068462371826172,20.299999237060547,20.540000915527344,20.1200008392334,20.540000915527344,19100
2013-05-07,11.112081527709961,20.3799991607666,20.450000762939453,20.290000915527344,20.399999618530273,21000
2013-05-08,11.084819793701172,20.329999923706055,20.450000762939453,20.25,20.450000762939453,16300
2013-05-09,10.992130279541016,20.15999984741211,20.3799991607666,20.110000610351562,20.3799991607666,18100
2013-05-10,11.052108764648438,20.270000457763672,20.350000381469727,20.1200008392334,20.25,28100
2013-05-13,11.008487701416016,20.190000534057617,20.350000381469727,20.110000610351562,20.350000381469727,46800
2013-05-14,11.12298583984375,20.399999618530273,20.399999618530273,20.139999389648438,20.18000030517578,17100
2013-05-15,11.1557035446167,20.459999084472656,20.459999084472656,20.309999465942383,20.450000762939453,26000
2013-05-16,10.981229782104492,20.139999389648438,20.450000762939453,20.079999923706055,20.450000762939453,45600
2013-05-17,10.970325469970703,20.1200008392334,20.219999313354492,20.079999923706055,20.219999313354492,49900
2013-05-20,11.008487701416016,20.190000534057617,20.219999313354492,20.079999923706055,20.219999313354492,41800
2013-05-21,10.953960418701172,20.09000015258789,20.309999465942383,20.049999237060547,20.280000686645508,23200
2013-05-22,11.013941764831543,20.200000762939453,20.25,20.110000610351562,20.139999389648438,18300
2013-05-23,11.101180076599121,20.360000610351562,20.360000610351562,20.200000762939453,20.200000762939453,21300
2013-05-24,11.003031730651855,20.18000030517578,20.389999389648438,20.049999237060547,20.280000686645508,26500
2013-05-28,11.003031730651855,20.18000030517578,20.34000015258789,20.100000381469727,20.100000381469727,16400
2013-05-29,11.008487701416016,20.190000534057617,20.25,19.850000381469727,20.09000015258789,104300
2013-05-30,10.981229782104492,20.139999389648438,20.229999542236328,20.059999465942383,20.229999542236328,43400
2013-05-31,10.866726875305176,19.93000030517578,20.209999084472656,19.850000381469727,20.209999084472656,64700
2013-06-03,10.523219108581543,19.299999237060547,20.010000228881836,19.25,20.010000228881836,65900
2013-06-04,10.588650703430176,19.420000076293945,19.549999237060547,19.270000457763672,19.3700008392334,29500
2013-06-05,10.681340217590332,19.59000015258789,19.65999984741211,19.34000015258789,19.34000015258789,30300
2013-06-06,10.659530639648438,19.549999237060547,19.65999984741211,19.459999084472656,19.540000915527344,27000
2013-06-07,10.550483703613281,19.350000381469727,19.600000381469727,19.290000915527344,19.600000381469727,27300
2013-06-10,10.50141429901123,19.260000228881836,19.360000610351562,19.190000534057617,19.229999542236328,29800
2013-06-11,10.376007080078125,19.030000686645508,19.290000915527344,18.8799991607666,19.209999084472656,48400
2013-06-12,10.288766860961914,18.8700008392334,19.079999923706055,18.8700008392334,19.049999237060547,42600
2013-06-13,10.288766860961914,18.8700008392334,19.0,18.700000762939453,18.790000915527344,29300
2013-06-14,10.26149845123291,18.81999969482422,19.190000534057617,18.780000686645508,18.81999969482422,23600
2013-06-17,10.217884063720703,18.739999771118164,18.950000762939453,18.700000762939453,18.75,33400
2013-06-18,10.283312797546387,18.860000610351562,18.860000610351562,18.700000762939453,18.700000762939453,21800
2013-06-19,10.16880989074707,18.649999618530273,18.899999618530273,18.510000228881836,18.799999237060547,32700
2013-06-20,9.988879203796387,18.31999969482422,18.6299991607666,18.31999969482422,18.6299991607666,58600
2013-06-21,10.027047157287598,18.389999389648438,18.479999542236328,18.31999969482422,18.40999984741211,22800
2013-06-24,9.78169059753418,17.940000534057617,18.260000228881836,17.899999618530273,18.260000228881836,53300
2013-06-25,9.787140846252441,17.950000762939453,18.030000686645508,17.829999923706055,17.829999923706055,23600
2013-06-26,9.847116470336914,18.059999465942383,18.229999542236328,17.989999771118164,17.989999771118164,32000
2013-06-27,10.016144752502441,18.3700008392334,18.40999984741211,18.1200008392334,18.239999771118164,24900
2013-06-28,10.010689735412598,18.360000610351562,18.489999771118164,18.34000015258789,18.420000076293945,21000
2013-07-01,10.032501220703125,18.399999618530273,18.600000381469727,18.25,18.25,36600
2013-07-02,10.037951469421387,18.40999984741211,18.56999969482422,18.360000610351562,18.360000610351562,25900
2013-07-03,10.027047157287598,18.389999389648438,18.520000457763672,18.360000610351562,18.520000457763672,24800
2013-07-05,9.836214065551758,18.040000915527344,18.389999389648438,18.040000915527344,18.389999389648438,37100
2013-07-08,9.798044204711914,17.969999313354492,18.270000457763672,17.959999084472656,18.040000915527344,38400
2013-07-09,9.868928909301758,18.100000381469727,18.149999618530273,17.899999618530273,18.149999618530273,33200
2013-07-10,9.879831314086914,18.1200008392334,18.190000534057617,18.010000228881836,18.010000228881836,28000
2013-07-11,10.010689735412598,18.360000610351562,18.389999389648438,18.18000030517578,18.229999542236328,26300
2013-07-12,9.967068672180176,18.280000686645508,18.43000030517578,18.1299991607666,18.350000381469727,39900
2013-07-15,10.027047157287598,18.389999389648438,18.440000534057617,18.290000915527344,18.440000534057617,24100
2013-07-16,9.934354782104492,18.219999313354492,18.469999313354492,18.190000534057617,18.31999969482422,21400
2013-07-17,9.950712203979492,18.25,18.3799991607666,18.200000762939453,18.200000762939453,19300
2013-07-18,9.967068672180176,18.280000686645508,18.389999389648438,18.200000762939453,18.389999389648438,35700
2013-07-19,9.939809799194336,18.229999542236328,18.389999389648438,18.209999084472656,18.209999084472656,24200
2013-07-22,9.939809799194336,18.229999542236328,18.350000381469727,18.229999542236328,18.350000381469727,27300
2013-07-23,10.021594047546387,18.3799991607666,18.389999389648438,18.290000915527344,18.299999237060547,14800
2013-07-24,10.018830299377441,18.110000610351562,18.209999084472656,18.100000381469727,18.149999618530273,20900
2013-07-25,10.02989387512207,18.1299991607666,18.149999618530273,18.079999923706055,18.149999618530273,38900
2013-07-26,10.040959358215332,18.149999618530273,18.190000534057617,18.1200008392334,18.1299991607666,10300
2013-07-29,9.974571228027344,18.030000686645508,18.1200008392334,18.020000457763672,18.06999969482422,20900
2013-07-30,9.969039916992188,18.020000457763672,18.18000030517578,17.989999771118164,18.1200008392334,27500
2013-07-31,9.99670124053955,18.06999969482422,18.110000610351562,17.93000030517578,17.959999084472656,22800
2013-08-01,9.913713455200195,17.920000076293945,18.059999465942383,17.899999618530273,18.059999465942383,15400
2013-08-02,9.941376686096191,17.969999313354492,18.09000015258789,17.790000915527344,17.790000915527344,16400
2013-08-05,9.852863311767578,17.809999465942383,17.8700008392334,17.790000915527344,17.81999969482422,27100
2013-08-06,9.78647518157959,17.690000534057617,17.760000228881836,17.68000030517578,17.700000762939453,63200
2013-08-07,9.742218017578125,17.610000610351562,17.75,17.610000610351562,17.75,32300
2013-08-08,9.78094482421875,17.68000030517578,17.75,17.639999389648438,17.75,22300
2013-08-09,9.758813858032227,17.639999389648438,17.729999542236328,17.600000381469727,17.6200008392334,41500
2013-08-12,9.75328254699707,17.6299991607666,17.739999771118164,17.549999237060547,17.549999237060547,59400
2013-08-13,9.747750282287598,17.6200008392334,17.6299991607666,17.530000686645508,17.579999923706055,51800
2013-08-14,9.792008399963379,17.700000762939453,17.729999542236328,17.6200008392334,17.6200008392334,27400
2013-08-15,9.769876480102539,17.65999984741211,17.770000457763672,17.56999969482422,17.610000610351562,40100
2013-08-16,9.78094482421875,17.68000030517578,17.68000030517578,17.559999465942383,17.559999465942383,58600
2013-08-19,9.72562313079834,17.579999923706055,17.6299991607666,17.56999969482422,17.59000015258789,44900
2013-08-20,9.670302391052246,17.479999542236328,17.579999923706055,17.469999313354492,17.549999237060547,46400
2013-08-21,9.653704643249512,17.450000762939453,17.5,17.40999984741211,17.5,73600
2013-08-22,9.626043319702148,17.399999618530273,17.549999237060547,17.399999618530273,17.520000457763672,49200
2013-08-23,9.631575584411621,17.40999984741211,17.450000762939453,17.3799991607666,17.399999618530273,58400
2013-08-26,9.67583179473877,17.489999771118164,17.559999465942383,17.40999984741211,17.450000762939453,45000
2013-08-27,9.66476821899414,17.469999313354492,17.540000915527344,17.40999984741211,17.540000915527344,37000
2013-08-28,9.637105941772461,17.420000076293945,17.5,17.3799991607666,17.3799991607666,31900
2013-08-29,9.631575584411621,17.40999984741211,17.43000030517578,17.290000915527344,17.299999237060547,43700
2013-08-30,9.67583179473877,17.489999771118164,17.520000457763672,17.40999984741211,17.40999984741211,19500
2013-09-03,9.747750282287598,17.6200008392334,17.6200008392334,17.420000076293945,17.420000076293945,33700
2013-09-04,9.681363105773926,17.5,17.639999389648438,17.5,17.549999237060547,24200
2013-09-05,9.64263916015625,17.43000030517578,17.459999084472656,17.420000076293945,17.450000762939453,15000
2013-09-06,9.659235954284668,17.459999084472656,17.469999313354492,17.420000076293945,17.420000076293945,22200
2013-09-09,9.64263916015625,17.43000030517578,17.469999313354492,17.420000076293945,17.43000030517578,33700
2013-09-10,9.681363105773926,17.5,17.5,17.399999618530273,17.40999984741211,16100
2013-09-11,9.659235954284668,17.459999084472656,17.5,17.389999389648438,17.479999542236328,30400
2013-09-12,9.653704643249512,17.450000762939453,17.489999771118164,17.399999618530273,17.399999618530273,24700
2013-09-13,9.626043319702148,17.399999618530273,17.670000076293945,17.299999237060547,17.3799991607666,17200
2013-09-16,9.681363105773926,17.5,17.6200008392334,17.40999984741211,17.40999984741211,52600
2013-09-17,9.681363105773926,17.5,17.510000228881836,17.440000534057617,17.440000534057617,41600
2013-09-18,9.808603286743164,17.729999542236328,17.809999465942383,17.469999313354492,17.479999542236328,39000
2013-09-19,9.78647518157959,17.690000534057617,17.75,17.649999618530273,17.729999542236328,40000
2013-09-20,9.78094482421875,17.68000030517578,17.760000228881836,17.6200008392334,17.760000228881836,32500
2013-09-23,9.758813858032227,17.639999389648438,17.780000686645508,17.639999389648438,17.68000030517578,27100
2013-09-24,9.797539710998535,17.709999084472656,17.709999084472656,17.6200008392334,17.639999389648438,24800
2013-09-25,9.819669723510742,17.75,17.84000015258789,17.68000030517578,17.68000030517578,36400
2013-09-26,9.814136505126953,17.739999771118164,17.920000076293945,17.729999542236328,17.75,35100
2013-09-27,9.803070068359375,17.719999313354492,17.75,17.649999618530273,17.649999618530273,25500
2013-09-30,9.841798782348633,17.790000915527344,17.799999237060547,17.59000015258789,17.59000015258789,29600
2013-10-01,9.841798782348633,17.790000915527344,17.799999237060547,17.709999084472656,17.709999084472656,25000
2013-10-02,9.895149230957031,17.6200008392334,17.790000915527344,17.540000915527344,17.729999542236328,73100
2013-10-03,9.895149230957031,17.6200008392334,17.6299991607666,17.600000381469727,17.600000381469727,32200
2013-10-04,9.867070198059082,17.56999969482422,17.6299991607666,17.540000915527344,17.6200008392334,21100
2013-10-07,9.83337688446045,17.510000228881836,17.600000381469727,17.5,17.600000381469727,26900
2013-10-08,9.8221435546875,17.489999771118164,17.530000686645508,17.459999084472656,17.510000228881836,30400
2013-10-09,9.8221435546875,17.489999771118164,17.579999923706055,17.489999771118164,17.579999923706055,10900
2013-10-10,9.861452102661133,17.559999465942383,17.579999923706055,17.469999313354492,17.469999313354492,21300
2013-10-11,9.889534950256348,17.610000610351562,17.6299991607666,17.559999465942383,17.559999465942383,21200
2013-10-14,9.917611122131348,17.65999984741211,17.75,17.530000686645508,17.530000686645508,19500
2013-10-15,9.91199779510498,17.649999618530273,17.729999542236328,17.6299991607666,17.639999389648438,53400
2013-10-16,9.906379699707031,17.639999389648438,17.690000534057617,17.610000610351562,17.6200008392334,18200
2013-10-17,9.962540626525879,17.739999771118164,17.799999237060547,17.6299991607666,17.6299991607666,18100
2013-10-18,9.956921577453613,17.729999542236328,17.75,17.690000534057617,17.690000534057617,15800
2013-10-21,9.979388236999512,17.770000457763672,17.790000915527344,17.700000762939453,17.729999542236328,28900
2013-10-22,10.013084411621094,17.829999923706055,17.8799991607666,17.799999237060547,17.860000610351562,30200
2013-10-23,10.102932929992676,17.989999771118164,18.040000915527344,17.829999923706055,17.829999923706055,50500
2013-10-24,10.052392959594727,17.899999618530273,17.969999313354492,17.889999389648438,17.93000030517578,30700
2013-10-25,10.063621520996094,17.920000076293945,17.969999313354492,17.8700008392334,17.889999389648438,30800
2013-10-28,10.029929161071777,17.860000610351562,18.0,17.84000015258789,18.0,36000
2013-10-29,10.018697738647461,17.84000015258789,17.90999984741211,17.84000015258789,17.850000381469727,21700
2013-10-30,10.024312019348145,17.850000381469727,17.90999984741211,17.850000381469727,17.850000381469727,20600
2013-10-31,10.024312019348145,17.850000381469727,18.030000686645508,17.850000381469727,17.93000030517578,25200
2013-11-01,10.041160583496094,17.8799991607666,17.90999984741211,17.850000381469727,17.850000381469727,20500
2013-11-04,10.142244338989258,18.059999465942383,18.059999465942383,17.8700008392334,17.899999618530273,36100
2013-11-05,10.170328140258789,18.110000610351562,18.170000076293945,18.010000228881836,18.100000381469727,36700
2013-11-06,10.142244338989258,18.059999465942383,18.18000030517578,18.049999237060547,18.18000030517578,30800
2013-11-07,10.125398635864258,18.030000686645508,18.09000015258789,17.989999771118164,18.049999237060547,35200
2013-11-08,10.069242477416992,17.93000030517578,18.040000915527344,17.889999389648438,17.950000762939453,56900
2013-11-11,10.080470085144043,17.950000762939453,18.100000381469727,17.389999389648438,17.389999389648438,20400
2013-11-12,10.114168167114258,18.010000228881836,18.049999237060547,17.899999618530273,17.899999618530273,17300
2013-11-13,10.15909481048584,18.09000015258789,18.170000076293945,17.940000534057617,17.969999313354492,22000
2013-11-14,10.136629104614258,18.049999237060547,18.149999618530273,18.049999237060547,18.09000015258789,12300
2013-11-15,10.170328140258789,18.110000610351562,18.139999389648438,18.049999237060547,18.139999389648438,43700
2013-11-18,10.175944328308105,18.1200008392334,18.18000030517578,18.079999923706055,18.110000610351562,34100
2013-11-19,10.192790985107422,18.149999618530273,18.15999984741211,18.1200008392334,18.1200008392334,23800
2013-11-20,10.131014823913574,18.040000915527344,18.149999618530273,18.010000228881836,18.1200008392334,13800
2013-11-21,10.052392959594727,17.899999618530273,18.049999237060547,17.899999618530273,18.0,55100
2013-11-22,10.058012008666992,17.90999984741211,17.979999542236328,17.850000381469727,17.899999618530273,53200
2013-11-25,10.097319602966309,17.979999542236328,18.100000381469727,17.90999984741211,17.90999984741211,33000
2013-11-26,10.119782447814941,18.020000457763672,18.059999465942383,17.90999984741211,18.0,51800
2013-11-27,10.147863388061523,18.06999969482422,18.139999389648438,18.010000228881836,18.010000228881836,74000
2013-11-29,10.114168167114258,18.010000228881836,18.09000015258789,17.950000762939453,17.959999084472656,34200
2013-12-02,10.097319602966309,17.979999542236328,18.09000015258789,17.969999313354492,17.969999313354492,51500
2013-12-03,10.013084411621094,17.829999923706055,18.020000457763672,17.829999923706055,17.950000762939453,71400
2013-12-04,10.007466316223145,17.81999969482422,17.889999389648438,17.799999237060547,17.829999923706055,37300
2013-12-05,9.996237754821777,17.799999237060547,17.829999923706055,17.799999237060547,17.809999465942383,45600
2013-12-06,10.04677963256836,17.889999389648438,17.889999389648438,17.780000686645508,17.780000686645508,33000
2013-12-09,10.04677963256836,17.889999389648438,17.989999771118164,17.829999923706055,17.940000534057617,78800
2013-12-10,10.052392959594727,17.899999618530273,17.950000762939453,17.899999618530273,17.90999984741211,55700
2013-12-11,10.058012008666992,17.90999984741211,17.950000762939453,17.899999618530273,17.899999618530273,27500
2013-12-12,10.069242477416992,17.93000030517578,17.950000762939453,17.920000076293945,17.920000076293945,22200
2013-12-13,10.069242477416992,17.93000030517578,18.049999237060547,17.90999984741211,17.93000030517578,63300
2013-12-16,10.102932929992676,17.989999771118164,17.989999771118164,17.899999618530273,17.989999771118164,67600
2013-12-17,10.1912841796875,17.8799991607666,17.959999084472656,17.799999237060547,17.799999237060547,43000
2013-12-18,10.128584861755371,17.770000457763672,17.950000762939453,17.719999313354492,17.850000381469727,67600
2013-12-19,10.111486434936523,17.739999771118164,17.84000015258789,17.68000030517578,17.719999313354492,67900
2013-12-20,10.134284973144531,17.780000686645508,17.860000610351562,17.739999771118164,17.75,60900
2013-12-23,10.276782989501953,18.030000686645508,18.040000915527344,17.799999237060547,17.799999237060547,71800
2013-12-24,10.356576919555664,18.170000076293945,18.170000076293945,18.010000228881836,18.010000228881836,31000
2013-12-26,10.356576919555664,18.170000076293945,18.170000076293945,18.059999465942383,18.170000076293945,37800
2013-12-27,10.356576919555664,18.170000076293945,18.170000076293945,18.059999465942383,18.079999923706055,27300
2013-12-30,10.413576126098633,18.270000457763672,18.420000076293945,18.09000015258789,18.110000610351562,64900
2013-12-31,10.436373710632324,18.309999465942383,18.469999313354492,18.25,18.34000015258789,50200
2014-01-02,10.305279731750488,18.079999923706055,18.440000534057617,18.06999969482422,18.260000228881836,27300
2014-01-03,10.328080177307129,18.1200008392334,18.280000686645508,18.0,18.0,35200
2014-01-06,10.310978889465332,18.09000015258789,18.239999771118164,18.09000015258789,18.219999313354492,23400
2014-01-07,10.328080177307129,18.1200008392334,18.18000030517578,17.989999771118164,18.079999923706055,42700
2014-01-08,10.362277030944824,18.18000030517578,18.399999618530273,18.06999969482422,18.1200008392334,65900
2014-01-09,10.373678207397461,18.200000762939453,18.3700008392334,18.18000030517578,18.190000534057617,51100
2014-01-10,10.379377365112305,18.209999084472656,18.360000610351562,18.170000076293945,18.18000030517578,24600
2014-01-13,10.390776634216309,18.229999542236328,18.260000228881836,18.200000762939453,18.209999084472656,74300
2014-01-14,10.41927433013916,18.280000686645508,18.299999237060547,18.209999084472656,18.229999542236328,44800
2014-01-15,10.42497730255127,18.290000915527344,18.329999923706055,18.219999313354492,18.280000686645508,53100
2014-01-16,10.430678367614746,18.299999237060547,18.440000534057617,18.280000686645508,18.280000686645508,27100
2014-01-17,10.430678367614746,18.299999237060547,18.3799991607666,18.290000915527344,18.299999237060547,19300
2014-01-21,10.538972854614258,18.489999771118164,18.489999771118164,18.299999237060547,18.309999465942383,13900
2014-01-22,10.56177043914795,18.530000686645508,18.68000030517578,18.489999771118164,18.549999237060547,50000
2014-01-23,10.607369422912598,18.610000610351562,18.75,18.5,18.579999923706055,33400
2014-01-24,10.59597110748291,18.59000015258789,18.84000015258789,18.56999969482422,18.690000534057617,27400
2014-01-27,10.56177043914795,18.530000686645508,18.579999923706055,18.5,18.549999237060547,21500
2014-01-28,10.567473411560059,18.540000915527344,18.670000076293945,18.520000457763672,18.520000457763672,32600
2014-01-29,10.550374984741211,18.510000228881836,18.65999984741211,18.5,18.540000915527344,24200
2014-01-30,10.527570724487305,18.469999313354492,18.520000457763672,18.40999984741211,18.520000457763672,63800
2014-01-31,10.516170501708984,18.450000762939453,18.540000915527344,18.450000762939453,18.469999313354492,41100
2014-02-03,10.476272583007812,18.3799991607666,18.6299991607666,18.360000610351562,18.459999084472656,45100
2014-02-04,10.516170501708984,18.450000762939453,18.510000228881836,18.3799991607666,18.3799991607666,36500
2014-02-05,10.516170501708984,18.450000762939453,18.549999237060547,18.450000762939453,18.450000762939453,34800
2014-02-06,10.49337387084961,18.40999984741211,18.6200008392334,18.399999618530273,18.459999084472656,83500
2014-02-07,10.521873474121094,18.459999084472656,18.540000915527344,18.399999618530273,18.43000030517578,22500
2014-02-10,10.533270835876465,18.479999542236328,18.6200008392334,18.450000762939453,18.450000762939453,49200
2014-02-11,10.556068420410156,18.520000457763672,18.559999465942383,18.440000534057617,18.479999542236328,63400
2014-02-12,10.516170501708984,18.450000762939453,18.559999465942383,18.450000762939453,18.479999542236328,28000
2014-02-13,10.516170501708984,18.450000762939453,18.579999923706055,18.450000762939453,18.450000762939453,41500
2014-02-14,10.550374984741211,18.510000228881836,18.520000457763672,18.450000762939453,18.450000762939453,27600
2014-02-18,10.56177043914795,18.530000686645508,18.549999237060547,18.5,18.5,18700
2014-02-19,10.687171936035156,18.75,18.75,18.540000915527344,18.540000915527344,54600
2014-02-20,10.681468963623047,18.739999771118164,18.850000381469727,18.709999084472656,18.729999542236328,34600
2014-02-21,10.69286823272705,18.760000228881836,18.8799991607666,18.729999542236328,18.75,22300
2014-02-24,10.744166374206543,18.850000381469727,18.920000076293945,18.760000228881836,18.760000228881836,15700
2014-02-25,10.801163673400879,18.950000762939453,18.950000762939453,18.75,18.799999237060547,52800
2014-02-26,10.795462608337402,18.940000534057617,18.959999084472656,18.81999969482422,18.8700008392334,46700
2014-02-27,10.795462608337402,18.940000534057617,19.110000610351562,18.920000076293945,18.920000076293945,65900
2014-02-28,10.772664070129395,18.899999618530273,18.940000534057617,18.8700008392334,18.8700008392334,17500
2014-03-03,10.7669677734375,18.889999389648438,18.959999084472656,18.809999465942383,18.809999465942383,35200
2014-03-04,10.761263847351074,18.8799991607666,18.989999771118164,18.850000381469727,18.850000381469727,47700
2014-03-05,10.761263847351074,18.8799991607666,18.90999984741211,18.850000381469727,18.8799991607666,23800
2014-03-06,10.761263847351074,18.8799991607666,18.889999389648438,18.8799991607666,18.8799991607666,16800
2014-03-07,10.704263687133789,18.780000686645508,18.90999984741211,18.760000228881836,18.90999984741211,35500
2014-03-10,10.715666770935059,18.799999237060547,18.90999984741211,18.6299991607666,18.729999542236328,27900
2014-03-11,10.749865531921387,18.860000610351562,18.959999084472656,18.799999237060547,18.799999237060547,41100
2014-03-12,10.801163673400879,18.950000762939453,19.100000381469727,18.860000610351562,18.860000610351562,42200
2014-03-13,10.806859970092773,18.959999084472656,19.0,18.899999618530273,18.920000076293945,18600
2014-03-14,10.795462608337402,18.940000534057617,19.09000015258789,18.90999984741211,18.940000534057617,78400
2014-03-17,10.83536434173584,19.010000228881836,19.09000015258789,18.920000076293945,18.940000534057617,35900
2014-03-18,10.818262100219727,18.979999542236328,18.979999542236328,18.93000030517578,18.93000030517578,34800
2014-03-19,10.772664070129395,18.899999618530273,19.0,18.8700008392334,18.979999542236328,29600
2014-03-20,10.744166374206543,18.850000381469727,18.93000030517578,18.84000015258789,18.899999618530273,25800
2014-03-21,10.82966423034668,19.0,19.059999465942383,18.8799991607666,18.920000076293945,14100
2014-03-24,10.82966423034668,19.0,19.06999969482422,18.899999618530273,19.0,48700
2014-03-25,10.818262100219727,18.979999542236328,19.040000915527344,18.90999984741211,18.920000076293945,30400
2014-03-26,10.818262100219727,18.979999542236328,19.079999923706055,18.940000534057617,18.940000534057617,47900
2014-03-27,10.858158111572266,19.049999237060547,19.06999969482422,18.979999542236328,19.030000686645508,28500
2014-03-28,10.880964279174805,19.09000015258789,19.25,19.040000915527344,19.040000915527344,54100
2014-03-31,11.069059371948242,19.420000076293945,19.420000076293945,19.100000381469727,19.100000381469727,119200
2014-04-01,11.029157638549805,19.350000381469727,19.399999618530273,19.139999389648438,19.399999618530273,33000
2014-04-02,10.985814094543457,19.010000228881836,19.219999313354492,18.889999389648438,18.979999542236328,52400
2014-04-03,10.97425651550293,18.989999771118164,19.190000534057617,18.8799991607666,19.190000534057617,49500
2014-04-04,10.962698936462402,18.969999313354492,19.09000015258789,18.93000030517578,18.950000762939453,19500
2014-04-07,11.066720962524414,19.149999618530273,19.239999771118164,18.989999771118164,19.059999465942383,65200
2014-04-08,11.037827491760254,19.100000381469727,19.100000381469727,19.030000686645508,19.059999465942383,66400
2014-04-09,11.136066436767578,19.270000457763672,19.280000686645508,19.030000686645508,19.040000915527344,13700
2014-04-10,11.003151893615723,19.040000915527344,19.229999542236328,19.010000228881836,19.200000762939453,82800
2014-04-11,10.99159049987793,19.020000457763672,19.059999465942383,19.0,19.0,18800
2014-04-14,10.980037689208984,19.0,19.049999237060547,19.0,19.0,22200
2014-04-15,11.020488739013672,19.06999969482422,19.079999923706055,18.969999313354492,19.049999237060547,32600
2014-04-16,11.107173919677734,19.219999313354492,19.270000457763672,18.950000762939453,19.1299991607666,14600
2014-04-17,11.049383163452148,19.1200008392334,19.329999923706055,19.110000610351562,19.209999084472656,78300
2014-04-21,11.176517486572266,19.34000015258789,19.360000610351562,19.030000686645508,19.190000534057617,68800
2014-04-22,11.17073917388916,19.329999923706055,19.440000534057617,19.059999465942383,19.34000015258789,56700
2014-04-23,11.193857192993164,19.3700008392334,19.479999542236328,19.25,19.25,46800
2014-04-24,11.211190223693848,19.399999618530273,19.43000030517578,19.360000610351562,19.43000030517578,15500
2014-04-25,11.257426261901855,19.479999542236328,19.540000915527344,19.31999969482422,19.31999969482422,43700
2014-04-28,11.332551956176758,19.610000610351562,19.969999313354492,19.43000030517578,19.6299991607666,74300
2014-04-29,11.326773643493652,19.600000381469727,19.780000686645508,19.549999237060547,19.75,17800
2014-04-30,11.33833122253418,19.6200008392334,19.68000030517578,19.559999465942383,19.68000030517578,14700
2014-05-01,11.459687232971191,19.829999923706055,19.8700008392334,19.639999389648438,19.709999084472656,35600
2014-05-02,11.44813060760498,19.809999465942383,19.8700008392334,19.780000686645508,19.81999969482422,15500
2014-05-05,11.453912734985352,19.81999969482422,19.84000015258789,19.739999771118164,19.739999771118164,19900
2014-05-06,11.222753524780273,19.420000076293945,19.809999465942383,19.40999984741211,19.75,43000
2014-05-07,11.263203620910645,19.489999771118164,19.729999542236328,19.399999618530273,19.40999984741211,44500
2014-05-08,11.228529930114746,19.43000030517578,19.540000915527344,19.399999618530273,19.540000915527344,29000
2014-05-09,11.228529930114746,19.43000030517578,19.469999313354492,19.399999618530273,19.420000076293945,32800
2014-05-12,11.297879219055176,19.549999237060547,19.600000381469727,19.389999389648438,19.399999618530273,21300
2014-05-13,11.257426261901855,19.479999542236328,19.579999923706055,19.360000610351562,19.540000915527344,85300
2014-05-14,11.297879219055176,19.549999237060547,19.56999969482422,19.469999313354492,19.469999313354492,15900
2014-05-15,11.274762153625488,19.510000228881836,19.610000610351562,19.459999084472656,19.540000915527344,21700
2014-05-16,11.33833122253418,19.6200008392334,19.670000076293945,19.479999542236328,19.56999969482422,60200
2014-05-19,11.344112396240234,19.6299991607666,19.68000030517578,19.579999923706055,19.6200008392334,24900
2014-05-20,11.367226600646973,19.670000076293945,19.670000076293945,19.6299991607666,19.670000076293945,9500
2014-05-21,11.367226600646973,19.670000076293945,19.700000762939453,19.649999618530273,19.700000762939453,40800
2014-05-22,11.413458824157715,19.75,19.790000915527344,19.670000076293945,19.700000762939453,34700
2014-05-23,11.436575889587402,19.790000915527344,19.84000015258789,19.75,19.799999237060547,18300
2014-05-27,11.494365692138672,19.889999389648438,19.899999618530273,19.75,19.75,26800
2014-05-28,11.609946250915527,20.09000015258789,20.1200008392334,19.8799991607666,19.8799991607666,14500
2014-05-29,11.633056640625,20.1299991607666,20.219999313354492,20.020000457763672,20.100000381469727,36700
2014-05-30,11.644612312316895,20.149999618530273,20.15999984741211,20.040000915527344,20.040000915527344,21100
2014-06-02,11.46546459197998,19.84000015258789,20.100000381469727,19.799999237060547,20.100000381469727,20600
2014-06-03,11.413458824157715,19.75,19.850000381469727,19.719999313354492,19.75,25500
2014-06-04,11.407674789428711,19.739999771118164,19.770000457763672,19.6299991607666,19.649999618530273,46500
2014-06-05,11.344112396240234,19.6299991607666,19.719999313354492,19.579999923706055,19.649999618530273,46700
2014-06-06,11.33833122253418,19.6200008392334,19.65999984741211,19.530000686645508,19.56999969482422,47400
2014-06-09,11.320993423461914,19.59000015258789,19.690000534057617,19.520000457763672,19.520000457763672,39600
2014-06-10,11.552153587341309,19.989999771118164,20.010000228881836,19.549999237060547,19.59000015258789,21300
2014-06-11,11.401900291442871,19.729999542236328,20.09000015258789,19.610000610351562,19.940000534057617,78600
2014-06-12,11.407674789428711,19.739999771118164,19.75,19.559999465942383,19.700000762939453,31700
2014-06-13,11.384561538696289,19.700000762939453,19.719999313354492,19.579999923706055,19.719999313354492,11300
2014-06-16,11.419239044189453,19.760000228881836,19.860000610351562,19.6200008392334,19.670000076293945,45100
2014-06-17,11.425013542175293,19.770000457763672,19.899999618530273,19.700000762939453,19.760000228881836,17400
2014-06-18,11.401900291442871,19.729999542236328,19.780000686645508,19.510000228881836,19.68000030517578,18500
2014-06-19,11.413458824157715,19.75,19.860000610351562,19.739999771118164,19.850000381469727,9800
2014-06-20,11.413458824157715,19.75,19.790000915527344,19.700000762939453,19.780000686645508,11600
2014-06-23,11.407674789428711,19.739999771118164,19.75,19.700000762939453,19.700000762939453,16400
2014-06-24,11.47702407836914,19.860000610351562,19.899999618530273,19.690000534057617,19.690000534057617,22200
2014-06-25,11.650394439697266,20.15999984741211,20.190000534057617,19.780000686645508,19.959999084472656,27700
2014-06-26,11.685070991516113,20.219999313354492,20.219999313354492,20.06999969482422,20.06999969482422,27300
2014-06-27,11.708185195922852,20.260000228881836,20.270000457763672,20.139999389648438,20.200000762939453,15200
2014-06-30,11.638833999633789,20.139999389648438,20.260000228881836,20.059999465942383,20.149999618530273,28000
2014-07-01,11.656173706054688,20.170000076293945,20.200000762939453,20.110000610351562,20.200000762939453,16200
2014-07-02,11.609946250915527,20.09000015258789,20.31999969482422,20.06999969482422,20.170000076293945,12400
2014-07-03,11.529037475585938,19.950000762939453,19.989999771118164,19.81999969482422,19.979999542236328,7600
2014-07-07,11.511700630187988,19.920000076293945,20.09000015258789,19.760000228881836,20.09000015258789,63600
2014-07-08,11.453912734985352,19.81999969482422,19.889999389648438,19.760000228881836,19.8799991607666,23200
2014-07-09,11.488581657409668,19.8799991607666,19.989999771118164,19.760000228881836,19.81999969482422,28500
2014-07-10,11.436575889587402,19.790000915527344,19.920000076293945,19.780000686645508,19.8700008392334,40000
2014-07-11,11.46546459197998,19.84000015258789,19.889999389648438,19.81999969482422,19.8799991607666,25000
2014-07-14,11.500139236450195,19.899999618530273,19.979999542236328,19.860000610351562,19.940000534057617,32100
2014-07-15,11.511700630187988,19.920000076293945,19.969999313354492,19.8700008392334,19.969999313354492,13700
2014-07-16,11.523258209228516,19.940000534057617,19.979999542236328,19.899999618530273,19.940000534057617,11200
2014-07-17,11.581048965454102,20.040000915527344,20.09000015258789,19.920000076293945,19.93000030517578,35000
2014-07-18,11.621499061584473,20.110000610351562,20.209999084472656,20.020000457763672,20.09000015258789,18400
2014-07-21,11.505924224853516,19.90999984741211,20.200000762939453,19.899999618530273,20.09000015258789,51400
2014-07-22,11.505924224853516,19.90999984741211,19.959999084472656,19.899999618530273,19.899999618530273,16900
2014-07-23,11.561558723449707,19.739999771118164,19.850000381469727,19.65999984741211,19.65999984741211,86000
2014-07-24,11.508849143981934,19.649999618530273,19.760000228881836,19.639999389648438,19.75,9000
2014-07-25,11.432713508605957,19.520000457763672,19.610000610351562,19.469999313354492,19.559999465942383,19800
2014-07-28,11.338998794555664,19.360000610351562,19.530000686645508,19.209999084472656,19.469999313354492,96600
2014-07-29,11.28628921508789,19.270000457763672,19.3799991607666,19.260000228881836,19.3799991607666,30200
2014-07-30,11.175004959106445,19.079999923706055,19.219999313354492,19.079999923706055,19.190000534057617,26400
2014-07-31,11.087153434753418,18.93000030517578,19.1299991607666,18.84000015258789,19.1299991607666,41100
2014-08-01,11.139863014221191,19.020000457763672,19.020000457763672,18.90999984741211,18.90999984741211,18300
2014-08-04,11.12229061126709,18.989999771118164,19.030000686645508,18.950000762939453,19.010000228881836,57700
2014-08-05,11.134005546569824,19.010000228881836,19.059999465942383,18.940000534057617,18.979999542236328,30600
2014-08-06,11.192575454711914,19.110000610351562,19.110000610351562,18.979999542236328,19.020000457763672,29800
2014-08-07,11.198431015014648,19.1200008392334,19.229999542236328,19.079999923706055,19.209999084472656,18200
2014-08-08,11.192575454711914,19.110000610351562,19.139999389648438,19.030000686645508,19.110000610351562,19500
2014-08-11,11.309713363647461,19.309999465942383,19.309999465942383,18.969999313354492,19.06999969482422,16000
2014-08-12,11.303855895996094,19.299999237060547,19.3799991607666,19.290000915527344,19.299999237060547,10000
2014-08-13,11.28628921508789,19.270000457763672,19.389999389648438,19.229999542236328,19.3799991607666,15200
2014-08-14,11.321425437927246,19.329999923706055,19.3700008392334,19.260000228881836,19.299999237060547,14000
2014-08-15,11.333142280578613,19.350000381469727,19.350000381469727,19.309999465942383,19.34000015258789,43500
2014-08-18,11.315569877624512,19.31999969482422,19.350000381469727,19.299999237060547,19.350000381469727,8400
2014-08-19,11.356572151184082,19.389999389648438,19.389999389648438,19.329999923706055,19.34000015258789,8600
2014-08-20,11.36828327178955,19.40999984741211,19.43000030517578,19.3700008392334,19.389999389648438,8100
2014-08-21,11.420997619628906,19.5,19.559999465942383,19.40999984741211,19.40999984741211,25000
2014-08-22,11.333142280578613,19.350000381469727,19.479999542236328,19.350000381469727,19.479999542236328,12800
2014-08-25,11.432713508605957,19.520000457763672,19.600000381469727,19.270000457763672,19.3700008392334,18200
2014-08-26,11.514703750610352,19.65999984741211,19.670000076293945,19.489999771118164,19.540000915527344,37500
2014-08-27,11.526419639587402,19.68000030517578,19.709999084472656,19.610000610351562,19.610000610351562,30600
2014-08-28,11.514703750610352,19.65999984741211,19.780000686645508,19.459999084472656,19.579999923706055,22000
2014-08-29,11.473706245422363,19.59000015258789,19.760000228881836,19.459999084472656,19.600000381469727,20100
2014-09-02,11.456134796142578,19.559999465942383,19.579999923706055,19.459999084472656,19.540000915527344,16700
2014-09-03,11.508849143981934,19.649999618530273,19.889999389648438,19.5,19.649999618530273,35700
2014-09-04,11.444424629211426,19.540000915527344,19.610000610351562,19.5,19.559999465942383,19000
2014-09-05,11.444424629211426,19.540000915527344,19.59000015258789,19.479999542236328,19.549999237060547,19300
2014-09-08,11.444424629211426,19.540000915527344,19.540000915527344,19.420000076293945,19.440000534057617,20300
2014-09-09,11.420997619628906,19.5,19.520000457763672,19.440000534057617,19.440000534057617,12200
2014-09-10,11.520564079284668,19.670000076293945,19.670000076293945,19.43000030517578,19.43000030517578,24300
2014-09-11,11.514703750610352,19.65999984741211,19.709999084472656,19.56999969482422,19.59000015258789,20000
2014-09-12,11.491280555725098,19.6200008392334,19.65999984741211,19.549999237060547,19.610000610351562,20100
2014-09-15,11.374140739440918,19.420000076293945,19.6200008392334,19.3700008392334,19.540000915527344,21700
2014-09-16,11.379996299743652,19.43000030517578,19.5,19.34000015258789,19.420000076293945,13800
2014-09-17,11.520564079284668,19.670000076293945,19.670000076293945,19.489999771118164,19.520000457763672,24900
2014-09-18,11.520564079284668,19.670000076293945,19.790000915527344,19.610000610351562,19.65999984741211,22100
2014-09-19,11.514703750610352,19.65999984741211,19.709999084472656,19.520000457763672,19.6200008392334,23500
2014-09-22,11.567420959472656,19.75,19.760000228881836,19.6299991607666,19.760000228881836,24100
2014-09-23,11.637701988220215,19.8700008392334,19.889999389648438,19.639999389648438,19.68000030517578,12900
2014-09-24,11.620133399963379,19.84000015258789,19.850000381469727,19.780000686645508,19.850000381469727,13900
2014-09-25,11.573274612426758,19.760000228881836,19.829999923706055,19.68000030517578,19.81999969482422,15800
2014-09-26,11.614274024963379,19.829999923706055,19.829999923706055,19.68000030517578,19.780000686645508,14400
2014-09-29,11.584993362426758,19.780000686645508,19.829999923706055,19.709999084472656,19.829999923706055,19100
2014-09-30,11.567420959472656,19.75,19.829999923706055,19.530000686645508,19.829999923706055,22700
2014-10-01,11.540704727172852,19.440000534057617,19.489999771118164,19.3799991607666,19.489999771118164,11300
2014-10-02,11.546643257141113,19.450000762939453,19.540000915527344,19.360000610351562,19.360000610351562,25800
2014-10-03,11.56445026397705,19.479999542236328,19.610000610351562,19.440000534057617,19.610000610351562,15100
2014-10-06,11.56445026397705,19.479999542236328,19.5,19.420000076293945,19.489999771118164,32700
2014-10-07,11.552576065063477,19.459999084472656,19.5,19.399999618530273,19.5,20200
2014-10-08,11.540704727172852,19.440000534057617,19.469999313354492,19.309999465942383,19.440000534057617,17000
2014-10-09,11.570383071899414,19.489999771118164,19.549999237060547,19.3700008392334,19.399999618530273,38300
2014-10-10,11.60600757598877,19.549999237060547,19.56999969482422,19.40999984741211,19.40999984741211,19500
2014-10-13,11.736611366271973,19.770000457763672,19.780000686645508,19.440000534057617,19.510000228881836,27500
2014-10-14,11.65943431854248,19.639999389648438,19.950000762939453,19.59000015258789,19.700000762939453,23600
2014-10-15,11.641627311706543,19.610000610351562,19.690000534057617,19.510000228881836,19.690000534057617,16100
2014-10-16,11.594135284423828,19.530000686645508,19.649999618530273,19.399999618530273,19.399999618530273,48400
2014-10-17,11.570383071899414,19.489999771118164,19.75,19.489999771118164,19.670000076293945,16100
2014-10-20,11.594135284423828,19.530000686645508,19.579999923706055,19.450000762939453,19.489999771118164,9300
2014-10-21,11.570383071899414,19.489999771118164,19.59000015258789,19.479999542236328,19.520000457763672,11500
2014-10-22,11.635689735412598,19.600000381469727,19.75,19.510000228881836,19.600000381469727,14200
2014-10-23,11.724739074707031,19.75,19.81999969482422,19.600000381469727,19.610000610351562,52900
2014-10-24,11.635689735412598,19.600000381469727,19.829999923706055,19.549999237060547,19.829999923706055,11000
2014-10-27,11.617879867553711,19.56999969482422,19.68000030517578,19.56999969482422,19.6200008392334,22700
2014-10-28,11.617879867553711,19.56999969482422,19.610000610351562,19.56999969482422,19.56999969482422,8500
2014-10-29,11.611943244934082,19.559999465942383,19.600000381469727,19.510000228881836,19.549999237060547,16800
2014-10-30,11.582260131835938,19.510000228881836,19.579999923706055,19.5,19.579999923706055,20700
2014-10-31,11.594135284423828,19.530000686645508,19.579999923706055,19.5,19.579999923706055,21000
2014-11-03,11.730676651000977,19.760000228881836,19.760000228881836,19.579999923706055,19.610000610351562,29300
2014-11-04,11.74848747253418,19.790000915527344,19.790000915527344,19.75,19.770000457763672,17400
2014-11-05,11.754424095153809,19.799999237060547,19.8700008392334,19.760000228881836,19.799999237060547,27000
2014-11-06,11.671309471130371,19.65999984741211,19.75,19.600000381469727,19.68000030517578,17300
2014-11-07,11.683185577392578,19.68000030517578,19.719999313354492,19.559999465942383,19.610000610351562,15000
2014-11-10,11.635689735412598,19.600000381469727,19.739999771118164,19.579999923706055,19.739999771118164,12800
2014-11-11,11.677245140075684,19.670000076293945,19.68000030517578,19.549999237060547,19.68000030517578,20800
2014-11-12,11.69505500793457,19.700000762939453,19.790000915527344,19.610000610351562,19.68000030517578,35000
2014-11-13,11.635689735412598,19.600000381469727,19.709999084472656,19.59000015258789,19.709999084472656,13200
2014-11-14,11.653497695922852,19.6299991607666,19.68000030517578,19.600000381469727,19.65999984741211,17000
2014-11-17,11.576325416564941,19.5,19.649999618530273,19.5,19.649999618530273,31500
2014-11-18,11.617879867553711,19.56999969482422,19.6299991607666,19.5,19.600000381469727,26600
2014-11-19,11.641627311706543,19.610000610351562,19.639999389648438,19.440000534057617,19.440000534057617,20200
2014-11-20,11.641627311706543,19.610000610351562,19.6200008392334,19.549999237060547,19.610000610351562,22600
2014-11-21,11.724739074707031,19.75,19.75,19.579999923706055,19.610000610351562,62900
2014-11-24,11.677245140075684,19.670000076293945,19.739999771118164,19.56999969482422,19.670000076293945,28900
2014-11-25,11.778166770935059,19.84000015258789,19.940000534057617,19.600000381469727,19.600000381469727,33700
2014-11-26,11.813785552978516,19.899999618530273,19.899999618530273,19.790000915527344,19.790000915527344,15700
2014-11-28,11.84347152709961,19.950000762939453,19.950000762939453,19.860000610351562,19.860000610351562,10200
2014-12-01,11.813785552978516,19.899999618530273,19.940000534057617,19.84000015258789,19.850000381469727,12700
2014-12-02,11.730676651000977,19.760000228881836,19.860000610351562,19.75,19.799999237060547,18000
2014-12-03,11.718795776367188,19.739999771118164,19.809999465942383,19.6299991607666,19.65999984741211,26800
2014-12-04,11.730676651000977,19.760000228881836,19.790000915527344,19.600000381469727,19.790000915527344,30100
2014-12-05,11.594135284423828,19.530000686645508,19.75,19.510000228881836,19.690000534057617,25400
2014-12-08,11.552576065063477,19.459999084472656,19.56999969482422,19.43000030517578,19.530000686645508,34200
2014-12-09,11.546643257141113,19.450000762939453,19.56999969482422,19.43000030517578,19.5,22500
2014-12-10,11.600069999694824,19.540000915527344,19.899999618530273,19.350000381469727,19.350000381469727,55200
2014-12-11,11.617879867553711,19.56999969482422,19.770000457763672,19.420000076293945,19.65999984741211,42100
2014-12-12,11.635689735412598,19.600000381469727,19.600000381469727,19.280000686645508,19.450000762939453,60400
2014-12-15,11.647562026977539,19.6200008392334,19.739999771118164,19.450000762939453,19.600000381469727,33600
2014-12-16,11.570383071899414,19.489999771118164,19.600000381469727,19.31999969482422,19.600000381469727,25000
2014-12-17,11.600069999694824,19.540000915527344,19.549999237060547,19.459999084472656,19.549999237060547,34500
2014-12-18,11.588197708129883,19.520000457763672,19.600000381469727,19.450000762939453,19.549999237060547,49800
2014-12-19,11.570383071899414,19.489999771118164,19.56999969482422,19.459999084472656,19.540000915527344,24900
2014-12-22,11.531267166137695,19.15999984741211,19.25,19.139999389648438,19.25,21000
2014-12-23,11.57339859008789,19.229999542236328,19.290000915527344,19.1299991607666,19.290000915527344,18800
2014-12-24,11.56737995147705,19.219999313354492,19.299999237060547,19.18000030517578,19.270000457763672,11700
2014-12-26,11.633578300476074,19.329999923706055,19.350000381469727,19.149999618530273,19.149999618530273,14600
2014-12-29,11.57339859008789,19.229999542236328,19.34000015258789,19.229999542236328,19.299999237060547,16900
2014-12-30,11.495157241821289,19.100000381469727,19.229999542236328,19.079999923706055,19.209999084472656,25400
2014-12-31,11.639599800109863,19.34000015258789,19.34000015258789,19.049999237060547,19.100000381469727,15100
2015-01-02,11.56737995147705,19.219999313354492,19.309999465942383,19.15999984741211,19.309999465942383,20700
2015-01-05,11.555342674255371,19.200000762939453,19.260000228881836,19.15999984741211,19.219999313354492,27900
2015-01-06,11.555342674255371,19.200000762939453,19.280000686645508,19.200000762939453,19.200000762939453,21400
2015-01-07,11.609508514404297,19.290000915527344,19.31999969482422,19.229999542236328,19.229999542236328,13800
2015-01-08,11.687749862670898,19.420000076293945,19.440000534057617,19.290000915527344,19.290000915527344,14900
2015-01-09,11.759966850280762,19.540000915527344,19.600000381469727,19.389999389648438,19.389999389648438,29800
2015-01-12,11.778021812438965,19.56999969482422,19.670000076293945,19.520000457763672,19.540000915527344,19600
2015-01-13,11.784039497375488,19.579999923706055,19.940000534057617,19.540000915527344,19.56999969482422,21300
2015-01-14,11.765985488891602,19.549999237060547,19.579999923706055,19.329999923706055,19.329999923706055,21900
2015-01-15,11.790060043334961,19.59000015258789,19.850000381469727,19.59000015258789,19.850000381469727,35700
2015-01-16,11.814133644104004,19.6299991607666,19.719999313354492,19.510000228881836,19.700000762939453,20900
2015-01-20,11.814133644104004,19.6299991607666,19.709999084472656,19.600000381469727,19.600000381469727,13300
2015-01-21,11.976630210876465,19.899999618530273,19.940000534057617,19.6200008392334,19.6299991607666,47600
2015-01-22,11.976630210876465,19.899999618530273,19.90999984741211,19.850000381469727,19.90999984741211,19700
2015-01-23,11.934502601623535,19.829999923706055,19.940000534057617,19.81999969482422,19.920000076293945,24900
2015-01-26,11.946537017822266,19.850000381469727,19.850000381469727,19.760000228881836,19.850000381469727,20500
2015-01-27,11.90440845489502,19.780000686645508,19.940000534057617,19.760000228881836,19.8700008392334,26500
2015-01-28,11.928483963012695,19.81999969482422,19.84000015258789,19.760000228881836,19.81999969482422,17500
2015-01-29,11.940518379211426,19.84000015258789,19.8799991607666,19.719999313354492,19.8799991607666,18500
2015-01-30,11.862279891967773,19.709999084472656,19.93000030517578,19.68000030517578,19.860000610351562,20900
2015-02-02,11.922464370727539,19.809999465942383,19.829999923706055,19.610000610351562,19.770000457763672,34600
2015-02-03,11.928483963012695,19.81999969482422,19.829999923706055,19.68000030517578,19.75,40000
2015-02-04,11.838204383850098,19.670000076293945,19.90999984741211,19.670000076293945,19.75,43700
2015-02-05,11.850242614746094,19.690000534057617,19.760000228881836,19.610000610351562,19.649999618530273,46200
2015-02-06,11.778021812438965,19.56999969482422,19.729999542236328,19.520000457763672,19.690000534057617,20600
2015-02-09,11.790060043334961,19.59000015258789,19.920000076293945,19.5,19.5,44900
2015-02-10,11.735896110534668,19.5,19.709999084472656,19.5,19.65999984741211,20800
2015-02-11,11.747932434082031,19.520000457763672,19.549999237060547,19.459999084472656,19.510000228881836,18000
2015-02-12,11.747932434082031,19.520000457763672,19.549999237060547,19.5,19.540000915527344,22400
2015-02-13,11.765985488891602,19.549999237060547,19.549999237060547,19.5,19.540000915527344,21600
2015-02-17,11.651638984680176,19.360000610351562,19.549999237060547,19.360000610351562,19.549999237060547,19100
2015-02-18,11.615525245666504,19.299999237060547,19.3799991607666,19.239999771118164,19.3799991607666,27800
2015-02-19,11.705802917480469,19.450000762939453,19.510000228881836,19.270000457763672,19.3700008392334,23600
2015-02-20,11.735896110534668,19.5,19.559999465942383,19.420000076293945,19.540000915527344,23400
2015-02-23,11.796080589294434,19.600000381469727,19.600000381469727,19.459999084472656,19.559999465942383,15500
2015-02-24,11.856260299682617,19.700000762939453,19.75,19.530000686645508,19.559999465942383,38900
2015-02-25,11.862279891967773,19.709999084472656,19.719999313354492,19.610000610351562,19.700000762939453,20100
2015-02-26,11.862279891967773,19.709999084472656,19.719999313354492,19.6200008392334,19.719999313354492,10600
2015-02-27,11.892374038696289,19.760000228881836,19.760000228881836,19.65999984741211,19.709999084472656,13100
2015-03-02,11.886356353759766,19.75,19.8700008392334,19.700000762939453,19.809999465942383,28200
2015-03-03,11.898390769958496,19.770000457763672,19.829999923706055,19.729999542236328,19.729999542236328,26100
2015-03-04,11.802098274230957,19.610000610351562,19.809999465942383,19.610000610351562,19.729999542236328,16800
2015-03-05,11.862279891967773,19.709999084472656,19.709999084472656,19.6200008392334,19.65999984741211,21200
2015-03-06,11.69376277923584,19.43000030517578,19.600000381469727,19.43000030517578,19.600000381469727,16000
2015-03-09,11.64561939239502,19.350000381469727,19.510000228881836,19.329999923706055,19.510000228881836,23900
2015-03-10,11.705802917480469,19.450000762939453,19.610000610351562,19.420000076293945,19.420000076293945,18600
2015-03-11,11.717840194702148,19.469999313354492,19.5,19.440000534057617,19.440000534057617,11900
2015-03-12,11.681726455688477,19.40999984741211,19.56999969482422,19.40999984741211,19.469999313354492,14500
2015-03-13,11.669690132141113,19.389999389648438,19.440000534057617,19.3799991607666,19.40999984741211,11900
2015-03-16,11.663673400878906,19.3799991607666,19.549999237060547,19.3700008392334,19.469999313354492,17600
2015-03-17,11.753951072692871,19.530000686645508,19.540000915527344,19.389999389648438,19.43000030517578,15400
2015-03-18,11.778021812438965,19.56999969482422,19.6299991607666,19.530000686645508,19.579999923706055,31500
2015-03-19,11.729872703552246,19.489999771118164,19.56999969482422,19.360000610351562,19.56999969482422,19000
2015-03-20,11.850242614746094,19.690000534057617,19.690000534057617,19.510000228881836,19.559999465942383,12100
2015-03-23,11.862279891967773,19.709999084472656,19.809999465942383,19.600000381469727,19.6200008392334,15200
2015-03-24,11.934502601623535,19.829999923706055,19.829999923706055,19.670000076293945,19.709999084472656,13200
2015-03-25,11.952554702758789,19.860000610351562,19.920000076293945,19.809999465942383,19.829999923706055,32400
2015-03-26,11.898390769958496,19.770000457763672,19.940000534057617,19.579999923706055,19.860000610351562,28200
2015-03-27,11.958575248718262,19.8700008392334,19.8700008392334,19.719999313354492,19.719999313354492,15100
2015-03-30,12.097001075744629,20.100000381469727,20.209999084472656,20.06999969482422,20.06999969482422,27400
2015-03-31,12.042830467224121,20.010000228881836,20.100000381469727,19.950000762939453,20.09000015258789,18000
2015-04-01,12.0849609375,20.079999923706055,20.079999923706055,19.899999618530273,20.049999237060547,22500
2015-04-02,12.066906929016113,20.049999237060547,20.079999923706055,19.979999542236328,19.979999542236328,7400
2015-04-06,12.094352722167969,19.829999923706055,19.899999618530273,19.81999969482422,19.889999389648438,13400
2015-04-07,12.143146514892578,19.90999984741211,19.90999984741211,19.860000610351562,19.8799991607666,14600
2015-04-08,12.08825397491455,19.81999969482422,19.90999984741211,19.809999465942383,19.84000015258789,11700
2015-04-09,12.076054573059082,19.799999237060547,19.8700008392334,19.780000686645508,19.8700008392334,7000
2015-04-10,12.106551170349121,19.850000381469727,19.8700008392334,19.799999237060547,19.8700008392334,10700
2015-04-13,12.143146514892578,19.90999984741211,19.90999984741211,19.829999923706055,19.899999618530273,9700
2015-04-14,12.076054573059082,19.799999237060547,20.0,19.75,19.920000076293945,17200
2015-04-15,12.027262687683105,19.719999313354492,19.850000381469727,19.700000762939453,19.850000381469727,19100
2015-04-16,12.039459228515625,19.739999771118164,19.81999969482422,19.610000610351562,19.81999969482422,21300
2015-04-17,12.057757377624512,19.770000457763672,19.799999237060547,19.709999084472656,19.780000686645508,21300
2015-04-20,12.112648010253906,19.860000610351562,19.90999984741211,19.75,19.790000915527344,23500
2015-04-21,12.118746757507324,19.8700008392334,19.950000762939453,19.709999084472656,19.90999984741211,31700
2015-04-22,12.130949020385742,19.889999389648438,19.889999389648438,19.829999923706055,19.889999389648438,16900
2015-04-23,12.118746757507324,19.8700008392334,19.899999618530273,19.809999465942383,19.899999618530273,12300
2015-04-24,12.130949020385742,19.889999389648438,19.940000534057617,19.799999237060547,19.8799991607666,22000
2015-04-27,12.076054573059082,19.799999237060547,19.959999084472656,19.790000915527344,19.899999618530273,20600
2015-04-28,12.027262687683105,19.719999313354492,19.850000381469727,19.719999313354492,19.850000381469727,19200
2015-04-29,12.08825397491455,19.81999969482422,19.899999618530273,19.780000686645508,19.899999618530273,33700
2015-04-30,12.039459228515625,19.739999771118164,19.799999237060547,19.739999771118164,19.799999237060547,22600
2015-05-01,12.039459228515625,19.739999771118164,19.760000228881836,19.739999771118164,19.760000228881836,20900
2015-05-04,11.990666389465332,19.65999984741211,19.75,19.649999618530273,19.739999771118164,21300
2015-05-05,11.978471755981445,19.639999389648438,19.709999084472656,19.610000610351562,19.709999084472656,16600
2015-05-06,11.929677963256836,19.559999465942383,19.649999618530273,19.559999465942383,19.649999618530273,14700
2015-05-07,11.941872596740723,19.579999923706055,19.59000015258789,19.43000030517578,19.59000015258789,12200
2015-05-08,12.039459228515625,19.739999771118164,19.790000915527344,19.6200008392334,19.68000030517578,11200
2015-05-11,11.935775756835938,19.56999969482422,19.75,19.56999969482422,19.729999542236328,16300
2015-05-12,11.874788284301758,19.469999313354492,19.59000015258789,19.450000762939453,19.59000015258789,7000
2015-05-13,11.771102905273438,19.299999237060547,19.450000762939453,19.260000228881836,19.43000030517578,21500
2015-05-14,11.75280475616455,19.270000457763672,19.34000015258789,19.219999313354492,19.299999237060547,22300
2015-05-15,11.795499801635742,19.34000015258789,19.440000534057617,19.25,19.34000015258789,20400
2015-05-18,11.728411674499512,19.229999542236328,19.309999465942383,19.219999313354492,19.299999237060547,24700
2015-05-19,11.673519134521484,19.139999389648438,19.309999465942383,19.139999389648438,19.309999465942383,17100
2015-05-20,11.661323547363281,19.1200008392334,19.209999084472656,19.1200008392334,19.18000030517578,24900
2015-05-21,11.68571949005127,19.15999984741211,19.18000030517578,19.1200008392334,19.15999984741211,16800
2015-05-22,11.68571949005127,19.15999984741211,19.239999771118164,19.15999984741211,19.190000534057617,26000
2015-05-26,11.679617881774902,19.149999618530273,19.260000228881836,19.149999618530273,19.239999771118164,16300
2015-05-27,11.697914123535156,19.18000030517578,19.260000228881836,19.170000076293945,19.229999542236328,10000
2015-05-28,11.68571949005127,19.15999984741211,19.190000534057617,19.09000015258789,19.09000015258789,10000
2015-05-29,11.691815376281738,19.170000076293945,19.280000686645508,19.170000076293945,19.260000228881836,10400
2015-06-01,11.722311019897461,19.219999313354492,19.299999237060547,19.170000076293945,19.260000228881836,15700
2015-06-02,11.70401668548584,19.190000534057617,19.270000457763672,19.18000030517578,19.219999313354492,12900
2015-06-03,11.673519134521484,19.139999389648438,19.200000762939453,19.110000610351562,19.190000534057617,17200
2015-06-04,11.673519134521484,19.139999389648438,19.15999984741211,18.940000534057617,19.15999984741211,13800
2015-06-05,11.557638168334961,18.950000762939453,19.149999618530273,18.8700008392334,19.149999618530273,15900
2015-06-08,11.466150283813477,18.799999237060547,18.860000610351562,18.770000457763672,18.81999969482422,24400
2015-06-09,11.527142524719238,18.899999618530273,18.940000534057617,18.780000686645508,18.799999237060547,33500
2015-06-10,11.5088472366333,18.8700008392334,18.979999542236328,18.8700008392334,18.8799991607666,17400
2015-06-11,11.484452247619629,18.829999923706055,19.0,18.81999969482422,18.90999984741211,19200
2015-06-12,11.527142524719238,18.899999618530273,18.90999984741211,18.809999465942383,18.850000381469727,20100
2015-06-15,11.563735961914062,18.959999084472656,18.989999771118164,18.84000015258789,18.969999313354492,12300
2015-06-16,11.557638168334961,18.950000762939453,19.020000457763672,18.920000076293945,18.959999084472656,39900
2015-06-17,11.545443534851074,18.93000030517578,19.020000457763672,18.90999984741211,19.010000228881836,14500
2015-06-18,11.545443534851074,18.93000030517578,18.959999084472656,18.860000610351562,18.93000030517578,31400
2015-06-19,11.5088472366333,18.8700008392334,19.0,18.770000457763672,19.0,25900
2015-06-22,11.496647834777832,18.850000381469727,18.920000076293945,18.809999465942383,18.90999984741211,42000
2015-06-23,11.5027494430542,18.860000610351562,18.93000030517578,18.850000381469727,18.8700008392334,22000
2015-06-24,11.5088472366333,18.8700008392334,18.899999618530273,18.84000015258789,18.8799991607666,31800
2015-06-25,11.527142524719238,18.899999618530273,18.899999618530273,18.809999465942383,18.899999618530273,24600
2015-06-26,11.453950881958008,18.780000686645508,18.899999618530273,18.75,18.899999618530273,11200
2015-06-29,11.252687454223633,18.450000762939453,18.889999389648438,18.450000762939453,18.81999969482422,11500
2015-06-30,11.19169807434082,18.350000381469727,18.520000457763672,18.329999923706055,18.399999618530273,42700
2015-07-01,11.27098274230957,18.479999542236328,18.530000686645508,18.3700008392334,18.3700008392334,14900
2015-07-02,11.344175338745117,18.600000381469727,18.610000610351562,18.530000686645508,18.530000686645508,5200
2015-07-06,11.350273132324219,18.610000610351562,18.670000076293945,18.549999237060547,18.670000076293945,13500
2015-07-07,11.41126537322998,18.709999084472656,18.760000228881836,18.670000076293945,18.760000228881836,19000
2015-07-08,11.41126537322998,18.709999084472656,18.729999542236328,18.6299991607666,18.649999618530273,9200
2015-07-09,11.392963409423828,18.68000030517578,18.729999542236328,18.65999984741211,18.709999084472656,8000
2015-07-10,11.368571281433105,18.639999389648438,18.670000076293945,18.59000015258789,18.649999618530273,13100
2015-07-13,11.368571281433105,18.639999389648438,18.739999771118164,18.6299991607666,18.690000534057617,9300
2015-07-14,11.380766868591309,18.65999984741211,18.700000762939453,18.649999618530273,18.649999618530273,16200
2015-07-15,11.331975936889648,18.579999923706055,18.700000762939453,18.579999923706055,18.690000534057617,25900
2015-07-16,11.41126537322998,18.709999084472656,18.719999313354492,18.600000381469727,18.600000381469727,27500
2015-07-17,11.527142524719238,18.899999618530273,18.93000030517578,18.709999084472656,18.739999771118164,16300
2015-07-20,11.374667167663574,18.649999618530273,18.8700008392334,18.610000610351562,18.850000381469727,30200
2015-07-21,11.43565559387207,18.75,18.809999465942383,18.610000610351562,18.610000610351562,8500
2015-07-22,11.664372444152832,18.8700008392334,18.8799991607666,18.559999465942383,18.649999618530273,95700
2015-07-23,11.750909805297852,19.010000228881836,19.040000915527344,18.969999313354492,18.969999313354492,12800
2015-07-24,11.713821411132812,18.950000762939453,18.989999771118164,18.889999389648438,18.90999984741211,16800
2015-07-27,11.707642555236816,18.940000534057617,18.969999313354492,18.809999465942383,18.8799991607666,5600
2015-07-28,11.596379280090332,18.760000228881836,18.90999984741211,18.760000228881836,18.8700008392334,8100
2015-07-29,11.645827293395996,18.84000015258789,18.959999084472656,18.760000228881836,18.760000228881836,14200
2015-07-30,11.559285163879395,18.700000762939453,18.860000610351562,18.700000762939453,18.790000915527344,11400
2015-07-31,11.68909740447998,18.90999984741211,18.90999984741211,18.780000686645508,18.780000686645508,8900
2015-08-03,11.633462905883789,18.81999969482422,18.8700008392334,18.799999237060547,18.809999465942383,10800
2015-08-04,11.658188819885254,18.860000610351562,18.93000030517578,18.81999969482422,18.81999969482422,10900
2015-08-05,11.652009010314941,18.850000381469727,18.979999542236328,18.760000228881836,18.920000076293945,10300
2015-08-06,11.590193748474121,18.75,18.889999389648438,18.68000030517578,18.84000015258789,14300
2015-08-07,11.602555274963379,18.770000457763672,18.790000915527344,18.6299991607666,18.75,10400
2015-08-10,11.559285163879395,18.700000762939453,18.790000915527344,18.690000534057617,18.790000915527344,9400
2015-08-11,11.559285163879395,18.700000762939453,18.760000228881836,18.700000762939453,18.700000762939453,12700
2015-08-12,11.645827293395996,18.84000015258789,19.06999969482422,18.75,18.75,48000
2015-08-13,11.54692554473877,18.68000030517578,18.860000610351562,18.68000030517578,18.770000457763672,15300
2015-08-14,11.596379280090332,18.760000228881836,18.8799991607666,18.700000762939453,18.700000762939453,11400
2015-08-17,11.54692554473877,18.68000030517578,18.809999465942383,18.68000030517578,18.799999237060547,10900
2015-08-18,11.670550346374512,18.8799991607666,18.889999389648438,18.649999618530273,18.68000030517578,16400
2015-08-19,11.707642555236816,18.940000534057617,18.959999084472656,18.829999923706055,18.829999923706055,10000
2015-08-20,11.837451934814453,19.149999618530273,19.15999984741211,18.920000076293945,18.940000534057617,26000
2015-08-21,11.948715209960938,19.329999923706055,19.43000030517578,19.09000015258789,19.09000015258789,24100
2015-08-24,11.48511028289795,18.579999923706055,19.43000030517578,18.579999923706055,19.09000015258789,23100
2015-08-25,11.330573081970215,18.329999923706055,18.950000762939453,18.329999923706055,18.729999542236328,20400
2015-08-26,11.39857006072998,18.440000534057617,18.6200008392334,18.399999618530273,18.549999237060547,24300
2015-08-27,11.33675479888916,18.34000015258789,18.600000381469727,18.299999237060547,18.450000762939453,26700
2015-08-28,11.392386436462402,18.43000030517578,18.65999984741211,18.15999984741211,18.469999313354492,19200
2015-08-31,11.509836196899414,18.6200008392334,18.729999542236328,18.469999313354492,18.530000686645508,40700
2015-09-01,11.571648597717285,18.719999313354492,18.75,18.450000762939453,18.6200008392334,22400
2015-09-02,11.590193748474121,18.75,18.75,18.6299991607666,18.739999771118164,15400
2015-09-03,11.590193748474121,18.75,18.75,18.670000076293945,18.700000762939453,29700
2015-09-04,11.590193748474121,18.75,18.75,18.709999084472656,18.709999084472656,7000
2015-09-08,11.584010124206543,18.739999771118164,18.75,18.729999542236328,18.75,8600
2015-09-09,11.540742874145508,18.670000076293945,18.75,18.65999984741211,18.700000762939453,13700
2015-09-10,11.559285163879395,18.700000762939453,18.829999923706055,18.700000762939453,18.739999771118164,24000
2015-09-11,11.565470695495605,18.709999084472656,18.75,18.700000762939453,18.700000762939453,7600
2015-09-14,11.614920616149902,18.790000915527344,18.809999465942383,18.65999984741211,18.709999084472656,11800
2015-09-15,11.676729202270508,18.889999389648438,18.979999542236328,18.739999771118164,18.739999771118164,33500
2015-09-16,11.74472713470459,19.0,19.079999923706055,18.889999389648438,18.889999389648438,12400
2015-09-17,11.812726974487305,19.110000610351562,19.110000610351562,18.950000762939453,18.950000762939453,15800
2015-09-18,11.775634765625,19.049999237060547,19.110000610351562,19.020000457763672,19.059999465942383,16800
2015-09-21,11.961077690124512,19.350000381469727,19.399999618530273,19.09000015258789,19.100000381469727,33400
2015-09-22,11.9548978805542,19.34000015258789,19.399999618530273,19.200000762939453,19.290000915527344,35500
2015-09-23,11.911627769470215,19.270000457763672,19.34000015258789,19.229999542236328,19.34000015258789,13000
2015-09-24,11.88690185546875,19.229999542236328,19.290000915527344,19.200000762939453,19.290000915527344,53800
2015-09-25,11.775634765625,19.049999237060547,19.229999542236328,19.0,19.18000030517578,20700
2015-09-28,11.82508659362793,19.1299991607666,19.139999389648438,18.8700008392334,19.06999969482422,14600
2015-09-29,11.812726974487305,19.110000610351562,19.149999618530273,19.100000381469727,19.1200008392334,15500
2015-09-30,11.950519561767578,19.079999923706055,19.100000381469727,18.860000610351562,18.989999771118164,17000
2015-10-01,11.944256782531738,19.06999969482422,19.06999969482422,18.90999984741211,19.020000457763672,12400
2015-10-02,11.894149780273438,18.989999771118164,19.049999237060547,18.969999313354492,18.969999313354492,15500
2015-10-05,11.850306510925293,18.920000076293945,19.010000228881836,18.8700008392334,19.010000228881836,13700
2015-10-06,11.8878812789917,18.979999542236328,18.979999542236328,18.860000610351562,18.979999542236328,12800
2015-10-07,11.894149780273438,18.989999771118164,19.0,18.850000381469727,18.860000610351562,20500
2015-10-08,11.894149780273438,18.989999771118164,19.0,18.950000762939453,19.0,9600
2015-10-09,11.881619453430176,18.969999313354492,19.010000228881836,18.950000762939453,18.989999771118164,7600
2015-10-12,11.912940979003906,19.020000457763672,19.030000686645508,18.959999084472656,18.959999084472656,8200
2015-10-13,11.919203758239746,19.030000686645508,19.059999465942383,19.0,19.040000915527344,12600
2015-10-14,11.912940979003906,19.020000457763672,19.040000915527344,19.010000228881836,19.030000686645508,10200
2015-10-15,11.9066743850708,19.010000228881836,19.030000686645508,19.0,19.0,12200
2015-10-16,11.931727409362793,19.049999237060547,19.06999969482422,18.90999984741211,18.90999984741211,11600
2015-10-19,11.950519561767578,19.079999923706055,19.09000015258789,19.049999237060547,19.06999969482422,14700
2015-10-20,11.956785202026367,19.09000015258789,19.100000381469727,19.049999237060547,19.06999969482422,18800
2015-10-21,11.9881010055542,19.139999389648438,19.139999389648438,19.079999923706055,19.100000381469727,20900
2015-10-22,12.025679588317871,19.200000762939453,19.200000762939453,19.1299991607666,19.139999389648438,16700
2015-10-23,12.0382080078125,19.219999313354492,19.219999313354492,19.149999618530273,19.200000762939453,13800
2015-10-26,12.025679588317871,19.200000762939453,19.229999542236328,19.190000534057617,19.219999313354492,8600
2015-10-27,11.994365692138672,19.149999618530273,19.229999542236328,19.139999389648438,19.229999542236328,24500
2015-10-28,12.01315689086914,19.18000030517578,19.18000030517578,19.110000610351562,19.15999984741211,12800
2015-10-29,12.0382080078125,19.219999313354492,19.219999313354492,19.149999618530273,19.200000762939453,21600
2015-10-30,12.0382080078125,19.219999313354492,19.239999771118164,19.170000076293945,19.219999313354492,36700
2015-11-02,12.031941413879395,19.209999084472656,19.25,19.200000762939453,19.229999542236328,17900
2015-11-03,12.019414901733398,19.190000534057617,19.219999313354492,19.1299991607666,19.219999313354492,15500
2015-11-04,12.075787544250488,19.280000686645508,19.34000015258789,19.229999542236328,19.239999771118164,19100
2015-11-05,12.056998252868652,19.25,19.280000686645508,19.239999771118164,19.280000686645508,18700
2015-11-06,12.0382080078125,19.219999313354492,19.25,19.010000228881836,19.25,18700
2015-11-09,12.025679588317871,19.200000762939453,19.219999313354492,19.030000686645508,19.219999313354492,13300
2015-11-10,12.01315689086914,19.18000030517578,19.190000534057617,19.139999389648438,19.139999389648438,32400
2015-11-11,11.963045120239258,19.100000381469727,19.200000762939453,19.059999465942383,19.200000762939453,17300
2015-11-12,11.950519561767578,19.079999923706055,19.139999389648438,19.059999465942383,19.139999389648438,16600
2015-11-13,11.950519561767578,19.079999923706055,19.100000381469727,19.079999923706055,19.100000381469727,14400
2015-11-16,11.956785202026367,19.09000015258789,19.100000381469727,19.040000915527344,19.059999465942383,19600
2015-11-17,11.925467491149902,19.040000915527344,19.079999923706055,19.010000228881836,19.079999923706055,18900
2015-11-18,11.900412559509277,19.0,19.049999237060547,19.0,19.049999237060547,16200
2015-11-19,11.812726020812988,18.860000610351562,19.010000228881836,18.81999969482422,18.979999542236328,17900
2015-11-20,11.756355285644531,18.770000457763672,18.90999984741211,18.75,18.90999984741211,17000
2015-11-23,11.919203758239746,19.030000686645508,19.030000686645508,18.799999237060547,18.81999969482422,31400
2015-11-24,11.825247764587402,18.8799991607666,19.010000228881836,18.799999237060547,18.93000030517578,23800
2015-11-25,11.87535572052002,18.959999084472656,18.959999084472656,18.850000381469727,18.8799991607666,24300
2015-11-27,11.8878812789917,18.979999542236328,18.989999771118164,18.93000030517578,18.93000030517578,5300
2015-11-30,11.812726020812988,18.860000610351562,18.979999542236328,18.850000381469727,18.979999542236328,12300
2015-12-01,11.894149780273438,18.989999771118164,18.989999771118164,18.90999984741211,18.940000534057617,14100
2015-12-02,11.881619453430176,18.969999313354492,19.0,18.899999618530273,18.899999618530273,26900
2015-12-03,11.768882751464844,18.790000915527344,18.969999313354492,18.75,18.969999313354492,21700
2015-12-04,11.787670135498047,18.81999969482422,18.8700008392334,18.75,18.8700008392334,17600
2015-12-07,11.718778610229492,18.709999084472656,18.850000381469727,18.709999084472656,18.81999969482422,12300
2015-12-08,11.662405014038086,18.6200008392334,18.75,18.6200008392334,18.739999771118164,12600
2015-12-09,11.618558883666992,18.549999237060547,18.719999313354492,18.549999237060547,18.719999313354492,13100
2015-12-10,11.499558448791504,18.360000610351562,18.600000381469727,18.360000610351562,18.559999465942383,25900
2015-12-11,11.336709022521973,18.100000381469727,18.510000228881836,18.079999923706055,18.510000228881836,29400
2015-12-14,11.317916870117188,18.06999969482422,18.170000076293945,17.8799991607666,18.170000076293945,28600
2015-12-15,11.405606269836426,18.209999084472656,18.229999542236328,17.950000762939453,18.1200008392334,17500
2015-12-16,11.518345832824707,18.389999389648438,18.389999389648438,18.200000762939453,18.260000228881836,11500
2015-12-17,11.637354850769043,18.579999923706055,18.649999618530273,18.329999923706055,18.350000381469727,26100
2015-12-18,11.618558883666992,18.549999237060547,18.610000610351562,18.43000030517578,18.610000610351562,217800
2015-12-21,11.624906539916992,18.309999465942383,18.3700008392334,18.309999465942383,18.350000381469727,15000
2015-12-22,11.586819648742676,18.25,18.270000457763672,18.209999084472656,18.239999771118164,15100
2015-12-23,11.726490020751953,18.469999313354492,18.479999542236328,18.229999542236328,18.25,24700
2015-12-24,11.726490020751953,18.469999313354492,18.479999542236328,18.399999618530273,18.459999084472656,8300
2015-12-28,11.631258964538574,18.31999969482422,18.5,18.31999969482422,18.389999389648438,18200
2015-12-29,11.650306701660156,18.350000381469727,18.3700008392334,18.270000457763672,18.360000610351562,9300
2015-12-30,11.580466270446777,18.239999771118164,18.329999923706055,18.170000076293945,18.31999969482422,16900
2015-12-31,11.593165397644043,18.260000228881836,18.34000015258789,18.219999313354492,18.260000228881836,25000
2016-01-04,11.605860710144043,18.280000686645508,18.3799991607666,18.270000457763672,18.31999969482422,16500
2016-01-05,11.650306701660156,18.350000381469727,18.350000381469727,18.25,18.270000457763672,16000
2016-01-06,11.64395809173584,18.34000015258789,18.350000381469727,18.270000457763672,18.299999237060547,15500
2016-01-07,11.675702095031738,18.389999389648438,18.399999618530273,18.290000915527344,18.290000915527344,14700
2016-01-08,11.682049751281738,18.399999618530273,18.440000534057617,18.31999969482422,18.440000534057617,11700
2016-01-11,11.605860710144043,18.280000686645508,18.440000534057617,18.280000686645508,18.440000534057617,10700
2016-01-12,11.739192962646484,18.489999771118164,18.489999771118164,18.270000457763672,18.299999237060547,28200
2016-01-13,11.777283668518066,18.549999237060547,18.690000534057617,18.420000076293945,18.489999771118164,13500
2016-01-14,11.853475570678711,18.670000076293945,18.700000762939453,18.510000228881836,18.510000228881836,48100
2016-01-15,11.631258964538574,18.31999969482422,18.6299991607666,18.200000762939453,18.520000457763672,23000
2016-01-19,11.555072784423828,18.200000762939453,18.34000015258789,18.110000610351562,18.290000915527344,15900
2016-01-20,11.447138786315918,18.030000686645508,18.260000228881836,17.969999313354492,18.260000228881836,23300
2016-01-21,11.586819648742676,18.25,18.40999984741211,18.079999923706055,18.200000762939453,16000
2016-01-22,11.732843399047852,18.479999542236328,18.5,18.260000228881836,18.260000228881836,13200
2016-01-25,11.745537757873535,18.5,18.639999389648438,18.450000762939453,18.450000762939453,19200
2016-01-26,11.720144271850586,18.459999084472656,18.600000381469727,18.450000762939453,18.600000381469727,14500
2016-01-27,11.593165397644043,18.260000228881836,18.5,18.18000030517578,18.5,15100
2016-01-28,11.605860710144043,18.280000686645508,18.350000381469727,18.200000762939453,18.350000381469727,10200
2016-01-29,11.713794708251953,18.450000762939453,18.450000762939453,18.3799991607666,18.3799991607666,20900
2016-02-01,11.726490020751953,18.469999313354492,18.489999771118164,18.40999984741211,18.40999984741211,24800
2016-02-02,11.694748878479004,18.420000076293945,18.489999771118164,18.40999984741211,18.440000534057617,13000
2016-02-03,11.828076362609863,18.6299991607666,18.6299991607666,18.469999313354492,18.549999237060547,10400
2016-02-04,11.783635139465332,18.559999465942383,18.719999313354492,18.520000457763672,18.719999313354492,16200
2016-02-05,11.796333312988281,18.579999923706055,18.65999984741211,18.540000915527344,18.559999465942383,14700
2016-02-08,11.701098442077637,18.43000030517578,18.610000610351562,18.420000076293945,18.5,15400
2016-02-09,11.707447052001953,18.440000534057617,18.6299991607666,18.399999618530273,18.600000381469727,27600
2016-02-10,11.701098442077637,18.43000030517578,18.450000762939453,18.360000610351562,18.43000030517578,12800
2016-02-11,11.732843399047852,18.479999542236328,18.489999771118164,18.389999389648438,18.43000030517578,16100
2016-02-12,11.789983749389648,18.56999969482422,18.56999969482422,18.3799991607666,18.540000915527344,10400
2016-02-16,11.77093505859375,18.540000915527344,18.600000381469727,18.520000457763672,18.600000381469727,17400
2016-02-17,11.720144271850586,18.459999084472656,18.600000381469727,18.420000076293945,18.579999923706055,20700
2016-02-18,11.821724891662598,18.6200008392334,18.6200008392334,18.469999313354492,18.549999237060547,15100
2016-02-19,11.866170883178711,18.690000534057617,18.700000762939453,18.6200008392334,18.700000762939453,17200
2016-02-22,11.87886905670166,18.709999084472656,18.780000686645508,18.59000015258789,18.780000686645508,12700
2016-02-23,11.904260635375977,18.75,18.75,18.65999984741211,18.739999771118164,18700
2016-02-24,11.923308372497559,18.780000686645508,18.780000686645508,18.719999313354492,18.75,24300
2016-02-25,11.872518539428711,18.700000762939453,18.780000686645508,18.68000030517578,18.780000686645508,22000
2016-02-26,11.84712028503418,18.65999984741211,18.760000228881836,18.639999389648438,18.700000762939453,9700
2016-02-29,11.885217666625977,18.719999313354492,18.780000686645508,18.65999984741211,18.670000076293945,14800
2016-03-01,11.866170883178711,18.690000534057617,18.81999969482422,18.68000030517578,18.790000915527344,16700
2016-03-02,11.89156436920166,18.729999542236328,18.760000228881836,18.610000610351562,18.610000610351562,8500
2016-03-03,11.93600845336914,18.799999237060547,18.809999465942383,18.670000076293945,18.729999542236328,15500
2016-03-04,11.967752456665039,18.850000381469727,18.8799991607666,18.739999771118164,18.739999771118164,25100
2016-03-07,11.93600845336914,18.799999237060547,18.8700008392334,18.770000457763672,18.770000457763672,13100
2016-03-08,12.043937683105469,18.969999313354492,19.030000686645508,18.790000915527344,18.8700008392334,51300
2016-03-09,12.050287246704102,18.979999542236328,19.0,18.920000076293945,18.920000076293945,17200
2016-03-10,11.986796379089355,18.8799991607666,18.979999542236328,18.790000915527344,18.979999542236328,32600
2016-03-11,12.101079940795898,19.059999465942383,19.059999465942383,18.8700008392334,18.920000076293945,29100
2016-03-14,12.075684547424316,19.020000457763672,19.030000686645508,18.979999542236328,19.030000686645508,31600
2016-03-15,12.062987327575684,19.0,19.020000457763672,18.8799991607666,18.8799991607666,20600
2016-03-16,12.069334983825684,19.010000228881836,19.020000457763672,18.979999542236328,19.0,21400
2016-03-17,12.062987327575684,19.0,19.030000686645508,18.90999984741211,19.010000228881836,28800
2016-03-18,12.094728469848633,19.049999237060547,19.059999465942383,19.0,19.040000915527344,24800
2016-03-21,12.132824897766113,19.110000610351562,19.1200008392334,19.049999237060547,19.100000381469727,24000
2016-03-22,12.132824897766113,19.110000610351562,19.1200008392334,19.06999969482422,19.110000610351562,22000
2016-03-23,12.12647533416748,19.100000381469727,19.1200008392334,19.079999923706055,19.1200008392334,32800
2016-03-24,12.101079940795898,19.059999465942383,19.1299991607666,19.049999237060547,19.1200008392334,14900
2016-03-28,12.05663776397705,18.989999771118164,19.09000015258789,18.979999542236328,19.049999237060547,18200
2016-03-29,12.107429504394531,19.06999969482422,19.100000381469727,18.989999771118164,19.06999969482422,21900
2016-03-30,12.107429504394531,19.06999969482422,19.149999618530273,18.979999542236328,19.049999237060547,18800
2016-03-31,12.151871681213379,19.139999389648438,19.139999389648438,19.059999465942383,19.100000381469727,42000
2016-04-01,12.170921325683594,19.170000076293945,19.200000762939453,19.030000686645508,19.030000686645508,16800
2016-04-04,12.235246658325195,19.020000457763672,19.139999389648438,18.8799991607666,19.059999465942383,23100
2016-04-05,12.235246658325195,19.020000457763672,19.030000686645508,18.93000030517578,19.010000228881836,12800
2016-04-06,12.170921325683594,18.920000076293945,19.040000915527344,18.899999618530273,19.040000915527344,32100
2016-04-07,12.12588882446289,18.850000381469727,18.969999313354492,18.829999923706055,18.829999923706055,16900
2016-04-08,12.228814125061035,19.010000228881836,19.059999465942383,18.93000030517578,18.950000762939453,16200
2016-04-11,12.183784484863281,18.940000534057617,19.100000381469727,18.920000076293945,19.100000381469727,12400
2016-04-12,12.183784484863281,18.940000534057617,19.010000228881836,18.920000076293945,18.940000534057617,18300
2016-04-13,12.203078269958496,18.969999313354492,19.030000686645508,18.889999389648438,18.950000762939453,23300
2016-04-14,12.196648597717285,18.959999084472656,19.1299991607666,18.920000076293945,18.920000076293945,28000
2016-04-15,12.286709785461426,19.100000381469727,19.100000381469727,19.010000228881836,19.010000228881836,25100
2016-04-18,12.344606399536133,19.190000534057617,19.190000534057617,19.049999237060547,19.149999618530273,10100
2016-04-19,12.33173656463623,19.170000076293945,19.190000534057617,19.049999237060547,19.190000534057617,20400
2016-04-20,12.370332717895508,19.229999542236328,19.260000228881836,19.15999984741211,19.260000228881836,13700
2016-04-21,12.370332717895508,19.229999542236328,19.229999542236328,19.190000534057617,19.229999542236328,22700
2016-04-22,12.36390209197998,19.219999313354492,19.25,19.190000534057617,19.229999542236328,24900
2016-04-25,12.351037979125977,19.200000762939453,19.219999313354492,19.170000076293945,19.200000762939453,19000
2016-04-26,12.351037979125977,19.200000762939453,19.239999771118164,19.149999618530273,19.219999313354492,27100
2016-04-27,12.36390209197998,19.219999313354492,19.290000915527344,19.219999313354492,19.290000915527344,34400
2016-04-28,12.351037979125977,19.200000762939453,19.219999313354492,19.190000534057617,19.200000762939453,18500
2016-04-29,12.344606399536133,19.190000534057617,19.239999771118164,19.1299991607666,19.1299991607666,31200
2016-05-02,12.376766204833984,19.239999771118164,19.290000915527344,19.200000762939453,19.290000915527344,26600
2016-05-03,12.370332717895508,19.229999542236328,19.280000686645508,19.219999313354492,19.260000228881836,21400
2016-05-04,12.434661865234375,19.329999923706055,19.329999923706055,19.229999542236328,19.270000457763672,29900
2016-05-05,12.428227424621582,19.31999969482422,19.34000015258789,19.239999771118164,19.290000915527344,37900
2016-05-06,12.479693412780762,19.399999618530273,19.420000076293945,19.31999969482422,19.31999969482422,54900
2016-05-09,12.466827392578125,19.3799991607666,19.399999618530273,19.350000381469727,19.399999618530273,30100
2016-05-10,12.466827392578125,19.3799991607666,19.3799991607666,19.290000915527344,19.3799991607666,22700
2016-05-11,12.453962326049805,19.360000610351562,19.389999389648438,19.299999237060547,19.3799991607666,22000
2016-05-12,12.428227424621582,19.31999969482422,19.360000610351562,19.239999771118164,19.360000610351562,22700
2016-05-13,12.434661865234375,19.329999923706055,19.40999984741211,19.290000915527344,19.329999923706055,38000
2016-05-16,12.447529792785645,19.350000381469727,19.350000381469727,19.309999465942383,19.350000381469727,20100
2016-05-17,12.453962326049805,19.360000610351562,19.3799991607666,19.299999237060547,19.3799991607666,31800
2016-05-18,12.453962326049805,19.360000610351562,19.3799991607666,19.299999237060547,19.3799991607666,33600
2016-05-19,12.421799659729004,19.309999465942383,19.360000610351562,19.25,19.360000610351562,25300
2016-05-20,12.421799659729004,19.309999465942383,19.34000015258789,19.25,19.34000015258789,24500
2016-05-23,12.421799659729004,19.309999465942383,19.329999923706055,19.280000686645508,19.329999923706055,45600
2016-05-24,12.40893840789795,19.290000915527344,19.34000015258789,19.280000686645508,19.329999923706055,23000
2016-05-25,12.396066665649414,19.270000457763672,19.329999923706055,19.219999313354492,19.290000915527344,55000
2016-05-26,12.415362358093262,19.299999237060547,19.329999923706055,19.270000457763672,19.280000686645508,21500
2016-05-27,12.415362358093262,19.299999237060547,19.329999923706055,19.280000686645508,19.329999923706055,14300
2016-05-31,12.47326374053955,19.389999389648438,19.489999771118164,19.309999465942383,19.31999969482422,36200
2016-06-01,12.492560386657715,19.420000076293945,19.420000076293945,19.3799991607666,19.420000076293945,34100
2016-06-02,12.479693412780762,19.399999618530273,19.440000534057617,19.309999465942383,19.440000534057617,14400
2016-06-03,12.511860847473145,19.450000762939453,19.489999771118164,19.399999618530273,19.420000076293945,41900
2016-06-06,12.595484733581543,19.579999923706055,19.579999923706055,19.450000762939453,19.469999313354492,23300
2016-06-07,12.576189041137695,19.549999237060547,19.610000610351562,19.530000686645508,19.610000610351562,31600
2016-06-08,12.576189041137695,19.549999237060547,19.579999923706055,19.530000686645508,19.579999923706055,39000
2016-06-09,12.595484733581543,19.579999923706055,19.6299991607666,19.56999969482422,19.600000381469727,26000
2016-06-10,12.595484733581543,19.579999923706055,19.68000030517578,19.579999923706055,19.68000030517578,26000
2016-06-13,12.595484733581543,19.579999923706055,19.649999618530273,19.579999923706055,19.649999618530273,15700
2016-06-14,12.595484733581543,19.579999923706055,19.6200008392334,19.549999237060547,19.549999237060547,25200
2016-06-15,12.672680854797363,19.700000762939453,19.729999542236328,19.5,19.729999542236328,15900
2016-06-16,12.659815788269043,19.68000030517578,19.770000457763672,19.6200008392334,19.770000457763672,23000
2016-06-17,12.634081840515137,19.639999389648438,19.719999313354492,19.610000610351562,19.719999313354492,18100
2016-06-20,12.614788055419922,19.610000610351562,19.899999618530273,19.510000228881836,19.899999618530273,43300
2016-06-21,12.569755554199219,19.540000915527344,19.68000030517578,19.540000915527344,19.639999389648438,18200
2016-06-22,12.563323020935059,19.530000686645508,19.610000610351562,19.489999771118164,19.59000015258789,37000
2016-06-23,12.576189041137695,19.549999237060547,19.56999969482422,19.5,19.5,39700
2016-06-24,12.576189041137695,19.549999237060547,19.559999465942383,19.3799991607666,19.3799991607666,32500
2016-06-27,12.621217727661133,19.6200008392334,19.6299991607666,19.56999969482422,19.56999969482422,26100
2016-06-28,12.634081840515137,19.639999389648438,19.65999984741211,19.59000015258789,19.639999389648438,26000
2016-06-29,12.717711448669434,19.770000457763672,19.84000015258789,19.709999084472656,19.709999084472656,23400
2016-06-30,12.756307601928711,19.829999923706055,19.829999923706055,19.780000686645508,19.809999465942383,15000
2016-07-01,12.737006187438965,19.799999237060547,19.850000381469727,19.6200008392334,19.829999923706055,38400
2016-07-05,12.69841194152832,19.739999771118164,19.790000915527344,19.729999542236328,19.760000228881836,21300
2016-07-06,12.814203262329102,19.920000076293945,19.920000076293945,19.770000457763672,19.799999237060547,26400
2016-07-07,12.839930534362793,19.959999084472656,19.969999313354492,19.90999984741211,19.959999084472656,19100
2016-07-08,12.910694122314453,20.06999969482422,20.09000015258789,19.959999084472656,20.09000015258789,39200
2016-07-11,12.90426254272461,20.059999465942383,20.09000015258789,20.0,20.09000015258789,26800
2016-07-12,12.865663528442383,20.0,20.059999465942383,19.940000534057617,20.020000457763672,56500
2016-07-13,12.846368789672852,19.969999313354492,20.079999923706055,19.959999084472656,20.0,21700
2016-07-14,12.814203262329102,19.920000076293945,20.0,19.84000015258789,20.0,14600
2016-07-15,12.872096061706543,20.010000228881836,20.059999465942383,19.920000076293945,19.940000534057617,25200
2016-07-18,12.865663528442383,20.0,20.079999923706055,19.959999084472656,20.079999923706055,17100
2016-07-19,12.897826194763184,20.049999237060547,20.049999237060547,19.989999771118164,20.0,14700
2016-07-20,12.901081085205078,19.829999923706055,19.899999618530273,19.739999771118164,19.84000015258789,31400
2016-07-21,12.881563186645508,19.799999237060547,19.899999618530273,19.790000915527344,19.899999618530273,37400
2016-07-22,12.946622848510742,19.899999618530273,19.920000076293945,19.81999969482422,19.850000381469727,19300
2016-07-25,12.94011402130127,19.889999389648438,19.93000030517578,19.8700008392334,19.899999618530273,21300
2016-07-26,12.992165565490723,19.969999313354492,19.989999771118164,19.920000076293945,19.920000076293945,28000
2016-07-27,13.031200408935547,20.030000686645508,20.049999237060547,20.010000228881836,20.030000686645508,24500
2016-07-28,13.031200408935547,20.030000686645508,20.040000915527344,19.989999771118164,20.040000915527344,17500
2016-07-29,13.057223320007324,20.06999969482422,20.079999923706055,20.010000228881836,20.079999923706055,16800
2016-08-01,13.050716400146484,20.059999465942383,20.09000015258789,19.989999771118164,20.040000915527344,14500
2016-08-02,13.050716400146484,20.059999465942383,20.18000030517578,20.040000915527344,20.139999389648438,32100
2016-08-03,13.109268188476562,20.149999618530273,20.149999618530273,20.06999969482422,20.149999618530273,16000
2016-08-04,13.096257209777832,20.1299991607666,20.200000762939453,20.1200008392334,20.1200008392334,17200
2016-08-05,13.109268188476562,20.149999618530273,20.200000762939453,20.1200008392334,20.170000076293945,8600
2016-08-08,13.096257209777832,20.1299991607666,20.170000076293945,20.110000610351562,20.149999618530273,16400
2016-08-09,13.141799926757812,20.200000762939453,20.309999465942383,20.15999984741211,20.200000762939453,24100
2016-08-10,13.161314010620117,20.229999542236328,20.309999465942383,20.229999542236328,20.25,23000
2016-08-11,13.141799926757812,20.200000762939453,20.290000915527344,20.200000762939453,20.270000457763672,11300
2016-08-12,13.213359832763672,20.309999465942383,20.309999465942383,20.229999542236328,20.25,13400
2016-08-15,13.33046817779541,20.489999771118164,20.489999771118164,20.200000762939453,20.34000015258789,17800
2016-08-16,13.389016151428223,20.579999923706055,20.65999984741211,20.3799991607666,20.549999237060547,42200
2016-08-17,13.349983215332031,20.520000457763672,20.59000015258789,20.520000457763672,20.59000015258789,15900
2016-08-18,13.551668167114258,20.829999923706055,20.90999984741211,20.6200008392334,20.729999542236328,34100
2016-08-19,13.837919235229492,21.270000457763672,21.270000457763672,20.799999237060547,20.81999969482422,32800
2016-08-22,13.59070110321045,20.889999389648438,20.989999771118164,20.809999465942383,20.989999771118164,33400
2016-08-23,13.727325439453125,21.100000381469727,21.239999771118164,21.049999237060547,21.079999923706055,35000
2016-08-24,13.71430778503418,21.079999923706055,21.200000762939453,21.059999465942383,21.079999923706055,28700
2016-08-25,13.668773651123047,21.010000228881836,21.25,21.0,21.239999771118164,25300
2016-08-26,13.577691078186035,20.8700008392334,21.110000610351562,20.8700008392334,21.040000915527344,29000
2016-08-29,13.415042877197266,20.6200008392334,20.850000381469727,20.559999465942383,20.84000015258789,50800
2016-08-30,13.4020357131958,20.600000381469727,20.670000076293945,20.559999465942383,20.649999618530273,23500
2016-08-31,13.395525932312012,20.59000015258789,20.700000762939453,20.56999969482422,20.579999923706055,46000
2016-09-01,13.467086791992188,20.700000762939453,20.75,20.59000015258789,20.6299991607666,47600
2016-09-02,13.467086791992188,20.700000762939453,20.950000762939453,20.700000762939453,20.860000610351562,49100
2016-09-06,13.291430473327637,20.43000030517578,20.8799991607666,20.420000076293945,20.799999237060547,29900
2016-09-07,13.37601089477539,20.559999465942383,20.639999389648438,20.43000030517578,20.610000610351562,23600
2016-09-08,13.49311351776123,20.739999771118164,20.829999923706055,20.559999465942383,20.559999465942383,21300
2016-09-09,13.336974143981934,20.5,20.780000686645508,20.469999313354492,20.530000686645508,35900
2016-09-12,13.310949325561523,20.459999084472656,20.809999465942383,20.40999984741211,20.809999465942383,30200
2016-09-13,13.317455291748047,20.469999313354492,20.530000686645508,20.3700008392334,20.3700008392334,9100
2016-09-14,13.304443359375,20.450000762939453,20.56999969482422,20.329999923706055,20.3700008392334,34800
2016-09-15,13.200345993041992,20.290000915527344,20.510000228881836,20.280000686645508,20.399999618530273,24200
2016-09-16,13.200345993041992,20.290000915527344,20.350000381469727,20.239999771118164,20.350000381469727,8000
2016-09-19,13.174325942993164,20.25,20.40999984741211,20.25,20.40999984741211,8500
2016-09-20,13.096257209777832,20.1299991607666,20.440000534057617,20.1299991607666,20.420000076293945,24500
2016-09-21,13.083246231079102,20.110000610351562,20.229999542236328,19.940000534057617,20.049999237060547,65400
2016-09-22,13.148300170898438,20.209999084472656,20.270000457763672,20.1299991607666,20.200000762939453,50500
2016-09-23,13.096257209777832,20.1299991607666,20.309999465942383,20.1200008392334,20.25,26800
2016-09-26,13.115772247314453,20.15999984741211,20.200000762939453,20.049999237060547,20.049999237060547,22000
2016-09-27,13.135293960571289,20.190000534057617,20.350000381469727,20.110000610351562,20.110000610351562,17100
2016-09-28,13.191211700439453,20.049999237060547,20.170000076293945,19.950000762939453,19.950000762939453,19100
2016-09-29,13.230690956115723,20.110000610351562,20.1200008392334,19.989999771118164,20.100000381469727,15300
2016-09-30,13.329377174377441,20.260000228881836,20.6200008392334,20.1299991607666,20.239999771118164,37600
2016-10-03,13.493855476379395,20.510000228881836,20.68000030517578,20.309999465942383,20.329999923706055,17800
2016-10-04,13.217529296875,20.09000015258789,20.520000457763672,20.030000686645508,20.489999771118164,32100
2016-10-05,13.178058624267578,20.030000686645508,20.1299991607666,19.989999771118164,20.09000015258789,22100
2016-10-06,13.112264633178711,19.93000030517578,19.989999771118164,19.889999389648438,19.93000030517578,20100
2016-10-07,13.066210746765137,19.860000610351562,19.989999771118164,19.860000610351562,19.889999389648438,17700
2016-10-10,13.03331470489502,19.809999465942383,19.940000534057617,19.799999237060547,19.809999465942383,21200
2016-10-11,12.901735305786133,19.610000610351562,19.809999465942383,19.600000381469727,19.790000915527344,23900
2016-10-12,12.835939407348633,19.510000228881836,19.760000228881836,19.5,19.59000015258789,32100
2016-10-13,12.803045272827148,19.459999084472656,19.6299991607666,19.459999084472656,19.600000381469727,30800
2016-10-14,12.770150184631348,19.40999984741211,19.510000228881836,19.3700008392334,19.450000762939453,31000
2016-10-17,12.605669021606445,19.15999984741211,19.5,19.1299991607666,19.360000610351562,46400
2016-10-18,12.704355239868164,19.309999465942383,19.309999465942383,19.040000915527344,19.040000915527344,41800
2016-10-19,12.750411033630371,19.3799991607666,19.420000076293945,19.25,19.25,33900
2016-10-20,12.750411033630371,19.3799991607666,19.479999542236328,19.360000610351562,19.360000610351562,28600
2016-10-21,12.86225700378418,19.549999237060547,19.579999923706055,19.450000762939453,19.5,28300
2016-10-24,12.8688383102417,19.559999465942383,19.6299991607666,19.5,19.530000686645508,27900
2016-10-25,12.86225700378418,19.549999237060547,19.649999618530273,19.5,19.5,25500
2016-10-26,12.895151138305664,19.600000381469727,19.600000381469727,19.520000457763672,19.59000015258789,10500
2016-10-27,12.895151138305664,19.600000381469727,19.610000610351562,19.479999542236328,19.56999969482422,35800
2016-10-28,12.908310890197754,19.6200008392334,19.68000030517578,19.530000686645508,19.68000030517578,30900
2016-10-31,12.901735305786133,19.610000610351562,19.610000610351562,19.510000228881836,19.600000381469727,20300
2016-11-01,12.908310890197754,19.6200008392334,19.6200008392334,19.459999084472656,19.6200008392334,21700
2016-11-02,12.901735305786133,19.610000610351562,19.65999984741211,19.510000228881836,19.6200008392334,21500
2016-11-03,12.895151138305664,19.600000381469727,19.6299991607666,19.520000457763672,19.6299991607666,18900
2016-11-04,12.888571739196777,19.59000015258789,19.68000030517578,19.459999084472656,19.540000915527344,24500
2016-11-07,12.842519760131836,19.520000457763672,19.639999389648438,19.520000457763672,19.610000610351562,9800
2016-11-08,12.737252235412598,19.360000610351562,19.549999237060547,19.190000534057617,19.459999084472656,54300
2016-11-09,12.566193580627441,19.100000381469727,19.260000228881836,18.989999771118164,19.190000534057617,45100
2016-11-10,12.349081993103027,18.770000457763672,19.079999923706055,18.670000076293945,18.969999313354492,56100
2016-11-11,12.309605598449707,18.709999084472656,18.829999923706055,18.639999389648438,18.670000076293945,35700
2016-11-14,12.210916519165039,18.559999465942383,18.65999984741211,18.479999542236328,18.65999984741211,27600
2016-11-15,12.217499732971191,18.56999969482422,18.719999313354492,18.450000762939453,18.450000762939453,33500
2016-11-16,12.375394821166992,18.809999465942383,18.809999465942383,18.530000686645508,18.610000610351562,37900
2016-11-17,12.401715278625488,18.850000381469727,18.850000381469727,18.739999771118164,18.780000686645508,29600
2016-11-18,12.414874076843262,18.8700008392334,18.899999618530273,18.81999969482422,18.81999969482422,21900
2016-11-21,12.434609413146973,18.899999618530273,18.950000762939453,18.850000381469727,18.850000381469727,35900
2016-11-22,12.493824005126953,18.989999771118164,19.010000228881836,18.950000762939453,19.010000228881836,25300
2016-11-23,12.355663299560547,18.780000686645508,18.920000076293945,18.780000686645508,18.860000610351562,22600
2016-11-25,12.368816375732422,18.799999237060547,18.81999969482422,18.709999084472656,18.709999084472656,11300
2016-11-28,12.335925102233887,18.75,18.8700008392334,18.739999771118164,18.739999771118164,38600
2016-11-29,12.335925102233887,18.75,18.790000915527344,18.700000762939453,18.700000762939453,20100
2016-11-30,12.283289909362793,18.670000076293945,18.75,18.65999984741211,18.670000076293945,56900
2016-12-01,12.243815422058105,18.610000610351562,18.639999389648438,18.549999237060547,18.549999237060547,18200
2016-12-02,12.309605598449707,18.709999084472656,18.709999084472656,18.520000457763672,18.549999237060547,42000
2016-12-05,12.322765350341797,18.729999542236328,18.739999771118164,18.56999969482422,18.68000030517578,20900
2016-12-06,12.375394821166992,18.809999465942383,18.809999465942383,18.670000076293945,18.75,20900
2016-12-07,12.44118881225586,18.90999984741211,18.93000030517578,18.790000915527344,18.799999237060547,23100
2016-12-08,12.329344749450684,18.739999771118164,18.8799991607666,18.739999771118164,18.84000015258789,25900
2016-12-09,12.309605598449707,18.709999084472656,18.860000610351562,18.709999084472656,18.790000915527344,21200
2016-12-12,12.263553619384766,18.639999389648438,18.709999084472656,18.530000686645508,18.579999923706055,33500
2016-12-13,12.316184997558594,18.719999313354492,18.719999313354492,18.65999984741211,18.65999984741211,17900
2016-12-14,12.329344749450684,18.739999771118164,18.780000686645508,18.729999542236328,18.729999542236328,29900
2016-12-15,12.28986930847168,18.68000030517578,18.829999923706055,18.65999984741211,18.829999923706055,35900
2016-12-16,12.362238883972168,18.790000915527344,18.790000915527344,18.6200008392334,18.6200008392334,20600
2016-12-19,12.42873764038086,18.690000534057617,18.719999313354492,18.479999542236328,18.479999542236328,28500
2016-12-20,12.442039489746094,18.709999084472656,18.790000915527344,18.600000381469727,18.6299991607666,27100
2016-12-21,12.461989402770996,18.739999771118164,18.84000015258789,18.709999084472656,18.84000015258789,17500
2016-12-22,12.508535385131836,18.809999465942383,18.899999618530273,18.700000762939453,18.700000762939453,27900
2016-12-23,12.555086135864258,18.8799991607666,18.920000076293945,18.81999969482422,18.920000076293945,36700
2016-12-27,12.614937782287598,18.969999313354492,19.049999237060547,18.84000015258789,18.920000076293945,31600
2016-12-28,12.6415376663208,19.010000228881836,19.059999465942383,18.950000762939453,18.979999542236328,18600
2016-12-29,12.4885892868042,18.780000686645508,19.25,18.649999618530273,19.25,8500
2016-12-30,12.741286277770996,19.15999984741211,19.170000076293945,18.84000015258789,19.020000457763672,23200
2017-01-03,12.614937782287598,18.969999313354492,19.15999984741211,18.969999313354492,19.059999465942383,13200
2017-01-04,12.468639373779297,18.75,19.209999084472656,17.780000686645508,19.209999084472656,99400
2017-01-05,12.581685066223145,18.920000076293945,19.110000610351562,18.670000076293945,18.670000076293945,39000
2017-01-06,12.634888648986816,19.0,19.100000381469727,18.8799991607666,18.8799991607666,17900
2017-01-09,12.634888648986816,19.0,19.100000381469727,18.899999618530273,18.899999618530273,14900
2017-01-10,12.601639747619629,18.950000762939453,19.0,18.889999389648438,18.93000030517578,27100
2017-01-11,12.608283042907715,18.959999084472656,19.0,18.8799991607666,18.8799991607666,26500
2017-01-12,12.6415376663208,19.010000228881836,19.030000686645508,18.899999618530273,18.899999618530273,24200
2017-01-13,12.688084602355957,19.079999923706055,19.139999389648438,19.0,19.0,26500
2017-01-17,12.827736854553223,19.290000915527344,19.290000915527344,19.0,19.0,25600
2017-01-18,12.721336364746094,19.1299991607666,19.200000762939453,19.1200008392334,19.200000762939453,17900
2017-01-19,12.71468734741211,19.1200008392334,19.149999618530273,19.079999923706055,19.100000381469727,26500
2017-01-20,12.734634399414062,19.149999618530273,19.149999618530273,19.09000015258789,19.149999618530273,15500
2017-01-23,12.78118896484375,19.219999313354492,19.219999313354492,19.110000610351562,19.1200008392334,4800
2017-01-24,12.727984428405762,19.139999389648438,19.15999984741211,19.110000610351562,19.110000610351562,23500
2017-01-25,12.674787521362305,19.059999465942383,19.100000381469727,19.030000686645508,19.040000915527344,29600
2017-01-26,12.701387405395508,19.100000381469727,19.1299991607666,19.049999237060547,19.1299991607666,23800
2017-01-27,12.708037376403809,19.110000610351562,19.1200008392334,19.059999465942383,19.059999465942383,27600
2017-01-30,12.701387405395508,19.100000381469727,19.1200008392334,19.059999465942383,19.100000381469727,30800
2017-01-31,12.688084602355957,19.079999923706055,19.170000076293945,19.040000915527344,19.170000076293945,30400
2017-02-01,12.66148567199707,19.040000915527344,19.06999969482422,18.979999542236328,18.979999542236328,21000
2017-02-02,12.648186683654785,19.020000457763672,19.049999237060547,18.959999084472656,18.959999084472656,36800
2017-02-03,12.6415376663208,19.010000228881836,19.040000915527344,18.93000030517578,18.93000030517578,28000
2017-02-06,12.6282377243042,18.989999771118164,19.079999923706055,18.959999084472656,18.959999084472656,20600
2017-02-07,12.6415376663208,19.010000228881836,19.020000457763672,18.959999084472656,18.969999313354492,24900
2017-02-08,12.674787521362305,19.059999465942383,19.09000015258789,19.010000228881836,19.010000228881836,30000
2017-02-09,12.721336364746094,19.1299991607666,19.1299991607666,19.049999237060547,19.049999237060547,23800
2017-02-10,12.674787521362305,19.059999465942383,19.100000381469727,19.059999465942383,19.079999923706055,11600
2017-02-13,12.681435585021973,19.06999969482422,19.100000381469727,19.040000915527344,19.049999237060547,14000
2017-02-14,12.668135643005371,19.049999237060547,19.1299991607666,19.020000457763672,19.1299991607666,19500
2017-02-15,12.648186683654785,19.020000457763672,19.049999237060547,18.979999542236328,18.979999542236328,11100
2017-02-16,12.668135643005371,19.049999237060547,19.079999923706055,18.989999771118164,19.079999923706055,19000
2017-02-17,12.708037376403809,19.110000610351562,19.139999389648438,19.040000915527344,19.040000915527344,13900
2017-02-21,12.71468734741211,19.1200008392334,19.1299991607666,19.0,19.0,25700
2017-02-22,12.69473648071289,19.09000015258789,19.1299991607666,19.059999465942383,19.1200008392334,11200
2017-02-23,12.708037376403809,19.110000610351562,19.170000076293945,19.06999969482422,19.100000381469727,18200
2017-02-24,12.734634399414062,19.149999618530273,19.190000534057617,19.09000015258789,19.190000534057617,5500
2017-02-27,12.708037376403809,19.110000610351562,19.110000610351562,19.030000686645508,19.030000686645508,28300
2017-02-28,12.754589080810547,19.18000030517578,19.18000030517578,18.959999084472656,18.959999084472656,38700
2017-03-01,12.634888648986816,19.0,19.1200008392334,19.0,19.010000228881836,24200
2017-03-02,12.674787521362305,19.059999465942383,19.059999465942383,18.950000762939453,18.950000762939453,20100
2017-03-03,12.66148567199707,19.040000915527344,19.190000534057617,19.010000228881836,19.010000228881836,27000
2017-03-06,12.674787521362305,19.059999465942383,19.139999389648438,19.049999237060547,19.139999389648438,13500
2017-03-07,12.66148567199707,19.040000915527344,19.079999923706055,18.950000762939453,18.959999084472656,27400
2017-03-08,12.561738014221191,18.889999389648438,19.020000457763672,18.889999389648438,18.940000534057617,53700
2017-03-09,12.561738014221191,18.889999389648438,19.040000915527344,18.780000686645508,19.040000915527344,48200
2017-03-10,12.568389892578125,18.899999618530273,19.0,18.899999618530273,18.979999542236328,13800
2017-03-13,12.575037002563477,18.90999984741211,19.030000686645508,18.8700008392334,19.030000686645508,13200
2017-03-14,12.548436164855957,18.8700008392334,18.889999389648438,18.8700008392334,18.8700008392334,22900
2017-03-15,12.594989776611328,18.940000534057617,18.979999542236328,18.639999389648438,18.780000686645508,16800
2017-03-16,12.568389892578125,18.899999618530273,19.0,18.780000686645508,19.0,7900
2017-03-17,12.541787147521973,18.860000610351562,18.899999618530273,18.809999465942383,18.809999465942383,14100
2017-03-20,12.588338851928711,18.93000030517578,18.950000762939453,18.850000381469727,18.850000381469727,17000
2017-03-21,12.601639747619629,18.950000762939453,19.0,18.920000076293945,18.920000076293945,19700
2017-03-22,12.701387405395508,19.100000381469727,19.100000381469727,18.979999542236328,19.020000457763672,17900
2017-03-23,12.71468734741211,19.1200008392334,19.139999389648438,18.979999542236328,19.139999389648438,9300
2017-03-24,12.688084602355957,19.079999923706055,19.100000381469727,19.0,19.100000381469727,21900
2017-03-27,12.69473648071289,19.09000015258789,19.110000610351562,19.010000228881836,19.110000610351562,14900
2017-03-28,12.708037376403809,19.110000610351562,19.18000030517578,19.040000915527344,19.18000030517578,34500
2017-03-29,12.688084602355957,19.079999923706055,19.170000076293945,19.06999969482422,19.170000076293945,10100
2017-03-30,12.747939109802246,19.170000076293945,19.190000534057617,19.079999923706055,19.190000534057617,27600
2017-03-31,12.741286277770996,19.15999984741211,19.190000534057617,19.079999923706055,19.190000534057617,41900
2017-04-03,12.875686645507812,19.15999984741211,19.15999984741211,19.049999237060547,19.049999237060547,20200
2017-04-04,12.84209156036377,19.110000610351562,19.139999389648438,19.020000457763672,19.049999237060547,14800
2017-04-05,12.754727363586426,18.979999542236328,19.06999969482422,18.959999084472656,18.959999084472656,26900
2017-04-06,12.808488845825195,19.059999465942383,19.06999969482422,19.010000228881836,19.020000457763672,23900
2017-04-07,12.808488845825195,19.059999465942383,19.1299991607666,19.020000457763672,19.020000457763672,14100
2017-04-10,12.835370063781738,19.100000381469727,19.110000610351562,19.079999923706055,19.110000610351562,13500
2017-04-11,12.84209156036377,19.110000610351562,19.190000534057617,19.079999923706055,19.079999923706055,13400
2017-04-12,12.88240909576416,19.170000076293945,19.18000030517578,19.100000381469727,19.100000381469727,14400
2017-04-13,12.902569770812988,19.200000762939453,19.239999771118164,19.110000610351562,19.110000610351562,16200
2017-04-17,12.916010856628418,19.219999313354492,19.290000915527344,19.209999084472656,19.290000915527344,23900
2017-04-18,12.922727584838867,19.229999542236328,19.260000228881836,19.200000762939453,19.200000762939453,13000
2017-04-19,12.922727584838867,19.229999542236328,19.299999237060547,19.229999542236328,19.299999237060547,7900
2017-04-20,12.875686645507812,19.15999984741211,19.15999984741211,18.969999313354492,19.149999618530273,17500
2017-04-21,12.94960880279541,19.270000457763672,19.299999237060547,19.200000762939453,19.299999237060547,17900
2017-04-24,12.929450035095215,19.239999771118164,19.280000686645508,19.149999618530273,19.25,57200
2017-04-25,12.963051795959473,19.290000915527344,19.299999237060547,19.25,19.280000686645508,21900
2017-04-26,12.989928245544434,19.329999923706055,19.3799991607666,19.219999313354492,19.299999237060547,8900
2017-04-27,12.989928245544434,19.329999923706055,19.360000610351562,19.309999465942383,19.309999465942383,8100
2017-04-28,13.003371238708496,19.350000381469727,19.479999542236328,19.299999237060547,19.479999542236328,13600
2017-05-01,13.050407409667969,19.420000076293945,19.530000686645508,19.25,19.25,9600
2017-05-02,13.077291488647461,19.459999084472656,19.5,19.34000015258789,19.34000015258789,7900
2017-05-03,13.08401107788086,19.469999313354492,19.489999771118164,19.420000076293945,19.459999084472656,11600
2017-05-04,13.285611152648926,19.770000457763672,20.450000762939453,19.459999084472656,19.799999237060547,42000
2017-05-05,13.30577278137207,19.799999237060547,19.860000610351562,19.700000762939453,19.860000610351562,8900
2017-05-08,13.191532135009766,19.6299991607666,19.850000381469727,19.549999237060547,19.850000381469727,11900
2017-05-09,13.157929420471191,19.579999923706055,19.84000015258789,19.530000686645508,19.84000015258789,18100
2017-05-10,13.184814453125,19.6200008392334,19.760000228881836,19.489999771118164,19.700000762939453,12000
2017-05-11,13.117613792419434,19.520000457763672,19.700000762939453,19.520000457763672,19.700000762939453,8400
2017-05-12,13.144491195678711,19.559999465942383,19.729999542236328,19.399999618530273,19.399999618530273,19800
2017-05-15,13.245291709899902,19.709999084472656,19.709999084472656,19.479999542236328,19.479999542236328,6300
2017-05-16,13.292336463928223,19.780000686645508,19.809999465942383,19.690000534057617,19.700000762939453,10900
2017-05-17,13.299052238464355,19.790000915527344,19.950000762939453,19.690000534057617,19.950000762939453,8200
2017-05-18,13.265454292297363,19.739999771118164,20.0,19.670000076293945,19.899999618530273,18300
2017-05-19,13.265454292297363,19.739999771118164,19.790000915527344,19.670000076293945,19.75,14500
2017-05-22,13.218411445617676,19.670000076293945,19.729999542236328,19.670000076293945,19.690000534057617,18300
2017-05-23,13.225132942199707,19.68000030517578,19.809999465942383,19.610000610351562,19.770000457763672,22100
2017-05-24,13.178092956542969,19.610000610351562,19.989999771118164,19.5,19.700000762939453,12000
2017-05-25,13.171370506286621,19.600000381469727,19.760000228881836,19.59000015258789,19.610000610351562,11800
2017-05-26,13.178092956542969,19.610000610351562,19.75,19.5,19.5,21700
2017-05-30,13.151212692260742,19.56999969482422,19.739999771118164,19.459999084472656,19.459999084472656,16100
2017-05-31,13.124335289001465,19.530000686645508,19.719999313354492,19.530000686645508,19.719999313354492,21100
2017-06-01,13.090729713439941,19.479999542236328,19.889999389648438,19.399999618530273,19.420000076293945,23300
2017-06-02,13.191532135009766,19.6299991607666,19.6299991607666,19.510000228881836,19.559999465942383,13700
2017-06-05,13.178092956542969,19.610000610351562,19.690000534057617,19.549999237060547,19.690000534057617,14300
2017-06-06,13.198249816894531,19.639999389648438,19.639999389648438,19.510000228881836,19.510000228881836,12600
2017-06-07,13.184814453125,19.6200008392334,19.639999389648438,19.59000015258789,19.6200008392334,12200
2017-06-08,13.184814453125,19.6200008392334,19.639999389648438,19.549999237060547,19.549999237060547,16500
2017-06-09,13.225132942199707,19.68000030517578,19.68000030517578,19.600000381469727,19.600000381469727,10200
2017-06-12,13.178092956542969,19.610000610351562,19.670000076293945,19.600000381469727,19.670000076293945,17400
2017-06-13,13.171370506286621,19.600000381469727,19.65999984741211,19.549999237060547,19.549999237060547,23000
2017-06-14,13.245291709899902,19.709999084472656,19.75,19.610000610351562,19.610000610351562,12000
2017-06-15,13.204970359802246,19.649999618530273,19.809999465942383,19.6299991607666,19.809999465942383,20000
2017-06-16,13.272176742553711,19.75,19.889999389648438,19.690000534057617,19.889999389648438,9800
2017-06-19,13.258734703063965,19.729999542236328,19.93000030517578,19.729999542236328,19.889999389648438,11900
2017-06-20,13.299052238464355,19.790000915527344,19.8799991607666,19.700000762939453,19.8700008392334,6800
2017-06-21,13.346096992492676,19.860000610351562,19.90999984741211,19.670000076293945,19.670000076293945,27900
2017-06-22,13.399857521057129,19.940000534057617,19.969999313354492,19.809999465942383,19.920000076293945,9400
2017-06-23,13.379691123962402,19.90999984741211,19.959999084472656,19.809999465942383,19.860000610351562,8400
2017-06-26,13.386411666870117,19.920000076293945,19.93000030517578,19.780000686645508,19.799999237060547,16400
2017-06-27,13.406573295593262,19.950000762939453,19.969999313354492,19.860000610351562,19.969999313354492,18900
2017-06-28,13.420018196105957,19.969999313354492,20.049999237060547,19.860000610351562,20.010000228881836,15200
2017-06-29,13.359532356262207,19.8799991607666,20.020000457763672,19.790000915527344,20.020000457763672,17400
2017-06-30,13.285611152648926,19.770000457763672,19.84000015258789,19.75,19.81999969482422,19100
2017-07-03,13.285611152648926,19.770000457763672,19.889999389648438,19.709999084472656,19.889999389648438,6400
2017-07-05,13.225132942199707,19.68000030517578,19.8700008392334,19.65999984741211,19.8700008392334,18200
2017-07-06,13.204970359802246,19.649999618530273,19.799999237060547,19.6299991607666,19.799999237060547,9100
2017-07-07,13.204970359802246,19.649999618530273,19.719999313354492,19.610000610351562,19.610000610351562,11600
2017-07-10,13.178092956542969,19.610000610351562,19.68000030517578,19.610000610351562,19.610000610351562,13300
2017-07-11,13.178092956542969,19.610000610351562,19.639999389648438,19.559999465942383,19.559999465942383,13600
2017-07-12,13.198249816894531,19.639999389648438,19.670000076293945,19.6200008392334,19.65999984741211,13300
2017-07-13,13.178092956542969,19.610000610351562,19.649999618530273,19.600000381469727,19.600000381469727,25400
2017-07-14,13.191532135009766,19.6299991607666,19.690000534057617,19.579999923706055,19.579999923706055,10500
2017-07-17,13.285611152648926,19.770000457763672,19.780000686645508,19.6299991607666,19.6299991607666,18000
2017-07-18,13.312494277954102,19.809999465942383,19.829999923706055,19.719999313354492,19.719999313354492,14500
2017-07-19,13.271761894226074,19.549999237060547,19.809999465942383,19.549999237060547,19.559999465942383,10500
2017-07-20,13.312494277954102,19.610000610351562,19.639999389648438,19.559999465942383,19.600000381469727,10400
2017-07-21,13.278550148010254,19.559999465942383,19.690000534057617,19.549999237060547,19.690000534057617,15800
2017-07-24,13.264974594116211,19.540000915527344,19.6299991607666,19.5,19.6299991607666,14400
2017-07-25,13.190299034118652,19.43000030517578,19.549999237060547,19.43000030517578,19.459999084472656,26600
2017-07-26,13.244607925415039,19.510000228881836,19.530000686645508,19.43000030517578,19.440000534057617,15800
2017-07-27,13.237817764282227,19.5,19.510000228881836,19.469999313354492,19.469999313354492,14100
2017-07-28,13.244607925415039,19.510000228881836,19.56999969482422,19.450000762939453,19.450000762939453,16000
2017-07-31,13.298916816711426,19.59000015258789,19.6200008392334,19.459999084472656,19.459999084472656,17400
2017-08-01,13.326071739196777,19.6299991607666,19.739999771118164,19.59000015258789,19.59000015258789,18900
2017-08-02,13.380377769470215,19.709999084472656,19.729999542236328,19.649999618530273,19.729999542236328,6000
2017-08-03,13.441476821899414,19.799999237060547,19.850000381469727,19.700000762939453,19.729999542236328,11200
2017-08-04,13.326071739196777,19.6299991607666,19.780000686645508,19.6200008392334,19.719999313354492,22300
2017-08-07,13.421109199523926,19.770000457763672,19.770000457763672,19.649999618530273,19.709999084472656,4800
2017-08-08,13.326071739196777,19.6299991607666,19.809999465942383,19.610000610351562,19.809999465942383,8400
2017-08-09,13.210665702819824,19.459999084472656,19.809999465942383,19.239999771118164,19.690000534057617,28800
2017-08-10,13.353225708007812,19.670000076293945,19.670000076293945,19.520000457763672,19.56999969482422,174400
2017-08-11,13.42790412902832,19.780000686645508,19.780000686645508,19.469999313354492,19.469999313354492,26400
2017-08-14,13.509363174438477,19.899999618530273,19.93000030517578,19.600000381469727,19.809999465942383,30700
2017-08-15,13.550094604492188,19.959999084472656,19.969999313354492,19.809999465942383,19.899999618530273,24200
2017-08-16,13.624771118164062,20.06999969482422,20.149999618530273,19.860000610351562,19.889999389648438,45300
2017-08-17,13.767330169677734,20.280000686645508,20.389999389648438,19.959999084472656,20.190000534057617,85100
2017-08-18,13.760541915893555,20.270000457763672,20.389999389648438,20.15999984741211,20.389999389648438,14100
2017-08-21,13.848793029785156,20.399999618530273,20.399999618530273,20.190000534057617,20.190000534057617,21600
2017-08-22,13.82843017578125,20.3700008392334,20.399999618530273,20.31999969482422,20.399999618530273,16800
2017-08-23,13.848793029785156,20.399999618530273,20.399999618530273,20.3700008392334,20.399999618530273,19100
2017-08-24,14.086396217346191,20.75,20.93000030517578,20.350000381469727,20.420000076293945,27500
2017-08-25,13.93704605102539,20.530000686645508,20.739999771118164,20.420000076293945,20.739999771118164,8900
2017-08-28,13.82843017578125,20.3700008392334,20.489999771118164,20.31999969482422,20.399999618530273,16700
2017-08-29,13.889527320861816,20.459999084472656,20.799999237060547,20.280000686645508,20.280000686645508,18400
2017-08-30,13.787697792053223,20.309999465942383,20.420000076293945,20.270000457763672,20.270000457763672,17300
2017-08-31,13.740180015563965,20.239999771118164,20.450000762939453,20.229999542236328,20.25,18500
2017-09-01,13.692658424377441,20.170000076293945,20.25,20.170000076293945,20.18000030517578,16500
2017-09-05,13.685867309570312,20.15999984741211,20.209999084472656,20.1299991607666,20.170000076293945,17000
2017-09-06,13.651925086975098,20.110000610351562,20.18000030517578,19.989999771118164,19.989999771118164,20800
2017-09-07,13.658716201782227,20.1200008392334,20.1299991607666,20.030000686645508,20.09000015258789,13600
2017-09-08,13.651925086975098,20.110000610351562,20.170000076293945,20.0,20.040000915527344,18200
2017-09-11,13.658716201782227,20.1200008392334,20.1200008392334,20.020000457763672,20.049999237060547,13700
2017-09-12,13.651925086975098,20.110000610351562,20.149999618530273,20.079999923706055,20.1200008392334,29100
2017-09-13,13.679078102111816,20.149999618530273,20.200000762939453,20.010000228881836,20.040000915527344,21900
2017-09-14,13.624771118164062,20.06999969482422,20.190000534057617,20.040000915527344,20.149999618530273,17200
2017-09-15,13.862375259399414,20.420000076293945,20.489999771118164,20.100000381469727,20.100000381469727,11700
2017-09-18,13.977778434753418,20.59000015258789,20.59000015258789,20.389999389648438,20.389999389648438,37100
2017-09-19,14.018514633178711,20.649999618530273,20.829999923706055,20.43000030517578,20.600000381469727,11900
2017-09-20,14.079610824584961,20.739999771118164,21.100000381469727,20.670000076293945,20.770000457763672,15200
2017-09-21,13.916681289672852,20.5,21.0,20.5,20.729999542236328,20700
2017-09-22,14.05245590209961,20.700000762939453,20.899999618530273,20.520000457763672,20.739999771118164,12900
2017-09-25,13.787697792053223,20.309999465942383,20.729999542236328,20.200000762939453,20.729999542236328,16000
2017-09-26,13.767330169677734,20.280000686645508,20.6200008392334,20.280000686645508,20.329999923706055,17400
2017-09-27,13.848793029785156,20.399999618530273,20.399999618530273,20.170000076293945,20.209999084472656,16300
2017-09-28,13.766522407531738,20.079999923706055,20.290000915527344,20.020000457763672,20.040000915527344,14500
2017-09-29,13.780233383178711,20.100000381469727,20.1200008392334,19.959999084472656,19.959999084472656,16700
2017-10-02,13.821372032165527,20.15999984741211,20.270000457763672,20.100000381469727,20.260000228881836,20600
2017-10-03,13.711679458618164,20.0,20.219999313354492,19.920000076293945,20.06999969482422,15900
2017-10-04,13.57456111907959,19.799999237060547,20.1299991607666,19.799999237060547,19.899999618530273,31400
2017-10-05,13.57456111907959,19.799999237060547,19.90999984741211,19.799999237060547,19.799999237060547,21300
2017-10-06,13.57456111907959,19.799999237060547,19.8700008392334,19.799999237060547,19.8700008392334,23500
2017-10-09,13.629405975341797,19.8799991607666,19.899999618530273,19.739999771118164,19.739999771118164,10200
2017-10-10,13.732248306274414,20.030000686645508,20.100000381469727,19.780000686645508,19.829999923706055,13400
2017-10-11,13.636263847351074,19.889999389648438,20.030000686645508,19.8700008392334,19.8700008392334,21400
2017-10-12,13.588273048400879,19.81999969482422,19.950000762939453,19.81999969482422,19.950000762939453,15800
2017-10-13,13.560853958129883,19.780000686645508,19.850000381469727,19.760000228881836,19.760000228881836,13100
2017-10-16,13.588273048400879,19.81999969482422,19.889999389648438,19.719999313354492,19.780000686645508,29200
2017-10-17,13.670544624328613,19.940000534057617,19.950000762939453,19.700000762939453,19.739999771118164,15000
2017-10-18,13.615697860717773,19.860000610351562,19.950000762939453,19.770000457763672,19.770000457763672,10800
2017-10-19,13.58141803741455,19.809999465942383,19.93000030517578,19.799999237060547,19.799999237060547,14900
2017-10-20,13.615697860717773,19.860000610351562,19.920000076293945,19.81999969482422,19.850000381469727,13600
2017-10-23,13.670544624328613,19.940000534057617,19.979999542236328,19.81999969482422,19.940000534057617,8400
2017-10-24,13.649971961975098,19.90999984741211,20.0,19.860000610351562,19.950000762939453,13400
2017-10-25,13.68425464630127,19.959999084472656,20.0,19.850000381469727,19.850000381469727,13800
2017-10-26,14.157312393188477,20.649999618530273,20.649999618530273,19.8700008392334,19.8700008392334,11500
2017-10-27,13.677396774291992,19.950000762939453,20.479999542236328,19.90999984741211,20.299999237060547,25600
2017-10-30,13.958488464355469,20.360000610351562,20.389999389648438,19.8799991607666,19.8799991607666,16900
2017-10-31,14.123028755187988,20.600000381469727,20.600000381469727,20.3700008392334,20.479999542236328,15100
2017-11-01,13.979059219360352,20.389999389648438,20.65999984741211,20.350000381469727,20.649999618530273,35200
2017-11-02,13.841938018798828,20.190000534057617,20.389999389648438,20.020000457763672,20.389999389648438,11200
2017-11-03,13.773381233215332,20.09000015258789,20.139999389648438,20.06999969482422,20.110000610351562,3600
2017-11-06,13.74595832824707,20.049999237060547,20.079999923706055,19.90999984741211,19.93000030517578,14500
2017-11-07,13.732248306274414,20.030000686645508,20.149999618530273,20.0,20.149999618530273,10600
2017-11-08,13.780233383178711,20.100000381469727,20.139999389648438,20.0,20.1299991607666,8000
2017-11-09,13.622553825378418,19.8700008392334,20.020000457763672,19.860000610351562,20.020000457763672,21000
2017-11-10,13.43058967590332,19.59000015258789,19.809999465942383,19.59000015258789,19.790000915527344,5100
2017-11-13,13.519713401794434,19.719999313354492,19.770000457763672,19.6299991607666,19.6299991607666,8400
2017-11-14,13.451157569885254,19.6200008392334,19.719999313354492,19.559999465942383,19.639999389648438,12000
2017-11-15,13.492291450500488,19.68000030517578,19.760000228881836,19.530000686645508,19.719999313354492,15800
2017-11-16,13.451157569885254,19.6200008392334,19.75,19.5,19.75,12800
2017-11-17,13.643119812011719,19.899999618530273,19.899999618530273,19.479999542236328,19.479999542236328,23400
2017-11-20,13.74595832824707,20.049999237060547,20.049999237060547,19.760000228881836,19.790000915527344,10700
2017-11-21,14.033906936645508,20.469999313354492,20.489999771118164,20.100000381469727,20.209999084472656,22800
2017-11-22,14.020191192626953,20.450000762939453,20.5,20.399999618530273,20.399999618530273,14800
2017-11-24,13.889932632446289,20.260000228881836,20.59000015258789,20.260000228881836,20.540000915527344,5200
2017-11-27,13.883074760437012,20.25,20.579999923706055,20.25,20.3799991607666,9600
2017-11-28,14.006482124328613,20.43000030517578,20.5,20.389999389648438,20.399999618530273,12400
2017-11-29,13.910501480102539,20.290000915527344,20.549999237060547,20.170000076293945,20.510000228881836,17100
2017-11-30,14.123028755187988,20.600000381469727,20.600000381469727,20.3700008392334,20.40999984741211,12800
2017-12-01,13.862504005432129,20.219999313354492,20.5,20.1299991607666,20.43000030517578,11800
2017-12-04,13.924210548400879,20.309999465942383,20.600000381469727,20.059999465942383,20.299999237060547,18200
2017-12-05,13.814515113830566,20.149999618530273,20.579999923706055,20.1299991607666,20.31999969482422,15100
2017-12-06,13.725391387939453,20.020000457763672,20.18000030517578,19.969999313354492,20.059999465942383,16200
2017-12-07,13.711679458618164,20.0,20.1200008392334,20.0,20.100000381469727,11500
2017-12-08,13.677396774291992,19.950000762939453,20.149999618530273,19.940000534057617,19.969999313354492,24600
2017-12-11,13.663687705993652,19.93000030517578,20.100000381469727,19.920000076293945,20.100000381469727,12500
2017-12-12,13.629405975341797,19.8799991607666,20.020000457763672,19.780000686645508,19.860000610351562,23600
2017-12-13,13.560853958129883,19.780000686645508,19.90999984741211,19.760000228881836,19.8799991607666,11300
2017-12-14,13.636263847351074,19.889999389648438,19.90999984741211,19.770000457763672,19.8799991607666,14600
2017-12-15,13.985910415649414,20.399999618530273,20.399999618530273,19.979999542236328,20.040000915527344,14100
2017-12-18,14.102465629577637,20.56999969482422,20.56999969482422,20.43000030517578,20.469999313354492,11400
2017-12-19,14.047616958618164,20.489999771118164,20.600000381469727,20.299999237060547,20.600000381469727,10200
2017-12-20,14.123028755187988,20.600000381469727,20.84000015258789,20.219999313354492,20.5,26700
2017-12-21,13.972200393676758,20.3799991607666,20.81999969482422,20.3799991607666,20.610000610351562,28700
2017-12-22,13.910501480102539,20.290000915527344,20.43000030517578,20.229999542236328,20.399999618530273,18800
2017-12-26,13.848795890808105,20.200000762939453,20.649999618530273,20.15999984741211,20.350000381469727,12000
2017-12-27,14.101816177368164,20.1200008392334,20.43000030517578,19.989999771118164,20.399999618530273,18300
2017-12-28,13.989673614501953,19.959999084472656,20.260000228881836,19.790000915527344,20.260000228881836,16100
2017-12-29,13.94761848449707,19.899999618530273,20.040000915527344,19.75,20.040000915527344,18800
2018-01-02,13.989673614501953,19.959999084472656,20.040000915527344,19.90999984741211,19.969999313354492,13400
2018-01-03,14.0667724609375,20.06999969482422,20.149999618530273,19.950000762939453,20.110000610351562,18400
2018-01-04,14.227975845336914,20.299999237060547,20.5,19.989999771118164,20.040000915527344,13400
2018-01-05,14.164897918701172,20.209999084472656,20.440000534057617,20.149999618530273,20.420000076293945,10900
2018-01-08,14.368151664733887,20.5,20.5,20.139999389648438,20.309999465942383,58600
2018-01-09,14.04574203491211,20.040000915527344,20.34000015258789,20.030000686645508,20.34000015258789,9500
2018-01-10,13.877532005310059,19.799999237060547,20.5,19.799999237060547,19.940000534057617,25900
2018-01-11,13.667264938354492,19.5,20.0,19.440000534057617,19.829999923706055,22300
2018-01-12,13.667264938354492,19.5,19.559999465942383,19.40999984741211,19.420000076293945,17700
2018-01-16,13.737354278564453,19.600000381469727,19.770000457763672,19.579999923706055,19.68000030517578,28700
2018-01-17,13.779404640197754,19.65999984741211,19.719999313354492,19.600000381469727,19.65999984741211,23600
2018-01-18,13.870523452758789,19.790000915527344,20.100000381469727,19.709999084472656,19.770000457763672,29400
2018-01-19,13.842489242553711,19.75,20.100000381469727,19.65999984741211,19.889999389648438,12200
2018-01-22,14.080788612365723,20.09000015258789,20.100000381469727,19.6299991607666,19.690000534057617,21700
2018-01-23,13.905567169189453,19.84000015258789,20.09000015258789,19.739999771118164,20.09000015258789,12600
2018-01-24,13.870523452758789,19.790000915527344,20.049999237060547,19.790000915527344,19.809999465942383,16800
2018-01-25,13.89855670928955,19.829999923706055,19.959999084472656,19.719999313354492,19.940000534057617,7700
2018-01-26,14.010701179504395,19.989999771118164,19.989999771118164,19.8799991607666,19.90999984741211,10600
2018-01-29,14.017707824707031,20.0,20.0,19.860000610351562,19.989999771118164,11300
2018-01-30,13.821459770202637,19.719999313354492,20.049999237060547,19.600000381469727,20.0,17500
2018-01-31,14.143871307373047,20.18000030517578,20.190000534057617,19.709999084472656,20.049999237060547,19300
2018-02-01,14.136859893798828,20.170000076293945,20.18000030517578,19.959999084472656,20.18000030517578,11300
2018-02-02,14.12283992767334,20.149999618530273,20.25,19.860000610351562,20.049999237060547,18600
2018-02-05,14.136859893798828,20.170000076293945,20.239999771118164,19.93000030517578,20.15999984741211,34500
2018-02-06,14.059762001037598,20.059999465942383,20.149999618530273,20.040000915527344,20.040000915527344,15600
2018-02-07,13.926593780517578,19.8700008392334,20.100000381469727,19.760000228881836,19.93000030517578,12400
2018-02-08,13.709320068359375,19.559999465942383,19.790000915527344,19.5,19.670000076293945,26900
2018-02-09,13.5200834274292,19.290000915527344,19.540000915527344,19.290000915527344,19.5,6900
2018-02-12,13.674276351928711,19.510000228881836,19.90999984741211,19.299999237060547,19.299999237060547,9900
2018-02-13,14.010701179504395,19.989999771118164,20.059999465942383,19.579999923706055,19.579999923706055,15700
2018-02-14,13.709320068359375,19.559999465942383,20.079999923706055,19.559999465942383,19.920000076293945,20200
2018-02-15,13.660259246826172,19.489999771118164,19.860000610351562,19.489999771118164,19.81999969482422,11800
2018-02-16,13.583159446716309,19.3799991607666,19.559999465942383,19.3799991607666,19.559999465942383,9400
2018-02-20,13.449991226196289,19.190000534057617,19.6200008392334,19.190000534057617,19.389999389648438,8100
2018-02-21,13.646241188049316,19.469999313354492,19.469999313354492,19.110000610351562,19.139999389648438,15400
2018-02-22,13.737354278564453,19.600000381469727,19.8799991607666,19.56999969482422,19.610000610351562,22300
2018-02-23,13.94761848449707,19.899999618530273,19.899999618530273,19.65999984741211,19.719999313354492,8400
2018-02-26,14.017707824707031,20.0,20.110000610351562,19.829999923706055,19.899999618530273,10600
2018-02-27,13.863517761230469,19.780000686645508,20.139999389648438,19.75,19.989999771118164,7800
2018-02-28,13.737354278564453,19.600000381469727,20.110000610351562,19.559999465942383,19.84000015258789,9600
2018-03-01,13.786415100097656,19.670000076293945,20.1200008392334,19.6200008392334,19.6200008392334,9500
2018-03-02,13.604187965393066,19.40999984741211,19.799999237060547,19.40999984741211,19.6200008392334,11400
2018-03-05,13.527091026306152,19.299999237060547,19.549999237060547,19.299999237060547,19.350000381469727,8700
2018-03-06,13.527091026306152,19.299999237060547,19.350000381469727,19.1200008392334,19.1200008392334,22100
2018-03-07,13.618204116821289,19.43000030517578,19.43000030517578,19.280000686645508,19.350000381469727,9800
2018-03-08,13.744363784790039,19.610000610351562,19.649999618530273,19.420000076293945,19.489999771118164,10100
2018-03-09,13.94761848449707,19.899999618530273,19.989999771118164,19.709999084472656,19.959999084472656,29600
2018-03-12,13.968647003173828,19.93000030517578,19.940000534057617,19.790000915527344,19.899999618530273,17100
2018-03-13,13.933600425720215,19.8799991607666,19.989999771118164,19.760000228881836,19.989999771118164,20500
2018-03-14,13.996685981750488,19.969999313354492,19.969999313354492,19.770000457763672,19.899999618530273,10700
2018-03-15,14.003691673278809,19.979999542236328,19.989999771118164,19.709999084472656,19.989999771118164,11600
2018-03-16,13.877532005310059,19.799999237060547,20.0,19.6200008392334,20.0,13700
2018-03-19,13.709320068359375,19.559999465942383,19.780000686645508,19.530000686645508,19.719999313354492,10000
2018-03-20,13.653247833251953,19.479999542236328,20.0,19.440000534057617,19.579999923706055,18000
2018-03-21,13.702310562133789,19.549999237060547,19.889999389648438,19.420000076293945,19.489999771118164,10300
2018-03-22,13.653247833251953,19.479999542236328,19.969999313354492,19.469999313354492,19.520000457763672,25500
2018-03-23,13.56213665008545,19.350000381469727,19.56999969482422,19.34000015258789,19.56999969482422,16300
2018-03-26,13.471020698547363,19.219999313354492,19.440000534057617,19.200000762939453,19.3799991607666,14400
2018-03-27,13.485036849975586,19.239999771118164,19.270000457763672,19.1200008392334,19.270000457763672,12800
2018-03-28,13.5200834274292,19.290000915527344,19.31999969482422,19.18000030517578,19.18000030517578,24100
2018-03-29,13.576149940490723,19.3700008392334,19.450000762939453,19.260000228881836,19.34000015258789,35700
2018-04-02,13.541102409362793,19.31999969482422,19.459999084472656,19.290000915527344,19.3700008392334,18800
2018-04-03,13.527091026306152,19.299999237060547,19.360000610351562,19.25,19.309999465942383,13300
2018-04-04,13.569580078125,19.15999984741211,19.260000228881836,19.059999465942383,19.06999969482422,22600
2018-04-05,13.44918441772461,18.989999771118164,19.059999465942383,18.969999313354492,19.059999465942383,18000
2018-04-06,13.435017585754395,18.969999313354492,19.06999969482422,18.809999465942383,18.959999084472656,22600
2018-04-09,13.39960765838623,18.920000076293945,19.030000686645508,18.90999984741211,18.920000076293945,16200
2018-04-10,13.413773536682129,18.940000534057617,18.969999313354492,18.90999984741211,18.969999313354492,31400
2018-04-11,13.427934646606445,18.959999084472656,19.0,18.90999984741211,19.0,21000
2018-04-12,13.420857429504395,18.950000762939453,18.950000762939453,18.850000381469727,18.920000076293945,27200
2018-04-13,13.357114791870117,18.860000610351562,19.010000228881836,18.850000381469727,19.010000228881836,17400
2018-04-16,13.357114791870117,18.860000610351562,18.969999313354492,18.860000610351562,18.860000610351562,14800
2018-04-17,13.385446548461914,18.899999618530273,18.959999084472656,18.8700008392334,18.8700008392334,23200
2018-04-18,13.357114791870117,18.860000610351562,18.920000076293945,18.790000915527344,18.920000076293945,27900
2018-04-19,13.300457000732422,18.780000686645508,18.8799991607666,18.719999313354492,18.8799991607666,20200
2018-04-20,13.250883102416992,18.709999084472656,18.860000610351562,18.709999084472656,18.860000610351562,15300
2018-04-23,13.300457000732422,18.780000686645508,18.799999237060547,18.709999084472656,18.799999237060547,71600
2018-04-24,13.300457000732422,18.780000686645508,18.84000015258789,18.729999542236328,18.84000015258789,18000
2018-04-25,13.427934646606445,18.959999084472656,18.959999084472656,18.799999237060547,18.799999237060547,28100
2018-04-26,13.32878589630127,18.81999969482422,18.8799991607666,18.780000686645508,18.84000015258789,20200
2018-04-27,13.491676330566406,19.049999237060547,19.15999984741211,18.920000076293945,18.959999084472656,12000
2018-04-30,13.456269264221191,19.0,19.15999984741211,18.989999771118164,19.15999984741211,8100
2018-05-01,13.357114791870117,18.860000610351562,19.1200008392334,18.860000610351562,19.100000381469727,10100
2018-05-02,13.37127685546875,18.8799991607666,19.079999923706055,18.670000076293945,18.860000610351562,8500
2018-05-03,13.293375968933105,18.770000457763672,18.860000610351562,18.739999771118164,18.809999465942383,14100
2018-05-04,13.265048027038574,18.729999542236328,18.739999771118164,18.639999389648438,18.700000762939453,22300
2018-05-07,13.222553253173828,18.670000076293945,18.760000228881836,18.6299991607666,18.760000228881836,22700
2018-05-08,13.201305389404297,18.639999389648438,18.729999542236328,18.6200008392334,18.709999084472656,16800
2018-05-09,13.165894508361816,18.59000015258789,18.75,18.549999237060547,18.75,32500
2018-05-10,13.19422435760498,18.6299991607666,18.670000076293945,18.6299991607666,18.65999984741211,23800
2018-05-11,13.201305389404297,18.639999389648438,18.65999984741211,18.600000381469727,18.6299991607666,11300
2018-05-14,13.151731491088867,18.56999969482422,18.6299991607666,18.559999465942383,18.56999969482422,28700
2018-05-15,13.109234809875488,18.510000228881836,18.530000686645508,18.399999618530273,18.440000534057617,31200
2018-05-16,13.07382583618164,18.459999084472656,18.520000457763672,18.459999084472656,18.489999771118164,13200
2018-05-17,13.080907821655273,18.469999313354492,18.5,18.440000534057617,18.459999084472656,19900
2018-05-18,13.07382583618164,18.459999084472656,18.549999237060547,18.450000762939453,18.479999542236328,28200
2018-05-21,13.052577018737793,18.43000030517578,18.489999771118164,18.43000030517578,18.489999771118164,25500
2018-05-22,13.017165184020996,18.3799991607666,18.479999542236328,18.3700008392334,18.389999389648438,29600
2018-05-23,13.017165184020996,18.3799991607666,18.420000076293945,18.360000610351562,18.360000610351562,20300
2018-05-24,13.017165184020996,18.3799991607666,18.459999084472656,18.3799991607666,18.450000762939453,20100
2018-05-25,13.038415908813477,18.40999984741211,18.43000030517578,18.3799991607666,18.3799991607666,12800
2018-05-29,13.045494079589844,18.420000076293945,18.469999313354492,18.399999618530273,18.469999313354492,25900
2018-05-30,13.045494079589844,18.420000076293945,18.469999313354492,18.399999618530273,18.399999618530273,12800
2018-05-31,13.059659957885742,18.440000534057617,18.459999084472656,18.420000076293945,18.420000076293945,17600
2018-06-01,13.024250030517578,18.389999389648438,18.440000534057617,18.3799991607666,18.3799991607666,18300
2018-06-04,13.00300407409668,18.360000610351562,18.420000076293945,18.360000610351562,18.3799991607666,31600
2018-06-05,12.988837242126465,18.34000015258789,18.420000076293945,18.329999923706055,18.329999923706055,22900
2018-06-06,12.981754302978516,18.329999923706055,18.360000610351562,18.299999237060547,18.31999969482422,27300
2018-06-07,12.967592239379883,18.309999465942383,18.350000381469727,18.040000915527344,18.219999313354492,23400
2018-06-08,12.974676132202148,18.31999969482422,18.360000610351562,18.299999237060547,18.34000015258789,23800
2018-06-11,12.910935401916504,18.229999542236328,18.360000610351562,18.229999542236328,18.360000610351562,37900
2018-06-12,12.960509300231934,18.299999237060547,18.329999923706055,18.25,18.25,329200
2018-06-13,12.9463472366333,18.280000686645508,18.3700008392334,18.280000686645508,18.280000686645508,17000
2018-06-14,12.988837242126465,18.34000015258789,18.420000076293945,18.280000686645508,18.420000076293945,21200
2018-06-15,13.038415908813477,18.40999984741211,18.43000030517578,18.3700008392334,18.43000030517578,17400
2018-06-18,13.024250030517578,18.389999389648438,18.440000534057617,18.389999389648438,18.389999389648438,22900
2018-06-19,13.017165184020996,18.3799991607666,18.440000534057617,18.350000381469727,18.389999389648438,18700
2018-06-20,12.99592113494873,18.350000381469727,18.40999984741211,18.34000015258789,18.350000381469727,13300
2018-06-21,13.024250030517578,18.389999389648438,18.399999618530273,18.350000381469727,18.350000381469727,8200
2018-06-22,13.045494079589844,18.420000076293945,18.420000076293945,18.399999618530273,18.40999984741211,3900
2018-06-25,13.087991714477539,18.479999542236328,18.5,18.420000076293945,18.5,21000
2018-06-26,13.095071792602539,18.489999771118164,18.530000686645508,18.3799991607666,18.399999618530273,20800
2018-06-27,13.123404502868652,18.530000686645508,18.56999969482422,18.479999542236328,18.479999542236328,18600
2018-06-28,13.265048027038574,18.729999542236328,18.729999542236328,18.520000457763672,18.520000457763672,35400
2018-06-29,13.39960765838623,18.920000076293945,18.920000076293945,18.68000030517578,18.729999542236328,40600
2018-07-02,13.272130012512207,18.739999771118164,18.8700008392334,18.719999313354492,18.829999923706055,10800
2018-07-03,13.257963180541992,18.719999313354492,18.790000915527344,18.670000076293945,18.729999542236328,3800
2018-07-05,13.180058479309082,18.610000610351562,18.719999313354492,18.260000228881836,18.68000030517578,12000
2018-07-06,13.165894508361816,18.59000015258789,18.6299991607666,18.56999969482422,18.56999969482422,12700
2018-07-09,13.180058479309082,18.610000610351562,18.6200008392334,18.540000915527344,18.579999923706055,16400
2018-07-10,13.180058479309082,18.610000610351562,18.690000534057617,18.520000457763672,18.520000457763672,19200
2018-07-11,13.222553253173828,18.670000076293945,18.670000076293945,18.549999237060547,18.56999969482422,13700
2018-07-12,13.123404502868652,18.530000686645508,18.68000030517578,18.530000686645508,18.670000076293945,14600
2018-07-13,13.187137603759766,18.6200008392334,18.670000076293945,18.549999237060547,18.639999389648438,16900
2018-07-16,13.158812522888184,18.579999923706055,18.59000015258789,18.510000228881836,18.510000228881836,26600
2018-07-17,13.201305389404297,18.639999389648438,18.639999389648438,18.56999969482422,18.600000381469727,21500
2018-07-18,13.151731491088867,18.56999969482422,18.6299991607666,18.549999237060547,18.6299991607666,17100
2018-07-19,13.1517333984375,18.3700008392334,18.40999984741211,18.350000381469727,18.3700008392334,13700
2018-07-20,13.1517333984375,18.3700008392334,18.40999984741211,18.34000015258789,18.3799991607666,17000
2018-07-23,13.1517333984375,18.3700008392334,18.3799991607666,18.309999465942383,18.3700008392334,20400
2018-07-24,13.115935325622559,18.31999969482422,18.3700008392334,18.270000457763672,18.299999237060547,19900
2018-07-25,12.908313751220703,18.030000686645508,18.31999969482422,18.030000686645508,18.31999969482422,16100
2018-07-26,13.008543968200684,18.170000076293945,18.299999237060547,18.149999618530273,18.190000534057617,16600
2018-07-27,13.022859573364258,18.190000534057617,18.469999313354492,18.15999984741211,18.239999771118164,21200
2018-07-30,13.022859573364258,18.190000534057617,18.219999313354492,18.190000534057617,18.200000762939453,14700
2018-07-31,13.108776092529297,18.309999465942383,18.31999969482422,18.219999313354492,18.219999313354492,22200
2018-08-01,13.123091697692871,18.329999923706055,18.360000610351562,18.280000686645508,18.280000686645508,15900
2018-08-02,13.194685935974121,18.43000030517578,18.469999313354492,18.329999923706055,18.360000610351562,23000
2018-08-03,13.180368423461914,18.40999984741211,18.459999084472656,18.360000610351562,18.40999984741211,9400
2018-08-06,13.216164588928223,18.459999084472656,18.479999542236328,18.34000015258789,18.40999984741211,22400
2018-08-07,13.26628303527832,18.530000686645508,18.549999237060547,18.399999618530273,18.520000457763672,25100
2018-08-08,13.280603408813477,18.549999237060547,18.549999237060547,18.5,18.530000686645508,16900
2018-08-09,13.31639575958252,18.600000381469727,18.75,18.510000228881836,18.530000686645508,20600
2018-08-10,13.287755966186523,18.559999465942383,18.68000030517578,18.549999237060547,18.65999984741211,9500
2018-08-13,13.373669624328613,18.68000030517578,18.719999313354492,18.6200008392334,18.670000076293945,9300
2018-08-14,13.438105583190918,18.770000457763672,18.790000915527344,18.610000610351562,18.700000762939453,20500
2018-08-15,13.409468650817871,18.729999542236328,19.010000228881836,18.729999542236328,18.799999237060547,24700
2018-08-16,13.409468650817871,18.729999542236328,19.059999465942383,18.729999542236328,18.860000610351562,10400
2018-08-17,13.674365997314453,19.100000381469727,19.100000381469727,18.850000381469727,18.850000381469727,7100
2018-08-20,13.881979942321777,19.389999389648438,20.5,18.68000030517578,19.989999771118164,47700
2018-08-21,13.84618854522705,19.34000015258789,19.399999618530273,18.959999084472656,19.389999389648438,25200
2018-08-22,13.48822021484375,18.84000015258789,19.299999237060547,18.829999923706055,19.110000610351562,20500
2018-08-23,13.781754493713379,19.25,19.450000762939453,18.829999923706055,18.829999923706055,18000
2018-08-24,13.78891372680664,19.260000228881836,19.260000228881836,18.899999618530273,19.15999984741211,12200
2018-08-27,13.64572525024414,19.059999465942383,19.350000381469727,18.90999984741211,19.139999389648438,19400
2018-08-28,13.681522369384766,19.110000610351562,19.3700008392334,18.90999984741211,19.110000610351562,14000
2018-08-29,13.724479675292969,19.170000076293945,19.18000030517578,19.079999923706055,19.100000381469727,6000
2018-08-30,13.688682556152344,19.1200008392334,19.25,18.940000534057617,19.1299991607666,10200
2018-08-31,13.524015426635742,18.889999389648438,19.1200008392334,18.799999237060547,18.989999771118164,19800
2018-09-04,13.359353065490723,18.65999984741211,19.010000228881836,18.65999984741211,18.760000228881836,20900
2018-09-05,13.359353065490723,18.65999984741211,18.770000457763672,18.6299991607666,18.6299991607666,19500
2018-09-06,13.423787117004395,18.75,18.770000457763672,18.579999923706055,18.579999923706055,14200
2018-09-07,13.31639575958252,18.600000381469727,18.739999771118164,18.600000381469727,18.729999542236328,8700
2018-09-10,13.323554039001465,18.610000610351562,18.700000762939453,18.549999237060547,18.690000534057617,10800
2018-09-11,13.352191925048828,18.649999618530273,18.68000030517578,18.579999923706055,18.68000030517578,7600
2018-09-12,13.30207633972168,18.579999923706055,18.709999084472656,18.579999923706055,18.700000762939453,18100
2018-09-13,13.359353065490723,18.65999984741211,18.719999313354492,18.639999389648438,18.670000076293945,11400
2018-09-14,13.25912094116211,18.520000457763672,18.790000915527344,18.520000457763672,18.690000534057617,15100
2018-09-17,13.345032691955566,18.639999389648438,18.709999084472656,18.43000030517578,18.59000015258789,10800
2018-09-18,13.352191925048828,18.649999618530273,18.65999984741211,18.59000015258789,18.649999618530273,16100
2018-09-19,13.330710411071777,18.6200008392334,18.639999389648438,18.530000686645508,18.610000610351562,25200
2018-09-20,13.294918060302734,18.56999969482422,18.65999984741211,18.510000228881836,18.639999389648438,14500
2018-09-21,13.294918060302734,18.56999969482422,18.6299991607666,18.540000915527344,18.540000915527344,8600
2018-09-24,13.330710411071777,18.6200008392334,18.6200008392334,18.520000457763672,18.56999969482422,21400
2018-09-25,13.359353065490723,18.65999984741211,18.65999984741211,18.59000015258789,18.610000610351562,12900
2018-09-26,13.30207633972168,18.579999923706055,18.68000030517578,18.43000030517578,18.65999984741211,48200
2018-09-27,13.352191925048828,18.649999618530273,18.68000030517578,18.549999237060547,18.549999237060547,11200
2018-09-28,13.330710411071777,18.6200008392334,18.65999984741211,18.610000610351562,18.649999618530273,19100
2018-10-01,13.352191925048828,18.649999618530273,18.649999618530273,18.59000015258789,18.600000381469727,9600
2018-10-02,13.410090446472168,18.530000686645508,18.610000610351562,18.40999984741211,18.40999984741211,16700
2018-10-03,13.229166030883789,18.280000686645508,18.520000457763672,18.280000686645508,18.520000457763672,10500
2018-10-04,13.258112907409668,18.31999969482422,18.34000015258789,18.229999542236328,18.329999923706055,12400
2018-10-05,13.178507804870605,18.209999084472656,18.309999465942383,18.209999084472656,18.280000686645508,6700
2018-10-08,13.178507804870605,18.209999084472656,18.31999969482422,18.209999084472656,18.31999969482422,6400
2018-10-09,13.135083198547363,18.149999618530273,18.25,18.149999618530273,18.209999084472656,6300
2018-10-10,12.990347862243652,17.950000762939453,18.100000381469727,17.579999923706055,18.020000457763672,20000
2018-10-11,12.881787300109863,17.799999237060547,18.040000915527344,17.799999237060547,17.860000610351562,17000
2018-10-12,12.968633651733398,17.920000076293945,17.989999771118164,17.799999237060547,17.799999237060547,5900
2018-10-15,12.925212860107422,17.860000610351562,17.950000762939453,17.81999969482422,17.860000610351562,13300
2018-10-16,12.98310661315918,17.940000534057617,18.040000915527344,17.860000610351562,17.860000610351562,23400
2018-10-17,12.939687728881836,17.8799991607666,17.950000762939453,17.8799991607666,17.90999984741211,19000
2018-10-18,12.932450294494629,17.8700008392334,17.899999618530273,17.860000610351562,17.8799991607666,18700
2018-10-19,13.026529312133789,18.0,18.0,17.860000610351562,17.90999984741211,17200
2018-10-22,12.88902759552002,17.809999465942383,17.979999542236328,17.809999465942383,17.899999618530273,22200
2018-10-23,12.903502464294434,17.829999923706055,17.8700008392334,17.809999465942383,17.850000381469727,22800
2018-10-24,12.910737991333008,17.84000015258789,17.8700008392334,17.809999465942383,17.809999465942383,15300
2018-10-25,12.88902759552002,17.809999465942383,17.860000610351562,17.809999465942383,17.860000610351562,16400
2018-10-26,12.881787300109863,17.799999237060547,17.84000015258789,17.75,17.809999465942383,22300
2018-10-29,12.852845191955566,17.760000228881836,17.899999618530273,17.760000228881836,17.790000915527344,26700
2018-10-30,12.874554634094238,17.790000915527344,17.809999465942383,17.75,17.75,13300
2018-10-31,12.874554634094238,17.790000915527344,17.790000915527344,17.75,17.790000915527344,12300
2018-11-01,12.83836841583252,17.739999771118164,17.81999969482422,17.709999084472656,17.709999084472656,17800
2018-11-02,12.83836841583252,17.739999771118164,17.799999237060547,17.719999313354492,17.719999313354492,14100
2018-11-05,12.896263122558594,17.81999969482422,17.81999969482422,17.729999542236328,17.739999771118164,14800
2018-11-06,12.903502464294434,17.829999923706055,17.8799991607666,17.799999237060547,17.809999465942383,11600
2018-11-07,12.867318153381348,17.780000686645508,17.920000076293945,17.780000686645508,17.850000381469727,17900
2018-11-08,12.881787300109863,17.799999237060547,17.889999389648438,17.780000686645508,17.780000686645508,18200
2018-11-09,12.896263122558594,17.81999969482422,17.829999923706055,17.790000915527344,17.790000915527344,13500
2018-11-12,12.88902759552002,17.809999465942383,17.850000381469727,17.760000228881836,17.829999923706055,14000
2018-11-13,12.874554634094238,17.790000915527344,17.84000015258789,17.739999771118164,17.739999771118164,28900
2018-11-14,12.83836841583252,17.739999771118164,17.809999465942383,17.709999084472656,17.709999084472656,41500
2018-11-15,12.802181243896484,17.690000534057617,17.739999771118164,17.68000030517578,17.68000030517578,36900
2018-11-16,12.80942440032959,17.700000762939453,17.729999542236328,17.68000030517578,17.68000030517578,26000
2018-11-19,12.845605850219727,17.75,17.75,17.600000381469727,17.600000381469727,13900
2018-11-20,12.867318153381348,17.780000686645508,17.780000686645508,17.690000534057617,17.739999771118164,18000
2018-11-21,12.874554634094238,17.790000915527344,17.829999923706055,17.65999984741211,17.799999237060547,14600
2018-11-23,12.83836841583252,17.739999771118164,17.93000030517578,17.600000381469727,17.809999465942383,10900
2018-11-26,12.816659927368164,17.709999084472656,17.950000762939453,17.639999389648438,17.75,22100
2018-11-27,12.80942440032959,17.700000762939453,17.709999084472656,17.6299991607666,17.6299991607666,20300
2018-11-28,12.79494571685791,17.68000030517578,17.729999542236328,17.639999389648438,17.649999618530273,17200
2018-11-29,12.787708282470703,17.670000076293945,17.670000076293945,17.610000610351562,17.610000610351562,10200
2018-11-30,12.816659927368164,17.709999084472656,17.760000228881836,17.670000076293945,17.670000076293945,18100
2018-12-03,12.845605850219727,17.75,17.829999923706055,17.690000534057617,17.690000534057617,16000
2018-12-04,12.802181243896484,17.690000534057617,17.780000686645508,17.68000030517578,17.68000030517578,14000
2018-12-06,12.88902759552002,17.809999465942383,17.809999465942383,17.639999389648438,17.639999389648438,15900
2018-12-07,12.83836841583252,17.739999771118164,17.889999389648438,17.729999542236328,17.739999771118164,12400
2018-12-10,12.867318153381348,17.780000686645508,17.780000686645508,17.719999313354492,17.75,23400
2018-12-11,12.903502464294434,17.829999923706055,17.829999923706055,17.770000457763672,17.809999465942383,29000
2018-12-12,12.910737991333008,17.84000015258789,17.920000076293945,17.739999771118164,17.84000015258789,27700
2018-12-13,12.744288444519043,17.610000610351562,17.899999618530273,17.610000610351562,17.809999465942383,16100
2018-12-14,12.787708282470703,17.670000076293945,17.739999771118164,17.610000610351562,17.610000610351562,17900
2018-12-17,12.758759498596191,17.6299991607666,17.739999771118164,17.6299991607666,17.690000534057617,21100
2018-12-18,12.693629264831543,17.540000915527344,17.600000381469727,17.389999389648438,17.389999389648438,31200
2018-12-19,12.679156303405762,17.520000457763672,17.600000381469727,17.399999618530273,17.540000915527344,34400
2018-12-20,12.66468334197998,17.5,17.549999237060547,17.420000076293945,17.420000076293945,31900
2018-12-21,12.66468334197998,17.5,17.709999084472656,17.5,17.5,14700
2018-12-24,12.780472755432129,17.65999984741211,17.65999984741211,17.5,17.540000915527344,56900
2018-12-26,12.773236274719238,17.649999618530273,17.670000076293945,17.6200008392334,17.65999984741211,11100
2018-12-27,12.80251407623291,17.489999771118164,17.610000610351562,17.450000762939453,17.489999771118164,25700
2018-12-28,12.773238182067871,17.450000762939453,17.549999237060547,17.450000762939453,17.469999313354492,28200
2018-12-31,12.751276969909668,17.420000076293945,17.520000457763672,17.420000076293945,17.420000076293945,39800
2019-01-02,12.824477195739746,17.520000457763672,17.520000457763672,17.420000076293945,17.420000076293945,16300
2019-01-03,12.941594123840332,17.68000030517578,17.709999084472656,17.600000381469727,17.600000381469727,24300
2019-01-04,13.007474899291992,17.770000457763672,17.770000457763672,17.59000015258789,17.59000015258789,14400
2019-01-07,13.080673217773438,17.8700008392334,17.90999984741211,17.760000228881836,17.780000686645508,22100
2019-01-08,13.124590873718262,17.93000030517578,17.93000030517578,17.790000915527344,17.93000030517578,11700
2019-01-09,13.168508529663086,17.989999771118164,17.989999771118164,17.8799991607666,17.889999389648438,5400
2019-01-10,13.175830841064453,18.0,18.280000686645508,17.829999923706055,18.030000686645508,29300
2019-01-11,13.249032020568848,18.100000381469727,18.1299991607666,17.780000686645508,18.010000228881836,6700
2019-01-14,13.146553039550781,17.959999084472656,18.100000381469727,17.860000610351562,18.100000381469727,17500
2019-01-15,13.095311164855957,17.889999389648438,18.18000030517578,17.8700008392334,17.940000534057617,15100
2019-01-16,13.080673217773438,17.8700008392334,18.299999237060547,17.860000610351562,17.8700008392334,28300
2019-01-17,13.117270469665527,17.920000076293945,18.049999237060547,17.829999923706055,17.850000381469727,10300
2019-01-18,13.190472602844238,18.020000457763672,18.049999237060547,17.90999984741211,18.049999237060547,18300
2019-01-22,13.066032409667969,17.850000381469727,18.030000686645508,17.790000915527344,18.030000686645508,17800
2019-01-23,13.205113410949707,18.040000915527344,18.040000915527344,17.81999969482422,17.8700008392334,14100
2019-01-24,13.190472602844238,18.020000457763672,18.049999237060547,17.90999984741211,18.049999237060547,13500
2019-01-25,13.117270469665527,17.920000076293945,18.040000915527344,17.889999389648438,18.040000915527344,11800
2019-01-28,13.087991714477539,17.8799991607666,18.040000915527344,17.8799991607666,17.889999389648438,11300
2019-01-29,13.197793006896973,18.030000686645508,18.079999923706055,18.0,18.020000457763672,16000
2019-01-30,13.373468399047852,18.270000457763672,18.729999542236328,18.139999389648438,18.729999542236328,27600
2019-01-31,13.322230339050293,18.200000762939453,18.350000381469727,18.15999984741211,18.270000457763672,12300
2019-02-01,13.410067558288574,18.31999969482422,18.389999389648438,18.200000762939453,18.200000762939453,9800
2019-02-04,13.380790710449219,18.280000686645508,18.399999618530273,18.190000534057617,18.190000534057617,21100
2019-02-05,13.410067558288574,18.31999969482422,18.329999923706055,18.219999313354492,18.309999465942383,5800
2019-02-06,13.461308479309082,18.389999389648438,18.399999618530273,18.309999465942383,18.309999465942383,7200
2019-02-07,13.453985214233398,18.3799991607666,18.450000762939453,18.329999923706055,18.399999618530273,7300
2019-02-08,13.505229949951172,18.450000762939453,18.469999313354492,18.450000762939453,18.459999084472656,3100
2019-02-11,13.453985214233398,18.3799991607666,18.440000534057617,18.200000762939453,18.420000076293945,12500
2019-02-12,13.519868850708008,18.469999313354492,18.469999313354492,18.34000015258789,18.34000015258789,5600
2019-02-13,13.519868850708008,18.469999313354492,18.5,18.43000030517578,18.43000030517578,8600
2019-02-14,13.453985214233398,18.3799991607666,18.6200008392334,18.239999771118164,18.469999313354492,11500
2019-02-15,13.534506797790527,18.489999771118164,18.5,18.350000381469727,18.399999618530273,9300
2019-02-19,13.556464195251465,18.520000457763672,18.59000015258789,18.440000534057617,18.5,14000
2019-02-20,13.607705116271973,18.59000015258789,18.719999313354492,18.520000457763672,18.600000381469727,6500
2019-02-21,13.65162467956543,18.649999618530273,18.700000762939453,18.469999313354492,18.59000015258789,11400
2019-02-22,13.607705116271973,18.59000015258789,18.68000030517578,18.579999923706055,18.68000030517578,15700
2019-02-25,13.805342674255371,18.860000610351562,18.920000076293945,18.56999969482422,18.59000015258789,9000
2019-02-26,13.761423110961914,18.799999237060547,18.84000015258789,18.540000915527344,18.84000015258789,10400
2019-02-27,13.819978713989258,18.8799991607666,18.920000076293945,18.700000762939453,18.84000015258789,9000
2019-02-28,13.710186004638672,18.729999542236328,18.969999313354492,18.719999313354492,18.940000534057617,64900
2019-03-01,13.658945083618164,18.65999984741211,18.920000076293945,18.65999984741211,18.81999969482422,14300
2019-03-04,13.57110595703125,18.540000915527344,18.709999084472656,18.489999771118164,18.68000030517578,9100
2019-03-05,13.607705116271973,18.59000015258789,18.709999084472656,18.559999465942383,18.6299991607666,8400
2019-03-06,13.790703773498535,18.84000015258789,18.84000015258789,18.600000381469727,18.600000381469727,5800
2019-03-07,13.644306182861328,18.639999389648438,18.700000762939453,18.59000015258789,18.700000762939453,15100
2019-03-08,13.527188301086426,18.479999542236328,18.690000534057617,18.469999313354492,18.520000457763672,11300
2019-03-11,13.739463806152344,18.770000457763672,18.829999923706055,18.559999465942383,18.56999969482422,11600
2019-03-12,13.658945083618164,18.65999984741211,18.799999237060547,18.600000381469727,18.68000030517578,7600
2019-03-13,13.468629837036133,18.399999618530273,18.81999969482422,18.399999618530273,18.75,24800
2019-03-14,13.51254653930664,18.459999084472656,18.65999984741211,18.420000076293945,18.559999465942383,15600
2019-03-15,13.54914379119873,18.510000228881836,18.68000030517578,18.510000228881836,18.540000915527344,5600
2019-03-18,13.527188301086426,18.479999542236328,18.610000610351562,18.459999084472656,18.540000915527344,49100
2019-03-19,13.54914379119873,18.510000228881836,18.579999923706055,18.489999771118164,18.549999237060547,17700
2019-03-20,13.622344017028809,18.610000610351562,18.65999984741211,18.489999771118164,18.489999771118164,10800
2019-03-21,13.754106521606445,18.790000915527344,18.8700008392334,18.65999984741211,18.65999984741211,7600
2019-03-22,13.7760648727417,18.81999969482422,18.8799991607666,18.729999542236328,18.860000610351562,15000
2019-03-25,13.805342674255371,18.860000610351562,18.90999984741211,18.81999969482422,18.81999969482422,8300
2019-03-26,13.819978713989258,18.8799991607666,19.030000686645508,18.8799991607666,18.90999984741211,26100
2019-03-27,13.973702430725098,19.09000015258789,19.5,18.8799991607666,18.90999984741211,14300
2019-03-28,13.871224403381348,18.950000762939453,19.15999984741211,18.889999389648438,19.15999984741211,8900
2019-03-29,14.068860054016113,19.219999313354492,19.270000457763672,18.950000762939453,18.950000762939453,17200
2019-04-01,13.907820701599121,19.0,19.200000762939453,18.989999771118164,19.200000762939453,11100
2019-04-02,14.032261848449707,19.170000076293945,19.3799991607666,19.040000915527344,19.040000915527344,26200
2019-04-03,13.856581687927246,18.93000030517578,19.18000030517578,18.8700008392334,19.170000076293945,18200
2019-04-04,14.43797779083252,19.3700008392334,19.3799991607666,18.700000762939453,18.719999313354492,38400
2019-04-05,13.856581687927246,18.59000015258789,19.25,18.59000015258789,19.25,29100
2019-04-08,13.960935592651367,18.729999542236328,18.899999618530273,18.600000381469727,18.600000381469727,21100
2019-04-09,13.80440616607666,18.520000457763672,18.809999465942383,18.520000457763672,18.700000762939453,12800
2019-04-10,13.923665046691895,18.68000030517578,18.68000030517578,18.579999923706055,18.639999389648438,14100
2019-04-11,13.908761978149414,18.65999984741211,18.68000030517578,18.549999237060547,18.639999389648438,18000
2019-04-12,13.886396408081055,18.6299991607666,18.690000534057617,18.559999465942383,18.670000076293945,11200
2019-04-15,13.871490478515625,18.610000610351562,18.649999618530273,18.510000228881836,18.549999237060547,24500
2019-04-16,13.767135620117188,18.469999313354492,18.790000915527344,18.469999313354492,18.59000015258789,11800
2019-04-17,13.707505226135254,18.389999389648438,18.549999237060547,18.350000381469727,18.5,16100
2019-04-18,13.811861991882324,18.530000686645508,18.549999237060547,18.40999984741211,18.469999313354492,19800
2019-04-22,13.729866981506348,18.420000076293945,18.670000076293945,18.420000076293945,18.670000076293945,17900
2019-04-23,13.74477481842041,18.440000534057617,18.540000915527344,18.420000076293945,18.420000076293945,16500
2019-04-24,13.878941535949707,18.6200008392334,18.6200008392334,18.469999313354492,18.469999313354492,25000
2019-04-25,13.871490478515625,18.610000610351562,18.649999618530273,18.530000686645508,18.530000686645508,10300
2019-04-26,13.893851280212402,18.639999389648438,18.770000457763672,18.610000610351562,18.610000610351562,10800
2019-04-29,13.893851280212402,18.639999389648438,18.75,18.59000015258789,18.639999389648438,10100
2019-04-30,13.983296394348145,18.760000228881836,18.790000915527344,18.639999389648438,18.639999389648438,16800
2019-05-01,14.11746597290039,18.940000534057617,18.940000534057617,18.68000030517578,18.780000686645508,10000
2019-05-02,14.244179725646973,19.110000610351562,19.229999542236328,18.799999237060547,18.940000534057617,11300
2019-05-03,14.370893478393555,19.280000686645508,19.360000610351562,19.200000762939453,19.209999084472656,9000
2019-05-06,14.497608184814453,19.450000762939453,19.5,19.329999923706055,19.329999923706055,44700
2019-05-07,14.34107780456543,19.239999771118164,19.440000534057617,19.18000030517578,19.440000534057617,13500
2019-05-08,14.378350257873535,19.290000915527344,19.479999542236328,19.170000076293945,19.389999389648438,17300
2019-05-09,14.236726760864258,19.100000381469727,19.280000686645508,19.06999969482422,19.229999542236328,31500
2019-05-10,14.11001205444336,18.93000030517578,19.149999618530273,18.84000015258789,19.110000610351562,17500
2019-05-13,14.05783462524414,18.860000610351562,18.959999084472656,18.81999969482422,18.829999923706055,13200
2019-05-14,14.028020858764648,18.81999969482422,19.079999923706055,18.81999969482422,18.90999984741211,10600
2019-05-15,14.05783462524414,18.860000610351562,18.979999542236328,18.850000381469727,18.920000076293945,13000
2019-05-16,14.05783462524414,18.860000610351562,19.09000015258789,18.829999923706055,18.829999923706055,24300
2019-05-17,13.983296394348145,18.760000228881836,18.989999771118164,18.760000228881836,18.90999984741211,17100
2019-05-20,14.005660057067871,18.790000915527344,19.010000228881836,18.770000457763672,18.770000457763672,8700
2019-05-21,14.028020858764648,18.81999969482422,18.93000030517578,18.799999237060547,18.81999969482422,19700
2019-05-22,14.020564079284668,18.809999465942383,18.93000030517578,18.799999237060547,18.8799991607666,21300
2019-05-23,14.087648391723633,18.899999618530273,18.899999618530273,18.770000457763672,18.809999465942383,12100
2019-05-24,14.22927188873291,19.09000015258789,19.100000381469727,18.8799991607666,18.899999618530273,19300
2019-05-28,14.31126594543457,19.200000762939453,19.260000228881836,18.920000076293945,19.0,14500
2019-05-29,14.16964340209961,19.010000228881836,19.239999771118164,19.010000228881836,19.200000762939453,19900
2019-05-30,14.184551239013672,19.030000686645508,19.079999923706055,18.84000015258789,19.06999969482422,10600
2019-05-31,14.296355247497559,19.18000030517578,19.270000457763672,18.889999389648438,19.030000686645508,14500
2019-06-03,14.177092552185059,19.020000457763672,19.059999465942383,18.959999084472656,19.059999465942383,15300
2019-06-04,14.184551239013672,19.030000686645508,19.1200008392334,18.979999542236328,19.1200008392334,10100
2019-06-05,14.22927188873291,19.09000015258789,19.100000381469727,18.989999771118164,19.010000228881836,12800
2019-06-06,14.452880859375,19.389999389648438,19.389999389648438,19.06999969482422,19.06999969482422,10100
2019-06-07,14.467791557312012,19.40999984741211,19.450000762939453,19.299999237060547,19.360000610351562,17300
2019-06-10,14.788305282592773,19.84000015258789,19.84000015258789,19.34000015258789,19.459999084472656,12700
2019-06-11,14.75849437713623,19.799999237060547,20.1299991607666,19.639999389648438,20.049999237060547,35700
2019-06-12,14.587054252624512,19.56999969482422,19.799999237060547,19.34000015258789,19.799999237060547,8900
2019-06-13,14.669044494628906,19.68000030517578,19.809999465942383,19.670000076293945,19.670000076293945,9700
2019-06-14,14.51997184753418,19.479999542236328,19.790000915527344,19.450000762939453,19.75,8500
2019-06-17,14.721224784851074,19.75,19.8700008392334,19.639999389648438,19.639999389648438,11500
2019-06-18,14.512516975402832,19.469999313354492,20.06999969482422,19.440000534057617,19.799999237060547,18200
2019-06-19,14.661589622497559,19.670000076293945,19.700000762939453,19.600000381469727,19.6299991607666,11300
2019-06-20,14.833024978637695,19.899999618530273,19.899999618530273,19.68000030517578,19.68000030517578,5700
2019-06-21,14.870293617248535,19.950000762939453,20.040000915527344,19.8700008392334,19.899999618530273,12800
2019-06-24,14.549786567687988,19.520000457763672,19.989999771118164,19.440000534057617,19.969999313354492,30200
2019-06-25,14.51997184753418,19.479999542236328,19.760000228881836,19.450000762939453,19.530000686645508,15300
2019-06-26,14.51997184753418,19.479999542236328,19.75,19.459999084472656,19.459999084472656,21200
2019-06-27,14.609415054321289,19.600000381469727,19.610000610351562,19.5,19.5,14500
2019-06-28,15.011919975280762,20.139999389648438,20.139999389648438,19.520000457763672,19.520000457763672,31900
2019-07-01,14.885207176208496,19.969999313354492,20.059999465942383,19.75,19.75,23300
2019-07-02,14.907563209533691,20.0,20.100000381469727,19.90999984741211,20.06999969482422,25300
2019-07-03,15.041731834411621,20.18000030517578,20.200000762939453,20.100000381469727,20.100000381469727,7200
2019-07-05,14.90011215209961,19.989999771118164,20.18000030517578,19.93000030517578,20.18000030517578,6900
2019-07-08,14.795756340026855,19.850000381469727,20.0,19.729999542236328,20.0,5800
2019-07-09,14.594503402709961,19.579999923706055,19.90999984741211,19.579999923706055,19.84000015258789,17700
2019-07-10,14.654134750366211,19.65999984741211,19.770000457763672,19.600000381469727,19.600000381469727,11300
2019-07-11,14.601961135864258,19.59000015258789,19.709999084472656,19.559999465942383,19.690000534057617,13000
2019-07-12,14.669044494628906,19.68000030517578,19.790000915527344,19.600000381469727,19.600000381469727,16200
2019-07-15,14.646681785583496,19.649999618530273,19.899999618530273,19.579999923706055,19.579999923706055,20600
2019-07-16,14.646681785583496,19.649999618530273,19.81999969482422,19.520000457763672,19.610000610351562,16000
2019-07-17,14.788305282592773,19.84000015258789,19.90999984741211,19.65999984741211,19.65999984741211,13900
2019-07-18,14.976545333862305,19.889999389648438,19.889999389648438,19.6299991607666,19.700000762939453,10000
2019-07-19,14.938898086547852,19.84000015258789,19.940000534057617,19.739999771118164,19.8700008392334,32600
2019-07-22,14.908784866333008,19.799999237060547,19.889999389648438,19.56999969482422,19.889999389648438,8800
2019-07-23,14.976545333862305,19.889999389648438,19.989999771118164,19.81999969482422,19.81999969482422,6200
2019-07-24,14.976545333862305,19.889999389648438,19.979999542236328,19.780000686645508,19.969999313354492,10100
2019-07-25,14.93136978149414,19.829999923706055,20.0,19.81999969482422,19.989999771118164,6800
2019-07-26,14.908784866333008,19.799999237060547,19.90999984741211,19.729999542236328,19.8799991607666,7000
2019-07-29,14.96901798248291,19.8799991607666,19.989999771118164,19.790000915527344,19.860000610351562,11400
2019-07-30,15.059370994567871,20.0,20.0,19.850000381469727,19.889999389648438,27200
2019-07-31,14.999134063720703,19.920000076293945,20.0,19.729999542236328,20.0,12900
2019-08-01,15.134668350219727,20.100000381469727,20.100000381469727,19.84000015258789,20.0,11400
2019-08-02,15.059370994567871,20.0,20.299999237060547,19.940000534057617,20.100000381469727,9600
2019-08-05,15.089491844177246,20.040000915527344,20.25,19.8799991607666,20.1299991607666,16000
2019-08-06,15.074435234069824,20.020000457763672,20.25,20.0,20.010000228881836,10100
2019-08-07,14.946427345275879,19.850000381469727,20.110000610351562,19.829999923706055,20.110000610351562,41500
2019-08-08,14.893720626831055,19.780000686645508,20.18000030517578,19.729999542236328,19.850000381469727,13800
2019-08-09,14.91630744934082,19.809999465942383,19.93000030517578,19.760000228881836,19.790000915527344,18700
2019-08-12,14.863603591918945,19.739999771118164,20.010000228881836,19.719999313354492,19.729999542236328,28800
2019-08-13,14.871134757995605,19.75,20.1299991607666,19.739999771118164,19.8799991607666,18400
2019-08-14,14.901249885559082,19.790000915527344,19.950000762939453,19.770000457763672,19.770000457763672,23900
2019-08-15,14.901249885559082,19.790000915527344,19.950000762939453,19.760000228881836,19.899999618530273,12400
2019-08-16,14.901249885559082,19.790000915527344,19.8799991607666,19.790000915527344,19.860000610351562,12400
2019-08-19,14.908784866333008,19.799999237060547,20.0,19.760000228881836,19.770000457763672,28200
2019-08-20,14.946427345275879,19.850000381469727,19.940000534057617,19.770000457763672,19.780000686645508,20800
2019-08-21,15.01419448852539,19.940000534057617,19.940000534057617,19.84000015258789,19.8700008392334,92000
2019-08-22,14.976545333862305,19.889999389648438,19.940000534057617,19.850000381469727,19.93000030517578,8800
2019-08-23,15.051844596862793,19.989999771118164,20.040000915527344,19.860000610351562,19.93000030517578,5900
2019-08-26,15.029254913330078,19.959999084472656,20.139999389648438,19.959999084472656,20.030000686645508,11400
2019-08-27,15.01419448852539,19.940000534057617,20.0,19.8799991607666,20.0,18500
2019-08-28,15.097023010253906,20.049999237060547,20.149999618530273,19.940000534057617,19.940000534057617,81300
2019-08-29,15.074435234069824,20.020000457763672,20.200000762939453,19.940000534057617,20.0,12200
2019-08-30,14.999134063720703,19.920000076293945,20.239999771118164,19.920000076293945,20.010000228881836,17000
2019-09-03,15.04431438446045,19.979999542236328,20.06999969482422,19.920000076293945,19.93000030517578,124800
2019-09-04,15.074435234069824,20.020000457763672,20.100000381469727,19.920000076293945,19.979999542236328,123800
2019-09-05,15.059370994567871,20.0,20.18000030517578,19.969999313354492,19.969999313354492,14000
2019-09-06,15.051844596862793,19.989999771118164,20.079999923706055,19.950000762939453,19.959999084472656,8800
2019-09-09,15.029254913330078,19.959999084472656,20.15999984741211,19.950000762939453,19.950000762939453,12200
2019-09-10,15.119610786437988,20.079999923706055,20.15999984741211,19.979999542236328,20.049999237060547,20800
2019-09-11,15.074435234069824,20.020000457763672,20.079999923706055,19.979999542236328,20.079999923706055,13400
2019-09-12,15.10455322265625,20.059999465942383,20.079999923706055,20.020000457763672,20.06999969482422,5500
2019-09-13,15.112079620361328,20.06999969482422,20.100000381469727,19.959999084472656,19.959999084472656,6300
2019-09-16,15.134668350219727,20.100000381469727,20.190000534057617,19.969999313354492,19.969999313354492,9300
2019-09-17,15.240087509155273,20.239999771118164,20.34000015258789,20.110000610351562,20.110000610351562,8300
2019-09-18,15.232555389404297,20.229999542236328,20.309999465942383,19.979999542236328,20.309999465942383,13000
2019-09-19,15.368090629577637,20.40999984741211,20.459999084472656,20.1200008392334,20.190000534057617,6400
2019-09-20,15.307854652404785,20.329999923706055,20.5,20.329999923706055,20.5,9800
2019-09-23,15.63916015625,20.770000457763672,20.770000457763672,20.350000381469727,20.350000381469727,11400
2019-09-24,15.646686553955078,20.780000686645508,20.780000686645508,20.540000915527344,20.770000457763672,15000
2019-09-25,15.601510047912598,20.719999313354492,20.8799991607666,20.489999771118164,20.700000762939453,11900
2019-09-26,15.646686553955078,20.780000686645508,20.889999389648438,20.540000915527344,20.700000762939453,15000
2019-09-27,15.586453437805176,20.700000762939453,20.729999542236328,20.600000381469727,20.65999984741211,11100
2019-09-30,15.42833137512207,20.489999771118164,20.989999771118164,20.489999771118164,20.6299991607666,19100
2019-10-01,15.420801162719727,20.479999542236328,20.700000762939453,20.350000381469727,20.59000015258789,18500
2019-10-02,15.2991361618042,20.1200008392334,20.34000015258789,20.110000610351562,20.18000030517578,9100
2019-10-03,15.24591064453125,20.049999237060547,20.09000015258789,19.760000228881836,20.010000228881836,14100
2019-10-04,15.283927917480469,20.100000381469727,20.219999313354492,19.889999389648438,20.059999465942383,16600
2019-10-07,15.2991361618042,20.1200008392334,20.15999984741211,20.040000915527344,20.1299991607666,14600
2019-10-08,15.32194709777832,20.149999618530273,20.260000228881836,19.899999618530273,20.1299991607666,11500
2019-10-09,15.071014404296875,19.81999969482422,20.450000762939453,19.81999969482422,20.25,16800
2019-10-10,15.185076713562012,19.969999313354492,20.0,19.860000610351562,20.0,28300
2019-10-11,15.109036445617676,19.8700008392334,20.440000534057617,19.8700008392334,19.979999542236328,9500
2019-10-14,15.124244689941406,19.889999389648438,20.18000030517578,19.889999389648438,19.950000762939453,11900
2019-10-15,15.025391578674316,19.760000228881836,20.0,19.760000228881836,20.0,15800
2019-10-16,15.010183334350586,19.739999771118164,19.809999465942383,19.719999313354492,19.780000686645508,15100
2019-10-17,15.093828201293945,19.850000381469727,19.950000762939453,19.790000915527344,19.799999237060547,15500
2019-10-18,15.14705753326416,19.920000076293945,19.959999084472656,19.8799991607666,19.8799991607666,11300
2019-10-21,15.169870376586914,19.950000762939453,20.020000457763672,19.920000076293945,20.0,26900
2019-10-22,15.23830509185791,20.040000915527344,20.15999984741211,19.959999084472656,19.979999542236328,17400
2019-10-23,15.37516975402832,20.219999313354492,20.219999313354492,20.06999969482422,20.06999969482422,13000
2019-10-24,15.37516975402832,20.219999313354492,20.290000915527344,20.139999389648438,20.219999313354492,11100
2019-10-25,15.489234924316406,20.3700008392334,20.389999389648438,20.260000228881836,20.299999237060547,20600
2019-10-28,15.283927917480469,20.100000381469727,20.479999542236328,20.09000015258789,20.3700008392334,40400
2019-10-29,15.352364540100098,20.190000534057617,20.459999084472656,20.030000686645508,20.450000762939453,25600
2019-10-30,15.489234924316406,20.3700008392334,20.489999771118164,20.18000030517578,20.209999084472656,17900
2019-10-31,15.428398132324219,20.290000915527344,20.440000534057617,20.200000762939453,20.31999969482422,6400
2019-11-01,15.481630325317383,20.360000610351562,20.43000030517578,20.270000457763672,20.270000457763672,7900
2019-11-04,15.466423988342285,20.34000015258789,20.489999771118164,20.200000762939453,20.3799991607666,8700
2019-11-05,15.451215744018555,20.31999969482422,20.5,20.239999771118164,20.239999771118164,28100
2019-11-06,15.580480575561523,20.489999771118164,20.5,20.260000228881836,20.479999542236328,15800
2019-11-07,15.443612098693848,20.309999465942383,20.420000076293945,20.260000228881836,20.350000381469727,9200
2019-11-08,15.306736946105957,20.1299991607666,20.3799991607666,20.1200008392334,20.350000381469727,11900
2019-11-11,15.268722534179688,20.079999923706055,20.280000686645508,20.079999923706055,20.18000030517578,8300
2019-11-12,15.215490341186523,20.010000228881836,20.149999618530273,20.010000228881836,20.1200008392334,10800
2019-11-13,15.253512382507324,20.059999465942383,20.149999618530273,19.959999084472656,20.040000915527344,11200
2019-11-14,15.291532516479492,20.110000610351562,20.190000534057617,20.110000610351562,20.15999984741211,10000
2019-11-15,15.2991361618042,20.1200008392334,20.18000030517578,20.040000915527344,20.040000915527344,11500
2019-11-18,15.253512382507324,20.059999465942383,20.18000030517578,20.0,20.110000610351562,7900
2019-11-19,15.283927917480469,20.100000381469727,20.229999542236328,20.040000915527344,20.1299991607666,9800
2019-11-20,15.40558910369873,20.260000228881836,20.270000457763672,20.1200008392334,20.1200008392334,8400
2019-11-21,15.542461395263672,20.440000534057617,20.469999313354492,20.309999465942383,20.31999969482422,13100
2019-11-22,15.542461395263672,20.440000534057617,20.469999313354492,20.3799991607666,20.399999618530273,15000
2019-11-25,15.550067901611328,20.450000762939453,20.6200008392334,20.350000381469727,20.510000228881836,6300
2019-11-26,15.466423988342285,20.34000015258789,20.520000457763672,20.34000015258789,20.40999984741211,18700
2019-11-27,15.489234924316406,20.3700008392334,20.6299991607666,20.3700008392334,20.40999984741211,24400
2019-11-29,15.466423988342285,20.34000015258789,20.56999969482422,20.209999084472656,20.360000610351562,6500
2019-12-02,15.314345359802246,20.139999389648438,20.209999084472656,20.049999237060547,20.209999084472656,14900
2019-12-03,15.39038372039795,20.239999771118164,20.260000228881836,20.110000610351562,20.110000610351562,14400
2019-12-04,15.41319465637207,20.270000457763672,20.280000686645508,20.15999984741211,20.200000762939453,10900
2019-12-05,15.39038372039795,20.239999771118164,20.3799991607666,20.139999389648438,20.170000076293945,24900
2019-12-06,15.557665824890137,20.459999084472656,20.479999542236328,20.190000534057617,20.190000534057617,17300
2019-12-09,15.580480575561523,20.489999771118164,20.489999771118164,20.139999389648438,20.489999771118164,15400
2019-12-10,15.489234924316406,20.3700008392334,20.670000076293945,20.260000228881836,20.450000762939453,25300
2019-12-11,15.481630325317383,20.360000610351562,20.389999389648438,20.31999969482422,20.389999389648438,17600
2019-12-12,15.428398132324219,20.290000915527344,20.5,20.149999618530273,20.40999984741211,35400
2019-12-13,15.43600845336914,20.299999237060547,20.5,20.229999542236328,20.299999237060547,14500
2019-12-16,15.656521797180176,20.59000015258789,20.600000381469727,20.329999923706055,20.440000534057617,22600
2019-12-17,15.588085174560547,20.5,20.600000381469727,20.450000762939453,20.600000381469727,25300
2019-12-18,15.633708953857422,20.559999465942383,20.59000015258789,20.479999542236328,20.559999465942383,19700
2019-12-19,15.618507385253906,20.540000915527344,20.56999969482422,20.5,20.5,12800
2019-12-20,15.74759292602539,20.25,20.350000381469727,20.15999984741211,20.15999984741211,14700
2019-12-23,15.592062950134277,20.049999237060547,20.260000228881836,20.049999237060547,20.239999771118164,35900
2019-12-24,15.382092475891113,19.780000686645508,20.149999618530273,19.75,20.1200008392334,38100
2019-12-26,15.405421257019043,19.809999465942383,19.959999084472656,19.809999465942383,19.940000534057617,30300
2019-12-27,15.444306373596191,19.860000610351562,19.940000534057617,19.709999084472656,19.920000076293945,36300
2019-12-30,15.444306373596191,19.860000610351562,19.920000076293945,19.780000686645508,19.850000381469727,46400
2019-12-31,15.576508522033691,20.030000686645508,20.100000381469727,19.829999923706055,19.829999923706055,192500
2020-01-02,15.708710670471191,20.200000762939453,20.290000915527344,20.030000686645508,20.059999465942383,18900
2020-01-03,15.623167991638184,20.09000015258789,20.239999771118164,19.93000030517578,20.239999771118164,18000
2020-01-06,15.638720512390137,20.110000610351562,20.25,20.010000228881836,20.09000015258789,16800
2020-01-07,15.60761547088623,20.06999969482422,20.239999771118164,20.06999969482422,20.079999923706055,15600
2020-01-08,15.64649772644043,20.1200008392334,20.239999771118164,20.06999969482422,20.149999618530273,49400
2020-01-09,15.592062950134277,20.049999237060547,20.18000030517578,20.0,20.149999618530273,24100
2020-01-10,15.61539363861084,20.079999923706055,20.190000534057617,20.0,20.049999237060547,34800
2020-01-13,15.654272079467773,20.1299991607666,20.170000076293945,20.020000457763672,20.079999923706055,16700
2020-01-14,15.732038497924805,20.229999542236328,20.25,20.110000610351562,20.170000076293945,16300
2020-01-15,15.75536823272705,20.260000228881836,20.350000381469727,20.020000457763672,20.209999084472656,29500
2020-01-16,15.66982650756836,20.149999618530273,20.399999618530273,20.100000381469727,20.290000915527344,17900
2020-01-17,15.60761547088623,20.06999969482422,20.299999237060547,20.06999969482422,20.299999237060547,24400
2020-01-21,15.623167991638184,20.09000015258789,20.219999313354492,20.09000015258789,20.110000610351562,18000
2020-01-22,15.778696060180664,20.290000915527344,20.290000915527344,20.18000030517578,20.18000030517578,18400
2020-01-23,15.895347595214844,20.440000534057617,20.579999923706055,20.360000610351562,20.40999984741211,36600
2020-01-24,15.926454544067383,20.479999542236328,20.479999542236328,20.31999969482422,20.40999984741211,33100
2020-01-27,15.957562446594238,20.520000457763672,20.59000015258789,20.479999542236328,20.559999465942383,18900
2020-01-28,16.019773483276367,20.600000381469727,20.649999618530273,20.510000228881836,20.549999237060547,23600
2020-01-29,15.965335845947266,20.530000686645508,20.649999618530273,20.420000076293945,20.6200008392334,40500
2020-01-30,16.058658599853516,20.649999618530273,20.649999618530273,20.549999237060547,20.610000610351562,14100
2020-01-31,16.13641929626465,20.75,20.860000610351562,20.68000030517578,20.68000030517578,66000
2020-02-03,16.128644943237305,20.739999771118164,20.809999465942383,20.540000915527344,20.729999542236328,38100
2020-02-04,16.04309844970703,20.6299991607666,20.84000015258789,20.520000457763672,20.68000030517578,26900
2020-02-05,15.996440887451172,20.56999969482422,20.770000457763672,20.56999969482422,20.6200008392334,15900
2020-02-06,16.01199722290039,20.59000015258789,20.649999618530273,20.540000915527344,20.600000381469727,21900
2020-02-07,16.03532600402832,20.6200008392334,20.8799991607666,20.559999465942383,20.700000762939453,38200
2020-02-10,16.019773483276367,20.600000381469727,20.8799991607666,20.600000381469727,20.700000762939453,26600
2020-02-11,16.097537994384766,20.700000762939453,20.739999771118164,20.649999618530273,20.719999313354492,13100
2020-02-12,16.074209213256836,20.670000076293945,20.709999084472656,20.649999618530273,20.700000762939453,17500
2020-02-13,16.04309844970703,20.6299991607666,20.700000762939453,20.59000015258789,20.68000030517578,20900
2020-02-14,16.074209213256836,20.670000076293945,20.709999084472656,20.649999618530273,20.700000762939453,14800
2020-02-18,16.13641929626465,20.75,20.790000915527344,20.5,20.700000762939453,21200
2020-02-19,16.13641929626465,20.75,20.760000228881836,20.68000030517578,20.760000228881836,15900
2020-02-20,16.190858840942383,20.81999969482422,20.8700008392334,20.75,20.760000228881836,131100
2020-02-21,16.26862335205078,20.920000076293945,20.950000762939453,20.899999618530273,20.899999618530273,19800
2020-02-24,16.315282821655273,20.979999542236328,21.079999923706055,20.860000610351562,21.079999923706055,25000
2020-02-25,16.385271072387695,21.06999969482422,21.06999969482422,20.770000457763672,20.860000610351562,21800
2020-02-26,15.957562446594238,20.520000457763672,21.09000015258789,20.520000457763672,21.09000015258789,19200
2020-02-27,16.074209213256836,20.670000076293945,20.8799991607666,20.299999237060547,20.579999923706055,46000
2020-02-28,15.576508522033691,20.030000686645508,20.540000915527344,19.950000762939453,20.15999984741211,32400
2020-03-02,15.576508522033691,20.030000686645508,20.5,19.920000076293945,20.040000915527344,31900
2020-03-03,15.732038497924805,20.229999542236328,20.59000015258789,20.040000915527344,20.049999237060547,29000
2020-03-04,16.027551651000977,20.610000610351562,20.760000228881836,20.309999465942383,20.309999465942383,16300
2020-03-05,16.315282821655273,20.979999542236328,21.229999542236328,20.520000457763672,20.65999984741211,25700
2020-03-06,16.307506561279297,20.969999313354492,21.079999923706055,20.68000030517578,21.059999465942383,20000
2020-03-09,16.291954040527344,20.950000762939453,21.020000457763672,20.149999618530273,20.719999313354492,34100
2020-03-10,16.37749671936035,21.059999465942383,22.1200008392334,20.729999542236328,22.1200008392334,31300
2020-03-11,16.221965789794922,20.860000610351562,21.200000762939453,20.219999313354492,21.059999465942383,50000
2020-03-12,15.078807830810547,19.389999389648438,20.579999923706055,18.8700008392334,20.579999923706055,35400
2020-03-13,15.234336853027344,19.59000015258789,19.809999465942383,19.100000381469727,19.479999542236328,17600
2020-03-16,14.246709823608398,18.31999969482422,19.0,18.309999465942383,18.899999618530273,37400
2020-03-17,14.332252502441406,18.43000030517578,18.700000762939453,18.100000381469727,18.280000686645508,22200
2020-03-18,14.767742156982422,18.989999771118164,19.719999313354492,17.459999084472656,18.06999969482422,151700
2020-03-19,13.142436981201172,16.899999618530273,18.600000381469727,16.75,18.600000381469727,40100
2020-03-20,12.636956214904785,16.25,17.399999618530273,16.25,16.75,23700
2020-03-23,12.29478645324707,15.8100004196167,16.8799991607666,15.75,16.059999465942383,31300
2020-03-24,13.531266212463379,17.399999618530273,17.5,16.190000534057617,16.190000534057617,47000
2020-03-25,15.063255310058594,19.3700008392334,22.829999923706055,17.18000030517578,17.540000915527344,46600
2020-03-26,15.179902076721191,19.520000457763672,20.079999923706055,19.149999618530273,19.59000015258789,11300
2020-03-27,15.37431526184082,19.770000457763672,20.100000381469727,19.06999969482422,19.469999313354492,13900
2020-03-30,15.74759292602539,20.25,21.0,19.469999313354492,19.700000762939453,57900
2020-03-31,15.350984573364258,19.739999771118164,20.59000015258789,19.739999771118164,20.25,164500
2020-04-01,14.2622652053833,18.34000015258789,19.829999923706055,18.020000457763672,19.829999923706055,21600
2020-04-02,13.873433113098145,17.84000015258789,18.559999465942383,17.700000762939453,18.049999237060547,24500
2020-04-03,13.430171012878418,17.270000457763672,18.299999237060547,16.959999084472656,17.950000762939453,19500
2020-04-06,14.931053161621094,19.200000762939453,19.200000762939453,17.850000381469727,18.440000534057617,32800
2020-04-07,14.005636215209961,18.010000228881836,19.290000915527344,17.770000457763672,19.190000534057617,46900
2020-04-08,14.414558410644531,18.329999923706055,18.459999084472656,18.100000381469727,18.459999084472656,17900
2020-04-09,14.634749412536621,18.610000610351562,18.8700008392334,18.350000381469727,18.559999465942383,22500
2020-04-13,15.248133659362793,19.389999389648438,19.610000610351562,19.0,19.0,23600
2020-04-14,15.727832794189453,20.0,20.09000015258789,19.6200008392334,19.809999465942383,51900
2020-04-15,15.84579086303711,20.149999618530273,20.709999084472656,19.799999237060547,20.709999084472656,15500
2020-04-16,15.672785758972168,19.93000030517578,20.1200008392334,19.799999237060547,19.90999984741211,16100
2020-04-17,15.53909969329834,19.760000228881836,20.65999984741211,19.75,20.170000076293945,34700
2020-04-20,15.782877922058105,20.06999969482422,20.100000381469727,19.270000457763672,19.940000534057617,20300
2020-04-21,15.311047554016113,19.469999313354492,19.65999984741211,19.3700008392334,19.3700008392334,9300
2020-04-22,15.350371360778809,19.520000457763672,19.670000076293945,19.5,19.559999465942383,12000
2020-04-23,14.996492385864258,19.06999969482422,20.079999923706055,19.049999237060547,19.530000686645508,19700
2020-04-24,14.972896575927734,19.040000915527344,19.889999389648438,19.010000228881836,19.010000228881836,18900
2020-04-27,14.587562561035156,18.549999237060547,19.889999389648438,18.549999237060547,19.209999084472656,25500
2020-04-28,14.626886367797852,18.600000381469727,18.700000762939453,18.549999237060547,18.549999237060547,22800
2020-04-29,14.626886367797852,18.600000381469727,18.770000457763672,18.469999313354492,18.469999313354492,27000
2020-04-30,14.603293418884277,18.56999969482422,18.739999771118164,18.420000076293945,18.420000076293945,25700
2020-05-01,14.634749412536621,18.610000610351562,18.649999618530273,18.540000915527344,18.549999237060547,29000
2020-05-04,14.799893379211426,18.81999969482422,18.81999969482422,18.579999923706055,18.649999618530273,20100
2020-05-05,14.76057243347168,18.770000457763672,18.8799991607666,18.719999313354492,18.770000457763672,21300
2020-05-06,14.626886367797852,18.600000381469727,18.799999237060547,18.600000381469727,18.639999389648438,13500
2020-05-07,14.736981391906738,18.739999771118164,18.739999771118164,18.56999969482422,18.610000610351562,44200
2020-05-08,14.76057243347168,18.770000457763672,18.770000457763672,18.6200008392334,18.700000762939453,14300
2020-05-11,14.854939460754395,18.889999389648438,18.889999389648438,18.709999084472656,18.799999237060547,8900
2020-05-12,15.020082473754883,19.100000381469727,19.110000610351562,18.739999771118164,18.899999618530273,17000
2020-05-13,14.721250534057617,18.719999313354492,19.100000381469727,18.649999618530273,19.100000381469727,10300
2020-05-14,14.729114532470703,18.729999542236328,18.920000076293945,18.719999313354492,18.75,19300
2020-05-15,14.705523490905762,18.700000762939453,18.729999542236328,18.700000762939453,18.729999542236328,8400
2020-05-18,14.76057243347168,18.770000457763672,19.059999465942383,18.709999084472656,18.790000915527344,23700
2020-05-19,14.752708435058594,18.760000228881836,18.8799991607666,18.709999084472656,18.709999084472656,15600
2020-05-20,14.83134651184082,18.860000610351562,18.969999313354492,18.780000686645508,18.81999969482422,8900
2020-05-21,14.90212631225586,18.950000762939453,19.18000030517578,18.850000381469727,18.850000381469727,17300
2020-05-22,15.098724365234375,19.200000762939453,19.200000762939453,19.040000915527344,19.040000915527344,20900
2020-05-26,15.059405326843262,19.149999618530273,19.329999923706055,19.149999618530273,19.280000686645508,32600
2020-05-27,15.130176544189453,19.239999771118164,19.3799991607666,19.110000610351562,19.15999984741211,94000
2020-05-28,15.075128555297852,19.170000076293945,19.360000610351562,19.06999969482422,19.06999969482422,12100
2020-05-29,15.177358627319336,19.299999237060547,19.639999389648438,19.149999618530273,19.149999618530273,16800
2020-06-01,15.263862609863281,19.40999984741211,19.510000228881836,19.280000686645508,19.280000686645508,6400
2020-06-02,15.358230590820312,19.530000686645508,19.700000762939453,19.34000015258789,19.350000381469727,23500
2020-06-03,15.303183555603027,19.459999084472656,19.5,19.459999084472656,19.5,19900
2020-06-04,15.279592514038086,19.43000030517578,19.56999969482422,19.43000030517578,19.43000030517578,14700
2020-06-05,15.554827690124512,19.780000686645508,19.780000686645508,19.459999084472656,19.459999084472656,14300
2020-06-08,15.562689781188965,19.790000915527344,20.040000915527344,19.670000076293945,19.670000076293945,21100
2020-06-09,15.704240798950195,19.969999313354492,19.979999542236328,19.690000534057617,19.860000610351562,17700
2020-06-10,15.861518859863281,20.170000076293945,20.440000534057617,19.829999923706055,20.15999984741211,24100
2020-06-11,15.429004669189453,19.6200008392334,20.170000076293945,19.510000228881836,20.170000076293945,20200
2020-06-12,15.49978256225586,19.709999084472656,19.860000610351562,19.6200008392334,19.860000610351562,23900
2020-06-15,15.452597618103027,19.649999618530273,19.920000076293945,19.479999542236328,19.479999542236328,19000
2020-06-16,15.546965599060059,19.770000457763672,19.84000015258789,19.729999542236328,19.809999465942383,8000
2020-06-17,15.633463859558105,19.8799991607666,19.889999389648438,19.75,19.889999389648438,23700
2020-06-18,15.609874725341797,19.850000381469727,19.889999389648438,19.700000762939453,19.700000762939453,14500
2020-06-19,15.625601768493652,19.8700008392334,19.950000762939453,19.860000610351562,19.860000610351562,6800
2020-06-22,15.617737770080566,19.860000610351562,20.0,19.860000610351562,20.0,11400
2020-06-23,15.641329765319824,19.889999389648438,20.0,19.889999389648438,19.959999084472656,10200
2020-06-24,15.712102890014648,19.979999542236328,19.979999542236328,19.799999237060547,19.8799991607666,19200
2020-06-25,15.554827690124512,19.780000686645508,19.959999084472656,19.770000457763672,19.899999618530273,7200
2020-06-26,15.515510559082031,19.729999542236328,19.860000610351562,19.719999313354492,19.860000610351562,11900
2020-06-29,15.491918563842773,19.700000762939453,19.799999237060547,19.700000762939453,19.75,17000
2020-06-30,15.452597618103027,19.649999618530273,19.81999969482422,19.649999618530273,19.75,39400
2020-07-01,15.641329765319824,19.889999389648438,20.0,19.700000762939453,19.700000762939453,21000
2020-07-02,15.53909969329834,19.760000228881836,19.920000076293945,19.690000534057617,19.920000076293945,13900
2020-07-06,15.554827690124512,19.780000686645508,19.8700008392334,19.700000762939453,19.809999465942383,9600
2020-07-07,15.602010726928711,19.84000015258789,19.899999618530273,19.75,19.75,18600
2020-07-08,15.688515663146973,19.950000762939453,19.979999542236328,19.84000015258789,19.8700008392334,21100
2020-07-09,15.688515663146973,19.950000762939453,20.0,19.899999618530273,19.899999618530273,19900
2020-07-10,15.696377754211426,19.959999084472656,20.229999542236328,19.950000762939453,19.950000762939453,23300
2020-07-13,15.688515663146973,19.950000762939453,20.299999237060547,19.940000534057617,19.950000762939453,26900
2020-07-14,15.837928771972656,20.139999389648438,20.280000686645508,19.950000762939453,19.950000762939453,18300
2020-07-15,15.877246856689453,20.190000534057617,20.790000915527344,20.100000381469727,20.100000381469727,12900
2020-07-16,15.869303703308105,19.979999542236328,20.219999313354492,19.899999618530273,20.06999969482422,20400
2020-07-17,15.916961669921875,20.040000915527344,20.18000030517578,19.979999542236328,20.040000915527344,19500
2020-07-20,15.877246856689453,19.989999771118164,20.190000534057617,19.959999084472656,20.049999237060547,14300
2020-07-21,15.980502128601074,20.1200008392334,20.200000762939453,19.989999771118164,20.1200008392334,13400
2020-07-22,15.988447189331055,20.1299991607666,20.229999542236328,20.100000381469727,20.18000030517578,14000
2020-07-23,16.091699600219727,20.260000228881836,20.260000228881836,20.100000381469727,20.1299991607666,12500
2020-07-24,16.27437973022461,20.489999771118164,20.520000457763672,20.15999984741211,20.260000228881836,17500
2020-07-27,16.846242904663086,21.209999084472656,21.350000381469727,20.649999618530273,20.690000534057617,42200
2020-07-28,17.076581954956055,21.5,21.5,21.010000228881836,21.280000686645508,20000
2020-07-29,17.076581954956055,21.5,21.790000915527344,21.3799991607666,21.690000534057617,51700
2020-07-30,17.22749137878418,21.690000534057617,21.75,21.3700008392334,21.549999237060547,19100
2020-07-31,17.036867141723633,21.450000762939453,21.75,21.209999084472656,21.75,17900
2020-08-03,16.95743751525879,21.350000381469727,21.5,21.149999618530273,21.5,10300
2020-08-04,17.06069564819336,21.479999542236328,21.489999771118164,21.309999465942383,21.489999771118164,4800
2020-08-05,16.822416305541992,21.18000030517578,21.43000030517578,21.18000030517578,21.40999984741211,19000
2020-08-06,16.854190826416016,21.219999313354492,21.3700008392334,21.170000076293945,21.280000686645508,8300
2020-08-07,16.86212921142578,21.229999542236328,21.229999542236328,21.110000610351562,21.149999618530273,57300
2020-08-10,16.846242904663086,21.209999084472656,21.25,20.93000030517578,21.25,21000
2020-08-11,16.822416305541992,21.18000030517578,21.40999984741211,20.979999542236328,21.15999984741211,14900
2020-08-12,16.742992401123047,21.079999923706055,21.25,21.079999923706055,21.239999771118164,5600
2020-08-13,16.878013610839844,21.25,21.25,20.90999984741211,21.149999618530273,14700
2020-08-14,16.901844024658203,21.280000686645508,21.290000915527344,20.829999923706055,21.290000915527344,13000
2020-08-17,16.997154235839844,21.399999618530273,21.450000762939453,21.260000228881836,21.450000762939453,37600
2020-08-18,16.885957717895508,21.260000228881836,21.299999237060547,21.100000381469727,21.299999237060547,12800
2020-08-19,16.83830451965332,21.200000762939453,21.290000915527344,21.200000762939453,21.270000457763672,27100
2020-08-20,16.480886459350586,20.75,21.290000915527344,20.75,21.280000686645508,32200
2020-08-21,16.607969284057617,20.90999984741211,20.969999313354492,20.75,20.899999618530273,15200
2020-08-24,16.48883056640625,20.760000228881836,21.170000076293945,20.760000228881836,20.959999084472656,16700
2020-08-25,16.314090728759766,20.540000915527344,20.989999771118164,20.540000915527344,20.760000228881836,11000
2020-08-26,16.44117546081543,20.700000762939453,21.299999237060547,20.639999389648438,20.639999389648438,14600
2020-08-27,16.44117546081543,20.700000762939453,21.0,20.6200008392334,20.799999237060547,10100
2020-08-28,16.282323837280273,20.5,20.989999771118164,20.5,20.829999923706055,11200
2020-08-31,16.369691848754883,20.610000610351562,20.690000534057617,20.5,20.6200008392334,15800
2020-09-01,16.37763214111328,20.6200008392334,21.219999313354492,20.520000457763672,20.649999618530273,18000
2020-09-02,16.480886459350586,20.75,20.850000381469727,20.600000381469727,20.709999084472656,28800
2020-09-03,16.25848960876465,20.469999313354492,20.84000015258789,20.360000610351562,20.790000915527344,31600
2020-09-04,16.155237197875977,20.34000015258789,21.0,20.200000762939453,20.5,21000
2020-09-08,16.27437973022461,20.489999771118164,20.889999389648438,20.049999237060547,20.260000228881836,30200
2020-09-09,16.337919235229492,20.56999969482422,20.6200008392334,20.5,20.5,12800
2020-09-10,16.099641799926758,20.270000457763672,20.709999084472656,20.260000228881836,20.56999969482422,14600
2020-09-11,16.06787109375,20.229999542236328,20.540000915527344,20.219999313354492,20.3700008392334,14300
2020-09-14,16.139352798461914,20.31999969482422,20.68000030517578,20.299999237060547,20.3700008392334,19200
2020-09-15,16.202892303466797,20.399999618530273,20.43000030517578,20.270000457763672,20.43000030517578,15200
2020-09-16,16.457059860229492,20.719999313354492,20.719999313354492,20.450000762939453,20.450000762939453,20900
2020-09-17,16.282323837280273,20.5,20.700000762939453,20.5,20.649999618530273,16400
2020-09-18,16.480886459350586,20.75,20.75,20.6200008392334,20.6200008392334,6500
2020-09-21,16.520601272583008,20.799999237060547,20.829999923706055,20.5,20.799999237060547,11300
2020-09-22,16.536483764648438,20.81999969482422,20.860000610351562,20.299999237060547,20.799999237060547,18500
2020-09-23,16.369691848754883,20.610000610351562,20.989999771118164,20.610000610351562,20.989999771118164,20200
2020-09-24,16.449111938476562,20.709999084472656,20.75,20.649999618530273,20.700000762939453,12500
2020-09-25,16.329971313476562,20.559999465942383,21.020000457763672,20.5,20.90999984741211,28300
2020-09-28,16.322032928466797,20.549999237060547,20.75,20.5,20.5,13200
2020-09-29,16.345863342285156,20.579999923706055,20.989999771118164,20.5,20.68000030517578,19100
2020-09-30,16.06787109375,20.229999542236328,20.959999084472656,20.229999542236328,20.56999969482422,26900
2020-10-01,16.266435623168945,20.479999542236328,20.59000015258789,20.3799991607666,20.440000534057617,13100
2020-10-02,16.17906379699707,20.3700008392334,20.649999618530273,20.31999969482422,20.479999542236328,6600
2020-10-05,16.417346954345703,20.670000076293945,20.670000076293945,20.510000228881836,20.510000228881836,7600
2020-10-06,16.171125411987305,20.360000610351562,20.700000762939453,20.329999923706055,20.700000762939453,8600
2020-10-07,16.29026222229004,20.510000228881836,20.6200008392334,20.5,20.520000457763672,14600
2020-10-08,16.194950103759766,20.389999389648438,20.610000610351562,20.389999389648438,20.610000610351562,10400
2020-10-09,16.226720809936523,20.43000030517578,20.43000030517578,20.34000015258789,20.40999984741211,14200
2020-10-12,16.218780517578125,20.420000076293945,20.43000030517578,20.360000610351562,20.43000030517578,15300
2020-10-13,16.25848960876465,20.469999313354492,20.479999542236328,20.40999984741211,20.40999984741211,17800
2020-10-14,16.187009811401367,20.3799991607666,20.489999771118164,20.3799991607666,20.489999771118164,16400
2020-10-15,16.266435623168945,20.479999542236328,20.479999542236328,20.389999389648438,20.420000076293945,17900
2020-10-16,16.171125411987305,20.360000610351562,20.459999084472656,20.360000610351562,20.459999084472656,25900
2020-10-19,16.243318557739258,20.25,20.360000610351562,20.25,20.290000915527344,17400
2020-10-20,16.299467086791992,20.31999969482422,20.360000610351562,20.25,20.290000915527344,14800
2020-10-21,16.291446685791016,20.309999465942383,20.360000610351562,20.270000457763672,20.350000381469727,22800
2020-10-22,16.451873779296875,20.510000228881836,21.0,20.31999969482422,20.31999969482422,8100
2020-10-23,16.620325088500977,20.719999313354492,21.0,20.469999313354492,20.559999465942383,9900
2020-10-26,16.917112350463867,21.09000015258789,21.200000762939453,20.6299991607666,20.719999313354492,22400
2020-10-27,16.83690071105957,20.989999771118164,21.18000030517578,20.920000076293945,21.18000030517578,11000
2020-10-28,16.92513656616211,21.100000381469727,21.18000030517578,20.969999313354492,21.06999969482422,13100
2020-10-29,16.90106964111328,21.06999969482422,21.149999618530273,20.979999542236328,21.149999618530273,9500
2020-10-30,16.87700843811035,21.040000915527344,21.149999618530273,21.040000915527344,21.149999618530273,6400
2020-11-02,16.93315887451172,21.110000610351562,21.15999984741211,21.110000610351562,21.1299991607666,4500
2020-11-03,16.812837600708008,20.959999084472656,21.149999618530273,20.90999984741211,21.149999618530273,11800
2020-11-04,16.6684513092041,20.780000686645508,21.110000610351562,20.770000457763672,21.110000610351562,10100
2020-11-05,16.700536727905273,20.81999969482422,21.0,20.780000686645508,20.850000381469727,12800
2020-11-06,16.58823585510254,20.68000030517578,21.010000228881836,20.65999984741211,20.850000381469727,12900
2020-11-09,16.564172744750977,20.649999618530273,20.8799991607666,20.510000228881836,20.84000015258789,25000
2020-11-10,16.459896087646484,20.520000457763672,20.75,20.5,20.709999084472656,11200
2020-11-11,16.51604652404785,20.59000015258789,20.739999771118164,20.579999923706055,20.579999923706055,19000
2020-11-12,16.58823585510254,20.68000030517578,20.68000030517578,20.5,20.5,5800
2020-11-13,16.604284286499023,20.700000762939453,20.719999313354492,20.6299991607666,20.6299991607666,14800
2020-11-16,16.7246036529541,20.850000381469727,20.8700008392334,20.56999969482422,20.780000686645508,9100
2020-11-17,16.708555221557617,20.829999923706055,20.850000381469727,20.709999084472656,20.719999313354492,14700
2020-11-18,16.780752182006836,20.920000076293945,20.950000762939453,20.780000686645508,20.799999237060547,55100
2020-11-19,16.860963821411133,21.020000457763672,21.040000915527344,20.889999389648438,20.989999771118164,9400
2020-11-20,16.804819107055664,20.950000762939453,21.100000381469727,20.610000610351562,21.100000381469727,21100
2020-11-23,16.893051147460938,21.059999465942383,21.059999465942383,20.899999618530273,20.969999313354492,6800
2020-11-24,17.117650985717773,21.34000015258789,21.389999389648438,21.010000228881836,21.100000381469727,18000
2020-11-25,17.117650985717773,21.34000015258789,21.350000381469727,21.25,21.350000381469727,19100
2020-11-27,17.157756805419922,21.389999389648438,21.389999389648438,21.239999771118164,21.280000686645508,3800
2020-11-30,17.01337242126465,21.209999084472656,21.3799991607666,21.200000762939453,21.31999969482422,10300
2020-12-01,17.00535011291504,21.200000762939453,21.350000381469727,21.200000762939453,21.209999084472656,11000
2020-12-02,17.157756805419922,21.389999389648438,21.399999618530273,21.059999465942383,21.190000534057617,16400
2020-12-03,17.101608276367188,21.31999969482422,21.479999542236328,21.100000381469727,21.329999923706055,13300
2020-12-04,17.254011154174805,21.510000228881836,21.549999237060547,21.239999771118164,21.299999237060547,6700
2020-12-07,17.27005958557129,21.530000686645508,21.690000534057617,21.299999237060547,21.479999542236328,14200
2020-12-08,17.157756805419922,21.389999389648438,21.75,21.190000534057617,21.420000076293945,34300
2020-12-09,17.10963249206543,21.329999923706055,21.549999237060547,21.190000534057617,21.420000076293945,14400
2020-12-10,16.96524429321289,21.149999618530273,21.540000915527344,20.8700008392334,21.389999389648438,21600
2020-12-11,16.989303588867188,21.18000030517578,21.459999084472656,21.079999923706055,21.270000457763672,24100
2020-12-14,16.949201583862305,21.1299991607666,21.280000686645508,21.1299991607666,21.18000030517578,12600
2020-12-15,16.90106964111328,21.06999969482422,21.350000381469727,21.020000457763672,21.229999542236328,27100
2020-12-16,16.96524429321289,21.149999618530273,21.360000610351562,21.1299991607666,21.149999618530273,23900
2020-12-17,17.181821823120117,21.420000076293945,21.440000534057617,21.209999084472656,21.260000228881836,19800
2020-12-18,17.278078079223633,21.540000915527344,21.56999969482422,21.440000534057617,21.440000534057617,16400
2020-12-21,17.379182815551758,20.969999313354492,21.030000686645508,20.729999542236328,20.8799991607666,22400
2020-12-22,17.279735565185547,20.850000381469727,21.100000381469727,20.56999969482422,21.040000915527344,22400
2020-12-23,17.18028450012207,20.729999542236328,20.860000610351562,20.530000686645508,20.790000915527344,5100
2020-12-24,17.21343231201172,20.770000457763672,20.959999084472656,20.610000610351562,20.770000457763672,3800
2020-12-28,17.569807052612305,21.200000762939453,21.780000686645508,20.56999969482422,20.959999084472656,27600
2020-12-29,17.926170349121094,21.6299991607666,21.989999771118164,21.190000534057617,21.549999237060547,63700
2020-12-30,17.594667434692383,21.229999542236328,21.649999618530273,21.149999618530273,21.649999618530273,19400
2020-12-31,17.702404022216797,21.360000610351562,21.399999618530273,21.260000228881836,21.399999618530273,13200
2021-01-04,17.702404022216797,21.360000610351562,21.5,21.260000228881836,21.3700008392334,8200
2021-01-05,17.627817153930664,21.270000457763672,21.350000381469727,21.219999313354492,21.329999923706055,6900
2021-01-06,17.221721649169922,20.780000686645508,21.3799991607666,20.780000686645508,21.3799991607666,8100
2021-01-07,17.138843536376953,20.68000030517578,21.0,20.5,20.790000915527344,12700
2021-01-08,17.18028450012207,20.729999542236328,20.850000381469727,20.68000030517578,20.81999969482422,18300
2021-01-11,17.08911895751953,20.6200008392334,20.75,20.6200008392334,20.700000762939453,7900
2021-01-12,17.39575958251953,20.989999771118164,21.030000686645508,20.549999237060547,20.649999618530273,21400
2021-01-13,17.254871368408203,20.81999969482422,20.940000534057617,20.610000610351562,20.90999984741211,17800
2021-01-14,17.32946014404297,20.90999984741211,21.5,20.639999389648438,20.889999389648438,20200
2021-01-15,17.16370964050293,20.709999084472656,20.93000030517578,20.68000030517578,20.93000030517578,10400
2021-01-19,17.694114685058594,21.350000381469727,21.399999618530273,20.700000762939453,20.8799991607666,17800
2021-01-20,17.594667434692383,21.229999542236328,21.459999084472656,21.18000030517578,21.459999084472656,8700
2021-01-21,18.042194366455078,21.770000457763672,21.770000457763672,21.239999771118164,21.309999465942383,6100
2021-01-22,17.984182357788086,21.700000762939453,21.729999542236328,21.59000015258789,21.729999542236328,19100
2021-01-25,17.90959358215332,21.610000610351562,21.690000534057617,21.510000228881836,21.690000534057617,10500
2021-01-26,17.50349998474121,21.1200008392334,21.610000610351562,21.1200008392334,21.600000381469727,15900
2021-01-27,17.44548797607422,21.049999237060547,21.260000228881836,20.8799991607666,21.059999465942383,12200
2021-01-28,17.346036911010742,20.93000030517578,21.229999542236328,20.850000381469727,20.920000076293945,13300
2021-01-29,16.96480369567871,20.469999313354492,20.90999984741211,20.469999313354492,20.770000457763672,48700
2021-02-01,17.08911895751953,20.6200008392334,20.8799991607666,20.469999313354492,20.56999969482422,12500
2021-02-02,17.221721649169922,20.780000686645508,20.790000915527344,20.700000762939453,20.770000457763672,22900
2021-02-03,17.18028450012207,20.729999542236328,20.829999923706055,20.65999984741211,20.670000076293945,20900
2021-02-04,17.238296508789062,20.799999237060547,20.889999389648438,20.65999984741211,20.65999984741211,18000
2021-02-05,17.312883377075195,20.889999389648438,20.93000030517578,20.770000457763672,20.899999618530273,10300
2021-02-08,17.254871368408203,20.81999969482422,20.950000762939453,20.6299991607666,20.8700008392334,10100
2021-02-09,17.586374282836914,21.219999313354492,21.229999542236328,20.56999969482422,20.889999389648438,9200
2021-02-10,17.710693359375,21.3700008392334,21.3700008392334,21.219999313354492,21.219999313354492,7700
2021-02-11,17.99247169494629,21.709999084472656,21.719999313354492,21.309999465942383,21.420000076293945,5500
2021-02-12,18.00075912475586,21.719999313354492,21.719999313354492,21.3700008392334,21.68000030517578,21100
2021-02-16,17.917879104614258,21.6200008392334,21.670000076293945,21.3799991607666,21.639999389648438,39100
2021-02-17,17.660966873168945,21.309999465942383,21.540000915527344,21.139999389648438,21.440000534057617,10900
2021-02-18,17.569807052612305,21.200000762939453,21.290000915527344,21.200000762939453,21.290000915527344,7800
2021-02-19,17.586374282836914,21.219999313354492,21.219999313354492,21.09000015258789,21.190000534057617,12300
2021-02-22,17.578092575073242,21.209999084472656,21.219999313354492,21.139999389648438,21.219999313354492,8100
2021-02-23,17.44548797607422,21.049999237060547,21.219999313354492,21.049999237060547,21.209999084472656,23300
2021-02-24,17.412334442138672,21.010000228881836,21.09000015258789,20.760000228881836,21.06999969482422,9900
2021-02-25,17.4040470123291,21.0,21.0,20.81999969482422,20.81999969482422,12400
2021-02-26,17.387475967407227,20.979999542236328,21.100000381469727,20.770000457763672,20.950000762939453,9800
2021-03-01,17.428909301757812,21.030000686645508,21.040000915527344,20.790000915527344,21.0,7200
2021-03-02,17.453773498535156,21.059999465942383,21.139999389648438,20.799999237060547,20.93000030517578,33100
2021-03-03,17.32946014404297,20.90999984741211,20.989999771118164,20.90999984741211,20.950000762939453,9300
2021-03-04,17.279735565185547,20.850000381469727,20.969999313354492,20.81999969482422,20.93000030517578,11000
2021-03-05,17.21343231201172,20.770000457763672,20.84000015258789,20.75,20.84000015258789,13700
2021-03-08,17.031105041503906,20.549999237060547,20.809999465942383,20.549999237060547,20.790000915527344,18900
2021-03-09,17.06425666809082,20.59000015258789,20.709999084472656,20.520000457763672,20.709999084472656,9400
2021-03-10,17.097402572631836,20.6299991607666,20.68000030517578,20.6299991607666,20.68000030517578,10200
2021-03-11,17.047679901123047,20.56999969482422,20.90999984741211,20.56999969482422,20.739999771118164,10300
2021-03-12,16.989665985107422,20.5,20.700000762939453,20.5,20.520000457763672,12500
2021-03-15,17.031105041503906,20.549999237060547,20.649999618530273,20.5,20.5,7200
2021-03-16,17.031105041503906,20.549999237060547,20.559999465942383,20.5,20.559999465942383,5400
2021-03-17,16.97309112548828,20.479999542236328,20.56999969482422,20.450000762939453,20.56999969482422,8400
2021-03-18,16.840486526489258,20.31999969482422,20.450000762939453,20.309999465942383,20.40999984741211,10600
2021-03-19,16.807340621948242,20.280000686645508,20.40999984741211,20.270000457763672,20.40999984741211,7000
2021-03-22,16.799053192138672,20.270000457763672,20.329999923706055,20.25,20.260000228881836,15200
2021-03-23,16.881927490234375,20.3700008392334,20.920000076293945,20.31999969482422,20.31999969482422,5200
2021-03-24,16.823911666870117,20.299999237060547,21.09000015258789,20.260000228881836,20.31999969482422,16600
2021-03-25,16.931652069091797,20.43000030517578,20.56999969482422,20.420000076293945,20.479999542236328,12200
2021-03-26,16.840486526489258,20.31999969482422,20.489999771118164,20.299999237060547,20.489999771118164,158800
2021-03-29,16.799053192138672,20.270000457763672,20.979999542236328,20.270000457763672,20.360000610351562,4900
2021-03-30,16.807340621948242,20.280000686645508,20.510000228881836,20.280000686645508,20.280000686645508,7400
2021-03-31,16.94822883605957,20.450000762939453,20.479999542236328,20.270000457763672,20.290000915527344,57700
2021-04-01,16.91507911682129,20.40999984741211,20.469999313354492,20.389999389648438,20.469999313354492,10100
2021-04-05,16.823911666870117,20.299999237060547,20.40999984741211,20.299999237060547,20.40999984741211,8300
2021-04-06,16.84877586364746,20.329999923706055,20.520000457763672,20.309999465942383,20.31999969482422,16500
2021-04-07,16.7907657623291,20.260000228881836,20.350000381469727,20.25,20.350000381469727,21200
2021-04-08,16.86609649658203,20.149999618530273,20.25,20.09000015258789,20.25,17600
2021-04-09,16.774023056030273,20.040000915527344,20.149999618530273,20.030000686645508,20.079999923706055,13600
2021-04-12,16.65683937072754,19.899999618530273,20.079999923706055,19.899999618530273,20.079999923706055,20600
2021-04-13,16.69869041442871,19.950000762939453,20.0,19.90999984741211,19.979999542236328,35300
2021-04-14,16.74890899658203,20.010000228881836,20.06999969482422,19.959999084472656,20.0,10700
2021-04-15,16.85772705078125,20.139999389648438,20.18000030517578,20.079999923706055,20.15999984741211,24000
2021-04-16,16.67357635498047,19.920000076293945,20.25,19.920000076293945,20.149999618530273,22000
2021-04-19,16.7321720123291,19.989999771118164,20.270000457763672,19.950000762939453,19.950000762939453,18800
2021-04-20,16.782390594482422,20.049999237060547,20.239999771118164,20.0,20.0,11500
2021-04-21,16.874465942382812,20.15999984741211,20.190000534057617,20.139999389648438,20.149999618530273,22700
2021-04-22,16.907947540283203,20.200000762939453,20.229999542236328,20.049999237060547,20.190000534057617,22100
2021-04-23,17.03350257873535,20.350000381469727,20.59000015258789,20.18000030517578,20.260000228881836,20200
2021-04-26,17.133941650390625,20.469999313354492,20.56999969482422,20.280000686645508,20.399999618530273,15800
2021-04-27,17.142311096191406,20.479999542236328,20.479999542236328,20.299999237060547,20.469999313354492,23600
2021-04-28,17.07535171508789,20.399999618530273,20.549999237060547,20.299999237060547,20.549999237060547,11400
2021-04-29,17.142311096191406,20.479999542236328,20.549999237060547,20.360000610351562,20.360000610351562,17100
2021-04-30,17.20927619934082,20.559999465942383,20.579999923706055,20.440000534057617,20.440000534057617,7000
2021-05-03,17.251127243041992,20.610000610351562,20.690000534057617,20.559999465942383,20.59000015258789,7100
2021-05-04,17.20927619934082,20.559999465942383,20.649999618530273,20.559999465942383,20.639999389648438,11900
2021-05-05,17.192535400390625,20.540000915527344,20.6200008392334,20.540000915527344,20.559999465942383,11100
2021-05-06,17.284605026245117,20.649999618530273,20.649999618530273,20.579999923706055,20.6299991607666,12800
2021-05-07,17.259496688842773,20.6200008392334,20.799999237060547,20.6200008392334,20.649999618530273,14300
2021-05-10,17.200904846191406,20.549999237060547,20.6200008392334,20.540000915527344,20.6200008392334,8800
2021-05-11,17.03350257873535,20.350000381469727,20.600000381469727,20.34000015258789,20.579999923706055,18200
2021-05-12,17.184165954589844,20.530000686645508,20.530000686645508,20.280000686645508,20.350000381469727,15400
2021-05-13,17.025131225585938,20.34000015258789,20.549999237060547,20.31999969482422,20.549999237060547,12400
2021-05-14,17.058610916137695,20.3799991607666,20.440000534057617,20.329999923706055,20.440000534057617,22800
2021-05-17,17.12557029724121,20.459999084472656,20.600000381469727,20.350000381469727,20.350000381469727,16900
2021-05-18,16.9832820892334,20.290000915527344,20.489999771118164,20.219999313354492,20.489999771118164,17100
2021-05-19,16.974912643432617,20.280000686645508,20.31999969482422,20.100000381469727,20.309999465942383,13000
2021-05-20,17.016759872436523,20.329999923706055,20.43000030517578,20.270000457763672,20.34000015258789,16200
2021-05-21,17.03350257873535,20.350000381469727,20.549999237060547,20.309999465942383,20.399999618530273,13900
2021-05-24,17.192535400390625,20.540000915527344,20.540000915527344,20.299999237060547,20.450000762939453,28000
2021-05-25,17.24275779724121,20.600000381469727,20.600000381469727,20.389999389648438,20.540000915527344,23800
2021-05-26,17.359941482543945,20.739999771118164,20.75,20.579999923706055,20.610000610351562,10100
2021-05-27,17.326461791992188,20.700000762939453,20.75,20.579999923706055,20.75,40500
2021-05-28,17.385053634643555,20.770000457763672,20.770000457763672,20.610000610351562,20.719999313354492,6600
2021-06-01,17.326461791992188,20.700000762939453,20.770000457763672,20.489999771118164,20.700000762939453,14600
2021-06-02,17.577566146850586,21.0,21.0,20.520000457763672,20.639999389648438,9600
2021-06-03,17.870527267456055,21.350000381469727,21.350000381469727,20.81999969482422,21.049999237060547,42100
2021-06-04,17.86215591430664,21.34000015258789,21.440000534057617,21.25,21.440000534057617,15000
2021-06-07,17.770082473754883,21.229999542236328,21.389999389648438,20.950000762939453,21.389999389648438,11300
2021-06-08,17.54408836364746,20.959999084472656,21.40999984741211,20.790000915527344,21.25,28500
2021-06-09,17.560827255249023,20.979999542236328,21.149999618530273,20.860000610351562,21.059999465942383,14200
2021-06-10,17.50223731994629,20.90999984741211,21.399999618530273,20.889999389648438,21.010000228881836,11400
2021-06-11,17.552453994750977,20.969999313354492,21.399999618530273,20.860000610351562,20.860000610351562,19400
2021-06-14,17.50223731994629,20.90999984741211,21.329999923706055,20.780000686645508,21.040000915527344,16800
2021-06-15,17.43527603149414,20.829999923706055,20.8700008392334,20.760000228881836,20.809999465942383,30100
2021-06-16,17.4101619720459,20.799999237060547,20.8700008392334,20.770000457763672,20.799999237060547,18200
2021-06-17,17.351572036743164,20.729999542236328,21.15999984741211,20.549999237060547,20.850000381469727,17800
2021-06-18,17.50223731994629,20.90999984741211,20.90999984741211,20.639999389648438,20.829999923706055,8600
2021-06-21,17.4101619720459,20.799999237060547,21.030000686645508,20.780000686645508,20.829999923706055,19100
2021-06-22,17.426904678344727,20.81999969482422,20.899999618530273,20.809999465942383,20.809999465942383,25200
2021-06-23,17.443645477294922,20.84000015258789,20.969999313354492,20.729999542236328,20.860000610351562,11700
2021-06-24,17.418533325195312,20.809999465942383,21.959999084472656,20.799999237060547,20.81999969482422,38100
2021-06-25,17.50223731994629,20.90999984741211,20.950000762939453,20.809999465942383,20.889999389648438,21100
2021-06-28,17.594308853149414,21.020000457763672,21.100000381469727,20.90999984741211,20.920000076293945,12100
2021-06-29,17.837047576904297,21.309999465942383,21.31999969482422,21.0,21.09000015258789,12000
2021-06-30,18.130002975463867,21.65999984741211,21.65999984741211,21.209999084472656,21.270000457763672,37200
2021-07-01,17.937488555908203,21.43000030517578,21.65999984741211,21.34000015258789,21.649999618530273,7100
2021-07-02,18.16348648071289,21.700000762939453,21.700000762939453,21.280000686645508,21.600000381469727,23400
2021-07-06,18.02119255065918,21.530000686645508,21.81999969482422,21.31999969482422,21.81999969482422,13100
2021-07-07,17.937488555908203,21.43000030517578,21.8700008392334,21.43000030517578,21.530000686645508,7500
2021-07-08,17.904008865356445,21.389999389648438,21.989999771118164,21.190000534057617,21.989999771118164,10700
2021-07-09,18.113265991210938,21.639999389648438,21.920000076293945,21.299999237060547,21.920000076293945,12000
2021-07-12,17.870527267456055,21.350000381469727,21.690000534057617,21.31999969482422,21.489999771118164,11900
2021-07-13,17.91277313232422,21.200000762939453,21.40999984741211,21.059999465942383,21.239999771118164,15000
2021-07-14,18.005722045898438,21.309999465942383,21.399999618530273,21.219999313354492,21.34000015258789,11900
2021-07-15,18.081764221191406,21.399999618530273,21.739999771118164,21.360000610351562,21.399999618530273,4600
2021-07-16,18.200056076049805,21.540000915527344,21.540000915527344,21.420000076293945,21.5,11400
2021-07-19,18.166257858276367,21.5,21.6299991607666,21.3799991607666,21.540000915527344,8200
2021-07-20,18.36904525756836,21.739999771118164,21.950000762939453,21.5,21.5,19100
2021-07-21,18.124013900756836,21.450000762939453,21.75,21.290000915527344,21.75,10400
2021-07-22,18.191606521606445,21.530000686645508,21.690000534057617,21.25,21.56999969482422,9800
2021-07-23,18.191606521606445,21.530000686645508,21.950000762939453,21.530000686645508,21.530000686645508,6200
2021-07-26,18.411291122436523,21.790000915527344,21.790000915527344,21.549999237060547,21.639999389648438,16200
2021-07-27,18.909809112548828,22.3799991607666,22.399999618530273,21.530000686645508,21.899999618530273,20400
2021-07-28,19.16329002380371,22.68000030517578,22.68000030517578,22.239999771118164,22.3799991607666,7600
2021-07-29,19.0196475982666,22.510000228881836,22.920000076293945,22.329999923706055,22.700000762939453,8600
2021-07-30,19.095693588256836,22.600000381469727,22.649999618530273,22.239999771118164,22.600000381469727,7000
2021-08-02,19.011198043823242,22.5,22.670000076293945,22.350000381469727,22.670000076293945,7400
2021-08-03,18.95205307006836,22.43000030517578,22.610000610351562,22.389999389648438,22.610000610351562,9000
2021-08-04,19.045000076293945,22.540000915527344,22.540000915527344,22.0,22.540000915527344,6300
2021-08-05,19.087244033813477,22.59000015258789,22.709999084472656,22.309999465942383,22.709999084472656,7200
2021-08-06,18.943603515625,22.420000076293945,22.940000534057617,22.399999618530273,22.579999923706055,10300
2021-08-09,19.137939453125,22.649999618530273,22.68000030517578,22.469999313354492,22.530000686645508,7600
2021-08-10,19.18018913269043,22.700000762939453,22.780000686645508,22.350000381469727,22.780000686645508,11900
2021-08-11,19.281579971313477,22.81999969482422,22.829999923706055,22.3700008392334,22.799999237060547,12600
2021-08-12,18.84221076965332,22.299999237060547,23.1299991607666,22.299999237060547,22.93000030517578,16400
2021-08-13,18.97740364074707,22.459999084472656,23.110000610351562,22.25,22.43000030517578,22800
2021-08-16,18.892911911010742,22.360000610351562,23.270000457763672,22.15999984741211,22.530000686645508,34800
2021-08-17,18.715469360351562,22.149999618530273,22.299999237060547,22.149999618530273,22.299999237060547,12600
2021-08-18,18.732370376586914,22.170000076293945,22.469999313354492,21.860000610351562,22.190000534057617,4600
2021-08-19,18.521137237548828,21.920000076293945,22.299999237060547,21.899999618530273,22.09000015258789,9200
2021-08-20,18.614078521728516,22.030000686645508,22.280000686645508,21.760000228881836,22.06999969482422,25300
2021-08-23,18.233854293823242,21.579999923706055,22.010000228881836,21.530000686645508,21.969999313354492,16900
2021-08-24,18.166257858276367,21.5,21.829999923706055,21.5,21.6299991607666,29000
2021-08-25,17.84518051147461,21.1200008392334,21.68000030517578,20.93000030517578,21.56999969482422,29800
2021-08-26,17.693090438842773,20.940000534057617,21.09000015258789,20.809999465942383,21.030000686645508,33800
2021-08-27,17.760684967041016,21.020000457763672,21.079999923706055,21.0,21.0,22100
2021-08-30,17.811382293701172,21.079999923706055,21.15999984741211,21.020000457763672,21.049999237060547,25900
2021-08-31,17.87897491455078,21.15999984741211,21.200000762939453,21.06999969482422,21.139999389648438,28500
2021-09-01,17.94657325744629,21.239999771118164,21.43000030517578,21.149999618530273,21.209999084472656,22100
2021-09-02,17.862077713012695,21.139999389648438,21.290000915527344,21.079999923706055,21.200000762939453,26500
2021-09-03,17.726884841918945,20.979999542236328,21.309999465942383,20.809999465942383,21.110000610351562,36400
2021-09-07,17.87897491455078,21.15999984741211,21.280000686645508,20.979999542236328,20.979999542236328,29900
2021-09-08,18.01416778564453,21.31999969482422,21.31999969482422,21.010000228881836,21.219999313354492,11200
2021-09-09,17.95502471923828,21.25,21.350000381469727,21.190000534057617,21.31999969482422,13300
2021-09-10,18.233854293823242,21.579999923706055,21.579999923706055,21.360000610351562,21.360000610351562,20200
2021-09-13,18.445085525512695,21.829999923706055,22.190000534057617,21.68000030517578,21.709999084472656,19500
2021-09-14,18.563379287719727,21.969999313354492,21.979999542236328,21.829999923706055,21.829999923706055,21300
2021-09-15,18.461986541748047,21.850000381469727,22.040000915527344,21.81999969482422,22.020000457763672,18800
2021-09-16,18.166257858276367,21.5,21.770000457763672,21.309999465942383,21.770000457763672,14100
2021-09-17,18.115564346313477,21.440000534057617,21.6299991607666,21.389999389648438,21.389999389648438,14000
2021-09-20,18.149362564086914,21.479999542236328,21.6200008392334,21.360000610351562,21.489999771118164,21400
2021-09-21,18.174707412719727,21.510000228881836,21.670000076293945,21.510000228881836,21.530000686645508,7900
2021-09-22,17.95502471923828,21.25,21.670000076293945,21.1200008392334,21.610000610351562,13100
2021-09-23,18.05641746520996,21.3700008392334,21.479999542236328,21.270000457763672,21.270000457763672,6600
2021-09-24,17.997270584106445,21.299999237060547,21.360000610351562,21.25,21.260000228881836,11500
2021-09-27,17.887428283691406,21.170000076293945,21.299999237060547,21.15999984741211,21.299999237060547,9000
2021-09-28,17.726884841918945,20.979999542236328,21.309999465942383,20.860000610351562,21.190000534057617,17300
2021-09-29,17.684640884399414,20.93000030517578,21.059999465942383,20.860000610351562,21.049999237060547,9700
2021-09-30,17.726884841918945,20.979999542236328,21.030000686645508,20.920000076293945,20.979999542236328,13800
2021-10-01,17.870527267456055,21.149999618530273,21.149999618530273,21.049999237060547,21.1200008392334,10100
2021-10-04,17.769136428833008,21.030000686645508,21.209999084472656,20.969999313354492,21.190000534057617,15400
2021-10-05,17.7775821685791,21.040000915527344,21.239999771118164,20.93000030517578,21.030000686645508,13900
2021-10-06,17.62549591064453,20.860000610351562,21.09000015258789,20.850000381469727,20.850000381469727,11600
2021-10-07,17.684640884399414,20.93000030517578,21.09000015258789,20.799999237060547,20.84000015258789,12600
2021-10-08,17.75223731994629,21.010000228881836,21.059999465942383,20.8700008392334,20.950000762939453,24600
2021-10-11,17.80293083190918,21.06999969482422,21.06999969482422,20.899999618530273,21.020000457763672,14700
2021-10-12,17.692033767700195,20.739999771118164,21.030000686645508,20.729999542236328,20.920000076293945,21100
2021-10-13,17.666446685791016,20.709999084472656,20.93000030517578,20.709999084472656,20.75,16000
2021-10-14,17.709096908569336,20.760000228881836,20.8700008392334,20.719999313354492,20.719999313354492,13800
2021-10-15,17.7005672454834,20.75,20.809999465942383,20.639999389648438,20.809999465942383,11800
2021-10-18,17.743221282958984,20.799999237060547,21.020000457763672,20.520000457763672,20.68000030517578,27900
2021-10-19,17.879703521728516,20.959999084472656,20.979999542236328,20.8799991607666,20.8799991607666,14800
2021-10-20,18.007661819458008,21.110000610351562,21.1200008392334,20.940000534057617,21.0,24100
2021-10-21,18.024723052978516,21.1299991607666,21.280000686645508,20.90999984741211,20.90999984741211,19600
2021-10-22,17.990598678588867,21.09000015258789,21.43000030517578,21.0,21.239999771118164,19900
2021-10-25,18.178272247314453,21.309999465942383,21.40999984741211,21.209999084472656,21.209999084472656,26700
2021-10-26,18.289165496826172,21.440000534057617,21.440000534057617,21.290000915527344,21.3799991607666,18000
2021-10-27,18.886295318603516,22.139999389648438,22.559999465942383,21.510000228881836,21.549999237060547,22400
2021-10-28,18.843639373779297,22.09000015258789,22.270000457763672,22.040000915527344,22.270000457763672,19300
2021-10-29,18.45124053955078,21.6299991607666,22.09000015258789,21.5,22.09000015258789,10500
2021-11-01,18.10149574279785,21.219999313354492,22.030000686645508,21.190000534057617,21.690000534057617,11700
2021-11-02,18.29769515991211,21.450000762939453,21.450000762939453,21.350000381469727,21.450000762939453,9700
2021-11-03,18.8521728515625,22.100000381469727,22.100000381469727,21.450000762939453,21.540000915527344,9000
2021-11-04,18.715682983398438,21.940000534057617,22.15999984741211,21.81999969482422,22.100000381469727,10000
2021-11-05,18.86923599243164,22.1200008392334,22.1200008392334,21.739999771118164,22.059999465942383,13300
2021-11-08,18.553607940673828,21.75,22.100000381469727,21.5,21.979999542236328,34300
2021-11-09,18.630380630493164,21.84000015258789,22.200000762939453,21.739999771118164,21.760000228881836,28800
2021-11-10,18.68156623840332,21.899999618530273,21.899999618530273,21.639999389648438,21.899999618530273,9200
2021-11-11,18.937475204467773,22.200000762939453,22.200000762939453,21.649999618530273,22.010000228881836,24400
2021-11-12,19.5687198638916,22.940000534057617,23.020000457763672,21.959999084472656,22.270000457763672,14400
2021-11-15,18.98012924194336,22.25,22.510000228881836,22.25,22.510000228881836,10900
2021-11-16,18.80951690673828,22.049999237060547,22.5,22.049999237060547,22.190000534057617,8400
2021-11-17,18.91188621520996,22.170000076293945,22.280000686645508,22.149999618530273,22.170000076293945,6600
2021-11-18,19.065433502197266,22.350000381469727,22.350000381469727,22.31999969482422,22.350000381469727,6200
2021-11-19,18.997190475463867,22.270000457763672,22.350000381469727,22.219999313354492,22.350000381469727,11000
2021-11-22,18.53654670715332,21.729999542236328,22.270000457763672,21.729999542236328,22.270000457763672,7600
2021-11-23,18.502426147460938,21.690000534057617,22.260000228881836,21.420000076293945,21.860000610351562,12600
2021-11-24,18.843639373779297,22.09000015258789,22.149999618530273,21.84000015258789,21.84000015258789,11400
2021-11-26,18.792461395263672,22.030000686645508,22.219999313354492,21.719999313354492,22.219999313354492,3800
2021-11-29,18.46830177307129,21.649999618530273,21.799999237060547,21.649999618530273,21.799999237060547,4500
2021-11-30,18.758337020874023,21.989999771118164,22.049999237060547,21.670000076293945,21.760000228881836,8200
2021-12-01,18.66450309753418,21.8799991607666,22.290000915527344,21.809999465942383,22.100000381469727,10800
2021-12-02,18.62184715270996,21.829999923706055,22.09000015258789,21.739999771118164,21.8799991607666,9400
2021-12-03,18.724212646484375,21.950000762939453,21.950000762939453,21.809999465942383,21.829999923706055,5100
2021-12-06,18.715682983398438,21.940000534057617,22.040000915527344,21.809999465942383,22.040000915527344,8700
2021-12-07,18.391530990600586,21.559999465942383,21.860000610351562,21.309999465942383,21.809999465942383,11800
2021-12-08,18.23798179626465,21.3799991607666,21.969999313354492,21.18000030517578,21.530000686645508,16100
2021-12-09,18.203859329223633,21.34000015258789,21.739999771118164,21.239999771118164,21.389999389648438,14200
2021-12-10,17.990598678588867,21.09000015258789,21.459999084472656,20.6200008392334,21.43000030517578,22100
2021-12-13,18.0588436126709,21.170000076293945,21.190000534057617,21.079999923706055,21.149999618530273,13300
2021-12-14,18.45124053955078,21.6299991607666,21.6299991607666,21.18000030517578,21.18000030517578,20400
2021-12-15,18.62184715270996,21.829999923706055,22.139999389648438,21.579999923706055,21.649999618530273,16900
2021-12-16,18.65597152709961,21.8700008392334,22.059999465942383,21.790000915527344,22.040000915527344,29000
2021-12-17,18.928943634033203,22.190000534057617,22.25,21.75,22.040000915527344,9900
2021-12-20,19.039836883544922,22.31999969482422,22.770000457763672,22.260000228881836,22.31999969482422,19400
2021-12-21,19.336179733276367,22.1200008392334,22.5,21.829999923706055,22.170000076293945,21700
2021-12-22,19.248762130737305,22.020000457763672,22.729999542236328,22.010000228881836,22.229999542236328,12200
2021-12-23,19.44981575012207,22.25,22.520000457763672,22.040000915527344,22.1200008392334,9500
2021-12-27,19.467300415039062,22.270000457763672,22.469999313354492,21.889999389648438,22.34000015258789,42800
2021-12-28,19.493520736694336,22.299999237060547,22.360000610351562,21.940000534057617,22.270000457763672,7300
2021-12-29,19.44981575012207,22.25,22.469999313354492,21.670000076293945,22.469999313354492,15500
2021-12-30,19.44107437133789,22.239999771118164,22.309999465942383,21.579999923706055,22.149999618530273,9400
2021-12-31,19.642127990722656,22.469999313354492,22.469999313354492,21.809999465942383,22.139999389648438,12300
2022-01-03,19.318695068359375,22.100000381469727,22.399999618530273,21.530000686645508,22.020000457763672,11100
2022-01-04,18.706789016723633,21.399999618530273,22.06999969482422,21.100000381469727,22.059999465942383,23300
2022-01-05,17.806413650512695,20.3700008392334,21.3799991607666,20.280000686645508,21.209999084472656,41800
2022-01-06,17.509206771850586,20.030000686645508,20.40999984741211,20.0,20.40999984741211,47900
2022-01-07,17.378082275390625,19.8799991607666,20.079999923706055,19.8700008392334,20.0,55000
2022-01-10,17.045907974243164,19.5,19.799999237060547,19.329999923706055,19.520000457763672,186800
2022-01-11,17.21199607849121,19.690000534057617,19.770000457763672,19.5,19.5,60900
2022-01-12,17.26444435119629,19.75,19.8799991607666,19.579999923706055,19.729999542236328,47000
2022-01-13,17.299409866333008,19.790000915527344,19.899999618530273,19.760000228881836,19.780000686645508,43000
2022-01-14,17.15080451965332,19.6200008392334,19.719999313354492,19.549999237060547,19.719999313354492,53100
2022-01-18,16.853595733642578,19.280000686645508,19.56999969482422,19.239999771118164,19.280000686645508,92100
2022-01-19,16.914785385131836,19.350000381469727,19.5,19.299999237060547,19.360000610351562,36400
2022-01-20,16.888559341430664,19.31999969482422,19.43000030517578,19.31999969482422,19.350000381469727,15200
2022-01-21,16.836111068725586,19.260000228881836,19.420000076293945,19.229999542236328,19.270000457763672,32700
2022-01-24,16.809885025024414,19.229999542236328,19.579999923706055,18.889999389648438,19.170000076293945,45300
2022-01-25,16.862335205078125,19.290000915527344,19.360000610351562,19.139999389648438,19.139999389648438,32300
2022-01-26,16.871076583862305,19.299999237060547,19.40999984741211,19.229999542236328,19.399999618530273,33500
2022-01-27,16.871076583862305,19.299999237060547,19.3700008392334,19.190000534057617,19.190000534057617,13500
2022-01-28,16.914785385131836,19.350000381469727,19.420000076293945,19.260000228881836,19.270000457763672,11700
2022-01-31,16.76618003845215,19.18000030517578,19.299999237060547,18.940000534057617,19.25,38800
2022-02-01,16.696245193481445,19.100000381469727,19.280000686645508,19.06999969482422,19.18000030517578,37900
2022-02-02,16.696245193481445,19.100000381469727,19.219999313354492,19.059999465942383,19.079999923706055,31400
2022-02-03,16.512672424316406,18.889999389648438,19.040000915527344,18.84000015258789,19.030000686645508,37100
2022-02-04,16.25043296813965,18.59000015258789,18.860000610351562,18.59000015258789,18.860000610351562,36200
2022-02-07,16.285398483276367,18.6299991607666,18.709999084472656,18.56999969482422,18.6299991607666,34600
2022-02-08,16.241687774658203,18.579999923706055,18.670000076293945,18.559999465942383,18.600000381469727,27900
2022-02-09,16.23295021057129,18.56999969482422,18.690000534057617,18.559999465942383,18.579999923706055,44800
2022-02-10,16.093082427978516,18.40999984741211,18.700000762939453,18.40999984741211,18.530000686645508,34500
2022-02-11,16.13678741455078,18.459999084472656,18.489999771118164,18.440000534057617,18.440000534057617,38000
2022-02-14,15.865803718566895,18.149999618530273,18.389999389648438,18.1299991607666,18.3700008392334,29500
2022-02-15,15.88328742980957,18.170000076293945,18.209999084472656,18.049999237060547,18.049999237060547,16700
2022-02-16,15.865803718566895,18.149999618530273,18.200000762939453,18.139999389648438,18.139999389648438,13900
2022-02-17,15.892032623291016,18.18000030517578,18.25,18.110000610351562,18.110000610351562,27900
2022-02-18,15.900772094726562,18.190000534057617,18.260000228881836,18.1299991607666,18.149999618530273,27400
2022-02-22,15.80461311340332,18.079999923706055,18.1200008392334,18.040000915527344,18.09000015258789,18600
2022-02-23,15.760903358459473,18.030000686645508,18.1200008392334,17.979999542236328,18.079999923706055,32200
2022-02-24,15.71720027923584,17.979999542236328,18.079999923706055,17.889999389648438,18.079999923706055,14300
2022-02-25,15.682232856750488,17.940000534057617,18.079999923706055,17.770000457763672,17.8799991607666,12400
2022-02-28,15.813356399536133,18.09000015258789,18.170000076293945,17.899999618530273,17.899999618530273,24600
2022-03-01,15.88328742980957,18.170000076293945,18.239999771118164,18.0,18.0,21800
2022-03-02,15.743425369262695,18.010000228881836,18.200000762939453,18.010000228881836,18.149999618530273,23400
2022-03-03,15.865803718566895,18.149999618530273,18.149999618530273,18.010000228881836,18.010000228881836,19300
2022-03-04,15.865803718566895,18.149999618530273,18.200000762939453,18.110000610351562,18.139999389648438,40200
2022-03-07,15.5773344039917,17.81999969482422,18.149999618530273,17.81999969482422,18.149999618530273,29700
2022-03-08,15.5773344039917,17.81999969482422,17.959999084472656,17.809999465942383,17.81999969482422,36500
2022-03-09,15.55984878540039,17.799999237060547,18.020000457763672,17.770000457763672,17.799999237060547,33400
2022-03-10,15.37628173828125,17.59000015258789,17.780000686645508,17.59000015258789,17.75,34000
2022-03-11,15.393766403198242,17.610000610351562,17.84000015258789,17.59000015258789,17.760000228881836,24000
2022-03-14,15.332573890686035,17.540000915527344,17.579999923706055,17.5,17.540000915527344,30600
2022-03-15,15.367538452148438,17.579999923706055,17.65999984741211,17.540000915527344,17.540000915527344,16000
2022-03-16,15.350058555603027,17.559999465942383,17.770000457763672,17.549999237060547,17.59000015258789,30500
2022-03-17,15.481179237365723,17.709999084472656,17.860000610351562,17.610000610351562,17.639999389648438,9500
2022-03-18,15.507405281066895,17.739999771118164,17.860000610351562,17.6299991607666,17.6299991607666,7400
2022-03-21,15.454957962036133,17.68000030517578,17.75,17.68000030517578,17.729999542236328,7700
2022-03-22,15.323833465576172,17.530000686645508,17.600000381469727,17.510000228881836,17.600000381469727,14300
2022-03-23,15.428730964660645,17.649999618530273,17.81999969482422,17.56999969482422,17.59000015258789,7800
2022-03-24,15.428730964660645,17.649999618530273,17.649999618530273,17.559999465942383,17.559999465942383,9400
2022-03-25,15.37628173828125,17.59000015258789,17.81999969482422,17.5,17.81999969482422,17200
2022-03-28,15.385024070739746,17.600000381469727,17.600000381469727,17.510000228881836,17.59000015258789,15200
2022-03-29,15.402505874633789,17.6200008392334,17.8700008392334,17.559999465942383,17.559999465942383,18800
2022-03-30,15.51614761352539,17.75,17.790000915527344,17.6200008392334,17.6200008392334,25800
2022-03-31,15.621045112609863,17.8700008392334,18.15999984741211,17.760000228881836,17.760000228881836,32500
2022-04-01,15.612302780151367,17.860000610351562,18.229999542236328,17.729999542236328,17.729999542236328,10400
2022-04-04,15.647270202636719,17.899999618530273,17.950000762939453,17.829999923706055,17.860000610351562,22300
2022-04-05,15.629607200622559,17.700000762939453,17.739999771118164,17.68000030517578,17.719999313354492,15200
2022-04-06,15.479491233825684,17.530000686645508,17.6299991607666,17.469999313354492,17.56999969482422,15200
2022-04-07,15.426507949829102,17.469999313354492,17.549999237060547,17.420000076293945,17.549999237060547,8200
2022-04-08,15.347037315368652,17.3799991607666,17.510000228881836,17.3799991607666,17.3799991607666,7300
2022-04-11,15.294055938720703,17.31999969482422,17.40999984741211,17.31999969482422,17.389999389648438,5800
2022-04-12,15.188094139099121,17.200000762939453,17.65999984741211,17.09000015258789,17.31999969482422,35100
2022-04-13,15.232245445251465,17.25,17.329999923706055,17.149999618530273,17.149999618530273,24900
2022-04-14,15.241074562072754,17.260000228881836,17.440000534057617,17.260000228881836,17.290000915527344,20000
2022-04-18,15.232245445251465,17.25,17.280000686645508,17.25,17.25,20600
2022-04-19,15.15277099609375,17.15999984741211,17.209999084472656,17.15999984741211,17.209999084472656,8400
2022-04-20,15.258734703063965,17.280000686645508,17.43000030517578,17.15999984741211,17.15999984741211,5600
2022-04-21,15.320545196533203,17.350000381469727,17.43000030517578,17.059999465942383,17.170000076293945,6400
2022-04-22,15.188094139099121,17.200000762939453,17.329999923706055,17.079999923706055,17.170000076293945,10300
2022-04-25,14.94084358215332,16.920000076293945,17.209999084472656,16.850000381469727,17.1299991607666,33300
2022-04-26,14.870201110839844,16.84000015258789,16.899999618530273,16.829999923706055,16.829999923706055,26200
2022-04-27,14.861371994018555,16.829999923706055,16.8799991607666,16.799999237060547,16.799999237060547,4700
2022-04-28,14.896695137023926,16.8700008392334,16.90999984741211,16.75,16.799999237060547,26800
2022-04-29,14.781898498535156,16.739999771118164,16.809999465942383,16.690000534057617,16.790000915527344,7700
2022-05-02,14.773067474365234,16.729999542236328,16.75,16.690000534057617,16.700000762939453,21800
2022-05-03,14.773067474365234,16.729999542236328,16.860000610351562,16.729999542236328,16.75,13700
2022-05-04,14.764237403869629,16.719999313354492,16.860000610351562,16.68000030517578,16.709999084472656,14400
2022-05-05,14.56997299194336,16.5,16.68000030517578,16.450000762939453,16.68000030517578,23000
2022-05-06,14.534649848937988,16.459999084472656,16.989999771118164,16.459999084472656,16.56999969482422,24100
2022-05-09,14.464009284973145,16.3799991607666,16.5,16.329999923706055,16.440000534057617,24900
2022-05-10,14.464009284973145,16.3799991607666,16.760000228881836,16.34000015258789,16.34000015258789,19300
2022-05-11,14.464009284973145,16.3799991607666,16.489999771118164,16.329999923706055,16.420000076293945,19300
2022-05-12,14.437519073486328,16.350000381469727,16.43000030517578,16.350000381469727,16.420000076293945,11500
2022-05-13,14.446349143981934,16.360000610351562,16.40999984741211,16.350000381469727,16.350000381469727,18200
2022-05-16,14.428688049316406,16.34000015258789,16.3799991607666,16.309999465942383,16.360000610351562,34600
2022-05-17,14.446349143981934,16.360000610351562,16.3799991607666,16.290000915527344,16.290000915527344,15100
2022-05-18,14.428688049316406,16.34000015258789,16.360000610351562,16.299999237060547,16.360000610351562,11400
2022-05-19,14.481669425964355,16.399999618530273,16.889999389648438,16.299999237060547,16.299999237060547,9600
2022-05-20,14.446349143981934,16.360000610351562,16.459999084472656,16.309999465942383,16.309999465942383,10100
2022-05-23,14.49932861328125,16.420000076293945,16.549999237060547,16.31999969482422,16.31999969482422,18900
2022-05-24,14.51699161529541,16.440000534057617,16.6299991607666,16.360000610351562,16.360000610351562,11800
2022-05-25,14.525821685791016,16.450000762939453,16.469999313354492,16.399999618530273,16.399999618530273,23300
2022-05-26,14.58763313293457,16.520000457763672,16.600000381469727,16.350000381469727,16.350000381469727,22900
2022-05-27,14.737749099731445,16.690000534057617,16.739999771118164,16.530000686645508,16.530000686645508,13200
2022-05-31,14.728918075561523,16.68000030517578,16.889999389648438,16.540000915527344,16.540000915527344,22800
2022-06-01,14.667105674743652,16.610000610351562,16.8700008392334,16.350000381469727,16.600000381469727,17800
2022-06-02,14.711257934570312,16.65999984741211,16.760000228881836,16.520000457763672,16.520000457763672,12300
2022-06-03,14.658275604248047,16.600000381469727,16.889999389648438,16.549999237060547,16.549999237060547,13300
2022-06-06,14.667105674743652,16.610000610351562,16.639999389648438,16.59000015258789,16.600000381469727,7300
2022-06-07,14.631784439086914,16.56999969482422,16.690000534057617,16.540000915527344,16.540000915527344,10200
2022-06-08,14.578803062438965,16.510000228881836,16.540000915527344,16.5,16.5,21400
2022-06-09,14.596464157104492,16.530000686645508,16.760000228881836,16.510000228881836,16.510000228881836,14700
2022-06-10,14.508161544799805,16.43000030517578,16.729999542236328,16.399999618530273,16.420000076293945,23000
2022-06-13,14.384537696838379,16.290000915527344,16.40999984741211,16.290000915527344,16.290000915527344,15600
2022-06-14,14.243250846862793,16.1299991607666,16.299999237060547,16.1299991607666,16.290000915527344,13000
2022-06-15,14.234423637390137,16.1200008392334,16.219999313354492,16.030000686645508,16.139999389648438,14700
2022-06-16,14.013665199279785,15.869999885559082,15.979999542236328,15.850000381469727,15.979999542236328,17000
2022-06-17,14.022493362426758,15.880000114440918,15.930000305175781,15.850000381469727,15.899999618530273,17000
2022-06-21,14.022493362426758,15.880000114440918,16.020000457763672,15.829999923706055,15.829999923706055,18400
2022-06-22,14.101967811584473,15.970000267028809,16.239999771118164,15.779999732971191,15.800000190734863,38200
2022-06-23,14.181440353393555,16.059999465942383,16.1200008392334,15.989999771118164,16.040000915527344,11500
2022-06-24,14.207930564880371,16.09000015258789,16.219999313354492,15.800000190734863,16.06999969482422,12800
2022-06-27,14.146119117736816,16.020000457763672,16.079999923706055,15.979999542236328,16.049999237060547,21300
2022-06-28,14.225591659545898,16.110000610351562,16.450000762939453,16.09000015258789,16.43000030517578,33000
2022-06-29,14.19027042388916,16.06999969482422,16.09000015258789,15.84000015258789,16.040000915527344,17800
2022-06-30,14.19027042388916,16.06999969482422,16.209999084472656,15.960000038146973,16.020000457763672,179900
2022-07-01,14.322724342346191,16.219999313354492,16.299999237060547,16.100000381469727,16.139999389648438,4000
2022-07-05,14.393366813659668,16.299999237060547,16.440000534057617,16.190000534057617,16.190000534057617,11600
2022-07-06,14.437519073486328,16.350000381469727,16.540000915527344,16.229999542236328,16.299999237060547,10500
2022-07-07,14.411026954650879,16.31999969482422,16.3799991607666,16.290000915527344,16.290000915527344,8600
2022-07-08,14.207930564880371,16.09000015258789,16.31999969482422,16.09000015258789,16.149999618530273,10100
2022-07-11,14.340383529663086,16.239999771118164,16.25,16.190000534057617,16.229999542236328,6100
2022-07-12,14.4198579788208,16.329999923706055,16.329999923706055,16.200000762939453,16.200000762939453,3200
2022-07-13,14.3573579788208,16.079999923706055,16.100000381469727,15.989999771118164,16.079999923706055,10000
2022-07-14,14.30378532409668,16.020000457763672,16.149999618530273,15.760000228881836,15.920000076293945,16300
2022-07-15,14.375213623046875,16.100000381469727,16.100000381469727,16.010000228881836,16.010000228881836,4800
2022-07-18,14.330570220947266,16.049999237060547,16.059999465942383,16.030000686645508,16.059999465942383,6900
2022-07-19,14.285926818847656,16.0,16.049999237060547,16.0,16.049999237060547,4800
2022-07-20,14.3573579788208,16.079999923706055,16.09000015258789,15.930000305175781,15.960000038146973,22600
2022-07-21,14.339499473571777,16.059999465942383,16.110000610351562,15.960000038146973,15.960000038146973,14600
2022-07-22,14.446643829345703,16.18000030517578,16.299999237060547,16.059999465942383,16.059999465942383,17900
2022-07-25,14.446643829345703,16.18000030517578,16.40999984741211,16.1200008392334,16.229999542236328,18000
2022-07-26,14.437714576721191,16.170000076293945,16.25,16.06999969482422,16.15999984741211,42200
2022-07-27,14.544859886169434,16.290000915527344,16.889999389648438,16.149999618530273,16.170000076293945,21200
2022-07-28,14.607362747192383,16.360000610351562,16.399999618530273,16.25,16.290000915527344,9600
2022-07-29,14.643075942993164,16.399999618530273,16.610000610351562,16.25,16.389999389648438,9100
2022-08-01,14.77700424194336,16.549999237060547,16.579999923706055,16.239999771118164,16.440000534057617,29800
2022-08-02,14.768077850341797,16.540000915527344,16.549999237060547,16.510000228881836,16.530000686645508,16600
2022-08-03,14.8573637008667,16.639999389648438,16.75,16.59000015258789,16.65999984741211,12100
2022-08-04,14.848435401916504,16.6299991607666,16.639999389648438,16.540000915527344,16.600000381469727,7500
2022-08-05,14.643075942993164,16.399999618530273,16.530000686645508,16.399999618530273,16.5,6300
2022-08-08,14.714505195617676,16.479999542236328,16.540000915527344,16.3799991607666,16.43000030517578,19100
2022-08-09,14.785934448242188,16.559999465942383,16.56999969482422,16.40999984741211,16.440000534057617,30700
2022-08-10,14.839507102966309,16.6200008392334,16.6200008392334,16.530000686645508,16.530000686645508,19900
2022-08-11,14.7948637008667,16.56999969482422,16.739999771118164,16.510000228881836,16.540000915527344,21000
2022-08-12,14.759149551391602,16.530000686645508,16.6200008392334,16.479999542236328,16.600000381469727,17400
2022-08-15,14.678791999816895,16.440000534057617,16.489999771118164,16.420000076293945,16.469999313354492,14300
2022-08-16,14.652005195617676,16.40999984741211,16.520000457763672,16.389999389648438,16.469999313354492,17100
2022-08-17,14.544859886169434,16.290000915527344,16.360000610351562,16.260000228881836,16.360000610351562,23400
2022-08-18,14.598432540893555,16.350000381469727,16.40999984741211,16.280000686645508,16.280000686645508,15700
2022-08-19,14.455574035644531,16.190000534057617,16.270000457763672,16.190000534057617,16.270000457763672,23300
2022-08-22,14.4198579788208,16.149999618530273,16.190000534057617,16.139999389648438,16.149999618530273,13100
2022-08-23,14.437714576721191,16.170000076293945,16.219999313354492,16.1200008392334,16.219999313354492,9800
2022-08-24,14.482358932495117,16.219999313354492,16.229999542236328,16.200000762939453,16.209999084472656,19500
2022-08-25,14.50914478302002,16.25,16.389999389648438,16.139999389648438,16.200000762939453,20800
2022-08-26,14.491288185119629,16.229999542236328,16.280000686645508,16.219999313354492,16.219999313354492,9800
2022-08-29,14.464500427246094,16.200000762939453,16.239999771118164,16.200000762939453,16.209999084472656,15200
2022-08-30,14.482358932495117,16.219999313354492,16.260000228881836,16.190000534057617,16.190000534057617,10000
2022-08-31,14.455574035644531,16.190000534057617,16.239999771118164,16.190000534057617,16.190000534057617,15200
2022-09-01,14.384143829345703,16.110000610351562,16.469999313354492,16.110000610351562,16.110000610351562,14300
2022-09-02,14.36628532409668,16.09000015258789,16.260000228881836,16.030000686645508,16.030000686645508,10900
2022-09-06,14.30378532409668,16.020000457763672,16.059999465942383,16.020000457763672,16.040000915527344,5700
2022-09-07,14.25914192199707,15.970000267028809,16.040000915527344,15.920000076293945,16.010000228881836,9500
2022-09-08,14.232356071472168,15.9399995803833,15.979999542236328,15.859999656677246,15.859999656677246,16400
2022-09-09,14.232356071472168,15.9399995803833,15.9399995803833,15.880000114440918,15.880000114440918,13800
2022-09-12,14.330570220947266,16.049999237060547,16.059999465942383,16.010000228881836,16.010000228881836,12000
2022-09-13,14.330570220947266,16.049999237060547,16.15999984741211,15.90999984741211,15.90999984741211,7300
2022-09-14,14.24128246307373,15.949999809265137,15.979999542236328,15.930000305175781,15.979999542236328,6000
2022-09-15,14.214497566223145,15.920000076293945,15.9399995803833,15.880000114440918,15.9399995803833,27500
2022-09-16,14.134140014648438,15.829999923706055,15.90999984741211,15.829999923706055,15.859999656677246,28300
2022-09-19,14.125210762023926,15.819999694824219,15.869999885559082,15.75,15.789999961853027,6800
2022-09-20,14.000207901000977,15.680000305175781,15.760000228881836,15.640000343322754,15.760000228881836,5000
2022-09-21,13.982352256774902,15.65999984741211,15.75,15.640000343322754,15.75,17500
2022-09-22,13.91985034942627,15.59000015258789,15.630000114440918,15.59000015258789,15.630000114440918,8400
2022-09-23,13.687704086303711,15.329999923706055,15.569999694824219,15.329999923706055,15.539999961853027,12000
2022-09-26,13.669846534729004,15.3100004196167,15.369999885559082,15.3100004196167,15.329999923706055,13200
2022-09-27,13.580559730529785,15.210000038146973,15.319999694824219,15.210000038146973,15.3100004196167,19300
2022-09-28,13.6162748336792,15.25,15.279999732971191,15.199999809265137,15.220000267028809,23200
2022-09-29,13.399425506591797,14.829999923706055,14.949999809265137,14.770000457763672,14.949999809265137,15500
2022-09-30,13.887334823608398,15.369999885559082,15.380000114440918,14.880000114440918,14.880000114440918,26400
2022-10-03,13.580133438110352,15.029999732971191,15.34000015258789,15.029999732971191,15.34000015258789,7800
2022-10-04,13.688556671142578,15.149999618530273,15.239999771118164,15.039999961853027,15.039999961853027,6400
2022-10-05,13.634346008300781,15.09000015258789,15.140000343322754,15.039999961853027,15.039999961853027,8200
2022-10-06,13.679523468017578,15.140000343322754,15.140000343322754,14.819999694824219,15.050000190734863,3900
2022-10-07,13.580133438110352,15.029999732971191,15.260000228881836,14.960000038146973,15.079999923706055,29800
2022-10-10,13.507851600646973,14.949999809265137,15.09000015258789,14.920000076293945,14.920000076293945,17000
2022-10-11,13.471709251403809,14.90999984741211,14.960000038146973,14.84000015258789,14.960000038146973,22500
2022-10-12,13.480744361877441,14.920000076293945,15.119999885559082,14.899999618530273,14.90999984741211,22100
2022-10-13,13.263895988464355,14.680000305175781,14.760000228881836,14.289999961853027,14.289999961853027,30000
2022-10-14,13.24582576751709,14.65999984741211,14.770000457763672,14.649999618530273,14.739999771118164,56400
2022-10-17,13.25485897064209,14.670000076293945,14.760000228881836,14.600000381469727,14.720000267028809,22200
2022-10-18,13.272930145263672,14.6899995803833,14.760000228881836,14.680000305175781,14.6899995803833,22100
2022-10-19,13.173542976379395,14.579999923706055,15.270000457763672,14.489999771118164,14.579999923706055,24900
2022-10-20,13.13740062713623,14.539999961853027,14.579999923706055,14.5,14.550000190734863,31200
2022-10-21,13.110294342041016,14.510000228881836,14.600000381469727,14.420000076293945,14.420000076293945,28000
2022-10-24,13.218718528747559,14.630000114440918,14.630000114440918,14.510000228881836,14.510000228881836,23900
2022-10-25,13.263895988464355,14.680000305175781,14.729999542236328,14.630000114440918,14.680000305175781,4900
2022-10-26,13.36328411102295,14.789999961853027,14.819999694824219,14.720000267028809,14.729999542236328,13500
2022-10-27,13.49881362915039,14.9399995803833,14.9399995803833,14.779999732971191,14.800000190734863,10100
2022-10-28,13.48978042602539,14.930000305175781,14.930000305175781,14.899999618530273,14.899999618530273,6300
2022-10-31,13.480744361877441,14.920000076293945,15.0600004196167,14.8100004196167,14.8100004196167,10500
2022-11-01,13.534956932067871,14.979999542236328,15.020000457763672,14.920000076293945,14.960000038146973,9300
2022-11-02,13.580133438110352,15.029999732971191,15.050000190734863,14.9399995803833,14.9399995803833,10900
2022-11-03,13.543991088867188,14.989999771118164,15.029999732971191,14.829999923706055,14.920000076293945,14400
2022-11-04,13.480744361877441,14.920000076293945,15.0,14.920000076293945,14.920000076293945,23800
2022-11-07,13.435568809509277,14.869999885559082,14.949999809265137,14.729999542236328,14.899999618530273,5800
2022-11-08,13.44460391998291,14.880000114440918,14.880000114440918,14.819999694824219,14.829999923706055,10000
2022-11-09,13.480744361877441,14.920000076293945,14.9399995803833,14.829999923706055,14.869999885559082,13800
2022-11-10,13.70662784576416,15.170000076293945,15.180000305175781,14.720000267028809,14.949999809265137,12200
2022-11-11,13.625309944152832,15.079999923706055,15.109999656677246,14.859999656677246,15.079999923706055,10400
2022-11-14,13.634346008300781,15.09000015258789,15.109999656677246,15.039999961853027,15.0600004196167,22800
2022-11-15,13.71566390991211,15.180000305175781,15.210000038146973,15.0,15.0,13600
2022-11-16,13.824088096618652,15.300000190734863,15.3100004196167,15.140000343322754,15.140000343322754,10200
2022-11-17,13.670485496520996,15.130000114440918,15.279999732971191,15.119999885559082,15.279999732971191,12300
2022-11-18,13.697591781616211,15.15999984741211,15.199999809265137,15.079999923706055,15.079999923706055,22400
2022-11-21,13.796982765197754,15.270000457763672,15.279999732971191,15.220000267028809,15.220000267028809,18300
2022-11-22,13.824088096618652,15.300000190734863,15.34000015258789,15.25,15.25,16200
2022-11-23,13.896371841430664,15.380000114440918,15.399999618530273,15.15999984741211,15.15999984741211,24400
2022-11-25,13.914441108703613,15.399999618530273,15.399999618530273,15.350000381469727,15.380000114440918,9500
2022-11-28,13.950582504272461,15.4399995803833,15.470000267028809,15.40999984741211,15.420000076293945,8400
2022-11-29,13.959617614746094,15.449999809265137,15.5,15.359999656677246,15.359999656677246,6800
2022-11-30,13.950582504272461,15.4399995803833,15.479999542236328,15.34000015258789,15.34000015258789,21400
2022-12-01,14.00479507446289,15.5,15.520000457763672,15.390000343322754,15.399999618530273,10300
2022-12-02,14.031899452209473,15.529999732971191,15.550000190734863,15.050000190734863,15.40999984741211,12500
2022-12-05,14.031899452209473,15.529999732971191,15.529999732971191,15.420000076293945,15.420000076293945,22800
2022-12-06,14.086113929748535,15.59000015258789,15.869999885559082,15.449999809265137,15.449999809265137,18900
2022-12-07,14.293924331665039,15.819999694824219,15.880000114440918,15.579999923706055,15.579999923706055,9600
2022-12-08,14.185502052307129,15.699999809265137,15.729999542236328,15.5600004196167,15.579999923706055,20500
2022-12-09,14.122255325317383,15.630000114440918,15.779999732971191,15.59000015258789,15.670000076293945,29900
2022-12-12,14.122255325317383,15.630000114440918,15.6899995803833,15.630000114440918,15.670000076293945,74400
2022-12-13,14.23067855834961,15.75,15.800000190734863,15.649999618530273,15.649999618530273,24800
2022-12-14,14.17646598815918,15.6899995803833,15.800000190734863,15.59000015258789,15.649999618530273,24500
2022-12-15,14.17646598815918,15.6899995803833,15.729999542236328,15.65999984741211,15.720000267028809,26700
2022-12-16,14.185502052307129,15.699999809265137,15.760000228881836,15.630000114440918,15.760000228881836,19800
2022-12-19,14.149359703063965,15.65999984741211,15.739999771118164,15.600000381469727,15.739999771118164,15100
2022-12-20,14.049970626831055,15.550000190734863,16.0,15.520000457763672,15.619999885559082,34000
2022-12-21,14.059147834777832,15.319999694824219,15.470000267028809,15.319999694824219,15.34000015258789,31000
2022-12-22,14.013263702392578,15.270000457763672,15.319999694824219,15.210000038146973,15.25,23300
2022-12-23,14.022439956665039,15.279999732971191,15.949999809265137,15.25,15.350000381469727,26000
2022-12-27,13.893963813781738,15.140000343322754,15.6899995803833,15.109999656677246,15.5600004196167,55000
2022-12-28,13.939846992492676,15.1899995803833,15.270000457763672,15.119999885559082,15.140000343322754,38500
2022-12-29,13.884785652160645,15.130000114440918,15.270000457763672,15.130000114440918,15.199999809265137,51100
2022-12-30,13.86643123626709,15.109999656677246,15.170000076293945,15.109999656677246,15.119999885559082,23500
2023-01-03,13.939846992492676,15.1899995803833,15.279999732971191,15.15999984741211,15.180000305175781,20900
2023-01-04,13.985732078552246,15.239999771118164,15.300000190734863,15.220000267028809,15.220000267028809,13200
2023-01-05,13.930670738220215,15.180000305175781,15.210000038146973,15.149999618530273,15.149999618530273,16100
2023-01-06,14.077502250671387,15.34000015258789,15.380000114440918,15.289999961853027,15.289999961853027,13200
2023-01-09,14.160094261169434,15.430000305175781,15.5,15.359999656677246,15.359999656677246,11800
2023-01-10,14.169270515441895,15.4399995803833,15.510000228881836,15.390000343322754,15.390000343322754,15600
2023-01-11,14.261042594909668,15.539999961853027,15.75,15.4399995803833,15.4399995803833,28800
2023-01-12,14.352813720703125,15.640000343322754,15.739999771118164,15.529999732971191,15.539999961853027,23100
2023-01-13,14.389520645141602,15.680000305175781,15.6899995803833,15.630000114440918,15.630000114440918,12200
2023-01-17,14.554705619812012,15.859999656677246,15.979999542236328,15.670000076293945,15.84000015258789,45700
2023-01-18,14.7015380859375,16.020000457763672,16.049999237060547,15.970000267028809,16.030000686645508,25700
2023-01-19,14.637298583984375,15.949999809265137,16.059999465942383,15.8100004196167,16.010000228881836,45100
2023-01-20,14.61894416809082,15.930000305175781,16.110000610351562,15.899999618530273,15.899999618530273,18800
2023-01-23,14.674006462097168,15.989999771118164,16.170000076293945,15.960000038146973,16.010000228881836,12900
2023-01-24,14.802483558654785,16.1299991607666,17.520000457763672,16.0,16.3799991607666,18600
2023-01-25,14.719892501831055,16.040000915527344,16.25,15.869999885559082,16.049999237060547,9900
2023-01-26,14.756600379943848,16.079999923706055,16.219999313354492,15.84000015258789,16.030000686645508,40300
2023-01-27,14.710715293884277,16.030000686645508,16.06999969482422,15.979999542236328,16.010000228881836,11800
2023-01-30,14.747422218322754,16.06999969482422,16.440000534057617,16.049999237060547,16.100000381469727,19500
2023-01-31,14.811660766601562,16.139999389648438,16.3700008392334,16.139999389648438,16.200000762939453,18400
2023-02-01,14.885076522827148,16.219999313354492,16.270000457763672,16.079999923706055,16.270000457763672,12800
2023-02-02,14.967667579650879,16.309999465942383,16.450000762939453,16.239999771118164,16.360000610351562,12500
2023-02-03,14.802483558654785,16.1299991607666,16.309999465942383,16.1299991607666,16.219999313354492,8600
2023-02-06,14.830016136169434,16.15999984741211,16.799999237060547,16.139999389648438,16.799999237060547,21000
2023-02-07,14.802483558654785,16.1299991607666,16.239999771118164,16.06999969482422,16.149999618530273,10500
2023-02-08,14.747422218322754,16.06999969482422,16.309999465942383,16.030000686645508,16.110000610351562,15400
2023-02-09,14.765775680541992,16.09000015258789,16.139999389648438,16.020000457763672,16.100000381469727,27600
2023-02-10,14.692360877990723,16.010000228881836,16.6299991607666,16.010000228881836,16.030000686645508,7100
2023-02-13,14.82083797454834,16.149999618530273,16.149999618530273,16.010000228881836,16.06999969482422,11900
2023-02-14,14.784131050109863,16.110000610351562,16.1299991607666,15.819999694824219,16.06999969482422,7100
2023-02-15,14.82083797454834,16.149999618530273,16.280000686645508,16.0,16.100000381469727,32100
2023-02-16,14.61894416809082,15.930000305175781,16.100000381469727,15.899999618530273,16.059999465942383,5300
2023-02-17,14.683183670043945,16.0,16.079999923706055,15.890000343322754,15.989999771118164,5900
2023-02-21,14.573060035705566,15.880000114440918,16.079999923706055,15.699999809265137,15.880000114440918,57400
2023-02-22,14.637298583984375,15.949999809265137,16.6299991607666,15.630000114440918,15.850000381469727,10900
2023-02-23,14.417049407958984,15.710000038146973,15.90999984741211,15.670000076293945,15.90999984741211,6200
2023-02-24,14.453758239746094,15.75,15.899999618530273,15.680000305175781,15.680000305175781,6100
2023-02-27,14.453758239746094,15.75,15.899999618530273,15.729999542236328,15.739999771118164,11000
2023-02-28,14.371166229248047,15.65999984741211,15.819999694824219,15.649999618530273,15.8100004196167,15400
2023-03-01,14.306927680969238,15.59000015258789,15.619999885559082,15.5600004196167,15.59000015258789,8400
2023-03-02,14.389520645141602,15.680000305175781,15.680000305175781,15.489999771118164,15.489999771118164,17000
2023-03-03,14.36198902130127,15.649999618530273,15.6899995803833,15.550000190734863,15.609999656677246,13600
2023-03-06,14.233510971069336,15.510000228881836,15.619999885559082,15.460000038146973,15.5600004196167,85200
2023-03-07,14.215156555175781,15.489999771118164,15.569999694824219,15.449999809265137,15.489999771118164,12400
2023-03-08,14.261042594909668,15.539999961853027,15.579999923706055,15.470000267028809,15.489999771118164,8300
2023-03-09,14.178447723388672,15.449999809265137,15.5600004196167,15.4399995803833,15.539999961853027,12400
2023-03-10,14.25186538696289,15.529999732971191,15.649999618530273,15.420000076293945,15.479999542236328,32900
2023-03-13,14.25186538696289,15.529999732971191,15.850000381469727,15.520000457763672,15.630000114440918,12800
2023-03-14,14.325281143188477,15.609999656677246,15.680000305175781,15.510000228881836,15.539999961853027,10800
2023-03-15,14.261042594909668,15.539999961853027,15.670000076293945,15.510000228881836,15.5600004196167,7900
2023-03-16,14.297750473022461,15.579999923706055,15.640000343322754,15.520000457763672,15.520000457763672,14400
2023-03-17,14.288572311401367,15.569999694824219,15.609999656677246,15.550000190734863,15.569999694824219,10100
2023-03-20,14.316104888916016,15.600000381469727,15.609999656677246,15.5600004196167,15.569999694824219,14500
2023-03-21,14.352813720703125,15.640000343322754,15.65999984741211,15.609999656677246,15.619999885559082,9000
2023-03-22,14.36198902130127,15.649999618530273,15.670000076293945,15.520000457763672,15.670000076293945,14000
2023-03-23,14.343635559082031,15.630000114440918,15.630000114440918,15.600000381469727,15.600000381469727,47600
2023-03-24,14.389520645141602,15.680000305175781,15.6899995803833,15.609999656677246,15.6899995803833,9200
2023-03-27,14.417049407958984,15.710000038146973,15.829999923706055,15.59000015258789,15.619999885559082,24000
2023-03-28,14.389520645141602,15.680000305175781,15.800000190734863,15.609999656677246,15.680000305175781,12900
2023-03-29,14.444581985473633,15.739999771118164,15.90999984741211,15.65999984741211,15.680000305175781,10100
2023-03-30,14.426227569580078,15.720000267028809,15.829999923706055,15.5600004196167,15.6899995803833,18300
2023-03-31,14.573060035705566,15.880000114440918,15.949999809265137,15.729999542236328,15.729999542236328,12800
2023-04-03,14.573060035705566,15.880000114440918,16.010000228881836,15.819999694824219,15.890000343322754,12800
2023-04-04,14.563881874084473,15.869999885559082,15.979999542236328,15.8100004196167,15.819999694824219,11600
2023-04-05,14.721681594848633,15.859999656677246,15.960000038146973,15.720000267028809,15.739999771118164,20300
2023-04-06,14.777375221252441,15.920000076293945,15.930000305175781,15.800000190734863,15.8100004196167,24200
2023-04-10,14.805221557617188,15.949999809265137,16.079999923706055,15.770000457763672,15.920000076293945,21300
2023-04-11,14.888763427734375,16.040000915527344,16.06999969482422,15.829999923706055,15.890000343322754,9700
2023-04-12,14.990867614746094,16.149999618530273,16.280000686645508,15.90999984741211,16.06999969482422,21000
2023-04-13,15.092972755432129,16.260000228881836,16.3799991607666,15.899999618530273,16.190000534057617,10400
2023-04-14,14.981584548950195,16.139999389648438,16.219999313354492,16.1200008392334,16.170000076293945,4400
2023-04-17,15.009431838989258,16.170000076293945,16.260000228881836,16.149999618530273,16.149999618530273,5300
2023-04-18,15.018714904785156,16.18000030517578,16.25,15.850000381469727,16.1200008392334,6900
2023-04-19,15.009431838989258,16.170000076293945,16.229999542236328,16.15999984741211,16.229999542236328,9300
2023-04-20,14.554600715637207,15.680000305175781,16.219999313354492,15.59000015258789,16.219999313354492,14000
2023-04-21,14.545318603515625,15.670000076293945,15.859999656677246,15.619999885559082,15.75,17400
2023-04-24,14.536036491394043,15.65999984741211,15.720000267028809,15.520000457763672,15.720000267028809,26400
2023-04-25,14.573164939880371,15.699999809265137,15.760000228881836,15.600000381469727,15.600000381469727,19300
2023-04-26,14.703116416931152,15.84000015258789,15.979999542236328,15.649999618530273,15.649999618530273,23300
2023-04-27,14.573164939880371,15.699999809265137,15.720000267028809,15.569999694824219,15.720000267028809,18000
2023-04-28,14.591729164123535,15.720000267028809,15.739999771118164,15.670000076293945,15.6899995803833,11300
2023-05-01,14.498908042907715,15.619999885559082,15.800000190734863,15.600000381469727,15.680000305175781,19300
2023-05-02,14.536036491394043,15.65999984741211,15.859999656677246,15.630000114440918,15.65999984741211,27100
2023-05-03,14.573164939880371,15.699999809265137,15.720000267028809,15.630000114440918,15.630000114440918,17500
2023-05-04,14.665987968444824,15.800000190734863,16.040000915527344,15.649999618530273,15.65999984741211,12100
2023-05-05,14.656705856323242,15.789999961853027,15.859999656677246,15.789999961853027,15.859999656677246,3500
2023-05-08,14.50818920135498,15.630000114440918,15.859999656677246,15.380000114440918,15.670000076293945,25700
2023-05-09,14.4896240234375,15.609999656677246,15.829999923706055,15.5600004196167,15.579999923706055,11600
2023-05-10,14.433930397033691,15.550000190734863,15.720000267028809,15.430000305175781,15.720000267028809,22500
2023-05-11,14.44321346282959,15.5600004196167,15.600000381469727,15.520000457763672,15.550000190734863,17500
2023-05-12,14.424650192260742,15.539999961853027,15.5600004196167,15.520000457763672,15.529999732971191,18100
2023-05-15,14.471060752868652,15.59000015258789,15.710000038146973,15.449999809265137,15.449999809265137,21600
2023-05-16,14.266850471496582,15.369999885559082,15.760000228881836,15.369999885559082,15.619999885559082,22800
2023-05-17,14.387519836425781,15.5,15.6899995803833,15.380000114440918,15.380000114440918,16600
2023-05-18,14.406084060668945,15.520000457763672,15.550000190734863,15.520000457763672,15.550000190734863,13200
2023-05-19,14.433930397033691,15.550000190734863,15.6899995803833,15.5,15.5,22000
2023-05-22,14.433930397033691,15.550000190734863,16.280000686645508,15.520000457763672,15.520000457763672,10900
2023-05-23,14.433930397033691,15.550000190734863,15.760000228881836,15.520000457763672,15.520000457763672,14700
2023-05-24,14.406084060668945,15.520000457763672,15.569999694824219,15.510000228881836,15.550000190734863,8400
2023-05-25,14.44321346282959,15.5600004196167,15.609999656677246,15.5,15.5,4500
2023-05-26,14.545318603515625,15.670000076293945,15.670000076293945,15.5,15.5,7000
2023-05-30,14.517472267150879,15.640000343322754,15.649999618530273,15.59000015258789,15.59000015258789,3600
2023-05-31,14.610295295715332,15.739999771118164,15.779999732971191,15.640000343322754,15.640000343322754,7200
2023-06-01,14.610295295715332,15.739999771118164,15.760000228881836,15.59000015258789,15.699999809265137,10200
2023-06-02,14.526753425598145,15.649999618530273,15.729999542236328,15.579999923706055,15.680000305175781,6600
2023-06-05,14.461777687072754,15.579999923706055,15.600000381469727,15.550000190734863,15.550000190734863,6400
2023-06-06,14.554600715637207,15.680000305175781,15.680000305175781,15.520000457763672,15.539999961853027,7600
2023-06-07,14.480341911315918,15.600000381469727,15.739999771118164,15.520000457763672,15.630000114440918,10300
2023-06-08,14.526753425598145,15.649999618530273,15.960000038146973,15.569999694824219,15.600000381469727,9400
2023-06-09,14.480341911315918,15.600000381469727,15.75,15.579999923706055,15.579999923706055,10800
2023-06-12,14.71239948272705,15.850000381469727,15.890000343322754,15.609999656677246,15.609999656677246,10300
2023-06-13,14.582447052001953,15.710000038146973,15.880000114440918,15.670000076293945,15.880000114440918,7200
2023-06-14,14.795939445495605,15.9399995803833,16.190000534057617,15.710000038146973,15.710000038146973,9900
2023-06-15,14.758810997009277,15.899999618530273,16.139999389648438,15.720000267028809,15.970000267028809,11200
2023-06-16,14.665987968444824,15.800000190734863,15.890000343322754,15.800000190734863,15.880000114440918,7100
2023-06-20,14.591729164123535,15.720000267028809,15.819999694824219,15.720000267028809,15.819999694824219,8600
2023-06-21,14.582447052001953,15.710000038146973,15.8100004196167,15.699999809265137,15.8100004196167,10300
2023-06-22,14.536036491394043,15.65999984741211,15.729999542236328,15.649999618530273,15.699999809265137,13300
2023-06-23,14.517472267150879,15.640000343322754,15.75,15.640000343322754,15.729999542236328,8900
2023-06-26,14.517472267150879,15.640000343322754,15.75,15.609999656677246,15.75,9900
2023-06-27,14.536036491394043,15.65999984741211,15.710000038146973,15.65999984741211,15.699999809265137,15300
2023-06-28,14.601012229919434,15.729999542236328,15.75,15.619999885559082,15.619999885559082,8300
2023-06-29,14.498908042907715,15.619999885559082,15.720000267028809,15.600000381469727,15.600000381469727,18400
2023-06-30,14.517472267150879,15.640000343322754,15.770000457763672,15.550000190734863,15.6899995803833,9800
2023-07-03,14.44321346282959,15.5600004196167,15.6899995803833,15.5600004196167,15.649999618530273,7800
2023-07-05,14.480341911315918,15.600000381469727,15.609999656677246,15.579999923706055,15.579999923706055,12200
2023-07-06,14.684552192687988,15.819999694824219,15.819999694824219,15.5,15.539999961853027,6100
2023-07-07,14.573164939880371,15.699999809265137,15.8100004196167,15.630000114440918,15.739999771118164,6100
2023-07-10,14.536036491394043,15.65999984741211,15.8100004196167,15.609999656677246,15.609999656677246,7400
2023-07-11,14.582447052001953,15.710000038146973,16.399999618530273,15.710000038146973,15.729999542236328,9400
2023-07-12,14.676466941833496,15.609999656677246,15.630000114440918,15.550000190734863,15.5600004196167,12600
2023-07-13,14.685868263244629,15.619999885559082,16.030000686645508,15.569999694824219,15.710000038146973,23400
2023-07-14,14.65766429901123,15.59000015258789,15.609999656677246,15.5600004196167,15.5600004196167,6100
2023-07-17,14.638858795166016,15.569999694824219,15.579999923706055,15.550000190734863,15.569999694824219,12700
2023-07-18,14.65766429901123,15.59000015258789,15.630000114440918,15.579999923706055,15.619999885559082,12000
2023-07-19,14.732878684997559,15.670000076293945,15.6899995803833,15.550000190734863,15.550000190734863,9600
2023-07-20,14.638858795166016,15.569999694824219,15.670000076293945,15.5600004196167,15.600000381469727,20100
2023-07-21,14.620054244995117,15.550000190734863,15.729999542236328,15.550000190734863,15.630000114440918,12900
2023-07-24,14.620054244995117,15.550000190734863,15.619999885559082,15.479999542236328,15.609999656677246,15400
2023-07-25,14.892711639404297,15.84000015258789,15.989999771118164,15.5,15.5,39800
2023-07-26,14.789289474487305,15.729999542236328,15.850000381469727,15.600000381469727,15.789999961853027,11500
2023-07-27,14.864505767822266,15.8100004196167,15.90999984741211,15.539999961853027,15.75,42000
2023-07-28,14.855104446411133,15.800000190734863,15.850000381469727,15.739999771118164,15.75,14800
2023-07-31,14.873907089233398,15.819999694824219,15.90999984741211,15.699999809265137,15.720000267028809,13900
2023-08-01,14.770485877990723,15.710000038146973,15.729999542236328,15.680000305175781,15.729999542236328,14800
2023-08-02,14.742280960083008,15.680000305175781,15.699999809265137,15.640000343322754,15.640000343322754,15100
2023-08-03,14.479025840759277,15.399999618530273,15.949999809265137,15.329999923706055,15.550000190734863,17800
2023-08-04,14.469623565673828,15.390000343322754,15.479999542236328,15.350000381469727,15.399999618530273,12200
2023-08-07,14.469623565673828,15.390000343322754,15.9399995803833,15.329999923706055,15.34000015258789,20700
2023-08-08,14.479025840759277,15.399999618530273,15.449999809265137,15.390000343322754,15.4399995803833,15200
2023-08-09,14.526034355163574,15.449999809265137,15.5,15.399999618530273,15.470000267028809,13300
2023-08-10,14.507230758666992,15.430000305175781,15.479999542236328,15.319999694824219,15.319999694824219,7700
2023-08-11,14.53543758392334,15.460000038146973,15.859999656677246,15.40999984741211,15.449999809265137,9800
2023-08-14,14.507230758666992,15.430000305175781,15.4399995803833,15.369999885559082,15.399999618530273,6600
2023-08-15,14.422614097595215,15.34000015258789,15.479999542236328,15.329999923706055,15.430000305175781,10000
2023-08-16,14.432015419006348,15.350000381469727,15.40999984741211,15.34000015258789,15.34000015258789,11000
2023-08-17,14.38500690460205,15.300000190734863,15.390000343322754,15.300000190734863,15.380000114440918,6900
2023-08-18,14.38500690460205,15.300000190734863,15.359999656677246,15.300000190734863,15.300000190734863,10300
2023-08-21,14.300389289855957,15.210000038146973,15.3100004196167,15.199999809265137,15.3100004196167,5500
2023-08-22,14.34739875793457,15.260000228881836,15.279999732971191,15.130000114440918,15.130000114440918,9700
2023-08-23,14.422614097595215,15.34000015258789,15.34000015258789,15.279999732971191,15.279999732971191,7600
2023-08-24,14.366201400756836,15.279999732971191,15.350000381469727,15.270000457763672,15.329999923706055,9500
2023-08-25,14.34739875793457,15.260000228881836,15.319999694824219,15.220000267028809,15.220000267028809,4500
2023-08-28,14.41321086883545,15.329999923706055,15.40999984741211,15.229999542236328,15.239999771118164,7500
2023-08-29,14.41321086883545,15.329999923706055,15.350000381469727,15.220000267028809,15.220000267028809,8300
2023-08-30,14.432015419006348,15.350000381469727,15.359999656677246,15.239999771118164,15.359999656677246,17300
2023-08-31,14.460221290588379,15.380000114440918,15.399999618530273,15.319999694824219,15.329999923706055,27200
2023-09-01,14.422614097595215,15.34000015258789,15.390000343322754,15.34000015258789,15.380000114440918,10700
2023-09-05,14.366201400756836,15.279999732971191,15.369999885559082,15.270000457763672,15.279999732971191,10600
2023-09-06,14.34739875793457,15.260000228881836,15.329999923706055,15.25,15.25,12900
2023-09-07,14.38500690460205,15.300000190734863,15.300000190734863,15.239999771118164,15.239999771118164,12900
2023-09-08,14.34739875793457,15.260000228881836,15.329999923706055,15.25,15.25,22500
2023-09-11,14.328593254089355,15.239999771118164,15.319999694824219,15.229999542236328,15.260000228881836,12800
2023-09-12,14.319191932678223,15.229999542236328,15.3100004196167,15.220000267028809,15.279999732971191,17100
2023-09-13,14.319191932678223,15.229999542236328,15.270000457763672,15.229999542236328,15.260000228881836,18800
2023-09-14,14.319191932678223,15.229999542236328,15.25,15.229999542236328,15.25,9200
2023-09-15,14.309789657592773,15.220000267028809,15.229999542236328,15.220000267028809,15.220000267028809,8900
2023-09-18,14.281583786010742,15.1899995803833,15.220000267028809,15.180000305175781,15.180000305175781,5500
2023-09-19,14.272181510925293,15.180000305175781,15.220000267028809,15.180000305175781,15.180000305175781,6600
2023-09-20,14.281583786010742,15.1899995803833,15.260000228881836,15.180000305175781,15.199999809265137,8000
2023-09-21,14.12175178527832,15.020000457763672,15.180000305175781,14.970000267028809,15.180000305175781,86100
2023-09-22,14.12175178527832,15.020000457763672,15.079999923706055,15.020000457763672,15.039999961853027,107800
2023-09-25,14.027731895446777,14.920000076293945,15.069999694824219,14.920000076293945,14.970000267028809,18100
2023-09-26,14.046534538269043,14.9399995803833,15.039999961853027,14.9399995803833,15.0,22500
2023-09-27,14.065339088439941,14.960000038146973,15.09000015258789,14.949999809265137,15.0600004196167,25000
2023-09-28,14.065339088439941,14.960000038146973,15.0,14.819999694824219,14.949999809265137,18800
2023-09-29,14.131153106689453,15.029999732971191,15.050000190734863,14.989999771118164,15.020000457763672,13300
2023-10-02,13.961917877197266,14.850000381469727,14.989999771118164,14.850000381469727,14.989999771118164,17100
2023-10-03,13.905505180358887,14.789999961853027,14.979999542236328,14.779999732971191,14.829999923706055,17100
2023-10-04,13.933710098266602,14.819999694824219,14.979999542236328,14.779999732971191,14.859999656677246,11000
2023-10-05,13.971320152282715,14.859999656677246,14.979999542236328,14.789999961853027,14.789999961853027,15300
2023-10-06,13.990124702453613,14.880000114440918,14.949999809265137,14.859999656677246,14.859999656677246,13400
2023-10-09,13.961917877197266,14.850000381469727,14.970000267028809,14.800000190734863,14.869999885559082,15300
2023-10-10,13.990124702453613,14.880000114440918,14.890000343322754,14.819999694824219,14.850000381469727,21000
2023-10-11,14.065339088439941,14.960000038146973,15.0,14.9399995803833,15.0,10100
2023-10-12,13.97004508972168,14.65999984741211,14.789999961853027,14.649999618530273,14.789999961853027,10300
2023-10-13,14.0272216796875,14.720000267028809,14.729999542236328,14.670000076293945,14.670000076293945,6300
2023-10-16,13.989103317260742,14.680000305175781,14.710000038146973,14.670000076293945,14.670000076293945,13600
2023-10-17,14.017692565917969,14.710000038146973,14.770000457763672,14.600000381469727,14.649999618530273,8300
2023-10-18,13.931927680969238,14.619999885559082,14.670000076293945,14.59000015258789,14.670000076293945,11400
2023-10-19,13.94145679473877,14.630000114440918,14.649999618530273,14.569999694824219,14.569999694824219,5800
2023-10-20,13.808045387268066,14.489999771118164,14.609999656677246,14.279999732971191,14.609999656677246,5100
2023-10-23,13.950986862182617,14.640000343322754,14.8100004196167,14.430000305175781,14.430000305175781,20700
2023-10-24,13.97004508972168,14.65999984741211,14.720000267028809,14.579999923706055,14.720000267028809,15600
2023-10-25,13.636517524719238,14.3100004196167,14.770000457763672,14.3100004196167,14.65999984741211,17100
2023-10-26,13.70322322845459,14.380000114440918,14.550000190734863,14.350000381469727,14.380000114440918,15100
2023-10-27,13.693693161010742,14.369999885559082,14.470000267028809,14.369999885559082,14.369999885559082,16900
2023-10-30,13.655576705932617,14.329999923706055,14.420000076293945,14.319999694824219,14.420000076293945,15100
2023-10-31,13.684164047241211,14.359999656677246,14.399999618530273,14.329999923706055,14.329999923706055,18100
2023-11-01,13.779458045959473,14.460000038146973,14.470000267028809,14.359999656677246,14.359999656677246,11600
2023-11-02,13.94145679473877,14.630000114440918,14.670000076293945,14.520000457763672,14.550000190734863,27900
2023-11-03,14.046278953552246,14.739999771118164,14.800000190734863,14.649999618530273,14.649999618530273,13200
2023-11-06,13.989103317260742,14.680000305175781,14.710000038146973,14.649999618530273,14.680000305175781,15100
2023-11-07,14.055809020996094,14.75,14.779999732971191,14.670000076293945,14.670000076293945,4000
2023-11-08,14.103456497192383,14.800000190734863,14.90999984741211,14.75,14.75,10600
2023-11-09,14.046278953552246,14.739999771118164,14.930000305175781,14.739999771118164,14.779999732971191,10600
2023-11-10,14.217808723449707,14.920000076293945,14.979999542236328,14.829999923706055,14.829999923706055,12900
2023-11-13,14.103456497192383,14.800000190734863,15.0600004196167,14.760000228881836,14.84000015258789,5600
2023-11-14,14.389336585998535,15.100000381469727,15.140000343322754,14.899999618530273,14.899999618530273,13400
2023-11-15,14.370278358459473,15.079999923706055,15.100000381469727,14.890000343322754,15.09000015258789,10700
2023-11-16,14.351221084594727,15.0600004196167,15.149999618530273,14.979999542236328,15.149999618530273,20800
2023-11-17,14.313102722167969,15.020000457763672,15.130000114440918,14.989999771118164,15.130000114440918,17500
2023-11-20,14.332160949707031,15.039999961853027,15.069999694824219,14.989999771118164,15.069999694824219,24600
2023-11-21,14.417925834655762,15.130000114440918,15.140000343322754,15.0,15.0,21300
2023-11-22,14.456043243408203,15.170000076293945,15.25,14.970000267028809,15.149999618530273,18100
2023-11-24,14.408395767211914,15.119999885559082,15.180000305175781,15.119999885559082,15.180000305175781,6500
2023-11-27,14.475101470947266,15.1899995803833,15.199999809265137,15.140000343322754,15.149999618530273,17100
2023-11-28,14.51321792602539,15.229999542236328,15.25,15.1899995803833,15.220000267028809,30000
2023-11-29,14.589454650878906,15.3100004196167,15.390000343322754,15.229999542236328,15.229999542236328,30000
2023-11-30,14.522748947143555,15.239999771118164,15.319999694824219,15.239999771118164,15.239999771118164,26400
2023-12-01,14.684746742248535,15.40999984741211,15.470000267028809,15.25,15.25,15300
2023-12-04,14.627571105957031,15.350000381469727,15.399999618530273,15.329999923706055,15.350000381469727,14600
2023-12-05,14.675216674804688,15.399999618530273,15.479999542236328,15.350000381469727,15.350000381469727,20600
2023-12-06,14.780040740966797,15.510000228881836,15.569999694824219,15.430000305175781,15.430000305175781,16200
2023-12-07,14.903923034667969,15.640000343322754,15.640000343322754,15.520000457763672,15.520000457763672,12100
2023-12-08,14.846746444702148,15.579999923706055,15.600000381469727,15.510000228881836,15.569999694824219,9600
2023-12-11,14.789570808410645,15.520000457763672,15.569999694824219,15.510000228881836,15.510000228881836,6300
2023-12-12,14.875334739685059,15.609999656677246,15.640000343322754,15.5600004196167,15.5600004196167,8300
2023-12-13,15.008745193481445,15.75,15.75,15.59000015258789,15.619999885559082,25100
2023-12-14,15.132627487182617,15.880000114440918,15.9399995803833,15.800000190734863,15.800000190734863,12300
2023-12-15,15.399449348449707,16.15999984741211,16.15999984741211,15.869999885559082,16.0,23100
2023-12-18,15.189802169799805,15.9399995803833,16.239999771118164,15.930000305175781,16.049999237060547,14100
2023-12-19,15.246978759765625,16.0,16.079999923706055,15.920000076293945,16.079999923706055,12500
2023-12-20,15.2850980758667,16.040000915527344,16.239999771118164,15.960000038146973,15.970000267028809,24000
2023-12-21,15.371943473815918,15.930000305175781,16.059999465942383,15.880000114440918,15.890000343322754,16000
2023-12-22,15.420191764831543,15.979999542236328,16.049999237060547,15.920000076293945,16.010000228881836,18800
2023-12-26,15.68073558807373,16.25,16.25,16.079999923706055,16.079999923706055,32200
2023-12-27,15.584236145019531,16.149999618530273,16.299999237060547,16.06999969482422,16.299999237060547,15100
2023-12-28,15.574586868286133,16.139999389648438,16.149999618530273,15.90999984741211,16.1299991607666,13200
2023-12-29,15.410543441772461,15.970000267028809,16.139999389648438,15.859999656677246,16.059999465942383,13400
2024-01-02,15.4780912399292,16.040000915527344,16.09000015258789,15.979999542236328,15.979999542236328,3000
2024-01-03,15.439491271972656,16.0,16.079999923706055,15.869999885559082,15.9399995803833,5700
2024-01-04,15.410543441772461,15.970000267028809,16.059999465942383,15.920000076293945,16.059999465942383,10900
2024-01-05,15.420191764831543,15.979999542236328,16.0,15.970000267028809,16.0,16500
2024-01-08,15.429842948913574,15.989999771118164,16.0,15.90999984741211,16.0,6000
2024-01-09,15.391242980957031,15.949999809265137,16.100000381469727,15.529999732971191,15.90999984741211,17400
2024-01-10,15.497389793395996,16.059999465942383,16.1299991607666,15.880000114440918,15.880000114440918,15800
2024-01-11,15.535989761352539,16.100000381469727,16.25,15.930000305175781,16.110000610351562,6800
2024-01-12,15.564936637878418,16.1299991607666,16.229999542236328,16.040000915527344,16.1299991607666,12300
2024-01-16,15.400893211364746,15.960000038146973,16.18000030517578,15.960000038146973,16.170000076293945,7400
2024-01-17,15.439491271972656,16.0,16.200000762939453,15.989999771118164,16.100000381469727,8900
2024-01-18,15.362295150756836,15.920000076293945,15.970000267028809,15.890000343322754,15.899999618530273,9300
2024-01-19,15.217550277709961,15.770000457763672,16.040000915527344,15.720000267028809,15.970000267028809,17700
2024-01-22,15.314044952392578,15.869999885559082,15.949999809265137,15.819999694824219,15.949999809265137,17300
2024-01-23,15.342994689941406,15.899999618530273,16.059999465942383,15.75,15.949999809265137,12300
2024-01-24,15.314044952392578,15.869999885559082,16.170000076293945,15.859999656677246,16.09000015258789,9100
2024-01-25,15.314044952392578,15.869999885559082,16.049999237060547,15.869999885559082,15.979999542236328,3800
2024-01-26,15.285097122192383,15.84000015258789,15.84000015258789,15.789999961853027,15.819999694824219,3000
2024-01-29,15.314044952392578,15.869999885559082,16.0,15.819999694824219,15.819999694824219,5000
2024-01-30,15.371943473815918,15.930000305175781,16.100000381469727,15.920000076293945,15.930000305175781,6600
2024-01-31,15.4684419631958,16.030000686645508,16.1200008392334,15.880000114440918,15.970000267028809,9200
2024-02-01,15.555289268493652,16.1200008392334,16.1299991607666,16.079999923706055,16.100000381469727,7000
2024-02-02,15.4684419631958,16.030000686645508,16.1200008392334,15.970000267028809,16.1200008392334,6100
2024-02-05,15.391242980957031,15.949999809265137,15.949999809265137,15.920000076293945,15.930000305175781,2800
2024-02-06,15.642134666442871,16.209999084472656,16.25,16.049999237060547,16.06999969482422,11700
2024-02-07,15.555289268493652,16.1200008392334,16.200000762939453,15.979999542236328,16.139999389648438,12600
2024-02-08,15.371943473815918,15.930000305175781,16.100000381469727,15.930000305175781,16.100000381469727,10500
2024-02-09,15.352644920349121,15.90999984741211,15.960000038146973,15.880000114440918,15.880000114440918,5100
2024-02-12,15.381592750549316,15.9399995803833,15.979999542236328,15.899999618530273,15.979999542236328,12000
2024-02-13,15.159651756286621,15.710000038146973,15.899999618530273,15.710000038146973,15.899999618530273,8400
2024-02-14,15.188599586486816,15.739999771118164,15.890000343322754,15.729999542236328,15.84000015258789,6200
2024-02-15,15.198249816894531,15.75,15.859999656677246,15.739999771118164,15.84000015258789,8000
2024-02-16,15.236848831176758,15.789999961853027,15.850000381469727,15.720000267028809,15.850000381469727,17500
2024-02-20,15.275446891784668,15.829999923706055,16.030000686645508,15.800000190734863,15.880000114440918,10000
2024-02-21,15.246498107910156,15.800000190734863,16.170000076293945,15.789999961853027,15.949999809265137,9500
2024-02-22,15.178949356079102,15.729999542236328,15.930000305175781,15.720000267028809,15.850000381469727,49500
2024-02-23,15.150001525878906,15.699999809265137,16.010000228881836,15.699999809265137,15.829999923706055,45000
2024-02-26,15.121051788330078,15.670000076293945,15.850000381469727,15.670000076293945,15.680000305175781,662800
2024-02-27,15.130702018737793,15.680000305175781,15.75,15.65999984741211,15.65999984741211,12200
2024-02-28,15.159651756286621,15.710000038146973,15.710000038146973,15.630000114440918,15.65999984741211,6400
2024-02-29,15.150001525878906,15.699999809265137,15.760000228881836,15.609999656677246,15.710000038146973,17700
2024-03-01,15.20789909362793,15.760000228881836,15.779999732971191,15.609999656677246,15.619999885559082,11700
2024-03-04,15.188599586486816,15.739999771118164,15.800000190734863,15.699999809265137,15.729999542236328,8300
2024-03-05,15.217550277709961,15.770000457763672,15.8100004196167,15.760000228881836,15.770000457763672,9200
2024-03-06,15.285097122192383,15.84000015258789,15.859999656677246,15.770000457763672,15.770000457763672,8300
2024-03-07,15.246498107910156,15.800000190734863,15.890000343322754,15.760000228881836,15.890000343322754,5500
2024-03-08,15.32369613647461,15.880000114440918,15.880000114440918,15.800000190734863,15.84000015258789,6400
2024-03-11,15.362295150756836,15.920000076293945,15.970000267028809,15.899999618530273,15.970000267028809,13900
2024-03-12,15.352644920349121,15.90999984741211,15.989999771118164,15.880000114440918,15.930000305175781,13700
2024-03-13,15.4780912399292,16.040000915527344,16.049999237060547,15.880000114440918,15.970000267028809,20900
2024-03-14,15.381592750549316,15.9399995803833,16.149999618530273,15.90999984741211,16.149999618530273,9100
2024-03-15,15.4780912399292,16.040000915527344,16.059999465942383,15.970000267028809,16.059999465942383,13300
2024-03-18,15.507039070129395,16.06999969482422,16.15999984741211,16.049999237060547,16.049999237060547,11600
2024-03-19,15.51668930053711,16.079999923706055,16.15999984741211,16.040000915527344,16.1299991607666,4700
2024-03-20,15.584236145019531,16.149999618530273,16.360000610351562,16.1200008392334,16.1200008392334,15400
2024-03-21,15.622836112976074,16.190000534057617,16.25,16.18000030517578,16.190000534057617,6700
2024-03-22,15.68073558807373,16.25,16.350000381469727,16.239999771118164,16.31999969482422,7200
2024-03-25,15.661434173583984,16.229999542236328,16.299999237060547,16.110000610351562,16.25,10600
2024-03-26,15.748281478881836,16.31999969482422,16.329999923706055,16.18000030517578,16.290000915527344,8500
2024-03-27,15.999173164367676,16.579999923706055,16.760000228881836,16.350000381469727,16.350000381469727,8400
2024-03-28,15.91232681274414,16.489999771118164,16.6200008392334,16.170000076293945,16.6200008392334,8700
2024-04-01,15.999173164367676,16.579999923706055,16.6299991607666,16.440000534057617,16.479999542236328,12000
2024-04-02,15.881963729858398,16.260000228881836,16.350000381469727,16.260000228881836,16.34000015258789,5500
2024-04-03,15.940567970275879,16.31999969482422,16.43000030517578,16.229999542236328,16.229999542236328,9200
2024-04-04,15.911266326904297,16.290000915527344,16.559999465942383,16.110000610351562,16.399999618530273,12700
2024-04-05,15.813591003417969,16.190000534057617,16.290000915527344,16.1299991607666,16.260000228881836,11000
2024-04-08,15.706148147583008,16.079999923706055,16.280000686645508,16.020000457763672,16.200000762939453,13400
2024-04-09,15.823358535766602,16.200000762939453,16.270000457763672,16.030000686645508,16.15999984741211,7100
2024-04-10,15.706148147583008,16.079999923706055,16.18000030517578,15.949999809265137,16.170000076293945,12600
2024-04-11,15.842891693115234,16.219999313354492,16.610000610351562,15.9399995803833,16.059999465942383,31000
2024-04-12,15.647543907165527,16.020000457763672,16.3799991607666,15.800000190734863,16.309999465942383,8800
2024-04-15,15.60847282409668,15.979999542236328,16.09000015258789,15.899999618530273,16.040000915527344,14700
2024-04-16,15.628007888793945,16.0,16.010000228881836,15.9399995803833,15.979999542236328,16700
2024-04-17,15.58893871307373,15.960000038146973,16.1299991607666,15.65999984741211,16.0,9400
2024-04-18,15.696380615234375,16.06999969482422,16.06999969482422,15.989999771118164,16.059999465942383,6900
2024-04-19,15.842891693115234,16.219999313354492,16.219999313354492,16.049999237060547,16.170000076293945,4000
2024-04-22,15.950335502624512,16.329999923706055,16.3700008392334,16.239999771118164,16.3700008392334,15700
2024-04-23,15.940567970275879,16.31999969482422,16.389999389648438,16.100000381469727,16.389999389648438,10100
2024-04-24,15.823358535766602,16.200000762939453,16.329999923706055,16.1200008392334,16.329999923706055,8500
2024-04-25,15.794055938720703,16.170000076293945,16.200000762939453,16.1299991607666,16.139999389648438,3700
2024-04-26,15.764752388000488,16.139999389648438,16.200000762939453,16.110000610351562,16.149999618530273,11700
2024-04-29,15.774519920349121,16.149999618530273,16.229999542236328,16.149999618530273,16.229999542236328,6700
2024-04-30,15.78428840637207,16.15999984741211,16.170000076293945,16.100000381469727,16.170000076293945,9500
2024-05-01,15.813591003417969,16.190000534057617,16.200000762939453,16.170000076293945,16.170000076293945,6000
2024-05-02,15.764752388000488,16.139999389648438,16.190000534057617,16.1299991607666,16.139999389648438,11700
2024-05-03,15.803824424743652,16.18000030517578,16.299999237060547,16.18000030517578,16.260000228881836,4100
2024-05-06,15.862428665161133,16.239999771118164,16.299999237060547,16.219999313354492,16.299999237060547,4400
2024-05-07,15.852660179138184,16.229999542236328,16.329999923706055,16.209999084472656,16.31999969482422,12200
2024-05-08,15.774519920349121,16.149999618530273,16.360000610351562,16.079999923706055,16.25,19000
2024-05-09,15.647543907165527,16.020000457763672,16.149999618530273,15.899999618530273,16.149999618530273,42700
2024-05-10,15.696380615234375,16.06999969482422,16.06999969482422,16.030000686645508,16.030000686645508,5200
2024-05-13,15.72568416595459,16.100000381469727,16.149999618530273,16.06999969482422,16.149999618530273,5500
2024-05-14,15.67684555053711,16.049999237060547,16.350000381469727,16.040000915527344,16.100000381469727,16900
2024-05-15,15.745219230651855,16.1200008392334,16.15999984741211,16.030000686645508,16.15999984741211,69200
2024-05-16,15.696380615234375,16.06999969482422,16.209999084472656,16.030000686645508,16.100000381469727,12000
2024-05-17,15.71591567993164,16.09000015258789,16.09000015258789,16.040000915527344,16.06999969482422,13600
2024-05-20,15.686613082885742,16.059999465942383,16.059999465942383,16.030000686645508,16.030000686645508,8100
2024-05-21,15.686613082885742,16.059999465942383,16.229999542236328,16.040000915527344,16.06999969482422,8000
2024-05-22,15.667078971862793,16.040000915527344,16.059999465942383,15.850000381469727,16.059999465942383,15400
2024-05-23,15.60847282409668,15.979999542236328,16.06999969482422,15.970000267028809,16.06999969482422,11100
2024-05-24,15.559635162353516,15.930000305175781,16.030000686645508,15.930000305175781,16.030000686645508,37800
2024-05-28,15.501029968261719,15.869999885559082,15.9399995803833,15.859999656677246,15.9399995803833,9700
2024-05-29,15.374053001403809,15.739999771118164,15.880000114440918,15.729999542236328,15.880000114440918,8800
2024-05-30,15.452192306518555,15.819999694824219,16.530000686645508,15.739999771118164,15.770000457763672,5900
2024-05-31,15.5205659866333,15.890000343322754,15.890000343322754,15.720000267028809,15.850000381469727,7400
2024-06-03,15.452192306518555,15.819999694824219,15.880000114440918,15.630000114440918,15.869999885559082,16000
2024-06-04,15.501029968261719,15.869999885559082,15.90999984741211,15.800000190734863,15.890000343322754,5600
2024-06-05,15.510798454284668,15.880000114440918,15.890000343322754,15.479999542236328,15.84000015258789,10300
2024-06-06,15.501029968261719,15.869999885559082,15.899999618530273,15.800000190734863,15.869999885559082,11700
2024-06-07,15.530332565307617,15.899999618530273,16.100000381469727,15.6899995803833,15.850000381469727,14100
2024-06-10,15.481496810913086,15.850000381469727,15.979999542236328,15.739999771118164,15.899999618530273,8500
2024-06-11,15.510798454284668,15.880000114440918,16.1299991607666,15.829999923706055,15.880000114440918,5400
2024-06-12,15.72568416595459,16.100000381469727,16.1299991607666,15.869999885559082,16.09000015258789,21500
2024-06-13,15.881963729858398,16.260000228881836,16.260000228881836,16.040000915527344,16.139999389648438,11300
2024-06-14,15.862428665161133,16.239999771118164,16.290000915527344,16.100000381469727,16.229999542236328,9400
2024-06-17,15.842891693115234,16.219999313354492,16.479999542236328,16.200000762939453,16.219999313354492,6800
2024-06-18,15.852660179138184,16.229999542236328,16.56999969482422,15.569999694824219,16.239999771118164,12800
2024-06-20,15.813591003417969,16.190000534057617,16.459999084472656,16.170000076293945,16.260000228881836,7200
2024-06-21,15.842891693115234,16.219999313354492,16.350000381469727,16.100000381469727,16.290000915527344,2700
2024-06-24,15.891731262207031,16.270000457763672,16.34000015258789,15.930000305175781,16.270000457763672,31100
2024-06-25,15.921032905578613,16.299999237060547,16.329999923706055,15.579999923706055,16.270000457763672,6800
2024-06-26,15.833125114440918,16.209999084472656,16.270000457763672,16.15999984741211,16.25,7800
2024-06-27,15.891731262207031,16.270000457763672,16.350000381469727,16.209999084472656,16.209999084472656,2900
2024-06-28,15.940567970275879,16.31999969482422,16.329999923706055,15.84000015258789,16.270000457763672,16500
2024-07-01,15.852660179138184,16.229999542236328,16.34000015258789,16.0,16.309999465942383,9200
2024-07-02,15.872197151184082,16.25,16.290000915527344,16.200000762939453,16.239999771118164,3800
2024-07-03,15.950335502624512,16.329999923706055,16.350000381469727,16.329999923706055,16.329999923706055,1200
2024-07-05,16.077312469482422,16.459999084472656,16.520000457763672,16.200000762939453,16.34000015258789,4600
2024-07-08,15.940567970275879,16.31999969482422,16.56999969482422,16.309999465942383,16.459999084472656,7000
2024-07-09,15.930801391601562,16.309999465942383,16.350000381469727,16.299999237060547,16.31999969482422,9400
2024-07-10,16.019800186157227,16.200000762939453,16.40999984741211,16.190000534057617,16.190000534057617,3100
2024-07-11,16.197795867919922,16.3799991607666,16.3799991607666,16.290000915527344,16.290000915527344,10400
2024-07-12,16.227462768554688,16.40999984741211,16.549999237060547,16.34000015258789,16.34000015258789,10500
2024-07-15,16.217575073242188,16.399999618530273,16.459999084472656,16.350000381469727,16.399999618530273,12100
2024-07-16,16.227462768554688,16.40999984741211,16.549999237060547,16.399999618530273,16.399999618530273,31700
2024-07-17,16.30657386779785,16.489999771118164,16.56999969482422,16.440000534057617,16.440000534057617,2900
2024-07-18,16.247241973876953,16.43000030517578,16.469999313354492,16.399999618530273,16.440000534057617,6800
2024-07-19,16.187910079956055,16.3700008392334,16.479999542236328,16.299999237060547,16.479999542236328,2100
2024-07-22,16.197795867919922,16.3799991607666,16.43000030517578,16.3700008392334,16.43000030517578,1500
2024-07-23,16.227462768554688,16.40999984741211,16.43000030517578,16.399999618530273,16.399999618530273,1400
2024-07-24,16.336240768432617,16.520000457763672,16.68000030517578,16.43000030517578,16.450000762939453,20700
2024-07-25,16.48457145690918,16.670000076293945,17.020000457763672,16.540000915527344,16.540000915527344,19200
2024-07-26,16.55379295349121,16.739999771118164,17.139999389648438,16.639999389648438,16.639999389648438,6500
2024-07-29,16.55379295349121,16.739999771118164,16.899999618530273,16.489999771118164,16.899999618530273,800
2024-07-30,16.48457145690918,16.670000076293945,16.920000076293945,16.510000228881836,16.799999237060547,7400
2024-07-31,16.67245864868164,16.860000610351562,17.25,16.649999618530273,16.690000534057617,5000
2024-08-01,16.48457145690918,16.670000076293945,16.81999969482422,16.65999984741211,16.81999969482422,3100
2024-08-02,16.48457145690918,16.670000076293945,16.989999771118164,16.670000076293945,16.809999465942383,9600
2024-08-05,16.42523956298828,16.610000610351562,16.770000457763672,16.510000228881836,16.770000457763672,3700
2024-08-06,16.326351165771484,16.510000228881836,16.780000686645508,16.510000228881836,16.639999389648438,9100
2024-08-07,16.29668426513672,16.479999542236328,16.709999084472656,16.389999389648438,16.6299991607666,4900
2024-08-08,16.28679656982422,16.469999313354492,16.59000015258789,16.43000030517578,16.520000457763672,10500
2024-08-09,16.36590576171875,16.549999237060547,16.6200008392334,16.540000915527344,16.6200008392334,3700
2024-08-12,16.40546226501465,16.59000015258789,16.65999984741211,16.479999542236328,16.549999237060547,2400
2024-08-13,16.454904556274414,16.639999389648438,16.700000762939453,16.59000015258789,16.59000015258789,5100
2024-08-14,16.474681854248047,16.65999984741211,16.700000762939453,16.610000610351562,16.700000762939453,7700
2024-08-15,16.623014450073242,16.809999465942383,16.84000015258789,16.6299991607666,16.770000457763672,7300
2024-08-16,16.61312484741211,16.799999237060547,16.799999237060547,16.799999237060547,16.799999237060547,700
2024-08-19,16.642791748046875,16.829999923706055,16.8700008392334,16.770000457763672,16.770000457763672,5600
2024-08-20,16.652681350708008,16.84000015258789,17.049999237060547,16.790000915527344,16.860000610351562,7800
2024-08-21,16.73179054260254,16.920000076293945,17.0,16.899999618530273,16.920000076293945,5600
2024-08-22,16.80101203918457,16.989999771118164,17.25,16.8799991607666,17.059999465942383,4900
2024-08-23,16.791122436523438,16.979999542236328,17.06999969482422,16.920000076293945,17.06999969482422,2900
2024-08-26,16.929567337036133,17.1200008392334,17.209999084472656,16.90999984741211,17.139999389648438,9400
2024-08-27,17.018564224243164,17.209999084472656,17.299999237060547,17.139999389648438,17.219999313354492,6200
2024-08-28,17.058120727539062,17.25,17.459999084472656,17.15999984741211,17.459999084472656,3900
2024-08-29,16.810901641845703,17.0,17.280000686645508,16.969999313354492,17.229999542236328,7100
2024-08-30,16.810901641845703,17.0,17.399999618530273,16.969999313354492,17.0,15900
2024-09-03,16.929567337036133,17.1200008392334,17.600000381469727,16.969999313354492,17.149999618530273,5500
2024-09-04,16.8702335357666,17.059999465942383,17.110000610351562,16.969999313354492,17.110000610351562,61700
2024-09-05,16.830678939819336,17.020000457763672,17.100000381469727,16.799999237060547,17.100000381469727,15300
2024-09-06,16.890010833740234,17.079999923706055,17.09000015258789,16.959999084472656,16.959999084472656,6600
2024-09-09,16.8702335357666,17.059999465942383,17.1200008392334,16.969999313354492,17.079999923706055,14300
2024-09-10,16.890010833740234,17.079999923706055,17.079999923706055,16.770000457763672,17.059999465942383,8500
2024-09-11,16.84056854248047,17.030000686645508,17.040000915527344,16.729999542236328,17.020000457763672,7800
2024-09-12,16.85045623779297,17.040000915527344,17.06999969482422,16.959999084472656,16.969999313354492,6500
2024-09-13,17.058120727539062,17.25,17.43000030517578,16.860000610351562,17.079999923706055,19900
2024-09-16,17.058120727539062,17.25,17.420000076293945,17.15999984741211,17.280000686645508,9500
2024-09-17,17.008676528930664,17.200000762939453,17.360000610351562,17.15999984741211,17.360000610351562,9300
2024-09-18,17.16689682006836,17.360000610351562,17.469999313354492,17.209999084472656,17.209999084472656,4200
2024-09-19,17.008676528930664,17.200000762939453,17.350000381469727,17.1200008392334,17.350000381469727,9900
2024-09-20,17.058120727539062,17.25,17.65999984741211,17.15999984741211,17.15999984741211,3200
2024-09-23,16.98889923095703,17.18000030517578,17.68000030517578,17.1200008392334,17.350000381469727,6200
2024-09-24,17.04823112487793,17.239999771118164,17.350000381469727,17.239999771118164,17.280000686645508,2400
2024-09-25,16.998788833618164,17.190000534057617,17.479999542236328,17.190000534057617,17.40999984741211,7500
2024-09-26,17.18667221069336,17.3799991607666,17.549999237060547,17.239999771118164,17.270000457763672,2900
2024-09-27,17.29545021057129,17.489999771118164,17.600000381469727,17.299999237060547,17.600000381469727,3700
2024-09-30,17.453670501708984,17.649999618530273,17.760000228881836,17.209999084472656,17.520000457763672,4500
2024-10-01,17.463560104370117,17.65999984741211,17.700000762939453,17.34000015258789,17.700000762939453,3100
2024-10-02,17.196561813354492,17.389999389648438,17.540000915527344,17.25,17.540000915527344,2600
2024-10-03,17.275672912597656,17.469999313354492,17.540000915527344,17.389999389648438,17.540000915527344,6900
2024-10-04,17.147119522094727,17.34000015258789,17.5,17.0,17.440000534057617,12900
2024-10-07,17.11745262145996,17.309999465942383,17.440000534057617,17.299999237060547,17.34000015258789,90000
2024-10-08,17.068008422851562,17.260000228881836,17.450000762939453,17.229999542236328,17.229999542236328,9500
2024-10-09,17.779998779296875,17.979999542236328,18.600000381469727,17.709999084472656,17.709999084472656,116000
2024-10-10,17.34000015258789,17.34000015258789,17.899999618530273,17.139999389648438,17.8799991607666,272600
2024-10-11,17.739999771118164,17.739999771118164,17.81999969482422,17.149999618530273,17.3799991607666,130300
2024-10-14,17.84000015258789,17.84000015258789,17.899999618530273,17.719999313354492,17.860000610351562,21000
2024-10-15,17.940000534057617,17.940000534057617,18.010000228881836,17.790000915527344,17.84000015258789,70600
2024-10-16,18.0,18.0,18.049999237060547,17.829999923706055,18.0,19100
2024-10-17,17.989999771118164,17.989999771118164,18.06999969482422,17.8700008392334,18.0,82100
2024-10-18,17.90999984741211,17.90999984741211,18.139999389648438,17.8799991607666,18.020000457763672,46000
2024-10-21,17.690000534057617,17.690000534057617,17.90999984741211,17.600000381469727,17.8799991607666,24100
2024-10-22,17.610000610351562,17.610000610351562,17.780000686645508,17.420000076293945,17.700000762939453,38900
2024-10-23,17.559999465942383,17.559999465942383,17.65999984741211,17.3799991607666,17.59000015258789,60100
2024-10-24,17.40999984741211,17.40999984741211,17.6200008392334,17.31999969482422,17.6200008392334,42900
2024-10-25,17.299999237060547,17.299999237060547,17.5,17.25,17.389999389648438,42300
2024-10-28,17.170000076293945,17.170000076293945,17.329999923706055,17.110000610351562,17.299999237060547,41800
2024-10-29,17.290000915527344,17.290000915527344,17.299999237060547,17.1299991607666,17.200000762939453,59800
2024-10-30,17.200000762939453,17.200000762939453,17.350000381469727,17.18000030517578,17.34000015258789,61700
2024-10-31,17.299999237060547,17.299999237060547,17.299999237060547,17.170000076293945,17.170000076293945,10100
2024-11-01,17.299999237060547,17.299999237060547,17.40999984741211,17.170000076293945,17.270000457763672,24200
2024-11-04,17.299999237060547,17.299999237060547,17.399999618530273,17.280000686645508,17.329999923706055,7800
2024-11-05,17.31999969482422,17.31999969482422,17.3799991607666,17.290000915527344,17.3799991607666,3800
2024-11-06,17.079999923706055,17.079999923706055,17.31999969482422,17.079999923706055,17.31999969482422,14500
2024-11-07,17.18000030517578,17.18000030517578,17.190000534057617,17.079999923706055,17.079999923706055,10100
2024-11-08,17.299999237060547,17.299999237060547,17.31999969482422,17.25,17.25,4500
2024-11-11,17.34000015258789,17.34000015258789,17.40999984741211,17.31999969482422,17.40999984741211,10100
2024-11-12,17.290000915527344,17.290000915527344,17.389999389648438,17.25,17.34000015258789,36900
2024-11-13,17.299999237060547,17.299999237060547,17.3799991607666,17.09000015258789,17.3799991607666,83100
2024-11-14,17.299999237060547,17.299999237060547,17.329999923706055,17.190000534057617,17.290000915527344,31500
2024-11-15,17.299999237060547,17.299999237060547,17.3700008392334,17.229999542236328,17.3700008392334,6800
2024-11-18,17.239999771118164,17.239999771118164,17.389999389648438,17.239999771118164,17.239999771118164,10400
2024-11-19,17.329999923706055,17.329999923706055,17.3799991607666,17.040000915527344,17.3700008392334,9600
2024-11-20,17.219999313354492,17.219999313354492,17.360000610351562,17.100000381469727,17.360000610351562,7500
2024-11-21,17.200000762939453,17.200000762939453,17.309999465942383,17.15999984741211,17.309999465942383,3800
2024-11-22,17.219999313354492,17.219999313354492,17.260000228881836,17.15999984741211,17.260000228881836,5900
2024-11-25,17.459999084472656,17.459999084472656,17.479999542236328,17.209999084472656,17.459999084472656,4800
2024-11-26,17.40999984741211,17.40999984741211,17.5,17.399999618530273,17.5,9400
2024-11-27,17.399999618530273,17.399999618530273,17.5,17.290000915527344,17.5,11000
2024-11-29,17.420000076293945,17.420000076293945,17.469999313354492,17.280000686645508,17.40999984741211,7400
